Num_Acc,id_vehicule,num_veh,place,catu,sexe,trajet,secu1,secu2,secu3,locp,actp,etatp,year_acc,victim_age,senc,catv,obs,obsm,choc,manv,motor,occutc,catr,voie,v1,v2,circ,nbv,vosp,prof,pr,pr1,plan,lartpc,larrout,surf,infra,situ,vma,jour,mois,an,hrmn,lum,dep,com,agg_,int,atm,col,adr,lat,long,hour,nb_victim,nb_vehicules
202100004127,194Â 364,B01,1,1,1,1,2,0,-1,-1, -1,-1,2021,24.0,3,1,6,2,1,1,1,,4,PRIMEVERES (R DES),0,,1,2,0,1,0,0,1,, -1,1,0,1,30,8,12,2021,14:15,1,94,94038,2,2,0,3,PRIMEVERES (R DES),48.7774,2.35304,14,2,2
202100046916,117Â 912,B01,1,1,1,1,2,6,-1,-1, -1,-1,2021,26.0,2,1,0,2,2,1,1,,4,AVE DE LABARDE,0,,2,2,1,1,(1),(1),1,, -1,1,0,1,50,23,3,2021,09:14,1,33,33063,2,1,0,3,Avenue de Labarde,44.88523,-0.54991,9,2,2
202100027748,152Â 109,A01,1,1,2,1,2,8,-1,-1, -1,-1,2021,18.0,1,1,8,0,3,1,1,,4,RAY GRASSI (AllÃ©e),0,,2,2,0,1,0,0,1,, -1,1,0,1,30,21,7,2021,20:00,1,13,13208,2,1,0,6,RAY GRASSI (AllÃ©e),43.27089,5.39654,20,1,1
202100028740,150Â 354,B01,1,1,1,5,2,-1,-1,0,0,-1,2021,69.0,1,1,0,2,6,2,5,,3,45,0,,2,2,0,1,(1),(1),1,, -1,1,0,1,80,17,7,2021,09:15,1,18,18025,1,9,0,3,RD 45,47.103002,3.009117,9,2,2
202100032771,143Â 198,B01,1,1,1,5,2,-1,-1,0,0,-1,2021,17.0,2,1,0,2,4,15,1,,7,10,0,A,2,2,0,1,22,300,1,,6,1,0,1,80,22,6,2021,17:40,1,13,13051,1,1,0,2,D10,43.547117,5.160656,17,3,2
202100046955,117Â 846,B01,1,1,1,1,2,6,-1,0,0,-1,2021,61.0,2,1,0,2,2,2,1,,4,QUAI HENRI IV,0,,1,2,0,1,(1),(1),1,, -1,1,0,1,50,23,3,2021,18:15,2,75,75104,2,4,0,2,QUAI HENRI IV,48.8468734163,2.3652607708,18,2,2
202100016355,172Â 399,A01,10,3,2,5,0,-1,-1,2,3,1,2021,62.0,1,1,0,1,2,18,3,,4,AVENUE D ITALIE,0,,2,4,0,2,(1),(1),1,, -1,2,0,1,30,27,9,2021,12:16,1,75,75113,2,1,1,6,AVENUE D ITALIE,48.823529,2.35811,12,2,1
202100023005,160Â 506,B01,1,1,1,5,1,8,-1,0,0,-1,2021,56.0,2,2,0,2,1,13,1,,3,ROUTE DE LUANT,0,,2,2,0,1,45,856,1,, -1,1,0,1,80,18,3,2021,14:18,1,36,36202,1,1,0,1,Route de Luant,46.74577,1.621761,14,2,2
202100041608,127Â 230,A01,2,2,2,3,1,-1,-1,0,0,-1,2021,33.0,2,2,2,0,1,14,1,,2,1,0,R,2,2,0,2,164,0,3,, -1,2,0,3,110,4,5,2021,09:45,1,988,98803,1,1,1,6,RT1 - Col de Trazeignie,-21.58595,165.50665,9,2,1
202100031907,144Â 719,A01,1,1,2,9,2,0,-1,0,0,-1,2021,32.0,3,1,0,2,8,1,5,,4,PLACE DE LA CONCORDE,0,,2,4,0,1,(1),(1),1,, -1,1,0,1,50,28,6,2021,14:47,1,75,75108,2,7,0,3,PLACE DE LA CONCORDE,48.866615,2.321961,14,2,2
202100029543,148Â 986,A01,1,1,2,5,1,0,-1,-1, -1,-1,2021,43.0,1,2,4,2,2,12,1,,1,A50-Sens Marseille vers Aubagne,0,,3,4,0,1,3,0,1,, -1,1,0,1,70,10,7,2021,20:30,2,13,13210,1,1,0,3,A50-Sens Marseille vers Aubagne,43.28593,5.42978,20,3,2
202100019156,167Â 388,B01,1,1,1,1,2,-1,-1,-1, -1,-1,2021,17.0,1,1,0,2,1,0,1,,4,BERTHELOT (RUE),0,,2,2,0,1,0,0,1,, -1,1,0,1,50,10,9,2021,07:30,2,76,76351,2,2,0,3,BERTHELOT (RUE),49.49765,0.13616,7,2,2
202100037520,134Â 598,B01,1,1,2,0,1,-1,-1,0,0,-1,2021,30.0,1,2,0,2,1,1,1,,2,10,-1,,2,2,0,1,134,500,1,,7,1,0,1,80,31,5,2021,12:00,1,201,201041,1,3,0,3,Finocchio,41.407064,9.171492,12,2,2
202100004587,193Â 576,A01,1,1,2,5,1,-1,-1,0,0,-1,2021,39.0,2,2,2,0,3,13,1,,4,,-1,,2,1,0,1,(1),(1),3,,3,1,0,3,80,6,12,2021,01:00,3,4,4068,1,1,0,6,Rte St Martin les Eaux,43.891916,5.762635,1,1,1
202100044423,122Â 279,B01,1,1,1,4,1,-1,-1,0,0,-1,2021,26.0,2,2,0,2,3,1,1,,3,125,-1,D,2,2,0,1,27,80,1,, -1,1,0,1,50,12,4,2021,17:00,1,60,60012,2,1,0,3,Rue de Noailles,49.265193,2.16068,17,6,2
202100017969,169Â 505,A01,1,1,2,1,1,8,-1,-1, -1,-1,2021,24.0,1,2,6,0,7,2,1,,1,A86,0,,3,6,0,1,75,300,3,, -1,1,1,1,50,20,9,2021,08:30,1,92,92063,1,1,0,6,A86,48.8854052429,2.1653848886,8,1,1
202100001064,199Â 861,A01,1,1,1,4,1,0,-1,0,0,-1,2021,57.0,1,2,0,2,5,1,2,,4,QUAI D ORSAY,0,,3,2,0,1,(1),(1),1,, -1,2,5,1,50,28,12,2021,01:15,5,75,75107,2,2,1,3,QUAI D ORSAY,48.862415,2.301944,1,4,2
202100026523,154Â 289,A01,1,1,1,5,1,-1,-1,0,0,-1,2021,58.0,1,2,4,2,1,14,1,,1,6,0,,3,6,0,1,400,860,1,, -1,1,2,1,130,30,7,2021,07:15,2,71,71481,1,1,0,4,A6 Pk 400.860 sens Paris/Lyon,46.20198,4.779856,7,4,3
202100025135,156Â 728,B01,1,1,1,0,2,0,-1,-1, -1,-1,2021,32.0,1,1,0,2,3,2,1,,4,LIEUTENANT PIERRE MURARD (RUE),0,,2,2,0,1,(1),(1),1,, -1,1,0,1,50,7,8,2021,18:25,1,10,10387,2,1,0,1,LIEUTENANT PIERRE MURARD (RUE),48.30493,4.05329,18,2,2
202100030338,147Â 535,B01,1,1,1,5,2,8,-1,-1, -1,-1,2021,58.0,1,1,8,0,0,21,1,,4,Rue des Caves,0,,2,2,0,1,(1),(1),1,, -1,9,0,1,30,2,7,2021,11:00,1,89,89354,2,3,0,6,17 Rue des Caves,48.21249,3.26074,11,2,2
202100044175,122Â 711,A01,1,1,2,1,8,0,-1,-1, -1,-1,2021,21.0,3,2,0,2,1,19,1,,4,SEPTIEME (AVENUE),0,,2,2,0,1,1,0,1,, -1,1,9,1,50,12,4,2021,23:15,5,93,93073,2,5,0,3,SEPTIEME (AVENUE),48.9628727515,2.5665791423,23,2,2
202100020504,164Â 984,B01,1,1,2,9,8,0,-1,-1, -1,-1,2021,22.0,1,1,0,2,1,1,3,,4,,0,,2,2,1,1,(1),(1),1,, -1,1,0,1,50,6,9,2021,07:00,2,66,66136,2,1,0,3,ABBE PIERRE,42.6907826186,2.8747966996,7,2,2
202100026531,154Â 272,B01,1,1,1,5,2,6,-1,0,0,-1,2021,27.0,1,1,0,2,1,1,1,,3,151,0,,2,2,0,1,4,960,1,, -1,1,0,1,50,30,7,2021,15:30,1,51,51662,2,3,0,3,Avenue de Rethel,49.2947019938,4.1264552147,15,2,2
202100013999,176Â 681,A01,1,1,1,0,1,8,-1,-1, -1,-1,2021,24.0,1,2,0,2,1,5,1,,7,D66  VOIE RAPIDE,0,,1,2,0,1,6,684,1,, -1,1,0,1,90,10,10,2021,07:15,3,34,34198,1,1,0,1,D66  VOIE RAPIDE,43.57689,3.9485,7,6,2
202100053052,106Â 894,B01,1,1,1,0,8,0,-1,0,0,-1,2021,38.0,3,1,0,2,1,25,3,,4,,0,,1,-1,2,1,(1),(1),1,, -1,2,-1,1,30,30,1,2021,17:32,5,54,54395,2,2,1,1,HENNER (RUE),48.67932,6.17426,17,2,2
202100040340,129Â 497,A01,1,1,2,9,1,0,-1,-1, -1,-1,2021,30.0,1,2,0,2,5,16,1,,7,DE GAULLE (AVENUE CHARLES),0,,1,2,0,1,3,77,2,, -1,1,0,1,50,10,5,2021,17:05,1,45,45235,2,1,0,3,Avenue Charles de Gaulle,47.95224,1.8425,17,2,2
202100012791,178Â 858,A01,5,2,2,0,1,0,-1,-1, -1,-1,2021,10.0,1,2,0,0,9,26,1,,1,AUTOROUTE A6,0,,1,3,0,1,33,299,1,, -1,1,0,1,110,16,10,2021,19:30,3,91,91179,1,1,0,7,AUTOROUTE A6,48.56709,2.47275,19,3,1
202100042281,126Â 049,A01,1,1,2,9,1,0,-1,-1, -1,-1,2021,60.0,0,2,0,2,0,0,1,,4,,-1,,2,-1,-1,1,(1),(1),1,, -1,-1,0,-1,-1,27,4,2021,15:32,1,974,97422,1,1,0,3,DE VILLIERS 5CHEMIN ADAM),-21.2744386814,55.5010474774,15,2,2
202100051902,108Â 930,B01,1,1,1,0,8,0,-1,-1, -1,-1,2021,20.0,0,1,0,0,0,0,5,,4,QUAI DE MALAKOFF,0,,1,1,0,1,(1),(1),1,, -1,1,0,1,30,10,2,2021,14:40,1,44,44109,2,6,0,3,QUAI DE MALAKOFF,47.2135267119,-1.5395961618,14,2,2
202100037332,134Â 939,A01,2,2,2,4,1,-1,-1,0,0,-1,2021,37.0,2,2,0,2,5,23,1,,3,,-1,,2,2,0,2,(1),(1),1,,4,1,0,1,50,29,5,2021,16:27,1,74,74152,2,1,0,3,Rte des Gorges,45.901833,6.034407,16,4,2
202100012497,179Â 368,A01,1,1,1,0,2,0,-1,-1, -1,-1,2021,28.0,0,1,0,2,1,26,1,,4,COMMANDANT RAYNAL (RUE),0,,1,1,0,1,1,0,1,, -1,1,0,1,50,18,10,2021,13:55,1,93,93049,2,2,0,3,COMMANDANT RAYNAL (RUE),48.857046,2.501449,13,2,2
202100022541,161Â 337,A01,1,1,1,1,2,6,-1,0,0,-1,2021,57.0,3,1,0,2,6,11,1,,4,,-1,,1,2,0,1,(1),(1),2,, -1,1,0,1,50,21,8,2021,18:55,1,6,6085,2,6,0,3,Avenue Saint Martin,43.608069,6.984569,18,2,2
202100004911,193Â 009,B01,2,2,2,5,8,0,-1,0,0,-1,2021,14.0,2,1,0,4,3,19,3,,4,BOULEVARD D INDOCHINE,0,,2,4,0,2,(1),(1),1,, -1,2,0,6,50,3,12,2021,20:50,5,75,75119,2,7,1,1,BOULEVARD D INDOCHINE,48.886275,2.396332,20,3,2
202100028321,151Â 072,A01,1,1,1,1,2,0,-1,0,0,-1,2021,22.0,1,1,0,2,2,1,1,,4,RUE DE DUNKERQUE,0,,1,2,0,1,(1),(1),1,, -1,1,0,1,30,18,7,2021,20:40,1,75,75110,2,2,0,3,RUE DE DUNKERQUE,48.88024,2.353651,20,2,2
202100012667,179Â 074,A01,1,1,1,5,2,6,0,0,0,-1,2021,17.0,2,1,0,2,4,2,1,,4,CHEVREFEUILLES (CHEMIN DES),0,,2,2,0,2,(1),(1),3,, -1,1,0,1,50,17,10,2021,02:00,5,6,6069,2,1,0,2,CHEVREFEUILLES (CHEMIN DES),43.640659,6.917758,2,2,2
202100055289,102Â 993,A01,1,1,1,4,1,-1,-1,-1, -1,-1,2021,30.0,2,2,0,2,7,1,1,,3,LIBERATION (RUE DE LA ),0,,2,2,0,1,87,808,1,, -1,2,0,1,70,11,1,2021,19:20,5,76,76296,1,1,1,1,Rue de la LibÃ©ration,49.5179562255,0.2561685629,19,2,2
202100017303,170Â 722,A01,4,2,1,5,8,-1,-1,0,0,-1,2021,24.0,1,2,15,0,1,14,1,,3,D23,0,,2,2,0,1,8,752,3,, -1,1,2,4,50,26,9,2021,08:25,1,66,66217,2,1,0,6,8 Avenue du Stade,42.613354,2.810818,8,3,1
202100003692,195Â 154,A01,10,3,2,0,0,-1,-1,3,3,1,2021,20.0,3,5,0,1,1,15,1,,3,JUIN (BOULEVARD MARECHAL),0,,3,4,0,1,1,0,1,, -1,1,0,8,50,9,12,2021,13:28,1,14,14118,2,3,0,6,JEAN BAPTISTE COLBERT (RUE),49.21027,-0.367541,13,2,1
202100049812,112Â 711,A01,1,1,1,5,1,-1,-1,0,0,-1,2021,57.0,3,2,0,0,9,1,1,,4,,0,,2,2,0,1,(1),(1),1,, -1,1,0,3,80,28,2,2021,17:20,1,21,21122,1,1,0,7,route communale,47.556821,4.539006,17,1,1
202100045373,120Â 627,A01,1,1,2,9,2,6,-1,-1, -1,-1,2021,26.0,2,1,12,0,8,21,1,,3,BAYONNE (AVENUE DE),0,,3,4,3,1,9,410,1,, -1,1,0,1,50,1,4,2021,15:45,1,64,64024,2,9,0,7,BAYONNE (AVENUE DE),43.48115,-1.51121,15,1,1
202100042321,125Â 975,B01,1,1,2,5,2,6,-1,-1, -1,-1,2021,18.0,3,1,0,2,1,1,1,,3,ENCORE (BOULEVAR D'),0,,2,2,0,1,0,961,1,, -1,2,0,1,50,27,4,2021,16:35,1,31,31483,2,6,1,3,ENCORE (BOULEVAR D'),43.1157,0.73755,16,2,2
202100037405,134Â 802,B01,1,1,1,5,8,0,-1,-1, -1,-1,2021,23.0,1,1,0,2,2,1,5,,4,ANATOLE FRANCE                      (BD),0,,1,1,0,1,(1),(1),1,, -1,1,0,1,30,30,5,2021,15:49,1,69,69386,2,2,0,1,ANATOLE FRANCE                      (BD),45.77075,4.85693,15,2,2
202100023280,160Â 004,A01,10,3,2,0,0,-1,-1,3,3,1,2021,78.0,0,2,0,1,1,26,1,,7,BOULEVARD MENDES FRANCE,0,,2,2,0,2,(1),(1),1,, -1,1,0,1,30,20,8,2021,13:45,1,44,44114,2,1,0,6,BOULEVARD MENDES FRANCE,47.2609,-1.5881,13,2,1
202100051504,109Â 635,B01,1,1,1,1,2,6,-1,-1, -1,-1,2021,43.0,2,1,0,2,1,1,1,,3,BEAUSEJOUR JAMBETTE (ROUTE DE ),0,,2,2,0,1,1,50,3,, -1,1,0,1,30,14,2,2021,04:45,2,972,97209,1,1,0,1,BEAUSEJOUR JAMBETTE (ROUTE DE ),14.6361,-61.04004,4,2,2
202100049178,113Â 848,A01,2,2,2,5,2,-1,-1,0,0,-1,2021,52.0,1,1,0,0,0,1,1,,3,1504,-1,,2,2,0,2,52,800,1,, -1,1,0,1,80,3,3,2021,13:30,1,1,1454,1,1,0,7,D 1504,45.73027,5.70817,13,2,1
202100024039,158Â 676,A01,1,1,1,5,0,-1,-1,0,0,-1,2021,21.0,2,1,0,0,0,1,0,,3,6,-1,,2,2,0,2,6,350,1,, -1,1,0,1,80,15,8,2021,11:15,1,54,54411,1,1,0,7,D6,48.483462,6.186966,11,1,1
202100047709,116Â 467,B01,1,1,1,0,2,8,-1,-1, -1,-1,2021,24.0,3,1,0,2,3,1,5,,4,IRENE JOLIOT CURIE                  (BD),0,,1,1,2,1,(1),(1),3,, -1,1,-1,5,50,8,3,2021,18:45,5,69,69259,2,9,0,3,IRENE JOLIOT CURIE                  (BD),45.71709,4.87748,18,2,2
202100053221,106Â 604,A01,1,1,2,1,1,-1,-1,0,0,-1,2021,35.0,1,2,0,2,1,15,1,,3,9,0,,2,3,0,1,1,0,1,, -1,2,0,1,70,29,1,2021,12:55,1,14,14137,1,3,1,1,D9,49.1871,-0.4257,12,2,2
202100048211,115Â 582,A01,1,1,1,0,1,0,-1,-1, -1,-1,2021,33.0,1,2,0,2,1,2,0,,2,118,0,,1,0,0,1,3,180,1,, -1,2,0,1,90,13,3,2021,14:25,1,91,91064,1,1,1,2,RN 118,48.74913,2.21239,14,3,2
202100014652,175Â 522,B01,1,1,2,1,2,0,-1,-1, -1,-1,2021,36.0,1,0,0,2,1,0,3,,3,ARISTIDE BRIAND (BOULEVARD),0,,2,2,1,1,1,0,1,, -1,1,5,1,50,7,10,2021,17:50,1,93,93048,2,2,0,3,Boulevard Aristide Briand / Rue de la Demi-Lune,48.876274183,2.4561309814,17,2,2
202100039472,131Â 051,A01,10,3,1,5,0,-1,-1,2,4,1,2021,8.0,1,2,0,1,2,1,3,,4,RUE BERTHOLLET,0,,1,1,0,1,(1),(1),1,, -1,1,0,1,30,18,5,2021,12:42,1,75,75105,2,1,0,6,RUE BERTHOLLET,48.839806,2.345917,12,2,1
202100027521,152Â 531,A01,1,1,1,1,2,6,-1,-1, -1,-1,2021,55.0,1,1,0,2,1,15,1,,3,BITCHE (ROUTE DE),0,,1,1,0,1,0,0,2,, -1,1,0,1,50,21,7,2021,16:20,1,67,67180,1,6,0,3,BITCHE (ROUTE DE),48.82581,7.76365,16,2,2
202100015509,173Â 980,A01,1,1,1,5,1,-1,-1,-1, -1,-1,2021,90.0,2,2,0,2,8,9,2,,7,KENNEDY (AVENUE J.)NÂ°PAIRS 2A2560,0,,2,2,0,1,0,80,1,, -1,1,0,1,50,29,9,2021,11:05,1,83,83129,2,3,0,5,KENNEDY (AVENUE J.)NÂ°PAIRS 2A2560,43.107984,5.814983,11,5,3
202100042233,126Â 134,Y01,1,1,1,1,8,0,-1,-1, -1,-1,2021,23.0,3,1,0,2,1,1,5,,3,CIRCULAIRE (BOULEVARD),0,,1,2,1,1,0,0,1,, -1,1,0,5,50,28,4,2021,07:15,1,92,92026,2,1,0,3,CIRCULAIRE (BOULEVARD),48.89089,2.24767,7,2,2
202100053163,106Â 708,B01,1,1,1,0,2,8,-1,-1, -1,-1,2021,24.0,2,1,0,2,3,0,1,,2,REDOUTE (ROUTE DE LA),0,,2,2,0,1,3,600,1,, -1,1,0,1,50,29,1,2021,14:05,1,972,97209,2,1,0,3,REDOUTE (ROUTE DE LA),14.63235,-61.05411,14,2,2
202100027622,152Â 350,A01,1,1,1,5,1,-1,-1,0,0,-1,2021,42.0,2,2,0,2,1,17,1,,3,470,-1,,2,2,0,1,39,750,1,, -1,1,0,1,90,23,7,2021,16:25,1,39,39106,1,1,0,5,,46.478209,5.724648,16,5,3
202100025648,155Â 839,A01,1,1,1,5,1,-1,-1,0,0,-1,2021,24.0,2,2,0,2,3,1,1,,3,150,-1,,2,2,0,1,4,700,1,, -1,1,0,1,80,30,6,2021,10:24,1,47,47181,1,1,0,1,RD 150,44.542006,0.820756,10,3,2
202100028731,150Â 370,A01,1,1,1,5,2,6,9,0,0,-1,2021,18.0,1,1,0,2,3,13,1,,3,751,0,,2,2,0,2,42,700,3,, -1,1,0,1,80,16,7,2021,16:50,1,49,49223,1,1,0,3,D751,47.391232,-0.558565,16,2,2
202100055730,102Â 248,B01,1,1,1,5,2,6,-1,0,0,-1,2021,17.0,3,1,0,2,7,1,1,,4,,-1,,2,2,0,1,(1),(1),1,, -1,1,0,1,50,8,1,2021,17:00,2,14,14258,2,2,0,3, rue du 9Ã¨me Arrondissement de Paris,48.89619,-0.19887,17,2,2
202100001182,199Â 661,A01,10,3,2,5,0,-1,-1,3,3,2,2021,13.0,1,2,0,1,2,26,1,,4,BLUM  (AVENUE LEON),0,,2,2,1,1,(1),(1),1,, -1,2,0,1,50,27,12,2021,17:30,5,59,59017,2,1,1,6,BLUM  (AVENUE LEON),50.698958,2.888338,17,3,1
202100022646,161Â 140,A01,1,1,1,5,8,0,-1,-1, -1,-1,2021,46.0,2,2,0,2,4,16,1,,4,LYON (RUE DE),0,,2,2,0,1,0,0,1,, -1,1,0,1,50,24,8,2021,16:45,1,13,13215,2,1,0,2,LYON (RUE DE),43.332766513,5.3643395033,16,2,2
202100041003,128Â 325,B01,1,1,1,5,0,-1,-1,0,0,-1,2021,21.0,2,1,0,2,3,1,1,,4,,-1,,2,2,0,1,(1),(1),2,, -1,1,0,1,50,8,5,2021,15:05,1,60,60262,2,1,0,1,7 Rue des Marronniers,49.601543,2.608324,15,2,2
202100042174,126Â 237,A01,10,3,2,2,0,-1,-1,9,3,2,2021,9.0,3,2,0,1,1,1,1,,4,GALVANI (RUE),0,,2,1,0,1,(1),(1),1,, -1,1,0,1,50,28,4,2021,13:45,1,59,59512,2,1,0,6,GALVANI (RUE),50.69612,3.186,13,2,1
202100014998,174Â 894,B01,2,2,1,2,2,0,-1,-1, -1,-1,2021,16.0,2,1,0,2,3,1,1,,4,FERRY (AVENUE JULES),0,,2,2,3,1,0,1,1,, -1,1,0,1,50,4,10,2021,15:10,1,74,74012,2,1,0,3,FERRY (AVENUE JULES),46.19298,6.23741,15,5,2
202100009584,184Â 577,B01,1,1,2,0,8,-1,-1,-1, -1,-1,2021,48.0,1,1,0,2,7,19,3,,4,CANUTS (DES)                            ,0,,2,3,1,1,(1),(1),1,, -1,1,0,1,50,3,11,2021,17:25,2,69,69256,2,2,0,1,CANUTS (DES) (AV) ,45.76271,4.92926,17,2,2
202100033278,142Â 288,A01,1,1,1,9,1,-1,-1,0,0,-1,2021,21.0,1,2,2,0,3,1,1,,3,538,-1,,3,2,0,1,42,420,2,, -1,1,0,3,80,20,6,2021,07:15,2,26,26004,1,1,0,6,Route de Chabeuil,44.969026,5.024389,7,3,1
202100048041,115Â 870,A01,1,1,1,9,2,6,-1,0,0,-1,2021,26.0,1,1,1,0,7,21,1,,4,AVENUE DE SEGUR,0,,2,4,0,1,(1),(1),1,, -1,2,0,1,50,13,3,2021,21:40,5,75,75107,2,3,1,6,AVENUE DE SEGUR,48.848522,2.306789,21,1,1
202100048403,115Â 238,A01,1,1,1,4,2,8,-1,-1, -1,-1,2021,20.0,1,1,0,2,1,13,3,,4,GAMBETTA (RUE LEON),0,,2,2,0,1,(1),(1),1,, -1,2,0,1,30,10,3,2021,19:20,5,56,56121,2,1,1,1,GAMBETTA (RUE LEON),47.74542,-3.36759,19,2,2
202100031084,146Â 182,A01,1,1,1,9,1,0,-1,-1, -1,-1,2021,26.0,1,2,1,0,1,26,1,,4,BRUYERES RUE DES,0,,2,2,0,1,1,0,1,, -1,1,0,1,50,27,6,2021,22:40,5,49,49015,2,1,0,6,BRUYERES RUE DES,47.49648,-0.58514,22,1,1
202100032879,142Â 994,B01,2,2,1,9,1,0,-1,-1, -1,-1,2021,21.0,3,2,0,2,4,23,1,,4,AUBERDIERE (RUE DE L'),0,,1,1,0,1,(1),(1),3,, -1,2,0,1,50,22,6,2021,22:00,5,37,37261,2,1,1,2,AUBERDIERE (RUE DE L'),47.3633443328,0.6956172365,22,3,2
202100046383,118Â 861,B01,1,1,2,4,8,0,-1,0,0,-1,2021,51.0,1,1,0,2,1,1,5,,4,RUE D ARTOIS,0,,1,1,0,1,(1),(1),1,, -1,1,0,1,50,26,3,2021,09:20,1,75,75108,2,4,0,3,RUE D ARTOIS,48.872660056,2.3081980147,9,2,2
202100035664,137Â 961,B01,1,1,1,4,2,6,-1,-1, -1,-1,2021,59.0,2,1,0,2,2,17,1,,4,BOEUF (CHEMIN) (2),0,,2,2,0,2,561,0,1,, -1,2,0,1,50,7,6,2021,07:45,1,974,97416,1,1,1,3,BOEUF (CHEMIN) (2),-21.2976,55.4554,7,2,2
202100025981,155Â 239,B01,1,1,1,0,1,0,-1,-1, -1,-1,2021,21.0,1,2,0,2,4,1,1,,2,PERIPHERIQUE,0,,3,4,0,1,7,350,1,, -1,1,0,1,90,31,7,2021,23:00,3,44,44172,1,1,0,2,PERIPHERIQUE,47.23512,-1.47798,23,3,2
202100008193,187Â 076,A01,1,1,1,1,1,5,-1,0,0,-1,2021,23.0,2,2,15,0,2,1,1,,3,194,0,D,2,2,0,1,1,0,2,, -1,1,0,8,80,15,11,2021,13:20,1,16,16277,1,1,0,7,RD 194 - la flaudrie,45.739316,-0.26644,13,1,1
202100017289,170Â 748,B01,9,2,2,5,1,3,-1,0,0,-1,2021,1.0,2,2,0,2,4,2,1,,1,7,0,,2,3,0,1,239,0,1,, -1,1,0,1,130,23,9,2021,10:20,1,13,13051,1,1,0,4,A7,43.590345,5.18706,10,6,3
202100021397,163Â 401,B01,1,1,1,1,1,-1,-1,-1,0,-1,2021,33.0,1,2,0,2,4,2,1,,2,RN 104,0,,3,4,0,1,2,900,1,, -1,1,0,1,110,2,9,2021,17:50,1,95,95151,1,1,0,2,RN 104,49.06254,2.27598,17,2,2
202100036396,136Â 644,B01,1,1,1,1,6,-1,-1,-1, -1,-1,2021,38.0,2,1,0,2,6,1,1,,4,LIXENBUHL (RUE),0,,2,2,3,1,0,0,1,, -1,1,5,1,50,4,6,2021,08:00,1,67,67218,2,3,0,1,LIXENBUHL (RUE),48.52954,7.72704,8,2,2
202100009118,185Â 411,B01,1,1,1,9,8,0,-1,0,0,-1,2021,24.0,1,1,0,2,1,1,5,,4,PLACE CHARLES DE GAULLE,0,,1,5,0,1,(1),(1),2,, -1,1,0,1,50,6,11,2021,01:50,5,75,75116,2,7,0,3,PLACE CHARLES DE GAULLE,48.873294,2.295539,1,2,2
202100023265,160Â 030,A01,2,2,1,5,2,8,-1,-1, -1,-1,2021,13.0,1,1,8,0,2,17,1,,7,BRUMATH (ROUTE DE),0,,2,2,0,1,(1),(1),1,, -1,1,0,1,50,18,8,2021,23:35,5,67,67204,2,1,0,6,BRUMATH (ROUTE DE),48.622266,7.730697,23,2,1
202100046476,118Â 711,A01,1,1,1,9,1,-1,-1,-1, -1,-1,2021,32.0,2,2,3,0,1,13,1,,1,ROCADE A 630,0,,3,6,0,1,6,139,1,, -1,1,0,1,90,27,3,2021,05:40,2,33,33063,1,1,0,5,ROCADE A 630,44.887036,-0.570967,5,3,3
202100050264,111Â 875,B01,1,1,2,9,1,-1,-1,0,0,-1,2021,33.0,3,2,0,2,8,1,1,,3,104,-1,,2,2,0,2,1,700,2,, -1,1,0,1,80,24,2,2021,21:15,3,7,7181,1,1,0,3,"Route de PRIVAS, DÃ©partemantale 104",44.759046,4.744474,21,2,2
202100018506,168Â 554,B01,1,1,1,1,2,-1,-1,0,0,-1,2021,23.0,2,1,0,2,3,1,1,,3,643,0,D,2,2,0,4,(1),(1),1,, -1,1,0,1,50,17,9,2021,18:15,1,59,59136,2,2,1,1,Faubourg de Cambrai,50.106316,3.535817,18,2,2
202100015939,173Â 174,B01,1,1,1,1,2,4,-1,-1, -1,-1,2021,45.0,3,1,0,9,1,2,3,,4,ALSACE LORRAINE (AVENUE ),0,,2,3,0,1,(1),(1),1,, -1,1,0,1,50,30,9,2021,07:10,2,1,1053,2,2,0,3,ALSACE LORRAINE (AVENUE ),46.20195,5.22085,7,2,2
202100001666,198Â 828,A01,2,2,2,0,8,-1,-1,0,0,-1,2021,31.0,2,2,13,0,1,1,1,,3,61,0,D,3,4,0,1,11,165,1,, -1,1,5,1,90,25,12,2021,19:00,3,34,34151,1,6,0,7,D 61 - Route de la mer,43.5963972543,4.105410722,19,2,1
202100044988,121Â 314,B01,1,1,1,0,2,0,-1,-1, -1,-1,2021,16.0,2,1,0,2,3,0,1,,3,GUESDES (RUE JULES),0,,1,1,3,1,1,0,1,, -1,1,0,1,50,6,4,2021,15:15,1,93,93010,2,9,0,3,GUESDES (RUE JULES),48.9035663327,2.4775895526,15,3,2
202100052697,107Â 534,A01,10,3,1,5,0,-1,-1,1,9,1,2021,22.0,2,2,0,1,0,1,2,,3,CHEMIN DE PRESLES (AV DU),0,,2,2,0,2,0,0,1,, -1,2,0,1,50,3,2,2021,02:40,5,94,94069,2,1,1,7,CHEMIN DE PRESLES (AV DU),48.81609,2.46177,2,2,1
202100029898,148Â 359,A01,1,1,2,0,2,-1,-1,0,0,-1,2021,33.0,1,1,12,0,1,1,6,,4,,0,,2,2,0,1,4,3,1,, -1,1,0,4,50,9,7,2021,00:00,5,987,98715,2,1,0,6,PK 4.3 RT1 devant la gendarmerie,-17.584522,-149.568578,0,1,1