Num_Acc,id_vehicule,num_veh,place,catu,sexe,trajet,secu1,secu2,secu3,locp,actp,etatp,year_acc,victim_age,senc,catv,obs,obsm,choc,manv,motor,occutc,catr,voie,v1,v2,circ,nbv,vosp,prof,pr,pr1,plan,lartpc,larrout,surf,infra,situ,vma,jour,mois,an,hrmn,lum,dep,com,agg_,int,atm,col,adr,lat,long,hour,nb_victim,nb_vehicules
202100017141,170Â 998,B01,1,1,1,0,8,6,-1,-1, -1,-1,2021,29.0,1,1,0,0,0,0,1,,4,,0,,2,1,0,1,0,0,1,, -1,1,0,1,50,25,9,2021,20:00,5,92,92051,2,2,0,3,BOIS DE BOULOGNE (RUE DU),48.8813467516,2.2545951605,20,2,2
202100009234,185Â 205,A01,10,3,2,5,0,-1,-1,3,3,1,2021,65.0,2,2,0,1,1,15,1,,4,MARECHAL LECLERC DU,0,,-1,3,0,1,0,0,1,, -1,2,0,1,50,4,11,2021,14:45,1,64,64445,2,1,1,6,MARECHAL LECLERC DU,43.30569,-0.33701,14,2,1
202100037018,135Â 533,A01,10,3,1,5,0,-1,-1,9,5,3,2021,6.0,1,5,6,1,7,1,1,,6,AZEMIA (BOULEVARD GEORGES),0,,-1,-1,0,1,(1),(1),1,, -1,1,0,1,30,14,5,2021,19:00,1,27,27681,2,1,0,6,AZEMIA (BOULEVARD GEORGES),49.07951,1.48752,19,2,1
202100049538,113Â 210,B01,1,1,1,9,2,6,-1,-1, -1,-1,2021,63.0,1,1,0,2,1,17,0,,3,SONIA DELAUNAY (VOI),0,,2,2,1,1,1,0,1,, -1,1,0,1,50,2,3,2021,12:10,1,94,94017,2,1,0,2,SONIA DE LAUNAY (VOI),48.8122,2.53401,12,2,2
202100040918,128Â 483,A01,4,2,1,2,1,0,-1,-1, -1,-1,2021,5.0,1,2,0,2,1,2,1,,4,CHURCHILL (BOULEVARD WINSTON),0,,3,4,0,1,(1),(1),1,, -1,1,0,1,50,7,5,2021,08:30,1,37,37261,2,1,0,2,CHURCHILL (BOULEVARD WINSTON),47.3736177659,0.6791225287,8,4,2
202100053746,105Â 668,A01,10,3,2,5,0,-1,-1,5,2,1,2021,77.0,1,5,0,1,5,4,3,,4,RUE DES SOLITAIRES,0,,1,1,0,2,(1),(1),1,, -1,1,0,1,30,25,1,2021,16:38,1,75,75119,2,1,0,6,RUE DES SOLITAIRES,48.876743,2.390878,16,2,1
202100025395,156Â 264,A01,1,1,2,1,1,0,-1,-1, -1,-1,2021,46.0,2,2,0,2,4,2,1,,7,4,0,,3,3,0,1,3,200,1,, -1,2,0,1,90,3,8,2021,17:10,1,67,67471,1,1,0,2,M35,48.6307,7.7239,17,2,2
202100034314,140Â 399,B01,1,1,1,1,2,6,-1,-1, -1,-1,2021,51.0,2,1,0,2,4,2,1,,4,GARE DE CHAMPIGNY (PL DE LA),0,,1,2,0,1,1,0,1,, -1,1,0,1,30,14,6,2021,20:00,1,94,94068,2,1,0,2,Place de la Gare de Champigny,48.80698,2.51087,20,2,2
202100031106,146Â 139,A01,2,2,1,5,1,0,-1,-1, -1,-1,2021,22.0,1,2,0,2,1,1,1,,4,DE GAULLE (AVENUE DU GENERAL),0,,2,2,0,1,(1),(1),1,, -1,1,0,1,50,30,6,2021,17:20,1,37,37261,2,3,0,2,DE GAULLE (AVENUE DU GENERAL),47.3812454798,0.7019555569,17,3,2
202100049228,113Â 760,A01,10,3,2,2,0,-1,-1,3,3,1,2021,13.0,2,2,0,1,2,1,1,,4,PERRIGNY (RUE DE),0,,2,2,0,1,(1),(1),1,,"5,8",1,0,1,50,4,2,2021,15:15,1,89,89024,2,1,0,6,PERRIGNY (RUE DE),47.81419,3.55919,15,2,1
202100034116,140Â 779,A01,2,2,1,5,2,0,-1,-1, -1,-1,2021,22.0,2,1,0,2,1,17,1,,3,VICTOIRE (AV DE LA),0,,2,2,0,2,0,1,1,, -1,1,9,1,50,16,6,2021,18:40,1,94,94054,2,9,0,2,Avenue de la Victoire,48.74542,2.40253,18,3,2
202100028140,151Â 405,B01,2,2,1,4,1,0,-1,0,0,-1,2021,13.0,3,2,0,2,1,19,1,,3,EVREUX (ROUTE D'),0,,2,4,0,2,10,100,2,, -1,1,0,1,50,19,7,2021,10:45,1,27,27681,1,3,0,3,EVREUX (ROUTE D'),49.07675,1.464,10,4,2
202100015455,174Â 081,A01,1,1,1,9,1,8,-1,-1, -1,-1,2021,28.0,2,2,4,0,1,1,1,,1,AUTOROUTE A86,0,,3,6,0,1,18,500,2,, -1,2,0,1,90,2,10,2021,19:20,3,93,93027,1,1,1,7,AUTOROUTE A86,48.92847,2.41659,19,1,1
202100020075,165Â 743,B01,1,1,1,1,2,0,-1,-1, -1,-1,2021,33.0,1,1,0,2,1,1,1,,3,DESSAUX (RUE ANDRE DESSAUX),0,,2,2,0,1,(1),(1),1,, -1,1,5,1,50,8,9,2021,18:00,1,45,45147,2,2,0,1,Rue AndrÃ© Dessaux,47.9273,1.89841,18,2,2
202100049834,112Â 668,A01,1,1,2,0,2,6,-1,0,0,-1,2021,14.0,1,1,0,2,1,1,1,,3,927,-1,,2,2,0,1,4,290,1,, -1,1,0,1,50,1,3,2021,17:00,1,60,60395,2,3,0,3,Rue Aristide Briand,49.2253963622,2.1315443418,17,2,2
202100031805,144Â 911,A01,1,1,1,0,2,0,-1,-1, -1,-1,2021,48.0,1,1,0,0,0,2,1,,1,AUTOROUTE A6B,0,,3,3,0,1,7,719,1,, -1,2,0,1,110,29,6,2021,08:43,1,94,94034,1,1,1,7,AUTOROUTE A6B,48.75131,2.32954,8,1,1
202100038020,133Â 701,A01,1,1,1,5,2,6,-1,0,0,-1,2021,30.0,1,1,5,0,8,13,1,,3,LOUIS LE GUENNEC,0,,3,4,0,1,2,500,3,, -1,1,0,1,70,27,5,2021,21:15,1,29,29232,1,1,0,7,D34 - Boulevard Louis le Guennec,47.9801,-4.10729,21,1,1
202100004044,194Â 516,A01,1,1,1,5,8,0,-1,-1, -1,-1,2021,43.0,1,1,0,0,0,26,5,,4,LETANDUERE,0,,2,2,0,1,1,0,1,, -1,2,0,1,50,8,12,2021,09:31,1,49,49007,2,1,0,7,LETANDUERE,47.45475,-0.55348,9,1,1
202100026656,154Â 058,B01,1,1,1,0,8,0,-1,-1, -1,-1,2021,56.0,0,1,0,2,1,1,5,,4,FEUILLETIERE (MONTEE),0,,2,2,0,2,(1),(1),1,, -1,1,0,1,50,17,6,2021,06:00,5,42,42330,2,1,0,1,Montee de la Feuilletiere,45.46903,4.36344,6,2,2
202100028031,151Â 609,A01,1,1,1,1,2,6,-1,0,0,-1,2021,15.0,2,1,0,0,7,1,1,,3,233,0,R,2,2,0,1,0,500,4,, -1,1,0,1,80,20,7,2021,17:40,1,7,7314,1,1,0,7,D233,44.88019,4.601871,17,1,1
202100008968,185Â 687,B01,1,1,1,5,8,0,-1,0,0,-1,2021,10.0,3,1,0,2,8,10,3,,4,ROUTE DOM PERIGNON,0,,2,1,0,1,(1),(1),1,, -1,1,0,1,30,7,11,2021,16:50,2,75,75112,2,1,0,3,ROUTE DOM PERIGNON,48.828123,2.409682,16,2,2
202100005847,191Â 339,H01,1,1,1,0,1,0,-1,-1, -1,-1,2021,34.0,2,2,0,2,0,0,1,,1,AUTOROUTE A6,0,,2,6,0,2,18,850,1,, -1,2,0,1,110,27,11,2021,16:05,1,91,91434,1,1,1,5,AUTOROUTE A6,48.66834,2.35449,16,11,10
202100012405,179Â 532,A01,10,3,2,9,0,-1,-1,4,3,1,2021,15.0,0,2,0,1,1,15,1,,4,PARIS (RUE DE),0,,2,1,0,1,(1),(1),1,, -1,1,0,1,50,14,10,2021,19:50,5,80,80021,2,1,0,6,PARIS (RUE DE),49.88155,2.28512,19,2,1
202100046557,118Â 550,A01,1,1,2,1,1,0,-1,-1, -1,-1,2021,29.0,2,2,0,9,1,9,1,,2,N118,0,,3,4,0,1,6,300,1,, -1,1,0,1,90,25,3,2021,21:30,3,78,78640,1,1,0,6,N118,48.77608,2.22252,21,1,1
202100040780,128Â 720,B01,1,1,2,0,8,0,-1,-1, -1,-1,2021,54.0,2,1,1,0,1,1,5,,3,106,0,,2,2,2,1,0,0,1,, -1,1,0,1,12,7,5,2021,16:50,1,92,92025,2,1,0,3,HENRI BARBUSSE (AV),48.9210188057,2.2526156902,16,3,2
202100001870,198Â 451,A01,1,1,1,4,2,0,-1,-1, -1,-1,2021,21.0,1,1,0,2,1,26,3,,4,LETANDUERE,0,,2,2,0,1,1,0,1,, -1,1,0,6,50,21,12,2021,13:52,1,49,49007,2,5,0,3,LETANDUERE,47.45692,-0.55421,13,2,2
202100012799,178Â 840,A01,1,1,1,0,8,0,-1,-1, -1,-1,2021,24.0,2,2,0,2,2,12,1,,1,A86 EXT,0,,1,5,0,1,47,200,1,, -1,1,0,1,90,17,10,2021,08:20,2,94,94073,1,1,0,2,A86 EXT,48.7536989552,2.3792266846,8,2,2
202100002590,197Â 154,A01,1,1,1,4,2,8,-1,0,0,-1,2021,18.0,1,1,0,4,1,1,1,,4,BOURDES (DE),0,,2,2,0,1,(1),(1),1,, -1,1,4,1,30,16,12,2021,19:35,5,81,81004,2,8,0,3,BOURDES (DE),43.92085,2.11562,19,2,2
202100044110,122Â 829,B01,1,1,1,1,1,0,-1,-1, -1,-1,2021,29.0,3,0,0,2,2,1,3,,4,MOULIN (RUE JEAN),0,,2,1,0,2,0,0,1,, -1,1,0,1,50,13,4,2021,10:10,1,974,97411,1,1,0,1,MOULIN (RUE JEAN),-20.91649,55.50614,10,2,2
202100049437,113Â 394,A01,1,1,1,3,0,-1,-1,0,0,-1,2021,85.0,1,1,0,2,8,16,5,,3,901E2,-1,,2,2,0,1,(1),(1),1,, -1,1,5,1,90,4,3,2021,09:00,1,19,19274,1,3,0,3,Aux Breuils,45.168563,1.46484,9,2,2
202100046336,118Â 947,A01,3,2,1,5,1,0,-1,-1,0,-1,2021,21.0,1,5,12,0,1,14,1,,3,ROND POINT DU PARISIS,0,,1,2,0,1,1,200,2,, -1,2,0,1,50,27,3,2021,00:35,5,95,95582,2,6,1,6,RD 14,48.96732,2.273355,0,5,1
202100007874,187Â 666,A01,10,3,1,1,0,-1,-1,2,3,1,2021,60.0,3,2,0,1,3,26,1,,4,JEAN JACQUES ROUSSEAU (AVENUE),0,,1,0,0,1,0,0,1,, -1,1,0,1,50,16,11,2021,18:50,5,93,93005,2,1,0,6,JEAN JACQUES ROUSSEAU (AVENUE),48.9272194517,2.4993840065,18,2,1
202100014500,175Â 790,A01,10,3,1,9,0,-1,-1,1,B,1,2021,51.0,1,2,0,1,3,1,1,,3,129,-1,,2,2,0,1,32,800,1,, -1,1,0,1,80,9,10,2021,19:45,2,17,17256,1,1,0,6,D129,45.857925,-0.462751,19,3,1
202100031322,145Â 753,A01,1,1,1,5,1,8,-1,-1, -1,-1,2021,42.0,2,5,3,0,1,1,1,,4,8 MAI 1945 (AV DU),0,,2,2,0,2,1,0,2,, -1,1,0,4,50,2,7,2021,13:20,1,94,94004,2,1,0,6,8 MAI 1945 (AV DU),48.75838,2.50364,13,1,1
202100011392,181Â 358,B01,1,1,1,0,8,0,-1,-1, -1,-1,2021,51.0,2,1,0,2,1,1,5,,4,SCHWEITZER   RUE DU DOCTEUR ALB,0,,1,1,0,1,(1),(1),3,, -1,1,9,1,30,23,10,2021,11:40,1,17,17300,2,3,0,3,SCHWEITZER   RUE DU DOCTEUR ALB,46.15851,-1.14559,11,2,2
202100053704,105Â 738,A01,10,3,2,5,0,-1,-1,3,5,1,2021,14.0,1,2,0,1,2,1,0,,3,125,0,,2,2,0,1,5,600,1,, -1,2,0,1,50,24,1,2021,13:30,1,95,95585,2,1,1,6,REFUZNICKS (ROUTE DES),48.98302,2.38872,13,2,1
202100035583,138Â 113,B01,1,1,1,0,2,0,-1,-1, -1,-1,2021,34.0,1,0,0,2,1,1,3,,4,,0,,2,2,0,1,1,0,1,, -1,1,0,1,50,9,6,2021,19:19,1,92,92007,2,1,0,3,VERDUN (RUE DE) NÂ° PAIRS,48.8019985683,2.3170611262,19,3,2
202100054161,104Â 935,B01,1,1,2,3,1,5,-1,0,0,-1,2021,73.0,2,2,0,2,3,1,1,,3,906,0,D,2,2,0,2,15,0,1,, -1,1,0,1,80,22,1,2021,16:50,1,30,30203,1,1,0,1,D'906,44.254146,4.045058,16,2,2
202100037725,134Â 233,B01,1,1,1,5,2,6,-1,-1, -1,-1,2021,26.0,2,1,0,2,1,3,1,,1,A4,0,,3,6,0,1,17,600,1,, -1,1,0,1,110,29,5,2021,19:00,1,77,77337,1,1,0,6,A4,48.830276399,2.612456049,19,2,2
202100008177,187Â 106,A01,9,2,2,5,0,-1,-1,0,0,-1,2021,25.0,1,2,14,0,1,1,1,,4,,-1,,2,1,0,2,(1),(1),1,,4,2,0,1,50,14,11,2021,19:45,5,63,63210,2,6,1,6,place de la fontaine,45.922076,3.3286,19,4,1
202100010255,183Â 372,A01,2,2,2,0,1,0,-1,-1, -1,-1,2021,1.0,2,2,0,0,1,1,1,,1,AUTOROUTE A86,0,,3,6,0,1,18,200,2,, -1,2,0,1,90,30,10,2021,09:00,1,93,93027,1,1,1,7,AUTOROUTE A86,48.9284,2.41689,9,5,1
202100038029,133Â 686,A01,10,3,1,0,8,8,-1,2,3,1,2021,18.0,3,2,14,1,2,1,1,,4,LYON (RUE DE),0,,2,2,0,1,(1),(1),1,, -1,1,0,1,50,27,5,2021,09:40,1,13,13215,2,1,0,6,LYON (RUE DE),43.33027,5.36506,9,2,1
202100004515,193Â 704,A01,2,2,1,0,8,0,-1,-1, -1,-1,2021,20.0,1,2,7,0,9,6,1,,3,,0,,3,2,0,2,3,780,2,, -1,2,5,1,70,4,12,2021,06:40,3,78,78609,1,4,1,7,CD 28,49.02876,1.92803,6,2,1
202100055572,102Â 519,A01,1,1,1,5,2,-1,-1,0,0,-1,2021,17.0,3,1,0,2,1,1,1,,4,,-1,,2,2,0,1,(1),(1),1,, -1,1,0,1,50,12,1,2021,18:53,5,31,31588,2,1,0,1,Vieux Chemin de Muret,43.518674,1.34362,18,2,2
202100002239,197Â 781,B01,1,1,1,5,2,8,-1,-1, -1,-1,2021,17.0,3,1,0,2,0,0,1,,4,BRETAGNE (ROND-POINT DE),0,,1,1,0,2,(1),(1),1,, -1,1,5,1,30,18,12,2021,15:25,1,56,56121,2,6,0,3,BRETAGNE (ROND-POINT DE),47.76005,-3.36585,15,3,2
202100039429,131Â 122,A01,1,1,2,0,1,0,-1,-1, -1,-1,2021,26.0,1,2,13,0,2,26,1,,3,MONTAGNY (RUE DE),0,,2,2,0,2,1,470,2,, -1,1,0,3,80,24,4,2021,00:10,3,73,73065,1,1,0,7,D211 Rue de Montagny,45.5985791293,5.9252235023,0,3,1
202100041453,127Â 511,A01,1,1,1,4,8,-1,-1,0,0,-1,2021,55.0,1,4,16,0,0,1,1,,3,989,-1,,2,2,0,1,22,600,1,, -1,2,0,3,90,5,5,2021,05:55,3,3,3132,1,1,1,7,D989,46.382472,3.572305,5,1,1
202100023348,159Â 879,B01,1,1,1,5,2,-1,-1,0,0,-1,2021,49.0,0,1,0,0,7,1,5,,4,,0,,-1,1,0,1,(1),(1),1,,3,1,5,1,50,20,8,2021,11:50,1,44,44182,2,6,0,3,Avenue du Commandant l Herminier,47.179409,-2.153878,11,2,2
202100044983,121Â 324,Y01,1,1,1,1,0,-1,-1,0,0,-1,2021,23.0,2,1,0,2,7,19,5,,4,GARENNE,0,,2,2,0,1,0,1,1,, -1,1,5,1,50,6,4,2021,09:20,1,93,93066,2,2,0,1,GARENNE,48.9426917239,2.3847031247,9,2,2
202100042557,125Â 558,B01,1,1,1,0,0,-1,-1,0,0,-1,2021,69.0,3,1,0,2,0,9,5,,3,224,0,D,2,2,0,2,1,400,1,, -1,1,0,1,80,26,4,2021,15:00,1,49,49301,1,1,0,6,Le Petit Quarteron (tilliÃ¨res),47.156491,-1.16387,15,2,2
202100042209,126Â 176,A01,10,3,1,5,0,-1,-1,4,3,1,2021,46.0,2,1,0,1,8,1,1,,4,BOULEVARD BARBES,0,,2,4,3,1,(1),(1),1,, -1,1,0,1,50,28,4,2021,20:55,1,75,75118,2,2,0,6,BOULEVARD BARBES,48.886555,2.349556,20,2,1
202100021443,163Â 316,BA01,1,1,1,0,2,0,-1,0,0,-1,2021,35.0,2,1,0,1,1,26,5,,7,LILLE (RUE DE)LATERALE A DRONCKAERT,0,,-1,2,0,2,(1),(1),1,, -1,1,0,1,50,31,8,2021,13:40,1,59,59508,2,1,0,6,LILLE (RUE DE)LATERALE A DRONCKAERT,50.723051,3.110904,13,2,1
202100018988,167Â 692,A01,1,1,2,9,2,0,-1,0,0,-1,2021,18.0,1,1,0,2,2,2,3,,4,RUE JOUFFROY D ABBANS,0,,2,2,0,1,(1),(1),1,, -1,2,0,1,30,14,9,2021,09:40,1,75,75117,2,1,1,2,RUE JOUFFROY D ABBANS,48.8823,2.302026,9,2,2
202100055498,102Â 648,A01,10,3,1,5,0,-1,-1,2,3,1,2021,33.0,1,2,0,1,3,1,1,,4,ENCLOS REY (RUE),0,,2,1,0,1,0,0,1,, -1,1,0,8,50,10,1,2021,19:10,5,30,30189,2,3,0,6,GAMBETTA (BD),43.84021,4.36272,19,3,1
202100036129,137Â 104,A01,1,1,1,1,1,-1,-1,0,0,-1,2021,62.0,2,2,13,0,2,1,1,,1,75,-1,,3,4,0,3,65,636,1,, -1,2,0,3,110,7,6,2021,08:20,1,15,15119,1,1,1,6,a75,45.273003,3.213678,8,1,1
202100018789,168Â 057,A01,1,1,1,4,1,0,-1,0,0,-1,2021,28.0,2,2,0,2,1,1,1,,4,PUGETS MOYENNE CORNICHE DES,0,,2,2,0,2,(1),(1),3,, -1,2,0,1,50,15,9,2021,11:45,1,6,6123,2,1,1,1,PUGETS MOYENNE CORNICHE DES,43.686931,7.180161,11,2,2
202100005770,191Â 479,B01,1,1,1,0,2,8,-1,0,0,-1,2021,22.0,1,1,0,2,0,0,1,,4,,0,,2,2,0,1,(1),(1),1,, -1,1,0,1,50,29,11,2021,01:07,5,6,6069,2,4,0,3,CANNES (ROUTE DE)  -RD 6085-,43.63948,6.94944,1,2,2
202100022355,161Â 689,B01,4,2,2,5,1,9,-1,0,0,-1,2021,3.0,2,2,0,2,1,13,1,,3,740,0,D,2,2,0,2,31,335,4,0, -1,1,0,1,70,28,8,2021,02:15,3,16,16242,1,1,0,1,Lieu-dit Chez Rouffaud,45.985002,0.353832,2,5,2
202100022732,160Â 967,A01,10,3,2,5,0,-1,-1,2,1,1,2021,55.0,0,3,0,1,2,1,3,,4,PARIS (BOULEVARD DE),0,,-1,3,0,1,0,0,1,, -1,1,-1,1,30,24,8,2021,16:20,1,13,13203,2,2,0,3,PARIS (BOULEVARD DE),43.311058887,5.3695652381,16,2,1
202100041286,127Â 810,B01,1,1,1,0,8,0,-1,-1, -1,-1,2021,22.0,2,1,0,2,8,0,5,,4,JUVENAL (PONT),0,,2,2,0,1,(1),(1),1,, -1,1,0,1,50,3,5,2021,20:14,1,34,34172,2,2,0,3,JUVENAL (PONT),43.60589,3.89409,20,2,2
202100048662,114Â 771,A01,1,1,2,3,1,0,-1,-1, -1,-1,2021,66.0,0,2,0,2,1,2,1,,3,CONSTANCE (BOULEVARD DE ),0,,3,4,0,1,22,670,1,, -1,1,0,1,50,9,3,2021,08:30,1,77,77186,1,1,0,2,CONSTANCE (BOULEVARD DE ),48.39768,2.69154,8,2,2
202100016029,173Â 008,A01,1,1,1,5,8,-1,-1,0,0,-1,2021,27.0,1,2,17,0,3,13,1,,3,536,0,D,2,2,0,2,9,60,3,, -1,1,0,3,80,30,9,2021,21:22,3,61,61182,1,1,0,6,Villeneuve,48.468924,-0.093781,21,1,1
202100026579,154Â 194,B01,1,1,1,5,2,-1,-1,0,0,-1,2021,17.0,0,1,0,2,3,1,5,,3,53,0,C,2,2,0,1,11,711,3,, -1,1,0,1,50,30,7,2021,10:45,1,6,6091,2,1,0,3,3250 D53,43.778251,7.398078,10,2,2
202100034274,140Â 477,A01,1,1,1,4,2,8,-1,-1, -1,-1,2021,43.0,3,1,0,2,2,17,0,,4,VALERY (BOULEVARD PAUL,0,,2,2,0,2,(1),(1),2,, -1,1,0,1,50,15,6,2021,09:05,1,34,34172,2,1,0,3,VALERY (BOULEVARD PAUL),43.584861725,3.8631568104,9,2,2
202100027435,152Â 682,A01,1,1,1,0,2,-1,-1,0,0,-1,2021,25.0,1,1,0,0,0,0,1,,2,7,-1,,2,2,0,1,58,850,1,, -1,1,0,1,90,22,7,2021,23:15,3,26,26124,1,1,0,7,6830 Route Nationale 7,44.817129,4.858832,23,1,1
202100055519,102Â 607,A01,10,3,2,5,0,-1,-1,5,9,1,2021,70.0,3,2,9,1,1,14,1,,4,BOULEVARD D ALGERIE,0,,2,4,0,1,(1),(1),1,, -1,2,0,4,50,11,1,2021,17:40,5,75,75119,2,1,0,6,BOULEVARD D ALGERIE,48.882256,2.400405,17,2,1
202100054584,104Â 211,Z01,10,3,1,0,0,-1,-1,4,3,1,2021,21.0,1,2,0,1,1,1,1,,4,,0,,3,4,0,1,(1),(1),1,, -1,1,0,1,50,13,1,2021,18:24,5,54,54547,2,1,0,6,EUROPE (BOULEVARD DE L'),48.6601145212,6.1763709784,18,2,1
202100053396,106Â 279,A01,1,1,1,1,1,-1,-1,0,0,-1,2021,35.0,3,2,0,0,4,23,1,,4,,-1,,2,2,0,2,(1),(1),3,, -1,1,0,1,50,27,1,2021,17:00,2,84,84065,2,1,0,2,Avenue de la Gare,43.747281,5.30826,17,2,2
202100033239,142Â 354,B01,1,1,1,5,2,6,-1,0,0,-1,2021,16.0,2,1,0,2,1,19,1,,3,119,-1,,2,2,0,1,4,430,1,, -1,1,0,1,50,20,6,2021,12:30,1,44,44071,2,6,0,3,rue des Ã©pinettes,47.199963,-1.441269,12,2,2
202100041340,127Â 714,A01,1,1,1,1,2,0,-1,-1, -1,-1,2021,34.0,1,1,0,2,2,16,3,,4,,0,,2,2,0,1,1,0,2,, -1,1,0,1,50,5,5,2021,21:10,5,92,92007,2,6,0,3,MOULIN-BLANCHARD (RUE DU),48.794573,2.298226,21,2,2
202100037482,134Â 671,A01,1,1,1,5,2,6,9,0,0,-1,2021,32.0,1,1,12,0,4,1,1,,3,56,-1,,2,2,0,2,46,493,1,,4,1,0,1,50,30,5,2021,15:15,1,71,71267,2,3,0,2,Route de Tournus - lieu-dit Fissy,46.492964,4.826185,15,2,2
202100036724,136Â 068,A01,1,1,1,1,2,-1,-1,0,0,-1,2021,59.0,1,1,2,6,1,15,1,,3,534,-1,,2,2,0,2,8,800,2,, -1,1,0,8,80,31,5,2021,17:30,1,7,7217,1,1,0,6,RD534,45.066179,4.755289,17,1,1
202100042683,125Â 336,A01,1,1,1,0,2,8,-1,-1, -1,-1,2021,19.0,3,1,0,0,0,9,1,,4,FINSTERWALDE (RUE DE),0,,2,2,0,1,(1),(1),3,, -1,1,0,4,50,23,4,2021,18:20,1,60,60414,2,9,0,7,Rue de Finsterwalde,49.25314,2.45443,18,1,1
202100023077,160Â 368,B01,1,1,2,5,1,4,-1,-1, -1,-1,2021,35.0,3,2,0,2,4,2,1,,4,HUIT MAI 1945   AVENUE DU,0,,1,2,0,1,0,203,2,, -1,1,1,1,50,2,8,2021,19:35,1,17,17200,1,1,0,4,HUIT MAI 1945   AVENUE DU,46.1802,-1.15216,19,3,3
202100052450,107Â 959,A01,1,1,1,5,2,6,-1,-1, -1,-1,2021,38.0,2,1,0,0,7,23,1,,4,PIERRE BROSSOLETTE (RUE),0,,2,4,0,1,(1),(1),1,, -1,1,0,1,50,4,2,2021,13:51,1,10,10387,2,2,0,7,PIERRE BROSSOLETTE (RUE),48.2902,4.0761,13,1,1
202100039272,131Â 403,B01,1,1,1,1,0,-1,-1,-1, -1,-1,2021,23.0,3,1,0,2,1,1,3,,4,GEORGE SAND                          (R ,0,,1,1,1,1,(1),(1),1,, -1,1,0,5,30,19,5,2021,17:15,1,69,69266,2,3,0,3,GEORGE SAND (R),45.75557,4.89013,17,2,2
202100021675,162Â 888,A01,2,2,2,0,1,-1,-1,0,0,-1,2021,69.0,3,2,0,2,3,26,1,,4,,0,,2,2,0,1,(1),(1),1,,4,1,0,1,70,31,8,2021,18:00,1,38,38160,1,3,0,1,Route du Viannais,45.500647,4.972311,18,3,2
202100013752,177Â 128,A01,1,1,1,3,0,-1,-1,0,0,-1,2021,74.0,0,1,0,0,1,0,5,,9,canal,-1,,2,2,0,1,15,495,1,, -1,2,9,8,-1,5,10,2021,17:00,3,54,54205,1,1,1,7,Canal de la Marne au Rhin Ouest,48.676519,5.802239,17,1,1
202100046181,119Â 221,B01,1,1,1,1,2,-1,-1,0,0,-1,2021,18.0,2,1,0,2,1,1,1,,3,,0,,2,2,0,1,20,901,1,, -1,1,0,1,50,30,3,2021,08:20,1,85,85295,2,3,0,1,Rue de l'Asson,46.982818,-1.233905,8,2,2
202100004653,193Â 454,A01,1,1,1,5,8,-1,-1,0,0,-1,2021,22.0,2,2,0,0,1,1,0,,3,22,0,D,2,2,0,1,34,575,3,, -1,1,0,3,-1,11,9,2021,16:40,1,74,74001,1,1,0,7,D22,46.2852191,6.738063,16,1,1
202100053379,106Â 309,A01,1,1,1,0,2,-1,-1,0,0,-1,2021,31.0,1,1,3,0,9,1,1,,3,1082,-1,,2,2,0,2,17,50,1,, -1,2,0,1,80,28,1,2021,21:45,3,42,42011,1,1,0,6,Route de la Moisonniere,45.836424,4.168239,21,1,1
202100032155,144Â 274,B01,2,2,1,9,2,8,-1,-1, -1,-1,2021,29.0,1,1,0,2,2,1,1,,4,104,0,,2,2,0,1,0,0,1,, -1,1,9,1,50,26,6,2021,14:10,1,92,92062,2,3,0,3,WALLACE (BD RICHARD) DU 17 AU 91 ET DU 3,48.8798150666,2.2399798036,14,3,2
202100055099,103Â 326,A01,10,3,2,3,0,-1,-1,3,3,-1,2021,85.0,2,2,0,1,6,26,3,,3,144,-1,,2,2,0,1,5,10,1,, -1,1,0,1,50,15,1,2021,10:10,1,30,30279,2,1,0,6,11 Route de Cavillargues,44.106099,4.458582,10,2,1
202100006165,190Â 793,B01,4,2,2,5,0,-1,-1,0,0,-1,2021,56.0,1,2,1,2,4,24,2,,1,A13,-1,,3,3,3,2,162,0,2,, -1,2,0,6,130,27,11,2021,12:45,1,27,27662,1,1,1,6,A13,49.3476760289,0.4274657483,12,9,2
202100054934,103Â 619,B01,1,1,2,1,1,0,-1,-1, -1,-1,2021,28.0,2,2,0,2,3,1,1,,4,R DE CHAMPIGNY ,0,,2,2,0,1,1,0,1,, -1,1,0,1,50,15,1,2021,08:05,5,94,94071,2,1,0,4,CHAMPIGNY (R DE),48.77448,2.51092,8,4,3
202100016976,171Â 276,B01,1,1,1,5,2,0,-1,-1, -1,-1,2021,38.0,1,1,2,2,1,11,1,,4,GENERAL DE GAULLE(Avenue),0,,2,2,0,1,0,0,1,, -1,1,0,1,30,21,9,2021,17:15,1,13,13056,2,1,0,3,GENERAL DE GAULLE(Avenue),43.39927,5.06569,17,2,2
202100036384,136Â 668,B01,1,1,2,0,1,0,-1,-1, -1,-1,2021,48.0,3,2,0,2,4,1,3,,4,PIERRE SEMARD (avenue),0,,2,2,3,1,0,9,1,, -1,1,0,1,30,13,4,2021,19:00,2,84,84007,2,1,0,2,PIERRE SEMARD (avenue),43.93933,4.82137,19,2,2
202100001188,199Â 649,B01,1,1,1,1,2,6,-1,-1, -1,-1,2021,57.0,2,1,0,2,1,1,1,,4,Berthonneau (rue Jules),0,,2,2,0,1,(1),(1),1,, -1,1,0,1,50,20,12,2021,08:00,5,41,41018,2,1,0,3,Berthonneau (rue Jules),47.607307,1.302525,8,2,2