Num_Acc,id_vehicule,num_veh,place,catu,sexe,trajet,secu1,secu2,secu3,locp,actp,etatp,year_acc,victim_age,senc,catv,obs,obsm,choc,manv,motor,occutc,catr,voie,v1,v2,circ,nbv,vosp,prof,pr,pr1,plan,lartpc,larrout,surf,infra,situ,vma,jour,mois,an,hrmn,lum,dep,com,agg_,int,atm,col,adr,lat,long,hour,nb_victim,nb_vehicules
202100008669,186Â 245,B01,1,1,1,1,1,0,-1,-1, -1,-1,2021,42.0,1,2,0,2,4,2,1,,1,A104,0,,3,4,0,1,12,300,1,, -1,1,0,1,90,10,11,2021,08:40,2,77,77294,1,1,0,6,A104,48.9619319028,2.6161029937,8,3,3
202100018487,168Â 587,B01,1,1,1,5,2,-1,-1,0,0,-1,2021,50.0,0,1,0,2,8,13,1,,4,,0,,2,2,0,2,(1),(1),3,,5,1,0,1,70,25,7,2021,14:00,1,971,97118,1,1,0,1,Chemin de la Madeleine,16.2193,-61.628945,14,2,2
202100039506,130Â 988,B01,2,2,1,5,1,-1,-1,0,0,-1,2021,68.0,1,2,0,2,8,1,1,,2,5,-1,,2,2,0,1,102,690,4,, -1,2,0,1,70,18,5,2021,13:46,1,39,39368,1,1,1,5,,46.513499,6.027783,13,4,3
202100016555,172Â 039,A01,10,3,1,5,0,-1,-1,4,3,3,2021,9.0,1,2,0,1,3,1,1,,3,JAURES (AVENUE JEAN),0,,3,3,1,1,0,1,1,, -1,1,0,1,50,27,9,2021,17:30,1,93,93027,2,1,0,6,Avenue Jean JaurÃ¨s,48.92438,2.40173,17,2,1
202100026806,153Â 809,B01,1,1,1,0,2,0,-1,0,0,-1,2021,28.0,1,1,0,2,1,1,1,,4,LIBERATION (AVENUE DE LA),0,,2,2,0,1,(1),(1),1,, -1,1,0,1,50,26,7,2021,17:43,1,63,63113,2,3,0,3,LIBERATION (AVENUE DE LA),45.75852,3.08111,17,2,2
202100044237,122Â 593,A01,1,1,1,0,2,6,-1,-1, -1,-1,2021,17.0,1,1,0,0,9,1,1,,3,DELISLES (ROUTE HUBERT) CD3,0,,2,2,0,2,(1),(1),1,, -1,2,0,1,70,12,4,2021,14:10,1,974,97416,1,1,1,7,DELISLES (ROUTE HUBERT) CD3,-21.3162382198,55.5464749525,14,1,1
202100051577,109Â 503,B01,4,2,1,5,1,8,-1,-1, -1,-1,2021,19.0,0,2,0,2,8,1,1,,4,BARBUSSE (RUE HENRI),0,,2,2,0,2,(1),(1),1,, -1,1,0,1,30,13,2,2021,15:20,1,59,59508,2,2,0,3,BARBUSSE (RUE HENRI),50.74751,3.12462,15,5,2
202100012965,178Â 562,A01,2,2,1,1,1,-1,-1,0,0,-1,2021,53.0,2,5,0,2,1,2,1,,1,A41S,0,,3,4,0,1,16,0,1,, -1,1,0,1,130,15,10,2021,21:00,3,38,38214,1,1,0,2,PK016.000 - A41S,45.303282,5.926137,21,3,2
202100027642,152Â 308,B01,1,1,1,0,8,-1,-1,0,0,-1,2021,44.0,2,1,0,2,1,1,1,,4,,-1,,2,2,0,1,(1),(1),1,,4,1,0,1,50,21,7,2021,11:20,1,69,69244,2,2,0,3,FINAT DUCLOS (CHM),45.758259,4.751772,11,2,2
202100019686,166Â 458,B01,2,2,2,0,2,6,-1,-1, -1,-1,2021,37.0,2,1,0,2,1,1,1,,3,RD 1250 (CAMICAS-OUSTALET),0,,1,2,1,1,47,150,2,, -1,1,5,1,50,10,9,2021,12:45,1,33,33529,1,6,0,2,RD 1250 (CAMICAS-OUSTALET),44.64677,-1.15843,12,3,2
202100001472,199Â 155,A01,10,3,2,0,0,-1,-1,4,3,1,2021,21.0,1,2,0,1,1,1,1,,4,DAGUERRE,0,,2,2,0,1,(1),(1),1,, -1,1,0,1,50,2,12,2021,13:35,1,42,42218,2,9,0,6,Boulevard Daguerre,45.42321,4.39056,13,2,1
202100041657,127Â 141,A01,10,3,2,5,0,-1,-1,4,3,1,2021,24.0,1,1,0,1,1,7,0,,4,,0,,2,2,3,1,(1),(1),1,, -1,1,0,6,50,2,5,2021,16:47,1,69,69389,2,1,0,6,ROSA PARKS (AV),45.78665,4.79233,16,2,1
202100034435,140Â 181,A01,1,1,1,4,2,6,-1,0,0,-1,2021,25.0,2,1,0,2,3,5,1,,4,RUE BRUANT,0,,1,1,0,1,(1),(1),2,, -1,1,0,1,30,13,6,2021,19:05,1,75,75113,2,1,0,1,RUE BRUANT,48.834966,2.366732,19,2,2
202100044356,122Â 387,A01,1,1,1,5,2,0,-1,0,0,-1,2021,17.0,2,1,0,2,2,1,1,,3,ROSSINI PASCAL BD,0,,2,2,0,1,9,0,1,, -1,1,0,1,50,11,4,2021,17:05,1,201,201004,2,1,0,2,ROSSINI PASCAL BD,41.9096587736,8.7204845858,17,2,2
202100013272,178Â 017,B01,1,1,1,9,2,6,-1,-1, -1,-1,2021,22.0,1,1,1,0,0,0,1,,4,BRIAND (CRS ARISTIDE),0,,2,3,1,1,(1),(1),1,, -1,1,0,1,50,14,10,2021,19:25,5,33,33063,2,1,0,6,Cours Aristide Briand,44.8318,-0.57689,19,2,2
202100036692,136Â 128,A01,2,2,2,5,1,-1,-1,0,0,-1,2021,38.0,1,2,13,0,2,1,1,,3,1215,-1,,2,2,0,1,81,345,1,, -1,1,0,3,80,3,6,2021,11:20,1,33,33490,1,1,0,7,,45.442007,-1.053421,11,2,1
202100014890,175Â 096,A01,1,1,2,1,2,6,-1,0,0,-1,2021,60.0,1,1,0,2,1,13,1,,4,,-1,,2,2,0,1,(1),(1),3,,4,1,0,1,50,25,8,2021,10:25,1,36,36088,2,1,0,3,Avenue du 11 Novembre,46.9390177196,2.0052328706,10,2,2
202100003616,195Â 284,A01,2,2,2,2,1,8,-1,-1, -1,-1,2021,13.0,1,2,0,2,1,1,1,,3,RD 161E,0,,2,2,0,1,20,0,2,, -1,2,0,1,80,26,11,2021,14:30,1,62,62250,1,1,1,3,RD 161E,50.453881,2.948662,14,4,2
202100037693,134Â 287,B01,1,1,1,5,2,-1,-1,0,0,-1,2021,44.0,1,1,0,2,1,1,5,,3,45,0,,2,2,0,1,6,621,1,, -1,1,0,1,70,30,5,2021,15:30,1,77,77005,1,1,0,1,D45,48.922355,2.724202,15,6,2
202100040041,130Â 024,B01,2,2,2,5,1,0,-1,-1, -1,-1,2021,35.0,2,2,0,2,2,1,1,,3,R.D. 186,0,,4,4,0,1,21,0,2,, -1,3,0,1,50,13,5,2021,18:20,1,78,78481,2,5,0,3,R.D. 186,48.88926,2.10384,18,3,2
202100019124,167Â 441,A01,1,1,2,5,1,0,-1,-1, -1,-1,2021,19.0,2,2,4,0,1,26,1,,2,RN104,0,,-1,2,0,1,23,600,1,, -1,1,0,1,110,14,9,2021,19:00,2,77,77122,1,1,0,7,RN104,48.6465343397,2.5868202682,19,1,1
202100024558,157Â 763,A01,1,1,1,4,2,0,-1,-1, -1,-1,2021,31.0,2,1,0,2,1,1,1,,3,GENERAL GALLIENI (RUE DU),0,,2,2,0,2,1,0,1,, -1,1,0,1,50,11,8,2021,13:30,1,94,94079,2,1,0,2,Rue du GÃ©nÃ©ral GalliÃ©ni,48.8263,2.540323,13,2,2
202100039447,131Â 095,A01,1,1,1,5,2,-1,-1,-1, -1,-1,2021,50.0,1,1,0,2,5,9,1,,3,BOURGEOIS (PLACE LEON),0,,1,2,0,1,29,130,2,, -1,1,9,1,50,8,5,2021,14:30,1,51,51230,2,6,0,7,Place LÃ©on Bourgeois,49.0460529733,3.9550700784,14,1,1
202100054579,104Â 217,A01,2,2,2,9,1,0,-1,0,0,-1,2021,95.0,1,2,6,0,1,26,1,,4,SCHWEITZER RUE DU DOCTEUR,0,,2,2,0,1,(1),(1),1,, -1,2,0,4,30,18,1,2021,12:10,1,59,59343,2,9,0,6,SCHWEITZER RUE DU DOCTEUR,50.59028,3.10197,12,2,1
202100024423,158Â 027,B01,1,1,1,5,2,-1,-1,0,0,-1,2021,56.0,2,1,0,0,4,1,5,,3,981,-1,,2,2,0,2,11,535,3,, -1,1,0,1,80,13,8,2021,15:30,1,8,8291,1,1,0,2,RD981,49.682229,5.286065,15,2,2
202100030871,146Â 578,B01,1,1,1,0,2,0,-1,-1, -1,-1,2021,25.0,3,1,0,2,1,1,1,,4,,0,,2,2,0,1,0,0,1,, -1,2,0,1,50,4,7,2021,17:00,1,92,92026,2,1,0,3,Boulevard de la Paix,48.9018416974,2.264522016,17,2,2
202100025828,155Â 524,A01,1,1,1,5,1,-1,-1,0,0,-1,2021,70.0,3,2,2,0,1,1,1,,4,,-1,,2,1,0,4,(1),(1),3,,3,1,2,8,50,3,8,2021,13:30,1,11,11181,2,1,0,6,Chemin des Brunels,43.392255,2.007735,13,1,1
202100015641,173Â 714,A01,1,1,1,1,2,6,-1,0,0,-1,2021,44.0,2,1,0,2,6,13,1,,4,AVENUE DU GENERAL LECLERC,0,,2,4,0,1,(1),(1),1,, -1,2,0,1,50,1,10,2021,21:40,5,75,75114,2,3,1,3,AVENUE DU GENERAL LECLERC,48.830794,2.329406,21,2,2
202100031453,145Â 525,A01,1,1,1,5,2,6,-1,0,0,-1,2021,27.0,0,1,0,0,0,0,1,,3,16,0,D,2,2,0,2,6,800,1,, -1,1,0,1,50,1,7,2021,16:55,1,974,97401,1,1,0,7,Route du TÃ©velave,-21.219771,55.348295,16,1,1
202100007025,189Â 201,A01,1,1,2,1,2,6,-1,-1, -1,-1,2021,19.0,2,1,0,2,1,15,1,,4,KERLEGUER (NÂ° 60 ET 65Â°,0,,2,0,0,3,(1),(1),1,, -1,1,0,1,50,20,11,2021,09:20,1,29,29019,2,5,0,1,Rue de Kerleguer,48.41935,-4.50991,9,2,2
202100056021,101Â 747,B01,1,1,2,0,1,-1,-1,-1, -1,-1,2021,26.0,1,2,0,2,4,23,1,,7,51,0,,2,2,2,1,(1),(1),1,, -1,1,0,1,50,6,1,2021,17:50,5,69,69389,2,1,0,4,RAOUL CARRIE                        (QU),45.79887,4.83264,17,3,3
202100053405,106Â 264,B01,1,1,2,0,1,0,-1,-1, -1,-1,2021,31.0,2,2,0,2,4,2,1,,1,A51-Sens Aix en Provence vers Marseille,0,,-1,3,0,1,1,500,1,, -1,1,0,1,90,28,1,2021,18:45,3,13,13106,1,1,0,4,A51-Sens Aix en Provence vers Marseille,43.4066,5.3617,18,4,3
202100011777,180Â 660,A01,1,1,1,0,2,0,-1,-1, -1,-1,2021,26.0,2,1,0,2,1,8,1,,7,BRIAND (AVE ARISTIDE DE 1 A 1219,0,,2,3,3,1,(1),0,1,, -1,1,0,6,50,21,10,2021,18:25,2,83,83137,2,1,0,3,BRIAND (AVE ARISTIDE DE 1 A 1219,43.12751,5.90519,18,2,2
202100001631,198Â 886,B01,1,1,1,0,0,0,-1,-1, -1,-1,2021,42.0,2,1,0,2,1,1,5,,3,SALVADOR ALLENDE (AV),0,,1,0,0,1,1,0,2,, -1,1,0,1,50,22,12,2021,19:50,5,94,94017,2,6,0,3,Avenue Salvador AllendÃ©,48.80977,2.54284,19,2,2
202100039921,130Â 231,A01,1,1,2,0,1,0,-1,-1, -1,-1,2021,71.0,2,2,11,2,1,6,1,,7,TOULON RD 46 ( ROUTE DE ),0,,1,2,0,1,12,900,2,, -1,1,0,1,50,14,5,2021,15:00,1,83,83069,1,2,0,3,TOULON RD 46 ( ROUTE DE ),43.126,6.093,15,2,2
202100017076,171Â 105,B01,1,1,2,1,2,0,-1,0,0,-1,2021,61.0,2,0,0,2,7,1,3,,4,RUE VERCINGETORIX,0,,2,3,1,2,(1),(1),1,, -1,1,0,5,30,23,9,2021,09:10,1,75,75114,2,4,0,3,RUE VERCINGETORIX,48.8274472158,2.3050528765,9,2,2
202100049072,114Â 044,A01,1,1,1,0,2,0,-1,-1, -1,-1,2021,60.0,3,1,15,0,1,1,1,,4,CROIX GEORGETTE (RTE DE LA),0,,2,4,2,1,0,0,1,, -1,1,0,1,50,5,3,2021,07:05,2,72,72003,2,1,0,6,CROIX GEORGETTE (RTE DE LA),47.9826,0.15051,7,1,1
202100017456,170Â 424,B01,1,1,1,9,8,0,-1,-1, -1,-1,2021,24.0,3,1,0,2,8,1,5,,4,GUINES (BD DE),0,,2,2,0,1,0,0,1,, -1,1,5,1,50,22,9,2021,18:50,1,35,35238,2,2,0,3,GUINES (BD DE),48.1012,-1.69003,18,3,2
202100001062,199Â 865,A01,10,3,2,9,8,8,-1,4,3,1,2021,59.0,2,5,0,1,2,16,1,,4,RUE CROZATIER,0,,2,2,0,1,(1),(1),3,, -1,1,0,1,50,28,12,2021,08:00,2,75,75112,2,3,0,6,RUE CROZATIER,48.850635,2.378827,8,2,1
202100037908,133Â 904,A01,1,1,1,5,2,6,9,0,0,-1,2021,59.0,2,1,3,0,0,1,1,,3,560,0,D,2,2,0,3,38,373,3,, -1,1,0,1,80,29,5,2021,11:50,1,83,83012,1,1,0,7,Route de Marseille,43.550321,6.000295,11,1,1
202100006383,190Â 384,A01,2,2,1,5,1,-1,-1,-1, -1,-1,2021,40.0,1,2,1,0,2,14,1,,3,NOUES (QUAI DES),0,,2,2,0,1,47,640,1,, -1,1,9,1,50,10,6,2021,23:55,5,77,77305,2,3,0,6,D605,48.38278,2.95845,23,2,1
202100009432,184Â 839,A01,1,1,2,5,8,0,-1,-1, -1,-1,2021,21.0,1,2,1,0,1,26,1,,4,GRAND MONTREJEAU,0,,2,2,0,1,1,0,1,, -1,1,0,1,50,4,11,2021,12:03,1,49,49007,2,1,0,6,GRAND MONTREJEAU,47.468,-0.5211,12,2,2
202100014086,176Â 522,B01,1,1,1,5,2,-1,-1,0,0,-1,2021,73.0,1,1,0,2,4,1,5,,3,44,-1,,1,2,0,1,(1),(1),1,, -1,1,5,1,50,10,10,2021,10:15,1,29,29006,2,6,0,3,Rue de Penfoul,47.879322,-4.106607,10,2,2
202100014098,176Â 500,B01,4,2,1,0,1,8,-1,-1, -1,-1,2021,85.0,2,2,0,2,1,2,1,,1,AUTOROUTE A6A,0,,1,3,0,1,4,500,1,, -1,1,0,1,90,9,10,2021,13:30,1,94,94038,1,1,0,4,AUTOROUTE A6A,48.775,2.346,13,7,5
202100016409,172Â 306,B01,2,2,2,5,1,-1,-1,0,0,-1,2021,78.0,2,2,0,2,6,1,1,,3,82,-1,,2,2,0,1,16,350,2,, -1,1,0,1,50,28,9,2021,17:55,1,4,4081,2,1,0,3,RD 82,43.739957,5.973124,17,3,2
202100052522,107Â 839,B01,3,2,1,0,2,0,-1,-1, -1,-1,2021,17.0,1,1,0,2,8,13,1,,7,GRENIER (QUAI EMILE),0,,2,4,0,1,0,0,1,, -1,1,0,1,50,4,2,2021,16:40,1,83,83137,2,1,0,3,GRENIER (QUAI EMILE),43.13254,5.9046,16,3,2
202100032767,143Â 204,A01,1,1,1,1,1,-1,-1,0,0,-1,2021,24.0,1,2,0,2,1,1,1,,3,68,-1,,2,2,0,1,23,900,1,, -1,1,0,1,80,23,6,2021,07:30,1,85,85133,1,2,0,3,Champ de la Roche,46.37081,-0.73098,7,2,2
202100047885,116Â 146,A01,1,1,1,1,2,6,-1,-1, -1,-1,2021,42.0,2,1,14,0,3,1,1,,1,AUTOROUTE A6,0,,3,8,0,4,19,649,1,, -1,2,0,1,50,16,3,2021,20:35,3,91,91687,1,1,1,7,AUTOROUTE A6,48.66045,2.3713,20,1,1
202100015039,174Â 828,A01,1,1,1,1,2,-1,-1,-1, -1,-1,2021,22.0,1,1,0,2,1,13,1,,4,LIBERGIER (RUE),0,,2,2,0,1,(1),(1),3,, -1,2,0,1,30,5,10,2021,19:50,5,51,51454,2,2,1,3,Rue Libergier,49.2520356107,4.0290640313,19,2,2
202100048431,115Â 189,A01,10,3,2,2,0,-1,-1,4,5,1,2021,12.0,1,2,0,1,2,1,1,,4,RUE SIGMUND FREUD,0,,2,2,0,2,(1),(1),1,, -1,2,0,1,30,11,3,2021,07:45,1,75,75119,2,2,0,6,RUE SIGMUND FREUD,48.881992,2.402501,7,2,1
202100050369,111Â 663,B01,1,1,2,1,2,0,-1,-1, -1,-1,2021,58.0,3,1,0,2,3,0,1,,4,AVENUE DE LA CITE,0,,1,4,0,1,1,0,1,, -1,1,0,1,30,23,2,2021,07:20,1,94,94021,2,6,0,6,Avenue de la CitÃ©,48.75953,2.3629,7,2,2
202100029751,148Â 614,B01,1,1,2,1,8,0,-1,-1, -1,-1,2021,52.0,0,1,0,2,7,1,0,,4,AV POMPIDOU,0,,2,2,0,1,0,0,1,, -1,1,5,1,50,14,5,2021,04:45,5,85,85194,2,6,0,3,AV POMPIDOU,46.49793,-1.78205,4,2,2
202100023830,159Â 032,A01,1,1,1,5,2,6,-1,-1, -1,-1,2021,27.0,1,1,0,2,8,11,1,,1,AUTOROUTE A23,0,,1,4,0,1,8,0,1,, -1,1,0,1,130,15,8,2021,15:15,1,59,59586,1,1,0,3,AUTOROUTE A23,50.5420523794,3.1951004861,15,2,2
202100050803,110Â 869,B01,1,1,1,1,2,6,-1,0,0,-1,2021,53.0,2,1,0,2,1,1,1,,3,748,0,D,2,2,0,1,32,0,1,, -1,1,0,1,90,21,2,2021,06:30,5,49,49211,1,1,0,1,D748,47.1821681462,-0.5235671997,6,2,2
202100012449,179Â 459,A01,10,3,1,2,0,-1,-1,3,3,2,2021,12.0,0,2,0,1,1,1,1,,4,BOIS LABBE (AVENUE DU),0,,2,1,0,1,0,0,1,, -1,1,0,1,30,18,10,2021,08:00,2,35,35238,2,2,0,6,BOIS LABBE (AVENUE DU),48.12887,-1.70335,8,2,1
202100018761,168Â 105,B01,1,1,1,1,0,0,-1,-1, -1,-1,2021,34.0,3,1,0,2,8,1,0,,4,RIOBE (BOULEVARD GUY MARIE),0,,2,2,0,1,(1),(1),1,, -1,2,5,1,50,15,9,2021,07:05,2,45,45234,2,2,0,3,Boulevard Guy - Marie Riobe,47.91288,1.91242,7,2,2
202100051137,110Â 268,A01,1,1,2,0,1,-1,-1,0,0,-1,2021,29.0,1,2,0,2,1,1,1,,3,145,-1,,2,2,0,1,(1),(1),1,, -1,7,0,1,70,19,2,2021,07:30,2,59,59197,1,1,0,1,route de templeuve,50.5424990675,3.1519402564,7,2,2
202100032561,143Â 568,A01,1,1,1,1,8,-1,-1,0,0,-1,2021,53.0,1,2,0,2,3,1,1,,3,,0,,2,2,0,1,61,970,1,, -1,2,0,1,80,5,6,2021,08:23,1,69,69248,1,1,1,1,REGNY (DE) (RTE),46.025336,4.286664,8,2,2
202100049433,113Â 401,A01,1,1,1,5,0,-1,-1,0,0,-1,2021,19.0,3,1,0,9,0,0,0,,4,,-1,,2,2,0,4,(1),(1),2,, -1,2,0,1,50,23,2,2021,19:45,3,973,97353,2,1,1,1,Route de Sophie,3.645203,-54.027677,19,2,2
202100016766,171Â 648,A01,1,1,1,5,1,-1,-1,-1,0,-1,2021,26.0,1,2,0,2,1,1,1,,3,RD 170 ,0,,3,4,0,1,18,0,1,, -1,1,0,1,90,26,9,2021,02:10,3,95,95277,1,1,0,2,RD 170 ,48.97591,2.48224,2,2,2
202100048800,114Â 542,A01,1,1,2,5,1,8,-1,-1, -1,-1,2021,54.0,1,2,0,2,1,2,1,,3,LAURENT CELY (AVENUE) (1/143),0,,3,4,0,1,0,0,1,, -1,1,0,1,50,8,3,2021,15:30,1,92,92036,2,6,0,3,Avenue Laurent CÃ©ly,48.9331101317,2.3027408123,15,2,2
202100010020,183Â 787,A01,10,3,1,0,8,8,-1,1,9,3,2021,19.0,0,2,0,1,1,9,1,,4,TREMAULT (BOULEVARD DE),0,,2,2,0,1,0,0,1,, -1,1,0,1,50,31,10,2021,22:25,4,41,41269,2,1,0,6,TREMAULT (BOULEVARD DE),47.80162,1.06823,22,2,1
202100033743,141Â 455,A01,1,1,1,1,2,0,-1,0,0,-1,2021,26.0,2,1,0,0,0,5,1,,4,,-1,,2,2,0,2,(1),(1),1,,5,1,9,1,50,18,6,2021,18:10,1,54,54186,2,1,0,7,621 Chemin des Montants,48.750687,6.233806,18,1,1
202100000400,200Â 988,A01,1,1,1,0,2,0,-1,-1, -1,-1,2021,17.0,3,1,0,0,1,15,1,,4,PIGEONNIER (CHEMIN DU),0,,2,2,0,2,0,0,2,, -1,1,0,1,50,28,7,2021,00:00,5,13,13106,2,1,0,7,PIGEONNIER (CHEMIN DU),43.40589,5.35491,0,2,1
202100025374,156Â 303,A01,1,1,2,3,1,-1,-1,0,0,-1,2021,67.0,2,2,0,2,8,19,1,,3,4,0,D,2,2,0,1,9,475,1,0,"5,8",1,0,1,90,7,8,2021,16:25,1,16,16093,1,2,0,3,Intersection RD4 / RD 412,45.626044,0.363085,16,2,2
202100016882,171Â 445,B01,1,1,1,1,2,6,-1,-1, -1,-1,2021,22.0,3,1,0,2,2,17,1,,4,SAINT BERNARD (CHEMIN DE),0,,2,2,0,1,0,0,1,, -1,1,0,1,50,25,9,2021,12:15,1,64,64102,2,3,0,3,SAINT BERNARD (CHEMIN DE),43.50148,-1.48236,12,3,2
202100020541,164Â 921,A01,1,1,1,1,8,0,-1,-1, -1,-1,2021,55.0,3,1,0,2,1,2,5,,4,AV DIDIER DAURAT PROLONGEE,0,,2,4,3,4,(1),(1),4,, -1,1,0,6,50,6,9,2021,07:47,2,31,31555,2,1,0,2,AV DIDIER DAURAT PROLONGEE,43.5625043982,1.4925944807,7,2,2
202100038107,133Â 549,A01,7,2,1,5,8,-1,-1,0,0,-1,2021,37.0,1,2,13,0,2,14,1,,3,999,0,,2,2,0,1,41,(1),3,, -1,1,0,8,80,24,5,2021,20:30,2,30,30182,1,9,0,6,RD 999,43.858343,4.170856,20,3,1
202100027965,151Â 715,A01,10,3,1,5,0,-1,-1,2,3,1,2021,27.0,2,5,0,1,3,1,1,,4,RUE DE MONTREUIL,0,,2,2,0,2,(1),(1),1,, -1,1,0,1,30,20,7,2021,15:45,1,75,75111,2,3,0,6,RUE DE MONTREUIL,48.850461,2.386567,15,2,1
202100022394,161Â 622,A01,1,1,1,4,1,0,-1,-1, -1,-1,2021,33.0,1,4,0,2,1,1,1,,1,AUTOROUTE A86,0,,1,2,0,1,51,665,1,, -1,1,1,1,70,27,8,2021,10:50,1,94,94034,1,1,0,5,AUTOROUTE A86,48.76045,2.32045,10,3,3
202100046988,117Â 792,A01,8,2,2,0,9,-1,-1,0,0,-1,2021,61.0,2,5,13,0,7,21,1,,3,30.2,-1,,2,2,0,1,16,165,1,, -1,1,0,3,80,24,3,2021,13:20,1,28,28192,1,1,0,6,D30.2,48.328262,1.123363,13,2,1
202100016917,171Â 381,A01,2,2,1,5,8,0,-1,-1, -1,-1,2021,29.0,1,1,0,2,1,19,3,,4,CARDURAND (RUE DE) DU 82 AU 126 - DU 57,0,,2,2,0,1,(1),(1),1,, -1,1,0,1,30,22,9,2021,11:35,1,44,44184,2,2,0,3,CARDURAND (RUE DE) DU 82 AU 126 - DU 57,47.28345,-2.21126,11,3,2
202100001918,198Â 365,A01,1,1,1,4,2,0,-1,-1, -1,-1,2021,28.0,2,1,0,2,3,26,1,,3,EMILE COSSONNEAU (AVE),0,,2,2,0,1,0,1,1,, -1,1,0,1,50,20,12,2021,20:40,5,93,93051,2,3,0,1,EMILE COSSONNEAU (AVE),48.84917,2.56053,20,2,2
202100025398,156Â 255,A01,1,1,1,0,1,0,-1,-1, -1,-1,2021,60.0,2,5,0,0,0,20,0,,1,AUTOROUTE A3,0,,3,10,0,1,6,800,1,, -1,1,0,1,90,6,8,2021,18:40,1,93,93053,1,1,0,7,AUTOROUTE A3,48.89541,2.47065,18,1,1
202100047211,117Â 376,B01,1,1,1,5,1,0,-1,-1, -1,-1,2021,52.0,2,2,0,2,2,1,1,,3,EUROPE (AVENUE DE L'),0,,2,2,0,1,0,650,1,, -1,1,0,1,50,20,3,2021,18:00,1,86,86194,2,1,0,3,Avenue de lâEurope,46.59197,0.34945,18,2,2
202100018168,169Â 135,B01,1,1,1,4,2,7,-1,0,0,-1,2021,38.0,1,1,0,2,1,7,1,,4,AVENUE MARCEAU,0,,2,4,3,2,(1),(1),1,, -1,1,0,6,30,17,9,2021,19:25,1,75,75108,2,3,0,2,AVENUE MARCEAU,48.86651,2.29948,19,2,2
202100035391,138Â 454,A01,1,1,1,1,0,-1,-1,0,0,-1,2021,53.0,1,4,0,0,3,1,1,,3,25,0,D,2,2,0,1,16,900,1,, -1,1,0,1,90,10,6,2021,22:10,3,23,23218,1,1,0,7,route dÃ©partementale 25,45.860113,2.305936,22,1,1
202100006132,190Â 846,A01,1,1,1,0,2,-1,-1,0,0,-1,2021,28.0,3,1,0,9,1,0,1,,4,1,0,N,2,2,0,1,(1),(1),1,,7,9,2,1,50,25,11,2021,21:25,3,972,97214,2,1,0,6,Route du Stade,14.834787,-61.0607,21,1,1
202100045343,120Â 689,A01,1,1,1,0,2,0,-1,-1, -1,-1,2021,38.0,1,1,0,2,1,1,1,,4,LECLERC (DU MARECHAL),0,,2,4,3,1,0,0,1,, -1,1,0,1,50,31,3,2021,15:15,1,974,97411,2,3,1,3,Rue du MarÃ©chal Leclerc,-20.88277,55.46219,15,2,2
202100003082,196Â 252,A01,1,1,1,5,1,0,-1,-1, -1,-1,2021,73.0,1,2,6,0,1,15,1,,4,rue des hauteurs du Loing,0,,2,2,0,1,0,0,1,, -1,1,0,1,50,6,10,2021,08:45,1,77,77333,2,9,0,6,rue des hauteurs du Loing,48.275725,2.702685,8,1,1
202100022460,161Â 489,B01,5,2,1,4,1,8,-1,-1, -1,-1,2021,29.0,1,5,0,2,5,19,1,,2,MOURET HENRI (AV),0,,1,3,0,1,(1),(1),1,, -1,1,0,1,50,26,8,2021,08:45,1,13,13001,2,2,0,3,MOURET HENRI (AV),43.5183883848,5.4336029428,8,3,2
202100017213,170Â 875,A01,2,2,2,5,1,-1,-1,0,0,-1,2021,37.0,1,2,0,2,3,13,1,,3,921,-1,,2,2,0,2,16,400,3,, -1,1,0,1,90,26,9,2021,14:45,1,12,12156,1,1,0,1,D921,44.632803,2.825729,14,3,2
202100014804,175Â 243,A01,10,3,2,0,0,-1,-1,2,3,2,2021,33.0,1,1,0,1,1,1,1,,4,RUE DE BELFORT,0,,1,1,2,1,(1),(1),1,, -1,1,0,1,50,6,10,2021,18:35,1,33,33063,2,2,0,6,Rue de Belfort,44.83575,-0.58237,18,2,1
202100051165,110Â 219,B01,1,1,1,0,2,0,-1,0,0,-1,2021,66.0,1,1,0,2,4,1,5,,7,AGRICULTURE (AVENUE DE L'),0,,3,6,0,1,(1),(1),1,, -1,1,0,1,50,16,2,2021,10:50,1,63,63113,2,1,0,3,AGRICULTURE (AVENUE DE L'),45.77939,3.12244,10,2,2
202100023635,159Â 375,A01,3,2,1,5,1,2,-1,0,0,-1,2021,39.0,0,6,2,0,1,14,1,,4,,-1,,2,5,0,2,(1),(1),1,, -1,9,0,3,-1,19,8,2021,18:10,1,63,63122,1,1,0,6,chemin communal,45.5147,3.044747,18,2,1
202100040251,129Â 655,A01,10,3,2,1,0,-1,-1,3,3,1,2021,49.0,1,2,0,1,2,1,1,,3,118,-1,,2,2,0,1,59,600,1,, -1,1,0,1,50,12,5,2021,17:30,1,11,11206,2,1,0,6,Avenue Francois Clamens,43.0628171248,2.2153705362,17,2,1
202100055982,101Â 824,A01,1,1,1,5,2,6,-1,0,0,-1,2021,20.0,1,1,0,0,8,15,1,,3,419,0,,2,2,0,1,9,90,1,, -1,1,0,1,50,7,1,2021,16:30,1,68,68068,2,3,0,3,3 rue de Belfort,47.63005,7.118068,16,2,2
202100043193,124Â 453,A01,1,1,2,1,2,6,-1,0,0,-1,2021,39.0,1,1,0,2,3,17,1,,4,RUE DE BELLEVILLE,0,,2,2,0,3,(1),(1),1,, -1,1,0,1,50,21,4,2021,12:15,1,75,75120,2,4,0,3,RUE DE BELLEVILLE,48.875254,2.395377,12,2,2