Num_Acc,id_vehicule,num_veh,place,catu,sexe,trajet,secu1,secu2,secu3,locp,actp,etatp,year_acc,victim_age,senc,catv,obs,obsm,choc,manv,motor,occutc,catr,voie,v1,v2,circ,nbv,vosp,prof,pr,pr1,plan,lartpc,larrout,surf,infra,situ,vma,jour,mois,an,hrmn,lum,dep,com,agg_,int,atm,col,adr,lat,long,hour,nb_victim,nb_vehicules
202100033422,142Â 029,A01,1,1,1,4,2,6,-1,0,0,-1,2021,46.0,2,1,0,2,6,2,1,,4,RUE BELGRAND,0,,2,4,0,1,(1),(1),1,, -1,2,0,1,50,19,6,2021,19:40,1,75,75120,2,1,0,2,RUE BELGRAND,48.864728,2.402947,19,2,2
202100027534,152Â 512,Y01,1,1,2,1,8,0,-1,0,0,-1,2021,23.0,1,1,0,2,7,21,5,,3,911,0,,1,1,0,1,30,1040,2,, -1,1,0,1,50,22,7,2021,20:25,1,47,47323,2,1,0,3,BORDENEUVE (AVENUE JACQUES),44.4044,0.6911,20,2,2
202100026586,154Â 182,B01,1,1,1,0,2,6,-1,0,0,-1,2021,24.0,3,1,0,2,1,1,1,,3,822,-1,,2,2,0,1,5,100,1,,5,1,0,1,50,30,7,2021,02:35,5,46,46102,2,3,0,3,Avenue du Marechal Joffre,44.607595,2.02974,2,4,2
202100002834,196Â 710,A01,1,1,1,5,2,-1,-1,0,0,-1,2021,17.0,3,1,0,2,8,5,1,,4,0,0,,2,2,0,4,(1),(1),1,, -1,1,0,1,50,17,12,2021,15:40,1,76,76312,2,1,1,3,Rue Henri Dunant,49.481087,1.719763,15,2,2
202100031347,145Â 711,B01,9,2,1,5,1,3,-1,0,0,-1,2021,7.0,1,2,0,2,4,23,1,,3,411,0,,2,2,0,4,16,626,1,, -1,1,0,1,80,2,7,2021,17:15,1,77,77025,1,9,0,4,Route dÃ©partementale 411 - PK 016.626,48.400864,3.205916,17,6,3
202100032789,143Â 165,A01,1,1,2,1,1,-1,-1,0,0,-1,2021,37.0,2,2,0,2,3,1,1,,3,618,0,D,2,2,0,1,33,600,1,, -1,2,0,1,80,24,6,2021,04:50,3,9,9149,1,1,0,1,Lacourt,42.937975,1.175891,4,4,2
202100038386,133Â 025,A01,1,1,1,0,8,0,-1,0,0,-1,2021,23.0,3,1,0,2,1,19,5,,4,,0,,2,7,1,1,(1),(1),1,, -1,1,9,1,50,24,5,2021,19:29,1,6,6088,2,1,0,5,ANGLAIS (A PARTIR DU NÂ° 351),43.66728,7.21624,19,3,3
202100029932,148Â 297,B01,1,1,1,0,2,6,-1,-1, -1,-1,2021,25.0,2,1,0,2,3,3,1,,1,AUTOROUTE A6B,0,,1,2,0,1,0,200,1,, -1,1,1,1,70,9,7,2021,14:25,1,94,94043,1,1,0,3,AUTOROUTE A6B,48.8153,2.356,14,2,2
202100038436,132Â 941,A01,10,3,1,5,0,-1,-1,2,3,1,2021,70.0,3,5,0,1,1,1,1,,4,,-1,,1,1,0,1,(1),(1),1,, -1,1,0,1,-1,26,5,2021,05:40,5,47,47195,2,1,0,6,Place du GÃ©nÃ©ral Leclerc,44.135452,0.336832,5,2,1
202100056473,100Â 956,A01,1,1,1,5,0,-1,-1,0,0,-1,2021,14.0,3,6,1,0,1,1,1,,4,,-1,,2,2,0,1,(1),(1),1,, -1,1,0,3,50,1,1,2021,12:30,1,971,97118,2,1,0,6,Chemin de Morne Bourg,16.186569,-61.598722,12,1,1
202100004350,193Â 982,A01,1,1,1,5,2,6,-1,0,0,-1,2021,63.0,2,1,0,2,1,2,0,,3,277,0,,2,2,0,1,0,755,1,, -1,2,0,1,50,6,12,2021,17:35,5,89,89257,2,1,0,2,Rue Jules Rimet,47.957579,3.514988,17,2,2
202100046623,118Â 429,A01,1,1,1,0,2,6,-1,-1, -1,-1,2021,21.0,3,1,0,2,1,1,1,,6,GENERAL DE GAULLE (RUE DU),0,,-1,-1,0,1,(1),(1),1,, -1,1,0,1,50,24,3,2021,17:05,1,10,10357,2,2,0,3,GENERAL DE GAULLE (RUE DU),48.29764,4.1324,17,2,2
202100044643,121Â 923,B01,1,1,1,0,1,5,-1,-1, -1,-1,2021,39.0,2,2,0,2,6,1,1,,1,AUTOROUTE A6,0,,1,3,0,1,14,500,1,, -1,1,0,1,110,8,4,2021,23:45,3,91,91161,1,1,0,2,AUTOROUTE A6,48.6964,2.31685,23,2,2
202100031678,145Â 133,B01,1,1,2,0,8,-1,-1,0,0,-1,2021,42.0,1,2,0,2,1,0,1,,3,116,-1,D,2,2,0,3,(1),(1),1,, -1,1,0,1,-1,30,6,2021,13:54,1,91,91115,1,1,0,1,D116,48.591205,2.184799,13,2,2
202100050032,112Â 312,B01,1,1,1,4,2,6,-1,0,0,-1,2021,24.0,1,1,0,2,1,1,1,,4,GLASGOW (DE 1 A 9 ET 2 A 22),0,,3,4,0,3,(1),(1),1,, -1,1,5,1,50,27,2,2021,22:35,5,29,29019,2,2,0,3,Rue Camille Desmoulins,48.396232,-4.483926,22,2,2
202100007220,188Â 847,B01,1,1,2,1,2,6,-1,-1, -1,-1,2021,34.0,3,1,0,0,0,0,5,,4,GARE PLACE DE LA,0,,1,1,3,1,(1),(1),2,, -1,1,0,1,30,9,11,2021,08:40,1,59,59350,2,1,0,3,GARE PLACE DE LA,50.6366,3.0705,8,2,2
202100008191,187Â 079,A01,1,1,1,4,1,-1,-1,0,0,-1,2021,28.0,3,2,17,0,2,1,1,,3,68,-1,,2,2,0,1,(1),(1),1,, -1,1,0,1,80,8,11,2021,11:30,1,50,50364,1,1,0,6,"Lieu dit ""La BretonniÃ¨re",49.151668,-1.450844,11,1,1
202100019272,167Â 187,A01,1,1,1,1,1,-1,-1,0,0,-1,2021,20.0,3,2,13,0,3,1,1,,4,1,-1,,2,2,0,1,(1),(1),1,, -1,1,0,3,80,13,9,2021,17:40,1,27,27367,1,1,0,6,Route de l Angorie,49.242217,0.475481,17,1,1
202100048044,115Â 866,A01,4,2,2,0,1,0,-1,-1, -1,-1,2021,13.0,1,2,11,0,4,26,1,,3,LOUISON BOBET (AV),0,,1,2,0,1,0,0,2,, -1,1,9,1,50,14,3,2021,17:00,1,94,94033,2,6,0,2,CARNOT (R),48.85267,2.49044,17,5,2
202100034102,140Â 808,B01,1,1,1,5,2,6,-1,0,0,-1,2021,26.0,1,1,0,2,1,1,1,,4,BOULEVARD SAINT MARTIN,0,,2,6,0,1,(1),(1),1,, -1,1,0,1,50,16,6,2021,16:30,1,75,75110,2,7,0,3,BOULEVARD SAINT MARTIN,48.867923,2.362358,16,2,2
202100012036,180Â 196,B01,2,2,2,0,1,8,8,0,0,-1,2021,18.0,3,2,0,2,2,1,1,,3,PYRENEES  (AVENUE DES),0,,2,2,0,1,1,0,1,, -1,1,5,1,50,19,10,2021,07:35,5,11,11037,2,9,0,3,PYRENEES  (AVENUE DES),43.21073,2.3999,7,3,2
202100006498,190Â 187,A01,10,3,2,2,8,-1,-1,2,3,1,2021,11.0,1,5,0,1,3,1,1,,3,2,0,D,2,2,0,1,12,500,1,, -1,2,0,1,50,25,11,2021,17:05,5,62,62579,2,1,1,6,9 Rue d Arras,50.182535,2.658783,17,2,1
202100016740,171Â 697,A01,1,1,1,9,0,-1,-1,0,0,-1,2021,56.0,1,2,2,0,3,1,1,,3,974,-1,,2,3,0,2,20,65,2,, -1,1,0,3,90,27,9,2021,08:30,2,21,21606,1,1,0,6,D974,47.080612,4.891063,8,1,1
202100042957,124Â 885,A01,2,2,1,5,1,-1,-1,0,0,-1,2021,21.0,1,2,15,0,7,1,1,,3,15,0,,2,2,0,1,15,450,2,, -1,1,0,3,80,24,4,2021,00:15,3,71,71345,1,1,0,6,Saint Pierre de Lanques,46.439125,4.79204,0,2,1
202100040153,129Â 827,A01,3,2,2,5,8,0,-1,-1, -1,-1,2021,24.0,1,2,0,0,1,1,1,,2,RN 112 (ROCADE SUD),0,,2,2,0,1,38,780,3,, -1,1,2,1,80,13,5,2021,00:05,3,81,81065,1,1,0,7,RN 112 (ROCADE SUD),43.5837353505,2.227897036,0,4,1
202100015319,174Â 322,B01,1,1,2,5,1,0,-1,-1, -1,-1,2021,73.0,2,2,0,2,3,1,1,,3,VERCORS (CHEMIN DU),0,,2,2,0,2,0,260,3,, -1,1,0,1,50,3,10,2021,07:30,2,73,73065,2,1,0,1,D12 VERCORS (CHEMIN DU),45.56026,5.93432,7,2,2
202100009158,185Â 342,A01,1,1,1,5,2,-1,-1,0,0,-1,2021,73.0,1,0,2,0,0,0,3,,3,30,0,C,2,2,0,2,5,125,1,, -1,1,0,3,80,6,11,2021,16:38,1,38,38395,1,1,0,7,D30c,45.369815,5.922575,16,1,1
202100031160,146Â 036,A01,1,1,1,0,2,0,-1,-1, -1,-1,2021,21.0,0,1,8,0,1,1,1,,7,LYON (RUE DE),0,,3,3,0,2,0,0,1,, -1,1,0,1,50,3,7,2021,05:20,2,13,13215,2,1,0,2,LYON (RUE DE),43.3328078516,5.364324656,5,1,1
202100007767,187Â 873,A01,10,3,2,1,0,-1,-1,4,3,1,2021,53.0,1,5,0,1,1,1,1,,4,TOURNEFOU,0,,1,2,0,1,(1),(1),2,, -1,1,5,1,50,16,11,2021,18:30,2,85,85191,2,6,0,6,TOURNEFOU,46.648279,-1.434813,18,2,1
202100027512,152Â 548,B01,1,1,1,0,2,0,-1,-1, -1,-1,2021,25.0,2,1,0,2,4,14,0,,3,LOGES (AVENUE DES),0,,2,0,0,1,1,436,1,, -1,1,0,1,50,23,7,2021,01:35,5,78,78551,1,1,0,2,LOGES (AVENUE DES),48.90784,2.09163,1,2,2
202100034208,140Â 603,B01,1,1,1,0,2,6,-1,-1, -1,-1,2021,31.0,1,1,0,2,1,26,1,,2,kaweni-Kaweni nord ( Z I ),0,,2,0,0,1,0,0,1,, -1,1,0,1,50,15,6,2021,06:20,1,976,97610,1,2,0,3,Hauts Vallons - Majicavo ( rue des),-12.75569,45.23339,6,2,2
202100017608,170Â 146,A01,2,2,2,2,2,0,-1,-1, -1,-1,2021,7.0,1,1,0,0,1,1,1,,3,MADELEINE (ROUTE DE LA),0,,2,2,0,1,1,500,1,, -1,1,0,1,50,21,9,2021,12:10,1,973,97302,2,1,0,7,MADELEINE (ROUTE DE LA),4.92802,-52.32492,12,2,1
202100001019,199Â 944,B01,1,1,1,1,8,0,-1,0,0,-1,2021,22.0,3,1,0,2,4,9,5,,4,POTTIER (EUGENE),0,,2,2,0,1,(1),(1),1,, -1,1,0,1,50,28,12,2021,12:24,1,35,35238,2,1,0,3,Rue EugÃ¨ne Pottier,48.10327,-1.7113,12,2,2
202100010949,182Â 155,A01,1,1,1,4,2,8,-1,-1, -1,-1,2021,31.0,1,1,0,2,1,2,0,,3,JEAN CHARCOT [CD115] (RUE),0,,2,4,0,1,0,1,1,, -1,1,0,1,50,22,10,2021,22:00,5,93,93005,2,3,0,1,JEAN CHARCOT [CD115] (RUE),48.9331874767,2.4896155108,22,2,2
202100017247,170Â 821,A01,1,1,1,5,6,-1,-1,0,0,-1,2021,13.0,3,1,0,0,0,0,0,,3,67,0,,2,2,0,2,(1),(1),1,, -1,1,0,1,-1,24,9,2021,18:20,1,50,50273,2,1,0,7,Route du Lavoir - Pretot,49.325479,-1.436956,18,1,1
202100052997,106Â 987,B01,1,1,1,4,2,8,-1,-1, -1,-1,2021,20.0,1,1,0,2,1,5,1,,3,GENERAL GALLIENI (AVENUE DU) NÂ° 12 A 42,0,,2,2,0,2,0,0,1,, -1,2,0,1,30,31,1,2021,12:55,1,92,92048,2,1,1,3,GENERAL GALLIENI (AVENUE DU) NÂ° 12 A 42,48.8197307183,2.2292542972,12,3,2
202100002589,197Â 156,B01,1,1,1,0,2,0,-1,-1, -1,-1,2021,16.0,1,1,0,2,4,2,1,,4,JULIEN ( RUE LUDOVIC),0,,2,2,0,1,(1),(1),1,, -1,1,0,1,50,15,12,2021,16:40,1,81,81065,2,1,0,5,JULIEN ( RUE LUDOVIC),43.59259,2.20502,16,3,3
202100051323,109Â 932,A01,2,2,2,9,1,8,-1,-1, -1,-1,2021,29.0,2,2,12,0,2,1,1,,4,ROUGET DE L ISLE (AV),0,,1,2,0,1,0,0,1,, -1,2,0,1,50,16,2,2021,00:35,5,94,94081,2,1,0,3,ROUGET DE L ISLE (AV),48.78082,2.39514,0,2,1
202100026842,153Â 740,B01,2,2,2,5,2,6,-1,-1, -1,-1,2021,18.0,1,1,0,2,5,1,1,,4,TILLEULS (BD.DES),0,,1,3,2,1,(1),(1),2,, -1,1,0,1,30,26,7,2021,18:30,1,4,4112,2,2,0,3,Inter bd des Tilleuls / Rue dâAubette,43.83424,5.7854,18,3,2
202100031814,144Â 891,A01,1,1,2,5,1,-1,-1,-1,0,-1,2021,26.0,2,2,0,2,2,1,1,,1,AUTOROUTE A3,0,,3,12,0,1,17,600,1,, -1,1,0,1,90,27,6,2021,21:30,2,95,95277,1,1,0,1,AUTOROUTE A3,48.9834,2.50142,21,2,2
202100006298,190Â 538,A01,1,1,2,5,2,8,-1,0,0,-1,2021,36.0,1,1,0,2,4,7,5,,4,BOULEVARD HAUSSMANN,0,,2,4,3,1,(1),(1),1,, -1,1,-1,6,50,25,11,2021,06:45,5,75,75108,2,1,0,3,BOULEVARD HAUSSMANN,48.875109,2.311088,6,2,2
202100001733,198Â 690,A01,1,1,2,1,8,0,-1,-1, -1,-1,2021,21.0,3,1,15,0,1,26,3,,4,JUIN MARECHAL,0,,2,2,0,1,1,0,1,, -1,1,0,1,30,23,12,2021,00:00,3,11,11069,2,1,0,7,JUIN MARECHAL,43.2118,2.37443,0,1,1
202100024919,157Â 118,B01,1,1,1,1,2,6,9,0,0,-1,2021,56.0,2,1,0,2,1,1,1,,3,1084,0,,2,2,0,1,23,100,1,, -1,1,0,1,80,10,8,2021,07:55,1,1,1290,1,9,0,3,RD 1084,45.889149,5.174228,7,2,2
202100004881,193Â 062,A01,10,3,2,2,0,-1,-1,3,3,1,2021,16.0,1,2,0,1,2,1,1,,3,av,-1,,2,2,0,1,(1),(1),1,, -1,2,1,1,30,3,12,2021,18:05,5,91,91226,2,1,1,6,Avenue d OrlÃ©ans,48.485874,2.190704,18,2,1
202100046662,118Â 362,A01,3,2,1,5,1,0,-1,-1, -1,-1,2021,22.0,1,2,3,0,9,1,1,,4,BUTTE VERTE,0,,2,2,0,1,0,0,2,, -1,1,0,1,50,24,3,2021,22:04,5,93,93051,2,1,0,6,BUTTE VERTE,48.84138,2.57913,22,3,1
202100015662,173Â 673,A01,1,1,1,1,1,0,-1,-1, -1,-1,2021,23.0,3,2,9,2,1,1,1,,3,9,0,,1,1,0,1,0,0,1,, -1,2,5,4,50,2,10,2021,06:50,2,92,92026,2,3,1,3,GAMBETTA (RUE),48.89279,2.24524,6,2,2
202100024897,157Â 155,B01,1,1,1,9,8,0,-1,0,0,-1,2021,34.0,1,1,0,2,0,19,5,,4,BOULEVARD PONIATOWSKI,0,,2,5,0,1,(1),(1),1,, -1,1,5,1,50,8,8,2021,14:50,1,75,75112,2,3,0,3,BOULEVARD PONIATOWSKI,48.829207,2.390266,14,2,2
202100019202,167Â 303,A01,1,1,2,5,2,0,-1,0,0,-1,2021,41.0,2,1,0,0,1,5,3,,4,RUE DES ACACIAS,0,,1,1,0,1,(1),(1),1,, -1,1,0,1,30,11,9,2021,16:50,1,75,75117,2,3,0,7,RUE DES ACACIAS,48.878035,2.29371,16,1,1
202100004443,193Â 821,A01,2,2,1,1,1,-1,-1,0,0,-1,2021,44.0,1,5,2,0,2,1,1,,3,3,0,D,2,2,0,1,39,887,1,, -1,2,0,3,-1,7,12,2021,05:50,3,44,44025,1,1,0,6,D3,47.381629,-1.940503,5,2,1
202100030032,148Â 108,Y01,1,1,1,0,2,0,-1,-1, -1,-1,2021,41.0,2,1,1,0,1,17,3,,3,GENERAL DE GAULLE (AV DU),0,,2,2,0,1,1,0,1,, -1,2,0,1,30,4,7,2021,08:40,1,94,94067,2,1,1,3,GENERAL DE GAULLE (AV DU),48.844445,2.417587,8,2,2
202100022832,160Â 799,B01,1,1,1,0,1,8,-1,-1, -1,-1,2021,29.0,0,1,0,2,1,1,1,,4,PETITS MARAIS (CHEMIN DES),0,,2,2,0,1,0,0,1,, -1,1,0,1,50,23,8,2021,13:25,1,92,92036,2,9,0,6,PETITS MARAIS (CHEMIN DES),48.9462222865,2.3018717766,13,2,2
202100009439,184Â 826,B01,1,1,1,0,8,-1,-1,-1, -1,-1,2021,28.0,1,1,0,2,0,1,5,,4,RICARD (BD ANDRE),0,,2,2,1,1,(1),(1),3,, -1,2,0,1,50,3,11,2021,07:42,2,33,33119,2,4,1,3,Boulevard AndrÃ© Ricard,44.8602570418,-0.5382946651,7,2,2
202100051564,109Â 525,A01,1,1,1,0,1,8,-1,-1, -1,-1,2021,24.0,2,2,13,0,1,14,1,,3,vahibe-Departementale 3 ( route ),0,,2,0,0,1,0,0,1,, -1,1,0,1,50,13,2,2021,20:15,3,976,97611,2,1,0,7,vahibe-Departementale 3 ( route ),-12.79919,45.20264,20,4,1
202100008259,186Â 949,B01,1,1,1,5,2,6,-1,0,0,-1,2021,28.0,3,1,0,2,8,1,1,,4,BOULEVARD LANNES,0,,2,2,0,1,(1),(1),1,, -1,1,0,1,50,12,11,2021,23:20,5,75,75116,2,3,0,3,BOULEVARD LANNES,48.868835,2.273538,23,4,2
202100019957,165Â 962,A01,1,1,2,0,1,5,-1,0,0,-1,2021,20.0,2,2,0,2,1,13,1,,2,57,0,N,2,2,0,2,90,500,1,, -1,2,0,1,80,10,9,2021,07:27,2,25,25318,1,1,0,5,N57 PK91+500,46.754711,6.381512,7,3,3
202100047065,117Â 642,A01,10,3,1,0,0,-1,-1,3,3,1,2021,62.0,3,2,0,1,4,26,1,,4,,0,,2,2,0,1,1,0,1,, -1,1,0,1,50,22,3,2021,13:58,1,92,92073,2,1,0,6,VAILLANT (AVENUE EDOUARD),48.86263,2.20864,13,2,1
202100015981,173Â 101,A01,1,1,2,0,0,-1,-1,0,0,-1,2021,42.0,2,2,16,0,1,0,1,,2,580,0,,2,2,0,1,17,825,1,, -1,1,0,3,80,1,10,2021,15:05,1,30,30221,1,1,0,7,N 580,44.037743,4.729335,15,1,1
202100037827,134Â 040,B01,2,2,2,1,8,0,-1,0,0,-1,2021,21.0,1,1,0,2,7,5,3,,4,BOULEVARD SAINT GERMAIN,0,,1,4,0,1,(1),(1),1,, -1,1,0,1,50,28,5,2021,22:25,5,75,75106,2,2,0,1,BOULEVARD SAINT GERMAIN,48.852882,2.336999,22,3,2
202100034841,139Â 432,A01,1,1,1,5,2,6,-1,0,0,-1,2021,27.0,2,1,5,0,1,1,1,,3,25,-1,,2,2,0,2,5,620,2,, -1,1,0,1,80,12,6,2021,16:40,1,39,39441,1,1,0,6,,46.480509,6.029327,16,1,1
202100016220,172Â 644,B01,1,1,1,0,2,8,-1,-1, -1,-1,2021,66.0,2,1,0,2,1,0,1,,4,24 AVRIL 15 (AVENUE DU),0,,2,2,0,2,0,0,1,, -1,1,0,1,50,27,9,2021,09:45,1,13,13212,2,3,0,3,24 AVRIL 15 (AVENUE DU),43.3,5.43,9,2,2
202100036645,136Â 206,A01,10,3,2,5,0,-1,-1,4,3,1,2021,81.0,1,0,0,1,1,1,3,,4,AVENUE DE CLICHY,0,,2,3,1,1,(1),(1),1,, -1,1,0,5,30,3,6,2021,12:50,1,75,75117,2,3,0,6,AVENUE DE CLICHY,48.884937,2.326755,12,2,1
202100002669,197Â 006,A01,1,1,2,5,1,-1,-1,0,0,-1,2021,28.0,1,2,2,0,0,1,1,,1,31,0,A,3,4,0,1,31,950,2,, -1,7,0,8,130,18,12,2021,06:35,3,21,21473,1,1,0,6,A31 PK 031.950,47.244076,5.071939,6,2,1
202100021965,162Â 367,A01,1,1,1,1,1,-1,-1,0,0,-1,2021,42.0,2,2,0,2,3,13,1,,3,7,0,,2,3,0,1,82,200,1,, -1,1,0,1,80,30,8,2021,15:45,1,83,83086,1,1,0,1,Route de Frejus,43.468315,6.58639,15,2,2
202100004632,193Â 488,A01,1,1,1,0,1,0,-1,-1, -1,-1,2021,39.0,2,2,0,0,9,1,1,,1,AUTOROUTE A104,0,,3,3,0,1,4,0,1,, -1,2,0,2,90,5,12,2021,22:10,3,93,93078,1,1,1,7,AUTOROUTE A104,48.95876,2.53455,22,1,1
202100027472,152Â 623,B01,2,2,1,5,2,-1,-1,0,0,-1,2021,15.0,2,1,0,2,8,13,1,,4,,-1,,2,2,2,1,(1),(1),1,,4,1,0,1,50,24,7,2021,16:40,1,33,33238,2,1,0,3,5 Avenue de la Duragne,44.732238,-0.593492,16,5,2
202100043169,124Â 503,A01,1,1,1,9,2,6,-1,-1, -1,-1,2021,60.0,2,1,0,2,1,23,1,,4,POTTIER (EUGENE),0,,2,2,0,1,(1),(1),1,, -1,1,0,1,30,21,4,2021,09:20,1,35,35238,2,3,0,2,POTTIER (EUGENE),48.10418,-1.7072,9,2,2
202100054796,103Â 848,B01,1,1,1,9,2,0,-1,-1, -1,-1,2021,47.0,2,1,0,2,2,1,1,,4,RICHARD WAGNER (RUE),0,,1,1,0,1,0,0,1,, -1,2,0,1,50,15,1,2021,11:50,1,93,93007,2,9,0,3,RICHARD WAGNER (RUE),48.9381112755,2.4712868984,11,2,2
202100031844,144Â 833,A01,1,1,1,5,2,0,-1,0,0,-1,2021,36.0,2,1,0,2,1,9,1,,4,HOSPICE (RUE DE L'),0,,2,2,0,2,(1),(1),1,, -1,1,0,1,50,28,6,2021,15:55,1,71,71306,2,1,0,3,21 Rue de lâHospice,46.66679,4.36086,15,3,2
202100029731,148Â 647,B01,1,1,1,0,2,6,-1,-1, -1,-1,2021,42.0,2,1,0,2,8,1,1,,1,AUTOROUTE A3,0,,3,8,0,1,9,100,1,, -1,1,0,1,90,9,7,2021,11:30,1,93,93010,1,1,0,3,AUTOROUTE A3,48.91577,2.47758,11,2,2
202100004397,193Â 895,A01,1,1,1,1,2,0,-1,0,0,-1,2021,57.0,1,1,0,2,7,17,5,,4,VOIE GEORGES POMPIDOU,0,,2,3,1,1,(1),(1),1,, -1,3,-1,5,30,6,12,2021,08:40,1,75,75116,2,1,0,3,VOIE GEORGES POMPIDOU,48.856771,2.2871,8,2,2
202100001771,198Â 625,A01,1,1,1,5,1,-1,-1,0,0,-1,2021,23.0,1,2,6,0,3,0,1,,3,453,-1,,2,2,0,2,0,900,1,, -1,1,0,1,-1,23,12,2021,22:00,5,51,51535,2,1,0,7,Rue de Vindey,48.715865,3.724058,22,1,1
202100042681,125Â 342,A01,1,1,1,5,8,8,-1,-1, -1,-1,2021,33.0,1,2,2,0,6,13,1,,3,,0,,1,2,0,1,(1),(1),3,, -1,1,5,3,50,24,4,2021,21:30,3,71,71540,1,6,0,6,Rond-Point du Vieux Saule,46.7674445175,4.4527675088,21,1,1
202100031751,145Â 006,A01,1,1,2,0,1,0,-1,-1, -1,-1,2021,29.0,2,2,0,9,1,1,1,,4,"""PERI GABRIEL, NR 2  A 114 ET 1 A 133""",0,,1,1,0,1,0,0,1,, -1,1,0,1,30,29,6,2021,13:25,1,93,93066,2,1,0,1,"""PERI GABRIEL, NR 2  A 114 ET 1 A 133""",48.939232,2.356511,13,1,1
202100006800,189Â 626,A01,10,3,1,4,0,-1,-1,6,9,1,2021,51.0,1,2,0,1,2,1,1,,1,86,0,,-1,3,0,1,78,239,1,, -1,1,0,1,70,22,11,2021,11:00,1,92,92050,1,1,0,6,A86,48.8919195014,2.1788476632,11,2,1
202100020129,165Â 645,A01,2,2,1,0,1,0,-1,-1, -1,-1,2021,54.0,1,2,0,2,1,2,1,,3,VAILLANT-COUTURIER (AVENUE PAUL),0,,2,2,0,1,0,0,1,, -1,1,5,1,50,7,9,2021,14:30,1,93,93027,2,1,0,2,Avenue Paul Vaillant Couturier,48.92779,2.41834,14,4,2
202100024446,157Â 981,B01,1,1,1,3,2,6,9,0,0,-1,2021,24.0,1,1,0,2,1,2,1,,3,11,-1,,3,2,0,1,16,380,1,,"5,5",1,2,1,80,10,8,2021,11:50,1,66,66037,1,9,0,2,DÃ©partementale D 11,42.714377,3.014835,11,2,2
202100025176,156Â 656,A01,1,1,1,5,2,6,9,0,0,-1,2021,19.0,1,1,13,0,1,1,1,,3,2,-1,,2,2,0,2,3,610,2,, -1,1,0,3,80,8,8,2021,16:12,1,81,81220,1,1,0,6,D2,43.846271,1.708921,16,1,1
202100045858,119Â 784,B01,1,1,1,5,2,-1,-1,0,0,-1,2021,26.0,1,1,0,2,2,26,5,,2,102,-1,,2,2,0,1,26,400,2,, -1,1,0,1,80,31,3,2021,18:00,1,43,43152,1,6,1,3,Rond-point du Collet,45.0662591493,3.8507992029,18,2,2
202100054547,104Â 271,A01,1,1,1,0,1,0,-1,-1, -1,-1,2021,37.0,2,2,0,2,5,0,1,,1,AUTOROUTE A86,0,,3,8,0,1,27,299,1,, -1,1,0,1,90,18,1,2021,09:40,1,93,93064,1,1,0,3,AUTOROUTE A86,48.87612,2.47846,9,2,2
202100050090,112Â 202,A01,1,1,1,5,2,6,-1,0,0,-1,2021,14.0,3,0,16,0,0,1,1,,4,,0,,2,2,0,4,(1),(1),1,, -1,1,0,1,30,26,2,2021,16:20,1,11,11004,1,4,0,7,Chemin du Bonnarel,43.101641,2.095267,16,1,1
202100023088,160Â 343,B01,1,1,1,0,8,0,-1,-1, -1,-1,2021,35.0,0,1,1,0,2,1,1,,7,MERCANTOUR (BD),0,,1,2,0,1,(1),(1),1,, -1,1,0,1,30,26,7,2021,15:20,1,6,6088,1,1,0,6,MERCANTOUR (BD),43.68661,7.1974,15,1,1
202100027723,152Â 160,A01,1,1,1,1,1,0,-1,-1, -1,-1,2021,25.0,2,2,0,2,1,1,1,,7,MONTESQUIEU (BOULEVARD),0,,2,2,0,1,(1),(1),1,, -1,1,0,1,50,21,7,2021,06:40,1,59,59512,2,1,0,2,MONTESQUIEU (BOULEVARD),50.686325,3.157636,6,2,2
202100023272,160Â 019,A01,1,1,1,0,1,0,-1,-1, -1,-1,2021,72.0,3,2,0,2,2,0,6,,4,JEAN MERMOZ (AVENUE),0,,2,2,0,1,(1),(1),3,, -1,1,9,1,70,19,8,2021,13:30,1,60,60057,2,1,0,3,Avenue Jean Mermoz,49.43802,2.06882,13,2,2
202100017816,169Â 773,A01,1,1,2,5,1,-1,-1,-1, -1,-1,2021,56.0,2,2,1,0,1,1,1,,4,VALLEE (RUE DE LA),0,,2,2,0,1,0,0,1,, -1,1,0,1,50,20,9,2021,01:15,5,76,76351,2,1,0,6,VALLEE (RUE DE LA),49.49451,0.15393,1,1,1
202100038909,132Â 080,B01,2,2,2,0,2,0,-1,0,0,-1,2021,18.0,2,1,0,2,1,1,1,,4,REPUBLIQUE (AVENUE DE LA),0,,3,2,2,1,(1),(1),1,, -1,1,-1,1,50,20,5,2021,15:25,1,63,63113,2,2,0,3,REPUBLIQUE (AVENUE DE LA),45.78756,3.10575,15,3,2
202100025204,156Â 613,A01,1,1,1,5,0,-1,-1,0,0,-1,2021,76.0,2,1,0,2,4,2,5,,3,652,0,,2,2,0,1,66,500,1,, -1,1,0,1,80,5,8,2021,23:45,3,40,40266,1,1,0,2,Route du Nel,44.04741,-1.235232,23,4,3
202100015851,173Â 341,B01,1,1,1,5,1,0,-1,0,0,-1,2021,40.0,1,2,0,2,4,1,1,,1,A4,0,,3,4,0,1,6,0,1,, -1,2,0,1,90,1,10,2021,22:20,3,75,75112,1,1,1,4,A4,48.8239788177,2.4631047249,22,3,3
202100054633,104Â 134,B01,1,1,2,1,1,-1,-1,0,0,-1,2021,24.0,2,2,0,2,3,1,1,,3,D994,-1,,2,2,0,1,18,377,1,, -1,1,0,1,90,19,1,2021,13:00,1,3,3226,1,1,0,1,D994,46.3694589268,3.8585452398,13,2,2