Num_Acc,id_vehicule,num_veh,place,catu,sexe,trajet,secu1,secu2,secu3,locp,actp,etatp,year_acc,victim_age,senc,catv,obs,obsm,choc,manv,motor,occutc,catr,voie,v1,v2,circ,nbv,vosp,prof,pr,pr1,plan,lartpc,larrout,surf,infra,situ,vma,jour,mois,an,hrmn,lum,dep,com,agg_,int,atm,col,adr,lat,long,hour,nb_victim,nb_vehicules
202100008195,187Â 074,B01,1,1,1,1,2,-1,-1,0,0,-1,2021,34.0,1,1,0,2,1,1,1,,3,810,0,A,2,2,3,1,99,0,1,, -1,1,0,1,80,8,11,2021,17:30,2,40,40284,1,3,0,2,Route de Bayonne,43.648987,-1.327366,17,2,2
202100055684,102Â 325,B01,1,1,1,1,2,0,-1,0,0,-1,2021,36.0,2,1,0,2,4,13,5,,4,RUE DE LA PEPINIERE,0,,1,3,3,1,(1),(1),1,, -1,1,-1,6,50,8,1,2021,17:45,5,75,75108,2,1,0,3,RUE DE LA PEPINIERE,48.875022,2.321286,17,2,2
202100053632,105Â 861,A01,10,3,1,3,0,-1,-1,3,3,1,2021,87.0,2,1,0,1,1,1,1,,4,GENERAL DE GAULLE (AV DU),0,,2,2,0,1,0,0,1,, -1,1,0,1,50,25,1,2021,17:40,2,94,94067,2,1,0,6,GENERAL DE GAULLE (AV DU),48.8459,2.41768,17,2,1
202100006889,189Â 457,A01,1,1,1,9,2,8,-1,-1, -1,-1,2021,58.0,2,1,4,0,8,1,1,,1,A50-Sens Aubagne vers Marseille,0,,1,3,0,1,9,500,1,, -1,2,0,1,90,21,11,2021,18:09,3,13,13211,1,1,0,6,A50-Sens Aubagne vers Marseille,43.2865,5.5079,18,1,1
202100033194,142Â 430,A01,3,2,2,5,1,0,-1,-1, -1,-1,2021,23.0,1,2,6,0,1,1,1,,4,GAMBARDELLA EMANUEL (RUE),0,,2,1,0,1,(1),(1),1,, -1,1,0,4,50,18,6,2021,23:00,5,34,34032,2,1,0,6,GAMBARDELLA EMANUEL (RUE),43.335191,3.24936,23,3,1
202100022327,161Â 726,A01,1,1,2,5,1,-1,-1,0,0,-1,2021,18.0,2,2,13,0,7,13,1,,3,919,0,,2,2,0,1,16,800,1,, -1,1,0,3,80,27,8,2021,18:55,1,67,67099,1,1,0,6,D919,48.955551,7.149138,18,2,1
202100000824,200Â 251,B01,1,1,2,0,1,0,-1,-1, -1,-1,2021,21.0,3,2,0,2,3,1,1,,7,EUROCOPTER CD 20,0,,1,4,0,2,5,0,1,, -1,1,0,1,90,17,12,2021,18:45,3,13,13117,1,1,0,1,EUROCOPTER CD 20,43.43373,5.23507,18,2,2
202100018118,169Â 230,B01,1,1,1,5,8,-1,-1,-1, -1,-1,2021,11.0,3,1,0,2,7,19,5,,4,DE LATTRE DE TASSIGNY      (BD),0,,1,1,0,1,(1),(1),1,, -1,1,0,1,50,14,9,2021,17:00,1,69,69286,2,1,0,6,LATTRE DE TASSIGNY (DE) (BD),45.81364,4.90463,17,2,2
202100000446,200Â 907,B01,2,2,2,9,1,-1,-1,0,0,-1,2021,55.0,1,2,13,0,1,21,1,,3,1054,0,,2,2,0,3,9,890,3,, -1,2,0,3,80,15,9,2021,09:30,1,73,73245,1,1,1,6,RD1504,45.6934411,5.83035,9,3,2
202100013341,177Â 902,A01,10,3,1,2,0,-1,-1,3,3,2,2021,8.0,2,2,0,1,3,1,1,,3,171,0,D,2,2,0,1,1,900,1,, -1,1,9,1,50,15,10,2021,13:20,1,54,54314,2,1,0,6,19 Rue de Longwy,49.5030953953,5.7335811861,13,3,1
202100034388,140Â 271,A01,1,1,1,1,2,-1,-1,0,0,-1,2021,56.0,2,1,0,0,0,1,1,,2,94,0,,2,2,0,1,141,890,2,, -1,1,0,1,80,15,6,2021,18:48,1,5,5006,1,1,0,7,N94,44.771127,6.561306,18,1,1
202100027658,152Â 284,A01,1,1,1,5,2,-1,-1,0,0,-1,2021,33.0,2,1,0,2,8,1,5,,3,114,-1,,2,2,0,1,1,1,1,, -1,1,0,1,80,25,6,2021,18:50,1,59,59069,1,1,0,3,DÃ©partementale 114,50.254559,3.544378,18,2,2
202100004525,193Â 687,B01,1,1,1,4,8,0,-1,0,0,-1,2021,28.0,1,1,0,2,4,1,5,,4,SIX JUIN (AVENUE DU - 11 IMPAIRS 8PAIRS),0,,2,0,0,1,1,0,1,, -1,1,0,1,50,5,12,2021,21:55,5,14,14118,2,1,0,2,SIX JUIN (AVENUE DU - 11 IMPAIRS 8PAIRS),49.17959,-0.3546,21,2,2
202100041801,126Â 889,A01,1,1,2,1,2,6,-1,0, -1,-1,2021,46.0,1,1,0,5,1,21,1,,3,GARSALEC (avenue de),0,,2,2,0,1,4,0,1,, -1,1,0,1,80,30,4,2021,21:15,1,29,29051,1,1,0,6,Avenue de Coray,48.0082810642,-4.0281629562,21,1,1
202100052010,108Â 740,B01,1,1,1,1,8,-1,-1,-1, -1,-1,2021,31.0,2,1,0,2,1,2,5,,4,EPERNAY (AVENUE D') COTE IMPAIR,0,,2,2,0,1,(1),(1),1,, -1,1,0,1,50,9,2,2021,17:20,2,51,51454,2,2,0,6,Avenue dâEpernay,49.2368645961,4.0138556044,17,3,2
202100006381,190Â 389,A01,1,1,1,0,2,0,-1,-1, -1,-1,2021,40.0,1,1,12,0,0,13,1,,3,PATRICK SAINT ELOI ( AVENUE ),0,,1,2,0,1,(1),(1),1,, -1,1,0,1,50,10,9,2021,13:55,1,971,97101,1,1,0,7,PATRICK SAINT ELOI ( AVENUE ),16.25505,-61.52204,13,1,1
202100029526,149Â 017,A01,1,1,2,1,1,-1,-1,0,0,-1,2021,23.0,1,2,0,2,1,13,1,,3,19,0,,2,2,0,1,7,960,3,, -1,2,0,1,80,12,7,2021,08:30,1,45,45179,1,1,1,1,D19-PR 7 + 960 ,47.756089,1.726162,8,2,2
202100050704,111Â 059,A01,1,1,1,5,2,9,-1,0,0,-1,2021,17.0,2,1,0,2,1,17,1,,3,91,0,,2,2,0,1,15,468,1,, -1,1,0,1,80,21,2,2021,17:05,1,78,78548,1,2,0,3,route dÃ©partementale 91,48.713087,2.001901,17,2,2
202100024115,158Â 555,A01,1,1,2,5,8,-1,-1,-1, -1,-1,2021,21.0,2,0,0,0,0,26,3,,4,TRION (DE)                          (R ),0,,2,3,0,2,(1),(1),1,, -1,1,0,1,50,14,8,2021,17:45,1,69,69385,2,1,0,7,TRION (DE) (R),45.7579,4.81402,17,1,1
202100033646,141Â 626,B01,1,1,1,1,2,6,-1,0,0,-1,2021,52.0,1,1,0,2,4,2,1,,4,PLACE DE LA CONCORDE,0,,1,8,0,1,(1),(1),1,, -1,1,0,1,50,18,6,2021,11:20,1,75,75108,2,7,0,2,PLACE DE LA CONCORDE,48.866768,2.322045,11,2,2
202100025017,156Â 934,B01,1,1,1,5,2,0,-1,0,0,-1,2021,38.0,2,1,0,2,0,1,5,,4,AVENUE JEAN JAURES,0,,2,5,1,1,(1),(1),1,, -1,1,0,5,50,8,8,2021,18:45,1,75,75119,2,1,0,3,AVENUE JEAN JAURES,48.889061,2.393942,18,2,2
202100053494,106Â 098,B01,1,1,1,1,2,8,-1,-1, -1,-1,2021,30.0,1,1,0,2,8,1,1,,3,GENERAL MALLERET JOINVILLE (AV DU),0,,3,1,3,2,1,0,1,, -1,2,9,1,50,27,1,2021,08:40,1,94,94003,2,1,1,3,GENERAL MALLERET JOINVILLE (AV DU),48.80429,2.34312,8,2,2
202100006099,190Â 902,A01,1,1,1,2,8,0,-1,0,0,-1,2021,15.0,2,1,0,0,1,1,5,,4,PLACE CAMBRONNE,0,,1,0,0,1,(1),(1),1,, -1,2,0,1,30,26,11,2021,14:30,1,75,75115,2,7,1,7,PLACE CAMBRONNE,48.848021,2.301723,14,1,1
202100020731,164Â 571,A01,7,2,1,5,1,9,-1,0,0,-1,2021,15.0,3,2,13,0,3,2,1,,4,,0,,2,1,0,1,(1),(1),2,,3,1,0,3,80,5,9,2021,18:18,1,76,76258,1,1,1,6,Route de Normanville,49.6879817724,0.5688992143,18,3,1
202100042136,126Â 311,A01,1,1,1,5,2,6,9,0,0,-1,2021,15.0,1,1,0,2,1,1,1,,3,57,0, -,2,2,0,1,23,540,3,, -1,1,0,1,50,23,4,2021,14:45,1,57,57588,2,3,0,1,Route de Mondorff,49.468323,6.239017,14,2,2
202100010042,183Â 745,B01,1,1,1,9,8,0,-1,0,0,-1,2021,20.0,1,1,0,2,1,1,5,,4,BOULEVARD SOULT,0,,1,2,1,1,(1),(1),1,, -1,2,0,5,50,31,10,2021,14:30,1,75,75112,2,3,1,3,BOULEVARD SOULT,48.8437,2.410097,14,2,2
202100023069,160Â 385,A01,1,1,1,0,2,-1,-1,-1, -1,-1,2021,44.0,1,1,13,0,0,1,1,,3,RD 1250 (CAMICAS-OUSTALET),0,,2,2,0,1,45,286,1,, -1,2,0,1,80,2,8,2021,10:00,1,33,33529,1,1,1,6,RD 1250 (CAMICAS-OUSTALET),44.63026,-1.15644,10,1,1
202100030357,147Â 499,A01,10,3,1,5,0,-1,-1,2,3,2,2021,6.0,1,2,1,1,2,14,2,,4,SCHWEITZER (RUE DU DOCTEUR),0,,2,2,0,1,(1),(1),1,, -1,1,0,1,50,6,7,2021,21:00,1,59,59599,2,1,0,6,SCHWEITZER (RUE DU DOCTEUR),50.739831,3.180084,21,2,1
202100007289,188Â 716,B01,1,1,1,0,2,8,-1,-1, -1,-1,2021,28.0,2,1,0,2,8,2,0,,3,,0,,3,2,2,1,11,1000,1,, -1,1,0,5,50,18,11,2021,10:30,1,25,25056,2,1,0,3,LAGRANGE  AVENUE LEO,47.24394,6.00533,10,2,2
202100036367,136Â 695,B01,1,1,1,0,1,-1,-1,-1, -1,-1,2021,35.0,2,2,0,2,4,1,1,,4,OSCHATZ (D')                        (AV),0,,3,2,2,2,(1),(1),1,, -1,2,0,1,50,4,6,2021,22:32,3,69,69259,2,1,1,2,OSCHATZ (D') (AV),45.69416,4.87908,22,2,2
202100018872,167Â 915,A01,1,1,2,5,2,-1,-1,0,0,-1,2021,16.0,2,1,1,0,2,2,1,,7,,0,M,2,2,0,1,2,119,1,, -1,2,0,1,50,15,9,2021,11:50,1,6,6157,2,1,1,6,Route de Cagnes,43.707233,7.131634,11,1,1
202100046270,119Â 068,A01,1,1,1,1,2,6,-1,0,0,-1,2021,39.0,2,1,16,0,4,1,1,,3,660,-1,,2,2,0,1,41,500,1,, -1,1,0,1,80,29,3,2021,04:45,3,89,89151,1,1,0,7,Pont Pourri,48.1183838444,3.1523060869,4,2,2
202100032961,142Â 840,A01,1,1,1,1,1,-1,-1,0,0,-1,2021,49.0,1,2,13,0,1,1,1,,3,12,-1,,2,2,0,1,22,0,1,, -1,1,0,3,80,22,6,2021,03:50,3,72,72346,1,1,0,6,la lande de l'ecu,47.867905,0.014119,3,1,1
202100056033,101Â 729,B01,1,1,1,4,2,4,-1,-1, -1,-1,2021,22.0,2,1,0,2,1,1,1,,4,BARON (RUE MARC),0,,-1,2,0,1,0,0,1,, -1,1,0,1,50,5,1,2021,19:25,5,83,83137,2,3,0,6,BARON (RUE MARC),43.115266,5.936034,19,2,2
202100051988,108Â 780,A01,1,1,2,0,2,8,-1,-1, -1,-1,2021,23.0,1,1,0,2,8,15,5,,4,BERTHELOT                           (AV),0,,1,3,0,1,(1),(1),1,, -1,1,0,1,50,9,2,2021,17:50,5,69,69388,2,1,0,3,BERTHELOT                           (AV),45.73953,4.85941,17,2,2
202100039683,130Â 646,B01,1,1,1,1,2,6,-1,-1,0,-1,2021,40.0,2,1,0,2,1,26,1,,3,SCHUMAN ROBERT (RUE),0,,2,2,0,1,4,0,1,, -1,1,5,1,50,16,5,2021,15:14,1,95,95019,2,2,0,3,Avenue Pierre Curie,48.9854227625,2.4256289005,15,2,2
202100001269,199Â 492,A01,10,3,2,5,0,-1,-1,4,3,1,2021,18.0,3,1,0,1,1,1,1,,4,TITAN (AVENUE) ,0,,2,1,0,1,0,0,1,, -1,1,0,1,50,25,12,2021,02:30,3,974,97407,2,1,0,6,TITAN (AVENUE) ,-20.94524,55.29266,2,2,1
202100054639,104Â 123,A01,10,3,1,9,4,9,-1,1,A,2,2021,46.0,0,2,1,1,2,1,1,,4,,-1,,2,2,0,1,(1),(1),1,, -1,1,0,1,80,19,1,2021,11:10,1,40,40217,1,1,0,6,Route de Lahitte,44.354246,-1.103273,11,2,1
202100002729,196Â 893,A01,1,1,1,1,1,8,-1,-1, -1,-1,2021,68.0,1,2,0,2,2,19,1,,4,RUE DE SEBASTOPOL,0,,1,1,0,1,0,0,1,, -1,1,0,1,50,15,12,2021,06:33,1,988,98818,2,3,0,3,RUE DE SEBASTOPOL,-22.27238,166.44357,6,2,2
202100032194,144Â 217,A01,2,2,1,5,8,-1,-1,0,0,-1,2021,22.0,1,2,0,2,1,26,1,,3,2020,-1,,2,2,0,1,2,(1),1,, -1,1,0,1,90,18,6,2021,21:15,1,28,28319,1,2,0,1,D2020,48.27878,1.977582,21,5,2
202100048456,115Â 146,A01,1,1,1,5,2,6,-1,-1, -1,-1,2021,30.0,1,1,0,2,1,2,1,,3,BARBUSSE (AV. HENRI) DE 2 A 124 COTE PAI,0,,3,2,0,1,0,1,1,, -1,2,0,1,30,11,3,2021,15:05,1,93,93010,2,1,1,2,BARBUSSE (AV. HENRI) DE 2 A 124 COTE PAI,48.9011380224,2.4897923522,15,2,2
202100040260,129Â 639,B01,1,1,1,2,2,-1,-1,0,0,-1,2021,19.0,2,1,0,2,1,1,1,,3,95,-1,,2,2,0,1,12,358,1,, -1,1,5,1,50,25,3,2021,18:30,1,35,35096,2,6,0,3,Rue Saint-Pierre,48.073937,-1.396783,18,2,2
202100040961,128Â 401,A01,1,1,1,1,2,6,-1,-1, -1,-1,2021,37.0,2,1,8,2,3,18,1,,3,ALSACE LORRAINE (BD D),0,,1,4,0,2,1,0,1,, -1,1,0,1,50,7,5,2021,19:50,1,94,94058,2,1,0,3,Boulevard dâAlsace-Lorraine,48.85034,2.501318,19,3,2
202100018239,169Â 005,A01,1,1,1,5,2,6,9,0,0,-1,2021,24.0,1,1,9,0,9,0,1,,3,,-1,,2,2,0,2,1,346,3,, -1,1,0,8,70,18,9,2021,12:55,1,76,76179,1,1,0,6,Avenue du Parc,49.591887,1.096562,12,1,1
202100010526,182Â 911,B01,1,1,1,1,8,0,-1,-1, -1,-1,2021,20.0,3,1,0,2,1,0,3,,4,CHATAIGNIERS (RUE DES),0,,2,2,0,1,1,0,1,, -1,1,5,1,50,27,10,2021,16:30,1,45,45235,2,3,0,3,CHATAIGNIERS (RUE DES),47.9459,1.84441,16,2,2
202100051683,109Â 314,B01,1,1,2,5,1,-1,-1,-1, -1,-1,2021,71.0,2,2,0,2,4,1,1,,3,BISCAROSSE (AVE DE) JUSQU'A DUNE,0,,2,2,0,1,23,920,1,, -1,1,0,1,80,12,2,2021,16:20,1,33,33529,1,1,0,2,,44.476421,-1.235098,16,2,2
202100001586,198Â 974,A01,1,1,1,5,8,0,-1,-1, -1,-1,2021,21.0,2,1,0,2,1,15,3,,4,,0,,2,2,0,1,(1),(1),1,, -1,1,0,1,50,22,12,2021,12:32,1,66,66136,2,1,0,2,JOFFRE (AVENUE DU MARECHAL CD 88),42.7198,2.88656,12,2,2
202100028560,150Â 668,A01,8,2,1,4,1,-1,-1,0,0,-1,2021,35.0,2,2,0,2,2,17,1,,3,820,-1,,2,2,0,1,66,694,1,, -1,1,9,1,80,17,7,2021,19:30,1,31,31145,1,1,0,3,D820 - PK66+900,43.288999,1.537228,19,4,2
202100015035,174Â 833,A01,1,1,1,0,1,8,-1,-1, -1,-1,2021,41.0,1,2,13,0,1,14,1,,3,23,0,,2,2,0,2,2,580,1,, -1,1,0,3,50,1,10,2021,17:10,1,56,56083,2,1,0,6,Avenue Edouard Vaillant,47.81671,-3.25665,17,1,1
202100052156,108Â 486,A01,10,3,1,4,0,-1,-1,5,1,2,2021,31.0,1,2,9,1,1,1,1,,3,MARTRE (RUE) DE (59 A 109)   (58 A 120),0,,1,3,1,1,0,0,1,, -1,1,0,4,50,3,2,2021,12:12,1,92,92024,2,2,0,6,MARTRE (RUE) DE (59 A 109)   (58 A 120),48.90172,2.30732,12,5,2
202100050067,112Â 246,B01,1,1,1,0,2,0,-1,-1, -1,-1,2021,62.0,1,1,0,2,8,1,0,,4,ALSACE LORRAINE (R D),0,,1,1,0,1,(1),(1),1,, -1,1,0,1,30,25,2,2021,16:55,1,94,94068,2,1,0,3,ALSACE LORRAINE (R D),48.80537707,2.4756927118,16,2,2
202100004272,194Â 120,A01,10,3,1,9,0,-1,-1,3,3,2,2021,71.0,3,2,0,1,2,1,1,,4,SAINT DIDIER(Avenue),0,,2,2,0,1,(1),(1),1,, -1,1,0,1,50,9,11,2021,08:30,1,26,26198,2,3,0,6,4 Avenue Saint Didier,44.550799,4.747564,8,2,1
202100033940,141Â 094,A01,2,2,1,5,1,-1,-1,0,0,-1,2021,68.0,2,2,6,0,1,14,1,,3,27,0,D,2,2,0,1,36,120,1,, -1,1,0,3,50,17,6,2021,16:10,1,43,43124,2,1,0,6,Coubladour,45.113803,3.744037,16,2,1
202100049743,112Â 831,B01,2,2,2,3,1,8,-1,-1, -1,-1,2021,26.0,2,2,0,2,0,0,1,,3,IMPERIALE - ROUTE,0,,2,2,0,1,1,0,1,, -1,1,5,1,50,28,2,2021,13:11,1,202,202033,2,6,0,3,IMPERIALE - ROUTE,42.66508,9.43856,13,4,2
202100055576,102Â 515,A01,1,1,1,0,1,-1,-1,0,0,-1,2021,22.0,1,2,0,2,7,26,1,,3,39,0,,2,2,0,1,4,850,3,, -1,7,0,1,-1,11,1,2021,12:00,1,51,51092,2,1,0,3,D39,48.7580325498,3.7604682366,12,2,2
202100031159,146Â 037,Z01,10,3,1,5,0,-1,-1,2,3,2,2021,6.0,0,2,0,1,0,0,0,,4,MAHOUBI TIR ,0,,2,2,0,1,0,0,3,, -1,1,0,1,50,3,7,2021,18:00,1,13,13214,2,1,0,6,MAHOUBI TIR ,43.3332055,5.3977304,18,2,1
202100002959,196Â 484,A01,2,2,2,5,1,0,-1,-1, -1,-1,2021,18.0,2,2,16,0,2,1,1,,3,C.D. 533 (VERS LE PUY),0,,2,2,0,2,55,850,2,, -1,1,0,1,80,14,12,2021,17:20,3,7,7281,1,1,0,6,C.D. 533 (VERS LE PUY),44.939939,4.832396,17,2,1
202100021068,163Â 999,B01,1,1,1,0,2,0,-1,-1, -1,-1,2021,16.0,1,1,0,2,1,0,1,,4,CENDRILLES (DES),0,,2,2,0,1,(1),(1),1,, -1,1,0,1,30,3,9,2021,14:35,1,17,17306,2,2,0,3,CENDRILLES (DES),45.649,-1.0398,14,2,2
202100052167,108Â 465,A01,1,1,1,5,2,-1,-1,0,0,-1,2021,52.0,2,1,6,0,3,1,1,,3,137,-1,,2,2,0,1,3,0,2,, -1,1,0,8,80,9,2,2021,17:25,1,202,202346,1,1,0,6,Bernarduccio,42.513993,9.485208,17,1,1
202100006552,190Â 090,A01,10,3,1,3,0,-1,-1,3,3,1,2021,78.0,1,2,0,1,1,1,1,,4,CAMILLE BAYNAC,0,,2,2,0,2,0,0,1,, -1,1,0,6,50,19,11,2021,18:40,3,58,58194,2,3,0,3,CAMILLE BAYNAC,46.9888,3.1332,18,2,1
202100023062,160Â 397,A01,10,3,2,5,8,8,-1,4,3,1,2021,82.0,1,5,0,1,8,1,1,,4,BACCARAT (CARREFOUR DE),0,,1,3,0,1,(1),(1),2,, -1,1,2,1,50,2,8,2021,14:20,1,43,43157,2,1,0,6,2 Avenue de la Dentelle,45.0413342853,3.8882602751,14,2,1
202100023666,159Â 322,A01,2,2,1,0,1,0,-1,-1, -1,-1,2021,17.0,1,2,3,2,6,1,1,,1,A52-Sens Pont de l'Etoile vers Toulon,0,,-1,2,0,1,23,799,1,, -1,1,0,1,110,18,8,2021,00:41,3,13,13005,1,1,0,2,A52-Sens Pont de l'Etoile vers Toulon,43.302768,5.59106,0,8,3
202100009485,184Â 754,A01,10,3,1,0,0,-1,-1,2,3,1,2021,28.0,1,2,0,1,1,1,1,,3,986,0,,-1,2,0,1,0,0,1,, -1,2,0,1,50,4,11,2021,09:30,1,92,92050,2,3,0,6,REPUBLIQUE AVENUE DE LA,48.9119053555,2.2229665518,9,3,1
202100026343,154Â 606,A01,10,3,1,9,0,-1,-1,9,2,2,2021,54.0,1,2,0,1,1,26,1,,6,DUCATTE (PLACE EMILE),0,,-1,-1,0,1,0,0,1,, -1,1,0,1,30,30,7,2021,15:00,1,93,93077,2,1,0,6,Parking Place Emile Ducate,48.88408,2.51065,15,3,1
202100012903,178Â 666,A01,10,3,2,5,0,-1,-1,1,1,1,2021,6.0,2,2,0,1,8,1,1,,4,PRIMEVERES (RUE DES),0,,2,1,0,1,0,0,1,, -1,1,0,1,30,16,10,2021,18:26,1,92,92002,2,1,0,6,PRIMEVERES (RUE DES),48.7607664372,2.2895616003,18,2,1
202100041183,127Â 986,B01,1,1,1,0,1,-1,-1,0,0,-1,2021,51.0,1,2,0,2,1,1,1,,3,965,-1,,2,3,0,2,49,700,3,, -1,2,0,1,80,4,5,2021,17:00,1,89,89034,1,1,1,5,D 965,47.81267,3.70251,17,3,3
202100051738,109Â 212,A01,2,2,1,5,1,-1,-1,0,0,-1,2021,14.0,2,5,0,2,1,17,1,,1,75,-1,,3,4,0,3,153,100,1,, -1,2,0,1,130,13,2,2021,11:06,1,48,48005,1,1,0,2,Autoroute A75 - PK 153+100 - Sens Sud/Nord,44.580656,3.249652,11,3,2
202100043313,124Â 240,B01,1,1,1,0,2,0,-1,-1, -1,-1,2021,28.0,3,1,0,2,1,1,1,,4,,0,,1,1,0,1,0,1,1,, -1,1,5,1,50,20,4,2021,19:10,1,74,74012,2,2,0,3,BASTIN (RUE ALFRED),46.191505,6.238946,19,3,2
202100028780,150Â 278,B01,1,1,1,0,1,-1,-1,-1, -1,-1,2021,24.0,2,2,4,0,1,1,1,,1,A7   15.770 A 20.110,0,,3,6,0,1,18,399,1,, -1,2,0,1,110,14,7,2021,23:55,3,69,69297,1,1,0,6,A7,45.6026736491,4.7972363215,23,5,2
202100050751,110Â 965,B01,1,1,1,1,2,6,-1,-1, -1,-1,2021,42.0,1,1,0,2,1,1,1,,4,MORGIOU (chemin de ),0,,2,0,0,1,(1),(1),1,, -1,1,0,1,50,20,2,2021,18:30,3,13,13209,2,3,0,3,MORGIOU (chemin de ),43.2389330689,5.4082062493,18,2,2
202100014669,175Â 496,A01,1,1,1,1,1,-1,-1,0,0,-1,2021,22.0,2,2,0,2,1,13,1,,3,35,-1,,2,2,0,1,25,115,1,, -1,1,0,1,80,8,10,2021,13:00,1,50,50565,1,1,0,1,D35 la Croix,48.77138,-1.431055,13,2,2
202100014327,176Â 095,A01,10,3,1,3,0,-1,-1,3,3,1,2021,65.0,1,2,0,1,2,15,1,,4,MAURICE MARIE-CLAIRE(RUE),0,,1,2,0,1,(1),(1),2,, -1,1,0,1,30,8,10,2021,09:20,1,971,97105,2,2,0,6,MAURICE MARIE-CLAIRE(RUE),15.99603,-61.73057,9,2,1
202100043041,124Â 739,A01,1,1,1,5,2,6,-1,-1, -1,-1,2021,39.0,3,1,10,0,1,15,1,,4,PIERRE GUERRE (ROND-POINT),0,,1,1,0,1,1,0,2,, -1,1,5,3,50,22,4,2021,23:00,5,13,13208,2,6,0,7,PIERRE GUERRE (ROND-POINT),43.25034,5.389,23,2,1
202100022943,160Â 612,A01,1,1,1,5,2,6,-1,0,0,-1,2021,44.0,2,1,0,0,8,1,1,,3,8,0,,2,2,0,2,20,755,1,, -1,1,0,1,80,22,8,2021,23:05,3,14,14412,1,1,0,7,D8,49.04661,-0.597376,23,1,1
202100020548,164Â 904,A01,1,1,2,0,8,0,-1,-1, -1,-1,2021,29.0,1,1,0,2,8,13,3,,4,CHARITE (ROUTE DE LA),0,,3,4,0,1,(1),0,1,, -1,9,0,1,50,31,8,2021,08:52,1,18,18033,2,1,0,3,CHARITE (ROUTE DE LA),47.094299,2.412073,8,2,2
202100054329,104Â 649,A01,10,3,1,5,0,-1,-1,3,3,1,2021,37.0,3,2,0,1,2,26,1,,3,BAR LE DUC (ROUTE DE),0,,3,2,0,1,0,1,1,, -1,1,9,1,50,7,1,2021,17:45,5,52,52448,2,9,0,6,BAR LE DUC (ROUTE DE),48.64907,4.9589,17,2,1
202100056354,101Â 169,C01,1,1,1,1,1,-1,-1,0,0,-1,2021,54.0,2,2,0,2,1,1,1,,7,613,0,,2,2,0,1,38,400,1,, -1,7,0,1,50,4,1,2021,08:37,2,34,34095,1,1,0,5,Route Departementale 613,43.544403,3.773407,8,3,3
202100045630,120Â 174,A01,10,3,1,5,0,-1,-1,2,5,2,2021,9.0,1,0,0,1,1,1,3,,4,BOULEVARD AUGUSTE BLANQUI,0,,1,2,1,1,(1),(1),1,, -1,1,-1,5,50,1,4,2021,18:45,1,75,75113,2,1,0,6,BOULEVARD AUGUSTE BLANQUI,48.830801,2.345365,18,2,1
202100018082,169Â 308,B01,9,2,1,5,1,3,-1,0,0,-1,2021,6.0,2,2,0,2,2,1,1,,3,45,0,D,2,2,0,1,15,489,1,,4,1,0,1,80,19,9,2021,15:35,1,81,81100,1,3,0,3,D45,43.480042,2.008594,15,3,2
202100030677,146Â 920,A01,1,1,2,5,8,0,-1,-1, -1,-1,2021,27.0,2,2,4,0,1,26,1,,2,RN 104,0,,1,3,0,2,40,500,3,, -1,1,0,1,70,5,7,2021,21:59,3,91,91521,1,1,0,6,RN 104,48.63224,2.40113,21,1,1
202100011244,181Â 634,A01,1,1,2,9,2,0,-1,0,0,-1,2021,49.0,1,1,0,2,1,1,5,,4,QUAI HENRI IV,0,,2,0,1,1,(1),(1),1,, -1,1,0,5,30,23,10,2021,17:15,1,75,75104,2,4,0,1,QUAI HENRI IV,48.84712,2.364974,17,2,2
202100004560,193Â 625,B01,1,1,1,5,2,6,-1,-1, -1,-1,2021,34.0,1,1,0,0,7,1,1,,3,FOCH (BOULEVARD),0,,2,2,0,1,0,1,1,, -1,2,0,1,50,5,12,2021,00:25,5,93,93031,2,1,1,3,FOCH (BOULEVARD),48.94621,2.33465,0,2,2
202100012578,179Â 233,A01,1,1,1,3,2,6,-1,0,0,-1,2021,70.0,3,1,6,0,1,19,0,,6,,0,,-1,-1,0,1,(1),(1),1,,4,1,6,8,30,19,10,2021,15:45,1,26,26313,2,1,0,6,Chemin de Laye,44.961169,4.937292,15,1,1
202100052176,108Â 446,B01,2,2,2,3,2,-1,-1,0,0,-1,2021,18.0,3,1,0,2,6,1,1,,4,13,2,D,2,2,0,2,13,0,1,, -1,2,0,1,50,7,2,2021,16:40,1,72,72269,2,1,0,3,Rue de la Perrine,47.919336,0.742037,16,3,2
202100016237,172Â 608,B01,2,2,1,5,2,0,-1,0,0,-1,2021,25.0,1,1,0,2,1,2,1,,4,RUE DE RENNES,0,,2,4,0,1,(1),(1),1,, -1,1,0,1,30,29,9,2021,18:30,1,75,75106,2,1,0,2,RUE DE RENNES,48.84626,2.326175,18,3,2
202100007156,188Â 978,A01,10,3,1,0,0,-1,-1,2,3,2,2021,6.0,1,1,0,1,2,19,1,,4,PASTEUR                             (R ),0,,2,2,2,2,(1),(1),1,, -1,1,0,1,50,18,11,2021,18:00,5,69,69034,2,1,0,6,PASTEUR (R),45.79458,4.84686,18,2,1
202100044293,122Â 491,A01,1,1,1,1,8,0,-1,0,0,-1,2021,58.0,1,1,0,2,3,1,5,,4,RUE DES PYRENEES,0,,2,2,0,2,(1),(1),1,, -1,1,0,1,50,12,4,2021,18:35,1,75,75120,2,7,0,3,RUE DES PYRENEES,48.865074363,2.3983442728,18,2,2