Num_Acc,id_vehicule,num_veh,place,catu,sexe,trajet,secu1,secu2,secu3,locp,actp,etatp,year_acc,victim_age,senc,catv,obs,obsm,choc,manv,motor,occutc,catr,voie,v1,v2,circ,nbv,vosp,prof,pr,pr1,plan,lartpc,larrout,surf,infra,situ,vma,jour,mois,an,hrmn,lum,dep,com,agg_,int,atm,col,adr,lat,long,hour,nb_victim,nb_vehicules
202100031550,145Â 364,A01,1,1,1,1,1,-1,-1,-1,0,-1,2021,57.0,2,2,4,0,1,14,1,,1,AUTOROUTE A115,0,,3,4,0,1,0,699,2,, -1,2,0,1,90,30,6,2021,06:00,1,95,95582,1,1,1,6, A115,48.97557,2.24073,6,1,1
202100029676,148Â 749,A01,1,1,1,5,1,-1,-1,0,0,-1,2021,20.0,2,2,3,0,2,1,1,,1,87,-1,A,3,4,0,1,116,204,1,, -1,1,0,2,130,11,7,2021,02:10,3,85,85191,1,1,0,7,A.87,46.65158,-1.38613,2,1,1
202100032277,144Â 066,A01,10,3,1,9,0,-1,-1,5,B,2,2021,4.0,0,1,0,1,1,1,1,,4,BASTIE (RUE MARYZE),0,,1,1,0,1,(1),(1),1,, -1,1,6,4,30,23,6,2021,12:00,1,45,45338,2,1,0,6,Rue Maryse Bastie,47.98208,2.72189,12,2,1
202100001201,199Â 624,A01,1,1,1,5,8,0,-1,-1, -1,-1,2021,20.0,3,1,0,0,1,26,1,,3,ROCADE NORD - RD 6113,0,,2,2,0,1,0,0,1,, -1,1,0,1,70,26,12,2021,16:05,1,11,11069,1,1,0,7,ROCADE NORD - RD 6113,43.23351,2.36871,16,1,1
202100056040,101Â 717,A01,1,1,2,3,1,5,-1,-1, -1,-1,2021,51.0,2,2,7,2,1,2,1,,3,101,0,,2,2,0,2,2,492,1,, -1,2,5,1,50,5,1,2021,18:00,5,56,56260,2,6,0,2,VINCIN (GIRATOIRE DU),47.64939,-2.79677,18,4,2
202100041786,126Â 919,B01,2,2,2,0,1,-1,-1,-1, -1,-1,2021,17.0,0,2,0,2,0,0,1,,4,COQUELICOTS. RUE DES,0,,2,2,0,1,(1),(1),1,, -1,2,-1,1,50,1,5,2021,20:10,1,76,76575,2,1,0,5,COQUELICOTS. RUE DES,49.39094,1.09774,20,4,3
202100024931,157Â 097,B01,1,1,1,5,0,-1,-1,0,0,-1,2021,8.0,3,1,0,2,1,15,5,,3,958,-1,,2,2,0,2,13,340,1,,4,1,0,1,80,9,8,2021,18:20,1,82,82187,1,3,0,3,Pech Grimal,44.147406,1.855633,18,3,2
202100040321,129Â 531,B01,1,1,1,0,8,0,-1,-1, -1,-1,2021,25.0,1,1,0,2,2,1,5,,4,JOSEPH DESSAIX,0,,2,2,0,1,1,0,1,, -1,2,0,1,30,11,5,2021,12:40,1,74,74010,2,1,1,3,JOSEPH DESSAIX,45.90913,6.12463,12,2,2
202100056218,101Â 407,A01,2,2,2,5,1,-1,-1,0,0,-1,2021,83.0,2,2,0,0,9,1,1,,3,109,0,A,2,2,0,2,6,880,3,, -1,1,0,1,80,5,1,2021,18:16,3,73,73303,1,1,0,7,RD 109 lieu dit BANGE,45.755927,6.444651,18,2,1
202100043069,124Â 690,A01,2,2,1,5,1,0,-1,-1, -1,-1,2021,30.0,2,2,0,2,1,9,1,,4,R DU PLESSIS TREVISE ,0,,2,2,0,1,1,0,1,, -1,1,0,1,50,22,4,2021,17:58,1,94,94017,2,3,0,3,PLESSIS TREVISE (R DU),48.8112,2.55661,17,5,2
202100034117,140Â 778,B01,1,1,1,1,1,7,-1,-1, -1,-1,2021,37.0,1,2,0,2,3,26,0,,3,MARECHAL FOCH (AVENUE) PL J.MERMOZ->2 CO,0,,1,2,0,1,1,0,1,, -1,1,0,1,50,16,6,2021,08:40,1,93,93049,2,2,0,3,Avenue du MarÃ©chal Foch / Avenue Georges ClÃ©menceau,48.86245,2.50446,8,2,2
202100026260,154Â 761,A01,10,3,1,0,8,8,-1,0,1,1,2021,27.0,2,2,0,1,3,15,5,,3,PELLETIER (ROUTE DE),0,,2,1,0,1,2,0,1,, -1,1,9,8,30,29,7,2021,08:20,1,972,97213,1,9,0,6,PELLETIER (ROUTE DE),14.65685,-60.97979,8,2,1
202100041736,127Â 010,A01,1,1,1,5,1,-1,-1,0,0,-1,2021,38.0,0,2,2,0,3,1,1,,4,,-1,,2,1,0,1,(1),(1),1,, -1,2,0,3,80,29,4,2021,03:00,3,38,38507,1,1,1,5,Chemin du PrieurÃ©,45.7361792833,5.1707518101,3,1,1
202100039643,130Â 731,A01,1,1,2,0,8,-1,-1,0,0,-1,2021,78.0,1,2,0,0,0,0,1,,3,438,-1,,2,2,0,1,14,1200,1,, -1,2,0,1,50,17,5,2021,13:46,1,25,25370,2,1,1,6,D438,47.436136,6.782176,13,2,2
202100039392,131Â 185,A01,1,1,2,4,1,0,-1,-1, -1,-1,2021,20.0,2,4,4,0,2,21,1,,1,AUTOROUTE A6A,0,,3,6,0,2,2,0,3,, -1,2,0,2,70,19,5,2021,02:12,5,94,94003,1,1,0,7,AUTOROUTE A6A,48.80166,2.34204,2,1,1
202100052422,108Â 009,A01,10,3,2,0,0,-1,-1,3,3,1,2021,16.0,0,1,0,1,7,1,1,,4,PAIX (DE LA ),0,,2,2,0,1,0,0,1,, -1,2,6,1,50,2,2,2021,07:30,5,55,55545,2,1,1,7,PAIX (DE LA ),49.1636,5.38,7,2,1
202100015206,174Â 521,B01,2,2,2,5,1,0,-1,-1, -1,-1,2021,43.0,2,2,0,2,4,2,1,,1,A12 W,0,,3,4,0,1,1,399,1,, -1,1,0,1,110,4,10,2021,10:00,1,78,78043,1,1,0,2,A12 W,48.83346,2.08564,10,3,2
202100030247,147Â 700,B01,1,1,2,1,2,6,-1,-1, -1,-1,2021,25.0,1,1,0,2,1,1,1,,3,907,0,,3,2,1,1,0,0,1,, -1,1,0,1,50,6,7,2021,18:40,1,92,92033,2,3,0,3,GENERAL DE GAULLE,48.839834,2.191091,18,2,2
202100036828,135Â 872,A01,10,3,1,1,0,-1,-1,1,9,2,2021,43.0,2,2,0,2,2,21,1,,4,PORTE DE CLICHY,0,,1,3,3,2,(1),(1),1,, -1,1,0,1,50,2,6,2021,13:15,1,75,75117,2,4,0,6,PORTE DE CLICHY,48.897468,2.312269,13,3,1
202100002354,197Â 573,B01,1,1,1,0,1,0,-1,-1, -1,-1,2021,25.0,1,2,0,2,4,1,1,,1,A4,0,,3,4,0,1,14,0,1,, -1,1,0,1,110,18,12,2021,02:35,3,93,93051,1,1,0,6,A4,48.8355,2.5644,2,2,2
202100005904,191Â 234,A01,1,1,1,0,1,0,-1,-1, -1,-1,2021,32.0,2,2,0,2,1,2,1,,3,RD 23 (RTE),0,,3,4,0,1,49,759,1,, -1,2,0,1,110,26,11,2021,17:00,3,72,72181,1,1,1,2,RD 23 (RTE),47.96888,0.23504,17,2,2
202100009435,184Â 834,A01,1,1,2,5,2,0,-1,-1, -1,-1,2021,35.0,2,1,0,2,3,1,1,,4,DE GAULLE (AVENUE DU GENERAL),0,,2,2,0,1,(1),(1),1,, -1,1,0,1,50,4,11,2021,20:20,5,37,37261,2,3,0,3,DE GAULLE (AVENUE DU GENERAL),47.3808656002,0.6999380937,20,2,2
202100041238,127Â 888,A01,1,1,2,5,1,-1,-1,-1,0,-1,2021,30.0,2,2,4,0,1,1,1,,2,RN 184,0,,3,3,0,2,11,0,2,, -1,2,0,1,70,6,5,2021,09:45,1,95,95394,1,1,1,6,A115,49.05131,2.18207,9,1,1
202100005656,191Â 681,A01,1,1,1,1,2,6,-1,-1, -1,-1,2021,34.0,1,1,0,2,0,0,1,,2,186,0,,1,0,0,1,1,0,1,, -1,1,9,8,70,29,11,2021,20:50,3,94,94065,1,9,0,3,RN 186,48.75477,2.34647,20,3,2
202100049495,113Â 281,B01,1,1,1,5,2,-1,-1,-1, -1,-1,2021,18.0,3,1,0,2,1,1,1,,3,VILLEDIEU LES POELES (ROUTE),0,,2,2,0,1,29,813,1,, -1,1,5,1,70,27,2,2021,15:23,1,50,50218,2,2,0,3,VILLEDIEU LES POELES (ROUTE),48.83762,-1.54662,15,2,2
202100047995,115Â 951,B01,1,1,2,5,1,-1,-1,0,0,-1,2021,66.0,2,2,0,2,3,1,1,,2,7,-1,,2,2,0,1,6,500,1,, -1,2,8,1,50,15,3,2021,15:35,1,3,3316,1,1,1,1,RN 7,46.651725,3.265859,15,2,2
202100014919,175Â 048,A01,1,1,1,1,1,-1,-1,0,0,-1,2021,31.0,2,2,13,0,1,1,1,,3,D49,0,D,2,2,0,2,(1),(1),1,, -1,2,0,3,-1,6,10,2021,07:10,3,59,59387,1,1,0,6,Rue FranÃ§ois Mitterrand,50.290916,3.272424,7,1,1
202100007600,188Â 154,A01,10,3,1,0,0,-1,-1,3,3,2,2021,43.0,3,2,0,1,1,1,1,,7,TORPILLEUR SIROCCO (RUE DU),0,,3,2,0,1,(1),(1),1,, -1,1,0,1,50,17,11,2021,07:28,5,63,63113,2,1,0,6,TORPILLEUR SIROCCO (RUE DU),45.81583,3.10693,7,2,1
202100047953,116Â 022,A01,1,1,1,1,2,6,-1,0,0,-1,2021,59.0,2,1,1,0,2,14,1,,4,AVENUE D IENA,0,,2,2,0,2,(1),(1),1,, -1,2,0,1,50,12,3,2021,18:13,5,75,75116,2,1,1,6,AVENUE D IENA,48.868684,2.295712,18,1,1
202100046837,118Â 060,A01,7,2,1,5,1,-1,-1,0,0,-1,2021,21.0,2,2,8,0,3,14,1,,3,365,0,D,2,2,0,2,3,640,4,0,"3,6",1,0,3,70,25,3,2021,02:00,5,16,16195,1,1,0,6,Route de Boistizon,45.861538,0.461552,2,3,1
202100056161,101Â 500,B01,1,1,1,2,2,6,-1,-1, -1,-1,2021,16.0,1,1,0,2,1,19,1,,3,EST (BOULEVARD DE L'),0,,3,4,1,1,22,730,1,, -1,2,5,1,50,4,1,2021,17:05,5,50,50602,2,2,1,1,EST (BOULEVARD DE L'),49.63517,-1.58647,17,2,2
202100037839,134Â 021,A01,1,1,1,9,2,6,-1,0,0,-1,2021,17.0,0,1,12,2,7,14,1,,4,AVENUE DE GRAVELLE,0,,-1,2,0,1,(1),(1),1,, -1,1,0,1,50,28,5,2021,20:20,1,75,75112,2,1,0,3,AVENUE DE GRAVELLE,48.817393,2.457173,20,2,2
202100015815,173Â 406,B01,1,1,2,5,0,-1,-1,0,0,-1,2021,32.0,1,2,1,0,7,24,1,,3,272,0,,2,2,0,1,6,20,2,, -1,1,0,4,50,2,10,2021,09:30,1,2,2569,2,1,0,6,23 Rue du Canal,50.021045,3.669938,9,3,2
202100001476,199Â 148,B01,1,1,2,0,1,0,-1,-1, -1,-1,2021,28.0,3,2,0,2,0,1,1,,4,BOULEVARD JOLIOT-CURIE,0,,2,2,0,1,(1),(1),1,, -1,2,0,1,50,24,12,2021,16:20,1,38,38169,2,2,0,3,BOULEVARD JOLIOT-CURIE,45.19439,5.69463,16,2,2
202100036786,135Â 954,A01,1,1,1,0,2,6,-1,0,0,-1,2021,64.0,1,1,0,2,2,17,1,,7,ROYAT (AVENUE DE),0,,2,2,0,2,(1),(1),1,, -1,1,0,1,50,1,6,2021,18:04,1,63,63075,2,1,0,3,ROYAT (AVENUE DE),45.77177,3.0596,18,2,2
202100022886,160Â 713,A01,2,2,2,5,1,8,-1,-1, -1,-1,2021,73.0,1,2,0,2,1,2,1,,1,A12 Y,0,,3,8,0,1,3,900,1,, -1,1,0,1,110,23,8,2021,09:10,1,78,78545,1,1,0,2,A12 Y,48.81762,2.064601,9,3,2
202100015551,173Â 886,B01,1,1,2,0,2,8,-1,-1, -1,-1,2021,19.0,1,1,0,2,1,1,1,,4,MERVILLE (RUE  JEAN DE ),0,,2,2,0,1,(1),(1),1,, -1,2,0,1,30,1,10,2021,09:03,1,56,56121,2,3,1,1,MERVILLE (RUE  JEAN DE ),47.74506,-3.37646,9,2,2
202100007369,188Â 582,A01,10,3,2,3,0,-1,-1,2,3,1,2021,86.0,2,5,0,1,6,20,1,,4,MAURICE AUDIN (RUE),0,,1,1,0,1,0,1,1,, -1,1,0,1,50,19,11,2021,14:35,1,93,93007,2,1,0,6,MAURICE AUDIN (RUE),48.947619512,2.4517381528,14,2,1
202100008528,186Â 489,A01,2,2,2,0,1,-1,-1,0,0,-1,2021,14.0,1,2,2,0,1,1,1,,3,782,0,,2,2,0,4,32,450,2,, -1,1,0,8,80,10,11,2021,15:50,1,56,56131,1,1,0,6,Kerhoat,48.010224,-3.439043,15,4,1
202100052115,108Â 553,B01,1,1,1,0,1,8,-1,-1, -1,-1,2021,72.0,0,2,0,2,4,23,1,,4,BOURRAT BOULEVARD JEAN,0,,2,2,0,1,(1),(1),1,, -1,1,0,1,50,6,2,2021,12:25,1,66,66136,2,1,0,2,BOURRAT BOULEVARD JEAN,42.70105,2.90139,12,2,2
202100056418,101Â 054,A01,1,1,1,9,2,6,-1,0,0,-1,2021,23.0,1,1,0,2,1,1,1,,4,AVENUE SECRETAN,0,,2,3,0,2,(1),(1),1,, -1,1,0,1,50,1,1,2021,20:55,5,75,75119,2,2,0,6,AVENUE SECRETAN,48.88123,2.373233,20,2,2
202100039883,130Â 297,B01,1,1,2,5,1,-1,-1,0,0,-1,2021,24.0,2,2,0,0,2,0,1,,2,3,0,N,2,2,0,1,0,0,4,, -1,1,0,1,70,16,5,2021,01:45,5,976,97607,1,1,0,1,N3,-12.837881,45.18048,1,2,2
202100045034,121Â 228,A01,1,1,1,1,2,6,-1,0,0,-1,2021,25.0,2,1,12,0,1,12,1,,4,PORTE D ORLEANS,0,,1,3,0,1,(1),(1),1,, -1,2,0,1,70,5,4,2021,17:25,1,75,75114,2,4,0,6,PORTE D ORLEANS,48.820815,2.321732,17,1,1
202100004172,194Â 296,A01,1,1,2,3,1,-1,-1,0,0,-1,2021,60.0,1,2,0,0,3,26,1,,3,928,-1,D,2,2,0,2,15,350,1,, -1,1,5,1,50,9,12,2021,11:15,1,95,95394,2,1,0,3,Avenue de la Liberation,49.054225,2.194428,11,2,2
202100043584,123Â 763,B01,1,1,1,5,2,-1,-1,0,0,-1,2021,12.0,2,1,0,2,1,13,5,,3,,0,,2,2,0,1,(1),(1),1,, -1,1,0,1,30,19,4,2021,14:55,1,38,38082,2,1,0,3,960 Rue Principale,45.427713,5.515224,14,2,2
202100001814,198Â 555,A01,1,1,1,5,1,-1,-1,0,0,-1,2021,29.0,3,2,0,2,3,1,1,,3,36,-1,,2,2,0,2,(1),(1),1,, -1,1,0,1,80,23,12,2021,00:15,3,22,22144,1,1,0,1,la ville  JÃ©gu,48.492009,-2.847605,0,2,2
202100013951,176Â 764,A01,1,1,1,0,0,-1,-1,0,0,-1,2021,19.0,0,1,0,2,1,1,1,,2,0,0,A,2,2,0,1,0,0,1,, -1,1,0,1,50,11,10,2021,20:15,5,978,97801,2,1,0,1,Intersection Impasse des Barry / RN7,18.0701,-63.034645,20,2,2
202100039668,130Â 678,A01,1,1,1,1,1,8,-1,-1, -1,-1,2021,26.0,1,2,4,0,2,0,1,,2,RN 104,0,,1,2,0,1,40,500,2,, -1,2,2,1,50,17,5,2021,06:15,1,91,91521,1,1,1,6,RN 104,48.6356,2.4015,6,1,1
202100004281,194Â 105,A01,1,1,1,0,2,6,-1,0,0,-1,2021,17.0,2,1,0,2,7,1,1,,4,,0,,1,1,0,1,(1),(1),1,, -1,1,0,1,30,6,12,2021,18:45,5,6,6069,2,9,0,5,DAUDET (AVENUE ALPHONSE),43.639682,6.912953,18,3,3
202100006454,190Â 260,B01,1,1,1,4,1,0,-1,0,0,-1,2021,57.0,1,5,0,2,8,9,1,,4,PORTE D AUTEUIL,0,,1,3,0,1,12,400,1,, -1,1,0,1,70,24,11,2021,13:10,1,75,75116,2,4,0,3,ECHANGEUR AUTEUIL,48.8516,2.252312,13,2,2
202100024150,158Â 491,A01,1,1,2,5,8,0,-1,0,0,-1,2021,59.0,2,1,0,2,2,1,5,,4,BOULEVARD SAINT DENIS,0,,2,4,1,1,(1),(1),1,, -1,1,0,5,50,13,8,2021,22:30,5,75,75102,2,2,0,3,BOULEVARD SAINT DENIS,48.869366,2.354257,22,2,2
202100053811,105Â 567,B01,1,1,1,1,2,6,-1,0,0,-1,2021,39.0,1,1,0,2,1,1,1,,4,,-1,,2,2,0,1,(1),(1),1,, -1,7,0,1,50,25,1,2021,06:15,5,69,69204,2,1,0,3,FRANCISQUE DARCIEUX (R),45.697094,4.797769,6,2,2
202100039469,131Â 057,C01,1,1,1,9,2,0,-1,0,0,-1,2021,32.0,2,1,0,2,1,1,1,,4,NTOINE DE),0,,2,2,0,1,(1),(1),1,, -1,1,0,1,50,18,5,2021,17:00,1,6,6069,2,2,0,5,SAINT EXUPERY (AVENUE ANTOINE DE),43.662201,6.934233,17,4,3
202100017365,170Â 599,B01,1,1,1,1,2,6,-1,-1, -1,-1,2021,27.0,1,1,0,2,8,1,1,,2,10,0,,-1,0,0,1,54,860,1,, -1,1,0,1,90,23,9,2021,07:30,1,91,91363,1,1,0,3,RN 104,48.634848,2.21359,7,2,2
202100008872,185Â 881,A01,1,1,1,4,1,-1,-1,0,0,-1,2021,48.0,1,4,13,0,2,1,1,,1,84,-1,,3,4,0,1,246,200,2,, -1,1,0,3,130,9,11,2021,06:00,3,14,14760,1,1,0,6,A84,49.09697,-0.618238,6,1,1
202100008796,186Â 026,A01,1,1,1,1,6,2,-1,0,0,-1,2021,27.0,3,1,9,0,1,1,1,,7,6007,0,M,2,2,0,2,(1),(1),3,, -1,2,0,1,50,10,11,2021,13:30,1,6,6032,2,1,0,1,M6007,43.727987,7.407886,13,1,1
202100010839,182Â 351,A01,10,3,1,3,0,-1,-1,3,3,1,2021,77.0,2,5,0,1,2,1,1,,4,BOURDILLON,0,,2,2,0,1,(1),(1),2,, -1,1,0,1,50,27,8,2021,12:17,1,36,36044,2,1,0,6,Rue Bourdillon,46.80777,1.69499,12,2,1
202100049886,112Â 568,A01,10,3,2,5,0,-1,-1,3,3,2,2021,13.0,2,2,0,1,0,1,1,,2,YSER (AVENUE DE L'),0,,2,2,0,1,48,0,1,, -1,1,0,1,50,27,2,2021,17:20,1,32,32013,2,1,0,7,YSER (AVENUE DE L'),43.64956,0.5935,17,2,1
202100028870,150Â 116,A01,1,1,2,0,1,0,-1,-1, -1,-1,2021,39.0,3,2,12,0,1,26,1,,4,FAMILLE (AV DE LA),0,,-1,1,0,1,1,0,1,, -1,1,0,4,30,15,7,2021,05:50,1,94,94017,2,1,0,6,Avenue de la Famille,48.81,2.55,5,1,1
202100008441,186Â 649,A01,10,3,1,0,0,-1,-1,2,3,1,2021,82.0,3,1,0,1,8,26,1,,4,GRAZIANI - BLD,0,,-1,2,0,2,1,0,1,, -1,2,0,1,50,10,11,2021,16:10,2,202,202033,2,9,1,3,GRAZIANI - BLD,42.703,9.451,16,2,1
202100032458,143Â 760,A01,10,3,2,0,0,-1,-1,4,3,1,2021,75.0,1,2,0,1,2,19,1,,3,7,0,,3,3,0,1,0,0,1,, -1,1,6,1,50,22,6,2021,15:50,1,91,91174,2,1,0,6,BD JEAN JAURES,48.61027,2.4628,15,2,1
202100008411,186Â 700,A01,1,1,1,5,8,-1,-1,0,0,-1,2021,42.0,2,2,15,0,2,1,1,,3,624,-1,,2,2,0,1,9,275,1,, -1,1,0,3,80,12,11,2021,18:55,3,11,11076,1,1,0,6,D624,43.353659,1.960469,18,2,1
202100021215,163Â 738,A01,1,1,1,5,1,-1,-1,0,0,-1,2021,75.0,1,2,13,0,3,1,1,,3,902,-1,,2,2,0,1,22,300,1,, -1,1,0,1,80,4,5,2021,16:00,1,74,74034,1,1,0,7,D902,46.261573,6.623662,16,2,1
202100015491,174Â 012,B01,1,1,2,1,2,-1,-1,-1,0,-1,2021,41.0,3,0,0,2,4,2,3,,4,LECLERC (RUE DU GENERAL),0,,2,2,0,1,(1),(1),1,, -1,1,0,1,30,1,10,2021,07:30,1,95,95555,2,1,0,2,LECLERC (RUE DU GENERAL),48.9669203172,2.2906785404,7,2,2
202100004995,192Â 860,A01,1,1,1,5,1,-1,-1,0,0,-1,2021,30.0,1,2,13,0,1,0,1,,3,13,0,,2,2,0,1,(1),(1),3,, -1,2,0,3,80,4,12,2021,06:00,3,50,50295,1,2,1,6,La Croix Mariee,48.95671,-1.200567,6,1,1
202100051607,109Â 444,B01,1,1,2,0,8,5,-1,-1, -1,-1,2021,27.0,3,2,0,2,4,2,1,,3,GEORGES BRAQUE (BOULEVARD),0,,1,2,0,1,1,0,1,, -1,1,0,1,50,13,2,2021,20:40,5,93,93005,2,1,0,4,GEORGES BRAQUE (BOULEVARD),48.9576472313,2.4785289034,20,3,3
202100017865,169Â 686,B01,1,1,1,1,2,0,-1,-1, -1,-1,2021,17.0,3,1,0,2,1,16,1,,7,JEAN MOULIN (BOULEVARD),0,,2,6,0,1,0,0,3,, -1,1,0,1,50,20,9,2021,14:10,1,13,13205,2,2,0,3,JEAN MOULIN (BOULEVARD),43.29239,5.40105,14,2,2
202100055151,103Â 233,A01,1,1,2,5,1,5,-1,-1,0,-1,2021,38.0,1,2,14,0,1,14,1,,3,47,0,E,1,4,0,1,1,0,2,, -1,2,2,1,90,13,1,2021,10:00,1,95,95088,1,1,1,6,GONESSE (RUE DE),48.9770880941,2.4344426394,10,2,1
202100019818,166Â 220,A01,1,1,1,1,2,6,-1,-1,0,-1,2021,49.0,1,1,0,0,1,1,1,,3,RD 170,0,,3,4,0,2,0,500,3,, -1,2,0,1,70,10,9,2021,17:15,1,95,95582,1,1,1,7,RD 170,48.96384,2.2683,17,1,1
202100031169,146Â 019,B01,1,1,1,5,2,0,-1,-1, -1,-1,2021,53.0,3,1,0,2,2,11,1,,9,PALUDS (AVENUE DES),0,,2,2,0,1,0,0,1,, -1,1,0,1,50,1,7,2021,14:45,1,13,13005,2,9,0,3,PALUDS (AVENUE DES),43.28605,5.6016,14,3,2
202100042929,124Â 934,A01,10,3,1,5,8,8,-1,3,3,1,2021,60.0,3,5,14,0,3,15,1,,4,PERI GABRIEL RUE,0,,2,0,0,1,1,0,1,, -1,1,0,1,30,23,4,2021,10:45,1,93,93061,2,2,0,6,PERI GABRIEL RUE,48.885605,2.405447,10,2,1
202100048130,115Â 710,A01,1,1,1,4,2,0,-1,-1, -1,-1,2021,18.0,2,1,0,0,8,1,1,,4,BERNARD PALISSY (RUE),0,,2,2,0,1,0,0,3,, -1,2,0,1,50,12,3,2021,19:05,5,77,77014,2,1,0,7,BERNARD PALISSY (RUE),48.41329,2.72183,19,1,1
202100011159,181Â 785,B01,1,1,1,5,2,6,-1,0,0,-1,2021,17.0,2,1,0,2,1,1,1,,4,,-1,,2,2,0,1,(1),(1),1,,4,1,0,1,-1,10,10,2021,14:00,1,73,73010,1,1,0,1,Route du Sauvage,45.749468,5.93671,14,2,2
202100042267,126Â 079,A01,1,1,1,5,1,-1,-1,0,0,-1,2021,79.0,1,2,13,0,2,1,1,,2,134,-1,,2,2,0,1,59,900,1,, -1,2,0,3,80,27,4,2021,15:55,1,64,64421,1,1,1,7,RN 134 PR 59+900,43.16578,-0.514169,15,1,1
202100042694,125Â 318,D01,3,2,1,5,3,0,-1,0,0,-1,2021,4.0,1,2,0,2,4,2,1,,4,PORTE DOREE,0,,1,4,0,1,33,400,1,, -1,1,1,1,70,24,4,2021,17:30,5,75,75112,2,1,0,4,PORTE DOREE,48.834102,2.40929,17,6,4
202100012709,179Â 000,A01,1,1,2,4,1,-1,-1,0,0,-1,2021,58.0,3,2,0,2,8,19,1,,3,17,0,R,2,2,0,1,77,45,1,,"5,5",1,0,1,70,2,9,2021,17:45,1,56,56173,1,2,1,3,Kermouellic,47.996929,-3.055621,17,2,2
202100035628,138Â 037,B01,1,1,1,0,8,-1,-1,0,0,-1,2021,43.0,2,2,0,2,4,2,1,,3,113,0,D,2,2,0,3,35,750,1,, -1,1,0,1,80,9,6,2021,20:00,2,78,78206,1,1,0,5,Route Departementale 113,48.952085,1.912125,20,4,4
202100024821,157Â 290,A01,1,1,2,5,2,6,-1,0,0,-1,2021,54.0,3,1,10,0,1,26,1,,3,1085,0,,2,2,0,3,913,0,1,, -1,1,2,4,70,9,8,2021,12:40,1,38,38276,1,3,0,6,RD 1085,45.576445,5.301965,12,1,1
202100041691,127Â 086,B01,2,2,1,9,2,6,-1,0,0,-1,2021,31.0,0,1,0,2,3,18,1,,4,BOULEVARD DE MAGENTA,0,,3,0,3,1,(1),(1),1,, -1,2,0,1,50,2,5,2021,16:30,1,75,75110,2,4,1,3,BOULEVARD DE MAGENTA,48.8794022441,2.3532653311,16,3,2
202100054479,104Â 385,B01,1,1,2,0,2,0,-1,-1, -1,-1,2021,32.0,2,1,0,2,8,1,5,,4,ROBESPIERRE (R),0,,1,2,0,1,0,0,1,, -1,1,0,1,50,19,1,2021,17:09,1,94,94041,2,1,0,3,ROBESPIERRE (R),48.81059,2.38419,17,2,2
202100016784,171Â 611,A01,1,1,2,3,8,-1,-1,-1, -1,-1,2021,42.0,1,2,8,0,1,9,1,,4,,-1,,2,2,2,1,(1),(1),1,, -1,1,0,1,-1,25,9,2021,08:30,1,69,69259,2,9,0,6,VIVIANI (AV),45.7230257646,4.8761460185,8,1,1
202100023606,159Â 440,A01,10,3,2,5,0,-1,-1,2,3,2,2021,21.0,1,2,0,1,3,1,1,,4,TZAREWITCH (BD DU),0,,2,2,0,1,(1),(1),1,, -1,1,6,8,30,18,8,2021,13:55,1,6,6088,2,1,0,6,TZAREWITCH (BD DU),43.70267,7.25562,13,3,1
202100015678,173Â 645,A01,1,1,1,5,2,-1,-1,0,0,-1,2021,76.0,2,1,3,0,7,1,1,,3,996,-1,,2,2,0,1,97,0,2,, -1,1,0,1,80,2,10,2021,12:10,1,63,63270,1,1,0,6,pk 67 D996,45.535288,3.293983,12,1,1
202100026979,153Â 488,A01,7,2,1,5,8,-1,-1,0,0,-1,2021,25.0,1,2,16,0,1,1,1,,3,6,-1,,2,2,0,1,9,0,2,, -1,1,0,3,80,25,7,2021,20:00,3,971,97133,1,1,0,7,Rue de Blondeau,15.953257,-61.681731,20,6,1
202100000704,200Â 454,A01,10,3,2,5,0,-1,-1,4,3,1,2021,77.0,2,2,0,1,1,15,1,,3,MAURICE BERTEAUX (R),0,,1,1,0,1,1,0,1,, -1,1,0,1,50,31,12,2021,16:12,1,94,94079,2,2,0,6,Rue Maurice Berteaux,48.82907,2.53938,16,2,1
202100022170,162Â 017,A01,1,1,1,5,2,-1,-1,0,0,-1,2021,22.0,3,1,0,2,1,17,1,,4,104,0,D,3,2,0,1,(1),(1),1,, -1,1,9,1,80,28,8,2021,14:00,1,7,7028,1,4,0,3,,44.363825,4.237504,14,2,2
202100026383,154Â 535,B01,1,1,1,1,0,-1,-1,0,0,-1,2021,23.0,1,1,0,2,4,1,5,,3,D152,-1,,2,2,0,1,4,600,1,, -1,1,0,1,80,29,7,2021,17:00,1,28,28405,1,1,0,2,D152,48.760404,1.309631,17,2,2
202100016902,171Â 410,B01,2,2,1,5,2,8,-1,-1, -1,-1,2021,14.0,2,1,0,2,8,1,1,,4,,0,,2,6,0,4,(1),(1),1,, -1,1,0,1,50,23,9,2021,14:30,1,49,49099,2,2,0,3,LATTRE DE TASSIGNY (PONT DE),47.05655,-0.87764,14,3,2
202100007225,188Â 840,B01,1,1,2,4,1,8,-1,-1, -1,-1,2021,52.0,2,2,0,2,3,16,1,,4,COLBERT (RUE),0,,2,2,0,1,(1),(1),1,, -1,1,0,1,30,19,11,2021,08:40,1,56,56121,2,4,0,1,COLBERT (RUE),47.75116,-3.35806,8,2,2
202100005281,192Â 345,A01,1,1,2,0,1,0,-1,0,0,-1,2021,78.0,1,2,0,2,4,2,1,,3,BERTHELOT (BOULEVARD),0,,2,2,0,1,(1),(1),1,, -1,1,0,1,50,30,11,2021,14:33,1,63,63113,2,1,0,2,BERTHELOT (BOULEVARD),45.77809,3.07241,14,2,2