Num_Acc,id_vehicule,num_veh,place,catu,sexe,trajet,secu1,secu2,secu3,locp,actp,etatp,year_acc,victim_age,senc,catv,obs,obsm,choc,manv,motor,occutc,catr,voie,v1,v2,circ,nbv,vosp,prof,pr,pr1,plan,lartpc,larrout,surf,infra,situ,vma,jour,mois,an,hrmn,lum,dep,com,agg_,int,atm,col,adr,lat,long,hour,nb_victim,nb_vehicules
202100050279,111Â 845,A01,9,2,2,0,1,-1,-1,0,0,-1,2021,72.0,2,2,0,0,3,13,1,,7,51,0,R,2,2,0,1,13,500,1,, -1,1,0,1,50,26,2,2021,18:52,2,69,69003,2,1,0,1,GENERAL DE GAULLE (Q),45.873063,4.834901,18,3,2
202100006399,190Â 358,A01,10,3,1,2,0,-1,-1,4,3,1,2021,5.0,0,2,0,1,1,16,1,,4,CONSTANTINE. RUE DE,0,,1,1,0,1,0,0,1,, -1,1,-1,1,30,9,11,2021,12:15,1,76,76540,2,2,0,6,CONSTANTINE. RUE DE,49.44803,1.07181,12,2,1
202100015367,174Â 239,A01,1,1,1,0,2,6,-1,-1, -1,-1,2021,35.0,0,1,7,0,1,26,1,,3,WILSON (AVENUE DU PRESIDENT),0,,3,2,3,1,0,1,1,, -1,2,5,1,50,3,10,2021,02:30,5,93,93066,2,1,1,6,Avenue du PrÃ©sident Wilson,48.907291,2.358046,2,1,1
202100019062,167Â 567,A01,1,1,1,4,0,-1,-1,0,0,-1,2021,33.0,3,5,2,0,3,1,1,,4,8,0,,2,2,0,1,(1),(1),3,, -1,2,0,8,50,14,9,2021,08:35,1,85,85034,1,1,0,6,Le Bois Bonneau,46.649635,-1.154353,8,1,1
202100003480,195Â 533,B01,2,2,2,2,1,-1,-1,0,0,-1,2021,71.0,1,2,0,2,1,1,2,,3,44,-1,,2,2,0,1,6,400,1,, -1,2,0,1,80,7,12,2021,17:00,3,27,27049,1,2,1,3,D25,48.974694,0.670464,17,7,2
202100008369,186Â 773,A01,1,1,2,5,8,0,-1,0,0,-1,2021,21.0,1,1,0,2,4,13,5,,4,RUE LA FAYETTE,0,,1,3,3,1,(1),(1),1,, -1,1,0,1,30,12,11,2021,19:45,5,75,75109,2,3,0,2,RUE LA FAYETTE,48.876009,2.344522,19,2,2
202100042887,125Â 004,A01,2,2,2,1,1,-1,-1,-1, -1,-1,2021,30.0,1,2,0,2,4,15,1,,3,486,0,,-1,2,0,1,0,180,1,, -1,1,0,1,50,22,4,2021,18:33,1,25,25056,2,3,0,2,MARCHAUX ROUTE DE,47.264553,6.053231,18,3,2
202100021960,162Â 375,A01,10,3,1,9,0,-1,-1,2,9,1,2021,40.0,3,5,0,1,4,26,1,,4,LOUIS LENOIR (R),0,,1,1,0,1,1,0,1,, -1,1,0,1,30,29,8,2021,16:00,1,94,94079,2,1,0,6,Rue Louis Lenoir,48.82499,2.54271,16,2,1
202100032914,142Â 927,B01,1,1,2,0,1,0,-1,-1, -1,-1,2021,39.0,1,2,0,4,3,15,1,,3,STALINGRAD (BD DE),0,,3,4,3,1,1,0,1,, -1,2,0,6,50,22,6,2021,16:55,1,94,94081,2,1,1,3,STALINGRAD (BD DE),48.80132,2.37969,16,2,2
202100024519,157Â 831,B01,1,1,1,0,0,0,-1,0,0,-1,2021,23.0,1,1,0,2,4,2,3,,4,GARENNE (ALLEE ET AVENUE DE LA),0,,2,2,0,1,(1),(1),1,, -1,1,0,1,30,11,8,2021,10:45,1,54,54395,2,2,0,3,GARENNE (ALLEE ET AVENUE DE LA),48.679684397,6.1760680302,10,2,2
202100008013,187Â 408,A01,1,1,1,5,2,8,-1,-1, -1,-1,2021,37.0,1,1,0,2,1,7,1,,4,LECLERC (AVENUE DU MARECHAL),0,,3,4,3,1,0,0,1,, -1,1,0,6,50,12,11,2021,19:40,5,49,49099,2,6,0,3,LECLERC (AVENUE DU MARECHAL),47.06339,-0.86517,19,2,2
202100035085,138Â 984,A01,10,3,2,0,0,-1,-1,3,3,1,2021,39.0,1,2,0,1,0,1,1,,3,"""BARBUSSE HENRI, NR 35 A 137""",0,,2,2,0,1,0,1,1,, -1,1,0,1,50,11,6,2021,16:05,1,93,93066,2,1,0,6,Rue Henri Barbusse,48.941298,2.371993,16,2,1
202100034024,140Â 944,A01,1,1,1,0,1,8,-1,-1, -1,-1,2021,51.0,1,2,0,5,3,1,1,,3,63,0,,2,2,0,1,0,649,1,, -1,1,0,1,80,15,6,2021,05:30,3,91,91223,1,1,0,6,CD63,48.421975,2.18056,5,1,1
202100038459,132Â 901,B01,1,1,1,1,2,6,-1,0,0,-1,2021,22.0,2,1,0,2,1,17,1,,7,113,0,,2,2,0,1,25,560,1,, -1,1,0,1,80,25,5,2021,08:00,1,13,13037,1,1,0,3,Rn 113,43.548152,5.182897,8,3,2
202100042343,125Â 936,B01,1,1,1,1,2,8,-1,0,0,-1,2021,53.0,2,1,0,2,8,1,3,,4,BOULEVARD RASPAIL,0,,2,4,0,1,(1),(1),1,, -1,1,0,1,50,27,4,2021,08:00,1,75,75106,2,2,0,3,BOULEVARD RASPAIL,48.8515,2.326942,8,2,2
202100001854,198Â 484,A01,1,1,1,5,2,6,-1,-1, -1,-1,2021,22.0,1,1,0,2,1,17,1,,4,VERDUN (RUE),0,,2,2,0,1,(1),(1),1,, -1,1,5,1,50,15,12,2021,16:45,2,70,70550,2,3,0,3,VERDUN (RUE),47.61883,6.15785,16,2,2
202100054756,103Â 925,B01,1,1,1,0,1,0,-1,-1, -1,-1,2021,55.0,3,2,0,2,4,2,1,,4,ESPERANCE (CHEMIN DE L'),0,,2,2,0,1,(1),(1),1,, -1,2,0,1,50,16,1,2021,10:55,1,78,78418,2,1,1,2,ESPERANCE (CHEMIN DE L'),48.925117,2.151775,10,2,2
202100016239,172Â 605,B01,1,1,2,9,2,0,-1,0,0,-1,2021,26.0,2,1,0,2,1,1,5,,4,BOULEVARD MORTIER,0,,3,2,1,1,(1),(1),1,, -1,1,0,5,50,29,9,2021,08:30,1,75,75120,2,2,0,3,BOULEVARD MORTIER,48.867934,2.409004,8,2,2
202100019230,167Â 257,B01,1,1,1,9,2,0,-1,-1, -1,-1,2021,36.0,1,1,0,2,1,19,3,,3,"BINEAU (BOULEVARD, NÂ°53 A 131 ET 52 A 13",0,,3,2,0,1,0,0,1,, -1,1,0,1,50,13,9,2021,10:00,1,92,92044,2,9,0,6,"BINEAU (BOULEVARD, NÂ°53 A 131 ET 52 A 13",48.8866649669,2.283568865,10,2,2
202100018091,169Â 294,A01,1,1,1,0,2,6,-1,-1, -1,-1,2021,36.0,2,1,0,2,1,3,0,,1,AUTOROUTE A86,0,,1,3,0,1,51,200,1,, -1,1,1,1,70,19,9,2021,14:10,1,94,94034,1,1,0,4,AUTOROUTE A86,48.7584026074,2.3255610466,14,3,3
202100032171,144Â 248,A01,1,1,2,5,1,-1,-1,0,0,-1,2021,37.0,3,2,0,2,1,1,1,,3,141,-1,,2,2,0,1,8,100,1,,"3,5",1,0,1,80,26,6,2021,18:45,1,80,80698,1,2,0,3,Saint-Aubin-Montenoy,49.840916,2.030647,18,6,2
202100001971,198Â 279,A01,1,1,1,9,2,8,-1,-1, -1,-1,2021,35.0,1,1,3,0,7,1,1,,1,A50-Sens Marseille vers Aubagne,0,,1,3,0,1,5,0,1,, -1,1,0,1,90,21,12,2021,14:56,1,13,13211,2,9,0,6,A50-Sens Marseille vers Aubagne,43.291929,5.452815,14,1,1
202100040022,130Â 058,B01,5,2,2,5,1,-1,-1,-1,0,-1,2021,10.0,1,2,0,2,8,1,3,,1,AUTOROUTE A115,0,,3,4,0,1,8,699,1,, -1,1,0,1,90,12,5,2021,21:40,3,95,95060,1,1,0,3,A115,49.03347,2.19817,21,6,2
202100044290,122Â 497,D01,1,1,1,9,0,-1,-1,0,0,-1,2021,13.0,3,1,0,2,1,19,5,,4,PIERRE ET MARIE CURIE ( BD),0,,-1,3,0,2,0,1,1,, -1,1,0,1,50,9,4,2021,13:06,1,5,5061,2,9,0,6,PIERRE ET MARIE CURIE ( BD),44.56167,6.08403,13,2,2
202100009837,184Â 113,A01,1,1,1,0,1,-1,-1,0,0,-1,2021,25.0,3,2,0,2,3,1,1,,9,,-1,,2,2,0,3,(1),(1),1,,4,2,0,1,40,2,11,2021,08:15,1,25,25367,2,4,1,3,Chemin des Paturages,47.428838,6.797774,8,2,2
202100040978,128Â 372,A01,10,3,1,0,0,-1,-1,3,3,2,2021,7.0,1,2,0,1,8,26,1,,4,,0,,1,1,0,1,0,0,1,, -1,2,0,1,30,6,5,2021,16:48,1,92,92020,2,1,0,6,FONTENAY RUE DE NÂ°2 A 34,48.79977,2.28959,16,2,1
202100005852,191Â 326,A01,1,1,2,0,1,0,-1,-1, -1,-1,2021,23.0,1,2,3,0,1,2,1,,1,AUTOROUTE A15,0,,1,8,0,1,5,699,1,, -1,2,2,1,110,28,11,2021,10:30,1,92,92036,1,1,1,6,AUTOROUTE A15,48.9482356513,2.2811222076,10,1,1
202100040650,128Â 957,A01,1,1,1,5,2,6,-1,0,0,-1,2021,54.0,2,1,0,0,0,1,1,,3,817,0,,2,2,0,1,38,950,1,, -1,1,0,3,70,9,5,2021,16:30,1,65,65303,1,1,0,7,D817,43.196479,0.165696,16,1,1
202100028585,150Â 624,A01,2,2,2,0,1,-1,-1,0,0,-1,2021,71.0,2,2,7,0,8,19,1,,3,138,0,D,2,1,0,1,18,800,1,, -1,1,5,1,70,16,7,2021,09:00,1,59,59634,1,9,0,3,Route du Bourbourg,50.723772,2.471733,9,3,2
202100024349,158Â 155,A01,1,1,1,5,0,-1,-1,0,0,-1,2021,68.0,2,1,0,2,8,10,5,,3,1075,-1,,2,2,0,1,116,500,1,, -1,1,0,1,70,12,8,2021,17:30,1,38,38115,1,1,0,3,LES CADORATS,44.965132,5.637832,17,2,2
202100011722,180Â 775,A01,1,1,1,5,1,-1,-1,0,0,-1,2021,23.0,1,2,11,0,1,1,1,,3,928,-1,,2,2,0,1,133,0,1,, -1,1,5,8,70,22,10,2021,21:30,3,28,28001,1,6,0,1,D928,48.806044,1.406829,21,1,1
202100037514,134Â 612,B01,2,2,2,9,1,-1,-1,0,0,-1,2021,41.0,2,2,0,0,4,2,1,,1,6,0,A,3,6,0,1,416,600,1,, -1,1,0,1,130,30,5,2021,22:30,3,69,69206,1,1,0,4,"Autoroute A6, PK 416+600, Sens LYON - PARIS",46.0651538801,4.7389838026,22,6,3
202100008069,187Â 310,B01,1,1,1,0,8,0,-1,-1, -1,-1,2021,52.0,2,1,0,2,1,0,0,,2,"CHARLES DE GAULLE (AVENUE,NÂ°118 A 192 +",0,,1,1,0,1,0,0,1,, -1,1,0,1,50,5,11,2021,22:00,5,92,92051,2,9,0,2,"CHARLES DE GAULLE (AVENUE,NÂ°118 A 192 +",48.88189,2.26872,22,2,2
202100045438,120Â 515,A01,10,3,1,9,0,-1,-1,2,3,1,2021,45.0,1,2,12,2,2,1,1,,3,BD PAUL VAILLANT COUTURIER ,0,,1,3,3,1,1,0,1,, -1,1,0,1,10,2,4,2021,16:15,1,94,94041,2,1,0,6,Bd Paul Vaillant Couturier,48.81468,2.40188,16,2,1
202100007402,188Â 525,B01,2,2,2,5,1,-1,-1,0,0,-1,2021,71.0,1,2,13,2,3,1,1,,3,,-1,,2,2,0,1,34,950,1,,5,1,0,1,80,2,11,2021,17:45,3,69,69007,1,1,0,1,D386,45.494187,4.819286,17,4,2
202100044607,121Â 984,A01,1,1,1,0,2,0,-1,-1, -1,-1,2021,21.0,1,1,0,2,5,15,1,,4,BOULOGNE,0,,1,1,0,1,0,0,2,, -1,1,0,1,50,9,4,2021,16:00,1,93,93066,2,1,0,2,BOULOGNE,48.94396,2.36774,16,2,2
202100049569,113Â 153,A01,1,1,1,5,0,-1,-1,0,0,-1,2021,55.0,1,1,0,2,3,2,5,,3,2,0,,2,2,0,1,3,500,1,, -1,1,0,1,90,2,3,2021,13:15,1,61,61234,1,1,0,3,Zone Industrielle de Montperthuis,48.450294,0.046603,13,2,2
202100013697,177Â 219,A01,10,3,2,9,0,-1,-1,2,3,1,2021,69.0,1,4,0,1,2,16,1,,4,RUE VIVIENNE,0,,1,1,0,1,(1),(1),1,, -1,1,8,1,30,12,10,2021,15:50,1,75,75102,2,3,0,6,RUE VIVIENNE,48.867752,2.339466,15,2,1
202100040186,129Â 768,A01,1,1,2,1,2,6,-1,-1, -1,-1,2021,21.0,2,1,0,0,7,26,1,,4,BERANGER (BOULEVARD),0,,-1,2,0,1,(1),(1),1,, -1,2,0,1,50,6,5,2021,10:50,1,37,37261,2,1,1,7,BERANGER (BOULEVARD),47.3899365567,0.6875865113,10,1,1
202100018739,168Â 143,A01,1,1,1,0,2,6,-1,-1, -1,-1,2021,52.0,1,1,0,2,2,16,1,,7,OLBIA  (VOIE),0,,1,2,0,1,1,0,1,, -1,1,0,1,90,14,9,2021,16:50,1,83,83069,2,6,0,3,PETIT (ROND POINT HENRI),43.113177,6.124128,16,3,2
202100004574,193Â 600,A01,1,1,1,5,2,6,-1,0,0,-1,2021,59.0,1,1,0,0,0,1,1,,3,455,0,,2,2,0,2,0,100,1,, -1,2,0,1,70,5,12,2021,16:15,1,61,61426,1,1,1,7,Lieu Dit le Nouveau Monde,48.376282,0.548353,16,1,1
202100019658,166Â 505,B01,1,1,1,1,2,6,-1,-1, -1,-1,2021,48.0,2,1,0,2,1,17,1,,4,ALAN SEEGER (AVENUE),0,,2,2,0,2,0,0,1,, -1,1,0,1,30,8,9,2021,07:55,1,64,64122,2,1,0,3,ALAN SEEGER (AVENUE),43.45684,-1.54422,7,2,2
202100030028,148Â 116,B01,1,1,1,4,2,6,-1,0,0,-1,2021,31.0,1,1,0,2,3,1,1,,4,BOULEVARD MALESHERBES,0,,2,6,2,2,(1),(1),1,, -1,1,0,1,50,7,7,2021,13:25,1,75,75108,2,7,0,3,BOULEVARD MALESHERBES,48.875551,2.319006,13,2,2
202100020431,165Â 120,A01,1,1,2,0,1,0,-1,-1, -1,-1,2021,39.0,2,2,0,2,1,9,1,,1,AUTOROUTE A5A,0,,1,4,0,1,1,200,1,, -1,1,3,1,110,7,9,2021,09:40,1,77,77251,1,1,0,4,AUTOROUTE A5A,48.6248,2.5407,9,3,3
202100038718,132Â 425,A01,1,1,1,0,2,8,-1,-1, -1,-1,2021,26.0,1,1,0,0,7,1,1,,1,A7-Sens Lyon vers Marseille,0,,1,2,0,1,271,0,1,, -1,1,0,2,90,23,5,2021,18:15,1,13,13106,1,1,0,3,A7-Sens Lyon vers Marseille,43.39478,5.3507,18,2,2
202100018361,168Â 807,A01,1,1,1,0,2,0,-1,-1, -1,-1,2021,39.0,2,1,2,0,1,1,1,,7,LAVERUNE (ROUTE DE,0,,2,2,0,1,3,236,1,, -1,2,0,1,50,17,9,2021,01:00,3,34,34172,2,1,0,6,LAVERUNE (ROUTE DE,43.59437,3.83527,1,1,1
202100048071,115Â 821,A01,1,1,1,5,2,6,-1,0,0,-1,2021,61.0,1,1,2,0,2,2,1,,3,35,0,,2,2,0,1,10,850,2,, -1,1,0,1,80,13,3,2021,12:45,1,83,83145,1,1,0,7,D35,43.592156,5.957528,12,1,1
202100024347,158Â 158,A01,1,1,1,9,2,6,9,0,0,-1,2021,63.0,2,1,7,0,1,14,1,,1,75,0,A,1,2,0,2,260,80,2,, -1,1,9,8,90,13,8,2021,16:50,1,34,34253,1,1,0,6,autoroute A75,43.846214,3.311203,16,1,1
202100034594,139Â 876,A01,1,1,1,0,2,0,-1,-1, -1,-1,2021,21.0,2,1,14,2,2,17,1,,4,VITON (AVENUE),0,,2,2,0,1,(1),(1),1,, -1,1,0,1,50,13,6,2021,21:15,1,13,13209,2,1,0,3,VITON (AVENUE),43.26111,5.40588,21,2,2
202100034252,140Â 519,A01,1,1,1,0,2,0,-1,0,0,-1,2021,60.0,1,1,0,2,7,19,1,,4,CHANTERANNE (RUE DE),0,,3,4,0,1,(1),(1),1,, -1,1,0,1,50,13,6,2021,14:19,1,63,63113,2,2,0,3,CHANTERANNE (RUE DE),45.78952,3.09842,14,2,2
202100041533,127Â 370,C01,1,1,2,1,1,0,-1,-1, -1,-1,2021,32.0,3,2,0,2,4,1,1,,7,ROUZIERS (ROUTE DE),0,,2,2,0,2,(1),(1),1,, -1,1,0,1,50,3,5,2021,09:12,1,37,37261,2,3,0,4,ROUZIERS (ROUTE DE),47.4338398117,0.6743996144,9,5,4
202100011935,180Â 393,A01,10,3,1,0,0,-1,-1,3,3,1,2021,61.0,1,2,0,1,2,1,1,,3,611,-1,,2,2,0,1,14,500,1,,"8,3",1,0,1,50,22,10,2021,07:50,2,79,79270,2,1,0,7,Avenue de Blossac,46.415768,-0.198392,7,3,1
202100032144,144Â 292,A01,1,1,1,9,2,0,-1,0,0,-1,2021,25.0,1,1,0,2,1,2,3,,4,PLACE DE LA MADELEINE,0,,1,3,0,1,(1),(1),1,, -1,2,0,1,50,26,6,2021,00:00,5,75,75108,2,7,1,2,PLACE DE LA MADELEINE,48.87101,2.324565,0,2,2
202100055497,102Â 649,B01,1,1,2,9,1,0,-1,-1, -1,-1,2021,46.0,1,2,0,2,4,1,1,,4,ALL CHARLES DE FITTE,0,,3,4,0,1,(1),(1),1,, -1,1,0,1,50,8,1,2021,09:10,1,31,31555,2,1,0,2,14 AllÃ©es Charles de Fitte,43.59408,1.43374,9,2,2
202100048474,115Â 119,A01,1,1,1,5,2,5,6,0,0,-1,2021,56.0,2,1,0,2,8,1,1,,3,632,-1,,2,2,0,1,19,379,2,, -1,1,5,1,70,11,3,2021,13:14,1,31,31499,1,6,0,3,D632,43.52581,1.205208,13,2,2
202100013166,178Â 214,B01,2,2,2,5,1,-1,-1,0,0,-1,2021,55.0,2,2,0,2,1,1,1,,3,,-1,,2,2,0,1,67,456,1,,4,1,0,1,50,14,10,2021,18:50,2,36,36006,2,1,0,3,,46.5779,1.51253,18,3,2
202100041764,126Â 958,B01,2,2,2,9,0,0,-1,-1, -1,-1,2021,40.0,2,1,0,2,6,9,3,,4,SOUVENIR FRANCAIS -AVENUE-,0,,2,2,0,1,(1),(1),1,, -1,1,0,1,50,15,4,2021,18:50,1,11,11069,2,1,0,3,SOUVENIR FRANCAIS -AVENUE-,43.20856,2.38313,18,3,2
202100005186,192Â 506,B01,1,1,2,1,1,0,-1,-1, -1,-1,2021,22.0,1,2,0,2,1,2,1,,1,A507 sens Aubagne- Marseille,0,,3,3,0,1,1,100,1,, -1,2,0,1,70,1,12,2021,18:16,5,13,13055,1,1,1,2,A507 sens Aubagne- Marseille,43.33717,5.37904,18,2,2
202100031383,145Â 654,A01,10,3,2,2,0,-1,-1,3,3,2,2021,3.0,1,2,0,1,5,19,1,,3,9,0,,2,2,0,1,27,450,1,, -1,1,0,1,50,29,6,2021,11:30,1,95,95675,2,1,0,6,RD 9,49.058295716,2.5428000964,11,2,1
202100000622,200Â 593,A01,1,1,2,5,1,-1,-1,-1, -1,-1,2021,21.0,3,2,0,2,1,15,1,,4,RUE ANDRE BLANC,0,,2,2,2,1,(1),(1),1,, -1,2,5,1,50,14,11,2021,18:50,5,33,33162,2,2,1,1,Rue AndrÃ© Blanc,44.8771471987,-0.6424606859,18,5,2
202100050917,110Â 663,A01,1,1,1,0,2,0,-1,-1, -1,-1,2021,32.0,2,1,0,2,1,1,1,,4,LIBERATION (BOULEVARD),0,,2,2,0,1,(1),(1),1,, -1,1,0,1,50,18,2,2021,10:20,1,13,13205,2,1,0,2,LIBERATION (BOULEVARD),43.300395,5.389296,10,3,2
202100029999,148Â 171,A01,1,1,1,0,2,-1,-1,0,0,-1,2021,25.0,2,1,0,2,1,2,1,,3,D911,0,,2,2,0,2,5,340,1,, -1,1,0,1,90,5,7,2021,11:30,1,12,12145,1,3,0,3,D911,44.13041,3.04454,11,4,2
202100045325,120Â 714,A01,2,2,1,5,0,-1,-1,0,0,-1,2021,16.0,1,6,0,0,2,15,1,,3,265,0,,2,2,0,2,(1),(1),1,, -1,1,0,4,50,3,4,2021,16:05,1,52,52488,2,3,0,7,Rue Principale,47.991594,5.287194,16,2,1
202100007835,187Â 734,B01,1,1,2,3,8,-1,-1,0,0,-1,2021,40.0,2,2,0,2,8,1,1,,4,GANDALOUS (CHEMIN DE),0,,2,2,0,2,(1),(1),3,, -1,1,0,1,50,12,11,2021,15:40,1,12,12145,2,1,1,3,GANDALOUS (CHEMIN DE),44.10936,3.06338,15,2,2
202100023122,160Â 284,A01,1,1,2,5,1,5,-1,-1, -1,-1,2021,19.0,0,2,0,2,2,14,1,,4,FOCH (AVENUE DU MARECHAL),0,,1,2,0,1,(1),(1),2,, -1,1,0,1,50,21,8,2021,13:10,1,27,27229,2,1,0,3,FOCH (AVENUE DU MARECHAL),49.0234,1.13617,13,2,2
202100050214,111Â 957,A01,1,1,1,1,2,0,-1,0,0,-1,2021,26.0,2,1,0,2,3,18,1,,4,AVENUE DES TERNES,0,,3,4,0,1,(1),(1),1,, -1,1,0,1,50,25,2,2021,11:20,1,75,75117,2,2,0,3,AVENUE DES TERNES,48.880355,2.286793,11,2,2
202100015747,173Â 520,B01,1,1,2,4,2,0,-1,0,0,-1,2021,41.0,3,1,0,2,7,1,1,,4,QUAI D IVRY,0,,1,2,0,1,(1),(1),1,, -1,1,0,1,30,1,10,2021,13:05,1,75,75113,2,3,0,3,QUAI D IVRY,48.825129,2.388763,13,2,2
202100013741,177Â 148,B01,1,1,1,5,8,-1,-1,0,0,-1,2021,41.0,2,2,0,0,8,15,1,,3,1005,0,,2,2,0,1,11,500,1,, -1,1,0,1,80,13,10,2021,03:40,3,74,74263,1,3,0,3,D1005,46.328891,6.364649,3,2,2
202100000669,200Â 518,B01,1,1,1,5,8,-1,-1,0,0,-1,2021,67.0,1,1,0,0,4,1,5,,3,415,-1,,2,2,0,1,32,930,1,, -1,1,0,1,80,31,12,2021,11:50,1,68,68007,1,1,0,2,Rd 415,48.058994,7.429032,11,2,2
202100048379,115Â 281,B01,1,1,1,9,8,5,-1,-1, -1,-1,2021,19.0,2,2,2,2,1,9,1,,4,JUVISY (AVENUE DE),0,,2,2,0,1,0,0,1,, -1,1,0,1,50,11,3,2021,22:00,5,91,91434,2,2,0,3,JUVISY (AVENUE DE),48.65242,2.35264,22,2,2
202100028460,150Â 843,B01,1,1,1,0,2,6,-1,-1, -1,-1,2021,28.0,2,1,0,2,1,1,1,,7,CORNEILLE. QUAI (HAUT) PIERRE,0,,2,6,3,1,12,500,1,, -1,1,-1,1,50,18,7,2021,00:15,5,76,76540,2,1,0,3,CORNEILLE. QUAI (HAUT) PIERRE,49.43771,1.09394,0,2,2
202100046573,118Â 522,B01,1,1,1,0,2,6,-1,-1, -1,-1,2021,48.0,1,1,0,2,0,0,1,,3,MARONNIERS (RUE DES),0,,2,2,0,1,(1),(1),2,, -1,1,0,1,80,25,3,2021,16:15,1,90,90076,1,1,0,1,MARONNIERS (RUE DES),47.63301,6.90209,16,3,2
202100016980,171Â 268,B01,1,1,1,1,1,0,-1,-1, -1,-1,2021,51.0,1,2,0,2,7,19,1,,4,PARIS (BOULEVARD DE),0,,1,3,3,2,0,0,1,, -1,1,0,1,50,25,9,2021,10:15,1,13,13202,2,2,0,3,PARIS (BOULEVARD DE),43.30623,5.37229,10,2,2
202100005658,191Â 677,B01,1,1,1,1,2,0,-1,-1, -1,-1,2021,24.0,2,1,0,2,4,1,1,,3,AV DE STALINGRAD,0,,1,1,0,1,0,0,1,, -1,1,0,1,50,29,11,2021,08:00,1,94,94021,2,1,0,2,Avenue de Stalingrad,48.775489,2.367585,8,2,2
202100002369,197Â 549,A01,2,2,1,5,1,-1,-1,-1, -1,-1,2021,20.0,1,2,6,0,1,13,1,,4,GRAND REVOYET (DU)                  (CH),0,,2,2,0,1,(1),(1),2,, -1,2,0,4,50,17,12,2021,03:20,5,69,69149,2,1,0,6,GRAND REVOYET (DU) (CHM),45.7068435255,4.8027259111,3,4,1
202100050352,111Â 698,A01,1,1,1,0,8,0,-1,-1, -1,-1,2021,19.0,2,1,0,2,1,1,5,,7,MARÃCHAL DE LATTRE (AVENUE),0,,2,2,1,1,5,200,1,, -1,1,0,1,50,23,2,2021,16:50,1,13,13209,2,3,0,3,MARÃCHAL DE LATTRE (AVENUE),43.24554,5.41208,16,2,2
202100039414,131Â 148,A01,10,3,2,0,0,-1,-1,9,3,1,2021,81.0,3,2,0,1,4,26,1,,4,SALVADOR ALLENDE (AVENUE),0,,2,2,0,1,(1),(1),1,, -1,1,0,1,50,18,5,2021,10:05,1,972,97209,2,1,0,6,SALVADOR ALLENDE (AVENUE),14.61034,-61.04775,10,3,1
202100038632,132Â 584,Z01,10,3,1,0,0,-1,-1,9,B,1,2021,48.0,0,0,0,1,0,0,0,,4,DOMERCQ (RUE CHARLES),0,,2,2,0,1,(1),(1),1,, -1,1,0,1,50,23,5,2021,21:10,2,33,33063,2,3,0,6,Rue Charles Domercq,44.8272237721,-0.5567498635,21,2,1
202100016701,171Â 774,B01,1,1,1,5,2,6,-1,0,0,-1,2021,57.0,1,1,0,2,8,1,1,,3,918,-1,,2,2,0,1,9,800,1,, -1,1,0,1,80,21,9,2021,15:50,1,57,57465,1,2,0,5,D918,49.317164,6.293492,15,4,3
202100029229,149Â 513,A01,8,2,1,5,1,-1,-1,0,0,-1,2021,28.0,3,2,0,2,3,15,1,,7,60,-1,A,2,2,0,1,(1),(1),2,, -1,1,5,1,50,14,7,2021,14:05,1,13,13015,2,3,0,3,avenue thiers,43.445194,5.405878,14,10,3
202100020831,164Â 409,A01,10,3,2,5,0,-1,-1,9,3,2,2021,6.0,-1,5,0,1,3,15,1,,7,ROUTE DE STRASBOURG                 (RO),0,,2,2,0,1,(1),(1),1,, -1,1,9,8,30,4,9,2021,15:00,1,69,69286,2,9,0,6,STRASBOURG (DE) (RTE),45.81944,4.89429,15,2,1
202100041125,128Â 100,A01,1,1,1,0,8,0,-1,-1, -1,-1,2021,17.0,3,1,0,2,1,1,3,,4,,0,,1,1,0,1,(1),(1),1,, -1,1,0,1,50,3,5,2021,14:30,1,11,11069,2,2,0,3,ALBERT TOMEY,43.2157,2.35014,14,2,2
202100048210,115Â 583,A01,1,1,1,0,2,6,9,-1, -1,-1,2021,26.0,1,1,16,0,8,0,1,,1,ROCADE A 630,0,,1,2,0,1,0,390,2,, -1,2,3,1,50,13,3,2021,17:55,1,33,33249,1,1,1,7,Rocade Rive Droite N230,44.8849196,-0.5110737,17,1,1
202100002353,197Â 575,A01,1,1,1,4,1,0,-1,-1, -1,-1,2021,48.0,1,4,1,0,2,1,1,,1,A104,0,,1,2,0,1,13,500,1,, -1,1,0,2,90,18,12,2021,07:00,3,77,77294,1,1,0,2,A104,48.9539340089,2.6275581551,7,2,2
202100041013,128Â 308,A01,1,1,1,9,1,-1,-1,0,0,-1,2021,63.0,0,2,0,0,6,2,0,,3,1,0,,2,2,0,1,(1),(1),1,, -1,2,0,1,50,3,4,2021,18:00,2,988,98817,2,1,1,2,AVENUE DES DEUX BAIES,-22.231272,166.529533,18,2,2
202100055520,102Â 605,A01,1,1,1,1,2,6,-1,0,0,-1,2021,25.0,1,1,0,2,1,7,1,,4,AVENUE DE FLANDRE,0,,1,2,3,1,(1),(1),1,, -1,1,-1,6,50,11,1,2021,18:15,5,75,75119,2,3,0,3,AVENUE DE FLANDRE,48.889846,2.37596,18,2,2
202100006464,190Â 242,A01,1,1,1,1,8,0,-1,0,0,-1,2021,54.0,2,1,0,2,3,1,3,,4,BOULEVARD DE LA VILLETTE,0,,1,3,1,1,(1),(1),1,, -1,1,-1,5,30,24,11,2021,13:05,1,75,75110,2,2,0,3,BOULEVARD DE LA VILLETTE,48.883862,2.368591,13,2,2