Num_Acc,id_vehicule,num_veh,place,catu,sexe,trajet,secu1,secu2,secu3,locp,actp,etatp,year_acc,victim_age,senc,catv,obs,obsm,choc,manv,motor,occutc,catr,voie,v1,v2,circ,nbv,vosp,prof,pr,pr1,plan,lartpc,larrout,surf,infra,situ,vma,jour,mois,an,hrmn,lum,dep,com,agg_,int,atm,col,adr,lat,long,hour,nb_victim,nb_vehicules
202100025660,155Â 812,B01,1,1,1,5,8,-1,-1,0,0,-1,2021,59.0,1,2,0,2,8,16,1,,3,161,0,D,2,2,0,2,4,10,3,, -1,1,0,1,50,31,7,2021,19:00,1,201,201001,2,1,0,3,lieu dit batroni,41.975046,8.813299,19,2,2
202100045947,119Â 626,B01,1,1,1,0,2,-1,-1,-1, -1,-1,2021,31.0,2,1,0,2,1,1,1,,4,AVE JEAN MERMOZ,0,,2,2,0,1,(1),(1),1,, -1,1,0,1,50,30,3,2021,17:50,1,33,33162,2,1,0,1,Avenue Jean Mermoz,44.86154,-0.66604,17,2,2
202100044675,121Â 856,B01,1,1,1,0,2,0,-1,0,0,-1,2021,20.0,1,1,0,2,7,1,3,,4,COTE BLATIN (BD),0,,2,2,0,1,(1),(1),1,, -1,1,0,1,50,2,4,2021,21:37,5,63,63113,2,2,0,3,COTE BLATIN (BD),45.7719,3.0938,21,2,2
202100023736,159Â 191,A01,2,2,1,9,1,0,-1,0,0,-1,2021,32.0,1,2,4,0,2,14,1,,4,PORTE DE CHATILLON,0,,1,3,0,1,5,800,1,, -1,1,0,1,70,17,8,2021,07:00,1,75,75114,2,1,0,6,BD PERIPHERIQUE INTERIEUR,48.82146,2.319226,7,2,1
202100033769,141Â 412,B01,1,1,1,5,8,0,-1,-1, -1,-1,2021,19.0,1,1,0,2,1,15,3,,3,ST LOUIS(PLACE),0,,2,2,3,1,0,0,1,, -1,1,0,1,50,17,6,2021,19:40,2,38,38544,2,3,0,3,ST LOUIS(PLACE),45.52814,4.87524,19,2,2
202100048799,114Â 544,A01,1,1,1,5,2,0,-1,-1, -1,-1,2021,69.0,2,1,0,0,8,26,1,,4,JAURES AVENUE JEAN NÂ°52 A FIN,0,,2,2,0,1,0,0,1,, -1,1,0,1,50,8,3,2021,15:50,1,92,92049,2,1,0,7,JAURES AVENUE JEAN NÂ°52 A FIN,48.81491,2.30916,15,1,1
202100038253,133Â 269,B01,1,1,1,0,2,-1,-1,0,0,-1,2021,47.0,2,1,0,2,1,2,1,,7,613,0,,2,2,0,2,30,744,1,, -1,1,0,1,80,26,5,2021,13:35,1,34,34270,1,3,0,2,Route de Montpellier,43.583469,3.846331,13,2,2
202100014725,175Â 393,B01,1,1,1,5,1,-1,-1,-1, -1,-1,2021,30.0,1,2,0,2,4,1,1,,7,RD383 2.321 A 3.750,0,,1,3,0,1,2,461,1,, -1,2,0,1,70,23,6,2021,20:50,1,69,69266,1,1,1,2,RD383 2.321 A 3.750,45.7835,4.8916,20,2,2
202100028011,151Â 638,A01,1,1,1,9,0,-1,-1,0,0,-1,2021,23.0,1,2,16,0,1,1,1,,3,919,0,,2,2,0,1,7,950,1,, -1,1,0,3,90,21,7,2021,07:00,3,61,61435,1,1,0,7,Saint-Nicolas-de-Sommaire,48.829664,0.610782,7,1,1
202100052270,108Â 276,A01,1,1,1,0,1,-1,-1,0,0,-1,2021,60.0,1,2,2,0,1,1,1,,3,907,0,,2,2,0,2,29,600,1,, -1,1,0,1,50,8,2,2021,08:50,1,30,30147,2,1,0,6,RD 907,44.014562,4.041703,8,1,1
202100011354,181Â 434,B01,1,1,2,1,1,0,-1,-1, -1,-1,2021,32.0,2,2,0,2,5,1,1,,2,BALATA (ROUTE DE),0,,2,2,0,2,0,0,1,, -1,1,0,1,70,22,10,2021,20:00,3,972,97209,1,1,0,3,BALATA (ROUTE DE),14.67708,-61.09069,20,2,2
202100041416,127Â 573,B01,1,1,1,5,8,0,-1,-1, -1,-1,2021,44.0,0,1,0,2,1,17,1,,4,DIX NEUF MARS 62 (RUE),0,,2,2,0,1,1,0,1,, -1,1,0,1,50,4,5,2021,17:00,1,93,93050,2,1,0,3,Rue du 19 Mars 1962,48.863028,2.532704,17,2,2
202100013839,176Â 957,B01,1,1,2,0,1,8,-1,-1, -1,-1,2021,45.0,2,2,0,2,1,2,1,,4,FORT UHRICH (ROUTE DU),0,,3,4,0,1,0,0,3,, -1,1,0,1,50,8,10,2021,12:00,1,67,67218,2,3,0,2,FORT UHRICH (ROUTE DU),48.51287,7.72215,12,2,2
202100017666,170Â 045,B01,1,1,1,1,8,0,-1,-1, -1,-1,2021,33.0,1,1,0,2,4,1,5,,3,AUXERRE (ROUTE),0,,3,2,0,1,(1),(1),1,, -1,1,0,1,50,20,9,2021,16:27,1,10,10333,2,1,0,2,AUXERRE (ROUTE),48.27272,4.05664,16,2,2
202100036563,136Â 357,A01,1,1,1,4,1,-1,-1,-1, -1,-1,2021,31.0,1,2,0,2,3,2,1,,1,A46S   49.160 A 53.980,0,,3,5,0,1,50,349,1,, -1,1,0,1,110,2,6,2021,14:34,1,69,69281,1,1,0,2,A46S   49.160 A 53.980,45.64238,4.90019,14,2,2
202100002817,196Â 736,A01,10,3,2,0,0,-1,-1,3,3,1,2021,44.0,3,2,0,1,1,1,1,,4,,0,,1,2,3,1,1,0,1,, -1,1,9,1,50,13,12,2021,14:20,1,92,92073,2,7,0,6,PAIX (PLACE DE LA),48.864575,2.205939,14,2,1
202100003649,195Â 231,A01,10,3,1,0,8,8,-1,1,3,1,2021,33.0,2,2,0,0,1,19,0,,4,,0,,2,2,0,1,(1),(1),1,, -1,1,0,1,50,10,12,2021,22:20,5,45,45147,2,1,0,6,368 Rue du Faubourg Bannier,47.9321,1.89515,22,2,1
202100013846,176Â 944,A01,2,2,1,0,8,0,-1,-1, -1,-1,2021,26.0,1,2,0,2,1,1,1,,7,CURIE (CHAUSSEE PIERRE),0,,1,2,0,1,(1),(1),1,, -1,1,0,1,50,11,10,2021,05:20,5,59,59599,2,1,0,6,CURIE (CHAUSSEE PIERRE),50.733791057,3.1805419922,5,2,1
202100036219,136Â 949,A01,10,3,2,5,0,-1,-1,5,9,1,2021,64.0,1,1,0,1,1,25,3,,4,BERTHELOT                           (AV),0,,1,2,3,1,(1),(1),1,, -1,1,0,4,50,5,6,2021,15:50,1,69,69387,2,1,0,6,BERTHELOT (AV),45.74779,4.83376,15,2,1
202100002758,196Â 837,B01,1,1,1,9,1,0,-1,-1, -1,-1,2021,46.0,3,2,14,2,4,23,6,,3,SECRETAIN (AVENUE ROGER),0,,2,4,0,1,(1),(1),1,, -1,2,1,1,50,14,12,2021,17:00,2,45,45234,2,1,1,2,Avenue Roger Secretain,47.8892406654,1.8950557709,17,3,2
202100008150,187Â 151,A01,1,1,1,9,8,0,-1,0,0,-1,2021,26.0,2,1,0,2,1,1,3,,4,RUE DE LA CITE,0,,1,2,0,1,(1),(1),1,, -1,1,0,1,30,14,11,2021,02:25,5,75,75104,2,3,0,2,RUE DE LA CITE,48.85465,2.347733,2,3,2
202100053073,106Â 855,B01,1,1,1,2,2,6,-1,-1, -1,-1,2021,17.0,1,1,0,2,8,2,1,,4,MIRABEAU (BD.),0,,1,2,0,1,(1),(1),1,, -1,1,0,1,50,29,1,2021,09:20,1,4,4112,2,1,0,3,Bd Mirabeau,43.83315,5.78579,9,2,2
202100038153,133Â 453,A01,1,1,2,0,1,0,-1,-1, -1,-1,2021,89.0,1,2,0,2,2,1,1,,3,ROUTE DE BOISVINS,0,,2,2,0,2,0,0,2,, -1,1,0,1,70,25,5,2021,09:00,1,971,97101,1,1,0,3,ROUTE DE BOISVINS,16.26451,-61.47707,9,2,2
202100015773,173Â 475,A01,10,3,1,4,0,-1,-1,1,B,1,2021,39.0,2,2,0,1,1,15,0,,4,,0,,-1,2,0,2,0,0,1,, -1,2,0,1,50,1,10,2021,15:15,1,92,92064,2,1,1,6,GATE - CEPS,48.8515533906,2.2181588104,15,2,1
202100005304,192Â 307,B01,1,1,1,0,2,8,-1,-1, -1,-1,2021,17.0,1,1,0,2,1,1,1,,4,TOURATIER (RUE),0,,2,2,0,1,0,0,1,, -1,1,0,1,50,30,11,2021,14:05,1,45,45338,2,2,0,3,TOURATIER (RUE),47.99639,2.70735,14,2,2
202100024320,158Â 198,A01,1,1,1,5,0,0,-1,-1, -1,-1,2021,27.0,1,1,0,2,8,1,3,,3,STALINGRAD (AV DE),0,,1,2,3,1,1,0,1,, -1,1,0,1,50,12,8,2021,16:45,1,94,94076,2,1,0,3,Avenue de Stalingrad,48.785675,2.366863,16,2,2
202100014477,175Â 829,A01,1,1,1,5,1,-1,-1,0,0,-1,2021,69.0,2,2,1,0,2,1,1,,3,19,-1,,2,2,0,1,22,748,1,, -1,1,0,4,50,8,10,2021,17:55,1,34,34140,2,1,0,6,369 Avenue Jean Moulin,43.385589,3.169663,17,1,1
202100026821,153Â 779,A01,1,1,1,0,8,-1,-1,-1, -1,-1,2021,21.0,1,2,14,0,1,16,1,,4,LANGUEDOC (AVENUE DU),0,,1,1,2,1,(1),(1),3,, -1,1,5,1,50,26,7,2021,23:50,5,35,35238,2,4,0,6,LANGUEDOC (AVENUE DU),48.1164,-1.70748,23,2,1
202100031581,145Â 302,B01,1,1,2,0,1,0,-1,-1, -1,-1,2021,36.0,1,2,0,2,1,0,0,,2,NATIONALE  ROUTE,0,,3,4,0,1,33,815,1,, -1,1,0,1,70,30,6,2021,18:10,1,17,17291,1,1,0,4,NATIONALE  ROUTE,46.17634,-1.10627,18,3,3
202100041024,128Â 288,A01,8,2,2,5,8,-1,-1,0,0,-1,2021,21.0,1,2,0,0,3,1,1,,3,958,-1,,2,2,0,2,26,660,2,, -1,1,0,3,80,8,5,2021,00:40,3,55,55472,1,1,0,6,D958,48.709852,5.472055,0,5,1
202100054106,105Â 035,B01,1,1,1,9,8,5,-1,-1, -1,-1,2021,17.0,3,1,1,0,7,1,3,,3,BAC (AV DU),0,,2,2,0,1,0,0,1,, -1,1,0,1,50,22,1,2021,15:30,1,94,94068,2,1,0,3,BAC (AV DU),48.79202,2.51827,15,2,2
202100003279,195Â 903,B01,1,1,1,1,2,6,-1,0,0,-1,2021,29.0,1,1,0,2,3,1,1,,3,941,0,D,2,2,0,1,45,500,3,, -1,1,0,1,70,13,12,2021,19:00,3,87,87201,1,1,0,3,Les 4 Vents,45.859823,1.140186,19,2,2
202100043646,123Â 659,B01,1,1,2,5,2,0,-1,0,0,-1,2021,45.0,1,1,0,2,4,13,5,,4,PLACE VALHUBERT,0,,2,3,0,1,(1),(1),3,, -1,1,0,1,50,15,4,2021,10:00,1,75,75105,2,7,0,3,PLACE VALHUBERT,48.8445754175,2.3642498445,10,2,2
202100045795,119Â 893,B01,1,1,1,9,2,6,-1,0,0,-1,2021,38.0,2,1,0,2,4,23,1,,4,AVENUE DU GENERAL MICHEL BIZOT,0,,2,2,0,1,(1),(1),1,, -1,1,0,1,50,31,3,2021,18:00,1,75,75112,2,2,0,2,AVENUE DU GENERAL MICHEL BIZOT,48.839779,2.40438,18,2,2
202100015821,173Â 393,A01,2,2,2,5,0,-1,-1,0,0,-1,2021,19.0,1,2,3,0,9,1,1,,1,16,0,A,1,4,0,1,56,300,1,, -1,2,0,1,110,2,10,2021,07:40,2,60,60652,1,1,0,6,"Autoroute A16, pk 56+300 sens PARIS-BOULOGNE",49.2997140592,2.0730247853,7,3,1
202100039071,131Â 798,B01,1,1,1,0,1,0,-1,-1, -1,-1,2021,24.0,3,1,0,2,1,1,5,,6,MONTLHERY (RUE),0,,-1,0,0,1,0,0,1,, -1,1,0,8,30,12,5,2021,10:09,1,91,91570,2,1,0,3,MONTLHERY (RUE),48.63416,2.29711,10,2,2
202100019064,167Â 564,A01,10,3,1,5,0,-1,-1,1,2,1,2021,92.0,1,1,0,1,1,1,5,,3,117,-1,,2,2,0,2,(1),(1),1,, -1,1,0,1,-1,14,9,2021,09:06,1,85,85282,2,1,0,6,Rue de Chavagnes,46.703737,-0.978988,9,2,1
202100049481,113Â 310,C01,1,1,1,1,1,8,-1,-1, -1,-1,2021,65.0,1,4,0,2,1,9,1,,3,R.N 105,0,,2,3,0,1,19,1112,1,, -1,1,0,1,90,1,3,2021,07:30,2,77,77487,1,1,0,6,D605,48.53787,2.69368,7,3,3
202100014304,176Â 133,B01,1,1,1,9,8,0,-1,0,0,-1,2021,65.0,3,1,0,2,0,26,5,,3,BOULEVARD DES HEROS,0,,3,2,0,1,(1),(1),1,, -1,1,0,1,50,6,10,2021,21:35,3,971,97101,2,6,0,6,JEAN  IGNACE (RUE) ,16.25166,-61.52075,21,2,2
202100011690,180Â 833,B01,1,1,1,1,1,-1,-1,0,0,-1,2021,41.0,1,2,0,2,1,13,1,,3,930,0,D,2,2,0,1,12,500,1,, -1,1,0,1,80,23,10,2021,07:30,2,62,62353,1,1,0,1,D930,50.111094,2.891625,7,2,2
202100031018,146Â 291,B01,1,1,2,0,8,0,-1,-1, -1,-1,2021,24.0,0,1,0,0,0,0,3,,4,FLANDRES/DUNKERQUE (CARREFOUR),0,,1,3,1,1,0,0,2,, -1,1,0,1,30,2,7,2021,10:58,1,66,66136,2,6,0,3,FLANDRES/DUNKERQUE (CARREFOUR),42.68666,2.90729,10,2,2
202100021189,163Â 789,A01,2,2,2,0,2,6,9,0,0,-1,2021,29.0,1,1,0,2,1,2,1,,3,955,-1,D,2,2,0,1,(1),(1),1,, -1,1,0,1,50,4,9,2021,12:30,1,59,59004,2,3,0,2,Route Nationale,50.504065,3.334651,12,3,2
202100017326,170Â 679,A01,1,1,1,1,1,-1,-1,0,0,-1,2021,41.0,2,2,13,0,1,17,1,,3,1,-1,,2,2,0,1,87,500,1,,"5,5",1,0,3,90,24,9,2021,18:05,1,86,86054,1,1,0,7,D1,46.220193,0.32536,18,1,1
202100022903,160Â 685,B01,1,1,1,0,2,8,-1,-1, -1,-1,2021,32.0,1,1,0,2,1,2,1,,4,AV MAZARIN,0,,2,2,0,1,0,0,1,, -1,1,0,1,50,21,8,2021,19:30,1,91,91161,2,1,0,3,AV MAZARIN,48.706,2.31373,19,2,2
202100019859,166Â 143,A01,10,3,1,1,0,-1,-1,2,9,1,2021,26.0,0,5,0,1,3,18,1,,4,LAURENT BONNEVAY    (Boulevard),0,,3,4,0,1,(1),(1),1,, -1,1,0,1,50,9,9,2021,21:55,5,69,69266,2,1,0,6,LAURENT BONNEVAY (BD),45.78486,4.86725,21,2,1
202100018067,169Â 338,B01,1,1,1,0,2,-1,-1,0,0,-1,2021,22.0,1,1,0,2,3,17,1,,2,2,-1,,2,2,0,1,(1),(1),4,, -1,1,0,1,50,20,9,2021,11:40,1,971,97121,2,1,0,1,Rue de la Bataille Anse Guyonn,16.228062,-61.786632,11,2,2
202100029256,149Â 462,B01,2,2,1,0,1,0,-1,-1, -1,-1,2021,32.0,2,5,0,2,4,2,1,,1,AUTOROUTE A104,0,,3,7,0,1,0,899,1,, -1,2,0,1,90,13,7,2021,09:20,1,93,93078,1,1,1,2,AUTOROUTE A104,48.9712217736,2.4988746643,9,3,2
202100042276,126Â 064,A01,1,1,2,1,1,8,-1,-1, -1,-1,2021,44.0,2,2,0,2,3,11,1,,2,RN12 EXT,0,,3,6,0,1,19,0,1,, -1,1,0,1,110,28,4,2021,12:20,1,78,78322,1,1,0,2,RN12 EXT,48.78667,2.15092,12,4,2
202100035269,138Â 658,A01,10,3,2,5,0,-1,-1,1,3,1,2021,78.0,3,1,0,1,1,1,1,,4,RUE PASTEUR CAUD,0,,2,2,2,1,(1),(1),1,, -1,1,-1,1,50,10,6,2021,22:30,5,33,33063,2,1,0,6,Rue Pasteur,44.84658,-0.63015,22,2,1
202100011314,181Â 516,A01,2,2,1,5,1,-1,-1,0,0,-1,2021,36.0,2,2,16,0,1,0,1,,3,34,-1,,2,2,0,2,22,50,2,, -1,2,0,3,80,23,10,2021,05:00,3,69,69078,1,1,0,7,RD 34,45.6849466033,4.5299935341,5,2,1
202100008112,187Â 230,A01,1,1,1,1,1,-1,-1,-1, -1,-1,2021,61.0,1,2,13,0,1,14,1,,1,A7   15.770 A 20.110,0,,-1,6,0,1,15,425,1,, -1,1,0,3,110,12,11,2021,14:00,1,69,69297,1,1,0,7,A7   15.770 A 20.110,45.62572,4.81569,14,1,1
202100002750,196Â 852,B01,2,2,1,0,8,0,-1,-1, -1,-1,2021,16.0,2,1,0,2,1,1,1,,4,MARECHAL LECLERC DU,0,,2,4,1,1,0,0,1,, -1,1,8,1,30,15,12,2021,14:00,1,64,64445,2,1,1,3,Avenue du GÃ©nÃ©ral Leclerc,43.30401,-0.34525,14,3,2
202100001580,198Â 989,A01,1,1,1,5,8,0,-1,-1, -1,-1,2021,26.0,1,1,0,0,0,1,3,,4,CHURCHILL WINSTON (PLACE),0,,3,4,3,1,0,0,1,, -1,1,0,1,50,22,12,2021,18:52,5,87,87085,2,1,0,7,CHURCHILL WINSTON (PLACE),45.83157,1.25188,18,1,1
202100015734,173Â 541,A01,2,2,1,5,8,0,-1,-1, -1,-1,2021,21.0,2,2,4,0,9,2,1,,2,RN406.W,0,,1,2,0,1,4,400,1,, -1,2,0,1,70,2,10,2021,00:50,3,94,94044,1,1,1,6,RN406.W,48.7574142875,2.4755237102,0,4,1
202100023401,159Â 788,B01,2,2,2,9,2,8,-1,-1, -1,-1,2021,39.0,2,1,0,0,0,0,6,,3,SOURCE DE BADUEL (CHEMIN DE LA),0,,2,2,0,1,0,800,1,, -1,1,9,1,50,18,8,2021,09:50,1,973,97302,2,1,0,3,SOURCE DE BADUEL (CHEMIN DE LA),4.9404328655,-52.3198671342,9,3,2
202100019691,166Â 448,A01,1,1,1,9,2,6,-1,0,0,-1,2021,47.0,2,1,8,0,1,1,1,,4,ELORN,0,,2,2,0,1,(1),(1),2,, -1,1,5,4,30,8,9,2021,20:20,1,29,29019,2,1,0,6,Rue de lâElorn,48.3855433717,-4.4760393188,20,1,1
202100046389,118Â 852,Y01,1,1,1,1,0,-1,-1,-1, -1,-1,2021,55.0,2,1,0,2,1,2,5,,3,AV DE JOINVILLE,0,,1,1,1,1,1,0,1,, -1,1,0,5,50,25,3,2021,16:55,1,94,94052,2,9,0,3,Avenue de Joinville,48.83108,2.46876,16,2,2
202100020985,164Â 154,B01,1,1,2,1,1,-1,-1,-1,0,-1,2021,42.0,2,2,0,2,4,2,1,,1,AUTOROUTE A15,0,,3,6,0,1,8,199,1,, -1,1,0,1,110,3,9,2021,08:35,1,95,95582,1,1,0,2,A15,48.96498,2.26108,8,2,2
202100023498,159Â 629,A01,1,1,1,5,2,6,-1,0,0,-1,2021,15.0,1,1,0,2,1,2,1,,4,784,-1,,2,2,0,1,32,980,1,, -1,1,0,1,50,19,8,2021,15:30,1,29,29003,2,1,0,2,Rue de Kerivoas,48.027621,-4.555255,15,3,2
202100001518,199Â 085,A01,1,1,1,1,1,-1,-1,0,0,-1,2021,21.0,3,2,0,0,9,2,1,,3,2,0,D,2,2,0,1,(1),(1),1,, -1,2,0,1,80,23,12,2021,18:25,3,58,58002,1,1,0,7,Route de Donzy,47.433589,3.072889,18,1,1
202100020131,165Â 640,A01,2,1,1,0,8,0,-1,-1, -1,-1,2021,25.0,3,1,0,2,0,17,1,,4,GARE DE L'ABBAYE (AVENUE DE LA),0,,2,2,0,1,0,0,1,, -1,1,0,1,50,8,9,2021,18:45,1,93,93005,2,1,0,3,Avenue de la Gare de lâAbbaye,48.923628,2.514231,18,2,2
202100023056,160Â 407,A01,1,1,1,5,2,8,-1,-1, -1,-1,2021,18.0,1,1,0,0,7,1,1,,4,KERLIVIO,0,,2,2,0,1,(1),(1),3,, -1,9,0,1,50,1,8,2021,22:04,2,56,56162,1,1,0,7,KERLIVIO,47.75729,-3.41048,22,1,1
202100005428,192Â 092,B01,1,1,2,1,1,5,-1,0,0,-1,2021,58.0,2,2,0,2,1,1,1,,3,97,0,,2,2,0,1,34,300,1,, -1,1,0,1,80,22,11,2021,07:30,2,45,45025,1,1,1,5,D97,48.174786,2.053928,7,3,3
202100014250,176Â 220,A01,1,1,1,5,2,6,-1,0,0,-1,2021,27.0,1,1,0,2,1,17,1,,3,940,0,,2,2,0,1,1,800,1,, -1,1,0,1,80,10,10,2021,09:00,1,46,46034,1,1,0,2,D940,44.716329,1.912748,9,2,2
202100011160,181Â 782,B01,1,1,2,5,2,-1,-1,0,0,-1,2021,72.0,2,1,0,2,1,1,5,,3,13,-1,,2,2,0,1,13,700,1,, -1,1,0,1,50,24,10,2021,13:55,1,43,43216,2,3,0,1,Avenue de la Rochelambert,45.134132,3.812116,13,2,2
202100014996,174Â 898,A01,10,3,1,5,0,-1,-1,5,9,1,2021,50.0,2,2,12,1,1,19,1,,3,RD 6382,0,,3,4,0,1,10,154,1,, -1,2,0,4,50,3,10,2021,08:00,3,76,76481,2,6,1,6,RD 6382,49.5315,0.10342,8,2,1
202100014875,175Â 124,A01,2,2,2,5,1,-1,-1,0,0,-1,2021,56.0,1,2,0,2,1,2,6,,1,31,-1,,1,3,0,1,44,250,1,, -1,1,0,1,130,7,10,2021,13:15,1,21,21021,1,1,0,2,"A31, PK 044+250",47.318054,5.171497,13,4,2
202100055781,102Â 158,A01,1,1,1,4,2,8,-1,-1, -1,-1,2021,18.0,2,1,0,0,8,1,1,,3,724,0,,2,2,0,1,103,310,1,, -1,1,0,1,50,7,1,2021,19:45,5,56,56098,2,1,0,7,JAURES (RUE  JEAN ),47.76333,-3.36162,19,1,1
202100051280,110Â 014,A01,1,1,1,4,1,0,-1,-1, -1,-1,2021,40.0,1,5,0,2,4,23,1,,3,CATEAU (AVENUE DU),0,,-1,0,0,1,1,0,1,, -1,1,0,1,50,16,2,2021,14:20,1,59,59122,2,3,0,2,CATEAU (AVENUE DU),50.16685,3.26882,14,2,2
202100022554,161Â 313,A01,10,3,2,5,0,-1,-1,3,3,1,2021,80.0,2,2,0,1,8,1,1,,3,55,0,D,2,2,0,1,10,600,1,, -1,1,0,1,50,25,8,2021,17:30,1,38,38557,2,1,0,6,Avenue des CÃ¨dres,45.795626,5.119251,17,3,1
202100005054,192Â 747,B01,1,1,1,5,1,0,-1,-1, -1,-1,2021,59.0,3,2,0,2,4,2,1,,4,FUSILLES (AV.),0,,2,2,0,1,(1),(1),2,, -1,2,0,1,50,1,12,2021,10:30,1,62,62427,2,6,1,6,FUSILLES (AV.),50.421534,2.956179,10,2,2
202100048976,114Â 205,A01,10,3,1,1,0,-1,-1,3,3,1,2021,28.0,-1,2,0,1,1,9,1,,3,GRAHAM BELL,0,,3,4,0,1,0,1,1,, -1,1,2,1,50,6,3,2021,10:50,1,93,93051,2,1,0,6,GRAHAM BELL,48.83693,2.54726,10,2,1
202100049393,113Â 471,B01,1,1,1,0,8,0,-1,-1, -1,-1,2021,23.0,3,1,1,2,1,19,5,,4,JAURES JEAN (BOULEVARD),0,,1,0,0,1,0,0,1,, -1,1,0,1,50,2,3,2021,12:34,1,30,30189,2,1,0,6,JAURES JEAN (BOULEVARD),43.82579,4.35346,12,3,3
202100012096,180Â 096,B01,1,1,1,5,0,-1,-1,0,0,-1,2021,69.0,1,1,0,2,4,1,0,,3,149,0,A,2,2,0,1,6,747,1,, -1,1,0,1,80,21,10,2021,13:35,1,44,44063,1,1,0,2,Maupay,47.067107,-1.200793,13,2,2
202100050309,111Â 775,A01,10,3,1,5,0,-1,-1,1,3,1,2021,39.0,2,2,0,1,1,1,1,,3,RUE DE RIS,0,,2,3,0,2,0,100,1,, -1,1,0,1,50,22,2,2021,16:55,1,91,91201,2,1,0,7,RUE DE RIS,48.663444,2.418142,16,2,1
202100052314,108Â 206,B01,1,1,1,0,2,8,-1,-1, -1,-1,2021,19.0,1,1,0,2,1,15,1,,4,VEZIN (ROUTE DE),0,,3,4,2,1,(1),(1),1,, -1,1,5,1,50,5,2,2021,19:05,5,35,35238,2,2,0,3,Rue de Vezin,48.116327,-1.713984,19,2,2
202100053761,105Â 645,A01,10,3,2,0,0,-1,-1,2,3,1,2021,29.0,2,2,0,1,2,1,1,,4,ROBESPIERRE (RUE),0,,2,2,3,1,1,0,1,, -1,1,0,1,50,25,1,2021,17:10,2,93,93048,2,1,0,6,ROBESPIERRE (RUE),48.8502107808,2.4253082871,17,2,1
202100018531,168Â 510,B01,1,1,1,0,2,0,-1,-1, -1,-1,2021,46.0,2,1,0,2,4,1,1,,2,RTE DE FONTAINEBLEAU,0,,1,3,0,2,0,0,3,, -1,1,2,1,70,17,9,2021,00:05,4,91,91479,1,1,0,3,RTE DE FONTAINEBLEAU,48.73957,2.36397,0,2,2
202100051163,110Â 221,A01,1,1,1,1,2,8,-1,-1, -1,-1,2021,50.0,2,1,0,2,7,21,1,,3,R D 900,0,,2,3,0,1,22,180,1,, -1,1,0,1,50,16,2,2021,12:32,1,66,66136,1,1,0,7,R D 900,42.69856,2.86606,12,1,1
202100044618,121Â 966,A01,1,1,1,0,0,-1,-1,0,0,-1,2021,26.0,2,2,6,0,1,1,1,,3,80,0,D,2,2,0,1,(1),(1),2,, -1,1,0,4,50,10,4,2021,02:30,5,54,54456,2,1,0,6,Rue Charles Berlet,48.7028006447,6.3874340066,2,1,1
202100045455,120Â 485,A01,1,1,1,4,2,8,-1,-1, -1,-1,2021,24.0,2,0,0,2,1,2,3,,4,HABY SOMMER (RUE),0,,2,2,0,2,0,0,1,, -1,1,0,1,50,30,3,2021,08:30,1,92,92063,2,1,0,2,HABY SOMMER (RUE),48.87588,2.18642,8,2,2
202100000233,201Â 311,A01,1,1,2,0,2,8,-1,0,0,-1,2021,20.0,3,1,0,2,3,0,1,,4,ANGLAIS (A PARTIR DU NÂ° 351),0,,3,6,0,1,(1),(1),1,, -1,1,0,1,50,18,8,2021,17:40,1,6,6088,2,1,0,2,ANGLAIS (A PARTIR DU NÂ° 351),43.67041,7.22308,17,2,2
202100050575,111Â 284,A01,10,3,2,0,0,-1,-1,6,3,1,2021,62.0,3,2,0,1,2,16,1,,4,COLBERT,0,,2,2,0,1,0,0,1,, -1,1,0,1,30,19,2,2021,15:05,1,58,58194,2,3,0,6,COLBERT,46.99303,3.16024,15,2,1
202100013229,178Â 093,B01,1,1,1,0,2,6,-1,-1, -1,-1,2021,51.0,3,1,0,2,3,3,1,,3,QUAI DES TANNEURS,0,,2,2,0,1,38,373,1,, -1,1,0,1,50,14,10,2021,16:30,1,77,77333,2,1,0,3,D607,48.267,2.69868,16,2,2
202100041182,127Â 987,A01,7,2,1,5,8,-1,-1,0,0,-1,2021,19.0,2,2,2,0,2,1,1,,3,2,-1,,2,2,0,2,24,510,4,, -1,1,0,3,70,6,5,2021,20:45,2,81,81220,1,1,0,6,dÃ©partementale 2,43.840702,1.714125,20,3,1
202100007752,187Â 897,B01,2,2,1,5,8,-1,-1,-1, -1,-1,2021,14.0,1,0,0,2,7,26,3,,4,PROFESSEUR TAVERNIER (DU)           (R ),0,,2,2,0,1,(1),(1),1,, -1,1,0,4,50,16,11,2021,17:50,5,69,69388,2,3,0,3,PROFESSEUR TAVERNIER (DU) (R),45.7289338511,4.8667126894,17,3,2
202100018746,168Â 133,A01,1,1,1,0,2,6,-1,-1, -1,-1,2021,58.0,1,1,0,0,7,1,1,,3,RD 974,0,,2,2,0,1,1,0,3,, -1,1,0,1,50,10,9,2021,13:40,1,71,71486,2,1,0,7,RD 974,46.64549,4.3358,13,1,1
202100040372,129Â 443,A01,10,3,1,4,0,-1,-1,3,3,1,2021,43.0,3,2,0,1,2,17,1,,4,AVENUE DE MARIGNY,0,,2,2,0,1,(1),(1),1,, -1,2,0,1,50,11,5,2021,13:57,1,75,75108,2,1,1,6,AVENUE DE MARIGNY,48.868569,2.314425,13,2,1