Num_Acc,id_vehicule,num_veh,place,catu,sexe,trajet,secu1,secu2,secu3,locp,actp,etatp,year_acc,victim_age,senc,catv,obs,obsm,choc,manv,motor,occutc,catr,voie,v1,v2,circ,nbv,vosp,prof,pr,pr1,plan,lartpc,larrout,surf,infra,situ,vma,jour,mois,an,hrmn,lum,dep,com,agg_,int,atm,col,adr,lat,long,hour,nb_victim,nb_vehicules
202100051947,108Â 851,B01,1,1,2,1,1,-1,-1,0,0,-1,2021,48.0,2,2,0,2,3,19,1,,3,108,-1,,2,2,0,1,9,950,1,, -1,1,0,1,30,10,2,2021,18:45,5,17,17109,2,3,0,3,rue du grand chemin,46.138947,-1.027216,18,2,2
202100007396,188Â 537,A01,1,1,2,5,1,-1,-1,0,0,-1,2021,25.0,1,2,0,0,4,23,1,,3,562,0,,2,2,0,2,2,400,1,, -1,1,0,1,50,19,11,2021,08:30,1,14,14174,2,1,0,2,D562,48.853301,-0.54561,8,2,2
202100006067,190Â 957,B01,1,1,1,5,2,6,-1,0,0,-1,2021,16.0,0,1,0,2,1,1,1,,3,37,-1,,2,2,0,1,1,0,3,, -1,2,0,1,80,27,11,2021,21:30,3,60,60106,1,1,1,1,D37,49.386591,2.455992,21,2,2
202100014811,175Â 228,B01,2,2,2,5,1,-1,-1,0,0,-1,2021,62.0,1,2,0,2,4,2,1,,4,CLEMENCEAU (AVENUE GEORGES),0,,2,0,0,1,1,0,1,, -1,1,5,1,50,5,10,2021,18:45,1,14,14118,2,3,0,2,Avenue Georges Clemenceau,49.18808,-0.35206,18,3,2
202100052183,108Â 433,A01,1,1,2,5,1,-1,-1,0,0,-1,2021,21.0,1,2,4,0,3,1,1,,1,8,0,,3,3,0,1,159,100,3,, -1,2,0,1,110,8,2,2021,18:35,3,6,6079,1,1,1,7,"AUTOROUTE A8 , CHAUSSÃE SUD, PK 159.100",43.543198,6.938767,18,3,1
202100005922,191Â 205,B01,1,1,1,5,2,6,-1,-1, -1,-1,2021,43.0,1,1,0,2,1,1,1,,7,MIRABEAU (RUE),0,,2,1,0,1,(1),(1),1,, -1,2,0,1,30,26,11,2021,19:20,5,59,59421,2,1,1,2,MIRABEAU (RUE),50.7027,3.1334,19,2,2
202100022396,161Â 618,B01,1,1,1,1,1,0,-1,-1, -1,-1,2021,30.0,1,5,0,2,4,1,1,,1,A4,0,,3,4,0,1,0,1,1,, -1,1,0,1,90,23,8,2021,11:45,1,94,94018,1,1,0,2,A4,48.8264219627,2.3918627688,11,2,2
202100021516,163Â 181,A01,1,1,2,5,1,-1,-1,0,0,-1,2021,34.0,3,2,0,2,7,1,1,,4,3,-1,,2,2,0,1,(1),(1),1,, -1,1,0,1,80,1,9,2021,13:45,1,80,80782,1,2,0,3,"voie communale 3, vaux en amienois",49.977087,2.256145,13,3,2
202100022588,161Â 242,B01,1,1,2,0,1,8,-1,-1, -1,-1,2021,19.0,1,2,0,2,3,9,1,,4,PASTEUR (AVENUE LOUIS),0,,1,2,0,1,(1),(1),1,, -1,1,0,1,50,24,8,2021,11:20,1,973,97302,2,1,0,5,PASTEUR (AVENUE LOUIS),4.94392,-52.3219,11,4,4
202100034625,139Â 822,B01,1,1,1,0,1,0,-1,-1, -1,-1,2021,39.0,0,1,0,0,8,0,3,,3,BREMENT (RUE DE) 1 A 83 - 2 A 78,0,,3,2,0,1,0,1,1,, -1,1,5,1,50,13,6,2021,20:10,1,93,93053,2,6,0,3,Rue de BrÃ©ment / Rue Jules Auffret,48.88821,2.45648,20,2,2
202100033101,142Â 580,A01,4,2,1,1,1,8,-1,-1, -1,-1,2021,42.0,1,2,8,0,1,6,1,,3,MARCEL PAUL (AVENUE) (1/103),0,,2,4,0,1,0,0,1,, -1,1,0,1,50,19,6,2021,12:15,1,92,92036,2,3,0,7,MARCEL PAUL (AVENUE) (1/103),48.9426138541,2.3029915988,12,3,1
202100031593,145Â 282,A01,1,1,1,5,2,6,-1,0,0,-1,2021,67.0,2,1,0,1,1,1,3,,4,RUE DE VAUGIRARD,0,,1,3,0,1,(1),(1),1,, -1,1,0,1,50,29,6,2021,13:50,1,75,75115,2,1,0,6,RUE DE VAUGIRARD,48.839699,2.301676,13,3,1
202100056080,101Â 638,B01,1,1,2,4,1,8,-1,-1, -1,-1,2021,37.0,1,2,0,2,8,15,1,,3,NATIONAL (BOULEVARD),0,,2,4,0,1,0,0,1,, -1,2,0,1,50,4,1,2021,13:00,1,92,92063,2,1,0,3,NATIONAL (BOULEVARD),48.89016,2.18054,13,2,2
202100043107,124Â 622,B01,1,1,2,5,0,-1,-1,0,0,-1,2021,74.0,3,1,0,2,8,1,5,,4,,-1,,2,2,0,1,(1),(1),1,, -1,1,0,1,70,15,4,2021,16:10,1,66,66008,1,1,0,3,traverse San PÃ¨re,42.550614,2.999643,16,2,2
202100033269,142Â 304,A01,1,1,1,0,2,6,-1,0,0,-1,2021,54.0,1,1,12,0,8,15,0,,3,386,0,D,2,2,0,1,35,557,1,, -1,1,0,1,50,17,6,2021,23:30,5,69,69007,2,1,0,7,ALLEES (DES) (BD),45.4908953949,4.8152196407,23,1,1
202100032405,143Â 850,A01,1,1,1,1,1,-1,-1,0,0,-1,2021,22.0,1,2,0,2,1,2,1,,1,89,0,A,1,3,3,2,431,0,1,, -1,1,0,6,130,25,6,2021,15:45,1,63,63430,1,1,0,2,Autoroute A89 PK 431+000 sens CLERMONT-FD/LYON,45.864254,3.529202,15,2,2
202100009925,183Â 950,B01,1,1,1,1,2,6,-1,0,0,-1,2021,55.0,2,1,0,2,3,1,1,,4,RUE BROCHANT,0,,2,2,0,1,(1),(1),1,, -1,1,0,1,30,1,11,2021,11:20,1,75,75117,2,2,0,3,RUE BROCHANT,48.888944,2.317977,11,2,2
202100006624,189Â 950,A01,2,2,2,2,1,0,-1,-1, -1,-1,2021,16.0,1,2,0,2,3,9,1,,4,,0,,1,2,0,1,(1),(1),2,, -1,1,0,1,50,23,11,2021,08:00,1,66,66136,2,6,0,3,PRADES (AVENUE DE),42.69693,2.86609,8,3,2
202100048922,114Â 310,A01,1,1,1,9,1,8,-1,-1, -1,-1,2021,49.0,1,2,0,2,1,26,1,,4,RODIER(RUE),0,,1,1,0,2,0,0,1,, -1,1,0,1,50,5,3,2021,11:50,1,974,97416,2,1,0,5,RODIER(RUE),-21.33393,55.47865,11,3,3
202100029107,149Â 722,B01,3,2,1,5,3,0,-1,-1, -1,-1,2021,0.0,2,2,0,2,4,1,2,,3,RD 817,0,,2,2,0,1,34,820,2,, -1,2,0,1,50,12,7,2021,13:15,1,64,64335,1,6,1,2,RD 817,43.3452,-0.4227,13,4,2
202100049319,113Â 607,A01,1,1,1,9,1,-1,-1,0,0,-1,2021,28.0,1,2,8,0,0,1,1,,3,252E1,-1,D,2,2,0,1,0,214,3,, -1,1,0,3,50,4,3,2021,20:25,5,17,17197,2,1,0,6,Rue de la Grave,45.450038,-0.447795,20,1,1
202100007890,187Â 637,B01,1,1,2,0,1,-1,-1,0,0,-1,2021,26.0,2,2,0,2,5,15,1,,3,1206,-1,,1,1,0,1,(1),(1),3,, -1,1,0,5,50,16,11,2021,07:18,2,1,1033,2,6,0,2,Place Berard,46.108402,5.82932,7,2,2
202100025681,155Â 780,B01,3,2,1,9,8,-1,-1,0,0,-1,2021,11.0,2,2,0,2,1,0,1,,3,168,-1,,2,2,0,2,7,800,4,, -1,2,0,1,70,4,8,2021,22:30,3,11,11014,1,1,0,1,CD 168 Route de Narbonne Plage,43.177235,3.101406,22,13,2
202100011365,181Â 411,A01,1,1,1,0,1,-1,-1,-1, -1,-1,2021,34.0,1,5,0,2,6,10,1,,9,MOULINS (AVE DES DE 18 A 23,0,,2,0,0,1,1,420,1,, -1,1,0,1,50,23,10,2021,09:35,1,83,83137,2,1,0,3,MOULINS (AVE DES DE 18 A 23,43.137538,5.91431,9,2,2
202100021576,163Â 066,B01,1,1,1,1,2,6,-1,-1, -1,-1,2021,62.0,1,1,0,2,1,2,1,,4,PAUL BERNIERE (RUE),0,,2,2,0,1,0,0,1,, -1,1,0,1,30,30,8,2021,14:00,1,987,98736,2,9,0,3,PAUL BERNIERE (RUE),-17.53804,-149.5527,14,2,2
202100054825,103Â 800,B01,1,1,1,5,1,-1,-1,0,0,-1,2021,72.0,2,2,0,2,1,1,1,,3,372,-1,,2,2,0,2,19,50,4,, -1,5,0,1,70,16,1,2021,13:20,1,91,91405,1,1,1,4,rd 372,48.426794,2.469043,13,6,3
202100050431,111Â 553,B01,1,1,1,9,0,-1,-1,-1, -1,-1,2021,37.0,3,1,0,2,1,1,0,,4,OSCHATZ (D')                        (AV),0,,3,1,1,2,(1),(1),1,, -1,1,0,5,50,23,2,2021,19:50,5,69,69259,2,9,0,3,OSCHATZ (D')                        (AV),45.6957618897,4.8812180109,19,2,2
202100012937,178Â 610,B01,1,1,1,5,2,-1,-1,-1, -1,-1,2021,15.0,3,1,0,2,4,2,1,,4,,-1,,2,2,0,1,(1),(1),1,,4,1,0,1,80,16,10,2021,21:15,3,44,44062,1,1,0,2,Rue du Haut Luc - LES ROTYS,47.541491,-1.7443,21,3,2
202100024735,157Â 431,B01,1,1,1,0,2,0,-1,0,0,-1,2021,62.0,2,1,0,2,8,2,3,,4,DOUMER (AVENUE PAUL),0,,2,2,0,1,(1),(1),1,, -1,1,0,1,30,10,8,2021,18:20,1,54,54547,2,1,0,3,DOUMER (AVENUE PAUL),48.6749163779,6.1872406304,18,2,2
202100008320,186Â 855,A01,1,1,1,0,1,-1,-1,0,0,-1,2021,35.0,1,2,13,0,0,14,1,,2,10,0,,1,0,0,1,45,0,1,,0,2,0,8,110,14,11,2021,09:10,1,78,78003,1,1,1,6,N10,48.554294,1.830626,9,1,1
202100027755,152Â 096,B01,1,1,2,4,1,8,-1,0,0,-1,2021,38.0,2,2,0,2,4,2,1,,4,ECHANGEUR BERCY,0,,1,4,0,1,0,100,1,, -1,1,0,1,70,21,7,2021,18:05,1,75,75112,2,1,0,2,ECHANGEUR BERCY,48.826635,2.388995,18,2,2
202100049247,113Â 728,A01,1,1,2,5,1,8,-1,-1, -1,-1,2021,72.0,1,2,15,0,1,1,1,,3,162,0,,2,2,0,2,5,362,4,, -1,1,0,1,50,3,3,2021,14:35,1,56,56162,2,3,0,6,FORT BLOQUE (ROUTE DU),47.7383745548,-3.4443855286,14,2,1
202100050232,111Â 924,A01,10,3,2,0,0,-1,-1,4,3,1,2021,32.0,3,2,0,1,2,1,1,,4,DE LATTRE DE TASSIGNY (1 A 51),0,,2,4,0,1,0,0,1,, -1,1,0,1,50,25,2,2021,10:05,1,93,93031,2,1,0,6,DE LATTRE DE TASSIGNY (1 A 51),48.95291,2.31564,10,2,1
202100009604,184Â 540,B01,3,2,1,0,1,0,-1,-1, -1,-1,2021,7.0,1,2,0,2,1,1,1,,2,OUEST BOULEVARD,0,,2,2,0,1,13,0,1,, -1,2,0,1,50,3,11,2021,14:20,1,25,25056,2,2,1,4,OUEST BOULEVARD,47.21916,5.98221,14,5,3
202100020662,164Â 697,A01,1,1,1,5,2,6,-1,-1, -1,-1,2021,52.0,2,1,13,0,1,26,1,,1,Autoroute A31,0,,1,1,0,1,313,500,2,, -1,1,3,3,70,5,9,2021,08:00,2,57,57433,1,1,0,7,Autoroute A31,49.2,6.17,8,1,1
202100022745,160Â 945,B01,1,1,1,9,2,6,-1,0,0,-1,2021,33.0,3,1,0,2,7,1,1,,4,AVENUE DE LA PORTE DE CLICHY,0,,2,2,0,1,(1),(1),1,, -1,1,0,1,50,23,8,2021,23:00,5,75,75117,2,2,0,3,AVENUE DE LA PORTE DE CLICHY,48.896257,2.310145,23,4,2
202100018158,169Â 154,B01,2,2,1,5,2,0,-1,-1, -1,-1,2021,31.0,1,1,1,2,3,1,1,,4,LIEUTAUD (COURS),0,,2,2,0,1,0,0,1,, -1,1,0,1,50,18,9,2021,13:35,1,13,13206,2,1,0,1,LIEUTAUD (COURS),43.2907345832,5.3832458174,13,3,2
202100002368,197Â 551,B01,1,1,1,2,8,-1,-1,-1, -1,-1,2021,16.0,2,1,0,2,1,1,5,,4,ROMAIN ROLLAND                      (QU),0,,1,3,1,2,(1),(1),1,, -1,1,0,5,50,17,12,2021,09:00,1,69,69385,2,1,0,3,ROMAIN ROLLAND (Q),45.76115,4.82856,9,2,2
202100045986,119Â 557,A01,10,3,2,5,0,-1,-1,4,3,1,2021,30.0,1,1,0,1,1,1,1,,4,RUE DE RIVOLI,0,,1,3,0,1,(1),(1),1,, -1,1,0,1,30,30,3,2021,11:55,1,75,75104,2,3,0,6,RUE DE RIVOLI,48.85574,2.358992,11,2,1
202100042192,126Â 206,A01,1,1,2,0,1,-1,-1,-1, -1,-1,2021,75.0,2,2,0,2,3,15,1,,4,BENODET rue de,0,,2,2,0,1,(1),(1),1,, -1,1,0,1,50,28,4,2021,17:20,1,29,29232,2,1,0,1,Rue de Benodet,47.984324,-4.105218,17,3,2
202100053939,105Â 335,B01,1,1,1,0,2,0,-1,-1, -1,-1,2021,25.0,1,1,0,2,8,15,1,,7,RD 3,0,,-1,2,0,4,26,100,1,, -1,2,9,3,50,23,1,2021,17:30,3,42,42095,1,9,1,3,Route de Roche,45.40609,4.29336,17,2,2
202100015013,174Â 869,A01,4,2,1,0,3,8,-1,-1, -1,-1,2021,0.0,2,2,6,0,1,15,1,,3,INDUSTRIE (AVENUE DE L'),0,,2,2,0,1,0,100,1,, -1,1,0,1,50,30,9,2021,21:40,5,66,66136,2,1,0,6,INDUSTRIE (AVENUE DE L'),42.7301768914,2.8990237446,21,2,1
202100040016,130Â 066,A01,2,2,1,9,1,-1,-1,-1, -1,-1,2021,20.0,3,2,3,0,2,1,1,,7,RD383   7.640 A 11.044,0,,1,2,0,2,7,699,2,, -1,1,0,2,50,13,5,2021,19:55,1,69,69029,1,1,0,7,RD383,45.72872,4.89852,19,2,1
202100043600,123Â 738,A01,1,1,1,5,2,-1,-1,0,0,-1,2021,66.0,1,1,0,2,1,1,5,,3,37,-1,B,2,2,0,1,(1),(1),1,, -1,1,0,1,50,17,4,2021,11:50,1,14,14106,2,1,0,2,Route de l'Arbre Martin,49.240024,-0.225917,11,2,2
202100043699,123Â 574,A01,1,1,1,5,1,-1,-1,0,0,-1,2021,33.0,2,2,15,0,1,0,1,,1,5,-1,,2,3,0,1,20,165,1,, -1,1,0,3,130,17,4,2021,20:00,1,77,77165,1,1,0,6,A5,48.494768,2.842026,20,1,1
202100004315,194Â 044,B01,1,1,1,1,2,6,-1,0,0,-1,2021,16.0,1,1,0,2,1,1,1,,3,752,-1,,2,2,0,1,2,20,1,, -1,2,0,1,80,7,12,2021,18:10,3,49,49244,1,2,1,3,Les Gats (st Florent-le-Vieil),47.353053,-1.016257,18,2,2
202100001052,199Â 878,B01,1,1,1,9,2,6,-1,0,0,-1,2021,52.0,1,1,0,2,1,1,1,,4,BOULEVARD SAINT MARCEL,0,,2,4,0,1,(1),(1),1,, -1,2,0,1,30,29,12,2021,20:30,5,75,75105,2,2,1,3,BOULEVARD SAINT MARCEL,48.83842,2.357025,20,2,2
202100040088,129Â 938,A01,1,1,1,5,0,-1,-1,0,0,-1,2021,14.0,3,1,0,2,1,1,6,,4,,-1,,2,2,0,2,(1),(1),1,, -1,1,0,1,50,14,5,2021,18:05,1,65,65447,2,1,0,1,Rue de l'Arros,43.187374,0.244832,18,2,2
202100011737,180Â 748,A01,1,1,1,4,1,0,-1,-1, -1,-1,2021,41.0,1,4,3,2,1,2,1,,1,AUTOROUTE A16,0,,-1,4,0,1,126,800,1,, -1,1,0,1,130,4,10,2021,11:50,1,59,59588,1,1,0,2,AUTOROUTE A16,51.0262356046,2.4222484823,11,2,2
202100039534,130Â 929,B01,1,1,1,5,1,8,-1,-1, -1,-1,2021,19.0,1,2,4,0,7,21,1,,1,A7-Sens Lyon vers Marseille,0,,1,3,0,1,279,299,1,, -1,1,0,1,90,12,5,2021,14:00,1,13,13214,1,1,0,5,A7-Sens Lyon vers Marseille,43.332419,5.377445,14,7,3
202100027378,152Â 779,B01,1,1,1,0,2,6,-1,0,0,-1,2021,54.0,2,1,0,2,0,17,1,,2,PROVENCE (AVENUE DE),0,,2,2,0,2,40,365,1,, -1,1,0,1,50,21,7,2021,14:00,1,5,5061,2,1,0,3,PROVENCE (AVENUE DE),44.54104,6.05765,14,2,2
202100018486,168Â 590,A01,2,2,2,5,1,9,-1,0,0,-1,2021,45.0,3,2,0,2,8,15,1,,2,02,-1,,2,2,0,1,(1),(1),1,, -1,1,0,1,80,18,9,2021,11:25,1,971,97129,1,2,0,6,Clugny,16.353297,-61.751868,11,5,3
202100009242,185Â 193,A01,10,3,2,3,0,-1,-1,1,9,1,2021,76.0,1,2,0,1,4,4,1,,9,HERBUVAUX (PLACE RENE),0,,1,1,0,1,(1),(1),1,, -1,1,0,8,30,5,11,2021,10:38,1,54,54526,2,1,0,6,HERBUVAUX (PLACE RENE),48.6865621113,6.2098038815,10,2,1
202100033102,142Â 579,A01,10,3,2,0,0,-1,-1,4,3,1,2021,13.0,2,2,0,1,3,1,1,,3,992,0,,-1,0,0,1,0,0,1,, -1,1,4,1,50,21,6,2021,12:13,1,92,92035,2,2,0,6,Rue des Fauvelles,48.9022895362,2.239754498,12,2,1
202100004948,192Â 947,A01,10,3,1,1,0,-1,-1,1,9,1,2021,48.0,3,2,0,1,1,1,1,,6,,-1,,-1,-1,0,2,(1),(1),1,,4,1,0,8,-1,30,11,2021,18:10,5,6,6149,2,1,0,6,Route de Laghet,43.742592,7.318289,18,2,1
202100042806,125Â 144,B01,1,1,1,9,2,0,-1,-1, -1,-1,2021,28.0,1,1,0,2,1,1,1,,4,TECLE (EUGENE) CITE THEMIRE,0,,2,1,0,1,(1),(1),1,, -1,1,0,1,50,23,4,2021,10:05,1,973,97302,2,1,0,3,TECLE (EUGENE) CITE THEMIRE,4.9356377722,-52.3201859486,10,3,2
202100006981,189Â 289,B01,2,2,2,0,1,0,-1,-1, -1,-1,2021,22.0,1,2,0,2,0,0,1,,1,A5501DSens Lyon vers A55-Mlle Vieux Port,0,,1,2,0,2,0,1,3,, -1,1,2,1,90,7,11,2021,19:15,3,13,13071,1,1,0,2,A5501DSens Lyon vers A55-Mlle Vieux Port,43.39652,5.29842,19,5,2
202100011813,180Â 605,B01,1,1,2,0,2,8,-1,-1, -1,-1,2021,60.0,0,1,0,2,4,19,5,,4,PAINLEVE ( RUE PAUL ),0,,1,0,0,1,(1),0,1,, -1,2,0,1,30,21,10,2021,15:45,1,44,44109,2,6,0,3,PAINLEVE ( RUE PAUL ),47.225876,-1.570717,15,2,2
202100044553,122Â 078,A01,2,2,2,0,1,0,-1,-1, -1,-1,2021,19.0,1,2,12,0,1,12,1,,4,LEFAUCHEUX PIERRE (BD),0,,1,4,0,1,0,0,3,, -1,2,3,3,50,9,4,2021,18:50,1,72,72181,2,1,1,6,LEFAUCHEUX PIERRE (BD),47.97682,0.1707,18,3,1
202100000614,200Â 606,A01,1,1,1,5,8,-1,-1,0,0,-1,2021,75.0,1,2,0,0,2,1,1,,3,1.8,-1,,2,2,0,1,0,160,1,,4,1,0,1,50,31,12,2021,09:30,1,68,68352,2,6,0,5,Voie Romaine,48.012865,7.537898,9,4,3
202100022739,160Â 953,A01,2,2,1,0,1,0,-1,-1, -1,-1,2021,89.0,1,2,0,2,1,26,1,,4,GAMBETTA BOULEVARD,0,,2,0,0,1,0,0,1,, -1,1,0,1,50,23,8,2021,16:00,1,8,8105,2,3,0,3,GAMBETTA BOULEVARD,49.772541,4.710538,16,3,2
202100010071,183Â 694,A01,1,1,2,1,8,-1,-1,0,0,-1,2021,23.0,2,2,0,5,1,1,1,,3,916,0,D,2,2,0,2,2,700,2,, -1,1,0,1,90,31,10,2021,06:25,3,61,61508,1,1,0,6,D 916,48.918861,0.187325,6,1,1
202100040814,128Â 668,A01,7,2,2,5,1,-1,-1,0,0,-1,2021,17.0,3,2,13,0,3,13,1,,4,,-1,,2,1,0,1,(1),(1),3,,3,1,0,3,80,8,5,2021,13:50,1,18,18216,1,1,0,6,Le Chene,46.75069,2.124352,13,4,1
202100020035,165Â 815,B01,1,1,2,0,1,-1,-1,0,0,-1,2021,19.0,1,2,0,2,1,16,1,,3,519,-1,,2,2,0,1,5,50,1,, -1,1,0,1,70,31,5,2021,15:50,1,14,14069,1,3,0,3,D519,49.134694,0.25107,15,2,2
202100035309,138Â 591,A01,1,1,1,4,2,6,-1,0,0,-1,2021,20.0,2,1,0,2,3,13,1,,4,AVENUE VICTOR HUGO,0,,2,2,0,1,(1),(1),1,, -1,1,0,1,50,9,6,2021,20:15,1,75,75116,2,3,0,1,AVENUE VICTOR HUGO,48.870809,2.288074,20,2,2
202100000001,201Â 764,B01,1,1,1,1,0,9,-1,0,0,-1,2021,21.0,1,1,0,2,1,1,5,,3,981,-1,,2,2,0,1,(1),(1),1,, -1,1,0,1,80,30,11,2021,07:32,2,30,30319,1,1,0,1,CD 981,44.038958,4.348022,7,2,2
202100054569,104Â 232,A01,10,3,2,5,0,-1,-1,9,9,2,2021,20.0,1,2,0,1,2,1,1,,3,RD 6382,0,,3,4,0,1,4,730,1,, -1,2,0,1,90,16,1,2021,05:05,3,76,76351,1,1,0,6,D6382,49.52466,0.18005,5,2,1
202100039393,131Â 183,B01,1,1,1,0,2,0,-1,-1, -1,-1,2021,39.0,1,1,0,2,8,1,1,,1,A13,0,,-1,2,0,2,24,299,1,, -1,2,0,1,110,19,5,2021,16:35,1,78,78498,1,1,0,3,A13,48.916844,2.005571,16,2,2
202100030380,147Â 459,B01,1,1,1,1,1,5,-1,-1, -1,-1,2021,59.0,2,2,0,2,8,1,1,,1,VA007331 A620,0,,1,4,3,1,225,367,3,, -1,2,3,1,90,6,7,2021,06:50,1,31,31555,2,9,1,5,VA007331 A620,43.65234,1.42994,6,3,3
202100026553,154Â 236,A01,4,2,2,5,1,-1,-1,0,0,-1,2021,61.0,1,2,16,0,9,14,1,,1,87,-1,,1,4,0,2,83,940,1,, -1,1,0,3,130,29,7,2021,14:40,1,85,85238,1,1,0,7,A87,46.9636717654,-0.9236589074,14,4,1
202100014750,175Â 344,A01,10,3,2,5,0,-1,-1,4,3,1,2021,19.0,1,2,0,1,3,1,3,,3,906,0,,2,2,0,1,0,0,1,, -1,1,6,1,50,6,10,2021,18:30,1,92,92023,2,1,0,6,GENERAL DE GAULLE (AV DU) NÂ°130 A 340 ET,48.7837369726,2.2474832833,18,2,1
202100038370,133Â 052,B01,1,1,1,5,2,6,-1,-1, -1,-1,2021,36.0,3,1,0,2,8,26,1,,4,POMPIDOU (H12 A 14,0,,2,2,0,1,(1),(1),1,, -1,1,0,1,50,23,1,2021,14:00,1,34,34003,2,2,0,3,Boulevard Georges Pompidou,43.30842,3.47623,14,3,2
202100007536,188Â 278,A01,1,1,2,5,1,0,-1,-1, -1,-1,2021,67.0,1,2,0,2,4,2,1,,1,A501-Sens Pont de l'Etoile vers Aubagne,0,,1,2,0,1,2,0,1,, -1,1,0,1,90,18,11,2021,09:57,1,13,13005,1,1,0,2,A501-Sens Pont de l'Etoile vers Aubagne,43.300193,5.564266,9,3,2
202100014568,175Â 667,A01,2,2,2,0,8,0,-1,-1, -1,-1,2021,37.0,1,1,0,0,0,0,1,,4,NOGUES (AVE DU GENERAL),0,,1,1,0,2,0,0,1,, -1,1,0,1,50,7,10,2021,07:40,1,83,83137,2,1,0,6,NOGUES (AVE DU GENERAL),43.127794,5.920789,7,2,1
202100024830,157Â 270,B01,2,2,2,5,1,-1,-1,-1, -1,-1,2021,45.0,2,2,0,2,6,1,1,,4,BPNL   34.000 A 34.614,0,34,1,3,0,1,100,0,1,, -1,1,1,1,70,7,8,2021,22:25,5,69,69081,1,1,0,2,PERIPHERIQUE NORD (BD),45.77654,4.7915,22,5,2
202100045715,120Â 032,A01,1,1,1,0,1,0,0,0,0,-1,2021,37.0,2,2,3,0,0,2,1,,1,AUTOROUTE A21,0,,-1,4,0,1,50,900,1,, -1,1,0,1,110,31,3,2021,19:40,2,59,59569,1,1,0,6,AUTOROUTE A21,50.380736,3.140471,19,1,1
202100035363,138Â 500,A01,1,1,2,5,1,-1,-1,0,0,-1,2021,51.0,1,2,13,0,3,13,1,,3,156,0,,2,2,0,1,10,712,1,, -1,9,0,3,80,11,6,2021,09:00,1,32,32030,1,1,0,6,Panassac,43.505243,0.280296,9,1,1
202100042336,125Â 949,A01,1,1,1,9,1,0,-1,-1, -1,-1,2021,50.0,3,2,0,2,8,13,1,,4,GROSS-UMSTADT (AVENUE DE),0,,2,2,0,1,(1),(1),1,, -1,1,0,1,50,27,4,2021,08:30,1,7,7281,2,1,0,3,GROSS-UMSTADT (AVENUE DE),44.941858,4.861059,8,2,2
202100011318,181Â 509,A01,1,1,1,5,1,-1,-1,0,0,-1,2021,34.0,0,5,0,2,1,1,1,,4,,-1,,2,2,0,2,(1),(1),2,,4,1,0,1,50,24,10,2021,21:24,3,27,27118,2,1,0,1,Rue des Collets,49.113407,1.112881,21,2,2
202100042063,126Â 440,A01,1,1,1,5,2,8,-1,-1, -1,-1,2021,32.0,1,1,0,2,1,1,5,,4,COMMANDANT GUILBAUD (AV DU),0,,2,2,0,1,0,0,1,, -1,1,0,1,30,28,4,2021,16:45,1,94,94068,2,3,0,3,COMMANDANT GUILBAUD (AV DU),48.80617,2.46977,16,2,2
202100043469,123Â 959,Z01,10,3,2,9,8,8,-1,5,9,1,2021,20.0,3,1,0,1,0,25,0,,4,AVENUE DE L OPERA,0,,2,4,0,1,(1),(1),1,, -1,1,0,4,50,19,4,2021,12:30,1,75,75101,2,3,0,6,AVENUE DE L OPERA,48.866307,2.334158,12,2,1
202100002222,197Â 818,B01,1,1,1,9,8,0,-1,-1, -1,-1,2021,22.0,1,1,0,2,1,0,0,,2,RN1 (ROUTE NATIONALE),0,,1,2,0,1,(1),(1),1,, -1,1,0,1,110,19,12,2021,01:10,3,974,97416,1,1,0,1,RN1 (ROUTE NATIONALE),-21.30449,55.42804,1,2,2
202100029134,149Â 676,B01,1,1,1,1,2,-1,-1,-1, -1,-1,2021,19.0,2,1,0,2,1,26,1,,4,CRS DE LA LIBERATION,0,,3,2,2,1,(1),(1),1,, -1,1,0,1,30,13,7,2021,22:05,5,33,33522,2,1,0,3,Cours de la LibÃ©ration,44.80254,-0.59341,22,2,2
202100008417,186Â 691,B01,1,1,1,5,1,-1,-1,0,0,-1,2021,21.0,2,2,0,2,1,1,1,,3,1006,0,D,2,2,0,1,31,500,1,, -1,1,0,1,50,12,11,2021,18:20,5,38,38401,2,2,0,3,Route de Lyon,45.567947,5.425519,18,2,2
202100054834,103Â 786,A01,1,1,1,3,0,-1,-1,0,0,-1,2021,75.0,3,2,2,0,3,13,1,,4,,-1,,2,2,0,1,(1),(1),1,, -1,2,0,4,50,17,1,2021,17:40,2,60,60612,2,1,0,6,27 ChaussÃ©e Pontpoint,49.216471,2.594059,17,1,1
202100047372,117Â 098,B01,1,1,2,0,8,0,-1,-1, -1,-1,2021,50.0,1,1,0,2,1,1,1,,4,BLANCARDE (BOULEVARD),0,,1,2,0,1,(1),(1),1,, -1,2,0,1,50,19,3,2021,09:30,1,13,13204,2,1,1,1,BLANCARDE (BOULEVARD),43.302973,5.401257,9,2,2
202100024381,158Â 103,A01,1,1,2,9,1,-1,-1,0,0,-1,2021,26.0,1,2,0,2,1,1,3,,2,165,-1,,3,4,0,1,31,800,1,, -1,1,0,1,110,14,8,2021,13:30,1,29,29146,1,1,0,2,N165 - Parc Criminal,47.9136868332,-3.8708728552,13,5,2