Num_Acc,id_vehicule,num_veh,place,catu,sexe,trajet,secu1,secu2,secu3,locp,actp,etatp,year_acc,victim_age,senc,catv,obs,obsm,choc,manv,motor,occutc,catr,voie,v1,v2,circ,nbv,vosp,prof,pr,pr1,plan,lartpc,larrout,surf,infra,situ,vma,jour,mois,an,hrmn,lum,dep,com,agg_,int,atm,col,adr,lat,long,hour,nb_victim,nb_vehicules
202100056204,101Â 429,A01,10,3,2,5,0,-1,-1,3,3,2,2021,75.0,2,2,0,1,2,1,1,,3,59,-1,D,2,2,0,4,30,961,1,, -1,1,0,1,50,5,1,2021,15:00,1,35,35223,2,1,0,6,Rue du Fief,47.999937,-2.102459,15,2,1
202100053402,106Â 269,A01,1,1,2,2,1,-1,-1,0,0,-1,2021,35.0,2,2,0,2,2,5,1,,3,31,-1,D,2,2,0,1,14,700,1,, -1,2,0,8,80,28,1,2021,09:15,1,27,27217,1,1,1,3,D31,49.07368,0.912707,9,2,2
202100010362,183Â 186,A01,1,1,1,4,1,0,-1,-1, -1,-1,2021,24.0,1,2,0,2,3,2,1,,4,AV DE L'EUROPE,0,,2,4,0,1,1,0,1,, -1,1,9,1,50,29,10,2021,10:20,1,94,94073,2,9,0,3,Avenue de lâEurope,48.75658,2.36912,10,2,2
202100041092,128Â 160,B01,3,2,1,5,1,8,-1,-1, -1,-1,2021,10.0,2,2,0,2,4,1,1,,4,SVOB ( BOULEVARD EMMANUEL),0,,3,2,0,1,(1),(1),1,, -1,1,0,1,30,4,5,2021,17:00,1,56,56121,2,6,0,2,SVOB ( BOULEVARD EMMANUEL),47.75004,-3.36661,17,4,2
202100006922,189Â 394,A01,1,1,2,5,1,0,-1,-1, -1,-1,2021,79.0,3,2,0,2,7,1,1,,4,PORTUGAL (BD DU),0,,2,4,1,1,(1),(1),1,, -1,2,0,1,50,21,11,2021,11:55,1,35,35238,2,2,1,3,FREVILLE (AVENUE HENRI),48.08376,-1.67511,11,2,2
202100036518,136Â 433,A01,1,1,1,5,8,-1,-1,0,0,-1,2021,34.0,1,5,6,0,8,1,1,,3,973,0,D,2,2,0,2,8,500,3,, -1,2,0,3,70,4,6,2021,16:00,1,3,3120,1,9,0,6,L'Haut Brenot,46.632262,3.65577,16,1,1
202100014768,175Â 317,A01,10,3,1,5,0,-1,-1,1,3,1,2021,11.0,3,2,0,1,1,1,1,,4,SALENGRO ROGER ( BOULEVARD),0,,2,2,0,1,(1),(1),1,, -1,1,0,1,50,6,10,2021,15:20,1,95,95280,2,1,0,6,SALENGRO ROGER ( BOULEVARD),49.0335339182,2.4726957587,15,2,1
202100007784,187Â 837,B01,1,1,2,0,2,0,-1,-1, -1,-1,2021,67.0,1,1,0,2,7,26,3,,3,LIBERTE (AVENUE DE LA),0,,1,1,1,1,(1),(1),1,, -1,1,0,5,50,5,11,2021,17:47,5,68,68066,2,9,0,3,LIBERTE (AVENUE DE LA),48.07497,7.34451,17,2,2
202100042656,125Â 384,B01,1,1,1,5,1,-1,-1,-1, -1,-1,2021,55.0,1,2,0,2,4,0,1,,1,A7   15.770 A 20.110,0,,3,6,0,1,14,800,1,, -1,1,0,1,110,24,4,2021,22:00,3,69,69297,1,1,0,2,A7,45.602635618,4.7972066794,22,3,2
202100020525,164Â 949,B01,1,1,1,4,1,8,-1,-1, -1,-1,2021,49.0,1,5,0,2,6,23,1,,4,ZAY (AVENUE JEAN ZAY),0,,3,4,0,1,(1),(1),1,, -1,1,0,1,50,6,9,2021,13:25,1,45,45234,2,1,0,2,Avenue Jean Zay,47.90537,1.92036,13,2,2
202100014667,175Â 499,A01,10,3,1,1,0,-1,-1,3,3,1,2021,32.0,3,5,0,1,2,1,1,,4,,-1,,2,1,0,2,(1),(1),1,,3,1,0,1,50,6,10,2021,08:15,1,35,35236,2,1,0,6,16 Rue de Normandie,47.662649,-2.069694,8,2,1
202100040019,130Â 062,A01,1,1,1,0,1,0,-1,-1, -1,-1,2021,24.0,1,2,4,0,3,13,1,,1,AUTOROUTE A6,0,,1,3,0,1,9,750,1,, -1,1,2,1,110,13,5,2021,23:24,3,92,92002,1,1,0,6,AUTOROUTE A6,48.7352119004,2.3166453838,23,1,1
202100048633,114Â 829,A01,1,1,2,5,1,-1,-1,0,0,-1,2021,38.0,1,2,2,0,8,13,1,,3,410,0,D,2,2,0,1,3,465,2,0,"4,4",2,0,3,80,11,3,2021,16:30,1,16,16146,1,1,1,6,Lieu-dit Le Plantier,45.62368,0.282898,16,1,1
202100048354,115Â 320,A01,1,1,1,1,2,0,-1,-1, -1,-1,2021,46.0,2,1,0,0,7,1,1,,1,A86,0,,3,6,0,1,77,500,2,, -1,2,0,1,90,12,3,2021,17:55,5,92,92063,1,1,1,7,A86,48.89029,2.17066,17,1,1
202100018472,168Â 612,B01,9,2,1,5,1,-1,-1,0,0,-1,2021,37.0,1,2,0,2,3,1,1,,3,78,0,D,2,2,0,1,58,100,1,, -1,1,0,1,80,17,9,2021,23:00,3,24,24485,1,1,0,1,Doumarias,45.378302,0.804577,23,5,2
202100030647,146Â 977,A01,1,1,1,5,0,-1,-1,0,0,-1,2021,33.0,1,2,6,0,3,0,1,,3,901,0,,2,2,0,1,32,200,1,, -1,1,0,3,90,5,7,2021,18:15,1,21,21489,1,1,0,6,D901,47.596274,4.772138,18,1,1
202100029993,148Â 182,A01,1,1,1,5,2,6,-1,-1, -1,-1,2021,22.0,1,1,0,2,1,2,1,,4,MENDES FRANCE (AVENUE),0,,2,4,0,1,0,0,1,, -1,1,0,1,50,8,7,2021,20:40,1,13,13208,2,1,0,2,MENDES FRANCE (AVENUE),43.25066,5.37561,20,2,2
202100016335,172Â 440,A01,1,1,1,9,1,8,-1,-1, -1,-1,2021,19.0,2,2,0,2,4,2,1,,1,A7-Sens Marseille vers Lyon,0,,1,4,0,1,272,0,1,, -1,1,0,1,90,21,9,2021,19:00,1,13,13106,1,1,0,2,A7-Sens Marseille vers Lyon,43.39292,5.35139,19,2,2
202100031776,144Â 961,A01,1,1,1,0,2,6,-1,0,0,-1,2021,53.0,1,1,0,2,3,1,1,,3,25,-1,,2,2,0,2,6,300,4,, -1,1,0,1,80,30,6,2021,08:40,1,34,34251,1,1,0,3,D25,43.774611,3.396728,8,2,2
202100005431,192Â 087,A01,1,1,1,1,1,-1,-1,0,0,-1,2021,23.0,2,2,2,0,7,13,1,,3,132E2,-1,,2,2,0,1,1,383,2,, -1,2,0,8,80,1,12,2021,08:50,1,17,17477,1,1,0,6,D132e2,45.975828,-0.159484,8,1,1
202100004894,193Â 041,A01,1,1,2,5,1,-1,-1,-1, -1,-1,2021,28.0,2,2,4,0,1,2,1,,2,ROUTE NATIONALE 230,0,,1,2,0,1,43,950,2,, -1,2,3,1,50,4,12,2021,11:45,1,33,33249,1,1,0,7,ROUTE NATIONALE 230,44.881725,-0.511404,11,1,1
202100007496,188Â 358,A01,2,2,2,5,1,-1,-1,0,0,-1,2021,24.0,2,2,2,0,1,1,1,,3,817,-1,,2,2,0,1,86,500,1,, -1,1,0,3,80,19,11,2021,07:00,2,31,31076,1,1,0,6,D817,43.112482,0.638291,7,2,1
202100045678,120Â 090,A01,2,2,2,0,1,3,-1,0,0,-1,2021,5.0,0,2,0,0,2,15,1,,3,211,0,D,2,2,0,1,0,0,3,, -1,1,0,1,50,31,3,2021,14:35,1,80,80142,2,4,0,3,Rue de Molliens,49.883312,2.069013,14,3,2
202100012554,179Â 277,A01,1,1,2,5,1,-1,-1,0,0,-1,2021,20.0,1,2,13,0,2,1,1,,1,89,0,A,3,4,0,1,285,610,3,, -1,1,0,3,-1,17,10,2021,16:00,1,19,19002,1,1,0,6,autoroute A 89,45.604386,2.433751,16,2,1
202100040313,129Â 544,A01,1,1,1,4,8,-1,-1,-1, -1,-1,2021,21.0,2,1,15,0,1,16,5,,4,,0,,2,3,1,2,(1),(1),3,, -1,3,0,1,50,10,5,2021,22:00,5,69,69385,2,1,1,7,CHEMIN NEUF (DU)                    (MO),45.76205,4.82602,22,1,1
202100052827,107Â 298,A01,1,1,1,5,1,-1,-1,0,0,-1,2021,39.0,1,2,13,0,1,1,1,,3,1,-1,,2,2,0,2,63,380,1,, -1,2,0,3,80,2,2,2021,11:10,1,31,31106,1,1,0,6,D1 - PK 63+380,43.525052,1.780788,11,1,1
202100038698,132Â 458,B01,1,1,1,5,2,-1,-1,0,0,-1,2021,12.0,2,1,0,2,2,19,5,,2,66,0,,2,2,0,1,26,500,1,,4,1,6,1,50,23,5,2021,19:50,1,88,88188,2,2,0,6,2 RUE DE LORRAINE,47.873655,6.787893,19,2,2
202100035660,137Â 969,A01,1,1,1,1,2,0,-1,-1, -1,-1,2021,25.0,2,1,0,2,9,3,1,,1,A4,0,,3,3,0,2,12,699,1,, -1,1,0,1,110,9,6,2021,07:00,1,93,93051,1,1,0,3,A4,48.837021,2.547829,7,3,3
202100030503,147Â 244,B01,1,1,1,5,2,6,-1,-1, -1,-1,2021,25.0,1,1,4,2,3,18,1,,1,A7-Sens Marseille vers Lyon,0,,1,2,0,1,267,0,1,, -1,1,0,1,110,6,7,2021,08:10,1,13,13071,1,1,0,3,A7-Sens Marseille vers Lyon,43.40401,5.30191,8,2,2
202100042855,125Â 063,B01,1,1,1,5,8,0,-1,-1, -1,-1,2021,22.0,2,1,0,2,1,5,5,,4,ROYALE,0,,1,1,1,1,(1),(1),1,, -1,1,0,1,30,23,4,2021,14:40,1,62,62193,2,1,0,1,ROYALE,50.957369,1.849501,14,3,2
202100002677,196Â 990,A01,1,1,1,4,1,-1,-1,0,0,-1,2021,37.0,1,2,12,0,2,15,2,,3,957,-1,,2,2,0,1,10,980,2,, -1,1,2,1,80,17,12,2021,16:25,1,82,82112,1,3,0,6,Route de Laujol,44.140453,1.103262,16,2,1
202100042826,125Â 113,B01,1,1,1,5,2,0,-1,-1, -1,-1,2021,51.0,1,1,0,2,1,1,5,,3,LIBERATION (RUE DE LA),0,,-1,2,0,2,3,670,1,, -1,1,5,1,50,22,4,2021,14:20,1,78,78322,2,2,0,3,LIBERATION (RUE DE LA),48.76367,2.16674,14,2,2
202100016791,171Â 601,A01,10,3,2,3,0,-1,-1,3,3,1,2021,63.0,3,2,0,1,1,1,1,,4,SALVADOR ALLENDE (AVENUE),0,,2,2,0,1,0,0,1,, -1,1,0,1,30,23,9,2021,08:30,1,972,97209,1,1,0,6,SALVADOR ALLENDE (AVENUE),14.61041,-61.04764,8,2,1
202100051141,110Â 260,A01,1,1,1,4,2,6,-1,-1, -1,-1,2021,49.0,2,1,0,0,0,1,1,,1,AUTOROUTE A10,0,,1,2,0,1,0,699,2,, -1,2,0,1,90,18,2,2021,10:35,1,91,91689,1,1,1,7,AUTOROUTE A10,48.73646,2.31712,10,1,1
202100042943,124Â 911,B01,1,1,1,5,0,-1,-1,0,0,-1,2021,16.0,2,1,0,0,1,1,5,,3,45,-1,,2,2,0,1,7,810,1,, -1,1,0,1,50,16,4,2021,18:30,1,68,68038,2,1,0,1,grand rue,48.096301,7.436872,18,2,2
202100048858,114Â 428,B01,2,2,2,5,1,0,-1,-1, -1,-1,2021,12.0,3,2,0,2,2,0,1,,4,QUATORZE JUILLET   RUE DU,0,,2,2,3,1,(1),(1),1,, -1,1,0,1,30,7,3,2021,16:41,1,17,17291,2,2,0,3,QUATORZE JUILLET   RUE DU,46.17571,-1.11564,16,3,2
202100030163,147Â 852,B01,3,2,1,0,1,0,-1,-1, -1,-1,2021,5.0,1,2,0,2,4,2,1,,3,TOURS (RTE) LIGNE DROITE DES HUNAUDIERES,0,,2,2,0,2,43,781,1,, -1,1,0,1,70,6,7,2021,12:10,1,72,72181,1,1,0,4,TOURS (RTE) LIGNE DROITE DES HUNAUDIERES,47.96075,0.22409,12,4,3
202100042956,124Â 886,A01,1,1,1,0,2,6,-1,0,0,-1,2021,24.0,2,1,0,2,1,13,1,,3,23,0,D,2,2,0,2,20,319,3,, -1,1,0,1,80,23,4,2021,17:50,1,69,69135,1,1,0,1,COL DE CRIE (DU) (RTE),46.23222,4.55274,17,2,2
202100026709,153Â 971,A01,1,1,1,1,2,6,9,0,0,-1,2021,20.0,2,1,0,6,0,2,1,,3,21,0,D,2,2,0,1,1,400,1,, -1,1,0,1,90,27,7,2021,18:14,1,51,51617,1,1,0,7,Rue des CÃ´tes des Blancs,49.0250561361,4.3208402395,18,1,1
202100012887,178Â 694,B01,1,1,2,0,1,5,-1,-1, -1,-1,2021,22.0,3,2,0,2,8,1,1,,4,JULES VALLES (R),0,,-1,2,0,1,0,1,1,, -1,1,0,1,50,16,10,2021,08:30,1,94,94022,2,2,0,3,Rue Jules VallÃ¨s,48.7546021901,2.4102653051,8,2,2
202100055042,103Â 427,A01,1,1,1,0,2,0,-1,-1, -1,-1,2021,54.0,1,1,0,2,1,1,1,,4,AV ETIENNE BILLIERES,0,,2,2,0,1,(1),(1),1,, -1,2,0,1,50,13,1,2021,21:45,5,31,31555,2,1,1,2,34 Avenue Etienne BilliÃ¨res,43.597266,1.426989,21,2,2
202100001832,198Â 523,B01,1,1,1,0,1,0,-1,-1, -1,-1,2021,16.0,1,1,0,2,1,1,1,,4,PERE MAITRE(RUE DU),0,,2,2,0,1,0,0,1,, -1,1,0,1,50,21,12,2021,19:00,2,974,97416,2,1,0,3,PERE MAITRE(RUE DU),-21.28361,55.46618,19,2,2
202100011501,181Â 164,A01,10,3,2,9,0,-1,-1,3,3,1,2021,85.0,1,2,0,1,1,1,1,,3,524,0,,2,2,0,2,(1),(1),1,, -1,1,0,1,50,13,10,2021,14:40,1,14,14762,2,1,0,6,4 Rue Emile Desvaux,48.837174,-0.884829,14,2,1
202100026718,153Â 959,B01,2,2,2,5,2,6,9,0,0,-1,2021,57.0,2,1,0,2,1,1,1,,3,938,-1,,2,2,0,2,22,594,1,, -1,1,0,1,90,29,7,2021,15:50,1,61,61348,1,3,0,3,D938,48.473263,0.546827,15,3,2
202100000162,201Â 456,B01,1,1,1,1,2,0,-1,-1, -1,-1,2021,59.0,0,1,0,2,1,2,5,,4,CHARLES DE GAULLE (RUE),0,,2,2,2,2,0,0,1,, -1,1,0,1,50,12,11,2021,12:07,1,91,91471,2,1,0,3,CHARLES DE GAULLE (RUE),48.702077,2.190553,12,2,2
202100053951,105Â 315,A01,2,2,1,5,1,5,-1,-1, -1,-1,2021,10.0,1,2,0,0,9,1,1,,2,RD 569,0,,2,2,0,1,5,500,1,, -1,1,0,1,80,23,1,2021,10:55,1,13,13047,1,1,0,7,RD 569,43.5331256389,4.9591826249,10,2,1
202100014957,174Â 971,A01,1,1,1,0,8,0,-1,-1, -1,-1,2021,34.0,1,2,0,2,3,1,1,,3,ROUTE DEPARTEMENTALE 3,0,,2,2,0,3,10,500,4,, -1,1,0,1,70,5,10,2021,13:00,1,972,97213,2,1,0,1,ROUTE DEPARTEMENTALE 3,14.67652,-60.98806,13,5,2
202100030848,146Â 624,B01,2,2,1,5,2,0,-1,-1, -1,-1,2021,17.0,2,1,0,2,1,1,1,,4,DROZ   AVENUE EDOUARD,0,,4,2,3,1,(1),(1),1,, -1,2,5,1,50,4,7,2021,23:32,5,25,25056,2,2,0,3,DROZ   AVENUE EDOUARD,47.24248,6.02961,23,4,2
202100033400,142Â 064,B01,1,1,2,0,1,0,-1,0,0,-1,2021,21.0,1,2,0,2,4,2,1,,7,RD 220,0,,2,2,0,1,(1),(1),1,, -1,1,0,1,70,19,6,2021,15:15,1,54,54526,2,2,0,2,BOIS LA DAME (CHEMIN DE),48.6757381822,6.2274053693,15,4,2
202100003516,195Â 463,B01,1,1,1,0,1,8,-1,-1, -1,-1,2021,68.0,1,2,0,2,3,1,1,,3,ROUTE DU STILETTO,0,,2,2,0,3,1,50,1,, -1,1,8,1,50,20,8,2021,10:30,1,201,201004,2,1,0,1,ROUTE DU STILETTO,41.94609,8.77183,10,6,2
202100015575,173Â 844,B01,1,1,1,0,8,0,-1,-1, -1,-1,2021,11.0,3,1,0,2,4,15,5,,4,JEUX OLYMPIQUES (AV. DES),0,,2,3,0,1,(1),(1),1,, -1,1,0,1,30,2,10,2021,16:00,1,38,38185,2,3,0,3,JEUX OLYMPIQUES (AV. DES),45.17413,5.74302,16,2,2
202100054769,103Â 903,B01,2,2,2,0,1,-1,-1,-1, -1,-1,2021,63.0,2,2,0,0,4,2,1,,4,AVE DE SAINT-MEDARD,0,,2,2,2,1,(1),(1),1,, -1,1,5,1,50,15,1,2021,10:00,1,33,33162,2,3,0,2,Avenue de Saint-MÃ©dard,44.862657,-0.649555,10,3,2
202100009256,185Â 164,B01,1,1,1,0,2,-1,-1,-1, -1,-1,2021,53.0,1,1,0,2,1,1,1,,4,RUE DU 8 MAI 1945,0,,3,2,0,1,(1),(1),1,, -1,1,0,1,50,4,11,2021,18:05,5,33,33119,2,3,0,1,Rue du 8 Mai 1945,44.85249,-0.51539,18,2,2
202100024995,156Â 977,A01,2,2,1,5,1,-1,-1,-1, -1,-1,2021,10.0,2,2,11,2,8,21,1,,4,ORADOUR SUR GLANE (AVENUE D'ORADOUR SUR,0,,3,4,0,1,(1),(1),1,, -1,1,0,1,50,8,8,2021,14:40,1,45,45147,2,2,0,3,Avenue dâOradour - sur - Glane,47.933507987,1.9214061563,14,4,2
202100041084,128Â 175,A01,1,1,1,9,2,8,-1,-1, -1,-1,2021,22.0,2,1,0,2,1,1,1,,4,PAU DE,0,,2,2,0,1,0,0,1,, -1,2,0,1,30,5,5,2021,13:15,1,64,64348,2,3,0,3,Avenue de Pau,43.30925,-0.40751,13,2,2
202100016884,171Â 443,A01,1,1,1,0,2,6,-1,-1, -1,-1,2021,33.0,3,1,16,0,8,1,1,,4,GRENET (AVENUE HENRI),0,,2,2,0,2,0,0,1,, -1,1,0,1,50,23,9,2021,10:00,1,64,64102,2,1,0,7,GRENET (AVENUE HENRI),43.50347,-1.46876,10,1,1
202100049631,113Â 028,B01,1,1,1,5,1,0,-1,-1, -1,-1,2021,64.0,3,2,0,2,1,9,1,,4,GARE (RUE DE LA),0,,2,2,0,1,0,0,1,, -1,1,0,1,50,28,2,2021,12:00,1,64,64125,2,1,0,5,GARE (RUE DE LA),43.43122,-1.59629,12,4,3
202100005742,191Â 535,B01,4,2,1,5,1,-1,-1,-1,0,-1,2021,54.0,1,2,0,2,1,2,1,,3,AV DE STALINGRAD,0,,2,4,0,1,0,50,1,, -1,2,0,1,50,28,11,2021,21:30,5,95,95268,2,1,1,4,AV DE STALINGRAD,48.9597617953,2.3990857601,21,5,3
202100052673,107Â 577,A01,10,3,2,0,0,-1,-1,3,3,1,2021,19.0,3,5,0,1,7,16,1,,4,,0,,3,2,3,1,(1),0,1,, -1,1,0,1,50,3,2,2021,13:10,1,44,44109,2,6,0,6,PICHERIT ( RUE HENRI ),47.2526556068,-1.5531081701,13,2,1
202100021651,162Â 929,A01,1,1,2,5,2,0,-1,0,0,-1,2021,21.0,1,1,0,0,0,1,3,,4,AVENUE DE FRANCE,0,,2,4,0,1,(1),(1),1,, -1,1,0,1,30,31,8,2021,20:30,5,75,75113,2,2,0,7,AVENUE DE FRANCE,48.836212,2.371518,20,1,1
202100024504,157Â 859,A01,1,1,2,0,8,-1,-1,-1, -1,-1,2021,72.0,3,2,1,0,2,14,1,,4,COTY. AVENUE RENE,0,,2,2,0,1,0,0,1,, -1,1,-1,1,30,12,8,2021,18:00,1,76,76322,2,1,0,6,COTY. AVENUE RENE,49.40364,1.05222,18,1,1
202100050311,111Â 773,A01,1,1,2,0,1,0,-1,-1, -1,-1,2021,41.0,1,2,0,2,2,15,1,,3,11 NOVEMBRE (AVENUE DU),0,,3,8,0,1,4,535,1,, -1,2,0,1,50,23,2,2021,07:50,1,86,86194,2,9,0,3,Avenue du 11 Novembre,46.567303,0.365832,7,2,2
202100041086,128Â 170,A01,1,1,2,0,1,0,-1,-1, -1,-1,2021,78.0,2,2,0,2,1,1,1,,3,HENRI DE NAVARRE (AVENUE),0,,2,2,0,1,3,315,1,, -1,2,0,1,50,5,5,2021,09:45,1,64,64102,2,1,1,2,HENRI DE NAVARRE (AVENUE),43.50159,-1.44594,9,2,2
202100010829,182Â 369,B01,1,1,1,9,2,6,-1,-1, -1,-1,2021,32.0,2,1,0,2,8,2,1,,1,AUTOROUTE A6B,0,,3,4,0,1,0,109,1,, -1,1,1,1,70,27,10,2021,16:20,1,94,94037,1,1,0,3,AUTOROUTE A6B,48.80959,2.34893,16,2,2
202100005557,191Â 865,A01,2,2,2,1,1,8,-1,-1, -1,-1,2021,36.0,1,2,1,0,3,14,1,,4,TILLEULS (ALL DES),0,,2,2,0,1,1,0,1,, -1,1,0,1,50,30,11,2021,08:50,1,94,94075,2,1,0,6,AllÃ©e des Tilleuls,48.72753,2.52558,8,2,1
202100026156,154Â 940,A01,10,3,1,5,0,-1,-1,2,9,1,2021,43.0,1,1,0,1,1,1,3,,4,BOULEVARD VINCENT AURIOL,0,,1,2,1,4,(1),(1),1,, -1,1,0,5,30,31,7,2021,04:20,5,75,75113,2,3,0,6,BOULEVARD VINCENT AURIOL,48.835466,2.36929,4,2,1
202100002882,196Â 617,A01,1,1,2,9,1,5,-1,-1, -1,-1,2021,61.0,3,2,0,0,9,13,1,,4,REYDELLET (ROUTE JULES),0,,2,2,0,2,0,0,3,, -1,1,9,1,50,12,12,2021,17:15,1,974,97411,1,9,0,7,REYDELLET (ROUTE JULES),-20.93373,55.49234,17,1,1
202100048612,114Â 867,A01,2,2,1,4,0,-1,-1,0,0,-1,2021,30.0,3,2,2,0,1,1,1,,4,,-1,,-1,1,0,1,(1),(1),1,, -1,2,9,3,-1,11,3,2021,03:30,3,55,55315,1,1,1,7,Bois Lejuc (ForÃªt),48.5196546788,5.3722729683,3,3,1
202100037384,134Â 845,A01,1,1,1,5,1,-1,-1,0,0,-1,2021,37.0,0,2,8,0,1,1,1,,3,931,-1,,2,2,0,1,0,500,2,, -1,1,0,4,50,1,6,2021,03:30,3,60,60103,2,4,0,6,Route de Remerangles,49.4153000499,2.2506466228,3,1,1
202100029635,148Â 815,B01,1,1,1,0,8,0,-1,-1, -1,-1,2021,14.0,0,1,0,2,8,0,0,,4,PAUL VERLAINE (RUE),0,,2,2,0,1,0,0,1,, -1,1,0,1,50,10,7,2021,15:55,1,93,93072,2,1,0,3,PAUL VERLAINE (RUE),48.9532,2.37725,15,2,2
202100005856,191Â 322,A01,3,2,2,5,1,-1,-1,-1,0,-1,2021,8.0,1,2,4,0,1,26,1,,3,RD 170,0,,3,4,1,1,1,0,1,, -1,2,0,3,70,27,11,2021,21:50,5,95,95582,1,1,1,6,RD 170,48.96442,2.26906,21,2,1
202100031009,146Â 307,C01,1,1,1,0,8,-1,-1,-1, -1,-1,2021,32.0,3,2,0,2,1,0,0,,7,SOIE  (DE LA )               (Rond Point,0,,2,4,0,1,0,1,2,, -1,2,2,1,50,3,7,2021,13:30,1,69,69256,2,1,1,4,SOIE  (DE LA ) (RDPT),45.7722410553,4.9335471623,13,7,3
202100044142,122Â 772,A01,1,1,2,5,1,8,-1,-1, -1,-1,2021,36.0,1,2,15,0,1,14,1,,4,GUILLEMOT (RUE  ARMAND ),0,,2,2,0,1,(1),(1),1,, -1,1,0,3,30,11,4,2021,21:25,2,56,56121,2,1,0,6,GUILLEMOT (RUE  ARMAND ),47.74714,-3.3923,21,1,1
202100050098,112Â 190,A01,1,1,1,5,1,-1,-1,0,0,-1,2021,61.0,2,2,0,2,3,1,1,,3,32,0,,2,2,0,2,8,750,4,, -1,1,0,1,80,27,2,2021,12:30,1,11,11262,1,1,0,1,rd 32,43.12935,3.057289,12,4,2
202100037022,135Â 526,A01,1,1,1,5,1,0,-1,-1, -1,-1,2021,25.0,1,2,3,0,9,13,1,,3,RN 89 Moulin de Feix ,0,,1,1,3,2,4,150,1,, -1,1,3,1,50,31,5,2021,21:20,5,19,19101,1,1,0,6,bretelle de sortie D1089,45.249684,1.773239,21,1,1
202100030000,148Â 169,B01,1,1,1,0,1,0,-1,-1, -1,-1,2021,24.0,2,2,0,2,4,0,1,,4,CARNOT (RUE),0,,3,5,0,1,(1),(1),3,, -1,1,0,1,50,7,7,2021,14:58,1,10,10387,2,7,0,2,CARNOT (RUE),48.29738,4.06627,14,2,2
202100027564,152Â 453,B01,1,1,1,9,8,0,-1,0,0,-1,2021,34.0,2,1,0,2,1,17,3,,4,AVENUE JEAN JAURES,0,,2,2,0,1,(1),(1),1,, -1,1,5,1,50,22,7,2021,16:45,1,75,75119,2,2,0,3,AVENUE JEAN JAURES,48.886569,2.384658,16,2,2
202100049037,114Â 104,B01,1,1,1,0,1,0,-1,-1, -1,-1,2021,60.0,2,5,0,2,4,1,1,,1,15,0,,3,8,0,1,5,599,1,, -1,1,2,1,90,6,3,2021,16:30,1,92,92036,1,1,0,2,AUTOROUTE A15,48.9472253644,2.2815667997,16,2,2
202100032971,142Â 823,B01,2,2,2,5,2,6,-1,0,0,-1,2021,26.0,1,1,0,2,7,13,1,,2,N2,-1,,2,3,0,1,(1),(1),1,, -1,1,0,1,70,22,6,2021,21:20,3,971,97103,1,1,0,3,Dalciat,16.259844,-61.622304,21,3,2
202100027011,153Â 436,B01,1,1,2,3,1,-1,-1,0,0,-1,2021,45.0,2,2,0,0,4,2,1,,1,26,-1,,3,2,0,1,360,0,1,, -1,1,0,1,130,26,7,2021,15:45,1,10,10380,1,1,0,2,Autoroute A26,48.523341,4.178967,15,3,2
202100046976,117Â 812,A01,10,3,2,5,0,-1,-1,1,3,1,2021,79.0,1,2,0,1,3,1,1,,3,9,-1,D,2,3,3,1,7,500,1,,12,1,0,1,80,24,3,2021,10:15,1,79,79162,1,2,0,7,Avenue du Marais Poitevin,46.318338,-0.562725,10,2,1
202100056504,100Â 902,A01,1,1,1,9,8,-1,-1,0,0,-1,2021,20.0,1,2,6,0,1,13,1,,3,955,0,,2,2,0,1,7,587,1,, -1,1,0,4,50,1,1,2021,03:30,4,89,89384,2,1,0,6,29 Rue de Joigny,47.914785,3.360671,3,1,1
202100054109,105Â 030,B01,1,1,2,9,2,0,-1,-1, -1,-1,2021,23.0,2,1,1,0,0,0,5,,3,AV DE LA REPUBLIQUE ,0,,2,2,0,2,1,0,2,, -1,2,0,1,50,21,1,2021,14:00,1,94,94033,2,1,1,6,REPUBLIQUE (AV DE LA),48.84907,2.47493,14,2,2
202100007353,188Â 609,A01,10,3,2,9,0,-1,-1,1,3,1,2021,55.0,1,4,0,1,1,2,1,,3,TASSIGNY(AVE DU MARECHAL DE LATTRE DE),0,,3,3,0,1,0,0,1,, -1,1,0,1,50,19,11,2021,11:15,1,94,94028,2,1,0,1,TASSIGNY(AVE DU MARECHAL DE LATTRE DE),48.7988,2.4541,11,2,1
202100018889,167Â 884,A01,1,1,1,4,1,4,-1,-1, -1,-1,2021,30.0,2,5,0,2,1,13,1,,1,AUTOROUTE A6B,0,,3,2,0,1,6,579,1,, -1,1,0,1,110,15,9,2021,13:45,1,94,94034,1,1,0,3,AUTOROUTE A6B,48.75954,2.33836,13,2,2
202100004674,193Â 422,A01,1,1,1,5,2,8,-1,-1, -1,-1,2021,15.0,1,1,0,2,1,2,1,,4,MANDELA  (BOULEVARD),0,,1,4,0,1,(1),(1),1,, -1,1,0,1,50,3,12,2021,11:06,1,973,97302,2,3,0,3,MANDELA  (BOULEVARD),4.93878,-52.32639,11,2,2
202100000757,200Â 358,B01,1,1,1,0,2,6,-1,-1, -1,-1,2021,68.0,2,1,0,2,2,17,1,,4,ALSACE LORRAINE D',0,,2,2,2,1,0,0,1,, -1,1,0,1,50,30,12,2021,17:45,2,64,64445,2,1,0,3,102 Boulevard dâAlsace Lorraine,43.30537,-0.37374,17,2,2