Num_Acc,id_vehicule,num_veh,place,catu,sexe,trajet,secu1,secu2,secu3,locp,actp,etatp,year_acc,victim_age,senc,catv,obs,obsm,choc,manv,motor,occutc,catr,voie,v1,v2,circ,nbv,vosp,prof,pr,pr1,plan,lartpc,larrout,surf,infra,situ,vma,jour,mois,an,hrmn,lum,dep,com,agg_,int,atm,col,adr,lat,long,hour,nb_victim,nb_vehicules
202100013189,178Â 170,D01,1,1,1,1,1,0,-1,-1, -1,-1,2021,26.0,2,2,0,2,1,1,1,,1,A51-Sens Aix en Provence vers Marseille,0,,-1,4,3,1,3,500,1,, -1,1,0,1,90,5,10,2021,19:18,3,13,13019,1,1,0,5,A51-Sens Aix en Provence vers Marseille,43.41828,5.366032,19,4,4
202100037103,135Â 381,A01,1,1,2,5,1,-1,-1,0,0,-1,2021,83.0,0,2,0,2,3,9,1,,3,419,0,,2,2,0,1,13,976,1,, -1,1,9,1,80,1,6,2021,15:13,1,90,90012,1,1,0,3,RD419,47.652188,6.95433,15,2,2
202100004394,193Â 900,A01,1,1,2,1,1,0,-1,0,0,-1,2021,23.0,1,2,4,0,3,13,1,,4,PORTE DE BAGNOLET,0,,1,2,0,2,(1),(1),2,, -1,2,0,1,50,6,12,2021,08:20,1,75,75120,2,1,0,7,PORTE DE BAGNOLET,48.864537,2.413376,8,1,1
202100052160,108Â 478,A01,1,1,1,0,0,-1,-1,0,0,-1,2021,60.0,2,1,0,2,3,15,1,,3,44,-1,,2,2,0,1,4,100,1,, -1,1,2,1,50,8,2,2021,14:35,1,972,97229,2,1,0,1,Route de l'UniversitÃ©,14.616594,-61.09893,14,2,2
202100046849,118Â 036,A01,10,3,2,5,0,-1,-1,3,3,1,2021,72.0,1,2,0,1,1,1,2,,4,,-1,,2,2,0,1,(1),(1),1,, -1,1,0,1,50,24,3,2021,11:30,1,33,33243,2,6,0,6,Boulevard de Garderose,44.9030508084,-0.2222075062,11,2,1
202100051849,109Â 024,A01,1,1,1,0,1,-1,-1,0,0,-1,2021,72.0,1,2,0,2,1,13,1,,3,981,-1,,2,2,0,1,27,500,1,, -1,1,0,1,90,11,2,2021,17:50,2,21,21362,1,1,0,1,RD 981,47.233339,4.568295,17,4,2
202100050229,111Â 929,A01,1,1,1,4,2,0,-1,-1, -1,-1,2021,24.0,1,1,0,2,1,2,3,,3,PERI (BOULEVARD GABRIEL)  0 - 37 / 42,0,,3,4,0,1,0,1,1,, -1,1,0,1,50,25,2,2021,13:30,1,93,93064,2,1,0,2,PERI (BOULEVARD GABRIEL)  0 - 37 / 42,48.8778738953,2.4743745582,13,2,2
202100054214,104Â 842,A01,10,3,1,4,0,-1,-1,2,3,1,2021,44.0,1,1,0,1,1,1,1,,4,RUE DE LA CROIX DE MONJOUS,0,,2,2,2,1,(1),(1),1,, -1,1,-1,1,50,15,1,2021,07:10,5,33,33192,2,1,0,6,Rue de la Croix de Monjous,44.77764,-0.59138,7,2,1
202100012207,179Â 896,B01,3,2,2,5,1,8,-1,-1, -1,-1,2021,8.0,-1,2,0,2,2,1,1,,4,BORDEAUX (AVENUE DE),0,,2,4,0,1,(1),(1),1,, -1,1,0,1,50,18,10,2021,18:20,2,37,37050,2,3,0,3,BORDEAUX (AVENUE DE),47.3540748317,0.699271474,18,3,2
202100009391,184Â 915,C01,1,1,1,1,1,0,-1,-1, -1,-1,2021,29.0,1,2,0,2,4,2,1,,2,186,0,,1,2,0,1,48,500,1,, -1,1,0,1,90,5,11,2021,19:00,3,94,94065,1,1,0,4,A86 INT,48.7536127064,2.3611575387,19,4,4
202100010800,182Â 425,A01,10,3,1,5,0,-1,-1,5,3,2,2021,8.0,2,2,0,0,3,1,1,,2,RN2,0,,2,2,0,1,(1),(1),1,, -1,1,0,1,70,28,10,2021,12:00,1,971,97134,1,1,0,6,Route du Bouchu,16.061238,-61.75893,12,2,1
202100054721,103Â 978,B01,1,1,1,4,1,-1,-1,0,0,-1,2021,37.0,1,5,0,2,1,1,1,,3,990,-1,,2,2,0,2,59,528,1,, -1,7,0,1,90,18,1,2021,07:55,2,15,15152,1,3,0,1,intersection RD990 et Rue de l'Aubrac,44.9268,2.843871,7,2,2
202100050234,111Â 922,A01,2,1,1,0,2,0,-1,-1, -1,-1,2021,32.0,1,1,0,2,7,23,1,,3,PARIS (RUE DE),0,,3,3,0,1,0,1,1,, -1,1,0,1,50,25,2,2021,08:08,1,93,93008,2,1,0,3,PARIS (RUE DE),48.8998599135,2.4489566883,8,2,2
202100024491,157Â 887,A01,1,1,1,0,8,-1,-1,-1, -1,-1,2021,25.0,1,1,6,0,1,26,1,,4,TUNNEL ROUTIER RUE TERME     (XX),0,,1,2,3,2,(1),(1),1,, -1,1,1,1,30,12,8,2021,03:30,5,69,69381,2,1,0,6,TERME (R),45.7697,4.83106,3,1,1
202100038166,133Â 425,B01,1,1,2,5,8,0,-1,-1, -1,-1,2021,50.0,2,1,0,2,1,19,3,,3,HUNINGUE ( RUE DE ),0,,2,2,0,1,2,0,1,, -1,1,0,1,50,1,4,2021,09:55,1,68,68297,2,3,0,3,HUNINGUE ( RUE DE ),47.58657,7.56533,9,2,2
202100020069,165Â 752,B01,1,1,1,1,2,6,-1,-1, -1,-1,2021,58.0,2,1,0,2,2,1,1,,2,RN 131,0,,2,2,0,1,(1),(1),1,, -1,1,0,1,80,7,9,2021,18:35,1,60,60159,1,6,1,3,D 130,49.42581,2.87672,18,2,2
202100016365,172Â 381,A01,1,1,1,1,2,4,-1,-1, -1,-1,2021,38.0,1,1,8,0,1,1,5,,3,MARCEL BOYER (QU),0,,2,6,1,1,1,0,1,, -1,1,0,3,30,28,9,2021,18:35,1,94,94041,2,1,0,6,Quai Marcel Boyer,48.82369,2.39064,18,1,1
202100002486,197Â 329,B01,1,1,1,5,2,-1,-1,0,0,-1,2021,51.0,2,1,0,2,1,15,5,,3,112,-1,,2,2,0,1,6,936,1,, -1,1,0,1,80,19,12,2021,12:05,1,54,54108,1,2,1,3,RD 112,48.5812066815,6.267271042,12,3,2
202100033159,142Â 491,A01,1,1,1,0,2,6,-1,-1, -1,-1,2021,57.0,2,1,0,2,1,2,1,,1,AUTOROUTE A1,0,,3,4,0,1,196,100,1,, -1,1,0,1,130,19,6,2021,16:40,1,59,59462,1,1,0,6,AUTOROUTE A1,50.51183346,3.0309015512,16,2,2
202100020231,165Â 472,A01,1,1,1,1,1,5,-1,-1, -1,-1,2021,21.0,2,2,4,2,1,11,1,,2,NATIONALE 6 (PARTIE FORET),0,,1,2,0,1,0,100,1,, -1,1,0,1,90,7,9,2021,06:15,3,91,91421,1,1,0,3,NATIONALE 6 (PARTIE FORET),48.68949,2.47513,6,2,2
202100041439,127Â 530,B01,1,1,1,1,2,6,-1,0,0,-1,2021,17.0,2,1,0,2,1,1,1,,3,D113,-1,,2,3,0,1,41,630,1,, -1,2,0,1,50,5,5,2021,07:00,1,33,33327,2,2,0,1,D1113,44.64967,-0.354234,7,2,2
202100006748,189Â 719,A01,1,1,2,5,1,-1,-1,0,0,-1,2021,23.0,1,2,0,0,7,15,1,,1,36,-1,,2,2,0,2,119,200,1,, -1,1,3,1,70,24,11,2021,17:50,5,68,68253,1,2,0,4,RD52,47.777146,7.516193,17,3,3
202100030853,146Â 613,A01,1,1,1,5,2,6,-1,0,0,-1,2021,27.0,2,1,0,2,2,3,1,,4,BOULEVARD PERIPHERIQUE,0,,1,2,0,1,2,800,1,, -1,1,0,1,70,3,7,2021,18:25,1,75,75113,2,1,0,4,BOULEVARD PERIPHERIQUE,48.816317,2.357204,18,3,3
202100033279,142Â 287,A01,2,2,2,0,1,-1,-1,0,0,-1,2021,28.0,2,2,12,0,1,0,1,,2,7,0,N,1,1,0,1,106,380,3,, -1,1,5,8,50,20,6,2021,07:15,1,26,26116,2,6,0,6,Route Nationale 7,44.429873,4.712534,7,5,1
202100014005,176Â 670,B01,1,1,1,0,1,5,-1,-1, -1,-1,2021,51.0,1,2,0,0,0,0,1,,4,SAINT ANTOINE (AVENUE DE),0,,2,2,0,1,0,0,1,, -1,1,0,1,50,10,10,2021,09:00,1,13,13215,2,1,0,3,SAINT ANTOINE (AVENUE DE),43.38075,5.35758,9,2,2
202100029687,148Â 733,A01,1,1,2,5,1,-1,-1,0,0,-1,2021,26.0,1,2,2,0,7,1,1,,3,19,0,D,2,2,0,1,11,50,2,, -1,2,0,3,80,10,7,2021,21:00,1,21,21358,1,1,1,3,D19 pk 11+50,47.612415,4.517374,21,1,1
202100037016,135Â 537,B01,4,2,1,5,1,8,-1,0,0,-1,2021,20.0,0,2,0,2,1,1,1,,4,SAINTE PERPETUE (RUE),0,,1,1,0,1,0,0,1,, -1,1,0,1,50,29,5,2021,01:50,5,30,30189,2,2,0,6,SAINTE PERPETUE (RUE),43.8369,4.3768,1,3,2
202100026481,154Â 362,B01,2,2,1,5,1,8,-1,-1, -1,-1,2021,25.0,1,2,0,2,2,1,1,,4,SCHLOESING (BOULEVARD),0,,2,2,0,1,0,0,1,, -1,1,2,1,50,29,7,2021,03:30,5,13,13208,2,1,0,3,SCHLOESING (BOULEVARD),43.272520577,5.4011367113,3,4,2
202100018065,169Â 342,A01,2,2,1,5,0,-1,-1,0,0,-1,2021,23.0,2,2,13,0,4,13,1,,2,3,-1,,2,2,0,2,8,700,3,, -1,1,0,3,90,20,9,2021,10:10,1,988,98803,1,1,0,6,RT3 - BOURAIL,-21.45233,165.48685,10,2,1
202100016824,171Â 549,A01,10,3,1,0,0,-1,-1,1,A,1,2021,59.0,1,2,1,1,7,17,2,,4,RUE FERAY,0,,-1,1,0,1,0,0,1,, -1,1,0,1,50,4,9,2021,15:10,1,91,91174,2,1,0,6,RUE FERAY,48.60513,2.47006,15,2,1
202100043095,124Â 642,B01,1,1,1,5,2,-1,-1,0,0,-1,2021,67.0,2,1,0,2,1,1,1,,3,52,0,D,2,2,0,1,8,900,1,, -1,1,0,1,80,23,4,2021,15:55,1,29,29209,1,3,1,1,Lieu-dit Minihy,48.52064,-4.455553,15,2,2
202100001265,199Â 500,A01,1,1,1,1,1,0,-1,-1, -1,-1,2021,28.0,1,2,3,2,1,1,1,,2,RN104,0,,3,2,0,1,7,25,1,, -1,2,0,1,90,27,12,2021,07:10,3,77,77373,1,1,1,3,RN104,48.77372,2.61191,7,2,2
202100020063,165Â 762,A01,1,1,1,0,2,0,-1,-1, -1,-1,2021,24.0,2,1,0,2,1,17,1,,3,D402 (DEVIATION),0,,2,2,0,1,48,675,1,, -1,1,0,1,80,8,9,2021,19:10,1,77,77433,1,3,0,1,D402,48.79254,3.06817,19,3,2
202100015279,174Â 403,A01,1,1,1,0,2,-1,-1,0,0,-1,2021,27.0,3,1,12,0,1,1,1,,3,135,-1,D,3,2,0,1,8,25,3,, -1,1,0,1,70,2,10,2021,07:30,1,6,6085,1,6,0,6,Route d Antibes,43.602091,7.035937,7,1,1
202100043058,124Â 710,B01,5,2,2,9,8,0,-1,0,0,-1,2021,46.0,1,3,0,2,3,7,2,2.0,4,RUE DE TOLBIAC,0,,2,4,3,1,(1),(1),1,, -1,1,-1,6,50,22,4,2021,14:20,1,75,75113,2,2,0,3,RUE DE TOLBIAC,48.82646,2.341797,14,3,2
202100049592,113Â 099,B01,1,1,1,9,1,8,-1,-1, -1,-1,2021,72.0,3,2,0,2,6,19,1,,4,COMMUNE DE PARIS (AVENUE),0,,3,2,0,1,0,0,1,, -1,1,0,1,50,28,2,2021,21:00,5,974,97407,2,9,0,3,COMMUNE DE PARIS (AVENUE),-20.93766,55.29081,21,2,2
202100045475,120Â 450,B01,1,1,1,5,2,6,9,0,0,-1,2021,50.0,1,1,0,0,7,1,1,,3,8.3,2,,2,2,0,1,5,240,1,,4,1,0,1,50,3,4,2021,12:10,1,68,68141,2,3,0,3,2 Route de Didenheim,47.701513,7.281768,12,3,2
202100004893,193Â 042,A01,1,1,1,5,1,-1,-1,-1, -1,-1,2021,40.0,2,2,1,0,1,1,1,,7,RD383   11.750 A 14.250,0,,3,10,0,1,13,500,1,, -1,2,0,1,70,4,12,2021,13:00,1,69,69259,1,1,0,2,RD383   11.750 A 14.250,45.71812,4.86841,13,3,2
202100043860,123Â 268,B01,1,1,1,9,8,0,-1,-1, -1,-1,2021,21.0,3,1,0,2,1,0,1,,4,DE BONNIER (ROUTE),0,,2,2,0,2,(1),(1),3,, -1,1,0,1,50,15,4,2021,14:45,1,971,97101,1,1,0,1,DE BONNIER (ROUTE),16.26197,-61.48694,14,3,2
202100024858,157Â 224,A01,10,3,1,3,0,-1,-1,3,3,1,2021,19.0,3,2,0,1,8,19,1,,4,RUE E TARTASSE,0,,1,1,0,1,0,0,1,, -1,1,0,8,30,9,8,2021,17:20,1,91,91479,2,1,0,6,RUE E TARTASSE,48.70882,2.37,17,2,1
202100000767,200Â 343,B01,1,1,2,5,1,8,-1,-1, -1,-1,2021,37.0,1,2,0,2,4,2,1,,2,AGEN (ROUTE D'),0,,2,2,0,1,47,200,1,, -1,1,0,1,50,31,12,2021,08:30,2,32,32013,2,1,0,2,AGEN (ROUTE D'),43.66283,0.59943,8,2,2
202100033084,142Â 606,A01,10,3,2,1,0,-1,-1,4,3,1,2021,21.0,2,5,0,1,2,1,1,,4,RUE DE ROME,0,,2,4,0,2,(1),(1),1,, -1,1,0,1,50,21,6,2021,10:41,1,75,75108,2,3,0,6,RUE DE ROME,48.87722,2.323075,10,2,1
202100049722,112Â 869,B01,1,1,2,5,0,-1,-1,0,0,-1,2021,62.0,2,1,0,2,1,1,5,,3,190,-1,,2,2,0,1,1,830,1,, -1,1,0,1,70,1,3,2021,17:30,1,56,56152,1,1,0,1,Route de Bangor,47.332133,-3.164738,17,2,2
202100043630,123Â 689,A01,1,1,2,5,1,0,-1,-1, -1,-1,2021,77.0,2,2,0,2,1,2,1,,4,CHEVAL ROUGE (RUE DU ),0,,2,2,0,1,(1),(1),1,, -1,1,0,1,50,16,4,2021,17:05,1,45,45234,2,9,0,2,Rue du Cheval Rouge,47.8993702902,1.9028655395,17,3,2
202100030825,146Â 664,A01,2,2,2,0,1,0,-1,-1, -1,-1,2021,37.0,3,2,0,2,1,13,1,,4,RENAN. RUE ERNEST,0,,2,2,0,1,(1),(1),1,, -1,1,0,1,50,4,7,2021,19:45,1,76,76575,2,1,0,6,RENAN. RUE ERNEST,49.39862,1.06571,19,2,1
202100052481,107Â 911,B01,2,2,2,4,1,0,-1,-1, -1,-1,2021,57.0,2,2,0,2,2,1,1,,3,MARECHAL JOFFRE (BD DU) (1 A 41 - 2 A 56,0,,1,2,0,2,0,0,1,, -1,1,0,1,50,5,2,2021,11:05,1,92,92014,2,2,0,3,MARECHAL JOFFRE (BD DU) (1 A 41 - 2 A 56,48.783123136,2.3151916265,11,3,2
202100031653,145Â 177,B01,2,2,2,9,8,-1,-1,0,0,-1,2021,55.0,1,2,0,2,1,1,1,,3,176,-1,,2,2,0,1,10,500,3,, -1,2,0,1,50,29,6,2021,14:00,1,58,58176,1,1,1,1,129 Route de Nevers,47.026376,3.273717,14,3,2
202100011211,181Â 692,B01,1,1,1,0,2,6,-1,0,0,-1,2021,14.0,0,1,0,2,1,1,1,,3,RD 233,0,,2,2,0,1,4,345,2,, -1,1,0,1,80,24,10,2021,15:45,1,47,47323,1,1,0,1,RD 233,44.42784,0.75161,15,2,2
202100025626,155Â 879,B01,1,1,1,5,2,6,-1,0,0,-1,2021,64.0,1,1,0,2,8,3,1,,4,PORTE MAILLOT,0,,1,2,0,1,(1),(1),3,, -1,1,0,1,50,3,8,2021,18:45,1,75,75116,2,4,0,3,PORTE MAILLOT,48.875126,2.276671,18,2,2
202100035032,139Â 076,A01,10,3,1,5,0,-1,-1,2,3,1,2021,92.0,3,2,0,1,5,26,0,,4,RABELAIS (RUE),0,,2,2,0,2,1,0,1,, -1,1,0,1,50,11,6,2021,10:45,1,13,13216,2,1,0,2,RABELAIS (RUE),43.36134,5.32306,10,3,1
202100054670,104Â 061,A01,10,3,1,1,0,-1,-1,3,3,1,2021,36.0,1,2,0,1,7,1,0,,3,14,0,,2,2,0,1,15,860,1,, -1,2,0,1,40,14,1,2021,18:10,5,95,95572,2,1,1,6,PARIS (AVENUE DE) - RD 14,49.04171,2.11221,18,2,1
202100039158,131Â 631,A01,10,3,2,5,0,-1,-1,1,3,1,2021,3.0,1,5,0,1,2,26,1,,4,FERRAGUS (RUE)  7/8 =>,0,,2,0,3,1,0,0,1,, -1,1,0,1,10,20,5,2021,13:45,1,93,93001,2,1,0,6,7 Rue Ferragus,48.914126,2.380417,13,2,1
202100043345,124Â 185,B01,1,1,1,1,1,8,-1,0,0,-1,2021,64.0,1,2,0,2,6,1,1,,4,ECHANGEUR BERCY,0,,1,3,0,1,(1),(1),1,, -1,1,0,1,50,19,4,2021,15:00,1,75,75112,2,4,0,3,ECHANGEUR BERCY,48.8283095658,2.3903809786,15,2,2
202100038599,132Â 643,A01,1,1,1,9,8,0,-1,-1, -1,-1,2021,17.0,1,1,0,2,3,13,1,,4,VERGER (RUE DU),0,,2,2,0,1,0,0,1,, -1,1,0,1,30,22,5,2021,12:25,1,974,97411,2,1,0,3,VERGER (RUE DU),-20.88623,55.45242,12,3,2
202100021260,163Â 657,A01,10,3,1,5,0,-1,-1,1,3,1,2021,8.0,1,2,0,1,7,1,1,,4,ROSIERS (ALLEE DES),0,,2,2,0,1,(1),(1),1,, -1,1,0,1,50,31,8,2021,19:40,1,37,37233,2,1,0,6,ROSIERS (ALLEE DES),47.3931033413,0.7265391293,19,2,1
202100036349,136Â 725,A01,1,1,1,5,2,6,-1,0,0,-1,2021,19.0,1,1,0,0,7,1,1,,3,125,0,,2,2,0,2,25,0,3,, -1,1,0,1,50,6,6,2021,15:20,1,60,60330,1,1,0,7,RD 125,49.274917,2.172847,15,1,1
202100005377,192Â 177,A01,1,1,1,9,2,6,-1,0,0,-1,2021,34.0,1,1,0,0,8,1,1,,4,CITE DU BASTION,0,,1,1,0,1,(1),(1),1,, -1,2,0,1,30,1,12,2021,12:45,1,75,75117,2,1,0,7,CITE DU BASTION,48.893451,2.308643,12,1,1
202100041493,127Â 439,A01,2,1,1,0,2,0,-1,-1, -1,-1,2021,21.0,3,1,0,0,0,0,1,,4,DORET 1 (BOULEVARD),0,,2,0,0,1,0,0,2,, -1,1,0,1,50,3,5,2021,20:30,4,974,97411,2,1,0,7,DORET 1 (BOULEVARD),-20.89054,55.46158,20,1,1
202100042156,126Â 271,A01,1,1,2,1,1,0,-1,-1, -1,-1,2021,39.0,1,2,0,2,4,26,1,,2,FrÃ©dÃ©ric JALTON,0,,2,2,0,1,0,0,1,, -1,1,0,1,50,28,4,2021,09:00,1,971,97101,2,1,0,2,FrÃ©dÃ©ric JALTON,16.27744,-61.50019,9,2,2
202100022676,161Â 086,B01,1,1,1,0,1,0,-1,-1, -1,-1,2021,27.0,3,2,0,2,3,0,1,,3,7,0,,3,6,0,1,0,0,1,, -1,1,0,1,50,25,8,2021,14:23,1,92,92026,2,1,0,3,PAUL DOUMER,48.8926,2.25929,14,2,2
202100000132,201Â 514,A01,1,1,1,5,2,8,-1,-1, -1,-1,2021,50.0,0,1,0,0,1,26,1,,4,ARRAS (Bld d'),0,,3,1,0,1,(1),(1),1,, -1,2,0,1,50,7,11,2021,02:15,3,62,62667,2,6,1,6,ARRAS (Bld d'),50.71329,1.58333,2,1,1
202100038610,132Â 621,B01,1,1,1,4,1,0,-1,-1, -1,-1,2021,45.0,3,3,0,2,0,0,1,1.0,3,GRAND VAUX (RUE),0,,3,3,0,2,0,0,3,, -1,1,5,1,30,23,5,2021,01:10,5,91,91216,2,2,0,2,GRAND VAUX (RUE),48.670079,2.332629,1,2,2
202100003018,196Â 382,A01,1,1,1,0,8,-1,-1,0,0,-1,2021,33.0,2,2,13,0,9,0,1,,3,31,-1,,2,2,0,1,53,580,3,, -1,6,0,3,80,15,12,2021,22:15,3,10,10269,1,1,0,7,D31,48.478142,4.054642,22,1,1
202100054475,104Â 391,A01,1,1,1,5,1,0,-1,-1, -1,-1,2021,50.0,2,2,1,0,1,14,1,,4,LEVERRIER (AV),0,,2,2,0,1,0,0,1,, -1,2,0,1,50,17,1,2021,13:35,1,94,94068,2,1,0,6,LEVERRIER (AV),48.795,2.4941,13,1,1
202100032323,143Â 982,A01,1,1,2,5,2,0,-1,0,0,-1,2021,25.0,2,1,0,0,1,25,3,,4,BOULEVARD KELLERMANN,0,,2,5,3,1,(1),(1),1,, -1,1,0,4,50,25,6,2021,02:25,5,75,75113,2,1,0,7,BOULEVARD KELLERMANN,48.820987,2.351571,2,1,1
202100017747,169Â 900,A01,10,3,2,5,0,-1,-1,1,2,2,2021,75.0,2,5,0,1,4,20,1,,3,,-1,,-1,2,0,1,(1),(1),1,,4,1,0,8,50,20,9,2021,17:00,1,66,66008,2,1,0,6,Port de Plaisance Argeles,42.538884,3.047628,17,2,1
202100039562,130Â 871,A01,1,1,1,3,2,0,-1,-1, -1,-1,2021,42.0,1,1,0,2,1,5,1,,3,RD 6015,0,,1,1,0,1,93,32,1,, -1,1,0,1,50,14,5,2021,18:15,1,76,76341,1,1,0,6,D6015,49.5133,0.19939,18,2,2
202100053559,105Â 983,A01,1,1,1,0,1,4,-1,-1, -1,-1,2021,64.0,2,2,0,0,2,14,1,,2,,0,,1,2,0,1,7,800,1,, -1,1,9,2,90,25,1,2021,11:04,1,972,97213,1,1,0,6,AUTOROUTE A1,14.62896,-60.97819,11,1,1
202100023282,160Â 001,A01,1,1,1,4,2,6,-1,-1, -1,-1,2021,48.0,1,1,12,0,1,17,1,,4,LE GUILLOUX (HENRI),0,,2,2,2,1,(1),(1),1,, -1,1,5,1,50,20,8,2021,19:50,1,35,35238,2,1,0,6,LE GUILLOUX (HENRI),48.11623,-1.69716,19,1,1
202100000181,201Â 418,B01,1,1,2,5,0,-1,-1,0,0,-1,2021,69.0,1,1,0,2,1,1,5,,3,,-1,,2,2,-1,1,30,105,1,, -1,1,2,1,30,29,10,2021,18:00,2,73,73241,2,3,1,1,Chemin des Moulins,45.614975,6.319102,18,2,2
202100004246,194Â 163,B01,1,1,1,4,1,0,-1,-1, -1,-1,2021,33.0,3,5,0,2,1,1,1,,7,MOUVAUX (RUE DE),0,,2,2,0,1,1,0,1,, -1,1,0,1,50,6,12,2021,09:30,1,59,59599,2,1,0,1,MOUVAUX (RUE DE),50.6951385033,3.1496399862,9,2,2
202100015578,173Â 839,A01,1,1,1,1,2,6,-1,-1, -1,-1,2021,63.0,1,1,0,0,0,21,1,,4,VAILLANT (RUE EDOUARD),0,,2,2,2,1,(1),(1),1,, -1,1,0,1,50,1,10,2021,13:15,1,37,37261,2,1,0,7,VAILLANT (RUE EDOUARD),47.3850237644,0.7002834077,13,1,1
202100051434,109Â 760,A01,10,3,2,5,0,0,-1,3,3,1,2021,71.0,2,5,0,1,1,1,1,,4,FAUCHEUX (BD JACQUES),0,,2,2,2,1,(1),(1),1,, -1,2,0,1,30,3,2,2021,14:30,1,35,35115,2,1,1,6,FAUCHEUX (BD JACQUES),48.35508,-1.2018,14,2,1
202100014733,175Â 373,B01,2,2,1,0,1,0,-1,-1, -1,-1,2021,28.0,2,2,4,2,2,1,1,,1,AUTOROUTE A6B,0,,2,3,0,2,8,157,1,, -1,1,0,1,110,6,10,2021,16:15,1,91,91689,1,1,0,3,AUTOROUTE A6B,48.74824,2.32786,16,3,2
202100055184,103Â 177,B01,1,1,1,9,8,0,-1,-1, -1,-1,2021,34.0,3,1,0,2,4,2,1,,4,),0,,3,4,3,2,(1),(1),1,, -1,1,0,1,50,11,1,2021,21:10,5,37,37261,2,1,0,6,MARECHAL JUIN (BD),47.4061410923,0.7030706853,21,2,2
202100030730,146Â 831,A01,1,1,1,5,2,8,-1,-1, -1,-1,2021,19.0,0,1,0,2,0,13,1,,4,RABAN (ROUTE DE),0,,2,1,0,1,(1),(1),1,, -1,1,0,1,50,2,7,2021,14:40,1,973,97302,2,1,0,1,RABAN (ROUTE DE),4.9318126028,-52.3129966712,14,2,2
202100013338,177Â 907,A01,10,3,2,5,0,-1,-1,5,9,1,2021,22.0,1,2,1,1,1,26,1,,4,THOREZ MAURICE RUE,0,,1,1,0,1,0,0,2,, -1,1,0,1,30,13,10,2021,11:00,1,92,92050,2,1,0,6,THOREZ MAURICE RUE,48.8925373891,2.195853826,11,3,1
202100053012,106Â 961,A01,1,1,1,1,1,-1,-1,0,0,-1,2021,42.0,2,2,4,0,8,9,1,,1,71,0,,3,5,0,1,177,800,3,, -1,2,3,1,130,31,1,2021,14:14,1,18,18279,1,1,1,6,A71 PK177+800 sens 2,47.245565,2.067066,14,2,1
202100016377,172Â 360,B01,1,1,1,0,8,0,-1,-1, -1,-1,2021,28.0,1,1,0,2,3,1,0,,3,LANDY (RUE DU) 34/29 =>,0,,2,2,0,2,(1),(1),1,, -1,1,5,1,50,27,9,2021,21:50,5,93,93001,2,2,0,3,LANDY (RUE DU) 34/29 =>,48.91538,2.37092,21,2,2
202100041792,126Â 905,B01,1,1,1,5,1,0,-1,-1, -1,-1,2021,28.0,2,2,8,2,8,16,1,,4,WEYGAND (AV. DU GENERAL),0,,2,3,0,1,(1),(1),1,, -1,1,5,1,50,1,5,2021,21:45,5,60,60159,2,3,0,3,Avenue du GÃ©nÃ©ral Weygand,49.41323,2.8135,21,2,2
202100037121,135Â 350,A01,1,1,1,0,2,6,-1,0,0,-1,2021,41.0,0,1,0,2,8,1,1,,3,337,-1,,2,2,0,2,(1),(1),1,, -1,1,0,1,50,23,5,2021,11:00,1,67,67046,2,3,0,3,Rue de la Couronne,48.766055,7.861292,11,2,2
202100040100,129Â 919,B01,1,1,2,1,1,-1,-1,0,0,-1,2021,21.0,2,2,3,2,3,1,1,,3,12,-1,,2,2,0,1,0,655,1,, -1,2,0,1,80,13,5,2021,12:40,1,1,1314,1,3,1,1,Route du Pont,46.00342,5.298484,12,4,2
202100027627,152Â 339,A01,1,1,1,5,0,-1,-1,0,0,-1,2021,66.0,2,1,0,0,0,1,5,,3,542,0,,2,2,0,1,4,400,1,, -1,1,0,1,50,22,7,2021,10:00,1,2,2191,2,1,0,7,Rue de l Eglise,49.527848,3.584585,10,1,1
202100028158,151Â 369,A01,1,1,1,1,2,6,-1,0,0,-1,2021,61.0,1,1,0,2,3,3,1,,4,PORTE DE VINCENNES,0,,1,4,0,1,32,200,1,, -1,1,0,1,70,19,7,2021,15:00,1,75,75112,2,1,0,2,PORTE DE VINCENNES,48.844051,2.413842,15,2,2
202100008418,186Â 690,A01,10,3,1,9,8,-1,-1,5,A,1,2021,57.0,0,2,15,1,1,0,1,,4,,-1,,2,1,0,2,(1),(1),1,,4,1,0,1,50,12,10,2021,11:20,1,7,7282,2,4,0,6,rue du village,44.71051,4.263421,11,2,1
202100027993,151Â 670,A01,1,1,1,9,8,-1,-1,0,0,-1,2021,28.0,1,1,12,0,0,1,1,,3,813,0,A,1,1,3,1,34,871,3,, -1,1,5,1,50,21,7,2021,00:00,5,31,31446,2,6,0,6,D813,43.537909,1.481609,0,1,1
202100018485,168Â 591,A01,1,1,1,5,1,-1,-1,0,0,-1,2021,55.0,2,2,2,0,1,13,1,,3,1020,-1,D,2,2,0,4,(1),(1),3,, -1,1,0,1,70,4,9,2021,20:00,5,971,97128,1,1,0,6,Louisiane,16.261549,-61.393839,20,1,1
202100039367,131Â 234,A01,1,1,1,5,2,6,-1,0,0,-1,2021,17.0,1,1,0,2,3,13,1,,3,486,-1,,2,2,0,1,22,400,1,, -1,2,0,1,50,19,5,2021,15:15,1,88,88075,2,1,1,3,2 Grande Rue,48.003236,6.873423,15,2,2
202100014292,176Â 155,A01,1,1,2,5,1,-1,-1,0,0,-1,2021,21.0,3,2,13,0,1,14,1,,3,86,-1,,2,2,0,1,(1),(1),1,, -1,1,0,3,-1,10,10,2021,08:00,3,50,50034,2,1,1,6,D86 le bourg,49.090548,-1.073238,8,2,1