Num_Acc,id_vehicule,num_veh,place,catu,sexe,trajet,secu1,secu2,secu3,locp,actp,etatp,year_acc,victim_age,senc,catv,obs,obsm,choc,manv,motor,occutc,catr,voie,v1,v2,circ,nbv,vosp,prof,pr,pr1,plan,lartpc,larrout,surf,infra,situ,vma,jour,mois,an,hrmn,lum,dep,com,agg_,int,atm,col,adr,lat,long,hour,nb_victim,nb_vehicules
202100016416,172Â 294,A01,2,2,2,0,1,-1,-1,0,0,-1,2021,19.0,1,2,8,0,0,1,1,,3,92,0,D,2,2,0,2,0,0,1,, -1,2,0,8,80,27,9,2021,22:32,3,54,54352,1,1,1,7,D92,48.6481082914,6.0797309875,22,2,1
202100029000,149Â 893,A01,1,1,1,5,2,0,-1,-1, -1,-1,2021,17.0,2,1,0,0,0,1,1,,4,,0,,1,1,0,1,0,0,1,, -1,1,0,1,30,14,7,2021,16:50,1,92,92023,2,1,0,7,HUIT MAI 1945 (CARREFOUR DU) S102,48.791526695,2.2626833618,16,1,1
202100045866,119Â 770,A01,1,1,1,5,2,-1,-1,0,0,-1,2021,66.0,2,1,0,0,0,1,1,,3,751,0,E,2,2,0,1,77,355,1,, -1,1,0,1,50,30,3,2021,17:30,1,37,37072,2,1,0,7,route de saumur,47.149861532,0.2322473884,17,2,1
202100015415,174Â 151,A01,1,1,1,4,1,-1,-1,0,0,-1,2021,26.0,2,5,0,2,1,2,1,,1,7,-1,,3,4,0,2,249,100,3,, -1,2,0,1,130,4,10,2021,07:30,2,13,13112,1,1,1,2,"A7, Pk 249.100, sens MARSEILLE / LYON",43.538905,5.221424,7,3,2
202100035476,138Â 298,A01,10,3,2,0,0,-1,-1,3,1,1,2021,76.0,0,2,0,1,7,9,1,,4,FLANDRES/DUNKERQUE (CARREFOUR),0,,3,3,3,1,0,0,1,, -1,1,0,6,30,9,6,2021,10:20,1,66,66136,2,6,0,6,FLANDRES/DUNKERQUE (CARREFOUR),42.68669,2.90729,10,2,1
202100018953,167Â 765,A01,1,1,1,5,2,6,-1,-1, -1,-1,2021,22.0,3,1,4,0,3,13,1,,3,ALOUETTE (AVENUE),0,,3,4,0,2,0,0,3,, -1,1,0,1,50,13,9,2021,09:50,1,37,37261,2,1,0,6,ALOUETTE (AVENUE),47.36264,0.6961,9,1,1
202100032256,144Â 107,A01,10,3,1,9,0,-1,-1,2,3,1,2021,49.0,2,5,0,1,3,1,1,,4,ROGER SALENGRO     (Avenue),0,,3,2,0,1,(1),(1),1,, -1,1,0,1,50,23,6,2021,00:30,5,69,69266,2,3,0,6,ROGER SALENGRO (AV),45.7792413278,4.8811284827,0,2,1
202100004981,192Â 885,B01,4,2,1,4,4,-1,-1,0,0,-1,2021,42.0,0,4,0,0,4,23,1,,2,7,-1,,2,2,0,2,0,0,1,, -1,1,0,1,50,3,12,2021,23:10,3,978,97801,2,1,0,2,"Rue Morne Valois, RN7",18.080809,-63.074248,23,2,2
202100016528,172Â 086,B01,1,1,1,0,8,0,-1,-1, -1,-1,2021,20.0,3,1,0,9,1,1,6,,4,,0,,2,2,0,1,0,0,1,, -1,1,9,1,50,26,9,2021,01:30,5,94,94003,2,9,0,1,FABIEN (BOULEVARD DU COLONEL),48.8018175789,2.3357587865,1,2,2
202100005154,192Â 563,A01,1,1,1,0,1,-1,-1,0,0,-1,2021,35.0,2,2,3,0,1,26,1,,2,4,-1,,3,4,0,1,60,200,1,, -1,2,0,2,110,2,12,2021,16:45,2,54,54562,1,1,1,6,RN4,48.5888255415,6.8003332624,16,1,1
202100034219,140Â 579,A01,10,3,2,2,0,-1,-1,3,3,1,2021,14.0,1,1,0,1,1,17,1,,7,GENERAL DE GAULLE                   (AV),0,,2,2,0,1,0,900,1,, -1,1,0,1,50,15,6,2021,09:40,1,69,69034,2,1,0,6,GENERAL DE GAULLE (AV),45.80551,4.85385,9,2,1
202100008901,185Â 829,A01,1,1,1,5,2,6,9,0,0,-1,2021,21.0,1,1,0,0,0,0,1,,3,41,-1,,2,2,0,1,(1),(1),1,, -1,1,0,1,70,9,11,2021,10:56,3,974,97408,1,1,0,7,CD 41,-20.926951,55.344465,10,1,1
202100009667,184Â 430,B01,1,1,1,0,1,-1,-1,0,0,-1,2021,47.0,0,2,0,2,0,16,1,,3,143,0,,2,2,0,1,14,100,1,, -1,2,0,1,80,4,11,2021,08:50,1,29,29225,1,3,0,3,D143 - Kersaudy Bihan,47.9661396059,-4.3583765424,8,3,2
202100005877,191Â 287,A01,1,1,1,5,8,-1,-1,-1, -1,-1,2021,25.0,2,2,8,0,1,1,1,,4,EUROPE (DE L')                      (AV),0,,3,3,0,2,(1),(1),1,, -1,1,0,1,50,28,11,2021,00:10,5,69,69286,2,3,0,6,EUROPE (DE L') (AV),45.81731,4.90092,0,1,1
202100010349,183Â 206,B01,1,1,1,5,8,0,-1,0,0,-1,2021,24.0,1,1,0,2,1,1,5,,4,RUE FROIDEVAUX,0,,1,1,1,1,(1),(1),1,, -1,2,0,5,30,29,10,2021,13:00,1,75,75114,2,2,1,3,RUE FROIDEVAUX,48.837542,2.323024,13,2,2
202100028589,150Â 615,A01,2,2,2,5,1,0,-1,-1, -1,-1,2021,39.0,1,2,4,0,3,2,1,,2,N118,0,,3,5,0,2,0,500,2,, -1,1,0,1,70,17,7,2021,00:00,4,92,92072,1,1,0,6,N118,48.824997576,2.2209931165,0,2,1
202100032137,144Â 305,A01,3,2,2,5,8,0,-1,0,0,-1,2021,35.0,1,2,7,0,3,13,1,,4,BOULEVARD ARAGO,0,,2,4,0,4,(1),(1),3,, -1,2,0,1,50,26,6,2021,06:25,2,75,75113,2,4,1,6,BOULEVARD ARAGO,48.835008,2.34618,6,3,1
202100018541,168Â 492,A01,10,3,1,0,0,-1,-1,2,3,1,2021,84.0,2,2,0,1,7,9,1,,4,HAUTS DE SORME (RUE DES),0,,2,2,0,3,1,0,1,, -1,1,5,1,50,15,9,2021,15:30,1,71,71306,2,6,0,6,HAUTS DE SORME (RUE DES),46.690731343,4.3565047965,15,2,1
202100033893,141Â 178,B01,1,1,1,1,1,0,-1,-1, -1,-1,2021,30.0,1,1,0,2,8,2,3,,3,REPUBLIQUE (AVENUE DE LA),0,,2,2,0,1,1,0,1,, -1,1,0,1,50,17,6,2021,14:50,1,93,93064,2,1,0,3,REPUBLIQUE (AVENUE DE LA),48.87561,2.48593,14,2,2
202100050652,111Â 147,B01,1,1,2,0,1,0,-1,-1, -1,-1,2021,25.0,1,2,0,2,4,2,1,,1,AUTOROUTE A25,0,,3,6,0,1,8,149,1,, -1,1,0,1,110,19,2,2021,16:05,1,59,59566,1,1,0,2,AUTOROUTE A25,50.618473,2.9774,16,2,2
202100004876,193Â 073,B01,1,1,2,5,2,6,-1,0,0,-1,2021,55.0,1,1,0,2,8,1,1,,2,2,0,A,2,2,0,1,10,500,1,, -1,1,0,1,70,5,12,2021,07:00,1,976,97607,1,1,0,3,Ironi Be,-12.831113,45.192754,7,2,2
202100048874,114Â 396,A01,1,1,1,-1,2,6,-1,0,0,-1,2021,41.0,2,1,0,2,7,17,1,,2,5,-1,,2,2,0,2,58,150,1,, -1,1,0,1,50,8,3,2021,12:15,1,39,39364,2,3,0,3,,46.794789,5.836927,12,2,2
202100054873,103Â 722,A01,10,3,2,0,0,-1,-1,3,3,1,2021,74.0,1,2,0,1,2,15,1,,4,MAIGNANT ALBERT (RUE) NÂ° PAIRS,0,,1,1,0,1,0,0,1,, -1,1,0,1,50,12,1,2021,18:30,2,72,72181,2,2,0,6,MAIGNANT ALBERT (RUE) NÂ° PAIRS,48.00539,0.204,18,2,1
202100013508,177Â 581,C01,1,1,1,5,2,0,-1,-1, -1,-1,2021,19.0,2,1,0,2,8,1,1,,3,MOULIN (COTE DU),0,,2,2,0,2,0,545,1,, -1,1,0,1,80,13,10,2021,20:03,3,64,64140,2,1,0,5,CÃ´te du Moulin,43.51921,-1.464361,20,3,3
202100055245,103Â 072,A01,1,1,1,5,1,-1,-1,0,0,-1,2021,20.0,1,2,2,0,0,1,1,,3,12,0,,2,2,0,2,32,600,2,, -1,7,0,3,80,10,1,2021,12:00,1,43,43020,1,1,0,7,D12,45.317618,4.077795,12,1,1
202100042185,126Â 220,A01,10,3,1,5,0,-1,-1,1,3,1,2021,6.0,3,2,0,0,2,1,1,,4,COMBANAIRE,0,,2,2,0,1,(1),(1),1,, -1,1,0,1,50,22,2,2021,15:06,1,36,36044,2,1,0,6,10 Rue Combanaire,46.80778,1.7049,15,2,1
202100011903,180Â 449,B01,1,1,1,2,2,6,-1,0,0,-1,2021,18.0,0,1,0,2,1,1,1,,6,817,-1,D,-1,-1,0,1,(1),(1),1,, -1,1,0,1,50,15,10,2021,19:35,3,65,65127,2,9,0,3,RD 817,43.111957,0.355114,19,2,2
202100028310,151Â 090,A01,10,3,1,0,0,-1,-1,3,3,2,2021,10.0,1,1,0,1,1,0,1,,7,BISCHOFFSHEIM (BD),0,,2,2,0,2,(1),(1),1,, -1,1,0,1,50,18,7,2021,20:20,1,6,6088,2,1,0,6,BISCHOFFSHEIM (BD),43.713188,7.296111,20,2,1
202100028306,151Â 097,Z01,10,3,1,5,8,8,-1,2,3,2,2021,33.0,1,2,0,1,1,1,0,,7,RABATAU (BOULEVARD),0,,2,4,0,1,0,0,1,, -1,1,0,1,50,18,7,2021,05:00,5,13,13210,2,1,0,6,RABATAU (BOULEVARD),43.2765,5.39774,5,2,1
202100040084,129Â 945,A01,1,1,1,5,0,-1,-1,0,0,-1,2021,25.0,1,1,0,2,1,15,1,,2,8,0,,2,2,0,3,(1),(1),2,, -1,1,0,1,80,13,5,2021,15:25,1,972,97220,1,1,0,1,quartier rÃ©gale,14.530763,-60.918653,15,2,2
202100045650,120Â 138,B01,1,1,1,1,1,0,-1,-1, -1,-1,2021,38.0,2,2,0,2,4,23,1,,3,MAXIME GORKI (BOULEVARD) DES NÂ°1 AU 87,0,,1,4,0,1,0,1,1,, -1,1,0,1,50,1,4,2021,17:19,1,93,93072,2,1,0,2,MAXIME GORKI (BOULEVARD) DES NÂ°1 AU 87,48.9496,2.3861,17,2,2
202100009145,185Â 365,A01,7,2,1,5,1,-1,-1,0,0,-1,2021,18.0,2,2,0,2,3,1,1,,3,27,-1,,2,2,0,1,16,50,4,, -1,1,0,1,80,7,11,2021,16:50,1,74,74306,1,1,0,1,route de la roche,46.051537,6.154897,16,6,2
202100016263,172Â 564,B01,1,1,1,0,2,6,-1,-1, -1,-1,2021,56.0,3,1,0,2,4,2,1,,4,,0,,4,2,0,1,0,0,1,, -1,1,0,1,30,28,9,2021,08:30,1,92,92048,2,2,0,5,LE CORBEILLER (AVENUE) NÂ° 1 A 45,48.8130624041,2.2402973231,8,3,3
202100040822,128Â 658,B01,1,1,2,5,0,-1,-1,0,0,-1,2021,79.0,3,1,0,2,1,1,5,,4,,0,,2,2,0,1,(1),(1),1,,4,1,0,1,50,8,5,2021,10:55,1,85,85114,2,3,0,3,Rue des Calines,46.415176,-1.567038,10,2,2
202100005109,192Â 641,A01,1,1,1,1,2,6,-1,-1, -1,-1,2021,59.0,3,1,0,2,7,1,1,,3,REPUBLIQUE (AV DE LA),0,,3,4,0,1,1,0,3,, -1,2,5,1,50,30,11,2021,05:40,5,94,94017,2,3,1,3,REPUBLIQUE (AV DE LA),48.82682,2.50998,5,4,2
202100011624,180Â 943,A01,1,1,1,1,2,6,-1,-1, -1,-1,2021,36.0,1,1,0,2,0,0,1,,4,DENIS PAPIN (RUE),0,,2,2,0,1,(1),(1),1,, -1,1,0,1,50,22,10,2021,13:27,1,10,10325,2,1,0,3,DENIS PAPIN (RUE),48.2611,4.0481,13,2,2
202100033583,141Â 737,A01,1,1,1,0,2,-1,-1,-1, -1,-1,2021,19.0,0,1,0,2,1,9,1,,4,FOUCHET (RUE MAX POL),0,,2,2,0,1,(1),(1),4,, -1,2,0,1,50,17,6,2021,16:30,1,50,50129,2,1,1,1,FOUCHET (RUE MAX POL),49.63499,-1.64264,16,2,2
202100053724,105Â 706,A01,10,3,1,0,0,-1,-1,2,5,1,2021,57.0,1,2,0,1,1,26,1,,7,CLEMENTEL (BD ETIENNE),0,,3,4,0,1,32,700,1,, -1,1,0,1,50,23,1,2021,18:05,2,63,63113,2,1,0,6,CLEMENTEL (BD ETIENNE),45.80258,3.11051,18,2,1
202100024709,157Â 477,A01,1,1,1,9,1,8,-1,-1, -1,-1,2021,25.0,1,2,0,0,1,26,1,,4,BASSIN PLAT(CHEMIN),0,,2,2,0,1,0,0,2,, -1,1,0,1,50,10,8,2021,17:30,1,974,97416,1,1,0,7,BASSIN PLAT(CHEMIN),-21.32979,55.4975,17,1,1
202100051775,109Â 151,B01,1,1,2,0,1,0,-1,-1, -1,-1,2021,47.0,3,2,0,2,1,15,1,,4,GIMART (AVENUE STANISLAS),0,,2,2,0,2,0,0,2,, -1,1,0,1,50,9,2,2021,14:15,1,974,97411,2,4,0,5,Avenue Stanislas Gimart,-20.896674,55.475298,14,3,3
202100056173,101Â 481,A01,10,3,1,0,0,-1,-1,2,3,1,2021,73.0,1,1,0,1,1,26,1,,4,DUBOUCHAGE (BD),0,,1,2,0,1,(1),(1),1,, -1,2,0,1,50,5,1,2021,10:30,1,6,6088,2,1,0,6,DUBOUCHAGE (BD),43.701157,7.269702,10,2,1
202100040305,129Â 558,A01,1,1,1,0,2,0,-1,-1, -1,-1,2021,22.0,3,1,0,2,1,2,1,,4,JAURES (BLD 2 JEAN),0,,3,4,0,1,0,0,1,, -1,1,0,1,50,10,5,2021,17:45,1,974,97411,2,1,0,2,JAURES (BLD 2 JEAN),-20.901,55.496,17,2,2
202100037975,133Â 782,B01,1,1,1,0,1,0,-1,-1, -1,-1,2021,58.0,1,2,0,2,4,23,1,,3,RD 190,0,,3,2,0,1,25,480,1,, -1,1,0,1,70,26,5,2021,19:35,1,78,78551,1,1,0,2,RD 190,48.91577,2.0661,19,2,2
202100002452,197Â 389,A01,10,3,2,5,0,-1,-1,3,3,1,2021,47.0,2,2,0,1,3,15,1,,4,RUE DE LA VILLETTE,0,,1,1,0,2,(1),(1),1,, -1,1,0,1,30,17,12,2021,19:05,5,75,75119,2,3,0,6,RUE DE LA VILLETTE,48.879521,2.388331,19,2,1
202100049387,113Â 481,A01,1,1,1,0,2,0,-1,-1, -1,-1,2021,45.0,3,1,0,0,0,1,1,,4,MONPLAISIR BOULEVARD,0,,2,2,0,1,1,0,1,, -1,1,0,1,50,26,2,2021,19:38,2,49,49007,2,1,0,7,MONPLAISIR BOULEVARD,47.488767,-0.518513,19,1,1
202100040013,130Â 070,A01,1,1,1,0,2,-1,-1,0,0,-1,2021,22.0,1,1,0,0,1,0,1,,3,942,-1,D,2,2,0,1,(1),(1),1,, -1,1,0,1,50,12,5,2021,12:15,1,59,59541,2,1,0,7,Rue de Cambrai,50.188591,3.479368,12,1,1
202100021049,164Â 034,B01,1,1,2,0,8,0,-1,0, -1,-1,2021,53.0,1,1,0,2,1,9,5,,3,CHATEAU-RENAULT (ROUTE DE),0,,2,2,0,1,1,188,1,, -1,1,5,1,50,27,8,2021,17:50,1,41,41018,1,1,0,3,CHATEAU-RENAULT (ROUTE DE),47.58466,1.31743,17,2,2
202100051268,110Â 039,B01,1,1,1,9,2,6,-1,-1, -1,-1,2021,66.0,2,1,1,0,1,9,5,,7,ALMANARRE (ROUTE DE L'),0,,2,2,0,1,46,170,1,, -1,1,9,1,50,15,2,2021,12:15,1,83,83069,1,1,0,6,ALMANARRE (ROUTE DE L'),43.0808,6.1275,12,1,1
202100036942,135Â 664,A01,5,2,2,9,1,0,-1,-1, -1,-1,2021,21.0,1,2,4,0,1,21,1,,1,AUTOROUTE A3,0,,3,8,0,1,6,800,1,, -1,1,0,1,70,30,5,2021,23:00,3,93,93053,1,1,0,7,AUTOROUTE A3,48.8958,2.47074,23,5,1
202100028047,151Â 578,A01,1,1,1,1,2,6,-1,0,0,-1,2021,49.0,1,1,0,2,1,2,1,,3,109,0,,2,2,0,1,1,235,1,, -1,1,0,1,80,20,7,2021,19:20,1,78,78490,1,1,1,2,D109,48.834823,1.960952,19,2,2
202100041158,128Â 032,A01,1,1,1,0,2,0,-1,-1, -1,-1,2021,64.0,0,1,1,0,2,26,1,,4,BLES D'OR (CITE DES),0,,-1,1,0,1,0,0,1,, -1,2,0,1,50,6,5,2021,20:36,1,93,93007,2,1,1,3,BLES D'OR (CITE DES),48.9209195855,2.4676157357,20,2,2
202100043702,123Â 571,A01,1,1,1,5,0,-1,-1,0,0,-1,2021,33.0,3,1,5,0,1,25,1,,4,0,0,A,-1,1,3,1,(1),(1),1,, -1,1,6,1,5,17,4,2021,20:15,1,95,95351,2,1,0,6,Rue Jean Monnet,49.0498895326,2.4917490141,20,2,1
202100054718,103Â 983,A01,1,1,2,2,1,5,-1,0,0,-1,2021,73.0,1,2,0,2,3,2,1,,3,774,-1,,2,2,0,1,3,700,1,, -1,1,0,1,80,18,1,2021,08:30,1,44,44072,1,1,0,2,D774,47.470179,-2.307462,8,4,2
202100005294,192Â 324,A01,10,3,2,0,0,-1,-1,4,3,1,2021,71.0,0,2,0,1,8,15,1,,4,,0,,2,2,0,1,(1),(1),1,, -1,2,0,1,50,1,12,2021,15:35,1,51,51454,2,2,1,7,Avenue Jean JaurÃ¨s,49.26168,4.05104,15,2,1
202100032899,142Â 955,A01,10,3,2,9,0,-1,-1,3,3,1,2021,27.0,1,2,0,1,3,16,1,,4,RUE DES REGLISES,0,,2,2,0,2,(1),(1),1,, -1,1,0,1,30,21,6,2021,18:25,1,75,75120,2,4,0,6,RUE DES REGLISES,48.854744,2.410295,18,2,1
202100009718,184Â 329,A01,10,3,1,5,0,-1,-1,2,3,1,2021,59.0,1,2,0,1,2,1,2,,3,ITALIE BOULEVARD D',0,,2,2,0,1,1,886,1,, -1,1,0,1,50,2,11,2021,18:00,5,85,85191,2,1,1,6,ITALIE BOULEVARD D',46.671207,-1.418239,18,2,1
202100021362,163Â 467,B01,2,2,2,1,1,-1,-1,0,0,-1,2021,60.0,2,2,3,2,3,1,1,,3,,0,,2,2,0,3,(1),(1),3,,"3,5",1,2,1,50,2,9,2021,06:55,1,10,10323,2,9,0,1,Rue Herbesace,48.508182,3.745447,6,4,2
202100039706,130Â 609,B01,1,1,1,1,2,0,-1,0,0,-1,2021,28.0,1,1,0,2,3,7,5,,4,BOULEVARD DE BELLEVILLE,0,,3,2,3,1,(1),(1),1,, -1,2,0,6,50,16,5,2021,21:05,2,75,75120,2,2,1,3,BOULEVARD DE BELLEVILLE,48.869054,2.380701,21,2,2
202100017975,169Â 494,B01,1,1,1,5,1,-1,-1,0, -1,-1,2021,85.0,1,2,0,2,4,2,1,,4,,0,,3,3,0,1,(1),(1),1,, -1,1,5,1,50,15,5,2021,15:07,1,29,29019,2,2,0,2,Boulevard de lâEurope,48.41009,-4.51465,15,2,2
202100048761,114Â 606,A01,1,1,1,0,2,6,-1,0,0,-1,2021,62.0,2,1,0,0,0,0,1,,1,21,0,,3,5,0,1,33,0,3,, -1,1,9,1,90,5,3,2021,15:15,1,59,59509,1,1,0,6,AUTOROUTE A21,50.399277,3.107088,15,1,1
202100020058,165Â 770,A01,1,1,1,5,8,0,-1,-1, -1,-1,2021,53.0,1,1,14,2,8,17,1,,4,DE LATTRE DE TASSIGNY (AVE MARECHAL),0,,3,4,0,1,0,0,2,, -1,1,0,1,50,8,9,2021,19:40,2,83,83137,2,9,0,3,DE LATTRE DE TASSIGNY (AVE MARECHAL),43.11597,5.93774,19,2,2
202100028657,150Â 491,B01,1,1,1,9,1,8,-1,-1, -1,-1,2021,28.0,3,2,0,2,1,1,1,,4,ROCHEBELLE (PONT DE),0,,1,1,0,1,0,0,1,, -1,1,2,1,30,13,7,2021,17:45,1,30,30007,2,1,0,1,ROCHEBELLE (PONT DE),44.1241,4.0717,17,2,2
202100054162,104Â 933,B01,1,1,1,5,2,-1,-1,0,0,-1,2021,15.0,3,1,0,2,7,1,1,,4,,-1,,2,2,0,1,(1),(1),1,, -1,2,0,1,50,22,1,2021,12:35,1,84,84141,2,1,1,3,553 Avenue Alphonse Daudet,43.972789,4.911806,12,2,2
202100034258,140Â 509,A01,1,1,1,5,2,6,-1,-1, -1,-1,2021,14.0,1,1,0,2,8,1,1,,4,LIAISON (RUE DE),0,,2,2,0,4,0,0,1,, -1,1,0,1,70,11,6,2021,18:15,1,57,57306,1,1,0,2,LIAISON (RUE DE),49.34628,6.06781,18,2,2
202100038504,132Â 817,A01,2,2,1,5,8,8,-1,0,0,-1,2021,33.0,2,2,5,0,1,14,1,,4,PROMENADE ROGER LAROQUE,0,,2,2,0,1,0,0,1,, -1,1,0,3,50,23,5,2021,13:35,1,988,98818,2,1,0,6,PROMENADE PIERRE VERNIER,-22.29042,166.45903,13,2,1
202100043281,124Â 301,A01,9,2,1,5,0,-1,-1,0,0,-1,2021,16.0,1,2,0,2,1,13,1,,2,7,-1,,2,3,0,2,11,850,3,, -1,1,0,1,50,26,3,2021,21:40,3,38,38336,2,1,0,1,Route Nationale 7 Vaugris,45.48902,4.828609,21,5,2
202100013503,177Â 594,A01,1,1,1,0,2,0,-1,-1, -1,-1,2021,27.0,2,1,0,2,1,17,0,,4,ORIO (ROUTE D'),0,,2,2,0,1,35,0,2,, -1,1,0,1,50,13,10,2021,16:50,1,64,64545,1,1,0,5,ORIO (ROUTE D'),43.3559246329,-1.7461535648,16,5,3
202100053350,106Â 360,A01,10,3,2,9,0,-1,-1,4,3,1,2021,50.0,2,1,0,1,1,1,1,,4,RUE DE DANTZIG,0,,1,1,0,2,(1),(1),1,, -1,2,0,1,30,28,1,2021,14:15,1,75,75115,2,2,0,6,RUE DE DANTZIG,48.833499,2.298706,14,2,1
202100034158,140Â 703,A01,2,2,2,5,0,-1,-1,0,0,-1,2021,40.0,0,6,13,0,3,1,1,,4,,0,,2,1,0,1,0,0,1,,3,1,0,1,50,12,6,2021,21:00,1,14,14504,2,1,0,6,Chemin des Cheminees,49.207669,0.331187,21,2,1
202100032072,144Â 420,A01,10,3,2,0,0,-1,-1,5,3,2,2021,18.0,3,5,0,1,1,1,1,,4,LAVOISIER (RUE),0,,2,0,0,1,(1),(1),1,, -1,1,0,1,50,25,6,2021,16:45,1,27,27229,2,1,0,6,LAVOISIER (RUE),49.0003438,1.1475648,16,2,1
202100024130,158Â 527,B01,1,1,2,0,1,0,-1,-1, -1,-1,2021,26.0,1,2,4,2,4,1,1,,1,ECHANGEUR ST MICHEL (A621-RD901),0,,1,2,0,1,2,850,2,, -1,1,0,1,70,14,8,2021,08:10,1,31,31069,1,1,0,2,ECHANGEUR ST MICHEL (A621-RD901),43.621838,1.392922,8,2,2
202100005220,192Â 446,A01,1,1,1,1,1,5,-1,-1, -1,-1,2021,30.0,1,5,0,0,1,14,1,,2,RN2/043,0,,1,2,0,1,(1),(1),3,, -1,1,0,1,90,28,11,2021,04:55,5,974,97411,1,1,0,7,RN2/043,-20.8858803478,55.4952558875,4,1,1
202100033516,141Â 867,A01,1,1,1,0,2,0,-1,-1, -1,-1,2021,25.0,2,1,0,2,1,2,1,,1,86,0,,3,11,0,1,9,0,1,, -1,2,0,1,70,18,6,2021,17:00,1,92,92036,1,1,0,5,AUTOROUTE A86,48.9385170499,2.300017589,17,3,3
202100004135,194Â 351,A01,10,3,2,5,0,-1,-1,4,3,1,2021,69.0,2,2,0,1,1,15,1,,3,"""PAUL VAILLANT COUTURIER (AVENUE """"DU 13",0,,2,4,3,1,0,1,1,, -1,2,0,1,50,7,12,2021,18:15,5,93,93007,2,3,1,6,"""PAUL VAILLANT COUTURIER (AVENUE """"DU 13",48.9245319623,2.4635619156,18,2,1
202100020381,165Â 208,A01,1,1,1,0,1,-1,-1,0,0,-1,2021,33.0,1,2,1,2,1,5,1,,3,152,0,D,2,2,0,1,6,377,2,, -1,1,0,1,80,7,9,2021,16:32,1,47,47049,1,1,0,1,D152,44.465993,0.588648,16,2,2
202100024079,158Â 615,B01,2,2,2,0,2,-1,-1,0,0,-1,2021,34.0,1,1,0,2,8,13,1,,2,3,0,N,2,2,0,1,11,650,1,, -1,1,0,1,50,12,8,2021,16:00,1,976,97603,2,1,0,3,"Route nationale 3, Nyambadao",-12.893886,45.201042,16,4,2
202100029955,148Â 257,B01,1,1,2,1,1,0,-1,-1, -1,-1,2021,29.0,2,2,0,2,5,23,1,,4,CEREZ (RUE DU GENERAL),0,,2,2,0,1,0,0,1,, -1,1,5,1,50,7,7,2021,13:36,1,87,87085,2,2,0,3,LIBERATION (AVENUE DE LA),45.83414,1.25987,13,2,2
202100026440,154Â 438,A01,10,3,2,5,0,-1,-1,3,3,1,2021,9.0,1,5,0,1,1,1,1,,4,OLOF PALME (BOULEVARD),0,,2,2,0,1,0,0,1,, -1,1,0,1,50,29,7,2021,18:30,1,77,77169,2,1,0,6,OLOF PALME (BOULEVARD),48.80831,2.61876,18,2,1
202100001833,198Â 521,A01,1,1,1,5,2,8,-1,-1, -1,-1,2021,17.0,3,1,15,0,8,13,1,,4,RN3 (1),0,,2,1,3,2,0,0,1,, -1,1,0,3,50,20,12,2021,23:40,3,974,97416,2,1,0,6,RN3 (1),-21.32469,55.48655,23,1,1
202100015062,174Â 783,B01,1,1,1,1,2,6,-1,-1, -1,-1,2021,47.0,1,1,0,2,5,17,1,,4,BERRY (RUE DE),0,,3,2,0,1,(1),(1),1,, -1,1,0,1,30,5,10,2021,16:45,1,35,35055,2,1,0,1,BERRY (RUE DE),48.090722,-1.619869,16,2,2
202100001207,199Â 613,B01,1,1,2,5,2,6,-1,0,0,-1,2021,24.0,3,1,0,2,2,15,1,,4,PONT DU GARIGLIANO,0,,1,2,0,1,(1),(1),1,, -1,2,0,1,30,26,12,2021,13:20,1,75,75115,2,2,0,3,PONT DU GARIGLIANO,48.838864,2.269382,13,2,2
202100019070,167Â 554,B01,1,1,1,2,2,-1,-1,0,0,-1,2021,17.0,1,1,0,2,7,17,1,,3,612,0,A,2,2,0,1,7,750,1,, -1,1,0,1,80,14,9,2021,07:55,1,66,66213,1,1,0,3,D612a,42.662567149,2.8382335604,7,2,2
202100016007,173Â 052,A01,1,1,1,5,2,-1,-1,0,0,-1,2021,14.0,2,1,0,2,1,1,1,,3,136,0,,2,2,0,2,0,400,3,, -1,1,0,1,80,1,10,2021,19:32,2,9,9255,1,1,0,1,D136 route de Saverdun,43.160329,1.546127,19,2,2
202100040142,129Â 844,A01,1,1,2,0,8,-1,-1,-1, -1,-1,2021,25.0,1,2,0,2,2,0,1,,4,FELIX FAURE                         (AV),0,,2,3,3,1,(1),(1),1,, -1,1,0,1,50,12,5,2021,15:00,1,69,69383,2,2,0,3,FELIX FAURE                         (AV),45.75414,4.86318,15,2,2
202100015248,174Â 452,A01,10,3,2,0,0,-1,-1,1,3,1,2021,55.0,3,1,0,1,7,1,1,,4,,0,,-1,2,0,1,0,0,1,, -1,1,0,1,30,4,10,2021,19:25,2,92,92040,2,1,0,6,CAMILLE DESMOULINS,48.83002,2.265045,19,3,1
202100029439,149Â 159,A01,2,2,2,5,2,6,-1,0,0,-1,2021,26.0,1,1,0,2,2,3,1,,4,ECHANGEUR CHAPELLE,0,,1,2,0,1,(1),(1),2,, -1,1,0,1,50,10,7,2021,09:10,1,75,75118,2,4,0,3,ECHANGEUR CHAPELLE,48.900891,2.355747,9,3,2
202100021976,162Â 347,A01,5,2,1,5,0,-1,-1,0,0,-1,2021,17.0,1,5,2,0,1,6,1,,4,,-1,,2,2,0,1,(1),(1),1,,"5,5",1,0,4,50,28,8,2021,23:37,5,71,71310,2,6,0,6,avenue de la rÃ©publique Rd 28 face au nÂ° 42,46.7510855796,4.4681878438,23,5,1