Num_Acc,id_vehicule,num_veh,place,catu,sexe,trajet,secu1,secu2,secu3,locp,actp,etatp,year_acc,victim_age,senc,catv,obs,obsm,choc,manv,motor,occutc,catr,voie,v1,v2,circ,nbv,vosp,prof,pr,pr1,plan,lartpc,larrout,surf,infra,situ,vma,jour,mois,an,hrmn,lum,dep,com,agg_,int,atm,col,adr,lat,long,hour,nb_victim,nb_vehicules
202100048736,114Â 646,B01,1,1,1,9,1,-1,-1,0,0,-1,2021,36.0,2,2,0,2,4,1,1,,3,D3,-1,,2,2,0,1,22,750,1,, -1,1,0,1,80,10,3,2021,09:15,1,6,6068,1,1,0,3,D3,43.701597,6.961928,9,3,2
202100050480,111Â 463,A01,1,1,1,1,2,8,-1,0,0,-1,2021,35.0,1,1,0,0,0,16,1,,4,RUE LECOURBE,0,,2,2,0,1,(1),(1),1,, -1,1,0,1,50,23,2,2021,16:55,1,75,75115,2,2,0,7,RUE LECOURBE,48.835411,2.281064,16,1,1
202100050111,112Â 166,A01,1,1,1,1,1,-1,-1,0,0,-1,2021,42.0,2,2,2,0,2,1,1,,3,23,-1,,2,2,0,1,2,900,1,, -1,2,0,3,80,26,2,2021,21:00,3,21,21411,1,1,1,6,D23,46.9865897625,4.9364590293,21,1,1
202100035143,138Â 890,A01,1,1,1,0,1,-1,-1,0,0,-1,2021,49.0,2,2,2,0,5,1,1,,3,4100,-1,,2,2,0,1,4,276,3,, -1,1,0,3,70,11,6,2021,23:53,3,4,4045,1,1,0,6,RD 4100,43.856722,5.607751,23,1,1
202100023885,158Â 938,A01,1,1,1,9,2,0,-1,-1, -1,-1,2021,46.0,1,1,0,0,8,26,1,,4,BARANGE BOULEVARD,0,,3,4,0,1,1,0,2,, -1,1,0,1,60,14,8,2021,21:11,1,49,49007,2,1,0,7,BARANGE BOULEVARD,47.45757,-0.57271,21,1,1
202100016291,172Â 513,A01,1,1,1,1,2,6,-1,0,0,-1,2021,18.0,2,1,0,2,3,1,1,,3,338,-1, -,2,2,0,1,95,395,1,, -1,1,0,1,50,29,9,2021,23:20,5,72,72006,2,1,0,3,Route du Mans,48.408964,0.089092,23,2,2
202100014625,175Â 570,B01,2,2,2,9,1,0,-1,-1, -1,-1,2021,55.0,2,5,0,2,1,1,1,,3,CRETES DU REVERMONT (BOULEVARD),0,,-1,2,0,1,(1),(1),1,, -1,1,0,1,80,7,10,2021,14:35,1,1,1053,1,1,0,1,CRETES DU REVERMONT (BOULEVARD),46.2224551502,5.2421383794,14,3,2
202100003544,195Â 410,A01,1,1,1,5,8,0,-1,-1, -1,-1,2021,19.0,1,1,0,2,8,19,0,,2,SACRE COEUR (RD POINT) -RIV. DES GALETS ,0,,1,2,2,1,(1),(1),1,, -1,1,0,1,50,8,12,2021,00:30,3,974,97407,2,1,0,3,SACRE COEUR (RD POINT) -RIV. DES GALETS ,-20.95534,55.31172,0,2,2
202100011789,180Â 641,A01,10,3,1,5,0,-1,-1,4,3,1,2021,55.0,0,2,0,1,0,0,1,,4,SAINT JEAN DES VIGNES ( ALLEE DE),0,,2,2,0,1,(1),(1),1,, -1,1,0,1,50,16,10,2021,05:40,5,71,71076,2,2,0,6,SENTIERS (RUE ),46.79742,4.85504,5,2,1
202100033019,142Â 721,A01,1,1,1,5,2,0,-1,-1, -1,-1,2021,19.0,1,1,0,0,7,14,1,,4,CHENES (RUE DES),0,,2,2,0,1,0,0,1,, -1,1,0,1,50,18,6,2021,20:11,1,87,87048,2,1,0,6,CHENES (RUE DES),45.81034,1.24692,20,1,1
202100029977,148Â 212,B01,1,1,2,5,1,8,-1,-1, -1,-1,2021,44.0,2,2,0,2,1,1,1,,3,152,0,,2,2,0,1,9,350,2,, -1,1,0,1,70,2,7,2021,19:30,1,56,56162,1,1,0,1,Boulevard de lâAtlantique,47.72369,-3.48539,19,2,2
202100054715,103Â 989,B01,1,1,1,5,2,-1,-1,0,0,-1,2021,72.0,2,1,0,0,4,0,1,,1,68,0,A,3,4,0,1,29,200,1,, -1,1,0,1,130,18,1,2021,12:35,1,81,81070,1,1,1,2,A68,43.788153,1.741796,12,2,2
202100006650,189Â 901,A01,1,1,1,5,2,8,-1,-1, -1,-1,2021,65.0,2,1,0,0,0,1,1,,4,MAUDET(AVENUE),0,,2,2,0,1,0,0,3,, -1,2,0,1,50,21,11,2021,18:30,5,49,49099,2,1,1,7,MAUDET(AVENUE),47.05774,-0.8796,18,1,1
202100032316,143Â 994,A01,10,3,1,1,0,-1,-1,3,3,1,2021,45.0,2,1,0,1,3,7,1,,4,AVENUE DE FLANDRE,0,,3,3,3,1,(1),(1),1,, -1,1,0,6,50,25,6,2021,12:26,1,75,75119,2,1,0,6,AVENUE DE FLANDRE,48.885017,2.369659,12,2,1
202100049058,114Â 067,A01,10,3,2,5,0,-1,-1,1,9,1,2021,70.0,1,5,0,1,4,26,1,,4,NEREE,0,,1,1,0,1,(1),(1),1,, -1,1,0,1,50,5,3,2021,10:30,1,971,97101,2,1,0,6,NEREE,16.2669,-61.5031,10,2,1
202100013362,177Â 862,B01,1,1,1,0,1,4,-1,-1, -1,-1,2021,57.0,0,2,0,2,4,2,2,,1,AUTOROUTE A5A,0,,1,3,0,1,5,691,1,, -1,1,0,1,110,14,10,2021,17:20,1,77,77384,1,1,0,2,AUTOROUTE A5A,48.60378,2.59317,17,2,2
202100001197,199Â 632,C01,1,1,2,1,1,-1,-1,-1, -1,-1,2021,36.0,2,2,0,2,1,1,-1,,3,,-1,,2,2,-1,1,79,1218,1,, -1,1,0,1,80,23,12,2021,18:20,1,17,17449,1,1,0,5,D137,45.950552,-0.8694,18,3,3
202100035783,137Â 745,A01,1,1,1,2,8,0,-1,-1, -1,-1,2021,18.0,0,1,0,2,4,26,6,,4,,0,,2,2,0,2,0,0,1,, -1,1,0,1,50,8,6,2021,08:00,1,92,92048,2,1,0,2,JEAN JAURES (AVENUE) NÂ° 8 A 72,48.8121626842,2.2455775738,8,2,2
202100007201,188Â 883,B01,1,1,2,0,2,0,-1,-1, -1,-1,2021,29.0,0,1,0,2,1,1,5,,4,NORMAN PRINCE,0,,1,1,1,1,0,0,1,, -1,1,0,1,50,19,11,2021,20:00,5,64,64445,2,6,0,3,Rond-Point des AllÃ©es de MorlaÃ s,43.30776,-0.33918,20,2,2
202100038000,133Â 738,A01,1,1,1,5,2,0,-1,-1, -1,-1,2021,57.0,1,1,0,0,7,26,1,,4,LEFEVRE,0,,-1,2,0,1,1,0,1,, -1,1,0,1,50,26,5,2021,16:06,1,49,49353,2,1,0,7,LEFEVRE,47.44563,-0.48749,16,1,1
202100040089,129Â 934,A01,1,1,1,5,1,-1,-1,0,0,-1,2021,44.0,2,2,13,0,9,14,1,,1,77,0,A,1,1,0,2,108,600,2,, -1,2,3,6,-1,13,5,2021,21:30,2,58,58295,1,1,1,6,Bretelle d'accÃ¨s Ã©changeur 24 Autoroute A77,47.342501,2.927942,21,1,1
202100037560,134Â 528,A01,1,1,1,1,1,-1,-1,-1, -1,-1,2021,25.0,0,2,0,2,2,5,1,,4,GUILLOTIERE (DE LA)                 (GR),0,,1,3,1,1,(1),(1),1,, -1,1,5,1,50,29,5,2021,22:00,5,69,69387,2,2,0,3,GUILLOTIERE (DE LA)                 (GR),45.74724,4.85883,22,3,2
202100004655,193Â 451,A01,10,3,1,1,0,-1,-1,3,3,1,2021,22.0,0,2,0,1,2,1,1,,4,,-1,,2,2,3,1,(1),(1),1,,4,1,0,6,50,10,9,2021,07:22,2,74,74081,2,3,0,6,Av de la Republique,46.0614981,6.56351,7,2,1
202100045385,120Â 607,A01,10,3,1,2,0,-1,-1,2,5,1,2021,15.0,3,2,0,1,1,1,1,,4,PORTET BOULEVARD,0,,2,2,0,1,1,0,1,, -1,1,0,1,50,2,4,2021,18:02,1,49,49007,2,1,0,6,PORTET BOULEVARD,47.45122,-0.5617,18,2,1
202100020563,164Â 874,B01,1,1,2,5,2,0,-1,0,0,-1,2021,9.0,3,1,0,2,7,19,5,,4,QUAI BRANLY,0,,2,4,0,1,(1),(1),1,, -1,1,0,1,30,5,9,2021,11:25,1,75,75115,2,2,0,3,QUAI BRANLY,48.854617,2.288852,11,2,2
202100009270,185Â 127,A01,1,1,1,2,1,-1,-1,0,0,-1,2021,19.0,2,2,8,0,7,13,1,,3,D 963,0,,2,2,0,2,12,580,3,, -1,2,0,3,70,2,11,2021,13:38,1,12,12089,2,1,0,6,D 963,44.5732150007,2.2461903096,13,1,1
202100035567,138Â 141,A01,1,1,2,1,1,4,-1,-1, -1,-1,2021,42.0,3,2,0,2,2,19,1,,4,BALLON,0,,2,2,0,1,0,0,1,, -1,1,9,1,50,9,6,2021,07:45,1,93,93051,2,3,0,3,Rue du Ballon / Rue des Aerostiers,48.83184,2.58155,7,2,2
202100053450,106Â 175,B01,1,1,1,0,2,-1,-1,-1,0,-1,2021,33.0,1,1,0,2,1,1,1,,3,724,0,,2,2,0,1,94,796,1,, -1,1,0,1,50,25,1,2021,18:40,5,56,56083,2,3,0,3,LIBERATION ( AV. DE LA ),47.80434,-3.27615,18,2,2
202100040646,128Â 962,A01,10,3,2,3,0,-1,-1,2,3,1,2021,45.0,2,5,0,1,2,1,1,,2,2,0,,3,4,0,1,3,450,1,, -1,1,5,1,50,8,5,2021,07:35,1,972,97229,2,6,0,6,Anse Gouraud,14.609426,-61.097036,7,2,1
202100021473,163Â 258,B01,1,1,1,1,8,0,-1,-1, -1,-1,2021,25.0,1,1,0,2,8,1,5,,4,GENERAL CHARLES DELESTRAIN (RUE),0,,2,2,0,2,(1),(1),1,, -1,1,0,1,50,31,8,2021,09:38,1,10,10387,2,2,0,3,GENERAL CHARLES DELESTRAIN (RUE),48.290395545,4.0717852861,9,2,2
202100022391,161Â 629,B01,2,2,2,9,1,-1,-1,-1, -1,-1,2021,64.0,2,2,0,2,4,2,1,,1,AUTOROUTE A 62,0,,3,4,0,1,12,800,1,, -1,1,0,1,130,27,8,2021,15:20,1,33,33474,1,1,0,2,AUTOROUTE A 62,44.673112,-0.477236,15,5,2
202100000399,200Â 989,B01,4,2,1,9,3,8,-1,-1, -1,-1,2021,1.0,0,2,0,2,4,1,1,,7,D 543,0,,2,2,0,1,0,0,1,, -1,1,0,1,50,28,7,2021,15:50,1,13,13071,2,1,0,2,D 543,43.41468,5.36714,15,5,2
202100006300,190Â 534,A01,10,3,1,9,0,-1,-1,1,A,1,2021,55.0,2,2,0,1,6,15,1,,4,RUE DU FAUBOURG SAINT HONORE,0,,1,1,0,1,(1),(1),1,, -1,1,0,1,30,24,11,2021,09:00,1,75,75108,2,4,0,6,RUE DU FAUBOURG SAINT HONORE,48.870438,2.3175,9,2,1
202100055100,103Â 324,B01,2,2,2,5,1,5,-1,0,0,-1,2021,84.0,2,2,0,2,3,19,1,,2,25,-1,,4,2,0,1,9,459,1,, -1,7,0,1,80,15,1,2021,08:45,1,62,62784,1,2,0,3,RN 25,50.203948,2.535117,8,3,2
202100019447,166Â 876,B01,1,1,2,0,1,0,-1,-1, -1,-1,2021,22.0,2,2,0,2,4,2,1,,1,AUTOROUTE A3,0,,3,8,0,1,9,0,1,, -1,1,0,1,90,12,9,2021,13:00,1,93,93010,1,1,0,2,AUTOROUTE A3,48.91602,2.4778,13,3,3
202100029271,149Â 440,A01,2,2,1,9,8,0,-1,-1, -1,-1,2021,23.0,3,1,0,1,1,19,1,,4,CHEMIN NEUF,0,,1,1,0,1,(1),(1),1,, -1,1,0,1,50,11,7,2021,06:30,1,971,97120,1,1,0,1,CHEMIN NEUF,16.23288,-61.5326,6,4,2
202100004277,194Â 114,B01,1,1,2,0,1,-1,-1,0,0,-1,2021,60.0,1,2,0,2,1,1,2,,2,PERIPHERIQUE (BOULEVARD),0,,1,6,0,1,1,0,1,, -1,2,0,1,90,6,12,2021,15:50,1,14,14118,1,1,0,1,PERIPHERIQUE (BOULEVARD),49.196044,-0.379533,15,3,2
202100016932,171Â 357,A01,4,2,2,0,1,0,-1,-1, -1,-1,2021,18.0,1,2,0,0,9,14,1,,4,POMPIDOU (AVENUE GEORGES),0,,2,4,0,2,(1),(1),1,, -1,1,0,1,50,22,9,2021,13:10,1,37,37261,2,1,0,7,POMPIDOU (AVENUE GEORGES),47.3880300803,0.7084655408,13,3,1
202100003462,195Â 562,B01,1,1,2,9,1,-1,-1,0,0,-1,2021,50.0,1,2,0,2,1,2,1,,3,411,0,,2,2,0,1,20,553,1,, -1,2,0,1,80,12,12,2021,17:45,3,77,77019,1,1,1,2,D411,48.391142,3.155009,17,2,2
202100010672,182Â 647,A01,1,1,1,0,2,6,-1,-1, -1,-1,2021,23.0,2,1,0,2,1,3,0,,1,AUTOROUTE A1,0,,3,10,0,1,4,599,1,, -1,1,0,1,90,28,10,2021,19:00,4,93,93027,1,1,0,5,AUTOROUTE A1,48.9341878207,2.3905062963,19,3,3
202100006851,189Â 536,A01,1,1,1,5,0,-1,-1,0,0,-1,2021,21.0,2,2,13,0,2,1,1,,3,724,0,,2,2,0,1,26,234,1,, -1,2,0,3,80,21,11,2021,21:05,3,56,56079,1,1,1,6,La Pyramide,47.9393204249,-2.4933707714,21,1,1
202100014676,175Â 479,A01,2,2,2,5,1,-1,-1,0,0,-1,2021,19.0,2,2,0,2,7,17,1,,3,83,0,,3,4,0,1,18,800,1,, -1,2,0,1,110,6,10,2021,01:00,3,68,68043,1,1,0,2,D83,47.856208,7.242125,1,3,2
202100020480,165Â 028,A01,1,1,2,1,0,-1,-1,-1, -1,-1,2021,32.0,1,1,12,0,0,17,5,,4,IRENE JOLIOT CURIE                  (BD),0,,3,4,2,1,(1),(1),1,, -1,1,0,5,50,6,9,2021,18:50,1,69,69259,2,1,0,6,IRENE JOLIOT CURIE (BD),45.71057,4.883334,18,1,1
202100040691,128Â 892,A01,1,1,1,5,8,-1,-1,0,0,-1,2021,44.0,1,2,0,2,3,1,0,,3,117,-1,,2,2,0,1,12,678,2,, -1,1,9,1,90,9,5,2021,18:40,1,66,66041,1,9,0,1,RD 117,42.772576,2.785455,18,4,2
202100048438,115Â 177,A01,1,1,2,1,2,0,-1,0,0,-1,2021,46.0,1,1,0,2,7,1,5,,4,BOULEVARD SOULT,0,,2,4,2,2,(1),(1),1,, -1,2,-1,5,50,11,3,2021,07:05,2,75,75112,2,1,1,3,BOULEVARD SOULT,48.843429,2.409895,7,2,2
202100049032,114Â 115,C01,1,1,2,1,1,0,-1,-1, -1,-1,2021,28.0,2,2,0,2,4,1,1,,1,A7   20.110 A 22.950,0,,3,3,0,1,21,0,1,, -1,1,0,1,110,26,2,2021,18:15,2,38,38087,1,1,0,4,A7   20.110 A 22.950,45.5784,4.8036,18,3,3
202100051632,109Â 402,B01,1,1,1,5,1,-1,-1,0,0,-1,2021,83.0,2,5,0,2,3,1,1,,3,34,-1,D,2,2,0,1,5,600,1,, -1,2,0,1,80,13,2,2021,17:20,1,74,74243,1,1,0,1,D34,46.131047,6.071212,17,2,2
202100002286,197Â 698,A01,10,3,2,5,0,-1,-1,1,1,2,2021,24.0,1,5,0,1,5,2,1,,3,986,0,,3,6,2,1,4,0,1,, -1,1,0,1,50,18,12,2021,21:00,5,92,92046,2,1,0,6,PIERRE BROSSOLETTE (AVENUE),48.8219941739,2.3135957122,21,2,1
202100017759,169Â 879,A01,1,1,1,5,1,-1,-1,0,0,-1,2021,50.0,2,2,2,0,1,14,3,,3,234,-1,,2,2,0,1,2,950,1,, -1,1,0,3,70,21,9,2021,17:45,1,29,29060,1,1,0,6,78 Route de Quimper,47.9199920561,-4.1093747329,17,1,1
202100018797,168Â 043,A01,10,3,2,1,0,-1,-1,4,3,2,2021,49.0,1,1,0,1,1,1,3,,4,RUE DE LA CHAPELLE,0,,2,4,1,1,(1),(1),1,, -1,1,0,5,30,15,9,2021,21:20,5,75,75118,2,4,0,6,RUE DE LA CHAPELLE,48.890822,2.35992,21,2,1
202100007761,187Â 887,B01,1,1,2,9,2,6,-1,0,0,-1,2021,51.0,2,1,0,2,7,17,1,,3,MEZZAVIA ROUTE DE,0,,-1,2,0,2,0,800,1,, -1,1,0,1,50,16,11,2021,18:35,5,201,201004,2,1,0,3,MEZZAVIA ROUTE DE,41.94624,8.76825,18,2,2
202100045443,120Â 508,A01,1,1,1,0,1,8,-1,-1, -1,-1,2021,22.0,3,2,1,0,1,21,1,,4,GEORGES DENANCE (RUE),0,,2,2,0,1,0,0,1,, -1,1,0,1,50,1,4,2021,21:50,5,93,93071,2,1,0,6,GEORGES DENANCE (RUE),48.93139,2.53807,21,1,1
202100033765,141Â 416,A01,1,1,2,9,1,0,-1,-1, -1,-1,2021,20.0,1,2,3,0,5,26,1,,1,15,0,,3,8,0,1,4,500,3,, -1,2,2,1,90,17,6,2021,23:50,3,92,92036,1,1,1,2,AUTOROUTE A15,48.9406783537,2.2926308104,23,2,2
202100007105,189Â 066,A01,1,1,2,1,1,0,-1,-1, -1,-1,2021,24.0,1,2,4,0,3,16,1,,1,A7-Sens Marseille vers Lyon,0,,1,1,0,1,264,0,4,, -1,1,9,1,80,18,11,2021,21:12,5,13,13071,1,1,0,7,A7-Sens Marseille vers Lyon,43.41734,5.27439,21,1,1
202100048926,114Â 301,A01,1,1,1,0,1,0,-1,-1, -1,-1,2021,26.0,2,2,0,2,3,13,1,,3,ROUTE DEPARTEMENTALE 3,0,,-1,2,0,1,3,849,1,, -1,1,0,1,70,5,3,2021,21:26,3,972,97213,1,1,0,1,ROUTE DEPARTEMENTALE 3,14.6268,-60.9895,21,3,2
202100050265,111Â 873,A01,1,1,1,1,8,-1,-1,0,0,-1,2021,56.0,1,2,2,0,1,1,1,,3,70,0,,2,2,0,2,27,241,1,, -1,1,0,8,90,25,2,2021,19:40,3,21,21381,1,1,0,6,D70,47.392249,4.483345,19,1,1
202100024271,158Â 286,B01,1,1,1,0,2,-1,-1,-1, -1,-1,2021,24.0,1,1,0,2,1,2,1,,4,BONS MALADES (RUE DES),0,,3,3,0,1,(1),(1),1,, -1,1,0,1,50,12,8,2021,10:35,1,51,51454,2,2,0,1,Rue des Bons Malades,49.2490549411,4.0151865614,10,2,2
202100007179,188Â 919,B01,2,2,1,0,1,8,-1,-1, -1,-1,2021,14.0,3,2,0,0,4,1,1,,3,JACQUES LEPAIRE  (RUE   ),0,,2,2,0,2,9,1414,3,, -1,1,0,1,50,17,11,2021,19:45,5,77,77243,2,1,1,2,D418,48.8777357467,2.7014112111,19,3,2
202100007858,187Â 691,A01,1,1,2,5,1,0,-1,0,0,-1,2021,20.0,1,2,11,0,3,13,1,,4,AVENUE DES CHAMPS ELYSEES,0,,2,10,0,2,(1),(1),1,, -1,1,0,1,30,16,11,2021,03:51,5,75,75108,2,3,0,6,AVENUE DES CHAMPS ELYSEES,48.872062,2.300464,3,1,1
202100020730,164Â 573,A01,2,2,1,3,1,0,-1,-1, -1,-1,2021,75.0,2,2,0,2,2,15,1,,3,986,0,,1,1,0,1,0,0,1,, -1,2,0,1,50,5,9,2021,06:30,5,92,92078,2,3,0,3,VERDUN (AVENUE) (IMPAIRS 1 A 25),48.935508,2.33388,6,3,2
202100016253,172Â 579,B01,1,1,1,0,2,0,-1,-1, -1,-1,2021,35.0,2,1,0,2,1,5,1,,3,PARIS (AV DE),0,,3,0,0,1,1,0,1,, -1,1,0,1,50,29,9,2021,19:45,5,94,94076,2,1,0,1,Avenue de Paris,48.801555,2.364934,19,2,2
202100029217,149Â 534,A01,1,1,1,5,1,-1,-1,0,0,-1,2021,33.0,0,2,0,0,0,21,1,,3,392,-1,,-1,2,0,1,(1),(1),1,, -1,2,0,3,-1,14,7,2021,01:00,3,40,40162,1,1,0,7,D392,43.955375,-0.387322,1,1,1
202100011423,181Â 303,B01,2,2,1,9,2,0,-1,0,0,-1,2021,21.0,1,1,0,2,1,1,1,,4,AVENUE DU PRESIDENT WILSON,0,,3,3,0,2,(1),(1),1,, -1,1,0,1,30,23,10,2021,00:15,5,75,75116,2,7,0,1,AVENUE DU PRESIDENT WILSON,48.864851,2.294225,0,3,2
202100025185,156Â 643,B01,1,1,1,5,0,-1,-1,0,0,-1,2021,11.0,1,1,0,2,1,1,5,,3,32,-1,,2,2,0,1,16,700,3,, -1,1,0,1,50,7,8,2021,15:30,1,46,46059,2,2,0,3,Le bourg,44.7180632,1.60843,15,2,2
202100040368,129Â 447,A01,10,3,2,1,0,-1,-1,5,9,1,2021,56.0,2,1,0,1,1,25,3,,4,BOULEVARD VINCENT AURIOL,0,,3,2,0,1,(1),(1),1,, -1,1,0,4,50,11,5,2021,19:30,1,75,75113,2,1,0,6,BOULEVARD VINCENT AURIOL,48.83712,2.37336,19,2,1
202100030003,148Â 164,A01,1,1,1,0,2,6,-1,0,0,-1,2021,42.0,2,1,0,2,1,11,1,,3,ZOLA (BOULEVARD EMILE),0,,2,2,0,1,0,610,1,, -1,1,0,1,50,7,7,2021,17:30,1,6,6069,2,1,0,1,ZOLA (BOULEVARD EMILE),43.651651,6.917694,17,2,2
202100039054,131Â 824,A01,10,3,2,5,0,-1,-1,3,3,1,2021,75.0,0,2,0,1,2,1,1,,4,LAVERUNE (ROUTE DE,0,,2,2,0,1,(1),(1),1,, -1,1,0,1,50,19,5,2021,09:25,1,34,34172,2,1,0,6,LAVERUNE (ROUTE DE,43.602542,3.854354,9,2,1
202100028668,150Â 472,A01,10,3,1,0,8,8,-1,6,1,1,2021,47.0,2,2,0,1,7,21,1,,3,D 18,0,,2,2,0,1,3,0,1,, -1,1,0,1,80,16,7,2021,23:48,3,11,11069,1,1,0,6,D 18,43.19327,2.30356,23,2,1
202100048649,114Â 797,A01,10,3,2,1,0,-1,-1,3,3,1,2021,44.0,3,1,0,1,1,0,1,,4,JOANNES MASSET                      (AV),0,,2,2,1,1,(1),(1),1,, -1,1,0,6,50,9,3,2021,08:50,1,69,69389,2,9,0,6,JOANNES MASSET                      (AV),45.7726269044,4.8000490665,8,2,1
202100022122,162Â 087,A01,1,1,1,1,1,0,-1,-1, -1,-1,2021,28.0,1,2,0,0,4,9,1,,3,VAUBAN (AVENUE),0,,3,4,0,1,0,0,1,, -1,1,5,1,50,28,8,2021,18:45,1,93,93078,2,6,0,2,Avenue Georges ClÃ©menceau / Boulevard Robert Ballanger,48.96191,2.55485,18,2,2
202100037523,134Â 593,A01,7,2,2,0,1,-1,-1,0,0,-1,2021,87.0,0,2,0,2,8,15,1,,3,64,-1,,2,2,0,1,5,900,1,, -1,1,0,1,80,30,5,2021,17:40,1,83,83108,1,3,0,3,D64,43.332812,5.992007,17,4,2
202100017246,170Â 822,A01,1,1,1,5,2,-1,-1,0,0,-1,2021,55.0,2,1,0,5,1,1,1,,3,94,-1,,2,2,0,1,4,700,1,, -1,1,0,1,50,25,9,2021,09:00,1,5,5158,1,1,0,6,RD 49,44.4751854195,5.8238277997,9,1,1
202100053185,106Â 665,A01,1,1,1,5,1,0,-1,-1, -1,-1,2021,71.0,3,2,0,2,2,15,1,,4,BIGONNET (RUE),0,,2,2,1,1,(1),(1),1,, -1,2,0,1,50,28,1,2021,17:10,2,71,71270,2,3,1,3,BIGONNET (RUE),46.30225,4.8259,17,2,2
202100049251,113Â 723,A01,1,1,1,5,2,6,-1,-1, -1,-1,2021,69.0,3,1,12,0,0,1,1,,4,GAULLE BOULEVARD CHARLES DE,0,,2,4,2,1,1,0,1,, -1,1,0,1,50,3,3,2021,15:10,1,49,49007,2,1,0,7,GAULLE BOULEVARD CHARLES DE,47.4696519648,-0.5610403419,15,1,1
202100015299,174Â 365,B01,1,1,1,1,2,0,-1,-1, -1,-1,2021,30.0,2,1,0,2,1,0,1,,1,AUTOROUTE A6,0,,3,3,0,1,15,500,1,, -1,1,0,1,110,4,10,2021,08:30,1,91,91345,1,1,0,2,AUTOROUTE A6,48.68931,2.32417,8,2,2
202100048061,115Â 835,A01,1,1,1,0,1,-1,-1,0,0,-1,2021,30.0,2,2,13,0,1,0,1,,3,1,0,,3,2,0,2,10,500,1,, -1,1,0,1,70,14,3,2021,18:30,1,74,74263,1,1,0,6,route des crapons,46.314806,6.381254,18,1,1
202100007852,187Â 700,A01,1,1,1,9,1,0,-1,0,0,-1,2021,51.0,1,2,0,2,8,1,1,,4,QUAI DE BERCY,0,,1,3,0,1,(1),(1),1,, -1,1,0,1,50,15,11,2021,05:00,5,75,75112,2,1,0,3,QUAI DE BERCY,48.834532,2.381567,5,2,2
202100034203,140Â 609,A01,1,1,1,3,2,-1,-1,0,0,-1,2021,49.0,1,1,0,6,1,1,1,,3,142,-1,,2,2,0,2,2,50,1,, -1,1,0,1,80,5,4,2021,09:50,1,14,14012,2,1,0,6,Le Mesnil Da,49.250776,-0.038624,9,1,1
202100055540,102Â 578,A01,1,1,1,0,2,0,-1,-1, -1,-1,2021,24.0,2,1,0,0,0,1,1,,3,EUGENE RENAULT - CAR DE LA RESISTANCE (R,0,,2,2,0,1,0,0,1,, -1,1,5,1,50,10,1,2021,20:26,5,94,94046,2,1,0,7,EUGENE RENAULT - CAR DE LA RESISTANCE (R,48.815273,2.420248,20,1,1
202100030443,147Â 357,B01,1,1,1,9,2,6,-1,-1, -1,-1,2021,61.0,1,1,0,2,1,1,1,,3,907,0,,2,2,0,3,0,0,1,, -1,1,0,1,50,6,7,2021,21:10,2,92,92064,2,3,0,3,GOUNOD,48.84302,2.21393,21,2,2
202100004328,194Â 023,A01,1,1,2,5,1,-1,-1,0,0,-1,2021,62.0,2,2,8,0,3,1,1,,3,282,-1,,2,2,0,1,3,199,3,, -1,7,0,3,-1,8,12,2021,09:30,1,72,72137,2,1,0,6,Rue des Courtilloles,48.38644,0.164055,9,2,1
202100003013,196Â 391,B01,5,2,2,0,0,-1,-1,0,0,-1,2021,19.0,2,2,0,2,6,10,1,,2,1,0,,2,2,0,1,21,700,1,,7,2,0,1,80,15,12,2021,19:25,3,973,97305,1,1,0,3,"rn 1, pk 22",4.977657,-52.442894,19,9,2
202100027591,152Â 407,A01,1,1,1,0,2,8,-1,-1, -1,-1,2021,23.0,2,1,0,2,1,0,0,,3,989,0,,-1,5,0,1,0,0,1,, -1,1,5,1,30,22,7,2021,22:10,5,92,92040,2,5,0,3,VICTOR CRESSON (AVENUE) DU 01 AU 27,48.823973,2.272827,22,4,2
202100013382,177Â 810,B01,1,1,1,5,2,6,-1,0,0,-1,2021,21.0,1,1,0,2,8,3,1,,4,PORTE DE SAINT OUEN,0,,1,4,0,1,20,900,1,, -1,1,0,1,70,13,10,2021,17:05,1,75,75118,2,1,0,3,PORTE DE SAINT OUEN,48.900616,2.330349,17,2,2
202100054353,104Â 604,B01,1,1,1,1,1,0,-1,0,0,-1,2021,48.0,1,2,0,2,6,1,2,,4,PORTE D AUBERVILLIERS,0,,1,4,0,1,24,100,1,, -1,1,0,1,70,19,1,2021,18:35,5,75,75119,2,1,0,2,PORTE D AUBERVILLIERS,48.900495,2.373846,18,2,2
202100016892,171Â 427,A01,10,3,1,2,0,-1,-1,3,3,3,2021,17.0,1,1,0,1,1,1,1,,4,BRIQUERIE (ROUTE DE LA),0,,2,2,0,1,0,0,1,, -1,1,6,1,50,22,9,2021,16:00,1,57,57672,2,1,0,6,BRIQUERIE (ROUTE DE LA),49.36361,6.16086,16,3,1
202100020307,165Â 338,B01,1,1,2,5,8,0,-1,-1, -1,-1,2021,15.0,2,1,0,2,0,1,3,,4,ROY D'ESPAGNE (CHEMIN),0,,1,1,0,2,0,0,1,, -1,1,0,1,50,7,9,2021,19:30,1,13,13209,2,6,0,3,ROY D'ESPAGNE (CHEMIN),43.24167,5.39729,19,2,2
202100018537,168Â 498,B01,1,1,1,5,2,0,-1,-1, -1,-1,2021,25.0,1,1,0,2,4,15,1,,3,ROUTE DEPARTEMENTALE 411,0,,4,3,0,1,29,205,1,, -1,1,5,1,80,15,9,2021,13:50,1,77,77279,1,2,0,2,D411,48.38234,3.03932,13,2,2