Num_Acc,id_vehicule,num_veh,place,catu,sexe,trajet,secu1,secu2,secu3,locp,actp,etatp,year_acc,victim_age,senc,catv,obs,obsm,choc,manv,motor,occutc,catr,voie,v1,v2,circ,nbv,vosp,prof,pr,pr1,plan,lartpc,larrout,surf,infra,situ,vma,jour,mois,an,hrmn,lum,dep,com,agg_,int,atm,col,adr,lat,long,hour,nb_victim,nb_vehicules
202100018974,167Â 718,B01,1,1,1,0,2,8,-1,-1, -1,-1,2021,24.0,1,1,0,2,1,1,1,,7,RABATAU (BOULEVARD),0,,2,4,0,1,0,0,1,, -1,1,8,1,50,14,9,2021,23:30,5,13,13208,2,1,0,2,RABATAU (BOULEVARD),43.2787,5.3993,23,2,2
202100004071,194Â 471,B01,2,2,2,2,1,0,-1,-1, -1,-1,2021,20.0,0,2,0,2,7,1,1,,4,RUFA (CHEMIN),0,,2,2,0,1,(1),(1),2,, -1,4,5,1,50,7,12,2021,18:40,3,29,29019,2,4,1,3,Chemin du Rufa,48.427719,-4.505605,18,3,2
202100051883,108Â 958,B01,3,2,1,5,1,8,-1,-1, -1,-1,2021,4.0,1,2,0,2,2,1,1,,3,7,0,,2,4,0,1,0,0,1,, -1,1,0,1,50,9,2,2021,16:30,1,91,91521,2,9,0,3,REMY (RUE ALBERT),48.66101,2.40283,16,3,2
202100056015,101Â 758,B01,1,1,2,1,1,0,-1,-1,0,-1,2021,37.0,1,2,0,2,4,2,1,,1,15,0,,3,8,0,1,23,0,1,, -1,1,0,1,90,6,1,2021,12:50,1,95,95500,1,1,0,2, A15,49.0362595262,2.0951139775,12,2,2
202100025441,156Â 188,B01,1,1,1,0,8,0,-1,-1, -1,-1,2021,17.0,0,1,0,2,0,17,1,,4,ROUBAIX (RUE DE),0,,-1,2,0,1,(1),(1),1,, -1,1,0,1,50,5,8,2021,18:15,1,59,59599,2,3,0,3,ROUBAIX (RUE DE),50.715,3.1641,18,2,2
202100017520,170Â 304,B01,1,1,1,9,2,6,-1,-1, -1,-1,2021,35.0,2,1,0,2,1,1,1,,3,913,0,,2,5,0,1,0,0,1,, -1,1,0,1,50,22,9,2021,13:30,1,92,92050,2,3,0,3,CLEMENCEAU GEORGES AVENUE NÂ°IMPAIR,48.8853192812,2.2243756039,13,2,2
202100040511,129Â 193,A01,1,1,1,9,1,0,-1,0,0,-1,2021,23.0,2,2,0,2,1,1,1,,4,RUE FROIDEVAUX,0,,1,2,0,1,(1),(1),1,, -1,1,0,1,50,9,5,2021,23:45,5,75,75114,2,2,0,3,RUE FROIDEVAUX,48.834973,2.329847,23,2,2
202100016831,171Â 533,A01,10,3,2,5,0,-1,-1,3,3,1,2021,85.0,1,2,0,1,0,0,1,,4,8 MAI 1945 (AVENUE DU),0,,3,2,0,1,0,0,1,, -1,1,0,1,50,24,9,2021,10:20,1,83,83062,2,1,0,6,8 MAI 1945 (AVENUE DU),43.12332,6.00465,10,2,1
202100022472,161Â 464,A01,2,2,1,5,8,0,-1,0,0,-1,2021,23.0,1,1,14,0,1,13,3,,4,AVENUE DENFERT ROCHEREAU,0,,2,0,3,1,(1),(1),1,, -1,1,0,1,50,24,8,2021,04:20,5,75,75114,2,1,0,6,AVENUE DENFERT ROCHEREAU,48.835669,2.333946,4,2,1
202100042126,126Â 329,C01,1,1,2,0,1,-1,-1,0,0,-1,2021,68.0,2,2,0,2,3,1,1,,3,158,-1,,2,2,0,1,8,60,1,, -1,1,0,1,50,30,4,2021,04:45,4,89,89295,2,2,0,4,D158,47.818569,3.539271,4,4,3
202100008023,187Â 392,C01,1,1,1,1,1,8,-1,-1, -1,-1,2021,38.0,3,2,0,2,4,2,1,,4,EIFFEL (AVENUE GUSTAVE),0,,2,4,0,1,(1),(1),1,, -1,2,5,1,50,15,11,2021,08:10,1,37,37261,2,1,0,4,EIFFEL (AVENUE GUSTAVE),47.4355671033,0.6984881597,8,3,3
202100007207,188Â 873,B01,1,1,1,0,2,6,-1,-1, -1,-1,2021,49.0,1,1,0,2,1,1,1,,4,LESSEPS (QUAI DE),0,,2,2,0,1,(1),(1),1,, -1,1,0,1,30,18,11,2021,18:00,5,64,64102,2,3,0,1,LESSEPS (QUAI DE),43.49735,-1.478,18,2,2
202100039520,130Â 961,B01,8,2,1,4,0,-1,-1,0,0,-1,2021,40.0,1,5,0,0,4,24,1,,1,6,0,,3,4,0,1,88,650,1,, -1,2,0,2,130,19,5,2021,10:45,1,77,77168,1,1,1,2,Autoroute A6 point kilomÃ©trique 88+650 vers lyon,48.169635,2.8638481,10,2,2
202100006219,190Â 693,A01,1,1,1,5,1,0,-1,-1, -1,-1,2021,84.0,2,2,0,2,1,2,1,,3,RUE EDOUARD VAILLANT,0,,2,3,0,1,0,0,1,, -1,1,0,1,50,25,11,2021,18:05,5,91,91027,2,1,0,4,RUE EDOUARD VAILLANT,48.70579,2.3935,18,3,3
202100003693,195Â 152,B01,1,1,2,0,2,6,-1,0,0,-1,2021,52.0,3,1,0,2,1,1,5,,3,CD NÂ° 60,0,,-1,0,0,1,1,0,1,, -1,1,0,1,50,9,12,2021,08:00,2,14,14118,2,3,0,3,ROUTE DE LION,49.2042,-0.35202,8,2,2
202100010904,182Â 237,A01,1,1,1,0,1,0,-1,-1, -1,-1,2021,22.0,0,2,0,2,8,1,1,,4,PERRAULT CHARLES JUSQU'AUX NÃ¸ 17-42,0,,2,2,0,1,(1),(1),1,, -1,1,0,1,50,28,8,2021,00:00,5,42,42218,2,1,0,2,Rue Charles Perrault,45.4479450416,4.3682504296,0,2,2
202100036905,135Â 734,A01,1,1,1,5,2,6,-1,0,0,-1,2021,22.0,2,1,0,2,1,1,1,,3,112,2,D,2,2,0,2,0,178,3,, -1,1,8,1,50,2,6,2021,13:35,1,72,72337,2,1,0,1,2 rue du grouas,48.3165541094,-0.0316311226,13,2,2
202100041052,128Â 231,A01,1,1,2,0,1,0,-1,-1, -1,-1,2021,26.0,1,2,0,2,1,1,1,,4,FERDINAND BUISSON                   (R ),0,,1,2,0,1,(1),(1),1,, -1,2,0,1,50,6,5,2021,16:20,1,69,69383,2,2,1,3,FERDINAND BUISSON (R),45.74977,4.88978,16,4,2
202100005527,191Â 916,B01,1,1,2,0,1,0,-1,0,0,-1,2021,22.0,2,2,0,2,0,1,1,,2,EMBRUN ( AVENUE D'),0,,2,2,0,1,71,520,1,, -1,1,0,1,50,26,11,2021,21:10,5,5,5061,2,1,0,2,EMBRUN ( AVENUE D'),44.56812,6.09877,21,3,2
202100021552,163Â 113,B01,1,1,1,5,2,6,-1,0,0,-1,2021,15.0,1,1,0,2,1,5,1,,3,191,-1,,2,2,0,1,46,620,1,, -1,1,0,1,30,1,9,2021,15:05,1,62,62711,2,1,0,1,Rue Jules Guesde,50.805621,1.744809,15,2,2
202100011717,180Â 786,A01,1,1,2,5,1,-1,-1,0,0,-1,2021,74.0,3,2,0,2,8,16,1,,3,,-1,,2,2,0,4,(1),(1),1,,4,1,0,1,50,23,10,2021,04:25,4,52,52021,2,3,0,3,14 grande rue,48.525285,4.929506,4,3,2
202100050284,111Â 832,B01,1,1,2,9,1,8,-1,-1, -1,-1,2021,24.0,1,2,0,2,4,2,1,,1,A7-Sens Lyon vers Marseille,0,,-1,3,0,1,268,299,1,, -1,1,0,1,90,24,2,2021,18:00,1,13,13071,1,1,0,2,A7-Sens Lyon vers Marseille,43.405932,5.322595,18,2,2
202100051421,109Â 776,B01,1,1,1,1,2,0,-1,-1, -1,-1,2021,48.0,2,1,0,2,1,1,5,,4,RUE DU IV SEPTEMBRE,0,,2,2,0,1,(1),(1),1,, -1,1,0,1,50,15,2,2021,07:24,2,65,65440,2,2,0,3,SEPTEMBRE (RUE DU IV),43.228818,0.083073,7,2,2
202100006541,190Â 105,A01,1,1,1,5,2,6,-1,-1, -1,-1,2021,42.0,1,1,0,2,8,3,1,,1,A104,0,,3,4,0,1,10,800,1,, -1,1,0,1,90,24,11,2021,18:40,3,77,77294,1,1,0,3,A104,48.9697644713,2.5981800905,18,2,2
202100054759,103Â 916,A01,1,1,1,1,2,6,-1,-1, -1,-1,2021,21.0,2,1,12,0,7,1,1,,3,BAYONNE (AVENUE DE),0,,2,4,0,1,8,900,1,, -1,1,0,1,50,16,1,2021,18:25,5,64,64024,2,1,0,7,BAYONNE (AVENUE DE),43.48301,-1.50356,18,1,1
202100056342,101Â 188,B01,1,1,1,4,2,0,-1,-1, -1,-1,2021,33.0,0,1,0,2,1,1,1,,4,CAPELETTE (AVENUE DE LA),0,,2,3,0,1,(1),(1),1,, -1,1,0,1,50,3,1,2021,18:25,2,13,13210,2,1,1,3,CAPELETTE (AVENUE DE LA),43.280818,5.407336,18,2,2
202100037313,134Â 975,A01,2,2,1,0,2,0,-1,-1, -1,-1,2021,47.0,1,1,0,2,1,1,1,,3,VAILLANT COUTURIER (AVENUE PAUL),0,,1,3,2,1,0,1,1,, -1,1,0,1,50,31,5,2021,13:40,1,93,93008,2,3,0,3,VAILLANT COUTURIER (AVENUE PAUL),48.9113208097,2.4398272322,13,3,2
202100001976,198Â 268,A01,1,1,2,0,1,0,-1,-1, -1,-1,2021,46.0,1,2,0,2,4,2,3,,1,A50-Sens Marseille vers Aubagne,0,,3,3,0,1,5,400,1,, -1,1,0,1,90,20,12,2021,10:45,1,13,13211,1,1,0,4,A50-Sens Marseille vers Aubagne,43.29366,5.45748,10,4,3
202100048815,114Â 510,C01,1,1,2,9,1,-1,-1,0,0,-1,2021,20.0,1,2,0,2,1,1,1,,3,820,-1,,2,3,0,1,2,400,3,, -1,1,0,1,90,4,3,2021,17:45,1,31,31118,1,1,0,5,730 route Nationale 20,43.791218,1.340128,17,3,3
202100018403,168Â 731,B01,1,1,1,1,2,6,-1,0,0,-1,2021,41.0,1,1,0,2,7,1,1,,4,QUAI SAINT EXUPERY,0,,1,2,0,1,(1),(1),1,, -1,1,0,1,30,17,9,2021,06:15,5,75,75116,2,3,0,3,QUAI SAINT EXUPERY,48.836632,2.263695,6,2,2
202100024750,157Â 407,B01,1,1,1,0,2,-1,-1,-1, -1,-1,2021,24.0,1,1,0,2,9,1,1,,1,,-1,,1,-1,-1,1,16,0,1,, -1,1,3,1,-1,10,8,2021,11:40,1,33,33281,2,2,0,3,Avenue Marcel Dassault,44.84351,-0.67296,11,2,2
202100033236,142Â 360,A01,1,1,1,0,0,-1,-1,0,0,-1,2021,45.0,1,1,0,0,9,13,5,,3,45,0,C,2,2,0,2,0,900,3,, -1,1,0,1,50,21,6,2021,10:50,1,38,38337,2,1,0,7,Avenue Jean Jaures,45.35174,5.50054,10,1,1
202100026401,154Â 502,B01,1,1,2,5,1,-1,-1,0,0,-1,2021,72.0,1,2,0,2,1,1,1,,3,234,-1,,2,2,0,1,0,900,3,, -1,1,0,1,70,30,7,2021,14:30,1,29,29060,1,1,0,1,Route de Quimper,47.9242971917,-4.0839003795,14,4,2
202100001150,199Â 718,B01,1,1,2,0,2,6,-1,-1, -1,-1,2021,18.0,1,1,0,2,3,1,1,,3,MARNE   ( AVENUE DE LA ),0,,3,2,0,1,0,0,1,, -1,1,0,1,50,15,10,2021,21:20,5,92,92004,2,1,0,3,MARNE   ( AVENUE DE LA ),48.9086965855,2.2850027692,21,3,2
202100032057,144Â 447,A01,1,1,2,1,1,0,-1,-1, -1,-1,2021,24.0,1,2,0,0,1,1,1,,2,RN 104,0,,1,3,0,2,36,500,3,, -1,2,0,1,70,27,6,2021,07:30,1,91,91340,1,1,0,6,RN 104,48.608,2.435,7,1,1
202100039210,131Â 535,A01,1,1,1,9,1,-1,-1,0,0,-1,2021,27.0,1,2,0,2,1,13,1,,2,19,-1,,2,2,0,1,61,950,1,, -1,2,0,1,80,21,5,2021,08:38,1,70,70262,1,1,0,1,Route nationale 19,47.672128,6.383539,8,3,2
202100047658,116Â 566,B01,1,1,1,9,1,0,-1,-1, -1,-1,2021,27.0,2,2,0,2,1,2,1,,3,QU JEAN COMPAGNON,0,,2,2,0,3,1,0,1,, -1,2,2,1,50,15,3,2021,13:00,1,94,94041,2,2,1,5,Quai Jean Compagnon,48.81942,2.39797,13,3,3
202100041137,128Â 075,A01,1,1,1,1,2,0,-1,0,0,-1,2021,27.0,2,1,0,2,7,17,1,,4,RUE CUSTINE,0,,2,2,0,1,(1),(1),1,, -1,2,0,1,50,6,5,2021,08:50,1,75,75118,2,5,1,2,RUE CUSTINE,48.888411,2.348004,8,2,2
202100019783,166Â 285,A01,2,2,2,0,1,-1,-1,0,0,-1,2021,27.0,2,2,0,2,3,17,1,,3,933,0,N,2,2,0,1,39,900,1,, -1,1,0,1,80,11,9,2021,10:00,1,40,40103,1,1,0,1,D933n,43.949598,-0.371411,10,4,2
202100050682,111Â 098,A01,1,1,1,1,1,-1,-1,0,0,-1,2021,78.0,3,2,0,9,1,0,1,,4,04,-1,,2,2,0,1,(1),(1),1,, -1,1,0,1,50,22,2,2021,08:00,1,46,46127,2,1,1,6,Route du Bos,44.753217,1.407194,8,1,1
202100045981,119Â 563,A01,1,1,1,9,8,0,-1,0,0,-1,2021,18.0,2,1,0,2,8,18,5,,4,BOULEVARD DE MAGENTA,0,,1,1,1,1,(1),(1),1,, -1,1,-1,5,30,30,3,2021,08:40,1,75,75110,2,1,0,3,BOULEVARD DE MAGENTA,48.87767,2.354836,8,2,2
202100019601,166Â 598,A01,1,1,1,1,1,0,-1,-1, -1,-1,2021,33.0,1,2,0,2,1,2,1,,1,AUTOROUTE A86,0,,3,2,0,1,50,450,2,, -1,1,2,1,70,11,9,2021,06:10,3,94,94034,1,1,0,3,AUTOROUTE A86,48.75881,2.3366,6,2,2
202100034044,140Â 906,B01,1,1,2,0,2,6,-1,-1, -1,-1,2021,21.0,2,1,0,2,2,7,1,,3,SOULT (AVENUE MARECHAL),0,,3,4,3,1,8,0,1,, -1,1,0,6,50,16,6,2021,15:55,1,64,64102,2,3,0,3,SOULT (AVENUE MARECHAL),43.48585,-1.49136,15,2,2
202100023652,159Â 346,B01,1,1,2,3,1,0,0,0,0,-1,2021,48.0,2,2,0,2,4,1,1,,1,8,0,A,1,5,0,1,183,500,1,, -1,1,0,1,90,17,8,2021,20:05,1,6,6027,1,1,0,2,A8 pk 183.500 NORD sens Nice - Frejus,43.663494,7.175574,20,2,2
202100015710,173Â 585,A01,1,1,2,0,1,0,-1,-1, -1,-1,2021,38.0,2,2,0,2,4,2,1,,1,A7-Sens Marseille vers Lyon,0,,1,3,0,1,275,0,1,, -1,1,0,1,90,1,10,2021,17:00,1,13,13215,1,1,0,2,A7-Sens Marseille vers Lyon,43.365753,5.36069,17,2,2
202100028540,150Â 705,B01,1,1,2,5,8,-1,-1,0,0,-1,2021,65.0,2,2,0,2,3,1,1,,3,15,-1,,2,2,0,1,6,0,2,, -1,1,0,1,90,17,7,2021,14:15,1,3,3178,1,1,0,3,le tonkin RD 15,46.253035,3.803415,14,4,2
202100005308,192Â 300,A01,1,1,1,5,8,0,-1,-1, -1,-1,2021,32.0,3,2,1,0,1,0,1,,4,RUE D'AUVERGNE,0,,2,2,0,1,(1),(1),1,, -1,1,0,1,50,1,12,2021,05:00,2,38,38151,2,1,0,6,RUE D'AUVERGNE,45.15502,5.71536,5,1,1
202100043002,124Â 806,B01,1,1,1,5,8,0,-1,-1, -1,-1,2021,25.0,1,1,12,2,8,21,1,,4,RUE DE VILLECRESNES,0,,2,1,0,2,(1),(1),1,, -1,1,0,1,50,22,4,2021,21:10,2,91,91114,2,9,0,3,RUE DE VILLECRESNES,48.707429,2.506808,21,2,2
202100017718,169Â 956,A01,1,1,1,0,1,-1,-1,0,0,-1,2021,31.0,2,2,2,0,1,1,1,,3,209,0,D,2,2,0,1,2,900,1,, -1,1,0,3,80,22,9,2021,04:55,3,67,67019,1,1,0,6,D209,48.255562,7.513918,4,1,1
202100004033,194Â 531,B01,1,1,1,0,2,0,-1,0,0,-1,2021,18.0,1,1,0,2,8,1,5,,7,LAXOU (Rue de),0,,1,1,2,1,(1),(1),1,, -1,1,0,1,50,7,12,2021,17:20,5,54,54395,2,3,0,3,CHURCHILL (RUE WINSTON),48.68485,6.15919,17,2,2
202100024704,157Â 486,A01,10,3,1,5,0,-1,-1,1,3,1,2021,10.0,3,1,0,1,1,21,1,,4,m'tsapere-Belle vue ( rue ),0,,2,2,0,1,0,0,1,, -1,1,0,1,50,9,8,2021,20:55,5,976,97611,2,1,0,6,m'tsapere-Belle vue ( rue ),-12.7839,45.22037,20,2,1
202100005081,192Â 694,A01,4,2,2,0,1,0,-1,0,0,-1,2021,9.0,1,2,0,2,1,1,1,,2,LACRA RN532,0,,1,1,0,1,46,1625,1,, -1,1,3,1,70,27,11,2021,11:05,1,26,26362,1,6,0,2,101 BD Pierre Tezier,44.904039,4.911792,11,6,2
202100052952,107Â 068,A01,1,1,1,5,2,-1,-1,0,0,-1,2021,63.0,1,1,0,9,1,2,5,,7,118,0,D,2,2,0,1,5,100,1,, -1,1,0,3,80,31,1,2021,11:00,1,34,34027,1,1,0,6,D118,43.732577,4.008937,11,2,2
202100045773,119Â 932,B01,1,1,2,5,8,0,-1,0,0,-1,2021,21.0,1,1,0,2,1,1,5,,4,GRANDE DELLE (BOULEVARD DE LA),0,,2,2,0,1,1,0,1,, -1,1,0,1,50,30,3,2021,13:50,1,14,14327,2,2,0,3,Boulevard de la Grande Delle,49.207,-0.34041,13,2,2
202100014382,176Â 003,A01,1,1,1,3,2,-1,-1,0,0,-1,2021,26.0,2,1,0,2,9,21,1,,4,EUROPE (DE 13 A 15),0,,1,5,0,1,(1),(1),1,, -1,1,0,1,50,7,10,2021,20:00,2,29,29019,2,3,0,1,Boulevard de lâEurope,48.4161501076,-4.4683113096,20,2,2
202100029480,149Â 095,B01,1,1,2,1,1,-1,-1,0,0,-1,2021,31.0,3,2,0,2,1,1,1,,3,766,0,D,2,2,0,2,28,130,1,, -1,1,0,1,50,2,7,2021,04:50,2,49,49018,2,1,0,1,Rue Principale (ÃchemirÃ©),47.551501,-0.167877,4,2,2
202100055608,102Â 458,A01,1,1,1,4,0,-1,-1,0,0,-1,2021,41.0,2,4,0,2,1,9,1,,3,631,0,D,2,1,0,1,24,695,1,, -1,1,0,5,70,12,1,2021,07:30,2,81,81105,2,1,0,1,Boulevard du Docteur Pontier,43.770046,1.997257,7,2,2
202100052857,107Â 236,A01,1,1,1,0,8,0,-1,-1, -1,-1,2021,30.0,1,1,0,0,0,26,1,,4,JACQUES DUCLOS (RUE) - RIVIERE DES GAL  ,0,,-1,2,0,1,0,0,1,, -1,1,0,1,50,1,2,2021,19:50,5,974,97407,2,1,0,7,JACQUES DUCLOS (RUE) - RIVIERE DES GAL  ,-20.9587,55.31459,19,1,1
202100005761,191Â 500,A01,1,1,2,5,1,8,-1,0,0,-1,2021,19.0,2,2,13,0,3,13,1,,3,ELBEUF (ROUTE D'),0,,2,2,0,2,53,480,2,, -1,2,0,3,80,28,11,2021,17:30,3,27,27375,1,1,0,6,ELBEUF (ROUTE D'),49.22866,1.14605,17,1,1
202100041098,128Â 149,B01,1,1,1,1,2,6,-1,-1, -1,-1,2021,53.0,1,1,0,2,1,2,1,,3,VERDUN (RUE DE),0,,2,3,0,1,30,500,1,, -1,1,1,1,50,5,5,2021,06:40,2,51,51230,2,1,0,3,Rue de Verdun,49.0435492821,3.9673994656,6,2,2
202100025174,156Â 659,A01,2,2,1,5,0,-1,-1,0,0,-1,2021,22.0,3,2,0,0,3,1,1,,4,1,0,V,2,2,0,1,(1),(1),3,, -1,1,0,3,80,6,8,2021,18:35,1,41,41211,1,1,0,7,Le Petit Villeneuve,47.292085,1.15122,18,2,1
202100025207,156Â 605,A01,1,1,1,9,2,6,-1,0,0,-1,2021,44.0,3,1,13,0,7,1,1,,4,,-1,,2,1,0,1,(1),(1),1,,3,1,0,1,80,8,8,2021,06:40,2,27,27514,1,2,0,3,Chemoin du bosc gueret,49.02484,0.504212,6,2,2
202100023552,159Â 542,A01,1,1,1,0,2,6,-1,-1, -1,-1,2021,34.0,2,1,12,0,0,0,1,,1,AUTOROUTE A 10,0,,1,2,0,2,537,290,3,, -1,1,3,2,50,12,8,2021,17:10,1,33,33003,1,1,0,6,Autoroute A10,44.927292,-0.470978,17,1,1
202100000873,200Â 181,A01,2,2,1,5,1,8,-1,-1, -1,-1,2021,35.0,2,5,13,0,9,1,1,,3,saint gilles route de D38,0,,2,2,0,1,1,0,2,, -1,1,0,1,80,26,12,2021,00:10,3,30,30032,1,1,0,7,saint gilles route de D38,43.7803,4.5501,0,2,1
202100002795,196Â 773,A01,1,1,2,5,8,0,-1,0,0,-1,2021,18.0,2,1,0,2,1,13,3,,4,RUE BROCA,0,,1,1,1,1,(1),(1),1,, -1,1,-1,5,30,15,12,2021,19:40,5,75,75113,2,2,0,1,RUE BROCA,48.836071,2.346694,19,2,2
202100027092,153Â 290,A01,5,2,1,9,1,0,-1,0,0,-1,2021,18.0,1,2,0,2,4,23,1,,4,AVENUE DES CHAMPS ELYSEES,0,,2,8,0,1,(1),(1),1,, -1,2,0,1,50,25,7,2021,05:16,5,75,75108,2,4,1,4,AVENUE DES CHAMPS ELYSEES,48.873128,2.297064,5,6,3
202100014238,176Â 238,A01,1,1,1,5,2,-1,-1,0,0,-1,2021,22.0,3,1,0,2,1,1,1,,4,,-1,,2,2,0,1,(1),(1),2,, -1,1,0,1,50,10,10,2021,16:15,1,95,95116,1,1,0,1,Chemin du Jacloret,49.1501543427,2.3401717092,16,2,2
202100029610,148Â 858,A01,1,1,1,5,8,0,-1,-1, -1,-1,2021,53.0,1,1,1,0,1,14,1,,4,CLAUDE MONET (avenue),0,,2,2,0,2,0,0,1,, -1,1,0,1,50,10,7,2021,02:45,5,13,13214,2,1,0,1,CLAUDE MONET (avenue),43.325888676,5.3943256567,2,1,1
202100042217,126Â 162,A01,10,3,1,3,0,-1,-1,5,1,2,2021,2.0,1,2,0,1,5,2,1,,4,R HENRI BARBUSSE,0,,1,1,0,1,1,0,1,, -1,1,0,1,50,28,4,2021,12:34,1,94,94044,2,1,0,6,Rue Henri Barbusse,48.750418,2.488485,12,2,1
202100035508,138Â 241,A01,1,1,1,0,2,6,-1,-1, -1,-1,2021,18.0,1,1,0,2,1,26,1,,1,VA007333 LA FAOURETTE A620 Sortie 26,0,,3,6,0,1,9,213,1,, -1,1,0,1,90,8,6,2021,16:05,1,31,31555,2,1,1,2,VA007333 LA FAOURETTE A620 Sortie 26,43.579507,1.405987,16,3,2
202100003052,196Â 315,B01,2,2,1,0,1,4,-1,-1, -1,-1,2021,43.0,2,5,0,2,4,9,1,,1,AUTOROUTE A3,0,,3,5,0,1,5,500,3,, -1,1,0,1,90,14,12,2021,06:25,3,93,93064,1,1,0,2,AUTOROUTE A3,48.88549,2.47207,6,3,2
202100029055,149Â 805,B01,2,2,2,5,2,-1,-1,0,0,-1,2021,24.0,2,1,0,2,1,1,1,,4,721,0,D,2,2,0,1,(1),(1),1,, -1,1,0,1,80,15,7,2021,01:15,2,17,17161,1,1,0,3,route du paradis,46.184344,-1.314043,1,3,2
202100000726,200Â 412,A01,10,3,1,0,0,-1,-1,4,3,1,2021,32.0,2,2,0,1,1,1,1,,7,BELGES. BOULEVARD DES,0,,1,2,0,1,22,600,3,, -1,2,0,1,50,29,12,2021,19:30,5,76,76540,2,2,1,6,BELGES. BOULEVARD DES,49.44584,1.08635,19,2,1
202100035864,137Â 580,A01,10,3,1,0,0,-1,-1,2,5,1,2021,12.0,3,2,0,1,1,1,1,,4,CRS VICTOR HUGO,0,,2,2,0,1,(1),(1),1,, -1,1,0,1,30,7,6,2021,16:20,1,33,33039,2,1,0,6,CRS VICTOR HUGO,44.80928,-0.56227,16,2,1
202100051774,109Â 154,B01,1,1,1,1,1,8,-1,-1, -1,-1,2021,56.0,1,2,0,2,3,11,1,,4,CEDRES(ALLEE DES),0,,2,2,0,1,(1),(1),2,, -1,1,3,1,30,11,2,2021,05:55,1,974,97416,1,9,0,3,CEDRES(ALLEE DES),-21.3047422062,55.4264330864,5,2,2
202100000921,200Â 101,B01,1,1,1,9,1,-1,-1,0,0,-1,2021,67.0,2,2,0,2,3,1,1,,3,902,-1,,2,2,0,1,27,233,1,, -1,2,0,1,70,30,12,2021,10:42,1,50,50648,1,2,1,1,Tapotin,49.500514,-1.499945,10,3,2
202100033802,141Â 342,A01,1,1,1,5,1,8,-1,-1, -1,-1,2021,83.0,3,2,0,0,1,14,1,,4,ACACIAS (RUE DES) NÂ°2 A 16 ET 1 A 3,0,,2,1,0,1,(1),(1),1,, -1,1,0,1,50,16,6,2021,11:45,1,71,71153,2,1,0,7,NÂ°2 A 16 ET 1 A 3 rue des acacias,46.796472,4.429184,11,1,1
202100025107,156Â 776,A01,1,1,1,5,8,0,-1,-1, -1,-1,2021,83.0,1,2,15,2,3,13,1,,7,PAIX (AVENUE DE LA),0,,2,2,0,1,9,550,1,, -1,1,6,4,50,6,8,2021,15:00,1,83,83062,2,1,0,5,PAIX (AVENUE DE LA),43.128137,6.008677,15,3,3
202100003061,196Â 288,A01,4,2,1,5,8,8,-1,-1, -1,-1,2021,20.0,1,2,8,0,1,14,1,,2,CRIQUE FOUILLEE (ROND POINT),0,,-1,2,0,1,4,100,1,, -1,2,0,1,50,13,12,2021,02:50,5,973,97302,1,1,1,7,CRIQUE FOUILLEE (ROND POINT),4.8969230348,-52.3284959794,2,4,1
202100044193,122Â 681,B01,1,1,1,5,2,-1,-1,0,0,-1,2021,42.0,2,1,0,2,1,1,1,,3,193,-1,,2,2,0,1,0,60,1,, -1,1,0,1,30,14,4,2021,11:30,1,80,80010,2,1,0,1,9 Rue Sadi Carnot,49.756281,2.362552,11,3,2
202100000316,201Â 153,A01,1,1,1,0,2,6,-1,-1, -1,-1,2021,25.0,3,1,2,0,8,1,1,,4,FELIX GOUIN AVENUE,0,,2,4,0,1,0,0,1,, -1,1,0,1,50,29,7,2021,19:10,1,13,13047,2,1,0,6,FELIX GOUIN AVENUE,43.49668,4.98654,19,1,1
202100026849,153Â 727,A01,1,1,2,5,8,0,-1,0,0,-1,2021,21.0,1,1,0,0,0,21,3,,4,BOULEVARD DE L HOPITAL,0,,2,4,3,2,(1),(1),1,, -1,2,0,4,50,27,7,2021,11:35,1,75,75113,2,1,1,7,BOULEVARD DE L HOPITAL,48.835764,2.358905,11,1,1
202100056417,101Â 056,B01,1,1,2,4,1,8,-1,0,0,-1,2021,57.0,1,2,0,2,4,2,1,,4,PORTE DOREE,0,,1,4,0,1,32,900,1,, -1,1,0,1,70,2,1,2021,18:50,5,75,75112,2,1,0,4,PORTE DOREE,48.837877,2.412721,18,3,3
202100048075,115Â 815,B01,1,1,1,5,2,6,-1,0,0,-1,2021,32.0,2,1,0,2,1,1,1,,3,,0,,2,2,0,2,46,763,1,, -1,1,0,1,50,15,3,2021,09:35,1,85,85089,2,3,0,5,162 Rue Nationale,46.710041,-1.319663,9,3,3
202100045901,119Â 709,A01,10,3,1,2,0,-1,-1,2,3,1,2021,13.0,2,1,0,1,1,1,1,,4,AV MAURICE THOREZ,0,,1,2,1,2,1,0,1,, -1,2,0,1,50,25,3,2021,08:55,1,94,94041,2,1,1,1,Avenue Maurice Thorez,48.811891,2.381951,8,4,2
202100019748,166Â 343,A01,1,1,1,0,1,0,-1,-1, -1,-1,2021,30.0,2,2,0,2,3,13,0,,4,GENEVE (RUE DE),0,,2,2,0,1,0,0,1,, -1,2,0,1,50,9,9,2021,21:15,5,93,93027,2,1,0,3,Rue de GenÃ¨ve,48.9246626256,2.3786579138,21,5,2