Num_Acc,id_vehicule,num_veh,place,catu,sexe,trajet,secu1,secu2,secu3,locp,actp,etatp,year_acc,victim_age,senc,catv,obs,obsm,choc,manv,motor,occutc,catr,voie,v1,v2,circ,nbv,vosp,prof,pr,pr1,plan,lartpc,larrout,surf,infra,situ,vma,jour,mois,an,hrmn,lum,dep,com,agg_,int,atm,col,adr,lat,long,hour,nb_victim,nb_vehicules
202100032749,143Â 232,B01,1,1,1,5,2,-1,-1,0,0,-1,2021,55.0,2,1,0,2,1,0,5,,3,10,0,D,2,2,0,1,10,0,1,,4,1,0,1,80,23,6,2021,11:00,1,63,63229,1,2,0,3,Vassel (route de),45.777162,3.350422,11,2,2
202100008888,185Â 853,B01,1,1,1,1,2,-1,-1,0,0,-1,2021,18.0,2,1,0,2,1,1,1,,3,103,0,,2,2,0,1,13,63,1,, -1,1,0,1,80,29,6,2021,09:30,1,7,7058,1,4,0,1,Route de Largentiere,44.551332,4.31935,9,2,2
202100019362,167Â 020,B01,1,1,2,5,2,0,-1,0,0,-1,2021,44.0,3,1,0,2,7,26,0,,3,HALTE (ROND-POINT),0,,1,1,0,2,9,699,1,, -1,1,0,1,50,12,9,2021,10:20,1,6,6069,2,6,0,3,HALTE (ROND-POINT),43.641463,6.911282,10,2,2
202100021303,163Â 576,A01,10,3,2,1,0,-1,-1,3,3,1,2021,67.0,1,2,0,1,1,1,2,,4,BOIS GUIMIER (AV DU),0,,-1,1,0,1,0,0,1,, -1,1,0,1,30,2,9,2021,12:20,1,94,94068,2,2,0,1,BOIS GUIMIER (AV DU),48.8034,2.48038,12,2,1
202100054506,104Â 345,A01,1,1,2,3,1,-1,-1,0,0,-1,2021,38.0,1,2,7,0,0,13,1,,3,993,0,,2,2,0,1,46,250,2,, -1,1,0,3,80,19,1,2021,14:00,1,12,12243,1,1,0,6,RD 993,44.015079,2.93557,14,1,1
202100000389,201Â 011,A01,4,2,2,5,0,-1,-1,0,0,-1,2021,18.0,3,2,2,0,1,1,1,,4,,-1,,2,2,0,1,(1),(1),1,,4,1,0,3,80,31,12,2021,23:00,3,35,35285,2,1,0,6,La vallÃ©e,47.76223,-1.979637,23,3,1
202100046509,118Â 651,B01,1,1,1,1,2,6,-1,-1, -1,-1,2021,63.0,2,1,0,2,1,21,1,,3,SOULT (AVENUE MARECHAL),0,,3,4,3,1,8,100,1,, -1,1,5,1,50,26,3,2021,06:37,5,64,64102,2,3,0,3,SOULT (AVENUE MARECHAL),43.4851885246,-1.494010413,6,2,2
202100032951,142Â 857,A01,1,1,1,0,2,-1,-1,0,0,-1,2021,25.0,1,1,0,2,1,1,1,,3,9,0,,2,2,0,1,7,200,1,, -1,1,0,1,80,22,6,2021,20:00,1,30,30141,1,1,0,6,route dÃ©partemntale D 9,44.100249,4.663455,20,2,2
202100009314,185Â 055,A01,1,1,1,1,2,0,-1,-1, -1,-1,2021,33.0,3,1,0,2,1,2,0,,4,HENRI BARBUSSE (RUE),0,,1,1,0,1,0,0,1,, -1,1,0,1,50,5,11,2021,22:15,5,93,93005,2,2,0,3,HENRI BARBUSSE (RUE),48.9291669698,2.489367598,22,2,2
202100046218,119Â 154,A01,10,3,2,0,0,-1,-1,1,3,1,2021,79.0,2,2,0,1,1,9,1,,4,CRIVELLI (RUE),0,,1,1,0,1,0,0,1,, -1,1,0,1,50,27,3,2021,17:30,1,83,83069,2,1,0,6,CRIVELLI (RUE),43.1184109132,6.129632748,17,2,1
202100007711,187Â 974,A01,10,3,1,5,0,-1,-1,1,9,1,2021,84.0,2,2,6,1,3,4,2,,4,,-1,,2,1,0,1,(1),(1),1,,3,1,0,1,30,17,11,2021,16:00,1,37,37156,2,1,0,6,62 Rue Madeleine Vernet,47.3885348512,0.8459060267,16,2,1
202100024914,157Â 127,B01,1,1,1,0,8,0,-1,-1, -1,-1,2021,39.0,1,1,0,2,1,1,3,,4,,0,,1,2,1,1,0,0,1,, -1,1,0,5,50,9,8,2021,17:15,1,92,92050,2,1,0,3,PORT RUE DU,48.89381,2.17777,17,2,2
202100040530,129Â 161,A01,10,3,2,0,0,-1,-1,2,3,1,2021,22.0,0,2,0,1,1,15,1,,4,,0,,2,2,0,1,0,0,1,, -1,2,0,1,50,10,5,2021,08:20,1,92,92033,2,3,1,6,MARQUIS DE MORES,48.8512839985,2.1922825836,8,2,1
202100031100,146Â 150,A01,10,3,2,9,0,-1,-1,3,3,1,2021,57.0,2,2,0,1,3,1,1,,4,CHATRE (AV DE LA) DU 281 AU 1,0,,2,2,0,1,(1),(1),1,, -1,1,0,1,50,3,6,2021,16:09,1,36,36044,2,1,0,6,217 Avenue de la ChÃ¢tre,46.8037984289,1.7152412325,16,2,1
202100032877,142Â 999,B01,1,1,2,5,1,0,-1,-1, -1,-1,2021,43.0,3,2,0,2,4,0,1,,4,ALBERT 1ER (RUE ALBERT 1ER),0,,2,1,1,1,(1),(1),1,, -1,1,0,1,50,22,6,2021,13:30,1,45,45234,2,1,0,2,Rue Albert 1er,47.907661,1.906424,13,2,2
202100033870,141Â 219,A01,1,1,1,1,2,6,-1,0,0,-1,2021,50.0,1,1,0,2,1,3,1,,4,PORTE DE PASSY,0,,1,4,0,1,13,700,1,, -1,1,0,1,70,17,6,2021,13:30,1,75,75116,2,1,0,2,PORTE DE PASSY,48.858742,2.261929,13,2,2
202100022731,160Â 968,B01,1,1,1,1,2,0,-1,-1, -1,-1,2021,34.0,1,1,0,2,0,0,1,,4,SAUTEL  BOULEVARD ANDRE,0,,3,4,3,1,(1),(1),1,, -1,1,0,1,50,24,8,2021,08:59,1,17,17300,2,1,0,2,SAUTEL  BOULEVARD ANDRE,46.16795,-1.13276,8,2,2
202100029807,148Â 509,B01,1,1,2,9,1,8,-1,-1, -1,-1,2021,49.0,3,2,0,2,1,15,1,,7,BENOIT FERNAND (AV),0,,2,2,1,1,0,0,1,, -1,1,0,1,50,8,7,2021,18:46,1,13,13001,2,4,0,3,BENOIT FERNAND (AV),43.55043,5.43863,18,2,2
202100004716,193Â 347,A01,10,3,2,5,0,-1,-1,2,3,1,2021,84.0,2,5,0,1,3,15,1,,4,GENERAL DE GAULLE (AVENUE DU),0,,2,2,0,1,(1),(1),1,, -1,2,0,1,50,3,12,2021,15:10,1,77,77305,2,3,1,6,GENERAL DE GAULLE (AVENUE DU),48.38182,2.95138,15,2,1
202100002250,197Â 762,A01,1,1,1,0,8,0,-1,0,0,-1,2021,24.0,2,2,2,0,3,25,1,,4,LOGES (RUE DES),0,,-1,3,0,1,(1),(1),1,, -1,1,0,1,50,18,12,2021,04:45,4,35,35055,2,9,0,6,Rue des Loges,48.08746,-1.62578,4,1,1
202100024839,157Â 256,A01,1,1,1,0,1,0,-1,-1, -1,-1,2021,21.0,2,2,4,0,1,21,1,,1,AUTOROUTE A86,0,,3,2,0,1,15,800,2,, -1,2,0,1,50,10,8,2021,08:20,1,93,93027,1,1,1,6,AUTOROUTE A86,48.92288,2.3806,8,1,1
202100008577,186Â 404,B01,2,2,1,5,1,-1,-1,-1, -1,-1,2021,68.0,1,2,0,2,6,1,1,,7,RD383   11.750 A 14.250,0,,3,8,0,1,13,800,1,, -1,1,0,1,70,7,11,2021,09:00,1,69,69259,1,1,0,4,RD383   11.750 A 14.250,45.71789,4.86537,9,6,3
202100001525,199Â 072,A01,10,3,1,5,0,-1,-1,3,3,1,2021,74.0,3,2,0,1,1,2,1,,4,,-1,,2,2,0,1,(1),(1),1,,4,1,0,1,50,23,12,2021,15:20,1,42,42149,2,3,1,6,Rue du Rival,45.643906,4.235755,15,2,1
202100045025,121Â 244,A01,1,1,1,0,8,0,-1,-1, -1,-1,2021,25.0,3,1,0,2,3,1,1,,4,DE LATTRE DE TASSIGNY,0,,2,4,0,1,1,0,1,, -1,1,0,1,50,5,4,2021,16:36,1,49,49007,2,1,0,3,DE LATTRE DE TASSIGNY,47.4527,-0.54127,16,2,2
202100015473,174Â 044,B01,1,1,1,4,2,0,-1,-1, -1,-1,2021,20.0,1,1,0,2,1,1,1,,4,RABAN (ROUTE DE),0,,2,1,0,1,(1),(1),1,, -1,1,0,1,50,2,10,2021,06:00,1,973,97302,2,1,0,7,RABAN (ROUTE DE),4.92243,-52.31262,6,1,1
202100027681,152Â 235,A01,10,3,2,0,0,-1,-1,3,3,2,2021,42.0,1,1,0,1,1,9,1,,4,PARIS ( ROUTE DE ),0,,1,2,0,1,(1),(1),1,, -1,1,0,1,50,11,5,2021,11:50,1,44,44109,2,1,0,6,PARIS ( ROUTE DE ),47.2565510444,-1.5079683942,11,3,1
202100034788,139Â 530,A01,10,3,2,5,0,-1,-1,5,9,1,2021,52.0,3,1,0,1,4,25,1,,4,RUE DE ROCROY,0,,2,2,0,1,(1),(1),1,, -1,1,0,4,30,12,6,2021,14:38,1,75,75110,2,2,0,6,RUE DE ROCROY,48.880815,2.351174,14,2,1
202100049986,112Â 392,A01,1,1,2,5,1,0,-1,-1, -1,-1,2021,24.0,1,2,0,2,3,10,1,,3,ROUTE DEPARTEMENTALE 15,0,,2,2,0,1,0,500,1,, -1,1,0,1,50,26,2,2021,16:00,1,972,97213,1,1,0,3,ROUTE DEPARTEMENTALE 15,14.61461,-61.00463,16,4,2
202100028004,151Â 647,A01,1,1,1,5,2,6,9,0,0,-1,2021,20.0,0,1,12,0,1,1,1,,3,916,-1,,2,2,0,3,12,255,1,, -1,1,0,1,50,20,7,2021,18:50,1,76,76312,2,1,1,7,Rue de l Abreuvoir,49.488103,1.725465,18,1,1
202100011739,180Â 742,B01,1,1,1,0,2,6,-1,-1, -1,-1,2021,56.0,2,1,0,2,1,21,1,,1,AUTOROUTE A6,0,,3,6,0,2,18,750,1,, -1,1,0,1,110,22,10,2021,13:35,1,91,91434,1,1,0,2,AUTOROUTE A6,48.6690193032,2.3516964912,13,2,2
202100003253,195Â 947,A01,1,1,1,5,1,0,-1,0,0,-1,2021,22.0,3,2,8,0,8,1,1,,4,FAUCONNIERES ROUTE DE,0,,2,2,0,1,(1),(1),3,, -1,1,0,3,50,12,12,2021,08:15,3,26,26362,1,1,0,6,Route de FauconniÃ¨res ,44.945725,4.943621,8,1,1
202100045153,121Â 021,B01,1,1,1,0,2,0,-1,-1, -1,-1,2021,27.0,-1,1,0,2,8,15,1,,3,PARIS (RUE DE),0,,2,5,0,1,0,1,1,, -1,1,0,1,50,4,4,2021,18:25,1,93,93031,2,2,0,3,PARIS (RUE DE),48.954757898,2.3078491239,18,2,2
202100030452,147Â 343,B01,1,1,1,0,1,-1,-1,0,0,-1,2021,67.0,2,2,0,2,1,1,1,,2,2,-1,,2,3,0,2,114,500,2,, -1,2,0,1,80,7,7,2021,11:15,1,974,97412,1,1,1,1,Route de la Grande Corniche,-21.372812,55.593039,11,4,3
202100045199,120Â 947,D01,3,2,2,5,1,0,-1,-1, -1,-1,2021,51.0,2,2,0,2,4,2,1,,1,A507 sens Aubagne- Marseille,0,,1,3,0,1,3,769,1,, -1,1,0,1,70,4,4,2021,12:05,1,13,13213,1,1,0,5,A507 sens Aubagne- Marseille,43.329821,5.405346,12,8,5
202100015900,173Â 250,A01,1,1,1,5,2,8,-1,-1, -1,-1,2021,33.0,1,1,12,0,2,21,1,,4,SEMBAT (RUE MARCEL),0,,2,2,0,1,(1),(1),1,, -1,1,0,3,50,28,9,2021,18:00,1,56,56098,2,1,0,6,SEMBAT (RUE MARCEL),47.76325,-3.34602,18,1,1
202100019763,166Â 320,A01,1,1,1,5,1,-1,-1,0,0,-1,2021,21.0,2,5,6,0,1,1,1,,3,130,0,D,2,2,0,1,23,350,3,, -1,1,0,3,80,5,9,2021,03:30,3,56,56125,1,1,0,6,L Ãchantillon,48.063275,-3.002889,3,1,1
202100006706,189Â 794,B01,2,2,2,0,1,0,-1,-1, -1,-1,2021,17.0,1,2,0,2,6,1,1,,4,LOMBARDS (AVENUE),0,,2,2,0,1,(1),(1),1,, -1,2,0,1,50,21,11,2021,20:15,5,10,10387,2,3,1,3,LOMBARDS (AVENUE),48.26882,4.08525,20,3,2
202100034545,139Â 978,B01,1,1,1,0,1,0,-1,-1, -1,-1,2021,29.0,2,2,0,2,4,1,1,,1,A13,0,,1,3,0,1,48,2000,1,, -1,1,0,1,110,14,6,2021,07:45,1,78,78362,1,1,0,2,A13,48.975538,1.724147,7,3,2
202100025188,156Â 639,B01,1,1,1,5,0,-1,-1,0,0,-1,2021,13.0,3,1,0,2,1,17,5,,4,,-1,,2,1,0,2,(1),(1),4,,3,1,0,1,50,6,8,2021,14:40,1,29,29273,1,1,0,5,Traon Meur,48.706818,-4.015326,14,4,3
202100039988,130Â 117,B01,1,1,2,1,1,-1,-1,0,0,-1,2021,39.0,3,2,0,2,3,1,1,,4,,-1,,2,2,0,1,(1),(1),1,,"3,5",1,0,1,80,14,5,2021,13:40,1,79,79123,1,1,0,1,L'AuziziÃ¨re,46.734063,-0.67619,13,2,2
202100036529,136Â 421,A01,1,1,1,5,1,-1,-1,0,0,-1,2021,22.0,1,2,6,0,3,13,1,,3,9,0,,2,2,0,1,12,0,3,, -1,1,0,3,50,4,6,2021,22:45,5,8,8370,2,1,0,6,Route de Servion,49.787869,4.496514,22,1,1
202100030704,146Â 875,B01,1,1,1,5,1,1,-1,0,0,-1,2021,51.0,1,2,0,2,6,1,1,,4,IEKAWE (RUE JACQUES),0,,2,2,0,1,0,0,1,, -1,1,0,1,50,3,7,2021,01:35,5,988,98818,2,3,0,2,RUE JACQUES IEKAWE/RUE MAX MEYER,-22.22285,166.48128,1,2,2
202100030760,146Â 776,A01,10,3,1,0,0,-1,-1,5,1,2,2021,2.0,2,2,0,1,2,16,1,,4,CHAMPVERT (DE)                      (R ),0,,2,2,0,1,(1),(1),1,, -1,2,0,4,50,3,7,2021,16:00,1,69,69385,2,3,0,6,CHAMPVERT (DE) (R),45.75828,4.79505,16,2,1
202100041454,127Â 509,A01,1,1,2,5,2,6,-1,0,0,-1,2021,50.0,1,1,0,2,3,1,1,,3,560,0,,2,2,0,1,31,500,2,, -1,1,0,1,80,27,3,2021,14:50,1,83,83025,1,1,0,3,D560,43.526086,5.960941,14,2,2
202100049640,113Â 012,B01,1,1,1,5,2,8,-1,-1, -1,-1,2021,23.0,3,1,0,2,8,1,5,,3,CD72,0,,2,2,0,1,1,898,1,, -1,1,0,1,80,1,3,2021,16:28,1,41,41295,1,4,0,1,PLACE (RUE DE LA),47.59681,1.37923,16,2,2
202100044468,122Â 207,A01,10,3,1,5,0,-1,-1,1,B,1,2021,44.0,1,2,0,1,1,1,1,,4,BOISSON (BOULEVARD),0,,1,1,0,1,(1),(1),1,, -1,2,0,1,50,10,4,2021,18:30,1,13,13204,2,1,1,6,BOISSON (BOULEVARD),43.299851,5.403892,18,2,1
202100003313,195Â 845,A01,10,3,2,5,0,-1,-1,4,3,1,2021,82.0,3,2,0,1,1,0,1,,6,,-1,,-1,0,0,1,(1),(1),1,,0,2,0,1,50,9,12,2021,17:30,5,22,22070,2,7,1,6,Place du Vally,48.559402,-3.149905,17,2,1
202100054060,105Â 115,A01,10,3,1,5,0,-1,-1,3,3,2,2021,64.0,2,2,0,1,1,1,1,,4,ARDENNES ( BOULEVARD DES ),0,,2,2,0,4,1,0,1,, -1,2,0,1,50,22,1,2021,08:00,2,55,55029,2,1,1,6,ARDENNES ( BOULEVARD DES ),48.78187,5.16713,8,2,1
202100008412,186Â 698,A01,1,1,1,5,2,6,-1,0,0,-1,2021,54.0,2,1,0,2,1,1,1,,7,65,0,D,2,2,0,1,0,767,1,, -1,1,0,1,-1,13,11,2021,09:18,1,34,34327,1,3,0,3,D65,43.662714,3.978907,9,2,2
202100008014,187Â 407,A01,1,1,2,9,1,0,-1,-1, -1,-1,2021,18.0,1,2,0,0,1,26,1,,1,MALMOUCHE RUE ET CHEMIN,0,,2,2,0,1,1,0,1,, -1,1,0,1,50,14,11,2021,17:56,1,49,49267,2,1,0,7,,47.46849,-0.51489,17,1,1
202100051739,109Â 211,A01,1,1,1,1,1,-1,-1,0,0,-1,2021,20.0,2,2,6,0,7,0,1,,3,128,-1,,2,2,0,1,(1),(1),1,, -1,1,0,8,70,11,2,2021,19:00,3,87,87143,1,1,0,6,42 Rue la Croix des Charriers,45.903814,1.155099,19,1,1
202100019593,166Â 610,A01,1,1,1,5,2,-1,-1,0,0,-1,2021,17.0,1,1,2,0,2,1,1,,3,D1082,-1,,2,2,0,1,28,900,2,, -1,1,0,4,50,12,9,2021,10:30,1,42,42094,2,1,0,6,Boulevard de l Hippodrome,45.741177617,4.2183941205,10,1,1
202100038078,133Â 597,A01,1,1,1,0,1,-1,-1,0,0,-1,2021,42.0,1,2,13,0,1,1,1,,3,7,-1,,2,2,0,1,94,570,2,, -1,1,0,3,80,27,5,2021,20:45,1,76,76363,1,1,0,6,D7,49.883347,1.711786,20,2,1
202100046128,119Â 311,B01,1,1,2,5,2,8,-1,-1, -1,-1,2021,57.0,3,1,0,2,5,15,0,,7,CEINTURE DE CAMPS MAJOR (CHEMIN DE),0,,1,2,2,1,0,0,2,, -1,1,5,1,30,29,3,2021,14:15,1,13,13005,2,6,0,3,CEINTURE DE CAMPS MAJOR (CHEMIN DE),43.29651,5.58282,14,2,2
202100049164,113Â 875,C01,1,1,2,5,1,-1,-1,0,0,-1,2021,29.0,2,2,0,2,1,1,1,,2,102,0,A,2,2,0,1,47,500,3,, -1,2,0,1,80,5,3,2021,13:45,1,43,43095,1,1,1,5,RN 102,45.150995,3.6569,13,4,3
202100045865,119Â 771,A01,1,1,1,9,8,-1,-1,0,0,-1,2021,29.0,1,2,8,0,1,21,1,,2,2,-1,,2,2,0,1,(1),(1),3,, -1,1,0,1,70,30,3,2021,06:45,1,971,97129,1,1,0,7,Rn 2 ComtÃ© de LohÃ©ac,16.339437,-61.716945,6,1,1
202100034542,139Â 985,B01,1,1,2,1,1,0,-1,-1, -1,-1,2021,25.0,2,2,0,2,1,2,1,,1,AUTOROUTE A6,0,,-1,3,0,1,30,0,1,, -1,1,0,1,110,14,6,2021,05:10,2,91,91659,1,1,0,5,AUTOROUTE A6,48.5903,2.4465,5,3,3
202100028688,150Â 442,A01,1,1,1,1,2,6,-1,0,0,-1,2021,49.0,1,1,0,2,1,2,1,,4,VOIE GEORGES POMPIDOU,0,,1,3,0,2,(1),(1),1,, -1,1,0,1,30,16,7,2021,13:15,1,75,75112,2,1,0,2,VOIE GEORGES POMPIDOU,48.845954,2.36619,13,2,2
202100038595,132Â 649,A01,1,1,1,5,1,0,-1,-1, -1,-1,2021,22.0,1,2,6,0,1,1,1,,2,RN104,0,,3,6,0,1,21,0,3,, -1,2,2,1,90,24,5,2021,09:30,1,77,77122,1,1,1,6,RN104,48.65245,2.61383,9,1,1
202100029098,149Â 736,A01,2,2,1,9,1,8,-1,-1, -1,-1,2021,28.0,3,2,0,2,1,14,2,,4,BEULET (RUE DU),0,,3,2,0,1,0,1,1,, -1,1,0,1,50,12,7,2021,18:48,1,74,74012,2,1,0,2,BEULET (RUE DU),46.19127,6.23968,18,3,2
202100044821,121Â 599,B01,1,1,1,4,1,0,-1,-1, -1,-1,2021,54.0,1,2,0,2,6,15,0,,4,ECOLE MATERNELLE  (RUE DE L'ECOLE MATERN,0,,1,1,0,1,(1),(1),1,, -1,1,0,1,50,7,4,2021,09:40,1,45,45169,2,1,0,2,Rue de lâEcole Maternelle,47.9203217722,1.8283324909,9,2,2
202100004153,194Â 321,A01,1,1,1,1,1,-1,-1,0,0,-1,2021,18.0,2,2,13,0,3,1,1,,3,41,-1,,2,2,0,2,18,0,2,, -1,7,0,3,90,8,12,2021,16:40,2,19,19171,1,1,1,7,La vialle RD.41,45.02242,1.893838,16,1,1
202100005265,192Â 372,B01,1,1,2,5,1,8,-1,-1, -1,-1,2021,27.0,1,2,0,2,5,2,1,,4,PRESIDENT WILSON (BOULEVARD),0,,3,5,3,1,0,0,1,, -1,2,0,1,50,1,12,2021,17:40,5,67,67482,2,1,1,2,PRESIDENT WILSON (BOULEVARD),48.58654,7.73776,17,2,2
202100032792,143Â 161,A01,1,1,1,0,0,-1,-1,0,0,-1,2021,24.0,1,2,1,0,1,1,1,,3,932,-1,A,2,2,0,3,0,100,3,, -1,1,0,4,50,24,6,2021,00:15,5,60,60138,2,4,0,6,Route de Compiegne,49.215849,2.596759,0,1,1
202100047107,117Â 566,A01,1,1,1,0,1,0,-1,-1, -1,-1,2021,24.0,2,2,3,0,1,2,1,,1,AUTOROUTE A2,0,,3,4,0,1,62,500,1,, -1,1,0,1,110,20,3,2021,03:00,3,59,59383,1,1,0,6,AUTOROUTE A2,50.33929,3.533969,3,1,1
202100028253,151Â 192,A01,1,1,1,1,2,6,9,0,0,-1,2021,53.0,1,1,0,6,1,1,1,,3,15,-1,,2,2,0,1,21,124,1,, -1,1,0,1,80,16,7,2021,06:55,2,31,31395,1,1,0,6,Rue de Gascogne,43.456766,1.292921,6,1,1
202100031426,145Â 569,B01,1,1,1,4,2,0,-1,0,0,-1,2021,34.0,2,1,0,2,1,17,1,,4,RUE LA FAYETTE,0,,2,2,0,1,(1),(1),1,, -1,1,2,1,50,1,7,2021,11:10,1,75,75110,2,1,0,3,RUE LA FAYETTE,48.880051,2.359882,11,2,2
202100027966,151Â 714,A01,1,1,1,1,2,0,-1,0,0,-1,2021,38.0,1,1,0,2,4,2,5,,4,PLACE DU COLONEL FABIEN,0,,1,3,0,1,(1),(1),1,, -1,1,0,1,50,20,7,2021,19:10,1,75,75110,2,7,0,4,PLACE DU COLONEL FABIEN,48.877745,2.370135,19,3,3
202100016745,171Â 691,B01,1,1,1,5,2,-1,-1,0,0,-1,2021,18.0,0,1,0,2,1,19,1,,2,7,-1,,1,2,1,1,25,700,1,, -1,1,5,1,50,24,8,2021,19:10,1,38,38298,2,2,0,3,Avenue Jacques PrÃ©vert,45.371259,4.801165,19,2,2
202100018042,169Â 377,A01,10,3,2,3,0,-1,-1,3,3,1,2021,74.0,2,2,0,1,1,15,1,,3,940,0,,2,2,0,1,92,200,1,, -1,1,6,1,50,18,9,2021,10:45,1,62,62645,2,1,0,6,Avenue Paul Machy,50.978058,2.042481,10,2,1
202100051202,110Â 151,A01,10,3,2,5,8,8,-1,1,9,1,2021,19.0,2,2,0,1,2,1,1,,3,986,0,,2,2,0,1,352,0,1,, -1,1,0,1,50,17,2,2021,18:30,1,92,92050,2,1,0,6,REPUBLIQUE AVENUE DE LA,48.9113630278,2.2217045724,18,2,1
202100002600,197Â 134,B01,1,1,1,1,8,-1,-1,-1, -1,-1,2021,17.0,1,1,0,2,8,9,1,,2,AUTOROUTE A46 ROCADE EST - RN 346   (XX),0,,1,1,0,2,39,800,2,, -1,2,3,1,50,16,12,2021,07:15,5,69,69290,2,6,1,3,EST (ROC) RN 346,45.71399,4.96786,7,2,2
202100004379,193Â 931,A01,10,3,1,0,0,-1,-1,6,3,1,2021,46.0,2,4,0,1,0,0,0,,1,AUTOROUTE A104,0,,1,4,0,1,5,900,1,, -1,2,0,1,90,7,12,2021,04:04,3,93,93078,1,1,0,6,AUTOROUTE A104,48.9654,2.556,4,2,1
202100034950,139Â 233,A01,4,2,2,5,1,8,-1,-1, -1,-1,2021,19.0,1,2,8,0,0,13,1,,3,CORBARIEU D 21 (ROUTE DE),0,,2,2,0,1,4,50,3,, -1,1,0,1,70,11,6,2021,21:00,1,82,82121,2,1,0,6,CORBARIEU D 21 (ROUTE DE),43.981587,1.355964,21,3,1
202100034119,140Â 774,A01,10,3,1,0,0,-1,-1,1,3,1,2021,64.0,1,4,0,1,2,1,1,,3,PARIS (RUE DE),0,,2,2,0,1,1,0,1,, -1,1,0,1,50,16,6,2021,14:46,1,93,93048,2,1,0,6,PARIS (RUE DE),48.8563656595,2.4267581105,14,2,1
202100027957,151Â 728,A01,1,1,2,5,1,0,-1,0,0,-1,2021,26.0,1,2,0,2,2,1,1,,4,RUE DE LA TERRASSE,0,,1,1,0,1,(1),(1),1,, -1,1,0,1,50,20,7,2021,17:30,1,75,75117,2,1,0,3,RUE DE LA TERRASSE,48.88163,2.312944,17,2,2
202100022529,161Â 359,A01,1,1,1,3,2,-1,-1,0,0,-1,2021,15.0,1,1,0,2,7,15,1,,3,907,-1,,2,2,0,1,6,(1),1,, -1,1,0,1,30,26,8,2021,19:45,2,50,50029,2,2,1,1,Rue Robert Shumann,48.599391,-0.833277,19,2,2
202100026549,154Â 242,A01,1,1,1,5,0,-1,-1,0,0,-1,2021,61.0,1,1,13,0,1,0,5,,3,164,0,D,2,2,0,2,0,0,3,, -1,1,0,3,80,30,7,2021,12:50,1,84,84123,1,1,0,6,D164,44.111976,5.3931,12,1,1
202100005038,192Â 782,B01,1,1,1,5,1,0,-1,-1, -1,-1,2021,39.0,1,2,0,2,1,1,1,,4,RUE ROGER SALENGRO,0,,1,1,0,1,0,100,1,, -1,1,0,1,50,2,12,2021,14:50,1,91,91657,2,3,0,3,RUE ROGER SALENGRO,48.703261,2.434545,14,2,2
202100001321,199Â 400,A01,1,1,2,1,5,1,-1,0,0,-1,2021,28.0,2,2,0,2,1,1,1,,3,323,-1,,2,3,0,1,70,200,1,, -1,2,0,1,90,28,12,2021,07:55,2,72,72230,1,1,1,2,La ChÃªnaie,47.853843,0.098727,7,2,2
202100029250,149Â 474,A01,1,1,1,5,1,4,-1,-1, -1,-1,2021,84.0,2,2,0,2,2,26,1,,1,AUTOROUTE A6,0,,1,3,0,1,22,200,1,, -1,2,0,1,110,12,7,2021,23:35,3,91,91286,1,1,1,2,AUTOROUTE A6,48.64714,2.38739,23,2,2
202100017308,170Â 715,A01,2,2,2,5,1,-1,-1,0,0,-1,2021,22.0,2,2,0,2,1,1,1,,3,36,0,,2,2,0,1,2,800,1,, -1,1,0,1,80,23,9,2021,14:50,1,38,38110,1,1,0,5,D36,45.589507,4.862523,14,4,3
202100006708,189Â 790,A01,10,3,1,0,0,-1,-1,3,3,1,2021,68.0,1,2,0,1,8,15,1,,3,LERIDA (AVENUE DE),0,,1,1,0,2,41,142,2,, -1,2,0,1,50,22,11,2021,18:20,5,9,9122,2,9,0,6,LERIDA (AVENUE DE),42.965499,1.60063,18,2,1
202100006598,190Â 002,A01,10,3,2,0,0,-1,-1,2,3,1,2021,24.0,3,2,1,1,1,0,1,,4,MAURICE BERTEAUX (QUAI),0,,2,0,0,1,(1),(1),1,, -1,1,0,1,50,23,11,2021,10:15,1,78,78481,2,9,0,6,MAURICE BERTEAUX (QUAI),48.89745,2.106952,10,2,1
202100047788,116Â 330,A01,1,1,1,5,2,8,-1,-1, -1,-1,2021,21.0,1,1,14,0,1,13,3,,4,SAINTE  ANNE (RUE),0,,2,2,0,2,(1),(1),1,, -1,1,0,1,50,15,3,2021,23:00,5,56,56162,2,1,0,6,SAINTE  ANNE (RUE),47.73873,-3.41887,23,1,1
202100021190,163Â 787,A01,1,1,1,5,2,6,9,0,0,-1,2021,60.0,1,1,0,2,1,2,1,,3,D917,0,,2,2,1,1,(1),(1),1,, -1,1,0,1,70,4,9,2021,12:25,1,59,59411,1,1,0,2,Rue du PavÃ©,50.4900311377,3.1329488754,12,2,2
202100048838,114Â 464,A01,1,1,1,5,1,0,-1,-1,0,-1,2021,20.0,1,2,0,2,9,1,1,,1,AUTOROUTE A15,0,,3,6,0,1,12,600,1,, -1,1,0,1,110,8,3,2021,19:45,3,95,95252,1,1,0,2, A15,48.9862,2.21179,19,2,2
202100037561,134Â 526,A01,1,1,1,0,2,-1,-1,-1, -1,-1,2021,35.0,2,1,0,2,8,1,1,,4,SEBASTIEN GRYPHE                    (R ),0,,1,1,2,1,(1),(1),1,, -1,1,0,1,50,29,5,2021,18:45,1,69,69387,2,2,0,3,SEBASTIEN GRYPHE (R),45.7524,4.84436,18,2,2
202100041670,127Â 119,A01,1,1,2,5,1,-1,-1,0,0,-1,2021,19.0,2,2,13,0,9,14,1,,3,CNO,0,,3,4,0,2,4,300,1,, -1,1,0,1,90,1,5,2021,18:37,1,29,29232,1,1,0,7,Boulevard de la Pointe du Van,48.00708,-4.12522,18,1,1