Num_Acc,id_vehicule,num_veh,place,catu,sexe,trajet,secu1,secu2,secu3,locp,actp,etatp,year_acc,victim_age,senc,catv,obs,obsm,choc,manv,motor,occutc,catr,voie,v1,v2,circ,nbv,vosp,prof,pr,pr1,plan,lartpc,larrout,surf,infra,situ,vma,jour,mois,an,hrmn,lum,dep,com,agg_,int,atm,col,adr,lat,long,hour,nb_victim,nb_vehicules
202100008306,186Â 876,A01,1,1,2,5,1,-1,-1,0,0,-1,2021,19.0,1,2,0,2,1,5,1,,3,974,0,,2,2,0,3,26,634,3,, -1,2,0,1,80,12,11,2021,15:20,1,50,50297,1,1,1,5,La Cote du Poirier,49.155352,-1.109115,15,7,3
202100004897,193Â 035,A01,1,1,1,4,1,0,-1,-1, -1,-1,2021,54.0,2,5,4,0,2,1,1,,1,13,0,,1,2,0,1,2,99,3,, -1,2,0,1,70,4,12,2021,11:10,1,92,92012,1,1,1,6,A13,48.8485446228,2.2283505179,11,1,1
202100018814,168Â 014,B01,1,1,1,0,2,0,-1,-1, -1,-1,2021,32.0,3,1,0,2,1,1,0,,3,BALLANGER ROBERT (AVENUE),0,,3,4,0,1,0,0,1,, -1,2,0,1,50,15,9,2021,17:40,1,93,93078,2,2,1,2,Avenue Robert Ballanger / Avenue Martin Luther King,48.95197,2.52836,17,2,2
202100052954,107Â 064,B01,1,1,1,5,1,-1,-1,0,0,-1,2021,30.0,1,2,0,2,2,1,1,,3,201,0,,2,2,0,1,57,480,2,, -1,2,0,1,80,1,2,2021,16:00,1,68,68021,1,1,1,1,D201,47.623535,7.487419,16,3,2
202100024806,157Â 315,A01,1,1,1,5,2,-1,-1,0,0,-1,2021,34.0,3,6,0,0,3,13,1,,9,68,0,D,2,2,0,3,35,0,1,, -1,1,0,3,50,10,8,2021,11:40,1,18,18223,1,1,0,7,pk 35 D68,47.194131,2.367055,11,1,1
202100027083,153Â 309,A01,1,1,1,4,2,6,-1,0,0,-1,2021,33.0,1,1,0,2,7,3,1,,4,ECHANGEUR MUETTE,0,,1,4,0,1,14,300,1,, -1,1,1,1,70,24,7,2021,09:30,1,75,75116,2,1,0,3,ECHANGEUR MUETTE,48.8635,2.265922,9,2,2
202100034502,140Â 054,A01,2,2,1,5,2,-1,-1,0,0,-1,2021,18.0,1,1,0,2,3,1,1,,3,104,0,,2,2,0,1,12,30,3,, -1,1,0,1,80,14,6,2021,10:15,1,4,4134,1,1,0,1,RD 104,44.338353,6.026484,10,4,2
202100003270,195Â 920,B01,1,1,1,9,1,5,-1,-1, -1,-1,2021,33.0,2,2,0,0,4,2,1,,3,REPUBLIQUE (AVENUE),0,,2,4,1,2,0,1,1,, -1,2,0,1,50,12,12,2021,12:30,1,93,93031,2,1,1,5,REPUBLIQUE (AVENUE),48.948,2.33872,12,4,3
202100032965,142Â 833,A01,1,1,1,5,1,-1,-1,0,0,-1,2021,23.0,2,2,13,0,1,0,1,,3,263,0,D,2,2,0,1,4,600,1,, -1,1,0,8,80,19,6,2021,01:00,3,7,7005,1,1,0,7,D263,44.53991,4.58557,1,1,1
202100012650,179Â 102,A01,1,1,1,5,2,8,-1,-1, -1,-1,2021,26.0,1,1,1,2,1,9,1,,4,PHILIPPE VAN TIEGHEM (RUE),0,,1,0,1,2,(1),(1),1,, -1,1,0,1,50,17,10,2021,16:40,1,59,59043,2,1,0,6,PHILIPPE VAN TIEGHEM (RUE),50.73455,2.7287,16,2,1
202100045605,120Â 213,A01,1,1,1,5,2,8,-1,-1, -1,-1,2021,51.0,1,1,0,2,1,13,1,,7,SAUSSET,0,,2,2,0,1,23,200,3,, -1,2,0,1,90,19,3,2021,17:30,1,13,13056,1,1,1,1,SAUSSET,43.368841,5.084414,17,2,2
202100030999,146Â 322,B01,1,1,2,0,1,0,-1,-1, -1,-1,2021,37.0,1,2,0,2,2,1,1,,4,SAURIA CHARLES (RUE),0,,2,3,0,2,0,0,1,, -1,1,0,1,50,30,6,2021,16:15,1,72,72181,2,1,0,3,SAURIA CHARLES (RUE),48.0339,0.1807,16,2,2
202100032164,144Â 261,A01,9,2,2,5,1,-1,-1,0,0,-1,2021,74.0,2,2,13,2,3,13,1,,3,8,0,,2,2,0,3,21,700,3,, -1,1,0,1,70,26,6,2021,16:25,1,42,42199,1,1,0,1,Route de la CÃ´te Roannaise,46.038684,3.932419,16,4,2
202100010272,183Â 346,A01,10,3,1,5,0,-1,-1,1,3,1,2021,53.0,2,2,0,1,3,1,1,,4,MONTJOVIS (AVENUE),0,,2,2,0,1,0,0,1,, -1,1,0,1,50,28,10,2021,21:17,5,87,87085,2,1,0,6,MONTJOVIS (AVENUE),45.84137,1.2461,21,2,1
202100001349,199Â 347,A01,1,1,2,5,1,8,-1,-1, -1,-1,2021,21.0,2,2,3,0,7,13,1,,2,RN 449,0,,1,2,0,2,0,100,2,, -1,2,0,1,50,25,12,2021,09:45,1,91,91521,1,1,1,7,RN 449,48.63511,2.4056,9,1,1
202100031509,145Â 437,A01,1,1,1,5,2,6,-1,0,0,-1,2021,63.0,2,1,8,0,1,1,1,,3,952,0,,2,2,0,1,12,150,2,, -1,1,0,3,80,2,7,2021,18:19,1,4,4171,1,1,0,6,RD 952,43.804487,6.440992,18,1,1
202100001115,199Â 775,A01,3,2,1,5,3,1,-1,0,0,-1,2021,0.0,3,2,0,2,7,1,1,,4,,-1,,2,2,0,1,(1),(1),3,,4,2,0,1,80,30,12,2021,11:50,1,37,37123,1,1,0,1,rue de l'aurore,47.3755110684,0.3890229017,11,3,2
202100027595,152Â 399,B01,2,1,1,5,2,0,-1,-1, -1,-1,2021,21.0,2,1,0,2,1,1,1,,4,,0,,4,3,0,4,0,0,1,, -1,1,0,1,50,22,7,2021,13:09,1,92,92060,2,3,0,3,PAUL RIVET (RUE) COTE PAIR,48.7839390426,2.2588062286,13,2,2
202100020781,164Â 499,A01,1,1,1,5,2,6,-1,0,0,-1,2021,23.0,1,1,13,0,1,1,1,,3,4,-1,,2,2,0,1,14,700,2,, -1,1,0,3,80,5,9,2021,15:30,1,88,88508,1,1,0,7,,48.166372,6.222671,15,1,1
202100015122,174Â 679,B01,1,1,1,5,8,0,-1,-1, -1,-1,2021,24.0,1,1,0,2,2,14,3,,3,JEAN JAURES (R),0,,2,4,0,1,0,0,1,, -1,1,0,1,50,4,10,2021,23:30,5,94,94046,2,1,0,3,JEAN JAURES (R),48.79246,2.43455,23,2,2
202100034098,140Â 813,A01,1,1,2,9,2,0,-1,0,0,-1,2021,38.0,1,1,0,2,3,23,1,,4,BOULEVARD MASSENA,0,,3,2,0,2,(1),(1),1,, -1,1,0,1,30,15,6,2021,12:40,1,75,75113,2,1,0,3,BOULEVARD MASSENA,48.823462,2.374726,12,2,2
202100020778,164Â 502,A01,2,2,1,5,1,-1,-1,0,0,-1,2021,17.0,1,2,8,0,1,15,1,,3,6,-1,,2,2,0,1,(1),(1),2,, -1,1,0,4,50,5,9,2021,18:30,1,18,18197,2,1,0,6,66 Rue Emile Dumas,46.725172,2.511899,18,2,1
202100023646,159Â 357,A01,1,1,1,1,2,6,-1,0,0,-1,2021,45.0,1,1,12,0,1,2,1,,3,954,0,,1,1,0,1,0,0,2,, -1,1,0,4,80,19,8,2021,13:25,1,28,28121,1,6,0,6,D954,48.095788,1.865305,13,1,1
202100005297,192Â 320,B01,1,1,2,9,1,0,-1,-1, -1,-1,2021,62.0,1,2,0,2,1,26,1,,4,HARDOUINIERES CHEMIN,0,,2,2,0,1,1,0,1,, -1,2,0,1,50,30,11,2021,16:51,1,49,49267,2,3,0,3,HARDOUINIERES CHEMIN,47.47754,-0.49115,16,2,2
202100028955,149Â 970,A01,1,1,1,0,1,4,-1,-1, -1,-1,2021,24.0,2,2,3,0,1,1,1,,1,BDL,0,,3,4,0,2,0,1,3,, -1,2,3,1,70,14,7,2021,10:50,1,93,93027,1,1,1,6,BDL,48.93585,2.40396,10,1,1
202100028595,150Â 604,A01,1,1,2,5,1,0,-1,-1, -1,-1,2021,26.0,1,2,4,0,4,21,1,,1,A4,0,,3,4,0,1,14,199,1,, -1,1,0,1,110,17,7,2021,20:50,1,93,93051,1,1,0,2,A4,48.8355814772,2.5679362605,20,2,2
202100015691,173Â 623,B01,2,2,2,5,8,-1,-1,0,0,-1,2021,32.0,1,2,0,2,4,1,1,,1,35,0,,3,4,0,1,111,600,1,, -1,1,0,1,130,1,10,2021,22:00,3,68,68103,1,1,0,2,A35,47.681195,7.459348,22,4,2
202100016492,172Â 148,B01,1,1,1,5,8,8,-1,-1, -1,-1,2021,25.0,2,1,0,2,1,1,3,,4,HOCHE (RUE),0,,2,2,0,1,0,0,1,, -1,2,0,1,50,26,9,2021,18:35,1,49,49328,2,6,1,3,HOCHE (RUE),47.25306,-0.08041,18,2,2
202100033860,141Â 239,A01,1,1,1,5,1,0,-1,-1, -1,-1,2021,64.0,1,2,0,2,1,1,1,,4,GOUFFE (COURS),0,,2,3,0,1,(1),(1),1,, -1,1,0,1,50,16,6,2021,07:30,1,13,13206,2,2,0,1,GOUFFE (COURS),43.28605,5.38699,7,2,2
202100052583,107Â 735,B01,1,1,1,0,1,0,-1,-1, -1,-1,2021,72.0,1,2,1,2,2,1,1,,3,BD DES ALLIES,0,,1,2,0,1,0,1,1,, -1,1,0,1,50,4,2,2021,14:15,1,94,94022,2,1,0,6,Boulevard des AlliÃ©s,48.76483,2.40497,14,2,1
202100037865,133Â 978,B01,1,1,1,0,2,8,-1,-1, -1,-1,2021,41.0,3,1,0,2,8,1,1,,4,PICASSO (RUE PABLO),0,,1,2,3,1,0,0,1,, -1,1,0,1,50,28,5,2021,16:20,1,93,93008,2,9,0,3,PICASSO (RUE PABLO),48.9090619112,2.4490579963,16,2,2
202100040945,128Â 430,A01,1,1,1,1,2,0,-1,0,0,-1,2021,20.0,3,1,0,2,0,0,0,,7,SAUVAIGO PIERRE AVENUE,0,,2,2,0,3,(1),(1),3,, -1,1,0,1,50,7,5,2021,14:30,1,6,6123,2,1,0,1,SAUVAIGO PIERRE AVENUE,43.66151,7.17928,14,2,2
202100014219,176Â 277,B01,1,1,1,0,8,0,-1,-1, -1,-1,2021,21.0,1,2,0,2,8,1,1,,3,STALINGRAD (BD DE),0,,3,4,0,1,1,0,1,, -1,1,0,1,70,9,10,2021,01:18,5,94,94073,2,1,0,6,Boulevard de Stalingrad,48.7708610313,2.4010062218,1,2,2
202100043227,124Â 389,A01,1,1,2,5,8,-1,-1,0,0,-1,2021,26.0,2,2,15,0,2,14,1,,3,923,0,,2,2,0,3,36,200,1,, -1,1,0,3,80,21,4,2021,23:30,3,18,18084,1,1,0,6,D923,47.464823,2.553248,23,1,1
202100041131,128Â 088,B01,2,2,1,4,1,0,-1,-1, -1,-1,2021,24.0,1,5,8,2,1,1,1,,3,23,0,,2,8,0,1,11,520,1,, -1,1,5,1,90,5,5,2021,17:10,1,1,1289,2,2,0,5,FERME DU SAIX (CHEMIN DES),46.16491,5.22073,17,6,3
202100049737,112Â 841,B01,1,1,1,0,2,0,-1,-1, -1,-1,2021,45.0,2,1,0,2,1,1,1,,4,FRANCIS DE PRESSENSE                (AV),0,,2,2,1,1,(1),(1),1,, -1,1,0,1,50,28,2,2021,16:40,1,69,69259,2,1,0,1,FRANCIS DE PRESSENSE                (AV),45.71387,4.87318,16,2,2
202100003502,195Â 489,B01,1,1,1,0,2,0,-1,-1, -1,-1,2021,47.0,2,1,0,2,1,3,1,,1,AUTOROUTE A86,0,,3,6,0,1,13,300,1,, -1,1,0,1,90,11,12,2021,18:45,2,93,93066,1,1,0,3,AUTOROUTE A86,48.92283,2.35079,18,2,2
202100000693,200Â 475,A01,10,3,2,0,0,-1,-1,1,9,2,2021,28.0,0,4,0,1,2,1,1,,3,ROUTE NATIONALE 113 - CARREFOUR,0,,3,4,0,1,1,233,1,, -1,1,0,1,90,20,4,2021,12:15,1,13,13117,1,1,0,1,ROUTE NATIONALE 113 - CARREFOUR,43.4329,5.25719,12,4,1
202100000095,201Â 581,A01,4,2,1,0,1,0,-1,-1, -1,-1,2021,21.0,3,2,1,0,1,0,0,,4,RUE ROGER SALENGRO,0,,1,2,0,1,0,0,1,, -1,2,9,8,50,29,12,2021,16:45,1,91,91421,2,6,1,3,RUE ROGER SALENGRO,48.703066,2.439902,16,3,1
202100017104,171Â 057,A01,10,3,1,3,0,-1,-1,5,3,1,2021,75.0,3,5,0,1,4,26,1,,4,CHAMPLAIN (AV),0,,1,1,0,1,1,0,1,, -1,1,9,1,50,24,9,2021,14:00,1,94,94019,2,1,0,6,Avenue Champlain,48.79595,2.56041,14,2,1
202100011865,180Â 511,B01,1,1,1,4,2,6,-1,-1, -1,-1,2021,49.0,1,1,0,0,0,0,0,,3,MICHELET(AV):NÂ°1AU 103,0,,2,4,3,1,0,1,1,, -1,2,0,1,50,21,10,2021,13:30,1,93,93070,2,1,1,3,Avenue Michelet,48.9025,2.34387,13,2,2
202100033421,142Â 030,A01,1,1,2,5,2,0,-1,0,0,-1,2021,29.0,1,1,0,2,2,3,1,,4,PORTE D ASNIERES,0,,1,4,0,1,18,400,1,, -1,1,0,1,70,16,6,2021,20:40,1,75,75117,2,1,0,3,PORTE D ASNIERES,48.891371,2.300476,20,2,2
202100015123,174Â 677,B01,1,1,1,4,2,0,-1,-1, -1,-1,2021,42.0,0,1,0,2,1,2,1,,4,EDOUARD TREMBLAY (RUE),0,,2,0,0,1,1,0,1,, -1,2,0,1,50,5,10,2021,08:55,1,94,94076,2,1,1,1,Rue Edouard Tremblay,48.779909,2.368728,8,2,2
202100025917,155Â 360,A01,2,2,1,5,8,-1,-1,0,0,-1,2021,60.0,2,2,0,2,1,1,1,,3,4,0,K,2,2,0,1,0,30,2,, -1,2,0,1,80,3,8,2021,17:00,1,21,21203,2,1,1,1,route dÃ©partementale D4K,47.451548492,4.1769044151,17,3,2
202100020346,165Â 265,A01,1,1,1,2,1,0,-1,-1, -1,-1,2021,57.0,2,2,0,2,2,1,1,,4,BERRY (RUE DE),0,,2,2,0,1,0,0,1,, -1,1,0,1,50,7,9,2021,09:40,1,93,93073,2,2,0,3,Rue de Berry / Rue de Berry,48.94078,2.58903,9,2,2
202100017290,170Â 745,B01,1,1,1,5,2,6,-1,0,0,-1,2021,61.0,2,1,0,2,1,17,1,,3,215,-1,D,3,2,0,1,5,600,1,, -1,1,0,1,50,3,5,2021,18:45,1,33,33005,2,2,0,3,Avenue de Bordeaux,44.747809,-1.087388,18,2,2
202100005323,192Â 274,B01,1,1,1,9,2,-1,-1,-1, -1,-1,2021,24.0,2,1,0,2,8,17,1,,4,RUE ALESSANDRO VOLTA,0,,2,2,0,1,(1),(1),1,, -1,1,0,1,50,30,11,2021,09:00,1,33,33281,2,1,0,3,RUE ALESSANDRO VOLTA,44.85337,-0.67202,9,2,2
202100030449,147Â 347,A01,1,1,2,1,1,-1,-1,0,0,-1,2021,18.0,1,2,13,0,1,1,1,,3,167,-1,,2,2,0,1,1,100,1,, -1,2,0,1,80,27,6,2021,17:50,1,14,14764,1,1,1,6,D167,48.870375,-0.406344,17,1,1
202100042622,125Â 439,A01,1,1,1,4,1,-1,-1,0,0,-1,2021,51.0,2,2,3,6,1,21,1,,1,61,0,A,1,4,0,1,287,500,1,, -1,1,0,1,130,26,4,2021,06:40,2,11,11430,1,1,0,6,A 61 au PK 287+500,43.289577,1.941876,6,3,1
202100040202,129Â 738,A01,1,1,1,5,0,-1,-1,0,0,-1,2021,57.0,1,1,0,2,7,3,5,,3,CD NÂ°  226,0,,3,2,0,1,1,0,1,, -1,1,0,1,50,12,5,2021,18:30,1,14,14167,2,1,0,3,D226,49.202221,-0.30657,18,1,2
202100024675,157Â 538,A01,1,1,1,1,1,-1,-1,0,0,-1,2021,19.0,2,2,3,0,1,2,1,,1,A35,0,A,3,4,0,1,424,700,1,, -1,1,0,1,130,12,8,2021,04:50,3,67,67155,1,1,0,6,A35 PK 424.600,48.400845,7.477355,4,3,2
202100021684,162Â 873,B01,1,1,1,4,4,2,6,0,0,-1,2021,37.0,1,1,0,2,3,21,1,,2,1,-1,,2,2,0,2,5,200,1,,7,1,3,1,80,31,8,2021,15:00,1,971,97109,1,1,0,4,RN 1,15.994526,-61.693726,15,3,3
202100051618,109Â 426,A01,1,1,2,9,1,-1,-1,0,0,-1,2021,41.0,1,2,8,0,1,1,1,,3,958,-1,,2,2,0,4,54,600,3,, -1,1,0,3,80,13,2,2021,12:00,1,58,58035,1,1,0,6,D958,47.061732,3.426404,12,1,1
202100054207,104Â 856,A01,1,1,1,2,2,6,-1,-1, -1,-1,2021,18.0,2,1,0,2,7,21,1,,4,BOURRIE ROUGE (RUE DE LA BOURIE ROUGE),0,,2,2,0,1,(1),(1),1,, -1,2,0,1,50,21,1,2021,07:45,5,45,45234,2,3,0,3,Rue de la Bourie Rouge,47.91942,1.90406,7,2,2
202100048587,114Â 909,A01,1,1,1,1,2,6,-1,-1, -1,-1,2021,43.0,1,1,0,2,2,17,1,,2,MARECHAL DE LATTRE DE TASSIGNY (AV),0,,2,4,0,1,1,0,1,, -1,2,0,1,50,10,3,2021,19:30,5,94,94075,2,1,1,6,Avenue du Mal de Lattre de Tassigny,48.72853,2.52878,19,1,1
202100021740,162Â 772,A01,1,1,1,0,2,0,-1,-1, -1,-1,2021,27.0,2,1,0,2,1,3,1,,2,N118,0,,3,5,0,1,3,0,1,, -1,1,0,1,90,31,8,2021,09:20,1,92,92048,1,1,0,2,N118,48.804470192,2.213748657,9,2,2
202100015478,174Â 035,B01,1,1,1,0,2,-1,-1,-1, -1,-1,2021,35.0,3,1,0,2,8,1,5,,4,JAYR                                (QU),0,,2,3,1,1,(1),(1),1,, -1,1,0,5,50,2,10,2021,14:50,1,69,69389,2,5,0,3,JAYR (Q),45.78041,4.80917,14,3,2
202100043923,123Â 161,X01,10,3,1,5,0,8,-1,4,3,1,2021,89.0,0,0,0,1,0,0,0,,4,GENERAL DE GAULLE (AV DU),0,,-1,2,0,1,0,0,1,, -1,1,5,1,50,7,4,2021,17:20,1,94,94021,2,6,0,6,Avenue du GÃ©nÃ©ral de Gaulle,48.7669,2.3529413,17,2,1
202100002409,197Â 474,B01,2,2,2,0,2,-1,-1,-1, -1,-1,2021,21.0,2,1,0,2,9,1,1,,4,MEDITERRANEE (RUE DE LA),0,,1,1,0,1,(1),(1),1,, -1,1,0,1,30,17,12,2021,13:30,1,51,51454,2,1,0,3,Rue de la MÃ©diterranÃ©e,49.2505088957,4.0626896918,13,3,2
202100018866,167Â 925,B01,1,1,1,9,1,-1,-1,0,0,-1,2021,54.0,2,2,0,2,1,1,1,,2,4,0,N,2,2,0,2,0,0,1,, -1,1,0,1,70,15,9,2021,15:20,1,972,97230,1,3,0,1,N4,14.732438,-60.981489,15,2,2
202100015375,174Â 225,A01,1,1,1,9,2,6,-1,0,0,-1,2021,34.0,0,1,0,0,1,0,1,,3,124,0,D,2,2,0,2,(1),(1),1,, -1,1,0,3,80,29,9,2021,23:15,3,80,80043,1,1,0,7,D124,50.131756,2.486379,23,1,1
202100014879,175Â 118,A01,1,1,1,9,1,-1,-1,0,0,-1,2021,28.0,2,2,0,0,0,1,1,,3,37,0,D,2,2,0,1,19,790,1,,6,1,0,8,80,7,10,2021,15:53,1,79,79178,1,1,0,7,,46.963649,-0.168808,15,1,1
202100051524,109Â 596,A01,2,2,1,0,2,0,-1,-1, -1,-1,2021,33.0,-1,1,0,2,3,21,0,,3,SEMARD (AVENUE PIERRE),0,,-1,2,0,1,0,1,1,, -1,1,0,1,50,14,2,2021,20:15,5,93,93008,2,6,0,3,SEMARD (AVENUE PIERRE),48.9098,2.44602,20,3,2
202100034428,140Â 191,A01,10,3,1,3,0,-1,-1,4,3,2,2021,11.0,2,2,0,1,1,16,1,,4,BOULEVARD SERURIER,0,,2,4,0,4,(1),(1),1,, -1,1,0,1,50,13,6,2021,11:35,1,75,75119,2,3,0,6,BOULEVARD SERURIER,48.884505,2.394583,11,2,1
202100013567,177Â 469,B01,1,1,2,0,1,0,-1,-1, -1,-1,2021,24.0,1,2,0,2,8,0,1,,1,AUTOROUTE A3,0,,2,8,0,2,6,199,2,, -1,1,2,1,70,13,10,2021,08:35,2,93,93010,1,1,0,3,AUTOROUTE A3,48.8909408086,2.4731648485,8,2,2
202100024107,158Â 567,A01,10,3,2,3,0,-1,-1,4,3,1,2021,85.0,1,5,0,1,3,1,1,,4,BOULEVARD GAMBETTA,0,,2,2,0,1,(1),(1),1,, -1,1,0,1,50,14,8,2021,11:30,1,38,38185,2,2,0,6,Boulevard Gambetta,45.189,5.72274,11,2,1
202100032630,143Â 437,A01,1,1,1,0,2,6,-1,-1, -1,-1,2021,41.0,2,1,0,1,1,1,1,,4,cavani-Rond point du Baobab,0,,2,0,0,1,0,0,1,, -1,1,0,1,50,23,6,2021,07:30,1,976,97611,2,9,0,6,cavani-Rond point du Baobab,-12.78443,45.22386,7,2,1
202100008801,186Â 013,A01,2,2,2,5,0,-1,-1,0,0,-1,2021,33.0,2,2,6,0,2,1,1,,2,91,0,,2,2,0,1,13,500,2,, -1,2,0,3,60,9,11,2021,06:15,1,987,98729,1,1,1,3,PK 13+500 - MaatÃ©a - RT 91,-17.533189,-149.838611,6,3,1
202100051291,109Â 994,A01,1,1,1,4,2,8,-1,-1, -1,-1,2021,21.0,3,1,0,0,7,1,1,,4,INNOCENTS ( DES),0,,1,1,3,1,(1),(1),1,, -1,2,6,1,30,16,2,2021,12:50,1,35,35238,2,1,1,7,INNOCENTS ( DES),48.11346,-1.6827,12,1,1
202100000783,200Â 313,A01,2,2,2,9,2,0,-1,0,0,-1,2021,35.0,1,1,0,2,7,16,3,,4,AVENUE DES CHAMPS ELYSEES,0,,2,4,1,3,(1),(1),1,, -1,2,0,1,50,31,12,2021,03:30,5,75,75108,2,5,0,7,AVENUE DES CHAMPS ELYSEES,48.873136,2.297115,3,2,1
202100033933,141Â 108,B01,2,2,2,5,1,-1,-1,0,0,-1,2021,54.0,2,2,0,2,1,0,1,,3,524,0,D,2,2,0,2,6,0,3,, -1,1,0,1,70,17,6,2021,22:05,3,38,38422,1,1,0,1,D524,45.146998,5.828472,22,3,2
202100021711,162Â 831,A01,1,1,1,5,2,6,-1,0,0,-1,2021,42.0,2,1,15,0,1,1,1,,3,RD34,0,,2,2,0,2,26,615,3,, -1,1,0,3,80,31,8,2021,17:35,1,88,88075,1,1,0,6,27 Route de Planois,48.000031,6.854112,17,1,1
202100040772,128Â 732,A01,1,1,2,5,8,0,-1,0,0,-1,2021,46.0,2,1,0,0,0,21,5,,4,RUE SAINT ANTOINE,0,,1,3,1,1,(1),(1),1,, -1,1,0,5,30,8,5,2021,18:50,1,75,75104,2,3,0,7,RUE SAINT ANTOINE,48.854819,2.362439,18,1,1
202100007378,188Â 570,A01,1,1,2,5,1,-1,-1,0,0,-1,2021,44.0,1,2,0,2,5,13,1,,3,979,-1,,2,2,0,1,24,915,4,, -1,2,0,1,70,14,11,2021,10:30,1,71,71220,1,1,1,3,D979,46.538702,3.765821,10,2,2
202100034177,140Â 659,B01,1,1,1,5,9,-1,-1,0,0,-1,2021,62.0,2,1,0,2,3,1,5,,3,973,0,A,2,2,0,1,2,200,1,, -1,1,5,1,80,14,6,2021,09:35,1,84,84026,1,3,0,1,Route de Pertuis,43.7225851687,5.392870903,9,2,2
202100049249,113Â 725,A01,10,3,2,5,0,-1,-1,9,3,1,2021,65.0,3,2,0,1,1,1,1,,4,MARGUERITE (AVENUE GENERAL),0,,2,2,0,1,(1),(1),1,, -1,1,9,1,50,1,3,2021,08:20,1,51,51230,2,1,0,7,Avenue GÃ©nÃ©ral Margueritte,49.0290777704,3.9551516936,8,2,1
202100052179,108Â 442,B01,1,1,1,5,2,-1,-1,0,0,-1,2021,77.0,1,1,0,2,1,26,5,,4,,-1,,2,2,1,1,(1),(1),1,, -1,2,0,5,50,8,2,2021,15:45,1,30,30012,2,1,1,3,Avenue Jean Moulin,43.889674,4.682504,15,3,2
202100036978,135Â 601,A01,10,3,1,9,0,-1,-1,1,5,1,2021,5.0,1,2,0,1,5,1,6,,4,FONTAINE ( RUE DE LA ),0,,2,2,0,1,(1),(1),1,, -1,1,0,1,50,28,5,2021,17:21,1,68,68297,2,1,0,6,FONTAINE ( RUE DE LA ),47.5806751407,7.5580170751,17,2,1
202100010361,183Â 188,A01,1,1,1,0,8,0,-1,-1, -1,-1,2021,23.0,2,2,0,2,3,5,1,,3,GEORGES HALGOULT (R),0,,2,2,3,1,(1),(1),2,, -1,2,5,6,50,29,10,2021,19:50,5,94,94073,2,2,0,3,GEORGES HALGOULT (R),48.7604412986,2.3994555645,19,2,2
202100009499,184Â 731,A01,10,3,1,9,0,-1,-1,6,2,1,2021,60.0,2,2,0,1,2,1,1,,3,,0,,2,2,0,2,(1),(1),3,, -1,1,0,3,50,5,11,2021,10:50,1,972,97232,1,1,0,6,Beaujolais,14.522335,-60.859473,10,2,1
202100038672,132Â 513,A01,1,1,1,5,2,6,9,0,0,-1,2021,14.0,3,1,2,0,0,21,1,,4,,-1,,-1,2,0,1,(1),(1),1,, -1,2,0,8,-1,23,5,2021,16:30,1,27,27507,1,1,1,6,Rue du 8 Mai 1945,48.899013,1.292332,16,1,1
202100056229,101Â 388,A01,2,2,1,0,1,0,-1,-1, -1,-1,2021,43.0,2,2,0,0,1,1,1,,2,104,0,,1,1,0,1,44,299,3,, -1,2,0,1,50,5,1,2021,13:00,1,91,91235,1,1,0,7,RN 104,48.6258535349,2.3562412262,13,2,1
202100043237,124Â 374,B01,1,1,2,3,1,-1,-1,0,0,-1,2021,35.0,2,2,0,2,1,15,1,,3,930,0,D,2,2,0,1,4,982,1,, -1,1,0,1,80,20,4,2021,09:50,1,82,82079,1,3,0,3,D930,43.93859,1.357584,9,2,2
202100002200,197Â 861,A01,1,1,1,4,1,-1,-1,0,0,-1,2021,18.0,2,5,6,0,2,13,6,,3,128,0,D,2,2,0,1,0,911,3,, -1,2,2,1,80,21,12,2021,07:00,2,34,34068,1,1,1,7,D128,43.5136422708,3.4625912724,7,1,1
202100006569,190Â 059,B01,1,1,2,0,1,8,-1,-1, -1,-1,2021,20.0,1,2,0,2,4,1,1,,2,11 - RT,0,,3,4,0,1,1,0,1,, -1,1,0,1,70,22,11,2021,17:48,2,202,202033,2,1,0,4,11 - RT,42.7001396319,9.4520646444,17,3,3
202100035824,137Â 670,A01,1,1,1,1,2,6,-1,0,0,-1,2021,17.0,0,1,0,2,8,13,1,,4,,-1,A,4,2,0,2,(1),(1),3,,4,1,0,1,-1,9,6,2021,07:40,1,85,85197,1,1,0,3,La Basse VrillÃ¨re,46.922014,-1.414071,7,2,2
202100050154,112Â 071,B01,1,1,2,1,1,0,-1,-1, -1,-1,2021,32.0,1,2,0,2,3,1,1,,3,DIDEROT (BOULEVARD),0,,2,2,0,1,0,0,2,, -1,1,0,1,30,25,2,2021,14:30,1,91,91477,2,1,0,1,DIDEROT (BOULEVARD),48.71973,2.25083,14,2,2
202100018003,169Â 449,A01,2,2,2,5,1,0,-1,-1, -1,-1,2021,27.0,1,2,9,2,2,16,1,,7,AVENUE DE LA GALOCHÃRE,0,,2,-1,0,1,2,250,1,, -1,1,0,1,50,19,9,2021,23:05,5,38,38421,2,1,0,6,Avenue de la GalochÃ¨re,45.17063,5.76865,23,2,1
202100055432,102Â 767,A01,1,1,1,0,2,6,-1,-1, -1,-1,2021,24.0,1,1,14,0,0,26,1,,2,tsoundzou-Mariage (place -tsoundzou 2),0,,2,0,0,1,5,380,1,, -1,1,0,1,50,11,1,2021,14:25,1,976,97611,2,1,0,7,tsoundzou-Mariage (place -tsoundzou 2),-12.80943,45.20331,14,1,1