Num_Acc,id_vehicule,num_veh,place,catu,sexe,trajet,secu1,secu2,secu3,locp,actp,etatp,year_acc,victim_age,senc,catv,obs,obsm,choc,manv,motor,occutc,catr,voie,v1,v2,circ,nbv,vosp,prof,pr,pr1,plan,lartpc,larrout,surf,infra,situ,vma,jour,mois,an,hrmn,lum,dep,com,agg_,int,atm,col,adr,lat,long,hour,nb_victim,nb_vehicules
202100051703,109Â 274,B01,1,1,1,0,2,6,-1,-1, -1,-1,2021,69.0,2,1,0,2,1,1,1,,3,,0,,2,2,0,1,(1),(1),1,, -1,1,0,1,80,11,2,2021,17:30,1,11,11069,1,2,0,3,MONTREAL -ROUTE DE -,43.21244,2.26532,17,2,2
202100003602,195Â 310,B01,1,1,1,0,8,0,-1,-1, -1,-1,2021,37.0,2,1,0,2,1,1,3,,4,ESTEREL (RUE DE L') NÂ° IMPAIRS,0,,2,2,0,1,0,0,1,, -1,2,0,1,50,10,12,2021,12:10,1,72,72181,2,3,0,3,ESTEREL (RUE DE L') NÂ° IMPAIRS,47.99562,0.23292,12,2,2
202100001669,198Â 822,B01,1,1,2,5,1,8,-1,-1, -1,-1,2021,26.0,2,2,0,2,4,1,1,,2,RN88,0,,1,4,0,1,45,20,1,, -1,1,0,1,110,22,12,2021,14:30,1,42,42044,1,1,0,4,N88,45.3953,4.33793,14,5,5
202100051437,109Â 755,B01,2,2,1,0,2,0,-1,-1, -1,-1,2021,18.0,2,1,0,2,3,1,1,,7,RTE DE NARBONNE,0,,2,3,3,1,3,990,1,, -1,2,0,1,50,12,2,2021,17:50,5,31,31555,2,1,1,1,76 bis route de Narbonne,43.56792,1.45753,17,6,2
202100020314,165Â 327,A01,10,3,2,3,8,8,-1,9,3,1,2021,84.0,3,5,0,1,1,1,1,,6,ALLENDE (RUE DU PT SALVADOR),0,,-1,0,0,1,0,0,1,, -1,1,9,8,50,6,9,2021,10:10,1,8,8409,2,9,1,6,ALLENDE (RUE DU PT SALVADOR),49.69595,4.94214,10,2,1
202100053862,105Â 469,A01,10,3,1,0,0,-1,-1,4,3,1,2021,73.0,2,2,0,1,3,15,1,,3,MEAUX RUE DE,0,,2,2,0,1,56,0,1,, -1,5,0,1,50,24,1,2021,13:50,1,93,93074,2,2,1,6,BOUCHER RUE ALEXANDRE,48.93457,2.56632,13,2,1
202100014778,175Â 298,B01,1,1,2,0,1,0,-1,-1, -1,-1,2021,21.0,3,2,0,2,3,26,1,,4,LIBERTE (PLACE DE LA),0,,-1,0,0,1,(1),(1),1,, -1,2,5,1,50,3,10,2021,05:30,5,78,78172,2,7,1,3,LIBERTE (PLACE DE LA),49.0056,2.1162,5,2,2
202100023500,159Â 626,B01,1,1,2,5,0,-1,-1,0,0,-1,2021,83.0,1,1,0,2,7,15,5,,3,93,0,,2,2,0,1,23,480,1,, -1,1,0,1,80,20,8,2021,11:20,1,26,26183,1,3,0,1,Route de la Plaine,44.708484,5.093459,11,3,2
202100010090,183Â 668,A01,1,1,1,5,2,-1,-1,0,0,-1,2021,38.0,3,1,0,0,0,0,1,,4,,-1,,2,1,0,1,(1),(1),3,,5,1,0,3,80,1,11,2021,12:05,1,27,27572,1,9,0,7,Les Chouquets,49.2171695883,0.8657666548,12,2,1
202100022259,161Â 853,A01,1,1,2,1,1,0,-1,-1, -1,-1,2021,25.0,1,2,0,2,2,15,1,,4,MADELEINE,0,,2,2,0,1,1,0,1,, -1,1,0,1,30,27,8,2021,08:27,1,49,49007,2,1,0,3,MADELEINE,47.46006,-0.53725,8,2,2
202100055712,102Â 279,B01,1,1,1,5,2,6,-1,0,0,-1,2021,56.0,2,1,13,0,0,21,1,,3,918,0,,2,2,0,1,31,500,1,, -1,1,0,1,80,9,1,2021,19:30,3,36,36121,1,2,0,7,,46.826658,1.953657,19,2,2
202100032820,143Â 113,A01,1,1,1,4,1,-1,-1,-1,0,-1,2021,33.0,1,2,0,2,4,23,1,,3,301,0,,2,4,0,1,2,0,1,, -1,1,0,1,50,22,6,2021,18:00,1,95,95539,2,1,0,2,RD 301,48.9912263986,2.3601776361,18,2,2
202100009624,184Â 502,A01,1,1,1,9,2,0,-1,0,0,-1,2021,17.0,2,1,0,0,1,21,5,,4,RUE CIVIALE,0,,2,2,1,1,(1),(1),1,, -1,1,-1,5,30,3,11,2021,11:40,1,75,75110,2,4,0,7,RUE CIVIALE,48.872564,2.376232,11,1,1
202100035658,137Â 973,A01,2,2,2,0,2,0,-1,-1, -1,-1,2021,23.0,1,1,0,2,8,3,1,,1,AUTOROUTE A3,0,,3,6,0,1,8,500,1,, -1,1,0,1,110,9,6,2021,11:15,1,93,93010,1,1,0,3,AUTOROUTE A3,48.91059,2.47536,11,4,3
202100001922,198Â 359,B01,1,1,2,5,2,0,-1,-1, -1,-1,2021,14.0,1,1,0,2,8,19,3,,3,911,0,,2,2,0,1,0,0,1,, -1,1,0,1,50,20,12,2021,14:00,1,92,92036,2,2,0,3,CROIX DE VIGNES (RUE),48.928661,2.299549,14,2,2
202100023026,160Â 471,B01,1,1,2,1,1,0,-1,-1, -1,-1,2021,56.0,1,2,0,2,7,9,1,,4,CHARENTES (PLACE DES),0,,2,2,0,1,0,0,1,, -1,1,0,1,50,29,7,2021,20:10,1,87,87085,2,2,0,6,CHARENTES (PLACE DES),45.8376,1.25267,20,4,2
202100002111,198Â 025,A01,1,1,2,0,1,0,-1,-1, -1,-1,2021,78.0,1,2,6,0,1,0,1,,1,A55 - Sens Marseille vers Martigues,0,,1,3,0,2,9,800,1,, -1,1,1,1,90,20,12,2021,12:00,1,13,13071,1,1,0,5,A55 - Sens Marseille vers Martigues,43.36906,5.32502,12,1,1
202100009246,185Â 183,B01,1,1,1,0,2,0,-1,-1, -1,-1,2021,65.0,0,1,0,2,1,17,1,,4,BOULEVARD JULES VERNE,0,,2,2,2,1,(1),0,1,, -1,1,0,1,50,2,11,2021,18:45,5,44,44109,2,1,0,3,BOULEVARD JULES VERNE,47.236271,-1.533911,18,2,2
202100022137,162Â 065,A01,1,1,2,5,2,6,9,0,0,-1,2021,37.0,1,1,13,0,2,1,1,,1,84,-1,,3,4,0,1,134,400,1,, -1,1,0,3,130,27,8,2021,21:35,3,35,35273,1,1,0,7,A 84,48.387448,-1.305923,21,1,1
202100035036,139Â 071,B01,1,1,1,0,2,0,-1,-1, -1,-1,2021,27.0,1,1,0,2,1,17,1,,4,CAPELETTE (AVENUE DE LA),0,,2,2,0,1,0,0,1,, -1,1,0,1,50,10,6,2021,17:30,1,13,13210,2,1,0,3,CAPELETTE (AVENUE DE LA),43.2807157608,5.4074274394,17,2,2
202100017580,170Â 200,A01,1,1,2,3,1,-1,-1,0,0,-1,2021,46.0,2,2,2,0,2,1,1,,4,,-1,,2,2,0,2,(1),(1),2,,4,1,0,1,30,22,9,2021,17:15,1,73,73179,2,1,0,6,Avenue Alphonse Daudet,45.589049,5.873276,17,1,1
202100017215,170Â 872,A01,1,1,1,1,0,-1,-1,0,0,-1,2021,42.0,3,2,2,0,3,14,1,,4,,-1,,-1,2,0,1,(1),(1),1,,4,1,0,3,80,24,9,2021,08:00,1,46,46120,1,1,0,6,Bouygues,44.622579,1.245666,8,1,1
202100029062,149Â 796,A01,1,1,1,0,2,6,-1,-1, -1,-1,2021,26.0,2,1,0,2,1,3,1,,1,AUTOROUTE A86,0,,3,10,0,1,13,899,1,, -1,1,0,1,90,14,7,2021,16:10,1,93,93066,1,1,0,3,AUTOROUTE A86,48.92236,2.35723,16,2,2
202100001015,199Â 951,B01,1,1,1,0,2,0,-1,-1, -1,-1,2021,17.0,2,1,0,2,8,1,1,,4,WILSON (BOULEVARD DU PRESIDENT) DE PAIX,0,,2,2,0,1,(1),(1),1,, -1,2,0,1,50,29,12,2021,09:00,1,39,39198,2,1,1,3,64 Boulevard du President Wilson,47.09552,5.490901,9,2,2
202100029069,149Â 785,A01,1,1,1,5,8,-1,-1,0,0,-1,2021,86.0,-1,1,-1,0,0,1,-1,,4,,-1,,1,-1,-1,1,(1),(1),1,, -1,1,0,1,-1,29,1,2021,10:28,1,6,6029,2,1,0,7,,43.551599,6.976161,10,1,1
202100004004,194Â 584,A01,1,1,1,0,1,-1,-1,-1, -1,-1,2021,27.0,3,2,2,0,1,14,1,,3,RD 910,0,,2,2,0,2,14,845,2,, -1,2,0,1,80,8,12,2021,19:35,3,76,76576,1,1,0,6,Cite Radieuse,49.55818,0.44739,19,1,1
202100034727,139Â 639,A01,1,1,1,5,1,-1,-1,-1,0,-1,2021,28.0,2,2,4,0,9,14,1,,2,RN 104,0,,3,4,0,1,11,199,1,, -1,1,0,1,110,13,6,2021,07:20,1,95,95028,1,1,0,6,RN 104,49.06451,2.36913,7,3,1
202100003837,194Â 894,A01,10,3,1,9,0,-1,-1,2,3,1,2021,46.0,1,5,0,1,4,4,1,,4,RUE MONTGALLET,0,,1,1,0,2,(1),(1),1,, -1,1,0,1,30,9,12,2021,13:15,1,75,75112,2,3,0,6,RUE MONTGALLET,48.843511,2.387769,13,2,1
202100010119,183Â 618,B01,1,1,2,0,8,0,-1,-1, -1,-1,2021,36.0,2,2,0,2,6,23,1,,1,AUTOROUTE A86,0,,3,3,0,3,18,299,2,, -1,2,0,1,70,30,10,2021,13:50,1,93,93027,1,1,1,3,AUTOROUTE A86,48.92865,2.41547,13,3,3
202100037324,134Â 955,B01,1,1,1,5,2,6,-1,-1, -1,-1,2021,38.0,2,1,0,2,1,0,1,,3,CLICHY (PONT DE),0,,4,2,0,1,0,0,1,, -1,1,2,1,50,31,5,2021,21:38,2,92,92024,2,5,0,3,CLICHY (PONT DE),48.9087111015,2.2999409702,21,2,2
202100053026,106Â 939,A01,3,2,2,0,1,0,-1,-1, -1,-1,2021,67.0,1,2,0,2,4,1,1,,1,A51-Sens Marseille vers Aix en Provence,0,,1,3,0,1,2,500,1,, -1,2,0,1,90,30,1,2021,16:15,1,13,13071,1,1,1,2,A51-Sens Marseille vers Aix en Provence,43.4148309335,5.364856571,16,4,2
202100009233,185Â 206,A01,10,3,1,2,0,-1,-1,5,9,2,2021,5.0,1,1,0,1,0,25,5,,9,REFFYE (COURS),0,,-1,0,0,1,(1),(1),1,, -1,2,0,4,-1,5,11,2021,13:07,1,65,65440,2,9,1,6,REFFYE (COURS),43.232336,0.071293,13,2,1
202100047626,116Â 624,B01,1,1,1,-1,2,-1,-1,-1, -1,-1,2021,20.0,1,1,0,2,-1,-1,-1,,3,VOISIN (BOULEVARD ANDRE-GEORGES),0,,2,4,0,1,(1),(1),2,, -1,1,5,1,50,17,3,2021,08:10,1,37,37214,2,6,0,6,VOISIN (BOULEVARD ANDRE-GEORGES),47.4303720994,0.6727194785,8,2,2
202100055697,102Â 304,B01,1,1,1,0,0,-1,-1,0,0,-1,2021,16.0,0,1,0,2,8,19,0,,3,104,0,,2,0,0,1,10,0,1,, -1,1,0,1,50,9,1,2021,19:20,5,92,92073,2,2,0,3,BAS ROGERS (RUE DES),48.8827467088,2.2236063555,19,2,2
202100003029,196Â 367,A01,2,2,1,5,1,-1,-1,0,0,-1,2021,36.0,2,2,0,2,1,13,1,,3,938,3,,2,2,0,1,16,0,1,, -1,1,0,1,-1,15,12,2021,15:25,1,85,85009,1,1,0,1,RD 938 TER,46.421455,-0.843887,15,3,2
202100025644,155Â 846,B01,1,1,2,0,8,0,-1,0, -1,-1,2021,20.0,1,1,0,2,2,2,3,,4,GALLIENI (AV.) DE 111 A 175,0,,-1,0,0,1,(1),(1),1,, -1,1,0,4,50,4,8,2021,17:20,1,93,93010,2,1,0,3,GALLIENI (AV.) DE 111 A 175,48.9063950968,2.4844227989,17,2,2
202100036476,136Â 501,B01,1,1,1,4,2,0,-1,-1, -1,-1,2021,22.0,1,1,0,2,1,1,1,,4,JEAN JAURES (AV),0,,2,2,0,1,0,0,1,, -1,1,0,1,50,3,6,2021,12:20,1,94,94081,2,1,0,2,JEAN JAURES (AV),48.79316,2.40112,12,2,2
202100054617,104Â 158,A01,1,1,1,0,2,0,-1,-1, -1,-1,2021,28.0,2,1,0,2,1,1,1,,3,FABIEN (BOULEVARD DU COLONEL),0,,2,2,0,2,0,0,1,, -1,2,0,1,50,18,1,2021,12:15,1,92,92046,2,1,0,3,FABIEN (BOULEVARD DU COLONEL),48.8118382553,2.2807359695,12,2,2
202100034845,139Â 423,A01,1,1,1,1,2,6,-1,0,0,-1,2021,51.0,2,1,0,2,1,17,1,,3,RD998,-1,,2,2,0,4,2,900,1,, -1,1,0,1,90,13,6,2021,12:20,1,3,3195,1,1,0,2,RD998,46.290746,2.701585,12,2,2
202100023730,159Â 201,A01,10,3,1,0,0,-1,-1,9,5,2,2021,2.0,3,2,0,1,1,26,1,,4,LUCIEN MOREL PAYEN (RUE),0,,-1,-1,0,1,(1),(1),1,, -1,1,0,6,30,16,8,2021,16:23,1,10,10387,2,1,0,6,LUCIEN MOREL PAYEN (RUE),48.3052101177,4.0893888784,16,2,1
202100004996,192Â 859,B01,1,1,1,5,2,-1,-1,0,0,-1,2021,61.0,1,1,0,2,7,1,5,,3,143,0,,1,1,0,1,(1),(1),2,, -1,2,0,1,70,30,11,2021,16:00,1,29,29224,1,6,1,3,D143 - Rond Point de Saint Ergat,48.038532,-4.329729,16,2,2
202100029772,148Â 569,A01,1,1,1,5,8,0,-1,-1, -1,-1,2021,21.0,1,1,0,2,0,0,0,,4,ELUARD PAUL,0,,2,1,0,1,(1),(1),1,, -1,1,0,1,50,6,7,2021,18:20,1,62,62065,2,1,0,3,ELUARD PAUL,50.39752,2.83361,18,2,2
202100017328,170Â 677,A01,1,1,1,0,2,-1,-1,0,0,-1,2021,30.0,2,1,0,2,1,1,1,,3,d209,0,,2,2,0,1,4,350,3,, -1,1,0,1,70,23,9,2021,06:35,3,33,33262,1,1,0,1,56 Avenue de la Coste,44.9985,-0.59502,6,2,2
202100016061,172Â 942,A01,10,3,2,0,0,-1,-1,3,3,1,2021,62.0,0,2,0,1,8,1,1,,3,GRANDOU (AVENUE MICHEL),0,,2,0,0,1,0,0,1,, -1,1,0,1,50,24,9,2021,14:45,1,24,24557,2,1,0,6,GRANDOU (AVENUE MICHEL),45.18974,0.74724,14,2,1
202100027695,152Â 211,B01,1,1,1,0,1,-1,-1,-1, -1,-1,2021,53.0,0,2,0,2,1,1,1,,4,CELESTINS (DES)                     (CH),0,,-1,2,0,1,(1),(1),2,, -1,1,0,1,30,19,7,2021,16:30,1,69,69149,2,1,0,1,CELESTINS (DES) (CHM),45.7198553118,4.7981890165,16,2,2
202100040113,129Â 897,B01,1,1,1,0,1,-1,-1,0,0,-1,2021,44.0,1,2,0,2,6,2,1,,2,4,0,,3,4,0,4,28,0,1,, -1,1,0,1,110,14,5,2021,08:01,1,57,57614,1,1,0,2,PR 028.000 Route Nationale 4,48.754138,7.180059,8,2,2
202100055258,103Â 051,A01,10,3,1,5,0,-1,-1,3,3,1,2021,61.0,2,2,0,1,1,1,1,,3,27,-1,,2,2,0,1,2,700,1,, -1,3,0,1,50,12,1,2021,18:20,5,69,69200,2,1,1,6,PONCHARRA (DE) (RTE),45.8591252127,4.4756000651,18,2,1
202100053391,106Â 289,A01,9,2,1,1,1,-1,-1,0,0,-1,2021,34.0,1,2,13,0,3,1,1,,1,4,-1,,3,4,0,1,466,300,1,, -1,2,0,1,130,29,1,2021,05:15,3,67,67067,1,1,1,3,A4,48.709036,7.703942,5,4,2
202100055038,103Â 434,A01,10,3,2,4,0,-1,-1,3,3,1,2021,62.0,0,2,0,1,2,1,1,,4,WILSON (AVENUE DU PRESIDENT),0,,2,2,0,1,(1),(1),1,, -1,1,0,1,30,14,1,2021,18:45,5,41,41018,2,1,0,6,WILSON (AVENUE DU PRESIDENT),47.582181,1.341856,18,2,1
202100053445,106Â 186,C01,1,1,1,9,1,0,-1,-1, -1,-1,2021,22.0,2,2,0,2,3,1,1,,4,TRESPOEY DE,0,,2,2,0,1,0,0,1,, -1,1,0,1,30,26,1,2021,12:40,1,64,64445,2,1,0,5,avenue TRESPOEY,43.2989474867,-0.348815918,12,3,3
202100034332,140Â 366,A01,10,3,1,1,0,-1,-1,5,9,1,2021,34.0,3,2,0,0,0,0,1,,4,,0,,1,1,0,1,0,0,1,, -1,1,0,8,50,15,6,2021,09:16,1,92,92035,2,9,0,6,Jean Bonal ( rue ),48.9065984353,2.2491878271,9,3,1
202100040519,129Â 180,A01,10,3,2,5,0,-1,-1,2,9,1,2021,19.0,1,2,0,0,0,1,1,,4,AV DU GAL PIERRE BILLOTTE,0,,-1,0,0,1,1,0,3,, -1,1,0,1,50,9,5,2021,01:13,3,94,94028,2,1,0,6,Av du General Pierre Billotte,48.77311,2.45807,1,6,2
202100024468,157Â 935,A01,5,2,2,5,8,-1,-1,0,0,-1,2021,21.0,0,2,0,0,2,1,1,,4,,-1,,2,2,0,1,(1),(1),3,,4,1,0,3,-1,10,8,2021,21:00,2,49,49163,1,1,0,7,Route du Gennetay,47.522186,-0.240079,21,5,1
202100024392,158Â 084,A01,1,1,1,5,2,6,-1,0,0,-1,2021,40.0,1,1,14,0,1,1,1,,3,956,0,,2,2,0,1,(1),(1),2,, -1,1,0,1,80,11,8,2021,22:45,3,84,84009,1,1,0,7,D956,43.779801,5.615033,22,1,1
202100016282,172Â 530,B01,1,1,2,5,1,-1,-1,0,0,-1,2021,82.0,2,2,0,2,1,5,1,,3,1001,0,D,2,2,0,1,76,350,1,,7,1,0,1,80,30,9,2021,17:20,1,80,80422,1,1,0,1,D1001,50.172183,1.810222,17,2,2
202100017612,170Â 138,D01,1,1,1,2,0,-1,-1,-1, -1,-1,2021,17.0,1,1,0,2,8,1,3,,7,AMBROISE CROIZAT                    (BD),0,,2,4,0,1,2,0,1,, -1,2,0,1,50,20,9,2021,11:45,1,69,69259,2,2,1,5,AMBROISE CROIZAT (BD),45.70305,4.88743,11,4,4
202100046719,118Â 261,B01,1,1,2,1,1,0,-1,-1, -1,-1,2021,25.0,2,2,0,2,4,1,1,,1,A4,0,,1,3,0,1,10,500,1,, -1,1,0,1,110,24,3,2021,07:50,1,94,94017,1,1,0,2,A4,48.8267111767,2.5225882774,7,2,2
202100006471,190Â 231,B01,1,1,2,9,2,0,-1,0,0,-1,2021,60.0,1,1,0,2,4,1,5,,4,BOULEVARD RASPAIL,0,,2,4,3,1,(1),(1),1,, -1,1,-1,5,30,24,11,2021,11:24,1,75,75107,2,2,0,3,BOULEVARD RASPAIL,48.851741,2.326768,11,2,2
202100001078,199Â 835,A01,2,2,2,0,1,0,-1,-1, -1,-1,2021,55.0,2,2,0,2,2,2,1,,4,ROSTAND (PROMENADE JEAN),0,,2,4,0,1,0,0,1,, -1,2,0,1,50,29,12,2021,17:50,2,93,93008,2,9,1,3,ROSTAND (PROMENADE JEAN),48.908882,2.454435,17,3,2
202100023423,159Â 753,A01,1,1,1,0,2,0,-1,0,0,-1,2021,27.0,1,1,0,2,1,26,1,,7,MON DESERT (RUE),0,,1,2,0,1,(1),(1),1,, -1,1,0,1,50,18,8,2021,18:15,1,54,54395,2,1,0,2,MON DESERT (RUE),48.684455744,6.1785013229,18,2,2
202100033213,142Â 395,A01,1,1,1,9,2,6,-1,0,0,-1,2021,35.0,3,1,0,2,3,1,1,,4,PLACE D ITALIE,0,,2,4,0,1,(1),(1),3,, -1,2,0,1,50,19,6,2021,21:00,1,75,75113,2,7,0,3,PLACE D ITALIE,48.831881,2.355859,21,2,2
202100053817,105Â 555,B01,1,1,1,0,1,0,-1,-1, -1,-1,2021,37.0,1,2,0,2,4,2,1,,7,652,0,,3,4,0,1,0,829,1,, -1,1,0,1,90,22,1,2021,18:25,3,59,59196,1,1,0,5,ROUTE DEPARTEMENTALE 652,50.629291,2.960317,18,3,3
202100027927,151Â 788,A01,1,1,2,5,0,-1,-1,-1, -1,-1,2021,46.0,1,1,0,0,0,1,5,,3,BISCAROSSE (AVE) DUNE VERS BISCA,0,,2,2,1,2,(1),(1),1,, -1,1,0,1,70,20,7,2021,15:10,1,33,33529,1,1,0,7,Avenue des Dunes,44.5716726592,-1.2230294438,15,1,1
202100027968,151Â 710,B01,1,1,1,1,2,6,-1,0,0,-1,2021,57.0,1,1,0,2,1,1,1,,4,RUE LA FAYETTE,0,,2,4,0,1,(1),(1),1,, -1,1,8,1,50,20,7,2021,07:30,1,75,75110,2,2,0,3,RUE LA FAYETTE,48.879743,2.35872,7,2,2
202100037695,134Â 283,A01,1,1,1,5,2,6,9,0,0,-1,2021,33.0,1,1,0,0,9,15,1,,3,81,-1,,2,2,0,2,192,200,2,, -1,1,0,1,80,30,5,2021,14:00,1,202,202314,1,1,0,7,Casa Ã  Casta,42.664561,9.211087,14,1,1
202100050527,111Â 382,A01,1,1,1,9,2,6,9,0,0,-1,2021,18.0,1,1,12,0,1,1,1,,3,58,-1,,2,2,0,2,(1),(1),3,, -1,1,0,1,50,23,2,2021,16:50,1,8,8003,2,1,0,6,3 Avenue Arthur Rimbaud,49.774849,4.763626,16,1,1
202100055816,102Â 101,A01,1,1,1,0,1,0,-1,-1, -1,-1,2021,23.0,1,5,0,2,1,5,1,,7,JEAN PAUL SARTRE (AVENUE),0,,3,2,0,1,5,300,1,, -1,1,0,1,50,7,1,2021,02:25,5,13,13213,2,1,0,1,JEAN PAUL SARTRE (AVENUE),43.3269314409,5.4258045409,2,2,2
202100048287,115Â 440,B01,2,2,2,9,2,6,-1,0,0,-1,2021,21.0,1,1,0,2,7,1,3,,4,AVENUE JEAN JAURES,0,,2,4,0,1,(1),(1),1,, -1,2,0,1,50,12,3,2021,19:20,5,75,75119,2,3,1,3,AVENUE JEAN JAURES,48.885177,2.379389,19,3,2
202100015432,174Â 123,A01,10,3,2,5,0,-1,-1,3,3,2,2021,30.0,2,2,0,1,1,1,1,,3,D947,0,D,2,2,0,1,17,(1),1,, -1,1,9,1,50,3,10,2021,17:45,1,59,59212,2,1,0,6,49 Rue du General de Gaulle,50.644203,2.723785,17,3,1
202100047231,117Â 337,B01,1,1,1,0,8,0,-1,-1, -1,-1,2021,42.0,3,2,0,2,6,0,1,,4,EMILE ZOLA (RUE),0,,1,-1,0,1,(1),(1),1,, -1,1,0,1,50,20,3,2021,18:00,1,13,13209,2,1,0,2,EMILE ZOLA (RUE),43.247159,5.401488,18,2,2
202100015876,173Â 299,A01,1,1,1,1,1,-1,-1,-1,0,-1,2021,33.0,3,2,1,0,1,1,1,,4,FAURE (RUE FELIX),0,,2,2,0,1,(1),(1),1,, -1,1,0,1,30,30,9,2021,18:55,1,95,95585,2,1,0,6,FAURE (RUE FELIX),48.99583,2.37222,18,1,1
202100054920,103Â 641,A01,1,1,1,4,2,8,-1,0,0,-1,2021,32.0,2,1,0,0,0,1,1,,4,RUE DE BELLEVILLE,0,,2,5,3,1,(1),(1),1,, -1,2,0,1,50,14,1,2021,21:25,5,75,75119,2,5,1,7,RUE DE BELLEVILLE,48.8771961872,2.4065798521,21,1,1
202100009122,185Â 404,B01,1,1,1,5,2,6,-1,0,0,-1,2021,19.0,2,1,0,2,8,1,1,,4,RUE LA BOETIE,0,,1,3,3,1,(1),(1),1,, -1,1,0,1,30,6,11,2021,17:10,5,75,75108,2,2,0,3,RUE LA BOETIE,48.873935,2.315896,17,3,2
202100054805,103Â 833,A01,1,1,1,4,1,-1,-1,0,0,-1,2021,22.0,1,5,0,2,1,1,1,,3,,-1,,2,2,0,1,(1),(1),1,, -1,2,0,1,50,6,1,2021,16:09,2,57,57618,2,3,1,3,Rue Freyfeld,48.717353,7.187467,16,5,2
202100005998,191Â 077,B01,2,2,1,5,2,0,-1,0,0,-1,2021,21.0,1,1,0,2,1,2,3,,4,BOULEVARD DE ROCHECHOUART,0,,3,2,0,2,(1),(1),1,, -1,2,0,1,30,26,11,2021,04:55,5,75,75109,2,2,1,2,BOULEVARD DE ROCHECHOUART,48.88361,2.349518,4,3,2
202100008607,186Â 354,A01,1,1,1,1,8,0,-1,0,0,-1,2021,13.0,1,1,0,2,1,5,3,,4,RUE DU TEMPLE,0,,1,2,3,1,(1),(1),1,, -1,1,0,1,30,10,11,2021,08:00,2,75,75103,2,3,0,3,RUE DU TEMPLE,48.865395,2.360447,8,2,2
202100049201,113Â 813,B01,1,1,2,1,1,8,-1,-1, -1,-1,2021,58.0,2,2,0,2,5,1,1,,1,A7-Sens Marseille vers Lyon,0,,1,2,0,1,264,500,1,, -1,1,0,1,110,5,3,2021,18:30,3,13,13071,1,1,0,3,A7-Sens Marseille vers Lyon,43.416209,5.276758,18,2,2
202100013814,177Â 002,B01,1,1,1,0,2,8,-1,-1, -1,-1,2021,75.0,3,1,0,2,7,1,1,,4,BAS DU FORT,0,,2,2,0,1,0,0,1,, -1,1,0,1,50,9,10,2021,13:35,1,971,97113,2,3,0,3,BAS DU FORT,16.21651,-61.51996,13,2,2
202100043042,124Â 738,A01,1,1,1,0,1,0,-1,-1, -1,-1,2021,21.0,1,2,0,2,4,23,1,,4,BASSINS DE RADOUB (BOULEVARD DES),0,,2,5,0,1,(1),(1),1,, -1,1,0,1,50,22,4,2021,16:00,1,13,13202,2,1,0,2,BASSINS DE RADOUB (BOULEVARD DES),43.32048,5.36293,16,2,2
202100020943,164Â 227,A01,2,2,2,5,6,2,-1,0,0,-1,2021,50.0,1,1,0,0,8,1,1,,3,114,-1,,2,2,0,1,12,500,2,, -1,1,0,1,80,5,9,2021,16:15,1,52,52491,1,1,0,7,Rue de Germay,48.421967,5.309572,16,2,1
202100053624,105Â 873,B01,1,1,2,1,1,0,-1,0,0,-1,2021,51.0,1,2,0,2,6,1,1,,4,BOULEVARD PERIPHERIQUE,0,,1,4,0,1,12,0,1,, -1,1,0,1,70,25,1,2021,13:10,1,75,75116,2,4,0,3,BOULEVARD PERIPHERIQUE,48.846483,2.254921,13,2,2
202100022404,161Â 598,B01,1,1,1,0,2,0,-1,-1, -1,-1,2021,35.0,3,1,0,2,9,1,1,,4,FÃ©licien FLORENT (Rue),0,,2,1,0,1,0,9,1,, -1,1,0,1,50,23,8,2021,16:50,1,84,84007,2,1,0,3,FÃ©licien FLORENT (Rue),43.91699,4.88889,16,2,2
202100046171,119Â 238,A01,1,1,1,5,2,-1,-1,0,0,-1,2021,25.0,2,1,0,2,1,17,1,,3,678,-1,,2,2,0,1,32,250,1,, -1,1,0,1,50,30,3,2021,16:05,1,71,71263,2,1,0,3,9 Route de Dijon,46.6427500086,5.2094015091,16,2,2
202100037098,135Â 393,A01,1,1,1,3,1,-1,-1,0,0,-1,2021,78.0,2,2,0,2,1,19,1,,3,105,0, -,2,2,0,1,5,219,1,, -1,1,0,1,80,1,6,2021,09:00,1,41,41231,1,2,0,3,La Margotiere,47.499529,1.989577,9,3,2
202100047913,116Â 093,A01,2,2,1,5,1,0,-1,-1, -1,-1,2021,25.0,1,2,0,2,2,17,1,,3,ROUTE DE CHATEAUNEUF,0,,2,2,0,1,0,0,1,, -1,1,0,1,80,15,3,2021,13:40,1,84,84087,1,1,0,3,ROUTE DE CHATEAUNEUF,44.10193,4.8222,13,3,2
202100006443,190Â 280,A01,10,3,1,0,0,-1,-1,3,3,1,2021,95.0,3,2,0,1,1,15,1,,4,GOUDARD (RUE),0,,1,1,0,1,0,0,1,, -1,2,0,1,50,24,11,2021,18:40,5,13,13205,2,1,1,6,GOUDARD (RUE),43.29413,5.39425,18,2,1
202100056464,100Â 975,A01,1,1,1,9,8,-1,-1,0,0,-1,2021,30.0,2,2,3,0,2,1,1,,3,D8,0,,2,2,0,1,11,600,1,, -1,2,2,4,80,3,1,2021,02:00,3,70,70504,1,1,1,6,D8,47.61213,5.964192,2,2,1