Num_Acc,id_vehicule,num_veh,place,catu,sexe,trajet,secu1,secu2,secu3,locp,actp,etatp,year_acc,victim_age,senc,catv,obs,obsm,choc,manv,motor,occutc,catr,voie,v1,v2,circ,nbv,vosp,prof,pr,pr1,plan,lartpc,larrout,surf,infra,situ,vma,jour,mois,an,hrmn,lum,dep,com,agg_,int,atm,col,adr,lat,long,hour,nb_victim,nb_vehicules
202100053395,106Â 281,A01,1,1,2,5,8,-1,-1,0,0,-1,2021,36.0,2,2,0,2,5,13,1,,3,83,-1,,2,2,0,2,3,900,2,, -1,2,0,1,80,28,1,2021,09:20,1,91,91654,1,1,1,1,D83,48.472694,2.390932,9,3,2
202100041617,127Â 215,A01,1,1,2,5,1,-1,-1,0,0,-1,2021,18.0,3,2,9,0,1,16,1,,4,,0,,2,2,0,1,(1),(1),1,,4,1,0,4,30,4,5,2021,14:30,1,38,38344,2,3,0,6,Route de Salaise,45.36106,4.80809,14,1,1
202100053612,105Â 888,B01,1,1,2,1,1,0,-1,-1, -1,-1,2021,34.0,1,2,0,9,1,1,1,,3,RD 920,0,,2,2,0,1,26,745,1,, -1,2,0,1,90,25,1,2021,08:10,2,15,15012,1,1,0,1,RD 920,44.880332,2.448192,8,4,2
202100023064,160Â 393,A01,1,1,2,5,1,0,-1,-1, -1,-1,2021,21.0,2,2,1,0,2,1,1,,4,CHEVALLIER (RUE AUGUSTE),0,,1,1,1,1,(1),(1),1,, -1,1,0,1,50,1,8,2021,06:34,1,37,37261,2,1,0,6,CHEVALLIER (RUE AUGUSTE),47.3819155946,0.6789225614,6,1,1
202100019416,166Â 928,B01,2,2,2,5,1,-1,-1,0,0,-1,2021,64.0,1,2,0,2,3,1,1,,3,58,-1,,2,2,0,2,9,0,2,, -1,1,0,3,70,12,9,2021,20:10,2,14,14620,1,1,0,1,D58,49.3164363094,0.1762157679,20,3,2
202100038169,133Â 420,B01,2,2,2,0,2,6,-1,-1, -1,-1,2021,49.0,2,1,0,2,2,1,1,,7,GENERAL DE GAULLE (ROUTE DU),0,,3,2,1,1,(1),(1),1,, -1,1,0,1,50,22,5,2021,12:00,1,67,67447,2,1,0,3,GENERAL DE GAULLE (ROUTE DU),48.6086154096,7.7348227573,12,3,2
202100030222,147Â 742,Z01,10,3,1,5,0,-1,-1,4,3,2,2021,51.0,1,1,0,1,1,1,1,,4,RUE DE RENNES,0,,2,4,0,1,(1),(1),1,, -1,1,0,1,50,7,7,2021,12:45,1,75,75106,2,3,0,6,RUE DE RENNES,48.845645,2.325591,12,3,1
202100053320,106Â 415,A01,10,3,2,2,0,-1,-1,4,3,1,2021,16.0,3,2,0,1,1,1,1,,7,307,0,,2,2,0,2,64,650,1,, -1,2,0,1,50,28,1,2021,18:30,5,69,69276,2,1,1,6,LYON (DE) (RTE)                          ,45.679995867,4.861222744,18,4,1
202100002816,196Â 738,A01,10,3,1,0,0,-1,-1,4,3,2,2021,31.0,1,2,0,1,1,17,1,,3,"""PAUL VAILLANT COUTURIER (AVENUE """"DU 01",0,,2,2,0,1,0,1,1,, -1,1,0,1,50,15,12,2021,22:05,5,93,93007,2,2,0,3,"""PAUL VAILLANT COUTURIER (AVENUE """"DU 01",48.9289527607,2.478166702,22,3,2
202100010851,182Â 330,A01,1,1,1,4,2,0,-1,-1, -1,-1,2021,31.0,2,1,0,0,3,15,1,,3,94,0,,1,1,0,1,0,100,1,, -1,1,5,1,50,26,10,2021,21:20,4,91,91691,2,6,0,7,RUE DE VILLECRESNES,48.70745,2.4985,21,1,1
202100028891,150Â 080,A01,1,1,1,4,1,-1,-1,0,0,-1,2021,37.0,1,5,3,2,2,2,1,,3,137,-1,,3,4,0,1,84,250,1,, -1,1,0,1,110,15,7,2021,05:45,2,35,35226,1,1,0,2,RD 137,48.386601,-1.903041,5,2,2
202100050570,111Â 294,A01,1,1,1,0,8,0,-1,-1, -1,-1,2021,29.0,1,1,0,2,1,5,3,,4,LECLERC GENERAL (AV) PAIRS 70 ET plus,0,,1,1,0,2,0,0,1,, -1,1,0,1,50,22,2,2021,11:45,1,72,72181,2,9,1,3,LECLERC GENERAL (AV) PAIRS 70 ET plus,47.99675,0.19328,11,2,2
202100022039,162Â 234,A01,1,1,1,5,1,4,-1,-1, -1,-1,2021,21.0,1,2,0,2,1,2,1,,1,6,0,,3,3,0,1,13,0,1,, -1,1,0,1,110,28,8,2021,20:15,1,91,91161,1,1,0,2,AUTOROUTE A6,48.70186,2.30822,20,4,2
202100037917,133Â 891,A01,2,2,2,5,1,-1,-1,0,0,-1,2021,83.0,2,2,0,2,3,9,1,,2,67,-1,,2,2,0,4,46,650,2,, -1,1,0,1,80,28,5,2021,17:10,1,52,52230,1,9,0,3,N67 PK46.650,48.321346,5.119999,17,3,2
202100037358,134Â 891,B01,1,1,1,5,2,6,-1,0,0,-1,2021,25.0,1,1,0,2,1,1,1,,3,134,-1,,2,2,0,3,2,400,1,, -1,1,0,1,80,1,6,2021,18:05,1,28,28393,1,2,0,6,Lieu Dit Moulu (ÃcublÃ©),48.568081,1.30174,18,3,2
202100042941,124Â 914,A01,1,1,1,5,2,6,9,0,0,-1,2021,28.0,2,1,14,0,8,1,1,,3,13,-1,D,2,2,0,1,9,845,2,, -1,1,0,1,70,23,4,2021,17:35,1,47,47140,1,1,0,7,Hameau de Saint-julien,44.275047,0.629911,17,1,1
202100042802,125Â 151,A01,10,3,1,9,8,8,-1,9,3,1,2021,53.0,3,1,0,1,7,0,0,,4,WAGNER (AVENUE RICHARD),0,,2,1,0,1,0,0,1,, -1,1,0,1,30,23,4,2021,19:35,3,974,97411,2,9,0,3,WAGNER (AVENUE RICHARD),-20.8978,55.4838,19,2,1
202100026352,154Â 592,B01,1,1,1,4,2,0,-1,-1, -1,-1,2021,28.0,1,1,0,2,2,19,1,,3,VAILLANT COUTURIER (AVENUE PAUL),0,,1,4,3,1,0,0,1,, -1,1,0,1,50,30,7,2021,21:00,2,93,93008,2,1,0,3,VAILLANT COUTURIER (AVENUE PAUL),48.910574,2.441978,21,2,2
202100009190,185Â 281,B01,1,1,1,1,1,0,-1,-1, -1,-1,2021,38.0,2,2,0,2,4,2,1,,1,A86.EXT,0,,3,2,0,1,29,100,1,, -1,1,0,1,90,6,11,2021,19:00,3,94,94033,1,1,0,2,A86.EXT,48.860366938,2.4850559235,19,4,4
202100007532,188Â 287,A01,1,1,2,9,1,-1,-1,0,0,-1,2021,54.0,0,2,0,6,1,1,1,,3,932,0,A,2,2,0,1,20,900,1,, -1,2,0,1,80,6,11,2021,21:43,3,60,60338,1,1,0,6,D932a,49.3430582359,2.7721295355,21,1,1
202100038033,133Â 678,A01,10,3,2,3,0,-1,-1,3,3,-1,2021,58.0,2,2,0,1,1,1,1,,3,SAINT NICOLAS ( BD ) IMPAIR,0,,2,4,1,1,48,485,1,, -1,1,0,1,50,27,5,2021,11:00,1,1,1053,2,1,0,6,SAINT NICOLAS ( BD ) IMPAIR,46.205837,5.234576,11,2,1
202100020537,164Â 929,B01,4,2,1,5,1,-1,-1,-1, -1,-1,2021,11.0,1,2,0,2,4,1,0,,3,D259,0,,2,2,0,2,3,678,2,, -1,1,0,1,80,6,9,2021,09:10,1,33,33529,1,1,0,2,D259,44.5995,-1.1872,9,4,2
202100007533,188Â 285,C01,1,1,2,1,1,-1,-1,0,0,-1,2021,54.0,2,2,0,2,1,1,1,,1,A16,-1,,3,2,0,1,214,690,1,, -1,2,0,1,130,19,11,2021,07:30,1,62,62196,1,1,1,4,A16,50.47334,1.701353,7,6,4
202100003899,194Â 786,A01,10,3,2,3,0,-1,-1,3,3,1,2021,71.0,1,5,0,1,2,1,1,,3,29,-1,,2,2,0,2,(1),(1),1,, -1,2,0,1,50,10,12,2021,13:55,1,50,50111,2,7,1,6,4 Rue des Juifs,49.025829,-1.28407,13,2,1
202100042265,126Â 082,A01,1,1,1,1,1,-1,-1,0,0,-1,2021,36.0,2,2,6,0,1,13,1,,3,27,0,D,2,2,0,1,3,340,1,, -1,1,2,3,80,28,4,2021,21:15,5,9,9076,1,1,0,6,dÃ©partementale 27,43.256065,1.539524,21,1,1
202100051547,109Â 560,A01,1,1,2,1,1,-1,-1,0,0,-1,2021,52.0,0,2,13,0,2,1,1,,3,83,-1,,2,2,0,1,2,150,1,, -1,1,0,1,80,15,2,2021,07:00,4,24,24064,1,1,0,3,Les gourdou,45.373554,0.685143,7,2,2
202100027578,152Â 428,A01,1,1,1,1,2,6,-1,-1, -1,-1,2021,33.0,2,1,0,2,1,1,1,,3,ALSACE LORRAINE (BD D),0,,3,2,3,2,1,0,1,, -1,1,0,1,50,22,7,2021,07:30,1,94,94058,2,1,0,3,Boulevard dâAlsace-Lorraine,48.851893,2.509093,7,2,2
202100028191,151Â 304,B01,1,1,1,5,2,6,-1,0,0,-1,2021,62.0,2,1,0,0,6,2,6,,3,14,-1,,2,2,0,2,29,300,1,, -1,1,0,1,80,20,7,2021,07:30,1,9,9124,1,1,1,3,D14,43.174074,1.424489,7,2,2
202100004689,193Â 394,B01,2,2,1,5,1,0,-1,-1, -1,-1,2021,18.0,3,2,0,2,2,1,1,,2,TOUTES RUES,0,,1,2,0,1,1,0,1,, -1,1,9,1,50,4,12,2021,07:25,2,202,202037,2,9,0,3,TOUTES RUES,42.62338,9.43683,7,4,2
202100016681,171Â 812,A01,10,3,2,5,0,-1,-1,4,3,1,2021,60.0,1,2,0,1,1,1,2,,4,RUE DE LA CITE,0,,1,3,0,1,(1),(1),1,, -1,2,0,1,30,26,9,2021,15:35,1,75,75104,2,2,1,6,RUE DE LA CITE,48.855667,2.348358,15,2,1
202100024550,157Â 777,A01,2,2,1,5,2,6,-1,0,0,-1,2021,24.0,1,1,0,2,2,2,1,,4,BOULEVARD MALESHERBES,0,,2,4,0,1,(1),(1),1,, -1,1,0,1,50,12,8,2021,17:25,1,75,75117,2,1,0,2,BOULEVARD MALESHERBES,48.888276,2.304442,17,3,2
202100046560,118Â 544,A01,1,1,1,0,2,6,-1,-1, -1,-1,2021,30.0,2,1,0,2,7,1,1,,3,vahibe-Departementale 3 ( route ),0,,2,0,0,1,0,0,1,, -1,1,0,1,50,24,3,2021,17:35,2,976,97611,2,6,0,1,passamanty-VahibÃ© ( route ),-12.80097,45.20607,17,2,2
202100019292,167Â 153,A01,1,1,1,0,1,-1,-1,0,0,-1,2021,23.0,1,2,2,0,1,13,1,,3,54,0,,2,2,0,2,23,1480,3,, -1,1,0,3,80,11,9,2021,07:50,2,35,35124,1,3,0,6,D54,47.724783,-1.724945,7,1,1
202100010662,182Â 673,B01,1,1,1,1,2,6,-1,-1, -1,-1,2021,21.0,1,1,0,2,7,3,1,,1,ROCADE A 630,0,,3,6,0,1,0,398,1,, -1,1,0,1,90,27,10,2021,09:05,1,33,33249,1,1,0,4,ROCADE A 630,44.884691,-0.511765,9,3,3
202100041841,126Â 827,A01,5,2,1,5,0,-1,-1,0,0,-1,2021,40.0,1,2,13,0,2,1,1,,4,,-1,,2,2,0,1,(1),(1),2,, -1,1,0,3,50,1,5,2021,20:00,1,71,71351,2,1,0,7,Chemin de la Ferme Rouge,46.887665,5.280862,20,3,1
202100025926,155Â 341,A01,1,1,2,0,2,-1,-1,0,0,-1,2021,32.0,2,1,3,0,1,0,1,,1,709,0,A,-1,1,0,2,10,0,3,, -1,1,3,3,50,2,8,2021,21:00,1,34,34172,1,9,0,6,A709,43.606387,3.93332,21,1,1
202100019123,167Â 442,A01,1,1,1,0,2,6,-1,-1, -1,-1,2021,24.0,1,1,0,2,1,1,1,,1,AUTOROUTE A3,0,,3,8,0,2,3,599,1,, -1,1,0,1,90,13,9,2021,10:05,1,93,93053,1,1,0,2,AUTOROUTE A3,48.88141,2.45405,10,2,2
202100049321,113Â 603,A01,1,1,1,5,1,-1,-1,0,0,-1,2021,28.0,2,2,0,2,6,12,1,,1,16,0,A,1,2,0,2,64,900,1,, -1,1,0,1,130,4,3,2021,12:50,1,60,60598,1,1,0,3,A16,49.3728551757,2.1092333792,12,2,2
202100028765,150Â 308,A01,1,1,1,5,2,6,9,0,0,-1,2021,48.0,1,1,0,0,0,1,1,,3,900,0,,2,2,0,1,99,50,2,, -1,1,0,8,80,17,7,2021,17:00,1,4,4062,1,1,0,7,RD 900,44.454656,6.74368,17,2,1
202100026093,155Â 050,A01,1,1,1,1,1,0,-1,-1, -1,-1,2021,25.0,1,2,4,0,2,14,1,,1,A7-Sens Lyon vers Marseille,0,,1,3,0,1,276,899,1,, -1,1,0,1,90,31,7,2021,08:45,1,13,13215,2,1,0,7,A7-Sens Lyon vers Marseille,43.34994,5.36872,8,1,1
202100047487,116Â 881,A01,1,1,2,5,1,0,-1,-1, -1,-1,2021,58.0,2,2,0,2,1,5,1,,4,MICHELET,0,,1,1,0,2,0,0,2,, -1,3,0,1,50,12,3,2021,08:10,1,64,64445,2,6,0,3,MICHELET,43.30022,-0.37716,8,2,2
202100044375,122Â 351,B01,2,2,2,5,1,0,-1,-1, -1,-1,2021,17.0,0,5,0,2,8,1,1,,3,CHAPIT RE ( RUE DU),0,,2,3,0,1,0,0,1,, -1,1,0,1,50,11,4,2021,14:30,1,93,93073,1,1,0,3,CHAPIT RE ( RUE DU),48.98362,2.54105,14,5,2
202100050642,111Â 164,B01,1,1,1,5,2,6,-1,0,0,-1,2021,28.0,2,1,15,9,1,1,1,,4,,0,,2,2,0,1,(1),(1),1,, -1,1,0,1,80,20,2,2021,15:25,1,26,26038,1,1,0,3,2625 Route des Vignes,45.043016,4.911264,15,2,2
202100031300,145Â 791,A01,1,1,1,9,2,0,-1,0,0,-1,2021,58.0,1,1,14,0,1,14,1,,4,RUE FROIDEVAUX,0,,2,3,0,1,(1),(1),1,, -1,1,0,1,50,2,7,2021,05:20,2,75,75114,2,7,0,6,RUE FROIDEVAUX,48.834749,2.331174,5,1,1
202100025864,155Â 454,A01,2,2,1,5,1,-1,-1,0,0,-1,2021,20.0,2,2,13,0,1,1,1,,3,82,-1,F,2,2,0,1,1,1350,3,, -1,2,0,3,80,13,3,2021,18:15,2,38,38124,1,1,1,6,Route de la ChÃ¨vre,45.605692,5.564356,18,2,1
202100002173,197Â 902,A01,1,1,1,1,2,6,-1,0,0,-1,2021,17.0,1,1,0,2,7,2,1,,3,927,0,D,2,2,0,1,23,118,1,, -1,1,0,1,50,21,12,2021,12:45,1,76,76700,2,1,0,7,rue guy de maupassant,49.682083,1.047167,12,1,1
202100019706,166Â 420,B01,1,1,1,0,2,8,-1,-1, -1,-1,2021,17.0,3,1,0,2,3,19,1,,4,BROSSOLETTE PIERRE (AV),0,,2,3,0,1,0,0,1,, -1,2,0,1,50,10,9,2021,13:00,1,13,13001,2,2,1,3,BROSSOLETTE PIERRE (AV),43.5192495257,5.4427279565,13,2,2
202100055118,103Â 289,A01,10,3,2,1,8,-1,-1,3,3,1,2021,40.0,3,2,0,1,3,15,1,,4,,-1,,1,1,3,1,(1),(1),3,, -1,1,0,1,50,11,1,2021,13:30,1,95,95199,2,1,0,6,Rue Censier,49.0323200734,2.3380962734,13,2,1
202100009130,185Â 391,A01,1,1,1,1,1,0,-1,-1, -1,-1,2021,48.0,-1,2,0,2,1,2,1,,3,MARX DORMOY (RUE),0,,2,3,0,1,1,0,1,, -1,1,0,1,50,5,11,2021,18:30,5,93,93050,1,9,0,2,MARX DORMOY (RUE),48.8547379734,2.532109414,18,2,2
202100003675,195Â 189,A01,10,3,1,3,8,8,-1,4,3,1,2021,82.0,1,2,0,1,2,1,1,,7,EUGENE MONTEL (BOULEVARD),0,,3,2,0,1,14,75,1,, -1,2,9,1,50,8,12,2021,17:49,5,31,31149,2,1,1,6,EUGENE MONTEL (BOULEVARD),43.609431,1.336395,17,2,1
202100012627,179Â 142,A01,1,1,1,5,1,0,-1,-1, -1,-1,2021,19.0,1,2,0,2,3,13,1,,4,PIETRI FRANCOIS RUE,0,,2,2,0,1,(1),(1),1,, -1,1,0,1,50,16,10,2021,18:30,1,201,201004,2,1,0,3,PIETRI FRANCOIS RUE,41.9351368734,8.7471578848,18,2,2
202100014981,174Â 928,B01,1,1,2,5,1,0,-1,-1, -1,-1,2021,30.0,2,2,0,2,4,2,1,,2,SAINT MARTIAL (QUAI),0,,4,6,0,1,12,500,1,, -1,2,0,1,50,4,10,2021,06:51,5,87,87085,2,3,0,2,SAINT MARTIAL (QUAI),45.82133,1.2631,6,2,2
202100045353,120Â 674,A01,1,1,1,1,2,0,-1,-1, -1,-1,2021,42.0,0,1,0,0,8,1,0,,4,AV GABRIEL PERI,0,,2,2,0,1,0,0,1,, -1,1,9,1,50,2,4,2021,10:16,1,91,91589,2,1,0,3,AV GABRIEL PERI,48.68936,2.35433,10,2,2
202100016143,172Â 787,B01,1,1,1,1,8,0,-1,-1, -1,-1,2021,31.0,2,1,0,2,1,19,5,,4,CALMETTE BV.DU DOCTEUR,0,,3,4,0,1,(1),(1),1,, -1,1,0,1,50,28,9,2021,17:50,1,59,59350,2,1,0,3,CALMETTE BV.DU DOCTEUR,50.62908,3.07545,17,2,2
202100015574,173Â 847,A01,1,1,1,0,1,0,-1,-1, -1,-1,2021,22.0,1,5,0,2,3,9,1,,7,AVENUE GABRIEL PÃRI,0,,1,2,0,1,0,800,1,, -1,1,0,1,50,2,10,2021,23:44,5,38,38421,2,3,0,1,AVENUE GABRIEL PÃRI,45.1845,5.76777,23,6,3
202100055872,102Â 012,A01,1,1,1,0,0,-1,-1,0,0,-1,2021,55.0,3,1,0,2,2,11,5,,4,,-1,,2,2,0,1,(1),(1),1,, -1,2,0,1,50,8,1,2021,19:25,5,973,97309,2,9,1,1,rue gaston monnerville,4.887064,-52.276801,19,2,2
202100014860,175Â 150,A01,10,3,2,2,0,-1,-1,3,3,2,2021,2.0,2,1,0,1,8,14,1,,3,GUYNEMER (RUE),0,,3,5,0,1,0,1,1,, -1,2,6,1,50,5,10,2021,09:00,1,93,93013,2,2,1,6,Avenue John Fitzgerald Kennedy / Avenue de la Division Leclerc,48.937845,2.42868,9,2,1
202100049486,113Â 299,B01,2,2,1,0,1,0,-1,-1, -1,-1,2021,12.0,1,2,0,2,2,2,1,,4,JULIEN PANCHOT (AVENUE),0,,2,2,0,1,(1),(1),1,, -1,1,0,1,50,1,3,2021,17:40,1,66,66136,2,3,0,3,JULIEN PANCHOT (AVENUE),42.68595,2.86815,17,3,2
202100009025,185Â 581,A01,10,3,1,2,0,-1,-1,2,3,1,2021,10.0,1,5,0,1,6,1,1,,3,108,-1,,2,2,0,2,0,100,1,, -1,1,0,1,50,4,11,2021,16:10,1,971,97116,2,1,0,6,Chemin de Brion Lebraire,16.33068,-61.458284,16,2,1
202100039426,131Â 127,B01,1,1,1,0,2,0,-1,-1, -1,-1,2021,16.0,1,1,0,2,0,1,1,,3,SIMON VOUET (AVENUE),0,,3,4,0,1,3,812,1,, -1,2,0,1,50,18,5,2021,19:45,1,78,78502,2,1,1,3,SIMON VOUET (AVENUE),48.87791,2.1152,19,2,2
202100002666,197Â 018,A01,1,1,1,5,1,-1,-1,0,0,-1,2021,44.0,0,2,0,2,1,15,1,,3,200,-1,,2,4,0,1,25,100,1,, -1,1,0,1,90,17,12,2021,08:20,1,60,60102,1,1,0,1,RD 200,49.306532,2.533379,8,3,2
202100044204,122Â 663,A01,2,2,1,0,2,-1,-1,0,0,-1,2021,22.0,3,1,0,0,9,14,1,,4,,-1,,2,2,0,1,(1),(1),1,, -1,2,0,1,50,15,4,2021,00:15,3,988,98805,1,1,0,7,ROUTE DE LA NONDOUE,-22.14637,166.450746,0,2,1
202100034827,139Â 458,A01,1,1,1,1,2,6,-1,0,0,-1,2021,45.0,1,1,0,2,0,17,1,,3,3,-1,,2,2,0,1,38,100,2,, -1,1,0,1,80,13,6,2021,13:05,1,51,51434,1,1,0,3,D3,49.0146803312,4.0664916097,13,2,2
202100012078,180Â 126,A01,10,3,2,0,0,-1,-1,4,3,1,2021,30.0,1,1,0,1,1,1,5,,4,,0,,2,2,0,1,3,0,1,, -1,1,0,1,50,20,10,2021,18:48,5,92,92012,2,2,0,6,JEAN JAURES (BOULEVARD) 1/61 - COTE IMPA,48.8450435946,2.2372211516,18,2,1
202100013348,177Â 890,A01,1,1,1,5,2,-1,-1,0,0,-1,2021,61.0,1,1,0,0,0,0,1,,3,731,0,D,-1,2,0,1,38,500,2,, -1,1,0,1,90,9,10,2021,17:00,1,16,16105,1,1,0,7,pk38+500,45.418094,-0.148745,17,1,1
202100020010,165Â 863,B01,1,1,2,4,1,-1,-1,-1, -1,-1,2021,34.0,1,2,0,2,4,2,1,,1,ROCADE A 630,0,,3,6,0,1,26,500,1,, -1,1,0,1,90,8,9,2021,19:00,1,33,33192,1,1,0,2,ROCADE A 630,44.789934,-0.606335,19,2,2
202100034352,140Â 331,B01,2,2,2,3,1,-1,-1,0,0,-1,2021,23.0,1,2,0,2,1,1,1,,3,,0,D,2,2,2,1,10,500,3,, -1,1,0,1,80,15,6,2021,17:30,1,63,63273,1,3,0,3,RD212/VC,45.728993,3.250757,17,3,2
202100037055,135Â 466,A01,2,2,2,5,2,8,-1,0,0,-1,2021,39.0,2,1,0,2,3,18,1,,4,BOULEVARD DES CAPUCINES,0,,2,4,3,1,(1),(1),1,, -1,1,0,6,50,1,6,2021,11:00,1,75,75102,2,2,0,3,BOULEVARD DES CAPUCINES,48.870243,2.329962,11,3,2
202100030192,147Â 802,A01,3,2,2,5,8,-1,-1,-1, -1,-1,2021,22.0,2,2,13,0,1,26,1,,4,AVE DU MEDOC,0,,2,2,0,1,(1),(1),1,, -1,1,0,1,50,7,7,2021,01:20,4,33,33162,2,1,0,7,Avenue du MÃ©doc,44.89091,-0.65656,1,3,1
202100014714,175Â 414,A01,1,1,1,1,2,6,-1,0,0,-1,2021,49.0,1,1,0,0,0,1,1,,3,55,-1,,1,1,0,1,(1),(1),2,, -1,1,5,1,50,8,10,2021,13:09,1,14,14762,2,6,0,7,Giratoire de la gare,48.845779,-0.884684,13,1,1
202100006012,191Â 049,B01,1,1,1,0,2,0,-1,-1, -1,-1,2021,25.0,-1,1,0,2,7,0,1,,3,STALINGRAD AV.,0,,-1,2,0,1,0,1,1,, -1,2,0,1,15,27,11,2021,17:30,5,93,93006,2,2,0,3,STALINGRAD AV.,48.8742,2.428,17,2,2
202100009645,184Â 466,A01,10,3,1,1,0,-1,-1,2,3,1,2021,26.0,0,2,0,1,1,9,1,,4,AULNAY (ROUTE) DE 1 A 45 COTE IMPAIRE,0,,2,2,0,2,1,0,1,, -1,2,0,1,50,3,11,2021,08:15,1,93,93010,2,1,0,6,AULNAY (ROUTE) DE 1 A 45 COTE IMPAIRE,48.9082328348,2.4801834324,8,2,1
202100034313,140Â 401,A01,1,1,1,9,8,0,-1,0,0,-1,2021,42.0,2,1,0,2,1,1,5,,4,QUAI DES CELESTINS,0,,2,2,1,1,(1),(1),1,, -1,1,0,5,30,14,6,2021,22:15,1,75,75104,2,1,0,1,QUAI DES CELESTINS,48.852254,2.360731,22,2,2
202100011467,181Â 225,A01,10,3,1,5,0,-1,-1,1,1,1,2021,29.0,1,2,0,1,3,1,1,,3,67,0,,2,2,0,1,1,550,1,, -1,2,0,1,80,23,10,2021,00:22,3,29,29260,1,1,1,6,D27 - Rue de Aber ,48.439636,-4.640286,0,2,1
202100049820,112Â 700,B01,1,1,1,0,2,6,-1,0,0,-1,2021,61.0,3,1,0,2,7,1,1,,4,,-1,,-1,2,0,1,(1),(1),1,, -1,1,0,1,50,26,2,2021,15:00,1,6,6085,2,1,0,3,Chemin des Peyroues,43.602459,6.986414,15,2,2
202100044971,121Â 345,A01,1,1,2,4,2,0,-1,0,0,-1,2021,52.0,2,1,12,0,0,15,5,,4,PINS ( RUE DES ),0,,1,2,0,1,0,1,1,, -1,1,0,4,50,2,4,2021,14:24,1,5,5061,2,1,0,7,PINS ( RUE DES ),44.56232,6.07742,14,1,1
202100011093,181Â 899,B01,1,1,1,0,2,0,-1,-1, -1,-1,2021,31.0,1,1,0,2,1,17,0,,4,AV DIDIER DAURAT,0,,2,2,0,1,(1),(1),1,, -1,1,0,1,50,7,10,2021,19:15,1,31,31555,2,1,0,3,AV DIDIER DAURAT,43.57261,1.49309,19,2,2
202100026997,153Â 457,A01,1,1,1,9,1,-1,-1,0,0,-1,2021,28.0,2,2,8,0,0,21,1,,3,35,0,D,2,2,0,1,4,977,1,, -1,1,0,8,90,26,7,2021,21:15,3,15,15215,1,1,0,6,Saint-Simon,44.966441,2.474649,21,1,1
202100015121,174Â 681,A01,10,3,1,5,0,-1,-1,2,3,1,2021,59.0,2,2,0,1,3,1,1,,3,GENERAL DE GAULLE (AV DU),0,,2,2,0,1,1,0,1,, -1,2,0,1,50,5,10,2021,13:10,1,94,94067,2,1,0,6,GENERAL DE GAULLE (AV DU),48.8404402284,2.4176230429,13,2,1
202100048053,115Â 849,A01,1,1,1,4,2,7,6,0,0,-1,2021,52.0,1,1,0,2,6,26,1,,2,1,0,,2,2,3,2,(1),(1),1,, -1,1,0,1,90,14,3,2021,18:00,1,974,97415,1,1,0,3,RN 1,-21.016107,55.264218,18,2,2
202100056174,101Â 479,B01,1,1,2,1,1,0,-1,0,0,-1,2021,35.0,2,2,0,2,4,2,1,,4,ECHANGEUR CHAPELLE,0,,1,2,0,1,(1),(1),1,, -1,1,0,1,50,5,1,2021,18:25,4,75,75118,2,4,0,2,ECHANGEUR CHAPELLE,48.9008899341,2.3639216648,18,2,2
202100024811,157Â 306,B01,1,1,1,5,2,-1,-1,0,0,-1,2021,32.0,1,1,13,2,1,17,5,,3,4,-1,,2,2,0,2,15,(1),1,, -1,1,0,1,80,9,8,2021,12:30,1,74,74221,1,1,0,3,Col de la ColombiÃ¨re (Col de montagne),45.991569,6.47341,12,2,2
202100028438,150Â 883,A01,3,2,2,0,8,0,-1,-1, -1,-1,2021,33.0,1,2,0,2,1,2,1,,1,AUTOROUTE A10,0,,3,3,0,1,2,0,1,, -1,1,0,1,110,18,7,2021,02:50,3,92,92002,1,1,0,4,AUTOROUTE A10,48.7294333177,2.3064851761,2,6,3
202100020598,164Â 811,B01,2,2,2,5,1,-1,-1,0,0,-1,2021,21.0,2,2,0,2,1,1,1,,1,16,0,A,1,2,0,1,159,500,1,, -1,1,0,1,130,7,9,2021,10:30,1,80,80009,1,1,0,2,A16,50.074026,1.973248,10,4,2
202100055574,102Â 517,A01,1,1,1,0,2,6,9,0,0,-1,2021,60.0,2,1,0,0,0,1,1,,3,D918,0,,3,2,0,1,34,847,1,, -1,1,0,1,80,9,1,2021,16:35,1,57,57749,1,3,0,7,D918,49.297619,6.586261,16,1,1
202100044991,121Â 309,B01,1,1,1,0,2,0,-1,-1, -1,-1,2021,17.0,3,1,0,2,1,0,1,,3,HENRI BARBUSSE (AV),0,,2,2,0,1,0,0,1,, -1,1,0,1,50,2,4,2021,20:35,2,92,92025,2,1,0,3,HENRI BARBUSSE (AV),48.9147416166,2.2528705001,20,2,2
202100047397,117Â 050,B01,1,1,1,0,2,0,-1,-1, -1,-1,2021,25.0,1,1,0,2,1,1,1,,4,DOCTEUR ZAMENHOF (R DU),0,,2,2,0,2,1,0,1,, -1,1,0,1,50,19,3,2021,12:50,1,94,94078,2,1,0,3,Rue du Docteur Zamenhof,48.728906,2.450487,12,2,2
202100052150,108Â 496,B01,2,2,1,4,2,6,-1,-1, -1,-1,2021,19.0,2,1,0,2,1,1,1,,3,RASPAIL AVENUE,0,,2,2,0,1,1,0,1,, -1,2,5,1,50,7,2,2021,19:50,5,93,93006,2,2,1,1,RASPAIL AVENUE,48.8735532657,2.4336591776,19,3,2