Num_Acc,id_vehicule,num_veh,place,catu,sexe,trajet,secu1,secu2,secu3,locp,actp,etatp,year_acc,victim_age,senc,catv,obs,obsm,choc,manv,motor,occutc,catr,voie,v1,v2,circ,nbv,vosp,prof,pr,pr1,plan,lartpc,larrout,surf,infra,situ,vma,jour,mois,an,hrmn,lum,dep,com,agg_,int,atm,col,adr,lat,long,hour,nb_victim,nb_vehicules
202100018544,168Â 487,B01,1,1,1,9,1,8,-1,0,0,-1,2021,65.0,1,2,0,2,1,26,1,,3,BUXY (ROUTE DE ),0,,2,2,0,1,32,590,1,, -1,1,0,1,80,15,9,2021,15:05,1,71,71475,1,1,0,1,Route de Buxy,46.7500472167,4.8186023694,15,3,2
202100037690,134Â 293,A01,1,1,2,5,1,-1,-1,0,0,-1,2021,30.0,2,2,0,2,3,1,1,,3,120,0,,2,2,0,1,(1),(1),2,, -1,1,0,1,80,28,5,2021,19:20,3,971,97102,1,1,0,1,Mahaudiere,16.443,-61.427007,19,7,2
202100039265,131Â 419,A01,1,1,1,5,8,0,-1,-1, -1,-1,2021,33.0,1,1,11,0,1,26,1,,4,BRUN (AV ROBERT),0,,2,2,0,1,0,0,3,, -1,1,5,3,50,19,5,2021,01:05,5,83,83126,2,9,0,6,BRUN (AV ROBERT),43.116713,5.862904,1,1,1
202100025622,155Â 885,A01,10,3,2,0,0,-1,-1,3,3,2,2021,11.0,3,2,0,1,8,1,1,,4,MISTRAL (BOULEVARD FREDERIC),0,,1,2,0,1,0,0,1,, -1,1,9,1,50,12,6,2021,12:49,1,11,11262,2,1,0,6,MISTRAL (BOULEVARD FREDERIC),43.18696,3.00132,12,2,1
202100034247,140Â 530,B01,1,1,1,4,1,0,-1,-1, -1,-1,2021,49.0,1,5,0,2,4,2,1,,4,NORMAN PRINCE,0,,1,1,1,1,0,0,1,, -1,1,0,1,50,15,6,2021,12:20,1,64,64445,2,1,0,2,NORMAN PRINCE,43.306778523,-0.3418581605,12,2,2
202100018187,169Â 102,A01,1,1,2,1,1,0,-1,-1, -1,-1,2021,60.0,3,2,0,2,3,1,2,,4,LUXEMBOURG (AV DU),0,,2,2,0,1,0,0,1,, -1,1,0,1,50,18,9,2021,17:50,1,94,94073,2,1,0,2,LUXEMBOURG (AV DU),48.76179,2.37059,17,3,3
202100024594,157Â 697,A01,10,3,2,5,0,-1,-1,2,3,1,2021,56.0,3,2,0,1,1,16,1,,9,ALL DU TRAIT D'UNION,0,,3,4,0,1,0,0,1,, -1,1,0,1,50,11,8,2021,09:23,1,77,77251,1,3,0,6,ALL DU TRAIT D'UNION,48.614885,2.544773,9,2,1
202100020614,164Â 776,B01,1,1,1,5,2,-1,-1,0,0,-1,2021,63.0,2,1,0,2,1,15,5,,3,243,-1,,2,2,0,1,7,500,1,, -1,1,0,1,30,31,8,2021,10:55,1,33,33394,2,3,0,3,Lieu Dit Villemaurine,44.896764,-0.152618,10,2,2
202100031696,145Â 104,A01,10,3,1,0,8,8,-1,6,1,1,2021,18.0,1,2,0,1,1,2,1,,2,ROUTE NATIONALE 356,0,,3,4,0,1,0,100,1,, -1,1,0,1,90,29,6,2021,05:35,2,59,59350,1,1,0,6,ROUTE NATIONALE 356,50.616487,3.083014,5,2,1
202100042482,125Â 686,A01,1,1,1,5,8,0,-1,-1, -1,-1,2021,23.0,2,1,0,2,7,1,1,,4,LANGRES (DE) (AVENUE),0,,3,2,0,1,(1),(1),1,, -1,1,0,1,50,25,4,2021,20:30,1,21,21231,2,3,0,3,22 Avenue de Langres,47.34411,5.04515,20,2,2
202100042180,126Â 227,A01,1,1,1,1,1,0,-1,-1, -1,-1,2021,19.0,1,2,12,0,1,9,1,,7,,0,,1,2,0,1,1,280,3,, -1,2,0,4,50,28,4,2021,14:35,1,45,45234,2,6,1,6,D906094-PR 1 + 280,47.924331,1.941201,14,1,1
202100038894,132Â 108,A01,10,3,2,2,0,-1,-1,2,3,1,2021,16.0,1,2,0,1,7,1,1,,4,FEYTIAT (RUE DE),0,,2,2,0,1,0,0,1,, -1,1,0,1,50,19,5,2021,10:55,1,87,87085,2,1,0,6,FEYTIAT (RUE DE),45.82331,1.28071,10,2,1
202100007453,188Â 430,B01,1,1,1,1,1,0,-1,-1, -1,-1,2021,48.0,3,2,0,2,2,1,1,,9,CHAPIT RE ( RUE DU),0,,1,2,0,1,0,0,1,, -1,1,0,1,30,18,11,2021,13:55,1,93,93073,2,2,0,3,CHAPIT RE ( RUE DU),49.00243,2.53333,13,3,2
202100005350,192Â 224,A01,3,2,1,0,8,0,-1,-1, -1,-1,2021,20.0,1,2,6,0,3,1,1,,7,SAINT JEROME (AVENUE DE),0,,2,2,0,1,0,0,1,, -1,1,0,1,50,1,12,2021,02:00,5,13,13213,2,1,0,6,SAINT JEROME (AVENUE DE),43.32822,5.41873,2,4,1
202100025183,156Â 646,A01,1,1,2,5,1,-1,-1,0,0,-1,2021,20.0,1,2,3,0,3,0,1,,2,7,0,,2,2,0,2,55,800,3,, -1,1,0,3,80,8,8,2021,15:30,1,42,42128,1,1,0,6,N7,45.93818,4.297151,15,1,1
202100047886,116Â 143,A01,1,1,1,0,1,0,-1,-1, -1,-1,2021,39.0,1,1,0,0,0,26,1,,2,315,0,,3,4,0,1,3,0,1,, -1,1,0,1,90,16,3,2021,13:55,1,92,92036,1,1,0,5,RN315 W,48.9299797032,2.3022826891,13,4,3
202100021567,163Â 084,B01,1,1,2,9,1,4,-1,-1, -1,-1,2021,22.0,2,2,0,2,1,2,1,,1,AUTOROUTE A86,0,,3,6,0,1,21,0,1,, -1,1,1,1,90,1,9,2021,13:45,1,93,93008,1,1,0,2,AUTOROUTE A86,48.91272,2.43676,13,2,2
202100052942,107Â 089,A01,1,1,1,4,1,-1,-1,0,0,-1,2021,47.0,1,4,3,0,7,14,1,,2,10,0,,3,4,0,2,65,35,1,"12,5",14,1,0,1,90,18,1,2021,18:25,3,16,16287,1,1,0,6,RN 10,45.566768,0.019741,18,1,1
202100054354,104Â 602,A01,1,1,1,5,1,0,-1,0,0,-1,2021,46.0,1,2,4,0,2,1,1,,4,PORTE DE LA CHAPELLE,0,,1,2,0,1,(1),(1),1,, -1,2,0,1,70,17,1,2021,13:10,1,75,75118,2,1,0,6,PORTE DE LA CHAPELLE,48.900366,2.359104,13,1,1
202100005976,191Â 116,Z01,10,3,1,2,8,8,-1,5,2,2,2021,43.0,1,2,0,1,1,14,1,,4,PIERRE ROCHE (RUE),0,,1,2,0,1,0,0,1,, -1,1,0,4,50,26,11,2021,16:30,1,13,13204,2,1,0,6,PIERRE ROCHE (RUE),43.30951,5.40263,16,3,1
202100045699,120Â 055,B01,1,1,1,4,2,-1,-1,0,0,-1,2021,48.0,1,1,0,2,5,1,5,,4,,-1,,1,1,0,1,(1),(1),2,, -1,1,5,1,50,24,3,2021,14:15,1,73,73065,2,6,0,2,Rue de Saint-Ombre,45.594522,5.905323,14,2,2
202100046191,119Â 206,A01,1,1,1,5,0,-1,-1,0,0,-1,2021,77.0,1,1,0,0,7,1,5,,3,747,-1,,2,2,2,1,0,500,1,, -1,1,0,4,50,26,3,2021,11:00,1,67,67067,2,1,0,3,2 A rue de Geudertheim,48.72866,7.716882,11,2,2
202100026945,153Â 550,B01,1,1,1,1,2,6,-1,0,0,-1,2021,41.0,3,1,0,2,4,23,1,,4,PLACE AUGUSTE BARON,0,,1,3,0,1,(1),(1),1,, -1,2,0,1,50,26,7,2021,11:10,1,75,75119,2,7,0,2,PLACE AUGUSTE BARON,48.900148,2.38839,11,3,2
202100019138,167Â 419,A01,10,3,1,5,0,-1,-1,2,5,1,2021,4.0,3,5,0,1,2,1,1,,4,HOSTELLERIE (RUE DE L'),0,,1,1,0,2,(1),(1),1,, -1,1,0,1,50,13,9,2021,18:20,1,95,95252,2,1,0,6,Rue de lâHostellerie,48.98075,2.23276,18,2,1
202100054373,104Â 570,A01,10,3,2,0,0,-1,-1,1,3,1,2021,15.0,-1,2,0,1,1,1,1,,3,BARBUSSE (AVENUE HENRI),0,,1,1,1,1,0,1,1,, -1,1,0,1,50,20,1,2021,13:10,1,93,93027,2,1,0,6,BARBUSSE (AVENUE HENRI),48.93202,2.39151,13,2,1
202100043724,123Â 536,B01,1,1,1,0,1,0,-1,-1, -1,-1,2021,41.0,1,2,0,2,5,14,1,,1,AUTOROUTE A86,0,,3,2,0,1,49,900,3,, -1,1,0,1,90,17,4,2021,13:15,1,94,94034,1,1,0,4,AUTOROUTE A86,48.75629,2.3416,13,3,3
202100000815,200Â 264,A01,10,3,2,3,0,-1,-1,9,3,1,2021,68.0,3,2,0,1,3,9,1,,6,ROCADE OUEST (RD 610),0,,-1,-1,0,1,(1),(1),1,, -1,1,0,1,30,21,12,2021,13:40,1,10,10081,2,9,0,6,ROCADE OUEST (RD 610),48.3070617938,4.0224552155,13,2,1
202100003653,195Â 224,B01,1,1,1,0,8,0,-1,-1, -1,-1,2021,37.0,1,1,0,2,1,1,5,,4,QUAI DE LA FOSSE,0,,3,4,2,1,0,0,1,, -1,1,0,1,50,10,12,2021,18:00,5,44,44109,2,1,0,3,QUAI DE LA FOSSE,47.20997,-1.56425,18,2,2
202100017818,169Â 771,A01,1,1,2,0,2,-1,-1,-1, -1,-1,2021,67.0,0,1,12,0,1,1,3,,3,PRESIDENT FELIX FAURE (BD),0,,2,2,1,2,0,563,1,, -1,1,0,1,50,17,9,2021,18:20,1,76,76552,2,1,0,6,PRESIDENT FELIX FAURE (BD),49.50686,0.0754,18,1,1
202100005370,192Â 186,A01,10,3,2,0,0,-1,-1,2,3,1,2021,73.0,2,5,0,1,3,15,1,,3,ALLIER (PLACE D'),0,,2,2,0,1,0,0,2,, -1,1,0,1,50,25,11,2021,12:40,1,3,3310,2,1,0,6,ALLIER (PLACE D'),46.12128,3.42307,12,2,1
202100047633,116Â 611,A01,10,3,2,5,0,-1,-1,3,3,2,2021,21.0,2,2,0,1,1,1,1,,4,NORMANDIN   RUE EMILE,0,,2,2,2,1,(1),(1),1,, -1,1,9,1,30,17,3,2021,12:16,1,17,17300,2,3,0,6,NORMANDIN   RUE EMILE,46.14935,-1.14466,12,3,1
202100048754,114Â 617,A01,1,1,1,5,1,-1,-1,0,0,-1,2021,86.0,1,2,13,0,3,13,1,,3,626,-1,D,2,2,0,1,98,950,1,, -1,1,0,3,50,24,2,2021,13:45,1,40,40019,2,1,0,6,949 Route des Lacs,44.215187,-1.196897,13,1,1
202100027371,152Â 790,A01,10,3,2,5,0,-1,-1,4,3,1,2021,91.0,3,2,0,1,1,15,1,,4,THOREZ MAURICE (avenue),0,,2,2,0,1,0,0,1,, -1,1,0,1,50,10,2,2021,10:00,1,13,13077,2,1,0,6,THOREZ MAURICE (avenue),43.40815,4.98107,10,2,1
202100005072,192Â 711,A01,1,1,2,0,8,0,-1,-1, -1,-1,2021,21.0,0,0,0,2,1,5,3,,6,CENTRE COMMERCIAL CARREFOUR,0,,-1,-1,0,1,(1),(1),1,, -1,1,0,1,30,2,12,2021,14:30,1,34,34129,2,9,0,3,CENTRE COMMERCIAL CARREFOUR,43.5828515367,3.9288677574,14,3,2
202100014146,176Â 403,A01,10,3,1,0,0,-1,-1,1,9,1,2021,53.0,3,4,0,1,2,2,1,,4,ONZE NOVEMBRE 1918 (RUE DU),0,,2,2,0,1,(1),(1),1,, -1,1,0,1,70,8,10,2021,11:59,1,78,78418,1,1,0,6,ONZE NOVEMBRE 1918 (RUE DU),48.91728,2.15033,11,2,1
202100007910,187Â 601,A01,1,1,1,1,1,-1,-1,0,0,-1,2021,52.0,1,2,0,2,4,0,1,,1,42,-1,,1,4,0,2,21,332,1,, -1,1,0,1,130,16,11,2021,08:10,1,1,1032,1,1,0,2,,45.862909,5.130014,8,2,2
202100007833,187Â 737,B01,1,1,1,0,2,0,-1,-1, -1,-1,2021,27.0,1,1,0,2,1,14,1,,4,SALENGRO (AVENUE ROGER),0,,2,2,0,3,0,100,1,, -1,1,0,1,50,16,11,2021,17:30,1,13,13005,2,1,0,3,SALENGRO (AVENUE ROGER),43.2997678741,5.569346336,17,2,2
202100028123,151Â 436,A01,1,1,1,0,2,8,-1,-1, -1,-1,2021,34.0,1,1,16,0,0,26,1,,4,KERFREHOUR (RUE DE),0,,2,2,0,1,(1),(1),1,, -1,1,0,1,50,18,7,2021,08:35,1,56,56098,2,1,0,7,KERFREHOUR (RUE DE),47.76406,-3.333,8,1,1
202100025021,156Â 928,B01,1,1,1,5,2,6,-1,0,0,-1,2021,70.0,1,1,0,2,3,1,1,,4,BOULEVARD DU BOIS LE PRETRE,0,,2,2,0,1,(1),(1),1,, -1,1,0,1,50,8,8,2021,15:50,1,75,75117,2,3,0,3,BOULEVARD DU BOIS LE PRETRE,48.899585,2.319803,15,2,2
202100030147,147Â 884,B01,2,2,2,5,2,8,-1,-1, -1,-1,2021,32.0,1,1,0,2,8,1,1,,2,ROUTE NATIONALE 1,0,,1,1,1,1,3,0,1,, -1,1,0,5,50,7,7,2021,14:38,1,973,97302,1,6,0,3,ROUTE NATIONALE 1,4.9077344839,-52.3227224352,14,4,2
202100031828,144Â 862,B01,1,1,1,5,2,6,-1,-1, -1,-1,2021,50.0,3,1,0,2,1,1,1,,4,,0,,2,2,0,1,0,100,1,, -1,1,0,1,50,28,6,2021,18:05,1,91,91657,2,9,0,3,RUE DU COLCHIQUE,48.68832,2.43996,18,2,2
202100018595,168Â 396,B01,1,1,1,4,1,8,-1,-1, -1,-1,2021,35.0,0,2,0,2,8,1,1,,7,ENFANT (RTE DE L'),0,,-1,2,0,1,0,0,1,, -1,2,0,1,50,16,9,2021,07:38,1,13,13001,1,1,1,3,ENFANT (RTE DE L'),43.484,5.3826,7,2,2
202100033810,141Â 327,B01,1,1,2,9,2,8,-1,-1, -1,-1,2021,18.0,1,1,0,2,1,1,1,,3,SPORTS (AVE DES),0,,2,2,0,1,54,286,1,, -1,1,0,1,50,17,6,2021,08:56,1,65,65047,2,2,0,3,SPORTS (AVE DES),43.234595,0.100276,8,2,2
202100036207,136Â 969,B01,1,1,2,9,1,0,-1,-1, -1,-1,2021,27.0,1,2,0,2,4,2,1,,1,AUTOROUTE A3,0,,3,6,0,1,12,0,1,, -1,1,0,1,90,6,6,2021,14:00,1,93,93007,1,1,0,2,AUTOROUTE A3,48.9432,2.47787,14,2,2
202100023594,159Â 464,B01,1,1,1,1,2,-1,-1,-1, -1,-1,2021,37.0,1,1,0,2,1,1,1,,4,ROSPORDEN ROUTE DE,0,,2,2,0,2,(1),(1),1,, -1,1,0,1,70,18,8,2021,09:10,1,29,29232,2,1,0,1,Route de Rosporden,47.98865,-4.05601,9,2,2
202100035528,138Â 205,A01,1,1,1,4,2,6,-1,0,0,-1,2021,34.0,1,1,0,2,3,3,1,,4,BOULEVARD PERIPHERIQUE,0,,1,4,0,1,0,900,1,, -1,1,0,1,70,9,6,2021,09:00,1,75,75113,2,1,0,3,BOULEVARD PERIPHERIQUE,48.822433,2.380221,9,2,2
202100037588,134Â 472,B01,1,1,1,0,2,0,-1,0,0,-1,2021,31.0,1,1,0,2,1,1,1,,4,ARC (RUE JEANNE D') NÂ° 177-190 A FIN,0,,1,3,0,1,(1),(1),1,, -1,1,0,1,50,29,5,2021,12:43,1,54,54395,2,1,0,3,ARC (RUE JEANNE D') NÂ° 177-190 A FIN,48.6794860433,6.1762046505,12,3,2
202100027443,152Â 671,A01,2,2,1,5,1,-1,-1,0,0,-1,2021,31.0,1,2,8,0,3,1,1,,3,21,-1,,2,2,0,1,1,400,1,, -1,1,0,8,50,24,7,2021,00:15,3,7,7027,1,1,0,7,D21,44.82911,4.783714,0,2,1
202100002950,196Â 498,A01,2,2,2,5,1,0,-1,0,0,-1,2021,18.0,1,2,0,2,7,19,1,,3,JUIN (BOULEVARD MARECHAL),0,,-1,3,0,1,1,0,1,, -1,1,5,1,50,12,12,2021,21:30,5,14,14118,2,6,0,3,JUIN (BOULEVARD MARECHAL),49.211064,-0.363591,21,3,2
202100008975,185Â 672,B01,2,2,1,0,1,0,-1,-1, -1,-1,2021,33.0,1,2,0,2,4,0,1,,3,FERRY (RUE JULES),0,,2,2,0,2,1,0,1,, -1,2,0,1,50,7,11,2021,11:40,1,93,93064,2,9,0,4,Rue Jules Ferry,48.87539,2.47777,11,5,3
202100037330,134Â 942,A01,10,3,2,3,0,-1,-1,1,3,1,2021,74.0,3,2,0,1,4,20,1,,6,,-1,,-1,0,0,1,(1),(1),1,,"3,5",1,0,1,50,1,6,2021,13:00,1,71,71047,2,1,1,6,"ZA LES ALOUETTES, parking Marie-BlachÃ¨re",46.630033,3.736832,13,2,1
202100006757,189Â 705,A01,2,2,2,5,8,-1,-1,0,0,-1,2021,75.0,1,2,2,0,1,13,1,,3,999,-1,,2,2,0,1,91,140,1,, -1,1,0,3,90,23,11,2021,16:10,1,12,12248,1,1,0,6,"RD 999, lieu-dit Saint Etienne",43.880209,2.633801,16,2,1
202100034355,140Â 327,A01,1,1,1,5,1,-1,-1,0,0,-1,2021,19.0,2,2,2,0,3,1,1,,3,723,-1,,2,2,0,1,8,543,2,, -1,1,0,3,80,15,6,2021,19:15,1,44,44061,1,1,0,6,Le Pre Mace,47.240936,-1.948657,19,1,1
202100032822,143Â 110,A01,10,3,1,5,0,-1,-1,3,3,1,2021,84.0,1,2,0,1,1,12,1,,3,MARGENCY (RUE DE),0,,2,2,0,2,5,300,1,, -1,2,0,1,50,22,6,2021,14:52,1,95,95428,2,1,1,6,RD 144,48.992515,2.315301,14,2,1
202100003601,195Â 311,A01,10,3,1,0,0,-1,-1,2,3,1,2021,75.0,3,3,0,1,7,15,1,1.0,4,CARNOT (RUE),0,,2,2,3,1,0,0,1,, -1,2,9,1,30,8,12,2021,17:15,5,74,74010,2,2,1,6,CARNOT (RUE),45.9054,6.12392,17,2,1
202100042864,125Â 049,C01,1,1,1,1,1,0,-1,-1, -1,-1,2021,53.0,1,5,0,2,0,0,1,,4,CROIZAT (RUE AMBROISE),0,,2,2,0,1,0,0,1,, -1,1,0,1,30,16,4,2021,18:32,1,57,57283,2,2,0,5,CROIZAT (RUE AMBROISE),49.24824,6.16705,18,4,3
202100003497,195Â 501,A01,2,2,1,5,8,-1,-1,0,0,-1,2021,18.0,2,2,8,0,7,0,1,,3,D55,-1,,2,2,0,1,0,150,1,, -1,1,0,3,70,12,12,2021,03:39,5,38,38451,1,1,0,6,Route de Malaval,45.754436,5.212685,3,3,1
202100039606,130Â 794,A01,1,1,1,5,1,0,-1,0,0,-1,2021,77.0,1,2,0,2,3,13,1,,4,RUE LOUIS VICAT,0,,1,1,0,1,(1),(1),1,, -1,2,0,1,50,17,5,2021,17:03,1,75,75115,2,1,0,2,RUE LOUIS VICAT,48.825837,2.298363,17,2,2
202100024652,157Â 591,A01,1,1,1,5,2,-1,-1,0,0,-1,2021,41.0,1,1,1,0,1,25,1,,2,02,0,N,1,1,0,1,(1),(1),1,, -1,1,0,1,50,11,8,2021,17:50,1,972,97225,2,1,0,2,Boulevard Saint-LÃ©ger Lalun (Chemin piÃ©ton),14.744814,-61.176513,17,2,2
202100043619,123Â 710,B01,3,2,1,0,3,0,-1,-1, -1,-1,2021,14.0,1,2,0,2,1,1,1,,4,ESTIENNE D'ORVES (BD D'),0,,3,5,0,1,0,0,1,, -1,1,0,1,70,17,4,2021,16:50,1,72,72181,2,2,0,1,ESTIENNE D'ORVES (BD D'),47.98427,0.18538,16,3,2
202100045784,119Â 912,B01,1,1,1,4,2,6,-1,0,0,-1,2021,38.0,2,1,0,2,8,1,1,,4,ECHANGEUR BERCY,0,,1,2,0,1,(1),(1),2,, -1,1,0,1,50,31,3,2021,18:20,1,75,75112,2,4,0,3,ECHANGEUR BERCY,48.828138,2.3921,18,2,2
202100048277,115Â 457,A01,10,3,1,2,0,-1,-1,5,5,2,2021,10.0,1,1,0,1,1,1,3,,4,JUSTICES   RUE DU MOULIN DES (5,0,,2,2,1,1,(1),(1),1,, -1,2,0,5,50,12,3,2021,08:52,1,17,17291,2,1,1,6,JUSTICES   RUE DU MOULIN DES (5,46.17476,-1.13026,8,2,1
202100023093,160Â 336,B01,1,1,1,1,2,6,-1,-1, -1,-1,2021,37.0,2,1,0,2,4,23,1,,4,GAMBETTA                            (CO),0,,2,4,2,1,(1),(1),1,, -1,1,0,1,50,21,8,2021,20:05,1,69,69387,2,1,0,3,GAMBETTA (CR),45.7560909537,4.8404592276,20,2,2
202100016021,173Â 026,A01,1,1,1,0,1,-1,-1,0,0,-1,2021,58.0,2,2,4,2,9,0,1,,1,A 9,-1,,1,5,0,1,64,0,1,, -1,1,0,1,-1,28,9,2021,13:30,1,30,30333,1,1,0,5,Autoroute A9 au point kilomÃ©trique 64,43.7605564357,4.2639935017,13,3,3
202100055847,102Â 051,B01,1,1,2,0,8,0,-1,-1, -1,-1,2021,34.0,1,2,0,2,3,1,0,,4,COLMET LEPINAY (RUE),0,,1,1,0,1,1,0,1,, -1,1,0,1,50,8,1,2021,10:30,1,93,93048,2,2,0,3,COLMET LEPINAY (RUE),48.8542141102,2.4449930191,10,2,2
202100024105,158Â 570,A01,1,1,2,5,2,-1,-1,-1,0,-1,2021,30.0,1,1,3,0,7,3,1,,2,RN 184,0,,2,2,0,1,10,100,1,, -1,1,0,1,70,14,8,2021,20:30,1,95,95394,1,1,0,6,RN 184,49.0510714607,2.1919368565,20,1,1
202100005950,191Â 160,D01,1,1,1,4,1,0,-1,-1, -1,-1,2021,40.0,1,2,0,2,4,1,1,,2,RN136,0,,3,6,0,1,12,812,1,, -1,2,0,1,90,26,11,2021,19:40,3,35,35238,2,1,1,5,RN136,48.095766,-1.711479,19,8,4
202100019237,167Â 244,B01,2,2,2,5,1,0,-1,-1, -1,-1,2021,58.0,1,2,0,2,1,2,2,,3,GENERAL LECLERC (AVENUE DU) 35/FIN - 60/,0,,3,6,0,1,0,0,1,, -1,1,0,1,50,13,9,2021,18:05,1,92,92012,2,1,0,4,GENERAL LECLERC (AVENUE DU) 35/FIN - 60/,48.8317319451,2.2372063994,18,5,4
202100013076,178Â 369,B01,1,1,2,1,2,-1,-1,-1, -1,-1,2021,49.0,0,1,0,2,0,21,5,,4,PAUL (RUE MARCEL),0,,2,1,0,2,(1),(1),1,, -1,1,0,1,50,17,9,2021,08:30,1,50,50129,2,1,0,7,PAUL (RUE MARCEL),49.63242,-1.62696,8,2,2
202100004479,193Â 762,A01,1,1,2,1,1,0,-1,-1, -1,-1,2021,32.0,1,2,0,2,7,10,1,,3,RD 188 CHEVREUSE,0,,2,2,0,1,9,699,1,, -1,2,0,1,80,6,12,2021,08:09,1,91,91471,1,1,0,3,RD 188 CHEVREUSE,48.69203,2.17839,8,2,2
202100020339,165Â 279,A01,1,1,1,4,2,8,-1,-1, -1,-1,2021,19.0,2,1,0,2,3,2,1,,3,JOINVILLE (AV DE),0,,3,4,0,1,1,0,1,, -1,1,0,1,30,7,9,2021,17:35,1,94,94052,2,1,0,3,JOINVILLE (AV DE),48.8347,2.47311,17,2,2
202100050601,111Â 239,B01,1,1,1,5,1,0,-1,-1, -1,-1,2021,52.0,2,2,0,0,4,1,1,,3,LIEUTENANT DAGORNO (R DU),0,,-1,2,0,1,1,0,1,, -1,1,0,1,50,22,2,2021,10:20,1,94,94075,2,1,0,2,LIEUTENANT DAGORNO (R DU),48.72184,2.53358,10,3,2
202100042227,126Â 146,A01,1,1,1,0,1,0,-1,-1, -1,-1,2021,44.0,1,5,0,2,3,26,0,,3,DE GAULLE (AVENUE DU GENERAL),0,,2,2,0,1,0,1,1,, -1,1,0,1,50,28,4,2021,16:22,1,93,93030,2,1,0,5,DE GAULLE (AVENUE DU GENERAL),48.94998,2.41527,16,5,3
202100045069,121Â 170,A01,1,1,2,5,2,6,-1,0,0,-1,2021,16.0,1,1,0,0,0,1,1,,3,,-1,,-1,1,0,1,(1),(1),1,, -1,1,0,3,80,4,4,2021,14:55,1,14,14318,1,1,0,7,Rue de Sainte Croix,49.324213,-0.482583,14,1,1
202100003932,194Â 719,B01,1,1,2,1,1,7,-1,-1, -1,-1,2021,42.0,2,2,0,2,4,2,1,,1,AUTOROUTE A6,0,,1,2,0,1,28,299,1,, -1,1,0,1,70,9,12,2021,09:00,1,91,91340,1,1,0,4,AUTOROUTE A6,48.60466,2.43677,9,3,3
202100012286,179Â 768,A01,1,1,2,5,0,-1,-1,0,0,-1,2021,47.0,1,1,0,2,3,1,5,,3,,-1,,2,2,0,1,12,66,1,, -1,1,0,1,50,18,10,2021,10:45,1,33,33138,2,1,0,3,,45.039207,-0.105561,10,2,2
202100023045,160Â 429,B01,1,1,1,4,8,8,-1,-1, -1,-1,2021,23.0,2,1,0,2,1,8,3,,4,METZ (BOULEVARD DE),0,,3,6,3,1,0,0,1,, -1,1,0,1,50,24,7,2021,19:40,1,67,67482,2,1,0,3,METZ (BOULEVARD DE),48.5826723438,7.7328555286,19,3,2
202100009664,184Â 435,A01,1,1,1,0,2,6,-1,0,0,-1,2021,21.0,1,1,0,2,1,1,1,,3,763,0,,2,2,0,2,17,83,2,, -1,1,3,1,80,3,11,2021,17:53,2,44,44064,1,9,0,2,Les Forges,47.114014,-1.282665,17,2,2
202100033733,141Â 468,A01,1,1,2,0,2,-1,-1,0,0,-1,2021,25.0,3,1,12,0,1,1,0,,3,,0,,2,2,2,2,5,844,1,,4,1,0,5,70,17,6,2021,19:05,1,6,6152,1,3,0,7,Route des Lucioles,43.61798,7.057192,19,1,1
202100019965,165Â 948,B01,1,1,1,5,2,6,-1,0,0,-1,2021,52.0,1,1,0,2,1,1,1,,3,115,-1,,2,2,0,2,2,500,3,, -1,2,0,1,80,10,9,2021,16:50,1,64,64178,1,1,1,3,D115,43.320932,-0.792947,16,2,2
202100015487,174Â 022,A01,1,1,1,1,8,0,-1,-1, -1,-1,2021,51.0,2,2,0,2,1,14,1,,4,NAPOLEON III AVENUE IMPAIR,0,,2,2,0,2,(1),(1),2,, -1,1,0,1,50,1,10,2021,01:15,5,201,201004,2,1,0,1,NAPOLEON III AVENUE IMPAIR,41.92388,8.73533,1,2,2
202100027234,153Â 039,A01,1,1,1,0,8,0,-1,-1, -1,-1,2021,18.0,0,1,0,2,4,21,5,,4,PAUL VAILLANT COUTURIER (R),0,,2,2,0,1,1,0,1,, -1,1,0,1,50,24,7,2021,11:00,1,94,94073,2,1,0,2,PAUL VAILLANT COUTURIER (R),48.76118,2.39367,11,2,2
202100034431,140Â 187,B01,1,1,1,1,2,6,-1,0,0,-1,2021,24.0,2,1,0,2,1,1,1,,4,AVENUE STEPHANE MALLARME,0,,2,2,0,1,(1),(1),1,, -1,1,0,1,30,14,6,2021,08:30,1,75,75117,2,2,0,3,AVENUE STEPHANE MALLARME,48.887492,2.29477,8,2,2
202100055292,102Â 987,A01,10,3,2,0,0,-1,-1,3,3,2,2021,55.0,3,2,0,1,1,16,1,,4,,0,,2,2,3,1,(1),(1),1,, -1,1,0,1,50,11,1,2021,19:25,5,69,69256,2,2,0,6,EMILE ZOLA (R),45.77783,4.91841,19,2,1
202100027456,152Â 650,B01,2,2,2,5,1,-1,-1,0,0,-1,2021,36.0,1,2,0,0,4,1,1,,1,432,-1,,1,5,0,1,33,375,1,, -1,1,7,1,50,19,7,2021,15:20,1,69,69288,1,1,0,2,A432 - barriÃ¨re de pÃ©age de Saint ExupÃ©ry,45.672802,5.05119,15,5,2
202100029778,148Â 560,B01,1,1,1,5,2,7,-1,-1, -1,-1,2021,17.0,1,1,0,2,1,7,1,,4,,0,,2,2,3,1,(1),(1),1,, -1,1,5,6,30,4,7,2021,02:38,5,56,56121,2,6,0,3,Rue Colonel Jean Muller,47.76351,-3.39505,2,2,2
202100036642,136Â 211,B01,4,2,2,5,1,-1,-1,0,0,-1,2021,20.0,1,2,0,2,3,1,1,,4,PORTE DE CLIGNANCOURT,0,,1,4,0,1,21,400,1,, -1,1,0,1,70,31,5,2021,17:30,1,75,75118,2,1,0,3,PORTE DE CLIGNANCOURT,48.900758,2.337189,17,4,2