Num_Acc,id_vehicule,num_veh,place,catu,sexe,trajet,secu1,secu2,secu3,locp,actp,etatp,year_acc,victim_age,senc,catv,obs,obsm,choc,manv,motor,occutc,catr,voie,v1,v2,circ,nbv,vosp,prof,pr,pr1,plan,lartpc,larrout,surf,infra,situ,vma,jour,mois,an,hrmn,lum,dep,com,agg_,int,atm,col,adr,lat,long,hour,nb_victim,nb_vehicules
202100055994,101Â 801,B01,1,1,1,0,1,-1,-1,0,0,-1,2021,19.0,1,2,0,2,2,1,1,,3,401,0,,2,2,0,2,33,500,1,, -1,2,0,1,90,7,1,2021,20:00,3,77,77367,1,1,1,1,D401,49.036236,2.990888,20,2,2
202100012484,179Â 392,B01,1,1,1,9,2,0,-1,0,0,-1,2021,30.0,1,1,0,2,1,18,1,,4,RUE LINOIS,0,,2,4,0,1,(1),(1),1,, -1,1,0,1,30,18,10,2021,13:15,1,75,75115,2,3,0,3,RUE LINOIS,48.847697,2.284131,13,3,2
202100046749,118Â 209,A01,1,1,1,9,2,8,-1,-1, -1,-1,2021,30.0,1,1,0,2,2,1,1,,4,GASSIOT,0,,1,1,0,1,0,0,1,, -1,1,0,1,30,24,3,2021,19:50,5,64,64445,2,3,0,3,GASSIOT,43.29831,-0.37132,19,2,2
202100016039,172Â 987,B01,1,1,1,1,1,-1,-1,-1, -1,-1,2021,50.0,1,2,0,2,3,1,1,,1,A57,0,,3,6,0,1,0,500,1,, -1,1,0,1,70,30,9,2021,06:40,2,83,83137,1,1,0,3,A57,43.1237750225,5.9609671565,6,2,2
202100018608,168Â 375,C01,1,1,1,1,2,0,-1,0,0,-1,2021,33.0,1,1,0,2,1,2,5,,4,COURS DE VINCENNES,0,,3,3,0,1,(1),(1),1,, -1,1,0,1,30,16,9,2021,21:05,5,75,75112,2,2,0,5,COURS DE VINCENNES,48.8480921572,2.3991871743,21,3,3
202100055413,102Â 799,B01,1,1,2,4,1,-1,-1,0,0,-1,2021,24.0,2,2,0,2,3,1,1,,3,105,0,,2,2,0,1,5,660,1,, -1,2,0,1,80,13,1,2021,03:00,3,60,60321,1,1,0,1,D105,49.2317849543,2.0182137651,3,4,2
202100018356,168Â 814,A01,1,1,1,5,8,0,-1,-1, -1,-1,2021,17.0,2,1,12,0,7,1,5,,4,MONTJOYEUX (AVENUE),0,,2,2,0,2,(1),(1),1,, -1,1,0,1,50,16,9,2021,19:55,2,37,37261,2,1,0,7,MONTJOYEUX (AVENUE),47.36152,0.70846,19,1,1
202100047492,116Â 872,A01,1,1,1,0,2,0,-1,0,0,-1,2021,30.0,2,1,0,2,6,15,1,,7,BERGOUGNAN (AVENUE RAYMOND),0,,2,2,0,2,(1),(1),1,, -1,1,0,1,50,17,3,2021,19:08,1,63,63113,2,2,0,3,BERGOUGNAN (AVENUE RAYMOND),45.78544,3.06464,19,2,2
202100037605,134Â 441,B01,1,1,1,1,2,0,-1,0,0,-1,2021,38.0,2,1,0,2,2,17,1,,4,RUE DE BELLEVILLE,0,,2,1,1,2,(1),(1),1,, -1,1,0,1,30,29,5,2021,08:30,1,75,75120,2,3,0,3,RUE DE BELLEVILLE,48.874938,2.388925,8,2,2
202100028433,150Â 892,B01,2,2,2,0,1,0,-1,-1, -1,-1,2021,40.0,1,2,0,2,4,1,1,,1,AUTOROUTE A86,0,,1,2,0,2,51,479,1,, -1,1,0,1,70,18,7,2021,20:45,1,94,94034,1,1,0,2,AUTOROUTE A86,48.75963,2.32223,20,3,2
202100021085,163Â 967,A01,1,1,1,5,2,0,-1,0,0,-1,2021,21.0,1,1,0,2,1,2,5,,4,BOULEVARD BARBES,0,,2,4,3,1,(1),(1),1,, -1,1,0,6,30,3,9,2021,07:45,1,75,75118,2,2,0,2,BOULEVARD BARBES,48.886536,2.349555,7,2,2
202100039840,130Â 368,B01,1,1,1,9,2,6,-1,0,0,-1,2021,46.0,1,1,0,2,1,1,1,,4,RUE DE L ABBE GROULT,0,,1,1,0,2,(1),(1),1,, -1,2,0,1,50,14,5,2021,17:15,1,75,75115,2,2,0,3,RUE DE L ABBE GROULT,48.837184,2.300142,17,2,2
202100024185,158Â 436,A01,10,3,1,5,0,-1,-1,6,1,3,2021,23.0,3,2,0,1,1,2,1,,3,306,0,,2,2,0,1,(1),(1),1,, -1,1,0,3,80,14,8,2021,20:20,2,50,50481,1,1,0,6,Rue du Corps de Garde,49.234028,-1.62677,20,5,1
202100018848,167Â 954,A01,1,1,1,5,1,9,-1,0,0,-1,2021,72.0,2,2,3,2,1,5,1,,3,946,0,,2,2,0,4,27,450,1,, -1,1,0,1,80,16,9,2021,09:30,1,2,2379,1,1,0,1,dÃ©partementale 946,49.810802,3.660636,9,2,2
202100036783,135Â 958,B01,1,1,1,0,8,0,-1,-1, -1,-1,2021,41.0,3,1,0,2,4,1,5,,4,BUTTE AUX CAILLES (ROND POINT DE LA),0,,1,2,0,1,0,0,2,, -1,1,0,1,50,2,6,2021,08:50,1,64,64024,2,6,0,3,BUTTE AUX CAILLES (ROND POINT DE LA),43.49694,-1.50975,8,2,2
202100051669,109Â 336,A01,10,3,1,0,0,-1,-1,4,3,1,2021,47.0,1,2,0,1,1,26,1,,4,,0,,1,2,0,1,(1),(1),1,, -1,1,0,1,50,11,2,2021,18:24,2,63,63113,2,4,0,6,JULIEN (AVENUE),45.77382,3.07561,18,2,1
202100033968,141Â 047,A01,7,2,1,5,0,-1,-1,0,0,-1,2021,25.0,1,2,12,0,1,0,1,,3,D105,-1,,-1,2,0,1,(1),(1),1,, -1,2,4,4,50,17,6,2021,20:15,1,33,33268,2,1,1,6,D105,45.038207,-0.69451,20,2,1
202100021198,163Â 768,B01,1,1,1,0,1,0,-1,-1, -1,-1,2021,29.0,2,2,0,2,4,1,1,,1,AUTOROUTE A86,0,,1,3,0,1,51,450,1,, -1,1,1,1,70,3,9,2021,19:40,1,94,94034,1,1,0,2,AUTOROUTE A86,48.7595888537,2.3224694783,19,2,2
202100042454,125Â 732,B01,1,1,1,0,8,0,-1,-1, -1,-1,2021,27.0,2,1,0,2,5,1,5,,4,ZELLENBERG (RUE DE),0,,2,2,0,1,0,0,1,, -1,1,0,1,50,23,4,2021,20:20,2,67,67482,2,3,0,3,ZELLENBERG (RUE DE),48.56449,7.766415,20,2,2
202100002226,197Â 810,A01,2,2,2,5,2,0,-1,-1, -1,-1,2021,9.0,2,1,0,2,4,2,1,,1,AUTOROUTE (A1),0,,3,2,0,2,0,699,1,, -1,1,0,1,90,18,12,2021,14:20,1,972,97209,2,1,0,2,AUTOROUTE (A1),14.615215,-61.045263,14,3,2
202100042730,125Â 258,A01,1,1,1,5,2,-1,-1,0,0,-1,2021,46.0,1,1,6,0,1,1,6,,3,67,-1,,2,2,0,2,0,490,1,, -1,1,2,3,80,24,4,2021,17:55,1,67,67162,1,1,0,6,D67,48.769881,7.482569,17,1,1
202100034065,140Â 871,B01,2,2,2,9,1,-1,-1,-1, -1,-1,2021,69.0,3,2,0,2,1,0,2,,4,RUE PIERRE CHAREAU,0,,2,2,1,1,(1),(1),1,, -1,1,-1,1,50,16,6,2021,14:40,1,33,33063,2,1,0,1,Rue Pierre Chareau,44.86107,-0.57396,14,3,2
202100008727,186Â 133,A01,10,3,1,1,0,-1,-1,2,3,1,2021,37.0,1,2,0,1,1,16,1,,4,RUE EDMOND ROSTAND,0,,2,2,0,1,(1),(1),1,, -1,1,0,1,50,8,11,2021,09:20,1,33,33522,2,2,0,6,Rue Edmond Rostand,44.813814,-0.602545,9,2,1
202100010532,182Â 903,A01,1,1,1,1,8,0,-1,-1, -1,-1,2021,41.0,3,1,9,2,8,19,5,,4,RENNES (RUE DE),0,,3,2,3,1,(1),(1),1,, -1,1,0,1,30,28,10,2021,17:20,1,35,35051,2,1,0,3,RENNES (RUE DE),48.11408,-1.6321,17,2,2
202100036430,136Â 590,A01,2,2,1,0,1,0,-1,-1, -1,-1,2021,21.0,3,5,6,0,1,0,1,,4,COLOMB (RUE CHRISTOPHE),0,,2,2,1,1,(1),(1),1,, -1,1,2,1,50,3,6,2021,08:55,1,37,37261,2,9,0,6,COLOMB (RUE CHRISTOPHE),47.3783066154,0.7011926182,8,2,1
202100041964,126Â 609,A01,8,2,2,5,1,-1,-1,0,0,-1,2021,17.0,1,2,0,2,3,5,1,,4,145,-1,,2,2,0,1,(1),(1),3,, -1,1,0,3,-1,1,5,2021,12:05,1,72,72231,2,1,0,3,Route de ChangÃ©,47.941019,0.360866,12,6,2
202100015199,174Â 538,A01,1,1,1,1,2,0,-1,-1, -1,-1,2021,45.0,2,1,0,2,1,3,1,,1,AUTOROUTE A6,0,,1,3,0,1,20,0,1,, -1,2,0,1,110,5,10,2021,07:50,3,91,91687,1,1,1,3,AUTOROUTE A6,48.664,2.3658,7,2,2
202100014700,175Â 439,A01,1,1,1,1,1,-1,-1,0,0,-1,2021,61.0,1,2,16,2,3,13,1,,3,137,-1,,2,2,0,1,125,103,1,, -1,1,0,1,90,6,10,2021,09:25,1,17,17008,1,1,0,6,D137,46.260016,-1.010839,9,11,3
202100023615,159Â 414,B01,1,1,1,9,2,0,-1,0,0,-1,2021,18.0,1,1,0,2,1,1,5,,4,AVENUE DU DOCTEUR ARNOLD NETTER,0,,2,3,0,2,(1),(1),1,, -1,1,0,1,50,17,8,2021,16:50,1,75,75112,2,1,0,3,AVENUE DU DOCTEUR ARNOLD NETTER,48.845019,2.405814,16,3,2
202100023909,158Â 897,B01,4,2,1,4,1,0,-1,0,0,-1,2021,22.0,1,2,0,2,3,1,1,,4,BOULEVARD DE LA VILLETTE,0,,3,3,0,1,(1),(1),1,, -1,1,0,1,50,16,8,2021,12:30,1,75,75110,2,3,0,3,BOULEVARD DE LA VILLETTE,48.881522,2.370061,12,6,2
202100006370,190Â 410,A01,1,1,1,5,1,0,-1,-1, -1,-1,2021,21.0,1,2,4,0,3,1,1,,2,RN 104,0,,1,3,0,1,36,150,3,, -1,2,0,1,70,24,11,2021,04:10,3,91,91340,1,1,0,7,RN 104,48.60871,2.43584,4,1,1
202100041589,127Â 264,B01,1,1,2,5,2,-1,-1,0,0,-1,2021,69.0,2,1,0,2,1,1,5,,3,80,-1,,2,2,0,1,24,896,1,, -1,1,0,1,50,3,5,2021,16:50,1,89,89096,2,2,0,3,Rue Charles de Gaulle,47.898988,3.561845,16,2,2
202100011505,181Â 158,A01,1,1,2,5,8,-1,-1,0,0,-1,2021,33.0,1,2,0,2,8,10,1,,3,643,-1,,2,3,0,1,39,(1),1,, -1,2,0,1,90,21,10,2021,14:15,1,59,59597,1,1,0,3,RD 643,50.201761,3.197864,14,2,2
202100005586,191Â 818,A01,1,1,1,1,2,6,9,0,0,-1,2021,62.0,2,1,0,6,1,1,1,,3,136,0,A,2,2,0,1,2,10,1,, -1,2,2,1,80,25,10,2021,10:00,1,56,56184,1,1,1,6,Pont de Serguin,47.659467,-2.428208,10,1,1
202100030997,146Â 327,A01,2,2,1,4,1,0,-1,-1, -1,-1,2021,41.0,1,5,0,2,2,1,1,,3,BROSSOLETTE PIERRE (BD) NÂ° IMP,0,,3,4,0,1,0,0,1,, -1,1,0,1,50,30,6,2021,23:20,3,72,72181,2,2,0,3,GENESLAY FELIX (AV) NÂ° PAIRS 146 A 234,47.97786,0.20813,23,4,2
202100004021,194Â 551,B01,1,1,2,3,8,0,-1,-1, -1,-1,2021,61.0,1,1,16,2,0,0,5,,7,MONT A LEUX (RUE DU),0,,2,2,0,1,(1),(1),1,, -1,2,0,1,30,7,12,2021,09:30,1,59,59650,2,1,0,1,MONT A LEUX (RUE DU),50.71693,3.18293,9,2,2
202100028079,151Â 519,B01,1,1,1,0,1,0,-1,-1, -1,-1,2021,26.0,1,2,0,2,4,2,1,,1,A13Y,0,,3,3,0,1,38,700,1,, -1,1,0,1,130,20,7,2021,14:30,1,78,78029,1,1,0,2,A13Y,48.964626,1.845941,14,2,2
202100041620,127Â 210,A01,10,3,1,0,0,-1,-1,3,3,1,2021,18.0,3,2,0,1,2,16,1,,4,,-1,,2,2,0,1,(1),(1),3,,4,1,9,1,50,3,5,2021,08:20,1,85,85155,2,9,1,6,Avenue des Ãtangs,46.726315,-1.457818,8,3,1
202100024191,158Â 427,A01,1,1,1,5,2,6,-1,0,0,-1,2021,57.0,1,1,2,0,7,1,1,,3,18,0,,2,2,0,2,16,850,2,, -1,1,0,3,90,15,8,2021,13:05,1,48,48069,1,1,0,6,D18,44.176285,3.535189,13,1,1
202100011751,180Â 709,A01,1,1,1,1,1,0,-1,-1, -1,-1,2021,39.0,2,2,0,2,1,1,1,,1,A4,0,,3,3,0,1,8,500,1,, -1,1,0,1,90,22,10,2021,06:20,3,94,94017,1,1,0,3,A4,48.8302008945,2.4957669959,6,2,2
202100042097,126Â 384,C01,1,1,1,0,1,-1,-1,0,0,-1,2021,63.0,1,2,0,2,1,1,1,,3,18,0,D,2,2,0,1,27,196,1,, -1,1,0,1,80,30,4,2021,14:45,1,34,34300,1,2,0,5,D18,43.417845,3.32006,14,3,3
202100052351,108Â 139,A01,2,2,2,5,1,-1,-1,0,0,-1,2021,46.0,1,2,3,0,9,1,1,,2,184,-1,,3,4,0,3,14,400,2,, -1,2,2,1,90,7,2,2021,12:30,1,95,95678,1,1,1,6,RN 184,49.0729709882,2.2411252766,12,2,1
202100001226,199Â 579,B01,1,1,1,5,1,-1,-1,0,0,-1,2021,67.0,2,2,0,2,1,1,1,,3,7,-1,,2,2,0,1,10,0,3,, -1,1,0,1,50,28,12,2021,12:30,1,972,97231,2,1,0,1,L Anse Ã  l Ãne,14.538474,-61.063669,12,3,2
202100041631,127Â 189,B01,1,1,1,5,1,0,-1,-1, -1,-1,2021,78.0,2,2,0,2,9,1,1,,1,A4.W,0,,-1,3,0,1,16,600,1,, -1,1,0,1,110,3,5,2021,10:15,1,77,77083,1,1,0,6,A4.W,48.8322724632,2.5993101225,10,3,3
202100025718,155Â 714,B01,1,1,1,1,2,6,-1,-1, -1,-1,2021,53.0,2,1,0,2,1,17,1,,3,AVENUE DE LA CORNICHE D'AZUR,0,,2,1,0,1,111,160,1,, -1,1,0,1,50,3,8,2021,07:10,1,83,83061,2,3,0,3,AVENUE DE LA CORNICHE D'AZUR,43.3820670976,6.7221978307,7,4,2
202100030419,147Â 396,Z01,10,3,2,5,0,-1,-1,3,3,1,2021,50.0,1,1,0,1,1,1,1,,4,RUE DE LA ROQUETTE,0,,2,2,0,2,(1),(1),1,, -1,1,0,1,30,6,7,2021,15:30,1,75,75111,2,3,0,6,RUE DE LA ROQUETTE,48.857992,2.381576,15,2,1
202100055068,103Â 377,A01,2,2,1,5,1,0,-1,0,0,-1,2021,19.0,2,2,8,2,1,1,1,,4,RUE BELLIARD,0,,1,2,0,1,(1),(1),1,, -1,2,0,1,50,14,1,2021,18:05,5,75,75118,2,2,1,3,RUE BELLIARD,48.896068,2.333,18,3,2
202100030297,147Â 611,A01,1,1,1,0,1,-1,-1,0,0,-1,2021,71.0,1,2,0,2,1,1,1,,2,1,-1,,-1,2,0,4,51,700,2,,7,2,0,1,-1,7,7,2021,06:45,1,973,97304,1,1,1,1,RN1,5.117126,-52.647514,6,3,2
202100046846,118Â 040,A01,1,1,1,9,1,-1,-1,0,0,-1,2021,53.0,2,2,0,2,5,13,1,,3,74,-1,A,2,2,0,2,2,215,3,, -1,1,0,1,80,25,3,2021,09:00,1,13,13034,1,1,0,3,D74a,43.770016,4.957107,9,3,2
202100024713,157Â 470,A01,2,2,1,5,8,-1,-1,-1, -1,-1,2021,16.0,2,1,0,2,1,19,1,,4,VIENNE (DE)                         (RO),0,,2,2,0,1,(1),(1),1,, -1,1,0,1,50,9,8,2021,19:45,1,69,69259,2,1,0,3,VIENNE (DE) (RTE),45.7181554681,4.8546051979,19,3,2
202100000288,201Â 209,A01,1,1,2,5,1,5,-1,-1, -1,-1,2021,20.0,1,2,8,0,7,1,1,,7,LAVALDUC CHEMIN DE,0,,2,2,0,1,1,0,1,, -1,1,0,1,50,9,7,2021,18:00,1,13,13047,1,1,0,3,LAVALDUC CHEMIN DE,43.48783,4.96581,18,1,1
202100027583,152Â 421,A01,10,3,1,0,0,-1,-1,5,3,1,2021,9.0,2,2,0,1,2,1,1,,4,"""STRASBOURG, NR 36 ET SUIV ET 73 ET SUIV",0,,2,2,0,1,0,1,1,, -1,1,0,1,50,22,7,2021,17:20,1,93,93066,2,1,0,6,Rue de Strasbourg,48.9359,2.36871,17,2,1
202100010130,183Â 592,B01,2,2,2,5,8,-1,-1,-1, -1,-1,2021,53.0,1,2,0,2,2,15,1,,4,MARIUS VIVIER MERLE                 (BD),0,,1,3,0,1,(1),(1),1,, -1,1,0,1,50,30,10,2021,14:00,1,69,69383,2,2,0,3,MARIUS VIVIER MERLE (BD),45.75367,4.85941,14,5,2
202100004717,193Â 343,Z01,10,3,2,5,0,-1,-1,1,5,1,2021,54.0,0,0,0,1,2,2,0,,4,GROUARD  (AVENUE),0,,2,2,0,2,1,0,1,, -1,2,0,1,50,3,12,2021,19:40,5,77,77243,2,1,1,6,GROUARD  (AVENUE),48.87966,2.72002,19,2,1
202100036925,135Â 699,A01,1,1,1,5,1,-1,-1,0,0,-1,2021,19.0,1,2,13,0,2,1,1,,3,50,0,D,2,2,0,1,16,200,2,, -1,1,0,3,70,3,6,2021,03:00,3,69,69255,1,1,0,6,LYON (DE) (R),45.7354733927,4.6683145117,3,3,1
202100038063,133Â 621,A01,10,3,2,0,0,-1,-1,9,B,2,2021,49.0,3,2,0,1,3,15,0,,3,989,0,,2,2,0,1,0,0,1,, -1,1,0,1,50,27,5,2021,12:20,1,92,92048,2,1,0,6,VERDUN (AVENUE DE),48.81881,2.24378,12,3,1
202100038681,132Â 497,A01,2,2,1,3,1,-1,-1,0,0,-1,2021,25.0,2,2,2,0,2,14,1,,3,929,-1,,2,2,0,1,42,500,2,, -1,1,0,3,90,24,5,2021,13:00,1,65,65408,1,1,0,6,D929,42.985614,0.376051,13,2,1
202100007014,189Â 220,B01,1,1,2,5,2,6,-1,-1, -1,-1,2021,27.0,1,1,0,2,1,1,1,,4,JEAN MERMOZ,0,,2,2,1,1,0,0,1,, -1,1,0,1,50,20,11,2021,16:25,1,64,64445,2,1,0,3,JEAN MERMOZ,43.3187,-0.3785,16,2,2
202100023577,159Â 494,B01,1,1,1,0,2,6,-1,-1, -1,-1,2021,34.0,1,1,0,2,1,1,1,,4,HUIT MAI 1S33 (AVENUE DU),0,,3,2,0,1,0,0,1,, -1,1,0,1,50,18,8,2021,17:45,1,64,64102,2,1,0,3,HUIT MAI 1S33 (AVENUE DU),43.46913,-1.48981,17,2,2
202100008858,185Â 906,A01,10,3,1,2,8,8,-1,9,3,1,2021,15.0,3,1,0,1,1,1,1,,4,,0,,2,2,0,1,0,0,1,, -1,1,0,8,30,8,11,2021,16:50,1,92,92048,2,1,0,6,HENRI ETLIN (RUE),48.79391,2.21998,16,2,1
202100010622,182Â 748,A01,1,1,2,0,1,-1,-1,0,0,-1,2021,29.0,2,2,0,4,1,0,1,,3,,-1,,2,2,0,1,47,92,1,,5,1,4,6,80,28,10,2021,16:05,1,72,72308,1,8,0,3,PN 57,48.412336,0.106248,16,2,2
202100002633,197Â 073,B01,1,1,1,0,2,6,-1,-1, -1,-1,2021,22.0,0,1,1,2,2,17,1,,4,SALENGRO (AVENUE ROGER),0,,2,2,0,1,1,0,1,, -1,1,0,1,50,15,12,2021,17:30,5,13,13005,2,9,0,3,SALENGRO (AVENUE ROGER),43.29808,5.56906,17,2,2
202100022777,160Â 887,A01,10,3,1,5,0,-1,-1,3,3,1,2021,69.0,1,2,0,1,1,1,1,,4,ALAIN (R),0,,2,2,0,1,(1),(1),1,, -1,1,0,1,50,22,7,2021,09:00,1,62,62498,2,1,0,7,ALAIN (R),50.431055,2.843675,9,2,1
202100032676,143Â 359,B01,1,1,2,1,8,0,-1,0,0,-1,2021,43.0,0,1,0,2,0,1,5,,4,MONTPLAISIR RUE,0,,1,1,1,1,(1),(1),1,, -1,1,0,1,50,23,6,2021,08:50,1,26,26362,2,1,0,3,92 Rue Montplaisir,44.93003,4.90835,8,2,2
202100035379,138Â 472,B01,1,1,1,5,2,6,-1,0,0,-1,2021,79.0,2,1,0,2,1,1,1,,3,45,0,,2,2,0,1,17,170,1,, -1,1,0,1,80,11,6,2021,14:45,1,14,14161,1,1,0,3,D45,49.2218805163,0.1234862208,14,3,2
202100030023,148Â 125,B01,1,1,2,3,1,0,-1,0,0,-1,2021,47.0,3,2,0,2,3,1,1,,4,AVENUE DES CHAMPS ELYSEES,0,,2,6,0,1,(1),(1),1,, -1,1,5,1,50,8,7,2021,15:10,1,75,75108,2,7,0,4,AVENUE DES CHAMPS ELYSEES,48.865867,2.319891,15,3,3
202100033864,141Â 231,B01,1,1,1,5,0,-1,-1,0,0,-1,2021,66.0,2,1,0,2,1,1,5,,3,DECAZEVILLE (AVENUE DE) RD 840,0,,2,2,0,2,3,45,1,, -1,1,0,1,70,12,6,2021,15:20,1,12,12202,2,4,0,3,DECAZEVILLE (AVENUE DE) RD 840,44.36538,2.55103,15,2,2
202100025191,156Â 633,A01,1,1,1,5,2,7,-1,0,0,-1,2021,63.0,2,1,13,0,0,0,1,,3,3,-1,,2,2,0,1,12,500,1,, -1,2,0,3,90,8,8,2021,13:20,1,3,3127,1,1,1,7,"RD 3, PK 12+500",46.499005,2.707604,13,2,1
202100054811,103Â 824,A01,10,3,2,9,0,-1,-1,3,3,1,2021,20.0,0,1,0,1,0,21,1,,3,906,-1,,2,2,0,1,62,610,1,, -1,1,0,1,50,16,1,2021,11:55,1,63,63125,2,1,0,6,Avenue Henri Pourrat,45.755165,3.542801,11,2,1
202100018422,168Â 699,B01,4,2,1,4,8,0,-1,-1, -1,-1,2021,21.0,1,2,9,0,1,21,1,,4,CASANOVA DANIELLE NR 2 A 50 ET 1 A 19,0,,2,4,1,1,0,1,1,, -1,1,0,1,50,17,9,2021,11:20,1,93,93066,2,1,0,1,Rue Danielle Casanova,48.92959,2.35854,11,5,2
202100030185,147Â 815,B01,1,1,1,5,8,8,-1,-1, -1,-1,2021,68.0,1,1,0,2,3,1,5,,4,SAINT SAUVEUR (PONT),0,,3,4,2,1,(1),(1),1,, -1,1,0,1,50,6,7,2021,16:00,1,37,37261,2,3,0,6,SAINT SAUVEUR (PONT),47.3717169964,0.6777070463,16,2,2
202100002346,197Â 591,B01,2,2,1,0,1,8,-1,-1, -1,-1,2021,24.0,1,2,3,2,3,0,1,,1,A13,0,,1,3,0,1,30,799,1,, -1,1,0,1,130,18,12,2021,18:00,3,78,78206,1,1,0,2,A13,48.95324,1.94044,18,3,2
202100015615,173Â 766,B01,1,1,1,9,8,0,-1,-1, -1,-1,2021,28.0,0,1,0,2,2,3,1,,4,CROIX ROUGE (AVENUE),0,,2,2,0,1,0,0,1,, -1,1,0,1,50,1,10,2021,18:30,1,13,13213,2,1,0,3,CROIX ROUGE (AVENUE),43.3330316596,5.4369338378,18,2,2
202100015743,173Â 526,A01,10,3,2,1,0,-1,-1,3,3,1,2021,23.0,1,2,0,1,3,7,2,,4,BOULEVARD RASPAIL,0,,2,4,3,1,(1),(1),1,, -1,2,-1,6,30,1,10,2021,20:10,3,75,75114,2,4,1,6,BOULEVARD RASPAIL,48.840608,2.330161,20,2,1
202100042854,125Â 066,B01,1,1,1,5,2,6,-1,-1, -1,-1,2021,21.0,1,1,0,2,1,17,1,,3,R.D.940,0,,2,2,0,2,75,(1),1,, -1,1,0,1,80,23,4,2021,17:10,1,62,62774,1,1,0,3,R.D.940,50.93044,1.72136,17,2,2
202100036166,137Â 045,A01,1,1,2,9,1,-1,-1,0,0,-1,2021,20.0,2,2,13,0,9,17,1,,1,13,0,A,3,4,0,2,156,800,4,, -1,1,0,3,130,1,6,2021,18:50,1,27,27563,1,1,0,6,A13,49.373068,0.486016,18,1,1
202100020014,165Â 852,A01,1,1,2,0,1,0,-1,-1, -1,-1,2021,31.0,2,2,0,2,1,2,1,,2,RN12 INT,0,,3,6,0,1,18,100,1,, -1,1,0,1,110,9,9,2021,09:02,1,78,78322,1,1,0,2,RN12 INT,48.781239,2.168851,9,2,2
202100031538,145Â 384,A01,1,1,1,5,1,0,-1,-1, -1,-1,2021,27.0,1,2,1,0,2,14,1,,1,AUTOROUTE A6,0,,3,6,0,1,30,600,1,, -1,1,0,2,110,1,7,2021,04:00,3,91,91659,1,1,0,2,AUTOROUTE A6,48.58623,2.45155,4,2,2
202100027843,151Â 948,A01,1,1,1,5,2,-1,-1,0,0,-1,2021,42.0,2,1,0,2,0,17,1,,2,2,-1,,2,2,0,1,(1),(1),1,, -1,1,0,1,-1,6,3,2021,20:00,2,971,97129,2,3,0,1,Lieu Dit Bebel,16.326492,-61.690689,20,2,2
202100054125,105Â 002,A01,1,1,1,1,2,8,-1,-1, -1,-1,2021,40.0,1,1,0,2,3,1,1,,3,GALLIENI (BOULEVARD) (1/19),0,,2,2,0,1,0,0,1,, -1,9,0,1,50,5,1,2021,08:40,2,92,92036,2,1,0,6,GALLIENI (BOULEVARD) (1/19),48.9240036461,2.3227665427,8,2,2
202100012545,179Â 291,A01,1,1,2,4,1,-1,-1,0,0,-1,2021,31.0,1,2,0,2,1,2,1,,3,675,-1,,2,2,0,1,(1),(1),1,, -1,2,0,1,90,19,10,2021,10:30,1,14,14055,1,3,1,2,D675,49.259224,0.09539,10,2,2
202100021213,163Â 743,A01,10,3,1,3,0,-1,-1,3,3,1,2021,73.0,3,2,0,1,8,15,1,,4,CURIE (AV PIERRE),0,,1,1,0,1,0,0,1,, -1,1,0,1,50,30,8,2021,17:10,1,83,83126,2,1,0,6,CURIE (AV PIERRE),43.10358,5.87344,17,2,1
202100027765,152Â 079,B01,1,1,2,9,8,0,-1,0,0,-1,2021,48.0,2,1,0,2,0,7,5,,4,RUE DU FAUBOURG SAINT ANTOINE,0,,2,2,3,1,(1),(1),1,, -1,1,0,6,50,21,7,2021,14:45,1,75,75111,2,4,0,3,RUE DU FAUBOURG SAINT ANTOINE,48.850636,2.378824,14,3,2
202100030165,147Â 848,A01,10,3,1,9,0,-1,-1,9,B,1,2021,3.0,1,3,16,0,1,26,1,1.0,4,CANUTS (DES)                            ,0,,1,0,3,1,(1),(1),1,, -1,1,9,6,30,7,7,2021,12:50,1,69,69256,2,1,0,6,CANUTS (DES) (AV)                           ,45.76167,4.92507,12,2,1
202100014548,175Â 699,A01,10,3,2,0,0,-1,-1,3,3,1,2021,18.0,1,2,0,1,1,15,1,,4,PAUL CAZENEUVE                      (R ),0,,2,2,2,1,(1),(1),1,, -1,1,0,1,50,7,10,2021,16:45,1,69,69388,2,3,0,6,PAUL CAZENEUVE (R),45.7340052465,4.8627722729,16,2,1
202100032605,143Â 494,A01,1,1,2,5,6,2,-1,0,0,-1,2021,47.0,1,1,10,0,1,1,1,,3,909,-1,D,2,2,0,1,2,800,2,, -1,9,2,1,80,25,6,2021,16:30,1,73,73114,1,1,0,6,D909 Rte des Aravis,45.839309,6.508251,16,1,1
202100052814,107Â 317,B01,1,1,1,5,8,0,-1,-1, -1,-1,2021,22.0,2,0,0,2,1,3,3,,3,REPUBLIQUE (AVE DE LA ) => NO 41/50,0,,2,2,0,1,0,1,1,, -1,1,0,1,50,2,2,2021,15:35,1,93,93001,2,1,0,1,REPUBLIQUE (AVE DE LA ) => NO 41/50,48.91198,2.38386,15,2,2
202100003586,195Â 342,B01,1,1,1,1,2,6,-1,-1, -1,-1,2021,55.0,1,1,0,2,7,17,1,,4,GARE (ROUTE DE LA),0,,2,2,0,1,0,0,1,, -1,1,0,1,50,9,12,2021,09:00,1,83,83090,2,1,0,3,GARE (ROUTE DE LA),43.12377,5.83137,9,2,2