Num_Acc,id_vehicule,num_veh,place,catu,sexe,trajet,secu1,secu2,secu3,locp,actp,etatp,year_acc,victim_age,senc,catv,obs,obsm,choc,manv,motor,occutc,catr,voie,v1,v2,circ,nbv,vosp,prof,pr,pr1,plan,lartpc,larrout,surf,infra,situ,vma,jour,mois,an,hrmn,lum,dep,com,agg_,int,atm,col,adr,lat,long,hour,nb_victim,nb_vehicules
202100006256,190Â 615,A01,1,1,1,5,2,-1,-1,-1, -1,-1,2021,23.0,3,1,14,0,1,25,1,,4,QUAI DES CHARTRONS,0,,-1,1,0,1,(1),(1),1,, -1,2,6,4,5,25,11,2021,02:00,5,33,33063,2,1,1,6,QUAI DES CHARTRONS,44.85366,-0.5654,2,2,1
202100041683,127Â 099,B01,1,1,1,9,2,0,-1,0,0,-1,2021,63.0,1,1,0,2,7,1,5,,4,ROUTE DES TRIBUNES,0,,2,2,1,1,(1),(1),1,, -1,1,0,5,30,2,5,2021,11:15,1,75,75116,2,1,0,3,ROUTE DES TRIBUNES,48.860401,2.229864,11,2,2
202100009319,185Â 046,A01,10,3,1,3,0,-1,-1,4,3,1,2021,34.0,1,2,0,1,3,1,1,,3,3,0,,2,3,0,2,0,0,1,, -1,1,0,1,50,5,11,2021,10:00,1,92,92050,2,2,0,6,VAILLANT COUTURIER PAUL RUE,48.8825254624,2.2044503453,10,2,1
202100013303,177Â 963,A01,1,1,1,1,2,6,-1,0,0,-1,2021,30.0,2,1,0,2,3,18,1,,4,RUE LEGENDRE,0,,1,2,1,1,(1),(1),1,, -1,1,0,1,30,14,10,2021,07:30,2,75,75117,2,2,0,3,RUE LEGENDRE,48.886207,2.31772,7,2,2
202100051667,109Â 338,A01,1,1,1,5,2,8,-1,-1, -1,-1,2021,16.0,2,1,0,2,2,17,1,,4,JUIN MARECHAL (RUE DU),0,,2,2,0,1,0,0,1,, -1,1,0,1,50,11,2,2021,13:10,1,64,64122,2,3,0,3,JUIN MARECHAL (RUE DU),43.47326,-1.54078,13,2,2
202100006640,189Â 918,A01,1,1,1,1,2,8,-1,-1, -1,-1,2021,23.0,1,1,0,2,1,2,1,,4,NORMANDIE ( BD ET IMP DE ),0,,1,1,0,1,(1),(1),2,, -1,1,5,1,30,22,11,2021,13:30,1,56,56121,2,6,0,2,NORMANDIE ( BD ET IMP DE ),47.76008,-3.36617,13,2,2
202100035378,138Â 473,A01,1,1,1,1,2,-1,-1,0,0,-1,2021,51.0,2,1,0,2,1,2,1,,3,313,-1,,3,4,0,1,1,650,1,, -1,1,0,1,90,8,6,2021,09:10,1,72,72310,1,1,0,2,RD313,48.033323,0.196016,9,2,2
202100006024,191Â 029,A01,1,1,1,5,1,-1,-1,0,0,-1,2021,24.0,2,2,0,2,2,14,1,,1,6,-1,,2,5,0,1,398,200,1,, -1,2,0,1,130,28,11,2021,07:02,3,71,71090,1,1,1,4,Autoroute A6 pk 398.200,46.223968,4.790726,7,6,5
202100019659,166Â 504,A01,1,1,2,9,2,0,-1,-1, -1,-1,2021,22.0,3,1,0,2,1,21,1,,4,PLAGES (BOULEVARD DES),0,,2,2,0,1,0,0,3,, -1,1,0,1,50,10,9,2021,10:20,1,64,64024,2,1,0,7,PLAGES (BOULEVARD DES),43.50051,-1.53873,10,1,1
202100029456,149Â 130,A01,10,3,1,5,0,-1,-1,2,5,3,2021,20.0,1,0,0,1,3,9,0,,4,,0,,2,2,0,1,0,0,1,, -1,1,0,1,50,11,7,2021,04:30,5,92,92007,2,1,0,6,LINCOLN (RUE ABRAHAM),48.790363615,2.3183566332,4,2,1
202100012244,179Â 836,A01,1,1,1,9,2,0,-1,0,0,-1,2021,33.0,2,1,0,2,1,1,1,,4,RUE SAINT FARGEAU,0,,2,2,0,2,(1),(1),1,, -1,2,0,1,30,18,10,2021,20:05,5,75,75120,2,3,1,1,RUE SAINT FARGEAU,48.871206,2.400833,20,2,2
202100015996,173Â 076,B01,8,2,1,9,1,-1,-1,0,0,-1,2021,24.0,0,2,0,2,1,1,1,,4,,0,,2,2,0,1,(1),(1),3,,4,1,0,1,70,22,9,2021,17:00,1,49,49307,1,9,0,3,Rue des MÃ©juteaux,47.465247,-0.399703,17,3,2
202100000895,200Â 145,B01,1,1,1,9,2,8,-1,-1, -1,-1,2021,37.0,2,1,0,2,3,1,1,,3,VAILLANT-COUTURIER (AVENUE PAUL),0,,2,4,0,1,135,0,1,, -1,1,5,1,30,30,12,2021,09:15,1,93,93027,2,1,0,1,VAILLANT-COUTURIER (AVENUE PAUL),48.92535,2.41525,9,2,2
202100014814,175Â 223,A01,10,3,2,0,0,-1,-1,2,3,1,2021,28.0,2,2,1,1,3,15,1,,4,ATHENES (BOULEVARD D'),0,,2,3,0,2,0,0,1,, -1,1,0,1,50,6,10,2021,14:35,1,13,13201,2,2,0,1,ATHENES (BOULEVARD D'),43.30022,5.38064,14,2,1
202100030706,146Â 871,B01,1,1,1,1,2,6,-1,0,0,-1,2021,52.0,2,1,0,2,1,19,1,,4,AVENUE DE LA VICTOIRE H. LAFLEUR,0,,3,5,0,1,0,0,1,, -1,1,5,1,50,1,7,2021,09:40,1,988,98818,2,2,0,3,AVENUE DU MARECHAL FOCH/AVENUE DE LA VICTOIRE H. LAFLEUR,-22.27435,166.44283,9,2,2
202100036789,135Â 948,B01,1,1,1,9,8,0,-1,-1, -1,-1,2021,14.0,1,1,0,2,1,1,5,,7,BOUVRY ROGER RUE,0,,2,4,1,1,(1),(1),1,, -1,1,0,5,50,1,6,2021,15:50,1,59,59560,2,1,0,3,BOUVRY ROGER RUE,50.5480851378,3.0279886464,15,2,2
202100033390,142Â 082,A01,1,1,2,5,1,8,-1,0,0,-1,2021,36.0,1,2,1,0,1,13,1,,3,MARECHAL JOFFRE,0,,3,2,0,1,31,145,1,, -1,1,0,1,50,18,6,2021,23:00,5,71,71153,2,1,0,6,92b Rue du Marechal Joffre,46.79112,4.41185,23,1,1
202100049559,113Â 170,A01,1,1,1,3,2,6,-1,0,0,-1,2021,72.0,2,1,0,2,8,1,1,,3,D946,0,,2,2,0,1,(1),(1),1,, -1,1,9,1,50,3,3,2021,14:50,1,2,2361,2,6,0,3,Place Louis Meurisse,49.900478,3.630611,14,2,2
202100007124,189Â 036,Z01,10,3,1,5,0,-1,-1,4,3,1,2021,21.0,0,0,0,1,2,26,0,,4,19 MARS 1962 RUE DU,0,,1,2,0,1,(1),(1),1,, -1,1,0,1,50,17,11,2021,22:10,1,29,29232,2,6,0,6,Rue du 19 Mars 1962,47.98796,-4.10923,22,2,1
202100052453,107Â 954,B01,1,1,2,5,1,0,-1,0,0,-1,2021,38.0,1,2,0,2,4,23,1,,2,MUSEE ( Carrefour du ),0,,2,1,0,1,70,0,1,, -1,1,0,1,50,4,2,2021,09:35,1,5,5061,2,6,0,2,MUSEE ( Carrefour du ),44.5618446751,6.0842886853,9,3,2
202100000683,200Â 491,A01,10,3,2,0,8,8,-1,5,B,1,2021,48.0,0,2,12,1,2,26,1,,4,RIEU CHARLOUN (RUE),0,,2,2,0,1,0,0,1,, -1,1,0,4,50,29,5,2021,09:55,1,13,13001,2,1,0,1,RIEU CHARLOUN (RUE),43.52917,5.41445,9,2,1
202100003041,196Â 341,B01,2,2,2,1,1,0,-1,-1, -1,-1,2021,34.0,2,2,0,2,4,2,1,,1,AUTOROUTE A6B,0,,3,6,0,2,8,0,1,, -1,1,0,1,110,14,12,2021,14:24,1,91,91689,1,1,0,4,AUTOROUTE A6B,48.74916,2.32856,14,4,3
202100036818,135Â 890,B01,1,1,1,5,2,8,-1,-1, -1,-1,2021,49.0,2,1,0,2,8,15,1,,4,JEAN LOMBARD (AVENUE),0,,2,4,0,1,(1),(1),1,, -1,1,0,1,50,2,6,2021,16:50,1,13,13211,2,3,0,1,JEAN LOMBARD (AVENUE),43.289889,5.426314,16,3,2
202100002692,196Â 965,B01,1,1,1,0,2,-1,-1,0,0,-1,2021,70.0,1,1,0,2,1,1,1,,3,RD126,-1,,2,2,0,1,1,220,1,, -1,1,9,1,80,17,12,2021,15:10,1,30,30336,1,2,1,3,D126,43.879969,4.628452,15,2,2
202100004698,193Â 377,A01,10,3,2,1,0,-1,-1,4,3,1,2021,34.0,3,2,0,1,7,14,1,,4,JAURES JEAN (RUE),0,,2,2,0,1,(1),(1),1,, -1,2,0,1,50,3,12,2021,19:00,5,95,95019,2,1,1,6,JAURES JEAN (RUE),48.990029586,2.4181723595,19,2,1
202100055505,102Â 631,A01,1,1,2,0,8,0,-1,-1, -1,-1,2021,26.0,2,2,0,2,3,19,1,,4,AVIATEUR LE BRIX (RUE),0,,2,4,0,1,(1),(1),1,, -1,2,0,1,50,10,1,2021,17:30,1,13,13209,2,1,0,3,AVIATEUR LE BRIX (RUE),43.26218,5.40427,17,5,2
202100030514,147Â 218,A01,1,1,1,1,2,6,-1,-1,0,-1,2021,32.0,1,1,0,2,1,26,1,,1,AUTOROUTE A15,0,,3,8,0,1,22,799,1,, -1,1,0,1,90,5,7,2021,19:30,2,95,95218,1,1,0,3,A15,49.035,2.09853,19,2,2
202100007802,187Â 801,B01,1,1,2,1,1,0,-1,0,0,-1,2021,30.0,1,2,0,2,8,1,2,,4,MORVAN (RUE DU),0,,2,2,0,1,(1),(1),1,, -1,2,0,1,50,16,11,2021,09:28,1,54,54547,2,2,1,3,MORVAN (RUE DU),48.65046,6.14794,9,2,2
202100011512,181Â 145,A01,1,1,1,5,1,0,-1,-1, -1,-1,2021,20.0,2,2,0,2,4,1,0,,1,A13,0,,1,3,0,1,31,200,1,, -1,1,0,1,130,23,10,2021,12:45,1,78,78206,1,1,0,3,A13,48.95474,1.9381,12,5,2
202100030170,147Â 840,A01,1,1,1,3,2,5,-1,-1, -1,-1,2021,38.0,3,1,16,0,8,1,1,,4,GRENET (AVENUE HENRI),0,,2,4,0,1,0,0,1,, -1,2,0,1,50,6,7,2021,17:40,1,64,64102,2,1,1,7,GRENET (AVENUE HENRI),43.50147,-1.47893,17,1,1
202100010328,183Â 239,A01,1,1,2,0,8,-1,-1,-1, -1,-1,2021,36.0,1,2,8,0,1,1,1,,4,VILLENEUVE   RUE,0,,1,1,0,1,(1),(1),1,, -1,1,0,4,30,29,10,2021,02:00,5,17,17300,2,1,0,6,VILLENEUVE   RUE,46.16037,-1.14718,2,1,1
202100047939,116Â 047,B01,1,1,1,5,2,0,-1,-1, -1,-1,2021,28.0,3,1,0,2,1,2,1,,4,MONTPELLIER (ROUTE DE),0,,-1,2,0,1,(1),(1),1,, -1,1,0,1,50,26,2,2021,14:15,1,34,34108,1,1,0,3,MONTPELLIER (ROUTE DE),43.4633,3.7662,14,2,2
202100016369,172Â 375,A01,1,1,1,1,2,6,-1,-1, -1,-1,2021,25.0,1,1,0,2,3,1,1,,3,SAINT MAURICE DU VALAIS (AV),0,,4,4,0,1,375,0,1,, -1,1,0,1,50,28,9,2021,14:10,1,94,94069,2,2,0,3,Avenue Saint Maurice du Valais,48.81502,2.46308,14,2,2
202100043078,124Â 674,B01,1,1,1,0,2,8,-1,-1, -1,-1,2021,28.0,1,1,0,2,1,0,1,,3,992,0,,3,4,0,2,0,0,1,, -1,1,0,1,50,21,4,2021,20:30,1,92,92025,2,2,0,3,CHARLES DE GAULLE (BD),48.9104138539,2.2347215779,20,2,2
202100003713,195Â 112,A01,1,1,2,1,1,-1,-1,0,0,-1,2021,49.0,2,2,0,2,1,15,1,,3,LUYE ( ROUTE DE LA ),0,,2,2,0,2,0,1,1,, -1,5,0,1,50,8,12,2021,09:15,1,5,5061,1,3,1,3,LUYE ( ROUTE DE LA ),44.52261,6.05962,9,2,2
202100024340,158Â 165,A01,1,1,1,1,0,-1,-1,0,0,-1,2021,26.0,2,2,0,0,1,1,1,,3,24,0,,2,2,0,2,7,800,2,, -1,1,0,3,80,13,8,2021,18:50,1,51,51199,1,1,0,7,D24,49.1400050965,3.827721755,18,2,1
202100013748,177Â 134,A01,2,2,1,4,1,2,-1,0,0,-1,2021,26.0,1,0,13,0,9,13,1,,3,117,0,D,2,2,0,1,30,500,1,, -1,1,0,3,80,13,10,2021,11:00,1,11,11263,1,1,0,7,D117,42.90192,2.11019,11,2,1
202100013558,177Â 485,A01,1,1,1,0,2,0,-1,-1, -1,-1,2021,33.0,1,1,3,0,1,17,1,,1,Autoroute A30,0,,3,5,3,2,6,699,1,, -1,1,0,1,110,13,10,2021,19:30,2,57,57647,1,1,0,6,Autoroute A30,49.31411,6.09471,19,1,1
202100023531,159Â 577,A01,10,3,1,5,0,-1,-1,9,9,2,2021,19.0,3,2,0,1,1,1,1,,5,20,0,,-1,1,0,1,(1),(1),4,, -1,9,0,6,30,19,8,2021,02:30,3,34,34299,1,7,0,6,La SÃ©oune et la MaÃ¯re,43.264659,3.330274,2,3,1
202100053417,106Â 239,A01,1,1,1,0,1,0,-1,-1, -1,-1,2021,36.0,1,5,0,2,1,2,1,,2,RN12,0,,3,6,0,1,24,100,1,, -1,2,0,1,110,28,1,2021,17:00,1,78,78646,1,1,1,4,RN12,48.79329,2.081844,17,3,3
202100049176,113Â 852,B01,1,1,1,5,1,-1,-1,0,0,-1,2021,78.0,1,2,0,2,3,2,1,,3,41,0,,2,2,0,1,16,900,1,, -1,1,0,1,80,4,3,2021,12:55,1,31,31412,1,2,0,3,D 41 B,43.334867,0.684628,12,2,2
202100014692,175Â 451,A01,1,1,1,1,2,6,9,0,0,-1,2021,20.0,2,1,0,6,1,2,1,,3,86,-1,,2,2,0,1,17,376,1,, -1,1,0,1,80,7,10,2021,23:34,3,44,44131,1,1,0,6,route dÃ©partementale 86,47.1352546023,-2.0885825157,23,1,1
202100002991,196Â 432,A01,1,1,1,5,1,-1,-1,0,0,-1,2021,28.0,2,2,0,2,1,13,1,,2,149,-1,N,2,2,0,2,30,545,3,,"7,3",2,0,1,80,15,12,2021,16:00,1,79,79008,1,1,1,6,Route de Parthenay,46.765471,-0.313561,16,3,3
202100032698,143Â 320,B01,1,1,1,4,2,0,-1,0,0,-1,2021,25.0,2,1,0,2,1,2,5,,4,RUE GERMAIN PILON,0,,1,1,0,2,(1),(1),1,, -1,1,0,1,50,23,6,2021,12:56,1,75,75118,2,3,0,2,RUE GERMAIN PILON,48.882862,2.336183,12,2,2
202100023690,159Â 272,A01,1,1,1,0,8,0,-1,-1, -1,-1,2021,19.0,3,1,0,2,8,9,5,,4,RESISTANCE (RUE DE LA),0,,2,2,0,2,0,1,1,, -1,1,0,1,50,16,8,2021,18:00,1,74,74012,2,1,0,6,RESISTANCE (RUE DE LA),46.19714,6.25314,18,3,3
202100053171,106Â 693,A01,2,2,2,5,1,0,-1,-1, -1,-1,2021,16.0,3,2,0,2,2,1,1,,6,BUXEROLLES (RUE DE),0,,-1,-1,0,1,0,0,1,, -1,2,0,1,30,27,1,2021,15:32,1,87,87085,2,1,1,3,BUXEROLLES (RUE DE),45.86918,1.26354,15,3,2
202100014656,175Â 516,A01,10,3,2,5,0,-1,-1,3,3,1,2021,23.0,2,2,0,1,3,2,1,,3,GALLIENI (AV.) DE 177 A 211,0,,1,3,0,1,0,0,1,, -1,1,9,1,50,7,10,2021,13:34,1,93,93010,2,1,0,1,GALLIENI (AV.) DE 177 A 211,48.90676,2.48623,13,2,1
202100042898,124Â 986,A01,10,3,2,0,8,8,-1,6,3,1,2021,54.0,1,2,0,1,3,26,1,,1,A34,0,,1,1,0,1,30,0,1,, -1,1,3,6,70,22,4,2021,18:40,1,8,8480,1,1,0,6,A34,49.73696,4.75034,18,2,1
202100009912,183Â 974,A01,1,1,1,5,8,-1,-1,-1, -1,-1,2021,30.0,1,2,1,0,2,14,0,,4,CORDOUAN (AVENUE DE),0,,2,2,0,1,(1),(1),1,, -1,1,0,1,50,31,10,2021,02:34,5,17,17333,2,9,0,6,CORDOUAN (AVENUE DE),45.609558,-1.00264,2,1,1
202100006433,190Â 296,A01,10,3,1,5,0,-1,-1,2,3,1,2021,89.0,1,2,0,1,1,19,1,,4,BUFFON (RUE),0,,1,1,0,1,0,0,1,, -1,1,0,1,50,23,11,2021,18:58,4,21,21231,2,1,0,6,BUFFON (RUE),47.31894,5.04441,18,2,1
202100001830,198Â 526,B01,1,1,1,0,2,8,-1,-1, -1,-1,2021,20.0,2,1,0,2,1,21,1,,3,convalescence/vetivers-Seize Villas ( ru,0,,2,2,0,2,2,0,1,, -1,1,0,1,50,21,12,2021,21:35,5,976,97611,2,4,0,1,convalescence/vetivers-Seize Villas ( ru,-12.78042,45.22427,21,2,2
202100024251,158Â 319,A01,10,3,1,0,0,-1,-1,5,5,1,2021,49.0,3,3,0,1,2,26,0,1.0,6,LAURENT BONNEVAY (Gare routiÃ¨re)    (XX),0,,-1,-1,3,1,(1),(1),1,, -1,1,9,6,30,13,8,2021,17:00,1,69,69266,2,1,0,6,LAURENT BONNEVAY (Gare routiÃ¨re) ,45.76503,4.90906,17,2,1
202100026743,153Â 918,A01,1,1,1,9,1,-1,-1,0,0,-1,2021,26.0,2,5,0,2,2,5,1,,1,A26,0,,3,4,0,1,147,600,1,, -1,1,0,1,130,29,7,2021,01:30,3,59,59312,1,1,0,1,"Autoroute A26, sens CALAIS/REIMS, PK 147+600",50.022024,3.170478,1,2,2
202100013936,176Â 791,A01,10,3,2,5,0,-1,-1,2,3,1,2021,11.0,1,5,0,1,1,1,1,,3,13,-1,,2,2,0,2,20,700,1,, -1,1,0,1,50,12,10,2021,12:30,1,2,2648,2,1,0,6,41 rue condorcet,49.795346,3.458695,12,2,1
202100024786,157Â 345,A01,1,1,2,9,1,-1,-1,0,0,-1,2021,47.0,1,2,16,0,9,1,1,,3,275,0,,2,2,0,1,8,325,3,, -1,1,0,3,80,11,8,2021,00:15,3,64,64367,1,1,0,7,20 Route de Loubieng,43.433994,-0.69841,0,1,1
202100014459,175Â 858,A01,1,1,1,5,2,-1,-1,0,0,-1,2021,23.0,0,1,6,0,7,25,1,,3,20,0,,2,2,0,2,(1),(1),1,, -1,2,6,4,50,8,10,2021,23:20,4,974,97414,2,1,1,6,25 Rue Leconte de Lisle,-21.274958,55.414889,23,1,1
202100004011,194Â 572,A01,1,1,2,0,8,0,-1,-1, -1,-1,2021,41.0,1,1,0,2,1,19,5,,4,LANDSBERG (RUE DU),0,,2,2,1,1,0,0,1,, -1,1,0,1,50,3,12,2021,08:51,1,67,67482,2,3,0,2,LANDSBERG (RUE DU),48.572291,7.765537,8,3,2
202100032313,143Â 999,A01,1,1,1,9,2,6,-1,0,0,-1,2021,57.0,2,1,0,0,0,1,1,,4,BOULEVARD SAINT GERMAIN,0,,1,3,0,1,(1),(1),1,, -1,1,0,1,50,25,6,2021,11:47,1,75,75105,2,3,0,7,BOULEVARD SAINT GERMAIN,48.849868,2.349453,11,1,1
202100016475,172Â 178,A01,1,1,2,1,8,0,-1,0,0,-1,2021,43.0,1,1,0,2,7,1,5,,4,SERBIE (RUE DE),0,,2,2,0,1,(1),(1),1,, -1,1,0,1,500,23,9,2021,12:45,1,63,63113,2,2,0,3,SERBIE (RUE DE),45.78166,3.08012,12,2,2
202100003148,196Â 140,B01,1,1,2,5,1,8,-1,-1, -1,-1,2021,69.0,2,2,0,2,7,1,1,,2,RN 102,0,,2,2,0,1,41,250,2,, -1,1,9,1,70,9,12,2021,11:15,1,7,7019,1,2,0,3,RN 102,44.629,4.3806,11,2,2
202100043317,124Â 232,A01,10,3,1,5,0,-1,-1,1,5,1,2021,9.0,1,2,0,1,2,1,1,,4,LAMARTINE (RUE),0,,2,2,0,1,0,0,1,, -1,1,0,1,30,18,4,2021,11:05,1,67,67447,2,1,0,6,LAMARTINE (RUE),48.6130406873,7.7388234437,11,2,1
202100050761,110Â 945,A01,1,1,1,5,2,6,-1,0,0,-1,2021,46.0,2,1,0,2,1,3,1,,4,PORTE DE VINCENNES,0,,1,4,0,1,31,600,1,, -1,1,0,1,70,20,2,2021,19:06,5,75,75120,2,1,0,4,PORTE DE VINCENNES,48.849145,2.41514,19,3,3
202100017503,170Â 338,B01,1,1,1,9,2,0,-1,0,0,-1,2021,50.0,2,1,0,2,4,1,5,,4,RUE DES ORTEAUX,0,,2,2,1,1,(1),(1),1,, -1,1,0,5,30,22,9,2021,01:05,5,75,75120,2,3,0,1,RUE DES ORTEAUX,48.857039939,2.398146987,1,2,2
202100032344,143Â 945,B01,1,1,1,0,2,0,-1,-1, -1,-1,2021,42.0,1,1,0,2,1,1,1,,3,PERI (BOULEVARD GABRIEL)  0 - 37 / 42,0,,3,4,0,1,1,0,1,, -1,1,0,1,50,25,6,2021,08:40,1,93,93064,2,1,0,3,PERI (BOULEVARD GABRIEL)  0 - 37 / 42,48.877318,2.478733,8,2,2
202100003016,196Â 384,A01,1,1,2,0,1,-1,-1,0,0,-1,2021,29.0,1,2,3,0,3,0,1,,1,7,-1,,3,4,0,1,91,300,1,, -1,2,0,1,130,16,12,2021,19:20,3,26,26166,1,1,1,6,Autoroute A7 ,44.766145,4.798622,19,1,1
202100009235,185Â 203,B01,1,1,1,9,2,6,-1,-1, -1,-1,2021,27.0,2,1,0,2,7,17,1,,4,GUYNEMER (AVENUE),0,,2,2,0,1,0,0,1,, -1,1,0,1,50,5,11,2021,17:00,1,64,64024,2,1,0,3,GUYNEMER (AVENUE),43.49778,-1.53851,17,2,2
202100005599,191Â 799,B01,1,1,1,2,0,-1,-1,0,0,-1,2021,13.0,2,1,0,2,3,19,5,,4,,-1,,2,2,0,2,(1),(1),1,,4,2,0,8,50,1,12,2021,11:28,1,52,52250,2,2,1,3,CARREFOUR RUE DE LA GENEVROYE ET SAINT-EXUPÃRY,48.441835,5.151869,11,2,2
202100003263,195Â 931,A01,1,1,1,9,2,6,-1,0,0,-1,2021,34.0,3,1,0,0,0,11,1,,4,QUAI DE BERCY,0,,1,3,0,1,(1),(1),1,, -1,2,0,1,50,12,12,2021,12:00,1,75,75112,2,1,1,7,QUAI DE BERCY,48.828757,2.387564,12,1,1
202100020784,164Â 495,A01,1,1,1,5,2,6,-1,0,0,-1,2021,26.0,2,1,0,2,3,9,1,,1,1,0,A,1,3,0,1,57,300,1,,"13,5",1,0,1,130,6,9,2021,19:09,1,60,60369,1,9,0,3,Autoroute A1 PK 57+300 sens LILLE/PARIS,49.3166052201,2.6859406187,19,3,2
202100053615,105Â 885,A01,2,1,1,1,2,6,-1,-1, -1,-1,2021,37.0,3,1,0,0,0,9,1,,4,VALENTINE (ROUTE DE LA),0,,2,2,0,1,6,100,1,, -1,1,0,1,50,26,1,2021,15:00,1,13,13211,2,1,0,7,VALENTINE (ROUTE DE LA),43.289587,5.470668,15,1,1
202100038276,133Â 229,B01,1,1,2,0,2,-1,-1,0,0,-1,2021,56.0,2,1,1,0,1,2,1,,3,1,-1,,2,2,0,1,7,200,2,, -1,1,0,1,50,25,5,2021,10:50,1,973,97309,2,2,0,2,D2,4.911985,-52.272252,10,4,2
202100010971,182Â 114,A01,1,1,1,0,1,-1,-1,0,0,-1,2021,34.0,1,2,2,0,3,13,1,,3,51,0,D,2,2,0,1,4,800,3,, -1,1,0,3,80,27,10,2021,09:10,1,80,80754,1,1,0,6,D51,49.822452,1.95356,9,1,1
202100037872,133Â 967,B01,1,1,1,0,2,6,-1,-1, -1,-1,2021,47.0,2,1,0,2,1,2,1,,3,Belgique ( Place de ),0,,1,0,0,1,0,0,2,, -1,1,9,1,50,26,5,2021,20:35,1,92,92035,2,6,0,2,Belgique ( Place de ),48.9072460637,2.241538167,20,2,2
202100027972,151Â 704,A01,10,3,2,5,0,-1,-1,4,3,1,2021,70.0,1,1,0,1,1,1,5,,4,RUE DE TURENNE,0,,2,2,0,1,(1),(1),1,, -1,1,0,1,30,20,7,2021,17:30,1,75,75103,2,2,0,6,RUE DE TURENNE,48.858153,2.364469,17,2,1
202100025202,156Â 616,A01,2,2,2,3,1,-1,-1,0,0,-1,2021,40.0,1,2,0,0,1,14,1,,3,971,-1,,2,2,0,1,(1),(1),1,, -1,2,0,3,80,7,8,2021,17:00,1,10,10170,1,2,0,6,d971,48.0319230372,4.4274392724,17,2,1
202100030346,147Â 518,B01,1,1,2,0,1,0,-1,-1, -1,-1,2021,51.0,1,2,0,2,9,2,1,,2,RN 13,0,,1,2,0,1,25,620,1,, -1,1,0,1,50,5,7,2021,18:10,1,78,78551,1,1,0,4,RN 13,48.901578,2.061808,18,3,3
202100044645,121Â 918,A01,1,1,1,0,8,0,-1,-1, -1,-1,2021,36.0,2,2,0,2,1,26,1,,1,A13,0,,3,6,0,1,34,599,1,, -1,1,0,1,130,8,4,2021,05:15,5,78,78090,1,1,0,2,A13,48.970343,1.900637,5,2,2
202100051714,109Â 254,B01,1,1,1,1,2,6,-1,-1, -1,-1,2021,33.0,2,1,0,2,1,1,1,,3,TASSIGNY(AVE DU MARECHAL DE LATTRE DE),0,,2,4,0,1,1,0,1,, -1,1,0,1,50,12,2,2021,18:45,5,94,94028,2,1,0,3,Av du Mal de Lattre de Tassigny,48.7981,2.4558,18,2,2
202100049679,112Â 939,B01,1,1,1,5,1,0,-1,-1, -1,-1,2021,26.0,1,2,14,0,4,2,1,,3,CROIZAT AMBROISE RD 29 BIS,0,,2,2,0,1,0,1,1,, -1,1,0,1,50,28,2,2021,13:55,1,93,93066,2,1,0,2,CROIZAT AMBROISE RD 29 BIS,48.92945,2.35101,13,2,2
202100053637,105Â 854,A01,10,3,1,1,0,-1,-1,2,3,1,2021,26.0,3,5,0,1,1,1,1,,4,JEAN JAURES (R),0,,1,2,0,1,0,1,1,, -1,1,0,1,50,26,1,2021,07:50,2,94,94022,2,3,0,6,ANATOLE FRANCE (AV),48.76544,2.40931,7,2,1
202100048728,114Â 660,B01,1,1,1,1,2,6,9,0,0,-1,2021,49.0,2,1,0,2,3,11,1,,1,57,-1,A,3,4,0,1,21,100,2,, -1,1,0,1,110,10,3,2021,17:40,1,83,83049,1,1,1,3,A57,43.24179,6.08513,17,2,2
202100054088,105Â 065,B01,1,1,1,3,1,0,-1,-1, -1,-1,2021,56.0,3,2,0,2,1,0,1,,4,CYTHARISTA (AVENUE),0,,2,2,0,1,0,0,2,, -1,1,0,1,50,21,1,2021,11:15,1,13,13028,2,1,0,1,CYTHARISTA (AVENUE),43.1920473655,5.6371216094,11,2,2
202100030162,147Â 854,A01,10,3,1,5,0,-1,-1,3,3,1,2021,57.0,3,2,0,1,1,9,1,,3,DAUPHINE (RUE DU),0,,1,1,0,2,41,720,2,, -1,1,0,1,50,4,7,2021,09:40,1,73,73065,2,6,0,6,Rue du DauphinÃ© / D991,45.58836859,5.9216952324,9,2,1
202100004659,193Â 446,A01,10,3,1,3,0,-1,-1,3,3,1,2021,74.0,2,2,0,1,3,1,1,,4,MEIRLANDT (AVENUE MAURICE),0,,2,1,0,1,(1),(1),1,, -1,9,0,1,50,3,2,2021,09:55,1,59,59650,2,1,0,6,MEIRLANDT (AVENUE MAURICE),50.70472,3.22068,9,2,1
202100018648,168Â 306,A01,1,1,1,5,6,2,-1,0,0,-1,2021,58.0,1,1,0,0,0,1,1,,3,118,0,D,2,2,0,1,74,500,2,, -1,1,5,1,50,16,9,2021,15:15,1,11,11209,2,9,0,7,D118,42.95921,2.258291,15,2,2
202100051855,109Â 013,A01,10,3,2,3,0,-1,-1,3,3,1,2021,83.0,1,4,0,1,3,1,1,,3,11,0,,2,2,0,1,7,10,1,, -1,1,9,1,50,11,2,2021,11:00,1,38,38316,2,1,0,6,Rue de la RÃ©publique,45.75003,5.17422,11,2,1
202100012990,178Â 522,A01,1,1,1,5,2,-1,-1,0,0,-1,2021,79.0,3,0,10,0,1,13,3,,4,sans,0,A,2,2,0,4,(1),(1),1,, -1,1,2,3,80,17,10,2021,11:30,1,81,81219,1,1,0,6,en berail,43.586293,2.035319,11,1,1