Num_Acc,id_vehicule,num_veh,place,catu,sexe,trajet,secu1,secu2,secu3,locp,actp,etatp,year_acc,victim_age,senc,catv,obs,obsm,choc,manv,motor,occutc,catr,voie,v1,v2,circ,nbv,vosp,prof,pr,pr1,plan,lartpc,larrout,surf,infra,situ,vma,jour,mois,an,hrmn,lum,dep,com,agg_,int,atm,col,adr,lat,long,hour,nb_victim,nb_vehicules
202100012442,179Â 470,A01,1,1,1,5,2,5,-1,-1, -1,-1,2021,17.0,0,1,0,2,1,9,1,,3,LEMONNIER (AVENUE AMIRAL),0,,3,4,0,1,23,830,1,, -1,1,0,1,50,13,10,2021,17:25,1,50,50129,2,3,0,2,LEMONNIER (AVENUE AMIRAL),49.63461,-1.60217,17,2,2
202100020737,164Â 564,A01,10,3,1,3,0,-1,-1,2,4,1,2021,86.0,3,5,0,1,4,4,1,,4,,-1,,1,1,2,1,(1),(1),1,, -1,1,0,1,50,29,8,2021,07:15,1,95,95313,2,1,0,6,Rue Dambry,49.1132067006,2.2187706332,7,2,1
202100051769,109Â 164,B01,1,1,1,0,1,0,-1,-1, -1,-1,2021,23.0,2,2,0,2,8,18,1,,1,86,0,,3,7,0,1,9,899,2,, -1,1,0,1,90,10,2,2021,21:00,3,92,92036,1,1,0,3,AUTOROUTE A86,48.9386090333,2.3110311142,21,2,2
202100049668,112Â 960,A01,2,2,2,0,2,0,-1,-1, -1,-1,2021,19.0,1,1,0,2,1,16,1,,4,CHAMPAGNE (QU DE),0,,1,1,0,1,1,0,1,, -1,1,0,1,30,1,3,2021,17:10,1,94,94058,2,1,0,2,CHAMPAGNE (QU DE),48.83927,2.51278,17,3,2
202100030388,147Â 449,A01,1,1,2,5,8,0,-1,-1, -1,-1,2021,15.0,1,1,0,2,4,1,3,,4,VERDUN   PLACE DE,0,,2,2,0,1,(1),(1),1,, -1,1,0,1,30,6,7,2021,16:45,1,17,17300,2,1,0,2,VERDUN   PLACE DE,46.16242,-1.15249,16,2,2
202100025666,155Â 801,B01,1,1,2,5,2,-1,-1,0,0,-1,2021,14.0,2,1,0,2,7,1,5,,4,,-1,,2,2,0,1,(1),(1),1,,4,1,0,1,50,29,6,2021,19:15,1,29,29020,2,3,0,1,Rue de Kerhapp,48.103155,-4.000562,19,2,2
202100023061,160Â 398,A01,10,3,2,5,0,-1,-1,3,3,1,2021,84.0,0,2,0,1,3,1,1,,4,CHAMPAGNE (RUE DE),0,,2,2,0,1,(1),(1),1,, -1,1,0,1,50,26,7,2021,08:55,1,45,45232,2,3,0,6,Rue de Champagne,47.842811,1.918983,8,2,1
202100020751,164Â 541,A01,10,3,2,5,0,-1,-1,1,3,1,2021,71.0,0,2,0,1,2,2,1,,4,VC,0,,2,2,0,1,(1),(1),1,, -1,1,0,1,50,4,9,2021,18:00,1,51,51576,2,1,0,7,Rue Saint Antoine,49.0479009799,4.1235718091,18,2,1
202100035799,137Â 718,A01,1,1,1,5,1,-1,-1,0,0,-1,2021,41.0,2,2,0,0,9,0,1,,3,2,0,D,2,2,0,3,8,200,2,, -1,1,0,8,80,9,6,2021,14:30,1,51,51538,1,1,0,7,D2,48.891076,4.394118,14,2,1
202100018390,168Â 751,B01,1,1,2,4,1,-1,-1,0,0,-1,2021,51.0,2,2,0,2,4,15,1,,3,VILLAROBERT ( RUE DE ),0,,2,2,0,1,0,400,1,, -1,2,0,1,50,16,9,2021,08:32,1,5,5061,2,1,1,2,VILLAROBERT ( RUE DE ),44.572091,6.086675,8,2,2
202100042800,125Â 153,B01,2,2,2,0,2,8,-1,-1, -1,-1,2021,41.0,2,1,0,2,4,1,1,,2,m'tsapere-Nationale 2 (route),0,,2,0,0,1,0,0,1,, -1,1,0,1,50,23,4,2021,06:28,1,976,97611,2,1,0,2,m'tsapere-Nationale 2 (route),-12.7929,45.22013,6,3,2
202100032716,143Â 289,B01,1,1,1,0,8,0,-1,-1, -1,-1,2021,50.0,1,1,0,2,8,1,5,,3,KENNEDY (AVENUE DU PRESIDENT),0,,2,3,0,1,1,0,1,, -1,1,0,1,50,23,6,2021,16:50,1,93,93064,2,1,0,6,KENNEDY (AVENUE DU PRESIDENT),48.88098,2.49476,16,2,2
202100001232,199Â 569,B01,1,1,1,1,2,-1,-1,0,0,-1,2021,17.0,1,1,0,2,1,1,1,,3,D612,-1,,2,2,0,1,96,650,1,, -1,1,0,1,50,28,12,2021,18:15,5,34,34245,2,2,0,1,D612,43.422402,2.946307,18,2,2
202100033692,141Â 539,B01,1,1,1,5,0,-1,-1,0,0,-1,2021,22.0,2,1,0,2,4,1,5,,2,1,0,R,2,2,0,1,5,100,2,, -1,1,5,1,50,19,6,2021,15:50,1,976,97610,2,6,0,3,Rond point du collÃ¨ge de Majicavo Lamir,-12.751612,45.230415,15,2,2
202100049545,113Â 196,A01,1,1,1,0,2,6,-1,-1, -1,-1,2021,23.0,2,1,0,2,1,17,0,,3,986,0,,2,2,0,1,0,0,1,, -1,1,0,1,50,2,3,2021,18:00,2,92,92050,2,2,0,3,REPUBLIQUE AVENUE DE LA,48.90921,2.21644,18,2,2
202100035408,138Â 430,C01,2,2,2,5,2,6,-1,0,0,-1,2021,58.0,2,1,0,2,1,2,1,,3,8,-1,,2,2,0,2,11,800,1,, -1,1,0,1,50,10,6,2021,17:00,1,83,83016,2,1,0,4,Dn8,43.20538,5.80932,17,4,3
202100005253,192Â 394,A01,1,1,1,1,2,6,-1,-1, -1,-1,2021,34.0,2,1,0,2,1,1,1,,3,ROUTE DE VERSAILLES,0,,3,4,0,4,28,310,1,, -1,1,0,1,70,23,11,2021,19:00,2,78,78524,2,1,0,2,ROUTE DE VERSAILLES,48.83631,2.11177,19,2,2
202100010468,183Â 012,B01,1,1,1,0,8,0,-1,-1, -1,-1,2021,11.0,3,1,0,2,7,5,5,,4,LAGRANGE (RUE LEO),0,,2,2,0,4,0,0,3,, -1,1,0,1,50,27,10,2021,19:15,5,974,97411,2,2,0,1,LAGRANGE (RUE LEO),-20.90463,55.48172,19,2,2
202100031307,145Â 779,A01,1,1,1,9,2,0,-1,0,0,-1,2021,19.0,2,1,0,2,2,13,5,,4,QUAI ANATOLE FRANCE,0,,2,4,1,1,(1),(1),1,, -1,1,0,5,50,2,7,2021,02:50,5,75,75107,2,1,0,1,QUAI ANATOLE FRANCE,48.861387,2.323218,2,2,2
202100039869,130Â 319,A01,1,1,1,0,1,-1,-1,0,0,-1,2021,78.0,2,2,2,0,1,1,1,,3,20,0,,2,2,0,1,1,700,1,, -1,2,0,3,80,16,5,2021,14:10,1,68,68082,1,1,1,6,D20,47.844991,7.345412,14,1,1
202100002548,197Â 226,A01,1,1,1,5,8,-1,-1,0,0,-1,2021,55.0,1,5,0,0,0,0,1,,3,977,0,,2,2,0,1,30,0,1,, -1,1,0,8,80,18,12,2021,20:00,3,2,2430,1,1,0,7,rd977,49.617912,3.821247,20,2,1
202100006177,190Â 772,A01,1,1,1,5,0,-1,-1,0,0,-1,2021,18.0,2,2,13,0,1,0,1,,3,20,0,D,2,2,0,3,14,300,1,, -1,1,0,8,80,25,11,2021,16:54,2,69,69023,1,1,0,7,CROIX DU BAN (DE LA) RTE),46.028469,4.603228,16,1,1
202100046378,118Â 870,B01,1,1,2,9,2,6,-1,0,0,-1,2021,28.0,2,1,0,2,5,7,3,,4,RUE D ALESIA,0,,2,4,3,1,(1),(1),1,, -1,2,-1,6,50,25,3,2021,12:15,1,75,75114,2,3,1,4,RUE D ALESIA,48.83114,2.317147,12,3,3
202100030290,147Â 625,A01,3,2,1,5,1,-1,-1,0,0,-1,2021,20.0,2,2,0,0,7,1,1,,3,99,0,,2,2,0,1,8,150,2,, -1,1,0,3,50,4,7,2021,03:50,3,37,37094,1,1,0,7,TrÃ©mont,47.0347770645,0.7530377701,3,3,1
202100044285,122Â 507,B01,1,1,1,1,2,6,-1,-1, -1,-1,2021,36.0,1,1,0,2,9,0,1,,7,GOUMS (AVENUE DES),0,,2,1,0,1,0,0,3,, -1,2,0,1,50,11,4,2021,21:10,5,13,13005,2,3,1,1,GOUMS (AVENUE DES),43.2899,5.55982,21,2,2
202100022085,162Â 147,A01,10,3,2,5,0,-1,-1,3,3,1,2021,20.0,1,2,0,1,1,15,1,,4,BROUZEN (RUE DE),0,,2,2,0,1,0,0,2,, -1,1,0,1,50,28,8,2021,19:00,1,30,30007,2,4,0,6,BROUZEN (RUE DE),44.131,4.07081,19,2,1
202100000086,201Â 596,A01,1,1,1,5,8,0,-1,-1, -1,-1,2021,28.0,2,0,4,0,0,26,6,,9,COUVENT CHEMIN DE,0,,-1,0,0,1,1,0,2,, -1,1,0,1,50,9,10,2021,22:43,5,13,13063,2,9,0,6,COUVENT CHEMIN DE,43.5938002482,5.0134609233,22,2,1
202100049418,113Â 427,A01,1,1,1,9,2,6,-1,-1, -1,-1,2021,28.0,1,1,0,9,2,1,1,,4,GRADE (AV),0,,2,1,0,2,1,0,1,, -1,1,0,1,30,2,3,2021,15:45,1,94,94068,2,1,0,3,GRADE (AV),48.80697,2.47901,15,2,2
202100002464,197Â 369,B01,1,1,1,1,8,0,-1,0,0,-1,2021,34.0,2,0,0,2,8,1,3,,4,AVENUE D ITALIE,0,,1,2,1,1,(1),(1),1,, -1,1,-1,5,30,17,12,2021,10:58,1,75,75113,2,7,0,3,AVENUE D ITALIE,48.830964,2.355942,10,2,2
202100008107,187Â 246,B01,1,1,1,1,1,-1,-1,0,0,-1,2021,48.0,1,2,0,2,1,1,1,,3,919,-1,,2,2,0,1,(1),(1),1,, -1,1,0,1,80,15,11,2021,17:30,2,67,67458,1,1,0,5,D919,48.826228,7.720127,17,3,3
202100010845,182Â 340,B01,1,1,1,0,1,-1,-1,-1, -1,-1,2021,67.0,1,2,0,2,4,23,1,,4,VERGUIN                             (AV),0,,2,4,0,1,(1),(1),1,, -1,1,0,1,50,26,10,2021,16:30,1,69,69386,2,3,0,2,VERGUIN (AV),45.77267,4.85659,16,2,2
202100042038,126Â 484,A01,1,1,1,0,1,8,-1,0,0,-1,2021,45.0,2,2,0,2,1,13,1,,3,ROCHEMAURE (Route de),0,,-1,2,0,1,4,214,1,, -1,2,2,1,70,27,4,2021,20:00,2,26,26008,2,1,1,1,D11,44.57858,4.70886,20,2,2
202100005620,191Â 745,B01,2,2,1,5,1,0,-1,-1, -1,-1,2021,41.0,2,2,0,2,4,2,1,,1,6B,0,,3,12,0,1,4,750,1,, -1,1,0,1,90,30,11,2021,17:40,2,94,94038,1,1,0,4,AUTOROUTE A6B,48.7747980569,2.3456436183,17,4,3
202100047997,115Â 947,A01,1,1,2,3,1,-1,-1,0,0,-1,2021,61.0,0,2,0,2,8,19,1,,3,512,-1,,2,2,0,1,(1),(1),1,, -1,1,5,1,50,15,3,2021,14:50,1,14,14762,2,3,0,3,Route de Conde sur Noireau,48.838693,-0.870699,14,3,2
202100020704,164Â 620,A01,1,1,2,5,1,0,-1,-1, -1,-1,2021,77.0,1,2,0,2,1,0,1,,2,VERDUN (BOULEVARD DE),0,,2,4,0,1,49,0,1,, -1,1,0,1,50,4,9,2021,14:30,1,15,15014,2,2,0,3,VERDUN (BOULEVARD DE),44.91272,2.44185,14,2,2
202100036826,135Â 875,B01,1,1,1,9,2,6,-1,0,0,-1,2021,50.0,3,1,0,2,8,0,1,,4,ST LAURENT CHEMIN DE,0,,2,2,0,2,(1),(1),1,, -1,1,0,1,50,2,6,2021,19:30,1,6,6027,2,1,0,3,ST LAURENT CHEMIN DE,43.664748,7.172049,19,2,2
202100030645,146Â 980,A01,1,1,1,1,1,-1,-1,0,0,-1,2021,51.0,1,2,0,2,3,13,1,,3,444,0,,2,2,0,1,9,500,4,, -1,1,0,1,80,5,7,2021,16:35,1,10,10104,1,1,0,1,D444,48.149653,4.127855,16,2,2
202100024993,156Â 981,B01,1,1,1,0,2,6,-1,-1, -1,-1,2021,50.0,1,1,0,2,0,1,1,,7,112,0,,3,4,3,1,2,200,1,, -1,1,5,1,50,8,8,2021,16:40,1,69,69271,2,2,0,3,CHARLES DE GAULLE (BD),45.7432641061,4.9372616403,16,2,2
202100014940,175Â 007,A01,10,3,1,5,0,-1,-1,4,3,1,2021,58.0,2,5,0,1,1,15,1,,3,MONTTESSUY (RUE DE),0,,2,4,0,1,0,0,1,, -1,1,0,1,50,15,2,2021,15:57,1,91,91326,2,2,0,6,MONTTESSUY (RUE DE),48.68885,2.385,15,2,1
202100049625,113Â 041,A01,10,3,1,0,0,-1,-1,1,3,1,2021,57.0,1,2,0,1,1,15,2,,4,MURHOF (QUAI DU),0,,2,3,1,1,0,0,1,, -1,1,0,1,50,27,2,2021,06:49,2,67,67482,2,3,0,6,MURHOF (QUAI DU),48.564519,7.712186,6,2,1
202100042610,125Â 458,A01,10,3,2,0,0,-1,-1,4,3,2,2021,31.0,1,1,0,1,2,19,1,,3,LUCIEN LEFRANC (QUAI),0,,2,2,0,1,0,1,1,, -1,1,0,1,50,25,4,2021,18:00,1,93,93001,2,9,0,6,HAIE COQ (RUE DE LA ) => 91/92,48.9120534118,2.3732686702,18,2,1
202100040803,128Â 683,A01,1,1,1,5,0,-1,-1,0,0,-1,2021,23.0,3,2,13,0,9,2,1,,3,786,0,,2,2,0,1,(1),(1),1,, -1,1,0,3,80,9,5,2021,10:30,1,22,22381,1,1,0,7,RD 786,48.750551,-3.348395,10,1,1
202100032172,144Â 246,B01,1,1,1,5,2,-1,-1,0,0,-1,2021,15.0,2,1,0,2,1,1,1,,3,971,0,,2,2,0,1,14,0,1,, -1,1,0,1,50,26,6,2021,16:55,1,71,71528,2,2,0,1,Rue de la Mare au PrÃªtre,46.6261697648,5.1751457083,16,2,2
202100049624,113Â 042,B01,1,1,2,0,8,0,-1,-1, -1,-1,2021,27.0,1,1,0,2,1,2,5,,4,DIVISION LECLERC (RUE DE LA),0,,3,4,1,2,(1),(1),1,, -1,1,4,1,50,26,2,2021,11:20,1,67,67482,2,8,0,2,DIVISION LECLERC (RUE DE LA),48.57992,7.74768,11,2,2
202100014810,175Â 231,A01,1,1,2,1,1,-1,-1,0,0,-1,2021,19.0,2,2,0,2,2,1,1,,4,VENDEUVRE (QUAI),0,,2,1,0,1,1,0,1,, -1,1,0,1,50,6,10,2021,10:30,1,14,14118,2,1,0,3,Quai Vendeuvre,49.1834,-0.35654,10,2,2
202100000037,201Â 695,A01,10,3,2,2,-1,-1,-1,3,3,1,2021,15.0,2,2,0,1,2,1,1,,4,,-1,,2,2,0,2,(1),(1),1,, -1,1,5,1,50,29,9,2021,11:10,1,71,71270,2,3,0,6,rue de FlacÃ©,46.3129704373,4.8309650705,11,2,1
202100016710,171Â 751,A01,1,1,2,1,1,-1,-1,0,0,-1,2021,29.0,1,2,13,0,3,1,1,,3,61,0,,2,2,0,1,28,0,1,, -1,2,0,3,70,26,9,2021,10:50,1,71,71282,1,1,0,6,route de st sernin D61,46.831455,4.374511,10,1,1
202100036480,136Â 495,B01,1,1,2,9,2,0,-1,-1, -1,-1,2021,29.0,1,1,0,2,3,1,1,,3,JEAN JAURES (R),0,,2,7,2,1,0,0,1,, -1,1,0,1,50,2,6,2021,15:20,1,94,94017,2,1,0,3,JEAN JAURES (R),48.81379,2.51022,15,2,2
202100051869,108Â 986,A01,1,1,1,0,1,0,-1,-1, -1,-1,2021,26.0,2,2,0,2,1,2,1,,1,1,0,,3,10,0,1,209,600,1,, -1,2,0,1,90,8,2,2021,19:20,3,59,59507,1,1,0,5,AUTOROUTE A1,50.6086135117,3.0939382162,19,3,3
202100032131,144Â 314,A01,1,1,1,5,2,0,-1,0,0,-1,2021,13.0,2,1,14,0,1,13,1,,4,BOULEVARD BERTHIER,0,,3,3,0,1,(1),(1),1,, -1,1,0,1,50,26,6,2021,16:09,1,75,75117,2,3,0,6,BOULEVARD BERTHIER,48.893649,2.312069,16,1,1
202100010111,183Â 633,B01,2,2,2,0,1,4,-1,-1, -1,-1,2021,19.0,1,2,4,2,4,2,1,,1,AUTOROUTE A1,0,,1,3,0,1,32,500,1,, -1,2,0,1,130,31,10,2021,19:00,3,60,60494,1,1,0,4,AUTOROUTE A1,49.128183,2.558251,19,4,3
202100047265,117Â 276,A01,10,3,1,0,0,-1,-1,2,3,2,2021,4.0,2,2,0,1,2,19,1,,3,985,0,,2,2,0,1,0,0,1,, -1,1,0,1,50,20,3,2021,17:40,1,92,92064,2,3,0,6,REPUBLIQUE,48.85676,2.21132,17,2,1
202100026366,154Â 566,A01,10,3,1,3,0,-1,-1,5,3,1,2021,86.0,2,2,0,1,5,4,1,,3,2,0,D,2,2,0,1,6,940,1,, -1,1,0,4,50,30,7,2021,11:00,1,56,56166,2,1,0,6,21 Rue des AlliÃ©s,47.916328,-3.332875,11,2,1
202100005384,192Â 167,A01,10,3,2,9,0,-1,-1,4,3,1,2021,35.0,1,1,0,1,8,1,1,,4,COURS LA REINE,0,,3,2,0,1,(1),(1),1,, -1,2,0,1,30,1,12,2021,13:50,1,75,75108,2,7,1,6,COURS LA REINE,48.864919,2.310271,13,2,1
202100034556,139Â 954,B01,1,1,1,5,2,0,-1,-1, -1,-1,2021,36.0,1,1,8,2,1,1,1,,3,,0,,2,2,0,2,0,0,1,,5,1,0,1,50,13,6,2021,11:05,1,972,97213,1,1,0,2,,14.6329,-60.962,11,2,2
202100051681,109Â 316,B01,2,2,2,5,1,-1,-1,-1, -1,-1,2021,42.0,1,2,0,2,1,1,1,,4,CASSAGNE (AVE RENE),0,,3,2,0,2,(1),(1),1,, -1,1,9,1,50,10,2,2021,20:35,5,33,33119,2,2,0,3,Avenue RenÃ© Cassagne,44.8484,-0.51855,20,3,2
202100007035,189Â 182,A01,10,3,1,5,0,-1,-1,2,3,2,2021,11.0,3,2,0,1,3,1,1,,4,THEODORE AUBANEL BOULEVARD,0,,2,1,0,1,1,0,1,, -1,1,0,1,30,20,11,2021,19:10,5,13,13063,2,1,0,3,THEODORE AUBANEL BOULEVARD,43.5879,4.99968,19,3,2
202100051921,108Â 896,B01,2,2,1,4,1,0,-1,0,0,-1,2021,24.0,1,5,0,2,4,23,1,,4,RUE DU VIEUX COLOMBIER,0,,2,3,0,1,(1),(1),1,, -1,5,0,1,50,10,2,2021,14:10,1,75,75106,2,2,1,2,RUE DU VIEUX COLOMBIER,48.851362,2.332049,14,3,2
202100037660,134Â 344,C01,2,2,2,5,1,-1,-1,0,0,-1,2021,18.0,1,2,0,2,2,1,1,,3,909,-1,,2,2,0,1,19,498,3,, -1,1,0,1,90,29,5,2021,12:56,1,34,34130,1,1,0,5,D909,43.501406,3.189297,12,9,4
202100033439,142Â 002,B01,1,1,1,0,2,0,-1,-1, -1,-1,2021,19.0,1,1,0,2,2,3,1,,4,PASTEUR (AV.),0,,2,2,0,1,1,0,1,, -1,1,0,1,30,19,6,2021,15:10,1,93,93010,2,1,0,3,PASTEUR (AV.),48.904032,2.484483,15,2,2
202100047348,117Â 136,B01,1,1,1,1,2,4,-1,-1, -1,-1,2021,53.0,3,1,0,2,4,2,5,,4,BEDIER BOULEVARD,0,,2,4,2,1,1,0,1,, -1,2,0,1,50,19,3,2021,06:35,5,49,49007,2,1,0,2,BEDIER BOULEVARD,47.450651459,-0.5526323554,6,2,2
202100027962,151Â 720,A01,1,1,2,5,1,0,-1,0,0,-1,2021,31.0,2,2,1,0,1,13,1,,4,BOULEVARD EDGAR QUINET,0,,1,1,0,1,(1),(1),1,, -1,1,0,1,50,19,7,2021,23:20,5,75,75114,2,1,0,6,BOULEVARD EDGAR QUINET,48.839705,2.32957,23,1,1
202100049869,112Â 598,A01,4,2,1,0,1,0,-1,-1, -1,-1,2021,3.0,2,2,0,2,1,13,1,,3,D606,0,,2,3,0,1,50,0,1,, -1,1,0,1,90,26,2,2021,17:45,1,77,77482,1,1,0,3,D606,48.36107,2.92568,17,4,2
202100029424,149Â 182,A01,2,2,1,0,1,0,-1,-1, -1,-1,2021,83.0,1,2,0,9,3,1,1,,3,SOULT (AVENUE MARECHAL),0,,2,2,3,2,0,0,1,, -1,1,0,1,50,11,7,2021,13:10,1,64,64102,2,1,0,7,SOULT (AVENUE MARECHAL),43.48738,-1.48477,13,2,1
202100052982,107Â 014,A01,1,1,1,0,1,8,-1,-1, -1,-1,2021,30.0,2,2,0,2,9,26,1,,2,20 (R.N.) COTE SUD DU TUNNEL,0,,3,4,0,1,39,628,1,, -1,1,0,1,110,31,1,2021,17:45,1,9,9122,1,1,0,5,20 (R.N.) COTE SUD DU TUNNEL,42.95612,1.623922,17,8,4
202100027066,153Â 338,A01,1,1,1,5,2,-1,-1,-1, -1,-1,2021,10.0,2,1,12,0,0,1,5,,3,PYLA (BD DU),0,,2,2,0,1,(1),(1),1,, -1,1,0,1,50,25,7,2021,19:30,1,33,33529,2,1,0,6,PYLA (BD DU),44.63409,-1.15801,19,1,1
202100024604,157Â 676,B01,2,2,1,5,1,8,-1,-1, -1,-1,2021,21.0,2,2,12,2,8,1,1,,4,SAINT PIERRE (RUE),0,,1,1,0,2,0,0,1,, -1,1,0,1,50,9,8,2021,13:10,1,49,49099,2,1,0,3,SAINT PIERRE (RUE),47.06116,-0.8772,13,5,2
202100002391,197Â 508,A01,1,1,2,1,1,-1,-1,-1, -1,-1,2021,28.0,2,2,8,0,1,14,1,,3,SAULE D'OINGT (route du),0,,2,2,0,1,3,900,2,, -1,7,0,3,80,15,12,2021,12:10,1,69,69092,1,1,1,6,SAULE D'OINGT (DU) (RTE),45.9808427069,4.6660619974,12,1,1
202100002674,196Â 996,B01,6,2,2,5,1,-1,-1,0,0,-1,2021,60.0,1,5,0,0,1,1,1,,3,53,-1,,2,2,0,1,5,500,3,, -1,1,0,1,90,17,12,2021,19:20,3,51,51265,1,1,0,4,D53,48.689618,3.785101,19,4,3
202100044888,121Â 483,A01,1,1,1,3,1,-1,-1,0,0,-1,2021,22.0,2,2,0,2,3,1,1,,3,56,0,D,2,2,0,1,15,855,1,0,"4,2",1,0,1,80,8,4,2021,16:20,1,16,16400,1,2,0,3,Lieu-Dit Les Cassettes,45.996799,0.254885,16,2,2
202100049915,112Â 516,A01,3,2,1,5,1,-1,-1,0,0,-1,2021,18.0,2,2,4,0,3,1,1,,2,165,-1,,3,4,0,1,101,600,1,, -1,1,0,1,110,28,2,2021,14:15,1,29,29043,1,1,0,6,N165 - Echangeur de Daoulas,48.366671,-4.257202,14,3,1
202100041498,127Â 431,A01,1,1,1,1,2,4,-1,-1, -1,-1,2021,58.0,3,1,0,2,1,2,6,,4,HECTOR BERLIOZ                          ,0,,1,1,1,1,(1),(1),1,, -1,1,0,1,30,3,5,2021,08:05,1,69,69276,2,2,0,3,HECTOR BERLIOZ                          ,45.6681,4.85299,8,2,2
202100011619,180Â 956,B01,1,1,1,5,1,0,-1,-1, -1,-1,2021,32.0,3,2,0,2,4,16,1,,7,SAINT ANTOINE (AVENUE DE),0,,2,3,0,1,0,0,1,, -1,1,0,1,50,22,10,2021,21:50,5,13,13215,2,3,0,2,SAINT ANTOINE (AVENUE DE),43.37863,5.35689,21,2,2
202100026416,154Â 478,A01,10,3,1,5,0,-1,-1,1,3,1,2021,15.0,1,2,0,1,1,1,1,,4,PAULINE KERGOMARD,0,,2,1,0,1,(1),(1),1,, -1,3,0,1,50,9,5,2021,18:25,1,76,76351,1,1,1,6,PAULINE KERGOMARD,49.5246,0.11214,18,2,1
202100000646,200Â 556,A01,1,1,1,5,1,0,-1,-1, -1,-1,2021,20.0,1,2,3,0,1,1,1,,1,AUTOROUTE A21,0,,-1,2,0,1,34,0,2,, -1,2,0,1,110,31,12,2021,00:50,3,59,59178,1,1,0,6,AUTOROUTE A21,50.3912420554,3.1242686143,0,1,1
202100037591,134Â 467,B01,2,2,2,0,2,6,-1,-1, -1,-1,2021,19.0,3,1,0,2,6,1,1,,7,DANEMARK (AVENUE DU),0,,1,2,0,1,1,0,2,, -1,1,5,1,50,29,5,2021,19:30,1,37,37261,2,6,0,6,DANEMARK (AVENUE DU),47.4304138324,0.6731440723,19,3,2
202100014189,176Â 332,B01,1,1,1,5,2,0,-1,-1, -1,-1,2021,52.0,3,1,0,2,8,0,1,,4,HORACE BERTIN (RUE),0,,1,1,0,1,(1),(1),1,, -1,1,0,1,50,9,10,2021,11:15,1,13,13205,2,2,0,3,HORACE BERTIN (RUE),43.29613,5.39781,11,3,2
202100050069,112Â 244,A01,1,1,1,0,2,0,-1,-1, -1,-1,2021,28.0,1,1,12,0,3,18,1,,3,JEAN MERMOZ (BD),0,,3,0,0,1,1,0,1,, -1,1,0,4,50,26,2,2021,13:25,1,94,94021,2,1,0,6,JEAN MERMOZ (BD),48.77,2.338,13,1,1
202100055723,102Â 260,B01,1,1,1,0,0,-1,-1,0,0,-1,2021,67.0,1,1,0,2,1,1,5,,3,35,0,D,2,2,0,2,20,150,3,, -1,1,5,1,80,8,1,2021,13:53,1,67,67120,1,2,1,1,intersection D35 - D603,48.375685,7.43848,13,2,2
202100055564,102Â 534,B01,1,1,1,5,1,-1,-1,0,0,-1,2021,21.0,2,2,0,2,1,1,2,,2,6,-1,,2,2,0,2,22,380,1,, -1,1,0,1,80,11,1,2021,12:50,1,972,97232,1,1,0,1,Petite Grenade,14.558392,-60.84765,12,4,2
202100012771,178Â 893,B01,1,1,1,0,2,-1,-1,0,0,-1,2021,49.0,0,1,0,2,0,1,1,,9,,-1,,2,2,0,1,(1),(1),1,,4,1,0,8,50,14,10,2021,18:54,2,69,69143,1,1,0,3,PARENTY (DE) (CHM),45.871317,4.846916,18,2,2
202100005821,191Â 388,A01,1,1,1,0,6,2,-1,0,0,-1,2021,24.0,3,1,0,2,1,1,1,,4,,-1,,2,0,0,1,(1),(1),1,,0,2,0,1,50,23,11,2021,19:00,5,35,35059,2,3,0,5,Rue de Rennes,48.175459,-1.729478,19,3,3
202100038677,132Â 502,A01,1,1,2,5,1,-1,-1,0,0,-1,2021,46.0,2,2,0,0,0,17,1,,3,53,-1,,2,2,0,1,10,350,1,, -1,1,0,8,80,23,5,2021,19:30,1,51,51432,1,1,0,7,D53,48.692773,3.844185,19,3,1
202100000416,200Â 963,B01,1,1,1,1,1,0,-1,-1, -1,-1,2021,26.0,0,2,0,2,8,1,1,,4,MAURIAC (RUE FRANCOIS),0,,2,1,0,1,(1),(1),1,, -1,1,0,1,50,12,11,2021,02:25,5,59,59599,2,2,0,3,MAURIAC (RUE FRANCOIS),50.7065450847,3.1566093788,2,2,2
202100018851,167Â 949,A01,10,3,2,2,0,-1,-1,1,2,1,2021,15.0,1,2,0,1,2,1,0,,3,,-1,,2,1,0,1,(1),(1),1,,3,1,0,1,50,15,9,2021,07:25,2,14,14520,2,1,0,6,D151,49.148366,0.130259,7,1,1
202100009816,184Â 150,B01,1,1,1,2,8,0,-1,-1, -1,-1,2021,12.0,1,0,0,2,1,19,0,,3,PARIS (RUE DE),0,,2,2,0,1,0,1,1,, -1,1,0,1,30,2,11,2021,13:10,1,93,93048,2,9,0,3,PARIS (RUE DE),48.8566540493,2.428150177,13,2,2
202100043682,123Â 598,A01,2,2,1,5,2,-1,-1,0,0,-1,2021,24.0,1,6,0,2,5,1,1,,3,47,-1,,2,2,0,1,5,200,2,, -1,1,0,1,80,16,4,2021,20:00,3,25,25296,1,1,0,3,D47,47.000065,6.55082,20,3,2
202100033004,142Â 750,A01,10,3,2,5,0,-1,-1,1,3,1,2021,16.0,1,2,0,1,2,1,1,,4,CHATEAU (PLACE DU),0,,1,1,0,1,(1),(1),1,, -1,1,9,1,30,21,6,2021,21:30,2,78,78358,2,1,0,6,CHATEAU (PLACE DU),48.94982,2.14924,21,2,1
202100029827,148Â 473,B01,1,1,1,5,2,6,-1,0,0,-1,2021,27.0,2,1,0,2,2,1,1,,4,QUAI DE LA RAPEE,0,,1,3,0,2,(1),(1),1,, -1,1,0,1,50,8,7,2021,15:10,1,75,75112,2,2,0,3,QUAI DE LA RAPEE,48.84344,2.370723,15,2,2