Num_Acc,id_vehicule,num_veh,place,catu,sexe,trajet,secu1,secu2,secu3,locp,actp,etatp,year_acc,victim_age,senc,catv,obs,obsm,choc,manv,motor,occutc,catr,voie,v1,v2,circ,nbv,vosp,prof,pr,pr1,plan,lartpc,larrout,surf,infra,situ,vma,jour,mois,an,hrmn,lum,dep,com,agg_,int,atm,col,adr,lat,long,hour,nb_victim,nb_vehicules
202100056389,101Â 107,B01,1,1,1,0,2,6,-1,-1, -1,-1,2021,30.0,1,1,0,2,4,2,1,,4,SAINT-CHRISTOPHE (RUE),0,,3,4,0,1,0,0,1,, -1,1,0,1,30,2,1,2021,18:45,5,972,97209,2,1,0,2,SAINT-CHRISTOPHE (RUE),14.61181,-61.05263,18,2,2
202100021172,163Â 820,A01,1,1,1,5,2,-1,-1,0,0,-1,2021,50.0,2,1,3,0,8,1,1,,3,914,-1,,1,1,0,3,(1),(1),3,, -1,1,3,1,70,1,9,2021,16:45,1,66,66065,1,1,0,6,D914,42.616741,2.976919,16,1,1
202100014534,175Â 727,A01,1,1,1,1,2,6,-1,-1,0,-1,2021,24.0,1,1,0,2,8,3,1,,1,AUTOROUTE A3,0,,3,7,0,1,16,500,1,, -1,1,0,1,110,8,10,2021,09:00,1,95,95277,1,1,0,6, A3,48.978055,2.494861,9,1,1
202100026511,154Â 312,A01,1,1,2,1,1,0,-1,-1, -1,-1,2021,61.0,1,2,16,2,3,9,1,,3,FRANCE ANATOLE (BOULEVARD) NR AUTRES,0,,3,4,0,1,0,1,2,, -1,1,0,1,50,29,7,2021,15:00,1,93,93066,2,3,0,3,Boulevard Anatole France / Rue Jules Saulnier,48.92551,2.35064,15,2,2
202100042597,125Â 481,A01,1,1,1,0,2,0,-1,0,0,-1,2021,15.0,3,1,0,2,1,2,1,,3,CONCHES (ROUTE DE),0,,2,0,1,1,1,387,1,, -1,1,0,1,50,25,4,2021,17:55,1,27,27229,2,1,0,2,CONCHES (ROUTE DE),49.01931,1.11895,17,3,2
202100052539,107Â 806,A01,1,1,1,0,2,0,-1,0,0,-1,2021,47.0,1,1,0,2,1,26,5,,4,OBERLIN (RUE),0,,2,2,0,1,(1),(1),1,, -1,2,9,1,50,3,2,2021,08:19,2,54,54395,2,1,1,2,OBERLIN (RUE),48.70232,6.18547,8,2,2
202100016240,172Â 604,A01,10,3,1,5,0,-1,-1,4,3,1,2021,76.0,2,1,0,1,8,1,1,,4,BOULEVARD ORNANO,0,,2,4,0,1,(1),(1),1,, -1,1,0,1,50,29,9,2021,17:54,1,75,75118,2,4,0,6,BOULEVARD ORNANO,48.892327,2.349073,17,2,1
202100015888,173Â 270,A01,1,1,1,0,2,0,-1,-1, -1,-1,2021,27.0,3,1,0,2,1,1,1,,4,EINSTEIN ALBERT (RUE),0,,2,2,0,2,0,0,1,, -1,1,0,1,50,29,9,2021,18:00,1,72,72181,2,1,0,6,EINSTEIN ALBERT (RUE),48.032,0.174,18,2,2
202100027185,153Â 125,A01,1,1,2,5,8,0,-1,-1, -1,-1,2021,56.0,2,1,0,1,1,1,3,,4,VERDEN (AVENUE DE),0,,2,4,1,1,0,0,1,, -1,1,0,5,30,20,7,2021,19:43,1,49,49328,2,1,0,6,VERDEN (AVENUE DE),47.26159,-0.06705,19,2,1
202100043144,124Â 555,A01,1,1,1,0,2,8,-1,-1, -1,-1,2021,19.0,1,1,0,2,1,2,1,,4,MARECHAL FOCH (RUE DU),0,,2,3,0,1,0,0,1,, -1,1,0,1,50,19,4,2021,18:45,1,67,67267,2,1,0,2,MARECHAL FOCH (RUE DU),48.5556,7.67956,18,2,2
202100039816,130Â 408,B01,1,1,1,9,8,8,-1,-1, -1,-1,2021,18.0,2,1,0,2,3,19,0,,4,LORRAINE (BOULEVARD DE),0,,1,2,0,1,1,0,1,, -1,1,0,1,50,23,4,2021,14:30,1,57,57606,2,1,0,3,LORRAINE (BOULEVARD DE),49.1074055,6.7099288,14,2,2
202100020050,165Â 788,A01,1,1,1,5,0,0,-1,-1, -1,-1,2021,35.0,2,1,1,0,3,5,5,,4,AVENUE JEAN JEROME LEVIE,0,,2,2,0,2,(1),(1),1,, -1,1,0,1,50,9,9,2021,00:45,5,201,201004,1,1,0,1,LEVIE JEAN JEROME AVENUE,41.92628,8.73858,0,2,2
202100034293,140Â 441,A01,2,2,1,5,2,0,-1,-1, -1,-1,2021,5.0,2,1,0,2,1,1,1,,4,Corniche John FitzgÃ©rald Kennedy,0,,2,3,0,1,0,0,1,, -1,1,0,1,50,14,6,2021,22:10,5,13,13207,2,3,0,3,Corniche John FitzgÃ©rald Kennedy,43.2773208937,5.3567536403,22,3,2
202100049924,112Â 501,B01,1,1,1,0,2,6,-1,0,0,-1,2021,63.0,1,1,0,2,1,1,1,,3,114,0,D,2,2,0,4,15,440,3,, -1,1,0,1,80,27,2,2021,15:50,1,56,56194,1,4,1,3,GlÃ©rÃ©,47.6233231134,-2.1142975825,15,2,2
202100020965,164Â 193,B01,1,1,1,5,2,-1,-1,0,0,-1,2021,85.0,2,1,0,2,1,9,1,,3,735,0,D,2,2,0,1,12,294,1,, -1,1,0,1,70,26,8,2021,13:25,1,17,17161,1,2,0,3,D735,46.189546,-1.345772,13,2,2
202100033343,142Â 166,A01,10,3,2,3,0,-1,-1,3,3,1,2021,72.0,1,2,0,1,1,2,1,,4,CUVIER  (RUE),0,,2,2,1,1,(1),(1),1,, -1,1,5,1,50,14,6,2021,09:45,1,42,42187,2,4,0,6,Rue Cuvier,46.04624,4.06601,9,2,1
202100010289,183Â 316,B01,3,2,2,5,1,-1,-1,0,0,-1,2021,16.0,2,2,0,2,7,1,1,,4,DEVILLE (RUE),0,,2,1,0,1,(1),(1),1,, -1,2,0,1,50,29,10,2021,15:45,1,65,65440,2,2,1,3,DEVILLE (RUE),43.234785,0.079773,15,4,2
202100043147,124Â 549,B01,1,1,2,1,2,0,-1,-1, -1,-1,2021,27.0,1,1,0,2,3,1,0,,3,BASQUE (AVENUE DU GRAND),0,,2,4,1,1,4,605,1,, -1,1,0,5,50,21,4,2021,17:20,1,64,64102,2,1,0,3,BASQUE (AVENUE DU GRAND),43.49169,-1.45399,17,3,2
202100006127,190Â 852,A01,1,1,1,0,2,6,-1,-1, -1,-1,2021,40.0,2,1,0,1,2,21,1,,3,,0,,1,1,0,1,0,0,1,, -1,2,0,1,50,26,11,2021,14:15,1,92,92025,2,1,1,6,RENOUILLERS  (RUE DES),48.924181,2.23805,14,2,1
202100005876,191Â 288,A01,1,1,1,1,2,0,-1,-1, -1,-1,2021,32.0,2,1,3,0,3,14,1,,3,SOLEIL LEVANT (BOULEVARD DU),0,,2,2,0,2,0,899,1,, -1,2,0,1,50,25,11,2021,05:40,2,972,97209,1,1,1,6,SOLEIL LEVANT (BOULEVARD DU),14.62597,-61.03917,5,1,1
202100020927,164Â 250,B01,1,1,1,4,1,-1,-1,0,0,-1,2021,36.0,2,2,0,2,2,17,1,,1,87,0,A,3,4,0,1,105,700,1,, -1,1,0,1,130,25,8,2021,10:02,1,85,85046,1,1,0,2,A87,46.7117344788,-1.2841558456,10,6,2
202100050714,111Â 038,B01,1,1,1,0,1,8,-1,-1, -1,-1,2021,23.0,1,5,0,2,9,14,1,,1,A7-Sens Marseille vers Lyon,0,,-1,4,0,1,270,0,1,, -1,1,0,1,90,20,2,2021,08:10,1,13,13071,1,1,0,2,A7-Sens Marseille vers Lyon,43.40355,5.34351,8,2,2
202100047428,116Â 992,B01,1,1,1,5,2,-1,-1,0,0,-1,2021,51.0,2,1,0,0,0,0,5,,3,N109,-1,,2,2,0,1,22,215,1,, -1,1,0,1,50,19,3,2021,16:20,1,34,34239,2,4,0,3,place du monument au mort,43.650423,3.502107,16,2,2
202100024589,157Â 706,B01,2,2,2,5,2,-1,-1,-1,0,-1,2021,22.0,1,1,0,2,7,19,1,,3,PRUDHON (RUE DU LT COLONEL),0,,3,2,0,1,2,850,1,, -1,1,0,1,50,11,8,2021,23:11,3,95,95018,2,2,0,3,RD 41,48.94693,2.2381,23,3,2
202100009198,185Â 267,B01,1,1,2,0,2,8,-1,-1, -1,-1,2021,41.0,1,1,0,2,7,1,1,,3,MADELEINE (ROUTE DE LA),0,,2,2,0,1,3,50,1,, -1,1,0,1,50,5,11,2021,13:09,1,973,97302,2,1,0,3,MADELEINE (ROUTE DE LA),4.9138388742,-52.3207939267,13,2,2
202100007550,188Â 246,A01,1,1,1,9,2,0,-1,-1, -1,-1,2021,44.0,1,1,0,2,8,2,1,,1,86,0,,3,6,0,1,11,0,1,, -1,1,0,1,90,18,11,2021,16:10,1,92,92078,1,1,0,3,AUTOROUTE A86,48.9309792515,2.3233129103,16,2,2
202100031525,145Â 412,A01,1,1,1,0,2,0,-1,-1, -1,-1,2021,22.0,0,1,0,0,0,2,1,,9,Tunnel Joliette Marseille vers Aubagne,0,,-1,2,0,1,1,0,1,, -1,1,1,1,50,1,7,2021,19:40,1,13,13202,1,9,0,7,Tunnel Joliette Marseille vers Aubagne,43.30816,5.36631,19,1,1
202100009132,185Â 386,A01,1,1,1,9,2,8,-1,-1, -1,-1,2021,22.0,2,1,0,0,0,0,1,,4,MAGASINS GENERAUX (AVENUE DES),0,,4,4,3,1,0,0,1,, -1,1,5,1,50,5,11,2021,22:40,5,93,93001,1,1,0,4,MAGASINS GENERAUX (AVENUE DES),48.9027212126,2.3695606036,22,3,3
202100011471,181Â 221,A01,1,1,1,5,2,9,-1,0,0,-1,2021,70.0,2,1,0,0,0,1,5,,3,7,-1,,2,2,0,2,5,850,1,, -1,1,0,1,50,24,10,2021,16:00,1,70,70427,2,1,0,7,13 grande rue,47.749635,6.00097,16,1,1
202100040712,128Â 842,A01,1,1,1,5,2,6,-1,-1,0,-1,2021,55.0,1,1,0,0,7,1,1,,2,RN 104,0,,3,4,0,1,17,500,2,, -1,1,0,1,110,9,5,2021,20:45,1,95,95241,1,1,0,7,RN 104,49.04572,2.44288,20,1,1
202100007492,188Â 364,A01,1,1,1,9,1,-1,-1,0,0,-1,2021,35.0,1,5,0,0,1,14,1,,3,725,-1,,2,1,0,1,46,0,1,, -1,1,0,3,80,19,11,2021,01:05,3,86,86271,1,1,1,6,D725,46.798052,0.236785,1,1,1
202100010589,182Â 801,A01,1,1,2,0,1,8,-1,-1, -1,-1,2021,25.0,-1,2,0,2,1,2,1,,3,ANDRE CITROEN (BOULEVARD),0,,1,1,0,2,0,1,1,, -1,1,0,1,50,28,10,2021,16:40,1,93,93005,1,1,0,2,ANDRE CITROEN (BOULEVARD),48.9588172093,2.4858084638,16,2,2
202100000047,201Â 672,A01,1,1,1,5,2,8,-1,-1, -1,-1,2021,16.0,1,1,0,2,1,1,1,,4,SAINT HONORE,0,,2,0,0,1,0,0,1,, -1,1,0,1,50,13,12,2021,13:14,1,38,38053,2,2,0,3,SAINT HONORE,45.6069537102,5.2659815855,13,3,2
202100052457,107Â 949,B01,1,1,1,9,2,0,-1,0,0,-1,2021,57.0,1,1,0,2,1,1,1,,4,BOULEVARD DE CLICHY,0,,3,6,3,1,(1),(1),1,, -1,1,0,1,50,5,2,2021,15:15,1,75,75118,2,5,0,3,BOULEVARD DE CLICHY,48.884663,2.32953,15,2,2
202100019858,166Â 144,A01,1,1,1,2,8,0,-1,-1, -1,-1,2021,13.0,1,1,0,0,1,1,3,,4,ETANG DE LA FORGE (rue),0,,2,2,0,1,(1),(1),1,, -1,2,0,1,50,9,9,2021,16:05,1,71,71153,2,1,1,7,ETANG DE LA FORGE (rue),46.80124,4.42968,16,1,1
202100050066,112Â 248,A01,10,3,2,5,0,-1,-1,2,3,1,2021,85.0,2,1,15,0,1,1,1,,4,REPUBLIQUE (AV DE LA),0,,1,1,0,1,1,0,1,, -1,1,0,1,30,26,2,2021,14:00,1,94,94068,2,1,0,6,REPUBLIQUE (AV DE LA),48.79857,2.4859,14,2,1
202100042326,125Â 968,A01,10,3,2,2,0,-1,-1,2,3,1,2021,11.0,3,2,0,1,7,1,1,,4,TRAIT D'UNION (RUE DU),0,,2,2,0,1,(1),(1),1,, -1,1,0,1,30,27,4,2021,16:45,1,28,28134,2,1,0,3,TRAIT D'UNION (RUE DU),48.73927,1.39058,16,2,1
202100002491,197Â 322,A01,1,1,1,0,1,-1,-1,0,0,-1,2021,21.0,1,2,4,0,3,0,1,,1,7,0,,2,5,0,1,136,1,1,, -1,1,0,1,130,18,12,2021,21:00,3,26,26138,1,1,0,2,Autoroute A7,44.384969,4.731202,21,2,2
202100017634,170Â 098,B01,2,2,2,5,1,8,-1,-1, -1,-1,2021,23.0,0,2,0,0,0,0,1,,4,EGALITE (RUE DE L'),0,,2,2,0,1,(1),(1),2,, -1,1,0,1,50,21,9,2021,14:00,1,59,59152,2,7,0,3,EGALITE (RUE DE L'),50.76636,3.01192,14,3,2
202100007737,187Â 928,B01,1,1,2,0,1,0,-1,-1, -1,-1,2021,73.0,1,2,0,2,4,2,1,,1,AUTOROUTE A25,0,,3,4,0,1,39,299,1,, -1,2,0,1,110,13,11,2021,17:30,2,59,59262,1,1,1,2,AUTOROUTE A25,50.7796262723,2.6278942823,17,2,2
202100001155,199Â 707,A01,2,2,1,0,2,0,-1,-1, -1,-1,2021,17.0,1,1,0,2,4,2,1,,3,CATAYEE (JUSTIN),0,,2,2,0,1,1,700,3,, -1,2,8,1,50,26,12,2021,02:02,5,973,97302,2,1,1,2,CATAYEE (JUSTIN),4.92602,-52.32431,2,3,2
202100048482,115Â 103,A01,1,1,1,5,1,-1,-1,0,0,-1,2021,25.0,2,2,6,0,9,14,1,,1,39,0,A,3,4,0,1,118,600,1,, -1,1,0,3,130,12,3,2021,14:30,1,71,71143,1,1,0,6,A39,46.461824413,5.2959042478,14,2,1
202100033344,142Â 165,A01,10,3,2,0,0,-1,-1,3,5,3,2021,38.0,3,2,0,1,3,1,1,,4,GARE (PLACE DE LA),0,,1,1,1,1,(1),(1),1,, -1,1,0,1,50,14,6,2021,12:40,1,38,38185,2,3,0,6,Place de la Gare,45.19042,5.71588,12,2,1
202100006630,189Â 940,B01,1,1,2,0,1,0,-1,-1, -1,-1,2021,24.0,1,2,0,2,4,1,2,,4,BIARRITZ (AVENUE DE),0,,2,2,0,1,0,0,1,, -1,2,0,1,50,22,11,2021,13:10,1,64,64024,2,1,1,2,BIARRITZ (AVENUE DE),43.4803,-1.52038,13,2,2
202100040593,129Â 058,A01,1,1,2,5,1,-1,-1,-1, -1,-1,2021,22.0,0,2,0,2,1,9,1,,4,MARCEL SEMBAT                       (R ),0,,2,2,0,3,(1),(1),1,, -1,1,2,1,50,9,5,2021,17:20,1,69,69199,2,3,0,3,MARCEL SEMBAT (R),45.71158,4.84438,17,2,2
202100030386,147Â 451,B01,2,2,2,2,2,0,-1,0,0,-1,2021,2.0,3,1,0,2,7,1,5,,4,SEVIGNE (BD),0,,2,2,2,1,(1),(1),1,, -1,1,0,5,50,21,6,2021,09:37,1,22,22278,2,6,0,3,SEVIGNE (BD),48.5120083122,-2.7574465809,9,3,2
202100037722,134Â 238,A01,1,1,1,5,2,-1,-1,-1,0,-1,2021,27.0,1,1,13,0,1,14,1,,2,RN 104,0,,3,6,0,1,14,0,2,, -1,1,0,1,50,29,5,2021,02:00,3,95,95365,1,1,0,6,RN 104,49.06581,2.40576,2,1,1
202100052922,107Â 123,A01,10,3,1,1,0,-1,-1,3,3,1,2021,30.0,0,5,0,1,1,26,1,,4,FLOREAL RUE,0,,2,2,0,1,0,0,1,, -1,2,0,1,50,1,2,2021,06:45,5,93,93045,2,1,1,6,FLOREAL RUE,48.87817,2.42732,6,2,1
202100030892,146Â 540,A01,9,2,2,5,1,-1,-1,0,0,-1,2021,19.0,1,2,8,0,1,1,1,,3,803,-1,,2,2,0,1,34,200,3,, -1,1,0,8,70,4,7,2021,02:20,5,46,46038,1,1,0,6,834 Avenue du General de Gaulle,44.921765,1.8299,2,4,1
202100009686,184Â 391,B01,1,1,2,5,1,-1,-1,0,0,-1,2021,59.0,1,2,0,2,3,1,1,,3,D3,0,A,2,1,0,1,4,500,1,, -1,2,0,1,50,20,10,2021,18:20,2,91,91243,2,1,0,3,allÃ©e des marronniers,48.600918,2.160182,18,2,2
202100038046,133Â 656,B01,1,1,1,9,8,0,-1,0,0,-1,2021,14.0,3,1,0,2,7,19,5,,4,RUE DE TURBIGO,0,,1,2,1,1,(1),(1),1,, -1,1,0,1,50,27,5,2021,08:00,1,75,75103,2,2,0,3,RUE DE TURBIGO,48.865461,2.356113,8,2,2
202100004756,193Â 281,B01,2,2,1,0,3,8,-1,-1, -1,-1,2021,2.0,3,2,0,2,7,26,1,,4,EIFFEL (AVENUE GUSTAVE),0,,-1,2,0,1,(1),(1),1,, -1,1,5,1,50,2,12,2021,18:45,5,37,37261,2,6,0,3,EIFFEL (AVENUE GUSTAVE),47.4257582292,0.6969760358,18,4,2
202100028220,151Â 251,A01,2,2,1,5,2,6,-1,0,0,-1,2021,15.0,1,1,0,2,2,17,1,,3,61,-1,,2,2,0,1,2,750,1,, -1,1,0,1,80,16,7,2021,17:28,1,10,10193,1,1,0,2,D61,48.421255,4.417191,17,4,2
202100008495,186Â 547,A01,10,3,2,5,0,-1,-1,4,5,1,2021,10.0,3,2,0,1,3,1,1,,4,ANATOLE FRANCE (RUE),0,,2,1,0,1,(1),(1),1,, -1,1,0,1,50,9,11,2021,18:59,5,10,10387,2,1,0,6,ANATOLE FRANCE (RUE),48.284361151,4.0730678155,18,2,1
202100039078,131Â 787,C01,2,2,1,0,1,-1,-1,0,0,-1,2021,53.0,0,5,0,2,4,2,1,,4,SALVADOR ALLENDE (AVENUE),0,,1,2,0,1,(1),(1),1,, -1,1,0,1,5,18,5,2021,11:25,1,80,80021,2,1,0,4,SALVADOR ALLENDE (AVENUE),49.898102,2.283102,11,4,3
202100007546,188Â 255,B01,1,1,1,0,2,6,-1,-1, -1,-1,2021,45.0,2,1,0,2,8,3,1,,1,86,0,,-1,2,0,1,6,699,1,, -1,2,0,1,90,17,11,2021,08:14,1,92,92036,1,1,0,3,A86,48.9346445248,2.2690583247,8,2,2
202100006318,190Â 492,A01,1,1,1,0,1,0,-1,-1, -1,-1,2021,23.0,1,2,8,2,2,14,1,,4,,0,,1,2,0,2,0,0,1,, -1,1,0,1,50,25,11,2021,02:51,5,92,92019,2,1,0,6,LAVOIR (RUE DU),48.7653835803,2.2801499069,2,1,1
202100013520,177Â 561,A01,1,1,1,2,2,6,-1,-1, -1,-1,2021,20.0,1,1,0,2,1,1,1,,4,MONTAPINS,0,,2,2,0,2,0,0,3,, -1,1,0,1,50,6,10,2021,12:20,1,58,58194,2,1,0,3,MONTAPINS,46.97984,3.13829,12,2,2
202100017407,170Â 513,A01,10,3,2,0,0,-1,-1,2,3,1,2021,21.0,0,1,0,1,1,1,1,,4,GUILLOTIERE (DE LA)                 (PT),0,,2,4,3,1,(1),(1),1,, -1,1,0,1,50,22,9,2021,19:54,5,69,69383,2,2,0,6,GUILLOTIERE (DE LA)                 (PT),45.75628,4.84029,19,2,1
202100043688,123Â 591,B01,1,1,2,5,2,6,-1,0,0,-1,2021,60.0,3,1,0,2,3,1,5,,4,,-1,,2,2,0,1,(1),(1),1,, -1,1,9,1,50,17,4,2021,15:20,1,50,50272,1,2,0,3,Rue Jouvin,48.941417,-1.537507,15,2,2
202100020117,165Â 666,B01,1,1,1,1,8,0,-1,-1, -1,-1,2021,41.0,1,1,1,0,3,17,5,,3,VLADIMIR ILLITCH LENINE (AV),0,,1,1,1,1,0,0,1,, -1,1,0,1,50,8,9,2021,07:56,1,94,94003,2,1,0,6,VLADIMIR ILLITCH LENINE (AV),48.81056,2.33053,7,2,2
202100021984,162Â 335,A01,5,2,1,5,9,-1,-1,0,0,-1,2021,20.0,1,2,0,2,8,13,1,,3,911,-1,,2,2,0,1,63,330,1,, -1,1,0,1,50,29,8,2021,13:10,1,12,12056,2,1,0,3,360 Avenue de Marengo,44.280036,2.428461,13,5,2
202100012767,178Â 900,B01,9,2,1,5,1,-1,-1,0,0,-1,2021,22.0,2,2,0,2,3,1,1,,3,519,0,,2,2,0,1,5,950,1,, -1,1,0,1,80,17,10,2021,07:50,1,38,38051,1,1,1,1,D519,45.327892,4.879818,7,4,2
202100038678,132Â 501,A01,1,1,1,5,1,-1,-1,0,0,-1,2021,73.0,2,2,13,0,9,1,1,,3,16,0,D,2,2,0,2,15,600,3,, -1,1,0,3,80,23,5,2021,21:30,1,59,59372,1,1,0,6,D16,50.039199,3.314738,21,3,1
202100050771,110Â 928,A01,1,1,1,9,8,8,-1,0,0,-1,2021,40.0,1,1,0,2,1,1,3,,4,BOULEVARD DES FILLES DU CALVAIRE,0,,2,4,3,1,(1),(1),1,, -1,1,0,1,50,20,2,2021,16:30,1,75,75111,2,2,0,2,BOULEVARD DES FILLES DU CALVAIRE,48.862473,2.36689,16,3,2
202100044263,122Â 546,B01,1,1,1,3,8,0,-1,-1, -1,-1,2021,65.0,1,0,0,2,1,1,3,,4,L'ABREUVOIR (RUE DE),0,,2,2,0,1,0,0,1,, -1,1,5,1,30,12,4,2021,09:45,1,61,61001,2,4,0,1,PLENITRE (PLACE DU),48.42966,0.09074,9,2,2
202100044733,121Â 754,A01,1,1,1,1,0,-1,-1,0,0,-1,2021,23.0,1,2,13,0,1,13,1,,3,1C,-1,D,2,2,0,2,3,475,2,, -1,1,0,3,50,8,4,2021,06:56,2,56,56184,1,1,0,6,Le Hulo,47.66215,-2.471194,6,1,1
202100018264,168Â 972,B01,2,2,2,1,0,-1,-1,0,0,-1,2021,38.0,1,5,0,2,2,1,1,,2,1,-1,,2,2,0,1,255,800,1,,7,1,0,3,50,18,9,2021,17:10,1,973,97311,2,1,0,1,Avenue Gaston Monnerville,5.493429,-54.015537,17,3,2
202100038059,133Â 632,F01,4,2,1,0,1,0,-1,-1, -1,-1,2021,23.0,3,5,1,0,0,0,0,,3,VAILLANT COUTURIER (AVENUE PAUL),0,,1,2,0,1,0,0,1,, -1,1,3,1,50,27,5,2021,13:25,1,93,93008,2,1,0,5,VAILLANT COUTURIER (AVENUE PAUL),48.90971,2.44499,13,12,6
202100051059,110Â 408,A01,1,1,1,4,8,0,-1,-1, -1,-1,2021,30.0,2,1,0,2,8,19,5,,4,RUE DES ETABLES,0,,1,-1,3,1,(1),(1),1,, -1,1,-1,6,30,18,2,2021,11:31,1,33,33063,2,3,0,3,Place AndrÃ© Meunier Dit Mureine,44.829499,-0.561296,11,2,2
202100033967,141Â 048,A01,9,2,1,2,3,-1,-1,0,0,-1,2021,4.0,2,2,0,0,0,1,1,,3,630,0,,2,2,0,1,2,746,1,, -1,2,0,1,30,17,6,2021,17:30,1,81,81271,2,1,1,6,3 Avenue Rhin et Danube,43.7743314946,1.6844708472,17,2,1
202100013161,178Â 223,C01,1,1,1,5,0,-1,-1,0,0,-1,2021,84.0,1,0,0,2,4,1,3,,3,15,-1,,2,2,0,3,2,800,1,, -1,1,0,1,80,14,10,2021,16:50,1,70,70309,1,1,1,4,Route de Montbozon,47.4540031,6.22671402,16,3,3
202100000357,201Â 079,A01,1,1,1,9,2,6,-1,-1, -1,-1,2021,40.0,2,1,3,0,1,17,1,,3,OLOF PALME,0,,2,2,0,1,28,685,3,, -1,1,0,1,70,12,9,2021,18:50,1,64,64445,1,1,0,6,OLOF PALME,43.33392,-0.3582,18,1,1
202100021880,162Â 522,A01,10,3,1,5,0,-1,-1,3,3,1,2021,55.0,2,2,0,1,2,1,1,,3,2460,0,,2,2,0,1,72,270,1,, -1,1,0,1,50,31,8,2021,14:25,1,45,45082,2,3,0,6,4 Avenue du Gatinais,47.869334,2.223047,14,2,1
202100055317,102Â 952,A01,10,3,2,1,0,-1,-1,3,3,1,2021,51.0,1,2,0,1,1,1,1,,4,TANNEURS (RUE DES),0,,3,4,2,1,(1),(1),1,, -1,1,0,1,50,11,1,2021,08:00,2,37,37261,2,1,0,6,TANNEURS (RUE DES),47.3954619607,0.6775650505,8,2,1
202100053294,106Â 471,B01,1,1,1,5,0,-1,-1,0,0,-1,2021,17.0,1,1,0,0,4,2,5,,3,838,-1,,2,2,0,1,22,200,1,, -1,2,0,1,90,30,1,2021,19:00,3,91,91338,1,1,1,3,D838,48.634341,2.063928,19,2,2
202100039278,131Â 392,A01,2,2,1,5,1,5,-1,-1, -1,-1,2021,21.0,3,2,1,0,1,1,1,,4,MULTIMODALE (PLATEFORME),0,,2,2,0,1,(1),(1),1,, -1,1,0,1,50,18,5,2021,01:00,4,62,62274,1,1,0,3,MULTIMODALE (PLATEFORME),50.453115,2.97707,1,3,2
202100009969,183Â 881,A01,10,3,1,9,0,-1,-1,9,3,1,2021,3.0,3,2,0,1,2,26,1,,4,,-1,,1,1,0,1,(1),(1),1,,3,2,0,1,50,31,10,2021,13:30,1,973,97308,2,1,1,6,23 Rue Alphonse Gueye,3.890367,-51.800774,13,2,1
202100017578,170Â 203,A01,1,1,1,5,2,-1,-1,0,0,-1,2021,60.0,1,1,0,0,1,1,5,,3,243,0,D,2,2,0,2,4,0,2,, -1,1,0,1,50,23,9,2021,15:00,1,74,74056,1,1,0,7,Rte du Foue,45.901403,6.829151,15,1,1
202100017040,171Â 164,A01,10,3,1,9,0,-1,-1,4,3,1,2021,57.0,1,2,0,1,2,1,1,,4,RUE DE LA PORTE D ISSY,0,,2,5,0,1,(1),(1),1,, -1,1,0,1,30,23,9,2021,06:50,5,75,75115,2,2,0,6,RUE DE LA PORTE D ISSY,48.832071,2.280679,6,2,1
202100042709,125Â 289,A01,1,1,2,5,1,0,-1,-1, -1,-1,2021,21.0,0,2,1,0,2,1,3,,4,R MARC SANGNIER ,0,,2,2,0,1,1,0,1,, -1,1,0,4,50,24,4,2021,19:15,1,94,94046,2,1,0,6,Rue Marc Sangnier,48.806066,2.449976,19,2,1
202100024074,158Â 624,A01,2,2,1,4,1,-1,-1,0,0,-1,2021,45.0,1,5,4,0,1,16,6,,1,16,0,A,1,1,0,2,131,500,3,, -1,1,3,2,70,13,8,2021,14:30,1,80,80024,1,1,0,6,A16,49.932125,2.244017,14,2,1
202100003635,195Â 251,A01,10,3,2,0,0,-1,-1,2,3,1,2021,80.0,1,2,0,1,3,16,1,,3,CHAILLOT (RUE),0,,1,1,0,1,2,200,3,, -1,2,0,1,50,10,12,2021,14:10,1,51,51454,2,6,0,7,Rue AndrÃ© Chaillot,49.287,4.02741,14,2,1
202100015388,174Â 201,A01,10,3,2,3,0,-1,-1,2,3,1,2021,51.0,1,2,0,1,2,1,1,,3,,0,,2,2,0,1,(1),(1),1,,3,1,0,1,50,2,10,2021,15:00,1,63,63295,2,1,0,6,52 rue du commerce,46.017909,3.354993,15,2,1
202100031336,145Â 728,A01,1,1,1,5,0,-1,-1,0,0,-1,2021,38.0,1,2,13,0,0,1,1,,3,29,-1,,2,2,0,1,(1),(1),2,, -1,2,0,3,80,2,7,2021,21:45,2,87,87178,1,1,0,6,RD29,45.879284,1.372733,21,1,1
202100038541,132Â 750,A01,10,3,1,9,8,8,-1,4,3,1,2021,17.0,2,2,0,1,1,1,0,,3,PARIS (RUE DE),0,,2,3,0,1,1,0,1,, -1,2,0,1,30,24,5,2021,16:54,1,93,93048,2,2,1,6,Rue de Paris / Rue dâAlembert,48.85471,2.41746,16,2,1
202100028118,151Â 443,A01,2,2,2,5,2,6,-1,-1, -1,-1,2021,26.0,3,1,0,2,0,17,1,,4,BAB (BOULEVARD DU),0,,2,4,0,1,0,0,1,, -1,1,0,1,50,18,7,2021,14:00,1,64,64024,2,2,0,3,BAB (BOULEVARD DU),43.48737,-1.53649,14,4,2