Num_Acc,id_vehicule,num_veh,place,catu,sexe,trajet,secu1,secu2,secu3,locp,actp,etatp,year_acc,victim_age,senc,catv,obs,obsm,choc,manv,motor,occutc,catr,voie,v1,v2,circ,nbv,vosp,prof,pr,pr1,plan,lartpc,larrout,surf,infra,situ,vma,jour,mois,an,hrmn,lum,dep,com,agg_,int,atm,col,adr,lat,long,hour,nb_victim,nb_vehicules
202100037723,134Â 235,A01,2,2,2,0,1,0,-1,-1, -1,-1,2021,45.0,1,2,0,2,1,2,1,,1,AUTOROUTE A86,0,,3,8,0,1,16,200,1,, -1,1,0,1,90,28,5,2021,17:15,1,93,93027,1,1,0,4,AUTOROUTE A86,48.92393,2.38736,17,4,3
202100030555,147Â 143,A01,10,3,2,0,0,-1,-1,5,9,1,2021,87.0,3,2,0,1,0,26,0,,4,PIVOINES RUE,0,,-1,1,0,1,(1),(1),1,, -1,1,0,8,50,1,6,2021,17:20,1,59,59350,2,1,0,6,PIVOINES RUE,50.611639,3.041736,17,2,1
202100019590,166Â 614,A01,1,1,1,5,1,-1,-1,0,0,-1,2021,73.0,2,2,13,0,2,1,1,,3,906,-1,,2,2,0,1,24,740,1,, -1,1,0,3,70,11,9,2021,19:15,1,71,71444,2,1,0,6,RD906 Gare (ArrÃªt de bus),46.728463,4.857835,19,1,1
202100047644,116Â 592,A01,1,1,1,1,2,6,-1,0,0,-1,2021,24.0,3,1,0,2,1,1,1,,7,CURIE PIERRE ET MARIE AVENUE,0,,-1,2,0,1,(1),(1),1,, -1,1,0,1,50,17,3,2021,09:00,1,6,6123,1,1,0,3,CURIE PIERRE ET MARIE AVENUE,43.691648,7.185454,9,2,2
202100027969,151Â 708,A01,1,1,2,9,2,0,-1,0,0,-1,2021,22.0,1,1,0,0,1,5,5,,4,RUE BLANCHE,0,,1,1,0,2,(1),(1),1,, -1,1,0,1,30,20,7,2021,13:00,1,75,75109,2,1,0,7,RUE BLANCHE,48.87937,2.33143,13,1,1
202100055243,103Â 077,A01,1,1,1,4,1,-1,-1,0,0,-1,2021,51.0,0,4,0,0,0,1,1,,3,26,0,D,2,2,0,1,23,100,4,, -1,2,0,3,70,14,1,2021,07:30,3,60,60531,1,1,1,7,D26,49.4210003639,2.6988850915,7,1,1
202100011887,180Â 477,B01,1,1,2,1,1,-1,-1,0,0,-1,2021,54.0,2,2,0,2,1,1,1,,3,927,0,,2,2,0,1,48,95,1,, -1,1,0,3,80,22,10,2021,17:12,1,28,28198,1,1,0,1,D927,48.080538,1.411947,17,3,2
202100015828,173Â 381,A01,1,1,1,0,1,-1,-1,0,0,-1,2021,75.0,2,2,2,0,1,2,0,,3,114,0,,2,2,0,1,(1),(1),1,, -1,1,0,3,50,1,10,2021,15:10,1,971,97117,2,1,0,6,D114,16.325676,-61.353756,15,1,1
202100050441,111Â 537,A01,1,1,1,0,1,8,-1,-1, -1,-1,2021,26.0,2,2,4,0,6,13,1,,3,R.D.20,0,,3,4,0,1,36,500,1,, -1,1,0,1,90,23,2,2021,04:40,5,91,91223,1,1,0,6,R.D.20,48.43814,2.17159,4,1,1
202100014178,176Â 350,B01,2,2,1,0,2,6,-1,-1, -1,-1,2021,9.0,1,1,0,2,7,1,1,,4,PORT (RUE DU),0,,2,2,0,1,(1),(1),1,, -1,1,0,1,50,9,10,2021,09:45,1,33,33529,2,3,0,2,PORT (RUE DU),44.63693,-1.14456,9,3,2
202100025701,155Â 746,A01,1,1,1,1,1,8,-1,-1, -1,-1,2021,46.0,3,2,3,0,2,26,1,,1,A104,0,,1,2,0,1,30,200,2,, -1,1,2,1,70,4,8,2021,04:00,3,77,77121,1,1,0,7,A104,48.8317,2.6692,4,1,1
202100041573,127Â 289,A01,10,3,1,9,8,8,-1,1,3,2,2021,71.0,3,2,0,1,1,2,3,,4,EMILE ZOLA (BOULEVARD),0,,2,2,0,1,0,0,3,, -1,1,0,1,30,3,5,2021,14:20,1,93,93014,2,3,0,6,Boulevard Emile Zola / Allee de la Forestiere,48.90657,2.55432,14,2,1
202100015072,174Â 765,A01,1,1,1,0,1,-1,-1,-1, -1,-1,2021,21.0,3,2,0,2,1,1,1,,4,CRS BALGUERIE STUTTENBERG,0,,1,1,0,1,(1),(1),1,, -1,1,0,1,50,28,9,2021,09:15,1,33,33063,2,2,0,3,CRS BALGUERIE STUTTENBERG,44.86327,-0.55984,9,2,2
202100000394,200Â 999,B01,2,2,2,0,1,8,-1,-1, -1,-1,2021,24.0,3,2,0,2,4,1,1,,2,11 - RT,0,,3,4,0,1,1,0,1,, -1,1,0,1,90,5,12,2021,04:32,3,202,202037,1,1,0,4,11 - RT,42.614131,9.43789,4,6,5
202100009287,185Â 098,B01,1,1,1,1,2,6,-1,0,0,-1,2021,28.0,3,1,0,2,1,1,1,,4,ALLEE DE LONGCHAMP,0,,2,4,0,1,(1),(1),1,, -1,2,0,1,50,4,11,2021,09:20,1,75,75116,2,2,0,3,ALLEE DE LONGCHAMP,48.874933,2.271098,9,2,2
202100015973,173Â 116,A01,10,3,2,0,0,-1,-1,3,3,1,2021,81.0,1,5,0,1,1,15,1,,4,,0,,2,2,1,1,0,0,1,, -1,1,0,1,30,29,9,2021,12:00,1,92,92012,2,2,0,6,LE CORBUSIER (RUE),48.8377469444,2.2403802828,12,2,1
202100032245,144Â 127,A01,1,1,1,0,1,0,-1,-1, -1,-1,2021,29.0,1,2,4,0,1,21,1,,2,11 - RT,0,,1,2,0,1,1,0,1,, -1,1,0,8,50,25,6,2021,22:58,5,202,202033,2,4,0,1,11 - RT,42.6990765777,9.4523168087,22,2,1
202100003006,196Â 402,A01,1,1,1,5,2,6,-1,0,0,-1,2021,16.0,3,1,0,0,8,1,1,,3,578,0,D,2,2,0,1,68,770,2,, -1,1,0,1,70,23,10,2021,17:08,1,7,7001,1,1,0,6,D578 lieu dit MandÃ©,44.891908,4.391066,17,1,1
202100010803,182Â 421,A01,1,1,1,0,2,6,9,0,0,-1,2021,66.0,2,1,13,0,0,1,1,,3,118,-1,,2,2,0,2,9,450,4,, -1,1,0,3,80,28,10,2021,13:10,1,34,34246,1,1,0,7,D118 - PK 09+450,43.729844,4.06095,13,1,1
202100037834,134Â 029,B01,2,2,2,5,1,0,-1,0,0,-1,2021,84.0,3,2,0,2,6,23,1,,4,ALLEE DE LONGCHAMP,0,,2,2,0,1,(1),(1),1,, -1,1,0,1,50,28,5,2021,17:30,1,75,75116,2,1,0,2,ALLEE DE LONGCHAMP,48.870665,2.259377,17,3,2
202100046327,118Â 963,Z01,3,2,1,5,1,0,-1,-1,0,-1,2021,19.0,2,2,0,2,1,1,1,,1,AUTOROUTE A15,0,,3,6,0,1,12,600,1,, -1,1,0,1,110,27,3,2021,23:40,3,95,95252,1,1,0,2,A15,48.9864156095,2.210611208,23,6,2
202100028148,151Â 389,B01,1,1,2,0,1,0,-1,-1, -1,-1,2021,33.0,1,2,0,2,4,1,1,,4,HAMBOURG (BOULEVARD),0,,1,2,0,2,(1),(1),1,, -1,1,0,1,30,19,7,2021,08:30,1,13,13208,2,1,0,2,HAMBOURG (BOULEVARD),43.2507176027,5.3885094774,8,2,2
202100016828,171Â 543,A01,10,3,2,2,0,-1,-1,1,3,1,2021,18.0,3,2,0,1,3,15,1,,4,MAUROIS (ALLEE ANDRE),0,,2,2,0,2,0,0,2,, -1,1,0,1,50,20,9,2021,09:24,1,87,87085,2,1,0,6,MAUROIS (ALLEE ANDRE),45.83545,1.23046,9,2,1
202100045141,121Â 043,B01,2,2,2,9,2,6,-1,0,0,-1,2021,31.0,2,1,0,2,1,1,1,,4,AVENUE MAC MAHON,0,,2,3,3,2,(1),(1),1,, -1,1,0,1,50,4,4,2021,20:00,1,75,75117,2,1,0,3,AVENUE MAC MAHON,48.877294,2.29428,20,3,2
202100047108,117Â 565,B01,1,1,1,9,1,0,-1,-1, -1,-1,2021,39.0,1,2,0,2,0,0,1,,2,RN 118,0,,3,3,0,2,0,689,1,, -1,1,0,1,90,22,3,2021,15:55,1,91,91064,1,1,0,2,RN 118,48.76496,2.22956,15,2,2
202100039464,131Â 065,A01,1,1,1,0,2,6,-1,-1, -1,-1,2021,20.0,2,1,14,2,1,1,1,,4,LIEUTAUD (COURS),0,,2,2,0,1,(1),(1),1,, -1,1,0,1,50,18,5,2021,14:30,1,13,13206,2,1,0,1,LIEUTAUD (COURS),43.291394,5.383032,14,2,2
202100045665,120Â 115,B01,1,1,1,2,2,0,-1,-1, -1,-1,2021,14.0,1,1,0,2,1,5,5,,4,JEAN PERRIN (RUE),0,,1,1,0,1,0,0,1,, -1,1,0,1,50,1,4,2021,15:30,1,92,92036,2,1,0,1,JEAN PERRIN (RUE),48.9348616662,2.2912019491,15,2,2
202100024434,158Â 005,A01,1,1,1,0,2,-1,-1,0,0,-1,2021,23.0,0,1,6,2,1,26,1,,9,,-1,,2,2,0,1,(1),(1),1,,5,1,0,1,50,12,8,2021,10:20,1,971,97103,2,9,0,3,Rue Henri Becquerel,16.243446,-61.562163,10,2,2
202100010827,182Â 374,A01,1,1,1,5,1,4,-1,-1, -1,-1,2021,31.0,2,2,0,2,1,1,1,,1,AUTOROUTE A10,0,,1,3,0,1,3,400,1,, -1,1,0,1,110,27,10,2021,19:35,3,91,91377,1,1,0,2,AUTOROUTE A10,48.72051,2.29445,19,2,2
202100010862,182Â 310,B01,1,1,2,1,1,0,-1,-1, -1,-1,2021,36.0,3,2,0,2,3,1,1,,3,HAIE  (RUE DE LA),0,,2,2,0,1,5,34,2,, -1,2,0,1,50,26,10,2021,08:00,1,77,77445,2,1,1,1,D150,48.5733,2.5905,8,2,2
202100049735,112Â 846,A01,1,1,1,5,2,0,-1,-1, -1,-1,2021,17.0,2,1,0,0,4,26,1,,1,A4,0,,1,5,0,1,3,400,1,, -1,1,0,1,90,1,3,2021,22:53,3,94,94069,1,1,0,6,A4,48.8175082166,2.4337587596,22,2,2
202100021107,163Â 928,B01,1,1,1,0,0,-1,-1,0,0,-1,2021,30.0,1,1,0,2,1,2,3,,3,POMPADOUR(ROUTE DE LA),0,,2,1,3,1,1,0,1,, -1,1,0,6,30,3,9,2021,20:50,3,94,94028,2,9,0,3,Route de la Pompadour,48.77245,2.43318,20,2,2
202100028841,150Â 166,B01,2,2,2,5,2,6,-1,-1, -1,-1,2021,60.0,2,1,0,2,6,2,1,,4,POMPIDOU (PROMENADE),0,,1,2,0,1,0,0,1,, -1,1,9,1,50,16,7,2021,00:05,5,13,13208,2,1,0,3,POMPIDOU (PROMENADE),43.26735,5.37223,0,3,2
202100036196,136Â 989,A01,5,2,1,5,1,-1,-1,-1, -1,-1,2021,18.0,2,2,4,0,1,26,1,,7,RD383   3.750 A 7.640,0,,3,6,0,1,4,699,1,, -1,1,0,2,70,6,6,2021,17:17,1,69,69266,1,1,0,6,D383   3.750 A 7.640,45.7753911428,4.8984158336,17,3,1
202100007318,188Â 671,B01,1,1,1,0,2,0,-1,0,0,-1,2021,23.0,2,1,0,2,1,1,1,,4,ARIANE (BD DE L'),0,,3,5,0,1,(1),(1),1,, -1,1,0,1,50,18,11,2021,19:50,5,6,6088,2,1,0,3,ARIANE (BD DE L'),43.733162,7.288994,19,2,2
202100009489,184Â 747,A01,1,1,1,0,1,0,-1,-1, -1,-1,2021,74.0,2,2,0,2,1,1,2,,3,CLICHY (QUAI DE) DE (8 A 60),0,,2,4,0,3,0,0,1,, -1,2,5,1,50,3,11,2021,18:40,5,92,92024,2,2,0,2,CLICHY (QUAI DE) DE (8 A 60),48.903470802,2.289571166,18,2,2
202100005035,192Â 788,A01,1,1,2,1,1,5,-1,-1,0,-1,2021,22.0,1,2,0,2,1,21,1,,3,D970,0,,2,2,0,1,5,100,1,, -1,2,0,3,80,2,12,2021,06:10,3,95,95680,1,1,1,6,RD 970,49.01018,2.42075,6,1,1
202100019317,167Â 097,B01,1,1,1,0,8,-1,-1,-1, -1,-1,2021,32.0,1,1,0,2,1,26,0,,4,LAFAYETTE                           (CO),0,,1,1,1,1,(1),(1),1,, -1,1,0,1,30,11,9,2021,19:20,1,69,69383,2,1,0,6,LAFAYETTE (CR),45.7636971548,4.8669192195,19,2,2
202100054928,103Â 628,B01,1,1,2,9,2,0,-1,0,0,-1,2021,26.0,2,1,0,2,1,17,5,,4,BOULEVARD DE BONNE NOUVELLE,0,,2,4,1,1,(1),(1),1,, -1,1,-1,5,50,15,1,2021,12:50,1,75,75102,2,3,0,3,BOULEVARD DE BONNE NOUVELLE,48.8706687871,2.3479188617,12,2,2
202100054163,104Â 931,A01,7,2,2,5,0,-1,-1,0,0,-1,2021,21.0,2,2,0,0,9,1,1,,3,902,-1,,2,2,0,1,117,720,2,, -1,5,2,8,30,23,1,2021,02:45,3,73,73306,1,9,1,7,D902 lieu dit La Rivine ,45.136963,6.419776,2,7,1
202100051253,110Â 067,A01,1,1,1,0,2,6,-1,-1, -1,-1,2021,47.0,1,1,0,2,3,3,1,,1,AUTOROUTE A6,0,,3,6,0,3,17,750,1,, -1,1,0,1,110,17,2,2021,12:00,1,91,91589,1,1,0,2,AUTOROUTE A6,48.67327,2.34356,12,2,2
202100031478,145Â 487,B01,2,2,2,5,1,-1,-1,0,0,-1,2021,47.0,1,2,0,2,1,0,1,,3,94,-1,,2,2,0,1,75,457,3,, -1,1,0,1,80,2,7,2021,16:10,1,26,26227,1,1,0,1,Route de Gap,44.389774,5.384685,16,3,2
202100031607,145Â 260,A01,2,2,2,0,2,0,-1,-1, -1,-1,2021,20.0,0,1,0,0,0,0,0,,4,JOSEPH PROUDHON (ALLEE),0,,2,1,0,1,0,0,1,, -1,1,0,4,50,30,6,2021,18:30,1,93,93071,2,1,0,7,JOSEPH PROUDHON (ALLEE),48.942833,2.523076,18,2,1
202100049525,113Â 232,A01,1,1,1,1,2,6,-1,0,0,-1,2021,26.0,1,1,0,2,1,17,1,,4,AVENUE DES NATIONS UNIES,0,,2,2,0,2,(1),(1),1,, -1,1,0,1,50,2,3,2021,08:45,1,75,75116,2,1,0,3,AVENUE DES NATIONS UNIES,48.861812,2.291652,8,2,2
202100043099,124Â 637,B01,1,1,1,5,2,-1,-1,0,0,-1,2021,68.0,1,1,0,2,1,1,1,,3,928,-1,,2,2,0,1,32,500,1,, -1,1,0,1,90,23,4,2021,15:20,1,21,21402,1,2,0,3,Sous le Plein Chanois,47.780733,4.907297,15,2,2
202100023254,160Â 047,B01,1,1,1,1,2,6,-1,-1, -1,-1,2021,52.0,1,1,0,2,1,1,1,,4,LOTI (RUE PIERRE),0,,2,2,0,1,0,0,1,, -1,1,0,1,50,19,8,2021,12:01,1,87,87085,2,2,0,3,THUILLAT (RUE VICTOR),45.84963,1.25362,12,2,2
202100024638,157Â 620,A01,3,2,1,5,1,0,-1,-1, -1,-1,2021,25.0,3,2,2,0,1,14,1,,4,AMELIE (RUE),0,,1,1,0,1,0,0,1,, -1,1,0,1,50,11,8,2021,22:50,5,93,93072,2,9,0,6,AMELIE (RUE),48.96569,2.38527,22,5,1
202100051426,109Â 770,A01,10,3,1,9,0,-1,-1,3,3,1,2021,67.0,1,2,0,1,3,1,1,,3,LANNOY (RUE SUZANNE),0,,3,2,0,1,(1),(1),1,, -1,1,0,1,50,12,2,2021,10:15,1,59,59170,2,1,1,6,LANNOY (RUE SUZANNE),50.3521,3.13045,10,2,1
202100047029,117Â 709,A01,1,1,1,0,8,-1,-1,0,0,-1,2021,22.0,0,1,0,2,1,25,5,,4,GENERAL LECLERC (RUE DU ),0,,1,1,0,1,(1),(1),1,, -1,1,0,1,30,19,3,2021,14:10,1,80,80021,2,2,0,3,GENERAL LECLERC (RUE DU ),49.897378,2.295156,14,2,2
202100020403,165Â 168,A01,1,1,1,0,2,6,-1,0,0,-1,2021,40.0,2,1,3,0,1,1,1,,1,8,0,A,3,4,0,1,183,400,1,, -1,1,8,1,90,7,9,2021,22:15,4,6,6027,1,1,0,6,"A8 PK 183.000, chaussÃ©e nord",43.663525,7.175961,22,3,3
202100051090,110Â 355,A01,10,3,1,0,0,-1,-1,3,3,1,2021,43.0,1,2,0,1,2,1,1,,4,CHASTENET DE GERY (BD),0,,2,2,0,1,0,0,1,, -1,2,9,1,50,18,2,2021,15:15,1,94,94076,2,1,1,1,CHASTENET DE GERY (BD),48.80146,2.35577,15,2,1
202100019653,166Â 514,B01,1,1,1,0,2,6,-1,0,0,-1,2021,67.0,2,1,0,2,7,16,1,,3,BOIS CLAIR (RUE DU),0,,2,2,0,2,1,470,1,, -1,1,0,1,50,9,9,2021,10:00,1,71,71040,2,1,0,3,BOIS CLAIR (RUE DU),46.69759,4.37219,10,2,2
202100007414,188Â 505,B01,1,1,1,0,2,-1,-1,0,0,-1,2021,42.0,2,1,13,0,0,1,1,,3,29,0,D,2,2,0,1,17,0,1,, -1,1,0,8,80,18,11,2021,11:30,1,69,69299,1,1,0,7,D29,45.698597,5.09491,11,2,2
202100033826,141Â 294,A01,10,3,1,3,8,8,-1,5,4,1,2021,34.0,0,5,0,1,4,26,1,,4,LOUVET (RUE),0,,2,1,0,1,0,0,1,, -1,1,0,4,50,16,6,2021,14:50,1,49,49328,2,1,0,6,LOUVET (RUE),47.24729,-0.07345,14,2,1
202100043098,124Â 638,B01,1,1,1,5,2,-1,-1,0,0,-1,2021,36.0,1,1,0,2,1,1,5,,3,23,0,,2,2,0,1,0,1,3,, -1,1,0,1,50,23,4,2021,17:24,1,5,5132,2,3,0,1,Route de la Motte,44.684285,6.075193,17,2,2
202100043178,124Â 484,B01,1,1,1,9,2,6,-1,-1, -1,-1,2021,26.0,1,1,0,0,4,2,1,,4,CORSAIRES   AVENUE DES (125),0,,2,2,0,1,(1),(1),1,, -1,1,0,1,50,21,4,2021,17:17,1,17,17200,2,1,0,5,CORSAIRES   AVENUE DES (125),46.1731218628,-1.161369729,17,3,3
202100055361,102Â 882,A01,10,3,2,3,0,-1,-1,4,3,1,2021,79.0,1,5,0,1,1,9,1,,4,PLACE LEON BLUM,0,,1,2,0,1,(1),(1),2,, -1,2,0,1,30,12,1,2021,18:00,3,75,75111,2,7,1,6,PLACE LEON BLUM,48.8579419994,2.3803575066,18,2,1
202100054308,104Â 684,A01,1,1,2,0,1,8,-1,-1, -1,-1,2021,21.0,2,2,9,0,6,16,1,,1,AEROPORT (ROND POINT DE L'),0,,2,5,0,4,6,599,3,, -1,2,3,8,70,20,1,2021,00:23,5,972,97213,1,6,1,6,AEROPORT (ROND POINT DE L'),14.5971503768,-60.9980034828,0,1,1
202100010751,182Â 512,B01,1,1,1,1,2,6,-1,-1, -1,-1,2021,44.0,0,1,0,2,1,1,1,,4,BENJAMIN DELESSERT,0,,2,0,1,1,0,0,1,, -1,1,0,1,50,27,10,2021,16:15,1,93,93055,2,1,0,3,BENJAMIN DELESSERT,48.8898814255,2.4194169044,16,2,2
202100050854,110Â 778,B01,1,1,2,0,2,8,-1,-1, -1,-1,2021,33.0,1,1,0,2,1,1,1,,3,CABASSOU (ROUTE DE),0,,1,2,0,1,0,1,1,, -1,1,0,1,50,19,2,2021,08:04,1,973,97302,2,6,0,3,CABASSOU (ROUTE DE),4.92076,-52.3219,8,2,2
202100055614,102Â 441,B01,1,1,2,1,1,0,-1,-1, -1,-1,2021,46.0,2,2,0,2,8,1,1,,1,AUTOROUTE A1,0,,3,8,0,1,1,100,1,, -1,1,0,1,70,11,1,2021,05:00,5,93,93066,1,1,0,3,AUTOROUTE A1,48.91125,2.35789,5,2,2
202100047022,117Â 723,B01,1,1,1,1,2,6,-1,-1,0,-1,2021,46.0,1,1,0,0,4,2,1,,3,AV GABRIEL PERI,0,,2,2,0,1,1,600,1,, -1,1,8,4,50,22,3,2021,21:25,5,95,95063,2,1,0,2,AV GABRIEL PERI,48.9324209445,2.21086387,21,2,2
202100009960,183Â 894,A01,10,3,2,5,0,-1,-1,3,3,1,2021,87.0,2,1,0,1,1,1,1,,3,409,-1,D,3,2,0,1,0,643,1,, -1,1,0,1,50,2,11,2021,08:55,1,6,6079,2,1,0,6,649 Avenue des Anciens Combattants,43.554993,6.941297,8,2,1
202100013086,178Â 350,B01,1,1,2,0,2,-1,-1,-1, -1,-1,2021,47.0,2,1,0,2,1,1,1,,4,QUAI ELISABETH DUPEYRON,0,,2,3,0,1,(1),(1),1,, -1,1,0,1,50,15,10,2021,12:10,1,33,33249,2,1,0,3,QUAI ELISABETH DUPEYRON,44.87288,-0.53723,12,2,2
202100017593,170Â 174,A01,1,1,2,0,2,0,-1,-1, -1,-1,2021,31.0,2,1,0,0,0,3,1,,1,A13,0,,3,6,0,1,32,799,1,, -1,1,0,1,130,22,9,2021,08:35,1,78,78140,1,1,0,4,A13,48.966176,1.922808,8,3,3
202100049260,113Â 708,B01,1,1,1,2,2,-1,-1,-1, -1,-1,2021,16.0,2,1,0,2,1,1,1,,4,MENDES-FRANCE (RUE PIERRE),0,,2,2,1,1,(1),(1),1,, -1,1,9,5,50,2,3,2021,17:35,1,33,33249,2,3,0,3,Rue Pierre Mendes-France,44.87986,-0.51362,17,2,2
202100045466,120Â 466,A01,1,1,2,9,1,-1,-1,0,0,-1,2021,27.0,2,2,3,0,1,0,1,,1,A8,0,,1,3,3,1,114,300,3,, -1,1,0,1,130,2,4,2021,19:25,1,83,83004,1,1,0,6,A8 PK 114.300,43.4514027167,6.5053224564,19,2,1
202100039708,130Â 604,A01,1,1,1,9,2,0,-1,0,0,-1,2021,19.0,1,1,0,2,8,7,1,,4,AVENUE DE FLANDRE,0,,3,2,3,1,(1),(1),1,, -1,1,0,6,50,16,5,2021,18:50,1,75,75119,2,3,0,3,AVENUE DE FLANDRE,48.889855,2.375995,18,2,2
202100027832,151Â 966,A01,1,1,2,5,8,-1,-1,0,0,-1,2021,20.0,1,2,2,0,1,13,1,,3,4,0,D,2,2,0,2,3,545,3,0,"5,4",1,0,3,80,22,7,2021,05:00,3,16,16055,1,1,0,6,Lieu-dit La Cave du Loup,45.615115,0.293575,5,1,1
202100011074,181Â 930,A01,2,2,2,0,2,0,-1,-1, -1,-1,2021,27.0,2,1,0,2,3,5,1,,4,FRANCE ANATOLE RUE,0,,1,2,2,1,(1),(1),1,, -1,1,0,1,50,22,10,2021,20:25,5,59,59350,2,3,0,3,FRANCE ANATOLE RUE,50.637474,3.065563,20,3,2
202100041186,127Â 980,A01,1,1,2,0,1,-1,-1,0,0,-1,2021,80.0,2,2,0,2,1,5,2,,3,1082,-1,,2,2,0,2,95,500,3,, -1,1,0,1,80,4,5,2021,19:13,1,42,42023,1,1,0,1,D1082,45.298347,4.541023,19,2,2
202100032563,143Â 564,A01,1,1,1,5,2,6,9,0,0,-1,2021,51.0,0,1,0,6,1,2,1,,2,162,-1,,2,2,0,1,23,500,1,, -1,1,0,1,80,24,6,2021,11:00,1,49,49217,1,1,0,6,Lieu dit Le Trefle,47.64881,-0.709476,11,1,1
202100011187,181Â 734,B01,1,1,1,5,1,0,-1,-1, -1,-1,2021,41.0,3,1,0,2,1,26,3,,3,ROND POINT DES ORIELS,0,,2,1,0,1,0,0,3,, -1,1,0,1,50,19,6,2021,00:30,5,28,28134,2,6,0,1,ROND POINT DES ORIELS,48.73495,1.36139,0,2,2
202100009496,184Â 735,A01,1,1,1,5,8,-1,-1,0,0,-1,2021,27.0,0,6,0,2,1,1,1,,4,,0,,2,2,0,2,(1),(1),1,,4,1,9,1,30,5,11,2021,16:10,1,38,38425,2,1,0,1,Rue Louise Michel,45.3968,4.784342,16,2,2
202100031175,146Â 008,A01,1,1,1,0,2,6,-1,-1, -1,-1,2021,39.0,1,1,8,0,1,18,1,,3,ROGER SALENGRO (RUE),0,,1,2,1,1,0,0,1,, -1,1,0,4,50,1,7,2021,00:53,5,10,10297,2,1,0,6,ROGER SALENGRO (RUE),48.31425,4.09882,0,1,1
202100010804,182Â 420,A01,1,1,1,4,0,-1,-1,0,0,-1,2021,41.0,3,2,3,2,3,9,6,,3,225,-1,,2,4,3,3,(1),(1),3,, -1,1,3,1,70,27,10,2021,20:40,3,84,84092,2,4,0,6,Route de Sorgues,43.974032,4.858097,20,2,2
202100041882,126Â 760,B01,1,1,1,5,8,0,-1,-1, -1,-1,2021,19.0,3,1,0,2,1,1,1,,4,ALBERT 1Â° (AV),0,,2,2,0,1,(1),0,1,, -1,1,0,1,50,30,4,2021,18:20,1,81,81065,2,1,0,3,ALBERT 1Â° (AV),43.597902,2.22957,18,2,2
202100019150,167Â 397,A01,1,1,2,9,1,0,-1,-1, -1,-1,2021,41.0,1,2,0,2,1,15,1,,3,SAINT JUERY (AV DE) DU NÂ° 49 A LA FIN,0,,2,3,0,1,2,988,1,, -1,1,0,1,50,13,9,2021,17:40,1,81,81004,2,9,0,1,Avenue de Saint JuÃ©ry,43.936870663,2.1809503734,17,3,2
202100054191,104Â 885,B01,1,1,1,1,2,-1,-1,0,0,-1,2021,47.0,0,1,0,2,7,9,1,,3,ROND POINT ACCES ROCADE,0,,1,1,0,1,(1),(1),2,, -1,2,0,1,80,20,1,2021,18:24,3,80,80164,2,1,1,3,ROND POINT ACCES ROCADE,49.90209,2.36063,18,2,2
202100011908,180Â 438,B01,1,1,1,2,2,6,-1,0,0,-1,2021,16.0,0,1,0,0,2,1,1,,4,,0,,2,2,0,1,(1),(1),1,,4,1,0,1,-1,24,9,2021,14:10,1,49,49248,2,3,0,3,Rue Gustave Lariviere,47.711285,-0.98782,14,2,2
202100000348,201Â 092,A01,10,3,2,5,0,-1,-1,2,3,1,2021,79.0,2,2,0,1,3,1,1,,4,SCHUMAN (AV. ROBERT),0,,3,0,0,1,0,0,1,, -1,1,0,1,50,13,9,2021,10:20,1,2,2691,2,1,0,6,SCHUMAN (AV. ROBERT),49.8597903422,3.2969641683,10,2,1
202100029032,149Â 838,A01,10,3,2,5,0,-1,-1,9,6,1,2021,89.0,3,2,0,1,6,20,1,,6,,-1,,-1,-1,0,1,(1),(1),1,,4,1,0,1,30,13,7,2021,09:00,1,6,6079,2,9,0,6,Place du Souvenir FranÃ§ais,43.555364,6.937287,9,2,1
202100014630,175Â 563,B01,1,1,2,9,2,0,-1,0,0,-1,2021,40.0,1,1,0,2,1,1,5,,4,AVENUE JEAN JAURES,0,,2,5,1,1,(1),(1),1,, -1,1,0,5,30,7,10,2021,08:40,1,75,75119,2,1,0,3,AVENUE JEAN JAURES,48.888656,2.392559,8,2,2
202100006359,190Â 431,A01,1,1,1,0,2,-1,-1,0,0,-1,2021,17.0,2,1,0,0,1,0,1,,3,1120,0,,2,2,0,2,41,430,4,, -1,2,0,1,70,25,11,2021,18:40,3,19,19098,1,1,1,3,Route des Jordes,45.2001128849,1.8315625191,18,2,2
202100033666,141Â 586,A01,1,1,2,0,8,0,-1,-1, -1,-1,2021,22.0,0,2,0,2,4,20,1,,4,VICTOR BASCH (AVENUE),0,,2,2,0,2,0,0,1,, -1,1,0,1,50,18,6,2021,14:40,1,93,93051,2,1,0,4,Avenue Victor Basch,48.8419062079,2.5596669316,14,3,3
202100012504,179Â 358,B01,1,1,1,0,2,6,-1,-1, -1,-1,2021,71.0,2,1,0,2,6,2,1,,4,63A,0,,1,2,0,1,0,0,3,, -1,1,8,1,30,18,10,2021,12:15,1,92,92049,2,1,0,2,JAURES AVENUE JEAN NÂ°53 A FIN,48.816532,2.312746,12,2,2
202100038051,133Â 647,B01,1,1,1,0,2,6,-1,-1, -1,-1,2021,39.0,1,1,0,2,1,1,1,,3,JEAN LE GALLEU (R),0,,1,1,0,1,1,0,1,, -1,1,0,1,50,27,5,2021,20:05,1,94,94041,2,3,0,3,JEAN LE GALLEU (R),48.81407,2.37671,20,2,2
202100049181,113Â 843,A01,1,1,1,0,0,-1,-1,0,0,-1,2021,30.0,2,2,6,0,2,1,1,,3,18,0,E,2,2,0,2,1,200,3,, -1,1,0,3,50,5,3,2021,19:20,5,24,24167,2,1,0,6,D18E,44.664861,0.399231,19,2,1