Num_Acc,id_vehicule,num_veh,place,catu,sexe,trajet,secu1,secu2,secu3,locp,actp,etatp,year_acc,victim_age,senc,catv,obs,obsm,choc,manv,motor,occutc,catr,voie,v1,v2,circ,nbv,vosp,prof,pr,pr1,plan,lartpc,larrout,surf,infra,situ,vma,jour,mois,an,hrmn,lum,dep,com,agg_,int,atm,col,adr,lat,long,hour,nb_victim,nb_vehicules
202100025035,156Â 905,A01,7,2,1,5,1,-1,-1,0,0,-1,2021,55.0,2,2,4,9,2,1,1,,1,89,-1,,1,4,0,2,166,200,1,, -1,2,0,1,130,7,8,2021,05:15,3,19,19066,1,1,1,6,A-89 Pr 166.200 direction BORDEAUX,45.171933,1.299562,5,3,1
202100037172,135Â 241,B01,1,1,1,1,1,-1,-1,-1, -1,-1,2021,38.0,2,2,0,2,4,2,1,,4,JEAN JACQUES ROUSSEAU               (QU),0,,2,2,0,1,(1),(1),1,, -1,1,0,1,50,3,5,2021,12:29,1,69,69142,2,1,1,4,JEAN JACQUES ROUSSEAU (Q),45.73977,4.81201,12,5,3
202100000405,200Â 979,A01,10,3,1,4,0,-1,-1,8,B,2,2021,55.0,0,2,0,1,2,1,1,,6,VIEILLE ROUTE DE LA GAVOTTE,0,,1,1,0,2,0,0,1,, -1,1,0,1,15,17,3,2021,08:00,2,13,13071,2,9,0,1,VIEILLE ROUTE DE LA GAVOTTE,43.39425,5.34035,8,2,1
202100005272,192Â 362,A01,10,3,2,0,0,-1,-1,4,3,1,2021,39.0,1,2,0,1,1,1,1,,4,BRIAND BOULEVARD ARISTIDE,0,,2,2,0,1,(1),(1),1,, -1,1,0,1,50,30,11,2021,08:53,1,66,66136,2,1,0,6,BRIAND BOULEVARD ARISTIDE,42.6938376514,2.9007037729,8,2,1
202100028228,151Â 238,A01,1,1,1,0,2,6,9,0,0,-1,2021,52.0,3,1,0,2,3,1,1,,4,1,-1,,2,2,0,1,(1),(1),1,,5,1,0,1,80,20,7,2021,10:40,1,27,27682,1,2,0,3,Vesly,49.236949,1.64715,10,2,2
202100033616,141Â 678,A01,1,1,1,5,2,6,-1,-1, -1,-1,2021,15.0,1,1,0,0,8,1,1,,4,MENDES FRANCE (AVENUE),0,,2,2,0,1,0,0,1,, -1,1,0,1,50,18,6,2021,23:00,5,13,13208,2,1,0,7,MENDES FRANCE (AVENUE),43.26161,5.3747,23,1,1
202100033638,141Â 640,B01,1,1,2,1,2,0,-1,0,0,-1,2021,35.0,2,1,0,2,1,1,5,,4,BOULEVARD AUGUSTE BLANQUI,0,,3,1,1,2,(1),(1),1,, -1,1,0,5,50,18,6,2021,12:50,1,75,75113,2,1,0,3,BOULEVARD AUGUSTE BLANQUI,48.831076,2.343172,12,2,2
202100038946,132Â 017,A01,1,1,1,2,2,6,-1,-1, -1,-1,2021,30.0,1,1,1,0,7,21,1,,4,EDOUARD HERRIOT (RUE),0,,2,2,0,1,(1),(1),1,, -1,1,0,1,50,19,5,2021,11:13,1,10,10387,2,2,0,6,EDOUARD HERRIOT (RUE),48.277024,4.076495,11,1,1
202100018477,168Â 603,A01,1,1,1,0,2,6,9,0,0,-1,2021,31.0,2,1,0,2,1,2,1,,1,51,-1,,3,2,0,1,8,100,1,, -1,1,0,1,110,18,9,2021,14:55,1,38,38545,1,1,0,2,A 51 pk000.8+100,45.04888,5.684643,14,2,2
202100024531,157Â 812,A01,1,1,1,0,2,8,-1,-1, -1,-1,2021,40.0,1,1,7,0,1,1,1,,3,SAINTE-SOLANGE (ROUTE DE),0,,2,1,0,1,0,0,1,, -1,1,0,1,30,12,8,2021,21:40,5,18,18213,2,1,0,6,SAINTE-SOLANGE (ROUTE DE),47.10809,2.49081,21,1,1
202100051816,109Â 081,A01,1,1,2,5,2,0,-1,-1, -1,-1,2021,19.0,1,1,0,2,1,1,1,,4,REPUBLIQUE (BD DE LA),0,,2,4,0,1,(1),(1),1,, -1,1,0,1,50,11,2,2021,09:45,1,13,13001,2,1,0,2,REPUBLIQUE (BD DE LA),43.5273,5.4431,9,2,2
202100017473,170Â 390,C01,2,2,2,0,1,0,-1,0,0,-1,2021,22.0,1,2,0,2,8,2,1,,2,ECHANGEUR NÂ° 6 ( VALLEE DES JARDINS ),0,,1,2,0,1,1,0,1,, -1,1,0,1,90,21,9,2021,19:00,1,14,14118,1,1,0,4,ECHANGEUR NÂ° 6 ( VALLEE DES JARDINS ),49.19569,-0.39036,19,4,3
202100055381,102Â 852,A01,1,1,1,5,2,8,-1,-1, -1,-1,2021,25.0,1,1,0,2,6,12,3,,4,JEAN JAURES (BOULEVARD) 2/68 - COTE PAIR,0,,1,2,0,1,0,0,1,, -1,2,0,1,50,12,1,2021,15:10,1,92,92012,2,1,1,2,JEAN JAURES (BOULEVARD) 2/68 - COTE PAIR,48.84536,2.23712,15,2,2
202100000577,200Â 672,B01,1,1,2,1,8,4,-1,-1, -1,-1,2021,48.0,3,1,0,2,7,1,5,,4,JEAN NESMY (RUE),0,,2,2,0,1,0,0,1,, -1,1,0,1,50,8,11,2021,13:55,1,10,10387,2,3,0,3,JEAN NESMY (RUE),48.2922,4.08617,13,2,2
202100013676,177Â 257,A01,2,2,2,9,1,8,-1,0,0,-1,2021,79.0,3,2,0,2,1,1,1,,7,BORD DE MER RN 98,0,,3,6,1,1,(1),(1),1,, -1,1,0,1,50,12,10,2021,16:15,1,6,6123,2,1,0,4,BORD DE MER RN 98,43.656971,7.180718,16,7,3
202100022219,161Â 929,A01,1,1,1,0,2,0,-1,-1, -1,-1,2021,37.0,3,1,0,2,1,1,1,,3,ROUTE ROYALE,0,,2,2,0,2,1,0,1,, -1,1,5,1,50,27,8,2021,10:37,1,202,202033,2,3,0,3,ROUTE ROYALE,42.6774678859,9.4337932497,10,2,2
202100034567,139Â 930,B01,3,2,2,5,3,-1,-1,0,0,-1,2021,1.0,2,1,0,2,4,1,5,,4,FERDINAND BUISSON                   (AV),0,,1,1,0,1,(1),(1),3,, -1,1,9,1,50,13,6,2021,17:35,1,69,69029,2,3,0,2,FERDINAND BUISSON (AV),45.73866,4.91716,17,4,2
202100013759,177Â 116,A01,1,1,1,0,2,9,-1,0,0,-1,2021,19.0,3,1,0,2,1,1,1,,4,,0,,2,1,0,3,(1),(1),1,,3,1,0,1,80,12,10,2021,15:55,1,85,85154,1,1,0,1,Rue de la CheneliÃ¨re,46.690057,-0.846773,15,2,2
202100002232,197Â 800,A01,10,3,1,5,8,8,-1,1,3,1,2021,62.0,2,2,0,1,1,1,1,,3,AMEDEE GORDINI (PLACE),0,,1,2,0,1,0,0,1,, -1,1,5,1,50,18,12,2021,16:40,2,91,91687,2,6,1,6,AMEDEE GORDINI (PLACE),48.66177,2.37538,16,2,1
202100017545,170Â 263,B01,1,1,1,9,2,6,-1,0,0,-1,2021,57.0,1,1,0,2,1,21,1,,3,957,-1,,2,2,0,1,15,65,1,, -1,1,0,1,50,23,9,2021,15:35,1,89,89025,2,3,0,1,Route de Sauvigny,47.497503,3.925767,15,3,2
202100021289,163Â 602,B01,1,1,1,1,2,6,-1,0,0,-1,2021,29.0,1,1,0,2,7,1,1,,4,PLACE CLEMENT ADER,0,,2,4,0,1,(1),(1),1,, -1,1,0,1,30,2,9,2021,08:15,1,75,75116,2,7,0,3,PLACE CLEMENT ADER,48.851312,2.278428,8,2,2
202100037486,134Â 665,A01,1,1,2,5,2,-1,-1,0,0,-1,2021,38.0,0,1,0,0,0,16,1,,4,,-1,,2,2,0,1,(1),(1),1,,4,1,0,1,80,30,5,2021,17:15,1,46,46117,1,3,0,7,cabagnols,44.9477,1.863685,17,2,1
202100046187,119Â 214,A01,1,1,2,1,1,-1,-1,0,0,-1,2021,22.0,2,2,0,2,3,21,1,,2,2,-1,,2,2,0,4,(1),(1),2,, -1,1,0,1,50,27,3,2021,22:00,3,971,97104,2,1,0,1,Route de Morne Mabouya,16.023133,-61.74612,22,2,2
202100025059,156Â 863,B01,1,1,1,5,2,-1,-1,0,0,-1,2021,46.0,3,1,0,0,3,1,5,,4,,-1,,2,2,0,1,(1),(1),1,,4,1,0,1,50,8,8,2021,10:00,1,42,42279,2,1,0,3,Chemin des Unchats,45.494371,4.237048,10,2,2
202100026908,153Â 613,A01,1,1,1,1,2,6,-1,0,0,-1,2021,25.0,2,1,0,2,1,13,1,,3,111,0,D,2,2,0,1,10,1293,3,,4,1,0,1,80,27,7,2021,16:00,1,34,34320,1,1,0,3,D111,43.651634,3.725696,16,4,2
202100023217,160Â 119,C01,9,2,2,5,1,-1,-1,0,0,-1,2021,54.0,2,2,0,2,3,1,1,,3,169,-1,,2,2,0,1,11,350,1,, -1,1,0,1,80,21,8,2021,23:45,3,26,26005,1,1,0,5,Route de Grignan,44.477003,4.771135,23,8,3
202100015027,174Â 847,A01,10,3,1,5,0,-1,-1,3,3,1,2021,88.0,1,2,0,1,1,9,1,,3,,0,,2,2,0,1,23,870,1,, -1,1,0,1,50,4,10,2021,09:00,1,61,61006,2,6,0,6,FALAISE (ROUTE DE),48.7521,-0.0321,9,2,1
202100016080,172Â 902,B01,1,1,1,4,2,6,-1,-1, -1,-1,2021,32.0,0,1,0,2,1,1,0,,4,PIETRI FRANCOIS RUE,0,,3,1,0,1,(1),(1),1,, -1,1,0,1,50,29,9,2021,10:08,1,201,201004,2,9,0,5,PIETRI FRANCOIS RUE,41.93507,8.7521,10,3,3
202100048711,114Â 688,B01,1,1,2,0,8,0,-1,-1, -1,-1,2021,19.0,2,0,0,2,3,9,0,,3,SEINE (QUAI DE),0,,2,4,0,2,0,1,1,, -1,1,3,1,50,9,3,2021,19:10,5,93,93070,2,1,0,3,SEINE (QUAI DE),48.91729,2.32757,19,2,2
202100028065,151Â 547,B01,2,2,2,0,1,0,-1,-1, -1,-1,2021,28.0,1,2,0,2,1,1,1,,1,A7-Sens Lyon vers Marseille,0,,1,3,0,1,264,500,1,, -1,1,0,1,110,20,7,2021,13:50,1,13,13071,1,1,0,2,A7-Sens Lyon vers Marseille,43.40865,5.28666,13,4,3
202100015057,174Â 793,A01,10,3,1,5,0,-1,-1,2,3,1,2021,33.0,3,2,0,1,2,1,2,,4,DE GAULLE (AVENUE DU GENERAL),0,,2,2,0,1,(1),(1),1,, -1,1,0,1,50,4,10,2021,10:28,1,37,37261,2,1,0,6,DE GAULLE (AVENUE DU GENERAL),47.3810792016,0.7007918888,10,2,1
202100053098,106Â 820,A01,10,3,2,9,0,-1,-1,3,1,1,2021,40.0,0,2,0,1,7,1,1,,4,LOGES D'AVRON (RUE),0,,3,2,0,2,1,0,1,, -1,2,9,1,50,30,1,2021,18:30,1,93,93049,2,9,1,6,LOGES D'AVRON (RUE),48.8666785697,2.5096410513,18,2,1
202100013985,176Â 703,A01,1,1,1,0,8,0,-1,-1, -1,-1,2021,24.0,1,1,0,0,0,26,0,,2,LEOPOLD BISSOL (BOULEVARD),0,,2,2,0,2,0,0,2,, -1,1,0,1,30,16,9,2021,12:30,1,972,97209,1,1,0,7,LEOPOLD BISSOL (BOULEVARD),14.608,-61.0695,12,1,1
202100051449,109Â 731,A01,10,3,2,5,0,-1,-1,5,9,3,2021,46.0,3,5,0,1,1,14,3,,4,QUAI DE GESVRES,0,,1,4,0,1,(1),(1),1,, -1,1,0,4,50,13,2,2021,16:43,1,75,75104,2,1,0,6,QUAI DE GESVRES,48.856304,2.350034,16,3,1
202100020765,164Â 521,A01,1,1,1,5,2,6,-1,0,0,-1,2021,16.0,1,1,2,0,1,1,1,,3,802,0,,2,2,0,1,1,300,1,, -1,1,0,3,80,4,9,2021,17:06,1,46,46204,1,1,1,6,D802,44.689594,1.599669,17,1,1
202100050555,111Â 323,A01,10,3,1,9,0,-1,-1,3,3,1,2021,27.0,2,2,0,1,2,1,1,,2,RN3 (3),0,,1,1,0,2,(1),(1),3,, -1,2,0,8,50,18,2,2021,20:20,3,974,97416,1,1,1,6,RN3 (3),-21.3234,55.47461,20,2,1
202100024835,157Â 261,A01,1,1,1,4,1,0,-1,-1, -1,-1,2021,41.0,2,5,0,0,1,1,1,,2,RN 104,0,,3,2,0,1,50,99,3,, -1,1,0,3,70,10,8,2021,11:00,1,91,91521,1,1,0,7,RN 104,48.63242,2.40527,11,1,1
202100004354,193Â 974,A01,1,1,1,5,1,-1,-1,0,0,-1,2021,69.0,1,2,2,0,1,2,1,,2,04,-1,,3,2,3,2,36,935,3,, -1,2,0,3,110,8,12,2021,02:30,3,55,55454,1,1,1,6,rn4,48.703877,5.436172,2,1,1
202100017685,170Â 011,A01,1,1,1,0,2,8,-1,-1, -1,-1,2021,28.0,2,6,0,2,0,11,1,,3,DIVISION LECLERC (AV DE LA),0,,-1,2,0,1,1,0,1,, -1,1,0,1,30,21,9,2021,20:00,4,94,94016,2,9,0,5,DIVISION LECLERC (AV DE LA),48.78335,2.32798,20,3,3
202100044009,123Â 012,A01,1,1,1,0,2,6,-1,-1, -1,-1,2021,54.0,1,1,0,2,2,16,1,,3,Route DÃ©partementale 910,0,,-1,4,0,1,51,215,1,, -1,1,0,1,50,13,4,2021,12:40,1,86,86194,2,6,0,3,Avenue de Paris,46.612986,0.3472226,12,2,2
202100045263,120Â 814,B01,1,1,1,0,2,6,-1,-1, -1,-1,2021,19.0,2,1,0,2,1,1,1,,3,106,0,,2,3,0,1,0,0,1,, -1,1,0,1,50,3,4,2021,11:15,1,92,92035,2,2,0,3,GÃ©nÃ©ral de Gaulle  ( avenue du ),48.9127077305,2.2537274659,11,2,2
202100028880,150Â 100,A01,10,3,2,5,0,-1,-1,2,3,2,2021,17.0,1,1,0,1,1,19,1,,3,LAURENT CELY (AVENUE) (1/143),0,,3,4,0,1,0,0,1,, -1,1,0,1,50,14,7,2021,20:15,2,92,92036,2,1,0,6,LAURENT CELY (AVENUE) (1/143),48.9306539064,2.3017966747,20,2,1
202100022224,161Â 920,A01,1,1,1,5,2,6,-1,-1, -1,-1,2021,28.0,2,1,0,2,1,2,1,,4,GAMBETTA (BOULEVARD),0,,4,4,0,2,0,0,1,, -1,1,0,1,50,26,8,2021,15:45,1,87,87085,2,1,0,2,GAMBETTA (BOULEVARD),45.82845,1.25623,15,2,2
202100051826,109Â 067,A01,1,1,1,1,2,0,-1,0,0,-1,2021,31.0,1,1,0,0,7,14,1,,4,PLACE PROSPER GOUBAUX,0,,1,1,0,1,(1),(1),3,, -1,7,0,1,50,11,2,2021,06:00,5,75,75108,2,7,0,7,PLACE PROSPER GOUBAUX,48.881208,2.316757,6,1,1
202100013513,177Â 574,A01,10,3,2,0,8,8,-1,3,3,1,2021,17.0,3,1,0,1,1,17,1,,4,JACQUES LOEB (AVENUE DE L'INTERNE),0,,2,2,0,1,0,0,1,, -1,1,0,1,50,12,10,2021,07:50,1,64,64102,2,1,0,6,JACQUES LOEB (AVENUE DE L'INTERNE),43.480756,-1.48304,7,2,1
202100016666,171Â 838,A01,10,3,1,2,0,-1,-1,1,3,1,2021,11.0,3,2,0,1,3,1,1,,4,LEVA (RUE / IMPASSE),0,,2,2,0,1,(1),(1),1,, -1,1,0,1,50,24,9,2021,12:20,1,1,1283,2,1,0,6,LEVA (RUE / IMPASSE),46.26558,5.657514,12,2,1
202100026411,154Â 486,B01,1,1,1,5,8,0,-1,-1, -1,-1,2021,21.0,1,1,0,2,0,0,1,,1,A104,0,,-1,3,0,1,9,500,1,, -1,1,0,1,90,30,7,2021,19:15,1,77,77294,1,1,0,3,A104,48.9751067554,2.5823085186,19,2,2
202100009033,185Â 565,A01,1,1,1,5,2,-1,-1,0,0,-1,2021,34.0,3,6,2,0,2,1,1,,4,,0,,2,1,0,2,(1),(1),1,, -1,2,0,8,5,7,11,2021,15:50,1,69,69090,1,9,0,6,BRUYERES (DES) (RTE),45.91899,4.62915,15,1,1
202100001040,199Â 905,Z01,10,3,1,0,0,-1,-1,2,3,1,2021,57.0,0,1,0,1,0,21,1,,4,FÃLIX PYAT (RUE),0,,2,2,0,1,1,0,1,, -1,1,0,1,50,28,12,2021,12:20,1,13,13203,2,1,0,6,FÃLIX PYAT (RUE),43.31484,5.37403,12,2,1
202100054842,103Â 773,A01,10,3,1,5,0,-1,-1,3,3,1,2021,61.0,0,2,0,1,1,1,1,,4,DE LA GARE(RUE),0,,2,2,0,1,0,0,1,, -1,1,0,1,50,15,1,2021,06:50,1,974,97409,2,1,0,6,DE LA GARE(RUE),-20.9593023175,55.6534534403,6,2,1
202100045534,120Â 352,B01,1,1,1,1,2,0,-1,-1, -1,-1,2021,21.0,1,1,0,2,1,1,1,,4,COLLERY (ZONE INDUSTRIELLE),0,,2,1,0,1,(1),(1),1,, -1,1,0,1,30,9,3,2021,15:05,1,973,97302,2,1,0,3,COLLERY (ZONE INDUSTRIELLE),4.9016262164,-52.3265002472,15,2,2
202100040828,128Â 650,A01,10,3,2,5,0,-1,-1,2,3,1,2021,82.0,2,2,0,1,1,16,1,,7,543,0,D,2,2,0,1,19,650,3,, -1,1,0,1,50,6,5,2021,17:21,1,13,13032,2,1,0,1,Rue du Grand Logis,43.56851,5.354746,17,2,1
202100004130,194Â 359,A01,1,1,1,4,1,0,-1,-1, -1,-1,2021,34.0,3,2,0,2,1,1,1,,4,R DE LA LIBERATION ,0,,2,2,0,1,1,0,4,, -1,2,0,1,30,7,12,2021,10:20,1,94,94060,2,1,0,2,Rue de la LibÃ©ration,48.782469,2.574934,10,2,2
202100004201,194Â 245,A01,1,1,1,0,1,0,-1,-1, -1,-1,2021,29.0,1,2,0,2,1,2,1,,1,AUTOROUTE A21,0,,-1,4,0,1,36,400,1,, -1,2,0,1,110,5,12,2021,02:55,3,59,59569,1,1,1,2,AUTOROUTE A21,50.379562898,3.1494283676,2,2,2
202100036452,136Â 544,B01,1,1,1,5,2,8,-1,-1, -1,-1,2021,18.0,3,1,14,0,4,26,1,,4,CHARLES DE REFUGE (RUE),0,,1,1,0,1,(1),(1),1,, -1,1,9,1,50,4,6,2021,16:30,1,10,10333,2,1,0,4,CHARLES DE REFUGE (RUE),48.2803,4.0499,16,3,3
202100014042,176Â 599,B01,1,1,1,5,2,-1,-1,0,0,-1,2021,71.0,0,1,0,0,0,0,5,,3,3,-1,,2,2,1,1,(1),(1),2,, -1,1,0,1,-1,10,10,2021,14:30,1,67,67261,1,6,0,3,route du rhin,48.9651786714,8.1847715378,14,2,2
202100001807,198Â 570,B01,1,1,2,3,1,-1,-1,0,0,-1,2021,85.0,2,2,0,2,1,1,2,,3,518,0,,2,2,0,2,19,800,3,, -1,2,0,1,70,24,12,2021,09:00,1,26,26290,1,3,0,3,Route de Saint Agnan en Vercors,44.953506,5.427217,9,2,2
202100005786,191Â 448,B01,2,2,1,0,8,0,-1,-1, -1,-1,2021,0.0,0,2,0,0,6,0,1,,4,GARDEBLED (RUE RICHARD),0,,1,1,0,1,1,0,1,, -1,2,0,1,50,27,11,2021,21:30,5,93,93064,2,1,1,2,GARDEBLED (RUE RICHARD),48.876016,2.484173,21,3,2
202100012087,180Â 110,A01,1,1,1,5,2,-1,-1,0,0,-1,2021,25.0,1,1,12,0,1,1,1,,2,7,0,,2,2,0,1,6,350,1,, -1,2,0,4,80,21,10,2021,00:35,3,26,26002,1,1,1,6,Creux de la Thine,45.250422,4.821679,0,1,1
202100044135,122Â 784,A01,1,1,2,0,1,8,-1,-1, -1,-1,2021,53.0,0,2,0,2,1,2,1,,4,DALBIEZ (AVENUE VICTOR),0,,2,2,0,1,(1),(1),1,, -1,1,0,1,50,10,4,2021,09:39,1,66,66136,2,1,0,2,DALBIEZ (AVENUE VICTOR),42.67876,2.8813,9,2,2
202100047298,117Â 222,A01,1,1,1,5,1,-1,-1,0,0,-1,2021,88.0,2,2,6,0,8,15,1,,3,34,0,,2,2,0,1,16,250,1,, -1,1,0,1,80,12,3,2021,10:20,1,37,37150,1,3,0,3,lieu-dit la besnardiÃ¨re,47.4033969964,0.4071421623,10,2,2
202100025175,156Â 657,A01,1,1,2,5,2,-1,-1,0,0,-1,2021,11.0,3,0,0,2,8,19,1,,3,D86,-1,,2,2,0,1,4,119,1,, -1,1,0,1,50,7,8,2021,16:45,1,65,65019,2,1,0,3,Rue du 8 Mai 1945,43.158478,0.100465,16,2,2
202100054863,103Â 737,B01,1,1,1,0,2,0,-1,-1, -1,-1,2021,21.0,1,1,0,2,1,1,1,,3,50,0,,1,1,1,1,0,100,1,, -1,1,0,1,30,15,1,2021,19:30,5,91,91421,2,1,0,2,REPUBLIQUE (AVENUE DE LA),48.69914,2.4695,19,2,2
202100008989,185Â 651,B01,1,1,1,5,4,2,-1,0,0,-1,2021,73.0,0,1,0,2,2,1,5,,3,5,-1,D,2,2,0,1,7,800,1,, -1,1,0,1,80,8,11,2021,16:00,1,51,51146,1,2,0,3,D5,48.893682,4.236351,16,2,2
202100026723,153Â 950,B01,1,1,1,5,2,9,-1,0,0,-1,2021,15.0,2,1,0,2,8,19,5,,3,985,0,D,2,2,0,1,45,250,1,, -1,1,0,1,80,29,7,2021,16:20,1,58,58202,1,2,0,6,D985,47.074612,3.70898,16,5,2
202100000687,200Â 484,A01,10,3,2,0,0,-1,-1,4,0,1,2021,41.0,3,2,0,1,3,26,1,,9,CAIRE JOSEPHINE (AV),0,,1,4,3,1,0,0,3,, -1,1,0,1,50,18,5,2021,08:30,1,13,13001,2,9,0,1,CAIRE JOSEPHINE (AV),43.52137,5.43044,8,2,1
202100017006,171Â 222,A01,1,1,1,1,2,6,-1,0,0,-1,2021,40.0,2,1,0,2,2,11,1,,4,PORTE DAUPHINE,0,,1,4,0,1,15,0,2,, -1,1,0,1,70,24,9,2021,06:45,2,75,75116,2,4,0,3,BD PERIPHERIQUE EXTERIEUR,48.8696811597,2.2712409024,6,2,2
202100056449,101Â 001,B01,1,1,2,5,2,6,-1,0,0,-1,2021,53.0,1,1,0,2,8,15,1,,2,3,-1,,2,2,0,1,24,800,1,, -1,1,0,1,90,2,1,2021,10:20,1,972,97218,1,9,0,3,Nationale 3,14.754009,-61.10777,10,2,2
202100010248,183Â 392,A01,1,1,1,0,1,0,-1,-1, -1,-1,2021,48.0,1,5,0,2,1,1,1,,1,86A,0,,3,4,0,2,51,599,1,, -1,2,1,1,70,30,10,2021,11:30,1,94,94034,1,1,1,4,D86A,48.7602012934,2.3206169189,11,7,5
202100017263,170Â 793,A01,1,1,2,5,2,6,-1,0,0,-1,2021,22.0,1,1,3,0,1,17,1,,2,154,-1,,3,4,0,1,76,0,3,, -1,1,0,1,110,25,8,2021,12:15,1,28,28239,1,1,0,6,RN 154,48.672433,1.385479,12,1,1
202100044037,122Â 959,B01,1,1,1,5,2,6,-1,0,0,-1,2021,77.0,1,1,0,2,1,2,1,,4,DUBOUCHAGE (BD),0,,1,1,2,1,(1),(1),1,, -1,1,1,1,50,14,4,2021,10:40,1,6,6088,2,3,0,3,DUBOUCHAGE (BD),43.701135,7.269627,10,2,2
202100040700,128Â 872,B01,1,1,1,2,0,-1,-1,0,0,-1,2021,18.0,0,1,0,2,5,19,0,,4,820,0,D,3,4,0,1,(1),(1),1,, -1,1,9,8,110,8,4,2021,15:00,1,31,31421,1,1,0,2,d820,43.483795,1.391131,15,2,2
202100015621,173Â 752,B01,1,1,1,5,2,0,-1,-1, -1,-1,2021,60.0,3,1,0,2,7,1,1,,7,CRETES (ROUTES DES),0,,2,2,0,2,0,0,3,, -1,1,0,1,80,2,10,2021,15:00,1,13,13028,1,1,0,3,CRETES (ROUTES DES),43.18007,5.57262,15,2,2
202100011729,180Â 765,A01,10,3,2,9,0,-1,-1,3,3,1,2021,70.0,1,2,0,1,1,11,0,,2,7,-1,,1,2,0,1,11,500,1,, -1,1,0,1,50,22,10,2021,10:00,1,69,69243,2,1,0,6,VOLTAIRE (BD),45.893906,4.435832,10,2,1
202100051448,109Â 734,B01,3,2,2,5,1,0,-1,0,0,-1,2021,85.0,1,2,0,2,4,2,1,,4,BOULEVARD HENRI IV,0,,2,4,0,1,(1),(1),1,, -1,1,0,1,50,14,2,2021,13:05,1,75,75104,2,3,0,5,BOULEVARD HENRI IV,48.852231,2.36603,13,7,4
202100021136,163Â 877,A01,1,1,1,5,2,6,-1,0,0,-1,2021,17.0,2,1,12,0,1,1,1,,3,12,0,D,2,2,0,1,46,0,2,, -1,1,9,4,80,3,9,2021,20:45,5,80,80250,1,1,0,6,chemin des 4 routes,50.212926,1.911889,20,1,1
202100025903,155Â 389,A01,2,2,1,5,1,-1,-1,0,0,-1,2021,27.0,3,2,2,0,1,21,1,,4,5,-1,,2,2,0,1,(1),(1),1,, -1,1,0,3,80,2,8,2021,18:45,1,12,12241,1,1,0,6,Lieu Dit Laubart le Vieux,44.34608,2.609843,18,2,1
202100007056,189Â 141,B01,1,1,1,5,8,0,-1,-1, -1,-1,2021,49.0,1,1,9,2,3,1,1,,3,GENERAL DE GAULLE (AV DU),0,,3,4,3,1,0,0,1,, -1,2,0,1,50,20,11,2021,08:15,5,94,94017,2,1,1,3,GENERAL DE GAULLE (AV DU),48.82243,2.49232,8,2,2
202100027121,153Â 238,A01,2,2,1,5,0,-1,-1,0,0,-1,2021,19.0,3,6,0,0,0,1,1,,4,,-1,,-1,2,0,3,(1),(1),1,, -1,1,0,1,-1,25,7,2021,17:30,1,2,2445,1,1,0,7,CHEMIN DES CARRIÃRES,49.920269,3.96511,17,2,1
202100039064,131Â 809,B01,1,1,1,0,1,-1,-1,-1, -1,-1,2021,20.0,1,2,1,0,4,2,1,,4,BERTHELOT                           (AV),0,,1,2,0,1,(1),(1),1,, -1,2,0,1,50,19,5,2021,21:45,5,69,69387,2,1,1,2,BERTHELOT                           (AV),45.7432,4.84812,21,3,2
202100016315,172Â 473,A01,1,1,1,5,2,6,-1,0,0,-1,2021,84.0,1,1,0,0,7,1,1,,3,,0,,2,2,0,2,8,500,1,,"3,5",1,0,1,50,29,9,2021,12:50,1,66,66217,2,6,0,7,Cami de Ponteilla,42.6167378846,2.8112719599,12,1,1
202100054094,105Â 055,A01,10,3,2,5,0,-1,-1,6,1,1,2021,65.0,1,5,0,1,2,26,1,,4,verdun ( avenue de ),0,,3,2,0,1,(1),(1),1,, -1,1,5,3,50,19,1,2021,16:55,1,4,4070,2,1,1,6,Av de Verdun,44.0863,6.213,16,2,1
202100031179,146Â 002,A01,10,3,1,0,0,-1,-1,3,0,2,2021,71.0,1,2,0,1,1,1,1,,4,LANTERNE (AV. DE LA),0,,2,2,0,2,(1),(1),1,, -1,1,0,1,50,2,7,2021,14:40,1,6,6088,2,1,0,6,LANTERNE (AV. DE LA),43.683791,7.221575,14,2,1
202100040747,128Â 775,A01,1,1,1,0,8,0,-1,-1, -1,-1,2021,41.0,3,1,0,2,1,26,5,,6,PUPIN (RUE A.),0,,-1,-1,0,1,(1),(1),1,, -1,1,0,8,30,8,5,2021,05:00,5,38,38185,2,1,0,3,Rue AimÃ© Pupin,45.16107,5.72395,5,2,2
202100029212,149Â 541,A01,1,1,1,0,2,6,-1,0,0,-1,2021,18.0,2,1,0,2,1,1,1,,3,73,-1,,2,2,0,1,6,900,1,, -1,1,0,1,50,13,7,2021,19:45,1,70,70459,2,2,0,3,D73,47.751018,6.583045,19,2,2
202100016200,172Â 683,IA01,1,1,2,1,2,-1,-1,-1,0,-1,2021,45.0,1,1,0,2,1,17,1,,4,TROUDE AMIRAL,0,,2,2,0,1,(1),(1),1,, -1,2,0,1,50,28,9,2021,18:03,1,29,29019,2,3,1,3,TROUDE AMIRAL,48.3871583554,-4.4736586677,18,2,2
202100048667,114Â 763,B01,1,1,2,2,1,0,-1,-1, -1,-1,2021,21.0,3,2,0,2,3,1,1,,6,LEON HEID,0,,-1,0,0,1,0,0,1,, -1,2,9,8,30,8,3,2021,16:45,1,64,64132,2,1,1,3,avenue du stade d'eaux vives,43.288,-0.36,16,2,2