Num_Acc,id_vehicule,num_veh,place,catu,sexe,trajet,secu1,secu2,secu3,locp,actp,etatp,year_acc,victim_age,senc,catv,obs,obsm,choc,manv,motor,occutc,catr,voie,v1,v2,circ,nbv,vosp,prof,pr,pr1,plan,lartpc,larrout,surf,infra,situ,vma,jour,mois,an,hrmn,lum,dep,com,agg_,int,atm,col,adr,lat,long,hour,nb_victim,nb_vehicules
202100005091,192Â 672,A01,1,1,1,9,1,0,-1,0,0,-1,2021,59.0,2,2,0,2,1,13,1,,3,,0,,2,2,0,2,3,984,1,, -1,1,0,1,50,2,12,2021,07:40,1,6,6069,2,1,0,1,AURIBEAU (ROUTE D') -D609-,43.638311,6.911005,7,2,2
202100039334,131Â 290,A01,1,1,1,5,1,0,-1,-1, -1,-1,2021,69.0,2,2,6,0,1,26,1,,4,,0,,2,2,1,3,0,0,1,, -1,1,9,4,50,18,5,2021,08:52,1,92,92064,2,9,0,6,BUZENVAL,48.8501630346,2.2092101723,8,1,1
202100019485,166Â 807,A01,1,1,1,0,8,-1,-1,-1, -1,-1,2021,34.0,2,1,0,0,0,0,1,,4,COURLANCY (RUE DE),0,,2,2,0,1,(1),(1),1,, -1,1,0,1,50,11,9,2021,15:35,1,51,51454,2,1,0,6,Rue de Courlancy,49.24315,4.02149,15,2,2
202100006973,189Â 301,A01,1,1,1,3,1,-1,-1,0,0,-1,2021,28.0,0,2,4,0,2,0,1,,2,2,-1,,2,2,0,1,(1),(1),3,, -1,1,0,3,50,21,11,2021,19:45,5,974,97419,2,1,0,1,Route Nationale 2,-21.132938,55.804641,19,1,1
202100024133,158Â 522,B01,1,1,2,3,1,0,-1,-1, -1,-1,2021,33.0,1,2,0,0,0,0,1,,3,,0,,2,2,0,2,21,0,1,, -1,1,0,1,80,14,8,2021,14:40,1,25,25462,1,1,0,3,ETRACHES LES,46.92422,6.40044,14,2,2
202100052987,107Â 003,A01,4,2,2,5,1,0,-1,0,0,-1,2021,23.0,1,2,0,2,1,2,1,,4,PLACE DU VINGT CINQ AOUT 1944,0,,2,10,0,1,(1),(1),1,, -1,2,0,1,50,31,1,2021,11:30,1,75,75114,2,7,1,2,PLACE DU VINGT CINQ AOUT 1944,48.822124,2.325125,11,3,2
202100000329,201Â 131,C01,9,2,2,5,1,-1,-1,0,0,-1,2021,27.0,1,2,0,2,3,1,1,,3,519,-1,D,2,2,0,2,3,800,1,, -1,2,0,1,30,19,9,2021,20:45,5,67,67304,2,1,1,5,70 Rue Principale,48.821978,7.623721,20,4,3
202100038640,132Â 566,A01,1,1,1,0,1,0,-1,-1, -1,-1,2021,65.0,3,2,1,0,2,0,1,,4,FERRY (AVENUE JULES ),0,,2,2,0,1,(1),(1),2,, -1,1,0,1,50,22,5,2021,15:50,1,13,13028,2,1,0,4,FERRY (AVENUE JULES ),43.183545,5.601347,15,3,3
202100049610,113Â 065,A01,1,1,1,1,2,6,-1,-1, -1,-1,2021,39.0,1,1,0,2,8,1,1,,4,CLEMENCEAU (BD GEORGES),0,,2,6,3,1,0,0,1,, -1,1,9,6,50,1,3,2021,08:20,1,83,83137,2,1,0,3,CLEMENCEAU (BD GEORGES),43.12321,5.93812,8,2,2
202100031188,145Â 987,B01,1,1,1,1,2,6,-1,-1, -1,-1,2021,28.0,1,1,0,2,8,1,1,,4,PORTE D ASNIERES,0,,1,4,0,1,18,600,1,, -1,1,0,1,70,3,7,2021,12:00,1,75,75117,2,1,0,3,PORTE D ASNIERES,48.89261,2.302462,12,2,2
202100017699,169Â 985,A01,10,3,1,1,0,-1,-1,2,3,1,2021,68.0,1,2,0,1,3,2,1,,4,STALINGRAD (RUE DE) A10,0,,2,0,0,1,0,0,1,, -1,1,0,1,50,21,9,2021,15:10,1,93,93008,2,1,0,1,STALINGRAD (RUE DE) A10,48.919024,2.41432,15,2,1
202100012542,179Â 295,A01,1,1,1,1,2,9,6,0,0,-1,2021,45.0,2,1,0,2,7,17,1,,3,311,-1,,2,2,0,1,19,660,1,, -1,1,0,1,90,19,10,2021,08:10,2,72,72137,1,1,1,6,Route de Mamers (La Fresnaye-sur-ChÃ©douet),48.409228,0.167676,8,2,2
202100049698,112Â 904,A01,1,1,1,5,0,-1,-1,0,0,-1,2021,32.0,1,2,2,0,1,1,1,,3,45,-1,,2,2,0,1,9,200,2,, -1,1,0,3,80,28,2,2021,18:00,1,76,76419,1,1,0,6,D45,49.395113511,0.8793877065,18,2,2
202100038425,132Â 961,A01,6,2,2,9,8,-1,-1,0,0,-1,2021,56.0,2,4,0,0,7,1,1,,1,83,-1,,3,4,0,1,80,260,1,, -1,1,0,2,90,25,3,2021,00:00,3,85,85209,1,1,0,7,A83 PK80,46.51781,-1.04132,0,2,1
202100010149,183Â 558,B01,2,2,2,5,1,0,-1,-1, -1,-1,2021,19.0,0,2,0,2,4,2,1,,7,GANCE (BOULEVARD ABEL),0,,3,4,0,4,(1),(1),1,, -1,2,2,1,50,31,10,2021,00:30,5,37,37261,2,1,0,2,GANCE (BOULEVARD ABEL),47.40919708,0.7206867635,0,3,2
202100040389,129Â 411,A01,1,1,2,5,1,8,-1,-1, -1,-1,2021,84.0,1,2,11,0,1,13,1,,4,DENFERT ROCHEREAU (RUE),0,,2,2,0,1,0,0,1,, -1,1,9,8,50,11,5,2021,16:50,1,92,92012,2,4,0,6,DENFERT ROCHEREAU (RUE),48.8476376616,2.2423662656,16,1,1
202100029154,149Â 634,B01,2,2,2,4,2,6,-1,0,0,-1,2021,62.0,2,1,0,2,1,7,1,,4,BOULEVARD BARBES,0,,2,4,3,1,(1),(1),1,, -1,2,0,6,50,13,7,2021,07:50,1,75,75118,2,2,0,3,BOULEVARD BARBES,48.888352,2.349597,7,3,2
202100004258,194Â 142,A01,1,1,1,5,8,8,-1,-1, -1,-1,2021,40.0,1,2,1,0,1,14,1,,4,ZOLA EMILE (RUE),0,,2,4,0,2,(1),(1),1,, -1,5,9,3,50,28,11,2021,10:00,1,42,42237,2,1,1,6,Rue Emile Zola,45.44462,4.42356,10,1,1
202100025963,155Â 272,B01,1,1,1,0,8,-1,-1,-1, -1,-1,2021,29.0,2,2,0,2,4,1,1,,4,BONNEL (DE)                         (R ),0,,1,2,0,2,(1),(1),1,, -1,1,1,1,50,1,8,2021,21:40,5,69,69383,2,1,0,4,BONNEL (DE) (R),45.7624310275,4.8554420471,21,4,3
202100040920,128Â 479,C01,1,1,2,1,1,0,-1,-1, -1,-1,2021,42.0,1,2,0,2,4,1,1,,4,RN 76 - Route de St Avertin,0,,2,4,0,1,(1),(1),1,, -1,1,0,1,50,6,5,2021,17:05,1,37,37261,2,1,0,4,RN 76 - Route de St Avertin,47.3652074203,0.7119854222,17,4,4
202100027474,152Â 619,A01,1,1,1,1,2,-1,-1,0,0,-1,2021,22.0,2,1,0,2,2,17,1,,3,,-1,,2,2,0,1,20,930,1,, -1,1,0,1,80,23,7,2021,13:20,1,33,33422,1,1,0,3,,44.802503,-0.828035,13,2,2
202100037337,134Â 926,B01,1,1,1,5,2,6,-1,0,0,-1,2021,63.0,1,1,0,2,2,1,1,,3,235,0,D,2,2,0,2,7,260,3,, -1,1,0,1,80,1,6,2021,11:45,1,61,61096,1,4,0,2,Lieu Dit Etre Guerin,48.559792,-0.456952,11,2,2
202100038446,132Â 923,A01,1,1,1,5,2,-1,-1,0,0,-1,2021,57.0,0,1,0,0,0,0,5,,3,2210,-1,,2,1,0,3,28,225,4,, -1,1,0,1,80,25,5,2021,16:30,1,6,6148,1,1,0,7,Route de Grasse,43.711142,6.997685,16,1,1
202100055717,102Â 270,B01,1,1,1,5,2,-1,-1,0,0,-1,2021,24.0,2,1,0,2,1,1,1,,3,6,0,,2,2,0,1,1,800,1,, -1,2,0,1,80,9,1,2021,19:25,3,973,97307,1,1,1,3,D6,4.792418,-52.356264,19,2,2
202100054597,104Â 190,A01,10,3,2,3,0,-1,-1,1,3,1,2021,86.0,1,2,0,1,3,15,1,,3,PASTEUR (AVENUE),0,,2,2,0,1,0,0,1,, -1,1,0,1,50,16,1,2021,11:00,1,19,19031,2,3,0,7,PASTEUR (AVENUE),45.16646,1.53169,11,2,1
202100004728,193Â 326,B01,4,2,1,0,8,8,-1,0,0,-1,2021,21.0,1,2,0,2,1,1,1,,4,NEUF CLES (BOULEVARD DES),0,,3,2,0,1,(1),(1),1,, -1,2,9,1,50,4,12,2021,01:25,5,71,71270,2,1,1,3,56 Boulevard des 9 Cles,46.3132861743,4.8205625821,1,5,2
202100010044,183Â 740,B01,1,1,1,9,2,0,-1,0,0,-1,2021,22.0,1,1,0,2,0,17,1,,4,RUE JEAN BAPTISTE PIGALLE,0,,1,2,1,2,(1),(1),1,, -1,1,0,5,30,31,10,2021,00:15,5,75,75109,2,1,0,3,RUE JEAN BAPTISTE PIGALLE,48.881705,2.336844,0,3,2
202100041578,127Â 280,B01,3,2,1,9,1,8,-1,-1, -1,-1,2021,48.0,1,0,0,2,4,23,6,,3,7,0,,3,6,0,1,0,0,1,, -1,1,0,1,50,3,5,2021,10:30,1,92,92062,2,1,0,4,DE DION BOUTON (QUAI) DU 29 AU 65,48.87868,2.24294,10,4,3
202100048645,114Â 803,B01,1,1,1,0,1,0,-1,-1, -1,-1,2021,36.0,1,1,0,2,1,3,1,,4,SAINTE TRINITE (RUE),0,,2,2,0,1,0,0,1,, -1,1,5,1,50,9,3,2021,08:15,1,987,98736,1,9,0,3,SAINTE TRINITE (RUE),-17.5327,-149.545,8,2,2
202100036782,135Â 960,A01,1,1,1,5,2,6,-1,-1, -1,-1,2021,26.0,0,1,0,2,7,9,1,,4,DE MARTRES (AVENUE RAYMOND),0,,2,2,0,1,0,0,1,, -1,1,0,1,50,2,6,2021,12:30,1,64,64102,2,1,0,3,DE MARTRES (AVENUE RAYMOND),43.48696,-1.48277,12,2,2
202100006351,190Â 445,A01,1,1,1,5,1,-1,-1,0,0,-1,2021,18.0,0,2,15,0,9,1,1,,3,6,-1,,2,2,0,1,(1),(1),1,, -1,2,0,3,80,25,11,2021,20:35,5,84,84055,1,9,1,7,route de CAUMONT,43.945786,4.943413,20,1,1
202100006842,189Â 554,A01,1,1,2,4,1,-1,-1,0,0,-1,2021,62.0,1,2,0,0,8,9,2,,4,,-1,,2,2,0,1,(1),(1),1,,"5,5",1,0,1,50,10,11,2021,18:45,5,51,51649,2,3,0,3,Rue Aristide Briand,48.7240640758,4.5839971304,18,3,2
202100007384,188Â 558,B01,1,1,2,1,1,-1,-1,0,0,-1,2021,42.0,2,2,0,2,8,1,1,,3,101,-1,,2,2,0,1,11,120,1,,7,1,5,1,80,19,11,2021,11:30,1,56,56008,1,2,0,5,D101,47.621836,-2.898309,11,4,3
202100027987,151Â 679,A01,10,3,1,0,0,-1,-1,3,3,1,2021,46.0,2,2,0,1,6,4,1,,4,ABREUVOIR (RUE DE L') DE (2 A 16),0,,1,1,0,1,0,0,1,, -1,1,0,1,30,18,7,2021,18:25,1,92,92024,2,7,0,6,ABREUVOIR (RUE DE L') DE (2 A 16),48.9030076788,2.3016089201,18,2,1
202100055848,102Â 049,B01,1,1,2,0,1,0,-1,-1, -1,-1,2021,67.0,-1,2,0,2,3,1,1,,3,STRATEGIQUE ROUTE,0,,2,2,0,1,1,1,1,, -1,1,0,1,80,8,1,2021,08:15,1,93,93015,1,1,0,1,STRATEGIQUE ROUTE,48.9244319777,2.574177598,8,2,2
202100056376,101Â 132,A01,1,1,2,5,2,-1,-1,0,0,-1,2021,32.0,2,6,0,0,0,1,1,,3,28,-1,,2,2,0,2,(1),(1),2,, -1,1,0,3,50,3,1,2021,10:10,1,59,59618,2,1,0,7,Rue de Maubeuge,50.329073,4.038956,10,1,1
202100038757,132Â 336,B01,1,1,2,5,1,-1,-1,-1, -1,-1,2021,86.0,1,2,0,2,4,1,1,,2,LORIENT (DE),0,,3,6,0,1,14,189,1,, -1,1,2,1,90,22,5,2021,08:25,1,35,35238,1,1,0,2,Porte de Lorient,48.10764,-1.71739,8,2,2
202100037077,135Â 426,B01,1,1,1,1,2,0,-1,-1, -1,-1,2021,34.0,3,1,0,2,8,1,3,,3,908,0,,1,3,2,1,0,0,2,, -1,1,0,5,50,1,6,2021,08:05,1,92,92026,2,6,0,3,EUROPE ( ROND POINT DE L' ),48.9054736823,2.2561964393,8,2,2
202100044900,121Â 463,B01,1,1,2,0,1,8,-1,-1, -1,-1,2021,20.0,1,2,0,2,1,1,1,,1,AUTOROUTE A1,0,,3,8,0,1,4,500,1,, -1,1,0,1,90,7,4,2021,15:30,1,93,93066,1,1,0,2,AUTOROUTE A1,48.9333311217,2.3773920536,15,2,2
202100007399,188Â 533,A01,1,1,1,5,1,-1,-1,0,0,-1,2021,32.0,2,5,0,2,2,0,1,,3,650,-1,,2,2,0,2,36,602,1,, -1,2,0,1,80,20,11,2021,18:00,3,50,50031,1,1,1,2,route dÃ©partementale 650,49.384789,-1.74938,18,2,2
202100010462,183Â 022,A01,1,1,1,0,2,0,-1,-1, -1,-1,2021,25.0,1,1,0,2,7,14,1,,1,86,0,,1,2,0,1,9,0,1,, -1,1,0,1,70,29,10,2021,11:10,1,92,92036,1,1,0,3,AUTOROUTE A86,48.9383700387,2.3001401108,11,2,2
202100041428,127Â 552,A01,1,1,1,5,2,0,-1,-1, -1,-1,2021,19.0,2,1,0,2,2,17,1,,4,GABRIEL PERI (RUE),0,,2,2,0,1,0,0,1,, -1,1,0,1,50,3,5,2021,20:15,1,92,92025,2,2,0,3,GABRIEL PERI (RUE),48.9157416731,2.2324374318,20,2,2
202100008084,187Â 285,B01,1,1,2,5,8,-1,-1,0,0,-1,2021,50.0,1,2,0,2,1,1,1,,3,947,0,,2,2,0,1,13,500,1,, -1,1,0,1,80,15,11,2021,17:30,3,55,55025,1,1,1,1,D 947,49.498904,5.262194,17,3,2
202100027280,152Â 965,A01,1,1,2,5,1,-1,-1,0,0,-1,2021,24.0,2,2,0,2,3,13,1,,3,901,0,,3,2,0,1,24,990,2,, -1,1,0,1,70,24,7,2021,17:15,1,7,7334,1,1,0,1,RD 901,44.411191,4.153647,17,3,2
202100052403,108Â 042,A01,1,1,1,4,2,6,-1,-1, -1,-1,2021,23.0,1,1,0,2,1,2,1,,7,BRETAGNE. AVENUE DE,0,,1,1,0,2,10,800,3,, -1,1,-1,1,30,15,1,2021,19:30,5,76,76540,2,1,0,2,Avenue de Bretagne,49.43474,1.0863,19,2,2
202100022860,160Â 754,B01,1,1,2,5,1,-1,-1,0,0,-1,2021,43.0,2,2,0,2,9,11,1,,1,11,0,A,3,3,0,1,145,0,1,,14,1,0,1,130,22,8,2021,15:20,1,72,72031,1,1,0,3,A11 - PK 145 - Sens LE MANS-PARIS,48.08529,0.498483,15,5,2
202100036619,136Â 253,B01,1,1,1,0,2,7,-1,-1, -1,-1,2021,22.0,1,1,0,2,1,17,1,,4,ZAY (AV JEAN) DU 11AU 49,0,,2,2,0,1,(1),(1),1,, -1,1,0,1,50,3,6,2021,16:20,1,31,31555,2,3,0,3,ZAY (AV JEAN) DU 11AU 49,43.65154,1.42604,16,2,2
202100011227,181Â 663,A01,1,1,2,5,1,0,-1,-1, -1,-1,2021,45.0,0,2,6,0,1,10,1,,4,,0,,2,2,0,1,1,0,1,, -1,1,0,4,50,24,10,2021,18:05,1,11,11069,2,3,0,6,Allee de lâOrme,43.1995,2.39442,18,3,1
202100055566,102Â 530,C01,1,1,1,1,2,-1,-1,0,0,-1,2021,16.0,0,1,0,2,5,19,1,,3,173,-1,,2,2,0,2,2,289,1,, -1,1,0,1,50,4,1,2021,18:20,5,54,54212,2,2,0,3,RD173,49.491866,5.649612,18,2,2
202100024398,158Â 074,B01,1,1,1,5,2,-1,-1,0,0,-1,2021,40.0,3,1,0,2,1,1,5,,4,,-1,,2,2,0,1,(1),(1),1,,5,1,0,1,80,12,8,2021,17:30,1,72,72349,1,9,0,3,Lieu Dit le Petit Touchesnay,48.204076,0.201305,17,2,2
202100011111,181Â 869,A01,10,3,2,5,0,-1,-1,4,3,1,2021,76.0,1,1,0,1,1,1,3,,4,AVENUE GAMBETTA,0,,2,2,0,2,(1),(1),1,, -1,1,0,1,30,25,10,2021,20:50,5,75,75120,2,1,0,6,AVENUE GAMBETTA,48.863147,2.388526,20,2,1
202100047470,116Â 912,A01,1,1,1,2,8,0,-1,-1, -1,-1,2021,21.0,1,1,0,2,8,18,1,,4,SCHOELCHER (PLACE),0,,1,2,0,1,(1),(1),2,, -1,1,0,1,50,18,3,2021,07:25,1,973,97302,2,1,0,3,SCHOELCHER (PLACE),4.93726,-52.33506,7,2,2
202100030961,146Â 412,A01,1,1,1,0,8,0,-1,-1, -1,-1,2021,27.0,2,2,4,0,9,0,1,,2,RN315 Y,0,,3,4,0,1,3,0,1,, -1,1,0,1,110,4,7,2021,07:15,2,92,92036,1,1,0,6,RN315 Y,48.9299019086,2.3021194538,7,1,1
202100025908,155Â 378,B01,1,1,1,5,2,6,-1,0,0,-1,2021,56.0,1,1,0,2,8,17,1,,3,40,-1,,2,2,0,1,15,450,3,, -1,1,0,1,80,2,8,2021,12:00,1,29,29167,1,1,0,3,Penfrat Huella,47.964612,-4.308894,12,2,2
202100008330,186Â 837,B01,1,1,1,5,2,6,-1,0,0,-1,2021,68.0,2,1,0,2,1,1,1,,3,754,-1,,2,2,0,-1,23,461,-1,, -1,1,0,1,-1,14,11,2021,12:00,1,85,85088,1,9,0,2,Route du Pas Opton,46.728402,-1.880784,12,2,2
202100018682,168Â 249,B01,1,1,2,5,1,-1,-1,0,0,-1,2021,93.0,1,2,7,2,1,1,1,,3,61,0,C,2,2,0,1,1,110,1,, -1,1,5,1,80,17,9,2021,10:35,1,86,86137,1,2,0,1,RD61c,47.001812,0.10069,10,2,2
202100053954,105Â 311,A01,1,1,1,4,2,6,-1,0,0,-1,2021,32.0,1,1,0,2,1,3,1,,4,BOULEVARD DE L HOPITAL,0,,2,4,0,1,(1),(1),1,, -1,1,0,1,50,22,1,2021,11:45,1,75,75105,2,1,0,5,BOULEVARD DE L HOPITAL,48.842442,2.363619,11,4,3
202100049085,114Â 017,A01,1,1,2,1,1,0,-1,0,0,-1,2021,22.0,1,2,0,2,3,26,1,,4,BOUFFLERS (AV. DE 74 A 334 - 53 A 399),0,,2,2,0,2,(1),(1),1,, -1,1,0,1,50,5,3,2021,09:06,1,54,54395,2,1,0,3,BOUFFLERS (AV. DE 74 A 334 - 53 A 399),48.6925733638,6.1457688175,9,2,2
202100008188,187Â 089,B01,1,1,1,1,1,9,-1,0,0,-1,2021,54.0,2,2,0,2,1,1,1,,2,2,-1,,2,2,0,1,35,400,1,, -1,1,0,1,80,15,11,2021,07:55,1,2,2464,1,1,0,5,N2,49.421076,3.403093,7,4,3
202100002307,197Â 664,A01,1,1,1,5,0,-1,-1,0,0,-1,2021,43.0,3,1,0,0,0,16,3,,3,,-1,,2,1,0,1,(1),(1),3,,3,2,0,1,50,15,12,2021,22:45,5,63,63178,2,3,1,7,avenue de la gare,45.5440347638,3.253518194,22,1,1
202100010778,182Â 472,A01,1,1,1,5,0,-1,-1,0,0,-1,2021,20.0,3,1,0,0,0,0,0,,9,,-1,,-1,2,0,2,(1),(1),1,,4,1,0,8,-1,27,10,2021,17:00,1,76,76374,1,1,0,7,Rue Guy de Maupassant,50.010345,1.495605,17,1,1
202100039492,131Â 016,B01,1,1,1,5,2,6,-1,0,0,-1,2021,18.0,2,1,0,2,1,2,1,,2,40,-1,,2,2,0,1,76,0,1,, -1,1,0,1,80,19,5,2021,11:25,1,201,201272,1,1,0,2,RT 40,41.6226944414,8.9631733778,11,2,2
202100030485,147Â 276,A01,1,1,1,5,2,-1,-1,0,0,-1,2021,70.0,2,1,0,2,1,17,1,,3,950,-1,,2,2,0,1,13,200,1,, -1,1,5,1,90,7,7,2021,17:35,1,17,17271,1,2,0,3,Intersection D950/D220,45.989195,-0.412642,17,2,2
202100036348,136Â 727,B01,1,1,1,0,8,-1,-1,0,0,-1,2021,33.0,1,2,0,2,1,21,1,,3,137,0,,2,2,0,2,32,730,1,, -1,1,0,1,90,5,6,2021,13:30,1,17,17354,1,1,0,1,Route dÃ©partementale 137,45.618465,-0.566075,13,2,2
202100036574,136Â 340,A01,1,1,1,4,2,8,-1,-1, -1,-1,2021,52.0,1,1,0,0,0,16,1,,2,CHAUDRON  (BLD 1 DU),0,,1,1,0,1,(1),(1),3,, -1,2,0,1,50,3,6,2021,11:10,1,974,97411,2,1,1,7,CHAUDRON  (BLD 1 DU),-20.88702,55.48968,11,1,1
202100026919,153Â 597,B01,1,1,2,4,1,-1,-1,0,0,-1,2021,24.0,1,2,0,2,1,0,1,,3,517,0,D,2,1,0,2,6,160,1,, -1,1,0,1,50,27,7,2021,12:55,1,38,38085,2,1,1,2,10 Route de Lyon,45.750291,5.164227,12,2,2
202100040872,128Â 567,A01,1,1,1,0,1,-1,-1,-1, -1,-1,2021,55.0,2,2,8,0,1,16,1,,4,,0,,1,1,0,1,(1),(1),3,, -1,1,5,3,50,8,5,2021,01:20,5,69,69389,2,1,0,6,BOURGOGNE (DE) (R),45.78153,4.80009,1,1,1
202100019397,166Â 957,B01,1,1,1,2,2,-1,-1,0,0,-1,2021,17.0,3,1,0,0,1,15,1,,3,183,0,D,2,2,0,2,11,256,1,, -1,1,0,1,80,13,9,2021,18:16,1,56,56247,1,2,0,3,Lieu Dit Kermaria,47.65371,-2.598583,18,2,2
202100039130,131Â 683,A01,1,1,2,9,1,0,-1,0,0,-1,2021,31.0,3,2,1,9,1,13,1,,4,,0,,-1,2,0,1,(1),(1),1,, -1,1,0,1,50,11,5,2021,12:55,1,6,6027,2,9,0,6,VAL FLEURI CHEMIN DU,43.66373,7.14882,12,2,2
202100053882,105Â 434,B01,1,1,1,5,0,-1,-1,0,0,-1,2021,80.0,1,1,0,0,4,1,5,,3,28,-1,,1,1,0,1,15,235,3,, -1,1,0,1,50,19,1,2021,16:30,1,1,1266,2,6,0,2,Place du General de Gaulle,46.336047,5.126758,16,4,2
202100013456,177Â 688,A01,1,1,1,1,2,6,-1,0,0,-1,2021,16.0,2,1,0,2,1,18,1,,3,23,0,D,2,2,0,1,0,200,1,, -1,1,5,1,50,13,10,2021,07:50,2,53,53147,2,2,0,3,Rue de Normandie,48.308857,-0.623249,7,2,2
202100032916,142Â 924,B01,1,1,1,5,0,0,-1,-1, -1,-1,2021,32.0,2,1,0,2,1,26,3,,3,BARBES (R),0,,1,3,1,1,1,0,1,, -1,2,0,5,50,22,6,2021,17:45,1,94,94041,2,1,0,1,Rue BarbÃ¨s,48.81807,2.37367,17,2,2
202100046396,118Â 840,A01,10,3,1,2,0,-1,-1,3,3,2,2021,5.0,2,2,0,1,8,1,1,,4,GALLIENI (AVENUE DU GENERAL),0,,2,2,0,1,0,0,1,, -1,1,1,1,50,26,3,2021,16:00,1,93,93077,2,3,0,6,GALLIENI (AVENUE DU GENERAL),48.8912437218,2.5077495526,16,2,1
202100033130,142Â 537,A01,2,2,2,5,2,6,9,0,0,-1,2021,48.0,1,1,16,0,0,1,1,,3,104,0,D,2,2,0,4,67,200,2,, -1,1,5,1,80,22,6,2021,17:06,1,7,7110,1,9,0,7,D104,44.469577,4.231496,17,2,1
202100017705,169Â 974,B01,2,2,2,5,1,0,-1,-1, -1,-1,2021,40.0,1,2,0,2,4,26,1,,3,920,0,,1,3,1,1,0,0,1,, -1,1,0,1,50,21,9,2021,22:05,5,92,92007,2,1,0,4,BRIAND (AVENUE ARISTIDE) NÂ° 2 A 98,48.8081764841,2.3262637854,22,6,3
202100000698,200Â 467,B01,1,1,1,3,1,-1,-1,0,0,-1,2021,67.0,2,2,0,2,8,1,1,,3,PAU (ROUTE DE),0,,3,2,0,1,43,800,1,, -1,1,0,1,50,31,12,2021,16:10,1,65,65440,2,1,0,3,PAU (ROUTE DE),43.23806,0.04138,16,5,2
202100009131,185Â 389,A01,10,3,1,5,0,-1,-1,3,3,1,2021,81.0,1,5,0,1,2,2,1,,3,LIBERATION PLACE DE LA,0,,3,4,0,1,0,0,1,, -1,1,9,1,50,6,11,2021,07:10,2,93,93046,2,9,0,3,LIBERATION PLACE DE LA,48.922359,2.54333,7,2,1
202100032991,142Â 779,A01,1,1,1,0,2,6,-1,-1, -1,-1,2021,30.0,1,1,0,2,1,3,1,,1,6,0,,3,6,0,2,15,899,1,, -1,2,0,1,110,22,6,2021,15:30,1,91,91216,1,1,1,2,AUTOROUTE A6,48.686,2.3267,15,2,2
202100015220,174Â 495,A01,1,1,2,5,1,0,-1,0,0,-1,2021,50.0,2,2,1,0,1,14,1,,4,BOULEVARD SUCHET,0,,2,4,0,1,(1),(1),1,, -1,1,0,1,30,4,10,2021,16:30,1,75,75116,2,3,0,6,BOULEVARD SUCHET,48.850891,2.260512,16,1,1
202100018676,168Â 258,A01,1,1,1,5,2,6,-1,0,0,-1,2021,32.0,1,1,6,0,8,17,1,,3,952,-1,,2,2,0,1,14,700,3,, -1,1,0,1,80,17,9,2021,15:24,1,4,4171,1,1,0,7,RD 952,43.790897,6.424309,15,1,1
202100054707,104Â 002,B01,1,1,1,5,0,-1,-1,0,0,-1,2021,82.0,3,1,0,2,4,2,5,,4,,-1,,2,2,0,1,(1),(1),1,, -1,1,0,1,-1,17,1,2021,17:10,1,35,35359,1,1,0,2,Ã la Basse Fossette,47.938977,-1.288667,17,2,2
202100005530,191Â 912,A01,10,3,2,9,0,-1,-1,4,3,1,2021,19.0,2,2,0,1,2,1,1,,4,RUE DE RENNES,0,,2,3,3,2,(1),(1),1,, -1,1,0,1,30,30,11,2021,17:25,5,75,75106,2,2,0,6,RUE DE RENNES,48.848026,2.327871,17,2,1
202100013811,177Â 009,B01,2,2,1,0,8,0,-1,-1, -1,-1,2021,19.0,2,2,0,2,1,9,1,,4,JOSEPH GAILLARD (RUE),0,,2,2,0,1,0,0,1,, -1,1,9,1,50,11,10,2021,18:00,3,972,97209,2,1,0,6,JOSEPH GAILLARD (RUE),14.601484,-61.082402,18,2,1
202100003743,195Â 061,B01,1,1,1,5,1,0,-1,-1, -1,-1,2021,41.0,1,2,0,2,1,1,1,,3,COLONEL FABIEN (AVENUE),0,,2,2,0,1,0,1,1,, -1,2,0,1,50,10,12,2021,09:08,1,93,93066,2,9,1,3,COLONEL FABIEN (AVENUE),48.9448979456,2.3537551144,9,2,2
202100030996,146Â 329,B01,1,1,1,0,1,0,-1,-1, -1,-1,2021,43.0,2,2,0,2,2,21,1,,4,CLEMENCEAU GEORGES ( BD) NÂ° IMP,0,,2,2,0,2,0,0,1,, -1,1,0,1,50,2,7,2021,22:15,5,72,72181,2,1,0,1,CLEMENCEAU GEORGES ( BD) NÂ° IMP,47.97836,0.21328,22,2,2
202100008755,186Â 088,A01,1,1,2,9,2,0,-1,0,0,-1,2021,49.0,1,1,0,0,0,1,3,,4,RUE DE LOURMEL,0,,1,1,0,1,(1),(1),1,, -1,1,0,1,30,9,11,2021,16:15,1,75,75115,2,3,0,7,RUE DE LOURMEL,48.844844,2.287288,16,1,1
202100020745,164Â 549,B01,1,1,2,5,0,-1,-1,0,0,-1,2021,69.0,2,1,0,2,3,2,6,,2,7,-1,,2,2,0,1,7,330,3,, -1,1,5,1,80,5,9,2021,14:45,1,26,26002,1,6,0,3,1845 Route de Marcoz,45.241445,4.820198,14,2,2
202100039349,131Â 264,A01,1,1,1,0,2,6,-1,0,0,-1,2021,16.0,3,1,0,2,7,1,1,,3,D94C,-1,,2,2,0,2,(1),(1),1,, -1,2,0,1,30,19,5,2021,15:40,1,63,63430,2,9,1,3,devant lycÃ©e Jean zay (21 Rue Jean Zay),45.863985,3.529868,15,2,2