Num_Acc,id_vehicule,num_veh,place,catu,sexe,trajet,secu1,secu2,secu3,locp,actp,etatp,year_acc,victim_age,senc,catv,obs,obsm,choc,manv,motor,occutc,catr,voie,v1,v2,circ,nbv,vosp,prof,pr,pr1,plan,lartpc,larrout,surf,infra,situ,vma,jour,mois,an,hrmn,lum,dep,com,agg_,int,atm,col,adr,lat,long,hour,nb_victim,nb_vehicules
202100017507,170Â 329,B01,1,1,1,1,0,0,-1,-1, -1,-1,2021,39.0,1,1,0,2,1,1,5,,4,GENERAL FERRIE (BD DU),0,,-1,1,0,1,1,0,1,, -1,1,0,1,30,20,9,2021,18:50,1,94,94068,2,1,0,1,Boulevard du GÃ©nÃ©ral FerriÃ©,48.80698,2.46539,18,2,2
202100035222,138Â 743,B01,1,1,1,5,8,0,-1,-1,0,-1,2021,12.0,3,1,0,2,1,5,5,,4,MENDâ¬S FRANCE (MAIL),0,,2,2,0,1,(1),(1),1,, -1,1,0,1,50,10,6,2021,20:20,1,95,95637,2,1,0,1,MENDâ¬S FRANCE (MAIL),49.023534,2.025178,20,2,2
202100026671,154Â 034,A01,2,2,2,9,2,0,-1,-1, -1,-1,2021,19.0,2,1,0,2,1,1,1,,4,PERIER (BOULEVARD),0,,2,4,0,2,0,0,1,, -1,1,0,1,50,28,7,2021,18:15,1,13,13208,2,2,0,2,PERIER (BOULEVARD),43.2789,5.38208,18,3,2
202100023496,159Â 631,A01,1,1,1,5,2,6,9,0,0,-1,2021,40.0,1,1,3,0,1,13,1,,3,770,-1,,2,2,0,2,17,200,1,, -1,1,0,3,80,20,8,2021,19:50,1,29,29106,1,1,0,6,Ti Feunteun,48.119806,-4.074098,19,1,1
202100007008,189Â 231,A01,1,1,1,5,2,6,-1,-1, -1,-1,2021,75.0,2,1,0,2,9,17,1,,4,POMPIDOU (CORNICHE GEORGES),0,,2,2,0,1,0,0,1,, -1,1,0,1,50,20,11,2021,15:15,1,83,83126,2,1,0,2,POMPIDOU (CORNICHE GEORGES),43.08352,5.89566,15,2,2
202100044324,122Â 441,B01,2,2,2,5,2,6,-1,0,0,-1,2021,16.0,3,1,0,2,1,18,1,,4,,-1,,2,2,0,1,(1),(1),1,, -1,1,0,1,80,12,4,2021,17:00,1,22,22366,1,1,1,3,Lan drÃ©vrez,48.609214,-3.622645,17,3,2
202100037594,134Â 462,B01,1,1,2,5,1,-1,-1,-1, -1,-1,2021,47.0,1,2,0,2,5,1,1,,4,QUAI DE BACALAN,0,,3,7,3,1,(1),(1),1,, -1,1,2,1,50,29,5,2021,13:35,1,33,33063,2,2,0,3,Quai de Bacalan,44.860349,-0.553644,13,4,2
202100047670,116Â 544,A01,1,1,1,0,2,6,-1,0,0,-1,2021,22.0,3,1,0,0,0,1,1,,4,,-1,,2,2,0,1,(1),(1),4,, -1,1,0,1,30,16,3,2021,18:00,1,17,17010,2,1,0,7,Route de la Douane,46.104561,-1.121995,18,2,1
202100040734,128Â 798,A01,10,3,1,0,0,-1,-1,5,1,1,2021,29.0,1,1,0,1,1,25,0,,4,CANUTS (DES)                            ,0,,2,2,1,1,(1),(1),1,, -1,1,0,5,50,8,5,2021,21:00,5,69,69256,2,1,0,6,CANUTS (DES) (AV),45.7609539661,4.9226126075,21,2,1
202100009445,184Â 817,A01,10,3,1,3,0,-1,-1,3,3,1,2021,85.0,3,2,0,1,2,2,1,,6,QUATORZE JUILLET   RUE DU,0,,-1,-1,0,1,(1),(1),1,, -1,1,6,6,30,3,11,2021,16:05,1,17,17291,2,1,1,6,QUATORZE JUILLET   RUE DU,46.17489,-1.11636,16,2,1
202100018266,168Â 969,B01,1,1,1,3,2,-1,-1,0,0,-1,2021,62.0,1,1,0,2,1,18,1,,3,751,-1,,2,4,0,1,11,250,1,, -1,2,0,1,50,19,9,2021,09:00,1,37,37003,2,1,1,2,Quai du GÃ©nÃ©ral de Gaulle,47.4129523233,0.9826719416,9,2,2
202100047390,117Â 062,B01,1,1,1,1,2,6,-1,0,0,-1,2021,60.0,2,1,0,2,3,1,1,,4,RUE DES VIGNES,0,,2,2,0,1,(1),(1),1,, -1,1,0,1,50,18,3,2021,11:45,1,75,75116,2,3,0,3,RUE DES VIGNES,48.856802,2.274029,11,2,2
202100012677,179Â 057,B01,1,1,1,9,2,8,-1,0,0,-1,2021,52.0,1,1,0,2,1,17,1,,4,BOULEVARD SAINT DENIS,0,,2,0,0,1,(1),(1),1,, -1,1,0,1,30,17,10,2021,11:45,1,75,75110,2,2,0,3,BOULEVARD SAINT DENIS,48.869324,2.354254,11,2,2
202100001291,199Â 457,A01,2,2,2,5,1,4,-1,0,0,-1,2021,53.0,1,2,14,0,1,9,1,,4,ECHANGEUR BERCY,0,,1,2,0,1,34,800,1,, -1,2,0,1,50,25,12,2021,11:25,1,75,75112,2,4,1,6,ECHANGEUR BERCY,48.827927,2.394822,11,2,1
202100022637,161Â 155,A01,4,2,1,4,8,-1,-1,-1, -1,-1,2021,20.0,2,4,0,2,3,1,1,,4,DESBIEY (CRS) DU 04 AU 96,0,,2,2,0,1,(1),(1),1,, -1,1,0,1,50,25,8,2021,14:10,1,33,33009,2,2,0,3,DESBIEY (CRS) DU 04 AU 96,44.65664,-1.16028,14,3,2
202100027510,152Â 553,B01,1,1,2,4,1,0,-1,-1, -1,-1,2021,36.0,3,2,0,2,1,1,1,,7,2 FRERES (CHEMIN DES),0,,2,2,0,1,0,630,1,, -1,1,0,1,30,22,7,2021,08:50,1,83,83090,1,3,0,3,2 FRERES (CHEMIN DES),43.12759,5.85335,8,2,2
202100004162,194Â 310,A01,1,1,1,5,8,-1,-1,0,0,-1,2021,21.0,1,2,0,0,0,1,1,,3,91,-1,,2,2,0,1,11,216,1,, -1,1,0,3,90,10,11,2021,00:15,3,72,72129,1,1,0,7,dÃ©partementale 91,48.04468,0.32902,0,3,1
202100026164,154Â 929,A01,1,1,2,5,1,8,-1,-1, -1,-1,2021,28.0,3,2,8,0,1,1,1,,3,ALLENDE (AVE DU P. SALVADOR),0,,2,2,0,1,0,0,1,, -1,1,0,1,50,31,7,2021,02:00,5,93,93008,2,9,0,6,ALLENDE (AVE DU P. SALVADOR),48.9,2.44,2,1,1
202100002077,198Â 085,A01,1,1,1,5,1,-1,-1,0,0,-1,2021,25.0,0,2,13,0,3,17,1,,3,37,-1,,2,2,0,2,4,632,3,, -1,1,0,1,80,21,12,2021,21:40,3,6,6150,1,1,0,6,D37,43.734484,7.396502,21,1,1
202100028502,150Â 766,A01,10,3,2,5,0,-1,-1,4,3,1,2021,21.0,1,2,0,1,8,15,1,,4,RUE DE L AMIRAL DE COLIGNY,0,,2,4,0,1,(1),(1),1,, -1,1,0,1,50,17,7,2021,16:45,1,75,75101,2,3,0,6,RUE DE L AMIRAL DE COLIGNY,48.859033,2.339876,16,2,1
202100044941,121Â 401,A01,2,2,2,5,2,8,-1,-1, -1,-1,2021,14.0,2,1,0,0,0,1,1,,3,ATLANTIQUE (RUE D'),0,,2,2,0,1,7,300,1,, -1,1,0,1,30,4,4,2021,17:25,1,56,56162,2,3,0,7,Boulevard de lâAtlantique,47.7103201,-3.4695305,17,2,1
202100030543,147Â 162,B01,2,2,1,4,1,8,-1,-1, -1,-1,2021,30.0,1,2,0,2,4,23,1,,4,HOCHFELDEN (RUE DE),0,,1,2,0,1,0,0,1,, -1,1,0,1,50,3,7,2021,11:10,1,67,67482,2,1,0,2,HOCHFELDEN (RUE DE),48.601948,7.722528,11,4,2
202100049453,113Â 367,B01,1,1,1,1,2,-1,-1,0,0,-1,2021,44.0,0,1,0,2,1,1,5,,3,19,-1,D,2,2,0,4,3,150,1,, -1,1,0,1,50,25,2,2021,16:15,1,7,7182,2,3,1,1,Champgontier,44.634555,4.296019,16,2,2
202100026152,154Â 947,B01,1,1,1,1,2,0,-1,0,0,-1,2021,32.0,1,1,0,2,4,17,5,,4,AVENUE NIEL,0,,2,2,0,1,(1),(1),1,, -1,1,0,1,50,31,7,2021,16:45,1,75,75117,2,2,0,3,AVENUE NIEL,48.88293,2.29638,16,2,2
202100009819,184Â 143,A01,1,1,1,0,8,8,-1,-1, -1,-1,2021,24.0,3,1,0,2,3,18,0,,3,7,0,,-1,4,0,1,1,0,1,, -1,1,0,1,50,2,11,2021,09:20,1,92,92073,2,1,0,3,GALLIENI (QUAI),48.87066,2.23214,9,2,2
202100045658,120Â 126,A01,1,1,1,0,8,0,-1,-1, -1,-1,2021,20.0,3,0,0,2,1,0,0,,4,EDGAR DEGAS (RUE),0,,3,2,0,1,0,0,1,, -1,1,0,1,50,31,3,2021,20:25,2,93,93005,2,1,0,3,EDGAR DEGAS (RUE),48.9560849897,2.4961674516,20,2,2
202100051196,110Â 162,A01,10,3,1,0,0,-1,-1,2,3,2,2021,50.0,1,4,0,1,1,9,0,,4,ALBERT GUILPIN (R),0,,2,2,0,1,0,0,1,, -1,1,0,1,50,17,2,2021,14:25,1,94,94037,2,1,0,6,ALBERT GUILPIN (R),48.816387,2.349444,14,2,1
202100021907,162Â 470,B01,1,1,1,1,1,-1,-1,-1, -1,-1,2021,25.0,2,2,0,2,8,1,1,,1,A86 EXT,0,,1,2,0,1,40,400,2,, -1,1,0,2,90,29,8,2021,00:31,5,94,94028,1,1,0,2,A86 EXT,48.7775763894,2.4397518628,0,2,2
202100040997,128Â 338,C01,1,1,2,5,1,-1,-1,0,0,-1,2021,52.0,2,2,0,2,8,1,1,,3,677,0,,2,2,0,1,5,500,1,, -1,1,0,1,70,8,5,2021,17:40,1,14,14131,2,1,0,5,D677,49.320765,0.130586,17,5,3
202100024111,158Â 562,B01,4,2,1,0,1,0,-1,-1, -1,-1,2021,1.0,0,2,0,0,4,23,0,,7,95,0,,-1,2,0,1,2,100,1,, -1,1,0,1,50,14,8,2021,16:00,1,69,69259,2,9,0,2,AMBROISE CROIZAT                    (BD),45.70303,4.88741,16,5,2
202100011319,181Â 507,A01,3,2,1,5,1,-1,-1,0,0,-1,2021,17.0,2,2,2,0,1,1,1,,4,,-1,,2,2,0,1,(1),(1),1,,5,1,0,3,50,24,10,2021,21:30,5,2,2163,2,1,0,6,Route de Pavant,48.973407,3.282225,21,4,1
202100048595,114Â 896,A01,1,1,1,9,2,8,-1,-1, -1,-1,2021,36.0,1,1,0,2,4,23,1,,3,VICTOR HUGO (BD),0,,2,2,0,1,0,0,1,, -1,2,0,1,50,10,3,2021,18:30,2,92,92024,2,3,1,2,VICTOR HUGO (BD),48.900216044,2.3149207234,18,2,2
202100047237,117Â 325,C01,1,1,1,0,1,0,-1,-1, -1,-1,2021,40.0,1,2,0,2,1,23,1,,7,PLOMBIERES (BOULEVARD DES),0,,2,2,0,1,1,500,1,, -1,1,9,1,50,19,3,2021,22:20,5,13,13214,2,1,0,4,PLOMBIERES (BOULEVARD DES),43.3163,5.38377,22,8,3
202100046876,117Â 987,B01,1,1,1,1,2,6,-1,-1, -1,-1,2021,47.0,1,1,0,2,1,1,1,,4,LECLERC (AVENUE DU GENERAL),0,,2,3,3,2,0,0,1,, -1,2,0,1,50,19,3,2021,10:24,1,87,87085,2,3,1,2,LECLERC (AVENUE DU GENERAL),45.84585,1.26059,10,2,2
202100044674,121Â 858,B01,1,1,1,0,1,0,-1,0,0,-1,2021,20.0,1,2,0,2,1,1,1,,7,BEAULIEU (CHEMIN DE),0,,2,2,0,1,(1),(1),1,, -1,1,0,1,50,7,4,2021,10:55,1,63,63113,2,2,0,3,BEAULIEU (CHEMIN DE),45.76784,3.1475,10,2,2
202100017142,170Â 997,A01,1,1,1,4,1,0,-1,-1, -1,-1,2021,35.0,1,2,0,2,2,15,1,,2,13,0,,1,2,0,1,0,0,1,, -1,1,5,1,50,22,9,2021,22:15,5,92,92051,2,3,0,3,"CHARLES DE GAULLE (AVENUE, NÂ° 18 A 116)",48.8814031735,2.271283865,22,2,2
202100052608,107Â 684,B01,1,1,1,5,2,-1,-1,0,0,-1,2021,79.0,1,1,0,2,8,2,5,,3,194,-1,,2,2,2,1,5,470,1,, -1,1,0,5,80,5,2,2021,12:15,1,56,56094,1,1,0,3,D194,47.76437,-3.300321,12,2,2
202100006003,191Â 068,B01,2,2,2,0,1,0,-1,-1, -1,-1,2021,54.0,2,2,0,0,4,2,1,,3,FONTAINEBLEAU (RTE DE),0,,1,2,1,1,1,0,1,, -1,2,0,1,30,26,11,2021,23:00,5,94,94081,2,1,0,2,Route de Fontainebleau,48.77518,2.36773,23,3,2
202100052332,108Â 175,B01,1,1,1,1,2,6,-1,-1, -1,-1,2021,38.0,1,1,0,2,1,1,1,,4,R CHARLES VII,0,,1,1,0,1,1,0,1,, -1,2,0,1,50,6,2,2021,07:00,5,94,94052,2,2,1,3,CHARLES DE GAULLE (GRAND RUE),48.8354914448,2.474091053,7,2,2
202100048948,114Â 256,A01,1,1,1,0,2,0,-1,-1, -1,-1,2021,29.0,0,1,0,2,1,3,1,,4,JEAN MOULIN (BOULEVARD),0,,2,6,0,1,1,0,1,, -1,1,0,1,50,6,3,2021,13:15,1,13,13210,2,1,0,2,JEAN MOULIN (BOULEVARD),43.286600639,5.3995877309,13,2,2
202100033332,142Â 182,A01,2,2,2,5,1,0,-1,-1, -1,-1,2021,22.0,3,2,13,0,3,0,1,,6,LESTANQUET (CHEMIN DE),0,,-1,0,0,1,0,0,1,, -1,1,0,1,50,13,6,2021,09:45,1,64,64102,2,1,0,7,LESTANQUET (CHEMIN DE),43.47775,-1.48807,9,2,1
202100015882,173Â 288,A01,1,1,2,5,1,0,-1,-1, -1,-1,2021,62.0,3,2,2,2,8,26,1,,4,ROUSSILLON (AVENUE DU),0,,2,2,0,1,0,0,2,, -1,1,0,1,50,30,9,2021,10:25,1,87,87085,2,6,0,3,ROUSSILLON (AVENUE DU),45.82054,1.2242,10,2,2
202100003855,194Â 863,B01,1,1,1,1,1,0,-1,-1, -1,-1,2021,60.0,2,2,0,2,4,1,1,,3,MARCEL DASSAULT,0,,3,2,0,1,0,0,1,, -1,1,0,1,50,9,12,2021,14:15,1,92,92064,2,1,0,2,MARCEL DASSAULT,48.8549521871,2.2227922082,14,3,2
202100023258,160Â 042,A01,10,3,1,0,0,-1,-1,4,3,1,2021,31.0,0,2,0,1,0,1,1,,4,ALPHONSE FIQUET (PLACE),0,,2,6,0,1,(1),(1),1,, -1,1,0,1,50,19,8,2021,11:50,1,80,80021,2,1,0,7,ALPHONSE FIQUET (PLACE),49.89049,2.306,11,2,1
202100030038,148Â 095,B01,1,1,2,0,1,0,-1,-1, -1,-1,2021,21.0,1,2,0,2,2,9,1,,4,MARRONNIERS (AVENUE DES),0,,2,2,0,1,0,0,1,, -1,1,0,1,50,8,7,2021,20:20,1,93,93073,2,1,0,1,MARRONNIERS (AVENUE DES),48.95443,2.58601,20,2,2
202100012130,180Â 030,B01,1,1,2,1,1,-1,-1,0,0,-1,2021,31.0,1,2,0,2,3,15,1,,3,1043,0,,2,2,0,1,18,800,1,, -1,2,0,1,80,20,10,2021,12:50,1,2,2495,1,1,1,3,1 Route Nationale,49.950119,4.065357,12,2,2
202100004217,194Â 212,B01,1,1,1,0,2,6,-1,-1, -1,-1,2021,63.0,3,1,0,2,1,1,1,,4,                        (AV),0,,2,4,2,1,(1),(1),1,, -1,1,0,1,50,6,12,2021,17:30,5,69,69388,2,2,0,3,JEAN MERMOZ (AV),45.73203,4.88278,17,2,2
202100043597,123Â 743,A01,2,2,2,5,1,-1,-1,0,0,-1,2021,83.0,2,2,1,0,2,1,2,,3,,-1,,2,2,0,1,(1),(1),1,,4,1,0,1,50,16,4,2021,12:15,1,67,67397,2,1,0,6,rue du 34eme rif,48.32060116,7.7072885353,12,2,1
202100047203,117Â 391,B01,1,1,1,4,1,-1,-1,-1, -1,-1,2021,30.0,2,2,0,2,3,1,1,,4,ETATS UNIS (DES)                    (BD),0,,3,4,3,1,(1),(1),1,, -1,1,0,1,50,19,3,2021,12:20,1,69,69388,2,2,0,3,ETATS UNIS (DES) (BD),45.727054004,4.8695343733,12,2,2
202100005211,192Â 462,A01,1,1,1,1,2,6,-1,-1, -1,-1,2021,17.0,2,1,0,0,0,13,1,,4,Robert Chivalier (Rue),0,,2,2,0,1,(1),(1),1,, -1,1,0,1,50,28,9,2021,13:35,1,19,19272,2,1,0,7,Robert Chivalier (Rue),45.2616096615,1.76474799,13,1,1
202100047352,117Â 130,A01,1,1,1,5,1,0,-1,-1, -1,-1,2021,82.0,1,2,6,0,1,22,1,,4,BLOT (RUE LOUIS),0,,2,1,3,2,(1),(1),1,, -1,1,1,1,30,19,3,2021,11:25,1,37,37214,2,1,0,7,BLOT (RUE LOUIS),47.4016938921,0.6681063855,11,1,1
202100045367,120Â 637,A01,1,1,1,0,8,0,-1,-1, -1,-1,2021,27.0,1,1,0,-1,1,19,5,,4,KLOTZ HENRI-PIERRE (AV),0,,-1,2,3,2,(1),(1),1,, -1,1,9,6,50,2,4,2021,12:46,1,72,72181,2,1,0,3,KLOTZ HENRI-PIERRE (AV),48.0193,0.16815,12,2,2
202100030690,146Â 900,A01,10,3,1,5,0,-1,-1,9,3,1,2021,74.0,0,2,0,1,3,15,1,,9,Parking cora Desmarais,0,,3,2,0,4,100,0,3,, -1,2,9,1,30,30,6,2021,05:05,5,971,97105,2,9,1,6,Parking cora Desmarais,16.0002033431,-61.7192709446,5,2,1
202100011509,181Â 151,B01,1,1,2,1,1,0,-1,-1, -1,-1,2021,54.0,1,2,0,0,4,1,1,,1,A507 sens Marseille - Aubagne,0,,-1,3,0,1,8,0,1,, -1,1,1,1,70,19,10,2021,07:45,1,13,13055,1,1,0,2,A507 sens Marseille - Aubagne,43.294983,5.424519,7,2,2
202100026334,154Â 623,A01,1,1,2,1,2,0,-1,0,0,-1,2021,54.0,2,1,0,2,0,1,0,,4,RUE RENE BOULANGER,0,,1,1,1,1,(1),(1),1,, -1,1,0,5,30,30,7,2021,09:35,1,75,75110,2,4,0,3,RUE RENE BOULANGER,48.86927,2.356798,9,2,2
202100017171,170Â 941,A01,1,1,1,1,2,-1,-1,0,0,-1,2021,15.0,1,1,8,0,1,1,1,,3,,-1,,2,2,0,1,13,575,1,, -1,3,0,3,50,24,9,2021,23:40,3,62,62252,2,1,0,6,Rue du Touret,50.570296,2.706214,23,1,1
202100010483,182Â 986,A01,10,3,1,1,0,-1,-1,4,3,1,2021,47.0,1,2,0,1,1,1,1,,3,REMY (RUE ALBERT),0,,1,2,0,3,0,0,1,, -1,2,0,1,70,21,10,2021,06:05,4,91,91521,2,1,1,6,REMY (RUE ALBERT),48.65381,2.41151,6,2,1
202100042164,126Â 255,A01,10,3,2,5,0,-1,-1,3,3,1,2021,33.0,1,2,0,1,1,1,1,,4,EMILE ZOLA (AVENUE),0,,2,2,0,1,(1),(1),1,,"6,3",1,0,1,50,28,4,2021,16:25,1,79,79329,2,1,0,7,Avenue Emile Zola,46.98894,-0.21001,16,2,1
202100034005,140Â 974,B01,1,1,1,5,8,0,-1,-1, -1,-1,2021,29.0,0,1,0,2,3,15,3,,4,MONNET. RUE JEAN,0,,2,2,0,1,(1),(1),1,, -1,1,0,1,30,16,6,2021,19:15,1,76,76561,2,3,0,3,MONNET. RUE JEAN,49.3015132409,1.0368280727,19,2,2
202100035332,138Â 553,B01,1,1,1,5,8,0,-1,-1, -1,-1,2021,20.0,2,1,0,0,0,0,0,,3,JULES GUESDE (QU),0,,2,2,0,1,1,0,1,, -1,1,0,1,50,9,6,2021,11:30,1,94,94081,2,1,0,3,JULES GUESDE (QU),48.8,2.41,11,2,2
202100026766,153Â 877,A01,1,1,1,5,1,-1,-1,-1,0,-1,2021,52.0,1,2,4,0,1,14,1,,2,RN 184,0,,1,1,0,2,3,170,3,, -1,2,3,1,50,28,7,2021,01:00,3,95,95572,1,1,1,6,RN 184,49.03338,2.10918,1,1,1
202100041665,127Â 127,A01,1,1,1,5,2,8,-1,-1, -1,-1,2021,40.0,1,1,0,0,3,1,1,,3,Rue des Islandais,0,,2,2,0,1,0,100,1,, -1,1,9,1,70,30,4,2021,09:35,1,62,62548,1,1,0,7,Rue des Islandais,50.971985,1.962186,9,1,1
202100021105,163Â 931,A01,10,3,1,0,0,-1,-1,1,3,1,2021,3.0,1,5,0,1,1,1,0,,4,JEAN MERMOZ (R),0,,1,1,0,1,0,0,3,, -1,1,0,1,50,2,9,2021,19:35,1,94,94076,2,1,0,6,JEAN MERMOZ (R),48.79271,2.35927,19,2,1
202100053833,105Â 523,A01,1,1,2,0,1,0,-1,-1, -1,-1,2021,50.0,1,2,2,0,7,1,1,,3,ROUTE DES GOLFS,0,,2,2,0,1,3,2800,1,, -1,1,9,1,50,23,1,2021,13:05,1,83,83118,1,1,0,6,ROUTE DES GOLFS,43.4563760995,6.7971467459,13,1,1
202100042732,125Â 255,A01,1,1,1,4,1,-1,-1,0,0,-1,2021,55.0,0,5,0,2,3,1,1,,3,93,0,D,2,2,0,1,4,790,1,, -1,1,0,1,50,23,4,2021,17:30,1,62,62668,2,2,0,1,Rue de Laires,50.506061,2.258276,17,5,2
202100041823,126Â 853,B01,2,2,1,5,2,6,-1,-1, -1,-1,2021,10.0,1,1,0,2,6,1,1,,4,BD CARNOT,0,,2,2,0,1,1,0,1,, -1,1,0,1,50,30,4,2021,11:30,1,94,94002,2,2,0,3,Boulevard Carnot,48.79584,2.4259,11,3,2
202100004456,193Â 801,A01,1,1,1,1,1,-1,-1,0,0,-1,2021,31.0,1,2,0,2,2,12,1,,2,27,-1,,3,2,0,1,33,200,1,, -1,1,0,1,110,7,12,2021,08:15,2,76,76197,1,1,0,3,RN 27 PK033.000,49.774086,1.063871,8,2,2
202100032618,143Â 466,B01,1,1,1,1,2,6,-1,-1, -1,-1,2021,45.0,1,1,0,2,7,1,1,,1,86,0,,3,4,0,1,8,100,1,, -1,1,0,1,90,24,6,2021,19:00,1,92,92036,1,1,0,5,A86,48.9360068665,2.2884313862,19,4,4
202100029285,149Â 416,B01,1,1,2,5,1,-1,-1,0,0,-1,2021,41.0,1,2,0,2,4,23,1,,3,JOFFRE (AVENUE DU MARECHAL),0,,2,2,0,1,1,710,1,, -1,1,0,1,50,12,7,2021,17:15,1,65,65440,2,1,0,2,JOFFRE (AVENUE DU MARECHAL),43.2395,0.06851,17,2,2
202100020593,164Â 821,A01,1,1,1,5,2,6,-1,-1, -1,-1,2021,54.0,2,1,0,2,2,17,1,,3,BARBES RUE,0,,2,2,0,1,0,0,1,, -1,1,0,1,50,6,9,2021,13:10,1,92,92049,2,3,0,3,BARBES RUE,48.8170679473,2.3314341194,13,2,2
202100044507,122Â 149,A01,1,1,1,5,1,-1,-1,0,0,-1,2021,53.0,1,2,0,5,1,1,1,,2,83,0,N,2,2,0,1,72,460,1,, -1,1,0,1,80,11,4,2021,00:40,3,39,39013,1,1,0,6,,46.898776,5.745348,0,1,1
202100027426,152Â 694,A01,1,1,1,5,0,-1,-1,0,0,-1,2021,25.0,2,2,13,0,1,0,1,,3,D19,-1,,2,2,0,1,4,50,1,, -1,1,0,8,80,24,7,2021,02:40,3,46,46284,1,1,0,6,D19,44.878719,1.849694,2,2,1
202100023926,158Â 864,B01,4,2,1,0,1,8,-1,-1, -1,-1,2021,4.0,1,2,0,2,4,23,1,,3,20,0,,2,2,0,1,0,0,1,, -1,1,0,1,50,11,8,2021,18:10,1,92,92036,2,1,0,2,LOUIS ROCHE (AVENUE) (46/148),48.9294450223,2.3097413778,18,3,2
202100010098,183Â 654,A01,1,1,2,1,1,-1,-1,0,0,-1,2021,21.0,1,2,16,0,9,1,1,,2,20,0,,2,2,0,4,92,500,3,, -1,2,0,3,80,1,11,2021,07:50,2,202,202289,1,1,1,7,RT20,42.357121,9.172318,7,1,1
202100041401,127Â 597,A01,1,1,1,1,2,6,-1,0,0,-1,2021,27.0,1,1,0,2,4,17,1,,4,QUAI SAINT BERNARD,0,,2,1,0,1,(1),(1),1,, -1,1,0,1,50,4,5,2021,08:28,1,75,75105,2,1,0,3,QUAI SAINT BERNARD,48.849057,2.357673,8,2,2
202100045783,119Â 914,A01,1,1,1,5,1,0,0,0,0,-1,2021,77.0,3,2,0,0,0,26,1,,5,CANNES (ROUTE DE)  -RD 6085-,0,,-1,0,0,2,(1),(1),1,, -1,1,9,8,10,29,3,2021,09:30,1,6,6069,2,1,0,7,CANNES (ROUTE DE)  -RD 6085-,43.627517,6.95571,9,1,1
202100045038,121Â 221,B01,1,1,1,9,2,6,-1,0,0,-1,2021,21.0,1,1,0,2,1,17,1,,4,AVENUE PARMENTIER,0,,3,4,3,1,(1),(1),1,, -1,1,0,1,30,5,4,2021,16:45,1,75,75110,2,2,0,3,AVENUE PARMENTIER,48.870011,2.371054,16,2,2
202100025920,155Â 353,A01,1,1,1,5,2,6,-1,0,0,-1,2021,56.0,2,1,0,2,7,1,1,,3,40,-1,,2,2,0,2,3,600,3,, -1,1,0,1,80,3,8,2021,15:50,1,8,8206,1,1,0,1,RD 40,49.801551,4.58154,15,2,2
202100023429,159Â 742,B01,1,1,2,1,8,-1,-1,-1, -1,-1,2021,35.0,1,1,0,2,1,1,3,,4,MORBIHAN (DU),0,,2,2,0,1,(1),(1),1,, -1,1,5,1,50,18,8,2021,13:45,1,35,35238,2,6,0,3,MORBIHAN (DU),48.132715,-1.672822,13,2,2
202100032751,143Â 230,A01,1,1,2,5,1,-1,-1,0,0,-1,2021,32.0,2,2,0,0,9,15,1,,2,7,-1,,3,2,0,1,44,200,2,, -1,1,0,1,80,22,6,2021,13:30,1,42,42153,1,1,0,7,N7,45.966126,4.164564,13,1,1
202100012738,178Â 949,A01,1,1,1,5,2,6,-1,0,0,-1,2021,57.0,3,1,0,0,0,0,1,,3,,-1,,2,2,0,1,0,0,1,, -1,9,0,1,80,16,10,2021,15:49,1,28,28052,1,9,0,7,D327,48.545329,1.520383,15,1,1
202100023956,158Â 813,A01,2,2,1,5,1,-1,-1,0,0,-1,2021,19.0,2,2,6,0,2,1,1,,3,,-1,,2,2,0,1,8,633,1,, -1,1,0,8,-1,16,8,2021,20:40,2,85,85127,2,1,0,6,Rue des Bourbes,46.402966,-1.486963,20,2,1
202100030737,146Â 818,B01,1,1,1,1,2,-1,-1,-1, -1,-1,2021,41.0,3,1,0,2,1,1,1,,4,GALLIENI                            (PT),0,,1,5,0,2,(1),(1),1,, -1,1,2,1,50,3,7,2021,23:40,5,69,69387,2,9,0,2,GALLIENI (PT),45.7482529147,4.8323374987,23,3,2
202100054589,104Â 204,A01,2,2,1,0,1,0,-1,-1, -1,-1,2021,19.0,3,2,2,0,1,21,1,,4,MORLIERE AVENUE,0,,2,2,0,1,1,0,3,, -1,2,0,8,50,15,1,2021,02:00,5,49,49267,2,1,1,6,MORLIERE AVENUE,47.46292,-0.47914,2,2,1
202100021361,163Â 469,A01,1,1,1,1,2,6,-1,0,0,-1,2021,21.0,2,1,0,2,1,1,1,,3,902,0,,2,2,0,1,14,267,3,, -1,2,0,1,70,3,9,2021,14:50,1,43,43124,1,1,1,1,D902,45.100783,3.776121,14,2,2
202100043422,124Â 047,B01,1,1,2,0,8,0,-1,-1, -1,-1,2021,54.0,3,0,0,2,1,1,3,,4,VENUS D'ARLES (Rue de la),0,,-1,1,1,1,0,9,1,, -1,1,0,1,50,16,4,2021,16:30,1,84,84007,2,1,0,2,VENUS D'ARLES (Rue de la),43.92999,4.81911,16,2,2
202100034896,139Â 337,B01,1,1,1,5,2,6,9,0,0,-1,2021,63.0,2,1,0,2,1,1,1,,3,1084,0,,2,2,0,1,9,576,1,, -1,1,0,1,50,13,6,2021,16:45,1,1,1049,2,9,0,3,1571 Route Nationale,45.842948,5.028299,16,3,2