Num_Acc,id_vehicule,num_veh,place,catu,sexe,trajet,secu1,secu2,secu3,locp,actp,etatp,year_acc,victim_age,senc,catv,obs,obsm,choc,manv,motor,occutc,catr,voie,v1,v2,circ,nbv,vosp,prof,pr,pr1,plan,lartpc,larrout,surf,infra,situ,vma,jour,mois,an,hrmn,lum,dep,com,agg_,int,atm,col,adr,lat,long,hour,nb_victim,nb_vehicules
202100008016,187Â 404,A01,10,3,2,5,0,-1,-1,1,B,1,2021,78.0,3,1,0,1,3,1,5,,4,REPUBLIQUE (BOULEVARD DE LA),0,,4,2,1,1,0,0,1,, -1,1,0,1,30,13,11,2021,16:58,1,47,47001,2,1,0,6,REPUBLIQUE (BOULEVARD DE LA),44.20442,0.61418,16,2,1
202100056245,101Â 358,C01,2,2,2,1,1,-1,-1,-1, -1,-1,2021,20.0,2,2,0,2,4,23,1,,7,928,0,,2,2,3,1,1,1000,1,, -1,1,-1,1,50,2,1,2021,17:30,5,76,76540,2,1,0,4,Boulevard de lâYser,49.44734,1.10349,17,7,4
202100054358,104Â 597,A01,1,1,2,5,1,0,-1,0,0,-1,2021,23.0,2,2,1,2,3,1,1,,4,RUE SAINT CHARLES,0,,1,1,0,1,(1),(1),1,, -1,1,0,1,50,18,1,2021,21:00,5,75,75115,2,2,0,3,RUE DE JAVEL,48.844758,2.283908,21,2,2
202100042506,125Â 642,B01,1,1,1,5,2,6,-1,0,0,-1,2021,18.0,1,1,0,2,4,23,1,,4,PLACE JOFFRE,0,,2,3,0,1,(1),(1),1,, -1,1,0,1,50,26,4,2021,18:52,1,75,75107,2,7,0,5,PLACE JOFFRE,48.851581,2.301487,18,4,3
202100036655,136Â 191,A01,1,1,2,1,0,0,-1,-1, -1,-1,2021,30.0,1,1,0,0,1,26,3,,3,R CHARLES DE GAULLE,0,,2,2,0,2,1,0,1,, -1,1,0,4,50,2,6,2021,13:35,1,94,94002,2,1,0,7,Rue Charles de Gaulle,48.81451,2.41213,13,1,1
202100048827,114Â 489,B01,9,2,2,5,1,-1,-1,0,0,-1,2021,14.0,1,2,0,2,2,17,1,,3,15,-1,,2,2,0,1,43,700,3,, -1,1,0,1,80,8,3,2021,13:30,1,10,10149,1,1,0,1,D15,48.399876,4.116998,13,3,2
202100051740,109Â 210,A01,1,1,2,5,1,-1,-1,0,0,-1,2021,85.0,0,2,6,0,1,1,1,,4,,-1,,2,1,0,2,(1),(1),3,, -1,7,2,3,80,13,2,2021,15:00,1,41,41238,1,1,0,6,La RonciÃ¨re,47.87657,0.85283,15,1,1
202100037609,134Â 434,B01,1,1,2,5,2,0,-1,0,0,-1,2021,38.0,1,0,0,2,1,1,3,,4,RUE JOUFFROY D ABBANS,0,,2,2,0,1,(1),(1),1,, -1,1,0,1,50,29,5,2021,16:30,1,75,75117,2,1,0,3,RUE JOUFFROY D ABBANS,48.884551,2.306056,16,2,2
202100040769,128Â 738,A01,1,1,1,9,1,0,-1,0,0,-1,2021,24.0,1,5,15,0,1,13,1,,4,AVENUE DES MINIMES,0,,3,2,0,1,(1),(1),3,, -1,1,0,1,50,8,5,2021,23:15,3,75,75112,2,3,0,6,AVENUE DES MINIMES,48.840528,2.436157,23,1,1
202100020590,164Â 827,B01,1,1,2,5,2,0,-1,-1, -1,-1,2021,46.0,3,1,0,2,1,1,5,,4,FRANCOIS MITTERRAND (QUAI),0,,-1,0,0,1,0,0,1,, -1,1,6,8,30,6,9,2021,10:13,1,93,93001,1,1,0,1,FRANCOIS MITTERRAND (QUAI),48.9082827046,2.3766517639,10,2,2
202100026963,153Â 514,B01,1,1,1,0,1,0,-1,-1, -1,-1,2021,46.0,1,2,0,2,1,11,1,,3,JEAN LOLIVE (AVENUE)(55/73.62/86),0,,2,2,0,1,0,1,1,, -1,1,0,1,50,25,7,2021,08:58,1,93,93055,2,3,0,1,JEAN LOLIVE (AVENUE)(55/73.62/86),48.891243,2.402548,8,4,2
202100017767,169Â 860,B01,1,1,1,5,2,6,-1,-1, -1,-1,2021,43.0,1,1,0,2,2,0,1,,4,BPNL   34.000 A 34.614,0,,1,3,0,1,34,400,1,, -1,1,1,1,70,21,9,2021,08:25,1,69,69081,1,1,0,3,PERIPHERIQUE NORD INTERIEUR (BD),45.7747,4.79065,8,3,2
202100046199,119Â 190,B01,1,1,1,5,0,-1,-1,0,0,-1,2021,54.0,3,1,0,0,0,14,5,,4,,-1,,2,2,0,1,(1),(1),1,, -1,1,5,1,30,30,3,2021,17:55,1,59,59011,2,4,0,7,Rue du Docteur Schaffner,50.531346,2.938489,17,2,2
202100037829,134Â 036,B01,1,1,2,5,8,0,-1,0,0,-1,2021,32.0,1,0,0,2,4,1,3,,4,AVENUE DE FLANDRE,0,,2,4,1,1,(1),(1),1,, -1,1,0,1,50,28,5,2021,19:15,1,75,75119,2,2,0,3,AVENUE DE FLANDRE,48.884032,2.368841,19,2,2
202100049191,113Â 829,B01,1,1,1,5,1,-1,-1,0,0,-1,2021,20.0,2,2,0,2,3,1,1,,3,568,0,D,2,2,0,1,1,170,1,, -1,1,0,1,50,6,3,2021,17:50,1,201,201247,2,3,0,1,rue henri frenay,41.6056039101,9.2796060626,17,4,2
202100030553,147Â 145,B01,1,1,1,3,8,0,-1,-1, -1,-1,2021,70.0,2,1,0,2,1,19,5,,3,,0,,1,2,0,1,(1),(1),1,, -1,1,9,1,50,2,7,2021,15:40,1,59,59153,2,6,0,3,RUE DU CHAMP DE MARS,50.453053149,3.5889263538,15,2,2
202100037558,134Â 532,B01,2,2,2,0,2,8,-1,-1, -1,-1,2021,20.0,1,1,1,0,7,1,1,,4,14 ET 22 JUIN 1962,0,,2,2,0,1,(1),(1),1,, -1,1,0,1,50,29,5,2021,17:52,1,973,97302,2,1,0,6,14 ET 22 JUIN 1962,4.9351379707,-52.3273974979,17,3,2
202100052244,108Â 318,A01,1,1,1,1,2,4,-1,-1, -1,-1,2021,28.0,2,1,0,2,1,2,1,,2,RN 385 ExtÃ¨rieure,0,,1,2,0,2,55,0,1,, -1,2,0,1,90,6,2,2021,16:35,1,92,92019,1,1,1,2,RN 385 ExtÃ¨rieure,48.75986,2.27164,16,2,2
202100029169,149Â 610,B01,1,1,2,1,1,0,-1,-1, -1,-1,2021,20.0,1,2,0,2,3,16,1,,3,RHIN ET DANUBE(RUE DU),0,,3,5,3,1,1,0,1,, -1,2,0,6,50,12,7,2021,09:00,1,94,94011,2,3,1,3,Avenue Rhin et Danube,48.77089,2.49019,9,2,2
202100043927,123Â 154,A01,10,3,2,0,0,-1,-1,3,3,2,2021,11.0,2,2,0,1,3,1,1,,4,RODIN (AVENUE AUGUSTE),0,,2,2,0,1,0,0,1,, -1,1,0,1,50,14,4,2021,17:45,1,93,93073,2,1,0,6,RUE AUGUSTE RODIN,48.9566915014,2.5638645887,17,4,1
202100025559,155Â 987,B01,1,1,1,1,2,6,-1,-1, -1,-1,2021,42.0,2,1,0,2,0,21,1,,1,A50-Sens Aubagne vers Marseille,0,,3,3,0,1,8,50,1,, -1,1,0,1,90,5,8,2021,19:00,1,13,13211,1,1,0,2,A50-Sens Aubagne vers Marseille,43.29074,5.48743,19,3,2
202100000190,201Â 401,A01,1,1,1,2,8,0,-1,-1, -1,-1,2021,14.0,3,0,0,2,1,1,3,,4,CHIRONS ROUTE DES,0,,1,2,0,1,1,0,1,, -1,1,0,1,50,9,11,2021,07:50,1,13,13063,2,3,0,3,CHIRONS ROUTE DES,43.5841099664,5.010613357,7,2,2
202100030530,147Â 191,A01,1,1,1,0,2,-1,-1,-1, -1,-1,2021,28.0,1,1,0,2,1,1,1,,4,TILSITT                             (QU),0,,1,2,3,1,(1),(1),1,, -1,1,0,6,50,5,7,2021,00:15,5,69,69382,2,1,0,2,TILSITT (Q),45.75702,4.82712,0,2,2
202100002782,196Â 793,A01,2,2,1,0,2,6,-1,-1, -1,-1,2021,23.0,1,1,0,2,2,17,1,,4,JEANNE D'ARC (BOULEVARD),0,,2,2,0,1,0,0,1,, -1,1,0,1,50,14,12,2021,15:15,1,13,13205,2,1,0,3,JEANNE D'ARC (BOULEVARD),43.29341,5.40318,15,3,2
202100019021,167Â 639,A01,1,1,1,5,1,0,-1,-1, -1,-1,2021,82.0,1,2,0,2,3,15,1,,4,GRANDE ALLEE,0,,2,3,0,1,1,0,1,, -1,2,0,1,50,14,9,2021,12:00,1,94,94011,2,9,0,3,GRANDE ALLEE,48.768528,2.494205,12,2,2
202100030071,148Â 034,A01,1,1,2,5,1,-1,-1,0,0,-1,2021,33.0,1,2,0,0,4,2,1,,2,4,0, -,3,1,0,1,1,700,1,, -1,1,0,1,90,9,7,2021,17:30,1,55,55010,1,1,0,2,RN4 PK 01+700,48.635167,5.008891,17,3,2
202100029224,149Â 524,A01,10,3,1,5,0,-1,-1,2,1,1,2021,62.0,1,2,0,1,2,2,1,,3,102,-1,,2,2,0,1,(1),(1),2,, -1,1,0,1,-1,5,7,2021,09:30,1,971,97128,2,1,0,6,Calvaire,16.263006,-61.380916,9,2,1
202100031105,146Â 140,A01,1,1,2,5,1,8,-1,-1, -1,-1,2021,21.0,1,2,0,2,1,1,1,,4,POMPIDOU (AVENUE GEORGES),0,,2,2,0,1,(1),(1),1,, -1,1,0,1,50,30,6,2021,18:55,1,37,37261,2,1,0,5,POMPIDOU (AVENUE GEORGES),47.3859782038,0.7095783949,18,8,4
202100046182,119Â 220,A01,10,3,1,2,0,-1,-1,1,3,2,2021,7.0,3,2,0,1,7,1,1,,4,,-1,,1,1,0,1,(1),(1),1,, -1,1,0,1,30,30,3,2021,16:30,1,30,30006,2,3,0,6,Rue Roger Bernard,43.684619,4.210213,16,2,1
202100055523,102Â 600,A01,10,3,1,2,0,-1,-1,2,5,3,2021,13.0,1,2,0,1,7,1,1,,4,RUE DE SAUSSURE,0,,1,1,0,1,(1),(1),2,, -1,1,0,1,30,11,1,2021,15:40,1,75,75117,2,3,0,6,RUE DE SAUSSURE,48.888582,2.30944,15,2,1
202100012532,179Â 311,A01,1,1,1,5,2,9,-1,0,0,-1,2021,84.0,2,1,0,2,1,2,1,,3,803,-1,,1,1,0,1,41,700,1,, -1,1,5,1,80,7,9,2021,10:45,1,46,46273,1,6,0,2,Rd 803,44.869014,1.875246,10,2,2
202100019648,166Â 524,A01,1,1,1,0,2,-1,-1,-1, -1,-1,2021,17.0,1,1,3,0,8,1,1,,7,CD 3 (RUE ARISTIDE BRIAND),0,,1,1,0,1,58,500,1,, -1,1,-1,1,30,9,9,2021,17:55,1,76,76497,2,1,0,7,CD 3 (RUE ARISTIDE BRIAND),49.38577,1.02207,17,1,1
202100011145,181Â 810,B01,1,1,2,5,1,-1,-1,0,0,-1,2021,23.0,1,2,6,2,8,2,1,,2,10,-1,,2,2,0,1,78,850,1,,7,1,0,1,50,24,10,2021,01:15,5,202,202251,2,1,0,5,RT 10 Casamozza,41.983723,9.400724,1,2,2
202100047025,117Â 717,A01,1,1,1,9,1,0,-1,-1, -1,-1,2021,22.0,2,2,15,0,2,1,1,,3,310,0,,2,2,0,2,0,0,4,, -1,1,0,1,30,22,3,2021,18:20,1,91,91286,2,1,0,6,DANUBE (AVENUE),48.6543,2.39686,18,2,1
202100038950,132Â 013,A01,10,3,1,5,0,0,0,3,3,1,2021,35.0,1,2,0,1,2,16,1,,7,,0,,1,2,0,1,(1),(1),3,, -1,1,0,1,50,20,5,2021,19:40,2,6,6027,2,1,0,6,ROSERAIE AVENUE DE LA,43.65894,7.13774,19,2,1
202100002689,196Â 970,A01,1,1,1,5,8,-1,-1,0,0,-1,2021,29.0,0,2,2,0,0,4,1,,4,,-1,,2,2,0,1,(1),(1),2,,4,1,0,8,50,18,12,2021,00:05,5,7,7064,2,1,0,6,Route de Chantelauve,44.90216,4.420797,0,1,1
202100016090,172Â 884,B01,1,1,1,2,2,0,-1,-1, -1,-1,2021,46.0,1,1,0,2,8,1,1,,4,DOCTEUR CALMETTE (RUE DU),0,,2,1,0,1,0,0,1,, -1,1,0,1,50,28,9,2021,18:10,1,91,91687,2,2,0,3,DOCTEUR CALMETTE (RUE DU),48.678052,2.371015,18,2,2
202100009728,184Â 314,A01,1,1,2,0,8,-1,-1,-1, -1,-1,2021,25.0,0,0,8,0,1,15,3,,4,MARTYRS DE LA RESISTANCE (DES)      (AV),0,,2,2,0,2,(1),(1),1,, -1,1,5,1,50,2,11,2021,10:30,1,69,69259,2,9,0,6,MARTYRS DE LA RESISTANCE (DES) (R),45.69128,4.87132,10,1,1
202100018326,168Â 866,C01,1,1,1,5,1,-1,-1,0,0,-1,2021,65.0,1,2,0,2,4,2,1,,3,JOFFRE (AVENUE DU MARECHAL),0,,2,2,0,1,1,750,1,, -1,1,0,1,50,17,9,2021,13:44,1,65,65440,2,1,0,4,JOFFRE (AVENUE DU MARECHAL),43.23,0.06,13,3,3
202100031887,144Â 757,B01,1,1,1,1,2,0,-1,-1, -1,-1,2021,63.0,1,1,0,9,7,15,1,,4,JOLIETTE (PLACE DE LA),0,,1,2,0,1,0,0,1,, -1,1,0,1,50,28,6,2021,08:15,1,13,13202,2,3,0,3,JOLIETTE (PLACE DE LA),43.304,5.366,8,2,2
202100015401,174Â 175,A01,2,2,2,5,1,-1,-1,0,0,-1,2021,72.0,1,2,0,2,1,19,1,,3,15,-1,,2,2,0,1,33,432,1,, -1,2,0,1,80,3,10,2021,15:00,1,43,43051,1,2,1,3,grangeneuve,45.02871,4.290397,15,3,2
202100005225,192Â 440,A01,2,2,2,0,1,0,-1,-1, -1,-1,2021,58.0,2,2,0,2,4,1,1,,1,AUTOROUTE (A1),0,,1,4,3,4,0,699,1,, -1,1,3,1,90,29,10,2021,04:20,5,972,97209,1,1,0,2,AUTOROUTE (A1),14.615245,-61.045224,4,3,2
202100034692,139Â 715,A01,9,2,1,5,0,-1,-1,0,0,-1,2021,14.0,1,2,4,2,1,2,1,,1,8,-1,,1,5,0,2,65,200,2,, -1,1,0,1,130,13,6,2021,19:00,1,83,83140,1,1,0,2,A8,43.4236288948,5.9630846558,19,9,2
202100051666,109Â 340,B01,2,2,2,9,2,8,-1,-1, -1,-1,2021,34.0,2,1,0,2,5,1,1,,4,,0,,2,-1,0,1,(1),(1),1,, -1,5,0,1,50,12,2,2021,18:10,5,69,69266,2,1,1,3,JEAN JAURES (R),45.7573286474,4.8817920685,18,3,2
202100000278,201Â 225,A01,1,1,1,5,1,5,-1,0,0,-1,2021,37.0,2,2,4,0,0,21,1,,1,10,0,A,3,3,0,1,127,1,1,,10,1,0,1,130,30,12,2021,17:00,2,41,41114,1,1,1,6,A10,47.758043,1.552435,17,3,1
202100032361,143Â 918,A01,2,2,1,5,1,-1,-1,0,0,-1,2021,24.0,0,2,2,0,3,1,1,,4,,-1,,2,2,0,4,(1),(1),2,,4,1,0,3,50,26,6,2021,01:15,3,24,24350,1,9,0,6,Chauffre,45.152146,0.598521,1,2,1
202100053525,106Â 040,A01,1,1,1,5,8,-1,-1,0,0,-1,2021,43.0,1,2,0,0,9,1,1,,3,74,0,D,2,2,2,4,18,100,3,, -1,5,-1,3,80,27,1,2021,17:55,3,73,73255,1,1,1,6,D74,45.3239038854,6.3180154507,17,1,1
202100007699,187Â 993,B01,1,1,2,9,1,-1,-1,0,0,-1,2021,31.0,2,2,9,2,2,1,1,,3,22,-1,,2,2,0,3,16,300,3,, -1,1,5,1,50,18,11,2021,15:40,1,51,51252,2,2,0,1,Route de Damery,49.0944920358,3.8806521893,15,2,2
202100032173,144Â 244,A01,1,1,1,5,2,6,9,0,0,-1,2021,42.0,2,1,0,2,1,2,1,,3,906,0,,4,1,0,1,23,100,3,, -1,1,0,1,80,26,6,2021,17:30,1,71,71269,1,6,0,2,D906,46.7434350107,4.8527768143,17,2,2
202100046010,119Â 515,B01,1,1,1,9,2,-1,-1,0,0,-1,2021,17.0,2,1,0,2,1,1,1,,3,19,-1,,2,2,0,1,100,200,1,, -1,1,0,1,70,29,3,2021,14:00,1,46,46148,1,1,0,3,781 Route de Castelnau,44.33734,1.532249,14,2,2
202100035748,137Â 808,A01,10,3,2,9,0,-1,-1,2,5,1,2021,12.0,1,3,0,1,3,1,3,,4,BOULEVARD MORTIER,0,,2,0,3,3,(1),(1),1,, -1,1,-1,6,60,8,6,2021,17:00,1,75,75120,2,1,0,6,BOULEVARD MORTIER,48.871056,2.408882,17,2,1
202100054730,103Â 963,A01,1,1,1,5,0,-1,-1,0,0,-1,2021,25.0,1,2,2,0,2,13,1,,2,3,0,,2,2,0,1,137,126,3,, -1,1,5,3,70,17,1,2021,11:45,1,988,98822,1,4,0,6,RT3/RM20 - Tribu de Tieti,-20.916298,165.303082,11,1,1
202100003755,195Â 045,A01,3,2,1,9,1,0,-1,-1, -1,-1,2021,7.0,0,2,0,2,7,1,1,,3,2,0,,-1,3,0,1,0,0,1,, -1,1,0,1,50,10,12,2021,17:01,5,92,92023,2,9,0,3,GENERAL DE GAULLE (AVENUE DU),48.7852461932,2.251188755,17,5,2
202100014659,175Â 511,B01,1,1,1,0,1,0,-1,-1, -1,-1,2021,35.0,1,2,0,2,8,1,2,,4,"""PIERRE SEMARD (PLACE """"COTE PAIRS"""")""",0,,2,2,0,1,0,0,2,, -1,1,0,1,50,7,10,2021,20:35,5,93,93007,2,2,0,3,Rue Pierre SÃ©mard / Avenue Paul Vaillant Couturier,48.929398,2.480097,20,2,2
202100032207,144Â 192,A01,1,1,1,5,2,6,-1,0,0,-1,2021,21.0,1,6,0,2,1,1,1,,3,1,0,,2,2,0,1,3,200,1,,5,1,0,1,80,26,6,2021,19:40,1,91,91405,1,1,0,1,"route dÃ©partementale 1, PK 3+200",48.373642,2.421284,19,2,2
202100040778,128Â 723,A01,1,1,1,4,2,6,-1,-1, -1,-1,2021,28.0,2,1,0,2,1,15,1,,3,EUROPE (AVENUE DE L'),0,,1,3,1,1,0,0,1,, -1,1,0,5,50,8,5,2021,12:20,1,92,92072,2,1,0,3,EUROPE (AVENUE DE L'),48.82371,2.21122,12,2,2
202100027767,152Â 076,B01,2,2,1,9,1,0,-1,0,0,-1,2021,24.0,1,2,0,2,3,1,3,,4,RUE DE BERRI,0,,1,1,0,1,(1),(1),1,, -1,1,0,1,30,21,7,2021,02:00,5,75,75108,2,2,0,3,RUE DE BERRI,48.873705,2.306517,2,4,2
202100045757,119Â 960,B01,1,1,2,5,1,-1,-1,-1, -1,-1,2021,65.0,2,2,0,2,4,1,1,,2,ROUGES TERRES (LES),0,,3,4,0,2,0,0,1,, -1,1,0,1,50,30,3,2021,12:55,1,50,50203,2,2,0,4,ROUGES TERRES (LES),49.61271,-1.60115,12,3,3
202100003674,195Â 190,A01,1,1,1,0,8,0,-1,-1, -1,-1,2021,37.0,1,1,0,2,1,1,0,,4,AV DE LA GLOIRE,0,,2,2,0,2,(1),(1),1,, -1,2,0,1,50,10,12,2021,05:35,5,31,31555,2,1,1,2,AV DE LA GLOIRE,43.60685,1.47292,5,2,2
202100039491,131Â 018,A01,10,3,1,5,0,-1,-1,1,2,1,2021,51.0,1,2,0,1,2,1,1,,2,1,-1,,1,4,3,1,22,500,1,, -1,1,3,1,110,15,5,2021,18:50,3,974,97415,1,9,0,6,RN 1,-20.976537,55.296872,18,2,1
202100041346,127Â 705,B01,1,1,1,0,2,-1,-1,0,0,-1,2021,40.0,2,1,0,2,1,1,1,,2,8,-1,,2,2,0,2,(1),(1),1,, -1,2,0,1,50,4,5,2021,19:00,5,972,97221,2,3,1,1,Rue du Morne Costet,14.523607,-60.975344,19,2,2
202100045372,120Â 629,A01,1,1,1,5,8,0,-1,-1, -1,-1,2021,23.0,3,1,0,2,3,1,5,,6,LOUIS SALLENAVE,0,,-1,0,0,1,0,0,1,, -1,1,0,1,10,2,4,2021,15:45,1,64,64445,2,9,0,3,LOUIS SALLENAVE,43.3169,-0.36029,15,2,2
202100008552,186Â 449,A01,1,1,1,5,1,-1,-1,0,0,-1,2021,32.0,2,2,0,2,1,5,1,,3,21,-1,,2,2,0,1,22,441,2,, -1,1,0,1,80,12,11,2021,06:20,2,77,77508,1,1,1,1,D21,48.817016,2.810107,6,2,2
202100021036,164Â 060,A01,1,1,2,5,1,8,-1,-1, -1,-1,2021,19.0,1,2,0,2,1,15,1,,4,DJIBAOU (RUE  JEAN-MARIE ),0,,2,2,0,1,(1),(1),1,, -1,1,0,1,50,1,9,2021,19:25,1,56,56098,2,3,0,1,DJIBAOU (RUE  JEAN-MARIE ),47.7769,-3.35682,19,2,2
202100046909,117Â 924,A01,10,3,2,0,0,-1,-1,3,3,-1,2021,21.0,1,2,0,1,3,1,1,,3,SEMARD (AVE PIERRE),0,,2,2,0,2,2,550,1,, -1,1,0,1,50,19,3,2021,09:50,1,51,51108,2,3,0,7,Avenue Pierre Semard,48.95139,4.33436,9,2,1
202100030722,146Â 844,B01,1,1,1,9,2,0,-1,-1, -1,-1,2021,27.0,1,1,0,2,8,1,1,,4,AUBER (RUE JULES),0,,1,1,0,1,0,0,1,, -1,1,0,8,30,28,6,2021,13:00,1,974,97411,2,2,0,3,AUBER (RUE JULES),-20.88372,55.45468,13,2,2
202100030184,147Â 817,B01,1,1,2,1,1,8,-1,-1, -1,-1,2021,34.0,2,2,0,2,4,1,3,,4,CORMERY (RUE DE),0,,2,2,0,1,(1),(1),1,, -1,1,0,1,50,6,7,2021,19:30,1,37,37208,2,3,0,2,CORMERY (RUE DE),47.3549626892,0.7320300185,19,2,2
202100030800,146Â 708,B01,1,1,1,5,2,6,-1,-1, -1,-1,2021,22.0,2,1,0,2,3,1,1,,4,ALLENDE (QUAI SALVADOR),0,,3,4,0,1,12,0,1,, -1,1,0,1,50,1,7,2021,12:10,1,87,87085,2,1,0,6,ALLENDE (QUAI SALVADOR),45.81798,1.25534,12,2,2
202100053257,106Â 534,A01,1,1,2,0,0,0,-1,-1, -1,-1,2021,43.0,1,1,0,2,1,19,0,,3,AV DE FONTAINBLEAU,0,,2,1,1,1,0,0,1,, -1,2,0,1,50,29,1,2021,13:35,1,94,94043,2,2,1,3,QUATORZE JUILLET (R DU),48.81456,2.36079,13,2,2
202100006021,191Â 032,B01,1,1,1,0,2,0,-1,-1, -1,-1,2021,28.0,2,1,0,2,0,1,1,,3,907,0,,2,2,0,1,0,0,1,, -1,2,2,1,50,27,11,2021,02:45,5,92,92012,2,2,1,3,PONT DE SAINT CLOUD (METRO),48.8411194887,2.2251471877,2,2,2
202100050882,110Â 726,A01,1,1,1,5,2,6,-1,-1, -1,-1,2021,17.0,2,1,0,2,1,1,1,,7,DE GAULLE RUE DU GENERAL,0,,2,2,2,1,(1),(1),1,, -1,1,0,1,50,17,2,2021,15:45,1,59,59368,2,2,0,1,DE GAULLE RUE DU GENERAL,50.65527,3.0737,15,2,2
202100020363,165Â 238,A01,1,1,1,5,2,6,-1,0,0,-1,2021,17.0,1,1,0,0,2,1,1,,3,59,0,,2,2,0,1,48,0,3,, -1,1,0,1,80,8,9,2021,16:00,1,35,35219,1,1,0,7,La Moisonnais,47.847028,-1.993691,16,1,1
202100033190,142Â 436,A01,1,1,1,5,2,6,-1,-1, -1,-1,2021,45.0,2,1,0,2,1,1,1,,4,PAUL (RUE MARCEL),0,,2,2,0,1,(1),(1),1,, -1,2,0,1,50,19,6,2021,17:50,1,45,45302,2,3,1,3,Rue Marcel Paul,47.94793,1.90861,17,2,2
202100021067,164Â 002,B01,1,1,2,1,1,0,-1,-1, -1,-1,2021,41.0,1,2,0,2,2,1,1,,3,CHARLES DE GAULLE (AVENUE),0,,2,2,0,2,0,0,1,, -1,1,0,1,50,2,9,2021,14:15,1,23,23096,2,1,0,3,CHARLES DE GAULLE (AVENUE),46.16985,1.87444,14,2,2
202100027183,153Â 127,A01,10,3,2,5,0,-1,-1,9,9,1,2021,52.0,0,2,0,1,4,24,1,,6,DONELIERE (RUE DE LA),0,,-1,-1,0,1,0,0,1,, -1,2,0,1,10,24,7,2021,19:00,1,35,35238,2,9,1,6,DONELIERE (RUE DE LA),48.1303710191,-1.684699908,19,2,1
202100046244,119Â 113,A01,1,1,2,5,8,0,-1,0,0,-1,2021,32.0,1,1,12,0,1,14,5,,4,BOULEVARD VICTOR,0,,1,3,0,1,(1),(1),1,, -1,1,0,1,50,28,3,2021,17:30,1,75,75115,2,3,0,7,BOULEVARD VICTOR,48.835399,2.281022,17,1,1
202100010556,182Â 863,A01,2,2,2,5,2,6,-1,0,0,-1,2021,53.0,1,1,0,2,1,2,1,,4,AVENUE DE VILLIERS,0,,2,4,0,1,(1),(1),1,, -1,1,0,1,30,28,10,2021,17:45,1,75,75117,2,3,0,2,AVENUE DE VILLIERS,48.884445,2.301213,17,3,2
202100027599,152Â 390,B01,1,1,1,0,2,6,9,0,0,-1,2021,36.0,1,1,0,2,1,1,1,,3,916,0,,2,2,0,1,5,70,1,, -1,1,0,1,70,21,7,2021,17:47,1,60,60234,1,3,0,2,D916,49.404395,2.420303,17,2,2
202100026609,154Â 142,A01,1,1,1,5,2,6,9,0,0,-1,2021,36.0,2,1,0,2,2,17,1,,3,1203,0,D,2,2,0,1,22,0,1,, -1,1,0,1,80,1,4,2021,16:00,1,74,74116,1,1,0,2,ROUTE DÃPARTEMENTALE 1203,46.060699,6.289426,16,2,2
202100009768,184Â 237,A01,1,1,1,0,8,0,-1,0,0,-1,2021,18.0,1,2,6,2,5,19,1,,4,AMOUROUX A PARTIR DES NÃ¸ 14-25,0,,2,2,0,1,(1),(1),1,, -1,1,5,1,50,2,11,2021,01:30,5,42,42218,2,3,0,3,Avenue de RochetaillÃ©e,45.4146,4.40188,1,3,2
202100022385,161Â 636,A01,10,3,1,5,0,-1,-1,0,0,-1,2021,16.0,2,2,0,0,0,26,1,,4,,-1,,2,2,0,1,(1),(1),2,,4,1,0,1,50,26,8,2021,03:00,3,22,22343,2,4,0,6,51 Rue de Bihit,48.764794271,-3.5692074895,3,5,1
202100034202,140Â 611,B01,4,2,2,0,1,0,-1,-1, -1,-1,2021,22.0,1,2,0,2,0,0,1,,1,AUTOROUTE A3,0,,3,6,0,1,7,599,1,, -1,1,9,1,90,15,6,2021,21:30,2,93,93010,1,1,0,5,AUTOROUTE A3,48.90173,2.4704,21,5,3
202100015357,174Â 261,B01,1,1,1,9,2,6,-1,0,0,-1,2021,30.0,1,1,0,2,1,1,1,,4,AVENUE DU GENERAL LECLERC,0,,2,5,1,1,(1),(1),1,, -1,1,0,1,50,3,10,2021,20:10,5,75,75114,2,3,0,3,AVENUE DU GENERAL LECLERC,48.823972,2.325726,20,2,2
202100022688,161Â 058,B01,1,1,2,2,1,0,-1,-1, -1,-1,2021,44.0,3,2,0,2,4,15,1,,4,,0,,2,2,0,2,0,0,3,, -1,1,0,1,50,24,8,2021,07:16,1,974,97411,2,9,0,2,AMAZONITES (ALLEE DES),-20.894535,55.450934,7,4,2
202100038178,133Â 406,B01,1,1,1,0,2,0,-1,-1, -1,-1,2021,23.0,2,1,0,0,7,1,1,,3,LECLERC (AVENUE DU GENERAL),0,,1,2,0,1,17,480,2,, -1,1,0,1,50,25,5,2021,15:30,1,45,45068,2,6,0,3,Avenue du GÃ©nÃ©ral Leclerc,48.0125082281,2.739371283,15,2,2
202100012072,180Â 135,B01,2,2,2,0,3,0,-1,-1, -1,-1,2021,0.0,3,2,0,2,0,0,1,,3,7,0,,1,3,0,1,0,0,1,, -1,1,0,1,30,20,10,2021,19:06,2,92,92040,2,6,0,2,RESISTANCE (PLACE DE LA),48.8217487038,2.2500032187,19,3,2
202100039914,130Â 243,B01,1,1,2,0,1,0,-1,-1, -1,-1,2021,22.0,1,2,0,2,4,2,1,,3,SAMPIERO CORSO - AV,0,,2,2,0,2,1,0,1,, -1,1,1,1,50,13,5,2021,18:10,1,202,202033,2,1,0,4,SAMPIERO CORSO - AV,42.68566,9.44635,18,4,3
202100053368,106Â 327,A01,1,1,1,5,8,-1,-1,0,0,-1,2021,21.0,1,1,0,0,9,1,1,,3,961,0,,2,2,0,1,17,300,1,, -1,1,0,1,50,29,1,2021,17:50,2,45,45230,2,1,0,7,D961,47.89478,2.52015,17,1,1