Num_Acc,id_vehicule,num_veh,place,catu,sexe,trajet,secu1,secu2,secu3,locp,actp,etatp,year_acc,victim_age,senc,catv,obs,obsm,choc,manv,motor,occutc,catr,voie,v1,v2,circ,nbv,vosp,prof,pr,pr1,plan,lartpc,larrout,surf,infra,situ,vma,jour,mois,an,hrmn,lum,dep,com,agg_,int,atm,col,adr,lat,long,hour,nb_victim,nb_vehicules
202100017333,170Â 669,A01,2,2,1,5,1,-1,-1,0,0,-1,2021,24.0,2,2,8,0,9,13,1,,3,887,-1,,2,2,0,2,(1),(1),1,, -1,1,0,3,80,22,9,2021,05:30,3,29,29042,1,9,0,6,D887 - Kergoff Portsalut,48.247815,-4.399633,5,2,1
202100000390,201Â 008,B01,1,1,1,5,2,0,-1,-1, -1,-1,2021,45.0,3,1,0,2,1,1,1,,4,MONTFAVET (Route),0,,2,4,1,1,0,9,1,, -1,1,0,1,50,10,10,2021,10:30,1,84,84007,2,1,0,3,MONTFAVET (Route),43.9407,4.82725,10,2,2
202100055295,102Â 981,B01,1,1,1,0,2,6,-1,-1, -1,-1,2021,60.0,3,1,0,2,5,23,1,,4,GRENET (AVENUE HENRI),0,,2,4,0,3,0,0,3,, -1,1,2,1,50,11,1,2021,08:16,2,64,64102,2,6,0,2,GRENET (AVENUE HENRI),43.4965083249,-1.483476162,8,2,2
202100003946,194Â 691,B01,1,1,1,4,8,0,-1,-1, -1,-1,2021,23.0,2,4,1,0,2,1,1,,1,A104,0,,3,3,0,1,8,100,1,, -1,1,0,1,90,9,12,2021,04:15,3,77,77294,1,1,0,2,A104,48.970396,2.570474,4,2,2
202100019181,167Â 346,B01,1,1,1,0,8,-1,-1,-1, -1,-1,2021,52.0,1,1,0,2,1,16,5,,4,PCE DES CAPUCINS,0,,-1,1,0,1,(1),(1),2,, -1,1,6,4,30,12,9,2021,01:48,5,33,33063,2,7,0,1,Place des Capucins,44.8306,-0.567,1,2,2
202100009282,185Â 108,B01,1,1,1,9,2,0,-1,0,0,-1,2021,31.0,1,1,0,2,4,1,5,,4,PLACE DE LA REPUBLIQUE,0,,2,4,1,1,(1),(1),3,, -1,2,-1,5,30,4,11,2021,09:00,1,75,75103,2,7,0,3,PLACE DE LA REPUBLIQUE,48.866466,2.364778,9,2,2
202100041720,127Â 034,A01,1,1,1,0,2,6,-1,0,0,-1,2021,16.0,2,1,0,2,8,19,1,,3,938,0,,2,2,0,1,12,500,1,, -1,1,5,1,80,2,5,2021,19:15,1,37,37245,1,2,0,3,La Pailleterie,47.5015883964,0.6006143242,19,2,2
202100024318,158Â 200,A01,10,3,1,5,8,8,-1,4,3,2,2021,76.0,1,1,0,1,1,1,5,,4,BOULEVARD DE SEBASTOPOL,0,,2,5,1,1,(1),(1),1,, -1,1,0,5,50,13,8,2021,19:18,1,75,75101,2,2,0,6,BOULEVARD DE SEBASTOPOL,48.860052,2.349061,19,2,1
202100002235,197Â 790,A01,1,1,1,5,1,-1,-1,-1, -1,-1,2021,18.0,3,2,0,2,8,1,1,,4,CORDONNIER. BOULEVARD,0,,2,2,0,1,0,0,1,, -1,1,0,1,50,18,12,2021,15:00,1,76,76497,1,2,0,3,CORDONNIER. BOULEVARD,49.383916,1.015887,15,2,2
202100010024,183Â 782,A01,4,2,1,5,1,5,-1,0,0,-1,2021,9.0,0,2,0,2,1,1,1,,4,HARDENCOURT (RUE D'),0,,2,2,0,1,(1),(1),1,, -1,2,0,1,50,31,10,2021,13:40,1,27,27229,2,1,1,3,HARDENCOURT (RUE D'),49.02257,1.17239,13,4,2
202100013431,177Â 725,A01,1,1,2,0,1,-1,-1,0,0,-1,2021,62.0,3,2,0,0,0,1,2,,7,106,0,D,2,2,0,1,11,700,4,, -1,1,0,3,80,13,10,2021,13:10,1,42,42032,1,1,0,7,Route du Val Fleury,45.529708,4.51456,13,1,1
202100022316,161Â 745,A01,1,1,1,1,2,6,-1,-1, -1,-1,2021,24.0,3,1,0,2,1,3,1,,3,7,0,,1,4,0,1,0,0,1,, -1,1,0,1,70,27,8,2021,18:00,1,92,92026,2,1,0,2,MARECHAL JOFFRE (QUAI DU),48.8988814302,2.2701358795,18,2,2
202100055912,101Â 934,A01,10,3,2,5,0,-1,-1,4,3,1,2021,71.0,1,2,0,1,3,15,1,,7,400,0,,2,4,2,1,(1),(1),1,, -1,2,-1,1,30,6,1,2021,17:27,5,54,54395,2,3,1,6,FUSILLES (PONT DES),48.6852942151,6.1804003268,17,2,1
202100013260,178Â 039,A01,10,3,1,5,0,-1,-1,4,3,1,2021,63.0,1,2,0,1,3,1,1,,7,BERT (PLACE PAUL),0,,3,4,0,1,1,0,1,, -1,1,5,1,50,14,10,2021,08:23,1,45,45285,2,1,0,6,BERT (PLACE PAUL),47.89882,1.87358,8,2,1
202100004652,193Â 455,A01,1,1,1,0,2,0,-1,-1, -1,-1,2021,25.0,1,1,0,2,1,17,1,,4,RESISTANCE (RUE DE LA),0,,2,2,0,1,0,0,1,, -1,1,0,1,50,11,9,2021,17:00,1,74,74012,2,1,0,3,RESISTANCE (RUE DE LA),46.196381,6.25994,17,4,2
202100052032,108Â 706,B01,10,3,1,5,0,-1,-1,1,3,1,2021,37.0,3,1,0,1,1,1,1,,7,ALPES AVENUE DES,0,,-1,0,0,1,(1),(1),1,, -1,1,0,1,50,9,2,2021,19:05,5,6,6027,2,1,0,6,ALPES AVENUE DES,43.660022,7.138739,19,2,1
202100016671,171Â 829,B01,4,2,2,5,3,0,-1,0,0,-1,2021,6.0,1,2,0,2,2,1,1,,4,AVENUE SIMON BOLIVAR,0,,2,3,0,2,(1),(1),1,, -1,1,0,1,30,26,9,2021,17:25,1,75,75119,2,3,0,2,AVENUE SIMON BOLIVAR,48.8792869984,2.3743818243,17,4,2
202100042839,125Â 091,A01,10,3,1,0,0,-1,-1,1,5,1,2021,11.0,1,2,0,1,1,1,1,,4,MULHOUSE (RUE DE),0,,2,2,0,1,(1),(1),1,, -1,1,0,1,30,17,4,2021,16:25,1,68,68066,2,1,0,6,MULHOUSE (RUE DE),48.07232,7.34251,16,2,1
202100029128,149Â 685,A01,2,2,2,3,1,8,-1,-1, -1,-1,2021,20.0,3,2,0,2,8,19,1,,6,MAGINOT (AV. ANDRE),0,,-1,-1,0,1,(1),(1),1,, -1,2,9,1,50,13,7,2021,15:55,1,37,37261,2,1,0,3,MAGINOT (AV. ANDRE),47.425575858,0.6992197037,15,4,2
202100005511,191Â 945,A01,10,3,2,2,0,-1,-1,4,3,1,2021,17.0,2,2,0,1,2,1,1,,4,YSER (AVE DE L),0,,3,2,2,1,(1),(1),1,, -1,1,0,1,30,29,11,2021,18:20,5,33,33281,2,9,0,6,YSER (AVE DE L),44.84188,-0.66332,18,2,1
202100041685,127Â 096,B01,4,2,1,5,8,0,-1,0,0,-1,2021,82.0,0,3,0,2,2,16,1,3.0,4,QUAI D AUSTERLITZ,0,,2,4,1,1,(1),(1),1,, -1,2,0,1,50,2,5,2021,14:17,1,75,75113,2,3,0,3,QUAI D AUSTERLITZ,48.84192,2.367874,14,4,2
202100027418,152Â 704,A01,8,2,1,5,1,-1,-1,0,0,-1,2021,17.0,2,2,2,0,1,1,1,,4,4228,-1,,2,2,0,2,(1),(1),3,, -1,1,0,3,80,24,7,2021,00:45,3,82,82087,1,1,0,6,4228 Route de Saint-Jean,44.123674,1.274173,0,5,1
202100050512,111Â 410,B01,1,1,1,3,1,-1,-1,0,0,-1,2021,19.0,1,2,0,2,1,1,1,,3,160,-1,,2,2,0,2,14,500,1,, -1,1,0,1,90,23,2,2021,15:25,1,49,49222,1,3,0,1,D160,47.349538,-0.576074,15,2,2
202100044112,122Â 824,A01,1,1,1,5,2,8,-1,-1, -1,-1,2021,36.0,2,0,0,0,0,2,3,,3,TOPAZES(ALLEE DES),0,,2,2,0,2,2,290,2,, -1,1,0,1,50,11,4,2021,12:55,1,974,97411,2,1,0,7,AllÃ©e des Topazes,-20.89787,55.44393,12,1,1
202100005536,191Â 902,B01,1,1,1,4,2,0,-1,0,0,-1,2021,29.0,1,0,0,2,0,1,3,,4,QUAI D AUSTERLITZ,0,,2,5,1,1,(1),(1),1,, -1,1,0,5,30,30,11,2021,11:15,1,75,75113,2,1,0,3,QUAI D AUSTERLITZ,48.841005,2.369162,11,2,2
202100007061,189Â 134,A01,10,3,1,9,8,8,-1,4,3,1,2021,18.0,1,2,0,1,1,1,1,,4,JAURES (AVENUE JEAN),0,,1,2,0,1,0,0,1,, -1,1,0,6,50,20,11,2021,21:15,5,93,93027,2,1,0,1,JAURES (AVENUE JEAN),48.92,2.407,21,2,1
202100014618,175Â 586,B01,1,1,1,1,2,0,-1,-1, -1,-1,2021,32.0,3,1,0,2,9,1,1,,7,RD 569,0,,2,2,0,1,(1),(1),1,, -1,1,0,1,80,7,10,2021,22:10,3,13,13047,1,1,0,3,RD 569,43.55093,4.97376,22,2,2
202100041379,127Â 643,A01,10,3,2,0,8,-1,-1,6,3,1,2021,84.0,3,2,0,1,4,4,1,,3,80,-1,,2,2,0,2,17,(1),3,, -1,2,0,3,50,6,5,2021,14:11,1,73,73013,2,3,1,6,Chemin Pierre Vignet,45.2159760012,6.3421046903,14,4,1
202100040331,129Â 514,B01,1,1,1,0,8,0,-1,0,0,-1,2021,79.0,0,1,0,2,7,1,5,,4,AULTERIBE (RUE),0,,2,2,0,1,(1),(1),1,, -1,1,0,1,50,8,5,2021,15:25,1,63,63113,2,1,0,6,AULTERIBE (RUE),45.81238,3.12811,15,2,2
202100033100,142Â 582,B01,1,1,1,5,8,0,-1,-1, -1,-1,2021,26.0,2,1,0,2,1,2,3,,3,39,0,,2,2,0,1,0,0,1,, -1,1,5,1,50,19,6,2021,06:00,1,92,92063,2,4,0,2,DIX-HUIT JUIN 1940 (AVENUE DU) EST,48.8651742477,2.20449619,6,2,2
202100020199,165Â 530,A01,1,1,1,0,8,0,-1,-1, -1,-1,2021,26.0,1,2,0,2,1,2,1,,2,RN 104,0,,3,2,0,1,48,0,1,, -1,1,0,1,110,8,9,2021,09:25,1,91,91570,1,1,0,4,RN 104,48.62527,2.30944,9,3,3
202100007894,187Â 627,B01,1,1,1,0,2,6,-1,0,0,-1,2021,25.0,1,1,0,2,1,1,1,,3,36,-1,,2,1,0,1,1,200,1,, -1,2,0,1,80,15,11,2021,18:25,3,32,32208,1,4,0,1,Pont de Pile,43.932675,0.614119,18,2,2
202100020289,165Â 368,A01,10,3,1,5,0,-1,-1,3,3,1,2021,63.0,1,2,0,1,1,16,1,,4,VILLEBOIS MAREUIL (BD),0,,3,4,1,1,(1),(1),3,, -1,1,0,1,50,7,9,2021,10:00,1,35,35238,2,6,0,6,VILLEBOIS MAREUIL (BD),48.10388,-1.64995,10,2,1
202100039527,130Â 944,B01,2,2,2,5,2,-1,-1,0,0,-1,2021,56.0,2,1,0,2,3,15,1,,3,81,-1,,2,2,0,1,207,500,1,, -1,1,0,1,80,19,5,2021,19:45,1,202,202314,1,1,0,3,Casa Ã  Casta,42.660028,9.235366,19,3,2
202100053071,106Â 859,A01,1,1,2,9,1,8,-1,-1, -1,-1,2021,53.0,1,2,8,0,1,1,1,,4,ELYSIQUES (VOIES DES),0,,2,2,0,1,0,0,1,, -1,2,0,1,50,30,1,2021,12:45,1,11,11262,2,1,1,6,ELYSIQUES (VOIES DES),43.18621,2.97304,12,1,1
202100011376,181Â 388,B01,1,1,2,9,1,0,-1,-1, -1,-1,2021,45.0,2,2,0,2,4,2,1,,3,CHARLES DE GAULLE (BOULEVARD),0,,1,2,0,1,1,0,3,, -1,1,0,1,70,22,10,2021,19:40,5,59,59392,2,1,0,5,CHARLES DE GAULLE (BOULEVARD),50.27952,3.98147,19,5,3
202100026816,153Â 789,A01,1,1,1,5,1,0,-1,-1, -1,-1,2021,19.0,2,2,0,2,1,1,1,,7,,0,,2,2,0,2,91,850,2,, -1,2,0,1,50,27,7,2021,12:00,1,45,45234,2,1,1,1,Avenue de Trevise,47.894517,1.899987,12,3,2
202100052178,108Â 443,A01,1,1,1,4,1,-1,-1,0,0,-1,2021,47.0,1,2,10,0,3,1,1,,3,281,-1,,2,2,0,1,1,292,1,, -1,1,0,3,80,8,2,2021,15:45,1,7,7049,1,1,0,6,Beleac,44.838869,4.322466,15,1,1
202100028683,150Â 451,B01,1,1,1,5,8,0,-1,0,0,-1,2021,25.0,2,1,0,2,4,9,5,,4,RUE CAMBRONNE,0,,2,3,0,1,(1),(1),1,, -1,1,0,1,50,16,7,2021,19:55,1,75,75115,2,2,0,5,RUE CAMBRONNE,48.84262,2.302705,19,3,3
202100043945,123Â 127,A01,1,1,2,9,1,-1,-1,0,0,-1,2021,39.0,2,2,0,0,0,0,1,,3,982,-1,,2,2,0,1,14,400,1,, -1,1,0,3,80,5,3,2021,22:10,3,51,51602,1,1,0,7,D982,48.812389,4.713264,22,1,1
202100032498,143Â 678,A01,1,1,1,0,0,-1,-1,-1, -1,-1,2021,41.0,3,1,0,2,8,0,5,,4,MIRANDA DE EBRO (RUE ),0,,2,2,0,1,1,0,1,, -1,1,0,1,50,18,6,2021,14:50,1,18,18279,2,3,0,3,MIRANDA DE EBRO (RUE ),47.21,2.06,14,2,2
202100028959,149Â 961,B01,1,1,1,5,0,-1,-1,-1, -1,-1,2021,30.0,2,2,0,2,8,1,1,,4,BOSSUET                             (R ),0,,1,1,0,1,(1),(1),1,, -1,2,0,1,50,14,7,2021,09:50,1,69,69386,2,2,1,3,BOSSUET (R),45.7678,4.85066,9,3,2
202100052000,108Â 761,A01,10,3,1,5,0,-1,-1,6,1,2,2021,25.0,0,2,1,0,1,1,1,,3,LOUIS PASTEUR (AVENUE),0,,2,2,0,1,(1),(1),1,, -1,2,0,1,50,7,2,2021,05:30,5,80,80256,2,1,1,6,LOUIS PASTEUR (AVENUE),49.915,2.2313,5,3,1
202100015892,173Â 263,A01,10,3,2,5,0,-1,-1,6,2,2,2021,28.0,1,4,0,1,7,26,1,,4,FECHT (CHEMIN DE LA),0,,2,1,0,1,(1),(1),1,, -1,1,0,3,50,23,9,2021,15:28,1,68,68066,2,1,0,6,FECHT (CHEMIN DE LA),48.106155,7.341335,15,2,1
202100028476,150Â 817,B01,4,2,2,0,1,0,-1,-1, -1,-1,2021,16.0,2,2,0,2,7,1,1,,4,GOURDON (RUE),0,,2,1,0,1,1,0,1,, -1,1,0,1,50,18,7,2021,00:50,5,18,18279,2,2,0,3,GOURDON (RUE),47.22,2.06,0,4,2
202100022090,162Â 140,A01,1,1,1,5,2,6,-1,-1, -1,-1,2021,25.0,2,1,9,0,2,14,1,,4,Georges ClÃ©menceau (Bd),0,,2,2,0,1,0,0,2,, -1,9,6,1,30,27,8,2021,18:05,1,19,19272,2,1,0,6,Georges ClÃ©menceau (Bd),45.2654022165,1.7636997144,18,1,1
202100018284,168Â 940,B01,10,3,1,2,0,-1,-1,5,3,2,2021,9.0,1,2,0,1,2,26,1,,3,MICHEL (RUE CHARLES),0,,2,2,0,1,(1),(1),1,, -1,1,0,4,30,17,9,2021,16:15,1,54,54286,2,1,0,6,Rue Charles Michel,49.17148,5.88413,16,2,1
202100022846,160Â 779,A01,2,2,1,5,0,-1,-1,0,0,-1,2021,19.0,1,6,0,6,2,1,1,,3,248,0,D,2,2,0,4,15,610,1,, -1,1,0,1,80,21,8,2021,23:00,3,61,61392,1,1,0,6,la vallÃ©e montjoie,48.943559,0.40628,23,2,1
202100038771,132Â 312,A01,1,1,2,5,2,6,-1,0,0,-1,2021,36.0,2,1,0,2,2,3,1,,4,PORTE DE LA VILLETTE,0,,1,4,0,1,25,600,1,, -1,2,0,1,70,22,5,2021,18:00,1,75,75119,2,1,0,3,PORTE DE LA VILLETTE,48.898899,2.39348,18,2,2
202100010257,183Â 370,A01,1,1,1,0,1,0,-1,-1, -1,-1,2021,29.0,2,2,0,0,1,15,1,,1,AUTOROUTE A86,0,,3,8,0,1,18,0,1,, -1,2,0,1,90,30,10,2021,02:15,3,93,93027,1,1,1,7,AUTOROUTE A86,48.92825,2.41193,2,1,1
202100036897,135Â 748,A01,2,2,1,5,2,6,-1,0,0,-1,2021,16.0,3,1,0,2,8,19,1,,3,,-1,,2,2,0,1,23,500,1,, -1,1,0,1,80,2,6,2021,17:35,1,49,49347,1,3,0,3,Route du Rocher,47.600862,-0.468257,17,3,2
202100012805,178Â 830,SA01,1,1,1,0,8,8,-1,-1, -1,-1,2021,47.0,2,1,0,2,0,0,0,,3,TROUBIRAN (CHEMIN DE),0,,2,2,0,2,1,399,1,, -1,1,5,1,50,17,10,2021,02:00,5,973,97309,1,3,0,7,TROUBIRAN (CHEMIN DE),4.9152,-52.31064,2,1,1
202100012752,178Â 926,A01,9,2,2,5,1,-1,-1,0,0,-1,2021,33.0,3,2,6,0,3,6,1,,2,1,0,A,2,2,1,4,(1),(1),1,,5,1,5,3,70,18,10,2021,03:20,5,974,97415,1,6,0,1,Route de Saint Pierre,-21.087698,55.237756,3,3,1
202100011518,181Â 129,A01,1,1,1,0,2,0,-1,-1, -1,-1,2021,35.0,2,1,0,2,0,3,0,,1,AUTOROUTE A1,0,,3,8,0,1,2,0,1,, -1,1,1,1,110,23,10,2021,19:30,5,93,93066,1,1,0,7,AUTOROUTE A1,48.9193634411,2.3575464282,19,1,1
202100005532,191Â 910,A01,2,2,2,5,2,6,-1,0,0,-1,2021,22.0,1,1,0,2,1,1,1,,4,BOULEVARD SUCHET,0,,2,4,0,1,(1),(1),1,, -1,1,0,1,50,30,11,2021,16:55,5,75,75116,2,2,0,3,BOULEVARD SUCHET,48.852999,2.261902,16,3,2
202100050964,110Â 581,A01,1,1,1,5,2,6,-1,0,0,-1,2021,38.0,1,1,15,0,1,1,1,,3,79,-1,,2,2,0,1,40,544,4,, -1,1,0,3,50,20,2,2021,17:00,1,76,76232,2,1,0,7,Grand rue RD79,49.783197,0.449882,17,2,2
202100053521,106Â 049,A01,1,1,1,5,2,-1,-1,0,0,-1,2021,69.0,2,1,0,2,0,1,5,,3,110,-1,,2,2,0,2,1,500,1,, -1,1,0,1,80,28,1,2021,15:20,1,47,47217,1,1,0,6,1610 Route de la Sauvetat,44.208311,0.799996,15,2,2
202100051784,109Â 135,A01,10,3,1,4,0,-1,-1,1,9,1,2021,28.0,0,2,0,9,1,15,1,,4,CARISTIE (RUE),0,,-1,1,0,1,0,0,1,, -1,1,0,1,30,8,2,2021,09:09,1,84,84087,2,1,0,6,CARISTIE (RUE),44.137,4.81,9,2,1
202100003043,196Â 337,A01,1,1,1,1,2,6,-1,-1, -1,-1,2021,25.0,1,1,0,2,2,3,1,,2,RN12,0,,1,2,0,1,28,0,1,, -1,1,0,1,90,14,12,2021,19:00,3,78,78423,1,1,0,5,RN12,48.79649,2.03597,19,3,3
202100013277,178Â 008,A01,1,1,2,5,1,0,-1,-1, -1,-1,2021,64.0,1,2,1,0,2,14,1,,4,GAMBETTA (BOULEVARD),0,,-1,2,0,1,(1),(1),1,, -1,1,0,1,50,14,10,2021,14:45,1,31,31483,2,1,0,7,GAMBETTA (BOULEVARD),43.10521,0.72891,14,1,1
202100047611,116Â 650,B01,3,2,2,5,1,8,-1,-1, -1,-1,2021,22.0,2,2,0,2,1,1,1,,3,ROCADE OUEST (RD 910),0,,4,5,0,1,53,400,1,, -1,2,0,1,50,16,3,2021,19:50,3,86,86194,2,1,1,3,Rocade ouest,46.600099,0.322043,19,4,2
202100050397,111Â 611,B01,1,1,1,5,2,-1,-1,0,0,-1,2021,53.0,1,1,0,0,4,11,5,,3,1090,-1,,3,2,0,1,26,(1),1,, -1,1,5,1,70,24,2,2021,15:45,1,38,38511,1,2,0,2,Route Departementale 1090,45.355493,5.953121,15,2,2
202100041592,127Â 259,A01,1,1,1,0,0,-1,-1,0,0,-1,2021,41.0,3,2,13,0,3,1,1,,3,152,-1,,2,2,0,2,0,370,2,, -1,1,0,1,90,3,5,2021,22:40,3,41,41139,1,1,0,6,D152- route des avrays,47.255207,1.52136,22,1,1
202100011682,180Â 846,A01,10,3,1,0,0,-1,-1,2,3,2,2021,7.0,2,1,0,1,2,21,3,,4,,0,,2,2,0,1,0,0,1,, -1,1,0,1,50,22,10,2021,17:40,1,92,92012,2,1,0,6,VICTOR GRIFFUELHES (RUE) - COTE IMPAIR,48.8313093574,2.2423078954,17,2,1
202100035127,138Â 915,B01,2,2,2,5,2,-1,-1,0,0,-1,2021,49.0,2,1,0,0,4,2,1,,3,D13,0,D,2,2,0,1,2,555,1,, -1,1,0,1,30,11,6,2021,23:00,3,44,44206,2,1,0,2,Rue du GÃ©nÃ©ral Charette,46.89985,-1.678247,23,3,2
202100032021,144Â 510,B01,1,1,2,0,1,-1,-1,0,0,-1,2021,60.0,0,2,0,2,3,1,1,,4,,-1,,2,2,0,2,(1),(1),3,,4,1,0,1,50,27,6,2021,17:50,1,38,38463,2,1,0,1,rue des peupliers,45.160556,5.329549,17,2,2
202100041611,127Â 225,B01,1,1,1,5,2,-1,-1,0,0,-1,2021,37.0,1,1,0,2,8,1,1,,3,98,-1,A,2,2,0,2,59,350,2,, -1,1,0,1,70,4,5,2021,18:15,1,83,83065,1,1,0,3,RD98a,43.26223,6.603553,18,2,2
202100038141,133Â 476,B01,1,1,1,1,2,6,-1,-1, -1,-1,2021,35.0,2,1,0,2,7,3,1,,1,A86.EXT,0,,-1,4,0,1,30,299,1,, -1,2,0,1,90,26,5,2021,07:15,1,94,94033,1,1,1,6,A86.EXT,48.84994,2.49093,7,2,2
202100049588,113Â 110,A01,1,1,1,1,1,0,-1,-1, -1,-1,2021,22.0,2,5,0,2,6,2,1,,1,A86 EXT,0,,3,2,0,2,41,299,1,, -1,1,0,1,90,2,3,2021,17:30,1,94,94028,1,1,0,4,A86 EXT,48.77612,2.4287,17,3,3
202100039368,131Â 232,A01,1,1,1,4,1,-1,-1,0,0,-1,2021,57.0,2,4,0,2,1,2,1,,1,64,-1,,3,4,0,1,252,217,1,, -1,1,0,1,130,20,5,2021,11:45,1,31,31107,1,1,0,2,a-64,43.310752,1.201694,11,2,2
202100022922,160Â 652,A01,1,1,2,5,1,0,-1,0,0,-1,2021,55.0,1,2,0,2,1,2,1,,4,PORTE DE LA CHAPELLE,0,,1,4,0,1,22,500,1,, -1,1,0,1,70,22,8,2021,19:45,1,75,75118,2,1,0,4,BD PERIPHERQIUE INTERIEUR,48.901089,2.352132,19,6,4
202100003832,194Â 902,A01,1,1,1,9,2,6,-1,0,0,-1,2021,31.0,1,1,0,2,2,1,1,,4,AVENUE DES TERNES,0,,2,4,0,1,(1),(1),1,, -1,1,5,1,30,9,12,2021,19:20,5,75,75117,2,5,0,2,AVENUE DES TERNES,48.880711,2.285292,19,2,2
202100000384,201Â 018,A01,2,2,2,5,8,-1,-1,0,0,-1,2021,24.0,1,2,3,0,1,26,1,,1,40,-1,,1,2,0,1,1,200,4,, -1,1,3,1,30,22,10,2021,01:40,5,74,74208,1,1,0,6,a40,45.911131,6.69442,1,2,1
202100009735,184Â 302,B01,1,1,1,5,8,0,-1,-1, -1,-1,2021,44.0,2,1,1,0,1,1,5,,4,PIERRE BROSSOLETTE(RUE),0,,2,0,0,1,0,100,1,, -1,1,0,1,30,2,11,2021,18:20,5,91,91691,2,1,0,2,PIERRE BROSSOLETTE(RUE),48.7001,2.47784,18,2,2
202100002116,198Â 013,A01,1,1,1,0,1,6,-1,-1, -1,-1,2021,28.0,1,1,4,2,9,26,1,,1,AUTOROUTE A3,0,,3,4,0,1,5,800,1,, -1,1,0,1,90,20,12,2021,05:00,3,93,93053,1,1,0,6,AUTOROUTE A3,48.8868279964,2.4735063314,5,1,1
202100039678,130Â 661,B01,2,2,2,0,1,0,-1,-1, -1,-1,2021,50.0,1,2,1,0,4,2,2,,1,AUTOROUTE A103,0,,3,4,0,2,0,699,2,, -1,2,0,1,90,15,5,2021,11:50,1,93,93053,1,1,0,4,AUTOROUTE A103,48.88783,2.47242,11,5,4
202100019555,166Â 679,B01,1,1,1,5,2,-1,-1,0,0,-1,2021,77.0,3,1,0,2,4,1,5,,5,,-1,,2,2,0,1,(1),(1),1,,3,1,0,1,40,12,9,2021,16:05,1,39,39434,1,1,0,2,,46.853243,5.685468,16,2,2
202100049104,113Â 983,A01,10,3,1,9,0,-1,-1,1,3,1,2021,23.0,1,1,0,1,1,1,0,,4,RUE DE BAYARD,0,,1,2,3,1,(1),(1),1,, -1,1,0,1,50,5,3,2021,13:03,1,31,31555,2,1,0,6,18 rue Bayard,43.60897,1.44781,13,2,1
202100031749,145Â 008,A01,1,1,1,1,2,6,-1,-1, -1,-1,2021,24.0,3,1,12,0,1,1,1,,4,GABRIEL PERI (AV),0,,1,1,0,1,1,0,1,, -1,2,0,1,50,29,6,2021,18:15,1,94,94058,2,1,1,6,GABRIEL PERI (AV),48.83717,2.50974,18,1,1
202100039231,131Â 494,B01,1,1,1,0,1,-1,-1,-1, -1,-1,2021,60.0,2,2,0,2,0,0,1,,1,ROCADE A 630,0,,3,6,0,1,18,427,1,, -1,1,0,1,90,19,5,2021,16:30,1,33,33281,1,1,0,2,Rocade Ouest A630,44.823868,-0.674453,16,2,2
202100038914,132Â 072,B01,1,1,1,0,8,0,-1,-1, -1,-1,2021,57.0,1,0,0,2,1,1,6,,4,FAGOT (RUE DU  MOULIN),0,,2,2,1,1,(1),10,1,, -1,2,0,1,50,21,5,2021,07:45,1,59,59599,2,9,1,3,FAGOT (RUE DU  MOULIN),50.724963,3.167194,7,2,2
202100008399,186Â 718,A01,1,1,1,0,8,-1,-1,0,0,-1,2021,56.0,2,2,16,0,3,1,1,,3,443,-1,,2,2,0,2,76,922,1,, -1,1,0,8,80,12,11,2021,12:00,1,10,10063,1,1,0,6,RD 443,48.360256,4.532955,12,1,1
202100007554,188Â 238,B01,1,1,1,1,1,0,-1,-1, -1,-1,2021,28.0,1,2,0,2,4,2,1,,1,AUTOROUTE A1,0,,3,10,0,1,12,600,3,, -1,1,0,1,90,18,11,2021,05:40,2,93,93005,1,1,0,2,AUTOROUTE A1,48.96374,2.47295,5,2,2
202100004880,193Â 063,A01,1,1,1,5,2,6,9,0,0,-1,2021,18.0,3,1,0,0,1,1,1,,3,7.3,0,,2,2,0,1,1,100,1,, -1,2,0,3,80,4,12,2021,20:45,3,28,28344,1,1,0,3,D 7.3,48.399178,1.743393,20,1,1
202100023150,160Â 238,A01,10,3,1,1,0,-1,-1,3,3,1,2021,20.0,2,5,0,1,1,1,1,,4,JEAN WALTER (RUE),0,,2,2,0,1,0,0,1,, -1,1,0,1,30,21,8,2021,13:10,1,92,92024,2,3,0,6,JEAN WALTER (RUE),48.910088,2.310446,13,2,1
202100006155,190Â 810,B01,1,1,1,1,2,6,-1,0,0,-1,2021,35.0,1,1,0,2,2,17,1,,2,113,0,,2,2,0,1,35,500,1,, -1,1,0,1,70,22,11,2021,13:45,1,30,30036,1,1,0,3,12 Route Nationale 113,43.78047,4.292441,13,2,2
202100033640,141Â 636,A01,10,3,1,9,0,-1,-1,2,1,1,2021,12.0,2,3,0,1,7,1,3,,4,BOULEVARD PONIATOWSKI,0,,2,6,3,1,(1),(1),1,, -1,1,-1,6,50,18,6,2021,11:20,1,75,75112,2,1,0,6,BOULEVARD PONIATOWSKI,48.835101,2.405792,11,2,1
202100038316,133Â 151,A01,1,1,1,5,8,0,-1,-1, -1,-1,2021,9.0,1,1,0,9,1,1,5,,3,MADELEINE (ROUTE DE LA),0,,1,1,0,1,2,200,1,, -1,1,0,1,50,25,5,2021,19:45,5,973,97302,2,1,0,1,MADELEINE (ROUTE DE LA),4.9196015577,-52.3218114826,19,2,2