Num_Acc,id_vehicule,num_veh,place,catu,sexe,trajet,secu1,secu2,secu3,locp,actp,etatp,year_acc,victim_age,senc,catv,obs,obsm,choc,manv,motor,occutc,catr,voie,v1,v2,circ,nbv,vosp,prof,pr,pr1,plan,lartpc,larrout,surf,infra,situ,vma,jour,mois,an,hrmn,lum,dep,com,agg_,int,atm,col,adr,lat,long,hour,nb_victim,nb_vehicules
202100019898,166Â 065,B01,1,1,2,9,2,0,-1,0,0,-1,2021,39.0,2,0,0,2,7,1,3,,4,RUE DES CLOYS,0,,1,1,0,1,(1),(1),1,, -1,1,0,1,30,9,9,2021,19:00,1,75,75118,2,2,0,3,RUE DES CLOYS,48.89268,2.340084,19,2,2
202100047733,116Â 426,B01,1,1,2,1,1,0,-1,0,0,-1,2021,30.0,1,2,0,2,1,1,1,,4,JAURES (BD JEAN),0,,1,3,0,1,(1),(1),1,, -1,2,0,1,50,7,3,2021,12:42,1,63,63113,2,1,1,3,JAURES (BD JEAN),45.7678549524,3.0829938234,12,2,2
202100008339,186Â 819,B01,1,1,1,0,1,0,-1,-1, -1,-1,2021,52.0,1,2,0,2,1,0,1,,1,AUTOROUTE A10,0,,3,6,0,2,10,600,1,, -1,2,0,1,110,13,11,2021,06:50,3,91,91661,1,1,1,5,AUTOROUTE A10,48.69304,2.22756,6,4,4
202100018323,168Â 872,B01,1,1,1,1,8,0,-1,-1, -1,-1,2021,58.0,1,1,0,2,7,12,5,,4,PECHEURS (QUAI DES),0,,3,3,1,2,0,0,1,, -1,1,0,1,50,17,9,2021,08:10,1,67,67482,2,1,0,2,PECHEURS (QUAI DES),48.5838440065,7.7585437149,8,2,2
202100034356,140Â 325,B01,1,1,1,5,0,-1,-1,0,0,-1,2021,54.0,2,0,0,2,7,1,3,,3,95,-1,,2,1,0,1,13,467,1,, -1,1,5,1,80,15,6,2021,16:00,1,44,44087,2,6,0,3,Intersection D72-D95,46.978891,-1.803989,16,2,2
202100006065,190Â 961,B01,1,1,1,5,4,0,-1,0,0,-1,2021,42.0,3,1,0,2,6,2,5,,3,111,0,D,2,2,0,1,5,40,2,, -1,2,5,1,80,27,11,2021,18:30,3,49,49035,1,3,1,2,D111,47.433941,-0.614057,18,2,2
202100048499,115Â 067,B01,1,1,1,5,2,6,-1,-1, -1,-1,2021,24.0,1,1,0,2,2,12,1,,1,A4,0,,-1,5,0,1,2,0,1,, -1,1,0,1,90,11,3,2021,16:15,1,94,94018,1,1,0,3,A4,48.8176679679,2.414811413,16,2,2
202100035018,139Â 104,A01,10,3,2,9,0,-1,-1,1,3,1,2021,19.0,1,2,0,1,2,1,1,,4,PORT (RUE DU),0,,2,2,0,1,(1),(1),1,, -1,1,0,1,50,11,6,2021,14:10,1,33,33529,2,1,0,6,Rue du Port,44.63382,-1.14467,14,2,1
202100016769,171Â 642,B01,1,1,1,5,2,6,-1,-1, -1,-1,2021,27.0,1,1,0,2,3,1,0,,1,A86 INT,0,,3,10,0,1,38,900,1,, -1,1,0,1,90,25,9,2021,16:45,1,94,94046,1,1,0,2,A86 INT,48.80364,2.44807,16,2,2
202100006967,189Â 312,A01,1,1,1,5,8,-1,-1,0,0,-1,2021,37.0,2,2,3,0,2,1,1,,2,12,0,,2,3,0,1,21,300,1,, -1,2,0,3,90,21,11,2021,20:30,3,27,27036,1,1,0,7,11 Route Nationale 12,48.7433018489,0.9717145913,20,1,1
202100021980,162Â 343,A01,1,1,1,5,0,-1,-1,0,0,-1,2021,71.0,0,1,0,0,0,1,5,,4,,-1,,2,1,0,3,(1),(1),1,,3,1,0,1,50,29,8,2021,15:20,1,49,49235,2,1,0,7,Chemin de Beniquet,47.225101,0.010456,15,1,1
202100015516,173Â 956,B01,1,1,1,0,2,6,-1,-1, -1,-1,2021,22.0,2,1,0,2,3,1,1,,3,RD 142 GlandÃ©e au grand veneur,0,,2,2,0,1,10,266,1,, -1,2,0,1,80,1,10,2021,17:30,1,77,77186,1,2,1,3,D142,48.48084,2.66696,17,2,2
202100032781,143Â 180,A01,10,3,1,3,0,-1,-1,2,3,1,2021,69.0,2,2,0,1,7,1,1,,3,1075,0,D,2,2,0,1,46,688,1,, -1,1,0,1,50,24,6,2021,10:30,1,5,5070,2,7,0,6,place de la fontaine,44.314059,5.822617,10,2,1
202100026461,154Â 403,B01,4,2,2,5,8,0,-1,-1, -1,-1,2021,38.0,3,2,0,2,3,1,1,,4,SECRETAIN (AVENUE ROGER),0,,3,5,0,1,(1),(1),1,, -1,1,5,1,50,29,7,2021,20:35,1,45,45234,2,2,0,1,Avenue Roger Secretain,47.8855227476,1.897109914,20,7,2
202100015525,173Â 935,A01,10,3,1,0,0,-1,-1,2,3,1,2021,67.0,1,5,0,1,3,7,1,,4,,0,,2,2,3,1,(1),(1),2,, -1,1,0,6,50,1,10,2021,07:20,1,69,69266,2,1,0,6,TOLSTOI (CR),45.7605070858,4.8861694336,7,2,1
202100049604,113Â 078,A01,1,1,2,0,1,8,-1,-1, -1,-1,2021,67.0,3,2,8,2,7,2,1,,3,AV PIERRE BROSSOLETTE,0,,2,2,0,1,0,0,1,, -1,1,0,1,50,1,3,2021,08:55,1,91,91161,2,3,0,7,RUE D EFFIAT,48.70031,2.3179,8,1,1
202100004781,193Â 231,A01,10,3,1,5,0,-1,-1,3,3,1,2021,61.0,1,2,0,1,1,9,1,,3,TREPILLOT RUE DE,0,,2,2,0,3,11,1250,1,, -1,2,0,1,50,2,12,2021,18:40,3,25,25056,2,6,0,6,TREPILLOT RUE DE,47.2428,6.00758,18,2,1
202100009844,184Â 101,B01,1,1,1,4,1,-1,-1,0,0,-1,2021,41.0,1,2,0,0,3,1,1,,3,94,0,D,2,2,0,1,8,160,2,, -1,2,0,1,80,3,11,2021,09:20,1,16,16096,1,1,0,1,D94,45.80529,0.56865,9,2,2
202100006411,190Â 342,A01,10,3,2,3,8,8,-1,3,3,1,2021,73.0,1,2,0,1,2,15,1,,4,FORT DES BORDES (RUE DU ),0,,2,2,0,2,0,0,1,, -1,1,0,8,50,24,11,2021,13:45,1,57,57463,2,1,0,6,FORT DES BORDES (RUE DU ),49.11437,6.22214,13,2,1
202100028357,151Â 014,A01,1,1,1,5,2,6,-1,0,0,-1,2021,30.0,2,1,0,0,0,1,1,,3,70,-1,,2,2,0,3,12,870,2,, -1,1,0,3,80,18,7,2021,18:50,1,51,51214,1,1,1,7,D70,48.980583,4.763796,18,1,1
202100004600,193Â 553,A01,1,1,2,4,1,-1,-1,0,0,-1,2021,35.0,1,2,13,2,0,1,1,,3,450,0,A,2,2,0,2,1,800,2,, -1,2,0,1,80,6,12,2021,11:00,1,63,63470,1,1,1,5,D450,45.848973,3.046732,11,5,4
202100019166,167Â 370,B01,1,1,2,0,1,0,-1,0,0,-1,2021,49.0,-1,2,0,2,1,1,1,,7,L INDUSTRIE (RUE DE),0,,1,1,0,1,(1),(1),1,, -1,2,0,1,50,4,9,2021,16:52,1,63,63164,2,2,0,3,Route de CÃ©bazat / L'Ã©tincelle,45.82287,3.13762,16,2,2
202100011013,182Â 044,A01,1,1,1,4,0,-1,-1,0,0,-1,2021,30.0,1,4,3,0,7,0,1,,1,1,0,A,3,3,0,1,116,100,1,,"13,5",1,0,3,130,27,10,2021,05:00,3,80,80002,1,1,0,7,Autoroute A1 sens Paris/Lille pk 116+100,49.838259,2.830696,5,1,1
202100023374,159Â 839,A01,1,1,1,5,2,6,-1,0,0,-1,2021,36.0,1,1,3,0,7,1,1,,3,900,0,,2,2,0,1,115,200,1,, -1,1,0,1,80,21,8,2021,14:25,1,4,4120,1,1,0,7,RD 900,44.434944,6.873965,14,1,1
202100019618,166Â 571,B01,1,1,1,0,1,-1,-1,-1, -1,-1,2021,53.0,1,2,0,2,1,1,0,,4,CONCORDE (DE LA)                    (R ),0,,1,1,0,1,(1),(1),1,, -1,1,0,1,50,10,9,2021,17:40,1,69,69388,2,3,0,3,CONCORDE (DE LA) (R),45.73215,4.86976,17,2,2
202100039195,131Â 564,B01,1,1,2,9,1,-1,-1,0,0,-1,2021,30.0,2,2,0,2,4,15,1,,3,619,0,,2,2,0,4,9,600,1,, -1,1,0,1,90,20,5,2021,08:20,1,10,10334,1,1,0,2,619,48.496232,3.534572,8,4,2
202100023428,159Â 745,A01,1,1,1,1,8,-1,-1,-1, -1,-1,2021,21.0,2,1,0,2,1,5,5,,4,PARIS (RUE DE),0,,1,1,3,1,(1),(1),1,, -1,1,5,8,30,19,8,2021,16:00,1,35,35238,2,2,0,1,PARIS (RUE DE),48.11245,-1.66618,16,2,2
202100019975,165Â 928,B01,1,1,2,9,1,-1,-1,0,0,-1,2021,39.0,2,2,0,0,8,1,1,,1,35,0,A,3,4,0,1,247,900,1,, -1,1,0,1,70,9,9,2021,16:17,1,67,67506,1,1,0,3,A35,48.673485,7.740218,16,2,2
202100000481,200Â 844,B01,1,1,2,9,1,8,-1,-1, -1,-1,2021,55.0,3,2,1,2,4,1,1,,4,BORDEAUX (AVENUE DE),0,,2,2,0,1,(1),(1),1,, -1,1,9,1,50,16,12,2021,12:37,1,11,11262,2,1,0,2,BORDEAUX (AVENUE DE),43.18207,2.98884,12,2,2
202100012387,179Â 569,B01,1,1,1,0,2,-1,-1,-1, -1,-1,2021,60.0,1,1,0,2,4,1,3,,4,ST BARTHELEMY                       (MO),0,,1,1,2,2,(1),(1),1,, -1,1,8,1,30,18,10,2021,10:50,1,69,69385,2,1,0,2,SAINT BARTHELEMY (MO),45.76036,4.82336,10,2,2
202100014419,175Â 924,B01,1,1,1,0,1,0,-1,-1, -1,-1,2021,59.0,1,2,0,0,4,2,1,,2,PARIS (R DE),0,,2,2,0,1,1,0,1,, -1,1,0,1,50,8,10,2021,20:55,5,94,94078,2,1,0,4,Rue de Paris,48.7364195561,2.4466950886,20,3,3
202100048124,115Â 725,A01,10,3,2,5,0,-1,-1,9,3,2,2021,11.0,2,2,0,1,2,1,1,,9,RUE NOLLET,0,,1,1,0,1,0,0,2,, -1,2,9,1,20,13,3,2021,18:00,1,91,91027,2,1,1,6,RUE NOLLET,48.714,2.39588,18,3,1
202100012493,179Â 376,A01,10,3,2,1,0,-1,-1,3,3,1,2021,29.0,1,1,0,2,3,18,0,,3,CHARLES GIDE (AV),0,,2,2,1,1,0,0,1,, -1,1,5,1,50,18,10,2021,16:48,1,94,94043,2,1,0,6,Avenue Charles Gide,48.80552,2.34813,16,2,1
202100056108,101Â 590,A01,2,2,1,9,1,-1,-1,0,0,-1,2021,46.0,3,2,8,0,0,1,1,,4,,-1,,2,2,0,1,(1),(1),1,, -1,1,0,1,80,6,1,2021,01:45,3,971,97125,1,2,0,6,Saint Jacques,16.275406,-61.31047,1,2,1
202100047402,117Â 039,B01,1,1,1,1,2,0,-1,-1, -1,-1,2021,39.0,1,1,0,2,4,0,1,,3,DE PRESSENSE FRANCIS,0,,2,2,0,1,1,1,1,, -1,2,0,1,50,17,3,2021,22:40,5,93,93066,2,1,1,2,DE PRESSENSE FRANCIS,48.91943,2.36096,22,2,2
202100036210,136Â 963,B01,1,1,2,0,1,0,-1,-1, -1,-1,2021,20.0,1,2,0,2,4,9,1,,1,A4,0,,3,5,0,1,6,500,1,, -1,1,0,1,90,6,6,2021,11:50,1,94,94042,1,1,0,4,A4,48.827286427,2.4692556276,11,3,3
202100047551,116Â 773,A01,1,1,1,1,1,-1,-1,0,0,-1,2021,51.0,1,2,2,0,1,1,1,,3,84,-1,,2,2,0,1,25,100,1,, -1,2,0,1,80,19,3,2021,19:20,3,81,81078,1,1,0,6,D84,43.675742,1.994468,19,1,1
202100055714,102Â 274,B01,1,1,2,0,1,-1,-1,0,0,-1,2021,52.0,0,2,0,2,3,1,1,,3,120,0,,2,2,0,2,7,900,3,, -1,1,0,1,80,9,1,2021,18:30,3,7,7261,1,1,0,1,Lieu-dit Terra,44.820397,4.727125,18,2,2
202100028773,150Â 296,B01,1,1,1,5,0,-1,-1,0,0,-1,2021,67.0,2,1,0,2,6,2,5,,3,7,-1,,1,2,0,4,(1),(1),1,, -1,1,0,1,70,16,7,2021,17:32,1,50,50616,1,1,0,2,Le Milieu de l M,48.663743,-1.353689,17,2,2
202100021500,163Â 204,A01,4,2,1,4,1,5,-1,-1, -1,-1,2021,22.0,1,2,0,2,2,17,1,,4,WALLACE (BD RICHARD) DU 17 AU 91 ET DU 3,0,,2,2,0,2,0,0,1,, -1,1,0,1,50,1,9,2021,10:17,1,92,92062,2,2,0,3,WALLACE (BD RICHARD) DU 17 AU 91 ET DU 3,48.8811314592,2.2371641226,10,4,2
202100026126,154Â 993,B01,1,1,2,0,1,0,-1,0,0,-1,2021,27.0,1,2,0,2,4,23,1,,7,MARTYRS (RUE DES),0,,2,2,0,1,(1),(1),1,, -1,1,0,1,50,23,7,2021,16:20,1,63,63164,2,6,0,2,MARTYRS (RUE DES),45.8196418179,3.1496172428,16,2,2
202100002454,197Â 387,A01,1,1,2,9,2,0,-1,0,0,-1,2021,53.0,2,1,0,2,2,17,3,,4,BOULEVARD DE CLICHY,0,,1,1,1,1,(1),(1),1,, -1,1,-1,5,30,17,12,2021,16:30,5,75,75109,2,3,0,3,BOULEVARD DE CLICHY,48.882976,2.33486,16,2,2
202100048765,114Â 600,B01,1,1,1,0,1,0,-1,-1, -1,-1,2021,37.0,1,2,0,2,4,2,1,,1,AUTOROUTE A3,0,,3,8,0,1,0,800,1,, -1,1,0,1,90,9,3,2021,15:40,1,93,93006,1,1,0,2,AUTOROUTE A3,48.86627,2.42273,15,2,2
202100008938,185Â 742,B01,1,1,2,1,2,6,-1,-1, -1,-1,2021,26.0,1,1,0,2,4,1,1,,7,PARIS. QUAI DE,0,,2,4,0,1,12,600,1,, -1,2,-1,1,50,7,11,2021,07:00,5,76,76540,2,1,0,2,PARIS. QUAI DE,49.43666,1.09974,7,2,2
202100031661,145Â 162,B01,1,1,1,5,0,-1,-1,0,0,-1,2021,13.0,1,1,0,2,7,19,5,,3,6154,0,D,2,2,0,2,24,950,1,, -1,1,0,1,70,24,6,2021,17:50,1,27,27017,1,1,0,1,D6154,48.992468,1.156075,17,2,2
202100035094,138Â 967,A01,10,3,2,0,0,-1,-1,4,3,1,2021,19.0,1,2,0,1,2,16,1,,4,STALINGRAD RUE DE,0,,2,2,0,1,0,0,1,, -1,1,0,1,50,11,6,2021,13:10,1,92,92050,2,2,0,6,STALINGRAD RUE DE,48.89415,2.19584,13,2,1
202100027871,151Â 895,A01,1,1,1,9,2,6,-1,-1, -1,-1,2021,42.0,1,1,0,2,2,1,1,,4,,0,,3,2,0,1,(1),(1),1,, -1,1,0,1,50,19,7,2021,18:41,5,974,97416,1,3,0,3,STEPHANE(CHEMIN),-21.28297,55.4796,18,2,2
202100017848,169Â 717,A01,1,1,1,5,8,0,-1,-1, -1,-1,2021,28.0,1,2,0,2,1,13,1,,7,D116,0,,2,2,0,1,5,27,1,, -1,1,0,1,70,19,9,2021,06:10,3,34,34129,1,1,0,1,D116,43.56674,3.86999,6,3,2
202100004878,193Â 066,C01,1,1,2,0,1,-1,-1,0,0,-1,2021,37.0,2,2,0,2,1,26,1,,2,1,0,,2,2,0,1,49,950,2,,7,1,0,1,80,4,12,2021,13:00,1,973,97304,1,1,0,5,RN1 PK 50,5.1075693226,-52.6383876801,13,8,4
202100009434,184Â 835,A01,10,3,2,-1,0,-1,-1,3,3,1,2021,71.0,3,2,0,1,3,1,1,,4,,0,,2,2,0,1,(1),(1),1,, -1,2,0,1,50,3,11,2021,17:25,2,39,39198,2,1,1,6,Cours Georges Clemenceau,47.09112,5.48782,17,2,1
202100030594,147Â 066,A01,1,1,1,1,8,0,-1,0,0,-1,2021,22.0,1,1,0,2,4,2,3,,4,RUE DE BELLEVILLE,0,,2,2,0,2,(1),(1),1,, -1,1,0,1,50,5,7,2021,21:35,5,75,75120,2,2,0,2,RUE DE BELLEVILLE,48.872852,2.379851,21,2,2
202100014542,175Â 709,A01,1,1,1,5,2,6,9,0,0,-1,2021,71.0,1,1,0,2,0,0,1,,3,308,0,D,2,2,0,2,5,450,3,, -1,1,0,1,80,26,6,2021,16:00,1,74,74183,1,1,0,1,Rte de Sommand,46.15537,6.513605,16,2,2
202100044373,122Â 354,A01,1,1,2,9,1,0,-1,-1, -1,-1,2021,26.0,2,2,1,0,2,14,1,,3,GROUPE MANOUCHIAN (AV DU),0,,1,2,0,1,0,0,1,, -1,2,0,1,50,10,4,2021,23:20,5,94,94081,2,1,1,1,GROUPE MANOUCHIAN (AV DU),48.79029,2.40465,23,1,1
202100043370,124Â 143,A01,1,1,2,5,2,0,-1,-1, -1,-1,2021,48.0,1,1,0,2,7,15,1,,3,180,0,,2,2,0,1,0,0,1,, -1,1,0,1,50,20,4,2021,18:00,1,92,92064,2,2,0,3,BUZENVAL,48.8518171751,2.2055000067,18,2,2
202100006832,189Â 568,A01,10,3,2,0,0,-1,-1,3,3,2,2021,25.0,3,2,0,1,2,19,1,,6,PARINOR,0,,-1,-1,0,1,0,0,1,, -1,1,9,4,50,22,11,2021,17:00,2,93,93005,2,1,0,6,PARINOR,48.9560598861,2.4762587183,17,2,1
202100008668,186Â 246,B01,1,1,1,1,2,6,-1,-1, -1,-1,2021,29.0,1,1,0,2,2,1,1,,1,86,0,,2,2,0,2,80,0,1,, -1,1,1,1,70,10,11,2021,15:25,1,92,92050,1,1,0,2,A86,48.8988122859,2.1992448349,15,2,2
202100006121,190Â 862,B01,2,1,2,0,2,6,-1,-1, -1,-1,2021,32.0,1,1,0,2,3,1,1,,4,NOISY LE SEC RUE DE,0,,1,1,0,1,0,0,1,, -1,1,0,1,50,26,11,2021,11:45,1,93,93045,2,1,0,3,NOISY LE SEC RUE DE,48.8781017102,2.4212479591,11,3,2
202100024696,157Â 502,A01,2,2,1,9,1,8,-1,-1, -1,-1,2021,59.0,1,2,0,2,4,26,1,,1,A55-Sens Marseille vers Martigues,0,,1,2,0,2,0,1,2,, -1,1,3,1,70,10,8,2021,22:30,5,13,13202,1,1,0,2,A55-Sens Marseille vers Martigues,43.31083,5.36911,22,3,2
202100007906,187Â 607,A01,1,1,1,1,1,-1,-1,0,0,-1,2021,59.0,1,2,0,2,1,13,1,,2,12,-1,,1,4,0,1,22,350,3,, -1,1,0,1,90,17,11,2021,06:45,2,27,27679,1,9,0,2,N12 PK 022.350,48.742168,0.959936,6,2,2
202100041907,126Â 709,A01,1,1,1,5,2,6,-1,-1, -1,-1,2021,19.0,2,1,0,2,3,17,1,,4,AVE DU TAILLAN-MEDOC,0,,2,2,0,3,(1),(1),3,, -1,2,2,1,50,29,4,2021,18:05,1,33,33162,2,1,1,1,Avenue du Taillan-MÃ©doc,44.87374,-0.63515,18,2,2
202100053481,106Â 118,B01,2,2,2,9,2,8,-1,0,0,-1,2021,11.0,1,1,0,2,1,1,1,,4,BOULEVARD DE COURCELLES,0,,2,4,1,1,(1),(1),1,, -1,2,0,1,50,24,1,2021,13:10,1,75,75117,2,2,1,3,BOULEVARD DE COURCELLES,48.879146,2.303144,13,3,2
202100032744,143Â 242,A01,7,2,1,5,1,-1,-1,0,0,-1,2021,17.0,0,2,6,0,1,1,1,,4,O,0,X,2,2,0,2,(1),(1),1,, -1,2,0,1,50,24,6,2021,00:00,5,69,69085,2,3,0,7,ANCIENNE EGLISE (DE L') (R),45.857477,4.845475,0,5,1
202100050277,111Â 849,B01,1,1,1,3,1,9,-1,0,0,-1,2021,49.0,2,2,0,2,8,1,1,,3,101,0,D,2,2,0,2,(1),(1),3,, -1,1,0,1,80,24,2,2021,19:10,3,971,97117,1,1,0,6,D101,16.334741,-61.359226,19,2,2
202100013198,178Â 145,A01,1,1,1,1,2,6,-1,-1, -1,-1,2021,24.0,2,1,0,2,2,3,1,,1,A86,0,,2,2,0,1,1,799,1,, -1,1,0,1,90,14,10,2021,09:50,1,92,92050,1,1,0,3,A86,48.9144082563,2.2192671027,9,2,2
202100019322,167Â 088,B01,1,1,1,1,2,8,-1,-1, -1,-1,2021,42.0,1,1,0,2,1,1,1,,4,LUPINO,0,,2,1,0,1,(1),(1),1,, -1,1,0,1,50,11,9,2021,17:50,1,202,202033,2,1,0,1,LUPINO,42.6806295771,9.4410443682,17,2,2
202100008238,186Â 987,A01,10,3,1,5,0,-1,-1,3,3,1,2021,87.0,2,1,0,1,1,1,1,,4,BRIAND (AVENUE ARISTIDE),0,,2,2,0,1,(1),(1),1,, -1,1,0,1,50,23,10,2021,18:35,5,68,68224,2,1,0,6,BRIAND (AVENUE ARISTIDE),47.7485338678,7.3242491484,18,2,1
202100025921,155Â 351,A01,10,3,2,5,0,-1,-1,6,1,1,2021,61.0,1,2,0,1,0,2,0,,2,1,0,N,3,1,0,1,6,0,1,,3,1,0,2,80,25,7,2021,18:55,3,973,97307,1,9,0,6,RN1,4.891193,-52.337408,18,2,1
202100034357,140Â 324,A01,2,2,1,5,2,6,-1,0,0,-1,2021,22.0,2,1,13,0,0,14,1,,3,80,0,D,2,1,0,1,19,500,1,, -1,1,0,1,80,16,6,2021,00:00,3,44,44021,1,1,0,7,La Gravouillere,47.064012,-1.889477,0,2,1
202100006312,190Â 502,C01,1,1,1,-1,8,-1,-1,-1, -1,-1,2021,17.0,1,1,0,2,7,19,5,,4,"""HENRI BARBUSSE (AVENUE """"DU 01 AU 80"""")",0,,-1,1,0,1,0,0,1,, -1,1,0,1,50,25,11,2021,08:25,2,93,93007,2,2,0,3,"""HENRI BARBUSSE (AVENUE """"DU 01 AU 80"""")",48.94009,2.46254,8,2,2
202100046417,118Â 807,A01,1,1,1,5,8,-1,-1,0,0,-1,2021,24.0,1,1,0,2,4,1,1,,3,1005,0,D,2,2,0,2,17,530,3,, -1,1,0,1,80,28,3,2021,14:30,1,1,1173,1,1,0,3,D1005,46.351402,6.057856,14,2,2
202100015971,173Â 119,B01,1,1,2,9,2,0,-1,-1, -1,-1,2021,45.0,2,1,0,2,4,1,5,,3,911,0,,1,3,1,1,0,0,1,, -1,1,0,5,50,30,9,2021,17:40,1,92,92024,2,1,0,2,JEAN JAURES (BD) DE (1 A 45)   (2 A 54),48.89834,2.30757,17,2,2
202100002481,197Â 337,C01,2,2,2,9,8,0,-1,-1, -1,-1,2021,30.0,3,3,0,2,1,1,1,3.0,4,986,0,,2,2,0,1,0,0,1,, -1,1,0,1,30,16,12,2021,09:25,1,92,92025,2,1,0,4,GABRIEL PERI (RUE),48.918207,2.238924,9,5,3
202100023776,159Â 120,A01,1,1,1,5,2,6,-1,0,0,-1,2021,53.0,2,1,0,0,0,1,0,,3,461,0,D,2,2,0,1,45,140,2,, -1,1,0,1,80,17,8,2021,18:20,1,25,25262,1,1,0,7,D461,47.140852,6.610587,18,1,1
202100038761,132Â 328,A01,10,3,1,2,0,-1,-1,2,3,1,2021,19.0,1,2,0,1,1,1,1,,3,ROND POINT DE L'ESPACE,0,,2,2,0,1,0,10,1,, -1,1,0,1,50,21,5,2021,12:05,1,27,27681,2,1,0,6,ROND POINT DE L'ESPACE,49.096786,1.4895455,12,2,1
202100046324,118Â 969,A01,1,1,2,1,1,-1,-1,-1, -1,-1,2021,39.0,1,2,5,0,2,14,1,,2,ROUTE NATIONALE 230,0,,3,6,0,1,42,807,1,, -1,1,0,2,90,28,3,2021,08:15,1,33,33249,1,1,0,6,Rocade Rive Droite A630,44.872073,-0.505757,8,1,1
202100027694,152Â 212,A01,1,1,2,5,2,-1,-1,-1, -1,-1,2021,23.0,1,1,0,2,1,16,1,,4,ANDRE LASSAGNE                      (QU),0,,1,3,2,1,(1),(1),1,, -1,1,0,1,50,18,7,2021,18:30,1,69,69381,2,7,0,3,ANDRE LASSAGNE (Q),45.76869,4.83828,18,2,2
202100054618,104Â 157,A01,1,1,1,1,2,6,-1,-1, -1,-1,2021,31.0,1,1,0,2,2,18,1,,3,DAILLY,0,,2,2,2,2,0,0,1,, -1,1,0,1,50,18,1,2021,17:40,5,92,92064,2,1,0,2,DAILLY,48.8446999397,2.2203371147,17,2,2
202100024534,157Â 807,B01,2,2,1,5,2,0,-1,-1, -1,-1,2021,38.0,2,1,0,2,4,2,1,,4,PRADO (AVENUE DU),0,,2,6,3,1,0,0,1,, -1,1,0,1,50,12,8,2021,19:45,1,13,13208,2,1,0,2,PRADO (AVENUE DU),43.27624,5.38952,19,3,2
202100056362,101Â 157,B01,1,1,1,1,2,-1,-1,0,0,-1,2021,53.0,2,1,0,2,0,1,5,,3,937,-1,,2,2,0,1,11,100,1,, -1,1,0,1,50,4,1,2021,08:20,1,64,64138,2,3,0,1,Impasse Cap-sus,43.230946,-0.276584,8,2,2
202100039879,130Â 306,B01,1,1,1,5,1,-1,-1,0,0,-1,2021,45.0,1,2,0,0,3,1,1,,3,69,0,,2,2,0,1,40,400,1,, -1,1,0,1,80,15,5,2021,10:35,1,37,37037,1,2,0,3,Le Buisson Rond,47.5522230598,0.4377559769,10,3,2
202100045246,120Â 847,A01,1,1,1,9,2,0,-1,0,0,-1,2021,19.0,2,1,0,2,2,1,1,,4,RUE JEAN PIERRE TIMBAUD,0,,1,1,0,2,(1),(1),1,, -1,1,0,1,50,2,4,2021,21:42,5,75,75111,2,2,0,3,RUE JEAN PIERRE TIMBAUD,48.867655,2.377284,21,2,2
202100015185,174Â 567,B01,1,1,1,2,2,6,-1,0,0,-1,2021,14.0,1,1,0,2,1,17,1,,3,98,0,A,2,2,1,1,57,500,1,, -1,1,0,1,70,6,10,2021,07:55,1,83,83065,1,1,1,3,RD98A,43.2632752682,6.5803384781,7,2,2
202100050913,110Â 671,A01,1,1,1,4,2,8,-1,-1, -1,-1,2021,39.0,2,1,0,2,1,1,1,,4,LOUBON (RUE),0,,2,2,0,2,(1),(1),3,, -1,1,0,1,50,19,2,2021,20:35,5,13,13203,2,1,0,1,LOUBON (RUE),43.312559,5.381775,20,2,2
202100046997,117Â 774,A01,1,1,1,4,1,-1,-1,0,0,-1,2021,37.0,2,2,4,0,2,17,1,,1,A13,-1,,1,1,0,1,113,300,1,, -1,1,3,1,110,23,3,2021,17:50,1,76,76484,1,1,0,7,Autoroute A13 pk 113.000,49.342936,1.060095,17,1,1
202100014775,175Â 305,A01,2,2,1,0,1,0,-1,-1, -1,-1,2021,31.0,1,2,0,0,0,26,1,,3,BD DU CERCERON,0,,2,2,0,2,3,630,3,, -1,2,0,3,50,4,10,2021,22:25,5,83,83118,2,1,1,7,BD DU CERCERON,43.43806,6.783755,22,3,1
202100010309,183Â 277,B01,1,1,1,9,2,0,-1,-1, -1,-1,2021,50.0,1,1,0,2,7,26,1,,4,CHAMPS RUE DES,0,,3,2,0,1,1,0,1,, -1,1,0,1,50,29,10,2021,17:53,1,49,49015,2,2,0,3,CHAMPS RUE DES,47.49702,-0.58908,17,3,2
202100020183,165Â 559,A01,1,1,1,0,8,-1,-1,0,0,-1,2021,59.0,2,2,2,0,1,14,1,,2,532,-1,,3,4,0,1,7,190,3,, -1,1,3,3,110,9,9,2021,00:30,3,26,26313,1,1,0,6,LACRA,44.964377,4.958707,0,1,1
202100015405,174Â 167,B01,2,2,1,0,2,-1,-1,0,0,-1,2021,16.0,2,1,0,2,1,1,1,,3,,0,,2,2,0,2,0,0,1,,4,1,0,1,50,1,10,2021,14:00,1,24,24520,2,3,0,3,Avenue JosÃ©phine Baker,44.870692,1.20618,14,3,2
202100043249,124Â 353,A01,1,1,1,0,2,-1,-1,0,0,-1,2021,15.0,0,1,0,0,2,0,1,,4,11,0,,2,2,0,1,(1),(1),1,, -1,1,0,1,50,21,4,2021,17:50,1,84,84089,2,1,0,3,Voie Communale Numero 11 de Malespine,43.681471,5.508705,17,2,2
202100024435,158Â 003,A01,2,2,1,9,1,-1,-1,0,0,-1,2021,23.0,1,5,3,2,2,17,1,,1,10,0,A,3,4,0,1,431,900,1,,10,1,0,1,130,13,8,2021,10:07,1,17,17285,1,1,0,3,"A10, PK 431+900",45.816478,-0.651283,10,3,2