Num_Acc,id_vehicule,num_veh,place,catu,sexe,trajet,secu1,secu2,secu3,locp,actp,etatp,year_acc,victim_age,senc,catv,obs,obsm,choc,manv,motor,occutc,catr,voie,v1,v2,circ,nbv,vosp,prof,pr,pr1,plan,lartpc,larrout,surf,infra,situ,vma,jour,mois,an,hrmn,lum,dep,com,agg_,int,atm,col,adr,lat,long,hour,nb_victim,nb_vehicules
202100037629,134Â 399,B01,1,1,1,0,2,6,-1,-1, -1,-1,2021,28.0,0,1,0,2,1,1,1,,4,R DE LA GRANDE CEINTURE ,0,,2,2,0,1,1,0,1,, -1,1,0,1,50,29,5,2021,10:45,1,94,94071,2,3,0,3,Route de Bonneuil,48.77051,2.5058,10,2,2
202100040521,129Â 176,A01,1,1,1,1,2,6,-1,-1, -1,-1,2021,30.0,2,1,0,0,7,1,1,,3,REPUBLIQUE (AV DE LA),0,,2,2,0,2,0,0,1,, -1,2,0,1,50,10,5,2021,04:00,5,94,94077,2,1,1,7,REPUBLIQUE (AV DE LA),48.7309,2.42485,4,1,1
202100006863,189Â 516,A01,1,1,1,5,1,-1,-1,0,0,-1,2021,19.0,2,2,13,0,2,1,1,,3,60,0,D,2,2,0,1,3,751,3,, -1,2,0,3,-1,21,11,2021,23:45,3,72,72039,1,1,1,7,la sourvanniÃ¨re,48.15239,0.43881,23,2,1
202100016696,171Â 781,A01,3,2,1,5,1,-1,-1,0,0,-1,2021,9.0,1,2,0,2,2,9,1,,3,246,0,,2,2,0,1,9,269,1,, -1,1,0,1,80,26,9,2021,13:55,1,26,26010,1,4,0,1,Route d Epinouze,45.286768,4.91003,13,4,2
202100041337,127Â 719,A01,10,3,2,5,0,-1,-1,3,3,1,2021,90.0,2,1,0,1,1,1,5,,4,,0,,2,2,2,1,0,0,1,, -1,1,0,1,50,5,5,2021,13:05,1,92,92035,2,1,0,6,Veuve Lacroix ( rue ),48.904481971,2.2360423207,13,2,1
202100035914,137Â 491,B01,1,1,1,5,2,6,-1,-1, -1,-1,2021,56.0,1,1,0,2,8,1,1,,4,MENARDIERE (RUE DE LA),0,,2,2,0,1,(1),(1),1,, -1,1,0,1,50,6,6,2021,16:20,1,37,37214,2,1,0,6,MENARDIERE (RUE DE LA),47.4192314897,0.6672048569,16,2,2
202100052628,107Â 654,A01,1,1,1,4,1,-1,-1,0,0,-1,2021,20.0,3,2,6,0,1,16,1,,4,,-1,,2,2,0,1,(1),(1),1,, -1,1,0,3,50,5,2,2021,15:20,1,77,77485,2,1,0,6,1 Rue de l'Ermitage,48.359325,2.516985,15,4,1
202100022144,162Â 055,B01,1,1,1,5,2,6,-1,0,0,-1,2021,15.0,1,1,0,2,1,1,1,,3,3,-1,,2,1,0,2,103,550,1,, -1,2,0,1,50,28,8,2021,17:22,1,51,51507,2,2,1,3,Rue Florion,49.0889753314,4.8883008347,17,2,2
202100004455,193Â 802,B01,1,1,1,5,8,-1,-1,0,0,-1,2021,71.0,2,2,0,2,1,1,1,,1,,-1,,3,2,0,2,472,950,1,,4,2,0,1,130,6,12,2021,10:30,1,42,42243,1,1,0,1,A89,45.859065,3.987098,10,3,2
202100004672,193Â 426,B01,1,1,1,5,2,0,-1,-1, -1,-1,2021,39.0,3,1,0,2,1,19,1,,4,FELIX EBOUE (Rue),0,,1,1,0,1,(1),(1),1,, -1,2,0,1,50,4,12,2021,15:55,1,973,97302,2,2,1,3,FELIX EBOUE (Rue),4.9383081617,-52.3281891346,15,2,2
202100006928,189Â 383,Y01,1,1,2,5,8,0,-1,-1, -1,-1,2021,72.0,3,1,0,2,8,2,5,,4,LAMY (BD FRANCK),0,,2,2,0,1,(1),(1),1,, -1,1,0,1,50,19,11,2021,14:00,1,17,17306,2,1,0,3,LAMY (BD FRANCK),45.62712,-1.01305,14,2,2
202100041650,127Â 155,A01,10,3,1,0,0,-1,-1,1,3,1,2021,5.0,1,2,0,1,1,1,1,,4,REPUBLIQUE (CO. DE LA) 1 A 35,0,,2,1,0,1,1,0,1,, -1,1,0,1,30,26,4,2021,17:10,1,93,93010,2,1,0,6,REPUBLIQUE (CO. DE LA) 1 A 35,48.90165,2.48,17,2,1
202100015554,173Â 882,B01,1,1,1,5,8,8,-1,-1, -1,-1,2021,19.0,2,1,1,0,1,1,5,,4,SVOB ( BOULEVARD EMMANUEL),0,,2,2,0,1,(1),(1),1,, -1,1,0,1,30,30,9,2021,18:10,1,56,56121,2,1,0,2,SVOB ( BOULEVARD EMMANUEL),47.75084,-3.36804,18,2,2
202100047115,117Â 552,A01,1,1,1,4,8,8,-1,0,0,-1,2021,44.0,1,2,0,2,9,11,3,,1,A4,0,,-1,8,0,1,5,0,1,, -1,1,0,1,90,22,3,2021,09:15,1,75,75112,1,1,0,2,A4,48.82,2.46,9,2,2
202100000015,201Â 734,B01,1,1,2,0,1,-1,-1,0,0,-1,2021,38.0,1,2,0,2,3,1,1,,3,19,-1,,2,2,0,1,39,0,1,, -1,1,0,1,90,2,12,2021,13:10,1,51,51388,1,2,0,3,D19,49.133051,4.337089,13,2,2
202100055257,103Â 053,B01,1,1,2,0,1,-1,-1,0,0,-1,2021,58.0,1,2,0,2,1,1,1,,3,20,0,D,2,2,0,1,11,700,3,, -1,2,0,1,70,14,1,2021,16:00,1,74,74128,1,1,1,1,Rte des Vallees,46.161108,6.352989,16,2,2
202100034343,140Â 345,A01,1,1,1,0,2,-1,-1,0,0,-1,2021,52.0,0,1,1,0,3,1,1,,7,62,0,D,2,2,0,2,(1),(1),1,, -1,1,9,8,50,15,6,2021,08:40,1,59,59487,2,1,0,6,17 Rue Royale,50.620349,2.907128,8,1,1
202100056518,100Â 883,B01,1,1,1,3,1,0,-1,-1, -1,-1,2021,36.0,1,2,0,2,1,1,1,,3,129,0,,2,2,0,1,2,290,1,, -1,2,0,1,70,2,1,2021,18:00,3,78,78423,1,1,1,1,VOLTA (AVENUE),48.79667,2.0505,18,2,2
202100023629,159Â 386,A01,1,1,1,1,1,-1,-1,0,0,-1,2021,21.0,1,2,0,2,1,5,1,,3,955,-1,,2,2,0,1,38,400,1,, -1,1,0,1,90,19,8,2021,14:40,1,28,28330,1,1,0,1,Departementale 955,48.048989,1.450071,14,2,2
202100030439,147Â 363,A01,1,1,1,0,2,0,-1,-1, -1,-1,2021,31.0,2,1,0,1,1,9,0,,3,CHANZY (BOULEVARD),0,,2,2,0,1,1,0,1,, -1,1,6,1,50,6,7,2021,13:20,1,93,93048,2,1,0,6,Boulevard de Chanzy,48.8586663492,2.4280707835,13,2,1
202100001171,199Â 680,B01,1,1,1,0,1,-1,-1,-1, -1,-1,2021,53.0,2,2,0,2,1,1,1,,4,ANTONIN PERRIN     (Rue),0,,2,2,3,1,(1),(1),1,, -1,2,0,1,50,27,12,2021,11:00,1,69,69266,2,3,1,3,ANTONIN PERRIN (R),45.7549057502,4.8855873942,11,2,2
202100050459,111Â 503,A01,1,1,2,1,1,0,-1,-1, -1,-1,2021,38.0,1,2,0,2,1,2,1,,4,GAUTHIER (QUAI LUCIEN),0,,2,2,0,1,0,0,1,, -1,1,0,1,50,19,2,2021,13:00,1,49,49328,2,1,0,4,GAUTHIER (QUAI LUCIEN),47.25952,-0.07314,13,4,3
202100050581,111Â 274,B01,1,1,1,5,1,8,-1,-1, -1,-1,2021,23.0,1,2,2,0,9,13,1,,7,D116,0,,2,2,0,1,5,615,3,, -1,9,0,3,50,20,2,2021,15:10,1,34,34129,1,1,0,5,D116,43.56127,3.86689,15,5,3
202100031195,145Â 976,A01,1,1,2,5,2,0,-1,0,0,-1,2021,29.0,1,1,0,2,8,13,3,,4,VOIE GEORGES POMPIDOU,0,,2,3,0,1,(1),(1),1,, -1,1,0,1,50,2,7,2021,22:00,5,75,75116,2,1,0,3,VOIE GEORGES POMPIDOU,48.849399,2.277007,22,2,2
202100010693,182Â 608,A01,10,3,1,0,0,-1,-1,4,3,1,2021,49.0,0,2,0,1,1,1,3,,4,AV DE LA FERME BRIARDE,0,,2,2,0,1,1,0,1,, -1,1,0,1,50,27,10,2021,17:00,1,77,77085,2,1,0,6,AV DE LA FERME BRIARDE,48.85583,2.75319,17,2,1
202100042229,126Â 142,A01,1,1,1,0,2,6,-1,-1, -1,-1,2021,20.0,2,1,0,2,1,26,1,,4,,0,,2,2,0,2,0,0,1,, -1,1,0,1,50,28,4,2021,17:50,1,92,92064,2,1,0,2,DAILLY,48.843328,2.220738,17,2,2
202100004385,193Â 918,B01,1,1,2,5,1,4,-1,-1, -1,-1,2021,32.0,2,2,0,2,8,1,1,,1,RN104,0,,1,3,0,1,19,0,1,, -1,2,0,1,90,7,12,2021,17:30,2,77,77517,1,1,1,2,RN104,48.906762694,2.6400744568,17,2,2
202100008946,185Â 725,A01,1,1,2,1,8,0,-1,-1, -1,-1,2021,30.0,2,1,0,2,8,26,3,,4,CHEVALIER FRANCAIS RUE DU,0,,1,0,0,1,(1),(1),1,, -1,1,0,1,50,25,10,2021,08:40,2,59,59350,2,1,0,3,CHEVALIER FRANCAIS RUE DU,50.64406,3.0872,8,2,2
202100024250,158Â 321,A01,10,3,1,9,0,-1,-1,4,3,1,2021,55.0,2,2,0,1,1,1,0,,3,980,0,,2,2,0,1,48,540,1,, -1,1,0,1,50,12,8,2021,10:45,1,71,71040,2,1,0,6,REPUBLIQUE (RUE DE LA),46.700713101,4.3891586083,10,2,1
202100024482,157Â 905,B01,1,1,1,5,1,8,-1,-1, -1,-1,2021,37.0,1,2,7,0,6,26,1,,1,AUTOROUTE A86,0,,3,7,0,1,12,899,1,, -1,1,0,1,90,12,8,2021,22:00,3,93,93066,1,1,0,4,AUTOROUTE A86,48.923181,2.34356,22,3,3
202100017744,169Â 906,A01,1,1,1,4,1,-1,-1,0,0,-1,2021,24.0,1,5,1,0,2,14,1,,2,4,-1,,3,4,0,1,39,200,1,, -1,1,0,2,110,22,9,2021,08:46,1,77,77486,1,1,0,2,Route Nationale 4,48.684649,3.07541,8,2,2
202100009631,184Â 492,A01,1,1,2,5,1,0,-1,-1, -1,-1,2021,23.0,1,2,1,0,1,16,1,,4,LILAS (ALL DES),0,,2,1,0,1,0,0,3,, -1,1,0,1,50,2,11,2021,10:30,1,94,94076,2,1,0,1,LILAS (ALL DES),48.78206,2.36388,10,1,1
202100046645,118Â 389,B01,1,1,1,1,2,0,-1,0,0,-1,2021,54.0,2,1,0,2,0,1,5,,4,RUE DES VINAIGRIERS,0,,2,2,0,1,(1),(1),1,, -1,2,0,1,30,25,3,2021,09:00,1,75,75110,2,1,1,3,RUE DES VINAIGRIERS,48.873156,2.36219,9,2,2
202100021490,163Â 225,B01,1,1,1,5,8,6,-1,-1, -1,-1,2021,31.0,2,1,0,2,1,1,1,,3,HENRI POURCHASSE (QU),0,,2,2,0,1,0,0,1,, -1,1,0,1,50,1,9,2021,19:35,1,94,94041,2,3,0,3,HENRI POURCHASSE (QU),48.80842,2.40775,19,2,2
202100009134,185Â 382,B01,2,1,1,9,2,6,-1,-1, -1,-1,2021,22.0,1,1,0,2,2,3,1,,3,RODIN (BOULEVARD),0,,2,2,0,1,0,0,1,, -1,1,0,1,30,6,11,2021,14:16,1,92,92040,2,1,0,3,Boulevard Rodin,48.8188385989,2.2581169009,14,2,2
202100044710,121Â 797,A01,1,1,1,1,1,0,-1,0,0,-1,2021,24.0,1,5,9,2,1,1,1,,4,PLACE DE WAGRAM,0,,-1,2,0,1,(1),(1),1,, -1,1,0,1,50,8,4,2021,08:55,1,75,75117,2,7,0,2,PLACE DE WAGRAM,48.8875746164,2.3046451807,8,2,2
202100044287,122Â 503,A01,1,1,1,0,2,8,-1,-1, -1,-1,2021,41.0,3,1,0,2,7,17,1,,4,VERDOUBLE (RUE DU),0,,2,2,0,1,(1),(1),1,, -1,1,9,1,50,7,4,2021,10:35,1,11,11262,2,2,0,3,VERDOUBLE (RUE DU),43.18261,2.97617,10,2,2
202100031149,146Â 056,B01,2,2,2,3,2,0,-1,-1, -1,-1,2021,19.0,2,1,0,2,7,16,1,,4,SABLIERE (RUE DE LA),0,,2,2,0,1,(1),(1),3,, -1,1,5,1,50,2,7,2021,16:50,1,21,21054,2,6,0,3,Rue Gustave Eiffel,47.0412967983,4.8445637048,16,3,2
202100045938,119Â 640,A01,10,3,2,1,0,-1,-1,5,1,1,2021,46.0,1,2,15,1,1,26,1,,4,SECOURS (RUE DU),0,,2,2,0,1,(1),(1),2,, -1,1,0,4,30,29,3,2021,12:35,1,54,54328,2,1,0,6,SECOURS (RUE DU),48.6204,6.15996,12,2,1
202100007150,188Â 988,A01,1,1,1,5,2,8,-1,-1, -1,-1,2021,66.0,1,1,0,2,1,2,1,,4,EMILE ZOLA (RUE),0,,2,2,0,1,0,0,1,, -1,1,0,1,50,18,11,2021,15:25,1,972,97209,2,1,0,1,EMILE ZOLA (RUE),14.60957,-61.07144,15,2,2
202100055186,103Â 174,B01,1,1,2,5,2,8,-1,-1, -1,-1,2021,66.0,1,0,0,2,8,1,3,,4,COURBET (AMIRAL),0,,1,1,2,1,(1),(1),2,, -1,2,0,5,50,13,1,2021,17:35,1,35,35238,2,3,1,1,COURBET (AMIRAL),48.10792,-1.70277,17,2,2
202100029194,149Â 567,B01,1,1,2,5,1,-1,-1,0,0,-1,2021,73.0,1,2,0,2,5,1,1,,3,101,-1,,2,2,0,1,10,770,1,,7,1,0,1,80,13,7,2021,16:30,1,56,56008,1,2,0,3,Prad Lann Tourlarec,47.622154,-2.893766,16,3,2
202100009852,184Â 088,A01,1,1,1,1,2,6,-1,0,0,-1,2021,43.0,1,1,0,0,0,26,1,,7,263,0,,2,3,3,2,(1),(1),1,, -1,2,0,1,50,2,11,2021,08:53,1,67,67471,2,1,1,7,56 Route de Brumath,48.624672,7.730191,8,1,1
202100027110,153Â 255,A01,2,2,2,5,1,-1,-1,0,0,-1,2021,50.0,2,2,6,0,2,1,1,,3,1508,-1,,2,2,0,1,55,900,1,, -1,1,0,3,-1,25,7,2021,19:30,1,74,74104,2,1,0,6,3728 Rte d Annecy,45.810106,6.210639,19,3,1
202100019417,166Â 925,B01,1,1,1,0,2,6,-1,0,0,-1,2021,18.0,1,1,0,2,1,1,1,,3,990,0,O,2,2,0,3,36,200,2,, -1,1,0,1,80,13,9,2021,15:50,1,73,73032,1,3,0,1,D990,45.609017,6.451753,15,3,2
202100007865,187Â 681,A01,1,1,1,0,2,6,-1,-1, -1,-1,2021,65.0,2,1,0,2,1,18,3,,3,"""LANDY RD 20, NR IMPAIRS 1 A 144""",0,,2,4,1,1,0,0,1,, -1,1,0,5,50,16,11,2021,16:30,1,93,93066,2,1,0,3,"""LANDY RD 20, NR IMPAIRS 1 A 144""",48.9153,2.35331,16,2,2
202100004087,194Â 439,A01,10,3,1,9,0,-1,-1,0,4,2,2021,2.0,0,2,0,1,1,26,1,,9,PLATRIERES (TRAVERSE DES),0,,-1,0,0,1,1,0,1,, -1,1,9,8,50,7,12,2021,08:30,1,13,13213,2,1,0,1,PLATRIERES (TRAVERSE DES),43.32,5.45,8,2,1
202100010624,182Â 744,A01,1,1,2,0,1,-1,-1,0,0,-1,2021,60.0,3,2,0,0,3,0,1,,3,,-1,,2,2,0,1,25,750,3,, -1,1,0,3,80,29,10,2021,07:15,3,36,36005,1,1,0,6,,46.745713,1.845961,7,1,1
202100056416,101Â 058,A01,1,1,1,5,1,0,-1,-1, -1,-1,2021,21.0,2,2,6,0,1,1,1,,4,ZIEM AVENUE,0,,1,1,0,1,0,0,1,, -1,2,9,1,50,1,1,2021,13:51,1,6,6027,2,1,1,7,ZIEM AVENUE,43.66407,7.15774,13,2,1
202100010802,182Â 422,A01,1,1,1,1,2,6,9,0,0,-1,2021,25.0,2,1,9,0,1,1,1,,3,623,-1,,2,2,0,3,(1),(1),2,, -1,1,0,4,50,27,10,2021,20:45,5,11,11076,2,1,0,6,Avenue des PyrÃ©nÃ©es,43.312119,1.959311,20,1,1
202100034783,139Â 538,A01,1,1,1,5,2,0,-1,0,0,-1,2021,46.0,1,1,0,2,7,15,5,,4,BOULEVARD MASSENA,0,,3,2,0,1,(1),(1),1,, -1,1,5,1,50,12,6,2021,12:00,1,75,75113,2,2,0,3,BOULEVARD MASSENA,48.818994,2.359532,12,2,2
202100025140,156Â 718,A01,1,1,2,5,2,6,-1,0,0,-1,2021,28.0,2,1,0,2,1,11,1,,4,PORTE DE LA VILLETTE,0,,1,4,0,1,25,500,1,, -1,1,0,1,70,6,8,2021,11:25,1,75,75119,2,1,0,2,PORTE DE LA VILLETTE,48.899586,2.392595,11,2,2
202100009705,184Â 355,B01,4,2,2,0,1,0,-1,-1, -1,-1,2021,11.0,1,2,0,2,0,0,1,,1,AUTOROUTE A25,0,,-1,4,0,1,61,0,1,, -1,1,0,1,130,31,10,2021,02:05,3,59,59478,1,1,0,6,AUTOROUTE A25,50.9402919301,2.4579315499,2,3,2
202100020742,164Â 556,B01,1,1,1,5,2,6,-1,0,0,-1,2021,28.0,1,1,0,2,2,1,1,,3,82,-1,,2,2,0,1,43,100,3,, -1,1,5,1,80,5,9,2021,16:16,1,63,63370,1,1,0,3,D82,45.656408,2.690492,16,3,2
202100030697,146Â 889,B01,1,1,1,2,8,0,-1,-1, -1,-1,2021,14.0,2,1,0,2,1,19,3,,4,FLORISSANT (AVENUE),0,,1,2,3,1,0,1,1,, -1,1,0,1,50,10,3,2021,08:55,1,74,74012,2,1,0,3,FLORISSANT (AVENUE),46.1949,6.2442,8,2,2
202100040487,129Â 235,A01,10,3,2,5,0,-1,-1,3,3,1,2021,85.0,1,2,0,1,1,9,1,,7,MAGA (RD-PT JEAN),0,,1,1,0,1,15,5820,1,, -1,1,0,1,50,10,5,2021,17:00,1,31,31069,2,1,0,6,MAGA (RD-PT JEAN),43.62129,1.39699,17,2,1
202100033519,141Â 859,B01,3,2,2,0,1,0,-1,-1, -1,-1,2021,49.0,1,2,0,2,4,12,1,,1,AUTOROUTE A1,0,,1,7,0,1,2,500,1,, -1,1,0,1,90,19,6,2021,01:49,5,93,93066,1,1,0,5,AUTOROUTE A1,48.92354,2.35724,1,5,3
202100007519,188Â 317,A01,1,1,1,0,1,-1,-1,0,0,-1,2021,52.0,1,2,8,2,1,1,1,,3,5,0,,2,2,0,1,13,307,1,, -1,1,0,1,-1,18,11,2021,17:40,2,10,10270,1,1,0,1,D 5,48.408836,4.250722,17,3,2
202100014215,176Â 285,B01,1,1,1,4,2,6,-1,-1, -1,-1,2021,18.0,2,1,0,2,1,2,1,,3,LEDRU ROLLIN (AV),0,,2,2,0,1,1,0,1,, -1,1,0,1,50,9,10,2021,22:30,5,94,94058,2,2,0,3,LEDRU ROLLIN (AV),48.84217,2.50135,22,2,2
202100042989,124Â 830,A01,1,1,1,5,1,9,-1,0,0,-1,2021,20.0,1,2,6,0,1,16,1,,3,D52,-1,,2,2,0,1,13,450,3,, -1,1,0,4,50,23,4,2021,01:40,4,2,2013,2,9,0,6,11 Rue de la Fontinette,49.483077,3.914378,1,1,1
202100041642,127Â 170,A01,1,1,1,0,2,6,-1,-1, -1,-1,2021,50.0,1,1,0,2,1,1,1,,3,REPUBLIQUE AVENUE DE LA,0,,2,2,2,1,0,1,1,, -1,1,9,1,50,30,4,2021,16:00,1,93,93006,2,9,0,5,REPUBLIQUE AVENUE DE LA,48.8614183534,2.4176521304,16,3,3
202100026482,154Â 360,Z01,10,3,2,0,8,8,-1,2,3,1,2021,24.0,1,1,0,1,1,17,1,,4,LIEUTAUD (COURS),0,,2,2,0,1,0,0,1,, -1,1,0,1,50,26,7,2021,16:15,1,13,13206,2,1,0,1,LIEUTAUD (COURS),43.29527,5.38161,16,2,1
202100025177,156Â 655,A01,1,1,1,5,2,6,-1,0,0,-1,2021,18.0,1,1,14,0,9,14,1,,3,654,-1,,2,2,0,2,11,0,2,, -1,1,0,8,80,7,8,2021,17:15,1,32,32404,1,1,0,7,Route dÃ©partementale D654,43.879351,0.454334,17,1,1
202100047079,117Â 618,A01,1,1,1,5,1,-1,-1,0,0,-1,2021,38.0,1,2,0,2,2,14,2,,1,7,0,,1,3,0,1,101,130,1,, -1,1,0,1,110,22,3,2021,12:55,1,26,26337,1,1,0,3,Autoroute du Soleil,44.680677,4.797335,12,5,2
202100024930,157Â 099,A01,1,1,2,5,1,-1,-1,0,0,-1,2021,24.0,1,2,6,0,9,1,1,,2,10,0,,2,2,0,1,78,900,1,,7,1,0,8,50,31,7,2021,02:30,5,202,202251,2,1,0,6,Casamozza,41.986586,9.401169,2,1,1
202100052342,108Â 158,B01,1,1,2,4,1,-1,-1,0,0,-1,2021,27.0,1,5,0,2,2,1,1,,3,1091,0,,2,2,0,1,32,235,2,, -1,5,0,1,90,7,2,2021,09:28,1,5,5079,1,1,1,1,D1091,44.979447,6.499851,9,2,2
202100036243,136Â 901,A01,1,1,1,5,1,8,-1,-1, -1,-1,2021,83.0,3,2,0,2,1,13,1,,4,CLOUSEAUX (RUE DES),0,,2,2,0,2,(1),(1),1,, -1,1,0,1,50,5,6,2021,14:55,1,41,41212,2,1,0,5,CLOUSEAUX (RUE DES),47.56781,1.37017,14,5,3
202100044063,122Â 915,A01,1,1,1,1,2,6,-1,-1, -1,-1,2021,42.0,2,1,0,2,4,1,1,,4,23,0,,2,2,0,1,0,0,1,, -1,1,9,1,25,14,4,2021,21:50,5,92,92050,2,1,0,2,boulevard AimÃ© CÃ©saire,48.8932023102,2.227383663,21,2,2
202100015167,174Â 598,B01,1,1,1,1,2,-1,-1,0,0,-1,2021,56.0,2,1,0,2,1,1,1,,3,658,-1,,2,2,2,1,(1),(1),1,, -1,1,9,1,70,6,10,2021,07:30,2,14,14538,1,1,0,3,D658,49.10104,-0.3081,7,2,2
202100030665,146Â 941,B01,1,1,1,1,2,6,9,0,0,-1,2021,51.0,1,1,0,2,1,1,1,,3,172,-1,,2,1,0,1,2,500,3,,3,1,0,3,90,6,7,2021,15:30,1,3,3235,1,3,0,3,Le Pont de Pierre,46.272387,3.50731,15,2,2
202100032319,143Â 988,B01,1,1,1,5,2,6,-1,0,0,-1,2021,23.0,2,1,0,2,1,1,1,,4,AVENUE VICTOR HUGO,0,,2,2,0,1,(1),(1),1,, -1,1,0,1,50,24,6,2021,12:10,1,75,75116,2,1,0,3,AVENUE VICTOR HUGO,48.871347,2.289291,12,2,2
202100053890,105Â 419,A01,9,2,2,5,8,-1,-1,0,0,-1,2021,25.0,1,2,8,0,6,17,1,,3,936,0,A,3,2,0,2,35,0,2,, -1,1,0,1,50,24,1,2021,17:25,1,30,30348,2,1,0,6,870 Ancienne Route de Nimes Rd 936,44.058592,4.130241,17,3,1
202100028989,149Â 909,A01,10,3,1,5,0,-1,-1,2,3,1,2021,65.0,2,2,0,1,2,7,1,,4,BOULEVARD DE MAGENTA,0,,2,4,3,2,(1),(1),1,, -1,1,0,6,50,14,7,2021,17:20,1,75,75110,2,3,0,6,BOULEVARD DE MAGENTA,48.878243,2.354303,17,2,1
202100025105,156Â 779,B01,1,1,1,5,1,-1,-1,-1, -1,-1,2021,34.0,1,2,0,2,4,23,1,,7,AMBROISE CROIZAT                    (BD),0,,3,4,0,1,1,600,1,, -1,1,0,1,50,8,8,2021,02:30,5,69,69259,2,3,0,2,AMBROISE CROIZAT (BD),45.7066,4.88747,2,2,2
202100004035,194Â 529,A01,10,3,2,5,8,8,-1,3,3,1,2021,80.0,2,2,0,1,3,1,1,,3,LAFAYETTE (AVENUE),0,,2,2,0,2,(1),(1),1,, -1,2,2,1,50,8,12,2021,18:25,5,54,54273,2,1,0,6,LAFAYETTE (AVENUE),49.16492,5.88209,18,2,1
202100013602,177Â 406,A01,1,1,1,2,2,6,-1,-1, -1,-1,2021,15.0,2,1,11,0,0,0,1,,3,MARSEILLE (BD DE),0,,3,2,0,2,0,0,3,, -1,1,0,1,50,12,10,2021,08:55,1,83,83009,2,1,0,7,MARSEILLE (BD DE),43.14605,5.7484,8,2,2
202100031171,146Â 015,B01,4,2,2,5,1,-1,-1,0,0,-1,2021,26.0,1,2,6,0,3,21,1,,3,VABRE (AVENUE DE),0,,2,2,0,1,38,760,1,, -1,1,0,1,70,3,7,2021,17:05,1,12,12176,1,2,0,6,VABRE (AVENUE DE),44.40098,2.56035,17,5,2
202100048828,114Â 486,B01,1,1,2,1,0,-1,-1,0,0,-1,2021,51.0,1,1,0,0,7,1,5,,3,20,-1,,2,2,2,1,(1),(1),1,, -1,1,0,5,50,9,3,2021,13:50,1,68,68154,2,2,0,3,68 Rue de Mulhouse,47.770823,7.346962,13,2,2
202100011665,180Â 873,B01,1,1,1,0,8,0,-1,-1, -1,-1,2021,54.0,2,5,0,0,3,23,1,,4,AUGUSTE RENOIR (RUE),0,,2,2,0,1,0,0,1,, -1,1,0,1,50,22,10,2021,10:00,1,93,93005,2,1,0,5,AUGUSTE RENOIR (RUE),48.9570177685,2.4936271327,10,5,3
202100000035,201Â 698,A01,10,3,1,4,8,8,-1,1,9,1,2021,26.0,1,2,0,1,1,16,1,,4,LASHERMES (RUE),-1,,1,1,-1,1,(1),(1),1,, -1,1,0,8,50,2,4,2021,14:25,1,43,43157,2,3,0,6,Rue Lashermes,45.0412,3.87966,14,2,1
202100017016,171Â 200,B01,1,1,1,1,2,0,-1,0,0,-1,2021,47.0,1,1,0,2,1,1,5,,4,AVENUE DE LOWENDAL,0,,2,2,0,1,(1),(1),1,, -1,1,0,1,30,22,9,2021,09:14,1,75,75107,2,4,0,3,AVENUE DE LOWENDAL,48.8534018494,2.3095683656,9,2,2
202100048369,115Â 295,A01,10,3,2,9,0,-1,-1,4,3,1,2021,19.0,1,2,0,1,2,15,1,,4,VIVIANI                             (AV),0,,3,2,2,1,(1),(1),3,, -1,2,0,1,50,11,3,2021,18:45,2,69,69259,2,2,1,6,VIVIANI (AV),45.72679,4.86256,18,4,1
202100014044,176Â 595,A01,1,1,1,5,1,-1,-1,0,0,-1,2021,20.0,1,2,2,0,1,13,1,,3,D933,-1,A,2,2,0,1,0,670,1,, -1,1,0,1,80,10,10,2021,05:30,3,71,71305,1,1,0,6,D933A,46.447867,4.895332,5,1,1
202100020667,164Â 689,A01,1,1,1,1,2,6,-1,-1, -1,-1,2021,38.0,1,1,0,2,7,3,6,,1,A86.INT,0,,1,3,0,1,30,200,1,, -1,1,0,1,90,6,9,2021,14:55,1,94,94033,1,1,0,3,A86.INT,48.850108308,2.4903935051,14,2,2
202100025399,156Â 254,A01,1,1,1,0,2,6,-1,-1, -1,-1,2021,26.0,3,1,4,0,1,1,1,,1,15,0,,3,4,0,1,4,0,2,, -1,1,3,1,70,6,8,2021,11:00,1,92,92036,1,1,0,6,AUTOROUTE A15,48.9378886633,2.297667219,11,1,1
202100001448,199Â 195,A01,1,1,2,1,1,-1,-1,-1,0,-1,2021,37.0,2,2,0,2,4,23,1,,3,SAINT PAUL   RUE,0,,2,2,0,2,5,0,3,, -1,1,0,1,50,23,12,2021,18:25,5,95,95598,2,1,0,2,SAINT PAUL   RUE,48.992844,2.310734,18,2,2
202100027939,151Â 765,A01,1,1,1,5,2,8,-1,-1, -1,-1,2021,17.0,1,1,0,2,1,3,1,,4,ROMAIN ROLLAND (BOULEVARD),0,,2,2,0,1,0,0,1,, -1,1,0,1,50,20,7,2021,15:00,1,13,13210,2,1,0,3,ROMAIN ROLLAND (BOULEVARD),43.2752435446,5.4162251824,15,3,2
202100033951,141Â 076,C01,1,1,1,0,1,-1,-1,0,0,-1,2021,59.0,2,2,0,2,8,1,1,,3,774,-1,,2,2,0,1,15,449,1,, -1,1,0,1,80,17,6,2021,14:30,1,44,44069,1,1,0,5,D774,47.382829,-2.382699,14,3,3