Num_Acc,id_vehicule,num_veh,place,catu,sexe,trajet,secu1,secu2,secu3,locp,actp,etatp,year_acc,victim_age,senc,catv,obs,obsm,choc,manv,motor,occutc,catr,voie,v1,v2,circ,nbv,vosp,prof,pr,pr1,plan,lartpc,larrout,surf,infra,situ,vma,jour,mois,an,hrmn,lum,dep,com,agg_,int,atm,col,adr,lat,long,hour,nb_victim,nb_vehicules
202100017872,169Â 675,A01,1,1,1,0,8,0,-1,0,0,-1,2021,24.0,2,1,0,2,1,3,1,,3,SAINT BERNARD CH.,0,,2,2,0,2,2,100,1,, -1,1,0,1,50,20,9,2021,08:40,1,6,6155,2,1,0,3,SAINT BERNARD CH.,43.587691,7.055555,8,2,2
202100002670,197Â 005,A01,10,3,2,3,0,-1,-1,3,3,1,2021,91.0,2,2,0,1,2,1,1,,3,920,0,,2,1,0,1,10,720,1,,"3,5",1,0,1,50,18,12,2021,10:35,1,12,12096,2,3,0,6,Boulevard Joseph Poulenc,44.522443,2.762825,10,2,1
202100038377,133Â 042,B01,5,2,2,2,1,0,-1,-1, -1,-1,2021,11.0,2,2,0,2,0,1,1,,7,CORNEBARRIEU (ROUTE DE),0,,-1,2,0,1,15,696,1,, -1,1,0,1,50,19,5,2021,11:48,1,31,31149,2,1,0,1,CORNEBARRIEU (ROUTE DE),43.62727,1.3315,11,4,2
202100006368,190Â 415,A01,2,2,2,0,1,0,-1,-1, -1,-1,2021,17.0,1,2,0,2,1,2,1,,1,AUTOROUTE A25,0,,-1,4,0,1,11,699,1,, -1,1,0,1,110,24,11,2021,18:45,3,59,59196,1,1,0,4,AUTOROUTE A25,50.638,2.94011,18,5,3
202100020870,164Â 343,B01,1,1,1,0,1,0,-1,-1, -1,-1,2021,40.0,1,2,0,2,4,2,1,,3,MERIMEE (PROSPER),0,,3,4,0,1,1,0,1,, -1,1,0,1,50,4,9,2021,11:50,1,22,22278,2,9,0,2,MERIMEE (PROSPER),48.4952078426,-2.7516082611,11,3,2
202100041228,127Â 908,A01,1,1,1,0,1,0,-1,-1, -1,-1,2021,24.0,1,2,4,0,9,1,1,,1,A86,0,,3,2,0,2,1,0,2,, -1,2,0,1,70,6,5,2021,07:35,1,94,94034,1,1,1,6,AUTOROUTE A86,48.7574006134,2.3290801048,7,1,1
202100009257,185Â 161,A01,1,1,1,5,2,6,-1,-1, -1,-1,2021,17.0,3,1,0,2,1,2,1,,4,FRANCAIS LIBRES (BD),0,,1,3,0,1,0,0,1,, -1,1,0,1,50,16,10,2021,13:35,1,30,30189,2,1,0,2,FRANCAIS LIBRES (BD),43.8305,4.3232,13,2,2
202100005618,191Â 748,A01,2,2,1,5,8,0,-1,-1, -1,-1,2021,25.0,1,2,5,0,1,0,1,,1,A47,0,,1,4,0,1,14,125,1,, -1,2,3,1,90,29,11,2021,05:15,3,42,42186,1,1,0,6,A47,45.54051,4.64292,5,2,1
202100015830,173Â 377,A01,1,1,1,5,2,6,-1,0,0,-1,2021,60.0,1,1,0,2,1,13,1,,3,15,-1,,2,2,0,1,7,750,3,, -1,1,0,1,70,2,10,2021,13:30,1,83,83059,1,1,0,1,D15 route de sainte anastasie,43.338351,6.09974,13,2,2
202100010809,182Â 411,B01,1,1,1,5,2,6,-1,0,0,-1,2021,17.0,2,1,0,2,1,1,1,,3,55,-1,D,2,2,0,2,(1),(1),1,,6,1,0,1,50,27,10,2021,15:20,1,88,88090,2,2,0,3,11 Rue Marcel Goulette,48.373189,6.294077,15,2,2
202100009430,184Â 843,A01,2,2,1,5,1,0,-1,-1, -1,-1,2021,27.0,0,2,1,0,2,1,1,,4,DOLET (RUE ETIENNE),0,,1,1,0,1,0,0,1,, -1,1,0,4,30,2,11,2021,14:00,1,50,50129,2,1,0,6,DOLET (RUE ETIENNE),49.62701,-1.64673,14,4,2
202100007376,188Â 572,A01,10,3,2,5,0,-1,-1,3,3,1,2021,63.0,3,5,0,1,4,4,1,,4,,0,,2,2,0,1,(1),(1),1,,6,1,0,1,50,19,11,2021,11:30,1,35,35236,2,1,0,6,Rue du MarÃ©chal Leclerc,47.660143,-2.073517,11,2,1
202100032697,143Â 323,B01,1,1,1,9,2,0,-1,0,0,-1,2021,32.0,1,1,0,2,1,1,3,,4,RUE HARPIGNIES,0,,2,2,0,1,(1),(1),1,, -1,1,0,1,30,23,6,2021,14:58,1,75,75120,2,3,0,3,RUE HARPIGNIES,48.858829,2.411527,14,2,2
202100050031,112Â 314,A01,1,1,1,1,2,6,-1,0,0,-1,2021,25.0,3,1,0,2,3,1,1,,4,PAUL MARCEL RUE,0,,2,2,0,4,(1),(1),3,, -1,1,0,1,50,26,2,2021,08:25,1,29,29232,1,1,0,3,Rue Marcel Paul,47.9757240193,-4.0195588158,8,2,2
202100024016,158Â 716,A01,10,3,2,0,0,-1,-1,5,1,1,2021,51.0,1,2,15,0,1,1,1,,3,BOIS SABOT (RUE DU),0,,2,2,0,2,0,0,1,, -1,1,0,4,50,15,8,2021,08:10,1,28,28134,2,1,0,1,BOIS SABOT (RUE DU),48.7386,1.36072,8,2,1
202100048206,115Â 588,A01,1,1,2,1,1,0,-1,-1, -1,-1,2021,54.0,2,2,5,0,2,14,1,,1,A51-Sens Aix en Provence vers Marseille,0,,1,2,0,1,8,50,2,, -1,1,0,8,90,13,3,2021,07:25,1,13,13015,1,1,0,7,A51-Sens Aix en Provence vers Marseille,43.45115,5.39616,7,1,1
202100032419,143Â 825,B01,1,1,2,1,1,-1,-1,0,0,-1,2021,27.0,2,2,0,2,2,1,1,,3,248,0,D,2,2,0,1,6,460,1,, -1,1,0,1,70,22,5,2021,20:20,2,33,33018,1,2,0,3,D10,45.015355,-0.394864,20,2,2
202100007349,188Â 616,B01,1,1,1,1,2,6,-1,-1, -1,-1,2021,27.0,2,1,0,2,2,2,1,,3,GENERAL LECLERC (AV DU),0,,1,2,0,1,1,0,1,, -1,1,0,1,50,19,11,2021,18:35,5,94,94046,2,1,0,3,Avenue du GÃ©nÃ©ral Leclerc,48.81199,2.4293,18,2,2
202100055959,101Â 860,A01,10,3,1,2,0,-1,-1,4,5,1,2021,12.0,1,2,0,1,2,1,1,,3,BREMENT (RUE DE) 109 A 235 - 110 A ...,0,,2,3,0,1,0,0,1,, -1,1,6,1,50,7,1,2021,14:35,1,93,93053,2,1,0,6,BREMENT (RUE DE) 109 A 235 - 110 A ...,48.8869,2.46989,14,2,1
202100009623,184Â 503,A01,10,3,2,1,0,-1,-1,3,3,1,2021,43.0,2,5,0,1,3,15,1,,4,AVENUE DAUMESNIL,0,,2,3,0,1,(1),(1),1,, -1,2,0,1,30,3,11,2021,08:00,1,75,75112,2,2,0,6,AVENUE DAUMESNIL,48.846632,2.376711,8,2,1
202100007697,187Â 996,A01,1,1,2,9,1,-1,-1,0,0,-1,2021,21.0,2,2,1,0,2,1,1,,2,13,-1,,3,4,0,1,38,130,2,, -1,1,9,8,110,18,11,2021,10:05,1,50,50615,1,1,0,2,rn13,49.499573,-1.483841,10,2,2
202100051322,109Â 933,B01,1,1,1,4,2,8,-1,-1, -1,-1,2021,31.0,2,1,0,2,8,1,1,,3,JEAN JAURES (AV),0,,2,2,0,1,1,0,1,, -1,2,0,1,50,16,2,2021,18:20,5,94,94081,2,2,1,1,JEAN JAURES (AV),48.79444,2.40226,18,2,2
202100025110,156Â 768,A01,1,1,1,5,2,0,-1,-1, -1,-1,2021,22.0,2,1,0,0,0,26,1,,3,D402,0,,2,2,0,1,53,0,1,, -1,1,0,1,80,7,8,2021,15:35,1,77,77013,1,1,0,7,D402,48.834601965,3.0874909387,15,1,1
202100043189,124Â 461,A01,10,3,1,3,0,-1,-1,4,3,1,2021,80.0,3,2,0,1,1,15,0,,3,FRANCE (AVENUE ANATOLE),0,,2,2,0,1,0,0,1,, -1,1,9,1,50,18,4,2021,17:08,1,11,11262,2,2,0,6,FRANCE (AVENUE ANATOLE),43.18551,2.99352,17,2,1
202100040971,128Â 382,A01,10,3,2,0,0,-1,-1,4,3,1,2021,15.0,0,2,0,1,2,2,1,,3,GALLIENI (AVENUE),0,,2,1,0,1,0,1,1,, -1,1,0,1,50,7,5,2021,18:00,1,93,93031,2,1,0,6,GALLIENI (AVENUE),48.96239,2.29621,18,2,1
202100013559,177Â 484,A01,1,1,1,1,1,-1,-1,-1, -1,-1,2021,29.0,2,2,0,2,1,2,1,,1,AUTOROUTE A 10,0,,3,6,0,1,537,200,1,, -1,1,0,1,130,13,10,2021,17:30,1,33,33003,1,1,0,2,AUTOROUTE A 10,44.92833,-0.470599,17,2,2
202100002105,198Â 037,A01,1,1,1,0,1,-1,-1,0,0,-1,2021,62.0,1,2,2,0,1,5,1,,3,61,0,C,2,2,0,1,0,15,1,, -1,1,5,8,80,11,12,2021,15:30,1,86,86137,1,6,0,6,D61c,47.008538,0.104915,15,1,1
202100048892,114Â 365,A01,1,1,1,9,1,-1,-1,0,0,-1,2021,20.0,3,2,15,0,1,1,1,,3,370,0,A,-1,2,0,2,0,380,4,, -1,1,0,4,70,6,3,2021,18:50,2,7,7337,2,1,0,6,D370a,45.220385,4.715794,18,1,1
202100007888,187Â 640,A01,1,1,1,4,0,-1,-1,0,0,-1,2021,48.0,1,4,13,0,1,14,1,,1,10,0,A,3,3,0,1,148,0,3,,10,1,0,8,130,17,11,2021,08:20,1,41,41206,1,1,0,7,A10,47.62987,1.352777,8,1,1
202100042711,125Â 287,A01,4,2,1,5,8,0,-1,-1, -1,-1,2021,5.0,3,2,4,0,2,0,1,,3,AV DE LA VICTOIRE,0,,2,2,0,1,1,0,1,, -1,1,0,1,50,24,4,2021,18:45,1,94,94054,2,1,0,6,Avenue de la Victoire,48.74476,2.39837,18,3,1
202100031208,145Â 955,A01,1,1,1,0,1,0,-1,-1, -1,-1,2021,55.0,1,2,-1,0,8,1,1,,4,VOIE F,0,,2,2,0,1,0,0,1,, -1,1,0,1,50,3,7,2021,20:58,1,93,93055,2,1,0,6,VOIE F,48.91437,2.41285,20,1,1
202100053901,105Â 403,A01,1,1,1,1,1,-1,-1,0,0,-1,2021,36.0,2,2,13,0,9,26,1,,3,937,0,D,2,2,0,1,18,150,1,, -1,5,0,1,90,25,1,2021,08:39,1,5,5139,1,1,0,7,D937,44.619463,5.855069,8,1,1
202100016934,171Â 353,A01,1,1,2,5,1,-1,-1,-1, -1,-1,2021,20.0,1,2,0,2,1,2,1,,4,VERN (DE),0,,3,4,0,1,(1),(1),1,, -1,1,0,1,50,23,9,2021,16:30,1,35,35238,2,1,0,2,VERN (DE),48.08584,-1.64403,16,4,2
202100043609,123Â 727,A01,1,1,1,0,1,8,-1,-1, -1,-1,2021,42.0,3,2,8,0,1,9,1,,4,ROND POINT DES DANSEUSES,0,,-1,1,0,1,0,0,1,, -1,1,9,1,50,18,4,2021,03:45,5,974,97407,2,1,0,1,ROND POINT DES DANSEUSES,-20.9502,55.30117,3,1,1
202100038134,133Â 493,B01,1,1,2,0,1,0,-1,-1, -1,-1,2021,57.0,2,2,0,2,4,2,1,,1,AUTOROUTE A1,0,,3,6,0,1,6,400,1,, -1,1,0,1,90,27,5,2021,10:20,1,93,93027,1,1,0,4,AUTOROUTE A1,48.9354,2.40218,10,4,4
202100039953,130Â 172,A01,10,3,2,0,0,-1,-1,0,3,1,2021,50.0,1,1,0,1,1,0,1,,4,MENDES FRANCE (AVENUE),0,,2,2,0,1,0,0,1,, -1,1,0,1,50,14,5,2021,11:00,1,13,13208,2,1,0,3,MENDES FRANCE (AVENUE),43.2551210652,5.3763159983,11,2,1
202100017477,170Â 382,A01,10,3,1,9,0,-1,-1,5,3,-1,2021,13.0,3,5,0,2,1,26,1,,9,SAINT MARCEL (BOULEVARD DE ),0,,2,2,0,1,0,0,1,, -1,1,0,1,50,22,9,2021,08:30,1,13,13211,2,9,0,1,SAINT MARCEL (BOULEVARD DE ),43.2875407109,5.4651018444,8,2,1
202100006631,189Â 938,A01,10,3,1,0,0,-1,-1,3,3,1,2021,71.0,3,2,0,1,1,1,1,,4,BERTHELOT (BOULEVARD),0,,2,2,0,1,(1),(1),1,, -1,1,0,1,50,19,11,2021,18:02,2,63,63075,2,1,0,6,BERTHELOT (BOULEVARD),45.77966,3.07153,18,2,1
202100015256,174Â 441,B01,1,1,1,0,2,-1,-1,0,0,-1,2021,43.0,3,1,0,2,1,13,1,,4,,-1,,2,2,0,1,0,0,3,,4,1,0,1,30,2,10,2021,21:05,5,83,83070,2,1,0,1,Quai Baptistin Pins,43.13781,6.377386,21,2,2
202100035641,138Â 011,B01,1,1,2,5,1,-1,-1,0,0,-1,2021,48.0,0,2,0,0,4,1,1,,3,316,0,A,3,1,0,1,20,670,1,, -1,1,0,1,80,9,6,2021,10:00,1,27,27275,2,6,0,2,Route d Angreville,49.156969,1.349065,10,2,2
202100026187,154Â 886,B01,9,2,2,5,3,-1,-1,0,0,-1,2021,3.0,1,2,8,0,8,15,1,,3,1,0,,2,2,0,1,24,900,1,,"5,5",1,0,1,50,31,7,2021,18:10,1,79,79090,2,3,0,3,intersction de la D1 et de la D106,46.114955,-0.342464,18,6,2
202100017631,170Â 105,B01,1,1,2,0,1,0,-1,0,0,-1,2021,40.0,3,2,0,2,1,1,1,,7,CHARME (RUE DE LA),0,,2,2,0,1,(1),(1),1,, -1,1,0,1,50,20,9,2021,16:53,1,63,63113,2,1,0,1,CHARME (RUE DE LA),45.81159,3.1318,16,3,2
202100006989,189Â 268,A01,2,2,1,5,1,-1,-1,-1,0,-1,2021,27.0,1,2,4,0,3,13,1,,2,RN 184,0,,1,4,0,3,3,200,3,, -1,2,0,1,70,21,11,2021,16:05,1,95,95572,1,1,1,6,RN 184,49.034592,2.113404,16,2,1
202100053206,106Â 632,B01,1,1,1,9,2,0,-1,-1, -1,-1,2021,38.0,3,1,0,2,4,15,1,,4,COMMERCE (RUE DU),0,,1,2,0,1,(1),(1),1,, -1,1,5,1,50,29,1,2021,21:10,5,37,37261,2,2,0,2,COMMERCE (RUE DU),47.3949525043,0.6844305395,21,2,2
202100031387,145Â 648,A01,1,1,1,5,2,6,-1,0,0,-1,2021,34.0,1,1,0,0,1,1,1,,3,4085,0,,2,2,0,2,103,800,2,, -1,1,0,1,80,2,7,2021,16:05,1,4,4039,1,1,0,7,RD 4085,43.836365,6.546693,16,1,1
202100047541,116Â 787,B01,1,1,1,4,2,0,-1,-1, -1,-1,2021,20.0,2,1,0,0,2,1,1,,3,VICTOR HUGO (AVE)  131 A 165,0,,2,2,0,1,0,1,1,, -1,2,0,1,50,18,3,2021,20:35,5,93,93001,2,1,1,3,VICTOR HUGO (AVE)  131 A 165,48.9095332019,2.3784734882,20,2,2
202100026185,154Â 891,A01,2,2,1,5,1,-1,-1,0,0,-1,2021,26.0,3,2,0,0,9,15,1,,4,,-1,,-1,2,0,1,(1),(1),2,,4,6,0,8,-1,1,8,2021,18:40,1,67,67360,1,1,0,7,Rue du Moulin,48.1948915511,7.4929118156,18,2,1
202100014672,175Â 486,A01,1,1,1,0,1,-1,-1,0,0,-1,2021,42.0,1,2,0,2,5,12,1,,1,39,0,,1,2,0,1,4,400,1,, -1,1,0,1,110,8,10,2021,14:10,1,21,21171,1,1,0,3,A39 Pk 004+400,47.280947,5.124843,14,2,2
202100019562,166Â 666,B01,1,1,1,5,0,0,-1,0,0,-1,2021,16.0,1,1,0,0,6,1,5,,3,987,-1,,2,2,0,1,14,950,1,, -1,1,0,1,70,11,9,2021,17:30,1,3,3053,1,1,0,2,Route de Bellenaves,46.23344,3.14683,17,2,2
202100033941,141Â 093,B01,1,1,1,5,1,-1,-1,0,0,-1,2021,80.0,2,2,0,2,3,1,1,,3,951,-1,,2,2,0,1,3,100,3,, -1,1,0,5,30,17,6,2021,15:15,1,10,10420,2,9,0,3,Rue du Pont du Roi,48.586913,3.552479,15,2,2
202100020038,165Â 811,B01,1,1,1,0,1,0,-1,-1, -1,-1,2021,18.0,3,1,15,0,7,15,1,,4,montgaillard (route de),0,,2,2,0,2,0,0,1,, -1,1,5,1,50,6,9,2021,08:00,1,974,97411,2,3,0,3,montgaillard (route de),-20.89874,55.46749,8,2,2
202100030967,146Â 398,D01,1,1,1,0,1,0,-1,-1, -1,-1,2021,45.0,1,2,0,2,4,2,1,,1,AUTOROUTE A3,0,,3,3,0,1,12,100,1,, -1,1,0,1,90,4,7,2021,16:00,1,93,93007,1,1,0,4,AUTOROUTE A3,48.94366,2.47769,16,5,4
202100002435,197Â 418,A01,1,1,1,1,2,8,-1,-1, -1,-1,2021,17.0,1,1,6,2,2,17,1,,7,MITTERRAND (AVENUE FRANCOIS),0,,2,2,0,2,0,0,2,, -1,1,0,1,50,17,12,2021,07:15,5,13,13071,2,9,0,6,MITTERRAND (AVENUE FRANCOIS),43.39382,5.344,7,2,2
202100009026,185Â 580,A01,1,1,1,5,8,6,-1,0,0,-1,2021,48.0,1,1,13,0,1,1,1,,3,951,0,,2,2,0,1,65,900,1,, -1,1,0,3,80,6,11,2021,18:10,3,45,45324,1,1,0,7,Route de Jargeau,47.813291,2.171162,18,1,1
202100021013,164Â 102,A01,10,3,1,5,0,-1,-1,1,1,1,2021,12.0,1,2,0,1,3,1,1,,3,PARC (AVENUE DU),0,,2,2,0,1,1,906,2,, -1,1,0,1,70,2,9,2021,20:25,1,77,77368,1,1,0,6,D1E,48.54318,3.28679,20,2,1
202100037543,134Â 554,A01,1,1,1,5,2,6,-1,-1, -1,-1,2021,61.0,1,1,0,2,6,11,1,,7,RD383   7.640 A 11.044,0,,3,9,0,2,8,500,1,, -1,1,0,1,70,29,5,2021,14:10,1,69,69029,1,1,0,2,RD383   7.640 A 11.044,45.74432,4.90604,14,2,2
202100049524,113Â 233,A01,1,1,1,1,2,0,-1,0,0,-1,2021,29.0,1,1,14,0,1,1,1,,4,BOULEVARD DE DOUAUMONT,0,,1,1,0,1,(1),(1),1,, -1,1,8,1,30,1,3,2021,21:50,5,75,75117,2,1,0,7,BOULEVARD DE DOUAUMONT,48.894675,2.306238,21,1,1
202100052049,108Â 678,B01,1,1,1,4,2,8,-1,-1, -1,-1,2021,42.0,1,1,0,2,8,13,1,,3,CERISAIE (AV DE LA),0,,2,2,0,1,1,0,1,, -1,1,9,1,30,9,2,2021,13:46,1,94,94034,2,9,0,1,Avenue de la Cerisaie,48.752692,2.329636,13,2,2
202100026625,154Â 115,A01,1,1,1,0,2,6,-1,-1, -1,-1,2021,49.0,2,1,0,2,3,15,1,,7,PETIT (ROND POINT HENRI),0,,4,3,0,1,11,200,2,, -1,1,0,1,50,28,7,2021,08:57,1,83,83069,2,1,0,3,PETIT (ROND POINT HENRI),43.11323,6.12424,8,2,2
202100025094,156Â 799,A01,3,2,1,0,1,8,-1,-1, -1,-1,2021,18.0,1,2,3,6,3,21,1,,2,RN12 INT,0,,-1,2,0,1,35,200,1,, -1,9,0,1,110,7,8,2021,04:35,3,78,78490,1,1,0,6,RN12 INT,48.800429,1.938906,4,3,1
202100022300,161Â 772,A01,10,3,1,5,0,-1,-1,2,5,1,2021,31.0,1,2,0,1,1,1,1,,4,BOULEVARD DE MENILMONTANT,0,,1,2,1,1,(1),(1),1,, -1,1,0,1,30,27,8,2021,17:00,1,75,75111,2,1,0,6,BOULEVARD DE MENILMONTANT,48.863539,2.38657,17,2,1
202100009732,184Â 306,A01,1,1,1,1,2,6,-1,-1,0,-1,2021,44.0,1,1,13,2,7,14,1,,3,LUAT  ( CHEMIN DU ),0,,2,2,0,1,2,350,1,, -1,1,0,1,50,2,11,2021,15:45,1,95,95539,2,1,0,3,LUAT  ( CHEMIN DU ),49.0126,2.35187,15,2,2
202100027770,152Â 072,A01,1,1,2,5,2,6,-1,0,0,-1,2021,28.0,3,1,14,0,7,16,3,,4,QUAI FRANCOIS MITTERRAND,0,,1,5,0,1,(1),(1),1,, -1,1,0,1,50,20,7,2021,23:45,5,75,75101,2,2,0,6,QUAI FRANCOIS MITTERRAND,48.860132,2.333357,23,1,1
202100011491,181Â 187,A01,1,1,1,2,0,-1,-1,0,0,-1,2021,15.0,3,1,0,2,7,1,5,,4,,-1,,2,2,0,1,(1),(1),3,,4,1,0,1,50,20,10,2021,08:00,2,33,33199,2,6,0,3,Cours de la Marne,44.633757,-1.059633,8,2,2
202100019809,166Â 239,B01,1,1,2,1,2,-1,-1,-1, -1,-1,2021,41.0,2,1,5,2,9,1,1,,1,ROCADE A 630,0,,3,4,0,1,34,377,1,, -1,1,2,1,70,10,9,2021,12:15,1,33,33039,1,1,0,7,ROCADE A 630,44.806052,-0.529673,12,3,2
202100014109,176Â 470,A01,1,1,1,5,2,6,-1,-1,0,-1,2021,21.0,2,1,0,2,3,12,1,,1,AUTOROUTE A15,0,,3,6,0,1,6,500,1,, -1,1,0,1,90,9,10,2021,17:50,1,95,95018,1,1,0,5, A15,48.9549,2.2782,17,3,3
202100037192,135Â 203,A01,1,1,1,0,2,0,-1,-1, -1,-1,2021,36.0,2,1,0,2,1,1,1,,2,RN 184,0,,3,4,0,1,18,40,1,, -1,1,5,1,90,31,5,2021,09:51,1,78,78551,1,9,0,3,RN 184,48.952399,2.093069,9,2,2
202100006712,189Â 784,A01,1,1,1,0,1,8,-1,0,0,-1,2021,75.0,1,2,6,0,2,14,1,,3,DRAGUIGNAN (ROUTE DE) - D2562-,0,,2,2,0,1,7,731,4,, -1,1,0,1,50,20,11,2021,19:45,5,6,6069,1,1,0,6,DRAGUIGNAN (ROUTE DE) - D2562-,43.645199,6.894583,19,1,1
202100038130,133Â 503,A01,2,2,2,5,1,-1,-1,-1,0,-1,2021,23.0,2,5,3,0,1,21,1,,3,RD 170 ,0,,3,5,0,1,0,50,1,, -1,1,0,1,70,27,5,2021,16:50,1,95,95277,1,1,0,6,RD 170 ,48.97451,2.48487,16,2,1
202100039845,130Â 358,A01,1,1,2,5,8,0,-1,0,0,-1,2021,24.0,0,1,0,0,0,19,3,,4,COURS LA REINE,0,,1,2,0,1,(1),(1),1,, -1,2,0,1,50,15,5,2021,17:00,1,75,75108,2,1,1,7,COURS LA REINE,48.864158,2.31984,17,1,1
202100006488,190Â 203,B01,1,1,1,1,2,6,-1,-1, -1,-1,2021,56.0,0,1,0,2,1,0,1,,4,63,0,,2,2,0,1,0,0,1,, -1,1,0,1,50,24,11,2021,18:20,5,92,92020,2,2,0,3,REPUBLIQUE AV. NÂ°27 A 105 ET 26 A 178,48.804064,2.297833,18,2,2
202100008278,186Â 916,A01,10,3,2,0,0,-1,-1,3,3,1,2021,48.0,2,2,0,1,3,1,1,,4,,0,,2,2,0,1,0,0,1,, -1,2,6,1,30,13,11,2021,11:17,1,92,92012,2,2,0,6,PEUPLIERS (RUE DES),48.8343742988,2.2546617994,11,2,1
202100039862,130Â 330,A01,2,2,2,5,2,-1,-1,0,0,-1,2021,43.0,1,6,13,0,0,2,1,,3,117,0,D,2,2,0,1,3,500,1,, -1,1,0,1,80,16,5,2021,11:05,1,62,62881,1,3,0,6,D117,50.227133,2.168105,11,4,2
202100025434,156Â 200,A01,1,1,2,0,1,0,-1,-1, -1,-1,2021,33.0,1,2,0,2,1,1,1,,3,MICHELET (BOULEVARD EDMOND),0,,3,4,0,1,0,0,1,, -1,1,0,1,50,4,8,2021,18:35,1,66,66136,2,1,0,2,MICHELET (BOULEVARD EDMOND),42.70105,2.88354,18,3,2
202100028332,151Â 053,B01,1,1,1,4,2,6,-1,-1, -1,-1,2021,28.0,1,1,0,2,2,1,1,,3,JEAN LOLIVE (AVENUE)(137/FIN ET 134/FIN),0,,1,2,0,1,0,1,1,, -1,1,0,1,50,17,7,2021,22:10,3,93,93055,2,1,0,3,JEAN LOLIVE (AVENUE)(137/FIN ET 134/FIN),48.8930313052,2.4128029346,22,2,2
202100027731,152Â 145,A01,10,3,2,1,0,-1,-1,3,3,1,2021,53.0,1,2,0,1,1,1,1,,4,CARNOT (RUE SADI),0,,2,2,0,3,0,0,1,, -1,1,0,1,50,8,7,2021,07:30,1,49,49099,2,6,0,6,CARNOT (RUE SADI),47.06294,-0.86621,7,2,1
202100049241,113Â 739,B01,3,2,1,5,3,0,-1,0,0,-1,2021,2.0,1,2,11,2,2,2,1,,3,MARTINET (BOULEVARD DU),0,,2,3,0,1,3,80,1,, -1,1,5,1,50,4,3,2021,09:51,1,65,65440,2,3,0,3,D935B Boulevard du Martinet,43.236815,0.08346,9,3,2
202100042696,125Â 313,B01,1,1,1,1,2,8,-1,0,0,-1,2021,28.0,2,1,0,2,1,1,1,,4,QUAI DE L HOTEL DE VILLE,0,,2,2,0,1,(1),(1),1,, -1,1,0,1,50,23,4,2021,18:19,1,75,75104,2,2,0,6,QUAI DE L HOTEL DE VILLE,48.8543645326,2.3549419641,18,3,2
202100008524,186Â 497,A01,1,1,1,5,2,-1,-1,0,0,-1,2021,17.0,1,1,0,2,1,17,1,,3,122,-1,,2,2,0,2,0,780,3,, -1,1,0,1,50,12,11,2021,16:45,1,26,26160,2,9,0,1,Route de Beausemblant,45.209553,4.819087,16,2,2
202100015889,173Â 268,A01,1,1,2,0,1,0,-1,-1, -1,-1,2021,20.0,3,2,0,2,1,2,1,,4,DURAND GEORGES (AV) NÂ° PAIRS 312 A 460,0,,3,2,2,1,0,0,1,, -1,1,0,1,50,29,9,2021,10:55,1,72,72181,2,1,0,2,DURAND GEORGES (AV) NÂ° PAIRS 312 A 460,47.96679,0.21987,10,2,2
202100053193,106Â 653,B01,2,2,2,5,2,8,-1,-1, -1,-1,2021,17.0,1,1,0,2,0,9,1,,4,REPUBLIQUE (AVE DE LA ),0,,-1,1,0,1,(1),(1),1,, -1,1,0,1,50,18,1,2021,17:12,5,62,62624,2,1,0,3,REPUBLIQUE (AVE DE LA ),50.41451,2.98452,17,3,2
202100033584,141Â 736,A01,1,1,2,5,8,0,-1,-1, -1,-1,2021,62.0,3,1,0,4,1,1,5,,9,RD 158,0,,2,2,0,1,0,0,1,, -1,1,0,1,50,13,6,2021,09:45,1,49,49099,1,1,0,6,RD 158,47.0677,-0.8115,9,1,1
202100016970,171Â 288,B01,1,1,2,5,1,0,-1,0,0,-1,2021,60.0,1,2,0,2,3,11,1,,3,GUILLOU (BOULEVARD YVES),0,,3,4,0,2,1,0,1,, -1,1,9,1,50,21,9,2021,13:00,1,14,14118,2,1,0,3,GUILLOU (BOULEVARD YVES),49.1722,-0.38419,13,2,2
202100000142,201Â 493,B01,1,1,2,1,1,-1,-1,-1, -1,-1,2021,62.0,1,2,0,2,4,1,1,,3,,-1,,2,4,0,1,32,1100,1,, -1,1,0,1,90,22,11,2021,17:15,3,67,67073,1,1,0,4,D424,48.266319475,7.4177670473,17,3,3
202100026153,154Â 945,A01,1,1,1,9,2,0,-1,0,0,-1,2021,42.0,3,1,0,2,1,2,1,,4,PLACE DU MOULIN DE JAVEL,0,,3,2,0,1,(1),(1),1,, -1,1,0,1,50,31,7,2021,19:00,1,75,75115,2,7,0,2,PLACE DU MOULIN DE JAVEL,48.84042,2.271546,19,2,2
202100014541,175Â 712,A01,10,3,1,0,0,-1,-1,3,3,1,2021,41.0,3,2,0,1,1,1,1,,7,RUE DES ALLIÃS,0,,2,4,1,1,0,0,1,, -1,1,0,1,50,7,10,2021,08:15,1,38,38185,2,1,0,3,RUE DES ALLIÃS,45.16942,5.73053,8,2,1
202100015163,174Â 607,A01,1,1,1,1,2,6,-1,0,0,-1,2021,49.0,1,1,0,2,7,1,1,,7,9,-1,,2,2,0,2,(1),(1),1,,5,1,0,1,80,30,9,2021,20:00,2,84,84089,1,2,0,3,Route de la Bonde,43.727321,5.508716,20,2,2
202100033687,141Â 548,A01,10,3,2,0,0,-1,-1,2,0,1,2021,39.0,2,1,0,1,8,2,3,,4,ERNEST COGNACQ(RUE),0,,2,2,0,1,0,0,1,, -1,1,0,1,30,18,6,2021,13:00,1,92,92044,2,9,0,6,ERNEST COGNACQ(RUE),48.8954391125,2.2776914801,13,2,1