Num_Acc,id_vehicule,num_veh,place,catu,sexe,trajet,secu1,secu2,secu3,locp,actp,etatp,year_acc,victim_age,senc,catv,obs,obsm,choc,manv,motor,occutc,catr,voie,v1,v2,circ,nbv,vosp,prof,pr,pr1,plan,lartpc,larrout,surf,infra,situ,vma,jour,mois,an,hrmn,lum,dep,com,agg_,int,atm,col,adr,lat,long,hour,nb_victim,nb_vehicules
202100048285,115Â 444,B01,1,1,1,5,2,8,-1,0, -1,-1,2021,70.0,1,1,0,2,8,14,5,,1,POINT B (RUE DU),0,,3,0,3,1,20,570,1,, -1,1,3,1,110,26,2,2021,17:05,1,1,1014,2,6,0,3,CARREFOUR POINT B,46.28492,5.66176,17,2,2
202100000061,201Â 639,B01,2,2,2,1,1,0,-1,-1, -1,-1,2021,17.0,3,2,0,2,1,1,1,,4,BERTHO ( RUE HENRI ),0,,2,2,0,1,(1),(1),1,, -1,1,5,1,70,22,12,2021,20:42,5,44,44055,1,9,0,3,BERTHO ( RUE HENRI ),47.2906,-2.35228,20,4,2
202100001920,198Â 362,A01,10,3,2,0,0,-1,-1,2,3,1,2021,26.0,2,2,0,1,1,1,1,,3,VAILLANT-COUTURIER (AVENUE PAUL),0,,1,1,0,1,0,0,1,, -1,1,0,1,50,21,12,2021,16:05,1,93,93027,2,1,0,1,VAILLANT-COUTURIER (AVENUE PAUL),48.92123,2.41097,16,2,1
202100049177,113Â 850,A01,1,1,1,5,0,-1,-1,0,0,-1,2021,48.0,1,1,0,2,1,17,1,,3,,-1,,-1,2,0,1,1,110,1,, -1,1,0,1,-1,6,3,2021,17:15,1,3,3163,2,1,0,6,18 Rue des Fontaines,46.0212253116,3.495154758,17,2,2
202100029949,148Â 268,A01,1,1,1,1,8,-1,-1,-1,0,-1,2021,56.0,1,2,0,0,3,13,1,,3,ENGHIEN (ROUTE D' ),0,,2,2,0,1,7,300,1,, -1,1,0,1,50,8,7,2021,08:35,1,95,95018,2,1,0,5,ENGHIEN (ROUTE D' ),48.956488,2.281753,8,3,3
202100032336,143Â 957,B01,2,2,2,3,8,0,-1,-1, -1,-1,2021,75.0,2,3,0,2,2,2,1,2.0,3,CHOISY(ROUTE DE),0,,2,6,3,1,1,0,1,, -1,1,0,6,50,24,6,2021,15:50,1,94,94028,2,1,0,3,Route de Choisy,48.78839,2.4514,15,3,2
202100045419,120Â 546,B01,1,1,1,9,2,6,-1,0,0,-1,2021,25.0,1,1,0,2,3,2,1,,4,ECHANGEUR BERCY,0,,1,2,0,1,(1),(1),1,, -1,1,0,1,50,1,4,2021,11:10,1,75,75112,2,1,0,3,ECHANGEUR BERCY,48.826719711,2.3912376165,11,4,2
202100012485,179Â 389,B01,2,2,1,9,1,0,-1,0,0,-1,2021,19.0,3,2,0,2,4,23,1,,4,BOULEVARD DU MONTPARNASSE,0,,2,2,0,1,(1),(1),1,, -1,1,0,1,50,17,10,2021,03:00,5,75,75106,2,5,0,2,BOULEVARD DU MONTPARNASSE,48.845097,2.320127,3,6,2
202100012429,179Â 490,A01,1,1,1,5,2,0,-1,-1, -1,-1,2021,75.0,3,1,0,2,4,5,5,,4,BEARN DU,0,,-1,1,0,1,0,0,1,, -1,1,0,1,50,18,10,2021,18:00,1,64,64269,2,6,0,3,BEARN DU,43.30123,-0.30711,18,2,2
202100049632,113Â 025,A01,1,1,2,1,2,0,-1,0,0,-1,2021,23.0,2,1,0,2,1,13,1,,4,GAILLARD (PLACE GILBERT),0,,2,2,0,1,(1),(1),1,, -1,1,0,1,50,28,2,2021,09:20,1,63,63113,2,1,0,1,GAILLARD (PLACE GILBERT),45.78026,3.0823,9,2,2
202100016905,171Â 405,B01,1,1,1,9,8,0,-1,-1, -1,-1,2021,61.0,1,1,0,2,8,26,5,,4,BEAUREPAIRE,0,,2,2,0,1,1,0,1,, -1,1,0,1,30,24,9,2021,08:55,1,49,49007,2,1,0,3,BEAUREPAIRE,47.47443,-0.56024,8,2,2
202100001426,199Â 232,A01,1,1,1,5,2,-1,-1,0,0,-1,2021,47.0,3,1,0,0,7,1,1,,4,,-1,,2,2,0,1,(1),(1),3,,4,2,0,3,50,27,12,2021,11:25,1,64,64252,2,1,0,6,rue marie blanque,43.160224,-0.600212,11,1,1
202100008378,186Â 756,B01,1,1,1,0,2,0,-1,-1, -1,-1,2021,31.0,1,1,0,2,0,0,0,,3,JEAN CHARCOT [CD115] (RUE),0,,-1,2,0,2,0,1,1,, -1,1,0,1,50,12,11,2021,17:25,5,93,93005,2,1,0,3,JEAN CHARCOT [CD115] (RUE),48.9332845355,2.4897958456,17,4,2
202100035198,138Â 781,B01,1,1,1,5,2,6,-1,-1, -1,-1,2021,52.0,2,1,0,2,7,1,1,,1,A4,0,,1,2,0,1,8,0,2,, -1,1,9,1,50,11,6,2021,09:20,1,94,94017,1,9,0,3,A4,48.830322896,2.4893496496,9,2,2
202100013902,176Â 853,A01,1,1,1,0,1,0,-1,-1, -1,-1,2021,16.0,3,1,0,2,2,19,1,,4,SAVIGNY (CHEMIN DE),0,,2,8,0,1,0,0,1,, -1,1,0,1,50,11,10,2021,17:00,1,93,93071,2,2,0,3,SAVIGNY (CHEMIN DE),48.93897,2.53871,17,2,2
202100038311,133Â 158,A01,10,3,2,2,8,8,-1,3,3,1,2021,17.0,1,5,0,1,2,1,1,,4,PASTEUR (RUE),0,,2,2,0,2,1,0,1,, -1,1,0,1,50,25,5,2021,06:30,1,974,97416,2,1,0,-1,PASTEUR (RUE),-21.2826830759,55.4727965299,6,2,1
202100022547,161Â 328,B01,1,1,1,5,2,-1,-1,0,0,-1,2021,39.0,1,1,0,2,1,13,5,,3,1091,0,D,2,2,0,2,21,150,4,, -1,1,0,1,90,26,8,2021,10:38,1,5,5079,1,1,0,5,D1091,45.0427450762,6.4164431651,10,4,4
202100045977,119Â 570,B01,1,1,2,9,2,0,-1,0,0,-1,2021,34.0,1,1,0,2,1,1,1,,4,AVENUE DU MAHATMA GANDHI,0,,2,2,0,1,(1),(1),1,, -1,1,0,1,50,29,3,2021,19:30,2,75,75116,2,2,0,3,AVENUE DU MAHATMA GANDHI,48.875857,2.262207,19,2,2
202100000784,200Â 311,B01,1,1,1,9,2,6,-1,0,0,-1,2021,32.0,2,1,0,2,1,1,1,,4,AVENUE DE SUFFREN,0,,3,4,0,1,(1),(1),1,, -1,1,0,1,30,31,12,2021,08:25,1,75,75107,2,2,0,3,AVENUE DE SUFFREN,48.847148,2.307338,8,2,2
202100001407,199Â 262,A01,1,1,1,4,1,-1,-1,0,0,-1,2021,40.0,1,2,13,0,3,13,1,,3,124,-1,,2,2,0,1,3,(1),1,, -1,2,0,3,80,27,12,2021,07:15,3,14,14124,1,1,1,6,Ferme du Marais,49.33083,-1.025886,7,1,1
202100008544,186Â 465,C01,7,2,1,5,1,-1,-1,0,0,-1,2021,20.0,1,2,0,2,3,1,1,,3,834,-1,,2,2,0,1,57,800,1,, -1,1,0,1,80,12,11,2021,01:45,3,40,40274,1,1,1,5,CD 834,43.954374,-0.588033,1,5,3
202100017761,169Â 876,A01,1,1,2,9,1,-1,-1,0,0,-1,2021,40.0,1,2,0,2,1,2,1,,2,N47,-1,,3,4,0,1,9,600,1,, -1,1,0,1,90,21,9,2021,11:10,1,59,59550,1,1,0,2,N47,50.540008,2.832502,11,2,2
202100033787,141Â 378,B01,1,1,2,3,2,6,-1,0,0,-1,2021,15.0,3,1,0,2,6,0,3,,4,MARECHAL JUIN AVENUE,0,,1,2,0,1,(1),(1),1,, -1,1,0,1,30,15,6,2021,12:30,1,201,201004,2,1,0,3,MARECHAL JUIN AVENUE,41.9352282129,8.7507781758,12,2,2
202100007657,188Â 063,A01,1,1,1,5,2,0,-1,0,0,-1,2021,73.0,2,1,0,2,7,21,5,,4,BOULEVARD VICTOR,0,,3,3,1,1,(1),(1),1,, -1,1,-1,5,30,16,11,2021,10:05,1,75,75115,2,1,0,7,BOULEVARD VICTOR,48.833083,2.287427,10,1,1
202100050479,111Â 464,B01,1,1,1,4,1,0,-1,0,0,-1,2021,67.0,2,2,0,2,1,1,1,,4,PLACE D IENA,0,,2,4,0,1,(1),(1),1,, -1,1,0,1,50,23,2,2021,14:50,1,75,75116,2,7,0,3,PLACE D IENA,48.864871,2.294118,14,8,2
202100039593,130Â 813,A01,10,3,2,5,0,-1,-1,5,1,1,2021,23.0,2,0,0,1,1,25,3,,4,QUENNEDEY (RUE),0,,-1,0,0,1,(1),(1),1,, -1,2,0,4,50,16,5,2021,16:22,1,10,10387,2,1,0,6,QUENNEDEY (RUE),48.29166,4.08933,16,2,1
202100041177,127Â 995,A01,1,1,1,5,1,-1,-1,0,0,-1,2021,41.0,1,2,2,0,8,17,1,,3,75,0,A,2,2,0,4,11,75,2,, -1,1,0,3,80,7,5,2021,12:40,1,62,62477,1,1,0,6,D75,50.308022,2.54518,12,1,1
202100039395,131Â 178,B01,1,1,1,9,1,0,-1,-1, -1,-1,2021,41.0,2,2,0,2,4,1,3,,1,86,0,,3,4,0,2,0,400,1,, -1,2,0,1,70,19,5,2021,12:35,1,92,92050,1,1,1,2,A86,48.90347,2.2057,12,2,2
202100022061,162Â 194,A01,1,1,2,0,1,0,-1,-1, -1,-1,2021,64.0,1,2,1,0,3,0,1,,4,PAUL DOUMER(RUE),0,,2,2,0,1,0,100,1,, -1,1,0,1,30,28,8,2021,13:53,1,91,91691,2,9,0,6,PAUL DOUMER(RUE),48.7175,2.51062,13,2,2
202100021278,163Â 620,B01,1,1,1,0,2,6,-1,0,0,-1,2021,58.0,1,1,0,2,8,1,1,,7,MERCANTOUR (BD),0,,3,4,0,1,(1),(1),1,, -1,1,0,1,70,2,9,2021,14:52,1,6,6088,2,1,0,3,MERCANTOUR (BD),43.68183,7.19891,14,2,2
202100021291,163Â 597,A01,1,1,1,9,2,6,-1,0,0,-1,2021,57.0,1,1,0,2,1,2,3,,4,AVENUE DE LA PORTE D ORLEANS,0,,1,2,0,1,(1),(1),1,, -1,1,0,1,30,1,9,2021,18:15,1,75,75114,2,2,0,2,AVENUE DE LA PORTE D ORLEANS,48.820545,2.324219,18,2,2
202100047881,116Â 156,A01,1,1,1,1,2,6,-1,0,0,-1,2021,18.0,3,1,0,2,1,13,1,,4,,-1,,2,2,0,2,(1),(1),2,, -1,1,0,1,80,17,3,2021,08:20,1,22,22056,1,1,0,1,Beaumanoir,48.390494,-1.988944,8,2,2
202100002616,197Â 106,B01,1,1,1,5,2,6,-1,-1, -1,-1,2021,66.0,2,1,0,2,4,2,1,,3,KENNEDY (AV DU PRESIDENT J.F.),0,,2,2,1,1,0,0,1,, -1,1,0,1,50,13,12,2021,14:15,1,40,40192,2,3,0,2,KENNEDY (AV DU PRESIDENT J.F.),43.88246,-0.49718,14,1,1
202100005800,191Â 425,B01,1,1,2,5,1,-1,-1,0,0,-1,2021,35.0,1,2,0,2,1,1,1,,2,25,-1,,2,2,0,1,11,500,1,, -1,2,0,1,50,28,11,2021,18:00,3,62,62086,2,1,1,3,Route Nationale,50.212394,2.55504,18,4,2
202100034938,139Â 255,B01,1,1,1,1,2,8,-1,-1, -1,-1,2021,37.0,1,1,0,2,3,1,1,,3,RUE GEORGES COUBARD,0,,2,2,0,2,0,100,1,, -1,1,0,1,50,11,6,2021,17:15,1,91,91097,2,1,0,1,RUE GEORGES COUBARD,48.6989,2.53983,17,2,2
202100050260,111Â 880,A01,1,1,1,5,8,-1,-1,0,0,-1,2021,19.0,2,2,13,0,0,1,1,,3,443,-1,,2,2,0,1,78,0,1,, -1,1,0,1,80,26,2,2021,04:30,3,10,10063,1,1,0,7,D443,48.367484,4.532096,4,1,1
202100037853,133Â 999,A01,1,1,1,1,1,0,-1,-1, -1,-1,2021,21.0,3,2,3,0,9,1,1,,4,MARAIS(CHEMIN DES),0,,2,2,0,1,1,0,1,, -1,1,0,4,50,27,5,2021,08:30,1,94,94028,2,1,0,6,MARAIS(CHEMIN DES),48.775962,2.435153,8,1,1
202100027936,151Â 770,A01,1,1,1,0,2,0,-1,0,0,-1,2021,31.0,2,1,0,2,1,1,1,,4,CAPONIERE (RUE - 109 IMPAIR  146 PAIR),0,,2,2,0,1,1,0,4,, -1,1,0,1,30,20,7,2021,19:10,1,14,14118,2,3,0,1,Rue CaponiÃ¨re,49.17836,-0.37993,19,2,2
202100014734,175Â 372,A01,1,1,1,9,1,0,-1,-1, -1,-1,2021,31.0,1,2,0,0,0,26,1,,2,RN12 EXT,0,,-1,3,0,1,36,299,1,, -1,1,0,1,110,7,10,2021,16:10,1,78,78490,1,1,0,6,RN12 EXT,48.798707,1.924454,16,1,1
202100010995,182Â 072,A01,1,1,2,5,1,-1,-1,0,0,-1,2021,52.0,1,5,17,0,1,1,1,,2,01,0,,2,2,0,2,157,700,2,, -1,1,0,3,110,27,10,2021,13:45,1,988,98803,1,1,0,6,RT1,-21.601328,165.552517,13,1,1
202100029464,149Â 119,A01,2,2,2,5,1,-1,-1,0,0,-1,2021,67.0,3,2,0,0,3,1,1,,3,168,-1,D,2,2,0,1,(1),(1),1,, -1,1,0,3,80,11,7,2021,16:25,1,58,58002,1,1,0,7,Les Jaudoux,47.437464,3.101256,16,2,1
202100011563,181Â 054,B01,1,1,1,3,1,-1,-1,0,0,-1,2021,50.0,1,2,0,2,4,1,1,,4,MAQUIS DE PAYOLLE (RUE DU),0,,2,2,0,1,(1),(1),1,, -1,1,0,1,50,22,10,2021,10:00,1,65,65440,2,9,0,2,MAQUIS DE PAYOLLE (RUE DU),43.22282,0.084785,10,2,2
202100038147,133Â 463,A01,1,1,2,5,8,-1,-1,-1, -1,-1,2021,22.0,1,1,12,0,1,1,3,,4,,0,,2,8,1,1,(1),(1),1,, -1,1,0,5,50,27,5,2021,01:35,5,69,69387,2,1,0,7,GALLIENI (PT),45.7482005077,4.832444787,1,1,1
202100028421,150Â 914,A01,1,1,1,5,2,-1,-1,0,0,-1,2021,5.0,0,1,0,2,0,0,0,,3,,-1,,2,2,0,2,(1),(1),1,,5,1,0,1,50,18,7,2021,18:37,1,49,49301,2,3,0,3,Rue Saint-Sauveur (torfou),47.038256,-1.119533,18,2,2
202100011382,181Â 377,B01,1,1,1,0,1,0,-1,-1, -1,-1,2021,79.0,1,2,0,2,3,19,1,,7,RUE DES ALLIÃS,0,,3,4,2,1,0,0,1,, -1,1,0,5,50,23,10,2021,16:00,1,38,38185,2,1,0,1,RUE DES ALLIÃS,45.16909,5.73162,16,2,2
202100038920,132Â 063,A01,1,1,1,5,2,8,-1,-1, -1,-1,2021,21.0,1,1,0,2,1,1,1,,4,EUROPE (AVENUE DE L'),0,,2,2,0,1,(1),(1),1,, -1,1,0,1,50,20,5,2021,22:10,5,37,37261,2,3,0,3,EUROPE (AVENUE DE L'),47.4233027692,0.6893700564,22,2,2
202100010414,183Â 105,A01,1,1,1,5,2,6,9,0,0,-1,2021,62.0,2,1,13,0,1,13,1,,3,D124,-1,,2,2,0,1,9,750,3,, -1,2,0,3,80,29,10,2021,23:20,3,53,53158,1,1,0,7,La GuÃ©frie,48.028642,-0.935994,23,1,1
202100034319,140Â 389,A01,1,1,1,1,1,8,-1,-1, -1,-1,2021,30.0,2,2,1,2,1,1,1,,3,NEWBURN (AV DE),0,,1,3,0,1,0,1,1,, -1,1,5,1,50,14,6,2021,10:05,1,94,94022,2,2,0,3,NEWBURN (AV DE),48.75493,2.41182,10,3,2
202100009373,184Â 951,B01,1,1,1,5,2,6,-1,0,0,-1,2021,58.0,2,1,0,2,4,1,1,,3,39,-1,,2,2,0,1,20,659,1,, -1,1,0,1,70,5,11,2021,17:15,1,76,76239,1,1,0,4,D39,49.553311,0.331124,17,4,3
202100037214,135Â 162,B01,1,1,2,9,2,0,-1,-1, -1,-1,2021,56.0,1,1,0,2,3,1,5,,4,MAURICE COUSTEAU,0,,2,2,0,1,0,0,1,, -1,1,0,1,50,31,5,2021,17:10,1,64,64335,2,2,0,3,MAURICE COUSTEAU,43.33414,-0.41995,17,2,2
202100019306,167Â 122,B01,1,1,2,0,2,0,-1,-1, -1,-1,2021,38.0,2,1,0,2,8,26,1,,2,13,0,,3,4,0,1,7,500,1,, -1,1,0,1,70,13,9,2021,08:40,1,92,92051,1,1,0,3,N13,48.8826932526,2.2667435188,8,2,2
202100055650,102Â 381,B01,1,1,2,0,1,0,-1,-1, -1,-1,2021,83.0,1,2,0,2,3,1,1,,2,RN12 INT,0,,1,1,0,1,31,100,2,, -1,1,0,1,90,10,1,2021,16:55,1,78,78073,1,1,0,1,RN12 INT,48.7993,1.994225,16,4,2
202100015784,173Â 458,B01,1,1,1,5,2,6,-1,-1, -1,-1,2021,56.0,1,1,0,2,1,18,5,,4,,0,,1,2,0,1,0,0,2,, -1,1,9,1,50,30,9,2021,18:15,1,92,92012,2,6,0,2,ANCIENS COMBATTANT (ROND - POINT DES),48.8479077756,2.2418090701,18,2,2
202100019385,166Â 981,A01,2,2,1,5,1,0,-1,-1, -1,-1,2021,21.0,1,2,4,0,1,13,0,,3,,0,,2,4,0,1,0,0,1,, -1,1,0,8,50,12,9,2021,07:00,2,92,92012,2,1,0,6,MARCEL SEMBAT (PLACE),48.8332933401,2.242397815,7,2,1
202100020489,165Â 014,B01,1,1,2,1,2,6,-1,-1,0,-1,2021,37.0,2,1,0,2,7,1,1,,2,RN 14 (PROLONGEMENT A15),0,,3,4,0,1,21,800,1,, -1,2,0,1,90,5,9,2021,06:00,3,95,95476,1,1,1,3,RN 14,49.0579911101,2.0352762938,6,2,2
202100000760,200Â 353,A01,1,1,1,5,1,0,-1,0,0,-1,2021,22.0,2,2,8,0,1,1,1,,3,THERMAL (BOULEVARD),0,,4,2,0,1,(1),(1),3,, -1,2,5,8,50,26,12,2021,01:10,4,63,63103,1,6,0,7,THERMAL (BOULEVARD),45.9268,3.08355,1,1,1
202100006169,190Â 783,A01,1,1,1,1,2,-1,-1,0,0,-1,2021,75.0,1,1,0,6,1,1,1,,3,21.7,0,,2,2,0,1,8,50,1,, -1,1,0,1,80,22,11,2021,11:45,1,28,28064,1,1,0,1,D21.7,48.810127,1.464225,11,1,1
202100036640,136Â 216,B01,1,1,1,0,2,0,-1,0,0,-1,2021,32.0,2,1,0,2,1,1,1,,7,PUGETS ROUTE DES,0,,2,2,0,1,(1),(1),4,, -1,1,0,1,50,3,6,2021,15:40,1,6,6123,1,3,0,3,PUGETS ROUTE DES,43.694146,7.182846,15,2,2
202100009245,185Â 185,B01,1,1,1,0,8,0,-1,-1, -1,-1,2021,20.0,0,1,0,2,4,2,5,,4,AVENUE DE LA MORLIERE,0,,2,0,0,1,(1),(1),1,, -1,1,0,1,50,5,11,2021,16:30,1,44,44114,2,1,0,2,AVENUE DE LA MORLIERE,47.25298,-1.59744,16,2,2
202100001140,199Â 734,B01,2,2,2,5,1,0,-1,-1, -1,-1,2021,18.0,1,2,3,0,4,23,1,,1,A13,0,,3,3,0,1,35,700,1,, -1,2,0,2,130,28,12,2021,06:10,3,78,78238,1,1,0,2,A13,48.97058,1.88439,6,6,2
202100037958,133Â 815,B01,1,1,1,9,2,8,-1,-1, -1,-1,2021,41.0,1,1,0,2,7,1,1,,3,MONTABO (ROUTE DE) 1,0,,2,2,1,1,1,800,1,, -1,1,0,1,50,27,5,2021,11:00,1,973,97302,2,9,0,3,MONTABO (ROUTE DE) 1,4.94336,-52.30647,11,2,2
202100026246,154Â 784,A01,1,1,1,1,8,0,-1,-1, -1,-1,2021,25.0,1,2,0,0,9,13,1,,7,Autoroute A.35,0,,1,1,0,1,302,600,1,, -1,1,0,3,90,28,7,2021,22:46,3,67,67482,1,1,0,7,M35,48.58147,7.72428,22,1,1
202100000111,201Â 554,B01,1,1,1,9,2,6,-1,-1, -1,-1,2021,15.0,3,1,0,2,1,26,1,,4,VAURANNE BOULEVARD DE,0,,2,4,0,1,0,0,1,, -1,1,5,1,50,23,7,2021,18:20,1,13,13047,2,2,0,3,VAURANNE BOULEVARD DE,43.51667,4.98333,18,2,2
202100050644,111Â 161,A01,1,1,2,5,1,-1,-1,0,0,-1,2021,78.0,2,2,2,0,2,1,1,,3,45,0,,2,2,0,1,11,240,1,, -1,1,0,3,80,22,2,2021,16:00,1,81,81100,1,1,0,6,D45,43.497215,1.963618,16,1,1
202100012687,179Â 038,A01,1,1,1,9,2,6,-1,-1, -1,-1,2021,33.0,1,1,0,2,0,26,1,,3,EDMOND MICHELET (R),0,,2,0,0,1,1,0,1,, -1,1,6,1,30,17,10,2021,16:55,1,94,94043,2,1,0,7,Rue Edmond Michelet,48.8108108469,2.3637127876,16,2,2
202100010133,183Â 584,D01,1,1,2,0,1,0,-1,-1, -1,-1,2021,40.0,2,2,0,0,6,1,1,,1,AUTOROUTE A1,0,,1,3,0,1,10,0,1,, -1,1,0,1,90,30,10,2021,12:15,1,972,97213,2,1,0,4,AUTOROUTE A1,14.6074,-61.00429,12,7,4
202100018112,169Â 242,B01,1,1,1,0,1,-1,-1,-1, -1,-1,2021,40.0,2,2,0,2,4,1,1,,4,TONY GARNIER                        (AV),0,,2,6,3,1,(1),(1),1,, -1,1,0,1,50,18,9,2021,03:35,5,69,69387,2,2,0,2,TONY GARNIER (AV),45.7267094834,4.8269462585,3,2,2
202100023458,159Â 694,A01,10,3,1,5,0,-1,-1,4,3,2,2021,2.0,1,2,0,1,3,1,1,,4,BOULEVARD DE LA VILLETTE,0,,3,3,0,1,(1),(1),1,, -1,1,0,1,30,19,8,2021,14:20,1,75,75110,2,2,0,6,BOULEVARD DE LA VILLETTE,48.884264,2.364635,14,3,1
202100008735,186Â 120,B01,2,2,2,9,1,8,-1,-1, -1,-1,2021,42.0,2,2,0,2,3,1,1,,4,COMMANDANT ROLLAND,0,,2,2,0,2,0,0,3,, -1,1,0,1,50,8,11,2021,20:00,5,13,13208,2,1,0,1,COMMANDANT ROLLAND,43.27209,5.38278,20,3,2
202100015789,173Â 449,A01,1,1,1,0,2,6,-1,0,0,-1,2021,26.0,1,1,1,2,0,0,1,,2,1,-1,N,3,4,3,2,0,0,1,, -1,1,0,1,90,2,10,2021,11:10,1,972,97222,1,1,0,5,RN 1,14.689253,-60.939982,11,3,3
202100010983,182Â 095,A01,1,1,2,1,2,6,-1,0,0,-1,2021,44.0,1,1,0,0,2,1,1,,3,20,2,,2,2,0,2,0,145,2,, -1,2,0,1,70,25,10,2021,17:30,1,72,72023,1,9,1,7,Rue de Villeneuve,48.169119,0.249531,17,1,1
202100019679,166Â 471,B01,1,1,1,1,2,6,-1,-1, -1,-1,2021,61.0,1,1,0,2,6,1,1,,2,PORTE DE VILLEJEAN,0,,3,4,0,1,14,430,1,, -1,1,0,1,90,10,9,2021,08:40,1,35,35238,1,1,0,3,PORTE DE VILLEJEAN,48.1096,-1.71786,8,2,2
202100028137,151Â 410,A01,1,1,2,1,1,-1,-1,-1, -1,-1,2021,19.0,1,2,0,2,1,1,1,,3,RD 256,0,,2,2,0,1,3,0,1,, -1,1,0,1,70,19,7,2021,18:35,1,33,33199,1,1,0,2,,44.57765,-1.10361,18,2,2
202100023733,159Â 197,A01,1,1,1,0,2,6,-1,-1, -1,-1,2021,46.0,3,1,6,0,1,26,1,,4,JEAN MATHON(BOULEVARD),0,,2,2,0,2,(1),(1),1,, -1,1,0,4,50,16,8,2021,23:05,5,7,7019,2,3,0,7,JEAN MATHON(BOULEVARD),44.61019,4.388,23,1,1
202100049000,114Â 167,B01,1,1,1,5,2,-1,-1,0,0,-1,2021,70.0,1,1,0,2,1,1,5,,3,952,-1,,2,2,0,1,25,250,1,, -1,1,5,1,50,7,3,2021,10:40,1,49,49307,2,3,1,3,Levee Jeanne de Laval (Saint-Mathurin-sur-Loire),47.408643,-0.313346,10,2,2
202100001678,198Â 798,A01,1,1,1,1,1,-1,-1,-1,0,-1,2021,40.0,1,2,4,0,6,1,1,,2,RN 104,0,,3,4,0,1,4,599,1,, -1,1,0,1,110,23,12,2021,08:00,2,95,95042,1,1,0,2,RN 104,49.05705,2.29505,8,2,2
202100027624,152Â 346,A01,1,1,1,5,2,6,9,0,0,-1,2021,48.0,1,1,0,0,7,1,1,,3,,-1,,2,2,0,2,3,0,2,, -1,1,0,1,80,22,7,2021,21:30,3,25,25145,1,1,0,7,Chazot,47.33161,6.533808,21,1,1
202100039074,131Â 793,A01,2,1,1,1,8,0,-1,-1, -1,-1,2021,23.0,0,1,0,2,1,19,3,,3,446,0,,1,2,0,1,0,0,1,, -1,1,0,1,50,5,5,2021,13:50,1,91,91228,2,3,0,3,BD ROBERT SCHUMAN,48.6187,2.42,13,2,2
202100043438,124Â 016,A01,1,1,1,9,2,0,-1,-1, -1,-1,2021,17.0,1,1,0,2,0,0,1,,4,GASNIER AVENUE,0,,-1,2,0,1,1,0,1,, -1,1,0,1,50,19,4,2021,14:56,1,49,49007,2,1,0,2,GASNIER AVENUE,47.48189,-0.5679,14,2,2
202100005427,192Â 096,B01,2,2,2,9,1,-1,-1,0,0,-1,2021,74.0,2,2,14,2,1,1,1,,3,21,0,D,2,1,0,2,9,600,1,, -1,1,0,1,80,2,12,2021,10:50,1,72,72168,1,3,0,4,La Petite Maison Neuve,48.000784,-0.123779,10,4,3
202100028269,151Â 165,A01,10,3,1,9,0,-1,-1,1,9,1,2021,48.0,1,2,0,1,2,1,1,,2,RN02,0,,2,2,0,1,128,0,1,, -1,1,0,1,70,17,7,2021,20:00,3,974,97416,1,1,0,6,RN02,-21.3338,55.48396,20,2,1
202100014014,176Â 650,A01,1,1,2,9,2,0,-1,0,0,-1,2021,19.0,2,1,0,2,1,1,3,,4,PLACE DE LA PORTE DE BAGNOLET,0,,1,3,0,1,(1),(1),2,, -1,1,0,1,30,10,10,2021,03:40,5,75,75120,2,7,0,3,PLACE DE LA PORTE DE BAGNOLET,48.864618,2.409124,3,2,2
202100003152,196Â 132,B01,1,1,1,9,1,-1,-1,-1, -1,-1,2021,68.0,1,2,0,2,4,1,1,,4,POMPIDOU (AV.GEORGES),0,,2,2,0,1,(1),(1),1,, -1,1,0,1,30,9,12,2021,16:20,1,4,4112,2,1,0,4,Av Georges Pompidou,43.82433,5.78464,16,4,3
202100051840,109Â 041,A01,1,1,1,1,2,6,-1,0,0,-1,2021,27.0,3,1,0,2,1,13,1,,3,65,0,,3,2,0,4,4,500,4,, -1,7,0,1,90,12,2,2021,08:30,1,49,49092,1,1,0,1,Route dÃ©partementale 65,47.156386,-0.70246,8,2,2
202100017385,170Â 559,A01,1,1,1,0,2,0,-1,-1, -1,-1,2021,70.0,2,1,0,2,1,26,1,,1,AUTOROUTE A3,0,,-1,10,0,1,1,799,1,, -1,1,1,1,90,23,9,2021,10:35,1,93,93048,1,1,0,4,AUTOROUTE A3,48.87184,2.43301,10,2,2
202100022937,160Â 622,A01,1,1,1,5,2,9,-1,0,0,-1,2021,28.0,2,1,13,2,3,1,1,,3,904,-1,,2,2,0,1,34,597,3,, -1,1,0,1,80,22,8,2021,14:30,1,1,1074,1,1,0,1,D904,45.999071,5.155828,14,2,2
202100002085,198Â 072,A01,1,1,1,9,1,-1,-1,0,0,-1,2021,31.0,0,2,8,0,0,1,1,,3,103,0,,2,2,0,2,13,900,2,, -1,7,0,3,80,20,12,2021,17:00,3,24,24553,1,1,0,3,Fayolle,45.233819,0.502426,17,1,1
202100005136,192Â 597,B01,1,1,1,0,2,6,-1,0,0,-1,2021,37.0,1,1,0,2,1,17,1,,3,7,-1,,2,2,0,3,(1),(1),1,, -1,1,0,1,70,1,12,2021,11:10,1,972,97202,1,1,0,2,Gallochat,14.519884,-61.074318,11,2,2
202100016797,171Â 592,B01,2,2,2,5,1,-1,-1,-1, -1,-1,2021,70.0,2,2,0,2,4,1,1,,4,HENON                               (R ),0,,2,2,0,1,(1),(1),1,, -1,1,0,1,50,22,9,2021,11:50,1,69,69384,2,1,0,2,JACQUES-LOUIS HENON (R),45.7796,4.82053,11,3,2