Num_Acc,id_vehicule,num_veh,place,catu,sexe,trajet,secu1,secu2,secu3,locp,actp,etatp,year_acc,victim_age,senc,catv,obs,obsm,choc,manv,motor,occutc,catr,voie,v1,v2,circ,nbv,vosp,prof,pr,pr1,plan,lartpc,larrout,surf,infra,situ,vma,jour,mois,an,hrmn,lum,dep,com,agg_,int,atm,col,adr,lat,long,hour,nb_victim,nb_vehicules
202100027106,153Â 260,A01,3,2,1,0,1,-1,-1,0,0,-1,2021,12.0,1,2,4,0,1,14,1,,3,900,0,D,3,4,0,3,16,205,1,, -1,1,2,1,110,23,7,2021,15:20,1,66,66141,1,1,0,6,D900,42.7537665678,2.8956672549,15,3,1
202100023396,159Â 797,A01,1,1,1,4,2,6,-1,-1, -1,-1,2021,30.0,2,1,0,9,8,1,1,,1,A4,0,,1,2,0,1,2,500,1,, -1,1,0,1,50,20,8,2021,11:00,1,94,94069,1,1,0,6,A4,48.8176057496,2.4212441061,11,1,1
202100037273,135Â 049,B01,2,2,2,3,1,0,-1,-1, -1,-1,2021,56.0,1,2,0,2,4,2,1,,4,MARECHAL DE LATTRE DE TASSIGNY (RUE DU),0,,2,2,0,1,0,0,1,, -1,1,0,1,50,31,5,2021,09:50,1,10,10387,2,1,0,4,MARECHAL DE LATTRE DE TASSIGNY (RUE DU),48.30477,4.09407,9,4,3
202100045770,119Â 937,A01,10,3,1,3,8,8,-1,2,3,1,2021,79.0,1,2,0,1,2,9,1,,4,LIBERATION DE LA (DU 22 A LA FIN),0,,2,2,0,1,(1),(1),1,, -1,1,5,1,50,31,3,2021,15:30,1,25,25462,2,6,1,6,LIBERATION DE LA (DU 22 A LA FIN),46.908939,6.339267,15,2,1
202100023917,158Â 882,A01,1,1,1,4,2,6,-1,-1, -1,-1,2021,33.0,2,1,0,2,1,16,1,,4,PASSERELLE,0,,2,2,0,1,0,0,1,, -1,1,0,1,50,16,8,2021,20:20,2,93,93051,2,2,0,3,VINGT SIX AOUT 1944,48.84705,2.52616,20,2,2
202100037868,133Â 974,A01,10,3,2,3,0,-1,-1,4,3,1,2021,38.0,2,1,0,1,1,1,5,,3,LECLERC (AVENUE DE LA DIVISION),0,,2,2,0,2,0,0,3,, -1,1,0,1,50,28,5,2021,16:40,1,92,92072,2,4,0,6,LECLERC (AVENUE DE LA DIVISION),48.8233927569,2.2206920385,16,2,1
202100023742,159Â 179,B01,2,2,2,5,1,0,-1,0,0,-1,2021,67.0,2,2,0,2,1,1,2,,4,AVENUE DE NOGENT,0,,2,4,0,1,(1),(1),1,, -1,1,0,1,50,16,8,2021,12:30,1,75,75112,2,1,0,1,AVENUE DE NOGENT,48.841086,2.451399,12,3,2
202100040426,129Â 353,B01,1,1,1,0,1,-1,-1,-1, -1,-1,2021,37.0,1,2,0,2,4,2,1,,2,ROUTE NATIONALE 230,0,,3,6,0,1,42,0,1,, -1,1,0,1,90,11,5,2021,15:35,1,33,33013,1,1,0,2,Rocade Rive Droite N230,44.864997,-0.503805,15,3,2
202100025888,155Â 411,A01,1,1,1,0,8,0,-1,-1, -1,-1,2021,19.0,1,2,8,0,1,13,1,,3,906,0,,3,2,0,1,0,0,1,, -1,2,0,4,50,2,8,2021,21:04,5,92,92023,2,1,1,6,GENERAL DE GAULLE (AVENUE DU),48.785464,2.251717,21,1,1
202100032052,144Â 460,A01,1,1,1,5,1,8,-1,-1, -1,-1,2021,39.0,1,2,4,0,2,0,1,,1,A55-Sens Marseille vers Martigues,0,,3,3,0,1,4,199,3,, -1,1,0,2,90,27,6,2021,00:19,3,13,13215,1,1,0,3,A55-Sens Marseille vers Martigues,43.3336495903,5.3541798591,0,1,1
202100045800,119Â 886,A01,10,3,1,9,0,-1,-1,4,3,1,2021,37.0,1,2,0,1,3,15,1,,4,PARIS (AV DE),0,,3,4,1,1,0,0,1,, -1,1,0,1,50,31,3,2021,11:50,1,94,94080,2,2,0,3,PARIS (AV DE),48.84519,2.43167,11,2,1
202100018775,168Â 082,B01,1,1,1,1,2,8,-1,-1, -1,-1,2021,47.0,1,1,0,2,1,1,1,,3,D 912 VIAS (ROUTE DE),0,,2,2,0,1,3,1159,1,, -1,1,0,1,80,10,8,2021,07:42,1,34,34003,1,3,0,3,D 912 VIAS (ROUTE DE),43.31446,3.45904,7,2,2
202100043433,124Â 025,B01,2,2,2,0,1,5,-1,-1, -1,-1,2021,19.0,1,2,0,2,1,1,1,,4,JULES GOIS,0,,2,2,0,1,0,0,1,, -1,1,0,1,50,18,4,2021,19:05,1,64,64129,2,2,0,3,JULES GOIS,43.31485,-0.38388,19,6,2
202100024072,158Â 626,A01,2,2,1,5,8,-1,-1,0,0,-1,2021,16.0,2,2,0,0,9,0,1,,3,130,0,D,2,2,0,1,10,400,1,, -1,1,0,3,80,15,8,2021,07:10,1,17,17367,1,1,0,7,D130,45.949947,-0.335528,7,2,1
202100041299,127Â 788,A01,4,2,1,4,1,0,-1,-1, -1,-1,2021,35.0,2,2,0,2,1,21,1,,4,LAFON (RUE),0,,1,2,0,1,(1),(1),1,, -1,2,0,1,50,1,5,2021,09:25,1,13,13206,2,2,1,3,LAFON (RUE),43.2912,5.38077,9,6,2
202100006875,189Â 495,G01,1,1,2,1,1,-1,-1,0,0,-1,2021,55.0,2,2,0,2,4,2,1,,1,35,0,A,3,2,0,1,71,600,1,, -1,1,0,1,130,19,11,2021,16:10,2,68,68295,1,1,0,4,A35,48.017688,7.374272,16,14,12
202100042277,126Â 059,B01,1,1,1,1,2,0,-1,-1,0,-1,2021,35.0,1,1,0,2,8,2,1,,1,AUTOROUTE A15,0,,3,9,0,1,23,700,1,, -1,1,0,1,90,28,4,2021,18:30,1,95,95500,1,1,0,5,AUTOROUTE A15,49.0383130344,2.088157184,18,4,4
202100025719,155Â 713,A01,10,3,2,0,0,-1,-1,3,3,1,2021,56.0,1,2,0,1,3,16,1,,3,ARCS(ROUTE DES),0,,3,4,0,2,5,430,1,, -1,1,9,8,70,3,8,2021,08:00,1,83,83141,1,1,0,6,ARCS(ROUTE DES),43.49985,6.48556,8,2,1
202100005966,191Â 132,A01,1,1,1,1,1,0,-1,0,0,-1,2021,25.0,1,2,0,5,1,21,1,,3,ANDELLE (CHAUSSEE D'),0,,2,2,0,1,11,250,1,, -1,2,0,3,80,26,11,2021,22:55,3,27,27528,1,1,1,7,ANDELLE (CHAUSSEE D'),49.26033,1.23547,22,1,1
202100016050,172Â 962,B01,1,1,1,0,2,6,-1,-1, -1,-1,2021,24.0,2,1,0,2,3,3,1,,1,AUTOROUTE A3,0,,1,3,0,1,8,399,1,, -1,1,0,1,90,30,9,2021,10:00,1,93,93010,1,1,0,3,AUTOROUTE A3,48.9099462068,2.4748394787,10,2,2
202100024671,157Â 550,A01,1,1,1,5,2,6,-1,0,0,-1,2021,47.0,1,1,0,2,1,13,1,,3,108,0,,2,2,0,2,3,0,1,, -1,1,0,1,50,11,8,2021,16:00,1,85,85288,2,1,0,3,Rue du Port de la GuittiÃ¨re,46.457229,-1.620199,16,2,2
202100027533,152Â 513,A01,10,3,1,1,0,-1,-1,4,3,1,2021,24.0,1,5,0,1,1,0,1,,4,ECRITURE,0,,2,2,0,1,1,0,1,, -1,1,0,1,30,21,7,2021,15:04,1,49,49007,2,3,0,6,ECRITURE,47.48721,-0.52572,15,2,1
202100055119,103Â 287,A01,1,1,2,2,8,-1,-1,0,0,-1,2021,35.0,1,2,0,2,0,1,1,,3,62,0,,2,2,0,2,6,400,4,, -1,1,0,1,80,14,1,2021,09:45,1,202,202188,1,1,0,1,Route du Lancone,42.604716,9.38623,9,2,2
202100020546,164Â 908,A01,1,1,1,5,2,6,-1,-1, -1,-1,2021,25.0,1,1,1,0,1,21,1,,7,ARISTIDE BRIAND (AVENUE),0,,2,2,0,1,0,0,1,, -1,1,0,1,50,5,9,2021,07:00,5,21,21231,2,3,0,6,ARISTIDE BRIAND (AVENUE),47.3351135339,5.0544815429,7,1,1
202100037528,134Â 585,A01,1,1,1,0,2,6,9,0,0,-1,2021,37.0,0,1,16,0,0,21,1,,4,,-1,,2,2,0,1,(1),(1),1,, -1,2,0,1,50,26,5,2021,07:00,1,44,44035,2,1,1,7,Rue du Vivier,47.327959,-1.562397,7,1,1
202100044928,121Â 419,A01,10,3,1,0,0,-1,-1,3,3,1,2021,15.0,1,2,0,1,3,17,1,,4,JEAN GIRAUDOUX (RUE),0,,3,4,1,1,0,0,1,, -1,1,0,1,50,1,4,2021,12:30,1,67,67482,2,1,0,6,JEAN GIRAUDOUX (RUE),48.58794,7.70189,12,2,1
202100056113,101Â 580,A01,1,1,1,0,1,-1,-1,0,0,-1,2021,57.0,3,2,0,2,3,0,1,,3,1422,-1,D,2,2,0,1,(1),(1),1,, -1,2,0,1,80,6,1,2021,10:48,1,67,67164,2,1,1,1,D422,48.434853,7.493851,10,2,2
202100036746,136Â 021,A01,10,3,1,2,0,-1,-1,1,3,1,2021,10.0,3,3,0,1,2,1,1,1.0,4,PL SALVADOR ALLENDE,0,,2,2,0,1,0,0,1,, -1,1,0,1,10,25,5,2021,08:17,1,91,91228,2,1,0,6,PL SALVADOR ALLENDE,48.63445,2.429594,8,2,1
202100035913,137Â 496,B01,1,1,1,0,0,0,-1,-1, -1,-1,2021,20.0,0,1,0,2,1,9,5,,4,BOULEVARD LE CORBUSIER,0,,2,2,2,1,(1),(1),2,, -1,1,0,1,50,4,6,2021,20:10,1,44,44143,2,6,0,3,BOULEVARD LE CORBUSIER,47.1891,-1.57033,20,2,2
202100007710,187Â 975,B01,1,1,1,5,1,-1,-1,0,0,-1,2021,62.0,1,2,0,2,3,1,1,,3,137,0,D,2,2,0,1,46,975,3,, -1,1,0,1,80,17,11,2021,18:50,3,85,85051,1,1,0,1,Route dÃ©partementale 137,46.700462,-1.060014,18,3,2
202100010843,182Â 344,B01,1,1,1,0,1,0,-1,-1, -1,-1,2021,39.0,2,1,0,2,8,1,5,,3,BRAS DES CHEVRETTES (chemin),0,,2,2,0,2,(1),(1),3,, -1,1,0,1,50,25,10,2021,17:35,2,974,97409,1,3,0,1,BRAS DES CHEVRETTES (chemin),-20.967,55.62465,17,2,2
202100043848,123Â 295,A01,1,1,2,0,1,-1,-1,-1, -1,-1,2021,24.0,2,2,14,0,1,0,1,,1,AUTOROUTE A 62,0,,3,6,0,2,0,350,3,, -1,1,3,1,70,16,4,2021,12:50,1,33,33550,1,1,0,6,AUTOROUTE A 62,44.775506,-0.556797,12,1,1
202100050128,112Â 129,B01,1,1,1,3,1,0,-1,-1, -1,-1,2021,26.0,2,2,0,2,4,2,1,,1,A50-Sens Aubagne vers Marseille,0,,1,3,0,1,10,500,1,, -1,1,0,1,90,26,2,2021,16:30,1,13,13070,1,1,0,4,A50-Sens Aubagne vers Marseille,43.28511,5.5177,16,3,3
202100036506,136Â 450,B01,1,1,1,5,0,-1,-1,0,0,-1,2021,14.0,1,1,0,2,0,13,0,,3,25,-1,D,2,2,0,1,7,400,1,, -1,1,0,1,50,1,6,2021,14:45,1,74,74180,2,1,0,6,56 R du Veret,46.352045,6.298578,14,2,2
202100001204,199Â 621,B01,1,1,1,5,0,-1,-1,0,0,-1,2021,19.0,2,1,0,2,1,1,3,,4,PRE DE FOIRE ( RUE DU ),0,,2,3,0,2,0,1,1,, -1,2,0,5,50,24,12,2021,18:11,5,5,5061,2,3,1,6,PRE DE FOIRE ( RUE DU ),44.55492,6.07456,18,2,2
202100019881,166Â 096,A01,10,3,1,5,0,-1,-1,2,3,1,2021,21.0,0,2,0,1,1,1,1,,4,SAINT LOUIS (RUE),0,,2,2,0,1,(1),(1),1,, -1,1,9,1,50,8,9,2021,11:55,1,27,27229,2,1,0,6,SAINT LOUIS (RUE),49.023894,1.15495,11,3,1
202100003404,195Â 670,A01,1,1,2,5,1,0,-1,-1, -1,-1,2021,23.0,1,2,2,0,1,1,1,,7,CD 132,0,,2,1,0,2,8,800,2,, -1,2,0,3,700,12,12,2021,00:50,3,76,76391,1,1,1,7,CD 132,49.30827,0.97978,0,1,1
202100046126,119Â 315,A01,2,2,2,0,1,0,-1,-1, -1,-1,2021,37.0,3,2,1,0,1,13,1,,4,DANIEL PAUL AVENUE,0,,2,2,0,1,(1),(1),3,, -1,1,0,1,50,29,3,2021,22:20,5,13,13063,2,1,0,6,DANIEL PAUL AVENUE,43.5898,5.00953,22,2,1
202100018378,168Â 774,A01,1,1,1,0,8,0,-1,0,0,-1,2021,34.0,1,1,1,0,1,26,5,,4,SAINT JEAN (RUE (DE 33 ET + ET 38 ET +),0,,2,2,0,1,0,0,1,, -1,1,0,1,50,16,9,2021,21:15,5,14,14118,2,1,0,3,SAINT JEAN (RUE (DE 33 ET + ET 38 ET +),49.18225,-0.35966,21,2,2
202100040396,129Â 401,A01,1,1,1,5,0,-1,-1,0,0,-1,2021,14.0,0,1,0,0,0,16,5,,4,1,0,,2,2,0,2,(1),(1),1,, -1,1,0,1,50,11,5,2021,19:00,1,56,56118,2,1,0,7,Rue FranÃ§ois le LevÃ©,47.724348,-3.339774,19,1,1
202100024076,158Â 620,A01,2,2,2,5,1,-1,-1,0,0,-1,2021,68.0,1,2,4,0,3,0,1,,1,40,0,,1,1,0,2,191,355,3,, -1,1,0,1,30,15,8,2021,09:20,1,1,1343,1,1,0,6,Aire du MusÃ©e de la Bresse (Aire de repos),46.279966,4.982632,9,2,1
202100033368,142Â 123,A01,4,2,2,5,8,0,-1,0,0,-1,2021,23.0,1,2,4,0,1,13,1,,3,DRAGUIGNAN (ROUTE DE) - D2562-,0,,2,2,0,2,8,688,3,, -1,1,0,3,50,15,6,2021,01:15,5,6,6069,1,1,0,6,DRAGUIGNAN (ROUTE DE) - D2562-,43.64349,6.90292,1,3,1
202100010596,182Â 790,B01,1,1,2,1,1,-1,-1,0,0,-1,2021,57.0,3,2,0,2,3,1,1,,4,,-1,,2,2,0,1,(1),(1),1,,4,2,0,1,50,29,10,2021,07:40,5,49,49244,2,1,1,3,AllÃ©e de la MenanciÃ¨re (la Pommeraye),47.349066,-0.851762,7,2,2
202100001289,199Â 459,A01,1,1,2,0,1,0,-1,-1, -1,-1,2021,44.0,0,2,0,4,1,26,1,,7,MARSEILLE (ROUTE DE ),0,,2,2,0,2,0,0,1,, -1,2,0,8,50,26,12,2021,20:20,5,13,13001,2,1,0,1,MARSEILLE (ROUTE DE ),43.47602,5.41381,20,1,1
202100040057,129Â 996,B01,1,1,1,0,2,0,-1,-1, -1,-1,2021,16.0,1,1,0,2,1,17,1,,3,BREL (RUE JACQUES),0,,2,2,0,1,1,0,1,, -1,1,0,1,50,12,5,2021,16:55,1,18,18279,2,1,0,3,BREL (RUE JACQUES),47.20191,2.07816,16,3,2
202100001213,199Â 604,B01,1,1,1,5,2,8,-1,-1, -1,-1,2021,60.0,2,1,0,2,1,19,5,,3,RASPAIL (AV),0,,2,2,0,2,1,0,1,, -1,2,6,1,20,27,12,2021,17:40,5,94,94037,2,9,1,3,RASPAIL (AV),48.81422,2.349505,17,2,2
202100000742,200Â 390,B01,1,1,1,9,8,0,-1,-1, -1,-1,2021,12.0,3,1,0,2,1,25,3,,4,EUGENE GOBERT(RUE),0,,2,2,0,1,(1),(1),1,, -1,1,0,1,50,30,12,2021,11:40,1,973,97302,2,1,0,6,EUGENE GOBERT(RUE),4.9318403883,-52.3316492736,11,2,2
202100002378,197Â 531,A01,4,2,1,0,1,0,-1,-1, -1,-1,2021,9.0,3,2,0,2,0,26,1,,4,RUE CHATEAUBRIAND,0,,2,2,0,1,0,0,1,, -1,1,0,1,50,16,12,2021,14:00,1,91,91589,2,1,0,3,RUE CHATEAUBRIAND,48.678343,2.357508,14,4,2
202100032368,143Â 908,A01,1,1,2,3,1,-1,-1,0,0,-1,2021,34.0,2,2,13,0,3,12,1,,3,884,0,,3,4,0,4,11,370,1,, -1,1,0,3,110,16,6,2021,19:45,1,1,1419,1,1,0,6,D884,46.219433,5.981358,19,1,1
202100036050,137Â 248,B01,1,1,1,4,2,6,-1,-1, -1,-1,2021,25.0,3,1,0,0,0,0,1,,4,HENRI BARBUSSE (RUE),0,,2,2,0,1,0,0,1,, -1,1,1,1,45,6,6,2021,13:30,1,91,91477,2,1,0,2,HENRI BARBUSSE (RUE),48.71869,2.26044,13,2,2
202100055748,102Â 214,B01,1,1,1,0,1,0,-1,-1, -1,-1,2021,27.0,2,2,0,2,5,2,1,,2,RN9,0,,3,4,0,1,0,250,1,, -1,1,9,1,70,8,1,2021,08:43,1,972,97209,2,1,0,2,RN9,14.60774,-61.0424,8,2,2
202100045689,120Â 071,A01,1,1,2,1,8,-1,-1,0,0,-1,2021,32.0,2,2,13,6,1,21,1,,4,203,0,C,2,2,0,1,0,0,1,0,"3,9",1,0,3,90,2,4,2021,07:40,2,16,16276,1,1,0,6,Lieu-Dit Le Maine Neuf,45.455568,-0.148146,7,1,1
202100009002,185Â 625,A01,2,2,1,5,1,-1,-1,0,0,-1,2021,44.0,1,2,0,2,1,13,1,,3,RD,-1,,2,2,0,1,53,500,1,, -1,1,0,1,90,8,11,2021,02:10,3,5,5123,1,1,0,1,Rd 994,44.562084,5.924635,2,3,2
202100011842,180Â 552,A01,10,3,2,5,0,-1,-1,3,3,1,2021,68.0,2,0,0,1,1,8,3,,4,RUE DE BELLEVILLE,0,,2,2,3,2,(1),(1),1,, -1,1,-1,6,30,21,10,2021,12:08,1,75,75120,2,1,0,6,RUE DE BELLEVILLE,48.872675,2.379098,12,2,1
202100022233,161Â 904,B01,1,1,2,0,8,0,-1,-1, -1,-1,2021,66.0,2,1,0,2,0,1,5,,4,,0,,1,1,1,1,(1),(1),1,, -1,1,5,1,50,26,8,2021,19:00,1,67,67482,2,4,1,3,BOECKLIN (RUE),48.60108,7.7818,19,2,2
202100022190,161Â 980,A01,1,1,1,5,2,6,9,0,0,-1,2021,21.0,1,1,0,2,1,5,1,,3,103,-1,,2,2,0,2,8,730,3,, -1,1,0,1,80,29,8,2021,15:00,1,26,26315,1,1,0,1,Route des Grands Goulets,45.007216,5.440936,15,2,2
202100053315,106Â 423,A01,1,1,1,4,1,0,-1,-1, -1,-1,2021,56.0,1,4,0,2,1,2,1,,1,4,0,,3,4,0,1,20,500,1,, -1,1,0,1,110,29,1,2021,14:30,1,77,77146,1,1,0,4,A4.Y,48.8320783507,2.652526072,14,5,5
202100008349,186Â 803,B01,1,1,2,1,8,0,-1,-1, -1,-1,2021,56.0,1,0,0,2,4,1,3,,4,ARLON (ROUTE DE),0,,2,2,0,1,0,0,3,, -1,1,0,1,50,9,11,2021,14:50,1,57,57672,2,1,0,2,ARLON (ROUTE DE),49.35843,6.13743,14,2,2
202100055469,102Â 696,B01,1,1,1,1,8,0,-1,-1, -1,-1,2021,62.0,1,1,0,2,1,1,3,,4,REPUBLIQUE (AVENUE DE LA),0,,2,3,3,1,4,200,1,, -1,1,0,1,50,8,1,2021,09:10,1,68,68066,2,3,0,3,Avenue de la RÃ©publique,48.076281,7.352092,9,2,2
202100021704,162Â 843,A01,1,1,2,4,1,-1,-1,0,0,-1,2021,29.0,2,2,13,0,1,14,2,,3,18,0,E,2,2,0,1,9,400,2,, -1,1,0,3,80,1,9,2021,13:10,1,18,18140,1,1,0,6,D18e,47.155769,2.016034,13,1,1
202100027589,152Â 411,A01,1,1,1,1,2,6,-1,-1, -1,-1,2021,32.0,2,1,0,2,2,5,1,,3,5,0,,2,2,0,1,1,0,1,, -1,1,0,1,50,22,7,2021,08:30,1,92,92073,2,1,0,1,BOMBIGER (RUE DU DOCTEUR MARC),48.8624167617,2.2123906016,8,2,2
202100052120,108Â 544,A01,1,1,1,2,2,6,-1,-1, -1,-1,2021,16.0,2,1,0,2,3,18,1,,3,POMMERY (BOULEVARD),0,,2,3,0,1,19,720,1,, -1,1,0,1,50,8,2,2021,17:20,2,51,51454,2,1,0,2,Boulevard Pommery,49.2538172469,4.0543406144,17,2,2
202100010824,182Â 383,B01,1,1,1,5,2,-1,-1,-1, -1,-1,2021,37.0,1,1,0,2,3,3,1,,2,ROUTE NATIONALE 230,0,,3,6,0,2,37,700,2,, -1,1,0,1,90,27,10,2021,17:50,1,33,33065,1,1,0,3,ROUTE NATIONALE 230,44.82837,-0.50391,17,2,2
202100001354,199Â 341,B01,1,1,2,0,1,0,-1,-1, -1,-1,2021,45.0,2,2,0,2,4,2,1,,1,15,0,,3,5,0,1,4,0,1,, -1,2,2,1,90,26,12,2021,13:10,1,92,92036,1,1,0,2,AUTOROUTE A15,48.9378886633,2.297667219,13,2,2
202100020099,165Â 697,A01,2,2,2,5,2,6,-1,0,0,-1,2021,40.0,2,1,0,2,1,2,1,,4,QUAI BRANLY,0,,1,2,0,1,(1),(1),1,, -1,1,0,1,30,6,9,2021,09:45,1,75,75107,2,3,0,2,QUAI BRANLY,48.860535,2.295639,9,3,2
202100052311,108Â 211,A01,2,2,2,0,8,0,-1,-1, -1,-1,2021,13.0,2,2,0,2,1,2,1,,3,RD 2007,0,,3,4,0,3,21,399,1,, -1,2,0,1,70,6,2,2021,18:00,2,45,45004,2,1,1,2,RD 2007,47.979012,2.742147,18,3,2
202100030111,147Â 955,A01,1,1,1,0,1,-1,-1,0,0,-1,2021,29.0,2,2,0,2,1,1,1,,2,209,-1,,2,2,0,1,40,550,1,, -1,1,0,1,80,9,7,2021,05:10,2,3,3298,1,1,0,1,Lieu Dit le Champ du Rompet,46.303259,3.425138,5,2,2
202100023571,159Â 503,A01,1,1,1,5,1,8,-1,-1, -1,-1,2021,23.0,1,2,15,0,2,26,1,,4,MARECHAL JUIN (RUE DU),0,,2,1,0,1,(1),(1),1,, -1,1,0,1,30,18,8,2021,20:05,1,78,78124,2,3,0,6,MARECHAL JUIN (RUE DU),48.91132,2.180511,20,1,1
202100031487,145Â 471,A01,1,1,1,0,2,-1,-1,0,0,-1,2021,49.0,2,1,8,0,1,1,1,,3,13,0,,2,2,0,1,28,500,3,, -1,1,0,3,90,1,7,2021,19:30,1,48,48155,1,1,0,6,D13,44.223195,3.8341,19,1,1
202100039465,131Â 064,A01,10,3,2,3,0,-1,-1,2,3,1,2021,88.0,0,2,0,1,2,1,1,,4,SAINT LOUP (BOULEVARD DE),0,,2,2,0,1,(1),(1),1,, -1,1,0,1,50,18,5,2021,10:20,1,13,13211,2,1,0,6,SAINT LOUP (BOULEVARD DE),43.283777,5.434845,10,2,1
202100017904,169Â 617,B01,1,1,2,9,1,8,-1,-1, -1,-1,2021,39.0,2,2,0,2,4,1,1,,3,ARGENTEUIL ( AVENUE D' ),0,,2,0,0,1,0,0,1,, -1,1,0,1,50,20,9,2021,12:30,1,92,92004,2,1,0,4,ARGENTEUIL ( AVENUE D' ),48.9216882863,2.2778250422,12,3,3
202100011847,180Â 543,A01,1,1,1,9,2,6,-1,0,0,-1,2021,24.0,1,1,0,0,7,9,1,,4,PORTE D ASNIERES,0,,1,3,0,2,(1),(1),1,, -1,1,0,1,50,15,10,2021,19:45,5,75,75117,2,4,0,7,PORTE D ASNIERES,48.89322,2.303036,19,1,1
202100042244,126Â 119,A01,1,1,1,0,2,6,-1,0,0,-1,2021,39.0,2,1,3,2,8,1,1,,3,437,-1,,2,2,0,2,70,920,3,, -1,1,5,1,70,29,4,2021,14:40,1,25,25240,1,1,0,1,D437,47.075551,6.617782,14,2,2
202100046826,118Â 077,A01,1,1,1,1,2,6,4,0,0,-1,2021,44.0,2,1,0,6,1,1,1,,3,984,-1,,2,2,0,1,13,900,1,, -1,1,0,1,80,24,3,2021,05:45,2,71,71191,1,1,0,6,D984,46.8175656141,4.5467948915,5,1,1
202100018699,168Â 219,A01,1,1,2,5,1,0,-1,-1, -1,-1,2021,87.0,1,2,0,2,0,0,1,,2,RN 441,0,,-1,0,0,1,23,850,1,, -1,1,3,1,90,16,9,2021,09:05,1,91,91521,1,1,0,4,RN 441,48.63764,2.39812,9,3,3
202100040758,128Â 756,A01,1,1,2,9,1,0,-1,-1, -1,-1,2021,31.0,3,2,2,0,0,26,1,,7,OLIVES (AVENUE DES),0,,2,0,0,1,0,0,1,, -1,1,0,4,50,8,5,2021,03:30,5,13,13213,2,9,0,6,OLIVES (AVENUE DES),43.3262,5.4391,3,1,1
202100013282,177Â 998,B01,1,1,2,1,1,0,-1,-1, -1,-1,2021,29.0,1,2,0,2,7,1,1,,3,RD700,0,,3,4,0,1,1,0,1,, -1,1,0,1,50,14,10,2021,18:00,2,22,22360,1,1,0,3,RD700,48.464928,-2.779157,18,2,2
202100025635,155Â 863,B01,1,1,1,1,2,6,-1,-1, -1,-1,2021,26.0,2,1,0,2,1,1,1,,3,GENERAL LECLERC (AV DU),0,,3,2,0,1,0,0,1,, -1,2,0,1,50,4,8,2021,18:44,1,94,94046,2,9,1,2,Rue Ernest Renan,48.812884,2.427657,18,2,2
202100014141,176Â 411,A01,10,3,2,3,0,-1,-1,3,3,1,2021,85.0,3,2,0,1,2,1,1,,4,ESTIENNE D'ORVES (AVENUE D'),0,,1,1,0,1,0,0,1,, -1,1,0,1,50,9,10,2021,10:20,1,91,91326,2,1,0,6,ESTIENNE D'ORVES (AVENUE D'),48.69197,2.37726,10,2,1
202100023376,159Â 836,A01,2,2,1,5,1,-1,-1,0,0,-1,2021,88.0,2,2,0,2,8,19,1,,3,17,0,,2,2,0,1,11,290,1,, -1,1,5,1,70,20,8,2021,16:29,1,71,71371,1,2,0,3,Route de Cluny,46.3512203371,4.7102384074,16,4,2
202100052197,108Â 409,B01,2,2,2,4,1,-1,-1,0,0,-1,2021,45.0,1,4,0,2,0,1,1,,2,2,0,N,2,2,0,1,13,0,1,, -1,1,0,1,80,9,2,2021,06:00,5,60,60489,1,1,0,1,nationale 2,49.1569907461,2.8449578741,6,3,2
202100022975,160Â 562,B01,1,1,1,5,1,-1,-1,0,0,-1,2021,27.0,2,2,15,0,8,1,1,,1,35,0,,3,4,0,1,107,0,1,, -1,1,0,1,130,23,8,2021,10:55,1,68,68118,1,1,0,3,A35,47.721437,7.433324,10,2,2
202100013453,177Â 692,A01,1,1,1,5,8,-1,-1,0,0,-1,2021,53.0,1,1,0,0,1,26,1,,4,,-1,,2,2,0,1,(1),(1),1,,4,1,0,1,80,9,10,2021,19:23,2,45,45222,1,1,0,7,Route des Gourdets,48.093438,2.736626,19,2,1
202100031738,145Â 026,A01,1,1,1,1,2,0,-1,0,0,-1,2021,23.0,1,1,0,2,7,19,5,,4,PONT ALEXANDRE III,0,,2,8,0,1,(1),(1),1,, -1,2,2,1,50,29,6,2021,07:45,1,75,75107,2,2,1,3,PONT ALEXANDRE III,48.86286,2.313447,7,2,2
202100028769,150Â 303,A01,1,1,1,5,0,-1,-1,0,0,-1,2021,27.0,-1,5,0,0,0,1,1,,3,,-1,,2,2,0,1,21,500,1,,5,2,0,3,70,17,7,2021,04:00,3,69,69178,1,1,1,7,MONTBRISON (DE) (RTE),45.702043,4.460256,4,1,1
202100013519,177Â 562,A01,1,1,1,5,1,8,-1,-1, -1,-1,2021,79.0,1,2,1,0,1,1,1,,4,ROTONDE,0,,1,1,0,1,0,0,3,, -1,1,0,1,50,2,10,2021,17:50,1,58,58194,2,1,0,1,ROTONDE,46.9897,3.1469,17,2,2
202100049020,114Â 139,C01,1,1,2,3,1,-1,-1,0,0,-1,2021,48.0,2,2,0,2,1,23,1,,3,D2,0,,2,2,0,1,32,1149,1,, -1,1,0,1,50,6,3,2021,17:45,1,34,34113,1,1,0,5,D2,43.480737,3.699324,17,6,3
202100021033,164Â 065,B01,1,1,1,0,2,0,-1,-1, -1,-1,2021,21.0,1,1,0,2,2,15,1,,7,DUNKERQUE AVENUE DE,0,,2,4,1,1,(1),(1),1,, -1,1,0,1,50,2,9,2021,12:00,1,59,59350,2,1,0,3,DUNKERQUE AVENUE DE,50.64662,3.0081,12,2,2
202100032604,143Â 495,A01,2,2,2,5,2,6,-1,0,0,-1,2021,51.0,1,1,7,0,1,1,1,,7,451,0,D,2,2,0,1,1,180,2,, -1,1,0,8,80,12,6,2021,22:30,3,67,67350,1,6,0,6,D451,48.591767,7.645884,22,2,1