Num_Acc,id_vehicule,num_veh,place,catu,sexe,trajet,secu1,secu2,secu3,locp,actp,etatp,year_acc,victim_age,senc,catv,obs,obsm,choc,manv,motor,occutc,catr,voie,v1,v2,circ,nbv,vosp,prof,pr,pr1,plan,lartpc,larrout,surf,infra,situ,vma,jour,mois,an,hrmn,lum,dep,com,agg_,int,atm,col,adr,lat,long,hour,nb_victim,nb_vehicules
202100038429,132Â 953,B01,1,1,1,5,1,-1,-1,0,0,-1,2021,51.0,2,2,0,2,3,2,1,,1,A7,-1,,3,5,0,1,92,650,1,, -1,1,0,1,130,25,5,2021,10:05,1,26,26166,1,1,0,4,AUTOROUTE DU SOLEIL,44.754795,4.7927,10,4,3
202100012235,179Â 852,A01,1,1,1,0,1,0,-1,-1, -1,-1,2021,52.0,1,2,16,0,4,23,1,,3,PRESIDENT RENE COTY,0,,-1,2,0,1,0,134,1,, -1,1,5,1,50,18,10,2021,17:00,1,10,10081,1,6,0,2,PRESIDENT RENE COTY,48.325106,4.030496,17,2,2
202100014835,175Â 190,B01,1,1,1,4,2,0,-1,0,0,-1,2021,21.0,1,1,0,2,3,15,3,,4,BOULEVARD BARBES,0,,3,6,0,1,(1),(1),2,, -1,1,0,1,30,6,10,2021,17:00,1,75,75118,2,2,0,3,BOULEVARD BARBES,48.883851,2.349476,17,4,2
202100050161,112Â 056,B01,1,1,1,1,1,0,-1,-1, -1,-1,2021,44.0,3,2,0,2,4,21,1,,3,RD63E.  RD 607  Ã   RECLOSES,0,,3,4,0,2,25,220,1,, -1,1,0,1,90,25,2,2021,04:55,3,77,77186,1,1,0,2,RD63E.  RD 607  Ã   RECLOSES,48.375,2.68726,4,2,2
202100020181,165Â 562,A01,1,1,1,4,1,-1,-1,0,0,-1,2021,45.0,2,4,3,0,7,1,1,,1,7,-1,,3,5,0,1,87,910,1,, -1,1,0,2,130,9,9,2021,02:45,3,26,26165,1,1,0,6,Autoroute A7,44.784158,4.829854,2,1,1
202100049591,113Â 100,A01,2,1,1,0,2,0,-1,-1, -1,-1,2021,19.0,3,1,0,1,6,26,0,,4,JEAN ALBANI(RUE),0,,3,2,0,1,0,0,3,, -1,1,0,1,50,1,3,2021,13:15,1,974,97409,2,1,0,2,JEAN ALBANI(RUE),-20.96957,55.64885,13,1,1
202100019404,166Â 946,A01,1,1,2,5,1,-1,-1,0,0,-1,2021,76.0,1,2,2,0,3,13,1,,3,15,-1,,2,2,0,2,53,690,3,, -1,1,0,3,80,13,9,2021,13:20,1,12,12088,1,1,0,6,RD15 ,44.659328,2.947018,13,1,1
202100014788,175Â 276,A01,10,3,2,2,0,-1,-1,3,3,1,2021,11.0,2,2,0,1,3,1,1,,4,SAINT EXUPERY (AVENUE. 220 A ...),0,,2,2,0,1,(1),(1),1,, -1,1,0,1,50,6,10,2021,07:50,1,62,62193,2,1,0,6,SAINT EXUPERY (AVENUE. 220 A ...),50.9465,1.9006,7,2,1
202100000199,201Â 385,A01,1,1,2,0,2,-1,-1,-1, -1,-1,2021,18.0,1,1,0,2,1,1,0,,4,,-1,,2,4,3,1,(1),(1),1,, -1,1,0,1,50,14,10,2021,19:30,2,33,33063,2,1,0,2,Cours Victor Hugo,44.83529,-0.56983,19,2,2
202100017311,170Â 708,A01,4,2,2,0,1,-1,-1,0,0,-1,2021,27.0,1,2,3,0,1,14,1,,1,6,-1,,3,5,0,1,161,900,1,, -1,1,0,2,130,24,9,2021,09:15,1,89,89438,1,1,0,6,PK 161+900 A6,47.804191,3.634737,9,3,1
202100036458,136Â 531,A01,1,1,1,1,2,6,-1,0,0,-1,2021,49.0,1,1,0,2,7,17,1,,3,CAP MARTIN (PROMENADE DU),0,,2,2,0,1,2,925,1,, -1,1,0,1,50,1,6,2021,20:25,1,6,6104,2,3,0,3,CAP MARTIN (PROMENADE DU),43.759133,7.48276,20,2,2
202100051848,109Â 026,A01,1,1,1,1,2,-1,-1,0,0,-1,2021,23.0,1,1,0,2,1,1,1,,3,1,0,,2,2,1,1,2,475,1,, -1,2,5,1,50,10,2,2021,05:45,5,73,73065,2,2,0,3,D1 Av de la Motte Servolex,45.5867597477,5.8838864866,5,2,2
202100038045,133Â 657,B01,1,1,1,1,2,6,-1,0,0,-1,2021,50.0,2,1,0,2,7,15,1,,4,RUE DE TURBIGO,0,,1,2,1,1,(1),(1),1,, -1,1,0,1,30,27,5,2021,09:40,1,75,75103,2,4,0,3,RUE DE TURBIGO,48.866304,2.359804,9,2,2
202100047555,116Â 764,A01,1,1,1,0,1,-1,-1,0,0,-1,2021,51.0,2,2,16,0,2,1,1,,3,145,-1,,2,2,0,1,3,200,1,, -1,1,0,3,80,10,3,2021,07:00,2,202,202251,1,1,0,7,route de la montagne,41.998204,9.337649,7,1,1
202100026524,154Â 286,A01,10,3,2,3,0,-1,-1,2,3,1,2021,77.0,0,2,0,1,1,16,1,,4,,-1,,2,2,0,1,(1),(1),1,,4,1,0,1,50,24,7,2021,12:00,1,28,28088,2,1,0,6,Place de la LibertÃ©,48.075262,1.343653,12,2,1
202100037218,135Â 155,A01,10,3,2,3,0,-1,-1,1,5,1,2021,37.0,1,1,0,1,1,26,1,,4,BLATIN (RUE),0,,2,3,0,1,(1),(1),1,, -1,1,0,1,50,29,5,2021,12:19,1,63,63113,2,1,0,6,BLATIN (RUE),45.77688,3.07902,12,2,1
202100007555,188Â 237,A01,1,1,2,1,1,0,-1,-1, -1,-1,2021,44.0,3,2,4,0,1,1,1,,1,86,0,,1,2,0,2,9,0,3,, -1,2,0,1,70,17,11,2021,07:15,3,92,92036,1,1,1,6,AUTOROUTE A86,48.9383700387,2.3001401108,7,1,1
202100037421,134Â 769,B01,1,1,2,5,8,-1,-1,0,0,-1,2021,14.0,3,1,0,2,0,19,3,,4,REFFYE (COURS),0,,1,2,0,1,(1),(1),1,, -1,1,9,8,50,30,5,2021,11:37,1,65,65440,2,2,0,3,REFFYE (COURS),43.232411,0.070733,11,2,2
202100034818,139Â 475,A01,1,1,1,1,2,6,0,0,0,-1,2021,16.0,2,1,0,2,1,19,1,,3,342,0,D,2,2,0,2,4,372,1,, -1,1,5,1,50,11,6,2021,12:15,1,62,62534,2,6,0,3,36a Avenue Bernard Chochoy,50.707491,2.117423,12,2,2
202100032555,143Â 578,A01,1,1,1,0,2,-1,-1,0,0,-1,2021,39.0,2,1,2,0,0,0,1,,3,6086,-1,,2,2,0,1,(1),(1),1,, -1,1,0,3,70,21,6,2021,19:30,1,30,30092,1,1,0,6,D6086,44.096081,4.599093,19,1,1
202100006486,190Â 207,A01,1,1,1,5,1,0,-1,-1, -1,-1,2021,70.0,1,2,6,0,1,1,1,,4,BERTHELOT (RUE MARCELIN),0,,1,1,0,1,0,0,1,, -1,1,0,1,30,23,11,2021,16:30,1,92,92072,2,3,0,6,BERTHELOT (RUE MARCELIN),48.8132034741,2.208520174,16,1,1
202100002252,197Â 759,B01,1,1,2,0,1,5,-1,-1, -1,-1,2021,33.0,2,2,0,2,2,1,1,,4,CROUPILLAC (RUE ET IMPASSE),0,,2,2,0,2,0,0,3,, -1,1,9,1,50,18,12,2021,11:35,1,30,30007,2,9,0,3,CROUPILLAC (RUE ET IMPASSE),44.13257,4.1054,11,2,2
202100044360,122Â 379,B01,1,1,1,5,1,-1,-1,0,0,-1,2021,27.0,2,2,9,2,2,1,1,,4,LASSALLE (RUE GEORGES),0,,2,2,0,1,(1),(1),1,, -1,2,0,1,50,11,4,2021,13:00,1,65,65440,2,2,1,1,LASSALLE (RUE GEORGES),43.23503,0.06997,13,5,2
202100044439,122Â 253,A01,10,3,2,5,8,8,-1,3,3,1,2021,71.0,1,2,0,1,2,15,1,,3,BERTRAND (BD. PRESIDENT),0,,1,2,0,1,0,634,2,, -1,1,0,1,50,15,2,2021,14:45,1,43,43157,2,3,0,6,1 Boulevard du President Bertrand,45.03634485,3.8818109035,14,4,1
202100004807,193Â 189,A01,10,3,2,9,0,-1,-1,4,3,1,2021,25.0,0,2,0,1,1,1,1,,4,RUE BELGRAND,0,,2,1,0,1,(1),(1),1,, -1,2,0,1,30,3,12,2021,23:45,5,75,75120,2,7,1,6,RUE BELGRAND,48.864885,2.398661,23,2,1
202100006307,190Â 518,A01,1,1,2,0,1,5,-1,-1, -1,-1,2021,21.0,-1,2,0,2,5,15,1,,3,STALINGRAD (AVENUE) DES NÂ°2 AU NÂ°100,0,,1,2,1,1,0,1,1,, -1,2,0,1,50,25,11,2021,21:25,5,93,93072,2,3,0,3,STALINGRAD (AVENUE) DES NÂ°2 AU NÂ°100,48.94863,2.38064,21,2,2
202100053748,105Â 665,A01,10,3,1,9,0,-1,-1,4,3,2,2021,49.0,1,2,0,1,1,16,1,,4,RUE BARRAULT,0,,1,1,0,2,(1),(1),1,, -1,1,0,1,50,25,1,2021,12:00,1,75,75113,2,3,0,6,RUE BARRAULT,48.829673,2.348304,12,2,1
202100043399,124Â 091,A01,1,1,2,5,1,5,-1,-1, -1,-1,2021,24.0,1,2,15,1,1,14,1,,1,A507 sens Marseille - Aubagne,0,,1,3,0,1,4,199,3,, -1,1,3,1,70,18,4,2021,20:36,1,13,13055,1,1,0,6,A507,43.32514,5.42148,20,3,1
202100010521,182Â 919,B01,1,1,2,9,1,0,-1,-1, -1,-1,2021,47.0,1,2,0,2,8,26,1,,1,BRETELLE A11,0,,1,1,0,1,269,0,1,, -1,1,0,1,70,28,10,2021,15:22,1,49,49015,2,1,0,3,BRETELLE A11,47.495835,-0.623462,15,2,2
202100051550,109Â 554,A01,7,2,2,5,1,-1,-1,0,0,-1,2021,56.0,2,2,0,2,1,2,1,,1,11,-1,,1,2,0,1,316,700,1,, -1,1,0,1,130,14,2,2021,16:50,1,44,44003,1,9,0,2,autroute A11,47.3962273107,-1.2128777408,16,5,2
202100048648,114Â 798,A01,10,3,1,0,8,8,-1,1,3,1,2021,53.0,1,2,0,1,0,0,0,,2,ALLEGRE (BOULEVARD),0,,1,1,0,1,0,150,1,, -1,1,0,1,30,9,3,2021,02:50,4,972,97209,2,1,0,6,ALLEGRE (BOULEVARD),14.60519,-61.07327,2,2,1
202100002216,197Â 831,B01,1,1,2,5,1,-1,-1,-1,0,-1,2021,54.0,1,2,4,0,6,2,1,,1,AUTOROUTE A3,0,,1,4,0,1,18,500,1,, -1,1,0,2,90,19,12,2021,12:00,1,95,95527,1,1,0,2,AUTOROUTE A3,48.9867417235,2.5046253204,12,2,2
202100043776,123Â 437,A01,1,1,1,0,2,-1,-1,-1, -1,-1,2021,17.0,2,1,0,2,1,2,1,,4,TALLINN (SANS NÂ° DE DELALANDE A RP CARRE,0,,2,2,0,1,(1),(1),1,, -1,1,5,1,30,16,4,2021,18:15,1,29,29019,2,1,0,2,Avenue de Tallinn,48.3889,-4.52309,18,2,2
202100025596,155Â 929,A01,1,1,1,5,1,8,-1,-1, -1,-1,2021,22.0,1,2,9,0,0,14,1,,4,LA WANTZENAU (ROUTE DE),0,,2,2,0,1,(1),(1),1,, -1,1,0,1,50,3,8,2021,01:40,3,67,67482,2,1,0,6,LA WANTZENAU (ROUTE DE),48.605708,7.778172,1,1,1
202100025958,155Â 281,A01,1,1,1,1,2,6,9,0,0,-1,2021,24.0,0,1,0,0,9,26,1,,3,517,0,D,2,2,0,1,4,100,3,, -1,1,0,1,70,5,3,2021,17:30,1,38,38085,1,1,0,7,route de lyon,45.7528996665,5.1400828385,17,1,1
202100053475,106Â 127,A01,1,1,1,5,1,0,0,0,0,-1,2021,70.0,3,2,1,2,4,1,1,,4,ORANGERS AVENUE DES,0,,2,2,0,1,0,0,1,, -1,1,0,1,50,27,1,2021,11:50,1,6,6027,2,1,0,6,ORANGERS AVENUE DES,43.658336,7.167148,11,3,3
202100019987,165Â 906,A01,1,1,1,4,1,-1,-1,0,0,-1,2021,32.0,1,5,0,0,7,26,1,,3,19,0,,2,2,0,1,2,93,1,, -1,1,0,1,30,6,9,2021,15:40,1,77,77300,1,1,1,7,D19,48.942386,2.986524,15,1,1
202100043692,123Â 585,A01,1,1,1,9,2,-1,-1,0,0,-1,2021,52.0,2,1,0,2,1,5,1,,3,535,-1,,2,2,0,2,1,200,3,, -1,1,0,1,70,17,4,2021,16:15,1,7,7062,1,1,0,1,Route de Lentilleres,44.597863,4.307284,16,3,2
202100007227,188Â 837,A01,1,1,1,4,2,8,-1,-1, -1,-1,2021,22.0,1,1,0,0,7,15,1,,4,VILLENEUVE (RUE  DE LA ),0,,2,2,0,1,(1),(1),1,, -1,1,0,1,30,17,11,2021,13:20,1,56,56121,2,3,0,7,VILLENEUVE (RUE  DE LA ),47.74912,-3.38137,13,1,1
202100054864,103Â 736,A01,4,2,2,5,1,0,-1,-1, -1,-1,2021,6.0,2,2,13,0,8,16,1,,3,RD 415,0,,1,1,0,2,1,900,3,, -1,5,3,1,50,7,1,2021,17:00,3,88,88424,1,1,1,6,,48.2617032507,6.9635778666,17,2,1
202100045674,120Â 096,B01,1,1,2,5,0,-1,-1,0,0,-1,2021,67.0,3,0,0,2,2,1,3,,4,,-1,,2,2,0,2,(1),(1),1,, -1,1,0,1,50,31,3,2021,17:30,1,62,62584,2,1,0,3,Chemin du Halage,50.585933,2.596373,17,2,2
202100020750,164Â 542,A01,1,1,2,9,1,-1,-1,0,0,-1,2021,19.0,1,2,2,0,1,1,1,,3,D674,-1,,-1,2,0,1,26,200,1,, -1,1,0,3,80,31,8,2021,17:40,1,57,57483,1,1,0,6,D674,48.932826,6.649486,17,1,1
202100047691,116Â 510,A01,1,1,1,1,2,6,-1,-1, -1,-1,2021,26.0,1,1,14,0,1,14,1,,1,A50,0,,3,6,0,1,42,200,1,, -1,1,8,1,110,17,3,2021,07:45,1,13,13028,1,1,0,6,A50,43.1917546697,5.6566983461,7,1,1
202100013625,177Â 361,B01,1,1,1,9,2,6,-1,-1, -1,-1,2021,52.0,1,1,0,2,1,1,1,,3,R D 900,0,,2,4,0,1,25,1920,1,, -1,1,0,1,90,8,10,2021,17:14,1,66,66136,1,1,0,6,R D 900,42.67489,2.8854,17,2,2
202100009300,185Â 077,A01,1,1,1,4,2,0,-1,-1, -1,-1,2021,45.0,2,1,0,2,1,1,1,,3,REPUBLIQUE (AV DE LA),0,,2,2,0,2,1,0,1,, -1,1,5,1,50,5,11,2021,21:15,5,94,94033,2,3,0,3,Avenue de la RÃ©publique,48.85256,2.46081,21,3,2
202100051011,110Â 488,A01,1,1,1,0,1,8,-1,-1, -1,-1,2021,26.0,1,2,4,0,3,2,1,,2,RN12 INT,0,,3,4,0,1,18,700,1,, -1,2,0,2,90,18,2,2021,22:15,3,78,78646,1,1,1,6,RN12 INT,48.782486,2.161168,22,1,1
202100026628,154Â 111,B01,1,1,1,1,2,0,-1,-1, -1,-1,2021,33.0,0,1,0,2,2,1,5,,7,GOSSELIN RUE,0,,2,-1,0,1,26,250,2,, -1,1,0,1,50,26,7,2021,17:50,1,76,76457,1,3,0,3,GOSSELIN RUE,49.3397,0.9617,17,2,2
202100034460,140Â 132,A01,1,1,1,0,2,6,-1,0,0,-1,2021,29.0,2,1,0,2,1,1,1,,3,80,0,,2,2,0,1,4,490,2,, -1,1,0,1,80,6,6,2021,10:50,1,1,1085,1,1,0,3,80,46.042617,5.035772,10,3,2
202100023855,158Â 988,B01,1,1,1,0,1,0,-1,-1, -1,-1,2021,58.0,2,2,0,2,1,1,1,,4,BELLEVUE (CHEMIN DE),0,,1,1,0,1,0,0,1,, -1,1,0,1,50,22,7,2021,15:26,1,87,87085,2,2,0,3,LEON ROCHE (RUE),45.86781,1.1787,15,2,2
202100036934,135Â 686,B01,1,1,1,1,1,-1,-1,-1, -1,-1,2021,29.0,1,2,0,2,4,2,1,,2,ROUTE NATIONALE 230,0,,3,6,0,1,43,64,1,, -1,1,0,1,90,31,5,2021,17:35,1,33,33249,1,1,0,4,ROUTE NATIONALE 230,44.87421,-0.507037,17,4,4
202100051619,109Â 425,A01,9,2,2,5,1,-1,-1,0,0,-1,2021,18.0,1,2,6,0,1,1,1,,3,51,-1,,2,2,0,1,1,500,2,, -1,1,0,1,50,14,2,2021,11:30,1,14,14269,1,1,0,6,Route de Blangy-le-ChÃ¢teau,49.2478371237,0.2358743565,11,4,1
202100045107,121Â 108,A01,10,3,1,5,0,-1,-1,9,5,2,2021,12.0,2,5,0,1,1,1,1,,3,909,0,,2,2,0,1,0,0,1,, -1,1,0,1,50,31,3,2021,17:00,1,92,92009,2,2,0,6,ARGENTEUIL NÂ° 176 A 388,48.9259500588,2.2739318758,17,2,1
202100042921,124Â 950,A01,1,1,1,5,2,0,-1,-1, -1,-1,2021,45.0,3,1,0,2,1,1,5,,4,QU DE POLANGIS,0,,2,2,1,1,1,0,1,, -1,1,0,1,30,23,4,2021,18:05,1,94,94042,2,3,0,1,Quai de Polangis,48.829605,2.473475,18,2,2
202100016557,172Â 036,A01,1,1,1,0,8,0,-1,-1, -1,-1,2021,58.0,2,1,0,2,1,1,5,,4,,0,,1,1,1,1,0,0,1,, -1,2,0,1,20,27,9,2021,15:30,1,92,92075,2,2,0,3,SADI CARNOT (RUE),48.8224101195,2.2899373474,15,2,2
202100026217,154Â 839,B01,1,1,2,5,1,-1,-1,0,0,-1,2021,58.0,2,2,0,2,0,2,1,,1,11,0,A,1,3,0,1,146,0,1,,14,1,0,1,130,31,7,2021,17:15,1,72,72031,1,1,0,3,autoroute A11 pk 146,48.088257,0.505328,17,2,2
202100001228,199Â 575,B01,2,2,2,5,1,-1,-1,0,0,-1,2021,35.0,1,2,0,2,2,17,1,,1,6,-1,,3,5,0,1,347,0,1,, -1,2,0,1,130,28,12,2021,18:40,4,71,71249,1,1,1,3,A6,46.657279,4.856343,18,6,2
202100045747,119Â 980,A01,1,1,2,9,2,8,-1,-1, -1,-1,2021,19.0,1,1,0,2,2,17,1,,4,ORLEANS D',0,,2,2,0,1,0,0,1,, -1,1,9,1,30,30,3,2021,11:45,1,64,64445,2,2,0,3,ORLEANS D',43.29904,-0.37273,11,2,2
202100054418,104Â 483,A01,1,1,1,0,8,0,-1,-1, -1,-1,2021,59.0,0,2,0,2,1,5,1,,3,D235,0,,2,4,0,1,0,1,1,, -1,1,0,1,80,14,1,2021,09:50,1,84,84031,1,1,0,4,D235,44.031773,5.050781,9,5,4
202100043329,124Â 213,B01,1,1,1,9,2,0,-1,0,0,-1,2021,50.0,0,1,0,2,1,2,1,,4,PUITS ROZAN (DU),0,,2,2,0,1,(1),(1),1,, -1,1,0,1,50,15,4,2021,08:00,1,42,42237,2,9,0,3,Rue du Puits Rozan,45.4570875743,4.4248340428,8,2,2
202100045646,120Â 145,A01,1,1,1,0,2,6,-1,-1, -1,-1,2021,42.0,1,1,0,2,3,18,1,,4,AV DE LA REPUBLIQUE,0,,2,2,0,1,1,0,1,, -1,1,0,1,30,1,4,2021,19:44,1,94,94028,2,1,0,3,Avenue de la RÃ©publique,48.7913,2.4648,19,2,2
202100044772,121Â 684,A01,1,1,1,0,2,6,-1,0,0,-1,2021,28.0,1,1,12,0,3,1,1,,3,1,0,,1,2,1,1,0,300,1,, -1,1,-1,1,50,9,4,2021,06:45,5,29,29042,2,6,0,6,1 Route de Camaret,48.2470968093,-4.500526798,6,1,1
202100047445,116Â 960,B01,1,1,1,5,0,-1,-1,0,0,-1,2021,19.0,1,1,0,2,8,15,3,,3,85,0,,2,2,0,1,0,800,1,, -1,1,0,1,50,19,3,2021,11:30,1,77,77382,2,2,0,3,13 Rue de Coulommes,48.897667,2.880102,11,2,2
202100023291,159Â 983,B01,4,2,1,0,1,5,-1,0,0,-1,2021,21.0,3,2,0,2,7,1,0,,4,FALAISES (ROUTE DES) NATION A ANDELLE,0,,2,2,0,1,(1),(1),1,, -1,1,5,1,50,20,8,2021,23:40,5,27,27701,2,2,0,3,FALAISES (ROUTE DES) NATION A ANDELLE,49.2714775775,1.2165499684,23,6,2
202100051544,109Â 563,A01,1,1,1,0,8,-1,-1,0,0,-1,2021,44.0,3,2,2,0,1,1,1,,4,,0,,2,2,0,1,(1),(1),3,, -1,7,0,3,80,14,2,2021,17:00,1,45,45129,1,1,0,6,Route de Brigny,47.9370170905,3.0335038685,17,1,1
202100043851,123Â 291,B01,2,2,1,0,1,0,-1,-1, -1,-1,2021,47.0,2,2,0,2,4,24,1,,1,AUTOROUTE A86,0,,3,4,0,3,22,899,2,, -1,1,0,1,90,16,4,2021,18:35,1,93,93008,1,1,0,4,AUTOROUTE A86,48.90635,2.45975,18,4,3
202100053822,105Â 543,B01,1,1,1,0,2,6,-1,-1, -1,-1,2021,39.0,1,1,0,2,1,1,1,,2,tsoundzou-Bamcolo (rue),0,,2,0,0,1,5,49,1,, -1,1,0,1,50,22,1,2021,13:25,1,976,97611,2,1,0,2,tsoundzou-Bamcolo (rue),-12.8075,45.20522,13,2,2
202100006635,189Â 928,A01,1,1,1,1,8,0,-1,-1, -1,-1,2021,23.0,2,2,0,2,8,13,1,,3,FUMECON (LIEU-DIT),0,,2,2,0,1,36,1100,3,, -1,1,9,1,90,22,11,2021,07:00,3,61,61466,1,1,0,5,FUMECON (LIEU-DIT),48.73619,-0.54099,7,3,3
202100003765,195Â 028,A01,1,1,2,5,5,1,-1,0,0,-1,2021,67.0,2,2,16,0,1,21,1,,3,55,0,,2,2,0,2,33,100,3,, -1,2,0,8,80,10,12,2021,23:05,3,57,57691,1,1,1,7,D55 PK33+100,49.239475,6.513594,23,1,1
202100037036,135Â 499,A01,1,1,1,4,2,6,-1,0,0,-1,2021,59.0,2,1,0,2,3,3,1,,4,PORTE DE CLIGNANCOURT,0,,1,4,0,1,22,400,1,, -1,1,0,1,70,1,6,2021,10:00,1,75,75118,2,1,0,2,PORTE DE CLIGNANCOURT,48.901194,2.350747,10,2,2
202100033135,142Â 528,A01,1,1,1,5,1,-1,-1,0,0,-1,2021,18.0,2,2,8,0,1,1,1,,3,806,0,D,2,2,0,2,89,750,2,, -1,2,0,3,90,22,6,2021,03:40,3,48,48042,1,1,0,6,D806,44.584641,3.492719,3,1,1
202100016533,172Â 074,A01,1,1,1,5,2,0,-1,0,0,-1,2021,22.0,2,1,0,2,1,5,3,,4,BOULEVARD DE COURCELLES,0,,2,4,0,1,(1),(1),1,, -1,2,0,1,30,27,9,2021,05:45,5,75,75117,2,3,0,3,BOULEVARD DE COURCELLES,48.878854,2.30176,5,2,2
202100006611,189Â 972,B01,1,1,2,0,1,0,-1,-1, -1,-1,2021,51.0,3,2,0,2,8,16,1,,4,RUAUDIN (RUE) NÂ° IMP 191 ET >,0,,2,2,0,1,0,0,1,, -1,1,0,1,50,23,11,2021,09:00,1,72,72181,2,2,0,3,RUAUDIN (RUE) NÂ° IMP 191 ET >,47.97226,0.22965,9,2,2
202100007753,187Â 896,A01,10,3,2,1,8,-1,-1,4,3,1,2021,18.0,3,2,0,1,0,1,1,,4,FEUILLAT                            (R ),0,,2,2,0,1,(1),(1),1,, -1,1,5,1,50,16,11,2021,11:50,1,69,69383,2,2,0,6,FEUILLAT (R),45.74978,4.87572,11,2,1
202100032141,144Â 297,Z01,10,3,1,5,0,-1,-1,1,3,1,2021,82.0,3,5,0,1,5,4,1,,4,PASSAGE HEBRARD,0,,2,2,0,2,(1),(1),1,, -1,2,0,1,30,26,6,2021,10:25,1,75,75110,2,1,1,6,PASSAGE HEBRARD,48.872884,2.372349,10,2,1
202100025046,156Â 886,B01,1,1,1,5,0,-1,-1,0,0,-1,2021,63.0,2,1,0,2,1,1,5,,3,1093,-1,D,2,2,0,1,7,600,1,, -1,2,5,1,90,9,8,2021,12:43,1,3,3044,1,2,1,3,D1093,46.069833,3.380597,12,2,2
202100049622,113Â 045,A01,10,3,1,0,0,-1,-1,8,2,2,2021,5.0,1,0,0,1,0,1,3,,4,HELBLING (QUAI JEANNE),0,,-1,0,0,1,0,0,1,, -1,1,6,8,15,27,2,2021,16:10,1,67,67482,2,1,0,6,HELBLING (QUAI JEANNE),48.573558,7.762141,16,2,1
202100044089,122Â 869,A01,5,2,1,5,0,-1,-1,0,0,-1,2021,21.0,2,2,6,0,0,1,1,,3,971,0,D,2,2,0,1,67,200,2,, -1,1,5,1,50,15,4,2021,01:30,3,21,21006,2,4,0,6,1 Rue du Pont,47.7509463281,4.5813617073,1,3,1
202100030750,146Â 791,B01,1,1,2,1,4,8,-1,-1, -1,-1,2021,31.0,2,1,0,2,1,1,5,,4,LECLERC                             (AV),0,,2,5,3,1,(1),(1),1,, -1,2,0,1,50,29,6,2021,17:30,1,69,69387,2,9,1,3,LECLERC (AV),45.74557,4.83206,17,2,2
202100007319,188Â 667,A01,2,2,1,0,2,0,-1,0,0,-1,2021,17.0,1,1,0,2,7,26,1,,4,,0,,2,2,1,1,(1),(1),1,, -1,1,0,1,50,18,11,2021,15:20,1,6,6088,2,2,0,5,DIABLES BLEUS (AV. DES),43.70833,7.29078,15,4,3
202100038468,132Â 886,A01,1,1,1,0,2,-1,-1,0,0,-1,2021,18.0,0,1,1,0,1,0,1,,4,13,0,C,2,2,0,1,(1),(1),1,, -1,1,0,1,50,26,5,2021,17:00,1,74,74262,2,1,0,2,1402 Rte de Bidaille,46.1141111,6.303234,17,2,2
202100052400,108Â 046,A01,1,1,1,0,1,-1,-1,0,0,-1,2021,47.0,0,2,0,2,1,1,1,,4,LEO LAGRANGE (RUE),0,,2,-1,0,1,(1),(1),1,, -1,1,0,1,50,1,2,2021,14:50,1,80,80021,2,1,0,2,LEO LAGRANGE (RUE),49.91064,2.31329,14,2,2
202100019665,166Â 497,A01,10,3,1,2,0,-1,-1,3,5,1,2021,13.0,2,2,0,1,2,1,1,,4,DE GAULLE ( AV. GENERAL ),0,,2,2,0,1,(1),(1),1,, -1,1,5,1,50,9,9,2021,13:35,1,56,56098,2,2,0,6,Rue Jules Guesde,47.76222,-3.33742,13,2,1
202100015635,173Â 724,A01,1,1,1,1,2,6,-1,0,0,-1,2021,44.0,2,1,0,2,1,13,1,,4,BOULEVARD PERIPHERIQUE,0,,1,4,0,1,35,0,1,, -1,1,0,1,70,1,10,2021,07:10,1,75,75112,2,1,0,2,BOULEVARD PERIPHERIQUE,48.827141,2.39103,7,2,2
202100026905,153Â 618,A01,1,1,1,5,2,6,9,0,0,-1,2021,57.0,1,1,0,0,0,1,1,,2,88,0,N,2,2,0,1,58,375,1,, -1,1,0,1,80,25,7,2021,07:39,1,48,48016,1,1,0,7,RN 88,44.484321,3.457689,7,1,1
202100052498,107Â 884,B01,1,1,2,4,1,-1,-1,0,0,-1,2021,31.0,0,5,0,2,1,1,1,,3,93,-1,,2,2,0,1,(1),(1),1,, -1,1,0,1,70,5,2,2021,09:10,1,27,27133,1,1,0,1,15 Quai de Seine,49.362449,0.919504,9,2,2
202100055824,102Â 087,B01,1,1,1,9,2,8,-1,0,0,-1,2021,41.0,1,1,0,2,2,1,1,,4,AVENUE DE LA PORTE CHAUMONT,0,,2,3,0,1,(1),(1),1,, -1,1,0,1,50,8,1,2021,16:45,1,75,75119,2,2,0,3,AVENUE DE LA PORTE CHAUMONT,48.886239,2.396734,16,2,2
202100032265,144Â 090,B01,1,1,1,0,0,0,-1,-1,0,-1,2021,20.0,2,1,0,2,4,1,5,,4,LILLE RUE DE,0,,2,2,0,1,(1),(1),2,, -1,1,0,1,50,18,6,2021,17:00,1,59,59328,2,1,0,5,LILLE RUE DE,50.6521,3.04058,17,3,3
202100051021,110Â 472,A01,10,3,2,5,0,-1,-1,2,3,2,2021,22.0,2,2,0,1,0,1,1,,2,PATRICK SAINT ELOI ( AVENUE ),0,,2,2,0,1,(1),(1),1,, -1,2,0,1,50,16,2,2021,20:00,5,971,97101,2,1,1,6,PATRICK SAINT ELOI ( AVENUE ),16.2569,-61.52055,20,2,1