Num_Acc,id_vehicule,num_veh,place,catu,sexe,trajet,secu1,secu2,secu3,locp,actp,etatp,year_acc,victim_age,senc,catv,obs,obsm,choc,manv,motor,occutc,catr,voie,v1,v2,circ,nbv,vosp,prof,pr,pr1,plan,lartpc,larrout,surf,infra,situ,vma,jour,mois,an,hrmn,lum,dep,com,agg_,int,atm,col,adr,lat,long,hour,nb_victim,nb_vehicules
202100010305,183Â 285,B01,1,1,1,5,8,0,-1,0,0,-1,2021,14.0,2,1,0,2,4,1,5,,3,SOMMERVILLER (ROUTE DE),0,,2,2,0,1,13,350,1,, -1,1,0,1,80,29,10,2021,19:00,2,54,54159,1,1,0,6,SOMMERVILLER (ROUTE DE),48.62909,6.36344,19,3,3
202100015567,173Â 860,B01,1,1,1,1,8,0,-1,-1, -1,-1,2021,50.0,1,1,0,2,1,1,5,,3,CHARTRES (ANCIENNE ROUTE DE),0,,2,2,0,1,(1),(1),3,, -1,1,0,1,50,1,10,2021,07:35,2,45,45302,2,3,0,3,Ancienne Route de Chartres,47.94135,1.88887,7,2,2
202100030286,147Â 632,B01,1,1,1,1,2,-1,-1,0,0,-1,2021,31.0,2,1,0,2,3,1,1,,3,907,0,,2,2,0,1,1,650,1,, -1,1,0,1,50,7,7,2021,12:10,1,45,45040,2,1,0,1,46 Faubourg de la Villeneuve,47.556331,2.844561,12,2,2
202100022621,161Â 180,B01,1,1,1,0,1,0,-1,0,0,-1,2021,64.0,1,2,0,2,6,1,1,,4,SAINT DIZIER (RUE 82 ET 113 A FIN),0,,1,3,3,1,(1),(1),1,, -1,1,0,1,50,25,8,2021,07:20,1,54,54395,2,2,0,3,SAINT DIZIER (RUE 82 ET 113 A FIN),48.6868678411,6.1853712113,7,2,2
202100047161,117Â 468,A01,1,1,1,5,1,9,-1,0,0,-1,2021,46.0,3,2,17,0,3,0,1,,4,,-1,,2,2,0,1,(1),(1),3,, -1,1,0,3,80,13,3,2021,17:18,1,44,44128,1,1,0,6,le pigeon blanc,47.562595,-1.864291,17,1,1
202100014762,175Â 326,B01,1,1,1,9,2,0,-1,-1, -1,-1,2021,37.0,1,1,0,2,3,1,1,,3,ARON (ANDRE),0,,2,2,0,1,0,400,1,, -1,1,0,1,50,6,10,2021,15:09,1,973,97302,2,1,0,3,ARON (ANDRE),4.94345,-52.31882,15,2,2
202100033854,141Â 250,A01,10,3,1,5,0,-1,-1,3,3,1,2021,92.0,0,2,0,1,1,1,1,,4,JUIN   AVENUE DU MARECHAL,0,,2,2,0,1,(1),(1),1,, -1,1,0,8,30,17,6,2021,08:00,1,17,17300,2,1,0,6,JUIN   AVENUE DU MARECHAL,46.160531,-1.179461,8,2,1
202100024791,157Â 336,A01,1,1,1,1,1,-1,-1,0,0,-1,2021,41.0,2,2,2,0,1,13,1,,3,964,-1,,2,2,0,2,15,837,2,, -1,1,0,3,80,6,8,2021,02:45,3,81,81064,1,1,0,7,le fangas,43.968021,1.812814,2,1,1
202100054392,104Â 539,A01,1,1,1,9,8,-1,-1,0,0,-1,2021,58.0,2,2,15,0,2,1,1,,2,1,0,,2,2,0,1,29,800,1,, -1,1,0,8,60,20,1,2021,11:00,1,987,98734,2,1,0,1,PK 29.800 COTE MONTAGNE - RT1,-17.74933,-149.557743,11,2,1
202100022398,161Â 612,B01,1,1,1,9,2,6,-1,-1, -1,-1,2021,17.0,1,1,0,2,1,17,1,,4,MITTERAND (AVENUE DU PDT),0,,2,2,0,2,0,0,1,, -1,1,0,1,50,26,8,2021,07:20,1,974,97416,2,1,0,3,MITTERAND (AVENUE DU PDT),-21.3448521448,55.4849401116,7,2,2
202100011282,181Â 570,B01,1,1,1,5,2,6,9,0,0,-1,2021,59.0,1,1,0,2,1,1,1,,3,933,-1,,2,2,0,2,19,500,1,,4,1,0,1,50,17,10,2021,08:00,1,1,1231,2,2,1,3,Grand Route,46.353045,4.903346,8,2,2
202100048763,114Â 603,A01,1,1,1,0,1,0,-1,-1, -1,-1,2021,52.0,1,4,3,2,4,2,1,,2,RN 118,0,,1,2,0,1,8,899,1,, -1,1,0,3,90,9,3,2021,16:40,1,91,91534,1,1,0,6,RN 118,48.7191,2.17021,16,1,1
202100010944,182Â 163,A01,1,1,2,0,1,0,-1,-1, -1,-1,2021,22.0,1,2,0,2,1,0,1,,4,PASTEUR VALERY RADOT(IMPASSE ET RUE),0,,1,1,0,1,0,0,1,, -1,1,3,1,50,25,10,2021,11:50,1,94,94028,2,9,0,2,PASTEUR VALERY RADOT(IMPASSE ET RUE),48.77959,2.44318,11,2,2
202100036036,137Â 274,A01,1,1,1,1,1,-1,-1,0,0,-1,2021,51.0,2,2,0,0,1,0,1,,3,47,0,B,2,2,0,1,(1),(1),1,, -1,1,0,3,70,8,6,2021,07:15,1,59,59126,1,1,0,7,D47b,50.305978,3.123449,7,1,1
202100006333,190Â 471,A01,1,1,1,4,1,-1,-1,0,0,-1,2021,48.0,1,5,2,0,3,9,1,,3,765,-1,,3,2,0,1,62,500,3,, -1,2,5,8,80,26,11,2021,07:15,3,29,29173,1,6,1,6,D765 - Route de Douarnenez,48.012018,-4.197013,7,1,1
202100021338,163Â 511,A01,1,1,1,0,1,5,-1,0,0,-1,2021,70.0,2,2,0,0,8,11,1,,3,1017,-1,D,2,2,0,1,(1),(1),1,,5,1,0,1,50,3,9,2021,16:15,1,80,80620,2,3,0,3,Route de Paris,49.916667,2.933918,16,3,2
202100046419,118Â 803,A01,1,1,1,5,8,-1,-1,0,0,-1,2021,32.0,2,2,0,2,1,13,1,,3,446,-1,D,2,2,0,1,(1),(1),1,, -1,1,0,1,50,28,3,2021,07:15,2,91,91666,2,1,0,1,Route de MontlhÃ©ry,48.669734,2.19578,7,2,2
202100031372,145Â 670,A01,9,2,2,9,1,-1,-1,0,0,-1,2021,69.0,1,2,0,2,7,19,1,,3,975,0,,3,4,0,1,18,500,1,, -1,1,5,1,80,2,7,2021,15:45,1,50,50453,1,2,0,3,Carrefour RD975 et RD999,48.845424,-1.201259,15,4,2
202100035493,138Â 267,A01,1,1,2,1,2,-1,-1,-1, -1,-1,2021,58.0,0,0,0,2,8,19,3,,4,VINGT CINQUIEME DE LIGNE (AVENUE DU),0,,1,0,0,1,0,0,3,, -1,1,0,1,50,8,6,2021,18:10,1,50,50129,2,1,0,3,VINGT CINQUIEME DE LIGNE (AVENUE DU),49.6448,-1.63466,18,2,2
202100050942,110Â 622,A01,1,1,1,1,8,0,-1,-1, -1,-1,2021,23.0,3,2,14,2,8,13,1,,9,HOTTINGER (Rue Rodolphe),0,,2,2,0,1,0,0,1,, -1,1,0,1,50,18,2,2021,06:30,5,94,94011,2,1,0,1,HOTTINGER (Rue Rodolphe),48.7603,2.49,6,2,2
202100006619,189Â 958,A01,10,3,2,5,0,-1,-1,1,3,1,2021,11.0,1,1,8,1,1,2,3,,4,TURENNE (RUE DE),0,,2,2,0,1,(1),(1),1,, -1,1,2,1,30,21,10,2021,19:49,2,68,68066,2,1,0,6,TURENNE (RUE DE),48.07394,7.35732,19,2,1
202100009916,183Â 965,A01,4,2,2,1,1,0,-1,0,0,-1,2021,25.0,1,2,0,2,5,2,1,,4,PORTE DES LILAS,0,,1,4,0,1,28,500,1,, -1,2,0,1,70,31,10,2021,18:20,2,75,75120,2,4,1,2,PORTE DES LILAS,48.876534,2.409645,18,4,2
202100033779,141Â 390,B01,2,2,2,0,8,0,-1,-1, -1,-1,2021,26.0,1,1,0,2,0,1,1,,3,SOLEIL LEVANT (BOULEVARD DU),0,,2,2,0,2,0,699,1,, -1,2,0,1,50,17,6,2021,11:20,1,972,97209,2,1,1,3,SOLEIL LEVANT (BOULEVARD DU),14.62273,-61.03904,11,3,2
202100030365,147Â 486,B01,3,2,2,3,0,-1,-1,-1, -1,-1,2021,35.0,1,3,14,0,3,1,1,2.0,4,TALLEYRAND (RUE),0,,1,2,0,1,(1),(1),1,, -1,1,0,1,50,6,7,2021,14:40,1,51,51454,2,2,0,3,Rue de Talleyrand,49.25752,4.02812,14,3,2
202100044562,122Â 063,A01,2,2,2,5,1,8,-1,-1, -1,-1,2021,19.0,1,2,0,2,7,1,1,,4,FREBAULT (RUE  DU GENERAL ),0,,1,1,0,1,(1),(1),1,, -1,1,0,1,30,8,4,2021,12:26,1,56,56121,2,2,0,3,FREBAULT (RUE  DU GENERAL ),47.74014,-3.37526,12,3,2
202100034331,140Â 368,A01,1,1,2,1,1,0,-1,-1, -1,-1,2021,34.0,2,1,0,2,4,23,1,,3,,-1,,3,-1,-1,1,(1),(1),1,, -1,1,0,1,-1,15,6,2021,07:42,1,92,92050,2,5,0,2,LECLERC GENERAL AVENUE DU,48.8968717175,2.1958976984,7,2,2
202100015136,174Â 655,A01,1,1,1,0,8,8,-1,-1, -1,-1,2021,63.0,1,2,1,2,1,26,1,,4,JULES JOUY (AVENUE),0,,2,2,0,1,0,0,1,, -1,2,0,1,50,5,10,2021,11:45,1,93,93005,2,2,1,3,Avenue Jules Jouy / Avenue LeliÃ¨vre,48.92648,2.49407,11,2,2
202100039892,130Â 284,B01,1,1,1,0,1,-1,-1,0,0,-1,2021,31.0,0,2,15,2,1,1,1,,4,,-1,,2,2,2,1,(1),(1),1,, -1,1,0,1,50,13,5,2021,11:30,1,69,69143,2,2,0,3,REY LORAS (R),45.8795058819,4.8378402031,11,2,2
202100042489,125Â 673,B01,1,1,1,4,1,0,-1,-1, -1,-1,2021,36.0,2,5,0,2,3,0,1,,4,TIFFOU ARMAND,0,,2,2,0,1,(1),(1),1,, -1,1,0,1,50,23,4,2021,19:20,1,11,11069,2,2,0,3,TIFFOU ARMAND,43.212,2.3667,19,2,2
202100004639,193Â 475,A01,1,1,1,0,1,0,-1,-1, -1,-1,2021,22.0,2,2,0,0,9,2,1,,1,AUTOROUTE A104,0,,3,8,0,1,2,900,1,, -1,2,0,1,90,5,12,2021,06:20,2,93,93078,1,1,1,6,AUTOROUTE A104,48.963,2.52188,6,1,1
202100054996,103Â 508,A01,1,1,1,0,1,0,-1,-1, -1,-1,2021,59.0,2,2,0,0,0,2,1,,1,86,0,,3,6,0,1,22,799,1,, -1,1,0,1,90,11,1,2021,13:30,1,93,93008,1,1,0,7,AUTOROUTE A86,48.90655,2.4584,13,1,1
202100027673,152Â 254,A01,1,1,1,5,2,6,-1,-1, -1,-1,2021,44.0,2,1,0,2,1,3,1,,1,A86 EXT,0,,-1,4,0,1,39,799,1,, -1,1,0,1,90,22,7,2021,17:15,1,94,94028,1,1,0,2,A86 EXT,48.7827541084,2.4408460732,17,2,2
202100009991,183Â 839,A01,1,1,1,5,1,-1,-1,0,0,-1,2021,24.0,1,2,16,0,9,1,1,,3,D139,0,,2,2,0,3,6,0,4,, -1,1,0,3,80,27,6,2021,06:30,2,62,62196,1,1,0,6,Rue des Fours Romains,50.479176,1.705493,6,2,1
202100031398,145Â 632,A01,1,1,1,0,2,6,-1,0,0,-1,2021,33.0,1,1,0,2,4,5,1,,3,111,-1,,2,2,0,2,0,650,3,,"5,5",1,0,1,50,2,7,2021,16:40,1,76,76533,2,1,0,6,CÃ´te de Rogerville,49.501482,0.268763,16,2,2
202100034122,140Â 770,A01,10,3,2,5,0,-1,-1,1,3,1,2021,12.0,3,4,0,1,0,1,0,,4,VERLAINE (PLACE PAUL),0,,2,0,0,1,0,0,1,, -1,1,0,1,50,12,6,2021,21:50,2,93,93027,2,1,0,6,VERLAINE (PLACE PAUL),48.932557,2.391002,21,2,1
202100045322,120Â 721,A01,1,1,1,5,2,-1,-1,0,0,-1,2021,50.0,2,1,0,0,0,1,1,,3,8,0,D,2,2,0,2,5,200,2,, -1,1,0,3,80,4,4,2021,14:39,1,83,83035,1,1,0,7,Dn8,43.242739,5.799524,14,1,1
202100001122,199Â 764,A01,1,1,1,5,2,-1,-1,0,0,-1,2021,10.0,2,1,0,2,1,1,5,,3,699,0,D,2,2,0,1,30,310,1,, -1,1,0,1,80,30,12,2021,16:40,1,16,16232,1,1,0,2,D699,45.677244,0.265871,16,2,2
202100007367,188Â 585,B01,1,1,1,0,8,0,-1,-1, -1,-1,2021,23.0,-1,1,0,2,3,1,1,,3,PAUL VAILLANT COUTURIER (RUE),0,,2,2,0,1,1,0,1,, -1,1,0,1,50,19,11,2021,11:00,1,93,93050,2,3,0,3,PAUL VAILLANT COUTURIER (RUE),48.86848,2.55665,11,2,2
202100012453,179Â 451,A01,2,2,1,5,1,-1,-1,-1, -1,-1,2021,13.0,1,2,3,2,7,13,1,,4,CARRIET (QUAI ),0,,2,2,0,1,(1),(1),1,, -1,1,0,1,50,17,10,2021,07:20,5,33,33249,2,1,0,3,Quai Carriet,44.88402,-0.53046,7,3,2
202100052988,107Â 002,A01,1,1,1,4,2,0,-1,0,0,-1,2021,25.0,1,1,0,2,1,1,3,,4,BOULEVARD RICHARD LENOIR,0,,1,2,0,1,(1),(1),1,, -1,2,0,1,50,31,1,2021,20:45,5,75,75111,2,2,1,3,BOULEVARD RICHARD LENOIR,48.858019,2.371628,20,2,2
202100047130,117Â 523,B01,1,1,1,0,2,0,-1,0,0,-1,2021,17.0,1,1,1,2,3,15,1,,4,,0,,2,2,0,1,(1),(1),1,, -1,1,0,1,50,21,3,2021,14:43,1,25,25056,2,3,0,3,TILLEROYES CHEMIN DES,47.24146,5.97856,14,2,2
202100012285,179Â 770,A01,10,3,2,2,0,-1,-1,6,3,1,2021,13.0,2,5,8,1,1,1,1,,3,41,0,D,2,2,0,1,11,365,1,, -1,1,0,1,80,19,10,2021,18:00,1,38,38160,1,1,0,6,D41,45.482576,4.989931,18,4,1
202100023480,159Â 655,A01,1,1,1,5,2,6,-1,0,0,-1,2021,60.0,2,1,13,0,1,13,1,,3,983,0,D,2,2,0,2,1,100,3,, -1,1,0,3,80,19,8,2021,18:00,1,63,63026,1,1,0,6,D983,45.676194,2.933757,18,1,1
202100028154,151Â 378,A01,1,1,2,5,1,0,-1,0,0,-1,2021,28.0,0,2,0,2,3,1,1,,4,EMILE FABRE (COURS  ),0,,1,2,0,1,0,1,1,, -1,1,0,1,50,17,7,2021,00:52,5,5,5061,2,3,0,3,EMILE FABRE (COURS  ),44.56077,6.07737,0,3,2
202100022570,161Â 279,B01,1,1,1,1,1,0,-1,-1, -1,-1,2021,46.0,2,2,0,2,1,2,2,,1,AUTOROUTE A86,0,,3,4,0,1,52,99,1,, -1,1,1,1,70,26,8,2021,08:50,1,94,94034,1,1,0,4,AUTOROUTE A86,48.760377,2.319886,8,3,3
202100049904,112Â 535,A01,10,3,2,3,0,-1,-1,5,2,1,2021,87.0,2,2,0,1,1,20,1,,3,PARIS.(RUE DE),0,,-1,0,0,1,1,0,1,, -1,1,0,4,50,27,2,2021,10:40,1,94,94028,2,1,0,6,PARIS.(RUE DE),48.79384,2.46058,10,2,1
202100035502,138Â 253,A01,1,1,1,5,1,0,-1,-1, -1,-1,2021,23.0,2,2,0,2,7,9,1,,3,FREREJEAN(AV G.ET L.),0,,2,2,0,1,4,625,1,, -1,1,0,1,50,9,6,2021,17:44,1,38,38318,2,6,0,3,Av Georges et Louis Frerejean,45.52439,4.921998,17,2,2
202100011733,180Â 759,B01,1,1,1,1,1,-1,-1,-1, -1,-1,2021,53.0,2,2,0,2,3,1,1,,1,AUTOROUTE A 62,0,,3,4,0,1,1,200,1,, -1,1,0,1,110,22,10,2021,08:00,2,33,33550,1,1,0,3,AUTOROUTE A 62,44.76278,-0.54763,8,3,2
202100049365,113Â 526,A01,1,1,1,5,2,6,-1,-1, -1,-1,2021,15.0,1,1,0,0,8,1,1,,4,VERDUN (RUE DE),0,,2,2,0,1,0,0,1,, -1,9,0,1,50,27,2,2021,16:37,1,87,87085,2,1,0,7,VERDUN (RUE DE),45.81914,1.2401,16,1,1
202100022109,162Â 106,A01,10,3,2,5,0,-1,-1,4,3,2,2021,21.0,1,1,0,1,1,1,1,,4,AVENUE JEAN JAURES,0,,2,5,0,1,(1),(1),1,, -1,1,0,1,30,28,8,2021,03:00,5,75,75119,2,2,0,6,AVENUE JEAN JAURES,48.885914,2.382204,3,2,1
202100009121,185Â 406,A01,1,1,1,9,2,0,-1,0,0,-1,2021,26.0,2,1,0,2,2,1,1,,4,AVENUE PARMENTIER,0,,2,2,0,1,(1),(1),1,, -1,1,0,1,50,6,11,2021,08:30,1,75,75111,2,2,0,3,AVENUE PARMENTIER,48.866671,2.373495,8,2,2
202100051943,108Â 858,A01,2,2,2,0,1,0,-1,-1, -1,-1,2021,18.0,1,1,0,0,7,1,1,,4,,0,,1,0,0,1,0,0,1,, -1,7,0,1,30,10,2,2021,18:05,2,92,92075,2,1,0,7,JACQUES JEZEQUEL (AVENUE),48.8199891862,2.2903476655,18,2,1
202100007313,188Â 679,A01,1,1,1,0,1,0,-1,-1, -1,-1,2021,38.0,3,2,2,0,1,1,1,,4,LUCIEN MOREL PAYEN (RUE),0,,2,2,0,1,(1),(1),3,, -1,1,0,1,50,19,11,2021,02:02,5,10,10387,2,1,0,6,LUCIEN MOREL PAYEN (RUE),48.305,4.0916,2,1,1
202100048425,115Â 200,A01,10,3,1,0,0,-1,-1,2,3,-1,2021,48.0,2,2,1,0,1,1,1,,4,ARC (AVENUE JEANNE D'),0,,1,-1,0,1,0,0,1,, -1,1,0,1,50,11,3,2021,11:55,1,13,13005,2,1,0,1,ARC (AVENUE JEANNE D'),43.2951700827,5.566846642,11,2,1
202100045563,120Â 290,B01,1,1,2,0,8,0,-1,-1, -1,-1,2021,37.0,1,1,0,2,7,1,5,,4,BOLLEE (AV) NÂ° IMP 1 A 63,0,,1,2,2,1,0,0,1,, -1,1,0,1,50,1,4,2021,10:15,1,72,72181,2,6,0,3,BOLLEE (AV) NÂ° IMP 1 A 63,48.00396,0.20264,10,2,2
202100002091,198Â 061,A01,1,1,1,1,8,-1,-1,0,0,-1,2021,21.0,1,2,13,0,1,2,1,,3,135,0,D,2,2,0,1,29,1130,1,, -1,1,0,3,80,17,12,2021,17:08,2,30,30347,1,1,0,7,D135,43.719784,4.269669,17,1,1
202100006329,190Â 475,A01,10,3,1,5,0,-1,-1,3,3,1,2021,53.0,2,2,0,1,2,1,1,,3,62,-1,,2,2,0,1,14,275,1,, -1,2,0,1,50,26,11,2021,17:45,5,71,71073,2,1,1,6,Avenue GÃ©nÃ©ral de Gaulle,46.910776,4.75477,17,4,1
202100015156,174Â 620,A01,1,1,1,0,0,-1,-1,0,0,-1,2021,43.0,3,2,8,0,3,0,1,,4,3,0,C,2,2,0,1,0,0,2,, -1,2,0,3,80,5,10,2021,21:45,3,72,72053,1,1,0,6,Route de Surfonds,47.935004,0.419567,21,1,1
202100019820,166Â 217,A01,1,1,1,0,2,6,-1,-1, -1,-1,2021,41.0,1,1,3,0,0,1,1,,2,RN104,0,,-1,3,0,1,0,0,3,, -1,2,0,1,70,10,9,2021,21:25,3,77,77337,1,1,1,6,RN104,48.8298826076,2.6190598404,21,1,1
202100049931,112Â 492,A01,1,1,1,5,1,-1,-1,0,0,-1,2021,56.0,2,2,2,0,1,1,1,,3,15,0,D,2,2,0,1,14,500,1,, -1,2,0,3,80,28,2,2021,13:50,1,34,34214,1,1,0,6,D15,43.474894,3.281157,13,1,1
202100019559,166Â 670,A01,1,1,1,5,1,-1,-1,0,0,-1,2021,23.0,1,2,0,2,7,5,1,,3,522,-1,,2,2,0,2,8,200,1,, -1,1,0,1,70,11,9,2021,00:45,3,38,38351,1,1,0,1,D522,45.538459,5.229557,0,2,2
202100026942,153Â 554,B01,1,1,2,0,1,-1,-1,0,0,-1,2021,23.0,1,2,0,2,1,2,1,,3,D12,-1,,2,2,0,1,43,500,1,, -1,1,0,1,50,14,4,2021,10:35,1,74,74159,2,1,0,2,route nationale,46.019287,6.621945,10,3,2
202100055521,102Â 604,A01,1,1,1,9,2,6,-1,0,0,-1,2021,18.0,2,1,0,2,1,1,1,,4,BOULEVARD MACDONALD,0,,2,3,0,1,(1),(1),1,, -1,1,0,1,50,11,1,2021,14:44,1,75,75119,2,3,0,3,BOULEVARD MACDONALD,48.897615,2.38814,14,2,2
202100050055,112Â 268,A01,10,3,2,2,0,-1,-1,4,5,2,2021,11.0,2,2,0,1,1,1,1,,4,AVENUE GAMBETTA,0,,2,2,1,2,(1),(1),1,, -1,1,0,1,30,26,2,2021,13:55,1,75,75120,2,2,0,6,AVENUE GAMBETTA,48.866532,2.399893,13,3,1
202100014800,175Â 250,A01,1,1,1,1,2,8,-1,-1, -1,-1,2021,17.0,1,1,0,2,7,12,1,,7,SAINT LAURENT (QUAI ),0,,2,4,0,1,1,0,1,, -1,1,0,1,50,6,10,2021,07:50,2,45,45234,2,1,0,3,SAINT LAURENT (QUAI ),47.898,1.89178,7,2,2
202100011629,180Â 935,A01,10,3,2,0,0,-1,-1,3,3,1,2021,95.0,1,2,0,1,2,2,1,,7,ALPES AVENUE DES,0,,3,4,1,1,(1),(1),3,, -1,1,6,1,50,22,10,2021,10:23,1,6,6027,2,6,0,6,ALPES AVENUE DES,43.660445,7.143681,10,2,1
202100022939,160Â 619,A01,1,1,1,0,1,-1,-1,0,0,-1,2021,34.0,3,2,0,2,1,13,1,,3,12,0,D,2,2,0,2,(1),(1),1,, -1,1,0,1,50,22,8,2021,17:30,1,22,22103,2,1,0,1,Rue de la Ville Chevalier,48.551664,-2.007805,17,5,2
202100022904,160Â 683,Z01,10,3,1,0,0,-1,-1,0,0,-1,2021,69.0,1,0,0,9,7,17,0,,7,SALINS ( ROUTE DES VIEUX),0,,2,2,0,1,42,180,1,, -1,1,0,1,50,22,8,2021,07:50,1,83,83069,1,1,0,6,SALINS ( ROUTE DES VIEUX),43.11558,6.19121,7,2,1
202100010903,182Â 239,A01,10,3,1,0,0,-1,-1,2,3,1,2021,18.0,0,2,0,1,1,1,1,,4,NAUTIN LEON,0,,2,2,0,1,(1),(1),1,, -1,1,0,1,50,15,10,2021,01:25,5,42,42218,2,1,0,6,Rue LÃ©on Nautin,45.4347832845,4.3898359067,1,2,1
202100052429,107Â 998,A01,1,1,1,0,2,-1,-1,-1, -1,-1,2021,62.0,2,1,0,2,1,18,1,,4,VENISE (RUE),0,,2,2,1,1,(1),(1),1,, -1,1,0,5,50,5,2,2021,08:05,1,51,51454,2,1,0,3,Rue de Venise,49.2472528332,4.0332588348,8,3,2
202100049992,112Â 384,B01,1,1,1,1,2,6,-1,0,0,-1,2021,54.0,1,1,0,2,4,2,1,,4,,0,,3,4,0,1,(1),(1),1,, -1,1,0,1,50,26,2,2021,09:43,1,201,201004,2,1,0,2,RECCO ABBE BOULEVARD,41.93732,8.73808,9,2,2
202100051255,110Â 063,B01,1,1,2,0,2,0,-1,-1, -1,-1,2021,44.0,1,1,0,2,1,1,1,,3,BADUEL (ROUTE DE),0,,2,2,2,1,1,500,1,, -1,1,0,3,50,16,2,2021,11:15,1,973,97302,2,1,0,3,BADUEL (ROUTE DE),4.93693,-52.31514,11,2,2
202100001763,198Â 639,A01,10,3,1,4,0,-1,-1,1,3,2,2021,35.0,1,2,0,1,4,26,2,,3,906,0,,3,4,0,1,0,0,1,, -1,1,0,1,50,22,12,2021,10:40,1,92,92023,2,1,0,6,GENERAL DE GAULLE (AVENUE DU),48.7796884637,2.237367332,10,3,1
202100015778,173Â 466,B01,3,2,1,5,1,0,-1,-1, -1,-1,2021,23.0,0,2,0,2,8,1,1,,4,,0,,1,1,0,1,0,0,1,, -1,1,0,1,30,30,9,2021,22:45,5,92,92040,2,2,0,3,BAS MEUDON (AVENUE DU),48.8219211952,2.2440889478,22,4,2
202100020373,165Â 222,B01,1,1,1,9,2,6,-1,0,0,-1,2021,66.0,2,1,0,2,3,1,1,,3,980,0,D,3,2,0,2,0,700,3,, -1,1,0,1,80,8,9,2021,18:45,1,30,30175,1,1,0,3,D980,44.265862,4.428359,18,2,2
202100006554,190Â 085,B01,1,1,2,1,2,8,-1,-1, -1,-1,2021,33.0,1,1,0,2,5,1,1,,4,ROUTE DE L'ANSE VATA,0,,-1,2,0,1,0,0,1,, -1,1,0,1,50,22,11,2021,17:20,1,988,98818,2,3,0,3,ROUTE DE L'ANSE VATA,-22.27946,166.44864,17,2,2
202100042761,125Â 212,A01,2,2,2,5,2,7,9,0,0,-1,2021,18.0,1,1,15,0,3,17,1,,3,D991,0,,2,2,0,1,27,700,2,, -1,1,0,1,50,25,4,2021,16:17,1,73,73059,2,1,1,6,D991 Bd Gaston Mollex,45.72849,5.881909,16,2,1
202100048181,115Â 625,A01,1,1,1,5,2,6,-1,0,0,-1,2021,46.0,1,1,0,0,1,0,1,,3,929,0,D,2,2,0,1,34,495,1,, -1,1,0,1,50,13,3,2021,13:30,1,65,65231,2,1,0,7,D929 Route d'Espagne,43.052207,0.370864,13,1,1
202100055638,102Â 402,A01,1,1,1,5,1,-1,-1,0,0,-1,2021,19.0,1,2,8,0,1,1,1,,3,81,-1,A,2,2,0,1,8,700,2,, -1,1,0,4,50,1,1,2021,05:30,5,66,66037,2,1,0,6,Avenue de l'Esparrou,42.695353,3.025274,5,2,1
202100032821,143Â 111,A01,10,3,1,5,0,-1,-1,2,5,2,2021,3.0,3,2,0,1,3,1,1,,4,DE LESSEPS FERDINAND,0,,1,1,0,1,(1),(1),1,, -1,2,0,1,50,22,6,2021,14:15,1,95,95280,2,1,1,6,Rue Ferdinand de Lesseps,49.02103,2.46448,14,2,1
202100014636,175Â 552,B01,1,1,1,5,8,0,-1,0,0,-1,2021,13.0,1,0,0,2,8,19,3,,4,RUE DE TOLBIAC,0,,2,3,3,1,(1),(1),1,, -1,1,0,6,30,6,10,2021,20:15,5,75,75113,2,3,0,3,RUE DE TOLBIAC,48.827105,2.367132,20,2,2
202100010727,182Â 555,B01,1,1,1,5,2,6,-1,-1, -1,-1,2021,32.0,2,1,0,2,1,1,1,,4,ROGER BRUN (RUE),0,,1,1,0,1,91,0,1,, -1,1,0,1,50,27,10,2021,21:20,5,13,13206,2,1,0,3,ROGER BRUN (RUE),43.28529,5.39402,21,2,2
202100050716,111Â 030,E01,1,1,1,4,1,-1,-1,-1, -1,-1,2021,30.0,2,5,0,2,1,1,1,,1,A47   1.809 A 5.820,0,,3,4,0,1,4,250,1,, -1,1,0,1,90,20,2,2021,14:00,1,69,69091,1,1,0,4,A47,45.5838068605,4.7465268406,14,7,5
202100012208,179Â 894,A01,10,3,2,5,0,-1,-1,3,3,2,2021,2.0,1,2,0,1,2,26,1,,4,,0,,2,2,0,1,(1),(1),1,, -1,1,9,1,50,14,10,2021,08:15,1,36,36044,2,1,0,6,Rue EugÃ¨ne Delacroix,46.8031,1.70638,8,2,1
202100032681,143Â 351,A01,10,3,1,0,0,-1,-1,1,3,1,2021,8.0,1,2,0,1,0,0,2,,4,SAINTE MARGUERITE (BOULEVARD),0,,2,-1,0,1,0,0,1,, -1,1,0,1,50,23,6,2021,14:35,1,13,13209,2,1,0,3,SAINTE MARGUERITE (BOULEVARD),43.26943,5.40243,14,2,1
202100056323,101Â 221,B01,1,1,1,5,1,0,-1,-1, -1,-1,2021,21.0,2,2,1,1,1,1,1,,1,5B,0,,3,3,0,1,8,199,1,, -1,2,0,1,110,3,1,2021,23:34,3,77,77495,1,1,1,6,A5b,48.58194,2.6376,23,4,1
202100052105,108Â 572,A01,10,3,1,2,0,-1,-1,1,3,1,2021,13.0,2,2,0,1,2,1,1,,4,RUE FREDERIC JOLIOT CURIE,0,,2,2,0,1,0,100,1,, -1,1,0,1,50,8,2,2021,17:15,2,91,91657,2,1,0,6,RUE FREDERIC JOLIOT CURIE,48.703368,2.420107,17,4,1
202100014830,175Â 198,A01,10,3,1,5,0,-1,-1,8,A,2,2021,4.0,1,1,0,1,3,1,3,,4,RUE CLAUDE BERNARD,0,,1,1,1,2,(1),(1),1,, -1,2,8,5,30,5,10,2021,17:35,1,75,75105,2,1,0,6,RUE CLAUDE BERNARD,48.840979,2.344242,17,2,1