Num_Acc,id_vehicule,num_veh,place,catu,sexe,trajet,secu1,secu2,secu3,locp,actp,etatp,year_acc,victim_age,senc,catv,obs,obsm,choc,manv,motor,occutc,catr,voie,v1,v2,circ,nbv,vosp,prof,pr,pr1,plan,lartpc,larrout,surf,infra,situ,vma,jour,mois,an,hrmn,lum,dep,com,agg_,int,atm,col,adr,lat,long,hour,nb_victim,nb_vehicules
202100044273,122Â 529,A01,1,1,1,1,1,0,-1,-1, -1,-1,2021,57.0,1,5,3,0,7,14,1,,3,RD 2060,0,,3,4,0,1,30,1200,1,, -1,1,0,2,110,12,4,2021,20:00,1,45,45338,1,1,0,6,D 2060-PR 30 + 1200,47.98563,2.70048,20,1,1
202100018832,167Â 985,A01,1,1,1,1,1,-1,-1,0,0,-1,2021,19.0,2,2,0,2,3,13,1,,4,,0,,2,2,0,1,(1),(1),3,,4,1,0,1,80,16,9,2021,13:50,1,37,37093,1,1,0,1,1 Rue du Puits Livet,47.1313509289,0.449932011,13,3,2
202100036677,136Â 154,B01,1,1,1,5,2,6,-1,0,0,-1,2021,50.0,2,1,0,2,1,1,1,,3,937,0,,2,2,0,1,23,630,1,, -1,1,0,1,50,3,6,2021,19:45,1,2,2719,2,9,0,3,rue de la rÃ©publique,49.595432,3.230811,19,2,2
202100047530,116Â 806,B01,1,1,1,9,8,0,-1,0,0,-1,2021,26.0,1,1,0,2,1,1,5,,4,BOULEVARD DE MAGENTA,0,,4,0,1,1,(1),(1),1,, -1,2,-1,5,50,18,3,2021,21:05,5,75,75110,2,3,1,3,BOULEVARD DE MAGENTA,48.8757849495,2.3564869165,21,3,2
202100003566,195Â 375,A01,10,3,2,0,0,-1,-1,1,9,1,2021,28.0,1,2,0,1,5,4,1,,4,L'HOUEZEL (ROUTE DE),0,,2,2,0,2,(1),(1),1,, -1,2,0,1,30,10,12,2021,07:40,1,971,97113,2,1,1,6,L'HOUEZEL (ROUTE DE),16.2032,-61.47552,7,2,1
202100035854,137Â 606,B01,1,1,2,1,1,-1,-1,-1, -1,-1,2021,55.0,2,2,0,2,4,2,1,,2,ROUTE NATIONALE 230,0,,3,6,0,1,40,250,1,, -1,1,0,1,90,8,6,2021,18:10,1,33,33013,1,1,0,4,Rocade Rive Droite N230,44.849485,-0.503805,18,3,3
202100039992,130Â 108,B01,1,1,1,5,2,6,-1,0,0,-1,2021,51.0,2,1,0,2,1,1,6,,3,578,0,D,2,2,0,1,2,157,1,, -1,2,0,1,80,15,5,2021,16:00,1,63,63385,1,4,1,1,D578,45.810697,2.842519,16,2,2
202100039987,130Â 118,A01,2,2,2,5,1,-1,-1,0,0,-1,2021,43.0,1,2,0,2,1,1,1,,3,75,-1,,2,2,0,2,3,450,1,, -1,1,0,1,80,14,5,2021,10:00,1,77,77032,1,2,0,1,Bois Saint Pere,48.72034169,3.25479205,10,4,2
202100003104,196Â 216,A01,1,1,1,0,2,0,-1,0,0,-1,2021,60.0,3,1,0,0,1,1,1,,4,CHAMBRETTES (RUE DES),0,,2,2,0,1,0,0,1,, -1,1,0,1,50,13,12,2021,08:22,1,63,63113,2,1,0,7,CHAMBRETTES (RUE DES),45.76697,3.0986,8,1,1
202100007965,187Â 492,B01,1,1,1,0,8,8,-1,-1, -1,-1,2021,59.0,1,1,0,2,8,1,0,,4,MERE THERESA (rue),0,,2,2,0,1,(1),(1),1,, -1,1,0,1,50,15,11,2021,18:30,3,973,97302,2,1,0,3,MERE THERESA (rue),4.92476,-52.31247,18,2,2
202100019843,166Â 167,A01,1,1,1,0,2,0,-1,-1, -1,-1,2021,46.0,2,1,8,0,1,1,1,,3,LIMOGES (AVENUE DE),0,,2,3,0,1,0,0,1,, -1,1,0,1,50,9,9,2021,08:40,1,87,87050,2,1,0,6,LIMOGES (AVENUE DE),45.86758,1.23853,8,1,1
202100051759,109Â 185,B01,1,1,2,1,8,-1,-1,0,0,-1,2021,24.0,1,2,0,2,1,21,1,,2,20,0,,2,2,0,2,116,800,2,, -1,2,0,1,80,13,2,2021,07:15,2,202,202140,1,1,1,1,RT 20,42.502731,9.304304,7,2,2
202100047825,116Â 267,B01,1,1,1,4,2,6,-1,0,0,-1,2021,57.0,1,1,0,2,1,1,1,,4,PORTE DE CLIGNANCOURT,0,,1,4,0,1,21,800,1,, -1,2,0,1,70,15,3,2021,12:45,1,75,75118,2,1,0,3,PORTE DE CLIGNANCOURT,48.900646,2.331722,12,2,2
202100052797,107Â 351,A01,1,1,1,0,2,6,-1,0,0,-1,2021,16.0,1,1,14,0,9,2,1,,4,PAOUTE (ROUTE ET TRAVERSE DE LA),0,,3,2,0,1,(1),(1),1,, -1,1,1,1,50,2,2,2021,11:34,1,6,6069,2,1,0,7,PAOUTE (ROUTE ET TRAVERSE DE LA),43.63249,6.95527,11,1,1
202100015946,173Â 161,A01,1,1,1,1,2,8,-1,0,0,-1,2021,48.0,1,1,0,1,7,1,3,,4,QUAI BRANLY,0,,2,1,1,1,(1),(1),1,, -1,1,0,5,30,30,9,2021,19:45,5,75,75115,2,1,0,6,QUAI BRANLY,48.856417,2.290003,19,2,1
202100012668,179Â 072,A01,1,1,1,1,2,6,-1,0,0,-1,2021,23.0,2,1,0,2,3,15,1,,4,BOULEVARD SAINT GERMAIN,0,,1,3,0,1,(1),(1),1,, -1,1,0,1,30,16,10,2021,08:30,1,75,75105,2,2,0,3,BOULEVARD SAINT GERMAIN,48.849438,2.354409,8,2,2
202100021378,163Â 432,B01,1,1,1,5,0,-1,-1,0,0,-1,2021,17.0,1,1,0,2,4,2,5,,3,179,-1,,2,2,0,1,4,560,1,, -1,2,0,1,80,3,9,2021,05:50,3,78,78263,1,1,0,5,RD 179,48.79826,1.716908,5,3,3
202100021478,163Â 248,A01,1,1,1,1,2,6,-1,0,0,-1,2021,19.0,2,1,0,2,1,1,1,,4,BOULEVARD BARBES,0,,2,4,0,2,(1),(1),1,, -1,1,0,1,50,1,9,2021,03:40,5,75,75118,2,2,0,3,BOULEVARD BARBES,48.889469,2.349591,3,2,2
202100001855,198Â 482,B01,1,1,2,0,1,-1,-1,-1, -1,-1,2021,48.0,1,2,0,2,4,2,1,,7,HEYRIEUX (D')                       (RO),0,,2,2,2,1,6,900,1,, -1,1,0,1,50,21,12,2021,14:00,1,69,69290,2,1,0,2,HEYRIEUX (D') (RTE),45.68235,4.9546,14,3,2
202100017249,170Â 819,A01,2,2,1,9,1,-1,-1,0,0,-1,2021,28.0,1,2,2,0,1,1,2,,3,974,-1,,2,2,0,2,18,195,1,, -1,1,0,3,80,25,9,2021,22:00,3,50,50034,1,1,0,6,Route de Fumichon,49.095473,-1.055063,22,2,1
202100005827,191Â 377,A01,2,2,2,5,1,-1,-1,0,0,-1,2021,10.0,2,2,6,0,2,14,1,,3,75,0,,2,2,0,2,(1),(1),1,,4,2,0,3,80,28,11,2021,00:18,3,38,38449,1,3,1,1,D75,45.627938,5.092356,0,2,1
202100015105,174Â 707,B01,7,2,1,4,1,0,-1,0,0,-1,2021,29.0,2,5,0,2,4,23,1,,4,AVENUE DE FLANDRE,0,,2,4,1,1,(1),(1),1,, -1,1,0,1,30,5,10,2021,00:10,5,75,75119,2,2,0,2,AVENUE DE FLANDRE,48.888386,2.374138,0,6,2
202100018880,167Â 902,B01,1,1,1,5,2,-1,-1,0,0,-1,2021,36.0,2,1,0,2,1,1,5,,3,D955,0,,2,2,0,1,(1),(1),2,, -1,1,0,1,50,12,9,2021,10:45,1,59,59558,2,3,0,1,D955,50.2407854627,3.4422455431,10,2,2
202100040377,129Â 433,A01,1,1,2,0,2,0,-1,-1, -1,-1,2021,59.0,2,1,0,2,4,1,5,,4,R DE BRIE,0,,1,1,0,1,(1),(1),1,, -1,1,0,1,50,10,5,2021,17:00,1,94,94028,2,1,0,2,Rue de Brie,48.7845415008,2.4699446253,17,2,2
202100042295,126Â 024,A01,1,1,2,5,1,0,-1,-1, -1,-1,2021,19.0,2,2,0,2,4,23,1,,4,SIMOND ST AVENUE,0,,2,2,2,1,(1),(1),1,, -1,1,-1,1,50,27,4,2021,21:15,5,73,73008,2,1,0,5,SIMOND ST AVENUE,45.705726774,5.9140334031,21,3,3
202100016482,172Â 165,A01,1,1,2,0,1,0,-1,-1, -1,-1,2021,41.0,1,2,0,2,1,26,3,,7,MARNE AVENUE DE LA,0,,3,0,0,1,(1),(1),1,, -1,2,0,1,70,27,9,2021,13:05,1,59,59378,1,1,1,6,MARNE AVENUE DE LA,50.67938,3.11403,13,2,2
202100036010,137Â 320,A01,1,1,2,5,2,6,-1,0,0,-1,2021,16.0,2,1,17,0,0,1,1,,3,123,-1,,2,2,0,1,4,0,2,, -1,1,0,8,80,6,6,2021,16:45,1,40,40306,1,1,1,6,Route de Saint Cricq,43.540009,-1.04353,16,1,1
202100006715,189Â 781,A01,2,2,1,5,8,0,-1,-1, -1,-1,2021,38.0,2,2,1,0,2,1,1,,4,PARMENTIER (RUE),0,,2,0,0,3,0,0,1,, -1,1,0,1,50,22,11,2021,21:25,5,3,3321,2,1,0,6,49 Rue Parmentier,46.55822,3.3503,21,2,1
202100008409,186Â 702,B01,1,1,2,5,1,-1,-1,0,0,-1,2021,32.0,3,2,0,0,3,1,1,,3,933,0,,2,2,0,1,0,800,1,, -1,1,0,1,50,10,11,2021,16:20,1,78,78310,2,2,0,3,D933,48.799525,1.593822,16,2,2
202100040890,128Â 537,A01,10,3,2,0,0,-1,-1,2,3,1,2021,25.0,0,2,0,1,2,1,1,,4,RASPAIL. RUE FRANCOIS,0,,2,2,0,1,(1),(1),1,, -1,1,0,1,30,24,3,2021,12:45,1,76,76681,2,1,0,6,Rue Francois Raspail,49.41552,1.09408,12,2,1
202100044808,121Â 622,A01,1,1,1,0,2,0,-1,-1, -1,-1,2021,22.0,3,1,0,2,1,19,5,,4,CONDORCET,0,,2,2,1,1,0,0,1,, -1,1,0,5,30,7,4,2021,12:55,1,64,64445,2,6,0,3,CONDORCET,43.3116,-0.36281,12,2,2
202100014487,175Â 815,A01,1,1,1,5,1,-1,-1,0,0,-1,2021,38.0,1,5,4,0,2,0,1,,2,19,0,N,2,3,0,2,50,500,3,, -1,1,0,3,80,8,10,2021,21:00,4,70,70111,1,1,0,7,N19,47.64298,6.282479,21,1,1
202100051098,110Â 340,A01,3,2,1,9,1,0,-1,-1, -1,-1,2021,20.0,3,2,15,2,2,1,1,,4,NONNEVILLE (AVENUE DE),0,,-1,2,0,1,0,0,1,, -1,1,5,1,50,18,2,2021,03:05,5,93,93005,2,9,0,3,NONNEVILLE (AVENUE DE),48.9267918218,2.5087776203,3,3,2
202100051048,110Â 425,A01,1,1,1,5,2,6,-1,-1, -1,-1,2021,27.0,0,1,13,0,1,1,1,,4,FOEDRE (RUE DE LA),0,,2,1,0,1,0,0,2,, -1,1,0,3,50,17,2,2021,18:15,2,50,50129,2,1,0,6,FOEDRE (RUE DE LA),49.62729,-1.66777,18,1,1
202100044396,122Â 324,A01,1,1,1,4,1,-1,-1,0,0,-1,2021,24.0,1,5,0,2,3,5,1,,3,623,0,A,2,2,0,1,9,0,1,, -1,1,0,1,80,12,4,2021,08:15,1,11,11418,1,9,0,5,D623,43.227268,2.032964,8,5,4
202100030717,146Â 852,A01,1,1,1,5,1,5,-1,-1, -1,-1,2021,38.0,3,2,9,0,1,1,1,,4,JAURES (BLD 2 JEAN),0,,3,4,0,2,0,0,2,, -1,2,0,4,70,2,7,2021,23:30,5,974,97411,2,1,0,1,JAURES (BLD 2 JEAN),-20.90261,55.50056,23,1,1
202100029132,149Â 679,B01,1,1,1,5,1,-1,-1,-1, -1,-1,2021,76.0,1,2,0,2,1,1,1,,4,BREILLOU (RUE DU),0,,2,2,0,1,(1),(1),1,, -1,1,0,1,50,13,7,2021,16:30,1,35,35055,2,6,0,1,BREILLOU (RUE DU),48.09858,-1.62145,16,2,2
202100022720,160Â 988,A01,10,3,1,0,8,8,-1,3,3,1,2021,72.0,3,2,0,1,1,9,1,,4,MEDITERRANNEE (Rond point),0,,1,0,3,1,(1),(1),1,, -1,1,0,8,50,23,8,2021,16:25,1,34,34003,2,1,0,6,MEDITERRANNEE (Rond point),43.29926,3.47791,16,2,1
202100005118,192Â 628,A01,1,1,1,1,2,6,-1,-1, -1,-1,2021,39.0,2,1,0,2,7,16,1,,4,CHEMIN DE PRESLES (AV DU),0,,2,2,0,1,1,0,3,, -1,2,0,1,15,2,12,2021,09:40,1,94,94069,2,9,0,7,CHEMIN DE PRESLES (AV DU),48.81593,2.46231,9,1,1
202100031675,145Â 138,A01,10,3,2,5,0,-1,-1,2,3,1,2021,72.0,3,2,0,1,2,19,1,,2,2,-1,,2,2,0,1,(1),(1),1,, -1,2,0,1,50,1,7,2021,06:00,2,974,97417,2,1,1,6,Rn2 Basse VallÃ©e,-21.371273,55.711808,6,2,1
202100029718,148Â 673,A01,1,1,1,5,2,6,-1,-1, -1,-1,2021,61.0,2,1,0,2,0,1,1,,1,A7-Sens Marseille vers Lyon,0,,1,3,0,1,275,0,1,, -1,1,1,1,90,9,7,2021,11:30,1,13,13215,1,1,0,3,A7-Sens Marseille vers Lyon,43.36685,5.36078,11,3,3
202100002097,198Â 048,A01,1,1,2,0,2,-1,-1,0,0,-1,2021,30.0,1,1,0,2,8,5,1,,2,91,0,,2,2,1,1,34,(1),3,, -1,1,0,1,60,21,12,2021,11:15,1,987,98729,1,1,0,3,Haapiti,-17.551511,-149.879737,11,2,2
202100012540,179Â 298,A01,1,1,1,5,2,6,9,0,0,-1,2021,32.0,3,1,0,6,0,1,1,,3,38,0,D,2,2,0,1,(1),(1),1,, -1,1,0,3,80,17,10,2021,11:25,1,58,58189,1,1,0,6,D38,47.230474,3.090894,11,1,1
202100019796,166Â 265,A01,1,1,2,1,1,-1,-1,0,0,-1,2021,22.0,2,2,0,2,3,1,1,,3,30,-1,,2,2,0,1,3,500,3,, -1,1,0,1,80,24,8,2021,07:30,1,13,13100,1,1,0,3,D30,43.80844,4.862351,7,2,2
202100008961,185Â 700,A01,2,2,2,0,1,0,0,-1, -1,-1,2021,20.0,1,2,0,2,7,21,1,,3,KENNEDY BVD J  - IMPAIR DE DIMES A CROIX,0,,2,4,0,1,0,552,2,, -1,2,9,1,50,7,11,2021,23:00,5,1,1053,2,1,0,3,KENNEDY BVD J  - IMPAIR DE DIMES A CROIX,46.20545,5.24255,23,3,2
202100029662,148Â 771,A01,9,2,2,5,1,-1,-1,0,0,-1,2021,18.0,2,2,0,2,3,9,1,,3,975,-1,,2,2,0,3,2,250,2,, -1,1,0,1,50,11,7,2021,00:40,3,71,71248,2,4,0,1,D975,46.555588,4.933864,0,8,2
202100035395,138Â 448,C01,1,1,1,9,1,-1,-1,-1, -1,-1,2021,69.0,1,2,0,2,4,2,2,,1,A131,-1,,3,4,0,1,31,1,1,, -1,1,9,1,130,10,6,2021,16:31,1,76,76305,1,1,0,2,A131,49.495225,0.251806,16,2,2
202100041628,127Â 194,B01,1,1,1,0,1,0,-1,-1, -1,-1,2021,34.0,1,2,0,2,1,2,1,,1,AUTOROUTE A86,0,,3,4,0,2,51,599,1,, -1,1,1,1,70,3,5,2021,07:45,1,94,94034,1,1,0,2,AUTOROUTE A86,48.75936,2.32335,7,2,2
202100044409,122Â 302,A01,1,1,1,1,1,-1,-1,0,0,-1,2021,28.0,1,5,0,2,3,0,1,,3,8,-1,D,2,2,0,1,56,600,1,, -1,1,0,1,80,12,4,2021,07:05,2,24,24160,1,1,0,1,Lieu dit Les Moles,45.100434,0.727265,7,2,2
202100049975,112Â 418,A01,1,1,1,0,2,6,-1,-1, -1,-1,2021,32.0,1,1,0,2,8,3,1,,1,86,0,,3,6,0,1,2,500,1,, -1,1,0,1,90,27,2,2021,15:47,1,92,92025,1,1,0,3,A86,48.9189886921,2.2237886747,15,2,2
202100028948,149Â 982,A01,1,1,1,0,2,6,-1,-1, -1,-1,2021,25.0,2,1,0,2,1,2,1,,1,A13,0,,3,6,0,1,48,1600,1,, -1,1,8,1,110,14,7,2021,22:25,5,78,78362,1,1,0,2,A13,48.97933,1.70297,22,5,2
202100056488,100Â 929,A01,2,2,2,0,2,8,-1,-1, -1,-1,2021,24.0,2,1,0,0,9,3,1,,1,AUTOROUTE A3,0,,3,10,0,1,7,369,1,, -1,1,2,1,90,2,1,2021,19:40,3,93,93010,1,1,0,7,AUTOROUTE A3,48.90041,2.46953,19,2,1
202100004235,194Â 180,A01,2,2,2,0,1,8,-1,-1, -1,-1,2021,21.0,1,2,8,0,1,14,1,,3,LOUIS LUMIERE,0,,2,2,0,1,4,825,1,, -1,2,0,3,50,3,12,2021,22:30,5,76,76270,2,1,1,6,LOUIS LUMIERE,49.52718,0.12587,22,2,1
202100046814,118Â 097,B01,1,1,1,5,2,-1,-1,0,0,-1,2021,31.0,2,1,0,2,1,17,1,,2,102,0,,3,2,0,4,70,200,1,, -1,1,0,1,80,25,3,2021,11:20,1,43,43117,1,1,0,3,N102,45.238091,3.459878,11,2,2
202100012561,179Â 266,B01,1,1,2,5,1,-1,-1,0,0,-1,2021,19.0,2,2,0,2,3,1,1,,3,35,-1,,2,2,0,1,(1),(1),1,, -1,1,0,1,50,17,10,2021,13:10,1,971,97129,2,3,0,1,DÃ©partementale 35 MORNE ROUGE,16.305878,-61.655788,13,2,2
202100050523,111Â 388,B01,1,1,1,5,0,-1,-1,0,0,-1,2021,65.0,1,4,0,2,6,1,1,,3,31,-1,D,2,2,0,2,40,20,1,, -1,1,0,1,90,24,2,2021,07:32,1,53,53238,1,1,0,2,DÃ©partementale 31,48.446725,-1.018939,7,2,2
202100049649,112Â 994,]01,1,1,1,1,1,-1,-1,-1, -1,-1,2021,30.0,2,2,0,2,2,19,1,,4,JEAN JAURES (AVENUE),0,,2,2,0,1,(1),(1),1,, -1,2,0,1,50,28,2,2021,06:15,5,21,21231,2,2,1,3,186b Avenue Jean JaurÃ¨s,47.3003821972,5.0205346942,6,2,2
202100002912,196Â 566,A01,1,1,2,0,1,0,-1,0,0,-1,2021,32.0,2,2,0,0,9,11,1,,7,D2089,0,,3,4,0,1,(1),(1),1,, -1,7,0,1,80,14,12,2021,06:45,3,63,63307,1,1,0,7,D2089,45.74088,3.11407,6,1,1
202100055014,103Â 473,A01,1,1,2,5,2,-1,-1,-1, -1,-1,2021,32.0,1,1,0,0,9,1,1,,4,,0,,2,2,0,2,(1),(1),1,, -1,2,0,1,50,13,1,2021,19:20,5,69,69381,2,1,1,7,CROIX PAQUET (PL),45.77035,4.8365,19,1,1
202100025615,155Â 897,A01,1,1,2,5,1,8,-1,-1, -1,-1,2021,63.0,3,2,0,0,9,26,1,,7,D543,0,,2,0,0,2,0,0,2,, -1,2,0,1,80,4,8,2021,11:40,1,13,13019,1,1,1,7,D543,43.4316,5.3668,11,1,1
202100014991,174Â 910,A01,1,1,2,1,2,8,-1,-1, -1,-1,2021,46.0,3,1,0,0,0,26,3,,4,ROOSEVELT (DU PRESIDENT),0,,2,2,0,1,(1),(1),1,, -1,2,0,1,50,5,10,2021,08:15,1,78,78551,2,3,1,7,ROOSEVELT (DU PRESIDENT),48.8995,2.0768,8,1,1
202100010277,183Â 337,A01,10,3,2,5,0,-1,-1,2,3,1,2021,69.0,3,2,0,1,3,1,1,,6,MISTRAL7  (Parking C.Commercial),0,,-1,-1,0,1,0,9,3,, -1,1,9,1,30,27,10,2021,09:05,1,84,84007,2,1,0,6,MISTRAL7  (Parking C.Commercial),43.92128,4.86673,9,2,1
202100033120,142Â 554,A01,1,1,1,5,2,-1,-1,0,0,-1,2021,58.0,2,1,0,6,1,1,1,,3,119,0,D,2,2,0,1,20,275,1,, -1,1,0,1,80,20,6,2021,22:45,2,47,47097,1,1,0,6,D119,44.224728,0.358976,22,1,1
202100009206,185Â 254,A01,10,3,2,0,0,-1,-1,3,3,2,2021,67.0,1,2,0,1,3,0,1,,3,ROUTE DEPARTEMENTALE 3 BIS,0,,2,4,0,1,2,299,2,, -1,1,9,1,30,5,11,2021,10:03,1,972,97213,2,6,0,6,ROUTE DEPARTEMENTALE 3 BIS,14.6146,-60.9941,10,4,1
202100032424,143Â 817,B01,1,1,2,5,1,0,-1,-1, -1,-1,2021,23.0,1,2,0,2,4,2,1,,1,A7-Sens Lyon vers Marseille,0,,1,3,0,4,277,0,1,, -1,1,0,1,90,23,6,2021,19:40,1,13,13215,1,1,0,2,A7-Sens Lyon vers Marseille,43.34988,5.36882,19,4,3
202100019439,166Â 890,A01,2,2,2,5,1,-1,-1,0,0,-1,2021,82.0,2,2,6,0,1,1,1,,3,5,-1,,2,2,0,1,67,440,1,, -1,1,5,4,50,12,9,2021,15:45,1,33,33029,2,3,0,6,1 avenue des pyrÃ©nnÃ©es,44.606395,-0.769955,15,2,1
202100039406,131Â 160,A01,10,3,2,5,0,-1,-1,3,3,1,2021,32.0,1,2,0,1,2,1,1,,4,MONTJOLI (AVENUE DU),0,,2,2,0,1,0,0,1,, -1,1,0,1,50,17,5,2021,16:30,1,6,6030,2,1,0,6,MONTJOLI (AVENUE DU),43.57825,7.0093,16,2,1
202100018478,168Â 601,B01,1,1,1,9,2,-1,-1,0,0,-1,2021,19.0,3,1,0,2,1,9,1,,4,,-1,,2,2,0,2,(1),(1),1,,4,1,0,1,-1,17,9,2021,17:40,1,69,69044,2,1,1,3,RAVET (DU) (CHM),45.7772801262,4.7492909431,17,2,2
202100037345,134Â 913,A01,1,1,2,5,1,-1,-1,0,0,-1,2021,34.0,1,2,0,2,3,13,1,,2,19,0,N,2,3,0,2,52,1,1,, -1,1,0,1,90,1,6,2021,13:35,1,70,70111,1,1,0,1,N19,47.641813,6.280532,13,2,2
202100024099,158Â 585,A01,10,3,1,5,0,-1,-1,6,A,1,2021,42.0,1,2,0,1,2,14,1,,1,A46S   43.680 A 47.880,0,,3,4,0,1,43,900,1,, -1,1,0,2,90,14,8,2021,15:07,1,69,69283,1,1,0,6,A46S 43.680 A 47.880,45.677821,4.9581,15,4,2
202100043326,124Â 217,A01,1,1,1,0,8,8,8,-1, -1,-1,2021,14.0,1,0,1,0,1,14,0,,4,CERAMISTES (RUE DES),0,,2,2,0,1,0,0,1,, -1,1,0,1,50,17,4,2021,20:15,1,49,49099,2,1,0,6,CERAMISTES (RUE DES),47.04886,-0.89964,20,1,1
202100047892,116Â 133,B01,1,1,2,5,1,4,-1,-1, -1,-1,2021,25.0,1,2,0,2,3,26,1,,1,A86 INT,0,,1,3,0,1,54,299,2,, -1,1,1,1,90,15,3,2021,23:28,3,94,94073,1,1,0,2,A86 INT,48.760978,2.382263,23,2,2
202100032045,144Â 473,B01,1,1,1,5,1,-1,-1,0,0,-1,2021,48.0,2,2,0,2,8,1,2,,2,13,0,,2,2,0,1,78,125,1,, -1,1,5,1,50,27,6,2021,01:55,5,78,78147,2,2,0,3,D52,49.019412,1.484088,1,2,2
202100044987,121Â 316,B01,2,2,1,0,1,0,-1,-1, -1,-1,2021,4.0,-1,2,0,2,1,1,1,,3,JOFFRE (AVENUE),0,,3,4,0,1,0,1,1,, -1,1,0,1,50,6,4,2021,17:40,1,93,93031,2,1,0,3,JOFFRE (AVENUE),48.9602221704,2.2983511183,17,3,2
202100027898,151Â 844,A01,1,1,1,5,2,8,-1,-1, -1,-1,2021,29.0,0,1,0,2,8,10,1,,3,LOUIS BLERIOT,0,,2,2,0,1,2,739,1,, -1,1,0,1,50,17,7,2021,15:35,1,76,76351,2,1,0,6,LOUIS BLERIOT,49.52575,0.09016,15,3,2
202100052930,107Â 109,A01,1,1,2,0,8,-1,-1,0,0,-1,2021,31.0,1,2,0,0,0,1,1,,3,4,-1,,2,2,0,1,22,700,1,, -1,2,0,8,80,1,2,2021,17:50,3,1,1105,1,1,1,7,D4,45.934319,4.917326,17,1,1
202100053278,106Â 501,B01,1,1,1,5,1,-1,-1,0,0,-1,2021,49.0,0,2,0,0,1,1,1,,3,65,-1,,2,2,0,1,15,880,3,, -1,1,0,1,80,29,1,2021,16:15,1,49,49381,1,1,0,1,la gray,47.062361,-0.725098,16,2,2
202100029268,149Â 448,A01,10,3,1,1,0,-1,-1,5,2,1,2021,49.0,1,3,0,1,6,1,1,1.0,4,CHOULANS (DE)                       (CH),0,,2,2,0,2,(1),(1),1,, -1,2,9,1,50,12,7,2021,17:25,1,69,69385,2,1,1,6,CHOULANS (DE) (MO),45.75603,4.81553,17,2,1
202100051099,110Â 337,A01,1,1,1,4,2,0,0,-1, -1,-1,2021,42.0,2,1,0,2,2,26,1,,4,,0,,2,2,0,1,0,0,1,, -1,1,0,1,50,17,2,2021,19:10,4,92,92075,2,9,0,3,JEAN BLEUZEN,48.8225475369,2.2949194908,19,2,2
202100015606,173Â 785,A01,1,1,1,0,1,8,-1,-1, -1,-1,2021,59.0,0,2,0,2,1,5,1,,3,CHURCHILL ( AVENUE WINSTON),0,,2,2,0,4,0,0,2,, -1,1,0,1,50,29,9,2021,16:55,1,24,24138,1,1,0,4,CHURCHILL ( AVENUE WINSTON),45.18513,0.69895,16,5,3
202100022687,161Â 059,B01,1,1,2,1,1,0,-1,-1, -1,-1,2021,47.0,2,2,0,2,4,2,1,,4,BRUNET (AVENUE LOUIS),0,,2,2,0,2,0,0,3,, -1,1,0,1,50,24,8,2021,07:35,1,974,97416,2,1,0,4,BRUNET (AVENUE LOUIS),-21.34107,55.48223,7,3,3
202100049378,113Â 499,A01,1,1,2,0,1,-1,-1,-1, -1,-1,2021,87.0,3,2,0,2,0,1,1,,3,TARARE (route de),0,,2,2,0,1,2,700,1,, -1,1,0,1,70,1,3,2021,17:50,1,69,69092,1,3,0,2,TARARE (DE) (RTE),45.97957,4.68124,17,2,2
202100027610,152Â 373,A01,1,1,1,5,2,-1,-1,0,0,-1,2021,17.0,1,1,15,0,0,1,1,,3,71,0,A,2,2,0,1,0,180,1,, -1,1,2,1,50,22,7,2021,22:17,3,80,80192,2,9,0,7,D71a,49.906224,2.645345,22,1,1
202100012623,179Â 148,B01,1,1,1,5,8,-1,-1,-1, -1,-1,2021,20.0,2,1,0,2,1,1,3,,4,ST VINCENT                          (QU),0,,1,4,1,1,(1),(1),1,, -1,1,0,5,50,17,10,2021,23:00,5,69,69381,2,3,0,3,ST VINCENT (Q),45.76751,4.82898,23,2,2
202100039550,130Â 898,A01,10,3,1,0,0,-1,-1,1,3,1,2021,17.0,1,2,0,1,3,1,1,,3,vahibe-Departementale 3 ( route ),0,,2,0,0,1,0,0,4,, -1,1,0,1,50,15,5,2021,10:40,1,976,97611,2,1,0,6,vahibe-Departementale 3 ( route ),-12.78658,45.17495,10,2,1
202100010315,183Â 268,B01,1,1,1,1,2,4,-1,-1, -1,-1,2021,44.0,0,1,0,2,8,16,0,,7,FAUBOURG BANNIER (RUE DU ),0,,2,2,0,3,1,0,1,, -1,2,0,1,50,29,10,2021,18:12,2,45,45234,2,2,1,3,FAUBOURG BANNIER (RUE DU ),47.9176,1.89863,18,2,2
202100021757,162Â 737,B01,1,1,1,0,1,8,-1,-1, -1,-1,2021,44.0,1,2,0,2,1,2,1,,2,RN4 - SECTION RIVIERA,0,,2,3,0,1,(1),(1),1,, -1,2,0,1,70,30,8,2021,16:00,1,971,97113,2,1,1,4,RN4 - SECTION RIVIERA,16.21769,-61.49296,16,3,3
202100012572,179Â 242,A01,10,3,1,5,0,-1,-1,1,3,1,2021,79.0,2,2,0,1,2,1,1,,3,D1.9,-1,,2,2,0,2,1,0,1,,4,2,0,1,50,19,10,2021,07:50,2,68,68111,2,3,0,6,7 Rue de Rouffach,48.002912,7.282291,7,2,1