Num_Acc,id_vehicule,num_veh,place,catu,sexe,trajet,secu1,secu2,secu3,locp,actp,etatp,year_acc,victim_age,senc,catv,obs,obsm,choc,manv,motor,occutc,catr,voie,v1,v2,circ,nbv,vosp,prof,pr,pr1,plan,lartpc,larrout,surf,infra,situ,vma,jour,mois,an,hrmn,lum,dep,com,agg_,int,atm,col,adr,lat,long,hour,nb_victim,nb_vehicules
202100051751,109Â 196,B01,1,1,1,5,2,-1,-1,0,0,-1,2021,17.0,1,1,0,2,1,1,1,,3,,0,,3,2,0,1,48,691,1,, -1,1,0,1,50,13,2,2021,17:40,1,85,85282,2,1,0,1,15 Rue de Chantonnay,46.706147,-0.990526,17,2,2
202100024651,157Â 593,B01,1,1,1,5,2,6,9,0,0,-1,2021,23.0,0,1,0,0,2,17,1,,2,2,-1,,2,3,0,2,(1),(1),1,, -1,1,0,1,80,11,8,2021,17:30,2,974,97405,1,1,0,2,N2,-21.367997,55.563172,17,2,2
202100017944,169Â 551,A01,1,1,1,0,0,-1,-1,0,0,-1,2021,42.0,1,2,2,0,7,13,1,,4,,-1,,-1,2,0,1,2,500,1,, -1,1,0,3,60,20,9,2021,15:45,1,987,98716,2,1,0,3,Village de Rotoava,-16.052062,-145.648263,15,1,1
202100043941,123Â 134,A01,10,3,1,0,0,-1,-1,2,3,1,2021,71.0,2,1,0,1,3,1,5,,4,FERME (RUE DE LA) - COTE IMPAIR,0,,2,2,1,1,0,0,1,, -1,1,0,1,50,15,4,2021,16:15,1,92,92012,2,1,0,6,FERME (RUE DE LA) - COTE IMPAIR,48.8306137404,2.2387084365,16,2,1
202100024377,158Â 109,A01,1,1,1,5,0,-1,-1,0,0,-1,2021,18.0,2,1,12,0,0,0,1,,3,25,0,,2,2,0,2,35,461,1,, -1,1,0,8,50,13,8,2021,07:00,1,44,44115,2,1,0,7,353 Rue de Vieille-Cour,47.349327,-1.288078,7,1,1
202100054251,104Â 784,B01,10,3,1,2,8,8,-1,4,3,1,2021,5.0,1,1,0,1,1,0,1,,4,ANATOLE FRANCE (AV),0,,2,2,0,1,0,0,1,, -1,2,0,1,50,21,1,2021,16:50,1,94,94078,2,3,1,6,ANATOLE FRANCE (AV),48.74837,2.45355,16,2,1
202100038452,132Â 913,A01,1,1,1,5,2,6,-1,0,0,-1,2021,15.0,1,1,3,2,1,13,1,,3,,-1,,2,2,0,2,23,500,3,, -1,2,0,1,80,24,5,2021,16:00,1,24,24133,1,1,1,3,Rue Dolet Blanchou,45.548694,0.990593,16,2,2
202100029498,149Â 067,B01,1,1,1,5,2,6,-1,0,0,-1,2021,33.0,2,1,0,2,1,1,1,,3,906,0,E,2,2,0,1,(1),(1),1,, -1,1,0,1,50,11,7,2021,19:50,1,3,3264,2,2,0,3,Avenue de Thiers,46.065612,3.465199,19,2,2
202100052127,108Â 533,A01,1,1,1,9,1,8,-1,-1, -1,-1,2021,22.0,1,2,0,2,1,13,1,,3,MONTPELLIER (ROUTE DE),0,,2,2,0,1,18,413,2,, -1,1,0,1,80,6,2,2021,14:00,1,34,34108,2,1,0,1,MONTPELLIER (ROUTE DE),43.447052,3.762363,14,4,2
202100021902,162Â 479,B01,1,1,1,4,8,0,-1,-1, -1,-1,2021,23.0,2,1,0,2,4,3,1,,1,A13,0,,-1,5,0,1,11,100,1,, -1,2,0,1,110,30,8,2021,09:00,1,78,78126,1,1,0,5,A13,48.83951,2.118396,9,3,3
202100017901,169Â 621,B01,2,2,1,0,1,0,-1,-1, -1,-1,2021,24.0,1,2,0,2,4,1,1,,3,920,0,,3,3,1,1,0,0,1,, -1,1,0,1,50,20,9,2021,15:25,1,92,92007,2,1,0,2,BRIAND (AVENUE ARISTIDE) NÂ° 100 A 160,48.79989,2.3232,15,3,2
202100010206,183Â 463,A01,10,3,2,3,0,-1,-1,5,1,1,2021,68.0,1,2,0,1,2,20,1,,3,2089,0,D,2,2,0,1,1,100,1,, -1,1,0,1,50,8,10,2021,16:15,1,63,63072,2,1,0,6,Rue de Lyon,45.877176,3.697675,16,2,1
202100042064,126Â 439,B01,1,1,2,5,2,0,-1,-1, -1,-1,2021,34.0,1,1,0,2,5,23,1,,3,AMITIE ENTRE LES PEUPLES (PL),0,,1,2,2,1,0,0,2,, -1,1,0,1,50,28,4,2021,15:10,1,94,94033,2,6,0,2,AMITIE ENTRE LES PEUPLES (PL),48.85247,2.4816,15,2,2
202100034533,140Â 003,A01,1,1,1,1,1,-1,-1,0,0,-1,2021,37.0,1,2,1,0,1,1,1,,3,946,-1,,2,2,0,1,1,760,1,, -1,1,0,3,80,15,6,2021,05:32,2,59,59212,1,1,0,6,Rue de Merville,50.643011,2.697514,5,1,1
202100045778,119Â 923,A01,1,1,1,5,2,6,-1,-1, -1,-1,2021,21.0,3,1,0,2,1,21,1,,4,COROT (AVENUE),0,,2,2,0,1,0,0,1,, -1,1,0,1,50,31,3,2021,16:00,1,13,13213,2,1,0,2,COROT (AVENUE),43.3238444613,5.4050695097,16,2,2
202100049313,113Â 614,A01,1,1,1,4,0,-1,-1,0,0,-1,2021,25.0,3,5,13,0,1,1,1,,4,,-1,,2,2,0,1,(1),(1),1,, -1,1,0,3,80,4,3,2021,12:35,1,70,70419,1,1,0,6,Rue de la Petite CharriÃ¨re,47.971971,6.140762,12,1,1
202100006268,190Â 588,B01,1,1,2,0,8,8,-1,-1, -1,-1,2021,31.0,2,2,0,2,4,0,0,,4,SAINT JEROME (AVENUE DE),0,,2,2,0,1,0,0,1,, -1,2,0,1,50,25,11,2021,22:00,5,13,13213,2,1,1,2,SAINT JEROME (AVENUE DE),43.33119,5.41928,22,2,2
202100042050,126Â 462,B01,1,1,1,1,1,0,-1,-1, -1,-1,2021,22.0,2,2,0,2,7,15,1,,4,EUROPE (AVENUE DE L'),0,,-1,2,0,1,(1),(1),1,, -1,2,0,1,50,28,4,2021,20:10,2,1,1031,2,2,1,3,Avenue de l'Europe,46.24971,5.63801,20,2,2
202100035634,138Â 022,A01,1,1,1,4,1,-1,-1,0,0,-1,2021,32.0,1,2,14,2,3,5,1,,7,301,-1,M,-1,2,0,1,3,950,3,, -1,1,5,1,70,8,6,2021,17:00,1,67,67519,1,6,0,5,M301,48.668841,7.797858,17,5,3
202100033981,141Â 016,C01,1,1,1,0,8,0,-1,-1, -1,-1,2021,41.0,1,2,0,2,4,1,1,,2,385,0,,-1,3,0,1,58,299,1,, -1,1,0,1,70,16,6,2021,10:40,1,92,92019,1,1,0,4,RN385,48.7761563734,2.2369245596,10,6,6
202100043521,123Â 870,A01,2,2,2,0,1,-1,-1,0,0,-1,2021,78.0,3,2,17,0,2,0,1,,3,65,-1,,2,2,0,1,(1),(1),1,, -1,1,0,1,80,20,4,2021,16:40,1,38,38535,1,1,0,6,Route Depatementale 65,45.787551,5.26969,16,2,1
202100027410,152Â 719,A01,1,1,1,5,8,-1,-1,0,0,-1,2021,76.0,3,4,6,0,9,2,1,,4,,-1,,2,1,0,2,(1),(1),3,,"3,5",1,0,1,50,23,7,2021,19:45,1,60,60106,2,1,0,6,182 Rue de la BruyÃ¨re,49.370099,2.456571,19,1,1
202100028470,150Â 826,B01,1,1,1,0,1,-1,-1,-1, -1,-1,2021,18.0,1,2,0,2,4,1,1,,2,RN136,0,,3,6,0,1,14,628,1,, -1,1,0,1,90,17,7,2021,16:15,1,35,35238,1,1,1,4,RN136,48.11154,-1.71819,16,3,3
202100021282,163Â 614,B01,2,2,2,5,1,0,-1,0,0,-1,2021,63.0,1,2,0,2,4,2,1,,4,PORTE DE MONTREUIL,0,,1,4,0,1,(1),(1),1,, -1,1,0,1,70,2,9,2021,18:00,1,75,75120,2,4,0,2,BD PERIPHERIQUE INTERIEUR,48.8520024696,2.4148816742,18,3,2
202100051314,109Â 949,Z01,10,3,1,3,0,-1,-1,3,3,2,2021,13.0,1,2,0,1,1,1,1,,4,RUE SAINT JACQUES,0,,1,2,0,1,(1),(1),1,, -1,1,0,1,50,15,2,2021,14:24,1,75,75105,2,5,0,6,RUE SAINT JACQUES,48.850814,2.345525,14,4,1
202100010604,182Â 774,A01,2,2,1,5,2,-1,-1,0,0,-1,2021,25.0,1,1,15,0,2,1,1,,3,RD22,0,A,2,2,0,1,2,300,2,, -1,6,0,1,80,12,9,2021,18:55,1,51,51204,1,1,0,7,D22A,49.0825372917,3.8591990748,18,2,1
202100005824,191Â 381,A01,1,1,2,1,8,-1,-1,0,0,-1,2021,32.0,1,2,0,2,1,15,1,,3,80,-1,,2,1,0,2,27,860,1,,3,1,0,1,50,26,11,2021,17:45,3,37,37060,2,2,0,3,23 rue de la loire,47.4367419762,1.0584908724,17,2,2
202100025682,155Â 778,A01,7,2,2,5,0,-1,-1,0,0,-1,2021,6.0,1,5,2,0,1,1,1,,2,RT1,0,T,2,2,0,1,284,50,1,, -1,1,0,3,110,4,8,2021,21:50,3,988,98811,1,1,0,7,Route Territoriale 1 (Pont),-21.043651,164.748788,21,4,1
202100045271,120Â 799,B01,1,1,1,3,1,-1,-1,0,0,-1,2021,29.0,2,2,0,0,3,1,1,,3,,0,,2,2,0,1,35,222,1,,6,1,0,1,50,3,4,2021,15:50,1,68,68145,2,1,0,3,Rue de vienne,48.073971,7.405429,15,3,2
202100009759,184Â 253,A01,1,1,2,0,1,0,-1,-1, -1,-1,2021,21.0,3,2,1,0,1,2,1,,4,GRIMARD (AVENUE ANDRE),0,,2,4,0,1,7,0,1,, -1,1,2,1,50,2,11,2021,16:50,1,64,64102,2,1,0,4,GRIMARD (AVENUE ANDRE),43.48584,-1.47398,16,6,3
202100016735,171Â 705,A01,1,1,1,5,0,-1,-1,0,0,-1,2021,37.0,2,1,9,0,1,1,1,,3,11,-1,,2,1,1,1,0,0,1,,"3,5",1,9,8,50,26,9,2021,21:00,5,973,97311,2,6,0,7,Stade Municipal Long RenÃ©,5.500344,-54.028224,21,2,1
202100003908,194Â 769,A01,10,3,1,5,0,-1,-1,3,3,1,2021,47.0,1,1,0,1,1,17,1,,2,151,0,,2,2,0,2,12,415,1,, -1,1,9,1,50,9,12,2021,19:30,5,18,18207,2,1,0,6,9 Avenue Gabriel Dordain,46.993395,2.247299,19,2,1
202100042169,126Â 246,A01,10,3,2,0,0,-1,-1,4,9,2,2021,35.0,1,3,8,1,7,16,1,1.0,4,ANTONINS     (Rue des),0,,-1,1,0,1,(1),(1),3,, -1,1,8,6,50,28,4,2021,08:15,1,69,69266,2,2,0,6,ANTONINS (DES) (R),45.7824666793,4.8782716681,8,2,1
202100025683,155Â 777,A01,1,1,1,5,2,-1,-1,0,0,-1,2021,24.0,2,1,0,0,0,1,5,,3,99,-1,,2,2,0,2,2,339,3,, -1,1,0,3,50,2,8,2021,11:40,1,77,77493,2,3,0,7,rue de la gare,48.643745,2.829975,11,2,2
202100014666,175Â 500,B01,1,1,2,1,2,0,-1,-1, -1,-1,2021,43.0,1,1,1,0,7,17,5,,3,BRIAND (AVENUE ARISTIDE) NÂ° 100 A 160,0,,3,6,2,1,0,0,1,, -1,1,0,5,50,7,10,2021,17:10,1,92,92007,2,1,0,3,BRIAND (AVENUE ARISTIDE) NÂ° 100 A 160,48.7967927758,2.3219963908,17,2,2
202100006835,189Â 564,A01,10,3,1,0,0,-1,-1,3,3,1,2021,61.0,1,2,0,1,6,1,1,,3,6,0,,2,2,0,1,0,0,1,, -1,1,0,1,50,22,11,2021,08:00,2,92,92026,2,1,0,6,BEZONS (DE 23 A FIN),48.894937,2.250331,8,2,1
202100033282,142Â 281,B01,1,1,1,9,2,8,-1,-1, -1,-1,2021,23.0,1,1,0,2,1,3,1,,1,A7-Sens Lyon vers Marseille,0,,1,2,0,1,271,0,1,, -1,1,0,1,90,19,6,2021,19:15,1,13,13106,1,1,0,3,A7-Sens Lyon vers Marseille,43.39507,5.35068,19,2,2
202100026921,153Â 594,A01,1,1,2,3,1,-1,-1,0,0,-1,2021,54.0,2,2,13,0,0,1,6,,3,102,-1,,2,2,0,1,30,970,2,, -1,1,0,3,80,4,6,2021,19:45,2,56,56177,1,1,0,7,Route de Languidic D102,47.782377,-3.022002,19,1,1
202100022191,161Â 978,B01,1,1,1,5,2,-1,-1,0,0,-1,2021,48.0,1,1,0,2,3,19,5,,3,337,0,D,2,3,0,1,9,400,1,, -1,1,0,1,80,27,8,2021,16:45,1,69,69036,1,3,0,1,D337,46.119124,4.661116,16,2,2
202100044051,122Â 937,B01,1,1,1,9,2,6,-1,0,0,-1,2021,33.0,1,1,0,2,0,2,1,,4,RUE DE L AMIRAL DE COLIGNY,0,,2,4,0,1,(1),(1),1,, -1,1,0,1,50,14,4,2021,18:55,2,75,75101,2,3,0,2,RUE DE L AMIRAL DE COLIGNY,48.86039,2.34058,18,2,2
202100045445,120Â 505,B01,1,1,2,5,0,0,-1,-1, -1,-1,2021,17.0,-1,1,0,2,7,19,3,,3,NEUILLY (RUE DE),0,,2,2,0,1,0,1,1,, -1,1,0,1,50,2,4,2021,13:42,1,93,93077,2,3,0,3,NEUILLY (RUE DE),48.88199,2.51462,13,2,2
202100013823,176Â 986,A01,3,2,1,0,8,0,-1,-1, -1,-1,2021,28.0,3,2,8,0,1,16,1,,3,CHARLES DE GAULLE,0,,-1,2,0,1,0,1,1,, -1,1,0,1,50,10,10,2021,03:17,5,84,84007,2,1,0,6,CHARLES DE GAULLE,43.926249,4.79766,3,3,1
202100022009,162Â 294,A01,2,2,1,5,1,-1,-1,0,0,-1,2021,60.0,1,2,4,0,3,13,1,,1,A63,0,A,3,3,0,1,141,600,1,, -1,1,0,1,130,29,8,2021,10:30,1,40,40261,1,1,0,6,A63 PK 141+600 sens BAYONNE/BORDEAUX,43.685498,-1.258455,10,2,1
202100032158,144Â 270,B01,1,1,2,5,1,-1,-1,0,0,-1,2021,87.0,1,2,0,2,3,9,1,,3,341,0,D,2,2,0,1,70,785,1,, -1,1,0,1,80,26,6,2021,12:50,1,62,62812,1,2,0,3,CD 131,50.644678,2.034853,12,3,2
202100000375,201Â 040,A01,1,1,2,5,1,0,-1,-1, -1,-1,2021,43.0,3,2,0,2,2,1,3,,4,PRINCESSE (AVENUE DE LA),0,,2,2,0,1,(1),(1),1,, -1,2,0,1,50,13,11,2021,12:45,1,78,78650,2,2,0,3,PRINCESSE (AVENUE DE LA),48.88789,2.13609,12,2,2
202100054662,104Â 074,A01,1,1,1,1,2,6,-1,-1, -1,-1,2021,31.0,1,1,0,2,1,2,1,,1,A4,0,,1,2,0,1,3,599,1,, -1,2,0,1,90,18,1,2021,19:30,3,94,94069,1,1,1,2,A4,48.817392416,2.4362247214,19,2,2
202100018759,168Â 110,B01,1,1,1,4,8,-1,-1,-1, -1,-1,2021,35.0,3,0,0,2,7,1,3,,4,COURMEAUX (RUE),0,,1,1,0,1,(1),(1),1,, -1,2,0,1,30,14,9,2021,13:37,1,51,51454,2,2,0,3,Rue Courmeaux,49.2570327423,4.0358363853,13,2,2
202100005360,192Â 204,A01,4,2,1,0,1,0,-1,-1, -1,-1,2021,19.0,0,2,2,0,1,13,1,,4,CAVE CHEMIN DE,0,,1,1,0,1,0,0,1,, -1,1,0,1,50,30,11,2021,15:25,1,9,9225,1,1,0,6,CAVE CHEMIN DE,43.09684,1.64119,15,4,1
202100038875,132Â 138,A01,2,1,1,5,2,8,-1,-1, -1,-1,2021,50.0,3,1,1,0,1,14,0,,4,VERDUN (BOULEVARD),0,,2,2,0,1,0,0,1,, -1,1,0,3,50,21,5,2021,22:25,5,974,97407,2,1,0,2,VERDUN (BOULEVARD),-20.94215,55.29252,22,2,2
202100044801,121Â 632,A01,10,3,2,5,0,-1,-1,2,3,1,2021,13.0,1,2,0,1,2,1,1,,4,DUSSONCHET (RUE JEAN-PHILIPPE),0,,2,2,0,2,0,1,1,, -1,1,0,1,50,6,4,2021,17:20,1,74,74012,2,1,0,6,DUSSONCHET (RUE JEAN-PHILIPPE),46.18741,6.24616,17,2,1
202100027799,152Â 024,A01,2,2,2,5,2,6,-1,0,0,-1,2021,23.0,2,1,13,0,2,2,1,,3,520,-1,,2,2,0,2,41,700,4,, -1,1,0,1,80,29,6,2021,14:30,1,38,38383,1,1,0,7,D520,45.3777567093,5.6538981199,14,2,1
202100031919,144Â 694,A01,1,1,1,5,1,0,-1,-1, -1,-1,2021,26.0,1,2,8,2,8,19,1,,3,PAUL VAILLANT COUTURIER (RUE),0,,2,2,0,1,1,0,1,, -1,2,5,1,50,27,6,2021,13:15,1,93,93032,2,3,1,3,Avenue Vaillant Couturier / Avenue de Bordeaux,48.87602,2.54986,13,2,2
202100042158,126Â 267,B01,1,1,1,0,1,0,-1,0, -1,-1,2021,26.0,2,2,0,2,8,1,1,,3,117,0,,2,2,0,1,0,0,1,, -1,1,0,1,50,28,4,2021,18:00,1,91,91434,2,1,0,3,CORBEIL (ROUTE DE),48.653267,2.337815,18,2,2
202100004219,194Â 209,B01,4,2,1,0,1,0,-1,-1, -1,-1,2021,15.0,2,2,10,2,9,2,1,,1,AUTOROUTE A1,0,,2,4,0,1,2,0,1,, -1,1,0,1,90,5,12,2021,22:10,5,972,97213,1,9,0,2,AUTOROUTE A1,14.61,-61.006,22,4,2
202100004034,194Â 530,A01,10,3,2,1,8,8,-1,4,3,1,2021,19.0,1,2,0,1,2,15,1,,4,LISBONNE (RUE DE),0,,2,2,0,3,(1),(1),1,, -1,1,0,1,30,7,12,2021,07:15,2,54,54547,2,3,0,6,LISBONNE (RUE DE),48.66145,6.16909,7,2,1
202100017587,170Â 188,Z01,1,1,1,5,1,-1,-1,-1, -1,-1,2021,24.0,2,2,0,2,4,1,1,,1,ROCADE A 630,0,,3,6,0,1,2,227,2,, -1,2,0,1,90,19,9,2021,22:25,5,33,33249,1,1,1,2,ROCADE A 630,44.879062,-0.533131,22,2,2
202100030699,146Â 886,A01,10,3,2,5,0,-1,-1,3,3,3,2021,12.0,1,2,0,1,1,1,1,,4,MOULIN RUE JEAN,0,,2,2,0,1,(1),(1),1,, -1,1,0,1,50,20,3,2021,17:45,1,26,26058,2,1,0,6,MOULIN RUE JEAN,44.94802,4.89745,17,3,1
202100050995,110Â 523,C01,2,2,2,0,1,-1,-1,0,0,-1,2021,49.0,2,2,3,2,1,1,1,,3,1082,0,D,2,2,0,1,24,600,1,, -1,1,0,1,80,20,2,2021,11:00,1,42,42088,1,1,0,5,D1082,45.778696,4.213471,11,6,3
202100048322,115Â 379,A01,1,1,2,1,0,-1,-1,0,0,-1,2021,43.0,1,2,0,0,6,23,1,,3,34,0,,2,2,0,1,20,100,1,, -1,2,9,1,50,12,3,2021,10:45,1,56,56058,2,6,1,2,Boulevard de la Couvranne,47.482063,-2.346721,10,2,2
202100004826,193Â 156,A01,10,3,2,0,0,-1,-1,4,3,1,2021,34.0,2,2,0,1,1,1,2,,3,ARISTIDE BRIAND (AV),0,,3,6,0,1,0,0,1,, -1,2,0,1,50,4,12,2021,20:05,5,94,94003,2,6,1,1,ARISTIDE BRIAND (AV),48.8104,2.32701,20,2,1
202100030414,147Â 403,B01,2,2,2,5,1,0,-1,0,0,-1,2021,54.0,2,2,0,2,8,16,1,,4,PLACE VALHUBERT,0,,2,4,3,1,(1),(1),3,, -1,1,0,6,50,6,7,2021,12:50,1,75,75105,2,7,0,3,PLACE VALHUBERT,48.843652,2.364827,12,3,2
202100001492,199Â 121,A01,1,1,1,0,2,0,-1,0,0,-1,2021,37.0,2,1,0,2,1,6,1,,4,POMPIDOU (AVENUE GEORGES) -RD 6085,0,,2,2,0,2,(1),(1),3,, -1,2,0,1,50,24,12,2021,10:00,1,6,6069,2,1,1,3,POMPIDOU (AVENUE GEORGES) -RD 6085,43.647307,6.936891,10,3,2
202100034231,140Â 558,B01,1,1,1,9,8,-1,-1,0,0,-1,2021,35.0,0,1,0,2,3,1,3,,4,VALLEE (RUE DE LA ),0,,2,4,0,1,(1),(1),1,, -1,1,0,1,50,11,6,2021,08:15,1,80,80021,2,2,0,3,VALLEE (RUE DE LA ),49.89181,2.30959,8,2,2
202100012495,179Â 373,A01,2,2,2,5,1,0,-1,-1, -1,-1,2021,23.0,2,2,0,2,5,15,1,,3,PONT (R DU),0,,2,4,0,2,0,0,1,, -1,1,5,1,50,17,10,2021,00:20,5,94,94019,2,2,0,3,Rue du Pont,48.7902,2.52244,0,3,2
202100045112,121Â 101,A01,1,1,2,0,1,8,-1,-1, -1,-1,2021,21.0,1,0,0,2,1,1,0,,2,PIERRE ET MARIE CURIE (RUE),0,,1,1,0,1,0,300,1,, -1,1,0,1,30,4,4,2021,11:55,1,972,97209,2,1,0,2,PIERRE ET MARIE CURIE (RUE),14.6096,-61.0718,11,2,2
202100026381,154Â 539,A01,1,1,1,5,1,-1,-1,0,0,-1,2021,19.0,1,2,13,0,2,1,0,,3,671,-1,,2,2,0,1,24,300,3,, -1,1,0,3,80,31,7,2021,00:00,3,10,10055,1,1,0,7,RD 671,48.131000218,4.3379688263,0,1,1
202100039112,131Â 718,A01,1,1,1,4,2,6,-1,-1, -1,-1,2021,21.0,2,1,0,4,7,19,1,,4,PCE JEAN JAURES,0,,2,3,0,1,(1),(1),1,, -1,1,5,6,50,19,5,2021,20:35,1,33,33063,2,7,0,3,Place Jean JaurÃ¨s,44.84329,-0.57037,20,2,2
202100009537,184Â 665,B01,1,1,1,0,1,-1,-1,0,0,-1,2021,20.0,2,2,0,2,1,1,1,,3,2,0,D,2,2,0,1,55,700,1,, -1,1,0,1,80,16,10,2021,23:45,3,33,33146,1,1,0,1,D2,45.105925,-0.728703,23,2,2
202100023817,159Â 052,A01,1,1,2,0,8,-1,-1,0,0,-1,2021,45.0,1,2,6,0,3,1,1,,4,,0,,2,2,0,1,(1),(1),1,,4,1,9,4,30,18,8,2021,08:40,1,79,79270,2,1,0,6,50 Rue Chaigneau,46.408991,-0.208106,8,1,1
202100033539,141Â 822,A01,10,3,1,5,0,-1,-1,3,3,1,2021,24.0,0,5,0,1,1,0,0,,4,MARINIERS (DES)                       (R,0,,1,1,0,1,(1),(1),1,, -1,1,0,1,50,18,6,2021,15:30,1,69,69389,2,3,0,6,MARINIERS (DES)  (R),45.78358,4.80912,15,2,1
202100055641,102Â 396,B01,1,1,1,3,1,-1,-1,0,0,-1,2021,83.0,2,2,0,2,3,26,1,,3,6,0,D,2,2,0,1,19,222,1,, -1,1,5,1,80,10,1,2021,11:00,1,85,85070,1,1,0,2,Le Pin,46.710314,-1.705509,11,2,2
202100008745,186Â 104,B01,1,1,1,9,2,6,-1,0,0,-1,2021,30.0,2,1,0,2,1,1,1,,4,BOULEVARD DE PORT ROYAL,0,,2,4,0,1,(1),(1),1,, -1,1,0,1,30,7,11,2021,21:33,5,75,75105,2,2,0,3,BOULEVARD DE PORT ROYAL,48.83889,2.33975,21,2,2
202100030767,146Â 765,B01,1,1,1,0,8,-1,-1,-1, -1,-1,2021,22.0,1,2,0,2,4,1,1,,4,ROSA PARKS                        (AV),0,,2,2,0,2,(1),(1),1,, -1,1,0,1,50,30,6,2021,19:25,1,69,69389,2,3,0,5,ROSA PARKS (AV),45.7866790414,4.7929787636,19,3,3
202100023986,158Â 760,B01,2,2,2,0,8,0,-1,-1, -1,-1,2021,15.0,3,1,0,2,3,1,1,,4,COLLERY (ZONE INDUSTRIELLE),0,,1,1,0,1,(1),(1),1,, -1,1,9,1,30,14,8,2021,10:55,1,973,97302,2,1,0,3,COLLERY (ZONE INDUSTRIELLE),4.9379088825,-52.3324735165,10,3,2
202100039868,130Â 321,A01,1,1,1,4,1,-1,-1,0,0,-1,2021,28.0,2,2,0,2,8,1,1,,3,51E5,-1,,2,2,0,2,4,700,2,, -1,2,2,1,50,16,5,2021,19:20,1,34,34150,1,1,1,1,"d 51 E5, pont des Onglous",43.32026,3.539883,19,6,2
202100008885,185Â 857,B01,1,1,2,5,4,-1,-1,0,0,-1,2021,73.0,1,1,0,2,3,2,5,,3,108,-1,,2,2,0,1,6,100,1,, -1,1,0,1,80,27,10,2021,15:15,1,45,45193,1,1,1,3,D108,47.78114,2.018598,15,2,2
202100043850,123Â 292,B01,1,1,1,0,2,6,-1,-1, -1,-1,2021,40.0,1,1,1,0,1,2,1,,1,AUTOROUTE A1,0,,3,8,0,1,9,100,1,, -1,1,0,1,90,16,4,2021,21:10,2,93,93007,1,1,0,6,AUTOROUTE A1,48.95202,2.45223,21,1,1
202100041422,127Â 563,A01,10,3,1,3,0,-1,-1,1,5,1,2021,11.0,1,2,0,1,2,1,2,,4,ELYSEE RECLUS (RUE),0,,1,1,0,1,0,0,1,, -1,1,0,1,50,4,5,2021,18:20,1,93,93001,2,1,0,6,Rue Elisee Reclus,48.91687,2.40107,18,2,1
202100001274,199Â 484,A01,1,1,1,0,1,0,-1,-1, -1,-1,2021,59.0,3,2,0,0,0,13,1,,4,CARAQUE,0,,-1,2,0,1,(1),(1),1,, -1,1,0,8,50,25,12,2021,22:13,4,971,97101,1,1,0,7,CARAQUE,16.2455749292,-61.4945501089,22,3,1
202100012223,179Â 872,B01,1,1,1,5,8,0,-1,-1, -1,-1,2021,58.0,2,1,0,2,1,1,0,,4,BOUIN JEAN,0,,2,2,0,1,(1),(1),2,, -1,1,0,1,50,19,10,2021,18:43,1,17,17461,2,3,0,1,BOUIN JEAN,45.641897,-1.060733,18,2,2
202100009042,185Â 543,D01,1,1,1,5,1,0,-1,-1, -1,-1,2021,29.0,1,2,0,2,4,1,1,,1,A55-Sens Marseille vers Martigues,0,,3,3,0,1,37,0,1,, -1,1,2,1,70,4,11,2021,23:47,3,13,13056,1,1,1,5,A55-Sens Marseille vers Martigues,43.40269,5.04242,23,5,4
202100053401,106Â 271,A01,1,1,1,5,2,6,-1,0,0,-1,2021,35.0,0,1,1,0,1,0,1,,4,,-1,,2,2,0,1,(1),(1),3,, -1,2,0,1,30,28,1,2021,20:30,5,29,29046,2,1,1,6,Passage de Kerguelen,48.0904162125,-4.3449102687,20,1,1
202100002556,197Â 213,B01,1,1,1,0,2,6,-1,-1, -1,-1,2021,27.0,2,1,0,2,7,1,1,,1,AUTOROUTE A6B,0,,3,6,0,1,5,300,1,, -1,1,0,1,90,17,12,2021,15:55,1,94,94021,1,1,0,3,AUTOROUTE A6B,48.7704,2.3457,15,2,2
202100012229,179Â 862,A01,1,1,1,5,8,0,-1,-1, -1,-1,2021,22.0,2,1,0,2,1,8,5,,7,MARÃCHAL DE LATTRE (AVENUE),0,,2,3,3,1,0,0,1,, -1,1,0,1,50,18,10,2021,17:45,1,13,13209,2,1,0,3,MARÃCHAL DE LATTRE (AVENUE),43.2501,5.40448,17,2,2
202100007605,188Â 146,B01,1,1,1,4,1,8,-1,-1, -1,-1,2021,40.0,1,2,0,2,3,1,1,,4,KERLIN (RUE  DE ),0,,2,2,0,1,(1),(1),1,, -1,1,0,1,30,16,11,2021,09:15,1,56,56121,2,1,0,1,KERLIN (RUE  DE ),47.74587,-3.37565,9,2,2
202100010352,183Â 201,A01,1,1,1,1,2,6,-1,0,0,-1,2021,31.0,2,1,0,2,1,2,1,,4,BOULEVARD DE L HOPITAL,0,,2,2,0,2,(1),(1),1,, -1,2,0,1,30,29,10,2021,16:02,1,75,75113,2,3,1,2,BOULEVARD DE L HOPITAL,48.838853,2.360993,16,3,2
202100031628,145Â 218,B01,2,2,2,5,1,0,-1,-1, -1,-1,2021,20.0,2,2,0,2,4,23,1,,3,7,0,,2,6,0,2,0,0,1,, -1,1,0,1,50,27,6,2021,16:35,1,92,92004,2,3,0,2,AULAGNIER ( QUAI ),48.917372044,2.3200403856,16,3,2
202100035376,138Â 477,A01,1,1,2,0,1,-1,-1,0,0,-1,2021,21.0,1,2,13,0,1,26,1,,3,57,0,D,2,2,0,1,42,820,1,, -1,1,0,3,90,6,6,2021,14:40,1,15,15235,1,1,0,7,D57,44.992164879,2.974569797,14,1,1