Num_Acc,id_vehicule,num_veh,place,catu,sexe,trajet,secu1,secu2,secu3,locp,actp,etatp,year_acc,victim_age,senc,catv,obs,obsm,choc,manv,motor,occutc,catr,voie,v1,v2,circ,nbv,vosp,prof,pr,pr1,plan,lartpc,larrout,surf,infra,situ,vma,jour,mois,an,hrmn,lum,dep,com,agg_,int,atm,col,adr,lat,long,hour,nb_victim,nb_vehicules
202100050241,111Â 909,A01,1,1,1,1,2,0,-1,-1, -1,-1,2021,19.0,2,1,0,2,2,17,1,,4,,0,,2,2,0,1,0,0,1,, -1,1,0,1,50,25,2,2021,11:45,1,92,92024,2,3,0,3,PIERRE BEREGOVOY (RUE),48.9015325937,2.294434011,11,2,2
202100008366,186Â 778,Z01,10,3,2,5,0,-1,-1,3,3,1,2021,72.0,2,2,0,1,1,1,1,,4,RUE DU FAUBOURG SAINT ANTOINE,0,,2,3,1,1,(1),(1),1,, -1,1,0,1,30,12,11,2021,17:30,2,75,75112,2,3,0,6,RUE DU FAUBOURG SAINT ANTOINE,48.8516113266,2.374843955,17,3,1
202100054852,103Â 756,A01,1,1,2,0,1,5,-1,-1, -1,-1,2021,35.0,3,2,0,4,7,1,1,,4,,0,,-1,4,0,3,(1),(1),1,, -1,2,4,6,50,15,1,2021,09:52,1,69,69388,2,8,1,3,ROCKEFELLER                         (AV),45.7412505808,4.8852422724,9,2,2
202100000925,200Â 095,A01,2,2,2,5,2,-1,-1,0,0,-1,2021,59.0,1,1,0,6,1,1,1,,3,933,0,S,3,4,0,1,6,100,1,, -1,1,0,1,110,30,12,2021,22:30,3,40,40122,1,1,0,6,D933s,43.840346,-0.528309,22,2,1
202100005065,192Â 725,A01,1,1,1,5,1,0,-1,-1, -1,-1,2021,21.0,2,2,2,0,1,9,1,,3,DROITS DE L'HOMME (AVENUE DES ),0,,1,1,0,2,1,0,2,, -1,2,0,3,50,2,12,2021,05:00,5,45,45234,2,6,1,7,DROITS DE L'HOMME (AVENUE DES ),47.92372,1.94101,5,2,1
202100025735,155Â 683,B01,2,2,1,5,1,-1,-1,-1, -1,-1,2021,19.0,1,2,0,2,2,15,1,,3,ABBAYE (RUE DE L'),0,,3,4,0,1,(1),(1),2,, -1,1,0,1,50,3,8,2021,00:25,5,50,50129,2,2,0,3,ABBAYE (RUE DE L'),49.6464,-1.64224,0,4,2
202100011521,181Â 124,B01,1,1,1,5,2,6,-1,-1, -1,-1,2021,47.0,2,1,0,2,2,3,1,,1,A4,0,,3,8,0,1,14,800,1,, -1,1,3,1,110,22,10,2021,15:20,1,93,93051,1,1,0,6,A4,48.835,2.57587,15,2,2
202100006948,189Â 350,B01,1,1,2,0,8,0,-1,-1, -1,-1,2021,43.0,3,2,0,2,1,1,1,,4,TOULOUSE-LAUTREC (ALLEE),0,,2,2,0,1,0,0,1,, -1,2,0,1,50,21,11,2021,12:55,1,93,93078,2,2,1,3,TOULOUSE-LAUTREC (ALLEE),48.95292,2.55311,12,2,2
202100019200,167Â 306,B01,1,1,1,1,2,0,-1,0,0,-1,2021,31.0,1,1,0,2,1,1,5,,4,BOULEVARD DE LA VILLETTE,0,,3,2,1,1,(1),(1),1,, -1,1,0,5,30,13,9,2021,10:10,1,75,75119,2,2,0,3,BOULEVARD DE LA VILLETTE,48.884343,2.366881,10,2,2
202100039902,130Â 267,B01,2,2,1,0,1,4,-1,-1, -1,-1,2021,18.0,2,2,0,2,4,1,1,,1,AUTOROUTE A3,0,,3,6,0,1,11,500,1,, -1,1,0,1,110,15,5,2021,04:15,4,93,93007,1,1,0,2,AUTOROUTE A3,48.9365833968,2.4803814961,4,3,2
202100045761,119Â 954,A01,1,1,1,2,2,6,-1,-1, -1,-1,2021,18.0,2,1,0,0,8,15,1,,4,BEL AIR (RUE DE),0,,2,8,0,1,(1),(1),1,, -1,1,0,1,50,30,3,2021,15:35,1,45,45338,2,2,0,7,Rue de Bel-Air,47.98111,2.71644,15,1,1
202100056290,101Â 279,B01,1,1,1,2,8,0,-1,-1, -1,-1,2021,18.0,2,1,0,2,1,1,5,,3,JULES AUFFRET (1/49 ET 2/54),0,,2,2,0,2,0,1,1,, -1,1,0,1,50,4,1,2021,08:10,2,93,93055,2,3,0,3,JULES AUFFRET (1/49 ET 2/54),48.8874996701,2.4103069848,8,2,2
202100042714,125Â 283,A01,2,1,1,5,8,0,-1,-1, -1,-1,2021,21.0,3,1,0,2,1,26,1,,4,RAVEL (RUE MAURICE),0,,2,1,0,1,1,0,1,, -1,1,0,1,50,24,4,2021,17:30,1,93,93064,2,1,0,2,RAVEL (RUE MAURICE),48.8836085844,2.4834144115,17,2,2
202100000194,201Â 395,A01,3,2,2,5,8,-1,-1,0,0,-1,2021,3.0,0,2,2,0,1,15,1,,4,,-1,,2,2,0,1,(1),(1),2,,4,2,0,3,80,26,12,2021,19:29,3,74,74220,1,9,1,6,Route de la Pierre aux FÃ©es,46.128441,6.285191,19,4,1
202100022631,161Â 165,A01,10,3,2,3,8,-1,-1,1,3,1,2021,73.0,3,5,0,1,4,4,1,,9,MARCHE (RUE DU ),0,,-1,0,0,1,(1),(1),1,, -1,1,6,8,30,27,7,2021,07:45,1,35,35093,2,1,0,6,Place Crolard,48.631717,-2.057115,7,2,1
202100002891,196Â 604,B01,1,1,1,1,2,6,-1,-1, -1,-1,2021,34.0,2,1,0,2,3,2,1,,2,RTE DE FONTAINEBLEAU,0,,2,4,0,1,0,0,1,, -1,1,0,1,70,14,12,2021,19:40,4,91,91479,1,1,0,2,RTE DE FONTAINEBLEAU,48.73153,2.36706,19,2,2
202100029548,148Â 977,A01,1,1,2,5,1,-1,-1,-1, -1,-1,2021,69.0,1,2,0,2,4,1,1,,7,RD383   14.250 A 18.000,0,,3,6,0,1,17,0,1,, -1,2,0,1,70,11,7,2021,00:45,3,69,69199,1,1,0,2,PIERRE SEMARD (AV),45.7002947257,4.8454722102,0,2,2
202100052335,108Â 171,Z01,10,3,1,5,0,-1,-1,2,3,1,2021,86.0,1,2,0,1,1,2,1,,4,CAVARE (RUE PAUL),0,,1,1,0,1,1,0,1,, -1,2,0,1,50,6,2,2021,17:15,1,93,93064,2,1,1,6,CAVARE (RUE PAUL),48.8730197181,2.4852121917,17,3,2
202100024302,158Â 231,B01,1,1,2,1,1,0,0,0,0,-1,2021,49.0,3,2,0,2,4,0,1,,7,BORD DE MER RN 98,0,,3,3,0,1,(1),(1),1,, -1,1,0,1,50,13,8,2021,20:20,1,6,6123,2,1,0,4,BORD DE MER RN 98,43.658885,7.188532,20,3,3
202100028143,151Â 400,A01,1,1,1,0,1,-1,-1,0,0,-1,2021,40.0,3,2,0,2,3,19,1,,4,DETOLLE (BOULEVARD ANDRE),0,,1,1,0,1,1,0,1,, -1,1,0,1,50,19,7,2021,18:21,1,14,14118,2,2,0,3,Boulevard AndrÃ© Detolle,49.175427,-0.389611,18,2,2
202100052157,108Â 483,A01,1,1,2,9,8,-1,-1,0,0,-1,2021,28.0,2,2,0,2,1,1,1,,3,952,0,,2,2,0,1,53,600,1,, -1,1,0,1,90,8,2,2021,16:20,1,37,37077,1,1,0,1,Les Varennes,47.3300023452,0.4526845259,16,3,2
202100048418,115Â 212,B01,1,1,1,5,2,0,-1,-1, -1,-1,2021,36.0,2,1,0,2,1,1,1,,3,saint gilles route de D38,0,,-1,2,0,1,1,0,1,, -1,1,0,1,80,10,3,2021,16:35,1,30,30032,1,2,0,3,NOURRIGUIERS CHEMIN DES,43.78533,4.57021,16,2,2
202100009578,184Â 585,A01,1,1,1,3,1,0,-1,-1, -1,-1,2021,71.0,2,2,15,2,1,1,1,,3,MONETEAU (ROUTE DE),0,,2,3,0,1,0,340,1,, -1,1,0,1,70,2,11,2021,15:30,1,89,89024,1,1,0,2,MONETEAU (ROUTE DE),47.82384,3.58387,15,2,2
202100029111,149Â 713,A01,1,1,1,9,2,6,-1,0,0,-1,2021,22.0,1,1,4,0,8,17,1,,3,RD 2009,0,,2,2,0,1,26,0,1,, -1,1,0,1,110,10,7,2021,08:30,1,63,63224,1,1,0,6,RD 2009,45.86177,3.11854,8,1,1
202100032013,144Â 523,A01,1,1,1,5,2,6,-1,0,0,-1,2021,61.0,1,1,0,0,8,0,0,,3,42,-1,A,2,2,0,1,22,600,2,, -1,1,0,1,70,27,6,2021,17:15,1,83,83019,1,1,0,7,Route de LÃ©oube,43.120282,6.296443,17,1,1
202100001156,199Â 706,B01,1,1,1,1,2,-1,-1,-1, -1,-1,2021,28.0,1,1,0,2,3,1,1,,4,FRANKLIN ROOSEVELT                  (CO),0,,1,2,2,1,(1),(1),1,, -1,2,9,1,50,27,12,2021,22:30,5,69,69386,2,2,1,3,FRANKLIN ROOSEVELT (CR),45.7693614549,4.8503673077,22,2,2
202100033326,142Â 192,B01,1,1,2,1,8,0,-1,-1, -1,-1,2021,40.0,1,1,0,2,0,1,3,,4,PONT SCHUHANSEN (RUE DU),0,,2,3,1,1,0,0,1,, -1,1,0,5,50,11,6,2021,08:00,1,67,67482,2,1,0,6,PONT SCHUHANSEN (RUE DU),48.541048,7.759225,8,3,2
202100043010,124Â 790,B01,1,1,2,0,1,-1,-1,-1, -1,-1,2021,55.0,2,2,0,2,4,1,1,,2,PONT GUSTAVE FLAUBERT,0,,1,3,0,1,9,200,1,, -1,1,0,1,70,23,2,2021,17:34,1,76,76540,2,1,0,2,PONT GUSTAVE FLAUBERT,49.44377,1.06387,17,2,2
202100052967,107Â 040,A01,1,1,1,5,2,6,-1,-1, -1,-1,2021,36.0,2,1,0,2,4,15,1,,4,PIERRE DELORE                       (R ),0,,2,2,0,1,(1),(1),1,, -1,1,0,1,50,30,1,2021,03:20,5,69,69388,2,3,0,7,PIERRE DELORE (R),45.73691,4.85473,3,1,1
202100014815,175Â 222,A01,10,3,1,0,0,-1,-1,1,3,1,2021,91.0,2,4,0,1,3,15,1,,4,CROIX ROUGE (AVENUE),0,,2,2,0,1,0,0,1,, -1,1,0,1,50,6,10,2021,08:15,1,13,13213,2,1,0,3,CROIX ROUGE (AVENUE),43.3323271544,5.435508212,8,2,1
202100040434,129Â 335,A01,1,1,1,1,2,-1,-1,-1,0,-1,2021,47.0,2,1,3,0,2,1,1,,1,AUTOROUTE A115,0,,1,1,0,1,0,100,1,, -1,2,0,1,90,10,5,2021,07:00,1,95,95582,1,1,1,6, A115,48.9741233293,2.2438716888,7,1,1
202100042893,124Â 995,A01,2,2,2,3,1,0,-1,-1, -1,-1,2021,19.0,0,2,9,0,1,15,1,,4,CHATAIGNIERS RUE DES,0,,2,1,0,1,(1),(1),1,, -1,1,0,1,30,23,4,2021,23:20,5,13,13063,2,3,0,6,CHATAIGNIERS RUE DES,43.582741,5.01558,23,2,1
202100001485,199Â 133,A01,1,1,2,0,1,0,-1,-1, -1,-1,2021,51.0,2,2,0,2,3,19,1,,3,MONTESQUIEU,0,,1,1,0,1,1,0,1,, -1,2,3,1,70,24,12,2021,14:40,1,22,22187,1,3,1,3,MONTESQUIEU,48.5410686172,-2.8314514152,14,2,2
202100016458,172Â 208,B01,1,1,1,1,1,0,-1,-1, -1,-1,2021,20.0,3,2,0,2,1,20,1,,4,BLD DES CYGNES,0,,2,2,0,1,(1),(1),1,, -1,1,0,1,50,22,9,2021,10:05,1,78,78361,2,1,0,1,BLD DES CYGNES,48.997476,1.714264,10,2,2
202100054246,104Â 790,A01,10,3,1,5,0,-1,-1,3,5,1,2021,42.0,0,2,0,1,3,1,3,,4,PLACE JACQUES RUEFF,0,,2,3,0,1,(1),(1),1,, -1,1,0,1,50,21,1,2021,10:30,1,75,75107,2,7,0,6,PLACE JACQUES RUEFF,48.85626,2.29847,10,2,1
202100045376,120Â 623,A01,10,3,1,5,0,-1,-1,1,3,2,2021,16.0,3,2,0,1,3,1,1,,4,KENNEDY (BD JOHN FITZGERALD),0,,2,1,0,1,(1),(1),1,, -1,1,0,1,30,12,3,2021,16:30,1,62,62427,2,1,0,6,KENNEDY (BD JOHN FITZGERALD),50.424626,2.957493,16,2,1
202100022795,160Â 859,A01,10,3,1,0,0,-1,-1,4,3,1,2021,38.0,1,2,0,1,3,1,1,,4,LAURENT BONNEVAY    (Boulevard),0,,3,4,0,1,(1),(1),3,, -1,1,0,1,70,23,8,2021,13:00,1,69,69266,2,3,0,6,LAURENT BONNEVAY (BD),45.78753,4.88172,13,3,1
202100019684,166Â 461,A01,1,1,1,0,2,-1,-1,-1, -1,-1,2021,41.0,1,1,0,2,1,17,1,,4,AVE D'EYSINES CAUD,0,,2,2,0,1,(1),(1),1,, -1,1,0,1,50,9,9,2021,17:20,1,33,33063,2,1,0,1,Avenue dâEysines,44.862826,-0.617462,17,2,2
202100046359,118Â 903,A01,2,2,1,0,2,0,-1,-1, -1,-1,2021,16.0,2,1,0,2,8,19,1,,4,PRADO (AVENUE DU),0,,1,1,0,1,(1),(1),1,, -1,1,0,1,50,26,3,2021,21:29,5,13,13206,2,2,0,3,PRADO (AVENUE DU),43.28395,5.38452,21,3,2
202100000572,200Â 680,A01,10,3,2,0,0,-1,-1,2,3,1,2021,75.0,1,5,0,1,1,1,6,,4,PRADO (AVENUE DU),0,,1,2,0,1,0,0,1,, -1,1,0,1,50,8,11,2021,17:20,5,13,13208,2,6,0,1,PRADO (AVENUE DU),43.2721,5.3898,17,2,1
202100045062,121Â 183,B01,9,2,1,5,1,-1,-1,0,0,-1,2021,50.0,1,2,0,0,3,1,2,,3,419,0,,2,2,0,1,36,650,2,, -1,1,0,1,50,25,3,2021,18:45,5,68,68263,2,1,0,4,Rue de Belfort,47.58677,7.443312,18,6,3
202100000017,201Â 731,A01,1,1,1,0,1,-1,-1,0,0,-1,2021,53.0,2,2,0,0,7,5,1,,1,26,0,,3,4,0,1,259,950,1,, -1,1,0,1,130,23,10,2021,14:00,1,51,51362,1,1,0,3,A26,49.2759855047,3.9647179842,14,7,2
202100048988,114Â 185,A01,1,1,1,1,1,-1,-1,0,0,-1,2021,28.0,1,2,13,0,2,1,1,,3,78,0,A,2,2,0,1,1,700,2,, -1,1,0,1,80,6,3,2021,19:40,3,1,1354,1,1,0,6,D78A,46.267374,6.045935,19,1,1
202100022964,160Â 578,A01,2,2,1,5,1,-1,-1,0,0,-1,2021,31.0,3,2,14,0,1,1,1,,4,,-1,,-1,2,0,2,(1),(1),2,, -1,2,0,3,80,22,8,2021,18:00,1,64,64559,1,1,0,7,Route d Ainharp,43.259612,-0.897725,18,2,1
202100049655,112Â 983,A01,1,1,2,1,8,0,-1,-1, -1,-1,2021,44.0,3,2,0,2,3,19,1,,4,ALBERT EINSTEIN (RUE),0,,2,2,3,1,(1),(1),1,, -1,1,0,1,50,1,3,2021,07:15,1,13,13213,2,2,0,3,ALBERT EINSTEIN (RUE),43.343549635,5.4460892826,7,3,2
202100018528,168Â 514,A01,10,3,2,0,0,-1,-1,3,3,1,2021,78.0,1,2,0,1,2,1,1,,7,GENERAL DE GAULLE                   (AV),0,,2,2,3,1,1,700,1,, -1,2,0,1,50,16,9,2021,14:30,1,69,69034,2,1,1,6,GENERAL DE GAULLE (AV),45.81156,4.85903,14,2,1
202100023818,159Â 051,A01,1,1,2,1,2,-1,-1,0,0,-1,2021,36.0,3,1,0,0,0,15,1,,4,,-1,,1,1,0,1,(1),(1),3,,4,1,5,1,50,17,8,2021,19:40,1,17,17219,2,6,0,7,Rue Alsace Lorraine,45.826456,-1.108493,19,1,1
202100032388,143Â 878,A01,2,2,1,5,1,-1,-1,0,0,-1,2021,48.0,1,2,0,2,3,1,1,,3,52,-1,,2,2,0,2,11,286,1,, -1,2,0,1,70,26,6,2021,12:15,1,44,44097,1,1,1,1,Route de Kerlagadec,47.394685,-2.465948,12,6,2
202100002466,197Â 365,A01,1,1,1,5,2,0,-1,0,0,-1,2021,31.0,3,1,0,2,2,1,1,,4,BOULEVARD PERIPHERIQUE EXTERIEUR NORD  ,0,,3,4,0,2,(1),(1),2,, -1,1,0,1,70,16,12,2021,18:06,5,75,75112,2,1,0,2,BOULEVARD PERIPHERIQUE EXTERIEUR NORD  ,48.826918,2.391582,18,2,2
202100041684,127Â 098,A01,1,1,1,9,2,6,-1,0,0,-1,2021,45.0,3,1,8,0,2,14,1,,4,RUE EMILE RICHARD,0,,1,1,0,1,(1),(1),1,, -1,2,0,1,30,2,5,2021,14:05,1,75,75114,2,1,0,6,RUE EMILE RICHARD,48.837878,2.329003,14,1,1
202100046911,117Â 921,A01,1,1,1,2,8,0,-1,-1, -1,-1,2021,15.0,3,1,0,2,1,1,5,,4,MENHIR (RUE DU),0,,2,2,0,1,(1),(1),1,, -1,1,0,1,50,22,3,2021,07:55,1,44,44184,2,2,0,3,MENHIR (RUE DU),47.27967,-2.2058,7,2,2
202100034811,139Â 486,A01,1,1,2,0,1,5,-1,-1, -1,-1,2021,70.0,0,2,0,2,3,15,2,,4,,0,,1,1,0,1,0,0,1,, -1,1,5,1,50,11,6,2021,18:30,1,92,92048,2,3,0,3,COLONEL MORAINE (ROUTE DU),48.7965,2.21767,18,2,2
202100049969,112Â 432,A01,1,1,1,5,8,-1,-1,0,0,-1,2021,21.0,2,2,2,0,1,13,1,,3,401,-1,,3,2,0,1,5,500,3,, -1,1,0,3,80,28,2,2021,15:20,1,40,40123,1,1,0,7,route dÃ©partementale 401,43.770908,-1.095543,15,2,1
202100053113,106Â 795,A01,1,1,1,0,0,-1,-1,0,0,-1,2021,41.0,2,5,8,0,0,0,1,,3,902,-1,D,2,2,0,1,31,10,1,, -1,2,0,8,80,30,1,2021,23:40,3,55,55108,1,1,1,6,D902,48.922961,5.263439,23,1,1
202100014786,175Â 280,B01,1,1,2,1,1,-1,-1,0,0,-1,2021,57.0,1,2,0,2,4,2,1,,3,BARBUSSE (AVENUE HENRI),0,,2,2,0,1,0,0,1,, -1,1,0,1,50,6,10,2021,13:28,1,65,65433,2,1,0,2,BARBUSSE (AVENUE HENRI),43.216156,0.096627,13,2,2
202100043719,123Â 545,A01,1,1,1,1,1,0,-1,-1, -1,-1,2021,25.0,2,2,0,0,1,1,1,,1,A51-Sens Aix en Provence vers Marseille,0,,1,4,3,1,4,500,1,, -1,2,0,1,90,17,4,2021,09:58,1,13,13019,1,1,1,7,A51-Sens Aix en Provence vers Marseille,43.426064,5.378935,9,1,1
202100054146,104Â 965,B01,1,1,1,5,2,6,-1,0,0,-1,2021,40.0,1,1,0,2,1,1,1,,3,28,0,D,2,2,0,1,12,700,1,, -1,1,0,1,80,23,1,2021,16:00,1,29,29117,1,1,0,1,D28 - Kerazan,48.5687320361,-4.4991374017,16,4,2
202100000464,200Â 875,B01,1,1,1,9,2,0,-1,-1, -1,-1,2021,16.0,2,1,0,2,8,1,1,,4,BRUNE (BOULEVARD),0,,2,2,0,1,(1),(1),1,, -1,1,0,1,50,29,10,2021,17:25,1,19,19031,2,1,0,3,BRUNE (BOULEVARD),45.15346,1.53643,17,2,2
202100049230,113Â 758,B01,10,3,2,5,0,-1,-1,3,3,1,2021,88.0,1,2,0,2,4,2,1,,3,GENERAL LECLERC (RUE DU),0,,2,2,0,1,42,93,1,, -1,1,0,1,50,3,3,2021,16:45,1,77,77131,2,1,1,6,GENERAL LECLERC (RUE DU),48.811622,3.078688,16,5,2
202100010758,182Â 501,A01,10,3,1,0,0,-1,-1,5,1,1,2021,48.0,2,1,0,1,1,25,1,,3,11,0,,-1,0,0,1,0,0,1,, -1,1,0,4,30,22,10,2021,11:50,1,92,92004,2,1,0,6,BOURGUIGNONS ( RUE 33 A FIN ),48.913527,2.273226,11,2,1
202100007997,187Â 438,B01,2,2,2,9,1,-1,-1,-1, -1,-1,2021,17.0,1,2,0,2,2,1,1,,3,LONGSARD (route de),0,,2,2,0,1,1,800,1,, -1,1,0,1,70,15,11,2021,13:30,1,69,69092,1,4,0,3,LONGSARD (DE) (RTE),46.0069974879,4.7050452232,13,3,2
202100015548,173Â 891,Z01,10,3,2,5,8,8,-1,9,9,2,2021,74.0,3,0,0,1,1,26,5,,4,PERI GABRIEL RUE,0,,2,1,3,1,(1),(1),1,, -1,1,1,8,5,1,10,2021,15:35,1,59,59560,2,9,0,6,PERI GABRIEL RUE,50.5492659844,3.0347405237,15,2,1
202100006054,190Â 977,A01,10,3,2,3,0,-1,-1,2,3,1,2021,39.0,2,2,0,1,3,26,1,,3,d3,0,D,2,2,0,1,9,650,1,, -1,1,0,1,50,28,11,2021,18:30,5,30,30211,2,6,0,6,DÃ©partementale 3,43.82575,4.495575,18,2,1
202100004840,193Â 136,A01,1,1,1,5,8,-1,-1,0,0,-1,2021,79.0,2,5,0,9,5,1,1,,3,902,-1,D,2,2,0,2,15,858,2,, -1,2,0,1,80,4,12,2021,20:25,3,74,74295,1,1,1,6,Route des Grandes Alpes,46.309203,6.611259,20,2,1
202100025846,155Â 487,A01,1,1,2,5,8,0,-1,-1, -1,-1,2021,23.0,1,2,0,2,6,2,1,,1,6,0,,3,3,0,1,17,700,1,, -1,1,0,1,110,3,8,2021,15:10,1,91,91589,1,1,0,2,AUTOROUTE A6,48.67507,2.34152,15,2,2
202100019265,167Â 198,B01,1,1,1,1,1,-1,-1,0,0,-1,2021,24.0,2,2,9,2,1,26,1,,3,507,-1,,2,2,0,1,0,19,3,, -1,1,0,1,50,29,6,2021,16:45,1,6,6105,2,4,0,1,1422 Route de Notre Dame,43.679915,7.034726,16,2,2
202100015068,174Â 772,B01,1,1,1,3,2,0,-1,-1, -1,-1,2021,74.0,0,1,0,2,8,1,1,,3,ROUTE DE NARBONNE (RN 113 - 9),0,,2,3,0,1,88,704,1,, -1,1,0,1,90,1,10,2021,13:45,1,34,34032,1,1,0,3,Route de Narbonne,43.33469,3.19783,13,2,2
202100039635,130Â 745,B01,1,1,1,1,2,-1,-1,0,0,-1,2021,48.0,2,1,0,2,1,2,1,,3,81,0,D,2,2,0,1,1,800,1,, -1,1,0,3,80,18,5,2021,07:15,1,201,201006,2,1,0,3,Villaranda,41.9661931692,8.7799521855,7,2,2
202100010118,183Â 621,A01,2,2,1,0,1,0,-1,-1, -1,-1,2021,47.0,0,2,0,2,3,1,1,,1,AUTOROUTE A1,0,,1,2,0,1,31,420,2,, -1,2,0,1,50,30,10,2021,12:45,1,60,60494,1,3,1,3,AUTOROUTE A1,49.13533,2.56567,12,3,2
202100045833,119Â 827,A01,1,1,1,9,1,-1,-1,0,0,-1,2021,81.0,2,2,13,0,9,1,1,,3,75,-1,,2,2,0,2,5,630,2,, -1,1,0,3,80,31,3,2021,09:10,1,1,1075,1,1,0,7,D75,46.035936,4.812307,9,1,1
202100001967,198Â 287,A01,1,1,1,0,1,-1,-1,0,0,-1,2021,73.0,2,2,0,2,3,13,1,,3,309,0,,2,2,0,1,3,800,1,, -1,1,0,1,50,23,12,2021,10:17,1,72,72343,2,1,0,1,D309,47.827764,-0.385391,10,2,2
202100047774,116Â 355,A01,1,1,2,9,1,8,-1,-1, -1,-1,2021,19.0,2,2,9,0,1,1,1,,3,EPINAC (ROUTE D'),0,,-1,2,0,2,27,750,3,, -1,2,0,3,80,15,3,2021,12:30,1,71,71153,1,1,1,7,Route dâEpinac,46.819083,4.452758,12,1,1
202100016040,172Â 984,A01,1,1,1,5,2,6,-1,-1, -1,-1,2021,22.0,1,1,0,2,1,3,1,,1,ROCADE A 630,0,,3,6,0,1,32,825,1,, -1,1,0,1,90,30,9,2021,17:24,1,33,33039,1,1,0,2,ROCADE A 630,44.79224,-0.53999,17,2,2
202100025610,155Â 909,B01,1,1,1,0,2,-1,-1,-1, -1,-1,2021,32.0,1,1,0,2,0,1,1,,4,PALUDATE (QUAI DE),0,,2,4,0,1,(1),(1),1,, -1,1,5,1,50,4,8,2021,22:35,5,33,33063,2,3,0,3,Quai de Paludate,44.829428,-0.554802,22,2,2
202100046214,119Â 161,B01,1,1,2,3,1,0,-1,-1, -1,-1,2021,53.0,1,2,0,9,4,2,1,,2,RTE NATIONALE 6,0,,3,4,0,1,6,99,1,, -1,1,6,1,50,27,3,2021,10:55,1,91,91114,2,1,1,2,RTE NATIONALE 6,48.68059,2.49344,10,3,2
202100032943,142Â 871,A01,1,1,1,0,2,6,-1,-1, -1,-1,2021,29.0,1,1,0,2,5,1,1,,3,1,0,,2,2,0,1,0,0,1,, -1,1,0,1,50,18,6,2021,21:15,2,92,92024,2,3,0,3,CLICHY (QUAI DE) DE (8 A 60),48.9068881811,2.2965824604,21,2,2
202100006607,189Â 980,B01,1,1,2,1,1,0,-1,-1, -1,-1,2021,52.0,3,2,0,2,2,26,1,,3,BOULEVARD DE LA PLAINE,0,,2,2,0,1,18,814,1,, -1,2,5,1,50,22,11,2021,07:40,1,77,77085,2,2,0,3,D5,48.855004,2.746685,7,2,2
202100004261,194Â 137,A01,10,3,1,2,0,-1,-1,4,3,1,2021,19.0,3,2,0,1,2,15,1,,4,BORDEAUX (AVENUE DE),0,,2,4,0,1,(1),(1),1,, -1,2,0,1,50,6,12,2021,18:30,5,37,37122,2,2,1,6,BORDEAUX (AVENUE DE),47.3555676807,0.6987369061,18,2,1
202100051482,109Â 684,B01,1,1,1,4,0,-1,-1,0,0,-1,2021,42.0,2,2,0,0,6,23,1,,1,7,-1,,3,4,0,2,252,400,1,, -1,2,1,1,130,16,2,2021,03:38,3,13,13081,1,1,1,2,A7 PK 252.400 sens sud-nord,43.508099,5.235793,3,5,2
202100022740,160Â 952,A01,2,2,1,5,1,-1,-1,0,0,-1,2021,22.0,1,2,13,0,1,19,1,,3,VILLAROBERT ( RUE DE ),0,,2,2,0,1,1,105,2,, -1,1,0,1,50,22,8,2021,06:35,2,5,5061,2,3,0,7,VILLAROBERT ( RUE DE ),44.57394,6.09505,6,2,1
202100009625,184Â 501,A01,10,3,2,9,8,8,-1,4,3,1,2021,65.0,1,1,0,1,1,1,3,,4,RUE LAMARTINE,0,,2,3,0,1,(1),(1),1,, -1,1,0,1,30,3,11,2021,12:50,1,75,75109,2,2,0,6,RUE LAMARTINE,48.876558,2.341292,12,2,1
202100027667,152Â 266,A01,1,1,2,0,1,8,-1,-1, -1,-1,2021,36.0,1,2,0,2,1,2,1,,1,A13Y,0,,1,2,0,1,13,0,1,, -1,1,0,1,110,22,7,2021,18:30,1,78,78043,1,1,0,2,A13Y,48.842619,2.093643,18,2,2
202100053095,106Â 824,A01,1,1,1,9,2,0,-1,-1, -1,-1,2021,54.0,2,1,14,0,3,13,1,,3,5,0,,3,3,0,1,(1),(1),1,, -1,2,5,1,50,30,1,2021,19:00,5,94,94017,2,1,1,6,JEAN JAURES (R),48.81441,2.5083,19,1,1
202100032984,142Â 791,B01,2,2,1,9,1,-1,-1,-1, -1,-1,2021,20.0,1,2,0,2,6,1,1,,7,RD383   0.000 A 1.165,0,,-1,3,0,1,0,899,3,, -1,1,0,1,70,22,6,2021,10:40,1,69,69266,1,1,0,3,RD383   0.000 A 1.165,45.7873463924,4.8797568082,10,3,2
202100033671,141Â 577,B01,1,1,1,0,1,0,-1,-1, -1,-1,2021,61.0,1,2,0,2,1,2,1,,4,ALBERT EINSTEIN (AVENUE),0,,-1,2,0,1,0,0,1,, -1,2,9,1,50,17,6,2021,23:40,5,93,93007,2,1,1,1,ALBERT EINSTEIN (AVENUE),48.9486,2.4665,23,2,2
202100021973,162Â 352,A01,1,1,1,5,2,-1,-1,0,0,-1,2021,20.0,1,1,0,2,3,14,1,,3,937,-1,,2,2,0,3,5,500,1,, -1,1,0,8,50,26,8,2021,17:45,1,80,80726,2,3,0,3,Rue du Moulin,49.773099,3.04221,17,2,2