Num_Acc,id_vehicule,num_veh,place,catu,sexe,trajet,secu1,secu2,secu3,locp,actp,etatp,year_acc,victim_age,senc,catv,obs,obsm,choc,manv,motor,occutc,catr,voie,v1,v2,circ,nbv,vosp,prof,pr,pr1,plan,lartpc,larrout,surf,infra,situ,vma,jour,mois,an,hrmn,lum,dep,com,agg_,int,atm,col,adr,lat,long,hour,nb_victim,nb_vehicules
202100032979,142Â 806,A01,1,1,1,0,1,0,-1,-1, -1,-1,2021,31.0,1,2,0,2,4,0,1,,1,A50-Sens Marseille vers Aubagne,0,,1,3,0,1,5,0,1,, -1,1,0,1,90,22,6,2021,15:58,1,13,13211,1,1,0,2,A50-Sens Marseille vers Aubagne,43.2888973927,5.4443467416,15,2,2
202100055313,102Â 957,B01,1,1,1,0,1,-1,-1,-1, -1,-1,2021,37.0,1,2,0,2,2,19,1,,4,AUGE (RUE JOANNY),0,,2,2,0,1,(1),(1),1,, -1,1,0,1,50,11,1,2021,12:33,1,42,42187,2,2,0,3,Rue Joanny AugÃ©,46.0356915041,4.0521731526,12,2,2
202100027511,152Â 551,B01,1,1,1,0,2,0,-1,-1, -1,-1,2021,75.0,2,1,0,2,1,2,1,,4,CAWELL (AVENUE EDITH),0,,1,1,0,1,0,0,1,, -1,1,0,1,50,22,7,2021,14:27,1,83,83069,2,1,0,2,CAWELL (AVENUE EDITH),43.11034,6.1256,14,2,2
202100041496,127Â 433,A01,10,3,1,9,0,-1,-1,1,3,1,2021,10.0,3,2,1,1,1,1,1,,4,MANGO (ROUTE),0,,1,2,0,1,(1),(1),1,, -1,2,9,1,30,3,5,2021,07:10,1,973,97302,2,9,1,6,MANGO (ROUTE),4.9298625765,-52.3154157441,7,2,1
202100005295,192Â 323,A01,1,1,1,0,2,0,-1,-1, -1,-1,2021,18.0,2,1,0,2,1,7,1,,4,DE GAULLE (AVENUE DU GENERAL),0,,3,4,3,1,0,0,1,, -1,1,0,1,50,30,11,2021,11:20,1,49,49328,2,1,0,3,DE GAULLE (AVENUE DU GENERAL),47.26485,-0.07246,11,2,2
202100027423,152Â 699,B01,1,1,1,9,2,6,-1,0,0,-1,2021,23.0,3,1,0,2,1,1,1,,4,,0,,2,2,0,1,(1),(1),3,,4,1,0,1,80,21,7,2021,23:15,3,61,61456,1,1,0,1,Rue de la Fonte,48.768187,0.643533,23,2,2
202100055160,103Â 220,A01,1,1,1,0,2,6,-1,-1, -1,-1,2021,76.0,2,1,0,9,1,2,1,,3,SCAMARONI(AVENUE FRED),0,,2,2,0,2,36,900,3,, -1,1,0,1,80,13,1,2021,16:15,1,83,83050,1,1,0,5,SCAMARONI(AVENUE FRED),43.50403,6.42103,16,4,4
202100051309,109Â 959,A01,1,1,2,1,1,0,-1,0,0,-1,2021,32.0,1,2,0,2,6,1,1,,4,BOULEVARD PERIPHERIQUE INTERIEUR SUD,0,,1,4,0,1,1,400,1,, -1,1,0,1,70,16,2,2021,14:40,1,75,75113,2,1,0,5,BOULEVARD PERIPHERIQUE INTERIEUR SUD,48.820004,2.374225,14,3,3
202100010487,182Â 979,B01,1,1,1,1,2,0,-1,-1, -1,-1,2021,22.0,0,1,0,2,1,1,1,,4,DIGNE (AVENUE DE ),0,,2,2,0,1,0,0,1,, -1,1,0,1,50,27,10,2021,14:15,1,83,83062,1,1,0,3,DIGNE (AVENUE DE ),43.146444,6.034538,14,2,2
202100017187,170Â 912,B01,2,2,2,0,2,6,-1,0,0,-1,2021,40.0,1,1,0,2,9,17,1,,3,2,0,,2,2,0,3,21,90,1,, -1,1,0,1,80,11,9,2021,18:30,1,57,57464,1,3,0,3,D2,49.286586,6.316544,18,3,2
202100009989,183Â 842,A01,3,2,1,5,3,0,-1,-1, -1,-1,2021,5.0,2,2,0,2,1,2,1,,1,A86.EXT,0,,3,3,0,1,29,799,1,, -1,2,0,1,90,1,11,2021,21:00,5,94,94033,1,1,1,4,A86.EXT,48.8552845039,2.4893358452,21,5,3
202100031732,145Â 038,B01,1,1,1,5,2,6,-1,0,0,-1,2021,31.0,1,1,0,2,3,1,1,,4,RUE DE TOLBIAC,0,,2,3,0,1,(1),(1),1,, -1,2,0,1,50,29,6,2021,10:45,1,75,75113,2,2,0,3,RUE DE TOLBIAC,48.826148,2.357293,10,2,2
202100022748,160Â 939,A01,1,1,1,9,2,6,-1,0,0,-1,2021,53.0,2,1,0,0,8,1,1,,4,AVENUE SIMON BOLIVAR,0,,2,2,0,2,(1),(1),1,, -1,1,0,1,50,24,8,2021,00:01,5,75,75119,2,2,0,3,AVENUE SIMON BOLIVAR,48.878409,2.374258,0,3,2
202100010186,183Â 496,A01,1,1,2,1,1,0,-1,-1, -1,-1,2021,44.0,0,2,0,2,8,19,1,,3,4,0,,1,2,0,1,0,0,1,, -1,2,0,1,50,30,10,2021,07:54,2,92,92062,2,3,1,3,JAURES (RUE JEAN) DU 97 AU 1,48.8855343039,2.2514234483,7,2,2
202100040435,129Â 333,B01,1,1,1,1,2,6,-1,-1, -1,-1,2021,48.0,2,1,0,2,1,3,1,,1,A4,0,,3,8,0,1,10,699,1,, -1,1,0,1,90,11,5,2021,07:35,1,94,94015,1,1,0,4,A4,48.82769,2.52551,7,5,3
202100025015,156Â 938,B01,1,1,1,9,2,0,-1,0,0,-1,2021,29.0,1,1,0,2,1,7,5,,4,BOULEVARD SAINT GERMAIN,0,,1,2,3,1,(1),(1),1,, -1,1,0,6,50,8,8,2021,11:52,1,75,75105,2,2,0,3,BOULEVARD SAINT GERMAIN,48.850816,2.345529,11,2,2
202100045168,120Â 997,B01,1,1,1,5,1,-1,-1,0,0,-1,2021,48.0,2,2,0,2,1,19,1,,3,CD94,0,,2,2,0,1,10,140,3,, -1,1,0,1,80,3,4,2021,11:30,1,82,82136,1,2,1,3,Route de Campsas,43.90468,1.384814,11,3,2
202100009096,185Â 448,A01,1,1,1,5,8,0,-1,-1, -1,-1,2021,41.0,3,1,0,2,1,5,5,,4,BONNIN (AVENUE JEAN),0,,1,4,0,1,(1),(1),2,, -1,1,5,1,50,6,11,2021,02:40,5,37,37233,2,6,0,1,BONNIN (AVENUE JEAN),47.3957377514,0.7107000083,2,2,2
202100026137,154Â 973,B01,1,1,2,5,1,0,-1,-1, -1,-1,2021,69.0,1,2,0,2,7,1,1,,4,ALPHASIS (AVENUE D'),0,,2,2,0,1,(1),(1),1,, -1,2,0,1,30,31,7,2021,19:00,1,35,35278,2,2,0,3,ALPHASIS (AVENUE D'),48.15411,-1.69674,19,2,2
202100054768,103Â 904,A01,10,3,2,2,0,-1,-1,3,3,1,2021,13.0,1,2,0,1,2,1,1,,4,HOCHE,0,,2,2,0,1,(1),(1),1,, -1,2,0,1,50,16,1,2021,12:45,1,35,35238,2,1,1,6,Rue HOCHE,48.11419,-1.67729,12,2,1
202100027437,152Â 679,A01,4,2,2,5,8,-1,-1,0,0,-1,2021,18.0,1,2,13,0,2,16,0,,3,,-1,,2,2,0,1,17,744,3,,5,2,0,1,50,24,7,2021,16:30,1,72,72195,1,9,0,6,Route des Foutaies,47.835963574,-0.0129932503,16,4,1
202100047401,117Â 041,B01,1,1,1,1,2,6,-1,-1, -1,-1,2021,42.0,1,1,0,2,4,2,1,,3,LIBERATION RD14 (BOULEVARD),0,,1,1,0,1,0,1,3,, -1,2,8,1,50,19,3,2021,06:45,2,93,93066,2,1,1,2,LIBERATION RD14 (BOULEVARD),48.9232,2.3429,6,2,2
202100004794,193Â 209,A01,4,2,2,0,1,0,-1,-1, -1,-1,2021,22.0,1,2,8,0,1,1,1,,4,JULES GUESDE (RUE),0,,-1,2,0,1,0,0,2,, -1,2,0,1,50,4,12,2021,04:00,5,10,10387,2,1,1,6,JULES GUESDE (RUE),48.30522,4.0741,4,3,1
202100000431,200Â 935,A01,1,1,1,9,2,0,-1,0,0,-1,2021,43.0,2,1,8,0,1,1,1,,4,RUE DE VAUGIRARD,0,,2,2,0,1,19,0,1,, -1,1,0,1,30,16,10,2021,21:35,5,75,75106,2,3,0,6,RUE DE VAUGIRARD,48.848988,2.334113,21,1,1
202100049888,112Â 565,A01,1,1,1,5,2,6,-1,0,0,-1,2021,23.0,1,1,13,0,1,13,1,,3,RD 44,0,,2,0,0,1,26,201,3,, -1,1,0,8,70,27,2,2021,04:35,3,29,29039,1,1,0,6,D44 - Lieu-dit Kerambrunou,47.92128,-3.89241,4,2,1
202100013738,177Â 152,A01,10,3,2,3,0,-1,-1,5,3,1,2021,83.0,1,2,0,1,1,26,1,,4,,-1,,2,2,3,1,(1),(1),1,,"5,5",1,0,4,50,13,10,2021,15:30,1,60,60176,2,9,0,6,entrÃ©e parking Monoprix Rue Charles de Gaulle,49.233558,2.886988,15,2,1
202100028645,150Â 512,B01,5,2,1,5,8,0,-1,-1, -1,-1,2021,12.0,3,1,0,2,8,19,5,,4,ARAGO (RUE FRANCOIS),0,,2,2,0,1,(1),(1),1,, -1,1,0,1,30,15,7,2021,16:55,1,37,37122,2,1,0,6,ARAGO (RUE FRANCOIS),47.3451903772,0.6614689529,16,4,2
202100030265,147Â 665,A01,9,2,2,5,8,-1,-1,0,0,-1,2021,15.0,2,2,2,0,1,1,1,,4,,-1,,2,2,0,1,(1),(1),2,,4,2,0,3,50,5,7,2021,03:05,3,41,41149,2,1,1,6,35 Boulevard des AlliÃ©s,47.752576,0.865962,3,4,1
202100034114,140Â 784,A01,1,1,2,5,0,0,-1,-1, -1,-1,2021,63.0,1,0,0,2,7,9,3,,3,PARMENTIER (AV),0,,2,2,2,1,1,0,3,, -1,1,0,1,50,16,6,2021,18:10,1,94,94033,2,5,0,3,Rue des 4 Ruelles,48.855891,2.457526,18,2,2
202100034145,140Â 727,A01,1,1,1,1,2,6,9,0,0,-1,2021,22.0,1,1,0,2,3,13,1,,3,108,-1,,3,2,0,1,12,886,2,, -1,1,0,1,80,16,6,2021,13:05,1,41,41199,1,9,0,1,D108,47.702311,0.991108,13,2,2
202100015154,174Â 623,B01,1,1,1,1,0,-1,-1,0,0,-1,2021,19.0,1,1,0,0,7,1,3,,3,38,0,,2,2,2,1,4,760,1,, -1,1,0,5,50,6,9,2021,08:15,2,68,68300,2,6,0,3,56 Rue de Mulhouse,47.779554,7.364713,8,2,2
202100006781,189Â 664,B01,1,1,1,5,2,-1,-1,0,0,-1,2021,16.0,0,1,0,2,1,1,1,,2,209,-1,,2,2,0,2,(1),(1),1,, -1,1,0,1,30,23,11,2021,17:00,1,977,97701,2,1,0,3,saint jean,17.901985,-62.833117,17,3,2
202100004187,194Â 272,A01,1,1,1,4,1,-1,-1,0,0,-1,2021,24.0,1,4,6,0,3,1,1,,1,20,-1,,3,4,0,1,367,400,1,, -1,2,2,8,-1,8,12,2021,03:00,3,46,46105,1,1,1,6,A20 PK 367.500,44.397842,1.519107,3,1,1
202100002838,196Â 704,A01,1,1,2,1,1,-1,-1,0,0,-1,2021,24.0,3,2,0,5,1,1,1,,4,1,0,C,2,2,0,1,1,0,1,, -1,1,0,1,80,17,12,2021,07:22,3,29,29113,1,1,0,6,Lieu Dit Keralsi,48.645833,-3.745598,7,1,1
202100038901,132Â 097,B01,1,1,1,3,8,0,-1,-1, -1,-1,2021,55.0,2,1,0,2,1,1,5,,4,COURTOIS (RUE GUSTAVE),0,,2,2,1,4,(1),(1),3,, -1,1,5,5,50,11,4,2021,12:30,1,70,70550,1,2,0,3,COURTOIS (RUE GUSTAVE),47.626641,6.139058,12,2,2
202100036774,135Â 973,B01,10,3,1,2,0,-1,-1,4,3,1,2021,15.0,1,2,0,1,1,19,1,,4,BARRAULT (RUE BATONNIER J),0,,2,5,0,1,(1),(1),1,, -1,1,5,1,50,2,6,2021,11:59,1,71,71076,2,2,0,6,BARRAULT (RUE BATONNIER J),46.7875123404,4.8388963083,11,2,1
202100008132,187Â 184,A01,1,1,1,9,1,0,-1,-1, -1,-1,2021,45.0,1,2,1,0,2,1,1,,2,N104,0,,-1,2,0,1,26,700,1,, -1,1,0,1,90,15,11,2021,10:45,1,77,77251,1,1,0,6,RN104,48.6449826128,2.5455356841,10,2,2
202100035386,138Â 461,A01,1,1,1,1,2,-1,-1,0,0,-1,2021,48.0,2,1,0,2,1,11,1,,2,12,-1,,2,2,0,1,22,100,1,, -1,1,0,1,80,11,6,2021,07:20,1,53,53190,1,1,0,2,N12 pr22.100,48.386026,-0.403351,7,2,2
202100010469,183Â 009,B01,1,1,1,1,2,-1,-1,-1, -1,-1,2021,19.0,1,1,0,2,1,18,1,,3,MONTABO (ROUTE DE) 4,0,,2,2,0,1,3,800,2,, -1,1,0,5,70,25,8,2021,19:46,1,973,97302,2,3,0,3,MONTABO (ROUTE DE) 4,4.93468,-52.2919,19,2,2
202100029112,149Â 712,A01,1,1,1,5,8,0,-1,0,0,-1,2021,29.0,1,1,0,9,1,1,5,,4,JACOBINS (RUE DES),0,,1,2,2,2,(1),(1),1,, -1,1,-1,4,50,8,7,2021,19:15,1,63,63113,2,1,0,5,JACOBINS (RUE DES),45.78188,3.09511,19,3,3
202100042743,125Â 236,A01,1,1,1,5,2,6,9,0,0,-1,2021,56.0,3,1,0,2,1,5,1,,4,0,0,A,2,2,0,2,(1),(1),4,, -1,1,0,1,80,25,4,2021,14:05,1,63,63338,1,1,0,1,lieu chatelus,46.163492,2.846178,14,2,2
202100012635,179Â 127,B01,1,1,1,5,8,-1,-1,-1, -1,-1,2021,54.0,1,2,0,2,1,0,1,,4,CASTEUIL (RUE ALEXANDRE),0,,1,1,0,1,0,0,1,, -1,1,0,1,50,16,10,2021,13:10,1,83,83069,2,1,0,2,CASTEUIL (RUE ALEXANDRE),43.119082,6.127221,13,2,2
202100002973,196Â 459,B01,1,1,1,2,1,0,-1,-1, -1,-1,2021,20.0,2,2,9,2,8,15,1,,3,AV DE FONTAINEBLEAU ,0,,2,4,3,1,1,0,1,, -1,1,0,6,50,14,12,2021,13:30,1,94,94043,2,3,0,3,Avenue de Fontainebleau,48.81285,2.36133,13,3,2
202100021162,163Â 836,A01,1,1,1,1,2,-1,-1,0,0,-1,2021,42.0,1,1,0,2,1,13,1,,9,,-1,,2,3,0,1,2,0,1,, -1,1,0,1,50,2,9,2021,15:15,1,987,98715,2,1,0,1,Rond-point de MÃ©tÃ©o France,-17.584522,-149.568578,15,2,2
202100028763,150Â 310,A01,2,2,2,5,2,6,-1,0,0,-1,2021,63.0,1,1,0,2,8,1,1,,3,98,-1,,3,2,0,1,23,500,1,, -1,1,5,1,90,17,7,2021,10:55,1,83,83071,1,6,0,6,Rond Point des trois puits,43.146502,6.256679,10,7,2
202100017446,170Â 441,B01,1,1,1,1,2,6,-1,-1, -1,-1,2021,18.0,2,1,0,2,7,15,1,,4,HENRI BOUQUILLARD,0,,2,2,3,1,0,0,1,, -1,1,0,1,50,26,4,2021,19:00,1,58,58194,2,3,0,3,HENRI BOUQUILLARD,46.9957,3.1307,19,2,2
202100002175,197Â 900,A01,10,3,1,2,0,-1,-1,3,3,1,2021,12.0,1,2,0,1,2,1,2,,3,155,0,D,3,1,0,1,7,304,1,, -1,1,0,1,50,17,12,2021,15:00,1,76,76452,2,1,0,6,Rue AndrÃ© Martin,49.54421,1.073758,15,3,1
202100051346,109Â 892,B01,1,1,1,5,2,6,-1,0,0,-1,2021,17.0,2,1,0,0,4,1,1,,3,485,-1,,2,2,0,2,5,10,3,, -1,1,0,1,80,17,2,2021,16:15,1,42,42014,1,1,0,2,Route du Beaujolais,46.178865,4.406794,16,2,2
202100010148,183Â 559,B01,1,1,2,9,1,0,-1,-1, -1,-1,2021,49.0,1,2,0,2,1,1,1,,1,A87N,0,,3,5,0,1,1,0,1,, -1,2,0,1,70,30,10,2021,13:13,1,49,49267,2,1,0,4,A87N,47.4663,-0.51626,13,6,3
202100002256,197Â 751,A01,10,3,2,0,0,-1,-1,2,2,1,2021,72.0,3,2,0,1,3,21,1,,6,BATTAGE IMPASSE DU,0,,-1,0,0,1,1,0,2,, -1,1,0,8,20,18,12,2021,19:15,5,13,13047,2,1,0,3,BATTAGE IMPASSE DU,43.49997,4.97918,19,2,1
202100051690,109Â 299,Z01,10,3,2,5,0,-1,-1,1,3,2,2021,15.0,1,0,0,1,1,1,0,,4,GENEVIEVE BIANQUIS (RUE),0,,2,1,0,1,(1),(1),1,, -1,1,0,1,30,9,2,2021,17:03,1,21,21231,2,2,0,6,GENEVIEVE BIANQUIS (RUE),47.3380085492,5.0471093248,17,3,1
202100020876,164Â 334,A01,1,1,1,4,2,0,-1,-1, -1,-1,2021,21.0,1,1,0,0,1,1,1,,4,CHARLES BALTET (RUE),0,,2,2,0,1,(1),(1),1,, -1,1,0,1,50,1,9,2021,14:20,1,10,10333,2,1,0,7,CHARLES BALTET (RUE),48.2865,4.05591,14,1,1
202100018555,168Â 466,B01,4,2,2,5,1,0,-1,-1, -1,-1,2021,62.0,2,2,0,2,4,15,1,,4,PHALSBOURG (RUE DE),0,,2,2,0,1,(1),(1),1,, -1,1,0,1,50,15,9,2021,19:15,1,62,62193,2,9,0,2,PHALSBOURG (RUE DE),50.95671,1.87514,19,8,2
202100026222,154Â 831,A01,1,1,2,5,2,6,9,0,0,-1,2021,29.0,3,1,0,2,1,13,1,,2,7,-1,,-1,2,0,1,(1),(1),1,, -1,1,0,8,70,1,8,2021,00:15,3,978,97801,1,1,0,5,N7- route de bellevue,18.052357,-63.085856,0,6,5
202100055061,103Â 391,A01,2,1,1,1,8,0,-1,-1, -1,-1,2021,50.0,1,0,0,2,3,17,3,,4,PUITS DE BRUNET (CHEMIN DU),0,,2,2,0,2,0,0,1,, -1,1,0,1,30,14,1,2021,08:00,1,13,13028,2,1,0,3,PUITS DE BRUNET (CHEMIN DU),43.18386,5.5986,8,2,2
202100052414,108Â 023,B01,1,1,2,0,1,0,-1,-1, -1,-1,2021,26.0,2,2,0,2,7,1,1,,3,R D 900,0,,3,6,0,1,20,135,1,, -1,1,0,1,110,4,2,2021,16:35,1,66,66136,1,1,0,3,R D 900,42.71758,2.87355,16,2,2
202100028333,151Â 051,A01,10,3,1,3,8,8,-1,1,3,1,2021,98.0,2,2,0,1,4,20,1,,3,PARIS (RUE DE),0,,2,2,0,1,0,0,1,, -1,1,0,1,50,18,7,2021,11:13,1,93,93048,2,1,0,2,PARIS (RUE DE),48.85643,2.42685,11,2,1
202100009345,185Â 002,A01,1,1,1,5,1,-1,-1,0,0,-1,2021,21.0,1,2,15,0,1,1,1,,3,1006,-1,,2,1,0,1,51,973,1,,3,2,2,8,50,6,11,2021,05:00,5,38,38315,2,3,0,6,13 Rue Gambetta,45.535998,5.67225,5,1,1
202100004237,194Â 176,B01,1,1,1,1,2,6,-1,-1, -1,-1,2021,17.0,2,1,0,0,4,1,1,,3,,0,,2,2,0,1,50,970,1,, -1,1,0,1,80,5,12,2021,00:25,3,71,71040,1,1,0,2,MONTCENIS (ROUTE DE),46.721063,4.377512,0,2,2
202100012732,178Â 960,A01,1,1,1,5,2,6,9,0,0,-1,2021,49.0,3,1,2,0,1,13,1,,4,,-1,,-1,2,0,1,(1),(1),1,, -1,9,0,3,50,17,10,2021,12:30,1,18,18001,1,1,0,6,les petites fougeres,47.269373,2.438825,12,1,1
202100046857,118Â 022,A01,1,1,2,4,1,-1,-1,-1, -1,-1,2021,26.0,2,2,0,2,1,1,1,,2,ROUTE NATIONALE 89,0,,3,5,0,1,49,860,1,, -1,1,3,1,50,24,3,2021,11:25,1,33,33013,1,1,0,4,Route Nationale 89,44.868642,-0.501452,11,3,3
202100035430,138Â 385,A01,2,2,2,0,2,6,-1,-1, -1,-1,2021,50.0,1,1,0,2,1,3,1,,1,A13,0,,-1,2,0,1,21,801,1,, -1,1,0,1,110,10,6,2021,11:55,1,78,78133,1,1,0,6,A13,48.894515,2.007691,11,3,2
202100026085,155Â 063,A01,1,1,1,5,0,-1,-1,0,0,-1,2021,69.0,3,1,0,0,0,1,5,,4, -,0, -,2,2,0,2,(1),(1),3,, -1,8,0,1,50,31,7,2021,17:00,1,69,69101,2,1,1,7,BOIS DE SOUL (DU) (CHM),45.9798374927,4.6294417977,17,1,1
202100025509,156Â 070,A01,2,2,1,5,1,-1,-1,0,0,-1,2021,16.0,1,2,0,2,7,1,1,,1,75,0,A,3,4,0,2,77,900,1,, -1,1,0,1,130,6,8,2021,07:35,2,15,15207,1,1,0,2,A75,45.168566,3.160887,7,10,2
202100036989,135Â 581,B01,1,1,1,0,2,6,-1,-1, -1,-1,2021,42.0,3,1,0,2,1,1,1,,3,TREMBLAY (AVENUE DU),0,,2,2,0,1,1,900,1,, -1,1,0,1,50,31,5,2021,12:10,1,60,60175,2,1,0,3,Avenue du Tremblay,49.2701311957,2.4945061538,12,2,2
202100028525,150Â 729,A01,1,1,1,5,2,6,9,0,0,-1,2021,54.0,2,1,15,0,2,1,1,,3,468,-1,,2,2,0,1,58,600,1,, -1,1,0,3,70,18,7,2021,17:55,1,67,67281,1,1,0,7,D468,48.136774,7.543981,17,1,1
202100029485,149Â 087,B01,2,2,2,5,1,-1,-1,0,0,-1,2021,61.0,1,2,0,0,7,1,1,,3,30,-1,,2,2,0,1,6,40,1,, -1,1,0,1,-1,11,7,2021,14:30,1,86,86150,1,2,0,3,Intersection D30 / D738,46.744919,0.042272,14,4,2
202100001872,198Â 447,A01,10,3,2,1,0,-1,-1,4,3,1,2021,18.0,1,2,0,1,3,26,1,,4,ROMANERIE BOULEVARD,0,,3,2,0,1,1,0,1,, -1,1,0,1,50,21,12,2021,12:11,1,49,49267,2,1,0,6,ROMANERIE BOULEVARD,47.4825469938,-0.5028090478,12,2,1
202100036992,135Â 574,A01,2,2,2,5,2,8,-1,-1, -1,-1,2021,67.0,1,1,0,2,1,2,1,,3,ROUTE DEPARTEMENTALE 152,0,,2,2,0,1,1,1,1,, -1,1,0,1,70,30,5,2021,16:50,1,56,56107,1,6,0,2,Rond-point de Kerfornet,47.7111914,-3.3957865,16,3,2
202100048742,114Â 638,A01,1,1,2,5,1,-1,-1,0,0,-1,2021,75.0,1,2,0,2,1,1,1,,3,939,2,,2,2,0,1,1,374,1,, -1,1,0,1,50,1,2,2021,16:45,1,17,17434,2,2,0,3,Rue du Beurre,46.113687,-0.749103,16,3,2
202100030207,147Â 773,B01,1,1,1,5,3,6,-1,-1, -1,-1,2021,29.0,1,1,0,2,8,1,1,,4,Corniche John FitzgÃ©rald Kennedy,0,,2,2,0,1,0,0,1,, -1,1,0,1,50,7,7,2021,00:15,5,13,13207,2,3,0,3,Corniche John FitzgÃ©rald Kennedy,43.28367,5.35305,0,3,2
202100016259,172Â 571,A01,1,1,1,2,8,0,-1,-1, -1,-1,2021,15.0,2,1,0,2,3,15,3,,3,ARISTIDE BRIAND (BOULEVARD),0,,2,2,1,1,0,1,1,, -1,2,0,1,30,29,9,2021,08:45,1,93,93048,2,5,1,2,Boulevard Aristide Briand / Rue de Romainville,48.86826,2.44699,8,2,2
202100017472,170Â 391,B01,1,1,1,1,2,6,-1,-1, -1,-1,2021,52.0,1,1,0,2,1,1,1,,3,72,0,,2,2,0,1,9,520,1,0,"4,4",1,0,1,50,22,9,2021,18:30,2,16,16291,2,1,0,2,,45.68208,0.219946,18,2,2
202100016709,171Â 752,B01,1,1,2,3,2,6,-1,0,0,-1,2021,61.0,2,1,0,2,3,1,1,,3,21,0,,2,2,0,3,1,320,1,,4,1,0,1,50,27,9,2021,08:30,2,71,71263,2,3,0,5,86 Rue de Beaufort,46.6239962887,5.2421968376,8,4,3
202100004000,194Â 596,A01,1,1,1,0,2,0,-1,-1, -1,-1,2021,24.0,2,1,0,2,1,1,0,,3,EISENHOWER AV DU GENERAL,0,,2,2,0,2,27,430,1,, -1,2,5,1,30,7,12,2021,20:00,5,78,78498,2,2,1,3,EISENHOWER AV DU GENERAL,48.92643,2.05125,20,2,2
202100030408,147Â 413,A01,1,1,1,9,2,6,-1,0,0,-1,2021,31.0,3,1,0,2,1,9,1,,4,RUE DES ARDENNES,0,,1,1,0,1,(1),(1),1,, -1,1,0,1,50,6,7,2021,15:30,1,75,75119,2,3,0,3,RUE DES ARDENNES,48.888797,2.385935,15,2,2
202100022866,160Â 746,A01,1,1,1,5,2,-1,-1,0,0,-1,2021,69.0,1,1,0,2,6,1,5,,3,93,-1,,2,2,0,2,15,300,3,,3,1,0,1,50,19,8,2021,17:25,1,45,45210,2,3,0,3,D93,47.857076,2.824628,17,2,2
202100047961,116Â 009,B01,3,2,2,1,8,0,-1,-1, -1,-1,2021,47.0,3,3,1,0,5,24,1,2.0,4,LEDRU ROLLIN (AV),0,,2,2,0,1,1,0,1,, -1,2,0,1,30,15,3,2021,07:00,2,94,94058,2,1,1,2,LEDRU ROLLIN (AV),48.83826,2.49468,7,3,2
202100021217,163Â 736,A01,1,1,1,0,8,-1,-1,-1, -1,-1,2021,16.0,1,1,0,2,7,9,0,,4,JEAN JAURES                         (AV),0,,2,4,2,1,(1),(1),1,, -1,1,5,1,50,2,9,2021,19:53,1,69,69199,2,2,0,3,JEAN JAURES (AV),45.71205,4.8551,19,2,2
202100047325,117Â 175,B01,2,2,2,0,1,-1,-1,-1, -1,-1,2021,46.0,3,2,0,2,3,1,1,,4,FRERES PERRET                       (AV),0,,-1,0,0,1,(1),(1),1,, -1,1,0,1,50,19,3,2021,11:30,1,69,69199,2,1,0,3,FRERES PERRET                       (AV),45.69443,4.84432,11,3,2
202100017584,170Â 193,A01,1,1,1,4,1,-1,-1,0,0,-1,2021,37.0,1,4,12,0,8,2,1,,3,,0,,3,2,0,1,19,800,3,,7,1,0,1,70,21,9,2021,13:25,1,27,27022,1,6,0,7,Route Departementale 6015 PR 19+800,49.167591,1.301236,13,1,1
202100019722,166Â 389,A01,1,1,1,1,2,6,-1,0,0,-1,2021,48.0,1,1,0,2,2,17,1,,4,ALLEE DE LA REINE MARGUERITE,0,,2,2,0,1,(1),(1),3,, -1,1,0,1,50,9,9,2021,17:27,1,75,75116,2,1,0,3,ALLEE DE LA REINE MARGUERITE,48.852553,2.241642,17,2,2
202100020810,164Â 446,A01,1,1,1,0,1,0,-1,-1, -1,-1,2021,55.0,1,2,0,2,2,2,1,,1,6,0,,3,6,0,1,25,100,1,, -1,1,0,1,110,5,9,2021,14:20,1,91,91521,1,1,0,2,AUTOROUTE A6,48.637599,2.397644,14,2,2
202100043397,124Â 093,C01,1,1,1,5,8,0,-1,-1, -1,-1,2021,59.0,1,2,0,2,4,1,1,,1,A55-Sens Marseille vers Martigues,0,,-1,2,0,1,22,100,1,, -1,1,0,1,110,19,4,2021,16:26,1,13,13033,1,1,0,5,A55-Sens Marseille vers Martigues,43.37474,5.19763,16,3,3
202100007281,188Â 736,B01,1,1,2,5,1,0,-1,0,0,-1,2021,68.0,2,2,0,2,8,0,1,,3,LEZAN (route de ),0,,2,2,0,1,18,850,1,, -1,1,0,1,70,19,11,2021,13:35,1,30,30243,1,3,0,3,Chemin des Vignes,44.076730512,4.0715389251,13,2,2
202100050256,111Â 887,A01,10,3,1,5,0,-1,-1,9,3,1,2021,51.0,0,2,0,1,0,1,1,,6,0,0,A,-1,-1,0,1,0,0,1,, -1,1,0,8,30,25,2,2021,16:00,1,49,49018,2,7,0,7,5 Rue de la GirouardiÃ¨re,47.540892,-0.104803,16,2,1
202100014878,175Â 119,A01,7,2,2,9,1,-1,-1,0,0,-1,2021,9.0,1,2,2,0,8,1,1,,3,978,0,,2,2,0,2,28,480,3,, -1,1,0,3,90,6,10,2021,18:00,2,19,19125,1,1,0,6,D978,45.276155,1.996808,18,2,1
202100003533,195Â 429,A01,1,1,1,5,8,0,-1,-1, -1,-1,2021,30.0,1,1,0,2,2,7,5,,4,RUE SAINTE CECILE,0,,2,2,0,1,0,0,1,, -1,1,0,1,50,9,12,2021,22:45,5,988,98818,2,1,0,3,RUE SAINTE CECILE,-22.25977,166.44644,22,2,2