Num_Acc,id_vehicule,num_veh,place,catu,sexe,trajet,secu1,secu2,secu3,locp,actp,etatp,year_acc,victim_age,senc,catv,obs,obsm,choc,manv,motor,occutc,catr,voie,v1,v2,circ,nbv,vosp,prof,pr,pr1,plan,lartpc,larrout,surf,infra,situ,vma,jour,mois,an,hrmn,lum,dep,com,agg_,int,atm,col,adr,lat,long,hour,nb_victim,nb_vehicules
202100039515,130Â 970,A01,1,1,2,0,0,-1,-1,0,0,-1,2021,62.0,3,5,0,2,8,19,1,,3,68,0,,2,2,0,1,2,550,1,, -1,1,0,1,80,18,5,2021,20:33,1,37,37086,1,2,0,3,La RobiniÃ¨re,47.4952995074,0.336070903,20,2,2
202100028235,151Â 222,A01,2,2,2,5,1,-1,-1,0,0,-1,2021,25.0,1,2,0,2,2,14,1,,1,10,-1,,3,2,0,1,321,0,1,,"10,5",1,0,1,130,19,7,2021,12:50,1,86,86083,1,1,0,2,A10,46.507657,0.181364,12,3,2
202100041081,128Â 179,A01,10,3,1,2,8,8,-1,2,3,1,2021,11.0,2,2,0,1,1,21,1,,4,,0,,1,1,0,1,(1),(1),1,, -1,2,0,1,30,6,5,2021,15:55,1,69,69266,2,1,1,6,TOLSTOI (CR),45.75982,4.88941,15,2,1
202100019816,166Â 225,A01,3,2,1,0,1,0,-1,-1, -1,-1,2021,11.0,2,2,0,2,1,2,1,,1,A13,0,,-1,3,0,1,26,600,1,, -1,1,0,1,110,10,9,2021,07:55,1,78,78672,1,1,0,2,A13,48.92981,1.98388,7,3,2
202100055934,101Â 899,A01,1,1,2,1,2,6,-1,-1, -1,-1,2021,42.0,3,1,0,0,7,1,1,,4,BEAUREGARD (RUE DE),0,,2,1,0,1,0,0,1,, -1,1,0,1,50,7,1,2021,13:20,1,7,7102,2,1,0,7,BEAUREGARD (RUE DE),44.92862,4.87219,13,1,1
202100004839,193Â 137,A01,1,1,1,5,8,-1,-1,0,0,-1,2021,32.0,2,2,6,0,1,1,1,,3,991,-1,,2,2,0,2,16,447,2,, -1,2,0,8,30,4,12,2021,04:50,5,73,73085,2,3,1,6,1337 Route d Aix,45.79851,5.858969,4,1,1
202100052412,108Â 027,B01,1,1,2,1,8,8,-1,-1, -1,-1,2021,35.0,1,1,0,2,1,1,5,,4,BISCHWILLER (ROUTE DE),0,,2,2,1,1,0,0,2,, -1,1,0,1,40,5,2,2021,18:00,5,67,67447,2,1,0,6,BISCHWILLER (ROUTE DE),48.609119,7.750413,18,2,2
202100041811,126Â 873,B01,1,1,1,5,8,0,-1,0,0,-1,2021,21.0,1,1,0,2,1,1,5,,4,RUE DU MONT CENIS,0,,1,2,0,2,(1),(1),1,, -1,1,0,1,30,1,5,2021,09:00,1,75,75118,2,2,0,3,RUE DU MONT CENIS,48.891213,2.343641,9,2,2
202100016414,172Â 296,A01,3,2,1,9,0,-1,-1,0,0,-1,2021,20.0,1,4,0,0,2,1,1,,4,19,-1,D,2,2,0,2,(1),(1),1,, -1,1,0,1,50,29,9,2021,14:10,1,34,34324,2,1,0,7,Avenue Charles Cauquil,43.2554052451,3.2860601912,14,3,1
202100018970,167Â 729,B01,1,1,1,5,1,-1,-1,0,0,-1,2021,27.0,1,2,0,2,2,1,1,,3,COTY (Boulevard du PrÃ©sident renÃ©),0,,2,2,0,1,1,70,1,, -1,1,0,1,70,14,9,2021,08:55,1,26,26198,2,2,0,3,91 Chemin de Ravaly,44.534753,4.758856,8,2,2
202100030776,146Â 750,A01,1,1,1,0,2,8,-1,-1, -1,-1,2021,51.0,2,1,0,2,8,3,1,,2,RN4 - SECTION RIVIERA,0,,2,2,0,1,(1),(1),1,, -1,1,0,1,70,29,6,2021,07:15,1,971,97113,1,1,0,6,RN4 - SECTION RIVIERA,16.2168,-61.48183,7,1,1
202100019863,166Â 136,A01,10,3,2,1,0,-1,-1,3,3,1,2021,19.0,2,2,0,1,1,16,1,,3,RESISTANCE (PLACE DE LA),0,,1,1,2,1,0,0,2,, -1,1,0,1,50,7,9,2021,08:50,1,49,49328,2,6,0,6,RESISTANCE (PLACE DE LA),47.2672426231,-0.0697253644,8,2,1
202100009521,184Â 692,A01,1,1,1,5,2,6,-1,0,0,-1,2021,29.0,2,1,0,0,0,1,1,,3,675,0,,1,1,0,1,33,500,2,, -1,2,0,1,70,4,11,2021,23:00,3,14,14203,1,6,1,7,D675,49.23745,-0.07319111,23,1,1
202100050019,112Â 335,A01,10,3,2,0,0,-1,-1,4,3,1,2021,54.0,1,2,0,1,7,1,1,,7,POINCARE (RUE HENRI),0,,1,2,0,1,(1),(1),1,, -1,1,0,1,50,26,2,2021,12:45,1,54,54395,2,2,0,6,POINCARE (RUE HENRI),48.690031713,6.1718102172,12,2,1
202100044749,121Â 729,A01,1,1,1,3,1,-1,-1,0,0,-1,2021,53.0,1,2,0,2,3,11,1,,3,1079,0,,2,3,0,1,16,340,1,, -1,1,5,1,80,8,4,2021,15:30,1,1,1115,1,2,0,5,D1079,46.259734,5.036716,15,4,3
202100002070,198Â 097,B01,1,1,1,5,0,-1,-1,0,0,-1,2021,81.0,1,1,0,9,1,2,5,,3,930,0,,2,2,0,1,36,800,1,, -1,1,0,1,50,21,12,2021,16:07,1,32,32107,2,1,0,6,Avenue d Aquitaine,43.959405,0.367768,16,2,2
202100043272,124Â 316,A01,1,1,1,5,2,6,9,0,0,-1,2021,47.0,1,1,0,6,1,1,1,,3,43,0,D,2,2,0,2,12,900,1,, -1,1,0,1,70,21,4,2021,07:00,2,95,95253,1,1,0,6,D43,49.055701,1.86803,7,1,1
202100001409,199Â 258,A01,1,1,2,5,1,-1,-1,0,0,-1,2021,81.0,1,2,2,2,2,14,1,,2,85,-1,,2,2,0,1,18,100,1,, -1,2,0,1,80,25,12,2021,17:30,2,4,4013,1,1,0,1,RN 85,44.113534,5.996883,17,2,2
202100008697,186Â 191,A01,10,3,1,9,0,-1,-1,8,4,2,2021,1.0,3,2,0,1,1,26,1,,4,RUE DU GRAND NOYER,0,,2,1,0,1,0,0,1,, -1,2,9,8,20,7,11,2021,10:15,1,77,77053,2,1,0,6,20 ALLEE DU GRAND NOYER,48.68457,2.602386,10,2,1
202100035653,137Â 984,A01,1,1,1,1,2,0,-1,-1, -1,-1,2021,36.0,1,1,0,2,1,2,1,,1,AUTOROUTE A6,0,,1,3,0,1,16,260,1,, -1,1,0,1,110,9,6,2021,07:50,1,91,91216,1,1,0,2,AUTOROUTE A6,48.68309,2.32913,7,2,2
202100037635,134Â 386,A01,10,3,2,5,0,-1,-1,2,5,1,2021,8.0,2,2,0,1,1,1,1,,3,ROCHES (RUE DES),0,,2,2,0,1,1,0,1,, -1,1,0,1,30,29,5,2021,16:15,1,93,93048,2,1,0,6,Boulevard de la BoissiÃ¨re,48.8769139428,2.4648749828,16,2,1
202100022729,160Â 972,A01,10,3,1,3,8,8,-1,3,3,1,2021,65.0,1,2,0,1,0,15,0,,4,CARTIER (RUE JACQUES),0,,2,2,0,1,1,0,2,, -1,1,6,1,50,18,8,2021,13:23,1,22,22113,2,3,0,6,CARTIER (RUE JACQUES),48.73109,-3.44669,13,2,1
202100006006,191Â 060,A01,1,1,2,1,2,6,-1,-1, -1,-1,2021,29.0,2,1,1,2,0,21,1,,3,PRESIDENT SALVADOR ALLENDE (AV DU),0,,2,2,0,1,1,0,1,, -1,2,0,1,50,27,11,2021,14:40,1,94,94003,2,2,1,7,Av du President Salvador Allende,48.81051,2.33049,14,1,1
202100052046,108Â 684,A01,10,3,2,3,0,-1,-1,5,3,-1,2021,62.0,2,2,0,1,4,20,1,,3,AV DE STALINGRAD ,0,,2,2,0,1,1,0,1,, -1,1,0,4,50,8,2,2021,18:50,5,94,94076,2,1,0,6,Avenue de Stalingrad,48.78784,2.3668,18,2,1
202100020303,165Â 345,B01,5,2,2,5,1,7,-1,0,0,-1,2021,11.0,3,2,0,2,1,1,1,,4,PAGNOL (RUE MARCEL),0,,2,2,0,1,(1),(1),1,, -1,1,0,1,50,7,9,2021,08:15,1,27,27299,2,1,0,3,PAGNOL (RUE MARCEL),49.0436360972,1.1576142988,8,4,2
202100024647,157Â 603,B01,1,1,2,1,8,0,-1,-1, -1,-1,2021,53.0,1,1,0,2,1,1,0,,3,15,0,,2,2,2,1,0,0,1,, -1,1,0,5,50,1,7,2021,17:00,1,92,92004,2,3,0,3,VOLTAIRE  ( BD 01 A 15 ),48.916567738,2.2890213132,17,2,2
202100027572,152Â 438,A01,1,1,1,5,8,0,-1,0,0,-1,2021,24.0,3,1,0,2,3,19,3,,4,BOULEVARD POISSONNIERE,0,,2,5,3,1,(1),(1),1,, -1,1,0,1,30,22,7,2021,06:00,1,75,75109,2,2,0,3,BOULEVARD POISSONNIERE,48.871501,2.343064,6,2,2
202100028707,150Â 405,A01,1,1,2,1,1,8,-1,-1, -1,-1,2021,19.0,1,2,0,2,8,9,1,,6,,0,,-1,-1,0,1,0,0,1,, -1,1,9,8,10,15,7,2021,18:19,1,92,92078,2,1,0,3,GALLIENI (BD) (1 A 79 ET 22 A 102),48.9262095571,2.3285490274,18,3,2
202100030759,146Â 778,B01,1,1,1,0,1,-1,-1,-1, -1,-1,2021,43.0,1,2,0,2,4,2,1,,4,MARGNOLLES (DE)                     (R ),0,,-1,2,0,1,(1),(1),1,, -1,1,0,1,50,4,7,2021,16:30,1,69,69034,2,1,0,2,MARGNOLLES (DE) (R),45.7887497487,4.8447688169,16,2,2
202100023751,159Â 163,A01,7,2,2,1,8,0,-1,-1, -1,-1,2021,63.0,2,3,0,2,3,2,1,2.0,3,JEAN LOLIVE (AVENUE)(137/FIN ET 134/FIN),0,,2,0,3,1,0,0,1,, -1,1,0,1,50,17,8,2021,17:40,1,93,93055,2,1,0,3,JEAN LOLIVE (AVENUE)(137/FIN ET 134/FIN),48.89445,2.41982,17,3,2
202100042707,125Â 292,A01,2,2,2,5,2,6,-1,0,0,-1,2021,30.0,2,1,0,2,1,1,1,,4,BOULEVARD DU PALAIS,0,,2,4,0,1,(1),(1),1,, -1,1,0,1,50,24,4,2021,16:26,1,75,75101,2,3,0,2,BOULEVARD DU PALAIS,48.855407,2.345958,16,3,2
202100048459,115Â 140,A01,10,3,2,5,0,-1,-1,3,3,1,2021,66.0,2,2,12,1,9,23,2,,7,19,0,M,3,4,0,1,5,(1),1,, -1,1,0,1,50,12,3,2021,13:40,1,6,6114,2,1,0,6,5 Quai de la Banquiere,43.73441,7.286628,13,3,2
202100017386,170Â 558,B01,1,1,1,0,1,0,-1,-1, -1,-1,2021,37.0,1,2,0,2,8,11,1,,1,AUTOROUTE A3,0,,3,6,0,1,13,500,1,, -1,1,0,1,90,23,9,2021,09:25,1,93,93005,1,1,0,3,AUTOROUTE A3,48.95435,2.47356,9,2,2
202100012971,178Â 554,A01,1,1,1,5,2,6,-1,0,0,-1,2021,26.0,2,1,0,0,0,0,5,,3,913,0,,2,2,0,1,14,150,1,, -1,1,0,1,80,15,10,2021,19:30,2,78,78246,1,1,0,2,D913,49.035566,1.742993,19,2,2
202100051367,109Â 861,A01,1,1,1,5,1,-1,-1,0,0,-1,2021,34.0,2,2,13,0,4,2,1,,3,1044,0,,2,2,0,1,75,800,1,, -1,1,0,3,80,17,2,2021,02:51,3,2,2309,1,1,0,6,D1044,49.535264,3.751574,2,2,1
202100046851,118Â 032,A01,1,1,1,5,1,-1,-1,0,0,-1,2021,48.0,2,2,0,2,2,21,1,,3,5,-1,D,2,2,0,1,50,576,1,, -1,1,0,1,80,24,3,2021,15:07,1,33,33019,1,1,0,3,,44.730927,-0.89412,15,2,2
202100000393,201Â 002,B01,2,1,1,5,8,0,-1,-1, -1,-1,2021,26.0,3,1,0,2,8,1,1,,4,AVENUE DE WERTHEIM,0,,2,3,0,1,0,0,1,, -1,1,0,1,50,14,11,2021,13:50,2,13,13103,2,1,0,3,AVENUE DE WERTHEIM,43.6476136463,5.0978875071,13,2,2
202100040824,128Â 655,A01,1,1,1,5,2,-1,-1,0,0,-1,2021,42.0,2,1,0,0,0,21,6,,3,57,0,,2,2,0,2,8,100,2,, -1,1,0,1,80,9,5,2021,10:30,1,30,30236,1,1,0,7,DÃ©partementale 57,44.046423,3.87054,10,1,1
202100050315,111Â 766,B01,1,1,1,1,8,-1,-1,-1, -1,-1,2021,48.0,1,1,0,2,7,19,6,,3,LIMOGES (AVENUE DE) 2 A 84 et 1 A 73,0,,2,2,0,1,59,250,1,,"9,5",1,0,1,50,24,2,2021,12:10,1,79,79191,2,3,0,3,Rue du 14 Juillet,46.32223,-0.45685,12,2,2
202100018093,169Â 287,B01,1,1,1,0,2,0,-1,-1, -1,-1,2021,29.0,1,1,0,2,1,3,1,,1,AUTOROUTE A86,0,,1,3,0,1,21,0,1,, -1,1,1,1,90,19,9,2021,20:15,5,93,93008,1,1,0,2,AUTOROUTE A86,48.90862,2.45148,20,2,2
202100041758,126Â 966,A01,10,3,1,0,0,-1,-1,2,3,1,2021,63.0,1,1,0,1,1,0,1,,4,CAMUS (RUE ALBERT),0,,2,2,0,1,(1),(1),1,, -1,1,0,1,50,20,4,2021,16:40,1,68,68056,2,1,0,6,CAMUS (RUE ALBERT),47.7284916101,7.2981794178,16,2,1
202100053327,106Â 401,B01,1,1,1,9,8,0,-1,-1, -1,-1,2021,79.0,3,1,0,2,1,26,0,,3,231,0,,1,2,0,1,50,356,1,, -1,2,0,1,70,27,1,2021,19:15,5,77,77307,1,3,1,3,RTE DE PROVINS,48.85436,2.75868,19,2,2
202100023811,159Â 060,A01,2,2,2,5,1,-1,-1,0,0,-1,2021,11.0,0,2,2,0,2,1,1,,4,,0,,2,2,0,1,(1),(1),2,,4,1,0,3,80,17,8,2021,20:30,2,13,13049,1,1,1,1,RD538,43.708509,5.084184,20,3,1
202100044105,122Â 839,A01,1,1,2,0,1,0,-1,-1, -1,-1,2021,25.0,2,2,0,2,3,11,1,,1,AUTOROUTE A6A,0,,1,3,0,2,8,751,1,, -1,1,0,1,110,14,4,2021,11:00,1,91,91689,1,1,0,3,AUTOROUTE A6A,48.74492,2.32292,11,2,2
202100034473,140Â 104,B01,1,1,1,5,2,-1,-1,0,0,-1,2021,48.0,1,1,0,0,0,21,5,,3,765,0,,2,2,0,4,100,180,1,, -1,1,5,1,70,13,6,2021,08:45,1,56,56078,1,3,1,7,Route de Keranna,47.795485,-3.465285,8,2,2
202100030520,147Â 206,A01,10,3,2,5,0,-1,-1,4,3,2,2021,39.0,3,4,0,1,8,26,1,,7,HUGO VICTOR RUE,0,,2,2,0,1,(1),(1),1,, -1,1,0,8,50,1,7,2021,12:20,1,59,59350,2,1,0,6,HUGO VICTOR RUE,50.63205,3.00713,12,3,1
202100022753,160Â 928,B01,2,2,1,5,2,6,-1,-1, -1,-1,2021,17.0,1,1,0,2,2,1,1,,3,AV YOURI GAGARINE ,0,,1,2,0,1,1,0,1,, -1,1,0,1,50,24,8,2021,18:20,1,94,94081,2,1,0,3,Avenue Youri Gagarine,48.7870745994,2.3911921388,18,3,2
202100004801,193Â 197,B01,1,1,2,0,2,6,-1,0,0,-1,2021,57.0,0,1,0,2,4,2,1,,4,GRENOUILLERES (AV. DES),0,,1,1,0,1,(1),(1),1,, -1,1,0,1,50,3,12,2021,08:48,1,6,6088,2,1,0,2,GRENOUILLERES (AV. DES),43.667169,7.216657,8,3,2
202100006480,190Â 219,B01,1,1,1,1,0,-1,-1,0,0,-1,2021,49.0,0,1,0,2,4,2,0,,4,SURIEGES (ALLEE DE),0,,-1,2,0,1,0,0,1,, -1,1,0,1,50,24,11,2021,16:15,1,93,93071,1,1,0,2,SURIEGES (ALLEE DE),48.9298212021,2.5147832086,16,2,2
202100033668,141Â 580,B01,1,1,1,9,8,0,-1,-1, -1,-1,2021,43.0,2,1,0,2,7,12,0,,3,ROBESPIERRE (RUE),0,,2,2,0,1,1,0,1,, -1,1,0,1,30,18,6,2021,18:30,1,93,93048,2,7,0,3,Rue Robespierre / Place de la Republique,48.85361,2.42351,18,2,2
202100000846,200Â 221,A01,10,3,2,0,0,-1,-1,3,3,1,2021,23.0,3,2,0,1,2,26,1,,4,ARISTIDE BRIAND (RUE),0,,2,2,0,1,0,0,1,, -1,2,0,1,30,29,12,2021,15:50,1,91,91549,2,1,1,6,ARISTIDE BRIAND (RUE),48.63363,2.331921,15,2,1
202100014229,176Â 255,B01,1,1,2,9,1,0,-1,-1, -1,-1,2021,34.0,-1,2,0,2,8,14,1,,3,ROBERT SCHUMAN (CARREFOUR),0,,1,1,1,1,0,1,3,, -1,1,0,1,50,8,10,2021,15:30,1,93,93005,2,1,0,5,ROBERT SCHUMAN (CARREFOUR),48.94832,2.51688,15,3,3
202100014020,176Â 640,A01,1,1,1,9,2,6,-1,0,0,-1,2021,67.0,1,1,0,2,2,17,1,,4,BOULEVARD HAUSSMANN,0,,2,5,0,1,(1),(1),1,, -1,1,0,1,30,10,10,2021,15:50,1,75,75108,2,3,0,3,BOULEVARD HAUSSMANN,48.87525,2.314786,15,2,2
202100040408,129Â 382,B01,1,1,1,5,2,-1,-1,0,0,-1,2021,16.0,1,1,0,0,4,2,1,,3,130,0,,2,2,0,1,23,550,1,, -1,1,0,1,80,12,5,2021,15:10,1,60,60189,1,1,0,2,D130,49.540884,3.106275,15,2,2
202100053518,106Â 053,A01,1,1,2,3,1,-1,-1,0,0,-1,2021,64.0,2,2,2,0,8,1,1,,3,28,0,D,2,2,0,2,27,500,3,, -1,7,0,1,80,27,1,2021,10:10,1,63,63007,1,1,0,6,ZaniÃ¨re,45.37679486,3.13359886,10,1,1
202100016387,172Â 341,A01,1,1,1,0,2,6,-1,-1, -1,-1,2021,40.0,1,1,0,2,1,2,1,,3,50,0,,2,2,0,1,0,0,1,, -1,1,0,1,50,28,9,2021,15:00,1,92,92012,2,1,0,2,ANDRE MORIZET (AVENUE) 1/47 - 2/52,48.83515,2.24108,15,2,2
202100049209,113Â 794,A01,1,1,1,0,2,0,-1,-1, -1,-1,2021,50.0,2,1,0,2,3,12,1,,1,AUTOROUTE A3,0,,3,10,0,1,6,99,3,, -1,1,0,1,90,5,3,2021,11:10,1,93,93010,1,1,0,5,AUTOROUTE A3,48.89024,2.47357,11,3,3
202100018499,168Â 567,A01,1,1,1,5,0,-1,-1,0,0,-1,2021,36.0,2,2,0,0,2,11,1,,2,7,0,,2,3,0,1,109,530,1,, -1,1,0,8,80,18,9,2021,02:25,3,26,26235,1,1,0,7,Route Nationale 7,44.400456,4.704809,2,1,1
202100008865,185Â 895,A01,1,1,1,5,2,0,-1,-1, -1,-1,2021,29.0,2,1,0,2,8,9,1,,3,920,0,,3,4,1,1,0,0,1,, -1,1,0,8,50,8,11,2021,09:20,1,92,92014,2,1,0,2,GENERAL LECLERC (AV.) (135 A FIN - 134 A,48.77427,2.31331,9,2,2
202100048681,114Â 738,B01,1,1,1,5,1,0,-1,-1, -1,-1,2021,72.0,1,2,0,2,3,15,1,,3,MONTUPET (CHEMIN DE),0,,2,2,0,2,2,70,1,, -1,1,0,1,70,4,2,2021,17:00,1,19,19275,1,2,0,3,MONTUPET (CHEMIN DE),45.57029,2.30304,17,2,2
202100026752,153Â 904,B01,1,1,2,5,2,6,-1,0,0,-1,2021,51.0,1,1,0,2,7,17,1,,3,558,-1,,2,2,0,2,13,100,1,, -1,1,0,1,70,25,7,2021,09:45,1,83,83063,1,1,0,3,Route Departementale 558,43.3324969609,6.4487997206,9,2,2
202100018852,167Â 948,A01,1,1,1,5,1,-1,-1,0,0,-1,2021,40.0,2,2,13,0,2,14,1,,3,579,-1,,2,2,0,1,6,750,2,, -1,1,0,3,90,15,9,2021,12:30,1,14,14578,1,1,0,6,D579,49.355213,0.195968,12,1,1
202100011553,181Â 068,A01,10,3,1,5,0,-1,-1,8,1,2,2021,78.0,0,1,0,1,1,1,3,,4,BOISGUILBERT. QUAI DE,0,,1,1,0,1,0,0,1,, -1,1,0,1,30,22,10,2021,15:59,1,76,76540,2,1,0,6,BOISGUILBERT. QUAI DE,49.44207,1.07762,15,4,1
202100011941,180Â 382,A01,1,1,1,1,2,6,-1,-1, -1,-1,2021,39.0,1,1,14,0,2,1,1,,1,A43   9.894 A 13.029,0,,3,4,0,1,10,500,1,, -1,1,0,1,130,20,10,2021,18:30,1,69,69287,1,1,0,6,A43   9.894 A 13.029,45.6828357277,5.0114822388,18,1,1
202100022035,162Â 243,A01,1,1,2,0,1,0,-1,-1, -1,-1,2021,24.0,1,2,0,2,4,1,1,,1,A50-Sens Toulon vers Aubagne,0,,1,3,0,1,30,600,1,, -1,1,0,8,110,27,8,2021,17:25,1,13,13085,1,1,0,2,A50-Sens Toulon vers Aubagne,43.2448510369,5.5955829619,17,2,2
202100015096,174Â 722,B01,1,1,1,5,2,0,-1,0,0,-1,2021,37.0,2,1,0,2,1,1,5,,2,RN 94,0,,2,2,0,1,72,355,1,, -1,1,0,1,50,1,10,2021,13:25,1,5,5061,2,1,0,3,RN 94,44.57325,6.10888,13,2,2
202100045603,120Â 217,A01,10,3,1,3,0,-1,-1,9,9,1,2021,56.0,3,2,0,1,4,20,1,,4,AUVERGNE (AVENUE),0,,2,2,0,1,0,0,1,, -1,1,9,8,10,31,3,2021,11:27,1,23,23096,2,9,0,6,AUVERGNE (AVENUE),46.1659,1.888,11,2,1
202100012312,179Â 726,A01,10,3,2,1,0,-1,-1,5,A,-1,2021,40.0,1,2,1,1,2,1,1,,3,1001,0,D,2,2,0,1,55,220,1,,7,2,0,1,50,20,10,2021,17:05,1,60,60664,2,1,0,1,4 Rue de Beauvais,49.6106055902,2.2899382148,17,2,1
202100052240,108Â 326,A01,1,1,2,1,1,0,-1,-1, -1,-1,2021,50.0,1,2,4,0,6,2,1,,2,AUTOROUTE A86,0,,1,2,0,2,49,599,3,, -1,2,0,2,70,7,2,2021,13:50,1,94,94065,1,1,1,6,AUTOROUTE A86,48.754699438,2.3475930512,13,1,1
202100003600,195Â 312,A01,10,3,2,5,8,8,-1,3,3,1,2021,14.0,3,2,0,1,3,1,1,,4,RONDE (CHEMIN DE),0,,2,2,0,2,1,0,1,, -1,2,0,1,50,8,12,2021,15:15,1,74,74281,2,4,1,6,RONDE (CHEMIN DE),46.3688331558,6.4832353588,15,2,1
202100051450,109Â 730,A01,10,3,1,9,0,-1,-1,1,3,1,2021,57.0,1,1,0,1,1,1,3,,4,BOULEVARD DE CHARONNE,0,,-1,1,0,1,(1),(1),1,, -1,1,0,1,50,15,2,2021,17:30,1,75,75120,2,1,0,6,BOULEVARD DE CHARONNE,48.85591,2.394961,17,2,1
202100037246,135Â 103,A01,1,1,1,0,1,8,-1,-1, -1,-1,2021,72.0,2,2,0,2,2,15,1,,7,COURS JEAN JAURÃS,0,,3,-1,1,1,92,600,1,, -1,1,0,1,50,4,5,2021,09:10,1,38,38151,2,1,0,3,Cours Jean Jaures,45.14906,5.70598,9,2,2
202100051017,110Â 477,A01,10,3,1,5,0,-1,-1,6,1,1,2021,44.0,1,2,0,1,2,9,0,,3,RD 41 (ROCADE),0,,2,4,0,1,1,399,2,, -1,2,0,1,60,17,2,2021,20:08,3,972,97209,2,1,1,6,RD 41 (ROCADE),14.6169068752,-61.0599474519,20,2,1
202100028327,151Â 061,B01,1,1,2,5,8,0,-1,-1, -1,-1,2021,14.0,2,1,0,2,3,19,3,,3,MITTERAND (Rue FranÃ§ois),0,,2,2,0,1,1,0,3,, -1,1,0,1,30,18,7,2021,18:50,1,94,94028,2,1,0,3,MITTERAND (Rue FranÃ§ois),48.7692,2.4657,18,2,2
202100007992,187Â 446,A01,10,3,1,0,0,-1,-1,3,3,1,2021,53.0,0,2,0,1,1,1,1,,4,FRANCOIS 1ER (BD),0,,3,4,0,1,0,0,1,, -1,2,0,1,50,12,11,2021,18:10,5,76,76351,2,3,0,6,FRANCOIS 1ER (BD),49.4924,0.0988,18,2,1
202100007505,188Â 344,B01,1,1,1,9,2,-1,-1,0,0,-1,2021,24.0,2,1,0,0,4,1,1,,1,131,0,A,4,2,0,1,31,600,1,, -1,1,0,1,110,19,11,2021,19:00,3,76,76305,1,1,0,2,A131,49.496988,0.230308,19,2,2
202100036870,135Â 796,A01,1,1,1,1,2,0,-1,-1, -1,-1,2021,43.0,2,1,0,2,6,1,5,,3,992,0,,1,2,1,1,0,0,1,, -1,1,9,5,50,2,6,2021,09:45,1,92,92050,2,1,0,3,PONT DE BEZONS,48.9196334802,2.2216066718,9,2,2
202100041240,127Â 885,A01,10,3,2,0,8,8,-1,2,3,1,2021,6.0,2,2,0,1,7,1,1,,2,tsoundzou-Mariage (place -tsoundzou 2),0,,2,0,0,1,0,0,1,, -1,1,0,1,50,5,5,2021,14:10,1,976,97611,2,1,0,6,tsoundzou-Mariage (place -tsoundzou 2),-12.81654,45.19884,14,2,1
202100038941,132Â 023,A01,10,3,2,0,0,-1,-1,3,3,1,2021,82.0,3,2,0,1,1,9,1,,4,FRANCE (BOULEVARD ANATOLE),0,,2,2,0,1,(1),(1),1,, -1,1,0,1,50,21,5,2021,09:45,1,13,13028,2,9,0,6,FRANCE (BOULEVARD ANATOLE),43.17513,5.61038,9,2,1
202100045962,119Â 597,B01,1,1,1,1,2,0,-1,-1,0,-1,2021,28.0,2,1,0,2,1,2,1,,3,LANGUEDOC (AVENUE DU),0,,2,2,0,2,0,160,1,, -1,1,0,1,50,30,3,2021,18:40,1,12,12145,2,1,0,2,LANGUEDOC (AVENUE DU),44.090278,3.079095,18,3,2
202100025262,156Â 499,B01,1,1,1,4,2,6,-1,-1, -1,-1,2021,48.0,0,1,0,2,2,0,1,,7,CD 3 (RUE ARISTIDE BRIAND),0,,2,3,0,1,57,500,1,, -1,1,0,1,50,30,9,2021,15:20,1,76,76497,2,1,0,2,CD 3 (RUE ARISTIDE BRIAND),49.39523,1.024263,15,2,2
202100043747,123Â 490,A01,2,2,2,5,2,0,-1,-1, -1,-1,2021,15.0,2,1,0,2,8,19,1,,4,HELENE BOUCHER (RUE),0,,2,2,0,1,(1),(1),1,, -1,1,0,1,50,14,4,2021,17:15,1,86,86194,2,1,0,3,Rue Helene Boucher,46.5907721,0.322726,17,3,2
202100011949,180Â 364,A01,1,1,1,5,2,6,-1,-1,0,-1,2021,21.0,2,1,3,0,9,1,1,,1,AUTOROUTE A15,0,,1,2,0,4,8,0,2,, -1,1,3,1,50,21,10,2021,18:25,3,95,95582,1,1,0,6, A15,48.9633926985,2.264357074,18,1,1
202100013636,177Â 342,A01,10,3,1,4,0,-1,-1,3,3,1,2021,33.0,2,2,0,1,1,13,1,,4,BEAUVAIS (QUAI DE),0,,2,2,0,1,(1),(1),1,, -1,1,0,1,50,8,10,2021,17:20,1,59,59017,2,1,0,6,BEAUVAIS (QUAI DE),50.6881860462,2.8845959287,17,2,1
202100016393,172Â 331,A01,1,1,1,5,1,-1,-1,0,0,-1,2021,73.0,2,2,0,2,9,1,1,,1,61,0,,2,4,0,1,329,200,1,, -1,1,3,1,80,29,9,2021,12:45,1,11,11397,1,9,0,2,bretelle echangeur Carcassonne EST,43.2029,2.416906,12,2,2
202100002382,197Â 525,B01,1,1,1,5,2,6,-1,-1, -1,-1,2021,57.0,2,1,0,2,1,1,1,,4,GARIBALDI (AVENUE),0,,4,3,0,2,0,0,1,, -1,1,0,1,50,16,12,2021,21:20,5,87,87085,2,3,0,3,GARIBALDI (AVENUE),45.83446,1.26093,21,2,2
202100004858,193Â 107,A01,1,1,1,5,1,-1,-1,0,0,-1,2021,18.0,2,2,2,0,8,1,1,,3,626B,-1,,2,2,0,1,22,400,3,, -1,2,0,1,80,5,12,2021,07:30,3,31,31436,1,1,1,6,D626B route de Carbonne,43.325813,1.069124,7,1,1