Num_Acc,id_vehicule,num_veh,place,catu,sexe,trajet,secu1,secu2,secu3,locp,actp,etatp,year_acc,victim_age,senc,catv,obs,obsm,choc,manv,motor,occutc,catr,voie,v1,v2,circ,nbv,vosp,prof,pr,pr1,plan,lartpc,larrout,surf,infra,situ,vma,jour,mois,an,hrmn,lum,dep,com,agg_,int,atm,col,adr,lat,long,hour,nb_victim,nb_vehicules
202100019227,167Â 262,A01,1,1,1,5,2,0,-1,-1, -1,-1,2021,33.0,1,1,8,0,1,14,1,,3,Charles de gaulle,0,,2,2,0,1,0,0,2,, -1,1,0,3,50,13,9,2021,12:40,1,92,92046,2,1,0,6,Charles de gaulle,48.824362281,2.3009598255,12,1,1
202100000771,200Â 334,B01,2,2,2,3,1,0,-1,-1, -1,-1,2021,54.0,2,2,0,2,4,2,2,,3,RN 1057 (BD CHURCHIL-ROUTE DE GRAY),0,,-1,2,0,1,11,225,2,, -1,1,0,1,50,31,12,2021,13:12,1,25,25056,2,6,0,4,CHURCHILL BD WINSTON,47.2451,5.99634,13,4,3
202100037758,134Â 173,A01,1,1,1,5,2,6,-1,-1, -1,-1,2021,62.0,1,1,1,2,1,13,1,,3,PROMENADE DE VAUX,0,,2,2,3,1,34,34,1,, -1,1,0,8,50,28,5,2021,16:00,1,77,77288,2,1,0,2,PROMENADE DE VAUX,48.53582,2.663369,16,2,2
202100025519,156Â 055,A01,1,1,1,5,2,-1,-1,0,0,-1,2021,44.0,1,1,0,2,1,1,1,,3,15,0, -,2,2,0,1,54,191,1,, -1,1,5,1,80,5,8,2021,19:10,1,31,31579,1,2,0,3,Route de Toulouse,43.739379,1.493293,19,2,2
202100018052,169Â 363,A01,2,2,1,5,1,-1,-1,0,0,-1,2021,20.0,1,2,6,0,1,1,1,,3,670,0,,2,2,0,1,25,650,1,, -1,2,0,3,80,19,9,2021,22:56,3,33,33394,1,1,1,6,Lieu Dit Cantenac,44.894852,-0.202541,22,2,1
202100022945,160Â 609,A01,1,1,1,0,2,6,-1,0,0,-1,2021,62.0,3,1,12,2,0,1,1,,4,,-1,,2,2,0,1,(1),(1),1,,"5,5",1,0,1,30,19,8,2021,16:00,1,17,17142,2,1,0,6,Rue de Rompsay,46.171446,-1.093051,16,2,2
202100032464,143Â 751,B01,1,1,1,1,1,8,-1,-1, -1,-1,2021,42.0,1,2,0,2,3,1,0,,4,PARIS (BD DE),0,,-1,2,0,1,0,0,1,, -1,1,0,8,50,24,6,2021,07:40,1,83,83137,2,1,0,3,PARIS (BD DE),43.130606,5.910858,7,2,2
202100002911,196Â 567,A01,10,3,2,0,0,-1,-1,1,1,2,2021,59.0,1,2,0,1,1,26,1,,4,CHAMP BLANC (CHEMIN DE),0,,2,2,0,1,(1),(1),1,, -1,7,0,1,50,14,12,2021,10:39,1,63,63070,2,1,0,6,CHAMP BLANC (CHEMIN DE),45.73501,3.06812,10,2,1
202100002710,196Â 929,B01,1,1,1,5,2,-1,-1,0,0,-1,2021,84.0,3,0,0,0,8,17,3,,4,3266,0,,2,2,0,2,(1),(1),1,, -1,1,5,1,70,18,12,2021,14:40,1,35,35228,1,3,1,3,1303 Rue de Dinard,48.600881,-2.05704,14,2,2
202100025436,156Â 196,B01,10,3,1,1,0,-1,-1,2,3,1,2021,20.0,2,1,0,1,0,26,5,,9,VERDUN (PLACE DE),0,,1,2,0,1,(1),(1),1,, -1,1,0,1,50,5,8,2021,12:35,1,65,65440,2,1,0,6,VERDUN (PLACE DE),43.233507473,0.0731760263,12,2,1
202100013447,177Â 701,A01,1,1,1,5,6,2,-1,0,0,-1,2021,59.0,1,1,0,0,0,0,1,,3,943,-1,D,2,2,0,2,(1),(1),1,, -1,1,0,1,80,12,10,2021,19:15,2,84,84020,1,1,0,6,D943,43.811707,5.343561,19,1,1
202100043057,124Â 711,A01,10,3,1,4,0,-1,-1,2,3,1,2021,32.0,2,1,0,1,1,1,1,,4,RUE DE L AMIRAL MOUCHEZ,0,,1,2,0,1,(1),(1),1,, -1,1,0,1,50,22,4,2021,13:05,1,75,75114,2,1,0,6,RUE DE L AMIRAL MOUCHEZ,48.825691,2.34163,13,2,1
202100043942,123Â 132,B01,1,1,1,0,2,8,-1,-1, -1,-1,2021,27.0,2,1,0,2,1,1,1,,3,986,0,,2,4,0,1,0,0,1,, -1,1,0,1,50,14,4,2021,21:10,2,92,92004,2,2,0,3,REDOUTE ( AVENUE DE LA  ),48.9275817721,2.2752822537,21,2,2
202100020578,164Â 849,A01,4,2,2,0,1,0,-1,-1, -1,-1,2021,0.0,1,2,0,2,1,2,1,,3,CUVETTE DE CHAMPLAIN,0,,3,4,0,2,(1),(1),1,, -1,1,0,1,30,6,9,2021,15:00,1,94,94060,1,1,0,2,CUVETTE DE CHAMPLAIN,48.7882703894,2.5616382335,15,3,2
202100010835,182Â 358,A01,1,1,2,5,1,-1,-1,-1,0,-1,2021,22.0,2,2,0,0,1,14,1,,1,AUTOROUTE A115,0,,-1,2,0,1,7,199,1,, -1,1,1,1,110,27,10,2021,02:00,5,95,95607,1,1,0,6, A115,49.02144,2.21109,2,1,1
202100025661,155Â 811,A01,1,1,1,5,1,-1,-1,0,0,-1,2021,24.0,2,2,0,2,1,1,1,,3,18,-1,,2,2,0,2,65,625,3,,3,1,0,1,70,25,6,2021,23:50,3,33,33298,1,4,0,1,Route de la MÃ©tairie,44.834916,-0.209553,23,3,2
202100035966,137Â 395,A01,1,1,2,1,1,0,-1,-1, -1,-1,2021,41.0,1,2,0,2,8,15,1,,3,CLEMENCEAU GEORGES AVENUE NÂ° PAIR,0,,2,3,1,1,0,0,1,, -1,1,0,1,50,7,6,2021,06:40,1,92,92050,2,4,0,3,CLEMENCEAU GEORGES AVENUE NÂ° PAIR,48.8863294303,2.210829556,6,2,2
202100023329,159Â 913,A01,1,1,1,9,2,8,-1,-1, -1,-1,2021,55.0,1,1,9,2,1,10,1,,3,AULAGNIER ( QUAI ),0,,2,4,0,1,0,0,1,, -1,1,0,1,70,19,8,2021,09:10,1,92,92004,2,3,0,3,AULAGNIER ( QUAI ),48.9174625749,2.3199337721,9,2,2
202100053263,106Â 526,A01,10,3,2,5,0,-1,-1,1,3,1,2021,43.0,1,2,0,1,3,17,1,,4,KENNEDY (BOULEVARD DU PRESIDENT),0,,-1,2,0,1,0,0,1,, -1,2,0,1,50,28,1,2021,16:15,1,93,93078,2,3,1,6,KENNEDY (BOULEVARD DU PRESIDENT),48.95919,2.54369,16,2,1
202100030466,147Â 313,A01,1,1,2,5,2,6,-1,0,0,-1,2021,20.0,2,1,0,2,3,13,1,,3,7,0,D,2,2,0,2,4,670,3,, -1,2,0,1,80,6,7,2021,18:00,1,35,35306,1,9,0,1,D7,48.565447,-1.918101,18,2,2
202100043660,123Â 632,A01,1,1,1,1,2,6,-1,-1, -1,-1,2021,36.0,2,1,0,2,1,2,1,,3,PROVINS (RTE DE),0,,3,2,0,1,0,0,1,, -1,1,9,1,50,17,4,2021,19:30,1,94,94055,2,1,0,2,PROVINS (RTE DE),48.7957,2.54997,19,2,2
202100006126,190Â 853,B01,2,2,1,5,1,0,-1,-1, -1,-1,2021,29.0,1,2,0,2,1,1,1,,3,JOFFRE MARECHAL AVENUE DU,0,,2,4,0,1,0,0,1,, -1,2,0,1,50,26,11,2021,13:45,1,92,92050,2,1,1,3,JOFFRE MARECHAL AVENUE DU,48.8858077345,2.1969376769,13,3,2
202100013523,177Â 556,B01,1,1,2,5,1,0,-1,-1, -1,-1,2021,19.0,1,2,0,2,4,2,1,,4,DE LATTRE DE TASSIGNY,0,,3,2,0,1,1,0,1,, -1,1,0,1,50,12,10,2021,21:27,3,49,49007,2,1,0,2,DE LATTRE DE TASSIGNY,47.45306,-0.541232,21,2,2
202100008610,186Â 349,A01,10,3,1,5,0,-1,-1,4,3,1,2021,89.0,2,3,0,1,7,16,1,1.0,3,BD PAUL VAILLANT COUTURIER,0,,2,4,0,1,1,0,1,, -1,1,8,1,50,10,11,2021,17:45,5,94,94038,2,2,0,6,HENRI THIRARD (R),48.77836,2.34089,17,2,1
202100043763,123Â 461,A01,1,1,1,1,2,6,-1,-1, -1,-1,2021,42.0,1,1,0,2,1,17,1,,4,ADOUR (AVENUE DE L'),0,,2,2,0,1,0,0,1,, -1,1,0,1,30,15,4,2021,17:35,1,64,64024,2,1,0,2,ADOUR (AVENUE DE L'),43.51611,-1.50161,17,2,2
202100020725,164Â 581,B01,2,2,2,5,2,6,-1,0,0,-1,2021,22.0,2,1,0,2,3,1,1,,4,QUAI HENRI IV,0,,1,2,0,1,(1),(1),1,, -1,1,0,1,30,5,9,2021,15:25,1,75,75104,2,2,0,3,QUAI HENRI IV,48.850837,2.361463,15,3,2
202100040117,129Â 891,A01,1,1,1,5,2,-1,-1,0,0,-1,2021,44.0,1,1,12,0,8,1,1,,2,2,-1,,2,2,0,2,(1),(1),2,, -1,1,0,4,70,6,5,2021,15:35,1,971,97129,2,1,0,6,viard,16.306674,-61.702301,15,2,1
202100043387,124Â 110,A01,1,1,1,1,2,6,9,0,0,-1,2021,29.0,1,1,5,0,7,1,1,,3,6,0,D,2,2,0,2,22,500,2,, -1,1,0,1,80,20,4,2021,12:19,1,27,27377,1,1,0,6,D6,49.395544,1.489742,12,1,1
202100001809,198Â 563,E01,2,2,2,5,1,-1,-1,0,0,-1,2021,77.0,1,2,0,2,1,2,1,,3,968,-1,D,2,2,0,1,3,10,1,, -1,1,2,1,80,24,12,2021,11:10,1,81,81099,1,1,0,4,D968,43.890266,1.883678,11,6,5
202100054807,103Â 829,A01,1,1,2,5,1,-1,-1,0,0,-1,2021,20.0,1,2,13,9,9,1,1,,3,780,-1,,3,4,0,1,12,473,1,, -1,2,0,3,80,16,1,2021,12:20,1,56,56240,1,1,1,7,KerlÃ©venan,47.540679,-2.733997,12,1,1
202100013301,177Â 966,A01,10,3,2,9,8,8,-1,4,3,1,2021,41.0,1,1,0,1,1,1,1,,4,BOULEVARD ORNANO,0,,2,4,0,1,(1),(1),1,, -1,1,0,1,30,14,10,2021,09:30,1,75,75118,2,4,0,6,BOULEVARD ORNANO,48.893759,2.347886,9,2,1
202100026135,154Â 977,A01,1,1,2,4,1,0,-1,-1, -1,-1,2021,23.0,2,5,0,2,1,14,1,,3,LYON (AVENUE DE),0,,2,2,1,2,3,500,3,, -1,1,0,3,50,27,7,2021,19:55,1,42,42187,2,1,0,6,Avenue de Lyon,46.039146,4.077321,19,1,1
202100038850,132Â 185,A01,1,1,2,5,1,-1,-1,0,0,-1,2021,85.0,2,2,0,0,0,1,1,,3,21,-1,,2,2,0,1,6,0,3,, -1,1,0,8,80,20,5,2021,12:10,1,3,3187,1,1,0,7,Route des Piquins,46.341516,3.448521,12,1,1
202100046351,118Â 919,B01,1,1,1,5,2,6,-1,-1, -1,-1,2021,31.0,3,1,0,2,4,1,1,,4,LUSCANEN(GIRATOIRE DE),0,,1,2,0,1,(1),(1),2,, -1,1,5,1,50,27,3,2021,14:50,1,56,56260,2,6,0,2,LUSCANEN (GIRATOIRE DE),47.66121,-2.79458,14,2,2
202100052327,108Â 183,A01,1,1,1,9,1,0,-1,0,0,-1,2021,48.0,1,5,1,0,1,17,1,,4,RUE DU FAUBOURG SAINT ANTOINE,0,,2,4,0,1,(1),(1),1,, -1,2,0,1,50,6,2,2021,19:00,5,75,75112,2,3,1,6,RUE DU FAUBOURG SAINT ANTOINE,48.849681,2.387324,19,1,1
202100023815,159Â 054,A01,1,1,1,5,2,6,9,0,0,-1,2021,41.0,2,1,0,0,0,1,1,,3,520,0,C,2,2,0,2,4,500,3,, -1,1,0,1,80,18,8,2021,18:48,1,38,38376,1,1,0,7,D520c,45.430342,5.78833,18,1,1
202100030433,147Â 374,B01,1,1,1,0,1,8,-1,-1, -1,-1,2021,44.0,2,1,1,2,2,1,1,,3,MAXIME GORKI (BOULEVARD) NÂ°72 AU 80,0,,2,3,3,1,0,0,1,, -1,1,0,6,50,5,7,2021,21:40,1,93,93072,2,1,0,3,MAXIME GORKI (BOULEVARD) NÂ°72 AU 80,48.9494,2.38618,21,2,2
202100023388,159Â 812,B01,1,1,2,1,1,-1,-1,-1, -1,-1,2021,33.0,2,2,0,2,4,1,1,,1,A7   15.770 A 20.110,0,,3,6,0,1,18,800,1,, -1,1,0,1,110,19,8,2021,07:30,1,69,69297,1,1,0,2,A7,45.59901,4.79587,7,3,2
202100028054,151Â 566,B01,1,1,1,1,2,-1,-1,0,0,-1,2021,30.0,2,1,0,2,1,17,1,,3,1005,0,A,2,2,0,3,32,500,2,, -1,1,0,1,80,21,7,2021,06:20,1,74,74175,1,1,0,1,rd 1005,46.405086,6.734179,6,3,2
202100032888,142Â 976,A01,4,2,2,0,2,8,-1,-1, -1,-1,2021,14.0,3,1,0,2,7,1,1,,4,ROCHEMAURE (Avenue de) nÂ°6 Ã  14,0,,2,2,0,1,(1),(1),1,, -1,1,0,1,50,22,6,2021,15:30,1,26,26198,2,2,0,3,6-14 Avenue de Rochemaure,44.561426,4.746416,15,3,2
202100050170,112Â 040,A01,1,1,1,1,2,6,-1,-1, -1,-1,2021,18.0,1,1,0,2,1,16,1,,3,NORD SUD VOIE,0,,1,2,0,1,36,775,2,, -1,1,0,1,50,25,2,2021,08:15,1,64,64348,2,6,0,3,MARCEL DASSAULT,43.30113,-0.41029,8,2,2
202100000487,200Â 833,A01,10,3,2,5,0,-1,-1,3,3,1,2021,85.0,2,2,0,1,3,9,1,,3,STRASBOURG (bld),0,,2,1,0,1,28,600,1,, -1,1,9,1,50,16,10,2021,15:45,1,50,50502,2,1,0,6,STRASBOURG (bld),49.099771,-1.08168,15,2,1
202100022040,162Â 232,A01,3,2,2,5,1,0,-1,-1, -1,-1,2021,69.0,2,2,0,2,1,2,1,,1,A13W,0,,3,4,0,1,22,0,1,, -1,2,0,1,110,29,8,2021,16:48,1,78,78007,1,1,1,2,A13W,48.89533,2.00684,16,6,2
202100021214,163Â 740,A01,1,1,1,5,2,6,-1,0,0,-1,2021,53.0,2,1,0,2,3,1,1,,3,32,-1,,2,2,0,2,25,700,4,, -1,1,0,1,80,9,5,2021,15:00,1,74,74034,1,1,0,1,Col du Corbier (Col de montagne),46.284096,6.639969,15,2,2
202100051330,109Â 920,A01,1,1,2,0,1,0,-1,-1, -1,-1,2021,41.0,1,2,0,2,4,1,1,,4,RECY (ALLEE DE),0,,-1,2,0,2,0,0,1,, -1,1,0,1,50,16,2,2021,12:25,1,93,93014,2,1,0,2,RECY (ALLEE DE),48.901103841,2.5420683006,12,2,2
202100013836,176Â 962,A01,1,1,1,0,1,-1,-1,-1, -1,-1,2021,59.0,3,5,1,0,0,0,1,,4,RENE BAZILLE,0,,2,1,0,1,0,0,1,, -1,1,0,1,50,8,10,2021,18:10,1,76,76351,2,1,0,6,RENE BAZILLE,49.50609,0.12332,18,1,1
202100053539,106Â 020,A01,10,3,2,0,0,-1,-1,3,3,2,2021,29.0,3,2,0,1,2,13,1,,3,6,-1,N,1,1,1,1,58,106,1,, -1,2,0,1,50,28,1,2021,13:15,1,69,69287,2,1,1,6,CHARLES DE GAULLE (AV),45.6999724448,5.0082695027,13,3,1
202100007391,188Â 546,A01,10,3,2,0,0,-1,-1,1,3,1,2021,80.0,1,2,0,1,1,1,1,,3,908,0,,2,2,0,1,1,200,1,, -1,1,0,1,90,19,11,2021,18:20,3,34,34284,1,2,0,6,Route dÃ©partementale 908,43.496577,2.789133,18,2,1
202100001159,199Â 701,A01,1,1,1,9,1,8,-1,-1, -1,-1,2021,24.0,3,2,8,0,0,14,1,,4,BISHOP (Avenue Maurice),0,,2,2,3,1,0,0,1,, -1,1,0,1,30,27,12,2021,21:12,4,972,97209,2,1,0,6,BISHOP (Avenue Maurice),14.61108,-61.05421,21,1,1
202100041111,128Â 128,A01,1,1,1,0,2,-1,-1,-1, -1,-1,2021,53.0,2,1,0,2,1,1,1,,4,DESBIEY (CRS) DU 140 ET +,0,,2,2,0,1,(1),(1),1,, -1,1,4,1,50,6,5,2021,14:30,1,33,33009,2,8,0,3,Cours Desbiey,44.656602,-1.160279,14,2,2
202100003878,194Â 819,A01,1,1,1,0,1,-1,-1,0,0,-1,2021,41.0,1,2,0,2,3,1,1,,3,951,0,,2,2,0,1,32,300,1,, -1,2,0,1,80,9,12,2021,18:05,3,51,51629,1,1,1,1,D951,49.146485,4.004109,18,2,2
202100012499,179Â 366,A01,4,2,1,0,8,0,-1,-1, -1,-1,2021,6.0,-1,2,4,0,1,9,1,,3,GALLIENI (AV.) DE 1 A 109,0,,1,3,0,1,1,0,1,, -1,1,3,1,50,17,10,2021,21:40,5,93,93010,2,1,0,6,GALLIENI (AV.) DE 1 A 109,48.9054062311,2.4754783522,21,4,1
202100040083,129Â 948,A01,1,1,1,5,2,-1,-1,0,0,-1,2021,14.0,2,1,0,2,1,1,1,,3,74,-1,,2,2,0,1,18,720,1,, -1,1,0,1,50,12,5,2021,15:15,1,81,81317,2,3,0,1,Avenue de Mouzieys,43.890741,2.323458,15,2,2
202100035771,137Â 769,A01,10,3,1,0,0,-1,-1,2,3,2,2021,12.0,0,2,0,1,2,26,1,,4,PARC (AVENUE DU),0,,2,2,0,1,0,0,1,, -1,1,0,1,50,8,6,2021,18:15,1,93,93073,2,3,0,6,Avenue du Parc / Avenue de la Paix,48.9553,2.5658,18,2,1
202100008465,186Â 607,A01,2,2,2,0,1,0,-1,0,0,-1,2021,42.0,1,2,0,2,1,2,1,,7,LECLERC (AVENUE DU GENERAL),0,,2,2,0,2,(1),(1),1,, -1,1,0,1,50,10,11,2021,19:25,5,54,54547,2,1,0,2,LECLERC (AVENUE DU GENERAL),48.66006,6.16104,19,3,2
202100038805,132Â 252,A01,2,2,2,5,1,-1,-1,0,0,-1,2021,52.0,1,2,0,2,6,11,3,,1,75,0,A,3,4,0,1,289,0,1,, -1,1,3,1,130,22,5,2021,17:50,1,34,34076,1,1,0,3,a75,43.658207,3.444209,17,3,2
202100007996,187Â 440,B01,1,1,1,0,2,8,-1,-1, -1,-1,2021,18.0,2,1,0,2,1,1,1,,4,NIEPCE (AVENUE NICEPHORE),0,,3,4,0,1,(1),(1),1,, -1,1,5,1,50,9,11,2021,15:32,1,71,71076,2,2,0,3,NIEPCE (AVENUE NICEPHORE),46.7790643261,4.8499776311,15,2,2
202100040087,129Â 939,A01,1,1,1,5,8,-1,-1,0,0,-1,2021,64.0,1,2,0,2,1,2,1,,1,6,0,,3,4,0,1,257,220,1,, -1,2,0,1,130,13,5,2021,04:00,3,21,21244,1,1,1,2,Pk 257+220 - Autoroute A6,47.298223,4.50433,4,2,2
202100033649,141Â 621,A01,10,3,2,5,0,-1,-1,4,3,1,2021,37.0,1,1,0,1,2,7,5,,4,BOULEVARD DE SEBASTOPOL,0,,2,5,3,1,(1),(1),1,, -1,2,0,6,50,18,6,2021,18:15,1,75,75103,2,2,0,6,BOULEVARD DE SEBASTOPOL,48.866238,2.352535,18,2,1
202100010894,182Â 254,B01,1,1,1,0,2,0,-1,0,0,-1,2021,23.0,1,1,0,2,1,1,1,,4,SOIXANTE NEUVIEME R.I. (AVENUE DU),0,,2,2,0,1,(1),(1),1,, -1,1,0,1,50,26,10,2021,10:00,1,54,54184,2,1,0,3,SOIXANTE NEUVIEME R.I. (AVENUE DU),48.70944,6.24011,10,2,2
202100016520,172Â 098,A01,10,3,2,9,0,-1,-1,2,3,1,2021,35.0,3,1,0,1,1,21,1,,4,passamanty-Mnadzi moja (rue ),0,,2,2,0,1,0,0,1,, -1,1,9,1,50,24,9,2021,06:32,1,976,97611,2,1,0,6,passamanty-Mnadzi moja (rue ),-12.80099,45.20831,6,2,1
202100036394,136Â 651,C01,1,1,2,0,1,0,-1,-1, -1,-1,2021,46.0,1,2,0,2,4,2,1,,4,MAC JEAN (AV) NÂ° PAIRS 308 ET plus,0,,2,2,1,1,0,0,1,, -1,1,0,1,50,3,6,2021,18:25,1,72,72181,2,1,0,4,MAC JEAN (AV) NÂ° PAIRS 308 ET plus,47.979017,0.234511,18,3,3
202100022875,160Â 728,A01,1,1,1,5,0,-1,-1,0,0,-1,2021,20.0,3,2,2,0,3,1,1,,4,,0,,2,2,0,1,(1),(1),3,,4,1,0,3,80,22,8,2021,09:15,1,44,44205,1,1,0,7,La Volerie,47.462161,-1.413862,9,1,1
202100025102,156Â 784,A01,1,1,1,0,2,6,-1,-1, -1,-1,2021,47.0,3,1,0,2,2,1,1,,4,GIBERT DES MOLIERES (RUE),0,,1,0,0,1,0,0,1,, -1,1,0,1,50,7,8,2021,17:05,1,974,97411,1,2,0,3,GIBERT DES MOLIERES (RUE),-20.88866,55.44534,17,2,2
202100011299,181Â 539,A01,1,1,1,0,0,-1,-1,0,0,-1,2021,41.0,0,1,0,0,0,1,1,,2,101,0,A,2,2,0,1,10,500,2,, -1,2,0,3,40,24,10,2021,17:30,2,987,98714,1,1,1,7,RT 101,-16.475308,-151.761897,17,1,1
202100053044,106Â 906,B01,1,1,2,0,1,5,-1,-1, -1,-1,2021,25.0,2,2,0,2,5,1,1,,1,AUTOROUTE A1,0,,-1,3,0,1,2,0,1,, -1,1,0,1,90,30,1,2021,06:15,2,972,97213,1,1,0,2,AUTOROUTE A1,14.61809,-61.02804,6,2,2
202100037951,133Â 828,A01,10,3,2,5,0,-1,-1,9,3,2,2021,14.0,3,2,0,1,1,1,1,,4,CEZANNE (RUE PAUL),0,,-1,2,0,1,0,0,1,, -1,1,0,1,50,23,5,2021,20:40,2,52,52448,2,1,0,6,CEZANNE (RUE PAUL),48.64347,4.96826,20,2,1
202100010567,182Â 842,B01,1,1,1,9,2,6,-1,0,0,-1,2021,27.0,2,1,0,2,4,2,1,,4,BOULEVARD DE MENILMONTANT,0,,3,2,1,1,(1),(1),1,, -1,1,0,1,30,28,10,2021,09:30,1,75,75111,2,2,0,2,BOULEVARD DE MENILMONTANT,48.864035,2.385997,9,2,2
202100038649,132Â 550,A01,1,1,1,5,2,6,-1,0,0,-1,2021,40.0,0,1,0,2,2,16,1,,4,ALLEE DE LONGCHAMP,0,,3,3,0,1,(1),(1),1,, -1,1,0,1,50,23,5,2021,11:25,1,75,75116,2,2,0,3,ALLEE DE LONGCHAMP,48.872525,2.264444,11,2,2
202100055263,103Â 041,B01,1,1,1,0,1,0,-1,-1, -1,-1,2021,70.0,1,2,0,2,1,26,1,,1,A7-Sens Marseille vers Lyon,0,,1,2,0,2,259,100,1,, -1,1,0,1,110,13,1,2021,07:30,3,13,13117,1,1,0,2,A7-Sens Marseille vers Lyon,43.4503803092,5.2391805872,7,2,2
202100044021,122Â 991,B01,1,1,2,2,1,0,-1,-1, -1,-1,2021,35.0,1,2,0,2,1,1,1,,4,VAN DE VEEGAETE (RUE CHARLES),0,,2,2,0,1,(1),(1),1,, -1,1,9,1,50,14,4,2021,20:30,2,59,59599,2,9,0,3,VAN DE VEEGAETE (RUE CHARLES),50.73254,3.1632,20,2,2
202100002243,197Â 772,A01,2,2,1,5,8,0,-1,-1, -1,-1,2021,18.0,2,2,9,0,3,1,1,,3,AIGUILHE (ROCADE D'),0,,1,1,0,1,0,868,1,, -1,7,5,3,50,18,12,2021,21:50,5,43,43002,2,1,1,6,Avenue de Bonneville,45.05073,3.88242,21,2,1
202100018090,169Â 295,A01,2,2,2,0,8,0,-1,-1, -1,-1,2021,37.0,1,2,0,2,1,2,2,,1,AUTOROUTE A86,0,,3,2,0,1,51,500,1,, -1,1,0,1,70,19,9,2021,15:50,1,94,94034,1,1,0,2,AUTOROUTE A86,48.75936,2.32247,15,3,2
202100040009,130Â 077,A01,1,1,2,5,0,-1,-1,0,0,-1,2021,36.0,1,2,2,0,1,13,1,,3,1516,-1,,2,2,0,1,5,550,3,, -1,1,0,3,80,14,5,2021,21:00,2,38,38377,1,1,0,6,Avenue du Stade,45.5746,5.49473,21,1,1
202100017659,170Â 055,A01,1,1,1,1,2,0,-1,-1, -1,-1,2021,23.0,1,1,0,5,8,1,1,,7,MEDITERRANEE (AV DE LA ),0,,2,2,0,1,0,0,1,, -1,1,0,1,80,21,9,2021,00:40,3,13,13043,2,1,0,7,MEDITERRANEE (AV DE LA ),43.38315,5.20037,0,2,1
202100051007,110Â 496,A01,1,1,1,5,2,-1,-1,-1, -1,-1,2021,51.0,2,1,0,2,1,1,1,,2,ROUTE NATIONALE 89,0,,3,4,0,1,49,893,1,, -1,1,0,1,90,19,2,2021,14:20,1,33,33013,1,1,0,2,,44.868651,-0.500454,14,3,2
202100005706,191Â 604,A01,1,1,1,0,1,-1,-1,0,0,-1,2021,59.0,1,2,0,2,3,0,1,,3,18,0,,2,2,0,1,24,100,1,, -1,1,0,1,90,29,11,2021,18:05,3,34,34166,1,1,0,1,DÃ©partementale 18,43.40062,3.343277,18,3,2
202100027889,151Â 860,A01,1,1,1,5,2,6,-1,-1, -1,-1,2021,16.0,0,1,0,0,1,1,1,,4,GRANDE PIECE (Ave de la),0,,-1,2,0,1,0,0,3,, -1,9,0,1,50,17,7,2021,19:15,1,87,87085,2,1,0,7,GRANDE PIECE (Ave de la),45.854412,1.24883,19,1,1
202100045315,120Â 732,A01,10,3,2,3,0,-1,-1,3,3,1,2021,62.0,3,2,0,1,2,1,1,,6,,-1,,-1,-1,0,1,(1),(1),2,, -1,1,9,1,-1,2,4,2021,16:45,1,88,88114,2,1,1,6,rue francois de neufchateau,48.18841,5.881344,16,4,1
202100039300,131Â 350,B01,1,1,1,0,1,8,-1,-1, -1,-1,2021,55.0,1,2,0,2,4,1,1,,4,BAILLE (BOULEVARD),0,,1,2,0,1,(1),(1),1,, -1,1,0,1,50,19,5,2021,23:00,5,13,13205,2,1,0,1,BAILLE (BOULEVARD),43.287926,5.391279,23,3,2
202100028286,151Â 132,B01,2,2,1,5,8,-1,-1,-1, -1,-1,2021,11.0,1,1,0,2,4,15,3,,4,EMILE ZOLA                          (R ),0,,2,2,3,1,(1),(1),1,, -1,1,0,1,50,18,7,2021,18:33,1,69,69256,2,3,1,2,EMILE ZOLA (R),45.77666,4.92115,18,3,2
202100027960,151Â 723,A01,10,3,2,9,0,-1,-1,3,3,1,2021,40.0,1,2,0,1,1,15,1,,4,RUE LEON LHERMITTE,0,,1,1,0,1,(1),(1),1,, -1,1,0,1,50,19,7,2021,08:25,1,75,75115,2,2,0,6,RUE LEON LHERMITTE,48.842931,2.29802,8,2,1
202100011561,181Â 058,A01,10,3,1,2,0,-1,-1,3,3,1,2021,10.0,0,2,0,1,8,1,1,,4,SAINT-NAZAIRE (DE),0,,1,1,0,1,(1),(1),1,, -1,1,0,1,30,21,10,2021,12:00,1,66,66136,2,1,0,6,SAINT-NAZAIRE (DE),42.6832,2.90386,12,2,1
202100052473,107Â 921,B01,1,1,2,3,2,8,-1,-1, -1,-1,2021,56.0,2,1,0,2,1,1,0,,4,ROBESPIERRE RUE,0,,1,1,0,1,40,0,1,, -1,1,0,1,30,5,2,2021,13:00,1,93,93006,2,1,0,1,ROBESPIERRE RUE,48.86459,2.41857,13,2,2
202100033240,142Â 351,A01,1,1,1,1,2,6,-1,0,0,-1,2021,17.0,2,1,0,9,1,1,1,,3,980,-1,,2,2,0,1,38,500,1,, -1,1,0,3,80,14,6,2021,18:00,1,51,51105,1,1,0,7,D980,49.2607180922,4.0907841183,18,1,1
202100010548,182Â 872,A01,10,3,2,-1,0,-1,-1,2,5,1,2021,21.0,3,0,0,1,3,1,3,,5,,0,,2,1,1,1,(1),(1),1,, -1,1,0,5,20,27,10,2021,16:20,1,7,7281,1,9,0,7,RHONE A MONNERON (CHEMIN DU),44.94515,4.87813,16,2,1