Num_Acc,id_vehicule,num_veh,place,catu,sexe,trajet,secu1,secu2,secu3,locp,actp,etatp,year_acc,victim_age,senc,catv,obs,obsm,choc,manv,motor,occutc,catr,voie,v1,v2,circ,nbv,vosp,prof,pr,pr1,plan,lartpc,larrout,surf,infra,situ,vma,jour,mois,an,hrmn,lum,dep,com,agg_,int,atm,col,adr,lat,long,hour,nb_victim,nb_vehicules
202100032548,143Â 589,A01,1,1,1,1,1,-1,-1,0,0,-1,2021,30.0,2,5,0,2,2,1,1,,1,7,-1,,3,3,0,1,97,0,1,, -1,1,0,1,130,25,6,2021,04:00,3,26,26337,1,1,0,2,Autoroute du Soleil,44.716298,4.785158,4,2,2
202100030788,146Â 731,B01,1,1,2,3,1,0,-1,-1, -1,-1,2021,41.0,3,2,0,2,7,26,1,,6,,0,,-1,0,0,1,0,0,1,, -1,1,0,1,30,28,6,2021,16:00,1,91,91103,1,9,0,3,AV DE LA MAISON NEUVE,48.58574,2.30489,16,3,2
202100000997,199Â 978,A01,1,1,2,5,1,5,-1,-1, -1,-1,2021,23.0,1,2,8,0,2,14,1,,3,DE GAULLE ( RUE DU GENERAL ),0,,2,2,0,1,16,300,3,, -1,2,0,4,50,29,12,2021,23:00,5,62,62349,2,1,1,6,DE GAULLE ( RUE DU GENERAL ),50.52073,2.60004,23,1,1
202100033178,142Â 459,A01,1,1,2,5,0,-1,-1,-1, -1,-1,2021,18.0,2,1,0,2,1,19,3,,4,MARECHAL JOFFRE (DU)                (QU),0,,1,2,3,1,(1),(1),1,, -1,1,0,1,50,15,6,2021,20:30,2,69,69382,2,3,0,3,MARECHAL JOFFRE (Q),45.75265,4.82461,20,4,2
202100012461,179Â 432,A01,1,1,1,0,2,6,-1,0,0,-1,2021,46.0,1,1,0,2,0,0,1,,2,PERIPHERIQUE NORD (BOULEVARD),0,,3,4,0,1,1,399,1,, -1,1,0,1,90,17,10,2021,16:30,1,14,14437,1,1,0,6,N814,49.1769,-0.31625,16,3,3
202100016048,172Â 966,A01,1,1,1,9,2,0,-1,-1, -1,-1,2021,41.0,2,1,0,2,3,3,1,,1,A13,0,,3,3,0,1,12,0,1,, -1,2,0,1,110,29,9,2021,08:15,1,78,78524,1,1,0,3,A13,48.841059,2.106997,8,2,2
202100003683,195Â 170,B01,1,1,2,0,1,0,-1,0,0,-1,2021,67.0,3,2,0,2,1,0,1,,4,CREST ROUTE DE,0,,2,2,0,1,(1),(1),1,, -1,1,0,1,50,9,12,2021,08:28,2,26,26362,2,1,0,4,CREST ROUTE DE,44.91299,4.91403,8,4,4
202100012924,178Â 633,A01,1,1,1,5,0,-1,-1,0,0,-1,2021,32.0,1,2,13,0,1,21,1,,4,,-1,,2,2,0,1,(1),(1),1,,4,2,0,3,80,16,10,2021,02:20,3,71,71209,1,1,1,6,Route de BiÃ´ne,46.564489,5.27848,2,1,1
202100002242,197Â 776,A01,1,1,1,0,1,0,-1,-1, -1,-1,2021,45.0,2,2,0,2,1,17,1,,7,BEAUHAIRE (RUE CHARLES),0,,2,2,0,1,0,0,1,, -1,1,0,1,50,18,12,2021,14:50,1,45,45285,2,1,0,5,BEAUHAIRE (RUE CHARLES),47.90977,1.88174,14,4,4
202100001780,198Â 609,A01,1,1,1,5,1,-1,-1,0,0,-1,2021,81.0,1,2,13,0,2,1,1,,3,612,0,D,2,2,0,1,106,825,3,, -1,2,0,3,90,24,12,2021,10:00,1,34,34193,1,1,1,7,Route dÃ©partementale 612,43.473259,2.873043,10,1,1
202100019347,167Â 049,A01,1,1,1,5,8,0,-1,-1, -1,-1,2021,41.0,2,2,1,0,1,1,1,,4,FLORE PLACE,0,,1,1,0,2,(1),(1),3,, -1,1,0,3,50,12,9,2021,04:32,5,25,25056,2,1,0,6,FLORE PLACE,47.246,6.0278,4,1,1
202100041281,127Â 816,A01,1,1,2,1,1,5,-1,-1, -1,-1,2021,30.0,0,2,0,2,7,1,1,,6,ANTIBES (AVENUE D'),0,,-1,-1,0,2,(1),(1),1,, -1,2,9,1,50,4,5,2021,18:42,1,45,45004,2,1,1,3,Parking Bricoman,47.97365,2.73506,18,2,2
202100014478,175Â 827,A01,1,1,1,1,1,-1,-1,0,0,-1,2021,26.0,1,5,0,2,3,13,1,,3,786,0,,2,2,0,1,(1),(1),3,, -1,1,0,1,80,8,10,2021,14:45,1,22,22042,1,1,0,1,Penn Ar Hra,48.754417,-3.314411,14,2,2
202100054079,105Â 081,B01,1,1,1,1,8,-1,-1,0,0,-1,2021,49.0,3,1,0,2,0,0,3,,4,CECILE RUE DE LA (302),0,,1,2,0,1,(1),(1),1,, -1,2,9,1,50,22,1,2021,13:05,1,26,26362,2,6,1,3,97 Rue Denis Papin,44.922226,4.890783,13,2,2
202100008472,186Â 594,A01,1,1,1,0,2,0,-1,-1, -1,-1,2021,21.0,3,1,12,0,0,13,5,,4,MONTJOYEUX (RUE DE),0,,2,2,0,2,(1),(1),1,, -1,1,0,4,50,10,11,2021,15:10,1,37,37261,2,1,0,7,MONTJOYEUX (RUE DE),47.3622244901,0.7097265869,15,1,1
202100024088,158Â 603,B01,1,1,2,0,8,-1,-1,0,0,-1,2021,47.0,3,1,0,2,0,26,5,,3,311,-1,,1,4,0,1,2,524,1,, -1,1,0,6,70,16,8,2021,14:15,1,38,38449,1,1,0,3,Boulevard de la NoirÃ©e,45.640692,5.110123,14,2,2
202100024785,157Â 346,A01,1,1,2,3,0,-1,-1,0,0,-1,2021,38.0,1,2,6,0,1,14,1,,3,302,0,D,3,4,0,1,7,499,1,, -1,1,2,3,90,10,8,2021,20:10,1,69,69285,1,1,0,6,D302,45.7645192516,5.0365233421,20,1,1
202100028785,150Â 265,B01,1,1,1,0,2,0,-1,-1, -1,-1,2021,40.0,2,1,0,2,1,1,1,,2,192,0,,1,1,0,1,0,400,3,, -1,1,1,1,70,16,7,2021,03:38,5,92,92026,2,1,0,1,RN192,48.8907672742,2.2427309569,3,2,2
202100028764,150Â 309,A01,1,1,1,5,1,-1,-1,0,0,-1,2021,20.0,1,2,2,0,2,26,1,,3,12,0,,2,2,0,2,2,250,3,, -1,1,0,8,80,16,7,2021,23:00,3,83,83023,1,1,0,6,D12 pk 3,43.396769,6.08938,23,3,1
202100031881,144Â 767,A01,1,1,1,5,2,0,-1,-1, -1,-1,2021,57.0,3,1,3,9,1,1,1,,7,SEMARD PIERRE (bld),0,,2,2,0,1,0,0,1,, -1,1,0,1,30,25,6,2021,18:20,1,13,13077,2,1,0,6,SEMARD PIERRE (bld),43.4086,5.00188,18,1,1
202100016781,171Â 616,C01,1,1,1,5,8,0,-1,-1, -1,-1,2021,15.0,1,1,0,2,4,1,5,,3,TIGRE (ROUTE DU),0,,2,1,0,1,0,800,1,, -1,1,0,1,50,23,9,2021,16:51,1,973,97302,2,1,0,5,TIGRE (ROUTE DU),4.9187431546,-52.3160283566,16,3,3
202100010861,182Â 315,B01,1,1,2,0,1,-1,-1,0,0,-1,2021,49.0,0,2,0,2,1,15,1,,3,AMIENS (ROUTE D'),0,,2,2,0,1,(1),(1),1,, -1,1,0,1,50,22,10,2021,07:00,5,80,80261,2,1,0,3,Rue Grimaux,49.84845,2.27206,7,2,2
202100036883,135Â 771,A01,1,1,1,9,0,-1,-1,0,0,-1,2021,57.0,1,5,13,0,2,14,1,,2,6,-1,,2,2,0,2,22,0,2,, -1,1,0,3,80,2,6,2021,19:55,3,972,97232,1,1,0,6,N6,14.560864,-60.85207,19,1,1
202100040432,129Â 339,A01,1,1,1,0,2,5,-1,-1, -1,-1,2021,36.0,2,1,0,2,8,2,1,,1,AUTOROUTE A3,0,,3,10,0,1,6,699,1,, -1,1,0,1,90,11,5,2021,08:30,1,93,93053,1,1,0,3,AUTOROUTE A3,48.894814,2.471403,8,2,2
202100015571,173Â 851,B01,1,1,1,0,1,0,-1,-1, -1,-1,2021,35.0,1,2,0,2,3,1,1,,7,3,0,,2,2,0,1,23,750,1,, -1,1,0,1,50,30,9,2021,22:35,5,42,42095,2,1,0,3,Rue Dorian,45.3906443475,4.2779329643,22,2,2
202100014728,175Â 386,B01,1,1,2,5,8,0,-1,-1, -1,-1,2021,46.0,1,2,3,0,1,13,1,,1,Autoroute A31,0,,3,4,0,1,335,299,3,, -1,1,0,1,90,7,10,2021,02:20,3,57,57672,1,1,0,2,Autoroute A31,49.34976,6.10888,2,2,2
202100008715,186Â 156,A01,1,1,1,9,2,8,-1,-1, -1,-1,2021,42.0,1,1,0,2,1,26,1,,4,JAURES JEAN AVENUE,0,,2,4,2,2,(1),(1),1,, -1,1,0,1,50,8,11,2021,20:15,5,59,59507,2,1,0,3,JAURES JEAN AVENUE,50.59895,3.081,20,2,2
202100020294,165Â 360,A01,10,3,2,9,0,-1,-1,4,3,1,2021,85.0,1,4,0,1,1,16,1,,4,AVE DE MERIGNAC CAUD,0,,2,2,2,1,(1),(1),1,, -1,1,0,8,50,6,9,2021,12:00,1,33,33281,2,2,0,6,Rue Alfred de Musset,44.8387246654,-0.6259356043,12,2,1
202100012079,180Â 124,B01,1,1,1,1,2,8,-1,-1, -1,-1,2021,29.0,1,1,0,2,1,1,1,,3,7,0,,2,4,0,1,0,0,3,, -1,1,0,1,50,20,10,2021,19:15,2,92,92004,2,1,0,2,AULAGNIER ( QUAI ),48.9121013473,2.3017501883,19,2,2
202100053998,105Â 229,B01,1,1,1,9,2,6,-1,0,0,-1,2021,61.0,1,1,0,2,1,17,1,,7,,-1,,2,2,0,1,1,117,1,, -1,1,0,1,50,23,1,2021,17:00,2,34,34134,2,3,1,3,Rue du Perpignan,43.5934395092,3.7977719298,17,2,2
202100022496,161Â 420,B01,1,1,1,1,2,6,-1,0,0,-1,2021,38.0,2,1,0,2,2,17,1,,3,2562,0,D,2,2,0,1,4,828,1,, -1,1,0,1,50,5,8,2021,19:40,1,6,6095,2,4,0,3,103 Route de Draguignan,43.636995,6.864785,19,2,2
202100026386,154Â 529,B01,1,1,1,1,2,6,-1,0,0,-1,2021,48.0,2,1,0,2,8,0,1,,2,RN3,0,,2,2,0,2,38,800,2,, -1,1,0,1,50,31,7,2021,08:15,1,974,97422,2,2,0,3,Rue Jean de Fos du Rau,-21.222421,55.555815,8,2,2
202100053381,106Â 306,A01,1,1,1,0,1,-1,-1,0,0,-1,2021,52.0,1,2,0,2,1,1,1,,2,7,0,,3,2,0,1,54,351,1,, -1,1,0,1,70,29,1,2021,19:30,3,26,26124,1,4,0,3,Route Nationale 7,44.847791,4.851966,19,3,2
202100046696,118Â 310,A01,1,1,2,1,2,6,9,0,0,-1,2021,50.0,1,1,0,2,0,18,1,,1,709,-1,A,1,1,0,1,3,700,3,, -1,1,3,1,70,23,3,2021,08:55,1,34,34327,1,1,0,3,autoroute A709-PK003+700-SENS NORD,43.654149,3.989936,8,2,2
202100051289,109Â 998,A01,10,3,1,2,0,-1,-1,4,5,1,2021,14.0,1,2,0,1,3,1,1,,4,MAGINOT (AV. ANDRE),0,,3,3,3,1,(1),(1),1,, -1,1,9,6,50,15,2,2021,12:30,1,37,37261,2,1,0,6,MAGINOT (AV. ANDRE),47.4207646611,0.6948509217,12,3,1
202100045601,120Â 219,A01,2,2,2,0,2,0,-1,-1, -1,-1,2021,21.0,2,1,0,0,1,1,1,,4,QUIMPER (DE 1 A 103 ET 2 A 152),0,,2,2,0,3,(1),(1),1,, -1,2,0,1,50,1,4,2021,02:25,5,29,29019,2,1,0,7,Rue de Quimper,48.40113,-4.454,2,2,1
202100015961,173Â 138,A01,10,3,1,2,0,-1,-1,1,3,1,2021,10.0,1,5,0,1,3,1,1,,3,BALLANGER (BD ROBERT),0,,2,2,0,1,0,0,1,, -1,1,0,1,50,30,9,2021,17:20,1,93,93078,2,1,0,3,BALLANGER (BD ROBERT),48.95547,2.53887,17,2,1
202100004373,193Â 943,B01,1,1,1,0,2,0,-1,-1, -1,-1,2021,24.0,1,1,0,2,0,1,1,,2,N118,0,,1,2,0,1,4,349,1,, -1,1,0,1,90,7,12,2021,09:50,1,92,92048,1,1,0,3,N118,48.7925437743,2.2193625701,9,2,2
202100009326,185Â 034,B01,1,1,1,0,2,6,-1,-1, -1,-1,2021,43.0,3,1,0,2,1,2,1,,1,A86,0,,1,2,0,2,7,0,1,, -1,1,3,1,50,5,11,2021,09:10,1,92,92025,2,2,0,2,STALINGRAD (AV DE),48.935674861,2.2609828413,9,2,2
202100029392,149Â 242,A01,1,1,1,5,1,-1,-1,0,0,-1,2021,22.0,3,2,2,0,9,1,1,,4,,-1,,2,2,0,1,(1),(1),1,,5,1,0,3,50,13,7,2021,05:00,3,66,66008,2,1,0,6,Avenue de la Retirada 1939,42.564632,3.035941,5,2,1
202100051102,110Â 332,A01,10,3,1,5,0,-1,-1,1,9,1,2021,56.0,1,2,0,1,0,24,1,,3,VIC. HUGO(RUE)077A089 ET 090A110,0,,2,3,3,1,0,0,1,, -1,2,0,3,50,18,2,2021,11:55,1,92,92044,2,1,1,6,VIC. HUGO(RUE)077A089 ET 090A110,48.8936188884,2.2994014621,11,2,1
202100009312,185Â 058,A01,10,3,2,0,0,-1,-1,4,3,1,2021,47.0,1,2,0,1,2,9,0,,3,JAURES (RUE JEAN) DE 25 A FIN,0,,2,2,0,1,1,0,3,, -1,1,0,1,50,5,11,2021,14:25,1,93,93057,2,2,0,6,ROBILLARD (AL.),48.9042737758,2.5047048302,14,2,1
202100017335,170Â 666,B01,1,1,2,0,1,-1,-1,0,0,-1,2021,56.0,2,2,0,2,3,13,1,,3,791,0,,2,2,0,1,1,(1),1,, -1,1,0,1,80,26,9,2021,16:30,1,22,22273,1,1,0,3,La Ville MarquÃ©e,48.539,-2.535857,16,4,2
202100009252,185Â 169,A01,1,1,1,5,1,0,-1,-1, -1,-1,2021,70.0,2,2,15,0,3,1,1,,4,ALLIES (COURS DES),0,,2,2,1,1,(1),(1),1,, -1,1,0,4,50,5,11,2021,11:30,1,35,35238,2,1,0,6,ALLIES (COURS DES),48.10556,-1.67435,11,1,1
202100051301,109Â 976,B01,1,1,1,5,8,0,-1,-1, -1,-1,2021,14.0,2,1,0,2,8,1,5,,4,Corniche John FitzgÃ©rald Kennedy,0,,2,2,0,1,0,0,1,, -1,1,0,1,30,15,2,2021,13:45,1,13,13207,2,1,0,6,Corniche John FitzgÃ©rald Kennedy,43.276844081,5.3572879896,13,2,2
202100010919,182Â 207,A01,1,1,1,1,1,0,-1,-1, -1,-1,2021,47.0,1,2,0,2,1,1,1,,3,CD20 E,0,,1,1,0,1,(1),(1),1,, -1,1,0,1,50,26,10,2021,18:30,2,13,13117,2,2,0,3,LONDRES (AVENUE DE),43.4339723449,5.2425869058,18,2,2
202100031091,146Â 169,A01,5,2,1,0,1,0,-1,-1, -1,-1,2021,15.0,2,2,0,2,1,2,1,,7,RN 60,0,,3,4,0,1,93,405,1,, -1,2,0,1,90,29,6,2021,09:45,1,45,45284,1,1,1,2,D2060-PK93+405,47.9238049227,1.955144763,9,6,2
202100039860,130Â 334,A01,1,1,1,5,2,6,9,0,0,-1,2021,65.0,2,1,0,0,0,1,1,,1,20,-1,A,1,1,0,1,272,445,3,, -1,2,0,1,130,16,5,2021,10:00,1,19,19274,1,1,1,7,PK 270.000 A20,45.166509,1.481089,10,1,1
202100041800,126Â 890,B01,1,1,1,0,2,6,-1,-1, -1,-1,2021,26.0,2,1,0,2,1,1,1,,4,CHE AMOUROUX,0,,-1,2,0,1,(1),(1),1,, -1,1,0,1,50,10,4,2021,20:15,3,31,31555,2,1,0,3,CHE AMOUROUX,43.626372,1.459057,20,3,2
202100021947,162Â 394,A01,1,1,1,9,2,0,-1,0,0,-1,2021,36.0,1,1,11,0,6,13,1,,4,AVENUE SIMON BOLIVAR,0,,2,4,0,2,(1),(1),1,, -1,1,0,1,50,28,8,2021,04:26,5,75,75119,2,1,0,6,AVENUE SIMON BOLIVAR,48.875101,2.382478,4,1,1
202100038427,132Â 958,A01,1,1,1,5,2,6,-1,0,0,-1,2021,48.0,2,1,3,0,6,3,1,,2,184,-1,,3,4,0,1,17,775,1,, -1,2,0,1,90,25,5,2021,20:45,2,95,95445,1,1,1,6,RN184,49.097252,2.262703,20,1,1
202100004362,193Â 962,A01,1,1,1,0,1,5,-1,0,0,-1,2021,57.0,2,2,0,2,1,1,1,,3,917,-1,,2,2,0,1,(1),(1),1,, -1,1,0,1,80,17,10,2021,21:00,3,59,59269,1,1,0,2,D917,50.0471544934,3.0947327614,21,2,2
202100045704,120Â 049,A01,10,3,2,3,0,-1,-1,3,3,2,2021,63.0,2,2,0,1,3,15,1,,4,,0,,1,1,0,1,(1),(1),1,, -1,1,0,1,50,31,3,2021,10:15,1,69,69283,2,2,0,6,8 MAI 1945 (DU) (R),45.6629416393,4.9561080337,10,3,1
202100038053,133Â 643,B01,1,1,2,0,2,0,-1,-1, -1,-1,2021,32.0,3,1,0,2,1,9,3,,4,MOREAU DAVID (PL),0,,1,1,0,1,0,0,1,, -1,1,9,1,15,17,5,2021,13:25,1,94,94033,2,7,0,1,MOREAU DAVID (PL),48.8437,2.465,13,2,2
202100030303,147Â 599,A01,1,1,1,5,1,-1,-1,0,0,-1,2021,33.0,2,2,0,2,3,11,1,,3,631,0,,2,2,0,1,11,0,3,, -1,1,0,1,80,26,6,2021,00:00,3,81,81104,1,1,0,3,D631,43.7489399256,1.80272877,0,2,2
202100024406,158Â 059,B01,1,1,1,5,6,-1,-1,0,0,-1,2021,18.0,2,1,0,2,1,1,1,,4,,-1,,2,2,0,1,(1),(1),3,,4,1,0,1,30,13,8,2021,17:49,1,10,10323,2,5,0,3,23 Rue Gambetta,48.514896,3.72404,17,2,2
202100002738,196Â 877,Y01,1,1,1,9,2,-1,-1,-1, -1,-1,2021,24.0,1,1,0,2,1,1,3,,4,,0,,1,2,3,1,(1),(1),1,, -1,2,0,1,50,15,12,2021,18:20,5,69,69382,2,1,1,2,TILSITT (Q),45.75778,4.82794,18,2,2
202100050816,110Â 847,A01,1,1,1,0,2,6,9,0,0,-1,2021,25.0,1,1,0,2,1,0,1,,3,22,0,D,2,2,0,3,29,760,3,, -1,1,0,1,80,21,2,2021,10:50,1,64,64377,1,1,0,1,dÃ©partementale 22,43.352911,-1.270468,10,2,2
202100036820,135Â 886,B01,2,2,1,1,1,5,-1,-1, -1,-1,2021,59.0,1,2,0,2,4,2,1,,2,RN 1569 LA TRANSHUMANCE,0,,2,2,0,1,16,200,1,, -1,1,0,1,80,2,6,2021,09:45,1,13,13047,1,1,0,2,N1569,43.4978185484,4.9663015486,9,3,2
202100042099,126Â 378,B01,1,1,1,5,0,-1,-1,0,0,-1,2021,80.0,1,1,0,2,1,1,5,,3,752,-1,D,2,2,0,1,0,0,1,, -1,1,0,1,50,28,4,2021,15:45,1,44,44213,2,2,0,2,Place Jeanne d'Arc,47.38485,-1.029153,15,2,2
202100013155,178Â 234,A01,1,1,1,1,1,-1,-1,0,0,-1,2021,32.0,1,2,13,0,3,1,1,,3,28,0,D,2,2,0,1,20,0,1,, -1,1,0,3,80,16,10,2021,03:00,3,80,80481,1,1,0,7,D28,49.826356,2.751045,3,1,1
202100004147,194Â 331,A01,1,1,2,4,1,-1,-1,0,0,-1,2021,51.0,1,2,3,2,3,2,1,,1,75,-1,,1,4,0,2,87,151,3,, -1,5,0,1,110,8,12,2021,13:30,1,15,15055,1,1,1,3,A75 PK 087.200,45.096856,3.127187,13,4,2
202100011686,180Â 838,A01,2,2,2,5,1,-1,-1,0,0,-1,2021,19.0,2,2,6,0,2,14,1,,3,12,-1,,2,2,0,1,(1),(1),2,, -1,1,0,3,50,23,10,2021,02:15,3,63,63090,2,1,0,6,Route du ChÃ¢teau,46.03,3.184855,2,2,1
202100030881,146Â 562,A01,10,3,2,5,0,-1,-1,5,1,2,2021,63.0,1,2,0,0,0,1,1,,4,,-1,,1,2,0,1,(1),(1),1,,5,2,0,1,50,4,7,2021,10:10,1,60,60176,2,1,1,7,Rue Jeanne dâArc,49.236095,2.887339,10,2,1
202100048650,114Â 796,A01,1,1,2,1,2,4,-1,-1, -1,-1,2021,27.0,2,1,0,2,1,17,5,,7,GEORGES CLEMENCEAU                  (QU),0,,2,2,0,1,12,50,1,, -1,1,0,1,50,9,3,2021,08:15,1,69,69034,2,3,0,3,GEORGES CLEMENCEAU (Q),45.81383,4.84931,8,2,2
202100031558,145Â 346,B01,1,1,1,5,3,0,-1,-1, -1,-1,2021,10.0,3,1,0,2,1,1,5,,4,RUE GÃNÃRAL MANGIN,0,,3,5,1,1,(1),(1),1,, -1,1,0,1,50,28,6,2021,15:00,1,38,38185,2,1,0,3,RUE GÃNÃRAL MANGIN,45.17378,5.71675,15,2,2
202100026747,153Â 912,A01,2,2,2,0,1,-1,-1,0,0,-1,2021,20.0,1,2,13,0,7,1,1,,3,307,0,,2,2,0,2,4,700,4,, -1,2,0,3,80,27,7,2021,13:45,1,28,28417,1,1,1,6,D307 PR4+700,48.622988,1.575143,13,2,1
202100039072,131Â 797,B01,1,1,1,2,8,0,-1,-1, -1,-1,2021,18.0,2,0,0,2,1,1,3,,4,VALLEE (CHEMIN DE LA),0,,2,2,3,2,0,0,1,, -1,1,0,1,30,20,5,2021,12:00,1,91,91477,2,2,0,3,VALLEE (CHEMIN DE LA),48.72381,2.23826,12,3,2
202100016481,172Â 166,A01,2,2,1,5,1,8,-1,0,0,-1,2021,15.0,1,2,0,1,1,26,1,,4,CARPENTIER (R GEORGES),0,,2,1,0,1,(1),(1),1,, -1,1,6,1,50,16,9,2021,09:00,1,62,62510,2,4,0,6,CARPENTIER (R GEORGES),50.423955,2.755937,9,3,1
202100041906,126Â 712,A01,1,1,1,0,2,-1,-1,-1, -1,-1,2021,21.0,3,1,0,2,3,26,1,,4,TOULOUSE (AVENUE DE,0,,1,1,0,1,(1),(1),1,, -1,1,0,1,50,29,4,2021,19:00,1,34,34172,2,9,0,2,TOULOUSE (AVENUE DE),43.58784,3.8543,19,2,2
202100009992,183Â 837,B01,1,1,2,5,1,0,-1,-1, -1,-1,2021,26.0,2,2,0,2,8,1,1,,4,BASSIN PLAT(CHEMIN),0,,2,2,0,2,48,0,1,, -1,1,9,1,50,31,10,2021,19:35,3,974,97416,1,6,0,3,BASSIN PLAT(CHEMIN),-21.3271,55.4935,19,3,2
202100048452,115Â 153,B01,1,1,1,1,2,0,-1,-1, -1,-1,2021,31.0,-1,1,0,2,7,2,1,,3,VAILLANT COUTURIER PAUL (AV) NR 2 A 110,0,,2,2,0,1,0,1,1,, -1,1,0,1,15,11,3,2021,10:30,1,93,93066,2,1,0,3,VAILLANT COUTURIER PAUL (AV) NR 2 A 110,48.9321290403,2.3650419694,10,2,2
202100027242,153Â 023,B01,3,2,2,0,1,0,-1,-1, -1,-1,2021,19.0,1,2,0,2,2,1,1,,4,,0,,1,1,0,1,0,0,1,, -1,1,0,1,50,24,7,2021,20:45,1,92,92044,2,2,0,3,LOUIS ROUQUIER (RUE)113+ ET 106+,48.89276,2.29189,20,4,2
202100015231,174Â 478,A01,1,1,1,5,8,0,-1,0,0,-1,2021,28.0,1,1,0,0,0,1,5,,4,RUE DE L AMIRAL DE COLIGNY,0,,2,2,0,1,(1),(1),1,, -1,1,0,1,30,4,10,2021,19:00,1,75,75101,2,2,0,7,RUE DE L AMIRAL DE COLIGNY,48.860914,2.340802,19,1,1
202100050327,111Â 744,B01,1,1,1,1,1,5,-1,-1, -1,-1,2021,51.0,2,2,0,2,3,13,1,,3,LILLE (RUE DE),0,,2,2,0,1,1,0,1,, -1,1,0,1,70,24,2,2021,07:05,3,59,59428,1,1,0,1,LILLE (RUE DE),50.1909242625,3.2146167755,7,2,2
202100049430,113Â 406,B01,1,1,1,4,8,0,-1,-1, -1,-1,2021,25.0,2,1,0,2,7,9,5,,4,986,0,,2,5,3,1,1,0,1,, -1,1,0,1,50,2,3,2021,19:40,5,92,92025,2,2,0,3,GABRIEL PERI (RUE),48.9229060736,2.2496773303,19,2,2
202100027754,152Â 098,A01,1,1,1,5,1,0,-1,0,0,-1,2021,71.0,1,2,9,0,1,16,1,,2,ALPHONSE DAUDET,0,,2,2,0,1,39,211,1,, -1,1,0,1,50,20,7,2021,13:15,1,5,5061,2,4,0,6,ALPHONSE DAUDET,44.54875,6.06704,13,1,1
202100011633,180Â 929,A01,1,1,2,1,2,6,-1,0,0,-1,2021,54.0,3,1,0,0,3,1,3,,4,PLACE DE LA PORTE DE MONTREUIL,0,,1,3,1,2,(1),(1),2,, -1,2,0,1,30,21,10,2021,18:15,1,75,75120,2,7,0,7,PLACE DE LA PORTE DE MONTREUIL,48.853947,2.41303,18,1,1
202100051095,110Â 345,A01,10,3,1,3,0,-1,-1,4,3,1,2021,69.0,1,2,0,1,3,1,1,,3,GALLIENI (AVENUE DU GENERAL),0,,1,2,0,1,1230,1,3,, -1,2,0,1,50,18,2,2021,11:15,1,93,93077,2,1,1,6,GALLIENI (AVENUE DU GENERAL),48.8913537873,2.507276555,11,2,1
202100008208,187Â 047,A01,1,1,1,5,2,6,-1,0,0,-1,2021,32.0,2,1,0,2,1,2,1,,3,27,0,D,2,2,0,1,22,500,1,, -1,1,0,1,70,14,11,2021,12:15,1,13,13097,1,1,0,2,DÃ©partementale 27,43.637212,4.847679,12,2,2
202100044346,122Â 405,A01,1,1,1,4,8,-1,-1,0,0,-1,2021,34.0,2,4,3,0,7,14,1,,2,31,-1,,2,4,3,1,28,350,1,, -1,1,0,2,-1,13,4,2021,15:20,1,60,60009,1,1,0,6,N31,49.395376,2.118516,15,1,1
202100044355,122Â 389,A01,10,3,2,5,0,-1,-1,5,2,1,2021,77.0,2,2,0,1,1,9,1,,4,HENON                               (R ),0,,2,-1,0,2,(1),(1),1,, -1,1,0,4,50,10,4,2021,11:55,1,69,69384,2,1,0,6,JACQUES-LOUIS HENON (R),45.77954,4.828634,11,3,2
202100055906,101Â 945,B01,1,1,1,1,2,6,-1,-1, -1,-1,2021,20.0,3,1,0,2,1,17,1,,4,,0,,2,2,0,1,0,0,1,, -1,1,0,1,50,7,1,2021,07:45,5,64,64102,2,1,0,3,BERNARD (CHEMIN DE SAINT),43.50248,-1.48371,7,2,2
202100014077,176Â 535,A01,1,1,2,0,1,-1,-1,0,0,-1,2021,19.0,0,5,0,2,1,1,1,,3,3,0,,2,2,0,1,(1),(1),1,, -1,1,5,1,80,9,10,2021,21:50,5,38,38565,1,6,0,2,Chemin Departemental 3,45.27309,5.626652,21,2,2
202100024125,158Â 537,A01,1,1,1,5,1,0,-1,-1, -1,-1,2021,21.0,2,2,0,2,8,10,0,,4,FULGENCIO GIMENEZ                   (R ),0,,2,2,0,1,(1),(1),1,, -1,1,0,1,50,14,8,2021,18:50,1,69,69256,2,1,0,3,FULGENCIO GIMENEZ (R),45.7518588207,4.921746254,18,2,2
202100004302,194Â 071,A01,1,1,2,1,0,8,-1,0,0,-1,2021,40.0,2,1,0,0,0,25,3,,3,AV DE MARECHAL DE LATTRE DE TASSIGNY ,0,,3,4,0,1,1,0,1,, -1,2,9,4,1,7,12,2021,07:13,5,94,94033,2,1,1,7,Avenue de Lattre de Tassigny,48.85746,2.49154,7,1,1
202100048280,115Â 452,A01,2,2,2,4,8,0,-1,-1, -1,-1,2021,42.0,2,3,0,1,3,1,3,,4,REPUBLIQUE (RUE DE LA),0,,2,2,3,1,(1),(1),1,, -1,1,0,6,50,12,3,2021,13:13,1,13,13202,2,1,0,6,REPUBLIQUE (RUE DE LA),43.30169,5.3698,13,3,1
202100028631,150Â 536,B01,1,1,2,5,8,0,-1,-1, -1,-1,2021,20.0,1,1,0,2,8,19,5,,4,GENERAL DE CASTELNAU (RUE DU),0,,2,2,0,1,0,0,1,, -1,2,6,1,50,13,7,2021,10:07,1,57,57672,2,1,1,6,GENERAL DE CASTELNAU (RUE DU),49.35218,6.16033,10,2,2