Num_Acc,id_vehicule,num_veh,place,catu,sexe,trajet,secu1,secu2,secu3,locp,actp,etatp,year_acc,victim_age,senc,catv,obs,obsm,choc,manv,motor,occutc,catr,voie,v1,v2,circ,nbv,vosp,prof,pr,pr1,plan,lartpc,larrout,surf,infra,situ,vma,jour,mois,an,hrmn,lum,dep,com,agg_,int,atm,col,adr,lat,long,hour,nb_victim,nb_vehicules
202100012254,179Â 820,B01,1,1,1,5,2,6,-1,-1, -1,-1,2021,30.0,2,1,0,2,1,1,1,,3,JEAN COMPAGNON (QU),0,,2,2,0,1,0,0,1,, -1,1,0,1,50,19,10,2021,19:15,5,94,94041,2,3,0,3,Quai Jean Compagnon,48.82076,2.39545,19,2,2
202100048720,114Â 674,A01,10,3,1,2,0,-1,-1,3,3,3,2021,12.0,2,2,0,1,0,1,0,,4,ARISTIDE BRIAND(RUE)1A49 ET 2A52,0,,1,2,3,1,0,0,1,, -1,1,0,1,50,9,3,2021,16:45,1,92,92044,2,2,0,6,ARISTIDE BRIAND(RUE)1A49 ET 2A52,48.8904231191,2.2836488485,16,2,1
202100013279,178Â 004,A01,1,1,1,0,2,4,-1,-1, -1,-1,2021,15.0,1,1,0,2,0,9,1,,3,,0,,3,2,0,1,37,928,1,, -1,1,9,1,50,14,10,2021,15:00,1,30,30243,2,6,0,3,MOULIN (AVENUE J.),44.0816,4.0777,15,2,2
202100008884,185Â 861,A01,1,1,1,1,0,-1,-1,0,0,-1,2021,51.0,2,2,6,0,3,1,1,,3,3,0,,2,2,0,1,43,500,3,, -1,1,0,1,50,9,11,2021,07:30,2,9,9285,2,1,0,6,D3,42.860043,1.198282,7,1,1
202100016886,171Â 439,B01,1,1,1,0,2,8,-1,-1, -1,-1,2021,40.0,1,1,0,2,4,9,1,,3,MARRONNIERS ( ROND POINT DES ),0,,1,2,0,1,28,0,4,, -1,1,0,1,50,22,9,2021,17:40,1,62,62119,2,6,0,2,MARRONNIERS ( ROND POINT DES ),50.544692,2.636395,17,2,2
202100046686,118Â 324,A01,2,2,1,0,2,6,-1,0,0,-1,2021,20.0,1,1,0,2,7,19,1,,3,56,0,,2,2,0,1,0,6,1,, -1,1,0,1,80,26,3,2021,17:00,1,41,41235,1,2,0,5,D357,47.912502,0.837815,17,4,3
202100007819,187Â 769,A01,1,1,2,0,1,-1,-1,-1, -1,-1,2021,43.0,3,2,0,2,3,20,1,,4,AVE MIRIEU DE LABARRE,0,,2,1,0,1,(1),(1),1,, -1,1,0,1,50,15,11,2021,11:14,1,33,33550,2,1,0,1,Avenue Mirieu de Labarre,44.78285,-0.53689,11,3,2
202100056443,101Â 008,B01,1,1,1,5,2,0,-1,-1, -1,-1,2021,52.0,1,1,0,2,1,1,1,,3,PRESIDENT KENNEDY (50 A LA FIN),0,,2,2,0,1,0,0,1,, -1,1,0,1,50,1,1,2021,14:30,1,92,92002,2,2,0,3,PRESIDENT KENNEDY (50 A LA FIN),48.7362449703,2.2917700107,14,2,2
202100054837,103Â 782,A01,1,1,1,0,1,0,-1,-1, -1,-1,2021,58.0,1,2,3,0,2,26,2,,1,A13,0,,3,4,0,2,24,149,1,, -1,1,0,1,110,16,1,2021,03:15,3,78,78498,1,1,0,6,A13,48.91471,2.00602,3,1,1
202100002302,197Â 676,A01,10,3,1,0,0,-1,-1,9,B,1,2021,51.0,2,2,0,1,2,1,1,,3,10,-1,,-1,2,0,1,(1),(1),1,,7,2,0,1,50,20,12,2021,06:00,2,972,97225,2,1,0,6,D10,14.760773,-61.189213,6,2,1
202100053987,105Â 249,A01,1,1,1,5,0,-1,-1,0,0,-1,2021,34.0,2,2,6,0,8,13,1,,4,,-1,,2,2,0,1,(1),(1),1,, -1,2,0,3,50,24,1,2021,17:30,2,71,71522,2,1,1,6,549 Route du Taillet,46.606399,4.951858,17,1,1
202100029204,149Â 552,A01,2,2,2,5,1,-1,-1,0,0,-1,2021,21.0,1,2,16,0,9,0,1,,3,D498,0,,2,2,0,2,4,10,1,, -1,9,0,3,50,13,7,2021,22:00,3,42,42318,1,1,0,7,D498,45.367471,3.92301,22,3,1
202100017285,170Â 754,A01,1,1,1,5,0,-1,-1,0,0,-1,2021,44.0,2,2,0,2,1,13,0,,3,4,-1,,2,2,0,1,19,200,1,, -1,1,0,1,80,23,9,2021,09:30,1,42,42157,1,1,0,1,Route de la Benisson Dieu,46.1398,4.012717,9,2,2
202100006055,190Â 976,A01,1,1,1,5,1,0,-1,0,0,-1,2021,43.0,2,2,2,0,2,5,1,,3,64,0,D,2,2,0,1,9,900,3,, -1,1,0,3,-1,28,11,2021,00:25,3,34,34329,1,6,0,6,D64,43.253029,3.253128,0,1,1
202100051602,109Â 456,C01,1,1,2,1,1,0,-1,-1, -1,-1,2021,28.0,1,2,0,2,4,2,1,,3,NEUILLY (ROUTE),0,,2,3,1,2,0,1,1,, -1,1,0,1,50,13,2,2021,19:30,5,93,93051,2,2,0,4,NEUILLY (ROUTE),48.84806,2.53887,19,5,4
202100013200,178Â 140,C01,3,2,2,9,1,0,-1,-1, -1,-1,2021,53.0,1,2,0,2,4,2,1,,1,A86,0,,3,3,0,1,7,900,1,, -1,1,0,1,90,13,10,2021,17:04,1,92,92036,1,1,0,4,A86,48.9353585481,2.2851630231,17,7,3
202100042716,125Â 278,A01,10,3,2,0,0,-1,-1,3,3,1,2021,93.0,1,4,0,1,2,15,0,,4,JOINEAU ANDRE RUE,0,,2,2,0,1,1,0,1,, -1,1,0,1,30,23,4,2021,18:30,1,93,93061,2,3,0,6,JOINEAU ANDRE RUE,48.88389,2.40343,18,2,1
202100038878,132Â 132,A01,1,1,2,0,8,-1,-1,-1, -1,-1,2021,19.0,3,2,0,2,8,15,1,,4,CARNOT                              (R ),0,,2,2,0,1,(1),(1),1,, -1,1,0,1,30,21,5,2021,10:00,1,69,69199,2,3,0,3,CARNOT (R),45.70801,4.85981,10,2,2
202100042561,125Â 550,A01,10,3,1,5,0,-1,-1,8,3,1,2021,67.0,3,0,0,1,4,4,1,,6,,-1,,-1,-1,0,1,35,500,1,, -1,1,0,8,10,26,4,2021,15:40,1,76,76164,2,1,0,7,Avenue Winston Churchill,49.524599,0.722405,15,2,1
202100017731,169Â 933,A01,1,1,1,1,2,9,-1,0,0,-1,2021,21.0,3,1,2,0,1,1,1,,3,50,-1,,2,2,0,1,29,500,1,, -1,1,0,1,80,22,9,2021,05:30,3,50,50087,1,1,0,1,Route des Forges,49.5593,-1.587557,5,1,1
202100034359,140Â 321,B01,1,1,2,5,1,-1,-1,0,0,-1,2021,75.0,1,2,0,2,3,13,1,,3,42,0,,2,2,0,3,51,650,1,, -1,2,0,1,80,16,6,2021,16:35,1,29,29275,1,1,0,1,Lieu Dit Menez Bras,48.440561,-3.667095,16,2,2
202100026425,154Â 463,B01,1,1,2,0,1,0,-1,-1, -1,-1,2021,21.0,1,2,14,2,1,1,1,,2,REDOUTE (ROUTE DE LA),0,,2,2,0,1,2,600,1,, -1,2,0,1,50,28,7,2021,21:35,5,972,97209,1,1,0,2,REDOUTE (ROUTE DE LA),14.6253613541,-61.0607528687,21,2,2
202100021381,163Â 427,A01,1,1,1,0,8,-1,-1,0,0,-1,2021,86.0,2,2,1,0,2,14,1,,3,,-1,,1,2,0,1,(1),(1),1,,4,1,0,1,50,2,9,2021,08:00,1,3,3298,2,1,0,6,22 Rue du 4 Septembre,46.314109,3.401009,8,1,1
202100037315,134Â 973,A01,1,1,1,1,8,0,-1,-1, -1,-1,2021,64.0,1,1,0,2,1,17,5,,4,VALMY (RUE DE),0,,2,2,0,1,0,0,1,, -1,1,0,1,50,31,5,2021,07:50,1,93,93001,2,1,0,3,VALMY (RUE DE),48.922334,2.380823,7,2,2
202100027705,152Â 193,A01,1,1,2,5,1,0,-1,-1, -1,-1,2021,68.0,1,2,3,2,1,14,1,,1,AUTOROUTE A20,0,,3,4,0,1,173,899,1,, -1,1,0,1,110,18,7,2021,16:28,1,87,87085,1,1,0,6,AUTOROUTE A20,45.90663,1.2916,16,1,1
202100021463,163Â 276,A01,1,1,2,0,8,0,-1,0,0,-1,2021,66.0,3,1,0,2,0,0,5,,4,GUILLOUARD (PLACE),0,,1,2,0,1,1,0,2,, -1,1,0,1,50,1,9,2021,18:15,1,14,14118,2,6,0,3,GUILLOUARD (PLACE),49.18101,-0.37007,18,2,2
202100042232,126Â 136,A01,1,1,2,1,2,6,-1,-1, -1,-1,2021,51.0,1,1,0,2,1,2,1,,2,"CHARLES DE GAULLE (AVENUE, NÂ°27 A 129)",0,,3,6,0,1,0,0,1,, -1,1,0,1,50,27,4,2021,09:35,1,92,92051,2,1,0,2,"CHARLES DE GAULLE (AVENUE, NÂ°27 A 129)",48.8809057586,2.27229774,9,2,2
202100016427,172Â 272,A01,1,1,1,0,2,0,-1,-1, -1,-1,2021,35.0,2,1,0,2,7,3,1,,1,A13,0,,3,3,0,1,9,70,1,, -1,1,0,2,110,28,9,2021,09:30,1,78,78158,1,1,0,5,A13,48.83143,2.14661,9,3,3
202100017050,171Â 149,B01,1,1,1,1,2,0,-1,0,0,-1,2021,30.0,2,1,0,2,2,1,1,,4,BOULEVARD DE L HOPITAL,0,,2,5,0,2,(1),(1),1,, -1,1,0,1,50,23,9,2021,21:35,5,75,75113,2,4,0,3,BOULEVARD DE L HOPITAL,48.8388736752,2.3609940989,21,2,2
202100017125,171Â 026,B01,1,1,1,0,2,0,-1,-1, -1,-1,2021,48.0,1,1,0,2,1,1,3,,3,AVENUE GASTON ROUSSEL,0,,2,2,0,1,0,0,1,, -1,1,0,1,50,25,9,2021,15:20,1,93,93063,2,1,0,3,AVENUE GASTON ROUSSEL,48.89242,2.44194,15,2,2
202100054941,103Â 605,A01,1,1,1,4,2,6,-1,-1, -1,-1,2021,16.0,3,1,0,2,2,1,1,,4,CARNOT (AVENUE) DU 1-2 AU 43-46,0,,1,1,0,2,1,0,1,, -1,1,0,1,50,15,1,2021,21:50,5,93,93049,2,2,0,3,CARNOT (AVENUE) DU 1-2 AU 43-46,48.864,2.5033,21,2,2
202100040409,129Â 381,A01,1,1,1,5,1,-1,-1,0,0,-1,2021,43.0,1,2,0,2,3,1,1,,3,706,-1,,2,2,0,3,8,230,3,, -1,1,0,1,70,12,5,2021,14:15,1,64,64472,1,1,0,1,18 Route de Serres-castet,43.37569,-0.315508,14,2,2
202100005623,191Â 738,B01,2,2,2,5,1,-1,-1,-1,0,-1,2021,52.0,2,2,0,2,4,2,1,,1,AUTOROUTE A115,0,,3,4,0,1,6,0,1,, -1,2,0,1,110,30,11,2021,19:20,3,95,95607,1,1,1,4,A115,49.0134326151,2.2196245193,19,4,3
202100043621,123Â 707,A01,1,1,1,3,1,-1,-1,0,0,-1,2021,77.0,1,2,0,2,1,1,1,,4,CLEMENCEAU (RUE GEORGES),0,,1,-1,0,1,(1),(1),1,, -1,1,0,1,50,16,4,2021,16:25,1,65,65440,2,2,0,3,CLEMENCEAU (RUE GEORGES),43.233299,0.079844,16,2,2
202100032755,143Â 225,A01,1,1,1,5,2,6,-1,0,0,-1,2021,39.0,1,1,0,2,1,1,1,,3,63,0,D,-1,2,0,1,17,0,1,, -1,2,5,1,80,22,6,2021,17:00,1,22,22271,1,2,1,3,Pen Lan,48.480176,-3.13252,17,2,2
202100033954,141Â 072,A01,1,1,1,0,2,-1,-1,0,0,-1,2021,55.0,0,1,0,0,0,0,0,,4,0,0,,2,2,0,1,0,0,1,, -1,1,0,1,50,17,6,2021,21:40,5,30,30156,2,1,0,7,Avenue de Mezeirac,43.866118,4.448488,21,1,1
202100043115,124Â 607,B01,1,1,2,0,1,-1,-1,0,0,-1,2021,55.0,1,2,0,0,1,1,1,,3,71,0,D,2,2,0,1,4,20,1,, -1,1,0,1,80,22,4,2021,19:20,1,27,27400,1,3,0,1,D71,48.959116,1.40949,19,2,2
202100051843,109Â 036,B01,1,1,1,5,0,-1,-1,0,0,-1,2021,19.0,3,1,0,2,1,1,5,,4,,-1,,2,2,0,1,(1),(1),1,, -1,1,0,1,50,11,2,2021,12:00,1,33,33108,2,2,0,3,36 Rue du Champ de Foire,44.852994,-0.047612,12,2,2
202100055555,102Â 551,A01,10,3,1,2,0,-1,-1,3,3,1,2021,11.0,2,2,0,1,1,1,1,,4,FOUILLEUSE (AVENUE DE),0,,2,2,0,1,0,0,1,, -1,1,0,1,50,5,1,2021,17:00,5,92,92063,2,3,0,6,FOUILLEUSE (AVENUE DE),48.86145,2.19968,17,2,1
202100039269,131Â 409,A01,1,1,1,1,2,6,-1,-1, -1,-1,2021,30.0,2,1,12,0,2,1,1,,4,CHRISTOPHE COLOMB (AVENUE),0,,3,4,0,1,(1),(1),2,, -1,1,0,1,70,18,5,2021,21:42,2,76,76351,1,3,0,7,CHRISTOPHE COLOMB (AVENUE),49.48049,0.14877,21,1,1
202100042428,125Â 780,A01,1,1,1,0,2,-1,-1,-1, -1,-1,2021,29.0,1,1,0,2,8,1,5,,4,BRIGADIER VOITURET (DU)             (R ),0,,1,1,0,1,(1),(1),1,, -1,1,0,1,50,26,4,2021,19:30,1,69,69387,2,3,0,3,BRIGADIER VOITURET (DU) (R),45.74657,4.8465,19,2,2
202100046842,118Â 052,B01,1,1,1,2,0,-1,-1,0,0,-1,2021,14.0,1,1,0,2,4,2,5,,3,,-1,,2,2,0,1,9,0,1,, -1,1,0,1,50,24,3,2021,15:07,1,973,97309,2,3,0,1,Avenue Just Auguste,4.893486,-52.273808,15,2,2
202100029061,149Â 798,A01,1,1,1,1,1,8,-1,-1, -1,-1,2021,22.0,2,2,4,0,4,26,1,,1,AUTOROUTE A6,0,,1,3,0,2,31,799,1,, -1,2,0,8,110,13,7,2021,21:45,2,91,91659,1,1,1,6,AUTOROUTE A6,48.57843,2.46313,21,1,1
202100012047,180Â 175,A01,1,1,1,5,1,0,-1,0,0,-1,2021,86.0,2,2,8,0,3,9,1,,4,RUE DE LA TOMBE ISSOIRE,0,,1,3,1,1,(1),(1),1,, -1,2,0,1,30,20,10,2021,09:45,1,75,75114,2,1,0,6,RUE DE LA TOMBE ISSOIRE,48.831542,2.335005,9,2,1
202100025445,156Â 181,A01,10,3,2,5,0,-1,-1,3,3,1,2021,87.0,2,2,0,1,1,12,1,,4,RUE DU GENERAL CHANZY,0,,2,3,0,1,(1),(1),1,, -1,1,0,1,30,4,8,2021,09:28,1,54,54329,2,3,0,6,RUE DU GENERAL CHANZY,48.5958,6.4896,9,2,1
202100038460,132Â 898,A01,1,1,1,0,2,6,-1,0,0,-1,2021,54.0,2,1,0,2,1,17,1,,1,8,-1,,1,1,0,1,200,129,1,, -1,1,3,1,50,22,5,2021,18:00,1,6,6088,1,1,0,1,"autoroute A8 , bretelle de sortie sud , NICE-Est, NÂ°55,PK200+129",43.733238,7.285357,18,3,2
202100047453,116Â 944,B01,1,1,1,5,2,6,9,0,0,-1,2021,31.0,2,1,0,2,8,1,1,,4,,-1,,2,2,0,1,(1),(1),1,, -1,1,0,1,50,18,3,2021,16:00,1,33,33056,2,3,0,1,Avenue de Tanais,44.929994,-0.642791,16,2,2
202100047909,116Â 100,B01,1,1,1,5,2,6,-1,-1, -1,-1,2021,22.0,1,1,14,2,1,1,1,,4,MONTHLERY (ROUTE DE),0,,2,2,0,2,0,0,1,, -1,1,0,1,50,7,3,2021,12:40,1,91,91471,2,3,0,5,MONTHLERY (ROUTE DE),48.69177,2.18113,12,4,3
202100038575,132Â 696,A01,1,1,1,5,2,6,-1,0,0,-1,2021,18.0,3,1,0,2,1,0,1,,3,53,0,U,3,2,0,1,0,10,1,, -1,1,0,1,80,24,5,2021,14:50,1,67,67324,1,9,0,3,RD53,48.972654,7.688992,14,2,2
202100041580,127Â 277,A01,1,1,1,3,1,0,-1,-1, -1,-1,2021,53.0,3,2,9,0,2,14,1,,4,ROBERT SCHUMAN (AVENUE),0,,2,2,0,1,0,0,2,, -1,1,0,1,50,3,5,2021,14:40,1,92,92048,2,1,0,6,ROBERT SCHUMAN (AVENUE),48.7890092262,2.2339252176,14,1,1
202100030227,147Â 733,B01,1,1,1,5,2,6,-1,0,0,-1,2021,29.0,3,1,0,2,1,1,1,,4,ALLEE DE LA REINE MARGUERITE,0,,2,2,0,1,(1),(1),1,, -1,1,0,1,30,5,7,2021,22:00,5,75,75116,2,2,0,3,ALLEE DE LA REINE MARGUERITE,48.858574,2.244882,22,2,2
202100018424,168Â 695,B01,1,1,1,0,8,0,-1,-1, -1,-1,2021,16.0,-1,1,0,2,1,1,1,,3,QUATRIEME ZOUAVES (RUE DU),0,,3,2,0,4,1,0,1,, -1,1,2,1,30,17,9,2021,00:20,5,93,93064,2,1,0,3,QUATRIEME ZOUAVES (RUE DU),48.87304,2.48055,0,2,2
202100037875,133Â 962,B01,2,2,2,1,2,6,-1,-1, -1,-1,2021,64.0,2,1,0,2,6,1,1,,3,AULAGNIER ( QUAI ),0,,2,4,0,1,0,0,1,, -1,1,2,1,50,28,5,2021,19:30,1,92,92004,2,1,0,2,GENNEVILLIERS (PONT DE),48.91356,2.31069,19,3,2
202100027998,151Â 662,A01,1,1,1,5,1,-1,-1,0,0,-1,2021,21.0,2,2,1,2,1,1,1,,3,,-1,,2,2,0,1,9,363,2,, -1,2,0,1,50,16,5,2021,01:25,5,33,33207,2,3,1,3,Avenue du GÃ©nÃ©ral de Gaulle,44.920958,-0.364738,1,5,2
202100050449,111Â 524,B01,1,1,1,5,0,-1,-1,-1, -1,-1,2021,37.0,1,1,0,2,1,1,5,,3,BRAUN THEODORE  AV,0,,2,2,3,1,22,800,1,, -1,1,0,4,50,23,2,2021,15:10,1,69,69264,2,1,0,3,BRAUN THEODORE (AV),45.980881154,4.7404709233,15,2,2
202100023538,159Â 565,B01,8,2,2,0,1,-1,-1,0,0,-1,2021,51.0,0,2,0,2,1,1,1,,3,124Z,-1,,3,2,0,1,5,800,1,, -1,1,0,1,80,19,8,2021,19:00,1,38,38557,1,1,0,1,D124z,45.771229,5.125911,19,6,2
202100003132,196Â 168,A01,10,3,1,9,0,-1,-1,1,9,3,2021,25.0,3,2,0,1,7,1,1,,6,Rue EugÃ¨ne Berest,0,,-1,-1,0,1,(1),(1),1,, -1,1,9,1,30,24,10,2021,02:40,5,29,29019,2,1,0,7,Rue EugÃ¨ne Berest,48.39378,-4.43411,2,2,1
202100033713,141Â 503,A01,1,1,1,5,2,6,-1,0,0,-1,2021,23.0,1,1,9,0,1,6,1,,3,1003,-1,,2,2,0,1,20,550,1,, -1,1,0,1,50,19,6,2021,03:00,5,2,2292,2,6,0,6,Avenue Ernest Couvrecelle,49.037731,3.412119,3,1,1
202100029793,148Â 535,B01,1,1,1,9,2,0,-1,-1, -1,-1,2021,27.0,1,1,6,2,7,25,1,,4,ALBERT 1ER (BD),0,,3,2,2,1,(1),(1),1,, -1,1,0,4,50,9,7,2021,19:40,1,35,35238,2,1,0,3,ALBERT 1ER (BD),48.089918719,-1.6861774027,19,4,2
202100035924,137Â 475,B01,1,1,1,1,1,8,-1,-1, -1,-1,2021,46.0,1,2,0,2,1,1,1,,4,LAVOISIER (ANTOINE DE),0,,2,2,0,1,(1),(1),3,, -1,1,0,1,50,7,6,2021,21:03,1,17,17228,2,1,0,1,LAVOISIER (ANTOINE DE),45.63418,-0.97883,21,2,2
202100024078,158Â 617,A01,1,1,2,5,8,-1,-1,0,0,-1,2021,37.0,2,2,0,0,8,1,1,,1,71,-1,,3,4,3,1,231,100,1,, -1,1,0,1,130,14,8,2021,14:05,1,18,18063,1,1,0,7,Autoroute A71 PK231+100,46.879995,2.42167,14,2,1
202100055545,102Â 570,A01,1,1,1,4,2,6,-1,-1, -1,-1,2021,21.0,2,1,0,2,2,1,1,,4,RUE ALEXANDRE FOURNY,0,,2,2,0,2,0,0,1,, -1,1,0,1,50,11,1,2021,21:00,5,94,94017,2,2,0,3,ALEXANDRE FOURNY (R),48.81932,2.51471,21,2,2
202100012529,179Â 317,A01,10,3,1,3,0,-1,-1,2,3,2,2021,33.0,2,2,0,1,2,16,1,,7,,0,,2,2,0,1,9,500,1,,3,1,0,1,50,18,10,2021,19:00,5,69,69088,2,3,0,6,JEAN BAPTISTE SIMON (Q),45.831049,4.851161,19,2,1
202100019152,167Â 395,A01,10,3,2,3,0,-1,-1,9,3,1,2021,83.0,3,2,0,1,4,20,3,,6,PONT COLBERT (RUE DU),0,,-1,0,0,1,(1),(1),1,, -1,1,9,8,10,12,9,2021,11:35,1,78,78322,1,9,0,6,PONT COLBERT (RUE DU),48.78753,2.1496,11,2,1
202100056468,100Â 967,B01,2,2,2,5,1,-1,-1,0,0,-1,2021,10.0,1,2,0,2,6,1,1,,3,1091,-1,,2,2,0,1,24,814,3,, -1,2,0,1,70,2,1,2021,15:00,2,38,38052,1,1,0,3,D1091,45.114435,6.005214,15,5,2
202100032110,144Â 355,A01,1,1,1,5,8,0,-1,-1, -1,-1,2021,22.0,1,2,9,0,1,15,1,,4,BOULEVARD MICHELET,0,,3,2,3,1,0,0,2,, -1,1,0,1,30,26,6,2021,02:00,5,44,44109,2,1,0,6,BOULEVARD MICHELET,47.23105,-1.55646,2,2,1
202100011675,180Â 855,B01,2,1,1,0,1,0,-1,-1, -1,-1,2021,53.0,2,1,0,2,1,1,1,,3,JEAN JAURES  (AVE)  157 A 213,0,,2,2,0,1,0,0,1,, -1,2,5,1,50,21,10,2021,21:30,5,93,93001,2,9,0,1,JEAN JAURES  (AVE)  157 A 213,48.91134,2.40032,21,2,2
202100035919,137Â 482,A01,4,2,1,1,1,-1,-1,-1, -1,-1,2021,48.0,1,2,0,2,3,1,1,,3,TY BOS AVENUE DE,0,,2,2,0,1,50,600,1,, -1,1,5,1,70,7,6,2021,16:00,1,29,29232,1,3,0,3,D783 - Avenue de Ty Bos,47.9668339289,-4.0615081785,16,4,2
202100034485,140Â 085,A01,2,2,2,5,1,-1,-1,0,0,-1,2021,17.0,2,2,0,2,7,15,1,,3,62,-1,E,2,2,0,1,0,3,1,, -1,1,5,1,50,14,6,2021,18:45,1,34,34154,2,6,0,3,CD 62 E2  CARNON,43.548789,3.979926,18,5,2
202100026827,153Â 767,A01,1,1,1,0,1,8,-1,-1, -1,-1,2021,27.0,0,2,0,2,3,1,1,,4,ARTS (AVENUE),0,,2,2,0,1,0,0,1,, -1,1,0,1,50,24,7,2021,01:20,5,30,30189,2,2,0,6,ARTS (AVENUE),43.82311,4.33585,1,4,3
202100018633,168Â 330,A01,1,1,1,9,2,4,6,0,0,-1,2021,56.0,1,1,16,0,1,1,1,,3,138,0,D,2,2,0,1,14,0,3,, -1,1,0,3,80,17,9,2021,09:15,1,62,62204,1,1,1,7,rd 138,50.415,1.827662,9,1,1
202100050753,110Â 963,B01,1,1,1,0,2,8,-1,-1, -1,-1,2021,63.0,2,1,0,2,1,1,0,,7,PAUL SIRVENT (AVE),0,,2,2,1,2,1,100,1,, -1,1,0,1,50,20,2,2021,12:30,1,13,13075,2,1,0,3,PAUL SIRVENT (AVE),43.343887,5.46516,12,2,2
202100016488,172Â 155,B01,1,1,2,5,1,0,-1,0,0,-1,2021,21.0,1,2,0,2,2,21,1,,4,PEGUY (RUE CHARLES),0,,2,2,0,1,(1),(1),1,, -1,1,0,1,50,23,9,2021,17:00,1,54,54273,2,2,0,3,PEGUY (RUE CHARLES),49.15385,5.87587,17,2,2
202100034814,139Â 481,A01,1,1,2,5,2,6,-1,-1, -1,-1,2021,36.0,2,1,0,0,1,13,1,,3,DOCTEUR DERVAUX  ( QUAI DU ),0,,2,5,0,1,0,0,2,, -1,1,5,1,70,11,6,2021,23:05,5,92,92004,2,3,0,7,DOCTEUR DERVAUX  ( QUAI DU ),48.9092,2.2935,23,1,1
202100034883,139Â 364,A01,1,1,1,5,2,6,-1,0,0,-1,2021,26.0,1,1,6,0,1,26,1,,3,86,0,,-1,2,0,1,3,600,1,, -1,1,0,1,30,12,6,2021,10:25,1,95,95011,2,7,0,6,RD 86,49.150721792,1.6969692707,10,1,1
202100031695,145Â 105,A01,1,1,1,0,1,0,-1,-1, -1,-1,2021,53.0,2,2,0,2,7,2,1,,1,AUTOROUTE A25,0,,3,4,0,1,1,200,1,, -1,1,0,1,70,28,6,2021,11:20,1,59,59350,1,1,0,3,AUTOROUTE A25,50.6161660159,3.0719874888,11,2,2
202100032772,143Â 196,A01,7,2,1,1,8,-1,-1,0,0,-1,2021,23.0,2,2,13,9,1,21,1,,1,40,-1,,3,2,3,1,129,297,1,, -1,1,0,3,110,22,6,2021,10:00,1,1,1067,1,1,0,6,A40 PK129.300 sens MÃ¢con/GenÃ¨ve,46.125998,5.499984,10,3,1
202100047615,116Â 642,B01,2,2,1,4,8,0,-1,-1, -1,-1,2021,51.0,3,5,0,2,8,19,1,,4,EUROPE (AVENUE DE L'),0,,2,2,0,1,0,0,1,, -1,1,0,1,30,17,3,2021,08:45,1,77,77445,2,2,0,3,EUROPE (AVENUE DE L'),48.59579,2.58656,8,4,2
202100031727,145Â 048,A01,1,1,1,1,2,6,-1,0,0,-1,2021,58.0,2,1,0,2,1,2,1,,4,AVENUE DE FLANDRE,0,,3,2,0,1,(1),(1),1,, -1,2,0,1,50,29,6,2021,09:00,1,75,75119,2,1,1,2,AVENUE DE FLANDRE,48.881366,2.377555,9,2,2
202100017025,171Â 186,B01,1,1,1,9,2,6,-1,0,0,-1,2021,25.0,2,1,0,2,8,1,1,,4,AVENUE DE LA PORTE DE LA VILLETTE,0,,3,4,0,1,(1),(1),1,, -1,1,0,1,30,23,9,2021,18:25,1,75,75119,2,3,0,3,AVENUE DE LA PORTE DE LA VILLETTE,48.8983575337,2.3862178156,18,2,2
202100027341,152Â 849,B01,1,1,1,5,1,0,-1,-1, -1,-1,2021,74.0,1,2,0,2,1,1,1,,3,BRASSAC (RUE DU PONT DE),0,,2,2,0,2,13,122,2,, -1,1,9,1,80,23,7,2021,12:30,1,81,81065,1,1,0,1,BRASSAC (RUE DU PONT DE),43.621912,2.290194,12,3,2
202100042700,125Â 306,B01,1,1,1,5,8,0,-1,0,0,-1,2021,39.0,3,1,0,2,8,18,5,,4,PLACE DE LA PORTE MAILLOT,0,,2,4,0,1,(1),(1),3,, -1,1,0,1,30,22,4,2021,11:15,1,75,75116,2,7,0,3,PLACE DE LA PORTE MAILLOT,48.8783322045,2.2810739279,11,2,2
202100049880,112Â 576,A01,1,1,1,0,2,6,-1,-1, -1,-1,2021,16.0,3,1,0,2,2,1,1,,4,DE GAULLE (AV. DU GAL),0,,2,2,0,1,(1),(1),1,, -1,1,0,1,50,27,2,2021,16:25,1,37,37208,2,2,0,6,DE GAULLE (AV. DU GAL),47.3585333919,0.7395126522,16,2,2
202100056148,101Â 519,B01,1,1,1,5,2,0,-1,-1, -1,-1,2021,36.0,3,1,0,2,0,0,1,,4,EUROPE (RUE DE L'.......),0,,2,2,0,1,(1),(1),1,, -1,2,0,1,50,4,1,2021,07:40,3,62,62902,2,2,0,3,EUROPE (RUE DE L'.......),50.712768,2.236857,7,2,2
202100025865,155Â 453,A01,10,3,2,3,0,-1,-1,0,3,1,2021,75.0,1,3,0,1,3,1,0,,3,10,-1,,2,2,0,1,2,750,1,, -1,1,4,8,-1,10,3,2021,15:30,1,38,38547,2,8,0,6,Avenue Robert Huant,45.26286,5.90198,15,2,1
202100034237,140Â 551,B01,1,1,1,5,2,0,-1,-1, -1,-1,2021,30.0,2,1,0,2,1,1,5,,3,VERDUN (RUE DE),0,,2,2,0,1,70,5148,1,, -1,1,0,1,50,14,6,2021,15:00,1,76,76351,2,1,0,6,VERDUN (RUE DE),49.5012849989,0.1492971182,15,1,1
202100007793,187Â 820,B01,1,1,1,5,8,0,-1,-1, -1,-1,2021,60.0,1,0,0,2,8,6,3,,4,BIARRITZ (Porte de ),0,,2,2,0,1,0,0,1,, -1,1,0,1,50,12,11,2021,18:20,5,64,64122,2,1,0,3,Rue Guy Petit,43.47839,-1.55539,18,2,2