Num_Acc,id_vehicule,num_veh,place,catu,sexe,trajet,secu1,secu2,secu3,locp,actp,etatp,year_acc,victim_age,senc,catv,obs,obsm,choc,manv,motor,occutc,catr,voie,v1,v2,circ,nbv,vosp,prof,pr,pr1,plan,lartpc,larrout,surf,infra,situ,vma,jour,mois,an,hrmn,lum,dep,com,agg_,int,atm,col,adr,lat,long,hour,nb_victim,nb_vehicules
202100033448,141Â 982,C01,1,1,2,5,1,-1,-1,0,0,-1,2021,31.0,1,2,0,2,1,1,1,,3,38,0,D,2,2,0,2,6,250,3,, -1,1,0,1,50,19,6,2021,00:50,3,38,38238,2,1,0,5,Route de Septeme,45.51642,5.01265,0,3,3
202100024943,157Â 076,A01,1,1,1,5,2,6,9,0,0,-1,2021,58.0,2,1,0,2,1,17,1,,3,14,-1,,2,2,0,2,21,40,3,, -1,1,0,1,80,10,8,2021,12:58,1,2,2758,1,9,0,6,"Le Fosse Michaux (D14, PK 21+040 )",49.419196,3.512334,12,4,3
202100035173,138Â 835,B01,1,1,1,0,0,-1,-1,0,0,-1,2021,57.0,2,1,0,2,0,1,5,,1,,-1,,1,1,0,3,5,730,1,, -1,1,3,1,50,10,6,2021,17:15,1,33,33080,2,3,0,3,Rue des Marguerites,44.724887,-0.526845,17,2,2
202100053428,106Â 212,A01,10,3,2,9,0,-1,-1,3,3,1,2021,59.0,1,5,0,1,7,1,1,,3,CORBEIL (RUE),0,,2,2,0,2,0,0,1,, -1,2,9,1,30,27,1,2021,18:05,5,91,91216,2,1,1,6,CORBEIL (RUE),48.670166,2.332474,18,2,1
202100012190,179Â 929,A01,10,3,2,2,0,-1,-1,4,3,1,2021,14.0,3,2,0,1,1,1,1,,4,ANTONIN PERRIN     (Rue),0,,2,4,2,1,(1),(1),1,, -1,1,0,1,50,19,10,2021,07:35,2,69,69266,2,1,0,6,ANTONIN PERRIN (R),45.75913,4.88499,7,2,1
202100054173,104Â 913,A01,1,1,1,0,1,0,-1,-1, -1,-1,2021,47.0,1,2,6,0,2,14,1,,2,RN13,0,,1,4,0,1,8,300,1,, -1,1,0,1,70,22,1,2021,13:47,1,92,92051,1,1,0,6,RN13,48.8859519088,2.2570359707,13,1,1
202100056385,101Â 115,A01,2,2,1,5,2,6,-1,-1,0,-1,2021,22.0,2,1,0,2,1,1,1,,1,1,0,,3,6,0,1,19,100,1,, -1,1,0,1,110,3,1,2021,17:30,2,95,95527,1,1,0,6, A1,49.00872,2.52775,17,2,1
202100047572,116Â 732,B01,1,1,1,5,2,6,9,0,0,-1,2021,20.0,1,1,0,2,1,17,1,,3,605,-1,,2,2,0,1,22,470,1,, -1,1,0,1,90,19,3,2021,18:15,1,77,77453,1,1,0,3,Route Departementale 605,48.533061,2.725296,18,2,2
202100052824,107Â 303,A01,2,2,1,3,1,-1,-1,0,0,-1,2021,25.0,1,4,6,0,1,1,1,,3,19,0,D,2,2,0,1,11,755,1,, -1,2,2,3,50,23,1,2021,16:30,1,82,82038,2,1,1,6,Saint Pierre Livron,44.250909,1.771926,16,2,1
202100004933,192Â 975,B01,1,1,2,0,1,0,-1,-1, -1,-1,2021,31.0,1,2,0,2,2,1,1,,3,FORT DE LA BRICHE (CHEMIN),0,,2,1,0,1,0,1,1,, -1,2,0,1,50,1,12,2021,13:40,1,93,93066,2,1,0,3,FORT DE LA BRICHE (CHEMIN),48.94428,2.34227,13,3,2
202100034223,140Â 572,A01,1,1,2,0,1,0,-1,-1, -1,-1,2021,32.0,1,2,0,2,7,15,1,,4,BD HENRI BARBUSSE,0,,2,2,0,1,0,100,1,, -1,1,0,1,50,15,6,2021,07:40,1,91,91201,2,3,0,3,BD HENRI BARBUSSE,48.683331,2.41667,7,4,2
202100018184,169Â 107,A01,10,3,1,5,0,-1,-1,3,3,2,2021,75.0,0,1,0,1,1,1,1,,4,RUE DE SEVRES,0,,2,3,0,1,(1),(1),1,, -1,1,0,1,30,18,9,2021,12:15,1,75,75107,2,1,0,6,RUE DE SEVRES,48.849042,2.321716,12,2,1
202100009682,184Â 400,A01,1,1,1,9,2,6,-1,0,0,-1,2021,31.0,2,1,0,2,1,2,1,,2,2,-1,,3,4,3,1,9,200,1,, -1,1,0,1,110,4,11,2021,20:40,3,974,97418,1,1,0,2,N2,-20.899225,55.52318,20,2,2
202100043864,123Â 262,B01,1,1,1,5,2,8,-1,-1, -1,-1,2021,13.0,1,1,0,0,0,2,5,,4,CENTRALE (ROUTE),0,,2,2,0,1,(1),(1),1,, -1,1,0,1,50,15,4,2021,14:20,1,78,78005,1,1,0,3,CENTRALE (ROUTE),48.983206,2.099784,14,2,2
202100028608,150Â 578,A01,10,3,1,1,0,-1,-1,3,3,1,2021,29.0,2,2,0,1,1,17,1,,4,REPUBLIQUE (DE LA)                  (R ),0,,2,2,3,1,(1),(1),1,, -1,1,6,1,50,16,7,2021,16:45,1,69,69381,2,2,0,6,REPUBLIQUE (DE LA) (R),45.7653129078,4.8359095305,16,2,1
202100019068,167Â 558,B01,10,3,1,5,0,-1,-1,0,9,1,2021,23.0,2,2,0,2,2,1,1,,1,28,-1,A,2,4,0,1,153,300,1,, -1,1,0,1,130,12,9,2021,20:00,2,72,72308,1,1,0,6,Autoroute A.28 - sens ALENCON-LE MANS,48.396656,0.111344,20,4,2
202100036051,137Â 245,B01,1,1,2,5,2,8,-1,-1, -1,-1,2021,59.0,1,1,0,2,1,1,1,,3,MENDES FRANCE (RUE),0,,-1,2,0,1,(1),(1),1,, -1,1,0,1,50,6,6,2021,16:40,1,90,90010,2,2,0,3,MENDES FRANCE (RUE),47.6393,6.8723,16,2,2
202100000607,200Â 620,A01,10,3,1,0,0,-1,-1,3,3,1,2021,72.0,0,2,0,1,0,0,1,,4,BOULEVARD ALEXANDRE MILLERAND,0,,3,2,2,1,(1),0,1,, -1,1,0,1,30,12,11,2021,17:45,2,44,44109,2,1,0,6,BOULEVARD ALEXANDRE MILLERAND,47.20704,-1.52924,17,2,1
202100040641,128Â 969,B01,1,1,1,1,2,-1,-1,0,0,-1,2021,16.0,1,1,0,2,1,1,0,,3,6089,0,D,2,2,0,1,(1),(1),1,, -1,2,0,1,90,10,5,2021,05:30,3,24,24264,1,3,0,3,plaisance,45.012041,0.077752,5,3,2
202100008883,185Â 862,A01,1,1,1,0,0,-1,-1,0,0,-1,2021,51.0,2,1,0,2,1,2,5,,3,23,0,,2,2,0,1,(1),(1),1,, -1,1,0,1,50,8,11,2021,15:00,1,14,14100,2,1,0,2,Rue de Quilly,49.0504473312,-0.319895,15,2,2
202100016070,172Â 925,A01,1,1,1,0,2,-1,-1,-1, -1,-1,2021,26.0,-1,1,-1,-1,-1,-1,-1,,4,VITTON                              (CO),0,,1,1,2,1,(1),(1),1,, -1,1,0,1,50,28,9,2021,18:15,1,69,69386,2,1,0,3,VITTON (CR),45.76949,4.8527,18,2,2
202100008581,186Â 396,B01,1,1,1,1,1,-1,-1,-1,0,-1,2021,51.0,1,2,0,2,4,1,1,,1,AUTOROUTE A15,0,,3,6,0,1,12,399,1,, -1,1,0,1,110,11,11,2021,20:00,3,95,95252,1,1,0,4, A15,48.9852769454,2.2140623054,20,4,4
202100042414,125Â 814,C01,2,2,1,0,1,0,-1,-1,0,-1,2021,51.0,1,2,0,2,4,2,1,,2,ROUTE NATIONALE 356,0,,3,4,0,1,5,99,1,, -1,2,0,1,90,26,4,2021,08:40,1,59,59646,1,1,1,4,ROUTE NATIONALE 356,50.665719,3.114137,8,5,4
202100024763,157Â 386,Z01,10,3,2,5,8,8,-1,2,3,1,2021,64.0,1,2,0,1,4,20,1,,4,AVENUE DE LA PORTE BRUNET,0,,2,2,0,2,(1),(1),1,, -1,1,0,1,50,10,8,2021,12:30,1,75,75119,2,3,0,6,AVENUE DE LA PORTE BRUNET,48.883439,2.395789,12,2,1
202100006396,190Â 364,B01,1,1,1,5,2,8,-1,-1, -1,-1,2021,48.0,1,1,0,2,1,17,1,,3,,0,,2,2,2,1,0,627,1,, -1,1,0,1,50,10,10,2021,16:40,1,89,89387,2,3,0,3,VOULX (ROUTE DE),48.20137,3.26443,16,4,2
202100003459,195Â 569,B01,1,1,1,5,0,-1,-1,0,0,-1,2021,16.0,3,1,0,2,1,1,5,,5,,-1,,2,1,0,4,(1),(1),2,,3,2,0,1,50,11,12,2021,18:20,5,972,97206,1,1,1,1,Quartier Ancinel,14.505099,-61.045519,18,2,2
202100051651,109Â 365,B01,1,1,2,1,8,-1,-1,-1,0,-1,2021,26.0,1,1,0,2,8,1,3,,3,SARCELLES (RUE DE),0,,2,2,0,1,14,0,1,, -1,1,0,1,50,11,2,2021,08:10,1,95,95288,2,1,0,3,SARCELLES (RUE DE),48.984758,2.363946,8,2,2
202100001654,198Â 847,A01,1,1,1,0,6,-1,-1,0,0,-1,2021,48.0,1,1,12,0,2,0,1,,4,,-1,,2,2,0,2,(1),(1),2,,5,1,0,1,70,25,12,2021,20:20,5,72,72132,2,1,0,6,42 Avenue Pasteur,48.187027,0.646689,20,1,1
202100020596,164Â 815,A01,10,3,1,5,0,-1,-1,4,3,1,2021,45.0,1,2,0,1,1,1,1,,4,,0,,2,4,0,1,(1),(1),1,, -1,1,0,1,50,4,9,2021,00:05,5,75,75117,2,2,0,6,BOULEVARD DE DOUAUMONT,48.8966583837,2.3095630109,0,2,1
202100042160,126Â 263,A01,1,1,1,5,2,0,-1,-1, -1,-1,2021,57.0,1,1,15,0,2,26,1,,3,CHARPENTIERS (RUE DES),0,,2,2,0,1,0,0,1,, -1,1,0,4,50,25,4,2021,11:08,1,87,87050,2,1,0,7,CHARPENTIERS (RUE DES),45.86356,1.23675,11,1,1
202100015258,174Â 437,A01,1,1,1,0,1,-1,-1,0,0,-1,2021,33.0,2,2,5,0,0,17,1,,2,165,0,A,3,4,0,1,31,445,1,, -1,2,0,1,110,1,10,2021,20:15,2,56,56251,1,1,1,6,N165 sens Brest/Nantes,47.608698,-2.60869,20,1,1
202100036630,136Â 233,A01,1,1,1,5,1,-1,-1,-1, -1,-1,2021,17.0,3,2,0,2,1,1,1,,4,PLOMBIERES (BOULEVARD DES),0,,3,4,0,1,(1),(1),1,, -1,1,2,1,50,4,6,2021,01:15,5,13,13203,2,9,0,3,PLOMBIERES (BOULEVARD DES),43.3189,5.37887,1,3,2
202100033665,141Â 588,B01,2,2,2,2,1,5,-1,-1, -1,-1,2021,34.0,1,2,0,2,4,16,1,,3,MONT D'EST (BD),0,,3,4,0,1,0,0,1,, -1,1,5,1,50,18,6,2021,17:20,1,93,93051,2,2,0,2,MONT D'EST (BD),48.84214,2.54316,17,3,2
202100052863,107Â 225,B01,1,1,1,1,2,0,-1,-1, -1,-1,2021,30.0,1,1,0,2,1,1,1,,2,GOUJAUD (QUAI LOUIS),0,,3,4,0,1,13,100,1,, -1,2,0,1,50,30,1,2021,20:22,5,87,87085,2,3,1,3,GOUJAUD (QUAI LOUIS),45.82603,1.268,20,2,2
202100003320,195Â 830,A01,1,1,2,0,1,0,-1,-1, -1,-1,2021,38.0,2,2,0,2,0,1,1,,1,A12 W,0,,3,5,0,1,3,299,1,, -1,2,0,1,110,12,12,2021,14:05,1,78,78545,1,1,1,6,A12 W,48.820689,2.069055,14,1,1
202100028779,150Â 279,C01,2,2,1,1,1,-1,-1,-1, -1,-1,2021,21.0,1,2,0,2,1,2,1,,1,A47   0.000  A 1.657,0,,3,4,0,1,1,700,1,, -1,2,2,1,70,15,7,2021,17:50,1,69,69297,1,1,1,4,A47   0.000  A 1.657,45.5892939006,4.7777813673,17,4,3
202100052968,107Â 038,A01,1,1,2,5,1,-1,-1,-1, -1,-1,2021,41.0,1,2,0,2,6,2,1,,4,TONY GARNIER                        (AV),0,,3,5,0,1,(1),(1),1,, -1,2,0,1,50,30,1,2021,09:45,1,69,69387,2,3,1,2,TONY GARNIER (AV),45.7300447432,4.8238770318,9,2,2
202100048669,114Â 760,B01,1,1,1,1,1,0,-1,0,0,-1,2021,33.0,3,2,0,2,7,1,1,,4,SAINT-LAURENT (RUE),0,,1,1,0,1,(1),(1),1,, -1,1,0,1,30,3,3,2021,20:45,5,54,54431,2,3,0,3,SAINT-LAURENT (RUE),48.90569,6.05137,20,2,2
202100013591,177Â 425,A01,1,1,1,3,8,-1,-1,-1, -1,-1,2021,78.0,2,2,8,0,1,14,1,,7,PIERRE TERRASSE                     (AV),0,,2,2,0,1,1,0,1,, -1,1,0,4,50,6,10,2021,09:00,1,69,69034,2,1,0,7,PIERRE TERRASSE (AV),45.79871,4.84915,9,1,1
202100020362,165Â 239,B01,1,1,2,0,2,8,-1,-1, -1,-1,2021,50.0,1,1,9,2,2,2,5,,3,920,0,,1,2,1,1,0,0,1,, -1,1,0,5,50,7,9,2021,16:05,1,92,92007,2,9,0,3,BRIAND (AVENUE ARISTIDE) NÂ° 2 A 98,48.803334,2.32458,16,2,2
202100032678,143Â 355,A01,10,3,1,0,0,-1,-1,4,3,2,2021,4.0,0,2,0,1,1,1,1,,4,BLUM  BOULEVARD LEON (inf 51),0,,2,4,0,1,0,0,1,, -1,2,0,1,50,23,6,2021,16:12,1,25,25056,2,2,1,6,CHOPIN RUE FREDERIC,47.26262,6.04048,16,2,1
202100044742,121Â 741,A01,1,1,1,4,0,-1,-1,0,0,-1,2021,22.0,2,5,0,0,8,1,1,,3,16.3,-1,,2,2,0,1,(1),(1),1,, -1,1,0,8,80,8,4,2021,18:55,1,68,68264,1,3,0,3,D21,47.571251,7.410404,18,2,2
202100034429,140Â 190,A01,10,3,2,5,0,-1,-1,3,3,1,2021,62.0,0,5,0,1,1,15,1,,4,RUE MARCADET,0,,1,1,0,1,(1),(1),2,, -1,1,0,1,50,14,6,2021,14:50,1,75,75118,2,3,1,6,RUE MARCADET,48.893072,2.327749,14,2,1
202100043184,124Â 470,A01,10,3,1,3,0,-1,-1,2,3,1,2021,50.0,1,2,0,1,4,4,1,,7,SAINT LOUP (BOULEVARD DE),0,,1,1,0,1,0,100,1,, -1,1,0,1,50,21,4,2021,16:45,1,13,13210,2,1,0,6,SAINT LOUP (BOULEVARD DE),43.2828230548,5.4323037503,16,2,1
202100037946,133Â 838,B01,1,1,2,9,1,0,-1,-1, -1,-1,2021,25.0,2,2,0,2,2,12,1,,1,6,0,,3,6,0,1,30,299,1,, -1,1,0,1,110,28,5,2021,08:40,1,91,91659,1,1,0,3,AUTOROUTE A6,48.59065,2.44628,8,2,2
202100014749,175Â 345,A01,10,3,1,5,0,-1,-1,2,3,1,2021,52.0,0,0,0,1,0,0,-1,,4,,0,,2,2,0,1,(1),(1),1,, -1,1,0,1,50,6,10,2021,20:15,5,69,69034,2,1,0,6,HENRI CHEVALIER (R),45.7840439071,4.824747853,20,2,1
202100020588,164Â 831,B01,1,1,2,0,1,0,-1,-1, -1,-1,2021,32.0,2,0,0,9,5,0,1,,3,REPUBLIQUE (RUE DE LA),0,,3,2,2,1,0,1,1,, -1,1,0,1,50,6,9,2021,22:20,5,93,93008,2,9,0,2,REPUBLIQUE (RUE DE LA),48.9071578555,2.4294239026,22,2,2
202100007679,188Â 025,A01,1,1,2,0,1,0,-1,-1, -1,-1,2021,42.0,2,2,0,2,4,2,1,,3,BRIAND ( AV. ARISTIDE) 31 A 91,0,,2,6,0,1,1,0,1,, -1,1,0,1,50,17,11,2021,13:50,1,93,93057,2,1,0,2,BRIAND ( AV. ARISTIDE) 31 A 91,48.90864,2.4989,13,2,2
202100022012,162Â 289,B01,2,2,2,5,1,-1,-1,0,0,-1,2021,38.0,1,2,0,2,2,14,1,,1,8,0,A,1,3,0,2,167,0,1,, -1,1,0,1,90,29,8,2021,01:22,3,6,6085,1,1,0,4,a8 pk 167.000 voie sud,43.58493,7.027044,1,11,3
202100025049,156Â 882,B01,1,1,1,5,2,6,-1,0,0,-1,2021,46.0,2,1,0,2,2,1,1,,3,D643,3,,3,2,0,2,32,(1),1,, -1,1,0,1,-1,9,8,2021,02:15,3,54,54362,1,1,0,3,2 t route Nationale,49.389217,5.754965,2,2,2
202100011114,181Â 865,A01,10,3,1,5,0,-1,-1,4,5,2,2021,5.0,1,2,0,1,8,1,2,,4,BOULEVARD SAINT MARCEL,0,,2,4,0,1,(1),(1),1,, -1,1,-1,6,30,24,10,2021,13:49,1,75,75113,2,2,0,6,BOULEVARD SAINT MARCEL,48.838382,2.357,13,2,1
202100030946,146Â 439,A01,1,1,2,0,1,-1,-1,0,0,-1,2021,35.0,1,2,0,2,3,19,1,,3,513,-1,,2,2,0,1,45,(1),2,, -1,1,3,1,90,4,7,2021,20:00,1,14,14106,1,4,0,3,D513,49.222012,-0.236099,20,5,2
202100045843,119Â 812,A01,2,2,1,5,1,-1,-1,0,0,-1,2021,17.0,2,2,16,0,1,1,1,,3,926,0,A,2,2,0,1,10,330,3,, -1,1,0,1,50,31,3,2021,18:10,1,61,61008,2,1,0,7,Route de Paris,48.741938,0.555528,18,2,1
202100048371,115Â 293,B01,1,1,1,1,2,6,-1,-1, -1,-1,2021,55.0,2,1,0,2,3,1,1,,4,PAUL SANTY                          (AV),0,,3,2,3,1,(1),(1),1,, -1,1,0,1,50,11,3,2021,07:00,1,69,69388,2,1,0,3,PAUL SANTY (AV),45.7297300666,4.8758409668,7,2,2
202100024018,158Â 714,A01,1,1,1,5,2,0,-1,-1, -1,-1,2021,27.0,3,1,0,0,0,19,1,,4,CROIZET (LIEU-DIT LE),0,,2,2,0,1,(1),(1),1,, -1,1,0,1,50,14,8,2021,16:45,1,15,15012,1,1,0,7,Lieu Dit le Croizet,44.873924,2.477049,16,1,1
202100036689,136Â 134,A01,1,1,1,1,0,-1,-1,0,0,-1,2021,50.0,2,2,0,2,7,19,1,,2,4,-1,,2,2,0,3,44,917,1,, -1,1,5,1,70,4,6,2021,07:05,1,77,77239,1,2,1,3,La Mare aux Grues,48.690479,3.148731,7,2,2
202100048946,114Â 260,A01,1,1,2,5,1,5,-1,0,0,-1,2021,81.0,0,2,12,0,2,15,1,,4,DUGUAY TROUIN (RUE),0,,2,2,0,2,(1),(1),1,, -1,1,0,1,50,6,3,2021,08:45,1,27,27229,2,1,1,7,DUGUAY TROUIN (RUE),49.02692,1.16903,8,1,1
202100039169,131Â 610,A01,1,1,1,3,0,-1,-1,0,0,-1,2021,75.0,1,5,2,0,3,13,1,,3,1,-1,,2,2,0,1,46,100,1,, -1,1,0,3,70,20,5,2021,16:40,1,12,12136,1,1,0,6,D 1,44.414701,2.095497,16,1,1
202100013306,177Â 959,A01,1,1,1,9,2,6,-1,0,0,-1,2021,56.0,2,1,12,0,8,18,1,,4,AVENUE DU GENERAL LECLERC,0,,2,5,3,1,(1),(1),1,, -1,1,-1,6,50,14,10,2021,19:50,5,75,75114,2,1,0,6,AVENUE DU GENERAL LECLERC,48.827322,2.326697,19,1,1
202100047735,116Â 423,A01,1,1,1,9,2,0,-1,0,0,-1,2021,51.0,2,1,0,0,8,1,1,,7,BERTHELOT (BOULEVARD),0,,3,4,0,1,(1),(1),1,, -1,2,0,1,50,5,3,2021,18:27,1,63,63113,2,1,0,7,BERTHELOT (BOULEVARD),45.7816,3.07083,18,1,1
202100021110,163Â 923,A01,10,3,2,3,0,-1,-1,3,3,1,2021,70.0,1,3,0,1,2,1,3,,3,STALINGRAD (BD DE),0,,3,6,0,1,0,1,1,, -1,1,4,1,30,2,9,2021,16:00,1,94,94022,2,8,0,6,STALINGRAD (BD DE),48.7708,2.40147,16,2,1
202100027027,153Â 405,A01,1,1,1,5,2,-1,-1,0,0,-1,2021,45.0,1,1,14,0,1,2,1,,3,939,0,D,2,2,0,2,45,875,2,0,"6,6",1,0,1,80,26,7,2021,20:10,2,16,16320,1,1,0,6,Lieu-dirt Les Aigaux,45.760272,0.009911,20,1,1
202100019695,166Â 442,B01,1,1,1,5,2,6,-1,-1, -1,-1,2021,16.0,3,1,0,2,1,1,1,,4,TROUY (ROUTE DE),0,,2,2,0,1,(1),(1),1,, -1,2,0,1,50,10,9,2021,19:00,1,18,18050,2,2,1,1,TROUY (ROUTE DE),47.0567463128,2.3254832625,19,2,2
202100003844,194Â 882,B01,7,2,1,0,1,0,-1,-1, -1,-1,2021,33.0,3,3,0,2,2,15,1,2.0,3,VERSAILLES (AV DE),0,,-1,-1,0,1,0,0,2,, -1,1,9,1,50,9,12,2021,17:00,5,94,94073,2,6,0,3,VERSAILLES (AV DE),48.75691,2.3881,17,3,2
202100048413,115Â 222,A01,1,1,1,9,1,5,-1,-1, -1,-1,2021,28.0,1,2,0,2,1,1,1,,3,CROUPILLAC (AVE DE),0,,2,4,0,1,3,420,1,, -1,1,0,1,70,11,3,2021,16:15,1,30,30007,2,1,0,4,CROUPILLAC (AVE DE),44.13733,4.10482,16,3,3
202100009928,183Â 945,B01,1,1,1,4,1,0,-1,0,0,-1,2021,62.0,1,2,0,2,4,15,1,,4,RUE DU FAUBOURG SAINT DENIS,0,,1,2,3,3,(1),(1),1,, -1,1,0,1,30,1,11,2021,07:30,1,75,75110,2,2,0,2,RUE DU FAUBOURG SAINT DENIS,48.879531,2.357222,7,2,2
202100054882,103Â 708,B01,1,1,1,0,2,0,-1,-1, -1,-1,2021,48.0,2,1,0,2,8,1,5,,3,LECLERC (BOULEVARD DU GENERAL),0,,-1,2,0,1,4,0,1,, -1,1,0,1,50,15,1,2021,09:45,1,64,64260,2,3,0,3,LARROUN (RUE DE),43.36536,-1.76933,9,2,2
202100042219,126Â 160,A01,10,3,1,5,0,-1,-1,3,3,2,2021,8.0,1,2,0,1,1,2,1,,3,AV LAPLACE,0,,3,2,0,2,1,0,1,, -1,1,0,1,30,27,4,2021,19:00,1,94,94003,2,1,0,6,Avenue Laplace,48.808425,2.331666,19,2,1
202100025851,155Â 478,A01,1,1,1,0,1,0,-1,-1, -1,-1,2021,26.0,1,2,4,0,1,1,1,,1,AUTOROUTE A86,0,,3,4,0,1,17,500,2,, -1,2,0,1,50,2,8,2021,21:34,3,93,93027,1,1,1,6,AUTOROUTE A86,48.92749,2.40347,21,1,1
202100014593,175Â 628,A01,1,1,1,5,8,0,-1,-1, -1,-1,2021,37.0,1,2,0,0,0,14,1,,2,PETIT CAPORAL ( Lieudit),0,,1,2,0,3,999,200,1,, -1,2,0,3,110,3,10,2021,23:30,5,62,62755,1,1,1,6,PETIT CAPORAL ( Lieudit),50.70394,1.62924,23,1,1
202100001432,199Â 220,A01,1,1,1,4,1,0,-1,-1, -1,-1,2021,48.0,2,4,0,0,1,1,1,,1,13,0,,3,3,0,1,5,800,1,, -1,1,0,2,110,24,12,2021,04:40,3,92,92064,1,1,0,7,A13,48.8369848767,2.1873915074,4,1,1
202100048573,114Â 929,A01,10,3,2,9,0,-1,-1,4,3,1,2021,43.0,1,5,0,1,4,20,1,,4,RUE TAITBOUT,0,,1,1,0,1,(1),(1),1,, -1,1,0,1,50,10,3,2021,06:52,1,75,75109,2,2,0,6,RUE TAITBOUT,48.876177,2.335367,6,2,1
202100002928,196Â 538,B01,1,1,1,0,2,0,-1,-1, -1,-1,2021,30.0,1,1,0,0,0,0,1,,4,RUE LA TOUR D'AUVERGNE,0,,2,0,0,1,1,0,1,, -1,1,0,1,30,14,12,2021,21:45,5,44,44109,2,1,0,3,RUE LA TOUR D'AUVERGNE,47.2067,-1.5534,21,2,2
202100011294,181Â 549,A01,1,1,1,0,2,6,-1,0,0,-1,2021,25.0,0,1,8,0,0,1,1,,3,36,-1,,2,2,0,1,(1),(1),1,, -1,1,5,8,70,21,10,2021,21:50,3,38,38048,2,1,0,6,cd36,45.600325,5.125337,21,1,1
202100020602,164Â 805,A01,1,1,2,0,1,-1,-1,0,0,-1,2021,25.0,2,2,0,2,1,3,1,,3,88,-1,,2,2,0,1,13,325,1,, -1,1,0,1,80,3,6,2021,13:55,1,1,1075,1,1,0,1,D88,46.056519,4.819554,13,2,2
202100006613,189Â 967,B01,1,1,2,0,8,0,-1,-1, -1,-1,2021,24.0,3,1,0,2,7,1,3,,4,TIRONNEAU ADRIEN (PL),0,,1,4,2,1,0,0,2,, -1,2,0,1,50,21,11,2021,19:40,4,72,72181,2,6,1,3,TIRONNEAU ADRIEN (PL),47.98295,0.21056,19,2,2
202100014176,176Â 353,B01,1,1,1,0,1,-1,-1,-1, -1,-1,2021,51.0,2,2,0,2,4,26,1,,4,TOULOUSE (RTE DE),0,,2,2,0,1,(1),(1),1,, -1,1,0,1,50,9,10,2021,17:44,1,33,33522,2,1,0,2,Route de Toulouse,44.80615,-0.57293,17,2,2
202100052331,108Â 177,A01,1,1,1,0,2,0,-1,-1, -1,-1,2021,21.0,1,1,0,2,1,1,1,,3,ALMA (AV DE L),0,,2,2,0,1,1,0,1,, -1,1,2,1,50,5,2,2021,19:28,5,94,94011,2,1,0,2,ALMA (AV DE L),48.784,2.495,19,2,2
202100042936,124Â 923,A01,1,1,2,9,1,8,-1,-1, -1,-1,2021,46.0,1,2,0,2,4,1,1,,3,VILLACOUBLAY (AVENUE DE),0,,1,1,0,1,0,0,1,, -1,1,5,1,50,23,4,2021,21:10,5,92,92048,2,3,0,2,VILLACOUBLAY (AVENUE DE),48.7825410159,2.2285670042,21,2,2
202100046176,119Â 230,A01,3,2,1,5,1,-1,-1,0,0,-1,2021,34.0,1,2,13,0,2,0,1,,3,18,-1,,2,2,0,1,25,100,2,, -1,1,0,3,80,28,3,2021,18:30,1,29,29266,1,1,0,6,KeramblocâH,48.471115,-3.965356,18,3,1
202100046190,119Â 208,A01,1,1,1,4,1,-1,-1,0,0,-1,2021,66.0,2,4,0,2,1,2,1,,3,982,0,D,2,2,0,1,2,600,2,, -1,1,0,1,70,30,3,2021,12:40,1,71,71176,1,1,0,2,D982,46.462853,4.011221,12,2,2
202100040376,129Â 436,B01,1,1,1,3,1,5,-1,-1, -1,-1,2021,84.0,1,2,1,2,8,1,1,,3,DIDEROT (AV),0,,1,1,0,1,0,0,1,, -1,1,0,1,30,10,5,2021,12:30,1,94,94068,2,2,0,3,DIDEROT (AV),48.802,2.487,12,2,2
202100029922,148Â 319,B01,2,2,2,1,1,-1,-1,0,0,-1,2021,52.0,1,2,0,2,8,23,1,,3,29,-1,B,2,2,0,2,2012,(1),1,, -1,2,0,1,80,10,7,2021,12:09,1,59,59269,1,9,1,3,CD 29b,50.057779,3.095956,12,3,2
202100004749,193Â 293,B01,1,1,1,9,1,0,-1,-1, -1,-1,2021,58.0,1,2,0,2,1,2,1,,3,RD 323,0,,3,4,0,1,39,750,1,, -1,2,0,1,80,3,12,2021,17:15,2,49,49007,2,1,1,4,RD 323,47.46945,-0.59526,17,4,4
202100033133,142Â 531,A01,1,1,2,5,1,-1,-1,0,0,-1,2021,19.0,1,2,0,0,4,1,1,,3,613,-1,,1,1,0,1,79,500,1,, -1,1,0,1,80,14,6,2021,10:55,1,27,27252,1,1,0,4,Route de Paris,49.145953,0.467783,10,4,3
202100017177,170Â 931,A01,2,2,1,5,1,-1,-1,0,0,-1,2021,17.0,1,2,8,0,7,1,1,,3,3,-1,,2,2,0,1,132,0,2,, -1,1,0,3,80,25,9,2021,04:50,3,974,97414,1,1,0,3,283 Route Hubert Delisle,-21.269487,55.451373,4,2,1
202100052330,108Â 180,B01,1,1,1,5,1,0,-1,0,0,-1,2021,47.0,3,2,0,2,3,1,1,,4,QUAI DE LA RAPEE,0,,1,0,0,2,(1),(1),1,, -1,2,0,1,50,6,2,2021,20:10,5,75,75112,2,1,1,3,QUAI DE LA RAPEE,48.8437,2.36985,20,2,2