Num_Acc,id_vehicule,num_veh,place,catu,sexe,trajet,secu1,secu2,secu3,locp,actp,etatp,year_acc,victim_age,senc,catv,obs,obsm,choc,manv,motor,occutc,catr,voie,v1,v2,circ,nbv,vosp,prof,pr,pr1,plan,lartpc,larrout,surf,infra,situ,vma,jour,mois,an,hrmn,lum,dep,com,agg_,int,atm,col,adr,lat,long,hour,nb_victim,nb_vehicules
202100011684,180Â 842,A01,2,2,2,0,1,-1,-1,0,0,-1,2021,61.0,1,2,0,2,1,1,1,,3,6,-1,,2,2,0,2,4,333,2,, -1,1,0,1,50,22,10,2021,23:00,5,6,6044,2,1,0,1,409 Route du Pont de Pierre,43.684347,7.094289,23,4,2
202100028176,151Â 333,A01,2,2,1,1,1,0,-1,-1, -1,-1,2021,22.0,1,2,0,2,2,2,1,,3,BRIE (R DE),0,,2,2,0,1,0,0,1,, -1,1,0,1,50,19,7,2021,11:15,1,94,94047,2,3,0,3,Rue de Brie,48.70198,2.54574,11,10,2
202100020033,165Â 818,A01,10,3,2,5,0,-1,-1,2,3,1,2021,77.0,1,2,0,1,8,1,1,,4,LAROCHE (AVENUE LOUIS),0,,2,2,0,1,0,0,1,, -1,1,0,1,50,14,5,2021,15:25,1,23,23096,2,1,0,6,LAROCHE (AVENUE LOUIS),46.1783,1.8703,15,2,1
202100010582,182Â 812,A01,10,3,2,0,8,8,-1,2,3,-1,2021,45.0,2,2,0,1,7,1,1,,4,"""STRASBOURG, NR 36 ET SUIV ET 73 ET SUIV",0,,2,2,0,1,0,9,1,, -1,1,0,1,50,28,10,2021,13:09,1,93,93066,2,1,0,6,"""STRASBOURG, NR 36 ET SUIV ET 73 ET SUIV",48.9360812567,2.3695904028,13,3,1
202100051004,110Â 503,B01,1,1,2,3,1,-1,-1,0,0,-1,2021,28.0,1,2,0,0,4,2,1,,3,961,-1,,2,2,0,1,(1),(1),1,, -1,1,0,5,50,18,2,2021,15:32,1,59,59053,2,4,0,2,52 Route d'Avesnes,50.293123,3.801114,15,4,2
202100031424,145Â 573,B01,1,1,1,1,2,6,-1,0,0,-1,2021,61.0,1,1,0,2,4,15,1,,4,BOULEVARD SOULT,0,,2,2,0,1,(1),(1),1,, -1,1,5,1,50,1,7,2021,16:40,1,75,75112,2,2,0,2,BOULEVARD SOULT,48.844243,2.410286,16,2,2
202100010184,183Â 500,A01,1,1,1,9,8,0,-1,-1, -1,-1,2021,48.0,2,2,0,2,4,23,1,,3,HENRI BARBUSSE (AVE) NÂ°126-280,0,,1,2,0,1,0,1,1,, -1,2,0,1,50,29,10,2021,23:13,5,93,93029,2,1,1,2,HENRI BARBUSSE (AVE) NÂ°126-280,48.92083,2.45344,23,2,2
202100022702,161Â 021,A01,1,1,1,0,1,0,-1,-1, -1,-1,2021,25.0,1,2,0,2,1,13,1,,2,N 282,0,,2,2,0,2,1,700,1,, -1,1,0,1,80,23,8,2021,20:45,1,76,76305,1,1,0,4,N 282,49.49905,0.20151,20,3,3
202100023048,160Â 423,B01,1,1,2,0,2,0,-1,-1, -1,-1,2021,15.0,2,1,0,2,1,2,0,,3,RD810,0,,2,2,0,2,21,0,1,, -1,1,0,1,70,2,8,2021,20:00,1,64,64483,2,1,0,3,RD810,43.41548,-1.6118,20,2,2
202100033476,141Â 936,A01,1,1,1,5,2,6,9,0,0,-1,2021,64.0,2,1,0,0,8,1,1,,1,87,0,A,1,1,0,1,113,0,2,, -1,2,3,1,50,20,6,2021,10:00,1,85,85191,1,1,1,7,A87 Bretelle de sortie 30,46.669178,-1.352584,10,1,1
202100015980,173Â 103,A01,1,1,1,3,1,-1,-1,0,0,-1,2021,83.0,1,2,10,2,1,1,1,,3,05,-1,,2,2,0,1,75,500,4,, -1,1,0,1,80,30,9,2021,15:00,1,86,86165,1,1,0,1,Le Sejour,46.44171,0.868956,15,2,2
202100014355,176Â 050,B01,2,2,1,4,1,0,-1,-1, -1,-1,2021,44.0,1,2,0,2,3,9,1,,4,SAINT-CLEMENT (PLACE),0,,2,2,0,1,(1),(1),1,, -1,1,5,1,30,8,10,2021,01:27,3,60,60159,2,2,0,3,Place Saint-ClÃ©ment,49.41664,2.82253,1,6,2
202100050003,112Â 366,B01,1,1,1,2,1,-1,-1,-1, -1,-1,2021,19.0,2,2,0,2,3,1,1,,4,FRANCISCO FERRER                    (R ),0,,2,2,0,1,(1),(1),1,, -1,1,4,1,30,26,2,2021,12:04,1,69,69275,2,8,0,3,FRANCISCO FERRER (R),45.77434,4.97636,12,2,2
202100052080,108Â 626,A01,7,2,2,5,1,-1,-1,0,0,-1,2021,55.0,1,2,4,2,1,1,1,,1,10,0,,3,5,0,1,41,0,1,, -1,7,0,1,130,10,2,2021,17:45,1,28,28363,1,1,1,5,a10,48.416726,1.898317,17,4,2
202100012834,178Â 782,B01,1,1,1,5,8,0,-1,-1, -1,-1,2021,17.0,2,1,0,2,1,9,0,,4,BRETONNERIE (RUE DE LA),0,,1,1,2,1,(1),(1),1,, -1,1,6,1,30,16,10,2021,14:05,1,45,45234,2,3,0,3,Rue de la Republique,47.90507,1.90464,14,2,2
202100029366,149Â 284,B01,1,1,1,5,0,-1,-1,0,0,-1,2021,74.0,1,1,0,0,4,2,5,,3,48,-1,,2,2,0,1,3,0,3,, -1,1,0,1,80,11,7,2021,10:45,1,89,89286,1,1,0,2,la croix rouge,47.756558,3.342462,10,2,2
202100023896,158Â 920,A01,1,1,1,5,1,0,-1,-1, -1,-1,2021,86.0,1,2,0,2,1,5,1,,3,RD 920,0,,2,2,0,1,21,275,3,, -1,1,0,1,90,14,8,2021,13:50,1,15,15012,1,1,0,1,RD 920,44.84278,2.477355,13,4,2
202100013118,178Â 296,A01,1,1,1,1,2,6,-1,-1, -1,-1,2021,33.0,2,1,0,2,1,2,1,,3,MARCEL BOYER (QU),0,,-1,2,0,1,1,0,1,, -1,1,0,1,50,15,10,2021,20:00,5,94,94041,2,1,0,3,Quai Marcel Boyer,48.824453,2.39005,20,2,2
202100008214,187Â 035,B01,1,1,1,9,1,8,-1,-1, -1,-1,2021,23.0,2,2,0,2,1,1,1,,1,A50 - Sens Aubagne vers Marseille,0,,1,3,0,2,27,200,1,, -1,2,0,1,110,14,11,2021,19:18,3,13,13005,1,1,1,5,A50 - Sens Aubagne vers Marseille,43.2665,5.5878,19,4,4
202100044456,122Â 227,A01,1,1,2,1,1,0,-1,-1, -1,-1,2021,45.0,2,2,0,2,3,13,1,,2,RN 25,0,,2,2,0,1,26,358,1,, -1,1,0,1,80,9,4,2021,18:20,1,62,62263,1,1,0,1,RN 25,50.28901,2.70956,18,2,2
202100043194,124Â 452,A01,1,1,2,3,8,0,-1,0,0,-1,2021,38.0,2,1,1,0,6,13,3,,4,AVENUE DE FLANDRE,0,,2,6,0,1,(1),(1),1,, -1,1,0,1,50,21,4,2021,15:17,1,75,75119,2,2,0,6,AVENUE DE FLANDRE,48.888474,2.373871,15,1,1
202100008969,185Â 684,A01,1,1,2,9,8,0,-1,0,0,-1,2021,25.0,2,1,0,2,1,19,5,,4,BOULEVARD PONIATOWSKI,0,,2,2,0,1,(1),(1),1,, -1,1,0,1,50,7,11,2021,01:30,5,75,75112,2,3,0,3,BOULEVARD PONIATOWSKI,48.82919,2.390262,1,2,2
202100053227,106Â 595,A01,10,3,1,4,0,-1,-1,9,9,1,2021,46.0,3,4,0,1,5,26,1,,9,ODETTE JASSE (rue),0,,-1,1,0,1,(1),(1),1,, -1,1,0,8,50,29,1,2021,22:00,5,13,13215,2,9,0,6,ODETTE JASSE (rue),43.3423277196,5.3709670109,22,2,1
202100055640,102Â 398,A01,2,2,1,5,1,-1,-1,0,0,-1,2021,5.0,3,2,0,0,1,0,1,,3,238,-1,D,2,2,0,2,5,800,3,, -1,1,0,3,80,10,1,2021,16:30,1,7,7217,1,1,0,7,Route la Raviscole,45.054814,4.772884,16,2,1
202100006812,189Â 599,B01,1,1,1,4,2,6,-1,0,0,-1,2021,57.0,1,1,0,2,7,1,1,,4,PORTE DES LILAS,0,,1,4,0,1,28,200,1,, -1,2,0,1,70,22,11,2021,17:20,5,75,75119,2,1,0,3,PORTE DES LILAS,48.878879,2.407906,17,2,2
202100034627,139Â 818,B01,1,1,2,0,1,0,-1,-1, -1,-1,2021,49.0,2,1,0,2,1,1,0,,4,ROSNY (RUE DE),0,,2,2,0,2,1,0,1,, -1,1,0,1,30,13,6,2021,09:30,1,93,93048,2,2,0,3,Rue de Rosny / Avenue Walwein,48.86184,2.44655,9,2,2
202100036500,136Â 461,A01,4,2,1,5,1,-1,-1,0,0,-1,2021,11.0,1,2,4,0,1,1,1,,1,31,0,,3,5,0,1,111,0,1,, -1,2,0,1,130,4,6,2021,20:18,2,52,52312,1,1,1,6,A31 PK 111+000,47.887125476,5.223124624,20,4,1
202100017871,169Â 677,A01,1,1,2,1,2,6,-1,-1, -1,-1,2021,25.0,2,1,9,1,1,9,1,,7,DE GAULLE GENERAL AVENUE,0,,2,2,0,1,0,0,1,, -1,1,0,4,50,20,9,2021,18:15,1,6,6123,2,1,0,6,DE GAULLE GENERAL AVENUE,43.66827,7.19199,18,2,1
202100012417,179Â 511,A01,10,3,2,3,0,-1,-1,3,3,2,2021,84.0,3,2,0,1,3,1,1,,6,ANDRE MAUROIS (PLACE),0,,-1,-1,0,1,0,0,1,, -1,1,1,8,30,16,10,2021,11:00,1,67,67482,2,1,0,6,ANDRE MAUROIS (PLACE),48.5907,7.69477,11,2,1
202100006137,190Â 840,B01,1,1,1,0,1,-1,-1,0,0,-1,2021,35.0,2,2,0,2,3,1,1,,3,131,0,,2,2,0,2,15,88,2,, -1,2,0,1,80,27,11,2021,14:00,1,76,76355,1,1,1,1,D131,49.682159,0.710818,14,3,2
202100054282,104Â 732,A01,1,1,2,3,1,-1,-1,0,0,-1,2021,41.0,1,2,3,0,1,1,1,,1,51,-1,,3,4,0,1,29,0,1,, -1,2,0,2,110,22,1,2021,13:15,1,13,13113,1,1,1,6,A51,43.606134,5.497273,13,1,1
202100030978,146Â 374,A01,1,1,1,5,8,0,-1,-1, -1,-1,2021,64.0,1,-1,0,0,0,1,0,,4,SAINT NICOLAS VC 4 ET 58 (CHEMIN DE) ,0,,2,2,0,1,(1),(1),3,, -1,1,0,1,50,3,7,2021,20:15,1,82,82033,1,1,0,7,SAINT NICOLAS VC 4 ET 58 (CHEMIN DE) ,44.066256,1.068324,20,1,1
202100026970,153Â 503,A01,1,1,1,1,1,0,-1,-1, -1,-1,2021,28.0,1,2,1,0,3,1,1,,4,REDOUTE (RUE DE LA),0,,2,2,2,1,1,0,1,, -1,1,0,1,50,26,7,2021,14:15,1,92,92032,2,1,0,6,REDOUTE (RUE DE LA),48.79472,2.27501,14,1,1
202100016931,171Â 358,A01,1,1,1,5,8,0,-1,-1, -1,-1,2021,18.0,1,1,0,2,2,25,5,,4,DE GAULLE (AVENUE DU GENERAL),0,,2,3,2,1,(1),(1),1,, -1,1,0,4,50,22,9,2021,14:30,1,37,37261,2,3,0,6,DE GAULLE (AVENUE DU GENERAL),47.379807199,0.6945661518,14,2,2
202100014899,175Â 081,B01,1,1,1,0,2,-1,-1,0,0,-1,2021,36.0,2,1,0,2,1,1,1,,3,D1,0,,2,2,0,1,15,850,1,, -1,1,0,1,80,7,10,2021,17:10,1,88,88524,1,2,0,1,intersection D1- D17,48.158271,5.68594,17,2,2
202100030154,147Â 868,A01,10,3,1,5,0,-1,-1,3,9,1,2021,80.0,1,2,0,1,1,15,1,,7,VILETTE (CHEMIN DE LA),0,,2,2,0,1,5,95,1,, -1,1,0,1,50,6,7,2021,18:05,1,83,83069,2,1,0,6,VILETTE (CHEMIN DE LA),43.10581,6.12677,18,2,1
202100003842,194Â 886,A01,1,1,1,5,2,6,-1,0,0,-1,2021,50.0,1,1,0,2,8,16,1,,4,BOULEVARD DE SEBASTOPOL,0,,1,3,0,1,(1),(1),1,, -1,1,0,1,30,8,12,2021,23:30,5,75,75103,2,3,0,3,BOULEVARD DE SEBASTOPOL,48.868186,2.353621,23,2,2
202100025494,156Â 095,A01,1,1,1,1,1,0,-1,-1, -1,-1,2021,37.0,1,2,0,2,3,17,1,,3,CARRIERES (QU DES),0,,2,3,0,1,0,0,1,, -1,1,0,1,50,4,8,2021,09:20,1,94,94018,2,1,0,3,CARRIERES (QU DES),48.81989,2.40521,9,2,2
202100005490,191Â 981,A01,1,1,1,9,1,-1,-1,0,0,-1,2021,24.0,2,2,0,2,1,1,1,,2,RN 25,0,,1,2,0,1,1,600,1,, -1,1,0,1,110,24,11,2021,13:40,1,80,80489,1,1,0,2,RN 25,49.88141,2.37071,13,2,2
202100006602,189Â 996,B01,1,1,1,1,1,0,-1,-1, -1,-1,2021,28.0,3,5,0,2,3,16,1,,3,CD 14,0,,3,6,0,1,0,398,1,, -1,2,5,1,50,22,11,2021,07:00,2,78,78238,2,2,0,3,CD 14,48.963399,1.862556,7,2,2
202100048574,114Â 927,A01,1,1,1,9,1,0,-1,0,0,-1,2021,49.0,1,2,0,2,1,1,1,,4,RUE JEAN CARRIES,0,,1,1,0,1,(1),(1),1,, -1,1,0,1,50,10,3,2021,15:35,1,75,75107,2,2,0,2,RUE JEAN CARRIES,48.85268,2.299795,15,2,2
202100006533,190Â 122,B01,5,2,2,3,1,0,-1,-1, -1,-1,2021,30.0,1,2,0,2,3,2,1,,1,A7-Sens Lyon vers Marseille,0,,1,3,0,1,269,0,1,, -1,1,0,1,110,16,11,2021,12:06,1,13,13071,1,1,0,3,A7-Sens Lyon vers Marseille,43.406823,5.327935,12,6,3
202100026420,154Â 473,A01,1,1,2,5,8,-1,-1,-1, -1,-1,2021,30.0,1,2,0,2,2,15,1,,7,JEAN JAURES                         (AV),0,,3,3,0,1,(1),(1),1,, -1,1,0,1,30,29,7,2021,19:30,1,69,69199,2,3,0,3,JEAN JAURES (AV),45.71311,4.85502,19,2,2
202100042609,125Â 459,B01,4,2,2,9,1,5,-1,-1, -1,-1,2021,8.0,3,2,0,2,7,1,1,,3,WALDECK ROUSSEAU (RUE),0,,1,2,0,1,0,1,1,, -1,1,3,1,50,25,4,2021,01:05,5,93,93005,2,4,0,3,WALDECK ROUSSEAU (RUE),48.9283395956,2.482065802,1,5,2
202100051409,109Â 794,A01,1,1,2,0,8,0,-1,-1, -1,-1,2021,68.0,0,2,0,0,0,26,1,,4,PAIX. RUE DE LA,0,,2,2,0,2,(1),(1),1,, -1,1,0,1,50,12,2,2021,10:10,1,76,76484,2,1,0,7,PAIX. RUE DE LA,49.34083,1.09856,10,1,1
202100053160,106Â 714,A01,1,1,2,1,1,-1,-1,-1, -1,-1,2021,29.0,3,2,0,2,3,2,1,,4,,0,,2,2,0,2,(1),(1),1,, -1,2,0,1,50,29,1,2021,07:35,2,69,69259,2,2,1,2,MARCEL CACHIN (AV),45.6921661447,4.8785806898,7,2,2
202100001948,198Â 320,B01,1,1,2,4,8,-1,-1,0,0,-1,2021,20.0,2,5,3,2,2,17,1,,1,87,0,,1,4,0,2,64,450,1,, -1,1,0,1,130,21,12,2021,14:20,1,85,85302,1,1,0,3,A 87 pk 064+450,46.960661,-0.928388,14,2,2
202100030108,147Â 963,B01,1,1,2,5,1,-1,-1,0,0,-1,2021,38.0,1,2,0,2,4,1,1,,3,91,0,,2,2,0,1,2,790,3,, -1,1,0,1,50,8,7,2021,17:40,1,89,89099,2,4,0,2,Rue de la RÃ©publique,47.947217,3.539604,17,5,2
202100043993,123Â 042,B01,1,1,2,1,1,0,-1,-1, -1,-1,2021,56.0,1,2,0,2,4,1,1,,2,RN 104,0,,3,4,0,1,44,400,1,, -1,1,0,1,110,15,4,2021,08:50,1,91,91235,1,1,0,2,RN 104,48.62604,2.35552,8,2,2
202100002917,196Â 554,A01,10,3,1,1,0,-1,-1,4,1,1,2021,61.0,3,4,0,1,1,15,1,,4,KENNEDY AVENUE,0,,1,2,0,1,(1),(1),1,, -1,1,0,1,30,14,12,2021,08:00,2,59,59350,2,2,0,6,KENNEDY AVENUE,50.6325616559,3.0708611012,8,2,1
202100011550,181Â 072,B01,1,1,1,9,1,8,-1,-1, -1,-1,2021,34.0,2,2,0,2,0,0,2,,4,JACQUES COEUR (AVENUE),0,,2,4,2,1,(1),(1),1,, -1,1,0,1,50,22,10,2021,13:40,1,86,86194,2,1,0,1,Avenue Jacques Coeur,46.567191,0.376138,13,4,2
202100039224,131Â 509,A01,1,1,1,9,2,6,-1,-1, -1,-1,2021,36.0,2,1,0,2,1,1,1,,1,A7-Sens Marseille vers Lyon,0,,1,3,0,1,276,0,1,, -1,1,0,1,90,20,5,2021,13:15,1,13,13215,1,1,0,2,A7-Sens Marseille vers Lyon,43.38492,5.35091,13,2,2
202100000822,200Â 253,A01,10,3,1,0,8,8,-1,3,3,1,2021,42.0,1,2,0,1,1,16,1,,4,Square Franklin Roosevelt,0,,4,2,0,1,(1),(1),2,, -1,2,0,1,50,19,12,2021,07:30,4,42,42218,2,6,0,6,Square Franklin Roosevelt,45.420651584,4.4121726751,7,2,1
202100020770,164Â 514,A01,1,1,1,5,1,-1,-1,0,0,-1,2021,21.0,2,2,2,0,3,13,1,,3,77,-1,,2,2,0,1,5,900,3,, -1,1,0,3,80,6,9,2021,00:15,3,84,84072,1,1,0,6,Route de Saint Mirat,44.050138,5.157834,0,1,1
202100043056,124Â 713,A01,1,1,1,4,2,6,-1,0,0,-1,2021,41.0,2,1,0,2,4,2,1,,4,RUE MANIN,0,,2,4,0,1,(1),(1),1,, -1,1,0,1,50,20,4,2021,20:30,2,75,75119,2,2,0,3,RUE MANIN,48.882245,2.381958,20,3,2
202100025643,155Â 847,B01,1,1,2,0,1,0,-1,-1, -1,-1,2021,39.0,1,2,0,2,3,1,1,,3,MARECHAL LECLERC AVENUE,0,,3,4,0,1,(1),(1),1,, -1,1,0,1,50,4,8,2021,19:00,1,93,93046,2,2,0,3,Avenue du MarÃ©chal Leclerc / AllÃ©e Joseph Noize,48.92018,2.53909,19,3,2
202100052392,108Â 062,C01,1,1,2,0,1,0,-1,-1, -1,-1,2021,21.0,1,2,0,2,4,1,1,,2,RN10 POINTE A MITEAU,0,,3,4,0,1,60,50,1,, -1,2,0,1,50,5,2,2021,13:30,1,86,86088,2,1,1,4,N10,46.547041,0.29838,13,3,3
202100005161,192Â 552,B01,2,2,1,2,1,-1,-1,0,0,-1,2021,12.0,1,2,0,2,3,13,1,,3,348,0,,2,2,0,2,0,126,2,, -1,2,0,1,50,3,12,2021,08:05,1,64,64424,2,1,0,3,Route de Garaibie,43.188618,-0.942003,8,3,2
202100019311,167Â 109,B01,3,2,1,5,1,8,-1,-1, -1,-1,2021,2.0,2,2,0,2,4,2,1,,1,A104,0,,3,2,0,1,28,0,2,, -1,1,0,1,90,13,9,2021,12:15,1,77,77121,1,1,0,2,A104,48.8366222215,2.6649838163,12,3,2
202100035424,138Â 396,A01,1,1,2,5,2,6,-1,-1, -1,-1,2021,24.0,1,1,3,0,9,2,1,,1,AUTOROUTE A1,0,,3,4,0,1,189,199,1,, -1,1,0,1,130,8,6,2021,20:45,1,62,62427,1,1,0,6,AUTOROUTE A1,50.454232,2.971673,20,1,1
202100006063,190Â 965,A01,10,3,1,3,0,-1,-1,1,B,1,2021,88.0,3,2,0,1,4,20,1,,6,,-1,,-1,-1,0,1,(1),(1),1,,5,2,0,6,30,26,11,2021,11:15,1,33,33483,2,1,0,6,Place Maucaillou,44.912457,-0.393142,11,2,1
202100042975,124Â 855,A01,2,2,2,5,1,-1,-1,0,0,-1,2021,19.0,2,2,4,0,3,13,1,,1,51,-1,,3,4,0,1,24,580,2,, -1,1,0,1,130,24,4,2021,14:30,1,13,13113,1,1,0,6,A51 PK 024.580,43.5891294325,5.4794344927,14,2,1
202100042466,125Â 712,A01,1,1,1,5,2,-1,-1,-1, -1,-1,2021,40.0,1,1,0,0,7,1,1,,4,MARITIME (BOULEVARD),0,,2,2,2,1,(1),(1),1,, -1,1,0,1,30,25,4,2021,06:15,2,50,50602,2,1,0,7,MARITIME (BOULEVARD),49.64482,-1.59791,6,1,1
202100053030,106Â 933,A01,1,1,1,5,1,-1,-1,-1, -1,-1,2021,36.0,2,2,4,2,6,1,1,,7,383,0,,3,7,0,1,2,0,1,, -1,2,0,1,70,31,1,2021,18:22,5,69,69256,1,1,0,2,RD383,45.7894452278,4.8854945036,18,2,2
202100026914,153Â 605,A01,1,1,2,4,2,6,-1,0,0,-1,2021,39.0,1,1,0,0,9,1,3,,3,,-1,,1,1,0,1,(1),(1),3,,3,8,0,1,50,25,7,2021,10:10,1,201,201041,2,1,0,7,Bonifacio,41.388763,9.167174,10,1,1
202100037113,135Â 360,D01,2,2,2,5,1,-1,-1,0,0,-1,2021,74.0,1,2,0,2,2,17,1,,1,1,0,A,1,2,0,1,85,500,1,, -1,1,0,1,90,2,6,2021,12:45,1,60,60538,1,1,0,4,A1 PK85+500,49.5590520724,2.7346944809,12,5,4
202100044365,122Â 370,A01,1,1,2,5,2,8,-1,-1, -1,-1,2021,14.0,1,1,0,2,8,15,1,,7,LARDENNE (AV DE) DU 1AU 84,0,,2,2,1,1,3,119,1,, -1,1,0,1,50,10,4,2021,17:35,1,31,31555,2,1,0,3,LARDENNE (AV DE) DU 1AU 84,43.58999,1.37552,17,2,2
202100012600,179Â 192,A01,1,1,1,5,2,6,-1,-1, -1,-1,2021,32.0,1,1,14,0,1,1,1,,1,6B,0,,1,2,0,1,2,400,1,, -1,1,0,8,70,17,10,2021,21:39,3,94,94016,1,1,0,6,AUTOROUTE A6B,48.79505,2.34454,21,1,1
202100014124,176Â 441,B01,1,1,1,5,8,8,-1,-1, -1,-1,2021,10.0,1,1,0,2,1,19,5,,4,MANGUES (RUE DES - CITE MANGUIERS),0,,2,2,0,1,(1),(1),1,, -1,1,0,1,50,9,10,2021,17:10,1,973,97302,2,2,0,3,MANGUES (RUE DES - CITE MANGUIERS),4.9342560347,-52.323471129,17,2,2
202100020654,164Â 710,A01,1,1,2,5,1,-1,-1,0,0,-1,2021,18.0,2,2,0,0,0,1,1,,3,201,0,,2,2,0,1,10,1017,2,, -1,1,0,1,70,25,8,2021,02:50,5,17,17051,1,1,0,7,D201,46.180677,-1.378747,2,6,1
202100011566,181Â 048,B01,1,1,1,0,1,0,-1,-1, -1,-1,2021,28.0,1,2,0,2,5,23,1,,4,PAIX,0,,2,3,0,1,0,0,1,, -1,1,0,1,50,22,10,2021,09:00,1,64,64445,2,1,0,2,PAIX,43.31646,-0.3397,9,2,2
202100001925,198Â 353,B01,2,1,1,1,2,6,-1,-1, -1,-1,2021,30.0,2,1,0,2,1,1,1,,3,906,0,,2,4,0,1,0,0,1,, -1,1,0,1,50,21,12,2021,11:25,1,92,92023,2,3,0,3,GENERAL DE GAULLE (AV DU) NÂ°130 A 340 ET,48.78565,2.25218,11,2,2
202100005854,191Â 324,A01,1,1,1,0,1,0,-1,-1, -1,-1,2021,34.0,1,2,0,2,3,1,1,,1,AUTOROUTE A15,0,,1,8,0,1,6,0,1,, -1,2,2,1,110,28,11,2021,07:30,3,92,92036,1,1,1,6,AUTOROUTE A15,48.9493017533,2.2806327045,7,1,1
202100011959,180Â 346,B01,1,1,1,5,8,0,-1,0,0,-1,2021,78.0,1,1,0,2,4,1,5,,4,BEME (AVENUE PAUL),0,,2,2,0,2,0,0,1,, -1,1,0,1,30,19,10,2021,16:45,1,47,47201,2,1,0,2,BEME (AVENUE PAUL),44.19105,0.5989,16,2,2
202100045265,120Â 811,A01,1,1,1,0,8,0,-1,-1, -1,-1,2021,18.0,3,1,0,2,1,1,1,,4,STRASBOURG,0,,2,2,0,2,0,0,1,, -1,1,0,1,30,3,4,2021,14:30,1,92,92026,2,1,0,3,STRASBOURG,48.89243,2.24957,14,2,2
202100031477,145Â 488,A01,1,1,2,4,1,-1,-1,0,0,-1,2021,42.0,1,4,2,0,8,1,1,,3,753,0,,2,2,0,2,1,500,4,, -1,1,0,3,80,30,6,2021,17:00,1,85,85039,1,1,0,6,RD 753 PR 001.500,47.011235,-1.125498,17,1,1
202100023475,159Â 664,A01,1,1,1,5,2,-1,-1,0,0,-1,2021,47.0,1,1,0,2,1,1,5,,3,81,-1,,2,2,0,1,2,400,1,, -1,1,0,1,50,15,8,2021,11:40,1,86,86174,2,2,0,3,Rue Ambroise Croizat,46.77329,0.482608,11,2,2
202100015989,173Â 086,B01,1,1,1,1,2,5,6,0,0,-1,2021,50.0,1,1,0,2,1,1,1,,3,16,-1,D,2,2,0,1,55,525,3,, -1,1,0,1,80,30,9,2021,11:40,1,76,76208,1,1,0,5,Route de Dampierre,49.503085,1.707366,11,3,3
202100049535,113Â 214,A01,1,1,1,1,2,0,-1,-1, -1,-1,2021,23.0,1,1,0,2,1,2,1,,4,BALTARD (R),0,,1,2,0,1,1,0,1,, -1,1,0,1,50,1,3,2021,12:45,1,94,94065,2,1,0,2,BALTARD (R),48.7579,2.34595,12,2,2
202100033360,142Â 137,A01,2,2,2,5,2,0,-1,-1, -1,-1,2021,16.0,1,1,0,2,1,9,1,,4,CORDERIE (ALLEE DE LA),0,,1,1,0,1,0,0,1,0,8,1,0,1,50,11,6,2021,19:35,1,16,16102,2,3,0,3,Place Jean Monnet,45.692951,-0.327449,19,3,2
202100056499,100Â 912,C01,2,2,2,1,1,0,-1,-1, -1,-1,2021,51.0,1,2,0,2,4,2,1,,1,4,0,,-1,4,0,1,6,599,1,, -1,2,2,1,90,1,1,2021,18:50,2,94,94042,1,1,1,4,A4,48.8277171983,2.4703958116,18,4,3
202100017861,169Â 694,A01,1,1,1,5,1,-1,-1,0,0,-1,2021,51.0,2,2,15,0,3,13,1,,3,CD 140,0,,2,2,0,1,0,0,3,, -1,2,0,3,50,20,9,2021,19:05,1,14,14001,2,1,0,6,D 140,49.38787,0.27594,19,1,1
202100038444,132Â 928,A01,1,1,2,1,1,9,-1,0,0,-1,2021,35.0,1,2,0,0,3,9,1,,4,,0,,2,2,0,2,(1),(1),3,, -1,2,0,1,50,25,5,2021,08:55,1,2,2814,2,1,1,3,105 Rue Henri Richet,49.91947,3.677131,8,2,2
202100038843,132Â 197,B01,1,1,1,5,2,-1,-1,0,0,-1,2021,39.0,1,1,0,2,1,1,1,,3,18,0,D,2,2,0,2,1,300,2,, -1,1,0,1,70,23,5,2021,00:10,5,971,97111,1,1,0,1,AllÃ©e du Coeur,16.32121,-61.774642,0,2,2
202100036377,136Â 679,A01,1,1,1,0,1,5,-1,-1, -1,-1,2021,22.0,1,2,1,2,1,1,1,,4,RUE DES GRES,0,,1,1,0,1,0,0,3,, -1,1,0,1,30,3,6,2021,22:45,5,91,91114,2,1,0,-1,RUE DES GRES,48.69018,2.49788,22,1,1
202100032778,143Â 184,A01,10,3,1,5,0,-1,-1,3,3,1,2021,12.0,3,2,0,1,1,1,1,,4,,-1,,1,2,0,1,(1),(1),1,,4,1,0,1,50,24,6,2021,14:00,1,78,78321,2,1,0,6,4 Rue Saint-FrÃ©dÃ©ric,48.80279,1.900785,14,2,1
202100032034,144Â 487,A01,1,1,2,5,2,6,-1,0,0,-1,2021,27.0,1,1,0,2,2,17,1,,3,28,-1,,2,2,0,1,33,200,1,, -1,1,5,1,80,28,6,2021,14:10,1,28,28191,1,2,0,3,Route de Gallardon,48.588719,1.678146,14,2,2
202100013904,176Â 849,A01,10,3,2,9,0,-1,-1,3,3,1,2021,71.0,2,1,0,1,2,0,1,,3,PARC (RUE DU),0,,1,4,3,1,0,0,1,, -1,1,0,1,50,11,10,2021,16:35,1,93,93053,2,1,0,1,PARC (RUE DU),48.89359,2.44419,16,2,1
202100019942,165Â 986,A01,1,1,2,5,1,-1,-1,0,0,-1,2021,74.0,1,2,2,0,1,1,1,,3,74,-1,,2,2,0,2,23,840,2,, -1,1,0,8,80,7,9,2021,09:45,1,81,81010,1,1,0,6,D74,43.927139,2.369914,9,1,1