Num_Acc,id_vehicule,num_veh,place,catu,sexe,trajet,secu1,secu2,secu3,locp,actp,etatp,year_acc,victim_age,senc,catv,obs,obsm,choc,manv,motor,occutc,catr,voie,v1,v2,circ,nbv,vosp,prof,pr,pr1,plan,lartpc,larrout,surf,infra,situ,vma,jour,mois,an,hrmn,lum,dep,com,agg_,int,atm,col,adr,lat,long,hour,nb_victim,nb_vehicules
202100009454,184Â 805,A01,1,1,1,5,2,6,-1,0,0,-1,2021,18.0,1,1,0,2,1,26,1,,7,ANGLAIS (DU NÂ° 265 AU NÂ° 350),0,,1,3,0,1,(1),(1),1,, -1,1,0,1,50,4,11,2021,14:00,1,6,6088,2,2,0,3,ANGLAIS (DU NÂ° 265 AU NÂ° 350),43.677842,7.229306,14,3,2
202100014049,176Â 585,B01,1,1,1,5,2,-1,-1,0,0,-1,2021,26.0,2,1,0,2,2,17,1,,3,1075,0,,2,2,0,1,19,777,1,,4,1,9,1,50,11,10,2021,18:30,1,1,1304,2,3,0,3,Rue Brillat Savarin,46.047937,5.335917,18,2,2
202100023865,158Â 968,D01,1,1,1,0,1,0,-1,-1, -1,-1,2021,57.0,1,2,0,2,4,1,1,,3,ETREMBIERES (ROUTE D'),0,,2,3,0,2,0,0,1,, -1,1,0,1,50,13,8,2021,04:20,5,74,74012,2,1,0,5,ETREMBIERES (ROUTE D'),46.18914,6.23311,4,4,4
202100054141,104Â 973,A01,1,1,1,5,1,-1,-1,0,0,-1,2021,45.0,2,2,2,0,1,2,1,,3,929,-1,,2,2,0,1,6,600,1,, -1,1,0,3,-1,23,1,2021,06:15,3,80,80650,1,1,0,6,D929,49.930726,2.403259,6,1,1
202100027147,153Â 187,A01,1,1,1,5,2,-1,-1,0,0,-1,2021,21.0,2,1,0,2,1,0,1,,2,2,0,,2,2,0,1,31,500,3,, -1,1,2,1,50,25,7,2021,06:20,2,987,98722,1,1,0,1,RT2 - PK 32 avant le pont - MAHAENA,-17.564215,-149.326944,6,3,2
202100020826,164Â 419,A01,1,1,1,5,2,6,-1,-1, -1,-1,2021,25.0,1,1,4,0,1,1,1,,3,BOUGAINVILLEES (ROUTE DES),0,,2,2,0,1,(1),(1),4,, -1,1,0,1,50,4,9,2021,14:30,1,974,97411,2,1,0,7,BOUGAINVILLEES (ROUTE DES),-20.92232,55.40268,14,1,1
202100017760,169Â 878,A01,1,1,1,5,1,-1,-1,0,0,-1,2021,19.0,0,2,13,0,1,0,1,,3,915,0,D,2,2,0,1,26,890,1,, -1,1,0,3,80,25,8,2021,13:57,1,76,76276,1,1,0,7,78 Route de Gournay,49.600583,1.571012,13,3,1
202100003976,194Â 643,B01,1,1,1,4,1,-1,-1,-1, -1,-1,2021,38.0,1,5,0,2,5,26,3,,4,DOCTEUR GAILLETON (DU)              (QU),0,,1,5,3,1,(1),(1),1,, -1,2,0,1,50,7,12,2021,02:15,5,69,69382,2,3,1,2,DOCTEUR GAILLETON (DU) (Q),45.75218,4.83296,2,2,2
202100044234,122Â 596,B01,1,1,1,0,2,6,-1,-1, -1,-1,2021,16.0,2,1,0,2,1,1,1,,2,kaweni-Kaweni nord ( Z I ),0,,2,0,0,2,0,0,3,, -1,1,0,1,50,12,4,2021,20:20,3,976,97611,1,1,0,3,kaweni-Kaweni nord ( Z I ),-12.75852,45.23098,20,2,2
202100017368,170Â 594,A01,1,1,1,1,1,0,-1,-1, -1,-1,2021,27.0,2,2,0,2,1,2,1,,1,A86,0,,1,2,0,1,1,0,1,, -1,1,1,1,70,25,9,2021,12:30,1,92,92050,1,1,0,2,A86,48.907448408,2.2123349753,12,4,2
202100038974,131Â 975,A01,10,3,2,5,0,-1,-1,3,3,1,2021,12.0,2,1,0,1,1,1,1,,4,BD DU GENERAL GIRAUD ,0,,2,2,0,1,1,0,1,, -1,1,0,1,30,21,5,2021,15:40,1,94,94068,2,1,0,6,Boulevard du GÃ©nÃ©ral Giraud,48.79752,2.47518,15,2,1
202100019651,166Â 519,B01,1,1,1,2,8,0,-1,-1, -1,-1,2021,18.0,3,1,0,2,1,9,3,,3,PYRAMIDES ( ROND POINT DES ),0,,1,1,0,1,35,140,2,, -1,1,5,1,50,6,9,2021,17:50,1,73,73087,2,6,0,3,PYRAMIDES ( ROND POINT DES ),45.55935,5.89588,17,2,2
202100003039,196Â 347,A01,1,1,1,4,1,-1,-1,-1, -1,-1,2021,48.0,2,4,0,2,1,2,1,,2,ROUTE NATIONALE 230,0,,3,6,0,1,40,99,1,, -1,1,0,1,90,14,12,2021,08:50,1,33,33119,1,1,0,4,ROUTE NATIONALE 230,44.848133,-0.503298,8,3,3
202100036337,136Â 743,A01,2,2,2,5,2,-1,-1,0,0,-1,2021,23.0,1,1,13,0,0,1,1,,3,214,0,D,2,2,0,2,(1),(1),1,, -1,1,0,3,30,5,6,2021,21:00,3,971,97131,1,1,0,7,Route de Bois Joli,15.862531,-61.594301,21,2,1
202100009704,184Â 356,A01,1,1,1,0,1,0,-1,-1, -1,-1,2021,27.0,1,2,3,0,0,1,1,,7,ROUTE DEPARTEMENTALE 652,0,,-1,4,0,1,7,0,1,, -1,2,0,1,90,1,11,2021,02:30,3,59,59527,1,1,0,6,ROUTE DEPARTEMENTALE 652,50.6662104273,3.0277901888,2,1,1
202100029127,149Â 688,A01,2,2,1,9,1,8,-1,-1, -1,-1,2021,46.0,3,2,0,2,2,15,1,,7,PROUDHON (AVENUE),0,,2,3,0,1,(1),(1),1,, -1,1,0,1,50,13,7,2021,21:00,2,37,37195,2,3,0,3,,47.39356,0.66295,21,3,2
202100042623,125Â 438,A01,1,1,2,5,0,-1,-1,0,0,-1,2021,22.0,3,1,6,0,1,26,1,,4,,0,,2,2,0,1,(1),(1),1,,4,1,0,3,50,23,4,2021,14:10,1,45,45219,2,1,0,6,Place de l'Eglise,48.020257,2.591465,14,1,1
202100025749,155Â 658,Z01,10,3,1,5,0,-1,-1,5,1,2,2021,29.0,1,2,0,1,2,14,0,,4,MADRAGUE DE MONTREDON (AVE DE LA) ,0,,2,2,0,1,1,0,1,, -1,1,0,4,50,3,8,2021,02:40,5,13,13208,2,1,0,3,MADRAGUE DE MONTREDON (AVE DE LA) ,43.23187,5.35312,2,2,1
202100020344,165Â 268,A01,1,1,1,1,1,0,-1,-1, -1,-1,2021,38.0,2,2,0,2,1,1,1,,4,JEAN BAPTISTE CLEMENT (QU),0,,2,2,0,1,1,0,1,, -1,1,0,1,50,6,9,2021,08:30,1,94,94002,2,1,0,4,JEAN BAPTISTE CLEMENT (QU),48.78966,2.42392,8,3,3
202100034669,139Â 753,A01,1,1,1,5,2,-1,-1,0,0,-1,2021,67.0,1,1,0,5,1,1,5,,3,27,-1,,2,2,0,1,17,(1),1,, -1,1,0,1,50,12,6,2021,09:45,1,84,84084,1,1,0,6,pk 17 D27,43.7583286313,5.5068111427,9,1,1
202100014877,175Â 121,A01,1,1,1,1,2,-1,-1,0,0,-1,2021,29.0,3,1,0,2,7,21,1,,2,2,-1,,3,2,1,4,(1),(1),1,, -1,1,0,1,50,25,8,2021,18:00,2,974,97410,1,1,0,2,Route Nationale 2 Bourbier les Bas,-21.0247,55.704423,18,2,2
202100036107,137Â 140,A01,1,1,1,5,2,6,-1,-1, -1,-1,2021,17.0,1,1,0,2,7,1,1,,3,PAUL VAILLANT COUTURIER (AV),0,,2,2,0,1,1,0,1,, -1,1,0,1,50,6,6,2021,00:15,5,94,94076,2,2,0,3,Avenue Paul Vaillant-Couturier,48.794405,2.358111,0,2,2
202100053313,106Â 431,C01,1,1,1,9,1,0,-1,-1,0,-1,2021,35.0,1,2,0,2,8,2,1,,1,15,0,,3,8,0,2,11,100,1,, -1,2,0,1,110,28,1,2021,13:45,1,95,95252,1,1,1,4, A15,48.9791829779,2.2291476672,13,4,3
202100028821,150Â 204,A01,10,3,2,0,0,-1,-1,4,3,1,2021,50.0,1,2,0,1,1,1,1,,4,COGNACQ JAY (RUE),0,,2,2,0,1,(1),(1),1,, -1,2,0,1,50,15,7,2021,15:15,1,51,51454,2,1,1,7,Rue Cognacq Jay,49.2319524147,4.0189768293,15,2,1
202100025081,156Â 824,B01,1,1,2,1,2,6,-1,0,0,-1,2021,49.0,0,1,0,2,1,2,1,,7,312,0,,2,2,0,1,(1),(1),1,, -1,1,0,1,70,15,6,2021,17:30,1,69,69296,1,1,0,3,D312,45.639525,4.825273,17,2,2
202100012967,178Â 559,A01,10,3,1,9,0,-1,-1,1,3,1,2021,2.0,1,2,0,1,2,1,1,,4,,-1,,2,2,0,1,(1),(1),1,,5,1,0,1,50,13,10,2021,10:40,1,976,97617,2,1,0,1,"Quartier lotissement, mirÃ©rÃ©ni",-12.785745,45.14235,10,2,1
202100029119,149Â 700,A01,2,2,1,0,1,-1,-1,-1, -1,-1,2021,34.0,2,5,0,2,1,0,1,,4,GOSSET (RUE) DU NÂ° 1 AU 83 ET DU NÂ° 48 A,0,,1,1,0,1,(1),(1),1,, -1,2,0,1,50,13,7,2021,16:30,1,51,51454,2,3,1,3,Rue Gosset,49.2674536798,4.0457562158,16,3,2
202100020684,164Â 658,A01,10,3,1,9,0,-1,-1,5,2,2,2021,37.0,2,1,0,1,1,2,1,,4,BOLHEN   (DE)                        (AV,0,,3,4,0,1,(1),(1),1,, -1,1,0,4,50,5,9,2021,23:30,5,69,69256,2,3,0,6,BOLHEN (DE) (AV),45.7646551808,4.9192491174,23,3,1
202100000722,200Â 417,B01,1,1,1,9,2,0,-1,-1, -1,-1,2021,48.0,1,1,0,2,2,2,1,,1,AUTOROUTE A86,0,,3,6,0,1,28,0,1,, -1,1,0,1,90,31,12,2021,18:00,3,93,93064,1,1,0,3,AUTOROUTE A86,48.87122,2.48194,18,2,2
202100034418,140Â 211,A01,1,1,2,5,2,6,-1,-1, -1,-1,2021,25.0,1,1,0,2,7,3,1,,1,A86 INT,0,,3,3,0,1,45,900,1,, -1,1,1,1,90,15,6,2021,16:10,1,94,94073,1,1,0,3,A86 INT,48.7630280253,2.3813295364,16,2,2
202100019857,166Â 145,A01,10,3,1,0,0,-1,-1,1,3,1,2021,12.0,1,2,0,1,7,1,1,,4,HUGO VICTOR (RUE) HORS JARDIN PUBLIQUE,0,,2,2,0,1,0,0,1,, -1,1,0,1,50,2,9,2021,13:40,1,72,72181,2,1,0,6,HUGO VICTOR (RUE) HORS JARDIN PUBLIQUE,48.0,0.20131,13,2,1
202100005547,191Â 886,A01,1,1,2,9,2,6,-1,0,0,-1,2021,53.0,2,1,12,2,6,15,1,,4,PLACE DU CHATELET,0,,1,5,0,1,(1),(1),1,, -1,2,0,1,30,30,11,2021,10:15,1,75,75101,2,7,0,3,PLACE DU CHATELET,48.857263,2.347154,10,2,2
202100034759,139Â 581,B01,1,1,1,1,2,6,-1,-1, -1,-1,2021,35.0,2,1,0,2,2,2,1,,4,RUE JEAN MERMOZ,0,,2,2,0,1,(1),(1),1,, -1,1,0,1,50,12,6,2021,08:35,1,33,33162,2,1,0,3,Rue Jean Mermoz,44.86209,-0.666,8,2,2
202100008493,186Â 550,A01,10,3,2,3,0,-1,-1,3,3,1,2021,93.0,1,5,8,0,1,1,1,,4,FERRARI (RUE),0,,-1,1,0,1,0,0,3,, -1,1,0,1,50,9,11,2021,16:15,1,13,13205,2,7,0,1,FERRARI (RUE),43.29411,5.38701,16,2,1
202100051522,109Â 600,A01,4,2,2,0,8,0,-1,-1, -1,-1,2021,28.0,1,5,2,0,1,1,1,,3,WALESA (AVENUE LECH),0,,1,2,2,1,1,1,4,, -1,1,0,8,50,14,2,2021,06:10,5,93,93064,2,1,0,6,WALESA (AVENUE LECH),48.8743851587,2.4865748106,6,4,1
202100007850,187Â 704,B01,1,1,1,4,2,0,-1,0,0,-1,2021,35.0,1,1,0,2,8,1,1,,4,AVENUE DE SAINT OUEN,0,,2,4,0,1,(1),(1),1,, -1,2,0,1,30,16,11,2021,20:50,5,75,75118,2,3,1,3,AVENUE DE SAINT OUEN,48.889552,2.326312,20,2,2
202100049123,113Â 945,A01,1,1,2,9,1,0,0,0,0,-1,2021,28.0,3,2,0,2,2,21,1,,7,PENETRANTE DU PAILLON,0,,1,2,0,2,(1),(1),1,, -1,1,0,1,90,5,3,2021,12:10,1,6,6088,1,1,0,5,PENETRANTE DU PAILLON,43.74109,7.309,12,3,3
202100033669,141Â 579,A01,1,1,1,9,2,0,-1,-1, -1,-1,2021,25.0,1,1,0,2,0,0,1,,3,CONTANT   (RUE),0,,2,2,0,1,1,0,1,, -1,2,0,1,50,17,6,2021,05:00,5,93,93032,2,1,1,7,CONTANT   (RUE),48.89213,2.5342,5,1,1
202100010488,182Â 977,B01,1,1,1,1,1,0,-1,-1, -1,-1,2021,49.0,2,2,0,2,8,0,1,,4,MELOU (RUE DE),0,,2,2,0,1,(1),(1),1,, -1,1,0,1,50,27,10,2021,07:45,2,81,81065,2,3,0,3,MELOU (RUE DE),43.591283,2.216655,7,2,2
202100053695,105Â 754,B01,1,1,1,1,2,6,-1,-1, -1,-1,2021,35.0,2,1,0,2,1,3,1,,2,A86 INT,0,,3,8,0,1,48,900,1,, -1,1,0,1,90,26,1,2021,11:30,1,94,94065,1,1,0,4,A86 INT,48.7536,2.35581,11,3,3
202100010172,183Â 519,A01,1,1,1,5,2,6,-1,0,0,-1,2021,22.0,2,1,4,0,8,13,1,,4,QUAI FRANCOIS MITTERRAND,0,,1,5,3,1,(1),(1),1,, -1,2,0,1,30,29,10,2021,22:30,5,75,75101,2,2,1,6,QUAI FRANCOIS MITTERRAND,48.860145,2.333361,22,2,1
202100009167,185Â 330,A01,1,1,1,5,8,-1,-1,0,0,-1,2021,31.0,1,2,11,0,0,1,1,,1,51,0,A,3,2,0,1,2,0,1,, -1,1,9,3,110,7,11,2021,00:50,3,38,38524,1,1,0,6,A51 pk 002+000,45.102699,5.676284,0,1,1
202100017536,170Â 275,A01,10,3,1,0,0,-1,-1,2,3,1,2021,92.0,2,2,0,1,2,1,1,,3,955,-1,A,1,1,0,2,(1),(1),1,, -1,1,0,1,50,22,9,2021,11:45,1,58,58086,2,1,0,6,Rue Saint-Jacques,47.410737,2.924852,11,2,1
202100054846,103Â 766,A01,1,1,1,0,2,8,-1,-1, -1,-1,2021,29.0,2,1,0,2,8,17,1,,3,BADUEL (ROUTE DE),0,,2,2,0,1,3,0,1,, -1,1,0,1,50,15,1,2021,11:38,1,973,97302,2,3,0,3,BADUEL (ROUTE DE),4.93541,-52.31274,11,2,2
202100054157,104Â 939,A01,1,1,1,1,1,-1,-1,0,0,-1,2021,53.0,2,2,15,0,2,1,1,,1,7,-1,,1,1,0,1,227,0,1,, -1,1,9,3,50,23,1,2021,07:20,2,13,13049,1,1,0,3,Aire de Lamanon (Aire de repos),43.690893,5.096954,7,1,1
202100003129,196Â 173,Z01,10,3,2,0,8,8,-1,2,3,1,2021,72.0,1,1,0,1,1,0,5,,4,OZENNE (RUE THEODORE) DU 1AU 35,0,,2,2,0,1,(1),(1),1,, -1,1,0,1,20,13,12,2021,12:18,1,31,31555,2,1,0,6,OZENNE (RUE THEODORE) DU 1AU 35,43.59674,1.44682,12,2,1
202100031320,145Â 756,A01,1,1,1,9,8,0,-1,-1, -1,-1,2021,19.0,3,1,0,2,1,25,1,,4,,0,,2,0,3,1,(1),(1),1,, -1,1,0,4,50,1,7,2021,11:40,1,94,94011,2,1,0,6,ROSTAND.(RUE JEAN),48.7672013545,2.4851145253,11,1,1
202100030600,147Â 055,B01,1,1,1,4,8,0,-1,0,0,-1,2021,26.0,2,1,0,2,1,1,5,,4,RUE REAUMUR,0,,1,3,0,1,(1),(1),1,, -1,1,0,1,50,5,7,2021,14:05,1,75,75103,2,3,0,3,RUE REAUMUR,48.86499,2.358264,14,2,2
202100020397,165Â 176,A01,1,1,1,5,1,-1,-1,0,0,-1,2021,19.0,1,2,0,2,3,1,1,,3,47,0,D,2,2,0,1,11,800,1,, -1,1,0,1,90,7,9,2021,15:50,1,24,24249,1,1,0,1,RD 710,44.962799,0.973273,15,2,2
202100040837,128Â 638,A01,3,2,1,5,0,-1,-1,0,0,-1,2021,43.0,1,2,5,0,2,1,1,,3,18,0,D,2,2,0,1,30,810,2,, -1,1,0,3,30,8,5,2021,22:40,5,66,66210,2,1,0,6,Boulevard frÃ©dÃ©ric Mistral,42.626258,2.750847,22,4,1
202100006885,189Â 466,A01,10,3,1,3,0,-1,-1,3,3,1,2021,80.0,1,2,0,1,1,1,1,,3,389,-1,D,2,2,0,1,1640,(1),1,, -1,1,0,1,-1,22,11,2021,09:50,1,69,69010,2,1,0,6,GABRIEL PERI (R),45.831834,4.612477,9,2,1
202100037377,134Â 861,B01,1,1,1,5,2,6,-1,0,0,-1,2021,56.0,2,1,0,2,8,1,1,,3,9,-1,,2,2,0,2,10,750,2,, -1,1,0,1,80,1,6,2021,07:25,1,74,74128,1,3,1,3,Rte des Vallees,46.153713,6.344165,7,2,2
202100037310,134Â 981,A01,1,1,1,1,1,0,-1,-1, -1,-1,2021,59.0,2,5,0,2,1,1,1,,4,ONZE NOVEMBRE (RUE),0,,2,2,0,1,1,0,1,, -1,1,0,1,50,30,5,2021,20:50,1,93,93050,2,2,0,3,Rue des Glycines / Rue du 11 Novembre,48.859,2.52645,20,2,2
202100029408,149Â 213,C01,1,2,1,0,1,0,-1,-1, -1,-1,2021,20.0,1,2,0,2,1,2,1,,1,AUTOROUTE A1,0,,3,8,0,1,8,399,1,, -1,1,0,1,110,12,7,2021,16:37,1,93,93013,1,1,0,4,AUTOROUTE A1,48.94144,2.42871,16,5,4
202100055795,102Â 133,A01,1,1,1,5,1,0,-1,-1, -1,-1,2021,41.0,1,2,0,0,0,1,1,,3,37,0,,1,4,0,2,7,900,2,, -1,1,0,3,90,8,1,2021,21:15,3,37,37122,1,1,0,7,RD 37,47.3395723179,0.6672203857,21,1,1
202100045122,121Â 081,B01,1,1,1,5,8,-1,-1,-1, -1,-1,2021,25.0,1,2,0,2,7,1,1,,4,MURIERS    (Rue des),0,,1,1,2,1,(1),(1),1,, -1,1,0,1,50,31,3,2021,20:30,5,69,69266,2,2,0,3,MURIERS (DES) (R),45.76258,4.88192,20,2,2
202100052034,108Â 703,A01,1,1,1,1,2,7,-1,0,0,-1,2021,34.0,2,1,14,0,1,1,1,,4,ECHANGEUR MAILLOT,0,,3,4,0,1,(1),(1),1,, -1,1,0,1,70,9,2,2021,07:10,5,75,75117,2,4,0,6,ECHANGEUR MAILLOT,48.880666,2.281871,7,1,1
202100002854,196Â 678,B01,1,1,1,5,1,-1,-1,0,0,-1,2021,58.0,2,2,0,2,3,5,1,,3,,-1,,2,2,0,2,1,308,3,, -1,1,0,1,80,17,12,2021,18:00,3,30,30004,1,3,0,1,,43.726479,4.193156,18,2,2
202100033659,141Â 598,B01,1,1,1,5,2,0,-1,-1, -1,-1,2021,29.0,0,1,0,2,2,2,0,,4,GABRIEL PERI (RUE),0,,2,2,0,1,0,0,1,, -1,1,0,1,50,18,6,2021,13:20,1,93,93071,2,3,0,3,Rue Gabriel PÃ©ri / Avenue Salvador Allende,48.947731,2.532973,13,2,2
202100028915,150Â 043,B01,1,1,2,5,2,-1,-1,0,0,-1,2021,15.0,0,1,0,2,1,5,5,,3,290,0,,2,2,0,2,3,300,1,, -1,2,0,1,50,15,7,2021,10:52,1,38,38350,1,1,1,1,D290,45.242065,5.909207,10,2,2
202100048154,115Â 674,B01,1,1,1,9,8,0,-1,0,0,-1,2021,22.0,1,1,0,2,6,1,1,,4,BOULEVARD VOLTAIRE,0,,2,4,1,1,(1),(1),1,, -1,2,0,1,50,13,3,2021,16:20,1,75,75111,2,2,1,3,BOULEVARD VOLTAIRE,48.865591,2.36706,16,2,2
202100044387,122Â 335,A01,9,2,1,0,8,-1,-1,0,0,-1,2021,11.0,0,2,3,0,1,0,1,,7,132,0,D,2,2,0,1,1,10,1,, -1,1,2,8,80,12,4,2021,13:00,1,34,34270,1,1,0,7,Chemin de Bugarel,43.586709,3.835849,13,3,1
202100005918,191Â 211,A01,1,1,1,9,2,8,-1,-1, -1,-1,2021,35.0,1,1,3,2,1,18,1,,3,DEPARTEMENTALE 943,0,,2,2,0,1,99,437,1,, -1,2,0,1,70,26,11,2021,08:00,2,62,62193,1,1,0,2,DEPARTEMENTALE 943,50.92346,1.907214,8,2,2
202100045451,120Â 494,A01,1,1,1,5,1,5,-1,-1, -1,-1,2021,20.0,1,2,12,0,3,14,1,,4,AULNAY (ROUTE) COTE PAIRE DE 2 A FIN,0,,2,2,0,1,0,0,1,, -1,1,0,4,50,2,4,2021,01:50,5,93,93010,2,1,0,6,AULNAY (ROUTE) COTE PAIRE DE 2 A FIN,48.9119927902,2.4813707918,1,1,1
202100005440,192Â 072,B01,1,1,1,2,0,-1,-1,0,0,-1,2021,20.0,2,1,0,2,1,17,3,,3,,-1,,2,2,0,1,4,400,1,, -1,1,5,1,80,1,12,2021,07:00,2,973,97309,2,1,0,3,Route Nationale 3,4.890189,-52.287696,7,2,2
202100043554,123Â 813,A01,1,1,1,5,1,8,-1,-1, -1,-1,2021,73.0,3,5,0,1,3,1,1,,6,RD 2144,0,,-1,0,0,1,(1),(1),1,, -1,1,9,8,10,17,4,2021,16:35,1,3,3262,2,9,0,6,RD 2144,46.383304715,2.6188730552,16,4,1
202100049819,112Â 701,B01,1,1,1,1,2,-1,-1,0,0,-1,2021,24.0,1,1,0,2,8,3,0,,3,102,-1,,2,2,0,1,28,50,1,, -1,1,5,1,50,1,3,2021,12:20,1,42,42279,2,2,0,3,Boulevard de la LibÃ©ration,45.4988586137,4.2426953866,12,2,2
202100006448,190Â 273,A01,10,3,2,5,0,-1,-1,3,3,1,2021,37.0,1,3,0,1,2,1,1,1.0,4,,0,,1,1,3,1,(1),(1),1,, -1,1,6,8,50,24,11,2021,11:30,1,6,6029,2,2,0,6,SERBES (RUE DES),43.55306,7.02055,11,2,1
202100034905,139Â 320,B01,1,1,2,5,1,0,-1,-1, -1,-1,2021,48.0,2,2,0,2,4,2,1,,1,A50-Sens Aubagne vers Marseille,0,,-1,3,0,1,10,0,1,, -1,1,0,1,90,11,6,2021,17:50,1,13,13070,1,1,0,2,A50-Sens Aubagne vers Marseille,43.28573,5.5135,17,4,3
202100014336,176Â 080,A01,1,1,2,5,1,0,-1,-1, -1,-1,2021,66.0,2,2,0,2,1,9,1,,2,RN520 (COUZEIX),0,,2,2,0,1,3,230,1,, -1,1,0,1,80,6,10,2021,16:18,1,87,87050,1,3,0,3,RN520 (COUZEIX),45.892433,1.251642,16,2,2
202100048889,114Â 371,A01,1,1,2,5,1,-1,-1,0,0,-1,2021,62.0,2,2,0,2,3,15,1,,3,971,-1,,2,2,0,1,3,901,1,, -1,1,8,1,50,7,3,2021,18:00,1,50,50008,1,1,0,3,Le Val,48.850406,-1.541085,18,2,2
202100034309,140Â 409,A01,1,1,2,5,2,0,-1,0,0,-1,2021,58.0,1,1,0,2,7,19,5,,4,BOULEVARD DES BATIGNOLLES,0,,3,2,3,1,(1),(1),1,, -1,1,0,6,50,15,6,2021,14:50,1,75,75117,2,2,0,3,BOULEVARD DES BATIGNOLLES,48.882986,2.324107,14,2,2
202100052488,107Â 901,A01,2,2,1,5,1,-1,-1,0,0,-1,2021,29.0,1,2,4,0,3,2,1,,1,10,0,,1,4,0,1,204,0,1,, -1,1,0,1,130,1,2,2021,12:40,1,37,37261,1,1,0,7,"A10, PK204+000 VERS BORDEAUX",47.4112032073,0.7272357792,12,2,1
202100006645,189Â 908,A01,10,3,1,1,0,-1,-1,1,3,1,2021,53.0,0,2,0,1,3,16,3,,4,DROUET D'ERLON (PLACE),0,,2,2,0,1,(1),(1),2,, -1,1,6,1,30,23,11,2021,14:30,1,51,51454,2,6,0,7,Place Drouet dâErlon,49.2550217198,4.0272966027,14,2,1
202100005670,191Â 662,A01,10,3,2,5,0,-1,-1,3,3,1,2021,25.0,1,2,0,1,1,1,1,,3,PERI RUE GABRIEL NÂ°1 A 35,0,,2,3,0,1,0,0,1,, -1,1,0,1,50,29,11,2021,15:10,1,92,92049,2,1,0,6,PERI RUE GABRIEL NÂ°1 A 35,48.8177956741,2.3236888647,15,2,1
202100030648,146Â 976,A01,1,1,1,5,0,-1,-1,0,0,-1,2021,33.0,2,1,0,2,2,5,1,,2,7,-1,,2,2,0,2,12,0,4,, -1,1,9,1,70,4,6,2021,19:50,3,978,97801,2,1,0,1,"route nationale 7, baie orientale",18.087989,-63.028457,19,3,2
202100054942,103Â 602,B01,1,1,1,1,1,0,-1,-1, -1,-1,2021,33.0,1,1,1,2,1,1,1,,3,STALINGRAD (RUE DE),0,,2,2,0,2,138,1,1,, -1,1,0,1,50,15,1,2021,13:00,1,93,93048,2,1,0,2,STALINGRAD (RUE DE),48.8537,2.448,13,2,2
202100031418,145Â 586,A01,1,1,1,9,1,0,-1,0,0,-1,2021,24.0,3,2,0,2,1,17,1,,4,PORTE DE CLICHY,0,,2,4,0,1,19,100,1,, -1,1,0,1,70,1,7,2021,03:51,5,75,75117,2,1,0,5,PORTE DE CLICHY,48.895562,2.307691,3,6,3
202100025146,156Â 708,B01,5,2,2,9,2,8,-1,0,0,-1,2021,40.0,1,1,0,2,1,1,1,,4,AVENUE DE LA PORTE D ASNIERES,0,,1,3,3,1,(1),(1),1,, -1,2,5,1,50,7,8,2021,18:45,1,75,75117,2,2,1,3,AVENUE DE LA PORTE D ASNIERES,48.890109,2.303825,18,3,2
202100030739,146Â 815,B01,1,1,2,9,8,-1,-1,-1, -1,-1,2021,22.0,1,1,0,2,3,19,3,,4,GENERAL MOUTON DUVERNET (DU)        (R ),0,,2,2,0,1,(1),(1),1,, -1,2,0,1,50,3,7,2021,12:48,1,69,69383,2,1,1,3,GENERAL MOUTON DUVERNET (DU) (R),45.7541368684,4.8615681115,12,2,2
202100028563,150Â 663,A01,1,1,1,3,2,6,-1,0,0,-1,2021,17.0,2,1,13,2,8,1,1,,3,102,0,,2,2,0,1,6,499,1,, -1,1,0,1,80,17,7,2021,17:10,1,77,77148,1,1,0,3,D102,49.06813,3.075657,17,2,2
202100042984,124Â 839,A01,1,1,1,1,1,-1,-1,0,0,-1,2021,19.0,2,2,6,0,7,13,1,,3,148,0,,2,2,0,1,0,944,3,, -1,1,0,3,70,24,4,2021,10:50,1,69,69291,1,1,0,6,CORBAS (DE) (RTE),45.6414275466,4.8775219917,10,1,1
202100007729,187Â 943,B01,1,1,1,5,2,6,-1,0,0,-1,2021,37.0,2,1,0,2,1,17,1,,3,,-1,,2,2,0,2,48,970,1,,4,1,0,1,70,18,11,2021,20:40,5,33,33554,1,3,0,3,,44.878517,-0.46672,20,2,2
202100037757,134Â 176,A01,10,3,1,5,0,-1,-1,6,9,1,2021,58.0,0,2,1,1,4,4,1,,4,SEMARD (PLACE PIERRE),0,,1,1,0,1,(1),(1),1,, -1,2,0,3,30,15,4,2021,09:18,1,78,78545,2,1,0,6,SEMARD (PLACE PIERRE),48.798989,2.072461,9,2,1
202100038944,132Â 019,A01,1,1,1,5,1,8,-1,-1, -1,-1,2021,34.0,0,2,2,0,1,1,1,,4,AIRE DES MOISSONS,0,,-1,2,0,1,(1),(1),1,, -1,2,0,1,50,19,5,2021,19:00,1,10,10357,2,1,1,6,AIRE DES MOISSONS,48.2928,4.1317,19,1,1
202100053151,106Â 734,C01,4,2,2,1,1,0,-1,-1, -1,-1,2021,19.0,1,2,0,2,4,23,1,,1,VOIE DE DEGAGEMENT OUEST,0,,3,4,0,1,4,395,1,, -1,2,3,1,70,28,1,2021,16:45,1,988,98818,2,1,1,4,VE1,-22.23374,166.45766,16,5,3