Num_Acc,id_vehicule,num_veh,place,catu,sexe,trajet,secu1,secu2,secu3,locp,actp,etatp,year_acc,victim_age,senc,catv,obs,obsm,choc,manv,motor,occutc,catr,voie,v1,v2,circ,nbv,vosp,prof,pr,pr1,plan,lartpc,larrout,surf,infra,situ,vma,jour,mois,an,hrmn,lum,dep,com,agg_,int,atm,col,adr,lat,long,hour,nb_victim,nb_vehicules
202100034328,140Â 372,B01,1,1,2,1,2,4,-1,-1, -1,-1,2021,42.0,1,1,0,2,7,1,3,,3,REPUBLIQUE (AVENUE),0,,2,4,1,1,0,0,1,, -1,1,0,5,50,15,6,2021,11:00,1,93,93031,2,1,0,3,Avenue de la RÃ©publique,48.949469,2.330856,11,2,2
202100015601,173Â 797,B01,1,1,2,1,2,-1,-1,0, -1,-1,2021,43.0,1,1,0,2,1,1,0,,4,CLEMENCEAU GEORGES (DE 16 ET 37 A FIN),0,,2,2,0,1,(1),(1),1,, -1,2,0,1,30,1,10,2021,08:05,1,29,29019,2,6,1,3,Avenue Georges Clemenceau,48.38881,-4.48395,8,2,2
202100015845,173Â 352,A01,1,1,1,1,2,6,-1,-1, -1,-1,2021,51.0,1,1,0,2,1,3,1,,2,ROUTE NATIONALE 230,0,,3,6,0,1,35,229,2,, -1,1,0,1,90,1,10,2021,17:15,1,33,33065,1,1,0,2,ROUTE NATIONALE 230,44.81153,-0.52195,17,2,2
202100010641,182Â 717,B01,1,1,1,0,2,-1,-1,0,0,-1,2021,55.0,1,1,0,2,1,1,5,,3,12,0,D,2,2,0,2,23,700,1,, -1,1,0,1,80,29,10,2021,12:45,1,74,74079,1,4,0,3,D12,45.857447,6.329311,12,2,2
202100000169,201Â 442,A01,1,1,1,4,1,8,-1,-1, -1,-1,2021,24.0,0,2,0,0,9,21,1,,7,D.51,0,,-1,0,0,2,1,0,2,, -1,1,0,1,80,20,5,2021,12:45,1,13,13098,1,1,0,7,D.51,43.46475,4.98111,12,2,1
202100036239,136Â 908,B01,1,1,1,5,2,8,-1,0,0,-1,2021,64.0,1,1,0,2,4,1,5,,4,RUE DE LA POLOGNE,0,,2,4,2,1,(1),(1),1,, -1,1,0,1,50,4,6,2021,14:20,1,54,54329,2,1,0,2,RUE DE LA POLOGNE,48.58074,6.51012,14,2,2
202100034923,139Â 282,A01,10,3,1,5,0,-1,-1,3,3,2,2021,76.0,2,2,0,1,1,16,1,,4,DOCTEUR GEORGES LEVY (DU)           (AV),0,,2,2,2,1,(1),(1),1,, -1,1,0,1,50,11,6,2021,20:15,2,69,69259,2,3,0,6,DOCTEUR GEORGES LEVY (DU) (AV),45.71941,4.85724,20,2,1
202100036445,136Â 559,A01,1,1,1,0,2,8,-1,-1, -1,-1,2021,48.0,2,1,0,2,2,17,1,,4,RIVE NEUVE (QUAI),0,,2,3,0,1,(1),(1),1,, -1,1,0,1,50,4,6,2021,17:15,1,13,13207,2,1,0,5,RIVE NEUVE (QUAI),43.29277,5.36837,17,3,3
202100004523,193Â 690,C01,3,2,2,5,3,0,-1,-1, -1,-1,2021,1.0,2,2,0,2,4,1,1,,2,LORIENT (DE),0,,3,6,3,1,2,150,1,, -1,1,0,1,50,5,12,2021,14:50,1,35,35238,1,1,0,4,LORIENT (DE),48.10679,-1.72491,14,5,3
202100052831,107Â 289,A01,1,1,1,4,1,-1,-1,0,0,-1,2021,80.0,1,4,0,0,7,2,1,,2,88,0,D,2,2,0,2,40,735,3,, -1,2,0,3,80,2,2,2021,19:56,3,48,48111,1,1,1,7,N 88,44.537586,3.582981,19,1,1
202100011171,181Â 762,B01,1,1,1,5,2,6,9,0,0,-1,2021,65.0,1,1,0,2,1,16,1,,3,106,0,,3,2,0,1,3,200,2,, -1,1,0,1,80,25,8,2021,15:10,1,54,54355,1,9,1,3,ROUTE DÃPARTEMENTALE 106,48.847967,5.943232,15,2,2
202100039141,131Â 661,B01,1,1,1,5,2,6,-1,0,0,-1,2021,23.0,2,1,0,2,1,1,1,,4,AVENUE THEOPHILE GAUTIER,0,,2,2,0,1,(1),(1),1,, -1,1,5,1,50,20,5,2021,20:00,2,75,75116,2,2,0,3,AVENUE THEOPHILE GAUTIER,48.849938,2.272244,20,2,2
202100030895,146Â 535,A01,7,2,2,5,3,1,-1,0,0,-1,2021,6.0,3,2,0,2,1,1,1,,4,,-1,,2,2,0,1,(1),(1),1,,5,1,0,1,30,4,7,2021,11:25,1,22,22055,2,2,0,3,Rue de la RÃ©publique (Ãtables-sur-Mer),48.621619,-2.830975,11,3,2
202100042161,126Â 262,A01,1,1,2,5,1,8,-1,-1, -1,-1,2021,25.0,3,2,0,2,8,9,1,,4,PONT ACHARD (BOULEVARD),0,,3,3,2,2,(1),(1),3,, -1,1,0,1,50,27,4,2021,14:00,1,86,86194,2,1,0,3,Boulevard Pont Achard,46.57496,0.32905,14,2,2
202100043911,123Â 178,A01,1,1,1,1,2,0,-1,0,0,-1,2021,48.0,1,1,0,1,1,1,3,,4,AVENUE D IVRY,0,,2,5,1,1,(1),(1),1,, -1,1,-1,5,50,15,4,2021,12:30,1,75,75113,2,3,0,6,AVENUE D IVRY,48.823323,2.365705,12,2,1
202100002847,196Â 690,B01,1,1,1,5,8,-1,-1,0,0,-1,2021,55.0,2,1,0,2,3,2,5,,3,7,-1,,2,2,0,1,14,700,3,, -1,1,0,1,80,15,12,2021,17:45,3,45,45193,1,1,0,3,D7,47.762491,1.990995,17,2,2
202100023674,159Â 300,B01,2,2,2,0,2,8,-1,-1, -1,-1,2021,51.0,1,1,0,2,7,1,1,,3,VIRGILE (AVENUE),0,,2,2,0,1,1,399,1,, -1,1,0,1,50,17,8,2021,07:22,1,973,97302,2,2,0,3,VIRGILE (AVENUE),4.9392207354,-52.3182953597,7,3,2
202100009293,185Â 090,B01,1,1,1,9,2,0,-1,0,0,-1,2021,29.0,2,1,0,2,1,1,5,,4,AVENUE DE LA REPUBLIQUE,0,,2,4,1,1,(1),(1),1,, -1,1,-1,5,30,5,11,2021,10:00,1,75,75111,2,4,0,3,AVENUE DE LA REPUBLIQUE,48.86664,2.367312,10,2,2
202100001512,199Â 092,A01,1,1,1,1,1,5,-1,-1, -1,-1,2021,43.0,1,2,0,2,8,15,2,,3,MARC SANGNIER (AVENUE),0,,3,2,0,1,0,0,1,, -1,2,0,1,50,24,12,2021,15:20,1,92,92078,2,3,0,3,MARC SANGNIER (AVENUE),48.9297870821,2.3258788884,15,2,2
202100027047,153Â 371,A01,2,2,2,5,1,0,-1,-1, -1,-1,2021,30.0,1,2,0,2,3,2,1,,2,ROUTE NATIONALE NÂ° 1,0,,1,2,0,1,(1),(1),1,, -1,1,0,1,110,25,7,2021,22:50,3,974,97407,1,1,0,3,ROUTE NATIONALE NÂ° 1,-20.9492,55.32071,22,3,2
202100050323,111Â 749,A01,1,1,1,0,2,6,-1,-1, -1,-1,2021,18.0,1,1,0,0,8,1,1,,3,BAYONNE (AVENUE DE),0,,2,2,0,1,8,995,1,, -1,1,0,1,50,24,2,2021,18:00,1,64,64024,2,1,0,7,BAYONNE (AVENUE DE),43.4828037255,-1.504483223,18,2,1
202100031245,145Â 893,A01,2,2,2,5,2,-1,-1,0,0,-1,2021,27.0,1,1,7,0,1,1,1,,3,7,0,D,2,2,0,2,11,100,2,, -1,1,0,3,90,3,7,2021,21:30,1,72,72040,1,1,0,6,Le Champ sous Bois,48.1715444704,0.5577437081,21,2,1
202100015219,174Â 497,A01,1,1,1,9,2,6,-1,0,0,-1,2021,25.0,3,1,0,2,1,1,1,,4,PLACE DE LA PORTE DE PANTIN,0,,3,2,0,1,(1),(1),1,, -1,1,5,1,30,4,10,2021,16:05,1,75,75119,2,7,0,3,PLACE DE LA PORTE DE PANTIN,48.889541,2.39563,16,2,2
202100000524,200Â 763,A01,1,1,1,5,1,8,-1,-1, -1,-1,2021,30.0,1,2,13,0,2,14,1,,4,KERLORET (ROUTE DE),0,,2,2,0,1,(1),(1),2,, -1,2,0,3,70,31,12,2021,13:59,1,56,56162,2,1,1,6,KERLORET (ROUTE DE),47.72478,-3.43758,13,1,1
202100016526,172Â 091,A01,10,3,2,2,0,-1,-1,2,B,1,2021,15.0,2,2,0,1,2,1,1,,7,Rue Jean JaurÃ¨s,0,,2,2,0,1,23,100,1,, -1,1,0,1,30,23,9,2021,16:25,1,42,42095,2,1,0,6,Rue Jean JaurÃ¨s,45.391227,4.289563,16,2,1
202100046006,119Â 521,A01,10,3,1,3,0,-1,-1,3,3,1,2021,36.0,1,2,0,1,3,1,0,,3,1113,-1,,2,2,0,1,13,700,1,, -1,1,9,1,50,31,3,2021,18:06,1,33,33187,2,9,0,6,,44.584792,-0.086383,18,2,1
202100033771,141Â 406,A01,1,1,1,0,2,0,-1,-1, -1,-1,2021,20.0,1,1,0,2,9,17,1,,2,MASCAREIGNES (Avenue des),0,,2,2,0,2,0,0,1,, -1,2,0,1,50,16,6,2021,11:20,1,974,97409,2,3,1,5,MASCAREIGNES (Avenue des),-20.94018,55.647214,11,3,3
202100039864,130Â 328,A01,1,1,1,4,1,-1,-1,0,0,-1,2021,28.0,1,5,6,0,1,1,1,,3,558,0,D,2,2,0,1,5,800,3,, -1,2,0,1,-1,11,5,2021,12:00,1,83,83031,1,1,0,6,D558,43.360469,6.389784,12,1,1
202100037173,135Â 238,B01,1,1,1,0,2,-1,-1,-1, -1,-1,2021,58.0,1,1,0,2,8,1,1,,4,JEAN MOULIN                         (QU),0,,1,3,3,1,(1),(1),1,, -1,1,0,1,50,30,4,2021,17:00,1,69,69382,2,3,0,3,JEAN MOULIN (Q),45.76487,4.83841,17,2,2
202100056341,101Â 190,A01,2,1,1,4,2,6,-1,-1, -1,-1,2021,33.0,2,1,0,2,8,2,1,,4,GRIGNAN (RUE),0,,1,1,0,1,(1),(1),1,, -1,2,0,1,50,3,1,2021,19:15,5,13,13206,2,2,1,3,GRIGNAN (RUE),43.29221,5.37728,19,3,2
202100036891,135Â 757,A01,1,1,1,1,2,-1,-1,0,0,-1,2021,21.0,1,1,0,2,7,1,1,,3,748,-1,,2,2,0,1,40,42,1,, -1,1,5,1,50,3,6,2021,05:40,2,79,79076,2,2,0,3,,46.737846,-0.474901,5,2,2
202100022091,162Â 138,B01,4,2,2,0,1,0,-1,-1, -1,-1,2021,72.0,3,2,0,2,3,1,1,,3,RD 400 (Rocade),0,,2,2,0,1,0,0,2,, -1,1,0,1,90,28,8,2021,11:55,1,18,18205,1,1,0,1,RD 400 (Rocade),47.1018809898,2.3329561691,11,4,2
202100038583,132Â 679,A01,1,1,1,1,2,-1,-1,0,0,-1,2021,61.0,1,1,16,0,1,0,1,,3,37,-1,,2,2,0,2,21,654,1,, -1,1,0,3,80,25,5,2021,18:15,1,34,34135,1,1,0,7,D37,43.277385,3.16034,18,1,1
202100029576,148Â 925,A01,1,1,1,5,8,0,-1,-1, -1,-1,2021,19.0,2,1,0,2,1,2,0,,4,,0,,2,2,0,1,0,0,1,, -1,1,0,1,30,10,7,2021,19:35,1,91,91549,2,3,0,2,GABRIEL PERI (AVENUE),48.64806,2.32432,19,2,2
202100043112,124Â 612,A01,1,1,1,1,1,-1,-1,0,0,-1,2021,49.0,1,2,0,2,1,1,1,,3,763,-1,,3,4,0,1,29,0,1,, -1,1,0,1,110,22,4,2021,19:25,1,85,85208,1,1,0,2,D763,46.85288,-1.41115,19,2,2
202100042518,125Â 620,A01,1,1,2,0,1,-1,-1,0,0,-1,2021,61.0,1,2,0,2,3,13,1,,3,48,-1,,2,2,0,1,4,470,1,, -1,1,0,1,80,27,4,2021,08:00,1,35,35046,1,1,1,1,Priel,47.889336,-2.054591,8,2,2
202100009115,185Â 417,A01,1,1,1,0,8,0,-1,-1, -1,-1,2021,51.0,3,2,6,0,1,15,1,,3,AUXERRE (ROUTE),0,,-1,2,0,1,(1),(1),1,, -1,1,0,4,50,6,11,2021,04:30,5,10,10387,2,6,0,6,LOMBARDS (AVENUE),48.278344352,4.0670143068,4,1,1
202100005493,191Â 974,B01,1,1,1,5,1,8,-1,0,0,-1,2021,38.0,2,2,0,2,4,1,1,,3,GENERAL DE GAULLE (BOULEVARD DU),0,,2,3,0,1,72,280,1,, -1,2,0,1,70,28,11,2021,17:20,5,71,71497,2,1,1,5,26 Boulevard du General de Gaulle,46.3333253305,4.8438985814,17,5,3
202100046679,118Â 334,A01,1,1,1,9,0,-1,-1,0,0,-1,2021,71.0,3,2,0,0,8,23,1,,4,,-1,,2,2,0,2,(1),(1),3,, -1,2,0,8,50,26,3,2021,16:00,1,76,76159,1,1,1,7,Route de Calvaille,49.7833837276,0.6481970846,16,1,1
202100003854,194Â 865,B01,2,2,1,0,8,0,-1,-1, -1,-1,2021,33.0,2,1,0,0,1,19,0,,3,FELIX FAURE (BLD) => 121,0,,2,2,0,1,0,1,1,, -1,1,0,1,50,9,12,2021,12:28,1,93,93001,2,1,0,3,FELIX FAURE (BLD) => 121,48.9077679273,2.3786473274,12,3,2
202100001032,199Â 922,B01,1,1,1,5,2,6,-1,-1, -1,-1,2021,28.0,3,1,0,2,2,0,5,,4,DUPONT DE L'EURE (PLACE),0,,2,-1,0,1,(1),(1),1,, -1,2,0,1,50,29,12,2021,05:45,2,27,27229,2,1,1,3,DUPONT DE L'EURE (PLACE),49.02997,1.15345,5,2,2
202100048090,115Â 791,A01,10,3,1,3,0,-1,-1,2,6,1,2021,57.0,0,4,0,1,2,16,1,,4,,0,,1,1,0,1,(1),(1),1,, -1,5,0,1,30,15,3,2021,12:15,1,88,88196,2,6,0,6,Rue KlÃ©ber,48.067283,6.873552,12,2,1
202100040228,129Â 691,A01,10,3,2,5,0,-1,-1,3,3,1,2021,11.0,1,1,0,1,1,1,1,,4,AV GAMBETTA,0,,2,2,0,1,1,0,1,, -1,1,0,1,30,11,5,2021,18:45,1,94,94068,2,1,0,6,Avenue Gambetta,48.795395,2.494342,18,2,1
202100033225,142Â 375,B01,2,2,1,9,1,0,-1,-1, -1,-1,2021,30.0,0,2,0,2,6,23,1,,3,JEAN MONET (CARREFOUR),0,,1,2,0,2,0,1,1,, -1,1,0,8,50,20,6,2021,17:15,1,93,93005,2,6,0,4,Carrefour Jean Monnet,48.954205,2.509152,17,4,3
202100012447,179Â 461,A01,1,1,2,9,1,0,-1,-1, -1,-1,2021,64.0,2,2,2,0,1,1,1,,2,RN136,0,,3,6,0,1,27,0,1,, -1,1,0,3,110,18,10,2021,12:15,1,35,35334,1,1,0,7,RN136,48.14548,-1.590283,12,1,1
202100052061,108Â 659,B01,10,3,1,0,0,-1,-1,1,A,1,2021,28.0,1,2,0,1,1,1,1,,2,1,0,,3,4,0,1,50,750,3,, -1,1,0,1,110,10,2,2021,02:15,3,974,97413,1,1,0,6,N1,-21.224155,55.30351,2,2,1
202100013991,176Â 693,Z01,10,3,2,0,8,8,-1,3,3,1,2021,70.0,3,2,0,1,0,0,0,,4,SCHNAPPER,0,,2,1,0,2,(1),(1),1,, -1,1,0,1,50,10,10,2021,10:20,1,78,78551,2,1,0,6,SCHNAPPER,48.89038,2.08811,10,2,1
202100030578,147Â 096,A01,1,1,1,5,1,0,-1,-1, -1,-1,2021,27.0,1,2,9,9,1,9,1,,3,HEDDE (AVENUE DANIEL),0,,3,4,0,4,40,970,1,, -1,1,5,1,50,5,7,2021,23:09,5,17,17306,2,1,0,6,HEDDE (AVENUE DANIEL),45.63181,-1.03186,23,1,1
202100030539,147Â 171,C01,1,1,2,0,1,0,-1,-1, -1,-1,2021,44.0,1,2,0,2,4,1,1,,3,RD 6015,0,,1,1,0,1,93,600,1,, -1,2,0,1,70,3,7,2021,16:30,1,76,76341,1,1,0,4,D6382,49.509030743,0.1976645784,16,4,3
202100044015,123Â 001,A01,10,3,1,5,0,-1,-1,1,3,1,2021,9.0,1,1,0,1,7,26,1,,4,PETRARQUE (PLACE),0,,2,1,0,1,0,0,1,, -1,1,0,1,30,9,4,2021,17:30,1,67,67482,2,1,0,6,PETRARQUE (PLACE),48.58973,7.70829,17,3,1
202100052175,108Â 447,A01,1,1,1,5,1,-1,-1,0,0,-1,2021,70.0,1,2,2,0,1,1,1,,3,137,-1,,2,2,0,2,8,900,2,, -1,1,0,8,80,9,2,2021,16:00,1,58,58087,1,1,0,1,"RD 137- PR 8,9 Lieu-dit Les bureaux",46.73453,3.479791,16,1,1
202100022402,161Â 602,A01,3,2,1,5,8,0,-1,-1, -1,-1,2021,33.0,1,2,1,2,1,14,1,,9,Rue de l'Etang Piller,0,,2,2,0,2,1,0,3,, -1,1,9,1,50,26,8,2021,01:20,5,88,88413,2,1,0,2,Rue de l'Etang Piller,48.2964480311,6.9419780374,1,5,2
202100039059,131Â 818,A01,1,1,1,0,1,-1,-1,-1, -1,-1,2021,19.0,2,2,8,2,2,17,1,,4,MARTYRS DE LA RESISTANCE (DES)      (AV),0,,2,2,0,1,(1),(1),1,, -1,1,0,1,50,20,5,2021,21:05,2,69,69259,2,3,0,3,MARTYRS DE LA RESISTANCE (DES) (R),45.69186,4.87227,21,4,2
202100043679,123Â 602,A01,1,1,1,0,8,-1,-1,0,0,-1,2021,21.0,1,2,14,0,1,1,0,,3,203,0,,2,2,0,2,19,0,3,, -1,1,2,1,80,18,4,2021,07:15,1,63,63192,1,1,0,6,D 203 La Chauderie-Basse - PK 019.000,45.528437,2.699713,7,1,1
202100029575,148Â 927,A01,8,2,2,9,3,0,-1,-1, -1,-1,2021,0.0,1,3,0,0,0,26,1,2.0,2,PATRICK SAINT ELOI ( AVENUE ),0,,2,5,0,1,(1),(1),1,, -1,1,9,4,50,28,6,2021,13:20,1,971,97101,1,1,0,7,PATRICK SAINT ELOI ( AVENUE ),16.2544897658,-61.5226073563,13,2,1
202100002853,196Â 681,A01,1,1,1,4,1,-1,-1,0,0,-1,2021,20.0,3,5,0,2,1,1,1,,3,6014,-1,,2,2,0,1,9,920,1,, -1,1,0,1,80,29,11,2021,13:40,1,27,27567,1,2,0,3,D6014,49.255664,1.562355,13,2,2
202100048534,115Â 001,B01,1,1,1,2,2,6,-1,-1, -1,-1,2021,16.0,2,1,0,2,3,1,1,,3,AQUITAINE (AVENUE DE L'),0,,2,6,1,1,6,487,2,, -1,1,0,1,50,8,3,2021,17:15,1,64,64102,2,9,0,3,AQUITAINE (AVENUE DE L'),43.48581,-1.47179,17,2,2
202100000411,200Â 970,C01,10,3,1,-1,-1,-1,-1,2,3,1,2021,67.0,1,3,0,1,0,1,3,,3,,0,,2,-1,-1,1,8,900,1,, -1,1,4,1,-1,19,7,2021,17:15,1,86,86213,2,8,0,6,Rue de la Liberation,46.418686,0.041007,17,2,1
202100043853,123Â 283,A01,1,1,1,0,2,0,-1,-1, -1,-1,2021,21.0,2,1,0,2,1,5,1,,1,AUTOROUTE A1,0,,3,6,0,2,3,0,2,, -1,1,2,1,90,14,4,2021,23:40,5,93,93066,1,1,0,1,AUTOROUTE A1,48.92797,2.35746,23,2,2
202100036493,136Â 472,Z01,10,3,1,0,8,8,-1,5,3,1,2021,13.0,2,1,0,2,1,25,1,,3,LENINE VLADIMIR ILITCH AVENUE,0,,4,2,1,1,0,0,1,, -1,2,5,4,50,4,6,2021,13:18,1,92,92050,2,9,0,6,LENINE VLADIMIR ILITCH AVENUE,48.8882662304,2.1931366802,13,2,1
202100016885,171Â 441,A01,1,1,2,0,1,0,-1,-1, -1,-1,2021,37.0,1,2,1,0,2,1,1,,4,SOUSBIELLE (RUE RAYMOND),0,,1,1,0,2,0,0,2,, -1,1,0,1,30,22,9,2021,22:55,5,64,64102,2,1,0,2,SOUSBIELLE (RUE RAYMOND),43.4841637862,-1.4775899347,22,2,2
202100011839,180Â 557,B01,1,1,2,1,1,0,-1,0,0,-1,2021,42.0,1,2,0,2,4,11,2,,4,BOULEVARD PERIPHERIQUE,0,,1,4,0,1,(1),(1),1,, -1,1,0,1,70,19,10,2021,18:15,1,75,75112,2,4,0,3,BOULEVARD PERIPHERIQUE,48.830131,2.402131,18,2,2
202100053210,106Â 624,B01,1,1,2,5,1,-1,-1,-1, -1,-1,2021,33.0,1,2,0,2,7,1,1,,2,LONGCHAMPS (PORTE DES),0,,3,4,0,1,23,496,2,, -1,2,0,1,90,29,1,2021,10:35,1,35,35051,1,1,0,3,LONGCHAMPS (PORTE DES),48.14015,-1.6299,10,2,2
202100036111,137Â 133,A01,10,3,2,5,0,-1,-1,0,9,1,2021,39.0,3,2,0,1,3,20,1,,4,CAPUCINS (RUE DES) NÂ° 1 A 31,0,,2,2,0,1,0,0,1,, -1,1,0,1,30,6,6,2021,14:55,1,92,92048,2,9,0,6,CAPUCINS (RUE DES) NÂ° 1 A 31,48.8156915015,2.2277288139,14,2,1
202100000861,200Â 199,A01,4,2,1,9,1,8,-1,-1, -1,-1,2021,94.0,1,5,12,0,7,14,1,,2,RN136,0,,3,4,0,1,8,898,3,, -1,1,0,1,90,30,12,2021,04:45,5,35,35238,2,1,0,6,RN136,48.08084,-1.67462,4,3,1
202100053818,105Â 552,A01,1,1,1,1,2,8,-1,-1, -1,-1,2021,39.0,2,1,0,0,8,1,1,,1,10,0,,1,2,0,2,0,500,2,, -1,2,0,1,90,25,1,2021,09:05,1,91,91689,1,1,0,7,AUTOROUTE A10,48.738743,2.316714,9,1,1
202100048086,115Â 797,B01,1,1,1,0,1,-1,-1,0,0,-1,2021,55.0,1,2,0,2,1,2,1,,3,603,0,,2,2,0,1,32,419,1,, -1,2,0,1,50,13,3,2021,18:20,2,77,77415,2,1,1,2,Saint-Jean-les-Deux-Jumeaux,48.950947,3.02381,18,2,2
202100021112,163Â 919,B01,1,1,1,0,2,6,-1,-1, -1,-1,2021,23.0,1,1,0,2,7,2,1,,3,"""BARBUSSE HENRI, NR 2 A 116 ET 1 A 33""",0,,2,2,0,1,0,1,1,, -1,1,0,1,50,3,9,2021,19:30,2,93,93066,2,2,0,3,Rue Henri Barbusse / Domaine Montjoie,48.94331,2.37229,19,3,2
202100055711,102Â 280,A01,1,1,2,1,1,-1,-1,0,0,-1,2021,28.0,2,2,13,0,2,21,1,,3,58,-1,,2,2,0,2,9,980,2,, -1,1,0,3,80,7,1,2021,09:30,1,18,18271,1,1,0,6,RD 58 PK9+980,47.174078,2.38502,9,2,1
202100003858,194Â 859,B01,2,2,2,0,1,0,-1,-1, -1,-1,2021,38.0,1,2,0,2,4,23,1,,4,61,0,,2,2,0,1,0,1,1,, -1,1,0,1,50,9,12,2021,00:02,5,92,92049,2,1,0,2,VERDIER AVENUE NÂ°1 A 23,48.81455,2.32034,0,3,2
202100004395,193Â 898,A01,1,1,1,4,1,0,-1,0,0,-1,2021,43.0,1,2,0,2,6,2,1,,4,BOULEVARD PERIPHERIQUE,0,,1,4,0,1,27,100,2,, -1,2,0,1,70,6,12,2021,03:30,5,75,75119,2,1,0,2,BOULEVARD PERIPHERIQUE,48.88566,2.397454,3,2,2
202100031721,145Â 059,A01,1,1,1,0,2,6,-1,0,0,-1,2021,31.0,1,1,0,2,1,17,1,,4,CANNES(RN.7) AV.DE,0,,2,2,0,1,(1),(1),1,, -1,1,0,1,50,28,6,2021,08:15,1,6,6004,2,3,0,3,CANNES(RN.7) AV.DE,43.575042,7.094204,8,2,2
202100035852,137Â 611,B01,1,1,1,1,2,6,-1,-1, -1,-1,2021,34.0,2,1,0,2,1,3,1,,1,A50,0,,1,2,0,3,63,770,1,, -1,1,3,1,70,8,6,2021,08:45,1,83,83126,1,1,0,3,A50,43.1200738192,5.8516561809,8,2,2
202100017172,170Â 940,A01,1,1,1,2,2,6,9,0,0,-1,2021,14.0,1,1,0,2,3,1,1,,3,310,0,,2,2,0,1,5,145,1,, -1,1,0,1,80,2,9,2021,11:05,1,35,35239,1,1,0,6,D310,47.942604,-1.308686,11,2,2
202100031541,145Â 378,A01,1,1,2,1,2,6,-1,-1,0,-1,2021,27.0,1,1,0,2,7,1,1,,1,AUTOROUTE A15,0,,3,9,0,1,22,799,1,, -1,1,0,1,90,1,7,2021,17:30,1,95,95572,1,1,0,3,A15,49.03534,2.09856,17,2,2
202100020780,164Â 500,A01,1,1,1,5,1,-1,-1,0,0,-1,2021,39.0,3,2,0,0,1,1,1,,3,RD4,-1,,2,2,0,1,(1),(1),1,, -1,1,0,3,80,5,9,2021,16:15,1,24,24340,1,2,0,7,L Homme Mort,44.885028,0.400051,16,1,1
202100011919,180Â 421,A01,10,3,1,0,0,-1,-1,0,0,1,2021,46.0,1,4,0,1,2,1,1,,3,704,-1,D,2,2,0,2,7,500,1,, -1,1,0,1,90,21,10,2021,11:20,1,24,24008,1,1,0,6,Lieu Dit les Noches,45.412223,1.146242,11,2,1
202100041912,126Â 701,A01,1,1,1,5,1,0,-1,-1, -1,-1,2021,20.0,2,2,3,2,9,9,1,,2,07 PK RN237 RE MOULIN JUSTICE,0,,3,4,0,1,5,826,3,, -1,2,0,2,90,30,4,2021,18:20,1,17,17300,1,1,0,7,07 PK RN237 RE MOULIN JUSTICE,46.17118,-1.18817,18,1,1
202100047614,116Â 646,B01,1,1,2,5,1,0,-1,-1, -1,-1,2021,36.0,1,2,0,2,8,15,1,,3,GAMBETTA BD,0,,2,2,0,1,28,280,1,, -1,1,0,1,50,17,3,2021,10:20,1,78,78498,2,9,0,3,GAMBETTA BD,48.92984,2.04717,10,3,2
202100026700,153Â 984,B01,1,1,2,9,2,8,-1,-1, -1,-1,2021,48.0,2,1,0,2,8,1,1,,3,909,0,,2,0,0,1,0,0,1,, -1,1,0,1,50,28,7,2021,14:30,1,92,92004,2,2,0,3,PONT D'ASNIERES,48.904909379,2.2877848148,14,2,2
202100053196,106Â 648,B01,1,1,2,1,8,0,-1,-1, -1,-1,2021,23.0,1,1,0,2,7,19,3,,4,ROBERT SCHUMANN (BOULEVARD),0,,3,4,1,4,0,0,1,, -1,1,0,1,50,27,1,2021,18:45,5,57,57672,2,1,0,3,ROBERT SCHUMANN (BOULEVARD),49.35334,6.17488,18,3,2
202100054295,104Â 710,B01,1,1,1,1,2,6,9,0,0,-1,2021,53.0,1,1,0,2,1,1,1,,4,Av. Colonel Pierre Bourgoin,0,,2,2,0,1,(1),(1),1,, -1,2,0,1,50,21,1,2021,08:20,2,33,33273,2,3,0,3,Avenue du Colonel Pierre Bourgoin,44.841844,-0.765532,8,2,2
202100049782,112Â 759,A01,1,1,2,0,8,0,-1,-1, -1,-1,2021,34.0,2,2,6,0,1,19,1,,3,SOLIDARITE (RUE DE LA),0,,2,2,0,1,1,0,1,, -1,1,0,4,50,28,2,2021,02:00,5,93,93048,2,1,0,6,SOLIDARITE (RUE DE LA),48.8528579488,2.4440410636,2,1,1
202100003935,194Â 713,A01,1,1,2,0,1,5,-1,-1, -1,-1,2021,25.0,2,2,0,2,6,9,1,,1,A13,0,,1,3,0,2,31,700,1,, -1,1,0,2,130,9,12,2021,20:20,3,78,78140,1,1,0,2,A13,48.95893,1.93289,20,2,2
202100011384,181Â 373,B01,1,1,1,0,2,0,-1,-1, -1,-1,2021,59.0,3,1,0,2,7,1,1,,4,BRULON (RUE LEON),0,,2,2,0,1,(1),(1),1,, -1,1,0,1,50,22,10,2021,14:00,1,37,37208,2,1,0,3,BRULON (RUE LEON),47.3632060649,0.7259965167,14,2,2
202100037530,134Â 582,B01,1,1,2,5,1,-1,-1,0,0,-1,2021,24.0,1,2,0,0,2,1,1,,6,,0,D,-1,-1,0,1,(1),(1),1,, -1,1,0,1,50,29,5,2021,17:30,1,81,81099,2,9,0,3,Route de Toulouse,43.892552,1.880717,17,2,2
202100045423,120Â 538,B01,1,1,1,1,2,6,-1,0,0,-1,2021,34.0,2,1,0,2,7,17,1,,4,AVENUE DE VILLIERS,0,,2,2,0,1,(1),(1),1,, -1,1,0,1,50,2,4,2021,07:55,1,75,75117,2,4,0,3,AVENUE DE VILLIERS,48.881735,2.314582,7,2,2