Num_Acc,id_vehicule,num_veh,place,catu,sexe,trajet,secu1,secu2,secu3,locp,actp,etatp,year_acc,victim_age,senc,catv,obs,obsm,choc,manv,motor,occutc,catr,voie,v1,v2,circ,nbv,vosp,prof,pr,pr1,plan,lartpc,larrout,surf,infra,situ,vma,jour,mois,an,hrmn,lum,dep,com,agg_,int,atm,col,adr,lat,long,hour,nb_victim,nb_vehicules
202100032191,144Â 221,A01,10,3,1,5,0,-1,-1,3,3,2,2021,78.0,1,2,0,1,1,1,1,,3,232,-1,,2,2,0,1,19,700,1,, -1,1,0,1,50,27,6,2021,11:30,1,7,7240,2,1,0,6,Route de Vernoux,44.8616260041,4.8178447109,11,2,1
202100010211,183Â 454,A01,1,1,1,5,2,-1,-1,0,0,-1,2021,40.0,2,1,0,2,1,1,1,,3,43,0,D,2,2,0,1,12,500,1,, -1,1,0,1,50,30,10,2021,19:00,2,3,3311,2,1,0,2,D43,46.138259,3.091435,19,3,2
202100049839,112Â 657,B01,1,1,2,5,1,0,-1,-1, -1,-1,2021,26.0,2,2,0,2,1,2,1,,1,A50-Sens Aubagne vers Marseille,0,,3,3,0,1,9,899,1,, -1,2,0,1,90,27,2,2021,17:30,1,13,13211,1,1,1,2,A50-Sens Aubagne vers Marseille,43.28596,5.51004,17,4,2
202100002830,196Â 716,A01,10,3,2,5,0,-1,-1,3,3,1,2021,87.0,2,1,0,1,1,1,1,,3,26,0,,2,2,0,1,0,145,3,, -1,1,0,1,50,16,12,2021,15:00,1,14,14027,2,4,0,6,D54,49.020429,-0.63379,15,2,1
202100024975,157Â 020,B01,1,1,2,5,1,-1,-1,-1, -1,-1,2021,26.0,2,2,3,2,9,2,1,,1,AUTOROUTE A 62,0,,3,4,0,1,9,0,1,, -1,1,0,1,130,9,8,2021,15:40,1,33,33448,1,1,0,4,AUTOROUTE A 62,44.701371,-0.502894,15,5,3
202100050478,111Â 466,A01,1,1,1,0,1,0,-1,0,0,-1,2021,87.0,1,2,6,0,1,1,1,,3,GUILLAUME FAREL ( AVENUE ),0,,2,2,0,2,69,252,2,, -1,1,0,3,50,21,2,2021,11:00,1,5,5061,2,1,0,7,GUILLAUME FAREL ( AVENUE ),44.55788,6.07127,11,1,1
202100022221,161Â 924,A01,1,1,2,0,1,8,-1,-1, -1,-1,2021,51.0,1,2,0,2,0,0,2,,3,ROND POINT RD20-RD 207-A,0,,1,3,0,1,34,0,1,, -1,1,0,1,50,26,8,2021,19:20,1,91,91433,1,6,0,2,ROND POINT RD20-RD 207-A,48.45824,2.176576,19,2,2
202100022302,161Â 770,A01,1,1,1,5,8,0,-1,0,0,-1,2021,25.0,1,1,8,0,1,25,3,,4,RUE DES LOMBARDS,0,,2,1,3,1,(1),(1),1,, -1,1,0,4,30,27,8,2021,01:35,5,75,75104,2,3,0,6,RUE DES LOMBARDS,48.859161,2.349751,1,1,1
202100007912,187Â 598,B01,1,1,1,1,2,6,9,0,0,-1,2021,55.0,2,1,0,2,1,1,1,,3,402,0,,2,2,0,1,41,100,1,, -1,2,0,1,80,17,11,2021,07:50,2,77,77360,1,1,1,1,D402,48.743707,2.99814,7,2,2
202100002017,198Â 186,A01,10,3,2,5,0,-1,-1,8,5,1,2021,3.0,3,2,2,1,1,13,1,,6,LILLE (RUE DE)MENIN A 8 MAI 1945,0,,-1,0,0,1,(1),(1),2,, -1,1,0,1,30,20,12,2021,14:50,1,59,59508,2,1,0,6,LILLE (RUE DE)MENIN A 8 MAI 1945,50.7447089755,3.1156003475,14,2,1
202100011188,181Â 731,B01,3,2,1,0,1,0,-1,-1, -1,-1,2021,3.0,3,2,0,0,5,1,1,,1,STALINGRAD (BD DE),0,,1,2,0,1,0,1,1,, -1,1,0,1,50,24,10,2021,21:30,5,94,94022,2,2,0,3,STALINGRAD (BD DE),48.77282,2.40011,21,5,2
202100025928,155Â 338,A01,2,2,2,5,1,-1,-1,0,0,-1,2021,80.0,1,2,0,2,2,15,1,,3,36,-1,,2,3,0,2,26,900,1,, -1,1,0,1,70,3,8,2021,08:30,1,38,38553,1,3,0,1,D36,45.602764,5.155592,8,9,2
202100017445,170Â 443,A01,1,1,1,5,2,6,-1,-1, -1,-1,2021,28.0,3,1,0,2,1,1,1,,3,RENE MARLIN (CARREFOUR),0,,1,1,0,1,0,0,2,, -1,1,0,1,50,4,9,2021,22:40,5,58,58194,2,6,0,3,RENE MARLIN (CARREFOUR),46.9999,3.1558,22,2,2
202100032312,144Â 001,A01,1,1,1,4,2,6,-1,0,0,-1,2021,34.0,1,1,12,2,2,9,1,,4,RUE DE MEDICIS,0,,2,3,0,1,(1),(1),1,, -1,2,0,1,30,25,6,2021,15:13,1,75,75106,2,1,1,6,RUE DE MEDICIS,48.847981,2.339834,15,2,2
202100048785,114Â 566,A01,1,1,1,5,2,0,-1,0,0,-1,2021,69.0,1,1,0,0,3,1,1,,4,BOULEVARD SAINT DENIS,0,,2,3,2,1,(1),(1),1,, -1,1,0,1,30,8,3,2021,13:50,1,75,75102,2,2,0,7,BOULEVARD SAINT DENIS,48.869324,2.354256,13,1,1
202100028338,151Â 044,A01,1,1,1,5,2,6,-1,0,0,-1,2021,43.0,2,1,0,0,9,2,1,,3,126,-1,D,2,2,0,4,7,250,3,, -1,1,0,1,80,18,7,2021,15:30,1,54,54311,1,1,0,7,D126,48.6699037949,6.3233023891,15,1,1
202100012361,179Â 621,A01,1,1,1,5,1,-1,-1,-1, -1,-1,2021,58.0,1,2,0,2,1,1,1,,2,RN 104,0,,3,4,0,2,24,100,1,, -1,1,0,1,70,19,10,2021,19:50,3,95,95351,1,1,0,2,RN 104,49.027587,2.51907,19,2,2
202100053808,105Â 572,A01,10,3,1,2,0,-1,-1,2,3,1,2021,18.0,1,2,0,1,1,1,1,,7,6,0,,2,2,0,1,2,(1),1,, -1,2,0,1,70,25,1,2021,17:45,2,57,57701,1,1,0,6,Route d'Ars,49.092891,6.094843,17,2,1
202100043372,124Â 140,A01,1,1,1,9,8,0,-1,-1, -1,-1,2021,25.0,1,1,0,2,0,13,0,,3,986,0,,2,2,0,1,0,0,1,, -1,1,0,1,50,18,4,2021,20:15,2,92,92050,2,3,0,1,REPUBLIQUE AVENUE DE LA,48.9118989213,2.222969234,20,2,2
202100023345,159Â 884,A01,2,2,2,0,2,-1,-1,0,0,-1,2021,34.0,0,1,0,0,0,0,0,,3,,-1,,2,2,0,1,4,273,3,,4,1,0,3,70,21,8,2021,01:15,3,34,34150,1,1,0,7,D51e5,43.320827,3.535257,1,2,1
202100030686,146Â 905,B01,1,1,1,5,2,6,-1,-1, -1,-1,2021,23.0,3,1,0,2,1,17,1,,4,GALLIENI (RUE DU MARECHAL),0,,2,1,0,1,(1),(1),1,, -1,1,0,1,50,19,4,2021,16:00,1,62,62457,2,1,0,2,GALLIENI (RUE DU MARECHAL),50.460772,2.55254,16,2,2
202100009628,184Â 496,B01,1,1,1,9,2,8,-1,-1, -1,-1,2021,25.0,2,1,0,2,0,1,1,,4,CARRIERES (R DES),0,,2,2,0,1,0,0,1,, -1,1,0,1,50,24,10,2021,23:35,5,94,94081,2,3,0,6,CARRIERES (R DES),48.798461,2.391216,23,2,2
202100047800,116Â 313,B01,1,1,2,9,1,0,-1,-1, -1,-1,2021,50.0,1,2,1,0,2,1,1,,4,ONZE NOVEMBRE,0,,2,2,0,1,0,0,1,, -1,1,0,1,50,16,3,2021,08:00,1,32,32013,2,1,0,6,ONZE NOVEMBRE,43.64168,0.59369,8,2,2
202100019164,167Â 372,B01,1,1,1,0,1,0,-1,0,0,-1,2021,25.0,2,2,0,2,1,1,1,,7,,0,,1,2,0,1,(1),(1),1,, -1,1,5,1,50,10,9,2021,12:20,1,63,63113,2,5,0,3,PARDIEU (ROND-POINT DE LA),45.76451,3.12546,12,2,2
202100029443,149Â 152,B01,1,1,1,9,2,6,-1,0,0,-1,2021,56.0,1,1,0,2,4,2,1,,4,BOULEVARD SAINT DENIS,0,,2,3,0,1,(1),(1),1,, -1,1,0,1,50,11,7,2021,14:20,1,75,75110,2,2,0,2,BOULEVARD SAINT DENIS,48.869332,2.354258,14,2,2
202100019280,167Â 173,B01,1,1,1,5,2,-1,-1,0,0,-1,2021,21.0,1,1,0,2,4,2,1,,2,1,-1,,2,2,0,1,65,200,1,,7,1,0,1,80,13,9,2021,20:05,3,973,97304,1,1,0,1,RN1 PK65+200,5.122811,-52.737679,20,3,2
202100003358,195Â 761,B01,1,1,1,5,1,-1,-1,0,0,-1,2021,33.0,2,2,0,2,2,1,1,,3,708,0,,2,2,0,2,(1),(1),2,, -1,2,0,1,70,12,12,2021,21:45,3,24,24586,1,1,0,1,Les Bourdalais Sud,45.270877,0.342491,21,2,2
202100038659,132Â 532,A01,1,1,1,0,2,6,-1,0, -1,-1,2021,22.0,3,1,0,2,1,13,1,,3,REPUBLIQUE AVENUE DE LA,0,,2,2,0,1,1,0,1,, -1,1,5,1,50,22,5,2021,18:54,1,93,93006,2,2,0,3,Avenue de la RÃ©publique / Rue Robespierre,48.8604060242,2.4204114676,18,2,2
202100040968,128Â 387,A01,2,2,1,4,8,0,-1,-1, -1,-1,2021,45.0,2,2,9,0,8,9,1,,3,PRESSENCE FRANCIS (AVENUE),0,,3,2,1,2,0,1,1,, -1,2,9,1,50,6,5,2021,20:10,2,93,93066,2,6,1,6,Rue Francis de PressensÃ© / Rue de la Cokerie,48.92111,2.36465,20,3,1
202100033899,141Â 166,A01,1,1,1,0,2,0,-1,-1, -1,-1,2021,19.0,2,1,1,0,1,18,1,,3,"""PAUL VAILLANT COUTURIER (AVENUE """"DU 01",0,,2,2,0,1,0,0,1,, -1,1,0,1,50,17,6,2021,11:25,1,93,93007,2,1,0,6,Avenue Paul Vaillant Couturier,48.926683,2.471332,11,2,1
202100007830,187Â 742,B01,1,1,2,9,8,0,-1,-1, -1,-1,2021,40.0,2,2,0,2,8,24,1,,4,SAINT JEAN (AVENUE DE),0,,2,2,0,2,0,0,1,, -1,1,0,1,50,16,11,2021,16:40,2,13,13202,2,1,0,3,SAINT JEAN (AVENUE DE),43.29639,5.36573,16,2,2
202100046640,118Â 397,A01,10,3,2,2,0,-1,-1,3,3,1,2021,16.0,2,2,0,1,2,1,1,,4,RUE DU CHATEAU DES RENTIERS,0,,2,2,0,1,(1),(1),1,, -1,2,0,1,30,25,3,2021,11:35,1,75,75113,2,1,1,6,RUE DU CHATEAU DES RENTIERS,48.831142,2.360986,11,2,1
202100034351,140Â 333,A01,1,1,1,5,2,-1,-1,0,0,-1,2021,42.0,1,1,0,0,2,1,1,,3,212,0,,2,2,0,2,50,400,3,, -1,9,0,1,80,16,6,2021,13:20,1,11,11020,1,1,0,7,Col de la Redoulade,42.90893,2.509271,13,1,1
202100044755,121Â 716,A01,1,1,1,5,1,-1,-1,0,0,-1,2021,23.0,2,2,13,0,1,1,1,,3,750,0,,2,2,0,1,10,200,2,, -1,1,0,8,50,24,1,2021,13:15,1,37,37115,2,1,0,6,avenue du MarÃ©chal Leclerc - RD 750,46.966331302,0.7036013603,13,1,1
202100010855,182Â 324,B01,1,1,2,5,1,0,-1,-1, -1,-1,2021,63.0,1,2,0,2,8,1,1,,4,GRAND-TREUIL (RUE DU),0,,2,2,0,1,0,0,1,, -1,1,5,1,50,25,10,2021,16:32,1,87,87085,2,2,0,3,GRAND-TREUIL (RUE DU),45.8444,1.27057,16,2,2
202100015500,173Â 997,A01,1,1,2,0,1,0,-1,-1, -1,-1,2021,30.0,1,2,0,2,4,1,1,,3,AV DE VERDUN,0,,2,2,0,1,0,0,1,, -1,2,0,1,50,1,10,2021,18:57,1,91,91479,2,3,1,2,AV DE VERDUN,48.705624,2.357123,18,2,2
202100049316,113Â 611,A01,10,3,2,0,0,-1,-1,9,9,1,2021,87.0,3,2,0,1,4,4,1,,6,,0,,-1,0,0,1,(1),(1),1,, -1,1,0,8,-1,5,3,2021,11:00,1,64,64275,2,1,0,6,Avenue Colonel Beltrame,43.168691,-1.229297,11,2,1
202100053794,105Â 595,A01,1,1,1,5,1,-1,-1,0,0,-1,2021,42.0,3,2,0,0,7,1,1,,4,sans,0,C,1,1,0,2,0,0,1,, -1,2,0,3,50,25,1,2021,20:00,3,83,83032,2,1,0,7,chemin de la calade,43.4703416945,6.1812959539,20,1,1
202100021876,162Â 529,A01,1,1,1,0,2,6,-1,0,0,-1,2021,46.0,1,1,0,9,2,17,1,,4,,0,,2,2,0,1,(1),(1),1,,5,1,0,1,50,29,8,2021,18:00,1,971,97103,2,1,0,3,Rue Bernard Vaitilingon,16.236277,-61.604859,18,2,2
202100016424,172Â 279,C01,1,1,2,1,1,0,-1,-1, -1,-1,2021,44.0,2,2,0,2,4,2,1,,1,A50-Sens Aubagne vers Marseille,0,,1,2,0,1,14,500,1,, -1,1,0,1,90,27,9,2021,08:40,1,13,13005,1,1,0,4,A50-Sens Aubagne vers Marseille,43.289511,5.560173,8,4,4
202100005743,191Â 533,A01,2,2,1,0,1,0,-1,-1, -1,-1,2021,75.0,1,2,0,2,5,15,1,,3,KENNEDY (BOULEVARD),0,,2,4,0,1,0,0,1,, -1,2,0,1,50,27,11,2021,11:15,1,90,90010,2,2,1,3,KENNEDY (BOULEVARD),47.63469,6.83845,11,3,2
202100007244,188Â 806,B01,1,1,2,1,8,0,-1,-1, -1,-1,2021,55.0,1,1,0,2,1,26,3,,4,FOUCAUDIERE,0,,1,2,0,1,1,0,2,, -1,1,0,1,30,18,11,2021,08:32,2,49,49353,2,6,0,3,FOUCAUDIERE,47.45789,-0.5146,8,2,2
202100028014,151Â 634,A01,1,1,1,1,2,6,-1,0,0,-1,2021,43.0,1,1,0,0,8,1,1,,3,103,-1,,2,2,0,2,54,700,1,, -1,1,0,1,80,2,7,2021,04:45,3,42,42216,1,1,0,7,Route de Chazelles sur Lyon,45.6192684088,4.4127416611,4,1,1
202100023394,159Â 801,A01,1,1,1,5,1,0,-1,-1, -1,-1,2021,21.0,2,2,4,0,1,26,1,,1,A104,0,,-1,3,0,1,26,400,3,, -1,1,0,1,90,20,8,2021,21:00,2,77,77468,1,1,0,6,A104,48.8507875094,2.6617147956,21,2,1
202100052195,108Â 413,A01,1,1,1,0,1,-1,-1,0,0,-1,2021,23.0,2,2,0,2,6,15,1,,3,86,0,D,4,2,0,1,133,80,1,, -1,1,5,1,80,9,2,2021,17:50,2,7,7264,1,9,0,3,D86,44.312971,4.615395,17,3,2
202100014152,176Â 394,A01,10,3,1,5,0,-1,-1,2,3,1,2021,63.0,1,2,0,1,0,1,1,,4,LASSALLE (RUE GEORGES),0,,2,2,0,1,0,0,1,, -1,1,0,1,50,8,10,2021,16:48,1,65,65440,2,1,0,6,LASSALLE (RUE GEORGES),43.23442,0.07239,16,2,1
202100014427,175Â 908,B01,1,1,1,1,2,4,-1,-1, -1,-1,2021,25.0,3,1,0,2,1,1,0,,4,,0,,2,2,0,1,(1),(1),1,, -1,1,0,1,50,6,10,2021,12:55,1,94,94028,2,9,0,3,Rue Saussure,48.7697574754,2.471794456,12,2,2
202100015362,174Â 251,A01,2,2,1,5,1,0,-1,-1, -1,-1,2021,20.0,3,2,0,2,1,2,1,,4,VANNE (R DE LA),0,,1,2,0,2,1,0,1,, -1,2,0,1,50,3,10,2021,13:00,1,94,94065,2,1,1,4,Rue de la Vanne,48.75257,2.35448,13,5,3
202100025245,156Â 528,A01,8,2,1,9,1,8,-1,-1, -1,-1,2021,17.0,3,2,6,0,1,15,1,,4,tsoundzou-chemin riviÃ¨re de KwalÃ©,0,,2,2,0,1,0,0,2,, -1,1,0,1,50,6,8,2021,19:10,3,976,97611,1,1,0,6,tsoundzou-chemin riviÃ¨re de KwalÃ©,-12.80534,45.19945,19,3,1
202100014092,176Â 512,A01,2,2,2,9,1,0,-1,-1, -1,-1,2021,24.0,2,2,0,2,1,2,1,,1,AUTOROUTE A6,0,,3,6,0,1,14,852,1,, -1,1,0,1,110,10,10,2021,18:10,2,91,91161,1,1,0,2,AUTOROUTE A6,48.69582,2.31748,18,3,2
202100017622,170Â 121,A01,1,1,1,0,1,-1,-1,-1, -1,-1,2021,20.0,0,2,0,2,2,15,1,,4,EDOUARD VAILLANT,0,,2,2,0,1,0,0,1,, -1,2,0,1,50,19,9,2021,17:15,1,76,76351,2,1,1,3,EDOUARD VAILLANT,49.5144320577,0.1769785383,17,2,2
202100041564,127Â 308,B01,1,1,2,1,2,0,-1,-1, -1,-1,2021,29.0,1,1,8,2,3,1,5,,3,DIVISION LECLERC (AV DE LA),0,,2,2,1,1,1,0,1,, -1,1,0,5,50,3,5,2021,16:00,1,94,94016,2,1,0,6,Avenue de la Division Leclerc,48.78498,2.32853,16,2,2
202100043512,123Â 886,B01,1,1,1,0,2,6,-1,0,0,-1,2021,60.0,1,1,0,2,1,1,1,,3,16,-1,,-1,2,0,1,0,600,1,, -1,1,0,1,80,19,4,2021,13:30,1,30,30294,1,9,0,6,Route de Salindres,44.152161,4.104968,13,2,2
202100040662,128Â 939,A01,1,1,2,1,1,-1,-1,0,0,-1,2021,55.0,3,2,0,0,0,0,1,,4,,0,,2,2,0,1,(1),(1),1,, -1,1,0,8,80,22,2,2021,20:00,3,22,22128,2,1,0,7,Goaz TÃ©riot,48.315162,-3.373287,20,1,1
202100027636,152Â 322,B01,1,1,1,5,2,-1,-1,0,0,-1,2021,55.0,1,1,0,2,3,16,1,,3,230,-1,,2,2,0,1,1,600,2,, -1,1,0,1,80,20,7,2021,18:00,1,53,53197,1,1,0,3,D230,47.837682,-1.113846,18,2,2
202100028317,151Â 078,A01,2,2,1,5,2,0,-1,0,0,-1,2021,30.0,1,1,14,0,7,14,1,,4,RUE DE BABYLONE,0,,1,1,0,1,(1),(1),1,, -1,1,0,1,50,18,7,2021,20:15,1,75,75107,2,1,0,6,RUE DE BABYLONE,48.851751,2.317794,20,2,1
202100019628,166Â 554,B01,2,2,2,0,1,0,-1,-1, -1,-1,2021,17.0,1,2,0,2,9,23,1,,4,,0,,2,2,0,1,1111,0,1,, -1,1,0,1,30,9,9,2021,12:30,1,91,91691,2,1,0,3,PASTEUR (RUE),48.69408,2.48527,12,2,2
202100047932,116Â 059,A01,1,1,1,5,1,-1,-1,-1, -1,-1,2021,26.0,0,2,2,0,1,1,1,,4,VOSGES (RUE DES),0,,2,1,0,2,(1),(1),2,, -1,2,0,3,50,14,3,2021,21:30,5,50,50129,2,1,0,6,VOSGES (RUE DES),49.62792,-1.62221,21,1,1
202100007620,188Â 124,A01,1,1,1,1,8,0,-1,-1, -1,-1,2021,30.0,1,1,0,2,8,26,5,,7,BETTON (ROND POINT DE),0,,1,1,2,2,8,200,1,, -1,1,0,5,50,17,11,2021,18:00,3,35,35024,1,6,0,6,BETTON (ROND POINT DE),48.16309,-1.67548,18,2,2
202100055770,102Â 175,B01,1,1,1,1,2,8,-1,-1, -1,-1,2021,47.0,3,1,0,2,5,19,5,,4,ELISEE RECLUS                       (R ),0,,1,3,0,1,(1),(1),1,, -1,1,0,1,50,7,1,2021,18:25,5,69,69275,2,6,0,3,ELISEE RECLUS (R),45.75853,4.95996,18,2,2
202100027519,152Â 535,A01,1,1,2,0,8,0,-1,-1, -1,-1,2021,73.0,1,1,0,2,2,19,5,,4,FRANCS BOURGEOIS (RUE DES),0,,4,2,0,1,0,0,1,, -1,1,4,1,30,15,7,2021,11:02,1,67,67482,2,8,0,3,FRANCS BOURGEOIS (RUE DES),48.582896,7.745424,11,2,2
202100050353,111Â 696,A01,10,3,2,5,0,-1,-1,3,3,2,2021,18.0,1,2,0,1,1,16,1,,4,BRETAGNE (AVENUE DE),0,,2,1,0,1,0,0,1,, -1,1,0,1,30,24,2,2021,10:15,1,13,13028,2,1,0,1,BRETAGNE (AVENUE DE),43.18702,5.6118,10,3,1
202100024555,157Â 767,A01,1,1,1,5,8,0,-1,0,0,-1,2021,55.0,3,1,0,2,7,19,3,,4,RUE DE RIVOLI,0,,2,6,0,1,(1),(1),1,, -1,1,0,1,30,12,8,2021,16:55,1,75,75101,2,3,0,3,RUE DE RIVOLI,48.866295,2.324161,16,2,2
202100042575,125Â 522,B01,1,1,1,0,8,-1,-1,-1, -1,-1,2021,32.0,2,1,0,2,3,19,5,,4,ANTONIN PONCET                      (PL),0,,1,2,0,1,(1),(1),1,, -1,1,0,1,50,25,4,2021,17:34,1,69,69382,2,1,0,3,ANTONIN PONCET (PL),45.75611,4.83586,17,2,2
202100036877,135Â 779,A01,5,2,1,5,1,-1,-1,0,0,-1,2021,21.0,1,2,7,0,9,0,1,,3,922,0,D,2,2,0,1,33,0,3,, -1,1,5,1,70,3,6,2021,01:45,5,95,95052,2,6,0,6,D922,49.1379975672,2.2720456123,1,5,1
202100033647,141Â 623,B01,1,1,1,9,2,0,-1,0,0,-1,2021,56.0,0,0,0,2,0,1,3,,4,AVENUE DU MARECHAL GALLIENI,0,,2,6,1,1,(1),(1),1,, -1,1,0,5,50,18,6,2021,20:17,1,75,75107,2,2,0,3,AVENUE DU MARECHAL GALLIENI,48.861047,2.313252,20,2,2
202100035382,138Â 467,B01,1,1,1,5,2,-1,-1,0,0,-1,2021,73.0,1,1,0,2,4,15,5,,3,7,0,,2,2,0,1,0,850,1,, -1,1,0,1,80,31,5,2021,09:30,1,45,45175,1,1,0,2,D7-PR 0+850,47.755548,1.826694,9,2,2
202100007336,188Â 640,B01,1,1,1,9,2,6,-1,0,0,-1,2021,36.0,3,1,0,2,7,15,1,,4,RUE DU SIMPLON,0,,1,1,0,1,(1),(1),1,, -1,1,0,1,30,19,11,2021,08:40,1,75,75118,2,3,0,3,RUE DU SIMPLON,48.893243,2.352652,8,2,2
202100046091,119Â 369,B01,1,1,2,5,2,0,-1,0,0,-1,2021,29.0,2,1,0,2,1,1,1,,3,METZ (AVENUE DE),0,,2,3,0,1,(1),(1),1,, -1,1,0,1,50,29,3,2021,15:55,1,54,54431,2,3,0,3,METZ (AVENUE DE),48.91772,6.06331,15,2,2
202100052280,108Â 259,A01,10,3,1,5,0,-1,-1,3,3,2,2021,76.0,1,2,0,1,2,1,1,,3,24e8,0,D,2,3,0,1,0,700,1,, -1,1,5,1,70,7,2,2021,12:00,1,34,34154,1,1,0,6,D24e8,43.624093,4.012097,12,2,1
202100006174,190Â 776,A01,1,1,1,5,1,-1,-1,0,0,-1,2021,36.0,1,5,0,2,1,1,1,,3,204,0,,2,2,0,2,0,325,1,, -1,1,0,1,80,27,11,2021,15:10,1,42,42147,1,1,0,2,D204,45.586601,4.07831,15,3,2
202100022403,161Â 600,B01,2,2,2,5,1,0,-1,-1, -1,-1,2021,41.0,2,2,0,2,5,23,1,,1,AUTOROUTE A20,0,,3,4,0,1,181,100,1,, -1,1,0,1,90,21,8,2021,15:24,1,87,87085,1,1,0,2,AUTOROUTE A20,45.84623,1.27726,15,3,2
202100007334,188Â 643,B01,1,1,1,9,8,0,-1,0,0,-1,2021,30.0,2,1,0,2,1,1,5,,4,AVENUE MATHURIN MOREAU,0,,2,2,0,2,(1),(1),1,, -1,1,0,1,30,19,11,2021,19:45,5,75,75119,2,7,0,2,AVENUE MATHURIN MOREAU,48.878021,2.37069,19,2,2
202100017035,171Â 170,A01,10,3,2,5,0,-1,-1,2,3,1,2021,73.0,1,2,0,1,1,1,1,,4,AVENUE FOCH,0,,1,1,0,1,(1),(1),1,, -1,1,0,1,50,22,9,2021,11:45,1,75,75116,2,3,0,6,AVENUE FOCH,48.873537,2.287966,11,2,1
202100022628,161Â 168,A01,1,1,1,0,2,0,-1,-1, -1,-1,2021,26.0,1,1,13,0,1,1,1,,7,GORGES (ROUTE DES) LE POCHET,0,,-1,2,0,1,2,900,1,, -1,1,0,3,50,25,8,2021,15:05,1,42,42270,1,1,0,6,Route des Gorges,45.403527,4.242671,15,1,1
202100008393,186Â 730,A01,1,1,2,9,1,-1,-1,0,0,-1,2021,20.0,3,2,8,0,9,1,6,,3,3,-1,,2,2,0,1,31,598,3,, -1,6,0,1,90,12,11,2021,20:30,3,61,61183,1,1,0,6,D3,48.619475,0.274942,20,1,1
202100001965,198Â 289,A01,10,3,2,5,0,-1,-1,1,3,1,2021,82.0,1,3,0,1,2,0,3,,4,,-1,,2,1,3,1,(1),(1),1,,3,1,4,8,50,23,12,2021,08:00,2,31,31048,2,8,0,6,Rue du Cers,43.456744,1.613866,8,2,1
202100042553,125Â 567,A01,10,3,2,3,0,-1,-1,3,3,1,2021,79.0,1,5,0,1,3,1,1,,7,59,0,,2,2,0,1,0,0,1,, -1,1,9,1,50,26,4,2021,09:20,1,13,13107,2,1,0,1,Avenue du GÃ©nÃ©ral de Gaulle,43.427583,5.442173,9,2,1
202100023346,159Â 882,A01,1,1,1,5,2,6,9,0,0,-1,2021,23.0,2,1,0,2,1,1,1,,3,417,0,D,2,2,0,2,4,400,3,, -1,1,0,1,80,21,8,2021,15:20,1,68,68329,1,1,0,1,D417,48.065949,7.047644,15,2,2
202100053183,106Â 672,B01,7,2,2,1,1,0,-1,-1, -1,-1,2021,20.0,1,3,0,2,2,1,1,5.0,7,RONDEAUX. AVENUE JEAN,0,,2,2,3,1,21,300,1,, -1,1,-1,1,50,18,1,2021,18:00,5,76,76540,2,2,0,3,RONDEAUX. AVENUE JEAN,49.43185,1.0741,18,6,2
202100014907,175Â 069,A01,1,1,1,5,0,-1,-1,0,0,-1,2021,33.0,1,2,5,0,1,1,1,,2,20,0,,2,2,0,1,104,(1),1,, -1,1,0,8,80,6,10,2021,23:30,3,202,202220,1,1,0,6,T20,42.439801,9.201822,23,1,1
202100047847,116Â 232,B01,1,1,1,9,2,6,-1,-1, -1,-1,2021,23.0,2,1,0,2,1,1,1,,3,GALLIENI (BD) (1 A 79 ET 22 A 102),0,,4,2,0,1,0,0,1,, -1,1,0,6,50,13,3,2021,18:30,1,92,92078,2,1,0,2,GALLIENI (BD) (1 A 79 ET 22 A 102),48.9263130036,2.3282915354,18,2,2
202100013685,177Â 240,A01,10,3,2,5,0,-1,-1,1,3,1,2021,32.0,1,1,0,1,1,1,1,,4,BOULEVARD ORNANO,0,,2,2,0,1,(1),(1),1,, -1,1,0,1,30,12,10,2021,17:40,1,75,75118,2,1,0,6,BOULEVARD ORNANO,48.893149,2.34842,17,2,1
202100029121,149Â 698,A01,1,1,1,5,8,0,-1,-1, -1,-1,2021,18.0,1,1,0,2,1,0,1,,4,CLEMENCEAU BOULEVARD,0,,2,2,0,1,1,0,2,, -1,1,0,1,50,13,7,2021,22:15,2,49,49007,2,1,0,3,CLEMENCEAU BOULEVARD,47.475701,-0.566855,22,2,2
202100055200,103Â 147,B01,1,1,2,1,1,0,-1,0,0,-1,2021,52.0,2,2,0,2,1,1,1,,2,RN 85,0,,2,2,0,2,33,960,2,, -1,1,0,1,80,11,1,2021,16:30,1,5,5061,1,1,1,1,RN 85,44.58394,6.08227,16,2,2
202100005898,191Â 246,A01,10,3,1,5,0,-1,-1,3,3,1,2021,34.0,2,2,0,1,1,1,1,,3,CD NUMERO 471,0,,2,0,0,1,8,345,1,, -1,2,0,1,80,26,11,2021,19:35,3,77,77350,1,1,1,6,CD NUMERO 471,48.77842,2.70922,19,2,1
202100002855,196Â 677,B01,1,1,2,1,1,-1,-1,0,0,-1,2021,54.0,1,2,13,0,6,1,1,,3,6,0,D,2,2,0,1,13,420,1,, -1,7,0,1,80,13,12,2021,07:30,2,30,30320,1,1,0,2,D6,44.114859,4.253168,7,2,2
202100048377,115Â 283,A01,1,1,1,4,2,6,-1,0,0,-1,2021,32.0,1,1,0,0,2,16,1,,2,NICOLI JEAN COURS,0,,3,4,3,1,(1),(1),1,, -1,1,4,1,50,11,3,2021,21:30,5,201,201004,2,8,0,7,NICOLI JEAN COURS,41.9324343276,8.7408516077,21,1,1