Num_Acc,id_vehicule,num_veh,place,catu,sexe,trajet,secu1,secu2,secu3,locp,actp,etatp,year_acc,victim_age,senc,catv,obs,obsm,choc,manv,motor,occutc,catr,voie,v1,v2,circ,nbv,vosp,prof,pr,pr1,plan,lartpc,larrout,surf,infra,situ,vma,jour,mois,an,hrmn,lum,dep,com,agg_,int,atm,col,adr,lat,long,hour,nb_victim,nb_vehicules
202100006245,190Â 635,C01,1,1,1,1,1,0,-1,-1, -1,-1,2021,32.0,2,2,0,2,4,2,1,,7,RN 60,0,,3,4,0,1,1,0,1,, -1,8,0,1,90,25,11,2021,07:18,5,45,45284,2,1,0,5,RN 60,47.92453,1.99074,7,10,8
202100039342,131Â 278,B01,1,1,1,0,8,-1,-1,0,0,-1,2021,29.0,1,2,4,2,3,26,1,,3,20,-1,,3,2,0,1,(1),(1),1,, -1,1,5,1,70,20,5,2021,01:00,5,91,91665,2,2,0,3,rue des cailleboudes,48.660317,2.276037,1,3,2
202100004959,192Â 924,B01,1,1,2,1,1,-1,-1,0,0,-1,2021,38.0,1,2,0,2,1,1,1,,3,906,0,,3,2,0,1,22,900,1,, -1,2,0,1,50,4,12,2021,06:30,5,71,71520,2,1,1,2,RD 906,46.7451833553,4.8518481285,6,2,2
202100012893,178Â 683,A01,2,2,1,4,1,8,-1,-1, -1,-1,2021,32.0,0,2,15,0,0,16,1,,4,DOCTEUR CLAUDE BERNARD (RUE DU),0,,2,2,0,1,0,0,3,, -1,1,0,4,30,16,10,2021,00:25,5,93,93005,2,3,0,6,DOCTEUR CLAUDE BERNARD (RUE DU),48.951,2.5183,0,2,1
202100036393,136Â 653,A01,2,2,2,0,1,0,-1,-1, -1,-1,2021,13.0,1,2,0,2,1,2,1,,3,ANTARES (CARREFOUR D'),0,,2,2,0,1,43,0,1,, -1,1,0,1,90,4,6,2021,18:47,1,72,72181,1,1,0,2,ANTARES (CARREFOUR D'),47.9545,0.22825,18,3,2
202100015964,173Â 134,B01,1,1,1,1,2,6,-1,-1, -1,-1,2021,43.0,2,1,0,2,2,1,1,,4,GALLIENI (AVENUE DU GENERAL),0,,2,2,1,1,0,0,1,, -1,1,0,1,50,30,9,2021,08:40,1,93,93077,2,3,0,3,GALLIENI (AVENUE DU GENERAL),48.89083,2.50852,8,2,2
202100013462,177Â 674,A01,2,2,2,5,2,5,6,0,0,-1,2021,66.0,2,1,0,2,1,2,1,,1,8,-1,,1,1,0,2,220,0,1,, -1,1,3,1,50,14,10,2021,17:30,1,6,6083,1,1,0,2,A8 PK 220.000 sens MENTON NICE,43.797236,7.482526,17,3,2
202100045004,121Â 283,A01,1,1,1,1,1,-1,-1,0,0,-1,2021,31.0,1,2,0,2,1,13,1,,3,cd900,-1,,2,1,0,1,(1),(1),2,, -1,1,0,1,80,7,4,2021,17:50,1,84,84034,1,1,0,5,nÂ°76 CD900,43.886264,4.945049,17,5,3
202100049899,112Â 543,A01,1,1,1,4,1,8,-1,0,0,-1,2021,59.0,1,2,0,2,1,14,1,,4,QUAI MALAQUAIS,0,,1,3,0,1,(1),(1),1,, -1,1,0,1,50,26,2,2021,11:30,1,75,75106,2,1,0,2,QUAI MALAQUAIS,48.858103,2.333985,11,3,2
202100012044,180Â 180,A01,1,1,1,1,2,6,-1,0,0,-1,2021,48.0,1,1,0,0,0,1,3,,4,RUE DES PYRENEES,0,,2,2,1,2,(1),(1),1,, -1,8,0,1,30,20,10,2021,09:30,1,75,75120,2,7,0,7,RUE DES PYRENEES,48.871529,2.392544,9,1,1
202100046464,118Â 729,A01,1,1,1,0,0,-1,-1,0,0,-1,2021,38.0,1,2,13,0,1,0,1,,3,2566,-1,,2,2,0,2,13,635,1,, -1,1,0,8,80,27,3,2021,01:20,3,6,6077,1,1,1,7,lieu dit le tournet,43.895357,7.342201,1,1,1
202100012756,178Â 918,B01,7,2,1,0,1,-1,-1,0,0,-1,2021,5.0,0,2,0,0,5,2,1,,3,5,0,,2,2,0,2,10,932,1,, -1,1,0,1,50,14,10,2021,17:38,1,77,77171,2,1,0,2,D5,48.900179,2.811486,17,4,2
202100040540,129Â 146,A01,1,1,1,1,2,6,-1,0,0,-1,2021,31.0,2,1,6,0,1,2,1,,3,919,0,D,2,2,0,1,21,786,1,, -1,1,0,8,50,9,5,2021,03:45,3,9,9019,2,1,0,6,261 Soula d'En Haut,43.143061,1.434985,3,1,1
202100042389,125Â 862,A01,1,1,1,1,2,6,-1,0,0,-1,2021,45.0,2,1,0,2,8,1,1,,3,64,-1,,2,2,0,1,10,625,1,,5,1,5,1,50,28,4,2021,11:30,1,44,44178,2,2,0,3,Rue Prairial,47.110608,-1.73525,11,2,2
202100015106,174Â 704,B01,1,1,1,1,2,6,-1,0,0,-1,2021,40.0,1,1,0,2,3,15,1,,4,AVENUE GAMBETTA,0,,2,1,0,2,(1),(1),1,, -1,2,0,1,30,5,10,2021,18:35,1,75,75120,2,5,1,3,AVENUE GAMBETTA,48.871724,2.404377,18,2,2
202100035979,137Â 373,B01,7,2,1,5,1,9,-1,0,0,-1,2021,7.0,2,2,0,2,1,1,1,,7,2210,0,M,3,2,0,2,3,600,3,, -1,1,0,1,80,6,6,2021,14:40,1,6,6064,1,1,0,1,M2210,43.761951,7.175564,14,5,2
202100014225,176Â 265,A01,1,1,1,5,1,0,-1,-1, -1,-1,2021,62.0,1,2,0,2,1,13,1,,3,AV FRANCOIS MITTERRAND,0,,2,3,0,2,1,0,1,, -1,1,0,1,50,9,10,2021,07:30,4,94,94017,2,1,0,4,FranÃ§ois MittÃ©rrand (avenue),48.81575,2.51394,7,4,3
202100054761,103Â 914,A01,10,3,1,5,0,-1,-1,2,3,1,2021,45.0,1,2,0,1,1,25,1,,3,LILLE ( RUE DE ),0,,2,1,0,1,25,205,1,, -1,2,9,4,50,14,1,2021,11:10,1,62,62119,2,9,1,6,LILLE ( RUE DE ),50.525305,2.650366,11,2,1
202100030231,147Â 727,A01,10,3,2,3,0,-1,-1,3,3,1,2021,47.0,1,2,0,1,3,1,2,,4,AVENUE LEDRU ROLLIN,0,,2,2,0,1,(1),(1),1,, -1,1,0,1,30,7,7,2021,18:00,1,75,75112,2,1,0,6,AVENUE LEDRU ROLLIN,48.850594,2.375394,18,2,1
202100028781,150Â 275,C01,3,2,1,5,1,8,-1,-1, -1,-1,2021,15.0,2,2,0,2,1,2,1,,1,AUTOROUTE A 10,0,,3,6,0,1,537,850,1,, -1,1,0,1,130,16,7,2021,15:25,1,33,33397,1,1,0,4,,44.923001,-0.47403,15,6,3
202100056234,101Â 376,A01,10,3,2,2,0,-1,-1,2,3,1,2021,7.0,1,2,0,1,1,1,1,,4,,0,,2,2,0,1,(1),(1),1,, -1,1,0,1,50,4,1,2021,13:40,1,69,69259,2,1,0,6,LEO LAGRANGE (R),45.69851,4.87507,13,2,1
202100055742,102Â 226,A01,1,1,1,5,1,8,-1,-1, -1,-1,2021,20.0,1,5,0,2,0,21,1,,3,BADUEL (ROUTE DE),0,,2,2,1,1,3,950,1,, -1,2,0,1,50,7,1,2021,22:30,3,973,97302,2,1,0,6,BADUEL (ROUTE DE),4.92899,-52.29677,22,1,1
202100013128,178Â 280,A01,1,1,1,0,8,8,-1,-1, -1,-1,2021,24.0,1,1,16,0,2,9,1,,4,METALLURGIE (AVENUE),0,,2,2,0,1,0,1,1,, -1,1,5,1,50,13,10,2021,13:30,1,93,93066,2,9,0,3,METALLURGIE (AVENUE),48.9091,2.36476,13,2,2
202100015960,173Â 140,B01,1,1,2,1,0,0,-1,-1, -1,-1,2021,51.0,2,1,0,2,8,14,5,,3,GEORGES GOSNAT (AV),0,,2,2,0,1,1,0,1,, -1,1,0,1,50,30,9,2021,10:25,1,94,94041,2,2,0,3,Rue Marat,48.811033,2.384301,10,2,2
202100019749,166Â 341,A01,1,1,1,3,2,0,-1,-1, -1,-1,2021,31.0,3,1,0,2,7,1,1,,4,BARGUE  (BOULEVARD),0,,2,2,0,1,0,0,1,, -1,1,0,1,50,9,9,2021,22:05,5,93,93047,2,2,0,3,BARGUE  (BOULEVARD),48.90183,2.55971,22,2,2
202100038930,132Â 043,A01,1,1,1,0,2,6,-1,-1, -1,-1,2021,24.0,1,1,14,0,1,2,1,,4,MALLET (RUE LOUIS),0,,2,2,1,1,0,0,1,, -1,1,0,1,50,20,5,2021,16:00,1,18,18033,2,1,0,2,MALLET (RUE LOUIS),47.0818,2.3677,16,2,2
202100032990,142Â 780,A01,1,1,1,0,8,0,-1,-1, -1,-1,2021,23.0,1,2,0,0,0,26,1,,2,RN 104,0,,2,4,0,1,44,950,1,, -1,1,0,1,110,20,6,2021,03:18,3,91,91549,1,1,0,6,RN 104,48.62651,2.34745,3,1,1
202100043376,124Â 132,B01,1,1,1,0,2,6,-1,-1, -1,-1,2021,53.0,1,1,0,2,3,1,1,,3,910,0,,2,3,0,1,0,0,1,, -1,1,0,1,50,20,4,2021,12:20,1,92,92012,2,4,0,3,GENERAL LECLERC (AVENUE DU) 35/FIN - 60/,48.8298792187,2.2310560942,12,2,2
202100017114,171Â 040,A01,10,3,2,2,0,-1,-1,2,3,1,2021,12.0,0,2,0,1,2,26,1,,4,BROSSOLETTE (RUE PIERRE),0,,2,2,0,1,0,0,1,, -1,1,0,1,50,23,9,2021,17:20,1,93,93073,2,1,0,6,Rue Pierre Brossolette,48.9496,2.5705,17,2,1
202100041060,128Â 214,B01,2,1,1,0,8,0,-1,-1, -1,-1,2021,40.0,1,1,0,2,1,0,5,,2,Morne Salines,0,,2,2,0,2,(1),(1),1,, -1,1,0,1,70,5,5,2021,19:45,3,971,97113,1,3,0,3,Morne Salines,16.20857,-61.44203,19,2,2
202100000826,200Â 248,A01,10,3,2,0,0,-1,-1,8,B,1,2021,45.0,3,2,0,1,1,1,1,,4,REPUBLIQUE (AVENUE),0,,-1,0,0,1,0,0,1,, -1,1,0,8,30,17,12,2021,16:00,1,52,52121,2,1,0,6,REPUBLIQUE (AVENUE),48.09956,5.14375,16,2,1
202100016173,172Â 732,B01,1,1,1,5,8,0,-1,-1, -1,-1,2021,78.0,3,1,0,2,2,15,5,,4,EUROPE (AVENUE DE L'),0,,4,4,0,1,(1),(1),2,, -1,1,5,1,50,28,9,2021,07:55,1,37,37261,2,2,0,6,EUROPE (AVENUE DE L'),47.4236709681,0.6930945106,7,2,2
202100028284,151Â 134,B01,2,2,2,9,1,8,-1,-1, -1,-1,2021,28.0,3,2,0,2,4,0,1,,4,FLORISSANT (AVENUE),0,,2,2,0,1,0,1,1,, -1,1,0,1,50,17,7,2021,02:55,5,74,74012,2,6,0,2,FLORISSANT (AVENUE),46.19127,6.24337,2,3,2
202100038293,133Â 199,B01,1,1,2,5,1,-1,-1,0,0,-1,2021,20.0,2,2,0,2,1,2,1,,3,1084,-1,,2,2,0,1,13,317,1,, -1,1,0,1,50,26,5,2021,09:14,1,1,1142,2,1,0,2,873 Rue de GenÃ¨ve,45.850699,5.073392,9,2,2
202100027231,153Â 045,B01,1,1,1,4,1,0,-1,-1, -1,-1,2021,37.0,3,2,0,2,2,1,1,,4,ANDRE MAGINOT (AV),0,,2,0,0,1,1,0,1,, -1,1,0,1,50,24,7,2021,12:15,1,94,94081,2,2,0,3,Avenue AndrÃ© Maginot,48.78978,2.39919,12,2,2
202100055567,102Â 527,B01,1,1,2,1,1,-1,-1,0,0,-1,2021,37.0,1,2,0,0,4,2,1,,2,12,-1,,3,4,0,3,84,0,1,, -1,2,0,1,110,10,1,2021,09:10,1,22,22225,1,1,0,4,RN 12 PR 084+000,48.5436362083,-3.0834104325,9,3,3
202100009634,184Â 487,B01,1,1,2,5,1,0,-1,-1, -1,-1,2021,40.0,1,2,0,2,4,1,1,,3,MITTERAND (Rue FranÃ§ois),0,,2,2,0,1,1,0,1,, -1,1,2,1,50,27,10,2021,17:55,1,94,94028,2,1,0,2,Avenue FranÃ§ois Mitterrand,48.76967,2.46405,17,2,2
202100030318,147Â 570,A01,10,3,2,3,0,-1,-1,2,5,1,2021,30.0,2,2,0,1,7,0,1,,4,VALLEE (RUE DE LA),0,,2,2,0,1,0,0,1,, -1,2,0,1,50,5,7,2021,16:05,1,76,76351,2,2,1,6,VALLEE (RUE DE LA),49.49524,0.15542,16,2,1
202100005594,191Â 807,A01,1,1,1,5,1,-1,-1,0,0,-1,2021,62.0,2,2,16,0,0,1,2,,3,40,0,,2,2,0,1,13,800,1,, -1,1,0,8,80,30,11,2021,15:10,1,66,66015,1,1,0,7,CD 40,42.562493,2.871993,15,1,1
202100011614,180Â 963,A01,1,1,1,0,8,0,-1,-1, -1,-1,2021,47.0,1,2,3,0,1,14,1,,2,06 PK RN237 MOULIN JUSTICE RE,0,,3,4,0,1,5,94,3,, -1,1,0,1,90,23,10,2021,02:17,3,17,17300,1,1,0,6,N237,46.173402,-1.179345,2,1,1
202100010446,183Â 051,B01,1,1,2,3,1,-1,-1,0,0,-1,2021,38.0,2,2,0,2,7,1,1,,3,120,-1,,2,2,0,4,0,5,1,, -1,1,5,1,80,29,10,2021,17:42,1,35,35218,1,2,0,3,Le Pont,47.927048,-1.616825,17,3,2
202100035629,138Â 032,B01,1,1,2,5,1,-1,-1,0,0,-1,2021,75.0,1,2,0,2,2,1,1,,3,,-1,,2,2,0,1,0,900,1,,4,1,0,1,50,9,6,2021,20:35,1,201,201247,2,2,0,3,Rue Henry Frenay,41.602102,9.278737,20,2,2
202100013522,177Â 558,A01,1,1,2,1,1,-1,-1,-1, -1,-1,2021,54.0,2,2,0,2,1,2,1,,2,NIEPCE (AVENUE NICEPHORE),0,,1,2,0,1,1,390,1,, -1,1,3,1,70,12,10,2021,09:30,1,51,51454,2,1,0,2,Avenue NicÃ©phore NiÃ©pce,49.2244442188,4.0671172226,9,2,2
202100004797,193Â 204,A01,10,3,2,9,0,-1,-1,4,3,2,2021,0.0,1,2,0,1,2,1,1,,4,CHARLES DE REFUGE (RUE),0,,3,2,0,1,(1),(1),1,, -1,1,0,1,50,3,12,2021,13:39,1,10,10333,2,1,0,6,CHARLES DE REFUGE (RUE),48.28081,4.05094,13,4,1
202100009936,183Â 932,C01,4,2,1,1,8,8,-1,-1, -1,-1,2021,61.0,1,0,1,0,6,23,1,,3,WILSON (AVENUE DU PRESIDENT),0,,1,2,3,1,0,1,1,, -1,1,0,8,50,1,11,2021,07:30,2,93,93066,2,1,0,5,WILSON (AVENUE DU PRESIDENT),48.9188095789,2.3577934445,7,4,3
202100041697,127Â 077,A01,3,2,1,5,1,0,-1,-1, -1,-1,2021,13.0,2,2,6,0,1,1,1,,3,GRANDE RUE,0,,2,2,0,1,0,0,1,, -1,1,5,1,50,2,5,2021,18:15,1,93,93077,2,2,0,6,GRANDE RUE,48.882492,2.524926,18,3,1
202100017687,170Â 005,A01,1,1,1,5,2,6,-1,-1, -1,-1,2021,19.0,1,1,15,2,2,25,1,,3,LOUIS ARAGON (AV),0,,2,2,0,1,1,0,1,, -1,2,0,1,50,21,9,2021,00:15,5,94,94076,2,1,0,3,LOUIS ARAGON (AV),48.78827,2.37211,0,5,2
202100036887,135Â 765,B01,1,1,1,5,2,-1,-1,0,0,-1,2021,39.0,1,1,0,2,8,1,5,,3,35,0,D,2,2,0,1,11,0,1,, -1,1,0,1,80,2,6,2021,18:50,1,51,51389,1,2,0,3,D19,49.133025,4.337186,18,2,2
202100051397,109Â 813,B01,1,1,1,1,2,6,-1,-1, -1,-1,2021,53.0,1,1,0,2,1,1,1,,4,LECLERC (AVENUE DU GENERAL),0,,2,3,3,1,0,0,1,, -1,1,0,1,50,15,2,2021,07:25,5,87,87085,2,1,0,3,LECLERC (AVENUE DU GENERAL),45.85462,1.26625,7,2,2
202100017150,170Â 984,A01,10,3,1,5,0,-1,-1,6,A,2,2021,14.0,1,3,1,1,2,26,6,1.0,3,RAYMON ARON (AVENUE),0,,3,4,0,1,0,0,1,, -1,1,0,1,50,24,9,2021,20:15,5,92,92002,2,1,0,6,RAYMON ARON (AVENUE),48.7665306871,2.3102382571,20,3,1
202100009740,184Â 293,A01,1,1,1,5,8,0,-1,-1, -1,-1,2021,21.0,1,1,0,0,8,1,3,,4,BRIAND (RUE ARISTIDE),0,,2,2,0,1,0,0,1,, -1,1,0,1,50,28,10,2021,16:10,1,87,87085,2,1,0,7,BRIAND (RUE ARISTIDE),45.84608,1.27821,16,1,1
202100014011,176Â 659,B01,1,1,1,1,2,6,-1,0,0,-1,2021,32.0,2,1,0,2,4,1,1,,4,PORTE DE VINCENNES,0,,1,4,0,1,31,600,1,, -1,1,0,1,70,9,10,2021,23:30,5,75,75120,2,4,0,2,PORTE DE VINCENNES,48.849145,2.41514,23,2,2
202100052907,107Â 147,A01,1,1,1,4,1,0,-1,0,0,-1,2021,29.0,2,2,0,2,3,1,1,,4,RUE DUROC,0,,1,1,0,1,(1),(1),1,, -1,2,0,1,30,30,1,2021,20:45,5,75,75107,2,2,1,3,RUE DUROC,48.847695,2.313351,20,2,2
202100056263,101Â 327,B01,6,2,1,2,8,0,-1,-1, -1,-1,2021,16.0,2,3,0,2,2,1,1,3.0,7,D 137,0,,3,4,0,1,55,990,1,, -1,2,0,1,110,4,1,2021,07:23,3,35,35278,1,1,1,3,RD 137,48.17569,-1.71764,7,4,2
202100014726,175Â 391,B01,1,1,1,1,1,-1,-1,-1, -1,-1,2021,36.0,2,2,0,2,4,2,1,,7,RD383   11.750 A 14.250,0,,3,8,0,1,12,500,1,, -1,1,0,1,70,23,9,2021,07:30,1,69,69259,1,1,0,2,RD383   11.750 A 14.250,45.72249,4.88824,7,2,2
202100022002,162Â 306,B01,1,1,1,1,4,9,-1,0,0,-1,2021,20.0,2,1,0,0,4,1,5,,3,22,0,D,2,2,0,1,20,200,1,, -1,1,0,1,50,25,8,2021,04:30,5,85,85012,2,6,0,6,122 Avenue de l Estacade,46.88889,-2.111604,4,2,2
202100035714,137Â 873,B01,1,1,2,5,1,8,-1,0,0,-1,2021,27.0,2,2,0,2,4,2,1,,3,JEANNE DE FRANCE (ALLEE),0,,2,2,0,1,29,1430,1,, -1,1,0,1,50,7,6,2021,14:42,1,47,47323,2,1,0,2,JEANNE DE FRANCE (ALLEE),44.40403,0.70486,14,2,2
202100047009,117Â 749,A01,1,1,1,0,8,0,-1,-1, -1,-1,2021,27.0,1,2,0,2,3,9,1,,1,AUTOROUTE A3,0,,3,6,0,1,9,800,1,, -1,1,0,1,90,23,3,2021,14:20,1,93,93007,1,1,0,3,AUTOROUTE A3,48.92166,2.48003,14,2,2
202100005906,191Â 232,A01,10,3,1,0,0,-1,-1,3,3,1,2021,9.0,3,2,0,1,2,1,1,,4,LAENNEC RENE (AV),0,,2,2,2,1,0,0,1,, -1,1,0,1,30,24,11,2021,16:10,1,72,72181,2,9,0,6,LAENNEC RENE (AV),48.02001,0.16241,16,2,1
202100050906,110Â 686,A01,1,1,1,4,2,6,-1,0,0,-1,2021,28.0,2,1,0,2,4,1,1,,7,RN 12 (DE PONT DESFOSES A LIMITE CICONSC,0,,3,4,0,1,73,500,1,, -1,1,0,1,90,18,2,2021,21:30,3,29,29019,1,1,0,2,D112 - Amiral DesfossÃ©s,48.416493,-4.479007,21,2,2
202100018776,168Â 080,B01,1,1,2,0,2,-1,-1,-1, -1,-1,2021,16.0,1,1,0,2,2,26,0,,3,RD 1250 (Camicas - Sortie Dune),0,,2,1,0,1,47,140,1,, -1,1,0,1,50,15,9,2021,13:10,1,33,33529,1,9,0,3,RD 1250 (Camicas - Sortie Dune),44.64662,-1.15833,13,2,2
202100006739,189Â 737,B01,1,1,1,0,1,0,-1,-1, -1,-1,2021,33.0,2,2,0,2,8,9,1,,3,9B,0,,1,4,3,1,0,0,1,, -1,1,0,1,50,22,11,2021,22:40,5,92,92044,2,2,0,3,BAUDIN (RUE) 27A83 ET 36 A84,48.8965749044,2.2809787095,22,2,2
202100052249,108Â 311,A01,1,1,1,5,1,0,-1,-1,0,-1,2021,22.0,1,5,4,0,1,1,1,,1,AUTOROUTE A15,0,,3,5,0,2,21,899,2,, -1,2,3,1,70,7,2,2021,13:00,1,95,95572,1,1,1,6, A15,49.0335,2.10985,13,1,1
202100007759,187Â 889,A01,1,1,1,0,2,0,-1,-1, -1,-1,2021,25.0,2,1,0,0,0,0,1,,4,MARECHAL JUIN                       (PT),0,,1,1,0,1,(1),(1),3,, -1,1,2,1,50,12,11,2021,03:10,5,69,69385,2,9,1,7,MARECHAL JUIN (PT),45.76326,4.82944,3,1,1
202100056117,101Â 574,A01,1,1,1,0,2,6,-1,0,0,-1,2021,17.0,0,1,9,2,8,1,1,,4,,0,,1,1,0,1,(1),(1),1,, -1,1,6,1,30,6,1,2021,13:15,1,33,33243,2,2,0,3,Rue Fonneuve,44.914591,-0.246779,13,2,2
202100048642,114Â 807,B01,1,1,1,2,2,6,-1,-1,0,-1,2021,58.0,1,1,4,2,3,9,1,,2,RN 184,0,,3,6,0,1,6,700,3,, -1,1,0,1,110,10,3,2021,08:31,1,95,95394,1,1,0,3,RN 184,49.0514679308,2.1520249343,8,2,2
202100024855,157Â 229,B01,1,1,2,9,1,0,-1,-1, -1,-1,2021,59.0,3,2,0,2,4,23,1,,3,11 - RT,0,,2,2,0,1,1,0,1,, -1,1,0,1,50,9,8,2021,17:58,1,202,202033,2,1,0,4,11 - RT,42.6620799133,9.4422401723,17,3,3
202100013390,177Â 796,B01,1,1,2,9,8,0,-1,0,0,-1,2021,55.0,1,1,0,2,1,1,5,,4,AVENUE WINSTON CHURCHILL,0,,2,5,1,1,(1),(1),1,, -1,1,-1,5,30,13,10,2021,09:43,1,75,75108,2,1,0,3,AVENUE WINSTON CHURCHILL,48.866279,2.313842,9,2,2
202100025279,156Â 469,A01,1,1,1,0,2,0,-1,0,0,-1,2021,41.0,1,1,0,2,1,1,3,,7,STRASBOURG (AVENUE DE),0,,2,4,3,1,(1),(1),1,, -1,1,0,1,50,6,8,2021,13:20,1,54,54395,2,3,0,3,STRASBOURG (AVENUE DE),48.68126,6.19346,13,2,2
202100014576,175Â 654,B01,1,1,1,0,8,0,-1,-1, -1,-1,2021,15.0,3,0,0,2,1,17,0,,4,LECLERC (AVENUE DU MARECHAL),0,,1,2,1,1,0,1,1,, -1,1,0,1,50,7,10,2021,18:55,1,74,74012,2,1,0,2,LECLERC (AVENUE DU MARECHAL),46.188,6.24852,18,2,2
202100021489,163Â 228,B01,1,1,1,1,1,0,-1,-1, -1,-1,2021,42.0,1,2,0,2,1,26,1,,3,REPUBLIQUE (AV DE LA),0,,2,2,0,1,1,0,1,, -1,1,0,1,50,1,9,2021,10:20,1,94,94017,2,1,0,5,REPUBLIQUE (AV DE LA),48.82235,2.51058,10,3,3
202100004552,193Â 639,A01,1,1,1,-1,0,-1,-1,-1, -1,-1,2021,16.0,-1,1,0,0,0,-1,-1,,3,LENINE (AVENUE) NÂ°2A34 ET 1A43,0,,-1,4,0,1,0,1,1,, -1,1,0,1,50,5,12,2021,21:30,5,93,93059,2,9,0,3,LENINE (AVENUE) NÂ°2A34 ET 1A43,48.96001,2.35896,21,3,2
202100014969,174Â 948,A01,1,1,2,0,2,8,-1,-1, -1,-1,2021,37.0,1,1,0,2,2,17,1,,4,BAS DU FORT,0,,4,1,0,1,(1),(1),3,, -1,1,5,1,30,3,10,2021,11:10,1,971,97113,1,9,0,3,Rue du Bas du Fort,16.2159795132,-61.523630619,11,2,2
202100004386,193Â 916,B01,1,1,1,0,2,6,-1,-1, -1,-1,2021,24.0,1,1,0,2,8,3,1,,1,A104,0,,3,2,0,1,17,700,1,, -1,1,0,1,90,7,12,2021,09:00,1,77,77363,1,1,0,2,A104,48.9166321972,2.6332584591,9,2,2
202100050208,111Â 969,A01,2,2,1,9,2,0,-1,0,0,-1,2021,12.0,1,1,0,2,2,1,1,,4,BOULEVARD PERIPHERIQUE INTERIEUR SUD,0,,1,2,0,2,(1),(1),1,, -1,1,0,1,50,24,2,2021,14:55,1,75,75120,2,1,0,3,BOULEVARD PERIPHERIQUE INTERIEUR SUD,48.8477777646,2.4142616987,14,3,2
202100024230,158Â 359,A01,2,1,1,5,2,8,-1,-1, -1,-1,2021,18.0,3,1,0,2,6,1,1,,4,MAC AULIFFE (RUE VICTOR),0,,1,2,0,1,0,0,1,, -1,1,0,1,50,12,8,2021,17:20,2,974,97411,2,2,0,3,MAC AULIFFE (RUE VICTOR),-20.8778,55.451,17,2,2
202100056112,101Â 582,A01,10,3,1,5,0,-1,-1,1,9,2,2021,43.0,3,2,1,1,7,1,0,,4,,-1,,2,2,0,2,(1),(1),1,, -1,7,0,1,80,2,1,2021,10:15,1,67,67167,2,1,1,6,Hohbuhl,48.479145,7.301456,10,4,1
202100006276,190Â 576,B01,1,1,1,4,2,6,-1,0,0,-1,2021,25.0,2,1,0,2,1,1,1,,4,CAMP LONG (AVENUE DU),0,,2,3,0,2,(1),(1),1,, -1,1,0,1,50,25,11,2021,13:55,1,6,6029,2,1,0,3,CAMP LONG (AVENUE DU),43.562547,7.020996,13,2,2
202100000936,200Â 077,B01,1,1,1,5,2,-1,-1,0,0,-1,2021,18.0,3,1,0,0,4,1,1,,2,7,-1,,2,2,0,3,0,0,1,, -1,1,0,1,70,29,12,2021,22:30,5,978,97801,2,1,0,2,"RN7, ZA de Bellevue",18.056916,-63.085481,22,2,2
202100053972,105Â 278,B01,1,1,1,0,1,0,-1,-1, -1,-1,2021,65.0,1,2,0,2,4,1,1,,4,"""STRASBOURG, NR 1 A 71 ET 2 A 34""",0,,2,2,0,1,0,0,3,, -1,2,0,1,50,23,1,2021,11:00,1,93,93066,2,7,1,2,"""STRASBOURG, NR 1 A 71 ET 2 A 34""",48.93576,2.3679,11,2,2
202100054039,105Â 153,A01,10,3,1,5,0,-1,-1,1,5,1,2021,21.0,1,2,0,1,3,1,1,,3,NORD ( route du ),0,,2,2,0,1,31,366,1,, -1,1,0,1,80,20,1,2021,06:35,3,82,82121,1,1,0,6,NORD ( route du ),44.068085,1.418942,6,2,1
202100012151,180Â 001,A01,10,3,2,0,0,-1,-1,2,3,1,2021,88.0,1,4,0,1,1,1,1,,3,HUGO (RUE VICTOR),0,,1,1,0,1,0,212,1,, -1,1,0,1,50,14,10,2021,08:00,1,6,6104,2,1,0,6,HUGO (RUE VICTOR),43.76588,7.483645,8,2,1
202100038751,132Â 347,A01,1,1,1,5,1,0,-1,-1, -1,-1,2021,60.0,0,2,1,2,1,2,1,,4,LECLERC (RUE DU GENERAL),0,,2,2,0,1,0,0,1,, -1,2,0,1,50,20,5,2021,16:10,1,50,50602,2,1,1,2,LECLERC (RUE DU GENERAL),49.63953,-1.60344,16,2,2
202100024546,157Â 786,A01,1,1,1,1,2,6,-1,0,0,-1,2021,43.0,2,1,0,2,3,3,1,,4,PORTE DE VERSAILLES,0,,1,3,0,1,7,900,1,, -1,1,0,1,70,12,8,2021,19:00,1,75,75115,2,1,0,3,PORTE DE VERSAILLES,48.834973,2.273399,19,2,2
202100007801,187Â 803,A01,1,1,1,0,8,8,-1,0,0,-1,2021,42.0,3,1,0,0,0,0,5,,4,KRUG (RUE ALFRED),0,,2,1,1,1,(1),(1),1,, -1,1,0,5,-1,11,11,2021,01:12,3,54,54395,2,1,0,7,KRUG (RUE ALFRED),48.67989,6.2008,1,1,1
202100020301,165Â 348,A01,10,3,2,5,0,-1,-1,3,3,1,2021,76.0,0,5,0,2,1,1,1,,4,EUROPE (DE 2 A 4),0,,2,4,0,1,(1),(1),1,, -1,1,0,1,50,30,8,2021,14:14,1,29,29019,2,2,0,6,Boulevard de lâEurope,48.41317,-4.49232,14,2,1
202100019533,166Â 717,A01,1,1,1,5,2,6,-1,0,0,-1,2021,17.0,1,1,0,0,0,10,1,,3,19,0,D,2,2,0,1,9,145,1,, -1,9,0,1,50,12,9,2021,16:30,1,201,201018,2,3,0,7,D19 - LE VILLAGE,41.682011,8.99195,16,1,1