Num_Acc,id_vehicule,num_veh,place,catu,sexe,trajet,secu1,secu2,secu3,locp,actp,etatp,year_acc,victim_age,senc,catv,obs,obsm,choc,manv,motor,occutc,catr,voie,v1,v2,circ,nbv,vosp,prof,pr,pr1,plan,lartpc,larrout,surf,infra,situ,vma,jour,mois,an,hrmn,lum,dep,com,agg_,int,atm,col,adr,lat,long,hour,nb_victim,nb_vehicules
202100053373,106Â 320,A01,1,1,1,1,9,-1,-1,0,0,-1,2021,28.0,1,1,0,2,8,0,1,,3,15,0,D,2,2,0,1,25,200,1,, -1,2,0,1,80,29,1,2021,17:15,2,62,62384,2,1,1,1,D15E,50.147182,3.107549,17,2,2
202100018631,168Â 333,A01,10,3,1,2,0,-1,-1,4,3,2,2021,6.0,2,1,0,1,3,1,1,,3,REINE (ROUTE DE LA) 39/107 BIS,0,,2,2,0,1,0,0,1,, -1,1,0,1,50,16,9,2021,17:35,1,92,92012,2,1,0,6,REINE (ROUTE DE LA) 39/107 BIS,48.839412,2.2434,17,2,1
202100052014,108Â 734,A01,10,3,2,1,0,-1,-1,3,3,1,2021,33.0,1,2,0,1,1,15,1,,4,PRE BOTTE (DU),0,,1,1,0,1,(1),(1),1,, -1,1,6,1,50,9,2,2021,14:00,1,35,35238,2,3,0,6,PRE BOTTE (DU),48.1093593328,-1.6792274524,14,2,1
202100048368,115Â 297,B01,1,1,2,9,1,-1,-1,-1, -1,-1,2021,36.0,1,2,0,2,4,23,1,,4,GUILLOTIERE (DE LA)                 (GR),0,,1,2,2,1,(1),(1),1,, -1,2,0,1,50,11,3,2021,18:55,5,69,69387,2,2,1,4,GUILLOTIERE (DE LA)                 (GR),45.74907,4.85346,18,3,3
202100028546,150Â 695,B01,9,2,2,5,1,-1,-1,0,0,-1,2021,51.0,1,2,0,2,1,0,1,,3,1,0,,2,2,0,2,44,714,3,,5,1,0,1,50,18,7,2021,16:15,1,72,72248,2,1,0,1,Rue du Pont de l Arche,47.83799,0.43309,16,4,2
202100016464,172Â 198,A01,1,1,1,5,2,-1,-1,-1, -1,-1,2021,62.0,2,1,0,2,1,17,1,,4,ANDREI SAKHAROV (RUE),0,,2,3,0,1,0,0,1,, -1,1,0,1,50,24,9,2021,20:30,5,76,76351,2,2,0,1,Rue AndreÃ¯ Sakharov,49.50482,0.16877,20,2,2
202100019030,167Â 622,B01,1,1,1,9,2,0,-1,-1, -1,-1,2021,46.0,1,1,0,2,4,1,1,,3,986,0,,1,2,0,1,0,0,1,, -1,2,0,1,50,14,9,2021,20:00,4,92,92064,2,1,1,2,REPUBLIQUE,48.8527002435,2.2126239538,20,2,2
202100016890,171Â 433,B01,1,1,2,0,2,8,-1,-1, -1,-1,2021,35.0,1,1,0,2,7,1,1,,3,TOURNAI (ROUTE DE),0,,1,2,0,1,13,24,2,, -1,1,2,1,50,22,9,2021,06:45,2,59,59654,2,6,0,3,TOURNAI (ROUTE DE),50.393199166,3.1091311437,6,2,2
202100026552,154Â 237,A01,1,1,2,3,1,-1,-1,0,0,-1,2021,29.0,1,2,0,2,1,1,1,,3,98,-1,,2,2,0,1,6,266,1,, -1,1,0,1,80,30,7,2021,11:47,1,85,85202,1,2,0,3,Intersection D98 et D48,46.718997,-1.113398,11,2,2
202100051895,108Â 941,A01,1,1,1,4,8,0,-1,0,0,-1,2021,27.0,3,1,0,0,7,1,5,,4,RABANESSE (RUE DE),0,,1,1,0,1,(1),(1),1,, -1,2,0,1,50,6,2,2021,20:30,5,63,63113,2,1,0,7,RABANESSE (RUE DE),45.76953,3.0866,20,1,1
202100035007,139Â 122,A01,1,1,1,0,2,6,-1,-1, -1,-1,2021,15.0,3,1,0,0,2,9,1,,4,ILE DE FRANCE (AVENUE DE L'),0,,2,2,0,1,(1),(1),1,, -1,1,0,1,50,11,6,2021,10:50,1,41,41269,2,1,0,7,ILE DE FRANCE (AVENUE DE L'),47.80735,1.05009,10,1,1
202100011069,181Â 938,A01,2,2,2,0,1,8,-1,-1, -1,-1,2021,56.0,1,2,1,0,9,5,1,,7,JEAN ZIMMERMANN (RUE),0,,1,1,0,1,0,0,1,, -1,1,0,1,30,23,10,2021,11:40,1,67,67043,2,1,0,6,JEAN ZIMMERMANN (RUE),48.61412,7.75214,11,2,1
202100033785,141Â 380,A01,10,3,2,2,0,-1,-1,1,3,1,2021,16.0,3,2,0,1,3,2,1,,4,BELLE-PLAINE (ROUTE DE),0,,2,2,0,1,(1),(1),1,, -1,2,0,1,50,17,6,2021,07:35,1,971,97113,1,1,1,6,BELLE-PLAINE (ROUTE DE),16.21443,-61.49482,7,2,1
202100023604,159Â 443,B01,1,1,2,0,1,0,-1,-1, -1,-1,2021,41.0,3,2,0,2,6,24,1,,4,BLUM PAIRS JUSQUAU 1402,0,,2,2,0,1,0,0,1,, -1,1,0,1,50,18,8,2021,17:00,1,11,11069,2,1,0,2,BLUM PAIRS JUSQUAU 1402,43.2259,2.33861,17,2,2
202100050684,111Â 094,A01,1,1,1,5,2,6,-1,0,0,-1,2021,16.0,2,1,0,2,0,21,1,,3,,0,D,2,2,0,1,(1),(1),1,, -1,2,0,1,80,21,2,2021,17:00,1,22,22078,1,1,0,6,Kergoff (Hengoat),48.7668030607,-3.1914058192,17,2,2
202100042698,125Â 310,B01,1,1,1,5,2,0,-1,0,0,-1,2021,26.0,1,1,0,2,2,1,1,,4,AVENUE RAYMOND POINCARE,0,,2,2,0,1,(1),(1),1,, -1,1,0,1,50,24,4,2021,10:20,1,75,75116,2,2,0,3,AVENUE RAYMOND POINCARE,48.8650582427,2.2865349054,10,2,2
202100056099,101Â 606,B01,1,1,2,1,1,-1,-1,0,0,-1,2021,59.0,0,2,0,2,8,19,1,,3,622,-1,,2,2,0,1,(1),(1),1,, -1,1,0,1,50,6,1,2021,14:30,1,31,31033,2,3,0,3,Route de Capens,43.350308,1.464352,14,2,2
202100024878,157Â 192,B01,2,2,2,0,1,0,-1,-1, -1,-1,2021,21.0,1,2,0,2,6,1,1,,3,GATINAIS (RUE DU),0,,2,2,0,1,2,900,1,, -1,1,0,1,50,1,8,2021,18:12,1,45,45068,2,1,0,3,Rue du GÃ¢tinais,48.0109894312,2.7066493034,18,3,2
202100051275,110Â 021,A01,1,1,2,0,1,0,-1,-1, -1,-1,2021,25.0,2,2,9,0,2,1,1,,4,LOUIS BARTHOU,0,,2,1,0,1,0,0,1,, -1,1,0,1,30,16,2,2021,09:50,1,64,64373,2,1,0,7,LOUIS BARTHOU,43.27781,-0.35933,9,1,1
202100008355,186Â 794,A01,3,2,1,5,8,0,-1,-1, -1,-1,2021,20.0,1,2,11,0,2,1,1,,4,GILBERT DRU (RUE),0,,1,1,0,1,0,0,1,, -1,2,0,1,50,12,11,2021,05:00,5,13,13202,2,1,0,1,GILBERT DRU (RUE),43.30227,5.36836,5,4,1
202100029017,149Â 863,A01,1,1,1,5,0,-1,-1,0,0,-1,2021,29.0,1,2,2,0,1,1,1,,3,131,0,D,2,2,0,2,15,140,2,,6,1,0,3,80,14,7,2021,21:25,2,79,79340,1,1,0,6,,46.552191,-0.171189,21,1,1
202100010222,183Â 438,A01,1,1,1,5,1,-1,-1,0,0,-1,2021,25.0,0,2,2,0,1,1,1,,3,972,-1,,2,2,0,1,(1),(1),1,, -1,2,0,3,80,31,10,2021,02:15,3,50,50446,1,1,0,6,le calvaire,49.128621,-1.0,2,1,1
202100003395,195Â 692,B01,1,1,2,0,1,8,-1,-1, -1,-1,2021,47.0,3,2,0,2,4,1,1,,4,PAUL NARDAL (AVENUE),0,,1,2,0,1,0,0,1,, -1,1,0,1,30,11,12,2021,07:25,1,972,97209,2,1,0,2,PAUL NARDAL (AVENUE),14.60816,-61.07247,7,2,2
202100053912,105Â 382,A01,1,1,1,5,1,0,-1,-1,0,-1,2021,23.0,2,2,4,2,1,1,1,,2,184,0,,3,6,0,1,5,300,2,, -1,1,0,1,90,23,1,2021,23:45,3,95,95572,1,1,0,2,RN 184,49.0479295541,2.13312616,23,2,2
202100015174,174Â 586,A01,1,1,1,2,2,6,-1,0,0,-1,2021,14.0,2,1,0,2,1,15,1,,3,348,-1,,2,2,0,1,2,105,3,, -1,1,0,1,50,6,10,2021,12:00,1,28,28401,1,1,0,1,Les Haies d Alleray,48.469158,0.965289,12,2,2
202100020250,165Â 440,B01,1,1,1,5,2,4,-1,-1, -1,-1,2021,38.0,0,1,0,2,1,1,5,,7,CANAL. RUE DU (CD 51),0,,2,2,0,1,18,300,2,, -1,1,0,1,50,7,9,2021,21:35,5,76,76157,2,3,0,5,CANAL. RUE DU (CD 51),49.4602047155,1.0431905463,21,3,3
202100038806,132Â 249,A01,1,1,1,5,2,6,-1,0,0,-1,2021,18.0,1,1,0,2,8,1,1,,3,554,0,D,2,2,0,1,90,500,2,, -1,1,0,1,70,23,5,2021,13:30,1,83,83131,1,1,0,5,D554,43.228449,6.014119,13,6,3
202100019708,166Â 416,A01,1,1,1,0,2,0,-1,-1, -1,-1,2021,17.0,2,1,0,2,1,2,1,,3,COLOMB CHRISTOPHE -PONT ROUGE-,0,,2,2,0,1,32,0,2,, -1,1,0,1,50,10,9,2021,15:25,1,11,11069,2,4,0,2,COLOMB CHRISTOPHE -PONT ROUGE-,43.23615,2.36909,15,2,2
202100011032,182Â 002,B01,3,2,1,5,3,-1,-1,-1,0,-1,2021,1.0,1,2,1,0,2,1,1,,1,AUTOROUTE A1,0,,3,0,0,1,17,700,1,, -1,1,0,1,110,25,10,2021,22:00,4,95,95527,1,1,0,5, A1,48.99853,2.52015,22,5,3
202100022001,162Â 309,B01,1,1,1,5,2,6,9,0,0,-1,2021,33.0,2,1,0,2,1,1,1,,3,D951,-1,,2,2,0,1,42,640,1,, -1,1,0,1,80,30,8,2021,12:35,1,4,4013,1,3,0,3,RD 951 / RD 503,44.11851,5.950768,12,2,2
202100046060,119Â 419,A01,10,3,2,9,0,-1,-1,3,3,1,2021,47.0,1,1,0,1,8,1,1,,3,BADUEL (ROUTE DE),0,,2,1,0,1,1,500,1,, -1,1,0,1,50,29,3,2021,08:35,1,973,97302,2,1,0,6,BADUEL (ROUTE DE),4.93675,-52.31467,8,2,1
202100041279,127Â 820,B01,1,1,1,0,1,0,-1,0,0,-1,2021,49.0,1,2,0,2,4,2,1,,7,METZ (RUE DE),0,,3,2,3,1,(1),(1),1,, -1,1,-1,1,30,5,5,2021,18:15,1,54,54395,2,1,0,2,METZ (RUE DE),48.7027988695,6.1707343161,18,2,2
202100033827,141Â 293,A01,1,1,1,1,1,0,-1,-1, -1,-1,2021,56.0,0,2,0,2,5,17,1,,7,,0,,1,2,0,1,(1),(1),2,, -1,1,0,1,50,17,6,2021,10:30,1,45,45302,2,6,1,3,Rue Nationale 20,47.9470138303,1.8928291818,10,2,2
202100032677,143Â 357,B01,1,1,1,1,2,6,-1,0,0,-1,2021,58.0,1,1,0,2,1,1,1,,2,TEIL (Route du),0,,2,2,0,1,0,385,2,, -1,1,3,1,70,23,6,2021,12:30,1,26,26198,2,1,0,3,92 Route du Teil,44.55707,4.72922,12,2,2
202100027179,153Â 132,A01,2,2,1,5,1,-1,-1,-1,0,-1,2021,18.0,2,2,4,0,2,14,1,,2,RN 184,0,,3,4,0,1,5,500,2,, -1,1,0,1,90,24,7,2021,23:00,3,95,95572,1,1,0,6,RN 184,49.04847,2.13432,23,2,1
202100041775,126Â 941,A01,1,1,1,0,2,8,-1,-1, -1,-1,2021,31.0,1,1,14,0,1,1,1,,4,MERE THERESA (rue),0,,2,2,0,1,(1),(1),2,, -1,1,0,1,50,1,5,2021,14:55,1,973,97302,2,1,0,7,MERE THERESA (rue),4.920144879,-52.3126366139,14,1,1
202100047860,116Â 211,B01,9,2,1,1,1,-1,-1,0,0,-1,2021,22.0,2,2,15,0,8,1,1,,3,21.3,-1,,2,1,0,1,6,775,1,,"3,5",2,0,1,50,17,3,2021,07:50,1,68,68286,2,6,0,3,Rue de Bartenheim,47.639058,7.529948,7,4,2
202100018654,168Â 295,A01,1,1,1,5,1,-1,-1,0,0,-1,2021,65.0,1,2,0,0,0,1,1,,3,417,0,,2,2,0,2,2,900,4,, -1,1,0,1,80,16,9,2021,23:30,3,5,5139,1,1,0,7,chemin de l'enclus au vallon de corne,44.6618243193,5.9399618262,23,1,1
202100036918,135Â 712,A01,10,3,2,3,0,-1,-1,3,3,1,2021,70.0,1,2,0,1,2,1,1,,4,,-1,,2,2,0,1,(1),(1),1,, -1,1,0,1,50,31,5,2021,08:15,1,66,66213,2,6,0,6,Avenue du PÃ¨re Pinya,42.672308,2.833507,8,2,1
202100040039,130Â 030,B01,1,1,2,9,1,0,-1,-1, -1,-1,2021,38.0,3,2,0,2,3,23,2,,4,SAVARI (BOULEVARD),0,,2,4,0,1,(1),(1),1,, -1,2,0,1,50,12,5,2021,17:45,1,86,86194,2,3,1,3,Boulevard Savary,46.57683,0.37809,17,3,2
202100008019,187Â 399,B01,1,1,1,0,0,-1,-1,0,0,-1,2021,32.0,1,2,12,0,3,9,1,,4,Rue Pierre Barrallon,0,,1,1,0,1,(1),(1),1,, -1,1,5,1,50,14,11,2021,20:50,5,42,42218,2,2,0,6,Rue Pierre Barrallon,45.44258,4.3821,20,1,1
202100049013,114Â 148,A01,1,1,1,5,2,-1,-1,0,0,-1,2021,65.0,3,1,0,0,1,1,5,,4,,-1,,2,2,0,2,(1),(1),1,, -1,1,0,1,80,6,3,2021,13:30,1,21,21673,1,1,0,7,Chemin de BÃ©coup,47.1708107561,4.7218036652,13,1,1
202100009468,184Â 785,A01,1,1,1,9,1,0,-1,0,0,-1,2021,22.0,2,2,1,0,3,13,1,,4,RUE CROIX DES PETITS CHAMPS,0,,2,2,0,1,(1),(1),1,, -1,1,0,1,30,3,11,2021,14:20,1,75,75101,2,1,0,6,RUE CROIX DES PETITS CHAMPS,48.864165,2.340108,14,1,1
202100005467,192Â 014,A01,1,1,2,1,1,0,-1,0,0,-1,2021,60.0,1,2,1,0,1,1,1,,6,MONTREAL (ALLEE DE),0,,-1,-1,0,1,0,1,1,, -1,2,0,1,50,27,9,2021,07:17,2,74,74305,2,1,1,6,MONTREAL (ALLEE DE),46.2053690092,6.2819695473,7,2,1
202100039502,130Â 994,A01,1,1,1,5,2,6,-1,0,0,-1,2021,72.0,3,1,0,2,3,13,5,,4,,-1,,2,2,0,2,(1),(1),3,, -1,1,0,1,50,18,5,2021,15:10,1,49,49029,2,1,0,3,Rue du Chaudron,47.398672,-0.420544,15,2,2
202100013095,178Â 333,B01,1,1,1,1,1,0,-1,-1, -1,-1,2021,24.0,1,2,0,2,4,1,1,,7,PEINTRES ROUX (avenue),0,,3,4,0,2,0,0,1,, -1,1,0,8,30,15,10,2021,08:30,1,13,13211,2,1,0,2,PEINTRES ROUX (avenue),43.29997,5.47694,8,2,2
202100050720,111Â 024,A01,2,1,1,0,2,6,-1,-1, -1,-1,2021,35.0,1,1,0,0,0,2,1,,1,AUTOROUTE A6,0,,3,6,0,1,11,237,1,, -1,1,0,1,110,20,2,2021,21:40,3,91,91689,1,1,0,7,AUTOROUTE A6,48.722211,2.311744,21,1,1
202100038041,133Â 663,A01,10,3,2,5,0,-1,-1,2,3,1,2021,35.0,1,2,0,1,2,1,1,,4,RUE DE CAUMARTIN,0,,1,1,0,1,(1),(1),1,, -1,1,6,1,30,27,5,2021,17:50,1,75,75109,2,3,0,6,RUE DE CAUMARTIN,48.874702,2.328446,17,2,1
202100039903,130Â 266,A01,1,1,1,9,1,0,-1,-1, -1,-1,2021,24.0,2,5,0,2,1,26,1,,2,RN104,0,,3,4,0,1,5,800,1,, -1,2,0,1,90,15,5,2021,09:40,1,77,77373,1,1,1,2,RN104,48.78658,2.6174,9,2,2
202100053225,106Â 598,A01,10,3,1,5,8,8,-1,3,3,1,2021,20.0,1,1,0,1,1,17,1,,4,,0,,2,2,0,1,1,0,1,, -1,2,0,1,50,22,1,2021,17:45,5,14,14118,2,1,1,6,Avenue de Tourville,49.1845,-0.341,17,2,1
202100047945,116Â 037,B01,1,1,1,5,2,0,-1,0,0,-1,2021,23.0,1,1,0,2,4,1,1,,4,CROIX GUERIN (AVENUE),0,,1,1,0,1,1,0,1,, -1,1,0,1,50,15,3,2021,15:55,1,14,14118,2,1,0,2,Avenue Croix Guerin,49.19012,-0.35653,15,2,2
202100049006,114Â 158,A01,2,2,1,5,1,-1,-1,0,0,-1,2021,45.0,3,2,0,2,3,13,1,,3,563,-1,,-1,2,0,1,0,374,3,, -1,1,0,1,80,7,3,2021,14:35,1,50,50144,1,1,0,1,Rue Victoire Babois,48.76626,-1.081542,14,7,2
202100050029,112Â 316,A01,10,3,2,2,0,-1,-1,3,3,1,2021,20.0,0,2,0,1,2,1,1,,4,ROBERT (FERNAND),0,,2,2,0,1,(1),(1),1,, -1,1,9,1,30,26,2,2021,09:15,1,35,35238,2,1,0,6,ROBERT (FERNAND),48.13253,-1.70966,9,2,1
202100033625,141Â 661,A01,1,1,1,4,2,6,-1,0,0,-1,2021,27.0,2,1,0,2,7,3,1,,4,PORTE D AUBERVILLIERS,0,,1,4,0,1,23,600,1,, -1,1,0,1,70,18,6,2021,18:50,1,75,75118,2,1,0,4,PORTE D AUBERVILLIERS,48.900844,2.367072,18,3,3
202100023460,159Â 690,A01,1,1,1,5,2,0,-1,0,0,-1,2021,49.0,1,1,0,2,1,1,5,,4,QUAI VOLTAIRE,0,,2,5,1,1,(1),(1),1,, -1,1,0,5,30,19,8,2021,19:50,1,75,75107,2,1,0,1,QUAI VOLTAIRE,48.858805,2.331577,19,2,2
202100031099,146Â 151,A01,10,3,2,5,0,-1,-1,3,3,1,2021,11.0,3,2,0,1,2,1,1,,4,RUE DOCTEUR CALMETTE,0,,2,2,0,1,(1),(1),1,, -1,1,0,2,50,2,7,2021,13:35,1,38,38185,2,2,0,6,Rue Docteur Calmette,45.18079,5.70864,13,2,1
202100030629,147Â 009,A01,9,2,1,5,8,-1,-1,0,0,-1,2021,20.0,2,2,0,0,9,1,1,,3,10,-1,,2,2,0,1,1,850,3,,"5,5",1,4,3,80,5,7,2021,21:10,1,63,63453,1,8,0,7,D10,45.783335,3.308076,21,4,1
202100042641,125Â 408,A01,1,1,1,5,2,6,9,0,0,-1,2021,15.0,2,1,0,2,1,1,1,,3,50,-1,,2,0,0,3,(1),(1),1,,0,1,9,1,50,25,4,2021,17:30,1,18,18265,2,5,0,1,Rue de la Liberte,47.021205,2.967325,17,2,2
202100034149,140Â 723,B01,1,1,2,3,1,-1,-1,0,0,-1,2021,61.0,2,2,0,2,1,1,1,,3,935,0,,2,2,0,1,23,300,1,, -1,1,0,1,90,14,6,2021,16:21,1,65,65460,1,1,0,4,RD935,43.411719,0.052174,16,5,4
202100055021,103Â 462,B01,1,1,1,1,1,8,-1,-1, -1,-1,2021,23.0,1,2,0,2,1,2,1,,2,RN 10,0,,3,4,0,1,24,708,1,, -1,2,0,1,70,11,1,2021,19:50,5,78,78220,1,3,0,3,RN 10,48.72317,1.88935,19,2,2
202100007277,188Â 743,B01,2,2,1,9,2,6,-1,-1, -1,-1,2021,11.0,2,1,0,2,2,15,1,,4,AV FRIZAC,0,,1,3,3,1,(1),(1),1,, -1,1,0,1,50,18,11,2021,18:00,5,31,31555,2,3,0,3,AV FRIZAC,43.591263,1.452808,18,3,2
202100022107,162Â 108,A01,1,1,1,9,8,0,-1,0,0,-1,2021,21.0,3,1,1,0,1,1,1,,4,LIMITE ADMINISTRATIVE,0,,2,0,0,1,(1),(1),1,, -1,1,6,1,1,27,8,2021,03:30,3,75,75119,2,1,0,6,LIMITE ADMINISTRATIVE,48.896248,2.396707,3,1,1
202100006870,189Â 506,A01,1,1,2,1,8,-1,-1,0,0,-1,2021,22.0,2,2,2,0,8,13,1,,3,209,0,D,2,2,0,1,8,100,3,, -1,1,0,3,80,23,11,2021,20:25,3,17,17434,1,1,0,6,D209,46.118049,-0.726943,20,1,1
202100042653,125Â 391,A01,1,1,1,9,1,-1,-1,0,0,-1,2021,37.0,2,2,2,0,7,0,1,,3,62,-1,,2,2,0,1,5,550,3,, -1,1,0,3,80,24,4,2021,19:30,3,1,1390,1,1,0,7,,45.82539,5.247023,19,1,1
202100010392,183Â 138,A01,1,1,1,9,1,-1,-1,0,0,-1,2021,26.0,1,2,0,0,0,1,1,,3,32,0,D,2,2,0,1,5,800,3,, -1,2,0,3,90,29,10,2021,19:00,3,41,41223,1,1,1,7,D32,47.613989,1.221757,19,1,1
202100007879,187Â 658,B01,1,1,2,0,8,8,-1,-1, -1,-1,2021,40.0,2,2,0,2,8,1,1,,3,CLICHY (QUAI DE) DE (8 A 60),0,,2,4,0,1,0,0,1,, -1,2,5,1,50,15,11,2021,12:20,2,92,92024,2,2,0,6,CLICHY (QUAI DE) DE (8 A 60),48.90348905,2.2896006703,12,2,2
202100020467,165Â 050,A01,1,1,1,4,1,0,-1,-1, -1,-1,2021,23.0,1,2,0,2,1,1,1,,7,FAUBOURG DES POSTES RUE,0,,2,2,0,1,(1),(1),1,, -1,2,0,1,50,16,5,2021,21:15,2,59,59350,2,3,0,3,FAUBOURG DES POSTES RUE,50.61246,3.04668,21,3,2
202100016020,173Â 029,A01,1,1,1,5,1,-1,-1,0,0,-1,2021,21.0,2,5,0,2,3,1,1,,1,6,0,A,3,3,0,1,304,800,1,, -1,1,8,1,90,30,9,2021,11:20,1,21,21054,1,1,0,2,Autoroute A6,47.0158267865,4.8680537568,11,3,2
202100025012,156Â 941,B01,1,1,1,5,2,8,-1,-1, -1,-1,2021,20.0,0,1,0,2,8,1,1,,4,PAUL CLAUDEL (BOULEVARD),0,,2,2,0,1,0,0,1,, -1,1,0,1,50,2,8,2021,18:30,1,13,13210,2,9,0,3,PAUL CLAUDEL (BOULEVARD),43.2694,5.4216,18,2,2
202100052143,108Â 506,B01,1,1,2,1,8,8,-1,0,0,-1,2021,53.0,2,1,0,2,3,1,5,,4,RUE DU CHEMIN VERT,0,,1,1,0,1,(1),(1),1,, -1,1,0,1,30,8,2,2021,20:05,5,75,75111,2,2,0,3,RUE DU CHEMIN VERT,48.861106,2.381158,20,2,2
202100025585,155Â 945,B01,1,1,1,9,2,8,-1,-1, -1,-1,2021,34.0,1,1,0,2,1,3,1,,2,PETIT HAVRE (SECTEUR),0,,2,2,0,1,(1),(1),1,, -1,1,0,1,70,3,8,2021,13:33,1,971,97113,1,1,0,3,PETIT HAVRE (SECTEUR),16.2134452047,-61.4279776812,13,3,2
202100022726,160Â 977,A01,1,1,1,1,2,6,-1,-1, -1,-1,2021,25.0,1,1,0,2,3,1,1,,4,,0,,-1,3,0,1,(1),(1),1,, -1,1,4,6,50,24,8,2021,22:55,5,25,25056,2,3,0,6,DROZ   AVENUE EDOUARD,47.24246,6.02942,22,2,2
202100022489,161Â 431,A01,1,1,1,5,2,6,-1,0,0,-1,2021,19.0,3,1,8,0,7,1,1,,4,19,-1,,2,2,0,1,(1),(1),3,, -1,1,0,1,80,14,8,2021,17:15,1,22,22188,1,1,0,7,Le Chene Guenette,48.519591,-2.875868,17,1,1
202100015361,174Â 254,A01,1,1,2,1,2,6,-1,0,0,-1,2021,33.0,1,1,0,2,8,2,1,,4,QUAI DES CELESTINS,0,,1,2,0,1,(1),(1),2,, -1,2,0,1,30,2,10,2021,17:55,1,75,75104,2,2,1,2,QUAI DES CELESTINS,48.851064,2.362256,17,2,2
202100051337,109Â 909,A01,1,1,1,5,1,-1,-1,0,0,-1,2021,93.0,2,2,0,0,2,1,1,,2,165,-1,,3,4,0,2,83,600,2,, -1,1,0,3,110,17,2,2021,16:00,1,29,29302,1,1,0,7,RN 165 - PR 83+600,48.255127,-4.114981,16,1,1
202100031074,146Â 198,B01,1,1,2,2,2,6,-1,-1, -1,-1,2021,15.0,3,1,0,2,2,1,1,,4,PORT (RUE DU),0,,-1,2,0,1,(1),(1),1,, -1,2,0,1,50,28,6,2021,15:45,1,50,50218,2,1,1,2,PORT (RUE DU),48.83599,-1.60387,15,2,2
202100047081,117Â 613,B01,1,1,1,3,0,-1,-1,0,0,-1,2021,70.0,0,1,0,2,4,2,5,,4,,-1,,2,2,0,1,(1),(1),1,, -1,1,0,1,50,22,3,2021,16:55,1,62,62261,2,1,1,2,rue des iris,50.481611,1.614689,16,2,2
202100049779,112Â 762,B01,1,1,2,5,1,0,-1,-1, -1,-1,2021,86.0,2,2,0,2,2,2,1,,4,PARC (AVENUE DU),0,,2,2,0,1,0,0,1,, -1,1,0,1,50,28,2,2021,12:15,1,93,93073,2,2,0,5,PARC (AVENUE DU),48.95489,2.567,12,3,3
202100034555,139Â 956,A01,1,1,1,0,8,0,-1,-1, -1,-1,2021,29.0,1,1,0,2,1,1,1,,4,TIVOLI (ROUTE DE ),0,,2,2,0,2,0,0,4,, -1,1,0,1,50,13,6,2021,17:45,1,972,97209,2,1,0,3,TIVOLI (ROUTE DE ),14.63881,-61.07145,17,2,2
202100000773,200Â 331,A01,1,1,1,9,2,0,-1,-1, -1,-1,2021,15.0,1,1,12,0,7,26,1,,3,HUGO (AVENUE VICTOR),0,,2,2,0,1,(1),(1),1,, -1,1,0,4,50,30,12,2021,04:15,3,16,16102,2,1,0,7,HUGO (AVENUE VICTOR),45.69062,-0.32122,4,1,1
202100022096,162Â 127,A01,1,1,1,0,8,0,-1,-1, -1,-1,2021,47.0,1,1,0,0,1,5,1,,7,MAGNAN (TRAVERSE),0,,1,1,0,1,0,0,1,, -1,1,0,1,50,28,8,2021,01:40,5,13,13209,2,3,0,3,COL DE LA GINESTE D559,43.24734,5.40702,1,4,2
202100015325,174Â 311,B01,1,1,2,4,1,5,-1,-1, -1,-1,2021,40.0,1,2,0,2,1,1,1,,4,FLANDRES (RESIDENCE DES),0,,2,2,1,1,(1),(1),2,, -1,2,0,1,50,3,10,2021,06:40,5,59,59508,2,1,1,1,FLANDRES (RESIDENCE DES),50.7469108094,3.1280994415,6,2,2
202100034717,139Â 665,D01,2,2,1,0,1,0,-1,-1, -1,-1,2021,11.0,1,2,0,2,4,2,1,,2,RN 104,0,,1,2,0,1,43,299,1,, -1,1,0,1,110,13,6,2021,17:15,1,91,91235,1,1,0,4,RN 104,48.62478,2.37063,17,11,4
202100038072,133Â 606,A01,1,1,1,5,2,6,9,0,0,-1,2021,63.0,1,1,0,2,1,2,1,,3,D920,-1,,2,2,0,1,12,650,1,, -1,1,0,1,70,27,5,2021,11:20,1,12,12096,1,1,0,2,"Zone Artisanale de la ""Bouysse"" (Zone commerciale)",44.530641,2.746489,11,3,2
202100056154,101Â 510,B01,1,1,1,5,2,6,-1,-1, -1,-1,2021,30.0,1,1,0,2,1,2,1,,4,VERDUN(AVENUE DE),0,,2,2,0,1,(1),(1),1,, -1,2,5,1,50,4,1,2021,12:45,1,56,56260,2,3,0,3,VERDUN (AVENUE DE),47.66071,-2.74364,12,2,2
202100034073,140Â 857,B01,1,1,1,5,1,0,-1,-1, -1,-1,2021,31.0,1,2,0,0,8,19,1,,4,AVENIR (BD DE L'),0,,2,0,0,1,1,0,1,, -1,1,5,1,50,16,6,2021,02:45,5,18,18033,2,2,0,3,AVENIR (BD DE L'),47.07569,2.38479,2,2,2
202100035427,138Â 391,A01,1,1,1,1,2,0,-1,-1, -1,-1,2021,42.0,2,1,0,2,8,3,1,,1,AUTOROUTE A6,0,,1,3,0,1,17,250,1,, -1,1,0,1,110,10,6,2021,09:40,1,91,91589,1,1,0,3,AUTOROUTE A6,48.6778,2.33763,9,2,2
202100046512,118Â 646,A01,1,1,2,9,2,0,-1,0,0,-1,2021,19.0,2,1,0,2,7,26,5,,7,LAVOISIERS (BD),0,,1,2,0,1,(1),(1),1,, -1,1,0,1,50,25,3,2021,16:31,1,63,63113,2,2,0,3,LAVOISIERS /FontgiÃ¨ve,45.78231,3.07288,16,2,2