Num_Acc,id_vehicule,num_veh,place,catu,sexe,trajet,secu1,secu2,secu3,locp,actp,etatp,year_acc,victim_age,senc,catv,obs,obsm,choc,manv,motor,occutc,catr,voie,v1,v2,circ,nbv,vosp,prof,pr,pr1,plan,lartpc,larrout,surf,infra,situ,vma,jour,mois,an,hrmn,lum,dep,com,agg_,int,atm,col,adr,lat,long,hour,nb_victim,nb_vehicules
202100014045,176Â 594,A01,1,1,1,5,2,6,-1,0,0,-1,2021,20.0,1,1,2,0,1,1,1,,3,1015,-1,,2,2,0,1,4,480,2,, -1,1,0,3,50,11,10,2021,18:55,1,76,76255,2,1,0,6,Route de Mers,50.0601188372,1.4117049074,18,1,1
202100019557,166Â 673,A01,1,1,1,5,0,-1,-1,0,0,-1,2021,64.0,1,1,0,0,0,0,5,,3,66,0,,2,2,0,2,13,452,1,, -1,1,0,1,-1,12,9,2021,17:30,1,44,44145,2,1,0,7,La Caverniere,47.178107,-1.866451,17,1,1
202100035786,137Â 737,A01,1,1,1,5,2,6,-1,-1, -1,-1,2021,69.0,1,1,0,0,0,21,1,,3,ANDRE MORIZET (AVENUE) 1/47 - 2/52,0,,2,2,2,1,0,0,1,, -1,1,0,1,50,7,6,2021,11:00,1,92,92012,2,1,0,7,ANDRE MORIZET (AVENUE) 1/47 - 2/52,48.8349567772,2.2413933277,11,1,1
202100050100,112Â 186,A01,1,1,1,5,2,6,-1,0,0,-1,2021,15.0,1,1,0,2,4,15,1,,3,204,-1,,2,2,0,1,5,600,1,, -1,1,0,1,50,26,2,2021,15:30,1,12,12288,2,3,0,2,Route de Marcillac - D204 - Nuces,44.447423,2.442049,15,2,2
202100052161,108Â 475,A01,1,1,2,0,1,-1,-1,0,0,-1,2021,24.0,1,2,0,2,1,13,1,,3,7,0,N,2,2,2,1,71,0,1,, -1,1,0,1,80,9,2,2021,14:45,1,83,83004,1,1,0,1,RN7 les plainons,43.442824,6.462021,14,2,2
202100017665,170Â 048,A01,1,1,1,4,8,0,-1,-1, -1,-1,2021,37.0,2,5,0,2,3,1,1,,4,ABEILLES (RUE DES),0,,1,1,0,2,0,0,1,, -1,1,0,1,50,20,9,2021,10:30,1,13,13201,2,2,0,3,ABEILLES (RUE DES),43.3013,5.3857,10,2,2
202100040787,128Â 708,A01,1,1,2,5,1,-1,-1,0,0,-1,2021,30.0,1,2,0,2,6,11,1,,2,109,0,N,3,4,0,4,5,250,3,, -1,1,0,1,90,7,5,2021,10:50,1,34,34123,1,1,0,3,N109,43.605365,3.813264,10,4,2
202100049360,113Â 533,A01,10,3,1,5,0,-1,-1,3,2,1,2021,14.0,1,2,0,1,2,16,1,,3,BD CHARLES DE GAULLE,0,,1,1,1,1,0,100,1,, -1,1,0,6,30,3,3,2021,13:35,1,91,91114,2,1,0,6,BD CHARLES DE GAULLE,48.69447,2.5048,13,2,1
202100036558,136Â 371,A01,1,1,2,5,1,-1,-1,0,0,-1,2021,48.0,3,2,0,2,1,13,1,,4,,-1,,2,2,0,1,(1),(1),4,,5,1,0,1,50,5,6,2021,16:00,1,80,80685,2,1,0,1,Rue des Cordeliers,49.698571,2.784879,16,4,2
202100041319,127Â 752,B01,1,1,1,1,8,0,-1,0,0,-1,2021,52.0,1,1,0,2,4,2,5,,4,BOULEVARD DE L HOPITAL,0,,2,1,0,2,(1),(1),1,, -1,1,0,1,50,5,5,2021,07:40,1,75,75113,2,4,0,2,BOULEVARD DE L HOPITAL,48.839979,2.361764,7,2,2
202100024205,158Â 408,A01,8,2,2,5,0,-1,-1,0,0,-1,2021,22.0,2,2,2,0,1,1,1,,3,61,-1,,2,2,0,1,7,1090,1,, -1,1,0,3,80,15,8,2021,02:05,3,34,34151,1,1,0,7,RD 61,43.621853,4.120787,2,6,1
202100028894,150Â 076,B01,1,1,1,5,2,6,-1,0,0,-1,2021,24.0,1,1,0,0,1,17,1,,3,712,0,,2,3,0,1,(1),(1),1,, -1,1,5,1,70,14,7,2021,14:50,1,22,22341,1,2,0,2,D712,48.399039,-2.40496,14,3,2
202100007010,189Â 227,B01,1,1,1,0,2,6,-1,-1, -1,-1,2021,42.0,1,1,0,2,0,1,1,,3,NANTES (AVENUE),0,,2,3,0,1,7,367,1,,"10,4",1,5,1,50,19,11,2021,18:40,5,79,79191,2,2,0,3,Avenue de Nantes,46.34091,-0.4892,18,3,2
202100050071,112Â 240,B01,1,1,2,4,1,0,-1,-1, -1,-1,2021,49.0,3,2,0,2,9,1,1,,4,JEAN JAURES (R),0,,2,2,0,1,0,0,1,, -1,1,0,1,50,25,2,2021,12:47,1,94,94079,2,3,0,4,JEAN JAURES (R),48.8272424671,2.529560271,12,4,4
202100009180,185Â 301,B01,1,1,1,4,1,0,-1,-1, -1,-1,2021,34.0,2,2,0,2,4,2,1,,1,A7-Sens Marseille vers Lyon,0,,-1,3,0,1,265,0,1,, -1,1,0,1,110,5,11,2021,16:00,1,13,13071,1,1,0,4,A7-Sens Marseille vers Lyon,43.41044,5.28419,16,3,3
202100008574,186Â 412,B01,1,1,2,1,1,8,-1,-1, -1,-1,2021,23.0,2,2,0,2,6,11,1,,1,A507 sens Aubagne- Marseille,0,,3,3,0,2,2,880,1,, -1,1,1,1,70,10,11,2021,15:00,1,13,13055,1,1,0,3,A507 sens Aubagne- Marseille,43.330055,5.402984,15,2,2
202100010609,182Â 768,A01,1,1,2,0,1,-1,-1,0,0,-1,2021,57.0,2,2,13,0,0,1,1,,3,D15,0,,2,2,0,2,16,800,3,, -1,1,0,8,80,27,10,2021,17:08,1,32,32290,1,1,0,6,D15,43.954054,0.178871,17,2,1
202100018712,168Â 192,B01,1,1,2,5,1,0,-1,0,0,-1,2021,25.0,2,2,1,2,3,11,1,,1,A4,0,,1,5,0,1,5,0,1,, -1,1,0,1,90,15,9,2021,23:03,5,75,75112,1,1,0,3,A4,48.818253,2.456283,23,2,2
202100041331,127Â 727,A01,2,1,1,1,2,0,-1,-1, -1,-1,2021,33.0,2,1,0,1,1,1,5,,3,ANATOLE FRANCE (AVENUE),0,,2,2,0,2,0,0,1,, -1,1,0,1,50,5,5,2021,09:00,1,93,93055,2,1,0,6,ANATOLE FRANCE (AVENUE),48.892336,2.42357,9,2,1
202100053282,106Â 491,B01,1,1,2,1,1,-1,-1,0,0,-1,2021,27.0,2,2,0,2,1,1,1,,3,17,0,,2,2,0,1,18,500,1,, -1,2,0,1,80,15,1,2021,16:50,1,65,65125,1,1,0,1,"route de lannemezan, D17",43.130227,0.368643,16,2,2
202100052029,108Â 710,A01,10,3,1,0,0,-1,-1,3,3,1,2021,73.0,3,2,0,1,3,1,1,,4,FAURE (COURS GABRIEL),0,,1,2,0,1,0,0,1,, -1,1,6,4,30,9,2,2021,10:59,1,9,9122,2,9,0,6,FAURE (COURS GABRIEL),42.96419,1.60677,10,2,1
202100039079,131Â 783,B01,1,1,2,0,1,-1,-1,0,0,-1,2021,24.0,0,2,0,2,4,1,1,,4,GENERAL DE GAULLE (AVENUE DE ),0,,2,4,0,2,(1),(1),1,, -1,1,0,1,50,18,5,2021,16:50,1,80,80021,2,1,0,4,GENERAL DE GAULLE (AVENUE DE ),49.90401,2.30072,16,3,3
202100019472,166Â 830,B01,1,1,1,0,2,0,-1,-1, -1,-1,2021,27.0,2,1,0,2,1,1,1,,3,CHATELET (RUE DU),0,,2,2,0,3,56,100,1,, -1,1,5,1,50,11,9,2021,23:25,5,74,74133,2,2,0,3,CHATELET (RUE DU),46.18859,6.21564,23,3,2
202100002701,196Â 942,A01,1,1,1,1,1,-1,-1,0,0,-1,2021,74.0,1,2,0,2,1,2,1,,3,2152,0,D,2,2,0,1,10,180,1,, -1,1,0,1,90,17,12,2021,16:25,1,41,41252,2,9,0,2,RN 2152,47.685391,1.487172,16,2,2
202100026351,154Â 594,B01,1,1,2,1,2,6,-1,-1, -1,-1,2021,56.0,3,1,0,2,8,1,1,,3,CONVENTION (RUE DE LA),0,,3,4,0,2,0,1,1,, -1,1,0,1,50,30,7,2021,07:50,1,93,93027,2,2,0,3,Rue de la Convention / Rue Raspail,48.925931,2.396735,7,2,2
202100055732,102Â 245,A01,1,1,2,5,1,-1,-1,0,0,-1,2021,20.0,0,2,8,0,7,1,1,,4,,-1,,2,2,0,1,(1),(1),1,, -1,8,0,3,80,9,1,2021,19:50,3,59,59578,1,1,0,6,Rue du Bois,50.668219,2.494245,19,2,1
202100051081,110Â 370,B01,1,1,2,5,1,0,-1,0,0,-1,2021,74.0,1,2,0,2,4,23,1,,4,BOULEVARD MURAT,0,,3,2,0,1,(1),(1),1,, -1,1,0,1,50,17,2,2021,13:30,1,75,75116,2,4,0,2,BOULEVARD MURAT,48.8444028575,2.2570949793,13,2,2
202100046816,118Â 095,A01,1,1,1,0,8,-1,-1,0,0,-1,2021,46.0,0,2,2,0,1,0,1,,4,,-1,,2,2,0,1,(1),(1),1,, -1,2,0,3,80,25,3,2021,05:15,3,60,60257,2,1,1,6,Rue du 11 Novembre 1918,49.252022,1.988107,5,1,1
202100018607,168Â 376,B01,1,1,2,5,2,0,-1,0,0,-1,2021,37.0,1,1,0,2,1,1,5,,4,PLACE DENFERT ROCHEREAU,0,,1,4,0,1,(1),(1),1,, -1,2,0,1,30,15,9,2021,20:40,5,75,75114,2,7,0,3,PLACE DENFERT ROCHEREAU,48.833697,2.331936,20,2,2
202100023755,159Â 155,A01,2,2,1,0,8,0,-1,-1, -1,-1,2021,12.0,3,1,0,2,7,19,3,,3,GABRIEL PERI,0,,2,-1,0,1,0,0,1,, -1,1,5,8,50,17,8,2021,19:35,1,92,92046,2,2,0,3,PIERRE LAROUSSE (AVENUE),48.8195405662,2.3061311245,19,3,2
202100035352,138Â 517,A01,10,3,2,-1,0,0,0,4,3,1,2021,82.0,1,2,0,2,1,1,1,,4,PARIS (RUE DE) 1/97 - 2/114,0,,2,2,0,1,0,0,1,, -1,1,0,1,50,8,6,2021,10:25,1,92,92012,2,2,0,6,PARIS (RUE DE) 1/97 - 2/114,48.841364,2.231301,10,2,1
202100005603,191Â 791,A01,1,1,1,9,8,-1,-1,0,0,-1,2021,28.0,2,2,3,0,1,11,1,,1,8,0,,3,3,0,1,61,700,1,, -1,1,0,5,130,29,11,2021,21:26,3,83,83140,1,1,0,5,A8,43.433406,5.935004,21,4,4
202100009444,184Â 818,A01,10,3,2,0,0,-1,-1,2,3,1,2021,21.0,3,2,0,1,2,0,1,,4,MONNET   AVENUE JEAN,0,,2,4,2,1,(1),(1),1,, -1,1,6,1,50,4,11,2021,15:34,1,17,17300,2,1,0,6,MONNET   AVENUE JEAN,46.14432,-1.15304,15,2,1
202100010638,182Â 723,A01,1,1,1,1,1,-1,-1,0,0,-1,2021,20.0,0,2,0,0,9,1,1,,7,610,-1,M,2,2,0,1,4,600,3,, -1,2,0,3,80,29,10,2021,07:15,3,34,34058,1,9,1,7,M610,43.6832703767,4.0043738057,7,1,1
202100031014,146Â 297,A01,1,1,1,5,2,8,-1,-1, -1,-1,2021,19.0,0,1,0,2,2,1,1,,4,REPUBLIQUE (RUE DE LA),0,,2,2,1,1,(1),(1),1,, -1,2,0,1,50,30,6,2021,14:45,1,68,68256,2,1,1,1,REPUBLIQUE (RUE DE LA),47.76749,7.31092,14,2,2
202100048024,115Â 900,B01,1,1,1,5,8,0,-1,-1, -1,-1,2021,19.0,1,1,0,2,8,1,5,,4,SAINT-CLAUDE   RUE,0,,1,1,1,1,(1),(1),1,, -1,1,0,1,50,14,3,2021,12:16,1,17,17300,2,3,0,3,SAINT-CLAUDE   RUE,46.15845,-1.14653,12,2,2
202100008604,186Â 358,A01,1,1,1,9,2,8,-1,0,0,-1,2021,66.0,1,1,9,0,2,1,1,,4,RUE DE BUDAPEST,0,,1,1,0,1,(1),(1),1,, -1,1,0,1,30,10,11,2021,14:10,1,75,75109,2,7,0,6,RUE DE BUDAPEST,48.877092,2.327296,14,1,1
202100056160,101Â 502,A01,1,1,2,5,1,-1,-1,-1, -1,-1,2021,24.0,0,2,0,2,2,15,1,,4,BRIE (RUE DE),0,,1,2,0,1,(1),(1),1,, -1,2,0,1,50,3,1,2021,12:35,1,50,50129,2,3,1,3,BRIE (RUE DE),49.62754,-1.63102,12,2,2
202100052354,108Â 136,A01,1,1,1,5,0,-1,-1,0,0,-1,2021,67.0,1,2,7,0,1,1,1,,3,37,-1,,2,2,0,1,35,100,2,, -1,1,0,8,80,5,2,2021,20:00,3,83,83029,1,1,0,6,637 Route de Montauroux,43.627044,6.757472,20,1,1
202100026753,153Â 902,A01,1,1,1,5,0,-1,-1,0,0,-1,2021,67.0,2,1,0,2,2,0,5,,4,,-1,,2,2,1,1,(1),(1),1,,4,1,5,5,30,28,7,2021,17:10,1,38,38474,2,2,0,3,Rue du Vinay,45.204957,5.667561,17,2,2
202100015020,174Â 858,B01,1,1,1,0,8,0,-1,0,0,-1,2021,25.0,3,1,0,2,3,2,3,,4,DE GAULLE (BD CHARLES),0,,1,2,0,1,(1),(1),1,, -1,1,0,1,50,1,10,2021,11:42,1,63,63113,2,3,0,3,DE GAULLE (BD CHARLES),45.77219,3.08309,11,2,2
202100011899,180Â 457,B01,1,1,1,5,1,-1,-1,0,0,-1,2021,61.0,2,2,0,2,3,0,1,,3,927,-1,D,2,2,0,2,11,761,1,, -1,1,0,1,80,22,10,2021,10:45,1,76,76675,1,1,0,1,Route de Dieppe,49.5746764911,1.0496097431,10,3,2
202100011138,181Â 824,B01,1,1,2,0,1,-1,-1,0,0,-1,2021,22.0,1,2,0,0,1,1,1,,3,1113,0,D,2,2,0,1,31,784,3,, -1,2,0,1,70,25,10,2021,10:10,1,33,33337,1,1,0,1,,44.575658,-0.290322,10,2,2
202100010753,182Â 509,A01,10,3,2,1,0,-1,-1,2,3,1,2021,17.0,2,2,0,1,2,1,1,,3,JEAN JAURES BOULEVARD,0,,2,2,1,1,2,0,1,, -1,1,0,1,50,27,10,2021,20:10,5,93,93046,2,1,0,6,JEAN JAURES BOULEVARD,48.92023,2.52657,20,2,1
202100049656,112Â 981,A01,1,1,1,1,2,6,-1,0,0,-1,2021,44.0,1,1,1,0,1,14,1,,4,PARIS (RUE DE ),0,,2,1,0,1,1,0,1,, -1,1,0,3,50,1,3,2021,16:59,1,6,6029,2,1,0,7,PARIS (RUE DE ),43.56387,7.01296,16,1,1
202100041696,127Â 078,A01,1,1,1,0,2,8,-1,0, -1,-1,2021,18.0,1,1,0,2,1,1,1,,3,VICTOR-HUGO (BD),0,,2,1,0,1,0,1,1,, -1,1,0,1,50,2,5,2021,17:45,1,93,93070,2,9,0,3,Boulevard Victor Hugo,48.90893,2.32886,17,2,2
202100030274,147Â 649,A01,1,1,2,1,1,-1,-1,0,0,-1,2021,35.0,1,2,0,0,3,1,1,,3,21.3,-1,,2,2,0,1,7,680,1,, -1,2,0,1,50,7,7,2021,07:45,1,68,68021,1,1,0,6,D21.3,47.638415,7.519583,7,2,2
202100050177,112Â 027,A01,1,1,1,5,1,8,-1,-1, -1,-1,2021,24.0,1,2,13,0,3,13,1,,4,MALACHAPPE (LIEU-DIT),0,,2,2,0,1,(1),(1),2,, -1,1,0,3,50,25,2,2021,00:30,4,56,56098,1,1,0,6,MALACHAPPE (LIEU-DIT),47.77379,-3.3101,0,1,1
202100053198,106Â 644,B01,1,1,2,0,1,8,-1,-1, -1,-1,2021,34.0,1,2,0,2,4,1,1,,4,BELGIQUE (RUE  DE ),0,,2,2,0,1,(1),(1),1,, -1,2,0,1,30,29,1,2021,08:50,1,56,56121,2,3,0,2,BELGIQUE (RUE  DE ),47.75909,-3.37919,8,2,2
202100030952,146Â 430,A01,1,1,1,5,1,0,-1,-1, -1,-1,2021,36.0,1,2,4,0,9,2,1,,1,A7-Sens Lyon vers Marseille,0,,1,3,0,1,277,0,1,, -1,1,0,1,90,3,7,2021,06:00,3,13,13215,1,1,0,6,A7-Sens Lyon vers Marseille,43.350217,5.368929,6,1,1
202100049207,113Â 799,A01,1,1,2,4,1,-1,-1,-1,0,-1,2021,59.0,1,5,0,2,1,1,1,,1,AUTOROUTE A15,0,,3,9,0,1,22,600,1,, -1,1,0,1,110,5,3,2021,15:20,1,95,95572,1,1,0,5, A15,49.0351878619,2.099002833,15,3,3
202100001129,199Â 753,B01,1,1,2,5,1,0,-1,-1, -1,-1,2021,24.0,2,2,0,2,4,1,1,,1,A507 sens Aubagne- Marseille,0,,1,3,0,1,6,300,1,, -1,2,1,1,70,27,12,2021,18:41,5,13,13055,1,1,0,2,A507 sens Aubagne- Marseille,43.2922460413,5.4243047731,18,3,2
202100011504,181Â 160,A01,1,1,1,5,1,9,-1,0,0,-1,2021,43.0,2,2,0,0,9,14,1,,3,1043,0,,2,2,0,1,8,423,2,, -1,1,0,8,80,23,10,2021,22:30,3,2,2470,1,1,0,7,route departementale 1043,49.875759,4.145097,22,1,1
202100016243,172Â 598,B01,1,1,1,9,2,0,-1,0,0,-1,2021,32.0,1,1,0,2,2,1,5,,4,AVENUE DU GENERAL LECLERC,0,,2,2,3,1,(1),(1),1,, -1,1,0,6,50,29,9,2021,22:15,5,75,75114,2,1,0,3,AVENUE DU GENERAL LECLERC,48.8304372775,2.3291287231,22,2,2
202100016693,171Â 789,A01,1,1,1,9,2,6,-1,0,0,-1,2021,61.0,2,1,0,2,1,1,1,,3,813,-1,,3,1,0,1,34,288,1,, -1,1,0,1,50,23,9,2021,12:20,1,31,31035,2,1,0,1,D813,43.530683,1.4875,12,2,2
202100013077,178Â 367,A01,2,2,1,5,8,0,-1,-1, -1,-1,2021,19.0,1,1,0,2,6,26,1,,4,RABELAIS,0,,2,2,0,1,1,0,1,, -1,1,0,1,50,15,10,2021,12:23,1,49,49007,2,1,0,3,RABELAIS,47.4611,-0.54656,12,3,2
202100031268,145Â 851,A01,1,1,1,0,1,-1,-1,0,0,-1,2021,77.0,1,2,0,2,1,1,1,,2,113,0,,2,2,0,1,1,329,1,, -1,1,0,1,70,4,7,2021,14:25,1,34,34145,2,1,0,1,Avenue du Vidourle,43.684625,4.152034,14,2,2
202100040965,128Â 392,B01,1,1,1,5,1,0,-1,-1,0,-1,2021,28.0,3,2,0,2,2,1,2,,4,CHAPIT RE ( RUE DU),0,,1,1,0,1,(1),(1),1,, -1,2,0,1,90,6,5,2021,20:00,1,95,95527,1,1,1,2,ROUTE DE LA COMMUNE,49.0064726827,2.54375875,20,2,2
202100022626,161Â 172,B01,3,2,2,0,1,0,-1,-1, -1,-1,2021,34.0,0,2,0,2,7,0,2,,4,RUE DE LA VERRERIE,0,,2,2,0,2,(1),0,1,, -1,1,0,1,30,21,8,2021,18:20,1,44,44109,2,3,0,3,RUE DE LA VERRERIE,47.2097,-1.56668,18,4,2
202100040846,128Â 625,A01,1,1,1,5,2,6,-1,0,0,-1,2021,34.0,2,1,0,2,0,13,1,,3,512,0,D,2,2,0,2,10,846,3,, -1,1,0,1,80,9,5,2021,14:45,1,38,38442,2,1,0,5,La Coche,45.351631,5.819081,14,3,3
202100004119,194Â 379,A01,10,3,2,3,0,-1,-1,4,3,1,2021,68.0,2,5,0,1,3,15,1,,4,RUE PROUDHON,0,,-1,2,0,1,(1),(1),1,, -1,1,0,1,30,7,12,2021,13:30,1,75,75112,2,2,0,6,RUE PROUDHON,48.837055,2.390029,13,2,1
202100030723,146Â 842,A01,1,1,2,5,1,0,-1,-1, -1,-1,2021,51.0,2,2,0,2,1,1,2,,2,,0,,1,3,0,1,(1),(1),1,, -1,1,0,1,50,28,6,2021,10:30,1,974,97411,2,2,0,3,JAURES (BOULEVARD JEAN),-20.8884,55.44643,10,2,2
202100038633,132Â 583,B01,1,1,2,9,1,5,-1,-1, -1,-1,2021,50.0,1,2,0,2,6,0,1,,1,20 LESPINET  (PERIPH OUEST A620),0,,3,2,0,2,15,78,2,, -1,1,8,1,70,23,5,2021,01:00,3,31,31555,2,1,0,2,20 LESPINET  (PERIPH OUEST A620),43.573,1.465,1,3,2
202100048320,115Â 384,A01,10,3,1,0,0,-1,-1,9,1,1,2021,85.0,2,2,0,1,2,1,1,,2,2,-1,,2,2,0,-1,18,600,1,, -1,1,0,1,70,12,3,2021,19:20,3,972,97234,1,1,0,6,Fond Capot - RN2 - PK 18+800,14.678003,-61.165239,19,2,1
202100052366,108Â 109,A01,2,2,1,5,1,0,-1,-1, -1,-1,2021,26.0,2,2,0,2,1,2,1,,1,AUTOROUTE A6,0,,1,3,0,2,18,899,1,, -1,4,0,1,110,6,2,2021,18:20,3,91,91434,1,1,1,2,AUTOROUTE A6,48.6684,2.3542,18,3,2
202100020574,164Â 858,A01,1,1,1,0,2,6,-1,-1, -1,-1,2021,52.0,0,1,0,2,1,1,0,,2,,-1,,2,2,-1,1,1,(1),1,, -1,1,5,1,50,6,9,2021,06:30,2,94,94078,2,2,0,1,Place Hector Berlioz,48.74636,2.44656,6,2,2
202100008838,185Â 944,A01,2,2,2,5,2,0,-1,-1, -1,-1,2021,19.0,1,1,3,0,1,6,1,,4,BOULEVARD PERIPHERIQUE EXTERIEUR NORD  ,0,,1,5,0,1,(1),(1),1,, -1,1,3,1,70,8,11,2021,11:45,1,75,75120,2,4,0,6,BOULEVARD PERIPHERIQUE EXTERIEUR NORD  ,48.862621,2.413334,11,2,1
202100028849,150Â 150,B01,1,1,2,5,1,0,-1,0,0,-1,2021,38.0,2,2,0,2,4,2,1,,4,BOULEVARD PERIPHERIQUE,0,,1,4,0,1,26,200,1,, -1,1,0,1,70,15,7,2021,15:20,1,75,75119,2,1,0,2,BOULEVARD PERIPHERIQUE,48.89361,2.395287,15,2,2
202100027801,152Â 018,A01,1,1,1,3,1,-1,-1,0,0,-1,2021,61.0,2,2,0,0,4,2,1,,4,213,0,,2,2,0,1,0,0,1,, -1,1,0,1,50,18,7,2021,22:35,5,83,83049,1,1,0,2,Avenue des Bousquets,43.232799,6.082483,22,2,2
202100025848,155Â 483,A01,1,1,1,0,1,0,-1,-1, -1,-1,2021,38.0,1,4,0,0,0,26,1,,1,86,0,,-1,2,0,1,7,800,1,, -1,1,0,1,90,3,8,2021,18:00,1,92,92036,1,1,0,6,A86,48.9351292754,2.2839515454,18,1,1
202100007524,188Â 300,A01,2,2,1,5,1,-1,-1,0,0,-1,2021,19.0,2,2,13,0,1,1,1,,3,84,0,D,2,2,0,1,38,340,2,, -1,1,0,3,80,18,11,2021,22:05,3,81,81117,1,1,0,6,D84,43.791373,1.99713,22,2,1
202100020629,164Â 752,A01,1,1,1,0,2,6,9,0,0,-1,2021,70.0,2,1,0,2,1,13,1,,3,16,-1,,2,2,0,2,11,400,2,, -1,1,0,1,80,7,9,2021,15:45,1,70,70205,1,1,0,1,D.16,47.655787,6.729571,15,3,2
202100034800,139Â 507,B01,1,1,1,5,8,0,-1,-1, -1,-1,2021,29.0,1,1,0,2,1,1,5,,3,ARISTIDE BRIAND (BOULEVARD),0,,2,3,2,1,1,0,1,, -1,1,0,1,50,12,6,2021,11:40,1,93,93048,2,5,0,1,Boulevard Aristide Briand / Rue des Epernons,48.868154,2.446762,11,2,2
202100038521,132Â 785,B01,2,2,1,0,1,0,-1,-1, -1,-1,2021,41.0,3,2,1,2,1,17,0,,4,BD ALPHONSE ALLAIS,0,,-1,2,0,2,(1),(1),4,, -1,1,0,1,50,24,5,2021,19:30,1,13,13214,2,1,0,1,BD ALPHONSE ALLAIS,43.340958,5.383489,19,5,2
202100011528,181Â 110,B01,1,1,1,0,2,0,-1,-1, -1,-1,2021,51.0,3,1,0,2,1,1,0,,4,GERLAND (DE)                        (R ),0,,2,2,0,1,(1),(1),1,, -1,1,0,1,50,22,10,2021,14:00,1,69,69387,2,3,0,3,GERLAND (DE) (R),45.73531,4.83959,14,2,2
202100023973,158Â 787,A01,1,1,1,1,4,-1,-1,0,0,-1,2021,49.0,1,1,0,2,7,1,5,,3,1084,-1,,-1,2,1,1,6,710,3,, -1,1,0,5,50,13,8,2021,07:00,1,1,1043,2,6,0,3,intersection d1084 et d1084A,45.833344,4.993587,7,2,2
202100044597,122Â 004,B01,1,1,1,1,2,6,-1,0,0,-1,2021,47.0,2,1,0,2,0,21,1,,4,RUE AUBER,0,,2,3,0,1,(1),(1),1,, -1,1,0,1,30,9,4,2021,09:40,1,75,75109,2,5,0,3,RUE AUBER,48.873024,2.328316,9,2,2
202100025930,155Â 332,A01,9,2,1,9,1,-1,-1,0,0,-1,2021,3.0,2,2,0,2,2,17,1,,2,22,-1,,2,2,0,1,(1),(1),1,, -1,2,0,1,30,3,7,2021,20:00,5,988,98814,2,1,1,3,Tribu de QANONO,-20.915176,167.263048,20,5,2
202100030474,147Â 299,A01,2,2,1,5,8,-1,-1,0,0,-1,2021,24.0,1,2,1,0,7,12,1,,2,88,0,,3,4,0,2,0,600,3,, -1,1,0,2,-1,17,6,2021,19:38,1,43,43184,1,1,0,6,"ROUTE NATIONALE 88, PK 000+600",45.368745,4.27012,19,2,1
202100015526,173Â 934,A01,1,1,1,5,2,-1,-1,-1, -1,-1,2021,72.0,3,1,0,2,5,9,5,,3,BEAUJOLAIS (avenue du),0,,-1,2,0,1,0,1,3,, -1,1,9,1,50,28,9,2021,12:50,1,69,69092,1,9,0,3,BEAUJOLAIS (DU) (AV),45.997145388,4.7067672014,12,3,2
202100034785,139Â 534,A01,1,1,1,5,2,6,-1,0,0,-1,2021,30.0,1,1,0,2,4,2,1,,4,AVENUE LEDRU ROLLIN,0,,2,2,0,1,(1),(1),1,, -1,1,0,1,50,12,6,2021,06:10,1,75,75112,2,2,0,2,AVENUE LEDRU ROLLIN,48.850885,2.375669,6,2,2
202100010175,183Â 514,A01,1,1,2,3,0,0,-1,-1, -1,-1,2021,79.0,1,1,0,0,8,1,5,,3,BD DU GENERAL GIRAUD,0,,2,2,0,1,1,0,1,, -1,2,0,1,30,30,10,2021,11:00,1,94,94068,2,3,1,7,GENERAL GIRAUD (BD DU),48.79801,2.47457,11,1,1
202100048049,115Â 857,B01,2,2,1,9,1,0,-1,-1, -1,-1,2021,67.0,2,2,7,0,4,2,1,,4,PONT BLANC.CHARLES TILLON (RUE) =>72,0,,2,2,0,1,0,0,1,, -1,1,0,1,50,14,3,2021,09:50,1,93,93001,2,1,0,2,PONT BLANC.CHARLES TILLON (RUE) =>72,48.9156367127,2.3925400993,9,3,2
202100036046,137Â 254,A01,1,1,1,0,2,0,-1,-1, -1,-1,2021,42.0,1,1,0,2,1,2,1,,3,RD 41 (ROCADE),0,,2,5,0,2,4,300,1,, -1,1,0,1,60,5,6,2021,18:30,1,972,97209,1,1,0,2,RD 41 (ROCADE),14.61569,-61.07544,18,2,2
202100009762,184Â 248,B01,1,1,1,5,2,6,-1,-1, -1,-1,2021,16.0,3,1,0,2,1,1,0,,3,MARZY,0,,2,3,0,1,0,0,1,, -1,1,0,1,50,1,11,2021,20:15,5,58,58194,2,3,0,1,MARZY,46.98741,3.13259,20,2,2
202100004084,194Â 444,A01,1,1,1,0,1,-1,-1,0,0,-1,2021,23.0,1,2,4,0,2,16,2,,2,RN814,0,,1,1,0,2,1,0,3,, -1,2,3,1,70,7,12,2021,23:35,3,14,14271,2,1,0,6,N814,49.1364,-0.37867,23,1,1
202100007623,188Â 119,A01,10,3,2,0,0,-1,-1,2,3,1,2021,35.0,1,2,0,1,2,1,1,,4,AVE DE MAGUDAS,0,,3,2,0,1,(1),(1),1,, -1,1,0,1,50,17,11,2021,18:40,5,33,33200,2,1,0,6,Avenue de Magudas,44.85842,-0.66818,18,2,1
202100012731,178Â 962,A01,2,2,2,5,1,-1,-1,0,0,-1,2021,43.0,1,2,0,2,4,1,2,,3,201,-1,D,2,2,0,3,24,320,1,, -1,1,0,1,80,17,10,2021,17:00,2,73,73247,1,1,1,2,D201,45.545478,6.11564,17,4,2