Num_Acc,id_vehicule,num_veh,place,catu,sexe,trajet,secu1,secu2,secu3,locp,actp,etatp,year_acc,victim_age,senc,catv,obs,obsm,choc,manv,motor,occutc,catr,voie,v1,v2,circ,nbv,vosp,prof,pr,pr1,plan,lartpc,larrout,surf,infra,situ,vma,jour,mois,an,hrmn,lum,dep,com,agg_,int,atm,col,adr,lat,long,hour,nb_victim,nb_vehicules
202100036242,136Â 902,A01,1,1,1,5,1,8,-1,0,0,-1,2021,26.0,1,2,1,0,0,0,1,,3,MUSSET  RD 207 (AVENUE ALFRED DE),0,,2,2,0,1,0,750,1,, -1,2,0,3,50,5,6,2021,04:35,5,42,42127,2,1,1,6,Rue Alfred de Musset,46.05996,4.05996,4,1,1
202100030232,147Â 724,B01,2,2,1,5,2,0,-1,0,0,-1,2021,10.0,1,1,0,2,8,25,3,,4,AVENUE DE SAINT MANDE,0,,2,2,0,1,(1),(1),1,, -1,1,0,4,50,7,7,2021,09:30,1,75,75112,2,1,0,5,AVENUE DE SAINT MANDE,48.845124,2.400372,9,4,3
202100041221,127Â 920,A01,1,1,2,1,1,0,-1,-1, -1,-1,2021,39.0,1,2,0,2,4,1,1,,1,A50-Sens Marseille vers Aubagne,0,,3,3,0,1,4,0,1,, -1,1,0,1,90,6,5,2021,17:50,1,13,13211,1,1,0,4,A50-Sens Marseille vers Aubagne,43.287996,5.441713,17,3,3
202100043739,123Â 504,B01,1,1,1,0,2,0,-1,-1, -1,-1,2021,20.0,1,1,0,2,8,0,1,,3,ROUTE DEPARTEMENTALE 15,0,,2,2,0,1,2,99,1,, -1,1,0,1,70,14,4,2021,22:05,5,972,97213,1,1,0,3,ROUTE DEPARTEMENTALE 15,14.62706,-61.00837,22,2,2
202100048869,114Â 405,A01,1,1,1,4,2,6,-1,0,0,-1,2021,32.0,2,1,0,2,8,18,1,,4,RUE DE L ASSOMPTION,0,,1,1,0,1,(1),(1),1,, -1,1,0,1,50,7,3,2021,15:00,1,75,75116,2,3,0,3,RUE DE L ASSOMPTION,48.853743,2.272239,15,2,2
202100019026,167Â 630,B01,1,1,1,1,8,0,-1,-1, -1,-1,2021,44.0,1,0,0,2,2,1,0,,3,ARISTIDE BRIAND (BOULEVARD),0,,2,2,1,2,1,0,1,, -1,2,0,5,50,14,9,2021,07:45,1,93,93048,2,2,1,3,Boulevard Aristide Briand / Rue des Epernons,48.86814,2.44673,7,2,2
202100044844,121Â 559,A01,1,1,1,1,2,0,-1,-1, -1,-1,2021,37.0,2,1,15,0,8,13,1,,3,AV VICTOR HUGO ,0,,2,0,3,1,1,0,4,, -1,1,9,6,50,7,4,2021,07:50,1,94,94022,2,1,0,7,Avenue Victor Hugo,48.769127,2.422047,7,1,1
202100051012,110Â 487,B01,4,2,2,0,1,0,-1,-1, -1,-1,2021,11.0,1,2,0,2,4,0,1,,1,AUTOROUTE A104,0,,3,6,0,1,3,500,2,, -1,2,0,1,90,19,2,2021,13:35,1,93,93078,1,1,1,2,AUTOROUTE A104,48.95851,2.5269,13,3,2
202100014132,176Â 427,A01,1,1,2,5,1,-1,-1,-1, -1,-1,2021,23.0,1,2,0,2,1,2,1,,4,MARTYRS DE LA RESISTANCE (DES)      (AV),0,,2,2,0,1,(1),(1),1,, -1,1,0,1,50,9,10,2021,03:45,5,69,69259,2,2,0,2,MARTYRS DE LA RESISTANCE (DES) (AV),45.69239,4.87295,3,2,2
202100006545,190Â 097,B01,1,1,1,5,1,0,-1,0,0,-1,2021,19.0,1,2,0,4,3,19,1,,4,BOULEVARD NEY,0,,1,2,1,1,(1),(1),1,, -1,1,-1,6,50,23,11,2021,17:40,5,75,75118,2,1,0,3,BOULEVARD NEY,48.897707,2.335918,17,2,2
202100023562,159Â 523,A01,1,1,1,0,2,6,-1,-1, -1,-1,2021,32.0,2,1,0,2,8,2,1,,4,VIEUX CHEMIN CALIFORNIE (RUE DU),0,,2,3,0,1,2,0,1,, -1,1,2,1,50,18,8,2021,11:10,1,972,97213,2,6,0,3,VIEUX CHEMIN CALIFORNIE (RUE DU),14.61837,-61.03139,11,2,2
202100028399,150Â 949,A01,1,1,1,5,2,6,9,0,0,-1,2021,57.0,2,1,4,0,1,1,1,,1,8,0,,3,3,0,1,42,900,1,, -1,1,0,1,-1,18,7,2021,18:30,2,13,13110,1,1,0,7,Autoroute A8 PK042.900,43.477354,5.713266,18,1,1
202100024670,157Â 553,B01,1,1,2,5,1,-1,-1,0,0,-1,2021,87.0,1,2,0,2,1,1,1,,2,202,-1,,2,2,0,1,6,485,1,, -1,1,0,1,80,12,8,2021,09:45,1,4,4022,1,3,0,1,RN 202 / RD 469,43.959376,6.432377,9,4,2
202100011293,181Â 550,A01,1,1,1,5,1,-1,-1,0,0,-1,2021,75.0,2,2,17,0,1,14,1,,3,982,-1,,2,2,0,1,25,450,1,, -1,1,0,3,80,25,10,2021,16:20,1,30,30071,1,1,0,6,D982,44.011738,4.111869,16,1,1
202100055696,102Â 305,B01,1,1,2,1,1,0,-1,-1, -1,-1,2021,47.0,3,2,0,2,4,23,1,,3,PABLO NERUDA (ROND-POINT),0,,1,2,0,1,0,1,1,, -1,1,0,1,50,9,1,2021,05:25,5,93,93007,2,1,0,2,PABLO NERUDA (ROND-POINT),48.9501,2.46715,5,2,2
202100010338,183Â 224,A01,10,3,1,0,0,-1,-1,2,3,1,2021,60.0,3,0,0,1,1,1,3,,7,VERDUN AVENUE DE,0,,2,2,0,1,(1),(1),1,, -1,1,0,1,50,28,10,2021,18:00,2,6,6027,2,1,0,6,VERDUN AVENUE DE,43.663318,7.147116,18,2,1
202100009855,184Â 084,A01,2,2,2,5,1,-1,-1,0,0,-1,2021,20.0,1,2,6,0,2,1,1,,7,46,0,B,2,2,0,2,9,400,4,, -1,1,2,1,80,2,11,2021,19:30,3,13,13087,1,1,0,6,campagne blanche,43.46989,5.5892648,19,2,1
202100035577,138Â 124,B01,1,1,1,0,1,0,-1,-1, -1,-1,2021,29.0,2,1,0,2,1,15,0,,3,906,0,,2,1,0,1,0,0,1,, -1,1,0,1,50,5,6,2021,20:50,1,92,92020,2,1,0,1,PARIS AVENUE DE NÂ° IMPAIRS,48.80741,2.29434,20,2,2
202100031911,144Â 712,B01,3,2,1,5,3,0,-1,-1, -1,-1,2021,0.0,1,2,0,2,4,0,1,,3,GENERAL LECLERC (PL DU),0,,1,2,0,1,1,0,2,, -1,2,5,1,50,28,6,2021,18:30,1,94,94033,2,1,1,2,GENERAL LECLERC (PL DU),48.85235,2.48554,18,3,2
202100014318,176Â 109,B01,1,1,1,1,2,6,9,-1, -1,-1,2021,33.0,1,1,4,2,1,18,1,,4,SAVOIES (DES)                       (AL),0,,1,2,0,1,(1),(1),1,, -1,1,0,1,50,8,10,2021,08:25,1,69,69259,2,1,0,3,SAVOIES (DES) (ALL),45.7171869292,4.8594385386,8,2,2
202100038210,133Â 344,B01,1,1,1,4,2,6,-1,0,0,-1,2021,39.0,1,1,0,2,6,23,1,,4,BOULEVARD PERIPHERIQUE INTERIEUR NORD  ,0,,1,5,0,1,30,200,1,, -1,1,0,1,70,25,5,2021,14:50,1,75,75120,2,1,0,3,BOULEVARD PERIPHERIQUE INTERIEUR NORD  ,48.861712,2.413697,14,2,2
202100018636,168Â 327,A01,10,3,2,5,0,-1,-1,3,3,2,2021,81.0,2,2,0,1,3,1,1,,3,559,-1,,2,2,0,1,77,250,1,, -1,1,0,1,-1,17,9,2021,12:05,1,83,83036,2,1,0,6,Avenue de Saint-RaphaÃ«l,43.185043,6.545105,12,2,1
202100031523,145Â 416,B01,1,1,1,3,0,-1,-1,0,0,-1,2021,39.0,2,1,0,2,1,13,5,,4,,0,,2,2,0,1,(1),(1),1,,4,1,0,1,50,25,6,2021,18:00,1,33,33238,2,1,0,1,Rue de Grandjean,44.7419,-0.598462,18,2,2
202100006190,190Â 751,A01,1,1,1,5,1,-1,-1,-1, -1,-1,2021,47.0,2,2,10,0,2,13,1,,4,BPNL   37.781 A 41.124,0,,3,5,0,1,40,599,1,, -1,2,2,1,70,26,11,2021,16:00,1,69,69034,2,1,1,6,BPNL   37.781 A 41.124,45.78816,4.86099,16,4,4
202100045118,121Â 092,B01,1,1,1,0,2,0,-1,-1, -1,-1,2021,20.0,1,1,0,2,1,2,1,,4,PLAYES (ROCADE DES),0,,2,2,2,1,0,0,1,, -1,1,0,1,50,2,4,2021,19:10,1,83,83129,2,1,0,3,PLAYES (ROCADE DES),43.103373,5.827458,19,2,2
202100012815,178Â 815,B01,1,1,1,5,2,0,-1,-1, -1,-1,2021,35.0,3,1,0,2,1,17,1,,4,EPERON (AVENUE DE L'),0,,2,2,0,1,0,0,1,, -1,1,0,1,50,16,10,2021,14:05,1,91,91549,2,2,0,3,EPERON (AVENUE DE L'),48.64072,2.33645,14,4,2
202100026721,153Â 953,A01,1,1,2,1,1,-1,-1,0,0,-1,2021,25.0,1,2,0,2,1,13,1,,3,49,0,,2,2,0,4,0,540,1,, -1,1,0,1,90,28,7,2021,21:00,1,15,15049,1,1,0,1,DÃ©partementale 49,45.211772,2.712078,21,2,2
202100038385,133Â 027,B01,2,2,1,0,8,0,-1,-1, -1,-1,2021,18.0,0,1,0,2,7,1,1,,4,PIERRE DOIZE  (RUE),0,,2,2,0,1,(1),(1),1,, -1,1,0,1,50,24,5,2021,19:50,1,13,13210,2,1,0,3,PIERRE DOIZE  (RUE),43.278,5.428,19,4,2
202100044353,122Â 392,A01,1,1,1,4,2,6,-1,-1, -1,-1,2021,20.0,2,1,9,0,0,1,3,,7,JEAN MOULIN                         (R ),0,,2,2,0,2,0,300,1,, -1,2,0,1,50,11,4,2021,18:15,1,69,69034,2,1,1,7,JEAN MOULIN (R),45.80027,4.84808,18,1,1
202100015505,173Â 987,B01,1,1,2,1,2,8,-1,-1, -1,-1,2021,26.0,1,1,0,2,8,1,3,,3,MOREAU BOULEVARD STEPHANE,0,,-1,1,0,1,1,0,3,, -1,1,0,1,50,2,10,2021,05:00,5,85,85191,2,9,0,3,MOREAU BOULEVARD STEPHANE,46.66687,-1.40963,5,2,2
202100047744,116Â 408,A01,1,1,2,5,1,0,-1,-1, -1,-1,2021,44.0,2,2,4,0,1,1,1,,3,RD 37,0,,3,4,0,1,8,199,1,, -1,1,0,1,90,7,3,2021,11:30,1,37,37122,1,1,0,7,RD 37,47.34064,0.66266,11,2,1
202100000432,200Â 933,A01,2,2,1,5,1,-1,-1,0,0,-1,2021,20.0,3,2,0,2,1,5,1,,3,263,0,D,2,2,0,1,(1),(1),1,, -1,1,0,1,90,27,9,2021,08:35,1,67,67339,1,1,0,1,RD 263,48.912163,7.874429,8,3,2
202100050847,110Â 796,B01,1,1,1,0,2,0,-1,-1, -1,-1,2021,56.0,2,1,0,2,0,0,1,,1,13,0,,3,6,0,1,5,400,1,, -1,1,0,1,90,20,2,2021,11:50,1,92,92064,1,1,0,3,A13,48.8385030862,2.1923600346,11,2,2
202100055484,102Â 676,A01,1,1,2,0,2,0,-1,-1, -1,-1,2021,43.0,1,1,0,2,1,1,5,,4,,0,,2,2,1,2,0,0,1,, -1,1,0,1,50,11,1,2021,18:55,5,44,44162,2,1,0,6,RUE DE SAINT NAZAIRE,47.211556,-1.615345,18,2,2
202100045498,120Â 411,A01,1,1,1,5,0,-1,-1,0,0,-1,2021,25.0,0,2,2,0,0,0,0,,4,RM,-1,,2,2,0,1,(1),(1),1,, -1,1,0,3,90,28,3,2021,19:05,3,988,98821,1,3,0,6,Route du littoral - RM24/Voie privÃ©,-22.147145,166.242371,19,1,1
202100042400,125Â 841,A01,1,1,1,1,2,6,-1,0,0,-1,2021,27.0,1,1,0,2,8,1,1,,7,2,0,,2,2,0,1,4,968,1,,4,1,0,1,80,27,4,2021,18:30,1,37,37152,1,2,1,3,,47.4515659472,0.6747885852,18,2,2
202100026446,154Â 427,B01,1,1,2,0,2,6,-1,-1, -1,-1,2021,50.0,2,1,0,2,3,1,1,,4,MOYNAC (AVENUE DOCTEUR LEON),0,,2,2,0,1,0,0,2,, -1,1,0,1,50,29,7,2021,18:57,1,64,64102,2,1,0,3,MOYNAC (AVENUE DOCTEUR LEON),43.48445,-1.48006,18,2,2
202100053075,106Â 853,A01,1,1,1,1,2,6,-1,0,0,-1,2021,44.0,2,1,0,2,1,1,1,,4,BOULEVARD PERIPHERIQUE,0,,1,4,0,1,10,300,1,, -1,2,2,1,70,29,1,2021,16:10,1,75,75116,2,1,1,7,BOULEVARD PERIPHERIQUE,48.834928,2.262709,16,1,1
202100053326,106Â 404,A01,10,3,1,0,0,-1,-1,3,3,1,2021,12.0,2,4,0,1,8,1,1,,4,,0,,2,2,0,1,(1),(1),1,,"6,3",2,9,1,50,28,1,2021,16:15,1,79,79191,2,1,1,7,47 bis Rue du Fief dâAmourette,46.333146,-0.42235,16,2,1
202100033156,142Â 498,A01,1,1,2,3,1,-1,-1,0,0,-1,2021,24.0,2,2,0,0,3,1,1,,3,643,-1,,1,2,0,1,(1),(1),1,, -1,2,0,1,90,22,6,2021,20:30,1,59,59126,1,6,1,7,D643,50.317586,3.132498,20,1,1
202100034797,139Â 514,B01,1,1,1,5,8,0,-1,-1, -1,-1,2021,25.0,1,1,0,2,1,1,3,,3,VICTOR-HUGO (BD),0,,2,2,0,1,0,0,1,, -1,1,0,1,50,11,6,2021,23:05,5,93,93070,2,7,0,3,VICTOR-HUGO (BD),48.907289,2.326273,23,2,2
202100035052,139Â 039,B01,1,1,1,9,2,0,-1,0,0,-1,2021,26.0,1,1,0,2,8,18,5,,4,BOULEVARD LEFEBVRE,0,,3,3,0,2,(1),(1),1,, -1,1,5,1,30,10,6,2021,15:01,1,75,75115,2,2,0,3,BOULEVARD LEFEBVRE,48.830915,2.292326,15,2,2
202100053922,105Â 362,B01,1,2,2,0,8,0,-1,-1, -1,-1,2021,20.0,2,3,0,2,2,1,2,2.0,4,BISHOP (Avenue Maurice),0,,3,6,3,1,(1),(1),1,, -1,1,0,1,30,22,1,2021,17:00,1,972,97209,2,3,0,3,BISHOP (Avenue Maurice),14.60446,-61.06412,17,3,2
202100002910,196Â 569,A01,1,1,1,1,2,6,-1,-1, -1,-1,2021,56.0,2,1,1,2,1,14,1,,4,CHAPELET (RUE),0,,2,2,0,2,0,0,1,, -1,1,0,1,30,14,12,2021,08:10,2,64,64122,2,1,0,3,Rue Chapelet,43.46351,-1.54367,8,2,2
202100056147,101Â 521,A01,1,1,1,5,2,6,-1,-1, -1,-1,2021,48.0,2,1,0,0,8,26,1,,4,,0,,2,2,0,1,0,0,2,, -1,2,0,1,50,4,1,2021,16:53,1,64,64122,2,1,1,7,AVENUE DE LAHOUZE,43.4773903242,-1.5501115301,16,1,1
202100013492,177Â 619,A01,10,3,2,0,0,-1,-1,3,3,1,2021,27.0,0,2,0,1,1,1,1,,4,SAINT FUSCIEN (RUE),0,,2,2,0,1,(1),(1),1,, -1,2,0,1,50,12,10,2021,20:45,5,80,80021,2,1,1,6,SAINT FUSCIEN (RUE),49.88697,2.3034,20,2,1
202100048223,115Â 557,A01,1,1,1,0,1,0,-1,-1, -1,-1,2021,47.0,1,4,0,0,1,26,1,,3,TIGRE (ROUTE DU),0,,2,2,0,1,2,0,2,, -1,2,0,3,50,11,3,2021,21:45,4,973,97302,1,1,1,7,TIGRE (ROUTE DU),4.9116,-52.308,21,1,1
202100053558,105Â 984,B01,1,1,1,5,0,-1,-1,-1, -1,-1,2021,34.0,2,1,0,2,1,2,5,,4,,0,,1,2,2,1,(1),(1),1,, -1,1,0,1,50,26,1,2021,12:10,1,69,69386,2,1,0,3,VITTON (CR),45.7702370154,4.8603862524,12,2,2
202100004348,193Â 985,A01,1,1,2,5,1,5,-1,0,0,-1,2021,66.0,3,2,14,0,3,19,1,,4,,0,,2,2,0,1,(1),(1),1,, -1,2,5,1,50,7,12,2021,18:05,5,95,95351,2,1,1,6,Avenue de Normandie,49.048806019,2.5021255016,18,1,1
202100019331,167Â 072,A01,2,2,1,0,1,-1,-1,-1, -1,-1,2021,64.0,3,2,0,2,2,19,1,,4,AUCOUR AUGUSTE  (rue),0,,1,1,0,1,(1),(1),1,, -1,1,0,1,50,12,9,2021,14:30,2,69,69264,2,2,0,3,VERMOREL VICTOR (BD),45.98612,4.71401,14,3,2
202100001530,199Â 065,B01,1,1,1,5,2,6,-1,0,0,-1,2021,58.0,0,1,0,2,1,1,1,,3,519,0,,2,2,0,1,(1),(1),1,,5,1,5,1,50,23,12,2021,09:20,1,38,38034,2,2,0,3,Avenue Louis - Michel Villaz,45.341302,5.063603,9,2,2
202100049059,114Â 066,B01,1,1,1,2,2,6,-1,0,0,-1,2021,16.0,2,1,0,2,7,17,1,,4,CAMPI LOUIS BD,0,,2,2,0,2,(1),(1),1,, -1,1,0,1,30,5,3,2021,10:00,1,201,201004,2,1,0,3,CAMPI LOUIS BD,41.94328,8.75337,10,2,2
202100012563,179Â 260,A01,1,1,2,1,1,-1,-1,0,0,-1,2021,21.0,1,2,4,2,3,14,1,,2,11,0,,1,2,0,1,(1),(1),3,,7,1,3,1,110,19,10,2021,07:40,1,202,202042,1,4,0,5,RT 11,42.571761,9.441075,7,4,3
202100049995,112Â 379,A01,3,2,1,0,1,0,-1,-1, -1,-1,2021,57.0,0,3,1,0,2,24,1,3.0,6,GENERAL LECLERC (PLACE DU),0,,-1,-1,3,1,0,0,1,, -1,1,0,6,50,25,2,2021,19:05,5,91,91223,2,1,0,6,GENERAL LECLERC (PLACE DU),48.436654,2.159819,19,3,1
202100047101,117Â 580,B01,1,1,1,5,2,-1,-1,0,0,-1,2021,29.0,2,1,0,2,1,1,1,,3,15,-1,,2,2,0,1,1,148,1,, -1,1,0,1,50,19,3,2021,11:30,1,6,6048,2,1,0,1,Route Rd 15 la Roseyre,43.789804,7.331439,11,2,2
202100048760,114Â 608,A01,1,1,2,1,1,8,-1,-1, -1,-1,2021,25.0,2,2,0,2,6,1,1,,7,Autoroute A.35,0,,1,3,0,1,309,299,1,, -1,1,0,1,90,8,3,2021,07:25,1,67,67218,1,1,0,3,M35,48.53322,7.69845,7,2,2
202100052308,108Â 217,A01,10,3,1,5,0,-1,-1,4,3,1,2021,15.0,1,2,0,1,7,1,1,,7,MON DESERT (RUE),0,,1,2,0,1,(1),(1),1,, -1,1,0,1,30,6,2,2021,11:00,1,54,54395,2,3,0,6,MON DESERT (RUE),48.684116633,6.1767183244,11,2,1
202100033722,141Â 485,A01,1,1,1,3,1,-1,-1,0,0,-1,2021,79.0,2,5,3,0,2,2,1,,3,23,0,D,2,2,0,2,5,491,1,, -1,1,2,4,80,14,6,2021,13:53,1,43,43227,1,2,0,6,Chemin de Faridouay,45.288346,4.331478,13,1,1
202100019807,166Â 244,B01,1,1,2,0,1,0,-1,-1, -1,-1,2021,22.0,1,2,0,2,4,2,1,,1,A507 sens Marseille - Aubagne,0,,1,3,0,1,1,929,1,, -1,1,1,1,70,7,9,2021,16:18,1,13,13055,1,1,0,2,A507 sens Marseille - Aubagne,43.32997,5.39206,16,2,2
202100052757,107Â 425,B01,3,2,1,0,1,-1,-1,0,0,-1,2021,45.0,0,2,0,2,4,1,1,,4,RESISTANCE (RUE DE LA),0,,-1,2,0,1,(1),(1),3,, -1,1,0,1,50,29,1,2021,16:55,1,80,80021,2,1,0,2,RESISTANCE (RUE DE LA),49.8983474755,2.2957936829,16,3,2
202100030039,148Â 093,A01,1,1,1,1,1,0,-1,-1, -1,-1,2021,34.0,1,2,0,2,1,26,1,,9,CHAPIT RE ( RUE DU),0,,1,1,0,3,0,0,1,, -1,1,2,1,50,8,7,2021,19:00,1,93,93073,2,1,0,2,Gare AÃ©roport CDG2 TGV,49.00386,2.57079,19,4,2
202100036784,135Â 957,A01,2,2,2,0,2,6,-1,-1, -1,-1,2021,21.0,2,1,12,0,2,21,1,,4,BIARRITZ (AVENUE DE),0,,2,2,0,1,0,0,1,, -1,1,0,1,50,1,6,2021,17:00,1,64,64024,2,1,0,7,BIARRITZ (AVENUE DE),43.48016,-1.52166,17,2,1
202100003735,195Â 075,B01,1,1,1,5,0,0,-1,-1, -1,-1,2021,23.0,1,1,0,2,4,2,3,,3,PAUL DOUMER (AV),0,,2,2,0,2,1,0,1,, -1,1,0,1,50,10,12,2021,14:40,1,94,94003,2,1,0,2,Avenue Paul Doumer,48.80633,2.33714,14,2,2
202100005137,192Â 595,A01,10,3,1,2,0,-1,-1,3,3,1,2021,12.0,1,2,0,1,2,2,1,,3,20,0,,2,2,0,3,37,455,1,, -1,2,0,1,50,30,11,2021,17:00,5,57,57428,2,1,1,6,Rue du Wenheck,49.097096,6.726036,17,2,1
202100008966,185Â 691,A01,1,1,1,5,2,4,-1,0,0,-1,2021,34.0,2,1,0,2,1,1,5,,4,AVENUE DE VERSAILLES,0,,3,3,3,1,(1),(1),1,, -1,1,0,1,50,7,11,2021,11:32,1,75,75116,2,3,0,3,AVENUE DE VERSAILLES,48.841689,2.266865,11,2,2
202100000196,201Â 392,A01,1,1,1,1,1,0,-1,-1, -1,-1,2021,40.0,2,2,3,0,1,1,1,,1,A7-Sens Lyon vers Marseille,0,,3,3,0,1,269,0,1,, -1,7,0,1,110,21,12,2021,05:50,3,13,13071,1,1,0,1,A7-Sens Lyon vers Marseille,43.406756,5.327824,5,1,1
202100021878,162Â 525,B01,1,1,1,0,0,-1,-1,0,0,-1,2021,32.0,3,1,0,2,1,1,1,,9,,0,,2,2,0,1,(1),(1),3,, -1,1,0,1,30,29,8,2021,18:30,3,971,97118,1,1,0,1,Chemin de fontarabie,16.197717,-61.622829,18,3,2
202100018389,168Â 753,A01,10,3,2,5,0,-1,-1,4,3,1,2021,56.0,1,2,0,1,1,1,2,,3,REPUBLIQUE (BOULEVARD DE LA),0,,2,2,0,1,0,405,1,, -1,1,0,1,50,17,9,2021,14:48,1,6,6029,2,1,0,6,REPUBLIQUE (BOULEVARD DE LA),43.555839,7.024232,14,2,1
202100001770,198Â 626,A01,1,1,2,5,1,-1,-1,0,0,-1,2021,26.0,2,2,0,2,1,1,1,,3,674,-1,,2,2,0,2,20,200,2,, -1,1,0,1,80,22,12,2021,18:45,3,57,57451,1,2,0,3,route dÃ©partementale 674,48.918167,6.57462,18,3,2
202100026124,154Â 996,A01,2,2,2,3,2,0,-1,0,0,-1,2021,22.0,2,1,0,2,5,26,1,,6,TORPILLEUR SIROCCO (RUE DU),0,,-1,2,0,1,(1),(1),1,, -1,1,0,1,50,30,7,2021,18:25,1,63,63113,2,1,0,3,Parking Auchan nord,45.8138380283,3.1072246939,18,3,2
202100015125,174Â 674,A01,1,1,1,0,2,0,-1,-1, -1,-1,2021,26.0,1,1,0,2,0,1,1,,2,186,0,,1,2,0,1,1,0,1,, -1,1,0,1,70,1,10,2021,02:20,3,94,94073,1,1,0,6,RN 186,48.75349,2.37678,2,2,2
202100025313,156Â 411,A01,1,1,2,0,1,8,-1,-1, -1,-1,2021,36.0,2,2,0,2,6,6,1,,4,CHARTREUX (AVENUE DES),0,,3,2,0,1,0,0,1,, -1,1,0,1,50,5,8,2021,21:45,5,13,13204,2,3,0,3,CHARTREUX (AVENUE DES),43.31126,5.40104,21,4,2
202100006352,190Â 444,A01,1,1,1,5,1,-1,-1,0,0,-1,2021,25.0,1,2,12,2,1,6,1,,3,606,-1,,2,2,0,1,68,380,2,,10,1,5,1,80,26,11,2021,04:25,3,89,89085,1,6,0,2,Route de Lyon,47.937572,3.501244,4,2,2
202100001839,198Â 510,A01,10,3,1,0,0,-1,-1,2,3,1,2021,75.0,2,4,0,1,3,15,1,,4,EUROPE (DE L')                      (AV),0,,2,4,0,1,(1),(1),1,, -1,2,0,1,50,20,12,2021,20:30,5,69,69286,2,3,0,6,EUROPE (DE L') (AV),45.818012932,4.9032819271,20,2,1
202100021416,163Â 371,A01,1,1,2,0,0,-1,-1,-1, -1,-1,2021,43.0,1,1,0,1,1,1,3,,4,VITTON                              (CO),0,,1,2,2,1,(1),(1),1,, -1,1,-1,1,50,1,9,2021,17:35,1,69,69386,2,1,0,6,VITTON (CR),45.76947,4.85211,17,2,1
202100023867,158Â 963,B01,1,1,1,5,2,0,-1,0,0,-1,2021,16.0,2,1,0,2,0,0,1,,4,,0,,2,1,0,1,(1),(1),1,, -1,1,0,1,50,15,8,2021,20:55,1,71,71076,2,2,0,3,DENON (RUE),46.783234648,4.8510114831,20,2,2
202100055190,103Â 164,A01,2,2,1,5,8,0,-1,-1, -1,-1,2021,24.0,0,1,0,2,1,17,1,,4,MORETTI (BOULEVARD),0,,2,2,0,2,(1),(1),1,, -1,1,0,1,50,13,1,2021,19:00,5,13,13214,2,1,0,3,MORETTI (BOULEVARD),43.325144,5.381875,19,3,2
202100038900,132Â 098,A01,1,1,1,5,2,0,-1,-1, -1,-1,2021,35.0,3,1,0,0,1,2,1,,4,JENNER (PLACE),0,,1,2,0,2,(1),(1),2,, -1,1,1,1,50,21,5,2021,03:30,5,76,76351,2,1,0,6,JENNER (PLACE),49.508324,0.136171,3,1,1
202100034936,139Â 259,B01,1,1,1,1,8,0,-1,-1, -1,-1,2021,37.0,3,1,0,2,8,1,0,,4,AV MARYSE BASTIE,0,,3,1,2,1,0,0,1,, -1,2,0,5,50,10,6,2021,08:40,1,91,91103,2,6,0,3,MARYSE BASTIE (AVENUE),48.602768,2.30604,8,2,2
202100041991,126Â 565,A01,1,1,1,0,1,0,-1,-1, -1,-1,2021,38.0,2,2,0,2,1,2,1,,1,AUTOROUTE A23,0,,3,4,0,1,11,199,1,, -1,1,0,1,110,16,4,2021,20:00,1,59,59435,1,1,0,2,AUTOROUTE A23,50.501663,3.211953,20,2,2
202100013375,177Â 827,B01,1,1,1,1,2,8,-1,-1, -1,-1,2021,24.0,1,1,0,2,1,1,1,,1,A86 EXT,0,,1,1,0,2,37,500,1,, -1,1,0,1,70,14,10,2021,11:50,1,94,94028,1,9,0,2,A86 EXT,48.8030108828,2.4483130603,11,2,2
202100036965,135Â 626,B01,1,1,2,0,1,-1,-1,0,0,-1,2021,26.0,0,2,0,2,4,1,1,,4,ALBERT 1ER (MAIL),0,,2,5,0,1,(1),(1),1,, -1,1,0,1,50,28,5,2021,15:00,1,80,80021,2,1,0,2,ALBERT 1ER (MAIL),49.88897,2.29763,15,2,2
202100041813,126Â 869,A01,1,1,2,9,2,0,-1,0,0,-1,2021,26.0,2,1,0,2,1,1,3,,4,BOULEVARD BERTHIER,0,,3,4,0,1,(1),(1),1,, -1,2,0,1,50,1,5,2021,13:20,1,75,75117,2,4,1,3,BOULEVARD BERTHIER,48.893617,2.31173,13,2,2
202100025532,156Â 033,A01,1,1,1,5,2,4,-1,0,0,-1,2021,74.0,2,1,0,0,0,1,5,,4,,-1,,1,1,0,1,(1),(1),1,,"5,5",1,0,1,50,6,8,2021,08:45,1,45,45272,2,6,0,7,391 Rue du 11 Novembre,47.829981965,1.9700758159,8,1,1
202100040752,128Â 766,A01,1,1,1,0,2,6,-1,-1, -1,-1,2021,30.0,2,1,1,0,1,5,1,,4,FLORIDA (ALL.),0,,1,1,0,1,(1),(1),1,, -1,1,0,1,50,8,5,2021,15:40,1,33,33009,2,1,0,6,AllÃ©e Florida,44.648886,-1.186654,15,1,1
202100049768,112Â 780,A01,10,3,2,5,0,-1,-1,3,3,1,2021,59.0,1,2,0,1,2,16,1,,4,AVENUE KLEBER,0,,2,3,0,1,(1),(1),1,, -1,1,0,1,50,26,2,2021,10:00,1,75,75116,2,4,0,6,RUE GALILEE,48.867293,2.290333,10,2,1
202100007348,188Â 619,A01,1,1,1,9,2,6,-1,0,0,-1,2021,16.0,2,1,0,2,1,1,1,,4,BOULEVARD HAUSSMANN,0,,1,2,0,1,(1),(1),1,, -1,1,0,1,50,19,11,2021,01:24,5,75,75108,2,2,0,3,BOULEVARD HAUSSMANN,48.874197,2.32393,1,3,2