Num_Acc,id_vehicule,num_veh,place,catu,sexe,trajet,secu1,secu2,secu3,locp,actp,etatp,year_acc,victim_age,senc,catv,obs,obsm,choc,manv,motor,occutc,catr,voie,v1,v2,circ,nbv,vosp,prof,pr,pr1,plan,lartpc,larrout,surf,infra,situ,vma,jour,mois,an,hrmn,lum,dep,com,agg_,int,atm,col,adr,lat,long,hour,nb_victim,nb_vehicules
202100039583,130Â 831,B01,1,1,1,0,1,-1,-1,-1, -1,-1,2021,19.0,2,2,0,9,8,1,1,,4,BD JOLIOT-CURIE,0,,3,5,0,4,(1),(1),1,, -1,1,0,1,50,17,5,2021,01:50,5,33,33063,2,2,0,3,Boulevard Joliot-Curie,44.83609,-0.55034,1,2,2
202100017624,170Â 118,B01,1,1,1,0,2,-1,-1,-1, -1,-1,2021,16.0,1,1,0,2,1,15,1,,4,CAPORAL MORANGE    (Rue du),0,,2,2,0,1,(1),(1),1,, -1,1,0,1,50,21,9,2021,19:00,1,69,69266,2,3,0,3,CAPORAL MORANGE (DU) (R),45.75201,4.9193,19,2,2
202100050250,111Â 897,A01,1,1,1,5,2,-1,-1,0,0,-1,2021,60.0,2,1,9,0,1,1,5,,3,909,0,A,2,2,2,1,0,530,1,, -1,1,0,4,-1,25,2,2021,16:05,1,74,74299,2,1,0,6,Rte de Menthon,45.874212,6.182331,16,1,1
202100021895,162Â 495,A01,1,1,2,5,2,6,-1,-1, -1,-1,2021,51.0,2,1,0,2,7,1,1,,1,A42   0.000 A 0.560,0,,3,6,0,1,0,10,2,, -1,1,3,1,50,16,8,2021,11:15,1,69,69266,1,1,0,3,A42,45.78298,4.89141,11,2,2
202100005762,191Â 499,A01,10,3,2,5,0,-1,-1,3,3,1,2021,22.0,3,2,0,1,1,1,1,,4,LOUCHEUR (AV.),0,,2,2,0,2,1,0,1,, -1,2,9,1,50,27,11,2021,19:35,5,22,22278,2,1,1,6,LOUCHEUR (AV.),48.5156,-2.73702,19,2,1
202100011861,180Â 521,A01,10,3,1,9,8,8,-1,4,3,1,2021,69.0,3,2,0,1,1,15,1,,3,BERCY (QU DE),0,,3,3,0,1,0,375,1,, -1,2,0,1,50,21,10,2021,14:54,1,94,94018,2,3,1,1,BERCY (QU DE),48.82163,2.39947,14,2,1
202100008449,186Â 637,B01,1,1,1,0,2,0,-1,-1, -1,-1,2021,38.0,3,1,0,2,7,1,0,,4,PEREIRE,0,,2,2,0,1,(1),(1),1,, -1,1,0,1,50,11,11,2021,08:35,1,78,78551,2,1,0,3,PEREIRE,48.901687,2.076408,8,2,2
202100005203,192Â 471,A01,10,3,2,5,0,-1,-1,5,4,1,2021,84.0,1,2,0,0,4,26,1,,3,MICHEL L.,0,,2,2,0,1,0,0,1,, -1,1,9,4,50,1,12,2021,18:26,5,8,8480,2,1,0,6,MICHEL L.,49.7388,4.74721,18,2,1
202100028996,149Â 898,A01,10,3,2,0,8,8,-1,6,3,1,2021,28.0,2,2,0,1,2,1,1,,4,HUGO (RUE VICTOR),0,,2,2,0,1,0,0,1,, -1,1,0,1,50,14,7,2021,13:30,1,93,93077,2,1,0,6,Rue Victor Hugo,48.885218,2.498185,13,2,1
202100042982,124Â 842,A01,10,3,2,1,0,-1,-1,4,3,1,2021,55.0,1,2,0,1,1,16,1,,3,1066,-1,,2,2,0,1,22,580,1,, -1,1,0,1,50,23,4,2021,17:15,1,68,68334,2,2,0,6,Bd Auguste Scheurer Kestner,47.809703,7.10213,17,2,1
202100008080,187Â 291,B01,1,1,1,1,2,6,9,0,0,-1,2021,24.0,0,1,0,2,1,1,1,,4,,0,,2,2,0,1,(1),(1),1,,4,1,0,1,50,12,10,2021,18:55,2,31,31150,2,3,0,3,Avenue LatÃ©coÃ¨re,43.64427,1.337852,18,2,2
202100025955,155Â 289,A01,2,2,1,0,8,0,-1,-1, -1,-1,2021,37.0,2,2,0,0,0,23,1,,1,AUTOROUTE A3,0,,3,10,0,1,7,0,1,, -1,1,0,3,70,1,8,2021,22:10,3,93,93053,1,1,0,7,AUTOROUTE A3,48.89708,2.46964,22,3,2
202100003585,195Â 344,A01,1,1,1,0,2,0,-1,-1, -1,-1,2021,39.0,1,1,0,2,7,17,1,,7,MONNET (AVE JEAN),0,,2,2,0,1,1,130,1,, -1,1,0,1,50,9,12,2021,12:30,1,83,83090,1,1,0,3,MONNET (AVE JEAN),43.127603,5.860201,12,2,2
202100015067,174Â 775,B01,1,1,1,0,8,0,-1,-1, -1,-1,2021,32.0,3,1,0,2,8,19,5,,4,DUNANT (RUE HENRI),0,,2,4,3,1,(1),(1),1,, -1,1,9,6,30,5,10,2021,19:20,1,34,34172,2,1,0,3,DUNANT (RUE HENRI),43.62682,3.86934,19,2,2
202100051129,110Â 286,B01,1,1,1,5,0,-1,-1,0,0,-1,2021,18.0,2,1,0,2,3,1,1,,3,114,0, -,2,2,0,1,(1),(1),1,, -1,1,0,1,80,14,2,2021,19:50,5,971,97128,1,1,0,1,Boucherie TayalÃ©,16.252768,-61.371147,19,3,2
202100021060,164Â 015,B01,1,1,1,5,2,0,-1,-1, -1,-1,2021,26.0,0,1,0,2,0,1,1,,4,BEAUCAIRE (ROUTE),0,,2,2,0,1,0,0,1,, -1,1,0,1,50,14,8,2021,20:30,2,30,30189,2,3,0,3,BEAUCAIRE (ROUTE),43.8383,4.373,20,2,2
202100006540,190Â 107,A01,2,2,2,0,1,0,-1,-1, -1,-1,2021,21.0,1,1,0,2,7,3,1,,1,AUTOROUTE A15,0,,1,8,0,1,5,500,3,, -1,1,2,1,90,24,11,2021,18:30,3,92,92036,1,1,0,3,AUTOROUTE A15,48.9465157059,2.2827709006,18,3,2
202100056151,101Â 515,A01,1,1,1,0,8,0,-1,-1, -1,-1,2021,46.0,3,1,0,2,1,1,5,,4,MARZY,0,,2,2,0,1,0,0,1,, -1,2,0,1,50,5,1,2021,17:50,5,58,58194,2,3,1,3,MARZY,46.98806,3.12674,17,2,2
202100004595,193Â 564,B01,1,1,1,5,2,6,9,0,0,-1,2021,25.0,2,1,0,2,0,17,1,,3,114,-1,D,2,2,0,1,0,397,1,, -1,1,9,1,50,27,10,2021,15:20,1,66,66008,2,1,0,3,Route d Elne,42.556653,3.0124,15,2,2
202100010141,183Â 571,B01,1,1,1,5,1,-1,-1,-1, -1,-1,2021,46.0,3,2,0,2,3,1,1,,4,LIONEL TERRAY                       (R ),0,,1,3,2,1,(1),(1),1,, -1,1,0,1,50,30,10,2021,13:20,1,69,69029,2,1,0,3,LIONEL TERRAY (R),45.7284621011,4.8946237564,13,3,2
202100003660,195Â 211,A01,10,3,2,1,0,-1,-1,3,3,1,2021,24.0,1,2,0,1,3,15,1,,4,BOURGEOIS (BOULEVARD LEON),0,,2,3,3,1,(1),(1),1,, -1,2,5,8,50,10,12,2021,18:00,5,35,35238,2,2,1,6,BOURGEOIS (BOULEVARD LEON),48.10032,-1.65002,18,2,1
202100011794,180Â 633,A01,10,3,2,5,0,-1,-1,3,3,1,2021,39.0,1,2,0,1,1,1,1,,4,DALBIEZ (AVENUE VICTOR),0,,2,2,0,1,(1),(1),1,, -1,1,0,1,50,20,10,2021,12:45,1,66,66136,2,1,0,6,DALBIEZ (AVENUE VICTOR),42.68629,2.88196,12,2,1
202100053956,105Â 306,A01,1,1,1,9,2,0,-1,0,0,-1,2021,32.0,2,1,0,2,3,15,1,,4,RUE BOTZARIS,0,,2,2,0,2,(1),(1),1,, -1,2,0,1,50,23,1,2021,18:30,5,75,75119,2,3,0,3,RUE BOTZARIS,48.879524,2.388336,18,2,2
202100044555,122Â 075,B01,1,1,1,0,8,0,-1,-1, -1,-1,2021,33.0,1,1,0,2,1,1,0,,4,COMEDIE (RUE DE LA),0,,2,2,0,1,0,0,3,, -1,1,0,1,50,8,4,2021,08:50,1,72,72181,2,1,0,6,COMEDIE (RUE DE LA),48.0078,0.1977,8,2,2
202100041343,127Â 709,A01,10,3,2,0,0,-1,-1,3,3,1,2021,84.0,0,2,0,1,1,9,1,,4,,-1,,2,2,0,1,(1),(1),1,,"5,5",1,0,1,50,3,5,2021,13:50,1,80,80016,2,2,0,6,Rue de Birmingham,50.003457,2.649556,13,2,1
202100020670,164Â 685,B01,1,1,2,1,1,1,-1,0,0,-1,2021,51.0,1,2,0,2,6,23,1,,4,AVENUE DU MARECHAL FOCH,0,,1,2,0,1,0,0,1,, -1,2,5,1,50,6,9,2021,06:40,1,988,98818,2,2,1,2,AVENUE DU MARECHAL FOCH/RUE GEORGES BAUDOUX,-22.28096,166.44327,6,2,2
202100017008,171Â 218,A01,1,1,1,5,2,6,-1,0,0,-1,2021,35.0,2,1,3,0,1,21,1,,4,ECHANGEUR BERCY,0,,1,3,0,1,35,0,1,, -1,1,0,1,70,23,9,2021,14:20,1,75,75112,2,4,0,6,BD PERIPHERIQUE EXTERIEUR,48.8268044693,2.3900614679,14,1,1
202100035816,137Â 687,B01,1,1,1,1,2,6,-1,0,0,-1,2021,19.0,1,1,0,2,3,15,1,,4,,-1,,2,1,0,1,(1),(1),1,,3,1,0,1,50,9,6,2021,08:15,1,72,72358,1,3,0,1,Les Petits Bois,48.026906,0.523915,8,2,2
202100015717,173Â 573,B01,1,1,2,5,1,0,-1,-1, -1,-1,2021,24.0,1,2,3,2,3,1,1,,1,AUTOROUTE A10,0,,1,3,0,2,10,100,1,, -1,1,0,1,110,2,10,2021,10:30,1,91,91661,1,1,0,3,AUTOROUTE A10,48.696303,2.236382,10,2,2
202100030994,146Â 331,A01,1,1,1,0,2,8,-1,-1, -1,-1,2021,46.0,1,1,0,2,1,26,1,,2,VOIE RAPIDE URBAINE,0,,3,6,0,1,2,930,1,, -1,1,1,1,90,25,6,2021,17:35,1,73,73065,1,1,0,2,N201 VRU,45.575202,5.928766,17,2,2
202100026618,154Â 127,B01,1,1,2,5,1,8,-1,-1, -1,-1,2021,45.0,1,2,0,2,4,2,1,,3,CAP - ROUTE DU CAP,0,,2,2,0,1,1,0,2,, -1,1,0,1,50,28,7,2021,13:20,1,202,202353,2,1,0,2,CAP - ROUTE DU CAP,42.71615,9.45573,13,3,2
202100002107,198Â 034,A01,10,3,1,5,0,-1,-1,2,3,2,2021,65.0,1,2,0,1,5,1,1,,3,572,-1,,2,2,1,2,(1),(1),1,, -1,1,0,1,50,22,12,2021,13:20,1,14,14047,2,1,0,6,D572,49.270839,-0.699005,13,2,1
202100020815,164Â 439,A01,1,1,1,0,2,6,-1,-1, -1,-1,2021,36.0,2,1,4,2,1,2,1,,1,AUTOROUTE A3,0,,3,8,0,1,3,400,1,, -1,1,0,1,90,5,9,2021,19:40,1,93,93053,1,1,0,2,AUTOROUTE A3,48.8799715049,2.4504125118,19,2,2
202100013315,177Â 946,A01,1,1,1,1,2,6,-1,0,0,-1,2021,57.0,2,1,0,2,5,21,1,,4,QUAI HENRI IV,0,,1,2,0,1,(1),(1),1,, -1,1,0,1,50,14,10,2021,11:10,1,75,75104,2,4,0,7,QUAI HENRI IV,48.847081,2.364986,11,1,1
202100006906,189Â 428,A01,1,1,1,5,2,8,-1,-1, -1,-1,2021,17.0,1,1,0,2,1,16,1,,4,CHE DE LA PERRIERE,0,,2,2,0,2,0,0,1,, -1,1,0,1,50,20,11,2021,12:10,1,91,91021,2,3,0,3,CHE DE LA PERRIERE,48.5878143,2.2433046,12,2,2
202100010805,182Â 418,A01,10,3,2,9,0,-1,-1,1,3,1,2021,78.0,1,2,0,1,3,1,1,,3,15,0,D,2,2,0,1,3,894,1,, -1,1,0,1,50,28,10,2021,19:35,3,6,6048,2,1,0,6,182 Avenue Flaminius Raiberti,43.810515,7.313358,19,2,1
202100023136,160Â 261,A01,1,1,2,5,2,0,-1,0,0,-1,2021,20.0,1,1,0,0,0,1,3,,4,RUE DE RIVOLI,0,,2,5,1,1,(1),(1),1,, -1,1,0,5,30,21,8,2021,03:00,5,75,75104,2,1,0,7,RUE DE RIVOLI,48.85715,2.352923,3,2,1
202100021205,163Â 755,B01,1,1,1,1,2,0,-1,-1, -1,-1,2021,26.0,2,1,0,9,1,2,1,,1,A13,0,,3,4,0,1,10,0,1,, -1,1,0,1,110,2,9,2021,17:55,1,78,78158,1,1,0,5,A13,48.8347,2.13188,17,3,3
202100032774,143Â 193,A01,1,1,1,1,2,-1,-1,0,0,-1,2021,59.0,2,1,0,2,1,3,1,,1,8,0,,3,3,0,1,21,500,1,, -1,1,0,1,90,24,6,2021,08:00,1,13,13001,1,1,0,2,autoroute A8,43.511833,5.444283,8,2,2
202100035754,137Â 798,A01,2,2,2,5,2,6,-1,0,0,-1,2021,18.0,1,1,0,2,1,2,1,,4,AVENUE KLEBER,0,,2,2,0,1,(1),(1),1,, -1,1,0,1,50,7,6,2021,14:35,1,75,75116,2,1,0,2,AVENUE KLEBER,48.864391,2.288236,14,3,2
202100035619,138Â 052,A01,1,1,1,5,0,-1,-1,0,0,-1,2021,15.0,0,1,0,2,1,15,5,,4,,-1,,2,1,0,2,(1),(1),1,,3,1,0,1,50,10,6,2021,16:48,1,53,53062,2,3,0,3,Chemin du Moulinet,47.828218,-0.723327,16,2,2
202100017491,170Â 359,A01,1,1,1,5,2,0,-1,0,0,-1,2021,29.0,2,1,0,2,1,2,1,,4,AVENUE MAC MAHON,0,,2,2,0,2,(1),(1),1,, -1,1,0,1,30,21,9,2021,12:05,1,75,75117,2,7,0,2,AVENUE MAC MAHON,48.8748441694,2.2948659666,12,2,2
202100036944,135Â 661,A01,10,3,1,0,0,-1,-1,6,9,1,2021,40.0,3,2,0,1,1,26,1,,4,kaweni-Kaweni nord ( Z I ),0,,2,0,0,1,0,0,1,, -1,1,0,8,50,4,5,2021,07:23,1,976,97611,1,1,0,6,kaweni-Kaweni nord ( Z I ),-12.77279,45.22267,7,2,1
202100011620,180Â 954,A01,1,1,2,5,1,0,-1,-1, -1,-1,2021,28.0,2,2,15,0,2,2,1,,4,SCHLOESING (BOULEVARD),0,,2,4,0,1,0,0,1,, -1,1,0,4,50,22,10,2021,17:00,1,13,13209,2,1,0,7,SCHLOESING (BOULEVARD),43.27318,5.40079,17,1,1
202100032314,143Â 998,B01,1,1,1,9,2,0,-1,0,0,-1,2021,30.0,2,1,0,2,2,1,1,,4,RUE D AVRON,0,,2,2,0,1,(1),(1),1,, -1,1,0,1,30,24,6,2021,20:40,1,75,75120,2,1,0,3,RUE D AVRON,48.853096,2.408341,20,2,2
202100031411,145Â 603,B01,1,1,2,5,1,8,-1,-1, -1,-1,2021,22.0,1,2,0,2,1,1,1,,1,A86 INT,0,,3,6,0,1,44,99,1,, -1,1,1,1,90,2,7,2021,13:25,1,94,94073,1,1,0,2,A86 INT,48.7713,2.3913,13,2,2
202100013986,176Â 702,B01,1,1,2,5,2,6,-1,-1, -1,-1,2021,19.0,1,1,0,2,3,1,1,,7,GRANDE RUE                          (GR),0,,2,2,0,2,2,700,1,, -1,1,0,1,30,10,10,2021,13:05,1,69,69149,2,3,0,1,GRANDE RUE,45.71237,4.80332,13,3,2
202100031403,145Â 623,A01,1,1,1,0,2,6,-1,-1, -1,-1,2021,22.0,1,1,0,2,1,3,1,,2,104,0,,3,6,0,1,35,900,1,, -1,1,0,1,110,2,7,2021,14:00,1,91,91174,1,1,0,1,RN 104,48.60987,2.44193,14,2,2
202100034060,140Â 880,A01,1,1,1,1,8,-1,-1,-1, -1,-1,2021,43.0,1,1,0,2,1,1,3,,4,DE GAULLE (AVENUE GENERAL),0,,2,2,1,1,(1),(1),1,, -1,2,-1,5,50,16,6,2021,17:35,1,35,35278,2,9,1,3,DE GAULLE (AVENUE GENERAL),48.152538,-1.686086,17,2,2
202100021518,163Â 176,A01,1,1,1,4,2,6,-1,0,0,-1,2021,57.0,2,1,0,2,2,17,1,,3,817,-1,,2,2,0,1,43,800,1,, -1,1,0,1,50,1,9,2021,17:15,1,65,65062,2,4,0,1,D817,43.206013,0.121523,17,2,2
202100038403,132Â 993,B01,1,1,1,4,1,0,-1,0,0,-1,2021,54.0,1,2,0,2,4,2,1,,4,RUE LA FAYETTE,0,,1,2,0,1,(1),(1),1,, -1,1,0,1,50,25,5,2021,09:05,1,75,75109,2,4,0,2,RUE LA FAYETTE,48.875603,2.342834,9,2,2
202100028699,150Â 420,A01,1,1,1,0,2,6,-1,-1, -1,-1,2021,40.0,3,1,0,2,7,17,1,,3,ROISSY (ROUTE DE),0,,3,2,0,1,0,1,1,, -1,1,8,1,50,16,7,2021,10:50,1,93,93073,1,1,0,3,Route de Roissy,48.983271,2.546491,10,3,2
202100035244,138Â 700,A01,1,1,1,0,8,0,-1,-1, -1,-1,2021,26.0,1,1,1,0,1,1,5,,4,ARGENTON (RUE D'),0,,2,2,0,1,0,0,1,, -1,1,0,1,50,9,6,2021,16:20,1,72,72003,2,1,0,6,ARGENTON (RUE D'),47.965,0.1536,16,1,1
202100049152,113Â 896,B01,1,1,1,1,2,0,-1,-1, -1,-1,2021,22.0,2,1,0,2,1,1,1,,3,JEAN JAURES (AVE) 55 A 129,0,,2,4,1,1,0,1,1,, -1,1,0,1,50,5,3,2021,21:45,5,93,93001,2,3,0,3,JEAN JAURES (AVE) 55 A 129,48.9076674434,2.3961846246,21,2,2
202100051534,109Â 580,A01,1,1,1,5,2,-1,-1,0,0,-1,2021,42.0,1,1,0,0,8,1,1,,3,951,0,D,2,2,0,2,62,0,1,, -1,1,0,1,80,14,2,2021,15:45,1,51,51381,1,1,0,7,D951,48.9350835045,3.8279379,15,1,1
202100006791,189Â 644,A01,1,1,2,0,1,0,-1,-1, -1,-1,2021,59.0,2,2,0,2,9,0,1,,1,A52-Sens Pont de l'Etoile vers Toulon,0,,1,2,0,1,23,100,1,, -1,2,0,1,130,21,11,2021,20:42,3,13,13005,1,1,1,5,A52-Sens Pont de l'Etoile vers Toulon,43.30216,5.59089,20,4,4
202100019717,166Â 396,A01,1,1,2,5,2,6,-1,0,0,-1,2021,19.0,2,1,0,2,2,1,1,,4,RUE DE VAUGIRARD,0,,2,2,0,1,(1),(1),1,, -1,1,0,1,30,9,9,2021,23:55,5,75,75106,2,3,0,3,RUE DE VAUGIRARD,48.8493068549,2.337326459,23,3,2
202100010569,182Â 839,C01,1,1,1,9,2,6,-1,0,0,-1,2021,24.0,1,1,0,2,2,1,3,,4,BOULEVARD HAUSSMANN,0,,1,3,0,1,(1),(1),1,, -1,1,0,1,30,28,10,2021,20:00,5,75,75109,2,2,0,4,BOULEVARD HAUSSMANN,48.872241,2.33832,20,3,3
202100028347,151Â 031,B01,2,2,2,5,1,-1,-1,0,0,-1,2021,72.0,1,2,0,2,1,1,1,,3,920,-1,,2,2,0,1,19,990,3,, -1,1,0,1,90,18,7,2021,17:00,1,12,12098,1,1,0,1,D920,44.550643,2.67855,17,4,2
202100008327,186Â 842,A01,1,1,1,0,2,6,-1,0,0,-1,2021,17.0,2,1,0,2,1,1,1,,1,31,-1,,3,4,0,1,256,0,1,, -1,2,0,1,-1,13,11,2021,17:20,3,54,54215,1,9,1,3,D657,48.7427904469,6.1549186708,17,2,2
202100049170,113Â 863,A01,1,1,2,5,2,6,-1,0,0,-1,2021,29.0,1,1,3,0,8,13,1,,2,24,-1,,3,4,0,1,68,15,1,, -1,1,0,1,110,6,3,2021,12:11,1,56,56074,1,1,0,6,RN24 PK 68+15,47.893054,-2.973154,12,1,1
202100011728,180Â 766,A01,2,2,1,5,1,-1,-1,0,0,-1,2021,29.0,1,2,6,0,2,1,1,,2,2007,-1,,2,2,0,2,46,60,3,, -1,1,0,4,50,23,10,2021,03:15,5,3,3298,2,1,0,6,53 Rue Jean JaurÃ¨s,46.311312,3.406078,3,2,1
202100001089,199Â 818,B01,1,1,2,0,1,0,-1,-1, -1,-1,2021,35.0,1,2,0,2,2,1,1,,4,,0,,1,0,0,1,0,0,1,, -1,2,0,1,50,28,12,2021,16:55,2,92,92044,2,9,1,3,JEAN JAURES(RUE) 57A99 ET 56A102,48.8929217284,2.2941792011,16,3,2
202100026062,155Â 100,B01,1,1,1,5,1,-1,-1,0,0,-1,2021,44.0,2,2,13,0,3,21,1,,3,975,0,,2,2,0,3,40,50,1,, -1,1,0,3,80,30,7,2021,09:49,1,36,36165,1,2,0,6,la boudiniÃ¨re,46.702673,1.038637,9,6,2
202100052530,107Â 821,A01,3,2,1,5,3,8,-1,-1, -1,-1,2021,3.0,1,2,13,0,1,14,1,,4,RIBERAC (RUE),0,,2,2,0,1,0,0,1,, -1,2,9,3,50,3,2,2021,23:00,5,67,67482,2,1,0,6,RIBERAC (RUE),48.54885,7.76062,23,4,1
202100050879,110Â 730,B01,1,1,1,5,2,8,-1,-1, -1,-1,2021,25.0,1,1,0,2,0,2,0,,3,STRASBOURG ( RUE DE ),0,,2,2,0,1,69,0,1,, -1,1,0,1,50,19,2,2021,13:08,1,68,68297,2,1,0,3,STRASBOURG ( RUE DE ),47.61508,7.5349,13,2,2
202100025535,156Â 030,A01,1,1,1,4,1,-1,-1,0,0,-1,2021,20.0,2,4,6,0,1,21,1,,3,69,-1,,2,2,0,1,8,400,1,, -1,1,0,3,70,5,8,2021,09:20,1,24,24170,1,1,0,6,Lieu Dit Puychautu,45.322351,0.722758,9,1,1
202100028604,150Â 587,B01,1,1,2,5,1,-1,-1,-1, -1,-1,2021,40.0,3,2,0,2,7,1,1,,7,YVES FARGE                          (R ),0,,2,2,0,1,63,700,1,, -1,1,0,1,50,16,7,2021,16:40,1,69,69259,2,2,0,3,YVES FARGE (BD),45.6889339077,4.8618149757,16,2,2
202100020113,165Â 673,A01,1,1,1,5,2,0,-1,0,0,-1,2021,66.0,2,0,12,0,7,14,3,,4,QUAI DES CELESTINS,0,,2,1,3,1,(1),(1),1,, -1,1,6,1,30,8,9,2021,14:35,1,75,75104,2,1,0,6,QUAI DES CELESTINS,48.851953,2.361207,14,1,1
202100048298,115Â 422,A01,1,1,2,5,1,0,-1,0,0,-1,2021,76.0,3,2,14,0,2,15,1,,4,BOULEVARD BOURDON,0,,2,5,0,1,(1),(1),2,, -1,2,0,1,50,11,3,2021,15:50,1,75,75104,2,4,1,6,BOULEVARD BOURDON,48.8528949434,2.3684336768,15,1,1
202100029814,148Â 497,A01,1,1,2,5,1,-1,-1,-1, -1,-1,2021,30.0,3,2,0,0,1,14,1,,4,LIENNE(CHEMIN DE LA),0,,2,2,1,1,(1),(1),3,, -1,1,0,8,30,9,7,2021,16:35,1,4,4112,1,1,0,7,Ch de la Lienne,43.8254,5.8055,16,1,1
202100042486,125Â 678,B01,1,1,1,0,2,0,-1,-1, -1,-1,2021,28.0,1,1,0,2,1,2,1,,4,FLAMMARION (BOULEVARD)     1 A 65,0,,2,2,0,1,(1),(1),1,, -1,2,0,1,50,26,4,2021,17:30,1,13,13201,2,1,1,3,FLAMMARION (BOULEVARD)     1 A 65,43.30438,5.3892,17,2,2
202100021487,163Â 232,A01,1,1,1,5,2,0,-1,0,0,-1,2021,19.0,1,1,0,2,1,1,1,,4,BOULEVARD HENRI IV,0,,2,4,0,1,(1),(1),1,, -1,1,0,1,50,1,9,2021,13:10,1,75,75104,2,3,0,3,BOULEVARD HENRI IV,48.8510857694,2.3622272138,13,2,2
202100023983,158Â 766,A01,10,3,2,5,8,8,-1,3,3,2,2021,64.0,0,2,0,1,1,2,1,,4,FONCILLON (FACADE DE),0,,3,2,0,1,(1),(1),1,, -1,1,0,4,30,15,8,2021,19:24,1,17,17306,2,1,0,6,FONCILLON (FACADE DE),45.620092,-1.03443,19,2,1
202100035982,137Â 366,B01,1,1,1,5,2,-1,-1,0,0,-1,2021,34.0,2,1,0,2,1,1,1,,3,813,-1,,2,2,0,2,81,900,4,, -1,1,0,1,50,8,6,2021,18:00,1,47,47233,1,4,0,3,Lieu-dit Salet,44.536271,0.089478,18,3,2
202100036951,135Â 650,A01,10,3,1,5,0,-1,-1,2,5,1,2021,24.0,1,2,4,1,3,1,1,,7,95,0,,3,4,0,1,2,400,1,, -1,1,0,1,50,1,6,2021,19:45,1,69,69259,2,1,0,6,AMBROISE CROIZAT (BD),45.69988,4.88768,19,2,1
202100050561,111Â 315,A01,1,1,1,0,8,0,-1,0,0,-1,2021,28.0,2,1,14,0,1,26,1,,3,ILES SANGUINAIRES ROUTE DES,0,,-1,1,0,1,0,50,1,, -1,1,0,1,30,21,2,2021,17:40,1,201,201004,1,1,0,6,ILES SANGUINAIRES ROUTE DES,41.90104,8.61693,17,1,1
202100047342,117Â 145,A01,1,1,2,1,1,0,-1,0,0,-1,2021,32.0,1,2,0,2,8,1,1,,4,RESISTANCE (AV. DE LA -IMPAIR-),0,,2,4,0,3,(1),(1),1,, -1,1,0,1,50,18,3,2021,12:10,1,54,54304,2,3,0,3,RESISTANCE (AV. DE LA -IMPAIR-),48.6945917202,6.1280208081,12,3,2
202100016351,172Â 406,B01,1,1,1,1,2,6,-1,0,0,-1,2021,48.0,1,1,0,2,7,1,3,,4,PLACE DE LA PORTE D AUTEUIL,0,,2,8,0,1,(1),(1),1,, -1,1,0,1,30,27,9,2021,11:30,1,75,75116,2,7,0,3,PLACE DE LA PORTE D AUTEUIL,48.8479119088,2.2589282691,11,2,2
202100005630,191Â 721,A01,1,1,2,0,1,8,-1,-1, -1,-1,2021,21.0,1,2,0,2,5,1,1,,4,FERRY (AVENUE JULES),0,,1,1,0,1,0,0,1,, -1,1,0,1,50,29,11,2021,07:20,5,93,93078,2,2,0,3,FERRY (AVENUE JULES),48.9525399066,2.5349987764,7,2,2
202100017746,169Â 901,A01,1,1,1,1,2,-1,-1,0,0,-1,2021,29.0,2,1,0,2,0,21,1,,3,D938,-1,,2,2,0,1,12,620,1,, -1,1,0,1,50,21,9,2021,17:05,1,78,78575,2,1,0,7,Route de Versailles,48.714312,2.08531,17,3,3
202100047206,117Â 385,B01,2,1,1,1,1,0,-1,-1, -1,-1,2021,36.0,1,2,0,2,4,26,1,,2,11 - RT,0,,3,4,0,1,1,0,1,, -1,1,0,1,70,20,3,2021,12:15,1,202,202120,1,1,0,4,11 - RT,42.65775,9.44165,12,3,3
202100043586,123Â 759,A01,1,1,1,5,2,-1,-1,0,0,-1,2021,41.0,2,6,13,0,2,1,1,,4,,-1,,2,2,0,1,(1),(1),2,, -1,1,0,3,50,18,4,2021,18:50,1,72,72011,2,9,0,7,4 rue du bourgneuf,48.320369,-0.00957,18,1,1
202100021921,162Â 442,B01,1,1,1,0,8,-1,-1,-1, -1,-1,2021,33.0,1,1,0,2,4,1,5,,4,GENAS    (Route de),0,,2,4,0,1,(1),(1),1,, -1,1,0,1,50,29,8,2021,13:40,1,69,69266,2,1,0,2,GENAS (DE) (RTE),45.75162,4.90483,13,2,2
202100030813,146Â 687,B01,1,1,2,0,2,0,-1,-1, -1,-1,2021,56.0,2,1,0,2,4,2,1,,7,QUATRE CHEMINS,0,,1,2,0,1,8,240,3,, -1,1,0,1,50,1,7,2021,13:30,1,83,83062,1,6,0,2,QUATRE CHEMINS,43.13736,6.02599,13,2,2
202100009755,184Â 263,A01,4,2,1,0,1,0,-1,-1, -1,-1,2021,24.0,2,2,0,2,6,9,1,,3,R D 900,0,,3,4,0,1,1,690,1,, -1,1,0,1,70,31,10,2021,13:50,1,66,66136,1,1,0,2,R D 900,42.701511,2.885886,13,4,2
202100022432,161Â 542,A01,1,1,1,5,2,-1,-1,-1, -1,-1,2021,16.0,1,1,0,2,6,9,1,,3,FRATERNITE (PLACE),0,,1,2,0,1,17,620,2,, -1,1,9,1,50,25,8,2021,16:15,1,51,51172,2,6,0,3,Place de la FraternitÃ©,49.2150768145,4.0507441367,16,2,2