Num_Acc,id_vehicule,num_veh,place,catu,sexe,trajet,secu1,secu2,secu3,locp,actp,etatp,year_acc,victim_age,senc,catv,obs,obsm,choc,manv,motor,occutc,catr,voie,v1,v2,circ,nbv,vosp,prof,pr,pr1,plan,lartpc,larrout,surf,infra,situ,vma,jour,mois,an,hrmn,lum,dep,com,agg_,int,atm,col,adr,lat,long,hour,nb_victim,nb_vehicules
202100050040,112Â 294,B01,2,2,1,0,1,0,-1,-1, -1,-1,2021,22.0,3,2,0,2,5,2,1,,7,D9 (BRETELLE),0,,2,2,0,1,1,233,1,, -1,1,0,1,50,26,2,2021,21:00,3,13,13054,2,1,0,2,D9 (BRETELLE),43.4241003772,5.2350525966,21,3,2
202100043733,123Â 516,A01,1,1,2,1,1,8,-1,-1, -1,-1,2021,49.0,1,2,2,2,0,26,1,,2,JAURES (BLD 1 JEAN),0,,3,3,1,3,(1),(1),1,, -1,1,5,3,50,16,4,2021,18:33,3,974,97411,2,1,0,6,JAURES (BLD 1 JEAN),-20.89082,55.46606,18,1,1
202100055093,103Â 337,A01,10,3,2,0,0,-1,-1,8,9,1,2021,74.0,2,4,0,1,6,26,1,,3,DIVISION LECLERC (AVENUE DE LA),0,,1,2,3,1,1,0,1,, -1,2,9,3,50,14,1,2021,13:35,1,92,92019,2,1,1,6,DIVISION LECLERC (AVENUE DE LA),48.7632623499,2.2770209319,13,2,1
202100041549,127Â 337,A01,1,1,1,1,2,6,-1,0,0,-1,2021,33.0,1,1,0,2,1,2,1,,4,PORTE DE BAGNOLET,0,,1,4,0,1,29,400,1,, -1,1,0,1,70,3,5,2021,17:05,1,75,75120,2,1,0,2,PORTE DE BAGNOLET,48.868742,2.413252,17,2,2
202100037824,134Â 046,B01,1,1,1,2,2,6,-1,-1, -1,-1,2021,23.0,3,1,0,2,1,1,1,,4,JUIN (AV. MAR.),0,,2,2,0,1,(1),(1),3,, -1,1,0,1,50,28,5,2021,08:45,1,4,4070,2,1,0,1,Av MarÃ©chal Juin,44.07991,6.21703,8,2,2
202100050060,112Â 260,B01,1,1,1,5,8,0,-1,0,0,-1,2021,40.0,2,1,0,0,0,1,5,,4,RUE DE VAUGIRARD,0,,1,3,1,1,(1),(1),1,, -1,1,-1,5,50,25,2,2021,13:20,1,75,75115,2,3,0,3,RUE DE VAUGIRARD,48.842462,2.31108,13,2,2
202100050209,111Â 966,A01,1,1,1,9,2,6,-1,0,0,-1,2021,34.0,2,1,0,2,2,1,1,,4,RUE OLIVIER METRA,0,,1,1,2,4,(1),(1),1,, -1,1,0,1,30,25,2,2021,10:00,1,75,75120,2,1,0,3,RUE OLIVIER METRA,48.872084,2.394943,10,2,2
202100023390,159Â 809,A01,1,1,1,5,1,0,-1,-1, -1,-1,2021,21.0,1,2,3,0,1,13,1,,3,RD 444,0,,2,2,0,1,2,99,1,, -1,1,0,1,70,20,8,2021,05:10,3,91,91312,1,1,0,6,RD 444,48.73545,2.23006,5,1,1
202100023766,159Â 137,B01,1,1,1,9,2,6,-1,0,0,-1,2021,34.0,1,1,0,2,1,13,1,,7,5,0,D,2,2,0,1,12,345,1,, -1,1,0,1,-1,16,8,2021,18:40,1,34,34088,1,3,1,3,d5,43.568833,3.736145,18,2,2
202100053513,106Â 060,A01,1,1,1,4,1,-1,-1,0,0,-1,2021,28.0,1,2,2,0,3,0,1,,4,6,-1,,2,2,0,1,(1),(1),1,, -1,2,0,3,-1,27,1,2021,07:45,2,89,89195,1,1,1,7,Lieu Dit Bel Air,48.140619,3.247726,7,5,1
202100045061,121Â 184,A01,1,1,1,5,2,-1,-1,0,0,-1,2021,18.0,1,1,12,0,1,1,1,,3,26,-1,,2,2,0,1,(1),(1),3,, -1,1,0,4,50,4,4,2021,19:00,1,68,68060,2,1,0,6,34 Rue Principale,47.731639,7.147775,19,1,1
202100021712,162Â 830,A01,1,1,1,0,2,5,6,0,0,-1,2021,21.0,1,1,16,0,7,16,1,,3,653,0,,-1,2,0,2,1,800,4,, -1,9,0,1,80,31,8,2021,16:54,1,67,67324,1,1,0,7,RD653,48.968822,7.671794,16,1,1
202100055820,102Â 094,A01,10,3,2,5,0,-1,-1,3,3,2,2021,44.0,1,2,0,1,1,21,1,,4,CARNOT (RUE),0,,1,1,0,1,(1),(1),1,, -1,2,5,1,50,7,1,2021,09:32,1,10,10387,2,1,0,6,CARNOT (RUE),48.29724,4.06594,9,2,1
202100027849,151Â 936,B01,1,1,2,5,2,6,9,0,0,-1,2021,57.0,2,1,0,2,7,1,1,,3,,-1,,2,2,0,1,(1),(1),1,,4,1,0,1,50,21,7,2021,19:45,1,21,21699,1,3,0,3,Rue des Gesserottes,47.203935,5.341453,19,2,2
202100030642,146Â 986,A01,1,1,1,5,2,-1,-1,0,0,-1,2021,71.0,1,1,0,0,0,0,5,,3,20,0,,2,2,0,1,0,800,1,, -1,1,0,1,50,1,7,2021,12:15,1,70,70421,2,1,0,7,17 rue de l'Ã©glise,47.690403,6.043242,12,1,1
202100049218,113Â 777,B01,1,1,1,5,1,-1,-1,-1, -1,-1,2021,49.0,2,2,0,2,8,1,1,,4,DOCTEUR COBLOD (DU)                 (BD),0,,2,2,0,1,(1),(1),1,, -1,1,0,1,50,4,3,2021,15:50,1,69,69259,2,1,0,3,DOCTEUR COBLOD (DU) (BD) ,45.70238,4.88939,15,2,2
202100003691,195Â 155,B01,1,1,1,4,1,-1,-1,0,0,-1,2021,50.0,1,5,0,2,8,1,1,,3,JUIN (BOULEVARD MARECHAL),0,,2,2,0,1,1,0,1,, -1,1,0,1,50,9,12,2021,12:55,1,14,14118,2,3,0,3,JUIN (BOULEVARD MARECHAL),49.20975,-0.37103,12,3,2
202100014270,176Â 192,A01,2,2,2,5,1,-1,-1,0,0,-1,2021,75.0,2,2,0,2,2,16,1,,3,139,0,D,2,2,0,2,11,220,3,, -1,1,0,1,50,10,10,2021,12:14,1,30,30033,2,2,0,3,Rue du Jeu de Mail,43.720676,4.321184,12,3,2
202100023016,160Â 487,A01,1,1,1,0,8,0,-1,-1, -1,-1,2021,64.0,1,2,0,0,1,0,1,,3,ROUTE DE BOULIQUI,0,,2,2,0,1,(1),(1),1,, -1,1,0,1,50,1,8,2021,17:45,1,971,97101,1,1,0,6,ROUTE DE BOULIQUI,16.25801,-61.45507,17,1,1
202100051077,110Â 376,A01,1,1,1,1,2,0,-1,0,0,-1,2021,36.0,0,1,0,0,1,2,1,,3,PELISSIER AV.JEAN MICHARD,0,,2,2,0,1,2,750,2,, -1,1,0,3,50,18,2,2021,09:10,1,6,6004,1,1,0,7,PELISSIER AV.JEAN MICHARD,43.61104,7.10952,9,1,1
202100047290,117Â 233,B01,1,1,2,5,0,-1,-1,0,0,-1,2021,15.0,1,1,0,2,8,16,5,,4,,-1,,2,2,0,2,(1),(1),1,, -1,1,0,1,50,21,3,2021,12:10,1,2,2779,2,3,0,3,Rue du Fort,49.981723,3.639624,12,2,2
202100029186,149Â 581,B01,1,1,1,2,2,-1,-1,0,0,-1,2021,16.0,1,1,0,2,1,17,1,,3,577,0,D,2,2,0,1,35,636,1,, -1,1,0,1,30,10,6,2021,08:10,1,35,35126,2,1,0,3,Rue de Redon,47.999524,-1.775972,8,2,2
202100027745,152Â 116,B01,1,1,1,0,1,8,-1,-1, -1,-1,2021,25.0,2,2,0,2,5,15,1,,4,SAINT CHERON (RUE),0,,-1,2,0,1,0,0,1,, -1,1,0,1,30,21,7,2021,21:08,1,28,28085,2,1,0,2,SAINT CHERON (RUE),48.4464,1.5052,21,5,2
202100025786,155Â 599,A01,2,1,1,5,2,0,-1,-1, -1,-1,2021,35.0,1,1,0,2,4,26,1,,3,REPUBLIQUE (AVE DE LA ) 43/106 =>,0,,2,2,0,1,0,0,1,, -1,1,0,1,50,3,8,2021,17:00,1,93,93001,2,1,0,2,REPUBLIQUE (AVE DE LA ) 43/106 =>,48.90572,2.38981,17,2,2
202100011602,180Â 988,B01,1,1,1,5,8,0,-1,-1, -1,-1,2021,26.0,2,1,0,2,8,1,3,,4,PONT JUVENAL (AVENUE DU),0,,2,2,0,1,(1),(1),1,, -1,1,9,1,50,23,10,2021,00:15,5,34,34172,2,2,0,1,PONT JUVENAL (AVENUE DU),43.605914,3.894084,0,2,2
202100038104,133Â 554,B01,1,1,1,0,1,-1,-1,0,0,-1,2021,24.0,3,2,0,2,8,1,1,,3,109,0,,2,2,0,2,13,20,1,, -1,1,0,1,80,27,5,2021,17:15,1,17,17349,1,2,0,3,Rue de la Grande Palisse,46.244403,-0.90016,17,2,2
202100021912,162Â 462,A01,1,1,1,0,8,0,-1,-1, -1,-1,2021,19.0,2,1,0,2,1,5,1,,4,BAILLIF (CHEMIN ERNEST),0,,2,2,0,2,0,0,1,, -1,1,0,1,50,29,8,2021,18:30,2,974,97416,2,1,0,1,BAILLIF (CHEMIN ERNEST),-21.29825,55.49469,18,2,2
202100006334,190Â 470,A01,10,3,2,2,0,-1,-1,1,3,1,2021,14.0,2,2,0,1,2,1,1,,3,29,0,D,2,2,0,1,34,105,1,, -1,1,0,1,50,26,11,2021,08:00,2,31,31202,2,1,0,6,Avenue de Villaudric,43.837971,1.393987,8,2,1
202100025514,156Â 063,A01,2,2,2,5,1,-1,-1,0,0,-1,2021,39.0,3,2,1,0,2,17,1,,3,16,-1,,2,2,0,1,10,406,1,, -1,1,0,1,90,31,7,2021,19:40,1,61,61176,1,1,0,2,D16,48.624853,-0.044621,19,7,2
202100008184,187Â 097,A01,1,1,1,5,2,6,-1,0,0,-1,2021,61.0,3,6,0,0,0,1,1,,4,0,0,,2,2,0,1,(1),(1),3,, -1,2,0,1,80,14,11,2021,11:30,1,41,41116,1,3,1,7,L Epau,47.856291,1.108578,11,1,1
202100020528,164Â 944,B01,1,1,1,5,8,0,-1,-1, -1,-1,2021,55.0,1,0,0,2,1,1,5,,4,JOUHAUX (RUE L.)       (47-34 A 58),0,,2,2,1,1,(1),(1),1,, -1,1,0,1,50,6,9,2021,11:00,1,38,38185,2,1,0,3,JOUHAUX (RUE L.)       (47-34 A 58),45.17969,5.74215,11,2,2
202100031544,145Â 372,A01,1,1,1,1,2,6,-1,-1,0,-1,2021,35.0,2,1,0,2,1,18,1,,1,AUTOROUTE A3,0,,3,-1,0,1,14,600,1,, -1,1,0,1,90,1,7,2021,07:30,1,95,95277,1,1,0,3, A3,48.9777782041,2.4934619665,7,2,2
202100038416,132Â 973,A01,10,3,1,5,0,-1,-1,2,3,1,2021,11.0,1,2,0,1,2,1,1,,4,,0,,2,2,0,1,0,0,1,, -1,1,0,1,50,23,5,2021,17:45,1,92,92063,2,1,0,6,GALLIENI (RUE),48.873655221,2.2014840692,17,2,1
202100048249,115Â 505,A01,10,3,2,3,0,-1,-1,3,3,1,2021,65.0,1,2,0,1,1,1,1,,3,MARQUI (AVENUE ALEXANDRE),0,,2,3,0,1,0,583,1,, -1,1,9,1,50,7,3,2021,11:35,1,65,65286,2,1,0,6,MARQUI (AVENUE ALEXANDRE),43.102507,-0.043471,11,2,1
202100050036,112Â 304,B01,1,1,1,5,1,0,-1,-1, -1,-1,2021,34.0,2,2,0,2,4,1,1,,2,06 PK RN237 MOULIN JUSTICE RE,0,,3,4,0,1,117,738,1,, -1,1,0,1,90,26,2,2021,18:30,3,17,17300,2,1,0,4,06 PK RN237 MOULIN JUSTICE RE,46.16913,-1.120822,18,3,3
202100037470,134Â 690,A01,1,1,1,5,1,-1,-1,0,0,-1,2021,38.0,2,2,14,0,3,1,1,,3,,-1,,2,2,0,1,10,600,1,, -1,1,9,1,50,30,5,2021,21:40,2,95,95487,2,1,0,6,109 Avenue Jacques Vogt,49.1535135399,2.2712768152,21,1,1
202100035842,137Â 635,A01,1,1,1,1,2,6,9,0,0,-1,2021,36.0,2,1,0,2,1,2,1,,2,162,0,,2,2,0,1,31,770,1,, -1,1,0,1,80,9,6,2021,16:30,1,53,53094,1,1,0,2,N162,48.017573,-0.731277,16,2,2
202100036632,136Â 228,A01,2,2,2,0,2,0,-1,-1, -1,-1,2021,51.0,0,1,0,2,1,3,1,,3,AV DES ARCHES,0,,2,0,0,1,0,0,2,, -1,1,0,1,50,2,6,2021,17:40,1,13,13004,2,1,0,3,AV DES ARCHES,43.66522,4.64613,17,3,2
202100025111,156Â 766,B01,10,3,1,5,0,-1,-1,1,5,2,2021,5.0,1,2,0,1,1,1,1,,4,REFFYE (COURS),0,,2,2,0,1,(1),(1),1,, -1,1,0,1,50,7,8,2021,15:46,1,65,65440,2,1,0,6,REFFYE (COURS),43.232274,0.071454,15,2,1
202100007276,188Â 747,A01,1,1,2,5,1,0,-1,-1, -1,-1,2021,31.0,2,2,0,2,1,9,1,,1,VA007418 PONT JUMEAUX A620 Sortie 30,0,,1,3,0,1,5,323,1,, -1,1,0,1,90,18,11,2021,19:50,5,31,31555,2,1,0,4,VA007418 PONT JUMEAUX A620 Sortie 30,43.60865,1.41142,19,4,4
202100004539,193Â 663,A01,10,3,2,9,0,-1,-1,4,3,1,2021,23.0,1,2,0,1,3,1,1,,4,BOULEVARD DIDEROT,0,,2,0,0,1,(1),(1),1,, -1,2,0,1,30,5,12,2021,13:15,1,75,75112,2,2,1,6,BOULEVARD DIDEROT,48.846769,2.381763,13,2,1
202100043496,123Â 912,A01,1,1,1,5,2,6,-1,0,0,-1,2021,64.0,1,1,0,2,1,1,1,,3,978,-1,,2,2,0,3,58,200,1,, -1,1,0,1,80,20,4,2021,15:40,1,71,71005,1,1,0,2,Le Roc Blanc,46.836006,4.689628,15,2,2
202100000636,200Â 569,A01,10,3,1,3,0,-1,-1,3,3,1,2021,60.0,2,2,0,1,2,1,1,,3,619,-1,,2,2,0,1,26,726,1,, -1,1,6,1,50,7,12,2021,17:58,5,77,77317,2,1,0,6,D619,48.607146,2.890515,17,2,1
202100024920,157Â 116,A01,1,1,1,5,1,-1,-1,0,0,-1,2021,19.0,1,2,13,0,2,1,1,,3,109,0,,2,2,0,1,25,200,1,, -1,1,0,3,80,23,7,2021,02:45,3,17,17373,1,1,0,6,D109,46.146156,-0.984584,2,1,1
202100017990,169Â 471,B01,1,1,2,0,8,0,-1,-1, -1,-1,2021,69.0,1,2,0,2,4,1,1,,7,AVENUE RITONDALE LEOPOLD,0,,1,2,0,1,12,50,1,, -1,1,0,1,50,16,9,2021,18:45,1,83,83069,2,3,0,2,AVENUE RITONDALE LEOPOLD,43.11562,6.13918,18,2,2
202100030245,147Â 703,A01,1,1,1,4,2,0,-1,-1, -1,-1,2021,22.0,3,1,0,2,2,17,3,,4,HENRI ROUART (R),0,,2,2,0,2,1,0,1,, -1,1,0,1,50,7,7,2021,19:00,1,94,94060,2,2,0,3,HENRI ROUART (R),48.78227,2.57823,19,2,2
202100012091,180Â 103,A01,1,1,2,5,1,-1,-1,0,0,-1,2021,19.0,2,2,2,0,3,0,1,,3,6086,-1,,2,2,0,1,21,650,1,, -1,1,0,1,80,21,10,2021,00:30,3,30,30331,1,1,0,6,Route DÃ©partementale N 6086,44.1006765437,4.6045911312,0,2,1
202100040589,129Â 066,A01,1,1,1,1,0,0,-1,-1, -1,-1,2021,36.0,1,0,0,2,1,17,5,,4,RUE AUGUSTE BENEBIG,0,,2,3,0,2,0,0,1,, -1,2,0,1,50,4,5,2021,16:23,1,988,98818,2,3,1,3,RUE AUGUSTE BENEBIG/RUE ALBERT 1ER,-22.27149,166.45155,16,2,2
202100033865,141Â 228,B01,1,1,1,5,2,-1,-1,0,0,-1,2021,16.0,2,1,0,2,1,1,1,,4,ROQUES (ROUTE DE LA),0,,2,2,0,2,(1),(1),1,, -1,1,0,1,50,13,6,2021,10:30,1,12,12176,2,2,0,3,ROQUES (ROUTE DE LA),44.37373,2.57836,10,3,2
202100021580,163Â 058,B01,1,1,1,5,2,6,9,-1, -1,-1,2021,46.0,1,1,0,2,7,1,1,,4,PAUL BERT                           (R ),0,,1,1,2,1,(1),(1),1,, -1,1,0,1,50,31,8,2021,11:00,1,69,69383,2,2,0,3,PAUL BERT (R),45.75621,4.84615,11,2,2
202100024227,158Â 367,A01,1,1,1,0,1,0,-1,-1, -1,-1,2021,45.0,3,2,0,2,3,2,1,,3,CHOISY(ROUTE DE),0,,1,1,0,1,0,0,1,, -1,1,0,1,50,11,8,2021,19:57,1,94,94028,2,1,0,4,CHOISY(ROUTE DE),48.78965,2.45253,19,4,3
202100050422,111Â 569,B01,1,1,1,5,1,0,-1,-1, -1,-1,2021,40.0,2,2,0,2,5,1,0,,7,RD383   3.750 A 7.640,0,,3,3,0,1,6,500,1,, -1,1,0,1,70,21,2,2021,08:20,1,69,69266,1,1,0,4,RD383,45.76005,4.90958,8,3,3
202100004060,194Â 491,A01,10,3,2,0,0,-1,-1,2,3,1,2021,56.0,1,2,0,1,3,9,1,,4,TIVOLI (AVE DE),0,,2,2,0,1,(1),(1),1,, -1,2,0,1,50,8,12,2021,07:00,5,33,33069,2,1,1,6,Avenue de Tivoli,44.86098,-0.59275,7,2,1
202100029040,149Â 827,A01,10,3,2,5,0,-1,-1,5,1,3,2021,15.0,1,2,0,1,1,1,1,,3,6572,-1,,1,1,0,1,3,760,4,, -1,1,9,4,50,14,7,2021,20:20,2,30,30006,2,6,0,6,D6572,43.686109,4.20771,20,2,1
202100033069,142Â 631,A01,1,1,1,1,2,6,-1,0,0,-1,2021,36.0,2,1,0,0,7,1,1,,4,PORTE DE SAINT OUEN,0,,1,4,0,1,(1),(1),1,, -1,2,0,1,70,20,6,2021,22:45,5,75,75118,2,4,0,7,PORTE DE SAINT OUEN,48.9008329258,2.3338698481,22,1,1
202100049805,112Â 721,A01,1,1,1,0,1,-1,-1,0,0,-1,2021,36.0,1,2,0,0,9,1,1,,7,36,-1,,2,2,0,1,38,902,1,, -1,1,0,3,50,27,2,2021,17:35,1,35,35250,2,1,0,7,Route de ChÃ¢teaugiron,48.01425,-1.587766,17,1,1
202100052832,107Â 287,B01,1,1,2,4,1,-1,-1,0,0,-1,2021,32.0,2,3,0,2,3,23,1,3.0,3,436,0,,2,2,0,1,14,600,1,, -1,1,0,1,50,1,2,2021,17:20,2,77,77192,2,1,0,1,6 Avenue Pasteur,48.70609,2.870189,17,4,2
202100056461,100Â 981,A01,2,2,2,5,1,-1,-1,0,0,-1,2021,66.0,3,2,0,2,3,15,1,,4,Hent Maner Ar Ster,-1,,2,2,0,1,(1),(1),1,, -1,1,5,1,50,3,1,2021,15:20,1,29,29158,1,3,0,1,Hent Maner Ar Ster,47.800708,-4.329072,15,3,2
202100033474,141Â 938,B01,1,1,2,1,1,-1,-1,0,0,-1,2021,41.0,3,2,0,0,3,1,1,,3,1075,0,D,2,2,0,4,26,(1),1,, -1,1,0,1,80,19,6,2021,18:45,1,38,38543,1,1,0,1,Route de la Chartreuse,45.651254,5.485509,18,2,2
202100051646,109Â 373,A01,10,3,2,1,0,-1,-1,3,3,1,2021,20.0,1,2,0,1,1,1,1,,4,JULES MONNEROT (RUE),0,,1,2,0,1,(1),(1),1,, -1,2,0,1,50,12,2,2021,06:00,1,972,97209,2,2,1,6,JULES MONNEROT (RUE),14.60816,-61.06937,6,2,1
202100002339,197Â 607,B01,1,1,2,0,1,-1,-1,0,0,-1,2021,29.0,0,2,0,2,1,1,1,,2,13,0,,2,3,0,1,(1),(1),1,, -1,1,0,1,90,19,12,2021,20:25,3,27,27410,1,3,0,3,N13,49.012851,1.282246,20,3,2
202100050717,111Â 028,A01,1,1,2,0,1,0,-1,-1, -1,-1,2021,32.0,1,2,0,2,1,26,1,,1,AUTOROUTE A86,0,,3,4,0,1,51,0,1,, -1,1,1,1,70,21,2,2021,15:05,1,94,94034,1,1,0,2,AUTOROUTE A86,48.75687,2.33167,15,2,2
202100024011,158Â 723,A01,1,1,1,0,2,6,-1,-1, -1,-1,2021,33.0,3,1,0,0,1,16,1,,4,CHAUTEMPS (AVENUE CAMILLE),0,,2,2,0,1,(1),(1),3,, -1,1,0,1,50,14,8,2021,20:35,1,37,37261,2,1,0,7,CHAUTEMPS (AVENUE CAMILLE),47.3799375958,0.7265836356,20,1,1
202100017514,170Â 316,A01,2,2,2,0,1,0,-1,-1, -1,-1,2021,50.0,2,2,0,2,1,9,1,,3,GALLIENI (AVENUE),0,,-1,2,0,1,0,0,1,, -1,1,0,1,50,20,9,2021,18:20,1,93,93053,2,3,0,3,GALLIENI (AVENUE),48.89633,2.46102,18,3,2
202100055004,103Â 492,A01,1,1,1,0,1,0,-1,-1, -1,-1,2021,41.0,2,2,3,0,1,21,1,,1,AUTOROUTE A104,0,,3,6,0,1,3,799,1,, -1,2,0,1,90,13,1,2021,05:45,3,93,93078,1,1,1,6,AUTOROUTE A104,48.95808,2.52948,5,1,1
202100030210,147Â 768,B01,3,2,2,0,1,0,-1,-1, -1,-1,2021,9.0,2,2,0,2,3,1,0,,7,GALICE (RTE DE),0,,2,4,0,1,(1),(1),1,, -1,1,0,1,50,7,7,2021,23:45,4,13,13001,2,9,0,3,GALICE (RTE DE),43.5280509078,5.4048625695,23,4,2
202100017586,170Â 190,B01,2,2,2,9,2,8,-1,-1, -1,-1,2021,39.0,2,1,0,2,3,1,1,,1,A507 sens Aubagne- Marseille,0,,-1,3,0,1,10,0,1,, -1,1,0,1,70,22,9,2021,07:12,1,13,13055,1,1,0,2,A507 sens Aubagne- Marseille,43.33,5.403,7,3,2
202100031515,145Â 428,A01,1,1,1,0,2,6,-1,0,0,-1,2021,47.0,3,1,6,0,1,1,1,,4,,-1,,2,2,0,3,(1),(1),1,,4,1,0,8,50,29,6,2021,15:30,1,7,7341,2,4,0,6,Voie de Chauvel,44.558839,4.498531,15,1,1
202100001550,199Â 034,A01,1,1,1,5,1,-1,-1,0,0,-1,2021,20.0,3,0,6,0,3,1,1,,4,1,0,A,2,2,0,2,(1),(1),1,, -1,1,0,8,50,24,12,2021,23:30,5,971,97119,1,1,0,6,Chemin des Mahoganys,16.3711281058,-61.4674168825,23,1,1
202100006445,190Â 277,A01,10,3,1,9,0,-1,-1,2,2,1,2021,40.0,2,2,0,1,2,1,1,,4,BEAU TOCQUAT (RUE),0,,2,2,0,1,(1),(1),1,, -1,1,0,1,50,23,11,2021,08:51,1,10,10387,2,1,0,6,BEAU TOCQUAT (RUE),48.30659,4.04355,8,2,1
202100052662,107Â 593,A01,10,3,1,0,8,8,-1,2,3,1,2021,10.0,1,2,0,1,1,1,1,,4,LANGUEDOC (RUE DU),0,,2,3,0,1,0,0,1,, -1,2,0,1,50,1,2,2021,13:50,1,67,67482,2,1,1,6,LANGUEDOC (RUE DU),48.548816,7.741721,13,2,1
202100052821,107Â 307,A01,2,2,2,3,1,-1,-1,0,0,-1,2021,77.0,1,2,2,0,2,1,1,,3,131e3,0,D,2,2,0,1,35,350,1,, -1,2,0,3,80,3,2,2021,11:45,1,62,62886,1,1,1,6,D131e3,50.564504,1.946791,11,2,1
202100002802,196Â 760,A01,10,3,2,1,0,-1,-1,3,3,1,2021,33.0,2,1,0,1,0,13,1,,4,R GABRIEL PERI ,0,,2,2,0,1,1,0,1,, -1,1,0,1,30,14,12,2021,20:10,5,94,94081,2,1,0,7,GABRIEL PERI (R),48.79568,2.40002,20,2,1
202100053028,106Â 935,A01,1,1,1,5,1,0,-1,-1, -1,-1,2021,29.0,2,2,0,2,4,2,1,,1,Sens Aubagne vers Marseille,0,,1,3,0,1,7,500,1,, -1,1,0,1,90,31,1,2021,17:50,2,13,13211,1,1,0,2,Sens Aubagne vers Marseille,43.29244,5.47853,17,3,2
202100035551,138Â 163,A01,1,1,1,9,2,0,-1,0,0,-1,2021,46.0,1,1,14,0,1,14,3,,4,RUE DE RIVOLI,0,,2,4,0,1,(1),(1),1,, -1,1,0,1,30,9,6,2021,20:10,1,75,75104,2,1,1,6,RUE DE RIVOLI,48.855268,2.360885,20,1,1
202100022711,161Â 003,A01,1,1,2,9,1,0,-1,-1, -1,-1,2021,18.0,1,2,1,0,1,26,1,,4,DUCROQUET RUE DU DOC. NÂ°1-167,0,,2,1,1,1,(1),(1),1,, -1,1,0,8,50,24,8,2021,10:35,1,59,59378,2,1,0,6,DUCROQUET RUE DU DOC. NÂ°1-167,50.68118,3.09034,10,1,1
202100041669,127Â 120,A01,10,3,1,0,0,-1,-1,2,3,1,2021,64.0,2,1,0,1,1,1,1,,4,RUE DU TRONC DU PINSON,0,,1,1,2,1,(1),(1),1,, -1,1,4,5,30,28,4,2021,12:25,1,33,33162,2,1,0,6,Rue du Tronc du Pinson,44.8798,-0.63705,12,2,1
202100045682,120Â 086,A01,1,1,2,1,8,-1,-1,0,0,-1,2021,34.0,1,2,0,2,2,11,1,,3,17,-1,,2,2,0,1,60,840,1,, -1,1,5,1,80,31,3,2021,17:48,1,31,31341,1,1,0,1,D17,43.725018,1.247549,17,2,2
202100043940,123Â 135,A01,10,3,2,3,0,-1,-1,5,2,1,2021,86.0,3,4,0,1,5,4,1,,4,,0,,1,1,0,2,0,0,1,, -1,1,0,4,30,15,4,2021,11:45,1,92,92023,2,1,0,6,ANTOINE GROSSIN (ALLEE),48.8116528412,2.2743092741,11,2,1
202100004305,194Â 059,A01,1,1,1,0,2,6,-1,-1, -1,-1,2021,38.0,1,1,0,2,1,1,1,,4,PASTEUR (AVENUE),0,,1,1,0,1,0,0,1,, -1,2,0,1,50,7,12,2021,19:20,5,93,93073,2,1,1,2,PASTEUR (AVENUE),48.94,2.57,19,2,2
202100019647,166Â 526,B01,1,1,1,1,2,0,-1,-1, -1,-1,2021,17.0,1,1,0,0,0,0,1,,3,RTE DE MORET,0,,2,2,0,1,21,805,1,, -1,2,9,1,50,10,9,2021,09:45,1,77,77302,2,1,0,1,D40,48.306688,2.707188,9,2,2
202100044751,121Â 724,B01,2,2,2,5,1,-1,-1,0,0,-1,2021,57.0,1,2,0,0,1,1,1,,3,38,-1,D,2,2,0,2,3,600,1,, -1,1,0,1,-1,27,3,2021,19:25,2,43,43078,2,1,0,1,Route de la Gare,45.001428,3.912163,19,3,2
202100029177,149Â 596,A01,1,1,1,0,1,0,-1,-1, -1,-1,2021,51.0,3,4,1,2,4,23,1,,3,7,0,,1,4,0,1,0,0,1,, -1,1,0,1,50,13,7,2021,07:20,1,92,92062,2,1,0,2,DE DION BOUTON (QUAI) DU 29 AU 65,48.8844916211,2.2502741218,7,2,2
202100021971,162Â 356,A01,1,1,1,5,2,-1,-1,0,0,-1,2021,30.0,2,1,0,2,3,15,1,,3,14,0,,2,2,0,1,2,895,1,,"7,3",1,0,1,80,30,8,2021,10:50,1,79,79148,1,3,0,3,,46.239146,-0.088593,10,2,2
202100012653,179Â 096,A01,1,1,1,0,8,0,-1,-1, -1,-1,2021,14.0,1,1,0,2,1,1,3,,7,AVENUE AMBROISE CROIZAT,0,,2,3,0,1,0,0,1,, -1,1,5,1,50,17,10,2021,17:17,1,38,38421,2,2,0,1,AVENUE AMBROISE CROIZAT,45.18161,5.76312,17,2,2
202100006042,190Â 994,B01,2,2,1,5,1,-1,-1,0,0,-1,2021,70.0,1,2,0,2,8,1,1,,3,18,0,D,2,2,0,2,28,705,1,, -1,1,0,1,90,28,11,2021,11:00,1,16,16200,1,2,0,3,route de mansle,45.857933,0.165364,11,3,2
202100052268,108Â 279,A01,1,1,1,0,8,-1,-1,0,0,-1,2021,84.0,1,2,0,2,1,13,1,,3,27,0,D,2,2,0,1,1,560,4,, -1,1,0,1,80,7,2,2021,17:30,1,43,43135,1,1,0,1,Route de Chadron,44.942221,3.974696,17,2,2
202100054903,103Â 670,B01,1,1,1,0,1,0,-1,-1, -1,-1,2021,41.0,1,5,0,2,3,1,1,,1,VA007333 LA FAOURETTE A620 Sortie 26,0,,1,4,0,1,5,358,1,, -1,2,0,1,90,14,1,2021,15:05,1,31,31555,1,1,1,3,VA007333 LA FAOURETTE A620 Sortie 26,43.60873,1.41095,15,4,2