Num_Acc,id_vehicule,num_veh,place,catu,sexe,trajet,secu1,secu2,secu3,locp,actp,etatp,year_acc,victim_age,senc,catv,obs,obsm,choc,manv,motor,occutc,catr,voie,v1,v2,circ,nbv,vosp,prof,pr,pr1,plan,lartpc,larrout,surf,infra,situ,vma,jour,mois,an,hrmn,lum,dep,com,agg_,int,atm,col,adr,lat,long,hour,nb_victim,nb_vehicules
202100028853,150Â 143,B01,1,1,1,1,2,6,-1,0,0,-1,2021,40.0,2,1,0,2,1,1,1,,4,BOULEVARD MACDONALD,0,,2,2,0,1,(1),(1),1,, -1,1,0,1,50,14,7,2021,19:41,2,75,75119,2,2,0,3,BOULEVARD MACDONALD,48.898235,2.386203,19,2,2
202100050267,111Â 868,A01,10,3,2,5,0,-1,-1,1,3,1,2021,75.0,1,5,0,1,1,1,1,,3,40,0,D,2,2,0,1,24,560,1,, -1,1,0,1,50,13,2,2021,15:50,1,30,30352,2,1,0,6,337 Route d'AlÃ¨s,43.792669,4.087068,15,2,1
202100014798,175Â 255,A01,1,1,1,1,2,6,-1,-1, -1,-1,2021,62.0,1,1,0,2,8,2,1,,4,SAINT MARCEAUX (BOULEVARD DU NÂ°70 A FIN),0,,2,2,0,1,(1),(1),1,, -1,1,0,1,50,5,10,2021,07:50,1,51,51454,2,4,0,1,Boulevard Saint Marceaux,49.2554196062,4.0463954485,7,2,2
202100006086,190Â 923,B01,1,1,1,0,2,0,-1,-1, -1,-1,2021,45.0,1,1,0,2,1,1,1,,3,JEAN LE GALLEU (R),0,,1,2,0,1,0,0,1,, -1,1,0,1,50,26,1,2021,16:45,1,94,94041,2,1,0,3,JEAN LE GALLEU (R),48.80996,2.38034,16,2,2
202100053179,106Â 678,A01,1,1,1,3,2,8,-1,-1, -1,-1,2021,61.0,1,1,0,0,0,16,1,,4,GRANDE RUE,0,,2,2,0,1,0,0,3,, -1,1,0,1,80,28,1,2021,13:30,1,77,77279,1,1,0,7,ROUTE DE MONTEREAU,48.38439,3.01929,13,1,1
202100003262,195Â 932,B01,1,1,1,9,2,6,-1,0,0,-1,2021,28.0,2,1,0,2,1,1,1,,4,BOULEVARD ARAGO,0,,2,4,2,1,(1),(1),1,, -1,2,0,1,30,12,12,2021,19:50,5,75,75113,2,2,1,3,BOULEVARD ARAGO,48.834949,2.344996,19,2,2
202100002700,196Â 945,B01,9,2,2,5,1,-1,-1,0,0,-1,2021,60.0,1,2,0,2,1,1,1,,2,5,0,,2,2,0,2,35,300,3,, -1,1,0,1,50,18,12,2021,16:40,1,974,97424,2,1,0,1,Route Nationale 5,-21.142885,55.466441,16,8,2
202100038655,132Â 538,A01,1,1,2,0,1,0,-1,-1, -1,-1,2021,24.0,2,2,0,2,8,1,1,,3,AV DE VERSAILLES ,0,,1,2,0,1,0,1,1,, -1,1,0,1,50,23,5,2021,16:59,1,94,94073,2,1,0,3,Avenue de Versailles,48.75765,2.39052,16,2,2
202100020156,165Â 604,A01,10,3,2,0,0,-1,-1,2,3,1,2021,25.0,1,2,0,1,8,1,1,,3,934,-1,,2,2,0,1,9,920,1,, -1,1,0,1,50,8,9,2021,17:15,1,60,60471,2,1,0,6,Rue d Orroire,49.571477,3.017194,17,2,1
202100017200,170Â 890,A01,1,1,1,0,8,-1,-1,0,0,-1,2021,57.0,2,2,13,0,1,13,1,,2,124,-1,,2,2,0,3,74,800,1,, -1,1,0,3,80,23,8,2021,21:00,3,32,32054,1,2,0,6,"RN 124, PK 074+800",43.721672,0.408066,21,1,1
202100050894,110Â 707,B01,1,1,1,5,2,0,-1,0,0,-1,2021,16.0,2,1,0,2,1,1,1,,3,BORDEAUX (avenue de),0,,2,2,0,1,31,830,1,, -1,1,6,1,30,18,2,2021,15:00,1,47,47027,2,1,0,3,BORDEAUX (avenue de),44.40355,0.68036,15,2,2
202100039507,130Â 986,B01,2,2,2,5,1,-1,-1,0,0,-1,2021,57.0,1,2,0,2,1,1,2,,3,1,-1,D,2,2,0,2,20,479,1,, -1,1,0,1,80,6,5,2021,16:55,1,31,31553,1,2,0,1,Route de Cadours,43.715411,1.168295,16,3,2
202100021018,164Â 094,B01,1,1,1,5,2,-1,-1,-1, -1,-1,2021,70.0,3,1,0,2,1,1,5,,4,ETRETAT (D'),0,,2,2,0,2,0,0,1,, -1,1,0,1,50,31,8,2021,08:30,1,76,76351,2,1,0,2,ETRETAT (D'),49.497806,0.096467,8,2,2
202100045635,120Â 165,B01,1,1,1,5,8,8,-1,0,0,-1,2021,30.0,1,1,0,2,1,1,3,,4,BOULEVARD DE MAGENTA,0,,3,4,1,2,(1),(1),3,, -1,1,-1,5,50,1,4,2021,13:20,1,75,75110,2,3,0,3,BOULEVARD DE MAGENTA,48.875784,2.356515,13,2,2
202100048345,115Â 342,A01,1,1,1,5,0,-1,-1,0,0,-1,2021,32.0,3,1,0,0,7,13,1,,4,,-1,,2,2,0,2,(1),(1),1,, -1,1,0,1,50,13,3,2021,18:40,2,65,65335,1,1,0,7,12 Chemin de la Vigne,43.107011,0.137244,18,1,1
202100038638,132Â 571,A01,10,3,2,5,8,8,-1,1,1,1,2021,90.0,1,2,0,1,4,26,0,,4,MERLEAU PONTY (AVENUE),0,,1,1,0,1,(1),(1),1,, -1,1,0,1,50,23,5,2021,19:00,5,13,13213,2,1,0,6,MERLAUD PON (RUE),43.3363155813,5.4263019562,19,2,1
202100014067,176Â 552,A01,2,2,1,5,1,-1,-1,0,0,-1,2021,29.0,1,2,13,0,1,1,1,,2,1,-1,,2,2,0,1,102,910,2,, -1,1,0,3,110,10,10,2021,00:00,3,988,98813,1,1,0,6,RT1 - ForÃªt noire,-21.79185,165.85762,0,3,1
202100021867,162Â 547,B01,1,1,1,1,2,6,-1,0,0,-1,2021,29.0,2,1,0,2,1,1,1,,3,33,-1,,2,2,0,1,43,460,1,, -1,1,0,1,80,31,8,2021,07:45,1,53,53132,1,3,0,3,Les Reutaux,48.419475,-0.892301,7,2,2
202100048508,115Â 053,B01,1,1,1,0,8,-1,-1,-1, -1,-1,2021,21.0,3,1,0,2,0,0,5,,4,ST SEBASTIEN                        (MO),0,,2,0,0,2,(1),(1),1,, -1,1,0,1,30,9,3,2021,18:45,2,69,69381,2,3,0,3,ST SEBASTIEN                        (MO),45.77069,4.83582,18,2,2
202100022498,161Â 415,A01,1,1,1,0,2,-1,-1,0,0,-1,2021,27.0,1,1,0,2,1,17,1,,3,363,0,,2,2,0,1,0,40,1,, -1,1,0,1,80,27,8,2021,17:30,1,26,26219,1,1,0,3,310 Route de la VallÃ©e,45.212501,4.935185,17,2,2
202100001110,199Â 784,A01,1,1,1,9,2,6,9,0,0,-1,2021,47.0,1,1,0,0,2,2,1,,3,137,-1,,2,2,0,1,(1),(1),3,, -1,2,0,1,80,30,12,2021,17:50,2,8,8024,1,1,0,7,D137,49.485914,4.105153,17,1,1
202100049967,112Â 435,A01,3,2,1,5,1,-1,-1,0,0,-1,2021,30.0,2,2,4,0,1,0,1,,3,160,-1,,2,2,0,1,5,600,1,, -1,1,1,3,70,26,2,2021,20:00,3,7,7200,1,1,0,6,Route du Tunnel,44.720406,4.134145,20,4,1
202100030422,147Â 391,A01,1,1,1,4,8,0,-1,0,0,-1,2021,24.0,2,0,0,2,7,15,3,,4,RUE DE RIVOLI,0,,1,4,2,1,(1),(1),1,, -1,1,0,6,50,6,7,2021,10:25,1,75,75101,2,7,0,3,RUE DE RIVOLI,48.862409,2.336262,10,2,2
202100012364,179Â 616,A01,1,1,1,1,2,-1,-1,-1,0,-1,2021,26.0,1,1,0,2,8,11,1,,1,AUTOROUTE A15,0,,-1,6,0,1,15,500,1,, -1,1,0,1,110,19,10,2021,08:50,1,95,95306,1,1,0,6, A15,48.998589,2.177137,8,1,1
202100025456,156Â 163,A01,1,1,1,0,2,6,-1,0,0,-1,2021,61.0,3,1,7,0,1,1,1,,4,RN7 DEV PLV,0,,2,2,0,1,(1),(1),1,, -1,1,8,1,50,5,8,2021,10:15,1,26,26362,2,1,0,6,67 Route de Beauvallon,44.90262,4.88464,10,1,1
202100024972,157Â 025,A01,1,1,1,0,2,6,-1,0,0,-1,2021,19.0,3,1,0,0,0,1,1,,3,RD162,-1,,2,2,0,1,9,500,1,, -1,1,0,1,-1,9,8,2021,17:20,1,60,60589,2,3,0,7,,49.2227712694,2.4554754495,17,1,1
202100040480,129Â 248,A01,10,3,2,9,8,8,-1,5,3,1,2021,16.0,1,2,0,1,2,26,1,,4,ROSENBERG (RUE ETHEL ET JULIUS),0,,2,1,0,1,(1),(1),1,, -1,1,6,1,50,7,5,2021,12:45,1,37,37233,2,1,0,6,ROSENBERG (RUE ETHEL ET JULIUS),47.3887417513,0.7192980944,12,2,1
202100055624,102Â 421,A01,1,1,1,5,2,6,-1,0,0,-1,2021,22.0,1,1,0,0,0,1,1,,3,70,-1,,2,2,0,2,3,650,1,, -1,7,0,1,80,10,1,2021,13:35,1,60,60405,1,1,0,7,D70,49.671067,1.829045,13,2,1
202100021622,162Â 981,B01,1,1,1,9,0,-1,-1,-1, -1,-1,2021,45.0,2,1,0,2,8,15,5,,4,CRS DU MARECHAL GALLIENI,0,,2,2,0,1,(1),(1),1,, -1,1,0,1,50,31,8,2021,11:15,1,33,33063,2,9,0,3,Cours du MarÃ©chal Gallieni,44.8239,-0.5919,11,2,2
202100029337,149Â 326,B01,1,1,1,5,2,6,-1,-1, -1,-1,2021,29.0,1,1,4,2,1,1,1,,3,LEON GOURDAULT (AV),0,,3,2,1,1,0,1,1,, -1,1,5,1,50,12,7,2021,00:40,5,94,94022,2,1,0,3,Avenue LÃ©on Gourdault,48.76241,2.40655,0,2,2
202100024869,157Â 206,A01,1,1,1,0,2,6,-1,-1, -1,-1,2021,16.0,2,1,0,2,5,1,1,,3,BAB (Boulevard),0,,2,3,0,1,(1),(1),1,, -1,1,0,1,50,9,8,2021,18:50,1,64,64102,2,1,0,7,BAB (Boulevard),43.49521,-1.48226,18,1,1
202100033079,142Â 614,A01,1,1,2,5,2,0,-1,0,0,-1,2021,28.0,2,1,0,2,1,5,5,,4,QUAI DE LA GIRONDE,0,,1,1,1,1,(1),(1),2,, -1,2,0,1,30,20,6,2021,21:15,1,75,75119,2,3,0,1,QUAI DE LA GIRONDE,48.892489,2.385553,21,2,2
202100037912,133Â 897,B01,1,1,1,5,2,6,9,0,0,-1,2021,39.0,2,1,0,2,3,1,1,,3,104,-1,,2,2,0,1,38,850,1,, -1,1,0,1,80,29,5,2021,09:45,1,7,7289,1,1,0,2,Route de l'Escrinet,44.634952,4.423521,9,2,2
202100042250,126Â 109,A01,1,1,1,0,8,-1,-1,0,0,-1,2021,32.0,1,2,6,0,2,1,1,,3,279,-1,,2,2,0,4,(1),(1),3,, -1,1,2,3,80,29,4,2021,03:00,3,14,14238,1,1,0,6,Bois de Boulogne,49.33325,0.15986,3,2,1
202100010527,182Â 909,A01,1,1,1,5,2,8,-1,-1, -1,-1,2021,30.0,3,1,0,9,1,1,1,,4,SAINT ETIENNE ROUTE,0,,-1,0,0,2,(1),(1),1,, -1,9,9,8,50,24,10,2021,11:00,1,42,42207,1,1,0,7,Panassa,45.4988974936,4.4594469666,11,1,1
202100017227,170Â 852,A01,1,1,1,5,2,-1,-1,0,0,-1,2021,65.0,1,1,0,2,7,1,5,,7,D64,-1,,4,2,0,3,23,823,1,,4,1,9,1,30,3,9,2021,13:25,1,31,31182,1,2,0,3,Route de Lacourtensourt,43.667503,1.410289,13,2,2
202100023292,159Â 980,B01,1,1,2,0,2,6,-1,0,0,-1,2021,56.0,3,1,0,2,1,1,1,,4,YSER (RUE DE L'),0,,2,2,0,1,(1),(1),1,, -1,1,0,1,50,20,8,2021,17:00,1,27,27229,2,2,0,1,YSER (RUE DE L'),49.03573,1.1353,17,2,2
202100052393,108Â 058,B01,1,1,1,0,8,0,-1,-1, -1,-1,2021,51.0,2,1,0,2,8,19,5,,4,ENTRAIDE (AVENUE DE L'),0,,1,1,0,1,(1),(1),1,, -1,2,0,1,30,2,2,2021,07:55,5,86,86041,2,1,1,3,Avenue de lâEntraide,46.596375,0.353068,7,2,2
202100043081,124Â 669,A01,1,1,1,5,8,-1,-1,0,0,-1,2021,35.0,3,1,6,0,1,0,1,,4,,0,,2,2,0,1,(1),(1),1,, -1,1,5,3,50,22,4,2021,21:10,3,86,86183,2,6,0,6,52 Rue du Lavoir,46.965136,0.625653,21,1,1
202100046682,118Â 331,A01,7,2,2,5,0,-1,-1,0,0,-1,2021,27.0,2,2,4,0,1,1,1,,3,244,0,,2,2,0,2,(1),(1),2,, -1,1,2,3,80,21,3,2021,23:00,3,202,202236,1,1,0,6,route de poggio di nazza,42.052766,9.295421,23,2,1
202100028204,151Â 278,B01,1,1,1,5,2,-1,-1,0,0,-1,2021,73.0,2,1,0,2,1,1,1,,3,14.4,2,,2,2,0,2,0,700,1,, -1,1,0,1,50,19,7,2021,17:25,1,68,68201,2,1,0,3,25 Route Joffre,47.778703,7.002625,17,3,2
202100007296,188Â 704,A01,2,2,1,5,1,0,-1,0,0,-1,2021,36.0,1,2,4,0,1,2,1,,9,ECHANGEUR NÂ° 16 ( PAYS D ' AUGE ),0,,1,0,0,1,1,0,3,, -1,2,5,8,90,12,11,2021,22:25,3,14,14437,1,1,1,6,ECHANGEUR NÂ° 16 ( PAYS D ' AUGE ),49.16361,-0.30637,22,2,1
202100017684,170Â 012,B01,1,1,1,1,2,6,-1,-1, -1,-1,2021,40.0,0,1,0,2,1,26,1,,3,REPUBLIQUE (AV DE LA),0,,2,2,0,1,0,0,1,, -1,1,0,1,50,21,9,2021,08:35,1,94,94046,2,1,0,1,REPUBLIQUE (AV DE LA),48.80576,2.44074,8,2,2
202100046146,119Â 277,A01,2,2,1,0,8,0,-1,-1, -1,-1,2021,21.0,2,5,0,2,3,1,1,,3,AV DE LATTRE DE TASSIGNY ,0,,1,2,0,1,1,0,1,, -1,1,5,1,50,29,3,2021,00:30,5,94,94033,2,3,0,3,Av de Lattre de Tassigny,48.85398,2.49307,0,3,2
202100006629,189Â 941,A01,1,1,1,5,2,6,-1,-1, -1,-1,2021,67.0,1,1,0,0,8,1,1,,4,LAPORTE (AVENUE JEAN LEON),0,,3,4,3,1,(1),(1),1,, -1,2,0,1,50,22,11,2021,14:30,1,64,64024,2,1,0,7,LAPORTE (AVENUE JEAN LEON),43.48812,-1.5003,14,1,1
202100005003,192Â 844,B01,1,1,2,4,1,-1,-1,-1, -1,-1,2021,33.0,1,2,0,2,6,2,1,,1,AUTOROUTE A 10,0,,3,6,0,2,533,900,1,, -1,2,2,1,130,3,12,2021,19:23,5,33,33143,1,1,1,2,AUTOROUTE A 10,44.954607,-0.455138,19,2,2
202100017228,170Â 851,A01,2,2,1,5,8,-1,-1,0,0,-1,2021,19.0,1,2,7,0,0,1,1,,3,518,0,,2,2,0,1,19,300,1,, -1,1,0,1,80,25,9,2021,03:45,3,38,38035,1,1,0,7,Route de Lyon,45.507204,5.086316,3,2,1
202100040901,128Â 517,B01,1,1,2,0,2,0,-1,-1, -1,-1,2021,74.0,1,0,0,2,7,1,3,,3,779B,0,,1,2,2,1,2,780,1,, -1,1,5,1,50,7,5,2021,10:20,1,56,56260,2,6,0,3,HERRIOT(AVENUE EDOUARD),47.654896,-2.7396,10,2,2
202100024676,157Â 537,A01,9,2,1,5,1,-1,-1,0,0,-1,2021,12.0,3,2,0,0,8,19,1,,4,268,0,C,2,2,0,2,(1),(1),1,, -1,1,5,1,70,11,8,2021,18:40,1,56,56173,1,2,0,3,L'AlÃ© Fau,47.953353,-2.999659,18,9,2
202100033867,141Â 224,B01,1,1,2,0,8,-1,-1,0,0,-1,2021,26.0,2,2,0,2,9,15,1,,7,,0,,1,2,0,1,(1),(1),2,, -1,1,2,1,50,17,6,2021,09:03,1,6,6088,2,1,0,3,ABATTOIRS (PASS. DES),43.719454,7.283718,9,2,2
202100022510,161Â 392,A01,1,1,1,5,2,6,-1,0,0,-1,2021,14.0,3,1,0,2,1,13,1,,4,,0,,2,1,0,2,(1),(1),2,,3,1,0,1,80,25,8,2021,14:15,1,71,71493,1,1,0,1,Rue du Bourg,46.961761139,4.5482109994,14,2,2
202100009709,184Â 347,B01,1,1,1,0,2,6,-1,-1, -1,-1,2021,38.0,1,1,0,2,1,3,1,,2,118,0,,1,2,0,2,12,399,1,, -1,2,0,1,90,3,11,2021,08:50,1,91,91471,1,1,1,2,RN 118,48.695,2.1925,8,2,2
202100049138,113Â 922,A01,1,1,2,9,2,6,-1,0,0,-1,2021,33.0,2,1,0,2,1,1,1,,4,PLACE DE LA REPUBLIQUE DE PANAMA,0,,3,2,0,1,(1),(1),1,, -1,1,0,1,50,5,3,2021,18:15,1,75,75115,2,7,0,3,PLACE DE LA REPUBLIQUE DE PANAMA,48.846039,2.308539,18,2,2
202100044013,123Â 004,B01,1,1,1,0,1,0,-1,-1, -1,-1,2021,46.0,1,2,0,2,4,23,1,,4,BOLLEE (AV) NÂ° PAIRS 154 A 222,0,,2,4,1,1,0,0,1,, -1,1,0,1,50,12,4,2021,13:50,1,72,72181,2,1,0,2,BOLLEE (AV) NÂ° PAIRS 154 A 222,47.99724,0.21749,13,2,2
202100007404,188Â 522,B01,2,2,1,5,1,-1,-1,0,0,-1,2021,33.0,2,5,0,2,4,1,1,,2,1,0,,2,2,0,1,(1),(1),1,, -1,2,0,1,110,20,11,2021,18:15,3,988,98821,1,1,1,2,RT1 sens Nord/Sud entre le carrefour Angou et l'ancienne boucherie,-22.042686,166.236706,18,8,2
202100051561,109Â 532,A01,2,2,2,0,1,0,-1,-1, -1,-1,2021,20.0,2,2,3,0,1,11,1,,1,AUTOROUTE A15,0,,3,8,0,1,5,0,1,, -1,1,2,1,90,14,2,2021,14:15,1,92,92036,1,1,0,6,AUTOROUTE A15,48.9435578314,2.2873807879,14,2,1
202100048331,115Â 362,B01,1,1,1,3,2,6,-1,0,0,-1,2021,58.0,2,1,0,2,3,15,1,,3,28,-1,,2,2,0,4,26,100,1,, -1,1,0,1,80,10,3,2021,10:20,1,18,18087,1,3,0,3,la blanchisserie,46.884626,2.535642,10,4,2
202100040270,129Â 624,A01,1,1,1,1,8,-1,-1,0,0,-1,2021,30.0,2,2,0,2,1,13,0,,3,933,0,,2,2,0,2,27,700,3,, -1,2,0,1,80,12,5,2021,07:10,1,64,64513,1,1,0,5,RD 933,43.430229,-0.936268,7,3,3
202100013713,177Â 191,B01,1,1,1,2,8,0,-1,-1, -1,-1,2021,11.0,1,1,0,2,3,26,0,,4,MEAUX RUE DE,0,,2,2,0,1,1,0,1,, -1,1,0,1,50,12,10,2021,07:35,2,93,93074,2,3,0,1,MEAUX RUE DE,48.9364679764,2.5819439517,7,2,2
202100055651,102Â 379,B01,1,1,1,0,2,0,-1,-1, -1,-1,2021,62.0,2,1,0,2,4,2,1,,1,A86 EXT,0,,3,6,0,1,59,99,1,, -1,1,0,1,90,9,1,2021,12:30,1,78,78640,1,1,0,2,A86 EXT,48.777279,2.223366,12,2,2
202100031930,144Â 672,B01,1,1,1,5,2,-1,-1,0,0,-1,2021,64.0,1,0,0,2,8,9,3,,3,31,0,,4,2,1,1,(1),(1),1,, -1,1,5,1,50,8,6,2021,10:30,1,66,66021,2,6,0,3,Avenue de Lamans,42.72118,2.932287,10,2,2
202100009295,185Â 086,Z01,10,3,2,5,8,8,-1,4,3,1,2021,42.0,1,1,0,1,1,1,5,,4,BOULEVARD DE SEBASTOPOL,0,,2,5,1,1,(1),(1),1,, -1,1,-1,5,30,3,11,2021,17:11,2,75,75101,2,2,0,6,BOULEVARD DE SEBASTOPOL,48.858508,2.348216,17,2,1
202100003297,195Â 874,B01,1,1,1,1,1,-1,-1,0,0,-1,2021,57.0,1,2,0,2,1,1,1,,3,746,-1,,2,2,0,1,26,300,1,, -1,1,0,1,70,14,12,2021,08:00,2,85,85073,1,2,1,1,La Frise,46.497883,-1.193937,8,2,2
202100008033,187Â 370,A01,1,1,1,1,2,-1,-1,-1, -1,-1,2021,15.0,1,1,0,2,1,1,1,,4,DUPUY DE LOME (DE 34 ET 35 A FIN),0,,1,1,1,1,(1),(1),1,, -1,1,0,1,30,15,11,2021,13:45,1,29,29019,2,2,0,3,Rue Dupuy de Lome,48.38962,-4.51276,13,2,2
202100052837,107Â 275,A01,1,1,1,4,1,-1,-1,0,0,-1,2021,36.0,2,4,3,2,1,6,1,,1,10,0,,3,6,3,1,79,500,1,, -1,1,0,1,130,3,2,2021,11:30,1,45,45008,1,1,1,3,A10 PK 79+500 sens 1,48.0768344924,1.8502543935,11,2,2
202100034659,139Â 767,B01,2,2,2,5,2,6,-1,0,0,-1,2021,57.0,1,1,0,2,1,1,1,,3,118,-1,,2,2,0,1,81,150,1,, -1,1,5,1,70,13,6,2021,10:05,1,11,11063,1,3,0,3,D118,42.922897,2.217774,10,3,2
202100018048,169Â 369,A01,1,1,2,4,1,-1,-1,0,0,-1,2021,21.0,1,2,15,0,1,1,1,,3,341,-1,,2,2,0,1,86,700,1,, -1,1,0,4,50,20,9,2021,14:30,1,62,62268,2,1,0,6,Route de Boulogne,50.6698,1.820565,14,1,1
202100035478,138Â 296,A01,1,1,1,0,8,0,-1,-1, -1,-1,2021,23.0,1,1,0,2,7,15,5,,4,ESCARGUEL (COURS LAZARE),0,,3,5,0,1,0,0,1,, -1,1,0,1,50,8,6,2021,20:30,1,66,66136,2,1,0,3,ESCARGUEL (COURS LAZARE),42.69866,2.88732,20,2,2
202100002401,197Â 490,A01,10,3,2,0,0,-1,-1,2,3,1,2021,80.0,1,2,0,1,8,1,1,,7,LILLE (RUE DE),0,,2,1,0,2,(1),(1),1,, -1,2,0,1,50,17,12,2021,17:30,5,59,59279,2,1,1,6,LILLE (RUE DE),50.771809,3.122032,17,2,1
202100022666,161Â 104,B01,1,1,2,9,1,0,-1,-1, -1,-1,2021,28.0,1,2,0,2,4,2,1,,4,BRY (RTE DE),0,,2,2,0,1,1,0,3,, -1,1,0,1,50,25,8,2021,11:50,1,94,94079,2,1,0,4,Route de Bry,48.82972,2.53903,11,3,3
202100050418,111Â 578,A01,1,1,1,0,2,6,-1,0,0,-1,2021,24.0,0,1,15,9,7,1,1,,3,55C,-1,,2,2,0,1,(1),(1),1,, -1,1,0,1,70,20,2,2021,14:00,1,38,38557,1,1,0,7,rue des marais,45.783043,5.079739,14,1,1
202100004872,193Â 084,A01,2,2,2,5,8,-1,-1,0,0,-1,2021,28.0,2,2,16,0,2,14,1,,1,10,0,,3,3,0,1,60,0,1,,"13,5",2,0,3,130,5,12,2021,15:55,1,28,28392,1,1,1,6,A10 PK60+000,48.245663,1.851569,15,4,1
202100011440,181Â 274,B01,1,1,1,0,0,-1,-1,0,0,-1,2021,55.0,0,1,0,2,0,0,5,,3,PUTEAUX (PONT DE),0,,3,6,1,1,0,0,1,, -1,1,2,1,50,23,10,2021,18:46,2,92,92062,2,9,0,3,PUTEAUX (PONT DE),48.8781257887,2.2427693009,18,2,2
202100043123,124Â 594,A01,1,1,2,5,1,0,-1,-1, -1,-1,2021,51.0,1,2,6,0,2,1,3,,4,DODU 1 (RUE JULIETTE),0,,1,1,0,1,0,0,1,, -1,1,0,4,30,21,4,2021,15:15,1,974,97411,2,2,0,7,DODU 1 (RUE JULIETTE),-20.877,55.45082,15,1,1
202100044276,122Â 524,A01,1,1,1,5,8,-1,-1,-1, -1,-1,2021,71.0,2,2,8,0,1,1,1,,4,OBERTHUR (FRANCOIS-CHARLES),0,,1,1,0,1,(1),(1),1,, -1,1,0,4,30,12,4,2021,07:55,1,35,35238,2,1,0,6,OBERTHUR (FRANCOIS-CHARLES),48.11192,-1.66241,7,1,1
202100009646,184Â 464,B01,1,1,1,4,1,0,-1,-1, -1,-1,2021,40.0,2,5,0,2,3,16,0,,4,SADI CARNOT (RUE)  (RESTE),0,,1,1,0,1,0,0,1,, -1,2,8,1,50,3,11,2021,01:25,5,93,93001,2,1,1,3,SADI CARNOT (RUE)  (RESTE),48.90762,2.38394,1,2,2
202100056291,101Â 276,B01,1,1,1,1,2,0,-1,-1, -1,-1,2021,38.0,-1,1,0,2,7,13,1,,3,BOISSIERE (BOULEVARD DE LA),0,,2,2,0,1,0,1,1,, -1,1,0,1,50,3,1,2021,13:30,1,93,93048,2,1,0,3,BOISSIERE (BOULEVARD DE LA),48.8775,2.4613,13,2,2
202100015032,174Â 837,A01,2,2,2,2,8,-1,-1,-1, -1,-1,2021,17.0,2,1,0,2,1,2,1,,3,194,0,,2,2,0,1,8,780,1,, -1,2,0,1,50,4,10,2021,18:05,1,56,56098,2,3,0,2,KESLER-DEVILLERS ( AV. ),47.76803,-3.34267,18,3,2
202100055072,103Â 370,B01,1,1,1,4,8,0,-1,0,0,-1,2021,24.0,1,1,0,2,7,10,1,,4,AVENUE PARMENTIER,0,,2,2,0,1,(1),(1),1,, -1,2,0,1,30,14,1,2021,20:40,5,75,75111,2,2,1,3,AVENUE PARMENTIER,48.8619839951,2.3769679825,20,2,2
202100021433,163Â 334,V01,1,1,2,5,8,-1,-1,-1, -1,-1,2021,46.0,1,1,0,2,8,1,5,,4,VAULX (DE)                          (RO),0,,2,2,1,2,(1),(1),1,, -1,1,2,5,50,31,8,2021,19:40,1,69,69275,2,2,0,3,VAULX (DE) (RTE),45.7776018476,4.9506458926,19,2,2
202100013583,177Â 438,B01,1,1,2,5,8,-1,-1,-1, -1,-1,2021,28.0,3,2,0,2,1,15,1,,4,LOUIS AULAGNE                       (QU),0,,2,2,0,1,(1),(1),1,, -1,1,0,1,50,12,10,2021,22:35,3,69,69199,2,3,0,1,LOUIS AULAGNE (Q),45.70393,4.8452,22,2,2
202100033828,141Â 291,B01,1,1,1,3,8,0,-1,-1, -1,-1,2021,58.0,1,1,0,2,3,19,5,,7,LANGEVIN (RUE PAUL),0,,1,2,1,1,2,345,3,, -1,1,0,1,50,16,6,2021,16:05,1,45,45302,2,6,0,1,Giratoire GÃ©rondeau,47.9572822014,1.890611887,16,2,2
202100033007,142Â 747,B01,2,1,1,5,2,8,-1,-1, -1,-1,2021,17.0,3,1,0,2,0,0,0,,4,DOMENJOD (ROUTE DE),0,,2,1,0,2,0,0,1,, -1,1,5,1,50,21,6,2021,11:50,1,974,97411,1,3,0,3,DOMENJOD (ROUTE DE),-20.91216,55.50235,11,2,2
202100017657,170Â 058,B01,2,2,2,1,1,0,-1,-1, -1,-1,2021,44.0,3,2,0,2,8,1,1,,4,GARRIC (RUE ROBERT),0,,2,2,0,2,(1),(1),1,, -1,2,0,1,50,20,9,2021,13:20,1,15,15014,2,9,1,3,Rue Robert Garric,44.916053,2.437776,13,3,2
202100019415,166Â 929,A01,1,1,1,5,2,6,9,0,0,-1,2021,61.0,1,1,0,0,0,1,1,,7,97,-1,,2,2,0,4,15,757,3,, -1,1,0,8,80,12,9,2021,17:00,1,6,6073,1,1,0,7,M97,44.190536,7.152303,17,1,1
202100011747,180Â 720,A01,1,1,1,9,1,0,-1,-1, -1,-1,2021,47.0,2,2,4,0,0,26,1,,1,A14,0,,-1,2,0,1,11,0,1,, -1,1,0,1,90,21,10,2021,07:50,1,78,78396,1,1,0,6,A14,48.917677,2.118493,7,2,2
202100020153,165Â 608,A01,10,3,1,9,0,-1,-1,6,1,1,2021,92.0,1,2,0,1,7,1,1,,3,1,0,D,2,2,0,1,82,303,1,,"5,5",1,0,1,70,25,8,2021,09:21,1,31,31451,2,1,0,6,D1,43.465755,1.984054,9,2,1
202100028617,150Â 563,B01,1,1,1,0,1,-1,-1,0,0,-1,2021,80.0,0,2,0,2,6,15,1,,4,JEAN MARC LAURENT (RUE),0,,2,3,0,1,(1),(1),1,, -1,2,0,1,50,13,7,2021,15:08,1,80,80021,2,3,1,3,JEAN MARC LAURENT (RUE),49.87082,2.31086,15,2,2