Num_Acc,id_vehicule,num_veh,place,catu,sexe,trajet,secu1,secu2,secu3,locp,actp,etatp,year_acc,victim_age,senc,catv,obs,obsm,choc,manv,motor,occutc,catr,voie,v1,v2,circ,nbv,vosp,prof,pr,pr1,plan,lartpc,larrout,surf,infra,situ,vma,jour,mois,an,hrmn,lum,dep,com,agg_,int,atm,col,adr,lat,long,hour,nb_victim,nb_vehicules
202100014939,175Â 010,A01,1,1,1,1,0,-1,-1,0,0,-1,2021,15.0,1,1,0,0,1,1,3,,3,HOUSSAUE (AVENUE CHARLES),0,,2,2,0,3,0,0,2,, -1,1,0,1,50,30,3,2021,06:55,2,14,14243,2,1,0,7,D579A,49.396299,0.211661,6,1,1
202100049788,112Â 750,A01,2,2,1,5,1,-1,-1,0,0,-1,2021,46.0,2,2,5,0,1,1,1,,1,61,0,,1,4,0,1,357,80,1,, -1,1,3,8,90,28,2,2021,11:04,1,11,11203,1,1,0,6,a61 - pk 357.080,43.169606,2.745858,11,2,1
202100033165,142Â 482,A01,1,1,2,1,2,0,-1,-1, -1,-1,2021,30.0,2,1,0,2,8,3,1,,1,AUTOROUTE A104,0,,-1,6,0,1,2,400,1,, -1,1,0,1,90,21,6,2021,09:00,1,93,93078,1,1,0,3,AUTOROUTE A104,48.96647,2.51502,9,2,2
202100055683,102Â 326,A01,1,1,1,5,2,6,-1,0,0,-1,2021,29.0,2,1,0,2,1,1,5,,4,RUE DU FAUBOURG SAINT MARTIN,0,,1,3,1,1,(1),(1),1,, -1,1,0,1,50,9,1,2021,11:20,1,75,75110,2,2,0,2,RUE DU FAUBOURG SAINT MARTIN,48.883869,2.368592,11,2,2
202100048552,114Â 967,B01,1,1,1,4,1,8,-1,0,0,-1,2021,29.0,3,2,0,2,1,26,1,,4,ROOSEVELT BOULEVARD  FRANCKLIN (101),0,,2,2,0,1,(1),(1),2,, -1,1,5,1,50,10,3,2021,12:10,1,26,26362,2,2,0,3,101 Bd Franklin Roosevelt,44.91619,4.910996,12,3,2
202100053259,106Â 532,A01,10,3,2,0,0,-1,-1,2,3,2,2021,13.0,3,2,0,1,1,1,1,,4,RUE REGNAULT LEROY ,0,,2,2,0,1,0,0,1,, -1,2,0,1,30,29,1,2021,14:55,1,94,94073,2,1,1,6,REGNAULT LEROY (R),48.7625,2.3925,14,3,1
202100030963,146Â 410,A01,1,1,1,0,2,6,-1,-1, -1,-1,2021,45.0,1,1,0,2,1,3,1,,1,13,0,,1,3,0,1,5,900,1,, -1,1,2,1,110,3,7,2021,18:10,1,92,92047,1,1,0,4,A13,48.8367476276,2.1860577644,18,6,3
202100001905,198Â 391,A01,1,1,1,4,1,0,-1,0,0,-1,2021,19.0,1,5,0,2,3,15,1,,4,BOULEVARD HAUSSMANN,0,,1,3,0,1,(1),(1),1,, -1,1,0,1,30,21,12,2021,01:12,5,75,75109,2,7,0,3,BOULEVARD HAUSSMANN,48.8732093383,2.3311346769,1,5,2
202100036130,137Â 102,D01,1,1,1,0,1,-1,-1,0,0,-1,2021,25.0,1,2,0,9,0,5,1,,2,31,-1,,2,2,0,2,19,469,1,, -1,1,0,1,80,7,6,2021,11:00,1,51,51391,1,1,0,5,N31,49.271277,3.900146,11,7,5
202100018589,168Â 407,A01,10,3,2,5,0,-1,-1,3,3,1,2021,73.0,1,2,0,1,1,2,1,,4,ALBERT 1ER (BD),0,,1,1,0,1,(1),(1),1,, -1,1,0,1,30,16,9,2021,09:12,1,17,17306,2,1,0,6,ALBERT 1ER (BD),45.625069,-1.024446,9,2,1
202100055943,101Â 886,B01,1,1,1,1,2,0,-1,0,0,-1,2021,24.0,1,1,0,2,1,1,5,,4,RUE CROZATIER,0,,2,2,0,1,(1),(1),1,, -1,2,0,1,50,7,1,2021,18:00,5,75,75112,2,1,1,3,RUE CROZATIER,48.848926,2.380025,18,2,2
202100018550,168Â 476,A01,1,1,1,5,2,6,-1,-1, -1,-1,2021,58.0,1,1,0,2,5,16,1,,3,DÃ©partementale 914,0,,1,2,0,1,1,45,3,, -1,1,0,1,50,15,9,2021,15:30,1,66,66136,1,6,0,3,DÃ©partementale 914,42.66895,2.89728,15,2,2
202100031867,144Â 794,A01,10,3,1,0,0,-1,-1,2,3,1,2021,54.0,2,2,0,1,1,2,1,,4,CHATEAU (RUE DU CHATEAU D'EAU),0,,2,2,0,1,(1),(1),1,, -1,1,0,1,50,28,6,2021,11:26,1,45,45169,2,3,0,6,Rue du Chateau dâEau,47.93077,1.83301,11,2,1
202100001735,198Â 687,A01,10,3,2,5,8,8,-1,2,3,1,2021,86.0,1,2,0,1,2,15,1,,4,,0,,2,3,0,1,(1),(1),1,, -1,1,0,1,50,22,12,2021,14:30,1,6,6088,2,9,0,6,BINET (RUE ALFRED),43.71009,7.25995,14,2,1
202100036880,135Â 776,B01,1,1,1,5,2,-1,-1,0,0,-1,2021,77.0,3,1,0,2,8,1,0,,4,,-1,,-1,2,0,1,(1),(1),1,, -1,1,0,1,80,3,6,2021,12:00,1,31,31382,1,2,0,3,Chemin de Beaufort,43.450824,1.074225,12,2,2
202100025266,156Â 492,A01,1,1,1,5,2,0,-1,-1, -1,-1,2021,20.0,1,1,12,0,1,1,1,,4,BROSSOLETTE PIERRE (BD) NÂ° IMP,0,,3,4,0,2,0,0,1,, -1,1,0,1,70,7,8,2021,00:30,5,72,72181,2,1,0,7,BROSSOLETTE PIERRE (BD) NÂ° IMP,47.97897,0.20506,0,1,1
202100006309,190Â 514,A01,10,3,1,0,0,-1,-1,3,3,1,2021,22.0,3,2,0,1,3,16,1,,3,RU DE NESLE (BOULEVARD),0,,1,1,0,1,0,0,3,, -1,1,0,1,50,25,11,2021,19:45,5,93,93051,2,6,0,3,RU DE NESLE (BOULEVARD),48.83759,2.5821,19,2,1
202100029308,149Â 375,A01,10,3,1,5,0,-1,-1,1,3,2,2021,51.0,1,2,0,1,1,16,1,,4,SAINTE-CATHERINE (RUE),0,,1,1,0,1,0,0,1,, -1,1,0,1,30,26,6,2021,12:15,1,24,24037,2,1,0,6,SAINTE-CATHERINE (RUE),44.85456,0.48451,12,2,1
202100005841,191Â 350,B01,3,2,2,5,1,-1,-1,-1, -1,-1,2021,41.0,2,2,0,2,5,2,2,,1,AUTOROUTE A 62,0,,3,4,0,1,6,116,1,, -1,1,0,1,130,28,11,2021,18:25,3,33,33448,1,1,0,4,AUTOROUTE A 62,44.71878,-0.52107,18,8,4
202100035203,138Â 774,A01,10,3,2,2,0,-1,-1,5,1,2,2021,15.0,2,2,1,1,0,20,1,,4,CORNICHE (BOULEVARD DE LA),0,,2,2,0,1,(1),(1),1,, -1,1,0,4,50,10,6,2021,13:20,1,42,42095,2,1,0,6,Boulevard de la Corniche,45.37866,4.28696,13,4,1
202100056251,101Â 346,A01,10,3,1,9,0,-1,-1,1,5,1,2021,67.0,0,2,0,1,3,26,1,,7,68,0,,2,2,0,2,(1),(1),1,, -1,2,0,1,50,3,1,2021,19:38,5,63,63075,2,1,0,6,ROYAT (AVENUE DE),45.77277,3.06044,19,2,1
202100052071,108Â 642,B01,1,1,1,5,2,6,9,0,0,-1,2021,67.0,1,1,0,0,4,2,5,,3,6204,0,,2,2,0,1,9,472,1,, -1,1,0,1,50,10,2,2021,10:45,1,6,6023,1,1,0,2,Route de l'Aigara,43.947443,7.518768,10,2,2
202100008065,187Â 315,A01,10,3,1,2,0,-1,-1,3,5,1,2021,13.0,1,5,0,1,1,1,1,,4,"""SEMBAT MARCEL (BD), NR 2 A 66 ET 1 A 47",0,,1,1,0,1,0,1,1,, -1,1,0,1,50,15,11,2021,16:08,1,93,93066,2,3,0,6,"""SEMBAT MARCEL (BD), NR 2 A 66 ET 1 A 47",48.9326851044,2.3518920227,16,2,1
202100014863,175Â 145,A01,1,1,2,5,1,0,-1,-1, -1,-1,2021,62.0,0,2,0,2,1,15,1,,3,REPUBLIQUE,0,,3,-1,0,1,0,0,2,, -1,1,9,1,50,6,10,2021,20:10,5,92,92076,2,6,0,2,REPUBLIQUE,48.8375275887,2.1558981351,20,2,2
202100052609,107Â 682,A01,1,1,2,3,1,-1,-1,0,0,-1,2021,20.0,2,2,2,0,1,14,1,,2,20,-1,,2,1,0,2,76,300,2,, -1,2,0,3,80,5,2,2021,12:45,1,202,202074,1,1,0,6,RT 20,42.262796,9.169142,12,1,1
202100031927,144Â 679,A01,1,1,1,1,1,-1,-1,0,0,-1,2021,22.0,1,2,0,2,3,1,1,,3,6,0,,2,2,0,2,10,410,3,, -1,1,0,1,80,29,6,2021,08:25,1,1,1362,1,1,0,1,D6,45.949233,4.861466,8,2,2
202100051174,110Â 201,B01,2,2,2,5,1,0,-1,-1, -1,-1,2021,17.0,3,5,0,2,8,15,1,,7,905,0,,1,2,0,2,(1),(1),1,, -1,2,0,1,50,17,2,2021,21:35,5,21,21231,2,3,1,3,Rue Django Reinhardt,47.30286,5.07142,21,3,2
202100047491,116Â 875,B01,2,2,1,0,1,0,-1,0,0,-1,2021,1.0,2,2,0,2,1,1,1,,7,,0,,3,6,0,1,(1),(1),1,, -1,1,0,1,50,18,3,2021,08:06,1,63,63014,2,2,0,3,Roussillon/Sauzes,45.75538,3.12941,8,3,2
202100030943,146Â 445,A01,10,3,2,3,0,-1,-1,3,3,2,2021,56.0,3,2,0,1,1,1,1,,4,,-1,,2,2,0,1,(1),(1),1,, -1,1,0,1,50,3,7,2021,16:40,1,86,86062,1,1,0,6,AllÃ©e du Haut Poitou,46.646985,0.361053,16,3,1
202100025335,156Â 368,B01,1,1,1,1,2,0,-1,0,0,-1,2021,30.0,2,1,0,2,1,1,5,,4,BOULEVARD DE GRENELLE,0,,2,2,1,1,(1),(1),1,, -1,1,0,5,30,5,8,2021,10:05,1,75,75115,2,2,0,3,BOULEVARD DE GRENELLE,48.852472,2.290602,10,2,2
202100046583,118Â 506,A01,10,3,1,5,0,-1,-1,3,3,1,2021,79.0,3,2,0,1,1,21,1,,4,MARC (BD NOEL),0,,-1,2,0,1,(1),(1),1,, -1,1,0,1,50,24,3,2021,16:40,1,78,78015,2,1,0,6,MARC (BD NOEL),48.982103,2.061541,16,2,1
202100030528,147Â 194,A01,10,3,1,5,0,-1,-1,2,4,1,2021,4.0,2,2,0,1,4,26,1,,6,CHATEAU DE LA DUCHERE (DU)          (R ),0,,-1,-1,0,1,(1),(1),1,, -1,1,0,1,30,5,7,2021,17:20,1,69,69389,2,1,0,6,CHATEAU DE LA DUCHERE (DU) (R),45.7801258088,4.7936465442,17,2,1
202100016561,172Â 029,A01,10,3,1,0,0,-1,-1,5,3,1,2021,43.0,1,1,0,1,1,1,5,,3,992,0,,2,4,1,1,0,0,1,, -1,1,0,4,50,27,9,2021,19:30,5,92,92035,2,1,0,6,National ( boulevard ),48.904737614,2.2394151986,19,2,1
202100007872,187Â 669,A01,2,1,1,9,8,0,-1,-1, -1,-1,2021,21.0,1,1,0,2,1,1,1,,3,ROSNY (AV. DE),0,,2,2,0,1,1,0,1,, -1,1,0,1,50,16,11,2021,11:32,1,93,93053,2,1,0,3,ROSNY (AV. DE),48.8953315778,2.4705257754,11,2,2
202100031595,145Â 279,A01,1,1,2,5,1,0,-1,0,0,-1,2021,74.0,3,2,1,0,1,13,1,,4,AVENUE DU BEL AIR,0,,2,2,0,1,(1),(1),1,, -1,1,0,1,50,29,6,2021,16:15,1,75,75112,2,1,0,6,AVENUE DU BEL AIR,48.845606,2.398112,16,1,1
202100026953,153Â 533,A01,2,2,2,5,8,0,-1,0,0,-1,2021,23.0,2,1,0,2,1,5,3,,4,RUE DE RIVOLI,0,,3,3,1,1,(1),(1),1,, -1,1,0,5,50,25,7,2021,23:40,5,75,75101,2,7,0,1,RUE DE RIVOLI,48.862186,2.337015,23,3,2
202100016572,172Â 010,A01,1,1,1,5,2,-1,-1,0,0,-1,2021,74.0,2,1,0,0,0,1,5,,3,D929,0,,2,2,0,2,52,200,1,, -1,1,0,1,50,28,9,2021,15:18,1,65,65031,2,1,0,7,D929,42.905539,0.357329,15,1,1
202100016688,171Â 799,A01,1,1,1,9,2,6,9,0,0,-1,2021,53.0,0,1,0,2,1,17,1,,2,1,0,R,2,2,0,1,10,10,1,,7,1,0,1,50,27,9,2021,07:10,1,976,97610,1,1,0,3,Pointe Koungou,-12.738642,45.211262,7,4,2
202100021769,162Â 716,A01,1,1,1,5,2,6,-1,-1, -1,-1,2021,18.0,1,1,0,2,7,17,1,,4,LECLERC (AVENUE DU GENERAL),0,,2,2,0,1,0,0,1,, -1,1,0,1,50,30,8,2021,11:06,1,66,66136,2,1,0,3,LECLERC (AVENUE DU GENERAL),42.7008875997,2.8893600404,11,2,2
202100036606,136Â 273,B01,1,1,1,0,8,0,-1,-1, -1,-1,2021,15.0,3,2,0,2,7,19,5,,4,DECOURS(RUE),0,,2,2,0,1,(1),(1),1,, -1,1,0,1,50,2,6,2021,12:25,1,59,59375,2,1,0,3,DECOURS(RUE),50.41057,3.27782,12,2,2
202100009475,184Â 771,A01,1,1,1,0,8,0,-1,-1, -1,-1,2021,39.0,1,1,0,2,2,17,1,,3,MARECHAL DE LATTRE DE TASSIGNY (AV DU),0,,1,2,0,1,0,0,1,, -1,1,0,1,50,3,11,2021,21:30,5,94,94033,2,1,0,2,MARECHAL DE LATTRE DE TASSIGNY (AV DU),48.85295,2.494,21,2,2
202100021426,163Â 353,B01,1,1,1,4,1,0,-1,-1, -1,-1,2021,44.0,2,5,0,2,4,23,1,,3,MOULIN (AVENUE JEAN),0,,2,2,0,1,6,99,1,, -1,1,0,1,50,30,8,2021,16:38,1,87,87113,2,3,0,4,MOULIN (AVENUE JEAN),45.86052,1.31822,16,3,3
202100049612,113Â 062,B01,1,1,1,0,2,-1,-1,0,0,-1,2021,54.0,0,1,0,2,1,2,1,,4,EUROPE (AVENUE DE L'),0,,2,4,0,1,(1),(1),1,, -1,1,0,1,50,26,2,2021,10:20,1,80,80021,2,1,0,3,EUROPE (AVENUE DE L'),49.91366,2.3025,10,2,2
202100030534,147Â 180,A01,1,1,1,5,1,0,-1,-1, -1,-1,2021,76.0,1,2,4,0,2,13,1,,1,AUTOROUTE A20,0,,3,2,0,1,411,615,1,, -1,1,7,1,50,5,7,2021,13:40,1,82,82121,1,1,0,6,AUTOROUTE A20,44.0524815174,1.4101646841,13,1,1
202100055281,103Â 005,A01,1,1,1,0,2,6,-1,-1, -1,-1,2021,30.0,1,1,0,2,1,2,1,,3,NATIONALE 8 (ROUTE),0,,2,2,0,2,23,500,1,, -1,1,0,1,70,12,1,2021,11:15,1,83,83090,1,1,0,4,NATIONALE 8 (ROUTE),43.13283,5.86441,11,3,3
202100001056,199Â 873,A01,10,3,1,9,0,-1,-1,2,3,1,2021,37.0,2,5,0,1,7,1,1,,4,BOULEVARD DAVOUT,0,,2,3,0,1,(1),(1),1,, -1,1,0,1,30,28,12,2021,17:35,5,75,75120,2,3,0,6,BOULEVARD DAVOUT,48.847929,2.411328,17,2,1
202100016951,171Â 325,B01,1,1,1,5,2,6,-1,-1, -1,-1,2021,58.0,3,1,0,2,3,1,1,,4,BAINS ROMAINS (RUE DES),0,,2,2,0,1,1,0,1,, -1,1,0,1,50,20,9,2021,17:05,1,30,30028,2,4,0,3,BAINS ROMAINS (RUE DES),44.16304,4.6111,17,2,2
202100018794,168Â 048,B01,1,1,1,5,2,0,-1,0,0,-1,2021,26.0,1,1,0,2,8,1,1,,4,RUE DU SOMMERARD,0,,2,2,0,2,(1),(1),1,, -1,2,0,1,30,15,9,2021,08:58,1,75,75105,2,2,1,3,RUE DU SOMMERARD,48.850221,2.34523,8,2,2
202100019392,166Â 965,A01,1,1,2,5,1,-1,-1,0,0,-1,2021,88.0,1,2,13,0,3,14,1,,2,13,-1,,3,4,0,1,49,57,1,, -1,1,0,3,90,13,9,2021,12:00,1,50,50599,1,1,0,7,N13 PR49+050,49.574396,-1.578282,12,1,1
202100053056,106Â 887,A01,1,1,1,9,2,-1,-1,-1, -1,-1,2021,23.0,1,1,0,2,1,17,1,,4,RUE DE BETHMANN,0,,3,3,2,1,(1),(1),1,, -1,1,5,1,50,30,1,2021,12:20,1,33,33063,2,3,0,3,Rue de Bethmann,44.82185,-0.60695,12,2,2
202100024836,157Â 260,A01,1,1,1,1,1,4,-1,-1, -1,-1,2021,32.0,1,5,4,0,1,1,1,,1,AUTOROUTE A86,0,,-1,-1,0,1,51,299,1,, -1,2,1,1,70,10,8,2021,08:10,1,94,94034,1,1,1,6,AUTOROUTE A86,48.7589540937,2.3243421458,8,1,1
202100039649,130Â 720,A01,1,1,2,1,1,-1,-1,0,0,-1,2021,36.0,1,2,0,0,9,1,1,,3,21,-1,,2,2,0,1,20,600,1,, -1,2,0,3,90,17,5,2021,21:10,2,53,53009,1,1,1,7,L'Emonderie,47.979236,-0.606909,21,1,1
202100036759,135Â 998,B01,1,1,1,0,2,6,-1,-1, -1,-1,2021,29.0,1,1,0,2,8,2,1,,4,JOSEPH GILLET                       (QU),0,,2,2,0,1,(1),(1),1,, -1,1,2,1,50,2,6,2021,18:40,1,69,69384,2,3,0,3,JOSEPH GILLET (Q),45.7798,4.81162,18,2,2
202100031920,144Â 692,A01,1,1,1,0,1,0,-1,-1, -1,-1,2021,27.0,1,5,0,2,4,1,1,,3,988,0,,2,2,2,1,0,0,1,, -1,1,0,1,50,28,6,2021,18:50,1,92,92078,2,1,0,2,JEAN JAURES (RUE) (NÂ° IMPAIRS),48.93345,2.32515,18,2,2
202100047444,116Â 962,B01,10,3,1,0,0,-1,-1,5,1,1,2021,61.0,3,2,0,1,3,11,1,,4,,0,D,2,2,0,1,(1),(1),1,, -1,1,0,1,50,19,3,2021,11:20,1,44,44020,2,1,0,6,rue jean baptiste clement,47.173783,-1.585141,11,4,2
202100023870,158Â 958,Z01,10,3,2,0,8,8,-1,5,9,1,2021,49.0,1,1,0,1,1,25,1,,4,AUGUSTIN FRESNEL (RUE),0,,2,2,0,1,0,0,1,, -1,1,0,4,30,15,8,2021,20:30,2,67,67482,2,1,0,6,AUGUSTIN FRESNEL (RUE),48.60531,7.71887,20,2,1
202100039896,130Â 276,B01,1,1,1,5,1,0,-1,-1, -1,-1,2021,20.0,1,2,4,0,0,0,1,,1,A47,0,,3,4,0,1,19,150,1,, -1,1,8,1,70,13,5,2021,21:10,3,42,42123,1,1,0,3,A47,45.51744,4.58856,21,3,2
202100032247,144Â 122,B01,1,1,1,5,2,8,-1,-1, -1,-1,2021,49.0,3,1,0,2,7,17,1,,4,COMMANDANT MORTENOL (RUE DU),0,,1,1,0,1,(1),(1),1,, -1,1,0,1,30,24,6,2021,22:50,4,971,97120,2,1,0,3,COMMANDANT MORTENOL (RUE DU),16.23963,-61.53236,22,2,2
202100037755,134Â 179,A01,1,1,1,0,1,0,-1,-1, -1,-1,2021,26.0,3,2,0,2,1,26,1,,4,CASSINI (RUE /  IMP),0,,2,2,0,1,0,0,1,, -1,1,0,1,50,28,5,2021,14:10,1,83,83137,2,1,0,3,CASSINI (RUE /  IMP),43.13421,5.90166,14,2,2
202100030248,147Â 698,A01,1,1,1,4,1,8,-1,-1, -1,-1,2021,55.0,1,2,0,2,8,1,1,,3,990,0,,2,2,0,1,0,0,1,, -1,1,0,1,50,4,7,2021,15:30,1,92,92050,2,2,0,3,NATIONAL (BOULEVARD),48.88849,2.18394,15,2,2
202100048752,114Â 619,A01,1,1,1,1,2,6,-1,0,0,-1,2021,16.0,3,1,0,2,1,1,1,,4,,-1,,2,2,0,1,(1),(1),1,, -1,1,0,1,50,8,3,2021,17:30,1,79,79049,2,9,0,2,23 Rue de la Vergnaie,46.847772,-0.489891,17,2,2
202100020645,164Â 726,B01,1,1,2,1,1,-1,-1,0,0,-1,2021,34.0,1,2,0,0,3,1,1,,7,113,0,,2,2,0,1,25,820,1,, -1,1,0,1,80,7,9,2021,08:29,1,13,13037,1,1,0,1,Rn 113,43.543828,5.186212,8,2,2
202100036422,136Â 601,A01,1,1,2,5,8,0,-1,-1, -1,-1,2021,79.0,1,0,0,0,2,26,3,,4,HARAS ALLEE ET RUE,0,,2,2,0,1,1,0,1,, -1,1,0,1,50,1,6,2021,15:10,1,49,49007,2,1,0,7,HARAS ALLEE ET RUE,47.46501,-0.54919,15,1,1
202100018359,168Â 810,B01,1,1,2,1,1,-1,-1,-1, -1,-1,2021,47.0,1,2,0,2,4,1,1,,4,CLEMENCEAU (BD GEORGES),0,,2,2,0,2,(1),(1),1,, -1,1,5,1,50,17,9,2021,10:45,1,35,35238,2,2,0,2,CLEMENCEAU (BD GEORGES),48.09451,-1.68536,10,2,2
202100040810,128Â 675,A01,1,1,1,5,0,-1,-1,0,0,-1,2021,29.0,1,2,3,2,0,0,1,,1,87,-1,,3,4,0,1,103,700,1,, -1,1,0,1,130,9,5,2021,10:50,1,85,85089,1,9,0,6,A87,46.72918,-1.27608,10,4,2
202100048737,114Â 644,A01,2,2,2,5,1,-1,-1,0,0,-1,2021,73.0,1,2,0,2,3,1,1,,3,56,-1,,2,2,0,1,(1),(1),1,, -1,1,0,1,80,27,2,2021,17:30,1,50,50567,2,2,0,3,Le Carrefour Brisquet,49.585701,-1.514713,17,3,2
202100042530,125Â 604,A01,10,3,2,0,0,-1,-1,3,3,1,2021,71.0,0,2,0,1,1,1,0,,3,103,0,D,2,2,0,1,51,500,1,, -1,1,0,1,50,26,4,2021,11:50,1,42,42059,2,1,0,6,Place de la Poterne,45.637984,4.392251,11,2,1
202100046279,119Â 053,B01,1,1,1,5,2,-1,-1,0,0,-1,2021,51.0,2,1,0,0,4,1,5,,3,33,-1,,2,2,0,2,46,840,1,, -1,1,0,1,80,27,3,2021,10:30,1,50,50260,1,1,1,2,7 Route du Moulin (Bellefontaine),48.687214,-0.980396,10,2,2
202100025479,156Â 123,B01,1,1,1,9,2,0,-1,0,0,-1,2021,48.0,2,1,0,2,1,1,1,,4,BOULEVARD BERTHIER,0,,2,3,0,1,(1),(1),1,, -1,1,0,1,50,5,8,2021,14:00,1,75,75117,2,1,0,3,BOULEVARD BERTHIER,48.894034,2.313039,14,2,2
202100048266,115Â 476,A01,10,3,1,0,0,-1,-1,3,3,1,2021,64.0,1,2,0,1,1,1,1,,4,GAMBETTA RUE,0,,2,2,0,1,(1),(1),1,, -1,1,0,1,50,12,3,2021,17:00,2,42,42207,2,4,0,6,Rue Gambetta,45.47295,4.5098,17,2,1
202100039388,131Â 194,B01,1,1,1,4,1,0,-1,0,0,-1,2021,36.0,2,4,0,2,2,24,1,,1,,0,,3,4,0,1,271,700,1,, -1,1,8,1,110,18,5,2021,23:00,3,54,54320,1,1,0,4,Autoroute A 31,48.87293,6.09527,23,3,3
202100024917,157Â 122,B01,1,1,1,1,2,6,-1,-1, -1,-1,2021,40.0,2,1,0,2,1,1,1,,3,906,0,,2,2,0,1,0,0,1,, -1,1,0,1,50,8,8,2021,22:40,5,92,92023,2,2,0,3,GENERAL DE GAULLE (AV DU) NÂ°130 A 340 ET,48.7834224082,2.2467102022,22,2,2
202100046243,119Â 114,A01,1,1,1,9,1,0,-1,0,0,-1,2021,28.0,1,2,1,0,1,13,1,,4,QUAI LOUIS BLERIOT,0,,1,1,0,1,(1),(1),1,, -1,1,0,1,50,28,3,2021,14:40,1,75,75116,2,3,0,6,QUAI LOUIS BLERIOT,48.840717,2.268239,14,1,1
202100047990,115Â 959,B01,1,1,1,5,2,-1,-1,0,0,-1,2021,81.0,1,1,0,2,8,19,5,,3,9,-1,,2,2,0,1,(1),(1),1,, -1,1,0,1,70,15,3,2021,09:30,1,14,14098,1,2,0,3,Rue de la Guinguette,49.177049,-0.513296,9,2,2
202100015209,174Â 516,A01,1,1,1,0,1,0,-1,-1, -1,-1,2021,21.0,1,2,0,2,1,2,1,,1,AUTOROUTE A1,0,,1,3,0,1,35,299,1,, -1,2,0,1,110,5,10,2021,17:50,1,60,60631,1,1,1,5,AUTOROUTE A1,49.1499596936,2.5829930304,17,3,3
202100046597,118Â 476,A01,1,1,2,9,1,-1,-1,-1, -1,-1,2021,67.0,1,2,0,2,2,1,1,,3,SAINT MALO,0,,2,2,0,1,0,0,1,, -1,1,0,1,50,25,3,2021,07:50,1,50,50147,2,1,0,3,SAINT MALO,49.05164,-1.45249,7,2,2
202100018192,169Â 091,A01,1,1,2,5,1,8,-1,-1, -1,-1,2021,47.0,2,2,4,0,1,1,1,,3,Route Nationale 3,0,,1,1,0,1,19,200,1,, -1,1,0,1,70,18,9,2021,14:40,1,93,93046,1,1,0,6,D933,48.93254,2.5595,14,1,1
202100053874,105Â 446,A01,10,3,2,3,0,-1,-1,3,3,1,2021,80.0,1,2,0,1,1,1,1,,3,790,0,A,1,2,0,1,0,690,1,, -1,2,0,1,50,23,1,2021,10:18,1,56,56057,2,1,0,6,13 R DE LA CROIX BLANCHE,48.032615,-3.490361,10,2,1
202100020401,165Â 170,A01,1,1,1,5,1,-1,-1,0,0,-1,2021,19.0,2,2,5,0,1,15,1,,3,192,0,,2,2,0,4,9,484,2,,4,1,9,1,50,5,9,2021,09:18,1,52,52550,2,3,0,6,rue de la digue,48.491724,4.948566,9,1,1
202100047889,116Â 138,A01,1,1,1,5,2,4,-1,-1, -1,-1,2021,22.0,2,1,0,2,1,2,1,,1,AUTOROUTE A1,0,,3,-1,0,1,2,599,1,, -1,2,0,1,90,16,3,2021,16:30,1,93,93066,1,1,0,5,AUTOROUTE A1,48.92453,2.35686,16,3,3
202100043920,123Â 166,A01,10,3,1,5,8,8,-1,2,3,2,2021,11.0,1,2,0,1,0,0,6,,4,ANTOINE MARIE COLIN (R),0,,1,1,0,1,0,0,1,, -1,1,0,1,50,14,4,2021,15:50,1,94,94081,2,1,0,3,ANTOINE MARIE COLIN (R),48.8,2.39,15,2,1
202100010518,182Â 926,A01,10,3,1,0,0,-1,-1,3,3,2,2021,7.0,2,2,0,1,2,19,1,,4,LHERMITTE FIDELE RUE,0,,2,2,0,1,(1),(1),1,, -1,1,0,1,50,20,10,2021,15:20,1,59,59286,2,1,0,6,LHERMITTE FIDELE RUE,50.609837,2.975719,15,2,1
202100016900,171Â 413,B01,1,1,1,1,2,-1,-1,-1, -1,-1,2021,36.0,0,1,0,2,2,1,3,,4,EUROPE (AVENUE DE L'),0,,3,4,0,1,(1),(1),3,, -1,1,0,1,50,22,9,2021,20:45,5,51,51454,2,6,0,3,Rond Point Georges Clignet,49.2523103718,4.0629221805,20,2,2
202100046769,118Â 172,B01,1,1,1,0,2,8,-1,-1, -1,-1,2021,19.0,2,1,1,2,1,1,1,,4,MONTREDON (AVENUE DE),0,,2,2,0,1,0,0,1,, -1,1,0,1,50,24,3,2021,07:35,1,13,13208,2,3,0,1,MONTREDON (AVENUE DE),43.24,5.37,7,3,3
202100011838,180Â 562,A01,1,1,1,5,2,6,-1,0,0,-1,2021,48.0,2,1,0,2,2,3,1,,4,PORTE DE MONTREUIL,0,,1,4,0,1,31,300,1,, -1,1,0,1,70,21,10,2021,19:10,5,75,75120,2,1,0,4,PORTE DE MONTREUIL,48.851814,2.415215,19,5,5
202100013326,177Â 926,A01,1,1,1,1,1,0,-1,-1, -1,-1,2021,51.0,1,4,1,0,5,23,1,,3,GENERAL DE GAULLE (AV DU),0,,4,3,0,1,0,0,2,, -1,1,0,1,50,14,10,2021,13:00,1,94,94017,2,6,0,4,Avenue du GÃ©nÃ©ral de Gaulle,48.82701,2.51037,13,3,3
202100011209,181Â 696,B01,1,1,2,4,2,8,-1,-1, -1,-1,2021,19.0,2,1,0,2,8,1,3,,4,62Â° R.I. ( DU ),0,,2,2,0,1,(1),(1),1,, -1,2,0,1,30,24,10,2021,13:05,1,56,56121,2,2,1,3,62Â° R.I. ( DU ),47.7524371,-3.3630556,13,2,2