Num_Acc,id_vehicule,num_veh,place,catu,sexe,trajet,secu1,secu2,secu3,locp,actp,etatp,year_acc,victim_age,senc,catv,obs,obsm,choc,manv,motor,occutc,catr,voie,v1,v2,circ,nbv,vosp,prof,pr,pr1,plan,lartpc,larrout,surf,infra,situ,vma,jour,mois,an,hrmn,lum,dep,com,agg_,int,atm,col,adr,lat,long,hour,nb_victim,nb_vehicules
202100033832,141Â 283,A01,10,3,2,5,0,-1,-1,6,9,1,2021,85.0,1,5,0,1,5,4,1,,6,RUE DU COMMANDANT CHARCOT,0,,-1,-1,0,1,(1),(1),1,, -1,1,0,8,50,17,6,2021,10:25,1,44,44114,2,1,0,6,RUE DU COMMANDANT CHARCOT,47.2541284447,-1.6172406077,10,2,1
202100047915,116Â 086,B01,1,1,1,0,1,-1,-1,-1, -1,-1,2021,30.0,1,2,0,2,8,0,1,,1,,0,,3,4,0,2,1,0,1,, -1,1,0,1,70,24,2,2021,17:14,1,76,76540,1,1,0,3,,49.45086,1.05745,17,2,2
202100051101,110Â 334,A01,1,1,1,0,2,0,-1,-1, -1,-1,2021,35.0,2,1,0,2,1,2,1,,3,JOLIOT CURIE F. ET IRENE AVENUE  NÂ°PAIRS,0,,1,3,0,1,0,0,1,, -1,2,0,1,50,18,2,2021,22:55,5,92,92050,2,3,1,2,JOLIOT CURIE F. ET IRENE AVENUE  NÂ°PAIRS,48.8881309529,2.2020737674,22,2,2
202100003498,195Â 499,A01,1,1,1,5,2,6,-1,0,0,-1,2021,14.0,2,1,0,2,1,1,1,,2,7,-1,,2,2,0,1,12,50,1,, -1,2,0,1,50,12,12,2021,17:30,5,69,69243,2,1,0,1,EDOUARD HERRIOT (R),45.8918274299,4.4422347525,17,2,2
202100030658,146Â 954,B01,1,1,1,0,2,-1,-1,0,0,-1,2021,62.0,3,1,0,2,3,2,1,,2,2,-1,,2,2,0,1,(1),(1),1,, -1,1,0,1,50,5,7,2021,13:40,1,974,97417,2,1,0,3,63 Route Nationale 2 Basse Vallee,-21.370972,55.712512,13,2,2
202100051373,109Â 852,B01,1,1,1,4,1,8,-1,-1, -1,-1,2021,35.0,1,2,0,2,2,2,1,,7,Route Nationale 83,0,,3,2,0,1,40,250,1,, -1,1,0,1,90,15,2,2021,07:40,1,67,67152,1,1,0,2,M83,48.5154160844,7.6983749512,7,2,2
202100027621,152Â 352,B01,1,1,1,1,2,6,-1,0,0,-1,2021,17.0,1,1,0,2,6,15,1,,3,18,0,,2,2,0,1,15,500,1,, -1,1,0,1,80,22,7,2021,13:42,1,86,86002,1,1,0,2,D18,46.742447,0.180825,13,2,2
202100049361,113Â 531,B01,1,1,1,2,2,8,-1,-1, -1,-1,2021,18.0,2,1,0,2,1,1,1,,3,AV CHARLES DE GAULLE,0,,2,2,0,1,79,0,1,, -1,1,0,1,50,3,3,2021,16:50,1,91,91432,2,9,0,3,AV CHARLES DE GAULLE,48.705382,2.34468,16,2,2
202100029411,149Â 208,A01,3,2,1,5,1,-1,-1,-1,0,-1,2021,7.0,2,2,1,0,3,1,1,,1,AUTOROUTE A15,0,,3,11,0,1,7,500,1,, -1,1,0,1,110,11,7,2021,03:50,3,95,95018,1,1,0,5,A15,48.9614,2.26895,3,4,3
202100046044,119Â 455,A01,1,1,1,0,1,-1,-1,0,0,-1,2021,46.0,1,2,3,2,7,1,1,,3,1016,-1,,3,4,0,4,21,50,1,, -1,1,2,1,110,30,3,2021,16:30,1,60,60342,1,1,0,4,RD 1016,49.297297,2.452226,16,4,4
202100014338,176Â 078,B01,2,2,2,5,8,0,-1,-1, -1,-1,2021,23.0,1,2,0,2,4,2,1,,3,AVENUE DE L'UNION,0,,1,1,0,1,41,0,1,, -1,1,0,1,50,8,10,2021,19:05,2,78,78029,1,1,0,2,AVENUE DE L'UNION,48.96023,1.84399,19,3,2
202100024621,157Â 649,B01,1,1,1,0,2,0,-1,-1, -1,-1,2021,44.0,3,1,0,2,1,1,1,,4,THEODORE AUBANEL BOULEVARD,0,,2,2,0,1,0,0,1,, -1,1,0,1,50,11,8,2021,22:50,5,13,13063,2,9,0,3,THEODORE AUBANEL BOULEVARD,43.58788,4.99948,22,5,2
202100049003,114Â 163,A01,3,2,2,5,8,-1,-1,0,0,-1,2021,18.0,1,2,6,0,2,1,1,,3,17,-1,A,2,2,0,4,18,190,3,, -1,1,2,3,50,7,3,2021,07:00,2,29,29102,1,1,0,6,D17 - Rue de l'Aulne,48.2195554965,-3.7064648271,7,5,1
202100051329,109Â 922,A01,10,3,1,0,0,-1,-1,2,3,1,2021,29.0,1,2,0,1,1,1,1,,3,JAURES (AVENUE JEAN),0,,2,2,0,1,1,0,1,, -1,1,0,1,50,16,2,2021,10:16,1,93,93064,2,1,0,6,JAURES (AVENUE JEAN),48.87091,2.48651,10,2,1
202100043051,124Â 721,A01,1,1,1,1,2,6,-1,0,0,-1,2021,55.0,1,1,3,0,1,17,1,,3,D1032,0,,2,2,0,1,14,0,3,, -1,1,0,1,80,21,4,2021,11:08,1,2,2212,1,1,0,6,D1032,49.63384,3.27861,11,2,2
202100019952,165Â 971,B01,1,1,2,5,1,-1,-1,0,0,-1,2021,19.0,0,2,0,2,3,1,1,,3,D10A,-1,,2,2,0,1,1,300,1,, -1,1,0,1,80,9,9,2021,19:00,1,76,76143,1,1,0,1,D10A,49.654544,0.38111,19,3,2
202100027141,153Â 196,A01,1,1,1,1,1,-1,-1,0,0,-1,2021,34.0,2,2,0,0,9,1,1,,3,16.1,0,,2,2,0,3,0,210,3,, -1,2,0,1,80,25,7,2021,19:30,2,28,28267,1,1,1,7,dÃ©partemtale 16.1,48.760305,1.395049,19,1,1
202100025396,156Â 259,B01,2,2,1,0,1,0,-1,-1, -1,-1,2021,29.0,1,2,0,2,5,5,1,,3,444,0,,2,2,0,1,2,115,1,, -1,1,0,1,70,5,8,2021,15:55,1,91,91312,1,1,0,3,RD 444,48.7311,2.2407,15,3,2
202100016350,172Â 409,A01,1,1,1,5,2,0,-1,0,0,-1,2021,15.0,2,1,0,2,1,1,3,,4,RUE DE PRONY,0,,2,2,0,1,(1),(1),1,, -1,1,0,1,30,27,9,2021,23:05,5,75,75117,2,2,0,3,RUE DE PRONY,48.882214,2.304511,23,3,2
202100037147,135Â 288,A01,1,1,1,1,2,6,-1,-1, -1,-1,2021,55.0,1,1,14,0,1,21,1,,2,RN13,0,,3,4,0,1,1,0,1,, -1,1,1,1,70,1,6,2021,14:15,1,92,92051,1,1,0,6,RN13,48.8858720126,2.2572237253,14,1,1
202100012784,178Â 870,A01,1,1,1,1,2,6,-1,-1, -1,-1,2021,43.0,2,1,0,2,7,1,1,,1,A50-Sens Aubagne vers Marseille,0,,3,2,0,2,2,500,1,, -1,1,1,1,70,15,10,2021,23:00,5,13,13211,1,1,0,3,A50-Sens Aubagne vers Marseille,43.285369,5.424662,23,2,2
202100010105,183Â 642,A01,2,2,2,5,1,-1,-1,0,0,-1,2021,22.0,1,2,4,0,3,1,1,,1,16,-1,,3,4,0,1,58,785,3,, -1,2,0,2,130,31,10,2021,12:15,1,62,62867,1,1,1,6,autoroute A16,50.786432,1.67343,12,2,1
202100005193,192Â 495,A01,1,1,1,0,1,0,-1,-1, -1,-1,2021,51.0,1,2,0,2,0,2,1,,1,A10 PARIS / RD188 PROVINCE,0,,2,6,0,1,5,250,1,, -1,1,0,1,90,2,12,2021,18:00,4,91,91136,1,1,0,2,A10 PARIS / RD188 PROVINCE,48.71405,2.27552,18,3,2
202100013677,177Â 255,A01,1,1,1,1,1,-1,-1,0,0,-1,2021,35.0,3,4,8,0,2,2,1,,7,CANNES AVENUE DE (RN7),0,,2,2,1,2,(1),(1),1,, -1,1,0,5,50,12,10,2021,07:45,1,6,6027,2,1,0,2,CANNES AVENUE DE (RN7),43.654051,7.147623,7,3,2
202100053792,105Â 597,A01,10,3,1,5,0,-1,-1,3,3,1,2021,84.0,1,2,0,1,3,15,1,,3,511,-1,,2,2,0,1,(1),(1),1,, -1,1,0,1,50,25,1,2021,15:00,1,14,14654,2,3,1,6,Rue du Paon,49.018248,-0.03342,15,2,1
202100020411,165Â 154,A01,10,3,1,5,0,-1,-1,1,3,2,2021,82.0,3,5,0,1,0,1,1,,2,205,0,,2,2,0,1,2,500,1,, -1,1,0,1,50,7,9,2021,07:00,1,202,202042,2,1,0,3,Avenue de Borgo,42.554181,9.44169,7,2,1
202100013481,177Â 638,B01,2,2,2,5,1,-1,-1,-1, -1,-1,2021,53.0,2,2,0,2,6,20,1,,4,ANDRE PHILIP                        (R ),0,,1,2,2,1,(1),(1),1,, -1,1,0,1,50,13,10,2021,16:00,1,69,69383,2,1,0,2,ANDRE PHILIP (R ),45.7584014815,4.8510152979,16,3,2
202100017440,170Â 451,A01,1,1,1,0,2,0,-1,0,0,-1,2021,64.0,3,1,0,0,7,1,1,,4,,0,,2,2,0,1,(1),(1),1,, -1,9,0,1,50,21,9,2021,16:03,1,63,63113,2,1,0,7,PRE LA REINE (RUE DU),45.78528,3.11645,16,1,1
202100022270,161Â 831,B01,1,1,1,5,2,-1,-1,-1, -1,-1,2021,27.0,0,1,0,2,8,1,5,,4,CELERIER (RUE),0,,2,-1,0,1,(1),(1),1,, -1,1,0,1,50,27,8,2021,17:35,1,33,33009,2,9,0,1,CELERIER (RUE),44.65799,-1.14835,17,2,2
202100014023,176Â 635,A01,1,1,1,1,2,0,-1,0,0,-1,2021,52.0,2,1,0,0,1,1,3,,4,PLACE DE LA REPUBLIQUE,0,,2,6,2,1,(1),(1),1,, -1,1,0,1,30,10,10,2021,03:19,5,75,75103,2,7,0,7,PLACE DE LA REPUBLIQUE,48.867324,2.363367,3,1,1
202100038411,132Â 981,A01,10,3,1,0,0,-1,-1,4,3,1,2021,25.0,3,2,0,1,1,9,1,,4,CHAUMETTES,0,,2,1,0,1,0,0,1,, -1,2,0,1,50,25,5,2021,07:30,1,93,93066,2,3,1,1,CHAUMETTES,48.93815,2.35229,7,2,1
202100038879,132Â 131,A01,10,3,1,1,0,-1,-1,3,3,1,2021,56.0,0,2,0,1,1,18,1,,4,DIDEROT                             (AV),0,,2,2,0,1,(1),(1),1,, -1,1,0,1,50,21,5,2021,08:20,1,69,69199,2,1,0,6,DIDEROT  (AV),45.70507,4.85286,8,2,1
202100053772,105Â 628,A01,10,3,2,5,0,-1,-1,1,3,2,2021,63.0,3,2,0,1,2,15,1,,3,21,-1,,2,2,0,2,(1),(1),1,, -1,1,0,1,30,25,1,2021,16:10,1,50,50066,2,3,1,6,D21,48.780642,-1.5327,16,2,1
202100011835,180Â 568,B01,1,1,2,0,1,0,-1,-1, -1,-1,2021,19.0,1,2,1,0,0,0,1,,4,MAROTS (RUE DES),0,,2,2,0,1,(1),(1),1,, -1,1,0,1,50,21,10,2021,09:08,1,10,10387,2,1,1,4,MAROTS (RUE DES),48.30543,4.05179,9,5,3
202100051546,109Â 561,A01,1,1,2,0,1,-1,-1,0,0,-1,2021,35.0,2,2,6,0,8,0,0,,3,114,-1,,2,2,0,1,3,300,3,, -1,1,0,1,80,15,2,2021,10:30,1,10,10132,1,1,0,6,D114,48.516064,3.959241,10,1,1
202100029474,149Â 102,A01,1,1,1,5,2,6,-1,0,0,-1,2021,52.0,1,1,0,2,8,5,1,,3,27,0,D,2,2,0,2,(1),(1),2,, -1,1,0,1,80,10,7,2021,09:50,1,201,201040,1,1,0,1,D27,42.065722,9.046755,9,2,2
202100041269,127Â 834,A01,1,1,2,0,2,6,-1,-1, -1,-1,2021,19.0,1,1,0,0,8,2,1,,4,MARINES (AVENUE DES ALLEES),0,,2,2,0,1,58,0,1,, -1,2,0,1,50,5,5,2021,09:47,1,64,64102,2,1,1,7,MARINES (AVENUE DES ALLEES),43.49952,-1.48967,9,1,1
202100037342,134Â 919,A01,1,1,1,1,2,-1,-1,0,0,-1,2021,55.0,1,1,0,2,2,17,1,,2,57,-1,R,-1,2,0,1,87,975,1,, -1,1,0,1,50,1,6,2021,06:14,1,25,25318,2,9,0,3,N57,46.767915,6.382496,6,2,2
202100042890,125Â 000,A01,1,1,1,0,2,8,-1,-1, -1,-1,2021,18.0,1,1,0,2,1,26,1,,4,ITALIE (RUE D'),0,,1,1,0,1,(1),(1),1,, -1,1,0,1,50,23,4,2021,21:30,5,13,13206,2,2,0,3,ITALIE (RUE D'),43.288845,5.382927,21,2,2
202100028240,151Â 214,A01,10,3,2,5,0,-1,-1,1,3,1,2021,11.0,2,2,0,1,1,1,1,,4,,0,,2,2,0,1,(1),(1),1,,"3,5",1,0,1,50,20,7,2021,12:00,1,37,37110,2,1,0,6,24 Rue de l Europe,47.3079039005,1.0750368924,12,2,1
202100017806,169Â 792,A01,1,1,1,5,2,-1,-1,0,0,-1,2021,25.0,0,1,0,2,1,1,1,,4,FRANCS MURIERS (RUE DES),0,,2,2,0,1,(1),(1),1,, -1,1,0,1,50,12,9,2021,00:20,5,80,80021,2,2,0,3,FRANCS MURIERS (RUE DES),49.89675,2.3004,0,2,2
202100001057,199Â 872,A01,1,1,1,9,2,0,-1,0,0,-1,2021,50.0,1,0,0,2,2,1,3,,4,RUE DE THIONVILLE,0,,1,1,1,1,(1),(1),1,, -1,2,-1,5,30,29,12,2021,07:36,5,75,75119,2,3,1,3,RUE DE THIONVILLE,48.887576,2.380329,7,2,2
202100019032,167Â 619,B01,1,1,1,1,2,0,-1,-1, -1,-1,2021,37.0,2,1,0,2,8,2,5,,3,69,0,,2,3,0,1,0,0,1,, -1,1,0,1,30,13,9,2021,07:15,1,92,92040,2,1,0,3,GALLIENI (BOULEVARD),48.8229495535,2.2679632902,7,2,2
202100041133,128Â 083,A01,1,1,1,9,2,6,-1,0,0,-1,2021,44.0,1,1,0,2,1,1,1,,4,BOULEVARD PERIPHERIQUE INTERIEUR OUEST,0,,1,4,3,1,14,100,1,, -1,1,0,1,70,4,5,2021,17:40,1,75,75116,2,1,0,2,BOULEVARD PERIPHERIQUE INTERIEUR OUEST,48.861934,2.2646,17,3,2
202100025787,155Â 597,A01,1,1,2,0,1,0,-1,-1, -1,-1,2021,32.0,3,0,1,0,2,26,1,,4,,0,,1,2,0,2,0,0,1,, -1,1,0,1,50,3,8,2021,22:15,5,92,92048,2,1,0,6,LE CORBEILLER (AVENUE) NÂ° 1 A 45,48.8137288787,2.2422876653,22,1,1
202100020037,165Â 812,A01,10,3,2,0,0,-1,-1,3,3,1,2021,49.0,3,1,0,1,1,17,1,,4,PONT (RUE DU),0,,2,2,0,1,0,0,1,, -1,1,0,1,50,7,9,2021,18:00,5,974,97411,2,1,0,6,PONT (RUE DU),-20.8781534165,55.4459094999,18,2,1
202100018365,168Â 800,A01,3,2,1,0,1,8,-1,-1, -1,-1,2021,4.0,1,2,0,2,1,2,1,,1,VA007342 LA CEPIERE  A620 Sortie 27,0,,3,9,0,1,7,37,1,, -1,1,0,1,90,17,9,2021,16:30,1,31,31555,1,1,0,2,VA007342 LA CEPIERE  A620 Sortie 27,43.59786,1.39734,16,4,2
202100056238,101Â 371,B01,1,1,2,1,1,8,-1,-1, -1,-1,2021,48.0,1,2,0,2,5,2,1,,2,11 - RT,0,,-1,2,0,1,(1),(1),1,, -1,1,0,1,70,4,1,2021,07:55,1,202,202120,2,1,0,2,11 - RT,42.64959,9.44058,7,2,2
202100055383,102Â 848,A01,2,2,2,5,0,-1,-1,0,0,-1,2021,32.0,1,1,0,0,0,0,1,,4,,-1,,1,1,0,2,(1),(1),1,, -1,1,0,1,50,8,1,2021,19:00,2,974,97415,2,1,0,7,3 Rue des Flamboyants,-20.979167,55.327883,19,2,1
202100006147,190Â 824,A01,1,1,1,5,2,-1,-1,0,0,-1,2021,14.0,1,1,0,0,8,12,1,,3,938,0,D,2,1,0,1,11,200,2,, -1,2,0,1,30,27,11,2021,10:05,1,64,64138,1,6,1,7,D938,43.2436839516,-0.2680063248,10,1,1
202100022638,161Â 152,A01,1,1,1,0,2,6,-1,-1, -1,-1,2021,17.0,2,1,0,2,1,1,1,,4,,0,,1,1,0,1,(1),(1),1,, -1,1,0,1,50,25,8,2021,15:00,1,25,25056,2,2,0,3,VIEILLE MONNAIE RUE DE LA,47.23368,6.02687,15,2,2
202100005027,192Â 802,B01,1,1,1,1,8,0,-1,-1, -1,-1,2021,15.0,1,1,0,2,3,2,0,,3,MADELEINE (ROUTE DE LA),0,,2,2,0,1,3,860,1,, -1,2,0,1,50,2,12,2021,07:10,1,973,97302,1,1,1,3,MADELEINE (ROUTE DE LA),4.90978,-52.32164,7,2,2
202100010396,183Â 128,A01,1,1,1,0,8,-1,-1,0,0,-1,2021,26.0,2,2,3,0,1,0,1,,2,176,0,N,3,4,0,1,13,180,1,, -1,2,0,8,110,30,10,2021,07:00,3,22,22259,1,1,1,7,rn 176 PR 013+180,48.460387,-2.071888,7,1,1
202100008769,186Â 064,A01,1,1,1,5,1,0,-1,-1, -1,-1,2021,22.0,-1,2,6,0,1,2,1,,3,DIDEROT (ROND-POINT),0,,1,1,0,1,0,1,3,, -1,1,0,3,30,9,11,2021,02:50,5,93,93029,2,6,0,6,STATION (DE LA),48.91686,2.42936,2,1,1
202100040048,130Â 013,B01,1,1,1,0,1,5,-1,-1, -1,-1,2021,63.0,2,2,0,2,1,26,1,,3,DÃ©partementale 811,0,,-1,2,0,1,3,250,2,, -1,2,2,1,80,13,5,2021,19:05,1,46,46042,1,1,1,1,DÃ©partementale 811,44.48861,1.40806,19,2,2
202100003457,195Â 573,A01,1,1,1,5,1,-1,-1,0,0,-1,2021,73.0,2,2,0,2,9,9,1,,3,133,-1,D,2,2,0,1,11,200,1,, -1,2,0,1,80,9,12,2021,13:30,1,67,67103,1,1,1,5,D133,48.804944,7.386973,13,4,3
202100022305,161Â 764,B01,2,2,2,5,2,6,-1,-1, -1,-1,2021,27.0,2,1,0,2,3,1,1,,3,GENERAL LECLERC (AV DU),0,,3,1,0,1,1,0,1,, -1,1,0,1,50,26,8,2021,18:55,2,94,94046,2,1,0,3,Avenue du GÃ©nÃ©ral Leclerc,48.81012,2.43287,18,3,2
202100035065,139Â 018,B01,1,1,2,4,2,6,-1,0,0,-1,2021,25.0,2,1,0,2,7,17,1,,4,BOULEVARD JOURDAN,0,,3,2,1,1,(1),(1),1,, -1,1,0,1,50,11,6,2021,15:45,1,75,75114,2,1,0,3,BOULEVARD JOURDAN,48.821692,2.332927,15,2,2
202100009464,184Â 789,A01,1,1,1,5,1,0,-1,0,0,-1,2021,83.0,3,2,4,0,1,13,1,,4,BOULEVARD DU GENERAL JEAN SIMON,0,,2,5,0,1,(1),(1),1,, -1,2,8,1,50,4,11,2021,18:00,5,75,75113,2,2,1,6,BOULEVARD DU GENERAL JEAN SIMON,48.825933,2.382723,18,1,1
202100007952,187Â 516,A01,1,1,2,5,1,8,-1,-1, -1,-1,2021,52.0,2,2,0,2,6,11,1,,1,A86 EXT,0,,-1,9,0,1,37,0,1,, -1,1,0,1,90,16,11,2021,16:30,1,94,94046,1,1,0,2,A86 EXT,48.8076,2.4489,16,2,2
202100017123,171Â 028,A01,10,3,1,0,0,-1,-1,2,3,1,2021,64.0,1,2,0,1,1,15,1,,3,EUROPE BOULEVARD DE L',0,,3,4,0,1,1,0,1,, -1,1,0,1,50,23,9,2021,17:45,1,93,93046,2,2,0,6,Boulevard de lâEurope / Rue du ChÃ¢teau,48.92467,2.54777,17,2,1
202100019887,166Â 083,B01,1,1,1,0,2,6,-1,-1, -1,-1,2021,66.0,0,1,0,0,0,0,1,,4,SAINT MITRE A FOUR DE BUZE (CHEMIN),0,,2,2,0,1,0,0,1,, -1,1,0,1,50,9,9,2021,10:06,1,13,13213,2,1,0,3,SAINT MITRE A FOUR DE BUZE (CHEMIN),43.3457846009,5.415946055,10,2,2
202100034079,140Â 847,A01,3,2,1,0,1,0,-1,-1, -1,-1,2021,18.0,0,2,0,2,2,15,1,,4,SAINT ANTOINE A SAINT JOSEPH (CHEMIN DE),0,,2,2,0,2,(1),(1),2,, -1,1,5,1,50,16,6,2021,22:50,5,13,13215,2,2,0,3,SAINT ANTOINE A SAINT JOSEPH (CHEMIN DE),43.36038,5.36379,22,4,2
202100017355,170Â 622,A01,1,1,1,0,1,0,-1,-1, -1,-1,2021,40.0,1,5,0,2,1,2,1,,1,AUTOROUTE A16,0,,-1,2,0,1,118,699,1,, -1,1,8,1,130,13,9,2021,10:45,1,59,59271,1,1,0,2,AUTOROUTE A16,51.0048118601,2.3132973241,10,2,2
202100001126,199Â 758,A01,2,2,2,5,1,-1,-1,0,0,-1,2021,61.0,1,2,2,0,1,1,1,,3,5,-1,,-1,2,0,1,38,250,1,, -1,2,0,3,80,20,12,2021,14:15,1,2,2031,1,1,1,6,Lieu Dit la Malabreuvee,49.849692,4.198499,14,2,1
202100043039,124Â 742,B01,1,1,1,9,2,8,-1,0,0,-1,2021,26.0,1,1,0,2,1,1,1,,3,CHATEAUNEUF (Route de),0,,2,2,0,1,2,150,1,, -1,1,0,1,50,22,4,2021,17:45,1,26,26198,2,1,0,4,132BRoute de Chateauneuf,44.5307,4.7365,17,3,3
202100002000,198Â 217,B01,1,1,1,9,2,-1,-1,-1, -1,-1,2021,35.0,2,1,0,2,1,1,1,,3,JULES DURAND (BD),0,,-1,2,0,1,0,417,1,, -1,1,0,1,50,17,12,2021,13:25,1,76,76351,2,3,0,3,JULES DURAND (BD),49.48971,0.15567,13,2,2
202100001758,198Â 647,A01,10,3,2,0,0,-1,-1,4,3,1,2021,61.0,-1,2,0,1,1,1,1,,3,PERI GABRIEL RUE,0,,2,2,0,1,1,0,1,, -1,1,5,1,50,20,12,2021,19:00,5,93,93061,2,2,0,6,PERI GABRIEL RUE,48.885698086,2.4054899293,19,2,1
202100037336,134Â 929,A01,1,1,1,5,0,-1,-1,0,0,-1,2021,62.0,2,1,0,2,7,3,5,,3,14,-1,,2,2,0,1,13,460,1,, -1,1,0,1,50,31,5,2021,17:05,1,33,33140,2,1,0,5,,44.7719425679,-0.3510586223,17,3,3
202100002515,197Â 280,B01,2,2,2,5,1,-1,-1,0,0,-1,2021,54.0,2,2,0,2,1,1,1,,3,31,0,A,2,2,0,1,0,332,1,,5,7,0,1,70,19,12,2021,11:10,1,1,1454,2,3,1,1,route de lyon,45.715259,5.706807,11,6,2
202100042621,125Â 440,A01,1,1,1,3,1,-1,-1,0,0,-1,2021,37.0,2,2,2,0,3,1,1,,3,49,0,D,2,2,0,1,4,175,2,, -1,1,0,3,80,26,4,2021,13:20,1,41,41282,1,1,0,6,D49,47.378552,1.792826,13,3,1
202100051142,110Â 259,A01,1,1,1,0,8,0,-1,-1, -1,-1,2021,34.0,1,2,4,0,0,0,1,,1,AUTOROUTE A6,0,,3,6,0,1,16,600,2,, -1,1,0,1,110,17,2,2021,22:35,3,91,91589,1,1,0,7,AUTOROUTE A6,48.68085,2.33126,22,2,1
202100039259,131Â 433,B01,1,1,1,5,2,6,-1,-1, -1,-1,2021,66.0,2,1,0,2,1,1,0,,4,MARECHAL FOCH (DU)                  (AV),0,,2,3,0,1,(1),(1),1,, -1,1,0,1,50,19,5,2021,16:50,1,69,69202,2,2,0,3,MARECHAL FOCH (DU)                  (AV),45.74396,4.79824,16,2,2
202100016543,172Â 058,A01,1,1,1,3,2,8,-1,-1, -1,-1,2021,42.0,1,1,0,2,1,1,1,,4,PAIX (R DE LA),0,,1,0,0,1,0,0,1,, -1,1,0,1,50,26,9,2021,12:00,1,94,94080,2,1,0,2,PAIX (R DE LA),48.84996,2.43201,12,2,2
202100004542,193Â 658,B01,1,1,1,9,2,6,-1,0,0,-1,2021,28.0,1,1,0,2,1,15,1,,4,PLACE DE L OPERA,0,,2,6,0,1,(1),(1),1,, -1,2,0,1,30,5,12,2021,19:55,5,75,75109,2,7,1,1,PLACE DE L OPERA,48.870727,2.332507,19,2,2
202100023080,160Â 361,B01,1,1,1,0,1,8,-1,-1, -1,-1,2021,48.0,0,2,0,2,4,1,1,,7,CD6,0,,2,2,0,2,0,0,1,, -1,1,0,1,70,2,8,2021,07:55,1,13,13019,1,1,0,2,CD6,43.4246,5.3798,7,2,2
202100019927,166Â 012,B01,1,1,1,0,2,6,-1,-1, -1,-1,2021,40.0,0,1,0,2,1,1,1,,3,MITRY [CD115] (RUE DE),0,,2,2,0,1,0,0,1,, -1,1,0,1,50,8,9,2021,15:50,1,93,93005,2,3,0,3,Route de Mitry / Rue des Coquelicots,48.942612,2.505551,15,2,2
202100043025,124Â 769,B01,1,1,1,5,8,-1,-1,-1, -1,-1,2021,12.0,3,1,0,2,8,19,5,,4,MARCHANDEAU (AVENUE PAUL),0,,1,1,0,1,(1),(1),1,, -1,1,0,1,50,22,4,2021,16:57,1,51,51454,2,6,0,3,Avenue Paul Marchandeau,49.2421371036,4.0244113972,16,2,2
202100019327,167Â 079,B01,2,2,1,5,1,0,-1,-1, -1,-1,2021,53.0,1,2,0,2,3,1,1,,4,TISON (BOULEVARD),0,,2,2,0,3,(1),(1),3,, -1,9,0,1,50,12,9,2021,20:00,1,86,86194,2,1,0,3,Boulevard Tison,46.575111,0.337817,20,3,2
202100053873,105Â 448,A01,1,1,1,4,1,-1,-1,0,0,-1,2021,34.0,2,5,0,2,1,11,1,,2,165,-1,,3,4,0,3,88,420,1,, -1,1,0,1,110,25,1,2021,14:40,1,29,29240,1,1,0,2,N165,48.285135,-4.149485,14,2,2
202100040977,128Â 373,A01,2,2,2,0,1,0,-1,-1, -1,-1,2021,82.0,0,2,8,0,1,26,1,,3,,0,,2,2,0,1,0,0,1,, -1,1,0,4,50,7,5,2021,15:05,1,92,92020,2,1,0,6,PARIS AVENUE DE NÂ° IMPAIRS,48.8045851971,2.2894410789,15,2,1
202100055958,101Â 861,A01,10,3,1,0,0,-1,-1,2,3,2,2021,46.0,3,5,0,1,1,15,1,,3,MONTGOLFIER (RUE J ET E),0,,2,2,0,2,1,1,1,, -1,2,0,1,50,7,1,2021,18:00,5,93,93064,2,3,1,6,MONTGOLFIER (RUE J ET E),48.8887298441,2.4765815673,18,3,1
202100033919,141Â 134,B01,1,1,1,9,6,2,-1,0,0,-1,2021,51.0,2,1,0,2,1,4,1,,4,,-1,,2,1,0,1,(1),(1),1,,3,1,0,1,50,17,6,2021,11:45,1,974,97414,2,2,0,3,Rue du PÃ¨re Laporte,-21.264426,55.437629,11,3,2
202100037371,134Â 870,B01,1,1,1,5,2,6,-1,0,0,-1,2021,25.0,1,1,0,2,1,2,1,,3,74,-1,,2,2,0,1,19,700,1,, -1,1,0,1,50,31,5,2021,18:45,1,83,83115,2,1,0,2,195 Route du Plan de la Tour,43.327088,6.603473,18,2,2
202100012726,178Â 970,A01,10,3,1,5,0,-1,-1,1,1,2,2021,38.0,1,2,0,1,2,2,1,,4,,-1,,2,2,0,1,217,150,1,,4,1,0,1,50,17,10,2021,18:20,2,38,38453,1,1,0,6,957 Route du Stade,45.108113,5.310141,18,2,1
202100002821,196Â 730,A01,10,3,1,-1,0,-1,-1,1,3,1,2021,70.0,2,2,0,1,1,1,1,,4,,0,,2,1,0,1,0,0,1,, -1,1,0,1,30,15,12,2021,12:50,1,92,92012,2,1,0,6,SILLY (RUE DE) 89/FIN - 90/FIN,48.8327813112,2.2336819768,12,2,1
202100012171,179Â 965,A01,10,3,1,2,0,-1,-1,3,1,1,2021,8.0,2,5,0,1,1,1,1,,3,VITTULO ROUTE DU,0,,2,2,0,1,7,800,1,, -1,1,0,1,30,19,10,2021,13:28,1,201,201004,2,1,0,7,VITTULO ROUTE DU,41.92917,8.73163,13,2,1
202100035934,137Â 458,A01,1,1,2,5,1,0,-1,0,0,-1,2021,23.0,2,2,7,0,1,14,1,,3,REVELLY (PLACE  DU ),0,,1,2,0,1,70,14,2,, -1,1,0,4,50,6,6,2021,01:55,5,5,5061,2,1,0,6,REVELLY (PLACE  DU ),44.56125,6.07991,1,1,1