Num_Acc,id_vehicule,num_veh,place,catu,sexe,trajet,secu1,secu2,secu3,locp,actp,etatp,year_acc,victim_age,senc,catv,obs,obsm,choc,manv,motor,occutc,catr,voie,v1,v2,circ,nbv,vosp,prof,pr,pr1,plan,lartpc,larrout,surf,infra,situ,vma,jour,mois,an,hrmn,lum,dep,com,agg_,int,atm,col,adr,lat,long,hour,nb_victim,nb_vehicules
202100015363,174Â 250,B01,1,1,1,4,2,6,-1,-1, -1,-1,2021,53.0,2,1,0,2,8,0,1,,3,HUIT MAI 1945 (AV DU),0,,2,2,0,1,1,0,1,, -1,2,0,1,50,3,10,2021,14:40,1,94,94017,2,1,1,3,Avenue du 8 Mai 1945,48.80734,2.53739,14,2,2
202100017787,169Â 823,A01,1,1,1,5,2,6,9,0,0,-1,2021,23.0,1,1,0,2,1,13,1,,3,174,-1,,2,2,0,2,3,200,3,, -1,1,0,1,80,25,5,2021,19:40,1,74,74282,1,1,0,1,D174 - Lieu dit le Praz,45.969445,6.172568,19,2,2
202100011125,181Â 848,B01,1,1,1,1,1,0,-1,-1, -1,-1,2021,26.0,0,5,0,2,9,1,1,,4,PLATEAU (ALLEE DU),0,,1,1,0,1,0,0,1,, -1,2,0,1,30,25,10,2021,08:14,2,93,93062,2,2,1,3,PLATEAU (ALLEE DU),48.8971803284,2.5300137699,8,2,2
202100037174,135Â 237,A01,2,1,1,0,8,0,-1,-1, -1,-1,2021,33.0,1,1,0,2,0,21,1,,2,PAUL LACAVE ( AVENUE ),0,,1,1,0,1,(1),(1),1,, -1,1,0,1,50,29,5,2021,12:15,1,971,97107,2,1,0,7,PAUL LACAVE ( AVENUE ),16.0482365846,-61.5629094879,12,1,1
202100013930,176Â 803,A01,7,2,2,5,1,-1,-1,0,0,-1,2021,39.0,2,2,0,2,3,15,1,,3,115,-1,,2,2,0,1,25,380,1,, -1,1,0,1,50,8,10,2021,20:15,4,33,33123,1,2,0,1,Berniard,45.09508,-0.437817,20,5,2
202100030874,146Â 573,B01,1,1,1,5,0,-1,-1,0,0,-1,2021,22.0,1,1,0,2,5,1,5,,4,,-1,,1,2,1,1,(1),(1),1,,4,1,0,5,50,19,6,2021,19:20,1,40,40304,2,2,0,3,Avenue Bremontier,43.656253,-1.433228,19,2,2
202100000138,201Â 501,A01,10,3,2,0,0,-1,-1,4,3,1,2021,55.0,1,2,0,1,1,1,1,,4,ROBESPIERRE (RUE),0,,2,1,0,1,0,0,1,, -1,1,0,1,50,13,12,2021,07:50,1,52,52121,2,1,0,6,ROBESPIERRE (RUE),48.103061,5.13319,7,2,1
202100008559,186Â 437,B01,1,1,1,0,2,6,9,0,0,-1,2021,18.0,1,1,0,2,1,16,1,,3,D5,-1,,2,2,0,1,(1),(1),3,, -1,2,0,1,50,12,11,2021,10:55,1,67,67028,1,3,1,1,dÃ©partementale 5,48.376991,7.584665,10,2,2
202100036226,136Â 934,B01,4,2,1,0,1,0,-1,-1, -1,-1,2021,10.0,1,2,0,2,1,0,1,,3,RESISTANCE(AVENUE),0,,2,2,0,1,0,100,1,, -1,1,9,1,50,4,6,2021,18:30,1,91,91691,2,1,0,1,RESISTANCE(AVENUE),48.69388,2.47737,18,4,2
202100032231,144Â 148,A01,1,1,1,1,1,0,-1,-1, -1,-1,2021,23.0,2,2,4,0,4,0,1,,1,AUTOROUTE A104,0,,3,6,0,1,3,0,2,, -1,2,0,1,90,25,6,2021,22:25,3,93,93078,1,1,1,6,AUTOROUTE A104,48.96292,2.52255,22,1,1
202100007498,188Â 354,B01,1,1,1,5,2,-1,-1,0,0,-1,2021,15.0,0,1,0,2,1,1,1,,3,951,0,D,2,2,0,2,62,10,1,, -1,2,0,1,50,17,11,2021,17:30,5,58,58079,2,1,1,1,Route d Armes,47.457595,3.526113,17,2,2
202100016663,171Â 844,A01,10,3,2,0,0,-1,-1,3,3,1,2021,40.0,3,2,0,1,2,1,1,,3,THIERS (AVENUE),0,,2,2,0,1,1,219,1,, -1,1,0,1,50,25,9,2021,17:55,1,6,6069,2,1,0,6,THIERS (AVENUE),43.661501,6.922893,17,2,1
202100035514,138Â 231,A01,1,1,1,4,1,0,-1,-1, -1,-1,2021,38.0,3,4,0,9,7,26,1,,2,ROUTE NATIONALE 568,0,,2,2,0,2,0,0,2,, -1,1,0,1,70,7,6,2021,14:00,1,13,13039,1,1,0,6,ROUTE NATIONALE 568,43.4420503794,4.9398994446,14,1,1
202100043689,123Â 589,A01,2,2,1,5,2,6,-1,0,0,-1,2021,10.0,3,1,0,0,0,1,1,,4,,-1,,-1,2,0,1,(1),(1),1,, -1,1,0,8,-1,18,4,2021,17:45,1,60,60456,1,1,0,7,Rue de Wacquemoulin,49.485764,2.579674,17,2,1
202100020041,165Â 805,B01,1,1,1,0,8,-1,-1,-1, -1,-1,2021,17.0,2,1,0,2,1,2,3,,4,JEAN JAURES                         (AV),0,,2,2,2,1,(1),(1),1,, -1,1,0,1,50,8,9,2021,19:40,1,69,69387,2,1,0,2,JEAN JAURES (AV),45.7343465617,4.8353952169,19,2,2
202100030688,146Â 902,A01,1,1,1,0,2,6,-1,-1, -1,-1,2021,43.0,1,1,0,0,8,1,1,,3,DEVI DU CD 19,0,,1,2,0,1,0,0,2,, -1,5,0,1,30,16,1,2021,13:00,1,91,91103,1,1,1,7,DEVI DU CD 19,48.57834,2.29886,13,1,1
202100011157,181Â 791,B01,1,1,1,0,2,6,-1,0,0,-1,2021,53.0,2,1,0,2,1,1,1,,7,6007,-1,M,2,2,0,2,59,8,1,, -1,1,9,1,50,25,10,2021,16:15,1,6,6032,2,1,0,3,M6007,43.725999,7.396342,16,3,2
202100030293,147Â 619,A01,1,1,2,5,8,-1,-1,0,0,-1,2021,51.0,1,2,0,2,2,2,1,,1,A62,-1,,1,3,0,1,194,385,1,, -1,1,0,1,130,8,7,2021,13:00,1,82,82079,1,1,0,2,A62 pk 194.500,43.9075125098,1.3181299745,13,3,2
202100012277,179Â 782,A01,1,1,1,4,2,6,-1,-1, -1,-1,2021,28.0,3,1,0,2,2,9,1,,3,908,0,,1,1,0,1,0,0,3,, -1,1,0,5,50,19,10,2021,18:50,2,92,92035,2,6,0,3,Charlebourg ( rue de ),48.9070574263,2.2403901815,18,2,2
202100028616,150Â 566,A01,1,1,2,0,1,-1,-1,0,0,-1,2021,48.0,0,2,0,2,1,15,1,,4,CAGNARD (RUE),0,,2,2,0,4,(1),(1),1,, -1,1,0,1,50,14,7,2021,19:45,1,80,80021,2,1,0,3,CAGNARD (RUE),49.90355,2.2872,19,2,2
202100044401,122Â 314,A01,1,1,2,5,1,-1,-1,0,0,-1,2021,89.0,3,2,0,2,1,1,1,,3,786,0,,2,2,0,1,(1),(1),2,, -1,2,0,1,80,11,4,2021,09:45,1,22,22224,1,1,1,1,Route de Kerissy,48.709456,-3.502085,9,5,2
202100038812,132Â 240,A01,1,1,1,5,2,-1,-1,0,0,-1,2021,54.0,1,6,3,0,2,1,1,,3,142,0,D,2,2,0,2,(1),(1),1,, -1,1,0,1,80,23,5,2021,12:20,1,59,59138,1,1,0,6,D142,50.133715,3.324201,12,1,1
202100042517,125Â 622,B01,1,1,1,1,2,6,-1,-1, -1,-1,2021,22.0,2,1,0,2,6,15,1,,3,Rhin et Danube ( place ),0,,2,2,0,1,0,0,1,, -1,1,0,1,50,26,4,2021,17:00,1,92,92035,2,7,0,3,Rhin et Danube ( place ),48.90279,2.2426,17,2,2
202100031756,144Â 996,B01,1,1,1,0,2,0,-1,-1, -1,-1,2021,23.0,3,1,0,2,1,21,1,,3,GIRARDOT RUE,0,,2,0,0,2,0,0,1,, -1,1,0,1,30,28,6,2021,14:40,1,93,93006,2,3,0,3,GIRARDOT RUE,48.87474,2.425399,14,2,2
202100004074,194Â 462,A01,2,2,1,5,1,7,-1,0,0,-1,2021,30.0,0,2,13,0,1,1,1,,4,DEPORTES (RUE DES),0,,1,1,0,2,(1),(1),3,, -1,2,5,4,50,14,11,2021,08:50,2,27,27229,2,1,1,6,DEPORTES (RUE DES),49.01891,1.1551,8,2,1
202100025866,155Â 451,A01,1,1,2,5,0,-1,-1,0,0,-1,2021,75.0,3,1,0,2,1,19,5,,4,,-1,,-1,2,0,2,(1),(1),1,, -1,1,9,1,50,9,3,2021,15:15,1,38,38158,2,1,0,3,Rue Montesquieu,45.14539,5.742792,15,2,2
202100001037,199Â 914,A01,10,3,1,5,0,-1,-1,4,5,2,2021,40.0,1,2,0,1,3,1,1,,3,DE GAULLE (AV DU GENERAL) NÂ° PAIRS,0,,2,4,0,2,1,0,1,, -1,1,0,1,50,13,12,2021,12:05,1,18,18033,2,2,0,3,DE GAULLE (AV DU GENERAL) NÂ° PAIRS,47.09977,2.40699,12,2,1
202100008619,186Â 334,A01,1,1,1,5,2,6,-1,-1, -1,-1,2021,43.0,2,1,0,0,8,1,1,,3,407,0,,2,2,0,2,0,0,1,, -1,1,0,1,50,9,11,2021,23:03,5,92,92072,2,1,0,7,VILLE D'AVRAY (RUE DE ),48.8259515519,2.1997064352,23,1,1
202100037843,134Â 014,A01,10,3,2,5,0,-1,-1,4,3,1,2021,77.0,2,2,0,1,1,1,1,,3,BD DE STALINGRAD,0,,1,2,0,1,1,0,1,, -1,1,0,1,50,28,5,2021,17:35,1,94,94081,2,1,0,6,Boulevard de Stalingrad,48.80348,2.37751,17,2,1
202100004853,193Â 115,A01,10,3,1,5,0,-1,-1,1,9,3,2021,32.0,1,4,0,1,1,26,0,,3,,-1,,-1,-1,0,1,(1),(1),1,,4,2,0,8,30,4,12,2021,15:55,1,61,61205,2,7,1,6,Le Bourg Heugon,48.855997,0.396937,15,2,1
202100028816,150Â 211,A01,1,1,1,1,8,0,-1,-1, -1,-1,2021,46.0,1,1,0,2,1,18,5,,4,CARNOT,0,,1,2,1,1,0,0,1,, -1,1,0,1,30,15,7,2021,08:30,1,64,64445,2,1,0,3,CARNOT,43.30085,-0.36945,8,2,2
202100036258,136Â 870,A01,10,3,2,0,0,-1,-1,4,3,1,2021,77.0,1,5,0,1,2,16,1,,4,SOLA (BD PIERRE),0,,1,3,0,1,(1),(1),1,, -1,1,0,1,50,5,6,2021,18:10,1,6,6088,2,1,0,6,SOLA (BD PIERRE),43.70729,7.28615,18,2,1
202100001471,199Â 156,B01,2,2,2,0,1,0,-1,-1, -1,-1,2021,23.0,3,2,0,2,1,2,1,,4,HUGO (COURS VICTOR HUGO),0,,2,2,0,1,(1),(1),1,, -1,2,0,1,50,23,12,2021,19:26,2,45,45234,2,6,1,2,Cours Victor Hugo,47.8889816667,1.8959140778,19,3,2
202100044585,122Â 023,A01,1,1,1,0,2,6,-1,-1,0,-1,2021,53.0,1,1,0,2,1,17,0,,3,JAURES (AVENUE JEAN),0,,2,2,0,2,57,204,4,, -1,1,0,1,50,7,4,2021,19:00,1,6,6104,2,1,0,1,JAURES (AVENUE JEAN),43.75636,7.44895,19,2,2
202100045998,119Â 536,A01,1,1,1,1,2,8,-1,-1, -1,-1,2021,24.0,2,1,0,2,1,1,1,,3,DOUMER (AVENUE PAUL) NORD,0,,3,4,0,1,0,0,1,, -1,1,5,1,50,29,3,2021,18:50,1,92,92063,2,3,0,3,DOUMER (AVENUE PAUL) NORD,48.8830394042,2.1894711256,18,2,2
202100002716,196Â 916,B01,1,1,2,1,1,0,-1,-1, -1,-1,2021,21.0,1,2,0,2,3,9,1,,7,Route Nationale 83,0,,1,2,0,1,40,900,1,, -1,1,0,1,90,15,12,2021,18:10,3,67,67152,1,1,0,3,M83,48.52042,7.69798,18,2,2
202100020608,164Â 789,A01,2,2,2,5,2,-1,-1,0,0,-1,2021,26.0,0,1,0,0,1,1,1,,4,,-1,,2,1,0,1,(1),(1),1,,3,1,0,3,50,5,9,2021,18:20,1,59,59384,1,1,0,7,Ruelle Vendois,50.119206,3.740512,18,2,1
202100005505,191Â 954,A01,10,3,2,5,8,8,-1,3,3,1,2021,79.0,1,2,0,1,4,4,1,,4,,0,,1,1,0,1,(1),(1),1,, -1,1,0,1,30,24,11,2021,16:50,2,54,54580,2,4,0,6,Place Jeanne dâArc,49.469435,5.930231,16,2,1
202100028138,151Â 409,A01,4,2,2,5,1,-1,-1,-1, -1,-1,2021,7.0,2,2,0,2,3,15,1,,4,FARGES (AVE JEAN) DU 01 ET +,0,,2,3,0,2,(1),(1),1,, -1,1,0,1,50,19,7,2021,14:20,1,33,33009,2,2,0,1,Avenue Jean Farges,44.65664,-1.1603,14,4,2
202100028037,151Â 599,A01,1,1,1,1,2,6,-1,0,0,-1,2021,48.0,2,1,0,2,2,17,1,,3,2,0,,2,2,0,4,24,150,3,, -1,1,0,1,80,19,7,2021,08:30,1,37,37170,1,3,1,3,Les Huches,47.6115622164,0.5966805611,8,2,2
202100014004,176Â 672,B01,1,1,1,5,2,8,-1,0,0,-1,2021,13.0,1,1,0,2,1,0,5,,4,STIRN (PONT ALEXANDRE),0,,1,4,1,1,1,0,1,, -1,1,2,8,50,9,10,2021,17:20,1,14,14118,2,1,0,3,STIRN (PONT ALEXANDRE),49.17942,-0.34905,17,2,2
202100025767,155Â 627,B01,1,1,1,9,2,6,-1,0,0,-1,2021,22.0,2,1,0,2,1,1,1,,4,BOULEVARD MASSENA,0,,2,2,0,1,(1),(1),1,, -1,2,0,1,50,3,8,2021,08:40,1,75,75113,2,2,0,3,BOULEVARD MASSENA,48.820124,2.36466,8,2,2
202100027560,152Â 460,B01,1,1,2,9,1,0,-1,0,0,-1,2021,44.0,2,2,4,2,6,1,1,,4,BOULEVARD PERIPHERIQUE INTERIEUR OUEST,0,,1,4,0,1,12,0,1,, -1,1,0,1,70,21,7,2021,18:00,1,75,75116,2,1,0,5,BOULEVARD PERIPHERIQUE INTERIEUR OUEST,48.848151,2.253569,18,4,3
202100019982,165Â 914,A01,2,2,1,4,1,-1,-1,0,0,-1,2021,24.0,1,5,13,0,0,14,1,,1,4,-1,,3,4,0,1,182,600,1,, -1,1,0,3,130,9,9,2021,12:00,1,51,51147,1,1,0,7,A4,49.0300208817,4.4803405059,12,2,1
202100038463,132Â 894,A01,10,3,2,0,0,-1,-1,3,3,1,2021,82.0,2,2,0,1,1,1,1,,3,207,0,,2,2,0,2,0,0,1,, -1,1,5,1,50,25,5,2021,12:20,1,202,202042,2,6,1,-1,Route de la gare,42.562309,9.441362,12,2,1
202100040242,129Â 668,A01,1,1,1,4,2,6,-1,-1, -1,-1,2021,52.0,1,1,0,2,1,3,1,,3,67,0,,2,2,0,1,0,0,1,, -1,1,5,1,50,12,5,2021,17:30,1,92,92002,2,3,0,3,JEAN MONNET (AVENUE),48.7486,2.30149,17,2,2
202100026949,153Â 540,A01,1,1,1,4,2,6,-1,0,0,-1,2021,29.0,2,1,0,2,1,1,1,,4,BOULEVARD DE LA CHAPELLE,0,,1,2,1,1,(1),(1),1,, -1,2,0,1,30,26,7,2021,14:20,1,75,75110,2,2,0,3,BOULEVARD DE LA CHAPELLE,48.8842447229,2.3646086454,14,2,2
202100023027,160Â 468,A01,1,1,2,4,1,0,-1,-1, -1,-1,2021,27.0,2,2,0,2,1,2,1,,4,BAUDIN ( AVENUE) (VC),0,,1,1,0,1,0,0,1,, -1,1,0,1,50,23,7,2021,17:01,1,87,87085,2,1,0,4,BAUDIN ( AVENUE) (VC),45.8184,1.25205,17,3,3
202100039444,131Â 100,A01,10,3,1,0,0,-1,-1,1,3,1,2021,8.0,1,2,0,1,1,1,1,,4,EUROPE (AVENUE DE L'),0,,2,2,2,1,(1),(1),1,, -1,1,0,1,30,17,5,2021,18:30,1,54,54304,2,1,0,6,EUROPE (AVENUE DE L'),48.6800179011,6.1507565528,18,2,1
202100024633,157Â 627,B01,1,1,1,5,2,7,-1,0,0,-1,2021,27.0,1,1,0,2,1,1,1,,4,RUE CRILLON,0,,1,1,0,1,(1),(1),1,, -1,1,0,1,50,11,8,2021,16:45,1,75,75104,2,2,0,3,RUE CRILLON,48.849514,2.36565,16,2,2
202100054737,103Â 952,A01,10,3,2,0,0,-1,-1,3,3,1,2021,53.0,2,2,0,1,1,1,1,,4,,-1,,2,2,0,1,(1),(1),1,, -1,1,6,8,50,18,1,2021,09:40,1,84,84054,2,1,0,1,471 Cours Emile Zola,43.91928,5.041727,9,2,1
202100015243,174Â 459,B01,1,1,1,0,2,4,-1,-1, -1,-1,2021,28.0,1,1,0,2,3,1,3,,4,BARGUE  (BOULEVARD),0,,2,2,0,1,0,0,1,, -1,1,0,1,30,4,10,2021,07:50,1,93,93047,2,2,0,1,Boulevard Bargue / Rue Corot,48.900792,2.5576,7,2,2
202100025480,156Â 121,B01,2,2,2,3,2,6,-1,0,0,-1,2021,45.0,1,1,0,2,5,23,1,,4,RUE JEAN OESTREICHER,0,,1,2,0,1,(1),(1),1,, -1,1,0,1,30,4,8,2021,13:05,1,75,75117,2,1,0,2,RUE JEAN OESTREICHER,48.886656,2.28866,13,3,2
202100056352,101Â 173,A01,1,1,1,5,1,-1,-1,0,0,-1,2021,67.0,1,2,8,0,3,1,1,,4,10,-1,,2,2,0,1,(1),(1),1,, -1,1,0,3,50,2,1,2021,18:15,3,37,37077,1,1,0,6,route de la bruyÃ¨re,47.3590036168,0.4381066561,18,1,1
202100036334,136Â 748,A01,1,1,1,1,1,-1,-1,0,0,-1,2021,24.0,1,2,0,2,1,17,1,,1,13,0,,1,5,0,1,76,800,1,, -1,1,0,1,130,6,6,2021,14:10,1,27,27694,1,1,0,6,A13 pk 76.800 vers Rouen,49.0995283041,1.3538505505,14,2,2
202100031553,145Â 358,A01,1,1,2,5,1,0,-1,-1, -1,-1,2021,44.0,1,2,0,2,8,13,1,,1,A86 EXT,0,,-1,3,0,1,41,599,1,, -1,1,1,1,90,1,7,2021,20:30,1,94,94073,1,1,0,4,A86 EXT,48.7715,2.3925,20,3,3
202100023653,159Â 344,B01,1,1,1,0,2,6,-1,0,0,-1,2021,44.0,2,1,0,2,1,1,1,,3,130,0,D,2,2,0,1,9,763,1,, -1,1,5,1,80,19,8,2021,16:40,1,17,17367,1,2,0,3,D121/D130,45.95012,-0.341477,16,2,2
202100025292,156Â 449,A01,1,1,1,3,8,0,-1,-1, -1,-1,2021,30.0,3,2,6,0,8,7,1,,4,RUE GÃO CHARLES,0,,2,4,0,1,(1),(1),1,, -1,1,2,1,50,6,8,2021,19:50,2,38,38151,2,1,0,6,Rue GÃ©o Charles,45.15007,5.6968,19,2,1
202100000673,200Â 511,B01,1,1,2,9,8,0,-1,-1, -1,-1,2021,49.0,3,2,0,2,4,2,1,,4,NELSON MANDELA ROND POINT,0,,1,0,0,1,0,0,1,, -1,1,0,1,50,24,6,2021,19:20,1,13,13047,2,9,0,2,NELSON MANDELA ROND POINT,43.50092,4.99382,19,2,2
202100019905,166Â 051,B01,1,1,1,1,2,6,-1,0,0,-1,2021,35.0,1,1,0,2,4,23,1,,4,AVENUE D ITALIE,0,,2,4,0,1,(1),(1),1,, -1,2,0,1,30,9,9,2021,19:20,1,75,75113,2,3,1,4,AVENUE D ITALIE,48.823012,2.358285,19,3,3
202100000466,200Â 872,A01,10,3,2,5,0,-1,-1,3,3,2,2021,84.0,2,2,0,1,1,17,1,,4,FAURE (RUE ADRIEN ET EVA),0,,2,2,0,1,(1),(1),1,, -1,1,0,1,50,7,7,2021,16:05,1,19,19031,2,1,0,6,FAURE (RUE ADRIEN ET EVA),45.1554060216,1.5339395591,16,3,1
202100053673,105Â 796,A01,10,3,2,3,0,-1,-1,3,3,1,2021,87.0,3,2,0,1,4,4,1,,6,,0,,-1,-1,0,1,(1),(1),1,, -1,2,0,1,20,27,1,2021,10:00,1,95,95409,1,1,1,6,PARC DE STATIONNEMENT,49.0416754645,2.3395740436,10,2,1
202100000801,200Â 286,A01,1,1,2,2,2,6,-1,0,0,-1,2021,15.0,1,1,0,0,7,1,1,,3,36,-1,,2,2,0,1,6,800,1,, -1,2,0,1,80,29,12,2021,13:50,1,29,29281,1,1,1,7,D36 - Ty Gwen,48.0171975631,-3.8249123096,13,1,1
202100055246,103Â 071,A01,10,3,2,2,0,-1,-1,1,2,2,2021,36.0,1,2,0,1,1,1,1,,3,,-1,,2,2,0,1,30,0,1,, -1,2,0,1,50,14,1,2021,08:00,2,10,10086,2,1,1,6,rue saint-etienne,48.550285,3.955445,8,2,1
202100056233,101Â 378,B01,1,1,1,5,2,8,-1,0,0,-1,2021,24.0,3,1,0,2,1,7,1,,4,LECONTE DE LISLE (AVENUE),0,,2,4,3,1,0,0,1,, -1,1,9,6,50,2,1,2021,19:00,1,974,97411,1,1,0,3,Avenue Leconte de Lisle,-20.9019,55.48711,19,2,2
202100042230,126Â 141,B01,5,2,2,5,2,8,-1,-1, -1,-1,2021,4.0,2,1,0,2,3,1,5,,3,180,0,,2,8,0,1,0,0,1,, -1,1,0,1,50,24,4,2021,13:30,1,92,92063,2,2,0,3,BUZENVAL (PLACE DE),48.85722,2.19015,13,3,2
202100015293,174Â 377,A01,3,2,1,5,1,-1,-1,0,0,-1,2021,19.0,1,2,13,0,1,2,1,,3,D145,-1,E,2,2,0,1,3,155,1,, -1,2,0,3,80,3,10,2021,03:45,3,17,17118,1,1,0,6,RD 145E1,45.239723,-0.389414,3,3,1
202100044509,122Â 147,A01,9,2,2,5,1,-1,-1,0,0,-1,2021,16.0,2,2,2,0,1,1,1,,3,221,0,,2,2,0,1,1,800,2,, -1,2,0,1,50,10,4,2021,22:30,3,17,17165,1,1,1,7,Fief des Caves,45.907127,-0.459751,22,4,1
202100023349,159Â 878,C01,1,1,1,5,2,-1,-1,0,0,-1,2021,82.0,1,1,0,2,1,1,5,,4,18,0,,2,2,1,1,(1),(1),1,, -1,1,0,1,30,20,8,2021,15:45,1,29,29037,2,1,0,5,13bis Rue de l Odet,47.8760186832,-4.1318826377,15,4,3
202100032926,142Â 905,A01,10,3,2,0,0,-1,-1,1,2,1,2021,19.0,1,4,0,1,1,1,1,,3,CROIZAT AMBROISE RD 29 BIS,0,,2,3,0,1,0,1,1,, -1,2,0,1,50,22,6,2021,13:42,1,93,93066,2,1,1,1,CROIZAT AMBROISE RD 29 BIS,48.92917,2.35133,13,2,1
202100022524,161Â 368,B01,1,1,1,5,2,-1,-1,0,0,-1,2021,84.0,2,1,0,2,3,1,5,,3,130,0,,2,2,0,1,19,500,1,, -1,1,0,1,90,26,8,2021,11:40,1,3,3029,1,1,0,3,Lieu Dit Fontcroze,46.240444,3.440191,11,2,2
202100051851,109Â 019,A01,1,1,1,0,1,-1,-1,0,0,-1,2021,15.0,3,2,0,2,8,1,1,,4,,-1,,3,2,0,2,(1),(1),1,, -1,2,0,1,-1,13,1,2021,12:25,1,87,87154,2,3,0,3,avenue du GÃ©nÃ©ral De Gaulle,45.899148,0.918345,12,2,2
202100051096,110Â 343,B01,2,2,2,0,1,0,-1,-1, -1,-1,2021,21.0,-1,2,0,2,8,15,1,,3,MARECHAL LECLERC AVENUE,0,,-1,4,0,1,1,1,1,, -1,2,0,1,50,18,2,2021,16:30,1,93,93046,2,1,1,3,MARECHAL LECLERC AVENUE,48.9205614075,2.5400401152,16,4,2
202100013958,176Â 751,B01,1,1,1,5,1,-1,-1,0,0,-1,2021,80.0,1,2,0,2,6,1,1,,3,17,0,,2,2,0,1,19,367,1,, -1,1,0,1,80,10,10,2021,11:29,1,77,77203,1,1,0,2,D17,48.983935,2.970825,11,2,2
202100056343,101Â 186,A01,1,1,1,5,1,8,-1,-1, -1,-1,2021,23.0,1,2,0,2,1,1,1,,4,MICHELET (BOULEVARD),0,,2,6,3,1,2,900,1,, -1,2,0,1,50,3,1,2021,01:10,5,13,13209,2,1,1,2,MICHELET (BOULEVARD),43.260924,5.397867,1,2,2
202100027785,152Â 050,B01,2,1,1,1,8,0,-1,-1, -1,-1,2021,35.0,1,1,1,0,3,14,1,,4,,0,,2,1,0,1,0,0,1,, -1,1,0,1,50,1,7,2021,11:20,1,92,92075,2,9,0,1,VICTOR HUGO (AVENUE),48.823958,2.289629,11,2,2
202100031982,144Â 578,A01,10,3,1,0,0,-1,-1,5,B,1,2021,61.0,3,1,0,1,1,1,5,,4,GARE (PLACE DE LA),0,,-1,0,0,1,1,0,1,, -1,1,0,4,6,27,6,2021,15:25,1,14,14118,2,1,0,6,Place de la Gare,49.17583,-0.34932,15,2,1
202100048619,114Â 857,A01,1,1,1,0,1,-1,-1,0,0,-1,2021,67.0,1,2,0,2,3,0,1,,3,,-1,,2,2,0,1,4,27,1,, -1,1,0,1,80,11,3,2021,16:15,1,85,85039,1,1,0,3,D753,47.000439,-1.158683,16,2,2
202100044587,122Â 019,A01,1,1,1,9,1,0,-1,0,0,-1,2021,31.0,1,2,8,0,1,25,1,,4,RUE DE L AMIRAL MOUCHEZ,0,,-1,0,0,1,(1),(1),1,, -1,1,0,4,50,9,4,2021,11:40,1,75,75113,2,1,0,6,RUE DE L AMIRAL MOUCHEZ,48.8198608687,2.3443096876,11,1,1
202100049498,113Â 276,B01,1,1,1,0,2,0,-1,-1, -1,-1,2021,17.0,2,1,0,2,1,13,1,,3,MENGIN (RUE EMILE),0,,2,2,0,1,0,250,1,, -1,1,0,1,50,1,3,2021,17:20,1,45,45208,2,1,0,1,Rue Emile Mengin,48.0055886376,2.7414227066,17,2,2
202100019546,166Â 694,B01,1,1,1,0,2,6,9,0,0,-1,2021,28.0,1,1,0,2,1,1,0,,3,942,-1,,2,2,0,4,14,(1),1,, -1,1,0,1,30,12,9,2021,16:24,1,59,59547,2,1,0,3,67 Rue Jean JaurÃ¨s,50.191861,3.42657,16,2,2
202100013222,178Â 107,A01,1,1,1,1,2,6,-1,-1, -1,-1,2021,19.0,1,1,0,0,7,0,1,,3,NEXON (RUE DE),0,,2,2,0,1,0,0,1,, -1,1,0,1,50,14,10,2021,04:47,5,87,87085,2,1,0,7,NEXON (RUE DE),45.8188,1.26433,4,1,1
202100052074,108Â 637,B01,1,1,2,0,1,-1,-1,0,0,-1,2021,20.0,2,2,0,2,3,1,1,,3,1062,-1,,2,2,0,4,15,50,1,, -1,7,0,1,90,9,2,2021,10:53,1,67,67388,1,1,0,5,dÃ©partementale 1062,48.911303,7.646635,10,3,3
202100049124,113Â 944,B01,2,2,2,4,1,0,-1,0,0,-1,2021,35.0,1,2,0,2,4,2,1,,4,PORTE DE MONTREUIL,0,,1,4,0,1,30,300,1,, -1,1,0,1,70,5,3,2021,12:55,1,75,75120,2,1,0,2,PORTE DE MONTREUIL,48.860823,2.413832,12,3,2
202100018637,168Â 326,A01,1,1,2,1,1,-1,-1,0,0,-1,2021,19.0,0,2,2,0,1,17,1,,3,,-1,,2,-1,-1,-1,(1),(1),3,, -1,1,0,1,-1,17,9,2021,12:45,1,85,85038,2,2,0,6,La Croix Carron,46.887409,-1.310828,12,1,1
202100009208,185Â 252,A01,10,3,1,5,0,-1,-1,2,3,1,2021,23.0,2,2,0,1,3,1,2,,4,CHAMPAGNE (DE)                      (AV),0,,-1,2,1,1,(1),(1),1,, -1,1,0,1,50,5,11,2021,15:15,1,69,69389,2,1,0,6,CHAMPAGNE (DE) (AV),45.7894315439,4.7945170105,15,2,1
202100044886,121Â 486,A01,2,2,1,5,1,-1,-1,0,0,-1,2021,25.0,2,2,2,0,0,1,1,,3,588,0,,2,2,0,1,0,700,1,, -1,1,0,3,80,8,4,2021,14:00,1,43,43103,1,1,0,7,D588 Route de Brioude,45.286814,3.201039,14,2,1
202100006732,189Â 750,B01,1,1,2,0,1,0,-1,-1, -1,-1,2021,38.0,1,2,0,2,0,1,0,,4,PAUL VAILLANT COUTURIER (AVENUE) COTE NÂ°,0,,2,2,0,1,0,0,1,, -1,1,0,1,30,23,11,2021,14:40,1,93,93072,2,1,0,3,PAUL VAILLANT COUTURIER (AVENUE) COTE NÂ°,48.95385,2.38237,14,2,2