Num_Acc,id_vehicule,num_veh,place,catu,sexe,trajet,secu1,secu2,secu3,locp,actp,etatp,year_acc,victim_age,senc,catv,obs,obsm,choc,manv,motor,occutc,catr,voie,v1,v2,circ,nbv,vosp,prof,pr,pr1,plan,lartpc,larrout,surf,infra,situ,vma,jour,mois,an,hrmn,lum,dep,com,agg_,int,atm,col,adr,lat,long,hour,nb_victim,nb_vehicules
202100032864,143Â 023,A01,1,1,1,4,1,8,-1,-1, -1,-1,2021,22.0,2,2,11,0,3,13,1,,4,GUERN (RUE DE LA),0,,2,2,0,1,(1),(1),1,, -1,1,0,1,50,20,6,2021,11:45,1,56,56098,2,1,0,6,GUERN (RUE DE LA),47.77304,-3.33754,11,1,1
202100052286,108Â 249,A01,1,1,1,9,2,6,9,0,0,-1,2021,16.0,3,1,0,0,0,1,1,,4,1,0,,2,2,0,1,(1),(1),1,, -1,1,0,1,80,8,2,2021,15:45,1,86,86079,1,1,0,7,Rue du Calvaire,46.962748,0.181162,15,1,1
202100042066,126Â 434,B01,1,1,1,0,2,6,-1,-1, -1,-1,2021,35.0,2,1,0,2,3,1,1,,4,AV DE LA MARECHALE,0,,2,2,0,1,109,0,1,, -1,2,0,1,30,29,4,2021,08:45,1,94,94059,2,1,0,3,Avenue de la MarÃ©chale,48.81299,2.57319,8,2,2
202100039351,131Â 260,B01,2,2,2,5,2,6,-1,0,0,-1,2021,25.0,3,1,0,2,8,1,1,,4,,-1,,2,1,0,2,(1),(1),3,,3,1,0,1,80,18,4,2021,19:10,1,61,61150,1,1,0,1,lieu dit les sapins,48.719997,0.420216,19,4,2
202100056257,101Â 339,A01,10,3,1,3,0,-1,-1,1,3,1,2021,15.0,0,2,0,1,2,1,1,,2,PARIS (AVENUE DE),0,,2,2,0,1,88,341,1,, -1,1,0,1,50,2,1,2021,18:35,5,50,50129,2,3,0,6,PARIS (AVENUE DE),49.6288,-1.61816,18,2,1
202100006469,190Â 234,B01,1,1,1,1,2,8,-1,0,0,-1,2021,36.0,2,1,0,2,1,1,3,,4,RUE DE COURCELLES,0,,2,2,0,1,(1),(1),1,, -1,1,0,1,30,24,11,2021,06:20,2,75,75108,2,4,0,3,RUE DE COURCELLES,48.876378,2.307868,6,2,2
202100033042,142Â 680,A01,1,1,2,1,1,0,-1,-1, -1,-1,2021,29.0,1,2,5,0,1,1,1,,1,A87N,0,,3,4,0,1,1,0,1,, -1,2,0,1,90,21,6,2021,20:48,1,49,49267,2,1,0,6,A87N,47.4672,-0.51516,20,1,1
202100039056,131Â 821,A01,10,3,1,0,0,-1,-1,5,0,-1,2021,87.0,1,2,0,1,2,9,1,,6,ALLEES (RUE DES),0,,-1,0,0,1,0,0,1,, -1,1,0,4,50,23,2,2021,09:15,1,64,64260,2,6,1,6,ALLEES (RUE DES),43.35517,-1.77454,9,2,1
202100018131,169Â 208,B01,1,1,1,5,8,0,-1,-1, -1,-1,2021,14.0,2,1,0,2,4,1,5,,3,BAYONNE (AVENUE DE),0,,3,4,0,1,9,170,1,, -1,2,0,1,50,18,9,2021,04:18,5,64,64024,2,1,0,2,BAYONNE (AVENUE DE),43.48178,-1.50871,4,2,2
202100044813,121Â 614,B01,1,1,1,0,8,0,-1,0,0,-1,2021,32.0,1,1,0,2,7,0,5,,4,PASTEUR (BD),0,,1,2,0,1,(1),(1),1,, -1,1,0,1,50,6,4,2021,16:01,1,63,63113,2,6,0,3,PASTEUR /Gilbert,45.77367,3.07539,16,2,2
202100043812,123Â 370,A01,4,2,1,3,3,8,-1,-1, -1,-1,2021,4.0,1,2,0,2,1,2,1,,4,,0,,2,2,0,1,0,0,1,, -1,1,0,1,50,15,4,2021,18:10,1,92,92036,2,1,0,2,COUTURE D'AUXERRE (RUE DE LA) (1/25),48.9257205625,2.2895349562,18,3,2
202100007337,188Â 638,B01,2,2,1,9,8,0,-1,0,0,-1,2021,5.0,2,1,0,2,1,16,3,,4,RUE ERNEST GOUIN,0,,2,2,0,1,(1),(1),1,, -1,1,0,1,30,19,11,2021,18:25,5,75,75117,2,3,0,1,RUE ERNEST GOUIN,48.893614,2.318608,18,3,2
202100020958,164Â 203,A01,1,1,2,5,2,6,-1,0,0,-1,2021,22.0,1,1,6,0,1,26,1,,3,422,0,D,2,2,0,1,(1),(1),2,, -1,1,5,4,50,3,9,2021,18:50,1,67,67348,2,6,0,6,29 Rue du General Leclerc,48.465861,7.49031,18,1,1
202100046558,118Â 549,A01,2,2,1,0,1,0,-1,-1, -1,-1,2021,58.0,1,2,0,2,0,1,0,,1,A4,0,,-1,4,0,1,6,699,1,, -1,1,0,1,90,14,3,2021,15:30,1,94,94042,1,1,0,4,A4,48.82801,2.47309,15,4,3
202100008943,185Â 729,B01,1,1,1,9,2,6,-1,-1, -1,-1,2021,24.0,3,1,0,2,1,1,1,,4,BOUFFLERS (ALLEES),0,,2,3,0,1,0,0,1,, -1,1,0,1,50,6,11,2021,18:40,5,64,64102,2,1,0,3,BOUFFLERS (ALLEES),43.49294,-1.47229,18,2,2
202100010630,182Â 735,A01,1,1,1,0,8,-1,-1,0,0,-1,2021,25.0,1,2,3,0,1,1,1,,2,57,-1,,3,2,0,1,26,0,3,, -1,1,3,3,110,29,10,2021,03:45,3,88,88099,1,1,0,6,RN57 Ã©changeur Chavelot,48.22656,6.429877,3,3,1
202100003138,196Â 160,A01,10,3,2,3,0,-1,-1,3,3,1,2021,60.0,1,2,0,1,7,1,1,,4,VERNE (RUE JULES),0,,2,4,0,1,1,0,1,, -1,1,0,1,30,13,12,2021,16:50,1,22,22106,2,1,0,6,VERNE (RUE JULES),48.496675,-2.729325,16,2,1
202100013806,177Â 018,A01,10,3,1,0,0,-1,-1,2,3,2,2021,41.0,1,2,0,1,1,1,0,,4,CAMIETA (ALLEE DE),0,,2,2,0,1,0,0,1,, -1,1,0,1,30,11,10,2021,18:20,1,64,64545,1,1,0,6,CAMIETA (ALLEE DE),43.3763670165,-1.6693227802,18,2,1
202100046499,118Â 673,B01,1,1,1,0,2,6,-1,-1, -1,-1,2021,62.0,2,1,0,2,1,1,1,,7,AEROPORT (AVENUE DE L'),0,,2,4,0,1,0,900,1,, -1,1,0,1,70,24,3,2021,08:16,1,83,83069,2,1,0,3,AEROPORT (AVENUE DE L'),43.095,6.13682,8,2,2
202100029401,149Â 224,A01,1,1,2,5,1,-1,-1,0,0,-1,2021,60.0,0,2,0,2,1,2,1,,3,,-1,,2,2,-1,1,5,905,1,, -1,2,0,1,-1,12,7,2021,15:30,1,62,62329,2,3,1,2,Rue du Hure,50.83024,1.776494,15,2,2
202100056366,101Â 147,A01,1,1,1,1,8,-1,-1,0,0,-1,2021,44.0,2,2,0,0,4,17,1,,1,9,-1,,3,5,0,1,33,100,1,, -1,2,9,1,130,4,1,2021,05:15,3,30,30116,1,1,1,2,Autoroute A9 PK 33+100,43.926954,4.591212,5,4,2
202100025170,156Â 664,A01,1,1,1,4,8,-1,-1,0,0,-1,2021,48.0,1,3,15,0,1,14,1,1.0,3,98,-1,,2,2,0,1,33,850,1,, -1,1,0,3,80,8,8,2021,08:30,1,83,83019,1,1,0,6,D98,43.182477,6.349175,8,1,1
202100044736,121Â 750,A01,2,2,1,1,1,-1,-1,0,0,-1,2021,23.0,1,2,0,0,9,1,1,,3,934,-1,,3,4,0,1,19,300,1,, -1,1,0,3,110,9,4,2021,15:30,1,80,80320,1,1,0,7,Route Departementale 934 - PK 19+300,49.755091,2.653075,15,2,1
202100045244,120Â 851,A01,1,1,1,1,8,0,-1,0,0,-1,2021,43.0,1,1,8,2,8,21,5,,4,AVENUE DU GENERAL LECLERC,0,,2,4,0,1,(1),(1),1,, -1,1,0,1,50,3,4,2021,19:20,1,75,75114,2,2,0,6,AVENUE DU GENERAL LECLERC,48.8295913276,2.3284519812,19,3,2
202100040096,129Â 924,A01,1,1,1,5,1,-1,-1,0,0,-1,2021,21.0,2,2,6,0,1,1,1,,3,437,0,C,2,2,0,1,17,700,3,, -1,2,0,1,50,13,5,2021,02:25,5,25,25275,2,1,0,6,16 Rue Principale,47.34243,6.992289,2,1,1
202100038813,132Â 239,A01,4,2,2,5,0,-1,-1,0,0,-1,2021,18.0,1,2,13,0,1,5,1,,3,113,0,,2,2,0,1,12,(1),1,, -1,2,0,3,80,22,5,2021,23:54,3,59,59485,1,1,1,6,D113,50.168467,3.443935,23,4,1
202100026626,154Â 114,A01,3,2,2,0,8,-1,-1,0,0,-1,2021,36.0,0,3,14,0,8,1,1,2.0,4,QUEBEC (RUE DE),0,,2,2,0,1,(1),(1),2,, -1,1,0,1,50,26,7,2021,12:50,1,80,80021,2,1,0,6,QUEBEC (RUE DE),49.8694,2.32342,12,2,1
202100049767,112Â 782,B01,1,1,1,5,8,0,-1,0,0,-1,2021,43.0,3,0,0,2,7,19,3,,4,ROUTE DE LA MUETTE A NEUILLY,0,,3,2,1,1,(1),(1),1,, -1,1,-1,5,50,28,2,2021,13:00,1,75,75116,2,2,0,3,ROUTE DE LA MUETTE A NEUILLY,48.868499,2.265316,13,2,2
202100050829,110Â 826,A01,1,1,1,5,2,6,-1,0,0,-1,2021,23.0,1,1,5,0,1,21,1,,3,148,0,,2,2,0,1,29,600,1,, -1,1,0,3,80,20,2,2021,15:45,1,52,52369,1,1,0,7,"D148 - Lieu-dit ""le cul du cerf""",48.321125,5.417724,15,3,2
202100033762,141Â 422,A01,1,1,1,0,1,0,-1,-1, -1,-1,2021,57.0,2,2,0,2,2,12,1,,1,A13W,0,,3,4,0,1,37,549,1,, -1,2,0,1,130,17,6,2021,07:05,1,78,78029,1,1,0,4,A13W,48.9683,1.86006,7,3,3
202100007803,187Â 800,B01,1,1,1,0,8,0,-1,0,0,-1,2021,24.0,1,1,0,2,8,1,3,,4,BRIGACHTAL (AVENUE DE),0,,2,4,1,1,(1),(1),1,, -1,1,0,1,70,12,11,2021,19:15,5,54,54184,2,6,1,3,BRIGACHTAL (AVENUE DE),48.708033,6.243483,19,2,2
202100051919,108Â 900,B01,1,1,1,5,2,0,-1,0,0,-1,2021,63.0,1,1,0,2,1,9,5,,3,VEYNES ( AVENUE DE  ),0,,2,3,0,2,68,700,1,, -1,1,5,1,50,9,2,2021,14:30,1,5,5061,2,6,0,3,VEYNES ( AVENUE DE  ),44.557894,6.068714,14,2,2
202100028900,150Â 066,A01,1,1,1,3,0,-1,-1,0,0,-1,2021,48.0,1,2,2,0,1,1,1,,7,1,0,,2,2,0,1,33,124,1,,"5,5",1,0,3,50,16,7,2021,15:50,1,31,31351,2,1,0,6,dÃ©partmentale 1,43.663727,1.30122,15,1,1
202100018175,169Â 123,A01,1,1,1,4,1,0,-1,0,0,-1,2021,45.0,1,5,6,0,0,1,1,,4,RUE WATT,0,,2,2,0,1,(1),(1),1,, -1,1,1,1,30,18,9,2021,16:05,1,75,75113,2,1,0,6,RUE WATT,48.827365,2.380796,16,1,1
202100016995,171Â 242,A01,2,2,1,0,2,0,-1,0,0,-1,2021,17.0,1,1,0,2,7,18,1,,4,MONTEL (BD PAUL),0,,1,4,3,1,(1),(1),1,, -1,2,0,1,50,25,9,2021,23:00,5,6,6088,2,1,1,3,MONTEL (BD PAUL),43.67534,7.20715,23,3,2
202100036912,135Â 722,A01,9,2,2,5,1,3,-1,0,0,-1,2021,5.0,3,2,8,0,2,1,1,,4,,-1,,2,2,0,1,(1),(1),1,,4,1,0,4,50,1,6,2021,18:00,1,85,85022,2,1,0,6,Rue du Lavoir,46.428954,-1.425176,18,2,1
202100054566,104Â 241,A01,10,3,1,5,0,-1,-1,3,3,1,2021,54.0,2,2,0,1,1,1,1,,4,BRIARDE (ALLEE DE LA),0,,2,2,0,1,0,0,1,, -1,1,0,1,50,14,1,2021,13:00,1,77,77169,2,1,0,6,BRIARDE (ALLEE DE LA),48.8205,2.61304,13,2,1
202100040323,129Â 527,B01,1,1,2,1,2,0,-1,-1, -1,-1,2021,48.0,1,1,0,2,5,0,1,,4,MONTMARTIN (rue du Stade),0,,2,2,0,1,(1),(1),3,, -1,2,0,1,50,11,5,2021,05:05,5,69,69092,2,6,1,3,STADE PIERRE MONTMARTIN (DU) (R),46.00077,4.71756,5,2,2
202100017455,170Â 426,B01,1,1,2,1,1,0,-1,-1, -1,-1,2021,25.0,1,2,0,2,3,1,1,,4,LOIRE (QUAI DE LA),0,,2,2,0,1,(1),(1),1,, -1,1,0,1,50,21,9,2021,17:20,1,37,37214,2,1,0,3,LOIRE (QUAI DE LA),47.3984853687,0.6712804735,17,3,2
202100020225,165Â 483,A01,1,1,1,0,8,0,-1,-1, -1,-1,2021,22.0,3,1,0,2,1,5,1,,4,UNIVERSITE CHICAGO (RUE DE),0,,2,2,0,1,(1),(1),1,, -1,1,0,1,50,7,9,2021,15:00,1,973,97302,2,1,0,3,UNIVERSITE CHICAGO (RUE DE),4.9350641282,-52.2983987332,15,3,2
202100055573,102Â 518,A01,1,1,2,1,1,-1,-1,0,0,-1,2021,34.0,3,2,0,0,1,1,1,,4,,0,,2,2,0,1,0,0,3,, -1,5,0,1,80,12,1,2021,07:30,3,57,57154,1,9,1,7,Rue de Niedervisse,49.194427,6.58566,7,1,1
202100050517,111Â 400,A01,1,1,1,1,2,6,-1,0,0,-1,2021,33.0,1,1,0,0,1,1,1,,4,1009,0,,2,2,0,1,(1),(1),1,, -1,1,0,1,-1,24,2,2021,08:10,1,6,6108,2,1,0,1,Chemin de la LÃ©vade,43.573112,6.941605,8,2,2
202100054198,104Â 870,B01,8,2,2,2,0,-1,-1,-1, -1,-1,2021,9.0,0,1,0,2,8,19,3,,4,,0,,2,2,0,1,(1),(1),1,, -1,1,0,1,50,21,1,2021,08:15,1,69,69266,2,2,0,3,GEORGE SAND (R) ,45.7552,4.88739,8,3,2
202100032955,142Â 850,A01,2,2,1,5,8,-1,-1,0,0,-1,2021,58.0,2,2,17,0,2,1,1,,3,19,-1,,2,2,0,1,16,267,1,, -1,2,0,3,50,22,6,2021,22:15,3,81,81070,2,1,1,6,1185 Route de Parisot,43.817665,1.75049,22,2,1
202100019426,166Â 911,A01,1,1,1,5,2,6,-1,0,0,-1,2021,57.0,2,1,0,0,0,1,1,,3,132,0,D,2,2,0,1,0,0,2,, -1,1,0,3,80,12,9,2021,16:15,1,91,91602,1,1,0,7,Route dÃ©partementale 132,48.515208,2.16163,16,1,1
202100015321,174Â 318,A01,1,1,2,0,1,0,-1,-1, -1,-1,2021,28.0,2,2,0,2,1,1,1,,3,ITHURRALDE ANDRE (AVENUE),0,,2,2,0,1,24,300,3,, -1,2,0,1,50,3,10,2021,13:20,1,64,64483,2,1,1,1,ITHURRALDE ANDRE (AVENUE),43.3977,-1.64297,13,2,2
202100052475,107Â 918,A01,10,3,2,5,0,-1,-1,3,3,1,2021,87.0,2,2,0,1,2,1,1,,3,406,0,,2,2,0,1,0,0,1,, -1,1,0,1,50,5,2,2021,11:10,1,92,92077,2,3,0,6,SEVRES (RUE DE),48.82605,2.1956,11,2,1
202100006296,190Â 540,A01,10,3,2,5,0,-1,-1,4,3,1,2021,74.0,2,1,0,1,1,1,5,,4,BOULEVARD DE ROCHECHOUART,0,,1,2,3,1,(1),(1),1,, -1,1,-1,5,30,24,11,2021,17:10,5,75,75109,2,5,0,6,BOULEVARD DE ROCHECHOUART,48.883277,2.346933,17,2,1
202100009549,184Â 637,A01,1,1,1,1,2,0,-1,-1, -1,-1,2021,26.0,2,1,0,2,0,3,1,,1,AUTOROUTE A6B,0,,1,3,0,1,4,900,1,, -1,2,0,1,90,4,11,2021,06:50,5,94,94038,1,1,1,7,AUTOROUTE A6B,48.774,2.3461,6,2,2
202100017406,170Â 514,A01,1,1,1,0,8,-1,-1,-1, -1,-1,2021,31.0,3,2,1,0,2,2,1,,4,,0,,-1,2,0,1,(1),(1),1,, -1,1,0,1,50,22,9,2021,22:30,5,69,69387,2,1,0,7,JEAN BOUIN (R),45.7213166084,4.8317696336,22,1,1
202100031942,144Â 648,A01,1,1,2,0,1,0,-1,-1, -1,-1,2021,39.0,1,2,0,2,1,2,1,,1,AUTOROUTE A23,0,,3,4,0,1,38,49,1,, -1,1,1,1,90,24,6,2021,20:30,1,59,59459,1,1,0,4,AUTOROUTE A23,50.3727801584,3.4777156423,20,4,4
202100025323,156Â 392,B01,1,1,1,1,1,0,-1,0,0,-1,2021,19.0,1,2,0,2,1,1,1,,2,MARECHAL FOCH ( AVENUE DU ),0,,2,3,0,1,70,1,1,, -1,1,0,1,50,5,8,2021,07:10,1,5,5061,2,1,0,3,MARECHAL FOCH ( AVENUE DU ),44.56289,6.08619,7,2,2
202100034915,139Â 296,A01,1,1,1,5,2,6,-1,-1, -1,-1,2021,24.0,2,1,0,2,8,3,1,,1,A4,0,,1,4,0,1,9,899,1,, -1,1,1,1,90,11,6,2021,19:45,1,94,94017,1,1,0,2,A4,48.8267840801,2.5141683324,19,2,2
202100017710,169Â 965,B01,1,1,1,0,2,6,-1,0,0,-1,2021,56.0,2,1,0,2,1,26,1,,3,38,-1,D,-1,2,1,1,(1),(1),2,, -1,1,9,8,50,22,9,2021,18:12,1,68,68300,2,6,0,3,Rue des IncorporÃ©s de Force,47.779565,7.364718,18,2,2
202100053743,105Â 673,B01,1,1,1,5,2,0,-1,0,0,-1,2021,45.0,1,1,0,2,1,26,1,,7,NICE AVENUE DE (RN7),0,,2,2,0,1,0,0,1,, -1,1,0,1,50,25,1,2021,15:45,1,6,6027,2,1,0,3,NICE AVENUE DE (RN7),43.6587,7.162,15,2,2
202100036256,136Â 872,A01,1,1,2,5,1,-1,-1,-1, -1,-1,2021,54.0,1,2,0,2,8,1,1,,7,ALEX ANSALDI (RUE),0,,2,3,0,1,5,100,3,, -1,1,0,1,50,5,6,2021,09:30,1,13,13214,2,3,0,3,ALEX ANSALDI (RUE),43.330661,5.404674,9,2,2
202100034184,140Â 648,B01,1,1,1,0,2,6,-1,0,0,-1,2021,34.0,1,1,8,2,8,0,1,,3,,0,,2,2,0,1,14,300,1,,4,1,0,1,30,16,6,2021,19:30,1,7,7293,2,1,0,1,Route du BelvÃ©dÃ¨re,44.976411,4.79859,19,2,2
202100024388,158Â 089,B01,1,1,2,5,1,-1,-1,0,0,-1,2021,64.0,3,2,0,2,1,1,1,,4,0,0,,2,2,0,2,0,0,2,, -1,2,0,1,80,12,8,2021,18:50,1,38,38240,1,1,1,1,Route des Brosses,45.392521,4.996397,18,2,2
202100010542,182Â 882,Z01,10,3,1,0,8,8,-1,2,3,1,2021,64.0,1,1,0,1,1,26,1,,4,ATHENES (BOULEVARD D'),0,,2,2,0,1,0,0,1,, -1,1,0,1,50,28,10,2021,13:20,1,13,13201,2,1,0,1,ATHENES (BOULEVARD D'),43.29954,5.38085,13,2,1
202100018353,168Â 819,A01,1,1,1,0,8,0,-1,-1, -1,-1,2021,32.0,0,1,0,2,0,11,5,,4,HUGO ( BD VICTOR ),0,,2,2,2,1,0,0,1,, -1,1,0,1,30,17,9,2021,19:20,2,44,44109,2,1,0,2,HUGO ( BD VICTOR ),47.20426,-1.55237,19,2,2
202100022098,162Â 125,A01,10,3,2,5,0,-1,-1,5,3,2,2021,56.0,3,2,0,1,3,1,1,,4,CARDALINES AVENUE DES,0,,2,0,0,1,45,0,3,, -1,1,0,1,50,28,8,2021,17:30,1,13,13047,2,1,0,3,CARDALINES AVENUE DES,43.49423,4.98474,17,2,1
202100026120,155Â 006,A01,1,1,2,0,1,0,-1,-1, -1,-1,2021,28.0,1,2,0,2,1,1,1,,7,LOUBES (ROUTE DES),0,,2,2,0,1,2,650,1,, -1,1,0,1,70,30,7,2021,19:40,1,83,83069,1,1,0,2,LOUBES (ROUTE DES),43.113588,6.100998,19,2,2
202100039298,131Â 356,A01,1,1,1,4,1,0,-1,-1, -1,-1,2021,36.0,3,5,0,2,2,9,1,,4,FARREN (route de),0,,2,2,0,1,(1),(1),1,, -1,1,0,1,50,13,5,2021,17:00,1,13,13026,2,1,0,5,FARREN (route de),43.38366,5.17157,17,4,3
202100024864,157Â 213,A01,2,2,1,0,1,8,-1,-1, -1,-1,2021,23.0,1,2,2,0,0,14,1,,4,LA ROCHELLE (RUE DE),0,,2,2,0,1,(1),(1),2,, -1,1,0,3,80,7,8,2021,23:40,3,67,67482,1,1,0,7,LA ROCHELLE (RUE DE),48.53659,7.78706,23,2,1
202100054217,104Â 838,A01,10,3,1,5,8,8,-1,5,1,1,2021,86.0,1,2,0,1,2,0,1,,4,ORIELS (RUE DES),0,,2,2,0,2,0,0,1,, -1,1,0,4,50,20,1,2021,12:40,1,28,28134,2,1,0,6,ORIELS (RUE DES),48.73832,1.38878,12,2,1
202100041302,127Â 781,A01,10,3,1,2,0,-1,-1,4,3,1,2021,15.0,2,2,0,1,2,1,1,,4,REINE BLANCHE (RUE),0,,2,2,0,1,0,0,1,, -1,2,0,1,50,4,5,2021,08:40,1,10,10387,2,1,1,6,REINE BLANCHE (RUE),48.30658,4.06483,8,2,1
202100043385,124Â 112,A01,1,1,1,5,2,-1,-1,0,0,-1,2021,16.0,2,1,15,0,1,21,1,,3,175,0,D,2,2,0,4,0,395,3,0,"3,9",1,0,3,50,20,4,2021,14:25,1,16,16003,2,1,0,6, Lieu-dit les Camus,45.789223,0.342231,14,1,1
202100022304,161Â 767,A01,1,1,1,1,1,8,-1,0,0,-1,2021,36.0,2,2,0,2,4,23,2,,4,RUE ETIENNE MARCEL,0,,2,3,1,1,(1),(1),1,, -1,1,0,1,50,27,8,2021,09:33,1,75,75101,2,2,0,2,RUE ETIENNE MARCEL,48.863637,2.34999,9,2,2
202100046780,118Â 152,A01,10,3,2,9,0,-1,-1,2,1,1,2021,57.0,1,5,0,1,7,1,1,,4,RUE DE LONGCHAMP,0,,3,2,0,2,(1),(1),1,, -1,1,0,1,50,24,3,2021,08:00,1,75,75116,2,2,0,6,RUE DE LONGCHAMP,48.867625,2.277017,8,2,1
202100001449,199Â 193,A01,10,3,1,5,0,-1,-1,1,3,1,2021,20.0,2,5,0,1,1,26,1,,2,R.N.184,0,,3,4,0,1,0,700,1,, -1,1,5,1,50,20,12,2021,00:10,5,95,95218,2,2,0,6,RN 184,49.01849,2.09615,0,3,1
202100040879,128Â 554,A01,10,3,1,2,0,-1,-1,1,3,2,2021,7.0,2,2,0,1,1,1,2,,4,,0,,2,2,0,1,0,0,1,, -1,1,0,1,50,7,5,2021,08:30,1,91,91657,2,1,0,6,RUE JEAN CORRINGER,48.70682,2.4254,8,2,1
202100046797,118Â 125,B01,1,1,1,5,2,6,-1,-1, -1,-1,2021,38.0,1,1,0,2,8,15,1,,4,POINCARE (AV),0,,1,1,0,1,0,1,1,, -1,1,0,1,30,24,3,2021,17:40,1,94,94077,2,1,0,3,POINCARE (AV),48.7344,2.41946,17,2,2
202100011669,180Â 865,B01,1,1,2,0,8,0,-1,-1, -1,-1,2021,44.0,0,1,0,2,1,1,3,,4,SULLY AVENUE,0,,1,1,1,1,1,0,1,, -1,1,0,1,50,22,10,2021,08:25,1,93,93046,2,3,0,3,SULLY AVENUE,48.9179,2.52709,8,2,2
202100000723,200Â 415,B01,2,2,2,0,1,0,-1,-1, -1,-1,2021,39.0,2,2,0,2,8,1,1,,1,AUTOROUTE A3,0,,3,3,0,1,15,0,2,, -1,1,0,1,90,31,12,2021,19:00,3,93,93005,1,1,0,3,AUTOROUTE A3,48.96795092,2.479499269,19,3,2
202100001347,199Â 351,B01,1,1,1,0,1,0,-1,-1, -1,-1,2021,22.0,1,2,0,2,4,2,1,,3,RD 188,0,,3,2,0,1,2,0,1,, -1,2,0,1,70,26,12,2021,15:45,1,91,91377,1,1,0,4,RD 188,48.72895,2.29468,15,4,4
202100015810,173Â 413,A01,2,2,2,9,1,5,-1,0,0,-1,2021,61.0,1,2,0,2,1,13,1,,3,2020,-1,D,2,2,0,1,42,330,1,, -1,1,0,1,90,2,10,2021,12:15,1,41,41256,1,9,0,1,RD2020,47.292751,2.058685,12,4,2
202100025066,156Â 849,A01,10,3,2,3,0,-1,-1,1,3,3,2021,12.0,1,2,0,1,1,12,1,,1,2,0,V,3,4,0,1,11,700,1,, -1,2,0,1,110,9,8,2021,18:00,3,988,98821,1,4,1,6,VE2 HAUTEUR SAVANNAH,-22.164564,166.387703,18,2,1
202100052908,107Â 145,A01,10,3,2,9,0,-1,-1,3,3,1,2021,15.0,1,2,0,1,2,1,1,,4,RUE DES PYRENEES,0,,-1,2,0,1,(1),(1),1,, -1,1,0,1,50,1,2,2021,16:30,1,75,75120,2,3,0,6,RUE DES PYRENEES,48.871032,2.393133,16,2,1
202100046942,117Â 867,B01,1,1,1,5,8,0,-1,0,0,-1,2021,17.0,2,1,0,2,1,14,0,,4,BACON BD DU ET BD GARDIOLE,0,,2,2,0,1,(1),(1),1,, -1,1,0,1,50,23,3,2021,14:55,1,6,6004,2,1,0,3,BACON BD DU ET BD GARDIOLE,43.56493,7.13746,14,2,2
202100006903,189Â 432,B01,2,1,1,0,8,0,-1,-1, -1,-1,2021,16.0,2,1,0,2,1,13,5,,3,BOIS D'OLIVE (CHEMIN),0,,2,2,0,2,(1),(1),3,, -1,1,0,1,50,19,11,2021,15:35,1,974,97416,1,4,0,1,BOIS D'OLIVE (CHEMIN),-21.295,55.44747,15,2,2
202100050070,112Â 243,A01,1,1,2,5,1,0,-1,-1, -1,-1,2021,60.0,1,2,0,2,1,17,1,,3,MANDRES (RTE DE),0,,2,2,0,1,0,1,1,, -1,2,0,1,50,26,2,2021,07:45,1,94,94070,1,1,1,1,MANDRES (RTE DE),48.7164,2.5629,7,2,2
202100012853,178Â 751,A01,10,3,2,5,0,-1,-1,5,9,2,2021,56.0,1,2,0,1,0,26,1,,3,COTE DE BEAUTE (BOULEVARD),0,,3,2,0,1,45,597,1,, -1,1,0,4,30,16,10,2021,13:32,1,17,17333,2,1,0,6,COTE DE BEAUTE (BOULEVARD),45.58939,-0.98879,13,3,1
202100044525,122Â 128,A01,1,1,1,5,0,-1,-1,0,0,-1,2021,33.0,1,1,9,0,0,0,1,,4,,0,,2,2,0,1,(1),(1),1,, -1,2,0,4,50,10,4,2021,20:15,2,35,35090,2,1,1,6,6 allÃ©e du Clos des vignes,47.9358274841,-1.6631115675,20,1,1
202100023843,159Â 008,B01,1,1,1,2,2,6,-1,-1, -1,-1,2021,16.0,1,1,0,2,8,1,1,,4,FOUR A CHAUX(RUE DU),0,,1,1,0,1,0,0,1,, -1,2,0,1,50,16,8,2021,07:20,1,974,97416,2,2,0,3,FOUR A CHAUX(RUE DU),-21.3407,55.4691,7,2,2
202100038566,132Â 711,A01,1,1,1,9,1,-1,-1,0,0,-1,2021,33.0,1,2,0,0,0,0,1,,3,52,0,D,2,2,0,1,3,90,1,, -1,2,0,3,50,25,5,2021,02:00,3,25,25237,2,3,0,7,D52,47.521924,6.894768,2,1,1
202100029853,148Â 432,A01,10,3,2,9,0,-1,-1,1,3,1,2021,51.0,1,5,0,1,4,20,1,,4,SAVIER (RUE),0,,1,1,0,1,0,0,1,, -1,1,0,1,30,9,7,2021,09:20,1,92,92046,2,1,0,6,SAVIER (RUE),48.8211505132,2.3074573181,9,2,1
202100033140,142Â 519,A01,1,1,1,0,6,9,2,0,0,-1,2021,35.0,2,1,0,0,7,21,1,,1,8,-1,,1,3,0,1,187,600,1,, -1,1,0,1,90,21,6,2021,18:20,1,6,6088,1,1,0,7,"AUTOROUTE A8, pk 187+600, sens NICE-CANNES",43.680838,7.192998,18,1,1
202100022546,161Â 329,A01,2,2,2,5,2,-1,-1,0,0,-1,2021,19.0,0,1,0,0,8,0,1,,3,,-1,,2,-1,-1,2,(1),(1),2,, -1,1,0,1,-1,27,8,2021,11:50,1,201,201247,1,3,0,7,Qrt Precojo,41.5437448747,9.2816866636,11,2,1