Num_Acc,id_vehicule,num_veh,place,catu,sexe,trajet,secu1,secu2,secu3,locp,actp,etatp,year_acc,victim_age,senc,catv,obs,obsm,choc,manv,motor,occutc,catr,voie,v1,v2,circ,nbv,vosp,prof,pr,pr1,plan,lartpc,larrout,surf,infra,situ,vma,jour,mois,an,hrmn,lum,dep,com,agg_,int,atm,col,adr,lat,long,hour,nb_victim,nb_vehicules
202100045571,120Â 273,A01,2,2,1,0,1,0,-1,-1, -1,-1,2021,18.0,2,2,0,2,7,15,1,,3,BASQUE (AVENUE DU GRAND),0,,2,-1,0,1,4,370,2,, -1,1,5,1,50,31,3,2021,14:30,1,64,64102,2,2,0,5,VAINSOT (RUE),43.49411,-1.4531,14,6,3
202100023187,160Â 171,B01,1,1,1,5,2,-1,-1,0,0,-1,2021,36.0,0,1,0,2,1,1,1,,4,,-1,,2,2,0,1,(1),(1),1,,4,1,0,1,50,20,8,2021,20:15,2,24,24547,2,1,0,6,Rue Jean Moulin,45.132373,1.284542,20,2,2
202100037606,134Â 440,A01,1,1,1,4,2,6,-1,0,0,-1,2021,32.0,1,1,0,2,0,7,1,,4,AVENUE DE FLANDRE,0,,2,4,3,1,(1),(1),1,, -1,1,0,6,50,29,5,2021,16:55,1,75,75119,2,3,0,7,AVENUE DE FLANDRE,48.887347,2.372869,16,1,1
202100001964,198Â 290,A01,1,1,1,1,1,-1,-1,0,0,-1,2021,25.0,1,2,0,2,2,5,1,,3,1086,0,,2,2,0,1,7,500,3,, -1,7,0,1,80,23,12,2021,07:30,2,42,42056,1,1,0,1,Route Departementale 1086,45.394491,4.742725,7,2,2
202100045622,120Â 186,A01,1,1,1,5,1,0,-1,0,0,-1,2021,75.0,1,2,1,0,3,13,1,,4,RUE HENRI RIBIERE,0,,1,1,0,1,(1),(1),1,, -1,1,0,1,50,31,3,2021,12:30,1,75,75119,2,5,0,6,RUE HENRI RIBIERE,48.877702,2.395617,12,1,1
202100045016,121Â 261,B01,1,1,1,0,8,-1,-1,-1, -1,-1,2021,46.0,1,1,0,2,8,1,5,,4,FELIX FAURE                         (AV),0,,2,3,2,1,(1),(1),1,, -1,1,0,1,50,5,4,2021,17:30,1,69,69383,2,2,0,3,FELIX FAURE (AV),45.75289,4.85336,17,2,2
202100048542,114Â 984,A01,10,3,2,1,0,-1,-1,3,5,1,2021,20.0,1,2,0,1,8,1,1,,4,CHAZELLES ( COURS LOUIS  DE ),0,,2,4,0,1,(1),(1),1,, -1,1,5,1,30,9,3,2021,18:15,1,56,56121,2,3,0,6,CHAZELLES ( COURS LOUIS  DE ),47.7549,-3.36324,18,2,1
202100021493,163Â 218,B01,2,2,2,0,1,0,-1,-1, -1,-1,2021,32.0,0,2,0,2,4,2,1,,3,LOUIS VANNINI (RUE),0,,2,2,0,1,1,0,1,, -1,1,0,1,50,1,9,2021,18:25,1,93,93050,2,1,0,4,Rue Louis Vannini,48.866411,2.52697,18,4,3
202100054204,104Â 860,B01,1,1,2,0,1,0,-1,0,0,-1,2021,20.0,1,2,0,2,4,1,1,,4,,0,,1,1,0,1,(1),(1),3,, -1,1,0,1,50,20,1,2021,18:35,5,54,54184,2,1,0,2,BRIGACHTAL (AVENUE DE),48.70808,6.24323,18,3,2
202100005084,192Â 685,A01,10,3,1,0,0,-1,-1,2,3,1,2021,50.0,3,2,0,1,2,12,1,,4,LAVOISIER (BOULEVARD),0,,2,2,0,1,1,0,1,, -1,1,0,1,50,2,12,2021,15:05,1,13,13214,2,1,0,3,LAVOISIER (BOULEVARD),43.33881,5.36984,15,2,1
202100055973,101Â 839,A01,1,1,2,0,1,-1,-1,0,0,-1,2021,68.0,2,2,13,0,8,13,1,,3,17,-1,,2,2,0,1,(1),(1),1,, -1,1,0,3,80,7,1,2021,20:00,3,59,59210,1,1,0,6,Rue de Wormhout,50.88594,2.431847,20,1,1
202100009883,184Â 037,B01,1,1,2,0,8,0,-1,-1, -1,-1,2021,22.0,2,2,0,2,4,23,0,,1,AUTOROUTE A1,0,,3,3,0,1,40,500,1,, -1,2,0,1,130,1,11,2021,20:28,4,60,60612,1,1,0,4,AUTOROUTE A1,49.192802,2.603299,20,4,4
202100030392,147Â 442,B01,1,1,1,9,2,8,-1,-1, -1,-1,2021,35.0,3,1,0,0,0,0,1,,4,Corniche John FitzgÃ©rald Kennedy,0,,2,3,0,1,0,0,1,, -1,1,0,1,50,6,7,2021,20:10,1,13,13207,2,1,0,6,Corniche John FitzgÃ©rald Kennedy,43.27728,5.35669,20,2,2
202100015669,173Â 659,B01,1,1,1,1,2,6,-1,0,0,-1,2021,32.0,0,1,0,0,7,26,1,,4,,-1,,2,2,0,1,(1),(1),1,,4,1,5,1,50,2,10,2021,16:00,1,83,83036,2,6,0,3,rond point wolfach,43.173581,6.529183,16,2,2
202100044548,122Â 087,A01,10,3,1,0,0,-1,-1,4,3,2,2021,62.0,1,2,0,1,2,1,1,,3,DUCHESNE LUCIEN RENE (AVENUE),0,,3,4,0,1,3,441,1,, -1,1,0,1,50,4,4,2021,10:30,1,78,78126,2,1,0,6,DUCHESNE LUCIEN RENE (AVENUE),48.84479,2.13366,10,2,1
202100042619,125Â 443,A01,1,1,1,5,2,6,-1,0,0,-1,2021,28.0,2,1,0,0,0,1,1,,3,11,0,D,2,2,0,2,19,190,1,, -1,1,0,3,80,24,4,2021,18:09,1,80,80645,1,1,0,7,D11,50.065376,2.418108,18,1,1
202100038724,132Â 411,A01,2,2,1,5,1,0,-1,-1, -1,-1,2021,9.0,1,2,4,0,0,1,1,,2,RN 118,0,,3,3,0,2,12,0,1,, -1,2,0,1,90,22,5,2021,16:00,1,91,91471,1,1,0,6,RN 118,48.69867,2.19237,16,2,1
202100005343,192Â 238,A01,1,1,1,1,1,-1,-1,-1, -1,-1,2021,20.0,0,2,0,2,2,11,1,,4,GAMBETTA,0,,2,3,0,1,(1),(1),1,, -1,1,0,1,30,1,12,2021,13:40,1,17,17306,2,3,0,6,GAMBETTA,45.62327,-1.03047,13,2,2
202100055737,102Â 234,A01,1,1,2,0,8,0,-1,-1, -1,-1,2021,22.0,1,2,3,0,2,13,1,,1,A13Y,0,,1,3,0,1,39,799,1,, -1,1,0,1,130,9,1,2021,03:10,3,78,78217,1,1,0,1,A13Y,48.96357,1.82967,3,2,2
202100004125,194Â 367,B01,1,1,1,4,2,6,-1,-1, -1,-1,2021,20.0,1,1,0,2,9,19,1,,3,RU DE GIRONDE (AV DU),0,,3,2,0,1,1,0,1,, -1,1,5,1,50,7,12,2021,23:20,5,94,94074,2,2,0,1,Avenue du RÃ» de Gironde,48.74726,2.46201,23,2,2
202100017344,170Â 646,C01,2,2,1,5,1,8,-1,-1, -1,-1,2021,19.0,2,5,0,2,4,1,1,,1,A7-Sens Lyon vers Marseille,0,,-1,3,0,1,277,500,1,, -1,1,0,1,70,24,9,2021,01:03,3,13,13215,1,1,0,5,A7-Sens Lyon vers Marseille,43.350256,5.368319,1,4,2
202100051244,110Â 086,B01,1,1,1,0,1,-1,-1,0,0,-1,2021,52.0,1,2,0,2,2,1,1,,4,,-1,,2,2,0,1,(1),(1),1,,"6,3",1,0,1,50,17,2,2021,09:15,1,79,79049,2,3,0,3,19 Boulevard de Poitiers,46.839277,-0.487508,9,2,2
202100038971,131Â 979,B01,1,1,1,1,2,0,-1,0,0,-1,2021,30.0,2,1,0,2,1,1,3,,4,RUE DE COURCELLES,0,,2,2,0,1,(1),(1),1,, -1,1,0,1,50,21,5,2021,12:59,1,75,75108,2,4,0,3,RUE DE COURCELLES,48.877343,2.306715,12,2,2
202100034857,139Â 401,A01,2,2,1,5,0,-1,-1,0,0,-1,2021,25.0,1,2,2,0,7,1,1,,3,30,-1,,2,2,0,2,14,230,1,, -1,1,0,1,80,13,6,2021,03:43,3,21,21522,1,1,0,6,D30,47.424647,5.397002,3,2,1
202100008556,186Â 442,A01,1,1,1,5,2,6,-1,0,0,-1,2021,33.0,2,1,0,0,7,1,1,,3,994,-1,,2,2,0,2,0,500,1,, -1,1,0,1,90,12,11,2021,16:00,1,5,5126,1,1,0,7,Vallon de Pied Leger,44.376973,5.440502,16,1,1
202100050973,110Â 569,A01,10,3,2,5,0,-1,-1,1,2,2,2021,89.0,3,1,0,1,1,1,5,,4,,0,,2,2,0,2,(1),(1),1,, -1,1,0,1,50,19,2,2021,15:40,1,25,25074,1,1,0,6,Route de Saint-julien,47.200531,6.711692,15,2,1
202100022946,160Â 608,A01,1,1,1,9,2,-1,-1,0,0,-1,2021,21.0,2,1,0,9,0,1,1,,3,D1,0,A,2,2,0,2,5,8,1,, -1,1,0,1,80,27,6,2021,03:00,3,74,74263,1,1,0,7,Av de Chavannex,46.31694,6.38531,3,2,2
202100005221,192Â 445,A01,10,3,1,0,0,-1,-1,5,1,1,2021,18.0,0,3,0,0,0,0,0,1.0,4,JULES FERRY                         (PL),0,,2,2,0,1,(1),(1),1,, -1,2,0,1,50,1,12,2021,17:05,2,69,69386,2,1,0,6,JULES FERRY (PL),45.7666347995,4.8591971397,17,2,1
202100024530,157Â 814,B01,1,1,1,5,8,0,-1,-1, -1,-1,2021,10.0,2,1,0,2,1,21,3,,4,RESERVOIR (RUE DU),0,,2,1,0,1,(1),(1),1,, -1,1,0,1,30,10,8,2021,19:20,1,25,25031,2,4,0,1,,47.48037,6.85652,19,2,2
202100033992,140Â 996,B01,1,1,1,0,2,6,-1,-1, -1,-1,2021,45.0,2,1,0,2,3,17,1,,2,R.N 569,0,,2,2,0,1,0,0,1,, -1,1,0,1,80,9,6,2021,16:30,1,13,13047,1,1,0,1,R.N 569,43.49211,4.96503,16,5,2
202100031974,144Â 593,B01,2,2,1,0,1,0,-1,-1, -1,-1,2021,19.0,3,2,0,2,7,15,1,,4,MAGINOT (AV. ANDRE),0,,2,2,0,1,(1),(1),1,, -1,2,0,1,50,27,6,2021,18:09,1,37,37261,2,2,1,3,MAGINOT (AV. ANDRE),47.4173639656,0.6909625232,18,8,2
202100052602,107Â 699,B01,1,1,1,4,1,-1,-1,0,0,-1,2021,65.0,1,4,1,0,2,26,1,,1,a9,-1,,1,5,0,2,275,250,2,, -1,1,0,2,90,4,2,2021,18:50,3,66,66106,1,1,0,2,A9 pk 275+250 sens France/Espagne,42.4957046256,2.8280621791,18,2,2
202100038833,132Â 214,B01,1,1,1,5,2,6,-1,0,0,-1,2021,53.0,2,1,0,2,1,1,1,,3,979,-1,,2,2,0,1,17,600,1,, -1,1,5,1,80,23,5,2021,10:25,1,30,30164,1,3,0,3,carrefour D969/D167,44.2217,4.3205,10,2,2
202100016670,171Â 830,A01,10,3,1,5,0,-1,-1,2,5,1,2021,12.0,2,2,0,1,2,1,1,,4,BOULEVARD MORTIER,0,,1,2,0,2,(1),(1),1,, -1,2,0,1,50,26,9,2021,17:39,1,75,75120,2,2,1,6,BOULEVARD MORTIER,48.867945736,2.4088806592,17,2,1
202100014076,176Â 538,B01,1,1,2,0,1,-1,-1,0,0,-1,2021,62.0,0,2,6,2,8,15,1,,4,,-1,,2,2,0,3,(1),(1),1,,5,1,0,1,50,11,10,2021,12:15,1,38,38557,2,3,0,3,Rue des Ormeaux,45.791396,5.121555,12,3,2
202100013144,178Â 252,A01,10,3,2,0,0,-1,-1,3,3,1,2021,55.0,1,2,0,1,1,2,1,,4,FOUILLEUSE (AVENUE DE),0,,2,0,0,1,0,0,1,, -1,1,0,1,50,14,10,2021,10:05,1,92,92063,2,1,0,6,FOUILLEUSE (AVENUE DE),48.8621732541,2.1960452199,10,2,1
202100018887,167Â 886,A01,10,3,1,5,0,-1,-1,6,1,1,2021,38.0,1,4,0,1,1,2,1,,1,AUTOROUTE A16,0,,3,4,0,1,85,860,3,, -1,1,0,1,110,14,9,2021,22:55,3,62,62193,1,1,0,6,AUTOROUTE A16,50.933469,1.88826,22,2,1
202100000276,201Â 228,A01,2,2,1,0,1,0,-1,-1, -1,-1,2021,23.0,3,2,0,2,1,1,1,,3,ATLANTIQUE ( BOULEVARD DE L' ),0,,2,2,1,1,2,22,1,, -1,1,0,1,50,22,5,2021,10:27,1,44,44135,2,5,0,3,Bd Atlantique Rue Codan,47.269411,-2.440717,10,6,2
202100020432,165Â 117,A01,1,1,2,0,1,0,-1,-1, -1,-1,2021,38.0,1,2,0,2,1,2,1,,2,RN 104,0,,1,2,0,1,29,799,1,, -1,1,0,1,110,7,9,2021,08:40,1,91,91617,1,1,0,2,RN 104,48.631556,2.516174,8,2,2
202100049566,113Â 159,A01,10,3,2,5,0,-1,-1,2,3,1,2021,65.0,2,2,0,1,3,15,1,,3,75,-1,,2,2,0,1,16,600,1,, -1,1,0,1,50,2,3,2021,15:00,1,67,67520,2,2,0,6,Rue de la Gare,48.633284,7.450238,15,2,1
202100011931,180Â 397,A01,1,1,1,0,1,-1,-1,0,0,-1,2021,68.0,2,2,0,0,5,1,1,,4,,-1,,2,2,2,1,(1),(1),1,,4,1,0,1,40,22,10,2021,11:25,1,67,67137,2,3,0,3,Rue de l Industrie,48.499716,7.693906,11,2,2
202100010613,182Â 763,B01,9,2,1,5,3,-1,-1,0,0,-1,2021,3.0,2,2,0,2,1,21,1,,3,D774,-1,,2,2,0,1,18,523,1,, -1,1,0,1,80,29,10,2021,17:35,1,44,44069,1,1,0,1,Route de Herbignac,47.363806,-2.411821,17,4,2
202100009495,184Â 738,B01,1,1,1,0,2,-1,-1,0,0,-1,2021,42.0,1,1,0,2,3,1,1,,3,26,-1,,2,2,0,1,(1),(1),1,, -1,2,5,1,-1,4,11,2021,19:48,3,91,91204,1,1,1,1,D26,48.570956,2.401543,19,2,2
202100031761,144Â 988,Y01,1,1,1,0,8,8,-1,0,0,-1,2021,29.0,3,1,0,0,0,25,5,,3,RESISTANCE (PLACE DE LA),0,,1,2,1,1,(1),(1),3,, -1,2,0,5,50,29,6,2021,09:15,1,92,92040,2,6,1,7,RESISTANCE (PLACE DE LA),48.821407,2.250291,9,1,1
202100001220,199Â 591,B01,4,2,1,4,1,0,-1,-1, -1,-1,2021,59.0,1,4,0,2,4,23,1,,3,9,0,,2,2,0,1,0,0,1,, -1,1,0,1,50,25,12,2021,08:55,1,92,92036,2,2,0,2,GRESILLONS (AVENUE DES) (1/45),48.9173391926,2.3074601591,8,3,2
202100046723,118Â 255,A01,1,1,1,0,8,0,-1,-1, -1,-1,2021,19.0,3,1,12,0,0,0,0,,4,BREST (BOULEVARD),0,,2,2,0,1,(1),(1),1,, -1,1,0,1,50,23,3,2021,19:10,5,974,97407,2,1,0,7,BREST (BOULEVARD),-20.9346780202,55.2960067415,19,1,1
202100040327,129Â 520,A01,2,2,2,0,2,6,-1,-1, -1,-1,2021,60.0,1,1,12,0,8,1,1,,3,BAYONNE (AVENUE DE),0,,3,4,3,1,9,395,1,, -1,1,0,1,50,11,5,2021,13:50,1,64,64024,2,1,0,7,Avenue de Bayonne,43.48123,-1.51113,13,2,1
202100047931,116Â 060,A01,10,3,1,0,0,-1,-1,1,3,1,2021,9.0,2,2,0,1,2,1,1,,4,SAINT BRICE (RUE),0,,2,2,0,1,(1),(1),1,, -1,1,0,1,50,14,3,2021,16:25,1,51,51454,2,1,0,7,Rue de Saint Brice,49.25928,4.01804,16,2,1
202100033901,141Â 163,B01,1,1,1,0,2,0,-1,-1, -1,-1,2021,41.0,1,1,0,2,1,1,1,,3,407,0,,2,2,0,2,0,0,1,, -1,1,5,1,30,17,6,2021,10:00,1,92,92072,2,3,0,3,VILLE D'AVRAY (RUE DE ),48.82579,2.20602,10,2,2
202100047429,116Â 991,A01,1,1,2,5,1,-1,-1,0,0,-1,2021,23.0,2,2,0,2,8,15,1,,3,52,-1,A,2,2,0,1,1,690,1,, -1,1,5,1,70,20,3,2021,14:15,1,39,39458,1,2,0,3,,46.6163,5.6096533,14,3,2
202100003937,194Â 708,B01,1,1,2,0,1,4,-1,-1, -1,-1,2021,34.0,2,2,0,2,4,1,1,,1,A13,0,,3,3,0,1,29,550,1,, -1,1,0,1,130,9,12,2021,17:55,3,78,78431,1,1,0,1,A13,48.943815,1.950369,17,2,2
202100051678,109Â 323,A01,1,1,2,1,2,8,-1,-1, -1,-1,2021,32.0,1,1,0,2,1,17,1,,4,LIBERTE (AVENUE DE LA,0,,2,4,0,1,(1),(1),1,, -1,1,0,1,50,10,2,2021,06:50,5,34,34172,2,2,0,1,LIBERTE (AVENUE DE LA),43.61135,3.82871,6,2,2
202100012955,178Â 580,A01,1,1,1,5,1,7,-1,0,0,-1,2021,79.0,2,2,5,0,1,1,1,,3,11,0,,2,2,0,2,33,163,3,,7,1,0,8,80,14,10,2021,12:45,1,64,64368,1,1,0,7,D11,43.394674,-1.098182,12,1,1
202100009830,184Â 125,A01,10,3,2,0,0,-1,-1,5,8,1,2021,62.0,2,3,0,1,2,7,1,1.0,6,32,0,D,-1,1,3,1,(1),(1),1,, -1,1,9,6,30,2,11,2021,08:45,1,34,34114,2,7,0,6,47 Boulevard Saint-Louis,43.652778,3.549802,8,2,1
202100044333,122Â 423,A01,1,1,2,5,1,-1,-1,0,0,-1,2021,22.0,1,2,0,2,1,1,1,,3,86,-1,,2,2,0,1,70,800,1,, -1,1,0,1,50,12,4,2021,14:30,1,7,7349,2,1,1,3,20 Route du Pouzin,44.793986,4.777288,14,2,2
202100017566,170Â 225,A01,1,1,1,3,2,-1,-1,0,0,-1,2021,34.0,2,1,0,2,3,17,1,,3,1,-1,D,2,2,0,1,6,50,1,,7,1,0,5,50,23,9,2021,13:50,1,973,97309,2,1,0,2,1051 Route de RÃ©mire,4.919179,-52.27855,13,2,2
202100002826,196Â 721,B01,1,1,2,2,0,-1,-1,0,0,-1,2021,27.0,3,1,0,2,8,14,3,,3,7,0,N,2,2,1,1,28,899,1,, -1,1,0,1,-1,17,12,2021,08:30,1,6,6161,2,3,0,1,2040 Route Nationale 7,43.63111,7.134327,8,2,2
202100029058,149Â 801,A01,2,2,1,0,1,0,-1,-1, -1,-1,2021,20.0,2,2,0,2,1,1,1,,2,RN 104,0,,3,2,0,2,40,0,3,, -1,2,0,1,70,14,7,2021,07:35,1,91,91521,1,1,1,2,RN 104,48.63374,2.40075,7,3,2
202100019275,167Â 182,B01,1,1,1,4,1,-1,-1,0,0,-1,2021,43.0,2,2,0,2,1,13,1,,3,165,-1,,2,2,0,1,24,950,1,, -1,1,0,1,90,13,9,2021,11:43,1,88,88488,1,1,0,5,dÃ©partement 165,48.193571,6.095191,11,3,3
202100032377,143Â 893,B01,1,1,1,0,2,-1,-1,0,0,-1,2021,19.0,2,1,0,2,1,1,1,,3,87,0,D,2,2,0,1,17,105,1,, -1,1,0,1,80,26,6,2021,08:00,1,76,76581,1,2,0,3,Route de la Plaine,49.52843,1.33715,8,2,2
202100001167,199Â 686,A01,10,3,2,5,0,-1,-1,4,3,1,2021,82.0,2,1,0,1,1,1,5,,3,PARIS (AVENUE DE),0,,2,2,0,1,2,775,1,, -1,1,0,1,50,24,11,2021,16:40,1,78,78646,2,1,0,6,PARIS (AVENUE DE),48.799265,2.140782,16,2,1
202100055026,103Â 452,B01,1,1,2,0,1,0,-1,-1, -1,-1,2021,31.0,1,2,0,9,1,26,1,,4,GENAS    (Route de),0,,-1,2,0,1,(1),(1),1,, -1,1,8,1,50,14,1,2021,14:45,1,69,69266,2,1,0,1,GENAS (DE) (RTE),45.75235,4.90082,14,2,2
202100007113,189Â 052,B01,1,1,1,0,8,0,-1,-1, -1,-1,2021,37.0,1,2,0,2,4,1,1,,1,AUTOROUTE A3,0,,3,6,0,1,9,699,1,, -1,1,0,2,90,19,11,2021,23:00,3,93,93007,1,1,0,2,AUTOROUTE A3,48.92066,2.47966,23,3,2
202100056393,101Â 099,B01,1,1,2,0,1,8,-1,-1, -1,-1,2021,23.0,3,2,0,2,1,15,1,,3,ROUTE DE BOISVINS,0,,2,2,0,1,0,0,1,, -1,1,0,1,50,1,1,2021,19:12,5,971,97128,1,3,0,3,ROUTE DE BOISVINS,16.263198208,-61.4091968536,19,3,2
202100000057,201Â 646,A01,2,2,2,5,1,-1,-1,-1, -1,-1,2021,19.0,3,2,0,2,1,16,1,,7,RIVE DE GIER (DE) (RTE),0,,2,2,0,1,4,900,3,, -1,2,0,1,80,27,12,2021,17:30,3,69,69091,1,1,0,1,RIVE DE GIER (DE) (RTE),45.57511,4.71775,17,3,2
202100002632,197Â 074,A01,10,3,2,0,0,-1,-1,5,3,1,2021,67.0,0,2,0,1,4,4,1,,4,BROSSOLETTE (AVENUE PIERRE),0,,2,1,0,3,1,0,1,, -1,1,9,1,30,16,12,2021,11:00,1,13,13005,2,1,0,2,BROSSOLETTE (AVENUE PIERRE),43.2871678484,5.553137973,11,2,1
202100004143,194Â 340,A01,1,1,1,5,8,-1,-1,0,0,-1,2021,74.0,1,2,0,2,2,15,1,,3,53,-1,,2,2,0,1,7,600,1,, -1,1,0,1,80,9,12,2021,10:45,1,42,42162,1,3,0,1,Route de Villemontais,45.999384,3.99942,10,2,2
202100013388,177Â 800,A01,10,3,1,2,0,0,0,3,3,1,2021,14.0,2,2,0,1,3,2,1,,4,RUE ALBERT THOMAS,0,,1,2,1,1,(1),(1),1,, -1,1,0,1,30,13,10,2021,14:05,1,75,75110,2,2,0,6,RUE ALBERT THOMAS,48.86933,2.363385,14,2,1
202100001183,199Â 658,A01,2,2,2,0,1,8,-1,-1, -1,-1,2021,22.0,1,2,2,0,1,21,1,,4,COSMAO-DUMANOIR ( BD ),0,,2,2,0,1,(1),(1),1,, -1,2,0,1,30,26,12,2021,15:30,1,56,56121,2,1,0,6,COSMAO-DUMANOIR ( BD ),47.75319,-3.37391,15,2,1
202100046105,119Â 348,B01,10,3,1,5,8,8,-1,1,5,2,2021,4.0,1,2,0,1,5,1,1,,6,BOUZIGNAC (JARDIN GUILLAUME),0,,-1,-1,0,1,(1),(1),1,, -1,1,0,1,50,28,3,2021,13:05,1,37,37261,2,1,0,6,BOUZIGNAC (JARDIN GUILLAUME),47.3749989793,0.7111809688,13,2,1
202100056424,101Â 041,A01,1,1,2,5,8,0,-1,0,0,-1,2021,43.0,1,1,0,2,1,1,5,,4,RUE DES ECLUSES SAINT MARTIN,0,,1,1,2,2,(1),(1),1,, -1,1,-1,5,50,2,1,2021,15:40,1,75,75110,2,1,0,3,RUE DES ECLUSES SAINT MARTIN,48.876905,2.366594,15,2,2
202100020169,165Â 583,B01,2,2,2,0,1,-1,-1,0,0,-1,2021,48.0,2,5,3,2,4,2,1,,1,40,0,,1,3,0,2,53,400,3,, -1,1,0,1,130,5,9,2021,19:00,1,74,74118,1,1,0,2,"A 40, sens geneve-chamonix",46.170975,6.241479,19,3,2
202100024711,157Â 473,B01,1,1,1,0,8,0,-1,-1, -1,-1,2021,17.0,0,1,0,2,1,15,5,,4,LECLERC (DU MARECHAL),0,,2,2,0,2,0,0,1,, -1,1,0,1,50,10,8,2021,15:00,1,974,97411,2,1,0,3,LECLERC (DU MARECHAL),-20.87967,55.45582,15,2,2
202100054836,103Â 783,A01,1,1,2,0,1,0,-1,-1, -1,-1,2021,24.0,1,2,3,0,3,2,1,,1,A13,0,,3,6,0,1,40,299,1,, -1,5,0,1,130,16,1,2021,09:30,1,78,78217,1,1,1,6,A13,48.964373,1.823799,9,1,1
202100028835,150Â 183,A01,1,1,1,5,2,0,-1,-1, -1,-1,2021,26.0,1,1,0,2,7,17,1,,4,BD DELACOURTIE,0,,2,1,0,1,(1),(1),1,, -1,1,0,1,50,15,7,2021,08:30,1,31,31555,2,1,0,3,BD DELACOURTIE,43.58379,1.45008,8,2,2
202100028516,150Â 740,A01,2,2,1,5,1,-1,-1,0,0,-1,2021,44.0,1,2,13,0,0,1,1,,1,11,-1,,3,3,0,1,100,400,1,,"13,5",1,0,3,130,18,7,2021,15:18,1,28,28398,1,1,0,6,Autroute A11 PK 100+400,48.238552,1.063228,15,2,1
202100000803,200Â 283,A01,1,1,1,5,1,-1,-1,0,0,-1,2021,20.0,2,2,0,2,1,1,1,,1,1,0,A,3,4,0,1,56,700,1,, -1,1,0,1,130,21,12,2021,07:12,3,60,60508,1,1,0,2,A1 - PK 56+700 - SENS LILLE /PARIS,49.3112446751,2.6845178602,7,2,2
202100014416,175Â 930,A01,1,1,1,1,2,6,-1,0,0,-1,2021,27.0,2,1,0,2,6,15,1,,4,BOULEVARD DES ITALIENS,0,,2,4,0,1,(1),0,1,, -1,1,0,1,30,8,10,2021,13:10,1,75,75102,2,3,0,3,BOULEVARD DES ITALIENS,48.871431,2.336891,13,2,2
202100052294,108Â 236,B01,4,2,2,0,1,0,-1,-1, -1,-1,2021,9.0,1,2,0,9,6,9,1,,2,PAUL LACAVE ( AVENUE ),0,,1,1,0,1,(1),(1),1,, -1,2,0,1,50,6,2,2021,18:50,4,971,97107,2,1,1,3,PAUL LACAVE ( AVENUE ),16.0454,-61.5629,18,6,2
202100026109,155Â 025,A01,10,3,1,0,0,-1,-1,2,3,1,2021,83.0,2,3,0,1,2,2,1,1.0,4,DOCTEUR LONG (DU)                   (CO),0,,1,1,0,1,(1),(1),1,, -1,1,0,1,50,31,7,2021,15:50,1,69,69383,2,2,0,6,DOCTEUR LONG (DU) (CR),45.7530329298,4.8951875567,15,2,1
202100030404,147Â 420,A01,1,1,2,1,1,-1,-1,-1, -1,-1,2021,36.0,1,2,13,0,2,1,1,,4,FOUCAULT(CHEMIN LEON),0,,2,2,0,1,(1),(1),3,, -1,1,0,3,70,5,7,2021,05:25,2,4,4112,2,1,0,6,Chemin Leon Foucault,43.84543,5.83365,5,1,1
202100001871,198Â 448,B01,1,1,1,9,2,0,-1,-1, -1,-1,2021,30.0,1,1,0,2,1,26,1,,4,COUPERIN,0,,1,2,0,1,1,0,2,, -1,1,0,1,30,21,12,2021,13:15,1,49,49007,2,1,0,3,COUPERIN,47.46729,-0.52961,13,2,2
202100055452,102Â 734,A01,1,1,1,5,2,0,-1,-1, -1,-1,2021,18.0,1,1,0,2,1,1,1,,4,VIGNY (RUE ALFRED DE),0,,2,2,0,1,0,0,1,, -1,1,0,1,50,10,1,2021,13:02,1,87,87085,2,2,0,3,DEGAS (RUE),45.85494,1.2676,13,3,2
202100003992,194Â 612,A01,1,1,1,0,1,-1,-1,-1, -1,-1,2021,24.0,1,2,0,5,1,1,1,,3,D 1555(SORTIE VILLAGE VERS DRAGUIGNAN),0,,3,4,0,1,7,790,1,, -1,1,0,1,90,6,12,2021,21:50,3,83,83141,1,1,0,1,D 1555(SORTIE VILLAGE VERS DRAGUIGNAN),43.48907,6.50744,21,2,2
202100024128,158Â 531,A01,2,2,2,5,2,6,-1,-1, -1,-1,2021,59.0,1,1,0,2,7,21,1,,3,ROUTE NATIONALE 20,0,,2,4,0,1,21,970,1,, -1,1,0,1,70,14,8,2021,19:25,1,45,45302,2,3,0,2,D2020-PR 21 + 970,47.96416,1.88836,19,7,2
202100056303,101Â 256,A01,1,1,2,1,1,-1,-1,0,0,-1,2021,19.0,2,2,0,2,3,1,1,,3,773,0,,2,2,0,1,29,162,1,, -1,1,0,1,80,4,1,2021,17:40,2,56,56061,1,1,0,1,La Corderie,47.743183,-2.117379,17,3,2
202100037058,135Â 461,B01,1,1,2,1,2,0,-1,-1, -1,-1,2021,49.0,1,1,0,2,8,2,5,,3,R DU PONT DE CRETEIL ,0,,1,2,0,1,1,0,1,, -1,1,0,1,30,31,5,2021,18:00,1,94,94068,2,1,0,3,Rue du Pont de CrÃ©teil,48.80945,2.47099,18,2,2
202100021374,163Â 442,B01,1,1,2,0,2,-1,-1,0,0,-1,2021,39.0,1,1,0,2,1,2,3,,3,106,-1,,2,2,0,2,6,600,1,, -1,1,0,1,80,1,9,2021,11:00,1,971,97116,1,1,0,2,Route Abdon Saman,16.337844,-61.509957,11,2,2