Num_Acc,id_vehicule,num_veh,place,catu,sexe,trajet,secu1,secu2,secu3,locp,actp,etatp,year_acc,victim_age,senc,catv,obs,obsm,choc,manv,motor,occutc,catr,voie,v1,v2,circ,nbv,vosp,prof,pr,pr1,plan,lartpc,larrout,surf,infra,situ,vma,jour,mois,an,hrmn,lum,dep,com,agg_,int,atm,col,adr,lat,long,hour,nb_victim,nb_vehicules
202100011448,181Â 257,A01,1,1,1,5,2,-1,-1,0,0,-1,2021,19.0,1,1,12,0,0,0,1,,7,70,0,M,2,2,0,2,(1),(1),1,, -1,1,0,1,50,24,10,2021,05:00,5,31,31044,2,1,0,6,Avenue Saint-Martin de Boville,43.59765,1.504666,5,1,1
202100003687,195Â 162,A01,10,3,1,1,0,-1,-1,3,3,1,2021,17.0,3,5,0,1,1,1,3,,4,GUERRY (ROUTE DE),0,,2,3,0,1,1,0,1,, -1,1,0,1,50,8,12,2021,07:42,2,18,18033,2,1,0,6,GUERRY (ROUTE DE),47.074,2.419,7,2,1
202100002929,196Â 536,B01,1,1,2,0,8,0,-1,-1, -1,-1,2021,23.0,2,2,0,2,3,5,1,,7,VIVIE PAUL DE,0,,2,3,0,2,73,300,4,, -1,2,0,1,70,12,12,2021,19:00,3,42,42218,1,1,0,5,Rue Paul de Vivie,45.40478,4.40074,19,4,4
202100035544,138Â 175,B01,1,1,1,5,2,6,-1,0,0,-1,2021,36.0,2,1,0,2,8,23,1,,4,BOULEVARD RICHARD LENOIR,0,,3,3,0,1,(1),(1),1,, -1,1,0,1,30,9,6,2021,18:39,1,75,75111,2,4,0,3,BOULEVARD RICHARD LENOIR,48.854014,2.36915,18,2,2
202100051205,110Â 147,A01,10,3,2,1,0,-1,-1,2,3,1,2021,51.0,2,1,0,1,1,1,1,,3,VERDUN (DE 62 A FIN),0,,2,4,3,1,0,0,1,, -1,1,0,6,50,17,2,2021,19:10,5,92,92026,2,1,0,6,VERDUN (DE 62 A FIN),48.904,2.256,19,2,1
202100008381,186Â 750,B01,1,1,1,9,8,0,-1,-1, -1,-1,2021,45.0,1,1,0,2,1,1,1,,4,,0,,1,1,0,1,0,0,1,, -1,1,0,1,50,12,11,2021,17:15,1,92,92050,2,2,0,3,VIEUX PONT RUE DU,48.8897597091,2.1868103743,17,2,2
202100050134,112Â 115,A01,1,1,1,0,2,0,-1,-1, -1,-1,2021,33.0,1,1,0,2,3,3,1,,1,AUTOROUTE A86,0,,1,2,0,1,51,560,1,, -1,1,1,1,70,26,2,2021,14:30,1,94,94034,1,1,0,2,AUTOROUTE A86,48.76028,2.32095,14,2,2
202100051687,109Â 305,B01,1,1,1,0,1,-1,-1,-1, -1,-1,2021,53.0,1,2,0,2,2,1,1,,3,BREST ROUTE DE,0,,2,2,0,1,6,600,1,, -1,5,5,1,50,11,2,2021,10:10,1,29,29232,1,3,1,3,D770 - Route de Brest,48.0391,-4.07279,10,2,2
202100045980,119Â 565,A01,1,1,1,1,2,6,-1,0,0,-1,2021,20.0,1,1,0,2,1,1,1,,4,AVENUE DU DOCTEUR ARNOLD NETTER,0,,2,2,1,1,(1),(1),1,, -1,1,0,1,50,30,3,2021,07:45,1,75,75112,2,1,0,2,AVENUE DU DOCTEUR ARNOLD NETTER,48.843936,2.405555,7,2,2
202100026439,154Â 439,A01,2,2,2,0,1,5,-1,-1, -1,-1,2021,21.0,2,2,2,0,1,14,0,,3,COEUR VOLANT (COTE DU),0,,2,0,0,2,0,640,1,, -1,1,0,3,50,29,7,2021,13:40,1,78,78372,2,1,0,6,COEUR VOLANT (COTE DU),48.86431,2.10353,13,2,1
202100037334,134Â 933,B01,2,2,2,5,1,-1,-1,0,0,-1,2021,66.0,1,2,0,2,4,1,1,,1,75,0,A,3,4,0,1,285,352,1,, -1,1,0,1,130,30,5,2021,16:30,1,34,34036,1,1,0,2,A75 - PK: 285.300,43.677696,3.409083,16,5,2
202100038120,133Â 527,B01,2,2,2,5,2,-1,-1,0,0,-1,2021,36.0,2,1,0,2,8,1,1,,3,,0,,2,2,0,1,2,(1),1,, -1,1,0,1,80,27,5,2021,15:45,1,22,22150,1,9,0,3,D9,48.58198,-3.061211,15,3,2
202100009951,183Â 910,A01,1,1,1,5,8,-1,-1,0,0,-1,2021,48.0,1,2,13,2,2,17,1,,3,654,-1,,2,2,0,2,75,200,1,, -1,2,0,1,80,1,11,2021,15:55,1,32,32160,1,1,0,2,RD654 - PK 75+200,43.631727,1.065223,15,2,2
202100015469,174Â 050,B01,1,1,1,0,1,0,-1,-1, -1,-1,2021,43.0,2,2,0,2,4,2,1,,4,PROVIDENCE (BOULEVARD DE LA),0,,2,2,0,1,0,0,1,, -1,1,0,1,50,1,10,2021,11:40,1,974,97411,2,1,0,2,PROVIDENCE (BOULEVARD DE LA),-20.89287,55.45576,11,2,2
202100024742,157Â 419,A01,1,1,1,0,2,6,-1,-1, -1,-1,2021,41.0,1,1,0,2,4,2,1,,7,,0,,2,2,0,1,86,700,1,, -1,1,0,1,70,10,8,2021,08:20,1,45,45274,1,1,0,2,2619 Route de Sandillon,47.86604,1.96381,8,2,2
202100033619,141Â 670,A01,1,1,1,0,2,0,-1,-1, -1,-1,2021,19.0,0,1,0,2,1,1,1,,7,7 RMENT DE TIRAILLEURS ALGERIENS (AVENUE,0,,1,2,0,2,0,0,1,, -1,1,0,1,50,17,6,2021,19:45,1,13,13002,2,1,0,2,7 RMENT DE TIRAILLEURS ALGERIENS (AVENUE,43.33797,5.47064,19,2,2
202100021804,162Â 646,B01,1,1,1,1,8,0,-1,0,0,-1,2021,20.0,1,1,0,2,8,1,3,,4,RUE D AUBERVILLIERS,0,,1,3,2,1,(1),(1),1,, -1,1,0,5,20,30,8,2021,06:45,2,75,75118,2,1,0,3,RUE D AUBERVILLIERS,48.897741,2.370544,6,2,2
202100016817,171Â 558,B01,1,1,1,1,1,5,-1,-1, -1,-1,2021,37.0,1,2,0,2,8,16,1,,3,JEAN JAURES (AVENUE),0,,2,2,2,1,0,100,1,, -1,1,0,1,30,25,9,2021,05:55,3,91,91421,2,3,0,3,JEAN JAURES (AVENUE),48.71321,2.44892,5,2,2
202100030719,146Â 849,A01,10,3,2,5,0,-1,-1,9,3,3,2021,13.0,3,1,0,1,1,26,5,,9,GARE ROUTIERE (DE LA),0,,-1,1,0,1,0,0,1,, -1,1,9,8,30,1,7,2021,16:10,1,974,97411,2,1,0,3,GARE ROUTIERE (DE LA),-20.87565,55.45555,16,2,1
202100041584,127Â 271,A01,1,1,1,5,2,6,-1,0,0,-1,2021,16.0,1,1,0,0,0,0,1,,3,31,0,D,2,2,0,1,13,600,1,, -1,1,0,1,70,2,5,2021,15:00,1,42,42198,1,1,0,7,Route de la Gare,46.009555,3.943034,15,1,1
202100053094,106Â 825,A01,10,3,2,3,0,-1,-1,2,2,2,2021,24.0,2,2,1,1,4,4,1,,3,225,0,,2,1,0,1,(1),(1),1,, -1,2,9,1,30,30,1,2021,16:45,1,94,94022,2,1,1,6,MARECHAL DE LATTRE DE TASSIGNY,48.75202,2.40597,16,2,1
202100047989,115Â 961,B01,1,1,2,5,1,5,-1,0,0,-1,2021,32.0,2,2,0,2,1,1,1,,3,36,0,,2,2,0,1,32,100,1,, -1,2,0,1,80,16,3,2021,10:20,1,14,14393,1,2,0,3,D36,49.0850099,-0.479795,10,2,2
202100046140,119Â 287,B01,1,1,1,9,2,6,-1,0,0,-1,2021,47.0,3,1,0,2,4,2,1,,4,QUAI DE BERCY,0,,3,3,0,1,(1),(1),1,, -1,1,0,1,50,29,3,2021,18:30,1,75,75112,2,1,0,2,QUAI DE BERCY,48.83538,2.379812,18,2,2
202100027886,151Â 867,B01,2,2,2,5,1,0,-1,-1, -1,-1,2021,24.0,1,5,0,2,4,1,1,,3,7,0,,3,3,0,1,0,0,1,, -1,1,0,1,50,20,7,2021,19:45,1,91,91687,2,1,0,4,GENERAL DE GAULLE (AVENUE DU),48.67816,2.38279,19,4,3
202100033090,142Â 596,B01,1,1,1,0,2,0,-1,-1, -1,-1,2021,35.0,1,1,0,2,1,1,1,,3,GENERAL LECLERC (AV DU),0,,3,4,0,1,0,0,1,, -1,1,0,1,50,21,6,2021,20:15,1,94,94046,2,1,0,3,GENERAL LECLERC (AV DU),48.814,2.4238,20,2,2
202100048850,114Â 444,A01,1,1,2,5,1,0,-1,-1, -1,-1,2021,88.0,2,2,0,2,1,2,1,,4,GALLOUX (AVENUE GASTON),0,,2,4,3,1,(1),(1),1,, -1,1,5,1,50,7,3,2021,15:35,1,45,45286,2,2,0,2,AVENUE GASTON GALLOUX,47.88511,1.92452,15,2,2
202100014848,175Â 167,B01,4,2,2,5,1,0,-1,-1, -1,-1,2021,34.0,1,2,0,2,3,24,1,,4,COLONEL FABIEN (AV),0,,2,2,0,1,1,0,1,, -1,1,0,1,30,6,10,2021,16:15,1,94,94081,2,1,0,3,Avenue du Colonel Fabien,48.7871,2.37651,16,3,2
202100050432,111Â 550,B01,1,1,1,1,0,-1,-1,-1, -1,-1,2021,28.0,2,1,0,2,0,1,5,,7,CORBAS (DE)                         (RO),0,,2,1,0,3,(1),(1),2,, -1,1,9,1,30,23,2,2021,16:20,1,69,69259,2,6,1,2,CORBAS (DE) (RTE),45.68612705,4.89223854,16,3,2
202100046089,119Â 372,A01,1,1,1,4,2,8,-1,-1, -1,-1,2021,22.0,2,1,1,0,1,14,3,,4,CARNOT (RUE  LAZARE ),0,,2,2,0,1,(1),(1),1,, -1,1,0,3,30,27,3,2021,21:11,5,56,56121,2,1,0,6,CARNOT (RUE  LAZARE ),47.74215,-3.36113,21,1,1
202100039304,131Â 344,A01,1,1,1,5,2,8,-1,-1, -1,-1,2021,16.0,0,1,0,2,1,2,1,,4,ANTHOINE (RUE D'),0,,2,3,0,1,(1),(1),1,, -1,1,0,1,50,19,5,2021,16:30,1,13,13202,2,2,0,2,ANTHOINE (RUE D'),43.316695,5.369107,16,2,2
202100011144,181Â 814,A01,1,1,1,5,1,-1,-1,0,0,-1,2021,74.0,1,2,6,0,3,5,1,,3,16,0,A,2,2,0,1,65,838,2,, -1,1,5,1,50,25,10,2021,15:00,1,56,56013,2,3,0,3,Route dâEtel,47.660412,-3.185003,15,2,2
202100021388,163Â 414,B01,1,1,2,0,1,-1,-1,0,0,-1,2021,34.0,0,2,0,0,5,2,1,,3,836,0,D,2,2,0,1,15,700,2,, -1,1,0,1,50,31,8,2021,18:15,1,27,27448,2,9,0,2,D836,49.008921,1.390559,18,2,2
202100043722,123Â 541,B01,1,1,1,1,1,0,-1,-1, -1,-1,2021,38.0,1,2,0,2,2,1,1,,1,AUTOROUTE A6,0,,3,6,0,1,10,0,1,, -1,1,0,2,110,17,4,2021,19:00,1,91,91689,1,1,0,3,AUTOROUTE A6,48.736,2.316,19,2,2
202100035494,138Â 266,A01,1,1,1,5,2,6,-1,-1, -1,-1,2021,17.0,0,1,0,2,1,1,1,,4,MOULIN (RUE JEAN),0,,2,2,0,1,0,0,1,, -1,1,0,1,50,5,6,2021,16:30,1,50,50602,2,1,0,2,MOULIN (RUE JEAN),49.6334,-1.59968,16,2,2
202100032578,143Â 540,A01,2,2,1,0,2,6,-1,0,0,-1,2021,45.0,1,1,0,0,0,17,1,,3,86,0,,2,2,0,1,72,460,1,, -1,1,0,1,80,25,6,2021,18:15,1,7,7198,1,1,0,7,D86,44.7812080499,4.7656363249,18,3,2
202100002837,196Â 706,B01,1,1,1,1,2,6,-1,0,0,-1,2021,25.0,2,1,0,2,3,1,1,,3,,-1,,2,2,0,1,79,427,1,,5,1,0,1,50,16,12,2021,07:55,2,44,44098,2,3,0,2,Rue du ChÃ¢teau,47.48224,-2.162506,7,2,2
202100051691,109Â 297,A01,1,1,2,3,1,0,-1,-1, -1,-1,2021,68.0,2,2,0,2,1,19,0,,3,ROCHEFORT (DE)  (AVENUE),0,,2,2,0,1,40,337,1,, -1,1,0,1,50,12,2,2021,13:08,1,17,17306,2,2,0,3,REUTIN (BD FELIX),45.63558,-1.02637,13,2,2
202100011232,181Â 656,B01,1,1,1,9,2,0,-1,0,0,-1,2021,36.0,2,1,0,2,7,5,1,,4,AVENUE JEAN JAURES,0,,2,5,0,1,(1),(1),1,, -1,1,0,1,30,24,10,2021,19:13,5,75,75119,2,1,0,3,AVENUE JEAN JAURES,48.888292,2.391154,19,2,2
202100034218,140Â 580,A01,10,3,1,5,8,-1,-1,2,3,1,2021,31.0,0,2,0,1,1,0,0,,4,JOANNES MASSET                      (AV),0,,2,2,2,1,(1),(1),2,, -1,1,0,1,50,15,6,2021,23:50,5,69,69389,2,1,0,6,JOANNES MASSET (AV),45.77136,4.7999,23,2,1
202100052783,107Â 380,B01,2,2,2,2,1,-1,-1,-1, -1,-1,2021,20.0,2,2,0,0,1,13,1,,2,RN 165,0,,3,4,0,1,46,150,1,, -1,2,0,1,110,1,2,2021,08:30,2,29,29232,1,1,1,6,N165 - Le Grand Guelen,47.9863094335,-4.0234357495,8,3,2
202100020379,165Â 213,A01,1,1,1,5,1,-1,-1,0,0,-1,2021,71.0,2,2,0,2,3,2,1,,3,906,-1,D,2,2,0,1,20,550,1,, -1,1,0,1,80,8,9,2021,10:15,1,63,63341,1,1,0,2,Route du Puy,45.52985,3.727847,10,2,2
202100012911,178Â 652,A01,1,1,1,1,1,-1,-1,0,0,-1,2021,40.0,2,2,13,0,1,1,1,,1,85,-1,,2,4,0,1,49,860,1,, -1,1,0,3,130,3,10,2021,15:15,1,37,37228,1,1,0,7,"A85,PK 49+860, ANGERS",47.274490236,0.1037197938,15,1,1
202100047632,116Â 613,A01,1,1,2,0,1,5,-1,0,0,-1,2021,57.0,0,2,0,2,1,13,1,,3,PARIS (ROUTE DE),0,,2,2,0,2,2,640,1,, -1,2,0,1,80,16,3,2021,18:30,2,27,27456,1,1,0,1,PARIS (ROUTE DE),49.20061,1.2044,18,2,2
202100040695,128Â 883,B01,1,1,1,5,2,-1,-1,0,0,-1,2021,69.0,1,1,0,0,2,1,5,,3,310,0,,2,2,0,2,0,790,1,,4,1,0,1,50,8,5,2021,09:45,1,68,68223,2,3,0,3,route du Gascnhey,48.027347,7.079326,9,3,2
202100038802,132Â 257,B01,1,1,1,3,2,6,-1,0,0,-1,2021,33.0,1,1,0,2,1,1,1,,3,6007,-1,,2,2,0,1,29,392,1,, -1,1,0,1,50,22,5,2021,12:50,1,6,6161,2,1,0,3,1573 Route Departementale 6007,43.635392,7.133592,12,2,2
202100005736,191Â 545,B01,2,2,2,0,2,0,-1,-1, -1,-1,2021,29.0,1,1,0,2,6,1,1,,4,GAUGUIN (RUE BLOC QTIER LATIN),0,,2,3,0,1,(1),(1),1,, -1,1,9,1,30,27,11,2021,19:20,5,987,98735,2,9,0,3,GAUGUIN (RUE BLOC QTIER LATIN),-17.53797,-149.567431,19,4,2
202100017908,169Â 611,A01,1,1,1,3,0,-1,-1,0,0,-1,2021,71.0,1,2,2,0,0,1,1,,3,13,0,D,-1,2,0,1,18,500,3,, -1,1,0,3,80,18,9,2021,16:00,1,51,51016,1,1,0,7,D13,48.584205,4.702299,16,1,1
202100046299,119Â 022,A01,9,2,2,5,1,-1,-1,0,0,-1,2021,25.0,1,2,7,9,1,1,1,,3,89,0,,2,2,0,4,2,50,3,, -1,1,0,3,80,28,3,2021,20:20,3,77,77248,1,4,0,6,D89,48.928315,2.799644,20,3,1
202100016089,172Â 886,B01,1,1,2,5,1,0,-1,-1, -1,-1,2021,20.0,0,2,0,2,1,1,1,,4,DOCTEUR CALMETTE (RUE DU),0,,2,1,0,1,0,0,1,, -1,1,5,1,50,29,9,2021,14:15,1,91,91687,2,2,0,3,DOCTEUR CALMETTE (RUE DU),48.677053,2.369191,14,2,2
202100051917,108Â 902,B01,1,1,2,0,1,0,-1,-1, -1,-1,2021,38.0,2,2,0,2,1,0,1,,3,HUIT MAI (AVENUE DU),0,,3,2,0,1,51,850,1,, -1,2,0,1,50,10,2,2021,08:20,1,7,7281,2,1,0,2,HUIT MAI (AVENUE DU),44.94654,4.85073,8,2,2
202100049859,112Â 612,A01,10,3,2,0,8,8,-1,9,B,-1,2021,22.0,1,1,0,1,8,26,1,,4,DOROTHY (ROUTE DE),0,,2,2,0,2,(1),(1),1,, -1,1,0,1,30,27,2,2021,02:30,5,972,97209,1,1,0,6,DOROTHY (ROUTE DE),14.61194,-61.04497,2,2,1
202100027718,152Â 169,B01,1,1,1,0,1,0,-1,-1, -1,-1,2021,64.0,1,2,0,2,3,16,1,,4,OBERHAUSBERGEN (ROUTE D ),0,,2,2,0,1,0,0,1,, -1,1,0,1,50,19,7,2021,12:40,1,67,67482,2,3,0,3,OBERHAUSBERGEN (ROUTE D ),48.59251,7.71662,12,2,2
202100027541,152Â 499,A01,1,1,2,1,1,-1,-1,-1, -1,-1,2021,40.0,3,2,0,2,2,2,1,,4,,0,,2,2,0,1,(1),(1),1,, -1,1,0,1,50,22,7,2021,09:35,1,35,35281,2,2,0,3,MARIN (RUE JEAN),48.08263,-1.7127,9,2,2
202100014284,176Â 167,A01,1,1,1,1,2,6,9,0,0,-1,2021,31.0,1,1,11,0,9,1,1,,4,,0,,2,2,0,1,(1),(1),1,,6,1,0,1,50,9,10,2021,06:30,5,73,73248,2,6,0,6,Avenue d Italie,45.266456,6.371314,6,1,1
202100032664,143Â 380,B01,2,2,2,5,1,8,-1,-1, -1,-1,2021,60.0,2,2,0,2,6,16,1,,3,PASTEUR ( AVENUE ),0,,2,2,0,2,0,567,1,, -1,1,0,1,30,22,6,2021,16:40,1,56,56083,2,4,0,3,PASTEUR ( AVENUE ),47.80529,-3.28699,16,3,2
202100053643,105Â 843,A01,1,1,1,0,1,0,-1,-1, -1,-1,2021,64.0,1,2,0,2,8,13,1,,3,SAINT-DENIS BD (120 A 174 / DE 199 A 315,0,,2,2,0,1,0,0,1,, -1,1,0,1,50,26,1,2021,18:40,5,92,92026,2,1,0,3,SAINT-DENIS BD (120 A 174 / DE 199 A 315,48.904081437,2.2781077092,18,2,2
202100024035,158Â 682,B01,1,1,1,0,2,0,-1,-1, -1,-1,2021,28.0,1,1,1,0,1,1,5,,4,R LEON BLUM,0,,2,2,0,2,1,0,1,, -1,1,0,3,50,15,8,2021,12:45,1,94,94022,2,1,0,6,Rue LÃ©on Blum,48.7571,2.4121,12,1,1
202100029312,149Â 369,A01,3,2,1,5,1,0,-1,-1, -1,-1,2021,9.0,2,2,0,2,8,15,1,,4,CAPELETTE (AVENUE DE LA),0,,2,2,0,1,0,0,2,, -1,1,0,1,50,9,7,2021,19:00,1,13,13210,2,1,0,3,CAPELETTE (AVENUE DE LA),43.2812029469,5.4057041202,19,3,2
202100048421,115Â 206,A01,10,3,1,2,0,-1,-1,2,3,1,2021,10.0,1,1,0,1,1,25,1,,4,JEAN COMPADIEU (AVENUE),0,,2,0,0,1,(1),(1),1,, -1,1,0,4,30,11,3,2021,13:15,1,13,13212,2,9,0,6,JEAN COMPADIEU (AVENUE),43.3181483117,5.4347625644,13,2,1
202100007063,189Â 132,C01,3,2,2,5,1,0,-1,-1, -1,-1,2021,30.0,1,2,0,2,4,23,1,,3,906,0,,-1,2,1,1,40,0,1,, -1,1,0,1,50,20,11,2021,00:37,5,92,92049,2,1,0,4,PIERRE BROSSOLETTE (AVENUE),48.8206502543,2.3118630052,0,7,3
202100013196,178Â 152,A01,1,1,1,0,2,6,-1,-1, -1,-1,2021,33.0,2,1,0,2,1,21,1,,2,RN12 INT,0,,3,2,0,1,32,0,1,, -1,1,0,1,110,15,10,2021,08:40,1,78,78208,1,1,0,4,RN12 INT,48.800011,1.981446,8,3,3
202100001391,199Â 284,A01,2,2,2,1,1,-1,-1,0,0,-1,2021,19.0,1,2,4,0,1,1,1,,3,677,-1,,2,1,0,3,38,950,1,, -1,1,3,8,-1,20,12,2021,19:23,3,10,10191,1,9,0,6,D677,48.335627,4.100304,19,2,1
202100020724,164Â 584,A01,1,1,1,9,2,0,-1,0,0,-1,2021,28.0,2,1,0,2,1,1,1,,4,BOULEVARD DE SEBASTOPOL,0,,2,5,0,1,(1),(1),1,, -1,3,0,1,30,5,9,2021,03:15,5,75,75102,2,2,0,3,BOULEVARD DE SEBASTOPOL,48.866225,2.352542,3,2,2
202100049121,113Â 950,B01,1,1,1,1,2,6,-1,-1, -1,-1,2021,39.0,3,1,0,2,2,1,1,,4,CROTTES (RUE DES),0,,2,2,0,1,(1),(1),1,, -1,1,0,1,50,4,3,2021,18:20,2,13,13211,2,3,0,3,CROTTES (RUE DES),43.286613,5.470177,18,2,2
202100010212,183Â 452,B01,2,2,2,0,1,-1,-1,0,0,-1,2021,69.0,2,2,0,2,3,1,1,,3,945,0, -,2,2,0,1,81,700,1,, -1,1,0,1,50,25,10,2021,11:50,1,3,3085,1,3,0,3,RD 945,46.549819,3.245763,11,3,2
202100016872,171Â 464,B01,1,1,1,4,2,8,-1,-1, -1,-1,2021,53.0,2,1,0,2,1,1,1,,4,PALAIS-DES-EXPO (AVENUE DU),0,,2,2,0,1,0,0,1,, -1,1,0,1,50,23,9,2021,15:26,1,66,66136,2,1,0,3,PALAIS-DES-EXPO (AVENUE DU),42.7078,2.90234,15,2,2
202100046964,117Â 832,A01,10,3,2,1,8,8,-1,4,3,1,2021,20.0,1,2,0,1,2,1,1,,3,CROISAT AMBROISE RD 29 BIS,0,,2,2,0,1,0,0,1,, -1,1,0,1,50,19,3,2021,16:45,1,93,93066,2,1,0,6,CROISAT AMBROISE RD 29 BIS,48.9307,2.35015,16,2,1
202100001442,199Â 204,A01,2,2,1,0,2,0,-1,-1, -1,-1,2021,19.0,1,1,0,2,8,9,1,,4,FERNAND GUILLON (BOULEVARD),0,,1,1,0,2,0,300,1,, -1,1,0,1,50,24,12,2021,14:35,1,972,97213,2,2,0,3,FERNAND GUILLON (BOULEVARD),14.616932,-60.996701,14,3,2
202100037645,134Â 367,A01,1,1,1,0,0,-1,-1,0,0,-1,2021,20.0,0,2,1,0,1,5,1,,3,6,0,D,2,1,0,1,0,1,3,, -1,1,0,3,50,30,5,2021,06:00,2,69,69280,2,1,0,7,D6,45.801066,5.087984,6,1,1
202100049682,112Â 934,A01,1,1,1,1,2,8,-1,-1, -1,-1,2021,24.0,1,1,0,2,1,17,1,,4,BOBIGNY (AVENUE DE),0,,2,2,1,1,(1),(1),1,, -1,1,0,1,50,1,3,2021,13:20,1,93,93053,2,1,0,3,BOBIGNY (AVENUE DE),48.8945417484,2.4469256401,13,2,2
202100003836,194Â 895,B01,1,1,1,5,2,0,-1,0,0,-1,2021,40.0,2,1,0,2,2,1,1,,4,AVENUE DU DOCTEUR ARNOLD NETTER,0,,2,3,0,1,(1),(1),1,, -1,1,0,1,30,9,12,2021,18:00,5,75,75112,2,1,0,3,AVENUE DU DOCTEUR ARNOLD NETTER,48.846348,2.40608,18,2,2
202100009793,184Â 187,A01,1,1,1,9,1,0,-1,-1, -1,-1,2021,18.0,3,2,8,0,8,1,1,,4,GEORGES POMPIDOU (RUE),0,,1,2,0,1,0,0,3,, -1,2,0,3,70,1,11,2021,10:02,1,10,10387,2,1,0,7,GEORGES POMPIDOU (RUE),48.2962,4.0941,10,1,1
202100031986,144Â 573,A01,1,1,2,1,1,8,-1,-1, -1,-1,2021,61.0,0,2,9,0,1,1,1,,4,PIERRE DOIZE  (RUE),0,,2,4,0,1,0,0,1,, -1,1,0,4,50,27,6,2021,07:55,1,13,13210,2,1,0,1,PIERRE DOIZE  (RUE),43.27,5.423,7,1,1
202100008231,186Â 996,A01,2,2,2,5,1,8,-1,-1, -1,-1,2021,56.0,2,2,0,2,1,2,1,,1,AUTOROUTE A1,0,,3,8,0,2,7,900,1,, -1,2,9,1,90,13,11,2021,15:00,1,93,93013,1,1,1,4,AUTOROUTE A1,48.93972,2.42016,15,4,3
202100041873,126Â 776,A01,1,1,1,1,2,-1,-1,-1, -1,-1,2021,58.0,2,1,0,0,8,1,5,,4,CHOULANS (DE)                       (CH),0,,2,4,0,2,(1),(1),2,, -1,2,0,1,50,30,4,2021,16:50,1,69,69385,2,1,0,7,CHOULAND (DE) (MO),45.7519837471,4.8170596361,16,1,1
202100026041,155Â 134,B01,1,1,2,3,1,-1,-1,0,0,-1,2021,64.0,2,2,0,2,3,16,1,,3,128,-1,,2,2,0,1,38,850,1,, -1,1,0,1,80,23,7,2021,09:45,1,33,33282,1,3,0,1,Lieu Dit la Gouteyre,44.778694,-0.107067,9,2,2
202100035711,137Â 878,A01,10,3,2,0,0,-1,-1,3,3,1,2021,29.0,1,2,0,1,1,1,1,,4,SAULXURES (AVENUE DE),0,,2,-1,0,1,(1),(1),1,, -1,1,0,1,50,7,6,2021,12:34,1,54,54184,2,1,0,6,SAULXURES (AVENUE DE),48.70405,6.246003,12,2,1
202100028089,151Â 497,A01,10,3,2,5,0,-1,-1,2,3,1,2021,55.0,2,2,0,1,1,1,1,,3,BRIAND (AVENUE ARISTIDE),0,,2,2,0,1,1,510,1,, -1,1,0,1,50,18,7,2021,19:15,1,27,27229,2,3,0,6,BRIAND (AVENUE ARISTIDE),49.01672,1.12312,19,2,1
202100009541,184Â 657,B01,1,1,1,0,1,-1,-1,0,0,-1,2021,51.0,0,2,0,2,7,9,1,,3,916,0,,3,2,0,1,22,500,1,, -1,1,0,1,80,28,10,2021,13:10,1,60,60133,1,2,0,3,intersection RD 94 et RD 916,49.535915,2.384527,13,2,2
202100000298,201Â 190,B01,1,1,1,4,1,-1,-1,-1, -1,-1,2021,42.0,2,5,0,2,1,1,1,,4,EMERAUDES (DES)                     (R ),0,,1,2,3,1,(1),(1),1,, -1,1,0,1,50,8,11,2021,11:00,1,69,69386,2,2,0,3,EMERAUDES (DES) (R),45.76902,4.86048,11,3,2
202100046399,118Â 835,A01,1,1,1,0,2,8,-1,-1, -1,-1,2021,38.0,0,1,0,2,4,1,1,,4,POSTES CHEMIN DES,0,,2,2,0,1,0,0,1,, -1,1,0,1,50,26,3,2021,02:05,5,93,93046,2,1,0,2,POSTES CHEMIN DES,48.90784,2.53116,2,2,2
202100017874,169Â 673,Z01,10,3,2,5,0,-1,-1,4,3,1,2021,23.0,1,1,0,1,1,1,0,,4,BOULEVARD DE BELLEVILLE,0,,1,2,0,1,(1),(1),1,, -1,1,0,1,30,18,9,2021,01:45,5,75,75111,2,4,0,6,BOULEVARD DE BELLEVILLE,48.871841,2.376986,1,2,1
202100028180,151Â 325,B01,1,1,2,0,1,5,-1,-1, -1,-1,2021,38.0,1,2,0,2,1,23,1,,3,FICHOT (BOULEVARD),0,,1,1,0,1,1,0,1,, -1,1,0,1,50,19,7,2021,08:45,1,93,93049,2,1,0,2,FICHOT (BOULEVARD),48.8529,2.5114,8,2,2
202100010426,183Â 087,B01,1,1,2,1,1,0,0,0,0,-1,2021,20.0,1,2,0,0,4,2,1,,1,,-1,A,3,1,0,1,163,0,1,, -1,1,0,1,-1,29,10,2021,12:35,1,6,6085,1,1,0,2,A8,43.578106,6.984534,12,3,2
202100029416,149Â 200,A01,10,3,1,0,0,-1,-1,3,3,1,2021,58.0,1,2,0,1,3,15,1,,4,THIRARD                             (IM),0,,1,1,2,1,(1),(1),1,, -1,1,0,1,50,11,7,2021,23:05,2,69,69199,2,2,0,6,THIRARD (R),45.7096562542,4.8597188294,23,3,1
202100004734,193Â 316,B01,1,1,1,9,2,8,-1,-1, -1,-1,2021,49.0,1,1,0,2,1,17,1,,4,ALFRED NOBEL,0,,2,2,0,1,0,0,1,, -1,2,0,1,50,4,12,2021,15:50,1,64,64445,2,1,0,3,Avenue Alfred Nobel,43.31545,-0.31473,15,2,2