Num_Acc,id_vehicule,num_veh,place,catu,sexe,trajet,secu1,secu2,secu3,locp,actp,etatp,year_acc,victim_age,senc,catv,obs,obsm,choc,manv,motor,occutc,catr,voie,v1,v2,circ,nbv,vosp,prof,pr,pr1,plan,lartpc,larrout,surf,infra,situ,vma,jour,mois,an,hrmn,lum,dep,com,agg_,int,atm,col,adr,lat,long,hour,nb_victim,nb_vehicules
202100041771,126Â 947,B01,10,3,1,2,8,8,-1,3,3,1,2021,11.0,1,2,0,1,1,1,1,,4,ESTIENNE D'ORVES (19/FIN ET 20/FIN),0,,2,2,0,2,0,0,1,, -1,1,0,1,50,5,2,2021,08:51,1,93,93055,2,1,0,6,ESTIENNE D'ORVES (19/FIN ET 20/FIN),48.8898506464,2.4065934505,8,2,1
202100019682,166Â 466,B01,2,2,2,0,1,-1,-1,-1, -1,-1,2021,11.0,1,2,0,2,8,1,1,,4,CHEM DE COUHINS,0,,2,2,1,2,(1),(1),1,, -1,1,-1,1,50,10,9,2021,12:45,1,33,33550,2,1,0,5,Chemin de Couhins,44.753183,-0.58517,12,4,3
202100007049,189Â 157,A01,10,3,2,3,0,-1,-1,3,3,1,2021,85.0,1,2,0,1,2,20,1,,4,RUE PECLET,0,,2,2,0,1,0,0,1,, -1,1,0,1,30,20,11,2021,16:15,1,75,75115,2,3,0,6,RUE PECLET,48.842954,2.298755,16,2,1
202100048717,114Â 679,B01,1,1,1,0,8,0,-1,-1, -1,-1,2021,11.0,1,1,0,2,7,19,5,,3,PRESIDENT ROOSEVELT (AVENUE DU),0,,2,2,0,1,0,0,1,, -1,1,0,1,50,9,3,2021,18:00,1,93,93001,2,1,0,3,PRESIDENT ROOSEVELT (AVENUE DU),48.91792,2.37904,18,2,2
202100050897,110Â 701,C01,1,1,2,3,8,0,-1,-1, -1,-1,2021,43.0,2,1,0,2,7,19,5,,4,DE GAULLE (BD CHARLES),0,,2,4,0,1,(1),(1),1,, -1,2,0,1,50,18,2,2021,17:26,1,37,37214,2,6,0,6,DE GAULLE (BD CHARLES),47.4198470865,0.6632995606,17,3,3
202100006923,189Â 392,B01,1,1,1,9,2,8,-1,-1, -1,-1,2021,41.0,3,1,0,2,1,0,6,,4,ALL DE BELLEFONTAINE,0,,1,1,0,1,0,0,1,, -1,1,0,1,50,14,11,2021,18:00,1,31,31555,2,1,0,1,ALL DE BELLEFONTAINE,43.564753,1.401522,18,2,2
202100042938,124Â 918,A01,1,1,1,1,1,0,-1,-1, -1,-1,2021,24.0,1,5,0,2,1,1,1,,3,,-1,,2,-1,-1,1,(1),(1),1,, -1,1,5,1,-1,23,4,2021,13:25,1,92,92048,2,2,0,3,MARECHAL JUIN (AVENUE DU),48.7861227698,2.2215047479,13,2,2
202100027670,152Â 260,A01,1,1,1,0,2,6,-1,-1, -1,-1,2021,49.0,2,1,0,2,8,11,1,,1,AUTOROUTE A86,0,,3,7,0,1,26,299,1,, -1,1,0,1,90,22,7,2021,13:05,1,93,93064,1,1,0,2,AUTOROUTE A86,48.88224,2.47345,13,2,2
202100045375,120Â 624,A01,10,3,1,1,0,-1,-1,3,3,1,2021,33.0,2,2,0,1,1,26,1,,7,,0,,2,2,0,1,(1),(1),1,, -1,1,0,1,50,1,4,2021,18:04,1,63,63032,2,1,0,6,RESISTANCE (RUE DE LA),45.7504817467,3.0886006607,18,2,1
202100006088,190Â 920,A01,10,3,1,0,0,-1,-1,5,9,1,2021,41.0,1,2,0,1,6,4,1,,3,STALINGRAD (BD DE),0,,2,4,0,1,0,0,1,, -1,1,0,4,50,11,1,2021,19:20,2,94,94041,2,1,0,6,Boulevard de Stalingrad,48.80619,2.37547,19,2,1
202100044109,122Â 830,B01,1,1,1,0,1,0,-1,-1, -1,-1,2021,29.0,1,1,0,2,8,1,1,,2,RN02,0,,2,2,0,1,(1),(1),1,, -1,1,0,1,80,13,4,2021,10:15,1,974,97416,1,3,0,3,RN02,-21.3324097139,55.4804221838,10,2,2
202100028734,150Â 365,B01,1,1,2,5,1,-1,-1,0,0,-1,2021,25.0,2,2,0,0,8,1,1,,3,419,0,,2,2,0,1,16,577,1,, -1,1,0,1,80,16,7,2021,20:00,1,68,68062,1,1,0,3,D419,47.629219,7.210228,20,2,2
202100040957,128Â 409,A01,2,2,2,1,2,6,-1,0,0,-1,2021,54.0,2,1,0,0,0,1,3,,4,RUE FABERT,0,,1,2,0,1,(1),(1),1,, -1,1,0,1,50,7,5,2021,08:30,1,75,75107,2,1,0,7,RUE FABERT,48.859067,2.311254,8,2,1
202100025810,155Â 555,A01,1,1,1,1,1,-1,-1,0,0,-1,2021,20.0,2,2,0,2,7,13,1,,3,6,-1,,2,2,0,1,3,700,2,, -1,2,0,1,90,3,8,2021,19:25,1,3,3227,1,1,1,1,route dÃ©partmenetale 6,46.24966,3.329335,19,2,2
202100054434,104Â 456,A01,1,1,1,5,8,-1,-1,-1, -1,-1,2021,28.0,0,2,2,0,1,13,1,,3,ATLANTIQUE (BOULEVARD DE L'),0,,3,3,0,3,0,1580,1,, -1,1,5,1,50,17,1,2021,06:15,5,50,50129,2,2,0,6,NORMANDIE (AVENUE),49.62706,-1.63609,6,2,1
202100053830,105Â 528,B01,1,1,1,5,8,0,-1,-1, -1,-1,2021,55.0,1,1,0,2,6,1,0,,4,RUE DE BRUNOY,0,,2,0,0,1,0,100,1,, -1,2,0,1,30,24,1,2021,09:20,1,91,91514,2,3,1,3,RUE DE BRUNOY,48.67764,2.52848,9,2,2
202100041815,126Â 866,A01,1,1,1,5,8,0,-1,0,0,-1,2021,28.0,3,1,0,2,1,5,5,,4,CARREFOUR DE PATTE D OIE,0,,-1,1,0,1,(1),(1),2,, -1,1,6,1,20,1,5,2021,17:30,1,75,75112,2,6,0,1,CARREFOUR DE PATTE D OIE,48.82231,2.44224,17,2,2
202100006211,190Â 707,A01,1,1,2,1,1,-1,-1,-1, -1,-1,2021,27.0,1,2,0,2,4,23,1,,7,AMBROISE CROIZAT                    (BD),0,,2,5,2,1,(1),(1),1,, -1,2,4,1,50,26,11,2021,21:35,5,69,69259,2,2,1,2,AMBROISE CROIZAT (BD),45.71431,4.87924,21,2,2
202100019527,166Â 727,A01,10,3,2,5,8,8,-1,3,3,1,2021,40.0,1,1,0,1,8,17,0,,3,ANATOLE FRANCE  (BLD) IMPAIR,0,,2,2,0,1,0,0,1,, -1,1,0,1,50,11,9,2021,20:45,5,93,93001,2,1,0,3,ANATOLE FRANCE  (BLD) IMPAIR,48.91738,2.38202,20,2,1
202100038055,133Â 638,B01,1,1,1,4,2,0,-1,-1, -1,-1,2021,28.0,2,1,0,2,7,1,1,,3,RESISTANCE (AVENUE DE LA),0,,2,2,0,1,(1),(1),1,, -1,1,5,1,50,27,5,2021,02:35,5,93,93062,2,2,0,3,VALERE LEFEBVRE (ALLEE),48.89687,2.51533,2,2,2
202100055832,102Â 076,A01,10,3,1,2,0,-1,-1,1,3,1,2021,17.0,1,2,0,1,3,1,0,,3,Avenue de Verdun,0,,1,2,0,1,1,0,1,, -1,7,0,1,50,8,1,2021,07:35,5,94,94044,2,1,0,6,Avenue de Verdun,48.749807,2.481308,7,2,1
202100032104,144Â 366,B01,1,1,1,0,2,8,-1,0,0,-1,2021,28.0,3,1,0,2,8,0,1,,7,RD 73,0,,-1,2,0,2,(1),(1),4,, -1,1,0,1,70,26,6,2021,19:04,1,54,54197,1,1,0,3,RD 73,48.6248336523,6.1938757449,19,2,2
202100017867,169Â 683,B01,1,1,1,0,2,8,-1,-1, -1,-1,2021,34.0,1,1,0,2,1,1,1,,4,SAINT SAVOURNIN (RUE),0,,1,2,0,2,(1),(1),1,, -1,1,0,1,50,17,9,2021,01:15,5,13,13201,2,1,0,1,SAINT SAVOURNIN (RUE),43.2972692817,5.3873318994,1,2,2
202100005938,191Â 179,B01,1,1,2,2,1,-1,-1,-1, -1,-1,2021,20.0,1,2,0,2,3,1,1,,2,N244,0,,1,3,0,1,0,10,1,, -1,2,0,1,90,26,11,2021,17:36,5,51,51454,1,1,1,2,N244,49.2241234099,4.0652954578,17,2,2
202100049434,113Â 398,A01,1,1,1,5,0,-1,-1,0,0,-1,2021,17.0,3,1,0,2,1,15,5,,4,,-1,,1,1,0,1,(1),(1),1,, -1,1,0,1,30,4,3,2021,13:55,1,76,76238,2,2,0,3,Rue Henri Ternon,49.565288,0.221888,13,2,2
202100019452,166Â 867,B01,1,1,1,9,2,8,-1,-1, -1,-1,2021,85.0,2,1,0,2,8,1,1,,7,JEAN PAIN (BOULEVARD),0,,3,5,3,1,1,500,1,, -1,1,0,1,50,31,5,2021,17:45,1,38,38185,2,2,0,3,Boulevard Jean Pain,45.1865,5.7348,17,2,2
202100036206,136Â 971,B01,1,1,1,9,1,0,-1,-1, -1,-1,2021,49.0,2,2,0,2,4,2,1,,1,AUTOROUTE A1,0,,3,8,0,1,9,500,1,, -1,1,1,1,90,6,6,2021,20:20,1,93,93007,1,1,0,4,AUTOROUTE A1,48.94615,2.44096,20,3,3
202100045878,119Â 752,B01,1,1,1,1,2,6,-1,0,0,-1,2021,15.0,2,1,0,2,1,1,1,,3,9,0,D,2,2,0,1,1,652,1,, -1,1,0,1,80,1,4,2021,07:30,2,85,85293,1,1,0,3,,47.00624,-1.10318,7,2,2
202100043712,123Â 558,A01,10,3,2,5,0,-1,-1,1,0,2,2021,5.0,3,1,0,1,1,1,1,,4,sans,0,A,2,2,0,2,(1),(1),2,, -1,1,0,1,80,16,4,2021,13:45,1,69,69107,1,3,0,6,SAINT-CYR (DE) (RTE),46.048367,4.505561,13,2,1
202100010683,182Â 624,A01,2,2,1,9,8,0,-1,-1, -1,-1,2021,20.0,3,1,0,2,1,1,3,,4,JEAN JAURES                         (AV),0,,2,4,1,1,(1),(1),1,, -1,1,0,1,50,27,10,2021,22:05,5,69,69387,2,2,0,3,JEAN JAURES (AV),45.7482,4.84369,22,3,2
202100033229,142Â 369,B01,1,1,1,5,2,-1,-1,0,0,-1,2021,15.0,2,1,0,2,1,1,1,,4,,0,,2,2,0,1,(1),(1),1,,6,1,0,1,50,19,6,2021,17:50,1,39,39097,2,1,0,3,105 Rue de Chevru,46.748732,5.915809,17,2,2
202100044174,122Â 713,A01,1,1,1,4,2,0,-1,-1, -1,-1,2021,28.0,2,1,0,2,1,2,1,,4,ENTREPOT (R DE L),0,,1,1,0,1,1,0,1,, -1,1,0,1,30,13,4,2021,12:40,1,94,94018,2,1,0,2,Rue de lâEntrepot,48.8243464181,2.3995041847,12,2,2
202100050563,111Â 312,A01,10,3,1,3,0,-1,-1,9,3,1,2021,63.0,3,2,0,1,3,20,1,,6,CHAMPS LASNIERS (AVENUE),0,,-1,0,0,1,0,0,1,, -1,1,0,8,15,20,2,2021,12:20,1,91,91692,2,1,0,6,CHAMPS LASNIERS (AVENUE),48.684527,2.16947,12,2,1
202100003049,196Â 322,B01,1,1,1,0,1,0,-1,-1, -1,-1,2021,74.0,2,2,0,2,4,2,2,,1,AUTOROUTE A1,0,,1,1,0,2,3,500,1,, -1,1,0,1,50,14,12,2021,17:05,2,93,93066,1,1,0,2,AUTOROUTE A1,48.93167,2.36882,17,2,2
202100046440,118Â 771,A01,1,1,1,5,2,-1,-1,0,0,-1,2021,21.0,0,1,13,0,1,1,1,,4,3,-1,,2,2,0,1,(1),(1),3,, -1,1,0,3,80,28,3,2021,06:15,3,44,44043,1,1,0,6,la colline,47.097473,-1.2708317,6,1,1
202100041745,126Â 993,A01,1,1,2,0,8,0,-1,-1, -1,-1,2021,20.0,1,2,3,0,0,0,1,,1,A7-Sens Lyon vers Marseille,0,,1,3,0,1,274,700,1,, -1,1,1,2,90,1,5,2021,02:15,3,13,13215,1,1,0,1,A7-Sens Lyon vers Marseille,43.3687655194,5.3609561938,2,1,1
202100008004,187Â 427,A01,1,1,2,5,1,0,-1,-1, -1,-1,2021,72.0,2,2,8,0,2,14,1,,3,ESPAGNE (AVENUE D'),0,,2,2,0,2,113,0,1,, -1,1,0,3,50,13,11,2021,17:25,2,64,64024,2,1,0,6,ESPAGNE (AVENUE D'),43.47335,-1.53352,17,1,1
202100036898,135Â 746,B01,1,1,1,5,0,-1,-1,0,0,-1,2021,13.0,2,1,0,2,0,15,5,,3,4,0,,2,2,0,1,25,700,1,, -1,1,0,1,50,2,6,2021,17:30,1,42,42026,2,1,0,2,Avenue de Verdun,46.148752,4.086902,17,2,2
202100026353,154Â 590,A01,10,3,1,9,0,-1,-1,2,3,1,2021,17.0,1,2,0,1,1,1,1,,3,7,0,,2,3,0,1,0,0,1,, -1,1,0,1,50,30,7,2021,10:20,1,92,92064,2,3,0,6,MARCEL DASSAULT,48.8566281075,2.2232937813,10,3,1
202100038927,132Â 051,A01,1,1,1,0,1,0,-1,-1, -1,-1,2021,21.0,1,2,0,2,1,11,1,,3,CANAUX (CHEMIN),0,,2,0,0,1,0,0,1,, -1,1,0,1,50,17,5,2021,19:30,1,30,30189,2,9,0,1,CANAUX (CHEMIN),43.78052,4.34889,19,2,2
202100001751,198Â 659,B01,1,1,2,1,2,6,-1,0,0,-1,2021,29.0,1,1,0,2,1,1,1,,4,AVENUE WINSTON CHURCHILL,0,,2,3,0,1,(1),(1),1,, -1,1,0,1,30,22,12,2021,07:25,5,75,75108,2,2,0,3,AVENUE WINSTON CHURCHILL,48.864928,2.313654,7,2,2
202100002352,197Â 578,A01,1,1,1,1,2,0,-1,-1, -1,-1,2021,40.0,2,1,0,2,1,3,1,,1,A86 EXT,0,,1,4,0,1,37,500,1,, -1,1,0,1,90,18,12,2021,12:40,1,94,94028,1,1,0,2,A86 EXT,48.8029982078,2.4483847618,12,2,2
202100026450,154Â 420,A01,1,1,2,0,2,6,-1,-1, -1,-1,2021,17.0,3,1,0,0,0,26,1,,4,MAI 1945 (AVENUE DU 8),0,,-1,2,0,1,0,0,3,, -1,2,0,1,50,25,7,2021,08:00,2,64,64102,1,1,1,7,MAI 1945 (AVENUE DU 8),43.46655,-1.493228,8,1,1
202100029442,149Â 155,A01,1,1,1,9,2,0,-1,0,0,-1,2021,21.0,1,1,0,2,1,1,3,,4,BOULEVARD BEAUMARCHAIS,0,,2,4,0,1,(1),(1),1,, -1,1,0,1,50,11,7,2021,15:15,1,75,75111,2,1,0,2,BOULEVARD BEAUMARCHAIS,48.855385,2.368634,15,2,2
202100005687,191Â 632,A01,1,1,1,5,8,-1,-1,0,0,-1,2021,22.0,1,2,13,0,0,1,1,,3,929,-1,,2,2,0,1,18,500,1,, -1,7,0,8,80,29,11,2021,06:00,3,65,65437,1,1,0,7,D929 tajan,43.180795,0.444453,6,1,1
202100023201,160Â 149,B01,1,1,1,5,2,-1,-1,0,0,-1,2021,31.0,2,1,0,2,1,1,1,,3,16,0,,2,2,0,1,23,185,1,, -1,1,0,1,70,22,8,2021,13:32,1,77,77339,1,3,0,1,D16,48.391512,2.489262,13,2,2
202100037704,134Â 270,B01,1,1,1,5,2,-1,-1,0,0,-1,2021,42.0,2,1,0,2,1,1,1,,3,432,0,D,2,2,0,1,5,175,1,, -1,1,0,1,50,29,5,2021,19:50,2,26,26313,2,1,0,3,82 Avenue de Provence,44.971083,4.955488,19,2,2
202100042129,126Â 324,B01,1,1,1,1,1,-1,-1,0,0,-1,2021,55.0,2,2,0,2,1,0,1,,3,19,-1,,2,2,0,1,6,510,3,, -1,2,0,1,50,30,4,2021,12:35,1,1,1403,2,1,1,1,grande rue,45.808383,5.453285,12,3,2
202100007877,187Â 661,A01,1,1,1,1,1,0,-1,-1, -1,-1,2021,53.0,1,2,0,2,4,1,1,,3,913,0,,1,5,3,1,0,0,1,, -1,2,9,6,50,16,11,2021,17:45,5,92,92062,2,1,1,2,GENERAL DE GAULLE (AVENUE DU),48.8874599492,2.2328397632,17,2,2
202100009893,184Â 012,A01,2,2,2,5,1,0,-1,-1, -1,-1,2021,45.0,2,2,0,2,4,23,1,,1,AUTOROUTE A1,0,,2,6,0,1,5,400,1,, -1,1,0,1,70,30,10,2021,21:00,5,972,97213,1,1,0,2,AUTOROUTE A1,14.608361,-61.005112,21,4,2
202100039984,130Â 123,A01,1,1,1,5,2,-1,-1,0,0,-1,2021,44.0,1,1,12,0,1,1,1,,7,560,0,D,2,2,0,1,0,900,1,, -1,1,0,1,50,14,5,2021,00:00,5,83,83120,2,1,0,6,Avenue Gaston de Saporta,43.379671,5.699131,0,1,1
202100007981,187Â 468,B01,3,2,1,0,1,0,-1,-1, -1,-1,2021,13.0,2,2,0,2,4,1,1,,3,RTE NATIONALE 20,0,,1,2,0,3,0,0,1,, -1,1,0,1,70,14,11,2021,17:20,3,91,91339,1,1,0,2,RTE NATIONALE 20,48.61815,2.25772,17,4,2
202100017889,169Â 645,B01,1,1,1,9,2,8,-1,-1, -1,-1,2021,36.0,-1,1,0,2,1,26,1,,3,PARIS (RUE DE),0,,3,4,0,1,0,1,1,, -1,1,9,1,50,19,9,2021,23:15,5,93,93008,2,9,0,3,PARIS (RUE DE),48.8998328787,2.4488788828,23,2,2
202100053180,106Â 677,A01,10,3,2,5,0,-1,-1,1,3,2,2021,74.0,0,2,0,2,1,1,1,,4,RENAUD. RUE DE L'ENSEIGNE,0,,2,2,0,2,0,0,3,, -1,2,0,1,50,25,1,2021,16:00,1,76,76540,2,1,0,6,RENAUD. RUE DE L'ENSEIGNE,49.4348634313,1.1254390882,16,3,1
202100042583,125Â 508,B01,1,1,1,5,1,-1,-1,-1, -1,-1,2021,59.0,2,2,0,2,4,1,1,,4,EMILE ZOLA     (Cours),0,,2,2,1,1,(1),(1),1,, -1,1,0,1,50,25,4,2021,18:00,1,69,69266,2,1,0,2,EMILE ZOLA (CR),45.7679,4.88825,18,3,2
202100034039,140Â 918,A01,10,3,1,9,0,-1,-1,4,3,1,2021,86.0,1,1,0,1,1,1,1,,7,FRANCOIS EPAILLY (RUE),0,,3,4,2,1,(1),(1),3,, -1,1,0,1,50,15,6,2021,21:10,2,67,67482,2,1,0,6,FRANCOIS EPAILLY (RUE),48.57308,7.79118,21,2,1
202100031177,146Â 005,A01,1,1,2,5,1,0,-1,-1, -1,-1,2021,31.0,2,2,0,0,1,14,1,,3,,0,,2,2,0,2,22,350,3,, -1,1,0,8,80,2,7,2021,14:10,1,7,7281,1,1,0,7,TASSINI (AVENUE VICTOR),44.945631228,4.8367734314,14,1,1
202100008252,186Â 962,A01,2,2,1,9,2,0,-1,0,0,-1,2021,18.0,1,1,0,2,1,17,1,,4,RUE SOUFFLOT,0,,2,2,0,2,(1),(1),1,, -1,1,0,1,30,12,11,2021,22:31,5,75,75105,2,1,0,3,RUE SOUFFLOT,48.847198,2.34149,22,5,2
202100012973,178Â 551,A01,1,1,1,1,2,6,-1,0,0,-1,2021,16.0,1,1,0,2,1,1,1,,2,613,-1,,2,2,0,1,14,106,1,, -1,1,0,1,50,16,10,2021,07:15,5,34,34022,2,3,0,3,Rue du Colombier,43.65695,4.008375,7,2,2
202100016469,172Â 189,B01,1,1,1,5,1,0,-1,-1, -1,-1,2021,68.0,1,2,0,2,4,1,1,,4,POINCARE (BOULEVARD HENRI),0,,2,2,0,2,(1),(1),1,, -1,1,0,1,50,23,9,2021,08:24,1,66,66136,2,1,0,4,POINCARE (BOULEVARD HENRI),42.6913,2.89664,8,3,3
202100028059,151Â 558,B01,1,1,1,1,2,6,-1,0,0,-1,2021,42.0,2,1,0,2,1,17,1,,3,00,-1,,2,2,0,1,(1),(1),1,, -1,1,5,1,50,21,7,2021,17:50,1,79,79049,2,6,0,3,70 Boulevard de Thouars,46.847428,-0.476494,17,2,2
202100029054,149Â 808,B01,2,2,2,5,2,6,9,0,0,-1,2021,60.0,2,1,0,2,7,2,1,,3,2371,-1,,2,2,0,1,(1),(1),1,, -1,2,0,1,50,14,7,2021,10:25,1,3,3186,2,6,1,3,Boulevard Jean Moulin,46.319372,2.959016,10,3,2
202100000029,201Â 708,A01,10,3,1,5,0,-1,-1,9,3,1,2021,76.0,1,5,0,1,2,1,0,,4,FAIDHERBE ( BOULEVARD ),0,,1,2,0,1,(1),(1),1,, -1,2,0,1,50,13,11,2021,19:15,5,62,62041,2,1,0,6,FAIDHERBE ( BOULEVARD ),50.292473,2.782251,19,2,1
202100010233,183Â 420,A01,1,1,1,5,2,-1,-1,0,0,-1,2021,63.0,0,1,0,2,1,26,1,,3,102,0,D,2,2,0,1,(1),(1),2,, -1,1,0,1,80,31,10,2021,15:55,1,38,38376,1,1,0,1,400 Route de Saint Laurent du Pont,45.426431,5.775257,15,2,2
202100051670,109Â 335,B01,1,1,1,1,1,0,-1,-1, -1,-1,2021,38.0,2,2,5,0,4,2,1,,7,GRAMME (CHAUSSEE),0,,-1,2,0,1,(1),(1),1,, -1,1,0,1,50,12,2,2021,11:45,1,59,59599,1,1,1,2,GRAMME (CHAUSSEE),50.73659,3.17068,11,2,2
202100016064,172Â 937,B01,4,2,2,9,1,0,-1,-1, -1,-1,2021,8.0,1,2,0,0,6,2,1,,2,RN02,0,,2,2,0,1,126,0,1,, -1,1,0,1,70,28,9,2021,18:20,3,974,97416,1,1,0,2,RN02,-21.34905,55.50259,18,4,2
202100037284,135Â 028,A01,10,3,2,9,0,-1,-1,2,3,2,2021,57.0,1,1,0,1,1,17,3,,4,RUE DE LA CROIX NIVERT,0,,2,2,0,1,(1),(1),1,, -1,1,0,1,50,31,5,2021,13:35,1,75,75115,2,1,0,6,RUE DE LA CROIX NIVERT,48.839221,2.289828,13,3,1
202100013840,176Â 954,TB01,1,1,1,0,2,0,-1,-1, -1,-1,2021,16.0,1,0,0,2,1,1,0,,3,RAVEL MAURICE (QUA)I,0,,2,1,2,1,0,602,1,, -1,1,0,1,30,11,10,2021,10:00,1,64,64189,2,1,0,3,RAVEL MAURICE (QUA)I,43.38673,-1.66879,10,2,2
202100019883,166Â 093,A01,10,3,2,9,0,-1,-1,3,3,1,2021,19.0,1,2,0,1,1,1,1,,3,RESISTANCE (AVENUE DE LA),0,,2,2,0,1,3,0,1,, -1,1,0,1,50,8,9,2021,17:00,1,22,22113,2,9,0,6,RESISTANCE (AVENUE DE LA),48.74717,-3.46136,17,2,1
202100038763,132Â 325,A01,10,3,2,3,0,-1,-1,5,9,1,2021,81.0,3,2,0,1,4,20,1,,6,GARRIC (AVENUE DU),0,,-1,0,0,1,(1),(1),1,, -1,2,9,8,50,22,5,2021,11:20,1,15,15014,2,1,0,6,Avenue du Garric,44.901477,2.431217,11,2,1
202100022307,161Â 761,A01,1,1,1,0,0,0,-1,-1, -1,-1,2021,45.0,1,1,0,0,0,25,3,,3,STALINGRAD (BD DE),0,,-1,0,0,1,1,0,1,, -1,1,0,4,25,27,8,2021,00:35,5,94,94081,2,1,0,7,STALINGRAD (BD DE),48.80201,2.37856,0,1,1
202100021909,162Â 466,B01,1,1,1,5,2,-1,-1,0,0,-1,2021,61.0,2,1,0,2,0,1,5,,3,8,-1,,2,2,0,2,9,250,1,, -1,1,0,1,70,29,6,2021,10:45,1,83,83016,1,1,0,3,Dn8,43.218246,5.810963,10,2,2
202100006280,190Â 569,A01,1,1,1,1,1,8,-1,-1, -1,-1,2021,20.0,2,2,7,0,9,1,1,,2,ROUTE NATIONALE 2,0,,3,2,0,1,27,0,3,, -1,1,0,3,110,20,10,2021,06:10,3,2,2064,1,1,0,6,ROUTE NATIONALE 2,49.35893,3.32923,6,1,1
202100047020,117Â 727,A01,1,1,2,5,1,8,-1,-1, -1,-1,2021,37.0,1,2,0,2,1,17,1,,1,AUTOROUTE A1,0,,3,0,0,1,4,100,1,, -1,1,0,1,90,21,3,2021,06:20,1,972,97213,1,1,0,2,AUTOROUTE A1,14.61352,-61.01082,6,2,2
202100009463,184Â 790,A01,10,3,1,3,0,-1,-1,2,3,1,2021,68.0,2,1,0,1,2,17,1,,4,AVENUE DU GENERAL LECLERC,0,,2,4,0,1,(1),(1),1,, -1,1,0,1,30,3,11,2021,17:40,2,75,75114,2,4,0,6,AVENUE DU GENERAL LECLERC,48.828821,2.327718,17,2,1
202100046236,119Â 126,B01,1,1,1,5,2,6,-1,-1, -1,-1,2021,31.0,1,1,0,2,1,1,0,,4,CAMILLE PELLETAN (AVENUE),0,,2,3,3,1,0,0,1,, -1,1,0,1,50,27,3,2021,15:40,1,13,13202,2,1,0,3,CAMILLE PELLETAN (AVENUE),43.30393,5.37401,15,2,2
202100006079,190Â 937,B01,2,2,2,1,8,0,-1,-1, -1,-1,2021,32.0,1,2,0,2,0,2,1,,2,RN12 INT,0,,1,0,0,1,37,0,1,, -1,2,1,1,90,26,11,2021,18:59,3,78,78321,1,1,1,4,RN12 INT,48.798764,1.915684,18,5,3
202100033297,142Â 250,B01,1,1,2,5,2,0,-1,0,0,-1,2021,25.0,2,1,0,1,1,1,5,,4,RUE AMELOT,0,,2,2,1,1,(1),(1),1,, -1,2,0,5,30,19,6,2021,20:30,1,75,75111,2,1,1,6,RUE AMELOT,48.862998,2.36723,20,2,1
202100013756,177Â 122,B01,1,1,1,0,2,6,-1,0,0,-1,2021,19.0,2,1,0,2,1,1,1,,3,938,0,D,2,2,0,1,59,300,1,, -1,1,0,1,80,13,10,2021,07:46,2,60,60558,1,1,1,6,Rue Saint Martin,49.586629,2.768238,7,2,2
202100015434,174Â 121,A01,1,1,1,0,8,0,-1,-1, -1,-1,2021,32.0,1,2,4,0,2,0,1,,1,A51-Sens Marseille vers Aix en Provence,0,,1,3,0,1,1,350,1,, -1,1,0,2,90,3,10,2021,05:05,3,13,13106,1,1,0,6,A51-Sens Marseille vers Aix en Provence,43.40498,5.35922,5,1,1
202100052390,108Â 065,A01,1,1,2,0,8,0,-1,-1, -1,-1,2021,30.0,3,1,0,2,8,26,3,,4,DOCTEUR MORERE (RUE DU),0,,2,2,0,1,0,0,1,, -1,1,0,1,50,5,2,2021,10:20,1,91,91477,2,9,0,3,DOCTEUR MORERE (RUE DU),48.711597,2.244616,10,2,2
202100027999,151Â 660,A01,1,1,1,5,0,-1,-1,0,0,-1,2021,16.0,2,1,0,0,0,1,5,,3,900,0,,2,2,0,2,52,900,1,, -1,1,0,3,80,21,7,2021,17:40,1,4,4126,1,1,0,7,RD 900,44.412003,6.346986,17,1,1
202100008290,186Â 900,A01,10,3,1,3,0,-1,-1,1,3,1,2021,20.0,2,2,0,1,1,2,1,,3,,-1,,2,2,0,1,66,440,1,,"7,6",1,0,1,50,12,11,2021,20:20,5,79,79079,2,1,0,7,33 Rue Buissonniere,46.916805,-0.713161,20,2,1
202100026118,155Â 010,B01,1,1,1,4,2,8,-1,-1, -1,-1,2021,35.0,1,1,0,2,2,1,1,,3,920,0,,1,1,0,1,0,0,3,, -1,1,0,1,30,31,7,2021,08:55,1,91,91377,2,1,0,3,RUE DE LA DIVISION LECLERC,48.7302,2.27383,8,2,2
202100008294,186Â 894,A01,1,1,1,5,0,-1,-1,0,0,-1,2021,49.0,2,2,13,0,1,1,1,,3,D4,-1,,2,2,0,2,36,600,3,, -1,2,0,8,80,13,11,2021,21:35,3,42,42215,1,1,1,7,D4,46.167156,4.202614,21,1,1
202100017640,170Â 088,B01,4,2,1,0,1,0,-1,0,0,-1,2021,26.0,2,2,0,2,2,1,1,,3,AV ALBERT LEBRUN,0,,2,2,0,1,(1),(1),1,, -1,1,0,1,50,19,9,2021,04:20,5,54,54580,2,2,0,3,AV ALBERT LEBRUN,49.47008,5.92831,4,5,2
202100041194,127Â 967,A01,1,1,1,1,1,-1,-1,0,0,-1,2021,23.0,1,5,6,0,1,14,1,,2,4,0,,1,4,0,1,8,0,1,, -1,1,2,3,110,7,5,2021,08:20,1,54,54162,1,1,0,6,route nationale 4,48.6561600114,5.8418512346,8,3,1
202100050086,112Â 210,A01,1,1,1,5,2,0,-1,-1, -1,-1,2021,17.0,2,1,0,2,1,2,1,,3,912,0,,2,2,0,1,0,0,1,, -1,1,0,1,50,26,2,2021,17:40,1,92,92024,2,3,0,2,VICTOR HUGO (BD),48.90177,2.31746,17,3,2