Num_Acc,id_vehicule,num_veh,place,catu,sexe,trajet,secu1,secu2,secu3,locp,actp,etatp,year_acc,victim_age,senc,catv,obs,obsm,choc,manv,motor,occutc,catr,voie,v1,v2,circ,nbv,vosp,prof,pr,pr1,plan,lartpc,larrout,surf,infra,situ,vma,jour,mois,an,hrmn,lum,dep,com,agg_,int,atm,col,adr,lat,long,hour,nb_victim,nb_vehicules
202100040832,128Â 645,A01,10,3,2,9,0,-1,-1,5,1,1,2021,63.0,1,2,16,1,2,1,1,,9,7,0,R,2,2,0,2,1,1,1,, -1,1,0,4,50,9,5,2021,14:30,1,978,97801,2,9,0,1,"montÃ©e de morne vallois, rn7",18.070052,-63.075288,14,2,1
202100024853,157Â 234,B01,1,1,1,0,2,6,-1,-1, -1,-1,2021,57.0,1,1,0,2,1,17,1,,4,,0,,2,2,0,1,(1),(1),1,, -1,1,0,1,50,8,8,2021,17:30,1,69,69385,2,3,0,3,COMMANDANT CHARCOT (DU) (R),45.7523,4.80331,17,3,2
202100003149,196Â 138,B01,2,2,1,4,1,0,-1,-1, -1,-1,2021,52.0,2,2,0,2,3,1,3,,3,AURIBEAU (ROUTE D') -D609-,0,,2,2,0,1,2,442,1,, -1,1,0,1,50,13,12,2021,13:55,1,6,6069,1,1,0,1,AURIBEAU (ROUTE D') -D609-,43.626064,6.914453,13,3,2
202100050381,111Â 644,B01,1,1,1,0,1,0,-1,-1, -1,-1,2021,71.0,0,1,0,2,8,18,0,,3,BRIAND ( AV. ARISTIDE) 238 A 308,0,,3,4,0,1,0,1,1,, -1,1,5,1,50,24,2,2021,10:20,1,93,93057,2,2,0,3,BRIAND ( AV. ARISTIDE) 238 A 308,48.9111120963,2.5164974127,10,2,2
202100003116,196Â 195,A01,10,3,2,0,0,-1,-1,4,3,1,2021,55.0,0,2,0,1,3,15,1,,4,CAQUE (RUE),0,,1,1,0,1,(1),(1),1,, -1,2,0,1,30,13,12,2021,07:45,4,51,51454,2,2,1,7,Rue CaquÃ©,49.2547,4.02281,7,2,1
202100026974,153Â 495,A01,2,2,2,5,2,6,9,0,0,-1,2021,20.0,2,1,8,0,1,0,0,,3,155,-1,,2,2,0,1,6,735,1,, -1,2,0,3,90,25,7,2021,20:30,1,41,41234,1,1,1,7,D155,47.565038,1.132897,20,2,1
202100013103,178Â 322,B01,1,1,1,5,2,0,-1,-1, -1,-1,2021,73.0,2,1,0,2,8,1,3,,3,LYAUTEY (RUE DU MARECHAL),0,,2,2,0,2,0,0,1,, -1,1,0,1,50,17,9,2021,11:34,1,3,3310,2,2,0,3,LYAUTEY (RUE DU MARECHAL),46.119691,3.4333668,11,2,2
202100048140,115Â 698,A01,1,1,1,1,1,8,-1,0, -1,-1,2021,27.0,1,2,2,0,1,1,1,,4,VILLENEUVE (ROND POINT DE LA),0,,-1,1,0,1,34,950,3,, -1,2,0,8,50,13,3,2021,18:20,1,29,29039,1,1,0,6,Rond Point de Villeneuve,47.894148,-3.914049,18,1,1
202100005299,192Â 317,A01,1,1,2,5,8,0,-1,-1, -1,-1,2021,21.0,1,2,8,0,9,21,1,,4,BELLE POULE LEVEE,0,,2,2,0,1,1,0,3,, -1,2,0,1,70,29,11,2021,17:08,2,49,49246,2,1,0,7,BELLE POULE LEVEE,47.4208962949,-0.4906682971,17,1,1
202100026613,154Â 136,A01,1,1,1,4,2,0,-1,-1, -1,-1,2021,39.0,1,1,8,0,1,0,1,,3,AZALEES (ROUTE DES),0,,2,2,0,1,(1),(1),4,, -1,9,0,1,50,27,7,2021,19:30,5,974,97411,2,1,0,7,AZALEES (ROUTE DES),-20.92566,55.43626,19,1,1
202100035623,138Â 045,A01,2,2,2,5,1,-1,-1,0,0,-1,2021,24.0,1,2,0,0,9,17,1,,3,986,0,L,2,2,0,1,3,950,1,, -1,1,0,3,80,9,6,2021,19:35,1,30,30317,1,1,0,7,D986l,43.92069,4.56415,19,3,1
202100011065,181Â 945,Z01,10,3,1,0,0,-1,-1,2,3,1,2021,11.0,3,2,0,1,0,0,0,,4,CHARLES ROMME,0,,2,2,0,1,0,0,1,, -1,1,0,1,50,22,10,2021,18:00,1,76,76351,2,1,0,6,CHARLES ROMME,49.51517,0.17191,18,2,1
202100037399,134Â 813,A01,10,3,2,5,0,-1,-1,5,9,2,2021,31.0,3,2,0,1,2,14,1,,7,TURCAN FRANCIS,0,,1,2,0,1,0,0,1,, -1,1,0,4,50,27,5,2021,08:10,1,13,13056,2,1,0,6,TURCAN FRANCIS,43.41192,5.04576,8,2,1
202100038421,132Â 967,B01,1,1,1,1,2,0,-1,-1, -1,-1,2021,29.0,3,1,0,2,1,1,5,,3,993,0,,1,3,1,1,0,0,1,, -1,1,0,1,50,21,5,2021,09:00,1,92,92026,2,3,0,3,STRASBOURG,48.89089,2.24767,9,2,2
202100051479,109Â 688,A01,1,1,1,1,1,-1,-1,0,0,-1,2021,46.0,2,2,3,0,3,17,1,,1,26,-1,A,3,4,0,1,103,370,1,, -1,7,0,3,130,15,2,2021,05:40,5,62,62369,1,1,0,6,L'Autoroute des Anglais (Pont),50.322422,2.858886,5,1,1
202100001404,199Â 265,B01,3,2,1,0,8,-1,-1,0,0,-1,2021,20.0,1,2,0,2,4,2,1,,3,906,-1,,2,3,0,1,2,700,1,, -1,2,0,1,90,26,12,2021,20:05,3,3,3163,1,1,0,2,D906,46.036949,3.475322,20,4,2
202100042699,125Â 307,B01,1,1,1,5,2,0,-1,0,0,-1,2021,23.0,1,1,0,2,5,2,5,,4,AVENUE DE L HIPPODROME,0,,1,1,1,1,(1),(1),3,, -1,1,-1,5,50,22,4,2021,13:10,1,75,75116,2,1,0,4,AVENUE DE L HIPPODROME,48.863642,2.237093,13,3,3
202100031608,145Â 258,B01,1,1,1,4,1,0,-1,-1, -1,-1,2021,32.0,1,3,0,2,6,1,1,1.0,3,VICTOR-HUGO (BD),0,,2,2,0,1,0,0,1,, -1,2,0,1,50,29,6,2021,10:00,1,93,93070,2,1,1,2,VICTOR-HUGO (BD),48.906033,2.324202,10,2,2
202100042305,126Â 006,A01,1,1,1,9,1,0,-1,-1,0,-1,2021,25.0,3,2,1,0,1,1,1,,4,PLAINE (RUE DE LA),0,,3,2,0,1,(1),(1),1,, -1,1,0,1,30,24,4,2021,23:00,5,59,59334,2,1,0,6,PLAINE (RUE DE LA),50.39602,3.03346,23,3,2
202100010676,182Â 635,B01,1,1,1,0,1,0,-1,-1, -1,-1,2021,49.0,1,2,0,2,4,23,1,,1,AUTOROUTE A86,0,,-1,9,0,1,25,899,3,, -1,1,0,1,70,28,10,2021,05:30,3,93,93064,1,1,0,2,AUTOROUTE A86,48.88605,2.47277,5,2,2
202100035090,138Â 975,A01,1,1,2,0,1,0,-1,-1, -1,-1,2021,30.0,2,2,0,2,3,1,1,,4,COQUELICOTS (AVENUE DES),0,,2,2,0,1,0,1,1,, -1,1,0,1,50,11,6,2021,19:15,1,93,93047,2,1,0,1,Avenue des Coquelicots,48.890111,2.553031,19,5,2
202100005498,191Â 964,A01,10,3,1,0,0,-1,-1,3,3,1,2021,33.0,1,2,0,1,1,1,1,,4,BERTHELOT (BOULEVARD),0,,2,2,0,1,(1),(1),1,, -1,1,0,1,50,27,11,2021,12:19,1,63,63075,2,1,0,6,BERTHELOT (BOULEVARD),45.78126,3.07074,12,2,1
202100047132,117Â 519,B01,1,1,1,1,2,6,-1,-1, -1,-1,2021,54.0,3,1,0,2,2,17,1,,4,DULAC (AVENUE GUILLAUME),0,,2,2,0,1,0,0,1,, -1,1,0,1,50,16,3,2021,13:40,1,13,13028,2,1,0,3,DULAC (AVENUE GUILLAUME),43.20053,5.62053,13,2,2
202100008044,187Â 351,A01,1,1,1,4,2,6,-1,0,0,-1,2021,29.0,2,1,0,2,2,3,1,,4,BOULEVARD PERIPHERIQUE,0,,1,3,0,1,(1),(1),1,, -1,1,0,1,70,13,11,2021,13:52,1,75,75114,2,4,0,2,BOULEVARD PERIPHERIQUE,48.821883,2.316696,13,2,2
202100013710,177Â 198,B01,1,1,1,0,2,-1,-1,-1, -1,-1,2021,36.0,1,1,14,2,7,19,1,,3,WALESA (AVENUE LECH),0,,3,2,0,1,1,0,1,, -1,1,0,1,50,12,10,2021,00:10,5,93,93064,2,3,0,3,WALESA (AVENUE LECH),48.87282,2.48641,0,2,2
202100036103,137Â 147,B01,1,1,1,5,8,0,-1,0,0,-1,2021,25.0,1,1,0,2,2,1,5,,4,BOULEVARD DE SEBASTOPOL,0,,1,4,1,1,(1),(1),1,, -1,1,0,1,50,6,6,2021,19:10,1,75,75102,2,2,0,3,BOULEVARD DE SEBASTOPOL,48.868668,2.353893,19,2,2
202100042237,126Â 128,B01,1,1,1,5,2,-1,-1,0,0,-1,2021,21.0,2,1,0,2,1,1,1,,3,116,-1,,2,2,0,1,16,830,1,, -1,1,0,1,50,28,4,2021,21:50,5,33,33225,2,1,0,1,,44.566418,-0.40996,21,2,2
202100022461,161Â 487,A01,1,1,1,1,2,8,-1,-1, -1,-1,2021,59.0,2,1,0,2,1,1,1,,4,MOURET HENRI (AV),0,,3,6,0,3,0,0,1,, -1,1,5,1,50,25,8,2021,10:15,1,13,13001,2,9,0,3,MOURET HENRI (AV),43.5210675144,5.4358702466,10,2,2
202100044395,122Â 325,A01,1,1,1,1,1,-1,-1,0,0,-1,2021,37.0,1,2,8,0,2,1,1,,3,620,0,,2,2,0,1,40,(1),2,, -1,1,0,8,80,7,4,2021,19:30,2,11,11120,1,1,0,6,Route de Chalabre,43.053077,2.178109,19,1,1
202100016252,172Â 580,B01,1,1,2,5,2,0,-1,0,0,-1,2021,29.0,3,0,0,2,8,1,3,,4,BOULEVARD BEAUMARCHAIS,0,,2,5,0,1,(1),(1),1,, -1,1,0,1,50,29,9,2021,10:40,1,75,75104,2,3,0,3,BOULEVARD BEAUMARCHAIS,48.8548154171,2.3687320498,10,2,2
202100008529,186Â 488,A01,1,1,1,4,8,-1,-1,0,0,-1,2021,49.0,3,5,7,0,0,1,1,,3,126,-1,,2,2,0,2,2,300,2,, -1,2,0,1,80,3,11,2021,19:58,3,67,67066,1,1,1,7,D126,48.47295,7.199285,19,1,1
202100033468,141Â 947,B01,2,2,2,5,1,-1,-1,0,0,-1,2021,66.0,1,2,0,2,1,1,1,,3,31,0,,2,2,0,1,20,18,2,, -1,2,0,1,80,19,6,2021,14:48,1,35,35133,1,1,1,1,Canlou,48.163889,-2.0078,14,3,2
202100008829,185Â 959,A01,1,1,1,0,1,5,-1,-1, -1,-1,2021,30.0,2,2,6,0,0,14,1,,2,RN12,0,,-1,3,0,1,19,100,1,, -1,1,0,1,90,9,11,2021,15:50,1,78,78322,1,1,0,6,RN12,48.787061,2.149177,15,1,1
202100005517,191Â 933,A01,1,1,2,1,1,-1,-1,0,0,-1,2021,22.0,1,2,4,0,2,26,1,,2,RN 814,0,,1,2,0,1,1,0,1,, -1,1,0,3,90,28,11,2021,14:02,1,14,14181,1,9,0,6,N814,49.15236,-0.3164,14,1,1
202100038855,132Â 178,A01,1,1,1,5,2,6,9,0,0,-1,2021,28.0,1,1,2,0,0,0,1,,3,87,0,D,2,2,0,1,45,700,2,, -1,1,0,3,80,23,5,2021,11:30,1,81,81140,1,1,0,7,En Ginest Petit,43.673354,1.808479,11,1,1
202100000175,201Â 432,A01,1,1,1,5,2,-1,-1,0,0,-1,2021,67.0,1,1,0,0,8,1,5,,3,626,-1,,2,2,0,2,11,300,2,, -1,1,0,1,80,30,6,2021,08:30,1,11,11294,1,1,0,7,D626,43.05858,2.043908,8,1,1
202100046862,118Â 013,B01,1,1,1,5,2,0,-1,-1, -1,-1,2021,71.0,2,1,14,2,3,17,1,,4,MALARTIC (RUE),0,,2,3,1,1,0,0,1,, -1,1,0,1,50,23,3,2021,09:21,1,974,97411,2,1,0,3,MALARTIC (RUE),-20.8886,55.4529,9,2,2
202100055764,102Â 189,B01,1,1,1,4,2,-1,-1,-1, -1,-1,2021,23.0,2,1,0,2,1,1,1,,3,740,0,,2,3,3,1,1,75,1,,"8,5",1,5,1,50,7,1,2021,21:05,5,79,79191,2,2,0,3,262 Route dâAiffres,46.3115,-0.44676,21,2,2
202100048934,114Â 281,A01,1,1,1,5,8,0,-1,-1, -1,-1,2021,16.0,3,0,0,2,1,15,3,,4,BLERIOT (RUE),0,,2,2,0,1,(1),(1),3,, -1,1,0,1,50,6,3,2021,14:15,1,59,59650,2,3,0,3,BLERIOT (RUE),50.7090726239,3.2046443224,14,2,2
202100002458,197Â 380,A01,1,1,1,4,2,0,-1,0,0,-1,2021,33.0,3,1,0,2,1,18,1,,4,ALLEE DE LONGCHAMP,0,,2,4,0,1,(1),(1),1,, -1,1,0,1,50,10,12,2021,12:00,1,75,75116,2,1,0,2,ALLEE DE LONGCHAMP,48.87418,2.269038,12,3,2
202100017688,170Â 004,B01,1,1,1,0,2,0,-1,-1, -1,-1,2021,58.0,2,1,0,2,8,3,1,,3,MARECHAL DE LATTRE DE TASSIGNY (AV DU),0,,2,4,2,1,0,0,1,, -1,1,5,1,50,16,9,2021,09:20,1,94,94033,2,1,0,3,MARECHAL DE LATTRE DE TASSIGNY (AV DU),48.8555,2.4925,9,2,2
202100045219,120Â 900,B01,3,2,1,5,3,8,-1,-1, -1,-1,2021,4.0,1,2,0,2,1,1,1,,4,boulevard d' Occitanie,0,,3,2,0,1,(1),(1),1,, -1,1,0,1,70,3,4,2021,13:05,1,82,82121,2,1,0,3,boulevard d' Occitanie,44.04405,1.38481,13,6,2
202100043856,123Â 277,B01,1,1,1,0,1,4,-1,-1, -1,-1,2021,41.0,3,2,0,2,8,17,1,,4,RN3 (ANCIENNE ROUTE),0,,2,2,3,2,1,0,1,, -1,2,0,1,30,15,4,2021,18:10,2,974,97416,1,1,1,3,RN3 (ANCIENNE ROUTE),-21.31644,55.49142,18,2,2
202100051653,109Â 362,A01,10,3,2,0,8,8,-1,1,1,1,2021,38.0,1,3,0,1,1,1,1,1.0,4,GABRIEL PERI (AVENUE),0,,2,2,0,1,0,0,1,, -1,1,0,1,30,11,2,2021,13:35,1,91,91549,2,1,0,6,GABRIEL PERI (AVENUE),48.64728,2.327275,13,2,1
202100025950,155Â 296,A01,1,1,1,0,2,0,-1,-1, -1,-1,2021,63.0,0,1,0,0,0,26,1,,1,86,0,,-1,3,0,1,0,800,1,, -1,1,0,1,90,2,8,2021,13:10,1,92,92050,1,1,0,7,A86,48.9065760454,2.211009264,13,1,1
202100036595,136Â 291,A01,2,2,1,0,2,0,-1,-1, -1,-1,2021,11.0,2,1,0,2,7,15,1,,4,GENESLAY FELIX (AV) NÂ° PAIRS 2 A 144,0,,3,4,3,1,0,0,1,, -1,1,0,1,50,2,6,2021,14:00,1,72,72181,2,3,0,3,GENESLAY FELIX (AV) NÂ° PAIRS 2 A 144,47.98123,0.2096,14,3,2
202100021784,162Â 687,A01,1,1,1,5,1,0,-1,-1, -1,-1,2021,50.0,2,2,0,2,4,23,1,,3,SALENGRO (RUE ROGER),0,,2,2,0,1,0,280,1,, -1,1,0,1,50,30,8,2021,19:15,1,45,45068,2,3,0,2,Rue Roger Salengro,48.0142927816,2.7171494362,19,2,2
202100009090,185Â 459,B01,1,1,2,0,1,0,-1,0,0,-1,2021,55.0,1,2,0,2,4,2,1,,4,AIGUILLETTES  (BD 5A A 17A),0,,2,4,0,1,(1),(1),1,, -1,1,0,1,50,6,11,2021,14:40,1,54,54578,2,1,0,2,AIGUILLETTES  (BD 5A A 17A),48.670147,6.158659,14,4,2
202100051923,108Â 893,A01,1,1,1,1,2,6,-1,0,0,-1,2021,40.0,1,1,0,0,8,1,1,,4,BOULEVARD PERIPHERIQUE EXTERIEUR OUEST,0,,1,4,0,1,(1),(1),1,, -1,5,0,1,70,10,2,2021,07:30,2,75,75117,2,4,1,7,BOULEVARD PERIPHERIQUE EXTERIEUR OUEST,48.893308,2.30336,7,1,1
202100011981,180Â 303,B01,1,1,2,1,1,0,-1,-1, -1,-1,2021,53.0,2,2,0,2,4,2,1,,3,RD 118,0,,1,2,0,1,0,0,2,, -1,1,0,1,50,20,10,2021,16:30,1,91,91432,2,1,0,4,RD 118,48.7068128519,2.3274171352,16,3,3
202100025845,155Â 489,B01,2,2,2,5,1,-1,-1,-1, -1,-1,2021,31.0,2,2,0,2,5,2,1,,7,RD383   7.640 A 11.044,0,,3,8,0,1,9,0,2,, -1,2,0,1,70,31,7,2021,23:55,5,69,69029,1,1,1,2,RD383   7.640 A 11.044,45.7386423155,4.90447488,23,3,2
202100031935,144Â 661,A01,1,1,1,3,1,-1,-1,0,0,-1,2021,50.0,1,2,13,0,8,1,1,,3,21,0,,2,2,0,4,6,500,3,, -1,2,0,3,80,27,6,2021,19:00,1,27,27096,1,1,0,7,DÃ©partementale 21,48.886857,0.670509,19,1,1
202100040609,129Â 026,A01,1,1,1,5,2,8,-1,0,0,-1,2021,40.0,3,6,0,0,0,14,1,,3,RD 226,0,,-1,1,0,2,1,0,2,, -1,1,0,8,50,9,5,2021,15:33,1,47,47215,1,1,0,7,RD 226,44.378508,0.683084,15,1,1
202100010115,183Â 625,B01,3,2,2,5,1,-1,-1,-1,0,-1,2021,19.0,2,2,0,2,4,2,1,,1,AUTOROUTE A15,0,,3,6,0,1,16,399,1,, -1,1,0,1,110,31,10,2021,06:15,3,95,95306,1,1,0,2,A15,49.00355,2.1683,6,4,2
202100013298,177Â 972,A01,10,3,1,4,0,-1,-1,3,3,2,2021,25.0,1,1,0,1,1,14,1,,4,PASQUALINI RUE J.P.,0,,1,2,0,2,(1),(1),1,, -1,1,0,1,50,14,10,2021,16:00,1,6,6027,2,1,0,6,PASQUALINI RUE J.P.,43.660551,7.149463,16,4,2
202100029795,148Â 533,A01,1,1,2,0,2,-1,-1,-1, -1,-1,2021,18.0,2,1,0,2,1,17,1,,4,RUE DU MEDOC,0,,2,2,2,1,(1),(1),1,, -1,1,5,1,30,9,7,2021,12:35,1,33,33200,2,3,0,3,Rue du MÃ©doc,44.88374,-0.67696,12,2,2
202100004963,192Â 917,B01,1,1,1,5,2,-1,-1,0,0,-1,2021,54.0,1,1,0,2,3,1,5,,3,D2,0,D,2,2,0,1,11,917,1,, -1,1,0,1,80,4,12,2021,12:35,1,34,34204,2,3,0,3,Chemin des Capoulieres,43.5549030057,3.5287190605,12,2,2
202100026956,153Â 527,A01,1,1,1,9,1,0,-1,-1, -1,-1,2021,38.0,2,5,1,0,1,14,1,,3,GENERAL LECLERC (AV DU),0,,3,2,3,1,1,0,1,, -1,2,9,6,50,26,7,2021,17:31,1,94,94046,2,1,1,2,Avenue du GÃ©nÃ©ral Leclerc,48.81485,2.42278,17,3,2
202100013065,178Â 391,A01,1,1,1,0,8,0,-1,-1, -1,-1,2021,23.0,3,1,0,2,8,19,3,,7,LISFRANC-CROISE LAROCHE PLACE,0,,2,8,1,1,(1),(1),1,, -1,1,9,1,50,14,10,2021,12:54,1,59,59378,2,3,0,3,LISFRANC-CROISE LAROCHE PLACE,50.66498,3.10217,12,2,2
202100005494,191Â 972,A01,1,1,1,0,8,0,-1,-1, -1,-1,2021,49.0,1,1,0,2,3,5,5,,4,COLMAR (AVENUE DE),0,,1,3,1,1,0,0,1,, -1,1,0,1,50,25,11,2021,15:20,1,67,67482,2,3,0,3,COLMAR (AVENUE DE),48.55125,7.7428,15,2,2
202100010605,182Â 773,A01,1,1,1,5,2,-1,-1,0,0,-1,2021,22.0,2,1,13,0,0,13,1,,3,27,0,D,2,2,0,1,5,800,3,, -1,2,0,3,80,16,10,2021,19:30,3,56,56081,1,1,0,6,Moulin Saint Yvinet,48.090915,-3.636618,19,1,1
202100040415,129Â 370,A01,1,1,1,1,2,-1,-1,0,0,-1,2021,31.0,1,1,3,0,0,1,1,,1,A29,-1,,1,1,0,2,26,1,3,, -1,2,0,1,50,11,5,2021,21:40,3,76,76533,1,1,1,7,A29 PK 0026.000,49.494985,0.266703,21,1,1
202100001202,199Â 623,A01,1,1,1,0,2,6,-1,-1, -1,-1,2021,15.0,1,1,0,0,7,1,1,,4,GEORGES POMPIDOU (RUE),0,,3,4,0,1,(1),(1),1,, -1,2,0,1,70,27,12,2021,16:55,5,10,10387,2,1,1,7,GEORGES POMPIDOU (RUE),48.29913,4.09633,16,1,1
202100008741,186Â 110,A01,1,1,1,0,2,6,-1,0,0,-1,2021,25.0,3,1,0,2,0,1,1,,4,JARDINIERS (BD DES),0,,2,2,0,1,(1),(1),1,, -1,1,0,1,50,8,11,2021,18:30,5,6,6088,2,2,0,1,JARDINIERS (BD DES),43.708639,7.192578,18,2,2
202100007860,187Â 689,B01,1,1,1,1,1,0,-1,-1, -1,-1,2021,27.0,1,2,0,2,5,2,1,,3,STRASBOURG (BD DE),0,,2,2,0,1,1,0,1,, -1,1,0,1,30,16,11,2021,20:15,5,94,94052,2,1,0,2,STRASBOURG (BD DE),48.84249,2.48457,20,3,2
202100002511,197Â 287,A01,1,1,1,0,0,-1,-1,0,0,-1,2021,23.0,3,2,6,0,9,0,1,,4,,-1,,2,2,0,3,(1),(1),1,,4,2,5,3,50,19,12,2021,05:00,4,29,29188,2,6,0,6,25 Rue de Mezmorvan,48.7032042405,-3.8337028032,5,2,1
202100007590,188Â 172,A01,1,1,1,1,2,-1,-1,-1, -1,-1,2021,15.0,1,1,0,0,7,1,1,,3,FRANS ROUTE DE,0,,2,3,0,1,58,600,1,, -1,1,0,1,50,16,11,2021,12:50,1,69,69264,2,1,0,7,FRANS (DE) (RTE),45.98394,4.74019,12,1,1
202100030944,146Â 443,B01,1,1,1,5,0,-1,-1,0,0,-1,2021,88.0,3,1,0,2,2,15,5,,4,,-1,,2,2,0,1,(1),(1),3,,4,1,0,1,50,2,7,2021,13:50,1,85,85226,2,6,0,3,Rue des Tressanges,46.709773,-1.961161,13,2,2
202100001736,198Â 685,B01,1,1,1,4,8,-1,-1,-1, -1,-1,2021,31.0,2,1,0,2,1,1,6,,3,4 SEPTEMBRE ( AVENUE DU ),0,,2,3,0,4,18,800,1,, -1,1,0,1,50,22,12,2021,19:30,5,3,3098,2,2,0,3,4 Avenue du 4 Septembre,46.354218,2.614314,19,2,2
202100031824,144Â 869,A01,1,1,1,5,8,-1,-1,0,0,-1,2021,7.0,1,1,0,2,8,19,5,,4,OSLO (D')                           (R ),0,,2,2,0,1,(1),(1),1,, -1,1,0,1,50,27,6,2021,19:15,1,69,69286,2,1,0,3,OSLO (D') (R),45.81748,4.90429,19,2,2
202100005550,191Â 882,A01,1,1,1,2,2,6,-1,-1, -1,-1,2021,18.0,2,1,0,2,1,1,1,,3,LOUIS BLANC (AV),0,,2,2,0,1,1,0,1,, -1,2,0,1,30,29,11,2021,07:32,2,94,94068,2,2,0,3,Avenue Louis Blanc,48.79622,2.50027,7,2,2
202100036928,135Â 696,A01,2,2,1,5,1,-1,-1,0,0,-1,2021,19.0,1,2,16,0,9,1,1,,3,109,-1,,2,2,0,2,1,600,3,, -1,1,0,1,90,2,6,2021,17:45,1,14,14762,1,1,0,7,D109,48.862484,-0.886824,17,4,1
202100008639,186Â 302,A01,1,1,2,9,1,-1,-1,0,0,-1,2021,40.0,1,2,0,0,8,15,1,,4,,0,,2,2,1,1,(1),(1),1,,4,1,0,8,50,9,11,2021,21:10,5,68,68349,2,3,0,3,Boulevard d Alsace,47.607697,7.576264,21,2,2
202100016296,172Â 504,A01,1,1,1,5,2,6,9,0,0,-1,2021,60.0,1,1,0,0,1,1,1,,3,933,0,D,2,2,0,2,77,500,1,, -1,1,0,1,50,30,9,2021,17:10,1,64,64538,2,3,0,4,D933 route d'ArnÃ©guy,43.162955,-1.243676,17,3,3
202100014987,174Â 917,A01,1,1,1,2,2,6,-1,-1, -1,-1,2021,17.0,2,1,0,0,3,1,1,,7,TOULON RD 554 (ROUTE DE),0,,3,2,0,1,103,515,1,, -1,2,0,1,50,4,10,2021,08:00,1,83,83069,2,1,0,6,TOULON RD 554 (ROUTE DE),43.12621,6.10056,8,1,1
202100014249,176Â 221,A01,1,1,2,5,8,-1,-1,0,0,-1,2021,33.0,3,2,1,0,2,1,1,,3,11,0,,2,2,0,1,9,880,1,,4,1,0,1,70,9,10,2021,21:16,3,46,46317,1,1,0,5,D11,44.816893,1.756412,21,1,1
202100055560,102Â 543,A01,1,1,1,1,1,-1,-1,0,0,-1,2021,27.0,1,2,0,2,7,1,1,,3,6089,-1,,2,1,0,4,118,600,3,, -1,7,0,1,80,12,1,2021,07:30,3,24,24442,1,1,0,3,D 6089,45.10385,0.492926,7,2,2
202100029767,148Â 579,A01,2,2,2,5,1,-1,-1,0,0,-1,2021,21.0,2,2,0,2,2,19,1,,3,MARTINET (BOULEVARD DU),0,,2,2,0,3,0,0,1,, -1,1,2,1,50,8,7,2021,21:15,1,65,65440,2,2,0,3,MARNE (AVENUE DE LA),43.23216,0.0874,21,3,2
202100027379,152Â 776,A01,2,2,2,5,2,6,-1,0,0,-1,2021,39.0,1,1,0,2,1,3,3,,4,QUAI D IVRY,0,,1,4,0,1,0,700,1,, -1,1,0,1,70,22,7,2021,12:10,1,75,75113,2,1,0,2,QUAI D IVRY,48.823637,2.382249,12,3,2
202100038007,133Â 724,A01,10,3,2,0,0,-1,-1,3,3,1,2021,74.0,1,2,0,1,1,16,1,,4,CORMERY (RUE DE),0,,2,2,1,1,(1),(1),3,, -1,1,5,1,30,27,5,2021,09:42,1,37,37208,2,6,0,6,CORMERY (RUE DE),47.3419801871,0.7374315262,9,2,1
202100037662,134Â 337,A01,1,1,1,5,2,-1,-1,0,0,-1,2021,58.0,2,1,0,2,1,1,1,,3,11,0,D,2,2,0,4,0,90,1,,5,1,0,1,80,29,5,2021,19:30,1,39,39350,1,1,0,3,34 Rue du ChÃ¢teau d'Eau,47.035328,5.636379,19,2,2
202100047299,117Â 220,A01,9,2,1,5,0,-1,-1,0,0,-1,2021,21.0,1,2,0,0,9,1,1,,3,2,0,R,2,2,0,1,(1),(1),2,, -1,9,0,1,70,21,3,2021,07:30,1,988,98820,2,1,0,7,Tribu de HULUP,-20.640957,166.570544,7,3,1
202100052081,108Â 625,A01,1,1,2,1,1,-1,-1,0,0,-1,2021,62.0,1,2,2,0,1,1,1,,3,118,-1,,2,2,0,1,(1),(1),1,, -1,1,0,3,-1,9,2,2021,15:30,1,971,97125,2,1,0,6,La Pointe des ChÃ¢teaux,16.250255,-61.204641,15,1,1
202100001570,199Â 005,B01,2,2,2,0,2,8,-1,-1, -1,-1,2021,41.0,2,1,0,2,8,1,1,,3,BADUEL (ROUTE DE),0,,2,2,0,1,1,100,1,, -1,1,0,1,50,23,12,2021,08:40,1,973,97302,2,2,0,3,BADUEL (ROUTE DE),4.93934,-52.31842,8,3,2
202100002261,197Â 741,A01,10,3,2,0,0,-1,-1,3,3,1,2021,29.0,2,2,0,1,2,1,1,,4,LANGUEDOC (Rue du),0,,2,1,0,1,(1),(1),1,, -1,1,0,1,50,17,12,2021,08:10,1,7,7102,2,1,0,6,LANGUEDOC (Rue du),44.92623,4.86812,8,2,1
202100021884,162Â 517,A01,1,1,2,1,1,-1,-1,0,0,-1,2021,31.0,2,2,13,0,1,19,1,,3,1004,0,D,2,2,0,1,18,300,1,, -1,1,0,8,80,30,8,2021,08:20,2,67,67520,1,1,0,7,D1004,48.646832,7.438388,8,1,1
202100026661,154Â 053,A01,1,1,1,1,2,0,-1,-1, -1,-1,2021,17.0,1,1,0,2,1,1,1,,4,FOUGERES (RUE DE),0,,2,2,2,1,(1),(1),1,, -1,1,0,1,50,28,7,2021,07:52,1,35,35238,2,3,0,3,FOUGERES (RUE DE),48.125133,-1.656486,7,2,2
202100034574,139Â 919,B01,2,2,2,3,1,0,-1,-1, -1,-1,2021,20.0,3,2,0,2,7,1,1,,6,AUCHAN ( Parking  Centre Commerciale ),0,,-1,-1,0,1,(1),(1),1,, -1,1,6,8,30,8,6,2021,14:15,1,62,62758,2,1,0,3,AUCHAN ( Parking  Centre Commerciale ),50.73372,1.67385,14,5,2