Num_Acc,id_vehicule,num_veh,place,catu,sexe,trajet,secu1,secu2,secu3,locp,actp,etatp,year_acc,victim_age,senc,catv,obs,obsm,choc,manv,motor,occutc,catr,voie,v1,v2,circ,nbv,vosp,prof,pr,pr1,plan,lartpc,larrout,surf,infra,situ,vma,jour,mois,an,hrmn,lum,dep,com,agg_,int,atm,col,adr,lat,long,hour,nb_victim,nb_vehicules
202100043846,123Â 299,B01,1,1,2,0,1,8,-1,-1, -1,-1,2021,43.0,2,2,0,2,3,1,1,,1,A507 sens Aubagne- Marseille,0,,-1,4,0,1,8,359,1,, -1,1,1,1,70,16,4,2021,10:25,1,13,13055,1,1,1,3,A507 sens Aubagne- Marseille,43.2856482587,5.4260683788,10,2,2
202100007661,188Â 056,A01,10,3,2,3,0,-1,-1,2,3,1,2021,17.0,2,2,1,1,2,1,2,,4,AVENUE DAUMESNIL,0,,3,2,0,2,(1),(1),1,, -1,1,0,1,30,17,11,2021,15:00,1,75,75112,2,1,0,6,AVENUE DAUMESNIL,48.837476,2.401352,15,2,1
202100005464,192Â 020,A01,1,1,1,0,2,6,-1,-1, -1,-1,2021,19.0,2,1,0,2,1,3,1,,1,AUTOROUTE A1,0,,3,3,0,1,2,700,1,, -1,1,0,1,90,1,12,2021,19:40,4,93,93066,1,1,0,3,AUTOROUTE A1,48.92524,2.35692,19,3,3
202100053376,106Â 316,A01,1,1,1,5,1,-1,-1,0,0,-1,2021,85.0,1,2,2,0,1,1,1,,3,13,-1,,2,2,0,1,2,780,2,, -1,2,0,3,80,28,1,2021,14:25,1,56,56122,1,1,1,6,Rue du 20 Janvier 1944,48.000081,-2.385283,14,1,1
202100053421,106Â 228,A01,1,1,1,1,2,6,-1,-1, -1,-1,2021,36.0,2,1,0,2,1,3,1,,1,A4,0,,1,5,0,1,1,100,1,, -1,2,0,1,90,28,1,2021,07:00,3,94,94018,1,1,1,4,A4,48.8204689196,2.4019549352,7,3,3
202100017387,170Â 556,B01,1,1,1,4,1,-1,-1,-1,0,-1,2021,51.0,1,5,0,2,4,2,1,,1,AUTOROUTE A115,0,,3,4,0,1,5,0,1,, -1,1,0,1,90,22,9,2021,16:00,1,95,95563,1,1,0,2,A115,49.0101179049,2.231451324,16,2,2
202100020369,165Â 229,A01,2,2,1,5,2,-1,-1,0,0,-1,2021,32.0,2,1,0,2,3,1,1,,3,559,0,,2,2,0,1,73,314,3,, -1,1,0,1,70,8,9,2021,12:25,1,83,83036,1,1,0,3,Route de Toulon,43.165052,6.50286,12,3,2
202100016788,171Â 606,A01,1,1,1,0,8,0,-1,-1, -1,-1,2021,35.0,1,1,2,0,1,26,1,,3,ROUTE DEPARTEMENTALE 15,0,,2,1,0,2,4,0,2,, -1,1,0,8,50,25,9,2021,04:05,4,972,97213,1,1,0,6,ROUTE DEPARTEMENTALE 15,14.64323,-61.01068,4,1,1
202100056171,101Â 484,A01,1,1,2,9,1,0,-1,-1, -1,-1,2021,29.0,1,2,6,0,1,9,1,,4,JEAN JAURES (AVENUE),0,,1,2,0,1,(1),(1),2,, -1,2,0,1,50,4,1,2021,09:05,1,10,10081,2,6,0,6,JEAN JAURES (AVENUE),48.31043,4.03944,9,2,1
202100015218,174Â 498,A01,2,2,2,5,1,0,-1,0,0,-1,2021,18.0,2,2,4,0,3,1,1,,4,ECHANGEUR BAGNOLET,0,,1,2,0,2,(1),(1),3,, -1,2,0,1,50,3,10,2021,05:35,3,75,75120,2,4,1,6,ECHANGEUR BAGNOLET,48.866962,2.413435,5,2,1
202100046637,118Â 402,A01,1,1,1,2,2,6,-1,0,0,-1,2021,22.0,2,1,0,2,1,1,3,,4,AVENUE FOCH,0,,2,4,0,1,(1),(1),1,, -1,2,0,1,50,25,3,2021,08:30,1,75,75116,2,2,1,3,AVENUE FOCH,48.872687,2.284557,8,2,2
202100015422,174Â 139,A01,1,1,1,5,1,-1,-1,0,0,-1,2021,27.0,0,2,8,0,2,1,1,,4,,0,,-1,1,0,1,2,900,1,,3,1,0,3,80,3,10,2021,05:15,3,84,84034,1,1,0,6,Chemin des PrÃ©vieux,43.892174,4.983001,5,2,2
202100033425,142Â 023,B01,1,1,1,9,2,0,-1,0,0,-1,2021,47.0,1,1,0,2,3,7,5,,4,AVENUE DE LA PORTE D ASNIERES,0,,2,6,3,1,(1),(1),1,, -1,1,0,6,50,19,6,2021,12:00,1,75,75117,2,3,0,3,AVENUE DE LA PORTE D ASNIERES,48.891053,2.302528,12,2,2
202100051338,109Â 907,A01,1,1,1,5,1,-1,-1,0,0,-1,2021,44.0,1,2,0,2,1,2,1,,1,77,-1,A,3,4,0,2,113,0,1,, -1,1,0,1,130,17,2,2021,19:20,3,58,58295,1,1,0,2,"Autoroute A77,PK 113.000 sens PARIS-NEVERS",47.307444,2.945664,19,2,2
202100028697,150Â 424,A01,1,1,2,0,1,0,-1,-1, -1,-1,2021,35.0,3,2,0,0,7,14,1,,2,RN 186,0,,1,2,0,1,0,0,1,, -1,1,3,1,70,16,7,2021,10:31,1,94,94065,1,1,0,3,RN 186,48.75351,2.35632,10,2,2
202100030114,147Â 950,A01,1,1,1,5,2,-1,-1,0,0,-1,2021,37.0,1,1,7,0,1,1,1,,3,1113,-1,,2,2,0,1,23,710,1,, -1,1,9,8,80,8,7,2021,22:15,3,33,33323,1,6,0,6,,44.570522,-0.214126,22,1,1
202100046995,117Â 781,B01,1,1,2,1,1,-1,-1,0,0,-1,2021,39.0,1,2,0,2,4,2,1,,1,344,-1,A,3,3,0,1,8,700,1,, -1,1,0,1,90,24,3,2021,08:10,1,51,51454,2,1,0,4,A344,49.227414,4.053408,8,5,5
202100030194,147Â 799,A01,10,3,2,9,8,8,-1,3,3,1,2021,42.0,3,2,0,1,2,1,1,,4,DE LATTRE DE TASSIGNY (AVE),0,,2,2,0,1,0,0,1,, -1,1,0,1,50,5,7,2021,10:20,1,30,30007,2,1,0,6,DE LATTRE DE TASSIGNY (AVE),44.12742,4.08057,10,2,1
202100022673,161Â 091,A01,10,3,1,0,0,-1,-1,2,3,1,2021,25.0,1,5,0,1,0,0,0,,4,,0,,1,1,0,1,0,0,1,, -1,1,0,1,50,25,8,2021,15:00,1,92,92044,2,1,0,6,VOLTAIRE(RUE)1A51 ET2A40,48.89199,2.28437,15,2,1
202100051210,110Â 141,A01,10,3,1,5,0,-1,-1,1,3,1,2021,91.0,2,2,0,1,1,1,1,,3,28,0,,2,2,0,1,(1),(1),1,, -1,1,0,1,50,17,2,2021,14:47,1,40,40065,2,1,0,6,Avenue de Verdun,43.638238,-1.425015,14,2,1
202100036404,136Â 629,A01,1,1,1,1,1,0,-1,-1, -1,-1,2021,23.0,2,5,0,2,1,19,0,,4,MARCEAU (RUE),0,,2,2,1,1,(1),(1),1,, -1,1,0,1,50,4,6,2021,05:20,2,59,59152,2,3,0,3,MARCEAU (RUE),50.763192,3.013032,5,2,2
202100032746,143Â 240,A01,1,1,1,5,2,6,-1,0,0,-1,2021,56.0,1,1,1,0,6,1,1,,3,943,-1,,2,2,0,1,43,900,1,,6,2,0,1,50,23,6,2021,11:20,1,32,32233,2,2,1,3,R Notre Dame,43.525244,0.164594,11,2,2
202100034246,140Â 532,A01,1,1,1,0,2,0,-1,-1, -1,-1,2021,48.0,2,1,0,2,1,1,1,,3,RD810,0,,2,2,0,2,19,875,3,, -1,1,0,1,50,15,6,2021,07:30,1,64,64249,2,1,0,3,RD810,43.4239777366,-1.6048622131,7,2,2
202100001796,198Â 588,A01,1,1,1,0,8,-1,-1,0,0,-1,2021,47.0,1,2,3,0,0,0,1,,3,8043,-1,D,2,2,0,1,11,500,2,, -1,1,0,8,80,28,11,2021,10:45,1,8,8067,1,1,0,7,RD8043,49.614492,5.203743,10,1,1
202100002422,197Â 449,A01,10,3,1,2,0,-1,-1,3,3,2,2021,12.0,3,2,0,1,1,17,1,,4,METAIRIES (BOULEVARD DES),0,,2,1,2,2,(1),(1),1,, -1,1,0,1,50,17,12,2021,09:20,1,35,35051,2,1,0,6,Boulevard des MÃ©tairies,48.12037,-1.59937,9,2,1
202100043581,123Â 769,A01,1,1,1,5,2,6,-1,0,0,-1,2021,55.0,1,1,0,2,1,13,1,,3,787,-1,,2,2,0,1,4,(1),3,, -1,1,0,1,80,18,4,2021,17:55,1,22,22204,1,1,0,1,5 Kergorlay,48.726919,-3.15939,17,2,2
202100033859,141Â 240,B01,1,1,1,9,1,0,-1,-1, -1,-1,2021,28.0,3,2,0,2,4,2,1,,4,CARGO RHIN FIDELI (RUE),0,,1,4,0,2,0,0,2,, -1,1,0,1,50,16,6,2021,21:07,1,13,13202,2,9,0,2,CARGO RHIN FIDELI (RUE),43.3271034987,5.3572208975,21,5,2
202100023809,159Â 063,B01,2,2,2,0,1,-1,-1,0,0,-1,2021,49.0,2,2,0,0,4,26,1,,3,108,0,D,2,2,0,1,4,500,1,, -1,1,0,1,70,10,8,2021,18:30,1,34,34042,1,9,0,2,d108,43.876269,3.716238,18,3,2
202100040850,128Â 616,B01,1,1,1,5,2,6,-1,0,0,-1,2021,52.0,2,1,0,2,1,1,1,,4,,-1,,2,2,0,1,(1),(1),1,,4,1,0,1,50,8,5,2021,18:05,1,65,65059,2,1,0,1,Rue du Castelmouly,43.074868,0.147889,18,2,2
202100031354,145Â 698,A01,1,1,2,5,0,-1,-1,0,0,-1,2021,22.0,1,2,15,0,1,13,1,,3,56,0,,2,2,0,1,11,200,1,, -1,1,0,8,80,3,7,2021,01:30,3,71,71353,1,1,0,6,route de Potte,46.5403014514,4.8919011831,1,1,1
202100042419,125Â 800,A01,2,2,1,0,1,4,-1,-1, -1,-1,2021,33.0,2,2,0,2,5,26,1,,1,AUTOROUTE A1,0,,3,5,0,3,11,220,2,, -1,1,0,1,50,27,4,2021,12:20,1,93,93007,1,1,0,2,AUTOROUTE A1,48.9525374721,2.4532546525,12,3,2
202100040817,128Â 664,A01,1,1,1,5,2,-1,-1,0,0,-1,2021,69.0,2,1,0,0,0,1,5,,3,RD184,-1,,2,2,0,2,3,200,1,, -1,1,0,1,80,8,5,2021,17:30,1,43,43163,1,1,0,7,D184,45.2335278597,4.432682991,17,1,1
202100040188,129Â 765,B01,2,2,1,0,1,-1,-1,-1, -1,-1,2021,72.0,1,2,0,2,4,26,1,,2,RN157,0,,3,4,0,1,40,440,1,, -1,2,0,1,90,12,5,2021,18:45,2,35,35051,1,1,0,2,RN157,48.1146,-1.55944,18,3,2
202100018809,168Â 023,B01,1,1,1,2,1,5,-1,-1, -1,-1,2021,59.0,1,2,0,2,1,2,1,,4,VICTORIA (AV),0,,1,2,0,1,0,0,1,, -1,2,0,1,30,14,9,2021,11:25,1,94,94068,2,2,1,3,VICTORIA (AV),48.79559,2.49597,11,3,2
202100054372,104Â 571,A01,1,1,2,0,1,0,-1,-1, -1,-1,2021,36.0,1,2,0,0,4,16,1,,3,PASTEUR (BOULEVARD) DE 40 A +,0,,2,2,0,1,48,923,3,, -1,1,5,1,50,20,1,2021,17:00,1,93,93027,2,1,0,2,PASTEUR (BOULEVARD) DE 40 A +,48.92313,2.38414,17,2,2
202100007867,187Â 678,A01,1,1,1,0,8,0,-1,-1, -1,-1,2021,18.0,-1,2,9,0,1,26,1,,3,PAUL ET CAMILLE THOMOUX (RUE) COTE PAIR,0,,1,0,0,1,1,0,1,, -1,2,9,4,50,16,11,2021,03:55,5,93,93050,2,3,1,6,PAUL ET CAMILLE THOMOUX (RUE) COTE PAIR,48.8738246288,2.5297297331,3,1,1
202100026205,154Â 855,A01,1,1,2,9,1,-1,-1,0,0,-1,2021,35.0,1,2,0,0,4,1,1,,3,4,0,,2,2,0,1,5,0,1,, -1,1,0,1,80,30,7,2021,23:00,3,10,10427,1,1,0,2,D4,48.102568,4.435329,23,2,2
202100044034,122Â 967,B01,2,2,1,0,8,0,-1,-1, -1,-1,2021,15.0,1,1,0,2,0,0,1,,4,ROMAIN ROLLAND (BOULEVARD),0,,2,-1,0,1,(1),(1),1,, -1,2,0,1,50,14,4,2021,18:40,1,13,13210,2,9,1,4,ROMAIN ROLLAND (BOULEVARD),43.27476,5.415459,18,4,3
202100022751,160Â 933,B01,1,1,1,9,8,0,-1,0,0,-1,2021,54.0,2,1,0,2,2,17,5,,4,RUE SAINT GEORGES,0,,2,1,1,2,(1),(1),1,, -1,1,0,1,30,24,8,2021,08:10,1,75,75109,2,1,0,3,RUE SAINT GEORGES,48.877425,2.337304,8,2,2
202100016655,171Â 860,B01,1,1,1,0,2,6,-1,-1, -1,-1,2021,21.0,3,1,0,2,8,0,1,,4,PELTIER RUE DU DOCTEUR,0,,2,2,0,1,(1),(1),1,, -1,1,0,1,30,26,9,2021,20:55,5,17,17299,2,2,0,3,PELTIER RUE DU DOCTEUR,45.9352958207,-0.9645703343,20,2,2
202100004304,194Â 063,B01,1,1,1,1,2,6,-1,-1, -1,-1,2021,26.0,1,1,12,2,7,15,1,,3,STALINGRAD - PONT DE NOGENT (BD DE),0,,3,2,0,1,1,0,1,, -1,2,5,1,50,7,12,2021,19:20,5,94,94017,2,3,1,3,STALINGRAD - PONT DE NOGENT (BD DE),48.825625,2.495338,19,2,2
202100004832,193Â 147,A01,10,3,1,5,0,-1,-1,2,3,1,2021,13.0,0,5,0,1,1,1,1,,4,DOCTEUR CLAUDE BERNARD (RUE DU),0,,2,2,0,1,4,0,1,, -1,2,0,1,50,4,12,2021,09:20,1,93,93005,2,1,1,6,DOCTEUR CLAUDE BERNARD (RUE DU),48.9519822332,2.5206144518,9,2,1
202100004067,194Â 478,B01,1,1,1,0,2,6,-1,-1, -1,-1,2021,40.0,3,1,0,2,1,1,1,,4,BD DE SUISSE,0,,-1,3,1,1,(1),(1),1,, -1,2,0,1,50,7,12,2021,22:14,5,31,31555,2,1,1,3,BD DE SUISSE,43.62182,1.42497,22,2,2
202100008091,187Â 271,A01,1,1,2,0,1,-1,-1,0,0,-1,2021,55.0,0,2,2,0,1,15,1,,9,,-1,,2,2,0,1,(1),(1),4,,4,1,0,8,80,14,10,2021,10:26,1,24,24218,1,1,1,6,La Roche Denier,45.48489,1.047719,10,1,1
202100030067,148Â 041,A01,1,1,2,1,1,-1,-1,0,0,-1,2021,36.0,2,2,8,0,1,26,6,,3,9,-1,,2,2,0,1,57,100,1,, -1,1,0,3,80,9,7,2021,07:45,1,51,51612,1,2,0,1,Route du Mesnil,48.910485,4.014323,7,2,2
202100007160,188Â 970,B01,1,1,1,1,2,-1,-1,-1,0,-1,2021,21.0,1,1,0,2,1,1,1,,3,AV DE STALINGRAD,0,,3,4,0,1,0,380,1,, -1,1,5,1,50,18,11,2021,18:30,5,95,95268,2,2,0,3,RUE MARCEL CERDAN,48.96216,2.40225,18,2,2
202100042079,126Â 411,B01,1,1,1,0,8,0,-1,-1, -1,-1,2021,54.0,2,1,0,2,1,1,1,,3,986,0,,2,2,0,2,0,0,3,, -1,1,0,1,50,29,4,2021,13:55,1,92,92025,2,1,0,3,BOURNARD (RUE DU),48.9234680592,2.2576267671,13,3,2
202100031969,144Â 601,A01,1,1,1,0,8,-1,-1,-1, -1,-1,2021,47.0,0,1,0,2,0,0,0,,4,PAUL KRUGER      (Avenue),0,,2,2,0,1,(1),(1),1,, -1,1,0,1,50,27,6,2021,20:25,1,69,69266,2,1,0,3,PAUL KRUGER (AV),45.75486,4.90098,20,2,2
202100050943,110Â 621,B01,1,1,1,4,2,8,-1,-1, -1,-1,2021,19.0,1,1,1,2,1,21,1,,4,R REMISE AUX FAISANS,0,,2,2,0,1,1,0,1,, -1,1,9,1,30,19,2,2021,12:48,1,94,94022,2,1,0,3,REMISE AUX FAISANS (R),48.75203,2.40786,12,2,2
202100014711,175Â 417,A01,10,3,1,3,0,-1,-1,3,3,1,2021,90.0,2,5,0,1,1,1,1,,4,,0,,1,2,0,2,(1),(1),2,,"5,5",1,9,1,50,7,10,2021,14:50,1,81,81105,2,1,0,6,Avenue Gambetta,43.761064,1.989475,14,2,1
202100053999,105Â 227,B01,5,2,1,5,1,-1,-1,0,0,-1,2021,9.0,2,2,0,2,3,21,1,,2,1,0,,2,2,0,1,86,500,3,, -1,1,0,1,90,24,1,2021,17:30,1,988,98802,1,1,0,1,RT1 OuamÃ©nie,-21.86114,165.979514,17,7,2
202100032333,143Â 964,A01,1,1,1,0,8,0,-1,-1, -1,-1,2021,27.0,2,1,0,2,5,19,3,,3,MAXIME GORKI (BD),0,,3,0,0,2,(1),(1),3,, -1,1,0,1,50,25,6,2021,17:45,1,94,94076,2,3,0,3,MAXIME GORKI (BD),48.7997388044,2.3656521747,17,2,2
202100001234,199Â 566,A01,1,1,1,5,2,6,-1,0,0,-1,2021,16.0,1,1,0,2,1,1,1,,3,28,-1,,2,2,0,4,31,844,1,,4,2,0,1,80,28,12,2021,20:00,3,1,1332,1,2,1,3,1855 Grande Rue,46.303378,4.925421,20,3,2
202100022923,160Â 647,B01,1,1,1,1,2,0,-1,0,0,-1,2021,22.0,2,1,0,2,1,1,1,,4,ALLEE DE LONGCHAMP,0,,2,6,0,2,(1),(1),2,, -1,1,0,1,50,22,8,2021,12:30,1,75,75116,2,7,0,3,ALLEE DE LONGCHAMP,48.863551,2.239431,12,3,2
202100022991,160Â 533,A01,1,1,1,5,1,-1,-1,0,0,-1,2021,20.0,1,2,1,0,1,0,1,,4,,-1,,2,2,0,1,(1),(1),1,,5,1,0,8,50,21,8,2021,15:00,1,59,59243,2,1,0,6,21 Rue RenÃ© Vaucelle,50.133873,3.378912,15,1,1
202100002104,198Â 038,A01,1,1,1,1,2,6,-1,0,0,-1,2021,18.0,1,1,0,0,2,0,1,,3,30,0,D,2,2,0,1,6,800,1,, -1,1,0,1,50,21,12,2021,06:40,5,69,69052,2,1,0,7,CHAZAY (DE) (RTE),45.882689,4.707019,6,1,1
202100001749,198Â 661,A01,10,3,2,5,0,-1,-1,2,9,2,2021,48.0,1,1,0,1,1,1,5,,4,AVENUE DES CHAMPS ELYSEES,0,,2,8,1,1,(1),(1),1,, -1,1,-1,5,30,22,12,2021,18:15,5,75,75108,2,1,0,6,AVENUE DES CHAMPS ELYSEES,48.870943,2.303981,18,2,1
202100005009,192Â 829,A01,10,3,1,0,0,-1,-1,6,3,1,2021,66.0,2,2,0,1,1,1,1,,1,A86 EXT,0,,1,3,0,1,60,599,1,, -1,1,0,1,90,2,12,2021,18:00,3,78,78640,1,1,0,6,A86 EXT,48.778586,2.205785,18,3,1
202100048579,114Â 919,Z01,10,3,1,0,0,-1,-1,3,3,1,2021,71.0,2,0,0,1,1,21,3,,3,HENRI BARBUSSE (R),0,,2,0,0,1,1,0,1,, -1,2,6,1,50,10,3,2021,17:30,1,94,94044,2,1,1,6,HENRI BARBUSSE (R),48.75181,2.48753,17,2,1
202100046980,117Â 807,A01,2,2,1,1,1,-1,-1,0,0,-1,2021,28.0,3,2,0,0,2,1,1,,4,,-1,,2,2,0,2,(1),(1),2,, -1,1,0,1,80,23,3,2021,20:25,3,49,49080,1,1,0,6,Le Gravier,47.734164,-0.446792,20,2,1
202100018989,167Â 690,Z01,10,3,2,5,0,-1,-1,2,3,1,2021,73.0,3,1,0,1,1,1,3,,4,PLACE DE LA PORTE DE SAINT CLOUD,0,,1,3,1,1,(1),(1),1,, -1,2,0,5,30,14,9,2021,20:50,5,75,75116,2,7,1,6,PLACE DE LA PORTE DE SAINT CLOUD,48.8377982246,2.2564336934,20,2,1
202100003624,195Â 270,A01,1,1,2,5,1,0,-1,-1, -1,-1,2021,20.0,1,2,8,0,3,13,1,,4,RATISBONNE RUE,0,,1,1,0,1,(1),(1),1,, -1,2,0,4,50,9,12,2021,06:00,5,59,59350,2,9,1,6,RATISBONNE RUE,50.6296103723,3.0529546738,6,2,1
202100009744,184Â 285,A01,10,3,1,0,0,-1,-1,9,1,1,2021,64.0,0,5,0,1,6,15,1,,4,MARECHAL FOCH (PLACE),0,,2,3,0,1,(1),(1),1,, -1,1,0,1,50,28,10,2021,11:10,1,80,80021,2,1,0,6,MARECHAL FOCH (PLACE),49.89365,2.28527,11,2,1
202100056490,100Â 926,A01,1,1,1,0,2,0,-1,-1, -1,-1,2021,43.0,1,1,0,2,1,2,1,,1,AUTOROUTE A86,0,,3,6,0,1,20,0,1,, -1,1,0,1,90,2,1,2021,15:00,1,93,93029,1,1,0,2, A86,48.91822,2.4288,15,2,2
202100022927,160Â 642,B01,3,2,1,4,1,0,-1,0,0,-1,2021,29.0,1,2,0,2,3,9,1,,4,RUE DE MAUBEUGE,0,,2,2,0,1,(1),(1),1,, -1,1,0,1,50,21,8,2021,18:52,1,75,75110,2,2,0,3,RUE DE MAUBEUGE,48.8840086457,2.3555636617,18,4,2
202100037347,134Â 910,A01,1,1,1,5,2,6,-1,0,0,-1,2021,21.0,1,1,0,0,0,1,1,,3,6,0,D,2,2,0,1,(1),(1),1,, -1,1,0,1,50,31,5,2021,18:45,1,58,58145,2,1,0,7,Rue de la Maladrerie,47.294134,3.811533,18,1,1
202100054541,104Â 282,A01,4,2,1,5,8,0,-1,-1, -1,-1,2021,20.0,1,2,3,0,3,9,1,,3,25,0,,1,1,0,2,1,0,3,, -1,1,3,1,50,18,1,2021,23:30,5,91,91589,1,1,0,6,RD 25,48.67768,2.33892,23,2,1
202100028588,150Â 617,A01,2,2,1,5,1,0,-1,-1, -1,-1,2021,29.0,2,2,0,2,1,26,1,,2,104,0,,1,3,0,2,33,40,1,, -1,1,0,1,110,17,7,2021,00:30,3,91,91553,1,1,0,2,RN 104,48.629221,2.482797,0,5,2
202100013497,177Â 605,B01,1,1,1,1,8,8,-1,-1, -1,-1,2021,43.0,1,2,0,2,3,1,1,,3,ETREMBIERES (ROUTE D'),0,,2,3,0,2,0,1,1,, -1,1,0,1,50,13,10,2021,01:53,5,74,74012,2,1,0,1,ETREMBIERES (ROUTE D'),46.18937,6.23302,1,2,2
202100008313,186Â 866,A01,1,1,1,4,0,-1,-1,0,0,-1,2021,18.0,1,5,0,2,3,2,1,,2,113,0,N,2,2,0,1,44,0,1,, -1,1,0,1,80,14,11,2021,17:35,2,30,30083,1,1,0,2,Route Nationale 113,43.725913,4.217307,17,5,2
202100018157,169Â 156,B01,2,2,2,0,8,0,-1,-1, -1,-1,2021,29.0,1,2,0,2,1,1,1,,4,GLACIERE ( RUE DE LA ),0,,-1,2,0,1,1,233,1,, -1,1,0,1,50,18,9,2021,22:40,5,13,13117,2,2,1,3,GLACIERE ( RUE DE LA ),43.4232470556,5.2410889074,22,4,2
202100014921,175Â 042,B01,1,1,2,1,1,-1,-1,-1, -1,-1,2021,26.0,1,2,0,2,4,2,1,,2,ROUTE NATIONALE 89,0,,3,6,0,1,49,465,1,, -1,1,0,1,90,6,10,2021,07:25,2,33,33013,1,1,0,4,,44.86853,-0.49637,7,4,3
202100026720,153Â 955,A01,4,2,1,5,1,-1,-1,0,0,-1,2021,18.0,1,2,17,0,1,13,1,,3,52,-1,,2,2,0,2,12,220,3,, -1,1,0,3,70,25,7,2021,06:40,2,44,44097,1,1,0,6,Route de Kerlagadec,47.39747,-2.476671,6,4,1
202100009278,185Â 115,A01,1,1,1,5,2,6,-1,0,0,-1,2021,48.0,2,1,8,0,1,1,1,,7,PLAGE BOULEVARD DE LA,0,,2,4,0,1,(1),(1),1,, -1,1,5,1,50,5,11,2021,22:10,5,6,6027,2,3,0,6,PLAGE BOULEVARD DE LA,43.65646,7.16346,22,1,1
202100023383,159Â 821,A01,1,1,1,5,0,-1,-1,0,0,-1,2021,27.0,1,1,12,0,8,0,1,,3,936,0,D,2,2,0,1,10,640,1,, -1,1,0,1,50,21,8,2021,02:00,5,33,33165,2,1,0,7,Avenue de l Entre 2 Mers,44.824978,-0.438797,2,1,1
202100047958,116Â 014,A01,10,3,2,5,0,-1,-1,4,3,1,2021,27.0,1,2,0,1,1,1,1,,4,BOULEVARD DE LA CHAPELLE,0,,1,2,0,2,(1),(1),1,, -1,1,0,1,50,15,3,2021,17:45,1,75,75110,2,2,0,6,BOULEVARD DE LA CHAPELLE,48.884046,2.355608,17,2,1
202100004042,194Â 518,B01,1,1,1,9,8,0,-1,-1, -1,-1,2021,18.0,1,1,0,2,1,26,5,,3,GUINEL,0,,2,2,0,1,0,20,1,, -1,1,0,1,50,8,12,2021,15:38,1,49,49007,2,1,0,3,GUINEL,47.4428,-0.535,15,2,2
202100041944,126Â 648,B01,1,1,1,1,2,6,-1,-1, -1,-1,2021,60.0,0,1,0,2,1,1,1,,3,LENINE (AVENUE) NR 2 A 26,0,,2,4,0,2,0,1,1,, -1,1,0,1,50,30,4,2021,17:41,1,93,93066,2,1,0,3,LENINE (AVENUE) NR 2 A 26,48.938094,2.368489,17,2,2
202100042003,126Â 542,B01,1,1,1,5,2,0,-1,-1,0,-1,2021,18.0,3,1,0,2,1,1,1,,4,LURCAT (RUE JEAN),0,,1,1,0,1,(1),(1),1,, -1,1,0,1,50,30,4,2021,01:55,5,95,95018,2,2,0,3,LURCAT (RUE JEAN),48.95186,2.2287,1,2,2
202100034004,140Â 976,A01,1,1,1,4,8,6,-1,-1, -1,-1,2021,26.0,1,1,0,0,0,26,1,,4,ERNEST DEPROGE (RUE),0,,1,2,0,1,0,0,2,, -1,1,0,1,30,16,6,2021,14:50,1,972,97209,2,6,0,7,ERNEST DEPROGE (RUE),14.60313,-61.07221,14,1,1
202100050476,111Â 469,A01,10,3,2,0,0,-1,-1,4,3,3,2021,16.0,2,1,0,1,1,1,1,,7,ANGLAIS (DU NÂ° 1 AU NÂ° 43),0,,3,3,0,1,0,0,1,, -1,1,6,1,50,23,2,2021,16:35,1,6,6088,2,1,0,6,ANGLAIS (DU NÂ° 1 AU NÂ° 43),43.694878,7.265271,16,2,1
202100021905,162Â 472,B01,2,2,2,0,1,0,-1,-1, -1,-1,2021,37.0,1,2,0,2,4,2,2,,1,AUTOROUTE A3,0,,3,9,0,2,1,500,1,, -1,1,0,1,50,29,8,2021,22:30,4,93,93048,1,1,0,2,AUTOROUTE A3,48.87032,2.43128,22,3,2
202100000904,200Â 131,A01,1,1,2,5,1,-1,-1,0,0,-1,2021,20.0,2,2,0,0,4,21,1,,3,4,-1,,2,2,0,1,16,80,1,, -1,1,0,1,80,30,12,2021,18:31,3,1,1333,1,1,0,2,Route de Meximieux,45.9238239499,4.9982213974,18,2,2
202100011532,181Â 104,B01,1,1,1,9,2,6,-1,-1, -1,-1,2021,17.0,2,1,0,2,1,1,1,,7,EUROPE (DE L')                      (BD),0,,2,2,1,1,3,200,1,, -1,1,0,1,50,22,10,2021,19:05,5,69,69152,2,1,0,3,EUROPE (DE L')                      (BD),45.69994,4.82319,19,3,2
202100002119,198Â 009,A01,10,3,1,0,0,-1,-1,5,1,1,2021,47.0,2,2,0,1,3,25,1,,4,DOXILE(RUE),0,,1,1,0,1,0,0,1,, -1,1,0,4,50,18,12,2021,21:40,3,974,97407,2,1,0,6,DOXILE(RUE),-20.94185,55.2961,21,2,1
202100014379,176Â 008,A01,1,1,1,4,1,0,-1,-1, -1,-1,2021,21.0,1,5,0,2,7,13,1,,7,GRAND NOBLE (PORTE DU),0,,1,1,0,1,0,1027,3,, -1,1,0,8,50,8,10,2021,18:00,1,31,31069,2,1,0,7,GRAND NOBLE (PORTE DU),43.63903,1.3763,18,1,1
202100009713,184Â 339,B01,1,1,1,1,2,6,-1,-1,0,-1,2021,42.0,2,1,0,2,3,1,1,,2,RN 104,0,,3,4,0,1,11,0,1,, -1,1,0,1,110,3,11,2021,17:53,3,95,95028,1,1,0,2,RN 104,49.0637406446,2.3670567336,17,2,2