Num_Acc,id_vehicule,num_veh,place,catu,sexe,trajet,secu1,secu2,secu3,locp,actp,etatp,year_acc,victim_age,senc,catv,obs,obsm,choc,manv,motor,occutc,catr,voie,v1,v2,circ,nbv,vosp,prof,pr,pr1,plan,lartpc,larrout,surf,infra,situ,vma,jour,mois,an,hrmn,lum,dep,com,agg_,int,atm,col,adr,lat,long,hour,nb_victim,nb_vehicules
202100027244,153Â 020,B01,1,1,1,5,2,-1,-1,0,0,-1,2021,30.0,2,1,0,2,3,6,5,,3,33,-1,,2,2,0,1,10,342,1,, -1,1,5,1,50,14,7,2021,18:45,1,44,44144,2,3,0,3,154 Rue de l Ouche,47.517028,-1.293746,18,2,2
202100003866,194Â 841,A01,2,2,1,5,1,-1,-1,0,0,-1,2021,21.0,1,2,0,2,1,13,1,,3,1314,0,,2,2,0,1,30,150,1,, -1,2,0,1,70,9,12,2021,07:15,3,76,76280,1,1,1,1,D1314,49.823539,1.418223,7,3,2
202100009305,185Â 069,A01,10,3,2,0,0,-1,-1,4,3,1,2021,31.0,1,2,0,1,2,15,1,,3,RAOUL DELATTRE (R),0,,2,2,0,1,0,0,1,, -1,2,0,1,50,4,11,2021,20:50,5,94,94077,2,3,1,3,RAOUL DELATTRE (R),48.72765,2.43747,20,2,1
202100053120,106Â 784,B01,2,2,1,0,2,-1,-1,0,0,-1,2021,20.0,1,1,0,2,1,5,1,,2,1,-1,,1,4,0,1,4,50,1,, -1,1,0,1,70,31,1,2021,15:20,1,973,97302,1,1,0,1,RN1 crique fouillÃ©e,4.8965391177,-52.328721998,15,3,2
202100023827,159Â 037,A01,1,1,1,0,2,6,-1,-1, -1,-1,2021,44.0,1,1,0,0,8,0,1,,7,RD383   14.250 A 18.000,0,,3,6,0,1,16,200,1,, -1,1,0,1,70,16,8,2021,15:05,1,69,69199,1,1,0,7,RD383,45.70869,4.84366,15,1,1
202100020326,165Â 303,B01,2,2,2,5,2,0,-1,0,0,-1,2021,14.0,2,1,0,2,8,1,3,,4,RUE DE VAUGIRARD,0,,2,4,0,1,(1),(1),1,, -1,1,0,1,30,5,9,2021,13:05,1,75,75115,2,2,0,3,RUE DE VAUGIRARD,48.840415,2.304279,13,3,2
202100018728,168Â 163,B01,2,2,2,0,2,0,-1,-1, -1,-1,2021,10.0,1,1,0,2,6,1,1,,2,JAURES (BOULEVARD JEAN),0,,3,0,0,1,(1),(1),1,, -1,1,0,1,70,15,9,2021,15:15,1,974,97411,2,1,0,3,JAURES (BOULEVARD JEAN),-20.90055,55.49572,15,3,2
202100038619,132Â 608,A01,2,2,2,5,2,6,-1,-1, -1,-1,2021,54.0,1,1,0,2,3,21,1,,3,LAGNY  (RUE DE  ),0,,2,2,0,1,24,799,1,, -1,1,0,1,30,23,5,2021,17:15,1,77,77237,2,1,0,2,LAGNY  (RUE DE  ),48.8391,2.75312,17,4,2
202100032814,143Â 122,A01,2,2,1,0,2,8,-1,-1, -1,-1,2021,69.0,1,1,0,2,7,9,1,,3,MONTABO (ROUTE DE) 2,0,,2,2,2,1,3,400,1,, -1,1,0,1,50,22,6,2021,06:55,1,973,97302,2,1,0,3,MONTABO (ROUTE DE) 2,4.93601,-52.29581,6,3,2
202100050632,111Â 185,B01,1,1,1,5,8,-1,-1,0,0,-1,2021,65.0,2,1,0,2,8,1,5,,3,980,0,,2,2,0,1,30,850,1,, -1,1,0,1,90,21,2,2021,11:05,1,21,21505,1,1,0,3,"RD 980, PK 30+850",47.396748,4.304999,11,2,2
202100006422,190Â 314,A01,10,3,2,1,8,8,-1,3,3,1,2021,22.0,1,2,0,1,2,9,1,,7,VOISIN (BOULEVARD ANDRE-GEORGES),0,,-1,1,0,1,(1),(1),3,, -1,1,6,1,50,24,11,2021,15:45,1,37,37214,2,4,0,6,VOISIN (BOULEVARD ANDRE-GEORGES),47.4272702139,0.6579430096,15,2,1
202100037199,135Â 190,A01,10,3,2,5,0,-1,-1,2,3,1,2021,68.0,1,2,0,1,1,1,2,,4,GRANDE (RUE),0,,2,2,0,1,0,0,1,, -1,2,0,1,30,4,5,2021,15:00,1,77,77186,2,1,1,6,GRANDE (RUE),48.41162,2.70541,15,2,1
202100039026,131Â 886,B01,1,1,1,3,2,6,-1,0,0,-1,2021,51.0,1,1,0,2,1,1,1,,4,,0,,2,2,0,2,(1),(1),1,, -1,1,0,1,50,21,5,2021,10:50,1,28,28214,2,2,0,3,Rue Jean Renauldon,48.468189,1.008422,10,2,2
202100040095,129Â 925,A01,1,1,1,0,1,-1,-1,0,0,-1,2021,56.0,2,2,2,0,0,0,1,,3,468,-1,,2,2,0,1,27,470,2,, -1,1,0,3,80,13,5,2021,20:30,2,39,39112,1,1,0,6,,46.862799,5.45794,20,1,1
202100016546,172Â 053,A01,1,1,1,2,0,0,-1,-1, -1,-1,2021,15.0,3,1,0,2,3,1,5,,4,VANNE (BD DE LA),0,,2,2,0,1,1,0,1,, -1,2,0,1,50,27,9,2021,08:45,1,94,94016,2,6,1,3,Boulevard de la Vanne,48.78643,2.33876,8,2,2
202100003267,195Â 925,A01,10,3,2,5,0,-1,-1,4,3,1,2021,59.0,2,5,0,1,3,15,1,,4,RUE REAUMUR,0,,2,4,0,2,(1),(1),1,, -1,1,0,1,30,11,12,2021,12:15,1,75,75102,2,2,0,6,RUE REAUMUR,48.867774,2.34555,12,2,1
202100052674,107Â 576,A01,1,1,1,0,1,0,-1,-1, -1,-1,2021,75.0,2,2,2,0,1,14,1,,3,LACS DES (AVENUE),0,,2,2,0,1,(1),(1),1,, -1,1,0,1,80,3,2,2021,08:30,1,40,40279,1,1,0,1,LACS DES (AVENUE),43.73144,-1.09983,8,1,1
202100016713,171Â 747,A01,2,2,2,5,2,6,-1,0,0,-1,2021,33.0,0,1,13,0,2,1,1,,3,961,-1,D,2,2,0,1,33,250,2,, -1,1,0,3,70,14,8,2021,20:30,1,49,49283,1,1,0,6,D 961,47.404907,-0.74972,20,2,1
202100045987,119Â 556,A01,1,1,2,1,8,0,-1,0,0,-1,2021,32.0,1,1,0,0,0,1,3,,4,RUE MOLIERE,0,,-1,1,0,1,(1),(1),1,, -1,1,0,1,50,30,3,2021,08:25,1,75,75101,2,1,0,7,RUE MOLIERE,48.865021,2.335874,8,1,1
202100054782,103Â 874,A01,10,3,2,5,0,-1,-1,3,3,1,2021,89.0,2,1,0,1,1,1,5,,4,RUE DE BOULAINVILLIERS,0,,1,1,0,2,(1),(1),1,, -1,5,0,1,30,16,1,2021,12:10,1,75,75116,2,4,1,6,RUE DE BOULAINVILLIERS,48.855558,2.275051,12,2,1
202100041534,127Â 367,B01,1,1,2,5,1,0,-1,-1, -1,-1,2021,25.0,3,2,0,2,1,1,1,,4,JEAN JAURES,0,,2,3,0,1,(1),(1),1,, -1,1,0,1,50,2,5,2021,10:31,1,37,37122,2,2,0,1,JEAN JAURES,47.3487678289,0.6632523536,10,6,2
202100030570,147Â 112,B01,1,1,2,0,2,0,-1,-1, -1,-1,2021,60.0,2,1,0,2,1,0,0,,4,FRANCE ANATOLE (RUE),0,,2,0,0,1,(1),(1),1,, -1,1,0,1,50,5,7,2021,18:45,1,31,31483,2,1,0,3,FRANCE ANATOLE (RUE),43.11492,0.70485,18,2,2
202100027248,153Â 012,A01,1,1,1,5,2,-1,-1,0,0,-1,2021,18.0,2,1,15,0,7,1,1,,3,149,-1,,2,2,0,1,75,728,1,, -1,1,0,1,50,24,7,2021,21:45,2,76,76624,2,1,0,6,Rue des Canadiens,49.876723,1.212297,21,1,1
202100053682,105Â 780,B01,1,1,1,9,1,-1,-1,0,0,-1,2021,84.0,1,5,0,2,3,9,1,,2,7,0,N,2,2,0,2,31,203,1,, -1,2,0,1,70,22,1,2021,15:15,1,26,26347,1,4,1,3,5 Route du DauphinÃ©,45.057634,4.865522,15,2,2
202100018278,168Â 951,A01,2,2,2,5,1,-1,-1,0,0,-1,2021,29.0,1,2,2,0,3,1,1,,3,47,-1,D,2,2,0,1,34,786,1,, -1,2,0,1,70,18,9,2021,13:00,1,81,81116,1,1,1,6,Al Deves,43.7000363456,1.8664231897,13,2,1
202100016374,172Â 365,B01,2,2,1,0,2,0,-1,-1, -1,-1,2021,17.0,3,1,0,2,1,0,1,,4,ODESSA (RUE D'),0,,2,4,0,1,0,0,1,, -1,1,0,1,50,28,9,2021,19:10,1,93,93008,2,2,0,3,ODESSA (RUE D'),48.9092930819,2.4661383035,19,3,2
202100006217,190Â 697,A01,4,2,1,0,1,0,-1,-1, -1,-1,2021,18.0,1,2,0,2,2,13,1,,3,ROUTE ROYALE,0,,2,2,0,2,1,0,4,, -1,2,0,1,70,25,11,2021,08:20,1,202,202033,1,1,1,1,ROUTE ROYALE,42.6783021456,9.4318660289,8,4,2
202100039523,130Â 954,A01,2,2,2,0,1,-1,-1,0,0,-1,2021,59.0,3,2,2,0,1,19,1,,3,1,0,,2,2,0,1,3,180,1,, -1,1,0,3,50,17,5,2021,14:25,1,974,97408,2,1,0,1,41 Rue Jean Albany,-20.9566118135,55.3366933353,14,2,1
202100014486,175Â 816,A01,1,1,1,5,2,6,9,0,0,-1,2021,55.0,0,1,0,0,0,1,1,,4,,-1,,2,2,0,2,(1),(1),3,,4,9,0,1,50,29,9,2021,18:10,1,1,1273,2,1,0,7,Route de Chateauvieux,46.088654,5.358678,18,1,1
202100014268,176Â 194,A01,1,1,1,5,2,6,-1,0,0,-1,2021,29.0,1,1,0,0,7,13,1,,3,5,0,,2,2,0,1,31,0,3,, -1,1,0,3,70,10,10,2021,16:15,1,4,4018,1,1,0,6,RD 5 lieu-dit Dauban,44.007686,5.645658,16,1,1
202100005329,192Â 264,A01,2,2,1,5,1,0,-1,0,0,-1,2021,21.0,3,2,0,2,3,17,1,,4,LUMIERES (AVE DES FRERES),0,,2,2,0,1,0,0,4,, -1,1,0,1,50,13,11,2021,01:10,3,30,30007,2,1,0,3,LUMIERES (AVE DES FRERES),44.14013,4.09211,1,3,2
202100008963,185Â 695,A01,1,1,1,3,8,0,-1,0,0,-1,2021,47.0,1,1,0,2,4,11,5,,4,PLACE DE LA BATAILLE DE STALINGRAD,0,,1,1,1,1,(1),(1),3,, -1,1,-1,5,30,7,11,2021,15:45,1,75,75119,2,7,0,2,PLACE DE LA BATAILLE DE STALINGRAD,48.883018,2.369588,15,2,2
202100013483,177Â 634,B01,1,1,1,5,0,-1,-1,-1, -1,-1,2021,35.0,1,1,0,2,1,1,3,,4,CUVIER                              (R ),0,,1,1,0,1,(1),(1),1,, -1,1,0,5,50,13,10,2021,12:05,1,69,69386,2,2,0,3,CUVIER (R),45.7675,4.8527,12,2,2
202100020172,165Â 578,A01,1,1,1,0,2,-1,-1,0,0,-1,2021,29.0,1,1,3,0,1,1,1,,2,2,-1,,3,2,0,1,25,850,1,, -1,1,0,8,110,9,9,2021,12:55,1,974,97420,1,1,0,1,RN2 - PK 25 + 850,-20.932813,55.634969,12,1,1
202100001372,199Â 315,B01,1,1,1,0,1,8,-1,-1, -1,-1,2021,48.0,1,2,0,2,1,1,1,,7,SANDILLON  (ROUTE DE),0,,2,2,0,1,85,604,1,, -1,1,0,1,70,24,12,2021,14:29,1,45,45274,1,3,0,1,Route de Sandillon,47.86297,1.97275,14,5,2
202100014543,175Â 707,B01,1,1,1,0,1,-1,-1,0,0,-1,2021,38.0,1,2,0,2,3,1,1,,3,1201,-1,,2,2,0,1,4,250,1,, -1,1,0,1,80,27,6,2021,22:00,5,74,74002,1,1,0,1,D1201,45.819005,6.004736,22,3,2
202100042567,125Â 540,B01,1,1,1,0,2,6,-1,-1, -1,-1,2021,21.0,1,1,0,2,3,3,1,,1,86,0,,1,2,0,1,2,400,1,, -1,1,0,1,90,26,4,2021,07:50,1,92,92050,1,1,0,2,A86,48.9180852121,2.2229496253,7,2,2
202100030055,148Â 061,B01,1,1,2,0,1,-1,-1,0,0,-1,2021,63.0,2,2,0,2,1,0,1,,3,302,0,D,2,2,0,2,30,100,2,, -1,1,0,1,80,23,6,2021,10:10,1,201,201232,1,1,0,1,D302,41.780849,8.906136,10,2,2
202100054371,104Â 574,A01,1,1,1,5,8,0,-1,-1, -1,-1,2021,44.0,1,0,0,2,8,1,3,,4,PARMENTIER (RUE),0,,1,1,0,1,1,0,1,, -1,2,5,1,50,19,1,2021,10:00,1,93,93048,2,2,1,3,PARMENTIER (RUE),48.85931,2.43168,10,2,2
202100035220,138Â 745,A01,1,1,1,5,1,-1,-1,-1, -1,-1,2021,22.0,1,2,8,0,3,14,1,,4,CHOULANS (DE)                       (CH),0,,3,4,0,2,(1),(1),2,, -1,1,0,4,50,9,6,2021,23:45,5,69,69385,2,1,0,7,CHOULANS (DE) (MO),45.7544706211,4.8182195892,23,3,1
202100038257,133Â 264,B01,1,1,1,5,2,6,-1,0,0,-1,2021,43.0,3,1,0,2,3,15,1,,4,,-1,,2,2,0,2,(1),(1),3,,5,1,0,1,30,27,5,2021,19:05,1,79,79178,2,1,0,1,Rue de la Foucherie,46.950167,-0.195061,19,2,2
202100043965,123Â 094,A01,4,2,2,5,1,-1,-1,0,0,-1,2021,92.0,3,2,0,0,3,1,1,,3,,-1,,2,2,0,1,(1),(1),2,, -1,2,0,1,50,11,4,2021,19:00,1,38,38198,1,1,1,1,chemin de la vie tournÃ©e,45.333523,4.960842,19,5,2
202100036182,137Â 019,B01,2,2,1,5,1,-1,-1,0,0,-1,2021,71.0,0,2,0,2,1,13,1,,3,67,-1,,2,2,0,1,(1),(1),3,, -1,1,0,1,50,5,6,2021,20:40,1,40,40184,2,1,0,1,Rue de Cadette,44.200932,-1.241348,20,3,2
202100016257,172Â 573,B01,10,3,1,1,0,8,-1,2,1,1,2021,44.0,2,1,0,1,1,1,1,,3,MAURICE BERTEAUX (AV),0,,2,-1,0,1,1,0,1,, -1,1,0,1,50,27,9,2021,08:13,1,94,94059,2,1,0,6,Avenue Maurice Berteaux,48.8145,2.56463,8,2,1
202100055692,102Â 312,A01,1,1,1,1,2,6,-1,-1, -1,-1,2021,47.0,2,1,1,4,1,1,1,,4,EDOUARD VAILLANT BOULEVARD,0,,2,2,0,1,1,0,1,, -1,7,0,1,30,8,1,2021,23:00,5,93,93046,2,1,0,6,EDOUARD VAILLANT BOULEVARD,48.9228819852,2.5168399748,23,1,1
202100042147,126Â 289,B01,1,1,1,1,1,0,-1,-1, -1,-1,2021,39.0,1,2,0,2,4,1,1,,2,RN406.Y,0,,3,2,0,1,5,0,1,, -1,1,0,1,90,29,4,2021,18:30,1,94,94011,1,1,0,2,RN406.Y,48.7595271748,2.4851417542,18,2,2
202100007328,188Â 652,A01,1,1,1,1,2,6,-1,-1, -1,-1,2021,22.0,2,1,0,2,1,1,1,,4,BLUM (BD LEON),0,,2,2,0,1,0,0,1,, -1,1,5,1,50,6,11,2021,23:15,5,2,2691,2,2,0,3,BLUM (BD LEON),49.84125,3.292362,23,2,2
202100000951,200Â 051,A01,1,1,1,9,1,-1,-1,-1, -1,-1,2021,42.0,1,2,3,0,1,13,1,,1,A630,0,,1,1,0,2,5,125,3,, -1,1,3,1,30,29,12,2021,15:00,1,33,33063,1,1,0,6,ROCADE A 630,44.88558,-0.56265,15,1,1
202100013601,177Â 408,B01,2,2,1,0,1,-1,-1,-1, -1,-1,2021,27.0,3,2,0,2,4,1,1,,9,WEYGAND (AVE GENERAL),0,,1,4,3,1,0,0,1,, -1,1,0,1,50,12,10,2021,19:25,5,83,83137,2,1,0,2,WEYGAND (AVE GENERAL),43.12042,5.94984,19,3,2
202100008698,186Â 190,A01,1,1,2,5,1,0,-1,-1, -1,-1,2021,32.0,2,2,3,0,2,1,1,,3,PARIS  (RUE DE  ),0,,1,1,0,1,7,1126,2,, -1,2,2,1,50,7,11,2021,12:10,1,77,77372,1,1,0,6,D934,48.87817,2.6689,12,1,1
202100003400,195Â 683,B01,1,1,1,0,1,0,-1,-1, -1,-1,2021,57.0,1,2,0,2,2,19,1,,3,RTE NATIONALE 7,0,,3,4,0,1,0,0,1,, -1,1,5,1,50,11,12,2021,20:15,5,91,91027,2,5,0,2,RTE NATIONALE 7,48.71608,2.37141,20,3,2
202100009626,184Â 500,B01,1,1,1,9,2,0,-1,0,0,-1,2021,22.0,2,1,0,2,8,7,5,,4,BOULEVARD HAUSSMANN,0,,1,4,3,1,(1),(1),1,, -1,1,-1,6,50,2,11,2021,19:00,5,75,75109,2,3,0,3,BOULEVARD HAUSSMANN,48.873417,2.329695,19,2,2
202100001806,198Â 572,A01,10,3,2,3,0,-1,-1,2,9,1,2021,85.0,0,2,0,1,4,26,1,,6,,-1,,-1,-1,0,1,(1),(1),1,,4,1,9,8,50,24,12,2021,11:45,1,42,42147,2,1,0,6,6 Avenue Paul CÃ©zanne,45.6112469712,4.0553417802,11,2,1
202100041880,126Â 764,B01,1,1,2,1,8,0,-1,-1, -1,-1,2021,43.0,1,1,0,2,1,25,5,,4,GASTON HULIN (RUE),0,,1,2,0,1,(1),(1),1,, -1,1,0,1,50,30,4,2021,12:30,1,86,86194,2,3,0,6,Rue Gaston Hulin,46.582617,0.340547,12,2,2
202100055402,102Â 817,D01,1,1,2,1,1,-1,-1,0,0,-1,2021,25.0,2,2,0,2,3,1,1,,3,40,-1,,2,2,0,1,12,100,1,, -1,1,0,1,80,12,1,2021,17:00,1,30,30062,1,1,0,6,D40,43.795633,4.208643,17,4,4
202100021069,163Â 997,B01,1,1,1,2,2,6,-1,0,0,-1,2021,19.0,1,1,0,2,1,1,0,,3,,0,,1,1,0,1,1,0,1,, -1,1,0,1,50,3,9,2021,16:15,1,14,14327,2,2,0,3,LION CD60 (ROUTE DE),49.21281,-0.34215,16,2,2
202100046303,119Â 014,A01,1,1,1,0,1,-1,-1,0,0,-1,2021,38.0,1,2,0,2,3,1,1,,3,613,-1,,2,2,0,1,55,700,1,, -1,1,0,3,90,29,3,2021,09:30,1,34,34143,1,1,0,3,MÃ¨ze,43.440017,3.626141,9,2,2
202100003773,195Â 017,A01,1,1,1,5,1,-1,-1,0,0,-1,2021,42.0,1,2,13,0,7,13,1,,3,29,0,,2,2,0,1,2,870,1,, -1,2,0,1,90,11,12,2021,05:30,3,12,12001,1,1,1,6,RD 29,44.359359,2.651374,5,1,1
202100046385,118Â 857,B01,1,1,1,9,2,8,-1,0,0,-1,2021,31.0,2,1,0,2,8,7,3,,4,BOULEVARD DU PALAIS,0,,1,1,3,1,(1),(1),1,, -1,1,-1,6,50,27,3,2021,08:05,1,75,75104,2,2,0,2,BOULEVARD DU PALAIS,48.856189,2.346502,8,2,2
202100046818,118Â 092,A01,10,3,1,2,0,-1,-1,2,3,1,2021,12.0,1,1,0,1,1,1,1,,4,,0,,2,2,0,2,(1),(1),1,, -1,1,0,1,50,23,3,2021,16:50,1,974,97412,2,1,0,1,Rue Hippolyte Foucque,-21.374799,55.626274,16,2,1
202100050400,111Â 606,A01,1,1,1,1,2,6,-1,0,0,-1,2021,22.0,2,1,12,0,1,0,1,,7,14,-1,,2,2,0,1,10,800,3,, -1,1,0,1,50,25,2,2021,07:00,2,45,45272,2,1,0,7,404 Rue d'Olivet,47.833473,1.963385,7,1,1
202100031846,144Â 829,A01,10,3,1,0,0,-1,-1,4,3,1,2021,12.0,1,2,0,1,1,15,1,,4,GENERAL LECLERC    (Avenue du),0,,2,3,1,1,(1),(1),1,, -1,1,0,1,50,28,6,2021,17:00,1,69,69266,2,3,0,6,GENERAL LECLERC (AV),45.75805,4.8909,17,2,1
202100054689,104Â 031,A01,10,3,2,5,0,-1,-1,3,3,1,2021,74.0,1,2,0,1,1,1,1,,4,RUE JOUVENET,0,,1,1,0,1,(1),(1),1,, -1,1,0,1,30,17,1,2021,15:10,1,75,75116,2,2,0,6,RUE JOUVENET,48.842038,2.265951,15,2,1
202100051635,109Â 399,B01,1,1,1,5,1,4,-1,-1, -1,-1,2021,56.0,2,2,0,2,4,2,1,,1,86,0,,3,2,0,1,52,205,1,, -1,1,1,1,70,13,2,2021,12:00,1,92,92002,1,1,0,2,AUTOROUTE A86,48.76347,2.30713,12,2,2
202100000828,200Â 246,A01,10,3,2,0,0,-1,-1,9,B,1,2021,56.0,0,2,0,1,0,0,1,,4,LECLERC. RUE DU GENERAL,0,,-1,1,0,1,0,0,1,, -1,1,6,8,10,17,12,2021,16:50,5,76,76540,2,1,0,6,LECLERC. RUE DU GENERAL,49.4397,1.09129,16,2,1
202100033737,141Â 463,A01,2,2,2,0,1,-1,-1,0,0,-1,2021,55.0,2,2,2,0,1,0,1,,3,152,0,,2,2,0,1,44,400,1,, -1,1,9,3,50,18,6,2021,12:10,1,77,77477,2,1,0,6,D152,48.344526,2.603302,12,2,1
202100002843,196Â 697,A01,1,1,1,5,2,6,-1,0,0,-1,2021,15.0,2,1,0,2,3,1,1,,3,,0,,2,2,0,4,(1),(1),1,,5,1,0,1,50,16,12,2021,13:45,1,72,72383,2,1,0,3,Rue Roland NoÃ«l Pasquier,48.086873,0.55033,13,4,2
202100016456,172Â 213,B01,1,1,1,3,8,0,-1,-1, -1,-1,2021,72.0,2,1,0,2,8,19,5,,2,ROCADE RN88 NORD,0,,3,1,0,1,32,700,1,, -1,1,9,1,50,27,9,2021,11:30,1,81,81004,1,6,0,3,ROCADE RN88 NORD,43.95151,2.15538,11,2,2
202100050318,111Â 757,A01,1,1,1,1,1,0,-1,-1, -1,-1,2021,43.0,1,2,6,0,1,13,1,,4,PASTEUR (RUE) ABERUT A CH. DES ESSERTS,0,,2,2,0,1,(1),(1),1,, -1,1,0,4,30,24,2,2021,18:10,1,73,73011,2,9,0,6,Rue Pasteur,45.66894,6.38707,18,1,1
202100005352,192Â 220,B01,1,1,1,0,2,0,-1,-1, -1,-1,2021,17.0,1,1,0,2,1,0,1,,4,JEAN MOULIN (BOULEVARD),0,,2,4,0,1,0,0,1,, -1,1,0,1,50,29,11,2021,18:30,5,13,13205,2,1,0,2,JEAN MOULIN (BOULEVARD),43.28925,5.39981,18,2,2
202100015886,173Â 273,A01,10,3,1,1,0,-1,-1,4,3,1,2021,51.0,1,2,0,1,1,1,1,,3,GENERAL DE GAULLE (RUE DU),0,,-1,1,0,1,38,470,1,, -1,1,0,1,30,30,9,2021,12:05,1,78,78638,2,1,0,6,GENERAL DE GAULLE (RUE DU),49.00366,1.96938,12,2,1
202100028318,151Â 077,A01,1,1,1,5,2,0,-1,0,0,-1,2021,43.0,1,1,0,0,0,1,3,,4,RUE DE DANTZIG,0,,2,2,0,1,(1),(1),1,, -1,1,0,1,30,18,7,2021,17:10,1,75,75115,2,2,0,7,RUE DE DANTZIG,48.835527,2.300689,17,1,1
202100034850,139Â 416,A01,1,1,2,5,2,7,-1,0,0,-1,2021,36.0,2,1,0,2,1,1,1,,2,94,-1,,2,2,0,1,107,700,1,, -1,1,0,1,80,12,6,2021,12:10,1,5,5045,1,1,0,2,le liou,44.540567,6.476998,12,2,2
202100046132,119Â 302,A01,1,1,1,5,1,0,-1,0,0,-1,2021,57.0,3,2,0,2,2,15,1,,4,PASSAU RUE DE,0,,1,2,0,1,(1),(1),1,, -1,1,0,1,50,29,3,2021,09:00,1,6,6027,2,2,0,5,PASSAU RUE DE,43.663889,7.15233,9,3,3
202100021351,163Â 489,A01,1,1,1,5,2,6,-1,0,0,-1,2021,14.0,3,1,0,2,1,2,1,,3,D525,-1,,2,2,0,1,0,200,1,, -1,1,0,1,50,2,9,2021,14:00,1,38,38006,2,1,0,2,20 boulevard Jules Ferry,45.390908,6.070805,14,3,2
202100041588,127Â 266,B01,1,1,1,5,2,6,9,0,0,-1,2021,33.0,1,1,0,2,1,1,1,,3,42,0,D,2,2,0,1,3,231,1,, -1,1,0,1,70,4,5,2021,17:55,1,82,82108,1,1,0,3,912 Route de Montech,44.080063,1.233945,17,2,2
202100040052,130Â 005,A01,1,1,2,1,2,6,-1,-1, -1,-1,2021,20.0,1,1,0,0,8,2,1,,4,CAPTALAT (RUE DU),0,,1,1,0,1,(1),(1),1,, -1,2,0,1,50,13,5,2021,11:15,1,33,33529,2,3,1,7,Rue du Captalat,44.632,-1.14278,11,1,1
202100049159,113Â 886,A01,1,1,1,1,2,6,-1,-1, -1,-1,2021,40.0,1,1,0,2,8,1,1,,3,VERDUN (DE 01 A 61),0,,2,4,1,1,0,0,1,, -1,1,0,1,50,4,3,2021,09:50,1,92,92026,2,1,0,3,VERDUN (DE 01 A 61),48.8981450933,2.2630218583,9,2,2
202100026605,154Â 149,A01,1,1,2,1,2,6,-1,-1, -1,-1,2021,29.0,1,1,0,2,1,3,1,,1,A4,0,,3,4,0,1,0,300,1,, -1,1,0,1,90,28,7,2021,18:20,1,94,94018,1,1,0,2,A4,48.82345,2.39529,18,2,2
202100035672,137Â 950,B01,1,1,1,1,2,6,-1,-1, -1,-1,2021,29.0,1,1,0,2,1,1,1,,4,BARTHELEMY BUYER                    (AV),0,,2,2,0,1,(1),(1),1,, -1,1,8,1,50,7,6,2021,12:09,1,69,69385,2,2,0,3,BARTHELEMY BUYER                    (AV),45.7584713435,4.8121458292,12,2,2
202100032947,142Â 864,A01,2,2,2,5,1,-1,-1,0,0,-1,2021,15.0,1,2,13,2,3,15,1,,3,384,-1,,2,2,0,1,14,200,1,, -1,1,0,1,90,22,6,2021,20:10,1,52,52391,1,3,0,3,D384,48.503972,4.789424,20,4,2
202100024461,157Â 952,A01,1,1,2,0,1,-1,-1,0,0,-1,2021,48.0,2,2,0,0,3,1,1,,7,12,0,D,2,2,0,1,3,600,1,, -1,1,0,1,50,14,8,2021,19:05,1,42,42005,2,1,0,1,42 Avenue de Saint-Etienne,45.52722,4.275618,19,2,2
202100043900,123Â 198,B01,2,2,1,5,2,8,-1,-1, -1,-1,2021,19.0,2,1,0,2,1,1,1,,4,REDON (BOULEVARD DU),0,,2,2,0,2,(1),(1),3,, -1,1,0,1,50,14,4,2021,21:50,5,13,13209,2,1,0,3,REDON (BOULEVARD DU),43.25523,5.42011,21,3,2
202100018734,168Â 151,B01,1,1,2,5,1,0,-1,-1, -1,-1,2021,75.0,3,2,0,2,3,2,1,,4,RUE GUSTAVE EIFFEL,0,,2,2,0,1,0,0,1,, -1,2,0,1,50,15,9,2021,16:50,1,91,91432,2,2,0,3,RUE GUSTAVE EIFFEL,48.700952,2.334739,16,2,2
202100047142,117Â 502,A01,1,1,1,4,2,6,-1,0,0,-1,2021,34.0,2,1,0,2,7,5,1,,4,RUE DE LA FOLIE REGNAULT,0,,2,2,1,1,(1),(1),1,, -1,1,-1,5,30,21,3,2021,14:50,1,75,75111,2,1,0,3,RUE DE LA FOLIE REGNAULT,48.86078,2.386071,14,2,2
202100056265,101Â 324,A01,1,1,1,0,2,0,-1,-1, -1,-1,2021,85.0,0,1,0,2,1,1,1,,4,Impasse Barthe,0,,2,2,0,1,(1),(1),1,, -1,1,0,1,50,1,1,2021,12:15,1,31,31555,2,1,0,3,56 Impasse Barthe,43.631,1.44035,12,2,2
202100051307,109Â 963,B01,1,1,1,5,1,0,0,0,0,-1,2021,47.0,3,2,0,2,8,1,2,,3,PLASCASSIER (route de),0,,2,2,0,1,18,413,1,, -1,1,0,1,50,16,2,2021,08:00,1,6,6069,1,1,0,3,PLASCASSIER (route de),43.651967,6.959727,8,2,2
202100019263,167Â 202,B01,1,1,2,5,2,6,9,0,0,-1,2021,38.0,1,1,0,2,1,1,1,,3,231,0,D,2,2,0,1,0,246,1,, -1,1,0,1,80,12,9,2021,18:52,2,72,72161,2,9,0,3,Route de Salvert,47.7480693266,0.5598927984,18,3,2
202100006342,190Â 456,A01,1,1,1,0,0,-1,-1,0,0,-1,2021,65.0,1,0,0,0,0,2,3,,2,1,0,A,2,2,0,1,42,0,1,, -1,1,0,1,30,24,11,2021,17:30,1,987,98752,1,1,0,7,RT1 PK42.000 SENS PAPEETE TARAVAO,-17.773754,-149.444155,17,1,1