Num_Acc,id_vehicule,num_veh,place,catu,sexe,trajet,secu1,secu2,secu3,locp,actp,etatp,year_acc,victim_age,senc,catv,obs,obsm,choc,manv,motor,occutc,catr,voie,v1,v2,circ,nbv,vosp,prof,pr,pr1,plan,lartpc,larrout,surf,infra,situ,vma,jour,mois,an,hrmn,lum,dep,com,agg_,int,atm,col,adr,lat,long,hour,nb_victim,nb_vehicules
202100007190,188Â 902,A01,1,1,1,0,8,0,-1,-1, -1,-1,2021,20.0,3,1,0,2,1,1,5,,4,PADERBORN (AV) CONTRE ALLEE,0,,2,2,2,2,0,0,1,, -1,1,0,1,50,18,11,2021,17:53,2,72,72181,2,1,0,3,PADERBORN (AV) CONTRE ALLEE,48.008741,0.199898,17,2,2
202100005563,191Â 855,B01,1,1,2,0,1,8,-1,-1, -1,-1,2021,24.0,3,2,0,2,2,2,1,,4,KLEBER (AVENUE),0,,1,2,0,1,0,0,1,, -1,2,0,1,50,30,11,2021,09:00,1,93,93005,2,3,1,3,KLEBER (AVENUE),48.9427,2.49478,9,2,2
202100020130,165Â 643,A01,1,1,1,0,2,6,-1,-1, -1,-1,2021,40.0,1,1,0,2,1,18,1,,4,CLICHY (AVENUE DE),0,,3,2,0,1,0,0,1,, -1,1,0,1,50,7,9,2021,13:45,1,93,93047,2,3,0,1,Avenue de Clichy-sous-Bois / Rue Picasso,48.9045142809,2.5603682252,13,2,2
202100052610,107Â 680,B01,1,1,1,1,2,6,-1,0,0,-1,2021,24.0,1,1,0,2,4,1,1,,3,606,0,D,2,2,0,1,8,265,1,, -1,2,0,1,80,5,2,2021,06:30,2,89,89074,1,1,1,2,D606,48.319021,3.139086,6,2,2
202100048113,115Â 749,B01,1,1,1,5,1,0,-1,-1,0,-1,2021,29.0,1,2,0,2,4,1,1,,1,AUTOROUTE A115,0,,3,5,0,1,0,300,3,, -1,1,3,1,70,14,3,2021,08:40,1,95,95582,1,1,0,2, A115,48.97682,2.24124,8,2,2
202100048281,115Â 450,A01,1,1,2,0,2,8,-1,-1, -1,-1,2021,16.0,1,1,0,2,1,1,1,,4,FERRY (AVENUE JULES ),0,,3,11,0,1,0,0,1,, -1,1,5,1,30,10,3,2021,18:00,1,13,13028,2,2,0,3,FERRY (AVENUE JULES ),43.1844,5.6049,18,2,2
202100005585,191Â 819,A01,1,1,1,5,2,-1,-1,0,0,-1,2021,68.0,1,1,0,0,0,1,5,,3,782,-1,,2,2,0,1,16,650,1,, -1,1,0,1,80,29,11,2021,15:15,1,56,56110,1,1,0,7,le huern l,48.035623,-3.250832,15,1,1
202100042863,125Â 050,B01,1,1,2,0,2,6,-1,-1, -1,-1,2021,36.0,3,1,0,2,1,2,0,,4,LISFRANC-CROISE LAROCHE PLACE,0,,2,6,0,1,(1),(1),1,, -1,1,0,1,50,19,4,2021,18:45,1,59,59378,2,2,0,3,LISFRANC-CROISE LAROCHE PLACE,50.6664273291,3.1032950431,18,2,2
202100025431,156Â 204,A01,1,1,1,9,2,0,-1,-1, -1,-1,2021,17.0,0,1,0,0,0,1,1,,4,CHAROLLES (RUE DE),0,,2,2,0,2,(1),(1),1,, -1,2,0,1,50,4,8,2021,14:40,1,71,71306,2,1,0,7,18 Rue de Charolles,46.6625129321,4.3501712091,14,1,1
202100009602,184Â 546,D01,1,1,1,5,1,5,-1,0,0,-1,2021,20.0,3,2,0,2,1,0,1,,4,POTIER (CHEMIN),0,,-1,2,0,2,(1),(1),2,, -1,1,0,1,50,2,11,2021,08:35,1,27,27229,2,1,0,4,POTIER (CHEMIN),49.001,1.12339,8,4,4
202100038896,132Â 106,B01,1,1,1,0,2,8,-1,-1, -1,-1,2021,37.0,1,1,0,2,0,1,1,,7,ALMANARRE (ROUTE DE L'),0,,2,2,0,1,47,600,1,, -1,1,0,1,50,21,5,2021,16:25,1,83,83069,2,1,0,1,ALMANARRE (ROUTE DE L'),43.09654,6.13158,16,2,2
202100012070,180Â 138,A01,1,1,1,1,2,6,-1,-1, -1,-1,2021,33.0,3,1,0,0,0,1,3,,5,TROYON (RUE),0,,-1,1,0,1,0,0,1,, -1,1,6,8,30,18,10,2021,12:20,1,92,92072,2,1,0,7,TROYON (RUE),48.82883,2.22552,12,1,1
202100020028,165Â 825,B01,1,1,1,0,2,8,-1,-1, -1,-1,2021,39.0,2,1,0,2,1,1,1,,4,CHOLET (RUE DE),0,,2,2,0,1,(1),(1),1,, -1,1,0,1,50,25,5,2021,16:40,1,34,34172,2,2,0,3,CHOLET (RUE DE),43.583743,3.866563,16,2,2
202100008446,186Â 642,A01,10,3,2,2,0,-1,-1,2,3,1,2021,16.0,1,2,0,1,1,1,1,,4,LECLERC (BD MARECHAL),0,,2,2,0,1,0,0,1,, -1,2,0,1,30,10,11,2021,08:40,1,83,83144,2,1,1,6,LECLERC (BD MARECHAL),43.1361681139,5.9862157702,8,2,1
202100042176,126Â 231,A01,1,1,2,4,1,0,-1,-1, -1,-1,2021,47.0,1,4,13,0,7,14,1,,2,RN 162,0,,2,2,0,1,0,0,4,, -1,1,5,1,90,28,4,2021,07:10,2,53,53130,1,6,0,7,RN 162,48.061996,-0.73351,7,1,1
202100002620,197Â 099,A01,1,1,1,4,1,-1,-1,-1, -1,-1,2021,37.0,2,3,8,0,1,13,1,1.0,4,AVE DU HAUT LEVEQUE,0,,3,4,3,1,(1),(1),1,, -1,1,0,6,50,16,12,2021,16:50,1,33,33318,2,1,0,6,Avenue du Haut LÃ©vÃªque,44.7985,-0.66302,16,1,1
202100038419,132Â 970,A01,1,1,1,5,8,0,-1,-1, -1,-1,2021,62.0,1,1,9,0,0,1,3,,4,,0,,2,2,0,1,0,0,1,, -1,1,9,1,30,25,5,2021,13:45,1,92,92044,2,1,0,6,ALSACE (RUE) NÂ°19 + ET 20+,48.8926733654,2.29801476,13,1,1
202100030698,146Â 888,B01,1,1,1,5,8,8,-1,-1,0,-1,2021,57.0,1,1,0,2,8,1,5,,3,DROULIS (LES),0,,2,2,0,1,24,280,1,, -1,1,0,1,90,20,3,2021,15:15,1,61,61169,1,1,0,2,DROULIS (LES),48.72808,-0.61251,15,2,2
202100009016,185Â 601,B01,1,1,1,5,2,6,-1,0,0,-1,2021,67.0,1,1,0,2,1,1,5,,7,,-1,,1,1,0,1,0,1,2,,4,1,9,1,50,8,11,2021,13:45,1,69,69244,2,6,0,3,CLARISSES (DES) (RDPT),45.765789,4.751675,13,2,2
202100036720,136Â 073,B01,1,1,1,0,0,-1,-1,0,0,-1,2021,38.0,0,1,0,2,4,1,3,,3,125,0,D,1,1,0,1,0,0,2,, -1,2,0,1,50,15,5,2021,10:40,1,38,38537,2,6,0,2,Place Docteur Ogier,45.632668,5.147722,10,2,2
202100055790,102Â 143,A01,1,1,2,1,1,0,-1,-1, -1,-1,2021,49.0,1,2,0,2,1,1,1,,4,BIRGE BOULEVARD,0,,-1,2,0,1,1,0,1,, -1,1,0,1,50,8,1,2021,08:50,2,49,49007,2,2,0,3,BIRGE BOULEVARD,47.48208,-0.52236,8,2,2
202100020321,165Â 313,A01,1,1,1,5,8,0,-1,-1, -1,-1,2021,27.0,2,1,0,2,1,25,3,,4,MERCIER (AVENUE AMEDEE DU 1AU 54),0,,2,2,2,1,(1),(1),1,, -1,1,0,4,50,6,9,2021,12:55,1,1,1053,2,1,0,3,MERCIER (AVENUE AMEDEE DU 1AU 54),46.2042,5.24072,12,2,2
202100021633,162Â 957,A01,10,3,2,0,0,-1,-1,3,3,1,2021,76.0,0,1,0,1,1,1,1,,4,WILLIAM BOOTH (AVENUE),0,,2,2,0,1,0,0,1,, -1,1,0,1,50,31,8,2021,15:20,1,13,13212,2,1,0,1,WILLIAM BOOTH (AVENUE),43.294335946,5.4422834216,15,2,1
202100024526,157Â 819,A01,10,3,1,1,0,-1,-1,3,3,1,2021,19.0,2,2,0,1,1,1,1,,4,PIERRE DE MONTESQUIOU (AVENUE),0,,2,2,0,1,0,0,1,, -1,1,0,1,50,12,8,2021,18:55,1,32,32013,2,1,0,7,PIERRE DE MONTESQUIOU (AVENUE),43.63013,0.58718,18,2,1
202100052119,108Â 546,B01,1,1,2,9,1,8,-1,-1, -1,-1,2021,19.0,1,2,0,2,2,1,1,,7,750,0,,2,2,0,1,(1),(1),1,, -1,1,9,1,50,8,2,2021,15:05,1,59,59350,2,2,0,3,MOSELLE BOULEVARD NÂ°IMPAIRS,50.630494,3.034626,15,5,2
202100027007,153Â 444,A01,1,1,1,5,2,6,9,0,0,-1,2021,30.0,3,1,0,2,2,13,1,,3,7,-1,,2,2,0,2,19,200,4,, -1,1,0,1,80,18,7,2021,16:05,1,40,40236,1,1,0,1,D7,43.683248,-0.83634,16,2,2
202100017525,170Â 295,B01,1,1,1,0,1,0,-1,-1, -1,-1,2021,47.0,1,1,0,2,4,1,0,,4,67,0,,3,2,0,2,0,0,1,, -1,1,0,1,50,22,9,2021,10:20,1,92,92002,2,1,0,2,MAURICE LABROUSSE (RUE),48.7545978696,2.2976656518,10,2,2
202100013174,178Â 198,A01,1,1,1,1,1,-1,-1,0,0,-1,2021,38.0,1,5,0,2,7,1,1,,1,9,0,A,2,3,0,1,131,0,1,, -1,9,0,1,130,12,10,2021,07:30,2,34,34157,1,1,0,3,A9,43.451283774,3.5947195103,7,2,2
202100054209,104Â 852,B01,1,1,1,4,1,8,-1,-1, -1,-1,2021,19.0,3,5,0,2,7,1,1,,4,AVENUE AUGUSTE FERRIER,0,,2,5,1,1,(1),(1),1,, -1,1,0,1,50,21,1,2021,06:00,5,38,38151,2,2,0,3,Avenue Auguste Ferrier,45.14474,5.71053,6,4,2
202100041893,126Â 736,C01,1,1,1,1,2,-1,-1,0,0,-1,2021,29.0,1,1,0,2,2,1,1,,4,,0,,2,2,0,2,(1),(1),1,, -1,1,0,1,20,28,4,2021,12:50,1,54,54184,2,3,0,3,BAS CHATEAU (RUE DU),48.70704,6.2177,12,2,2
202100041297,127Â 792,B01,1,1,1,5,8,0,-1,-1, -1,-1,2021,17.0,0,1,0,2,6,13,1,,4,BATTALA (BOULEVARD),0,,1,1,0,2,(1),(1),1,, -1,1,0,1,50,5,5,2021,17:40,1,13,13203,2,1,0,2,BATTALA (BOULEVARD),43.318149,5.379146,17,2,2
202100021145,163Â 865,B01,1,1,1,1,1,-1,-1,0,0,-1,2021,38.0,1,2,0,2,1,1,1,,3,518,-1,,2,2,0,1,24,700,1,, -1,2,0,3,80,3,9,2021,18:30,1,38,38399,1,1,0,1,CD518,45.486643,5.151408,18,2,2
202100002933,196Â 528,A01,1,1,1,1,2,8,-1,0,0,-1,2021,44.0,2,1,0,2,7,1,1,,2,PORTE DE VILLEJEAN,0,,3,4,0,1,16,359,1,, -1,1,0,1,90,14,12,2021,18:10,3,35,35238,1,1,0,3,PORTE DE VILLEJEAN,48.12587,-1.71541,18,2,2
202100047746,116Â 405,A01,1,1,2,1,1,-1,-1,0, -1,-1,2021,20.0,1,2,15,0,1,14,1,,3,CORAY ROUTE DE,0,,2,2,0,1,8,100,1,, -1,1,0,1,70,8,3,2021,17:25,1,29,29051,1,1,0,6,D15 - Route de Coray,48.02426,-3.98271,17,2,1
202100028730,150Â 373,B01,1,1,1,5,2,-1,-1,0,0,-1,2021,17.0,3,1,0,2,8,0,1,,4,,-1,,2,2,2,1,(1),(1),1,, -1,1,0,1,50,16,7,2021,22:30,4,49,49125,2,1,0,3,Boulevard Jacques Savary,47.187377,-0.272859,22,3,2
202100017779,169Â 836,B01,2,2,1,5,1,-1,-1,-1,0,-1,2021,31.0,1,2,0,2,4,1,1,,1,AUTOROUTE A15,0,,3,6,0,1,13,500,1,, -1,1,0,1,110,20,9,2021,14:50,1,95,95424,1,1,0,2,A15,48.989472,2.199699,14,3,2
202100037015,135Â 539,B01,2,2,2,5,1,0,-1,0,0,-1,2021,24.0,3,2,2,2,3,1,1,,6,,0,,-1,-1,0,1,0,0,1,, -1,1,0,1,30,29,5,2021,18:55,1,30,30189,1,1,0,3,,43.811249,4.362393,18,3,2
202100019162,167Â 376,A01,1,1,1,4,8,0,-1,-1, -1,-1,2021,19.0,3,4,4,0,1,1,1,,3,PINEDE (CHEMIN),0,,2,2,0,1,0,0,1,, -1,1,0,3,50,13,9,2021,12:00,1,64,64102,2,1,0,7,PINEDE (CHEMIN),43.48424,-1.44448,12,1,1
202100041215,127Â 935,B01,1,1,1,1,1,-1,-1,0,0,-1,2021,43.0,1,2,0,2,1,1,1,,3,670,-1,,2,2,0,1,3,396,1,, -1,1,0,1,70,5,5,2021,16:45,1,33,33366,1,1,0,1,Route de Libourne,44.982847,-0.408651,16,2,2
202100017546,170Â 261,B01,1,1,1,5,2,6,9,0,0,-1,2021,64.0,2,1,0,2,1,1,1,,3,606,0,,2,3,0,3,140,950,3,, -1,1,5,1,80,23,9,2021,11:55,1,89,89378,1,3,0,3,Route dÃ©partementale 606,47.496814,3.966947,11,2,2
202100037395,134Â 819,A01,1,1,2,0,1,0,-1,-1, -1,-1,2021,54.0,2,2,0,2,6,9,1,,1,AUTOROUTE A3,0,,3,9,0,2,0,500,1,, -1,1,3,1,70,31,5,2021,08:27,1,93,93006,1,9,0,3,AUTOROUTE A3,48.86534,2.41969,8,2,2
202100033028,142Â 703,B01,4,2,1,0,1,0,-1,-1, -1,-1,2021,37.0,2,2,0,2,5,15,1,,3,SALVADOR ALLENDE (BOULEVARD),0,,3,4,0,1,7,674,1,, -1,2,5,1,50,21,6,2021,00:15,5,77,77337,2,3,1,3,SALVADOR ALLENDE (BOULEVARD),48.848723,2.62096,0,5,2
202100042586,125Â 500,A01,1,1,1,5,2,8,-1,-1, -1,-1,2021,18.0,3,1,0,2,1,1,1,,4,LURCAT (AVENUE JEAN),0,,2,2,0,1,0,0,3,, -1,1,5,1,50,24,4,2021,17:30,1,46,46042,2,2,0,3,LURCAT (AVENUE JEAN),44.464878,1.449784,17,2,2
202100019262,167Â 203,A01,2,2,1,0,0,-1,-1,0,0,-1,2021,30.0,1,2,13,0,7,1,1,,3,30,-1,,2,2,0,1,26,510,1,, -1,1,0,1,80,11,9,2021,04:25,3,72,72077,1,9,0,6,LD BOUILLANT,47.6120181378,0.3288409267,4,2,1
202100054387,104Â 548,A01,1,1,1,5,2,6,-1,0,0,-1,2021,15.0,2,1,0,2,1,1,1,,3,929,-1,,2,2,0,1,22,0,1,, -1,1,0,1,50,20,1,2021,17:05,1,32,32242,2,1,0,1,Avenue Jules Duffort,43.434999,0.579346,17,3,2
202100035224,138Â 739,A01,10,3,2,2,0,-1,-1,2,3,1,2021,14.0,1,2,0,1,1,17,1,,4,,0,,2,2,0,1,0,0,1,, -1,1,0,1,50,10,6,2021,13:10,1,91,91161,2,1,0,6,MAZARIN (AVENUE),48.70483,2.31585,13,2,1
202100056292,101Â 275,A01,1,1,1,9,1,5,-1,-1, -1,-1,2021,21.0,3,2,14,0,3,13,1,,3,COUBRON (ALLEE DE),0,,2,2,0,1,1,1,1,, -1,2,9,1,50,4,1,2021,04:15,5,93,93014,2,1,1,6,COUBRON (ALLEE DE),48.9126475805,2.5519191877,4,2,1
202100034457,140Â 137,A01,1,1,1,5,2,-1,-1,0,0,-1,2021,45.0,1,1,0,5,1,1,5,,4,30,0,,2,2,0,1,10,700,1,, -1,1,0,1,50,13,6,2021,11:00,1,29,29277,2,1,0,6,Streat Ar Skol,48.3736247958,-4.0208406937,11,1,1
202100031968,144Â 604,A01,1,1,1,0,1,0,-1,-1, -1,-1,2021,38.0,3,1,0,2,8,19,1,,4,CLEMENCEAU GEORGES ( BD) NÂ° PAIRS,0,,3,4,0,1,0,0,1,, -1,1,0,1,50,26,6,2021,23:53,5,72,72181,2,1,0,3,CLEMENCEAU GEORGES ( BD) NÂ° PAIRS,47.98036,0.21648,23,2,2
202100021196,163Â 773,B01,3,2,1,5,1,-1,-1,-1, -1,-1,2021,13.0,1,2,0,2,4,1,1,,1,ROCADE A 630,0,,3,6,0,1,3,100,1,, -1,2,2,1,70,3,9,2021,12:20,1,33,33063,1,1,1,4,Pont d'Aquitaine,44.880234,-0.538554,12,6,4
202100017226,170Â 854,B01,1,1,2,4,0,-1,-1,0,0,-1,2021,63.0,1,0,0,2,2,1,3,,4,105,0,D,2,2,0,1,(1),(1),2,, -1,1,5,1,50,23,9,2021,18:30,1,29,29260,2,6,0,7,Rue de l'Ãtain,48.435317,-4.618654,18,2,2
202100037790,134Â 113,A01,10,3,1,2,0,-1,-1,5,1,1,2021,17.0,3,2,0,1,3,1,1,,4,MARCEAU (RUE),0,,1,2,0,1,(1),(1),1,, -1,1,0,1,50,28,5,2021,15:02,1,37,37261,2,1,0,6,MARCEAU (RUE),47.3926058456,0.6854524612,15,2,1
202100028971,149Â 944,A01,1,1,2,0,1,0,-1,-1, -1,-1,2021,31.0,1,2,0,2,2,1,1,,4,VILLEMONTAIS (RUE DE ),0,,2,2,0,1,(1),(1),1,, -1,1,0,1,50,13,7,2021,10:40,1,42,42187,2,4,0,3,Rue de Villemontais,46.0262251768,4.061295495,10,4,2
202100006441,190Â 282,A01,10,3,2,5,0,-1,-1,1,3,1,2021,67.0,1,1,0,1,0,0,0,,4,JEAN MOULIN (BOULEVARD),0,,2,6,3,1,20,0,1,, -1,2,0,1,50,24,11,2021,20:15,5,13,13205,2,1,1,6,JEAN MOULIN (BOULEVARD),43.29035,5.3997,20,2,1
202100040746,128Â 777,B01,1,1,1,0,2,8,-1,-1, -1,-1,2021,52.0,3,1,0,2,1,1,5,,4,,0,,2,4,1,2,(1),(1),1,, -1,1,0,1,50,8,5,2021,12:20,1,38,38151,2,1,0,3,Avenue Victor Hugo,45.1531,5.7113,12,2,2
202100007206,188Â 874,A01,1,1,1,5,2,0,-1,-1, -1,-1,2021,20.0,2,1,11,0,3,13,1,,3,BAYONNE (AVENUE DE),0,,2,3,3,1,9,700,1,, -1,1,0,1,50,19,11,2021,02:05,4,64,64024,2,1,0,6,BAYONNE (AVENUE DE),43.4805,-1.51448,2,1,1
202100037485,134Â 666,A01,1,1,2,5,2,-1,-1,0,0,-1,2021,76.0,2,0,0,0,0,1,3,,3,22,-1,,2,2,0,2,16,0,3,, -1,1,0,1,80,29,5,2021,16:35,1,42,42224,1,1,0,7,Route du Chateau du Bois,45.3438834187,4.4435725585,16,1,1
202100053976,105Â 268,A01,10,3,1,0,0,-1,-1,1,3,1,2021,31.0,1,2,0,1,1,26,1,,4,FITZELIN (DE),0,,1,1,0,1,0,0,1,, -1,2,0,1,50,23,1,2021,14:00,1,93,93031,2,1,1,6,FITZELIN (DE),48.95944,2.3043,14,2,1
202100005962,191Â 136,A01,1,1,2,1,1,-1,-1,-1, -1,-1,2021,45.0,2,2,0,2,1,1,1,,3,PRESIDENT ALLENDE BOULEVARD,0,,3,4,0,2,54,100,1,, -1,2,2,1,50,26,11,2021,12:00,1,29,29232,2,1,1,2,Boulevard President Allende,47.99219,-4.07344,12,2,2
202100033989,141Â 000,A01,1,1,1,0,2,-1,-1,-1, -1,-1,2021,29.0,3,1,6,0,3,13,1,,4,THIZY  RUE DE,0,,1,1,0,1,(1),(1),1,, -1,1,0,1,50,5,6,2021,20:50,1,69,69264,2,1,0,6,THIZY (DE) (R),45.9863359404,4.7163802385,20,1,1
202100024929,157Â 101,A01,9,2,2,5,8,-1,-1,0,0,-1,2021,5.0,2,2,0,2,8,9,1,,3,22,-1,D,2,2,0,1,5,65,1,, -1,1,5,1,70,10,8,2021,00:40,5,56,56161,1,6,0,3,Pont Fol,47.667862,-3.070378,0,5,2
202100046879,117Â 982,A01,1,1,2,9,1,8,-1,-1, -1,-1,2021,34.0,3,2,0,2,4,2,1,,4,DRAGUIGNAN (AVENUE DE),0,,2,2,0,1,0,0,3,, -1,1,0,1,50,22,3,2021,17:10,1,83,83062,1,1,0,5,DRAGUIGNAN (AVENUE DE),43.13779,6.03366,17,4,4
202100039696,130Â 625,A01,3,2,1,5,1,0,-1,-1, -1,-1,2021,18.0,2,2,3,0,0,26,1,,1,VA007331 A620,0,,1,2,0,2,13,887,3,, -1,2,3,1,50,16,5,2021,16:45,1,31,31555,1,1,1,6,VA007331 A620,43.573757,1.450131,16,2,1
202100038221,133Â 328,B01,1,1,2,1,8,0,-1,0,0,-1,2021,39.0,1,1,0,2,1,1,5,,4,RUE ALAIN,0,,3,3,1,1,(1),(1),2,, -1,1,0,5,50,25,5,2021,10:12,1,75,75114,2,4,0,1,RUE ALAIN,48.835998,2.315319,10,2,2
202100044420,122Â 285,B01,1,1,1,5,2,6,-1,0,0,-1,2021,15.0,1,1,0,2,3,1,1,,3,468,-1,,2,2,0,1,(1),(1),1,, -1,1,0,1,50,11,4,2021,12:35,1,68,68163,2,1,0,2,121 RUE DU RHIN,47.658566,7.504413,12,2,2
202100011934,180Â 394,A01,10,3,2,5,0,-1,-1,3,0,2,2021,62.0,1,2,0,1,2,1,1,,3,306,-1,,2,2,0,1,35,700,1,, -1,1,0,1,50,30,9,2021,14:40,1,69,69055,2,1,0,6,RD306,45.890206,4.742725,14,2,1
202100008404,186Â 712,B01,2,2,2,5,2,-1,-1,0,0,-1,2021,16.0,1,1,0,0,6,1,1,,3,936,0,A,2,2,0,1,30,550,1,, -1,1,0,1,80,13,11,2021,01:30,3,30,30348,1,1,0,2,Route de Ners,44.039035,4.147537,1,3,2
202100015054,174Â 801,C01,2,2,2,0,1,0,-1,-1, -1,-1,2021,36.0,1,2,0,2,4,2,1,,4,RD 956,0,,2,4,0,1,1,792,1,, -1,2,2,1,70,2,10,2021,18:42,5,41,41212,2,1,1,4,RD 956,47.57466,1.35316,18,5,3
202100028251,151Â 196,B01,1,1,1,5,2,6,9,0,0,-1,2021,53.0,3,1,0,2,4,18,1,,3,122,0,,2,2,0,1,17,300,1,, -1,1,0,1,80,19,7,2021,16:15,1,7,7203,1,4,0,3,,44.808465,4.210188,16,2,2
202100024087,158Â 604,A01,10,3,2,3,0,-1,-1,1,3,1,2021,71.0,3,2,0,1,2,20,1,,4,,-1,,1,1,0,1,(1),(1),1,,3,1,0,1,30,14,8,2021,17:25,1,74,74280,2,1,0,6,R des Portiques,45.881597,6.325054,17,2,1
202100054307,104Â 685,A01,1,1,1,0,8,-1,-1,-1, -1,-1,2021,50.0,0,2,0,0,0,1,1,,4,,0,,3,2,0,2,(1),(1),1,, -1,1,0,4,50,20,1,2021,09:10,1,69,69259,2,1,0,7,8 MAI 1945 (DU) (AV),45.69233,4.86805,9,1,1
202100050383,111Â 639,A01,1,1,1,4,2,0,-1,-1, -1,-1,2021,35.0,2,1,0,2,1,1,1,,3,ANA. FRANCE(RUE)1A75 ET 2A72,0,,1,2,0,1,60,0,1,, -1,1,0,1,50,24,2,2021,20:10,5,92,92044,2,2,0,3,ANA. FRANCE(RUE)1A75 ET 2A72,48.8912875625,2.2857838869,20,2,2
202100023626,159Â 392,A01,10,3,2,1,0,-1,-1,1,3,1,2021,34.0,3,2,0,1,1,2,1,,4, -,0, -,2,2,0,1,(1),(1),1,, -1,1,0,1,50,19,8,2021,09:00,1,6,6161,2,1,0,6,122 Chemin des Pierres Noires,43.639424,7.134871,9,2,1
202100035540,138Â 182,A01,10,3,2,5,0,-1,-1,2,4,3,2021,5.0,1,2,0,1,2,1,1,,4,RUE ERNEST RENAN,0,,1,1,0,1,(1),(1),1,, -1,1,0,1,50,9,6,2021,11:40,1,75,75115,2,1,0,6,RUE ERNEST RENAN,48.842613,2.310376,11,2,1
202100012439,179Â 476,A01,10,3,1,5,0,-1,-1,3,3,1,2021,34.0,1,2,0,1,2,1,1,,4,CHAZELLES ( COURS LOUIS  DE ),0,,2,4,3,1,(1),(1),1,, -1,1,0,1,30,15,10,2021,15:50,1,56,56121,2,6,0,6,CHAZELLES ( COURS LOUIS  DE ),47.75672,-3.36454,15,2,1
202100002952,196Â 495,A01,1,1,2,5,1,0,-1,-1, -1,-1,2021,67.0,1,2,4,0,2,1,1,,4,Corniche John FitzgÃ©rald Kennedy,0,,2,2,0,1,0,0,2,, -1,1,8,1,50,14,12,2021,08:45,1,13,13207,2,1,0,6,Corniche John FitzgÃ©rald Kennedy,43.2767112782,5.3576543173,8,1,1
202100018349,168Â 827,A01,10,3,2,5,0,-1,-1,9,3,1,2021,78.0,1,1,0,1,2,26,3,,4,FOCH BOULEVARD,0,,3,3,0,1,1,0,1,, -1,1,0,1,50,17,9,2021,17:59,1,49,49007,2,1,0,6,FOCH BOULEVARD,47.469672,-0.548587,17,2,1
202100016752,171Â 680,A01,2,2,2,5,8,0,-1,-1, -1,-1,2021,30.0,1,2,3,0,3,1,1,,1,A557-Liaison A7 Marseille-A55 Marseille,0,,1,2,0,2,1,100,2,, -1,2,2,1,50,26,9,2021,12:45,1,13,13202,1,1,0,5,A557-Liaison A7 Marseille-A55 Marseille,43.3167141725,5.3640602711,12,2,1
202100049585,113Â 120,A01,2,2,1,1,2,0,-1,-1, -1,-1,2021,18.0,2,1,0,2,1,2,1,,1,AUTOROUTE A104,0,,3,8,0,1,2,200,1,, -1,1,0,1,110,1,3,2021,08:30,1,93,93078,1,1,0,2,AUTOROUTE A104,48.96692,2.5133,8,3,2
202100045163,121Â 003,A01,7,2,2,5,1,-1,-1,0,0,-1,2021,11.0,2,2,6,0,1,1,1,,4,,0,,2,2,0,2,0,0,2,, -1,1,0,3,50,4,4,2021,20:45,5,67,67535,2,4,0,6,"5, rue du Stade",48.913859,7.423775,20,3,1
202100004610,193Â 534,A01,1,1,2,1,8,0,-1,-1, -1,-1,2021,52.0,1,2,0,2,8,1,1,,1,A50-Sens Marseille vers Aubagne,0,,1,3,0,1,9,500,1,, -1,1,0,1,90,30,11,2021,18:35,3,13,13211,1,1,0,3,A50-Sens Marseille vers Aubagne,43.28633,5.5088,18,1,1
202100048958,114Â 236,B01,1,1,1,4,2,0,-1,0,0,-1,2021,23.0,1,1,0,2,3,1,1,,4,RUE VAUVENARGUES,0,,2,1,0,1,(1),(1),1,, -1,1,0,1,50,5,3,2021,22:05,5,75,75118,2,2,0,1,RUE VAUVENARGUES,48.895972,2.330878,22,2,2
202100041558,127Â 321,B01,1,1,1,1,2,6,-1,0,0,-1,2021,29.0,2,1,0,2,2,2,1,,4,BOULEVARD VINCENT AURIOL,0,,1,2,0,1,(1),(1),1,, -1,1,0,1,50,3,5,2021,19:45,1,75,75113,2,3,0,3,BOULEVARD VINCENT AURIOL,48.831693,2.357947,19,2,2
202100043899,123Â 200,A01,1,1,1,4,2,0,-1,-1, -1,-1,2021,21.0,3,1,0,2,1,0,1,,4,SAINT PIERRE (RUE),0,,2,-1,0,1,(1),(1),1,, -1,1,0,1,50,15,4,2021,07:40,1,13,13212,2,3,0,1,SAINT PIERRE (RUE),43.291314,5.416967,7,2,2
202100039242,131Â 467,B01,1,1,1,0,1,0,-1,-1, -1,-1,2021,57.0,2,2,0,2,8,2,1,,1,AUTOROUTE A3,0,,3,10,0,1,6,699,1,, -1,2,0,1,70,19,5,2021,06:10,1,93,93053,1,1,1,5,AUTOROUTE A3,48.89503,2.47133,6,3,3
202100043687,123Â 592,A01,1,1,1,5,1,-1,-1,0,0,-1,2021,20.0,2,2,2,0,3,1,1,,3,511,-1,,2,2,0,1,31,500,1,, -1,1,0,3,90,18,4,2021,05:30,3,14,14345,1,1,0,6,D511,48.968808,-0.099993,5,1,1
202100046426,118Â 791,A01,1,1,1,5,1,-1,-1,0,0,-1,2021,19.0,2,2,2,0,2,1,1,,3,31,-1,,2,2,0,2,0,474,4,, -1,1,0,3,80,28,3,2021,06:00,3,82,82042,1,1,0,6,Cazillac,44.250072,1.196394,6,2,1
202100034922,139Â 284,B01,1,1,1,9,2,8,-1,-1, -1,-1,2021,17.0,1,1,0,2,1,1,3,,3,BADUEL (ROUTE DE),0,,2,2,2,1,4,250,1,, -1,2,9,1,50,11,6,2021,18:10,5,973,97302,2,1,1,3,BADUEL (ROUTE DE),4.9284147854,-52.2938096524,18,3,2