Num_Acc,id_vehicule,num_veh,place,catu,sexe,trajet,secu1,secu2,secu3,locp,actp,etatp,year_acc,victim_age,senc,catv,obs,obsm,choc,manv,motor,occutc,catr,voie,v1,v2,circ,nbv,vosp,prof,pr,pr1,plan,lartpc,larrout,surf,infra,situ,vma,jour,mois,an,hrmn,lum,dep,com,agg_,int,atm,col,adr,lat,long,hour,nb_victim,nb_vehicules
202100018329,168Â 862,B01,1,1,2,2,8,0,-1,-1, -1,-1,2021,27.0,2,1,0,2,7,1,3,,4,ETATS-UNIS (BOULEVARD DES),0,,2,2,0,1,(1),(1),1,, -1,1,0,1,50,16,9,2021,15:30,1,60,60159,2,6,0,3,Boulevard des Ãtats-Unis,49.40812,2.82237,15,2,2
202100014551,175Â 694,B01,1,1,2,5,2,6,-1,-1, -1,-1,2021,42.0,3,1,0,2,1,1,1,,4,BOUCLE (DE LA)                      (MO),0,,1,2,0,2,(1),(1),1,, -1,1,0,1,50,7,10,2021,22:15,4,69,69034,2,1,0,2,BOUCLE (DE LA) (MO),45.7828,4.83589,22,2,2
202100008262,186Â 944,A01,10,3,1,9,0,-1,-1,3,3,1,2021,53.0,1,1,0,1,3,1,3,,4,RUE OBERKAMPF,0,,1,1,0,1,(1),(1),1,, -1,1,0,1,30,12,11,2021,19:00,5,75,75111,2,2,0,6,RUE OBERKAMPF,48.862656,2.367322,19,2,1
202100006343,190Â 454,B01,1,1,1,5,2,-1,-1,0,0,-1,2021,19.0,2,1,0,0,8,21,1,,2,01,-1,,2,2,1,1,12,100,1,, -1,1,0,1,60,25,11,2021,19:45,5,987,98738,1,1,0,3,PK 12.100 RT1 Face Ã  la servitude PAPEHIAROUO,-17.615065,-149.614424,19,2,2
202100021615,162Â 996,B01,1,1,2,0,1,8,-1,-1, -1,-1,2021,29.0,3,2,0,2,3,1,1,,4,,0,,2,2,0,1,(1),(1),1,, -1,1,0,1,50,31,8,2021,12:30,1,45,45234,2,1,0,1,Rue Honore de Balzac,47.8220702442,1.9245289564,12,2,2
202100032294,144Â 036,B01,2,2,1,5,1,0,-1,-1, -1,-1,2021,29.0,1,2,0,2,1,1,1,,4,MADRAGUE VILLE (RUE),0,,2,2,0,1,0,0,3,, -1,1,0,1,50,25,6,2021,23:55,5,13,13215,2,9,0,1,MADRAGUE VILLE (RUE),43.3332101545,5.3585707315,23,3,2
202100008793,186Â 030,A01,1,1,2,5,1,-1,-1,0,0,-1,2021,56.0,1,2,6,0,1,1,1,,3,21,0,,2,2,0,2,72,12,1,, -1,1,0,4,50,22,10,2021,09:35,1,86,86116,2,3,0,6,2 Rue Melusine,46.46371,0.067522,9,1,1
202100042971,124Â 861,B01,9,2,1,9,3,-1,-1,0,0,-1,2021,7.0,1,2,0,2,8,1,1,,3,31,-1,,2,2,0,1,21,100,1,, -1,1,0,1,80,23,4,2021,18:00,1,27,27037,1,2,0,6,D31,49.081582,0.829618,18,5,2
202100017597,170Â 166,A01,1,1,1,1,2,6,-1,-1, -1,-1,2021,43.0,1,1,0,2,8,3,1,,1,A86 EXT,0,,1,3,0,1,38,400,1,, -1,1,0,1,90,22,9,2021,19:50,1,94,94028,1,1,0,2,A86 EXT,48.79665,2.44336,19,2,2
202100016163,172Â 750,A01,10,3,2,0,0,-1,-1,4,3,1,2021,25.0,0,1,0,1,3,26,1,,4,STALINGRAD ( BD DE ),0,,2,2,2,1,(1),(1),1,, -1,1,0,1,30,28,9,2021,19:50,2,44,44109,2,1,0,6,STALINGRAD ( BD DE ),47.21892,-1.53687,19,2,1
202100028759,150Â 317,A01,10,3,2,4,0,-1,-1,3,3,1,2021,26.0,0,2,0,1,3,2,1,,4,,0,,1,2,1,1,(1),(1),1,,4,1,0,8,30,10,7,2021,18:00,1,33,33214,2,1,0,6,9 Boulevard de la Plage,45.003784,-1.201351,18,2,1
202100008611,186Â 348,A01,1,1,1,2,2,0,-1,-1, -1,-1,2021,43.0,3,1,0,2,0,0,5,,4,PRESIDENT ROOSEVELT (AV DU),0,,2,2,0,1,1,0,1,, -1,1,0,1,50,10,11,2021,08:30,5,94,94073,2,1,0,2,Av du Pdt Franklin Roosevelt,48.7655715885,2.3975300789,8,2,2
202100041384,127Â 635,A01,1,1,1,1,2,6,-1,-1, -1,-1,2021,55.0,2,1,4,0,3,13,1,,1,A507 sens Aubagne- Marseille,0,,3,3,0,2,1,600,3,, -1,1,1,1,70,4,5,2021,22:07,5,13,13055,1,1,0,7,A507 sens Aubagne- Marseille,43.33054,5.3917,22,1,1
202100052508,107Â 864,A01,1,1,1,1,1,-1,-1,0,0,-1,2021,54.0,2,2,6,0,1,16,1,,3,111,-1,,2,2,0,1,16,900,3,, -1,2,0,3,80,5,2,2021,19:45,3,85,85238,1,1,1,7,D 111,46.958611,-0.921435,19,1,1
202100047181,117Â 431,A01,1,1,1,0,0,-1,-1,0,0,-1,2021,51.0,2,2,0,0,9,17,1,,3,441,-1,,2,2,0,1,14,388,1,, -1,1,0,3,90,22,3,2021,15:45,1,10,10299,1,1,0,7,route dÃ©partementale 441,48.535874,4.083867,15,1,1
202100044100,122Â 847,A01,1,1,1,4,2,4,-1,0,0,-1,2021,48.0,3,1,0,2,1,5,5,,4,,-1,,1,1,1,2,(1),(1),3,, -1,1,0,1,50,13,4,2021,11:20,1,69,69040,2,1,0,1,CREUSE (DE) (CHM),45.801898,4.792437,11,2,2
202100031249,145Â 886,A01,1,1,1,5,2,6,-1,0,0,-1,2021,21.0,1,1,13,0,0,14,1,,3,952,-1,,2,2,0,1,47,160,2,, -1,1,2,3,80,3,7,2021,16:10,1,4,4135,2,1,0,6,RD 952,43.846212,6.203606,16,1,1
202100034049,140Â 898,A01,10,3,1,5,0,-1,-1,1,5,2,2021,4.0,3,2,0,1,2,1,1,,4,VIEIL ABREUVOIR (RUE DU),0,,1,1,0,3,(1),(1),3,, -1,1,0,1,50,15,6,2021,11:50,1,59,59512,2,1,0,6,VIEIL ABREUVOIR (RUE DU),50.69294,3.17354,11,2,1
202100006287,190Â 556,A01,1,1,1,5,2,6,-1,0,0,-1,2021,24.0,3,1,0,2,3,1,1,,4,AVENUE DE LA PORTE D AUTEUIL,0,,2,2,1,1,(1),(1),1,, -1,1,0,1,50,24,11,2021,20:15,5,75,75116,2,4,0,3,AVENUE DE LA PORTE D AUTEUIL,48.847993,2.251285,20,2,2
202100001519,199Â 084,A01,9,2,2,5,1,-1,-1,0,0,-1,2021,18.0,1,2,13,0,3,1,1,,3,940,-1,,2,2,0,1,6,100,1,, -1,1,0,3,90,25,12,2021,20:30,3,19,19019,1,1,0,6,Le Moulin Abadiol - RD 940,44.988473,1.823049,20,4,1
202100033440,142Â 000,B01,1,1,2,0,8,0,-1,-1, -1,-1,2021,31.0,1,1,1,0,0,1,5,,3,REPUBLIQUE (AVE DE LA ) => NO 41/50,0,,2,2,0,1,0,0,1,, -1,1,0,1,50,19,6,2021,13:50,1,93,93001,2,1,0,3,REPUBLIQUE (AVE DE LA ) => NO 41/50,48.912112,2.383813,13,2,2
202100028248,151Â 202,B01,1,1,1,5,2,6,-1,0,0,-1,2021,57.0,1,1,0,2,2,13,1,,7,5,-1,,2,2,0,4,(1),(1),1,, -1,1,0,1,50,20,7,2021,15:30,1,38,38158,2,1,0,3,Avenue du Maquis de l'Oisans,45.147455,5.75719,15,3,2
202100016218,172Â 647,A01,10,3,2,0,0,-1,-1,2,3,1,2021,15.0,0,2,0,1,1,26,1,,4,HAMBOURG (BOULEVARD),0,,3,4,0,1,0,0,1,, -1,1,0,1,50,28,9,2021,09:20,1,13,13208,2,1,1,6,HAMBOURG (BOULEVARD),43.2495844925,5.3900544299,9,2,1
202100014546,175Â 701,A01,1,1,2,0,1,0,-1,-1, -1,-1,2021,30.0,1,2,0,2,1,2,1,,4,VERDUN (BOULEVARD),0,,3,2,0,1,0,0,1,, -1,1,0,1,50,6,10,2021,14:50,1,974,97407,2,1,0,2,VERDUN (BOULEVARD),-20.93988,55.29522,14,2,2
202100026889,153Â 642,B01,1,1,2,9,1,-1,-1,0,0,-1,2021,21.0,1,2,0,2,4,1,1,,4,108,-1,D,2,2,0,2,(1),(1),1,, -1,1,0,1,50,27,7,2021,20:40,1,29,29172,2,1,0,2,Route de Lestrevet,48.1730633933,-4.285492169,20,3,2
202100029842,148Â 449,B01,1,1,1,0,2,8,-1,-1, -1,-1,2021,36.0,1,1,0,2,0,0,1,,4,ROGER SALENGRO (R),0,,2,2,0,1,0,0,1,, -1,1,0,1,50,9,7,2021,13:55,1,94,94033,2,1,0,3,ROGER SALENGRO (R),48.85063,2.48829,13,4,4
202100055085,103Â 350,A01,2,1,1,0,2,8,-1,-1, -1,-1,2021,31.0,1,1,0,2,3,9,1,,3,CREVECOEUR (RUE DE),0,,2,2,0,1,0,1,1,, -1,2,0,1,50,14,1,2021,21:30,5,93,93027,2,3,1,3,SUD (ALLEE DU),48.9193811447,2.3840864003,21,2,2
202100005890,191Â 264,A01,10,3,1,5,0,-1,-1,8,9,1,2021,61.0,2,2,1,1,1,13,1,,4,ROUSSILLON (AVENUE DU),0,,2,2,0,1,0,0,1,, -1,2,0,1,30,26,11,2021,10:15,1,87,87085,2,1,0,6,ROUSSILLON (AVENUE DU),45.81757,1.22323,10,2,1
202100007556,188Â 235,B01,1,1,1,1,2,0,-1,-1, -1,-1,2021,46.0,2,1,0,2,3,3,1,,1,A4,0,,1,5,0,1,2,200,1,, -1,1,0,1,90,18,11,2021,07:30,2,94,94018,1,1,0,3,A4,48.8176,2.418,7,2,2
202100028702,150Â 415,A01,1,1,1,1,2,0,-1,-1, -1,-1,2021,44.0,2,1,0,2,2,25,3,,4,LISBONNE (RUE DE),0,,2,3,0,1,0,0,1,, -1,1,0,4,50,16,7,2021,20:00,1,93,93064,2,1,0,1,LISBONNE (RUE DE),48.8799762088,2.4741339684,20,2,2
202100046201,119Â 185,A01,1,1,1,5,1,4,-1,-1, -1,-1,2021,34.0,2,2,0,2,1,2,1,,1,Autoroute A30,0,,-1,4,0,1,24,549,1,, -1,1,0,1,110,27,3,2021,20:20,3,57,57041,1,1,0,2,Autoroute A30,49.4095021,5.920372,20,2,2
202100032531,143Â 621,A01,10,3,2,0,0,-1,-1,1,3,1,2021,66.0,2,1,0,1,0,26,0,,3,REPUBLIQUE AVENUE DE LA,0,,2,2,0,1,1,0,1,, -1,1,0,1,50,24,6,2021,17:30,1,93,93006,2,1,0,6,Avenue de la RÃ©publique,48.86191,2.41668,17,2,1
202100055030,103Â 447,A01,10,3,2,5,0,-1,-1,6,3,1,2021,67.0,1,2,0,1,1,1,1,,7,400,0,,2,-1,0,1,31,16,1,, -1,2,0,1,-1,13,1,2021,16:30,1,54,54357,2,1,1,6,DE GAULLE (RUE DU GAL),48.7043406587,6.1317524314,16,2,1
202100049368,113Â 515,Y01,1,1,1,9,0,-1,-1,0,0,-1,2021,50.0,1,1,0,2,7,9,5,,4,DECUGIS (AVENUE ALFRED),0,,-1,1,0,1,0,0,2,, -1,1,9,1,50,3,3,2021,17:00,1,83,83069,1,9,0,1,DECUGIS (AVENUE ALFRED),43.1165,6.1467,17,2,2
202100028385,150Â 974,A01,1,1,1,5,1,-1,-1,0,0,-1,2021,38.0,1,2,2,0,1,1,1,,3,15,2,B,2,2,0,1,19,500,1,, -1,1,0,3,80,18,7,2021,19:30,1,70,70493,1,1,0,6,D15b,47.402023,6.0511493,19,1,1
202100044020,122Â 993,B01,1,1,1,0,1,0,-1,0,0,-1,2021,56.0,3,2,0,2,4,9,1,,7,CHARME (RUE DE LA),0,,2,3,0,1,(1),(1),1,, -1,1,0,1,50,13,4,2021,11:34,1,63,63113,2,3,0,2,CHARME (RUE DE LA),45.80767,3.12829,11,3,2
202100021352,163Â 487,A01,1,1,1,3,2,6,-1,0,0,-1,2021,23.0,1,1,0,0,0,1,1,,4,,-1,,2,2,0,1,(1),(1),1,,4,9,0,1,50,30,8,2021,18:30,1,38,38229,2,1,0,7,Chemin de Saint-Martin,45.221147,5.797316,18,1,1
202100055494,102Â 654,A01,1,1,1,0,2,-1,-1,-1, -1,-1,2021,38.0,1,1,0,2,0,1,1,,4,RUE THERESIA CABARRUS,0,,1,1,0,1,(1),(1),1,, -1,1,0,1,30,10,1,2021,20:55,5,33,33063,2,2,0,3,Rue Theresia Cabarrus,44.8229937357,-0.5954100027,20,2,2
202100014390,175Â 987,A01,5,2,1,5,1,0,-1,-1, -1,-1,2021,19.0,1,2,0,2,1,13,1,,4,GRIVEL (BOULEVARD AMIRAL),0,,2,2,0,1,(1),(1),3,, -1,2,0,1,50,4,10,2021,05:45,5,19,19031,2,1,0,1,GRIVEL (BOULEVARD AMIRAL),45.15541,1.54013,5,4,2
202100035795,137Â 723,B01,7,2,1,0,0,-1,-1,0,0,-1,2021,19.0,2,1,0,2,0,11,1,,4,,0,,2,2,0,1,(1),(1),1,,5,1,9,1,50,8,6,2021,19:10,1,11,11353,2,3,0,3,Avenue des Treilles,43.246875,2.920523,19,3,2
202100012533,179Â 310,A01,1,1,1,5,1,-1,-1,0,0,-1,2021,21.0,1,2,0,2,7,19,1,,2,10,-1,,3,0,0,1,76,800,1,,0,1,5,1,90,18,10,2021,02:39,3,86,86293,1,2,0,3,Peuchault,46.406271,0.238436,2,3,2
202100003958,194Â 674,A01,10,3,2,2,0,-1,-1,3,3,1,2021,18.0,1,2,0,1,7,21,1,,4,VERGES(AVENUE),0,,1,1,0,1,0,0,1,, -1,1,9,8,50,6,12,2021,07:40,1,974,97407,2,1,0,3,VERGES(AVENUE),-20.93967,55.30325,7,2,1
202100008912,185Â 803,A01,2,2,2,9,1,0,-1,-1, -1,-1,2021,79.0,1,2,0,2,3,2,1,,1,A12 W,0,,3,2,0,1,5,300,1,, -1,1,1,1,90,8,11,2021,15:00,1,78,78242,1,1,0,2,A12 W,48.806844,2.051998,15,3,2
202100039566,130Â 864,A01,10,3,1,5,0,-1,-1,1,5,1,2021,3.0,1,2,0,1,2,1,1,,4,EDMOND ROSTAND (RUE),0,,2,2,1,1,0,0,1,, -1,1,0,1,50,15,5,2021,17:10,1,67,67482,2,1,0,6,EDMOND ROSTAND (RUE),48.59168,7.6927,17,2,1
202100046055,119Â 432,B01,1,1,2,1,2,6,-1,-1, -1,-1,2021,44.0,1,1,0,2,1,18,1,,1,4,0,,3,8,0,1,7,0,1,, -1,1,0,1,90,30,3,2021,17:50,1,94,94042,1,1,0,2,A4,48.82748,2.4702,17,2,2
202100025187,156Â 641,B01,1,1,1,5,1,-1,-1,0,0,-1,2021,29.0,1,2,0,2,6,2,1,,3,117,0,,2,2,0,2,4,500,1,, -1,1,0,1,-1,7,8,2021,13:40,1,44,44173,1,1,0,2,La FuseliÃ¨re,47.087511,-1.327634,13,2,2
202100000007,201Â 751,A01,1,1,1,0,1,5,-1,-1, -1,-1,2021,30.0,3,2,0,2,2,1,1,,4,REPUBLIQUE (PLACE DE LA),0,,2,0,0,1,0,1,1,, -1,1,5,1,50,13,12,2021,19:10,5,38,38053,2,9,0,1,REPUBLIQUE (PLACE DE LA),45.5888,5.27305,19,3,2
202100052041,108Â 692,A01,1,1,1,1,2,6,-1,0,0,-1,2021,22.0,2,1,0,2,7,5,1,,4,RUE DE LA CHAUSSEE D ANTIN,0,,1,1,0,1,(1),(1),1,, -1,1,0,1,50,9,2,2021,16:30,1,75,75109,2,1,0,3,RUE DE LA CHAUSSEE D ANTIN,48.872229,2.333612,16,2,2
202100050905,110Â 688,B01,1,1,1,1,2,0,-1,0, -1,-1,2021,31.0,1,1,0,2,1,1,1,,4,SAINT MARC (DE 64 A 112 ET 91 A 125),0,,2,2,0,1,(1),(1),1,, -1,1,5,1,50,19,2,2021,21:15,5,29,29019,2,3,0,1,Rue Saint-Marc,48.3976010692,-4.4671306014,21,2,2
202100016558,172Â 034,B01,1,1,1,0,8,0,-1,-1, -1,-1,2021,47.0,2,1,0,2,0,0,3,,4,,0,,2,2,0,1,0,0,1,, -1,2,0,1,50,27,9,2021,11:20,1,92,92051,2,1,0,3,"VICTOR HUGO (BOULEVARD, NÂ° 51 A 75 ET 62",48.89135,2.27523,11,2,2
202100041920,126Â 689,B01,1,1,2,1,1,0,-1,0,0,-1,2021,35.0,2,2,0,2,2,11,1,,7,DIGUE DES FRANCAIS (TRAV. DE LA),0,,1,4,0,1,(1),(1),2,, -1,1,2,6,50,30,4,2021,06:40,1,6,6088,2,9,0,6,DIGUE DES FRANCAIS (TRAV. DE LA),43.67664,7.20141,6,2,2
202100031357,145Â 695,A01,1,1,1,9,0,-1,-1,0,0,-1,2021,15.0,3,1,0,0,0,0,5,,4,0,0,,2,2,0,2,(1),(1),1,, -1,1,0,8,50,3,7,2021,03:00,3,42,42139,2,1,0,7,Route du Play,45.284965,4.389762,3,1,1
202100019288,167Â 159,A01,2,2,2,5,8,-1,-1,0,0,-1,2021,20.0,1,2,13,0,1,16,1,,3,47,-1,,2,2,0,2,49,50,1,, -1,1,0,3,80,24,8,2021,23:20,3,46,46197,1,3,0,6,D47,44.355809,1.441765,23,3,1
202100029541,148Â 990,A01,1,1,1,5,2,-1,-1,0,0,-1,2021,68.0,1,1,0,2,2,1,1,,3,77,-1,,2,2,0,2,16,0,1,, -1,1,5,1,80,11,7,2021,11:50,1,27,27196,1,6,0,3,D77,49.297283,1.174722,11,2,2
202100049824,112Â 688,B01,1,1,1,0,2,6,-1,0,0,-1,2021,51.0,2,1,0,2,1,1,1,,4,,-1,,2,2,0,1,(1),(1),1,, -1,1,0,1,30,1,3,2021,15:05,1,77,77060,2,1,0,1,6 rue des roches,48.287412,2.43039,15,2,2
202100049190,113Â 831,A01,1,1,1,5,2,6,9,0,0,-1,2021,26.0,2,1,16,0,1,14,1,,3,368,0,D,2,2,0,2,11,495,2,, -1,1,0,8,80,6,3,2021,15:30,1,201,201247,1,1,0,7,Route de l'Ospedale,41.6431378886,9.205628734,15,1,1
202100026489,154Â 349,B01,10,3,2,1,0,-1,-1,3,3,1,2021,18.0,1,2,0,1,1,21,1,,3,FERE EN TARDENOIS ( ROUTE DE - C.D. 06 ),0,,2,2,0,1,0,0,1,, -1,1,0,1,50,7,7,2021,11:15,1,2,2064,2,1,0,6,FERE EN TARDENOIS ( ROUTE DE - C.D. 06 ),49.36667,3.33398,11,2,1
202100023072,160Â 378,A01,10,3,1,5,0,-1,-1,3,2,2,2021,16.0,1,0,0,1,3,15,0,,4,JUILLET (BOULEVARD DE),0,,2,2,0,1,0,0,1,, -1,1,0,1,50,20,7,2021,15:20,1,28,28134,2,1,0,3,JUILLET (BOULEVARD DE),48.72393,1.37501,15,2,1
202100019378,166Â 993,B01,1,1,2,5,2,0,-1,-1, -1,-1,2021,18.0,2,1,0,2,8,16,1,,3,DANIELLE CASANOVA (AV),0,,2,2,0,1,0,0,1,, -1,1,0,1,50,12,9,2021,11:00,1,94,94041,2,3,0,3,DANIELLE CASANOVA (AV),48.81425,2.38444,11,2,2
202100027685,152Â 228,A01,10,3,2,5,0,-1,-1,5,1,1,2021,13.0,2,5,0,1,7,20,1,,4,LORY LES BAS (RUE),0,,2,2,0,1,0,0,1,, -1,1,0,4,50,19,7,2021,14:00,1,974,97411,2,3,1,3,LORY LES BAS (RUE),-20.89055,55.4805,14,2,1
202100035166,138Â 850,B01,1,1,1,5,2,6,-1,0,0,-1,2021,16.0,2,1,0,2,1,1,1,,3,115,0,D,2,2,0,4,4,140,2,, -1,1,0,1,50,1,6,2021,20:05,1,6,6048,2,1,0,1,Route de Sclos,43.812698,7.34192,20,4,2
202100054997,103Â 507,A01,2,2,2,9,1,0,-1,-1, -1,-1,2021,27.0,1,5,0,2,1,2,1,,1,AUTOROUTE A104,0,,3,6,0,1,5,0,1,, -1,2,0,1,90,14,1,2021,16:25,1,93,93078,1,1,1,4,AUTOROUTE A104,48.96173,2.54518,16,4,3
202100055621,102Â 425,A01,1,1,2,1,1,-1,-1,0,0,-1,2021,27.0,2,2,0,0,7,1,1,,3,102,-1,,2,2,0,1,3,403,3,, -1,7,0,3,80,11,1,2021,08:20,2,2,2582,1,1,1,7,D102,49.424099,3.709761,8,1,1
202100051707,109Â 267,Z01,10,3,1,5,8,8,-1,4,3,2,2021,16.0,2,2,0,1,6,15,2,,4,RUE DES POISSONNIERS,0,,2,4,3,1,(1),(1),1,, -1,1,0,1,50,12,2,2021,13:45,1,75,75118,2,2,0,6,RUE DES POISSONNIERS,48.891185,2.351621,13,2,1
202100001014,199Â 952,B01,1,1,1,0,2,0,-1,-1, -1,-1,2021,48.0,1,1,0,2,1,1,1,,4,RUE DES VIOLETTES,0,,2,0,0,1,(1),(1),1,, -1,1,0,1,50,29,12,2021,10:15,1,44,44190,2,1,0,3,RUE DES VIOLETTES,47.19778,-1.50891,10,2,2
202100005103,192Â 652,A01,10,3,2,5,0,-1,-1,4,3,1,2021,55.0,2,2,0,1,2,15,1,,4,RUE ROTTEMBOURG,0,,2,2,0,1,(1),(1),1,, -1,2,0,1,30,1,12,2021,18:20,5,75,75112,2,4,0,6,RUE ROTTEMBOURG,48.838912,2.408454,18,3,1
202100013972,176Â 726,A01,1,1,1,0,2,6,-1,-1, -1,-1,2021,54.0,1,1,0,2,7,17,1,,2,RN12,0,,3,3,0,1,20,400,1,, -1,1,0,1,110,10,10,2021,19:35,3,78,78646,1,1,0,3,RN12,48.78897,2.131708,19,2,2
202100051495,109Â 661,A01,1,1,1,5,2,6,-1,0,0,-1,2021,24.0,1,1,0,2,1,1,1,,3,215,-1,D,2,2,0,1,1,700,1,, -1,1,0,1,50,16,2,2021,18:05,1,64,64067,2,3,0,3,Route du Bois,43.254443,-0.292329,18,2,2
202100046028,119Â 484,B01,1,1,1,5,2,-1,-1,0,0,-1,2021,34.0,2,1,0,2,1,1,1,,3,59,-1,,2,2,0,2,(1),(1),2,, -1,1,0,1,50,29,3,2021,16:33,1,8,8363,2,1,1,3,59 Avenue Jean-baptiste ClÃ©ment,49.935203,4.640388,16,2,2
202100001393,199Â 282,A01,1,1,1,0,2,-1,-1,0,0,-1,2021,31.0,2,1,0,2,1,2,1,,3,7,-1,,2,2,0,1,(1),(1),1,, -1,1,0,1,90,26,12,2021,17:25,1,972,97231,1,1,0,5,D7 FACE MANGOFIL,14.528878,-61.017079,17,6,3
202100039175,131Â 598,A01,1,1,1,5,0,-1,-1,0,0,-1,2021,12.0,1,1,0,2,8,19,5,,3,86,-1,,2,2,0,1,6,375,1,, -1,1,0,1,50,16,5,2021,14:30,1,62,62580,2,1,0,1,Rue de Saint Pol,50.39898,2.432533,14,2,2
202100007773,187Â 857,B01,1,1,1,9,2,6,-1,0,0,-1,2021,20.0,0,1,0,2,7,9,1,,3,GRACE (RUE DE),0,,2,2,0,1,(1),(1),1,, -1,1,0,1,50,13,11,2021,16:45,1,80,80021,2,6,0,1,GRACE (RUE DE),49.9112,2.25499,16,2,2
202100006555,190Â 083,A01,10,3,1,0,8,8,-1,0,5,1,2021,8.0,3,2,0,2,8,21,1,,4,tsoundzou-Maternelle ( rue de la ),0,,1,1,0,1,0,0,4,, -1,1,9,1,30,22,11,2021,11:30,1,976,97611,2,1,0,6,tsoundzou-Maternelle ( rue de la ),-12.80717,45.20471,11,2,1
202100024471,157Â 932,B01,1,1,1,5,2,6,9,0,0,-1,2021,23.0,2,1,0,2,1,1,1,,4,6015,0,D,2,2,0,1,(1),(1),1,, -1,1,0,1,50,13,8,2021,12:30,1,76,76057,2,1,0,1,241 Rue de la LibertÃ©,49.537558,0.962805,12,2,2
202100027654,152Â 289,A01,10,3,2,2,0,-1,-1,9,B,1,2021,70.0,3,2,0,1,2,1,1,,6,,-1,,-1,-1,0,1,(1),(1),2,,4,2,0,8,-1,6,7,2021,08:12,1,57,57443,2,1,1,6,Rue de la Rousse,49.211777,6.115743,8,2,1
202100036359,136Â 705,A01,10,3,1,9,0,-1,-1,3,3,1,2021,17.0,3,2,0,1,1,1,1,,3,Route DÃ©partementale 619,0,,2,2,0,1,63,907,1,, -1,1,5,1,50,3,6,2021,16:28,1,77,77459,2,3,0,6,Route DÃ©partementale 619,48.53880419,3.35070864,16,2,1
202100015724,173Â 562,A01,1,1,1,0,1,8,-1,-1, -1,-1,2021,27.0,1,2,14,0,1,26,1,,1,AUTOROUTE A3,0,,3,10,0,1,6,500,3,, -1,2,0,1,70,2,10,2021,04:40,3,93,93053,1,1,0,6,AUTOROUTE A3,48.89854,2.46975,4,1,1
202100044428,122Â 270,A01,2,2,1,0,8,0,-1,-1, -1,-1,2021,25.0,2,2,0,0,3,13,1,,2,385,0,,1,4,0,2,55,900,2,, -1,2,0,2,90,10,4,2021,23:00,3,91,91645,1,1,1,6,RN 385 INT,48.7601462608,2.25600388,23,2,1
202100020385,165Â 200,A01,1,1,2,5,8,-1,-1,0,0,-1,2021,73.0,1,1,0,2,4,2,5,,3,,0,,2,2,0,1,38,500,1,, -1,1,0,3,80,8,9,2021,09:30,1,25,25222,1,1,0,2,D492,47.148312,6.241264,9,2,2
202100045702,120Â 051,A01,10,3,1,5,0,-1,-1,3,3,1,2021,78.0,2,2,0,1,1,15,1,,3,4,0,D,2,2,0,1,(1),(1),1,, -1,1,2,1,50,2,4,2021,16:20,1,38,38087,2,3,0,6,Chemin des Roues,45.576415,4.805419,16,2,1
202100034106,140Â 797,A01,1,1,1,1,2,6,-1,0,0,-1,2021,49.0,2,1,0,2,3,7,1,,4,AVENUE MARCEAU,0,,2,4,3,1,(1),(1),1,, -1,1,0,6,50,16,6,2021,14:30,1,75,75116,2,7,0,3,AVENUE MARCEAU,48.866139,2.299649,14,2,2
202100003694,195Â 150,A01,1,1,1,5,2,6,-1,-1, -1,-1,2021,28.0,3,1,0,2,2,2,1,,4,VOLTAIRE    IMPAIRS (BOULEVARD),0,,2,1,0,2,0,0,1,, -1,1,0,1,50,10,12,2021,20:51,5,13,13201,2,9,0,3,VOLTAIRE    IMPAIRS (BOULEVARD),43.3,5.38,20,2,2
202100040414,129Â 372,B01,1,1,1,0,2,-1,-1,0,0,-1,2021,83.0,3,1,0,2,4,1,5,,9,,-1,,2,2,0,1,(1),(1),1,, -1,1,0,1,50,11,5,2021,14:45,1,30,30179,2,1,0,6,avenue du gÃ©nÃ©ral de Gaulle,43.87411,4.592499,14,2,2
202100050041,112Â 292,A01,1,1,1,0,-1,0,-1,-1, -1,-1,2021,25.0,1,1,0,2,1,17,1,,4,CONDORCET (RUE),0,,2,2,0,1,(1),(1),1,, -1,1,0,1,50,24,2,2021,10:55,1,13,13216,2,1,0,1,CONDORCET (RUE),43.3564728889,5.3441508987,10,2,2
202100026879,153Â 671,B01,1,1,1,1,2,-1,-1,0,0,-1,2021,21.0,2,1,0,2,1,2,1,,3,16,-1,,2,2,0,2,1,900,1,, -1,1,0,1,80,27,7,2021,17:25,1,972,97210,1,1,0,3,D16/Gabourin 2,14.593172,-60.920734,17,2,2
202100043656,123Â 640,B01,2,2,2,9,2,8,-1,-1, -1,-1,2021,22.0,2,1,0,2,1,17,1,,4,AV DE LA DIVISION DU GENERAL LECLERC ,0,,2,2,0,1,1,0,1,, -1,1,0,1,50,17,4,2021,18:30,1,94,94076,2,1,0,3,Avenue de la Division Leclerc,48.78525,2.36993,18,3,2
202100028418,150Â 919,A01,2,2,1,4,8,-1,-1,0,0,-1,2021,20.0,1,4,13,0,2,1,1,,3,54,0,D,2,2,0,1,9,200,1,, -1,1,0,3,80,19,7,2021,07:25,1,42,42304,1,1,0,6,Route des Monts,45.553359,4.213804,7,2,1
202100011704,180Â 814,A01,1,1,2,5,2,-1,-1,0,0,-1,2021,53.0,1,1,0,2,1,5,1,,3,43,0,,2,2,0,1,5,720,2,, -1,1,0,1,80,22,10,2021,13:35,1,6,6162,1,1,0,1,D43,44.077038,7.641656,13,2,2