Num_Acc,id_vehicule,num_veh,place,catu,sexe,trajet,secu1,secu2,secu3,locp,actp,etatp,year_acc,victim_age,senc,catv,obs,obsm,choc,manv,motor,occutc,catr,voie,v1,v2,circ,nbv,vosp,prof,pr,pr1,plan,lartpc,larrout,surf,infra,situ,vma,jour,mois,an,hrmn,lum,dep,com,agg_,int,atm,col,adr,lat,long,hour,nb_victim,nb_vehicules
202100022284,161Â 801,A01,1,1,1,0,2,0,-1,-1, -1,-1,2021,25.0,0,1,0,2,0,0,1,,7,georges COUTTON (rond point),0,,1,1,0,1,0,0,1,, -1,1,0,1,50,27,8,2021,20:10,2,13,13001,1,9,0,3,georges COUTTON (rond point),43.50574,5.41221,20,2,2
202100016658,171Â 853,A01,1,1,1,0,1,0,-1,-1, -1,-1,2021,27.0,2,2,1,2,1,13,1,,4,VISTE (AVENUE DE LA),0,,2,2,0,1,0,0,1,, -1,1,0,1,50,26,9,2021,19:20,5,13,13215,2,1,0,1,VISTE (AVENUE DE LA),43.35848,5.35762,19,4,4
202100021893,162Â 498,C01,1,1,2,0,1,0,-1,-1, -1,-1,2021,40.0,2,2,0,2,4,0,1,,1,A7-Sens Marseille vers Lyon,0,,1,3,0,1,268,0,1,, -1,1,0,1,110,30,8,2021,08:30,1,13,13071,1,1,0,4,A7-Sens Marseille vers Lyon,43.4055595461,5.3376440677,8,5,3
202100038339,133Â 100,A01,1,1,1,0,2,0,-1,-1, -1,-1,2021,18.0,2,1,0,2,2,17,1,,4,PANCHOT (AVENUE JULIEN),0,,-1,2,0,1,0,0,1,, -1,1,0,1,50,21,5,2021,18:10,1,66,66136,2,3,0,3,PANCHOT (AVENUE JULIEN),42.69012,2.87973,18,2,2
202100033486,141Â 920,A01,1,1,1,1,2,6,-1,0,0,-1,2021,16.0,3,1,1,0,2,0,1,,4,,-1,,2,2,0,2,(1),(1),1,,4,1,0,4,50,19,6,2021,02:56,3,67,67292,2,1,0,6,10 Rue d Uttenhoffen,48.878966,7.644442,2,1,1
202100007635,188Â 098,B01,1,1,2,2,8,0,-1,-1, -1,-1,2021,23.0,3,1,1,0,1,1,5,,4,ROMPSAY   AVENUE DE,0,,2,2,0,1,(1),(1),3,, -1,1,0,1,50,17,11,2021,12:26,1,17,17300,2,1,0,6,ROMPSAY   AVENUE DE,46.16127,-1.13229,12,2,2
202100026703,153Â 978,A01,1,1,1,0,2,-1,-1,0,0,-1,2021,23.0,1,1,13,0,1,1,1,,3,60,0,,1,2,0,1,33,500,3,, -1,2,0,3,90,28,7,2021,22:50,3,52,52171,1,1,0,6,D60,48.42798,4.968578,22,1,1
202100018232,169Â 016,A01,4,2,2,5,8,-1,-1,0,0,-1,2021,20.0,2,2,3,0,3,1,1,,1,85,-1,,3,4,0,1,109,500,1,, -1,2,0,2,130,18,9,2021,17:20,1,37,37104,1,1,1,6,autoroute 85 PK 109+500,47.3075354849,0.807862436,17,3,1
202100040233,129Â 683,B01,1,1,1,0,2,6,-1,-1, -1,-1,2021,33.0,2,1,0,2,1,1,1,,3,PAUL VAILLANT COUTURIER (BD),0,,2,1,0,1,0,0,1,, -1,1,0,1,50,12,5,2021,13:45,1,93,93029,2,2,0,3,PAUL VAILLANT COUTURIER (BD),48.92348,2.44579,13,2,2
202100024947,157Â 069,B01,1,1,2,3,1,-1,-1,0,0,-1,2021,50.0,3,2,0,2,8,23,1,,3,613,-1,,2,2,0,1,57,500,1,,4,1,0,1,50,7,8,2021,11:37,1,14,14119,2,9,0,3,D613,49.150138,-0.264192,11,2,2
202100044715,121Â 789,A01,1,1,1,5,2,6,-1,0,0,-1,2021,31.0,3,1,0,2,1,1,1,,4,PLACE D ITALIE,0,,1,5,0,1,(1),(1),2,, -1,1,0,1,50,8,4,2021,18:50,1,75,75113,2,7,0,2,PLACE D ITALIE,48.831878,2.355837,18,2,2
202100038783,132Â 291,A01,1,1,1,5,1,0,-1,-1, -1,-1,2021,82.0,0,2,3,0,1,1,1,,4,ESPAGNE (RPT D),0,,1,1,0,1,1,0,1,, -1,2,5,1,50,22,5,2021,16:40,1,94,94073,2,1,1,3,ESPAGNE (RPT D),48.75518,2.37494,16,2,2
202100006152,190Â 815,A01,1,1,2,5,1,-1,-1,0,0,-1,2021,72.0,2,2,0,2,8,19,1,,3,313,-1,,2,1,0,1,79,750,1,, -1,2,0,1,80,26,11,2021,20:35,3,27,27340,1,2,1,3,D313,49.388557,0.79859,20,2,2
202100014305,176Â 132,A01,10,3,2,5,0,-1,-1,1,3,2,2021,75.0,2,2,0,1,3,1,1,,7,138 RN,0,,2,2,0,3,61,1,1,, -1,1,9,1,80,8,10,2021,14:20,1,76,76391,1,1,0,6,138 RN,49.32701,0.90956,14,2,1
202100018249,168Â 994,B01,1,1,1,5,6,-1,-1,0,0,-1,2021,16.0,1,1,0,2,1,1,1,,3,525,0,D,2,2,0,2,3,500,1,, -1,1,0,1,50,18,9,2021,18:00,1,38,38006,2,2,1,3,D525,45.396853,6.074501,18,2,2
202100031049,146Â 242,B01,1,1,1,0,2,6,-1,-1, -1,-1,2021,31.0,0,1,0,2,1,1,1,,3,RD 200_ENTREE MONTATAIRE_SURPLOMB AVEN L,0,,3,4,0,1,2,80,1,, -1,1,0,1,90,1,7,2021,04:35,5,60,60414,1,1,0,1,RD 200_ENTREE MONTATAIRE_SURPLOMB AVEN L,49.2592,2.4531,4,2,2
202100009182,185Â 297,A01,1,1,2,0,1,0,-1,-1, -1,-1,2021,36.0,1,2,0,2,6,2,1,,1,A55-Sens Marseille vers Martigues,0,,1,3,0,1,6,0,1,, -1,1,0,1,90,5,11,2021,18:15,3,13,13216,1,9,0,2,A55-Sens Marseille vers Martigues,43.3471809683,5.3448808193,18,2,2
202100016236,172Â 611,A01,1,1,1,1,2,6,-1,0,0,-1,2021,55.0,1,1,0,2,8,11,1,,4,PORTE DE LA CHAPELLE,0,,1,4,0,1,(1),(1),1,, -1,1,0,1,50,28,9,2021,06:45,2,75,75118,2,4,0,3,ECHANGEUR CHAPELLE,48.9003664709,2.3577470484,6,2,2
202100024134,158Â 519,B01,1,1,1,1,2,6,-1,-1, -1,-1,2021,25.0,2,1,0,2,1,1,1,,4,,0,,2,3,0,1,(1),(1),1,, -1,1,9,1,50,13,8,2021,23:45,5,25,25056,2,2,0,3,GAULLE BOULEVARD CHARLES,47.232998,6.019323,23,2,2
202100010237,183Â 415,B01,1,1,1,4,1,-1,-1,0,0,-1,2021,25.0,1,5,8,2,1,13,1,,3,145,-1,D,2,2,0,1,27,100,1,, -1,2,0,1,70,30,10,2021,13:00,1,59,59197,1,1,1,1,D145,50.547908,3.145072,13,2,2
202100046941,117Â 868,B01,1,1,1,4,8,0,-1,0, -1,-1,2021,21.0,3,2,0,2,3,1,0,,6,CREISSEL (BOULEVARD DE),0,,-1,-1,0,1,0,0,1,, -1,1,9,1,30,21,3,2021,18:35,2,11,11262,2,1,0,3,CREISSEL (BOULEVARD DE),43.18062,3.028599,18,2,2
202100010702,182Â 595,A01,10,3,2,0,0,-1,-1,4,3,1,2021,51.0,2,2,0,1,2,1,1,,3,POINCARE (BOULEVARD),0,,3,1,0,1,(1),(1),1,, -1,1,0,1,50,26,10,2021,11:35,1,59,59178,2,1,0,6,POINCARE (BOULEVARD),50.36494,3.06968,11,3,1
202100024096,158Â 589,A01,10,3,1,4,0,-1,-1,1,3,1,2021,29.0,2,2,0,1,1,0,1,,7,64,0,M,2,2,0,1,(1),(1),1,, -1,1,0,1,30,16,8,2021,10:34,1,59,59660,2,1,0,6,Rue d Hem,50.635601,3.222706,10,2,1
202100020261,165Â 419,B01,1,1,1,4,1,-1,-1,-1, -1,-1,2021,39.0,1,5,0,2,2,1,1,,7,CHARLES DE GAULLE               BD,0,,2,6,0,1,1,800,1,, -1,1,0,1,70,7,9,2021,15:00,1,69,69271,2,3,0,3,CHARLES DE GAULLE (BD),45.73866,4.93531,15,2,2
202100056283,101Â 292,A01,10,3,2,9,0,-1,-1,3,3,1,2021,45.0,1,1,0,1,1,1,5,,4,AVENUE DE L OPERA,0,,2,4,0,1,(1),(1),1,, -1,1,0,1,50,4,1,2021,19:40,5,75,75101,2,4,0,6,AVENUE DE L OPERA,48.864964,2.334768,19,2,1
202100010712,182Â 578,A01,1,1,1,5,2,6,-1,-1, -1,-1,2021,27.0,1,1,11,0,1,17,1,,4,,0,,2,2,0,1,(1),(1),1,, -1,1,0,1,50,22,10,2021,20:00,5,36,36202,2,1,0,6,230 Avenue de Tours,46.82085,1.66589,20,1,1
202100047135,117Â 514,B01,1,1,1,9,2,6,-1,0,0,-1,2021,40.0,1,1,0,2,7,9,1,,7,GRASSE AVENUE DE,0,,1,1,0,1,0,0,2,, -1,1,0,1,50,21,3,2021,17:00,1,6,6027,2,6,0,3,GRASSE AVENUE DE,43.65899,7.13698,17,2,2
202100044069,122Â 904,B01,1,1,1,1,2,-1,-1,0,0,-1,2021,33.0,3,1,0,2,3,13,1,,4,,-1,,2,2,0,1,(1),(1),1,, -1,1,0,1,80,15,4,2021,12:10,1,12,12242,1,1,0,1,Route de Toulongergues,44.402292,2.032213,12,4,2
202100014175,176Â 355,A01,1,1,1,1,8,0,-1,-1, -1,-1,2021,30.0,2,1,0,0,0,1,3,,4,VERN (DE),0,,2,3,2,2,0,0,1,, -1,1,0,1,50,9,10,2021,06:00,5,35,35238,2,2,0,6,VERN (DE),48.09819,-1.65574,6,1,1
202100054305,104Â 688,B01,1,1,1,9,8,0,-1,-1, -1,-1,2021,6.0,1,1,0,2,1,1,0,,3,LIBERTE (AVENUE DE LA),0,,1,1,0,1,0,300,3,, -1,2,0,1,50,20,1,2021,21:35,5,973,97302,2,6,1,6,LIBERTE (AVENUE DE LA),4.93689,-52.32585,21,2,2
202100055591,102Â 488,A01,10,3,1,5,0,-1,-1,4,3,1,2021,68.0,0,2,0,1,1,0,1,,3,,-1,,2,2,0,1,49,57,1,, -1,1,0,1,50,12,1,2021,18:25,5,60,60471,2,1,0,6,54 Avenue Jean JaurÃ¨s,49.575216,2.990293,18,2,1
202100044149,122Â 763,B01,2,2,1,5,8,0,-1,-1, -1,-1,2021,13.0,1,1,0,2,8,19,3,,4,VERDUN (RUE DE),0,,2,2,0,1,(1),(1),2,, -1,1,6,1,50,12,4,2021,16:06,1,37,37122,2,9,0,6,VERDUN (RUE DE),47.3435043384,0.6637799442,16,3,2
202100020045,165Â 798,B01,1,1,1,0,2,-1,-1,-1, -1,-1,2021,64.0,2,0,0,2,8,1,3,,4,PAUL SEDAILLIAN                     (QU),0,,2,2,2,1,(1),(1),1,, -1,1,0,5,30,8,9,2021,08:45,1,69,69389,2,1,0,6,PAUL SEDAILLIAN (Q),45.78744,4.81451,8,2,2
202100019571,166Â 648,A01,1,1,1,5,2,6,-1,0,0,-1,2021,69.0,3,1,0,0,1,1,1,,4,,-1,,2,2,0,1,(1),(1),4,,4,1,0,3,80,11,9,2021,17:30,1,85,85164,1,1,0,7,Les Pillenieres,46.823674,-2.121418,17,1,1
202100054713,103Â 992,A01,1,1,1,0,1,-1,-1,0,0,-1,2021,39.0,2,2,0,2,3,1,1,,3,919,-1,,2,2,0,1,10,757,1,, -1,1,0,1,50,18,1,2021,06:30,5,76,76120,2,1,1,1,Route de Forges,49.592659,1.412494,6,2,2
202100010169,183Â 524,A01,1,1,1,9,2,6,-1,0,0,-1,2021,53.0,1,1,0,2,2,1,1,,4,AVENUE RAYMOND POINCARE,0,,2,2,0,1,(1),(1),1,, -1,1,0,1,30,30,10,2021,07:45,5,75,75116,2,3,0,3,AVENUE RAYMOND POINCARE,48.870873,2.285045,7,2,2
202100020571,164Â 861,B01,5,2,2,9,2,0,-1,0,0,-1,2021,20.0,1,1,0,2,2,17,1,,4,BOULEVARD VOLTAIRE,0,,2,2,0,1,(1),(1),1,, -1,1,0,1,30,6,9,2021,17:45,1,75,75111,2,5,0,3,BOULEVARD VOLTAIRE,48.850417,2.392576,17,3,2
202100007809,187Â 788,B01,1,1,1,1,2,0,-1,-1, -1,-1,2021,41.0,1,1,0,2,1,1,1,,4,PARMENTIER,0,,2,2,0,1,1,0,1,, -1,2,0,1,50,15,11,2021,07:56,2,49,49007,2,1,0,3,PARMENTIER,47.45339,-0.51954,7,2,2
202100039001,131Â 927,B01,1,1,2,0,8,0,-1,-1, -1,-1,2021,18.0,1,1,0,2,3,17,3,,3,REINE (ROUTE DE LA) 82/FIN - 107TER/FIN,0,,-1,4,1,1,0,0,1,, -1,1,0,5,50,21,5,2021,20:35,1,92,92012,2,1,0,3,REINE (ROUTE DE LA) 82/FIN - 107TER/FIN,48.8401432716,2.2354093194,20,2,2
202100037700,134Â 277,A01,1,1,2,9,2,6,-1,0,0,-1,2021,49.0,1,1,15,0,1,1,1,,3,638,-1,,2,2,0,1,65,70,1,, -1,1,0,4,50,29,5,2021,10:40,1,25,25047,2,1,0,6,Avenue du President Kennedy,47.351043,6.348274,10,1,1
202100052438,107Â 981,B01,1,1,1,1,2,0,0,0,0,-1,2021,24.0,3,1,0,2,1,1,1,,4,SAMBRE ET MEUSE (AVENUE),0,,2,2,0,1,(1),(1),1,, -1,1,0,1,30,5,2,2021,16:08,1,32,32013,2,3,0,3,SAMBRE ET MEUSE (AVENUE),43.6451,0.5974,16,2,2
202100009415,184Â 872,B01,1,1,1,0,8,0,-1,-1, -1,-1,2021,38.0,2,1,1,0,1,1,0,,4,LAMARCK (RUE),0,,1,1,0,1,(1),(1),1,, -1,1,0,1,30,2,11,2021,09:00,1,80,80021,2,1,0,3,LAMARCK (RUE),49.89022,2.29826,9,2,2
202100044625,121Â 957,A01,1,1,1,9,2,6,-1,0,0,-1,2021,32.0,1,1,0,0,0,1,0,,3,820,-1,,2,2,0,1,57,669,1,, -1,1,0,1,50,9,4,2021,10:42,1,31,31033,2,1,0,7,27 route de toulouse,43.352286,1.46969,10,2,2
202100009488,184Â 750,A01,1,1,1,1,2,6,-1,-1, -1,-1,2021,21.0,3,1,0,2,8,1,1,,4,AGRICULTURE (RUE DE L'),0,,1,1,0,1,1,0,1,, -1,1,0,1,30,3,11,2021,13:50,1,92,92025,2,2,0,3,AGRICULTURE (RUE DE L'),48.913205,2.239166,13,2,2
202100048812,114Â 517,A01,1,1,1,5,0,-1,-1,0,0,-1,2021,42.0,1,1,3,9,1,16,5,,3,43,-1,,2,2,0,2,17,80,3,, -1,1,0,3,80,8,3,2021,17:30,1,46,46144,1,1,0,6,lieu dit pech des boules,44.84018,1.551257,17,1,1
202100025617,155Â 893,B01,1,1,1,9,2,0,-1,-1, -1,-1,2021,19.0,1,1,0,2,1,0,1,,7,SAINT LOUP (BOULEVARD DE),0,,2,2,0,1,1,0,1,, -1,1,0,8,30,2,8,2021,14:50,1,13,13211,2,9,0,2,SAINT LOUP (BOULEVARD DE),43.28463,5.44059,14,2,2
202100005188,192Â 503,A01,1,1,2,1,1,0,-1,-1, -1,-1,2021,23.0,1,2,4,0,8,12,1,,1,A50,0,,3,6,0,1,54,400,1,, -1,1,0,1,130,1,12,2021,12:55,1,83,83035,1,1,0,6,A50,43.16071,5.76753,12,1,1
202100028753,150Â 328,B01,1,1,1,1,1,-1,-1,0,0,-1,2021,56.0,1,2,0,2,1,1,1,,1,8,0,A,3,3,0,1,164,0,1,, -1,1,0,1,110,13,7,2021,11:25,1,6,6085,1,1,0,5,AUTOROUTE A8,43.583873,6.992283,11,4,4
202100006178,190Â 771,A01,10,3,2,2,0,-1,-1,1,2,1,2021,17.0,3,2,0,1,2,1,1,,4,922,0,,2,2,0,1,(1),(1),1,, -1,1,0,1,50,23,11,2021,18:30,3,69,69281,2,1,0,6,NEUVE (R),45.626031,4.921739,18,2,1
202100043445,124Â 003,A01,1,1,2,0,1,-1,-1,-1, -1,-1,2021,36.0,1,2,0,2,3,9,1,,4,EIFFEL (AVE GUSTAVE),0,,2,2,0,1,(1),(1),1,, -1,1,0,1,50,19,4,2021,15:25,1,33,33318,2,3,0,3,Avenue Gustave Eiffel,44.78603,-0.64073,15,2,2
202100052177,108Â 444,A01,1,1,1,5,8,-1,-1,0,0,-1,2021,82.0,2,2,2,0,1,1,1,,3,45,0,D,2,2,0,1,2,355,3,0,"3,8",2,0,3,80,8,2,2021,11:50,1,16,16011,1,1,1,6,Lieu Dit Fongibaud,45.762381,0.202968,11,1,1
202100002279,197Â 709,B01,1,1,1,1,1,0,-1,-1, -1,-1,2021,22.0,3,2,0,2,1,15,1,,4,DOUCET.(RUE HENRI),0,,2,3,0,1,0,0,1,, -1,1,0,1,30,17,12,2021,14:30,1,94,94028,2,3,0,1,Rue Henri Doucet,48.77893,2.47065,14,2,2
202100055596,102Â 478,A01,2,2,2,5,1,-1,-1,0,0,-1,2021,80.0,2,2,0,2,3,19,1,,3,938,-1,T,2,2,0,1,42,350,1,, -1,1,0,1,80,11,1,2021,17:50,3,85,85005,1,9,0,3,La LevraudiÃ¨re,46.63771,-0.75643,17,4,2
202100019753,166Â 335,B01,1,1,1,0,1,0,-1,-1, -1,-1,2021,20.0,3,1,1,0,0,0,0,,3,989,0,,1,2,0,1,0,0,1,, -1,1,0,1,50,8,9,2021,14:05,1,92,92040,2,1,0,6,ARISTIDE BRIAND,48.8232426977,2.2703397274,14,2,2
202100022296,161Â 780,A01,10,3,2,5,0,-1,-1,3,3,1,2021,80.0,2,5,0,1,6,20,1,,4,RUE DE CLIGNANCOURT,0,,1,1,0,1,(1),(1),1,, -1,1,0,1,50,27,8,2021,10:40,1,75,75118,2,2,0,6,RUE DE CLIGNANCOURT,48.894859,2.349431,10,2,1
202100043984,123Â 062,B01,1,1,2,5,0,-1,-1,0,0,-1,2021,63.0,1,1,0,2,1,1,5,,3,,-1,,2,2,1,1,6,383,1,, -1,1,5,1,50,15,4,2021,11:15,1,17,17225,2,2,0,3,Avenue Pierre Sibard,45.713967,-1.142369,11,2,2
202100010764,182Â 492,A01,1,1,1,0,8,-1,-1,0,0,-1,2021,34.0,1,2,8,0,1,1,1,,3,1113,0,,2,2,0,1,15,625,2,, -1,1,0,3,50,24,10,2021,02:05,4,33,33102,2,1,0,6,,44.586595,-0.110123,2,1,1
202100018670,168Â 267,A01,10,3,1,9,0,-1,-1,3,3,1,2021,76.0,2,2,0,1,1,1,1,,2,151,0,,2,2,0,1,12,300,1,, -1,1,0,1,50,17,9,2021,12:30,1,18,18207,2,1,0,6,Avenue Gabriel Dordain,46.992804,2.24606,12,2,1
202100004206,194Â 234,A01,1,1,2,0,1,0,-1,-1, -1,-1,2021,28.0,1,2,3,0,1,1,1,,1,AUTOROUTE A86,0,,1,2,0,2,17,0,2,, -1,2,0,1,70,7,12,2021,23:10,3,93,93027,1,1,1,6,AUTOROUTE A86,48.92748,2.4034,23,1,1
202100050189,112Â 005,B01,1,1,1,5,2,0,-1,-1, -1,-1,2021,66.0,2,1,0,2,1,15,0,,4,GALPIN THIOU (RUE),0,,2,2,0,1,(1),(1),1,, -1,1,0,1,50,24,2,2021,10:58,1,37,37261,2,2,0,6,GALPIN THIOU (RUE),47.3835975546,0.696198728,10,2,2
202100054381,104Â 558,B01,1,1,1,5,2,6,-1,0,0,-1,2021,17.0,2,1,0,2,1,1,1,,2,3,0,,2,2,0,2,170,(1),1,, -1,2,0,1,50,20,1,2021,14:10,1,974,97422,2,7,1,3,170 Rue Georges Pompidou,-21.254144,55.522562,14,2,2
202100036061,137Â 223,A01,10,3,2,5,8,8,-1,5,6,1,2021,60.0,3,2,0,1,1,20,1,,4,MARTEL (RUE DES FRERES),0,,1,1,0,1,(1),(1),1,, -1,1,0,8,30,6,6,2021,09:00,1,59,59279,2,1,0,6,MARTEL (RUE DES FRERES),50.782059,3.133622,9,2,1
202100000740,200Â 393,A01,10,3,1,0,0,-1,-1,1,3,1,2021,35.0,1,2,0,1,3,26,2,,4,JARDIN ANGLAIS ET DE FINCHLEY (ALLEE DU),0,,2,2,0,1,0,0,1,, -1,1,0,1,30,22,12,2021,13:18,1,93,93062,2,1,0,6,JARDIN ANGLAIS ET DE FINCHLEY (ALLEE DU),48.89624,2.51163,13,2,1
202100002573,197Â 184,B01,1,1,1,9,2,6,-1,-1, -1,-1,2021,61.0,2,1,0,2,7,1,1,,4,LACASSAGNE                          (AV),0,,1,2,3,1,(1),(1),1,, -1,1,0,1,50,16,12,2021,18:35,5,69,69383,2,2,0,3,LACASSAGNE (AV),45.75452,4.86652,18,4,2
202100045713,120Â 035,A01,1,1,2,0,1,8,-1,-1, -1,-1,2021,29.0,2,2,0,0,9,1,1,,1,A55-Sens Martigues vers Marseille,0,,1,2,0,2,36,99,3,, -1,1,0,1,70,1,4,2021,06:25,3,13,13056,1,1,0,6,A55-Sens Martigues vers Marseille,43.39655,5.04521,6,1,1
202100047665,116Â 550,B01,1,1,1,9,2,0,-1,-1, -1,-1,2021,28.0,1,1,0,2,0,0,1,,3,VICTOR HUGO (AVE)  NÂ° 122 =>,0,,2,2,0,1,0,1,1,, -1,2,0,1,50,17,3,2021,18:00,1,93,93001,2,1,1,3,VICTOR HUGO (AVE)  NÂ° 122 =>,48.9119494622,2.3796866244,18,2,2
202100023574,159Â 500,A01,1,1,1,5,1,0,-1,-1, -1,-1,2021,67.0,3,0,1,0,1,26,1,,3,ITALIENS (BD DES),0,,-1,-1,0,2,4,390,1,, -1,1,9,8,15,18,8,2021,16:08,1,72,72181,1,9,0,6,ITALIENS (BD DES),47.9437361052,0.2074613576,16,1,1
202100001562,199Â 016,A01,1,1,1,5,2,-1,-1,-1, -1,-1,2021,40.0,2,1,0,2,8,2,1,,1,AUTOROUTE A10,0,,3,6,0,1,540,610,1,, -1,1,0,1,110,24,12,2021,16:45,1,33,33096,1,1,0,3,Autoroute A10,44.9032,-0.49324,16,2,2
202100000613,200Â 609,B01,1,1,2,1,1,-1,-1,0,0,-1,2021,44.0,3,2,0,2,3,1,1,,3,107,-1,,2,2,0,1,(1),(1),4,, -1,1,0,1,70,9,11,2021,08:20,1,202,202042,1,1,0,1,Route de la Marana,42.564476,9.522429,8,2,2
202100026589,154Â 177,A01,1,1,2,0,1,-1,-1,0,0,-1,2021,64.0,0,2,0,2,1,1,1,,3,923,-1,D,2,2,0,2,0,850,1,, -1,1,0,1,70,29,7,2021,16:05,1,60,60139,1,2,0,3,D923,49.182482,2.234666,16,2,2
202100015864,173Â 319,B01,2,2,1,2,8,-1,-1,-1, -1,-1,2021,6.0,1,1,0,2,1,1,3,,4,LIEUTENANT COLONEL GIRARD           (R ),0,,2,2,0,1,(1),(1),1,, -1,1,0,4,30,30,9,2021,08:15,1,69,69387,2,1,0,1,LIEUTENANT COLONEL GIRARD (R),45.7369,4.8269,8,4,2
202100030381,147Â 458,A01,2,2,2,3,1,0,-1,-1, -1,-1,2021,20.0,1,2,14,2,0,2,1,,7,GRAND NOBLE (PORTE DU),0,,3,2,0,2,0,1040,3,, -1,1,0,1,50,5,7,2021,14:10,1,31,31069,1,1,0,3,GRAND NOBLE (PORTE DU),43.63924,1.37656,14,5,2
202100041730,127Â 021,A01,1,1,1,1,2,-1,-1,0,0,-1,2021,33.0,2,1,0,2,7,17,1,,2,91,-1,,3,2,2,1,3,0,1,, -1,1,0,1,60,15,4,2021,18:15,2,987,98729,1,1,0,3,Teavaro,-17.5138297679,-149.7705938816,18,2,2
202100026221,154Â 833,A01,1,1,1,9,1,-1,-1,0,0,-1,2021,50.0,2,2,0,2,3,13,1,,3,33,0,,2,2,0,2,(1),(1),2,, -1,2,0,1,70,30,7,2021,21:20,3,971,97118,1,1,0,1,Route de Viard,16.168866,-61.587617,21,2,2
202100034914,139Â 300,C01,4,2,2,5,3,8,-1,-1, -1,-1,2021,4.0,2,2,0,2,1,2,1,,1,A86 EXT,0,,1,3,0,1,41,700,1,, -1,1,0,1,90,12,6,2021,15:00,1,94,94022,1,1,0,6,A86 EXT,48.7761,2.42469,15,8,3
202100002779,196Â 799,B01,1,1,2,3,1,0,-1,-1, -1,-1,2021,40.0,2,2,0,2,4,1,1,,4,BOUCHET LOUIS (AVENUE),0,,2,2,0,1,(1),(1),1,, -1,1,0,1,50,14,12,2021,14:05,1,17,17306,2,1,0,2,BOUCHET LOUIS (AVENUE),45.62351,-1.00423,14,2,2
202100042035,126Â 489,A01,1,1,1,1,1,-1,-1,-1, -1,-1,2021,42.0,1,2,6,0,5,0,1,,4,CRS BALGUERIE STUTTENBERG,0,,1,2,3,1,(1),(1),1,, -1,1,0,4,50,26,4,2021,06:30,5,33,33063,2,1,0,6,Cours Balguerie Stuttenberg,44.85936,-0.56529,6,1,1
202100012006,180Â 252,A01,1,1,1,0,2,6,-1,-1, -1,-1,2021,63.0,3,1,0,2,1,2,1,,4,BAB (BOULEVARD DU),0,,2,4,0,1,0,0,1,, -1,1,0,1,50,19,10,2021,18:15,1,64,64024,2,1,0,2,BAB (BOULEVARD DU),43.496,-1.51244,18,2,2
202100018004,169Â 448,A01,2,2,1,0,-1,-1,-1,-1, -1,-1,2021,20.0,3,2,0,2,1,1,1,,4,RUE DE TURENNE,0,,-1,0,0,1,(1),(1),1,, -1,2,0,1,1,19,9,2021,06:10,5,38,38185,2,1,1,6,Rue de Turenne,45.18296,5.71842,6,2,1
202100021814,162Â 630,A01,1,1,1,5,8,6,-1,-1, -1,-1,2021,53.0,3,1,8,0,1,1,0,,4,CHAMPIGNOL (QU DE),0,,2,1,1,1,1,0,1,, -1,1,6,5,30,26,8,2021,14:10,1,94,94068,2,1,0,6,Quai de Champignol,48.809164,2.513482,14,1,1
202100026529,154Â 276,B01,2,2,1,5,1,-1,-1,0,0,-1,2021,16.0,2,2,0,2,1,1,1,,3,83,0,D,2,2,0,1,13,310,1,, -1,1,0,1,80,30,7,2021,10:29,1,62,62070,1,2,0,3,D77,50.387666,2.458911,10,5,2
202100036490,136Â 477,A01,10,3,1,9,0,-1,-1,3,3,1,2021,44.0,2,1,0,1,1,1,1,,3,NATIONAL (BOULEVARD),0,,2,2,0,1,0,0,1,, -1,1,5,1,50,3,6,2021,12:50,1,92,92050,2,3,0,6,NATIONAL (BOULEVARD),48.8880316805,2.1848496795,12,2,1
202100021563,163Â 094,A01,1,1,1,1,2,8,-1,-1, -1,-1,2021,23.0,1,1,4,2,1,3,1,,1,13,0,,3,4,0,1,3,0,1,, -1,1,2,1,70,1,9,2021,18:45,1,92,92064,1,1,0,2,A13,48.8425158389,2.2221826762,18,2,2
202100023754,159Â 157,A01,10,3,1,0,0,-1,-1,2,3,1,2021,23.0,3,2,0,1,0,26,1,,4,MADELEINE VIONNET(RUE),0,,3,0,0,1,0,0,1,, -1,1,0,1,50,17,8,2021,20:45,2,93,93001,2,1,0,1,MADELEINE VIONNET(RUE),48.90479,2.375813,20,2,1
202100004307,194Â 056,A01,10,3,1,9,0,-1,-1,1,3,1,2021,44.0,-1,5,0,1,2,1,1,,3,MARNAUDES (PETIT CHEMIN DES),0,,1,2,0,1,0,1,1,, -1,2,0,1,30,7,12,2021,19:40,5,93,93077,2,1,1,6,MARNAUDES (PETIT CHEMIN DES),48.88482,2.49501,19,2,1
202100055291,102Â 988,B01,1,1,1,0,2,6,9,-1, -1,-1,2021,18.0,1,1,0,2,1,1,1,,4,,0,,2,3,0,1,(1),(1),1,, -1,2,0,1,50,12,1,2021,18:15,5,69,69282,2,2,1,3,REPUBLIQUE (DE LA) (R),45.7695419497,4.9876972169,18,3,2
202100033921,141Â 129,A01,1,1,1,5,2,-1,-1,0,0,-1,2021,18.0,1,1,0,2,8,1,1,,3,943,-1,,2,2,0,1,72,50,1,, -1,2,0,1,70,18,6,2021,10:10,1,62,62792,1,2,1,3,Route Departementale 943,50.782592,2.188811,10,2,2