Num_Acc,id_vehicule,num_veh,place,catu,sexe,trajet,secu1,secu2,secu3,locp,actp,etatp,year_acc,victim_age,senc,catv,obs,obsm,choc,manv,motor,occutc,catr,voie,v1,v2,circ,nbv,vosp,prof,pr,pr1,plan,lartpc,larrout,surf,infra,situ,vma,jour,mois,an,hrmn,lum,dep,com,agg_,int,atm,col,adr,lat,long,hour,nb_victim,nb_vehicules
202100022185,161Â 987,A01,1,1,1,0,2,-1,-1,0,0,-1,2021,67.0,0,1,0,0,0,1,0,,3,0,0,A,-1,2,0,2,0,0,2,, -1,1,0,8,80,29,8,2021,15:00,1,84,84078,1,1,0,7,chemin des mines,44.238089,4.728338,15,1,1
202100005174,192Â 531,A01,10,3,1,9,4,9,-1,1,9,2,2021,47.0,2,0,0,1,0,2,0,,3,,-1,,-1,1,0,1,12,255,1,,3,1,8,3,70,2,12,2021,15:00,1,78,78107,1,4,0,6,D110,48.952346,1.560584,15,2,1
202100046587,118Â 498,C01,2,2,2,5,1,-1,-1,-1, -1,-1,2021,14.0,1,2,0,2,1,1,1,,4,4 AOUT 1789    (Rue du),0,,2,3,0,2,(1),(1),1,, -1,1,0,1,50,25,3,2021,18:00,1,69,69266,2,1,0,4,4 AOUT 1789 (DU) (R),45.76844,4.9053,18,5,4
202100012106,180Â 075,A01,1,1,1,4,1,-1,-1,0,0,-1,2021,46.0,2,4,0,2,6,1,1,,3,756,-1,,2,2,0,2,38,800,2,, -1,2,0,1,70,21,10,2021,13:30,1,49,49023,1,9,1,3,D756,47.185629,-1.029389,13,2,2
202100006548,190Â 094,A01,4,2,2,9,8,0,-1,-1, -1,-1,2021,19.0,2,0,6,0,3,16,1,,1,14,0,,1,1,0,1,2,0,3,, -1,1,1,1,70,22,11,2021,02:55,5,92,92050,1,1,0,6,A14,48.894937158,2.2282637291,2,2,1
202100025345,156Â 352,B01,1,1,1,0,2,6,-1,-1, -1,-1,2021,26.0,2,1,0,2,7,1,1,,4,,0,,1,2,0,1,0,0,1,, -1,1,0,1,50,23,5,2021,20:23,2,92,92044,2,2,0,3,BAUDIN (RUE) 1A25 ET 2A34,48.89697,2.28193,20,2,2
202100011428,181Â 295,B01,1,1,1,9,8,0,-1,0,0,-1,2021,29.0,2,1,0,2,7,1,5,,4,RUE DES FRANCS BOURGEOIS,0,,1,1,0,1,(1),(1),1,, -1,1,5,1,30,22,10,2021,22:14,5,75,75104,2,2,0,3,RUE DE TURENNE,48.856472,2.364354,22,2,2
202100055938,101Â 894,A01,10,3,1,5,0,-1,-1,4,3,1,2021,44.0,2,2,0,1,6,15,3,,4,RUE DU DOCTEUR POTAIN,0,,1,1,0,1,(1),(1),1,, -1,1,0,1,30,7,1,2021,19:30,5,75,75119,2,2,0,6,RUE DU DOCTEUR POTAIN,48.878257,2.397924,19,2,1
202100029433,149Â 167,A01,1,1,1,9,2,6,-1,-1, -1,-1,2021,26.0,1,1,0,0,1,19,1,,4,GUITON   AVENUE JEAN (167-341),0,,2,2,0,1,(1),(1),1,, -1,1,0,1,50,11,7,2021,23:00,5,17,17300,2,1,0,7,GUITON   AVENUE JEAN,46.160349,-1.169802,23,2,1
202100020182,165Â 561,B01,1,1,2,5,0,-1,-1,0,0,-1,2021,86.0,1,1,0,2,8,25,0,,3,223,0,D,3,2,0,1,4,850,3,, -1,1,0,4,50,7,9,2021,09:30,1,67,67205,2,1,0,2,72 Rue de la Wantzenau,48.694888,7.786379,9,2,2
202100032084,144Â 400,B01,1,1,1,0,1,0,-1,-1, -1,-1,2021,29.0,2,2,0,2,1,2,1,,3,117,0,,2,2,0,2,0,0,1,, -1,2,9,1,45,26,6,2021,08:15,1,91,91312,2,3,1,2,PARC (RUE DU),48.73519,2.23817,8,2,2
202100045801,119Â 885,A01,1,1,1,0,2,0,-1,-1, -1,-1,2021,19.0,1,1,0,2,1,1,1,,3,GENERAL LECLERC (AV DU),0,,2,4,0,1,37,0,1,, -1,1,0,1,50,31,3,2021,19:10,2,94,94046,2,1,0,2,Avenue du GÃ©nÃ©ral Leclerc,48.81426,2.42379,19,2,2
202100044577,122Â 038,B01,2,2,2,5,2,8,-1,-1, -1,-1,2021,19.0,1,1,0,2,4,0,1,,7,BARASSE,0,,2,3,1,1,(1),(1),1,, -1,1,0,1,50,9,4,2021,18:00,1,13,13211,2,1,0,2,BARASSE (BOULEVARD),43.284664,5.485995,18,3,2
202100024202,158Â 412,A01,1,1,1,5,2,6,9,0,0,-1,2021,27.0,3,1,14,0,1,2,1,,3,,0,,2,1,0,1,3,918,1,,3,1,9,1,50,14,8,2021,18:40,2,77,77234,2,9,1,6,44 Grande Rue,48.919241,2.758204,18,1,1
202100040856,128Â 603,A01,1,1,2,5,1,8,-1,-1, -1,-1,2021,23.0,1,2,0,2,4,11,1,,2,RN346   29.300 A 34.350,0,,3,6,0,2,33,599,1,, -1,1,0,1,90,8,5,2021,05:40,2,69,69275,1,1,0,2,RN346   29.300 A 34.350,45.7652828858,4.9849628529,5,2,2
202100026319,154Â 646,B01,1,1,1,0,2,6,-1,-1, -1,-1,2021,64.0,2,1,0,2,1,1,1,,3,BOURGES (ROUTE DE),0,,3,2,0,1,1,0,1,, -1,1,0,1,50,29,7,2021,10:50,1,18,18050,2,1,0,3,BOURGES (ROUTE DE),47.0655,2.32484,10,2,2
202100041831,126Â 838,B01,1,1,1,1,1,0,-1,-1, -1,-1,2021,52.0,2,2,0,2,4,23,1,,3,GENERAL LECLERC (AV.) (57 A 135 - 50 A 1,0,,1,2,0,1,0,0,1,, -1,2,6,1,50,1,5,2021,11:00,1,92,92014,2,1,1,2,GENERAL LECLERC (AV.) (57 A 135 - 50 A 1,48.77927,2.31523,11,2,2
202100032583,143Â 532,B01,1,1,1,0,2,-1,-1,0,0,-1,2021,48.0,1,1,0,2,8,19,1,,3,40,-1,,3,2,0,1,(1),(1),1,, -1,1,0,1,-1,23,6,2021,06:40,1,30,30062,1,3,0,6,D40,43.779936,4.1958,6,2,2
202100028121,151Â 438,A01,1,1,2,1,1,8,-1,-1, -1,-1,2021,21.0,2,2,6,0,1,1,1,,3,ROUTE DEPARTEMENTALE 29,0,,3,4,0,3,1,613,1,, -1,1,1,1,70,19,7,2021,04:55,5,56,56107,2,1,0,6,ROUTE DEPARTEMENTALE 29,47.72627,-3.38359,4,1,1
202100051056,110Â 412,B01,1,1,1,2,8,0,-1,-1, -1,-1,2021,10.0,2,1,0,2,1,25,5,,4,PROUDHON (AVENUE),0,,2,2,2,1,(1),(1),1,, -1,3,9,4,50,18,2,2021,13:42,1,37,37261,2,3,1,6,PROUDHON (AVENUE),47.3953441487,0.6744202673,13,2,2
202100032923,142Â 908,B01,1,1,1,1,2,6,-1,-1, -1,-1,2021,39.0,0,1,0,2,3,0,1,,3,JEAN MERMOZ (BOULEVARD) NÂ°59AU185 ET 76A,0,,1,0,0,1,0,0,1,, -1,1,0,1,50,22,6,2021,08:00,1,93,93059,2,5,0,3,JEAN MERMOZ (BOULEVARD) NÂ°59AU185 ET 76A,48.96676,2.36426,8,2,2
202100014963,174Â 958,A01,1,1,1,5,1,-1,-1,-1, -1,-1,2021,36.0,3,2,8,1,8,2,1,,4,BEN GOURION   (AV),0,,2,4,0,1,(1),(1),1,, -1,1,0,4,50,5,10,2021,07:56,1,69,69389,2,2,0,6,BEN GOURION  (AV),45.78919,4.78914,7,2,1
202100021139,163Â 873,A01,1,1,1,9,2,6,-1,0,0,-1,2021,17.0,1,1,3,0,0,1,1,,3,23,0,D,2,2,0,2,3,490,2,, -1,1,0,1,80,3,9,2021,18:10,1,68,68312,1,1,0,6,Hippoltskirch,47.47378,7.341485,18,1,1
202100006720,189Â 771,A01,10,3,1,5,0,-1,-1,1,3,1,2021,63.0,2,1,1,1,8,1,1,,4,BOULEVARD ORNANO,0,,3,4,0,1,(1),(1),1,, -1,1,0,1,30,23,11,2021,16:00,1,75,75118,2,1,0,6,BOULEVARD ORNANO,48.894944,2.346876,16,2,1
202100031685,145Â 122,A01,4,2,1,5,0,-1,-1,0,0,-1,2021,19.0,3,2,0,0,9,16,1,,4,21,0,A,2,2,0,1,5,999,1,, -1,1,5,8,50,30,6,2021,23:25,5,38,38247,2,6,0,7,Rue des CarriÃ©res,45.827678,5.420455,23,7,1
202100014712,175Â 416,A01,1,1,1,0,2,6,-1,0,0,-1,2021,32.0,2,1,3,0,2,1,1,,3,611,-1,,2,3,0,4,12,743,2,,10,1,0,1,70,8,10,2021,02:15,3,79,79189,1,1,0,6,Route de Poitiers,46.416492,-0.178485,2,1,1
202100046478,118Â 706,A01,1,1,1,0,1,-1,-1,-1, -1,-1,2021,26.0,1,2,0,2,1,1,1,,1,A13,0,,1,4,0,1,12,199,1,, -1,2,0,1,110,26,3,2021,20:00,3,78,78524,1,1,1,2,A13,48.841625,2.104561,20,3,2
202100009299,185Â 079,A01,10,3,2,5,0,-1,-1,4,3,2,2021,24.0,1,2,0,1,1,15,3,,4,MARAT (R),0,,1,1,0,1,1,0,2,, -1,2,0,1,50,4,11,2021,19:30,4,94,94041,2,3,1,6,Rue Marat,48.80812,2.38829,19,2,1
202100016426,172Â 275,A01,1,1,1,0,1,0,-1,-1, -1,-1,2021,67.0,1,2,0,0,0,26,1,,1,A13,0,,3,4,0,1,2,200,1,, -1,1,0,1,110,28,9,2021,15:00,1,92,92012,1,1,0,6,A13,48.8485101306,2.2270096797,15,1,1
202100009754,184Â 266,B01,1,1,1,0,8,0,-1,-1, -1,-1,2021,35.0,2,1,0,2,1,19,5,,7,MOLSHEIM (RUE DE),0,,1,2,3,1,0,0,1,, -1,1,4,1,50,28,10,2021,08:50,1,67,67482,2,8,1,2,MOLSHEIM (RUE DE),48.57497,7.73023,8,2,2
202100048119,115Â 733,A01,1,1,1,5,2,-1,-1,-1, -1,-1,2021,39.0,1,1,0,2,1,26,1,,4,CUVIER                              (R ),0,,1,-1,1,1,(1),(1),1,, -1,1,0,1,50,13,3,2021,16:30,1,69,69386,2,2,0,3,CUVIER (R),45.76738,4.85072,16,2,2
202100011356,181Â 430,B01,1,1,1,1,2,-1,-1,-1, -1,-1,2021,35.0,1,1,0,2,1,13,1,,4,JOSEPH GILLET                       (QU),0,,2,4,1,1,(1),(1),1,, -1,1,0,1,50,23,10,2021,02:15,5,69,69384,2,1,0,1,JOSEPH GILLET (Q),45.78648,4.81671,2,2,2
202100046292,119Â 033,A01,1,1,1,5,2,-1,-1,0,0,-1,2021,52.0,3,1,0,0,7,1,1,,4,,0,,2,2,0,1,(1),(1),3,, -1,1,0,1,80,28,3,2021,17:40,1,24,24454,1,1,0,6,Les Taules,44.974817,0.123274,17,1,1
202100035720,137Â 864,B01,1,1,1,9,1,0,-1,-1, -1,-1,2021,26.0,3,2,0,2,3,0,1,,4,PRADETTES (PL DES) DU 1AU 20,0,,-1,2,0,1,(1),(1),1,, -1,1,0,1,50,8,6,2021,22:30,5,31,31555,2,1,0,1,PRADETTES (PL DES) DU 1AU 20,43.5818,1.38833,22,2,2
202100029811,148Â 501,B01,1,1,1,5,2,0,-1,-1, -1,-1,2021,18.0,2,1,0,2,1,1,1,,3,ARGEVILLIERES,0,,2,2,0,2,24,200,1,, -1,1,0,1,30,9,7,2021,21:50,5,7,7201,2,2,0,3,,44.434684,4.341747,21,3,2
202100055896,101Â 963,A01,10,3,2,5,0,-1,-1,2,3,1,2021,53.0,2,2,0,1,1,1,1,,2,CHARLES DE GAULLE (BD DU GENERAL),0,,2,2,0,1,(1),(1),1,, -1,1,0,1,50,7,1,2021,14:40,1,971,97105,2,1,0,6,CHARLES DE GAULLE (BD DU GENERAL),16.00028,-61.73592,14,2,1
202100038369,133Â 054,A01,1,1,1,0,0,0,-1,0,0,-1,2021,13.0,2,1,0,2,7,5,1,,4,ALCO (RUE D',0,,2,5,3,1,(1),(1),1,, -1,1,0,1,50,24,5,2021,20:03,1,34,34172,2,2,0,3,ALCO (RUE D'),43.61795,3.83949,20,2,2
202100022744,160Â 946,Z01,3,2,2,9,1,0,-1,0,0,-1,2021,27.0,2,2,4,0,2,14,1,,4,PORTE DE BAGNOLET,0,,-1,4,0,1,(1),(1),1,, -1,1,0,1,70,23,8,2021,06:35,2,75,75120,2,4,0,6,PORTE DE BAGNOLET,48.866962,2.413435,6,4,1
202100023975,158Â 782,A01,9,2,1,5,1,-1,-1,0,0,-1,2021,20.0,2,2,2,0,1,14,1,,3,733,0,D,3,4,0,1,11,600,1,, -1,1,0,3,110,17,8,2021,05:30,5,17,17308,1,9,0,7,D733,45.878761,-0.964691,5,4,1
202100031599,145Â 274,A01,10,3,1,4,8,8,-1,2,9,1,2021,32.0,1,1,0,1,2,5,1,,4,RUE ROYALE,0,,2,5,3,1,(1),(1),1,, -1,1,0,1,50,30,6,2021,14:51,1,75,75108,2,2,0,6,RUE ROYALE,48.868385,2.323267,14,2,1
202100011687,180Â 837,A01,10,3,1,5,0,-1,-1,6,9,1,2021,50.0,1,4,0,1,7,14,1,,1,6,-1,,3,5,0,1,323,900,1,, -1,1,0,2,130,23,10,2021,04:05,3,71,71204,1,1,0,6,A6,46.850888,4.827719,4,2,1
202100000731,200Â 404,A01,1,1,2,3,8,0,-1,-1, -1,-1,2021,26.0,1,2,0,2,2,0,0,,1,AUTOROUTE A3,0,,4,0,0,1,6,800,1,, -1,1,0,1,90,27,12,2021,16:00,1,93,93053,1,1,0,3,AUTOROUTE A3,48.8963683205,2.4700175612,16,2,2
202100029650,148Â 790,B01,1,1,2,5,1,-1,-1,0,0,-1,2021,39.0,1,2,0,2,2,2,1,,1,6,0,,3,5,0,1,362,0,1,, -1,1,0,1,130,10,7,2021,12:10,1,71,71576,1,1,0,2,"Autoroute A6, PK 362.000, sens PARIS-LYON",46.5277005047,4.9190413894,12,8,2
202100039824,130Â 394,A01,2,2,2,5,1,5,-1,0,0,-1,2021,20.0,0,2,0,2,3,15,1,,3,EVREUX (ROUTE D'),0,,2,3,0,1,6,450,3,, -1,1,0,1,90,14,5,2021,15:45,1,27,27203,1,1,0,3,EVREUX (ROUTE D'),49.065471,1.423666,15,3,2
202100015502,173Â 992,A01,10,3,1,2,0,-1,-1,5,9,2,2021,2.0,1,2,0,1,0,21,1,,4,RUCHOUX (AVENUE DES),0,,2,2,0,1,0,0,1,, -1,1,0,4,50,30,9,2021,17:03,1,87,87085,2,1,0,6,RUCHOUX (AVENUE DES),45.83807,1.24584,17,2,1
202100026275,154Â 731,B01,1,1,1,0,0,-1,-1,-1, -1,-1,2021,46.0,1,0,0,2,8,1,3,,4,POITEVIN ALPHONSE (RUE),0,,-1,2,1,1,0,0,3,, -1,1,5,1,50,26,7,2021,07:15,1,72,72181,2,6,0,3,POITEVIN ALPHONSE (RUE),48.015265,0.201667,7,2,2
202100024746,157Â 414,A01,10,3,1,5,0,-1,-1,1,3,1,2021,5.0,3,1,0,1,1,5,5,,4,NAHUQUES (ALLEES DE),0,,1,1,0,2,0,0,1,, -1,1,0,1,50,29,7,2021,16:00,1,40,40192,2,1,0,1,NAHUQUES (ALLEES DE),43.89082,-0.47356,16,2,1
202100021250,163Â 675,A01,10,3,2,5,0,-1,-1,1,3,1,2021,3.0,0,2,0,1,2,1,1,,4,BROSSOLETTE (RUE PIERRE),0,,2,1,0,1,(1),(1),1,, -1,1,0,1,50,2,9,2021,15:00,1,51,51454,2,1,0,7,Rue Pierre Brossolette,49.26735,4.01575,15,2,1
202100029419,149Â 195,A01,1,1,1,5,2,6,-1,-1, -1,-1,2021,59.0,2,1,0,2,1,26,1,,3,BELFORT (RUE DE),0,,2,2,0,2,0,0,1,, -1,1,0,1,50,10,7,2021,08:30,1,90,90008,2,1,0,2,BELFORT (RUE DE),47.6251,6.8427,8,2,2
202100032170,144Â 249,A01,2,2,1,5,0,-1,-1,0,0,-1,2021,41.0,3,6,14,0,1,15,6,,4,,0,,2,1,0,2,(1),(1),2,,3,2,0,1,-1,27,6,2021,15:30,1,80,80025,2,3,1,6,9 Rue du Montauban,50.343533,1.824911,15,2,1
202100009248,185Â 178,B01,1,1,2,1,8,4,-1,-1, -1,-1,2021,56.0,1,1,0,2,8,23,5,,4,FEBVOTTE (RUE),0,,2,3,0,2,(1),(1),1,, -1,2,0,1,50,5,11,2021,05:00,5,37,37261,2,1,0,3,FEBVOTTE (RUE),47.3756468417,0.67987293,5,3,2
202100050606,111Â 232,B01,1,1,1,0,1,0,-1,-1, -1,-1,2021,53.0,-1,2,0,2,4,23,0,,3,JEAN MONET (CARREFOUR),0,,1,2,0,3,0,1,2,, -1,1,9,1,50,21,2,2021,16:25,1,93,93005,2,6,0,4,JEAN MONET (CARREFOUR),48.9542281186,2.5100585412,16,3,3
202100055532,102Â 587,A01,1,1,1,3,2,0,-1,0,0,-1,2021,83.0,0,1,14,0,0,1,5,,4,PLACE DE LA CONCORDE,0,,1,4,1,1,(1),(1),1,, -1,1,-1,5,50,11,1,2021,12:00,1,75,75108,2,7,0,7,PLACE DE LA CONCORDE,48.864361,2.320338,12,1,1
202100010586,182Â 805,A01,10,3,1,1,0,-1,-1,4,3,1,2021,31.0,2,2,0,1,1,2,2,,3,CARNOT RUE SADI,0,,2,2,0,1,1,0,2,, -1,1,0,1,50,28,10,2021,07:00,5,93,93006,2,3,0,1,CARNOT RUE SADI,48.878221,2.427198,7,2,1
202100042511,125Â 633,A01,10,3,1,0,8,8,-1,5,9,1,2021,68.0,2,2,0,1,7,1,1,,3,CHOISY (AV DE),0,,2,0,0,1,1,0,1,, -1,1,0,1,30,26,4,2021,10:40,1,94,94078,2,1,0,2,CHOISY (AV DE),48.74978,2.43419,10,2,1
202100037602,134Â 448,B01,1,1,1,5,2,6,-1,0,0,-1,2021,36.0,2,1,0,2,3,1,1,,4,ROUTE DE SURESNES,0,,2,4,0,1,(1),(1),1,, -1,1,0,1,50,29,5,2021,17:45,1,75,75116,2,4,0,3,ROUTE DE SURESNES,48.864346,2.235784,17,2,2
202100054335,104Â 638,B01,1,1,1,5,1,0,-1,-1, -1,-1,2021,76.0,1,2,0,2,2,1,1,,4,OLIVET (RUE DE L'),0,,2,2,0,1,(1),(1),3,, -1,1,0,1,50,20,1,2021,11:40,1,35,35055,2,9,0,2,OLIVET (RUE DE L'),48.08264,-1.61629,11,2,2
202100051282,110Â 011,A01,10,3,2,9,0,-1,-1,0,9,-1,2021,59.0,3,2,0,2,1,15,1,,4,FRANCHE CONTE (AVENUE DE),0,,2,2,0,2,(1),(1),2,, -1,1,5,1,50,13,2,2021,10:59,1,51,51230,2,1,0,7,Avenue de Franche ComtÃ©,49.0337016556,3.9567357302,10,3,2
202100049472,113Â 331,A01,1,1,1,1,8,0,-1,-1, -1,-1,2021,32.0,1,1,0,2,1,1,0,,4,MICHEL RAMBAUD                      (R ),0,,1,1,0,1,(1),(1),1,, -1,1,0,1,50,2,3,2021,18:15,2,69,69386,2,1,0,2,MICHEL RAMBAUD (R),45.7697718087,4.8598791787,18,2,2
202100055797,102Â 131,B01,1,1,1,1,2,0,-1,-1, -1,-1,2021,49.0,2,0,0,2,0,1,3,,4,VEYETTES (DES),0,,2,2,0,1,(1),(1),3,, -1,1,0,1,50,8,1,2021,12:57,1,35,35238,2,4,0,6,VEYETTES (DES),48.09768,-1.63021,12,2,2
202100018647,168Â 307,A01,2,2,2,5,8,-1,-1,0,0,-1,2021,65.0,1,2,0,2,6,1,1,,3,54,0,,2,2,0,2,54,900,2,, -1,2,0,1,80,15,9,2021,17:15,1,202,202043,1,1,1,5,d54,42.756805,9.459014,17,3,2
202100014724,175Â 396,A01,1,1,1,1,2,6,-1,-1, -1,-1,2021,35.0,1,1,0,2,4,2,1,,1,A50-Sens Marseille vers Aubagne,0,,1,3,0,1,8,880,1,, -1,1,0,2,90,5,10,2021,23:41,3,13,13211,1,1,0,2,A50-Sens Marseille vers Aubagne,43.2882,5.50004,23,2,2
202100044883,121Â 490,A01,1,1,2,9,1,-1,-1,0,0,-1,2021,20.0,1,2,13,0,0,0,1,,4,5,-1,,2,2,0,2,(1),(1),2,, -1,1,0,1,80,8,4,2021,12:32,1,72,72007,1,1,0,6,Lieu Dit la Cohainiere,47.986856,0.424545,12,1,1
202100040622,129Â 003,B01,1,1,1,5,2,8,-1,0,0,-1,2021,51.0,3,1,0,2,6,15,1,,4,CLAVARY (CHEMIN DE),0,,2,2,0,1,(1),(1),2,, -1,1,0,1,50,8,5,2021,17:25,1,6,6069,2,1,0,3,CLAVARY (CHEMIN DE),43.61989,6.93355,17,2,2
202100006817,189Â 590,B01,1,1,1,4,8,0,-1,0,0,-1,2021,30.0,2,1,0,2,1,1,5,,4,RUE DE LA MAISON BLANCHE,0,,1,1,2,2,(1),(1),2,, -1,1,-1,5,30,22,11,2021,10:50,1,75,75113,2,3,0,1,RUE DE LA MAISON BLANCHE,48.825803,2.357382,10,2,2
202100056022,101Â 745,A01,10,3,2,0,0,-1,-1,3,3,1,2021,41.0,1,2,0,1,1,19,1,,2,SECTION GRANDE RAVINE,0,,1,1,0,1,(1),(1),1,, -1,1,9,1,50,6,1,2021,07:15,1,971,97113,1,6,0,6,SECTION GRANDE RAVINE,16.2131,-61.4772,7,3,1
202100049928,112Â 495,B01,1,1,1,5,0,-1,-1,0,0,-1,2021,58.0,2,1,0,2,8,1,5,,3,D68,-1,,2,2,0,4,17,511,3,, -1,1,0,1,80,28,2,2021,15:55,1,69,69267,1,4,0,3,D68,46.171325736,4.6855291148,15,3,2
202100027774,152Â 067,A01,1,1,1,5,1,8,-1,-1, -1,-1,2021,63.0,1,2,1,0,8,1,1,,4,BAUDIN (R),0,,1,1,0,1,0,0,1,, -1,1,0,1,50,19,7,2021,11:05,1,94,94041,2,1,1,6,Rue Baudin,48.815818,2.375142,11,1,1
202100015484,174Â 026,A01,1,1,1,4,2,-1,-1,-1, -1,-1,2021,21.0,1,1,8,2,1,5,1,,4,MARIETTON                           (R ),0,,1,3,3,1,(1),(1),1,, -1,1,0,6,50,30,9,2021,12:20,1,69,69389,2,2,0,3,MARIETTON (R),45.77507,4.80722,12,2,2
202100035246,138Â 697,B01,1,1,2,1,2,-1,-1,-1, -1,-1,2021,59.0,2,1,0,2,8,1,5,,4,EMILE ZOLA     (Cours),0,,2,2,2,1,(1),(1),1,, -1,1,6,1,50,10,6,2021,18:50,1,69,69266,2,3,1,1,EMILE ZOLA (CR),45.769184414,4.8814272881,18,2,2
202100026218,154Â 838,A01,1,1,1,5,2,-1,-1,0,0,-1,2021,40.0,1,1,0,0,8,1,1,,3,32,-1,,2,2,0,1,2,200,3,, -1,1,0,3,70,29,7,2021,21:00,2,11,11262,1,1,0,7,CD32,43.169129,3.037162,21,1,1
202100030294,147Â 618,A01,2,2,1,5,1,-1,-1,0,0,-1,2021,29.0,2,2,0,0,9,1,1,,2,1,0,,2,2,0,2,37,200,1,,5,1,0,3,70,5,7,2021,23:15,1,976,97612,1,1,0,7,Descente du collÃ¨ge de Mtsamboro,-12.685329,45.078465,23,4,1
202100038600,132Â 642,B01,1,1,1,0,8,0,-1,-1, -1,-1,2021,16.0,1,1,0,2,1,1,5,,2,SACRE COEUR (RD POINT) -RIV. DES GALETS ,0,,2,2,1,1,(1),(1),1,, -1,1,3,1,50,23,5,2021,10:50,1,974,97407,1,6,0,3,SACRE COEUR (RD POINT) -RIV. DES GALETS ,-20.9557,55.3121,10,2,2
202100015915,173Â 218,A01,1,1,2,0,2,-1,-1,-1, -1,-1,2021,57.0,1,1,0,2,1,5,5,,4,CRS DE VERDUN,0,,1,2,0,1,(1),(1),1,, -1,1,0,1,50,29,9,2021,15:30,1,33,33119,2,3,0,3,Cours de Verdun,44.85146,-0.53787,15,2,2
202100017022,171Â 192,B01,1,1,1,5,2,0,-1,0,0,-1,2021,27.0,1,1,0,2,7,17,1,,4,AVENUE JEAN JAURES,0,,2,3,0,1,(1),(1),1,, -1,1,0,1,30,25,9,2021,17:15,1,75,75119,2,3,0,3,AVENUE JEAN JAURES,48.883093,2.371481,17,2,2
202100018201,169Â 076,B01,1,1,1,0,1,0,-1,-1, -1,-1,2021,34.0,2,2,0,2,2,0,1,,1,A515CM-sortie Gardanne/Bouc Bel Air,0,,-1,2,0,1,1,299,1,, -1,1,0,1,90,17,9,2021,17:10,1,13,13015,1,1,0,2,A515CM-sortie Gardanne/Bouc Bel Air,43.42965,5.399173,17,2,2
202100001136,199Â 738,A01,1,1,1,5,1,0,-1,-1, -1,-1,2021,20.0,1,2,4,0,3,16,1,,2,RD188 PROVINCE / A10 PARIS,0,,1,1,0,2,9,300,3,, -1,2,0,2,30,28,12,2021,02:30,3,91,91136,1,1,0,7,RD188 PROVINCE / A10 PARIS,48.716137,2.267079,2,1,1
202100022708,161Â 008,A01,2,2,2,0,1,0,-1,0,0,-1,2021,59.0,2,2,0,2,1,19,1,,7,ROUSSILLON (AVENUE DU),0,,3,4,0,1,(1),(1),1,, -1,1,0,1,50,23,8,2021,16:55,1,63,63014,2,2,0,3,ROUSSILLON (AVENUE DU),45.75545,3.12914,16,3,2
202100041508,127Â 417,A01,1,1,2,4,1,0,-1,-1, -1,-1,2021,25.0,1,2,0,2,1,2,1,,4,BEL AIR (BOULEVARD DE),0,,4,5,0,2,0,0,1,, -1,1,0,1,50,30,4,2021,17:28,1,87,87085,2,1,0,2,BEL AIR (BOULEVARD DE),45.81973,1.24934,17,2,2
202100038430,132Â 951,A01,2,2,2,5,1,-1,-1,0,0,-1,2021,67.0,1,2,0,2,2,1,1,,1,20,0,,3,4,0,1,138,50,1,, -1,1,0,1,130,26,5,2021,17:10,1,87,87133,1,1,0,2,GuÃ©ret - MontluÃ§on (Embranchement d'autoroute),46.197211,1.382368,17,3,2
202100009948,183Â 915,B01,1,1,1,1,2,-1,-1,0,0,-1,2021,18.0,1,1,0,2,0,2,5,,3,3,-1,,2,2,0,1,9,150,2,, -1,1,0,1,50,7,10,2021,06:45,3,74,74165,1,1,0,6,DÃ©partementale 3,45.827805,5.988525,6,2,2
202100043640,123Â 671,B01,1,1,1,5,2,6,-1,-1, -1,-1,2021,34.0,1,1,0,2,3,0,1,,4,PRADO JACQUES CHIRAC (ROND POINT),0,,2,2,0,1,(1),(1),1,, -1,1,6,1,50,17,4,2021,23:30,5,13,13208,2,6,0,3,,43.2720732253,5.3909343481,23,2,2
202100008887,185Â 855,A01,1,1,1,0,2,6,-1,0,0,-1,2021,17.0,1,1,0,0,4,1,1,,3,,-1,,2,2,0,2,(1),(1),1,,4,1,0,1,50,8,11,2021,19:50,5,7,7010,2,3,0,2,,45.24335,4.665044,19,3,2
202100023506,159Â 616,A01,1,1,1,5,2,6,-1,0,0,-1,2021,29.0,0,1,0,0,6,0,1,,2,31,-1,,2,4,0,1,20,500,1,, -1,1,0,1,-1,20,8,2021,16:45,1,60,60029,1,1,0,3,,49.393295,2.001743,16,2,2
202100022681,161Â 072,B01,1,1,1,5,1,-1,-1,-1,0,-1,2021,46.0,2,5,3,2,6,1,1,,1,AUTOROUTE A15,0,,3,6,0,1,11,300,1,, -1,1,0,1,90,25,8,2021,13:45,1,95,95252,1,1,0,3,A15,48.97983,2.22672,13,2,2
202100017131,171Â 014,A01,1,1,2,0,8,0,-1,-1, -1,-1,2021,44.0,1,2,1,2,2,17,1,,3,MONTFERMEIL (ALLEE DE),0,,2,2,0,1,0,1,1,, -1,1,0,1,50,24,9,2021,13:35,1,93,93014,2,3,0,1,AllÃ©e de Montfermeil / AllÃ©e des Lilas,48.89793,2.53471,13,2,2