Num_Acc,id_vehicule,num_veh,place,catu,sexe,trajet,secu1,secu2,secu3,locp,actp,etatp,year_acc,victim_age,senc,catv,obs,obsm,choc,manv,motor,occutc,catr,voie,v1,v2,circ,nbv,vosp,prof,pr,pr1,plan,lartpc,larrout,surf,infra,situ,vma,jour,mois,an,hrmn,lum,dep,com,agg_,int,atm,col,adr,lat,long,hour,nb_victim,nb_vehicules
202100037125,135Â 343,B01,1,1,1,5,2,6,9,0,0,-1,2021,42.0,2,1,0,2,2,2,1,,3,1089,0,,2,2,0,1,73,470,1,, -1,1,9,1,90,1,6,2021,17:20,1,19,19085,1,2,0,3,La Versanne,45.326637,1.86222,17,3,2
202100003792,194Â 978,B01,1,1,2,0,1,-1,-1,0,0,-1,2021,35.0,2,2,3,2,1,2,1,,3,D942,0,D,3,4,0,4,0,0,1,, -1,1,0,1,90,8,12,2021,16:45,2,84,84129,1,1,1,4,CD942,43.985713,4.890482,16,3,3
202100054232,104Â 813,A01,1,1,1,9,2,6,-1,0,0,-1,2021,21.0,2,1,0,2,1,1,1,,4,BOULEVARD NEY,0,,3,2,0,1,(1),(1),1,, -1,1,0,1,50,20,1,2021,20:15,5,75,75118,2,2,0,3,BOULEVARD NEY,48.8978803604,2.3373681307,20,2,2
202100000776,200Â 327,A01,1,1,2,1,1,0,-1,-1, -1,-1,2021,39.0,1,2,14,0,1,1,1,,4,GENERAL GALLIENI (RUE DU),0,,-1,2,0,1,(1),(1),1,, -1,2,0,1,50,31,12,2021,06:17,5,10,10362,2,6,0,6,GENERAL GALLIENI (RUE DU),48.29435,4.0598,6,1,1
202100016025,173Â 015,B01,1,1,1,5,2,-1,-1,0,0,-1,2021,33.0,2,1,0,0,4,0,5,,3,1083,-1,,2,2,0,1,1,100,1,, -1,1,0,1,50,1,10,2021,16:10,1,1,1249,2,1,0,2,D1083,45.861362,4.911366,16,2,2
202100021834,162Â 599,A01,1,1,1,5,2,-1,-1,0,0,-1,2021,15.0,1,1,0,2,1,18,1,,3,101,0,,2,2,0,1,1,360,1,,4,1,0,1,50,30,8,2021,18:30,1,1,1091,2,2,0,3,Avenue MarÃ©chal Leclerc,46.116498,5.809536,18,2,2
202100024807,157Â 314,B01,1,1,1,0,2,-1,-1,0,0,-1,2021,41.0,2,1,0,2,1,17,1,,3,,0,,2,2,0,1,32,310,1,, -1,1,0,1,80,10,8,2021,17:13,1,85,85004,1,3,0,6,D 747,46.397873,-1.397379,17,2,2
202100049605,113Â 077,A01,1,1,1,0,1,0,-1,-1, -1,-1,2021,51.0,1,2,0,2,7,1,1,,3,GENERAL DE GAULLE (AVENUE DU),0,,2,4,0,1,0,0,1,, -1,1,5,1,50,1,3,2021,10:05,1,91,91687,2,2,0,3,GENERAL DE GAULLE (AVENUE DU),48.678635,2.382341,10,2,2
202100010168,183Â 525,B01,1,1,1,9,2,0,-1,0,0,-1,2021,34.0,1,1,0,2,7,17,3,,4,AVENUE DE CLICHY,0,,2,3,0,1,(1),(1),1,, -1,2,0,1,30,30,10,2021,22:55,5,75,75118,2,4,0,3,AVENUE DE CLICHY,48.8850595795,2.3267425597,22,2,2
202100053235,106Â 574,B01,2,2,2,9,1,0,0,0,0,-1,2021,22.0,3,2,0,2,4,2,1,,7,POMPIDOU GEORGES BOULEVARD,0,,2,2,0,1,0,0,1,, -1,1,0,1,50,29,1,2021,14:45,1,6,6123,2,1,0,4,POMPIDOU GEORGES BOULEVARD,43.674907,7.192621,14,4,3
202100050515,111Â 404,A01,1,1,1,5,2,-1,-1,0,0,-1,2021,58.0,1,1,0,0,0,1,1,,3,143,-1,,2,2,0,4,2,820,3,, -1,1,0,3,80,21,2,2021,16:30,1,25,25611,1,1,0,7,D143,47.209285,6.052276,16,1,1
202100003840,194Â 888,B01,1,1,1,9,8,0,-1,0,0,-1,2021,19.0,2,1,0,2,2,1,5,,4,BOULEVARD DE COURCELLES,0,,2,4,1,1,(1),(1),1,, -1,1,-1,5,30,9,12,2021,18:05,5,75,75108,2,1,0,2,BOULEVARD DE COURCELLES,48.879044,2.302653,18,2,2
202100031506,145Â 442,B01,1,1,2,9,1,-1,-1,0,0,-1,2021,31.0,2,4,0,2,3,1,1,,2,113,-1,,2,2,0,1,10,760,1,, -1,1,0,1,-1,29,6,2021,15:00,1,34,34244,1,1,0,3,N113,43.66869,4.047482,15,3,2
202100039099,131Â 744,A01,1,1,1,0,8,0,-1,-1, -1,-1,2021,27.0,2,1,0,2,1,16,3,,7,GUESDE (RUE JULES),0,,2,2,1,4,(1),(1),1,, -1,1,5,1,50,20,5,2021,05:45,1,59,59299,2,2,0,3,GUESDE (RUE JULES),50.654338,3.189131,5,2,2
202100015983,173Â 099,B01,1,1,1,5,2,-1,-1,0,0,-1,2021,68.0,1,1,0,2,2,1,6,,3,15,0,,1,2,0,1,1,0,2,, -1,1,0,1,70,30,9,2021,10:40,1,83,83018,1,6,1,3,Avenue de la Gare,43.3448600052,6.1724656668,10,2,2
202100007540,188Â 268,A01,1,1,2,5,1,-1,-1,-1, -1,-1,2021,30.0,2,2,4,0,2,2,1,,1,ROCADE A 630,0,,2,4,0,1,0,8,2,, -1,1,3,1,70,18,11,2021,02:30,5,33,33249,1,1,0,6,ROCADE A 630,44.8853,-0.5087,2,1,1
202100025405,156Â 244,A01,1,1,1,1,1,0,-1,-1, -1,-1,2021,65.0,1,2,0,0,3,1,1,,1,A4,0,,-1,4,0,1,14,0,1,, -1,1,0,1,110,6,8,2021,07:00,1,93,93051,1,1,0,6,A4,48.8354,2.56911,7,1,1
202100035171,138Â 842,A01,1,1,1,5,2,-1,-1,0,0,-1,2021,22.0,3,1,0,2,1,5,1,,4,,-1,,2,1,0,2,(1),(1),2,,3,1,0,1,80,12,6,2021,14:55,1,38,38087,1,1,0,1,Route de Seyssuel,45.579543,4.842659,14,2,2
202100006769,189Â 688,A01,1,1,1,5,1,-1,-1,0,0,-1,2021,46.0,3,2,3,0,1,1,1,,4,,0,,2,2,0,2,(1),(1),2,,4,2,0,8,80,24,11,2021,10:35,1,24,24139,1,1,0,7,Route Jean Julliand,45.142684,0.663246,10,1,1
202100024524,157Â 822,A01,2,2,2,5,1,-1,-1,-1, -1,-1,2021,20.0,3,2,0,4,2,1,1,,4,AVENUE JEAN JAURES,0,,2,2,3,1,(1),(1),1,, -1,1,4,6,50,12,8,2021,08:14,1,33,33075,2,8,0,3,Avenue Jean JaurÃ¨s,44.87238,-0.59121,8,3,2
202100023132,160Â 267,A01,1,1,1,1,2,0,-1,0,0,-1,2021,34.0,1,1,0,0,8,15,3,,4,PLACE DENFERT ROCHEREAU,0,,1,3,0,1,(1),(1),2,, -1,1,0,1,50,21,8,2021,06:20,5,75,75114,2,7,0,7,PLACE DENFERT ROCHEREAU,48.834314,2.330972,6,1,1
202100034447,140Â 160,B01,1,1,1,1,1,5,-1,-1, -1,-1,2021,23.0,3,2,0,2,1,2,1,,4,CHAPIT RE ( RUE DU),0,,1,1,0,1,0,0,3,, -1,1,0,1,50,14,6,2021,14:10,1,93,93073,2,9,1,5,Rue du Chapitre,49.002608468,2.5368762016,14,3,3
202100016679,171Â 815,A01,1,1,1,9,2,0,-1,0,0,-1,2021,36.0,1,1,12,0,3,13,1,,4,BOULEVARD DE LA VILLETTE,0,,1,2,0,1,(1),(1),1,, -1,1,0,1,30,26,9,2021,04:20,5,75,75119,2,7,0,6,BOULEVARD DE LA VILLETTE,48.8784387356,2.3704496026,4,1,1
202100042964,124Â 875,A01,1,1,1,5,2,-1,-1,0,0,-1,2021,72.0,2,1,0,9,1,0,5,,3,798,0,D,2,2,0,1,28,669,1,, -1,1,0,1,80,22,4,2021,15:25,1,35,35071,1,1,0,6,CD 798 lieu dit ville courte,48.445166,-1.245886,15,1,1
202100047308,117Â 205,A01,1,1,1,5,1,-1,-1,0,0,-1,2021,19.0,1,2,8,0,0,1,1,,3,115,-1,E,2,2,0,2,1,590,2,, -1,1,0,3,50,20,3,2021,23:20,5,33,33293,2,1,0,6,Route d'Yvrac,44.879897,-0.434926,23,1,1
202100022378,161Â 649,A01,1,1,1,5,2,-1,-1,0,0,-1,2021,26.0,3,1,13,0,1,0,1,,4,,-1,,2,1,0,1,(1),(1),1,,3,1,0,3,30,28,8,2021,05:15,3,83,83108,1,1,0,6,Chemin de la Foux,43.33411,5.978145,5,1,1
202100048105,115Â 763,A01,1,1,2,5,2,6,-1,-1, -1,-1,2021,36.0,2,1,0,2,1,2,1,,1,A47   1.809 A 5.820,0,,3,4,0,1,5,150,2,, -1,1,0,1,90,14,3,2021,17:20,1,69,69091,1,1,0,2,A47,45.57978,4.73651,17,2,2
202100029287,149Â 413,B01,1,1,1,0,2,6,-1,-1, -1,-1,2021,39.0,2,1,0,2,1,17,1,,3,RD810,0,,2,2,0,2,22,850,1,, -1,1,0,1,70,12,7,2021,20:00,1,64,64483,2,1,0,3,RD810,43.40584,-1.62958,20,2,2
202100038648,132Â 553,A01,1,1,1,4,2,6,-1,0,0,-1,2021,27.0,1,1,0,2,8,1,1,,4,PLACE CHARLES DE GAULLE,0,,1,8,0,1,(1),(1),1,, -1,1,0,1,50,23,5,2021,19:10,1,75,75117,2,7,0,3,PLACE CHARLES DE GAULLE,48.874265,2.294548,19,3,2
202100031915,144Â 703,A01,1,1,1,5,2,6,-1,-1, -1,-1,2021,17.0,2,1,0,2,1,2,1,,3,WILSON (AVENUE DU PRESIDENT),0,,3,4,3,1,0,1,1,, -1,1,0,1,50,28,6,2021,12:40,1,93,93066,2,1,0,2,Avenue du PrÃ©sident Wilson,48.914722,2.358129,12,2,2
202100005412,192Â 120,A01,1,1,2,1,1,-1,-1,0,0,-1,2021,35.0,1,2,2,0,3,1,1,,3,32,-1,,2,2,0,1,2,160,3,, -1,2,0,3,80,2,12,2021,16:50,1,56,56213,1,1,1,6,Kerphilippe,48.11443,-2.917755,16,1,1
202100019349,167Â 046,A01,1,1,2,5,1,0,-1,-1, -1,-1,2021,19.0,2,2,0,2,1,13,1,,3,ROCHEFORT (DE)  (AVENUE),0,,2,2,0,1,38,832,1,, -1,1,0,1,50,12,9,2021,06:40,3,17,17306,2,1,0,1,ROCHEFORT (DE)  (AVENUE),45.649115,-1.024431,6,2,2
202100027735,152Â 138,A01,1,1,1,3,8,0,-1,-1, -1,-1,2021,17.0,0,1,0,2,4,16,5,,4,VALLEE (ROND POINT DE LA),0,,2,2,0,1,(1),(1),1,, -1,1,0,1,50,21,7,2021,12:53,1,45,45302,2,3,0,3,Rue Passe Debout,47.93777,1.89344,12,2,2
202100037504,134Â 630,B01,1,1,2,5,2,-1,-1,0,0,-1,2021,23.0,1,1,0,2,7,17,1,,3,15,-1,,2,2,0,2,30,(1),1,, -1,1,0,8,80,30,5,2021,12:15,1,87,87144,1,3,0,3,FARDISSOUX,45.698907,1.453366,12,2,2
202100022641,161Â 149,A01,1,1,1,0,1,0,-1,-1, -1,-1,2021,25.0,1,2,6,0,1,1,1,,4,CARPONT (RUE DU),0,,2,2,0,1,0,0,2,, -1,1,0,1,50,31,7,2021,03:05,5,22,22215,2,1,0,7,CARPONT (RUE DU),48.5019555392,-2.7775998669,3,1,1
202100033346,142Â 163,B01,4,2,1,5,3,0,-1,-1, -1,-1,2021,2.0,2,2,3,2,3,18,0,,2,ROCADE 10-11,0,,3,4,0,1,17,0,1,, -1,1,0,1,90,14,6,2021,11:51,1,35,35238,1,1,0,3,RN 136,48.13439,-1.7065,11,4,2
202100006094,190Â 909,B01,1,1,1,4,8,0,-1,0,0,-1,2021,33.0,3,1,0,2,8,1,5,,4,PLACE AUGUSTE BARON,0,,2,4,0,1,(1),(1),2,, -1,2,0,1,30,26,11,2021,13:40,1,75,75119,2,7,1,3,PLACE AUGUSTE BARON,48.900619,2.386962,13,2,2
202100025214,156Â 593,A01,1,1,2,5,1,9,-1,0,0,-1,2021,25.0,2,2,4,0,3,1,1,,1,6,0,,3,4,0,1,39,250,1,, -1,1,0,1,130,7,8,2021,07:35,2,77,77407,1,1,0,6,Autoroute A6,48.519944,2.504561,7,1,1
202100045193,120Â 958,B01,1,1,1,0,2,6,-1,0,0,-1,2021,48.0,1,1,0,2,4,0,1,,3,986,0,D,-1,2,0,1,26,400,1,, -1,2,0,1,90,4,4,2021,18:30,1,34,34342,1,1,0,2,D986,43.750761,3.758097,18,2,2
202100037798,134Â 098,A01,10,3,2,0,0,-1,-1,9,B,1,2021,78.0,3,1,0,1,1,25,1,,6,PRK PLACE DE L EUROPE,0,,-1,-1,0,1,(1),(1),1,, -1,1,6,8,10,28,5,2021,16:05,1,33,33063,2,7,0,6,Place de lâEurope,44.85962,-0.58184,16,2,1
202100054990,103Â 518,B01,1,1,1,0,8,0,-1,-1, -1,-1,2021,41.0,2,2,0,2,0,26,1,,1,AUTOROUTE A23,0,,3,2,0,1,30,0,1,, -1,2,0,1,110,12,1,2021,08:30,3,59,59284,1,1,1,2,AUTOROUTE A23,50.42312,3.401329,8,2,2
202100005078,192Â 700,A01,1,1,1,0,8,0,-1,-1, -1,-1,2021,29.0,2,2,6,0,1,13,1,,3,ROUTE DE SAINT GERVAIS,0,,2,2,0,1,19,0,3,, -1,1,0,3,80,1,12,2021,06:30,3,30,30028,1,9,0,6,route de barjac,44.18233,4.5938,6,1,1
202100026755,153Â 899,A01,1,1,1,5,1,-1,-1,0,0,-1,2021,56.0,2,2,0,2,1,13,1,,2,149,-1,,2,2,0,1,39,620,1,,7,1,0,1,80,29,7,2021,09:45,1,79,79088,1,1,0,5,,46.816846,-0.401323,9,3,3
202100003347,195Â 781,A01,1,1,1,5,1,-1,-1,0,0,-1,2021,80.0,2,2,0,2,3,19,1,,3,D18,0,,2,2,0,1,1,950,1,, -1,1,5,1,80,11,12,2021,10:20,1,86,86225,1,2,0,3,D18,46.822668,0.058848,10,2,2
202100046935,117Â 880,A01,10,3,2,5,0,-1,-1,3,3,2,2021,12.0,1,5,0,1,1,1,1,,4,GALIENI (RUE MARECHAL),0,,2,2,0,1,1,0,1,, -1,1,0,1,50,19,3,2021,18:05,1,14,14118,2,4,0,6,Rue MarÃ©chal Gallieni,49.17376,-0.3942,18,2,1
202100006306,190Â 521,A01,1,1,1,1,2,0,-1,-1, -1,-1,2021,17.0,3,1,0,2,2,9,1,,3,LIBERATION (RTE DE LA),0,,3,4,0,1,1,0,1,, -1,1,5,1,50,24,11,2021,23:30,5,94,94019,2,2,0,3,Route de la LibÃ©ration,48.79763,2.54733,23,2,2
202100010185,183Â 497,A01,1,1,1,5,2,0,-1,-1, -1,-1,2021,18.0,1,1,0,2,1,15,1,,3,GRANDE RUE,0,,2,2,0,1,0,0,1,, -1,2,0,1,50,30,10,2021,20:55,5,92,92072,2,6,1,6,GRANDE RUE,48.8264000924,2.219298631,20,2,2
202100020351,165Â 255,A01,1,1,1,5,2,8,-1,-1, -1,-1,2021,36.0,2,1,14,0,1,2,1,,4,DIVISION LECLERC (AV. DE LA ),0,,2,2,0,1,0,0,3,, -1,1,0,1,50,7,9,2021,02:50,5,93,93029,2,3,0,6,Avenue de la Division Leclerc / Avenue Massenet,48.9349611304,2.4497285485,2,1,1
202100054025,105Â 175,A01,1,1,1,0,2,0,-1,-1, -1,-1,2021,33.0,1,1,0,2,8,3,1,,2,ROUTE NATIONALE 1,0,,3,4,0,1,4,0,1,, -1,1,0,1,90,22,1,2021,09:45,1,973,97302,1,1,0,3,ROUTE NATIONALE 1,4.89755,-52.32798,9,2,2
202100014493,175Â 805,A01,2,2,2,5,2,6,9,0,0,-1,2021,19.0,2,1,7,0,0,1,1,,3,2,0,D,2,2,0,2,23,200,4,, -1,1,0,3,80,9,10,2021,14:20,1,60,60681,1,1,0,7,Route d Ons En Bray,49.4084938784,1.9472215642,14,2,1
202100045672,120Â 101,A01,1,1,1,5,1,-1,-1,0,0,-1,2021,69.0,1,2,0,2,1,13,1,,3,787,0,,2,2,0,1,18,(1),1,, -1,1,0,1,80,2,4,2021,09:59,1,22,22067,1,1,0,4,17Le Derff rd 787,48.534311,-3.188996,9,3,3
202100036945,135Â 660,A01,10,3,2,0,0,-1,-1,3,3,1,2021,15.0,1,1,0,1,1,1,1,,7,NEUBOURG. RUE DU (RN 840),0,,2,2,0,2,2,200,1,, -1,1,0,1,50,1,6,2021,08:15,1,76,76231,2,1,0,6,NEUBOURG. RUE DU (RN 840),49.28002,1.00747,8,2,1
202100011844,180Â 547,B01,1,1,2,9,8,0,-1,0,0,-1,2021,34.0,2,1,0,2,1,1,5,,4,RUE DES RONDEAUX,0,,2,1,1,2,(1),(1),1,, -1,2,-1,5,30,20,10,2021,08:30,1,75,75120,2,2,1,3,AVENUE GAMBETTA,48.864778,2.395745,8,2,2
202100037776,134Â 138,B01,1,1,1,0,2,0,-1,0,0,-1,2021,38.0,1,1,0,2,1,1,1,,7,DRIANT (RUE DU COLONEL),0,,2,2,0,1,(1),(1),1,, -1,1,0,1,30,28,5,2021,20:45,1,54,54339,2,1,0,3,DRIANT (RUE DU COLONEL),48.7065072264,6.1899241805,20,2,2
202100016801,171Â 584,B01,1,1,1,0,2,6,-1,-1, -1,-1,2021,44.0,3,1,0,2,7,2,1,,3,TOUTES RUES,0,,2,2,0,1,1,0,1,, -1,1,0,1,50,22,9,2021,07:50,2,202,202037,2,1,0,3,TOUTES RUES,42.6112087913,9.4376448192,7,2,2
202100054872,103Â 723,A01,10,3,2,0,0,-1,-1,1,3,1,2021,15.0,0,2,0,1,1,1,1,,4,CD 144 (RUE DU MARECHAL LECLERC),0,,2,2,0,1,1,800,1,, -1,2,-1,1,50,14,1,2021,17:30,5,76,76561,2,1,0,6,Rue Marechal Leclerc,49.3008293132,1.0119607246,17,2,1
202100017354,170Â 625,C01,2,2,2,5,1,-1,-1,-1, -1,-1,2021,49.0,2,2,0,2,4,2,1,,1,ROCADE A 630,0,,3,6,0,1,0,600,1,, -1,1,0,1,90,21,9,2021,08:15,1,33,33550,1,1,0,4,Autoroute des Deux Mers A62,44.773349,-0.555936,8,4,3
202100046394,118Â 843,B01,1,1,1,0,2,8,-1,-1, -1,-1,2021,21.0,3,1,0,2,1,1,1,,3,VILLEPINTE (ROUTE DE),0,,2,2,0,1,0,1,1,, -1,1,0,1,50,26,3,2021,15:55,1,93,93073,2,2,0,3,MAHEUX (RUE DU MOULIN),48.9765134917,2.5579654381,15,2,2
202100009866,184Â 068,A01,1,1,2,1,1,-1,-1,0,0,-1,2021,36.0,1,2,0,2,1,1,1,,3,27,-1,,2,2,0,3,10,200,1,, -1,1,0,1,80,2,11,2021,13:50,1,59,59174,1,1,0,1,CD27,50.1885406821,4.0507149696,13,3,2
202100053943,105Â 328,A01,10,3,1,3,0,-1,-1,2,4,1,2021,40.0,3,2,0,1,4,4,1,,4,BLACHES DU LEVANT (Chemin des),0,,2,1,0,1,(1),(1),1,, -1,1,9,8,30,23,1,2021,16:30,1,26,26198,2,1,0,6,10 Chemin des Blaches du Levant,44.533335,4.747555,16,2,1
202100000149,201Â 478,A01,1,1,1,5,1,-1,-1,-1,0,-1,2021,20.0,1,2,4,9,1,21,1,,1,AUTOROUTE A15,0,,3,6,0,1,10,100,2,, -1,3,0,2,110,28,12,2021,00:10,3,95,95582,1,1,1,6,AUTOROUTE A15,48.97578,2.23994,0,2,1
202100040546,129Â 135,A01,1,1,1,5,2,-1,-1,0,0,-1,2021,73.0,3,1,0,2,7,15,5,,3,12,0,A,2,2,0,1,(1),(1),2,, -1,2,0,1,50,11,5,2021,17:19,1,38,38373,2,2,1,3,D12a,45.366245,5.55301,17,3,2
202100009839,184Â 110,A01,1,1,2,1,1,-1,-1,0,0,-1,2021,27.0,0,2,13,0,2,1,1,,4,,-1,,2,2,0,2,(1),(1),2,,6,2,0,3,70,2,11,2021,08:00,2,29,29026,1,1,1,6,Route de Dineault,48.199564,-4.10547,8,1,1
202100050916,110Â 665,B01,1,1,1,5,2,8,-1,-1, -1,-1,2021,62.0,0,1,0,2,1,1,1,,4,ELIE WIESEL (BD),0,,2,7,0,1,1,0,1,, -1,1,0,1,50,17,2,2021,18:00,1,13,13210,2,2,0,3,ELIE WIESEL (BD),43.2713225182,5.4221385928,18,2,2
202100051823,109Â 071,A01,10,3,2,2,0,-1,-1,4,3,1,2021,10.0,2,2,0,1,8,1,1,,4,BOULEVARD LEFEBVRE,0,,3,4,0,1,(1),(1),1,, -1,1,0,1,50,11,2,2021,08:45,1,75,75115,2,2,0,6,BOULEVARD LEFEBVRE,48.828647,2.301413,8,2,1
202100031767,144Â 978,A01,1,1,1,0,2,8,-1,-1, -1,-1,2021,26.0,1,1,0,2,2,17,1,,4,JEAN BAPTISTE CLEMENT (AVENUE) 1/47 - 2/,0,,2,2,0,1,0,0,1,, -1,1,0,1,30,29,6,2021,09:10,1,92,92012,2,2,0,3,JEAN BAPTISTE CLEMENT (AVENUE) 1/47 - 2/,48.846584,2.238667,9,2,2
202100019108,167Â 474,A01,1,1,1,5,1,0,-1,-1, -1,-1,2021,41.0,2,5,4,0,1,14,1,,1,Autoroute A31,0,,3,3,0,1,315,600,1,, -1,1,0,1,110,10,9,2021,16:13,1,57,57303,1,1,0,7,Autoroute A31,49.22,6.17,16,1,1
202100001601,198Â 945,A01,10,3,1,5,0,-1,-1,5,9,-1,2021,89.0,3,2,0,0,0,23,1,,4,FERRARI HENRI (RUE),0,,-1,0,0,1,(1),(1),1,, -1,1,0,4,30,23,12,2021,09:45,1,34,34108,2,1,0,6,FERRARI HENRI (RUE),43.44803,3.75155,9,2,1
202100037659,134Â 346,A01,1,1,2,3,1,-1,-1,0,0,-1,2021,55.0,1,2,0,2,3,15,1,,3,656,0,D,2,2,0,1,76,580,1,, -1,1,9,1,80,26,5,2021,09:45,1,47,47195,1,2,0,3,Tauziete,44.1252940445,0.3041138652,9,3,2
202100001778,198Â 613,C01,1,1,1,1,1,-1,-1,0,0,-1,2021,50.0,1,5,13,2,2,2,1,,3,994,-1,,2,3,0,2,48,500,3,, -1,7,0,1,90,23,12,2021,07:15,2,12,12090,1,1,0,5,D994,44.378119,2.436605,7,4,4
202100021764,162Â 723,B01,1,1,1,0,2,6,-1,-1, -1,-1,2021,45.0,2,1,0,2,1,3,1,,2,VERSAILLES (ROUTE DE),0,,-1,0,0,1,26,115,1,, -1,1,0,1,70,30,8,2021,18:00,1,78,78350,1,9,0,3,VERSAILLES (ROUTE DE),48.855587,2.107352,18,2,2
202100041102,128Â 143,A01,10,3,2,2,0,-1,-1,4,3,1,2021,12.0,3,2,0,1,1,26,1,,4,REPUBLIQUE AVENUE,0,,-1,2,0,1,1,0,1,, -1,1,0,1,50,5,5,2021,12:21,1,49,49353,2,1,0,6,REPUBLIQUE AVENUE,47.44867,-0.50127,12,2,1
202100006118,190Â 868,B01,2,2,1,0,1,0,-1,-1, -1,-1,2021,84.0,1,2,0,2,3,1,1,,4,MOUSQUETAIRES (AV DES),0,,2,2,0,1,1,0,1,, -1,1,0,1,50,25,11,2021,15:20,1,94,94079,2,3,0,3,Avenue des Mousquetaires,48.82354,2.56063,15,3,2
202100046125,119Â 317,B01,1,1,1,1,1,0,-1,-1, -1,-1,2021,46.0,1,2,0,2,4,1,0,,7,CAPELETTE (AVENUE DE LA),0,,2,4,0,1,1,0,1,, -1,1,0,1,50,29,3,2021,03:40,5,13,13210,2,1,0,2,CAPELETTE (AVENUE DE LA),43.280685,5.407509,3,2,2
202100017174,170Â 936,A01,1,1,1,1,2,6,-1,0,0,-1,2021,58.0,1,1,0,2,7,17,1,,3,97,0,,2,1,0,1,24,100,1,,3,1,0,1,80,23,9,2021,18:45,1,83,83100,1,3,0,3,Chemin de Camp Redon,43.259909,6.109294,18,2,2
202100028401,150Â 947,A01,4,2,1,5,0,-1,-1,0,0,-1,2021,39.0,1,5,16,0,9,14,1,,3,10,-1,,2,2,0,1,1,310,2,, -1,1,0,3,70,18,7,2021,01:30,3,988,98830,1,1,0,7,Tribu de kokingone - RPN10,-20.85819,165.255039,1,5,1
202100052023,108Â 720,A01,1,1,1,0,2,0,-1,-1, -1,-1,2021,21.0,1,1,0,0,0,1,1,,4,PIERRE PUGET (COURS),0,,2,4,0,1,0,0,1,, -1,2,0,1,50,9,2,2021,21:45,5,13,13206,2,1,1,7,PIERRE PUGET (COURS),43.29124,5.37678,21,1,1
202100028825,150Â 196,A01,1,1,1,1,1,0,-1,-1, -1,-1,2021,19.0,3,2,11,2,8,13,1,,4,BRANLY (RUE),0,,-1,2,0,2,(1),(1),1,, -1,2,0,1,50,15,7,2021,07:35,1,42,42184,2,6,1,3,Rue Branly,46.0616572829,4.0481568687,7,2,2
202100038673,132Â 510,E01,9,2,1,5,1,-1,-1,0,0,-1,2021,10.0,1,2,0,2,1,2,1,,1,71,-1,A,1,4,0,2,131,800,1,, -1,9,0,1,130,24,5,2021,14:00,1,41,41046,1,1,1,4,Autoroute A71 - PK 131+800 - Sens ORLÃANS/VIERZON,47.630067,1.956275,14,14,5
202100024186,158Â 433,A01,9,2,1,5,0,-1,-1,0,0,-1,2021,21.0,2,2,1,2,3,13,1,,3,28,0,,2,2,0,2,7,560,2,, -1,1,0,1,50,14,8,2021,05:38,2,53,53104,2,1,0,1,56 Rue de la Division Leclerc,47.85434,-0.607231,5,4,2
202100055740,102Â 228,A01,4,2,2,1,1,4,-1,-1, -1,-1,2021,21.0,2,2,0,2,1,26,1,,1,4,0,,1,3,0,2,21,100,1,, -1,2,0,1,110,7,1,2021,21:16,3,77,77121,1,1,1,6,A4,48.8319038359,2.6740819216,21,5,2
202100051763,109Â 178,B01,1,1,1,3,2,-1,-1,0,0,-1,2021,44.0,1,0,0,2,2,1,3,,7,D1075,-1,,3,2,1,1,83,200,1,, -1,2,0,5,50,12,2,2021,14:00,1,38,38382,2,1,1,3,Route de Grenoble,45.223,5.68883,14,2,2
202100009924,183Â 953,B01,1,1,1,4,1,0,-1,0,0,-1,2021,25.0,2,5,0,2,3,16,1,,4,BOULEVARD ORNANO,0,,4,4,0,1,(1),(1),1,, -1,1,-1,6,30,1,11,2021,06:15,5,75,75118,2,4,0,3,BOULEVARD ORNANO,48.892693,2.34875,6,4,2
202100023523,159Â 588,A01,2,2,2,5,1,-1,-1,0,0,-1,2021,22.0,1,2,3,2,8,1,1,,1,8,-1,,2,3,0,1,15,200,1,, -1,1,0,1,130,20,8,2021,09:40,1,13,13001,1,1,0,2,A8 - PK 015.200 - SENS NORD SUD,43.528548,5.398487,9,3,2
202100011641,180Â 915,B01,1,1,2,2,2,0,-1,0,0,-1,2021,16.0,2,1,8,2,6,1,5,,4,AVENUE DENFERT ROCHEREAU,0,,2,2,2,1,(1),(1),1,, -1,1,6,5,30,22,10,2021,08:00,1,75,75114,2,7,0,3,AVENUE DENFERT ROCHEREAU,48.834526,2.332655,8,2,2
202100018411,168Â 715,B01,2,2,2,5,1,0,-1,-1, -1,-1,2021,53.0,1,2,0,2,2,19,1,,4,VOLTAIRE (R),0,,1,1,0,1,1,0,1,, -1,1,0,1,50,17,9,2021,18:45,1,94,94078,2,2,0,3,Rue Voltaire,48.74006,2.44975,18,3,2
202100027970,151Â 707,A01,10,3,2,1,0,-1,-1,4,3,1,2021,27.0,3,1,0,1,2,1,1,,4,PLACE SAINT AUGUSTIN,0,,2,4,0,1,(1),(1),1,, -1,1,0,1,50,20,7,2021,18:20,1,75,75108,2,7,0,6,PLACE SAINT AUGUSTIN,48.87503,2.319875,18,2,1
202100049696,112Â 910,B01,1,1,2,5,1,-1,-1,0,0,-1,2021,34.0,2,2,0,2,3,1,1,,3,61,0,D,2,2,0,2,7,900,2,, -1,1,0,1,80,28,2,2021,17:55,1,63,63004,1,1,0,1,D61-Hameau de Tournobert,45.91652,2.802823,17,4,2