Num_Acc,id_vehicule,num_veh,place,catu,sexe,trajet,secu1,secu2,secu3,locp,actp,etatp,year_acc,victim_age,senc,catv,obs,obsm,choc,manv,motor,occutc,catr,voie,v1,v2,circ,nbv,vosp,prof,pr,pr1,plan,lartpc,larrout,surf,infra,situ,vma,jour,mois,an,hrmn,lum,dep,com,agg_,int,atm,col,adr,lat,long,hour,nb_victim,nb_vehicules
202100027402,152Â 731,A01,2,2,2,0,1,8,-1,-1, -1,-1,2021,8.0,3,2,0,2,1,2,2,,9,CHAPITRE ( RUE DU),0,,1,3,0,1,0,0,2,, -1,1,9,1,90,23,7,2021,08:30,1,93,93073,1,9,0,2,Rue du Chapitre,49.002242867,2.5369866425,8,3,2
202100053571,105Â 963,B01,1,1,1,5,2,0,-1,-1, -1,-1,2021,18.0,1,1,0,2,1,1,1,,4,MONTJOVIS (AVENUE),0,,2,2,0,1,0,0,1,, -1,1,0,1,50,25,1,2021,14:12,1,87,87085,2,3,0,3,MONTJOVIS (AVENUE),45.83913,1.24722,14,2,2
202100050025,112Â 325,Z01,4,2,2,5,8,0,-1,-1, -1,-1,2021,19.0,1,2,0,2,1,1,1,,4,DE GAULLE (AVENUE DU GENERAL),0,,2,2,1,1,(1),(1),1,, -1,1,0,1,50,25,2,2021,05:36,5,37,37261,2,3,0,3,DE GAULLE (AVENUE DU GENERAL),47.3805991013,0.6985468716,5,3,2
202100021413,163Â 376,B01,1,1,1,0,8,0,-1,-1, -1,-1,2021,21.0,1,1,0,2,1,9,0,,4,DIGUE RONJON,0,,2,1,0,1,(1),(1),1,, -1,1,0,1,50,1,9,2021,16:19,1,973,97302,2,2,0,3,DIGUE RONJON,4.9340308514,-52.3292479813,16,2,2
202100020609,164Â 788,A01,1,1,1,5,2,-1,-1,0,0,-1,2021,69.0,3,6,8,0,3,1,1,,4,,-1,,2,2,0,1,(1),(1),1,,4,1,0,3,-1,24,8,2021,15:45,1,19,19023,1,1,0,6,lieu-dit Cors,45.1243179131,1.7562074661,15,1,1
202100005298,192Â 318,A01,10,3,2,1,0,-1,-1,4,3,1,2021,25.0,1,2,0,1,1,1,1,,4,SAINT MICHEL BOULEVARD,0,,2,2,0,1,1,0,1,, -1,9,0,1,50,30,11,2021,09:36,1,49,49007,2,1,0,6,SAINT MICHEL BOULEVARD,47.47336,-0.54325,9,2,1
202100032547,143Â 590,B01,1,1,2,0,1,-1,-1,0,0,-1,2021,49.0,1,2,1,0,2,2,1,,3,610,-1,,2,4,0,1,20,800,3,, -1,2,2,3,110,21,6,2021,20:36,2,10,10081,1,1,0,2,D610,48.329728,4.044825,20,2,2
202100053934,105Â 342,A01,10,3,1,3,0,-1,-1,1,3,1,2021,20.0,1,2,0,1,1,1,1,,4,,0,,2,5,2,1,(1),(1),1,, -1,2,-1,1,50,23,1,2021,17:55,5,54,54395,2,1,1,6,DE LATTRE DE TASSIGNY (AV. MAL),48.68422,6.18882,17,2,1
202100035258,138Â 678,B01,1,1,1,5,2,0,-1,-1, -1,-1,2021,25.0,2,1,0,2,1,26,1,,3,SAINT JEAN DE LA CROIX LEVEE,0,,2,2,0,1,25,830,2,, -1,1,0,1,70,9,6,2021,19:14,1,49,49246,2,1,0,3,SAINT JEAN DE LA CROIX LEVEE,47.4173832662,-0.5431301976,19,2,2
202100040071,129Â 970,A01,1,1,1,5,2,6,-1,0,0,-1,2021,33.0,1,1,0,2,1,17,1,,4,BOULEVARD DE COURCELLES,0,,2,6,0,1,(1),(1),1,, -1,1,0,1,50,12,5,2021,19:05,1,75,75117,2,7,0,5,BOULEVARD DE COURCELLES,48.878299,2.298604,19,4,3
202100032210,144Â 186,A01,1,1,1,5,2,-1,-1,0,0,-1,2021,28.0,1,1,0,2,1,1,1,,3,7,0,N,2,2,0,1,19,0,1,, -1,1,0,1,80,27,6,2021,15:40,1,13,13067,1,1,0,3,rD7N,43.76426,5.062037,15,4,2
202100037184,135Â 219,B01,1,1,2,5,1,0,-1,-1, -1,-1,2021,79.0,1,2,0,2,1,15,1,,2,PORT DU NAVEIX (RUE DU),0,,3,5,0,1,14,0,1,, -1,1,5,1,50,30,5,2021,19:00,1,87,87085,2,3,0,3,PORT DU NAVEIX (RUE DU),45.83322,1.27569,19,3,2
202100027218,153Â 064,A01,1,1,1,0,1,-1,-1,0,0,-1,2021,54.0,1,2,0,0,1,2,1,,3,CD NÂ°  513,0,,2,2,0,1,1,0,1,, -1,1,0,1,50,24,7,2021,08:40,1,14,14167,2,1,0,6,D513,49.20229,-0.28958,8,1,1
202100045954,119Â 613,B01,1,1,1,0,8,0,-1,0,0,-1,2021,18.0,0,1,0,2,0,15,5,,4,HUGO (RUE VICTOR),0,,2,2,0,1,(1),(1),1,, -1,1,0,1,30,30,3,2021,17:27,1,27,27229,2,2,1,1,HUGO (RUE VICTOR),49.02245,1.15092,17,2,2
202100029586,148Â 905,B01,3,2,2,0,8,-1,-1,-1, -1,-1,2021,1.0,2,2,0,2,1,15,1,,7,GARIBALDI                           (AV),0,,3,4,0,1,0,1,1,, -1,1,0,1,50,10,7,2021,14:40,1,69,69256,2,2,0,3,GARIBALDI (AV),45.76706,4.93291,14,4,2
202100014819,175Â 215,A01,1,1,1,9,8,8,-1,-1, -1,-1,2021,28.0,3,1,0,2,8,1,0,,4,PASTEUR (RUE LOUIS),0,,1,1,0,1,(1),(1),3,, -1,1,0,1,50,6,10,2021,11:55,1,7,7102,2,1,0,3,PASTEUR (RUE LOUIS),44.93282,4.88176,11,2,2
202100000059,201Â 642,A01,1,1,1,5,2,-1,-1,0,0,-1,2021,34.0,2,1,0,0,8,0,1,,3,,-1,,2,2,0,1,0,600,3,, -1,1,0,8,80,22,9,2021,13:15,1,62,62361,1,1,0,6,Route dÃ©partementale 82,50.285658,2.304479,13,1,1
202100036331,136Â 751,A01,1,1,1,5,0,-1,-1,0,0,-1,2021,32.0,1,2,13,0,2,0,1,,3,42E2,0,D,2,2,0,2,2,185,2,, -1,2,0,3,80,22,5,2021,18:15,1,24,24571,1,1,1,7,D42e2,45.022522,0.73132,18,1,1
202100047858,116Â 215,B01,2,2,2,5,1,-1,-1,0,0,-1,2021,67.0,2,2,0,2,2,1,1,,3,933,0,,2,2,0,1,25,300,1,, -1,1,0,1,80,18,2,2021,11:00,1,80,80381,1,2,0,3,Intersection dÃ©partementale 216 et 933,50.104668,2.187084,11,3,2
202100023220,160Â 114,A01,1,1,1,5,2,6,-1,0,0,-1,2021,24.0,2,1,10,2,1,13,1,,3,918,0,,2,2,0,2,52,0,3,, -1,1,0,1,80,21,8,2021,18:00,1,65,65123,1,1,0,1,Artigues,42.9365442733,0.2090942451,18,2,2
202100026735,153Â 932,B01,1,1,2,5,2,-1,-1,0,0,-1,2021,48.0,1,1,0,2,3,15,1,,3,D29,-1,,2,2,0,1,29,135,1,, -1,1,0,1,80,25,7,2021,16:10,1,37,37068,1,2,0,3,,47.6541885398,0.6493708491,16,2,2
202100045383,120Â 611,B01,1,1,2,5,1,-1,-1,-1, -1,-1,2021,51.0,0,2,0,2,1,1,1,,4,HIPPODROME (rue de l'),0,,1,1,0,2,(1),(1),1,, -1,1,5,1,50,1,4,2021,18:45,1,50,50203,2,2,0,3,HIPPODROME (rue de l'),49.60357,-1.60243,18,2,2
202100034141,140Â 735,A01,1,1,1,5,1,-1,-1,0,0,-1,2021,81.0,2,2,0,2,1,11,1,,3,32,0,,2,2,0,2,1,900,1,, -1,1,0,1,80,16,6,2021,17:00,1,28,28173,1,1,0,5,RD32,48.461144,1.542866,17,3,3
202100008254,186Â 959,A01,1,1,1,5,2,6,-1,0,0,-1,2021,57.0,1,1,6,0,1,1,1,,4,RUE ROUSSELET,0,,-1,1,0,1,(1),(1),1,, -1,1,0,1,30,12,11,2021,00:30,5,75,75107,2,3,0,6,RUE ROUSSELET,48.850149948,2.3177236319,0,1,1
202100029716,148Â 678,A01,2,2,1,5,1,-1,-1,0,0,-1,2021,53.0,1,2,0,2,3,11,1,,1,1,0,A,3,3,0,1,126,200,1,,"13,5",1,0,2,130,11,7,2021,19:00,1,80,80313,1,1,0,3,A1,49.920407,2.851354,19,4,2
202100001665,198Â 829,A01,1,1,1,1,1,-1,-1,0,0,-1,2021,26.0,1,2,2,0,1,1,1,,3,D9Z,0,D,2,2,0,2,22,650,2,, -1,6,0,3,80,24,12,2021,16:35,1,95,95509,1,1,1,6,RD 9+Z,49.070053,2.485533,16,1,1
202100018008,169Â 442,A01,1,1,1,5,2,6,-1,-1, -1,-1,2021,30.0,1,1,0,0,4,9,1,,3,CD 2 (CAMP MAJOR),0,,2,2,0,1,0,100,1,, -1,1,0,1,50,18,9,2021,18:15,1,13,13005,2,1,0,2,CD 2 (CAMP MAJOR),43.2882487404,5.5422177797,18,2,2
202100035333,138Â 550,B01,1,1,1,0,2,0,-1,-1, -1,-1,2021,42.0,0,1,1,0,0,2,5,,4,HENRI JANIN (R),0,,1,1,0,1,1,0,1,, -1,1,0,1,50,10,6,2021,11:20,1,94,94078,2,1,0,6,HENRI JANIN (R),48.73017,2.44838,11,2,2
202100038937,132Â 031,A01,2,2,1,5,2,6,-1,-1, -1,-1,2021,11.0,1,1,12,2,2,14,1,,7,HENRI TASSO (BOULEVARD),0,,1,1,0,1,0,0,1,, -1,1,0,4,30,21,5,2021,20:40,2,13,13002,2,1,0,7,HENRI TASSO (BOULEVARD),43.3385,5.47674,20,3,2
202100046832,118Â 068,A01,1,1,2,5,8,-1,-1,0,0,-1,2021,50.0,2,2,8,0,3,1,1,,3,17,0,,2,2,0,1,11,876,1,, -1,1,0,3,-1,23,3,2021,23:43,3,44,44152,1,1,0,6,56 Hessin,47.467031,-2.005214,23,1,1
202100049284,113Â 666,A01,1,1,1,2,2,6,-1,0,0,-1,2021,18.0,3,1,0,2,8,18,1,,4,AVENUE DU MARECHAL GALLIENI,0,,2,2,0,1,(1),(1),1,, -1,2,0,1,50,4,3,2021,17:35,1,75,75107,2,2,1,3,AVENUE DU MARECHAL GALLIENI,48.859945,2.3131,17,2,2
202100051283,110Â 009,A01,1,1,1,1,2,0,-1,-1, -1,-1,2021,18.0,3,1,0,0,3,1,1,,4,PETIT MONTREJEAU CHEMIN,0,,2,2,0,1,1,0,1,, -1,2,0,1,50,16,2,2021,08:22,1,49,49007,2,1,0,7,PETIT MONTREJEAU CHEMIN,47.466707,-0.530122,8,1,1
202100022833,160Â 798,A01,10,3,1,0,0,-1,-1,2,3,1,2021,94.0,1,4,0,1,4,20,1,,4,,0,,-1,2,0,1,0,0,1,, -1,1,0,1,30,23,8,2021,10:25,1,92,92026,2,1,0,6,FRANKLIN (AVE ET RUE),48.9034890721,2.2664907575,10,2,1
202100009756,184Â 262,A01,10,3,2,0,0,-1,-1,3,3,2,2021,45.0,1,1,0,1,1,1,1,,3,PALAIS-DES-EXPO (AVENUE DU),0,,2,2,0,1,(1),(1),1,, -1,1,0,1,50,30,10,2021,14:20,1,66,66136,2,1,0,6,PALAIS-DES-EXPO (AVENUE DU),42.70755,2.90175,14,3,1
202100003911,194Â 766,B01,7,2,1,1,1,-1,-1,0,0,-1,2021,54.0,2,5,0,2,1,1,1,,3,11,-1,,2,2,1,1,43,500,3,,7,1,0,1,80,8,12,2021,17:00,2,78,78346,1,1,0,1,D11,48.926091,1.573121,17,5,2
202100005795,191Â 433,B01,2,2,2,2,1,-1,-1,0,0,-1,2021,17.0,2,2,0,2,1,1,1,,3,936,-1,,2,2,0,1,3,850,1,, -1,1,0,1,80,29,11,2021,07:50,1,1,1353,1,1,0,5,D936,45.975403,4.785662,7,4,3
202100055852,102Â 043,B01,1,1,1,0,8,0,-1,-1, -1,-1,2021,54.0,1,1,0,2,7,1,0,,4,LECUYER (RUE),0,,2,2,0,1,0,0,1,, -1,1,0,1,50,8,1,2021,13:00,1,93,93001,2,3,0,3,LECUYER (RUE),48.90803,2.39458,13,2,2
202100025862,155Â 456,A01,1,1,1,5,2,-1,-1,0,0,-1,2021,15.0,2,1,0,2,7,5,1,,3,RD73,0,C,2,2,0,2,0,800,2,, -1,1,0,1,80,14,3,2021,17:57,1,38,38032,1,1,0,3,route neuve,45.329695,5.122204,17,2,2
202100001112,199Â 780,A01,1,1,1,5,1,-1,-1,0,0,-1,2021,22.0,1,2,0,2,1,2,1,,1,71,-1,A,1,2,0,2,348,500,1,, -1,1,0,1,110,30,12,2021,09:00,1,3,3118,1,1,0,2,A71 pk 348.500,46.107398,3.139343,9,2,2
202100024321,158Â 196,A01,1,1,1,0,1,0,-1,-1, -1,-1,2021,21.0,2,5,1,0,2,1,1,,4,FRANKLIN ROOSEVELT (AV),0,,2,2,0,1,1,0,1,, -1,1,0,1,50,12,8,2021,00:55,5,94,94021,2,1,0,6,FRANKLIN ROOSEVELT (AV),48.77192,2.35793,0,1,1
202100017905,169Â 615,A01,10,3,2,0,0,-1,-1,4,3,2,2021,18.0,1,2,0,1,2,1,1,,3,DOCTEUR DERVAUX  ( QUAI DU ),0,,1,2,0,1,0,0,1,, -1,1,0,1,50,18,9,2021,22:00,5,92,92004,2,3,0,6,DOCTEUR DERVAUX  ( QUAI DU ),48.9083415169,2.2927445654,22,2,1
202100020689,164Â 649,A01,10,3,1,0,0,-1,-1,5,1,1,2021,38.0,2,2,6,1,1,19,1,,4,JAURES (RUE JEAN) (RPT GARE),0,,-1,4,0,1,(1),(1),1,, -1,1,0,4,50,5,9,2021,22:20,5,51,51108,2,1,0,1,Rue Jean JaurÃ¨s,48.9547478607,4.3531281921,22,4,2
202100046828,118Â 075,A01,1,1,1,3,1,-1,-1,0,0,-1,2021,31.0,1,2,0,2,3,1,1,,3,1082,-1,D,2,2,0,1,48,500,1,, -1,1,0,1,50,21,3,2021,19:35,5,42,42323,2,2,0,3,Avenue de la LibÃ©ration,45.571627,4.273912,19,2,2
202100021281,163Â 616,B01,1,1,1,0,2,8,-1,0,0,-1,2021,79.0,3,1,14,0,4,23,1,,7,,0,,3,2,0,1,(1),(1),1,, -1,1,0,1,50,31,8,2021,11:40,1,6,6123,2,1,0,2,BORD DE MER RN 98,43.656697,7.178824,11,2,2
202100034606,139Â 855,A01,10,3,1,5,0,-1,-1,2,4,1,2021,76.0,1,1,1,1,1,1,1,,4,BOULEVARD DE REUILLY,0,,2,3,0,1,(1),(1),1,, -1,1,0,1,50,13,6,2021,15:07,1,75,75112,2,1,0,6,BOULEVARD DE REUILLY,48.839204,2.391821,15,2,1
202100011615,180Â 962,A01,1,1,1,5,8,0,-1,-1, -1,-1,2021,29.0,3,1,12,0,1,0,5,,4,DAUPHINE  AVENUE DE LA PORTE,0,,2,4,1,1,(1),(1),1,, -1,1,0,5,30,22,10,2021,17:13,1,17,17300,2,1,0,7,DAUPHINE  AVENUE DE LA PORTE,46.16728,-1.15039,17,1,1
202100026741,153Â 920,A01,2,2,2,1,1,-1,-1,0,0,-1,2021,43.0,1,2,4,0,6,1,1,,1,8,0,,1,5,0,1,19,0,2,, -1,1,0,1,90,28,7,2021,15:05,1,13,13001,1,1,0,3,autoroute A8 pk 19 sens sud,43.51202,5.440893,15,3,2
202100021548,163Â 122,A01,10,3,1,5,0,-1,-1,3,3,2,2021,68.0,0,2,0,1,7,0,1,,7,489,-1,,2,2,0,1,5,600,1,, -1,1,0,1,50,21,8,2021,08:10,1,69,69069,2,1,0,6,EDOUARD MILLAUD (AV),45.7473454758,4.725687734,8,2,1
202100007237,188Â 818,A01,10,3,2,5,0,-1,-1,4,3,1,2021,27.0,2,2,0,1,1,15,1,,4,WILSON (BOULEVARD DU PRESIDENT) COTE PAI,0,,2,2,2,1,(1),(1),1,, -1,1,0,1,50,18,11,2021,08:45,1,51,51454,2,2,1,7,Boulevard du PrÃ©sident Wilson,49.2363276285,4.0262270201,8,2,1
202100029108,149Â 720,B01,1,1,2,1,2,0,-1,-1, -1,-1,2021,23.0,1,1,0,2,1,1,5,,4,MIGRON (AVENUE DE),0,,-1,0,0,1,0,0,1,, -1,1,0,1,50,13,7,2021,20:35,1,64,64122,2,3,0,1,MIGRON (AVENUE DE),43.47348,-1.55032,20,2,2
202100011709,180Â 801,B01,1,1,2,5,2,6,-1,0,0,-1,2021,46.0,2,1,8,2,8,1,1,,3,104,-1,,2,2,0,2,56,500,3,, -1,1,0,1,70,23,10,2021,12:15,1,7,7327,1,1,0,4,Route d Ales d104,44.520231,4.3324187,12,3,3
202100025684,155Â 775,A01,1,1,1,5,1,-1,-1,0,0,-1,2021,20.0,1,2,3,2,7,13,1,,3,8,-1,,2,2,0,1,(1),(1),1,, -1,2,0,1,70,4,8,2021,08:50,1,84,84064,1,1,1,1,rd8,44.297978,4.691285,8,2,2
202100036283,136Â 824,A01,1,1,1,1,1,0,-1,-1, -1,-1,2021,35.0,1,2,9,0,4,23,1,,3,BRIAND ( AV. ARISTIDE) 1 A29,0,,3,4,0,1,1,0,1,, -1,2,0,1,50,4,6,2021,05:45,2,93,93057,2,1,1,2,BRIAND ( AV. ARISTIDE) 1 A29,48.9078921557,2.4938317537,5,2,2
202100040970,128Â 384,B01,1,1,2,0,1,8,-1,0, -1,-1,2021,23.0,2,2,0,2,8,13,1,,4,JEAN MOULIN BOULEVARD,0,,2,3,0,1,1,0,1,, -1,1,0,1,50,6,5,2021,17:20,1,93,93046,2,1,0,3,Boulevard Jean Moulin,48.91098,2.512712,17,2,2
202100004536,193Â 668,A01,10,3,1,5,0,-1,-1,4,3,1,2021,88.0,1,5,0,1,3,15,1,,4,PLACE DU GENERAL BEURET,0,,1,0,0,1,(1),(1),1,, -1,2,0,1,30,3,12,2021,12:30,1,75,75115,2,7,1,6,PLACE DU GENERAL BEURET,48.84182,2.303258,12,2,1
202100003235,195Â 986,A01,10,3,1,0,0,-1,-1,2,3,1,2021,80.0,2,1,0,1,1,1,1,,4,NAPOLEON COURS APRES BEVERINI,0,,2,3,0,1,1,50,1,, -1,1,0,1,50,12,12,2021,12:10,1,201,201004,2,1,0,6,Cours NapolÃ©on,41.92865,8.73881,12,2,1
202100026134,154Â 978,A01,1,1,2,0,1,0,-1,-1, -1,-1,2021,20.0,1,2,1,0,1,13,1,,4,PRIMEVERES (RUE DES),0,,2,2,0,1,(1),(1),1,, -1,1,0,4,50,30,7,2021,19:30,1,45,45338,2,1,0,6,Rue des PrimevÃ¨res,47.993097,2.70398,19,1,1
202100018624,168Â 347,B01,2,2,1,5,2,0,-1,-1, -1,-1,2021,24.0,1,1,0,0,0,0,0,,3,JEAN JAURES (AVE)  215 =>,0,,2,4,0,1,0,0,1,, -1,1,0,1,50,16,9,2021,00:11,5,93,93001,2,1,0,2,JEAN JAURES (AVE)  215 =>,48.9158,2.40514,0,3,2
202100052640,107Â 633,A01,1,1,1,9,2,6,-1,-1, -1,-1,2021,33.0,2,1,1,0,9,1,1,,2,RN 104,0,,3,4,0,1,28,100,1,, -1,1,0,1,70,4,2,2021,13:15,1,91,91617,1,1,0,7,RN 104,48.64295,2.53595,13,1,1
202100053672,105Â 798,B01,7,2,1,5,1,-1,-1,0,0,-1,2021,40.0,1,2,0,2,2,1,1,,1,A6,-1,,3,6,0,1,414,100,1,, -1,1,0,1,130,27,1,2021,11:10,1,69,69019,1,1,0,3,A6,46.094186,4.74575,11,6,2
202100033226,142Â 373,B01,1,1,1,0,1,0,-1,-1, -1,-1,2021,27.0,3,2,0,2,1,1,0,,4,EUGENE DELACROIX (RUE),0,,2,2,0,1,0,0,1,, -1,1,0,1,50,20,6,2021,16:30,1,93,93005,2,9,0,3,EUGENE DELACROIX (RUE),48.953406,2.499003,16,3,2
202100027481,152Â 605,A01,4,2,1,5,1,-1,-1,-1, -1,-1,2021,26.0,1,2,0,2,1,2,1,,1,AUTOROUTE A 10,0,,3,6,0,1,542,200,1,, -1,1,3,1,90,23,7,2021,12:15,1,33,33096,1,1,0,4,AUTOROUTE A 10,44.890778,-0.502514,12,9,3
202100003535,195Â 425,A01,3,2,1,0,1,0,-1,-1, -1,-1,2021,31.0,1,2,9,0,1,26,1,,2,RN1 (ROUTE NATIONALE),0,,1,1,0,1,(1),(1),1,, -1,1,3,8,50,10,12,2021,03:25,5,974,97416,1,1,0,6,RN1 (ROUTE NATIONALE),-21.303423,55.42709,3,3,1
202100027421,152Â 701,A01,10,3,2,0,0,-1,-1,9,B,1,2021,70.0,3,2,1,1,3,1,1,,6,,-1,,-1,-1,0,1,(1),(1),1,,"3,5",1,0,1,-1,24,7,2021,11:00,1,76,76711,2,1,0,6,Rue de la Poissonnerie,50.062756,1.370158,11,4,1
202100050667,111Â 120,B01,1,1,1,1,0,-1,-1,0,0,-1,2021,64.0,3,1,0,2,4,2,5,,4,984,0,D,2,2,0,1,(1),(1),1,, -1,1,0,1,70,22,2,2021,10:08,1,1,1419,1,1,0,2,185 Avenue du Mont Blanc,46.23611,6.009028,10,2,2
202100014412,175Â 937,A01,10,3,1,5,0,-1,-1,2,3,1,2021,10.0,1,2,0,1,3,1,2,,4,BOULEVARD VOLTAIRE,0,,2,4,0,1,(1),(1),1,, -1,1,0,1,30,8,10,2021,15:10,1,75,75111,2,1,0,6,BOULEVARD VOLTAIRE,48.866388,2.365704,15,2,1
202100018049,169Â 366,C01,2,2,1,5,1,-1,-1,0,0,-1,2021,52.0,2,2,0,2,3,1,1,,3,d,0,,2,2,0,1,29,500,1,, -1,1,0,1,80,18,9,2021,23:30,3,76,76325,1,1,0,5,Route de Rouen,49.675029,0.822435,23,7,3
202100035138,138Â 897,A01,1,1,2,5,1,-1,-1,0,0,-1,2021,20.0,1,2,13,0,9,1,1,,3,237,0,,2,2,0,1,3,360,1,, -1,9,0,1,80,11,6,2021,22:30,3,53,53053,1,1,0,6,D237,48.277681,-0.401815,22,1,1
202100022770,160Â 898,A01,1,1,1,1,2,6,-1,-1, -1,-1,2021,58.0,1,1,4,2,1,9,1,,1,AUTOROUTE A6B,0,,1,2,0,1,5,199,3,, -1,1,0,1,90,24,8,2021,18:30,1,94,94021,1,1,0,6,AUTOROUTE A6B,48.771371548,2.3450994762,18,1,1
202100002236,197Â 788,B01,1,1,1,3,2,8,-1,0,0,-1,2021,18.0,2,1,0,2,1,1,1,,4,MONNOT (AVENUE),0,,2,2,2,1,(1),(1),1,, -1,1,0,1,50,18,12,2021,17:30,2,71,71076,2,1,0,3,MONNOT (AVENUE),46.7884741079,4.8601578765,17,2,2
202100007693,188Â 001,B01,1,1,1,3,1,0,-1,-1, -1,-1,2021,65.0,1,2,0,2,4,23,1,,3,920,0,,1,1,1,1,0,0,1,, -1,2,0,1,50,15,11,2021,18:50,5,92,92002,2,1,1,4,ARISTIDE BRIAND (AVENUE),48.7556099112,2.3058414459,18,4,4
202100000137,201Â 505,B01,1,1,2,0,1,-1,-1,-1, -1,-1,2021,54.0,1,2,12,2,5,1,1,,4,CRS GAMBETTA,0,,2,2,0,1,(1),(1),1,, -1,1,0,1,30,8,9,2021,20:50,1,33,33167,2,1,0,4,Cours Gambetta,44.8430659384,-0.5338010526,20,6,4
202100023018,160Â 484,A01,1,1,2,0,8,0,-1,-1, -1,-1,2021,56.0,1,2,0,2,1,1,1,,2,T21,0,,2,2,0,1,7,0,1,, -1,1,0,1,90,26,7,2021,11:34,1,201,201004,1,1,0,1,T21,41.9390467934,8.8043532373,11,2,2
202100004541,193Â 660,A01,1,1,1,9,8,0,-1,0,0,-1,2021,36.0,1,0,0,2,0,21,3,,4,RUE SAINT MAUR,0,,1,2,1,1,(1),(1),1,, -1,2,-1,5,30,5,12,2021,11:00,1,75,75111,2,2,1,7,RUE SAINT MAUR,48.867301,2.37593,11,1,1
202100050628,111Â 193,B01,1,1,1,0,2,6,-1,0,0,-1,2021,52.0,1,1,0,2,1,1,1,,3,19,-1,,2,2,0,1,30,300,1,, -1,1,0,1,50,22,2,2021,14:30,1,70,70421,2,3,0,3,Rue de la Rezelle,47.689782,6.040919,14,2,2
202100056402,101Â 084,A01,1,1,1,0,1,0,-1,-1, -1,-1,2021,36.0,1,2,15,2,2,19,1,,4,GHESQUIERE HENRI RUE,0,,1,4,0,1,(1),(1),1,, -1,2,0,1,50,1,1,2021,02:00,5,59,59360,2,2,0,3,GHESQUIERE HENRI RUE,50.61151,3.02379,2,7,2
202100046621,118Â 433,B01,1,1,1,1,2,8,-1,-1, -1,-1,2021,63.0,0,1,0,2,1,1,1,,4,AUDIENCE (RUE DE L'),0,,2,2,0,1,(1),(1),1,, -1,1,0,1,50,25,3,2021,09:45,1,13,13211,2,3,0,3,AUDIENCE (RUE DE L'),43.2963383281,5.4859979817,9,2,2
202100000075,201Â 617,C01,1,1,1,5,1,-1,-1,0,0,-1,2021,49.0,1,2,0,2,1,2,1,,1,13,0,A,3,3,0,1,74,0,1,, -1,1,0,1,130,19,12,2021,07:54,3,27,27612,1,1,1,4,Autoroute A13 PK 74,49.074414,1.400049,7,5,4
202100027073,153Â 328,A01,1,1,2,0,8,0,-1,0,0,-1,2021,22.0,1,2,14,0,1,1,1,,3,CROIX GIBAT (RUE DE LA),0,,4,2,0,1,(1),(1),2,, -1,4,5,1,50,7,7,2021,16:00,1,22,22360,1,6,1,7,CROIX GIBAT (RUE DE LA),48.4744427068,-2.720807075,16,1,1
202100044909,121Â 451,Y01,1,1,1,5,0,-1,-1,0,0,-1,2021,17.0,2,1,0,2,7,1,5,,4,FRANKLIN                            (R ),0,,1,1,2,1,(1),(1),1,, -1,1,0,1,50,6,4,2021,18:50,1,69,69382,2,2,0,3,FRANKLIN (R),45.75271,4.82811,18,2,2
202100006776,189Â 674,B01,1,1,1,1,2,6,9,0,0,-1,2021,23.0,2,1,0,2,9,1,1,,1,7,0,A,1,5,0,1,213,400,1,, -1,1,0,1,130,21,11,2021,18:05,3,13,13067,1,1,0,3,"A7, PK213.400",43.803035,5.039936,18,3,3
202100043240,124Â 369,A01,9,2,2,5,1,-1,-1,0,0,-1,2021,18.0,2,2,0,0,9,21,1,,3,277,0,D,2,2,0,1,0,700,1,, -1,1,0,3,80,22,4,2021,18:45,1,61,61309,1,1,0,7,La RainiÃ¨re,48.330484,0.689746,18,4,1
202100007299,188Â 700,B01,1,1,1,0,1,0,-1,-1, -1,-1,2021,46.0,1,2,0,2,6,1,1,,3,ROUTE NATIONALE 113-L'ANJOLY,0,,2,4,0,1,0,9,1,, -1,1,0,1,90,19,11,2021,18:15,5,13,13117,1,1,0,2,ROUTE NATIONALE 113-L'ANJOLY,43.42488,5.26452,18,3,2
202100024221,158Â 378,A01,1,1,1,0,2,6,-1,-1, -1,-1,2021,53.0,1,1,0,0,0,1,1,,1,AUTOROUTE A86,0,,1,2,0,2,6,800,2,, -1,1,0,1,70,13,8,2021,21:20,2,94,94034,1,1,0,7,AUTOROUTE A86,48.75873,2.33609,21,1,1
202100033997,140Â 987,B01,1,1,1,5,2,0,-1,0,0,-1,2021,58.0,3,1,0,2,1,1,5,,4,ROUTE DES TRIBUNES,0,,2,3,2,1,(1),(1),3,, -1,1,0,1,30,14,6,2021,12:30,1,75,75116,2,1,0,2,ROUTE DES TRIBUNES,48.860494,2.229751,12,2,2
202100044500,122Â 157,A01,1,1,1,5,1,-1,-1,0,0,-1,2021,23.0,1,2,2,0,1,1,1,,3,113,-1,,2,2,0,2,0,243,3,, -1,2,0,3,80,11,4,2021,07:20,2,6,6095,1,1,0,7,Boulevard des 5 Communes,43.648177,6.886346,7,3,1
202100044990,121Â 311,B01,1,1,2,5,1,8,-1,-1, -1,-1,2021,24.0,1,2,0,2,2,19,1,,3,LOUIS ROCHE (AVENUE) (153/203),0,,2,2,0,1,0,0,1,, -1,1,0,1,50,5,4,2021,18:00,1,92,92036,2,2,0,3,LOUIS ROCHE (AVENUE) (153/203),48.92335694,2.3213258386,18,2,2
202100015602,173Â 795,B01,1,1,1,0,8,0,-1,0,0,-1,2021,53.0,1,1,0,2,7,17,1,,3,DUNANT (AVENUE HENRI),0,,2,2,0,2,39,915,2,, -1,1,0,1,50,1,10,2021,07:55,2,27,27375,2,9,0,3,DUNANT (AVENUE HENRI),49.20738,1.16973,7,2,2