Num_Acc,id_vehicule,num_veh,place,catu,sexe,trajet,secu1,secu2,secu3,locp,actp,etatp,year_acc,victim_age,senc,catv,obs,obsm,choc,manv,motor,occutc,catr,voie,v1,v2,circ,nbv,vosp,prof,pr,pr1,plan,lartpc,larrout,surf,infra,situ,vma,jour,mois,an,hrmn,lum,dep,com,agg_,int,atm,col,adr,lat,long,hour,nb_victim,nb_vehicules
202100032308,144Â 008,B01,1,1,2,9,2,0,-1,0,0,-1,2021,34.0,1,1,0,2,7,1,1,,4,BOULEVARD PERIPHERIQUE,0,,1,4,0,1,15,0,1,, -1,1,1,1,70,25,6,2021,09:00,1,75,75116,2,1,0,3,BOULEVARD PERIPHERIQUE,48.869067,2.27085,9,2,2
202100019606,166Â 588,A01,1,1,2,1,2,6,-1,-1, -1,-1,2021,31.0,1,1,0,2,8,3,1,,1,AUTOROUTE A86,0,,3,8,0,3,18,299,3,, -1,1,0,1,90,10,9,2021,20:18,3,93,93027,1,1,0,6,AUTOROUTE A86,48.92838,2.41407,20,2,2
202100032523,143Â 632,B01,1,1,1,9,2,6,-1,0,0,-1,2021,19.0,2,1,0,2,3,18,1,,4,AVENUE DE FRIEDLAND,0,,2,2,0,1,(1),(1),1,, -1,1,0,1,50,24,6,2021,09:50,1,75,75108,2,1,0,3,AVENUE DE FRIEDLAND,48.874678,2.303446,9,2,2
202100041306,127Â 774,A01,1,1,1,1,2,6,-1,0,0,-1,2021,34.0,2,1,0,2,8,11,1,,4,PORTE DE SEVRES,0,,1,4,0,1,9,400,1,, -1,2,0,1,70,5,5,2021,17:50,1,75,75115,2,1,1,4,PORTE DE SEVRES,48.834768,2.274802,17,3,3
202100004608,193Â 539,B01,2,2,2,0,1,0,-1,-1, -1,-1,2021,21.0,1,2,0,2,4,23,1,,1,A51-Sens Marseille vers Aix en Provence,0,,1,3,0,1,2,0,1,, -1,1,0,1,90,5,12,2021,18:15,3,13,13071,1,1,0,4,A51-Sens Marseille vers Aix en Provence,43.41414,5.36484,18,4,3
202100037500,134Â 639,A01,1,1,1,5,2,6,-1,0,0,-1,2021,14.0,0,1,0,2,8,11,1,,3,12,-1,,2,2,0,1,(1),(1),1,, -1,1,0,1,80,23,5,2021,19:40,1,40,40264,1,1,0,3,Route du Stade,43.635594,-1.255011,19,2,2
202100056107,101Â 592,A01,1,1,2,5,1,-1,-1,0,0,-1,2021,23.0,2,2,4,2,3,13,1,,1,7,0,A,1,5,0,1,239,0,1,, -1,1,0,3,130,5,1,2021,15:20,1,13,13051,1,1,0,3,"A7, pk 239+000 sens sud/nord",43.623526,5.132504,15,2,2
202100048096,115Â 783,B01,1,1,1,5,1,-1,-1,0,0,-1,2021,64.0,1,2,0,0,3,19,1,,3,D794,0,,2,2,0,1,(1),(1),1,, -1,1,0,1,80,13,3,2021,17:00,1,22,22035,1,2,0,3,D794,48.4448185716,-1.9755488634,17,3,2
202100052124,108Â 539,A01,1,1,1,5,8,0,-1,-1, -1,-1,2021,26.0,1,0,0,0,0,0,0,,4,CARNOT (BOULEVARD),0,,1,1,0,1,(1),(1),1,, -1,1,0,1,50,5,2,2021,13:10,1,43,43157,2,1,0,7,30 Boulevard Carnot,45.0459,3.87995,13,1,1
202100050358,111Â 684,B01,1,1,1,1,8,0,-1,0,0,-1,2021,29.0,1,1,0,2,1,1,3,,4,RUE DE CLIGNANCOURT,0,,1,1,0,2,(1),(1),1,, -1,1,0,1,50,24,2,2021,16:45,1,75,75118,2,2,0,3,RUE DE CLIGNANCOURT,48.8890534563,2.348158168,16,2,2
202100024586,157Â 712,A01,2,2,2,5,8,0,-1,-1, -1,-1,2021,16.0,1,1,0,2,1,1,1,,4,ROBERT VIGNON (RUE),0,,2,2,0,1,(1),(1),1,, -1,1,0,1,50,1,8,2021,16:50,1,973,97302,2,1,0,1,ROBERT VIGNON (RUE),4.93184,-52.32311,16,3,2
202100022618,161Â 185,B01,2,2,1,0,1,0,-1,-1, -1,-1,2021,37.0,1,2,0,2,5,16,2,,3,GAULLE (RUE DU GENERAL DE),0,,2,2,0,1,(1),(1),1,, -1,1,0,1,50,22,8,2021,16:00,1,59,59028,2,2,0,2,GAULLE (RUE DU GENERAL DE),50.41467,3.05355,16,3,2
202100056209,101Â 422,A01,7,2,1,3,3,-1,-1,0,0,-1,2021,1.0,1,2,13,0,2,1,1,,3,100,0,,2,2,0,2,0,230,3,0,"4,9",2,0,1,80,6,1,2021,11:30,1,16,16025,1,1,1,6,La Croix de Cotterau,45.399866,-0.251377,11,3,1
202100029860,148Â 418,B01,4,2,1,0,1,0,-1,-1, -1,-1,2021,28.0,1,2,0,2,4,26,2,,3,MARTRE DE (4 A 54),0,,1,4,3,1,0,0,1,, -1,1,0,1,50,8,7,2021,22:47,5,92,92024,2,1,0,2,MARTRE DE (4 A 54),48.89984,2.30898,22,3,2
202100014539,175Â 717,C01,2,2,2,5,1,0,-1,-1, -1,-1,2021,90.0,1,2,0,2,8,1,2,,1,A86.INT,0,,3,2,0,1,29,299,3,, -1,1,0,1,90,8,10,2021,14:00,1,94,94033,1,1,0,5,A86.INT,48.8593412312,2.486201098,14,4,3
202100006173,190Â 778,B01,9,2,2,3,3,-1,-1,0,0,-1,2021,7.0,1,2,0,2,2,5,1,,3,60,0,D,2,2,0,2,17,400,3,, -1,2,0,1,70,26,11,2021,20:30,3,42,42066,1,1,0,1,Route de Montbrison,45.7308767457,4.1724298596,20,5,2
202100041163,128Â 023,A01,1,1,1,1,1,0,-1,-1, -1,-1,2021,60.0,1,1,0,2,3,1,1,,2,,0,,2,6,1,1,0,0,1,, -1,1,0,1,50,5,5,2021,19:15,1,92,92051,2,2,0,3,"CHARLES DE GAULLE (AVENUE, NÂ° 18 A 116)",48.8811145147,2.2721984982,19,2,2
202100042011,126Â 528,B01,1,1,1,5,2,6,-1,-1, -1,-1,2021,39.0,1,1,0,2,3,1,1,,3,Pont Georges Pompidou,0,,2,4,0,4,19,927,1,, -1,1,2,1,50,29,4,2021,14:05,1,78,78481,2,2,0,3,Pont Georges Pompidou,48.89791,2.10715,14,2,2
202100027084,153Â 306,A01,1,1,2,5,2,6,-1,0,0,-1,2021,22.0,2,1,0,2,2,3,1,,4,ECHANGEUR MUETTE,0,,1,4,0,1,14,100,1,, -1,1,0,1,70,23,7,2021,18:15,1,75,75116,2,1,0,2,ECHANGEUR MUETTE,48.862014,2.264393,18,2,2
202100014708,175Â 422,B01,1,1,1,0,2,-1,-1,0,0,-1,2021,60.0,1,1,0,2,7,1,1,,3,907,-1,,1,4,0,1,(1),(1),2,, -1,1,0,1,90,8,10,2021,09:25,1,84,84092,1,1,0,3,CD907,43.972218,4.857008,9,2,2
202100005169,192Â 539,B01,2,2,2,0,1,-1,-1,0,0,-1,2021,63.0,1,2,0,2,1,2,1,,1,1,0,A,3,3,0,1,57,600,1,,"13,5",1,0,1,130,29,11,2021,14:40,1,60,60369,1,1,0,4,a1-sens S/N,49.319751,2.687209,14,4,3
202100042080,126Â 409,B01,1,1,1,0,2,0,-1,-1, -1,-1,2021,32.0,2,1,0,2,2,16,5,,4,REPUBLIQUE (PLACE DE LA),0,,1,1,0,1,0,0,2,, -1,1,0,1,50,27,4,2021,09:40,1,92,92024,2,6,0,3,REPUBLIQUE (PLACE DE LA),48.9031299945,2.3132818937,9,2,2
202100041582,127Â 274,A01,1,1,2,5,2,-1,-1,0,0,-1,2021,17.0,0,1,0,2,1,1,1,,4,63,-1,,2,2,0,2,(1),(1),2,, -1,1,0,1,80,3,5,2021,19:30,1,44,44202,1,1,0,1,La Thuelliere,47.47444,-1.254684,19,2,2
202100012896,178Â 678,D01,2,2,1,0,8,4,-1,-1, -1,-1,2021,73.0,1,2,0,2,1,1,1,,3,Route Nationale 3,0,,3,4,0,2,20,399,3,, -1,1,0,1,110,16,10,2021,07:00,3,93,93046,1,1,0,4,D933,48.93025,2.55461,7,5,4
202100006647,189Â 906,A01,1,1,1,4,1,0,-1,-1, -1,-1,2021,62.0,2,2,8,0,1,13,1,,3,SALINE (BOULEVARD DE LA),0,,3,4,0,1,30,9,1,, -1,2,0,1,70,22,11,2021,09:50,1,50,50173,2,1,0,6,SALINE (BOULEVARD DE LA),49.65639,-1.65372,9,2,2
202100047876,116Â 164,A01,1,1,1,5,1,-1,-1,0,0,-1,2021,53.0,2,2,3,2,2,17,1,,3,606,-1,,2,3,0,1,73,50,2,, -1,2,0,1,80,16,3,2021,17:00,1,89,89105,1,1,1,3,D606,47.899053,3.521121,17,2,2
202100005787,191Â 447,A01,2,2,1,0,1,0,-1,-1, -1,-1,2021,18.0,-1,5,2,0,8,1,1,,3,GEORGES BRAQUE (BOULEVARD),0,,3,3,0,1,0,0,1,, -1,1,0,1,50,28,11,2021,23:00,3,93,93005,2,1,0,6,GEORGES BRAQUE (BOULEVARD),48.95661,2.47942,23,2,1
202100023565,159Â 517,B01,1,1,2,5,1,0,-1,-1, -1,-1,2021,30.0,2,2,0,2,4,23,1,,2,PERIGUEUX (ROUTE DE),0,,2,2,0,1,0,0,1,, -1,1,0,1,50,17,8,2021,13:59,1,87,87075,2,1,0,2,PERIGUEUX (ROUTE DE),45.78981,1.17418,13,2,2
202100013401,177Â 778,A01,10,3,2,5,0,-1,-1,2,3,1,2021,73.0,1,5,0,1,3,1,1,,4,ETIENNE DOLET (R),0,,2,2,0,1,1,0,1,, -1,1,0,1,50,12,10,2021,11:30,1,94,94002,2,1,0,6,Rue Etienne Dolet,48.795068,2.425342,11,2,1
202100018934,167Â 799,A01,10,3,2,5,0,-1,-1,3,3,2,2021,21.0,3,2,0,1,1,1,1,,4,GRENET (AVENUE HENRI),0,,2,4,0,4,0,0,1,, -1,1,0,1,50,14,9,2021,19:00,1,64,64102,2,1,0,6,GRENET (AVENUE HENRI),43.49927,-1.48118,19,2,1
202100050320,111Â 755,B01,2,2,2,0,1,0,-1,-1, -1,-1,2021,56.0,1,2,0,2,8,24,1,,4,JEAN DIDIER (RUE),0,,2,2,0,1,1,0,1,, -1,1,0,1,50,20,2,2021,17:30,1,71,71306,2,1,0,6,JEAN DIDIER (RUE),46.6592131607,4.3511091847,17,3,2
202100051748,109Â 199,A01,10,3,1,5,0,-1,-1,2,3,1,2021,82.0,3,5,0,1,2,1,1,,9,,-1,,2,2,0,1,(1),(1),3,, -1,1,5,1,50,12,2,2021,16:00,1,53,53127,2,1,1,6,Rue Saint-sauveur,48.437497,-0.495651,16,2,1
202100052468,107Â 929,B01,1,1,1,1,2,0,-1,-1, -1,-1,2021,50.0,1,1,0,2,8,26,5,,3,CHOISY(ROUTE DE),0,,2,6,0,1,1,0,1,, -1,1,0,1,50,4,2,2021,16:55,1,94,94028,2,1,0,3,CHOISY(ROUTE DE),48.78567,2.44875,16,2,2
202100034537,139Â 996,B01,1,1,2,1,1,-1,-1,-1, -1,-1,2021,39.0,2,2,0,2,5,0,1,,7,RD383   14.250 A 18.000,0,,1,4,0,1,14,300,1,, -1,1,3,1,70,1,6,2021,17:45,1,69,69199,1,1,0,4,RD383   14.250 A 18.000,45.71648,4.85087,17,3,3
202100056299,101Â 263,A01,1,1,1,5,1,-1,-1,0,0,-1,2021,55.0,1,2,0,2,3,13,1,,3,86,0,,2,2,0,1,77,400,1,, -1,2,0,1,50,5,1,2021,09:07,1,7,7181,2,1,0,4,RD86,44.739593,4.742022,9,4,4
202100041180,127Â 990,A01,10,3,1,5,0,-1,-1,0,0,-1,2021,46.0,2,2,0,1,0,1,1,,2,165,-1,,3,4,0,1,23,650,4,, -1,1,0,1,110,7,5,2021,04:55,3,56,56143,1,1,0,6,N165 sens Brest/Nantes,47.573225,-2.520332,4,2,1
202100013250,178Â 057,B01,1,1,2,5,8,0,-1,0,0,-1,2021,11.0,1,1,0,2,1,19,5,,3,PETITE-SUISSE (AVENUE DE LA),0,,2,2,2,1,(1),(1),1,, -1,1,-1,1,50,14,10,2021,18:08,1,54,54079,2,1,0,6,PETITE-SUISSE (AVENUE DE LA),48.88343,6.04519,18,2,2
202100046054,119Â 434,B01,1,1,1,0,1,0,-1,-1,0,-1,2021,45.0,2,2,0,2,6,1,1,,1,AUTOROUTE A15,0,,3,7,0,3,18,100,1,, -1,1,0,1,90,30,3,2021,10:55,1,95,95488,1,1,0,2,AUTOROUTE A15,49.0129801013,2.1491154178,10,2,2
202100031452,145Â 527,B01,1,1,1,5,2,-1,-1,0,0,-1,2021,44.0,1,1,0,2,1,1,0,,3,897,0,,2,2,0,2,0,500,2,, -1,1,0,1,80,2,7,2021,18:40,1,67,67320,1,1,0,1,D897 PR000.500,48.335121783,7.3184287548,18,2,2
202100021149,163Â 858,A01,2,2,1,0,1,-1,-1,0,0,-1,2021,16.0,2,2,9,2,8,1,1,,3,650,-1,,2,2,0,1,73,600,1,, -1,1,5,1,80,3,9,2021,20:30,1,50,50215,1,2,0,3,D650,49.129022,-1.590421,20,3,2
202100023994,158Â 750,A01,1,1,2,5,2,8,-1,-1, -1,-1,2021,20.0,2,1,0,2,1,12,1,,2,11 - RT,0,,1,1,0,1,1,0,1,, -1,1,0,1,70,15,8,2021,07:58,1,202,202033,2,1,0,2,11 - RT,42.67232,9.44383,7,2,2
202100024476,157Â 918,A01,1,1,2,1,1,-1,-1,-1, -1,-1,2021,18.0,2,2,0,2,1,2,1,,1,A57,0,,3,4,0,1,5,800,1,, -1,1,0,1,70,12,8,2021,12:45,1,83,83144,1,1,0,2,A57,43.140388,5.999328,12,2,2
202100011037,181Â 990,A01,1,1,1,1,2,0,-1,-1, -1,-1,2021,59.0,2,1,0,2,2,1,1,,1,RN104,0,,1,2,0,1,13,300,1,, -1,2,0,1,90,26,10,2021,09:00,1,77,77294,1,1,0,6,RN104,48.9557745296,2.6266009959,9,3,3
202100020543,164Â 918,A01,1,1,1,5,1,0,-1,-1, -1,-1,2021,19.0,2,2,0,2,1,5,1,,2,AVIGNON (ROUTE D'),0,,2,2,0,1,1,0,1,, -1,1,0,1,80,6,9,2021,17:00,1,30,30028,1,1,0,5,AVIGNON (ROUTE D'),44.14707,4.65652,17,10,3
202100051621,109Â 422,A01,2,2,1,5,1,-1,-1,0,0,-1,2021,27.0,2,2,8,0,1,1,1,,3,D43,-1,,2,2,0,1,22,832,1,, -1,1,0,3,80,13,2,2021,16:00,1,36,36096,1,1,0,6,Champ Rocher,46.742677,1.129859,16,3,1
202100030136,147Â 906,B01,1,1,1,4,1,-1,-1,-1,0,-1,2021,49.0,2,2,0,2,2,1,1,,1,AUTOROUTE A3,0,,3,-1,0,1,17,0,1,, -1,1,0,1,90,8,7,2021,15:45,1,95,95277,1,1,0,3,AUTOROUTE A3,48.97998,2.4966,15,2,2
202100040156,129Â 821,B01,1,1,2,0,1,0,-1,-1, -1,-1,2021,39.0,2,2,0,2,8,1,1,,4,BARTHOLDI FRED AUGUSTE (AV) PAIRS,0,,2,2,0,1,0,0,1,, -1,1,0,1,50,12,5,2021,10:00,1,72,72181,2,2,0,3,BARTHOLDI FRED AUGUSTE (AV) PAIRS,48.01992,0.15796,10,2,2
202100009636,184Â 483,B01,1,1,1,9,1,0,-1,-1, -1,-1,2021,44.0,1,2,0,2,0,0,1,,3,LENINE (AVENUE) NR 28 A 62 ET 13 A 41,0,,1,1,0,3,0,1,2,, -1,2,3,1,50,3,11,2021,11:25,1,93,93066,2,9,1,2,LENINE (AVENUE) NR 28 A 62 ET 13 A 41,48.94379,2.36223,11,2,2
202100039560,130Â 877,A01,2,2,2,0,1,0,-1,-1, -1,-1,2021,23.0,0,2,13,0,9,1,1,,4,SABLIERE (RUE DE LA)   ZI,0,,2,2,0,1,0,0,2,, -1,2,0,1,50,16,5,2021,22:50,3,91,91223,2,1,1,7,SABLIERE (RUE DE LA)   ZI,48.44978,2.15392,22,2,1
202100014857,175Â 154,A01,10,3,1,0,0,-1,-1,3,3,1,2021,10.0,3,5,0,1,1,1,1,,3,ARISTIDE BRIAND (BOULEVARD),0,,2,1,0,1,0,0,1,, -1,1,0,1,30,6,10,2021,13:30,1,93,93048,2,1,0,1,ARISTIDE BRIAND (BOULEVARD),48.877516,2.457003,13,2,1
202100041712,127Â 051,A01,1,1,1,5,0,-1,-1,0,0,-1,2021,37.0,1,1,13,0,1,14,1,,3,289,-1,,2,2,0,2,0,990,2,, -1,1,0,3,80,2,5,2021,17:55,1,35,35247,1,1,0,6,La Croix Belhomme,48.589991,-1.6029,17,1,1
202100008808,186Â 002,B01,1,1,1,5,1,-1,-1,0,0,-1,2021,66.0,2,2,0,2,1,1,1,,3,909,0,D,2,2,0,2,38,500,2,, -1,1,0,1,80,9,11,2021,08:50,1,74,74080,1,1,1,1,D909,45.873659,6.45501,8,2,2
202100007128,189Â 028,B01,1,1,2,5,1,5,-1,-1, -1,-1,2021,35.0,2,2,0,2,8,1,1,,4,RUE EUGENE PORCHERON,0,,1,1,0,1,0,0,1,, -1,1,0,1,50,19,11,2021,17:45,2,988,98818,2,2,0,3,RUE EUGENE PORCHERON,-22.27525,166.44563,17,2,2
202100005691,191Â 626,A01,1,1,1,1,2,6,-1,0,0,-1,2021,46.0,1,1,6,0,7,1,1,,7,2564,-1,M,2,2,1,1,14,3,2,, -1,1,0,3,-1,30,11,2021,08:50,1,6,6059,1,1,0,6,Avenue des Diables Bleus,43.736468,7.356184,8,1,1
202100034104,140Â 804,B01,1,1,2,9,1,0,-1,0,0,-1,2021,49.0,1,5,0,2,3,1,1,,4,COURS LA REINE,0,,3,3,0,1,(1),(1),1,, -1,1,0,1,50,16,6,2021,17:10,1,75,75108,2,2,0,3,COURS LA REINE,48.864658,2.313643,17,2,2
202100012760,178Â 910,A01,2,2,1,5,1,5,-1,0,0,-1,2021,28.0,2,2,0,0,1,14,1,,3,14,0,,3,4,0,1,28,100,2,, -1,1,0,3,110,16,10,2021,21:50,3,95,95002,1,1,0,7,RD14,49.070808,1.967454,21,2,1
202100043139,124Â 565,B01,2,2,1,5,1,0,-1,-1, -1,-1,2021,16.0,1,2,0,2,4,2,1,,4,BORIE (BOULEVARD DE LA),0,,4,5,0,1,7,900,1,, -1,1,0,1,50,18,4,2021,15:51,1,87,87085,2,2,0,2,BORIE (BOULEVARD DE LA),45.83526,1.227,15,3,2
202100008082,187Â 288,A01,1,1,2,5,1,-1,-1,0,0,-1,2021,70.0,3,5,10,0,2,0,1,,4,1,0,C,2,2,0,1,(1),(1),1,, -1,2,2,3,50,14,11,2021,10:00,1,82,82006,2,1,0,6,C1,43.859239,0.965641,10,1,1
202100040296,129Â 572,B01,1,1,1,4,2,8,-1,0,0,-1,2021,26.0,2,1,0,2,1,0,1,,3,GUYNEMER (BOULEVARD),0,,2,2,0,1,3,186,4,, -1,1,0,1,30,22,2,2021,21:45,5,6,6012,2,1,0,3,GUYNEMER (BOULEVARD),43.7487005,7.428802,21,2,2
202100023270,160Â 022,A01,1,1,1,5,8,0,-1,-1, -1,-1,2021,15.0,1,1,0,0,7,1,5,,4,MOHEDAN DU,0,,2,2,0,1,0,0,1,, -1,1,0,1,50,19,8,2021,20:55,2,64,64445,2,1,0,7,MOHEDAN DU,43.3112,-0.37093,20,1,1
202100002514,197Â 282,A01,1,1,1,5,2,6,-1,0,0,-1,2021,54.0,1,1,0,0,0,0,1,,3,130,0,,2,2,0,1,14,800,1,, -1,7,0,3,80,19,12,2021,03:45,3,38,38093,1,1,0,7,D130 route du tramwai,45.322922,5.23424,3,1,1
202100004095,194Â 421,A01,1,1,1,0,2,0,-1,0,0,-1,2021,77.0,3,1,0,2,2,1,1,,4,,0,,1,2,2,1,(1),(1),1,, -1,1,0,1,50,22,11,2021,19:09,5,6,6088,2,1,0,3,DUBOUCHAGE (BD),43.700878,7.26893,19,2,2
202100022504,161Â 404,A01,1,1,1,5,2,6,-1,0,0,-1,2021,40.0,1,1,0,0,0,1,1,,3,991,-1,,2,2,0,2,41,980,3,, -1,9,0,1,90,25,8,2021,10:50,1,19,19145,1,1,0,7,D991,45.384135,2.122421,10,1,1
202100024408,158Â 055,A01,1,1,1,4,8,-1,-1,0,0,-1,2021,49.0,2,4,3,0,2,1,1,,3,943,0,A,3,4,0,1,57,978,1,, -1,1,0,1,110,13,8,2021,00:35,3,36,36142,1,1,0,6,Parcay,46.83596,1.592846,0,1,1
202100008744,186Â 105,A01,1,1,1,5,2,6,-1,0,0,-1,2021,22.0,1,1,4,0,7,3,1,,4,BOULEVARD PERIPHERIQUE EXTERIEUR NORD  ,0,,1,4,0,1,20,200,1,, -1,1,2,1,70,8,11,2021,05:20,5,75,75117,2,1,0,6,BOULEVARD PERIPHERIQUE EXTERIEUR NORD  ,48.900188,2.320781,5,1,1
202100045776,119Â 927,B01,1,1,2,1,1,8,-1,-1, -1,-1,2021,29.0,0,2,0,2,4,23,1,,4,BUTRIS (TRAVERSE DES),0,,2,2,0,1,0,0,1,, -1,1,0,1,50,31,3,2021,18:00,1,13,13211,2,1,0,2,BUTRIS (TRAVERSE DES),43.299,5.453,18,2,2
202100014737,175Â 367,A01,1,1,1,0,2,0,-1,-1, -1,-1,2021,28.0,2,1,0,2,1,3,1,,1,A13W,0,,-1,3,0,1,12,100,1,, -1,1,0,1,110,7,10,2021,08:35,1,78,78524,1,1,0,3,A13W,48.841212,2.105106,8,2,2
202100036583,136Â 324,B01,1,1,1,0,1,-1,-1,-1, -1,-1,2021,36.0,1,2,0,2,2,1,1,,4,ROBERT DESNOS                       (R ),0,,2,1,0,1,(1),(1),1,, -1,1,0,1,30,3,6,2021,16:40,1,69,69286,2,3,1,3,ROBERT DESNOS (R),45.82323,4.90417,16,2,2
202100040273,129Â 616,B01,1,1,1,5,2,6,9,0,0,-1,2021,20.0,1,1,0,2,1,2,1,,3,57,0,D,3,4,0,2,43,900,1,, -1,1,0,1,110,13,5,2021,13:05,1,53,53137,1,1,0,2,D57,48.072717,-0.905342,13,2,2
202100048741,114Â 640,A01,1,1,2,1,1,-1,-1,0,0,-1,2021,37.0,1,2,0,2,3,13,1,,3,24,0,,2,2,0,1,27,300,1,, -1,1,0,1,90,8,3,2021,21:05,3,28,28154,1,1,0,3,Rue du Thymerais,48.485862,1.287535,21,2,2
202100036991,135Â 575,B01,2,2,2,5,1,0,-1,-1, -1,-1,2021,75.0,1,3,0,2,1,1,1,2.0,4,CHAZELLES ( COURS LOUIS  DE ),0,,2,4,3,1,(1),(1),1,, -1,1,0,1,30,31,5,2021,16:20,1,56,56121,2,2,0,3,CHAZELLES ( COURS LOUIS  DE ),47.75285,-3.36187,16,3,2
202100048768,114Â 594,A01,1,1,1,0,2,0,-1,-1, -1,-1,2021,40.0,1,1,0,2,1,3,1,,1,AUTOROUTE A3,0,,3,10,0,1,2,0,1,, -1,1,0,1,70,8,3,2021,13:30,1,93,93048,1,1,0,3,AUTOROUTE A3,48.87315,2.436,13,2,2
202100049307,113Â 624,A01,1,1,2,0,1,-1,-1,0,0,-1,2021,78.0,1,2,2,0,1,1,1,,3,133,-1,,2,2,0,2,6,700,2,, -1,1,0,3,80,4,3,2021,12:10,1,79,79007,1,1,0,6,Roche Cochon,46.590131,-0.35446,12,1,1
202100023842,159Â 010,A01,1,1,1,9,2,0,-1,-1, -1,-1,2021,40.0,3,1,0,2,1,23,1,,4,mamoudzou centre-Internat (rue de l'),0,,2,2,0,2,0,0,1,, -1,1,0,1,30,16,8,2021,14:15,1,976,97611,2,1,0,2,mamoudzou centre-Internat (rue de l'),-12.78027,45.22702,14,2,2
202100041506,127Â 419,A01,1,1,2,5,1,0,-1,-1, -1,-1,2021,20.0,2,2,12,0,9,13,1,,4,PRADES (RUE DES),0,,2,2,0,1,0,0,1,, -1,1,0,1,50,2,5,2021,03:56,5,87,87085,2,1,0,6,PRADES (RUE DES),45.87191,1.29421,3,2,1
202100011817,180Â 599,B01,1,1,1,1,2,8,-1,-1, -1,-1,2021,18.0,1,1,0,2,3,0,1,,7,VOISIN (BOULEVARD ANDRE-GEORGES),0,,3,4,0,1,(1),(1),1,, -1,2,0,1,50,20,10,2021,09:30,1,37,37214,2,1,0,6,VOISIN (BOULEVARD ANDRE-GEORGES),47.4291034026,0.6630527973,9,2,2
202100054749,103Â 936,A01,1,1,1,0,1,8,-1,-1, -1,-1,2021,33.0,1,2,0,2,1,2,1,,2,RN1 (ROUTE NATIONALE),0,,1,4,0,1,(1),(1),1,, -1,1,0,1,110,15,1,2021,12:25,1,974,97416,1,1,0,2,RN1 (ROUTE NATIONALE),-21.31085,55.43502,12,3,2
202100015372,174Â 230,A01,1,1,1,5,8,-1,-1,0,0,-1,2021,41.0,1,2,13,0,0,14,1,,2,83,0,N,2,2,0,1,86,710,2,, -1,1,0,3,80,26,9,2021,23:25,3,39,39259,1,1,0,7,,46.996181,5.838278,23,1,1
202100010899,182Â 245,B01,1,1,2,0,8,4,-1,-1, -1,-1,2021,36.0,1,1,0,2,1,1,5,,3,THIVET (AVENUE),0,,2,2,1,1,(1),(1),1,, -1,2,9,5,50,25,10,2021,08:10,1,50,50129,2,1,0,3,THIVET (AVENUE),49.63537,-1.656665,8,2,2
202100027666,152Â 267,B01,1,1,1,0,1,0,-1,-1, -1,-1,2021,71.0,2,2,0,2,3,2,1,,1,6,0,,3,7,0,1,27,600,1,, -1,1,0,1,110,22,7,2021,01:40,3,91,91340,1,1,0,2,AUTOROUTE A6,48.602347,2.438146,1,2,2
202100053301,106Â 461,B01,1,1,1,5,2,6,-1,0,0,-1,2021,51.0,1,1,0,2,8,1,1,,3,50,0,A,2,2,0,2,13,200,1,, -1,2,0,1,70,29,1,2021,11:25,1,59,59559,1,2,1,3,cd 50a,50.336093,3.636861,11,2,2
202100015934,173Â 181,A01,1,1,1,5,2,6,-1,-1, -1,-1,2021,23.0,3,1,0,2,1,17,1,,3,C.D. 35 BIS,0,,3,3,1,2,0,97,1,, -1,1,0,1,50,30,9,2021,18:05,1,6,6004,1,1,0,5,C.D. 35 BIS,43.59519,7.09073,18,3,3
202100045988,119Â 555,A01,10,3,2,5,0,-1,-1,3,3,1,2021,62.0,1,2,0,1,3,1,1,,3,BD DE STRASBOURG,0,,2,3,0,2,1,0,1,, -1,1,0,1,50,29,3,2021,17:50,1,94,94052,2,1,0,6,STRASBOURG (BD DE),48.845107,2.488953,17,2,1
202100004075,194Â 460,B01,1,1,1,9,1,8,-1,0,0,-1,2021,68.0,1,2,0,2,8,1,1,,2,RN 7 (Meyrol)),0,,2,2,0,1,88,160,1,, -1,1,0,1,50,3,12,2021,08:50,1,26,26198,1,1,0,3,7 Rue de la Pradal,44.571077,4.738969,8,2,2
202100038471,132Â 881,A01,10,3,2,5,0,-1,-1,3,3,1,2021,81.0,2,2,0,1,1,19,0,,4,12,0,,2,2,0,1,(1),(1),1,, -1,1,0,1,50,25,5,2021,11:10,1,31,31395,2,1,0,6,1 AllÃ©es Niel,43.459108,1.326162,11,2,1
202100054213,104Â 843,B01,1,1,1,4,1,0,-1,-1, -1,-1,2021,35.0,2,2,0,2,1,1,1,,7,RD 463,0,,2,2,0,1,39,421,1,, -1,1,0,1,80,21,1,2021,08:30,2,35,35055,1,3,0,3,RD 463,48.07822,-1.59465,8,6,2
202100013473,177Â 654,B01,1,1,1,5,2,-1,-1,0,0,-1,2021,15.0,0,1,0,2,1,1,1,,3,65,-1,,2,2,0,1,5,365,1,, -1,1,0,1,80,14,10,2021,12:20,1,27,27343,1,5,0,3,Les BruyÃ¨res,49.064335,1.374439,12,3,2
202100042948,124Â 901,A01,1,1,1,9,2,6,-1,0,0,-1,2021,50.0,3,1,0,2,1,17,1,,3,2,0,D,2,2,0,1,0,0,1,, -1,1,0,1,50,23,4,2021,15:30,1,84,84131,2,1,0,3,159 Route de Robion,43.84462,5.084326,15,2,2