Num_Acc,id_vehicule,num_veh,place,catu,sexe,trajet,secu1,secu2,secu3,locp,actp,etatp,year_acc,victim_age,senc,catv,obs,obsm,choc,manv,motor,occutc,catr,voie,v1,v2,circ,nbv,vosp,prof,pr,pr1,plan,lartpc,larrout,surf,infra,situ,vma,jour,mois,an,hrmn,lum,dep,com,agg_,int,atm,col,adr,lat,long,hour,nb_victim,nb_vehicules
202100007920,187Â 586,B01,1,1,1,1,2,6,-1,0,0,-1,2021,28.0,2,1,0,2,1,17,1,,3,D36E,0,,2,2,0,1,0,525,1,, -1,1,0,1,80,9,11,2021,16:40,1,69,69148,1,1,0,3,VIOLON (DU) (RTE),45.6685774966,4.7025723906,16,3,2
202100046395,118Â 842,B01,1,1,1,0,2,0,-1,-1, -1,-1,2021,39.0,1,1,8,2,7,17,0,,4,CARNOT (BOULEVARD),0,,1,1,0,1,0,1,1,, -1,1,0,1,50,27,3,2021,15:00,1,93,93066,2,1,0,3,CARNOT (BOULEVARD),48.9383087081,2.3532919981,15,4,2
202100044041,122Â 954,A01,1,1,1,4,2,8,-1,0,0,-1,2021,41.0,1,1,0,0,3,1,1,,4,PORTE DE VANVES,0,,1,3,0,1,6,700,1,, -1,1,0,1,70,13,4,2021,09:05,1,75,75114,2,1,0,7,PORTE DE VANVES,48.824104,2.307761,9,1,1
202100001932,198Â 342,B01,2,2,2,1,1,-1,-1,0,0,-1,2021,10.0,2,2,0,2,3,0,1,,2,1,0,,2,2,0,1,6,0,1,,7,1,0,1,70,23,12,2021,15:10,1,971,97109,1,1,0,1,RN1 Avenue du GÃ©nÃ©ral de gaulle,15.99218,-61.691757,15,4,2
202100027752,152Â 102,B01,1,1,1,5,2,0,-1,-1, -1,-1,2021,15.0,2,1,0,2,1,1,1,,4,PIERRE BROSSOLETTE (RUE),0,,2,2,0,1,(1),(1),1,, -1,1,0,1,50,20,7,2021,17:06,1,10,10387,2,2,0,3,PIERRE BROSSOLETTE (RUE),48.29063,4.07582,17,2,2
202100042420,125Â 798,B01,1,1,1,0,1,0,-1,-1, -1,-1,2021,22.0,2,2,0,2,5,2,1,,1,AUTOROUTE A1,0,,3,6,0,1,40,0,1,, -1,1,0,1,130,26,4,2021,16:45,1,60,60612,1,1,0,2,AUTOROUTE A1,49.18509,2.60509,16,2,2
202100015249,174Â 451,A01,10,3,1,5,0,-1,-1,4,3,1,2021,48.0,1,2,0,1,3,15,1,,4,,0,,1,1,1,1,0,0,2,, -1,1,0,1,50,4,10,2021,11:50,1,92,92002,2,1,0,6,GABRIEL PERI (AVENUE),48.7540160677,2.3007814586,11,2,1
202100028096,151Â 484,C01,1,1,1,0,2,0,-1,-1, -1,-1,2021,55.0,3,1,0,2,1,17,1,,2,11 - RT,0,,2,2,0,1,1,0,2,, -1,1,1,1,50,17,7,2021,18:48,1,202,202033,2,1,0,1,11 - RT,42.69863,9.45264,18,4,3
202100044343,122Â 409,A01,1,1,1,5,0,-1,-1,0,0,-1,2021,63.0,1,2,5,0,0,2,1,,3,238,-1,,2,2,0,2,4,500,2,, -1,1,0,3,80,13,4,2021,18:45,2,7,7217,1,1,0,6,"D 238, PK 4+500",45.053571,4.769016,18,1,1
202100040619,129Â 008,A01,1,1,1,5,1,-1,-1,0,0,-1,2021,41.0,2,2,0,2,7,1,1,,3,GENERAL ARTOUS (DU),0,,2,2,0,1,14,480,2,, -1,1,0,1,50,7,5,2021,14:00,1,12,12083,2,2,0,3,GENERAL ARTOUS (DU),44.52448,2.28074,14,2,2
202100046683,118Â 330,A01,1,1,1,5,2,-1,-1,0,0,-1,2021,45.0,2,1,10,0,1,1,1,,2,20,-1,,2,2,0,2,68,920,2,, -1,1,0,3,80,21,3,2021,11:15,1,202,202341,1,1,0,-1,RT 20 - PK 68+920,42.223846,9.179678,11,1,1
202100046160,119Â 257,A01,10,3,1,0,0,-1,-1,1,3,2,2021,3.0,0,2,0,1,2,1,1,,4,,-1,,1,1,0,2,(1),(1),1,, -1,1,0,1,50,30,3,2021,08:00,2,50,50167,2,1,1,6,21 Rue des Ecoles,48.712106,-1.49653,8,2,1
202100011663,180Â 878,A01,1,1,1,0,0,0,-1,-1, -1,-1,2021,60.0,1,1,0,2,0,1,3,,3,REVOLUTION (QU DE LA),0,,2,1,1,1,1,0,1,, -1,1,0,5,50,22,10,2021,08:00,2,94,94002,2,1,0,3,Quai de la RÃ©volution,48.77906,2.4176,8,2,2
202100026336,154Â 619,B01,1,1,1,1,2,6,-1,-1, -1,-1,2021,23.0,2,1,0,2,1,1,1,,3,FONTAINEBLEAU (RTE DE),0,,1,2,2,1,0,0,1,, -1,1,0,1,50,30,7,2021,17:40,1,94,94081,2,3,0,3,Route de Fontainebleau,48.77402,2.36787,17,2,2
202100019389,166Â 974,A01,1,1,2,0,1,-1,-1,0,0,-1,2021,19.0,1,2,0,0,1,2,1,,3,218,0,D,2,2,0,1,0,245,1,, -1,1,0,1,50,13,9,2021,08:33,1,25,25560,2,1,0,2,Rue de Besancon,47.282752,6.077757,8,2,2
202100037331,134Â 940,A01,3,2,1,4,1,-1,-1,0,0,-1,2021,36.0,1,2,0,2,1,0,1,,1,11,-1,,3,3,3,1,71,0,1,,"13,5",1,0,1,130,1,6,2021,01:03,3,28,28253,1,1,0,2,Autoroute A11 PK  071+000,48.344869,1.412795,1,8,2
202100021101,163Â 938,A01,10,3,2,9,0,-1,-1,2,1,1,2021,22.0,1,2,0,1,8,15,1,,3,EUGENE VARLIN (R),0,,-1,1,0,1,1,0,1,, -1,1,0,1,50,2,9,2021,18:40,1,94,94044,2,6,0,6,Rue EugÃ¨ne Varlin,48.74231,2.4912,18,3,1
202100035455,138Â 337,Z01,10,3,2,0,0,-1,-1,3,3,2,2021,3.0,0,0,0,1,0,0,0,,7,JEAN PETIT                          (CH),0,,2,2,3,1,0,900,1,, -1,1,0,1,50,9,6,2021,07:40,1,69,69034,2,6,0,6,JEAN PETIT (CHM),45.80366,4.86082,7,3,1
202100049963,112Â 443,A01,1,1,1,5,1,-1,-1,0,0,-1,2021,25.0,1,2,13,0,2,1,1,,3,417,-1,,2,2,0,2,10,670,2,, -1,1,0,3,70,28,2,2021,14:15,1,68,68317,1,1,0,6,CD 417,48.066372,7.094024,14,1,1
202100030172,147Â 836,A01,1,1,1,0,2,0,-1,-1, -1,-1,2021,16.0,2,1,0,2,1,1,1,,4,MONTBRUN (AVENUE DE),0,,2,2,0,1,0,0,1,, -1,1,0,1,50,6,7,2021,13:35,1,64,64024,2,1,0,3,MONTBRUN (AVENUE DE),43.50358,-1.50368,13,2,2
202100025403,156Â 247,B01,1,1,1,1,2,6,-1,-1, -1,-1,2021,25.0,2,1,0,2,1,2,1,,1,A4,0,,3,4,0,1,2,500,1,, -1,1,0,1,90,6,8,2021,14:10,1,94,94069,1,1,0,3,A4,48.8176057496,2.4212441061,14,2,2
202100009399,184Â 899,B01,1,1,1,0,2,6,-1,-1, -1,-1,2021,24.0,3,1,0,2,1,1,1,,4,CARPAYE(AVENUE),0,,3,2,0,1,0,0,1,, -1,1,0,1,50,3,11,2021,19:50,5,974,97407,2,3,0,3,CARPAYE(AVENUE),-20.95104,55.29837,19,2,2
202100029205,149Â 551,A01,7,2,1,5,3,-1,-1,0,0,-1,2021,5.0,1,2,8,0,8,1,1,,3,667,-1,,2,2,0,4,7,150,3,, -1,1,0,3,80,10,7,2021,16:00,1,47,47014,1,1,0,6,Bois de Lugot,44.547791,0.403077,16,5,1
202100000462,200Â 879,B01,1,1,1,9,2,6,-1,-1, -1,-1,2021,18.0,1,1,0,2,1,1,1,,4,MIRABEAU (BOULEVARD) COTE NORD,0,,2,2,0,1,(1),(1),1,, -1,1,0,1,50,31,12,2021,16:27,1,19,19031,2,3,0,3,MIRABEAU (BOULEVARD) COTE NORD,45.16473,1.52102,16,2,2
202100009633,184Â 489,A01,10,3,2,5,0,-1,-1,5,1,1,2021,75.0,1,5,0,1,2,16,1,,4,VICTOR BASCH (R),0,,1,1,0,1,1,0,1,, -1,2,0,1,30,3,11,2021,07:50,1,94,94073,2,1,1,6,Rue Victor Basch,48.76107,2.39179,7,2,1
202100047815,116Â 286,A01,1,1,1,0,1,8,-1,-1, -1,-1,2021,29.0,1,2,2,0,1,14,1,,7,CHEMIN DEPARTEMENTAL NÂ°10,0,,3,1,0,1,1000,0,1,, -1,1,0,1,80,28,1,2021,05:20,5,13,13063,1,1,0,1,CHEMIN DEPARTEMENTAL NÂ°10,43.5849,5.0007,5,1,1
202100046933,117Â 883,A01,1,1,2,5,1,0,-1,-1, -1,-1,2021,54.0,1,2,3,2,1,21,1,,2,116 PK RN137 JUSTICE ROCHEFORT,0,,3,4,0,1,116,112,1,, -1,1,0,2,90,23,3,2021,17:50,1,17,17274,1,1,0,7,116 PK RN137 JUSTICE ROCHEFORT,46.155436,-1.115498,17,1,1
202100009159,185Â 341,A01,1,1,1,5,2,4,-1,0,0,-1,2021,74.0,2,1,13,0,1,16,1,,3,486,0,D,2,2,0,1,1,500,1,, -1,1,3,3,80,6,11,2021,13:55,1,70,70317,1,9,0,6,D486,47.535254,6.417754,13,1,1
202100009392,184Â 912,B01,1,1,1,1,2,6,-1,0,0,-1,2021,32.0,1,1,0,2,2,3,1,,1,A4,0,,-1,2,0,2,5,0,2,, -1,1,0,1,90,5,11,2021,15:43,1,75,75112,1,1,0,3,A4,48.8219494658,2.4626004696,15,2,2
202100004339,194Â 004,A01,10,3,2,3,0,-1,-1,2,3,1,2021,78.0,3,2,0,1,3,15,1,,4,,-1,,1,1,0,1,(1),(1),2,,4,2,0,1,50,6,12,2021,17:05,2,37,37273,2,1,1,6,3 rue hÃ©lÃ¨ne boucher,47.395650272,0.7693655044,17,2,1
202100049250,113Â 724,A01,2,2,1,0,8,0,-1,-1, -1,-1,2021,19.0,3,2,8,0,1,1,1,,4,MAGNOLIAS ALLE,0,,2,2,0,1,1,0,1,, -1,1,0,3,50,3,3,2021,16:50,1,49,49353,2,1,0,6,MAGNOLIAS ALLE,47.439568,-0.493073,16,3,1
202100022241,161Â 886,B01,1,1,2,0,1,0,-1,0,0,-1,2021,44.0,2,2,0,2,1,1,1,,4,,0,,1,1,0,1,(1),(1),1,, -1,1,0,1,30,26,8,2021,13:50,1,63,63113,2,2,0,3,rue Hugo / rue d'Alsace,45.78074,3.09677,13,2,2
202100022501,161Â 410,A01,1,1,1,5,1,5,-1,0,0,-1,2021,21.0,2,2,2,0,3,0,1,,3,916,0,D,2,2,0,2,23,310,1,, -1,1,0,1,80,27,8,2021,13:20,1,62,62166,1,1,0,6,D916,50.456255,2.391365,13,1,1
202100036638,136Â 220,B01,1,1,1,0,2,6,-1,-1, -1,-1,2021,43.0,1,1,0,2,4,2,1,,3,ROCADE OUEST (RD 610),0,,2,2,0,1,6,100,1,, -1,1,0,1,90,1,6,2021,20:18,1,10,10060,1,1,0,2,ROCADE OUEST (RD 610),48.25163,4.11049,20,2,2
202100044040,122Â 955,B01,1,1,1,1,2,6,-1,0,0,-1,2021,28.0,2,1,0,2,4,1,1,,4,PORTE DAUPHINE,0,,1,2,0,2,(1),(1),1,, -1,1,0,1,50,13,4,2021,20:40,5,75,75116,2,1,0,2,PORTE DAUPHINE,48.8706,2.271988,20,2,2
202100053604,105Â 904,A01,1,1,2,0,1,0,-1,-1, -1,-1,2021,31.0,1,2,4,0,1,1,1,,4,ALOUETTE (AVENUE),0,,3,2,0,2,(1),(1),2,, -1,2,0,1,50,24,1,2021,12:15,1,37,37261,2,1,1,7,ALOUETTE (AVENUE),47.3624468186,0.695766811,12,1,1
202100029876,148Â 390,B01,1,1,1,5,1,-1,-1,0,0,-1,2021,59.0,2,2,0,2,3,13,1,,3,107,-1,,2,2,0,2,1,750,3,, -1,1,0,1,80,10,7,2021,01:30,3,25,25002,1,1,0,1,D107,47.127359,5.884885,1,4,2
202100014030,176Â 624,B01,4,2,2,0,1,0,-1,-1, -1,-1,2021,5.0,1,2,0,0,4,2,1,,3,SALENGRO (AVENUE ROGER),0,,1,1,0,1,0,1,1,, -1,1,0,1,30,10,10,2021,14:00,1,93,93027,2,1,0,4,SALENGRO (AVENUE ROGER),48.93344,2.38705,14,5,3
202100018368,168Â 796,B01,1,1,2,1,2,8,-1,-1, -1,-1,2021,60.0,1,1,0,2,4,12,0,,3,CROIX BONNARD (RUE DE LA),0,,-1,2,0,1,0,0,2,, -1,1,5,1,50,17,9,2021,08:28,1,28,28085,2,9,0,3,CROIX BONNARD (RUE DE LA),48.43368,1.50408,8,2,2
202100028030,151Â 611,B01,1,1,1,1,2,6,-1,0,0,-1,2021,49.0,1,1,0,2,7,21,1,,2,141,0,N,2,2,0,1,20,805,1,0,7,1,0,1,50,21,7,2021,04:00,4,16,16192,2,1,0,3,108 Route Nationale ,45.885565,0.577485,4,2,2
202100003599,195Â 313,B01,1,1,1,4,1,-1,-1,-1, -1,-1,2021,43.0,2,2,0,2,1,1,1,,3,RD 915,0,,2,2,0,2,76,781,1,, -1,2,0,1,80,9,12,2021,12:45,1,76,76565,1,1,0,3,RD 915,49.878151,1.094951,12,2,2
202100034801,139Â 506,A01,10,3,2,5,0,-1,-1,4,3,2,2021,7.0,2,1,0,2,1,17,1,,4,WILSON AVENUE DU PRESIDENT,0,,1,1,0,1,1,0,1,, -1,1,9,8,50,12,6,2021,12:20,1,93,93063,2,9,0,3,WILSON AVENUE DU PRESIDENT,48.883,2.42965,12,2,1
202100021446,163Â 311,A01,10,3,2,5,0,-1,-1,5,5,1,2021,5.0,1,2,0,1,1,1,3,,3,WAGNONVILLE (RUE DE),0,,2,2,0,1,(1),(1),1,, -1,1,0,1,50,31,8,2021,16:00,1,59,59234,2,1,0,6,WAGNONVILLE (RUE DE),50.396614,3.062431,16,2,1
202100048611,114Â 869,B01,1,1,2,9,1,-1,-1,0,0,-1,2021,29.0,0,2,7,2,7,1,1,,3,25,-1,,2,2,0,3,19,200,1,, -1,1,0,1,80,10,3,2021,10:45,1,82,82058,1,2,0,3,2480 Route de Cadeilhan,43.947821,1.002814,10,3,2
202100051155,110Â 237,B01,2,2,2,0,8,0,-1,-1, -1,-1,2021,66.0,2,2,0,2,4,23,1,,7,OLBIA  (VOIE),0,,1,2,0,1,11,0,1,, -1,1,0,1,50,31,1,2021,11:05,1,83,83069,2,1,0,2,OLBIA  (VOIE),43.1135099554,6.1269173877,11,4,2
202100022283,161Â 802,A01,1,1,1,1,1,0,-1,-1, -1,-1,2021,22.0,0,5,0,2,3,1,1,,2,RTE N113 MARSEILLE A BORBEAUX,0,,2,2,0,2,76,0,3,, -1,1,0,1,70,27,8,2021,05:00,3,13,13004,1,1,0,1,RTE N113 MARSEILLE A BORBEAUX,43.65993,4.63931,5,2,2
202100020842,164Â 388,A01,1,1,2,0,2,8,-1,-1,0,-1,2021,19.0,2,1,2,0,1,1,1,,4,PINAY (AVENUE ANTOINE),0,,2,2,0,1,(1),(1),2,, -1,1,0,3,50,5,9,2021,02:00,5,59,59299,1,1,0,6,PINAY (AVENUE ANTOINE),50.655689,3.20497,2,1,1
202100047640,116Â 598,A01,1,1,1,5,2,6,-1,-1, -1,-1,2021,80.0,3,1,0,2,8,11,1,,4,TUNNEL PRADO SUD,0,,1,2,0,1,(1),(1),1,, -1,1,1,1,50,16,3,2021,08:20,1,13,13206,2,1,0,3,TUNNEL PRADO SUD,43.2830633511,5.3866535425,8,2,2
202100029033,149Â 837,A01,10,3,1,5,0,-1,-1,1,2,1,2021,24.0,2,2,0,1,3,17,1,,3,332,-1,,2,2,0,1,6,500,1,, -1,1,0,1,80,15,7,2021,04:30,3,60,60066,1,1,0,6,D332,49.28225,2.875582,4,2,1
202100025036,156Â 904,A01,1,1,1,5,0,-1,-1,0,0,-1,2021,12.0,3,1,0,2,1,19,5,,4,,-1,,2,2,0,4,(1),(1),1,,5,1,5,1,50,8,8,2021,20:00,1,82,82190,2,2,0,3,intersection rue du MÃ©dou et route d'AUCAMVILLE,43.848645,1.231944,20,2,2
202100045137,121Â 051,A01,1,1,1,0,8,0,-1,0,0,-1,2021,23.0,3,1,1,2,1,1,1,,4,CASSIN (BD RENE),0,,1,1,0,1,0,0,1,, -1,1,0,1,50,3,4,2021,12:40,1,6,6088,2,1,0,3,CASSIN (BD RENE),43.67051,7.22151,12,3,2
202100029634,148Â 816,B01,4,2,1,9,1,0,-1,-1, -1,-1,2021,9.0,1,2,0,2,3,1,1,,3,ALFORTVILLE (DIG D),0,,2,2,0,1,1,0,1,, -1,1,0,1,50,9,7,2021,12:15,1,94,94002,2,1,0,3,Digue dâAlfortville,48.78183,2.42197,12,4,2
202100038776,132Â 304,A01,1,1,2,9,1,0,-1,0,0,-1,2021,26.0,1,2,12,0,9,13,1,,4,ALLEE DU BORD DE L EAU,0,,2,2,0,1,(1),(1),3,, -1,1,0,1,50,22,5,2021,02:30,5,75,75116,2,1,0,6,ALLEE DU BORD DE L EAU,48.867093,2.232277,2,1,1
202100003898,194Â 787,A01,10,3,2,5,0,-1,-1,3,3,1,2021,66.0,1,1,0,1,1,1,3,,3,115,-1,,2,2,0,1,8,740,1,, -1,1,9,1,50,21,10,2021,09:00,1,66,66049,2,1,0,6,avenue de la gare,42.493713,2.737699,9,2,1
202100047723,116Â 443,A01,10,3,1,3,0,-1,-1,3,3,1,2021,15.0,1,5,0,1,1,1,1,,4,VALLEES (ROUTE DES),0,,2,2,0,1,0,0,1,, -1,1,0,1,50,7,3,2021,09:40,1,74,74012,2,1,1,6,VALLEES (ROUTE DES),46.19322,6.24298,9,2,1
202100037351,134Â 904,A01,1,1,2,5,1,-1,-1,0,0,-1,2021,90.0,1,2,1,0,2,14,1,,3,513,-1,A,1,1,0,2,(1),(1),1,, -1,1,0,1,50,1,6,2021,13:16,1,14,14754,2,1,0,6,D513A,49.321955,-0.000342,13,1,1
202100048170,115Â 645,A01,1,1,1,5,2,6,-1,-1, -1,-1,2021,27.0,1,1,0,0,2,1,1,,3,National ( boulevard ),0,,1,2,0,1,0,0,1,, -1,2,0,1,50,13,3,2021,21:05,5,92,92035,2,1,1,7,National ( boulevard ),48.9073,2.23889,21,1,1
202100002559,197Â 207,A01,1,1,1,0,2,6,-1,-1, -1,-1,2021,47.0,1,1,0,0,0,12,3,,1,A86,0,,3,2,0,2,8,0,1,, -1,1,0,1,50,17,12,2021,17:10,2,92,92036,1,1,0,7,A86,48.9357640852,2.2872224731,17,1,1
202100025812,155Â 553,A01,1,1,1,5,2,-1,-1,0,0,-1,2021,43.0,1,1,12,0,2,0,1,,3,937,0,D,2,2,0,1,14,0,2,, -1,1,0,4,50,3,8,2021,20:30,1,64,64101,2,1,0,7,9 Rue de Navarre,43.208452,-0.260485,20,1,1
202100033065,142Â 636,A01,1,1,2,5,1,8,-1,-1, -1,-1,2021,30.0,1,2,2,0,1,26,1,,4,PRADO (AVENUE DU),0,,1,1,0,1,0,0,1,, -1,1,9,4,50,21,6,2021,02:31,5,13,13208,2,1,0,1,PRADO (AVENUE DU),43.276584,5.389019,2,1,1
202100012662,179Â 085,B01,3,2,1,5,1,8,-1,-1, -1,-1,2021,30.0,0,2,0,0,6,0,1,,7,COMMANDANT DE ROBIEN (RUE),0,,2,0,0,2,0,0,1,, -1,1,0,1,50,17,10,2021,06:00,5,13,13211,2,1,0,2,COMMANDANT DE ROBIEN (RUE),43.29,5.48,6,4,2
202100041066,128Â 203,A01,1,1,1,1,1,0,-1,-1, -1,-1,2021,23.0,1,2,15,0,2,26,1,,3,445,0,,3,4,0,1,0,0,4,, -1,2,0,3,50,5,5,2021,20:30,2,91,91687,2,1,1,6,VICTOR SCHOELCHER (AVENUE),48.653838,2.370797,20,1,1
202100027558,152Â 464,A01,10,3,2,5,0,-1,-1,2,3,1,2021,76.0,2,2,0,1,2,1,1,,3,GAMBETTA (BOULEVARD),0,,2,2,3,1,0,0,1,, -1,1,0,1,50,22,7,2021,10:50,1,2,2738,2,1,0,6,GAMBETTA (BOULEVARD),49.6546,3.29468,10,2,1
202100047986,115Â 966,B01,1,1,1,1,8,-1,-1,0,0,-1,2021,51.0,2,5,0,2,1,1,1,,3,2,0,,2,2,0,1,51,500,4,, -1,1,0,1,80,9,3,2021,18:10,2,46,46176,1,1,0,1,137 Route du Stade,44.647424,1.844035,18,2,2
202100036717,136Â 080,B01,1,1,2,1,2,6,-1,0,0,-1,2021,40.0,0,1,0,0,2,1,1,,7,113,-1,,2,2,0,1,(1),(1),1,, -1,1,0,1,90,1,6,2021,16:00,1,13,13081,1,1,0,3,D113,43.496316,5.21546,16,2,2
202100038040,133Â 665,B01,1,1,1,1,8,0,-1,0,0,-1,2021,25.0,1,1,0,2,8,1,5,,4,BOULEVARD BEAUMARCHAIS,0,,2,2,1,1,(1),(1),1,, -1,1,0,1,30,27,5,2021,15:21,1,75,75111,2,1,0,3,BOULEVARD BEAUMARCHAIS,48.857915,2.367992,15,2,2
202100013243,178Â 069,A01,10,3,1,2,8,8,-1,2,3,1,2021,18.0,2,2,0,1,3,1,1,,4,DE COUBERTIN (BOULEVARD PIERRE)_EST,0,,-1,2,0,1,(1),(1),1,, -1,1,0,1,30,13,10,2021,08:10,1,60,60463,2,1,1,6,Boulevard Pierre de Coubertin,49.2663,2.46296,8,2,1
202100008807,186Â 003,A01,10,3,2,1,0,-1,-1,4,3,1,2021,51.0,1,5,0,1,2,1,1,,3,905,0,,2,2,0,2,112,950,3,, -1,1,2,1,50,9,11,2021,18:35,5,21,21038,2,1,1,6,Pont de France,47.194359,5.383458,18,2,1
202100022339,161Â 709,A01,2,2,2,5,2,6,9,0,0,-1,2021,38.0,1,1,2,0,0,1,1,,3,,-1,,2,2,0,1,3,245,3,, -1,1,0,8,80,28,8,2021,15:00,1,25,25519,1,1,0,7,D39,47.297874,6.791139,15,2,1
202100004813,193Â 181,B01,1,1,2,1,1,0,-1,0,0,-1,2021,37.0,3,2,0,2,4,2,1,,4,RUE JACQUES DESTREE,0,,2,3,0,2,(1),(1),1,, -1,2,0,1,30,4,12,2021,20:00,5,75,75113,2,2,1,2,RUE JACQUES DESTREE,48.8175720246,2.3533862829,20,2,2
202100015300,174Â 363,A01,1,1,1,0,2,6,-1,-1, -1,-1,2021,43.0,1,1,0,0,1,14,1,,1,AUTOROUTE A106,0,,1,6,0,1,7,99,1,, -1,1,0,1,110,4,10,2021,00:20,3,94,94065,1,1,0,2,AUTOROUTE A106,48.7553968079,2.3507115036,0,2,2
202100029975,148Â 217,B01,1,1,1,1,2,8,-1,-1, -1,-1,2021,47.0,0,1,0,9,3,5,3,,4,FONTENOY (RUE DE),0,,1,1,1,1,(1),(1),1,, -1,1,9,1,50,8,7,2021,08:39,1,59,59512,2,1,1,3,FONTENOY (RUE DE),50.699178,3.166723,8,2,2
202100040571,129Â 098,A01,1,1,1,5,2,6,9,0,0,-1,2021,40.0,1,1,0,2,2,1,1,,3,32,-1,A,2,2,0,1,0,350,3,, -1,1,9,1,90,9,5,2021,11:50,1,57,57659,1,9,0,1,RD32A,49.18928,6.955885,11,3,2
202100054031,105Â 165,B01,1,1,2,0,1,0,-1,-1, -1,-1,2021,30.0,3,2,0,2,4,23,1,,4,LONGPONT (ROUTE DE),0,,3,2,0,1,0,0,1,, -1,1,0,1,50,22,1,2021,16:00,1,91,91549,2,1,0,4,LONGPONT (ROUTE DE),48.65397,2.31429,16,3,3
202100000536,200Â 746,A01,10,3,2,5,0,-1,-1,2,3,1,2021,95.0,3,5,0,1,2,16,1,,4,VOLTAIRE,0,,2,2,0,1,0,0,1,, -1,1,0,1,50,10,11,2021,15:40,1,76,76351,2,2,0,6,VOLTAIRE,49.4899,0.1041,15,2,1
202100030735,146Â 823,B01,1,1,2,0,8,-1,-1,-1, -1,-1,2021,32.0,2,1,0,2,1,1,5,,4,LOUIS BLANC                         (R ),0,,1,1,2,1,(1),(1),1,, -1,2,0,1,50,4,7,2021,11:55,1,69,69386,2,3,1,3,LOUIS BLANC (R),45.76457,4.84687,11,2,2
202100004073,194Â 468,A01,10,3,1,5,0,-1,-1,3,3,1,2021,75.0,3,2,0,1,1,1,1,,3,CLEMENCEAU (RUE),0,,2,2,0,2,(1),(1),1,, -1,1,0,1,50,8,12,2021,11:00,1,27,27681,2,6,0,6,CLEMENCEAU (RUE),49.09528,1.48563,11,2,1
202100008882,185Â 864,A01,10,3,2,3,0,-1,-1,3,3,1,2021,75.0,1,2,0,1,2,16,1,,4,,-1,,4,2,2,1,(1),(1),1,,4,1,0,1,50,7,11,2021,10:45,1,29,29069,2,2,0,6,Rue Laennec,48.425212,-4.560521,10,2,1
202100027905,151Â 828,A01,1,1,1,0,2,6,-1,-1, -1,-1,2021,70.0,2,1,0,2,5,16,1,,3,RD810,0,,2,2,0,1,21,500,3,, -1,1,5,8,50,20,7,2021,17:55,1,64,64483,2,6,0,3,RD810,43.41232,-1.61793,17,2,2
202100054010,105Â 208,B01,1,1,1,0,2,0,-1,-1, -1,-1,2021,52.0,1,1,0,2,0,0,1,,1,A7-Sens Lyon vers Marseille,0,,-1,3,0,1,273,0,1,, -1,1,0,1,90,14,1,2021,09:10,1,13,13215,1,1,0,3,A7-Sens Lyon vers Marseille,43.35904,5.362213,9,2,2
202100010198,183Â 476,B01,1,1,2,5,1,-1,-1,0,0,-1,2021,52.0,2,2,0,2,1,1,1,,3,,-1,,2,2,0,1,96,1,3,,4,2,0,1,50,30,10,2021,19:30,5,83,83054,2,1,1,1,Chemin Alphonse Lavallee,43.1581523631,6.0487997532,19,4,2
202100044062,122Â 917,A01,10,3,1,0,0,-1,-1,2,3,1,2021,30.0,1,2,0,1,1,15,1,,3,PRESIDENT ROOSEVELT (AVENUE DU),0,,2,2,0,1,0,1,1,, -1,1,0,1,50,14,4,2021,07:00,1,93,93001,2,2,0,6,PRESIDENT ROOSEVELT (AVENUE DU),48.91825,2.37888,7,2,1
202100035097,138Â 963,A01,10,3,1,0,0,-1,-1,3,3,1,2021,63.0,2,1,0,1,1,1,1,,4,GENERAL LECLERC (BD DU) DE (61 A 9),0,,2,2,0,1,0,0,1,, -1,1,0,1,50,10,6,2021,07:50,1,92,92024,2,2,0,6,GENERAL LECLERC (BD DU) DE (61 A 9),48.9024,2.3139,7,2,1
202100056345,101Â 182,A01,1,1,1,4,2,6,-1,0,0,-1,2021,35.0,2,1,0,0,0,1,1,,4,RUE CARDINET,0,,-1,2,0,1,(1),(1),1,, -1,7,2,1,30,2,1,2021,11:10,1,75,75117,2,1,0,7,RUE CARDINET,48.887511,2.314365,11,1,1
202100048735,114Â 648,A01,1,1,1,5,8,-1,-1,0,0,-1,2021,20.0,1,2,6,0,8,1,1,,3,,-1,,2,2,0,1,8,929,1,, -1,1,0,5,50,10,3,2021,04:45,5,31,31187,2,1,0,6,Route de Fontenilles,43.541401,1.220587,4,1,1
202100043125,124Â 590,B01,1,1,1,5,2,6,-1,-1, -1,-1,2021,43.0,1,1,0,2,2,1,1,,2,LANCASTEL (BOULEVARD),0,,1,2,0,1,(1),(1),1,, -1,2,0,1,70,20,4,2021,16:05,1,974,97411,1,1,0,3,Boulevard Lancastel,-20.8761489435,55.4550147057,16,2,2
202100015707,173Â 593,A01,4,2,2,5,1,0,-1,-1, -1,-1,2021,7.0,1,2,0,2,8,1,1,,1,A507 sens Marseille - Aubagne,0,,1,3,0,1,5,630,2,, -1,1,1,1,70,2,10,2021,13:45,1,13,13055,1,1,0,3,A507 sens Marseille - Aubagne,43.31899,5.42235,13,4,2
202100022774,160Â 890,A01,1,1,2,1,1,0,-1,-1, -1,-1,2021,19.0,2,2,0,2,3,2,1,,1,A104,0,,3,-1,0,1,15,300,1,, -1,1,0,1,90,24,8,2021,10:15,1,77,77514,1,1,0,2,A104,48.9375437675,2.6282110205,10,2,2