Num_Acc,id_vehicule,num_veh,place,catu,sexe,trajet,secu1,secu2,secu3,locp,actp,etatp,year_acc,victim_age,senc,catv,obs,obsm,choc,manv,motor,occutc,catr,voie,v1,v2,circ,nbv,vosp,prof,pr,pr1,plan,lartpc,larrout,surf,infra,situ,vma,jour,mois,an,hrmn,lum,dep,com,agg_,int,atm,col,adr,lat,long,hour,nb_victim,nb_vehicules
202100035607,138Â 074,A01,1,1,1,5,8,-1,-1,0,0,-1,2021,74.0,1,2,0,2,4,1,1,,3,4,-1,,2,2,0,1,(1),(1),2,, -1,1,0,1,80,9,6,2021,17:20,1,29,29004,1,1,0,2,D4 - Land Pen Oues,47.902621,-3.701963,17,2,2
202100019697,166Â 438,A01,4,2,2,5,1,0,-1,-1, -1,-1,2021,18.0,2,2,8,0,1,15,1,,3,LAVOISIER (ANTOINE DE),0,,2,2,0,1,78,1027,1,, -1,1,0,3,50,10,9,2021,03:20,5,17,17306,2,3,0,7,LAVOISIER (ANTOINE DE),45.631464,-0.988493,3,4,1
202100052964,107Â 046,A01,1,1,1,1,1,0,-1,-1,0,-1,2021,36.0,1,2,0,0,9,1,1,,3,170,0,,3,7,0,2,1,0,3,, -1,1,0,1,70,30,1,2021,13:00,1,95,95582,1,1,0,7,RD 170,48.96416,2.26855,13,1,1
202100028241,151Â 212,B01,1,1,1,5,2,6,-1,0,0,-1,2021,34.0,1,1,0,2,1,17,1,,2,10,-1,,2,2,0,1,129,700,1,,7,1,0,1,70,11,7,2021,20:45,5,202,202307,2,1,0,3,Suaglione,42.384471,9.530302,20,2,2
202100044570,122Â 048,A01,1,1,1,3,1,0,-1,-1, -1,-1,2021,66.0,1,2,0,2,1,1,1,,2,PORTE DE BREQUIGNY,0,,3,4,0,1,10,231,1,, -1,1,0,1,90,8,4,2021,19:30,1,35,35206,1,1,0,2,PORTE DE BREQUIGNY,48.07908,-1.69022,19,2,2
202100001388,199Â 288,A01,4,2,1,5,1,8,-1,-1, -1,-1,2021,19.0,2,2,2,0,1,1,1,,3,9,0,,1,2,0,1,0,0,3,, -1,2,0,1,50,25,12,2021,04:40,3,92,92078,2,1,1,6,CHARLES DE GAULLE (BD)(72 AU 308),48.9427518401,2.3186463118,4,5,1
202100034187,140Â 642,A01,1,1,1,5,2,6,-1,0,0,-1,2021,27.0,3,1,6,0,1,26,1,,4,,-1,,2,2,0,3,(1),(1),3,,4,1,0,8,50,13,6,2021,11:30,1,29,29220,2,9,0,6,Rue Pen Enez,47.867964,-4.219603,11,1,1
202100041489,127Â 446,A01,10,3,1,0,8,8,-1,3,3,1,2021,10.0,2,2,0,1,2,1,1,,4,,0,,1,1,0,1,(1),(1),1,, -1,1,0,1,50,11,3,2021,12:35,1,42,42183,2,9,0,6,Rue de la LibÃ©ration,45.403793,4.366387,12,2,1
202100054930,103Â 625,A01,10,3,2,5,0,-1,-1,3,3,1,2021,74.0,1,1,0,1,8,1,0,,3,REPUBLIQUE (AV DE LA),0,,2,2,0,1,1,0,1,, -1,1,0,1,50,15,1,2021,13:10,1,94,94046,2,3,0,6,Rue de Grenoble,48.806543,2.443312,13,2,1
202100029444,149Â 150,A01,1,1,1,1,1,0,-1,0,0,-1,2021,43.0,1,2,0,2,3,1,1,,4,PLACE DE L ALMA,0,,2,4,0,1,(1),(1),1,, -1,1,5,1,50,11,7,2021,19:28,1,75,75108,2,7,0,3,PLACE DE L ALMA,48.864712,2.301391,19,2,2
202100050740,110Â 985,B01,1,1,1,0,2,6,-1,-1, -1,-1,2021,26.0,3,1,0,2,1,2,1,,4,VOIRONS (RUE DES),0,,2,2,0,1,0,1,2,, -1,1,9,1,50,19,2,2021,11:56,1,74,74305,2,9,0,3,VOIRONS (RUE DES),46.20211,6.2728,11,2,2
202100014443,175Â 882,A01,1,1,1,0,2,0,-1,-1, -1,-1,2021,27.0,1,1,0,2,1,1,3,,3,907,0,,1,2,0,1,0,0,1,, -1,1,0,1,50,8,10,2021,20:30,5,92,92047,2,1,0,3,RAYMOND POINCARE,48.8383799864,2.1848376095,20,3,2
202100050413,111Â 587,A01,10,3,2,0,0,-1,-1,0,0,1,2021,93.0,0,5,6,1,1,1,1,,4,,-1,,2,2,0,2,(1),(1),1,, -1,1,0,3,50,25,2,2021,12:55,1,971,97107,2,1,0,6,Rue de Carangaise,16.0798508222,-61.5748776101,12,2,1
202100005697,191Â 617,A01,1,1,1,0,0,-1,-1,0,0,-1,2021,22.0,1,2,2,0,1,0,1,,3,105,-1,,2,2,0,1,4,613,1,, -1,1,0,3,80,30,11,2021,00:30,3,85,85127,1,1,1,6,D105,46.378683,-1.465312,0,1,1
202100026573,154Â 203,A01,1,1,1,0,2,-1,-1,0,0,-1,2021,35.0,2,1,0,2,1,1,1,,2,2,-1,,2,2,0,3,(1),(1),3,, -1,1,0,1,70,28,7,2021,16:55,1,971,97111,1,1,0,3,nationale 2,16.352313,-61.765416,16,2,2
202100003063,196Â 285,A01,1,1,1,0,8,-1,-1,-1, -1,-1,2021,26.0,0,1,9,0,1,19,0,,9,BERGES DU RHONE (SECT. LYAUTEY),0,,1,1,1,1,(1),(1),1,, -1,1,0,5,50,13,12,2021,20:00,5,69,69386,2,1,0,6,BERGES DU RHONE,45.7716065743,4.840888381,20,1,1
202100052452,107Â 957,B01,1,1,1,1,2,6,-1,0,0,-1,2021,34.0,3,1,0,2,1,17,1,,7,POMPIDOU GEORGES BOULEVARD,0,,2,2,0,1,(1),(1),1,, -1,1,0,1,50,5,2,2021,08:45,1,6,6123,2,1,0,3,POMPIDOU GEORGES BOULEVARD,43.674267,7.19292,8,2,2
202100017371,170Â 589,A01,1,1,1,1,2,8,-1,-1, -1,-1,2021,26.0,1,1,0,2,5,9,1,,1,A12 Y,0,,1,3,0,2,5,800,1,, -1,1,0,1,70,24,9,2021,19:15,3,78,78073,1,9,0,3,A12 Y,48.802831,2.047838,19,2,2
202100027317,152Â 896,B01,1,1,1,4,2,8,-1,-1, -1,-1,2021,27.0,2,1,0,2,3,1,1,,4,VICTOIRE (AVENUE DE LA),0,,2,2,0,2,0,0,1,, -1,1,0,1,50,23,7,2021,14:15,1,974,97411,2,3,0,3,VICTOIRE (AVENUE DE LA),-20.875995,55.447616,14,2,2
202100021223,163Â 724,A01,1,1,1,0,8,8,-1,-1, -1,-1,2021,16.0,1,1,0,0,0,1,5,,3,CD63,0,,2,2,0,1,0,0,1,, -1,1,0,1,80,1,9,2021,19:10,1,91,91223,1,1,0,7,CD63,48.41585,2.19405,19,1,1
202100049404,113Â 448,B01,1,1,1,1,2,8,-1,0,0,-1,2021,64.0,2,1,0,2,3,1,1,,4,GINESTIERE (CH. DE LA),0,,2,2,0,2,0,0,3,, -1,1,0,1,50,3,3,2021,19:18,5,6,6088,2,1,0,3,GINESTIERE (CH. DE LA),43.703827,7.203014,19,2,2
202100006675,189Â 850,A01,1,1,2,3,2,6,-1,-1, -1,-1,2021,55.0,1,1,0,0,3,21,1,,3,FRANCOIS MITTERAND ( AVENUE),0,,2,5,0,1,75,958,1,, -1,1,9,1,50,23,11,2021,15:40,1,31,31483,2,1,0,7,FRANCOIS MITTERAND ( AVENUE),43.11262,0.7503,15,1,1
202100040886,128Â 543,A01,10,3,2,0,0,-1,-1,3,5,2,2021,7.0,0,2,0,1,2,1,1,,3,ROUBAIX (BOULEVARD DE ),0,,2,4,0,1,(1),(1),1,, -1,1,0,1,50,5,5,2021,17:05,1,80,80021,2,1,0,6,ROUBAIX (BOULEVARD DE ),49.90806,2.31746,17,2,1
202100050269,111Â 865,A01,1,1,1,9,8,-1,-1,0,0,-1,2021,38.0,1,2,3,0,0,1,1,,1,71,0,A,3,4,0,1,274,750,1,, -1,1,0,3,130,25,2,2021,22:45,3,3,3297,1,1,0,6,A71,46.5295913324,2.5628823513,22,2,1
202100039359,131Â 247,A01,1,1,2,0,2,6,-1,0,0,-1,2021,30.0,0,1,0,0,7,16,1,,4,,-1,,-1,2,0,1,(1),(1),3,,4,1,0,1,50,20,5,2021,08:10,1,60,60584,2,1,0,7,Rue de Verdun,49.2158330564,2.4138159156,8,1,1
202100047262,117Â 282,A01,1,1,1,0,1,0,-1,-1, -1,-1,2021,46.0,1,5,0,2,3,26,1,,4,PARMENTIER (RUE),0,,1,1,0,1,1,0,1,, -1,1,0,1,50,20,3,2021,16:40,1,93,93049,2,2,0,3,PARMENTIER (RUE),48.8570740018,2.5014853497,16,2,2
202100013142,178Â 255,A01,1,1,1,1,2,0,-1,-1, -1,-1,2021,31.0,2,1,0,0,7,17,1,,4,,0,,2,2,1,2,0,0,1,, -1,1,9,1,50,15,10,2021,21:53,5,92,92064,2,9,0,7,BUZENVAL,48.85125,2.20711,21,1,1
202100028542,150Â 702,A01,1,1,1,5,1,-1,-1,0,0,-1,2021,20.0,3,2,13,0,2,1,1,,4,2,0,,2,2,0,1,(1),(1),1,, -1,1,0,3,80,18,7,2021,06:30,2,1,1113,1,1,0,6,La BuissonniÃ¨re,46.157782,5.092104,6,1,1
202100001148,199Â 721,A01,4,2,2,5,1,8,-1,-1, -1,-1,2021,19.0,1,2,2,0,1,26,1,,4,LONDRES (AVENUE DE),0,,1,2,0,1,0,0,1,, -1,2,0,4,50,31,7,2021,05:40,5,64,64122,2,1,1,6,LONDRES (AVENUE DE),43.47863,-1.56376,5,5,1
202100032582,143Â 533,A01,1,1,1,5,2,-1,-1,0,0,-1,2021,52.0,3,1,0,2,3,1,1,,4,,0,,2,2,0,1,(1),(1),1,, -1,1,0,1,80,24,6,2021,22:45,3,17,17337,2,1,0,3,Route du MarchÃ©,45.972466,-1.375545,22,2,2
202100010344,183Â 214,A01,1,1,1,4,2,6,-1,0,0,-1,2021,41.0,3,1,0,2,3,1,1,,4,AVENUE DU PERE LACHAISE,0,,2,2,0,1,(1),(1),1,, -1,1,0,1,30,29,10,2021,01:05,5,75,75120,2,2,0,3,AVENUE DU PERE LACHAISE,48.864421,2.398071,1,2,2
202100055829,102Â 080,A01,10,3,2,1,8,8,-1,2,3,2,2021,45.0,2,1,0,1,1,1,1,,4,RUE DE BRETAGNE,0,,1,0,0,1,(1),(1),1,, -1,1,0,1,50,8,1,2021,12:45,1,75,75103,2,2,0,6,RUE DE BRETAGNE,48.862288,2.363723,12,3,1
202100047704,116Â 476,B01,1,1,2,9,8,0,-1,-1, -1,-1,2021,36.0,1,1,0,2,4,13,5,,3,MONTABO (ROUTE DE) 3,0,,2,2,1,1,4,100,2,, -1,1,9,1,70,8,3,2021,18:40,5,973,97302,2,1,0,2,MONTABO (ROUTE DE) 3,4.93218,-52.29049,18,2,2
202100018182,169Â 111,B01,2,2,2,5,1,0,-1,0,0,-1,2021,32.0,1,2,0,2,4,2,1,,4,AVENUE FRANKLIN D ROOSEVELT,0,,2,3,0,1,(1),(1),1,, -1,1,0,1,50,18,9,2021,16:50,1,75,75108,2,2,0,4,AVENUE FRANKLIN D ROOSEVELT,48.866833,2.310253,16,7,3
202100023442,159Â 719,A01,1,1,1,0,1,0,-1,-1, -1,-1,2021,45.0,0,2,0,2,0,17,1,,2,FOS (ROUTE DE) - RN 569,0,,2,2,0,1,1212,0,1,, -1,1,0,1,80,19,8,2021,14:41,1,13,13047,1,1,0,1,FOS (ROUTE DE) - RN 569,43.542736,4.955859,14,2,2
202100045055,121Â 196,A01,7,2,1,5,1,-1,-1,0,0,-1,2021,18.0,2,2,0,2,1,17,1,,3,1075,0,D,2,2,0,1,126,625,1,, -1,1,0,1,80,5,4,2021,15:35,1,38,38429,1,1,0,1,D1075,44.87913,5.62266,15,6,2
202100024953,157Â 061,A01,1,1,1,5,0,-1,-1,0,0,-1,2021,65.0,2,1,0,0,0,16,5,,3,54,-1,D,2,2,0,2,(1),(1),1,, -1,1,0,1,30,8,8,2021,12:15,1,43,43039,2,3,0,7,Carrefour face Ã©cole et D54,44.934956,3.879969,12,1,1
202100020024,165Â 831,C01,1,1,2,1,1,4,-1,-1, -1,-1,2021,49.0,2,2,0,2,4,2,1,,1,A86.EXT,0,,3,4,0,1,29,0,1,, -1,1,0,1,90,5,9,2021,19:50,2,94,94033,1,1,0,4,A86.EXT,48.8612242569,2.4841007475,19,3,3
202100008558,186Â 439,B01,1,1,2,1,2,-1,-1,0,0,-1,2021,49.0,1,1,0,0,1,1,1,,3,,-1,,2,2,0,3,(1),(1),1,,4,2,1,1,50,8,11,2021,08:00,2,68,68155,2,1,0,2,39 Rue Robert Schuman,48.097264,7.311938,8,2,2
202100045477,120Â 447,B01,1,1,2,3,2,-1,-1,0,0,-1,2021,57.0,2,1,0,2,7,2,1,,3,17,0,,2,2,0,1,40,356,2,, -1,1,5,1,50,2,4,2021,14:00,1,44,44158,2,6,0,3,Route de Coueron,47.274003,-1.779329,14,2,2
202100023654,159Â 343,A01,2,2,1,5,1,-1,-1,0,0,-1,2021,20.0,2,2,0,0,1,19,1,,3,48,-1,,2,2,0,2,(1),(1),3,, -1,1,0,8,70,18,8,2021,17:00,1,974,97421,1,1,0,7,Plateau Wickers,-21.015206,55.556633,17,2,1
202100051250,110Â 076,B01,1,1,2,0,1,-1,-1,0,0,-1,2021,38.0,1,2,0,2,2,1,1,,3,1001,0,D,2,2,0,1,28,700,1,, -1,1,5,1,50,15,2,2021,08:20,1,60,60700,2,2,0,3,Route Nationale 1,49.388927,2.144045,8,2,2
202100004483,193Â 753,A01,1,1,1,1,2,8,-1,-1, -1,-1,2021,20.0,2,1,0,0,1,3,1,,1,AUTOROUTE A3,0,,3,6,0,1,2,900,1,, -1,2,1,1,70,6,12,2021,08:30,2,93,93063,1,1,1,7,AUTOROUTE A3,48.87856,2.44704,8,1,1
202100013154,178Â 235,B01,1,1,1,0,2,-1,-1,0,0,-1,2021,21.0,3,1,0,2,1,1,1,,4,,-1,,2,2,0,1,(1),(1),1,,"5,5",1,0,1,50,13,10,2021,19:45,3,56,56257,2,3,0,3,Rue du Point du Jour,48.096856,-2.536865,19,2,2
202100041956,126Â 625,A01,1,1,1,5,2,8,-1,-1, -1,-1,2021,17.0,2,1,1,0,1,26,1,,3,908,0,,2,2,0,1,0,0,1,, -1,1,9,1,50,30,4,2021,01:00,5,92,92035,2,1,0,6,RÃ©publique ( boulevard de la ),48.9063234089,2.248903513,1,1,1
202100053084,106Â 841,B01,1,1,2,1,2,6,-1,0,0,-1,2021,25.0,2,1,0,2,7,17,1,,4,AVENUE DAUMESNIL,0,,2,2,0,1,(1),(1),1,, -1,2,0,1,50,30,1,2021,19:45,5,75,75112,2,3,1,3,AVENUE DAUMESNIL,48.839942,2.432125,19,2,2
202100042216,126Â 163,B01,1,1,2,9,2,0,-1,0,0,-1,2021,34.0,2,1,0,2,7,19,5,,4,RUE REAUMUR,0,,1,2,0,1,(1),(1),1,, -1,1,0,1,50,27,4,2021,09:00,1,75,75103,2,2,0,3,RUE REAUMUR,48.865459,2.356123,9,2,2
202100008039,187Â 361,B01,1,1,1,9,8,0,-1,-1, -1,-1,2021,65.0,1,1,0,2,4,0,5,,3,GENERAL LECLERC (RUE DU),0,,2,2,0,1,4,900,1,, -1,1,0,1,50,14,11,2021,17:00,2,10,10321,1,1,0,2,GENERAL LECLERC (RUE DU),48.2891,3.9983,17,2,2
202100013549,177Â 501,B01,1,1,1,0,2,0,-1,0,0,-1,2021,25.0,1,1,0,2,3,1,1,,7,MERCANTOUR (BD),0,,1,2,0,1,(1),(1),1,, -1,1,0,1,50,13,10,2021,19:20,5,6,6088,2,1,0,3,MERCANTOUR (BD),43.705128,7.188972,19,2,2
202100004323,194Â 031,A01,1,1,1,5,1,-1,-1,0,0,-1,2021,75.0,2,2,2,0,7,15,1,,3,131,-1,,2,2,0,4,1,578,2,, -1,2,0,3,80,8,12,2021,18:45,3,81,81249,1,1,1,6,Le Cayla,44.08216,2.192888,18,2,1
202100055386,102Â 844,A01,1,1,2,1,1,-1,-1,0,0,-1,2021,24.0,1,2,2,0,1,1,1,,3,151,-1,,2,2,0,2,(1),(1),2,, -1,7,0,3,70,12,1,2021,06:40,2,202,202049,1,1,0,6,D151,42.515907,8.848822,6,1,1
202100017791,169Â 815,A01,10,3,2,2,0,-1,-1,4,3,1,2021,11.0,2,2,0,1,3,7,1,,4,DUQUESNE                            (R ),0,,2,5,3,1,(1),(1),1,, -1,2,0,1,50,20,9,2021,17:05,1,69,69386,2,2,1,6,DUQUESNE (R),45.7729681037,4.8482638082,17,2,1
202100047716,116Â 454,A01,1,1,1,2,2,6,-1,-1, -1,-1,2021,15.0,2,1,0,2,1,2,1,,4,PETINIAUD BEAUPEYRAT (RUE),0,,2,2,0,1,0,0,1,, -1,1,0,1,50,5,3,2021,11:25,1,87,87085,2,3,0,2,PETINIAUD BEAUPEYRAT (RUE),45.82787,1.25463,11,2,2
202100003997,194Â 605,A01,1,1,1,4,2,-1,-1,0,0,-1,2021,27.0,0,1,0,2,1,1,1,,4,SAINT FUSCIEN (RUE),0,,2,5,0,1,(1),(1),1,, -1,2,0,1,50,4,12,2021,00:05,5,80,80021,2,2,1,3,SAINT FUSCIEN (RUE),49.88861,2.30301,0,2,2
202100034621,139Â 830,A01,10,3,2,0,0,-1,-1,1,3,1,2021,51.0,2,1,0,1,3,0,1,,3,FONTAINEBLEAU (AV DE),0,,2,4,0,1,0,0,1,, -1,1,0,1,50,13,6,2021,19:10,1,94,94043,2,1,0,6,FONTAINEBLEAU (AV DE),48.80834,2.36304,19,2,1
202100037650,134Â 359,B01,1,1,1,1,2,-1,-1,0,0,-1,2021,48.0,1,1,0,2,1,1,1,,3,768,-1,D,2,2,0,1,13,80,1,, -1,1,0,1,50,28,5,2021,09:10,1,56,56168,1,1,0,1,Le BÃ©go D768,47.598878,-3.127252,9,2,2
202100047750,116Â 397,B01,2,2,2,9,1,8,-1,-1, -1,-1,2021,49.0,1,2,0,2,4,2,1,,4,BORDEAUX (AVENUE DE),0,,2,2,0,1,0,0,1,, -1,1,0,1,50,5,3,2021,15:00,1,11,11262,2,1,0,2,BORDEAUX (AVENUE DE),43.18156,2.97916,15,3,2
202100039397,131Â 175,B01,1,1,2,0,1,0,-1,-1, -1,-1,2021,33.0,1,2,0,2,3,2,1,,1,AUTOROUTE A3,0,,3,6,0,1,6,699,1,, -1,2,0,1,90,18,5,2021,19:30,2,93,93053,1,1,1,3,AUTOROUTE A3,48.89502,2.47133,19,2,2
202100004812,193Â 183,A01,1,1,1,9,2,6,-1,0,0,-1,2021,35.0,1,1,0,2,3,17,1,,4,RUE DE VOUILLE,0,,2,2,0,1,(1),(1),1,, -1,1,0,1,30,3,12,2021,09:15,1,75,75115,2,3,0,1,RUE DE VOUILLE,48.835107,2.303782,9,2,2
202100031342,145Â 720,B01,1,1,1,3,1,-1,-1,0,0,-1,2021,72.0,2,5,0,2,1,1,1,,3,902,0,,2,2,0,2,35,240,2,, -1,2,0,1,90,29,6,2021,07:30,1,12,12267,1,1,1,1,D902,44.065418,2.51514,7,2,2
202100000642,200Â 560,A01,10,3,1,0,0,-1,-1,3,3,1,2021,22.0,1,2,0,1,2,16,1,,4,35,-1,,-1,2,0,1,(1),(1),1,, -1,1,0,1,50,12,12,2021,19:10,5,28,28088,2,1,0,3,35 Avenue du GÃ©nÃ©ral de Gaulle,48.0763633448,1.3487005234,19,2,1
202100044610,121Â 980,B01,1,1,1,9,8,0,-1,-1, -1,-1,2021,12.0,3,0,0,2,8,0,3,,3,DUMAS ALEXANDRE,0,,1,1,1,1,0,0,1,, -1,1,0,1,30,8,4,2021,15:44,1,93,93063,2,1,0,1,DUMAS ALEXANDRE,48.87644,2.44051,15,2,2
202100028909,150Â 055,A01,1,1,1,0,1,-1,-1,0,0,-1,2021,25.0,2,2,17,0,1,17,1,,3,756,0,D,2,2,0,3,(1),(1),3,, -1,1,0,3,80,15,7,2021,18:30,1,44,44212,1,1,0,6,La Chalousiere,47.161022,-1.215255,18,1,1
202100045598,120Â 223,A01,10,3,2,9,0,-1,-1,4,3,2,2021,26.0,1,2,0,1,2,15,1,,7,LYON (AV DE) DU 1AU 37,0,,2,3,3,1,0,5,1,, -1,1,0,1,50,1,4,2021,21:20,5,31,31555,2,9,0,6,LYON (AV DE) DU 1AU 37,43.61411,1.45095,21,2,1
202100016844,171Â 510,A01,10,3,1,-1,-1,-1,-1,9,B,-1,2021,70.0,0,2,0,0,0,0,1,,4,REPUBLIQUE (RUE DE  LA),0,,1,1,0,2,1,0,1,, -1,1,0,1,30,25,9,2021,17:37,1,77,77155,2,1,0,6,REPUBLIQUE (RUE DE  LA),48.88748,2.734567,17,2,1
202100034443,140Â 166,A01,2,2,2,0,2,6,-1,-1, -1,-1,2021,39.0,2,1,4,0,1,1,1,,2,CHOISY(ROUTE DE),0,,3,2,0,1,0,0,1,, -1,1,0,1,50,13,6,2021,23:36,5,94,94028,2,1,0,6,CHOISY(ROUTE DE),48.77735,2.44168,23,2,1
202100032343,143Â 947,A01,10,3,2,0,0,-1,-1,3,3,2,2021,2.0,1,2,0,1,2,19,1,,3,GENERAL DE GAULLE,0,,3,2,0,1,0,1,1,, -1,1,0,1,50,24,6,2021,18:45,1,93,93066,2,1,0,6,Avenue du General de Gaulle,48.926801,2.363251,18,2,1
202100031804,144Â 913,B01,4,2,1,0,3,-1,-1,-1, -1,-1,2021,5.0,2,2,0,2,4,2,1,,1,AUTOROUTE A 63,0,,3,4,0,1,8,300,1,, -1,1,0,1,110,25,6,2021,16:45,1,33,33122,1,1,0,2,,44.74163,-0.70913,16,5,2
202100054159,104Â 937,A01,1,1,1,5,1,-1,-1,0,0,-1,2021,37.0,3,2,0,0,0,1,1,,4,22,-1,,2,2,0,2,0,500,2,, -1,9,0,1,50,23,1,2021,21:50,3,988,98821,1,1,0,7,Route de Gadji,-22.167604,166.374636,21,2,1
202100003117,196Â 194,A01,1,1,1,5,1,0,-1,-1, -1,-1,2021,47.0,2,2,0,2,1,19,1,,3,MACONS (RUE DES),0,,2,2,0,1,0,0,1,, -1,1,5,1,50,10,12,2021,21:20,5,50,50129,2,2,0,3,MACONS (RUE DES),49.64656,-1.64304,21,2,2
202100047018,117Â 731,A01,1,1,1,0,1,0,-1,-1, -1,-1,2021,80.0,1,2,7,0,7,15,1,,7,CHARLES DE GAULLE                   (AV),0,,2,6,3,1,0,500,1,, -1,1,0,1,50,22,3,2021,09:20,1,69,69259,2,2,0,3,CHARLES DE GAULLE                   (AV),45.71757,4.8916,9,2,2
202100046867,118Â 003,B01,1,1,1,0,2,0,-1,-1, -1,-1,2021,83.0,1,1,0,2,4,23,6,,3,ROUTE DEPARTEMENTALE 3,0,,3,1,0,1,3,500,1,, -1,1,0,1,50,22,3,2021,11:55,1,972,97213,1,6,0,2,ROUTE DEPARTEMENTALE 3,14.6276642369,-60.9892702103,11,2,2
202100038547,132Â 740,A01,1,1,1,1,2,-1,-1,0,0,-1,2021,52.0,1,1,0,2,2,17,1,,3,D6,-1,,2,2,0,1,1,799,1,, -1,1,0,1,50,25,5,2021,14:30,1,6,6044,2,3,0,6,1157 Route de Cagnes,43.675597,7.118974,14,3,3
202100021119,163Â 906,A01,1,1,2,4,8,8,-1,-1, -1,-1,2021,52.0,2,3,1,0,2,1,3,1.0,3,53,0,,2,2,0,1,0,0,1,, -1,1,0,1,50,2,9,2021,16:50,1,92,92022,2,1,0,6,JOUY (RUE DE),48.7998577778,2.1859601824,16,1,1
202100018303,168Â 907,B01,1,1,1,3,2,6,-1,-1, -1,-1,2021,36.0,2,1,0,2,1,1,1,,3,ROUTE DU STILETTO,0,,2,2,0,1,0,500,1,, -1,1,0,1,50,17,9,2021,13:37,1,201,201004,2,1,0,3,ROUTE DU STILETTO,41.94651,8.76466,13,2,2
202100055915,101Â 929,A01,10,3,2,3,0,-1,-1,4,3,1,2021,42.0,1,2,0,1,3,15,1,,4,COTENTIN (BOULEVARD DU),0,,2,2,0,1,0,0,1,, -1,2,5,1,50,6,1,2021,09:10,1,50,50602,2,2,1,6,COTENTIN (BOULEVARD DU),49.64009,-1.57289,9,2,1
202100007760,187Â 888,A01,2,2,1,0,1,0,-1,-1, -1,-1,2021,60.0,1,2,2,0,1,2,1,,4,MARANA (ROUTE),0,,2,3,0,1,(1),(1),2,, -1,2,0,3,70,15,11,2021,07:20,2,202,202037,1,1,1,7,MARANA (ROUTE),42.62422,9.47056,7,2,1
202100021640,162Â 946,A01,4,2,1,5,1,0,-1,-1, -1,-1,2021,7.0,1,2,2,0,2,14,1,,3,COUX (AVENUE DE),0,,2,1,0,2,13,200,2,, -1,1,0,3,50,31,8,2021,10:40,1,7,7186,2,1,0,6,COUX (AVENUE DE),44.73464,4.60834,10,2,1
202100009442,184Â 821,B01,1,1,1,0,2,8,-1,-1, -1,-1,2021,17.0,1,1,0,2,7,17,1,,3,AVENUE DE LA REPUBLIQUE,0,,2,2,0,1,28,0,1,, -1,1,0,1,50,11,10,2021,18:35,1,28,28220,2,1,0,3,AVENUE DE LA REPUBLIQUE,48.41813,1.46573,18,2,2
202100012538,179Â 301,B01,1,1,1,9,1,-1,-1,0,0,-1,2021,54.0,3,2,0,2,3,0,1,,3,100,-1,,2,2,0,1,15,500,1,,4,1,0,1,80,15,10,2021,16:55,1,70,70478,1,1,0,1,D100,47.702556,6.261992,16,3,2
202100017180,170Â 925,A01,1,1,1,0,2,-1,-1,0,0,-1,2021,16.0,3,1,14,2,8,1,1,,4,,-1,,2,2,0,1,(1),(1),1,,4,1,0,1,50,23,9,2021,13:00,1,85,85109,2,1,0,7,Avenue Georges Clemenceau,46.857117,-1.008419,13,1,1
202100033622,141Â 665,B01,1,1,1,9,1,0,-1,0,0,-1,2021,27.0,3,2,0,2,2,1,1,,7,PENETRANTE DU PAILLON,0,,3,4,0,1,(1),(1),1,, -1,1,0,1,70,14,6,2021,11:30,1,6,6088,2,1,0,3,PENETRANTE DU PAILLON,43.726,7.286,11,3,2
202100042537,125Â 592,A01,1,1,1,5,2,-1,-1,0,0,-1,2021,63.0,1,1,0,0,7,2,5,,3,3,0,D,2,2,0,2,10,5,2,, -1,1,0,1,70,27,4,2021,11:55,1,5,5127,1,1,0,7,D3,44.486176,6.273435,11,1,1
202100007509,188Â 336,A01,1,1,1,5,1,-1,-1,0,0,-1,2021,69.0,2,2,0,2,1,5,2,,3,770,0,D,2,2,0,4,27,900,1,, -1,1,0,1,90,18,11,2021,20:04,3,49,49367,1,1,1,1,DEPARTEMENTALE 770 PR 027+300,47.595977,-0.85556,20,2,2
202100006336,190Â 467,A01,10,3,2,5,0,-1,-1,9,2,1,2021,56.0,3,5,0,1,4,20,1,,6,,-1,,-1,-1,0,1,(1),(1),1,,5,2,0,1,50,25,11,2021,16:10,2,66,66049,2,1,1,6,Rue de BatÃ¨re,42.499887,2.758751,16,2,1
202100018017,169Â 420,A01,10,3,1,5,0,-1,-1,2,3,3,2021,37.0,1,2,0,1,3,1,1,,4,PASSAGE DE LA PETITE BOUCHERIE,0,,1,1,0,1,(1),(1),1,, -1,1,0,1,30,19,9,2021,01:45,5,75,75106,2,1,0,6,PASSAGE DE LA PETITE BOUCHERIE,48.853666,2.335644,1,2,1
202100014481,175Â 823,A01,1,1,2,1,1,-1,-1,0,0,-1,2021,21.0,1,2,2,0,2,0,1,,3,437,0,D,2,2,0,1,78,250,1,, -1,1,0,3,80,8,10,2021,11:30,1,25,25148,1,1,0,6,D437,47.111471,6.690474,11,1,1
202100040915,128Â 489,A01,1,1,2,5,1,0,-1,-1, -1,-1,2021,35.0,3,2,0,2,1,1,1,,4,AVENUE RHIN ET DANUBE,0,,2,2,1,1,(1),(1),1,, -1,1,0,1,50,7,5,2021,20:30,2,38,38185,2,1,0,1,Avenue Rhin et Danube,45.16965,5.70488,20,4,2
202100023243,160Â 071,B01,1,1,1,5,2,6,-1,0,0,-1,2021,60.0,1,1,0,2,6,1,1,,4,RUE MICHEL KAUMA,0,,2,2,0,1,0,0,1,, -1,1,0,1,50,19,8,2021,09:40,1,988,98818,2,2,0,3,RUE HENRI BONNEAUD/RUE MICHEL KAUMA,-22.29573,166.45663,9,2,2