Num_Acc,id_vehicule,num_veh,place,catu,sexe,trajet,secu1,secu2,secu3,locp,actp,etatp,year_acc,victim_age,senc,catv,obs,obsm,choc,manv,motor,occutc,catr,voie,v1,v2,circ,nbv,vosp,prof,pr,pr1,plan,lartpc,larrout,surf,infra,situ,vma,jour,mois,an,hrmn,lum,dep,com,agg_,int,atm,col,adr,lat,long,hour,nb_victim,nb_vehicules
202100039775,130Â 490,A01,1,1,1,2,1,-1,-1,0,0,-1,2021,18.0,2,2,2,0,1,1,1,,3,52,0,D,2,2,0,1,(1),(1),2,, -1,1,0,3,80,12,5,2021,07:30,1,22,22242,1,1,0,7,RD 52,48.607577,-2.423623,7,1,1
202100015604,173Â 789,B01,1,1,1,0,8,-1,-1,0,0,-1,2021,22.0,3,1,0,2,7,1,5,,4,EUROPE (CARREFOUR DE L'),0,,1,1,0,1,(1),(1),1,, -1,1,5,1,50,2,10,2021,12:30,1,26,26281,2,6,0,3,rond point de l' EUROPE,45.04576,5.055437,12,2,2
202100023951,158Â 820,A01,1,1,2,5,2,-1,-1,0,0,-1,2021,48.0,0,1,0,2,1,5,1,,4,,0,,1,1,0,1,(1),(1),3,,5,1,0,1,50,17,8,2021,11:55,1,72,72054,2,1,0,1,1 rue marie curie,48.020759,0.330502,11,2,2
202100007856,187Â 694,A01,1,1,1,9,2,6,-1,0,0,-1,2021,27.0,2,1,0,2,1,2,1,,4,AVENUE DES CHAMPS ELYSEES,0,,1,3,0,1,(1),(1),1,, -1,2,0,1,50,15,11,2021,19:30,5,75,75108,2,2,1,2,AVENUE DES CHAMPS ELYSEES,48.8714,2.302516,19,2,2
202100021626,162Â 972,A01,1,1,2,-1,0,-1,-1,-1, -1,-1,2021,33.0,0,2,-1,-1,-1,1,-1,,4,,-1,,2,1,-1,3,(1),(1),1,,3,1,0,1,-1,31,8,2021,12:06,1,27,27229,2,1,0,2,DUGUAY TROUIN (RUE),49.0264524797,1.1707636164,12,1,1
202100028122,151Â 437,A01,1,1,1,5,8,8,-1,-1, -1,-1,2021,17.0,1,1,16,0,0,1,5,,4,SAINT GUENAEL (RUE DE),0,,2,2,0,1,(1),(1),1,, -1,1,0,1,30,19,7,2021,03:42,5,56,56098,2,1,0,7,SAINT GUENAEL (RUE DE),47.76091,-3.31778,3,1,1
202100033238,142Â 357,A01,9,2,1,5,1,-1,-1,0,0,-1,2021,20.0,2,2,13,0,1,1,1,,3,951,0,,2,2,0,2,11,406,1,, -1,2,0,3,90,20,6,2021,08:05,2,23,23065,1,1,1,6,Grande Rue,46.288989,1.601515,8,3,1
202100034607,139Â 854,A01,1,1,2,5,2,6,-1,0,0,-1,2021,16.0,3,1,0,2,0,1,1,,4,RUE DE PONTHIEU,0,,1,1,0,1,(1),(1),1,, -1,1,9,1,30,13,6,2021,00:10,5,75,75108,2,2,0,3,RUE DE PONTHIEU,48.870926,2.30883,0,2,2
202100022733,160Â 965,A01,2,2,1,9,2,0,-1,-1, -1,-1,2021,16.0,3,1,0,2,1,13,1,,7,PARAYRE LIEUTENANT (RUE DU),0,,2,1,0,1,0,0,1,, -1,1,0,1,80,23,8,2021,13:00,1,13,13001,1,1,0,1,PARAYRE LIEUTENANT (RUE DU),43.50221,5.35005,13,4,2
202100013311,177Â 952,B01,1,1,1,1,2,6,-1,0,0,-1,2021,57.0,1,1,0,2,3,1,1,,4,RUE VILLIOT,0,,2,2,0,1,0,0,1,, -1,1,0,1,30,13,10,2021,06:50,5,75,75112,2,3,0,3,RUE VILLIOT,48.840826,2.373921,6,2,2
202100007417,188Â 501,B01,1,1,1,0,0,-1,-1,0,0,-1,2021,28.0,1,1,0,2,1,1,3,,3,20,0,D,2,2,0,1,0,480,1,, -1,1,0,1,80,19,11,2021,19:45,3,85,85080,1,1,0,1,D20,46.428199,-0.82833948,19,2,2
202100049993,112Â 383,B01,10,3,1,5,0,-1,-1,1,9,1,2021,20.0,3,5,0,1,2,1,1,,4,TILLEULS,0,,2,2,0,1,(1),(1),1,, -1,1,0,1,50,25,2,2021,15:50,1,95,95280,2,2,0,6,Avenue des Tilleuls,49.0349888583,2.4677932262,15,3,2
202100026380,154Â 540,A01,1,1,2,5,2,6,9,0,0,-1,2021,48.0,1,1,0,2,1,13,1,,2,116,-1,,2,2,0,1,75,800,3,, -1,1,0,1,80,30,7,2021,15:35,1,66,66192,1,1,0,1,RN 116,42.507429,2.130811,15,6,2
202100054454,104Â 426,B01,1,1,1,0,8,0,-1,0,0,-1,2021,46.0,0,1,0,2,4,15,5,,4,,0,,2,2,0,1,(1),(1),1,, -1,1,0,1,50,18,1,2021,08:10,2,27,27229,2,1,0,2,LA FRICHE (RUE DE),49.0143,1.16088,8,2,2
202100021160,163Â 839,A01,1,1,1,5,2,6,-1,0,0,-1,2021,18.0,3,1,2,0,1,14,1,,4,1,-1,,2,2,0,2,(1),(1),4,,"10,5",1,0,1,50,4,9,2021,02:00,3,95,95678,2,1,0,6,Chemin de Beaumont,49.0744,2.24385,2,2,1
202100013755,177Â 123,B01,1,1,2,5,2,-1,-1,0,0,-1,2021,83.0,1,0,0,2,8,13,3,,3,997E,-1,,2,2,0,1,(1),(1),1,, -1,1,0,1,80,13,10,2021,13:45,1,50,50484,1,3,0,3,D977e,48.568404,-1.085882,13,2,2
202100044592,122Â 012,B01,1,1,2,5,8,8,-1,0,0,-1,2021,21.0,2,1,0,2,8,16,5,,4,AVENUE DE CLICHY,0,,2,5,1,1,(1),(1),1,, -1,1,0,1,50,9,4,2021,11:00,1,75,75117,2,2,0,4,AVENUE DE CLICHY,48.891561,2.318486,11,3,3
202100019140,167Â 416,B01,1,1,1,0,1,8,-1,-1, -1,-1,2021,43.0,3,2,0,2,2,1,1,,4,RUE JULES FERRY,0,,2,2,0,1,0,0,1,, -1,1,0,1,50,13,9,2021,16:00,1,91,91345,1,1,0,2,RUE JULES FERRY,48.687461,2.298068,16,2,2
202100019990,165Â 900,B01,1,1,1,5,1,-1,-1,0,0,-1,2021,77.0,2,2,4,2,4,2,1,,1,7,0,,1,5,0,1,72,650,1,, -1,1,0,1,90,5,9,2021,14:40,1,26,26362,1,1,0,2,Autoroute A7,44.912973,4.877543,14,2,2
202100035295,138Â 614,A01,1,1,2,0,1,0,-1,0,0,-1,2021,19.0,2,2,0,2,2,21,1,,3,ZOLA (BOULEVARD EMILE),0,,2,1,0,1,0,401,1,, -1,1,0,1,30,10,6,2021,18:50,1,6,6069,2,1,0,3,ZOLA (BOULEVARD EMILE),43.653124,6.918171,18,2,2
202100018132,169Â 206,A01,1,1,1,5,2,8,-1,-1, -1,-1,2021,27.0,2,1,1,0,4,26,5,,4,DE GAULLE (BOULEVARD GENERAL),0,,1,2,0,1,(1),(1),1,, -1,1,0,1,50,17,9,2021,12:00,1,62,62193,2,1,0,2,DE GAULLE (BOULEVARD GENERAL),50.96327,1.84462,12,2,2
202100049409,113Â 437,A01,10,3,2,9,0,-1,-1,3,A,2,2021,5.0,1,1,0,1,2,1,3,,4,RUE SAINT MAUR,0,,1,1,2,1,(1),(1),1,, -1,1,0,1,30,3,3,2021,08:30,1,75,75111,2,3,0,6,RUE SAINT MAUR,48.867621,2.375623,8,2,1
202100043411,124Â 068,A01,1,1,1,0,2,8,-1,-1, -1,-1,2021,26.0,1,1,0,2,8,13,1,,3,MADELEINE (ROUTE DE LA),0,,2,1,0,1,3,100,1,, -1,1,0,1,50,19,4,2021,09:36,1,973,97302,2,1,0,6,MADELEINE (ROUTE DE LA),4.9130963165,-52.3208112718,9,2,2
202100016129,172Â 811,B01,1,1,1,5,8,0,-1,-1, -1,-1,2021,30.0,2,1,0,2,7,19,5,,4,RHIN (AVENUE DU),0,,2,4,1,2,0,0,3,, -1,1,0,1,50,29,9,2021,00:20,5,67,67482,1,3,0,3,RHIN (AVENUE DU),48.56942,7.77828,0,2,2
202100027682,152Â 233,A01,2,2,1,0,2,0,-1,-1, -1,-1,2021,17.0,2,1,0,2,6,21,1,,4,kaweni-Poste ( rue de la ),0,,2,2,0,1,0,0,1,, -1,1,0,1,50,21,7,2021,11:22,1,976,97611,2,9,0,1,kaweni-Poste ( rue de la ),-12.77457,45.22235,11,3,2
202100011121,181Â 855,A01,2,2,1,4,1,0,-1,-1, -1,-1,2021,27.0,2,2,0,0,0,0,1,,2,PARIS (R DE),0,,3,4,0,1,1,0,1,, -1,2,5,1,50,25,10,2021,09:52,1,94,94078,2,9,1,3,Rue de Paris,48.75503,2.44439,9,3,2
202100041899,126Â 725,A01,1,1,1,0,2,6,-1,-1, -1,-1,2021,45.0,2,1,0,0,1,16,1,,3,BELGES (AV. DES),0,,2,2,0,1,1,810,1,, -1,2,0,1,50,28,4,2021,08:35,1,43,43157,2,4,1,7,REPUBLIQUE (BD DE LA),45.0465,3.89209,8,1,1
202100006398,190Â 360,A01,1,1,2,1,8,0,-1,-1, -1,-1,2021,47.0,2,1,0,0,7,1,5,,4,LOUYAT (AVENUE DE),0,,2,2,0,2,0,0,1,, -1,1,0,1,50,23,11,2021,08:47,1,87,87085,2,1,0,7,LOUYAT (AVENUE DE),45.847,1.25863,8,1,1
202100051131,110Â 282,A01,1,1,1,5,2,6,-1,0,0,-1,2021,20.0,2,1,0,0,9,1,1,,3,18,2,,2,2,0,2,9,345,1,, -1,1,2,1,30,18,2,2021,17:20,1,68,68287,2,1,0,7,Route du Rhin,47.960768,7.314062,17,1,1
202100045486,120Â 433,A01,10,3,2,3,0,-1,-1,3,3,1,2021,43.0,1,2,1,1,1,17,1,,3,952,-1,D,2,2,0,1,(1),(1),1,, -1,1,0,1,30,3,4,2021,10:40,1,54,54415,2,1,0,6,31 Rue de Serre,48.9832799684,6.0217684516,10,2,1
202100032745,143Â 241,A01,1,1,1,0,1,-1,-1,0,0,-1,2021,39.0,2,2,6,0,1,13,1,,3,107,0,,2,2,0,1,1,800,3,,5,1,0,1,50,19,6,2021,21:05,2,32,32027,2,3,0,6,Boulevard du Midi,43.701784,-0.236861,21,1,1
202100054791,103Â 859,B01,2,2,2,5,1,0,-1,-1, -1,-1,2021,27.0,2,2,12,2,3,21,1,,3,GENERAL DE GAULLE (AV DU),0,,2,2,0,1,1,0,1,, -1,2,0,1,50,16,1,2021,11:20,1,94,94021,2,1,1,1,GENERAL DE GAULLE (AV DU),48.77191,2.34504,11,3,2
202100054700,104Â 011,A01,2,2,1,9,2,0,-1,-1, -1,-1,2021,45.0,1,1,0,2,4,0,1,,3,FRANCE ANATOLE (BOULEVARD) NR AUTRES,0,,3,4,1,1,0,1,1,, -1,2,5,3,50,17,1,2021,12:00,1,93,93066,2,1,1,2,FRANCE ANATOLE (BOULEVARD) NR AUTRES,48.9256606524,2.3506460132,12,3,2
202100052426,108Â 002,B01,1,1,1,0,8,0,-1,0,0,-1,2021,22.0,1,1,0,2,1,26,3,,4,SERRE (RUE DE),0,,2,2,2,1,(1),(1),1,, -1,2,0,1,30,3,2,2021,07:56,5,54,54395,2,3,1,3,SERRE (RUE DE),48.69127,6.17528,7,2,2
202100039595,130Â 809,A01,1,1,2,0,1,0,-1,0,0,-1,2021,23.0,0,2,6,0,3,1,1,,4,STADE ( RUE  DU ),0,,2,2,0,2,0,1,1,, -1,2,0,1,50,15,5,2021,16:48,1,5,5061,2,1,1,7,STADE ( RUE  DU ),44.54833,6.06096,16,1,1
202100012227,179Â 865,A01,10,3,1,0,8,8,-1,2,3,1,2021,7.0,0,2,1,0,1,1,1,,4,LYON (RUE DE),0,,1,1,0,1,(1),(1),1,, -1,1,0,1,50,19,10,2021,19:55,5,13,13215,2,1,0,6,LYON (RUE DE),43.32322,5.36788,19,2,1
202100044740,121Â 745,A01,1,1,2,0,1,-1,-1,0,0,-1,2021,41.0,1,2,13,0,1,0,1,,3,212,-1,D,2,2,0,1,31,15,1,, -1,1,0,3,80,8,4,2021,10:00,1,63,63276,1,1,0,6,Route de Billom,45.8085091937,3.4814450741,10,1,1
202100035559,138Â 152,A01,10,3,1,3,0,-1,-1,3,3,1,2021,68.0,2,2,0,1,3,10,1,,3,GAULLE(AVENUE DU GENERAL DE),0,,3,4,0,1,1,0,1,, -1,1,0,1,50,8,6,2021,10:30,1,94,94028,2,1,0,6,GAULLE(AVENUE DU GENERAL DE),48.78787,2.44653,10,2,1
202100042916,124Â 957,A01,10,3,1,5,0,-1,-1,3,3,1,2021,97.0,3,4,0,1,6,16,1,,4,RUE DE L ECHELLE,0,,2,3,3,1,(1),(1),1,, -1,1,0,1,50,23,4,2021,13:22,1,75,75101,2,2,0,6,RUE DE L ECHELLE,48.863812,2.334246,13,2,1
202100045897,119Â 719,B01,1,1,1,1,1,0,-1,-1, -1,-1,2021,61.0,1,2,0,0,4,0,1,,3,BD DE FRIEDBERG,0,,1,1,0,2,1,0,1,, -1,1,0,1,70,19,1,2021,20:00,5,94,94079,1,1,0,2,FRIEDBERG (BD DE),48.8359,2.5469,20,2,2
202100030287,147Â 631,A01,2,2,1,9,1,5,-1,0,0,-1,2021,33.0,1,2,0,2,1,5,1,,3,70,0,,2,2,0,2,3,900,1,, -1,1,0,1,90,7,7,2021,21:10,2,21,21525,1,1,0,1,Hameau de Chamont,47.411714,4.178753,21,3,2
202100041639,127Â 175,A01,10,3,2,3,0,-1,-1,2,3,1,2021,71.0,1,2,1,0,3,9,6,,4,PILORI (du),0,,2,2,0,1,(1),(1),1,, -1,1,0,1,30,19,3,2021,11:00,1,80,80001,2,1,0,6,PILORI (du),50.10764,1.83571,11,2,1
202100043514,123Â 882,A01,1,1,1,5,2,-1,-1,0,0,-1,2021,34.0,3,1,13,0,1,1,1,,3,,-1,,2,2,0,2,2,463,4,, -1,2,0,3,70,18,4,2021,17:30,1,6,6152,1,1,1,7,Route du Parc,43.620741,7.027941,17,1,1
202100041053,128Â 230,A01,1,1,1,0,8,0,-1,-1, -1,-1,2021,24.0,2,6,12,0,0,0,1,,4,MARTYRS DE LA RESISTANCE (DES)      (AV),0,,2,1,0,2,(1),(1),2,, -1,1,0,4,50,5,5,2021,19:30,1,69,69259,2,1,0,7,MARTYRS DE LA RESISTANCE (DES)      (AV),45.69018,4.8679,19,1,1
202100044992,121Â 306,B01,1,1,2,0,8,0,-1,-1, -1,-1,2021,30.0,1,1,0,2,1,1,3,,4,,0,,1,2,0,1,0,0,1,, -1,1,0,1,50,6,4,2021,19:43,1,92,92024,2,7,0,3,REPUBLIQUE (PLACE DE LA),48.90337,2.31285,19,2,2
202100012213,179Â 885,A01,1,1,2,0,1,-1,-1,-1, -1,-1,2021,27.0,1,2,0,2,2,1,1,,4,AVE DE PARIS,0,,3,4,0,2,(1),(1),1,, -1,1,0,1,50,18,10,2021,17:00,1,33,33249,2,1,0,2,AVE DE PARIS,44.88149,-0.51013,17,2,2
202100017754,169Â 888,B01,1,1,2,1,0,-1,-1,0,0,-1,2021,52.0,3,1,0,2,3,1,5,,7,1075,-1,,3,4,1,1,(1),(1),1,, -1,1,0,5,50,7,9,2021,18:00,1,38,38317,2,1,0,3,96 Cours Saint - AndrÃ©,45.138511,5.702575,18,2,2
202100003720,195Â 100,B01,1,1,1,9,2,6,-1,0,0,-1,2021,25.0,1,1,0,2,3,1,1,,4,AVENUE DE FLANDRE,0,,2,3,0,1,(1),(1),1,, -1,2,0,1,30,10,12,2021,11:10,1,75,75119,2,2,1,3,AVENUE DE FLANDRE,48.8906150672,2.3768019676,11,2,2
202100008244,186Â 978,A01,1,1,1,4,2,6,-1,-1,0,-1,2021,32.0,3,1,0,2,2,1,1,,4,MOULIN JEAN,0,,2,2,0,1,(1),(1),1,, -1,2,0,1,50,13,11,2021,20:50,5,95,95277,2,3,1,3,MOULIN JEAN,48.99504,2.42825,20,2,2
202100038196,133Â 369,A01,10,3,2,0,8,8,-1,2,B,1,2021,31.0,3,2,0,1,2,1,1,,4,MERIMEE,0,,1,1,0,1,(1),(1),1,, -1,1,0,1,50,25,5,2021,18:10,1,13,13214,2,6,0,6,MERIMEE,43.3284010266,5.3981119394,18,2,1
202100033437,142Â 006,A01,10,3,1,0,8,8,-1,2,3,1,2021,52.0,1,2,0,2,1,26,0,,3,CAPSULERIE RUE DE LA,0,,-1,2,0,2,0,0,1,, -1,1,0,1,50,18,6,2021,19:50,1,93,93006,2,1,0,1,CAPSULERIE RUE DE LA,48.86,2.42,19,2,1
202100010091,183Â 667,A01,1,1,1,1,2,6,-1,0,0,-1,2021,60.0,1,1,0,6,1,1,1,,3,26,-1,E,2,2,0,1,0,861,1,, -1,2,0,1,80,25,10,2021,23:20,3,17,17485,1,1,0,6,D26e2,45.868646,-1.231005,23,1,1
202100045175,120Â 984,A01,10,3,2,3,0,-1,-1,5,3,1,2021,82.0,0,2,0,1,2,1,1,,9,,-1,,2,2,0,2,(1),(1),1,, -1,1,0,8,30,3,4,2021,09:30,1,44,44129,2,1,0,6,11 Rue de Verdun,47.435167,-2.090154,9,2,1
202100052241,108Â 325,B01,1,1,1,0,1,0,-1,-1, -1,-1,2021,32.0,1,2,0,2,3,1,1,,3,RD 188 CHEVREUSE,0,,2,2,0,1,8,0,1,, -1,1,0,1,80,7,2,2021,13:10,1,91,91471,1,1,1,1,RD 188 CHEVREUSE,48.69274,2.18612,13,2,2
202100053188,106Â 661,A01,10,3,1,0,0,-1,-1,8,3,1,2021,8.0,1,3,0,1,6,1,3,,4,COLMAR (AVENUE DE),0,,2,2,3,1,0,0,2,, -1,1,4,6,50,28,1,2021,12:10,1,67,67482,2,8,0,6,COLMAR (AVENUE DE),48.56284,7.752631,12,2,1
202100016820,171Â 555,A01,1,1,1,0,8,0,-1,-1, -1,-1,2021,63.0,0,2,0,2,5,1,1,,4,,0,,2,2,0,1,0,100,1,, -1,1,0,1,50,24,9,2021,17:45,1,91,91691,2,2,0,3,PASTEUR(RUE),48.69403,2.48533,17,2,2
202100035922,137Â 477,A01,1,1,1,5,8,0,-1,-1, -1,-1,2021,48.0,1,2,15,0,8,13,1,,4,MARNOTTE RUE,0,,2,1,0,4,0,0,3,, -1,1,0,1,50,8,6,2021,21:00,1,25,25056,2,1,0,6,MARNOTTE RUE,47.24065,6.04554,21,1,1
202100055851,102Â 045,A01,10,3,1,5,0,-1,-1,1,B,1,2021,64.0,1,2,0,1,1,26,0,,3,BONDY (PONT),0,,-1,3,0,1,0,1,1,, -1,1,0,1,50,8,1,2021,14:30,1,93,93010,2,9,0,6,BONDY (PONT),48.9049846308,2.4701020557,14,2,1
202100013385,177Â 805,B01,2,2,2,9,1,0,-1,0,0,-1,2021,59.0,1,2,0,2,1,1,1,,4,PLACE DE LA PORTE DE PASSY,0,,2,7,0,1,(1),(1),1,, -1,1,0,1,50,12,10,2021,07:10,2,75,75116,2,2,0,3,PLACE DE LA PORTE DE PASSY,48.857345,2.264704,7,3,2
202100006901,189Â 436,B01,10,3,1,9,0,-1,-1,5,9,1,2021,66.0,1,4,1,0,7,1,0,,4,m'tsapere-Pont (ruelle du ),0,,2,2,0,1,0,0,1,, -1,1,2,4,50,19,11,2021,10:45,1,976,97611,2,1,0,3,m'tsapere-Pont (ruelle du ),-12.78969,45.22059,10,3,2
202100039325,131Â 308,Z01,10,3,2,2,8,8,-1,2,3,1,2021,29.0,2,5,0,1,0,0,0,,3,FOCH (AV),0,,2,2,0,1,0,0,1,, -1,1,0,1,30,19,5,2021,07:30,1,94,94068,2,5,0,3,LOUVIERE (PL DE LA),48.8046741297,2.4857372046,7,2,1
202100052169,108Â 460,B01,1,1,2,1,1,-1,-1,0,0,-1,2021,38.0,2,2,0,2,6,15,1,,3,971,-1,,2,2,0,2,12,710,1,, -1,1,0,1,80,9,2,2021,17:40,2,71,71528,1,3,0,2,Chemin du Curtil Renaud,46.625204,5.149514,17,2,2
202100045224,120Â 888,B01,2,2,2,0,1,0,-1,-1, -1,-1,2021,19.0,2,2,0,2,2,21,1,,7,GUESDE (RUE JULES),0,,2,2,0,1,(1),(1),1,, -1,1,0,1,50,3,4,2021,22:55,5,59,59650,2,1,0,1,GUESDE (RUE JULES),50.7106624222,3.2336550951,22,4,2
202100013937,176Â 790,A01,1,1,1,5,1,-1,-1,0,0,-1,2021,24.0,2,5,13,0,3,1,1,,3,93,0,,2,2,0,1,60,800,2,, -1,1,0,1,80,12,10,2021,01:30,3,26,26159,1,1,0,7, 395 Route de Gap,44.715789,5.400632,1,1,1
202100011261,181Â 605,A01,1,1,1,5,2,6,-1,0,0,-1,2021,26.0,2,1,4,0,8,0,1,,1,57,-1,,3,4,0,2,30,500,2,, -1,1,0,1,130,24,10,2021,18:20,3,83,83100,1,1,0,7,au troute A57 Pk 30+500,43.282196,6.188189,18,1,1
202100027003,153Â 449,A01,10,3,2,5,0,-1,-1,2,9,1,2021,73.0,2,2,0,1,5,1,1,,3,72,-1,,2,2,0,1,10,837,3,, -1,1,0,1,50,19,7,2021,10:20,1,36,36127,2,1,0,6,9 Rue du Pont,46.60137,1.979698,10,2,1
202100018784,168Â 065,B01,2,2,2,0,1,0,-1,-1, -1,-1,2021,61.0,1,2,0,2,7,1,1,,4,HOCHE (RUE),0,,1,1,0,1,(1),(1),1,, -1,1,0,1,50,15,9,2021,17:35,1,13,13203,2,1,0,3,HOCHE (RUE),43.3107186099,5.376550792,17,4,2
202100047040,117Â 689,A01,10,3,2,3,8,8,-1,3,3,1,2021,81.0,2,0,0,1,4,26,1,,4,WALDECK-ROUSSEAU (RUE),0,,2,2,0,1,(1),(1),1,, -1,1,0,8,30,22,3,2021,16:00,1,42,42187,2,1,0,6,Rue Waldeck Rousseau,46.0378303923,4.0615628511,16,2,1
202100000349,201Â 090,B01,1,1,2,1,8,0,-1,0,0,-1,2021,28.0,2,1,0,2,1,1,5,,4,BOULEVARD MALESHERBES,0,,3,6,1,2,(1),(1),1,, -1,1,-1,5,50,27,10,2021,11:15,1,75,75108,2,3,0,3,BOULEVARD MALESHERBES,48.880491,2.312992,11,2,2
202100009193,185Â 275,B01,1,1,1,4,1,8,-1,-1, -1,-1,2021,30.0,1,2,6,2,3,1,1,,4,LONGUEVILLE (RUE),0,,1,1,0,2,0,0,1,, -1,1,5,1,50,28,4,2021,02:45,5,2,2691,2,2,0,3,LONGUEVILLE (RUE),49.848065,3.28271,2,3,2
202100004470,193Â 778,A01,1,1,2,0,8,-1,-1,0,0,-1,2021,23.0,1,2,0,2,5,17,1,,3,643,-1,,2,2,0,1,(1),(1),1,, -1,7,0,1,90,7,12,2021,08:30,1,59,59126,1,1,0,3,D135,50.312113,3.117549,8,2,2
202100039774,130Â 491,B01,1,1,1,0,0,-1,-1,0,0,-1,2021,74.0,3,1,0,0,0,2,5,,7,1075,0,D,3,1,2,4,(1),(1),1,, -1,1,2,5,50,8,4,2021,11:00,1,38,38111,2,1,0,7,Avenue de la LibÃ©ration,45.120261,5.695682,11,2,2
202100006826,189Â 576,TA01,4,2,2,0,8,0,-1,-1, -1,-1,2021,74.0,1,3,9,0,1,1,1,2.0,4,VERDUN (RUE DE),0,,1,1,0,1,1,0,1,, -1,1,0,4,50,22,11,2021,10:40,1,93,93064,2,1,0,1,VERDUN (RUE DE),48.87703,2.480577,10,2,1
202100011589,181Â 011,A01,1,1,1,4,2,0,-1,-1, -1,-1,2021,16.0,1,1,0,2,1,2,1,,4,PASTEUR AVENUE,0,,2,2,0,1,1,0,1,, -1,1,0,1,50,21,10,2021,17:43,1,49,49007,2,1,0,2,PASTEUR AVENUE,47.4812,-0.524,17,2,2
202100006934,189Â 372,A01,1,1,1,0,8,8,-1,0,0,-1,2021,27.0,3,2,0,2,2,2,1,,4,VOIE RAPIDE,0,,3,6,0,1,(1),(1),1,, -1,1,0,1,70,21,11,2021,07:51,2,6,6088,2,9,0,3,VOIE RAPIDE,43.69805,7.24813,7,3,2
202100024008,158Â 727,A01,1,1,2,1,1,0,-1,-1, -1,-1,2021,57.0,2,2,15,0,1,15,1,,3,PARIS (AVENUE DE),0,,-1,2,0,2,1,0,1,, -1,1,0,4,50,15,8,2021,21:00,2,59,59122,2,2,0,6,PARIS (AVENUE DE),50.16102,3.22594,21,1,1
202100021151,163Â 854,B01,2,2,2,5,6,2,-1,0,0,-1,2021,59.0,1,1,0,2,8,15,1,,3,,-1,,2,2,0,2,2,150,1,, -1,1,0,1,90,4,9,2021,11:55,1,43,43268,1,2,0,5,D105,45.164399,4.154098,11,5,3
202100047722,116Â 445,B01,1,1,2,1,1,0,-1,-1, -1,-1,2021,38.0,2,2,0,2,6,2,1,,3,ALLENDE (BD SALVATOR),0,,3,1,0,1,0,475,1,, -1,1,0,1,50,7,3,2021,17:15,1,78,78172,2,1,0,2,ALLENDE (BD SALVATOR),49.00276,2.07561,17,2,2
202100045384,120Â 609,A01,1,1,1,2,2,6,-1,-1, -1,-1,2021,15.0,0,1,0,2,1,2,1,,4,PONT TOURNANT,0,,2,3,0,1,(1),(1),1,, -1,1,0,1,50,1,4,2021,08:55,1,50,50129,2,4,0,2,PONT TOURNANT,49.63916,-1.62059,8,2,2
202100024305,158Â 225,B01,1,1,1,5,2,6,-1,0,0,-1,2021,26.0,2,1,0,2,2,1,1,,4,PORTE DE VANVES,0,,1,4,0,1,6,800,1,, -1,1,0,1,70,13,8,2021,16:00,1,75,75114,2,1,0,3,PORTE DE VANVES,48.824292,2.30637,16,2,2
202100041381,127Â 641,B01,1,1,1,1,1,-1,-1,0,0,-1,2021,56.0,1,2,0,2,8,1,1,,3,4,-1,,2,2,0,1,20,500,1,, -1,2,0,1,80,4,5,2021,07:30,1,44,44052,1,2,1,3,Route de Crossac,47.359947,-2.111349,7,3,2
202100049183,113Â 839,B01,1,1,2,5,8,-1,-1,0,0,-1,2021,51.0,1,2,0,2,1,23,1,,4,910,-1,,3,3,0,3,(1),(1),1,, -1,1,0,1,50,5,3,2021,14:10,1,37,37050,2,1,0,2,44 Avenue du Grand Sud,47.3448394682,0.7019836145,14,2,2
202100019319,167Â 093,A01,1,1,1,5,8,-1,-1,-1, -1,-1,2021,19.0,2,1,0,2,7,5,3,,4,CASIMIR PERIER                      (R ),0,,2,2,0,1,(1),(1),1,, -1,1,0,1,30,12,9,2021,22:14,5,69,69382,2,2,0,3,CASIMIR PERIER (R),45.74212,4.82189,22,2,2
202100010600,182Â 782,F01,1,1,1,0,2,6,-1,0,0,-1,2021,35.0,3,1,0,2,1,17,1,,3,,-1,,2,2,2,1,28,685,1,,4,1,0,1,70,25,10,2021,09:04,1,6,6161,1,1,0,1,Route du Bord de Mer D6098,43.62847,7.134023,9,2,2
202100018973,167Â 721,B01,1,1,1,5,2,0,-1,-1, -1,-1,2021,53.0,3,1,0,2,7,0,1,,4,ELUARD BOULEVARD PAUL,0,,2,2,0,2,0,0,1,, -1,1,0,1,50,13,9,2021,16:50,1,13,13056,2,1,0,3,ELUARD BOULEVARD PAUL,43.42219,5.05422,16,3,2
202100017036,171Â 169,A01,10,3,2,5,0,-1,-1,4,3,2,2021,6.0,2,2,0,1,2,1,1,,4,PLACE DU GENERAL BEURET,0,,2,2,0,1,(1),(1),1,, -1,1,0,1,50,24,9,2021,16:55,1,75,75115,2,7,0,6,PLACE DU GENERAL BEURET,48.841834,2.303267,16,3,1
202100040469,129Â 269,A01,1,1,2,5,2,6,-1,-1, -1,-1,2021,18.0,1,1,0,2,1,1,1,,4,JACQUES LOEB (AVENUE DE L'INTERNE),0,,2,2,0,4,0,0,1,, -1,1,0,1,50,10,5,2021,07:40,1,64,64102,2,1,0,2,JACQUES LOEB (AVENUE DE L'INTERNE),43.47918,-1.48411,7,2,2
202100031122,146Â 112,B01,1,1,1,5,1,-1,-1,-1, -1,-1,2021,30.0,0,2,0,2,2,1,1,,4,AVE DES TROIS CARDINAUX,0,,2,3,0,1,(1),(1),1,, -1,1,0,1,50,1,7,2021,09:10,1,33,33063,2,9,0,3,Avenue des Trois Cardinaux,44.88801,-0.55844,9,4,2