Num_Acc,id_vehicule,num_veh,place,catu,sexe,trajet,secu1,secu2,secu3,locp,actp,etatp,year_acc,victim_age,senc,catv,obs,obsm,choc,manv,motor,occutc,catr,voie,v1,v2,circ,nbv,vosp,prof,pr,pr1,plan,lartpc,larrout,surf,infra,situ,vma,jour,mois,an,hrmn,lum,dep,com,agg_,int,atm,col,adr,lat,long,hour,nb_victim,nb_vehicules
202100028414,150Â 926,A01,1,1,1,5,2,6,-1,0,0,-1,2021,58.0,1,1,14,0,1,1,1,,3,421,0,,3,4,0,1,24,250,3,, -1,1,5,1,70,17,7,2021,15:20,1,67,67033,1,1,0,6,D421,48.7477,7.677383,15,1,1
202100025369,156Â 315,A01,10,3,2,0,0,-1,-1,3,3,1,2021,51.0,3,2,0,1,3,1,1,,7,6098,0,M,2,2,0,1,(1),(1),1,, -1,1,6,1,50,5,8,2021,19:00,1,6,6032,2,1,0,6,118 Avenue du Trois Septembre,43.723138,7.396502,19,2,1
202100038727,132Â 405,A01,1,1,2,5,1,-1,-1,-1,0,-1,2021,26.0,2,2,4,0,1,1,1,,1,AUTOROUTE A15,0,,3,4,0,1,17,0,1,, -1,1,0,1,110,22,5,2021,18:15,1,95,95306,1,1,0,5,A15,49.00758,2.16116,18,3,3
202100017941,169Â 556,A01,1,1,2,0,1,-1,-1,0,0,-1,2021,41.0,2,2,0,2,2,1,1,,2,182,-1,,2,4,0,1,2,800,1,, -1,1,0,1,50,20,9,2021,16:05,1,76,76684,1,9,0,3,"nationale 182, Sens LE HAVRE / TANCARVILLE",49.475089,0.462332,16,2,2
202100022322,161Â 735,A01,3,2,1,5,1,-1,-1,0,0,-1,2021,20.0,1,2,13,0,3,16,1,,3,106,0,,2,2,0,1,11,455,3,, -1,1,0,3,70,27,8,2021,22:30,3,17,17222,1,4,0,7,D106,46.231661,-1.104888,22,3,1
202100024354,158Â 148,B01,2,2,2,9,1,-1,-1,0,0,-1,2021,76.0,2,2,0,2,1,1,1,,3,1120,-1,,2,2,0,1,28,450,1,, -1,1,0,8,90,14,8,2021,09:50,1,19,19192,1,1,0,1,RD1120,45.120356,1.906192,9,3,2
202100032935,142Â 891,B01,1,1,1,5,8,0,-1,-1, -1,-1,2021,19.0,1,1,0,2,1,1,1,,4,"""JEAN JAURES (AVENUE """"DU 01 AU 19"""")""",0,,1,1,0,1,0,0,1,, -1,1,0,1,50,22,6,2021,20:15,1,93,93007,2,1,0,2,"""JEAN JAURES (AVENUE """"DU 01 AU 19"""")""",48.923114,2.471241,20,2,2
202100033445,141Â 989,A01,10,3,2,5,0,-1,-1,4,3,2,2021,13.0,2,2,0,1,1,1,1,,3,DIVISION LECLERC (53 A 217 - 58 A 186),0,,3,4,0,1,0,0,1,, -1,2,0,4,50,19,6,2021,19:25,1,92,92002,2,1,0,6,DIVISION LECLERC (53 A 217 - 58 A 186),48.744448,2.303286,19,3,1
202100031868,144Â 791,B01,1,1,1,9,-1,0,-1,-1, -1,-1,2021,27.0,1,1,0,0,0,1,3,,4,BOULEVARD EMILE ROMANET,0,,3,2,3,1,(1),(1),1,, -1,2,0,5,30,28,6,2021,23:45,5,44,44109,2,9,1,3,BOULEVARD EMILE ROMANET,47.20966,-1.59704,23,2,2
202100000649,200Â 551,A01,1,1,1,0,1,0,-1,-1,0,-1,2021,35.0,0,2,3,0,2,1,1,,7,ROUTE DEPARTEMENTALE 652,0,,-1,4,0,1,8,300,1,, -1,2,0,1,90,25,12,2021,02:40,3,59,59636,1,1,0,6,,50.673360644,3.0419621722,2,1,1
202100048180,115Â 627,A01,1,1,1,5,0,-1,-1,0,0,-1,2021,88.0,3,5,0,2,7,2,1,,3,111,-1,,2,2,0,1,21,164,1,, -1,2,0,1,70,13,3,2021,18:05,1,76,76595,1,2,1,3,Route du Moulin,49.636333,0.162127,18,4,2
202100052847,107Â 254,A01,1,1,1,4,2,6,-1,-1, -1,-1,2021,48.0,1,1,0,0,8,1,1,,1,AUTOROUTE A6B,0,,1,2,0,2,0,100,2,, -1,8,1,1,50,2,2,2021,09:02,1,94,94037,1,1,1,7,AUTOROUTE A6B,48.81,2.35,9,1,1
202100014482,175Â 822,A01,10,3,1,9,0,-1,-1,2,3,1,2021,22.0,1,2,0,1,1,2,2,,3,683,0,D,3,4,0,1,39,550,1,, -1,1,0,1,50,9,10,2021,04:45,5,25,25112,2,9,0,6,Route de Belfort,47.26349,6.055902,4,2,1
202100016165,172Â 747,B01,1,1,1,0,2,0,-1,-1, -1,-1,2021,37.0,1,1,0,2,1,1,1,,4,BOULEVARD DE LA PRAIRIE DE MAUVES,0,,3,2,0,1,(1),0,1,, -1,1,0,1,80,24,9,2021,17:16,1,44,44109,1,1,0,1,BOULEVARD DE LA PRAIRIE DE MAUVES,47.225649,-1.495856,17,2,2
202100005051,192Â 755,B01,1,1,2,1,1,-1,-1,-1, -1,-1,2021,64.0,2,2,0,2,5,9,1,,7,GENAS (DE)                          (RO),0,,2,2,3,1,1,900,1,, -1,2,0,1,50,2,12,2021,07:15,2,69,69256,2,1,1,4,GENAS (DE) (RTE),45.7463188817,4.9259968847,7,3,3
202100046529,118Â 615,A01,10,3,2,0,0,-1,-1,3,3,1,2021,41.0,3,2,0,1,2,16,1,,4,Daniel Mayer,0,,2,2,2,1,(1),(1),3,, -1,1,0,8,50,25,3,2021,15:20,1,37,37261,2,1,1,6,Daniel Mayer,47.4187,0.692,15,2,1
202100056131,101Â 549,A01,10,3,2,1,0,-1,-1,3,3,2,2021,60.0,2,2,0,1,1,1,1,,4,12,0,,2,2,0,2,0,0,1,, -1,1,0,1,50,4,1,2021,14:00,1,988,98818,2,3,0,6,ROUTE DE L'ANSE VATA/RUE MARCELLIN LACABANNE,-22.29363,166.44653,14,3,1
202100040348,129Â 483,A01,1,1,1,4,8,-1,-1,0,0,-1,2021,29.0,1,1,0,2,1,15,5,,4,TALLINN (SANS NÂ° DE GUILERS A DELALANDE),0,,2,2,0,3,(1),(1),2,, -1,1,5,1,50,11,5,2021,08:45,1,29,29019,2,6,0,3,Avenue de Tallinn,48.38951,-4.52022,8,2,2
202100001175,199Â 673,A01,1,1,2,0,1,8,-1,-1, -1,-1,2021,74.0,1,2,0,2,2,1,1,,7,SCHUMANN (AVENUE),0,,2,2,0,1,0,0,1,, -1,2,0,1,50,25,12,2021,01:30,4,67,67267,2,3,1,3,SCHUMANN (AVENUE),48.56384,7.68949,1,3,2
202100000156,201Â 469,B01,1,1,1,0,0,-1,-1,0,0,-1,2021,23.0,1,1,0,2,0,0,1,,2,ROUTE DU STILETTO,0,,2,2,0,2,(1),(1),1,, -1,1,0,1,50,11,12,2021,14:30,1,201,201004,2,9,0,3,ROUTE DU STILETTO,41.94699,8.76211,14,2,2
202100055163,103Â 211,C01,1,1,1,0,1,-1,-1,0,0,-1,2021,53.0,0,2,0,2,4,1,1,,4,ALBERT 1ER (MAIL),0,,2,4,0,1,(1),(1),1,, -1,2,0,1,50,12,1,2021,09:30,1,80,80021,2,1,1,4,ALBERT 1ER (MAIL),49.88873,2.29903,9,3,3
202100026566,154Â 214,A01,1,1,2,1,1,-1,-1,0,0,-1,2021,44.0,2,2,2,2,1,17,1,,3,D24,-1,D,2,2,0,1,15,25,1,, -1,1,0,1,80,30,7,2021,08:30,1,53,53267,1,1,0,5,D24  PK 015.025,48.018635,-0.46443,8,3,3
202100025567,155Â 971,B01,1,1,1,0,1,0,-1,-1, -1,-1,2021,45.0,1,2,0,2,0,0,0,,1,AUTOROUTE A86,0,,3,8,0,1,12,699,1,, -1,1,0,1,90,4,8,2021,18:45,1,93,93066,1,1,0,3,AUTOROUTE A86,48.92418,2.34153,18,2,2
202100023424,159Â 750,B01,1,1,1,0,2,6,-1,-1, -1,-1,2021,56.0,1,1,0,2,2,1,1,,2,POMMERY (BOULEVARD),0,,2,2,0,2,20,320,1,, -1,1,0,1,50,19,8,2021,17:35,1,51,51454,2,3,0,3,Boulevard Pommery,49.24761,4.05133,17,2,2
202100003217,196Â 020,B01,1,1,2,5,1,-1,-1,-1, -1,-1,2021,35.0,1,2,0,2,4,2,1,,1,ROCADE A 630,0,,3,0,0,2,4,99,1,, -1,1,2,1,70,13,12,2021,16:55,1,33,33063,1,1,0,2,ROCADE A 630,44.882593,-0.550654,16,3,2
202100036682,136Â 146,A01,2,2,2,5,1,-1,-1,0,0,-1,2021,80.0,2,2,0,2,1,15,1,,2,580,0,,2,2,0,1,(1),(1),1,, -1,1,0,1,80,28,5,2021,18:00,1,30,30254,1,2,0,5,RN 580,44.0788,4.7082,18,4,3
202100020560,164Â 879,A01,1,1,1,5,8,0,-1,0,0,-1,2021,18.0,1,1,0,2,0,25,5,,4,RUE DU THEATRE,0,,2,2,0,1,(1),(1),1,, -1,1,1,4,30,6,9,2021,16:30,5,75,75115,2,2,0,3,RUE DU THEATRE,48.849601,2.286161,16,2,2
202100004975,192Â 897,A01,10,3,1,3,0,-1,-1,1,3,1,2021,82.0,3,4,0,1,4,4,1,,3,933,0,,2,2,0,1,(1),(1),1,, -1,2,0,1,50,3,12,2021,11:00,1,1,1175,2,3,1,6,Chemin Vieux,46.427276,4.93667,11,2,1
202100004548,193Â 646,B01,1,1,1,4,2,0,-1,-1, -1,-1,2021,24.0,2,1,0,2,4,9,1,,3,AV DES CANADIENS,0,,1,1,0,2,1,0,2,, -1,2,0,1,30,4,12,2021,21:33,4,94,94069,2,1,1,6,Avenue des Canadiens,48.81699,2.458974,21,1,1
202100014569,175Â 666,A01,10,3,1,3,0,-1,-1,2,3,1,2021,86.0,2,2,0,1,2,1,1,,4,MENDES FRANCE (AV PIERRE),0,,2,2,0,1,0,0,1,, -1,1,0,1,50,7,10,2021,08:30,1,83,83126,2,1,1,6,MENDES FRANCE (AV PIERRE),43.110255,5.87447,8,2,1
202100037973,133Â 786,B01,1,1,1,1,2,8,-1,-1, -1,-1,2021,26.0,1,1,0,2,7,2,1,,7,GIENS (ROUTE DE ),0,,2,2,0,1,5,200,1,, -1,1,0,1,50,27,5,2021,13:20,1,83,83069,1,1,0,3,GIENS (ROUTE DE ),43.060132,6.147042,13,2,2
202100017877,169Â 669,A01,1,1,1,5,2,0,-1,0,0,-1,2021,33.0,2,1,0,2,1,1,3,,4,RUE DE LA CROIX NIVERT,0,,2,2,0,1,(1),(1),1,, -1,2,0,1,30,20,9,2021,07:15,2,75,75115,2,2,1,3,RUE DE LA CROIX NIVERT,48.843614,2.295767,7,2,2
202100043290,124Â 281,A01,1,1,1,5,2,6,-1,-1, -1,-1,2021,44.0,2,1,4,0,7,1,1,,1,A507 sens Aubagne- Marseille,0,,3,2,0,2,4,199,2,, -1,1,0,2,70,20,4,2021,20:47,2,13,13055,1,1,0,3,A507 sens Aubagne- Marseille,43.327,5.41995,20,1,1
202100036375,136Â 683,B01,4,2,1,0,1,0,-1,-1, -1,-1,2021,4.0,3,2,0,2,1,0,1,,4,AV SALVADOR ALLENDE,0,,2,0,0,1,0,0,1,, -1,1,0,1,50,3,6,2021,08:10,1,91,91103,2,3,0,3,AV SALVADOR ALLENDE,48.6156,2.3052,8,3,2
202100037276,135Â 042,A01,10,3,1,2,0,-1,-1,2,3,1,2021,12.0,2,2,0,1,8,2,1,,4,CESSOLE (BD DE) (JUSQU'AU NÂ° 93-110),0,,2,3,3,1,(1),(1),1,, -1,1,9,1,50,31,5,2021,16:50,1,6,6088,2,3,0,6,CESSOLE (BD DE) (JUSQU'AU NÂ° 93-110),43.7161,7.253543,16,2,1
202100044124,122Â 803,A01,1,1,2,0,2,8,-1,-1, -1,-1,2021,49.0,1,1,0,2,1,17,1,,3,RTE DE LONGJUMEAU,0,,2,2,0,1,0,0,1,, -1,1,0,1,50,13,4,2021,09:30,1,91,91161,2,9,0,3,RTE DE LONGJUMEAU,48.71224,2.29774,9,2,2
202100002557,197Â 211,A01,1,1,1,4,1,0,-1,-1, -1,-1,2021,30.0,1,5,0,2,1,12,1,,1,6,0,,1,3,0,1,9,600,1,, -1,1,2,1,110,17,12,2021,14:30,1,92,92002,1,1,0,2,AUTOROUTE A6,48.7362856864,2.3168760538,14,2,2
202100053850,105Â 491,A01,1,1,1,5,2,8,-1,0,0,-1,2021,33.0,1,1,0,2,1,13,1,,4,SAINT CLAUDE CH.DE,0,,2,2,0,2,0,0,3,, -1,1,0,1,50,24,1,2021,17:45,5,6,6004,2,1,0,5,SAINT CLAUDE CH.DE,43.60009,7.09942,17,3,3
202100035536,138Â 189,B01,1,1,1,9,2,0,-1,0,0,-1,2021,38.0,1,0,0,2,1,2,3,,4,BOULEVARD NEY,0,,2,2,0,1,(1),(1),1,, -1,1,0,1,50,9,6,2021,16:10,1,75,75118,2,1,0,3,BOULEVARD NEY,48.898448,2.366288,16,2,2
202100052576,107Â 745,A01,10,3,1,9,0,-1,-1,1,9,1,2021,57.0,2,1,0,1,2,1,5,,4,BOULEVARD POISSONNIERE,0,,2,5,1,1,(1),(1),1,, -1,1,-1,5,10,4,2,2021,21:00,5,75,75102,2,1,0,6,BOULEVARD POISSONNIERE,48.871238,2.344543,21,2,1
202100046493,118Â 683,B01,1,1,1,0,8,8,-1,-1, -1,-1,2021,32.0,3,1,0,2,1,1,1,,4,SAINTONGE(AVENUE DE),0,,2,2,0,1,0,0,1,, -1,1,0,1,50,25,3,2021,12:02,1,91,91692,2,2,0,3,SAINTONGE(AVENUE DE),48.67995,2.16306,12,2,2
202100024233,158Â 353,B01,1,1,1,1,2,0,-1,-1, -1,-1,2021,38.0,1,1,0,2,1,1,1,,2,ROUTE NATIONALE 1,0,,1,1,0,1,3,99,1,, -1,2,0,1,50,13,8,2021,14:46,1,973,97302,1,1,1,2,ROUTE NATIONALE 1,4.90569,-52.3231,14,2,2
202100014012,176Â 657,B01,1,1,1,1,1,0,-1,0,0,-1,2021,44.0,1,2,0,2,1,1,1,,4,BOULEVARD PERIPHERIQUE,0,,1,4,0,1,10,400,1,, -1,1,0,1,70,10,10,2021,08:13,1,75,75116,2,4,0,5,BOULEVARD PERIPHERIQUE,48.835219,2.260359,8,4,4
202100041544,127Â 346,A01,1,1,1,5,2,8,-1,-1, -1,-1,2021,10.0,2,1,0,2,7,15,3,,4,COUPANCES (RUE DES),0,,2,2,0,1,0,0,1,, -1,1,0,1,50,24,4,2021,18:25,1,18,18205,2,3,0,3,COUPANCES (RUE DES),47.10599,2.36144,18,2,2
202100053716,105Â 718,A01,1,1,1,2,1,0,-1,-1, -1,-1,2021,19.0,1,2,5,2,4,13,1,,3,CHAPTAL (RUE),0,,2,2,0,1,32,660,2,, -1,7,0,1,50,25,1,2021,07:55,1,71,71153,2,1,0,2,CHAPTAL (RUE),46.81063,4.42166,7,2,2
202100048166,115Â 652,B01,1,1,1,4,2,6,-1,-1, -1,-1,2021,33.0,3,1,0,2,4,23,1,,4,9,0,,1,2,0,1,0,0,2,, -1,2,1,1,50,13,3,2021,21:30,5,92,92062,2,1,1,2,FRANCE (RUE ANATOLE) DU 11 AU 33,48.885342,2.239222,21,2,2
202100042758,125Â 216,B01,2,2,2,5,1,-1,-1,0,0,-1,2021,69.0,1,2,0,2,3,1,1,,3,45,-1,,2,2,0,1,17,300,2,, -1,1,0,1,80,23,4,2021,11:15,1,45,45120,1,1,0,3,D45-PR 17 + 300,47.627927,2.872338,11,3,2
202100042205,126Â 183,A01,1,1,2,0,1,0,-1,0,0,-1,2021,21.0,1,2,8,0,3,1,1,,7,PUGETS AVENUE DES,0,,2,2,0,1,(1),(1),3,, -1,2,0,3,50,27,4,2021,19:50,2,6,6123,2,1,1,6,PUGETS AVENUE DES,43.6823,7.1868,19,1,1
202100032255,144Â 108,A01,10,3,1,5,0,-1,-1,-1, -1,-1,2021,89.0,1,2,0,1,8,16,1,,4,CAMILLE ROUSSET                     (AV),0,,2,1,0,1,(1),(1),1,, -1,1,0,3,50,25,6,2021,08:30,1,69,69029,2,2,0,6,CAMILLE ROUSSET (AV),45.73585,4.91164,8,2,1
202100040628,128Â 991,A01,1,1,1,4,2,0,-1,0,0,-1,2021,28.0,1,1,0,2,3,9,1,,4,AVENUE DU GENERAL LECLERC,0,,2,5,3,1,(1),(1),1,, -1,1,0,6,50,9,5,2021,14:10,1,75,75114,2,1,0,3,AVENUE DU GENERAL LECLERC,48.82617,2.326263,14,2,2
202100001909,198Â 385,A01,10,3,1,5,0,-1,-1,3,3,1,2021,60.0,2,2,0,1,2,26,1,,4,JOINVILLE (AV DE),0,,2,1,0,1,1,0,1,, -1,1,0,1,20,17,12,2021,17:35,3,94,94052,2,1,0,6,Avenue de Joinville,48.829312,2.466849,17,2,1
202100009184,185Â 294,A01,1,1,1,0,1,5,-1,-1, -1,-1,2021,40.0,2,2,0,2,1,1,1,,2,RN 104,0,,1,3,0,1,38,150,1,, -1,1,0,1,90,6,11,2021,21:25,3,91,91340,1,1,0,2,RN 104,48.611555,2.431311,21,2,2
202100046145,119Â 278,A01,10,3,2,5,0,-1,-1,2,3,1,2021,32.0,2,2,0,1,7,1,1,,3,MOLIERE (R),0,,2,1,0,1,0,0,1,, -1,1,0,1,50,29,3,2021,13:00,1,94,94041,2,1,0,2,MOLIERE (R),48.81555,2.3933,13,2,1
202100019694,166Â 444,A01,1,1,1,0,8,0,-1,-1, -1,-1,2021,30.0,1,1,0,2,8,1,3,,4,CHARLES DUMONT (RUE),0,,2,2,0,1,0,0,1,, -1,1,0,1,50,8,9,2021,20:13,5,21,21231,2,5,0,3,CHARLES DUMONT (RUE),47.3133822432,5.0406666945,20,2,2
202100051858,109Â 009,B01,1,1,1,4,2,6,9,0,0,-1,2021,39.0,1,1,0,2,8,17,1,,2,10,0,T,2,2,0,2,28,800,3,, -1,1,0,1,80,12,2,2021,11:00,1,201,201247,1,1,0,3,RT 10 - TRINITÃ DE PORTO VECCHIO,41.6230284682,9.285278829,11,2,2
202100055356,102Â 889,A01,1,1,1,4,2,6,-1,0,0,-1,2021,36.0,1,1,0,2,2,17,1,,4,RUE DU CHATEAU DES RENTIERS,0,,2,2,0,1,(1),(1),1,, -1,2,0,1,50,12,1,2021,20:10,5,75,75113,2,1,1,2,RUE DU CHATEAU DES RENTIERS,48.830492,2.361816,20,2,2
202100002082,198Â 078,A01,1,1,1,9,8,-1,-1,0,0,-1,2021,53.0,1,2,1,0,3,13,1,,3,940,0,,1,1,0,1,7,0,1,, -1,1,0,1,50,21,12,2021,10:30,1,18,18127,2,1,0,6,16 Grande Rue,46.751506,2.176774,10,3,2
202100005021,192Â 810,A01,2,2,2,0,1,0,-1,-1, -1,-1,2021,58.0,1,2,0,4,3,1,1,,4,Rue Paul et Pierre Guichard,0,,2,2,0,1,(1),(1),1,, -1,1,9,1,50,20,5,2021,14:40,1,42,42218,2,9,0,3,Rue Paul et Pierre Guichard,45.459318,4.388762,14,3,2
202100025391,156Â 272,B01,1,1,2,0,0,-1,-1,0,0,-1,2021,18.0,3,1,0,2,0,1,5,,4,,0,,1,2,0,1,(1),(1),2,,4,1,9,1,30,7,8,2021,12:00,1,26,26235,2,6,0,3,Rond-Point Louis Pasteur (Parking),44.375493,4.698654,12,2,2
202100045838,119Â 818,A01,1,1,1,0,0,-1,-1,0,0,-1,2021,55.0,1,6,0,0,0,0,1,,3,65,0,,2,2,0,4,4,500,1,, -1,1,0,1,80,1,4,2021,15:00,1,57,57273,1,1,0,7,D65,49.32157,6.576862,15,1,1
202100039805,130Â 430,B01,1,1,1,0,2,0,-1,-1, -1,-1,2021,16.0,3,1,0,2,1,1,1,,4,AV DE LA LIBERATION,0,,2,2,0,2,1,0,1,, -1,1,0,1,50,15,5,2021,11:25,1,202,202033,2,1,0,1,AV DE LA LIBERATION,42.6838,9.44472,11,2,2
202100037415,134Â 787,A01,3,2,1,0,1,0,-1,-1, -1,-1,2021,13.0,1,2,0,2,7,26,0,,4,,0,,2,0,0,1,0,100,1,, -1,1,5,1,50,29,5,2021,20:35,1,91,91657,2,2,0,3,AV PAUL VAILLANT COUTURIER,48.69659,2.43597,20,4,2
202100027908,151Â 824,B01,1,1,2,5,2,6,-1,-1, -1,-1,2021,18.0,2,1,0,2,1,8,1,,4,MAIGNON (ROUTE DE),0,,-1,3,3,2,0,0,1,, -1,1,0,6,50,19,7,2021,18:40,1,64,64102,2,1,0,3,MAIGNON (ROUTE DE),43.4662902501,-1.4962622523,18,2,2
202100017884,169Â 655,A01,2,2,2,0,3,8,-1,-1, -1,-1,2021,0.0,0,2,0,2,6,24,1,,3,REPUBLIQUE (AV DE LA),0,,2,2,0,1,0,0,1,, -1,1,0,1,50,20,9,2021,18:00,1,94,94046,2,1,0,2,REPUBLIQUE (AV DE LA),48.8035,2.43586,18,3,2
202100049118,113Â 956,B01,1,1,1,0,2,6,-1,-1, -1,-1,2021,49.0,2,1,0,2,4,23,1,,4,SAINT LOUP (BOULEVARD DE),0,,2,2,0,1,(1),(1),1,, -1,1,6,1,50,5,3,2021,17:00,1,13,13210,2,1,0,2,SAINT LOUP (BOULEVARD DE),43.28277,5.43213,17,2,2
202100048672,114Â 755,A01,1,1,1,5,2,8,-1,-1, -1,-1,2021,16.0,1,1,0,2,8,9,1,,4,LYAUTEY (RUE DU MARECHAL),0,,2,2,0,1,0,0,1,, -1,1,0,1,50,6,3,2021,17:45,1,49,49099,2,6,0,6,LYAUTEY (RUE DU MARECHAL),47.05632,-0.86384,17,2,2
202100028167,151Â 350,B01,1,1,2,9,2,0,-1,0,0,-1,2021,50.0,1,1,0,2,8,19,5,,4,QUAI DE GRENELLE,0,,2,5,0,1,(1),(1),1,, -1,1,0,1,50,18,7,2021,16:00,1,75,75115,2,2,0,3,QUAI DE GRENELLE,48.849375,2.281551,16,2,2
202100033564,141Â 770,A01,1,1,1,0,8,0,-1,-1, -1,-1,2021,28.0,3,1,0,2,1,1,5,,4,BAHINOS (ROUTE DE),0,,2,2,0,1,0,0,1,, -1,1,0,1,30,18,6,2021,18:05,1,64,64024,2,2,0,3,BAHINOS (ROUTE DE),43.51355,-1.50039,18,2,2
202100045396,120Â 587,A01,1,1,1,4,2,0,-1,-1, -1,-1,2021,43.0,2,1,0,2,7,12,1,,4,HEURTELOUP (BOULEVARD),0,,3,6,0,1,(1),(1),1,, -1,1,0,1,50,1,4,2021,22:57,5,37,37261,2,1,0,6,HEURTELOUP (BOULEVARD),47.3913175589,0.6957997534,22,2,2
202100002656,197Â 037,A01,1,1,2,0,2,0,-1,-1, -1,-1,2021,39.0,2,1,0,2,7,17,0,,3,AV DU GENERAL DE GAULLE ,0,,2,4,0,1,1,0,1,, -1,2,0,1,50,1,12,2021,07:30,5,94,94017,2,1,1,3,Avenue du GÃ©nÃ©ral de Gaulle,48.826239,2.505272,7,2,2
202100019460,166Â 853,A01,10,3,2,9,0,-1,-1,1,3,1,2021,10.0,1,2,0,1,1,0,1,,3,BD CHAMPS ELYSEES CLINIQUE,0,,-1,1,0,1,0,0,1,, -1,1,0,1,50,5,9,2021,11:47,1,91,91228,2,1,0,6,BD CHAMPS ELYSEES CLINIQUE,48.63812,2.42626,11,2,1
202100011020,182Â 029,C01,1,1,2,1,1,0,-1,-1, -1,-1,2021,26.0,2,2,0,2,1,2,1,,1,A50-Sens Aubagne vers Marseille,0,,3,3,0,1,11,0,1,, -1,1,0,1,90,25,10,2021,18:00,1,13,13070,1,1,0,2,A50-Sens Aubagne vers Marseille,43.286,5.531,18,3,3
202100024784,157Â 347,A01,1,1,2,9,1,-1,-1,0,0,-1,2021,67.0,1,2,0,2,3,1,1,,3,D772,0,D,2,2,0,2,31,475,3,, -1,1,0,1,80,11,8,2021,12:30,1,35,35176,1,1,0,1,La Mauvaisinaie,47.857547,-1.877482,12,2,2
202100032358,143Â 923,B01,8,2,2,5,8,0,-1,-1, -1,-1,2021,66.0,1,3,0,2,3,1,1,3.0,3,992,0,,1,5,0,1,0,0,1,, -1,1,0,1,50,25,6,2021,20:45,1,92,92025,2,1,0,3,CHARLES DE GAULLE (BD),48.91554,2.22791,20,4,2
202100052025,108Â 717,A01,2,2,1,4,8,0,-1,-1, -1,-1,2021,23.0,2,2,6,0,1,1,0,,4,SAINT ANTOINE A SAINT JOSEPH (CHEMIN DE),0,,2,1,0,2,(1),(1),1,, -1,2,0,1,30,9,2,2021,08:15,1,13,13215,2,1,0,6,SAINT ANTOINE A SAINT JOSEPH (CHEMIN DE),43.359359,5.364986,8,2,1
202100000220,201Â 345,A01,10,3,1,5,8,8,-1,1,9,1,2021,31.0,1,5,0,0,2,1,1,,3,CONDE (AVENUE DE),0,,3,2,1,1,(1),(1),1,, -1,1,0,8,50,18,9,2021,03:35,3,59,59014,2,3,0,6,LECALIEZ (RUE),50.3712812153,3.5137865692,3,2,1
202100014263,176Â 200,A01,1,1,2,0,1,-1,-1,0,0,-1,2021,56.0,2,2,8,0,1,13,1,,3,D943,-1,,2,2,0,1,80,233,1,, -1,1,0,3,90,10,10,2021,12:50,1,36,36194,1,1,0,6,Brisepaille,46.912286,1.330622,12,1,1
202100017846,169Â 720,A01,10,3,1,5,8,-1,-1,3,4,1,2021,62.0,1,2,0,1,1,1,1,,4,REDON (DE),0,,2,2,0,1,(1),(1),3,, -1,1,0,1,50,20,9,2021,17:40,1,35,35238,2,3,0,6,REDON (DE),48.10808,-1.691456,17,2,1
202100000090,201Â 588,B01,1,1,1,5,8,0,-1,-1, -1,-1,2021,14.0,3,1,0,2,3,19,5,,3,ST LOUIS(PLACE),0,,1,2,0,1,0,0,1,, -1,1,5,1,50,13,10,2021,13:25,1,38,38544,2,7,0,6,ST LOUIS(PLACE),45.52793,4.87396,13,2,2
202100031934,144Â 663,A01,1,1,1,5,2,6,-1,0,0,-1,2021,57.0,1,1,13,2,8,13,1,,3,2202,-1,,2,2,0,2,49,0,3,, -1,1,0,1,80,29,6,2021,14:50,1,4,4202,1,1,0,3,RD 2202,43.99777,6.776955,14,2,2
202100016343,172Â 420,A01,1,1,1,4,1,0,-1,-1, -1,-1,2021,39.0,2,4,0,2,1,1,1,,1,RN104,0,,3,2,0,1,13,0,1,, -1,1,0,1,90,29,9,2021,12:45,1,77,77294,1,1,0,4,RN104,48.9579257245,2.6243545389,12,3,3
202100026976,153Â 492,A01,1,1,1,5,0,-1,-1,0,0,-1,2021,51.0,3,1,0,0,0,1,5,,4,4,-1,,-1,2,0,2,(1),(1),1,, -1,1,0,1,30,10,7,2021,11:30,1,88,88505,1,1,0,7,lieu dit Thiriville,48.175004,6.845974,11,1,1
202100001059,199Â 868,A01,2,2,2,5,8,0,-1,0,0,-1,2021,20.0,1,1,0,2,8,1,3,,4,RUE BOURSAULT,0,,-1,1,1,1,(1),(1),1,, -1,1,-1,5,30,28,12,2021,21:20,5,75,75117,2,2,0,3,RUE BOURSAULT,48.886202,2.317745,21,3,2
202100053949,105Â 318,A01,3,2,2,5,1,8,-1,-1, -1,-1,2021,46.0,0,2,0,2,3,1,1,,6,SABLIERE (ROUTE DE LA),0,,-1,-1,0,1,(1),(1),1,, -1,1,0,1,30,23,1,2021,16:00,1,13,13211,2,1,0,3,SABLIERE (ROUTE DE LA),43.2935439101,5.4792755842,16,5,2
202100056053,101Â 693,A01,10,3,1,2,0,-1,-1,3,3,1,2021,12.0,1,2,0,1,2,1,1,,4,,0,,2,2,0,1,0,0,1,0,"5,4",1,0,1,50,5,1,2021,13:30,1,16,16102,2,1,0,6,65 Rue de Cagouillet,45.697095,-0.322549,13,2,1
202100048683,114Â 734,A01,1,1,1,0,2,0,-1,-1, -1,-1,2021,22.0,2,1,0,2,8,26,1,,4,NATIONAL (BOULEVARD),0,,2,2,0,1,(1),(1),1,, -1,1,0,1,50,9,3,2021,23:00,5,13,13203,2,2,0,3,NATIONAL (BOULEVARD),43.3057046244,5.3838738574,23,2,2