Num_Acc,id_vehicule,num_veh,place,catu,sexe,trajet,secu1,secu2,secu3,locp,actp,etatp,year_acc,victim_age,senc,catv,obs,obsm,choc,manv,motor,occutc,catr,voie,v1,v2,circ,nbv,vosp,prof,pr,pr1,plan,lartpc,larrout,surf,infra,situ,vma,jour,mois,an,hrmn,lum,dep,com,agg_,int,atm,col,adr,lat,long,hour,nb_victim,nb_vehicules
202100036586,136Â 316,B01,1,1,1,5,1,-1,-1,-1,0,-1,2021,25.0,3,2,0,2,2,1,1,,4,EMBELLIE (AVENUE DE L'),0,,2,2,0,1,(1),(1),1,, -1,1,0,1,50,2,6,2021,12:35,1,95,95127,2,2,0,3,EMBELLIE (AVENUE DE L'),49.04643,2.02945,12,5,2
202100032839,143Â 078,A01,1,1,1,4,2,6,-1,-1, -1,-1,2021,25.0,3,1,0,2,1,9,1,,4,DIX HUIT JUIN (PLACE DU),0,,1,1,0,1,(1),(1),1,, -1,1,5,1,50,15,6,2021,14:35,1,78,78158,2,6,0,3,DIX HUIT JUIN (PLACE DU),48.8278,2.12043,14,2,2
202100013292,177Â 981,A01,10,3,2,9,0,-1,-1,3,3,1,2021,72.0,2,2,0,1,2,16,2,,4,ALEXIS CARREL (RUE),0,,2,2,0,2,0,0,1,, -1,1,0,1,50,13,10,2021,11:00,1,13,13204,2,3,0,1,ALEXIS CARREL (RUE),43.31125,5.4013,11,2,1
202100045951,119Â 617,B01,1,1,2,0,1,-1,-1,-1, -1,-1,2021,37.0,2,2,0,2,3,1,1,,3,783,0,,3,4,0,2,0,750,1,, -1,1,0,1,70,29,3,2021,11:40,1,29,29232,2,1,0,3,Boulevard Flandres Dunkerque1940,47.980035,-4.0845222469,11,2,2
202100023781,159Â 114,A01,1,1,1,5,2,6,-1,0,0,-1,2021,20.0,2,1,0,0,8,2,1,,7,D20,0,,2,2,0,1,6,24,2,, -1,1,0,1,50,17,8,2021,15:45,1,31,31490,2,6,0,7,Route de Saint-Caprais,43.744169,1.3654,15,1,1
202100039958,130Â 164,B01,1,1,1,0,2,6,-1,0,0,-1,2021,53.0,2,1,0,2,1,17,1,,4,PAGNOL (BOULEVARD MARCEL),0,,2,2,0,1,(1),(1),1,, -1,2,0,1,50,14,5,2021,15:35,1,6,6069,2,1,1,3,PAGNOL (BOULEVARD MARCEL),43.644497,6.946814,15,2,2
202100027299,152Â 933,A01,7,2,2,5,1,-1,-1,0,0,-1,2021,5.0,2,2,0,0,4,23,1,,4,,-1,,2,2,0,3,(1),(1),2,,4,1,0,1,50,23,7,2021,18:00,1,69,69089,2,1,0,2,BELVEDERE (DU) (CHM),45.73205,4.745769,18,5,2
202100022648,161Â 137,A01,10,3,1,0,0,-1,-1,3,3,1,2021,15.0,3,2,0,1,1,1,2,,4,CREISSEL (BOULEVARD DE),0,,2,2,0,1,(1),(1),1,, -1,1,9,1,50,19,8,2021,17:30,1,11,11262,2,1,0,6,CREISSEL (BOULEVARD DE),43.177961,3.029141,17,2,1
202100006963,189Â 319,A01,1,1,1,5,1,-1,-1,0,0,-1,2021,44.0,1,2,13,0,3,1,1,,3,514,0,,2,2,0,1,57,500,1,, -1,2,0,3,80,22,11,2021,01:30,3,14,14172,1,1,0,6,D514,49.338008,-0.721321,1,1,1
202100032232,144Â 147,A01,1,1,2,1,1,0,-1,-1, -1,-1,2021,25.0,1,2,3,0,8,1,1,,1,A86 EXT,0,,1,3,0,1,42,599,2,, -1,2,0,2,90,26,6,2021,04:05,5,94,94081,1,1,1,6,A86 EXT,48.77667,2.41695,4,1,1
202100021746,162Â 760,A01,2,2,1,5,1,0,-1,-1, -1,-1,2021,23.0,2,2,0,0,1,12,1,,1,AUTOROUTE A1,0,,3,9,0,1,8,199,1,, -1,1,0,1,110,30,8,2021,14:10,1,93,93013,1,1,0,6,AUTOROUTE A1,48.94082,2.42538,14,2,1
202100036459,136Â 529,B01,1,1,1,5,1,0,-1,0,0,-1,2021,19.0,0,2,0,2,1,1,1,,4,,0,,2,2,0,1,(1),(1),1,, -1,1,0,1,50,4,6,2021,18:10,1,6,6069,2,1,0,1,ROUQUIER (BOULEVARD EMMANUEL),43.625379,6.935028,18,2,2
202100011529,181Â 109,B01,1,1,1,4,2,6,-1,-1, -1,-1,2021,53.0,2,1,0,2,8,1,1,,4,TONY GARNIER                        (AV),0,,3,6,0,1,(1),(1),1,, -1,1,5,1,50,22,10,2021,14:30,1,69,69387,2,2,0,3,TONY GARNIER                        (AV),45.72664,4.83037,14,2,2
202100014173,176Â 358,B01,1,1,1,5,1,0,-1,-1, -1,-1,2021,46.0,3,2,0,2,4,1,1,,9,ROOSEVELT (BD FRANKLIN),0,,2,2,0,1,(1),(1),1,, -1,1,0,1,50,9,10,2021,17:40,1,35,35238,2,1,0,4,ROOSEVELT (BD FRANKLIN),48.09698,-1.65847,17,3,3
202100013191,178Â 164,A01,1,1,2,5,1,-1,-1,-1, -1,-1,2021,84.0,1,2,0,2,1,2,1,,2,ROUTE NATIONALE 230,0,,3,8,0,1,44,99,1,, -1,1,0,1,90,15,10,2021,18:10,1,33,33249,1,1,0,2,ROUTE NATIONALE 230,44.882968,-0.511536,18,2,2
202100006452,190Â 265,B01,1,1,1,3,8,0,-1,-1, -1,-1,2021,76.0,1,1,0,2,4,26,5,,4,GRASSE(RUE DE),0,,2,0,0,1,0,0,1,, -1,1,0,1,50,24,11,2021,11:20,1,2,2738,2,1,1,2,GRASSE(RUE DE),49.660536,3.279146,11,2,2
202100030355,147Â 502,B01,1,1,2,5,2,0,-1,-1, -1,-1,2021,16.0,2,1,0,2,1,2,1,,4,ADOUR (AVENUE DE L'),0,,2,2,0,1,0,0,1,, -1,1,0,1,50,5,7,2021,19:00,1,64,64024,2,3,0,3,ADOUR (AVENUE DE L'),43.52005,-1.50219,19,2,2
202100039592,130Â 815,B01,1,1,1,1,2,0,-1,-1, -1,-1,2021,34.0,1,1,0,2,8,1,1,,4,PRADO (AVENUE DU),0,,2,6,0,1,(1),(1),1,, -1,1,0,1,50,13,5,2021,17:40,1,13,13208,2,1,0,3,PRADO (AVENUE DU),43.269431,5.386562,17,2,2
202100022612,161Â 197,B01,2,2,2,5,2,8,-1,-1, -1,-1,2021,36.0,1,1,0,2,8,1,1,,3,NEGUEBOUS (CHEMIN DE),0,,2,2,0,1,0,0,3,, -1,1,5,1,70,22,8,2021,01:15,3,66,66136,1,2,0,1,NEGUEBOUS (CHEMIN DE),42.7110101148,2.8750398035,1,3,2
202100025597,155Â 927,B01,1,1,1,1,8,0,-1,-1, -1,-1,2021,44.0,2,1,0,2,3,1,5,,4,,0,,2,3,1,1,(1),(1),1,, -1,1,0,1,50,2,8,2021,09:05,1,67,67482,2,3,0,3,VOSGES (AVENUE DES),48.5879,7.757226,9,2,2
202100032259,144Â 102,A01,10,3,1,0,0,-1,-1,3,3,1,2021,69.0,0,2,0,1,3,15,1,,4,BOURRAT BOULEVARD JEAN,0,,-1,-1,0,2,0,0,2,, -1,1,0,8,50,25,6,2021,07:15,1,66,66136,2,1,0,6,BOURRAT BOULEVARD JEAN,42.69865,2.90459,7,2,1
202100048884,114Â 380,A01,10,3,2,0,0,-1,-1,2,3,1,2021,16.0,2,1,0,1,1,21,1,,7,D751,0,A,2,2,0,1,5,0,1,, -1,1,9,1,50,6,3,2021,16:45,1,44,44018,2,9,0,6,103 Rue de Nantes,47.141931,-1.671982,16,2,1
202100055954,101Â 869,B01,1,1,1,0,1,8,-1,-1, -1,-1,2021,41.0,1,2,0,0,4,0,1,,4,PARMENTIER (RUE) COTE NÂ° PAIRS,0,,2,2,0,1,0,0,1,, -1,2,0,1,50,7,1,2021,00:15,5,93,93072,2,3,1,2,PARMENTIER (RUE) COTE NÂ° PAIRS,48.9677497764,2.3739831316,0,2,2
202100024913,157Â 129,B01,1,1,1,0,8,0,-1,-1, -1,-1,2021,42.0,3,0,1,2,1,0,0,,4,GARDINOUX (RUE DES),0,,2,1,0,1,0,0,1,, -1,1,0,1,50,9,8,2021,15:00,1,93,93001,2,1,0,3,GARDINOUX (RUE DES),48.90664,2.369531,15,2,2
202100035715,137Â 872,A01,10,3,2,0,0,-1,-1,3,3,1,2021,71.0,1,2,0,1,1,26,1,,7,SAINT MESMIN (AVENUE DE ),0,,2,2,0,1,92,810,1,, -1,1,0,1,50,7,6,2021,16:05,1,45,45234,2,1,0,6,31 Avenue de Saint-Mesmin,47.89045,1.89701,16,2,1
202100050853,110Â 783,C01,1,1,1,5,1,1,-1,0,0,-1,2021,42.0,1,2,0,2,4,23,1,,4,RUE GEORGES CLEMENCEAU,0,,1,3,0,1,0,0,1,, -1,1,0,1,50,17,2,2021,19:35,5,988,98818,2,4,0,4,RUE GEORGES CLEMENCEAU/RUE DU CAPITAINE ROBINEAU,-22.27693,166.44215,19,4,4
202100011677,180Â 853,A01,10,3,2,0,0,-1,-1,1,3,1,2021,25.0,2,4,0,1,3,1,1,,3,985,0,,2,2,0,1,1,0,1,, -1,1,6,1,50,22,10,2021,10:14,1,92,92073,2,1,0,6,SELLIER (BOULEVARD HENRI),48.864483,2.218907,10,2,1
202100013978,176Â 716,A01,1,1,1,-1,0,-1,-1,-1, -1,-1,2021,28.0,3,2,0,2,1,1,-1,,4,,-1,,2,2,-1,1,(1),(1),1,,4,1,0,1,-1,28,5,2021,14:40,1,32,32013,2,1,0,1,AIME CESAIRE(RUE),43.66553,0.61622,14,2,2
202100028435,150Â 889,B01,2,2,1,5,1,0,-1,-1, -1,-1,2021,21.0,2,2,0,2,0,0,1,,1,10,0,,3,0,0,1,1,899,1,, -1,1,0,1,90,18,7,2021,16:00,1,92,92002,1,1,0,2,AUTOROUTE A10,48.729831923,2.3073863983,16,3,2
202100000701,200Â 460,A01,1,1,2,0,1,5,-1,-1, -1,-1,2021,58.0,2,5,0,2,1,13,1,,2,RN 102,0,,2,2,0,2,42,500,3,, -1,1,0,1,70,22,12,2021,13:20,1,7,7019,1,1,0,1,RN 102,44.63565,4.37865,13,2,2
202100008820,185Â 980,B01,1,1,1,1,1,0,-1,-1, -1,-1,2021,52.0,0,2,0,2,4,1,1,,1,A55-Sens Martigues vers Marseille,0,,3,3,0,1,36,0,1,, -1,1,0,1,90,9,11,2021,06:00,3,13,13056,1,1,0,2,A55-Sens Martigues vers Marseille,43.3986139615,5.0456857681,6,2,2
202100020279,165Â 387,A01,1,1,2,0,8,-1,-1,-1, -1,-1,2021,73.0,0,1,0,2,7,19,5,,4,CHEZEL (RUE CLOVIS),0,,2,2,0,1,(1),(1),1,, -1,1,0,1,50,6,9,2021,09:55,1,51,51454,2,2,0,3,Rue Clovis Chezel,49.2415999633,4.0352492439,9,2,2
202100039488,131Â 024,A01,1,1,1,4,1,5,-1,-1, -1,-1,2021,45.0,2,2,1,0,1,13,1,,3,WASHINGTON (BOULEVARD),0,,2,4,0,3,10,0,1,, -1,2,0,4,50,18,5,2021,01:30,5,92,92073,2,1,0,6,WASHINGTON (BOULEVARD),48.8767533862,2.2171112895,1,1,1
202100019677,166Â 476,B01,1,1,1,5,2,6,-1,-1, -1,-1,2021,49.0,3,1,0,2,5,1,1,,4,HEURTELOUP (BOULEVARD),0,,2,4,0,1,(1),(1),3,, -1,1,0,1,50,9,9,2021,09:39,1,37,37261,2,6,0,6,HEURTELOUP (BOULEVARD),47.3946129074,0.7045079023,9,2,2
202100010731,182Â 547,A01,4,2,1,5,1,0,-1,0,0,-1,2021,7.0,1,2,0,2,1,2,1,,4,PORTE DE CLIGNANCOURT,0,,1,4,0,1,22,300,1,, -1,1,0,1,70,27,10,2021,11:15,1,75,75118,2,1,0,4,PORTE DE CLIGNANCOURT,48.901013,2.349407,11,5,4
202100037249,135Â 098,B01,2,2,1,2,1,-1,-1,-1, -1,-1,2021,16.0,1,2,0,2,3,1,1,,4,RUE ROGER SALENGRO,0,,2,2,0,1,(1),(1),1,, -1,1,0,1,30,31,5,2021,08:40,1,33,33167,2,2,0,3,Rue Roger Salengro,44.83998,-0.53912,8,6,2
202100036278,136Â 832,A01,10,3,1,3,0,-1,-1,2,3,1,2021,80.0,1,1,0,1,1,17,0,,3,ALBERT-DHALENNE (RUE),0,,1,2,0,1,0,0,1,, -1,1,9,8,50,27,5,2021,16:50,1,93,93070,2,1,0,1,ALBERT-DHALENNE (RUE),48.91741,2.329849,16,2,1
202100052304,108Â 221,A01,10,3,1,3,0,-1,-1,3,3,1,2021,74.0,2,2,0,1,1,1,1,,4,Rue Georges Philippot,0,,2,2,0,1,(1),(1),2,, -1,2,0,1,50,3,2,2021,09:55,1,59,59650,2,1,1,6,PHILIPPOT (RUE GEORGES),50.71087,3.20685,9,2,1
202100013334,177Â 912,A01,10,3,2,0,0,-1,-1,1,3,2,2021,3.0,1,2,0,1,1,1,1,,3,FRANCE (AV. ANATOLE) DE 32 A 56,0,,1,1,0,1,1,0,1,, -1,1,0,1,30,14,10,2021,17:00,1,93,93010,2,1,0,6,FRANCE (AV. ANATOLE) DE 32 A 56,48.89453,2.4992,17,2,1
202100026175,154Â 909,A01,1,1,1,5,2,6,9,0,0,-1,2021,31.0,1,1,13,0,0,17,1,,3,941,-1,,2,2,0,1,73,600,1,, -1,1,0,8,80,31,7,2021,12:20,1,28,28211,1,1,0,6,D941,48.158315,1.263111,12,1,1
202100043421,124Â 048,A01,10,3,2,0,0,-1,-1,3,3,1,2021,75.0,3,2,0,1,3,1,1,,3,MONT VENTOUX AVENUE DU,0,,2,2,0,1,0,0,1,, -1,1,0,1,50,17,4,2021,11:20,1,84,84031,2,1,0,6,MONT VENTOUX AVENUE DU,44.05572,5.05229,11,2,1
202100053594,105Â 918,B01,1,1,2,5,1,4,-1,-1, -1,-1,2021,69.0,3,2,0,2,7,2,1,,4,LARREY,0,,2,2,2,1,1,0,1,, -1,1,0,1,30,25,1,2021,10:45,1,49,49007,2,3,0,3,LARREY,47.48086,-0.55456,10,2,2
202100040932,128Â 456,A01,1,1,2,0,1,0,-1,-1, -1,-1,2021,49.0,3,2,0,2,8,15,1,,4,PONT ROUGE (BOULEVARD DU),0,,-1,2,0,2,(1),(1),1,, -1,1,0,1,50,7,5,2021,18:45,1,15,15014,2,1,0,3,PONT ROUGE (BOULEVARD DU),44.92737,2.44809,18,2,2
202100008799,186Â 022,A01,1,1,1,5,2,6,-1,0,0,-1,2021,39.0,2,1,0,2,8,13,1,,3,17,0,D,2,2,0,1,11,540,3,, -1,1,0,1,80,9,11,2021,17:34,3,88,88446,1,1,0,5,Rue Chanterelle,48.199158,5.812771,17,3,3
202100051464,109Â 710,A01,1,1,1,3,1,-1,-1,0,0,-1,2021,83.0,1,2,6,0,3,13,1,,3,116,-1,,2,2,0,1,18,473,3,, -1,1,0,3,70,15,2,2021,20:10,5,33,33225,2,1,0,6,Arrougeys,44.561242,-0.38924,20,1,1
202100000345,201Â 100,A01,1,1,2,5,1,0,-1,-1, -1,-1,2021,53.0,1,2,0,2,8,2,1,,1,A507 sens Marseille - Aubagne,0,,1,4,0,1,7,775,1,, -1,1,1,1,70,24,12,2021,19:20,5,13,13055,1,1,1,3,A507 sens Marseille - Aubagne,43.2918034515,5.4242679208,19,2,2
202100006301,190Â 533,B01,1,1,2,9,8,0,-1,0,0,-1,2021,51.0,1,1,0,2,3,1,5,,4,RUE DE BOURGOGNE,0,,1,1,0,1,(1),(1),1,, -1,2,0,1,30,25,11,2021,17:25,2,75,75107,2,2,1,2,RUE DE BOURGOGNE,48.857566,2.317533,17,2,2
202100032035,144Â 486,A01,2,2,1,5,0,-1,-1,0,0,-1,2021,48.0,1,2,0,0,0,26,1,,3,D912,0,A,2,2,0,1,28,10,1,, -1,1,0,1,90,25,6,2021,23:13,3,23,23137,1,1,0,7,"Lieu-dit Montbaron, D912A1, PK 28+010",46.102247,1.65724,23,2,1
202100002038,198Â 151,C01,1,1,1,9,2,6,-1,0,0,-1,2021,34.0,1,1,0,2,7,3,1,,4,QUAI D ISSY LES MOULINEAUX,0,,1,4,0,1,10,100,1,, -1,1,2,1,70,20,12,2021,08:50,2,75,75115,2,1,0,5,QUAI D ISSY LES MOULINEAUX,48.834914,2.265397,8,4,3
202100025821,155Â 535,B01,1,1,2,4,1,-1,-1,0,0,-1,2021,29.0,2,4,3,2,1,6,1,,1,81,0,A,3,4,0,1,253,600,1,, -1,2,0,1,130,3,8,2021,23:05,3,53,53201,1,1,1,5,PK 253.600,48.096275,-0.854161,23,7,3
202100012920,178Â 638,A01,1,1,1,5,2,-1,-1,0,0,-1,2021,18.0,1,1,0,0,8,1,1,,3,,-1,,2,2,0,2,(1),(1),1,,"6,7",1,8,1,50,15,10,2021,19:30,5,79,79079,2,1,0,7,20 Rue du Cardinal de Sourdis,46.919673,-0.743707,19,1,1
202100028375,150Â 988,A01,2,2,2,5,2,6,-1,0,0,-1,2021,54.0,1,1,0,0,0,26,1,,4,1,-1,,2,2,0,1,(1),(1),1,, -1,1,0,1,50,18,7,2021,11:40,1,46,46165,2,1,0,7,route de la prairie,44.797124,1.759427,11,2,1
202100009806,184Â 169,A01,10,3,2,5,0,-1,-1,4,3,1,2021,59.0,2,1,0,1,2,1,1,,4,BOULEVARD BRUNE,0,,1,2,1,1,(1),(1),1,, -1,1,0,1,50,2,11,2021,19:20,5,75,75114,2,2,0,6,BOULEVARD BRUNE,48.824651,2.319527,19,2,1
202100027427,152Â 693,A01,1,1,1,5,2,6,9,0,0,-1,2021,48.0,2,1,0,0,3,9,1,,3,957,0,D,3,2,0,1,48,500,3,, -1,8,0,4,80,23,7,2021,17:45,1,41,41078,1,6,0,6,D957,47.898848,0.932593,17,2,1
202100031226,145Â 925,A01,1,1,1,0,1,-1,-1,0,0,-1,2021,28.0,2,2,0,2,1,13,1,,3,938,0,D,2,2,0,2,(1),(1),3,, -1,2,0,1,80,4,7,2021,09:20,1,84,84116,1,1,1,1,1835 Route de Nyons,44.262531,5.100854,9,2,2
202100024375,158Â 113,A01,1,1,1,0,1,-1,-1,0,0,-1,2021,86.0,3,2,0,2,7,19,1,,3,751,0,D,2,2,0,1,27,224,3,,5,1,0,1,80,10,8,2021,18:10,1,44,44133,1,2,0,3,D751,47.131381,-1.809016,18,3,2
202100031093,146Â 165,A01,2,2,2,5,2,0,-1,-1, -1,-1,2021,17.0,2,1,12,0,7,1,1,,3,ERMITAGE (AVENUE DE L'),0,,2,2,0,2,2,39,1,, -1,1,0,1,50,2,7,2021,15:05,1,43,43089,2,1,0,6,42 Avenue de lââHermitage,45.05506,3.86469,15,2,1
202100002588,197Â 158,B01,1,1,1,9,2,0,-1,-1, -1,-1,2021,67.0,2,1,0,2,7,3,1,,3,15EME CORPS (AVE DU),0,,2,2,0,1,27,500,1,, -1,1,0,1,50,16,12,2021,14:50,1,83,83137,2,1,0,3,15EME CORPS (AVE DU),43.12852,5.91271,14,2,2
202100043390,124Â 104,B01,1,1,1,0,8,-1,-1,0,0,-1,2021,34.0,0,2,0,2,1,2,1,,2,86,0,,2,2,0,1,0,500,1,, -1,1,0,1,80,16,4,2021,05:15,3,84,84063,1,9,0,3,N86,44.270806,4.698758,5,2,2
202100018170,169Â 131,A01,10,3,2,5,0,-1,-1,3,3,1,2021,81.0,2,1,1,1,1,1,5,,4,COURS DE VINCENNES,0,,1,1,0,1,(1),(1),1,, -1,1,0,1,30,18,9,2021,16:25,1,75,75120,2,1,0,6,COURS DE VINCENNES,48.848252,2.4008,16,2,1
202100008687,186Â 209,B01,1,1,1,5,2,6,-1,-1,0,-1,2021,45.0,3,1,0,2,1,1,1,,4,VALERY (AVEUE PAUL),0,,2,2,0,1,(1),(1),1,, -1,1,0,1,50,6,11,2021,20:50,5,95,95585,2,1,0,1,VALERY (AVEUE PAUL),48.98028,2.37366,20,2,2
202100010297,183Â 299,A01,10,3,1,5,0,-1,-1,1,3,2,2021,34.0,1,2,0,1,2,26,1,,3,CD 937,0,,2,3,0,1,23,60,1,, -1,1,0,1,50,28,10,2021,22:45,3,62,62848,2,1,0,6,CD 937,50.506774,2.650584,22,2,1
202100028669,150Â 471,B01,1,1,1,0,2,6,-1,-1, -1,-1,2021,20.0,2,1,0,2,7,3,1,,3,ROCADE NORD - RD 6113,0,,2,2,0,1,57,0,1,, -1,1,0,1,80,16,7,2021,14:56,1,11,11069,1,1,0,3,ROCADE NORD - RD 6113,43.2271,2.33243,14,3,2
202100026215,154Â 842,A01,1,1,1,5,1,-1,-1,0,0,-1,2021,31.0,1,2,6,0,3,1,1,,3,17,0,D,2,2,0,1,16,400,3,, -1,1,0,4,50,31,7,2021,00:10,5,30,30037,2,1,0,6,D17,44.29545,4.075456,0,1,1
202100032051,144Â 461,A01,1,1,1,5,0,-1,-1,0,0,-1,2021,32.0,2,2,3,0,1,1,1,,3,1089,-1,,2,2,0,1,74,700,1,, -1,2,5,1,90,27,6,2021,02:30,3,19,19085,1,6,0,7,Rond point sortie 21 - A89 sur RD 1089,45.3217484764,1.8497371674,2,1,1
202100025463,156Â 149,A01,1,1,2,5,1,0,-1,-1, -1,-1,2021,20.0,1,2,0,2,1,2,1,,4,,0,,2,2,3,1,(1),(1),1,, -1,1,0,1,50,5,8,2021,09:30,1,15,15014,2,1,0,4,LECLERC (AVENUE DU GENERAL),44.906349,2.450113,9,4,3
202100020803,164Â 463,A01,1,1,2,5,1,0,-1,-1, -1,-1,2021,26.0,2,2,0,2,4,2,1,,1,A55-Sens Martigues vers Marseille,0,,-1,3,0,2,6,0,2,, -1,2,0,1,90,3,9,2021,19:30,1,13,13216,1,1,1,2,A55-Sens Martigues vers Marseille,43.3479963424,5.3448970312,19,2,2
202100052611,107Â 679,B01,1,1,1,0,2,-1,-1,0,0,-1,2021,44.0,1,1,0,2,1,1,1,,3,940,-1,,2,2,0,2,47,681,1,, -1,1,5,1,50,4,2,2021,17:30,2,76,76255,2,3,0,3,D1015,50.05715,1.42134,17,2,2
202100053025,106Â 942,A01,2,2,1,5,1,-1,-1,0,0,-1,2021,22.0,2,2,0,2,3,26,1,,3,200,0,D,2,2,0,3,5,350,2,, -1,2,2,1,90,29,1,2021,22:00,3,60,60409,1,1,1,1,D200,49.286815,2.469006,22,3,2
202100054900,103Â 676,Z01,10,3,1,0,8,8,-1,6,B,1,2021,92.0,2,2,0,1,1,1,0,,1,VA007333 LA FAOURETTE A620 Sortie 26,0,,1,1,0,2,9,856,1,, -1,2,0,1,50,15,1,2021,02:30,3,31,31555,1,1,0,6,VA007333 LA FAOURETTE A620 Sortie 26,43.57399,1.40992,2,2,1
202100038641,132Â 565,B01,2,2,2,0,2,6,-1,-1, -1,-1,2021,20.0,2,1,0,2,1,1,1,,4,PAIX (RUE DE LA),0,,2,2,2,1,(1),(1),1,, -1,1,0,1,50,23,5,2021,12:20,1,10,10387,2,2,0,3,PAIX (RUE DE LA),48.30959,4.06127,12,3,2
202100013259,178Â 040,A01,1,1,1,2,8,0,-1,-1, -1,-1,2021,13.0,1,1,0,0,0,19,5,,4,VERNE,0,,1,1,0,1,1,0,1,, -1,1,0,1,50,13,10,2021,12:26,1,49,49007,2,1,0,7,VERNE,47.44612,-0.5621,12,1,1
202100021010,164Â 106,B01,1,1,1,3,2,6,-1,-1, -1,-1,2021,25.0,1,1,0,2,1,1,0,,4,PAGNOL (CHEMIN MARCEL),0,,2,2,0,1,0,0,1,, -1,1,9,1,30,31,8,2021,18:00,1,83,83062,2,1,0,3,PAGNOL (CHEMIN MARCEL),43.1222542163,5.9917083525,18,2,2
202100048197,115Â 606,B01,1,1,1,5,0,-1,-1,0,0,-1,2021,32.0,0,1,0,2,1,1,1,,4,,-1,,2,2,0,1,(1),(1),1,, -1,1,0,1,50,14,3,2021,00:20,5,973,97307,2,1,0,1,Rue des Negociants,4.87875,-52.320135,0,2,2
202100048054,115Â 848,A01,7,2,1,3,1,-1,-1,0,0,-1,2021,19.0,1,2,13,2,1,1,1,,3,3,-1,D,2,2,0,1,54,500,2,, -1,2,0,1,80,15,3,2021,13:30,1,24,24157,1,1,1,1,D3,45.096421,0.43668,13,4,2
202100051440,109Â 751,A01,1,1,1,5,8,0,-1,-1, -1,-1,2021,31.0,3,2,13,0,0,0,1,,4,PONTREAU   CHEMIN DU,0,,2,2,0,1,(1),(1),2,, -1,1,9,8,50,7,2,2021,18:23,3,17,17028,1,1,0,7,PONTREAU   CHEMIN DU,46.116889,-1.119101,18,2,1
202100017499,170Â 346,A01,10,3,1,2,0,-1,-1,2,5,1,2021,14.0,1,2,0,1,1,1,1,,4,BOULEVARD MASSENA,0,,2,4,0,1,(1),(1),1,, -1,1,0,1,30,22,9,2021,08:30,1,75,75113,2,1,0,6,BOULEVARD MASSENA,48.820773,2.366741,8,3,1
202100050542,111Â 351,A01,1,1,1,5,1,0,-1,-1,0,-1,2021,31.0,1,2,3,5,1,1,1,,2,RN 104,0,,3,4,0,1,2,800,1,, -1,1,0,1,90,23,2,2021,01:30,3,95,95151,1,1,0,6,RN 104,49.06275,2.27474,1,1,1
202100023898,158Â 917,A01,1,1,2,0,8,-1,-1,0,0,-1,2021,38.0,1,2,13,0,2,14,1,,2,RN814,0,,3,4,0,1,1,0,3,, -1,1,0,3,90,15,8,2021,06:01,4,14,14341,2,1,0,6,N814,49.14628,-0.32941,6,1,1
202100049082,114Â 027,A01,1,1,1,5,8,0,-1,-1, -1,-1,2021,20.0,1,1,15,0,8,1,1,,4,SANTOS DUMONT,0,,2,2,0,1,(1),(1),3,, -1,1,9,4,50,1,3,2021,11:30,1,62,62193,2,9,0,7,SANTOS DUMONT,50.950517,1.894272,11,1,1
202100004414,193Â 869,B01,2,2,2,0,2,0,-1,-1, -1,-1,2021,14.0,1,1,0,2,7,1,1,,3,AV DU MAL DE LATTRE DE TASSIGNY,0,,1,3,0,1,1,0,1,, -1,2,0,1,50,5,12,2021,18:30,5,94,94028,2,1,0,3,Av du Mal de Lattre de Tassigny,48.8003,2.45122,18,3,2
202100051850,109Â 022,A01,1,1,1,1,1,-1,-1,0,0,-1,2021,57.0,2,2,5,2,8,1,1,,3,752,0,,-1,2,0,1,21,793,3,, -1,7,0,1,80,12,2,2021,05:35,3,85,85090,1,1,0,6,Les EchardiÃ¨res,46.79911,-0.86911,5,4,2
202100018686,168Â 242,A01,1,1,1,5,1,-1,-1,0,0,-1,2021,82.0,3,2,16,9,0,26,1,,4,d952,0,,2,2,0,2,(1),(1),1,, -1,1,9,8,50,19,8,2021,11:30,1,49,49201,2,9,0,7,Route du Port Saint Maur,47.394151,-0.276659,11,1,1
202100002499,197Â 307,A01,10,3,1,0,0,-1,-1,3,3,1,2021,45.0,1,2,0,1,1,1,1,,3,D773,-1,,2,2,0,1,(1),(1),2,, -1,1,0,1,50,18,12,2021,20:20,3,56,56061,2,1,0,6,22 Rue Antoine Monteil,47.767253,-2.13042,20,2,1
202100054017,105Â 192,B01,1,1,2,0,1,0,-1,-1, -1,-1,2021,42.0,2,2,0,2,6,23,1,,1,6,0,,3,6,0,1,12,949,1,, -1,1,0,2,110,22,1,2021,23:45,3,91,91161,1,1,0,2,AUTOROUTE A6,48.708062,2.306555,23,3,2
202100023038,160Â 444,A01,1,1,1,1,2,6,-1,-1, -1,-1,2021,38.0,0,1,12,0,1,16,1,,3,RUE DE L EST,0,,2,1,0,1,0,447,3,, -1,1,0,1,50,26,7,2021,05:00,5,77,77373,2,1,0,7,RUE DE L EST,48.8044896125,2.6226757049,5,1,1
202100005417,192Â 112,A01,1,1,2,2,1,-1,-1,0,0,-1,2021,22.0,1,2,2,0,7,14,1,,3,139,0,,2,2,0,1,0,743,2,, -1,2,0,3,80,1,12,2021,12:35,1,32,32242,1,1,1,6,D139,43.422193,0.590343,12,1,1