Num_Acc,id_vehicule,num_veh,place,catu,sexe,trajet,secu1,secu2,secu3,locp,actp,etatp,year_acc,victim_age,senc,catv,obs,obsm,choc,manv,motor,occutc,catr,voie,v1,v2,circ,nbv,vosp,prof,pr,pr1,plan,lartpc,larrout,surf,infra,situ,vma,jour,mois,an,hrmn,lum,dep,com,agg_,int,atm,col,adr,lat,long,hour,nb_victim,nb_vehicules
202100003721,195Â 099,B01,1,1,1,9,1,0,-1,0,0,-1,2021,42.0,1,2,0,2,4,23,1,,4,RUE DE L OURCQ,0,,2,2,0,2,(1),(1),1,, -1,2,0,1,30,10,12,2021,09:40,1,75,75119,2,1,1,2,RUE DE L OURCQ,48.891885,2.379955,9,2,2
202100030513,147Â 221,A01,1,1,1,1,2,6,-1,-1,0,-1,2021,22.0,1,1,0,2,7,3,1,,2,RN 184,0,,3,5,0,1,9,199,1,, -1,1,0,1,90,6,7,2021,07:50,1,95,95394,1,1,0,3,RN 184,49.0514,2.18506,7,2,2
202100053710,105Â 730,B01,3,2,2,5,1,0,-1,-1, -1,-1,2021,61.0,1,2,2,0,8,1,1,,7,LYAUTEY (AVE MARECHAL),0,,-1,4,3,2,0,0,1,, -1,1,0,1,50,23,1,2021,16:41,1,83,83137,2,2,0,3,LYAUTEY (AVE MARECHAL),43.12766,5.92237,16,6,2
202100027806,152Â 012,A01,2,2,1,4,1,-1,-1,0,0,-1,2021,33.0,2,5,13,0,2,14,1,,2,24,0,,3,4,0,1,9,175,1,, -1,1,0,3,110,22,7,2021,16:30,1,56,56180,1,1,0,6,N24,47.92682,-2.21122,16,2,1
202100020996,164Â 133,B01,1,1,1,1,1,-1,-1,-1, -1,-1,2021,46.0,2,2,0,2,8,1,1,,4,,0,,3,6,3,1,(1),(1),1,, -1,1,0,1,50,3,9,2021,23:30,5,69,69382,2,2,0,3,JULES COURMONT (Q),45.7601,4.8379,23,3,2
202100033003,142Â 752,A01,1,1,1,0,8,0,-1,-1, -1,-1,2021,23.0,1,2,0,2,1,2,1,,1,A4,0,,1,5,0,1,4,300,1,, -1,2,0,1,90,19,6,2021,22:44,3,94,94069,1,1,0,4,A4,48.8169850612,2.4462833637,22,9,5
202100034864,139Â 391,A01,1,1,1,5,1,-1,-1,0,0,-1,2021,21.0,1,2,6,0,1,13,1,,7,48,0,,2,2,0,1,5,700,1,, -1,1,0,1,80,13,6,2021,06:50,2,37,37217,1,1,0,6,les barraudiÃ¨res,47.3961341466,0.4786029831,6,1,1
202100015494,174Â 007,A01,1,1,1,5,8,0,-1,-1, -1,-1,2021,21.0,2,2,1,0,2,1,1,,4,LIERS (RUE DE),0,,2,0,0,1,29,0,1,, -1,1,0,1,50,2,10,2021,09:10,1,91,91549,2,1,0,6,LIERS (RUE DE),48.62936,2.33522,9,1,1
202100013769,177Â 098,A01,10,3,1,4,8,-1,-1,1,2,1,2021,72.0,0,5,0,1,1,1,1,,7,6,0,D,2,2,0,1,(1),(1),2,, -1,1,2,1,50,12,10,2021,23:30,5,38,38485,2,1,0,6,21 Avenue Pierre de Coubertin,45.173403,5.67913,23,2,1
202100008889,185Â 851,B01,1,1,1,5,2,-1,-1,0,0,-1,2021,31.0,2,1,0,2,1,1,1,,3,58,-1,,2,2,0,1,0,952,1,, -1,1,0,1,80,3,10,2021,14:30,1,85,85047,1,3,0,3,la petite bÃ©netiÃ¨re,46.805615,-1.800615,14,2,2
202100013807,177Â 017,A01,1,1,1,0,2,0,-1,-1, -1,-1,2021,21.0,2,1,0,0,0,1,1,,4,CORZENT (ROUTE),0,,2,2,0,1,0,0,1,, -1,1,0,1,50,17,6,2021,16:09,1,74,74013,2,1,0,7,CORZENT (ROUTE),46.35659,6.43447,16,2,2
202100025988,155Â 225,B01,1,1,1,1,2,8,-1,-1, -1,-1,2021,28.0,1,1,0,2,8,1,1,,4,GRANDE BRETAGNE (AV DE) DU 39AU 306,0,,2,4,0,1,(1),(1),1,, -1,2,0,1,50,1,8,2021,05:10,5,31,31555,2,1,1,3,GRANDE BRETAGNE (AV DE) DU 39AU 306,43.603664,1.406855,5,2,2
202100048432,115Â 187,B01,1,1,2,9,2,0,-1,0,0,-1,2021,36.0,1,0,0,2,8,1,3,,4,AVENUE DE WAGRAM,0,,2,6,1,1,(1),(1),1,, -1,1,-1,5,50,11,3,2021,18:20,1,75,75117,2,1,0,3,AVENUE DE WAGRAM,48.877302,2.297602,18,2,2
202100037831,134Â 033,A01,10,3,1,9,0,-1,-1,5,1,1,2021,67.0,2,3,0,1,7,1,3,,4,BOULEVARD NEY,0,,-1,1,3,1,(1),(1),1,, -1,1,-1,6,50,28,5,2021,08:15,1,75,75118,2,1,0,6,BOULEVARD NEY,48.897648,2.330416,8,2,1
202100006698,189Â 810,A01,10,3,1,0,0,-1,-1,1,3,1,2021,50.0,1,2,0,1,1,26,1,,7,ANDRÃ ROUSSIN (AVENUE),0,,1,1,0,1,1,0,1,, -1,1,0,1,50,23,11,2021,09:07,1,13,13216,2,1,0,1,ANDRÃ ROUSSIN (AVENUE),43.35934,5.33814,9,2,1
202100010648,182Â 704,A01,1,1,2,5,8,-1,-1,0,0,-1,2021,56.0,2,1,0,0,0,0,1,,3,11,-1,A,2,2,0,1,6,750,1,,4,1,0,1,50,28,10,2021,17:30,1,9,9066,2,1,0,7,D11a,42.9601413696,1.558518441,17,1,1
202100007339,188Â 634,B01,1,1,1,1,2,6,-1,0,0,-1,2021,27.0,2,1,0,2,0,1,1,,4,RUE RAYMOND LOSSERAND,0,,1,1,0,1,(1),(1),1,, -1,1,0,1,30,19,11,2021,16:05,1,75,75114,2,3,0,7,RUE RAYMOND LOSSERAND,48.8291352692,2.3084324598,16,2,2
202100043641,123Â 669,B01,2,2,2,0,1,0,-1,-1, -1,-1,2021,27.0,1,2,0,0,0,0,0,,7,OLIVES (AVENUE DES),0,,2,4,0,1,8,400,1,, -1,2,5,1,50,17,4,2021,12:32,1,13,13213,2,1,1,2,OLIVES (AVENUE DES),43.323323,5.448615,12,3,2
202100048620,114Â 855,A01,1,1,1,0,1,-1,-1,0,0,-1,2021,37.0,1,2,8,0,7,0,1,,3,20,0,,2,2,0,1,1,560,1,, -1,1,0,3,80,8,3,2021,18:45,1,27,27214,1,1,0,6,D20,49.308907,1.410619,18,1,1
202100005251,192Â 399,A01,1,1,1,0,8,-1,-1,0,0,-1,2021,16.0,0,2,9,0,1,1,1,,3,GRAND MARAIS (RUE DU),0,,2,2,0,1,(1),(1),1,, -1,2,0,1,50,27,11,2021,04:02,5,80,80021,2,1,1,7,GRAND MARAIS (RUE DU),49.9198419863,2.2682261468,4,2,1
202100013335,177Â 911,A01,10,3,1,0,0,-1,-1,5,1,2,2021,2.0,3,2,0,1,1,9,0,,4,,0,,1,2,0,1,10,0,1,, -1,1,0,1,50,11,6,2021,18:55,1,92,92064,2,1,0,6,FOUILLEUSE (AVENUE DE),48.8606330854,2.2080668807,18,4,1
202100043289,124Â 283,B01,1,1,1,5,0,-1,-1,0,0,-1,2021,16.0,3,1,0,2,1,1,5,,3,962,-1,,2,2,0,4,(1),(1),1,, -1,1,0,1,70,22,4,2021,19:30,1,59,59534,1,2,0,3,D962,50.122791,3.893524,19,2,2
202100043181,124Â 475,Y01,10,3,2,5,0,-1,-1,1,3,1,2021,17.0,2,0,0,0,-1,1,-1,,4,ANGE MARTIN  (BOULEVARD),0,,2,1,0,1,(1),(1),1,, -1,1,0,1,50,21,4,2021,20:00,2,13,13002,2,1,0,6,ANGE MARTIN  (BOULEVARD),43.333055,5.46128,20,3,2
202100013516,177Â 568,A01,1,1,1,5,2,6,-1,-1, -1,-1,2021,17.0,2,1,0,2,1,9,1,,4,JAURES (R JEAN),0,,2,2,0,1,(1),(1),1,, -1,1,0,1,50,11,9,2021,11:00,1,62,62842,2,2,0,3,JAURES (R JEAN),50.47502,2.865458,11,3,2
202100016433,172Â 261,A01,1,1,1,1,1,0,-1,-1, -1,-1,2021,35.0,2,2,0,2,1,1,1,,1,A104,0,,1,3,0,1,23,800,1,, -1,1,0,1,90,28,9,2021,17:00,1,77,77438,1,1,0,2,A104,48.872896,2.670174,17,2,2
202100021918,162Â 447,B01,1,1,1,0,1,0,-1,-1, -1,-1,2021,44.0,2,2,0,2,1,1,1,,7,RN 27 (ROUTE DE DIEPPE),0,,2,2,3,1,18,400,1,, -1,1,0,1,50,29,8,2021,20:40,1,76,76410,2,2,0,3,RN 27 (ROUTE DE DIEPPE),49.4754,1.04819,20,2,2
202100001190,199Â 645,A01,1,1,1,5,1,0,-1,-1, -1,-1,2021,83.0,2,2,1,0,1,1,1,,4,,0,,1,1,0,1,(1),(1),1,, -1,1,0,1,50,13,12,2021,12:49,1,36,36044,2,1,0,6,110 Avenue de Verdun,46.804412,1.695034,12,1,1
202100014741,175Â 359,A01,2,2,1,0,1,5,-1,-1, -1,-1,2021,42.0,1,2,4,0,9,26,1,,1,A86,0,,1,2,0,1,78,900,2,, -1,2,1,1,90,5,10,2021,23:15,5,92,92050,1,1,0,6,A86,48.8924951011,2.186339167,23,2,1
202100046925,117Â 896,A01,1,1,1,0,1,0,-1,-1, -1,-1,2021,29.0,1,5,0,2,1,1,1,,1,12 LES IZARDS (PERIPH EST A62),0,,3,3,0,1,226,783,1,, -1,1,0,1,90,9,3,2021,18:43,3,31,31555,1,1,0,4,12 LES IZARDS (PERIPH EST A62),43.64695,1.44285,18,4,3
202100040928,128Â 463,A01,10,3,1,0,0,-1,-1,9,9,1,2021,60.0,0,2,0,1,4,20,1,,5,DASSAULT (AVE MARCEL),0,,-1,-1,0,1,(1),(1),1,, -1,2,0,1,40,29,4,2021,14:00,2,33,33281,1,1,1,6,Avenue Marcel Dassault,44.84665,-0.69555,14,2,1
202100045276,120Â 791,A01,9,2,1,5,1,-1,-1,0,0,-1,2021,12.0,2,2,0,2,5,1,1,,3,673,-1,,2,2,0,1,8,125,1,,4,1,0,1,80,4,4,2021,18:45,1,71,71004,1,2,0,3,D673,46.803381,4.940431,18,6,2
202100011350,181Â 441,B01,1,1,2,0,2,8,-1,-1, -1,-1,2021,52.0,1,1,0,2,8,17,1,,4,HEDER (place),0,,1,2,0,1,(1),(1),1,, -1,1,0,1,50,18,10,2021,10:59,1,973,97302,2,1,0,6,HEDER (place),4.94099,-52.33379,10,2,2
202100022798,160Â 853,B01,1,1,1,0,8,0,-1,-1, -1,-1,2021,55.0,2,1,0,2,5,19,5,,4,,0,,2,5,1,1,0,0,1,, -1,1,0,5,50,20,8,2021,09:50,1,67,67482,2,1,0,3,ALSACE (AVENUE D ),48.58675,7.761266,9,2,2
202100043305,124Â 255,B01,1,1,1,3,1,-1,-1,-1,0,-1,2021,57.0,3,2,0,2,3,9,1,,3,PARIS (AVENUE DE) - RD 14,0,,3,1,0,2,15,850,1,, -1,1,0,1,50,19,4,2021,12:30,1,95,95572,2,6,0,3,RD 14,49.0418182129,2.1119847894,12,2,2
202100041858,126Â 807,A01,1,1,1,5,2,6,-1,0,0,-1,2021,64.0,1,1,16,0,0,1,1,,3,43,0,D,2,2,0,1,26,750,2,, -1,2,0,3,80,1,5,2021,17:30,1,81,81105,1,1,1,7,route dÃ©partementale D43,43.791141,2.029499,17,1,1
202100024699,157Â 494,B01,3,2,1,0,1,0,-1,-1, -1,-1,2021,9.0,1,2,0,0,0,0,1,,1,13,0,,3,4,0,1,3,200,1,, -1,1,0,1,110,11,8,2021,17:30,1,92,92064,1,1,0,4,A13,48.8405738553,2.2205005028,17,5,3
202100019284,167Â 165,A01,10,3,2,3,0,-1,-1,1,1,1,2021,64.0,0,2,0,1,2,1,1,,7,67,0,A,2,2,0,2,(1),(1),1,, -1,1,0,1,50,13,9,2021,08:00,2,13,13084,2,4,0,3,route de saint anne,43.716384,5.30446,8,2,1
202100050831,110Â 821,B01,1,1,1,0,0,-1,-1,0,0,-1,2021,54.0,1,1,0,2,4,2,5,,2,1,-1,,2,2,0,1,15,800,1,, -1,1,0,1,80,20,2,2021,21:10,3,973,97305,1,1,0,2,"PK 15.800, route nationale 1",4.9406024639,-52.4118833543,21,2,2
202100038098,133Â 565,A01,1,1,1,0,2,6,-1,0,0,-1,2021,70.0,2,1,13,0,1,1,1,,3,7,-1,D,2,2,0,1,21,760,1,, -1,1,0,1,80,27,5,2021,19:30,1,72,72080,1,1,0,7,D7,48.178678,0.669994,19,1,1
202100013514,177Â 572,B01,1,1,1,0,1,0,-1,0,0,-1,2021,24.0,3,2,0,2,2,20,1,,7,MAERTE (RUE ROGER),0,,2,2,0,1,(1),(1),1,, -1,1,0,1,50,12,10,2021,22:17,5,63,63014,2,1,0,3,MAERTE (RUE ROGER),45.75857,3.12135,22,2,2
202100015600,173Â 799,A01,1,1,2,1,2,-1,-1,0,0,-1,2021,57.0,1,1,0,2,8,1,1,,4,MALEYSSIE COMTESSE DE,0,,2,2,0,1,(1),(1),1,, -1,2,5,1,50,1,10,2021,09:55,1,29,29019,2,2,1,3,Rue Comtesse de Maleyssie,48.39527,-4.46063,9,2,2
202100033252,142Â 335,A01,1,1,1,0,8,-1,-1,0,0,-1,2021,30.0,1,2,4,0,2,1,1,,3,1084,-1,,2,2,0,1,82,0,2,, -1,2,0,1,50,20,6,2021,17:37,1,1,1204,1,1,1,6,D1084,46.163515,5.700392,17,1,1
202100030233,147Â 723,A01,1,1,1,5,2,0,-1,0,0,-1,2021,20.0,2,1,0,2,1,1,5,,4,BOULEVARD JULES FERRY,0,,3,2,0,1,(1),(1),1,, -1,1,0,1,30,7,7,2021,20:35,2,75,75111,2,1,0,3,BOULEVARD JULES FERRY,48.866965,2.36838,20,2,2
202100049908,112Â 527,B01,3,2,1,0,8,0,-1,-1, -1,-1,2021,19.0,1,2,0,2,1,0,1,,4,TREFILERIE (RUE DE LA),0,,2,1,0,1,0,0,1,, -1,1,0,1,50,27,2,2021,18:30,1,93,93027,2,1,0,1,TREFILERIE (RUE DE LA),48.92433,2.40868,18,5,2
202100023505,159Â 617,A01,1,1,1,0,1,-1,-1,0,0,-1,2021,62.0,0,2,8,0,1,15,1,,3,1001,-1,,2,2,0,1,58,500,1,,7,1,0,1,50,20,8,2021,13:30,1,60,60104,2,3,0,6,Avenue du GÃ©nÃ©ral FrÃ¨re,49.632145,2.290784,13,1,1
202100011774,180Â 665,A01,10,3,1,2,0,-1,-1,4,3,1,2021,11.0,1,2,0,1,1,1,1,,4,AV DE MOUSSEAU,0,,2,3,0,1,0,0,1,, -1,1,0,1,50,14,9,2021,11:45,1,91,91228,2,2,0,6,AV DE MOUSSEAU,48.630687,2.450234,11,2,1
202100045533,120Â 354,B01,1,1,1,9,0,0,-1,-1, -1,-1,2021,22.0,2,1,0,0,0,0,1,,4,LAFAURIE (CITE),0,,2,1,0,1,(1),(1),1,, -1,1,0,1,50,1,4,2021,11:17,1,973,97302,2,9,0,6,LAFAURIE (CITE),4.9320163056,-52.3239111944,11,2,2
202100028549,150Â 688,A01,1,1,1,5,0,-1,-1,0,0,-1,2021,27.0,3,1,16,0,8,0,1,,4,,-1,,2,2,0,1,(1),(1),1,,4,1,0,1,50,18,7,2021,01:10,5,64,64519,2,1,0,7,Chemin des Lanots,43.373009,-0.360299,1,1,1
202100009606,184Â 535,B01,1,1,1,5,2,8,-1,-1, -1,-1,2021,19.0,0,1,0,2,1,1,1,,3,HUGO ( RUE VICTOR),0,,2,2,0,1,0,0,1,, -1,2,5,1,50,31,10,2021,17:55,2,24,24322,2,3,1,3,HUGO ( RUE VICTOR),45.18929,0.71299,17,2,2
202100021830,162Â 606,A01,2,2,1,1,1,-1,-1,0,0,-1,2021,25.0,2,2,16,2,6,1,1,,3,538,0,,2,2,0,2,5,630,1,, -1,1,0,1,70,29,8,2021,13:15,1,38,38157,1,1,0,3,Chez Meunier,45.507954,4.926654,13,3,2
202100023726,159Â 207,Z01,10,3,2,0,0,-1,-1,3,3,2,2021,0.0,3,2,0,1,0,0,1,,4,CHEMIN DU MERLAN A LA ROSE ,0,,2,2,0,1,0,0,1,, -1,1,0,1,50,17,8,2021,13:00,1,13,13213,2,1,0,6,CHEMIN DU MERLAN A LA ROSE ,43.3302884426,5.41268041,13,4,1
202100025631,155Â 870,A01,1,1,1,1,1,8,-1,0,0,-1,2021,46.0,1,5,0,2,1,2,1,,4,RUE DU FAUBOURG SAINT DENIS,0,,2,2,0,2,(1),(1),1,, -1,1,0,1,50,4,8,2021,19:15,1,75,75110,2,1,0,2,RUE DU FAUBOURG SAINT DENIS,48.87694,2.35621,19,2,2
202100037441,134Â 733,B01,1,1,2,5,1,0,-1,0,0,-1,2021,59.0,1,2,1,2,4,1,1,,4,,0,,-1,4,0,1,(1),(1),1,, -1,1,0,1,30,29,5,2021,19:45,2,6,6029,2,1,0,2,CROISETTE (BOULEVARD DE LA),43.54106,7.03513,19,2,2
202100018978,167Â 711,A01,1,1,1,0,2,6,-1,-1, -1,-1,2021,28.0,3,1,12,0,2,1,1,,3,RD 660,0,,1,2,1,1,(1),(1),1,, -1,1,0,1,50,14,9,2021,00:23,5,10,10081,2,6,0,7,GENERAL SARRAIL (AVE),48.30277,4.02734,0,1,1
202100029426,149Â 178,A01,1,1,1,0,1,-1,-1,-1, -1,-1,2021,23.0,1,2,0,2,1,15,1,,4,BERTHELOT (ALLEE MARCELLIN),0,,2,2,0,1,(1),(1),1,, -1,1,0,1,50,10,7,2021,11:05,1,51,51454,2,3,0,3,Boulevard Marcellin Berthelot,49.27207,4.06515,11,2,2
202100009486,184Â 753,A01,1,1,1,1,2,0,-1,-1, -1,-1,2021,32.0,2,1,0,2,1,1,1,,4,,0,,1,2,0,1,0,0,1,, -1,2,0,1,50,4,11,2021,16:40,2,92,92044,2,2,1,3,BAUDIN (RUE) 27A83 ET 36 A84,48.898942968,2.2877258062,16,2,2
202100011178,181Â 750,A01,1,1,1,5,1,-1,-1,0,0,-1,2021,84.0,2,2,14,0,1,1,1,,4,,-1,,2,2,0,1,(1),(1),1,,4,2,0,8,30,26,10,2021,17:35,2,59,59228,2,1,1,6,64 Rue de Goeulzin,50.324263,3.079852,17,1,1
202100045965,119Â 591,A01,10,3,2,2,0,-1,-1,5,3,1,2021,12.0,1,5,0,1,1,1,1,,4,GOURNAY (RUE DE),0,,1,1,0,1,(1),(1),1,, -1,1,0,1,50,29,3,2021,14:29,1,10,10387,2,1,0,6,GOURNAY (RUE DE),48.29827,4.0904,14,2,1
202100020347,165Â 262,B01,1,1,1,0,8,0,-1,0,0,-1,2021,68.0,2,1,1,0,1,26,0,,4,PONTOISE (RUE DE) COTE DES NÂ°1 AU 57,0,,3,2,0,1,0,0,1,, -1,1,0,1,50,7,9,2021,10:40,1,93,93072,2,1,0,3,PONTOISE (RUE DE) COTE DES NÂ°1 AU 57,48.97176,2.37916,10,2,2
202100015009,174Â 876,B01,1,1,2,0,1,8,-1,-1, -1,-1,2021,46.0,2,2,0,2,2,1,1,,7,ALFRED KASTLER (ROUTE),0,,2,2,0,1,(1),(1),3,, -1,2,0,1,70,4,10,2021,09:35,1,67,67218,1,1,1,1,ALFRED KASTLER (ROUTE),48.53343,7.74369,9,2,2
202100024106,158Â 568,A01,1,1,1,0,2,0,-1,-1, -1,-1,2021,31.0,1,1,4,2,1,1,1,,1,AUTOROUTE A86,0,,3,4,0,1,27,200,1,, -1,1,0,1,110,14,8,2021,17:50,1,93,93064,1,1,0,3,AUTOROUTE A86,48.8775091635,2.47741539,17,2,2
202100043487,123Â 928,B01,1,1,2,0,2,6,-1,0,0,-1,2021,24.0,1,1,0,2,1,1,1,,3,141,-1,D,-1,2,0,1,19,380,1,, -1,1,0,1,90,19,4,2021,15:22,1,19,19123,2,1,0,2,D141,45.1852776908,1.5934392213,15,2,2
202100005794,191Â 435,B01,1,1,1,5,2,6,-1,0,0,-1,2021,54.0,1,1,0,2,4,1,1,,3,D922,0,D,2,2,0,1,28,180,1,, -1,1,0,1,50,28,11,2021,19:45,5,95,95313,2,1,0,2,Avenue Michel Poniatowski,49.113808,2.227496,19,2,2
202100019518,166Â 745,A01,1,1,1,5,2,0,-1,0,0,-1,2021,21.0,2,1,0,2,1,2,1,,4,QUAI DES TUILERIES,0,,3,3,0,1,(1),(1),1,, -1,1,0,1,50,11,9,2021,20:15,5,75,75101,2,1,0,2,QUAI DES TUILERIES,48.86348,2.322303,20,2,2
202100002245,197Â 769,A01,1,1,1,0,1,0,-1,-1, -1,-1,2021,26.0,1,2,6,0,1,0,1,,3,R.D 504,0,,2,2,0,1,5,50,3,, -1,2,0,3,50,18,12,2021,07:15,5,42,42170,2,1,1,6,Route du Beaujolais,46.03741,4.11889,7,1,1
202100012931,178Â 622,A01,1,1,1,5,2,6,9,0,0,-1,2021,37.0,1,1,13,0,1,26,1,,3,1089,0,,2,2,0,2,3,400,2,, -1,9,0,1,80,11,10,2021,16:15,1,42,42138,1,1,0,6,Route de Bellegarde,45.647198,4.357667,16,1,1
202100022557,161Â 309,A01,1,1,1,0,0,-1,-1,0,0,-1,2021,48.0,1,2,2,0,1,1,1,,3,19,-1,,2,2,0,1,4,589,1,, -1,1,0,3,80,26,8,2021,04:50,3,1,1403,1,1,0,6,D 19,45.824728,5.445035,4,1,1
202100051671,109Â 333,A01,10,3,2,1,0,-1,-1,3,3,1,2021,47.0,1,5,0,1,1,1,1,,7,RD 674,0,,2,2,0,1,41,116,1,, -1,1,0,1,50,12,2,2021,07:25,2,54,54184,2,6,0,6,RD 674,48.7081,6.24436,7,2,1
202100016054,172Â 951,A01,1,1,2,5,1,8,-1,-1, -1,-1,2021,26.0,1,2,4,0,4,26,1,,1,A4,0,,1,5,0,1,1,0,1,, -1,1,9,1,90,29,9,2021,12:40,1,94,94018,1,9,0,6,A4,48.8203988353,2.4015747159,12,1,1
202100022134,162Â 068,A01,1,1,1,5,1,-1,-1,0,0,-1,2021,25.0,1,2,2,0,2,1,1,,3,,-1,,2,1,0,1,(1),(1),2,,3,1,0,3,50,28,8,2021,05:40,2,84,84137,2,1,0,7,415 Route d Orange,44.238222,5.051968,5,1,1
202100012303,179Â 742,A01,1,1,1,5,2,6,-1,0,0,-1,2021,52.0,1,1,12,0,1,2,1,,3,14,-1,,3,2,0,1,34,860,1,, -1,1,2,1,30,19,10,2021,13:40,1,46,46228,1,1,0,6,Lieu Dit Nicole,44.890507,1.805521,13,1,1
202100027377,152Â 780,A01,1,1,2,1,1,0,-1,0,0,-1,2021,32.0,1,2,0,2,3,1,1,,3,ZOLA (BOULEVARD EMILE),0,,2,2,0,1,0,513,3,, -1,1,0,1,30,23,7,2021,08:00,1,6,6069,2,1,0,1,Boulevard Emile Zola,43.65215,6.918669,8,2,2
202100028388,150Â 970,B01,2,2,1,0,1,-1,-1,0,0,-1,2021,10.0,2,2,0,2,3,2,1,,3,151,0,D,2,2,0,1,30,920,1,, -1,1,0,1,80,19,7,2021,15:10,1,60,60336,1,2,1,3,dÃ©partementale 151,49.5744065227,2.1825360059,15,4,2
202100024681,157Â 529,B01,2,2,2,5,8,-1,-1,0,0,-1,2021,15.0,3,1,0,2,3,1,1,,4,,-1,,2,1,0,1,(1),(1),1,,3,1,0,1,80,11,8,2021,19:14,1,45,45340,1,1,0,3,Route de Vannes sur Cossons,47.689399,2.312096,19,4,2
202100001652,198Â 850,A01,10,3,1,5,0,-1,-1,3,3,3,2021,7.0,2,2,0,1,1,16,1,,4,57,-1,D,2,2,0,1,(1),(1),3,, -1,1,0,1,50,22,12,2021,15:00,1,70,70467,2,1,0,6,13 Rue du Parc,47.884877,6.281036,15,4,1
202100001895,198Â 410,B01,2,1,1,5,2,0,-1,-1, -1,-1,2021,66.0,0,1,0,0,0,0,0,,7,LIBERATION (AVE DE LA),0,,-1,1,0,1,0,0,1,, -1,1,0,1,50,21,12,2021,11:00,1,13,13075,2,6,0,2,LIBERATION (AVE DE LA),43.344,5.459,11,2,2
202100007239,188Â 816,B01,1,1,1,1,2,8,-1,-1, -1,-1,2021,17.0,2,1,0,2,4,1,1,,3,PARIS (PLACE DE),0,,1,2,0,1,0,0,2,, -1,1,0,1,50,8,11,2021,14:00,1,49,49099,2,6,0,3,PARIS (PLACE DE),47.06928,-0.85316,14,2,2
202100048523,115Â 023,B01,1,1,2,1,8,-1,-1,-1, -1,-1,2021,28.0,2,2,0,2,6,15,1,,7,CHARLES DE GAULLE                   (BD),0,,2,4,0,1,2,700,1,, -1,1,0,1,50,10,3,2021,14:25,1,69,69275,2,3,0,3,CHARLES DE GAULLE                   (BD),45.7474,4.93631,14,2,2
202100052454,107Â 953,A01,10,3,1,9,0,-1,-1,1,3,1,2021,37.0,1,1,0,1,1,17,1,,4,BOULEVARD POISSONNIERE,0,,2,2,1,1,(1),(1),1,, -1,1,0,1,50,5,2,2021,08:45,1,75,75102,2,1,0,6,BOULEVARD POISSONNIERE,48.871238,2.344532,8,2,1
202100028412,150Â 929,A01,1,1,1,5,2,6,-1,0,0,-1,2021,34.0,1,1,0,2,1,13,1,,3,98,-1,,2,2,0,1,32,937,1,, -1,1,0,1,70,18,7,2021,20:20,1,83,83019,1,1,0,1,RD98 ForÃªt du Dom,43.178956,6.338167,20,2,2
202100044163,122Â 732,A01,1,1,1,9,2,0,-1,0,0,-1,2021,32.0,2,1,0,2,0,21,1,,4,RUE ORDENER,0,,2,2,0,1,(1),(1),1,, -1,1,0,1,50,13,4,2021,12:45,1,75,75118,2,3,0,7,RUE ORDENER,48.893019,2.340809,12,1,1
202100032115,144Â 347,B01,1,1,1,0,2,6,-1,-1, -1,-1,2021,16.0,1,1,0,2,1,1,1,,4,LAGRUA (CH.),0,,2,2,1,1,(1),(1),1,, -1,1,0,1,50,25,6,2021,20:55,2,33,33529,2,1,0,3,Rue Lagrua,44.645159,-1.157795,20,2,2
202100013184,178Â 180,A01,2,2,1,5,1,-1,-1,0,0,-1,2021,23.0,2,2,2,0,1,1,1,,3,725,0,D,2,2,0,1,30,423,1,,7,1,0,3,80,12,10,2021,03:20,3,79,79116,1,1,0,6,La Catin,46.833253,-0.377462,3,2,1
202100012814,178Â 816,A01,1,1,1,9,8,-1,-1,-1,0,-1,2021,24.0,1,2,2,0,1,14,1,,3,EUROPE (ROUTE DE L'),0,,2,2,1,1,1,250,1,, -1,1,0,3,80,16,10,2021,03:20,3,95,95277,1,1,0,6,EUROPE (ROUTE DE L'),48.986851,2.478541,3,1,1
202100032882,142Â 990,B01,1,1,1,0,2,6,-1,-1, -1,-1,2021,28.0,1,1,0,2,1,1,1,,4,RUE DES CARMES,0,,2,2,0,2,(1),(1),1,, -1,1,0,1,50,22,6,2021,18:55,1,33,33063,2,1,0,2,Rue des Carmes,44.8217652466,-0.6087916352,18,2,2
202100015315,174Â 332,A01,2,2,2,0,1,0,-1,-1, -1,-1,2021,21.0,1,2,0,2,4,26,1,,2,NATIONALE 6 (PARTIE FORET),0,,1,2,0,1,5,99,1,, -1,2,0,1,90,3,10,2021,06:10,3,91,91421,1,1,1,2,NATIONALE 6 (PARTIE FORET),48.69025,2.46418,6,3,2
202100053663,105Â 812,A01,1,1,1,1,1,-1,-1,0,0,-1,2021,30.0,2,2,17,0,1,14,1,,3,11,0,D,2,2,0,1,6,600,3,, -1,2,0,1,50,27,1,2021,12:35,1,64,64214,2,1,1,7,D11 PK 6+600,43.270433,-0.876315,12,1,1
202100006406,190Â 349,A01,1,1,2,0,1,0,-1,0,0,-1,2021,54.0,3,2,1,0,1,14,1,,4,SAUZES (RUE DES),0,,2,2,0,1,(1),(1),1,, -1,1,0,1,50,23,11,2021,13:25,1,63,63014,2,1,0,6,SAUZES (RUE DES),45.75676,3.13293,13,1,1
202100028432,150Â 895,A01,1,1,1,5,1,0,-1,-1, -1,-1,2021,27.0,2,2,0,2,3,0,1,,1,A42  4.020 A 4.353   GEN/LYON,0,,1,3,0,1,4,100,1,, -1,2,0,1,90,17,7,2021,02:50,3,1,1275,1,1,0,2,A42  4.020 A 4.353   GEN/LYON,45.80768,4.927889,2,2,2