Num_Acc,id_vehicule,num_veh,place,catu,sexe,trajet,secu1,secu2,secu3,locp,actp,etatp,year_acc,victim_age,senc,catv,obs,obsm,choc,manv,motor,occutc,catr,voie,v1,v2,circ,nbv,vosp,prof,pr,pr1,plan,lartpc,larrout,surf,infra,situ,vma,jour,mois,an,hrmn,lum,dep,com,agg_,int,atm,col,adr,lat,long,hour,nb_victim,nb_vehicules
202100014446,175Â 877,B01,1,1,1,0,8,8,-1,-1, -1,-1,2021,45.0,2,1,0,2,0,0,1,,3,104,0,,2,3,0,2,0,0,1,, -1,1,0,1,50,8,10,2021,18:25,1,92,92062,2,3,0,3,BAS-ROGERS (RUE DES) NÂ° 2 AU 38,48.8797974494,2.233850956,18,2,2
202100048980,114Â 197,A01,10,3,1,9,8,8,-1,2,3,1,2021,51.0,1,1,0,1,2,1,1,,4,EUROPE (AV DE L'),0,,2,2,0,1,0,0,1,, -1,1,0,1,30,6,3,2021,18:13,1,92,92025,2,1,0,6,EUROPE (AV DE L'),48.9261297252,2.2429047525,18,2,1
202100055086,103Â 349,A01,2,2,2,5,8,0,-1,-1, -1,-1,2021,20.0,-1,2,12,0,1,9,1,,1,VAILLANT-COUTURIER (AVENUE PAUL),0,,1,2,0,2,15,500,3,, -1,2,0,4,50,14,1,2021,02:20,3,93,93027,1,6,1,6,VAILLANT-COUTURIER (AVENUE PAUL),48.92116,2.37587,2,2,1
202100026496,154Â 338,A01,10,3,1,5,0,-1,-1,3,3,1,2021,81.0,1,5,0,1,2,16,1,,4,RUE BERVIC,0,,1,1,0,2,(1),(1),1,, -1,1,0,1,30,29,7,2021,09:25,1,75,75118,2,3,0,6,RUE BERVIC,48.884106,2.349457,9,2,1
202100037303,134Â 992,A01,1,1,1,0,2,6,-1,-1, -1,-1,2021,23.0,2,1,1,0,1,2,1,,4,R GALILEE ,0,,1,2,2,1,1,0,1,, -1,1,0,1,50,31,5,2021,20:40,1,94,94041,2,1,0,6,Rue GalilÃ©e,48.815827,2.403175,20,1,1
202100014316,176Â 113,A01,1,1,2,5,1,-1,-1,-1, -1,-1,2021,23.0,2,2,0,2,2,16,0,,4,BANNIERE (DE LA)                    (R ),0,,1,1,0,1,(1),(1),1,, -1,1,0,1,50,8,10,2021,03:45,5,69,69383,2,3,0,3,BANNIERE (DE LA) (R),45.75655,4.85571,3,2,2
202100010734,182Â 543,A01,1,1,2,1,1,0,-1,0,0,-1,2021,43.0,2,2,4,2,7,1,1,,4,BOULEVARD PERIPHERIQUE,0,,1,4,0,1,26,100,1,, -1,1,0,1,70,24,10,2021,22:38,5,75,75119,2,1,0,4,BOULEVARD PERIPHERIQUE,48.894488,2.39504,22,4,4
202100020435,165Â 112,B01,2,2,2,0,1,0,-1,-1, -1,-1,2021,38.0,2,2,0,2,4,2,1,,1,AUTOROUTE A86,0,,3,8,0,1,20,0,1,, -1,1,1,1,90,7,9,2021,12:20,1,93,93029,1,1,0,2,AUTOROUTE A86,48.91867,2.42849,12,3,2
202100028733,150Â 366,B01,1,1,1,0,1,-1,-1,0,0,-1,2021,57.0,1,2,0,2,7,1,1,,3,263,0,D,2,2,0,2,2,620,1,, -1,1,0,1,80,10,7,2021,18:30,1,47,47135,1,2,0,3,Carrefour D202 D263,44.385955,0.445032,18,6,2
202100023619,159Â 407,A01,1,1,1,4,1,0,-1,-1, -1,-1,2021,19.0,2,2,1,0,2,14,1,,4,PASTEUR VALERY RADOT(IMPASSE ET RUE),0,,2,2,0,1,1,0,1,, -1,1,0,1,50,18,8,2021,15:25,1,94,94028,2,1,0,6,Rue Louis Pasteur Vallery Radot,48.78475,2.44111,15,1,1
202100023581,159Â 486,B01,1,1,2,5,2,0,-1,-1, -1,-1,2021,44.0,3,1,0,2,8,1,1,,3,FONTAINE D'ARGENT (PLACE),0,,1,2,0,1,0,0,2,, -1,1,0,1,30,11,8,2021,18:00,1,58,58194,2,6,0,3,FONTAINE D'ARGENT (PLACE),46.99248,3.14898,18,2,2
202100037764,134Â 159,A01,2,2,1,9,8,0,-1,-1, -1,-1,2021,24.0,1,6,0,0,7,15,1,,4,ANTOINE DE SAINT EXUPERY   (Avenue),0,,-1,2,0,1,(1),(1),2,, -1,1,5,1,50,27,5,2021,20:20,1,69,69266,2,6,0,7,ANTOINE DE SAINT EXUPERY (AV),45.7582,4.8806,20,2,1
202100034001,140Â 983,A01,1,1,1,0,2,0,-1,-1, -1,-1,2021,20.0,1,1,0,2,1,7,1,,3,EMILE ZOLA (AVENUE),0,,2,2,3,1,0,1,1,, -1,1,9,6,50,13,6,2021,19:00,1,93,93059,2,1,1,3,EMILE ZOLA (AVENUE),48.952,2.3685,19,2,2
202100039103,131Â 737,B01,2,2,1,0,2,0,-1,-1, -1,-1,2021,20.0,1,1,0,2,2,1,1,,4,OLIVET (ROUTE D'OLIVET),0,,2,2,0,1,(1),(1),1,, -1,1,0,1,50,20,5,2021,10:40,1,45,45234,2,3,0,3,Route dâOlivet,47.87942,1.90292,10,3,2
202100055992,101Â 803,A01,2,2,2,5,8,-1,-1,0,0,-1,2021,25.0,2,5,13,0,0,0,1,,2,1,-1,,2,2,0,3,36,460,4,, -1,1,0,1,70,7,1,2021,22:15,3,988,98821,1,3,0,7,Coll de la pirogue,-22.08218,166.319103,22,2,1
202100040105,129Â 909,B01,1,1,1,5,2,-1,-1,0,0,-1,2021,16.0,2,1,0,2,1,1,1,,3,D54,-1,,2,2,0,2,2,350,1,, -1,1,0,1,70,14,5,2021,18:30,1,73,73010,1,1,0,1,D54 Rte de Cessens,45.7936760351,5.9254704289,18,2,2
202100023176,160Â 190,B01,1,1,2,5,2,-1,-1,0,0,-1,2021,62.0,2,1,0,2,3,15,5,,3,19,0,,2,1,0,2,30,500,1,,"3,5",1,0,1,50,21,8,2021,15:35,1,70,70421,2,3,0,3,17 Rue Gilberte Lavaire,47.689161,6.042443,15,2,2
202100007146,188Â 996,B01,1,1,2,0,8,-1,-1,-1, -1,-1,2021,53.0,2,2,0,2,3,2,1,,4,JEAN SARRAZIN                       (R ),0,,2,2,0,1,(1),(1),1,, -1,1,0,1,50,18,11,2021,13:05,1,69,69388,2,1,0,3,JEAN SARRAZIN (R),45.73147,4.86679,13,2,2
202100041504,127Â 423,A01,9,2,2,1,8,0,-1,-1,0,-1,2021,48.0,2,3,0,2,1,1,1,3.0,3,KELLERMANN    AVENUE,0,,2,2,0,1,3,450,1,, -1,1,0,1,50,3,5,2021,08:30,1,95,95598,2,1,0,2,KELLERMANN    AVENUE,48.9846862015,2.2950580143,8,4,2
202100032315,143Â 996,B01,1,1,1,9,2,6,-1,0,0,-1,2021,22.0,1,1,0,2,1,7,1,,4,RUE D AUBERVILLIERS,0,,3,3,3,1,(1),(1),1,, -1,1,0,6,50,25,6,2021,19:40,1,75,75119,2,1,0,3,RUE D AUBERVILLIERS,48.897734,2.370543,19,2,2
202100053205,106Â 634,A01,1,1,2,0,1,0,-1,-1, -1,-1,2021,22.0,2,2,0,2,3,7,1,,7,AVENUE PAUL VERLAINE,0,,1,5,3,2,2,500,1,, -1,2,2,1,30,28,1,2021,16:55,1,38,38185,2,2,1,3,Avenue Paul Verlaine,45.16175,5.71577,16,2,2
202100033370,142Â 121,A01,1,1,2,5,1,-1,-1,0,0,-1,2021,40.0,1,2,0,2,1,13,1,,2,RN85,0,,2,2,0,2,34,789,1,, -1,1,0,1,50,11,6,2021,14:45,1,5,5061,1,1,0,1,RN85,44.58131,6.08122,14,4,2
202100024284,158Â 264,B01,3,2,1,5,1,0,-1,-1, -1,-1,2021,35.0,1,2,7,2,2,1,1,,4,AV DE LATTRE DE TASSIGNY,0,,1,4,0,1,(1),(1),1,, -1,1,0,1,50,13,8,2021,02:30,5,31,31555,2,1,0,3,AV DE LATTRE DE TASSIGNY,43.5774,1.43647,2,4,2
202100022419,161Â 565,A01,4,2,1,0,1,8,-1,-1, -1,-1,2021,46.0,2,2,1,2,1,1,1,,4,ARGELES SUR MER AVENUE D',0,,3,4,3,1,0,0,1,, -1,1,0,1,50,21,8,2021,21:23,2,66,66136,2,3,0,3,ARGELES SUR MER AVENUE D',42.68387,2.90927,21,4,2
202100048385,115Â 270,A01,1,1,1,0,8,-1,-1,0,0,-1,2021,18.0,0,1,0,2,1,0,1,,6,PAYS D' AUGE (PLACE DU),0,,-1,0,0,1,(1),(1),1,, -1,1,9,8,50,9,3,2021,13:35,1,80,80021,2,1,0,2,PAYS D' AUGE (PLACE DU),49.9133855244,2.2537754775,13,2,2
202100041070,128Â 196,A01,1,1,1,4,1,8,-1,-1, -1,-1,2021,40.0,1,2,0,2,3,13,1,,3,,0,,-1,2,0,2,1,852,4,, -1,1,0,1,50,6,5,2021,14:45,1,85,85191,2,1,0,1,DURAND RUE HELIODORE,46.65904,-1.39828,14,2,2
202100041074,128Â 189,B01,1,1,2,0,1,0,-1,-1, -1,-1,2021,32.0,3,2,0,2,1,1,0,,4,ROUX (AVENUE DU PROFESSEUR),0,,2,0,0,2,(1),(1),3,, -1,2,0,1,50,6,5,2021,16:11,1,78,78551,2,1,1,1,ROUX (AVENUE DU PROFESSEUR),48.886011,2.091603,16,2,2
202100040940,128Â 442,B01,1,1,1,4,1,0,-1,-1, -1,-1,2021,44.0,3,5,0,2,6,1,1,,4,JEAN GIONO (AVE),0,,2,2,0,2,1,0,1,, -1,1,0,1,50,6,5,2021,11:00,1,13,13075,2,1,0,2,JEAN GIONO (AVE),43.34,5.45,11,2,2
202100046807,118Â 108,A01,10,3,2,0,0,-1,-1,1,3,1,2021,62.0,2,1,0,1,0,26,1,,3,HENRI BARBUSSE (AVE) NÂ°2-124,0,,2,2,0,1,0,1,1,, -1,1,0,1,50,23,3,2021,17:00,1,93,93029,2,1,0,6,HENRI BARBUSSE (AVE) NÂ°2-124,48.9173716653,2.4463261626,17,2,1
202100005280,192Â 347,B01,1,1,1,0,2,0,-1,0,0,-1,2021,20.0,1,1,0,2,1,1,0,,4,CHAMBRETTES (RUE DES),0,,2,2,0,1,(1),(1),1,, -1,1,0,1,50,30,11,2021,19:15,5,63,63113,2,1,0,3,CHAMBRETTES (RUE DES),45.76731,3.10467,19,2,2
202100045849,119Â 801,A01,1,1,1,0,2,6,9,0,0,-1,2021,25.0,2,1,0,0,1,13,1,,3,6,-1,,2,2,0,2,35,330,3,, -1,1,0,3,80,31,3,2021,18:20,1,25,25254,1,1,0,7,Le Casse-croÃ»te,46.851482,6.378443,18,1,1
202100016895,171Â 424,B01,1,1,2,1,1,0,-1,0,0,-1,2021,50.0,2,2,0,2,4,2,1,,7,MULLER (AVENUE PAUL),0,,2,2,0,2,(1),(1),1,, -1,1,0,1,50,23,9,2021,08:23,1,54,54578,2,1,1,2,MULLER (AVENUE PAUL),48.65854,6.11788,8,2,2
202100022481,161Â 449,B01,1,1,1,0,8,0,-1,-1, -1,-1,2021,33.0,1,1,1,0,0,0,0,,3,ROBESPIERRE (RUE),0,,2,2,0,2,1,0,1,, -1,1,0,1,50,26,8,2021,18:00,1,93,93048,2,2,0,2,Rue Robespierre / Rue Cuvier,48.85091,2.42461,18,2,2
202100042628,125Â 428,A01,2,2,2,4,1,-1,-1,0,0,-1,2021,57.0,1,4,4,0,1,1,1,,1,75,0,A,3,4,0,1,291,787,1,, -1,1,0,1,130,26,4,2021,08:25,1,34,34079,1,1,0,6,A75,43.63472,3.447355,8,2,1
202100004045,194Â 514,B01,1,1,1,1,2,0,-1,-1, -1,-1,2021,17.0,1,1,0,2,1,1,1,,4,BIRGE BOULEVARD,0,,2,2,0,1,1,0,1,, -1,1,0,1,50,8,12,2021,08:48,1,49,49007,2,1,0,3,BIRGE BOULEVARD,47.4713,-0.51901,8,2,2
202100016002,173Â 064,B01,1,1,1,2,2,6,-1,0,0,-1,2021,16.0,1,1,7,2,7,1,1,,3,34,0,D,2,2,0,1,23,995,1,, -1,1,5,1,50,1,10,2021,17:09,1,31,31426,2,2,0,3,2 rue principale,43.08647,0.614994,17,2,2
202100012615,179Â 163,A01,4,2,1,0,1,0,-1,-1, -1,-1,2021,24.0,2,1,0,2,1,2,1,,2,kaweni-GEOLE (la),0,,2,0,0,1,3,0,1,, -1,9,8,1,50,17,10,2021,18:05,3,976,97611,2,1,0,7,kaweni-GEOLE (la),-12.76638,45.22484,18,2,1
202100019191,167Â 324,A01,1,1,1,0,2,0,-1,-1, -1,-1,2021,15.0,1,1,0,2,1,17,1,,7,SUBILIA (AVENUE ERNEST ),0,,2,2,0,1,0,0,1,, -1,1,0,1,30,5,9,2021,12:35,1,13,13028,2,1,0,3,SUBILIA (AVENUE ERNEST ),43.18554,5.608,12,2,2
202100044150,122Â 762,B01,1,1,2,1,1,-1,-1,-1, -1,-1,2021,37.0,3,2,0,2,4,15,1,,4,DUCHESSE ANNE (RUE DE LA),0,,2,2,0,2,(1),(1),1,, -1,1,0,1,50,13,4,2021,08:50,1,35,35278,2,2,0,2,DUCHESSE ANNE (RUE DE LA),48.15154,-1.68346,8,2,2
202100000611,200Â 612,A01,1,1,1,5,1,8,-1,0,0,-1,2021,33.0,3,2,7,0,1,13,1,,4,ROUTE DES MOULINS,0,,1,2,0,1,(1),(1),1,, -1,1,0,1,50,31,12,2021,19:30,4,75,75116,2,2,0,6,ROUTE DES MOULINS,48.86505,2.234461,19,1,1
202100017619,170Â 126,A01,10,3,2,0,8,8,-1,5,2,1,2021,66.0,1,2,1,2,2,17,1,,7,PICOT (AVE DU COLONEL),0,,2,2,0,2,2,860,1,, -1,1,0,1,50,7,9,2021,21:45,5,83,83137,2,1,0,3,PICOT (AVE DU COLONEL),43.1292696038,5.9681320636,21,3,2
202100024451,157Â 972,A01,2,2,2,5,2,6,-1,0,0,-1,2021,55.0,1,1,14,0,8,1,1,,3,942,-1,,2,2,0,1,21,135,1,, -1,1,9,1,50,13,8,2021,19:45,1,5,5070,2,1,0,7,RUE DU MOULIN ,44.3116403097,5.8227968216,19,2,1
202100009968,183Â 883,A01,1,1,1,5,1,-1,-1,0,0,-1,2021,21.0,2,2,0,2,2,0,1,,1,10,-1,,3,3,0,1,40,700,1,,"13,5",2,0,3,130,1,11,2021,21:10,3,28,28363,1,9,1,2,A10,48.406999,1.895275,21,8,2
202100042798,125Â 160,B01,1,1,1,0,1,0,-1,-1, -1,-1,2021,26.0,2,2,0,2,4,1,1,,1,15,0,,3,8,0,1,5,699,2,, -1,1,2,1,90,24,4,2021,03:20,3,92,92036,1,1,0,2,AUTOROUTE A15,48.94714,2.28169,3,2,2
202100047834,116Â 256,B01,1,1,2,1,1,0,-1,-1, -1,-1,2021,57.0,3,2,1,2,1,15,1,,3,AV DE PARIS,0,,2,2,1,1,1,0,1,, -1,2,0,1,50,16,3,2021,19:09,5,94,94080,2,2,1,3,PARIS (AV DE),48.84528,2.43157,19,5,2
202100001982,198Â 256,A01,1,1,2,0,1,0,-1,-1, -1,-1,2021,50.0,2,2,0,2,1,2,1,,1,AUTOROUTE A86,0,,3,6,0,1,15,199,1,, -1,1,2,1,90,21,12,2021,06:00,4,93,93001,1,1,0,2,AUTOROUTE A86,48.92163,2.37594,6,2,2
202100041377,127Â 645,A01,1,1,1,4,1,-1,-1,0,0,-1,2021,33.0,2,2,0,2,1,13,1,,3,4096,-1,,2,2,0,2,19,800,1,, -1,1,0,1,80,6,5,2021,15:15,1,4,4242,1,1,0,1,RD 4096,43.882316,5.855563,15,2,2
202100024517,157Â 836,B01,5,2,1,5,1,8,-1,-1, -1,-1,2021,22.0,2,2,0,2,1,2,1,,3,ROUTE DEPARTEMENTALE 465,0,,3,4,0,2,2,425,1,, -1,1,3,1,70,10,8,2021,15:45,1,56,56121,1,1,0,2,PÃ©nÃ©trante de Lorient D465,47.74967,-3.38699,15,3,2
202100033089,142Â 598,B01,1,1,1,5,2,6,-1,-1, -1,-1,2021,63.0,1,1,0,2,8,1,1,,2,PARIS (R DE),0,,2,4,0,1,1,0,1,, -1,1,0,1,50,21,6,2021,18:15,1,94,94078,2,7,0,3,Rue de Paris,48.74631,2.44657,18,2,2
202100021207,163Â 752,A01,4,2,2,5,1,8,-1,-1, -1,-1,2021,14.0,2,2,0,2,2,1,1,,2,RN104,0,,1,1,0,1,5,0,1,, -1,1,0,1,70,3,9,2021,22:40,3,77,77373,1,1,0,2,RN104,48.7962,2.62222,22,4,2
202100015920,173Â 211,A01,1,1,2,0,1,0,-1,-1, -1,-1,2021,28.0,0,2,0,2,7,18,1,,4,74Â° RIT (PL. DU),0,,1,2,0,1,1,0,1,, -1,1,0,1,30,30,9,2021,09:40,1,22,22278,2,7,0,3,74Â° RIT (PL. DU),48.510414,-2.767337,9,2,2
202100014722,175Â 400,B01,2,2,2,0,1,0,-1,-1, -1,-1,2021,74.0,1,2,0,2,4,2,1,,1,A507 sens Marseille - Aubagne,0,,1,3,0,1,7,530,1,, -1,1,1,1,70,6,10,2021,18:39,2,13,13055,1,1,0,4,A507 sens Marseille - Aubagne,43.298,5.4251,18,4,3
202100040073,129Â 967,B01,1,1,1,9,2,0,-1,0,0,-1,2021,28.0,2,1,0,2,1,1,1,,4,BOULEVARD DE CLICHY,0,,1,1,0,1,(1),(1),1,, -1,1,0,1,30,12,5,2021,19:43,1,75,75109,2,3,0,3,BOULEVARD DE CLICHY,48.884103,2.330796,19,2,2
202100024554,157Â 769,A01,1,1,1,1,2,6,-1,0,0,-1,2021,22.0,1,1,0,2,1,2,1,,4,BOULEVARD SAINT DENIS,0,,2,4,0,1,(1),(1),1,, -1,1,0,1,50,12,8,2021,19:23,1,75,75110,2,2,0,2,BOULEVARD SAINT DENIS,48.869331,2.354259,19,2,2
202100004517,193Â 699,A01,10,3,1,0,0,-1,-1,4,3,1,2021,50.0,1,2,0,1,1,1,1,,3,REPUBLIQUE (RUE DE LA),0,,2,2,0,2,1,0,1,, -1,2,9,1,50,5,12,2021,18:22,5,71,71040,2,1,1,6,REPUBLIQUE (RUE DE LA),46.69793,4.39039,18,3,1
202100029594,148Â 889,A01,1,1,1,1,2,0,-1,-1, -1,-1,2021,24.0,1,1,0,2,1,25,3,,4,SAINT JEAN (FAUBOURG ),0,,-1,2,0,2,(1),(1),1,, -1,1,0,4,50,10,7,2021,11:40,1,45,45234,2,1,0,3,106 Rue du Faubourg Saint Jean,47.90719,1.88778,11,3,2
202100051267,110Â 040,A01,1,1,1,9,2,6,-1,-1, -1,-1,2021,38.0,2,1,0,2,1,17,1,,3,CORNICHE DU SOLEIL NÂ° PAIRS,0,,2,2,0,2,0,900,1,, -1,1,0,1,50,15,2,2021,16:10,1,83,83123,2,1,0,6,CORNICHE DU SOLEIL NÂ° PAIRS,43.1224,5.80149,16,2,2
202100043523,123Â 866,B01,1,1,1,3,2,-1,-1,0,0,-1,2021,17.0,1,1,0,2,3,1,1,,3,,-1,,2,2,0,1,2,250,1,, -1,1,9,1,50,14,4,2021,18:25,1,7,7245,1,1,0,3,ROUTE DU GRAND PONT,45.068069,4.78674,18,2,2
202100046402,118Â 829,B01,1,1,1,4,2,0,-1,-1, -1,-1,2021,32.0,3,1,0,2,2,1,1,,3,JACQUES DUCLOS [CD44] (RUE),0,,1,4,0,2,0,1,1,, -1,2,0,1,50,26,3,2021,22:15,5,93,93005,2,3,1,3,JACQUES DUCLOS [CD44] (RUE),48.9462040641,2.4933637549,22,2,2
202100011644,180Â 912,A01,1,1,1,9,2,0,-1,0,0,-1,2021,31.0,3,1,0,2,3,1,1,,4,AVENUE HOCHE,0,,2,2,0,1,(1),(1),1,, -1,1,0,1,50,21,10,2021,23:50,5,75,75108,2,2,0,3,AVENUE HOCHE,48.875199,2.298551,23,2,2
202100005271,192Â 364,B01,10,3,2,0,0,-1,-1,3,3,1,2021,44.0,1,2,0,1,2,1,1,,4,,0,,1,1,0,1,(1),(1),1,, -1,1,0,1,30,30,11,2021,15:21,1,66,66136,2,3,0,3,BAILLE GABRIEL,42.71754,2.88935,15,3,2
202100043021,124Â 774,A01,1,1,1,5,2,8,-1,-1, -1,-1,2021,32.0,2,1,15,0,1,13,1,,4,ROHU (ZONE INDUSTRIELLE ET PORTUAIRE),0,,2,2,0,1,(1),(1),1,, -1,1,0,1,50,22,4,2021,03:25,5,56,56098,2,1,0,6,Zone Portuaire du Rohu,47.749454,-3.32296,3,1,1
202100050937,110Â 629,A01,1,1,1,4,2,8,-1,0,0,-1,2021,36.0,2,1,0,2,3,1,1,,4,AVENUE DE LA REPUBLIQUE,0,,3,2,0,1,(1),(1),1,, -1,1,0,1,50,19,2,2021,21:45,5,75,75111,2,5,0,3,AVENUE DE LA REPUBLIQUE,48.8651563494,2.3752128917,21,2,2
202100011370,181Â 400,B01,1,1,1,1,2,6,-1,0,0,-1,2021,60.0,1,1,0,2,1,1,1,,3,DEPARTEMENTALE 2 (ROUTE),0,,2,2,0,1,14,240,1,, -1,1,0,1,70,23,10,2021,19:45,2,65,65100,1,2,0,3,DEPARTEMENTALE 2 (ROUTE),43.26802,0.07647,19,2,2
202100025304,156Â 429,B01,1,1,1,1,1,-1,-1,0,0,-1,2021,29.0,1,2,0,2,7,1,1,,4,ROUSSE EMILE,0,,2,2,0,1,(1),(1),1,, -1,1,5,1,50,6,8,2021,16:40,1,29,29019,2,6,0,3,Rue Emile Rousse,48.3854,-4.5282,16,3,2
202100055970,101Â 842,A01,1,1,1,1,1,-1,-1,0,0,-1,2021,37.0,3,2,0,2,1,15,1,,3,,-1,,2,-1,-1,1,25,380,1,, -1,1,5,1,50,8,1,2021,08:40,1,60,60157,2,2,0,1,Rue Henri Breuil,49.382984,2.402819,8,2,2
202100027788,152Â 045,B01,1,1,1,4,2,6,-1,-1, -1,-1,2021,28.0,1,1,0,2,1,1,0,,4,MAILLASSON (ALLEE),0,,1,0,0,1,0,0,1,, -1,1,0,1,50,21,7,2021,20:30,2,92,92012,2,1,0,2,MAILLASSON (ALLEE),48.8336902375,2.2406213548,20,2,2
202100019118,167Â 453,B01,1,1,1,0,2,8,-1,-1, -1,-1,2021,43.0,1,1,0,2,1,1,1,,1,86,0,,1,8,0,1,8,899,1,, -1,1,0,1,90,13,9,2021,19:15,1,92,92036,1,1,0,5,AUTOROUTE A86,48.9379543048,2.2980868606,19,3,3
202100046022,119Â 496,A01,4,2,1,5,1,-1,-1,0,0,-1,2021,20.0,2,2,2,0,8,1,1,,3,965,0,,2,2,0,1,1,1,1,, -1,1,0,3,80,31,3,2021,06:30,2,45,45141,1,1,0,6,D965-PR1+1,47.588081,2.933919,6,5,1
202100037467,134Â 694,A01,1,1,2,5,2,7,9,0,0,-1,2021,27.0,2,1,0,0,3,1,1,,3,921,0,,2,2,0,1,12,500,2,, -1,1,0,3,80,29,5,2021,10:15,1,73,73149,1,1,0,7,D921 PR12.5U,45.749573,5.790417,10,1,1
202100019002,167Â 670,A01,10,3,1,9,0,-1,-1,2,3,1,2021,56.0,2,1,0,1,1,17,3,,4,BOULEVARD VOLTAIRE,0,,2,4,0,1,(1),(1),1,, -1,1,0,1,30,14,9,2021,14:40,1,75,75111,2,2,0,6,BOULEVARD VOLTAIRE,48.863788,2.370169,14,2,1
202100035324,138Â 569,C01,1,1,1,4,1,0,-1,0,0,-1,2021,52.0,1,5,0,2,1,23,1,,4,PONT ALEXANDRE III,0,,2,7,0,1,(1),(1),1,, -1,1,2,1,50,10,6,2021,13:52,1,75,75107,2,1,0,4,PONT ALEXANDRE III,48.863329,2.313498,13,4,3
202100040829,128Â 649,B01,2,2,2,0,1,-1,-1,0,0,-1,2021,31.0,1,2,0,2,2,1,1,,1,61,-1,A,1,4,0,2,373,800,1,, -1,1,8,1,90,23,4,2021,17:25,1,11,11262,1,1,0,1,PK 373.800,43.159926,2.937813,17,3,2
202100014489,175Â 811,A01,1,1,1,5,1,-1,-1,0,0,-1,2021,22.0,1,2,0,2,3,13,1,,3,674,-1,,2,2,0,3,9,60,1,, -1,1,0,1,80,8,10,2021,11:30,1,54,54146,1,1,0,1,route dÃ©partementale 674,48.5783107172,5.887298584,11,2,2
202100043030,124Â 759,A01,2,2,2,4,1,0,-1,-1, -1,-1,2021,21.0,3,2,0,2,4,1,1,,4,SAINT-SAUVEUR (ROND POINT),0,,2,1,1,1,(1),(1),3,, -1,1,5,1,50,21,4,2021,10:55,1,37,37261,2,6,0,2,SAINT-SAUVEUR (ROND POINT),47.373884033,0.6785194874,10,3,2
202100045166,120Â 999,B01,1,1,1,5,2,6,-1,0,0,-1,2021,38.0,1,1,0,2,1,1,1,,3,38,0,,2,2,0,2,9,830,1,, -1,1,0,1,80,3,4,2021,16:45,1,57,57295,1,3,0,1,D38,48.795749,6.606134,16,2,2
202100008840,185Â 941,A01,1,1,1,1,2,6,-1,0,0,-1,2021,53.0,2,1,0,2,1,15,1,,4,RUE DES PYRENEES,0,,2,4,0,1,(1),(1),1,, -1,1,0,1,30,8,11,2021,20:10,5,75,75120,2,2,0,3,RUE DES PYRENEES,48.85267,2.406117,20,2,2
202100049117,113Â 958,A01,1,1,1,0,8,0,-1,-1, -1,-1,2021,26.0,1,1,0,2,1,13,1,,4,Corniche John FitzgÃ©rald Kennedy,0,,2,2,0,1,0,0,1,, -1,1,0,1,50,5,3,2021,16:40,1,13,13207,2,2,0,3,Corniche John FitzgÃ©rald Kennedy,43.2822960037,5.3508560526,16,2,2
202100013002,178Â 503,A01,1,1,1,1,2,6,-1,0,0,-1,2021,31.0,1,1,0,2,6,15,1,,3,350,-1,,2,2,0,1,2,500,1,, -1,1,0,1,80,12,10,2021,13:50,1,59,59215,1,3,0,3,D350,50.355962,3.605018,13,2,2
202100003470,195Â 550,A01,1,1,1,1,8,-1,-1,0,0,-1,2021,30.0,2,2,13,0,1,2,1,,3,1092,-1,,2,2,0,1,(1),266,1,, -1,1,0,8,80,12,12,2021,06:06,3,38,38095,1,6,0,7,Rte de Saint Bonnet de Chavagne,45.13358,5.292835,6,1,1
202100019080,167Â 539,A01,1,1,1,0,2,6,-1,0,0,-1,2021,50.0,1,1,0,2,1,1,1,,3,900,-1,,2,2,0,1,(1),(1),1,, -1,1,0,1,50,31,8,2021,11:00,1,84,84003,2,3,0,3,D900,43.878299,5.420101,11,2,2
202100055221,103Â 113,A01,1,1,1,1,2,6,-1,-1, -1,-1,2021,48.0,2,1,0,2,3,17,1,,3,PAUL VAILLANT COUTURIER (AV),0,,2,2,0,1,65,0,1,, -1,2,0,1,50,13,1,2021,13:14,1,94,94037,2,3,1,7,Avenue Paul Vaillant-Couturier,48.81512,2.34562,13,2,2
202100042668,125Â 364,A01,1,1,1,0,8,-1,-1,-1, -1,-1,2021,18.0,2,1,0,2,1,5,3,,4,ANATOLE FRANCE                      (R ),0,,1,1,0,1,(1),(1),2,, -1,1,0,1,50,24,4,2021,17:50,1,69,69199,2,1,0,1,ANATOLE FRANCE (R),45.7132200236,4.8529411029,17,2,2
202100041719,127Â 036,A01,1,1,1,5,2,6,9,0,0,-1,2021,55.0,1,1,8,0,1,1,1,,4,35,-1,,2,2,0,1,(1),(1),1,, -1,9,0,3,-1,2,5,2021,15:40,1,17,17093,1,1,0,6,chemin communal 35,45.880381,-1.228602,15,1,1
202100050699,111Â 066,B01,1,1,1,2,1,-1,-1,0,0,-1,2021,23.0,2,2,0,0,4,2,1,,1,43,0,,3,5,3,2,76,800,1,, -1,5,0,1,130,12,2,2021,17:38,3,73,73191,1,1,1,2,A43 - PK 76+800,45.563313,5.774367,17,2,2
202100014780,175Â 290,A01,1,1,1,5,2,-1,-1,-1, -1,-1,2021,23.0,2,1,0,2,1,1,1,,4,REPUBLIQUE (DE)                     (R ),0,,4,3,0,1,(1),(1),1,, -1,1,0,1,50,6,10,2021,16:35,1,69,69282,2,9,0,3,REPUBLIQUE (DE) (R),45.76172,5.02294,16,2,2