Num_Acc,id_vehicule,num_veh,place,catu,sexe,trajet,secu1,secu2,secu3,locp,actp,etatp,year_acc,victim_age,senc,catv,obs,obsm,choc,manv,motor,occutc,catr,voie,v1,v2,circ,nbv,vosp,prof,pr,pr1,plan,lartpc,larrout,surf,infra,situ,vma,jour,mois,an,hrmn,lum,dep,com,agg_,int,atm,col,adr,lat,long,hour,nb_victim,nb_vehicules
202100027732,152Â 143,A01,2,2,1,5,2,8,-1,-1, -1,-1,2021,16.0,1,1,0,2,1,26,1,,4,EUROPE (AVENUE DE L'),0,,2,2,0,1,0,0,2,, -1,1,0,1,50,19,7,2021,22:50,5,49,49099,2,2,0,3,EUROPE (AVENUE DE L'),47.04953,-0.88506,22,4,2
202100051150,110Â 242,A01,10,3,1,9,0,-1,-1,3,3,2,2021,22.0,3,2,0,1,2,2,1,,4,CHARLES DE GAULLE                   (QU),0,,1,3,3,1,(1),(1),1,, -1,1,5,1,50,14,2,2021,17:14,1,69,69386,2,1,0,6,CHARLES DE GAULLE (Q),45.78565,4.85394,17,2,1
202100013257,178Â 045,B01,1,1,2,9,1,0,-1,-1, -1,-1,2021,51.0,1,2,0,2,4,1,1,,3,ATLANTIQUE  AVENUE DE L',0,,3,4,0,1,39,600,1,, -1,1,0,1,90,14,10,2021,17:25,1,49,49007,1,1,0,2,ATLANTIQUE  AVENUE DE L',47.469466,-0.595122,17,2,2
202100009553,184Â 630,B01,1,1,1,0,2,6,-1,-1, -1,-1,2021,24.0,1,1,0,2,0,1,1,,1,86,0,,3,3,0,1,0,500,1,, -1,1,0,1,90,3,11,2021,19:20,3,92,92050,1,1,0,4,A86,48.904611,2.208195,19,4,3
202100048016,115Â 916,B01,1,1,1,1,1,-1,-1,-1, -1,-1,2021,45.0,2,2,0,2,4,2,1,,4,VIENNE (DE)                         (RO),0,,2,3,0,1,(1),(1),1,, -1,1,0,1,50,13,3,2021,10:55,1,69,69388,2,3,0,2,VIENNE (DE) (RTE),45.7273770634,4.8538169637,10,2,2
202100053674,105Â 794,B01,1,1,1,5,2,6,-1,0,0,-1,2021,69.0,2,1,0,2,3,13,1,,3,614,0,D,2,2,0,2,4,30,1,, -1,1,0,1,80,26,1,2021,16:55,1,66,66164,1,1,0,5,D614,42.756757,2.866541,16,4,3
202100052872,107Â 203,A01,1,1,1,1,2,0,-1,-1, -1,-1,2021,31.0,1,1,0,0,0,0,1,,4,VERDUN (RUE DE),0,,2,2,0,1,0,0,2,, -1,2,0,1,50,30,1,2021,14:20,1,76,76351,2,6,1,7,VERDUN (RUE DE),49.5034,0.19208,14,1,1
202100047417,117Â 014,A01,1,1,1,5,2,6,9,0,0,-1,2021,49.0,3,1,2,0,1,6,1,,3,20,-1,,3,2,0,1,7,700,1,, -1,1,9,8,-1,20,3,2021,15:40,1,49,49192,1,1,0,1,Les Renaudinieres,47.0254683566,-0.7880483642,15,1,1
202100032251,144Â 113,A01,10,3,1,2,0,-1,-1,2,3,1,2021,18.0,-1,2,0,1,1,1,1,,3,CHALAUTRE (ROUTE DE),0,,2,2,0,1,0,950,1,, -1,1,0,1,50,2,6,2021,13:24,1,77,77379,2,1,0,1,CHALAUTRE (ROUTE DE),48.5526,3.30351,13,2,1
202100002614,197Â 109,B01,1,1,2,0,8,0,-1,-1, -1,-1,2021,49.0,1,1,0,2,0,1,5,,4,AVENUE DE LA PAQUELAIS,0,,2,2,2,1,1,0,1,, -1,1,0,3,50,15,12,2021,18:25,5,44,44114,2,1,0,2,AVENUE DE LA PAQUELAIS,47.24723,-1.60221,18,2,2
202100026541,154Â 254,B01,1,1,2,1,0,-1,-1,0,0,-1,2021,16.0,0,1,0,2,4,26,3,,3,,-1,,2,2,0,1,(1),(1),1,, -1,1,0,1,50,29,7,2021,12:15,1,49,49307,1,6,0,2,D347,47.4751381838,-0.3552103043,12,2,2
202100048286,115Â 443,A01,1,1,1,9,8,0,-1,0,0,-1,2021,52.0,2,1,0,2,1,1,3,,4,RUE MONGE,0,,2,2,0,1,(1),(1),1,, -1,2,0,1,30,12,3,2021,18:33,2,75,75105,2,5,1,3,RUE MONGE,48.838476,2.350694,18,2,2
202100019018,167Â 644,A01,10,3,1,1,0,-1,-1,3,3,1,2021,46.0,2,2,0,1,1,1,1,,3,GENERAL DE GAULLE (AV DU),0,,2,1,0,1,1,0,1,, -1,2,0,1,50,14,9,2021,06:55,5,94,94058,2,1,1,6,Avenue du GÃ©nÃ©ral de Gaulle,48.8406,2.50663,6,2,1
202100018563,168Â 454,A01,1,1,1,1,2,6,-1,-1, -1,-1,2021,61.0,1,1,0,2,1,1,1,,4,AMIRAL JACQUINOT,0,,1,2,1,1,0,0,1,, -1,1,0,1,50,1,9,2021,16:00,1,58,58194,2,1,0,2,AMIRAL JACQUINOT,46.9834,3.1828,16,2,2
202100028052,151Â 570,A01,1,1,1,5,1,-1,-1,0,0,-1,2021,53.0,2,2,13,0,9,1,1,,3,431,0,,2,2,0,2,23,0,4,, -1,2,0,3,70,15,7,2021,23:15,3,68,68359,1,1,1,6,D431,47.8409029513,7.1541675925,23,1,1
202100053007,106Â 971,A01,2,2,2,5,1,-1,-1,0,0,-1,2021,67.0,1,2,0,2,6,1,1,,3,958,-1,,2,2,0,4,6,0,1,, -1,2,0,1,90,31,1,2021,17:45,2,61,61294,1,1,1,2,Lieu Dit Guichaumont,48.633397,0.104155,17,3,2
202100041988,126Â 571,A01,1,1,2,9,1,8,-1,-1, -1,-1,2021,20.0,1,2,3,2,4,23,1,,1,A55-Sens Marseille vers Martigues,0,,1,3,0,1,37,500,1,, -1,2,2,1,90,29,4,2021,11:50,1,13,13056,1,1,1,2,A55-Sens Marseille vers Martigues,43.40223,5.04291,11,2,2
202100012562,179Â 262,C01,1,1,1,9,1,-1,-1,0,0,-1,2021,57.0,1,2,0,2,4,2,1,,2,11,0,,3,2,0,1,5,900,1,,7,1,0,1,110,19,10,2021,08:30,1,202,202042,1,1,0,4,RT 11,42.559758,9.458284,8,4,4
202100038424,132Â 962,A01,4,2,1,2,1,0,-1,-1, -1,-1,2021,5.0,1,2,1,0,1,15,1,,4,,0,,1,1,0,1,0,0,1,, -1,1,0,1,50,25,5,2021,10:05,1,92,92004,2,1,0,6,THIERS,48.9252882253,2.2778898508,10,2,1
202100024432,158Â 010,A01,1,1,2,1,1,-1,-1,0,0,-1,2021,43.0,2,2,0,2,1,1,1,,1,62,-1,,3,1,0,1,124,350,1,, -1,1,3,6,90,9,8,2021,08:55,1,47,47201,1,1,0,2,A62 PK124.000,44.161965,0.606244,8,2,2
202100012002,180Â 259,B01,1,1,1,0,2,0,-1,-1, -1,-1,2021,19.0,1,1,0,2,1,1,3,,4,MONTPENSIER,0,,2,2,0,1,0,0,1,, -1,1,0,1,50,20,10,2021,18:40,1,64,64445,2,2,0,3,MONTPENSIER,43.30141,-0.37338,18,2,2
202100003356,195Â 764,A01,1,1,2,5,1,-1,-1,0,0,-1,2021,79.0,1,2,7,4,2,1,1,,3,1006,-1,,2,2,0,1,2,330,2,, -1,2,4,8,70,13,12,2021,16:30,1,73,73100,1,8,1,3,D1006,45.5244645285,5.6955265402,16,2,2
202100022932,160Â 633,A01,1,1,1,0,2,6,-1,-1, -1,-1,2021,59.0,3,1,0,2,2,0,1,,3,50,0,,2,5,3,1,0,0,1,, -1,1,0,1,50,22,8,2021,14:25,1,92,92040,2,1,0,2,ROUGET DE L'ISLE,48.828819,2.26465,14,2,2
202100053504,106Â 076,B01,1,1,2,9,1,0,-1,-1, -1,-1,2021,31.0,1,2,0,2,3,1,1,,3,BOUVETS BOULEVARD DES,0,,1,2,0,2,0,0,1,, -1,2,9,1,50,27,1,2021,18:45,5,92,92050,2,9,1,3,BOUVETS BOULEVARD DES,48.8969531663,2.2238047381,18,2,2
202100043275,124Â 311,B01,1,1,2,3,1,-1,-1,0,0,-1,2021,19.0,0,2,0,2,1,1,1,,6,4,0,R,1,1,0,1,4,3,1,, -1,1,0,8,30,20,4,2021,11:27,1,13,13027,2,9,0,3,Avenue de la Chaffine,43.888712,4.831237,11,2,2
202100000796,200Â 294,A01,10,3,1,0,0,-1,-1,5,3,1,2021,31.0,1,2,0,1,2,1,1,,3,REPUBLIQUE (AVE DE LA ) 43/106 =>,0,,2,4,3,1,0,1,1,, -1,1,0,1,50,31,12,2021,00:10,4,93,93001,2,1,0,6,REPUBLIQUE (AVE DE LA ) 43/106 =>,48.909507003,2.3863720433,0,2,1
202100052563,107Â 766,A01,1,1,1,9,2,8,-1,-1, -1,-1,2021,15.0,2,1,1,2,1,1,1,,2,31,0,,1,2,0,1,0,0,1,, -1,2,5,1,50,3,2,2021,13:55,1,2,2805,2,1,0,3,REIMS Avenue de,49.37323,3.34398,13,2,2
202100039055,131Â 823,A01,1,1,1,5,2,8,-1,-1, -1,-1,2021,21.0,0,1,12,2,8,1,5,,3,PARC (RUE DU),0,,3,4,1,2,0,1,1,, -1,1,0,5,50,20,5,2021,10:14,1,93,93053,2,3,0,3,Rue du Parc / Rue LÃ©o Lagrange,48.893458,2.444356,10,3,2
202100055404,102Â 811,A01,1,1,1,4,8,-1,-1,0,0,-1,2021,50.0,1,4,0,2,1,13,1,,3,166,-1,D,2,2,0,2,45,800,1,, -1,7,0,1,80,13,1,2021,03:35,3,88,88525,1,1,0,1,RD 166,48.275446,6.152977,3,3,2
202100019666,166Â 496,B01,1,1,2,0,1,0,-1,0,0,-1,2021,44.0,1,2,0,2,1,1,1,,4,MULLER (AVENUE PAUL),0,,2,2,0,1,(1),(1),1,, -1,1,0,1,50,10,9,2021,18:45,1,54,54578,2,2,0,1,MULLER (AVENUE PAUL),48.65681,6.13166,18,3,2
202100029239,149Â 496,A01,10,3,1,9,0,-1,-1,1,3,1,2021,7.0,3,2,0,1,3,1,1,,4,,0,,2,1,0,2,(1),(1),1,,3,1,0,1,50,14,7,2021,12:47,1,22,22213,2,1,0,6,La Mettrie Pommerais,48.53034,-1.986085,12,2,1
202100002090,198Â 062,A01,2,2,2,5,1,-1,-1,0,0,-1,2021,88.0,2,2,0,2,2,1,1,,3,126,0,D,2,2,0,1,1,190,1,, -1,1,0,1,80,21,12,2021,14:40,1,30,30336,1,2,0,3,D126,43.879993,4.62842,14,3,2
202100037793,134Â 108,B01,1,1,2,5,1,0,-1,-1, -1,-1,2021,60.0,3,2,0,2,5,12,1,,4,MIRABEAU (PONT),0,,2,3,0,1,(1),(1),1,, -1,1,2,1,50,27,5,2021,17:00,1,37,37261,2,1,0,2,MIRABEAU (PONT),47.3990999372,0.7000962496,17,2,2
202100043852,123Â 286,A01,1,1,1,0,1,0,-1,-1, -1,-1,2021,21.0,1,2,0,2,1,0,1,,1,AUTOROUTE A1,0,,3,8,0,1,2,0,1,, -1,1,0,1,110,16,4,2021,14:00,1,93,93066,1,1,0,4,AUTOROUTE A1,48.9199,2.35745,14,5,5
202100008535,186Â 480,A01,2,2,1,5,1,-1,-1,0,0,-1,2021,18.0,1,2,10,0,3,19,1,,3,24,0,D,2,2,0,4,20,760,3,, -1,2,2,3,80,31,10,2021,00:30,3,41,41073,1,1,0,6,Le Pont de l Urin,47.907267,1.046222,0,3,1
202100050856,110Â 775,A01,1,1,1,1,8,-1,-1,-1, -1,-1,2021,22.0,2,1,0,2,7,19,5,,4,MARECHAL FOCH (DU)                  (AV),0,,2,3,3,1,(1),(1),1,, -1,1,0,1,50,19,2,2021,16:25,1,69,69386,2,2,0,3,MARECHAL FOCH (DU)                  (AV),45.7694762856,4.8437240124,16,2,2
202100019828,166Â 193,A01,1,1,1,5,0,0,-1,-1, -1,-1,2021,14.0,2,1,0,2,1,0,5,,3,CHAMPIGNY (BD DE),0,,2,2,0,1,0,0,1,, -1,1,0,1,30,9,6,2021,20:20,1,94,94068,2,1,0,2,Boulevard de Champigny,48.79932,2.50413,20,2,2
202100056252,101Â 345,A01,10,3,2,5,8,8,-1,3,3,1,2021,77.0,1,2,0,1,2,1,1,,3,ROUTE NATIONALE (CD 937),0,,2,2,0,1,18,842,1,, -1,1,9,1,50,4,1,2021,16:05,2,62,62617,2,6,0,6,ROUTE NATIONALE (CD 937),50.47194,2.66908,16,2,1
202100010415,183Â 104,A01,1,1,1,0,1,-1,-1,0,0,-1,2021,60.0,2,2,6,0,1,5,1,,4,,-1,,1,-1,-1,2,(1),(1),1,, -1,2,0,4,-1,29,10,2021,21:15,5,24,24352,2,2,0,6,3bis Rue du 26 Mars 1944,45.248255,0.34012,21,1,1
202100043467,123Â 962,B01,1,1,1,1,2,6,-1,0,0,-1,2021,59.0,2,1,0,2,2,17,1,,4,VOIE GEORGES POMPIDOU,0,,1,3,3,2,(1),(1),1,, -1,1,0,1,30,19,4,2021,16:30,1,75,75112,2,1,0,3,VOIE GEORGES POMPIDOU,48.846072,2.366024,16,2,2
202100041468,127Â 484,A01,10,3,2,2,0,-1,-1,2,3,1,2021,11.0,3,2,0,1,8,1,1,,4,,-1,,2,2,0,1,(1),(1),1,,7,1,0,1,50,5,5,2021,08:40,1,44,44047,2,1,1,6,Boulevard de l'Europe,47.215163,-1.715187,8,2,1
202100048212,115Â 580,A01,2,2,1,4,1,0,-1,-1, -1,-1,2021,45.0,2,4,3,2,8,1,1,,1,A5A/N6,0,,2,8,0,1,0,1,1,, -1,2,0,1,90,13,3,2021,08:04,2,91,91617,1,1,1,7,A5A/N6,48.63526,2.5357,8,2,1
202100022041,162Â 231,A01,1,1,1,0,1,8,-1,-1, -1,-1,2021,35.0,1,2,3,0,3,13,1,,2,RN12,0,,3,3,0,1,23,799,1,, -1,1,0,1,110,29,8,2021,08:30,1,78,78646,1,1,0,6,RN12,48.793011,2.084819,8,1,1
202100025607,155Â 913,A01,2,2,1,5,2,0,-1,-1, -1,-1,2021,68.0,1,1,12,0,8,13,1,,4,TANNEURS (RUE DES),0,,3,2,2,1,(1),(1),3,, -1,1,0,5,50,4,8,2021,01:00,5,37,37261,2,1,0,7,TANNEURS (RUE DES),47.3953425146,0.6764423847,1,2,1
202100011225,181Â 667,A01,2,2,1,5,1,8,-1,-1, -1,-1,2021,27.0,3,2,0,2,3,1,1,,7,LEDOUX CLAUDE NICOLAS (RUE),0,,2,2,0,1,0,0,4,, -1,1,0,1,70,24,10,2021,06:30,3,13,13001,2,1,1,1,LEDOUX CLAUDE NICOLAS (RUE),43.47549,5.39795,6,3,2
202100041658,127Â 139,B01,1,1,1,5,2,6,-1,-1,0,-1,2021,25.0,3,1,0,2,1,1,1,,4,SALENGRO ROGER ( BOULEVARD),0,,2,2,0,1,(1),(1),1,, -1,1,0,1,50,2,5,2021,15:45,1,95,95280,2,2,0,1,SALENGRO ROGER ( BOULEVARD),49.03572,2.47037,15,2,2
202100030844,146Â 631,B01,1,1,1,5,8,-1,-1,-1, -1,-1,2021,25.0,2,1,0,2,1,16,3,,7,,0,,2,2,0,2,12,400,1,, -1,1,5,1,50,4,7,2021,12:00,1,35,35238,2,2,0,3,CLEMENCEAU (BD GEORGES),48.09459,-1.69015,12,2,2
202100053104,106Â 810,B01,1,1,2,1,1,-1,-1,0,0,-1,2021,30.0,1,2,0,2,1,1,1,,3,37,0,B,2,2,0,2,3,100,2,, -1,2,0,1,50,30,1,2021,17:40,2,38,38114,2,1,1,1,Route d'Auberives,45.415778,4.788172,17,4,2
202100037613,134Â 426,C01,2,2,1,1,1,8,-1,0,0,-1,2021,36.0,1,2,0,2,3,21,1,,4,BOULEVARD LANNES,0,,2,2,0,1,(1),(1),1,, -1,1,0,1,50,28,5,2021,12:00,1,75,75116,2,3,0,4,BOULEVARD LANNES,48.866892,2.271812,12,4,3
202100039118,131Â 705,A01,1,1,1,5,8,0,-1,-1, -1,-1,2021,35.0,1,2,0,2,1,1,1,,3,PASTEUR (AVENUE),0,,2,2,0,1,(1),(1),1,, -1,1,0,1,50,20,5,2021,05:50,2,24,24037,2,9,0,3,PASTEUR (AVENUE),44.85692,0.49192,5,2,2
202100025208,156Â 604,A01,1,1,1,4,0,-1,-1,0,0,-1,2021,22.0,1,5,13,0,3,0,1,,3,6110,-1,,2,2,0,2,10,600,1,, -1,1,0,1,80,7,8,2021,15:40,1,30,30349,1,1,0,6,RD 6110,43.856742,4.097042,15,1,1
202100007275,188Â 750,A01,2,2,1,0,1,0,-1,-1, -1,-1,2021,27.0,2,2,0,2,0,0,1,,7,FIL D'ARIANE (RD902),0,,3,4,0,1,4,100,1,, -1,1,0,1,90,19,11,2021,23:20,3,31,31069,1,1,0,4,FIL D'ARIANE (RD902),43.66335,1.36009,23,5,3
202100036762,135Â 993,B01,1,1,1,4,8,0,-1,-1, -1,-1,2021,19.0,1,5,0,2,1,1,0,,7,EUROPE (DE L')                      (BD),0,,1,2,0,1,3,0,1,, -1,1,9,1,50,1,6,2021,19:15,1,69,69152,2,1,0,2,EUROPE (DE L')                      (BD),45.70345,4.8208,19,2,2
202100038058,133Â 634,B01,1,1,2,0,1,0,-1,-1, -1,-1,2021,35.0,0,2,0,2,2,9,1,,4,WILSON (AV. DU PRESIDENT) 62 A 129,0,,2,2,0,1,1,0,1,, -1,1,0,1,50,27,5,2021,19:30,1,93,93057,2,3,0,3,WILSON (AV. DU PRESIDENT) 62 A 129,48.9075181761,2.5129857659,19,2,2
202100012074,180Â 132,A01,1,1,1,1,2,6,-1,-1, -1,-1,2021,24.0,1,1,0,2,7,17,3,,3,106,0,,2,3,0,1,0,0,1,, -1,1,0,1,50,20,10,2021,13:30,1,92,92026,2,1,0,3,VICTOR HUGO (DE 01 A 45),48.8930857085,2.2553220391,13,2,2
202100003275,195Â 909,A01,10,3,2,5,0,-1,-1,2,3,1,2021,67.0,2,2,0,1,3,1,1,,2,03,-1,,2,2,0,1,(1),(1),1,, -1,2,0,1,50,13,12,2021,18:35,5,972,97218,2,1,1,6,75 Avenue Edgard Nestoret,14.780132,-61.136287,18,2,1
202100048788,114Â 562,A01,1,1,2,3,1,0,-1,-1, -1,-1,2021,71.0,2,2,8,0,4,20,1,,4,ANATOLE FRANCE (R),0,,1,1,0,1,1,0,1,, -1,1,0,4,50,8,3,2021,14:40,1,94,94043,2,1,0,6,ANATOLE FRANCE (R),48.80892,2.35919,14,1,1
202100052765,107Â 411,A01,10,3,1,1,0,-1,-1,3,3,1,2021,44.0,1,2,0,1,1,1,1,,4,DARRIGRAND (AVENUE JEAN),0,,2,2,0,2,0,0,1,, -1,2,0,1,50,1,2,2021,08:20,1,64,64102,2,1,0,6,DARRIGRAND (AVENUE JEAN),43.4793,-1.49001,8,2,1
202100007660,188Â 058,B01,1,1,2,1,2,8,-1,0,0,-1,2021,45.0,2,0,0,2,1,1,3,,4,RUE CHARCOT,0,,1,2,2,2,(1),(1),1,, -1,1,-1,5,30,15,11,2021,19:30,5,75,75113,2,2,0,3,RUE CHARCOT,48.830344,2.370435,19,2,2
202100009354,184Â 985,B01,2,2,2,0,1,-1,-1,0,0,-1,2021,74.0,1,2,0,2,8,19,1,,3,220,0,,2,2,0,2,(1),(1),1,, -1,1,5,1,90,5,11,2021,14:15,1,87,87003,1,2,0,3,lieu dit Ruffec,46.277059,1.39977,14,3,2
202100009069,185Â 495,B01,1,1,1,1,8,-1,-1,-1, -1,-1,2021,61.0,0,2,0,2,1,2,1,,4,11 NOVEMBRE 1918 (DU)               (AV),0,,2,2,1,1,(1),(1),1,, -1,1,0,1,50,6,11,2021,14:30,1,69,69259,2,2,0,3,11 NOVEMBRE 1918 (DU) (AV),45.69082,4.86601,14,2,2
202100041295,127Â 796,A01,1,1,1,5,1,0,-1,-1, -1,-1,2021,57.0,1,2,6,0,1,1,1,,4,CALMETTE (BOULEVARD DU PROFESSEUR ALBERT,0,,2,2,0,1,0,1,1,, -1,1,0,8,50,4,5,2021,19:25,1,24,24037,2,9,0,6,CALMETTE (BOULEVARD DU PROFESSEUR ALBERT,44.85188,0.50148,19,1,1
202100001801,198Â 579,B01,2,2,1,5,1,-1,-1,0,0,-1,2021,16.0,3,2,0,2,8,1,1,,3,75,0,,2,2,0,1,9,800,1,, -1,1,0,1,50,23,12,2021,23:35,5,38,38288,2,3,0,3,RD 75,45.566986,5.008113,23,4,2
202100027319,152Â 891,A01,1,1,1,5,2,0,-1,-1, -1,-1,2021,24.0,1,1,0,2,7,1,1,,4,MOUFIA (ROUTE DE),0,,2,0,0,1,0,0,1,, -1,1,0,1,50,19,7,2021,15:40,1,974,97411,2,3,0,3,MOUFIA (ROUTE DE),-20.89816,55.49149,15,2,2
202100016114,172Â 841,A01,1,1,1,5,8,0,-1,-1, -1,-1,2021,56.0,0,1,0,0,0,26,3,,4,TILLEULS (RUE DES),0,,2,2,0,1,(1),(1),1,, -1,1,0,1,50,12,8,2021,23:45,5,78,78688,2,1,0,7,TILLEULS (RUE DES),48.76046,2.04368,23,1,1
202100050904,110Â 689,B01,1,1,1,0,1,-1,-1,-1, -1,-1,2021,46.0,1,2,0,2,4,1,1,,4,BLUM  LEON RUE,0,,2,2,0,1,(1),(1),1,, -1,2,0,1,50,18,2,2021,10:30,1,29,29232,2,1,0,2,Avenue LÃ©on Blum,47.986442,-4.080796,10,2,2
202100039627,130Â 757,A01,1,1,1,5,2,-1,-1,0,0,-1,2021,45.0,2,1,0,2,1,2,0,,3,939,0,,2,2,0,1,82,247,1,, -1,1,0,1,50,17,5,2021,19:25,2,17,17420,2,1,0,2,Grande Rue de Grolleau,46.116357,-1.020591,19,2,2
202100026519,154Â 297,B01,2,1,1,9,2,8,-1,-1, -1,-1,2021,27.0,1,1,0,2,1,17,5,,4,,0,,2,2,0,1,0,0,1,, -1,1,0,1,50,28,7,2021,09:30,1,92,92012,2,2,0,3,ANATOLE FRANCE (BOULEVARD) 1/4BIS,48.8503404179,2.23777601,9,2,2
202100029281,149Â 425,B01,2,2,1,4,1,8,-1,-1, -1,-1,2021,34.0,2,2,0,2,4,2,1,,4,ELVERT ROBERT (AVENUE),0,,2,2,0,1,0,0,1,, -1,2,5,1,50,12,7,2021,08:20,1,77,77131,2,1,1,2,ELVERT ROBERT (AVENUE),48.803,3.084,8,3,2
202100002635,197Â 069,A01,1,1,1,5,2,6,-1,0,0,-1,2021,28.0,2,1,0,2,1,13,1,,4,,0,,2,2,0,1,(1),(1),3,, -1,1,0,1,50,16,12,2021,14:10,1,6,6069,2,1,0,1,PROVENCE (AVENUE DE),43.65639,6.92506,14,2,2
202100047656,116Â 570,A01,1,1,1,0,8,0,-1,-1, -1,-1,2021,35.0,2,1,0,2,5,2,0,,3,REPUBLIQUE (AV DE LA),0,,1,1,0,1,(1),(1),1,, -1,2,0,1,30,16,3,2021,12:30,1,94,94068,2,1,1,2,REPUBLIQUE (AV DE LA),48.8038602745,2.4859133541,12,2,2
202100056065,101Â 670,A01,1,1,2,9,2,6,-1,0,0,-1,2021,26.0,3,1,0,0,0,1,1,,4,PLACE DES TERNES,0,,1,2,0,1,(1),(1),1,, -1,2,0,1,50,4,1,2021,10:00,1,75,75117,2,7,1,7,PLACE DES TERNES,48.877907,2.297499,10,1,1
202100039162,131Â 623,A01,1,1,1,5,2,8,-1,-1, -1,-1,2021,21.0,2,1,0,2,1,2,1,,3,DOUMER (AVENUE PAUL) EST,0,,3,4,0,1,0,0,1,, -1,1,0,1,50,18,5,2021,13:45,1,92,92063,2,1,0,2,DOUMER (AVENUE PAUL) EST,48.8774,2.17348,13,2,2
202100028527,150Â 726,A01,1,1,1,5,1,-1,-1,0,0,-1,2021,50.0,2,2,0,2,3,13,1,,3,918,0,D,2,2,0,2,20,100,3,, -1,1,0,1,80,18,7,2021,16:30,1,65,65025,1,1,0,1,D918,42.999131,-0.111446,16,2,2
202100049408,113Â 440,A01,1,1,1,1,2,6,-1,0,0,-1,2021,56.0,1,1,0,2,2,18,1,,4,PORTE DE CHATILLON,0,,1,3,0,1,5,900,1,, -1,1,0,1,70,2,3,2021,10:20,1,75,75114,2,1,0,5,PORTE DE CHATILLON,48.821752,2.317932,10,3,3
202100007562,188Â 226,B01,1,1,2,0,1,0,-1,-1, -1,-1,2021,55.0,0,2,0,2,6,15,1,,4,JAURES (BOULEVARD JEAN),0,,-1,2,0,2,0,0,2,, -1,1,0,1,30,17,11,2021,19:20,5,974,97411,2,4,0,2,JAURES (BOULEVARD JEAN),-20.889848,55.452385,19,2,2
202100007477,188Â 388,A01,1,1,1,9,1,9,-1,0,0,-1,2021,29.0,2,2,1,0,6,21,1,,1,28,-1,,1,4,0,4,53,400,2,, -1,1,0,1,130,18,11,2021,19:30,3,76,76424,1,1,0,6,autoroute A 28 PK 053.400 en direction Abbeville,49.760334,1.484726,19,1,1
202100031288,145Â 813,A01,1,1,1,5,2,6,-1,-1,0,-1,2021,32.0,1,1,0,2,1,1,1,,1,AUTOROUTE A15,0,,3,8,0,1,8,399,1,, -1,1,0,1,110,2,7,2021,19:20,1,95,95582,1,1,0,2, A15,48.9657003372,2.2591197611,19,2,2
202100001951,198Â 315,A01,1,1,2,1,1,-1,-1,0,0,-1,2021,53.0,0,2,0,2,8,16,1,,2,,-1,,2,3,0,3,(1),(1),1,,"10,5",2,0,1,50,23,12,2021,08:30,2,28,28051,1,2,0,3,N 10 - PK/PR 054+955,48.186216,1.377937,8,2,2
202100049151,113Â 898,A01,10,3,2,2,0,-1,-1,3,3,2,2021,9.0,1,5,0,1,1,17,0,,3,DIVISION LECLERC (AVENUE),0,,2,2,0,1,0,1,1,, -1,1,0,8,50,5,3,2021,08:30,1,93,93007,2,9,0,6,DIVISION LECLERC (AVENUE),48.9451724928,2.4620243733,8,2,1
202100035756,137Â 794,A01,1,1,1,1,8,0,-1,0,0,-1,2021,24.0,2,1,0,2,1,1,3,,4,PLACE COLUCHE,0,,2,4,0,1,(1),(1),1,, -1,1,0,1,30,8,6,2021,23:15,3,75,75113,2,7,0,3,PLACE COLUCHE,48.826415,2.341793,23,2,2
202100014291,176Â 156,B01,1,1,1,5,2,6,-1,0,0,-1,2021,44.0,2,1,0,2,1,1,1,,3,201,0,,2,2,0,3,2,750,3,, -1,1,0,1,80,9,10,2021,16:30,1,61,61182,1,1,0,1,RD201,48.471627,-0.089457,16,2,2
202100005274,192Â 360,A01,1,1,1,9,2,6,-1,-1, -1,-1,2021,16.0,2,1,0,2,1,16,1,,4,PASCOT (AVENUE PAUL),0,,2,2,0,1,(1),(1),1,, -1,1,0,1,50,26,11,2021,18:45,5,66,66136,2,3,0,3,PASCOT (AVENUE PAUL),42.67573,2.84829,18,3,2
202100026241,154Â 795,B01,2,2,2,0,1,0,-1,-1, -1,-1,2021,23.0,2,2,0,2,1,2,1,,1,A507 sens Aubagne- Marseille,0,,1,2,0,1,1,100,1,, -1,1,0,1,70,30,7,2021,17:10,1,13,13055,1,1,0,4,A507 sens Aubagne- Marseille,43.33631,5.3802,17,4,3
202100002924,196Â 543,B01,4,2,1,0,1,0,-1,-1, -1,-1,2021,42.0,1,3,0,2,1,1,1,2.0,4,SEMBAT (RUE MARCEL),0,,2,2,0,1,(1),(1),1,, -1,2,0,1,30,11,12,2021,17:50,5,56,56098,2,2,1,3,SEMBAT (RUE MARCEL),47.7642,-3.34553,17,3,2
202100024588,157Â 708,B01,1,1,1,0,8,-1,-1,-1, -1,-1,2021,21.0,1,1,0,2,4,1,1,,4,ALBERT THOMAS                       (CO),0,,2,2,3,1,(1),(1),1,, -1,1,0,1,50,11,8,2021,17:30,1,69,69388,2,3,0,2,ALBERT THOMAS (CR),45.74554,4.87128,17,2,2