Num_Acc,id_vehicule,num_veh,place,catu,sexe,trajet,secu1,secu2,secu3,locp,actp,etatp,year_acc,victim_age,senc,catv,obs,obsm,choc,manv,motor,occutc,catr,voie,v1,v2,circ,nbv,vosp,prof,pr,pr1,plan,lartpc,larrout,surf,infra,situ,vma,jour,mois,an,hrmn,lum,dep,com,agg_,int,atm,col,adr,lat,long,hour,nb_victim,nb_vehicules
202100045439,120Â 514,A01,10,3,2,2,0,-1,-1,2,5,2,2021,13.0,1,2,0,1,2,1,1,,3,AV DANIELLE CASANOVA ,0,,2,2,0,1,1,0,1,, -1,1,0,1,30,2,4,2021,15:05,1,94,94041,2,1,0,6,Avenue Danielle Casanova,48.81325,2.38513,15,2,1
202100012184,179Â 938,A01,1,1,2,5,1,-1,-1,-1, -1,-1,2021,18.0,0,2,16,0,1,1,1,,4,DOCTEUR ANDRE CAUCHOIS. RUE DU,0,,2,1,0,1,0,0,1,, -1,1,0,1,50,18,10,2021,03:08,5,76,76540,2,1,0,7,DOCTEUR ANDRE CAUCHOIS. RUE DU,49.45031,1.12559,3,2,1
202100053099,106Â 818,B01,1,1,1,0,2,0,-1,-1, -1,-1,2021,26.0,2,1,0,2,1,14,1,,4,VALMY (RUE DE),0,,3,2,0,1,0,0,1,, -1,2,0,1,50,30,1,2021,14:00,1,93,93027,2,1,0,1,VALMY (RUE DE),48.92247,2.38131,14,2,2
202100041015,128Â 304,B01,1,1,1,5,1,-1,-1,0,0,-1,2021,57.0,2,2,0,2,3,1,1,,3,190,0,,2,2,0,1,6,600,1,, -1,1,0,1,80,16,4,2021,22:40,3,95,95102,1,1,0,1,Rue du Moulin,49.141429,2.02069,22,2,2
202100051161,110Â 224,A01,1,1,1,0,8,0,-1,-1, -1,-1,2021,17.0,1,1,0,2,7,1,1,,4,LADHOF (RUE DU),0,,2,2,0,1,(1),(1),1,, -1,1,0,1,50,7,2,2021,13:17,1,68,68066,2,3,0,3,LADHOF (RUE DU),48.0834655046,7.3658437729,13,2,2
202100036888,135Â 763,A01,1,1,1,5,2,-1,-1,0,0,-1,2021,22.0,2,1,0,0,0,1,1,,3,248,-1,,2,2,0,1,22,850,3,, -1,9,8,1,50,2,6,2021,01:00,3,62,62439,1,1,0,7,D248,50.801527,1.876087,1,1,1
202100033675,141Â 570,A01,1,1,1,5,2,6,-1,-1, -1,-1,2021,43.0,1,1,0,2,0,17,1,,3,180,0,,2,2,0,1,0,0,1,, -1,1,0,1,50,18,6,2021,14:35,1,92,92064,2,1,0,3,BUZENVAL,48.8530090093,2.2017556429,14,2,2
202100014975,174Â 936,B01,1,1,2,0,1,0,-1,-1, -1,-1,2021,45.0,2,2,0,2,4,2,1,,3,AV HENRI BARBUSSE,0,,2,2,0,1,0,0,1,, -1,2,0,1,50,5,10,2021,19:00,1,91,91657,2,1,0,4,AV HENRI BARBUSSE,48.69813,2.41642,19,3,3
202100036844,135Â 840,B01,1,1,1,1,2,6,-1,0,0,-1,2021,49.0,2,1,0,2,8,1,1,,4,AVENUE DE VILLARS,0,,2,3,2,1,(1),(1),1,, -1,1,0,1,50,2,6,2021,13:45,1,75,75107,2,2,0,3,AVENUE DE VILLARS,48.851765,2.313872,13,2,2
202100056114,101Â 578,B01,1,1,1,1,2,6,-1,0,0,-1,2021,55.0,3,1,0,0,0,1,1,,3,426,0,D,1,1,0,2,(1),(1),3,, -1,2,9,1,50,5,1,2021,11:55,1,67,67130,2,6,0,7,Avenue de la Gare,48.422102,7.641576,11,2,2
202100042613,125Â 455,A01,1,1,2,5,2,0,-1,-1, -1,-1,2021,46.0,0,1,0,0,1,1,5,,9,,0,,-1,1,0,2,0,0,1,, -1,1,0,1,30,25,4,2021,15:15,1,92,92064,2,1,0,7,PARC SAINT CLOUD,48.836331,2.210671,15,1,1
202100004591,193Â 571,A01,1,1,1,9,8,-1,-1,0,0,-1,2021,23.0,2,2,13,0,1,1,1,,3,93,-1,,2,2,0,1,18,0,1,, -1,2,0,3,80,5,12,2021,00:30,3,45,45210,1,1,1,7,D93,47.856078,2.826394,0,1,1
202100011530,181Â 107,A01,10,3,1,1,8,8,-1,9,9,1,2021,41.0,1,2,0,1,2,1,1,,4,FAISSAL VAINDUC (RUE),0,,1,1,0,1,0,0,1,, -1,1,0,1,30,22,10,2021,08:40,1,972,97209,2,1,0,6,FAISSAL VAINDUC (RUE),14.61602,-61.06979,8,2,1
202100055754,102Â 204,A01,1,1,2,0,2,6,-1,0,0,-1,2021,43.0,2,1,0,2,7,17,1,,4,DEL PELLEGRINO RUE DOCTEUR FRANCOIS,0,,2,2,0,2,(1),(1),1,, -1,1,0,1,50,8,1,2021,14:25,1,201,201004,2,1,0,3,DEL PELLEGRINO RUE DOCTEUR FRANCOIS,41.9290497287,8.7366653433,14,2,2
202100040750,128Â 769,B01,1,1,1,1,2,8,-1,-1, -1,-1,2021,33.0,3,1,0,2,1,1,1,,4,PIREE (AVENUE DU),0,,2,2,0,1,(1),(1),1,, -1,1,5,1,50,7,5,2021,18:10,1,34,34172,2,3,0,3,PIREE (AVENUE DU),43.60971,3.89554,18,2,2
202100022817,160Â 823,A01,10,3,2,5,0,-1,-1,4,3,1,2021,25.0,1,1,0,1,1,1,1,,4,JEAN BALLARD (COURS),0,,1,2,0,1,0,0,2,, -1,1,6,1,50,22,8,2021,22:10,5,13,13201,2,1,0,6,JEAN BALLARD (COURS),43.2928,5.3747,22,2,1
202100010174,183Â 515,B01,1,1,1,1,1,0,-1,-1, -1,-1,2021,42.0,3,2,0,2,4,23,1,,4,POMPADOUR(ROUTE DE LA),0,,3,4,0,1,1,0,1,, -1,2,0,1,50,30,10,2021,20:35,5,94,94028,2,1,0,2,POMPADOUR(ROUTE DE LA),48.7704,2.4561,20,3,2
202100027447,152Â 666,A01,1,1,2,5,1,-1,-1,0,0,-1,2021,82.0,1,2,6,2,7,15,1,,3,4,-1,,2,1,0,3,47,100,1,,3,1,0,1,50,23,7,2021,15:55,1,4,4244,2,3,0,3,RD 4 / Ch de Saint Jean,44.122669,6.002907,15,4,2
202100015682,173Â 640,A01,1,1,1,5,1,-1,-1,0,0,-1,2021,33.0,1,2,0,2,3,13,1,,3,2371,0,D,2,2,0,1,5,300,1,, -1,1,0,1,90,3,10,2021,06:15,3,3,3217,1,1,0,1,le corret,46.338706,2.663069,6,2,2
202100016251,172Â 583,B01,1,1,1,5,2,0,-1,0,0,-1,2021,40.0,2,1,0,2,8,19,3,,4,BOULEVARD SAINT DENIS,0,,2,4,0,1,(1),(1),1,, -1,1,0,1,30,29,9,2021,11:40,1,75,75103,2,2,0,3,BOULEVARD SAINT DENIS,48.869332,2.354263,11,2,2
202100017103,171Â 059,B01,1,1,1,1,0,0,-1,-1, -1,-1,2021,60.0,2,1,0,2,4,2,5,,3,AV DE PINCE VENT,0,,2,2,0,1,1,0,1,, -1,1,0,1,50,24,9,2021,17:22,1,94,94055,2,1,0,2,Avenue de Pince Vent,48.79,2.55,17,2,2
202100014471,175Â 838,A01,1,1,1,3,2,6,-1,0,0,-1,2021,57.0,1,1,0,2,2,17,1,,2,21,0,,2,2,0,1,73,900,1,, -1,1,0,1,50,8,10,2021,10:00,1,32,32256,2,3,0,3,Avenue de Chanzy (N21),43.511489,0.404281,10,2,2
202100008486,186Â 566,A01,1,1,2,0,1,-1,-1,0, -1,-1,2021,52.0,1,2,0,2,1,1,1,,4,MENDES FRANCE  PIERRE AVENUE,0,,2,2,0,2,(1),(1),1,, -1,1,0,1,50,10,11,2021,16:00,1,29,29232,2,1,0,2,Avenue Pierre Mendes-France,47.9773741973,-4.1241261364,16,2,2
202100008635,186Â 307,A01,1,1,1,5,0,-1,-1,0,0,-1,2021,65.0,1,2,13,0,2,1,0,,3,180,-1,,2,2,0,1,0,0,1,, -1,1,0,3,70,11,11,2021,14:15,1,202,202152,2,1,0,3,RD180,42.897232,9.424328,14,1,1
202100008749,186Â 096,B01,1,1,2,1,8,0,-1,0,0,-1,2021,65.0,2,1,0,2,4,15,5,,4,AVENUE DE VILLIERS,0,,2,4,0,1,(1),(1),1,, -1,1,0,1,30,9,11,2021,19:45,5,75,75117,2,3,0,3,AVENUE DE VILLIERS,48.881201,2.315555,19,2,2
202100040664,128Â 937,A01,1,1,1,5,2,-1,-1,0,0,-1,2021,36.0,1,1,6,1,1,1,1,,4,,-1,,2,2,0,1,(1),(1),1,,5,1,0,1,-1,9,5,2021,13:20,1,44,44084,2,1,0,6,11 AllÃ©e du BÃ©arn,47.237308,-1.35113,13,1,1
202100030936,146Â 462,B01,1,1,1,5,1,-1,-1,0,0,-1,2021,61.0,2,2,0,2,6,1,1,,3,,0,,2,2,0,1,1,100,1,, -1,1,0,1,50,4,7,2021,18:40,1,88,88367,2,1,0,1,Route d Autrey,48.338562,6.658718,18,2,2
202100040960,128Â 403,A01,1,1,2,0,1,0,-1,-1, -1,-1,2021,32.0,1,2,0,2,2,1,1,,4,R DE ROCROY,0,,1,1,0,1,1,0,1,, -1,1,0,1,30,7,5,2021,15:50,1,94,94068,2,2,0,3,Rue de Rocroy,48.7952,2.481,15,2,2
202100022358,161Â 681,A01,10,3,2,5,0,-1,-1,8,1,3,2021,20.0,0,2,0,1,1,1,0,,5,,-1,,-1,1,1,1,(1),(1),1,, -1,1,9,5,-1,28,8,2021,06:10,3,40,40310,1,1,0,2,Chemin du Bayonnais,43.755566,-1.396809,6,2,1
202100042439,125Â 764,A01,1,1,1,5,2,0,-1,-1, -1,-1,2021,45.0,2,1,0,0,0,1,1,,4,CROIX VERTE (RUE DE LA),0,,1,1,0,1,0,0,1,, -1,1,0,1,50,23,4,2021,15:45,1,87,87085,2,1,0,7,CROIX VERTE (RUE DE LA),45.82299,1.25952,15,1,1
202100029822,148Â 482,B01,1,1,2,9,1,0,-1,0,0,-1,2021,74.0,2,2,0,2,5,20,1,,4,RUE LEBLANC,0,,1,2,0,1,(1),(1),1,, -1,1,0,1,50,9,7,2021,16:20,1,75,75115,2,1,0,2,RUE LEBLANC,48.83651,2.280011,16,2,2
202100023993,158Â 752,A01,1,1,2,0,1,0,-1,-1, -1,-1,2021,28.0,3,2,0,2,2,12,1,,3,TOUTES RUES,0,,2,4,0,1,1,0,2,, -1,1,9,1,50,14,8,2021,20:00,2,202,202037,2,6,0,3,TOUTES RUES,42.62903,9.43764,20,2,2
202100013596,177Â 418,A01,10,3,2,2,0,-1,-1,9,3,1,2021,12.0,1,0,0,1,0,1,-1,,3,94,0,,2,4,0,1,0,1,1,, -1,1,0,1,50,12,10,2021,08:10,1,91,91097,2,1,0,7,AV DU GAL CHARLES DE GAULLE,48.6846,2.53104,8,2,1
202100034623,139Â 827,B01,1,1,1,0,2,0,-1,-1, -1,-1,2021,41.0,1,1,0,2,7,19,5,,3,JEAN MONNET (BD),0,,1,2,1,1,1,0,1,, -1,1,0,1,50,13,6,2021,11:05,1,94,94079,2,1,0,1,JEAN MONNET (BD),48.8348,2.547,11,2,2
202100055075,103Â 366,FA01,2,2,2,0,1,0,-1,-1, -1,-1,2021,51.0,1,2,0,1,1,2,1,,4,AVENUE DE VALENTON,0,,2,2,0,1,1,0,1,, -1,2,9,1,50,14,1,2021,07:49,5,94,94078,2,1,0,6,VALENTON (AV DE),48.74001,2.45702,7,3,1
202100011072,181Â 933,B01,1,1,1,0,8,0,-1,-1, -1,-1,2021,36.0,2,1,0,4,1,1,5,,4,,0,,3,6,3,1,0,0,1,, -1,1,4,6,50,22,10,2021,08:45,1,67,67482,2,8,0,3,JEAN JAURES (AVENUE),48.567277,7.771845,8,2,2
202100055296,102Â 980,A01,10,3,1,5,0,-1,-1,2,3,1,2021,81.0,3,4,0,1,3,10,1,,4,STRASBOURG ( BOULEVARD DE ),0,,3,0,0,1,(1),(1),1,, -1,2,9,1,50,12,1,2021,10:30,1,62,62041,2,1,1,6,STRASBOURG ( BOULEVARD DE ),50.28855,2.78056,10,2,1
202100015108,174Â 700,B01,1,1,1,4,1,0,-1,0,0,-1,2021,48.0,2,2,0,2,2,15,2,,4,BOULEVARD ORNANO,0,,2,5,1,1,(1),(1),1,, -1,2,0,1,30,5,10,2021,20:09,5,75,75118,2,2,1,3,BOULEVARD ORNANO,48.894625,2.347148,20,2,2
202100056162,101Â 499,A01,1,1,1,5,1,0,-1,-1, -1,-1,2021,22.0,1,2,8,0,1,1,1,,4,,0,,-1,2,0,1,1,0,1,, -1,1,0,1,50,1,1,2021,06:26,5,49,49015,2,1,0,6,LANGEVIN RUE PAUL,47.518066,-0.610439,6,1,1
202100040677,128Â 915,B01,1,1,1,5,2,-1,-1,0,0,-1,2021,27.0,2,1,0,2,0,17,1,,3,233,0,,2,1,0,1,10,580,1,,"3,5",1,0,1,80,8,5,2021,19:00,1,53,53143,1,3,0,6,Sauloup - D 233,47.975688,-0.677494,19,2,2
202100019048,167Â 592,A01,1,1,1,0,2,-1,-1,0,0,-1,2021,57.0,0,1,0,2,8,19,1,,3,,-1,,3,2,0,1,3,240,4,,4,1,5,1,50,12,9,2021,14:10,1,47,47100,2,9,0,3,CÃ´te de Gaillard,44.229954,0.637432,14,2,2
202100051568,109Â 520,A01,1,1,2,4,1,-1,-1,-1, -1,-1,2021,38.0,2,2,6,0,2,1,1,,4,BOUTARY (DE)                        (CH),0,,2,2,0,2,(1),(1),1,, -1,5,0,1,50,12,2,2021,18:50,5,69,69034,2,3,1,6,BOUTARY (DE) (CHM),45.79247,4.85728,18,1,1
202100036246,136Â 891,B01,1,1,1,4,2,8,-1,-1, -1,-1,2021,28.0,3,1,0,2,1,1,1,,4,MERMOZ (AVENUE JEAN),0,,2,4,0,1,(1),(1),1,, -1,1,0,1,50,5,6,2021,12:45,1,34,34172,2,2,0,3,MERMOZ (AVENUE JEAN),43.61219,3.88952,12,2,2
202100050392,111Â 621,A01,1,1,1,3,1,-1,-1,0,0,-1,2021,81.0,2,2,0,2,1,13,1,,3,978,0,,2,2,0,1,65,600,1,, -1,1,0,1,80,25,2,2021,17:25,1,71,71182,1,1,0,5,Route d'Autun,46.803978,4.773733,17,6,3
202100054631,104Â 136,B01,1,1,1,3,2,6,-1,0,0,-1,2021,27.0,1,1,0,2,1,1,1,,3,1,-1,D,2,2,0,1,61,50,1,, -1,1,0,1,50,18,1,2021,15:40,1,31,31106,2,1,0,1,Avenue de Toulouse,43.531493,1.754969,15,2,2
202100042723,125Â 268,B01,1,1,1,5,2,6,-1,-1, -1,-1,2021,31.0,3,1,0,2,2,1,1,,3,63,0,,2,4,0,2,1,0,1,, -1,1,5,1,30,23,4,2021,18:35,1,92,92071,2,2,0,3,QUATRES CHEMINS (AVENUE DES),48.77908,2.2802,18,2,2
202100014093,176Â 509,A01,1,1,1,0,2,6,-1,-1, -1,-1,2021,28.0,1,1,0,2,1,3,1,,1,AUTOROUTE A86,0,,1,2,0,1,51,508,1,, -1,1,0,1,70,10,10,2021,16:20,1,94,94034,1,1,0,2,AUTOROUTE A86,48.76063,2.31917,16,2,2
202100002477,197Â 342,A01,1,1,1,0,1,0,-1,-1, -1,-1,2021,63.0,1,2,1,0,2,1,2,,4,"VERSAILLES (AVENUE DE, DU 2 AU 28 ET DU",0,,2,2,0,1,1,0,1,, -1,1,0,1,50,17,12,2021,08:15,2,93,93032,2,1,0,2,"VERSAILLES (AVENUE DE, DU 2 AU 28 ET DU",48.87809,2.53954,8,1,1
202100040640,128Â 970,A01,1,1,1,0,0,-1,-1,0,0,-1,2021,37.0,1,2,2,0,1,14,1,,3,24,0,,2,2,0,1,14,820,2,, -1,2,0,3,80,9,5,2021,23:56,3,12,12053,1,1,1,6,D24,44.450643,1.938679,23,1,1
202100034445,140Â 163,A01,10,3,2,5,0,-1,-1,2,3,3,2021,12.0,3,2,1,1,2,1,2,,6,ROBERT PEARY (R),0,,-1,0,0,1,0,1,3,, -1,1,0,1,30,13,6,2021,19:40,1,94,94022,2,9,0,6,Rue Robert Peary,48.75424,2.41378,19,2,1
202100000802,200Â 284,A01,1,1,1,5,2,6,-1,0,0,-1,2021,55.0,1,1,0,2,1,13,1,,3,10,-1,,2,2,0,4,38,950,1,, -1,2,0,1,80,31,12,2021,19:00,3,18,18027,1,1,1,3,Route de raymond - RD 10,47.006121,2.710764,19,3,2
202100003530,195Â 434,B01,1,1,1,4,2,8,-1,-1, -1,-1,2021,19.0,2,1,0,2,0,9,3,,3,RUE DE BARBEZIEUX,0,,2,2,0,1,82,140,1,, -1,1,0,1,50,11,5,2021,19:50,1,16,16102,2,7,1,7,RUE DE BARBEZIEUX,45.68489,-0.329,19,2,2
202100034018,140Â 953,A01,10,3,2,5,0,-1,-1,2,5,3,2021,18.0,3,2,0,1,3,26,1,,4,JACOBINS (DES)                      (PL),0,,1,2,3,1,(1),(1),1,, -1,1,0,1,50,15,6,2021,23:50,5,69,69382,2,1,0,6,JACOBINS (DES) (PL),45.7605248629,4.8340299726,23,3,1
202100002698,196Â 948,B01,2,2,2,5,2,6,-1,0,0,-1,2021,18.0,1,1,0,0,4,1,1,,1,54,-1,,3,4,3,1,71,650,1,, -1,1,0,2,90,17,12,2021,15:45,1,13,13103,1,1,0,2,"Autoroute A54, pk 071+650, sens ARLES-SALON",43.6265857465,5.1158952713,15,5,2
202100039070,131Â 801,B01,1,1,1,1,2,8,-1,-1, -1,-1,2021,39.0,3,1,0,2,4,16,1,,3,GRAND VAUX (RUE),0,,1,2,0,2,0,0,3,, -1,1,0,1,50,20,5,2021,21:20,5,91,91216,2,4,0,2,GRAND VAUX (RUE),48.674401,2.334768,21,2,2
202100001047,199Â 892,A01,1,1,1,4,1,0,-1,-1, -1,-1,2021,48.0,1,2,0,2,1,1,0,,3,REPUBLIQUE ( AV. DE LA ),0,,2,2,0,1,0,120,1,, -1,2,0,1,50,28,12,2021,21:30,5,3,3185,2,2,1,3,REPUBLIQUE ( AV. DE LA ),46.34375,2.59978,21,5,2
202100027553,152Â 472,B01,1,1,1,4,2,8,-1,-1, -1,-1,2021,21.0,2,1,0,2,1,1,1,,4,PIERRE DOIZE  (RUE),0,,2,2,0,1,0,0,1,, -1,1,0,1,50,22,7,2021,22:00,5,13,13210,2,1,0,3,PIERRE DOIZE  (RUE),43.2766397213,5.4268260768,22,2,2
202100012697,179Â 022,B01,1,1,1,5,2,-1,-1,0,0,-1,2021,19.0,1,6,0,2,3,1,1,,3,221,0,D,2,2,0,4,28,100,1,,4,1,0,1,50,17,10,2021,12:25,1,35,35195,1,3,0,1,Lieu Dit Langager,48.30415,-1.685227,12,2,2
202100034612,139Â 845,A01,1,1,2,1,2,6,-1,0,0,-1,2021,21.0,3,1,12,0,1,14,1,,4,PLACE CAMBRONNE,0,,1,3,0,1,(1),(1),1,, -1,1,0,1,50,13,6,2021,14:40,1,75,75115,2,7,0,6,PLACE CAMBRONNE,48.847884,2.301408,14,1,1
202100011275,181Â 581,A01,10,3,1,0,0,-1,-1,8,0,1,2021,4.0,3,2,0,1,8,1,1,,7,1,0,D,1,2,3,1,2,0,1,,"5,5",1,0,1,15,21,10,2021,16:30,1,69,69292,2,1,0,6,PAUL DELORME (AV),45.821255,4.871828,16,2,1
202100018707,168Â 202,B01,1,1,1,0,2,6,-1,-1, -1,-1,2021,25.0,2,1,0,2,1,1,0,,1,AUTOROUTE A1,0,,3,2,0,1,12,199,1,, -1,1,0,1,90,16,9,2021,09:30,1,93,93005,1,1,0,3,AUTOROUTE A1,48.962895,2.47053,9,2,2
202100018770,168Â 090,B01,2,2,2,3,1,-1,-1,-1, -1,-1,2021,12.0,1,2,0,2,4,23,1,,4,ALBERT 1ER (BD),0,,1,1,1,1,0,0,1,, -1,1,0,1,50,15,9,2021,15:55,1,35,35238,2,1,0,2,ALBERT 1ER (BD),48.08995,-1.68839,15,3,2
202100019119,167Â 450,B01,1,1,1,1,2,6,-1,-1,0,-1,2021,53.0,1,1,0,2,1,1,1,,2,RN 184,0,,3,4,0,1,4,500,1,, -1,2,0,1,90,14,9,2021,08:28,2,95,95572,1,1,1,3,RN 184,49.04056,2.1277,8,2,2
202100005872,191Â 294,A01,1,1,1,0,8,-1,-1,-1, -1,-1,2021,39.0,-1,2,3,0,7,0,1,,7,URBAIN SUD                              ,0,,1,2,0,2,(1),(1),3,, -1,2,3,3,80,27,11,2021,01:27,5,69,69276,1,1,0,6,URBAIN SUD (BD)                          ,45.67981,4.85019,1,1,1
202100029711,148Â 688,B01,1,1,1,0,2,6,9,0,0,-1,2021,69.0,2,1,0,2,1,1,1,,3,2,-1,,2,2,0,2,(1),(1),1,, -1,1,0,1,80,11,7,2021,16:45,1,46,46102,1,1,0,1,dÃ©partementale 2 - lieu dit Poutisse,44.604952,2.061117,16,2,2
202100014060,176Â 564,A01,1,1,1,4,1,9,-1,0,0,-1,2021,54.0,1,5,0,2,1,2,1,,1,26,-1,,1,4,0,1,237,200,1,, -1,1,0,1,130,11,10,2021,07:30,2,2,2013,1,1,0,2,Autoroute A26 PK 237+200 dans le sens de circualtion CALAIS/REIMS,49.464619,3.916752,7,2,2
202100049266,113Â 697,A01,10,3,2,3,0,-1,-1,4,3,2,2021,16.0,2,0,9,2,0,26,0,,4,REPUBLIQUE (BD DE LA),0,,-1,4,0,1,0,0,1,, -1,1,5,1,50,22,2,2021,16:35,1,13,13001,2,1,0,6,REPUBLIQUE (BD DE LA),43.52844,5.44259,16,2,1
202100036547,136Â 390,B01,1,1,1,0,1,-1,-1,0,0,-1,2021,56.0,1,2,0,2,3,1,1,,3,504,-1,D,2,2,0,2,37,800,3,, -1,2,0,1,80,4,6,2021,20:15,1,69,69192,1,1,1,1,D504 - Col du Parasoir,46.0301783874,4.5378577709,20,2,2
202100048375,115Â 286,B01,1,1,1,0,2,8,-1,-1, -1,-1,2021,54.0,1,1,0,2,8,1,1,,2,11 - RT,0,,2,2,0,1,1,0,1,, -1,1,0,1,50,11,3,2021,15:30,1,202,202037,2,1,0,3,11 - RT,42.62567,9.43713,15,2,2
202100010113,183Â 630,B01,2,2,2,0,1,0,-1,-1, -1,-1,2021,9.0,2,2,0,2,4,2,1,,1,AUTOROUTE A3,0,,1,6,0,1,6,400,1,, -1,2,0,1,70,31,10,2021,15:04,1,93,93053,1,1,1,2,AUTOROUTE A3,48.89231,2.47278,15,3,2
202100028809,150Â 224,A01,2,2,1,5,1,8,-1,-1, -1,-1,2021,21.0,3,2,3,0,1,19,1,,3,RD 149,0,,2,2,0,1,2,433,1,, -1,1,2,8,50,12,7,2021,02:12,5,76,76114,2,3,0,6,RD 149,49.5914431743,0.4856514931,2,2,1
202100015107,174Â 703,B01,1,1,2,1,8,0,-1,0,0,-1,2021,23.0,0,0,0,2,8,1,3,,4,PORTE DE MONTREUIL,0,,1,2,1,1,(1),(1),1,, -1,1,5,5,30,5,10,2021,07:30,1,75,75120,2,7,0,3,PORTE DE MONTREUIL,48.854361,2.41306,7,2,2
202100001568,199Â 008,A01,10,3,1,0,0,-1,-1,3,3,1,2021,47.0,1,2,0,1,3,19,1,,4,RUE DE VERDUN,0,,1,2,0,1,0,0,1,, -1,1,0,1,50,23,12,2021,08:00,1,988,98818,2,2,0,6,RUE DE VERDUN/RUE DU GENERAL MANGIN,-22.27262,166.44015,8,2,1
202100029279,149Â 429,B01,1,1,1,0,1,0,-1,-1, -1,-1,2021,47.0,1,2,0,2,5,15,1,,7,PICOT (AVE DU COLONEL),0,,2,2,0,2,3,540,1,, -1,1,0,1,50,10,7,2021,17:30,1,83,83137,2,9,0,2,PICOT (AVE DU COLONEL),43.12775,5.96348,17,2,2
202100041055,128Â 225,B01,1,1,2,2,8,-1,-1,-1, -1,-1,2021,18.0,2,1,0,2,7,19,5,,4,VENDOME                             (R ),0,,2,3,1,1,(1),(1),1,, -1,1,9,1,50,3,5,2021,16:00,1,69,69386,2,2,0,3,VENDOME (R),45.76582,4.84559,16,2,2
202100019505,166Â 767,A01,1,1,1,0,2,6,-1,0,0,-1,2021,30.0,0,1,3,0,2,1,1,,4,VOIE RAPIDE,0,,1,3,0,1,(1),(1),2,, -1,1,0,1,30,11,9,2021,04:41,5,6,6088,2,1,0,6,VOIE RAPIDE,43.67286,7.218174,4,1,1
202100027500,152Â 572,A01,1,1,1,0,2,0,-1,-1, -1,-1,2021,39.0,2,1,0,2,1,1,1,,4,GEORGES GRATIANT (AVENUE),0,,2,2,0,2,(1),(1),1,, -1,1,0,1,30,22,7,2021,12:30,1,972,97209,2,1,0,2,GEORGES GRATIANT (AVENUE),14.61249,-61.04083,12,2,2
202100008871,185Â 882,A01,10,3,1,2,8,-1,-1,2,2,1,2021,18.0,1,2,0,1,1,17,2,,2,,0,,3,1,0,1,(1),(1),3,,"3,5",1,0,1,50,8,11,2021,19:00,5,974,97410,2,6,0,6,Rte Nationale 2,-21.047056,55.716771,19,2,1
202100022342,161Â 706,B01,1,1,1,1,1,-1,-1,0,0,-1,2021,47.0,1,2,0,2,1,0,1,,3,29,0,,2,2,0,1,32,1,2,, -1,1,0,1,80,23,7,2021,16:45,1,31,31118,1,1,0,1,Route de Fronton,43.792054,1.361165,16,3,2
202100040902,128Â 516,B01,1,1,1,5,8,8,-1,0,0,-1,2021,78.0,2,1,0,2,8,2,5,,3,RD909,0,,2,2,0,1,2,800,1,, -1,1,0,1,80,3,5,2021,14:20,1,54,54167,1,1,0,6,RD909,48.664558,5.955727,14,2,2
202100016913,171Â 388,A01,1,1,2,9,1,0,-1,-1, -1,-1,2021,21.0,2,2,0,2,8,15,1,,3,RN 60,0,,1,1,0,2,1,0,2,, -1,1,0,1,50,24,9,2021,08:50,1,45,45308,2,3,0,3,ST JEAN DE BRAYE (ROUTE),47.92348,1.95653,8,3,2
202100019144,167Â 410,A01,1,1,2,5,1,0,-1,-1, -1,-1,2021,32.0,1,2,0,2,8,19,1,,4,GAY-LUSSAC (COURS),0,,3,2,0,1,0,0,1,, -1,1,0,1,50,11,9,2021,02:45,5,87,87085,2,2,0,3,GARIBALDI (AVENUE),45.83519,1.26051,2,2,2
202100037490,134Â 658,A01,1,1,1,0,0,-1,-1,0,0,-1,2021,25.0,0,1,0,0,0,0,3,,4,,0,,2,2,0,1,(1),(1),1,, -1,1,0,1,50,29,5,2021,20:15,1,3,3264,2,1,0,7,Chemin de Chamoiroux,46.067885,3.474609,20,1,1
202100035262,138Â 671,B01,1,1,1,0,2,0,-1,-1, -1,-1,2021,16.0,1,1,0,2,1,1,1,,4,GRAMMONT (AVENUE DE),0,,2,4,3,1,(1),(1),1,, -1,1,0,1,50,9,6,2021,19:45,1,37,37261,2,1,0,6,GRAMMONT (AVENUE DE),47.38731,0.69002,19,2,2
202100014627,175Â 567,A01,1,1,1,1,2,6,-1,0,0,-1,2021,49.0,2,1,0,0,3,3,1,,4,PORTE D ITALIE,0,,1,4,0,1,2,0,1,, -1,1,0,1,70,7,10,2021,09:35,1,75,75113,2,1,0,7,PORTE D ITALIE,48.817614,2.367469,9,1,1
202100050166,112Â 046,A01,10,3,2,5,0,-1,-1,9,9,2,2021,10.0,3,1,0,1,0,0,3,,9,DIX-NEUF MARS 1962 (RUE DU),0,,-1,1,1,1,0,0,1,, -1,1,6,6,25,21,2,2021,17:30,1,71,71497,1,1,0,6,DIX-NEUF MARS 1962 (RUE DU),46.33728,4.85062,17,2,1
202100041270,127Â 833,A01,1,1,2,5,2,0,-1,-1, -1,-1,2021,23.0,1,1,0,0,8,21,1,,4,BIARRITZ (AVENUE DE),0,,2,2,0,1,0,0,1,, -1,2,0,1,50,5,5,2021,08:30,1,64,64024,2,1,1,7,BIARRITZ (AVENUE DE),43.48033,-1.5176,8,1,1
202100007129,189Â 026,B01,1,1,1,5,0,0,-1,0,0,-1,2021,77.0,2,0,0,2,1,2,3,,4,358,0,,3,4,0,1,0,0,3,, -1,1,0,1,50,18,11,2021,15:40,1,988,98818,2,2,0,2,PROMENADE ROGER LAROQUE/ROUTE DE L'ANSE-VATA,-22.30296,166.4453,15,2,2