Num_Acc,id_vehicule,num_veh,place,catu,sexe,trajet,secu1,secu2,secu3,locp,actp,etatp,year_acc,victim_age,senc,catv,obs,obsm,choc,manv,motor,occutc,catr,voie,v1,v2,circ,nbv,vosp,prof,pr,pr1,plan,lartpc,larrout,surf,infra,situ,vma,jour,mois,an,hrmn,lum,dep,com,agg_,int,atm,col,adr,lat,long,hour,nb_victim,nb_vehicules
202100001829,198Â 527,B01,1,1,2,3,1,-1,-1,0,0,-1,2021,64.0,1,2,0,2,0,0,1,,4,Route de Brest,0,,2,2,0,1,(1),(1),1,, -1,1,0,1,50,18,5,2021,15:59,1,29,29232,2,1,0,3,Route de Brest,48.01713,-4.08303,15,2,2
202100024232,158Â 355,A01,1,1,2,5,1,0,-1,-1, -1,-1,2021,36.0,1,2,0,2,1,2,1,,2,RN2 SENS STE SUZANNE ST BENOIT,0,,2,4,0,1,(1),(1),1,, -1,1,9,1,110,13,8,2021,17:00,1,974,97409,1,1,0,2,RN2 SENS STE SUZANNE ST BENOIT,-20.9716905238,55.6552530942,17,2,2
202100019711,166Â 409,A01,1,1,1,0,2,0,-1,-1, -1,-1,2021,62.0,1,1,0,2,0,21,1,,4,CHARMILLES (MAIL DES),0,,1,2,0,1,(1),(1),3,, -1,2,0,1,50,9,9,2021,08:50,1,10,10387,2,1,1,7,CHARMILLES (MAIL DES),48.3029,4.08676,8,1,1
202100052228,108Â 347,A01,10,3,2,5,0,-1,-1,1,3,1,2021,71.0,1,1,0,1,1,1,1,,4,AVENUE DU PRESIDENT KENNEDY,0,,-1,3,3,1,(1),(1),1,, -1,2,0,1,50,7,2,2021,17:50,5,75,75116,2,1,1,6,AVENUE DU PRESIDENT KENNEDY,48.853925,2.282792,17,2,1
202100034870,139Â 383,A01,1,1,1,5,2,6,9,0,0,-1,2021,23.0,3,1,2,0,1,14,1,,4,,-1,,2,2,0,2,(1),(1),2,,4,9,0,3,50,12,6,2021,10:45,1,88,88436,1,1,0,6,2 La Vouille,48.379938,7.083027,10,1,1
202100038637,132Â 572,A01,1,1,1,5,2,8,-1,-1, -1,-1,2021,70.0,1,1,0,2,1,1,1,,4,ROUX   RUE DE,0,,2,2,0,1,(1),(1),1,, -1,1,0,1,50,23,5,2021,17:09,1,17,17300,2,1,0,2,ROUX   RUE DE,46.139018,-1.148028,17,2,2
202100049083,114Â 025,B01,1,1,1,0,1,5,-1,-1, -1,-1,2021,51.0,3,2,0,2,7,10,1,,7,,-1,,2,10,-1,1,(1),(1),1,,30,1,0,1,50,5,3,2021,16:35,1,59,59512,2,9,0,5,JAURES (AVENUE JEAN),50.67599,3.15959,16,6,4
202100042398,125Â 844,A01,1,1,1,5,2,6,-1,0,0,-1,2021,34.0,2,1,13,0,1,17,1,,3,28,-1,,2,2,0,1,60,200,4,, -1,1,0,1,70,25,4,2021,18:30,1,28,28191,1,1,0,7,D28,48.581519,1.677947,18,1,1
202100033310,142Â 227,B01,1,1,2,1,1,0,-1,0,0,-1,2021,31.0,2,2,6,2,4,16,1,,2,GEORGES POMPIDOU AVENUE,0,,1,3,0,1,2,900,1,, -1,1,0,1,50,14,6,2021,13:25,1,201,201004,2,1,0,2,GEORGES POMPIDOU AVENUE,41.9332764496,8.7551077081,13,2,2
202100027217,153Â 065,A01,1,1,1,0,2,6,-1,0,0,-1,2021,22.0,1,1,0,2,1,1,1,,4,BRAS (RUE DE),0,,1,1,0,1,1,0,1,, -1,1,0,1,50,25,7,2021,02:15,5,14,14118,2,3,0,1,Rue de Bras,49.1817,-0.36657,2,2,2
202100023139,160Â 256,B01,1,1,2,0,2,6,-1,-1, -1,-1,2021,36.0,1,1,0,2,5,0,1,,4,CHASTENET DE GERY (BD),0,,2,8,0,1,1,0,2,, -1,1,0,1,50,21,8,2021,16:00,1,94,94076,2,6,0,3,CHASTENET DE GERY (BD),48.8,2.35,16,2,2
202100032550,143Â 586,A01,10,3,2,5,0,-1,-1,3,3,1,2021,67.0,1,5,0,1,2,1,1,,3,559,-1,,2,2,0,1,77,250,1,, -1,1,9,1,70,23,6,2021,12:30,1,83,83036,1,9,0,6,D559,43.185082,6.545153,12,2,1
202100035472,138Â 306,B01,1,1,1,5,8,0,-1,-1, -1,-1,2021,23.0,1,1,0,2,1,1,5,,4,ROMAINS (ROUTE DES),0,,2,4,1,1,0,0,1,, -1,1,0,1,50,8,6,2021,16:30,1,67,67482,2,1,0,3,ROMAINS (ROUTE DES),48.57946,7.71068,16,2,2
202100048897,114Â 357,A01,1,1,2,1,1,-1,-1,0,0,-1,2021,29.0,2,2,0,2,1,11,1,,3,820,0,D,4,3,0,1,1,850,3,, -1,1,0,1,90,8,3,2021,07:45,1,31,31118,1,1,0,1,"D 820, PK 001.850",43.795261,1.335697,7,2,2
202100014974,174Â 938,B01,1,1,1,1,1,0,-1,-1, -1,-1,2021,21.0,3,2,0,2,3,26,1,,4,CONDORCET (AVENUE),0,,3,0,0,1,0,0,1,, -1,1,0,1,50,4,10,2021,17:50,1,91,91570,2,1,0,3,CONDORCET (AVENUE),48.6221,2.32412,17,2,2
202100038888,132Â 119,B01,1,1,1,1,2,6,-1,-1, -1,-1,2021,29.0,1,1,0,2,1,17,1,,3,46,0,,2,1,0,1,0,0,1,, -1,1,0,1,50,21,5,2021,22:15,5,91,91549,2,1,0,3,REGIMENT NORMANDIE-NIEMEN (AVENUE DU),48.63772,2.32856,22,2,2
202100004327,194Â 024,A01,1,1,1,1,0,-1,-1,0,0,-1,2021,20.0,3,1,10,0,2,1,3,,4,,-1,,2,2,0,1,(1),(1),1,,4,1,0,8,50,4,12,2021,08:45,1,66,66003,2,1,0,6,Avenue du Vieux Pont,42.477889,2.672639,8,1,1
202100002902,196Â 582,B01,2,2,1,5,1,8,-1,-1, -1,-1,2021,69.0,3,2,0,2,4,23,2,,3,CONSTANCE (BOULEVARD DE ),0,,2,4,0,2,22,3,1,, -1,2,0,1,50,13,12,2021,12:20,1,77,77186,2,1,0,2,D607,48.4021,2.68715,12,3,2
202100032673,143Â 363,A01,1,1,2,2,1,-1,-1,0,0,-1,2021,19.0,1,2,13,0,1,1,1,,3,ERGUE ARMEL BOULEVARD D',0,,3,3,0,2,52,900,2,, -1,2,0,1,70,20,6,2021,19:20,1,29,29232,1,1,1,6,Boulevard Ergue Armel,47.98429,-4.07412,19,1,1
202100023443,159Â 717,A01,10,3,1,0,0,-1,-1,3,3,-1,2021,68.0,3,5,0,1,3,15,1,,7,DULAC (AVENUE GUILLAUME),0,,2,2,0,1,0,0,1,, -1,1,0,1,50,19,8,2021,08:00,1,13,13028,2,1,0,1,DULAC (AVENUE GUILLAUME),43.1962875264,5.6130073764,8,2,1
202100012556,179Â 274,A01,1,1,1,0,1,-1,-1,0,0,-1,2021,26.0,2,2,4,0,3,2,1,,1,16,0,,3,4,0,1,82,900,1,, -1,1,0,1,130,18,10,2021,16:53,1,60,60003,1,1,0,7,Autoroute A16,49.5210942836,2.1865339191,16,1,1
202100026754,153Â 900,A01,10,3,2,0,0,-1,-1,2,3,1,2021,84.0,1,2,0,1,1,2,1,,3,00,0,O,2,2,0,1,0,0,3,, -1,1,0,1,50,13,7,2021,11:20,1,9,9261,2,1,0,6,Boulevard FrÃ©dÃ©ric Arnaud,42.984947,1.147409,11,2,1
202100049044,114Â 088,B01,1,1,1,1,1,0,-1,-1, -1,-1,2021,27.0,1,2,0,2,4,2,1,,2,RN1 (ROUTE NATIONALE),0,,1,1,0,1,(1),(1),3,, -1,1,0,1,70,4,3,2021,07:30,1,974,97416,1,1,0,4,RN1 (ROUTE NATIONALE),-21.33188,55.45704,7,3,3
202100049455,113Â 363,A01,1,1,2,0,1,-1,-1,0,0,-1,2021,85.0,2,2,0,0,2,19,1,,3,64,0,D,2,2,0,1,2,1,1,, -1,1,0,1,80,26,2,2021,14:11,1,22,22308,1,2,0,3,D64,48.354173,-2.066025,14,2,2
202100034787,139Â 531,A01,10,3,2,9,0,-1,-1,4,3,1,2021,43.0,2,1,0,1,1,1,3,,4,RUE DE LANCRY,0,,2,2,1,1,(1),(1),1,, -1,1,0,5,30,12,6,2021,19:15,1,75,75110,2,2,0,6,RUE DE LANCRY,48.870527,2.361193,19,2,1
202100015859,173Â 328,A01,1,1,1,0,2,8,-1,-1, -1,-1,2021,18.0,1,1,0,0,0,1,1,,3,109,0,,2,2,0,1,0,0,1,, -1,2,0,1,50,29,9,2021,17:05,1,92,92036,2,1,0,7,CAMELINAT (BOULEVARD) (1/47),48.927615,2.297064,17,1,1
202100036355,136Â 712,A01,2,2,2,5,1,-1,-1,-1,0,-1,2021,23.0,2,2,0,2,6,1,1,,1,AUTOROUTE A115,0,,3,5,0,1,3,700,3,, -1,1,0,1,90,4,6,2021,23:30,3,95,95491,1,1,0,2,A115,49.00436,2.24558,23,3,2
202100053820,105Â 547,B01,2,2,1,5,1,8,-1,-1, -1,-1,2021,26.0,1,5,0,2,1,2,1,,1,A13,0,,3,6,0,1,47,250,1,, -1,1,0,1,110,25,1,2021,15:26,1,78,78291,1,1,0,4,A13,48.9719,1.73185,15,7,4
202100021369,163Â 452,B01,1,1,1,5,8,-1,-1,0,0,-1,2021,21.0,1,2,0,2,3,13,1,,2,2,0,,2,2,0,4,3,56,3,, -1,1,0,1,80,3,9,2021,02:50,4,973,97307,1,1,0,1,RN 2,4.865388,-52.333696,2,7,2
202100027264,152Â 988,A01,1,1,1,5,2,6,-1,0,0,-1,2021,21.0,3,1,0,2,3,13,1,,4,2,0,,2,2,0,4,(1),(1),2,, -1,1,0,1,80,24,7,2021,18:10,1,12,12198,1,1,0,3,lavernhe,44.285661,2.222583,18,2,2
202100027492,152Â 584,B01,1,1,1,9,2,8,-1,-1, -1,-1,2021,62.0,3,1,0,2,7,1,1,,4,LALLOUETTE,0,,1,1,0,1,(1),(1),1,, -1,1,9,1,50,22,7,2021,16:35,1,973,97302,2,9,0,3,LALLOUETTE,4.9407170049,-52.3292470734,16,2,2
202100006005,191Â 061,A01,2,2,2,5,1,0,-1,-1, -1,-1,2021,75.0,3,2,1,2,5,26,1,,4,MARECHAL VAILLANT (R DU),0,,2,2,0,2,1,0,1,, -1,2,0,1,30,27,11,2021,17:25,5,94,94052,2,1,1,4,Rue du MarÃ©chal Vaillant,48.8398555523,2.4900984764,17,5,4
202100054897,103Â 684,B01,1,1,1,5,1,0,-1,-1, -1,-1,2021,55.0,3,2,0,2,1,15,1,,4,FLORENCE (AVENUE DE),0,,2,2,0,1,(1),(1),1,, -1,2,0,1,50,14,1,2021,14:20,1,37,37261,2,3,1,3,FLORENCE (AVENUE DE),47.3757332872,0.7340347909,14,2,2
202100053739,105Â 686,A01,1,1,1,0,1,0,-1,-1, -1,-1,2021,51.0,1,2,0,0,9,26,1,,1,VA008482 A624,0,,3,2,0,1,1,353,1,, -1,1,0,1,90,22,1,2021,21:05,5,31,31555,1,1,0,7,VA008482 A624,43.6101,1.38635,21,1,1
202100020729,164Â 574,A01,10,3,2,5,0,-1,-1,2,3,1,2021,9.0,1,2,0,1,1,1,1,,4,LENINE (AVENUE) NR 2 A 26,0,,2,2,0,1,0,1,1,, -1,1,0,1,50,5,9,2021,17:07,1,93,93066,2,1,0,6,2 Ã  26 Avenue LÃ©nine,48.937907,2.368386,17,2,1
202100050465,111Â 490,B01,1,1,2,0,1,-1,-1,-1, -1,-1,2021,46.0,2,2,0,2,1,1,1,,4,OUSTALET (RUE DE L') DU 01 ET +,0,,2,2,1,1,(1),(1),1,, -1,1,5,1,30,23,2,2021,13:15,1,33,33529,2,3,0,1,Rue de lâOustalet,44.6242036049,-1.1514460921,13,2,2
202100007574,188Â 204,A01,1,1,1,0,2,6,-1,-1, -1,-1,2021,46.0,3,1,0,2,1,1,1,,4,RUE DU POIRIER,0,,2,2,0,2,0,100,1,, -1,2,0,1,50,15,11,2021,19:45,5,91,91114,2,3,1,3,RUE DU POIRIER,48.7,2.5,19,2,2
202100014378,176Â 010,B01,1,1,1,1,8,0,-1,-1, -1,-1,2021,52.0,3,1,0,2,4,1,5,,4,D936,0,,2,5,0,1,(1),(1),1,, -1,1,0,1,50,8,10,2021,12:05,1,33,33167,1,6,0,3,Route de Bergerac,44.8431,-0.50392,12,2,2
202100049974,112Â 420,C01,1,1,2,1,1,5,-1,-1, -1,-1,2021,22.0,2,2,0,2,4,2,1,,1,A86 EXT,0,,3,6,0,1,59,700,1,, -1,1,0,1,110,27,2,2021,17:25,1,78,78640,1,1,0,4,A86 EXT,48.777905,2.215586,17,9,4
202100007211,188Â 866,A01,10,3,1,0,0,-1,-1,0,0,-1,2021,83.0,3,2,0,1,1,1,1,,4,,0,,1,3,3,1,(1),(1),1,, -1,1,0,1,50,18,11,2021,17:29,1,63,63113,2,2,0,6,JAURES (BD JEAN),45.7687,3.07822,17,2,1
202100027381,152Â 772,B01,1,1,1,9,8,0,-1,0,0,-1,2021,24.0,3,1,0,2,1,1,5,,4,BOULEVARD SERURIER,0,,3,5,1,2,(1),(1),1,, -1,1,0,5,30,23,7,2021,22:00,5,75,75119,2,1,0,3,BOULEVARD SERURIER,48.887999,2.395355,22,2,2
202100030264,147Â 667,A01,2,2,2,5,1,-1,-1,0,0,-1,2021,40.0,1,2,1,0,2,1,1,,2,145,0,,2,2,0,1,18,300,1,, -1,1,0,1,80,7,7,2021,13:10,1,87,87180,1,1,0,6,RN 145 PR 18+300,46.192294,1.242571,13,5,2
202100054667,104Â 066,B01,1,1,1,5,2,-1,-1,-1, -1,-1,2021,13.0,2,1,0,2,4,2,5,,4,,0,,2,2,3,1,(1),(1),1,, -1,2,0,1,50,17,1,2021,14:30,1,69,69389,2,1,1,2,JOANNES CARRET (R),45.792855589,4.8199432944,14,2,2
202100048659,114Â 776,B01,1,1,1,5,2,6,-1,0,0,-1,2021,79.0,2,1,0,2,1,26,5,,3,VERDUN( AVENUE DE),0,,-1,0,0,1,1,500,1,, -1,1,5,1,50,7,3,2021,10:00,1,83,83050,2,6,0,3,PREMIERE ARMEE(AVENUE DE LA),43.53151,6.47379,10,2,2
202100030960,146Â 413,A01,1,1,1,9,2,6,-1,-1, -1,-1,2021,30.0,2,1,0,2,1,2,1,,1,A13W,0,,3,4,0,2,22,0,1,, -1,2,0,1,110,4,7,2021,14:50,1,78,78007,1,1,1,6,A13W,48.896757,2.006461,14,1,1
202100012010,180Â 243,B01,2,2,2,0,1,0,-1,-1, -1,-1,2021,63.0,2,2,0,0,5,1,1,,7,GRAMME (CHAUSSEE),0,,1,2,1,1,(1),(1),1,, -1,1,0,1,50,20,10,2021,19:10,5,59,59599,2,1,0,2,GRAMME (CHAUSSEE),50.73778,3.16397,19,3,2
202100048001,115Â 936,A01,2,2,2,5,1,0,-1,-1, -1,-1,2021,22.0,2,2,15,0,1,21,1,,1,A51-Sens Aix en Provence vers Marseille,0,,1,2,0,1,13,0,1,, -1,1,0,2,110,15,3,2021,10:00,1,13,13001,1,1,0,6,A51-Sens Aix en Provence vers Marseille,43.49494,5.40664,10,2,1
202100024915,157Â 124,B01,1,1,2,9,1,0,-1,-1, -1,-1,2021,31.0,1,2,0,2,8,15,1,,3,boulevard AimÃ© CÃ©saire,0,,3,4,0,1,0,0,1,, -1,1,8,1,50,9,8,2021,12:00,1,92,92050,2,3,0,3,boulevard AimÃ© CÃ©saire,48.89398,2.22732,12,3,2
202100020338,165Â 282,B01,1,1,2,3,0,0,-1,-1, -1,-1,2021,54.0,2,1,1,0,1,1,3,,3,MAURICE BERTEAUX (BD),0,,2,2,0,1,1,0,1,, -1,1,0,1,30,6,9,2021,12:30,1,94,94068,2,1,0,2,Boulevard Maurice Berteaux,48.81063,2.47002,12,2,2
202100003097,196Â 228,A01,10,3,1,5,0,-1,-1,2,3,1,2021,56.0,1,2,0,1,1,1,3,,4,FRANCE (BOULEVARD ANATOLE),0,,3,4,0,1,0,0,1,, -1,1,0,1,50,13,12,2021,16:05,1,66,66136,2,1,0,6,FRANCE (BOULEVARD ANATOLE),42.69772,2.90419,16,2,1
202100031503,145Â 447,A01,1,1,1,5,1,-1,-1,0,0,-1,2021,26.0,2,2,6,0,2,14,1,,3,rd64,0,A,2,2,0,2,17,850,1,, -1,1,0,1,50,2,7,2021,01:30,5,95,95446,2,6,0,6,Route de Parmain,49.123714,2.182181,1,1,1
202100024660,157Â 575,A01,1,1,1,1,2,6,-1,0,0,-1,2021,16.0,2,1,0,2,7,17,1,,3,678,0,,2,3,0,1,35,0,1,,"5,5",1,0,1,50,11,8,2021,05:45,2,71,71263,2,2,0,6,Place Saint-Jean,46.6297457278,5.2254213683,5,2,2
202100026162,154Â 932,A01,1,1,1,1,2,0,-1,-1, -1,-1,2021,56.0,0,1,12,0,1,21,3,,3,VICTOIRE (AV DE LA),0,,2,2,0,1,0,0,1,, -1,1,0,1,50,31,7,2021,05:30,2,94,94054,2,1,0,6,VICTOIRE (AV DE LA),48.745149,2.3884099,5,1,1
202100033559,141Â 778,A01,10,3,1,2,0,-1,-1,3,5,1,2021,18.0,1,2,0,1,3,19,1,,4,GARE (DE LA)                        (AV),0,,2,2,0,1,(1),(1),1,, -1,1,6,1,50,18,6,2021,13:15,1,69,69290,2,1,0,6,GARE (DE LA)                        (AV),45.68963,4.9367,13,2,1
202100017243,170Â 826,A01,1,1,1,9,8,-1,-1,0,0,-1,2021,75.0,2,2,16,0,0,0,1,,7,64,-1,D,2,2,0,2,67,(1),3,, -1,1,0,3,80,17,9,2021,09:35,1,6,6119,1,1,0,7,Route du col de la Bonette PK 67,44.326212,6.860232,9,1,1
202100038551,132Â 733,B01,1,1,2,5,1,-1,-1,0,0,-1,2021,40.0,1,2,0,2,3,26,1,,3,101,0,,-1,2,0,2,1,1374,1,,"5,5",1,5,1,70,24,5,2021,11:10,1,1,1033,1,3,0,3,RD101,46.111995,5.800872,11,2,2
202100051388,109Â 827,A01,1,1,1,1,2,8,-1,-1, -1,-1,2021,50.0,2,1,0,2,7,13,1,,3,ROUTE DEPARTEMENTALE 3,0,,2,4,0,1,0,10,3,, -1,1,0,1,50,15,2,2021,07:26,1,972,97213,2,9,0,3,ROUTE DEPARTEMENTALE 3,14.6193,-60.9944,7,2,2
202100015215,174Â 503,C01,1,1,1,0,2,6,-1,-1, -1,-1,2021,35.0,1,1,0,2,2,3,1,,1,A86.INT,0,,1,3,0,1,30,263,1,, -1,2,0,1,90,5,10,2021,09:30,1,94,94033,1,1,1,5,A86.INT,48.84879,2.49089,9,4,3
202100049934,112Â 487,A01,1,1,1,5,1,9,-1,0,0,-1,2021,22.0,2,2,0,0,8,19,1,,3,934,0,,2,2,0,2,0,580,1,, -1,1,0,1,50,27,2,2021,17:00,1,2,2140,2,2,0,3,24 Route de Noyon,49.52508,3.134644,17,2,2
202100041680,127Â 105,B01,1,1,1,1,8,0,-1,0,0,-1,2021,53.0,1,1,0,2,1,1,3,,4,RUE DU FAUBOURG SAINT DENIS,0,,2,3,3,1,(1),(1),1,, -1,1,0,1,50,30,4,2021,21:10,5,75,75110,2,2,0,3,RUE DU FAUBOURG SAINT DENIS,48.879325,2.357096,21,3,2
202100032434,143Â 798,A01,1,1,1,5,8,0,-1,-1, -1,-1,2021,19.0,1,2,1,0,9,1,1,,4,TOUTES RUES,0,,1,0,0,1,(1),(1),1,, -1,1,0,1,50,22,6,2021,23:05,5,202,202033,2,1,0,5,TOUTES RUES,42.7033587361,9.451020956,23,2,1
202100031643,145Â 194,B01,1,1,1,5,0,-1,-1,0,0,-1,2021,16.0,1,1,0,2,6,15,5,,3,737,0,D,2,2,0,1,24,315,1,, -1,1,5,1,80,30,6,2021,05:40,2,79,79174,1,2,0,3,,46.236897,-0.156845,5,2,2
202100033093,142Â 592,B01,1,1,2,0,1,0,-1,-1, -1,-1,2021,34.0,2,2,0,2,3,1,1,,3,LUGO (AV DE),0,,-1,2,0,1,0,1,1,, -1,1,0,1,50,21,6,2021,17:20,1,94,94022,2,6,0,1,LUGO (AV DE),48.773289,2.409482,17,2,2
202100051637,109Â 392,A01,1,1,2,0,1,0,-1,-1, -1,-1,2021,23.0,2,2,0,2,1,2,1,,1,86,0,,3,4,0,1,6,400,1,, -1,1,0,2,90,13,2,2021,15:35,1,92,92036,1,1,0,2,A86,48.9354016608,2.2654496814,15,2,2
202100041647,127Â 163,A01,10,3,1,5,0,-1,-1,4,3,1,2021,83.0,1,2,0,1,3,16,1,,4,FLORIMOND LAURENT (RUE),0,,2,3,2,1,(1),(1),1,, -1,1,0,1,50,27,4,2021,18:31,1,76,76351,2,2,0,6,FLORIMOND LAURENT (RUE),49.51862,0.11698,18,2,1
202100047240,117Â 320,A01,1,1,1,0,2,0,-1,0,0,-1,2021,57.0,3,1,0,2,3,21,1,,4,PENETRANTE DU PAILLON,0,,2,2,0,4,(1),(1),1,, -1,1,2,1,50,19,3,2021,08:50,1,6,6088,2,1,0,5,PENETRANTE DU PAILLON,43.722912,7.288498,8,4,4
202100003941,194Â 701,B01,1,1,1,1,2,6,-1,-1,0,-1,2021,38.0,1,1,0,2,1,3,1,,2,RN 104,0,,3,4,0,1,18,299,1,, -1,1,0,1,110,9,12,2021,09:00,1,95,95241,1,1,0,2,RN 104,49.04637,2.45464,9,2,2
202100037703,134Â 272,A01,1,1,1,5,6,-1,-1,0,0,-1,2021,19.0,3,1,6,0,3,1,1,,4,,0,,2,2,0,1,(1),(1),3,, -1,1,0,1,50,30,5,2021,15:00,1,26,26313,2,1,0,7,7 Rue des Cevennes,44.973971,4.94933,15,1,1
202100016437,172Â 249,A01,10,3,2,2,0,-1,-1,4,3,1,2021,19.0,2,2,0,1,1,0,1,,4,REPUBLIQUE (COURS DE LA),0,,2,4,0,1,0,0,1,, -1,1,0,1,50,27,9,2021,12:45,1,76,76351,2,2,0,6,REPUBLIQUE (COURS DE LA),49.49608,0.12684,12,2,1
202100034201,140Â 614,A01,1,1,1,5,1,6,-1,-1, -1,-1,2021,26.0,1,1,0,2,1,1,1,,1,AUTOROUTE A86,0,,3,6,0,1,21,899,1,, -1,1,1,1,90,16,6,2021,10:10,1,93,93008,1,1,0,2,AUTOROUTE A86,48.90948,2.44641,10,2,2
202100028307,151Â 096,A01,1,1,1,0,2,6,-1,-1, -1,-1,2021,62.0,2,1,0,2,1,2,1,,4,ALEX. FLEMING (BOULEVARD),0,,1,2,0,1,0,0,1,, -1,1,0,1,50,17,7,2021,09:10,1,13,13204,2,1,0,2,ALEX. FLEMING (BOULEVARD),43.3166272454,5.3975235229,9,2,2
202100015093,174Â 727,A01,1,1,1,5,1,0,-1,-1, -1,-1,2021,60.0,2,2,3,0,1,21,1,,3,RD 6113,0,,3,3,0,1,1,0,2,, -1,1,8,1,50,3,10,2021,02:00,3,11,11069,1,1,0,6,RD 6113,43.2059,2.39367,2,1,1
202100047714,116Â 458,B01,2,2,2,9,2,8,-1,-1, -1,-1,2021,34.0,2,1,0,2,1,1,1,,3,60,0,,2,3,0,1,0,0,2,, -1,1,0,1,30,7,3,2021,12:40,1,91,91645,2,3,0,3,POMPIDOU (AVENUE GEORGES),48.74897,2.27887,12,3,2
202100023526,159Â 584,A01,10,3,2,3,0,-1,-1,2,3,1,2021,14.0,3,5,0,1,2,0,1,,2,2001,-1,,2,2,0,1,(1),(1),3,, -1,1,0,1,50,17,8,2021,15:25,1,974,97415,2,1,0,6,Rue du GÃ©nÃ©ral de Gaulle,-21.050621,55.22325,15,2,1
202100052039,108Â 695,A01,1,1,1,1,2,8,-1,0,0,-1,2021,27.0,2,1,0,2,1,1,1,,4,BOULEVARD DE MAGENTA,0,,2,2,1,1,(1),(1),1,, -1,1,0,1,50,9,2,2021,20:30,5,75,75110,2,2,0,1,BOULEVARD DE MAGENTA,48.873762,2.35832,20,2,2
202100043419,124Â 050,B01,3,2,1,0,8,0,-1,-1, -1,-1,2021,14.0,2,2,1,2,4,2,1,,3,R.D.20,0,,3,4,0,2,38,0,1,, -1,1,0,1,90,19,4,2021,19:45,1,91,91223,2,1,0,4,R.D.20,48.42368,2.14043,19,5,3
202100024503,157Â 860,A01,1,1,1,5,2,6,-1,-1, -1,-1,2021,60.0,1,1,0,2,1,2,1,,7,GRAND COURS. AVENUE DU,0,,2,6,0,1,0,0,1,, -1,1,5,1,70,12,8,2021,17:20,1,76,76540,1,1,0,2,GRAND COURS. AVENUE DU,49.427793735,1.1028329359,17,2,2
202100013221,178Â 108,A01,10,3,1,2,8,8,-1,2,3,1,2021,11.0,2,2,0,1,3,1,1,,3,COUR DE FRANCE (AVENUE DE LA),0,,3,0,0,1,0,0,1,, -1,1,0,1,50,14,10,2021,08:18,1,91,91326,2,1,0,6,COUR DE FRANCE (AVENUE DE LA),48.69515,2.37109,8,2,1
202100013833,176Â 966,B01,1,1,1,1,2,-1,-1,-1, -1,-1,2021,45.0,0,1,0,2,7,1,5,,4,SERRES. AVENUE OLIVIER DE,0,,2,2,1,2,0,0,2,, -1,1,-1,1,50,11,10,2021,18:10,1,76,76540,2,3,0,2,SERRES. AVENUE OLIVIER DE,49.44901,1.12,18,2,2
202100051119,110Â 300,A01,1,1,1,3,1,-1,-1,0,0,-1,2021,64.0,2,2,13,0,8,1,1,,3,205,0,,2,2,0,1,7,495,3,, -1,1,0,3,80,18,2,2021,15:00,1,47,47038,1,1,0,6,D205,44.321457,0.403592,15,1,1
202100007083,189Â 100,A01,1,1,1,5,1,-1,-1,0,0,-1,2021,40.0,2,2,0,5,1,1,1,,3,650,0,,2,2,0,1,58,600,1,, -1,1,0,1,80,20,11,2021,04:30,3,50,50481,1,1,1,6,CD 650,49.237748,-1.605704,4,1,1
202100028316,151Â 080,A01,1,1,1,1,2,0,-1,0,0,-1,2021,38.0,2,1,0,2,2,1,1,,4,RUE TORRICELLI,0,,1,1,0,1,(1),(1),1,, -1,1,0,1,50,18,7,2021,20:10,2,75,75117,2,2,0,3,RUE TORRICELLI,48.880916,2.292127,20,2,2
202100048651,114Â 794,A01,1,1,1,0,2,-1,-1,-1, -1,-1,2021,33.0,2,1,14,0,1,1,1,,4,FULCHIRON                           (QU),0,,1,2,0,1,(1),(1),1,, -1,1,8,1,50,8,3,2021,19:30,5,69,69385,2,1,0,6,FULCHIRON (Q),45.752296588,4.8221558722,19,1,1
202100027247,153Â 014,B01,1,1,1,5,1,-1,-1,0,0,-1,2021,81.0,0,2,0,2,1,1,1,,3,2085,-1,,2,2,0,2,19,773,1,, -1,1,5,1,70,24,7,2021,16:10,1,6,6161,1,1,0,3,2809 Route de Grasse,43.657327,7.090312,16,2,2
202100019626,166Â 559,A01,1,1,1,5,1,-1,-1,-1,0,-1,2021,70.0,1,5,3,2,4,2,1,,3,RN 1 SENS PARIS- PROVINCE,0,,3,4,0,1,2,200,1,, -1,1,0,1,90,10,9,2021,05:45,3,95,95539,1,1,0,2,RD 301,48.99343,2.36095,5,3,2
202100055796,102Â 132,A01,1,1,1,5,2,0,-1,-1, -1,-1,2021,16.0,3,1,0,0,7,1,1,,4,POMMIERS (RUE DES ),0,,2,2,0,1,(1),(1),1,, -1,1,0,1,50,8,1,2021,16:15,1,37,37122,2,1,0,7,POMMIERS (RUE DES ),47.3607875609,0.6592927174,16,1,1
202100034734,139Â 627,A01,1,1,1,9,8,-1,-1,-1, -1,-1,2021,27.0,2,1,0,2,0,0,5,,4,FELIX FAURE                         (AV),0,,2,4,2,1,(1),(1),1,, -1,1,0,1,50,12,6,2021,23:30,5,69,69383,2,2,0,3,FELIX FAURE (AV),45.7546587568,4.867554903,23,2,2
202100050539,111Â 359,B01,1,1,2,1,1,8,-1,-1, -1,-1,2021,39.0,1,2,0,2,4,2,1,,7,Route Nationale 83,0,,3,3,0,1,41,299,1,, -1,1,0,1,90,18,2,2021,08:25,1,67,67152,1,1,0,4,M83,48.52888,7.69405,8,3,3