Num_Acc,id_vehicule,num_veh,place,catu,sexe,trajet,secu1,secu2,secu3,locp,actp,etatp,year_acc,victim_age,senc,catv,obs,obsm,choc,manv,motor,occutc,catr,voie,v1,v2,circ,nbv,vosp,prof,pr,pr1,plan,lartpc,larrout,surf,infra,situ,vma,jour,mois,an,hrmn,lum,dep,com,agg_,int,atm,col,adr,lat,long,hour,nb_victim,nb_vehicules
202100014033,176Â 620,B01,1,1,2,1,8,-1,-1,0,0,-1,2021,31.0,2,2,0,2,1,1,1,,3,1,0,,2,2,0,1,7,700,1,,7,2,5,1,80,11,10,2021,07:55,1,57,57438,1,3,1,3,D1,49.179747,6.209829,7,2,2
202100033495,141Â 907,A01,2,2,2,0,1,-1,-1,0,0,-1,2021,31.0,1,2,0,2,1,1,1,,3,9,-1,,2,2,0,1,10,100,1,, -1,1,0,1,80,18,6,2021,20:10,3,973,97311,1,1,0,1,Route de Mana,5.540813,-53.944073,20,4,2
202100012661,179Â 086,A01,10,3,2,5,0,-1,-1,3,3,1,2021,25.0,1,2,0,1,1,1,1,,3,TOYRE (RUE JEAN),0,,-1,2,0,1,19,345,1,, -1,1,9,1,50,17,10,2021,12:40,1,15,15012,2,1,0,6,TOYRE (RUE JEAN),44.906829,2.487621,12,2,1
202100004638,193Â 476,A01,1,1,2,1,1,-1,-1,-1,0,-1,2021,23.0,1,2,0,2,1,1,1,,1,AUTOROUTE A15,0,,3,7,0,1,22,700,1,, -1,1,0,1,90,5,12,2021,07:40,3,95,95218,1,1,0,6, A15,49.0350169937,2.0986461639,7,1,1
202100032100,144Â 370,A01,1,1,2,5,2,6,-1,-1, -1,-1,2021,17.0,1,1,0,2,2,17,1,,4,BOIS BELIN (RUE DU),0,,2,-1,0,1,0,0,1,, -1,1,0,1,50,26,6,2021,20:35,1,64,64024,2,9,0,3,BOIS BELIN (RUE DU),43.49318,-1.51564,20,2,2
202100002223,197Â 816,B01,2,2,2,0,1,0,-1,-1, -1,-1,2021,27.0,1,2,0,2,4,1,1,,4,HUBERT DE LISLE(BOULEVARD),0,,2,1,1,1,0,0,1,, -1,1,0,1,50,18,12,2021,22:05,5,974,97416,2,1,0,2,HUBERT DE LISLE(BOULEVARD),-21.34317,55.46697,22,3,2
202100032342,143Â 949,A01,10,3,2,9,0,-1,-1,5,9,1,2021,22.0,1,2,0,2,3,1,1,,3,PASTEUR (BOULEVARD),0,,1,2,0,1,(1),(1),1,, -1,1,5,1,50,25,6,2021,07:30,1,93,93059,2,2,0,6,PASTEUR (BOULEVARD),48.9649,2.36535,7,3,2
202100055192,103Â 161,B01,2,1,1,1,2,0,-1,-1, -1,-1,2021,37.0,1,1,0,2,1,1,1,,4,SAKAKINI (BOULEVARD),0,,2,4,0,1,0,0,1,, -1,1,0,1,50,13,1,2021,10:30,1,13,13205,2,2,0,1,SAKAKINI (BOULEVARD),43.29375,5.40155,10,2,2
202100048674,114Â 752,B01,1,1,1,9,2,6,-1,-1, -1,-1,2021,54.0,2,1,0,2,2,12,1,,4,RUE MARCEAU,0,,2,2,0,1,0,0,1,, -1,1,9,1,30,8,3,2021,17:00,1,44,44109,2,1,0,3,RUE MARCEAU,47.2156,-1.56426,17,2,2
202100040068,129Â 976,B01,1,1,1,9,2,6,-1,0,0,-1,2021,57.0,2,1,0,2,1,1,1,,4,RUE CAULAINCOURT,0,,2,2,0,1,(1),(1),1,, -1,2,0,1,50,13,5,2021,10:00,1,75,75118,2,3,0,3,RUE CAULAINCOURT,48.889671,2.33977,10,2,2
202100045483,120Â 438,A01,2,2,2,5,8,-1,-1,0,0,-1,2021,91.0,2,2,13,0,1,1,1,,3,9,0,,2,2,0,2,11,375,3,, -1,1,0,8,80,31,3,2021,16:45,1,38,38314,1,1,0,7,Rue du Pontet,45.42927,6.02496,16,2,1
202100012037,180Â 193,B01,2,2,1,0,2,6,-1,0,0,-1,2021,34.0,2,1,0,2,2,1,1,,4,BEAUMONT (RUE),0,,1,2,0,1,(1),(1),1,, -1,1,0,1,50,20,10,2021,01:03,5,6,6088,2,5,0,3,BEAUMONT (RUE),43.702968,7.288133,1,4,2
202100042474,125Â 698,A01,10,3,2,0,0,-1,-1,4,3,1,2021,25.0,1,2,0,1,1,1,1,,4,HEURTELOUP (BOULEVARD),0,,3,4,3,1,(1),(1),1,, -1,1,0,1,50,26,4,2021,08:58,1,37,37261,2,1,0,6,HEURTELOUP (BOULEVARD),47.3912023726,0.6949219622,8,2,1
202100043709,123Â 561,A01,1,1,1,5,1,5,-1,0,0,-1,2021,25.0,2,2,2,0,8,14,1,,3,677,-1,,2,2,0,1,1,600,1,, -1,1,9,3,50,18,4,2021,06:15,2,67,67160,2,1,0,6,103 Route de Woerth,48.9491417607,7.7644872279,6,1,1
202100015982,173Â 100,A01,2,2,1,5,8,-1,-1,0,0,-1,2021,30.0,1,2,2,0,3,1,1,,3,342,-1,,3,4,0,1,(1),(1),1,, -1,1,0,8,70,1,10,2021,01:00,5,69,69027,2,6,0,6,D342,45.677446,4.770051,1,2,1
202100000262,201Â 255,A01,1,1,1,1,2,-1,-1,0, -1,-1,2021,53.0,-1,4,-1,-1,-1,-1,-1,,4,PERIER (BOULEVARD DU),-1,,3,3,0,2,123,(1),1,, -1,1,0,1,30,30,7,2021,13:45,1,6,6029,2,1,-1,2,PERIER (BOULEVARD DU),43.56664,6.99505,13,2,2
202100043966,123Â 093,A01,1,1,1,5,1,-1,-1,0,0,-1,2021,91.0,1,2,0,2,3,19,1,,3,31,0,,2,2,0,1,27,738,1,, -1,1,0,1,80,16,4,2021,15:31,1,2,2293,1,2,0,3,D13,49.934552,3.469437,15,2,2
202100043468,123Â 961,B01,1,1,2,4,1,0,-1,0,0,-1,2021,33.0,1,2,0,2,6,1,1,,4,AVENUE DES CHAMPS ELYSEES,0,,1,8,3,1,(1),(1),1,, -1,1,0,1,50,19,4,2021,14:20,1,75,75108,2,3,0,3,AVENUE DES CHAMPS ELYSEES,48.8677805666,2.3138616289,14,2,2
202100024910,157Â 133,B01,1,1,1,0,2,8,-1,-1, -1,-1,2021,28.0,1,1,14,2,8,26,1,,4,COUBRON (RUE DE ),0,,4,2,0,4,0,0,4,, -1,1,9,1,50,9,8,2021,12:35,1,93,93047,2,1,0,3,COUBRON (RUE DE ),48.90319,2.57717,12,1,1
202100041149,128Â 050,B01,1,1,2,4,2,4,-1,-1, -1,-1,2021,24.0,1,1,0,0,0,1,3,,4,ALPHONSE DAUDET (ALL),0,,2,2,0,2,(1),(1),1,, -1,2,0,1,50,6,5,2021,18:50,1,94,94076,2,1,1,7,ALPHONSE DAUDET (ALL),48.7984562249,2.3485254983,18,2,2
202100008101,187Â 256,A01,1,1,1,4,8,-1,-1,0,0,-1,2021,39.0,2,4,0,2,2,2,1,,1,10,-1,,3,3,0,1,78,365,1,,"13,5",1,0,1,-1,15,11,2021,15:53,1,45,45008,1,1,0,2,A10,48.082713,1.851684,15,2,2
202100012798,178Â 841,A01,2,2,1,5,2,6,-1,-1, -1,-1,2021,18.0,1,1,0,0,7,1,1,,1,RN104,0,,1,3,0,1,0,200,3,, -1,9,0,1,90,17,10,2021,17:00,1,77,77121,1,1,0,6,RN104,48.834077,2.665679,17,2,1
202100043192,124Â 456,B01,1,1,2,1,2,0,-1,0,0,-1,2021,23.0,1,1,0,2,2,15,1,,4,BOULEVARD DE CHARONNE,0,,2,2,1,1,(1),(1),1,, -1,1,0,1,50,21,4,2021,19:10,1,75,75120,2,2,0,3,BOULEVARD DE CHARONNE,48.84886,2.399345,19,2,2
202100031908,144Â 717,A01,1,1,2,9,2,6,-1,0,0,-1,2021,26.0,2,1,0,2,4,1,1,,4,BOULEVARD BOURDON,0,,1,3,0,1,(1),(1),1,, -1,2,9,1,50,27,6,2021,02:50,5,75,75104,2,3,1,2,BOULEVARD BOURDON,48.851649,2.367638,2,2,2
202100028539,150Â 706,A01,1,1,1,5,2,-1,-1,0,0,-1,2021,24.0,2,1,0,2,1,13,5,,3,974,-1,,2,2,0,2,25,300,2,, -1,1,0,1,80,18,7,2021,12:10,1,84,84017,1,1,0,1,le jas de perrache,44.120195,5.233366,12,3,2
202100041565,127Â 307,B01,1,1,2,1,1,0,-1,-1, -1,-1,2021,30.0,1,2,0,2,4,2,1,,2,GUE (R DU),0,,2,2,0,2,1,0,1,, -1,1,0,1,80,3,5,2021,08:15,1,94,94048,1,1,0,4,GUE (R DU),48.72772,2.54721,8,3,3
202100008197,187Â 070,A01,9,2,2,9,8,-1,-1,0,0,-1,2021,8.0,1,2,0,2,1,1,1,,3,911,2,D,2,2,0,1,3,187,2,, -1,1,0,1,80,15,11,2021,16:55,1,17,17434,1,1,0,1,D911 bis,46.094603,-0.740912,16,4,2
202100017589,170Â 183,A01,1,1,1,1,2,0,-1,-1, -1,-1,2021,28.0,2,1,0,0,8,3,1,,1,AUTOROUTE A6A,0,,-1,6,0,1,2,500,2,, -1,1,0,1,90,22,9,2021,09:40,1,94,94076,1,1,0,7,AUTOROUTE A6A,48.79467,2.34503,9,1,1
202100020420,165Â 142,A01,1,1,1,1,2,6,-1,0,0,-1,2021,20.0,1,1,0,2,1,9,1,,3,75,0,D,-1,2,0,1,4,50,1,, -1,1,0,1,70,7,9,2021,08:00,1,44,44209,1,6,0,3,Rue des Mares,47.280838,-1.591634,8,2,2
202100008762,186Â 075,A01,2,2,2,0,1,0,-1,-1, -1,-1,2021,50.0,2,2,0,2,2,9,1,,3,PRESIDENT SALVADOR ALLENDE (AV DU),0,,1,3,3,1,1,0,1,, -1,1,9,6,50,9,11,2021,17:02,1,94,94081,2,9,0,3,Av du President Salvador Allende,48.79593,2.41493,17,3,2
202100019999,165Â 886,A01,1,1,1,4,1,-1,-1,0,0,-1,2021,19.0,1,5,2,0,1,15,1,,3,,-1,,2,2,0,1,10,568,3,,4,1,0,8,50,6,9,2021,14:05,1,33,33240,2,3,0,6,Rue des Abbes Collin,45.311122,-0.91978,14,1,1
202100036775,135Â 972,A01,10,3,1,9,0,-1,-1,1,3,1,2021,63.0,1,2,0,1,8,15,1,,7,HEYRIEUX (D')                       (RO),0,,2,2,0,1,5,900,1,, -1,2,0,1,50,2,6,2021,10:55,1,69,69290,2,1,1,6,HEYRIEUX (D')                       (RO),45.68781,4.94265,10,2,1
202100001874,198Â 445,A01,2,2,1,5,1,8,-1,-1, -1,-1,2021,21.0,2,2,6,0,4,14,1,,4,PONT LIBERT (RUE DU),0,,2,2,0,1,(1),(1),1,, -1,1,0,3,50,21,12,2021,19:00,3,37,37195,2,1,0,6,PONT LIBERT (RUE DU),47.3787967731,0.6303720921,19,2,1
202100035511,138Â 236,B01,1,1,1,0,2,8,-1,-1, -1,-1,2021,35.0,2,1,0,2,0,1,5,,4,JOUCHOUX RUE AUGUSTE,0,,2,2,1,1,(1),(1),1,, -1,1,0,5,50,9,6,2021,19:15,1,25,25056,2,1,0,3,JOUCHOUX RUE AUGUSTE,47.23687,5.98847,19,2,2
202100018084,169Â 306,A01,1,1,1,0,2,6,-1,0,0,-1,2021,20.0,2,1,0,6,1,26,1,,3,RD946,0,A,2,2,0,1,14,500,1,, -1,9,0,1,80,16,9,2021,07:00,2,59,59416,1,1,1,6,Route d Hazebrouck,50.684296,2.570934,7,1,1
202100044267,122Â 541,B01,1,1,1,0,2,0,-1,0,0,-1,2021,27.0,1,1,0,2,8,1,5,,4,THEURIET (RUE ANDRE),0,,4,3,0,2,(1),(1),1,, -1,1,5,1,50,12,4,2021,16:40,1,54,54304,2,6,0,3,THEURIET (RUE ANDRE),48.6947121108,6.1379329115,16,2,2
202100004926,192Â 987,A01,1,1,1,1,2,6,-1,0,0,-1,2021,43.0,2,1,0,0,0,1,1,,4,AVENUE FRANKLIN D ROOSEVELT,0,,1,1,3,1,(1),(1),1,, -1,2,0,1,30,3,12,2021,16:15,1,75,75108,2,1,1,7,AVENUE FRANKLIN D ROOSEVELT,48.871935,2.310043,16,1,1
202100003025,196Â 375,A01,1,1,1,5,1,-1,-1,0,0,-1,2021,34.0,1,2,13,0,1,1,1,,3,2,-1,,1,2,0,1,8,800,4,, -1,1,0,1,80,13,12,2021,12:20,1,1,1262,1,1,0,6,D2,45.922498,5.039565,12,1,1
202100019860,166Â 142,B01,1,1,1,0,1,8,-1,-1, -1,-1,2021,24.0,2,2,0,2,1,1,1,,4,SCHUMANN (AVENUE),0,,2,3,0,1,0,0,1,, -1,1,0,1,50,8,9,2021,15:35,1,67,67267,2,3,0,3,SCHUMANN (AVENUE),48.55894,7.6931,15,2,2
202100018558,168Â 462,A01,10,3,1,5,0,-1,-1,1,5,1,2021,5.0,1,2,0,1,1,1,1,,7,PASSERELLE (RUE DE LA ),0,,1,1,0,1,(1),(1),1,, -1,1,0,1,50,16,9,2021,19:30,2,59,59599,2,1,0,6,PASSERELLE (RUE DE LA ),50.69719,3.15013,19,2,1
202100018792,168Â 051,A01,1,1,1,5,2,6,-1,0,0,-1,2021,31.0,1,1,0,2,1,2,1,,4,PORTE MAILLOT,0,,1,4,0,1,(1),(1),1,, -1,1,0,1,70,13,9,2021,22:40,5,75,75117,2,4,0,2,BD PERIPHERIQUE INTERIEUR,48.8820446609,2.2830668092,22,2,2
202100044527,122Â 125,A01,1,1,2,0,1,0,-1,-1, -1,-1,2021,29.0,1,2,4,0,1,1,1,,2,RN 118,0,,3,4,0,3,2,599,3,, -1,2,0,3,90,10,4,2021,18:35,1,91,91064,1,1,1,7,RN 118,48.750096,2.221365,18,1,1
202100030727,146Â 836,A01,10,3,2,9,0,-1,-1,0,3,1,2021,33.0,3,2,0,1,8,1,1,,4,ROMERO(AVENUE),0,,2,2,0,1,0,0,1,, -1,1,0,1,20,29,6,2021,07:55,1,974,97407,2,9,0,3,ROMERO(AVENUE),-20.94566,55.29802,7,2,1
202100042029,126Â 499,A01,1,1,1,5,1,0,-1,-1, -1,-1,2021,74.0,1,2,0,2,1,9,1,,4,PUITS DE VILLE (RUE),0,,2,2,0,1,(1),(1),1,, -1,1,0,1,50,29,4,2021,13:55,1,45,45284,2,1,0,3,Rue du Puits de Ville,47.91188,1.95917,13,4,2
202100022670,161Â 096,B01,1,1,1,5,2,0,-1,-1, -1,-1,2021,25.0,2,1,0,2,1,1,1,,4,NOUVELLE,0,,2,1,0,1,0,0,1,, -1,1,0,1,50,25,8,2021,20:05,1,93,93029,2,9,0,3,Rue Nouvelle,48.9241282457,2.4355552197,20,2,2
202100038326,133Â 134,B01,1,1,1,9,1,0,-1,-1, -1,-1,2021,22.0,1,2,0,2,4,2,1,,2,TUNNEL,0,,2,2,0,1,1,0,1,, -1,1,1,1,50,25,5,2021,17:45,1,202,202033,2,1,0,4,TUNNEL,42.697,9.45272,17,3,3
202100036388,136Â 661,A01,10,3,2,0,0,-1,-1,3,3,1,2021,37.0,0,2,0,1,1,15,1,,4,LUXEMBOURG (AVENUE DU),0,,1,1,0,4,(1),(1),1,, -1,1,0,1,30,3,6,2021,16:35,1,80,80021,2,1,0,6,LUXEMBOURG (AVENUE DU),49.87042,2.28363,16,2,1
202100019304,167Â 125,A01,1,1,2,4,1,0,-1,-1, -1,-1,2021,32.0,2,2,0,2,1,2,1,,1,AUTOROUTE A10,0,,3,4,0,2,11,899,1,, -1,1,0,1,90,13,9,2021,08:45,1,91,91661,1,1,0,4,AUTOROUTE A10,48.68568,2.21442,8,3,3
202100005218,192Â 449,A01,10,3,2,2,0,-1,-1,9,B,1,2021,31.0,1,2,0,1,1,15,1,,3,TOBY LES HAUTS(CHEMIN),0,,1,1,0,1,(1),(1),1,, -1,1,0,1,30,30,11,2021,08:00,1,974,97416,1,1,0,6,TOBY LES HAUTS(CHEMIN),-21.2974,55.4522,8,2,1
202100025602,155Â 921,B01,2,2,2,0,2,6,-1,-1, -1,-1,2021,40.0,3,1,0,2,1,18,1,,4,BOUFFLERS (ALLEES),0,,2,4,0,1,0,0,1,, -1,1,0,1,50,3,8,2021,09:10,1,64,64102,2,1,0,3,BOUFFLERS (ALLEES),43.4928,-1.47208,9,3,2
202100017732,169Â 931,B01,1,1,1,0,2,-1,-1,0,0,-1,2021,17.0,0,1,0,2,5,1,1,,3,938,0,,2,2,0,1,35,50,1,, -1,1,0,8,50,22,9,2021,19:15,1,60,60350,2,2,0,1,2 Place du Souvenir,49.587234,2.840819,19,2,2
202100012188,179Â 933,B01,1,1,1,1,8,0,-1,-1, -1,-1,2021,62.0,3,1,0,2,7,19,5,,4,PIAF EDITH (RUE),0,,2,2,1,1,0,0,1,, -1,2,0,1,30,18,10,2021,17:35,1,72,72181,2,2,1,3,PIAF EDITH (RUE),48.0209029467,0.1556539533,17,2,2
202100011699,180Â 821,A01,1,1,1,0,2,-1,-1,0,0,-1,2021,50.0,3,1,14,0,1,1,1,,4,,0,,2,2,0,1,(1),(1),1,,4,1,0,1,90,21,10,2021,21:10,3,41,41059,1,1,0,6,route de Seur,47.496778,1.336491,21,1,1
202100021819,162Â 623,A01,1,1,2,5,1,5,-1,-1, -1,-1,2021,46.0,1,2,9,0,9,0,1,,3,LENINE (AVENUE) NR 28 A 62 ET 13 A 41,0,,2,2,0,2,0,100,1,, -1,1,0,1,50,29,8,2021,05:30,5,93,93066,2,1,0,6,Avenue LÃ©nine,48.946066,2.358964,5,2,1
202100055405,102Â 809,A01,10,3,2,5,0,-1,-1,1,3,1,2021,39.0,3,2,0,1,1,1,1,,2,7,0,,2,2,0,1,(1),(1),1,, -1,2,0,1,50,12,1,2021,23:15,5,978,97801,2,1,0,1,RN7,18.068912,-63.035699,23,2,1
202100042266,126Â 081,B01,1,1,1,4,1,-1,-1,0,0,-1,2021,56.0,1,5,0,2,3,1,1,,3,8,0,D,2,2,0,1,4,850,1,, -1,2,0,1,80,28,4,2021,17:35,1,9,9217,1,1,1,1,d8,42.802108,1.589456,17,2,2
202100032796,143Â 155,B01,1,1,2,5,1,-1,-1,-1, -1,-1,2021,41.0,2,2,0,2,4,2,1,,1,ROCADE A 630,0,,3,4,0,1,12,131,1,, -1,2,8,1,70,23,6,2021,20:45,1,33,33162,1,1,1,2,Rocade Nord Ouest -E8-,44.86408,-0.65448,20,2,2
202100010218,183Â 444,B01,1,1,1,5,2,-1,-1,0,0,-1,2021,16.0,2,1,0,2,1,1,1,,3,703,-1,,2,2,0,1,59,300,1,, -1,2,0,1,50,30,10,2021,19:20,5,24,24040,2,1,1,1,Le bourg,44.838427,1.148329,19,2,2
202100007093,189Â 084,A01,2,2,2,5,2,-1,-1,0,0,-1,2021,34.0,3,6,13,0,1,1,1,,5,,-1,,1,2,0,2,(1),(1),2,,5,1,0,3,-1,21,11,2021,11:15,1,971,97110,1,1,0,6,chemin de la montagne,16.331697,-61.023313,11,2,1
202100012410,179Â 522,A01,1,1,1,5,1,0,-1,-1, -1,-1,2021,40.0,0,2,15,0,3,26,1,,4,MACON (RUE DE),0,,2,2,0,1,(1),(1),1,, -1,1,9,8,50,16,10,2021,04:15,5,71,71306,2,9,0,6,MACON (RUE DE),46.672240992,4.3781985989,4,1,1
202100014555,175Â 686,A01,1,1,2,5,1,-1,-1,-1, -1,-1,2021,33.0,1,2,9,0,2,14,1,,7,ST CYR (DE)                         (R ),0,,2,2,0,1,2,300,1,, -1,1,0,1,50,7,10,2021,04:05,5,69,69389,2,1,0,6,ST CYR (DE) (R),45.7966,4.81714,4,1,1
202100029859,148Â 420,A01,1,1,1,0,1,0,-1,-1, -1,-1,2021,50.0,2,1,0,2,4,2,1,,3,911,0,,1,2,1,1,0,0,1,, -1,1,0,1,50,9,7,2021,19:08,1,92,92024,2,1,0,3,JEAN JAURES (BD) DE (120 A 138),48.9063408503,2.3011226798,19,2,2
202100006097,190Â 904,Z01,10,3,2,9,8,8,-1,4,3,1,2021,42.0,1,1,0,1,0,1,3,,4,RUE DE LA CHAPELLE,0,,2,0,0,1,(1),(1),1,, -1,2,0,1,30,26,11,2021,17:45,5,75,75118,2,3,1,6,RUE DE LA CHAPELLE,48.890828,2.359906,17,2,1
202100021705,162Â 842,A01,10,3,1,9,4,-1,-1,1,1,2,2021,54.0,0,2,0,1,1,1,1,,4,,-1,,2,2,0,2,(1),(1),1,,"5,5",1,0,1,50,31,8,2021,15:00,1,7,7010,2,1,0,6,avenue jean jaurÃ¨s,45.249543,4.670187,15,3,1
202100053383,106Â 300,A01,1,1,2,5,9,-1,-1,0,0,-1,2021,28.0,1,2,0,2,2,9,1,,3,906,0,D,2,2,0,1,1,820,1,, -1,1,0,1,90,26,1,2021,14:40,1,43,43174,1,3,0,5,D906,44.982346,3.827984,14,3,3
202100039621,130Â 768,A01,1,1,1,4,2,6,-1,-1, -1,-1,2021,25.0,0,1,14,0,1,18,1,,4,,0,,1,1,1,1,0,1,1,, -1,1,9,1,30,17,5,2021,20:00,1,92,92049,2,1,0,6,ARNOUX AVENUE MAURICE AUTRES NÂ°,48.8169880228,2.3117691278,20,1,1
202100004954,192Â 936,A01,1,1,1,5,6,-1,-1,0,0,-1,2021,72.0,1,1,0,2,4,15,5,,3,901,0,,2,2,0,1,13,500,1,, -1,2,0,1,80,11,11,2021,17:40,3,84,84062,1,1,1,3,D901,43.871756,5.113707,17,2,2
202100029397,149Â 232,A01,1,1,1,5,0,-1,-1,0,0,-1,2021,23.0,1,1,16,0,1,1,1,,4,,0,,2,2,0,1,(1),(1),2,,4,1,0,3,50,11,7,2021,20:15,1,1,1386,2,1,0,7,Chemin des Ã©pinettes,45.890843,5.357522,20,2,1
202100021051,164Â 030,A01,1,1,1,9,1,-1,-1,0, -1,-1,2021,40.0,2,2,14,0,1,1,1,,3,,-1,,1,2,-1,1,0,1,2,, -1,1,5,1,-1,2,9,2021,03:00,3,41,41212,2,6,0,7,PATTE D'OIE (rond point),47.56138,1.37315,3,1,1
202100030747,146Â 799,A01,1,1,1,5,0,-1,-1,-1, -1,-1,2021,18.0,2,1,9,0,1,25,1,,4,IRENE JOLIOT CURIE                  (BD),0,,1,1,0,1,(1),(1),1,, -1,1,0,4,50,30,6,2021,00:40,5,69,69259,2,6,0,6,IRENE JOLIOT CURIE (BD),45.72131,4.87408,0,1,1
202100044581,122Â 030,B01,1,1,1,4,1,0,-1,-1, -1,-1,2021,50.0,1,5,0,2,8,1,1,,4,BOISERAIE (RUE),0,,-1,2,0,1,0,0,1,, -1,1,0,8,30,9,4,2021,07:15,1,13,13212,2,9,0,3,BOISERAIE (RUE),43.29674,5.42199,7,2,2
202100047926,116Â 069,A01,1,1,2,0,1,0,-1,0,0,-1,2021,31.0,3,2,13,0,3,1,1,,4,LIAISON A 330 - RD 2Bis - RN 74,0,,1,2,0,1,(1),(1),3,, -1,1,0,1,70,15,3,2021,12:10,1,54,54395,2,1,0,6,LIAISON A 330 - RD 2Bis - RN 74,48.676802,6.201165,12,1,1
202100015995,173Â 077,A01,1,1,1,0,2,6,-1,0,0,-1,2021,29.0,1,1,5,2,0,3,1,,3,,-1,,2,2,1,1,(1),(1),1,,5,1,0,1,50,1,10,2021,18:30,1,63,63178,2,2,0,3,Boulevard de BarriÃ¨re,45.540702,3.242834,18,4,2
202100013928,176Â 806,A01,1,1,1,4,1,-1,-1,0,0,-1,2021,27.0,1,5,6,2,7,17,1,,3,440,0,,2,2,0,1,4,360,1,, -1,1,0,1,70,12,10,2021,09:40,1,51,51492,1,3,0,3,D440,48.5573857665,3.7802356482,9,2,2
202100038105,133Â 552,A01,1,1,2,2,1,-1,-1,0,0,-1,2021,30.0,2,2,0,2,4,9,1,,3,440,-1,,2,2,0,2,(1),(1),2,, -1,1,0,1,80,25,5,2021,17:00,1,30,30352,1,3,0,6,D440,43.795002,4.100662,17,4,2
202100037953,133Â 825,B01,1,1,2,1,1,5,-1,-1, -1,-1,2021,36.0,2,2,0,2,2,1,1,,3,MARX DORMOY (RUE),0,,2,3,0,3,1,0,1,, -1,1,4,1,50,27,5,2021,22:10,4,93,93050,2,1,0,1,Rue Marx Dormoy,48.85402,2.53241,22,2,2
202100039474,131Â 048,B01,1,1,1,1,2,0,-1,0,0,-1,2021,48.0,1,1,0,2,2,7,5,,4,AVENUE DE FLANDRE,0,,3,3,3,1,(1),(1),1,, -1,2,0,6,50,18,5,2021,18:30,1,75,75119,2,1,1,3,AVENUE DE FLANDRE,48.888194,2.373911,18,2,2
202100035759,137Â 788,B01,1,1,1,1,2,0,-1,0,0,-1,2021,33.0,1,1,0,2,3,18,5,,4,RUE DURANTI,0,,1,1,1,1,(1),(1),1,, -1,1,0,5,30,8,6,2021,17:40,1,75,75111,2,1,0,3,RUE DURANTI,48.8607563284,2.3842786252,17,3,2
202100021006,164Â 116,B01,1,1,1,0,2,6,-1,-1, -1,-1,2021,50.0,0,1,0,2,1,0,5,,4,PASTEUR(ROND POINT),0,,-1,1,0,1,0,0,2,, -1,1,9,1,30,3,9,2021,08:00,1,91,91691,2,6,0,3,PASTEUR (ROND POINT),48.694484,2.482856,8,2,2
202100028481,150Â 805,A01,1,1,2,0,1,0,-1,-1, -1,-1,2021,48.0,0,2,0,2,0,15,1,,7,FONTSAINTE (AVENUE DE),0,,2,2,0,1,0,0,1,, -1,1,0,1,50,17,7,2021,09:05,1,13,13028,2,1,0,3,FONTSAINTE (AVENUE DE),43.1903456125,5.6373652288,9,2,2
202100042150,126Â 283,A01,1,1,1,5,2,6,-1,-1, -1,-1,2021,42.0,1,1,0,2,1,18,1,,2,RN2 (1),0,,2,5,0,1,(1),(1),1,, -1,1,3,1,50,28,4,2021,15:00,1,974,97416,1,9,0,2,RN2 (1),-21.33398,55.48461,15,2,2
202100020002,165Â 881,A01,1,1,1,5,1,-1,-1,0,0,-1,2021,42.0,1,2,13,0,3,1,1,,3,7,-1,,2,2,0,2,10,100,2,, -1,2,0,3,80,9,9,2021,00:45,3,22,22277,1,1,1,7,La Ville au Pilon,48.379963,-2.894222,0,1,1
202100054172,104Â 914,A01,1,1,2,0,1,0,-1,-1, -1,-1,2021,33.0,1,2,0,2,1,14,1,,2,RN 104,0,,1,2,0,1,42,500,1,, -1,2,0,3,110,22,1,2021,05:30,3,91,91086,1,1,1,7,RN 104,48.623904,2.377667,5,1,1
202100018496,168Â 571,A01,1,1,1,5,1,-1,-1,0,0,-1,2021,63.0,2,2,0,2,1,1,1,,3,674,0,D,2,2,0,1,22,60,1,, -1,1,0,1,90,17,9,2021,20:50,3,88,88460,1,1,0,2,D674,48.40698,5.7415,20,2,2
202100044999,121Â 293,B01,1,1,1,5,6,2,-1,0,0,-1,2021,16.0,2,1,0,2,1,1,1,,3,D37,-1,,2,2,0,1,0,450,2,, -1,1,0,1,50,4,4,2021,18:55,1,31,31107,1,1,0,5,Chemin de Lacroix,43.325685,1.218072,18,5,3
202100042501,125Â 650,A01,1,1,1,4,2,6,-1,0,0,-1,2021,52.0,3,1,0,2,6,18,1,,4,NON DENOMMEE D/15,0,,1,1,0,1,(1),(1),1,, -1,1,0,1,50,26,4,2021,08:40,1,75,75115,2,1,0,3,NON DENOMMEE D/15,48.834681,2.268171,8,2,2
202100038258,133Â 263,B01,1,1,2,5,1,-1,-1,0,0,-1,2021,29.0,1,2,0,2,8,15,1,,2,10,0,,2,2,0,1,78,500,1,, -1,1,0,1,80,13,5,2021,15:30,1,202,202251,1,3,0,3,RT 10,41.980818,9.400204,15,2,2
202100033964,141Â 053,B01,1,1,1,1,2,6,9,0,0,-1,2021,25.0,1,1,0,2,7,1,1,,3,30,-1,D,2,2,0,1,(1),(1),1,, -1,1,9,1,50,15,6,2021,06:20,1,69,69094,2,6,0,3,D 30,45.7494071822,4.6951324939,6,2,2
202100046200,119Â 188,B01,1,1,1,1,1,0,-1,-1, -1,-1,2021,27.0,2,2,0,2,1,2,1,,1,A507 sens Aubagne- Marseille,0,,1,3,0,1,6,170,1,, -1,1,1,1,70,29,3,2021,18:50,1,13,13055,1,1,0,2,A507 sens Aubagne- Marseille,43.3104,5.42459,18,2,2