Num_Acc,id_vehicule,num_veh,place,catu,sexe,trajet,secu1,secu2,secu3,locp,actp,etatp,year_acc,victim_age,senc,catv,obs,obsm,choc,manv,motor,occutc,catr,voie,v1,v2,circ,nbv,vosp,prof,pr,pr1,plan,lartpc,larrout,surf,infra,situ,vma,jour,mois,an,hrmn,lum,dep,com,agg_,int,atm,col,adr,lat,long,hour,nb_victim,nb_vehicules
202100039918,130Â 236,B01,3,2,2,5,1,0,-1,-1, -1,-1,2021,13.0,1,2,0,2,1,1,1,,4,TOULOUSE (RUE DE),0,,2,2,0,1,0,0,1,, -1,1,5,1,50,13,5,2021,11:51,1,87,87085,2,2,0,3,TOULOUSE (RUE DE),45.81674,1.27715,11,4,2
202100004814,193Â 179,B01,1,1,1,5,8,0,-1,0,0,-1,2021,52.0,2,2,0,2,4,23,1,,4,AVENUE DE LA PORTE D ITALIE,0,,2,6,3,1,(1),(1),1,, -1,2,0,1,30,3,12,2021,21:00,5,75,75113,2,2,1,2,AVENUE DE LA PORTE D ITALIE,48.81808,2.359783,21,2,2
202100025499,156Â 085,B01,1,1,1,4,1,5,-1,0, -1,-1,2021,61.0,2,2,0,2,3,1,2,,3,CONSUL GENERAL NORDLING AVENUE,0,,2,4,0,1,(1),(1),1,, -1,1,5,1,50,5,8,2021,07:25,1,93,93046,2,2,0,3,Av du Consul General Nordling / Av du Pdt J Fitzgerald Kennedy,48.91648,2.5316,7,2,2
202100008182,187Â 100,A01,1,1,2,1,1,-1,-1,0,0,-1,2021,34.0,2,2,0,2,3,1,1,,3,10,0,,2,2,0,1,22,975,1,,"5,5",2,0,1,50,14,11,2021,20:45,5,42,42013,2,1,0,1,Route de Saint Galmier,45.636502,4.300933,20,2,2
202100039096,131Â 749,B01,1,1,1,5,2,6,-1,-1, -1,-1,2021,22.0,1,1,0,2,1,1,1,,4,VAN PELT (AV. ALFRED),0,,4,3,0,1,(1),(1),1,, -1,1,0,1,50,12,5,2021,19:25,1,62,62498,2,2,0,3,VAN PELT (AV. ALFRED),50.42893,2.8359,19,2,2
202100030058,148Â 055,A01,1,1,1,4,1,-1,-1,0,0,-1,2021,21.0,2,5,4,0,3,2,1,,1,11,-1,,3,3,0,2,93,400,1,,"13,5",1,0,8,130,8,7,2021,14:42,1,28,28161,1,1,0,6,Autoroute  A11,48.264598,1.14614,14,1,1
202100000836,200Â 236,A01,10,3,2,5,0,-1,-1,3,3,1,2021,58.0,2,2,0,1,1,15,1,,4,BEAUREPAIRE (RUE),0,,2,2,0,1,(1),(1),1,, -1,1,0,1,50,4,10,2021,11:35,1,89,89387,2,2,0,6,BEAUREPAIRE (RUE),48.19954,3.27973,11,2,1
202100038531,132Â 765,B01,1,1,1,5,8,0,-1,0,0,-1,2021,47.0,2,1,0,2,7,1,5,,4,RUE DES ECLUSES SAINT MARTIN,0,,1,1,0,1,(1),(1),1,, -1,1,0,1,50,24,5,2021,11:40,1,75,75110,2,1,0,3,RUE DES ECLUSES SAINT MARTIN,48.876654,2.367205,11,2,2
202100029457,149Â 129,A01,10,3,2,5,0,-1,-1,1,2,2,2021,55.0,3,2,13,1,2,1,1,,3,231,-1,,2,2,0,1,(1),(1),2,, -1,1,0,1,80,11,7,2021,10:15,1,50,50115,1,1,0,6,la porte,48.779574,-1.40802,10,2,1
202100048807,114Â 528,A01,1,1,2,1,1,-1,-1,0,0,-1,2021,59.0,2,2,0,2,8,1,1,,3,121,-1,,2,2,0,3,23,700,3,, -1,1,0,1,80,8,3,2021,16:30,1,33,33261,1,2,0,3,Lieu Dit Rambaud Est,44.984266,-0.105443,16,2,2
202100037691,134Â 291,A01,1,1,2,5,1,-1,-1,0,0,-1,2021,85.0,1,2,0,2,1,1,1,,3,23,0,,2,2,0,1,1,845,1,, -1,1,0,1,50,28,5,2021,09:30,1,37,37236,2,1,0,2,Rue du Val de lâAmasse,47.4075170802,1.0454566777,9,2,2
202100019906,166Â 049,B01,2,2,2,1,2,6,-1,0,0,-1,2021,19.0,1,1,0,2,1,1,1,,4,QUAI DE LA RAPEE,0,,1,3,0,1,(1),(1),1,, -1,1,0,1,50,9,9,2021,17:20,1,75,75112,2,4,0,3,QUAI DE LA RAPEE,48.8444585672,2.3681515798,17,4,2
202100048317,115Â 389,B01,1,1,1,0,2,8,-1,-1, -1,-1,2021,24.0,1,1,0,2,1,1,3,,3,ARGENTEUIL AV D',0,,2,0,0,1,0,0,1,, -1,1,0,1,50,12,3,2021,12:00,1,92,92004,2,1,0,3,ARGENTEUIL AV D',48.9237495337,2.2756095976,12,2,2
202100048025,115Â 898,B01,1,1,1,0,8,0,-1,-1, -1,-1,2021,29.0,1,1,0,2,3,1,1,,4,LODI (RUE DE),0,,2,2,0,1,0,0,1,, -1,1,0,1,50,14,3,2021,17:10,1,13,13206,2,9,0,1,LODI (RUE DE),43.2904874162,5.386198024,17,2,2
202100045510,120Â 393,A01,1,1,1,5,2,6,-1,0,0,-1,2021,15.0,1,1,0,0,8,20,1,,3,91,0,D,2,2,0,1,4,900,1,, -1,1,0,1,50,2,4,2021,17:40,1,69,69022,2,7,0,7,SOUVERNIR FRANCAIS (DU) (R),45.79722,4.548023,17,1,1
202100039434,131Â 116,B01,1,1,2,9,1,8,-1,-1, -1,-1,2021,27.0,0,2,0,2,7,1,1,,4,GUYNEMER (AVENUE GEORGES),0,,-1,2,0,2,0,0,1,, -1,1,0,1,50,16,5,2021,21:41,5,66,66136,2,3,0,3,GUYNEMER (AVENUE GEORGES),42.69496,2.90412,21,2,2
202100055330,102Â 929,B01,1,1,1,1,2,4,-1,-1, -1,-1,2021,55.0,2,1,0,2,3,1,5,,3,CORAY ROUTE DE,0,,2,2,0,1,2,950,1,, -1,2,0,1,70,12,1,2021,18:33,3,29,29051,1,1,1,2,D15 - Avenue de Coray,48.0030988069,-4.0401881754,18,2,2
202100052793,107Â 358,A01,1,1,2,0,1,0,-1,-1, -1,-1,2021,41.0,1,2,16,0,1,19,1,,3,ROCADE OUEST (RD 610),0,,2,2,0,1,9,0,1,, -1,2,0,3,90,2,2,2021,09:28,1,10,10325,1,1,0,7,ROCADE OUEST (RD 610),48.26169,4.08471,9,1,1
202100052295,108Â 234,A01,4,2,2,5,1,8,-1,-1, -1,-1,2021,10.0,1,2,0,2,4,1,1,,3,AV PIERRE BROSSOLETTE,0,,-1,1,0,1,0,0,1,, -1,2,0,1,50,6,2,2021,11:30,1,91,91161,2,3,1,2,AV PIERRE BROSSOLETTE,48.699492,2.304664,11,4,2
202100013429,177Â 729,B01,1,1,1,0,1,-1,-1,0,0,-1,2021,86.0,1,2,0,0,3,19,1,,3,6113,-1,D,2,1,0,1,13,800,1,, -1,1,0,1,80,13,10,2021,16:08,1,11,11067,1,2,0,3,D6113,43.212542,2.843775,16,2,2
202100005553,191Â 875,B01,1,1,1,0,2,0,-1,-1, -1,-1,2021,46.0,1,1,0,2,1,2,5,,3,PAUL VAILLANT COUTURIER (BD),0,,1,0,0,1,1,0,1,, -1,1,0,1,50,30,11,2021,17:55,5,94,94041,2,1,0,2,Bd Paul Vaillant Couturier,48.82008,2.39567,17,2,2
202100027491,152Â 587,A01,1,1,1,0,8,0,-1,-1, -1,-1,2021,19.0,3,1,0,2,0,1,0,,4,ARAGO (FRANCOIS),0,,-1,2,0,1,(1),(1),1,, -1,1,0,1,50,22,7,2021,17:30,1,973,97302,2,9,0,3,ARAGO (FRANCOIS),4.9371753437,-52.3313482628,17,2,2
202100046692,118Â 315,B01,1,1,1,3,1,-1,-1,0,0,-1,2021,69.0,1,2,0,9,3,1,1,,3,122,-1,,2,2,0,1,8,150,1,, -1,1,0,1,80,25,3,2021,15:50,1,52,52354,1,1,0,6,D122,47.788191,5.362723,15,3,2
202100020624,164Â 762,B01,1,1,1,5,1,-1,-1,0,0,-1,2021,40.0,2,2,0,2,1,17,1,,3,35,-1,,2,2,0,1,4,368,1,, -1,1,0,1,90,6,9,2021,19:15,1,34,34142,1,1,0,5,Route de Bedarieux,43.730712,3.282112,19,3,3
202100004415,193Â 868,A01,10,3,2,5,0,-1,-1,4,5,1,2021,24.0,2,2,0,1,3,1,1,,3,RTE DE CHOISY,0,,1,3,0,1,1,0,1,, -1,2,0,1,50,5,12,2021,13:15,1,94,94028,2,1,1,6,Route de Choisy,48.79037,2.45332,13,2,1
202100055235,103Â 089,A01,10,3,1,0,0,-1,-1,1,A,1,2021,40.0,1,5,0,1,8,1,1,,4,JEAN JAURES (BOULEVARD) 217/FIN - 210/FI,0,,2,2,0,1,0,0,1,, -1,2,0,1,50,13,1,2021,10:50,1,92,92012,2,1,1,6,JEAN JAURES (BOULEVARD) 217/FIN - 210/FI,48.8257667576,2.2479312122,10,2,1
202100047019,117Â 729,B01,1,1,2,1,1,5,-1,-1, -1,-1,2021,56.0,2,2,0,2,1,1,1,,3,ROUTE DEPARTEMENTALE 3,0,,2,4,0,1,9,899,1,, -1,1,0,1,50,22,3,2021,15:45,1,972,97213,1,1,0,1,ROUTE DEPARTEMENTALE 3,14.6304826771,-60.9891128558,15,2,2
202100024600,157Â 685,B01,1,1,1,0,8,0,-1,-1, -1,-1,2021,57.0,3,1,0,2,1,1,3,,4,ORIONS (RUE DES),0,,-1,2,0,1,(1),(1),1,, -1,1,0,1,50,11,8,2021,13:30,1,59,59599,2,3,0,1,ORIONS (RUE DES),50.734879,3.13562,13,2,2
202100046701,118Â 299,A01,1,1,2,3,1,-1,-1,0,0,-1,2021,75.0,2,2,2,0,2,1,1,,3,538,0,,2,2,2,1,9,498,2,, -1,1,0,8,80,26,3,2021,15:00,1,26,26064,1,1,0,6,7 Rue des FougÃ¨res,44.907441,5.017276,15,2,1
202100048217,115Â 566,A01,1,1,1,5,1,0,-1,-1,0,-1,2021,23.0,1,2,3,2,1,1,1,,1,AUTOROUTE A15,0,,3,7,0,1,20,399,1,, -1,2,0,1,110,13,3,2021,07:50,1,95,95572,1,1,1,3,A15,49.02821,2.12834,7,2,2
202100025469,156Â 141,B01,1,1,1,5,8,0,-1,-1, -1,-1,2021,27.0,0,1,0,2,1,0,3,,7,AVIATEUR LE BRIX (RUE),0,,2,2,0,1,1,0,1,, -1,1,0,1,50,5,8,2021,09:30,1,13,13209,2,3,0,3,AVIATEUR LE BRIX (RUE),43.25858,5.39928,9,2,2
202100053697,105Â 749,A01,1,1,2,0,1,8,-1,-1, -1,-1,2021,35.0,2,2,0,2,4,1,1,,2,RN1 (ROUTE NATIONALE),0,,2,2,0,1,5220,0,1,, -1,1,9,1,110,25,1,2021,07:55,1,974,97416,1,9,0,2,RN1 (ROUTE NATIONALE),-21.3,55.5,7,2,2
202100018350,168Â 826,A01,10,3,2,5,0,-1,-1,1,5,1,2021,50.0,1,2,0,1,3,26,1,,4,LEBON,0,,1,1,0,1,1,0,1,, -1,1,0,1,50,17,9,2021,17:45,1,49,49007,2,1,0,6,LEBON,47.47778,-0.54569,17,2,1
202100054147,104Â 964,C01,2,2,1,3,1,5,-1,0,0,-1,2021,42.0,1,2,0,2,3,23,1,,3,1090,-1,D,2,2,0,1,27,500,1,, -1,2,0,1,80,23,1,2021,14:35,1,38,38511,1,3,1,5,D1090,45.35166,5.94747,14,4,3
202100006161,190Â 798,B01,1,1,1,1,2,-1,-1,0,0,-1,2021,33.0,2,1,0,2,4,1,1,,2,5,0,R,1,2,0,2,2,0,1,, -1,1,0,1,50,26,11,2021,07:45,1,987,98715,1,1,0,2,RDO,-17.552948,-149.591652,7,2,2
202100044262,122Â 548,B01,1,1,2,0,2,-1,-1,-1, -1,-1,2021,17.0,2,1,0,0,7,26,3,,3,TISONS (RUE DES),0,,2,2,0,1,0,0,2,, -1,1,0,1,50,12,4,2021,09:55,1,61,61001,2,6,0,7,TISONS (RUE DES),48.41822,0.097701,9,1,1
202100017426,170Â 478,B01,1,1,1,0,2,-1,-1,-1, -1,-1,2021,41.0,0,1,0,2,1,1,1,,4,ALBERT SAMAIN,0,,2,2,0,1,0,0,1,, -1,1,0,1,50,21,9,2021,19:15,1,76,76351,2,3,0,3,ALBERT SAMAIN,49.5175,0.08958,19,2,2
202100036838,135Â 851,B01,1,1,2,1,8,0,-1,0,0,-1,2021,32.0,2,1,0,2,7,17,5,,4,RUE DE CRONSTADT,0,,2,2,0,2,(1),(1),1,, -1,1,0,1,30,2,6,2021,09:10,1,75,75115,2,1,0,3,RUE DE CRONSTADT,48.833886,2.301618,9,2,2
202100052447,107Â 965,A01,1,1,1,5,1,0,-1,-1, -1,-1,2021,28.0,1,2,0,2,1,26,1,,4,BRETEUIL (RUE),0,,3,4,0,1,0,0,1,, -1,1,0,1,50,5,2,2021,01:50,5,13,13206,2,1,0,3,BRETEUIL (RUE),43.2905458972,5.3757199617,1,2,2
202100023252,160Â 052,A01,1,1,2,1,1,0,-1,-1, -1,-1,2021,32.0,1,2,0,2,2,15,1,,4,ELISABETH(RUE),0,,2,2,0,1,0,100,1,, -1,1,0,1,30,20,8,2021,16:45,1,91,91691,2,3,0,1,ROYALE(RUE),48.72211,2.50292,16,2,2
202100046612,118Â 450,A01,1,1,1,5,2,6,-1,-1, -1,-1,2021,18.0,2,1,0,2,7,17,6,,7,FAUBOURG BONNEFOY (RUE DU) DU 1AU 231,0,,2,1,0,1,0,500,1,, -1,1,0,1,50,25,3,2021,17:30,1,31,31555,2,1,0,3,FAUBOURG BONNEFOY (RUE DU) DU 1AU 231,43.61788,1.45534,17,3,2
202100043258,124Â 337,A01,1,1,2,5,2,6,9,0,0,-1,2021,34.0,1,1,0,0,0,0,6,,3,135,0,,2,2,0,2,4,250,2,, -1,9,0,3,80,21,4,2021,17:00,1,10,10159,1,1,1,6,135,48.164726,4.375086,17,1,1
202100013194,178Â 157,B01,1,1,2,5,1,-1,-1,-1, -1,-1,2021,66.0,1,2,0,2,4,2,1,,1,AUTOROUTE A 63,0,,3,6,0,1,1,509,1,, -1,1,0,1,110,15,10,2021,17:05,1,33,33192,1,1,0,2,AUTOROUTE A 63,44.778778,-0.642724,17,2,2
202100008194,187Â 075,A01,1,1,1,0,8,-1,-1,0,0,-1,2021,58.0,1,2,0,0,0,0,1,,3,278,0,A,2,2,0,2,12,650,3,, -1,1,0,3,80,15,11,2021,10:15,1,7,7195,1,1,0,7,dÃ©partementale 278,44.919628,4.242868,10,1,1
202100028467,150Â 833,B01,1,1,2,9,8,0,-1,-1, -1,-1,2021,58.0,1,1,0,2,3,26,5,,4,SAINT JULIEN RUE ET IMPASSE,0,,1,1,2,1,1,0,1,, -1,1,0,1,30,17,7,2021,12:09,1,49,49007,2,2,0,1,SAINT JULIEN RUE ET IMPASSE,47.47022,-0.55192,12,2,2
202100046001,119Â 529,A01,1,1,1,4,2,6,-1,-1, -1,-1,2021,28.0,2,1,0,2,4,1,3,,3,GAMBETTA,0,,1,1,1,1,0,0,1,, -1,1,0,1,50,30,3,2021,21:39,4,92,92026,2,1,0,2,GAMBETTA,48.8933276635,2.2475371187,21,2,2
202100024599,157Â 686,A01,10,3,2,5,0,-1,-1,1,1,1,2021,88.0,1,1,0,1,1,17,5,,4,BLEUETS (DES)                       (R ),0,,2,1,0,2,(1),(1),1,, -1,1,0,1,50,11,8,2021,09:00,1,69,69029,2,1,0,6,BLEUETS (DES) (R),45.7494321182,4.9031598866,9,2,1
202100051533,109Â 582,B01,1,1,1,5,2,-1,-1,0,0,-1,2021,20.0,1,1,0,2,8,21,1,,3,154,0,F,2,1,0,2,0,600,1,, -1,1,0,1,50,13,2,2021,16:00,1,57,57530,2,1,0,3,Route de Boulay,49.205216,6.528531,16,2,2
202100033377,142Â 107,B01,1,1,2,1,8,-1,-1,-1, -1,-1,2021,24.0,1,1,0,2,8,11,3,,4,GARIBALDI                           (R ),0,,1,4,3,1,(1),(1),1,, -1,1,0,1,50,19,6,2021,15:05,1,69,69387,2,2,0,3,GARIBALDI (R),45.74515,4.84879,15,2,2
202100006221,190Â 688,A01,2,2,1,5,8,0,-1,-1, -1,-1,2021,65.0,2,2,11,0,9,13,1,,4,SAINTE CLAIRE (RUE),0,,2,3,0,1,0,0,1,, -1,2,0,1,50,24,11,2021,19:17,5,87,87085,2,2,0,6,SAINTE CLAIRE (RUE),45.82356,1.24132,19,2,1
202100024928,157Â 103,B01,2,2,2,5,1,-1,-1,0,0,-1,2021,38.0,1,2,0,2,6,21,1,,3,RD796,-1,,2,2,0,1,68,967,1,, -1,1,0,1,80,9,8,2021,13:00,1,56,56237,1,1,0,5,lieu dit Le Faouet,48.013432,-2.973529,13,4,3
202100046075,119Â 393,A01,1,1,1,0,2,8,-1,-1, -1,-1,2021,20.0,1,1,0,2,7,2,1,,4,ANDRE MALRAUX (AVENUE),0,,3,2,0,1,0,0,1,, -1,1,0,1,50,28,3,2021,14:00,1,67,67218,2,1,0,3,ANDRE MALRAUX (AVENUE),48.525352,7.721271,14,2,2
202100027498,152Â 574,B01,1,1,1,0,1,-1,-1,-1, -1,-1,2021,47.0,1,2,0,2,3,1,1,,4,ST MAURICE                          (R ),0,,1,1,0,1,(1),(1),1,, -1,1,0,1,50,21,7,2021,19:40,1,69,69388,2,2,0,3,ST MAURICE (R),45.74068,4.86627,19,2,2
202100004203,194Â 239,B01,1,1,1,9,2,6,-1,-1, -1,-1,2021,36.0,1,1,0,2,1,2,1,,1,86,0,,1,2,0,1,1,0,1,, -1,1,0,1,90,8,12,2021,16:30,1,92,92050,1,1,0,5,A86,48.9073305976,2.2124361992,16,3,3
202100029798,148Â 527,A01,1,1,1,9,1,8,-1,0,0,-1,2021,26.0,3,2,8,0,1,14,1,,4,RESPESCHAS (CHEMIN DU),0,,-1,1,0,1,0,0,1,, -1,1,0,1,50,8,7,2021,17:05,1,30,30243,2,1,0,7,RESPESCHAS (CHEMIN DU),44.09136,4.06829,17,1,1
202100001886,198Â 425,A01,1,1,2,5,1,5,-1,0,0,-1,2021,21.0,0,2,3,0,1,1,1,,2,RN 154,0,,-1,2,0,1,(1),(1),1,, -1,1,0,1,110,21,12,2021,14:41,1,27,27299,1,1,0,6,RN 154,49.0494855584,1.1802556151,14,1,1
202100021404,163Â 388,A01,1,1,1,5,2,6,-1,-1, -1,-1,2021,32.0,1,1,0,2,3,3,1,,1,A4,0,,1,2,0,2,4,0,1,, -1,1,3,1,70,2,9,2021,02:00,5,94,94069,1,1,0,6,A4,48.81655,2.44524,2,2,2
202100034291,140Â 444,A01,2,2,2,0,1,0,-1,-1, -1,-1,2021,34.0,0,2,0,2,2,9,1,,7,SAINT MENET (AVENUE DE),0,,2,4,0,1,1,0,4,, -1,1,0,1,50,15,6,2021,15:30,1,13,13211,2,1,0,2,SAINT MENET (AVENUE DE),43.2899126264,5.4947551327,15,4,2
202100041742,126Â 998,A01,1,1,2,9,1,8,-1,-1, -1,-1,2021,46.0,2,2,0,2,4,2,1,,1,A50 - Sens Aubagne vers Marseille,0,,1,4,0,1,26,0,1,, -1,2,0,1,110,1,5,2021,18:09,1,13,13005,1,1,1,2,A50 - Sens Aubagne vers Marseille,43.27932,5.58432,18,2,2
202100050997,110Â 518,A01,1,1,1,5,0,-1,-1,0,0,-1,2021,60.0,3,1,0,0,0,1,5,,4,,0,,2,2,0,2,(1),(1),1,, -1,1,0,1,70,20,2,2021,12:21,1,38,38236,1,1,0,7,Chemin des Emptoz,45.40892,5.69838,12,2,2
202100000185,201Â 412,B01,1,1,1,5,2,-1,-1,0,0,-1,2021,15.0,1,1,0,0,2,1,1,,4,,-1,,2,2,0,1,(1),(1),1,,4,1,0,1,50,2,10,2021,14:30,1,63,63195,2,3,0,1,Rue de la RÃ©publique,45.8279465065,3.3822414279,14,2,2
202100056335,101Â 201,A01,2,2,1,0,8,0,-1,-1, -1,-1,2021,19.0,3,2,0,2,1,1,1,,7,GENERAL DE GAULLE                   (AV),0,,2,2,1,1,51,0,1,, -1,1,0,1,50,3,1,2021,00:00,5,69,69029,2,5,0,3,GENERAL DE GAULLE                   (AV),45.72721,4.92799,0,6,2
202100015928,173Â 192,B01,1,1,1,5,2,6,-1,0,0,-1,2021,16.0,1,1,0,2,1,1,1,,3,MARTEL EDOUARD ALFRED (AVENUE),0,,2,2,0,1,43,670,1,, -1,1,0,1,50,29,9,2021,17:15,1,12,12145,2,3,0,3,MARTEL EDOUARD ALFRED (AVENUE),44.11176,3.08205,17,2,2
202100013352,177Â 884,A01,1,1,1,5,1,-1,-1,0,0,-1,2021,73.0,3,2,0,2,1,1,1,,3,522,0,D,2,2,0,1,(1),(1),1,, -1,1,0,1,70,14,10,2021,18:10,2,38,38351,1,1,0,1,Route DÃ©partementale 522,45.548491,5.256261,18,2,2
202100038797,132Â 264,A01,1,1,1,4,2,8,-1,-1, -1,-1,2021,21.0,1,1,1,0,1,1,1,,4,,0,,2,2,1,1,0,0,1,, -1,2,0,1,30,22,5,2021,22:10,5,92,92040,2,1,0,6,CAPITAINE FERBER (DU),48.8259416643,2.2660652114,22,1,1
202100034565,139Â 933,A01,1,1,1,0,8,0,-1,0,0,-1,2021,23.0,3,1,0,0,0,0,3,,4,,0,,1,1,0,1,(1),(1),1,, -1,1,0,3,50,13,6,2021,19:20,1,71,71270,2,1,0,7,6 Quai des Marans,46.30047,4.83176,19,1,1
202100044708,121Â 800,A01,2,2,1,4,2,6,-1,0,0,-1,2021,25.0,3,1,0,9,1,1,1,,4,BOULEVARD D ALGERIE,0,,2,2,0,1,(1),(1),3,, -1,1,0,1,50,6,4,2021,13:30,1,75,75119,2,1,0,6,BOULEVARD D ALGERIE,48.882208,2.400438,13,2,1
202100006496,190Â 192,B01,1,1,1,1,2,6,-1,0,0,-1,2021,56.0,3,1,0,2,5,1,1,,4,,-1,,2,2,-1,1,(1),(1),1,, -1,2,0,1,-1,25,11,2021,07:42,2,6,6161,2,3,1,3,51 Avenue des Maurettes,43.629401,7.132911,7,2,2
202100016865,171Â 474,A01,10,3,2,5,0,-1,-1,3,3,2,2021,85.0,2,2,0,1,1,26,1,,4,PREISS (RUE JACQUES),0,,2,2,0,1,1,0,2,, -1,1,0,8,50,13,9,2021,14:15,1,68,68066,2,9,0,6,PREISS (RUE JACQUES),48.07666,7.34954,14,2,1
202100010438,183Â 065,B01,1,1,2,4,1,-1,-1,0,0,-1,2021,19.0,1,2,0,2,2,1,1,,3,906,0,,2,2,0,1,26,600,1,, -1,1,0,1,70,29,10,2021,07:38,2,71,71555,2,1,0,3,D906,46.714161,4.863856,7,4,2
202100056103,101Â 601,A01,1,1,1,5,1,-1,-1,0,0,-1,2021,61.0,1,2,13,0,2,1,1,,3,20,-1,,2,2,0,1,28,900,3,, -1,2,0,3,80,6,1,2021,22:00,3,52,52023,1,1,0,6,D20,47.762775,5.100172,22,1,1
202100038438,132Â 938,A01,1,1,2,3,1,-1,-1,0,0,-1,2021,76.0,2,2,6,0,1,2,1,,3,908E2,0,D,2,2,0,1,6,318,1,, -1,1,0,3,50,26,5,2021,16:30,1,34,34028,2,1,0,6,66 route de saint pons,43.604246,3.147556,16,1,1
202100016187,172Â 705,B01,1,1,2,0,0,-1,-1,-1, -1,-1,2021,28.0,1,1,0,2,8,1,0,,4,AVE DE PARIS,0,,3,2,1,2,(1),(1),1,, -1,1,0,1,50,27,9,2021,08:50,1,33,33249,2,3,0,3,AVE DE PARIS,44.86906,-0.51233,8,2,2
202100046063,119Â 414,B01,1,1,1,0,1,-1,-1,-1, -1,-1,2021,55.0,3,2,0,2,2,1,1,,4,PERRACHE                            (QU),0,,1,4,0,1,(1),(1),1,, -1,1,0,1,50,29,3,2021,13:30,1,69,69382,2,2,0,3,PERRACHE (Q),45.7343381635,4.8181663753,13,3,2
202100033071,142Â 628,A01,1,1,1,5,2,6,-1,0,0,-1,2021,28.0,1,1,0,2,8,1,1,,4,RUE JULIA BARTET,0,,2,3,0,1,(1),(1),1,, -1,1,1,1,50,21,6,2021,17:25,1,75,75114,2,4,0,3,RUE JULIA BARTET,48.825438,2.302346,17,3,2
202100055753,102Â 205,A01,10,3,1,0,0,-1,-1,2,3,1,2021,27.0,3,2,0,1,2,16,1,,4,PETIT PEROU,0,,2,2,0,1,0,0,3,, -1,1,0,1,50,7,1,2021,18:50,2,971,97101,2,1,0,6,PETIT PEROU,16.259,-61.518,18,2,1
202100020999,164Â 128,DA01,1,1,1,0,2,0,-1,-1, -1,-1,2021,49.0,1,1,0,2,1,1,5,,4,,0,,2,3,1,1,(1),(1),1,, -1,1,0,5,50,24,6,2021,18:20,1,69,69387,2,1,0,1,TONY GARNIER (AV),45.73151,4.82415,18,2,2
202100015180,174Â 577,A01,2,2,2,5,1,-1,-1,0,0,-1,2021,76.0,2,2,2,0,1,14,1,,1,71,0,,1,1,0,1,110,0,2,, -1,2,9,3,50,3,10,2021,13:30,1,45,45006,1,1,0,6,Aire de repos du Bois du TÃ©lÃ©graphe - Autoroute A71 - PK 110+000 - Sens Province vers PARIS,47.80848,1.854855,13,2,1
202100001960,198Â 298,B01,1,1,1,5,2,-1,-1,0,0,-1,2021,66.0,2,1,0,0,8,1,1,,3,559,-1,,2,2,0,1,4,175,2,,4,1,0,1,80,22,12,2021,17:10,3,83,83112,1,3,0,3,R.D.559,43.174849,5.711528,17,2,2
202100026172,154Â 915,B01,1,1,1,0,2,6,-1,0,0,-1,2021,35.0,1,1,0,2,8,19,1,,3,114,-1,,2,2,0,1,98,800,1,, -1,1,0,1,80,31,7,2021,07:22,1,17,17183,1,2,0,1,D117,45.604836,-0.810448,7,2,2
202100052196,108Â 411,B01,2,2,2,5,1,-1,-1,0,0,-1,2021,21.0,2,2,0,0,4,1,1,,3,342,0,N,2,2,0,4,22,908,1,, -1,1,0,1,80,7,2,2021,17:45,2,69,69136,1,1,0,2,ESSES (DES) (RTE),45.6483786938,4.7466214746,17,3,2
202100035920,137Â 480,A01,1,1,1,0,2,8,-1,0, -1,-1,2021,27.0,2,1,16,0,9,26,1,,3,CORAY ROUTE DE,0,,2,2,0,2,9,0,2,, -1,1,0,3,70,6,6,2021,21:39,1,29,29051,1,1,0,7,D15 - Route de Coray,48.02684,-3.97181,21,1,1
202100042792,125Â 168,A01,1,1,2,0,1,0,-1,-1, -1,-1,2021,23.0,1,2,9,0,1,12,1,,1,A501-Sens Aubagne vers Pont de l'Etoile,0,,3,2,0,1,2,500,1,, -1,1,0,1,90,23,4,2021,19:20,1,13,13005,1,1,0,6,A501-Sens Aubagne vers Pont de l'Etoile,43.30348,5.57035,19,1,1
202100034966,139Â 198,B01,1,1,1,1,8,0,-1,-1, -1,-1,2021,35.0,2,1,0,2,0,0,3,,4,NOUVEAU BASSIN (RUE DU),0,,1,1,0,1,(1),(1),1,, -1,1,0,1,50,11,6,2021,19:15,1,68,68224,2,3,0,3,SALENGRO (AVENUE ROGER),47.75197,7.34893,19,2,2
202100009761,184Â 250,A01,10,3,2,1,0,-1,-1,7,1,1,2021,38.0,0,4,0,1,5,26,1,,4,SPEYBROCK (RUE ROGER),0,,1,1,0,1,(1),(1),1,, -1,2,6,1,30,2,11,2021,09:30,1,59,59599,2,1,1,6,SPEYBROCK (RUE ROGER),50.731590603,3.1755923443,9,2,1
202100030283,147Â 636,A01,10,3,2,5,0,-1,-1,3,3,2,2021,3.0,1,2,0,1,2,1,3,,3,2085,-1,,2,2,1,1,14,404,1,, -1,1,0,1,30,8,7,2021,19:20,1,6,6105,2,1,0,6,Route DÃ©partementale 2085,43.666234,7.050771,19,3,1