Num_Acc,id_vehicule,num_veh,place,catu,sexe,trajet,secu1,secu2,secu3,locp,actp,etatp,year_acc,victim_age,senc,catv,obs,obsm,choc,manv,motor,occutc,catr,voie,v1,v2,circ,nbv,vosp,prof,pr,pr1,plan,lartpc,larrout,surf,infra,situ,vma,jour,mois,an,hrmn,lum,dep,com,agg_,int,atm,col,adr,lat,long,hour,nb_victim,nb_vehicules
202100053603,105Â 906,A01,2,2,2,2,1,0,-1,-1, -1,-1,2021,19.0,1,2,0,2,1,9,1,,4,SUEDE (RUE DE),0,,2,2,0,1,(1),(1),2,, -1,7,5,1,50,25,1,2021,09:10,1,37,37261,2,2,0,2,SUEDE (RUE DE),47.4327622762,0.6859753659,9,3,2
202100009220,185Â 232,A01,10,3,1,5,0,-1,-1,2,3,1,2021,78.0,2,2,0,1,1,1,1,,4,RUE FERDINAND BUISSON,0,,1,1,0,1,0,0,1,, -1,1,0,1,50,5,11,2021,18:00,5,91,91027,2,2,0,6,RUE FERDINAND BUISSON,48.70075,2.36213,18,2,1
202100055857,102Â 037,A01,1,1,1,4,2,8,-1,-1, -1,-1,2021,42.0,1,1,14,0,7,19,1,,4,BASSIN NÂ°6 (ROUTE DU),0,,2,2,0,2,0,0,1,, -1,2,1,1,50,7,1,2021,14:00,1,92,92036,2,1,0,7,BASSIN NÂ°6 (ROUTE DU),48.94933,2.29251,14,1,1
202100017080,171Â 098,A01,1,1,1,1,2,0,-1,0,0,-1,2021,31.0,2,1,1,2,1,13,1,,4,BOULEVARD SAINT MARTIN,0,,2,4,0,2,(1),(1),1,, -1,1,0,1,50,24,9,2021,03:39,5,75,75103,2,1,0,6,BOULEVARD SAINT MARTIN,48.868354,2.359669,3,1,1
202100028541,150Â 703,A01,1,1,1,5,8,-1,-1,0,0,-1,2021,41.0,1,2,2,0,9,14,1,,3,679,0,,2,2,0,1,8,800,4,, -1,1,0,3,90,18,7,2021,06:00,3,15,15038,1,1,0,6,RD 679,45.365383,2.588353,6,1,1
202100047350,117Â 133,A01,10,3,1,0,0,-1,-1,2,3,1,2021,19.0,3,2,0,1,1,1,1,,4,avenue pierre mendÃ¨s france,0,,2,2,0,1,1,0,1,, -1,1,0,1,50,18,3,2021,12:10,1,49,49353,2,1,0,6,avenue pierre mendÃ¨s france,47.4492856108,-0.5044368176,12,2,1
202100013428,177Â 730,A01,1,1,1,2,2,6,-1,0,0,-1,2021,18.0,2,1,0,0,1,13,1,,3,19,0,,2,2,0,1,33,90,1,, -1,1,0,1,50,14,10,2021,07:30,1,43,43178,2,3,0,3,La Vernede,45.3106971192,3.5377974808,7,3,2
202100013753,177Â 127,A01,1,1,2,1,1,-1,-1,0,0,-1,2021,24.0,1,2,0,2,3,0,1,,3,3,-1,,2,2,0,2,2,400,1,, -1,1,0,1,80,12,10,2021,20:30,3,54,54193,1,1,0,1,D3,48.9045193048,5.9493970873,20,2,2
202100042128,126Â 326,B01,1,1,2,1,1,-1,-1,0,0,-1,2021,49.0,1,2,6,2,3,1,1,,3,1006,0,D,2,2,0,1,135,510,3,, -1,2,0,1,80,29,4,2021,18:20,1,73,73119,1,1,0,1,D1006,45.196161,6.618201,18,2,2
202100051411,109Â 792,A01,1,1,1,3,1,-1,-1,-1, -1,-1,2021,28.0,2,2,0,2,3,20,1,,4,BRIQUETIERS (DES),0,,1,1,0,1,(1),(1),1,, -1,1,0,1,50,12,2,2021,14:45,1,76,76351,2,1,0,3,BRIQUETIERS (DES),49.49328,0.13742,14,2,2
202100043917,123Â 170,A01,1,1,2,4,1,0,-1,0,0,-1,2021,34.0,2,5,7,0,3,1,1,,4,BOULEVARD DU TEMPLE,0,,2,5,0,1,(1),(1),1,, -1,1,0,1,50,15,4,2021,06:15,2,75,75103,2,4,0,6,BOULEVARD DU TEMPLE,48.865291,2.365412,6,1,1
202100024475,157Â 921,B01,1,1,1,4,1,8,-1,-1, -1,-1,2021,24.0,1,2,0,2,4,1,1,,1,A7-Sens Lyon vers Marseille,0,,1,3,0,1,274,0,1,, -1,1,0,1,90,13,8,2021,15:45,1,13,13215,1,1,0,4,A7-Sens Lyon vers Marseille,43.37725,5.35817,15,5,5
202100041288,127Â 806,A01,10,3,1,0,0,-1,-1,2,3,1,2021,60.0,3,2,0,1,1,16,1,,4,,0,,1,1,0,1,(1),(1),1,, -1,1,0,1,50,5,5,2021,09:45,1,33,33529,2,2,0,6,Rue Desbiey,44.62785,-1.1435,9,2,1
202100050150,112Â 080,A01,1,1,1,0,2,8,-1,-1, -1,-1,2021,64.0,1,1,0,2,1,9,1,,2,FOLIE (ROUTE DE LA),0,,1,1,0,1,0,0,1,, -1,1,0,1,30,24,2,2021,12:35,1,972,97209,2,1,0,2,FOLIE (ROUTE DE LA),14.60684,-61.06651,12,2,2
202100006585,190Â 028,A01,1,1,2,1,1,0,-1,-1, -1,-1,2021,57.0,3,2,0,2,2,1,1,,4,SUTTER (RUE AUGUSTE),0,,2,2,0,1,(1),(1),1,, -1,1,0,1,50,18,11,2021,00:00,5,86,86066,2,3,0,3,Rue Auguste Sutter,46.825661,0.534226,0,2,2
202100000402,200Â 984,B01,1,1,1,0,2,6,-1,-1, -1,-1,2021,50.0,3,1,0,2,1,1,1,,7,CD 6,0,,2,3,0,2,0,0,1,, -1,1,0,1,80,25,6,2021,17:15,1,13,13071,1,1,0,3,CD 6,43.41318,5.34074,17,3,2
202100000030,201Â 707,A01,10,3,2,9,0,-1,-1,3,3,2,2021,35.0,2,2,0,1,1,1,1,,3,SAINTE CROIX (RUE DU FAUBOURG),0,,2,3,0,2,0,0,1,, -1,1,0,1,50,1,6,2021,20:00,1,57,57227,2,1,0,6,SAINTE CROIX (RUE DU FAUBOURG),49.18405,6.91358,20,2,1
202100037539,134Â 564,A01,1,1,2,5,1,0,-1,-1, -1,-1,2021,22.0,2,2,0,2,4,11,1,,1,A507 sens Aubagne- Marseille,0,,1,3,0,1,8,189,1,, -1,1,1,1,70,29,5,2021,06:50,1,13,13055,1,1,0,2,A507 sens Aubagne- Marseille,43.293575146,5.4244351387,6,2,2
202100042594,125Â 487,A01,1,1,1,5,8,0,-1,-1, -1,-1,2021,16.0,2,1,0,2,3,1,1,,7,RTE DE SEYSSES,0,,2,2,0,1,38,995,1,, -1,1,5,1,50,24,4,2021,22:50,5,31,31555,2,2,0,3,RTE DE SEYSSES,43.56214,1.40678,22,2,2
202100039361,131Â 243,A01,1,1,1,5,2,-1,-1,0,0,-1,2021,18.0,3,1,0,2,2,1,1,,4,,0,,1,1,0,1,(1),20,1,, -1,2,0,1,50,19,5,2021,07:10,2,85,85127,2,3,0,3,Rue de la Plaine,46.425131,-1.486775,7,2,2
202100018914,167Â 836,B01,1,1,2,0,1,0,-1,-1, -1,-1,2021,52.0,3,2,0,0,6,1,1,,3,33,0,,2,2,0,1,0,100,1,, -1,2,0,1,70,14,9,2021,19:40,1,91,91514,1,1,0,2,CD 33,48.6652,2.52633,19,2,2
202100000903,200Â 133,A01,10,3,2,0,0,-1,-1,3,3,1,2021,52.0,1,5,0,1,2,9,1,,3,19,0,,3,4,0,1,0,0,1,, -1,1,0,1,50,28,12,2021,19:30,5,92,92036,2,6,0,6,PIERRE DE COUBERTIN (BOULEVARD) (PORT ->,48.9377909289,2.2786009312,19,2,1
202100013294,177Â 979,A01,1,1,2,0,1,8,-1,-1, -1,-1,2021,23.0,0,2,0,2,1,15,1,,7,GARDANNE (ROUTE DE ),0,,2,2,0,1,0,0,1,, -1,1,2,1,70,14,10,2021,08:06,1,13,13001,1,9,0,1,GARDANNE (ROUTE DE ),43.48966,5.40748,8,2,2
202100047111,117Â 561,A01,1,1,1,5,1,-1,-1,-1,0,-1,2021,38.0,1,2,0,2,1,1,1,,1,AUTOROUTE A15,0,,3,11,0,1,7,199,1,, -1,1,0,1,90,22,3,2021,14:10,1,95,95018,1,1,0,2, A15,48.95977,2.27221,14,2,2
202100033624,141Â 662,A01,1,1,2,0,1,0,-1,-1, -1,-1,2021,47.0,1,2,0,0,1,1,1,,3,JOURDAN (AVENUE MICHEL),0,,2,2,0,1,3,765,1,, -1,1,0,1,50,14,6,2021,07:40,1,6,6029,2,1,0,6,JOURDAN (AVENUE MICHEL),43.57302,6.95319,7,1,1
202100009187,185Â 287,B01,2,2,2,0,1,0,-1,-1, -1,-1,2021,20.0,2,2,0,2,9,2,1,,1,AUTOROUTE A1,0,,3,6,0,1,33,500,1,, -1,1,0,1,110,6,11,2021,10:35,1,60,60494,1,1,0,4,AUTOROUTE A1,49.130233693,2.5591578482,10,7,5
202100054630,104Â 139,B01,1,1,1,5,2,-1,-1,0,0,-1,2021,16.0,-1,1,0,2,1,1,1,,3,68,-1,D,2,2,0,1,16,950,1,, -1,1,5,1,50,18,1,2021,15:00,1,49,49347,2,2,0,3,Rue d'anjou,47.62031,-0.466361,15,3,2
202100006995,189Â 255,A01,2,2,1,0,2,-1,-1,0, -1,-1,2021,7.0,3,1,0,2,1,1,1,,4,LOTI PIERRE,0,,2,2,0,2,(1),(1),1,, -1,1,0,1,50,24,7,2021,23:24,5,29,29019,2,2,0,3,Rue Pierre Loti,48.38233,-4.503545,23,3,2
202100048291,115Â 433,A01,1,1,1,1,2,6,-1,0,0,-1,2021,21.0,1,1,0,2,1,17,1,,4,AVENUE DE SUFFREN,0,,2,2,0,1,(1),(1),1,, -1,1,0,1,50,9,3,2021,13:05,1,75,75115,2,4,0,3,AVENUE DE SUFFREN,48.852258,2.299193,13,2,2
202100040353,129Â 476,Z01,10,3,1,0,8,8,-1,6,1,2,2021,51.0,1,2,0,1,1,1,1,,7,JEAN PAUL SARTRE (AVENUE),0,,1,2,0,1,4,500,1,, -1,1,0,1,50,8,5,2021,02:17,5,13,13213,2,1,0,6,JEAN PAUL SARTRE (AVENUE),43.322347,5.41825,2,2,1
202100007825,187Â 759,A01,1,1,2,1,1,5,-1,0,0,-1,2021,47.0,0,2,0,2,1,1,1,,4,MOULIN (RUE JEAN),0,,2,3,0,2,(1),(1),1,, -1,2,0,1,50,16,11,2021,14:55,1,27,27229,2,1,1,2,MOULIN (RUE JEAN),49.01667,1.1534,14,3,2
202100013509,177Â 580,A01,1,1,1,5,2,6,-1,-1, -1,-1,2021,59.0,3,1,0,0,7,1,1,,4,GRENET (PONT),0,,2,4,0,4,0,0,3,, -1,8,2,1,30,13,10,2021,14:00,1,64,64102,2,1,0,7,GRENET (PONT),43.497,-1.48272,14,1,1
202100032819,143Â 114,B01,10,3,1,5,0,-1,-1,2,3,2,2021,86.0,2,2,0,1,1,1,3,,4,ANTOINE DE ST EXUPERY               (BD),0,,1,2,0,1,(1),(1),1,, -1,1,0,1,50,22,6,2021,10:35,1,69,69389,2,1,0,6,ANTOINE DE ST EXUPERY (BD),45.77288,4.80828,10,2,1
202100050636,111Â 178,B01,1,1,1,1,1,-1,-1,0,0,-1,2021,50.0,1,2,0,2,1,1,1,,1,9,-1,A,1,5,0,2,173,518,1,, -1,1,0,1,130,23,2,2021,06:20,3,34,34135,1,1,0,4,A9,43.259815,3.167861,6,4,3
202100032369,143Â 905,A01,1,1,2,0,1,-1,-1,0,0,-1,2021,50.0,1,2,13,0,2,17,1,,1,75,-1,A,1,4,0,2,53,300,1,, -1,1,0,3,130,25,6,2021,17:00,1,43,43191,1,1,0,7,A75,45.359021,3.280535,17,1,1
202100022132,162Â 071,A01,1,1,1,5,2,6,-1,-1, -1,-1,2021,20.0,3,1,8,0,1,13,1,,4,PIERRE LEFAUCHEUX (AVENUE),0,,2,2,0,1,0,0,3,, -1,1,0,4,50,28,8,2021,03:41,5,92,92012,2,1,0,6,PIERRE LEFAUCHEUX (AVENUE),48.8256114262,2.2391400512,3,1,1
202100010536,182Â 895,B01,1,1,1,4,2,6,-1,-1, -1,-1,2021,42.0,2,1,0,2,8,1,1,,4,ALL JEAN GRIFFON,0,,2,2,0,1,(1),(1),1,, -1,1,0,1,50,28,10,2021,15:00,1,31,31555,2,1,0,3,ALL JEAN GRIFFON,43.559033542,1.4997112431,15,2,2
202100002442,197Â 406,A01,1,1,2,0,2,0,-1,-1, -1,-1,2021,44.0,3,1,0,2,1,26,3,,4,GEORGES POMPIDOU (RUE),0,,1,1,0,1,(1),(1),1,, -1,1,0,1,50,16,12,2021,12:50,1,10,10387,2,1,0,3,GEORGES POMPIDOU (RUE),48.2876,4.08079,12,2,2
202100023634,159Â 376,A01,1,1,1,5,2,-1,-1,0,0,-1,2021,63.0,1,1,0,2,0,5,5,,3,1,0,D,2,2,0,1,40,490,1,,4,1,0,1,80,19,8,2021,15:00,1,89,89420,1,1,0,1,D1,47.566783,3.20112,15,2,2
202100055751,102Â 208,A01,1,1,1,9,2,6,-1,-1, -1,-1,2021,22.0,1,1,0,2,1,17,1,,9,TUNNEL,0,,2,2,0,1,1,0,3,, -1,1,1,1,50,7,1,2021,10:06,1,202,202033,2,1,0,1,TUNNEL,42.69386,9.45234,10,2,2
202100017679,170Â 020,B01,1,1,1,5,2,6,-1,0,0,-1,2021,28.0,2,1,0,2,3,1,1,,4,RUE DE COURCELLES,0,,2,3,0,2,(1),(1),1,, -1,1,0,1,30,21,9,2021,11:30,1,75,75108,2,2,0,3,RUE DE COURCELLES,48.875023,2.309192,11,2,2
202100009183,185Â 295,B01,1,1,1,5,1,0,-1,-1, -1,-1,2021,38.0,1,2,0,2,6,1,1,,1,A42   6.290 A 8.310,0,,1,4,0,1,7,199,1,, -1,1,0,1,110,22,10,2021,20:50,3,1,1249,1,1,0,2,A42   6.290 A 8.310,45.815278,4.962378,20,3,2
202100023229,160Â 096,A01,1,1,1,5,8,0,-1,-1, -1,-1,2021,31.0,3,1,12,0,1,1,1,,4,Tunnel Prado CarÃ©nage,0,,3,2,0,1,0,1,2,, -1,1,0,4,50,21,8,2021,03:20,3,13,13207,1,1,0,7,Tunnel Prado CarÃ©nage,43.29112,5.36393,3,1,1
202100024770,157Â 376,B01,1,1,1,1,2,6,-1,0,0,-1,2021,37.0,1,1,0,2,4,23,1,,4,ROUTE DE LA PYRAMIDE,0,,2,2,0,1,(1),(1),1,, -1,1,0,1,50,10,8,2021,18:00,1,75,75112,2,6,0,2,ROUTE DE LA PYRAMIDE,48.834053,2.444833,18,2,2
202100054606,104Â 176,B01,1,1,1,1,2,6,-1,0,0,-1,2021,35.0,1,1,0,2,3,1,1,,4,AVENUE DE LA REPUBLIQUE,0,,2,2,1,1,(1),(1),1,, -1,2,0,1,50,17,1,2021,20:15,5,75,75111,2,2,0,3,AVENUE DE LA REPUBLIQUE,48.864617,2.378038,20,2,2
202100041472,127Â 474,A01,1,1,1,1,2,6,-1,-1, -1,-1,2021,27.0,2,1,0,2,1,2,1,,1,A57,0,,3,4,0,1,2,0,1,, -1,1,0,1,90,4,5,2021,07:35,1,83,83137,1,1,0,2,A57,43.129377,5.977443,7,2,2
202100047042,117Â 686,A01,1,1,2,0,1,0,-1,-1, -1,-1,2021,30.0,3,2,0,2,2,1,1,,1,A10,0,,1,2,0,2,(1),(1),2,, -1,1,3,1,50,21,3,2021,15:15,1,37,37233,2,3,0,3,BONNIN (AVENUE JEAN),47.3957427554,0.7063709327,15,2,2
202100008015,187Â 406,B01,1,1,2,5,8,0,-1,-1, -1,-1,2021,21.0,1,1,0,2,2,26,5,,4,BOISNET RUE,0,,1,1,0,1,1,0,1,, -1,1,0,1,50,13,11,2021,19:17,5,49,49007,2,1,0,1,BOISNET RUE,47.47455,-0.55114,19,2,2
202100001563,199Â 015,A01,1,1,2,5,1,0,-1,-1, -1,-1,2021,29.0,1,2,0,2,0,0,1,,1,AUTOROUTE A6B,0,,3,4,0,1,8,399,1,, -1,2,0,1,90,24,12,2021,15:30,2,91,91689,1,1,0,3,AUTOROUTE A6B,48.739831,2.320204,15,2,2
202100046246,119Â 110,A01,1,1,1,9,2,0,-1,0,0,-1,2021,34.0,2,1,0,2,1,1,1,,4,RUE GRENETA,0,,1,1,0,1,(1),(1),1,, -1,1,0,1,30,28,3,2021,13:25,1,75,75102,2,2,0,3,RUE GRENETA,48.865223,2.35142,13,2,2
202100055247,103Â 070,A01,2,2,1,5,1,-1,-1,0,0,-1,2021,32.0,1,2,13,0,2,1,1,,3,396,0,,2,2,0,1,39,0,2,, -1,2,0,3,80,13,1,2021,09:25,1,10,10035,1,1,1,6,RD 396 PK 39,48.186976,4.777486,9,2,1
202100013137,178Â 263,A01,10,3,2,2,0,-1,-1,4,3,1,2021,19.0,2,5,0,1,7,1,1,,4,MUGUETS  (AVENUE DES),0,,2,2,0,1,0,0,1,, -1,1,5,1,30,15,10,2021,08:00,2,93,93047,2,2,0,3,MUGUETS  (AVENUE DES),48.894247,2.551038,8,2,1
202100023043,160Â 432,C01,1,1,2,1,1,8,-1,0,0,-1,2021,28.0,1,2,0,2,4,1,1,,3,MARECHAL JOFFRE  (RUE DU),0,,2,2,0,2,31,710,1,, -1,1,0,1,50,2,8,2021,08:25,1,71,71309,2,1,0,4,24 Rue Marechal Joffre,46.7895110016,4.4049049778,8,3,3
202100031262,145Â 864,B01,1,1,1,9,2,-1,-1,0,0,-1,2021,47.0,3,1,0,2,1,26,1,,4,,0,,2,2,0,1,(1),(1),1,,5,1,0,1,80,2,7,2021,13:25,1,971,97125,1,1,1,2,Chemin de l Esperance,16.286003,-61.270677,13,2,2
202100045465,120Â 468,A01,1,1,2,5,2,6,-1,0,0,-1,2021,42.0,2,1,0,2,1,13,1,,3,52,0,D,2,2,0,1,10,215,3,, -1,1,0,1,80,3,4,2021,10:15,1,26,26140,1,1,1,1,Route Departementale 52,45.122218,5.107827,10,2,2
202100041690,127Â 087,A01,10,3,2,9,0,-1,-1,1,3,1,2021,39.0,2,1,0,1,1,1,1,,4,BOULEVARD VOLTAIRE,0,,2,1,0,1,(1),(1),1,, -1,2,0,1,30,2,5,2021,13:30,1,75,75111,2,4,0,6,BOULEVARD VOLTAIRE,48.852149,2.389612,13,2,1
202100018263,168Â 974,A01,1,1,1,5,8,-1,-1,0,0,-1,2021,20.0,0,2,13,0,1,0,1,,2,RT2,0,,3,-1,0,2,0,0,3,, -1,1,9,8,70,17,9,2021,19:45,3,986,98613,1,3,0,7,Finebeke- Carrefour RT1/RT2 - HALALO,-13.331216,-176.218643,19,1,1
202100011416,181Â 316,A01,1,1,1,5,2,6,-1,0,0,-1,2021,21.0,2,1,0,2,0,1,1,,4,RUE DE BELLEVILLE,0,,2,2,0,2,(1),(1),1,, -1,1,5,1,30,23,10,2021,14:40,1,75,75119,2,2,0,6,RUE DE BELLEVILLE,48.873944,2.385404,14,2,2
202100001844,198Â 503,B01,1,1,1,5,1,0,-1,-1, -1,-1,2021,49.0,2,2,0,2,6,24,1,,6,BENEDICTINS (RAMPE DES),0,,-1,-1,0,1,0,0,1,, -1,1,0,6,30,19,12,2021,20:52,5,87,87085,2,1,0,6,BENEDICTINS (RAMPE DES),45.8359,1.26726,20,2,2
202100003168,196Â 103,A01,10,3,1,2,0,-1,-1,2,3,1,2021,12.0,2,2,0,1,7,1,1,,4,R ETIENNE DOLET ,0,,3,2,0,1,1,0,1,, -1,1,0,1,30,13,12,2021,17:30,5,94,94002,1,1,0,6,Rue Etienne Dolet,48.791529,2.425625,17,2,1
202100011649,180Â 903,B01,1,1,1,0,8,0,-1,-1, -1,-1,2021,50.0,2,1,1,0,3,1,5,,3,FONTAINEBLEAU (AV DE),0,,2,2,0,1,1,0,1,, -1,1,0,1,50,22,10,2021,09:30,1,94,94043,2,1,0,3,Avenue de Fontainebleau,48.80898,2.36258,9,2,2
202100048244,115Â 513,B01,1,1,1,1,2,8,-1,-1, -1,-1,2021,39.0,0,1,0,2,1,17,1,,4,PONT VIII (ROUTE DU),0,,2,2,0,1,(1),(1),1,, -1,2,0,1,50,12,3,2021,07:45,1,76,76305,2,1,0,3,PONT VIII (ROUTE DU),49.49729,0.2112,7,2,2
202100009877,184Â 049,A01,1,1,1,1,2,0,-1,-1, -1,-1,2021,22.0,1,1,0,2,1,3,1,,1,13,0,,3,2,0,1,2,0,1,, -1,1,0,1,70,2,11,2021,19:00,3,92,92012,1,1,0,2,A13,48.8485611292,2.2295996632,19,2,2
202100026032,155Â 150,A01,1,1,1,0,1,-1,-1,0,0,-1,2021,74.0,0,2,0,2,1,13,1,,3,834,-1,D,2,2,0,1,35,300,1,, -1,1,0,5,80,2,8,2021,15:28,1,40,40246,1,1,0,1,D834,44.14128,-0.724676,15,3,2
202100035296,138Â 613,A01,10,3,2,2,0,-1,-1,3,3,1,2021,19.0,2,2,0,1,2,1,1,,4,PROVENCE (AVENUE DE),0,,2,2,0,2,(1),(1),3,, -1,1,9,8,50,10,6,2021,13:30,1,6,6069,2,1,0,6,PROVENCE (AVENUE DE),43.655331,6.922825,13,2,1
202100026630,154Â 108,A01,10,3,2,0,0,-1,-1,3,5,1,2021,40.0,1,2,0,1,1,1,1,,4,ANJOU (BD D'),0,,2,2,0,1,0,0,1,, -1,1,0,1,50,28,7,2021,15:25,1,72,72003,2,1,0,6,ANJOU (BD D'),47.964584,0.162632,15,2,1
202100019137,167Â 421,B01,2,2,1,5,2,-1,-1,-1,0,-1,2021,17.0,1,1,0,2,8,1,1,,3,VICTOR BORDIER(BOULEVARD),0,,3,4,0,1,7,800,1,, -1,1,0,1,50,13,9,2021,19:25,1,95,95424,2,2,0,3,RD 14,48.99433,2.194701,19,4,2
202100048332,115Â 361,A01,1,1,1,5,2,6,-1,0,0,-1,2021,41.0,0,1,0,2,2,1,1,,4,,-1,,1,2,0,1,(1),(1),1,, -1,1,0,1,50,12,3,2021,12:50,1,36,36088,2,1,0,2,Rue Haute Saint-paterne,46.943429,1.989622,12,2,2
202100052772,107Â 399,A01,10,3,1,0,0,-1,-1,4,3,1,2021,56.0,1,2,0,1,1,1,1,,7,GORGES (ROUTE DES) SAINT PAUL,0,,2,1,0,1,3,250,1,, -1,2,9,1,50,2,2,2021,19:15,2,42,42270,1,1,1,6,Route des Gorges,45.4052,4.24531,19,2,1
202100029305,149Â 381,A01,1,1,1,5,2,-1,-1,-1, -1,-1,2021,29.0,1,1,0,2,8,15,1,,4,AVE PASTEUR,0,,2,2,0,1,(1),(1),1,, -1,1,0,1,50,11,7,2021,17:05,1,33,33167,2,3,0,3,Avenue Pasteur,44.84147,-0.53065,17,2,2
202100054181,104Â 898,A01,1,1,2,1,0,-1,-1,-1, -1,-1,2021,32.0,2,1,14,0,1,1,5,,4,,0,,1,3,3,1,(1),(1),1,, -1,1,0,6,20,21,1,2021,16:30,1,69,69387,2,1,0,6,UNIVERSITE (DE L') (R),45.7515832332,4.8378735781,16,1,1
202100016762,171Â 658,B01,1,1,1,1,2,0,-1,-1, -1,-1,2021,22.0,1,1,0,2,2,3,1,,2,13,0,,-1,2,0,1,1,49,1,, -1,1,0,2,90,26,9,2021,02:09,5,92,92051,1,1,0,3,RN13,48.8860757655,2.2566510737,2,2,2
202100013408,177Â 766,A01,1,1,1,1,2,0,-1,-1, -1,-1,2021,27.0,1,1,0,2,4,2,1,,3,GRANDE RUE,0,,2,2,0,1,1,0,1,, -1,1,0,1,50,13,10,2021,20:30,5,93,93077,2,1,0,2,GRANDE RUE,48.8835156911,2.5114792585,20,2,2
202100051711,109Â 259,B01,1,1,1,4,8,0,-1,0,0,-1,2021,26.0,2,1,0,2,1,1,5,,4,RUE DES FRANCS BOURGEOIS,0,,1,1,0,2,(1),(1),1,, -1,1,0,1,50,11,2,2021,21:42,5,75,75103,2,2,0,3,RUE DES FRANCS BOURGEOIS,48.856467,2.364308,21,2,2
202100026955,153Â 528,A01,1,1,1,0,2,6,-1,-1, -1,-1,2021,18.0,2,1,0,2,6,13,1,,3,GENERAL LECLERC (AV DU),0,,2,5,0,1,1,0,1,, -1,2,0,1,50,26,7,2021,20:08,1,94,94046,2,1,1,3,Avenue du GÃ©nÃ©ral Leclerc,48.81008,2.43266,20,2,2
202100000969,200Â 023,A01,10,3,2,0,0,-1,-1,2,3,1,2021,59.0,1,2,0,1,2,1,1,,4,CHEVALIER DE SAINTE-MARTHE (BLD),0,,-1,1,0,1,0,0,1,, -1,1,0,1,50,27,12,2021,14:00,1,972,97209,2,1,0,6,CHEVALIER DE SAINTE-MARTHE (BLD),14.60365,-61.0659,14,2,1
202100032962,142Â 838,B01,1,1,1,1,2,6,-1,0,0,-1,2021,36.0,1,1,0,2,3,1,1,,3,48,-1,,2,2,0,1,3,400,1,, -1,1,5,1,80,14,6,2021,07:15,1,60,60150,1,2,0,3,D48,49.529275,2.984301,7,2,2
202100031213,145Â 947,A01,10,3,2,0,0,-1,-1,5,B,2,2021,2.0,3,2,0,1,3,26,6,,3,PLACE SAINT JUSTE,0,,2,3,0,1,0,0,1,, -1,1,9,1,50,3,7,2021,20:00,1,93,93008,2,2,0,6,Avenue Paul Vaillant - Couturier / Avenue Edouard Vaillant,48.90594,2.46963,20,2,1
202100032380,143Â 888,A01,2,2,1,5,2,6,-1,0,0,-1,2021,11.0,1,1,0,2,1,5,1,,3,1,0,D,2,2,0,1,7,0,2,,5,1,0,1,70,26,6,2021,13:40,1,201,201103,1,1,0,1,d1,41.984441,8.887596,13,3,2
202100034525,140Â 017,B01,1,1,1,5,2,-1,-1,0,0,-1,2021,62.0,0,1,0,2,4,2,5,,3,2,-1,,2,2,0,1,(1),(1),2,, -1,1,0,1,80,11,6,2021,15:50,1,69,69227,1,1,0,2,D2,45.627994,4.530809,15,2,2
202100021472,163Â 261,A01,1,1,2,0,1,5,-1,-1, -1,-1,2021,82.0,2,2,0,2,8,10,1,,3,Prolongement Bd POMPIDOU,0,,2,2,0,1,0,0,1,, -1,1,3,1,80,31,8,2021,12:24,1,10,10357,1,9,0,3,Prolongement Bd POMPIDOU,48.30513,4.10017,12,2,2
202100009443,184Â 819,B01,1,1,1,1,2,6,-1,0,0,-1,2021,35.0,1,1,0,2,0,1,5,,2,GOURNIER (Avenue de),0,,2,2,1,1,92,990,1,, -1,1,0,1,50,4,11,2021,17:30,5,26,26198,2,1,0,1,39 Avenue de Gournier,44.531289,4.744591,17,2,2
202100022486,161Â 437,B01,1,1,1,1,8,0,-1,-1, -1,-1,2021,25.0,2,1,0,2,8,1,5,,3,986,0,,2,2,0,1,0,0,1,, -1,1,0,1,50,26,8,2021,18:15,1,92,92025,2,1,0,3,AGENT SARRE (AV DE L'),48.924745,2.26616,18,2,2
202100034120,140Â 773,B01,2,2,1,0,1,0,-1,-1, -1,-1,2021,17.0,0,1,0,2,1,1,1,,4,RAPATEL (RUE),0,,1,1,0,1,0,0,1,, -1,1,0,1,50,16,6,2021,14:10,1,93,93048,2,2,0,3,Rue Rapatel / Rue Colmet LÃ©pinay,48.855,2.4429,14,3,2
202100046765,118Â 181,B01,1,1,2,0,0,-1,-1,0,0,-1,2021,44.0,1,1,0,2,4,23,5,,3,ABBAYE (RUE DEL'),0,,2,2,0,1,1,0,1,, -1,1,0,1,50,23,3,2021,08:05,1,14,14030,2,1,0,3,Rue de lâAbbaye,49.20366,-0.42207,8,2,2
202100049501,113Â 271,A01,1,1,1,1,2,-1,-1,-1, -1,-1,2021,24.0,2,1,0,2,4,1,1,,4,BD DU PRESIDENT WILSON,0,,3,4,2,1,(1),(1),1,, -1,1,0,5,50,2,3,2021,06:35,5,33,33063,2,3,0,2,Boulevard du PrÃ©sident Wilson,44.85109,-0.59556,6,2,2
202100048709,114Â 691,A01,10,3,1,9,0,-1,-1,3,9,2,2021,2.0,3,2,0,1,2,2,0,,4,MARCEL POINTET (PLACE) DES NÂ°2-4 AU 14,0,,-1,1,0,1,0,0,1,, -1,1,0,1,50,9,3,2021,10:44,1,93,93072,2,1,0,6,MARCEL POINTET (PLACE) DES NÂ°2-4 AU 14,48.95136,2.38183,10,2,1
202100026737,153Â 928,B01,1,1,1,4,0,-1,-1,0,0,-1,2021,51.0,1,4,0,2,6,1,1,,3,764,-1,,2,2,0,1,(1),(1),1,, -1,1,0,1,80,28,7,2021,14:15,1,8,8142,1,1,0,3,D764,49.692626,4.864647,14,2,2