Num_Acc,id_vehicule,num_veh,place,catu,sexe,trajet,secu1,secu2,secu3,locp,actp,etatp,year_acc,victim_age,senc,catv,obs,obsm,choc,manv,motor,occutc,catr,voie,v1,v2,circ,nbv,vosp,prof,pr,pr1,plan,lartpc,larrout,surf,infra,situ,vma,jour,mois,an,hrmn,lum,dep,com,agg_,int,atm,col,adr,lat,long,hour,nb_victim,nb_vehicules
202100021272,163Â 632,A01,1,1,1,0,2,0,-1,-1, -1,-1,2021,48.0,1,1,0,2,1,17,0,,4,MARÃCHAL DE LATTRE (AVENUE),0,,2,3,0,1,0,0,1,, -1,1,0,1,50,2,9,2021,11:15,1,13,13209,2,1,0,5,MARÃCHAL DE LATTRE (AVENUE),43.2459168041,5.4173980125,11,3,3
202100025076,156Â 832,A01,1,1,1,5,0,-1,-1,0,0,-1,2021,28.0,0,1,0,0,8,15,1,,4,,0,,2,2,0,2,(1),(1),3,,4,1,0,3,50,15,7,2021,03:00,5,13,13016,1,1,0,7,Chemin des Gorguettes,43.402206,5.593709,3,1,1
202100049101,113Â 987,A01,1,1,2,1,1,-1,-1,-1, -1,-1,2021,40.0,1,2,0,2,7,15,1,,4,MEDOC (RTE DU),0,,3,7,3,1,(1),(1),1,, -1,1,0,1,50,4,3,2021,19:30,5,33,33162,2,2,0,3,Route du MÃ©doc,44.876779,-0.622402,19,2,2
202100051993,108Â 771,A01,1,1,1,5,1,0,-1,-1, -1,-1,2021,31.0,2,2,0,0,4,2,0,,3,BOLOGNE (ROUTE DE),0,,2,2,0,1,(1),(1),1,, -1,1,0,1,50,4,2,2021,12:15,1,971,97105,1,1,0,6,BOLOGNE (ROUTE DE),16.00567,-61.73374,12,1,1
202100034282,140Â 461,A01,2,2,1,5,2,6,-1,0,0,-1,2021,16.0,0,1,0,2,1,17,1,,3,CLEMENCEAU (BOULEVARD GEORGES),0,,2,2,0,1,49,110,1,, -1,1,0,1,50,15,6,2021,18:05,1,27,27375,2,1,0,3,CLEMENCEAU (BOULEVARD GEORGES),49.21004,1.16871,18,3,2
202100012219,179Â 878,B01,1,1,2,5,2,6,-1,0,0,-1,2021,40.0,0,1,0,2,2,1,5,,4,DOUCERAIN (PLACE AIME),0,,2,2,0,3,(1),(1),1,, -1,2,0,1,50,19,10,2021,08:55,1,27,27229,2,1,0,3,DOUCERAIN (PLACE AIME),49.03,1.136,8,2,2
202100023215,160Â 123,A01,1,1,1,5,2,-1,-1,0,0,-1,2021,39.0,3,1,0,0,0,1,3,,4,,-1,,2,2,0,1,(1),(1),3,,4,1,0,1,50,21,8,2021,22:31,5,38,38071,2,1,0,7,Rue de la Madeleine,45.082673,5.743098,22,1,1
202100020173,165Â 577,B01,1,1,1,5,0,-1,-1,0,0,-1,2021,22.0,1,1,0,2,1,5,1,,2,4,-1,,1,2,0,2,(1),(1),2,, -1,1,5,1,50,9,9,2021,10:58,1,971,97125,2,6,0,1,Lieu Dit Seze,16.251769,-61.28736,10,2,2
202100045934,119Â 647,A01,10,3,2,5,0,-1,-1,3,3,1,2021,92.0,1,2,0,1,1,1,1,,3,MONTPENCHER (R),0,,-1,1,0,1,41,95,1,, -1,1,6,1,50,13,3,2021,11:50,1,62,62427,2,1,0,6,MONTPENCHER (R),50.42174,2.94817,11,2,1
202100009371,184Â 955,A01,6,2,2,5,0,-1,-1,0,0,-1,2021,21.0,1,2,6,0,1,1,1,,3,89,-1,,2,2,0,1,(1),(1),1,, -1,1,0,8,80,6,11,2021,04:45,3,50,50295,1,2,0,6,D89,48.956679,-1.200525,4,6,1
202100048909,114Â 334,A01,1,1,1,1,1,-1,-1,0,0,-1,2021,52.0,1,2,0,2,3,17,1,,3,102,0,D,2,2,0,1,9,165,3,, -1,1,0,1,80,8,3,2021,14:00,1,35,35257,1,1,0,1,Le Petit Baudusse (Saint-Brice-en-CoglÃ¨s),48.42364,-1.358185,14,2,2
202100038609,132Â 624,A01,1,1,1,5,1,8,-1,-1, -1,-1,2021,20.0,2,2,0,2,3,1,1,,3,CORBEIL (ROUTE),0,,2,0,0,2,0,0,2,, -1,1,0,1,50,23,5,2021,17:40,1,91,91667,2,1,0,1,CORBEIL (ROUTE),48.658917,2.339803,17,5,2
202100048570,114Â 934,B01,1,1,1,1,2,0,-1,0,0,-1,2021,31.0,1,1,0,2,2,17,1,,4,BOULEVARD DE REUILLY,0,,2,2,0,1,(1),(1),1,, -1,2,0,1,50,10,3,2021,18:00,2,75,75112,2,1,1,3,BOULEVARD DE REUILLY,48.839281,2.392775,18,2,2
202100042082,126Â 405,A01,1,1,1,3,1,-1,-1,0,0,-1,2021,23.0,1,2,2,0,3,1,1,,3,138,-1,,2,2,0,1,(1),(1),2,, -1,1,0,3,80,21,3,2021,10:00,1,67,67472,1,1,0,6,D138,48.799309,7.954445,10,1,1
202100008613,186Â 344,A01,10,3,2,5,0,-1,-1,0,3,-1,2021,13.0,0,2,0,1,3,26,1,,4,JULES GUESDE (BD),0,,2,2,0,1,1,0,1,, -1,1,0,1,50,10,11,2021,18:40,4,94,94017,2,1,1,6,Boulevard Jules Guesde,48.82036,2.50785,18,2,1
202100045356,120Â 668,A01,1,1,1,5,1,5,-1,-1, -1,-1,2021,58.0,-1,2,0,0,9,13,1,,3,MARONNIERS (RUE DES),0,,2,2,0,1,1,0,3,, -1,2,0,1,80,16,3,2021,23:05,3,90,90076,1,1,1,6,MARONNIERS (RUE DES),47.6335905875,6.9002348185,23,1,1
202100016014,173Â 037,B01,1,1,1,3,1,-1,-1,0,0,-1,2021,75.0,1,2,0,2,1,1,1,,3,613,-1,,2,2,0,2,62,50,1,, -1,2,0,1,80,1,10,2021,15:25,1,27,27425,1,1,0,1,rd 613,49.148752,0.70069,15,3,2
202100049527,113Â 228,A01,1,1,2,9,1,0,-1,0,0,-1,2021,21.0,3,2,0,2,8,9,1,,4,AVENUE DE LA PORTE D ORLEANS,0,,1,2,0,3,(1),(1),1,, -1,1,0,1,50,2,3,2021,09:55,1,75,75114,2,2,0,3,AVENUE DE LA PORTE D ORLEANS,48.820377,2.325432,9,2,2
202100015916,173Â 217,A01,10,3,2,5,8,8,-1,2,3,1,2021,20.0,2,2,0,1,1,1,1,,4,ALLENDE SALVADOR (RUE),0,,2,4,0,1,0,0,1,, -1,2,0,1,70,20,9,2021,20:05,5,30,30189,2,1,1,6,ALLENDE SALVADOR (RUE),43.8474,4.397,20,2,1
202100039970,130Â 144,B01,1,1,1,1,1,0,-1,-1, -1,-1,2021,67.0,1,2,0,0,0,0,1,,3,GAMBETTA AV.,0,,2,2,0,1,1,0,1,, -1,2,0,1,50,14,5,2021,12:40,1,93,93006,2,1,1,3,Avenue Gambetta,48.871958,2.418652,12,2,2
202100027070,153Â 332,A01,1,1,2,5,1,-1,-1,0, -1,-1,2021,22.0,2,2,4,0,1,21,1,,3,Boulevard d'Ergue Armel,0,,3,3,0,2,52,500,3,, -1,2,0,1,70,24,7,2021,19:50,1,29,29232,1,1,0,6,Boulevard d'Ergue Armel,47.988372,-4.074614,19,1,1
202100004250,194Â 157,B01,1,1,2,0,1,-1,-1,-1, -1,-1,2021,28.0,2,2,0,0,4,2,1,,3,CHAMPAGNE   (  AVENUE DE),0,,1,3,1,1,21,200,1,, -1,2,2,1,70,6,12,2021,18:35,5,51,51454,2,1,1,2,Avenue de Champagne,49.23539,4.0423,18,3,2
202100032268,144Â 082,A01,10,3,1,5,0,-1,-1,5,2,1,2021,31.0,2,5,0,1,3,20,1,,4,MARNE ( AV DE LA ),0,,-1,-1,0,1,(1),(1),1,, -1,1,0,4,30,24,6,2021,23:28,4,56,56121,2,1,0,6,MARNE ( AV DE LA ),47.7423,-3.3684,23,2,1
202100048953,114Â 247,A01,1,1,1,1,2,6,-1,0,0,-1,2021,24.0,1,1,0,2,2,3,1,,4,PORTE D AUBERVILLIERS,0,,1,4,0,1,24,200,1,, -1,1,0,1,70,4,3,2021,18:10,1,75,75119,2,1,0,2,PORTE D AUBERVILLIERS,48.900368,2.375187,18,2,2
202100019019,167Â 643,A01,10,3,2,2,0,-1,-1,3,3,1,2021,15.0,0,2,0,1,2,2,1,,3,MARECHAL DE LATTRE DE TASSIGNY (AV DU),0,,-1,2,0,1,12,0,1,, -1,2,0,1,50,14,9,2021,09:00,1,94,94016,2,1,1,6,Av du Mal de Lattre de Tassigny,48.789716,2.33222,9,2,1
202100007370,188Â 580,B01,1,1,2,1,2,0,-1,-1, -1,-1,2021,52.0,3,1,0,2,1,19,5,,4,,0,,1,3,2,1,0,0,1,, -1,1,5,1,50,19,11,2021,08:10,2,92,92046,2,9,0,3,VALLEE (RUE DE LA),48.8221118755,2.3057663441,8,2,2
202100014560,175Â 680,A01,1,1,1,1,2,6,-1,-1, -1,-1,2021,53.0,1,1,0,2,2,17,1,,4,RUE DE ROCHOPT,0,,2,2,0,1,0,100,1,, -1,1,0,1,50,6,10,2021,07:35,1,91,91097,2,3,0,2,RUE DE ROCHOPT,48.690897,2.527226,7,2,2
202100007226,188Â 838,A01,1,1,2,5,1,8,-1,-1, -1,-1,2021,69.0,2,2,0,2,2,9,1,,4,MANIO ( ECHANGEUR ET RD POINT DU ),0,,1,1,0,1,(1),(1),2,, -1,1,5,1,50,17,11,2021,16:35,1,56,56121,2,6,0,3,MANIO ( ECHANGEUR ET RD POINT DU ),47.75605,-3.38426,16,2,2
202100013866,176Â 916,A01,10,3,2,0,0,-1,-1,3,1,1,2021,71.0,1,2,0,1,8,1,1,,4,LECLERC (BD DU MAL) DU 01 ET +,0,,2,3,0,1,(1),(1),1,, -1,1,0,1,50,11,10,2021,12:20,1,33,33009,2,1,0,6,Boulevard MarÃ©chal Leclerc,44.65923,-1.16447,12,2,1
202100016564,172Â 024,D01,2,2,2,0,8,-1,-1,0,0,-1,2021,41.0,2,4,0,2,1,1,1,,2,4,-1,N,2,2,0,1,79,50,1,, -1,2,0,1,80,28,9,2021,05:40,3,51,51340,1,1,1,4,N4,48.7434700141,4.5076158776,5,5,4
202100047047,117Â 676,A01,10,3,2,3,0,-1,-1,3,3,1,2021,30.0,2,2,0,1,3,26,1,,4,LUMIERES (AVE DES FRERES),0,,3,2,0,1,0,0,1,, -1,1,0,8,50,22,3,2021,16:40,1,30,30007,2,1,0,6,LUMIERES (AVE DES FRERES),44.13973,4.08991,16,2,1
202100051787,109Â 131,A01,1,1,2,0,1,-1,-1,-1, -1,-1,2021,50.0,1,2,0,2,2,15,1,,4,GEORGES DIMITROV                    (AV),0,,-1,2,0,1,(1),(1),1,, -1,1,5,1,50,11,2,2021,15:34,1,69,69256,2,6,0,3,GEORGES DIMITROV                    (AV),45.77678,4.92091,15,3,2
202100043746,123Â 491,A01,1,1,2,0,1,8,-1,-1, -1,-1,2021,21.0,2,2,15,0,2,14,1,,3,HAUT PAVE (RUE DU),0,,2,2,0,1,0,0,1,, -1,1,0,4,50,15,4,2021,10:15,1,91,91223,2,1,0,6,HAUT PAVE (RUE DU),48.43071,2.14881,10,1,1
202100016000,173Â 067,A01,1,1,1,0,0,-1,-1,0,0,-1,2021,34.0,1,2,0,2,1,2,1,,2,,-1,,3,4,0,4,95,0,1,,4,1,0,1,110,29,9,2021,20:25,3,35,35184,1,9,0,2,RN 12,48.2167574507,-2.0982538656,20,2,2
202100006716,189Â 779,A01,1,1,1,5,2,6,-1,0,0,-1,2021,82.0,1,1,0,2,1,1,1,,4,PORTE DE GENTILLY,0,,1,2,0,1,4,400,3,, -1,1,0,1,70,23,11,2021,16:50,1,75,75114,2,1,0,2,PORTE DE GENTILLY,48.816851,2.33621,16,2,2
202100014849,175Â 166,A01,10,3,1,5,0,-1,-1,3,3,1,2021,66.0,1,1,0,1,1,1,1,,3,PIERRE ET MARIE CURIE (R),0,,2,2,0,1,0,0,1,, -1,1,0,1,50,6,10,2021,17:12,1,94,94041,2,1,0,1,PIERRE ET MARIE CURIE (R),48.81418,2.37329,17,2,1
202100003493,195Â 509,A01,1,1,2,5,1,-1,-1,0,0,-1,2021,27.0,1,2,0,2,1,1,1,,3,2,-1,,2,1,0,1,31,642,1,, -1,1,5,1,-1,11,12,2021,18:45,3,34,34213,1,2,0,5,intersection D2 - D119,43.495258,3.697243,18,3,3
202100013777,177Â 083,A01,1,1,1,5,2,6,-1,0,0,-1,2021,31.0,2,1,12,0,1,1,1,,3,417,0,D,2,2,0,2,41,110,2,, -1,1,9,1,80,10,10,2021,15:20,1,88,88531,1,1,0,6,La Roche du Diable,48.062475,6.986441,15,1,1
202100014059,176Â 566,A01,1,1,1,5,2,6,-1,0,0,-1,2021,16.0,2,1,0,2,1,1,1,,4,910,-1,,2,2,0,2,47,240,1,,4,1,0,1,50,10,10,2021,16:10,1,37,37154,2,1,0,2,113 Rue Nationale,47.2822631819,0.711723335,16,2,2
202100007357,188Â 602,B01,1,1,1,2,0,0,-1,-1, -1,-1,2021,14.0,1,1,1,2,7,1,5,,4,PL DES MARSEILLAIS,0,,2,4,2,1,0,375,1,, -1,1,0,5,30,19,11,2021,19:40,5,94,94018,2,1,0,3,Place des Marseillais,48.82675,2.40548,19,2,2
202100052627,107Â 655,A01,10,3,2,1,0,-1,-1,1,3,1,2021,63.0,1,2,0,1,1,1,1,,2,2,-1,,1,1,0,1,(1),(1),1,, -1,1,0,1,50,19,1,2021,05:45,2,971,97121,2,1,0,6,Rue de la RÃ©publique,16.230354,-61.788483,5,2,1
202100042945,124Â 906,A01,1,1,1,5,0,-1,-1,0,0,-1,2021,26.0,2,1,0,2,1,5,1,,2,6,0,N,2,2,0,1,29,0,1,, -1,1,0,1,80,23,4,2021,15:05,1,972,97232,1,1,0,1,morne courbaril,14.513154,-60.840182,15,3,2
202100006840,189Â 557,A01,2,2,1,1,1,0,0,-1, -1,-1,2021,52.0,3,2,0,9,1,1,1,,3,60,0,,2,2,0,1,0,0,1,, -1,1,6,1,30,22,11,2021,08:15,1,92,92071,2,1,0,6,HOUDAN (RUE),48.7788948687,2.2863900661,8,2,1
202100018685,168Â 243,B01,1,1,1,0,2,-1,-1,0,0,-1,2021,50.0,1,1,0,2,8,19,5,,4,,0,,2,2,1,1,(1),(1),1,,"3,5",1,0,1,50,14,9,2021,06:50,5,33,33056,2,9,0,3,Avenue du GÃ©nÃ©ral de Gaulle,44.927101,-0.634962,6,2,2
202100035360,138Â 504,A01,1,1,2,0,1,-1,-1,0,0,-1,2021,20.0,1,2,0,2,1,13,1,,3,20,-1,,2,2,0,1,48,700,1,, -1,1,0,1,80,11,6,2021,13:10,1,76,76151,1,1,0,1,D20,49.84193,0.73013,13,2,2
202100036626,136Â 242,A01,1,1,2,0,1,0,-1,0,0,-1,2021,27.0,1,2,0,2,1,1,1,,2,RN12,0,,2,4,0,1,1,0,1,, -1,1,0,1,90,22,5,2021,16:55,1,22,22278,2,1,0,4,RN12,48.5062073475,-2.7344490588,16,4,4
202100040682,128Â 907,B01,1,1,1,0,8,-1,-1,0,0,-1,2021,49.0,1,2,0,2,8,1,1,,3,941,-1,,2,2,0,1,5,150,1,, -1,1,0,1,80,10,5,2021,17:30,1,28,28046,1,1,0,1,D941 - PK 5 +150,48.663838,0.912514,17,2,2
202100045884,119Â 741,B01,2,2,2,0,1,0,-1,-1, -1,-1,2021,37.0,1,2,0,2,4,2,1,,1,86,0,,3,6,0,1,8,0,1,, -1,1,0,1,90,30,3,2021,17:30,1,92,92036,1,1,0,4,A86,48.9357640852,2.2872224731,17,4,3
202100027929,151Â 785,A01,1,1,2,5,8,0,-1,-1, -1,-1,2021,50.0,1,1,0,0,0,1,0,,3,BISCAROSSE (AVE) DUNE VERS BISCA,0,,2,1,1,1,10,700,1,, -1,1,0,5,30,20,7,2021,10:25,1,33,33529,1,1,1,7,BISCAROSSE (AVE) DUNE VERS BISCA,44.5841,-1.2097070929,10,1,1
202100036335,136Â 746,B01,2,2,2,0,1,5,-1,0,0,-1,2021,64.0,2,2,0,2,4,2,1,,1,6,-1,,3,2,0,1,87,693,1,, -1,1,0,1,130,5,6,2021,21:30,2,77,77168,1,1,0,2,Autoroute A6 - PK 87+800 de Lyon Ã  Paris,48.177133,2.850094,21,3,2
202100014519,175Â 757,A01,1,1,1,2,2,-1,-1,0,0,-1,2021,14.0,3,1,0,2,1,21,1,,4,,0,,2,1,0,1,(1),(1),1,,3,2,0,1,30,29,9,2021,08:00,1,9,9282,2,1,0,1,Rue du hippocrate le grand,43.240857,1.572944,8,2,2
202100010647,182Â 706,A01,1,1,1,0,1,5,-1,0,0,-1,2021,34.0,1,2,0,2,3,2,1,,3,11,-1,D,3,2,0,1,(1),(1),1,,"5,5",1,0,1,80,29,10,2021,12:20,1,9,9185,1,1,0,1,D11,43.223973,1.704383,12,2,2
202100020488,165Â 015,A01,10,3,2,1,0,-1,-1,1,1,2,2021,36.0,1,2,0,1,2,1,1,,4,EGALITE (RUE DE L'),0,,2,2,0,1,(1),(1),1,, -1,1,9,4,30,6,9,2021,12:50,1,95,95598,2,1,1,6,EGALITE (RUE DE L'),48.9940548082,2.2942728164,12,2,1
202100030366,147Â 485,A01,4,2,1,0,8,-1,-1,-1, -1,-1,2021,22.0,2,2,0,2,3,1,1,,3,FABIEN (RUE DU COLONNEL),0,,2,1,0,1,34,2000,1,, -1,1,0,1,50,4,7,2021,22:00,5,51,51454,2,3,0,3,Rue du Colonel Fabien,49.249202183,4.0165945888,22,4,2
202100015577,173Â 840,A01,2,2,1,5,1,8,-1,-1, -1,-1,2021,19.0,3,2,15,0,2,14,1,,4,MARNE (CARREFOUR DE LA),0,,2,6,0,1,(1),(1),3,, -1,2,9,8,50,2,10,2021,03:30,5,37,37261,2,1,0,7,MARNE (CARREFOUR DE LA),47.4237873474,0.6976536959,3,2,1
202100000855,200Â 209,B01,2,2,2,0,1,-1,-1,-1, -1,-1,2021,45.0,2,2,7,2,4,23,1,,3,BARBUSSE HENRI  (boulvard),0,,2,2,2,1,(1),(1),1,, -1,2,5,1,50,29,12,2021,11:10,1,69,69264,2,1,1,2,BARBUSSE HENRI  (boulvard),45.98112,4.71532,11,3,2
202100003403,195Â 676,B01,1,1,1,1,1,8,-1,-1, -1,-1,2021,48.0,2,2,0,2,3,1,1,,3,D148,0,,2,2,0,1,15,780,1,, -1,2,0,1,90,10,12,2021,17:40,3,77,77506,1,1,1,1,D148,48.2937632561,2.8463109164,17,2,2
202100052419,108Â 015,A01,1,1,1,2,2,6,-1,-1, -1,-1,2021,16.0,1,1,0,2,1,26,1,,3,ESPAGNE (AVENUE D'),0,,2,2,0,1,0,0,1,, -1,2,0,1,50,4,2,2021,08:10,1,64,64024,2,1,1,5,ESPAGNE (AVENUE D'),43.47602,-1.52764,8,3,3
202100037957,133Â 818,B01,1,1,1,4,1,8,-1,-1, -1,-1,2021,44.0,1,2,0,2,4,1,6,,3,FELIX EBOUE(ROCADE),0,,-1,2,0,1,2,50,1,, -1,2,9,1,50,27,5,2021,13:30,1,973,97302,2,9,1,2,FELIX EBOUE(ROCADE),4.9303502349,-52.3140928746,13,2,2
202100015436,174Â 117,A01,4,2,1,5,1,8,-1,-1, -1,-1,2021,45.0,2,2,0,2,6,23,1,,1,A507 sens Aubagne- Marseille,0,,3,2,0,3,10,0,1,, -1,1,0,1,70,1,10,2021,21:00,5,13,13055,1,1,0,2,A507 sens Aubagne- Marseille,43.29509,5.42479,21,6,2
202100016974,171Â 279,A01,2,2,1,0,8,0,-1,-1, -1,-1,2021,22.0,3,2,0,2,8,15,1,,4,EUROPE (AVENUE DE L'),0,,2,2,0,1,0,0,1,, -1,1,0,1,50,25,9,2021,13:15,1,13,13117,2,2,0,3,ESPAGNE ( VOIE D' ),43.42125,5.26665,13,3,2
202100052170,108Â 457,B01,1,1,2,0,1,-1,-1,0,0,-1,2021,71.0,2,2,0,2,3,1,1,,3,498,0,,2,2,0,1,21,800,1,, -1,1,0,1,50,8,2,2021,13:15,1,42,42312,2,1,0,1,Route de Saint-Etienne,45.4287,4.069469,13,2,2
202100018205,169Â 067,A01,1,1,2,5,1,-1,-1,-1, -1,-1,2021,22.0,1,2,16,0,1,19,1,,2,ROCADE A 630,0,,1,2,0,2,44,340,2,, -1,2,3,1,50,18,9,2021,21:02,3,33,33249,1,1,1,6,Rocade Rive Droite N230,44.884918,-0.511057,21,1,1
202100040883,128Â 548,A01,1,1,1,5,2,6,-1,-1, -1,-1,2021,52.0,2,1,0,2,1,17,1,,3,MARSEILLE (ROUTE DE),0,,2,2,2,1,26,500,1,, -1,1,0,1,50,7,5,2021,18:15,1,83,83137,2,9,0,3,MARSEILLE (ROUTE DE),43.12868,5.88765,18,2,2
202100042504,125Â 645,A01,10,3,2,5,0,-1,-1,4,5,1,2021,31.0,1,1,0,1,1,1,1,,4,BOULEVARD HAUSSMANN,0,,1,3,0,1,(1),(1),1,, -1,1,0,1,50,26,4,2021,18:40,1,75,75109,2,2,0,6,BOULEVARD HAUSSMANN,48.87238,2.337438,18,2,1
202100043043,124Â 736,A01,10,3,2,3,0,-1,-1,4,3,1,2021,83.0,1,2,0,1,1,9,1,,4,DUNKERQUE  (BOULEVARD DE),0,,1,0,0,1,(1),(1),1,, -1,1,0,1,50,22,4,2021,15:00,1,13,13202,2,1,0,6,DUNKERQUE  (BOULEVARD DE),43.30575,5.36744,15,2,1
202100015192,174Â 554,A01,1,1,2,0,1,0,-1,-1, -1,-1,2021,45.0,1,2,0,2,4,1,1,,1,A507 sens Marseille - Aubagne,0,,1,3,0,2,6,599,1,, -1,2,1,1,70,4,10,2021,08:22,1,13,13055,1,1,1,2,A507 sens Marseille - Aubagne,43.30811,5.42507,8,2,2
202100051271,110Â 032,B01,1,1,1,1,2,0,-1,-1, -1,-1,2021,38.0,2,1,0,2,1,17,0,,4,VERDUN (AVENUE DE),0,,2,2,0,1,(1),(1),1,, -1,1,0,1,50,16,2,2021,09:10,1,78,78146,2,3,0,3,VERDUN (AVENUE DE),48.89934,2.15439,9,2,2
202100035596,138Â 091,A01,1,1,1,1,1,-1,-1,0,0,-1,2021,38.0,3,2,0,2,3,17,0,,5,,-1,,2,2,0,1,(1),(1),1,,4,1,0,1,30,10,6,2021,07:40,1,51,51493,1,1,0,1,Chemin du Calvaire,49.2221123536,4.0977609158,7,2,2
202100052735,107Â 470,B01,1,1,2,3,0,-1,-1,0,0,-1,2021,43.0,0,2,0,0,7,24,1,,6,,0,,-1,-1,0,1,(1),(1),1,, -1,2,9,1,30,3,2,2021,17:20,2,88,88078,2,1,1,6,50 Rue Abel Ferry,48.204198,6.721916,17,4,2
202100051810,109Â 092,B01,1,1,1,4,2,0,-1,-1, -1,-1,2021,39.0,0,1,0,2,4,23,1,,4,MICHELET (BOULEVARD),0,,1,1,0,1,(1),(1),1,, -1,1,0,1,50,11,2,2021,09:35,1,13,13209,2,1,0,2,MICHELET (BOULEVARD),43.2694093636,5.3930479288,9,2,2
202100012559,179Â 268,A01,1,1,1,5,0,-1,-1,0,0,-1,2021,35.0,0,2,15,0,0,1,0,,2,1,0,A,2,2,0,1,15,200,1,, -1,1,0,3,70,17,10,2021,22:40,3,986,98613,2,1,0,5,Tepa,-13.300022,-176.217137,22,1,1
202100030743,146Â 806,B01,2,2,2,3,1,-1,-1,-1, -1,-1,2021,39.0,2,2,0,2,4,23,1,,7,VIENNE (DE)                             ,0,,2,2,0,2,65,500,1,, -1,1,0,1,50,1,7,2021,18:15,1,69,69276,2,1,0,2,VIENNE (DE) (RTE),45.6711890336,4.8599374294,18,3,2
202100004997,192Â 856,A01,1,1,2,0,1,0,-1,-1, -1,-1,2021,21.0,1,2,0,2,4,1,1,,1,A7-Sens Marseille vers Lyon,0,,1,2,0,1,271,0,1,, -1,1,8,1,90,3,12,2021,18:00,3,13,13106,1,1,0,2,A7-Sens Marseille vers Lyon,43.40393,5.34234,18,4,2
202100044737,121Â 749,A01,2,2,2,3,1,-1,-1,0,0,-1,2021,32.0,2,2,2,0,2,1,1,,3,48,-1,,2,2,0,2,(1),(1),1,, -1,1,0,3,80,8,4,2021,12:45,1,80,80373,1,1,0,6,D48,49.994802,1.566957,12,3,1
202100049227,113Â 761,B01,1,1,1,1,2,8,-1,-1, -1,-1,2021,34.0,1,1,0,0,0,0,0,,3,GENERAL LECLER(RUE),0,,2,2,0,1,0,100,1,, -1,1,0,1,50,4,3,2021,08:20,1,91,91691,2,1,0,3,GENERAL LECLER(RUE),48.714111,2.472644,8,2,2
202100036984,135Â 590,A01,1,1,2,5,2,8,-1,-1, -1,-1,2021,62.0,3,1,0,2,2,15,5,,4,PRIX D'AMERIQUE DU,0,,2,1,0,1,0,0,1,, -1,1,0,1,30,1,6,2021,16:50,1,64,64335,2,3,0,3,IMPASSE DU GALOP,43.32225,-0.41602,16,2,2
202100044367,122Â 363,A01,10,3,2,9,0,-1,-1,3,3,1,2021,29.0,1,5,0,1,7,23,1,,4,PONT NEUF,0,,2,4,0,1,(1),(1),1,, -1,1,2,1,30,10,4,2021,12:30,1,75,75101,2,3,0,6,PONT NEUF,48.856856634,2.3412772742,12,3,2
202100002567,197Â 193,A01,10,3,1,5,0,-1,-1,2,1,1,2021,36.0,3,2,0,1,1,1,1,,2,RAMBAUD (LEOPOLD),0,,1,3,0,1,(1),(1),1,, -1,2,0,1,70,15,12,2021,19:30,5,974,97411,2,1,1,1,RAMBAUD (LEOPOLD),-20.88655,55.48214,19,2,1
202100044302,122Â 474,A01,10,3,1,5,0,-1,-1,5,5,2,2021,4.0,2,1,0,1,1,25,3,,4,AVENUE DES CHAMPS ELYSEES,0,,2,6,0,2,(1),(1),1,, -1,1,0,4,50,12,4,2021,16:20,1,75,75108,2,3,0,6,AVENUE DES CHAMPS ELYSEES,48.871083,2.303524,16,2,1
202100039961,130Â 160,B01,1,1,1,1,2,6,-1,0,0,-1,2021,24.0,1,1,0,2,1,3,1,,4,BOULEVARD PERIPHERIQUE,0,,2,8,0,1,(1),(1),1,, -1,2,0,1,70,14,5,2021,16:10,1,75,75117,2,4,1,3,BOULEVARD PERIPHERIQUE,48.8954690705,2.3074903521,16,2,2
202100015785,173Â 455,A01,1,1,2,1,1,-1,-1,0,0,-1,2021,46.0,1,2,0,2,2,15,1,,3,484,0,D,2,3,0,2,3,544,1,, -1,1,5,1,90,24,8,2021,18:22,1,76,76281,1,4,0,1,1 Rue de Freneuse,49.520122,0.574854,18,2,2
202100053477,106Â 125,A01,1,1,1,9,2,6,-1,0,0,-1,2021,23.0,2,1,0,2,8,22,1,,4,RUE DE L EVANGILE,0,,2,2,0,1,(1),(1),1,, -1,2,0,1,50,27,1,2021,09:15,1,75,75118,2,1,0,3,RUE DE L EVANGILE,48.895493,2.370525,9,3,2
202100052782,107Â 381,A01,10,3,1,3,0,-1,-1,3,3,1,2021,71.0,3,2,0,1,3,1,1,,4,SERRES (AVE OLIVIER DE),0,,2,4,0,1,0,0,3,, -1,1,5,1,70,2,2,2021,15:05,1,30,30007,2,6,0,6,SERRES (AVE OLIVIER DE),44.1066241735,4.0896070004,15,2,1
202100022114,162Â 099,B01,1,1,1,9,2,0,-1,0,0,-1,2021,31.0,2,1,0,2,8,1,1,,4,QUAI D AUSTERLITZ,0,,2,3,0,1,(1),(1),1,, -1,1,2,1,50,28,8,2021,18:00,1,75,75113,2,2,0,3,QUAI D AUSTERLITZ,48.841896,2.367867,18,2,2
202100052624,107Â 658,A01,1,1,1,5,1,-1,-1,0,0,-1,2021,32.0,1,2,3,0,3,17,1,,2,154,-1,N,3,4,0,2,38,200,1,, -1,1,0,1,110,5,2,2021,15:20,1,27,27147,1,1,0,7,"N154, PR 038+200 vers ROUEN",49.110013,1.187242,15,1,1