Num_Acc,id_vehicule,num_veh,place,catu,sexe,trajet,secu1,secu2,secu3,locp,actp,etatp,year_acc,victim_age,senc,catv,obs,obsm,choc,manv,motor,occutc,catr,voie,v1,v2,circ,nbv,vosp,prof,pr,pr1,plan,lartpc,larrout,surf,infra,situ,vma,jour,mois,an,hrmn,lum,dep,com,agg_,int,atm,col,adr,lat,long,hour,nb_victim,nb_vehicules
202100013180,178Â 188,A01,1,1,1,0,2,-1,-1,0,0,-1,2021,22.0,3,1,0,2,1,5,1,,4,,0,,2,2,0,3,(1),(1),2,,4,1,0,1,50,12,10,2021,09:00,1,83,83065,2,1,0,1,Route de la Mort du Luc,43.241819,6.562507,9,2,2
202100016055,172Â 950,A01,3,2,2,5,1,4,-1,0, -1,-1,2021,18.0,1,2,0,5,1,21,1,,1,A104,0,,1,2,0,1,10,900,1,, -1,1,0,3,90,28,9,2021,00:05,3,77,77294,1,1,0,7,A104,48.96862,2.60078,0,3,1
202100032260,144Â 100,B01,1,1,1,5,2,8,-1,-1, -1,-1,2021,77.0,1,0,0,2,0,0,3,,4,BEARN DU,0,,2,2,1,1,0,0,1,, -1,1,0,1,30,25,6,2021,09:45,1,64,64269,2,2,0,3,BEARN DU,43.3,-0.299,9,2,2
202100039296,131Â 359,A01,10,3,2,2,0,-1,-1,2,9,2,2021,19.0,3,2,1,0,5,4,1,,6,BECQUEREL HENRI,0,,-1,-1,0,1,(1),(1),2,, -1,1,0,1,50,18,5,2021,17:00,1,25,25462,2,1,0,2,BECQUEREL HENRI,46.91356,6.35102,17,4,2
202100048038,115Â 875,A01,1,1,1,9,2,0,-1,0,0,-1,2021,48.0,1,1,1,2,1,21,3,,4,BOULEVARD DE MAGENTA,0,,1,5,1,1,(1),(1),1,, -1,1,-1,5,30,14,3,2021,17:50,2,75,75110,2,4,0,3,BOULEVARD DE MAGENTA,48.879484,2.353197,17,2,2
202100050979,110Â 560,B01,1,1,1,5,0,-1,-1,0,0,-1,2021,55.0,2,1,0,2,8,1,5,,3,105,0,,2,2,0,1,4,400,1,, -1,1,0,3,80,19,2,2021,17:30,1,21,21127,1,1,1,3,RD 105,47.478892,5.076917,17,2,2
202100052138,108Â 515,A01,1,1,1,9,8,0,-1,0,0,-1,2021,66.0,1,1,0,2,1,1,1,,4,RUE DE MEAUX,0,,1,2,0,1,(1),(1),1,, -1,1,0,1,50,8,2,2021,15:20,1,75,75119,2,2,0,3,RUE DE MEAUX,48.884025,2.37785,15,2,2
202100055090,103Â 343,B01,4,2,1,5,3,8,-1,-1, -1,-1,2021,3.0,1,2,0,2,1,2,1,,4,ROSTAND (BOULEVARD EDMOND),0,,2,1,0,2,0,0,1,, -1,2,0,1,50,12,1,2021,16:36,1,92,92063,2,1,1,2,ROSTAND (BOULEVARD EDMOND),48.87742,2.1948,16,3,2
202100043510,123Â 891,B01,2,2,2,3,2,6,-1,0,0,-1,2021,22.0,3,1,0,2,3,1,1,,3,103,-1,,2,2,0,1,20,100,3,, -1,1,0,1,50,21,3,2021,14:35,1,28,28214,2,4,0,3,Avenue Charles de Gaulle,48.470126,1.018735,14,3,2
202100055242,103Â 078,B01,1,1,1,1,2,6,-1,0,0,-1,2021,16.0,0,1,0,2,1,1,1,,4,VC,-1,,2,2,0,1,(1),(1),1,, -1,1,0,1,50,13,1,2021,18:00,2,44,44069,2,3,0,3,4 Rue de la Briquerie,47.324971,-2.410893,18,2,2
202100022231,161Â 907,A01,1,1,1,4,1,-1,-1,-1, -1,-1,2021,58.0,3,3,0,4,2,1,1,2.0,4,,0,,2,2,2,1,(1),(1),1,, -1,1,0,6,50,27,8,2021,08:25,1,69,69266,2,8,0,3,CHARLES HERNU (PL),45.7705,4.86291,8,3,2
202100002485,197Â 330,A01,1,1,1,5,2,6,-1,0,0,-1,2021,57.0,1,1,4,0,2,1,1,,2,1,-1,A,2,2,0,1,23,850,2,, -1,1,0,1,70,19,12,2021,12:50,1,974,97415,1,1,1,6,N1a,-21.016974,55.254793,12,2,1
202100046099,119Â 357,A01,1,1,1,5,2,8,-1,-1, -1,-1,2021,52.0,2,1,12,0,1,13,1,,3,RD 752,0,,2,2,0,1,46,450,3,, -1,1,0,1,50,28,3,2021,12:00,1,49,49099,2,6,0,7,RD 752,46.99533,-0.89279,12,1,1
202100023397,159Â 796,A01,10,3,1,9,0,-1,-1,2,3,1,2021,4.0,1,2,0,1,1,1,1,,4,CROISETTE (BOULEVARD DE LA),0,,3,4,0,1,(1),(1),1,, -1,1,0,1,30,19,8,2021,20:05,5,6,6029,2,1,0,6,CROISETTE (BOULEVARD DE LA),43.54623,7.03314,20,2,1
202100017095,171Â 072,A01,1,1,1,2,2,6,-1,-1, -1,-1,2021,17.0,2,1,0,2,1,1,1,,3,HENRI BARBUSSE (AV),0,,2,2,0,1,1,0,1,, -1,1,0,1,30,24,9,2021,15:20,1,94,94041,2,2,0,3,Avenue Henri Barbusse,48.80905,2.37737,15,2,2
202100017793,169Â 811,B01,2,2,2,0,1,-1,-1,-1, -1,-1,2021,27.0,3,2,0,2,7,15,1,,4,JEAN CAGNE                          (AV),0,,2,2,0,1,(1),(1),1,, -1,2,0,1,50,20,9,2021,15:09,1,69,69259,2,9,1,3,JEAN CAGNE                          (AV),45.69952,4.8667,15,3,2
202100007884,187Â 648,A01,1,1,2,0,1,-1,-1,0,0,-1,2021,76.0,1,2,0,2,2,13,1,,3,977,0,,2,2,0,1,(1),(1),1,, -1,1,0,1,80,17,11,2021,12:00,1,84,84126,1,1,0,1,D977,44.226366,5.013156,12,3,2
202100025296,156Â 443,B01,1,1,2,5,1,0,-1,-1, -1,-1,2021,68.0,2,2,0,2,4,23,1,,4,JANVIER (AVENUE JEAN),0,,2,2,0,1,(1),(1),1,, -1,1,0,1,50,6,8,2021,14:00,1,35,35238,2,1,0,2,JANVIER (AVENUE JEAN),48.10955,-1.6739,14,2,2
202100037032,135Â 506,A01,10,3,1,5,8,8,-1,9,B,1,2021,97.0,3,5,0,1,4,4,1,,4,GOBY (RUE PAUL),0,,1,1,0,2,(1),(1),1,, -1,1,0,1,30,31,5,2021,16:38,1,6,6069,2,1,0,6,GOBY (RUE PAUL),43.6603,6.92382,16,2,1
202100023155,160Â 230,A01,2,2,2,5,0,-1,-1,0,0,-1,2021,23.0,0,2,0,0,2,1,1,,4,,-1,,2,2,0,2,(1),(1),1,,5,1,0,1,50,21,8,2021,22:30,5,972,97222,2,1,0,1,Voie Communale de Bois Potteau,14.688278,-60.935653,22,5,2
202100005600,191Â 798,A01,10,3,2,0,0,-1,-1,4,3,1,2021,51.0,1,2,0,1,2,0,0,,3,,0,,2,2,0,1,(1),(1),1,,5,2,0,1,50,30,11,2021,18:19,5,8,8363,2,1,1,6,Avenue Danton,49.938665,4.641042,18,2,1
202100023325,159Â 922,C01,1,1,1,0,1,8,-1,-1, -1,-1,2021,42.0,0,2,0,2,1,23,1,,3,ARGENTEUIL (ROUTE D'),0,,2,2,0,1,0,0,1,, -1,1,0,1,50,20,8,2021,18:20,1,93,93031,2,1,0,4,ARGENTEUIL (ROUTE D'),48.95968,2.29133,18,5,4
202100002771,196Â 812,B01,4,2,2,5,1,8,-1,-1, -1,-1,2021,22.0,2,2,0,2,2,1,1,,4,MINIMES (AV DES) DU 1AU 178,0,,2,4,1,1,(1),(1),1,, -1,1,0,1,50,14,12,2021,22:45,5,31,31555,2,1,0,3,MINIMES (AV DES) DU 1AU 178,43.6174573129,1.4368271828,22,4,2
202100026408,154Â 490,A01,1,1,2,0,1,0,-1,-1, -1,-1,2021,23.0,1,2,3,0,2,2,1,,1,AUTOROUTE A5A,0,,1,1,0,1,5,0,1,, -1,1,0,1,70,30,7,2021,20:55,1,77,77296,1,1,0,6,AUTOROUTE A5A,48.6064054864,2.5843693888,20,1,1
202100035122,138Â 925,B01,1,1,1,5,1,-1,-1,0,0,-1,2021,60.0,3,2,0,2,2,1,1,,4,,0,,2,2,0,1,(1),(1),1,,4,1,0,1,80,11,6,2021,10:50,1,41,41164,1,5,0,1,Rue des Martinieres,47.269198,1.440636,10,4,2
202100020097,165Â 702,A01,1,1,1,1,2,6,-1,0,0,-1,2021,39.0,3,1,0,2,5,3,1,,4,BOULEVARD PERIPHERIQUE,0,,1,4,3,1,24,900,1,, -1,1,1,1,70,7,9,2021,21:56,5,75,75119,2,1,0,3,BD PERIPHERIQUE INTERIEUR,48.900353,2.384735,21,2,2
202100024576,157Â 729,A01,1,1,2,5,1,-1,-1,-1, -1,-1,2021,51.0,1,2,0,2,0,11,1,,1,AUTOROUTE A 10,0,,3,6,0,2,534,705,2,, -1,1,2,1,130,12,8,2021,21:15,2,33,33487,1,1,0,3,Autoroute A10,44.94994,-0.4631,21,5,2
202100039941,130Â 194,A01,10,3,2,3,8,8,-1,2,1,2,2021,79.0,3,2,0,1,2,26,1,,4,IBIS ( AVENUE DES ),0,,2,2,0,1,(1),(1),1,, -1,2,0,1,30,12,5,2021,11:00,1,44,44055,2,1,1,6,IBIS ( AVENUE DES ),47.2869,-2.39176,11,2,1
202100034981,139Â 169,A01,1,1,1,2,2,6,-1,-1, -1,-1,2021,16.0,2,1,14,2,8,17,1,,4,RESPLANDY (AVENUE DU CAPITAINE),0,,2,2,0,1,0,0,1,, -1,1,9,1,30,9,6,2021,07:40,2,64,64102,2,1,0,7,RESPLANDY (AVENUE DU CAPITAINE),43.48401,-1.44997,7,1,1
202100002487,197Â 326,A01,2,2,1,5,8,-1,-1,0,0,-1,2021,16.0,1,2,0,2,2,17,1,,3,31,0,A,2,2,0,1,12,280,1,, -1,1,9,1,80,19,12,2021,13:45,1,84,84088,1,1,0,1,RD31,43.976503,5.01793,13,4,2
202100000266,201Â 247,B01,1,1,1,9,2,0,-1,0,0,-1,2021,27.0,1,1,0,2,1,1,1,,7,NICE AVENUE DE (RN7),0,,2,2,0,1,(1),(1),1,, -1,1,0,1,50,25,5,2021,06:10,1,6,6027,2,3,0,3,NICE AVENUE DE (RN7),43.659278,7.166179,6,2,2
202100029624,148Â 833,B01,2,2,2,5,1,0,-1,0,0,-1,2021,49.0,2,2,0,2,8,1,1,,4,PLACE DE LA CONCORDE,0,,1,8,0,1,(1),(1),1,, -1,2,0,1,50,10,7,2021,12:30,1,75,75108,2,7,1,3,PLACE DE LA CONCORDE,48.865864,2.319917,12,5,2
202100004943,192Â 954,A01,1,1,1,1,2,0,-1,-1, -1,-1,2021,29.0,1,1,0,2,8,1,3,,4,,0,,2,4,2,1,0,0,1,, -1,2,0,5,30,3,12,2021,20:00,5,92,92051,2,3,1,3,"ROULE (AVENUE DU, NÂ° 29 A 91 ET 30 A 86)",48.882890097,2.2757872939,20,2,2
202100050339,111Â 721,A01,10,3,2,5,0,-1,-1,3,1,1,2021,48.0,1,2,0,1,3,15,1,,4,BOURDET ( RUE MAURICE),0,,1,1,0,1,0,0,1,, -1,1,0,1,30,10,2,2021,15:00,1,30,30007,2,3,0,6,BOURDET ( RUE MAURICE),44.1249255589,4.0890169144,15,2,1
202100004771,193Â 255,B01,2,2,1,9,1,0,-1,-1, -1,-1,2021,32.0,2,2,0,2,4,1,0,,1,VA008493 LA CRABE A624 Sortie 2,0,,1,3,0,1,2,493,1,, -1,2,9,1,90,4,12,2021,17:36,3,31,31555,1,1,1,2,VA008493 LA CRABE A624 Sortie 2,43.610206,1.373841,17,3,2
202100027475,152Â 617,B01,2,2,2,5,1,-1,-1,0,0,-1,2021,54.0,2,2,0,2,3,1,1,,3,160,0,D,2,2,0,1,1,595,3,, -1,2,0,1,80,24,7,2021,18:00,1,85,85151,1,1,1,4,D160,46.98834,-0.93823,18,4,3
202100003727,195Â 088,A01,4,2,2,5,1,0,-1,0,0,-1,2021,78.0,2,2,0,2,3,21,1,,4,BOULEVARD DE GRENELLE,0,,2,2,1,1,(1),(1),1,, -1,1,0,1,30,8,12,2021,18:15,5,75,75115,2,2,0,2,BOULEVARD DE GRENELLE,48.849155,2.298041,18,3,2
202100041327,127Â 736,A01,1,1,1,4,1,0,-1,-1, -1,-1,2021,23.0,3,4,0,2,2,16,0,,4,PARC MEDICIS (AV DU),0,,3,1,3,1,0,0,1,, -1,1,9,1,50,5,5,2021,07:43,1,94,94034,2,2,0,3,PARC MEDICIS (AV DU),48.75386,2.33918,7,2,2
202100042056,126Â 452,B01,1,1,1,5,2,0,-1,0,0,-1,2021,27.0,3,1,0,2,3,1,1,,4,PORTE D IVRY,0,,2,2,0,1,(1),(1),1,, -1,1,0,1,50,29,4,2021,02:15,5,75,75113,2,2,0,3,PORTE D IVRY,48.819426,2.373482,2,2,2
202100027198,153Â 102,A01,1,1,1,5,8,-1,-1,-1, -1,-1,2021,22.0,3,1,0,2,1,26,5,,5,STALINGRAD  - ESPACE TETE D'Or - (Boulev,0,,-1,0,0,1,(1),(1),1,, -1,1,0,8,30,24,7,2021,13:15,1,69,69386,2,1,0,1,STALINGRAD  - ESPACE TETE D'Or - (BD),45.7739,4.85454,13,2,2
202100037963,133Â 807,A01,10,3,1,5,0,-1,-1,2,5,1,2021,7.0,1,2,0,1,7,1,1,,4,,0,,2,2,0,1,(1),(1),1,, -1,1,0,1,50,23,5,2021,19:20,1,69,69259,2,1,0,6,JULES FERRY (R),45.69811,4.88625,19,2,1
202100055629,102Â 414,A01,10,3,1,9,0,-1,-1,1,1,1,2021,37.0,1,0,0,1,0,0,0,,3,460,-1,,2,2,0,2,27,600,1,, -1,1,0,1,80,9,1,2021,23:00,3,88,88065,1,1,0,6,,48.090772,6.055478,23,2,1
202100022336,161Â 713,A01,2,2,1,5,1,-1,-1,0,0,-1,2021,19.0,2,2,2,0,9,14,1,,3,904,0,,2,2,0,2,46,610,2,, -1,1,0,3,80,28,8,2021,01:40,4,12,12161,1,1,0,6,D904,44.543991,2.557996,1,2,1
202100053921,105Â 363,A01,1,1,1,5,2,8,-1,-1, -1,-1,2021,27.0,3,1,0,0,0,26,1,,6,AVE CAMILLE DARSIERES,0,,-1,0,0,1,(1),(1),1,, -1,1,9,1,10,23,1,2021,17:50,5,972,97209,1,1,0,7,AVE CAMILLE DARSIERES,14.60119,-61.04644,17,1,1
202100003633,195Â 254,A01,1,1,1,0,8,0,-1,0,0,-1,2021,39.0,1,2,9,9,1,5,1,,4,MULLER (AVENUE PAUL),0,,2,2,0,1,(1),(1),3,, -1,2,0,1,50,7,12,2021,18:00,5,54,54578,2,1,0,5,MULLER (AVENUE PAUL),48.6671510837,6.1462154383,18,3,3
202100007143,189Â 002,B01,1,1,1,0,2,-1,-1,-1, -1,-1,2021,63.0,2,1,0,2,1,26,1,,4,MARCEL SEMBAT                       (BD),0,,2,2,2,1,(1),(1),1,, -1,1,5,1,50,19,11,2021,08:15,2,69,69259,2,3,0,3,MARCEL SEMBAT (BD),45.7161380792,4.8824250698,8,2,2
202100037971,133Â 789,B01,1,1,2,0,8,0,-1,-1, -1,-1,2021,46.0,0,1,0,2,9,15,0,,4,MONCLAR (Avenue),0,,2,2,0,1,0,9,1,, -1,1,0,1,50,9,3,2021,16:50,1,84,84007,1,1,0,3,MONCLAR (Avenue),43.94059,4.80634,16,2,2
202100034175,140Â 663,B01,1,1,1,5,2,-1,-1,0,0,-1,2021,35.0,1,1,0,2,7,17,1,,3,91,0,D,3,1,0,1,21,964,1,, -1,1,0,1,50,16,6,2021,15:10,1,78,78128,1,2,0,3,D24,48.674056,1.961644,15,2,2
202100035100,138Â 959,A01,1,1,2,5,1,-1,-1,0,0,-1,2021,22.0,3,2,13,0,3,13,1,,4,1,0,A,2,2,0,2,(1),(1),1,, -1,9,0,3,80,11,6,2021,09:15,1,47,47223,1,1,0,6,Laborie Neuve,44.662194,0.740837,9,1,1
202100043967,123Â 091,A01,1,1,1,4,1,-1,-1,0,0,-1,2021,51.0,2,4,13,0,1,1,1,,3,1,0,D,2,2,0,1,60,800,1,, -1,1,0,3,90,16,4,2021,08:50,1,3,3155,1,1,0,6,Le Champ de la ChÃ©vre,46.718442,2.965989,8,1,1
202100016985,171Â 259,A01,1,1,1,5,2,8,-1,-1, -1,-1,2021,61.0,1,1,0,2,1,2,1,,4,SAINT MARCEL (BOULEVARD DE ),0,,2,2,0,1,0,0,1,, -1,1,0,1,50,23,9,2021,17:30,1,13,13211,2,1,0,3,SAINT MARCEL (BOULEVARD DE ),43.2874782328,5.4652842346,17,2,2
202100018926,167Â 814,A01,10,3,2,1,0,-1,-1,2,3,1,2021,66.0,2,2,0,1,1,1,1,,7,GAGARINE (AV),0,,2,2,2,1,17,600,1,, -1,1,0,1,50,14,9,2021,13:05,1,69,69091,2,1,0,6,GAGARINE (AV),45.60069,4.76978,13,2,1
202100023308,159Â 952,B01,1,1,1,1,2,6,-1,0,0,-1,2021,51.0,1,1,0,2,1,3,0,,2,GAP (ROUTE DE   RN94),0,,2,2,0,1,158,970,1,, -1,1,0,1,50,20,8,2021,18:05,1,5,5023,2,1,0,3,GAP (ROUTE DE   RN94),44.89378,6.62987,18,2,2
202100042462,125Â 718,A01,1,1,1,5,8,0,-1,-1,0,-1,2021,18.0,3,1,0,4,7,21,5,,4,VINCENT (CHEMIN),0,,2,2,0,1,(1),(1),1,, -1,1,4,8,70,23,4,2021,19:05,1,59,59043,1,8,0,6,VINCENT (CHEMIN),50.71919,2.77101,19,2,2
202100042891,124Â 998,A01,1,1,1,4,2,0,-1,-1, -1,-1,2021,34.0,2,1,0,9,1,1,1,,4,PRADO (AVENUE DU),0,,2,6,0,1,(1),(1),1,, -1,1,0,1,50,23,4,2021,20:21,2,13,13208,2,1,0,7,PRADO (AVENUE DU),43.26392,5.37799,20,1,1
202100000787,200Â 307,Z01,10,3,1,5,8,8,-1,1,1,2,2021,30.0,2,2,0,1,0,2,0,,3,MARINVILLE (AV DE),0,,1,1,0,2,0,0,1,, -1,2,0,1,30,30,12,2021,03:05,5,94,94068,2,1,0,6,MARINVILLE (AV DE),48.80648,2.48118,3,2,1
202100017734,169Â 927,B01,1,1,1,5,2,-1,-1,0,0,-1,2021,69.0,1,1,0,2,8,1,5,,3,105,0,A,2,2,0,1,0,0,2,, -1,1,0,1,50,21,9,2021,10:00,1,85,85127,2,6,0,3,Chemin du Clouzy,46.424511,-1.49411,10,2,2
202100036812,135Â 903,B01,1,1,1,1,2,0,-1,-1, -1,-1,2021,35.0,0,1,0,2,1,1,3,,4,MAUBEC   QUAI,0,,2,3,0,1,(1),(1),1,, -1,1,9,1,50,2,6,2021,14:20,1,17,17300,2,1,0,1,MAUBEC   QUAI,46.158795,-1.149867,14,2,2
202100008209,187Â 046,A01,10,3,1,5,0,-1,-1,3,3,1,2021,15.0,3,2,0,1,1,1,3,,4,,-1,,2,2,0,1,(1),(1),1,,4,1,0,6,50,15,11,2021,16:20,1,69,69243,2,1,0,6,GARIBALDI (BD),45.8890273172,4.4376182556,16,2,1
202100003034,196Â 359,B01,1,1,1,5,1,-1,-1,-1, -1,-1,2021,24.0,2,2,0,2,4,11,1,,4,BPNL   34.614 A 36.285,0,,3,4,0,1,35,200,1,, -1,1,0,1,70,11,12,2021,21:00,5,69,69389,1,1,0,2,PERIPHERIQUE NORD (BD),45.79084,4.81328,21,2,2
202100019116,167Â 456,A01,1,1,2,0,1,0,-1,-1, -1,-1,2021,23.0,1,2,4,0,0,0,1,,1,AUTOROUTE A86,0,,-1,3,0,2,18,0,2,, -1,2,0,1,70,14,9,2021,22:00,3,93,93027,1,1,1,3,AUTOROUTE A86,48.92848,2.4142,22,1,1
202100024287,158Â 258,A01,2,2,2,5,2,0,-1,-1, -1,-1,2021,36.0,2,1,0,2,3,2,1,,2,35 PK RN11 NANTES ROCADE,0,,3,4,0,1,34,501,1,, -1,1,0,1,90,13,8,2021,19:31,1,17,17291,1,1,0,2,N11,46.173697,-1.114553,19,3,2
202100035680,137Â 935,B01,1,1,2,9,1,8,-1,-1, -1,-1,2021,34.0,0,2,0,2,4,2,1,,4,MEUNIERS (AVENUE DES),0,,1,1,0,1,0,0,1,, -1,1,0,1,50,7,6,2021,16:40,1,91,91223,2,1,0,2,MEUNIERS (AVENUE DES),48.4404,2.15,16,2,2
202100013100,178Â 326,A01,1,1,1,0,2,6,-1,-1, -1,-1,2021,15.0,3,1,12,0,7,1,1,,4,CHARLES DE GAULLE (BOULEVARD),0,,2,2,0,1,(1),(1),2,, -1,1,0,1,50,15,10,2021,15:00,1,7,7102,2,1,0,7,CHARLES DE GAULLE (BOULEVARD),44.93205,4.8816,15,1,1
202100039870,130Â 318,A01,1,1,1,9,1,-1,-1,0,0,-1,2021,68.0,1,2,2,0,2,1,1,,3,25,-1,,2,2,0,1,65,598,1,, -1,2,0,3,-1,14,5,2021,11:15,1,31,31377,1,1,1,6,D25,43.424808,1.721206,11,1,1
202100011009,182Â 049,A01,1,1,1,5,1,-1,-1,0,0,-1,2021,74.0,1,2,0,2,1,1,1,,3,703,-1,,2,2,0,1,0,500,3,, -1,1,0,1,50,26,10,2021,15:15,1,24,24223,2,1,0,1,Avenue d Aquitaine,44.834166,0.709873,15,3,2
202100001596,198Â 953,A01,2,2,1,5,8,0,-1,-1, -1,-1,2021,16.0,1,1,0,0,1,26,1,,3,CHAUVIN AVENUE,0,,3,2,0,1,6,330,1,, -1,1,0,1,50,23,12,2021,22:20,5,49,49246,2,1,0,6,CHAUVIN AVENUE,47.4328944025,-0.5318284034,22,2,1
202100027671,152Â 258,A01,1,1,1,0,1,0,-1,-1, -1,-1,2021,47.0,2,2,0,2,1,1,1,,1,AUTOROUTE A3,0,,3,8,0,3,3,700,1,, -1,1,0,1,70,22,7,2021,11:15,1,93,93053,1,1,0,2,AUTOROUTE A3,48.88188,2.45448,11,2,2
202100037813,134Â 066,B01,2,2,2,0,1,0,-1,-1, -1,-1,2021,49.0,3,2,0,2,4,23,1,,4,MADRAGUE VILLE (chemin de la),0,,2,2,0,1,(1),(1),1,, -1,1,0,1,50,28,5,2021,11:25,1,13,13215,2,1,0,2,MADRAGUE VILLE (chemin de la),43.34036,5.35359,11,3,2
202100030495,147Â 262,B01,1,1,1,5,0,-1,-1,0,0,-1,2021,15.0,0,1,0,2,3,2,5,,3,,-1,,-1,1,2,1,15,90,2,,"3,5",1,9,5,50,7,7,2021,17:00,1,49,49301,2,6,0,3,rue de vendÃ©e - ST MACAIRE EN MAUGES,47.114569,-0.993104,17,2,2
202100000440,200Â 919,A01,1,1,2,0,1,-1,-1,0,0,-1,2021,77.0,3,2,0,2,2,19,1,,7,1075,-1,,1,1,0,1,(1),(1),1,, -1,1,5,8,50,29,9,2021,10:45,1,38,38382,2,4,0,3,Route de lyon,45.237631,5.660274,10,2,2
202100018955,167Â 761,B01,1,1,1,2,2,0,-1,-1, -1,-1,2021,23.0,3,1,0,2,1,1,5,,4,METZ (BD DE),0,,2,2,2,1,(1),(1),1,, -1,1,0,5,50,14,9,2021,18:50,1,35,35238,2,2,0,3,METZ (BD DE),48.11475,-1.65723,18,2,2
202100013563,177Â 476,B01,1,1,1,0,2,6,-1,-1, -1,-1,2021,57.0,2,1,0,2,8,3,1,,1,AUTOROUTE A6B,0,,1,2,0,1,3,900,1,, -1,1,0,1,70,13,10,2021,13:20,1,94,94038,1,1,0,3,AUTOROUTE A6B,48.78321,2.34721,13,2,2
202100008711,186Â 163,B01,1,1,2,0,1,0,-1,0,0,-1,2021,64.0,2,2,0,2,1,1,1,,4,EUROPE (AVENUE DE L'),0,,1,2,0,1,(1),(1),1,, -1,1,5,1,50,5,11,2021,08:57,1,63,63032,2,6,0,3,EUROPE / Champclos,45.75427,3.09279,8,2,2
202100013176,178Â 196,A01,1,1,1,5,2,6,-1,0,0,-1,2021,53.0,2,1,0,0,0,1,5,,3,180,2,B,3,2,0,1,53,200,1,, -1,1,0,1,50,15,10,2021,17:15,1,95,95371,2,1,0,7,102 avenue Henri Barbusse,49.0956886788,2.5136429071,17,1,1
202100018781,168Â 069,A01,1,1,1,0,2,8,-1,-1, -1,-1,2021,27.0,3,1,0,2,6,13,1,,4,GENERAL LECLERC (AVENUE DU),0,,2,2,0,1,1,0,3,, -1,1,0,1,50,15,9,2021,16:05,1,14,14059,2,1,0,3,GENERAL LECLERC (AVENUE DU),49.34361,0.05381,16,2,2
202100028942,149Â 995,A01,1,1,1,0,1,0,-1,-1, -1,-1,2021,32.0,1,2,3,0,9,0,1,,1,A7-Sens Lyon vers Marseille,0,,1,1,0,1,273,399,1,, -1,1,0,1,90,14,7,2021,06:10,1,13,13215,1,1,0,7,A7-Sens Lyon vers Marseille,43.3653267019,5.3607288234,6,1,1
202100012304,179Â 740,A01,1,1,1,5,2,-1,-1,0,0,-1,2021,57.0,2,1,0,2,2,15,1,,3,74,-1,,2,2,0,1,1,1046,1,, -1,1,0,1,80,17,10,2021,13:30,1,44,44169,1,3,0,3,route dÃ©partementale 74,47.260286,-1.381145,13,2,2
202100025918,155Â 356,A01,1,1,1,0,2,-1,-1,0,0,-1,2021,24.0,1,1,0,0,0,1,1,,3,6086,0,D,2,1,0,2,36,800,1,, -1,1,0,1,80,31,7,2021,17:35,1,30,30073,1,3,0,7,D6086,43.978661,4.575071,17,1,1
202100010495,182Â 960,A01,2,2,2,0,1,-1,-1,-1, -1,-1,2021,28.0,3,2,0,2,4,1,1,,4,MERIDIENNE. RUE,0,,2,3,0,1,0,0,1,, -1,1,0,1,30,28,10,2021,20:00,3,76,76540,2,2,0,5,MERIDIENNE. RUE,49.42578,1.08261,20,4,3
202100037073,135Â 434,A01,1,1,1,4,2,6,-1,-1, -1,-1,2021,25.0,1,1,0,2,1,18,1,,3,910,0,,3,2,0,1,0,0,1,, -1,1,0,1,50,1,6,2021,12:34,1,92,92072,2,1,0,3,EUROPE (AVENUE DE L'),48.82312,2.20957,12,2,2
202100049136,113Â 925,A01,10,3,2,1,0,-1,-1,3,3,1,2021,32.0,2,2,0,1,2,15,1,,4,RUE D AMSTERDAM,0,,2,2,0,2,(1),(1),1,, -1,1,0,1,50,5,3,2021,16:45,1,75,75109,2,3,0,6,RUE D AMSTERDAM,48.880437,2.327079,16,2,1
202100012886,178Â 696,B01,1,1,2,5,1,0,-1,-1, -1,-1,2021,56.0,2,2,0,2,3,20,1,,3,CHARLES GIDE (AV),0,,2,4,1,1,1,0,1,, -1,1,0,1,30,15,10,2021,22:15,5,94,94043,2,1,0,3,Avenue Charles Gide,48.8071,2.352352,22,2,2
202100031852,144Â 819,A01,1,1,1,9,1,8,-1,-1, -1,-1,2021,20.0,2,2,4,0,9,1,1,,3,DÃ©partementale  617,0,,3,4,0,1,5,958,1,, -1,1,0,1,110,27,6,2021,19:35,1,66,66136,1,1,0,6,DÃ©partementale  617,42.71214,2.9576,19,1,1
202100034416,140Â 216,A01,1,1,1,0,2,0,-1,-1, -1,-1,2021,40.0,2,1,0,2,2,3,1,,1,AUTOROUTE A3,0,,3,6,0,1,7,900,1,, -1,1,0,1,90,15,6,2021,09:00,1,93,93010,1,1,0,3,AUTOROUTE A3,48.90539,2.47182,9,2,2
202100045172,120Â 988,A01,1,1,1,5,2,6,-1,0,0,-1,2021,21.0,1,1,0,0,0,1,1,,3,958,0,D,2,2,0,2,2,20,2,, -1,1,2,1,50,4,4,2021,15:30,1,61,61464,1,1,0,7,D958,48.617853,0.151598,15,1,1
202100022603,161Â 212,A01,1,1,1,0,2,6,-1,-1, -1,-1,2021,40.0,1,1,0,2,1,5,1,,7,GIENS (ROUTE DE ),0,,2,2,0,1,4,520,1,, -1,1,0,1,50,25,8,2021,19:20,1,83,83069,1,1,0,3,GIENS (ROUTE DE ),43.06675,6.14707,19,2,2