Num_Acc,id_vehicule,num_veh,place,catu,sexe,trajet,secu1,secu2,secu3,locp,actp,etatp,year_acc,victim_age,senc,catv,obs,obsm,choc,manv,motor,occutc,catr,voie,v1,v2,circ,nbv,vosp,prof,pr,pr1,plan,lartpc,larrout,surf,infra,situ,vma,jour,mois,an,hrmn,lum,dep,com,agg_,int,atm,col,adr,lat,long,hour,nb_victim,nb_vehicules
202100015997,173Â 074,A01,1,1,1,3,1,-1,-1,0,0,-1,2021,28.0,2,5,0,2,2,1,1,,7,1498,-1,M,2,1,0,1,52,300,2,,3,1,5,1,70,1,10,2021,16:45,1,42,42311,1,3,0,2,Route de Bayard,45.479091,4.40276,16,2,2
202100004101,194Â 410,A01,10,3,2,0,0,-1,-1,3,3,1,2021,69.0,2,2,0,1,1,1,1,,9,CONSTANS ( RUE PAUL ),0,,3,2,0,1,0,0,1,, -1,1,0,1,50,8,12,2021,09:10,1,3,3185,2,1,0,6,CONSTANS ( RUE PAUL ),46.34,2.59,9,2,1
202100027555,152Â 470,B01,1,1,1,0,8,0,-1,-1, -1,-1,2021,83.0,3,1,0,2,0,0,5,,4,TORGAN (RUE DU),0,,2,2,0,1,0,0,1,, -1,1,9,1,50,21,7,2021,08:50,1,11,11262,2,1,0,6,TORGAN (RUE DU),43.183803,2.97586,8,2,2
202100035006,139Â 124,B01,1,1,1,0,2,6,-1,-1, -1,-1,2021,17.0,2,1,0,2,1,1,1,,7,AUVERGNE (BLD D'),0,,2,2,0,1,0,300,1,, -1,1,0,1,30,11,6,2021,22:17,5,42,42044,2,3,0,3,Boulevard dâAuvergne,45.39363,4.3216,22,2,2
202100014340,176Â 074,B01,1,1,1,1,1,0,-1,-1, -1,-1,2021,18.0,3,2,0,2,0,14,1,,3,C.D 39,0,,2,2,0,1,39,612,3,, -1,1,0,3,80,7,10,2021,21:30,3,77,77039,2,1,0,6,D39,48.52526,2.59577,21,2,2
202100009554,184Â 627,B01,1,1,1,0,2,0,-1,-1, -1,-1,2021,52.0,1,1,0,2,8,3,1,,1,86,0,,-1,2,0,1,3,599,1,, -1,1,0,1,90,3,11,2021,14:35,1,92,92025,1,1,0,3,A86,48.9253996939,2.2332822352,14,2,2
202100007512,188Â 330,A01,10,3,2,1,0,-1,-1,3,3,1,2021,59.0,1,2,0,1,1,1,0,,2,1,0,,3,4,0,1,4,500,1,, -1,1,9,1,60,19,11,2021,04:50,2,987,98712,2,1,0,1,RT.2 Ã  hauteur du PK 4+500,-17.542977,-149.503646,4,2,1
202100051066,110Â 394,A01,10,3,1,5,0,-1,-1,3,3,1,2021,64.0,1,2,0,1,1,16,1,,4,,0,,1,1,0,1,(1),(1),1,, -1,1,0,1,50,17,2,2021,07:00,5,25,25388,2,1,0,6,SAINT-GEORGES (RUE),47.509572,6.789851,7,2,1
202100032740,143Â 250,C01,1,1,1,0,1,-1,-1,0,0,-1,2021,38.0,2,2,0,2,1,1,1,,3,764,0,D,2,2,0,1,47,895,1,, -1,1,0,1,80,23,6,2021,13:40,1,56,56160,1,2,0,4,D764,47.97938,-2.686479,13,3,3
202100035125,138Â 918,C01,1,1,1,9,2,6,-1,0,0,-1,2021,22.0,1,1,0,0,2,18,1,,3,401,0,,2,2,0,1,0,570,1,, -1,1,0,3,50,10,6,2021,19:00,1,25,25112,2,9,0,6,D683,47.2554,6.06956,19,3,3
202100038902,132Â 094,A01,1,1,1,0,2,0,-1,-1, -1,-1,2021,29.0,3,1,0,2,8,9,1,,1,JACQUES DAGUERRE                    (R ),0,,-1,5,0,1,43,700,1,, -1,1,0,1,50,20,5,2021,13:00,1,69,69290,2,6,0,3,HEYRIEUX (D') (RTE),45.6809889976,4.9596619606,13,2,2
202100029648,148Â 793,A01,2,2,2,5,1,-1,-1,0,0,-1,2021,75.0,1,2,0,2,1,2,1,,1,11,-1,,1,3,0,1,113,800,1,,"13,5",1,0,1,130,11,7,2021,13:00,1,28,28018,1,1,0,2,Autoroute Oceane - A11,48.203726,0.895557,13,4,2
202100049084,114Â 022,B01,1,1,1,0,0,0,-1,-1, -1,-1,2021,78.0,3,1,0,2,1,1,5,,7,BEAUREPAIRE (BOULEVARD),0,,2,2,1,1,(1),(1),1,, -1,1,0,5,50,5,3,2021,14:10,1,59,59512,2,3,0,3,KELLERMANN (RUE),50.6909355977,3.2004439831,14,2,2
202100039452,131Â 089,A01,8,2,2,2,8,0,-1,-1, -1,-1,2021,17.0,3,3,0,0,0,1,1,3.0,4,GRAMMONT (AVENUE DE),0,,1,4,3,1,0,0,1,, -1,1,0,1,50,17,5,2021,18:25,1,37,37261,2,1,0,7,GRAMMONT (AVENUE DE),47.3818900343,0.6922340244,18,3,1
202100001102,199Â 798,A01,1,1,1,9,1,-1,-1,0,0,-1,2021,38.0,1,2,0,0,0,1,1,,3,53,0,,2,2,0,2,30,850,2,, -1,2,0,3,80,29,12,2021,01:10,3,42,42248,1,1,1,7,Route de Planchetorse,45.906061,3.84294,1,1,1
202100054764,103Â 909,B01,1,1,1,0,2,0,-1,-1, -1,-1,2021,35.0,0,1,0,0,0,0,1,,4,CHURCHILL AVENUE ET SQUARE,0,,2,2,2,1,1,0,1,, -1,2,0,1,50,16,1,2021,18:20,2,49,49007,2,3,1,1,CHURCHILL AVENUE ET SQUARE,47.44826,-0.56033,18,2,2
202100018306,168Â 900,B01,1,1,2,1,2,8,-1,-1, -1,-1,2021,52.0,1,1,0,2,3,19,1,,4,,0,,2,1,0,1,0,0,3,, -1,1,0,1,50,17,9,2021,13:40,1,91,91161,2,1,0,3,AV DE CARLET,48.704486,2.310008,13,2,2
202100030748,146Â 798,B01,2,2,1,0,1,-1,-1,-1, -1,-1,2021,17.0,1,2,0,2,4,1,1,,7,LYON (DE)                               ,0,,2,2,0,2,65,0,1,, -1,1,0,1,50,29,6,2021,22:05,5,69,69276,2,1,0,4,LYON (DE) (RTE),45.67597,4.86076,22,4,3
202100048177,115Â 631,A01,1,1,1,0,1,-1,-1,0,0,-1,2021,21.0,0,2,6,0,1,16,1,,4,,-1,,2,2,0,1,(1),(1),3,, -1,1,2,4,50,13,3,2021,23:25,5,83,83019,2,1,0,6,Chemin des Restanques,43.143947,6.355709,23,1,1
202100032042,144Â 476,A01,2,2,2,4,1,-1,-1,0,0,-1,2021,37.0,2,2,4,0,8,1,1,,1,6,-1,,3,6,0,1,419,800,1,, -1,1,0,1,130,27,6,2021,15:15,1,69,69206,1,1,0,6,A6     PK 419.800 sens LYON-PARIS,46.0374289584,4.7262306535,15,2,1
202100011443,181Â 267,A01,1,1,1,5,1,-1,-1,0,0,-1,2021,35.0,1,2,2,0,2,13,1,,3,910,0,,2,2,0,1,8,800,1,, -1,1,0,3,90,24,10,2021,09:15,1,37,37276,1,1,0,6,D910,47.567159,0.887339,9,5,1
202100054778,103Â 878,A01,1,1,1,9,2,6,-1,0,0,-1,2021,21.0,1,1,12,0,1,13,1,,4,QUAI DES CELESTINS,0,,2,4,0,1,(1),(1),1,, -1,2,0,1,50,14,1,2021,21:08,4,75,75104,2,1,1,6,QUAI DES CELESTINS,48.853025,2.358646,21,1,1
202100014234,176Â 245,A01,1,1,1,5,2,0,-1,-1, -1,-1,2021,23.0,1,1,12,0,2,26,3,,4,,0,,2,0,0,1,0,0,1,, -1,1,0,1,50,9,10,2021,01:42,4,92,92012,2,1,0,7,SEVRES (RUE DE) 1/55 - 2/40,48.8315559782,2.230052948,1,1,1
202100021899,162Â 485,A01,10,3,2,5,0,-1,-1,1,3,1,2021,32.0,2,2,0,1,1,1,1,,1,AUTOROUTE A22,0,,3,1,0,1,13,350,1,, -1,1,0,1,50,27,8,2021,21:40,5,59,59378,1,1,0,6,AUTOROUTE A22,50.6742877908,3.1139367314,21,2,1
202100049280,113Â 672,A01,10,3,2,1,0,-1,-1,1,3,1,2021,39.0,2,2,0,1,3,1,1,,4,AVENUE PIERRE MENDES FRANCE,0,,1,2,3,1,(1),(1),1,, -1,1,0,1,50,4,3,2021,12:15,1,75,75113,2,1,0,6,AVENUE PIERRE MENDES FRANCE,48.840105,2.36879,12,2,1
202100027190,153Â 115,A01,2,2,1,0,1,-1,-1,-1, -1,-1,2021,63.0,3,2,0,2,2,19,1,,7,AMBROISE CROIZAT                    (BD),0,,3,4,0,1,2,900,1,, -1,1,5,1,50,24,7,2021,17:00,1,69,69259,2,2,0,3,AMBROISE CROIZAT                    (BD),45.697,4.88776,17,3,2
202100030239,147Â 711,A01,1,1,1,1,2,0,-1,0,0,-1,2021,39.0,2,1,0,0,7,7,5,,4,RUE DU RENARD,0,,1,3,3,1,(1),(1),1,, -1,1,0,6,50,7,7,2021,19:45,1,75,75104,2,2,0,7,RUE DU RENARD,48.858364,2.351937,19,1,1
202100010594,182Â 793,A01,2,1,1,0,2,8,-1,-1, -1,-1,2021,32.0,3,1,0,0,0,26,1,,3,98,0,,2,3,0,1,0,0,1,, -1,1,0,1,50,27,10,2021,10:00,1,92,92026,2,1,0,7,11 NOVEMBRE ( AVENUE ),48.9023412622,2.2750604153,10,1,1
202100053281,106Â 495,A01,1,1,1,5,0,-1,-1,0,0,-1,2021,41.0,1,2,17,0,2,1,1,,2,10,-1,,2,2,0,1,145,66,3,, -1,1,9,3,-1,30,1,2021,18:00,5,202,202346,1,1,0,6,Torra,42.507176,9.46102,18,1,1
202100055933,101Â 900,A01,10,3,2,1,0,-1,-1,9,1,1,2021,66.0,3,2,0,1,6,15,1,,6,MOULIN (RUE JEAN),0,,-1,0,0,1,0,0,1,, -1,1,9,8,50,6,1,2021,10:45,1,9,9122,2,9,0,6,MOULIN (RUE JEAN),42.986631,1.616165,10,2,1
202100015464,174Â 057,B01,2,2,2,5,1,4,-1,-1, -1,-1,2021,17.0,2,2,0,2,4,1,1,,4,DE GAULLE (BD CHARLES),0,,2,2,2,1,(1),(1),1,, -1,2,0,1,50,2,10,2021,15:13,1,37,37214,2,1,1,2,DE GAULLE (BD CHARLES),47.41173,0.67501,15,3,2
202100004188,194Â 270,B01,1,1,1,5,1,-1,-1,0,0,-1,2021,24.0,2,2,0,2,2,1,1,,4,213,0,D,-1,1,0,1,(1),(1),2,, -1,2,9,1,80,3,12,2021,21:50,3,33,33273,1,6,1,1,Avenue Pierre et Marcelle Girard,44.835515,-0.803175,21,2,2
202100024666,157Â 561,B01,1,1,1,0,0,-1,-1,0,0,-1,2021,18.0,2,1,0,2,1,0,5,,7,326,0,,2,2,0,2,2,335,1,, -1,1,8,1,50,9,8,2021,13:05,1,45,45234,2,3,0,1,Route de Concyr,47.8196713444,1.9467618513,13,2,2
202100042825,125Â 114,A01,10,3,2,0,0,-1,-1,3,6,1,2021,59.0,0,2,0,1,3,1,1,,4,LOUIS BLANC (AVENUE),0,,2,2,0,1,(1),(1),1,, -1,1,0,1,50,19,4,2021,17:34,1,80,80021,2,1,0,6,LOUIS BLANC (AVENUE),49.90003,2.27382,17,2,1
202100035676,137Â 941,A01,10,3,1,5,0,-1,-1,3,2,2,2021,7.0,0,1,0,1,0,1,-1,,4,,-1,,2,2,-1,1,(1),(1),1,, -1,1,0,1,-1,8,6,2021,17:00,1,95,95018,2,1,0,6,HELOISE (BOULEVARD),48.939563,2.248285,17,2,1
202100045144,121Â 038,A01,1,1,1,9,2,0,-1,0,0,-1,2021,54.0,3,1,8,0,1,21,5,,4,BOULEVARD DES INVALIDES,0,,2,5,1,1,(1),(1),1,, -1,1,-1,5,50,4,4,2021,16:06,1,75,75107,2,3,0,6,BOULEVARD DES INVALIDES,48.853674,2.314736,16,1,1
202100023422,159Â 754,B01,1,1,2,0,1,0,-1,0,0,-1,2021,19.0,2,2,0,2,8,1,1,,7,ART-SUR-MEURTHE (ROUTE ET RUE),0,,2,2,1,2,(1),(1),2,, -1,2,0,1,50,19,8,2021,09:00,1,54,54300,2,1,1,3,ART-SUR-MEURTHE (ROUTE ET RUE),48.6597186387,6.2317270528,9,2,2
202100017674,170Â 028,B01,1,1,1,1,2,6,-1,0,0,-1,2021,49.0,1,1,0,2,4,23,1,,4,PLACE AUGUSTE BARON,0,,1,4,0,1,(1),(1),3,, -1,1,0,1,50,20,9,2021,21:54,5,75,75119,2,7,0,2,PLACE AUGUSTE BARON,48.9004613883,2.3870263762,21,2,2
202100013527,177Â 548,B01,2,2,1,0,1,0,-1,-1, -1,-1,2021,19.0,1,2,0,2,1,1,0,,4,CLAUDE DESIRE A PARTIR NÃ¸ 41-32,0,,1,1,0,1,(1),(1),1,, -1,1,0,1,50,9,10,2021,22:30,5,42,42218,2,2,0,3,Rue DÃ©sirÃ© Claude,45.4263254326,4.3896942528,22,5,2
202100012688,179Â 036,A01,1,1,1,5,2,6,-1,-1, -1,-1,2021,36.0,2,1,0,2,1,1,1,,3,ROSNY (AVENUE DE),0,,2,4,0,1,0,0,1,, -1,1,5,1,50,17,10,2021,18:10,1,93,93077,2,3,0,2,ROSNY (AVENUE DE),48.8848,2.50233,18,2,2
202100047004,117Â 758,B01,1,1,1,5,1,0,-1,-1,0,-1,2021,26.0,1,2,0,2,4,2,1,,2,RN 184,0,,3,4,0,1,7,0,1,, -1,1,0,1,110,23,3,2021,20:40,3,95,95394,1,1,0,2,RN 184,49.05192,2.15542,20,2,2
202100038035,133Â 674,A01,1,1,1,1,2,6,-1,0,0,-1,2021,28.0,1,1,0,2,8,23,1,,4,AVENUE DE VERSAILLES,0,,2,2,0,1,(1),(1),1,, -1,1,0,1,50,27,5,2021,08:12,1,75,75116,2,4,0,3,AVENUE DE VERSAILLES,48.840976,2.265508,8,2,2
202100016176,172Â 726,B01,1,1,2,0,1,0,-1,-1, -1,-1,2021,33.0,2,2,14,2,1,1,1,,4,LIBERTE (BD DE LA),0,,3,4,3,1,0,0,1,, -1,2,0,1,30,28,9,2021,16:00,1,35,35238,2,1,0,4,LIBERTE (BD DE LA),48.10837,-1.6836,16,3,3
202100005792,191Â 438,B01,1,1,1,5,1,-1,-1,0,0,-1,2021,28.0,1,2,0,2,1,1,1,,3,109,-1,,2,2,0,2,26,255,2,, -1,1,0,1,80,27,11,2021,19:15,3,17,17373,1,2,0,3,cd 109,46.145566,-0.985401,19,5,2
202100011465,181Â 228,A01,1,1,1,5,2,-1,-1,0,0,-1,2021,18.0,1,1,0,2,1,14,1,,3,723,0,D,2,2,0,1,69,1594,1,, -1,1,0,1,50,19,10,2021,21:00,5,44,44163,2,1,0,2,D723,47.371744,-1.16549,21,3,2
202100045595,120Â 228,B01,1,1,1,2,2,0,-1,-1, -1,-1,2021,15.0,2,1,0,2,1,1,5,,4,CARTIER (BD JACQUES),0,,2,2,0,1,(1),(1),1,, -1,1,5,1,50,1,4,2021,07:45,1,35,35238,2,2,0,3,ALMA (DE L'),48.09737,-1.674964,7,2,2
202100030820,146Â 676,B01,1,1,1,0,1,0,-1,-1, -1,-1,2021,51.0,2,5,0,2,0,15,1,,7,ALMANARRE (ROUTE DE L'),0,,2,2,0,1,45,680,1,, -1,1,0,1,50,30,6,2021,07:00,1,83,83069,1,1,0,3,ALMANARRE (ROUTE DE L'),43.0845,6.1114,7,2,2
202100045943,119Â 632,A01,1,1,1,3,1,0,-1,-1, -1,-1,2021,57.0,2,2,15,0,1,14,1,,4,CONDAMINE (LIEU DIT),0,,2,2,0,1,(1),(1),1,, -1,1,0,3,80,21,3,2021,10:30,1,42,42218,1,1,0,7,Lieu dit Condamine,45.4539543012,4.2658694727,10,1,1
202100022696,161Â 036,B01,5,2,2,5,1,0,-1,-1, -1,-1,2021,44.0,1,2,0,2,0,2,1,,3,BD ARISTIDE BRIAND,0,,2,2,0,1,0,0,1,, -1,2,0,1,50,23,8,2021,15:00,1,91,91589,2,1,1,2,BD ARISTIDE BRIAND,48.68962,2.36018,15,6,2
202100023207,160Â 139,A01,1,1,1,5,2,6,9,0,0,-1,2021,33.0,2,1,0,0,1,1,1,,3,29,-1,,2,2,0,2,19,50,4,, -1,1,0,1,80,21,8,2021,15:45,1,25,25419,1,1,0,7,D29,47.47135,6.411231,15,1,1
202100039938,130Â 199,A01,10,3,2,5,0,-1,-1,4,3,1,2021,58.0,1,2,0,1,1,19,1,,4,JEAN JAURES RUE,0,,-1,2,0,1,1,0,1,, -1,2,0,1,50,14,5,2021,09:40,1,49,49353,2,2,0,6,JEAN JAURES RUE,47.44371,-0.49838,9,2,1
202100004737,193Â 312,A01,10,3,1,2,0,-1,-1,3,3,1,2021,13.0,1,2,0,1,1,16,1,,4,RENOUX (PLACE),0,,1,1,0,1,(1),(1),1,, -1,1,0,1,50,2,12,2021,15:21,1,63,63113,2,3,0,6,RENOUX (PLACE),45.77565,3.08549,15,2,1
202100016383,172Â 349,B01,1,1,1,1,2,8,-1,-1, -1,-1,2021,52.0,1,1,0,2,4,23,1,,3,20,0,,2,2,0,1,0,0,1,, -1,1,0,1,50,27,9,2021,08:40,1,92,92036,2,3,0,3,NOELS (RUE DES),48.9255352111,2.3171684146,8,2,2
202100055827,102Â 082,A01,10,3,2,9,0,-1,-1,4,3,2,2021,63.0,1,2,0,1,1,5,1,,4,AVENUE DE SAINT OUEN,0,,3,3,1,2,(1),(1),1,, -1,1,0,1,50,8,1,2021,18:20,5,75,75117,2,1,0,6,AVENUE DE SAINT OUEN,48.8947762813,2.3280092329,18,2,1
202100040122,129Â 883,A01,1,1,1,5,2,-1,-1,0,0,-1,2021,49.0,1,1,14,0,0,1,5,,9,1085,-1,,2,2,1,1,52,0,1,, -1,1,0,5,80,12,5,2021,11:48,1,38,38068,1,1,0,6,RN85,45.098079,5.718727,11,1,1
202100015594,173Â 806,A01,1,1,1,0,1,0,-1,-1, -1,-1,2021,39.0,1,4,4,0,3,16,1,,1,VA007313 LE CHAPITRE A64 Sortie 38,0,,1,1,0,2,285,451,4,, -1,1,3,1,50,1,10,2021,23:45,5,31,31555,1,1,0,6,VA007313 LE CHAPITRE A64 Sortie 38,43.5531,1.40957,23,1,1
202100044236,122Â 594,A01,10,3,2,0,0,-1,-1,2,9,1,2021,37.0,1,2,0,1,2,1,1,,4,m'tsapere-Pont (ruelle du ),0,,2,0,0,1,0,0,1,, -1,1,0,1,50,16,2,2021,18:00,2,976,97611,2,1,0,6,m'tsapere-Pont (ruelle du ),-12.78935,45.22061,18,2,1
202100033124,142Â 548,B01,1,1,2,1,1,-1,-1,0,0,-1,2021,53.0,1,2,0,2,1,1,1,,3,10,-1,,2,2,0,1,5,500,2,,"5,5",2,0,1,50,21,6,2021,18:20,1,70,70044,2,1,1,1,Rue de Grandvelle,47.678276,6.161313,18,2,2
202100039047,131Â 839,B01,1,1,1,0,1,0,-1,-1, -1,-1,2021,33.0,1,1,0,2,8,3,1,,1,AUTOROUTE A86,0,,3,8,0,1,20,899,1,, -1,1,1,1,90,21,5,2021,19:30,1,93,93008,1,1,0,3,AUTOROUTE A86,48.91288,2.43592,19,2,2
202100022280,161Â 809,A01,10,3,1,0,0,-1,-1,5,3,1,2021,36.0,1,2,0,1,1,1,1,,4,STRASBOURG (BOULEVARD),0,,2,2,0,2,0,0,1,, -1,1,0,1,50,27,8,2021,22:10,5,13,13203,2,1,0,1,STRASBOURG (BOULEVARD),43.30979,5.37866,22,3,2
202100049060,114Â 064,A01,2,2,1,5,2,-1,-1,-1,0,-1,2021,17.0,3,1,0,2,7,16,1,,4,CHE DE LA TOUR DU MAIL,0,,2,2,0,1,(1),(1),1,, -1,1,0,1,30,5,3,2021,15:10,1,95,95582,2,1,0,3,CHE DE LA TOUR DU MAIL,48.969893,2.236344,15,4,2
202100016459,172Â 207,B01,1,1,1,9,2,8,-1,-1, -1,-1,2021,32.0,3,1,0,2,7,1,1,,3,ROND POINT DE L'EUROPE,0,,1,2,0,1,0,1,1,, -1,1,9,1,50,27,9,2021,15:00,1,77,77288,2,6,0,6,ROND POINT DE L'EUROPE,48.55235,2.64402,15,1,1
202100002510,197Â 289,B01,1,1,1,5,2,-1,-1,0,0,-1,2021,53.0,3,1,0,2,1,5,5,,4,,0,,2,2,0,1,(1),(1),1,,6,1,5,1,50,18,12,2021,17:05,2,29,29206,2,3,0,1,Rue de Croazou,48.6188982102,-4.1994300485,17,2,2
202100028728,150Â 375,A01,7,2,2,5,1,-1,-1,0,0,-1,2021,86.0,1,2,6,0,3,1,1,,3,39,-1,,2,2,0,1,12,925,1,, -1,1,0,3,80,17,7,2021,10:20,1,89,89238,1,1,0,6,D39,47.590131,3.649993,10,3,1
202100020764,164Â 522,A01,1,1,1,5,8,-1,-1,0,0,-1,2021,24.0,3,2,6,0,8,2,1,,3,715,0,D,2,2,0,1,1,871,3,, -1,1,2,3,80,5,9,2021,02:30,3,61,61276,1,1,0,6,D715,48.851525,-0.036044,2,1,1
202100018703,168Â 210,A01,1,1,1,1,1,0,-1,-1, -1,-1,2021,25.0,1,5,0,2,1,2,1,,1,A86 INT,0,,3,4,0,1,62,500,1,, -1,1,3,1,110,16,9,2021,09:20,1,78,78640,1,1,0,2,A86 INT,48.78077,2.17828,9,4,2
202100021923,162Â 439,B01,1,1,2,3,8,-1,-1,0,0,-1,2021,21.0,1,1,0,2,1,15,5,,3,DEPARTEMENTALE 64 (ROUTE),0,,2,2,0,1,2,912,1,, -1,1,0,1,50,27,8,2021,15:10,1,65,65226,1,1,0,1,D64,43.2409654402,0.0185206532,15,2,2
202100030832,146Â 650,A01,10,3,1,5,0,-1,-1,2,5,1,2021,9.0,2,2,0,1,7,1,1,,4,ETRETAT (D'),0,,2,2,0,2,(1),(1),1,, -1,1,0,1,50,1,7,2021,12:27,1,76,76351,2,3,0,6,ETRETAT (D'),49.49801,0.09596,12,2,1
202100048759,114Â 610,B01,1,1,2,1,1,-1,-1,-1, -1,-1,2021,56.0,1,2,0,2,4,21,1,,7,RD302   0.400 A 4.620,0,,3,4,0,1,2,99,1,, -1,1,0,1,90,8,3,2021,17:10,1,69,69282,1,1,0,4,RD302,45.7527,5.01442,17,3,3
202100000705,200Â 453,A01,4,2,1,5,8,-1,-1,0,0,-1,2021,16.0,2,2,6,0,2,14,1,,3,1504,-1,,2,2,0,1,12,500,1,, -1,2,0,4,50,30,12,2021,19:00,5,1,1384,2,1,0,6,D1504,45.939875,5.429134,19,2,1
202100042314,125Â 988,A01,10,3,1,5,8,8,-1,3,3,1,2021,68.0,3,2,0,1,2,1,1,,4,BASSINS (ROUTE DES),0,,2,2,0,1,0,0,1,, -1,1,0,1,50,27,4,2021,10:45,1,44,44184,2,1,0,6,BASSINS (ROUTE DES),47.28536,-2.24601,10,2,1
202100032019,144Â 513,B01,2,2,1,5,1,-1,-1,0,0,-1,2021,36.0,3,2,0,2,4,1,1,,4,,-1,,1,1,2,1,(1),(1),1,,3,1,0,1,30,27,6,2021,17:45,1,29,29031,2,1,0,4,Rue des Grands Sables,47.768403,-3.544668,17,5,3
202100006641,189Â 916,A01,2,2,1,5,1,8,-1,-1, -1,-1,2021,18.0,2,2,6,0,2,14,1,,4,MOULIN (RUE DU VIEUX),0,,2,2,0,2,(1),(1),1,, -1,2,0,4,50,22,11,2021,00:05,5,56,56107,2,1,1,6,MOULIN (RUE DU VIEUX),47.7153,-3.38783,0,2,1
202100007701,187Â 988,A01,1,1,1,5,2,6,-1,0,0,-1,2021,43.0,1,1,0,0,8,1,1,,4,,0,,2,2,0,2,(1),(1),1,,"7,5",2,0,1,50,17,11,2021,15:10,1,89,89418,2,3,1,7,Rue des Cordeliers,47.867791,3.977802,15,2,2
202100034376,140Â 295,A01,2,2,2,5,2,5,9,0,0,-1,2021,25.0,2,1,16,0,0,1,1,,3,122,-1,,2,2,0,1,(1),(1),3,, -1,1,0,3,80,15,6,2021,20:30,1,28,28137,1,1,0,7,RD122,48.567556,1.69794,20,2,1
202100029912,148Â 338,A01,2,2,2,5,2,6,-1,0,0,-1,2021,53.0,1,1,0,2,2,17,1,,3,1075,0,D,1,5,0,1,73,950,2,, -1,1,0,1,70,10,7,2021,14:10,1,38,38565,1,6,0,3,Avenue de Juin 1940,45.295403,5.628245,14,3,2
202100020551,164Â 897,B01,1,1,1,9,1,0,-1,-1, -1,-1,2021,69.0,1,5,0,2,1,1,1,,2,20 (R.N.) COTE NORD DU TUNNEL,0,,2,2,0,1,37,202,2,, -1,1,8,1,90,6,9,2021,10:25,1,9,9013,1,1,0,6,20 (R.N.) COTE NORD DU TUNNEL,42.975544,1.622501,10,3,3
202100025418,156Â 224,B01,1,1,1,1,2,-1,-1,-1, -1,-1,2021,57.0,1,1,0,2,1,1,1,,4,GUILLOTIERE (DE LA)                 (GR),0,,1,2,2,1,(1),(1),1,, -1,1,0,1,50,5,8,2021,07:50,1,69,69387,2,1,0,3,GUILLOTIERE (DE LA) (GR),45.7494474785,4.8528670571,7,2,2
202100007694,188Â 000,A01,10,3,2,0,0,-1,-1,3,3,1,2021,76.0,1,2,0,1,1,1,1,,3,11,0,D,2,2,0,2,(1),(1),1,,5,1,0,1,-1,12,11,2021,09:30,1,974,97404,2,1,0,1,143 Avenue Raymond Barre,-21.262621,55.361926,9,2,1
202100014299,176Â 143,A01,2,2,2,5,1,0,-1,-1, -1,-1,2021,25.0,1,2,0,2,8,11,1,,1,A13,0,,-1,3,0,3,46,0,1,, -1,1,0,1,90,9,10,2021,05:15,3,78,78291,1,1,0,3,A13,48.96748,1.74591,5,3,2
202100004240,194Â 171,A01,4,2,2,5,1,0,-1,-1, -1,-1,2021,17.0,1,2,2,0,1,1,1,,4,,0,,1,1,0,1,(1),(1),3,, -1,1,0,1,50,4,12,2021,21:50,5,66,66136,2,6,0,6,DONNEZAN (DES DOCTEURS),42.67316,2.88461,21,4,1
202100052790,107Â 362,A01,10,3,1,5,0,-1,-1,3,3,2,2021,7.0,1,1,0,1,1,1,1,,4,PONT DE VIVAUX (BOULEVARD),0,,2,2,0,1,(1),(1),1,, -1,1,0,1,50,2,2,2021,12:50,1,13,13210,2,1,0,6,PONT DE VIVAUX (BOULEVARD),43.28073,5.42134,12,3,1
202100002083,198Â 076,A01,1,1,1,1,0,-1,-1,0,0,-1,2021,35.0,2,2,13,0,9,14,1,,3,6,0,,2,2,0,1,8,0,2,, -1,1,0,3,80,22,12,2021,02:15,3,18,18231,1,1,0,6,Les Clouzerats,46.764618,2.592258,2,1,1
202100003626,195Â 267,A01,10,3,1,0,0,-1,-1,1,5,2,2021,3.0,3,2,0,1,7,1,1,,3,CHARLEVILLE,0,,2,2,0,1,0,0,1,, -1,1,0,1,30,8,12,2021,09:32,1,58,58194,2,1,0,6,CHARLEVILLE,46.98872,3.15068,9,2,1
202100011286,181Â 563,A01,9,2,1,5,1,-1,-1,0,0,-1,2021,55.0,3,2,0,0,1,26,1,,9,00,0,A,2,1,0,1,(1),(1),1,, -1,9,9,8,50,24,10,2021,22:30,3,64,64268,1,3,0,7,chemin forestier,43.177204,-0.90502,22,4,1
202100017152,170Â 981,A01,1,1,1,0,2,6,-1,0,0,-1,2021,24.0,2,1,8,0,0,1,1,,4,953,-1,,2,2,0,1,0,200,2,, -1,2,0,3,80,25,9,2021,20:00,2,37,37077,2,1,1,6,D953,47.3516384136,0.4745680923,20,1,1
202100055378,102Â 856,A01,10,3,2,5,0,-1,-1,3,3,1,2021,69.0,2,5,0,1,4,4,1,,3,GENERAL DE GAULLE (AVENUE DU),0,,2,5,0,1,0,0,1,, -1,2,0,1,30,12,1,2021,11:10,1,92,92023,2,1,1,6,GENERAL DE GAULLE (AVENUE DU),48.7883,2.25826,11,2,1
202100039842,130Â 364,B01,3,2,2,9,1,0,-1,0,0,-1,2021,23.0,1,2,0,2,4,1,1,,4,QUAI DE BERCY,0,,1,3,0,1,(1),(1),1,, -1,1,0,1,50,15,5,2021,15:00,1,75,75112,2,1,0,4,QUAI DE BERCY,48.831415,2.384931,15,6,3