Num_Acc,id_vehicule,num_veh,place,catu,sexe,trajet,secu1,secu2,secu3,locp,actp,etatp,year_acc,victim_age,senc,catv,obs,obsm,choc,manv,motor,occutc,catr,voie,v1,v2,circ,nbv,vosp,prof,pr,pr1,plan,lartpc,larrout,surf,infra,situ,vma,jour,mois,an,hrmn,lum,dep,com,agg_,int,atm,col,adr,lat,long,hour,nb_victim,nb_vehicules
202100027741,152Â 125,A01,1,1,1,0,8,0,-1,-1, -1,-1,2021,50.0,2,1,8,0,1,1,5,,4,GOELANDS (AVE DES),0,,2,1,1,1,(1),(1),1,, -1,1,0,5,30,21,7,2021,16:40,1,33,33009,2,1,0,6,Avenue des GoÃ©lands,44.65765,-1.19385,16,1,1
202100027487,152Â 593,A01,1,1,1,5,2,6,-1,-1, -1,-1,2021,51.0,1,1,0,0,4,1,1,,1,A4,0,,1,4,0,1,3,599,1,, -1,1,0,1,90,23,7,2021,01:25,3,94,94069,1,9,0,6,A4,48.817392416,2.4362247214,1,1,1
202100007064,189Â 129,A01,1,1,1,5,2,6,-1,-1, -1,-1,2021,49.0,3,1,0,0,8,1,5,,3,407,0,,2,2,0,1,0,0,1,, -1,1,0,1,50,20,11,2021,11:45,1,92,92047,2,1,0,7,G ET X. SCHLUMBERGER,48.830099,2.175581,11,1,1
202100004671,193Â 428,A01,4,2,2,5,1,0,-1,-1, -1,-1,2021,11.0,1,2,0,2,1,26,1,,3,BADUEL (ROUTE DE),0,,2,2,0,1,4,700,1,, -1,2,0,1,50,4,12,2021,17:40,2,973,97302,2,1,1,3,BADUEL (ROUTE DE),4.92734,-52.29074,17,4,2
202100018095,169Â 277,B01,2,2,1,0,1,0,-1,-1, -1,-1,2021,18.0,1,2,0,2,9,1,1,,1,AUTOROUTE A3,0,,-1,8,0,1,11,500,1,, -1,1,0,1,110,18,9,2021,20:45,3,93,93007,1,1,0,4,AUTOROUTE A3,48.93531,2.47975,20,5,4
202100055699,102Â 300,B01,2,2,1,0,2,0,-1,-1, -1,-1,2021,27.0,2,1,0,2,8,16,0,,3,BINEAU (BOULEVARD),0,,1,2,0,1,0,0,3,, -1,1,0,1,50,9,1,2021,14:25,1,92,92044,2,6,0,3,BINEAU (BOULEVARD),48.8867632986,2.2835120559,14,3,2
202100028928,150Â 023,B01,9,2,1,9,1,-1,-1,0,0,-1,2021,44.0,1,2,0,2,8,10,1,,3,cd9,-1,,2,2,0,1,3,700,1,, -1,1,0,1,-1,15,7,2021,19:45,3,973,97311,1,1,0,1,Avenue Jean Galmot,5.50792,-53.966721,19,4,2
202100054978,103Â 543,A01,1,1,1,9,2,-1,-1,0,0,-1,2021,29.0,1,1,0,2,8,15,3,,3,,-1,,2,2,0,1,(1),(1),1,, -1,1,0,1,50,15,1,2021,15:10,1,86,86137,2,3,0,3,Avenue de Ouagadougou,47.019457,0.083511,15,2,2
202100012813,178Â 817,B01,2,2,1,0,2,6,-1,-1, -1,-1,2021,54.0,3,1,0,0,0,0,1,,4,DE LATTRE DE TASSIGNY               (PT),0,,2,5,3,1,(1),(1),1,, -1,1,0,1,50,16,10,2021,16:05,1,69,69381,2,1,0,2,LATTRE DE TASSIGNY (DE) (PT),45.7724460153,4.839206636,16,4,2
202100039137,131Â 670,B01,1,1,1,9,2,0,-1,0,0,-1,2021,52.0,3,1,0,2,8,15,1,,4,BOULEVARD DES INVALIDES,0,,2,0,0,1,(1),(1),1,, -1,1,0,1,50,20,5,2021,21:06,1,75,75107,2,2,0,3,BOULEVARD DES INVALIDES,48.849433,2.31515,21,2,2
202100048078,115Â 808,A01,1,1,1,0,0,-1,-1,0,0,-1,2021,21.0,3,1,0,2,1,13,1,,2,7,-1,,2,2,0,1,(1),(1),1,, -1,1,0,1,50,14,3,2021,16:20,1,978,97801,2,1,0,1,Route nationale 7 - Quartie d'OrlÃ©ans,18.079937,-63.027363,16,4,2
202100019105,167Â 479,B01,1,1,1,1,8,-1,-1,-1, -1,-1,2021,51.0,2,2,0,2,4,1,1,,7,M7   0.000 A 2.278,0,,3,6,0,1,(1),(1),1,, -1,1,2,1,70,1,8,2021,02:45,3,69,69142,1,1,0,2,M7,45.72386,4.81746,2,2,2
202100014695,175Â 448,A01,1,1,1,0,1,-1,-1,0,0,-1,2021,64.0,2,2,0,2,1,1,1,,3,119,0,D,2,2,0,1,(1),(1),1,, -1,1,0,1,80,7,10,2021,18:00,2,9,9177,1,1,1,6,D119,43.107672,1.546733,18,1,1
202100054045,105Â 141,A01,1,1,1,4,1,0,-1,-1, -1,-1,2021,31.0,0,2,0,1,1,1,3,,4,THOMAS. RUE ALBERT,0,,2,2,0,1,0,0,1,, -1,2,0,1,50,22,1,2021,08:30,1,76,76322,2,1,0,6,Rue Albert Thomas,49.41155,1.04657,8,2,1
202100030400,147Â 427,A01,1,1,2,9,1,5,-1,0,0,-1,2021,36.0,3,2,0,2,1,1,0,,4,,0,,1,1,0,1,(1),(1),3,, -1,1,3,1,50,6,7,2021,10:05,1,6,6088,2,1,0,4,MADELEINE (BD DE LA),43.692675,7.244353,10,3,3
202100042023,126Â 507,A01,1,1,1,0,2,6,-1,-1, -1,-1,2021,28.0,3,1,0,0,0,1,1,,4,ALBERT SCHWEITZER (RUE),0,,-1,2,0,1,0,0,1,, -1,1,0,1,50,25,4,2021,15:40,1,52,52448,2,1,0,7,ALBERT SCHWEITZER (RUE),48.65611,4.96148,15,1,1
202100029633,148Â 818,A01,10,3,1,1,0,-1,-1,3,3,1,2021,46.0,2,2,9,1,3,15,1,,4,MARCEL PAUL (R),0,,2,2,0,1,1,0,1,, -1,1,6,1,50,10,7,2021,14:00,1,94,94017,2,4,0,6,Avenue de Coeuilly,48.81275,2.52725,14,2,1
202100004736,193Â 313,A01,1,1,1,9,1,0,-1,-1, -1,-1,2021,23.0,0,2,0,2,1,2,1,,4,HENRI FAISANS,0,,2,2,0,1,0,0,1,, -1,1,0,1,30,3,12,2021,17:10,5,64,64445,2,1,0,2,HENRI FAISANS,43.30084,-0.35986,17,2,2
202100017610,170Â 142,B01,1,1,1,1,2,0,-1,-1, -1,-1,2021,52.0,2,1,0,0,0,7,5,,4,MARIUS VIVIER MERLE                 (BD),0,,2,2,3,1,(1),(1),1,, -1,1,8,1,50,21,9,2021,09:30,1,69,69383,2,1,0,3,MARIUS VIVIER MERLE                 (BD),45.75975,4.85811,9,2,2
202100039536,130Â 922,C01,1,1,1,4,1,8,-1,-1, -1,-1,2021,43.0,2,5,4,2,4,2,1,,1,A51-Sens Aix en Provence vers Marseille,0,,1,3,0,1,1,200,1,, -1,1,0,1,90,17,5,2021,07:40,1,13,13106,1,1,0,4,A51-Sens Aix en Provence vers Marseille,43.406426,5.36151,7,4,4
202100050411,111Â 589,A01,1,1,2,4,1,-1,-1,0,0,-1,2021,31.0,2,2,13,0,8,1,1,,2,1,0,,2,2,0,1,304,92,2,, -1,1,0,3,50,20,2,2021,11:20,1,988,98831,2,2,0,6,RT 1/VU1 VOH,-20.947813,164.685123,11,1,1
202100036871,135Â 794,A01,1,1,2,9,8,0,-1,-1, -1,-1,2021,19.0,3,1,0,2,7,19,3,,4,boulevard AimÃ© CÃ©saire,0,,1,4,0,1,0,0,1,, -1,1,0,1,50,2,6,2021,08:30,1,92,92050,2,1,0,3,boulevard AimÃ© CÃ©saire,48.8954670664,2.2281223579,8,2,2
202100001371,199Â 316,B01,1,1,1,1,2,6,-1,-1, -1,-1,2021,30.0,2,1,0,2,7,1,1,,4,LARRALDE (RUE),0,,1,2,0,2,0,0,1,, -1,1,0,1,50,24,12,2021,12:45,1,64,64122,2,1,0,3,Rue Larralde,43.48117,-1.55875,12,2,2
202100010436,183Â 069,C01,1,1,1,0,2,6,-1,0,0,-1,2021,43.0,3,1,0,2,1,1,1,,7,559,0,D,2,2,0,2,25,300,3,, -1,1,0,1,80,29,10,2021,11:50,1,13,13022,1,1,0,1,D559 PR025.300,43.214872,5.580797,11,3,3
202100049120,113Â 952,A01,1,1,1,9,1,8,-1,-1, -1,-1,2021,25.0,2,2,1,0,1,26,1,,4,CHARTREUX (AVENUE DES),0,,1,1,0,1,0,0,3,, -1,1,9,4,50,5,3,2021,01:09,5,13,13204,2,9,0,5,CHARTREUX (AVENUE DES),43.305,5.399,1,3,1
202100019243,167Â 232,B01,7,2,2,5,1,-1,-1,0,0,-1,2021,20.0,2,2,0,2,1,1,1,,2,3,-1,,2,2,0,2,42,500,4,, -1,2,0,1,80,17,7,2021,20:10,3,972,97203,1,1,1,1,N3,14.83886,-61.095529,20,6,2
202100029838,148Â 457,A01,1,1,2,5,1,0,-1,-1, -1,-1,2021,60.0,2,2,0,2,2,2,1,,4,ALBERT DE MUN (R),0,,2,2,0,1,1,0,1,, -1,1,0,1,30,9,7,2021,09:00,1,94,94068,2,2,0,3,Rue Albert de Mun,48.78723,2.48851,9,2,2
202100015835,173Â 368,B01,1,1,1,5,2,-1,-1,0,0,-1,2021,61.0,0,1,0,2,1,1,5,,3,70,-1,,2,2,0,2,32,900,2,, -1,1,0,1,-1,1,10,2021,12:30,1,69,69154,1,2,0,3,LENTILLY (DE) (RTE),45.788953,4.669232,12,2,2
202100006011,191Â 051,B01,1,1,1,0,2,6,-1,-1, -1,-1,2021,25.0,2,1,12,2,1,1,0,,3,SOLIDARITE (RUE DE LA),0,,2,2,0,2,1,0,1,, -1,2,0,1,50,27,11,2021,15:40,1,93,93048,2,2,1,3,CHAPONS (RUE DES),48.8528195328,2.4469216824,15,2,2
202100052212,108Â 380,A01,1,1,2,1,1,8,-1,-1, -1,-1,2021,24.0,2,2,0,2,1,1,1,,3,MATIGNON (AV DES),0,,2,2,0,1,30,973,1,, -1,1,0,1,50,5,2,2021,12:05,1,50,50218,2,1,0,2,MATIGNON (AV DES),48.83782,-1.56186,12,3,2
202100001873,198Â 446,A01,2,2,2,9,8,0,-1,-1, -1,-1,2021,20.0,3,1,4,0,8,1,1,,4,LOIRE (QUAI DE LA),0,,2,2,0,1,(1),(1),1,, -1,1,0,1,50,20,12,2021,02:20,5,37,37214,2,1,0,6,LOIRE (QUAI DE LA),47.3989810183,0.6729501486,2,2,1
202100047557,116Â 761,A01,10,3,2,2,0,-1,-1,2,3,2,2021,7.0,2,2,0,1,3,1,1,,4,,-1,,2,2,0,1,(1),(1),1,, -1,1,0,1,30,19,3,2021,08:00,1,25,25318,2,4,0,6,Rue du Faubourg,46.765695,6.386356,8,2,1
202100003143,196Â 151,A01,1,1,1,4,2,6,-1,-1, -1,-1,2021,37.0,0,1,0,2,1,1,1,,4,LOUIS REGE (RUE),0,,2,4,0,2,1,0,1,, -1,1,0,1,50,13,12,2021,21:00,5,13,13208,2,3,0,3,LOUIS REGE (RUE),43.281,5.3893,21,2,2
202100021690,162Â 864,B01,1,1,1,1,2,6,-1,0,0,-1,2021,48.0,1,1,0,2,1,1,1,,4,,-1,,2,2,0,3,(1),(1),3,,4,1,0,1,90,31,8,2021,18:53,1,19,19151,1,1,0,1,Rue des Eaux Vives,45.099919,1.530721,18,2,2
202100027150,153Â 183,A01,2,2,2,5,2,-1,-1,0,0,-1,2021,20.0,1,1,0,0,0,1,1,,2,2,-1,,2,2,0,3,(1),(1),2,, -1,1,0,1,-1,18,7,2021,17:52,2,971,97106,1,1,0,7,Route Nationale 2,16.142686,-61.769085,17,2,1
202100010310,183Â 276,A01,1,1,2,1,2,0,-1,-1, -1,-1,2021,27.0,1,1,0,0,7,26,1,,4,ROI RENE BOULEVARD,0,,2,2,0,1,1,0,1,, -1,2,0,1,50,29,10,2021,15:38,1,49,49007,2,1,0,7,ROI RENE BOULEVARD,47.46679,-0.55384,15,1,1
202100007142,189Â 003,A01,1,1,1,0,1,-1,-1,-1, -1,-1,2021,39.0,2,2,0,2,4,2,1,,4,ETATS UNIS (DES)                    (BD),0,,2,2,3,1,(1),(1),1,, -1,1,0,1,50,19,11,2021,13:45,1,69,69388,2,1,0,2,ETATS UNIS (DES) (BD),45.7285816186,4.8683381081,13,2,2
202100048833,114Â 472,A01,1,1,2,0,1,0,-1,-1, -1,-1,2021,39.0,1,2,0,2,1,2,2,,1,AUTOROUTE A6A,0,,1,3,0,1,0,800,1,, -1,1,0,1,90,8,3,2021,15:55,1,94,94003,1,1,0,2,AUTOROUTE A6A,48.8112,2.33816,15,3,2
202100045625,120Â 182,B01,1,1,1,9,2,6,-1,0,0,-1,2021,48.0,2,1,0,2,1,1,1,,4,BOULEVARD LANNES,0,,2,2,0,1,(1),(1),1,, -1,1,0,1,50,1,4,2021,11:45,1,75,75116,2,1,0,3,BOULEVARD LANNES,48.864325,2.269637,11,2,2
202100019817,166Â 221,A01,1,1,1,1,2,6,-1,-1,0,-1,2021,51.0,1,1,0,2,7,3,1,,1,AUTOROUTE A115,0,,1,2,0,2,10,699,3,, -1,1,0,1,90,10,9,2021,18:25,1,95,95394,1,1,0,5,A115,49.04823,2.18353,18,3,3
202100013653,177Â 307,A01,10,3,1,0,0,-1,-1,3,3,1,2021,84.0,3,2,0,1,1,15,1,,4,DIGNAC (RUE PIERRE),0,,1,1,0,1,(1),(1),1,, -1,1,0,1,30,12,10,2021,11:30,1,33,33529,2,3,0,6,DIGNAC (RUE PIERRE),44.63166,-1.148,11,2,1
202100006330,190Â 474,A01,1,1,1,9,8,-1,-1,0,0,-1,2021,44.0,2,2,16,0,9,14,1,,3,91,-1,,2,2,0,1,1,399,1,, -1,1,0,8,80,26,11,2021,18:30,3,63,63424,1,1,0,7,D91,45.940855,3.26773,18,1,1
202100019483,166Â 811,A01,1,1,1,0,2,0,-1,0,0,-1,2021,27.0,1,1,0,2,1,1,1,,4,FRANCE (AVENUE ANATOLE),0,,1,2,2,1,(1),(1),1,, -1,1,0,1,50,11,9,2021,12:30,1,54,54395,2,1,0,2,FRANCE (AVENUE ANATOLE),48.68646,6.16015,12,2,2
202100027403,152Â 730,A01,1,1,1,0,2,6,-1,0, -1,-1,2021,31.0,2,1,9,2,1,1,1,,3,CLEMENCEAU (AVENUE GEORGES),0,,2,4,0,1,0,1,1,, -1,1,5,1,50,21,7,2021,09:45,1,93,93078,2,2,0,1,Avenue Georges ClÃ©menceau / Avenue Charles de Gaulle,48.9582,2.55844,9,2,2
202100052582,107Â 737,A01,1,1,1,5,2,0,-1,-1, -1,-1,2021,51.0,3,1,0,2,7,15,1,,4,R GUY MOCQUET ,0,,2,0,0,1,1,0,1,, -1,1,0,1,50,4,2,2021,16:50,1,94,94076,2,4,0,3,GUY MOCQUET (R),48.798536,2.357462,16,2,2
202100013599,177Â 414,B01,1,1,1,1,2,6,-1,-1, -1,-1,2021,20.0,2,1,0,2,3,1,1,,4,GUERIN (RUE CAMILLE),0,,2,2,0,1,0,0,3,, -1,1,0,1,50,11,10,2021,17:32,1,87,87085,2,3,0,5,GUERIN (RUE CAMILLE),45.8182,1.22924,17,5,4
202100051500,109Â 643,B01,1,1,2,5,1,0,-1,-1, -1,-1,2021,32.0,1,2,1,0,1,2,1,,1,AUTOROUTE A16,0,,3,3,0,1,81,0,1,, -1,1,0,6,110,11,2,2021,10:00,1,62,62193,1,1,0,2,AUTOROUTE A16,50.941657,1.822829,10,2,2
202100046348,118Â 925,B01,2,2,1,9,1,0,-1,-1, -1,-1,2021,80.0,2,2,0,2,2,1,1,,4,GASTON PHOEBUS,0,,1,1,0,1,0,0,1,, -1,1,0,1,50,27,3,2021,16:15,1,64,64445,2,2,0,3,GASTON PHOEBUS,43.30225,-0.37767,16,3,2
202100014824,175Â 208,A01,10,3,2,0,0,-1,-1,3,3,1,2021,66.0,1,2,0,1,1,1,1,,4,CAP BD DU,0,,2,2,0,4,0,0,1,, -1,1,5,1,50,1,10,2021,15:35,1,6,6004,2,6,0,6,CAP BD DU,43.57318,7.12427,15,2,1
202100044208,122Â 652,A01,1,1,1,0,1,-1,-1,0,0,-1,2021,23.0,2,2,0,2,2,5,1,,2,1,0,N,2,3,0,2,29,0,1,, -1,2,0,1,70,13,4,2021,06:30,2,972,97228,1,1,1,5,Route Nationale 1 Derriere Morne,14.764645,-60.981096,6,3,3
202100015763,173Â 493,B01,1,1,1,0,8,0,-1,-1, -1,-1,2021,50.0,1,1,0,2,8,1,3,,4,METALLURGIE (AVENUE),0,,2,2,1,1,0,0,1,, -1,1,0,1,50,30,9,2021,17:30,1,93,93066,2,2,0,3,Avenue de la MÃ©tallurgie,48.909289,2.361364,17,2,2
202100041507,127Â 418,A01,10,3,2,5,0,-1,-1,5,1,2,2021,20.0,1,0,0,1,1,1,3,,4,LECLERC (AVENUE DU GENERAL),0,,2,2,0,2,0,0,1,, -1,1,0,4,50,30,4,2021,16:50,1,87,87085,2,1,0,6,LECLERC (AVENUE DU GENERAL),45.84019,1.25861,16,2,1
202100028839,150Â 170,C01,1,1,1,1,1,0,-1,-1, -1,-1,2021,24.0,2,2,0,2,4,1,1,,2,2122,0,,2,2,0,1,49,300,1,, -1,1,0,1,50,15,7,2021,18:00,1,15,15014,2,1,0,4,POMPIDOU (AVENUE GEORGES),44.91309,2.44549,18,4,3
202100030742,146Â 809,A01,1,1,1,0,8,-1,-1,-1, -1,-1,2021,34.0,1,1,0,2,1,5,1,,4,VIENNE (DE)                         (RO),0,,2,2,2,1,(1),(1),1,, -1,1,0,1,50,2,7,2021,16:00,1,69,69388,2,1,0,1,VIENNE (DE) (RTE),45.7336515041,4.8533941806,16,2,2
202100031414,145Â 596,A01,1,1,2,1,1,0,-1,0,0,-1,2021,52.0,1,2,0,2,8,1,1,,4,PORTE D ITALIE,0,,1,4,0,1,2,300,1,, -1,1,0,1,70,1,7,2021,13:00,1,75,75113,2,1,0,3,PORTE D ITALIE,48.816347,2.363837,13,2,2
202100024730,157Â 438,A01,1,1,2,0,2,0,-1,-1, -1,-1,2021,46.0,2,1,0,2,1,17,1,,3,LAYATS (AVENUE DE),0,,2,2,0,1,24,299,1,, -1,1,0,1,50,10,8,2021,18:43,1,64,64483,2,7,0,3,LAYATS (AVENUE DE),43.39902,-1.64029,18,2,2
202100000064,201Â 635,B01,2,2,1,0,0,-1,-1,-1, -1,-1,2021,29.0,1,2,0,0,1,1,-1,,1,,-1,,2,-1,-1,1,92,600,1,, -1,1,0,1,-1,31,10,2021,01:50,3,38,38382,1,1,0,2,A48,45.22398,5.67055,1,3,2
202100012742,178Â 938,A01,1,1,1,0,1,-1,-1,0,0,-1,2021,56.0,2,4,0,0,9,1,1,,1,71,0,A,3,4,0,1,327,750,1,, -1,1,0,3,90,16,10,2021,16:55,1,3,3277,1,1,0,7,A71 PK 327+750,46.277908,3.052359,16,1,1
202100008515,186Â 514,A01,2,2,2,0,1,0,-1,-1, -1,-1,2021,9.0,0,2,0,2,5,1,1,,3,913,0,,2,4,3,1,0,0,1,, -1,1,0,1,50,11,11,2021,11:10,1,92,92062,2,6,0,5,GENERAL DE GAULLE (AV) DU 63 AU 107,48.885371732,2.2279983759,11,4,3
202100018330,168Â 860,A01,10,3,2,5,0,-1,-1,2,3,1,2021,86.0,1,2,0,0,4,4,1,,4,AGINCOURT (RUE D'),0,,1,1,0,1,(1),(1),1,, -1,1,0,1,30,17,9,2021,12:14,1,60,60057,2,1,0,6,Rue dâAgincourt,49.42952,2.08461,12,2,1
202100029997,148Â 175,A01,1,1,1,0,8,0,-1,-1, -1,-1,2021,22.0,1,2,12,0,1,0,1,,7,georges COUTTON (rond point),0,,-1,1,0,1,(1),(1),1,, -1,1,0,4,50,9,7,2021,01:40,5,13,13001,1,9,0,6,georges COUTTON (rond point),43.5056041059,5.4121152002,1,1,1
202100002671,197Â 004,A01,2,2,2,9,1,5,-1,0,0,-1,2021,22.0,2,2,0,2,1,1,1,,3,777,-1,D,2,2,0,1,17,600,1,, -1,1,0,1,80,19,11,2021,15:30,1,35,35109,1,1,0,1,route dÃ©partementale 777 pk 19,48.0893689186,-1.2334922729,15,4,2
202100047826,116Â 266,A01,10,3,2,9,0,-1,-1,3,3,1,2021,36.0,1,2,0,1,3,15,1,,4,RUE SAINT JACQUES,0,,1,2,1,2,(1),(1),1,, -1,1,0,1,30,16,3,2021,08:10,1,75,75105,2,2,0,6,RUE SAINT JACQUES,48.850205,2.345236,8,2,1
202100033590,141Â 725,A01,10,3,1,5,0,-1,-1,5,3,1,2021,8.0,1,2,0,1,3,1,1,,4,ROYET DE LA BASTIE RUE,0,,2,2,0,2,(1),(1),1,, -1,1,0,1,50,16,6,2021,18:15,1,42,42207,2,1,0,6,Rue Royet de la Bastie,45.46526,4.50501,18,2,1
202100013035,178Â 450,B01,1,1,2,5,1,0,-1,-1, -1,-1,2021,58.0,1,2,0,9,1,1,1,,3,RD947,0,,2,2,0,1,0,0,1,, -1,1,0,1,80,14,10,2021,15:22,1,87,87050,1,1,0,7,RD947,45.86155,1.24097,15,2,2
202100048014,115Â 918,A01,10,3,1,0,0,-1,-1,9,B,-1,2021,17.0,2,3,0,1,2,1,3,,4,JET D'EAU (DU)                      (PL),0,,1,3,3,1,(1),(1),1,, -1,1,4,1,50,14,3,2021,16:10,1,69,69388,2,1,0,6,BERTHELOT (AV),45.73985,4.85879,16,2,1
202100018454,168Â 643,B01,1,1,1,5,2,-1,-1,0,0,-1,2021,75.0,2,1,0,2,8,2,5,,3,764,-1,,2,2,0,1,38,250,1,, -1,1,0,1,-1,16,9,2021,11:30,1,56,56091,2,1,0,3,ZI de la Rochette,47.955329,-2.566445,11,2,2
202100014432,175Â 900,A01,10,3,2,0,0,-1,-1,6,3,1,2021,23.0,1,2,0,1,2,1,1,,3,PARIS (RUE DE),0,,3,6,3,1,0,0,1,, -1,1,0,1,50,8,10,2021,09:47,1,93,93053,2,9,0,1,PARIS (RUE DE),48.89877,2.44371,9,2,1
202100010101,183Â 647,A01,1,1,1,5,2,-1,-1,0,0,-1,2021,16.0,2,1,0,2,3,2,1,,3,25,0,D,2,2,0,2,13,400,2,, -1,2,0,1,80,31,10,2021,14:40,1,69,69269,1,1,0,1,DÃ©partementale D25,45.698034,4.607778,14,2,2
202100037886,133Â 942,B01,1,1,1,0,2,6,9,0,0,-1,2021,28.0,1,1,0,2,2,17,1,,3,9,-1,,2,2,0,2,48,0,1,, -1,1,0,1,80,29,5,2021,11:20,1,51,51413,1,1,0,3,D9,48.9886807934,4.0296092788,11,3,2
202100005495,191Â 969,B01,1,1,1,9,2,6,-1,-1, -1,-1,2021,33.0,2,1,0,2,1,1,1,,4,,0,,2,2,0,1,(1),(1),1,, -1,1,0,1,50,26,11,2021,15:37,1,66,66136,2,1,0,3,ABBE PIERRE,42.69054,2.87437,15,2,2
202100031187,145Â 989,B01,2,2,1,0,1,5,-1,-1, -1,-1,2021,20.0,0,2,8,2,3,1,1,,4,LECLERC (BVD  MARECHAL COTE PAIR),0,,2,3,3,1,(1),(1),1,, -1,1,0,1,50,2,7,2021,21:50,5,1,1053,1,2,0,3,LECLERC (BVD  MARECHAL COTE PAIR),46.20514,5.21877,21,4,2
202100003508,195Â 475,A01,2,2,2,5,1,0,-1,-1, -1,-1,2021,36.0,2,2,0,2,2,0,1,,1,A4,0,,1,4,0,1,10,0,3,, -1,1,0,1,90,11,12,2021,02:30,3,94,94017,1,1,0,2,A4,48.8266507839,2.5161742429,2,4,2
202100037414,134Â 788,A01,10,3,1,5,0,-1,-1,4,3,1,2021,12.0,1,2,0,1,1,1,1,,4,AV MAZARIN,0,,2,2,0,1,0,0,1,, -1,1,0,1,50,30,5,2021,14:45,1,91,91161,2,1,0,6,AV MAZARIN,48.70298,2.31971,14,2,1
202100026069,155Â 088,A01,1,1,1,5,1,-1,-1,0,0,-1,2021,62.0,1,2,0,0,8,15,1,,2,2,0,,2,2,0,1,8,550,1,, -1,1,0,1,80,31,7,2021,11:35,1,973,97307,1,1,0,3,RN 2 intersection chemin paramana,4.821642,-52.342762,11,2,2
202100047868,116Â 198,A01,1,1,2,0,1,-1,-1,0,0,-1,2021,21.0,1,2,0,2,1,0,1,,3,810,-1,,2,3,0,1,98,800,1,, -1,1,0,1,80,15,3,2021,17:00,1,40,40284,1,1,0,1,RD 810,43.647566,-1.330311,17,2,2
202100007811,187Â 785,A01,10,3,2,5,0,-1,-1,4,3,1,2021,77.0,1,2,0,1,0,26,1,,4,ROCHETAILLEE (AVENUE) JUSQU'AUX NÃ¸ 34-49,0,,2,2,0,1,(1),(1),1,, -1,2,0,1,50,15,11,2021,16:00,1,42,42218,2,3,1,6,Avenue de RochetaillÃ©e,45.418422,4.399888,16,2,1
202100023561,159Â 525,A01,1,1,1,1,2,-1,-1,-1, -1,-1,2021,29.0,1,1,0,2,1,0,1,,4,LAFAYETTE                           (CO),0,,3,1,2,1,(1),(1),1,, -1,1,0,1,50,18,8,2021,12:30,1,69,69383,2,1,0,2,LAFAYETTE (CR),45.76362,4.86263,12,2,2
202100024021,158Â 710,B01,1,1,1,5,2,6,-1,-1, -1,-1,2021,66.0,1,1,0,2,6,1,5,,4,PARIS (ROUTE ET RUE),0,,1,2,1,1,0,0,1,, -1,1,0,1,50,9,8,2021,10:30,1,3,3190,2,1,0,3,PARIS (ROUTE ET RUE),46.57334,3.32587,10,3,2
202100029347,149Â 310,B01,1,1,1,0,1,0,-1,-1, -1,-1,2021,39.0,1,2,0,0,4,1,1,,3,7,0,,3,4,0,1,0,0,1,, -1,1,0,1,70,12,7,2021,18:20,1,92,92026,2,1,1,2,MARECHAL JOFFRE (QUAI DU),48.90229,2.28188,18,2,2
202100034364,140Â 313,A01,1,1,1,1,2,6,-1,0,0,-1,2021,18.0,3,1,0,2,1,0,1,,4,,-1,,-1,2,0,1,(1),(1),2,,4,1,0,1,50,16,6,2021,07:55,1,1,1001,1,1,0,1,Route de la CharriÃ¨re des Bottes,46.1275040503,4.9174701422,7,2,2
202100002275,197Â 716,B01,1,1,1,5,1,0,-1,-1, -1,-1,2021,71.0,2,2,6,2,2,1,1,,4,POLANGIS (BD DE),0,,2,2,0,1,1,0,1,, -1,1,0,1,30,18,12,2021,11:40,1,94,94042,2,2,0,3,Boulevard de Polangis,48.82595,2.47658,11,2,2
202100032871,143Â 011,A01,10,3,1,0,0,-1,-1,8,1,1,2021,10.0,2,2,0,1,2,26,0,,9,PERI (RUE GABRIEL),0,,1,1,3,1,(1),(1),1,, -1,1,9,8,-1,21,6,2021,13:15,1,54,54159,2,1,0,6,PERI (RUE GABRIEL),48.62354,6.34856,13,2,1
202100033766,141Â 415,A01,1,1,1,0,2,6,-1,-1, -1,-1,2021,38.0,1,1,3,0,7,1,1,,2,RN104,0,,3,2,0,1,0,500,2,, -1,1,0,2,90,18,6,2021,13:45,1,77,77169,1,1,0,6,RN104,48.8255293196,2.6161130348,13,1,1
202100032533,143Â 618,B01,1,1,1,0,2,0,-1,-1, -1,-1,2021,37.0,0,1,0,0,0,0,1,,3,CACHIN (AVENUE MARCEL),0,,2,2,0,1,0,1,1,, -1,1,0,1,50,24,6,2021,09:00,1,93,93027,2,9,0,3,Avenue Marcel Cachin,48.9280129231,2.3966234922,9,2,2
202100034792,139Â 522,A01,1,1,1,4,2,0,-1,0,0,-1,2021,30.0,2,1,0,2,1,1,5,,4,BOULEVARD DE SEBASTOPOL,0,,2,5,0,1,(1),(1),1,, -1,1,0,1,50,10,6,2021,12:50,1,75,75103,2,2,0,3,BOULEVARD DE SEBASTOPOL,48.868663,2.35389,12,2,2
202100020405,165Â 163,A01,1,1,1,5,8,-1,-1,0,0,-1,2021,26.0,2,2,4,0,3,0,1,,1,9,-1,A,-1,5,0,1,90,700,1,, -1,1,0,1,110,8,9,2021,02:45,3,34,34022,1,1,0,6,A9,43.66232,4.002423,2,1,1
202100030005,148Â 162,A01,1,1,1,5,1,0,-1,0,0,-1,2021,66.0,1,2,0,2,1,2,1,,4,PORTE D IVRY,0,,1,4,0,1,(1),(1),1,, -1,1,0,1,70,8,7,2021,13:20,1,75,75113,2,4,0,4,PORTE D IVRY,48.820798,2.376664,13,4,3