Num_Acc,id_vehicule,num_veh,place,catu,sexe,trajet,secu1,secu2,secu3,locp,actp,etatp,year_acc,victim_age,senc,catv,obs,obsm,choc,manv,motor,occutc,catr,voie,v1,v2,circ,nbv,vosp,prof,pr,pr1,plan,lartpc,larrout,surf,infra,situ,vma,jour,mois,an,hrmn,lum,dep,com,agg_,int,atm,col,adr,lat,long,hour,nb_victim,nb_vehicules
202100015447,174Â 095,B01,1,1,1,1,8,0,-1,-1, -1,-1,2021,46.0,1,2,0,2,6,1,1,,1,A13,0,,-1,3,0,1,48,1300,3,, -1,2,0,1,110,2,10,2021,06:05,3,78,78531,1,1,0,2,A13,48.988462,1.657215,6,2,2
202100003793,194Â 975,A01,1,1,1,0,8,-1,-1,0,0,-1,2021,72.0,2,1,0,2,0,16,5,,2,,-1,,2,2,-1,1,28,600,1,, -1,1,0,1,-1,11,12,2021,13:10,1,26,26347,2,3,0,3,Rue Albert Nicolas,45.068758,4.843469,13,2,2
202100035570,138Â 134,B01,1,1,1,4,2,0,-1,-1, -1,-1,2021,25.0,1,1,0,2,0,2,1,,3,FELIX FAURE (BLD) => 121,0,,2,2,0,1,85,0,1,, -1,1,0,1,50,9,6,2021,14:15,1,93,93001,2,1,0,3,FELIX FAURE (BLD) => 121,48.903534,2.383183,14,2,2
202100000891,200Â 153,B01,4,2,2,9,1,0,-1,-1, -1,-1,2021,21.0,2,2,0,0,4,1,1,,4,CHAPIT RE ( RUE DU),0,,1,1,0,1,2,799,1,, -1,2,2,1,50,30,12,2021,09:10,1,93,93073,2,1,0,2,CHAPIT RE ( RUE DU),49.0022067077,2.5369676496,9,4,2
202100008890,185Â 848,B01,1,1,2,1,1,-1,-1,0,0,-1,2021,46.0,1,2,0,2,4,1,1,,3,2,0, -,2,2,0,1,2,850,1,, -1,1,0,1,80,8,11,2021,07:30,1,30,30336,1,1,0,4,RD2,43.865785,4.620287,7,3,3
202100009572,184Â 597,A01,2,2,2,0,1,8,-1,-1, -1,-1,2021,38.0,1,2,0,2,5,15,1,,3,ROUTE DEPARTEMENTALE 3 BIS,0,,2,2,0,1,2,700,1,, -1,1,0,1,50,3,11,2021,08:25,1,972,97213,2,7,0,3,ROUTE DEPARTEMENTALE 3 BIS,14.65669,-60.97463,8,5,2
202100042695,125Â 315,A01,1,1,2,5,2,6,-1,0,0,-1,2021,23.0,3,1,0,2,1,5,1,,4,ECHANGEUR BERCY,0,,1,2,0,1,(1),(1),1,, -1,1,-1,6,50,23,4,2021,19:45,1,75,75112,2,4,0,1,ECHANGEUR BERCY,48.828373,2.392073,19,2,2
202100051082,110Â 368,A01,1,1,1,1,8,0,-1,0,0,-1,2021,37.0,2,2,0,2,3,1,1,,4,RUE BRANCION,0,,2,3,3,1,(1),(1),1,, -1,2,0,1,50,18,2,2021,20:29,5,75,75115,2,2,0,3,RUE BRANCION,48.83472,2.305191,20,2,2
202100013152,178Â 239,A01,1,1,1,3,2,6,-1,0,0,-1,2021,16.0,1,1,0,6,1,1,1,,3,1,2,,2,2,0,1,13,700,1,,"5,5",1,0,1,80,14,10,2021,19:20,5,68,68209,1,1,0,6,Route du Vin,48.155064,7.319963,19,2,1
202100013813,177Â 004,A01,2,2,1,0,2,8,-1,-1, -1,-1,2021,31.0,2,1,0,2,1,13,1,,2,RN5-BOISRIPEAUX,0,,3,1,0,1,(1),(1),1,, -1,2,0,1,70,9,10,2021,18:33,3,971,97101,1,9,1,2,RN5-BOISRIPEAUX,16.2794021261,-61.5079021454,18,3,2
202100031286,145Â 815,A01,1,1,1,5,1,-1,-1,-1,0,-1,2021,25.0,2,2,3,0,1,1,1,,1,AUTOROUTE A1,0,,3,6,0,1,23,200,1,, -1,1,0,1,110,3,7,2021,19:20,1,95,95154,1,1,0,6,AUTOROUTE A1,49.04503,2.54503,19,1,1
202100008987,185Â 653,A01,1,1,1,5,2,6,-1,0,0,-1,2021,19.0,1,1,0,2,2,21,1,,3,901,0,D,2,2,0,1,5,760,2,, -1,1,0,1,50,7,11,2021,17:30,2,62,62870,2,2,0,1,127 route nationale,50.404608,1.725241,17,2,2
202100006200,190Â 726,A01,1,1,2,0,1,0,-1,-1, -1,-1,2021,37.0,2,2,4,0,3,1,1,,1,AUTOROUTE A86,0,,3,4,0,2,18,0,2,, -1,2,0,1,90,26,11,2021,14:50,1,93,93027,1,1,1,6,AUTOROUTE A86,48.92806,2.41014,14,1,1
202100032880,142Â 992,A01,10,3,1,9,0,-1,-1,1,3,1,2021,46.0,2,2,0,1,1,21,1,,7,RD 37,0,,3,4,0,1,10,0,1,, -1,1,9,1,50,22,6,2021,05:30,2,37,37122,2,9,0,6,RD 37,47.34881,0.64586,5,4,1
202100044264,122Â 545,A01,2,2,1,0,8,0,-1,-1, -1,-1,2021,0.0,3,2,8,0,3,5,1,,4,GUERIN CAMILLE RUE,0,,1,1,1,1,(1),(1),4,, -1,1,9,1,50,12,4,2021,21:25,5,59,59350,2,3,0,6,GUERIN CAMILLE RUE,50.6274,3.07449,21,2,1
202100018394,168Â 745,A01,2,2,1,4,2,6,-1,0,0,-1,2021,31.0,1,1,0,0,7,1,1,,4,BOULEVARD PERIPHERIQUE INTERIEUR OUEST,0,,-1,4,0,1,11,0,1,, -1,1,1,1,70,17,9,2021,15:00,1,75,75116,2,1,0,7,BD PERIPHERIQUE INTERIEUR,48.837915,2.254838,15,2,1
202100002800,196Â 763,B01,2,2,1,9,2,0,-1,-1, -1,-1,2021,29.0,2,1,0,2,3,7,1,,4,AVENUE DE L OPERA,0,,2,4,0,1,(1),(1),1,, -1,1,-1,6,30,14,12,2021,14:40,1,75,75102,2,4,0,3,AVENUE DE L OPERA,48.868695,2.333142,14,3,2
202100003305,195Â 861,B01,2,2,1,4,1,-1,-1,0,0,-1,2021,29.0,2,2,0,0,4,23,3,,2,,-1,,2,-1,-1,-1,(1),(1),-1,, -1,-1,-1,-1,-1,13,12,2021,10:30,1,202,202148,1,3,0,2,D 10,42.5310221,9.4433071,10,3,2
202100031364,145Â 686,B01,1,1,1,5,1,-1,-1,0,0,-1,2021,20.0,2,2,0,2,1,1,1,,3,53,0,,2,2,0,1,5,925,1,,4,1,0,1,80,2,7,2021,17:00,1,38,38519,1,3,0,1,D53,45.596575,5.059606,17,3,2
202100038488,132Â 846,A01,1,1,1,0,1,0,-1,-1, -1,-1,2021,27.0,2,2,0,0,7,1,1,,1,A7-Sens Marseille vers Lyon,0,,-1,2,0,1,278,0,2,, -1,2,0,1,90,24,5,2021,06:54,1,13,13215,1,1,1,7,A7-Sens Marseille vers Lyon,43.34533,5.37434,6,1,1
202100016869,171Â 469,B01,1,1,2,0,1,8,-1,-1, -1,-1,2021,87.0,2,2,0,2,1,15,1,,4,BOUSSINGAULT (RUE),0,,3,3,1,4,0,0,3,, -1,1,0,1,50,21,9,2021,15:30,1,67,67482,2,3,0,3,BOUSSINGAULT (RUE),48.590619,7.782028,15,3,2
202100005664,191Â 671,A01,10,3,2,0,8,8,-1,-1, -1,1,2021,34.0,1,0,0,1,8,1,6,,3,GABRIEL-PERI (AV),0,,1,2,0,1,0,1,1,, -1,1,9,8,50,29,11,2021,12:30,1,93,93070,2,1,0,6,GABRIEL-PERI (AV),48.90131,2.33024,12,2,1
202100004865,193Â 095,A01,8,2,2,5,8,-1,-1,0,0,-1,2021,18.0,2,2,2,0,3,1,1,,3,958,-1,,2,2,0,2,15,(1),1,, -1,2,0,3,50,5,12,2021,02:50,3,54,54200,2,1,1,6,Rue de Voissogne,48.87586,5.84993,2,6,1
202100027164,153Â 163,A01,1,1,1,0,2,6,-1,0,0,-1,2021,29.0,2,1,0,2,1,17,1,,3,943,0,D,2,2,0,1,(1),(1),1,, -1,1,0,1,80,24,7,2021,20:00,1,59,59391,1,1,0,2,D943,50.303568,3.285964,20,2,2
202100017823,169Â 762,A01,2,2,1,3,1,-1,-1,0,0,-1,2021,63.0,1,2,0,2,4,2,2,,2,JAURES (AVE JEAN),0,,2,2,0,1,19,157,1,, -1,1,0,1,50,20,9,2021,14:40,1,65,65047,2,3,0,2,Avenue Jean JaurÃ¨s,43.241418,0.09502,14,3,2
202100056142,101Â 529,B01,1,1,1,5,2,6,-1,-1, -1,-1,2021,19.0,3,1,0,2,3,1,1,,4,RUE DU GENERAL LECLERC,0,,2,2,0,1,0,0,1,, -1,1,0,1,30,5,1,2021,13:13,1,77,77053,2,3,0,3,RUE DU GENERAL LECLERC,48.69163,2.61286,13,2,2
202100042999,124Â 813,B01,2,2,1,9,1,0,-1,-1, -1,-1,2021,45.0,1,2,0,2,4,1,1,,2,11 - RT,0,,-1,4,0,1,1,0,1,, -1,2,0,1,70,22,4,2021,11:00,1,202,202120,2,1,1,2,11 - RT,42.65186,9.44076,11,3,2
202100013515,177Â 571,B01,1,1,1,0,2,0,-1,0,0,-1,2021,24.0,3,1,0,2,8,1,5,,4,ESTIENNE (RUE PIERRE),0,,2,2,1,1,(1),(1),1,, -1,1,0,5,50,12,10,2021,18:44,2,63,63113,2,1,0,3,ESTIENNE (RUE PIERRE),45.77129,3.12746,18,2,2
202100003650,195Â 229,B01,1,1,1,2,8,0,-1,-1, -1,-1,2021,13.0,1,1,0,2,1,1,5,,7,,0,,4,2,1,1,(1),(1),3,, -1,1,5,8,50,8,12,2021,17:10,1,45,45284,2,6,0,1,Avenue du Capitaine Jean,47.91058,1.95236,17,2,2
202100015397,174Â 185,B01,1,1,2,5,0,-1,-1,0,0,-1,2021,59.0,0,1,0,2,3,1,5,,4,,-1,,2,2,0,1,(1),(1),3,,4,1,0,1,30,26,9,2021,16:15,1,14,14200,2,1,0,3,Rue des druides,49.283083,-0.537947,16,2,2
202100032921,142Â 914,B01,1,1,1,1,1,0,-1,-1, -1,-1,2021,33.0,3,2,3,2,1,1,1,,3,ROISSY (ROUTE DE),0,,2,2,0,1,0,0,3,, -1,2,5,1,70,22,6,2021,17:10,1,93,93073,1,4,1,1,Route de Roissy / Route de la Croix au PlÃ¢tre,48.98398,2.54175,17,2,2
202100037135,135Â 317,B01,1,1,1,1,1,-1,-1,-1, -1,-1,2021,66.0,1,2,0,2,4,1,1,,1,A7   7.000 A 8.630,0,,3,6,0,1,7,575,1,, -1,1,0,1,70,27,5,2021,03:10,3,69,69199,1,1,0,2,A7   7.000 A 8.630,45.69024,4.84547,3,2,2
202100050412,111Â 588,A01,10,3,1,2,0,-1,-1,2,3,1,2021,13.0,1,2,0,1,2,1,1,,2,5,0,N,1,1,0,1,(1),(1),1,, -1,1,0,1,50,24,2,2021,06:51,1,971,97117,2,6,0,6,Rue Gaston Monnerville,16.334189,-61.349614,6,2,1
202100048255,115Â 495,A01,1,1,1,1,1,5,-1,-1, -1,-1,2021,21.0,1,2,11,2,1,1,1,,3,METZ (RUE DE),0,,2,2,0,1,69,400,1,, -1,2,5,1,50,12,3,2021,05:30,5,57,57240,2,5,0,3,METZ (RUE DE),49.14291,6.81369,5,3,2
202100010121,183Â 615,A01,2,2,2,0,1,0,-1,-1, -1,-1,2021,17.0,1,2,3,0,1,2,1,,1,BDL,0,,3,2,0,1,1,0,1,, -1,2,3,1,50,30,10,2021,10:50,1,93,93027,1,1,1,1,BDL,48.93203,2.40329,10,2,1
202100019241,167Â 236,A01,1,1,2,5,1,-1,-1,0,0,-1,2021,61.0,2,2,0,2,1,1,1,,1,11,0,,3,3,0,1,57,700,1,,"13,5",1,0,1,130,13,9,2021,15:10,1,28,28177,1,1,0,2,Autoroute A11  PK 57+700,48.436618,1.523205,15,2,2
202100002457,197Â 381,A01,10,3,1,5,0,-1,-1,4,3,1,2021,56.0,2,2,0,1,7,1,2,,4,BOULEVARD MALESHERBES,0,,1,1,0,1,(1),(1),1,, -1,1,0,1,50,16,12,2021,19:00,5,75,75117,2,2,0,6,BOULEVARD MALESHERBES,48.889935,2.303931,19,2,1
202100041982,126Â 580,B01,1,1,2,5,0,-1,-1,0,0,-1,2021,8.0,1,1,0,2,6,13,5,,3,219,0,D,2,2,0,1,15,40,1,, -1,1,0,1,50,1,5,2021,11:30,1,33,33077,2,1,0,2,,44.602256,-0.555549,11,2,2
202100043618,123Â 711,A01,1,1,1,5,2,8,-1,-1, -1,-1,2021,28.0,2,1,0,1,1,1,5,,4,ALERY (GRANDE RUE D'),0,,2,3,2,2,0,0,1,, -1,1,0,1,50,17,4,2021,13:14,1,74,74093,2,1,0,6,ALERY (GRANDE RUE D'),45.89829,6.11176,13,2,1
202100048653,114Â 789,A01,2,2,2,1,2,0,-1,-1,0,-1,2021,32.0,2,1,0,2,1,1,1,,3,HEUDE (RUE DU PERE),0,,2,2,0,1,1,800,1,, -1,1,0,1,50,9,3,2021,09:15,1,95,95585,2,1,0,3,HEUDE (RUE DU PERE),48.986,2.38862,9,3,2
202100051656,109Â 357,B01,1,1,1,0,8,0,-1,-1, -1,-1,2021,21.0,1,1,0,2,4,0,5,,4,PASTEUR (RUE),0,,1,0,0,1,1,0,1,, -1,7,0,1,20,12,2,2021,17:35,1,90,90099,2,3,0,3,PASTEUR (RUE),47.66346,6.84119,17,5,2
202100007973,187Â 481,B01,5,2,2,9,8,0,-1,-1, -1,-1,2021,88.0,1,3,0,2,2,1,1,3.0,3,TOUTES RUES,0,,2,2,0,1,0,0,2,, -1,2,0,1,50,13,11,2021,10:20,1,202,202033,2,1,0,1,TOUTES RUES,42.69586,9.43,10,5,2
202100032178,144Â 236,A01,1,1,2,0,1,-1,-1,0,0,-1,2021,53.0,2,2,2,0,3,1,1,,3,114,0,,2,2,0,1,0,570,1,, -1,1,0,4,50,26,6,2021,17:30,1,38,38269,2,1,0,6,26 Avenue du Docteur Tagnard,44.909707,5.793209,17,1,1
202100049065,114Â 056,A01,1,1,1,5,8,0,-1,-1, -1,-1,2021,14.0,2,1,0,2,8,19,5,,4,LECLERC (AVENUE DU GENERAL),0,,4,3,0,1,0,0,1,, -1,1,0,1,50,3,3,2021,15:10,1,87,87085,2,1,0,3,LECLERC (AVENUE DU GENERAL),45.84841,1.26215,15,2,2
202100050235,111Â 920,A01,1,2,1,0,1,0,-1,-1, -1,-1,2021,54.0,0,2,0,2,6,9,0,,3,JEAN CHARCOT [CD115] (RUE),0,,1,4,0,3,0,1,1,, -1,1,0,1,50,25,2,2021,14:40,1,93,93005,2,1,0,2,JEAN CHARCOT [CD115] (RUE),48.9330279198,2.4892441208,14,3,2
202100020709,164Â 613,B01,1,1,2,5,2,0,-1,-1, -1,-1,2021,18.0,2,1,0,2,1,15,5,,3,PAUL DOUMER (RUE),0,,2,2,0,1,23,50,1,, -1,1,0,1,50,5,9,2021,11:44,1,10,10362,2,2,0,6,PAUL DOUMER (RUE),48.28951,4.04666,11,2,2
202100022871,160Â 735,B01,1,1,1,5,2,9,6,0,0,-1,2021,16.0,1,1,0,2,8,1,1,,3,979,-1,,3,4,0,1,2,0,1,, -1,1,5,8,50,21,8,2021,21:50,5,71,71176,2,2,0,3,Avenue du General de Gaulle,46.483159,3.985527,21,2,2
202100047389,117Â 063,A01,10,3,2,9,0,-1,-1,4,3,1,2021,66.0,3,5,0,1,3,15,1,,4,RUE DE LA POMPE,0,,1,2,0,1,(1),(1),1,, -1,1,0,1,50,9,3,2021,20:36,5,75,75116,2,2,0,6,RUE DE LA POMPE,48.870213,2.282807,20,2,1
202100038417,132Â 972,A01,1,1,2,0,2,8,-1,-1, -1,-1,2021,31.0,3,1,0,0,0,26,3,,9,,0,,-1,0,3,1,0,0,1,, -1,2,0,1,20,25,5,2021,20:50,2,92,92062,2,1,1,7,PYAT (RUE FELIX),48.8897034423,2.2328851552,20,1,1
202100012204,179Â 902,A01,10,3,2,2,0,-1,-1,1,3,1,2021,12.0,1,2,0,1,3,1,1,,4,OURS-MONS (AV. D'),0,,2,2,0,1,(1),(1),1,, -1,1,0,1,50,19,10,2021,08:35,1,43,43157,2,1,0,6,54 Avenue dââOurs Mons,45.0381,3.9013,8,2,1
202100048003,115Â 934,B01,1,1,2,0,1,0,-1,-1, -1,-1,2021,28.0,2,2,0,2,4,2,1,,1,A50 TUNNEL TUBE NORD,0,,1,2,0,1,71,199,1,, -1,1,1,1,70,14,3,2021,12:40,1,83,83137,1,1,0,2,A50 TUNNEL TUBE NORD,43.1209136994,5.9434640408,12,2,2
202100010493,182Â 967,A01,10,3,2,0,0,-1,-1,9,2,1,2021,81.0,1,2,0,1,1,15,1,,4,MONT USSY (RUE DU),0,,1,1,0,1,(1),(1),1,, -1,1,0,1,50,28,10,2021,18:05,1,77,77186,2,1,0,6,MONT USSY (RUE DU),48.41481,2.70171,18,2,1
202100047286,117Â 240,A01,1,1,1,5,2,-1,-1,0,0,-1,2021,49.0,1,1,0,2,1,2,1,,3,813,-1,,2,2,0,1,10,800,1,, -1,1,0,1,50,20,3,2021,16:20,1,47,47051,2,1,0,2,Route de Siailles,44.180196,0.675396,16,3,2
202100034507,140Â 046,A01,1,1,2,0,1,-1,-1,0,0,-1,2021,22.0,1,2,8,2,7,19,1,,3,7,-1,B,2,2,0,3,(1),(1),1,, -1,1,5,1,80,7,6,2021,13:00,1,87,87146,1,2,0,3,le martoulet,45.581465,1.468788,13,2,2
202100011854,180Â 535,B01,1,1,1,4,2,6,-1,0,0,-1,2021,34.0,1,1,0,2,1,1,1,,4,PLACE DE LA BASTILLE,0,,2,2,0,1,(1),(1),3,, -1,2,0,1,30,21,10,2021,04:08,5,75,75111,2,7,1,1,PLACE DE LA BASTILLE,48.8535315274,2.3693400621,4,2,2
202100006453,190Â 263,A01,1,1,2,4,1,4,-1,0,0,-1,2021,35.0,1,2,0,2,1,1,1,,4,PORTE DES LILAS,0,,1,4,0,1,27,800,1,, -1,1,1,1,70,24,11,2021,18:48,5,75,75119,2,1,0,4,PORTE DES LILAS,48.881,2.403653,18,3,3
202100030661,146Â 949,A01,3,2,2,5,1,-1,-1,0,0,-1,2021,22.0,1,2,0,0,8,1,1,,3,859,0,D,2,2,0,2,(1),(1),2,, -1,1,0,3,70,6,7,2021,06:05,2,201,201247,1,1,0,7,Route de Piccovaggia,41.59314,9.315226,6,3,1
202100008853,185Â 915,A01,1,1,2,2,1,8,-1,-1, -1,-1,2021,21.0,2,2,0,2,1,1,0,,3,SONIA DE LAUNAY (VOI),0,,2,2,0,4,1,0,1,, -1,1,0,1,50,6,11,2021,11:52,1,94,94017,2,1,0,2,Voie Sonia Delaunay,48.81307,2.52962,11,2,2
202100040458,129Â 289,B01,2,2,1,4,1,0,-1,-1, -1,-1,2021,48.0,2,2,0,2,1,1,1,,3,ROBERT SCHUMAN (AVENUE),0,,3,6,0,1,1,605,1,, -1,2,0,1,50,10,5,2021,10:50,1,86,86194,2,3,1,3,Avenue Robert Schuman,46.589347,0.359891,10,3,2
202100010759,182Â 500,A01,1,1,1,5,2,6,-1,0,0,-1,2021,28.0,1,1,0,0,0,1,1,,3,84,0,D,2,2,0,1,1,500,1,, -1,1,0,1,50,28,10,2021,01:00,5,201,201198,2,1,0,7,D84 porto,42.268342,8.693801,1,1,1
202100011300,181Â 538,A01,1,1,1,5,0,-1,-1,0,0,-1,2021,39.0,0,1,0,0,0,1,1,,2,91,0,,2,2,0,1,21,0,1,, -1,2,0,1,60,21,10,2021,18:30,3,987,98729,2,1,1,7,pk 21,-17.533189,-149.838611,18,1,1
202100010557,182Â 861,B01,1,1,1,9,2,6,-1,0,0,-1,2021,35.0,2,1,0,2,1,1,1,,4,RUE JOUFFROY D ABBANS,0,,2,2,0,1,(1),(1),1,, -1,1,0,1,30,28,10,2021,17:40,1,75,75117,2,4,0,3,RUE JOUFFROY D ABBANS,48.886327,2.310849,17,2,2
202100041509,127Â 415,B01,1,1,2,0,1,0,-1,-1, -1,-1,2021,55.0,1,2,0,2,6,1,1,,2,147 (ROUTE NATIONALE),0,,3,4,0,1,64,100,1,, -1,1,0,1,110,3,5,2021,08:30,1,86,86158,1,1,0,3,N147,46.628893,0.295558,8,2,2
202100032238,144Â 139,B01,1,1,1,0,2,6,-1,-1, -1,-1,2021,37.0,2,1,0,2,1,13,1,,2,kaweni-Kaweni nord ( Z I ),0,,2,0,0,1,0,0,1,, -1,1,0,1,50,25,6,2021,16:55,1,976,97611,2,1,0,3,kaweni-Kaweni nord ( Z I ),-12.77166,45.223,16,2,2
202100051828,109Â 064,B01,1,1,2,0,1,0,-1,-1, -1,-1,2021,43.0,1,2,1,2,1,1,1,,4,LILAS (ALL DES),0,,2,2,0,1,0,0,1,, -1,1,0,1,30,11,2,2021,17:00,2,94,94076,2,1,0,1,LILAS (ALL DES),48.781811,2.364028,17,2,2
202100026600,154Â 156,B01,1,1,1,0,2,6,-1,-1, -1,-1,2021,21.0,2,1,0,2,8,9,0,,1,AUTOROUTE A3,0,,3,6,0,2,10,399,2,, -1,1,0,1,70,29,7,2021,09:25,1,93,93007,1,1,0,3,AUTOROUTE A3,48.92689,2.48133,9,2,2
202100023169,160Â 204,A01,2,2,1,5,1,-1,-1,0,0,-1,2021,29.0,2,2,0,0,0,1,1,,2,12,-1,,3,2,0,1,1,278,1,, -1,1,0,1,110,21,8,2021,21:00,2,61,61429,1,1,0,7,RN 12,48.666478,0.783849,21,2,1
202100009903,183Â 991,A01,2,2,2,0,1,0,-1,-1, -1,-1,2021,17.0,1,2,0,2,3,1,1,,3,SOULT (AVENUE MARECHAL),0,,3,4,0,1,7,645,1,, -1,1,0,1,50,1,11,2021,16:50,1,64,64102,2,1,0,2,SOULT (AVENUE MARECHAL),43.48736,-1.4848,16,4,2
202100014984,174Â 922,B01,1,1,1,2,2,6,-1,-1, -1,-1,2021,17.0,2,1,0,2,7,17,1,,7,FAVEYROLLES (ROUTE DE),0,,2,2,0,2,3,0,1,, -1,1,0,1,50,5,10,2021,08:10,1,83,83090,2,1,0,3,FAVEYROLLES (ROUTE DE),43.13809,5.87857,8,2,2
202100055430,102Â 769,A01,1,1,2,1,8,0,-1,-1, -1,-1,2021,26.0,2,2,0,2,0,11,1,,1,A4,0,,-1,4,0,1,10,500,1,, -1,2,0,1,110,12,1,2021,10:50,1,94,94079,1,1,1,7,A4,48.82838,2.5271,10,2,2
202100050850,110Â 790,B01,2,2,1,5,1,0,-1,-1,0,-1,2021,54.0,2,2,0,2,6,2,1,,1,AUTOROUTE A3,0,,3,-1,0,1,15,399,1,, -1,1,0,1,90,19,2,2021,11:15,1,95,95277,1,1,0,3, A3,48.9701404506,2.4818328249,11,3,2
202100046538,118Â 597,B01,1,1,1,1,1,0,-1,-1, -1,-1,2021,42.0,2,2,0,2,4,15,1,,2,RN 122 ( LA SABLIERE),0,,2,2,0,1,46,923,1,, -1,1,0,1,50,26,3,2021,08:05,1,15,15014,2,1,0,2,avenue Charles de Gaulle,44.90775,2.42122,8,2,2
202100047131,117Â 521,A01,1,1,1,0,2,0,-1,-1, -1,-1,2021,21.0,2,1,0,2,1,26,0,,4,GOUDES (CHEMIN DES),0,,2,2,0,1,(1),(1),1,, -1,1,0,1,50,21,3,2021,17:00,1,13,13208,2,1,0,1,GOUDES (CHEMIN DES),43.226052,5.348336,17,3,2
202100031271,145Â 845,A01,1,1,1,5,1,-1,-1,0,0,-1,2021,20.0,3,2,13,0,8,1,1,,4,,0,,-1,1,0,1,(1),(1),1,,3,1,0,3,50,3,7,2021,00:32,3,4,4245,1,1,0,6,Chemin de Pietramal,43.869714,5.829867,0,2,1
202100018694,168Â 230,A01,1,1,1,4,1,8,-1,-1, -1,-1,2021,44.0,1,5,0,2,4,2,1,,1,A507 sens Marseille - Aubagne,0,,1,3,0,1,7,900,1,, -1,1,1,1,70,15,9,2021,08:20,1,13,13055,1,1,0,4,A507 sens Marseille - Aubagne,43.28971,5.4244,8,3,3
202100043562,123Â 800,B01,1,1,1,4,2,6,-1,-1, -1,-1,2021,52.0,3,1,0,2,1,1,1,,4,R RENE ARCOS,0,,2,4,0,1,1,0,1,, -1,1,0,1,50,17,4,2021,12:50,1,94,94028,2,2,0,3,Rue RenÃ© Arcos,48.77777,2.46179,12,2,2
202100003767,195Â 025,A01,1,1,1,5,1,-1,-1,0,0,-1,2021,63.0,2,2,8,0,6,4,1,,3,228,-1,,2,2,0,2,2,500,1,, -1,1,0,3,50,7,12,2021,11:50,1,51,51181,2,1,0,7,Rue Laurent Laine,49.264535,3.840054,11,1,1
202100049279,113Â 673,B01,1,1,1,5,8,0,-1,0,0,-1,2021,28.0,1,1,0,2,1,1,3,,4,RUE DU CHATEAU DES RENTIERS,0,,1,1,2,2,(1),(1),1,, -1,1,-1,5,30,4,3,2021,17:15,1,75,75113,2,2,0,3,RUE DU CHATEAU DES RENTIERS,48.8283,2.367253,17,2,2
202100049277,113Â 677,A01,1,1,1,4,1,0,-1,0,0,-1,2021,38.0,1,5,11,0,1,1,1,,4,RUE DE LA CHAPELLE,0,,2,6,3,1,(1),(1),1,, -1,2,0,1,30,4,3,2021,00:40,5,75,75118,2,2,1,6,RUE DE LA CHAPELLE,48.897128,2.359531,0,1,1
202100019034,167Â 616,B01,1,1,1,0,2,6,-1,-1, -1,-1,2021,38.0,2,1,0,2,3,2,1,,3,106,0,,3,2,1,2,0,0,1,, -1,2,0,1,50,14,9,2021,09:05,1,92,92026,2,9,1,3,HÃTEL DE VILLE (RUE),48.894843849,2.2567409277,9,2,2
202100019438,166Â 891,A01,10,3,1,0,0,-1,-1,2,5,2,2021,4.0,2,2,0,1,3,1,1,,4,,0,,2,2,0,1,(1),(1),1,,"5,4",1,0,1,50,10,9,2021,11:35,1,79,79049,2,1,0,7,42 Boulevard Alexandre 1er,46.839826,-0.49763,11,2,1
202100052346,108Â 145,A01,1,1,1,0,0,-1,-1,0,0,-1,2021,38.0,1,2,12,0,9,1,1,,3,900,-1,,2,2,0,1,34,973,1,, -1,1,0,8,80,6,2,2021,21:49,3,50,50267,1,6,0,7,Route du Pont de l'Enfer,49.230392,-1.534234,21,1,1
202100007176,188Â 928,A01,1,1,1,5,1,0,-1,-1, -1,-1,2021,92.0,3,2,0,2,2,2,1,,3,D619,0,,2,2,0,1,52,877,1,, -1,1,0,1,90,14,11,2021,16:55,1,77,77532,1,1,0,6,D619,48.560754,3.221092,16,6,2
202100013120,178Â 293,A01,10,3,2,3,0,-1,-1,4,3,1,2021,23.0,2,2,0,1,1,16,1,,3,EDOUARD HERRIOT (AV),0,,3,1,0,1,1,0,1,, -1,1,6,1,30,15,10,2021,15:45,1,94,94034,2,1,0,6,Avenue Edouard Herriot,48.75598,2.3281,15,6,1
202100029310,149Â 372,A01,1,1,1,5,1,-1,-1,0,0,-1,2021,23.0,1,2,2,0,1,19,1,,3,DEBARQUEMENT (ROND POINT DU ),0,,1,2,0,1,1,0,3,, -1,2,3,3,50,11,7,2021,06:30,1,14,14566,2,6,0,6,D401,49.20316,-0.39156,6,1,1
202100044800,121Â 633,A01,1,1,1,5,2,0,-1,-1, -1,-1,2021,30.0,1,1,0,2,1,1,1,,3,THURE (RUE DE),0,,2,2,0,1,22,700,1,, -1,1,0,1,50,6,4,2021,17:40,1,86,86066,2,2,0,3,Rue FrÃ©dÃ©ric Mistral,46.8172,0.53169,17,2,2
202100008867,185Â 891,A01,4,2,1,0,0,-1,-1,0,0,-1,2021,20.0,3,2,6,0,2,1,1,,4,9,0,,2,2,0,1,(1),(1),1,, -1,1,0,1,50,9,11,2021,02:45,3,988,98810,1,1,1,7,Tribu de boaoui,-20.680771,164.452758,2,4,1
202100007359,188Â 599,A01,1,1,2,4,8,0,-1,-1, -1,-1,2021,32.0,1,2,8,0,1,15,1,,4,DEGEYTER (PLACE),0,,1,1,0,1,0,0,2,, -1,1,0,1,50,19,11,2021,14:05,1,93,93078,2,1,0,6,DEGEYTER (PLACE),48.94701,2.56276,14,1,1