Num_Acc,id_vehicule,num_veh,place,catu,sexe,trajet,secu1,secu2,secu3,locp,actp,etatp,year_acc,victim_age,senc,catv,obs,obsm,choc,manv,motor,occutc,catr,voie,v1,v2,circ,nbv,vosp,prof,pr,pr1,plan,lartpc,larrout,surf,infra,situ,vma,jour,mois,an,hrmn,lum,dep,com,agg_,int,atm,col,adr,lat,long,hour,nb_victim,nb_vehicules
202100027222,153Â 059,B01,1,1,1,0,2,6,-1,0,0,-1,2021,24.0,1,1,0,2,1,1,1,,4,BASTIE MARYSE,0,,2,2,0,1,(1),(1),1,, -1,1,0,1,50,24,7,2021,09:55,1,6,6029,2,1,0,1,BASTIE MARYSE,43.55275,6.95702,9,2,2
202100045065,121Â 177,A01,1,1,1,5,2,-1,-1,0,0,-1,2021,44.0,2,1,0,0,0,0,5,,3,D82,-1,,3,2,0,1,12,465,3,, -1,1,0,1,70,2,4,2021,16:50,1,31,31424,1,6,0,7,Route de Colomiers,43.592087,1.285298,16,1,1
202100049333,113Â 580,B01,1,1,1,5,1,-1,-1,0,0,-1,2021,36.0,2,2,0,2,8,9,1,,4,257,0,D,2,2,0,1,1,787,1,, -1,1,5,1,80,5,3,2021,09:20,1,33,33487,1,2,0,3,D257,44.95981,-0.483651,9,2,2
202100025293,156Â 447,B01,2,2,1,4,1,0,-1,-1, -1,-1,2021,42.0,1,2,0,2,4,2,1,,4,GIRAUDEAU (RUE),0,,2,2,0,1,(1),(1),1,, -1,1,0,1,50,5,8,2021,19:53,1,37,37261,2,1,0,2,GIRAUDEAU (RUE),47.386639345,0.6766115829,19,4,2
202100009706,184Â 353,B01,1,1,1,0,2,6,-1,-1, -1,-1,2021,35.0,2,1,0,2,0,0,1,,1,AUTOROUTE A1,0,,-1,6,0,1,195,0,1,, -1,1,0,1,130,22,10,2021,07:40,1,59,59123,1,1,0,6,AUTOROUTE A1,50.500747,3.00838,7,2,2
202100019668,166Â 493,A01,10,3,1,0,0,-1,-1,1,3,1,2021,11.0,1,2,0,1,1,1,1,,4,MOSELLE (RUE DE LA),0,,2,2,0,1,(1),(1),1,, -1,1,0,1,50,9,9,2021,17:40,1,54,54304,2,1,0,6,MOSELLE (RUE DE LA),48.6989985298,6.134729938,17,2,1
202100047232,117Â 335,B01,2,2,2,9,2,6,-1,-1, -1,-1,2021,57.0,3,1,0,2,8,0,1,,4,Edmond PIRIAN (rue),0,,1,1,0,2,(1),(1),1,, -1,1,5,1,50,20,3,2021,17:40,1,13,13212,2,2,0,3,Edmond PIRIAN (rue),43.3074,5.4249,17,3,2
202100013454,177Â 691,A01,3,2,2,5,1,-1,-1,0,0,-1,2021,75.0,1,2,0,2,5,15,1,,3,990,0,,2,2,3,2,23,600,1,, -1,1,5,1,80,14,10,2021,12:50,1,36,36030,1,4,0,3,,46.617021,1.77706,12,6,2
202100014223,176Â 270,A01,10,3,2,3,0,-1,-1,1,3,-1,2021,55.0,1,2,0,1,1,1,1,,4,PINCE VENT (AV DE),0,,2,2,0,1,1,0,1,, -1,1,0,1,50,9,10,2021,12:40,1,94,94019,2,1,0,6,Avenue de Pince Vent,48.79461,2.55812,12,2,1
202100033846,141Â 259,A01,1,1,1,0,8,0,-1,-1, -1,-1,2021,15.0,2,1,0,2,1,16,5,,4,MAS SOUCHON,0,,2,2,0,2,0,0,1,, -1,1,0,1,30,15,6,2021,12:10,1,30,30189,2,3,0,3,MAS SOUCHON,43.8536,4.3933,12,2,2
202100019868,166Â 128,A01,1,1,1,0,2,0,-1,-1, -1,-1,2021,18.0,0,1,6,0,0,26,1,,3,CHAMBORD (ROUTE DE),0,,2,2,0,1,3,627,1,, -1,1,0,3,70,5,9,2021,18:00,1,41,41295,1,1,0,6,CHAMBORD (ROUTE DE),47.57622,1.399231,18,1,1
202100016123,172Â 822,A01,10,3,1,0,0,-1,-1,1,1,1,2021,66.0,1,2,0,1,2,16,1,,4,Robert Jarry (Bd),0,,2,2,0,1,0,0,1,, -1,1,0,1,50,27,9,2021,15:25,1,72,72181,2,6,0,6,Robert Jarry (Bd),47.99677,0.19077,15,2,1
202100046058,119Â 421,A01,10,3,1,0,8,8,-1,2,3,1,2021,33.0,1,5,0,1,1,1,1,,2,m'tsapere-Nationale 2 (route),0,,2,0,0,1,1,620,1,, -1,1,0,1,50,27,1,2021,05:35,2,976,97611,2,1,0,6,m'tsapere-Nationale 2 (route),-12.78698,45.22551,5,2,1
202100018151,169Â 168,B01,1,1,1,5,2,6,-1,-1, -1,-1,2021,47.0,1,1,0,2,2,13,1,,2,CHURCHILL (AVENUE WINSTON),0,,2,2,0,2,0,0,1,, -1,1,0,1,50,18,9,2021,10:00,1,28,28134,2,1,0,6,CHURCHILL (AVENUE WINSTON),48.7384,1.3838,10,4,2
202100031444,145Â 541,B01,1,1,1,0,8,0,-1,-1, -1,-1,2021,45.0,1,2,0,2,1,15,5,,4,101,0,,2,2,1,1,0,0,1,, -1,1,0,1,50,30,6,2021,19:40,1,92,92012,2,3,0,3,PIERRE GRENIER (AVENUE),48.8328510385,2.2535641242,19,2,2
202100038456,132Â 906,B01,2,2,2,5,2,6,-1,0,0,-1,2021,44.0,0,1,0,2,1,1,1,,4,274,0,D,2,2,1,1,(1),(1),1,, -1,1,0,1,50,22,5,2021,16:45,1,17,17140,1,9,0,2,Avenue de la Grande Baie,45.9012458737,-1.2948846816,16,3,2
202100014162,176Â 379,B01,1,1,2,0,1,-1,-1,-1, -1,-1,2021,47.0,2,2,0,2,3,2,1,,2,POMMERY (BOULEVARD),0,,-1,4,0,1,19,1100,1,, -1,1,0,1,50,9,10,2021,16:05,1,51,51454,2,2,0,3,Boulevard Pommery,49.25044,4.05272,16,4,2
202100044824,121Â 594,A01,1,1,1,0,8,-1,-1,-1, -1,-1,2021,61.0,0,1,0,0,1,2,5,,4,SOLFERINO (BD),0,,2,2,0,1,(1),(1),1,, -1,1,0,1,50,7,4,2021,08:50,1,35,35238,2,9,0,7,SOLFERINO (BD),48.10494,-1.6671,8,1,1
202100026237,154Â 803,B01,10,3,1,5,0,-1,-1,1,B,1,2021,61.0,1,2,0,1,1,0,1,,3,117,0,A,2,2,0,1,59,450,1,, -1,1,0,1,80,31,7,2021,01:35,3,9,9042,1,1,0,1,rd 117 pk 59+450,43.009715,1.413889,1,3,2
202100022491,161Â 428,A01,1,1,1,5,0,-1,-1,0,0,-1,2021,20.0,1,2,4,0,1,1,1,,3,32,0,D,2,2,0,2,24,900,1,, -1,1,0,8,80,25,8,2021,20:50,3,74,74034,1,1,0,6,Rte du Col,46.28513,6.640157,20,2,1
202100036474,136Â 504,Z01,10,3,1,4,8,-1,-1,2,3,1,2021,70.0,2,1,0,1,3,1,1,,4,BOULEVARD DE BELLEVILLE,0,,1,4,1,1,(1),(1),1,, -1,2,0,1,30,4,6,2021,07:45,1,75,75111,2,1,1,6,BOULEVARD DE BELLEVILLE,48.868403,2.381184,7,2,1
202100001410,199Â 255,A01,2,2,1,5,2,6,-1,0,0,-1,2021,17.0,1,1,0,2,1,16,1,,4,,-1,,1,2,1,1,(1),(1),1,,4,2,0,1,30,26,12,2021,17:20,2,37,37050,2,3,1,1,34 Rue de la Plaine,47.3424855464,0.7148952037,17,3,2
202100046958,117Â 840,A01,1,1,2,9,8,0,-1,-1, -1,-1,2021,19.0,2,1,1,0,1,17,5,,3,AV DE FONTAINEBLEAU,0,,2,5,3,1,1,0,1,, -1,1,0,6,50,23,3,2021,11:25,1,94,94043,2,1,0,6,FONTAINEBLEAU (AV DE),48.81481,2.36099,11,1,1
202100043312,124Â 242,A01,10,3,2,5,8,8,-1,3,3,1,2021,40.0,3,0,0,1,1,1,0,,4,ROSE DES VENTS,0,,2,2,0,1,0,0,1,, -1,1,0,1,30,20,4,2021,18:50,1,77,77067,2,1,0,6,ROSE DES VENTS,48.57117,2.60011,18,2,1
202100045772,119Â 933,A01,1,1,1,5,2,0,-1,0,0,-1,2021,17.0,1,1,0,2,1,1,1,,4,GUILLOU (BOULEVARD YVES),0,,2,4,0,1,1,0,1,, -1,1,0,1,50,30,3,2021,18:15,1,14,14118,2,3,0,3,Boulevard Yves Guillou,49.17236,-0.3812,18,2,2
202100016255,172Â 575,A01,1,1,1,5,1,0,-1,-1, -1,-1,2021,48.0,2,2,9,0,1,15,1,,3,STALINGRAD (AV DE),0,,-1,2,0,1,1,0,1,, -1,1,5,4,50,29,9,2021,14:50,1,94,94021,2,5,0,6,STALINGRAD (AV DE),48.76895,2.36779,14,1,1
202100029360,149Â 291,A01,7,2,1,0,1,-1,-1,0,0,-1,2021,19.0,1,2,0,0,1,1,1,,3,74,-1,,2,2,0,2,6,401,2,, -1,1,0,3,50,12,7,2021,23:15,4,44,44071,2,1,0,7,Rue de la BonodiÃ¨re,47.213104,-1.431173,23,2,1
202100013233,178Â 087,B01,1,1,1,5,8,0,-1,-1, -1,-1,2021,43.0,1,1,0,2,8,5,0,,4,SANGNIER (RUE MARC),0,,2,2,0,1,0,1,1,, -1,1,0,1,50,14,10,2021,15:00,1,74,74008,2,1,0,3,SANGNIER (RUE MARC),46.1976564357,6.222547653,15,2,2
202100047816,116Â 285,B01,1,1,2,0,1,0,-1,-1, -1,-1,2021,52.0,2,2,0,2,1,1,1,,4,CROZET (AVENUE LOUIS ),0,,2,2,0,2,(1),(1),1,, -1,1,0,1,50,16,3,2021,20:00,5,13,13028,2,1,0,1,CROZET (AVENUE LOUIS ),43.17964,5.599495,20,2,2
202100023957,158Â 811,B01,1,1,1,5,2,-1,-1,0,0,-1,2021,62.0,3,0,0,2,8,1,3,,4,,0,,2,2,0,1,(1),(1),1,,4,1,0,1,50,16,8,2021,11:00,1,85,85047,2,1,0,3,Le Clousis,46.810649,-1.83388,11,2,2
202100029994,148Â 181,A01,2,1,1,5,2,0,-1,-1, -1,-1,2021,16.0,1,1,0,2,3,17,1,,7,ROSE (AVENUE DE LA),0,,2,2,0,1,0,0,1,, -1,1,0,1,50,8,7,2021,16:30,1,13,13213,2,1,0,1,ROSE (AVENUE DE LA),43.32923,5.42768,16,2,2
202100031861,144Â 807,B01,1,1,1,2,2,0,-1,-1, -1,-1,2021,13.0,1,0,0,2,3,9,3,,3,GAMBETTA (R LEON),0,,2,2,0,1,10,390,3,, -1,1,5,1,50,1,6,2021,08:20,1,62,62624,2,6,0,3,GAMBETTA (R LEON),50.425106,2.999064,8,2,2
202100050643,111Â 163,B01,1,1,1,5,0,-1,-1,0,0,-1,2021,10.0,0,1,0,2,7,26,5,,3,19,0,D,2,2,0,1,9,500,2,, -1,1,0,1,50,21,2,2021,16:35,1,69,69208,1,2,0,3,D19,45.874352,4.603827,16,2,2
202100040004,130Â 088,A01,1,1,1,0,8,-1,-1,0,0,-1,2021,72.0,2,2,3,0,9,1,1,,1,9,0,A,1,4,3,1,15,280,1,, -1,2,0,2,130,15,5,2021,09:25,1,30,30221,1,1,1,7,AUTOROUTE A9,44.019368,4.733369,9,1,1
202100049243,113Â 735,A01,1,1,1,5,2,0,-1,-1, -1,-1,2021,56.0,1,1,0,2,1,7,1,,4,VAILLANT (R EDOUARD),0,,-1,2,0,1,(1),(1),1,, -1,2,0,1,50,28,2,2021,17:30,2,62,62771,2,1,1,3,VAILLANT (R EDOUARD),50.41975,2.867411,17,2,2
202100011585,181Â 018,A01,5,2,1,5,1,0,-1,-1, -1,-1,2021,19.0,3,2,13,0,5,1,1,,4,CHAMPIGNY (ROUTE DE) D 145,0,,2,2,0,1,0,0,4,, -1,2,0,1,80,21,10,2021,22:20,3,49,49328,1,1,0,6,CHAMPIGNY (ROUTE DE) D 145,47.23882,-0.04347,22,5,1
202100032586,143Â 525,A01,1,1,1,5,2,-1,-1,0,0,-1,2021,22.0,2,1,0,2,1,21,1,,3,13,0,,2,2,0,1,27,20,1,, -1,1,0,1,90,25,6,2021,17:20,1,52,52110,1,1,0,2,4 Route de Baudrecourt,48.387568,4.98524,17,2,2
202100029379,149Â 262,A01,1,1,2,5,1,-1,-1,0,0,-1,2021,64.0,1,2,13,0,1,1,1,,3,6,-1,,2,2,0,2,13,0,1,, -1,1,0,3,50,8,7,2021,19:45,1,40,40269,2,1,0,7,Route de Peyrehorade,43.606585,-1.136495,19,1,1
202100000445,200Â 909,A01,3,2,2,5,1,0,-1,-1, -1,-1,2021,9.0,3,2,6,0,1,13,1,,4,ARLANDAZ (ROUTE DE L'),0,,-1,2,0,1,(1),(1),2,, -1,1,0,3,30,17,9,2021,23:36,4,73,73011,2,1,0,6,ARLANDAZ (ROUTE DE L'),45.671911,6.37224,23,4,1
202100043236,124Â 375,A01,1,1,1,5,2,6,-1,0,0,-1,2021,48.0,1,1,11,0,1,1,1,,2,10,-1,,2,2,0,1,142,210,3,, -1,1,9,3,50,22,4,2021,18:20,1,202,202286,2,1,0,6,Querciolo,42.487238,9.479603,18,1,1
202100035217,138Â 750,B01,1,1,1,4,2,-1,-1,-1, -1,-1,2021,32.0,1,1,0,2,2,1,1,,4,PROFESSEUR PAUL SISLEY (DU)         (R ),0,,1,1,2,1,(1),(1),1,, -1,1,0,1,50,10,6,2021,14:45,1,69,69383,2,3,0,3,PROFESSEUR PAUL SISLEY (DU) (R),45.75121,4.86859,14,2,2
202100012840,178Â 772,A01,1,1,1,4,8,0,-1,-1, -1,-1,2021,21.0,3,0,0,2,1,1,3,,4,VERN (DE),0,,2,4,3,2,0,0,1,, -1,1,0,1,50,16,10,2021,11:25,1,35,35238,2,3,0,3,VERN (DE),48.09709,-1.65378,11,2,2
202100030622,147Â 019,A01,1,1,2,5,0,-1,-1,0,0,-1,2021,52.0,1,1,1,0,7,14,0,,3,D945,-1,,2,2,0,1,14,430,1,, -1,1,0,4,50,15,6,2021,22:15,5,62,62736,2,1,0,3,1173 Rue de la Lys,50.658544,2.770863,22,2,2
202100011886,180Â 478,C01,1,1,1,5,0,-1,-1,0,0,-1,2021,64.0,2,1,0,2,8,19,3,,3,52,-1,,2,2,0,1,7,358,1,, -1,1,9,1,50,22,10,2021,15:40,1,43,43040,2,1,0,6,52 Avenue dâAuvergne,45.30362,3.37827,15,3,3
202100015002,174Â 889,A01,1,1,1,5,2,8,-1,-1, -1,-1,2021,14.0,1,1,0,2,1,1,1,,4,ACACIAS (RUE DES) NÂ°2 A 16 ET 1 A 3,0,,2,2,0,1,(1),(1),1,, -1,1,0,1,50,4,10,2021,13:35,1,71,71153,2,1,0,2,ACACIAS (RUE DES) NÂ°2 A 16 ET 1 A 3,46.7994026308,4.4230392597,13,2,2
202100001583,198Â 980,A01,10,3,1,0,0,-1,-1,1,3,1,2021,10.0,2,2,0,1,3,26,1,,4,REPUBLIQUE (DE LA)                  (R ),0,,2,2,0,1,(1),(1),1,, -1,1,0,1,50,22,12,2021,17:30,5,69,69256,2,1,1,6,Rue de la RÃ©publique,45.784620289,4.9323651195,17,4,1
202100043217,124Â 408,A01,1,1,1,1,2,0,-1,-1, -1,-1,2021,43.0,3,1,0,2,1,26,3,,3,101,0,,1,2,0,1,0,0,1,, -1,1,0,1,50,21,4,2021,07:45,1,92,92040,2,7,0,3,RESISTANCE (PLACE DE LA),48.82141,2.2505,7,2,2
202100053286,106Â 486,A01,1,1,1,5,0,-1,-1,0,0,-1,2021,25.0,1,5,6,0,1,0,1,,4,,0,,2,2,0,2,(1),(1),1,, -1,2,0,1,50,30,1,2021,03:50,3,45,45113,2,1,1,6,110 Route des Chopilles,48.0494840578,2.9361396432,3,2,1
202100017740,169Â 915,B01,7,2,1,2,1,-1,-1,0,0,-1,2021,15.0,1,3,0,2,3,1,1,17.0,4,,-1,,2,2,0,1,(1),(1),1,, -1,1,0,1,50,21,9,2021,17:15,1,56,56024,2,1,0,1,Rue du PrÃ©sident Pompidou,48.058452,-2.689373,17,17,2
202100039451,131Â 090,A01,10,3,1,0,8,8,-1,2,B,1,2021,24.0,2,0,0,1,1,0,0,,4,RUE DE LA CONTRIE,0,,2,2,0,1,(1),(1),1,, -1,1,0,1,30,18,5,2021,22:40,5,44,44109,2,1,0,6,RUE DE LA CONTRIE,47.22031,-1.59857,22,2,1
202100014135,176Â 419,B01,1,1,1,0,2,-1,-1,-1, -1,-1,2021,20.0,1,1,0,2,1,1,1,,4,JEAN MOULIN                         (QU),0,,2,5,3,1,(1),(1),1,, -1,1,0,1,50,9,10,2021,14:13,1,69,69382,1,2,0,3,JEAN MOULIN (Q),45.7650331865,4.8380827904,14,2,2
202100020311,165Â 331,B01,2,2,1,0,1,0,-1,-1, -1,-1,2021,24.0,3,2,0,2,4,1,1,,5,TUNNEL PRADO SUD,0,,1,1,0,1,0,0,1,, -1,1,0,1,50,7,9,2021,03:20,5,13,13208,2,1,0,2,TUNNEL PRADO SUD,43.28,5.39,3,3,2
202100012740,178Â 944,A01,1,1,1,1,2,-1,-1,0,0,-1,2021,32.0,2,1,0,2,1,17,1,,2,1,0,,2,2,0,1,45,500,1,, -1,1,0,1,60,14,10,2021,09:35,1,987,98752,1,1,0,3,PK 45+500 RT1,-17.722055,-149.404653,9,2,2
202100030019,148Â 132,B01,1,1,2,1,8,0,-1,0,0,-1,2021,36.0,2,1,0,2,1,1,5,,4,RUE DU CHEMIN VERT,0,,1,-1,0,2,(1),(1),1,, -1,1,0,1,30,8,7,2021,07:35,1,75,75111,2,3,0,3,RUE DU CHEMIN VERT,48.85878,2.373785,7,2,2
202100033596,141Â 714,A01,1,1,2,3,1,0,-1,-1, -1,-1,2021,89.0,2,2,4,0,9,14,1,,4,ALOUETTE (AVENUE),0,,1,2,0,2,(1),(1),1,, -1,2,2,8,50,17,6,2021,18:30,1,37,37261,2,9,1,7,ALOUETTE (AVENUE),47.360455328,0.6972885132,18,1,1
202100045888,119Â 731,A01,10,3,1,0,0,-1,-1,3,3,1,2021,86.0,1,2,0,1,8,19,6,,2,DALADIER (BD EDOUARD),0,,-1,2,0,1,24,500,1,, -1,1,9,1,50,18,3,2021,14:07,1,84,84087,2,1,1,6,DALADIER (BD EDOUARD),44.13872,4.80618,14,2,1
202100026555,154Â 231,B01,1,1,1,1,2,-1,-1,0,0,-1,2021,20.0,1,1,0,2,1,1,1,,3,7,-1,,2,1,0,1,12,93,1,, -1,1,0,1,50,29,7,2021,14:25,1,6,6089,1,1,0,3,2 bis route de grasse,43.665959,6.980379,14,2,2
202100015540,173Â 906,A01,1,1,1,0,2,6,-1,-1, -1,-1,2021,17.0,1,1,0,2,1,1,1,,3,SOULT (AVENUE MARECHAL),0,,3,4,0,2,7,625,1,, -1,1,0,1,50,1,10,2021,12:25,1,64,64102,2,1,0,2,SOULT (AVENUE MARECHAL),43.48745,-1.48463,12,2,2
202100034764,139Â 571,B01,1,1,1,0,1,-1,-1,0,0,-1,2021,53.0,1,2,0,2,8,0,1,,3,CREST ROUTE DE,0,,2,2,0,1,13,500,1,, -1,1,2,1,50,12,6,2021,19:00,1,26,26362,2,9,0,3,Route de Crest ,44.90395,4.924482,19,3,2
202100044469,122Â 206,B01,1,1,1,0,2,0,-1,-1, -1,-1,2021,21.0,3,1,0,2,1,14,1,,4,MIGNARD (RUE),0,,2,2,0,1,0,0,1,, -1,1,9,1,50,10,4,2021,15:55,1,13,13209,2,1,0,3,MIGNARD (RUE),43.26235,5.40234,15,2,2
202100049837,112Â 661,C01,4,2,2,0,1,0,-1,-1, -1,-1,2021,87.0,1,2,0,2,4,2,1,,1,A7-Sens Lyon vers Marseille,0,,1,3,0,2,274,899,1,, -1,2,0,1,90,27,2,2021,17:20,1,13,13215,1,1,1,4,A7-Sens Lyon vers Marseille,43.36885,5.36089,17,10,4
202100024677,157Â 535,A01,2,2,2,0,8,-1,-1,0,0,-1,2021,55.0,0,2,0,0,9,1,1,,7,17,0,D,2,2,0,1,(1),(1),1,, -1,1,0,3,80,12,8,2021,16:00,1,13,13032,1,1,0,7,Route de Pelissanne,43.587976,5.291505,16,2,1
202100019597,166Â 604,A01,1,1,1,5,2,6,-1,0,0,-1,2021,35.0,1,1,0,2,1,1,1,,3,42,-1,,2,2,0,1,41,100,3,, -1,1,0,1,80,11,9,2021,15:40,1,85,85300,1,1,0,1,D42,46.684717,-1.576753,15,2,2
202100008234,186Â 992,B01,1,1,1,4,2,6,-1,0,0,-1,2021,31.0,2,1,0,2,1,1,1,,4,AVENUE DES CHAMPS ELYSEES,0,,2,8,1,2,(1),(1),1,, -1,1,0,1,30,8,11,2021,16:15,1,75,75108,2,1,0,2,AVENUE DES CHAMPS ELYSEES,48.872553,2.298729,16,2,2
202100047610,116Â 652,A01,1,1,1,1,2,0,-1,-1, -1,-1,2021,35.0,2,1,0,0,8,1,5,,4,CHINCHAUVAUD (RUE DU),0,,2,2,0,2,0,0,3,, -1,1,0,1,50,16,3,2021,09:06,1,87,87085,2,1,0,7,CHINCHAUVAUD (RUE DU),45.84156,1.26463,9,1,1
202100045091,121Â 135,A01,1,1,1,0,2,6,-1,0,0,-1,2021,24.0,1,1,2,0,1,1,1,,3,43,-1,,2,2,0,1,(1),(1),2,, -1,1,0,3,80,4,4,2021,19:30,2,59,59571,1,1,0,6,Rue Henri Barbusse,50.179461,3.522288,19,1,1
202100044965,121Â 358,B01,1,1,2,9,0,-1,-1,0,0,-1,2021,27.0,3,1,0,2,1,1,5,,4,AUGE (BOULEVARD DU DR LEON),0,,2,2,3,1,0,0,1,, -1,1,9,6,30,2,4,2021,17:21,1,11,11262,2,1,0,1,AUGE (BOULEVARD DU DR LEON),43.18821,3.00359,17,2,2
202100026813,153Â 794,B01,1,1,1,0,2,-1,-1,-1, -1,-1,2021,50.0,1,1,0,2,1,2,1,,4,KASTLER (RUE ALFRED),0,,2,2,0,1,(1),(1),1,, -1,1,0,1,50,27,7,2021,14:46,1,51,51058,2,3,0,3,Rue Alfred Kastler,49.22062,4.0036,14,3,2
202100056035,101Â 725,B01,1,1,1,1,1,0,-1,0,0,-1,2021,41.0,0,2,1,2,4,23,1,,4,LYONS. ROUTE DE (BRETELLE C),0,,1,2,0,1,(1),(1),1,, -1,1,-1,1,30,11,2,2021,06:20,2,76,76540,2,1,0,2,Rue Dufay,49.4243017981,1.0757777095,6,2,2
202100022410,161Â 586,A01,1,1,2,0,2,-1,-1,0,0,-1,2021,25.0,0,1,8,0,0,1,1,,4,SUZANNE FILACHET (ALLEE),0,,2,1,0,1,(1),(1),1,, -1,1,0,1,50,24,8,2021,16:20,1,80,80021,2,1,0,6,SUZANNE FILACHET (ALLEE),49.9017,2.30376,16,1,1
202100013261,178Â 038,A01,10,3,1,2,0,-1,-1,4,3,2,2021,19.0,1,2,0,1,7,16,1,,4,RUE DU VELODROME DE LONGCHAMP,0,,2,0,0,1,(1),(1),1,, -1,1,0,1,30,14,10,2021,08:30,1,44,44109,2,1,0,6,RUE DU VELODROME DE LONGCHAMP,47.23973,-1.5743,8,2,1
202100017534,170Â 278,A01,1,1,2,1,1,-1,-1,0,0,-1,2021,23.0,1,2,4,0,0,0,1,,1,28,0,A,3,4,0,2,48,500,1,, -1,1,0,1,130,22,9,2021,20:53,3,76,76122,1,1,0,4,AUTOROUTE A 28 PK 48.500 en direction Rouen,49.7959790906,1.5031930216,20,3,3
202100032710,143Â 299,A01,1,1,2,5,1,0,-1,-1, -1,-1,2021,39.0,1,2,0,2,2,9,1,,3,STALINGRAD (AV DE),0,,1,3,1,1,0,0,1,, -1,1,0,1,50,23,6,2021,18:30,1,94,94076,2,9,0,3,STALINGRAD (AV DE),48.784353,2.366969,18,2,2
202100036668,136Â 169,A01,1,1,1,0,2,6,-1,-1, -1,-1,2021,20.0,1,1,0,2,1,5,1,,4,,0,,1,1,0,1,0,0,1,, -1,1,0,1,30,2,6,2021,12:55,1,92,92078,2,1,0,3,PIERRE BROSSOLETTE (RUE),48.933191,2.334111,12,2,2
202100028544,150Â 698,A01,1,1,1,5,2,-1,-1,0,0,-1,2021,34.0,1,1,1,0,3,26,1,,3,0,-1,,2,2,0,1,24,680,1,, -1,1,0,1,50,17,7,2021,19:00,1,26,26357,2,1,0,3,15 Place du Cours,44.285912,4.929589,19,3,2
202100010592,182Â 796,A01,10,3,1,5,0,-1,-1,4,3,2,2021,1.0,2,4,0,1,2,16,6,,4,63,0,,2,2,0,1,0,1,1,, -1,1,5,6,50,28,10,2021,18:00,1,92,92049,2,2,0,6,REPUBLIQUE AVENUE DE LA NÂ°1 A 79,48.815323669,2.3176270723,18,3,1
202100043995,123Â 038,B01,1,1,1,0,2,6,-1,-1, -1,-1,2021,24.0,2,1,0,2,1,3,1,,1,AUTOROUTE A86,0,,3,8,0,1,12,500,1,, -1,1,0,1,90,14,4,2021,17:30,1,93,93066,1,1,0,3,AUTOROUTE A86,48.92555,2.33972,17,2,2
202100001305,199Â 430,A01,2,2,1,5,2,-1,-1,0,0,-1,2021,16.0,0,1,0,2,1,1,1,,3,2204,-1,D,2,2,0,1,9,935,1,, -1,2,5,1,50,28,12,2021,17:38,3,6,6019,2,3,0,1,D2204,43.770358,7.332746,17,3,2
202100043745,123Â 492,B01,1,1,2,1,1,0,-1,-1, -1,-1,2021,36.0,1,2,0,2,2,1,1,,3,7,0,,-1,2,0,1,0,0,1,, -1,1,0,1,50,28,3,2021,07:15,2,91,91174,2,1,0,1,RUE DE PARIS,48.6029,2.4688,7,2,2
202100032125,144Â 326,B01,1,1,1,1,2,6,-1,0,0,-1,2021,25.0,1,1,0,2,6,1,1,,4,ECHANGEUR BERCY,0,,1,4,0,2,34,900,1,, -1,2,0,1,70,26,6,2021,09:05,1,75,75112,2,1,1,3,ECHANGEUR BERCY,48.827581,2.392145,9,2,2
202100005838,191Â 357,A01,4,2,1,5,8,-1,-1,-1, -1,-1,2021,26.0,1,2,2,0,9,0,1,,1,A7   13.970 A 15.270,0,,3,6,0,1,14,899,1,, -1,2,0,8,100,28,11,2021,07:35,2,69,69294,1,1,1,6,A7   13.970 A 15.270,45.63028,4.81779,7,3,1
202100024059,158Â 644,A01,1,1,1,4,1,-1,-1,0,0,-1,2021,39.0,2,4,0,0,9,1,1,,3,96,0,D,2,2,0,1,16,500,1,, -1,1,0,8,80,16,8,2021,07:00,1,70,70567,1,1,0,7,D96,47.544069,6.649159,7,1,1
202100042955,124Â 888,A01,1,1,2,9,1,-1,-1,0,0,-1,2021,49.0,3,2,0,2,8,19,1,,3,122,0,D,2,2,0,2,3,650,1,, -1,1,0,1,80,23,4,2021,18:05,1,80,80411,1,2,0,3,D122 - C204,49.881639,2.560759,18,2,2
202100041575,127Â 287,B01,2,2,1,9,2,6,-1,-1, -1,-1,2021,57.0,3,1,0,2,1,3,1,,3,PARIS (RUE DE),0,,3,8,0,1,0,0,1,, -1,1,5,1,50,3,5,2021,11:09,1,93,93008,2,2,0,3,PARIS (RUE DE),48.89836,2.44162,11,3,2
202100037187,135Â 215,A01,1,1,1,5,2,6,-1,-1, -1,-1,2021,44.0,1,1,0,2,1,2,1,,4,MONTIN (ROUTE DU),0,,2,2,0,1,0,0,1,, -1,1,0,1,70,4,5,2021,12:37,1,87,87050,1,3,0,2,MONTIN (ROUTE DU),45.88077,1.25723,12,2,2
202100001549,199Â 035,B01,3,2,1,5,1,-1,-1,0,0,-1,2021,8.0,1,2,0,2,1,1,1,,2,3,-1,,2,3,0,2,36,0,1,, -1,1,9,1,80,25,12,2021,07:05,1,974,97422,1,3,0,1,Rue Alfred Lacroix,-21.207924,55.567501,7,9,2
202100007689,188Â 009,A01,1,1,1,1,2,0,-1,-1, -1,-1,2021,57.0,2,1,14,0,1,1,1,,4,17,0,,2,2,0,1,0,0,1,, -1,2,0,1,50,17,11,2021,07:15,3,92,92024,2,1,0,6,HENRI BARBUSSE (RUE) DE (1 A 73)   (2 A,48.90111,2.30857,7,1,1
202100044222,122Â 627,A01,1,1,2,5,1,0,-1,-1, -1,-1,2021,34.0,1,2,4,0,2,26,1,,2,RN12,0,,3,6,0,1,19,0,2,, -1,1,0,1,90,13,4,2021,20:45,3,78,78322,1,1,0,6,RN12,48.786923,2.150478,20,1,1