Num_Acc,id_vehicule,num_veh,place,catu,sexe,trajet,secu1,secu2,secu3,locp,actp,etatp,year_acc,victim_age,senc,catv,obs,obsm,choc,manv,motor,occutc,catr,voie,v1,v2,circ,nbv,vosp,prof,pr,pr1,plan,lartpc,larrout,surf,infra,situ,vma,jour,mois,an,hrmn,lum,dep,com,agg_,int,atm,col,adr,lat,long,hour,nb_victim,nb_vehicules
202100034778,139Â 547,A01,10,3,2,5,0,-1,-1,2,3,1,2021,70.0,1,2,0,1,3,1,2,,4,RUE D ASSAS,0,,2,2,0,1,(1),(1),1,, -1,1,0,1,50,12,6,2021,13:00,1,75,75106,2,2,0,6,RUE D ASSAS,48.848974,2.328743,13,2,1
202100002031,198Â 162,A01,1,1,1,0,2,6,-1,-1, -1,-1,2021,25.0,3,1,13,0,7,1,1,,4,GUIGOU ALBERT (CH),0,,2,4,1,1,0,500,4,, -1,7,5,3,50,20,12,2021,11:00,1,13,13001,2,2,1,7,GUIGOU ALBERT (CH),43.4998977501,5.3874930121,11,1,1
202100051415,109Â 785,B01,1,1,2,1,1,-1,-1,-1, -1,-1,2021,22.0,1,2,0,2,4,1,1,,3,ROUTE NATIONALE 6,0,,2,2,0,1,(1),(1),3,, -1,1,5,1,50,15,2,2021,08:05,1,69,69013,2,6,0,2,BEAUJEU (DE) (AV),46.008118061,4.7199100256,8,2,2
202100043648,123Â 655,A01,10,3,1,5,0,-1,-1,2,5,1,2021,70.0,2,1,0,1,1,1,1,,4,RUE RIQUET,0,,1,3,1,1,(1),(1),1,, -1,1,0,1,50,17,4,2021,08:35,1,75,75119,2,5,0,6,RUE RIQUET,48.889245,2.371279,8,2,1
202100014834,175Â 192,A01,10,3,1,9,0,-1,-1,4,3,1,2021,52.0,1,1,0,1,0,1,1,,4,RUE ORDENER,0,,2,2,0,1,(1),(1),1,, -1,1,0,1,30,6,10,2021,19:00,2,75,75118,2,2,0,6,RUE ORDENER,48.892407,2.344991,19,2,1
202100035969,137Â 389,A01,10,3,1,0,0,-1,-1,4,3,1,2021,66.0,2,1,0,1,1,7,5,,3,909,0,,2,3,3,1,0,0,1,, -1,1,0,1,50,7,6,2021,08:15,1,92,92044,2,2,0,6,VIC. HUGO(RUE)091A113 ET 112A146,48.8959113116,2.296461761,8,2,1
202100010273,183Â 345,A01,2,2,2,5,1,0,-1,-1, -1,-1,2021,52.0,2,2,0,2,1,2,1,,1,AUTOROUTE A20,0,,3,4,0,2,183,500,1,, -1,1,0,1,90,27,10,2021,19:25,1,87,87085,2,1,0,2,AUTOROUTE A20,45.8373,1.28313,19,3,2
202100022814,160Â 828,B01,1,1,1,0,-1,0,-1,-1, -1,-1,2021,28.0,1,1,0,2,1,1,1,,3,HUIT MAI 1945   AVENUE DU,0,,3,4,0,1,3,232,1,, -1,1,0,1,50,23,8,2021,15:50,1,17,17200,2,1,0,3,HUIT MAI 1945   AVENUE DU,46.18641,-1.1506,15,2,2
202100028169,151Â 346,A01,1,1,1,4,2,6,-1,0,0,-1,2021,20.0,2,1,0,2,1,2,1,,4,BOULEVARD DE ROCHECHOUART,0,,1,2,0,1,(1),(1),1,, -1,1,0,1,30,19,7,2021,18:00,1,75,75109,2,3,0,2,BOULEVARD DE ROCHECHOUART,48.882166,2.341136,18,2,2
202100006966,189Â 313,A01,1,1,1,5,1,-1,-1,0,0,-1,2021,19.0,1,2,13,0,1,1,1,,3,13,0,D,2,2,0,1,7,830,1,, -1,1,0,3,80,21,11,2021,09:00,1,16,16269,1,1,0,6,d33,45.672484,0.349288,9,1,1
202100012705,179Â 007,B01,1,1,2,5,1,-1,-1,0,0,-1,2021,67.0,1,2,0,2,1,1,1,,2,171,-1,,2,1,0,1,42,669,1,,3,1,0,1,80,13,10,2021,11:05,1,44,44224,1,2,0,3,La Noe de la Barre,47.507401,-1.704542,11,2,2
202100042167,126Â 250,A01,1,1,2,1,1,0,-1,-1, -1,-1,2021,52.0,2,2,0,0,1,14,1,,3,RD 6015,0,,3,4,0,2,90,432,2,, -1,1,0,1,80,26,4,2021,13:30,1,76,76305,1,1,0,6,RD 6015,49.512415697,0.2227413654,13,1,1
202100045931,119Â 654,A01,4,2,2,5,8,8,-1,-1, -1,-1,2021,21.0,2,5,0,2,8,15,1,,3,STRASBOURG (ROUTE DE),0,,4,4,0,1,27,1050,2,, -1,1,5,1,50,28,3,2021,12:40,1,67,67180,2,2,0,3,STRASBOURG (ROUTE DE),48.81029,7.7819,12,7,2
202100011735,180Â 753,A01,1,1,1,9,1,-1,-1,-1, -1,-1,2021,21.0,2,2,0,2,4,2,1,,1,ROCADE A 630,0,,3,6,0,2,2,700,1,, -1,1,0,1,70,29,9,2021,20:15,2,33,33249,1,1,0,4,ROCADE A 630,44.87929,-0.5337,20,3,3
202100044635,121Â 939,A01,2,2,2,3,1,-1,-1,0,0,-1,2021,26.0,2,2,2,2,8,1,1,,3,,0,,2,2,0,1,26,320,3,, -1,2,0,1,80,9,4,2021,18:05,1,11,11410,1,1,1,3,D38,43.255315,2.423751,18,3,2
202100017481,170Â 376,A01,10,3,2,0,0,-1,-1,3,3,1,2021,27.0,0,2,0,1,1,18,0,,4,MOLLE (RUE DE LA),0,,1,3,3,2,0,0,1,, -1,1,0,6,50,22,9,2021,21:15,5,13,13001,2,3,0,1,MOLLE (RUE DE LA),43.53082,5.44216,21,2,1
202100009487,184Â 751,A01,10,3,2,0,0,-1,-1,4,3,1,2021,51.0,3,2,0,1,1,1,1,,3,989,0,,2,2,1,1,0,0,1,, -1,2,0,1,30,4,11,2021,06:30,5,92,92040,2,1,1,6,VERDUN (AVENUE DE) DU 115 AU 149,48.8195376523,2.2559416294,6,2,1
202100002752,196Â 848,A01,10,3,2,0,0,-1,-1,3,3,1,2021,18.0,1,2,0,1,1,1,1,,7,BENNETT (RUE GORDON),0,,3,4,0,1,(1),(1),1,, -1,1,0,1,50,6,12,2021,18:47,4,63,63113,2,6,0,6,BENNETT (RUE GORDON),45.78898,3.08017,18,2,1
202100029581,148Â 915,B01,1,1,1,0,0,0,-1,-1, -1,-1,2021,20.0,0,1,0,2,0,0,3,,4,SAINT PAUL. PLACE,0,,2,2,0,1,(1),(1),1,, -1,1,0,6,30,10,7,2021,16:00,1,76,76540,2,7,0,3,SAINT PAUL. PLACE,49.43416,1.105935,16,2,2
202100002992,196Â 428,B01,2,2,2,9,1,-1,-1,0,0,-1,2021,85.0,2,2,0,2,1,1,1,,3,748,-1,,2,2,0,1,16,587,1,,"5,7",2,0,1,80,16,12,2021,17:20,3,79,79013,1,1,0,1,,46.956385,-0.454806,17,3,2
202100023869,158Â 959,B01,1,1,1,1,8,-1,-1,-1, -1,-1,2021,24.0,3,1,0,2,1,25,3,,3,FRANS ROUTE DE,0,,1,1,0,1,58,900,1,, -1,1,9,1,50,16,8,2021,17:10,1,69,69264,2,6,0,3,FRANS (DE) (RTE),45.9839813648,4.7436904907,17,2,2
202100031650,145Â 181,A01,10,3,2,5,0,-1,-1,2,3,1,2021,76.0,1,2,0,1,0,15,1,,3,,-1,,2,2,0,1,96,467,1,,4,1,0,1,50,30,6,2021,09:10,1,34,34245,2,3,0,6,Grand Rue,43.420678,2.94719,9,2,1
202100020930,164Â 245,A01,1,1,2,5,2,6,-1,0,0,-1,2021,62.0,2,1,13,0,1,13,1,,3,70,0,,2,2,0,1,29,550,3,, -1,1,0,8,80,4,9,2021,17:00,1,70,70198,1,1,0,6,D70,47.565929,5.69242,17,1,1
202100034553,139Â 961,A01,1,1,1,4,8,-1,-1,-1, -1,-1,2021,23.0,1,1,0,2,8,1,5,,4,GARIBALDI                           (R ),0,,1,5,3,1,(1),(1),1,, -1,1,0,6,50,13,6,2021,21:50,2,69,69387,2,2,0,3,GARIBALDI (R),45.74645,4.84993,21,2,2
202100018937,167Â 794,B01,1,1,2,0,2,0,-1,0,0,-1,2021,23.0,2,1,0,2,4,2,5,,4,MOINIER (RUE ANDRE),0,,2,2,1,1,(1),(1),1,, -1,1,0,1,50,14,9,2021,07:00,5,63,63113,2,4,0,3,MOINIER / St-HÃ©rem,45.78039,3.08367,7,2,2
202100034367,140Â 307,A01,1,1,1,5,8,-1,-1,0,0,-1,2021,20.0,2,2,15,0,1,0,1,,3,145,-1,,2,2,0,2,145,15,2,, -1,1,0,3,80,15,6,2021,19:45,2,72,72129,1,1,0,6,Route de Saint Corneille,48.05112,0.345297,19,1,1
202100041300,127Â 786,B01,1,1,1,5,2,6,-1,0,0,-1,2021,17.0,1,1,0,2,8,15,1,,3,AIGOUAL (AVENUE DE L'),0,,2,2,0,1,2,320,1,, -1,1,5,1,50,5,5,2021,18:30,1,12,12145,2,4,0,3,AIGOUAL (AVENUE DE L'),44.10062,3.10445,18,2,2
202100000409,200Â 972,A01,1,1,1,0,8,0,-1,-1, -1,-1,2021,68.0,2,2,0,0,0,14,1,,7,CLUB HIPPIQUE (AV),0,,2,2,0,1,0,0,1,, -1,1,0,4,50,9,11,2021,10:24,1,13,13001,2,9,0,7,CLUB HIPPIQUE (AV),43.51438,5.31961,10,1,1
202100017498,170Â 348,B01,1,1,2,5,1,0,-1,0,0,-1,2021,55.0,1,2,0,2,8,1,1,,4,BOULEVARD MASSENA,0,,3,2,0,1,(1),(1),1,, -1,1,0,1,30,22,9,2021,12:30,1,75,75113,2,5,0,3,BOULEVARD MASSENA,48.821701,2.369379,12,3,2
202100030405,147Â 419,A01,2,2,1,4,1,0,-1,0,0,-1,2021,32.0,2,2,0,2,1,5,1,,4,AVENUE MONTAIGNE,0,,2,4,3,1,(1),(1),1,, -1,1,0,6,30,4,7,2021,20:28,1,75,75108,2,7,0,3,AVENUE MONTAIGNE,48.865282,2.302946,20,3,2
202100026538,154Â 259,B01,5,2,1,0,0,-1,-1,0,0,-1,2021,17.0,1,2,0,2,1,1,1,,3,101E5,-1,D,2,2,0,1,1,735,1,,3,1,0,1,80,29,7,2021,23:40,3,33,33193,1,2,0,3,Route de Vensac,45.418678,-1.075931,23,6,2
202100033322,142Â 201,A01,1,1,1,0,2,0,-1,-1, -1,-1,2021,33.0,0,1,4,0,0,13,5,,4,JENNER (TUNNEL),0,,1,-1,0,2,(1),(1),1,, -1,1,1,1,50,12,6,2021,06:15,1,76,76351,2,1,0,6,JENNER (TUNNEL),49.50549,0.13419,6,1,1
202100037291,135Â 016,A01,10,3,2,5,0,-1,-1,3,3,1,2021,53.0,1,2,0,1,1,15,1,,4,RUE DE LA LANCETTE,0,,1,1,0,1,(1),(1),1,, -1,1,0,1,50,31,5,2021,15:10,1,75,75112,2,3,0,6,RUE DE LA LANCETTE,48.837481,2.391595,15,2,1
202100037422,134Â 766,A01,1,1,1,0,1,0,-1,-1, -1,-1,2021,68.0,3,2,0,2,1,1,1,,4,ZOLA RUE EMILE,0,,3,2,0,1,(1),(1),1,, -1,1,0,1,50,30,5,2021,14:25,1,59,59009,2,1,0,2,ZOLA RUE EMILE,50.635335,3.12347,14,2,2
202100017886,169Â 651,B01,1,1,1,1,2,6,-1,-1, -1,-1,2021,27.0,2,1,0,2,1,1,1,,3,PRESIDENT ROOSEVELT (AV DU),0,,2,2,2,1,0,0,1,, -1,1,0,1,50,19,9,2021,21:10,5,94,94033,2,2,0,3,Avenue du PrÃ©sident Roosevelt,48.84301,2.46485,21,2,2
202100042120,126Â 340,A01,10,3,1,4,4,9,-1,1,2,2,2021,51.0,1,1,0,1,1,19,1,,4,27,0,,2,2,0,1,0,0,2,, -1,1,0,1,50,23,4,2021,17:30,1,77,77233,2,1,0,6,23 Rue du Tillet,49.00189,2.78888,17,2,1
202100054880,103Â 711,B01,1,1,1,9,8,0,-1,-1, -1,-1,2021,14.0,1,1,0,2,7,19,3,,4,MANOIR (YVES DU),0,,1,1,0,1,(1),(1),1,, -1,1,0,1,50,14,1,2021,07:48,2,66,66136,2,1,0,6,MANOIR (YVES DU),42.69422,2.87153,7,2,2
202100051159,110Â 230,C01,1,1,1,1,1,0,-1,-1, -1,-1,2021,38.0,1,2,0,2,8,0,1,,3,DEPORTES (ROUTE DES ),0,,2,2,0,3,0,1,3,, -1,1,2,1,50,16,2,2021,06:40,2,74,74118,2,1,0,5,DEPORTES (ROUTE DES ),46.18205,6.22999,6,4,4
202100026078,155Â 072,A01,1,1,2,0,1,-1,-1,0,0,-1,2021,25.0,1,2,13,0,2,1,1,,7,118,0,M,2,2,0,1,5,0,2,, -1,1,0,8,70,2,8,2021,11:45,1,34,34027,1,1,0,7,M118 beaulieu,43.732732,4.006748,11,1,1
202100031956,144Â 622,A01,2,2,1,5,2,8,-1,-1, -1,-1,2021,45.0,1,1,15,0,1,1,1,,3,D28 LIGNE DES BAMBOUS,0,,2,2,0,1,(1),(1),1,, -1,2,0,1,50,27,6,2021,22:45,5,974,97416,2,1,1,6,D28 LIGNE DES BAMBOUS,-21.30004,55.49171,22,2,1
202100049094,114Â 000,B01,1,1,2,0,1,0,-1,-1, -1,-1,2021,33.0,1,2,0,2,3,1,1,,4,COUPE JARRET(MONTEE),0,,2,2,0,2,0,0,3,, -1,1,0,1,50,5,3,2021,14:40,1,38,38544,2,1,0,1,COUPE JARRET(MONTEE),45.52073,4.87506,14,2,2
202100011924,180Â 410,A01,1,1,2,2,1,-1,-1,0,0,-1,2021,36.0,2,2,0,2,8,1,1,,3,16,-1,,2,2,0,3,12,2,2,, -1,1,0,1,50,19,10,2021,16:20,1,74,74067,1,1,0,3,route des creuses,45.880747,6.029649,16,2,2
202100049150,113Â 900,B01,2,1,1,1,2,0,-1,-1, -1,-1,2021,26.0,1,1,1,0,1,1,1,,4,EDOUARD VAILLANT NÂ° 1-97,0,,1,1,0,1,0,0,1,, -1,1,9,8,50,5,3,2021,16:12,1,93,93029,2,3,0,3,EDOUARD VAILLANT NÂ° 1-97,48.9284925581,2.4304511629,16,2,2
202100046789,118Â 138,B01,1,1,2,4,1,0,-1,0,0,-1,2021,29.0,3,2,0,2,4,2,1,,4,COURS DE VINCENNES,0,,3,2,0,1,(1),(1),2,, -1,1,0,1,50,24,3,2021,13:40,1,75,75112,2,2,0,2,COURS DE VINCENNES,48.8468962641,2.411160463,13,2,2
202100040539,129Â 147,A01,1,1,1,5,2,-1,-1,0,0,-1,2021,79.0,2,1,0,0,9,2,5,,3,914,-1,,2,2,0,1,0,640,3,, -1,1,0,1,80,8,5,2021,10:50,1,73,73085,1,1,0,7,D914 Route de Portout,45.8068099831,5.8463194319,10,1,1
202100013096,178Â 332,A01,1,1,1,5,2,0,-1,-1, -1,-1,2021,16.0,1,1,0,2,1,13,1,,4,DAMES (BOULEVARD DES),0,,2,4,0,1,0,0,1,, -1,1,0,1,50,14,10,2021,15:30,1,13,13202,2,1,0,3,DAMES (BOULEVARD DES),43.30316,5.36548,15,2,2
202100034036,140Â 922,A01,1,1,1,5,2,8,-1,0,0,-1,2021,17.0,3,1,0,2,1,15,1,,4,SCHWEITZER (RUE DU DOCTEUR),0,,2,2,0,1,(1),(1),3,, -1,1,0,1,50,15,6,2021,15:45,1,71,71270,2,3,0,1,Rue du Docteur Schweitzer,46.3200757609,4.8380337494,15,4,2
202100027790,152Â 041,A01,1,1,1,1,0,-1,-1,0,0,-1,2021,53.0,1,0,0,2,1,1,3,,3,BRIAND (AVENUE ARISTIDE) NÂ° 162 A 300,0,,3,3,1,1,0,0,1,, -1,1,0,5,50,21,7,2021,19:50,1,92,92007,2,3,0,3,BRIAND (AVENUE ARISTIDE) NÂ° 162 A 300,48.7946092038,2.3211367428,19,2,2
202100053945,105Â 325,B01,1,1,2,0,1,0,-1,-1, -1,-1,2021,50.0,2,2,0,0,4,26,1,,3,120,0,,2,4,0,1,1,185,1,, -1,1,0,1,50,19,1,2021,13:55,1,15,15014,2,1,0,2,VIALENC (BOULEVARD DU),44.921092,2.427635,13,2,2
202100050698,111Â 068,A01,2,2,2,5,2,6,-1,0,0,-1,2021,59.0,1,1,13,0,7,1,1,,3,214,-1,,2,2,0,1,0,900,4,, -1,1,0,3,80,21,2,2021,12:17,1,52,52234,1,1,0,6,d214,48.155236,5.581806,12,2,1
202100029734,148Â 641,A01,10,3,1,9,0,-1,-1,2,3,2,2021,4.0,1,1,0,1,1,1,1,,7,AVENUE EDMOND ESMONIN,0,,1,3,3,1,0,0,1,, -1,1,0,1,50,9,7,2021,18:15,1,38,38151,2,1,0,1,AVENUE EDMOND ESMONIN,45.15929,5.72684,18,3,1
202100037205,135Â 179,B01,1,1,1,5,2,0,-1,-1, -1,-1,2021,23.0,2,1,0,2,1,1,1,,4,MARECHAL FOCH (RUE),0,,2,3,0,2,(1),(1),1,, -1,1,0,1,50,30,5,2021,16:00,1,71,71153,2,2,0,3,Rue MarÃ©chal Foch,46.8032095088,4.4512989651,16,2,2
202100046912,117Â 920,B01,1,1,1,1,8,0,-1,-1, -1,-1,2021,25.0,2,1,0,2,7,2,5,,4,LEBRUN (RUE HENRI),0,,2,2,0,2,(1),(1),1,, -1,1,5,1,50,23,3,2021,08:00,1,37,37214,2,6,0,6,LEBRUN (RUE HENRI),47.4005452795,0.6787405015,8,2,2
202100037836,134Â 026,A01,1,1,1,9,2,6,-1,0,0,-1,2021,58.0,2,1,8,2,2,18,1,,4,BOULEVARD DU MONTPARNASSE,0,,2,6,3,1,(1),(1),1,, -1,1,0,1,50,28,5,2021,13:05,1,75,75106,2,3,0,3,BOULEVARD DU MONTPARNASSE,48.84287,2.327178,13,2,2
202100039346,131Â 271,A01,1,1,1,5,2,5,6,0,0,-1,2021,40.0,2,1,0,2,1,1,1,,2,20,0,,2,2,0,2,65,400,4,, -1,1,0,1,80,20,5,2021,19:45,1,202,202341,1,3,0,3,Pont du Vecchio,42.194363,9.168198,19,2,2
202100031385,145Â 652,A01,2,2,1,5,2,6,-1,0,0,-1,2021,17.0,0,1,0,2,1,18,1,,4,,0,,2,1,0,1,(1),(1),1,,3,1,0,1,30,2,6,2021,18:55,1,84,84016,2,1,0,1,Chemin des Ecoliers,44.042084,4.89099,18,3,2
202100022341,161Â 707,A01,2,2,1,5,1,-1,-1,0,0,-1,2021,65.0,1,2,0,0,0,1,1,,3,785,0,,3,4,0,1,75,400,2,, -1,1,0,2,110,28,8,2021,15:00,1,29,29216,1,1,1,7,D785 - Ty Lipig,47.954036,-4.177079,15,2,1
202100042488,125Â 674,Z01,10,3,1,9,0,-1,-1,3,3,1,2021,88.0,2,2,0,1,1,16,0,,4,RAMPE SAINT MAURICE,0,,1,1,0,2,0,0,1,, -1,1,0,1,50,26,4,2021,14:20,1,13,13207,2,1,0,1,RAMPE SAINT MAURICE,43.2908253279,5.3635893557,14,2,1
202100024438,157Â 998,A01,8,2,2,0,0,-1,-1,0,0,-1,2021,28.0,1,2,2,0,1,1,1,,3,01,-1,,2,2,0,4,(1),(1),1,, -1,1,0,3,90,7,8,2021,04:30,3,988,98826,1,3,0,6,RPN1/VU4,-20.24654,164.068054,4,2,1
202100051922,108Â 895,A01,1,1,1,5,2,6,-1,0,0,-1,2021,35.0,1,1,0,2,1,3,1,,4,ECHANGEUR ASNIERES,0,,1,2,0,2,(1),(1),1,, -1,5,0,1,50,10,2,2021,10:50,1,75,75117,2,4,0,3,ECHANGEUR ASNIERES,48.892466,2.301328,10,2,2
202100021524,163Â 168,A01,1,1,1,5,2,-1,-1,0,0,-1,2021,16.0,0,1,0,2,2,19,5,,4,67,-1,,2,2,1,1,23,200,1,, -1,1,0,1,50,30,8,2021,16:00,1,29,29260,2,3,0,3,Rue de Pontavenec,48.426449,-4.603347,16,2,2
202100003611,195Â 291,A01,10,3,1,2,0,-1,-1,3,3,1,2021,9.0,1,2,0,1,1,1,1,,4,SAINT-EXUPERY (AVENUE ANTOINE DE),0,,2,2,0,1,(1),(1),1,, -1,2,0,1,50,9,12,2021,08:35,1,65,65440,2,1,1,6,SAINT-EXUPERY (AVENUE ANTOINE DE),43.2442331667,0.0697552898,8,2,1
202100055515,102Â 614,A01,1,1,2,0,1,0,-1,-1, -1,-1,2021,42.0,3,2,2,0,8,1,1,,4,GAMBETTA (AVENUE),0,,-1,2,0,2,1,0,1,, -1,2,0,1,30,11,1,2021,19:50,5,2,2408,2,1,0,6,GAMBETTA (AVENUE),49.566386,3.627712,19,2,1
202100015581,173Â 832,B01,1,1,2,1,1,4,-1,-1, -1,-1,2021,23.0,1,2,0,2,1,1,1,,7,RD 37,0,,3,3,0,4,12,0,3,, -1,1,3,1,90,30,9,2021,08:45,1,37,37122,1,1,0,4,RD 37,47.3666659165,0.6542263039,8,3,3
202100021373,163Â 446,A01,1,1,1,1,2,-1,-1,0,0,-1,2021,21.0,0,1,0,2,8,9,1,,2,1,0,,2,2,0,1,24,200,1,, -1,1,6,1,50,28,8,2021,19:05,5,987,98733,2,1,0,3,Pk 24+200 RT1,-17.716246,-149.581963,19,3,3
202100004561,193Â 623,B01,10,3,2,0,8,8,-1,4,3,2,2021,67.0,1,2,0,1,3,1,1,,4,WALLACE (BD RICHARD) DU 2 AU 28 ET DU 1,0,,2,2,0,1,0,0,1,, -1,2,9,8,30,5,12,2021,16:55,5,92,92062,2,1,1,6,WALLACE (BD RICHARD) DU 2 AU 28 ET DU 1,48.8792,2.24124,16,2,1
202100011534,181Â 101,A01,10,3,2,0,0,-1,-1,5,B,1,2021,45.0,1,2,0,2,4,25,1,,4,BELLECOUR                           (PL),0,,-1,0,0,1,(1),(1),1,, -1,1,0,4,30,21,10,2021,20:20,5,69,69382,2,1,0,6,BELLECOUR (PL),45.7567032583,4.8319811565,20,2,1
202100048646,114Â 801,A01,10,3,2,2,8,8,-1,4,3,3,2021,23.0,3,2,0,1,1,1,1,,4,LATTRE DE TASSIGNY (AVENUE MARECHAL DE),0,,1,3,0,1,0,0,1,, -1,1,0,1,50,8,3,2021,14:45,1,974,97411,2,1,0,6,LATTRE DE TASSIGNY (AVENUE MARECHAL DE),-20.88755,55.47249,14,2,1
202100005007,192Â 833,A01,1,1,1,4,1,8,-1,-1, -1,-1,2021,44.0,2,2,4,2,7,9,1,,1,AUTOROUTE A6B,0,,3,3,0,1,5,300,1,, -1,1,0,1,90,3,12,2021,05:15,4,94,94021,1,1,0,4,AUTOROUTE A6B,48.77074,2.34579,5,3,3
202100004849,193Â 121,A01,1,1,1,9,1,-1,-1,0,0,-1,2021,20.0,2,2,2,0,3,13,1,,3,6113,0,,3,2,0,1,73,300,1,, -1,2,0,1,80,5,12,2021,08:36,1,11,11288,1,1,1,6,D6113,43.256112,2.260464,8,1,1
202100049879,112Â 579,B01,1,1,1,0,2,0,-1,-1, -1,-1,2021,25.0,0,1,0,2,2,1,1,,4,DALBY ( BD ERNEST ),0,,2,2,0,1,0,0,1,, -1,1,0,1,30,24,2,2021,13:40,1,44,44109,2,1,0,3,DALBY ( BD ERNEST ),47.22477,-1.52961,13,2,2
202100010308,183Â 279,A01,10,3,1,0,0,-1,-1,3,3,2,2021,1.0,1,2,0,1,3,26,1,,3,BRIAND (RUE ARISTIDE),0,,2,2,0,1,17,500,1,, -1,1,0,1,50,28,10,2021,18:51,5,51,51172,2,6,0,7,Boulevard dâAlsace Lorraine,49.2163646916,4.0503668242,18,3,1
202100010173,183Â 518,B01,1,1,1,5,2,0,-1,-1, -1,-1,2021,24.0,2,1,0,2,3,15,1,,3,EUGENE PELLETAN (AV),0,,1,2,3,1,0,0,1,, -1,1,0,1,50,28,10,2021,19:35,2,94,94081,2,9,0,3,Avenue EugÃ¨ne Pelletan,48.7945294121,2.3846554756,19,2,2
202100053307,106Â 446,A01,1,1,1,4,1,4,-1,-1, -1,-1,2021,41.0,1,5,0,2,1,2,1,,1,AUTOROUTE A86,0,,3,4,0,1,51,0,1,, -1,2,1,1,70,28,1,2021,09:45,1,94,94034,1,1,1,4,AUTOROUTE A86,48.7602,2.3204,9,3,3
202100032968,142Â 828,A01,1,1,2,2,1,-1,-1,0,0,-1,2021,19.0,1,2,2,0,7,1,1,,3,907,-1,,2,2,0,2,6,750,4,, -1,1,0,3,80,23,6,2021,09:30,1,4,4241,1,1,0,6,RD 907,43.852901,5.725594,9,1,1
202100001359,199Â 334,A01,1,1,2,1,1,4,-1,-1, -1,-1,2021,26.0,1,2,3,5,3,21,1,,1,RN104,0,,1,2,0,1,13,600,1,, -1,2,0,1,90,26,12,2021,00:45,3,77,77514,1,1,1,6,RN104,48.9529986822,2.6280130814,0,1,1
202100048550,114Â 970,B01,1,1,1,4,1,-1,-1,0, -1,-1,2021,48.0,2,2,0,2,2,1,1,,3,PRESIDENT ALLENDE BOULEVARD,0,,-1,1,0,1,54,100,2,, -1,2,0,1,50,10,3,2021,11:33,1,29,29232,2,6,1,3,D783 - Boulevard President Allende,47.99465,-4.07299,11,3,2
202100033233,142Â 364,A01,10,3,1,5,0,-1,-1,1,3,1,2021,78.0,2,2,0,1,2,1,1,,1,8,-1,,3,5,0,3,94,700,3,, -1,1,0,1,130,21,6,2021,14:29,1,83,83073,1,1,0,6,PK 94+700,43.404578,6.2978814,14,2,1
202100021391,163Â 409,A01,10,3,1,0,0,-1,-1,6,3,1,2021,26.0,1,2,0,1,1,1,1,,7,Autoroute A.35,0,,3,2,0,1,310,154,1,, -1,1,0,1,90,1,9,2021,22:26,3,67,67152,1,1,0,6,M35,48.52874,7.69107,22,2,1
202100046237,119Â 124,A01,4,2,1,5,8,0,-1,-1, -1,-1,2021,25.0,1,2,5,0,0,0,1,,7,ROVE (ROUTE DU),0,,2,2,0,1,60,400,1,, -1,1,0,8,50,25,3,2021,02:40,5,13,13216,1,1,0,6,ROVE (ROUTE DU),43.35678,5.28644,2,2,1
202100027780,152Â 058,A01,10,3,1,5,8,8,-1,9,3,1,2021,62.0,1,3,0,1,3,19,1,1.0,3,JEAN LOLIVE (AVENUE)(137/FIN ET 134/FIN),0,,3,1,3,1,156,0,1,, -1,1,0,6,50,21,7,2021,00:00,5,93,93055,2,1,0,6,JEAN LOLIVE (AVENUE)(137/FIN ET 134/FIN),48.8928594266,2.4114650487,0,2,1
202100032640,143Â 422,A01,1,1,1,1,8,-1,-1,-1, -1,-1,2021,31.0,2,0,0,0,8,25,5,,7,STEPHANE DECHANT                    (R ),0,,2,4,0,1,0,500,1,, -1,1,5,4,50,23,6,2021,23:30,5,69,69142,2,4,0,7,STEPHANE DECHANT (R),45.72897,4.81556,23,1,1
202100044752,121Â 722,A01,1,1,2,3,1,5,-1,0,0,-1,2021,84.0,1,2,0,2,1,13,1,,3,319,0,D,2,2,0,1,5,190,2,0,"5,4",1,0,1,50,9,4,2021,13:15,1,16,16181,2,1,0,1,Lotissement le Pre Meunier,46.071303,0.671915,13,2,2
202100014683,175Â 466,A01,10,3,2,0,0,-1,-1,6,1,2,2021,15.0,2,2,0,1,2,2,1,,3,141,-1,,2,2,2,2,0,650,1,, -1,1,6,5,80,8,10,2021,15:00,1,80,80227,1,1,0,6,Route departementale 141,49.782916,1.989083,15,2,1
202100014172,176Â 361,B01,5,2,2,9,1,0,-1,-1, -1,-1,2021,26.0,3,2,0,2,1,1,1,,4,STALINGRAD (AVENUE),0,,2,2,0,1,(1),(1),2,, -1,1,0,1,50,8,10,2021,23:50,5,37,37233,2,1,0,1,STALINGRAD (AVENUE),47.38762,0.72698,23,6,2
202100000122,201Â 536,A01,1,1,1,0,1,0,-1,-1, -1,-1,2021,38.0,3,2,8,2,2,1,1,,7,D.5,0,,2,2,0,1,1,0,1,, -1,1,0,1,80,20,8,2021,18:15,1,13,13047,1,1,0,3,D.5,43.570821,4.95534,18,2,2
202100035323,138Â 571,B01,1,1,1,9,2,0,-1,0,0,-1,2021,56.0,2,1,0,2,1,1,3,,4,RUE DE ROCROY,0,,1,1,0,1,(1),(1),1,, -1,1,0,1,30,10,6,2021,09:25,1,75,75110,2,2,0,3,RUE DE ROCROY,48.880807,2.351175,9,2,2