Num_Acc,id_vehicule,num_veh,place,catu,sexe,trajet,secu1,secu2,secu3,locp,actp,etatp,year_acc,victim_age,senc,catv,obs,obsm,choc,manv,motor,occutc,catr,voie,v1,v2,circ,nbv,vosp,prof,pr,pr1,plan,lartpc,larrout,surf,infra,situ,vma,jour,mois,an,hrmn,lum,dep,com,agg_,int,atm,col,adr,lat,long,hour,nb_victim,nb_vehicules
202100039533,130Â 933,C01,1,1,1,4,1,0,-1,-1, -1,-1,2021,23.0,1,2,0,2,1,2,1,,1,A50-Sens Marseille vers Aubagne,0,,1,2,0,1,14,100,1,, -1,1,0,1,90,18,5,2021,08:23,1,13,13005,1,1,0,4,A50-Sens Marseille vers Aubagne,43.28788,5.56187,8,3,3
202100018433,168Â 678,A01,1,1,1,1,2,6,-1,-1, -1,-1,2021,34.0,1,1,8,0,7,1,1,,3,MARECHAL JUIN,0,,1,2,0,1,0,0,1,, -1,1,0,1,50,17,9,2021,18:25,1,92,92064,2,1,0,6,MARECHAL JUIN,48.83896,2.22138,18,1,1
202100017596,170Â 167,A01,1,1,1,4,-1,6,-1,-1, -1,-1,2021,28.0,1,1,-1,-1,1,1,1,,2,RN104,0,,1,6,0,1,2,500,3,, -1,1,0,1,110,22,9,2021,20:30,3,77,77146,1,1,0,3,RN104,48.811781,2.629446,20,1,1
202100032671,143Â 366,A01,1,1,1,5,2,0,-1,-1, -1,-1,2021,22.0,1,1,0,2,1,17,1,,4,ABRIVADO (RUE DE L'),0,,1,3,1,1,(1),(1),1,, -1,1,0,5,50,22,6,2021,10:45,1,34,34172,2,1,0,3,ABRIVADO (RUE DE L'),43.58945,3.88865,10,2,2
202100050175,112Â 030,C01,1,1,2,9,1,0,-1,-1, -1,-1,2021,43.0,3,2,0,2,5,24,1,,4,GLACIS (RUE DES),0,,2,2,0,1,(1),(1),1,, -1,1,0,1,50,24,2,2021,16:45,1,59,59178,2,2,0,5,GLACIS (RUE DES),50.36275,3.08419,16,3,3
202100040839,128Â 636,A01,1,1,1,9,8,-1,-1,0,0,-1,2021,22.0,1,2,3,0,1,0,1,,3,624,0,D,2,2,0,2,18,500,2,, -1,1,2,3,80,9,5,2021,00:30,3,11,11430,1,1,1,6,D624,43.288952,1.89291,0,1,1
202100035305,138Â 597,B01,1,1,1,5,2,6,-1,0,0,-1,2021,24.0,2,1,0,2,1,1,1,,4,BOULEVARD NEY,0,,3,3,0,1,(1),(1),1,, -1,1,0,1,50,9,6,2021,15:27,1,75,75118,2,2,0,3,BOULEVARD NEY,48.897532,2.328949,15,3,2
202100043700,123Â 573,A01,1,1,1,5,6,2,9,0,0,-1,2021,32.0,3,1,15,0,9,1,4,,4,,-1,,2,2,0,4,(1),(1),3,, -1,1,0,1,70,18,4,2021,16:10,1,95,95678,1,1,0,6,Chemin de Beaumont,49.07459,2.244365,16,1,1
202100010022,183Â 785,A01,2,2,1,5,1,0,-1,-1, -1,-1,2021,24.0,2,2,0,2,1,26,1,,1,A621,0,,1,3,0,1,3,113,3,, -1,2,0,1,90,31,10,2021,23:50,5,31,31069,1,1,1,2,A621,43.62569,1.38491,23,4,2
202100038224,133Â 323,A01,1,1,1,1,8,0,-1,0,0,-1,2021,56.0,1,2,0,2,6,1,1,,4,BOULEVARD DE MENILMONTANT,0,,1,1,0,1,(1),(1),1,, -1,2,0,1,50,25,5,2021,23:40,5,75,75111,2,7,1,3,BOULEVARD DE MENILMONTANT,48.862868,2.387283,23,2,2
202100008700,186Â 188,B01,1,1,1,0,2,-1,-1,-1, -1,-1,2021,33.0,2,1,0,2,3,0,1,,4,JULES TELLIER,0,,2,2,0,1,0,0,1,, -1,1,0,1,50,6,11,2021,20:50,5,76,76351,2,2,0,3,JULES TELLIER,49.49834,0.12347,20,2,2
202100006047,190Â 987,B01,1,1,1,1,2,6,-1,0,0,-1,2021,37.0,3,1,0,2,8,1,1,,4,,-1,,2,2,0,1,(1),(1),1,,4,1,0,1,50,24,11,2021,15:15,1,6,6085,2,1,0,3,1476 Avenue de la Plaine,43.600673,6.969921,15,2,2
202100005158,192Â 557,A01,10,3,1,5,0,-1,-1,1,3,1,2021,73.0,3,5,0,1,3,1,1,,4,924,0,D,1,1,0,1,(1),(1),4,, -1,1,9,1,30,2,12,2021,12:13,1,60,60086,2,6,0,6,Place Bourgeois,49.167602,2.359335,12,2,1
202100006852,189Â 534,A01,1,1,1,9,8,-1,-1,0,0,-1,2021,58.0,2,2,8,0,1,1,1,,3,06,0,,2,2,0,2,9,514,1,,6,1,9,3,50,20,11,2021,18:16,5,82,82048,2,6,0,6,Rue du GÃ©nÃ©ral Larroque,43.86165,1.267623,18,1,1
202100054575,104Â 224,B01,2,2,2,0,1,0,-1,0,0,-1,2021,39.0,2,2,0,2,7,9,1,,7,ORADOU (RUE DE L'),0,,2,2,0,1,(1),(1),1,, -1,1,0,1,50,16,1,2021,20:00,5,63,63113,2,5,0,3,ORADOU (RUE DE L'),45.76423,3.12548,20,3,2
202100021681,162Â 879,A01,2,2,1,4,1,-1,-1,0,0,-1,2021,58.0,1,2,0,2,1,2,1,,1,6,0,,3,5,0,1,368,100,1,, -1,1,0,1,130,31,8,2021,18:55,1,71,71305,1,1,0,2,"Autoroute A6, PK 368+100, sens PARIS/LYON",46.477258,4.887467,18,3,2
202100048031,115Â 888,A01,1,1,1,9,2,0,-1,0,0,-1,2021,21.0,2,1,8,0,1,25,1,,4,BOULEVARD MASSENA,0,,2,4,0,1,(1),(1),1,, -1,2,0,4,50,14,3,2021,04:03,5,75,75113,2,3,0,6,BOULEVARD MASSENA,48.820978,2.367303,4,1,1
202100032911,142Â 933,A01,10,3,1,5,8,8,-1,2,4,1,2021,89.0,2,5,0,1,4,4,1,,4,RUE JOUBERT,0,,1,1,0,1,(1),(1),1,, -1,1,0,1,30,22,6,2021,17:55,1,75,75109,2,1,0,6,RUE JOUBERT,48.874612,2.331894,17,2,1
202100051507,109Â 628,A01,1,1,2,0,1,0,-1,-1, -1,-1,2021,39.0,2,2,0,2,3,19,1,,2,ROUTE NATIONALE 201 (VRU),0,,1,1,0,3,4,1100,1,, -1,2,3,1,50,12,2,2021,14:50,1,73,73065,1,2,1,3,ROUTE NATIONALE 201 (VRU),45.5873490589,5.9084960818,14,3,2
202100023161,160Â 216,A01,1,1,1,5,0,-1,-1,0,0,-1,2021,33.0,1,1,0,0,1,0,5,,3,33,0,,2,2,0,2,25,744,1,,6,1,0,4,50,22,8,2021,02:15,5,79,79195,2,1,0,7,58 Avenue Saint-Hubert,46.944683,-0.593058,2,1,1
202100026809,153Â 802,B01,4,2,1,0,8,0,-1,-1, -1,-1,2021,4.0,1,2,0,2,1,1,1,,4,INDUSTRIE (RUE DE L'),0,,2,2,0,1,(1),(1),1,, -1,1,0,1,50,25,7,2021,18:05,1,59,59512,2,2,0,1,INDUSTRIE (RUE DE L'),50.68813,3.16306,18,5,2
202100048809,114Â 524,A01,1,1,1,5,1,-1,-1,0,0,-1,2021,20.0,2,2,0,2,8,1,1,,3,153,-1,,2,2,0,1,6,300,1,, -1,1,5,1,50,9,3,2021,05:45,5,55,55457,2,2,0,3,1 rue du Lavoir,49.080212,5.70251,5,2,2
202100055613,102Â 444,B01,3,2,2,2,1,0,-1,-1,0,-1,2021,16.0,2,2,0,2,4,2,1,,1,15,0,,3,8,0,1,8,100,1,, -1,1,0,1,110,11,1,2021,07:00,3,95,95582,1,1,0,4, A15,48.96427,2.26234,7,4,3
202100053251,106Â 546,B01,1,1,1,9,2,6,-1,0,0,-1,2021,40.0,1,1,0,2,1,1,5,,4,PONT DE LA CONCORDE,0,,2,6,1,1,(1),(1),1,, -1,2,-1,5,50,29,1,2021,14:35,1,75,75107,2,2,1,3,PONT DE LA CONCORDE,48.8625825338,2.3190491784,14,2,2
202100046914,117Â 915,B01,1,1,2,1,0,-1,-1,0,0,-1,2021,21.0,2,1,0,2,1,25,3,,4,GUEHENNO (JEAN),0,,2,2,0,1,(1),(1),1,, -1,1,0,4,50,23,3,2021,08:27,1,35,35238,2,1,0,3,GUEHENNO (JEAN),48.11831,-1.66935,8,2,2
202100042456,125Â 729,A01,2,2,2,2,1,-1,-1,0,0,-1,2021,15.0,1,2,0,2,7,15,1,,4,MONTESQUIEU (RUE),0,,2,2,0,1,(1),(1),1,, -1,2,0,1,50,8,3,2021,17:35,1,65,65047,2,3,1,3,MONTESQUIEU (RUE),43.242187,0.102027,17,3,2
202100029537,148Â 995,A01,1,1,1,5,1,-1,-1,0,0,-1,2021,31.0,1,2,2,0,1,0,1,,3,30,0,D,2,2,0,2,10,0,1,, -1,1,0,3,70,28,6,2021,21:15,2,69,69121,2,1,0,6,D30,45.861721,4.690754,21,1,1
202100001767,198Â 632,A01,1,1,1,5,1,-1,-1,0,0,-1,2021,22.0,1,2,13,0,1,21,1,,1,6,0,,3,4,0,1,227,300,1,, -1,1,0,3,130,23,12,2021,14:35,1,21,21282,1,1,0,7,Autoroute A6 PK227+300,47.471909,4.216905,14,1,1
202100004338,194Â 005,A01,9,2,1,0,3,-1,-1,0,0,-1,2021,0.0,2,2,0,2,6,1,1,,3,321,0, -,2,2,0,1,14,510,1,, -1,1,0,1,50,7,12,2021,10:05,1,27,27493,2,3,0,3,Rue de la LibÃ©ration,49.331034,1.246659,10,3,2
202100004711,193Â 354,A01,1,1,2,0,1,8,-1,-1, -1,-1,2021,52.0,2,2,0,2,1,26,1,,2,RN 88,0,,1,2,0,1,30,779,1,, -1,1,0,1,70,3,12,2021,18:30,3,81,81144,2,1,0,4,RN 88,43.96005,2.16725,18,3,3
202100015770,173Â 480,A01,1,1,1,0,1,5,-1,-1, -1,-1,2021,38.0,1,2,0,2,0,0,1,,4,JULES JOUY (AVENUE),0,,2,2,0,1,0,0,1,, -1,2,5,1,50,1,10,2021,22:40,5,93,93005,2,2,1,3,Avenue Jules Jouy / Avenue LeliÃ¨vre,48.9265059299,2.4940804839,22,2,2
202100011579,181Â 028,A01,1,1,1,0,1,0,-1,0,0,-1,2021,65.0,1,2,0,2,3,13,1,,7,LUDRES (RUE DE),0,,2,2,0,2,(1),(1),4,, -1,2,0,1,70,20,10,2021,16:48,1,54,54197,1,1,1,1,LUDRES (RUE DE),48.6243463833,6.194744525,16,2,2
202100022854,160Â 764,A01,6,2,1,5,1,-1,-1,0,0,-1,2021,41.0,1,2,13,0,3,15,1,,3,21,0,R,-1,2,0,2,3330,(1),3,, -1,1,0,1,80,20,8,2021,21:45,3,87,87154,1,1,0,3,D21,45.913213,0.893283,21,3,2
202100020287,165Â 372,B01,1,1,1,0,2,6,-1,-1, -1,-1,2021,25.0,3,1,0,2,4,9,1,,4,DE GAULLE (BD CHARLES),0,,3,4,0,1,(1),(1),1,, -1,1,0,1,50,6,9,2021,11:09,1,37,37214,2,6,0,6,DE GAULLE (BD CHARLES),47.4264308896,0.6553866562,11,2,2
202100048352,115Â 323,A01,1,1,2,9,1,0,-1,-1, -1,-1,2021,24.0,1,2,4,0,7,1,1,,1,AUTOROUTE A86,0,,1,1,0,1,52,970,1,, -1,2,0,1,70,12,3,2021,07:00,1,92,92002,1,1,0,6,AUTOROUTE A86,48.7623785299,2.301877141,7,1,1
202100014208,176Â 295,B01,2,2,1,5,2,6,-1,0,0,-1,2021,38.0,3,1,0,2,1,1,1,,4,PLACE DE LA CONCORDE,0,,2,3,1,1,(1),(1),1,, -1,1,0,1,50,9,10,2021,14:30,1,75,75108,2,7,0,3,PLACE DE LA CONCORDE,48.864095,2.320145,14,3,2
202100002922,196Â 546,A01,1,1,2,4,1,8,-1,-1, -1,-1,2021,23.0,1,2,16,0,0,14,1,,4,VILLENEUVE ST-CARADEC (LIEU-DIT),0,,2,2,0,2,(1),(1),2,, -1,2,0,3,70,13,12,2021,12:40,1,56,56083,1,1,1,7,VILLENEUVE ST-CARADEC (LIEU-DIT),47.82159,-3.28845,12,1,1
202100005317,192Â 286,B01,10,3,2,0,0,-1,-1,3,3,1,2021,22.0,1,2,0,1,1,1,1,,4,GROS MALHON (AVENUE),0,,2,2,2,4,(1),(1),1,, -1,2,0,1,50,1,12,2021,11:40,1,35,35238,2,6,1,6,GROS MALHON (AVENUE),48.133649,-1.685374,11,5,2
202100031897,144Â 740,B01,1,1,1,1,2,6,-1,0,0,-1,2021,28.0,1,1,0,2,1,3,1,,4,BOULEVARD PERIPHERIQUE INTERIEUR OUEST,0,,1,8,0,1,15,400,1,, -1,1,1,1,70,28,6,2021,09:30,1,75,75116,2,1,0,4,BOULEVARD PERIPHERIQUE INTERIEUR OUEST,48.871993,2.27402,9,4,4
202100044989,121Â 313,A01,1,1,1,5,2,8,-1,-1, -1,-1,2021,21.0,1,1,0,2,1,15,1,,3,DOUMER (AVENUE PAUL) NORD,0,,3,4,0,1,0,0,1,, -1,1,5,1,50,4,4,2021,13:30,1,92,92063,2,3,0,3,DOUMER (AVENUE PAUL) NORD,48.883042976,2.1894483268,13,2,2
202100055393,102Â 832,B01,1,1,1,1,2,6,-1,0,0,-1,2021,20.0,1,1,0,2,8,1,1,,3,61,0,D,2,2,0,4,10,400,1,, -1,1,0,1,80,13,1,2021,16:45,1,31,31049,1,2,0,3,Route de Castelnau,43.725342,1.513992,16,2,2
202100017160,170Â 968,A01,1,1,1,5,2,6,9,0,0,-1,2021,31.0,2,1,13,0,1,13,1,,3,980,-1,,2,2,0,2,28,700,4,, -1,1,0,3,80,24,8,2021,14:50,1,71,71286,1,1,0,6,RD 980,46.591421,4.508989,14,1,1
202100026452,154Â 418,B01,5,2,2,5,1,8,-1,-1, -1,-1,2021,29.0,3,2,0,2,6,24,1,,4,THOMAS (R LOUIS),0,,2,0,0,1,(1),(1),1,, -1,1,0,1,50,24,7,2021,16:30,1,62,62563,2,1,0,3,THOMAS (R LOUIS),50.471296,2.710683,16,6,2
202100020267,165Â 408,B01,1,1,1,4,8,0,-1,0,0,-1,2021,18.0,0,1,0,2,4,19,5,,4,ROTONDE (RUE DE LA),0,,1,2,0,1,(1),(1),1,, -1,1,0,1,50,4,9,2021,21:17,5,63,63113,2,2,0,3,ROTONDE / Blatin,45.76944,3.09097,21,2,2
202100032728,143Â 269,B01,2,1,1,5,2,6,-1,-1, -1,-1,2021,39.0,3,1,0,2,9,21,1,,3,66,0,,2,2,0,1,0,0,1,, -1,1,2,1,50,23,6,2021,15:40,1,92,92002,2,1,0,1,LEON JOUHAUX (AVENUE),48.734399,2.311534,15,2,2
202100049097,113Â 994,B01,3,2,1,0,1,8,-1,-1, -1,-1,2021,10.0,1,2,0,2,1,1,1,,4,JAURES (PLACE JEAN),0,,1,2,0,1,(1),(1),2,, -1,2,0,1,50,3,3,2021,13:50,1,37,37261,2,1,1,5,JAURES (PLACE JEAN),47.389916564,0.6882856208,13,4,3
202100030775,146Â 751,A01,10,3,2,0,0,-1,-1,3,3,2,2021,89.0,1,1,0,1,1,13,1,,2,RN05,0,,1,2,0,1,(1),(1),1,, -1,1,6,1,50,29,6,2021,11:55,1,971,97101,2,1,0,6,RN05,16.25412,-61.52324,11,4,1
202100009094,185Â 451,A01,10,3,2,0,0,-1,-1,3,3,2,2021,41.0,1,1,0,1,1,1,1,,4,QUAI DE FRANCE,0,,2,2,0,1,0,0,1,, -1,1,0,1,30,6,11,2021,17:45,2,38,38185,2,1,0,3,QUAI DE FRANCE,45.19351,5.72172,17,4,1
202100002301,197Â 677,A01,10,3,1,1,0,-1,-1,3,6,1,2021,58.0,2,2,0,1,1,1,1,,3,68,0,,3,2,0,1,8,224,1,, -1,1,0,1,50,20,12,2021,08:00,2,81,81014,2,1,0,6,Route de Saint Pons,43.564258,2.563619,8,2,1
202100018144,169Â 182,A01,1,1,1,0,2,6,-1,-1, -1,-1,2021,25.0,0,1,0,2,1,1,1,,4,PORT (RUE DU),0,,2,2,0,1,(1),(1),1,, -1,2,0,1,50,18,9,2021,12:20,1,33,33529,2,1,1,2,Rue du Port,44.634332,-1.144587,12,2,2
202100033424,142Â 025,Z01,10,3,1,1,0,-1,-1,2,3,1,2021,21.0,0,2,0,1,1,16,0,,4,PLACE STUART MERRILL,0,,1,2,0,1,(1),(1),1,, -1,1,0,1,50,16,6,2021,12:20,1,75,75117,2,7,0,6,PLACE STUART MERRILL,48.886097,2.292452,12,2,1
202100035794,137Â 725,B01,1,1,1,1,2,6,-1,0,0,-1,2021,60.0,1,1,0,2,1,1,0,,7,D820,-1,,2,2,0,1,17,280,1,,6,1,0,1,70,8,6,2021,17:45,1,31,31182,1,3,0,3,D820,43.672761,1.409844,17,2,2
202100002957,196Â 487,B01,1,1,1,1,2,6,-1,-1, -1,-1,2021,47.0,3,1,0,2,1,1,1,,4,JACQUIN (RUE),0,,2,4,0,1,(1),(1),1,, -1,1,0,1,50,13,12,2021,14:42,1,10,10387,2,2,0,3,JACQUIN (RUE),48.3043,4.0828,14,5,2
202100042801,125Â 152,A01,1,1,1,1,2,8,-1,-1, -1,-1,2021,33.0,2,1,0,0,7,9,1,,2,RN3 (3),0,,3,2,0,2,(1),(1),1,, -1,1,0,8,110,23,4,2021,20:35,3,974,97416,1,9,0,7,RN3 (3),-21.3157537462,55.4908393101,20,1,1
202100037060,135Â 456,B01,7,2,2,0,8,0,-1,-1, -1,-1,2021,59.0,2,3,0,2,7,1,1,2.0,3,AV DU GENERAL DE GAULLE,0,,3,7,0,1,1,0,1,, -1,1,0,1,50,31,5,2021,17:00,1,94,94028,2,4,0,3,GAULLE(AVENUE DU GENERAL DE),48.78544,2.44993,17,3,2
202100054065,105Â 106,A01,1,1,1,0,1,0,-1,-1, -1,-1,2021,51.0,3,2,0,4,1,1,1,,4,,0,,2,2,0,1,(1),(1),1,, -1,2,0,1,50,22,1,2021,12:15,1,45,45147,2,2,1,3,Rue de la Bustiere,47.92912,1.91354,12,2,2
202100032299,144Â 024,A01,1,1,2,0,1,0,-1,-1, -1,-1,2021,23.0,2,2,0,2,1,2,1,,4,FAUBOURG CRONCELS (RUE DU),0,,2,2,0,1,(1),(1),1,, -1,1,0,1,50,25,6,2021,15:22,1,10,10387,2,3,0,2,FAUBOURG CRONCELS (RUE DU),48.281279,4.080001,15,2,2
202100003986,194Â 626,A01,5,2,1,5,1,0,-1,-1, -1,-1,2021,19.0,1,2,7,0,4,1,1,,4,MAS-BOUYOL  (CITE ET BOULEVARD DU),0,,3,6,0,1,8,0,2,, -1,2,0,1,50,7,12,2021,00:19,5,87,87085,2,1,1,6,MAS-BOUYOL  (CITE ET BOULEVARD DU),45.83336,1.22573,0,3,1
202100004978,192Â 891,A01,1,1,1,2,2,-1,-1,0,0,-1,2021,17.0,1,1,0,2,7,19,1,,2,3,0,R,2,2,0,1,10,200,1,, -1,1,0,1,60,3,12,2021,16:00,1,987,98747,1,1,0,3,PK 10+200 RT3 Ã  PUEU,-17.7648,-149.213089,16,2,2
202100051578,109Â 501,B01,1,1,2,5,1,5,-1,-1, -1,-1,2021,27.0,1,2,0,2,3,1,1,,4,RESISTANCE(BLD DE LA) 4 A DDASS,0,,2,2,0,2,(1),(1),1,, -1,1,5,1,50,10,2,2021,19:10,5,56,56260,2,2,0,3,Boulevard de la RÃ©sistance,47.64787,-2.78181,19,2,2
202100003673,195Â 192,A01,10,3,1,0,0,-1,-1,3,1,2,2021,32.0,1,5,0,1,1,0,0,,7,AV DE FRONTON,0,,2,2,0,1,35,70,1,, -1,2,0,1,50,10,12,2021,08:45,2,31,31555,2,1,1,6,AV DE FRONTON,43.64627,1.43328,8,2,1
202100004288,194Â 093,A01,10,3,1,5,0,-1,-1,4,3,1,2021,62.0,1,1,0,1,1,1,1,,4,BOULEVARD DE COURCELLES,0,,2,4,1,1,(1),(1),1,, -1,2,0,1,30,7,12,2021,18:05,3,75,75117,2,2,1,6,BOULEVARD DE COURCELLES,48.879555,2.305017,18,2,1
202100002582,197Â 170,B01,3,2,2,5,1,0,-1,-1, -1,-1,2021,17.0,1,2,0,2,4,1,2,,2,TOUTES RUES,0,,1,2,0,1,1,0,1,, -1,1,0,1,90,16,12,2021,22:00,3,202,202037,1,1,0,2,TOUTES RUES,42.6006339533,9.4385019855,22,5,2
202100009123,185Â 402,B01,2,2,2,9,8,0,-1,0,0,-1,2021,16.0,1,1,0,2,8,13,3,,4,RUE LA BOETIE,0,,1,3,3,1,(1),(1),1,, -1,1,-1,6,30,6,11,2021,14:05,1,75,75108,2,1,0,3,RUE LA BOETIE,48.873379,2.312639,14,3,2
202100011132,181Â 836,B01,1,1,1,5,2,6,-1,-1, -1,-1,2021,32.0,3,1,0,2,2,1,1,,3,909,0,,2,1,0,1,0,0,1,, -1,2,5,1,50,25,10,2021,12:00,1,92,92025,2,9,1,3,STALINGRAD (AV DE),48.9334015958,2.2646782547,12,2,2
202100006285,190Â 561,A01,1,1,2,1,2,0,-1,0,0,-1,2021,35.0,1,1,0,2,4,1,5,,4,RUE MANIN,0,,2,2,0,1,(1),(1),1,, -1,2,0,1,30,25,11,2021,17:50,5,75,75119,2,3,0,2,RUE MANIN,48.880422,2.379628,17,2,2
202100044869,121Â 516,A01,3,2,1,5,9,-1,-1,0,0,-1,2021,1.0,1,2,13,0,9,1,1,,3,4,0,,2,2,0,2,22,740,1,, -1,2,0,3,90,7,4,2021,03:30,3,61,61064,1,1,1,7,Les Buttes,48.64394,0.319891,3,2,1
202100013445,177Â 703,B01,1,1,1,3,2,6,-1,0,0,-1,2021,33.0,2,1,0,2,2,1,1,,7,820,0,R,4,2,0,1,17,200,1,,6,1,0,1,70,13,10,2021,19:30,5,31,31182,2,3,0,1,Intersection route de paris / Chemin de lespinasse,43.672763,1.409844,19,2,2
202100028400,150Â 948,A01,1,1,1,5,2,-1,-1,0,0,-1,2021,53.0,2,1,4,0,1,1,0,,1,A26,-1,,3,4,0,1,111,750,3,, -1,1,0,1,130,18,7,2021,14:35,1,62,62405,1,1,0,6,Aire des Bonnettes (Aire de repos),50.283907,2.958911,14,1,1
202100025542,156Â 018,B01,1,1,2,1,1,-1,-1,0,0,-1,2021,52.0,2,2,0,2,6,1,1,,1,63,-1,A,1,2,0,2,189,300,2,, -1,1,0,1,130,5,8,2021,09:00,1,64,64249,1,1,0,3,PK 189+300 A63 SENS Espagne-France,43.416918,-1.60505,9,3,2
202100019961,165Â 954,A01,1,1,1,5,2,6,-1,0,0,-1,2021,41.0,1,1,0,2,7,15,1,,3,323,0,D,2,2,0,3,3,800,1,, -1,1,0,1,90,10,9,2021,18:45,2,72,72359,1,1,0,3,Lieu Dit la Mahoulerie,48.122544,0.402848,18,2,2
202100002007,198Â 204,A01,1,1,1,0,8,0,-1,-1, -1,-1,2021,12.0,1,1,1,2,2,15,5,,4,,0,,2,2,0,1,(1),(1),1,, -1,1,0,1,30,17,12,2021,13:20,1,67,67482,2,2,0,1,BERNE (RUE DE),48.57751,7.75478,13,2,2
202100029996,148Â 177,B01,1,1,1,0,2,8,-1,-1, -1,-1,2021,36.0,1,1,0,2,1,1,1,,7,SAINT PIERRE (CHEMIN DE),0,,2,2,0,1,(1),(1),1,, -1,1,0,1,80,7,7,2021,18:05,1,13,13005,1,3,0,3,SAINT PIERRE (CHEMIN DE),43.30697,5.59232,18,2,2
202100017108,171Â 050,A01,10,3,1,0,0,-1,-1,2,3,1,2021,3.0,1,2,0,1,7,1,1,,4,BENOIT MALON (R),0,,1,1,0,2,0,0,1,, -1,1,0,1,30,23,9,2021,18:50,1,94,94017,2,1,0,6,BENOIT MALON (R),48.82759,2.50246,18,2,1
202100002224,197Â 814,B01,1,1,1,5,8,8,-1,-1, -1,-1,2021,24.0,1,1,0,2,1,2,1,,2,ROUTE NATIONALE 1,0,,1,2,0,1,0,0,1,, -1,1,0,1,90,18,12,2021,01:00,5,973,97302,2,6,0,2,ROUTE NATIONALE 1,4.9312543573,-52.3297893405,1,3,2
202100006679,189Â 843,A01,1,1,1,2,2,-1,-1,0,0,-1,2021,28.0,1,1,0,2,1,15,0,,4,EUROPE (DE 58 A 166 ET 99 A 129),0,,-1,2,0,1,(1),(1),1,, -1,1,0,1,50,22,11,2021,08:00,2,29,29019,2,2,0,1,Boulevard de lâEurope,48.41306,-4.5002,8,2,2
202100009590,184Â 565,A01,10,3,1,5,0,-1,-1,2,5,1,2021,22.0,1,2,0,1,2,1,1,,4,CHAZELLES ( COURS LOUIS  DE ),0,,2,4,3,1,(1),(1),1,, -1,1,5,1,30,29,10,2021,17:25,1,56,56121,2,1,0,6,CHAZELLES ( COURS LOUIS  DE ),47.75492,-3.36324,17,2,1
202100050722,111Â 021,B01,1,1,1,3,1,0,-1,-1, -1,-1,2021,47.0,2,2,0,2,4,2,2,,1,AUTOROUTE A3,0,,3,6,0,4,11,74,1,, -1,1,0,1,70,21,2,2021,19:30,3,93,93007,1,9,0,4,AUTOROUTE A3,48.9356146203,2.4805701017,19,3,3
202100038228,133Â 314,B01,1,1,1,4,8,0,-1,0,0,-1,2021,32.0,1,1,0,2,1,2,5,,4,BOULEVARD DE SEBASTOPOL,0,,1,4,1,1,(1),(1),1,, -1,2,5,5,50,25,5,2021,22:00,5,75,75101,2,2,1,2,BOULEVARD DE SEBASTOPOL,48.860073,2.349087,22,2,2
202100033283,142Â 279,A01,2,2,1,5,2,0,-1,-1, -1,-1,2021,26.0,1,1,0,2,1,10,1,,1,A55-Sens Marseille vers Martigues,0,,1,2,0,3,2,700,2,, -1,1,2,1,50,20,6,2021,02:18,5,13,13202,1,9,0,1,A55-Sens Marseille vers Martigues,43.31092,5.36842,2,3,2
202100028128,151Â 426,B01,1,1,1,1,2,0,-1,-1, -1,-1,2021,26.0,1,1,0,2,7,15,1,,4,ROND POINT  PONT FOUCHARD,0,,1,2,0,1,0,0,2,, -1,1,0,1,30,17,7,2021,11:35,1,49,49328,2,6,0,3,ROND POINT  PONT FOUCHARD,47.25376,-0.08548,11,2,2
202100049215,113Â 782,B01,1,1,2,0,2,0,-1,-1, -1,-1,2021,38.0,1,1,0,2,7,1,1,,3,MADELEINE (ROUTE DE LA),0,,1,1,0,1,2,300,3,, -1,2,0,1,50,4,3,2021,20:10,5,973,97302,2,9,1,3,MADELEINE (ROUTE DE LA),4.9186120278,-52.3217010556,20,2,2
202100038198,133Â 366,A01,10,3,2,2,0,-1,-1,1,3,1,2021,13.0,3,2,0,1,3,26,1,,4,JOLIOT CURIE -BD IRENE FREDERIC- PAIRS,0,,2,2,0,1,1,0,1,, -1,1,0,1,30,26,5,2021,12:10,1,11,11069,2,1,0,6,JOLIOT CURIE -BD IRENE FREDERIC- PAIRS,43.21363,2.36966,12,2,1
202100031793,144Â 929,A01,1,1,1,5,2,6,-1,0,0,-1,2021,50.0,1,1,0,0,7,1,1,,7,45,0,A,2,2,0,2,4,600,1,, -1,1,0,1,80,4,6,2021,17:15,1,13,13007,1,1,0,7,RD 45 A,43.336603,5.647697,17,1,1
202100036977,135Â 602,B01,1,1,1,1,2,6,-1,-1, -1,-1,2021,48.0,1,1,0,2,3,1,1,,3,BEAUREGARD DE ROUTE,0,,2,2,0,1,(1),(1),2,, -1,1,0,1,70,1,6,2021,12:05,1,69,69264,1,3,0,3,BEAUREGARD (DE) (RTE),45.999804417,4.7441379858,12,4,2
202100044642,121Â 926,B01,1,1,1,4,1,0,-1,-1, -1,-1,2021,34.0,1,4,0,2,6,1,1,,2,RN 104,0,,1,2,0,1,28,100,1,, -1,1,0,1,110,9,4,2021,10:10,1,91,91617,1,1,0,2,RN 104,48.63153,2.51074,10,2,2