Num_Acc,id_vehicule,num_veh,place,catu,sexe,trajet,secu1,secu2,secu3,locp,actp,etatp,year_acc,victim_age,senc,catv,obs,obsm,choc,manv,motor,occutc,catr,voie,v1,v2,circ,nbv,vosp,prof,pr,pr1,plan,lartpc,larrout,surf,infra,situ,vma,jour,mois,an,hrmn,lum,dep,com,agg_,int,atm,col,adr,lat,long,hour,nb_victim,nb_vehicules
202100026726,153Â 945,A01,2,2,2,5,1,-1,-1,0,0,-1,2021,71.0,1,2,0,2,1,13,1,,3,944,-1,,2,2,0,1,7,600,1,, -1,1,0,1,50,29,7,2021,15:15,1,64,64380,2,1,0,1,Route Departementale 944,43.507834,-0.383851,15,4,2
202100031704,145Â 087,B01,1,1,2,0,1,8,-1,-1, -1,-1,2021,60.0,1,2,0,2,4,1,1,,3,JOFFRE (AVENUE DU MARECHAL),0,,2,2,0,1,78,508,1,, -1,1,0,1,50,28,6,2021,14:35,1,31,31483,2,1,0,2,JOFFRE (AVENUE DU MARECHAL),43.1073,0.7194,14,3,2
202100015991,173Â 084,B01,2,2,2,9,1,-1,-1,0,0,-1,2021,33.0,1,2,0,2,1,1,1,,3,1029,-1,,2,2,0,1,11,850,1,, -1,2,5,1,80,1,10,2021,14:30,1,80,80273,1,2,1,1,D1029,49.784406,1.943593,14,3,2
202100017110,171Â 047,A01,10,3,2,0,0,-1,-1,4,3,1,2021,34.0,1,2,0,1,2,1,1,,3,LOUIS TALAMONI (R),0,,3,4,0,1,5,199,1,, -1,1,0,1,50,23,9,2021,08:25,1,94,94017,2,1,0,6,LOUIS TALAMONI (R),48.8130997052,2.5127577782,8,3,1
202100016777,171Â 624,A01,1,1,1,0,1,0,-1,-1, -1,-1,2021,35.0,1,2,0,2,7,15,1,,3,ROUTE NATIONALE 3,0,,2,1,0,1,1,0,1,, -1,1,0,1,50,25,9,2021,05:45,2,973,97302,1,1,0,3,ROUTE NATIONALE 3,4.9025,-52.3137,5,2,2
202100028172,151Â 340,A01,1,1,1,4,2,6,-1,-1, -1,-1,2021,44.0,2,1,0,2,5,26,1,,3,HENRI BARBUSSE - CAR DE LA LIBERATION (A,0,,2,4,0,2,1,0,1,, -1,1,0,1,50,19,7,2021,12:35,1,94,94081,2,1,0,3,Avenue Henri Barbusse,48.79267,2.38924,12,2,2
202100022563,161Â 296,B01,1,1,2,5,1,-1,-1,0,0,-1,2021,84.0,2,2,0,2,1,1,1,,3,642,-1,,2,2,0,1,21,475,1,, -1,1,0,1,50,26,8,2021,17:00,1,59,59184,2,1,0,5,Route Nationale,50.7303628396,2.4110081792,17,4,3
202100039194,131Â 566,B01,1,1,2,1,8,-1,-1,0,0,-1,2021,58.0,3,2,7,2,6,19,1,,3,D147,-1,,2,2,0,2,2,800,3,, -1,2,0,1,80,18,5,2021,20:55,2,45,45026,1,2,1,3,D147-PR 2 + 800,48.143812,2.962017,20,2,2
202100049810,112Â 713,A01,1,1,1,9,1,-1,-1,0,0,-1,2021,51.0,2,2,13,0,3,0,1,,3,28,-1,C,2,2,0,1,1,750,3,, -1,1,0,3,50,28,2,2021,18:00,2,54,54594,2,1,0,6,Route de Charey,48.975709,5.856394,18,1,1
202100009327,185Â 031,B01,1,1,1,9,8,8,-1,-1, -1,-1,2021,18.0,1,1,0,2,3,19,5,,4,,0,,1,1,0,1,0,0,1,, -1,1,0,1,30,3,11,2021,16:00,1,92,92025,2,1,0,3,ESTIENNE D'ORVES (RUE),48.915727,2.242405,16,2,2
202100006537,190Â 112,A01,1,1,2,1,1,-1,-1,-1, -1,-1,2021,24.0,1,2,0,2,1,2,1,,1,AUTOROUTE A 10,0,,3,6,0,1,542,200,3,, -1,2,0,1,90,24,11,2021,09:02,1,33,33096,1,1,1,2,AUTOROUTE A 10,44.89241,-0.50062,9,5,2
202100022000,162Â 310,A01,2,2,1,4,1,-1,-1,0,0,-1,2021,45.0,0,2,0,2,3,15,1,,3,6,-1,B,2,2,0,1,14,100,1,, -1,1,0,1,80,30,8,2021,10:00,1,24,24269,1,2,0,3,les taches,45.60332,0.855517,10,3,2
202100012632,179Â 133,B01,1,1,2,5,8,0,-1,-1, -1,-1,2021,34.0,1,1,0,2,1,9,3,,4,BAZEILLES (BD / ROND POINT DE),0,,-1,2,0,1,0,0,1,, -1,1,0,1,50,17,10,2021,10:35,1,83,83137,2,3,0,3,BAZEILLES (BD / ROND POINT DE),43.1120847849,5.9357392788,10,3,2
202100015668,173Â 662,A01,1,1,2,3,1,-1,-1,0,0,-1,2021,66.0,1,2,0,2,3,19,0,,3,138,-1,,2,2,0,1,12,399,1,, -1,2,0,1,80,2,10,2021,15:10,1,62,62204,1,2,1,3,Campagne-lÃ¨s-Hesdin,50.409502,1.84845,15,2,2
202100035207,138Â 769,A01,10,3,1,5,0,-1,-1,2,B,1,2021,35.0,3,0,0,1,0,14,0,,4,COUTURIER ( RUE GUSTAVE),0,,2,2,0,1,(1),(1),1,, -1,1,0,1,50,10,6,2021,01:38,5,76,76259,2,1,0,6,COUTURIER ( RUE GUSTAVE),49.75426,0.38836,1,2,1
202100041067,128Â 202,B01,1,1,1,0,1,8,-1,-1, -1,-1,2021,38.0,2,2,0,2,1,1,1,,3,837,0,,2,2,0,1,3,0,1,, -1,1,0,1,70,4,5,2021,17:40,1,91,91433,1,1,1,3,CD 837,48.42586,2.23535,17,2,2
202100043101,124Â 634,A01,1,1,1,9,1,-1,-1,0,0,-1,2021,54.0,2,5,3,0,1,13,1,,1,51,0,,1,4,0,1,84,440,1,, -1,1,3,2,130,23,4,2021,07:30,1,4,4034,1,9,0,6,A 51,43.917669,5.890163,7,1,1
202100039160,131Â 628,A01,10,3,1,5,0,-1,-1,1,3,1,2021,4.0,2,2,0,1,0,1,1,,3,MARNES (RUE DE),0,,2,2,0,1,0,0,1,, -1,2,0,1,50,18,5,2021,18:50,1,92,92077,2,1,1,6,MARNES (RUE DE),48.8286,2.18308,18,2,1
202100047682,116Â 524,A01,2,2,1,2,3,-1,-1,0,0,-1,2021,1.0,2,2,2,0,2,21,1,,3,,-1,,2,2,0,1,35,313,1,, -1,1,0,3,-1,17,3,2021,13:05,1,85,85051,1,1,0,6,D31,46.671364,-1.019003,13,2,1
202100009889,184Â 020,A01,1,1,1,5,1,0,-1,-1, -1,-1,2021,37.0,1,2,0,0,1,1,1,,1,A86 INT,0,,-1,2,0,1,46,299,3,, -1,2,0,1,90,2,11,2021,00:10,3,94,94073,1,1,1,6,A86 INT,48.7592916531,2.3835324056,0,1,1
202100000774,200Â 330,A01,1,1,1,4,2,6,-1,0,0,-1,2021,20.0,0,1,0,2,0,1,3,,4,POMPIDOU (BOULEVARD GEORGES),0,,3,2,0,1,1,0,1,, -1,1,0,1,50,28,12,2021,20:35,5,14,14118,2,1,0,6,Boulevard Georges Pompidou,49.18151,-0.40079,20,1,1
202100013358,177Â 872,C01,1,1,2,5,1,0,-1,-1, -1,-1,2021,26.0,1,2,0,2,1,1,1,,1,A50-Sens Aubagne vers Marseille,0,,1,3,0,1,12,949,1,, -1,1,0,1,90,13,10,2021,22:16,3,13,13005,1,1,0,2,A50-Sens Aubagne vers Marseille,43.2891,5.5505,22,3,3
202100054227,104Â 821,A01,1,1,2,1,2,6,-1,0,0,-1,2021,25.0,1,1,0,2,8,2,1,,4,JUGAN (RUE JEANNE),0,,2,1,0,2,(1),(1),1,, -1,2,0,1,50,21,1,2021,08:45,1,6,6069,1,1,0,7,JUGAN (RUE JEANNE),43.65715,6.9113,8,1,1
202100003290,195Â 884,A01,1,1,1,5,1,-1,-1,0,0,-1,2021,73.0,1,2,0,2,2,11,1,,3,1504,-1,,2,2,0,1,50,636,1,, -1,2,0,1,70,14,12,2021,08:53,1,1,1034,1,3,0,3,ZI de Coron,45.750771,5.707266,8,2,2
202100054800,103Â 841,A01,10,3,1,5,0,-1,-1,2,5,3,2021,14.0,2,2,0,1,8,1,1,,4,,0,,1,1,0,2,0,0,1,, -1,5,0,1,30,16,1,2021,15:20,1,92,92007,2,1,1,6,LIBERTE (RUE DE LA),48.794714292,2.3148214817,15,2,1
202100027795,152Â 030,A01,1,1,1,0,8,-1,-1,0,0,-1,2021,32.0,0,2,3,0,7,1,1,,2,1013,0,N,3,4,0,1,23,400,1,, -1,1,0,3,110,21,7,2021,20:00,1,27,27017,1,1,0,6,N 1013,48.9981415,1.1644864,20,1,1
202100016637,171Â 893,B01,1,1,1,5,2,6,-1,-1, -1,-1,2021,30.0,3,1,0,2,7,1,1,,4,ALBERT SCHWEITZER (RUE),0,,2,2,0,2,0,0,1,, -1,2,1,1,50,26,9,2021,14:15,1,77,77083,2,3,1,3,EDOUARD BRANLY (ALLEE),48.850391,2.582891,14,3,2
202100013264,178Â 031,A01,10,3,2,1,0,-1,-1,3,3,1,2021,24.0,1,2,0,1,1,1,1,,4,BEAUGAILLARD (AVENUE),0,,1,2,0,4,(1),(1),1,, -1,1,0,1,50,14,10,2021,14:35,1,37,37208,2,1,0,6,BEAUGAILLARD (AVENUE),47.365084548,0.7185852528,14,2,1
202100036012,137Â 317,A01,1,1,1,5,2,-1,-1,0,0,-1,2021,32.0,3,1,0,0,8,0,1,,4,,-1,,2,2,0,1,(1),(1),1,,3,1,0,1,50,8,6,2021,03:00,5,17,17323,2,1,0,7,Rue des jardins,46.019362,-1.378098,3,1,1
202100034169,140Â 685,A01,1,1,1,5,1,-1,-1,0,0,-1,2021,72.0,2,2,4,0,1,1,1,,1,10,-1,,3,4,0,1,349,120,1,, -1,2,0,1,130,19,5,2021,09:50,1,79,79189,1,1,1,7,,46.408688,-0.143595,9,1,1
202100046658,118Â 366,B01,1,1,2,2,1,0,-1,-1, -1,-1,2021,39.0,1,2,0,2,4,0,0,,4,OUEST (BOULEVARD DE L'),0,,2,2,1,1,0,0,1,, -1,1,0,1,30,25,3,2021,17:00,1,93,93062,2,1,0,2,OUEST (BOULEVARD DE L'),48.90109,2.51182,17,2,2
202100035301,138Â 605,A01,10,3,2,5,0,-1,-1,2,3,1,2021,69.0,2,2,0,1,2,1,1,,4,RUE DE BAGNOLET,0,,2,3,0,1,(1),(1),1,, -1,1,0,1,50,10,6,2021,14:20,1,75,75120,2,1,0,6,RUE DE BAGNOLET,48.863356,2.40734,14,2,1
202100017739,169Â 916,B01,1,1,1,4,2,6,-1,0,0,-1,2021,45.0,1,1,0,2,2,1,1,,7,986,0,D,3,4,1,1,53,900,1,, -1,1,9,1,70,22,9,2021,16:50,1,34,34337,1,6,0,2,RD 986,43.540429,3.897271,16,3,2
202100011593,181Â 004,B01,1,1,1,0,2,8,-1,-1, -1,-1,2021,38.0,1,1,0,2,3,1,3,,7,CACHIN(AVENUE M.)NÂ°IMPAIRS(U2 A LENINE),0,,1,2,1,1,0,0,1,, -1,1,0,4,50,21,10,2021,12:05,1,38,38421,2,1,0,3,CACHIN(AVENUE M.)NÂ°IMPAIRS(U2 A LENINE),45.16456,5.74995,12,2,2
202100037738,134Â 212,A01,10,3,2,0,0,-1,-1,2,3,2,2021,54.0,1,2,0,1,8,1,1,,4,VIENNE (DE)                         (RO),0,,2,2,0,1,(1),(1),1,, -1,1,0,1,50,28,5,2021,17:50,1,69,69259,2,1,0,6,VIENNE (DE) (RTE),45.7203854431,4.8543772101,17,2,1
202100025746,155Â 662,B01,2,2,1,4,1,-1,-1,0,0,-1,2021,45.0,1,5,0,2,5,0,1,,2,RN 814,0,,1,2,0,1,7,0,1,, -1,1,8,1,90,3,8,2021,16:15,1,14,14118,2,1,0,3,N814,49.19844,-0.37346,16,3,2
202100033627,141Â 656,A01,10,3,2,9,0,-1,-1,2,4,1,2021,64.0,2,1,0,1,1,5,1,,4,RUE DE BELLEVILLE,0,,2,2,3,2,(1),(1),1,, -1,1,0,6,30,18,6,2021,11:45,1,75,75120,2,1,0,6,RUE DE BELLEVILLE,48.872243,2.377447,11,2,1
202100029803,148Â 514,B01,1,1,1,9,8,0,-1,-1, -1,-1,2021,30.0,3,1,0,2,1,1,1,,7,8 MAI 1945 (AVENUE DU),0,,2,2,0,2,0,0,1,, -1,1,0,1,50,8,7,2021,15:40,1,13,13106,2,1,0,3,8 MAI 1945 (AVENUE DU),43.39378,5.36477,15,6,3
202100033136,142Â 526,A01,1,1,1,5,2,-1,-1,0,0,-1,2021,40.0,1,1,0,2,1,1,1,,3,62,-1,,2,2,0,1,4,180,1,, -1,1,0,1,50,21,6,2021,08:12,1,88,88465,2,1,0,2,330 Rue d Alsace (Girmont),48.260781,6.442591,8,2,2
202100025257,156Â 510,A01,1,1,1,5,8,0,-1,-1, -1,-1,2021,29.0,1,2,0,2,1,5,1,,4,CARNOT (AVE LAZARE),0,,2,3,0,2,0,0,1,, -1,1,0,1,50,6,8,2021,08:30,1,83,83137,2,1,0,5,CARNOT (AVE LAZARE),43.1269981726,5.9252303839,8,5,4
202100028378,150Â 984,A01,1,1,1,5,2,-1,-1,0,0,-1,2021,16.0,2,1,16,0,0,1,1,,3,343,-1,,2,2,0,2,2,430,3,, -1,1,0,3,80,18,7,2021,18:30,1,39,39336,1,1,1,7,,46.828022,5.849888,18,1,1
202100021776,162Â 700,A01,10,3,2,5,0,-1,-1,8,9,1,2021,31.0,3,2,0,1,1,26,1,,4,PAIN DE SUCRE (CHEMIN),0,,-1,1,0,2,(1),(1),1,, -1,1,9,4,20,29,8,2021,18:35,1,54,54165,1,1,0,6,PAIN DE SUCRE (CHEMIN),48.7186588094,6.2213636935,18,3,1
202100051572,109Â 515,A01,1,1,1,5,8,8,-1,-1, -1,-1,2021,22.0,1,2,6,0,1,26,1,,4,ROMILLY (RUE DE),0,,1,1,0,1,(1),(1),1,, -1,1,0,4,50,13,2,2021,23:00,5,78,78396,2,1,0,6,ROMILLY (RUE DE),48.9408,2.12806,23,2,1
202100029383,149Â 256,A01,1,1,1,4,0,-1,-1,0,0,-1,2021,23.0,1,5,0,2,1,13,1,,3,d115,0,D,2,2,0,2,1,0,3,, -1,1,0,1,80,13,7,2021,11:45,1,38,38304,1,1,0,1,D115d,44.949107,5.766419,11,3,2
202100000844,200Â 223,A01,10,3,1,0,0,-1,-1,3,3,1,2021,36.0,2,2,0,1,3,1,1,,7,ROUTE DE STRASBOURG                 (RO),0,,3,2,0,1,4,700,1,, -1,2,0,1,50,28,12,2021,19:05,5,69,69286,2,1,1,6,ROUTE DE STRASBOURG (RTE),45.81776,4.89216,19,3,1
202100040881,128Â 551,A01,1,1,1,5,1,0,-1,-1, -1,-1,2021,39.0,1,2,1,0,1,1,1,,2,PERIGUEUX (ROUTE DE),0,,2,2,0,1,5,947,1,, -1,1,0,1,50,2,5,2021,04:11,4,87,87075,2,1,0,6,PERIGUEUX (ROUTE DE),45.79362,1.221,4,1,1
202100023357,159Â 864,B01,1,1,1,1,2,6,9,0,0,-1,2021,24.0,2,1,0,2,1,1,1,,4,,0,,2,2,0,1,(1),(1),1,,7,2,0,1,50,10,7,2021,15:09,1,18,18197,2,3,1,3,165 Avenue du Tour de France,46.721369,2.524978,15,2,2
202100007458,188Â 421,A01,10,3,1,0,8,8,-1,3,3,1,2021,15.0,1,2,0,1,1,14,0,,3,JAURES (AVENUE JEAN),0,,1,2,1,1,0,0,1,, -1,1,0,1,50,18,11,2021,16:15,1,93,93027,2,1,0,1,JAURES (AVENUE JEAN),48.92433,2.40286,16,2,1
202100003396,195Â 690,A01,1,1,1,0,2,-1,-1,-1, -1,-1,2021,37.0,2,1,12,0,1,1,1,,4,CHAMPAGNE (DE)                      (AV),0,,2,2,2,1,(1),(1),1,, -1,1,0,1,50,11,12,2021,20:10,5,69,69389,2,2,0,6,CHAMPAGNE (DE) (AV),45.7898485601,4.7976136208,20,1,1
202100054706,104Â 003,A01,4,2,1,9,1,-1,-1,0,0,-1,2021,70.0,1,2,3,6,1,0,1,,1,11,-1,,1,5,0,2,120,200,2,, -1,1,0,1,130,17,1,2021,20:40,2,28,28327,1,1,0,6,A11,48.189169,0.809957,20,5,1
202100034859,139Â 398,A01,1,1,2,1,1,-1,-1,0,0,-1,2021,24.0,1,2,0,0,1,13,1,,3,28,0,D,2,2,0,1,8,500,2,, -1,2,0,3,80,12,6,2021,06:45,1,27,27434,1,1,1,7,RD 28,49.208304,0.491338,6,1,1
202100007944,187Â 539,B01,5,2,1,4,8,0,-1,-1, -1,-1,2021,38.0,2,5,0,2,5,23,1,,2,RN12,0,,3,3,0,1,24,200,1,, -1,1,0,8,70,16,11,2021,15:45,1,78,78646,1,9,0,2,RN12,48.79312,2.0818,15,5,2
202100009422,184Â 856,A01,10,3,1,0,8,8,-1,4,5,1,2021,7.0,3,5,0,1,3,1,1,,7,CARNOT (BLD) DE1 A 29,0,,1,2,0,1,(1),(1),1,, -1,1,0,6,50,4,11,2021,13:40,1,59,59421,2,1,0,6,CARNOT (BLD) DE1 A 29,50.7035883121,3.1429213285,13,2,1
202100043204,124Â 434,B01,1,1,1,9,2,6,-1,0,0,-1,2021,42.0,2,1,0,2,1,1,1,,4,RUE DE LISBONNE,0,,1,1,0,1,(1),(1),1,, -1,1,0,1,50,21,4,2021,19:00,1,75,75108,2,2,0,3,RUE DE LISBONNE,48.877746,2.315596,19,3,2
202100047824,116Â 270,B01,3,2,2,5,1,0,-1,0,0,-1,2021,6.0,1,2,0,2,4,23,1,,3,EYSSAGNIERES ( ROUTE DES ),0,,2,2,0,2,0,470,1,, -1,1,0,1,50,15,3,2021,08:07,1,5,5061,2,1,0,2,EYSSAGNIERES ( ROUTE DES ),44.55334,6.05489,8,3,2
202100021556,163Â 107,A01,1,1,1,9,1,-1,-1,-1, -1,-1,2021,48.0,2,2,0,2,1,2,1,,1,AUTOROUTE A 63,0,,3,4,0,1,8,254,1,, -1,1,0,1,130,1,9,2021,07:55,1,33,33122,1,1,0,4,AUTOROUTE A 63,44.7419,-0.70873,7,3,3
202100021496,163Â 212,B01,1,1,1,9,2,6,-1,-1, -1,-1,2021,47.0,1,1,0,2,1,0,0,,3,JAURES (AVENUE JEAN),0,,3,4,0,1,0,0,1,, -1,1,8,1,50,1,9,2021,09:10,1,93,93027,2,2,0,3,Avenue Jean JaurÃ¨s / Rue Danton,48.92239,2.40706,9,2,2
202100040349,129Â 480,B01,1,1,1,1,8,4,-1,0,0,-1,2021,29.0,1,1,0,2,1,1,5,,3,BLACHES DU COUCHANT (Rond point),0,,1,2,1,1,2,205,4,, -1,2,0,1,50,11,5,2021,08:40,1,26,26198,2,6,1,3,178 Route de Chateauneuf,44.5279,4.7345,8,2,2
202100011490,181Â 190,B01,1,1,1,5,2,6,9,0,0,-1,2021,43.0,3,1,0,2,1,1,1,,2,2,-1,,2,2,0,1,(1),(1),3,, -1,1,0,1,50,24,10,2021,12:10,1,974,97417,1,1,0,2,78 Route Nationale 2 Ravine Ango,-21.347878,55.792608,12,3,2
202100036015,137Â 312,A01,1,1,1,4,1,-1,-1,0,0,-1,2021,32.0,2,5,0,2,1,17,1,,7,723,-1,,2,2,0,1,45,450,1,, -1,1,0,1,80,8,6,2021,15:40,1,44,44204,1,1,0,1,Chemin Nantais RD 723,47.289134,-1.432219,15,2,2
202100035752,137Â 802,Z01,10,3,1,4,8,8,-1,4,3,1,2021,54.0,1,2,0,1,1,16,1,,4,RUE DE PRONY,0,,2,2,0,1,(1),(1),1,, -1,1,0,1,30,7,6,2021,15:15,1,75,75117,2,2,0,6,RUE DE PRONY,48.881744,2.305594,15,2,1
202100041724,127Â 030,B01,1,1,1,4,1,-1,-1,0,0,-1,2021,22.0,1,5,0,9,2,2,1,,1,28,0,A,1,4,0,2,67,600,1,, -1,1,0,1,130,3,5,2021,09:15,1,72,72191,1,1,0,2,A28 - PK 066.700 - Sens TOURS LE MANS,47.753794,0.314739,9,3,2
202100007565,188Â 220,A01,2,2,2,0,1,-1,-1,-1, -1,-1,2021,76.0,1,2,0,2,7,15,1,,4,FELIX FAURE                         (AV),0,,2,4,3,1,(1),(1),1,, -1,1,0,1,50,17,11,2021,19:20,5,69,69383,2,1,0,3,FELIX FAURE (AV),45.75391,4.8611,19,5,2
202100028415,150Â 925,A01,1,1,1,5,2,9,-1,0,0,-1,2021,50.0,2,1,0,2,1,0,5,,3,RD,0,,2,2,0,2,5,350,4,, -1,1,0,1,80,18,7,2021,12:30,1,67,67052,1,1,0,1,"RD 766, PK 5+350",48.448504,7.315156,12,2,2
202100024415,158Â 042,A01,1,1,2,1,1,-1,-1,0,0,-1,2021,19.0,1,2,13,0,3,1,1,,3,12,0,D,2,2,0,2,42,200,3,, -1,2,0,1,80,25,7,2021,07:00,2,85,85050,1,1,1,6,La Chevrie,46.516986,-1.354741,7,1,1
202100015672,173Â 655,A01,10,3,2,5,0,-1,-1,5,9,3,2021,60.0,3,2,0,1,1,20,1,,4,,-1,,2,2,0,2,(1),(1),1,,4,1,9,4,50,1,10,2021,14:00,1,91,91272,2,1,0,6,Chemin des vignes,48.705602,2.119277,14,4,1
202100004844,193Â 129,A01,1,1,1,1,1,-1,-1,0,0,-1,2021,49.0,2,5,2,0,3,19,0,,3,901,0,,2,2,0,1,3,200,1,, -1,3,0,3,80,5,12,2021,12:55,1,62,62499,1,1,1,6,route nationale 1,50.385326,1.728104,12,1,1
202100051293,109Â 991,B01,1,1,1,0,0,-1,-1,-1, -1,-1,2021,33.0,1,1,0,2,7,1,6,,4,RUE BLUMEREL,0,,2,2,0,1,(1),(1),3,, -1,1,5,5,50,16,2,2021,17:00,1,33,33522,2,6,0,3,Rue Blumerel,44.80184,-0.58509,17,2,2
202100023524,159Â 586,B01,1,1,1,1,2,4,-1,0,0,-1,2021,53.0,3,1,0,2,1,13,1,,2,101,0,R,2,2,0,1,(1),(1),1,, -1,1,0,1,60,19,8,2021,22:00,3,987,98714,1,1,0,1,RT 101 Faanui proche base dÃ©part du pearl beach,-16.470864,-151.761489,22,2,2
202100040921,128Â 476,B01,1,1,1,1,1,0,-1,-1, -1,-1,2021,51.0,2,2,0,2,6,23,1,,4,LOIRE (LEVEE DE LA),0,,2,2,0,1,(1),(1),1,, -1,1,0,1,50,6,5,2021,15:35,1,37,37233,2,1,0,2,LOIRE (LEVEE DE LA),47.3986687412,0.7348780632,15,2,2
202100013631,177Â 350,B01,1,1,1,0,8,0,-1,0,0,-1,2021,24.0,3,1,0,9,0,2,3,,7,,0,,1,2,0,1,(1),(1),2,, -1,1,0,1,50,8,10,2021,15:00,1,63,63113,2,1,0,3,PARDIEU (ROND-POINT DE LA),45.7612,3.13264,15,2,2
202100001999,198Â 224,A01,10,3,2,0,0,-1,-1,5,2,2,2021,20.0,1,2,0,1,4,1,1,,3,COEUR VOLANT (COTE DU),0,,2,2,0,2,0,750,1,, -1,1,0,1,50,18,12,2021,12:15,1,78,78372,2,1,0,6,COEUR VOLANT (COTE DU),48.86491,2.1031,12,3,2
202100019206,167Â 297,B01,1,1,2,2,2,0,-1,0,0,-1,2021,16.0,1,1,0,2,8,7,3,,4,RUE LECOURBE,0,,1,3,3,1,(1),(1),1,, -1,1,0,6,50,13,9,2021,12:30,1,75,75115,2,2,0,3,RUE LECOURBE,48.839257,2.291975,12,2,2
202100054271,104Â 749,B01,1,1,2,1,1,-1,-1,0,0,-1,2021,54.0,2,2,0,2,1,1,1,,3,211,0,,2,2,0,1,13,1090,2,, -1,2,0,1,80,22,1,2021,12:45,1,61,61394,1,1,0,1,D 211,48.283225,0.580789,12,2,2
202100049747,112Â 819,T01,1,1,2,5,2,-1,-1,-1, -1,-1,2021,24.0,1,1,0,2,1,18,3,,4,EMILE ZOLA     (Cours),0,,2,2,2,1,(1),(1),1,, -1,1,0,1,50,28,2,2021,17:00,1,69,69266,2,3,0,3,EMILE ZOLA (CR),45.7678352871,4.8887399941,17,3,2
202100023992,158Â 753,B01,1,1,1,0,2,0,-1,-1, -1,-1,2021,37.0,1,1,12,2,3,1,1,,2,11 - RT,0,,2,3,0,2,1,0,1,, -1,1,1,1,50,15,8,2021,18:45,1,202,202033,2,1,0,2,11 - RT,42.67774,9.44492,18,2,2
202100049662,112Â 971,B01,1,1,2,1,2,6,-1,0,0,-1,2021,45.0,2,1,0,2,7,17,1,,4,RUE CASTAGNARY,0,,1,1,0,1,(1),(1),1,, -1,1,0,1,50,1,3,2021,07:50,1,75,75115,2,3,0,3,RUE CASTAGNARY,48.830692,2.306276,7,2,2
202100039624,130Â 762,B01,1,1,1,0,2,6,-1,-1, -1,-1,2021,27.0,1,1,0,2,3,1,1,,3,19,0,,1,3,2,1,0,0,1,, -1,2,9,1,50,17,5,2021,15:20,1,92,92024,2,3,0,3,MARTRE (RUE) DE (59 A 109)   (58 A 120),48.9017059565,2.3073327541,15,2,2
202100054095,105Â 054,B01,1,1,1,9,2,6,-1,0,0,-1,2021,32.0,1,1,0,2,8,15,1,,4,QUAI DE LA TOURNELLE,0,,1,3,1,1,(1),(1),1,, -1,1,0,1,50,22,1,2021,19:57,5,75,75105,2,4,0,2,QUAI DE LA TOURNELLE,48.849593,2.356117,19,2,2
202100044438,122Â 254,A01,4,2,1,1,1,8,-1,-1, -1,-1,2021,44.0,2,2,3,0,9,1,1,,1,A104,0,,1,1,0,2,27,500,3,, -1,2,3,1,50,10,4,2021,18:00,1,77,77059,1,1,1,7,A104,48.8428,2.6646,18,3,1
202100022898,160Â 692,B01,2,2,2,0,1,3,-1,-1, -1,-1,2021,1.0,2,2,0,2,3,1,1,,4,,0,,1,1,2,1,(1),(1),1,, -1,1,0,1,30,22,8,2021,15:25,1,69,69386,2,2,0,3,MOLIERE (R),45.76657,4.8424,15,3,2
202100020864,164Â 353,A01,1,1,2,5,8,-1,-1,-1, -1,-1,2021,48.0,1,1,0,1,1,1,5,,4,REPUBLIQUE CAUD (AVE DE LA),0,,1,1,1,2,(1),(1),1,, -1,1,0,5,50,4,9,2021,16:30,1,33,33063,2,9,0,6,Avenue de la RÃ©publique,44.83899,-0.61386,16,2,1
202100013801,177Â 027,B01,2,2,1,1,1,0,-1,-1, -1,-1,2021,46.0,1,2,0,2,4,1,1,,1,A4,0,,1,0,0,1,8,500,1,, -1,1,1,1,90,11,10,2021,16:20,1,94,94017,1,1,0,2,A4,48.830054266,2.4955528834,16,3,2
202100056212,101Â 416,A01,1,1,1,1,2,6,-1,0,0,-1,2021,33.0,1,1,0,2,1,1,1,,3,107,-1,,2,2,0,2,15,800,1,, -1,1,0,1,80,5,1,2021,17:25,1,30,30333,1,1,0,1,,43.7698,4.242,17,2,2
202100033452,141Â 974,B01,1,1,2,5,1,-1,-1,0,0,-1,2021,36.0,1,2,0,2,3,1,1,,3,03,-1,,2,2,0,3,32,0,3,, -1,1,0,1,80,19,6,2021,19:15,1,74,74076,1,1,0,1,Rte de la Balme,45.986627,6.054631,19,2,2
202100017422,170Â 483,B01,1,1,2,0,1,0,-1,-1, -1,-1,2021,25.0,1,2,0,2,4,0,0,,4,VILLEVAUDE (RUE DE  ),0,,1,1,0,1,(1),(1),1,, -1,1,0,1,50,22,9,2021,17:10,1,77,77372,2,9,0,2,VILLEVAUDE (RUE DE  ),48.88149,2.66175,17,2,2
202100019832,166Â 186,B01,1,1,2,0,2,0,-1,-1, -1,-1,2021,17.0,1,1,0,2,8,15,1,,4,BOUDINOT (AUGUSTE) CITE THEMIRE,0,,2,2,0,1,(1),(1),1,, -1,1,0,1,50,9,9,2021,08:00,1,973,97302,2,2,0,3,BOUDINOT (AUGUSTE) CITE THEMIRE,4.9348859773,-52.3190063239,8,2,2
202100006767,189Â 691,A01,1,1,1,2,2,6,-1,0,0,-1,2021,16.0,3,1,0,9,2,1,1,,4,,-1,,2,1,0,2,(1),(1),1,,4,9,0,1,30,24,11,2021,07:45,4,60,60029,2,1,1,6,287 Avenue du MarcÃ©hal Foch,49.371569,1.991686,7,1,1