Num_Acc,id_vehicule,num_veh,place,catu,sexe,trajet,secu1,secu2,secu3,locp,actp,etatp,year_acc,victim_age,senc,catv,obs,obsm,choc,manv,motor,occutc,catr,voie,v1,v2,circ,nbv,vosp,prof,pr,pr1,plan,lartpc,larrout,surf,infra,situ,vma,jour,mois,an,hrmn,lum,dep,com,agg_,int,atm,col,adr,lat,long,hour,nb_victim,nb_vehicules
202100035635,138Â 020,A01,1,1,1,0,2,-1,-1,0,0,-1,2021,32.0,1,1,0,9,0,0,1,,3,181,-1,,2,2,0,1,6,865,1,, -1,1,0,1,80,8,6,2021,18:50,1,57,57481,1,1,0,6,rue du gÃ©nÃ©ral de gaulle,49.219994,6.039916,18,1,1
202100019120,167Â 448,A01,1,1,1,0,2,6,-1,-1, -1,-1,2021,30.0,2,1,4,2,7,21,1,,1,AUTOROUTE A86,0,,3,7,0,1,18,0,1,, -1,2,0,1,90,14,9,2021,10:00,1,93,93027,1,1,1,7,AUTOROUTE A86,48.92786,2.40956,10,1,1
202100011222,181Â 674,A01,4,2,2,5,1,0,-1,-1, -1,-1,2021,18.0,2,2,13,0,9,1,1,,3,CIRCUIT (ROUTE DU ),0,,2,2,0,1,0,100,2,, -1,1,0,3,70,24,10,2021,04:25,3,31,31483,1,1,1,6,CIRCUIT (ROUTE DU ),43.10671,0.69472,4,3,1
202100019229,167Â 259,A01,1,1,1,1,2,6,-1,-1, -1,-1,2021,50.0,1,1,0,0,7,21,1,,4,,0,,2,2,0,1,0,0,1,, -1,1,0,1,50,13,9,2021,16:43,1,92,92064,2,1,0,7,FRANCIS CHAVETON,48.859532,2.20911,16,1,1
202100004535,193Â 670,A01,2,2,1,9,2,0,-1,0,0,-1,2021,28.0,1,1,0,2,4,2,1,,4,RUE LECOURBE,0,,1,1,0,1,(1),(1),1,, -1,2,0,1,30,4,12,2021,20:00,5,75,75115,2,3,1,2,RUE LECOURBE,48.840288,2.295173,20,3,2
202100043608,123Â 728,A01,1,1,1,5,1,-1,-1,-1,0,-1,2021,20.0,2,2,4,0,1,14,1,,1,AUTOROUTE A15,0,,1,2,0,1,13,600,3,, -1,1,3,1,70,18,4,2021,11:30,1,95,95424,1,1,0,6,A15,48.9889,2.19824,11,1,1
202100044542,122Â 101,B01,2,1,1,1,2,0,-1,-1, -1,-1,2021,60.0,1,1,0,2,1,2,1,,2,PETIT HAVRE (SECTEUR),0,,2,2,0,3,(1),(1),1,, -1,1,0,1,70,7,4,2021,16:25,1,971,97113,2,1,0,2,PETIT HAVRE (SECTEUR),16.214,-61.42862,16,2,2
202100030063,148Â 047,A01,2,2,2,9,1,-1,-1,0,0,-1,2021,22.0,2,2,0,0,4,1,1,,2,157,-1,,3,4,0,1,16,850,1,, -1,1,0,1,110,27,6,2021,19:00,1,35,35338,1,1,0,2,Route nationale 157,48.074906,-1.263807,19,3,2
202100047083,117Â 610,B01,1,1,2,5,1,-1,-1,0,0,-1,2021,29.0,1,2,0,2,2,9,1,,3,1215,-1,,2,2,0,1,70,500,1,, -1,1,0,1,80,22,3,2021,15:45,1,33,33348,1,2,0,3,,45.358286,-1.002229,15,3,2
202100043954,123Â 111,A01,1,1,1,4,1,-1,-1,0,0,-1,2021,29.0,1,2,0,2,1,17,1,,3,97,0,,2,2,0,1,24,650,1,, -1,1,0,1,80,12,4,2021,17:00,1,83,83100,1,1,0,3,Route Departementale 97,43.263144,6.113441,17,2,2
202100016601,171Â 960,A01,10,3,2,9,0,-1,-1,1,2,1,2021,60.0,2,1,0,1,3,5,1,,4,,-1,,2,2,0,1,(1),(1),1,,4,1,0,1,50,27,9,2021,18:30,1,59,59400,2,1,0,6,68 Rue Jean Jaures,50.6417953353,2.6513184842,18,2,1
202100034721,139Â 653,B01,2,2,2,9,1,0,-1,-1, -1,-1,2021,15.0,1,2,0,2,1,2,1,,1,AUTOROUTE A6,0,,3,6,0,1,16,500,1,, -1,1,0,1,110,12,6,2021,17:15,1,91,91216,1,1,0,4,AUTOROUTE A6,48.68152,2.33071,17,4,3
202100014344,176Â 067,B01,1,1,1,0,2,6,-1,-1, -1,-1,2021,39.0,1,1,0,2,8,0,1,,4,FOYER FRANCAIS (DU)                 (AV),0,,2,2,0,1,(1),(1),1,, -1,1,0,1,50,8,10,2021,19:10,5,69,69282,2,1,0,3,FOYER FRANCAIS (DU) (AV),45.77662,4.99376,19,2,2
202100029487,149Â 084,A01,1,1,2,5,0,-1,-1,0,0,-1,2021,15.0,2,1,0,0,0,1,3,,9,,-1,,2,1,0,2,(1),(1),1,,3,1,0,1,50,11,7,2021,18:00,1,68,68152,2,1,0,7,Chemin des Vignerons,47.67081,7.272472,18,2,1
202100014797,175Â 260,C01,1,1,2,0,1,-1,-1,-1, -1,-1,2021,22.0,2,2,0,2,4,2,1,,3,CHAMPAGNE   (  AVENUE DE),0,,1,2,0,1,22,900,1,, -1,2,0,1,70,5,10,2021,17:55,1,51,51454,2,1,1,4,Avenue de Champagne,49.22477,4.02597,17,4,4
202100030106,147Â 966,A01,1,1,2,9,1,-1,-1,0,0,-1,2021,34.0,2,2,13,0,3,0,1,,3,955,-1,,2,2,0,1,23,300,1,, -1,1,0,1,80,5,7,2021,21:55,3,4,4039,1,1,0,6,RD 955,43.877448,6.536286,21,1,1
202100053569,105Â 966,A01,10,3,2,0,0,-1,-1,9,3,2,2021,28.0,3,2,0,1,4,20,1,,9,JEAN DANAUX (RUE),0,,-1,0,0,1,0,0,1,, -1,1,0,8,30,26,1,2021,18:30,5,91,91326,2,9,0,6,JEAN DANAUX (RUE),48.69,2.38667,18,3,1
202100039229,131Â 496,D01,1,1,2,1,1,5,-1,-1, -1,-1,2021,39.0,2,2,0,2,1,1,1,,7,Autoroute A.35,0,,1,3,0,1,316,399,1,, -1,1,0,1,110,19,5,2021,08:22,1,67,67049,1,1,0,4,M35,48.52301,7.61988,8,4,4
202100036126,137Â 108,A01,1,1,1,5,2,6,-1,0,0,-1,2021,16.0,2,1,0,2,1,13,1,,7,2210,0,M,2,2,0,2,6,0,3,, -1,1,0,1,80,6,6,2021,18:45,1,6,6064,1,1,0,1,Route de Vence,43.756139,7.172908,18,2,2
202100049677,112Â 945,B01,1,1,1,1,1,0,-1,-1, -1,-1,2021,43.0,2,2,0,2,6,2,1,,3,CACHIN MARCEL (AVENUE),0,,3,2,0,1,(1),(1),1,, -1,1,5,1,50,1,3,2021,00:40,5,93,93066,2,2,0,5,Avenue Marcel Cachin,48.93720741,2.3720722819,0,3,3
202100020481,165Â 026,B01,1,1,1,0,2,-1,-1,-1, -1,-1,2021,35.0,1,1,0,2,4,2,1,,4,SAVOIES (DES)                       (AL),0,,1,2,0,1,(1),(1),1,, -1,1,0,1,50,5,9,2021,15:00,1,69,69259,2,1,0,2,SAVOIES (DES) (ALL),45.7168311113,4.8557800055,15,2,2
202100029692,148Â 724,B01,1,1,2,0,1,-1,-1,0,0,-1,2021,31.0,2,2,0,2,2,1,1,,3,1201,0,D,2,3,0,2,14,517,1,, -1,1,0,1,80,10,7,2021,16:30,1,74,74010,1,3,0,3,Av d Aix les Bains (Seynod),45.871037,6.074753,16,2,2
202100039547,130Â 902,A01,10,3,2,5,0,-1,-1,8,3,1,2021,62.0,0,2,0,1,1,15,1,,4,BELFORT (RUE DE),0,,2,1,0,2,0,0,1,, -1,1,0,1,30,14,5,2021,13:50,1,68,68224,2,9,0,6,BELFORT (RUE DE),47.7364,7.2916,13,2,1
202100026474,154Â 376,A01,1,1,1,5,1,8,-1,-1, -1,-1,2021,53.0,2,2,2,0,1,13,1,,3,PONTY (ROUTE DE),0,,2,2,0,1,36,370,3,, -1,1,0,8,50,27,7,2021,15:35,1,19,19275,1,1,0,6,PONTY (ROUTE DE),45.5442447242,2.2965030525,15,1,1
202100049660,112Â 974,B01,1,1,1,9,8,0,-1,0,0,-1,2021,44.0,1,1,0,2,8,7,1,,4,BOULEVARD BARBES,0,,2,4,3,1,(1),(1),1,, -1,1,-1,6,50,28,2,2021,12:20,1,75,75118,2,2,0,3,BOULEVARD BARBES,48.88835,2.3496,12,2,2
202100001784,198Â 603,A01,1,1,1,5,2,-1,-1,0,0,-1,2021,8.0,3,1,0,2,8,1,5,,4,,-1,,2,2,0,2,(1),(1),3,,4,1,0,1,50,24,12,2021,13:50,1,29,29195,2,3,0,3,Kreis Ker,48.61957,-4.554369,13,2,2
202100054514,104Â 333,B01,2,2,2,0,1,-1,-1,0,0,-1,2021,41.0,1,2,0,2,2,19,1,,3,3,0,,2,2,0,1,6,200,1,, -1,1,0,1,90,20,1,2021,09:40,1,973,97309,1,1,0,1,N3,4.879702,-52.279859,9,3,2
202100042510,125Â 634,A01,1,1,1,3,1,0,-1,-1, -1,-1,2021,30.0,1,2,14,0,1,14,1,,3,VICTOIRE (AV DE LA),0,,2,2,0,2,0,9,1,, -1,1,0,1,50,26,4,2021,18:55,1,94,94054,2,1,0,7,VICTOIRE (AV DE LA),48.74478,2.39829,18,1,1
202100030312,147Â 581,A01,1,1,1,9,1,0,-1,-1, -1,-1,2021,29.0,1,2,4,0,3,1,0,,1,A13,0,,3,6,0,1,5,599,1,, -1,1,0,1,110,7,7,2021,05:35,2,92,92064,1,1,0,6,A13,48.8378491587,2.1898092321,5,1,1
202100053863,105Â 468,B01,4,2,1,5,1,0,-1,-1, -1,-1,2021,38.0,2,2,0,2,1,1,1,,4,PAUL LANGEVIN (RUE),0,,2,2,0,1,0,0,1,, -1,2,0,1,50,24,1,2021,18:45,5,93,93007,2,2,1,3,PAUL LANGEVIN (RUE),48.94363,2.45916,18,4,2
202100053962,105Â 297,A01,1,1,2,5,1,8,-1,0,0,-1,2021,68.0,1,2,0,2,1,1,1,,4,QUAI DE BERCY,0,,3,6,0,4,(1),(1),1,, -1,2,1,1,50,23,1,2021,11:20,1,75,75112,2,1,1,2,QUAI DE BERCY,48.837983,2.376737,11,2,2
202100004986,192Â 874,B01,1,1,2,1,1,-1,-1,0,0,-1,2021,58.0,2,2,3,2,7,1,1,,3,982,-1,,1,1,0,1,24,400,1,, -1,2,3,1,80,3,12,2021,19:45,3,71,71275,1,3,1,3,Ãchangeur de Marcigny,46.277638,4.028635,19,2,2
202100004252,194Â 154,B01,3,2,1,2,1,-1,-1,-1, -1,-1,2021,9.0,0,2,0,2,1,1,1,,4,HENROT (BOULEVARD HENRI),0,,2,4,0,2,(1),(1),1,, -1,1,0,1,50,6,12,2021,17:10,5,51,51454,2,1,0,3,Boulevard Docteur Henri Henrot,49.24514,4.03177,17,3,2
202100044386,122Â 336,A01,1,1,1,9,2,-1,-1,0,0,-1,2021,56.0,2,1,6,0,2,1,1,,3,3,0,D,2,2,0,1,0,380,1,, -1,1,2,3,70,11,4,2021,18:00,1,47,47233,1,1,0,6,Rue Jean Moulin,44.526988,0.092941,18,1,1
202100056348,101Â 178,B01,1,1,1,1,2,0,-1,-1, -1,-1,2021,29.0,3,1,0,2,2,1,1,,3,39,0,,3,2,0,1,0,0,1,, -1,1,0,1,50,3,1,2021,16:10,2,92,92073,2,1,0,3,JAURES (AVENUE JEAN),48.86341,2.2094,16,2,2
202100010393,183Â 137,A01,1,1,1,3,1,-1,-1,0,0,-1,2021,27.0,1,2,1,0,9,1,1,,1,8,-1,,3,3,0,1,121,700,1,, -1,1,0,1,130,29,10,2021,12:30,1,83,83107,1,1,0,5,A8 PK 121+700,43.4592532005,6.6005086899,12,7,3
202100033527,141Â 842,Z01,10,3,2,5,8,8,-1,4,3,2,2021,12.0,2,0,0,1,1,1,0,,3,JOFFRE MARECHAL AVENUE DU,0,,2,4,0,1,26,0,1,, -1,1,0,1,50,18,6,2021,17:30,1,92,92050,2,2,0,6,JOFFRE MARECHAL AVENUE DU,48.8854087704,2.1959915757,17,2,1
202100041952,126Â 632,A01,1,1,1,1,2,0,-1,-1, -1,-1,2021,33.0,2,1,0,2,2,2,1,,4,,0,,2,2,0,1,0,0,1,, -1,1,0,1,50,29,4,2021,13:25,1,92,92046,2,3,0,3,PIERRE LAROUSSE (AVENUE),48.8202,2.30557,13,2,2
202100015294,174Â 376,A01,1,1,1,5,1,-1,-1,0,0,-1,2021,23.0,1,2,2,0,0,0,1,,4,10,0, -,2,2,0,3,(1),(1),2,, -1,1,0,3,50,22,7,2021,03:00,3,33,33487,2,1,0,6,Avenue Paul Princeteau,44.957282,-0.468882,3,2,1
202100034898,139Â 335,A01,1,1,2,5,1,-1,-1,0,0,-1,2021,19.0,2,2,0,2,1,13,1,,7,37,-1,,2,2,0,1,41,214,1,, -1,1,0,1,70,13,6,2021,12:40,1,31,31417,1,1,0,1,Route de Mondonville,43.630148,1.282753,12,4,2
202100012182,179Â 941,B01,10,3,2,0,0,-1,-1,2,9,1,2021,21.0,1,2,0,1,3,1,1,,3,RUE DE PARIS,0,,2,0,0,1,37,754,1,, -1,1,0,1,50,19,10,2021,12:30,1,77,77333,2,1,0,6,D607,48.266806,2.689863,12,2,1
202100003156,196Â 123,B01,1,1,1,2,8,0,-1,0,0,-1,2021,26.0,2,1,0,2,6,21,3,,4,RUE GAY LUSSAC,0,,2,1,0,1,(1),(1),1,, -1,3,0,1,30,13,12,2021,15:25,1,75,75105,2,1,0,2,RUE GAY LUSSAC,48.843718,2.342332,15,2,2
202100031196,145Â 975,B01,1,1,1,9,2,6,-1,0,0,-1,2021,34.0,2,1,0,2,4,23,1,,4,BOULEVARD PASTEUR,0,,2,6,0,2,(1),(1),1,, -1,1,0,1,50,2,7,2021,22:30,5,75,75115,2,1,0,2,BOULEVARD PASTEUR,48.839414,2.316132,22,2,2
202100018905,167Â 851,A01,10,3,2,2,0,-1,-1,2,3,1,2021,26.0,1,2,0,1,1,1,1,,4,DE LA REPUBLIQUE(AVENUE),0,,2,2,0,1,0,0,1,, -1,1,0,1,50,14,9,2021,06:00,2,974,97409,2,1,0,6,DE LA REPUBLIQUE(AVENUE),-20.9617739917,55.6528544426,6,2,1
202100029806,148Â 510,A01,1,1,1,0,2,0,-1,-1, -1,-1,2021,50.0,2,1,1,0,7,1,1,,4,CARMAGNOLES (BD),0,,1,1,0,1,0,0,1,, -1,1,0,1,50,9,7,2021,04:10,5,13,13208,2,1,0,6,CARMAGNOLES (BD),43.2683,5.38808,4,1,1
202100015335,174Â 299,B01,1,1,1,0,8,0,-1,-1, -1,-1,2021,19.0,2,1,0,2,4,1,3,,4,FAUBOURG DE BOURGOGNE (RUE DU),0,,2,2,0,1,(1),(1),1,, -1,2,0,1,50,3,10,2021,06:15,5,45,45284,2,1,1,2,105 Rue du Faubourg de Bourgogne,47.90303,1.93048,6,2,2
202100017994,169Â 464,A01,1,1,1,0,1,-1,-1,-1, -1,-1,2021,36.0,2,2,6,0,1,2,1,,4,NANSEN. RUE FRIDTJOF,0,,2,3,1,1,0,0,3,, -1,2,-1,1,50,19,9,2021,02:20,5,76,76540,2,1,1,6,NANSEN. RUE FRIDTJOF,49.445093766,1.063101661,2,1,1
202100013054,178Â 411,A01,1,1,1,0,2,0,-1,-1, -1,-1,2021,16.0,1,1,0,2,2,17,0,,3,PAUL GELOS (RUE),0,,2,3,3,1,27,455,1,, -1,1,0,1,50,15,10,2021,18:12,1,64,64189,2,1,0,3,PAUL GELOS (RUE),43.37853,-1.67073,18,2,2
202100021589,163Â 042,A01,1,1,1,4,8,0,-1,-1, -1,-1,2021,45.0,2,5,1,0,2,1,1,,4,MONTJOVIS (AVENUE),0,,2,2,0,1,0,0,1,, -1,1,0,1,50,30,8,2021,06:04,3,87,87085,2,1,0,6,MONTJOVIS (AVENUE),45.8437,1.24565,6,1,1
202100036816,135Â 895,A01,1,1,1,4,1,8,-1,-1, -1,-1,2021,30.0,1,2,0,2,6,1,1,,4,PERIER (BOULEVARD),0,,2,2,0,2,(1),(1),3,, -1,1,0,1,50,2,6,2021,17:41,1,13,13208,2,1,0,3,PERIER (BOULEVARD),43.27756,5.37615,17,2,2
202100007708,187Â 978,A01,1,1,2,1,1,-1,-1,0,0,-1,2021,51.0,2,2,2,0,1,14,1,,4,,-1,,2,2,0,1,(1),(1),1,,4,1,0,3,80,18,11,2021,13:00,1,14,14445,1,1,0,6,Rue Marie Louise Gallais (Vaubadon),49.2115278384,-0.8526125548,13,1,1
202100039503,130Â 993,A01,1,1,1,5,1,-1,-1,0,0,-1,2021,60.0,1,2,3,2,1,1,1,,2,88,0,,2,2,0,1,13,300,2,, -1,2,0,1,80,18,5,2021,17:25,1,12,12270,1,1,0,1,N88,44.352064,2.938988,17,3,2
202100039937,130Â 200,A01,1,1,2,5,1,-1,-1,-1, -1,-1,2021,43.0,0,2,6,0,1,16,1,,4,DUBOST (RUE),0,,2,1,0,1,(1),(1),1,, -1,1,0,1,50,13,5,2021,13:56,1,50,50173,2,1,0,6,DUBOST (RUE),49.64108,-1.67019,13,1,1
202100002169,197Â 909,A01,1,1,1,4,1,-1,-1,0,0,-1,2021,37.0,2,4,3,0,8,1,1,,3,773,0,,2,2,0,2,20,518,3,, -1,1,0,3,50,20,12,2021,14:10,1,44,44129,1,9,0,7,RD 773 - PR 20+400,47.448225,-2.088545,14,1,1
202100012084,180Â 114,A01,10,3,2,2,0,-1,-1,3,3,1,2021,15.0,0,2,0,1,1,1,1,,3,796,-1,D,2,2,0,3,24,0,1,, -1,2,0,1,50,21,10,2021,07:45,4,35,35085,2,1,1,6,51 Avenue de la Liberation,48.413561,-1.736843,7,2,1
202100021401,163Â 393,A01,2,2,2,5,1,-1,-1,-1,0,-1,2021,23.0,1,2,0,2,1,1,1,,1,AUTOROUTE A15,0,,3,9,0,1,9,500,1,, -1,1,0,1,110,1,9,2021,14:00,1,95,95582,1,1,0,2, A15,48.97231,2.24798,14,3,2
202100051193,110Â 166,A01,1,1,1,1,2,6,-1,0,0,-1,2021,34.0,2,1,12,0,2,14,3,,4,BOULEVARD MONTMARTRE,0,,2,2,0,2,(1),(1),1,, -1,2,0,1,50,17,2,2021,09:30,1,75,75109,2,5,0,7,BOULEVARD MONTMARTRE,48.8719773445,2.3400198206,9,1,1
202100002743,196Â 863,A01,1,1,1,1,2,6,-1,-1, -1,-1,2021,24.0,2,1,0,2,1,11,1,,4,RUE DE BERCHERES,0,,2,2,0,1,0,0,1,, -1,1,0,1,30,15,12,2021,07:50,5,77,77373,2,1,0,2,RUE DE BERCHERES,48.785056,2.609139,7,2,2
202100014530,175Â 734,A01,1,1,1,0,2,6,-1,-1, -1,-1,2021,22.0,1,1,0,0,0,1,1,,2,118,0,,1,3,0,1,1,799,1,, -1,1,0,1,70,8,10,2021,14:30,1,92,92072,1,1,0,7,N118,48.8151379116,2.2146828412,14,1,1
202100012862,178Â 736,B01,1,1,1,1,2,6,-1,0,0,-1,2021,56.0,1,1,0,2,8,3,1,,4,PORTE D ASNIERES,0,,1,4,0,1,18,200,1,, -1,1,1,1,70,15,10,2021,19:30,2,75,75117,2,1,0,3,PORTE D ASNIERES,48.890115,2.29852,19,2,2
202100038275,133Â 230,A01,10,3,2,3,0,-1,-1,5,B,1,2021,78.0,0,2,0,1,4,4,1,,4,2,0,,1,1,0,1,(1),(1),1,, -1,1,0,4,30,27,5,2021,10:34,1,52,52060,2,1,0,6,02 rue Vellonne,47.952748,5.747472,10,2,1
202100031369,145Â 675,A01,10,3,2,5,0,-1,-1,6,1,2,2021,65.0,1,2,0,1,7,1,1,,3,514,0,,2,2,0,1,(1),(1),1,, -1,1,0,1,80,29,6,2021,16:00,1,14,14401,1,1,0,6,D514,49.336599,-0.647236,16,2,1
202100028174,151Â 336,Y01,1,1,2,5,0,-1,-1,0,0,-1,2021,7.0,2,1,0,2,1,19,5,,4,CLAUDE BERNARD (R),0,,2,2,0,1,1,0,1,, -1,1,0,1,50,19,7,2021,19:10,1,94,94054,2,1,0,6,CLAUDE BERNARD (SQ),48.74982,2.4103,19,2,2
202100022054,162Â 209,A01,1,1,1,0,8,0,-1,-1, -1,-1,2021,17.0,3,1,0,2,1,13,1,,4,TROUBIRAN (CHEMIN DE),0,,2,2,0,1,(1),(1),1,, -1,1,0,1,50,28,8,2021,23:55,3,973,97309,2,1,0,1,TROUBIRAN (CHEMIN DE),4.920060078,-52.3044061662,23,2,2
202100037219,135Â 153,C01,1,1,2,0,1,0,-1,0,0,-1,2021,33.0,1,2,0,2,1,1,3,,7,D 210 A (RTE),0,,2,2,0,1,(1),(1),1,, -1,1,0,1,50,30,5,2021,11:59,1,63,63164,2,3,0,4,D 210 /allÃ©e ds Saules,45.83396,3.15841,11,3,3
202100030631,147Â 005,A01,1,1,1,1,2,6,-1,0,0,-1,2021,43.0,2,1,0,2,7,1,1,,3,916,0,,2,2,0,1,61,213,1,,4,1,0,1,90,6,7,2021,12:15,1,61,61096,1,3,0,3,Lieu Dit la Hubaudiere,48.544146,-0.400679,12,2,2
202100040107,129Â 907,A01,1,1,1,5,0,-1,-1,0,0,-1,2021,54.0,1,4,13,0,1,1,1,,4,211,0,C,2,2,0,2,0,0,2,0,"3,6",1,0,3,80,14,5,2021,12:00,1,16,16242,1,1,0,6,Lieu-Dit La Grange Ã  PÃ©rot,45.991675,0.351171,12,1,1
202100038730,132Â 397,A01,2,2,1,1,2,6,-1,-1, -1,-1,2021,26.0,2,1,4,0,7,1,1,,2,RN104,0,,-1,2,0,4,0,600,3,, -1,1,3,1,50,23,5,2021,09:55,1,77,77258,1,1,0,7,RN104,48.83066,2.62146,9,2,1
202100036543,136Â 395,A01,1,1,1,5,2,6,-1,0,0,-1,2021,45.0,1,1,0,2,1,2,1,,3,18,0,,2,2,0,1,5,200,1,, -1,1,2,1,50,4,6,2021,09:39,1,71,71420,1,1,0,2,D18 - PK 5+200,46.668258,4.950113,9,2,2
202100001578,198Â 991,A01,10,3,1,0,0,-1,-1,1,1,1,2021,48.0,2,2,0,1,3,1,1,,4,LOUISY MATHIEU,0,,2,2,0,1,(1),(1),1,, -1,1,0,1,50,23,12,2021,15:00,1,971,97120,2,1,0,6,LOUISY MATHIEU,16.22504,-61.52714,15,2,1
202100043841,123Â 314,A01,1,1,1,5,2,-1,-1,0,0,-1,2021,16.0,3,1,0,2,3,19,1,,4,,-1,,2,-1,-1,1,(1),(1),1,, -1,1,9,1,-1,17,4,2021,14:29,1,202,202134,2,3,0,1,Boulevard Charles-Marie Savelli,42.633809,8.942533,14,3,2
202100048772,114Â 586,B01,1,1,1,1,2,6,-1,0,0,-1,2021,57.0,1,1,0,2,7,1,1,,4,RUE DE BAGNOLET,0,,2,3,0,1,(1),(1),1,, -1,1,0,1,50,8,3,2021,18:20,2,75,75120,2,1,0,3,RUE DE BAGNOLET,48.863921,2.407857,18,3,2
202100007866,187Â 679,A01,10,3,1,0,0,-1,-1,1,3,1,2021,65.0,2,1,0,1,1,26,1,,3,WILSON (AVENUE DU PRESIDENT),0,,1,3,3,1,0,1,1,, -1,1,0,1,50,16,11,2021,13:50,1,93,93066,2,1,0,6,WILSON (AVENUE DU PRESIDENT),48.92928,2.35667,13,2,1
202100020515,164Â 965,A01,1,1,1,0,2,-1,-1,-1, -1,-1,2021,44.0,3,1,0,2,1,1,1,,4,KRAFFT (RUE HUGUES),0,,2,2,0,1,(1),(1),1,, -1,1,0,1,50,5,9,2021,18:35,1,51,51454,2,2,0,3,Rue Hugues Krafft,49.2752395695,4.0203111793,18,2,2
202100020989,164Â 146,A01,10,3,1,0,0,-1,-1,3,5,1,2021,9.0,2,2,0,1,1,1,1,,4,LECLERC (AVENUE DU GENERAL),0,,2,2,0,2,(1),(1),1,, -1,1,0,1,50,3,9,2021,17:00,1,54,54482,2,1,1,6,LECLERC (AVENUE DU GENERAL),48.70585,6.20331,17,2,1
202100054239,104Â 802,A01,10,3,2,5,0,-1,-1,4,3,1,2021,71.0,2,1,0,1,1,1,3,,4,RUE DE LOURMEL,0,,2,2,1,1,(1),(1),1,, -1,1,-1,5,30,20,1,2021,12:00,1,75,75115,2,2,0,6,RUE DE LOURMEL,48.842163,2.285575,12,2,1
202100027815,151Â 996,A01,1,1,1,5,1,-1,-1,0,0,-1,2021,71.0,3,2,13,0,3,13,1,,3,53,0,D,2,2,0,1,25,220,1,, -1,1,0,3,90,22,7,2021,13:00,1,61,61040,1,1,0,7,La Metairie,48.706709,-0.437973,13,1,1
202100016324,172Â 461,A01,1,1,1,5,2,6,-1,0,0,-1,2021,37.0,2,1,5,0,2,14,1,,7,468,0,M,2,2,0,1,63,300,3,, -1,1,0,3,80,24,8,2021,04:36,3,67,67519,1,1,0,6,M468,48.644819,7.794006,4,1,1
202100036644,136Â 208,B01,1,1,1,1,8,0,-1,0,0,-1,2021,31.0,1,1,0,2,1,1,3,,4,BOULEVARD BERTHIER,0,,2,4,1,1,(1),(1),1,, -1,1,0,1,50,3,6,2021,15:50,1,75,75117,2,2,0,3,BOULEVARD BERTHIER,48.890117,2.303808,15,2,2
202100055965,101Â 851,A01,1,1,1,0,2,0,-1,-1, -1,-1,2021,77.0,1,1,0,0,0,0,5,,4,CREPS PLACE EMILE,0,,2,4,0,1,0,1,1,, -1,1,0,1,50,7,1,2021,11:41,1,92,92049,2,7,0,7,CREPS PLACE EMILE,48.81876,2.31899,11,1,1
202100026952,153Â 534,A01,1,1,1,1,2,6,-1,0,0,-1,2021,48.0,1,1,0,2,1,2,3,,4,AVENUE DU MARECHAL GALLIENI,0,,2,4,0,1,(1),(1),1,, -1,2,0,1,50,26,7,2021,09:55,1,75,75107,2,2,1,2,AVENUE DU MARECHAL GALLIENI,48.861041,2.313238,9,2,2
202100042497,125Â 659,A01,2,2,2,5,2,6,-1,0,0,-1,2021,32.0,2,1,1,2,9,17,1,,4,AVENUE KLEBER,0,,2,2,0,1,(1),(1),1,, -1,1,0,1,50,25,4,2021,16:50,1,75,75116,2,1,0,3,AVENUE KLEBER,48.870746,2.292858,16,3,2
202100020926,164Â 251,A01,1,1,1,5,1,9,-1,0,0,-1,2021,46.0,1,2,2,0,3,1,1,,3,52,-1,,2,2,0,1,28,450,1,, -1,1,0,3,80,4,9,2021,20:00,1,2,2076,1,1,0,6,d52,49.398148,4.013143,20,1,1
202100016988,171Â 255,B01,1,1,1,1,2,6,-1,-1, -1,-1,2021,52.0,1,1,0,2,8,2,1,,4,FELIX GOUIN AVENUE,0,,2,-1,0,1,1,0,1,, -1,1,0,1,50,23,9,2021,16:08,1,13,13047,2,1,0,3,FELIX GOUIN AVENUE,43.5026654738,4.9858916294,16,2,2
202100032331,143Â 967,A01,10,3,1,1,0,-1,-1,8,3,1,2021,44.0,3,5,0,1,6,1,1,,4,PIERRE SEMARD (AV),0,,2,1,0,1,1,0,1,, -1,1,8,8,30,25,6,2021,11:30,1,94,94068,2,9,0,6,Avenue Pierre SÃ©mard,48.80576,2.51077,11,2,1
202100003111,196Â 205,A01,1,1,1,0,2,8,-1,-1, -1,-1,2021,39.0,3,1,0,0,1,1,1,,7,NATIONALE RUE,0,,2,0,0,2,(1),(1),1,, -1,2,0,1,40,12,12,2021,02:40,5,59,59378,2,6,1,7,NATIONALE RUE,50.6624372233,3.074323833,2,1,1
202100030768,146Â 763,A01,10,3,1,5,0,-1,-1,6,3,1,2021,78.0,1,2,0,1,2,1,1,,4,24 MARS 1852 ,0,,2,2,3,1,(1),(1),1,, -1,1,0,1,50,30,6,2021,14:30,1,69,69389,2,1,0,6,24 MARS 1852 (DU) (R) ,45.77877,4.80262,14,2,1
202100054656,104Â 096,C01,1,1,1,0,2,6,-1,-1, -1,-1,2021,45.0,2,1,0,2,1,2,1,,1,AUTOROUTE A25,0,,3,4,0,1,11,100,1,, -1,1,0,1,110,15,1,2021,18:45,3,59,59196,1,1,0,4,AUTOROUTE A25,50.631549,2.954205,18,4,4
202100049095,113Â 998,B01,1,1,1,4,2,6,-1,-1, -1,-1,2021,30.0,3,1,0,2,1,1,1,,4,HUGO (RUE VICTOR),0,,1,0,0,1,(1),(1),1,, -1,1,0,1,50,5,3,2021,19:13,5,37,37261,2,2,0,6,HUGO (RUE VICTOR),47.3886407645,0.6845882535,19,2,2