Num_Acc,id_vehicule,num_veh,place,catu,sexe,trajet,secu1,secu2,secu3,locp,actp,etatp,year_acc,victim_age,senc,catv,obs,obsm,choc,manv,motor,occutc,catr,voie,v1,v2,circ,nbv,vosp,prof,pr,pr1,plan,lartpc,larrout,surf,infra,situ,vma,jour,mois,an,hrmn,lum,dep,com,agg_,int,atm,col,adr,lat,long,hour,nb_victim,nb_vehicules
202100009575,184Â 591,A01,1,1,1,1,2,6,-1,-1,0,-1,2021,57.0,1,1,0,1,1,17,1,,3,GARE (ROUTE DE LA),0,,2,2,0,2,3,600,1,, -1,2,0,1,50,3,11,2021,08:02,1,95,95280,2,1,1,6,GARE (ROUTE DE LA),49.01428,2.47079,8,2,1
202100035021,139Â 100,B01,1,1,1,0,1,-1,-1,0,0,-1,2021,22.0,1,2,0,2,6,1,1,,4,LOUPPE ALBERT (DE 1 A 69 ET 2 A 62),0,,2,2,0,1,(1),(1),1,, -1,1,5,1,30,10,6,2021,19:25,1,29,29019,2,2,0,3,LOUPPE ALBERT (DE 1 A 69 ET 2 A 62),48.40305,-4.468905,19,2,2
202100015867,173Â 315,A01,1,1,1,0,8,0,-1,-1, -1,-1,2021,22.0,2,1,0,2,1,2,1,,2,ROUTE NATIONALE 1,0,,3,1,0,1,6,0,1,, -1,2,0,1,50,30,9,2021,10:20,1,972,97213,1,1,1,2,ROUTE NATIONALE 1,14.62122,-60.99195,10,2,2
202100054044,105Â 143,B01,2,2,1,5,1,0,-1,-1, -1,-1,2021,21.0,3,2,0,2,7,1,1,,4,BIR-HAKEIM (AVENUE DE),0,,2,0,0,1,0,0,1,, -1,1,0,1,50,23,1,2021,23:20,5,77,77285,2,2,0,1,BIR-HAKEIM (AVENUE DE),48.5442,2.64389,23,3,2
202100007841,187Â 721,A01,1,1,1,4,2,0,-1,0,0,-1,2021,61.0,2,1,0,2,2,16,1,,3,LIBERATION ( BD DE LA ),0,,1,2,0,1,69,830,2,, -1,1,0,1,50,15,11,2021,11:29,1,5,5061,2,3,0,3,LIBERATION ( BD DE LA ),44.5612,6.07969,11,2,2
202100024238,158Â 343,A01,1,1,1,0,8,0,-1,-1, -1,-1,2021,55.0,1,1,0,0,0,26,5,,3,CHASSE (ROUTE),0,,-1,2,0,1,0,0,1,, -1,1,0,4,50,13,8,2021,18:40,1,91,91685,2,1,0,7,CHASSE (ROUTE),48.661856,2.301273,18,1,1
202100016648,171Â 874,A01,2,2,2,5,1,-1,-1,-1, -1,-1,2021,84.0,2,2,0,2,1,1,1,,2,PORTE DE NORMANDIE,0,,3,4,0,1,25,570,1,, -1,1,0,1,90,26,9,2021,15:30,1,35,35051,1,1,0,2,PORTE DE NORMANDIE,48.14998,-1.60704,15,3,2
202100024330,158Â 181,A01,1,1,1,4,8,0,-1,-1, -1,-1,2021,62.0,2,1,0,2,3,0,1,,4,,0,,1,1,0,1,0,0,1,, -1,1,0,1,50,13,8,2021,14:25,1,92,92044,2,2,0,3,BAUDIN (RUE) 27A83 ET 36 A84,48.8981,2.28515,14,2,2
202100028827,150Â 194,A01,10,3,2,5,0,-1,-1,3,3,1,2021,27.0,2,2,0,1,3,1,1,,4,PAPIN (RUE DENIS),0,,2,2,0,1,(1),(1),1,, -1,2,0,1,20,13,7,2021,23:30,5,41,41018,2,1,1,6,PAPIN (RUE DENIS),47.58722,1.33199,23,2,1
202100049484,113Â 303,A01,1,1,1,4,2,6,-1,-1, -1,-1,2021,43.0,3,1,1,0,1,14,1,,4,NIELS BOHR     (Boulevard),0,,-1,0,0,1,(1),(1),1,, -1,1,0,1,30,2,3,2021,19:00,5,69,69266,2,1,0,6,NIELS BOHR (BD),45.78437,4.86672,19,1,1
202100042654,125Â 390,B01,2,2,1,0,1,0,-1,-1, -1,-1,2021,58.0,2,5,0,2,2,12,1,,1,A51-Sens Aix en Provence vers Marseille,0,,1,3,0,1,4,0,1,, -1,1,0,1,90,23,4,2021,17:15,1,13,13019,1,1,0,3,A51-Sens Aix en Provence vers Marseille,43.42259,5.37195,17,3,2
202100042638,125Â 416,A01,1,1,1,5,2,6,-1,0,0,-1,2021,15.0,1,1,0,0,0,21,1,,3,944,-1,,2,2,0,2,9,444,2,, -1,1,0,3,90,25,4,2021,12:00,1,5,5056,1,1,0,7,D944,44.635101,6.136208,12,2,2
202100025826,155Â 527,A01,1,1,1,1,1,-1,-1,0,0,-1,2021,28.0,2,2,0,2,1,13,1,,3,26,0,A,2,2,0,2,1,35,1,, -1,1,0,3,80,4,8,2021,13:15,1,77,77322,1,1,0,1,"Chemin Departemental 26A, PK 1+500",49.058528,2.588332,13,2,2
202100017293,170Â 740,B01,1,1,1,0,2,-1,-1,0,0,-1,2021,57.0,1,1,0,2,1,1,1,,2,5,-1,,2,2,0,1,(1),(1),1,, -1,1,0,1,-1,24,8,2021,07:05,1,971,97125,2,1,0,3,N5,16.292531,-61.289888,7,2,2
202100021553,163Â 112,A01,1,1,1,4,1,-1,-1,0,0,-1,2021,63.0,1,4,7,0,1,26,1,,3,643,0,D,3,2,0,1,(1),(1),1,, -1,1,5,1,80,1,9,2021,22:50,3,59,59263,1,6,0,7,D643,50.325875,3.109174,22,1,1
202100052421,108Â 010,A01,1,1,2,1,1,8,-1,-1, -1,-1,2021,21.0,2,2,13,0,2,14,1,,2,165,0,,3,4,0,1,96,470,1,, -1,2,0,3,90,4,2,2021,06:35,4,56,56098,1,1,1,6,N165 sens Brest/Nantes,47.7778706803,-3.3560818434,6,1,1
202100046264,119Â 079,A01,1,1,1,5,2,6,9,0,0,-1,2021,44.0,1,1,0,0,1,1,1,,3,41,0,,2,2,0,2,16,0,3,, -1,1,0,3,90,28,3,2021,16:20,1,19,19017,1,1,0,7,Route de l'Auvergnassou,45.0123320476,1.8763649034,16,1,1
202100008572,186Â 415,A01,1,1,2,0,1,-1,-1,0,0,-1,2021,32.0,1,2,0,0,9,2,1,,2,13,-1,,3,4,0,1,18,850,1,, -1,1,0,3,110,20,10,2021,18:00,2,27,27684,1,1,0,7,Route Nationale 13,49.014399,1.226006,18,1,1
202100019336,167Â 063,B01,1,1,1,5,2,0,-1,-1, -1,-1,2021,20.0,2,1,0,2,1,1,1,,3,PORTE DE PARIS (PLACE DE LA),0,,1,1,0,1,1,0,1,, -1,1,5,1,40,12,9,2021,22:35,5,59,59122,2,6,0,3,PORTE DE PARIS (PLACE DE LA),50.170316439,3.2307931781,22,2,2
202100047289,117Â 235,A01,1,1,1,5,2,6,-1,0,0,-1,2021,36.0,2,1,0,2,1,13,1,,3,19,0,,2,2,0,1,31,500,3,, -1,1,0,1,80,20,3,2021,17:00,1,25,25342,1,1,0,1,D19,47.168703,6.451313,17,2,2
202100041027,128Â 282,A01,1,1,2,5,1,-1,-1,0,0,-1,2021,33.0,2,2,13,0,2,14,1,,3,18,0,D,2,2,0,1,29,125,2,, -1,1,0,8,80,7,5,2021,23:00,3,81,81099,1,1,0,6,3223 chemin de toulze,43.927819,1.903596,23,1,1
202100009417,184Â 867,A01,1,1,2,0,1,0,-1,-1, -1,-1,2021,22.0,3,2,8,0,3,13,1,,3,D104,0,,2,2,0,1,9,800,1,, -1,2,0,3,80,4,11,2021,09:15,1,77,77048,1,1,1,6,D104,48.32428,2.69806,9,1,1
202100055167,103Â 206,B01,1,1,2,5,1,-1,-1,-1, -1,-1,2021,32.0,3,2,0,2,1,1,1,,4,,0,,2,2,0,1,(1),(1),1,, -1,2,0,1,50,12,1,2021,20:20,5,69,69264,2,2,1,4,PASQUIER PIERRE (BD),45.98669,4.73091,20,4,3
202100028190,151Â 307,A01,1,1,1,5,2,6,-1,-1, -1,-1,2021,27.0,1,1,0,2,1,1,1,,3,DE GAULLE (AVENUE CHARLES),0,,2,2,0,1,0,0,1,, -1,1,0,1,50,19,7,2021,15:30,1,92,92007,2,1,0,2,DE GAULLE (AVENUE CHARLES),48.7973678718,2.2980683884,15,2,2
202100019876,166Â 112,A01,10,3,1,0,0,-1,-1,4,3,1,2021,70.0,1,5,0,1,2,16,1,,4,BOURLEAUD (AVE EDOUARD),0,,-1,2,0,1,(1),(1),1,, -1,2,5,1,50,8,9,2021,11:35,1,33,33550,2,3,1,6,Avenue Edouard Bourlaux,44.78767,-0.56664,11,2,1
202100027601,152Â 386,A01,9,2,1,5,1,-1,-1,0,0,-1,2021,17.0,1,2,0,2,2,1,1,,1,11,-1,,3,3,0,1,49,175,1,,"13,5",1,0,1,130,23,7,2021,06:00,2,28,28104,1,1,0,2,AUTOROUTE A11  PK  49+175,48.47397,1.608255,6,4,2
202100008451,186Â 632,A01,1,1,1,0,1,0,-1,-1, -1,-1,2021,20.0,2,2,0,2,1,1,0,,2,RN 184 /  BRET. ACCES RD 203,0,,2,4,0,1,23,670,1,, -1,1,0,1,70,11,11,2021,09:10,1,78,78172,1,1,0,2,RN 184 /  BRET. ACCES RD 203,49.001685,2.081034,9,2,2
202100044621,121Â 963,A01,1,1,1,1,0,-1,-1,0,0,-1,2021,18.0,2,1,0,0,0,0,5,,4,,0,,2,2,0,1,(1),(1),1,, -1,1,0,1,50,9,3,2021,07:55,1,71,71230,2,1,0,7,6 Rue Jean Mermoz,46.600821,4.050457,7,1,1
202100047154,117Â 481,A01,10,3,1,5,0,-1,-1,3,3,1,2021,27.0,3,2,0,1,2,1,1,,4,,0,N,2,2,0,1,(1),(1),1,, -1,1,0,1,50,17,3,2021,18:00,1,56,56243,2,1,0,6,Avenue de Geispolsheim,47.653211,-2.720876,18,2,1
202100000239,201Â 297,A01,2,2,1,5,2,6,-1,-1, -1,-1,2021,17.0,2,1,0,2,1,1,1,,3,BOIS SABOT (RUE DU),0,,2,2,0,2,0,0,1,, -1,1,0,1,50,24,10,2021,12:10,1,28,28134,2,1,0,2,BOIS SABOT (RUE DU),48.7377,1.36124,12,3,2
202100010858,182Â 320,B01,2,2,2,0,1,0,-1,-1, -1,-1,2021,73.0,1,2,0,2,7,1,1,,3,VELLERON ROUTE DE,0,,-1,1,0,1,0,1,1,, -1,1,0,1,80,22,10,2021,19:35,1,84,84080,1,9,0,3,VELLERON ROUTE DE,44.01251,5.00915,19,3,2
202100018954,167Â 763,A01,1,1,2,2,8,0,-1,-1, -1,-1,2021,11.0,3,1,0,2,8,1,3,,4,CORMERY (RUE DE),0,,2,2,0,1,(1),(1),1,, -1,1,0,1,50,13,9,2021,15:45,1,37,37208,2,2,0,6,CORMERY (RUE DE),47.35756,0.73151,15,2,2
202100045425,120Â 533,A01,1,1,1,9,2,6,-1,0,0,-1,2021,52.0,1,1,0,2,2,1,1,,4,AVENUE VICTOR HUGO,0,,2,2,0,1,(1),(1),1,, -1,1,0,1,30,2,4,2021,10:50,1,75,75116,2,3,0,3,AVENUE VICTOR HUGO,48.868818,2.283328,10,2,2
202100031787,144Â 939,B01,3,2,2,5,1,5,-1,0,0,-1,2021,9.0,0,2,0,2,3,1,1,,3,285,0,N,1,2,0,1,4,755,1,, -1,1,0,1,50,20,6,2021,00:55,5,6,6085,2,2,0,3,Route du Cannet,43.582776,7.009566,0,4,2
202100056246,101Â 356,A01,1,1,1,5,2,0,-1,-1, -1,-1,2021,37.0,3,1,0,2,1,15,1,,4,JULES AVRIL,0,,1,1,0,2,(1),(1),1,, -1,1,0,1,50,1,1,2021,15:15,1,76,76351,2,3,0,1,Rue Jules Avril,49.49764,0.09679,15,3,2
202100033250,142Â 337,A01,1,1,2,5,1,-1,-1,0,0,-1,2021,30.0,3,2,0,2,1,1,1,,4,D8C,-1,,2,2,0,1,(1),(1),3,, -1,2,0,1,50,19,6,2021,16:05,1,22,22358,1,1,1,1,Beuzit Bras,48.615835,-3.148828,16,6,2
202100023801,159Â 076,B01,1,1,1,0,2,-1,-1,0,0,-1,2021,49.0,0,1,0,2,1,1,1,,2,,-1,,3,2,0,1,(1),(1),2,, -1,1,3,1,90,17,8,2021,16:30,1,987,98715,2,4,0,1,Route de Puurai,-17.558223,-149.597878,16,2,2
202100018086,169Â 304,A01,1,1,1,0,1,0,-1,-1, -1,-1,2021,23.0,1,2,0,2,8,1,1,,1,A55-Sens Marseille vers Martigues,0,,1,4,0,1,4,0,1,, -1,1,0,1,90,19,9,2021,06:40,2,13,13215,1,1,0,3,A55-Sens Marseille vers Martigues,43.3308,5.35469,6,2,2
202100008094,187Â 268,A01,2,2,2,5,1,-1,-1,0,0,-1,2021,17.0,1,2,6,0,1,1,2,,3,2752,-1,,2,2,0,2,16,540,2,, -1,2,0,8,80,7,11,2021,07:53,1,85,85090,1,1,0,6,LA MAURIERE - SAINT MICHEL MONT MERCURE,46.839565,-0.887309,7,2,1
202100026159,154Â 936,A01,1,1,1,5,1,0,-1,0,0,-1,2021,60.0,1,2,0,2,4,23,1,,4,PLACE DE LA PORTE DE PASSY,0,,2,3,0,1,(1),(1),1,, -1,1,0,1,50,29,7,2021,22:35,5,75,75116,2,7,0,2,PLACE DE LA PORTE DE PASSY,48.857675,2.263556,22,4,2
202100027725,152Â 157,B01,1,1,1,5,8,0,-1,-1, -1,-1,2021,53.0,1,1,0,2,3,19,5,,4,14 JUILLET (AVENUE),0,,3,4,1,1,0,0,3,, -1,1,6,1,50,19,7,2021,17:08,1,57,57672,2,1,0,6,14 JUILLET (AVENUE),49.35811,6.13146,17,2,2
202100020315,165Â 326,A01,2,2,2,0,2,0,-1,0,0,-1,2021,37.0,2,1,0,2,1,1,1,,4,GIOFFREDO (R.),0,,1,1,1,1,(1),(1),1,, -1,1,0,1,50,7,9,2021,10:40,1,6,6088,2,2,0,3,GIOFFREDO (R.),43.702151,7.2765,10,3,2
202100032683,143Â 348,B01,2,2,2,0,8,0,-1,-1, -1,-1,2021,18.0,3,2,0,2,0,23,1,,4,DES TERMES (ROUTE) RD 908,0,,2,2,0,2,0,0,2,, -1,1,0,4,50,21,6,2021,21:05,2,13,13002,2,7,0,6,DES TERMES (ROUTE) RD 908,43.3651196811,5.5002645097,21,3,2
202100033399,142Â 066,A01,1,1,1,9,2,0,-1,-1, -1,-1,2021,37.0,1,1,0,0,0,0,1,,3,JEAN JAURES (RUE),0,,2,2,0,1,10,550,1,, -1,1,0,1,50,18,6,2021,20:00,1,59,59225,2,3,0,3,JEAN JAURES (RUE),50.297742,3.916725,20,2,2
202100001495,199Â 116,A01,1,1,1,5,8,0,-1,0,0,-1,2021,84.0,1,1,0,0,0,5,5,,4,RUE CORBON,0,,1,1,0,2,(1),(1),1,, -1,2,-1,5,30,24,12,2021,18:40,5,75,75115,2,4,1,7,RUE CORBON,48.835613,2.302778,18,1,1
202100041476,127Â 470,A01,1,1,1,1,2,6,-1,-1, -1,-1,2021,26.0,2,1,4,0,8,1,1,,1,AUTOROUTE A6B,0,,3,2,0,3,1,100,4,, -1,1,1,1,50,4,5,2021,16:30,1,94,94037,1,1,0,7,AUTOROUTE A6B,48.8132601417,2.3544788369,16,1,1
202100026082,155Â 067,A01,9,2,2,5,1,-1,-1,0,0,-1,2021,17.0,1,2,0,0,0,1,1,,3,18,2,D,2,2,0,2,0,800,2,, -1,2,0,3,80,1,8,2021,18:10,1,68,68251,1,9,0,7,D18b,47.987835,7.214455,18,5,1
202100012483,179Â 394,B01,1,1,1,9,2,6,-1,0,0,-1,2021,22.0,1,1,0,2,8,1,3,,4,AVENUE DU PRESIDENT WILSON,0,,1,2,0,4,(1),(1),1,, -1,1,0,1,50,17,10,2021,04:30,5,75,75116,2,5,0,3,AVENUE DU PRESIDENT WILSON,48.865071,2.299971,4,2,2
202100029766,148Â 582,B01,1,1,1,0,2,8,-1,-1, -1,-1,2021,55.0,1,1,0,2,8,3,1,,3,R D 900,0,,-1,4,0,1,25,139,1,, -1,1,0,1,90,7,7,2021,17:47,1,66,66136,1,1,0,5,R D 900,42.67976,2.87947,17,3,3
202100044322,122Â 444,B01,1,1,1,0,2,-1,-1,0,0,-1,2021,16.0,0,1,0,2,3,1,1,,4,,-1,,2,2,0,1,(1),(1),1,, -1,1,0,1,50,13,4,2021,14:20,1,56,56003,2,2,0,3,Rue de l'Ile d'Arz,47.63325,-2.817548,14,2,2
202100023564,159Â 518,B01,1,1,1,5,2,8,-1,-1, -1,-1,2021,49.0,3,1,0,2,5,15,5,,9,DOTHEMARE,0,,3,2,0,1,(1),(1),1,, -1,1,5,1,50,18,8,2021,17:40,2,971,97101,2,6,0,3,DOTHEMARE,16.26563,-61.51584,17,2,2
202100016981,171Â 267,B01,2,2,2,5,1,0,-1,-1, -1,-1,2021,19.0,1,2,0,2,2,15,1,,4,LUMINY (AVENUE DE),0,,1,2,0,1,0,0,2,, -1,1,0,1,50,24,9,2021,17:50,1,13,13209,2,2,0,3,LUMINY (AVENUE DE),43.2316,5.43672,17,3,2
202100034597,139Â 871,A01,10,3,1,5,0,-1,-1,3,3,2,2021,88.0,1,1,0,1,8,1,5,,4,CATALANS (RUE DES),0,,1,2,0,1,0,0,1,, -1,1,0,1,50,12,6,2021,11:15,1,13,13207,2,1,0,3,CATALANS (RUE DES),43.29075,5.35602,11,3,1
202100039685,130Â 643,A01,1,1,1,4,2,6,-1,-1, -1,-1,2021,23.0,1,1,0,2,1,19,1,,7,RN 27 (ROUTE DE DIEPPE),0,,2,2,3,1,18,826,1,, -1,1,0,1,50,15,5,2021,21:00,1,76,76216,2,9,0,3,RN 27 (ROUTE DE DIEPPE),49.47594,1.04813,21,2,2
202100036018,137Â 308,B01,1,1,1,4,0,-1,-1,0,0,-1,2021,40.0,1,2,0,0,3,2,1,,4,,-1,,1,1,0,2,(1),(1),1,, -1,1,0,1,50,7,6,2021,12:50,1,975,97502,2,1,0,3,rue de Paris,46.783247,-56.195159,12,2,2
202100025371,156Â 308,A01,1,1,2,5,8,-1,-1,0,0,-1,2021,74.0,3,2,0,2,3,9,1,,3,RD163,-1,,2,2,0,1,7,760,3,, -1,1,0,1,70,6,8,2021,17:50,1,45,45279,1,2,0,1,Avenue des Guiberts aux Ducoins,47.981014,2.84202,17,2,2
202100007750,187Â 900,B01,2,2,1,0,2,0,-1,-1, -1,-1,2021,26.0,2,1,0,2,1,1,1,,3,ZEPHIR (ROCADE),0,,2,2,2,1,3,0,1,, -1,1,0,1,50,16,11,2021,14:40,1,973,97302,2,9,0,3,ZEPHIR (ROCADE),4.9358330276,-52.3077292443,14,3,2
202100054758,103Â 918,A01,1,1,2,0,1,0,-1,-1, -1,-1,2021,24.0,1,2,6,2,1,26,1,,4,GARIBALDI                           (AV),0,,2,4,0,1,(1),(1),1,, -1,1,0,1,50,16,1,2021,13:20,1,69,69256,2,3,0,2,GARIBALDI (AV),45.76647,4.9299,13,3,2
202100040102,129Â 916,A01,10,3,2,5,0,-1,-1,3,3,1,2021,87.0,3,2,0,1,2,18,1,,4,,-1,,1,2,2,1,(1),(1),1,, -1,1,0,1,50,14,5,2021,12:10,1,6,6079,2,1,0,6,Avenue Marechal Juin,43.536206,6.9349,12,2,1
202100031924,144Â 683,A01,4,2,1,5,1,8,-1,-1, -1,-1,2021,20.0,3,2,0,2,8,1,1,,3,913,0,,2,6,3,1,0,0,1,, -1,2,0,1,50,28,6,2021,00:08,5,92,92062,2,2,1,3,GENERAL DE GAULLE (AVENUE DU),48.88753,2.23296,0,3,2
202100006825,189Â 577,B01,1,1,2,1,2,0,-1,-1, -1,-1,2021,32.0,-1,0,0,0,4,15,3,,3,LUCIEN LEFRANC (QUAI),0,,2,2,0,1,0,1,1,, -1,1,0,1,50,22,11,2021,08:00,1,93,93001,2,9,0,2,LUCIEN LEFRANC (QUAI),48.9119,2.37338,8,2,2
202100027777,152Â 062,B01,1,1,1,9,2,8,-1,-1, -1,-1,2021,27.0,3,1,10,2,1,1,1,,3,FRANCE ANATOLE (BOULEVARD) NR AUTRES,0,,1,2,1,1,0,1,1,, -1,1,9,5,50,20,7,2021,17:10,1,93,93066,2,1,0,3,Boulevard Anatole France,48.924485,2.349293,17,2,2
202100017951,169Â 540,C01,1,1,1,0,1,-1,-1,0,0,-1,2021,57.0,2,2,0,2,1,2,1,,3,1201,-1,A,2,2,0,1,0,940,1,, -1,1,0,1,70,13,9,2021,08:30,1,73,73051,1,1,0,4,D1201A,45.648256,5.877535,8,5,4
202100028224,151Â 244,B01,1,1,1,5,2,-1,-1,0,0,-1,2021,19.0,3,1,0,2,1,5,1,,3,104,-1,A,2,2,0,1,7,720,1,, -1,1,0,1,80,20,7,2021,13:20,1,7,7017,1,3,0,3,,44.41539,4.162509,13,2,2
202100008356,186Â 793,B01,1,1,2,1,8,0,-1,-1, -1,-1,2021,20.0,1,1,0,2,3,1,0,,4,,0,,-1,0,0,1,0,0,1,, -1,1,0,4,10,12,11,2021,15:35,1,11,11069,2,1,0,3,PAPIN DENIS -BD-,43.2076,2.31568,15,2,2
202100040283,129Â 602,A01,1,1,1,5,2,-1,-1,0,0,-1,2021,26.0,2,1,0,0,0,0,1,,3,2,-1,,2,2,0,1,16,200,1,, -1,1,0,1,-1,13,5,2021,11:14,1,972,97230,2,1,0,7,D 2 Boulevard FranÃ§ois Mitterand,14.761173,-60.915445,11,1,1
202100007634,188Â 100,A01,10,3,1,5,0,-1,-1,2,3,1,2021,81.0,2,2,0,1,3,1,1,,4,CASTELNAU (RUE),0,,2,2,0,1,0,0,1,, -1,2,0,1,50,16,11,2021,18:56,5,21,21231,2,1,0,6,CASTELNAU (RUE),47.33382,5.06802,18,2,1
202100009753,184Â 268,A01,1,1,1,0,8,0,-1,-1, -1,-1,2021,71.0,1,1,0,2,1,19,5,,4,MOLIERE (AVENUE),0,,2,3,1,1,0,0,1,, -1,1,0,1,50,28,10,2021,18:30,5,67,67482,2,3,0,3,MOLIERE (AVENUE),48.5968,7.7041,18,2,2
202100047314,117Â 195,B01,1,1,1,9,1,0,-1,-1, -1,-1,2021,51.0,2,2,0,2,4,2,1,,1,A50 AccÃ¨s Tunnel Tube Nord,0,,3,6,0,4,72,699,1,, -1,2,0,1,70,19,3,2021,11:45,1,83,83137,1,1,1,4,A50 AccÃ¨s Tunnel Tube Nord,43.12093,5.9435,11,3,3
202100009227,185Â 218,A01,1,1,2,0,1,8,-1,0,0,-1,2021,53.0,1,2,0,2,6,16,1,,4,BLUM (AVENUE LEON),0,,2,2,0,1,(1),(1),1,, -1,1,0,1,50,4,11,2021,16:50,1,71,71076,2,1,0,3,BLUM (AVENUE LEON),46.7861113153,4.8633327964,16,2,2
202100031684,145Â 123,B01,1,1,1,5,0,-1,-1,0,0,-1,2021,11.0,3,1,0,2,1,19,5,,3,9008,-1,,2,2,1,1,(1),(1),1,,4,1,0,1,50,28,6,2021,18:00,1,42,42022,2,2,0,1,Avenue de Sury,45.525064,4.211039,18,2,2
202100016022,173Â 023,A01,1,1,2,1,1,-1,-1,0,0,-1,2021,56.0,1,2,0,2,6,19,1,,3,408,0,,2,2,0,1,23,158,3,, -1,1,0,1,90,30,9,2021,06:30,4,77,77191,1,1,0,3,D408,48.55611,2.941203,6,2,2
202100034527,140Â 013,B01,1,1,1,1,2,-1,-1,0,0,-1,2021,19.0,1,1,0,2,1,16,1,,3,D1,0,E,2,2,0,3,1,10,2,, -1,1,0,1,90,10,6,2021,07:30,1,19,19203,1,4,0,1,D1e,45.211949,1.780037,7,2,2
202100035728,137Â 850,A01,5,2,2,0,2,6,-1,-1, -1,-1,2021,14.0,1,1,0,2,1,26,1,,3,REPUBLIQUE (AVENUE DE LA),0,,2,2,0,1,0,0,1,, -1,1,0,1,30,8,6,2021,18:15,1,28,28218,2,1,0,1,REPUBLIQUE (AVENUE DE LA),48.44057,1.47036,18,3,2
202100033434,142Â 011,B01,1,1,2,5,1,0,-1,-1, -1,-1,2021,56.0,3,2,0,2,8,19,1,,3,SEMARD(RUE PIERRE),0,,1,2,0,1,0,0,2,, -1,2,5,1,50,19,6,2021,21:00,5,94,94011,2,9,1,3,SEMARD(RUE PIERRE),48.7627,2.47863,21,2,2
202100005917,191Â 214,A01,1,1,1,5,8,0,-1,-1, -1,-1,2021,16.0,2,1,0,2,1,5,3,,3,BASSEE (RTE DE LA),0,,1,1,0,1,1,220,1,, -1,2,0,1,50,20,11,2021,17:10,2,62,62498,2,1,1,1,BASSEE (RTE DE LA),50.443492,2.81985,17,2,2
202100035512,138Â 235,B01,1,1,1,1,2,0,-1,-1, -1,-1,2021,50.0,3,0,0,2,0,1,3,,4,,0,,4,2,0,1,(1),(1),1,, -1,1,0,1,50,9,6,2021,09:15,1,25,25056,2,2,0,3,LAVOISIER RUE,47.23563,5.98258,9,2,2
202100015074,174Â 761,A01,10,3,2,2,0,-1,-1,4,3,1,2021,15.0,2,2,0,1,3,26,1,,7,AV JEAN JAURES,0,,2,4,1,1,5,116,1,, -1,1,5,1,50,4,10,2021,07:20,1,31,31557,2,1,0,6,AV JEAN JAURES,43.5885,1.35902,7,2,1
202100045735,120Â 001,B01,1,1,2,0,8,0,-1,-1, -1,-1,2021,69.0,1,0,0,2,1,9,3,,4,SENTIER (RUE DU),0,,2,2,0,1,(1),(1),2,, -1,1,5,1,50,30,3,2021,17:40,1,86,86041,2,6,0,3,Rue du Sentier,46.603032,0.376885,17,2,2
202100012951,178Â 587,A01,2,2,2,3,1,-1,-1,0,0,-1,2021,22.0,1,2,0,2,1,1,1,,3,D900,0,,2,2,0,1,37,900,1,, -1,1,0,1,80,16,10,2021,14:15,1,66,66015,1,1,0,1,"Route dÃ©partementale 900, LÃ´ plan",42.571287,2.850995,14,3,2
202100016174,172Â 729,B01,1,1,1,5,0,-1,-1,-1, -1,-1,2021,70.0,2,1,0,0,4,1,5,,3,D168,0,,1,2,0,2,7,340,1,, -1,1,3,1,50,24,9,2021,17:15,1,35,35241,2,1,1,6,D168,48.614,-2.03528,17,2,2
202100014558,175Â 682,A01,10,3,1,5,0,-1,-1,2,1,1,2021,37.0,3,4,0,1,5,26,1,,4,ESPÃRANCE(RUE DE L'),0,,2,2,0,2,(1),(1),1,, -1,1,0,1,50,6,10,2021,18:00,2,95,95424,2,1,0,6,ESPÃRANCE(RUE DE L'),49.00309,2.20682,18,2,1
202100047642,116Â 596,A01,1,1,1,1,8,0,-1,-1, -1,-1,2021,17.0,1,1,0,0,0,0,5,,4,BEGAND (RUE),0,,1,1,0,2,0,0,1,, -1,2,0,1,50,17,3,2021,14:05,1,10,10387,2,1,1,7,BEGAND (RUE),48.29464,4.06531,14,1,1
202100040440,129Â 322,B01,1,1,2,0,2,6,-1,-1, -1,-1,2021,34.0,2,1,0,2,1,17,1,,2,tsoundzou-Cadjifouteni ( rue ),0,,2,0,0,1,0,0,1,, -1,1,0,1,50,10,5,2021,06:40,1,976,97611,2,1,1,2,tsoundzou-Cadjifouteni ( rue ),-12.80751,45.20559,6,2,2
202100035894,137Â 528,A01,1,1,1,5,2,6,-1,-1, -1,-1,2021,23.0,1,1,0,0,0,21,1,,4,ADOUR (AVENUE DE L'),0,,2,3,0,1,0,0,1,, -1,1,0,1,50,6,6,2021,13:20,1,64,64024,2,9,0,7,ADOUR (AVENUE DE L'),43.50383,-1.4951,13,2,1
202100016746,171Â 689,A01,1,1,1,5,8,-1,-1,0,0,-1,2021,61.0,1,2,0,0,0,1,1,,3,237,0,D,2,2,0,1,3,200,1,, -1,2,0,8,80,25,9,2021,16:45,1,26,26085,1,1,1,7,Route des iles,44.523177,4.715517,16,1,1
202100030481,147Â 287,A01,1,1,1,5,1,-1,-1,0,0,-1,2021,73.0,1,2,13,0,1,17,1,,1,68,0,A,1,2,3,3,6,200,2,, -1,1,0,3,130,7,7,2021,12:00,1,31,31462,1,1,0,6,"autoroute A68, pk:006.200",43.655546,1.541305,12,1,1
202100039873,130Â 315,A01,1,1,1,5,0,-1,-1,0,0,-1,2021,73.0,1,1,0,0,0,0,5,,3,110,0,,2,2,0,2,6,(1),3,, -1,2,0,1,80,15,5,2021,17:55,1,54,54256,1,1,1,7,D110,48.531256,6.329198,17,1,1