Num_Acc,id_vehicule,num_veh,place,catu,sexe,trajet,secu1,secu2,secu3,locp,actp,etatp,year_acc,victim_age,senc,catv,obs,obsm,choc,manv,motor,occutc,catr,voie,v1,v2,circ,nbv,vosp,prof,pr,pr1,plan,lartpc,larrout,surf,infra,situ,vma,jour,mois,an,hrmn,lum,dep,com,agg_,int,atm,col,adr,lat,long,hour,nb_victim,nb_vehicules
202100030757,146Â 780,A01,10,3,1,5,8,8,-1,1,5,2,2021,10.0,2,1,0,1,1,1,1,,4,ROUTOUTOU (RUE DU),0,,2,2,0,1,(1),(1),1,, -1,1,0,1,30,1,7,2021,16:45,1,972,97209,2,1,0,6,ROUTOUTOU (RUE DU),14.5971736375,-61.0564595744,16,2,1
202100032006,144Â 533,B01,1,1,2,0,1,0,-1,-1, -1,-1,2021,62.0,1,2,1,2,3,1,1,,3,ANDRE MORIZET (AVENUE) 1/47 - 2/52,0,,2,2,0,1,0,0,1,, -1,2,0,1,50,27,6,2021,11:15,1,92,92012,2,2,1,3,ANDRE MORIZET (AVENUE) 1/47 - 2/52,48.835015039,2.2412954271,11,4,2
202100047485,116Â 886,B01,1,1,1,0,1,0,-1,-1, -1,-1,2021,19.0,1,2,0,2,4,2,1,,4,MISTRAL (BOULEVARD FREDERIC),0,,-1,2,0,1,(1),(1),1,, -1,1,0,1,50,16,3,2021,16:50,1,66,66136,2,1,0,2,MISTRAL (BOULEVARD FREDERIC),42.698654228,2.905856967,16,2,2
202100053762,105Â 644,A01,1,1,1,1,2,0,-1,-1, -1,-1,2021,46.0,3,1,0,2,8,1,0,,3,SEVRAN (CD44) (RUE DE),0,,4,3,0,1,0,1,1,, -1,1,0,1,50,25,1,2021,18:15,5,93,93005,2,2,0,1,SEVRAN (CD44) (RUE DE),48.9402387713,2.5021933384,18,2,2
202100052303,108Â 222,B01,1,1,1,5,8,0,-1,-1, -1,-1,2021,18.0,1,1,0,2,1,26,1,,4,COLBERT (RUE),0,,2,2,0,1,(1),(1),1,, -1,2,0,1,50,6,2,2021,23:50,5,59,59599,2,3,1,1,COLBERT (RUE),50.73653,3.17672,23,2,2
202100039423,131Â 133,B01,1,1,1,0,2,8,-1,-1, -1,-1,2021,51.0,1,1,0,2,4,2,1,,3,VICTOIRE (ROND-POINT DE LA),0,,1,1,0,1,0,0,2,, -1,1,5,1,50,18,5,2021,11:25,1,91,91223,2,6,0,2,VICTOIRE (ROND-POINT DE LA),48.43721,2.16328,11,2,2
202100039983,130Â 124,A01,1,1,1,4,1,5,-1,0,0,-1,2021,52.0,1,2,15,9,1,16,1,,3,8,0,,2,2,0,2,3,100,3,, -1,1,0,3,70,14,5,2021,22:25,3,972,97221,2,1,0,7,Sans Pareil,14.509887,-60.962346,22,2,1
202100024911,157Â 132,A01,10,3,2,0,0,-1,-1,2,3,2,2021,46.0,1,2,0,1,1,17,1,,4,JEAN MOULIN (AVENUE),0,,2,2,0,1,0,0,1,, -1,2,0,1,50,7,8,2021,13:00,1,93,93014,2,1,0,6,Avenue Jean Moulin,48.908229,2.555069,13,2,1
202100050556,111Â 321,A01,1,1,1,0,2,0,-1,-1, -1,-1,2021,20.0,3,1,0,2,1,17,1,,4,LAUDE E(RUE),0,,-1,2,0,1,0,0,1,, -1,1,0,1,50,21,2,2021,12:50,1,974,97407,2,1,0,3,LAUDE E(RUE),-20.93729,55.29936,12,2,2
202100045302,120Â 748,A01,1,1,1,5,2,6,-1,0,0,-1,2021,18.0,1,1,6,0,2,2,1,,4,13,0,R,2,2,0,1,0,0,1,, -1,1,9,8,50,4,4,2021,17:25,1,64,64068,2,1,0,7,13 Rue de Labat,43.141569,-0.252526,17,1,1
202100020969,164Â 186,A01,10,3,1,5,0,-1,-1,3,3,2,2021,62.0,1,2,0,1,1,1,1,,3,7,-1,,2,2,0,1,(1),(1),1,, -1,1,0,1,50,5,9,2021,10:35,1,14,14562,2,1,0,6,Avenue du General Koenig,49.327472,-0.390824,10,2,1
202100002350,197Â 582,A01,1,1,1,5,1,8,-1,-1,0,-1,2021,24.0,1,5,0,2,1,1,1,,2,RN 104,0,,3,4,0,1,10,600,1,, -1,1,0,1,110,18,12,2021,01:40,3,95,95028,1,1,0,2,RN 104,49.06219,2.36198,1,2,2
202100032135,144Â 308,A01,1,1,1,9,2,0,-1,0,0,-1,2021,26.0,2,1,0,2,2,1,1,,4,RUE DE VAUGIRARD,0,,1,3,0,1,(1),(1),1,, -1,2,0,1,50,26,6,2021,04:10,5,75,75115,2,2,1,3,RUE DE VAUGIRARD,48.837915,2.297746,4,2,2
202100042375,125Â 882,A01,1,1,1,0,2,6,-1,-1, -1,-1,2021,38.0,3,1,0,2,1,0,1,,2,"CHARLES DE GAULLE (AVENUE,NÂ°118 A 192 +",0,,1,3,0,1,0,0,1,, -1,1,8,1,50,26,4,2021,11:30,1,92,92051,2,2,0,2,"CHARLES DE GAULLE (AVENUE,NÂ°118 A 192 +",48.8825653897,2.267623832,11,2,2
202100026932,153Â 570,B01,1,1,1,4,1,8,-1,-1, -1,-1,2021,49.0,2,5,0,2,4,2,1,,1,86,0,,1,3,0,1,8,199,1,, -1,2,0,1,90,27,7,2021,16:50,1,92,92036,1,1,1,4,A86,48.936403103,2.2894631783,16,4,3
202100043606,123Â 730,A01,1,1,1,0,1,0,-1,-1, -1,-1,2021,26.0,2,2,0,0,1,13,1,,2,RN 104,0,,3,2,0,1,42,99,1,, -1,1,0,3,110,18,4,2021,07:50,1,91,91086,1,1,0,6,RN 104,48.62363,2.38209,7,1,1
202100009941,183Â 924,A01,1,1,1,4,2,6,-1,-1, -1,-1,2021,24.0,1,1,0,0,0,1,1,,4,JEAN JAURES (BOULEVARD) 63/215 - 70/208,0,,2,0,0,1,0,0,1,, -1,2,0,1,50,1,11,2021,19:30,5,92,92012,2,1,0,7,JEAN JAURES (BOULEVARD) 63/215 - 70/208,48.8273518454,2.2470836341,19,1,1
202100011405,181Â 335,A01,10,3,2,0,0,-1,-1,2,3,1,2021,20.0,1,2,0,1,2,1,1,,4,,0,,2,2,1,1,(1),(1),1,, -1,1,0,1,50,23,10,2021,14:40,1,6,6088,2,1,0,6,DIABLES BLEUS (AV. DES),43.70829,7.28985,14,2,1
202100013499,177Â 601,B01,1,1,1,1,8,-1,-1,-1, -1,-1,2021,28.0,3,1,0,2,1,19,3,,4,PINEL                               (BD),0,,2,5,0,1,(1),(1),1,, -1,1,6,1,50,13,10,2021,20:15,5,69,69029,2,1,0,3,PINEL (BD),45.7350086339,4.889793098,20,2,2
202100003758,195Â 039,A01,1,1,1,1,1,-1,-1,0,0,-1,2021,27.0,3,2,13,0,2,1,1,,3,52,-1,,2,2,0,1,30,500,1,, -1,2,0,3,80,6,12,2021,04:30,3,49,49220,1,1,0,7,D52,47.710657,-0.421616,4,1,1
202100009456,184Â 801,B01,1,1,2,1,1,4,-1,0,0,-1,2021,45.0,1,2,4,2,8,1,2,,4,PORTE DOREE,0,,1,4,0,1,32,800,1,, -1,2,0,1,70,4,11,2021,12:25,1,75,75112,2,1,0,3,PORTE DOREE,48.838692,2.412999,12,2,2
202100044376,122Â 349,A01,1,1,1,1,1,0,-1,-1, -1,-1,2021,41.0,1,2,1,0,1,1,1,,4,BERTHAUDS (RUE DES) 24 - 25 / FIN,0,,1,1,0,1,0,0,1,, -1,1,0,1,50,11,4,2021,17:38,1,93,93064,2,1,0,6,BERTHAUDS (RUE DES) 24 - 25 / FIN,48.8753249462,2.4877851016,17,1,1
202100023400,159Â 790,B01,1,1,1,0,2,6,-1,-1, -1,-1,2021,36.0,2,1,1,0,2,2,0,,4,kaweni-Grande Traverse (rue de la),0,,-1,1,0,1,0,0,3,, -1,1,0,1,70,19,8,2021,16:30,1,976,97611,2,9,0,5,kaweni-Grande Traverse (rue de la),-12.77129,45.2254,16,3,3
202100040562,129Â 112,B01,2,2,1,5,1,-1,-1,0,0,-1,2021,21.0,2,2,0,2,1,0,1,,2,67,0,,2,2,0,1,21,750,1,, -1,1,0,1,80,11,5,2021,15:45,1,52,52123,1,1,0,1,N67,48.5023349228,5.1042510769,15,3,2
202100003166,196Â 106,A01,1,1,1,1,1,0,-1,-1, -1,-1,2021,42.0,2,2,0,2,3,12,1,,2,N186,0,,3,10,0,1,1,0,1,, -1,1,9,1,70,13,12,2021,09:45,1,94,94065,2,1,0,2,Route nationale 186,48.7538,2.36445,9,2,2
202100002500,197Â 306,A01,1,1,1,4,1,-1,-1,0,0,-1,2021,21.0,3,2,0,2,3,1,0,,4,7,0,D,2,2,0,1,(1),(1),3,, -1,1,0,1,70,18,12,2021,14:15,1,56,56184,1,1,0,1,Rue Bleue,47.671637,-2.433241,14,2,2
202100018939,167Â 791,B01,1,1,2,0,2,0,-1,0,0,-1,2021,22.0,1,1,0,2,8,19,5,,4,DE GAULLE (BD CHARLES),0,,3,2,0,1,(1),(1),1,, -1,1,0,1,50,10,9,2021,17:16,1,63,63113,2,2,0,3,DE GAULLE/ Mitterrand,45.7716295903,3.0832176589,17,2,2
202100015395,174Â 188,A01,1,1,1,5,2,-1,-1,0,0,-1,2021,76.0,3,1,0,0,0,0,5,,4,3,-1,,2,2,0,2,(1),(1),1,, -1,1,0,1,50,2,10,2021,12:33,1,70,70210,2,1,0,7,Route du Lavoir,47.796519,6.567721,12,1,1
202100039243,131Â 464,B01,1,1,1,0,1,4,-1,-1, -1,-1,2021,47.0,2,2,0,2,1,2,1,,1,A4,0,,1,3,0,1,12,500,1,, -1,1,0,1,110,20,5,2021,13:30,1,93,93051,1,1,0,2,A4,48.83678,2.54555,13,2,2
202100052705,107Â 522,A01,1,1,1,1,2,8,-1,-1, -1,-1,2021,58.0,2,1,0,2,4,23,1,,2,13,0,,3,6,2,1,89,0,1,, -1,2,0,1,50,2,2,2021,06:50,5,92,92051,2,1,1,2,"CHARLES DE GAULLE (AVENUE, NÂ°27 A 129)",48.8806135485,2.2726568674,6,2,2
202100042390,125Â 860,A01,1,1,2,5,1,-1,-1,0,0,-1,2021,20.0,3,2,2,0,1,0,1,,4,,-1,,2,2,0,2,(1),(1),1,,5,1,0,3,80,26,4,2021,14:15,1,29,29163,1,1,0,6,Lesquiffiou,48.546785,-3.841138,14,1,1
202100052219,108Â 366,B01,1,1,1,1,1,8,-1,-1, -1,-1,2021,25.0,1,2,0,2,0,2,1,,4,24 AVRIL 15 (AVENUE DU),0,,2,2,0,2,(1),(1),1,, -1,2,0,1,50,7,2,2021,09:45,1,13,13212,2,1,0,5,24 AVRIL 15 (AVENUE DU),43.308009,5.434047,9,3,3
202100011878,180Â 491,B01,1,1,1,5,8,0,-1,-1, -1,-1,2021,22.0,0,1,0,2,3,1,5,,4,FRANCIS CHAVETON,0,,-1,1,0,2,0,0,1,, -1,1,0,4,30,21,10,2021,20:50,3,92,92064,2,1,0,3,FRANCIS CHAVETON,48.8593651999,2.2099323571,20,2,2
202100031957,144Â 621,A01,1,1,1,5,1,8,-1,-1, -1,-1,2021,56.0,3,2,15,0,1,25,1,,4,HEDER (place),0,,1,1,0,1,0,0,2,, -1,6,0,4,30,27,6,2021,06:55,1,973,97302,2,1,0,6,HEDER (place),4.9391305913,-52.3349393606,6,1,1
202100040112,129Â 899,A01,1,1,1,1,1,-1,-1,0,0,-1,2021,30.0,2,2,0,2,2,2,1,,1,35,0,A,3,4,0,1,81,0,1,, -1,1,0,1,130,14,5,2021,00:00,3,68,68234,1,1,0,2,A35,47.950069,7.365217,0,2,2
202100007089,189Â 090,A01,2,2,2,5,1,9,-1,0,0,-1,2021,74.0,1,2,0,0,2,1,1,,1,4,-1,,3,4,0,1,83,50,1,, -1,2,0,3,130,21,11,2021,13:20,1,2,2297,1,1,1,7,autoroute A4-PK 083+050,49.077127,3.363576,13,2,1
202100038886,132Â 122,A01,2,2,2,1,1,0,-1,-1, -1,-1,2021,52.0,1,2,0,0,6,16,1,,3,GERTY ARCHIMEDE (RESIDENCE),0,,3,2,0,1,0,0,3,, -1,1,9,1,50,22,4,2021,08:39,1,971,97120,2,9,0,2,GERTY ARCHIMEDE (RESIDENCE),16.24816,-61.53763,8,3,2
202100056392,101Â 100,B01,1,1,1,4,2,-1,-1,-1, -1,-1,2021,33.0,3,1,0,2,1,0,1,,4,,0,,1,3,3,1,(1),(1),1,, -1,1,0,1,50,1,1,2021,20:14,5,69,69381,2,3,0,3,JEAN MOULIN                         (QU),45.7662013546,4.8380707204,20,2,2
202100040802,128Â 685,A01,1,1,1,5,2,6,-1,0,0,-1,2021,17.0,2,1,0,2,1,1,1,,3,,-1,,2,2,0,1,(1),(1),1,,4,1,0,1,-1,9,5,2021,14:20,1,68,68082,2,3,0,2,Rue de Castroville,47.866021,7.341584,14,2,2
202100020122,165Â 658,B01,1,1,2,1,1,0,-1,-1, -1,-1,2021,26.0,1,2,0,2,4,2,1,,3,BALLANGER (BD ROBERT),0,,3,4,0,1,0,0,3,, -1,1,0,1,50,7,9,2021,12:45,1,93,93078,2,6,0,2,Boulevard Robert Ballanger / Avenue Georges ClÃ©menceau,48.9616,2.55622,12,2,2
202100033257,142Â 326,B01,1,1,1,0,2,6,-1,0,0,-1,2021,50.0,1,1,0,2,1,17,1,,3,D53,0,D,2,2,0,2,17,845,1,, -1,1,0,1,80,21,6,2021,17:00,1,6,6150,1,9,0,3,1094 Route de Beausoleil,43.750341,7.416126,17,2,2
202100011660,180Â 883,A01,1,1,1,1,2,6,-1,-1, -1,-1,2021,22.0,2,1,0,2,1,3,1,,3,ALBERT THOMAS (R),0,,1,1,0,2,0,0,1,, -1,1,0,1,50,22,10,2021,08:30,1,94,94017,2,1,0,3,ALBERT THOMAS (R),48.8145,2.5117,8,2,2
202100052996,106Â 990,B01,2,2,1,9,1,0,-1,-1, -1,-1,2021,22.0,1,2,0,2,1,26,0,,3,DANIELLE CASANOVA (RUE)  => 54/57,0,,2,2,0,1,0,1,1,, -1,2,0,1,50,31,1,2021,20:40,3,93,93001,2,6,1,1,DANIELLE CASANOVA (RUE)  => 54/57,48.9183942292,2.3932811396,20,3,2
202100038054,133Â 640,B01,1,1,1,5,2,6,-1,-1, -1,-1,2021,26.0,1,1,0,2,0,1,1,,3,AV ROGER SALENGRO,0,,2,2,0,1,1,0,1,, -1,1,0,1,50,22,5,2021,20:25,1,94,94017,2,1,0,3,Avenue Roger Salengro,48.81952,2.48688,20,2,2
202100003108,196Â 209,A01,1,1,1,0,1,0,-1,-1, -1,-1,2021,20.0,1,2,2,0,1,13,1,,4,JOHN F. KENNEDY (AV)-AV PIE ET MA CURIE,0,,2,2,0,1,(1),0,1,, -1,1,0,3,50,13,12,2021,19:20,3,60,60057,2,1,0,6,Av du Pdt J Fitzgerald Kennedy,49.41274,2.10612,19,2,1
202100042508,125Â 637,B01,1,1,1,9,8,0,-1,0,0,-1,2021,25.0,1,1,0,2,1,1,5,,4,QUAI DE L HOTEL DE VILLE,0,,2,4,1,1,(1),(1),1,, -1,1,0,5,30,25,4,2021,13:10,1,75,75104,2,2,0,3,QUAI DE L HOTEL DE VILLE,48.854393,2.354986,13,3,2
202100027223,153Â 057,A01,1,1,1,5,2,0,-1,0,0,-1,2021,22.0,1,1,8,0,3,14,1,,4,AVENUE DES TERROIRS DE FRANCE,0,,3,4,0,1,(1),(1),1,, -1,1,0,1,50,24,7,2021,15:08,1,75,75112,2,1,0,6,AVENUE DES TERROIRS DE FRANCE,48.831981,2.388259,15,1,1
202100016930,171Â 360,Z01,10,3,1,1,8,8,-1,4,3,1,2021,29.0,2,1,0,1,1,7,5,,4,TRANCHEE (AVENUE DE LA),0,,2,4,3,2,(1),(1),1,, -1,1,9,6,50,22,9,2021,18:20,1,37,37261,2,1,0,6,TRANCHEE (AVENUE DE LA),47.4080880479,0.6814726091,18,2,1
202100005714,191Â 593,B01,1,1,2,1,1,0,-1,-1, -1,-1,2021,55.0,1,2,0,2,4,1,2,,1,A507 sens Marseille - Aubagne,0,,1,3,0,2,7,260,1,, -1,2,1,1,70,25,11,2021,08:07,1,13,13055,1,1,1,1,A507 sens Marseille - Aubagne,43.30118,5.42491,8,2,2
202100037233,135Â 129,B01,1,1,1,5,2,-1,-1,-1, -1,-1,2021,18.0,3,1,0,2,7,1,1,,4,MARCHANDEAU (AVENUE PAUL),0,,2,4,0,2,(1),(1),1,, -1,1,0,1,50,4,5,2021,19:03,1,51,51454,2,1,0,3,Avenue Paul Marchandeau,49.2446683981,4.0284740925,19,2,2
202100041276,127Â 823,A01,1,1,1,0,2,0,-1,0,0,-1,2021,26.0,1,1,0,0,7,1,1,,7,,0,,1,2,0,1,(1),(1),1,, -1,1,0,1,50,3,5,2021,15:13,1,63,63113,2,6,0,7,BREZET (ROND-POINT DU),45.7802,3.13108,15,1,1
202100055631,102Â 412,A01,1,1,1,5,1,-1,-1,0,0,-1,2021,49.0,1,2,2,0,1,1,1,,3,98,0,D,2,2,0,1,6,900,2,, -1,1,0,3,80,9,1,2021,13:20,1,78,78224,1,1,0,6,Route dÃ©partementale 98,48.869429,2.038522,13,1,1
202100000502,200Â 805,A01,10,3,2,5,0,-1,-1,4,3,2,2021,4.0,2,2,0,1,1,1,1,,3,PAUL RAOULT (AVENUE),0,,3,4,0,1,5,816,1,, -1,1,0,1,50,28,10,2021,15:40,1,78,78440,2,3,0,6,PAUL RAOULT (AVENUE),48.994829,1.913585,15,2,1
202100008153,187Â 146,A01,10,3,2,5,0,-1,-1,9,3,1,2021,13.0,3,3,0,1,0,0,3,,9,CHRISTOPHE COLOMB (R),0,,1,1,3,1,20,0,1,, -1,2,4,8,50,13,11,2021,20:45,5,94,94054,2,8,1,6,Rue Christophe Colomb,48.75226,2.41699,20,2,1
202100024844,157Â 247,A01,1,1,2,0,1,-1,-1,0,0,-1,2021,31.0,1,2,0,2,1,26,1,,2,ECHANGEUR NÂ° 7 ( CHEMIN VERT ),0,,1,2,0,2,(1),(1),1,, -1,1,9,1,70,16,7,2021,11:41,1,14,14118,1,1,0,4,N814,49.19636,-0.39281,11,8,3
202100038922,132Â 060,B01,10,3,1,0,0,-1,-1,4,3,1,2021,35.0,2,1,0,1,1,1,5,,4,LIBERTE (BD DE LA),0,,2,2,2,1,(1),(1),1,, -1,1,5,1,50,18,5,2021,12:10,1,35,35238,2,2,0,6,LIBERTE (BD DE LA),48.10792,-1.68214,12,2,1
202100040265,129Â 632,B01,1,1,1,5,0,-1,-1,0,0,-1,2021,18.0,1,1,0,2,4,0,3,,3,323,0,,2,2,0,1,76,780,1,, -1,1,0,1,90,13,5,2021,05:20,3,72,72135,1,1,1,2,La Petite Rochelle,47.804099,0.054228,5,2,2
202100037019,135Â 532,B01,1,1,1,5,2,6,-1,-1, -1,-1,2021,48.0,2,1,0,2,1,17,1,,4,MONTJOUX  AVENUE DE,0,,2,2,0,1,(1),(1),1,, -1,1,0,1,50,1,6,2021,09:30,1,25,25056,2,3,0,2,MONTJOUX  AVENUE DE,47.25216,6.01478,9,2,2
202100022883,160Â 717,A01,1,1,1,4,1,8,-1,-1, -1,-1,2021,36.0,2,5,0,2,8,1,1,,1,A55-Sens Martigues vers Marseille,0,,1,2,0,2,6,500,1,, -1,1,0,1,90,23,8,2021,00:30,3,13,13216,1,1,0,3,A55-Sens Martigues vers Marseille,43.3607824765,5.3430239838,0,3,2
202100018957,167Â 756,A01,1,1,2,5,1,-1,-1,-1, -1,-1,2021,76.0,2,2,0,2,8,14,1,,7,RD 137,0,,3,4,0,1,55,970,1,, -1,1,0,1,110,14,9,2021,16:02,1,35,35278,1,1,0,3,RD 137,48.175998,-1.717852,16,2,2
202100039189,131Â 577,B01,1,1,1,5,0,-1,-1,0,0,-1,2021,14.0,1,1,0,2,1,1,5,,3,1,-1,,2,2,0,1,20,479,1,, -1,1,0,1,80,12,5,2021,16:26,1,31,31553,1,2,0,1,CD 1,43.715403,1.168306,16,2,2
202100008862,185Â 899,B01,2,1,1,0,2,0,-1,-1, -1,-1,2021,47.0,1,1,0,2,1,0,1,,4,17,0,,2,2,0,1,0,0,1,, -1,1,0,1,50,8,11,2021,15:50,1,92,92024,2,2,0,3,HENRI BARBUSSE (RUE) DE (1 A 73)   (2 A,48.899554273,2.305219152,15,2,2
202100048485,115Â 097,A01,1,1,2,5,1,-1,-1,0,0,-1,2021,22.0,2,2,4,0,3,1,1,,1,8,-1,,3,4,0,1,186,500,1,, -1,1,0,1,90,12,3,2021,09:15,1,6,6088,1,1,0,7,A8 PK 186.500 nord,43.672993,7.199832,9,2,1
202100008671,186Â 239,B01,1,1,2,3,1,8,-1,-1, -1,-1,2021,55.0,2,2,0,2,3,1,1,,3,MONTAIGNE(AVENUE DE)COTE PAIR,0,,2,2,0,1,0,897,1,, -1,1,0,1,50,7,9,2021,21:10,5,77,77152,2,1,0,1,D372,48.52491,2.64255,21,2,2
202100044002,123Â 023,A01,10,3,2,9,0,-1,-1,3,3,1,2021,72.0,3,2,0,1,1,15,0,,4,BERTHELOT                           (AV),0,,1,3,1,1,(1),(1),1,, -1,1,0,1,50,14,4,2021,13:20,1,69,69388,2,2,0,6,PAUL CAZENEUVE (R),45.7376008784,4.8655432463,13,2,1
202100032706,143Â 306,A01,1,1,1,1,2,6,-1,0,0,-1,2021,20.0,1,1,0,2,3,1,1,,4,RUE DU FAUBOURG SAINT MARTIN,0,,2,2,0,1,(1),(1),1,, -1,2,0,1,50,23,6,2021,08:25,1,75,75110,2,3,1,3,RUE DU FAUBOURG SAINT MARTIN,48.880396,2.364305,8,2,2
202100047773,116Â 357,B01,3,2,2,5,1,0,-1,-1, -1,-1,2021,75.0,2,2,0,2,1,1,1,,3,ITALIENS (BD DES),0,,-1,2,0,1,4,84,4,, -1,1,0,1,70,15,3,2021,14:30,1,72,72181,1,1,0,1,ITALIENS (BD DES),47.94718,0.20707,14,4,2
202100037335,134Â 931,B01,1,1,1,4,2,-1,-1,0,0,-1,2021,30.0,1,1,0,2,2,1,1,,3,CD38,-1,,2,1,0,1,(1),(1),1,, -1,1,0,1,-1,1,6,2021,11:30,1,30,30034,1,3,0,3,CD38,43.7617,4.5246,11,2,2
202100019047,167Â 593,A01,1,1,1,5,2,6,-1,0,0,-1,2021,44.0,1,1,0,0,9,1,1,,3,113,-1,,2,2,0,1,3,200,1,, -1,9,0,1,80,15,9,2021,00:00,4,55,55360,1,1,0,7,D113,49.046291,5.548503,0,1,1
202100050406,111Â 597,A01,1,1,1,3,2,-1,-1,0,0,-1,2021,52.0,1,1,0,2,7,2,1,,2,RN2,0,,1,2,0,1,0,1,2,, -1,1,0,1,-1,25,2,2021,07:01,1,973,97307,2,6,0,3,Famiy Plazza (Galerie marchande),4.890461,-52.333025,7,2,2
202100023849,158Â 997,B01,1,1,1,5,2,0,-1,-1, -1,-1,2021,67.0,1,1,12,2,4,15,1,,4,LAGUNE (Route de la) D107,0,,-1,2,0,1,(1),(1),1,, -1,1,0,1,70,15,8,2021,22:55,5,202,202037,1,1,0,2,LAGUNE (Route de la) D107,42.63697,9.46097,22,2,2
202100009473,184Â 776,A01,1,1,2,9,0,0,-1,-1, -1,-1,2021,27.0,1,1,0,2,4,23,5,,3,MAXIME GORKI (BD),0,,1,4,3,1,1,0,1,, -1,2,0,3,50,4,11,2021,17:20,2,94,94076,2,1,1,2,Boulevard Maxime Gorki,48.79084,2.36959,17,2,2
202100023241,160Â 075,A01,10,3,2,5,0,-1,-1,2,3,1,2021,53.0,1,1,0,1,1,1,5,,4,EQUIPES D'URGENCES (RUE DES),0,,1,1,0,1,1,0,1,, -1,1,0,1,50,20,8,2021,15:25,1,14,14118,2,1,0,6,Rue des Equipes dâUrgence,49.18069,-0.35822,15,2,1
202100025971,155Â 257,A01,1,1,1,0,2,0,-1,-1, -1,-1,2021,52.0,0,1,0,0,0,0,5,,4,LYS (RUE DES),0,,2,2,0,2,0,0,1,, -1,1,0,1,50,1,8,2021,14:25,1,91,91223,2,1,0,7,LYS (RUE DES),48.43129,2.13649,14,1,1
202100007855,187Â 696,A01,10,3,2,9,0,-1,-1,4,3,1,2021,23.0,1,1,0,1,2,1,1,,4,BOULEVARD VOLTAIRE,0,,2,4,0,1,(1),(1),1,, -1,1,0,1,30,16,11,2021,10:00,1,75,75111,2,2,0,6,BOULEVARD VOLTAIRE,48.865183,2.367745,10,3,1
202100055776,102Â 167,B01,1,1,2,5,8,0,-1,-1, -1,-1,2021,29.0,3,1,0,2,1,1,5,,4,,0,,2,4,1,2,0,0,1,, -1,1,0,5,50,8,1,2021,14:30,1,64,64102,2,1,0,3,AQUITAINE (AVENUE DE L'),43.48685,-1.47,14,2,2
202100043715,123Â 553,A01,1,1,1,5,0,-1,-1,0,0,-1,2021,21.0,3,2,13,0,7,2,1,,3,39,-1,,2,2,0,1,(1),(1),4,, -1,1,0,3,80,18,4,2021,05:45,3,50,50535,1,1,0,6,D39,48.757717,-1.303511,5,1,1
202100048989,114Â 184,A01,1,1,2,1,1,5,-1,0,0,-1,2021,43.0,1,2,3,0,1,14,1,,1,10,0,A,3,5,0,2,156,200,1,, -1,1,0,1,130,6,3,2021,14:45,1,41,41223,1,1,0,6,autoroute A10 pk:156.200 sens paris-province,47.61924,1.248493,14,1,1
202100055836,102Â 070,B01,1,1,1,5,2,6,-1,-1, -1,-1,2021,28.0,3,1,0,2,8,1,1,,4,OUDRY.(BOULVARD JEAN BAPTISTE),0,,2,2,0,1,0,0,1,, -1,2,0,1,50,8,1,2021,08:20,1,94,94028,2,1,0,3,OUDRY.(BOULVARD JEAN BAPTISTE),48.77109,2.46132,8,2,2
202100042961,124Â 880,A01,1,1,1,0,2,6,-1,0,0,-1,2021,21.0,0,1,0,2,1,17,1,,3,10,-1,D,2,2,0,1,24,400,1,, -1,1,9,1,80,24,4,2021,09:30,1,42,42013,1,4,0,3,Route de Saint Galmier,45.624496,4.30681,9,2,2
202100001944,198Â 326,A01,1,1,2,1,1,-1,-1,0,0,-1,2021,51.0,2,2,16,0,0,1,1,,3,154,0,E,2,2,0,1,2,600,2,, -1,2,0,3,80,21,12,2021,04:45,3,34,34310,1,1,0,6,D154e1,43.410293,3.170695,4,1,1
202100015099,174Â 717,A01,10,3,1,0,8,8,-1,3,3,1,2021,9.0,2,2,0,1,2,1,1,,4,BRIAND (RUE ARISTIDE),0,,2,1,0,1,0,0,3,, -1,2,0,1,50,5,10,2021,13:00,1,3,3321,2,1,1,6,BRIAND (RUE ARISTIDE),46.55939,3.34458,13,2,1
202100039396,131Â 176,B01,1,1,2,5,1,0,-1,-1, -1,-1,2021,28.0,1,2,0,2,6,2,1,,2,RN12 INT,0,,3,6,0,1,22,500,1,, -1,1,0,1,110,18,5,2021,11:00,1,78,78646,1,1,0,2,RN12 INT,48.791295,2.103778,11,3,2
202100044405,122Â 306,A01,1,1,1,4,1,-1,-1,0,0,-1,2021,58.0,2,3,0,0,3,1,1,1.0,3,22,0,D,2,2,0,2,15,400,1,, -1,1,0,1,50,9,4,2021,18:40,1,60,60333,2,1,0,3,Avenue Tristan Klingsor,49.446609,1.900616,18,2,2
202100011572,181Â 039,Z01,10,3,1,1,8,8,-1,3,3,1,2021,21.0,3,2,0,1,1,1,0,,4,NATIONALE (RUE),0,,2,1,0,1,(1),(1),1,, -1,1,0,1,50,22,10,2021,17:45,1,59,59599,2,1,0,6,NATIONALE (RUE),50.7245210242,3.153865767,17,2,1
202100003902,194Â 782,A01,1,1,2,4,2,-1,-1,0,0,-1,2021,38.0,2,1,1,2,1,5,3,,3,906,0,,2,2,0,4,73,708,1,, -1,7,0,1,50,9,12,2021,10:22,1,28,28298,2,1,0,1,Rue de la FertÃ©,48.584131,1.575433,10,2,2