Num_Acc,id_vehicule,num_veh,place,catu,sexe,trajet,secu1,secu2,secu3,locp,actp,etatp,year_acc,victim_age,senc,catv,obs,obsm,choc,manv,motor,occutc,catr,voie,v1,v2,circ,nbv,vosp,prof,pr,pr1,plan,lartpc,larrout,surf,infra,situ,vma,jour,mois,an,hrmn,lum,dep,com,agg_,int,atm,col,adr,lat,long,hour,nb_victim,nb_vehicules
202100038785,132Â 288,B01,3,2,1,5,1,0,-1,-1, -1,-1,2021,1.0,1,2,0,2,4,23,1,,3,MARX DORMOY (AV),0,,3,2,0,1,0,0,1,, -1,2,0,1,50,22,5,2021,17:50,1,94,94017,2,1,1,2,MARX DORMOY (AV),48.80626,2.5311,17,4,2
202100004642,193Â 470,B01,1,1,2,5,1,0,-1,-1, -1,-1,2021,47.0,1,2,0,2,5,2,3,,1,A86 INT,0,,1,3,0,1,46,0,1,, -1,2,1,1,90,5,12,2021,13:05,1,94,94073,1,1,0,2,A86 INT,48.7628606503,2.3813598274,13,2,2
202100037742,134Â 206,A01,5,2,2,0,8,0,-1,-1, -1,-1,2021,7.0,2,1,0,2,1,19,3,,4,CHARLEMAGNE                         (CO),0,,2,2,1,3,(1),(1),1,, -1,1,0,1,50,28,5,2021,13:40,1,69,69382,2,3,0,3,CHARLEMAGNE (CR),45.74146,4.81967,13,3,2
202100036671,136Â 164,A01,1,1,2,1,2,0,-1,-1, -1,-1,2021,33.0,2,1,0,2,1,1,6,,3,POINT DU JOUR (QUAI DU),0,,2,2,1,1,0,0,1,, -1,1,0,5,50,3,6,2021,07:10,1,92,92012,2,2,0,3,POINT DU JOUR (QUAI DU),48.8281505782,2.2537026554,7,2,2
202100032365,143Â 913,B01,1,1,1,9,2,6,-1,0,0,-1,2021,77.0,1,1,0,0,7,1,0,,3,281,0,,1,1,0,1,4,880,2,, -1,1,5,1,50,21,6,2021,08:20,1,64,64410,2,6,0,3,rond point des chenes mourenx,43.37413,-0.624381,8,2,2
202100019224,167Â 268,B01,1,1,2,0,8,0,-1,-1, -1,-1,2021,34.0,3,0,0,0,0,0,0,,4,ALBERT EINSTEIN (AVENUE),0,,-1,2,1,1,0,0,1,, -1,1,0,5,50,13,9,2021,15:35,1,93,93007,2,9,0,3,ALBERT EINSTEIN (AVENUE),48.94284,2.47398,15,2,2
202100045157,121Â 013,B01,2,2,2,9,1,8,-1,-1, -1,-1,2021,24.0,2,2,0,2,1,1,1,,3,JEAN JAURES (AVENUE),0,,2,2,0,1,1,1,1,, -1,1,0,1,50,4,4,2021,01:05,3,93,93032,2,3,0,3,JEAN JAURES (AVENUE),48.88295,2.52698,1,3,2
202100045573,120Â 271,A01,10,3,2,3,0,-1,-1,9,3,1,2021,76.0,1,5,0,1,4,20,1,,6,BARTHES (CHEMIN DES),0,,-1,-1,0,1,0,0,1,, -1,1,9,8,20,31,3,2021,11:20,1,64,64102,2,9,0,6,BARTHES (CHEMIN DES),43.4954,-1.49415,11,2,1
202100004950,192Â 942,C01,1,1,2,3,1,-1,-1,0,0,-1,2021,35.0,1,2,0,2,1,1,1,,3,430,0,,3,2,0,1,36,840,1,, -1,2,0,1,50,3,12,2021,18:55,5,68,68156,2,6,1,4,Penetrante de Guebwiller,47.898877,7.232405,18,3,3
202100037364,134Â 882,A01,9,2,2,9,8,-1,-1,0,0,-1,2021,21.0,1,2,8,0,2,2,1,,3,60,-1,,2,2,0,1,15,95,2,, -1,1,0,3,80,1,6,2021,00:15,3,45,45270,1,1,0,6,route de sully,47.798685,2.317117,0,3,1
202100028295,151Â 118,A01,1,1,2,5,2,6,-1,-1, -1,-1,2021,17.0,1,1,11,0,1,16,1,,4,PARC DES EXPOSITIONS (Ave du),0,,2,2,0,1,(1),(1),3,, -1,1,5,1,50,19,7,2021,02:20,3,33,33529,1,2,0,6,Avenue Vulcain,44.61393,-1.11923,2,1,1
202100008520,186Â 504,A01,1,1,2,4,8,-1,-1,0,0,-1,2021,36.0,2,2,0,0,4,23,1,,4,,-1,,2,2,0,1,(1),(1),3,,4,1,0,1,50,11,11,2021,19:45,5,68,68007,2,1,0,2,7 Rue de Colmar,48.064768,7.415466,19,3,2
202100001956,198Â 306,B01,1,1,2,1,1,-1,-1,0,0,-1,2021,28.0,1,2,0,2,1,1,1,,3,84,-1,,2,2,0,1,14,1710,1,,6,1,0,1,80,23,12,2021,12:30,1,1,1390,1,2,0,5,Avenue de Cotier,45.831849,5.272912,12,3,3
202100034199,140Â 619,A01,1,1,2,0,8,0,-1,-1, -1,-1,2021,25.0,1,2,0,2,1,0,1,,2,RN12 INT,0,,3,3,0,1,18,0,1,, -1,1,0,1,110,16,6,2021,15:55,1,78,78640,1,1,0,4,RN12 INT,48.781257,2.170364,15,5,4
202100015336,174Â 296,B01,1,1,2,0,1,0,-1,-1, -1,-1,2021,56.0,1,2,0,2,4,0,1,,4,SECRETAIN (AVENUE ROGER),0,,3,2,0,1,1,0,1,, -1,2,0,1,70,2,10,2021,17:20,1,45,45234,2,1,1,3,SECRETAIN (AVENUE ROGER),47.88049,1.90665,17,2,2
202100008624,186Â 326,A01,10,3,1,3,0,-1,-1,1,3,1,2021,91.0,3,2,0,1,3,1,1,,4,GENERAL DE GAULLE (AVENUE DU),0,,2,3,0,1,0,0,1,, -1,1,0,1,30,10,11,2021,18:35,5,92,92048,2,1,0,6,Avenue du GÃ©nÃ©ral de Gaulle,48.7867245306,2.2243505716,18,2,1
202100041668,127Â 122,B01,1,1,2,5,1,-1,-1,-1, -1,-1,2021,20.0,1,2,0,2,8,1,1,,4,Rue FranÃ§ois Arago,0,,1,1,0,1,(1),(1),1,, -1,1,5,1,50,2,5,2021,08:35,1,33,33167,2,6,0,3,Rue FranÃ§ois Arago,44.84391,-0.51094,8,2,2
202100003346,195Â 782,A01,1,1,2,9,1,-1,-1,0,0,-1,2021,67.0,1,2,5,0,9,1,1,,3,8,0,,2,2,0,1,29,980,1,, -1,1,0,3,80,12,12,2021,13:00,1,42,42239,1,1,0,6,Route de Saint Polgues,45.9708809025,3.9703202248,13,1,1
202100050114,112Â 160,B01,2,2,1,3,1,-1,-1,0,0,-1,2021,65.0,2,2,0,0,1,1,1,,3,710,0,D,2,2,0,1,59,937,1,, -1,1,0,1,50,16,2,2021,10:30,1,24,24156,2,3,0,6,Les Versannes (Gare),45.090085,0.855584,10,3,2
202100038544,132Â 747,B01,1,1,1,5,3,0,-1,-1, -1,-1,2021,5.0,1,1,0,2,2,25,5,,4,PROVINCES FRANCAISES BD DES,0,,2,0,3,1,0,0,1,, -1,2,6,4,30,24,5,2021,16:15,1,92,92050,2,9,1,3,PROVINCES FRANCAISES BD DES,48.9011323539,2.2166593373,16,2,2
202100017637,170Â 095,A01,1,1,1,5,1,8,-1,-1, -1,-1,2021,74.0,1,2,6,0,3,13,1,,4,COUREGANT (ROUTE DU),0,,2,2,0,1,(1),(1),1,, -1,1,0,3,50,20,9,2021,15:31,1,56,56162,2,1,0,6,COUREGANT (ROUTE DU),47.70482,-3.45998,15,1,1
202100010112,183Â 631,A01,1,1,2,5,1,-1,-1,-1,0,-1,2021,24.0,2,2,4,0,1,1,1,,3,RD 170,0,,1,1,0,3,1,500,3,, -1,2,0,1,50,31,10,2021,16:20,1,95,95582,1,1,1,6,RD 170,48.96278,2.26313,16,1,1
202100054380,104Â 559,A01,1,1,1,4,9,-1,-1,0,0,-1,2021,18.0,0,4,0,0,7,16,1,,4,,-1,,2,2,0,1,0,0,1,, -1,1,0,1,80,20,1,2021,12:00,1,49,49244,1,3,0,7,Chemin de l'Epinay (st Laurent-de-la-plaine),47.307521,-0.780968,12,1,1
202100043259,124Â 336,B01,1,1,1,5,2,-1,-1,0,0,-1,2021,86.0,2,1,0,2,7,1,5,,2,102,-1,N,2,2,0,1,0,30,2,, -1,1,5,1,50,19,4,2021,10:20,1,7,7319,2,6,0,3,N102,44.553799,4.688316,10,2,2
202100028231,151Â 234,A01,1,1,1,5,2,6,-1,0,0,-1,2021,30.0,2,1,0,0,3,13,1,,3,26,0,,2,2,0,2,12,500,2,, -1,1,0,1,90,20,7,2021,16:30,1,48,48010,1,1,0,7,RD 26 PK 12+500,44.77425,3.731242,16,1,1
202100047461,116Â 929,A01,1,1,1,0,2,4,-1,-1, -1,-1,2021,43.0,2,1,0,2,1,2,1,,1,13,0,,1,1,0,2,6,699,1,, -1,1,0,1,70,19,3,2021,10:30,1,92,92047,1,1,0,2,A13,48.8350835791,2.1757683191,10,2,2
202100044277,122Â 523,A01,1,1,1,0,2,6,-1,-1, -1,-1,2021,23.0,1,1,0,2,1,7,1,,4,CLEMENCEAU (CRS GEORGES),0,,2,4,3,1,(1),(1),1,, -1,1,0,6,50,12,4,2021,17:47,1,33,33063,2,1,0,3,Cours Georges ClÃ©menceau,44.84297,-0.57918,17,2,2
202100046326,118Â 967,A01,1,1,1,0,1,0,-1,-1, -1,-1,2021,0.0,1,2,0,2,2,3,1,,1,AUTOROUTE A1,0,,3,8,0,1,0,259,1,, -1,1,1,1,70,28,3,2021,19:10,2,93,93066,1,1,0,5,AUTOROUTE A1,48.90396,2.35878,19,4,4
202100005986,191Â 097,A01,1,1,1,0,2,0,-1,0,0,-1,2021,45.0,1,1,0,2,1,5,1,,3,VOYAGE (AVENUE NOTRE DAME  BON),0,,2,2,0,2,67,473,1,, -1,1,0,1,30,17,10,2021,18:32,2,6,6104,2,1,0,1,VOYAGE (AVENUE NOTRE DAME  BON),43.75845,7.4498,18,2,2
202100016569,172Â 014,B01,1,1,2,5,1,-1,-1,0,0,-1,2021,44.0,2,2,9,0,2,0,1,,3,82,-1,,2,2,0,1,0,850,3,,4,2,0,1,50,25,9,2021,16:55,1,41,41103,2,3,1,3,Rue RenÃ© LeliÃ¨vre,47.720701,1.010147,16,2,2
202100018559,168Â 461,A01,1,1,1,4,1,8,-1,-1, -1,-1,2021,30.0,1,5,0,2,8,1,1,,7,YSER (RUE DE L'),0,,2,2,0,1,(1),(1),1,, -1,1,0,1,50,16,9,2021,13:00,1,59,59599,2,2,0,3,YSER (RUE DE L'),50.74089,3.16634,13,3,2
202100032056,144Â 452,B01,1,1,1,0,1,0,-1,-1, -1,-1,2021,48.0,2,2,0,2,4,1,1,,1,AUTOROUTE A6B,0,,3,2,0,1,1,149,1,, -1,1,1,1,70,27,6,2021,17:10,1,94,94043,1,1,0,5,AUTOROUTE A6B,48.80775,2.3471,17,6,6
202100010395,183Â 129,A01,1,1,1,3,1,-1,-1,0,0,-1,2021,74.0,1,5,8,0,1,13,1,,3,988,-1,,2,3,0,2,55,240,1,, -1,1,0,3,80,29,10,2021,11:50,1,12,12131,1,1,0,6,D988,44.410478,2.637255,11,1,1
202100039241,131Â 470,A01,1,1,1,0,1,0,-1,-1, -1,-1,2021,36.0,2,2,0,2,1,2,1,,1,AUTOROUTE A3,0,,3,8,0,1,11,199,1,, -1,1,0,1,110,19,5,2021,14:10,1,93,93007,1,1,0,2,AUTOROUTE A3,48.93311,2.48073,14,2,2
202100023198,160Â 154,A01,1,1,1,5,0,-1,-1,0,0,-1,2021,16.0,3,1,0,2,7,17,1,,3,48,0,,2,2,0,1,(1),(1),1,, -1,1,0,1,70,21,8,2021,15:15,1,974,97402,2,1,0,1,Route Departementale 48,-20.984151,55.65124,15,2,2
202100000682,200Â 492,B01,1,1,2,0,1,0,-1,-1, -1,-1,2021,21.0,3,2,0,2,3,1,1,,7,RD 569,0,,-1,2,0,1,1,0,1,, -1,1,0,1,70,29,5,2021,13:15,1,13,13047,1,1,0,2,RD 569,43.53453,4.97408,13,4,3
202100028906,150Â 058,A01,1,1,1,1,2,-1,-1,0,0,-1,2021,20.0,2,1,13,0,8,14,1,,3,704,-1,,-1,2,0,2,8,700,2,, -1,1,0,3,50,28,6,2021,12:30,1,46,46127,1,1,0,6,D 704,44.748754,1.378995,12,1,1
202100035397,138Â 445,A01,1,1,1,5,1,-1,-1,0,0,-1,2021,20.0,2,2,0,2,3,13,1,,3,35,-1,,2,2,0,2,32,140,3,, -1,1,0,1,50,10,6,2021,23:55,5,53,53008,2,1,0,3,Rue de la LibÃ©ration,48.296381,-0.557878,23,2,2
202100019474,166Â 827,A01,2,2,2,0,1,8,-1,-1, -1,-1,2021,15.0,1,2,0,2,1,1,1,,4,BOLLEE (AV) NÂ° IMP 1 A 63,0,,3,5,0,1,0,0,1,, -1,1,0,1,50,12,9,2021,00:57,5,72,72181,2,1,0,2,BOLLEE (AV) NÂ° IMP 1 A 63,47.99593,0.20717,0,4,2
202100014008,176Â 664,A01,1,1,1,0,8,0,-1,-1, -1,-1,2021,30.0,1,2,2,0,1,1,1,,4,PASCALIS PIERRE (CH),0,,2,2,0,1,0,0,3,, -1,1,0,8,50,10,10,2021,13:00,1,13,13001,1,1,0,7,PASCALIS PIERRE (CH),43.56168,5.46616,13,1,1
202100037838,134Â 023,A01,1,1,1,9,2,6,-1,0,0,-1,2021,47.0,2,1,1,0,2,14,1,,4,BOULEVARD ROMAIN ROLLAND,0,,1,1,0,1,(1),(1),1,, -1,1,0,1,50,27,5,2021,23:45,5,75,75114,2,1,0,6,BOULEVARD ROMAIN ROLLAND,48.822015,2.315629,23,1,1
202100000048,201Â 669,B01,1,1,2,1,1,-1,-1,0,0,-1,2021,40.0,3,2,0,2,1,19,1,,3,184,-1,,2,1,0,1,3,250,1,,3,1,0,1,80,20,12,2021,13:15,1,14,14174,1,3,0,5,Le Mesnil Sale -St Germain (Saint-Germain-du-Crioult),48.846287,-0.612981,13,3,3
202100053125,106Â 777,A01,1,1,1,9,8,-1,-1,0,0,-1,2021,44.0,0,2,2,0,1,0,1,,4,RM2,0,A,2,2,0,1,0,0,1,, -1,1,0,3,50,30,1,2021,23:00,3,988,98820,2,1,0,6,Tribu de Guei,-20.653507,166.536019,23,1,1
202100003194,196Â 061,A01,1,1,2,0,1,-1,-1,0,0,-1,2021,18.0,1,2,2,0,2,1,1,,3,560,0,,2,2,0,1,41,670,2,, -1,1,0,3,-1,15,12,2021,11:45,1,83,83095,1,1,0,6,"RD 560,",43.5606103234,6.0299170017,11,1,1
202100033467,141Â 950,B01,1,1,2,5,2,-1,-1,0,0,-1,2021,65.0,2,1,0,2,7,1,5,,3,,0,,2,2,0,1,46,830,2,, -1,1,0,1,50,19,6,2021,12:10,1,25,25434,2,3,0,3,2 Route de Montgesoye,47.104912,6.158422,12,2,2
202100006873,189Â 501,A01,1,1,1,5,1,-1,-1,0,0,-1,2021,80.0,1,2,16,0,1,26,1,,4,86,0,,-1,2,0,2,(1),(1),1,, -1,9,0,8,80,18,11,2021,16:45,1,67,67388,1,1,0,6,Rue des Lanciers,48.9315232341,7.6843464375,16,1,1
202100026099,155Â 040,A01,2,2,1,5,1,8,-1,-1, -1,-1,2021,20.0,1,2,0,0,3,2,1,,1,A13,0,,3,3,0,1,31,49,1,, -1,1,0,1,130,1,8,2021,06:50,1,78,78206,1,1,0,6,A13,48.954276,1.939066,6,2,1
202100042098,126Â 381,B01,2,2,2,5,2,6,-1,0,0,-1,2021,9.0,2,1,0,2,1,1,1,,3,126,-1,,2,2,0,1,11,664,1,, -1,1,0,1,80,29,4,2021,18:15,1,44,44129,1,2,0,3,Le Plantis,47.475458,-2.111076,18,5,2
202100045685,120Â 079,A01,1,1,1,1,2,6,-1,0,0,-1,2021,25.0,1,1,0,0,2,1,1,,4,,-1,,2,2,0,1,(1),(1),3,, -1,1,0,1,50,30,3,2021,21:00,5,6,6079,2,1,0,7,Boulevard des Roses,43.54727,6.92946,21,1,1
202100018340,168Â 844,B01,1,1,1,5,2,8,-1,-1, -1,-1,2021,7.0,2,1,0,2,8,25,5,,4,THOREZ (RUE  MAURICE ),0,,-1,0,0,1,(1),(1),1,, -1,1,0,4,30,15,9,2021,17:10,1,56,56121,2,1,0,3,THOREZ (RUE  MAURICE ),47.73998,-3.39354,17,2,2
202100027479,152Â 607,A01,2,2,1,0,1,0,-1,0,0,-1,2021,19.0,1,2,2,0,9,26,1,,1,Autoroute A 33,0,,3,4,0,2,19,0,3,, -1,1,0,3,110,23,7,2021,03:45,3,54,54483,1,1,0,6,Autoroute A 33,48.61759,6.31188,3,2,1
202100039907,130Â 256,A01,10,3,1,9,0,-1,-1,1,1,1,2021,44.0,1,2,0,1,2,1,1,,4,BASSIN PLAT(CHEMIN),0,,2,0,0,1,(1),(1),1,, -1,1,0,1,50,14,5,2021,17:30,2,974,97416,1,1,0,6,BASSIN PLAT(CHEMIN),-21.3360383428,55.5035626888,17,2,1
202100020128,165Â 647,B01,1,1,1,0,2,6,-1,-1, -1,-1,2021,45.0,0,1,0,2,4,2,1,,3,LECLERC DE HAUTECLOQUE (AVENUE DU MARECH,0,,2,1,0,1,0,0,1,, -1,1,0,1,50,8,9,2021,17:20,1,93,93030,2,1,0,2,Avenue du Marechal Leclerc de Hautecloque,48.94151,2.42101,17,2,2
202100012947,178Â 595,A01,1,1,1,0,2,6,9,0,0,-1,2021,26.0,1,1,0,2,1,1,1,,3,1090,0,D,2,2,0,1,19,(1),1,,4,1,0,1,80,15,10,2021,19:10,2,38,38214,1,3,0,3,D1090,45.300588,5.901911,19,3,3
202100004877,193Â 070,B01,1,1,1,5,1,-1,-1,0,0,-1,2021,23.0,1,2,0,2,3,1,0,,2,RN1,-1,,2,2,0,1,52,0,2,, -1,2,0,1,70,3,12,2021,22:50,3,973,97304,1,1,1,3,Pk 52 RN1,5.117275,-52.647042,22,2,2
202100000884,200Â 166,A01,10,3,2,1,0,-1,-1,5,9,1,2021,32.0,3,2,0,1,2,25,1,,4,DAUDET (ALL. A.),0,,2,-1,0,2,(1),(1),1,, -1,1,6,4,30,4,11,2021,10:47,1,4,4112,2,1,0,6,Av Georges Pompidou,43.826664,5.78192,10,2,1
202100049199,113Â 818,A01,1,1,1,0,1,-1,-1,0,0,-1,2021,77.0,1,2,0,2,1,17,1,,3,26,0,B,2,2,0,4,(1),(1),1,, -1,1,0,1,80,1,3,2021,17:30,2,1,1301,1,1,1,1,D26b,46.245275,5.107452,17,2,2
202100054892,103Â 691,A01,10,3,2,0,0,-1,-1,2,3,1,2021,22.0,1,2,0,1,1,16,1,,7,,0,,2,3,2,1,(1),(1),1,, -1,5,-1,1,30,15,1,2021,16:25,1,54,54395,2,2,1,6,FUSILLES (PONT DES),48.6847980707,6.1797074365,16,2,1
202100005614,191Â 764,B01,1,1,1,1,1,0,-1,-1, -1,-1,2021,39.0,2,2,4,2,4,2,1,,1,A7-Sens Marseille vers Lyon,0,,1,3,0,1,277,0,1,, -1,1,0,1,90,30,11,2021,07:00,3,13,13215,1,1,0,4,A7-Sens Marseille vers Lyon,43.35513,5.36386,7,3,3
202100009244,185Â 186,B01,2,2,1,5,1,-1,-1,-1, -1,-1,2021,66.0,2,2,0,2,1,13,1,,3,CD 1,0,,2,2,0,1,49,160,1,, -1,2,0,1,50,3,11,2021,09:30,1,51,51504,2,1,1,1,Voie Chanteraine,48.9902,4.33835,9,3,2
202100001658,198Â 842,A01,1,1,1,5,2,6,-1,0,0,-1,2021,72.0,2,1,14,0,8,1,1,,1,406,0,,1,1,0,1,1,100,1,, -1,2,7,1,50,25,12,2021,07:30,2,1,1134,1,1,1,6,A406 PK 001+100,46.2953525445,4.8979389668,7,1,1
202100026304,154Â 674,A01,1,1,1,5,1,8,-1,-1, -1,-1,2021,21.0,2,2,0,0,9,1,1,,3,N152,0,,2,2,0,1,23,500,1,, -1,1,0,1,50,28,7,2021,23:25,5,41,41047,2,1,0,7,N152,47.60879,1.35596,23,2,1
202100025818,155Â 542,B01,1,1,1,4,0,-1,-1,0,0,-1,2021,45.0,2,4,0,2,3,1,1,,2,67,-1,,2,1,0,1,35,289,3,, -1,1,0,1,80,4,8,2021,04:50,3,52,52212,1,1,1,1,Route Nationale 67,48.402956,5.156814,4,2,2
202100012728,178Â 968,A01,1,1,1,1,1,-1,-1,0,0,-1,2021,25.0,2,5,1,0,1,1,1,,3,11,-1,,2,2,0,1,21,159,1,,"5,5",1,0,1,90,18,10,2021,17:00,1,3,3312,1,1,0,2,Les Cinq Chenes,46.491955,2.901329,17,2,2
202100051149,110Â 243,B01,1,1,1,0,8,0,-1,-1, -1,-1,2021,25.0,3,1,0,2,0,0,3,,4,FELIX EBOUE (Rue),0,,1,1,0,1,(1),(1),1,, -1,1,0,1,50,17,2,2021,16:45,1,973,97302,2,3,0,3,FELIX EBOUE (Rue),4.93678,-52.32781,16,3,2
202100052778,107Â 389,B01,1,1,1,0,2,6,-1,-1, -1,-1,2021,24.0,2,1,0,2,8,1,1,,4,BD PIERRE 1ER,0,,3,4,3,1,(1),(1),1,, -1,1,5,1,50,28,1,2021,16:00,1,33,33069,2,2,0,1,Boulevard Pierre 1er,44.857084,-0.591101,16,2,2
202100039546,130Â 903,Z01,10,3,1,0,0,-1,-1,2,3,1,2021,46.0,3,0,0,1,1,15,0,,4,ALLIES (BOULEVARD DES),0,,2,2,0,1,0,0,1,, -1,2,0,1,50,17,5,2021,00:00,4,68,68224,2,1,1,6,ALLIES (BOULEVARD DES),47.75465,7.34481,0,2,1
202100027645,152Â 303,A01,2,2,1,5,2,-1,-1,0,0,-1,2021,19.0,1,1,0,0,0,2,1,,4,,-1,,1,2,0,1,(1),(1),1,,5,1,0,1,50,22,7,2021,17:40,1,971,97117,2,1,0,7,Rue st jean,16.332886,-61.34605,17,2,1
202100001050,199Â 884,B01,4,2,2,9,1,0,-1,0,0,-1,2021,13.0,2,2,0,2,4,2,1,,4,PORTE DAUPHINE,0,,1,4,0,1,15,300,1,, -1,1,1,1,70,28,12,2021,15:25,1,75,75116,2,1,0,4,PORTE DAUPHINE,48.871338,2.273122,15,7,3
202100000180,201Â 420,A01,1,1,2,1,2,-1,-1,-1, -1,-1,2021,53.0,2,1,0,2,4,1,5,,4,,-1,,2,-1,0,1,(1),(1),1,, -1,1,0,1,50,21,10,2021,08:15,2,33,33069,2,1,0,2,Rue Ferdinand Buisson,44.86273,-0.58462,8,2,2
202100012978,178Â 540,B01,1,1,1,0,1,-1,-1,0,0,-1,2021,19.0,2,2,0,2,6,2,1,,3,905,-1,,2,2,0,3,92,70,1,, -1,1,0,1,90,12,10,2021,08:39,1,21,21261,1,1,0,4,D905,47.261131,5.139434,8,3,3
202100005031,192Â 796,A01,1,1,1,5,8,-1,-1,-1, -1,-1,2021,36.0,2,1,12,0,0,1,3,,4,,0,,1,1,1,4,(1),(1),3,, -1,2,0,1,30,1,12,2021,23:50,5,69,69385,2,1,0,6,CHEMIN NEUF (DU) (MO),45.76201,4.82614,23,1,1
202100042058,126Â 449,A01,1,1,1,9,2,6,-1,0,0,-1,2021,39.0,1,1,0,0,1,1,1,,4,BOULEVARD DE ROCHECHOUART,0,,1,2,0,1,(1),(1),1,, -1,1,0,1,50,29,4,2021,11:25,1,75,75109,2,3,0,7,BOULEVARD DE ROCHECHOUART,48.882002,2.340388,11,1,1
202100004951,192Â 940,B01,7,2,2,5,1,-1,-1,0,0,-1,2021,31.0,1,2,0,2,1,1,1,,1,6,-1,,2,3,0,1,373,680,1,, -1,2,0,1,130,3,12,2021,23:45,3,71,71383,1,1,1,5,A6 - PK 373-680 sens PARIS/LYON,46.428984,4.868724,23,6,3
202100050491,111Â 446,A01,2,2,1,4,1,0,-1,-1, -1,-1,2021,58.0,1,2,9,2,8,1,1,,3,VERSAILLES (AV DE),0,,2,4,0,1,1,0,1,, -1,1,0,1,50,23,2,2021,12:00,1,94,94073,2,2,0,3,Avenue de Versailles,48.75842,2.39284,12,3,2
202100053971,105Â 279,A01,1,1,2,3,1,0,-1,-1, -1,-1,2021,47.0,0,2,1,0,6,23,1,,4,R ARTHUR CROQUETTE,0,,1,3,0,4,0,574,1,, -1,2,0,1,30,23,1,2021,18:26,5,94,94018,2,1,1,2,ARTHUR CROQUETTE (R),48.81729,2.41837,18,3,2
202100021854,162Â 567,A01,1,1,1,5,1,-1,-1,0,0,-1,2021,23.0,2,2,13,0,1,13,1,,3,207,0,D,2,2,0,2,1,820,2,, -1,1,0,3,80,30,8,2021,17:10,1,39,39288,1,1,0,7,,46.713938,5.588971,17,1,1
202100011381,181Â 379,B01,1,1,2,9,1,0,-1,-1, -1,-1,2021,34.0,1,2,0,2,1,1,1,,1,A87N,0,,3,4,0,1,2,0,1,, -1,1,0,1,80,23,10,2021,16:11,1,49,49267,2,1,0,4,A87N,47.48502,-0.49792,16,3,3
202100055333,102Â 924,B01,1,1,1,5,2,6,-1,0,0,-1,2021,32.0,0,1,0,0,0,0,5,,3,55,0,,2,2,0,1,0,325,1,, -1,1,0,1,50,11,1,2021,14:00,1,27,27229,2,1,0,2,BRIAND (AVENUE ARISTIDE),49.02132,1.13645,14,2,2
202100041078,128Â 183,B01,1,1,1,4,8,0,-1,-1, -1,-1,2021,42.0,0,1,0,2,8,15,5,,4,RASPAIL. RUE FRANCOIS,0,,2,2,0,1,(1),(1),1,, -1,2,0,1,30,6,5,2021,20:40,1,76,76681,2,3,0,3,RASPAIL. RUE FRANCOIS,49.41578,1.09475,20,3,2
202100013909,176Â 840,A01,1,1,1,0,2,8,-1,-1, -1,-1,2021,38.0,1,1,0,0,0,0,1,,3,9,0,,2,2,0,1,0,0,1,, -1,1,0,1,50,11,10,2021,07:00,2,92,92036,2,3,0,7,LOUISE MICHEL (IMPAIRS),48.9226621335,2.3205882311,7,1,1
202100055632,102Â 411,A01,1,1,1,5,8,-1,-1,0,0,-1,2021,46.0,1,2,13,2,5,17,1,,1,81,0,A,3,4,0,2,216,700,1,, -1,1,0,1,130,10,1,2021,11:00,1,53,53228,1,1,0,3,A81 PK 16+700,48.038324,-0.376239,11,3,2
202100031719,145Â 063,A01,10,3,1,0,0,-1,-1,1,3,1,2021,14.0,3,2,0,1,3,1,1,,4,LYAUTEY (AV. DU MAL),0,,2,0,0,1,(1),(1),1,, -1,1,0,1,50,28,6,2021,20:03,1,6,6088,2,1,0,6,LYAUTEY (AV. DU MAL),43.71737,7.2816,20,2,1
202100048563,114Â 947,A01,1,1,1,4,8,0,-1,0,0,-1,2021,26.0,1,1,12,0,1,9,5,,4,BOULEVARD DE ROCHECHOUART,0,,-1,0,1,1,(1),(1),1,, -1,1,-1,5,50,9,3,2021,16:25,1,75,75118,2,3,0,6,BOULEVARD DE ROCHECHOUART,48.88255,2.341928,16,1,1
202100025929,155Â 336,A01,1,1,1,1,1,-1,-1,0,0,-1,2021,52.0,2,2,1,9,2,1,1,,1,6,0,,3,4,0,2,73,100,1,, -1,2,0,1,110,3,8,2021,06:30,2,77,77333,1,1,1,2,"Autoroute A6, PK 073+100, Direction Province/PARIS",48.267476,2.718945,6,8,2
202100013135,178Â 268,C01,2,2,1,0,1,0,-1,-1, -1,-1,2021,6.0,1,2,0,2,4,23,1,,3,ROCHET (RUE WALDECK),0,,2,2,0,3,0,1,1,, -1,1,0,1,50,13,10,2021,13:00,1,93,93027,2,1,0,4,ROCHET (RUE WALDECK),48.9408720904,2.4091923237,13,4,3
202100042590,125Â 494,A01,1,1,1,1,2,6,-1,-1, -1,-1,2021,73.0,3,1,0,2,1,17,1,,4,CORMERY (RUE DE),0,,2,2,0,1,(1),(1),1,, -1,1,0,1,50,24,4,2021,10:15,1,37,37208,2,2,0,6,CORMERY (RUE DE),47.3435628608,0.7363629342,10,4,2
202100055986,101Â 817,C01,1,1,1,1,2,6,-1,0,0,-1,2021,16.0,2,1,0,0,0,21,1,,4,,-1,,-1,1,0,1,(1),(1),2,, -1,2,0,1,50,7,1,2021,18:50,5,60,60286,2,4,0,4,Rue Caradame,49.6612815929,1.9450097839,18,3,3