Num_Acc,id_vehicule,num_veh,place,catu,sexe,trajet,secu1,secu2,secu3,locp,actp,etatp,year_acc,victim_age,senc,catv,obs,obsm,choc,manv,motor,occutc,catr,voie,v1,v2,circ,nbv,vosp,prof,pr,pr1,plan,lartpc,larrout,surf,infra,situ,vma,jour,mois,an,hrmn,lum,dep,com,agg_,int,atm,col,adr,lat,long,hour,nb_victim,nb_vehicules
202100030042,148Â 086,B01,1,1,1,0,2,0,-1,-1, -1,-1,2021,39.0,-1,1,0,2,3,1,1,,3,STALINGRAD (AVENUE DE) DES NÂ° 126 A 156,0,,1,2,0,1,0,1,1,, -1,1,0,1,50,8,7,2021,09:30,1,93,93072,2,1,0,3,STALINGRAD (AVENUE DE) DES NÂ° 126 A 156,48.9515731421,2.3880055547,9,2,2
202100041116,128Â 118,B01,1,1,2,1,1,-1,-1,0,0,-1,2021,30.0,1,2,0,2,1,1,1,,4,PRIGENT TANGUY (RP CARREFOUR A RUE MESNO,0,,2,2,0,1,(1),(1),1,, -1,2,5,1,50,6,5,2021,06:15,5,29,29019,2,2,1,1,Boulevard Tanguy Prigent  ,48.3907185986,-4.5374672413,6,2,2
202100017827,169Â 754,A01,1,1,1,0,1,0,-1,0,0,-1,2021,26.0,1,5,1,0,1,26,1,,4,PAULINES (AVENUE DES),0,,1,3,0,1,(1),(1),1,, -1,1,0,1,50,18,9,2021,13:10,1,63,63113,2,1,0,6,PAULINES (AVENUE DES),45.77697,3.09941,13,1,1
202100041268,127Â 836,B01,1,1,1,0,2,0,-1,-1, -1,-1,2021,59.0,1,1,0,2,2,1,1,,4,BAHINOS (ROUTE DE),0,,2,2,0,2,0,0,1,, -1,2,0,1,50,5,5,2021,10:05,1,64,64024,2,9,1,3,BAHINOS (ROUTE DE),43.49349,-1.51804,10,2,2
202100056314,101Â 240,A01,1,1,1,5,1,-1,-1,0,0,-1,2021,53.0,2,2,3,0,1,1,2,,1,26,0,A,2,2,0,1,134,500,1,, -1,1,9,3,130,4,1,2021,14:45,1,59,59236,1,1,0,7,Autoroute A26,50.138307039,3.1378474544,14,2,1
202100021952,162Â 387,A01,10,3,2,9,0,-1,-1,3,3,1,2021,56.0,2,1,0,1,1,1,3,,4,RUE BEAUREPAIRE,0,,1,2,1,1,(1),(1),1,, -1,1,0,1,50,29,8,2021,12:20,1,75,75110,2,3,0,6,RUE BEAUREPAIRE,48.870179,2.363639,12,2,1
202100034723,139Â 649,B01,1,1,2,0,8,0,-1,-1, -1,-1,2021,44.0,1,2,0,2,4,26,1,,1,A13,0,,3,6,0,1,48,200,1,, -1,1,0,1,110,13,6,2021,10:05,1,78,78362,1,1,0,6,A13,48.976277,1.721074,10,5,3
202100046403,118Â 828,A01,2,1,1,0,2,8,-1,-1, -1,-1,2021,24.0,1,1,1,0,1,26,1,,2,13,0,,1,1,0,1,0,0,1,, -1,1,0,1,50,26,3,2021,11:17,1,92,92051,2,1,0,6,"CHARLES DE GAULLE (AVENUE, NÂ° 18 A 116)",48.88189,2.26872,11,1,1
202100034404,140Â 238,A01,1,1,1,0,1,8,-1,-1, -1,-1,2021,57.0,1,2,0,2,5,1,1,,1,A7-Sens Marseille vers Lyon,0,,1,3,0,2,276,700,1,, -1,1,0,1,90,14,6,2021,01:08,3,13,13215,1,1,0,2,A7-Sens Marseille vers Lyon,43.3516462008,5.3667969703,1,2,2
202100014151,176Â 395,A01,1,1,1,5,2,-1,-1,-1, -1,-1,2021,15.0,1,1,0,2,1,17,1,,4,BOIS (RUE DU),0,,2,2,0,1,0,0,1,, -1,1,0,1,50,9,10,2021,13:25,1,65,65047,2,1,0,3,BOIS (RUE DU),43.243232,0.096755,13,2,2
202100020066,165Â 757,A01,2,2,1,0,8,-1,-1,-1, -1,-1,2021,30.0,2,2,2,0,1,14,1,,4,ROSES (DES)                         (BD),0,,2,2,0,1,(1),(1),1,, -1,1,0,3,50,8,9,2021,00:25,5,69,69290,2,1,0,6,ROSES (DES) (BD),45.68633,4.94055,0,2,1
202100040091,129Â 930,A01,2,2,1,5,1,-1,-1,0,0,-1,2021,60.0,2,2,0,2,1,13,1,,3,123,-1,D,2,2,0,1,45,0,1,, -1,1,0,1,80,14,5,2021,14:00,1,11,11270,1,1,0,1,Maisons,42.887631,2.637877,14,4,2
202100035696,137Â 906,A01,1,1,1,4,1,-1,-1,0,0,-1,2021,55.0,1,5,0,2,2,1,1,,3,UNIVERSITE (ROND POINT DE L'),0,,3,4,0,1,50,30,1,, -1,1,0,3,50,8,6,2021,11:56,1,65,65440,2,1,0,2,UNIVERSITE (ROND POINT DE L'),43.223568,0.046096,11,2,2
202100011104,181Â 880,A01,1,1,2,1,8,0,-1,-1, -1,-1,2021,36.0,1,2,1,0,2,14,1,,4,FERNAND PAURIOL (RUE),0,,2,2,0,1,0,0,1,, -1,1,0,1,50,24,10,2021,08:25,1,13,13205,2,1,0,3,FERNAND PAURIOL (RUE),43.28883,5.39101,8,1,1
202100041969,126Â 600,A01,1,1,1,1,2,-1,-1,0,0,-1,2021,21.0,1,1,3,0,3,1,1,,3,156,0,,2,2,0,2,3,800,2,, -1,1,9,3,-1,24,4,2021,17:35,1,43,43032,1,1,0,7,D156,45.06411,3.964959,17,1,1
202100042373,125Â 886,A01,10,3,1,0,0,-1,-1,3,3,1,2021,15.0,3,2,0,1,2,15,1,,4,GUYNEMERS (RUE GEORGES),0,,2,2,0,1,0,0,1,, -1,1,0,1,50,27,4,2021,14:00,1,93,93030,2,1,1,6,GUYNEMERS (RUE GEORGES),48.95446,2.418,14,2,1
202100033032,142Â 699,A01,10,3,1,2,0,-1,-1,3,3,2,2021,8.0,2,2,0,1,1,0,1,,4,RHIN ET DANUBE                      (R ),0,,2,2,0,2,(1),(1),1,, -1,1,0,1,30,21,6,2021,16:30,1,69,69290,2,1,0,6,RHIN ET DANUBE (R)                    ,45.69537,4.94887,16,2,1
202100054539,104Â 285,A01,1,1,1,1,1,0,-1,-1, -1,-1,2021,43.0,1,5,4,0,1,15,1,,1,AUTOROUTE A6B,0,,3,2,0,1,1,250,2,, -1,1,1,1,50,19,1,2021,14:00,1,94,94043,1,1,0,6,AUTOROUTE A6B,48.8066203478,2.3462343178,14,1,1
202100032370,143Â 903,A01,1,1,1,5,2,-1,-1,0,0,-1,2021,21.0,2,1,0,2,1,13,1,,3,58,-1,,2,2,0,1,4,600,3,, -1,1,0,1,70,26,6,2021,10:45,1,83,83132,1,1,0,5,4280 Chemin de Sauvebonne,43.168644,6.072376,10,3,3
202100017206,170Â 883,A01,1,1,1,5,1,-1,-1,0,0,-1,2021,26.0,1,2,0,0,1,14,1,,3,972,-1,,2,2,0,1,4,450,1,, -1,1,0,3,80,26,9,2021,00:40,3,71,71379,1,3,0,7,Route de Cuiseaux,46.56616,5.301459,0,1,1
202100040989,128Â 353,A01,10,3,2,0,0,-1,-1,3,B,1,2021,84.0,0,2,0,1,4,20,1,,4,,-1,,2,2,0,1,(1),(1),1,,4,1,0,1,50,8,5,2021,11:05,1,32,32107,2,1,0,6,30  Boulevard de la LibÃ©ration,43.958181,0.375249,11,3,1
202100033714,141Â 498,A01,1,1,1,5,2,6,-1,0,0,-1,2021,64.0,2,1,13,0,3,17,1,,3,D921,-1,,2,2,0,1,11,250,3,, -1,1,0,3,90,17,6,2021,11:15,1,15,15045,1,1,0,6,D921,44.844183,3.004989,11,1,1
202100037034,135Â 504,B01,1,1,1,1,2,0,-1,-1, -1,-1,2021,29.0,1,1,0,2,2,15,1,,4,LECLERC (SQUARE ET AVENUE DU GAL),0,,1,2,0,1,0,0,3,, -1,1,9,1,50,1,6,2021,18:55,1,3,3190,2,6,0,3,LECLERC (SQUARE ET AVENUE DU GAL),46.56303,3.33653,18,2,2
202100007167,188Â 947,A01,10,3,1,5,0,-1,-1,3,3,1,2021,18.0,1,2,0,1,1,1,1,,4,CLEMENCEAU (BD GEORGES),0,,1,3,0,1,0,0,1,, -1,1,0,1,50,19,11,2021,13:50,1,83,83137,2,1,0,6,CLEMENCEAU (BD GEORGES),43.1234430968,5.9375578165,13,2,1
202100021590,163Â 041,B01,1,1,1,0,8,0,-1,-1, -1,-1,2021,16.0,2,1,0,2,1,1,5,,4,CUNEO (BD DOCTEUR),0,,2,2,0,1,0,0,1,, -1,1,0,1,50,31,8,2021,21:35,5,83,83137,2,3,0,3,CUNEO (BD DOCTEUR),43.1075413829,5.9331222337,21,2,2
202100008415,186Â 695,A01,1,1,1,1,1,-1,-1,0,0,-1,2021,57.0,1,2,0,0,8,0,1,,2,568,0,N,1,1,0,1,6,150,1,, -1,2,0,1,90,4,10,2021,14:00,1,13,13097,1,3,1,3,N568,43.584477,4.765288,14,2,2
202100055047,103Â 417,B01,2,2,2,5,1,-1,-1,0,0,-1,2021,17.0,1,2,0,2,4,23,1,,4,D112 - Rond Point  Pen Ar ChâLeuz,0,,3,4,0,1,73,680,1,, -1,1,5,1,50,13,1,2021,13:59,1,29,29019,2,6,0,2,Rond Point  Pen Ar ChâLeuz,48.4150715,-4.4794831,13,3,2
202100049771,112Â 775,A01,1,1,2,1,2,0,-1,0,0,-1,2021,29.0,3,1,0,2,1,1,1,,4,QUAI DE BERCY,0,,3,4,0,1,(1),(1),1,, -1,1,0,1,50,27,2,2021,13:10,1,75,75112,2,1,0,2,QUAI DE BERCY,48.835868,2.379109,13,3,2
202100005510,191Â 946,B01,1,1,1,5,8,0,-1,-1, -1,-1,2021,6.0,1,1,0,0,8,1,5,,4,GAYEULLES (AVENUE DES),0,,2,2,2,1,(1),(1),1,, -1,2,0,1,30,29,11,2021,17:30,3,35,35238,2,1,0,2,GAYEULLES (AVENUE DES),48.1309456465,-1.6520188898,17,2,2
202100047591,116Â 689,A01,1,1,2,0,1,0,-1,-1, -1,-1,2021,59.0,1,2,0,0,1,2,1,,1,A12 Y,0,,3,4,0,1,5,800,1,, -1,2,0,1,90,18,3,2021,21:00,3,78,78073,1,1,1,7,A12 Y,48.803153,2.048308,21,2,1
202100053650,105Â 834,B01,1,1,2,1,0,-1,-1,0,0,-1,2021,18.0,3,1,0,2,2,19,3,,4,,-1,,2,2,0,1,(1),(1),3,, -1,1,0,1,50,26,1,2021,07:00,5,66,66021,2,2,0,3,Avenue du Canigou,42.727639,2.930674,7,2,2
202100024842,157Â 252,A01,1,1,1,5,1,-1,-1,-1,0,-1,2021,41.0,1,5,4,0,5,2,1,,1,AUTOROUTE A15,0,,3,8,0,1,23,600,1,, -1,1,2,1,90,10,8,2021,01:10,3,95,95500,1,1,0,2, A15,49.03841,2.08777,1,2,2
202100006522,190Â 147,B01,1,1,1,1,1,-1,-1,0,0,-1,2021,37.0,1,2,1,0,2,14,1,,1,43,0,A,3,3,0,1,34,500,3,, -1,1,0,2,130,24,11,2021,20:30,3,38,38053,1,1,0,2,A43 PK 34+500 sens Lyon-Chambery,45.593981,5.289059,20,2,2
202100027448,152Â 663,B01,1,1,2,5,2,-1,-1,0,0,-1,2021,17.0,2,1,0,2,0,2,1,,3,68,0,A,2,2,0,1,0,700,1,, -1,1,0,1,80,24,7,2021,00:15,3,85,85123,1,1,0,3,Route de Sainte-Christine,46.365114,-0.695357,0,3,2
202100004688,193Â 395,B01,2,2,1,0,1,8,-1,-1, -1,-1,2021,18.0,1,2,0,2,8,1,1,,4,PIERANGELLI -COURS,0,,2,2,0,1,1,0,1,, -1,1,9,1,30,5,12,2021,01:15,5,202,202033,2,2,0,3,PIERANGELLI -COURS,42.6986095466,9.4509673119,1,5,2
202100054306,104Â 687,A01,1,1,1,0,2,0,-1,-1, -1,-1,2021,36.0,2,1,0,2,0,0,0,,4,FLAMBOYANTS (RUE DES),0,,2,2,0,1,(1),(1),1,, -1,2,0,1,50,20,1,2021,17:45,1,973,97302,2,3,1,3,FLAMBOYANTS (RUE DES),4.92494,-52.31706,17,2,2
202100000591,200Â 644,A01,10,3,2,5,0,-1,-1,8,3,2,2021,71.0,3,2,0,1,4,20,1,,6,,0,,-1,-1,0,1,(1),(1),1,,4,2,0,1,10,27,11,2021,15:30,1,37,37050,2,1,1,6,Rue Philippe Maupas,47.3371336042,0.6988017839,15,2,1
202100013852,176Â 936,B01,1,1,1,9,8,0,-1,-1, -1,-1,2021,18.0,1,1,0,2,2,26,3,,4,BLANDEAU,0,,2,2,0,1,1,0,1,, -1,1,0,1,50,9,10,2021,18:24,1,49,49007,2,1,0,3,BLANDEAU,47.45625,-0.54645,18,2,2
202100053742,105Â 675,B01,2,2,2,5,2,0,-1,-1, -1,-1,2021,18.0,1,1,0,2,0,0,6,,4,JEAN EUGENE CABASSUD (BOULEVARD),0,,2,0,0,2,(1),(1),1,, -1,1,0,1,50,25,1,2021,16:30,1,13,13210,2,9,0,3,JEAN EUGENE CABASSUD (BOULEVARD),43.285132,5.41293,16,3,2
202100008043,187Â 353,A01,2,2,2,5,1,8,-1,0,0,-1,2021,28.0,2,2,4,0,1,11,1,,4,PORTE D ORLEANS,0,,1,2,0,2,(1),(1),1,, -1,2,0,1,70,14,11,2021,02:41,5,75,75114,2,4,1,6,PORTE D ORLEANS,48.819304,2.328763,2,4,1
202100010346,183Â 211,A01,10,3,1,5,0,-1,-1,4,3,1,2021,55.0,2,2,0,1,1,15,1,,4,RUE LOUISE THULIEZ,0,,2,3,1,1,(1),(1),1,, -1,1,0,1,30,29,10,2021,05:50,5,75,75119,2,5,0,6,RUE LOUISE THULIEZ,48.877681,2.395613,5,2,1
202100019870,166Â 125,A01,1,1,1,5,1,8,-1,-1, -1,-1,2021,70.0,2,2,0,2,1,1,1,,4,PONT CHER (RUE DU),0,,2,2,0,1,(1),(1),1,, -1,1,0,1,50,9,9,2021,09:20,1,37,37122,2,1,0,4,PONT CHER (RUE DU),47.3630159971,0.6741534111,9,3,3
202100029601,148Â 874,B01,1,1,1,0,1,-1,-1,-1, -1,-1,2021,57.0,1,2,0,2,1,1,1,,1,,-1,,1,1,-1,1,10,540,2,, -1,1,3,1,50,9,7,2021,10:56,1,33,33075,2,4,0,3,Avenue du MÃ©doc,44.87965,-0.6268,10,2,2
202100049853,112Â 625,B01,1,1,2,1,2,6,-1,-1, -1,-1,2021,32.0,1,1,0,2,1,17,1,,2,RN104,0,,1,2,0,1,8,399,1,, -1,1,0,1,90,28,2,2021,13:45,1,77,77373,1,1,0,2,RN104,48.7641416397,2.615290405,13,2,2
202100029982,148Â 203,A01,1,1,1,0,2,0,-1,-1, -1,-1,2021,20.0,3,1,0,2,1,1,1,,4,RUE GÃNÃRAL GARIBALDI,0,,-1,2,0,1,(1),(1),1,, -1,1,0,1,50,8,7,2021,14:50,1,38,38185,2,1,0,1,RUE GÃNÃRAL GARIBALDI,45.16974,5.71501,14,2,2
202100051665,109Â 342,A01,1,1,1,0,2,6,-1,-1, -1,-1,2021,36.0,1,1,0,2,3,2,1,,3,ZONE (ROUTE DE),0,,1,1,0,1,28,0,1,, -1,2,0,1,80,10,2,2021,07:55,2,74,74118,1,1,0,2,ZONE (ROUTE DE),46.16926,6.20574,7,2,2
202100018482,168Â 595,B01,1,1,2,5,1,-1,-1,0,0,-1,2021,49.0,1,2,0,0,4,2,1,,1,A13,-1,,3,5,0,1,167,447,1,, -1,1,7,1,70,15,9,2021,13:50,1,27,27065,1,9,0,2,Autoroute A13 - Gare de PÃ©age,49.337933,0.36456,13,3,2
202100008207,187Â 049,C01,1,1,1,5,2,6,9,0,0,-1,2021,21.0,2,1,0,2,1,21,1,,3,986,0,D,2,2,0,1,2,508,2,, -1,1,0,1,50,13,11,2021,14:40,1,34,34128,1,1,0,5,d 986,43.915733,3.728072,14,3,3
202100013165,178Â 215,A01,1,1,1,1,1,-1,-1,0,0,-1,2021,23.0,2,2,0,0,1,13,1,,3,36,0,,2,2,0,2,12,880,3,, -1,1,0,1,80,13,10,2021,19:00,1,73,73191,2,1,1,1,D36 Route du Banchet,45.5828898167,5.7577967048,19,2,2
202100036115,137Â 125,A01,2,2,2,5,8,-1,-1,0,0,-1,2021,47.0,1,2,6,0,2,15,1,,3,65,-1,,2,2,0,1,12,75,2,, -1,1,0,3,80,21,5,2021,04:00,3,35,35168,1,4,0,6,2 La Halliais,47.881319,-1.985174,4,2,1
202100026199,154Â 866,B01,1,1,1,5,2,6,-1,0,0,-1,2021,20.0,2,1,0,2,1,9,1,,3,992,-1,,2,2,1,4,22,1050,3,, -1,2,0,1,50,1,8,2021,15:00,1,1,1034,2,6,0,3,ZA de l Ousson,45.758276,5.706051,15,2,2
202100021184,163Â 798,B01,2,2,2,5,1,-1,-1,0,0,-1,2021,75.0,3,2,0,2,2,1,3,,3,201,-1,,2,2,0,1,(1),(1),2,, -1,1,0,1,80,3,9,2021,18:40,1,24,24572,1,1,0,1,Cladet,44.636904,0.844399,18,3,2
202100004065,194Â 483,A01,10,3,2,5,0,-1,-1,3,3,1,2021,87.0,2,2,0,1,1,1,1,,2,PYRENEES (AVENUE DES),0,,2,2,0,1,50,800,1,, -1,2,0,1,50,7,12,2021,09:10,1,32,32013,2,1,0,7,PYRENEES (AVENUE DES),43.636,0.5835,9,2,1
202100054583,104Â 212,A01,1,1,1,0,1,0,-1,0,0,-1,2021,44.0,1,2,14,0,1,13,1,,7,D974 ,0,,3,2,0,2,(1),(1),3,, -1,2,0,1,50,18,1,2021,23:35,5,54,54547,2,1,0,6,LECLERC (AVENUE DU GENERAL),48.65918,6.15853,23,1,1
202100036849,135Â 828,A01,1,1,1,0,2,6,-1,-1, -1,-1,2021,45.0,1,1,0,2,2,17,1,,4,ANATOLE FRANCE PROLONGEE (AV),0,,2,2,0,1,1,0,1,, -1,1,0,1,50,2,6,2021,09:10,1,94,94078,2,2,0,3,Avenue Anatole France,48.73993,2.4526,9,2,2
202100039571,130Â 854,A01,2,2,2,0,1,0,-1,-1, -1,-1,2021,76.0,1,2,0,2,1,9,1,,4,EIFFEL GUSTAVE RUE,0,,2,2,0,1,(1),(1),1,, -1,1,0,1,50,17,4,2021,10:00,1,59,59328,2,1,0,5,EIFFEL GUSTAVE RUE,50.65866,3.01171,10,4,3
202100056485,100Â 934,A01,1,1,2,5,1,0,-1,-1, -1,-1,2021,48.0,2,2,0,0,4,1,1,,1,A13,0,,-1,3,0,1,6,599,1,, -1,1,0,1,110,2,1,2021,13:15,1,92,92047,1,1,0,2,A13,48.835241057,2.1770575759,13,5,2
202100055306,102Â 967,A01,10,3,1,2,0,-1,-1,4,3,2,2021,10.0,1,2,0,1,1,15,1,,4,,0,,1,2,2,1,(1),(1),1,, -1,2,-1,1,50,12,1,2021,08:00,5,54,54395,2,2,1,6,FRANCE (AVENUE ANATOLE),48.6873482775,6.1629974842,8,3,1
202100032535,143Â 614,B01,1,1,2,1,8,0,-1,-1, -1,-1,2021,38.0,1,1,0,2,1,1,3,,3,SALENGRO (AVENUE ROGER),0,,2,3,3,1,0,0,1,, -1,1,0,5,50,23,6,2021,18:45,1,92,92022,2,1,0,3,SALENGRO (AVENUE ROGER),48.8098227929,2.1897286177,18,2,2
202100031410,145Â 605,B01,1,1,1,0,1,0,-1,-1, -1,-1,2021,86.0,2,2,0,2,3,0,1,,1,AUTOROUTE A86,0,,3,9,0,1,13,699,1,, -1,1,0,1,90,2,7,2021,06:10,1,93,93066,1,1,0,4,AUTOROUTE A86,48.9226,2.35448,6,3,3
202100004239,194Â 173,A01,1,1,1,5,2,6,-1,-1, -1,-1,2021,24.0,1,1,0,2,1,15,1,,4,,0,,3,4,0,1,(1),(1),1,, -1,1,0,1,50,5,12,2021,03:40,5,66,66136,2,3,0,3,ESCARGUEL (COURS LAZARE),42.69848,2.88741,3,2,2
202100049357,113Â 536,A01,1,1,1,5,0,-1,-1,-1, -1,-1,2021,14.0,2,1,0,0,0,0,1,,4,ANDREI SAKHAROV                     (AV),0,,2,2,0,1,(1),(1),2,, -1,1,0,1,50,3,3,2021,14:30,1,69,69389,2,1,0,7,ANDREI SAKHAROV (AV),45.78717,4.79961,14,1,1
202100029241,149Â 493,C01,1,1,2,1,1,0,-1,-1, -1,-1,2021,54.0,1,2,0,2,1,1,1,,1,A51-Sens Marseille vers Aix en Provence,0,,-1,3,0,1,2,500,1,, -1,1,0,1,90,12,7,2021,16:40,1,13,13071,1,1,0,4,A51-Sens Marseille vers Aix en Provence,43.415,5.365,16,6,3
202100023847,159Â 001,B01,1,1,1,0,2,-1,-1,-1, -1,-1,2021,62.0,3,1,0,2,3,0,3,,7,SOLDATS (DES)                       (MO),0,,1,2,3,4,0,1,1,, -1,1,0,6,50,16,8,2021,17:30,1,69,69034,2,2,0,3,SOLDATS (DES) (MO),45.7914,4.86079,17,2,2
202100007626,188Â 113,B01,1,1,1,0,8,-1,-1,-1, -1,-1,2021,59.0,2,1,0,2,1,1,1,,1,ROCADE ENTREE 10,0,,1,1,0,2,16,0,1,, -1,1,3,1,50,4,11,2021,22:15,5,33,33281,1,2,0,3,Avenue Marcel Dassault,44.84351,-0.67296,22,2,2
202100014851,175Â 164,A01,10,3,2,1,0,-1,-1,4,3,1,2021,49.0,1,2,0,1,2,1,1,,4,BOEUFS(CHEMIN DES),0,,1,0,0,1,1,0,2,, -1,1,9,1,30,6,10,2021,07:00,3,94,94028,2,1,0,6,Chemin des Boeufs,48.77259,2.43556,7,2,1
202100043888,123Â 221,A01,10,3,1,0,0,-1,-1,1,3,2,2021,14.0,1,1,0,1,1,11,0,,4,CARREAU DE LANES (CHEMIN),0,,-1,0,0,1,0,0,1,, -1,1,0,1,50,4,4,2021,20:45,1,30,30189,2,1,0,6,CARREAU DE LANES (CHEMIN),43.82401,4.31207,20,2,1
202100009535,184Â 667,A01,10,3,2,5,0,-1,-1,2,1,1,2021,75.0,3,2,0,1,5,4,1,,3,2,-1,,2,2,0,1,(1),(1),1,, -1,1,0,1,50,4,11,2021,15:00,1,38,38344,2,1,0,6,2 Rue des Arnaudes,45.374071,4.812635,15,2,1
202100019662,166Â 501,A01,1,1,1,5,1,0,-1,-1, -1,-1,2021,30.0,2,2,8,0,1,1,1,,3,LIEGE (RUE DE),0,,2,2,0,1,(1),(1),1,, -1,2,9,1,30,14,7,2021,01:00,5,59,59475,2,1,0,6,LIEGE (RUE DE),50.3168,3.46471,1,1,1
202100028419,150Â 916,C01,1,1,1,5,2,-1,-1,0,0,-1,2021,47.0,2,1,0,2,1,1,5,,3,918,-1,,2,2,0,2,24,0,1,, -1,1,0,1,70,15,7,2021,12:15,1,65,65173,1,1,0,5,RD 918,42.876483,0.008578,12,3,3
202100016093,172Â 880,A01,1,1,2,5,8,0,-1,-1, -1,-1,2021,18.0,1,1,0,2,3,1,3,,4,GARE (AVENUE DE LA),0,,1,1,2,1,(1),(1),1,, -1,1,0,1,30,22,9,2021,11:00,1,89,89387,2,1,0,3,GARE (AVENUE DE LA),48.19725,3.26811,11,2,2
202100010684,182Â 621,B01,1,1,1,0,8,0,-1,-1, -1,-1,2021,32.0,2,1,0,2,1,1,3,,4,FELIX FAURE                         (AV),0,,2,3,3,1,(1),(1),1,, -1,1,0,1,30,27,10,2021,19:00,5,69,69383,2,1,0,1,FELIX FAURE                         (AV),45.75395,4.86128,19,2,2
202100031642,145Â 195,A01,10,3,2,5,0,-1,-1,2,3,1,2021,12.0,2,2,0,1,2,1,1,,3,,0,,2,2,0,1,3,500,1,,4,1,0,1,50,30,6,2021,17:40,1,51,51662,2,3,0,7,Avenue de Reims,49.289597,4.119262,17,2,1
202100021185,163Â 797,B01,1,1,1,5,2,6,-1,0,0,-1,2021,15.0,1,1,0,2,1,17,1,,4,2948,-1,,2,2,0,1,(1),(1),1,, -1,1,0,1,50,26,8,2021,18:30,1,85,85003,2,2,0,3,Route de Challans,46.74425,-1.616412,18,2,2
202100032073,144Â 419,A01,10,3,1,5,0,-1,-1,3,3,1,2021,18.0,2,2,0,1,2,18,1,,4,PRESIDENT MITTERAND(AVENUE),0,,3,2,0,1,0,0,3,, -1,1,0,1,50,26,6,2021,18:35,5,974,97416,2,1,0,6,PRESIDENT MITTERAND(AVENUE),-21.3464,55.4863,18,2,1
202100047257,117Â 290,A01,10,3,1,5,0,-1,-1,3,1,1,2021,49.0,2,2,0,1,0,0,1,,3,BD DE STALINGRAD,0,,3,2,0,1,1,0,1,, -1,1,0,1,50,20,3,2021,19:15,5,94,94073,2,1,0,6,STALINGRAD (BD DE),48.76781,2.40317,19,2,1
202100006562,190Â 071,B01,1,1,1,0,1,-1,-1,-1, -1,-1,2021,47.0,1,5,0,2,1,1,1,,7,LAURENT BONNEVAY                    (BD),0,,3,11,0,1,11,899,1,, -1,1,0,1,70,22,11,2021,18:30,5,69,69259,2,1,0,4,LAURENT BONNEVAY (BD),45.71969,4.88027,18,4,3
202100017087,171Â 087,B01,2,2,1,5,2,0,-1,-1, -1,-1,2021,21.0,2,1,0,2,1,26,1,,3,PONT DE CRETEIL (R DU),3,,2,4,0,1,1,0,1,, -1,1,2,1,30,22,9,2021,21:00,5,94,94068,2,1,0,3,Rue du Pont de CrÃ©teil,48.808612,2.471019,21,4,2
202100002777,196Â 803,A01,1,1,1,0,1,0,-1,-1, -1,-1,2021,81.0,3,2,0,2,1,15,1,,3,SOURS (RUE DE),0,,-1,2,0,1,41,0,1,, -1,1,0,1,50,9,11,2021,06:30,5,28,28085,2,1,0,1,SOURS (RUE DE),48.43902,1.5175,6,2,2
202100001431,199Â 221,A01,1,1,2,5,1,0,-1,-1, -1,-1,2021,44.0,2,2,4,0,2,2,1,,1,AUTOROUTE A10,0,,1,2,0,2,4,500,2,, -1,2,0,1,70,25,12,2021,10:45,1,91,91136,1,1,1,7,AUTOROUTE A10,48.710886,2.288146,10,1,1
202100055747,102Â 216,A01,1,1,1,1,2,8,-1,-1, -1,-1,2021,49.0,2,1,0,2,8,1,1,,2,ROUTE NATIONALE 1,0,,-1,2,0,1,7,0,2,, -1,1,0,1,90,8,1,2021,07:50,1,972,97213,2,1,0,7,ROUTE NATIONALE 1,14.64916,-60.97511,7,1,1
202100053258,106Â 533,A01,1,1,1,3,1,0,-1,-1, -1,-1,2021,80.0,1,2,8,0,1,1,1,,4,LAPLACE (AV),0,,2,2,0,2,1,0,1,, -1,1,0,1,50,29,1,2021,10:30,1,94,94003,2,9,0,6,Avenue Laplace,48.80699,2.33598,10,1,1
202100040877,128Â 557,A01,4,2,2,0,1,0,-1,-1, -1,-1,2021,21.0,1,2,4,0,1,19,1,,3,449,0,,2,2,0,2,0,0,3,, -1,2,0,1,50,4,5,2021,14:00,1,91,91021,2,1,1,7,AV DE LA DIVISION LECLERC,48.594282,2.246595,14,4,1
202100038122,133Â 521,B01,1,1,1,1,2,6,-1,0,0,-1,2021,27.0,2,1,0,2,1,1,1,,3,934,0,D,1,1,0,1,8,200,1,, -1,1,0,1,50,28,5,2021,13:00,1,80,80685,2,6,0,3,dÃ©partementale 934,49.708736,2.775818,13,2,2
202100034382,140Â 282,A01,1,1,1,1,2,6,-1,0,0,-1,2021,57.0,1,1,0,0,8,1,1,,1,8,-1,,3,4,0,2,197,500,2,, -1,8,0,2,90,15,6,2021,09:35,1,6,6088,1,1,0,7,Autoroute A8 pk 197.500 en chaussÃ©e sud,43.729049,7.258015,9,2,2
202100053189,106Â 659,B01,1,1,2,0,1,8,-1,-1, -1,-1,2021,22.0,2,2,1,2,5,1,1,,4,PLAINE DES BOUCHERS (RUE DE LA),0,,3,4,1,1,0,0,1,, -1,1,0,1,50,27,1,2021,12:40,1,67,67482,2,1,0,3,PLAINE DES BOUCHERS (RUE DE LA),48.56069,7.73813,12,2,2