Num_Acc,id_vehicule,num_veh,place,catu,sexe,trajet,secu1,secu2,secu3,locp,actp,etatp,year_acc,victim_age,senc,catv,obs,obsm,choc,manv,motor,occutc,catr,voie,v1,v2,circ,nbv,vosp,prof,pr,pr1,plan,lartpc,larrout,surf,infra,situ,vma,jour,mois,an,hrmn,lum,dep,com,agg_,int,atm,col,adr,lat,long,hour,nb_victim,nb_vehicules
202100030510,147Â 226,B01,1,1,1,1,1,0,-1,-1, -1,-1,2021,52.0,2,2,0,2,6,1,1,,1,86,0,,3,5,0,1,77,500,2,, -1,1,3,1,90,6,7,2021,18:15,1,92,92063,1,1,0,2,A86,48.8901110828,2.1699447278,18,2,2
202100047382,117Â 077,A01,1,1,1,1,2,0,-1,0,0,-1,2021,28.0,1,1,0,2,1,2,1,,4,PORTE DE PANTIN,0,,1,4,0,1,25,900,1,, -1,2,0,1,70,18,3,2021,22:30,5,75,75119,2,1,1,2,PORTE DE PANTIN,48.896021,2.394351,22,2,2
202100019345,167Â 052,A01,1,1,1,5,2,8,-1,0,0,-1,2021,44.0,3,1,11,0,1,19,1,,3,ORMET (VOIE DE L'),0,,2,2,0,1,48,950,3,, -1,1,0,8,80,11,9,2021,23:00,3,27,27701,1,1,0,6,ORMET (VOIE DE L'),49.24685,1.24071,23,1,1
202100034393,140Â 263,A01,1,1,1,5,2,9,7,0,0,-1,2021,29.0,3,1,0,6,1,1,1,,3,1075,0,D,2,2,2,1,78,500,1,, -1,1,0,1,70,15,6,2021,22:15,3,38,38565,1,1,0,1,Avenue du 11 Novembre,45.26003,5.658463,22,1,1
202100049697,112Â 907,B01,1,1,1,5,2,6,-1,0,0,-1,2021,15.0,1,1,0,2,8,15,1,,3,53,0,,2,2,0,1,16,350,3,, -1,1,0,1,80,1,3,2021,12:50,1,14,14061,1,4,0,3,La Couture - le Tourneur (Le Tourneur),48.963173534,-0.8163785935,12,2,2
202100043229,124Â 386,A01,1,1,1,5,2,6,-1,0,0,-1,2021,20.0,1,6,13,0,2,1,1,,3,,0,,-1,1,0,2,27,300,3,, -1,9,0,8,-1,22,4,2021,17:40,1,14,14061,1,1,0,6,Le Petit Chateau,48.932266,-0.84563,17,1,1
202100032900,142Â 954,Z01,10,3,2,5,0,-1,-1,4,3,1,2021,24.0,1,1,0,1,1,1,0,,4,BOULEVARD DE MENILMONTANT,0,,2,2,0,1,(1),(1),1,, -1,1,0,1,50,22,6,2021,00:30,4,75,75120,2,2,0,6,BOULEVARD DE MENILMONTANT,48.867105,2.383294,0,2,1
202100048353,115Â 322,B01,1,1,1,1,1,0,-1,-1, -1,-1,2021,26.0,1,2,0,2,1,1,1,,1,AUTOROUTE A126,0,,2,2,0,1,6,118,3,, -1,1,0,1,50,12,3,2021,08:55,1,91,91477,1,1,0,1,AUTOROUTE A126,48.7202,2.22696,8,2,2
202100026582,154Â 191,B01,1,1,2,1,2,6,-1,0,0,-1,2021,29.0,1,1,0,2,7,1,1,,4,,-1,,2,2,0,1,(1),(1),1,,"5,5",1,0,1,30,29,7,2021,07:50,1,13,13027,2,1,0,3,Avenue LÃ©on Vachet,43.884806,4.856923,7,2,2
202100044709,121Â 798,A01,2,2,2,3,2,6,-1,0,0,-1,2021,11.0,2,1,9,2,8,1,1,,4,RUE DES PYRENEES,0,,2,2,0,1,(1),(1),1,, -1,1,0,1,50,8,4,2021,15:45,1,75,75120,2,2,0,3,RUE DES PYRENEES,48.848953,2.406597,15,3,2
202100039453,131Â 087,A01,1,1,2,9,1,-1,-1,-1, -1,-1,2021,19.0,3,2,0,2,3,19,1,,4,CHALOTAIS (RUE DE LA),0,,2,2,0,2,(1),(1),1,, -1,2,0,1,50,18,5,2021,18:10,1,35,35051,2,9,0,3,CHALOTAIS (RUE DE LA),48.11801,-1.60072,18,2,2
202100019081,167Â 535,A01,1,1,1,0,2,6,9,0,0,-1,2021,21.0,2,1,0,2,5,3,1,,3,66,-1,,3,2,1,4,1,370,1,, -1,1,0,1,80,15,9,2021,13:20,1,83,83035,1,1,0,5,Route des MourvÃ¨dres,43.192842,5.76654,13,3,3
202100021608,163Â 008,A01,1,1,1,0,2,6,-1,-1, -1,-1,2021,41.0,1,1,0,0,0,1,1,,7,KENNEDY (RUE DU PRESIDENT ),0,,2,2,1,1,(1),(1),1,, -1,1,0,2,70,31,8,2021,20:00,1,59,59143,1,1,0,7,KENNEDY (RUE DU PRESIDENT ),50.66658,2.90939,20,1,1
202100021720,162Â 813,B01,1,1,1,0,2,6,9,0,0,-1,2021,57.0,2,1,0,2,1,1,1,,3,912,0,,2,2,0,1,20,190,1,, -1,1,0,1,50,25,8,2021,16:30,1,78,78381,2,2,0,3,Avenue de la Republique,48.79391,1.610945,16,2,2
202100004543,193Â 656,B01,1,1,2,9,1,0,-1,0,0,-1,2021,41.0,1,2,0,2,4,23,1,,4,RUE DE SAINT PETERSBOURG,0,,2,3,3,2,(1),(1),1,, -1,2,0,1,30,5,12,2021,16:00,1,75,75108,2,4,1,4,RUE DE SAINT PETERSBOURG,48.882253,2.326022,16,3,3
202100046166,119Â 247,B01,1,1,2,1,1,-1,-1,0,0,-1,2021,26.0,1,2,0,2,3,1,1,,3,934,-1,,2,1,0,1,55,784,2,, -1,1,0,1,-1,29,3,2021,18:40,1,77,77240,1,3,0,2,D934,48.786467,3.2494,18,2,2
202100014883,175Â 111,A01,1,1,2,9,1,5,-1,0,0,-1,2021,63.0,2,2,0,2,1,13,1,,3,15,0,D,2,2,0,1,37,936,1,, -1,1,0,1,80,6,10,2021,18:00,1,44,44056,1,1,0,1,La ChÃªnaie,47.374454,-1.790096,18,3,2
202100025073,156Â 838,A01,1,1,1,5,8,-1,-1,0,0,-1,2021,43.0,2,2,0,2,3,13,2,,3,902,0,D,2,2,0,2,64,510,2,, -1,1,0,1,80,8,8,2021,17:00,1,5,5065,1,1,0,3,D902,44.63304,6.671512,17,3,2
202100043270,124Â 319,A01,1,1,1,5,1,-1,-1,0,0,-1,2021,78.0,2,2,0,2,2,1,1,,3,10,0,D,2,2,0,2,1,810,1,,7,1,9,1,70,19,4,2021,05:30,3,974,97415,1,1,0,3,Route du ThÃ©Ã¢tre,-21.046735,55.232998,5,2,2
202100051972,108Â 808,A01,1,1,1,1,1,0,-1,-1, -1,-1,2021,24.0,2,2,0,2,4,1,1,,1,A7-Sens Marseille vers Lyon,0,,1,2,0,1,265,299,1,, -1,1,1,1,110,10,2,2021,15:50,1,13,13071,1,1,0,2,A7-Sens Marseille vers Lyon,43.41043,5.28448,15,2,2
202100043726,123Â 531,A01,1,1,1,1,2,6,-1,-1, -1,-1,2021,37.0,1,1,0,2,1,1,1,,1,AUTOROUTE A86,0,,3,8,0,1,18,700,1,, -1,1,1,1,90,17,4,2021,14:04,1,93,93027,1,1,0,2,AUTOROUTE A86,48.92717,2.4194,14,2,2
202100052501,107Â 878,B01,1,1,1,5,0,-1,-1,0,0,-1,2021,56.0,3,1,0,2,4,2,1,,2,2,0,,2,2,0,1,(1),(1),1,, -1,2,0,8,70,6,2,2021,02:45,3,986,98613,1,1,1,2,Mala'e,-13.244494,-176.191958,2,4,2
202100042521,125Â 616,A01,1,1,1,5,8,-1,-1,0,0,-1,2021,42.0,2,1,0,2,8,15,1,,4,134,0,D,2,2,0,1,4,138,1,, -1,1,0,1,50,25,4,2021,11:25,1,59,59533,2,2,0,3,1 Place Jean JaurÃ¨s,50.18227,3.413776,11,2,2
202100013225,178Â 101,B01,1,1,1,9,2,6,-1,-1, -1,-1,2021,17.0,1,1,0,2,8,1,1,,4,DENIS (AVENUE ALPHONSE),0,,2,2,0,1,1,0,1,, -1,1,0,1,30,14,10,2021,17:30,1,83,83069,2,1,0,3,DENIS (AVENUE ALPHONSE),43.12102,6.13459,17,2,2
202100016810,171Â 571,A01,1,1,1,5,2,8,-1,-1, -1,-1,2021,60.0,3,1,0,2,8,1,1,,5,AV GEORGES BOILLOT,0,,-1,1,0,1,0,0,1,, -1,1,9,1,10,25,9,2021,16:30,1,91,91339,1,1,0,3,AV GEORGES BOILLOT,48.622446,2.24761,16,2,2
202100007727,187Â 947,B01,1,1,1,1,1,-1,-1,0,0,-1,2021,33.0,1,2,0,0,1,1,1,,3,64,0,,2,2,0,1,9,390,1,, -1,1,0,1,80,18,11,2021,07:10,2,1,1211,1,1,1,5,Route de Certines,46.118411,5.206519,7,3,3
202100035823,137Â 672,A01,1,1,1,5,2,6,-1,0,0,-1,2021,21.0,2,1,13,0,1,1,1,,3,30,0,,2,2,0,1,5,800,3,, -1,1,0,8,80,6,6,2021,15:00,1,85,85042,1,1,0,7,La Petite BoissiÃ¨re,46.407238,-0.981753,15,2,2
202100047855,116Â 219,A01,1,1,1,0,2,6,-1,0,0,-1,2021,29.0,3,1,1,0,1,1,1,,4,,-1,,2,2,0,1,(1),(1),1,, -1,1,0,3,30,17,3,2021,12:05,1,34,34217,2,1,0,6,Route de Montpellier,43.690917,3.862638,12,1,1
202100031561,145Â 339,B01,1,1,2,0,1,0,-1,-1, -1,-1,2021,46.0,3,2,0,2,2,15,1,,7,RD 37,0,,1,2,0,1,(1),(1),1,, -1,1,0,1,50,28,6,2021,20:26,1,37,37261,2,2,0,3,PROUDHON (AVENUE),47.3942167789,0.6672531366,20,2,2
202100039866,130Â 325,A01,1,1,1,5,1,-1,-1,0,0,-1,2021,22.0,1,2,2,0,7,1,1,,3,D940,-1,,2,2,0,1,0,440,3,, -1,2,0,3,90,15,5,2021,22:20,3,19,19007,1,1,1,6,La Riviere,44.950031,1.853364,22,2,1
202100039291,131Â 370,A01,2,2,1,0,1,-1,-1,-1, -1,-1,2021,33.0,0,2,0,2,2,1,1,,4,AVE DES TROIS CARDINAUX,0,,2,2,0,1,(1),(1),1,, -1,2,0,1,50,6,5,2021,17:00,1,33,33063,2,2,1,3,Avenue des Trois Cardinaux,44.88795,-0.55729,17,3,2
202100048507,115Â 055,A01,1,1,1,1,1,-1,-1,-1, -1,-1,2021,33.0,1,2,0,2,2,2,1,,4,BELLEVUE (TUNNEL) - (QU BELLEVUE COU(XX),0,,2,2,0,1,(1),(1),1,, -1,1,0,1,50,9,3,2021,20:17,3,69,69034,2,1,0,2,BELLEVUE (TUNNEL) - (QU BELLEVUE COU(XX),45.7877264497,4.8529314995,20,2,2
202100022911,160Â 667,A01,1,1,1,5,2,-1,-1,-1, -1,-1,2021,37.0,1,1,0,2,8,18,1,,4,QUAI DU PRESIDENT WILSON,0,,3,4,0,1,(1),(1),1,, -1,1,0,1,50,22,8,2021,16:30,1,33,33039,2,1,0,3,Quai du PrÃ©sident Wilson,44.811045537,-0.533350535,16,2,2
202100040710,128Â 847,B01,1,1,1,0,2,6,-1,-1, -1,-1,2021,38.0,2,1,0,2,1,3,1,,1,A86 EXT,0,,3,6,0,1,59,700,1,, -1,1,0,1,110,9,5,2021,19:10,1,78,78640,1,1,0,5,A86 EXT,48.77778,2.21617,19,4,3
202100005549,191Â 883,A01,1,1,2,9,8,0,-1,-1, -1,-1,2021,53.0,1,2,1,0,2,1,1,,3,ALSACE LORRAINE (R D),0,,1,1,0,1,0,0,1,, -1,1,9,1,30,29,11,2021,23:00,5,94,94068,2,1,0,2,ALSACE LORRAINE (R D),48.80294,2.48542,23,2,1
202100005945,191Â 167,B01,1,1,2,0,1,0,-1,-1, -1,-1,2021,25.0,1,2,0,2,1,1,1,,4,RUE DE LA JAUNAIE,0,,2,0,0,1,(1),(1),1,, -1,2,0,1,50,27,11,2021,07:30,5,44,44190,2,1,1,1,RUE DE LA JAUNAIE,47.19216,-1.49711,7,2,2
202100001769,198Â 629,A01,1,1,2,0,1,-1,-1,0,0,-1,2021,30.0,1,2,0,2,1,17,1,,3,54,-1,,2,2,0,4,0,940,1,,"5,4",1,0,1,80,22,12,2021,12:23,1,79,79307,1,2,0,2,,46.106149,0.118961,12,4,2
202100053334,106Â 387,A01,10,3,2,5,0,-1,-1,3,3,1,2021,60.0,2,2,0,1,1,1,1,,4,GIRAUDOUX (RUE JEAN),0,,2,2,0,2,(1),(1),1,, -1,2,5,1,50,28,1,2021,18:50,5,37,37261,2,2,1,6,GIRAUDOUX (RUE JEAN),47.4122138658,0.7113710493,18,2,1
202100032783,143Â 178,B01,1,1,2,0,1,-1,-1,0,0,-1,2021,52.0,1,2,0,2,1,13,1,,7,6,-1,,2,2,1,1,31,500,1,, -1,1,0,1,80,22,6,2021,19:10,1,13,13110,1,1,0,1,CD 6,43.45742,5.657401,19,2,2
202100011749,180Â 716,A01,1,1,1,0,2,6,-1,-1, -1,-1,2021,21.0,-1,1,4,0,2,1,1,,1,AUTOROUTE A3,0,,1,2,0,2,13,0,3,, -1,6,3,1,50,22,10,2021,08:50,1,93,93005,2,1,0,6,AUTOROUTE A3,48.9508885757,2.4745512892,8,1,1
202100018780,168Â 072,B01,1,1,1,5,2,6,-1,-1, -1,-1,2021,57.0,1,1,0,2,1,1,5,,4,NORMANDIN   RUE EMILE,0,,4,2,1,2,(1),(1),1,, -1,1,0,1,50,15,9,2021,08:15,1,17,17300,2,3,0,1,NORMANDIN   RUE EMILE,46.15036,-1.14612,8,2,2
202100050781,110Â 914,B01,1,1,1,5,2,6,-1,-1, -1,-1,2021,41.0,1,1,0,2,3,1,1,,2,BOULEVARD CIRCULAIRE,0,,1,0,0,1,0,0,1,, -1,1,0,1,70,20,2,2021,18:10,2,92,92026,2,4,0,3,BOULEVARD CIRCULAIRE,48.8876815526,2.2522777319,18,4,2
202100039449,131Â 092,A01,5,2,1,5,1,-1,-1,-1, -1,-1,2021,18.0,0,2,8,0,1,16,1,,3,TANNERIES (RUE DES),0,,3,4,0,4,(1),(1),3,, -1,2,5,1,50,16,5,2021,05:30,5,50,50129,2,2,0,6,TANNERIES (RUE DES),49.63298,-1.6228,5,3,1
202100049715,112Â 880,A01,10,3,1,5,0,-1,-1,5,2,1,2021,82.0,2,2,0,1,5,4,1,,3,431,0,,2,2,0,1,(1),(1),1,, -1,1,0,4,50,1,3,2021,15:15,1,37,37003,2,1,0,6,Av des Martyrs de la Resistance,47.4110810114,0.9796015086,15,3,1
202100000119,201Â 541,A01,10,3,2,2,0,-1,-1,2,3,3,2021,15.0,0,2,0,1,1,1,6,,4,JEAN DE LA FONTAINE (PLACE),0,,3,2,0,1,0,0,1,, -1,1,0,8,30,14,10,2021,17:28,1,2,2168,2,7,0,6,JEAN DE LA FONTAINE (PLACE),49.04458,3.403077,17,3,1
202100044561,122Â 064,A01,1,1,1,0,1,0,-1,0,0,-1,2021,49.0,1,2,0,2,9,1,1,,7,BENNETT (RUE GORDON),0,,3,4,0,1,(1),(1),1,, -1,1,5,1,50,9,4,2021,06:43,2,63,63113,2,2,0,3,Durant/Lavoisier,45.78605,3.07968,6,3,2
202100041649,127Â 160,A01,10,3,1,5,0,-1,-1,9,3,2,2021,7.0,3,5,0,1,3,0,1,,6,MAXIMILLIEN ROBESPIERRE,0,,-1,-1,0,1,(1),(1),1,, -1,1,0,8,10,25,4,2021,17:10,1,76,76351,2,1,0,6,MAXIMILLIEN ROBESPIERRE,49.5151,0.17025,17,2,1
202100047412,117Â 022,B01,1,1,1,4,2,8,-1,-1, -1,-1,2021,30.0,1,1,0,2,2,21,1,,4,,0,,1,1,0,1,0,0,1,, -1,1,0,1,50,19,3,2021,15:25,1,92,92036,2,1,0,2,VILLAGE (PLACE DU),48.9347254644,2.3044507205,15,2,2
202100019703,166Â 426,A01,1,1,1,0,8,0,-1,-1, -1,-1,2021,23.0,1,1,0,2,8,26,3,,4,STRASBOURG (BOULEVARD),0,,2,2,0,1,0,0,1,, -1,1,0,1,50,9,9,2021,20:10,1,13,13203,2,4,0,3,STRASBOURG (BOULEVARD),43.30792,5.37647,20,2,2
202100045724,120Â 018,B01,10,3,1,1,0,-1,-1,5,1,1,2021,34.0,2,2,0,2,3,1,1,,4,VESOUL RUE DE (sup 52),0,,2,2,0,2,(1),(1),1,, -1,2,0,1,50,13,1,2021,14:00,1,25,25056,2,3,1,6,VESOUL RUE DE (sup 52),47.2517,6.0174,14,3,2
202100034576,139Â 913,A01,10,3,2,5,0,-1,-1,2,3,2,2021,87.0,2,2,0,1,3,1,1,,3,LAON (AVENUE) DU NÂ° 51 A 217 ET DU NÂ° 62,0,,3,2,0,1,16,900,1,, -1,1,0,1,50,13,6,2021,18:45,1,51,51454,2,1,0,7,Avenue de Laon,49.2648490228,4.026657841,18,2,1
202100004260,194Â 139,B01,1,1,1,5,8,0,-1,-1, -1,-1,2021,20.0,2,0,0,2,1,9,3,,7,RUE D'ALEMBERT,0,,1,1,0,1,0,0,1,, -1,1,0,1,50,11,11,2021,03:10,5,38,38185,2,3,0,3,RUE D'ALEMBERT,45.18,5.71,3,4,2
202100055253,103Â 059,B01,1,1,2,0,1,-1,-1,0,0,-1,2021,37.0,2,2,0,2,3,1,1,,7,9,0,,2,2,0,2,39,500,1,, -1,1,0,1,90,14,1,2021,08:35,1,13,13104,1,1,0,3,D9,43.34194,5.099233,8,2,2
202100016787,171Â 607,B01,1,1,1,9,2,0,-1,-1, -1,-1,2021,30.0,1,1,0,2,1,1,1,,4,BONNAND                             (R ),0,,2,4,0,1,(1),(1),1,, -1,1,0,1,50,23,9,2021,20:30,4,69,69383,2,2,0,3,BONNAND (R),45.75404,4.88564,20,3,2
202100011937,180Â 389,B01,2,2,2,5,1,-1,-1,0,0,-1,2021,64.0,2,2,0,0,3,1,1,,3,151,-1,,2,2,0,1,31,0,1,, -1,1,0,1,80,21,10,2021,18:45,2,60,60518,1,2,0,3,D151,49.5743166465,2.1829190095,18,3,2
202100024744,157Â 417,A01,1,1,2,5,1,0,-1,-1, -1,-1,2021,19.0,1,2,13,0,8,21,1,,3,PONT D'ARDAN (RUE DU),0,,2,2,0,1,6,500,1,, -1,1,0,3,70,10,8,2021,13:35,1,45,45004,1,1,0,6,Rue du Pont dâArdan,47.9836791334,2.825782299,13,1,1
202100018388,168Â 755,A01,1,1,1,2,2,6,-1,0,0,-1,2021,17.0,2,1,0,2,7,17,1,,3,LIBERATION (AVENUE DE LA),0,,2,2,0,2,10,465,1,, -1,1,0,1,50,17,9,2021,07:45,1,6,6069,2,1,0,3,LIBERATION (AVENUE DE LA),43.647538,6.913257,7,3,2
202100046946,117Â 860,A01,10,3,1,5,0,-1,-1,4,3,1,2021,74.0,1,1,0,1,3,1,5,,4,BOULEVARD SAINT MARCEL,0,,1,2,0,1,(1),(1),1,, -1,1,0,1,50,23,3,2021,16:07,1,75,75105,2,2,0,6,BOULEVARD SAINT MARCEL,48.838473,2.357028,16,2,1
202100048529,115Â 010,A01,1,1,1,5,8,0,-1,-1, -1,-1,2021,85.0,2,0,0,2,3,15,3,,4,MARGUERITE LABORDE,0,,2,2,0,1,0,0,1,, -1,1,0,1,50,10,3,2021,11:05,1,64,64445,2,2,0,3,MARGUERITE LABORDE,43.30014,-0.36702,11,2,2
202100034997,139Â 139,B01,1,1,1,5,2,6,-1,-1, -1,-1,2021,54.0,0,1,0,2,1,1,1,,4,WILSON (RUE),0,,1,1,0,1,0,0,1,, -1,1,5,1,50,8,6,2021,09:50,1,50,50602,2,2,0,3,WILSON (RUE),49.64298,-1.57025,9,2,2
202100009909,183Â 981,A01,4,2,2,5,8,0,-1,-1, -1,-1,2021,22.0,0,2,13,0,1,26,1,,4,RUE DE GIRONIS,0,,2,2,0,2,(1),(1),2,, -1,2,0,3,50,1,11,2021,08:45,2,31,31555,2,1,1,6,RUE DE GIRONIS,43.56358,1.41884,8,4,1
202100048012,115Â 921,A01,1,1,1,5,1,8,-1,-1, -1,-1,2021,39.0,1,2,17,0,1,13,1,,3,MONTABO (ROUTE DE) 1,0,,2,1,0,1,2,300,1,, -1,2,0,1,50,14,3,2021,06:03,2,973,97302,2,1,1,7,MONTABO (ROUTE DE) 1,4.9393739445,-52.3009164334,6,1,1
202100039379,131Â 213,A01,1,1,1,0,2,6,-1,0,0,-1,2021,36.0,2,1,0,0,0,17,1,,3,559,0,,2,2,0,2,4,700,1,, -1,1,0,3,70,19,5,2021,14:30,1,83,83112,1,1,0,7,Route de Bandol.,43.172432,5.715542,14,1,1
202100004220,194Â 208,A01,2,2,2,0,1,-1,-1,-1, -1,-1,2021,38.0,2,2,0,2,2,2,1,,4,FRANCISQUE JOMARD                   (R ),0,,2,2,0,1,(1),(1),1,, -1,2,0,1,50,5,12,2021,09:15,1,69,69149,2,1,0,2,FRANCISQUE JOMARD (R),45.71504,4.80104,9,3,2
202100042495,125Â 661,A01,1,1,1,5,8,0,-1,0,0,-1,2021,33.0,1,1,0,1,1,1,1,,4,RUE STEPHENSON,0,,2,2,0,1,(1),(1),1,, -1,1,0,1,50,26,4,2021,17:00,1,75,75118,2,3,0,6,RUE STEPHENSON,48.888002,2.356194,17,2,1
202100012663,179Â 082,A01,1,1,1,0,8,0,-1,-1, -1,-1,2021,24.0,0,1,0,2,8,26,0,,4,BISKRA (RUE DE),0,,1,2,0,1,0,0,1,, -1,1,0,1,50,17,10,2021,16:45,1,13,13214,2,3,0,3,BISKRA (RUE DE),43.3276,5.37516,16,2,2
202100036920,135Â 708,A01,1,1,1,4,8,-1,-1,0,0,-1,2021,49.0,2,5,0,2,1,2,1,,1,10,0,,2,3,0,1,72,292,1,,"13,5",1,0,1,130,3,6,2021,06:30,1,28,28367,1,1,0,2,A10 - PK 72+292 - direction PARIS,48.148787,1.855799,6,2,2
202100004510,193Â 711,A01,10,3,1,0,0,-1,-1,8,B,3,2021,75.0,1,2,8,1,1,14,1,,3,13,0,,1,0,0,1,(1),(1),1,, -1,1,0,8,30,5,12,2021,12:30,1,972,97209,1,1,0,6,CHATEAUBOEUF (ROUTE DE),14.6156685646,-61.050593555,12,8,1
202100006117,190Â 870,A01,1,1,1,1,1,0,-1,-1, -1,-1,2021,39.0,2,5,0,0,9,26,1,,3,CHAMPLAIN (CUVETTE DE),0,,3,4,0,4,1,0,1,, -1,1,0,1,70,24,11,2021,05:25,3,94,94060,1,1,0,7,Champlain,48.786698,2.562985,5,1,1
202100002982,196Â 446,A01,4,2,2,0,1,0,-1,-1, -1,-1,2021,15.0,1,2,0,2,3,9,1,,3,SALVADOR ALLENDE (COURS),0,,1,2,0,1,0,1,1,, -1,1,0,1,50,14,12,2021,17:40,5,93,93005,2,9,0,3,SALVADOR ALLENDE (COURS),48.9526441386,2.4975117469,17,4,2
202100001438,199Â 213,A01,1,1,1,5,1,8,-1,-1, -1,-1,2021,35.0,2,2,4,0,1,0,1,,1,A86 EXT,0,,1,3,0,1,45,0,3,, -1,2,0,1,90,24,12,2021,23:20,3,94,94073,1,1,1,6,A86 EXT,48.7701146919,2.3822327243,23,1,1
202100032118,144Â 342,C01,2,2,1,5,1,0,-1,-1, -1,-1,2021,39.0,3,2,0,2,4,2,1,,7,AVENUE DE  GUBBIO-RN 113,0,,1,2,0,1,0,0,1,, -1,1,5,1,80,26,6,2021,19:25,1,13,13103,2,6,0,5,AVENUE DE  GUBBIO-RN 113,43.62326,5.08616,19,4,3
202100001851,198Â 489,A01,2,2,1,0,1,-1,-1,-1, -1,-1,2021,29.0,3,2,0,2,1,12,1,,7,CD 43 (AVENUE DU BOIS DES DAMES),0,,2,-1,0,1,16,800,1,, -1,1,0,1,90,21,12,2021,11:15,1,76,76474,1,1,0,2,CD 43 (AVENUE DU BOIS DES DAMES),49.47664,1.065527,11,3,2
202100026149,154Â 952,A01,1,1,1,9,2,6,-1,0,0,-1,2021,47.0,1,1,0,2,1,12,1,,4,PORTE DE LA VILLETTE,0,,1,4,0,1,25,200,1,, -1,1,0,1,70,31,7,2021,01:40,5,75,75119,2,1,0,2,PORTE DE LA VILLETTE,48.900426,2.388878,1,2,2
202100026171,154Â 916,B01,1,1,1,5,2,6,9,0,0,-1,2021,27.0,1,1,0,2,9,15,1,,4,,0,,2,2,0,2,(1),(1),3,,4,1,0,1,80,1,8,2021,18:30,1,57,57479,1,1,0,1,Rue de la Chapelle,49.409218,6.390948,18,2,2
202100020389,165Â 194,B01,1,1,1,5,2,6,-1,0,0,-1,2021,77.0,1,1,0,2,1,1,5,,3,06,-1,D,2,2,0,1,(1),(1),1,, -1,1,0,1,30,8,9,2021,13:40,1,29,29269,2,1,0,2,12bis Rue de Scaer,47.960456,-3.627105,13,2,2
202100056241,101Â 365,B01,2,2,2,5,1,8,-1,-1, -1,-1,2021,31.0,2,2,0,2,1,1,1,,3,ROCADE EST (RD 162),0,,3,5,0,1,9,548,1,, -1,1,0,1,50,2,1,2021,14:50,1,86,86194,2,1,0,3,Rocade Sud Est,46.553168,0.309684,14,4,2
202100025621,155Â 886,A01,10,3,1,9,0,-1,-1,3,3,1,2021,39.0,3,2,0,1,2,11,0,,7,D.51,0,,1,2,0,1,26,0,1,, -1,2,0,1,50,4,8,2021,12:45,1,13,13098,2,1,1,3,D.51,43.43678,5.03638,12,2,1
202100036272,136Â 844,A01,10,3,1,5,8,8,-1,9,3,1,2021,33.0,0,5,0,1,1,0,0,,3,IVRY (R D),0,,1,1,0,1,2,0,1,, -1,1,0,1,50,5,6,2021,17:15,1,94,94081,2,1,0,1,IVRY (R D),48.80164,2.40222,17,2,1
202100020247,165Â 448,A01,10,3,1,1,0,-1,-1,2,3,1,2021,71.0,1,2,0,1,1,15,1,,4,LORRAINE (AVENUE DU),0,,-1,2,0,1,(1),(1),2,, -1,1,0,1,50,7,9,2021,08:45,2,78,78650,2,4,0,6,LORRAINE (AVENUE DU),48.88287,2.12464,8,2,1
202100003425,195Â 634,A01,1,1,1,3,2,0,-1,-1, -1,-1,2021,31.0,1,1,0,2,1,17,1,,4,ALLAUCH A AUBAGNE (ROUTE D'),0,,2,2,0,1,0,0,1,, -1,1,0,1,50,11,12,2021,16:56,1,13,13211,2,1,0,3,ALLAUCH A AUBAGNE (ROUTE D'),43.3079539252,5.500328446,16,2,2
202100030656,146Â 959,C01,3,2,2,5,3,-1,-1,0,0,-1,2021,1.0,1,2,0,2,1,1,1,,1,6,0,A,3,6,0,1,419,250,1,, -1,1,0,1,130,1,7,2021,00:30,3,69,69206,1,1,0,5,A6,46.042706,4.727018,0,7,3
202100008154,187Â 145,A01,1,1,1,0,1,0,-1,-1, -1,-1,2021,24.0,1,2,9,2,7,15,1,,3,FRIEDBERG (BD DE),0,,3,4,0,1,1,0,1,, -1,1,0,1,50,13,11,2021,20:15,5,94,94079,2,2,0,3,Boulevard de Friedberg,48.83486,2.54718,20,3,2
202100031311,145Â 771,A01,1,1,1,0,2,6,-1,-1, -1,-1,2021,46.0,2,1,0,2,1,18,1,,3,PARIS (av. de),0,,2,2,1,1,1,0,1,, -1,1,0,1,50,2,7,2021,13:30,1,94,94067,2,3,0,3,PARIS (av. de),48.84587,2.4237,13,2,2
202100012335,179Â 687,B01,1,1,1,1,0,-1,-1,0,0,-1,2021,59.0,2,1,0,0,4,0,5,,3,cd10,0,,2,2,0,2,21,205,1,, -1,1,0,1,80,20,10,2021,07:40,2,33,33442,1,1,0,2,,45.0386115357,-0.2091508951,7,2,2
202100020086,165Â 719,A01,1,1,1,0,1,0,-1,-1, -1,-1,2021,54.0,1,2,0,2,1,0,1,,7,LITTORAL (CHEMIN DU),0,,1,2,0,1,(1),(1),4,, -1,1,8,1,50,8,9,2021,10:00,1,13,13216,1,1,0,3,LITTORAL (CHEMIN DU),43.3471645769,5.3442537598,10,2,2
202100053729,105Â 700,A01,1,1,1,5,2,8,-1,-1, -1,-1,2021,51.0,3,1,2,0,1,1,1,,7,506,0,,2,2,0,1,(1),(1),1,, -1,1,0,1,50,25,1,2021,15:45,1,59,59009,2,1,0,6,8 MAI 1945 RUE DU PETITS NÂ° JUSQUE 60,50.6277,3.15442,15,1,1