Num_Acc,id_vehicule,num_veh,place,catu,sexe,trajet,secu1,secu2,secu3,locp,actp,etatp,year_acc,victim_age,senc,catv,obs,obsm,choc,manv,motor,occutc,catr,voie,v1,v2,circ,nbv,vosp,prof,pr,pr1,plan,lartpc,larrout,surf,infra,situ,vma,jour,mois,an,hrmn,lum,dep,com,agg_,int,atm,col,adr,lat,long,hour,nb_victim,nb_vehicules
202100040075,129Â 963,B01,1,1,1,0,2,0,-1,-1, -1,-1,2021,26.0,1,1,0,2,1,0,1,,3,AV LOUIS ARAGON ,0,,-1,2,0,1,1,0,1,, -1,1,0,1,50,13,5,2021,18:45,1,94,94076,2,1,0,1,Avenue Louis Aragon,48.78848,2.36723,18,2,2
202100005757,191Â 507,B01,1,1,1,0,1,0,-1,-1, -1,-1,2021,39.0,1,2,0,2,8,1,1,,7,AV DES ETATS UNIS,0,,2,5,0,1,0,3022,1,, -1,1,0,1,50,28,11,2021,09:55,1,31,31555,2,1,0,3,AV DES ETATS UNIS,43.64549,1.42684,9,2,2
202100044936,121Â 406,A01,10,3,1,5,0,-1,-1,3,3,1,2021,73.0,3,2,0,1,3,1,1,,4,DARNEL,0,,1,2,0,1,(1),(1),1,, -1,1,0,1,50,6,4,2021,09:35,1,62,62193,2,3,0,6,DARNEL,50.94664,1.85381,9,2,1
202100000043,201Â 682,A01,1,1,2,5,1,-1,-1,0,0,-1,2021,20.0,2,2,16,0,-1,13,1,,3,D6,0,,2,2,0,1,28,550,3,, -1,2,0,1,80,10,12,2021,09:30,1,33,33417,1,1,1,6,D6,44.971341,-0.878649,9,1,1
202100033715,141Â 497,A01,1,1,1,5,8,-1,-1,0,0,-1,2021,20.0,2,2,6,0,1,0,1,,4,,-1,,2,2,0,2,(1),(1),4,,4,1,9,8,50,19,6,2021,01:50,3,70,70160,2,1,0,6,24 Rue de la Fontaine aux Dames,47.578053,6.702986,1,1,1
202100006509,190Â 168,A01,10,3,2,3,0,-1,-1,3,3,1,2021,71.0,0,2,0,1,1,9,1,,3,D617,-1,,2,1,0,1,1,900,1,, -1,1,0,1,50,12,11,2021,16:30,1,60,60104,2,1,0,6,Rue d'Amiens,49.639296,2.281481,16,2,1
202100004545,193Â 652,B01,1,1,1,4,2,6,-1,0,0,-1,2021,34.0,1,1,0,2,1,1,1,,4,QUAI D ORSAY,0,,2,4,0,1,0,0,1,, -1,2,0,1,30,4,12,2021,19:31,5,75,75107,2,4,1,4,QUAI D ORSAY,48.862866,2.318048,19,4,3
202100037046,135Â 480,A01,1,1,1,5,2,6,-1,0,0,-1,2021,39.0,2,1,0,2,1,2,1,,4,RUE JULIA BARTET,0,,2,2,0,1,(1),(1),1,, -1,1,0,1,50,1,6,2021,13:40,1,75,75114,2,3,0,2,RUE JULIA BARTET,48.825007,2.302183,13,2,2
202100032790,143Â 164,A01,1,1,1,5,2,-1,-1,0,0,-1,2021,57.0,3,1,0,0,0,0,5,,4,,0,,2,2,0,1,(1),(1),1,,4,2,0,8,30,20,6,2021,09:30,1,31,31291,2,1,1,7,AllÃ©e de Castelnouvel,43.599375,1.25467,9,1,1
202100017517,170Â 311,A01,1,1,1,0,2,6,-1,-1, -1,-1,2021,29.0,-1,1,0,2,1,1,1,,3,BRIAND (AV. ARISTIDE) 2A 132,0,,-1,4,0,1,0,1,1,, -1,1,0,1,50,22,9,2021,10:00,1,93,93057,2,2,0,3,Allee Louis Calmanovic,48.909311,2.503287,10,2,2
202100051863,108Â 999,B01,1,1,1,1,1,-1,-1,0,0,-1,2021,61.0,2,2,0,2,1,1,1,,3,426,0,D,2,2,0,1,33,500,2,, -1,5,0,1,80,10,2,2021,12:45,1,67,67438,1,1,0,4,Schaeffersheim,48.439351,7.604363,12,3,3
202100022929,160Â 638,B01,1,1,1,5,2,8,-1,-1, -1,-1,2021,24.0,1,1,0,2,1,1,0,,3,ROSNY (AVENUE DE),0,,2,4,0,1,0,1,1,, -1,1,0,1,50,21,8,2021,22:45,5,93,93077,2,1,0,3,Avenue de Rosny,48.88485,2.50628,22,2,2
202100006463,190Â 245,B01,1,1,1,1,2,0,-1,0,0,-1,2021,47.0,1,1,0,2,5,1,5,,4,PLACE DE LA PORTE DE VERSAILLES,0,,1,2,1,1,(1),(1),1,, -1,1,-1,5,50,24,11,2021,09:28,1,75,75115,2,3,0,3,PLACE DE LA PORTE DE VERSAILLES,48.832348,2.287678,9,3,2
202100027099,153Â 275,A01,1,1,2,9,1,-1,-1,0,0,-1,2021,19.0,1,2,0,2,3,19,1,,3,23,-1,,2,2,0,1,53,193,1,, -1,1,0,1,80,25,7,2021,15:20,1,31,31547,1,2,0,5,D23,43.488268,1.275455,15,9,3
202100022100,162Â 121,A01,1,1,2,1,1,8,-1,-1, -1,-1,2021,32.0,1,2,14,0,4,2,1,,3,RD 660,0,,2,2,0,1,3,800,1,, -1,1,0,1,90,27,8,2021,09:26,1,10,10362,1,1,0,2,RD 660,48.29684,4.0067,9,2,2
202100055388,102Â 842,B01,1,1,1,3,1,-1,-1,0,0,-1,2021,51.0,2,2,0,2,2,1,1,,3,66,-1,,2,2,0,1,1,500,1,, -1,2,0,1,80,12,1,2021,10:50,1,80,80380,1,2,1,3,chaussÃ©e brunehaut,50.094431,2.062726,10,2,2
202100032687,143Â 341,B01,1,1,1,5,2,6,-1,-1, -1,-1,2021,26.0,1,1,0,2,4,9,1,,4,ROMAIN ROLLAND (BOULEVARD),0,,2,2,0,1,0,0,1,, -1,1,0,1,50,22,6,2021,08:30,1,13,13210,2,1,0,3,ROMAIN ROLLAND (BOULEVARD),43.2763695361,5.4181147376,8,2,2
202100042055,126Â 454,A01,10,3,2,3,0,-1,-1,1,3,2,2021,67.0,2,0,0,1,1,5,3,,4,QUAI LOUIS BLERIOT,0,,1,1,0,1,(1),(1),1,, -1,1,0,1,50,28,4,2021,12:20,1,75,75116,2,3,0,6,QUAI LOUIS BLERIOT,48.839325,2.266861,12,2,1
202100046815,118Â 096,A01,1,1,1,1,6,2,-1,0,0,-1,2021,47.0,1,1,13,0,9,17,1,,3,986,-1,,2,2,0,4,8,410,2,, -1,7,0,3,90,24,3,2021,06:45,2,34,34042,1,1,0,6,D986,43.877046,3.742476,6,1,1
202100024488,157Â 892,A01,1,1,1,4,2,8,-1,-1, -1,-1,2021,56.0,1,1,0,2,1,1,1,,3,BADUEL (ROUTE DE),0,,2,1,0,1,3,0,1,, -1,1,0,1,50,12,8,2021,16:03,1,973,97302,2,9,0,2,BADUEL (ROUTE DE),4.93023,-52.30457,16,2,2
202100025286,156Â 460,A01,1,1,2,0,1,0,-1,-1, -1,-1,2021,36.0,1,2,8,0,1,26,1,,7,,0,,1,1,0,3,4,1,1,, -1,1,2,8,50,6,8,2021,11:40,1,45,45302,2,2,0,6,Rue de Pimelin,47.927208,1.87571,11,1,1
202100004988,192Â 871,B01,1,1,2,1,1,-1,-1,0,0,-1,2021,28.0,1,2,0,2,3,2,1,,3,1083,0,D,1,3,0,1,80,600,3,, -1,7,0,1,90,3,12,2021,04:40,3,67,67464,1,1,0,6,D83,48.347486,7.549404,4,2,2
202100011352,181Â 438,A01,1,1,1,0,2,-1,-1,-1, -1,-1,2021,25.0,2,1,9,2,2,17,1,,4,MARIUS BERLIET                      (R ),0,,1,1,3,1,(1),(1),1,, -1,1,0,1,50,23,10,2021,16:20,1,69,69388,2,2,0,3,MARIUS BERLIET (R),45.74057,4.86386,16,2,2
202100047264,117Â 277,A01,1,1,2,5,2,6,-1,-1, -1,-1,2021,17.0,3,1,0,2,8,1,1,,3,907,0,,4,1,0,1,0,0,1,, -1,1,0,1,50,20,3,2021,18:30,1,92,92047,2,6,0,3,REPUBLIQUE,48.8375053822,2.1559307724,18,2,2
202100038572,132Â 700,A01,1,1,1,5,2,-1,-1,0,0,-1,2021,52.0,2,1,13,0,7,1,1,,3,202,-1,,2,2,0,1,0,70,4,, -1,1,0,1,80,24,5,2021,11:30,1,53,53216,1,1,1,6,D202,48.360273,-0.551805,11,1,1
202100024000,158Â 739,B01,1,1,1,3,8,0,-1,-1, -1,-1,2021,59.0,2,1,0,2,1,16,5,,4,CARMET (RUE JEAN),0,,2,2,0,1,0,0,4,, -1,1,0,1,50,15,8,2021,09:10,1,82,82121,2,3,0,3,CARMET (RUE JEAN),44.00916,1.37629,9,2,2
202100044838,121Â 570,B01,1,1,1,9,8,0,-1,0,0,-1,2021,22.0,2,1,0,2,0,9,5,,4,RUE ETIENNE MARCEL,0,,-1,3,0,1,(1),(1),1,, -1,1,0,1,30,7,4,2021,19:15,1,75,75101,2,2,0,2,RUE ETIENNE MARCEL,48.8644300946,2.3466914892,19,2,2
202100033387,142Â 086,A01,1,1,1,9,2,6,-1,-1, -1,-1,2021,69.0,3,1,0,2,1,1,1,,4,ROMAGNY (RUE DE),0,,2,2,0,1,0,1,1,, -1,1,0,1,50,19,6,2021,11:00,1,74,74012,2,1,0,2,ROMAGNY (RUE DE),46.19691,6.25003,11,2,2
202100040386,129Â 416,B01,1,1,1,0,1,0,-1,-1, -1,-1,2021,59.0,3,2,0,2,6,1,1,,3,RASPAIL (RUE),0,,2,2,0,1,30,0,1,, -1,1,8,1,50,11,5,2021,18:20,1,93,93027,2,1,0,3,Rue Raspail,48.92331,2.39521,18,2,2
202100006001,191Â 071,B01,1,1,1,5,2,6,-1,0,0,-1,2021,25.0,2,1,0,2,7,17,1,,4,RUE DE LA CITE,0,,1,2,1,1,(1),(1),1,, -1,2,0,1,30,27,11,2021,23:45,5,75,75104,2,7,1,3,RUE DE LA CITE,48.854029,2.347374,23,3,2
202100054343,104Â 626,A01,1,1,2,1,2,-1,-1,0,0,-1,2021,20.0,3,1,0,0,0,1,1,,4,RAMADIER PAUL (AVENUE),0,,2,2,0,2,(1),(1),2,, -1,7,0,1,50,19,1,2021,09:42,1,12,12089,2,1,0,7,RAMADIER PAUL (AVENUE),44.55434,2.26033,9,1,1
202100005602,191Â 793,B01,1,1,1,4,1,-1,-1,0,0,-1,2021,42.0,2,5,0,2,1,1,1,,1,63,-1,A,3,4,0,1,23,660,1,, -1,1,0,1,130,29,11,2021,12:40,1,33,33284,1,1,0,2,"A63, PK 24",44.642338,-0.840712,12,2,2
202100026240,154Â 797,A01,10,3,2,4,0,-1,-1,1,3,1,2021,55.0,1,2,0,1,1,1,1,,3,933,0,D,2,2,0,1,30,370,1,, -1,1,0,1,70,31,7,2021,12:00,1,59,59401,1,1,0,1,363 Rue Nationale,50.739439,2.703192,12,3,2
202100010798,182Â 428,E01,1,1,1,1,1,-1,-1,0,0,-1,2021,24.0,1,2,0,2,1,2,1,,1,35,-1,,3,4,0,1,124,300,1,, -1,1,0,1,90,28,10,2021,07:30,2,68,68135,1,1,0,4,A35,47.589413,7.546368,7,6,6
202100047473,116Â 907,B01,1,1,1,2,2,-1,-1,-1, -1,-1,2021,16.0,1,1,0,2,1,18,1,,4,PROFESSEUR BEAUVISAGE (DU)  (R ),0,,2,5,1,1,(1),(1),1,, -1,2,0,1,50,17,3,2021,12:30,1,69,69388,2,3,1,3,PROFESSEUR BEAUVISAGE (DU) (R),45.7307529651,4.8714481338,12,2,2
202100015308,174Â 344,A01,1,1,1,0,2,6,-1,-1, -1,-1,2021,35.0,2,1,0,2,2,3,1,,1,AUTOROUTE A3,0,,2,6,0,1,9,0,1,, -1,1,0,1,90,4,10,2021,09:00,1,93,93010,1,1,0,3,AUTOROUTE A3,48.9147396278,2.4776225854,9,2,2
202100056002,101Â 785,B01,1,1,1,0,2,6,-1,0,0,-1,2021,51.0,2,1,0,2,8,23,1,,3,18,0,,2,2,0,1,57,450,1,, -1,1,0,1,90,5,1,2021,08:45,1,33,33015,1,2,0,3,D18,44.873699,-0.287196,8,2,2
202100012682,179Â 048,A01,1,1,1,5,2,0,-1,0,0,-1,2021,65.0,3,1,0,2,4,1,1,,4,PLACE SAINT AUGUSTIN,0,,-1,2,0,1,(1),(1),1,, -1,1,0,1,30,17,10,2021,09:45,1,75,75108,2,7,0,2,PLACE SAINT AUGUSTIN,48.874754,2.319784,9,3,2
202100027334,152Â 863,A01,1,1,1,0,1,0,-1,-1, -1,-1,2021,18.0,2,2,8,0,1,21,1,,7,PICOT (AVE DU COLONEL),0,,2,2,0,2,3,530,1,, -1,1,0,4,50,22,7,2021,22:25,5,83,83137,2,1,0,6,PICOT (AVE DU COLONEL),43.128847,5.966873,22,2,1
202100009237,185Â 201,A01,1,1,2,4,1,8,-1,-1, -1,-1,2021,58.0,1,2,1,0,1,14,1,,3,DEPORTES (RUE DES),0,,2,2,1,1,(1),(1),1,, -1,2,0,3,50,31,10,2021,14:59,1,59,59160,2,1,0,6,DEPORTES (RUE DES),50.403724,3.666046,14,1,1
202100028303,151Â 103,B01,1,1,2,5,1,0,-1,0,0,-1,2021,28.0,2,2,0,2,7,2,1,,3,CARNOT (ROND POINT),0,,1,1,0,1,1,0,3,, -1,1,0,1,50,17,7,2021,17:55,1,14,14333,2,6,0,3,D580,49.41781,0.23997,17,2,2
202100000644,200Â 558,A01,10,3,1,3,0,-1,-1,2,3,1,2021,71.0,1,4,0,1,1,1,1,,3,974,-1,,2,2,0,1,28,0,1,,4,1,0,1,50,8,10,2021,10:50,1,21,21464,2,2,0,6,Rue Thurot,47.136323,4.950001,10,2,1
202100022295,161Â 781,A01,10,3,1,5,0,-1,-1,4,3,1,2021,92.0,2,2,0,1,1,1,2,,4,RUE CAULAINCOURT,0,,1,1,0,1,(1),(1),1,, -1,1,0,1,50,27,8,2021,16:51,1,75,75118,2,5,0,6,RUE CAULAINCOURT,48.88466,2.329527,16,2,1
202100013797,177Â 037,A01,1,1,1,0,2,6,-1,-1, -1,-1,2021,31.0,2,1,0,2,2,3,1,,1,AUTOROUTE A86,0,,1,3,0,1,20,299,1,, -1,1,1,1,90,12,10,2021,07:00,2,93,93008,1,1,0,3,AUTOROUTE A86,48.91462,2.43415,7,2,2
202100037592,134Â 465,A01,10,3,2,5,0,-1,-1,4,3,1,2021,60.0,2,2,0,1,1,15,1,,4,RUE ANDRE PUJOL,0,,2,2,0,2,(1),(1),1,, -1,2,5,1,50,29,5,2021,17:00,1,33,33318,2,2,0,6,Rue AndrÃ© Pujol,44.80603,-0.63244,17,3,1
202100025693,155Â 760,A01,1,1,1,9,2,6,-1,0,0,-1,2021,16.0,3,1,9,0,3,14,1,,4,,-1,,2,2,0,1,(1),(1),2,,4,1,5,5,50,25,7,2021,16:43,1,22,22090,2,9,0,6,Route de Pont Ar Hoail,48.77506,-3.375819,16,1,1
202100045339,120Â 697,A01,10,3,2,1,0,-1,-1,4,3,2,2021,34.0,2,2,0,0,1,1,1,,4,GEORGES POMPIDOU ( BD),0,,2,3,0,1,0,1,1,, -1,2,0,1,50,13,1,2021,18:02,5,5,5061,2,1,0,6,GEORGES POMPIDOU ( BD),44.55634,6.07925,18,3,1
202100038978,131Â 968,A01,1,1,1,5,2,6,-1,-1, -1,-1,2021,49.0,1,1,0,2,1,2,1,,3,GOUNOD.(RUE CHARLES),0,,2,2,0,1,0,0,2,, -1,1,0,1,50,21,5,2021,13:35,1,94,94028,2,1,0,3,GOUNOD.(RUE CHARLES),48.78387,2.44789,13,2,2
202100040936,128Â 448,A01,1,1,1,0,2,8,-1,-1, -1,-1,2021,16.0,0,1,0,2,2,3,1,,4,PAUL SIRVENT (AVE),0,,2,2,0,2,1,0,1,, -1,1,0,1,50,7,5,2021,14:30,1,13,13075,2,3,0,3,PAUL SIRVENT (AVE),43.3435340624,5.4669838152,14,2,2
202100051792,109Â 121,A01,10,3,2,3,0,-1,-1,2,3,1,2021,76.0,2,2,0,1,1,16,1,,7,775,0,,1,2,0,1,(1),(1),1,, -1,7,5,1,50,11,2,2021,08:10,1,59,59599,2,9,0,6,GAMBETTA (BOULEVARD),50.704957,3.160219,8,2,1
202100035929,137Â 466,A01,10,3,1,5,0,-1,-1,2,3,1,2021,80.0,1,1,0,1,1,1,1,,4,SAINTE MARGUERITE (BOULEVARD),0,,2,2,0,1,0,0,1,, -1,1,0,1,501,7,6,2021,19:15,1,13,13209,2,1,0,2,SAINTE MARGUERITE (BOULEVARD),43.2650213354,5.4091573347,19,2,1
202100026794,153Â 829,A01,1,1,1,0,8,0,-1,-1, -1,-1,2021,20.0,1,1,0,0,1,2,5,,4,MAILLETS (RUE DES) IMP 37 A 159,0,,1,2,2,1,0,0,1,, -1,1,0,1,30,27,7,2021,19:00,1,72,72181,2,1,0,2,MAILLETS (RUE DES) IMP 37 A 159,48.0153,0.21199,19,2,2
202100018414,168Â 711,A01,1,1,1,5,1,8,-1,-1, -1,-1,2021,22.0,2,2,4,0,3,1,1,,2,MELUN (AV DE),0,,2,4,0,1,1,0,2,, -1,1,0,1,50,12,9,2021,21:30,5,94,94078,2,1,0,6,avenue de Melun,48.723271,2.444135,21,1,1
202100047765,116Â 367,A01,10,3,2,0,0,-1,-1,1,3,1,2021,74.0,1,5,0,1,1,1,1,,3,VERDUN AVENUE DE,0,,-1,1,0,1,40,65,1,, -1,1,0,1,30,5,2,2021,07:40,2,30,30351,1,1,0,6,VERDUN AVENUE DE,43.96344,4.80023,7,2,1
202100004275,194Â 116,A01,10,3,2,3,0,-1,-1,3,3,1,2021,52.0,1,2,0,1,3,2,1,,4,LIBERATION   RUE DE LA,0,,2,1,3,1,(1),(1),3,, -1,2,6,1,30,6,12,2021,19:00,5,17,17291,2,9,1,6,LIBERATION   RUE DE LA,46.175,-1.114,19,2,1
202100009612,184Â 523,B01,1,1,1,9,2,6,-1,0,0,-1,2021,16.0,3,1,0,2,1,1,1,,4,AVENUE DAUMESNIL,0,,2,2,0,1,(1),(1),1,, -1,1,0,1,50,2,11,2021,07:40,2,75,75112,2,5,0,3,AVENUE DAUMESNIL,48.834203,2.410758,7,2,2
202100018632,168Â 331,A01,1,1,1,5,0,-1,-1,0,0,-1,2021,30.0,3,1,0,2,2,13,5,,4,1,0,,2,1,0,2,(1),(1),1,, -1,1,0,1,70,15,8,2021,17:20,1,974,97415,1,1,0,1,Chemin Piton Leon,-21.070389,55.286635,17,2,2
202100016804,171Â 579,A01,10,3,1,9,0,-1,-1,6,9,1,2021,58.0,3,2,15,1,2,14,1,,4,CARAQUE,0,,2,2,0,1,(1),(1),2,, -1,1,0,3,50,12,8,2021,18:15,1,971,97101,1,9,0,6,CARAQUE,16.25983,-61.49702,18,4,1
202100053920,105Â 364,A01,1,1,1,4,1,-1,-1,-1, -1,-1,2021,53.0,2,5,0,2,1,1,1,,4,,0,,1,3,3,1,(1),(1),1,, -1,2,0,1,50,23,1,2021,07:06,5,69,69387,2,2,1,3,BERTHELOT (AV),45.745206345,4.8418402792,7,3,2
202100035240,138Â 715,A01,10,3,2,2,0,-1,-1,2,5,1,2021,13.0,2,2,0,1,1,1,1,,3,AVENUE DE L EUROPE,0,,2,2,0,1,2,995,1,, -1,1,0,1,50,28,5,2021,18:50,1,78,78354,2,1,0,6,AVENUE DE L EUROPE,48.970533,1.685564,18,2,1
202100009225,185Â 224,B01,1,1,1,0,2,0,-1,-1, -1,-1,2021,17.0,3,1,0,2,8,1,1,,4,DURAND GEORGES (AV) NÂ° PAIRS 166 A 310,0,,3,2,2,1,0,0,1,, -1,1,0,1,50,5,11,2021,22:30,5,72,72181,2,2,0,3,DURAND GEORGES (AV) NÂ° PAIRS 166 A 310,47.97122,0.21692,22,2,2
202100023450,159Â 707,A01,10,3,2,0,0,-1,-1,3,3,1,2021,78.0,1,5,0,1,8,15,1,,3,CELESTINS (AVENUE DES),0,,2,2,0,2,0,0,1,, -1,1,0,1,50,18,8,2021,11:20,1,3,3310,2,4,0,6,CELESTINS (AVENUE DES),46.12442,3.42971,11,2,1
202100039417,131Â 142,B01,2,2,1,0,2,8,-1,-1, -1,-1,2021,17.0,3,1,0,2,8,0,1,,4,SECTION COCOYER,0,,2,2,0,2,(1),(1),3,, -1,1,0,1,70,18,5,2021,08:25,1,971,97113,1,1,0,3,SECTION COCOYER,16.2323384064,-61.5103054047,8,3,2
202100052687,107Â 553,B01,2,2,2,5,2,6,-1,0,0,-1,2021,45.0,2,1,0,2,2,3,1,,4,QUAI D IVRY,0,,1,4,0,1,0,300,1,, -1,1,0,1,70,1,2,2021,18:35,5,75,75113,2,1,0,3,QUAI D IVRY,48.825675,2.386693,18,3,2
202100014616,175Â 589,A01,10,3,2,5,0,-1,-1,3,3,1,2021,40.0,3,2,0,1,1,0,1,,4,CARNOT   AVENUE,0,,1,2,3,1,(1),(1),1,, -1,1,6,1,50,7,10,2021,09:10,1,17,17300,2,1,1,6,CARNOT   AVENUE,46.16422,-1.17632,9,2,1
202100026444,154Â 430,B01,1,1,1,5,8,0,-1,-1, -1,-1,2021,23.0,1,1,0,2,1,1,5,,4,NUNGESSER-ET-COLI (BOULEVARD),0,,2,2,0,1,0,0,1,, -1,1,0,4,50,29,7,2021,11:38,1,66,66136,2,1,0,3,NUNGESSER-ET-COLI (BOULEVARD),42.68737,2.88717,11,2,2
202100052118,108Â 548,Z01,10,3,1,2,8,8,-1,3,3,2,2021,7.0,3,2,0,1,1,26,0,,4,FLEMING RUE,0,,2,2,0,2,(1),(1),1,, -1,9,0,1,50,8,2,2021,18:36,3,59,59648,2,3,0,6,FLEMING RUE,50.59006,3.0446,18,2,1
202100037545,134Â 551,B01,1,1,1,5,1,0,-1,-1, -1,-1,2021,66.0,2,2,0,2,4,1,1,,1,6,0,,3,10,0,1,26,200,1,, -1,1,0,1,110,30,5,2021,07:30,1,91,91228,1,1,0,2,AUTOROUTE A6,48.62135,2.42416,7,2,2
202100025264,156Â 496,B01,1,1,1,0,1,0,-1,-1, -1,-1,2021,20.0,2,2,0,2,1,1,1,,4,AUGUSTE DELAUNE,0,,2,2,0,1,(1),(1),1,, -1,1,0,1,50,4,8,2021,14:40,1,76,76351,2,3,0,3,AUGUSTE DELAUNE,49.50049,0.16672,14,4,2
202100036648,136Â 201,B01,2,2,2,5,8,0,-1,0,0,-1,2021,19.0,1,1,0,2,1,1,3,,4,RUE DE CHARONNE,0,,2,2,0,2,(1),(1),1,, -1,1,0,1,30,3,6,2021,12:30,1,75,75111,2,2,0,3,RUE DE CHARONNE,48.855123,2.387135,12,3,2
202100007982,187Â 465,B01,2,2,1,0,1,0,-1,-1, -1,-1,2021,45.0,2,2,0,2,9,26,1,,3,RTE DE LA FERTE ALAIS,0,,2,2,0,1,0,0,1,, -1,2,0,1,50,13,11,2021,16:10,1,91,91457,1,1,0,4,RTE DE LA FERTE ALAIS,48.57909,2.25744,16,4,3
202100010359,183Â 190,A01,10,3,2,2,0,-1,-1,3,3,2,2021,12.0,1,2,0,1,1,15,1,,4,MANET(RUE EDOUARD),0,,2,2,0,1,1,0,1,, -1,2,6,1,50,29,10,2021,13:30,1,94,94028,2,3,1,6,Rue Edouard Manet,48.78281,2.464122,13,2,1
202100055171,103Â 198,B01,1,1,1,0,2,0,-1,-1, -1,-1,2021,26.0,3,1,0,2,1,1,1,,7,PARE AMBROISE RUE,0,,2,2,0,1,(1),(1),1,, -1,2,0,1,50,13,1,2021,12:15,1,59,59360,2,2,1,3,PARE AMBROISE RUE,50.60229,3.03571,12,2,2
202100011340,181Â 458,A01,10,3,1,0,0,-1,-1,2,3,3,2021,28.0,0,5,0,1,4,26,1,,4,JEAN MOULIN (ALLEE),0,,2,2,0,1,0,0,1,, -1,1,9,1,50,23,10,2021,14:00,1,91,91326,2,1,0,6,JEAN MOULIN (ALLEE),48.691073,2.376133,14,2,1
202100035757,137Â 793,B01,1,1,1,9,2,0,-1,0,0,-1,2021,42.0,3,1,0,2,3,1,1,,4,RUE ESCOFFIER,0,,-1,2,0,1,(1),(1),3,, -1,1,0,1,50,8,6,2021,13:00,1,75,75112,2,1,0,3,RUE ESCOFFIER,48.826728,2.392271,13,2,2
202100010061,183Â 710,B01,2,2,2,0,8,-1,-1,0,0,-1,2021,80.0,2,2,0,2,1,1,1,,3,724,0,D,2,2,0,1,38,530,1,, -1,1,0,1,50,1,11,2021,13:50,1,41,41282,2,1,0,1,11 Route de Romorantin,47.359746,1.777427,13,3,2
202100047499,116Â 858,B01,1,1,1,9,8,-1,-1,-1, -1,-1,2021,54.0,2,1,1,2,1,1,0,,4,LAENNEC (BD RENE),0,,2,2,2,1,(1),(1),1,, -1,1,0,1,50,17,3,2021,12:30,1,35,35238,2,1,0,3,LAENNEC (BD RENE),48.10527,-1.666,12,2,2
202100029555,148Â 962,A01,1,1,2,0,1,0,-1,-1, -1,-1,2021,31.0,1,2,0,2,1,21,1,,1,AUTOROUTE A86,0,,3,8,0,1,16,799,1,, -1,1,0,1,90,11,7,2021,09:00,1,93,93027,1,1,0,4,AUTOROUTE A86,48.92517,2.3939,9,3,3
202100029626,148Â 831,A01,1,1,1,4,2,6,-1,0,0,-1,2021,32.0,2,1,0,2,5,10,1,,4,BOULEVARD BEAUMARCHAIS,0,,2,4,3,1,(1),(1),1,, -1,1,0,6,50,9,7,2021,15:50,1,75,75104,2,2,0,3,BOULEVARD BEAUMARCHAIS,48.855811,2.368508,15,2,2
202100055604,102Â 466,A01,10,3,2,0,0,-1,-1,5,1,1,2021,68.0,1,2,6,1,2,1,1,,3,3,0,,2,2,0,1,11,755,1,, -1,2,0,1,50,11,1,2021,09:00,1,77,77183,2,2,0,3,Rue PiÃ¨rre Marx,48.9494634019,3.125824287,9,5,2
202100006158,190Â 804,A01,1,1,2,5,1,-1,-1,0,0,-1,2021,26.0,1,2,3,2,6,1,1,,1,40,-1,,1,4,3,2,135,800,2,, -1,2,0,1,110,17,11,2021,10:05,1,1,1331,1,1,0,2,A40 PK 135+800 direction MACON,46.101232,5.434896,10,3,2
202100017797,169Â 807,A01,1,1,1,5,8,0,-1,-1, -1,-1,2021,19.0,2,2,0,9,4,14,1,,2,BALATA (ROUTE DE),0,,2,2,0,2,0,0,1,, -1,1,0,8,30,19,9,2021,21:30,5,972,97209,1,1,0,6,BALATA (ROUTE DE),14.64553,-61.07885,21,2,1
202100043774,123Â 441,B01,1,1,1,0,8,0,-1,-1, -1,-1,2021,21.0,3,1,0,2,1,1,1,,4,SAND (RUE GEORGES),0,,3,1,0,1,(1),(1),1,, -1,1,0,1,50,16,4,2021,16:19,1,31,31069,2,1,0,3,SAND (RUE GEORGES),43.65109,1.37435,16,2,2
202100052288,108Â 247,B01,1,1,1,5,1,0,-1,-1, -1,-1,2021,32.0,3,2,0,2,3,1,1,,4,MOULIN A VENT (RUE DU),0,,1,1,0,1,0,0,1,, -1,1,0,1,30,6,2,2021,18:10,1,974,97411,2,2,0,3,MOULIN A VENT (RUE DU),-20.87389,55.45149,18,2,2
202100055168,103Â 203,A01,10,3,1,0,0,-1,-1,4,3,1,2021,27.0,1,2,0,1,2,15,1,,4,EUROPE (AVENUE DE L ),0,,2,2,1,1,0,0,1,, -1,2,0,1,50,12,1,2021,18:10,5,67,67447,2,3,1,6,EUROPE (AVENUE DE L ),48.613251,7.71639,18,2,1
202100043157,124Â 528,B01,1,1,1,5,8,0,-1,-1, -1,-1,2021,10.0,1,1,0,2,8,19,5,,4,PERGAUD (IMP LOUIS),0,,2,2,0,1,(1),(1),1,, -1,1,0,1,30,20,4,2021,18:00,1,56,56098,2,1,0,3,PERGAUD (IMP LOUIS),47.76757,-3.34295,18,2,2
202100016234,172Â 617,B01,1,1,1,1,2,6,-1,0,0,-1,2021,46.0,2,1,0,2,8,1,1,,4,PORTE D ORLEANS,0,,1,3,0,1,5,0,1,, -1,1,0,1,70,29,9,2021,10:40,1,75,75114,2,4,0,3,BD PERIPHERIQUE EXTERIEUR,48.8193200683,2.3286869919,10,2,2
202100010265,183Â 357,B01,1,1,1,0,8,0,-1,-1, -1,-1,2021,25.0,2,1,0,2,4,2,3,,4,VIENNE (DE)                         (RO),0,,2,2,2,1,(1),(1),1,, -1,1,0,1,50,29,10,2021,22:10,5,69,69388,2,1,0,2,VIENNE (DE) (RTE),45.73687,4.8527,22,2,2