Num_Acc,id_vehicule,num_veh,place,catu,sexe,trajet,secu1,secu2,secu3,locp,actp,etatp,year_acc,victim_age,senc,catv,obs,obsm,choc,manv,motor,occutc,catr,voie,v1,v2,circ,nbv,vosp,prof,pr,pr1,plan,lartpc,larrout,surf,infra,situ,vma,jour,mois,an,hrmn,lum,dep,com,agg_,int,atm,col,adr,lat,long,hour,nb_victim,nb_vehicules
202100035343,138Â 533,B01,1,1,1,9,2,6,-1,-1, -1,-1,2021,49.0,3,1,0,2,1,17,1,,3,HENRI BARBUSSE (BOULEVARD),0,,2,2,0,1,1,0,1,, -1,1,0,1,50,10,6,2021,12:30,1,93,93048,2,1,0,3,HENRI BARBUSSE (BOULEVARD),48.86483,2.44374,12,2,2
202100015877,173Â 297,A01,1,1,1,0,8,0,-1,-1, -1,-1,2021,16.0,3,1,0,2,7,19,5,,3,BOELE (ROUTE),0,,2,4,0,1,0,0,1,, -1,1,0,1,50,30,9,2021,20:40,3,91,91103,1,2,0,3,BOELE (ROUTE),48.62627,2.297155,20,2,2
202100011335,181Â 466,B01,1,1,1,5,2,6,-1,-1, -1,-1,2021,18.0,2,1,0,2,1,1,1,,1,A4,0,,1,2,0,3,4,0,3,, -1,1,2,1,70,23,10,2021,06:50,3,94,94069,1,1,0,2,A4,48.81657,2.44498,6,2,2
202100004802,193Â 196,A01,10,3,2,9,0,-1,-1,3,3,1,2021,13.0,1,2,0,1,2,26,2,,7,DE GAULLE GENERAL AVENUE,0,,-1,2,0,1,1,0,1,, -1,1,0,1,50,4,12,2021,13:51,1,6,6123,2,1,0,6,DE GAULLE GENERAL AVENUE,43.67341,7.18981,13,2,1
202100027919,151Â 804,B01,1,1,1,0,2,0,-1,-1, -1,-1,2021,92.0,0,1,0,0,0,1,5,,4,PLACE VICTOR MANGIN,0,,1,2,1,1,(1),0,1,, -1,1,0,5,30,20,7,2021,12:00,1,44,44109,2,6,0,3,PLACE VICTOR MANGIN,47.20102,-1.544376,12,2,2
202100035474,138Â 302,B01,1,1,1,5,8,0,-1,-1, -1,-1,2021,10.0,2,1,0,2,1,5,5,,4,REMBRANDT (RUE),0,,1,1,0,1,0,0,3,, -1,1,0,1,30,6,6,2021,16:20,1,67,67482,2,1,0,1,REMBRANDT (RUE),48.5661,7.72167,16,2,2
202100035707,137Â 887,B01,2,2,1,9,1,0,-1,-1, -1,-1,2021,65.0,1,2,0,2,6,1,1,,3,RD 603,0,,3,2,0,1,60,0,1,, -1,1,0,1,80,7,6,2021,15:30,1,57,57606,1,9,0,3,RD 603,49.10928,6.72863,15,4,2
202100037826,134Â 042,A01,1,1,1,4,2,6,-1,0,0,-1,2021,39.0,1,1,0,0,7,21,1,,4,PORTE DE CLICHY,0,,1,4,0,1,19,0,1,, -1,1,0,1,70,28,5,2021,16:00,1,75,75117,2,1,0,7,PORTE DE CLICHY,48.895031,2.306589,16,1,1
202100019113,167Â 461,A01,1,1,2,0,1,0,-1,-1, -1,-1,2021,25.0,1,2,0,2,1,2,1,,2,RN 104,0,,1,2,0,1,40,799,1,, -1,1,0,1,90,14,9,2021,13:10,1,91,91521,1,1,0,2,RN 104,48.625654,2.396868,13,2,2
202100013409,177Â 765,A01,1,1,1,0,2,6,-1,-1, -1,-1,2021,65.0,3,1,0,2,3,26,1,,4,JEAN JAURES (AV),0,,2,2,0,1,0,0,1,, -1,1,5,1,50,13,10,2021,15:30,1,93,93079,2,2,1,1,JEAN JAURES (AV),48.9645063815,2.3441771744,15,2,2
202100054580,104Â 216,A01,2,2,1,0,8,8,-1,-1, -1,-1,2021,31.0,1,2,1,0,3,0,1,,4,rue Anatole France,0,,2,2,0,1,(1),(1),4,, -1,1,0,1,50,9,1,2021,05:20,5,59,59220,2,1,0,6,FRANCE ANATOLE RUE,50.603566,3.064945,5,2,1
202100028559,150Â 670,B01,1,1,1,4,2,6,-1,0,0,-1,2021,33.0,3,1,0,0,0,9,0,,4,,-1,,2,2,0,1,(1),(1),1,,4,1,0,1,50,6,7,2021,15:30,1,6,6085,2,3,0,7,Avenue de la Plaine,43.611056,6.976439,15,2,2
202100008873,185Â 880,B01,1,1,2,5,1,-1,-1,0,0,-1,2021,23.0,1,2,0,2,4,2,1,,1,75,0,A,1,2,0,2,260,0,3,, -1,1,0,1,70,25,9,2021,12:20,1,34,34253,1,1,1,2,pk 260+000,43.8459738313,3.3096460103,12,3,2
202100021044,164Â 044,B01,1,1,2,9,1,0,-1,-1, -1,-1,2021,28.0,1,2,0,2,4,2,1,,3,GALLIENI AVENUE,0,,2,2,0,1,0,330,1,, -1,1,0,1,50,3,9,2021,10:42,1,49,49246,2,1,0,2,GALLIENI AVENUE,47.43454,-0.52505,10,2,2
202100009880,184Â 043,A01,1,1,2,1,1,-1,-1,-1,0,-1,2021,34.0,2,2,4,0,9,13,3,,2,RN 104,0,,3,4,0,1,4,0,3,, -1,1,0,1,110,2,11,2021,09:00,1,95,95042,1,1,0,6,RN 104,49.056641,2.28842,9,1,1
202100016759,171Â 667,B01,5,2,1,5,2,6,-1,-1, -1,-1,2021,27.0,2,1,0,2,1,3,0,,1,AUTOROUTE A6B,0,,1,3,0,1,4,99,1,, -1,2,0,1,90,26,9,2021,20:15,3,94,94038,1,1,0,5,AUTOROUTE A6B,48.77526,2.34635,20,4,3
202100008712,186Â 161,A01,2,2,1,0,2,0,-1,0,0,-1,2021,16.0,2,1,0,2,1,17,1,,4,LAFAYETTE (BD),0,,2,2,0,1,(1),(1),1,, -1,1,0,1,50,4,11,2021,21:02,5,63,63113,2,1,0,3,LAFAYETTE (BD),45.77026,3.10156,21,3,2
202100037151,135Â 281,A01,1,1,1,1,1,8,-1,-1, -1,-1,2021,52.0,2,2,0,2,2,12,1,,1,A13,0,,1,3,0,1,36,0,1,, -1,1,0,1,130,31,5,2021,10:00,1,78,78238,1,1,0,5,A13,48.97046,1.88058,10,10,5
202100025492,156Â 098,A01,10,3,2,5,0,-1,-1,1,5,1,2021,9.0,1,2,0,1,3,1,1,,4,AVENUE LOUIS LUC,0,,1,0,0,1,(1),(1),1,, -1,1,0,1,30,5,8,2021,19:45,1,94,94022,2,1,0,6,AVENUE LOUIS LUC,48.7607041107,2.4154768158,19,2,1
202100041260,127Â 848,A01,10,3,1,3,0,-1,-1,1,3,1,2021,79.0,3,2,0,1,1,15,3,,4,MASSON (RUE CHARLES),0,,1,2,0,1,(1),(1),1,, -1,1,0,1,30,5,5,2021,11:16,1,78,78015,2,3,0,6,MASSON (RUE CHARLES),48.988287,2.064984,11,2,1
202100017070,171Â 113,B01,1,1,1,5,2,0,-1,0,0,-1,2021,26.0,1,1,0,2,3,1,3,,4,BOULEVARD MONTMARTRE,0,,2,5,0,1,(1),(1),1,, -1,1,0,1,30,22,9,2021,22:15,5,75,75109,2,5,0,3,BOULEVARD MONTMARTRE,48.8719675911,2.3400136215,22,2,2
202100010451,183Â 041,B01,1,1,1,0,1,-1,-1,-1, -1,-1,2021,25.0,2,2,0,2,4,2,1,,1,43,0,,3,6,0,1,2,200,1,, -1,1,0,1,70,28,10,2021,19:45,3,69,69029,1,1,0,2,A43   3.353 A 3.865,45.7275047962,4.909052543,19,2,2
202100041224,127Â 914,A01,4,2,1,0,1,0,-1,-1, -1,-1,2021,24.0,1,2,0,0,9,13,1,,1,AUTOROUTE A6B,0,,3,4,0,1,5,0,1,, -1,1,0,1,90,6,5,2021,18:10,1,94,94038,1,1,0,7,AUTOROUTE A6B,48.77151,2.34512,18,4,1
202100042312,125Â 993,A01,1,1,2,9,1,0,-1,-1, -1,-1,2021,47.0,3,2,0,2,1,15,1,,4,MARTIN (BOULEVARD ALEXANDRE),0,,3,6,0,1,(1),(1),1,, -1,1,5,1,50,27,4,2021,13:10,1,45,45234,2,2,0,3,Boulevard Alexandre Martin,47.90525,1.90974,13,2,2
202100033078,142Â 617,B01,1,1,2,5,2,6,-1,0,0,-1,2021,46.0,1,1,0,2,8,18,1,,4,RUE DE MEAUX,0,,1,1,0,1,(1),(1),1,, -1,1,0,1,30,21,6,2021,11:30,1,75,75119,2,2,0,3,RUE DE MEAUX,48.882807,2.375667,11,2,2
202100010243,183Â 400,A01,1,1,2,0,1,8,-1,-1, -1,-1,2021,20.0,2,2,3,0,2,1,1,,1,A557-Liaison A7 Marseille-A55 Marseille,0,,1,2,0,2,0,800,2,, -1,2,2,1,70,29,10,2021,11:06,1,13,13202,1,1,1,6,A557-Liaison A7 Marseille-A55 Marseille,43.3170059801,5.3639681131,11,1,1
202100051034,110Â 446,A01,2,2,1,0,8,0,-1,-1, -1,-1,2021,30.0,1,2,8,0,1,14,1,,3,LANDIERS (AVENUE DES),0,,2,2,3,2,0,375,1,, -1,1,-1,3,80,14,2,2021,19:10,5,73,73065,1,1,0,6,D10 Avenue des Landiers,45.58667,5.90737,19,2,1
202100043529,123Â 855,A01,1,1,1,1,1,-1,-1,0,0,-1,2021,51.0,2,2,0,2,1,5,1,,3,49,-1,E,2,2,0,1,25,100,3,, -1,1,0,1,70,20,4,2021,09:00,1,62,62290,1,1,1,1,D49e1,50.334231,2.763155,9,2,2
202100013982,176Â 707,B01,1,1,2,0,2,-1,-1,-1, -1,-1,2021,22.0,1,1,0,2,1,1,5,,4,VILLON (DE)                         (R ),0,,1,1,0,1,(1),(1),1,, -1,1,0,1,50,10,10,2021,13:20,1,69,69388,2,1,0,3,VILLON (R),45.7464036658,4.8668628931,13,2,2
202100013203,178Â 136,A01,1,1,1,9,2,0,-1,-1, -1,-1,2021,55.0,2,1,0,2,1,1,1,,3,LIMOUX -ROUTE DE-,0,,2,2,0,1,1,0,1,, -1,1,0,1,50,22,6,2021,11:00,1,11,11069,2,3,0,3,LIMOUX -ROUTE DE-,43.20573,2.33403,11,2,2
202100024857,157Â 225,B01,1,1,1,1,2,8,-1,0,0,-1,2021,18.0,0,1,0,2,1,1,1,,4,APPIETO (CHEMIN),0,,2,1,0,1,(1),(1),3,, -1,1,0,1,50,9,7,2021,20:20,1,201,201004,2,1,0,1,APPIETO (CHEMIN),41.95824,8.78017,20,2,2
202100041117,128Â 116,B01,1,1,1,1,2,-1,-1,-1, -1,-1,2021,47.0,1,1,0,2,0,1,0,,4,ROUSSE EMILE,0,,-1,2,0,1,(1),(1),2,, -1,2,5,1,50,4,5,2021,13:10,1,29,29019,2,6,1,3,Rue Emile Rousse,48.3816433921,-4.5272039977,13,2,2
202100042566,125Â 542,A01,1,1,1,1,1,0,-1,-1, -1,-1,2021,30.0,2,2,0,2,1,2,1,,1,AUTOROUTE A6B,0,,-1,3,0,3,8,0,1,, -1,1,0,1,110,26,4,2021,19:15,1,91,91689,1,1,0,2,AUTOROUTE A6B,48.7488,2.3281,19,2,2
202100018732,168Â 156,B01,1,1,1,5,0,-1,-1,-1, -1,-1,2021,58.0,1,0,0,2,8,0,3,,4,URBAIN EST                              ,0,,2,2,0,1,(1),(1),1,, -1,1,0,1,50,15,9,2021,11:30,1,69,69259,2,2,0,3,FERNAND PELLOUTIER (R),45.6895243437,4.9011415246,11,2,2
202100002765,196Â 827,B01,1,1,1,5,2,6,-1,-1, -1,-1,2021,39.0,3,1,0,2,7,1,1,,4,DUBOUT (AVENUE ALBERT),0,,2,0,0,1,(1),(1),1,, -1,1,0,1,50,13,11,2021,12:35,1,34,34172,2,1,0,3,DUBOUT (AVENUE ALBERT),43.6034872117,3.8904409111,12,2,2
202100012164,179Â 980,B01,1,1,2,0,8,-1,-1,-1, -1,-1,2021,20.0,1,1,0,2,1,1,3,,4,VITTON                              (CO),0,,1,2,1,1,(1),(1),1,, -1,1,0,5,50,20,10,2021,01:05,5,69,69386,2,3,0,3,VITTON                              (CO),45.7700954553,4.8591759967,1,2,2
202100037683,134Â 301,B01,1,1,1,5,2,6,9,0,0,-1,2021,46.0,2,1,0,2,1,1,1,,3,809,-1,D,2,2,0,1,42,760,2,, -1,1,0,1,90,30,5,2021,14:17,1,48,48092,1,3,0,3,d809,44.568541,3.291762,14,2,2
202100005444,192Â 062,C01,1,1,2,1,1,-1,-1,0,0,-1,2021,47.0,1,2,0,2,2,2,1,,1,40,0,,3,4,0,2,54,200,2,, -1,2,0,1,110,2,12,2021,06:38,3,74,74118,1,1,1,4,A40,46.173367,6.239923,6,4,4
202100032780,143Â 182,A01,1,1,1,5,1,-1,-1,0,0,-1,2021,72.0,1,2,0,2,3,17,1,,3,14,-1,,2,2,0,1,73,100,1,, -1,1,0,1,80,24,6,2021,18:30,1,34,34135,1,1,0,1,CD14,43.290576,3.181894,18,3,2
202100037586,134Â 476,A01,10,3,2,3,0,-1,-1,3,3,1,2021,66.0,2,2,0,1,1,1,1,,4,LORRAINE (BOULEVARD DE),0,,3,4,0,1,1,0,1,, -1,1,0,1,50,18,5,2021,10:30,1,57,57606,2,1,0,6,LORRAINE (BOULEVARD DE),49.10521,6.7066,10,2,1
202100022783,160Â 877,B01,1,1,1,0,2,6,-1,0,0,-1,2021,32.0,1,1,0,2,0,0,1,,3,NAPOLEON COURS APRES BEVERINI,0,,2,4,0,1,0,0,3,, -1,1,4,1,50,23,8,2021,23:30,5,201,201004,2,8,0,3,NAPOLEON COURS APRES BEVERINI,41.93215,8.74072,23,2,2
202100016624,171Â 919,B01,1,1,1,5,1,-1,-1,-1, -1,-1,2021,59.0,2,2,0,2,7,15,1,,4,MARTYRS DE LA RESISTANCE (DES)      (AV),0,,2,2,0,2,(1),(1),1,, -1,1,0,1,50,26,9,2021,00:40,5,69,69259,2,9,0,3,MARTYRS DE LA RESISTANCE (DES)      (AV),45.69067,4.86986,0,2,2
202100021387,163Â 417,B01,1,1,1,1,2,6,-1,0,0,-1,2021,32.0,0,1,0,2,1,1,1,,4,,-1,,2,1,0,1,(1),(1),3,,3,1,0,1,80,31,8,2021,19:37,2,33,33016,1,1,0,1,Chemin de Carros,44.953015,-0.418409,19,2,2
202100027186,153Â 124,B01,1,1,1,0,2,0,-1,-1, -1,-1,2021,30.0,1,1,0,2,1,1,1,,4,CLAIN (CHEMIN),0,,2,1,0,2,0,0,3,, -1,1,0,1,50,24,7,2021,16:30,1,974,97416,2,1,0,7,CLAIN (CHEMIN),-21.293493,55.46405,16,2,2
202100025115,156Â 762,A01,1,1,1,5,1,8,-1,-1, -1,-1,2021,58.0,1,2,0,2,3,1,1,,7,GRIMONPONT (QUAI DU),0,,2,2,0,1,(1),(1),3,, -1,2,0,1,80,7,8,2021,21:55,3,59,59512,2,1,1,1,GRIMONPONT (QUAI DU),50.68904,3.21144,21,2,2
202100028506,150Â 760,A01,10,3,1,5,0,-1,-1,1,3,1,2021,8.0,-1,2,0,1,2,1,1,,3,JULES GUESDE (AVENUE) COTE DU NÂ°2 AU NÂ°1,0,,2,2,0,1,0,0,1,, -1,1,0,1,50,17,7,2021,18:40,1,93,93072,2,1,0,6,JULES GUESDE (AVENUE) COTE DU NÂ°2 AU NÂ°1,48.9647654409,2.3892259598,18,3,1
202100002165,197Â 913,A01,1,1,1,0,1,-1,-1,0,0,-1,2021,41.0,2,2,2,0,1,0,1,,3,942,-1,D,3,4,0,1,3,900,2,, -1,1,0,3,110,16,12,2021,12:20,1,84,84043,2,1,0,6,Avenue du Clapier,43.993559,4.916516,12,1,1
202100006109,190Â 885,A01,1,1,1,1,2,0,-1,-1, -1,-1,2021,44.0,2,1,0,0,0,1,1,,4,HENRI MARTIN (R),0,,2,2,0,1,1,0,1,, -1,2,0,1,50,26,11,2021,20:00,5,94,94041,2,1,1,7,Rue Henri Martin,48.80649,2.37422,20,1,1
202100056152,101Â 512,B01,1,1,1,1,1,0,-1,-1,0,-1,2021,35.0,1,2,0,2,6,2,1,,4,TREVES (BOULEVARD DE ),0,,-1,4,0,1,0,0,1,, -1,1,0,1,50,5,1,2021,16:33,2,57,57463,2,1,0,2,TREVES (BOULEVARD DE ),49.11856,6.18851,16,2,2
202100045803,119Â 881,A01,1,1,1,1,2,0,-1,-1, -1,-1,2021,34.0,3,1,14,0,2,1,1,,3,PAUL ANDRIEUX (R),0,,2,3,0,1,0,0,1,, -1,1,0,1,50,31,3,2021,18:40,1,94,94041,2,1,0,3,PAUL ANDRIEUX (R),48.81254,2.36834,18,1,1
202100047662,116Â 556,A01,1,1,1,4,1,0,-1,-1, -1,-1,2021,23.0,0,1,0,2,7,26,1,,3,GENERAL LECLERC (AVENUE)(1/41 ET 2/76),0,,2,2,0,1,0,1,1,, -1,2,0,5,50,16,3,2021,19:22,5,93,93055,2,9,1,3,GENERAL LECLERC (AVENUE)(1/41 ET 2/76),48.89944,2.40904,19,2,2
202100014010,176Â 660,A01,1,1,2,1,1,8,-1,0,0,-1,2021,19.0,3,2,0,2,1,1,1,,4,BASSES MOULIERES (CHEMIN DES),0,,2,2,0,2,(1),(1),1,, -1,1,0,1,50,9,10,2021,15:40,1,6,6069,2,2,0,3,BASSES MOULIERES (CHEMIN DES),43.629378,6.925387,15,2,2
202100004848,193Â 123,A01,4,2,2,5,1,-1,-1,0,0,-1,2021,15.0,2,2,0,2,9,13,1,,2,40,0,T,2,2,0,2,14,375,3,, -1,1,0,1,80,3,12,2021,20:40,3,201,201085,1,1,0,1,195 Traina,41.918810244,8.8918435612,20,7,2
202100018640,168Â 319,A01,1,1,1,5,2,6,-1,0,0,-1,2021,53.0,1,1,0,0,0,14,1,,3,55,0,,2,2,0,1,36,355,2,, -1,1,0,3,80,16,9,2021,16:45,1,57,57667,1,1,1,7,D55,49.233996,6.555523,16,1,1
202100001825,198Â 535,B01,1,1,1,0,8,0,-1,-1, -1,-1,2021,68.0,2,2,0,2,2,0,1,,1,AUTOROUTE A6A,0,,1,3,0,2,8,366,1,, -1,1,0,1,110,22,12,2021,05:10,3,91,91689,1,1,0,2,AUTOROUTE A6A,48.7470426527,2.3260545731,5,2,2
202100041146,128Â 057,B01,1,1,1,9,1,0,-1,0,0,-1,2021,50.0,2,2,0,2,4,2,1,,4,AVENUE DES CHAMPS ELYSEES,0,,2,6,0,1,(1),(1),1,, -1,2,0,1,50,6,5,2021,16:50,1,75,75108,2,3,0,4,AVENUE DES CHAMPS ELYSEES,48.868269,2.312377,16,3,3
202100002124,197Â 999,B01,1,2,2,0,1,0,-1,-1, -1,-1,2021,18.0,1,2,0,2,6,24,1,,3,CORBEIL (ROUTE),0,,1,2,0,1,0,0,1,, -1,1,0,1,50,19,12,2021,01:25,5,91,91667,2,1,0,4,DE CORBEIL (ROUTE),48.65274,2.33758,1,4,3
202100036686,136Â 138,A01,1,1,1,5,0,-1,-1,0,0,-1,2021,14.0,3,1,0,0,0,26,5,,4,,0,,-1,1,0,1,(1),(1),1,,3,1,0,8,50,29,5,2021,14:35,1,51,51009,2,1,0,7,Promenade de l'Aube,48.582452,3.811805,14,1,1
202100052409,108Â 031,B01,1,1,2,9,8,0,-1,-1, -1,-1,2021,86.0,1,1,0,2,1,15,5,,4,PARIS (AVENUE DE),0,,3,2,2,1,(1),(1),1,, -1,1,-1,1,50,4,2,2021,15:55,1,71,71076,2,1,0,3,PARIS (AVENUE DE),46.79009,4.85034,15,2,2
202100003064,196Â 283,B01,1,1,1,1,0,-1,-1,-1, -1,-1,2021,37.0,1,1,0,2,3,1,0,,4,FRANKLIN ROOSEVELT                  (CO),0,,1,1,0,1,(1),(1),1,, -1,1,0,1,50,13,12,2021,17:15,1,69,69386,2,3,0,3,FRANKLIN ROOSEVELT (CR),45.7690695827,4.8449760675,17,2,2
202100052056,108Â 667,A01,1,1,1,5,2,8,-1,-1, -1,-1,2021,23.0,1,1,12,2,2,17,1,,3,LUCIEN LANTERNIER (AVENUE) (19/65),0,,2,2,0,1,0,0,1,, -1,1,0,1,50,8,2,2021,19:30,5,92,92036,2,1,0,3,LUCIEN LANTERNIER (AVENUE) (19/65),48.9326510127,2.2922388396,19,2,2
202100000715,200Â 436,A01,1,1,1,5,2,6,9,0,0,-1,2021,29.0,1,1,0,2,1,1,1,,2,1,-1,,2,3,0,4,38,300,1,,"10,5",2,5,1,80,31,12,2021,16:05,1,971,97114,1,3,0,3,RN1 - Section La Rose,16.140857,-61.582038,16,2,2
202100016121,172Â 826,B01,1,1,2,0,8,0,-1,-1, -1,-1,2021,18.0,3,1,0,2,1,1,3,,4,MOULIN JEAN (BD) NÂ° IMP,0,,3,4,2,1,0,0,1,, -1,1,0,1,50,28,9,2021,10:00,1,72,72181,2,1,0,3,MOULIN JEAN (BD) NÂ° IMP,47.97841,0.21304,10,2,2
202100010324,183Â 251,A01,1,1,1,4,1,0,-1,0,0,-1,2021,23.0,0,2,0,0,1,1,1,,3,D6154,0,,2,3,0,1,54,1050,1,, -1,1,0,1,50,28,10,2021,11:55,1,27,27701,1,1,0,2,D6154,49.24914,1.18546,11,3,2
202100030002,148Â 166,A01,1,1,1,0,2,8,-1,-1, -1,-1,2021,25.0,1,1,3,0,9,17,1,,3,C.D. 533 (VERS LE PUY),0,,-1,2,0,2,53,500,4,, -1,1,0,1,80,7,7,2021,13:00,1,7,7281,1,1,0,7,C.D. 533 (VERS LE PUY),44.93016,4.80865,13,1,1
202100050366,111Â 668,A01,1,1,1,0,2,6,-1,-1, -1,-1,2021,44.0,1,1,0,2,1,2,1,,3,AV JULIEN DURANTON ,0,,2,2,0,1,1,0,1,, -1,1,0,1,50,24,2,2021,12:34,1,94,94074,2,1,0,2,JULIEN DURANTON (avenue),48.756156,2.453156,12,2,2
202100016559,172Â 032,A01,1,1,1,4,2,6,-1,-1, -1,-1,2021,28.0,1,1,0,2,8,13,1,,3,BRIAND AVENUE ARISTIDE NÂ°2 A 114,0,,2,8,1,1,0,0,1,, -1,1,0,1,50,24,9,2021,19:45,5,92,92049,2,1,0,3,BRIAND AVENUE ARISTIDE NÂ°2 A 114,48.8155671199,2.3256442929,19,2,2
202100055808,102Â 113,B01,1,1,1,5,2,4,-1,-1, -1,-1,2021,75.0,1,1,0,2,4,2,5,,3,PIMONT (BOULEVAR LOUIS),0,,2,2,0,2,17,300,1,, -1,1,2,1,50,8,1,2021,13:25,1,24,24037,2,1,0,2,PIMONT (BOULEVAR LOUIS),44.8453,0.48881,13,2,2
202100024447,157Â 977,C01,1,1,2,0,1,-1,-1,0,0,-1,2021,25.0,2,2,0,2,1,1,1,,3,,-1,,2,2,0,1,29,465,3,,5,1,0,1,-1,2,8,2021,14:55,1,66,66182,2,1,0,5,AVENUE DE LA SALANQUE,42.731863,3.022308,14,5,3
202100050382,111Â 641,A01,2,2,2,0,1,0,-1,-1, -1,-1,2021,90.0,2,2,9,2,2,16,1,,3,G ET X. SCHLUMBERGER,0,,2,2,0,4,0,0,3,, -1,1,0,1,50,23,2,2021,12:30,1,92,92047,2,1,0,3,G ET X. SCHLUMBERGER,48.8300622321,2.1746304631,12,3,2
202100021394,163Â 405,A01,4,2,2,5,1,4,-1,-1, -1,-1,2021,9.0,2,2,3,0,1,2,1,,1,AUTOROUTE A10,0,,1,3,0,1,13,0,1,, -1,1,0,1,110,1,9,2021,20:00,1,91,91692,1,1,0,3,AUTOROUTE A10,48.6735,2.1983,20,4,2
202100043728,123Â 526,B01,1,1,1,1,1,0,-1,-1, -1,-1,2021,40.0,1,2,0,2,4,1,1,,1,AUTOROUTE A3,0,,3,11,0,2,2,0,1,, -1,1,0,1,70,17,4,2021,00:20,4,93,93048,1,1,0,2,AUTOROUTE A3,48.87293,2.43562,0,2,2
202100037627,134Â 401,B01,1,1,1,5,2,0,-1,-1, -1,-1,2021,22.0,1,1,0,2,1,2,1,,3,APPEL DU DIX HUIT JUIN 1940 (PONT DE L),0,,1,1,0,2,0,1,1,, -1,1,2,1,50,29,5,2021,15:45,1,94,94022,2,1,0,2,Pont de l'Appel du 18 juin 1940,48.76685,2.41418,15,2,2
202100040285,129Â 600,A01,1,1,1,0,1,-1,-1,0,0,-1,2021,27.0,2,2,0,2,3,1,1,,3,15,0,,2,2,0,1,36,262,2,, -1,1,0,1,80,12,5,2021,19:40,1,77,77270,1,1,0,1,D15,48.843311,2.990599,19,3,2
202100013956,176Â 755,A01,1,1,1,5,0,-1,-1,0,0,-1,2021,24.0,3,2,0,0,9,13,1,,3,425,-1,,2,2,0,2,(1),(1),1,, -1,1,0,1,60,10,10,2021,01:00,3,987,98731,1,1,0,7,"RT 425, aprÃ¨s le belvÃ©dÃ¨re Tekeika.",-8.885983,-140.116303,1,3,1
202100033623,141Â 663,A01,10,3,1,0,0,-1,-1,3,3,1,2021,12.0,1,2,0,1,2,1,3,,3,,0,,2,2,0,1,11,823,1,, -1,1,9,1,50,18,6,2021,13:06,1,6,6069,2,1,0,6,VICTOR HUGO  (BD),43.65601,6.919526,13,2,1
202100051950,108Â 847,A01,2,2,2,5,1,-1,-1,0,0,-1,2021,65.0,1,2,0,2,1,2,1,,1,7,-1,,3,5,0,1,134,640,1,, -1,1,0,1,130,10,2,2021,14:50,1,26,26138,1,1,0,2,Autoroute du Soleil,44.397053,4.729292,14,3,2
202100052932,107Â 105,B01,1,1,1,5,1,-1,-1,0,0,-1,2021,73.0,1,2,0,0,4,2,1,,1,7,-1,,3,3,0,1,124,(1),1,, -1,2,0,1,130,1,2,2021,19:50,3,26,26169,1,1,1,2,Autoroute du Soleil,44.486464,4.767058,19,2,2
202100045045,121Â 211,B01,1,1,1,4,2,6,-1,-1, -1,-1,2021,21.0,1,1,0,0,1,21,1,,4,,0,,1,1,0,1,0,0,2,, -1,1,0,1,50,4,4,2021,21:37,5,92,92020,2,1,0,7,BERANGER RUE,48.8048724203,2.2837373614,21,2,2
202100039193,131Â 568,A01,1,1,1,0,1,-1,-1,0,0,-1,2021,26.0,2,2,0,2,1,17,1,,2,31,0,,2,2,0,1,10,50,1,, -1,1,9,1,80,21,5,2021,14:00,1,60,60567,1,1,0,4,58 Route Nationale,49.438504,1.887267,14,4,4
202100017106,171Â 054,A01,1,1,2,0,2,8,-1,-1, -1,-1,2021,34.0,1,1,0,2,8,1,1,,3,STALINGRAD - PONT DE NOGENT (BD DE),0,,4,4,0,1,1,0,1,, -1,1,3,1,50,24,9,2021,22:05,5,94,94017,2,1,0,3,Boulevard de Stalingrad,48.82935,2.49329,22,2,2
202100025863,155Â 455,A01,1,1,2,0,1,-1,-1,0,0,-1,2021,54.0,3,2,13,0,1,0,0,,4,,-1,,2,2,0,1,(1),(1),2,, -1,2,0,3,50,14,3,2021,14:00,1,38,38140,1,1,1,7,Rue des Echelles,45.28068,5.89476,14,1,1
202100033719,141Â 492,A01,1,1,1,5,2,6,-1,0,0,-1,2021,16.0,1,1,0,0,0,14,1,,4,43,-1,,2,2,0,4,(1),(1),2,, -1,2,0,3,80,18,6,2021,21:46,3,72,72059,1,1,1,7,Lieu Dit le Chatain,47.940159,-0.120796,21,1,1
202100001537,199Â 054,B01,1,1,2,5,1,-1,-1,0,0,-1,2021,35.0,2,2,0,0,6,23,1,,1,A89,0,A,2,4,0,1,47,165,1,, -1,1,0,2,130,26,12,2021,13:45,1,33,33447,1,1,0,2,A89,45.008168,-0.048929,13,3,2
202100007456,188Â 424,B01,1,1,1,1,8,0,-1,-1, -1,-1,2021,34.0,1,1,0,2,1,2,0,,4,SAINT-DENIS(RUE),0,,2,1,0,1,0,0,1,, -1,1,0,1,50,18,11,2021,13:05,1,93,93070,2,1,0,3,SAINT-DENIS(RUE),48.919049604,2.3338184133,13,2,2
202100026191,154Â 876,A01,1,1,1,5,0,-1,-1,0,0,-1,2021,53.0,1,2,14,0,3,5,1,,3,4,-1,,2,2,0,3,(1),(1),1,, -1,1,0,8,70,1,8,2021,17:30,1,11,11049,2,1,0,6,D4,43.268741,2.132485,17,1,1
202100050075,112Â 230,E01,1,1,1,0,1,5,-1,-1, -1,-1,2021,32.0,1,2,0,2,1,0,1,,3,DE PRESSENSE FRANCIS,0,,1,4,0,1,0,1,1,, -1,1,0,1,50,26,2,2021,12:45,1,93,93066,2,1,0,4,DE PRESSENSE FRANCIS,48.9234789419,2.3710677616,12,7,5