Num_Acc,id_vehicule,num_veh,place,catu,sexe,trajet,secu1,secu2,secu3,locp,actp,etatp,year_acc,victim_age,senc,catv,obs,obsm,choc,manv,motor,occutc,catr,voie,v1,v2,circ,nbv,vosp,prof,pr,pr1,plan,lartpc,larrout,surf,infra,situ,vma,jour,mois,an,hrmn,lum,dep,com,agg_,int,atm,col,adr,lat,long,hour,nb_victim,nb_vehicules
202100042856,125Â 062,B01,1,1,1,3,2,6,-1,-1, -1,-1,2021,30.0,1,1,0,2,1,1,1,,3,LIBERATION ( AVENUE ),0,,-1,2,0,1,5,420,1,, -1,1,0,1,50,23,4,2021,13:50,1,62,62178,2,1,0,3,LIBERATION ( AVENUE ),50.493581,2.571756,13,2,2
202100035289,138Â 625,B01,1,1,1,0,2,0,-1,-1, -1,-1,2021,78.0,0,1,0,2,5,0,6,,4,PIERRE GUERRE (ROND-POINT),0,,2,-1,0,1,1,0,2,, -1,2,0,1,50,10,6,2021,11:00,1,13,13208,2,6,0,3,PIERRE GUERRE (ROND-POINT),43.2505040214,5.3891343981,11,2,2
202100054828,103Â 796,B01,1,1,1,5,2,6,-1,0,0,-1,2021,29.0,2,1,0,2,1,2,1,,3,562,-1,,2,2,0,3,71,300,1,, -1,1,0,1,80,17,1,2021,11:55,1,83,83138,1,1,0,5,D562,43.610042,6.720591,11,3,3
202100008057,187Â 331,A01,1,1,1,0,2,0,-1,-1, -1,-1,2021,20.0,1,1,0,2,1,1,0,,3,CRETEIL (BD DE),0,,2,2,0,1,86,0,1,, -1,1,0,1,30,14,11,2021,21:30,5,94,94068,2,2,0,3,Boulevard de CrÃ©teil,48.7980066207,2.4828457832,21,3,2
202100056337,101Â 198,Z01,4,2,2,9,8,0,-1,-1, -1,-1,2021,17.0,2,2,1,0,0,0,1,,4,DUPORT CHARLES RUE,0,,2,2,0,1,(1),(1),2,, -1,1,0,3,30,3,1,2021,12:30,1,59,59560,2,1,0,6,DUPORT CHARLES RUE,50.5428124923,3.0353040621,12,3,1
202100048522,115Â 025,A01,1,1,1,5,2,-1,-1,-1, -1,-1,2021,42.0,1,1,0,2,1,1,1,,4,MARECHAL LECLERC (DU)               (R ),0,,2,2,0,1,(1),(1),1,, -1,1,0,1,50,9,3,2021,18:00,1,69,69290,2,1,0,1,MARECHAL LECLERC (R),45.6926558224,4.9361202121,18,3,2
202100018197,169Â 084,A01,1,1,1,4,2,0,-1,-1, -1,-1,2021,24.0,1,1,0,2,2,1,1,,4,,0,,2,2,0,1,0,0,1,, -1,1,0,1,50,18,9,2021,19:35,2,92,92035,2,1,0,3,MÃ©dÃ©ric ( rue ),48.9118201682,2.2507287562,19,2,2
202100027991,151Â 672,A01,2,2,2,5,1,-1,-1,0,0,-1,2021,19.0,0,2,1,0,1,14,1,,4,,0,,2,1,0,1,(1),(1),2,,3,1,0,3,50,21,7,2021,02:10,3,40,40304,2,1,0,6,Avenue des Tulipes,43.673176,-1.435808,2,4,1
202100049018,114Â 142,A01,2,2,1,5,1,-1,-1,0,0,-1,2021,15.0,1,2,8,0,1,0,1,,3,,-1,,2,2,0,1,8,800,3,, -1,2,0,1,70,7,3,2021,07:00,2,973,97309,2,1,1,7,Route de RÃ©mire,4.892813,-52.274006,7,2,1
202100015189,174Â 560,B01,1,1,1,0,2,-1,-1,0,0,-1,2021,17.0,3,1,0,0,0,0,1,,3,x,0,X,-1,1,0,1,1,500,1,, -1,2,9,8,50,1,10,2021,14:30,1,60,60143,2,6,1,7,Rond point candellier,49.269054,1.869586,14,2,2
202100028000,151Â 658,A01,3,2,1,5,1,-1,-1,0,0,-1,2021,6.0,1,2,0,2,8,1,1,,3,215,0,D,2,2,0,1,3,383,1,, -1,1,0,1,80,21,7,2021,15:00,1,62,62845,1,2,0,3,D215,50.624774,1.688826,15,8,2
202100020211,165Â 505,A01,10,3,1,0,8,8,-1,1,3,1,2021,55.0,1,2,0,1,7,1,1,,4,SAINT EPVRE (Rue et Place),0,,2,1,0,1,(1),(1),1,, -1,1,0,1,30,7,9,2021,08:05,1,54,54395,2,1,0,6,SAINT EPVRE (Rue et Place),48.6961167858,6.179294427,8,2,1
202100040111,129Â 901,B01,1,1,1,5,2,6,-1,0,0,-1,2021,16.0,1,1,0,2,1,15,1,,2,67,0,N,2,2,0,1,39,600,1,, -1,2,5,1,80,14,5,2021,17:30,1,52,52175,1,3,1,1,N67,48.367968,5.148618,17,3,2
202100007615,188Â 133,A01,10,3,1,3,8,8,-1,3,3,2,2021,30.0,3,2,0,1,2,15,1,,4,PÃREIRE (RUE DES FRERES),0,,2,2,0,2,(1),(1),1,, -1,1,0,1,30,11,11,2021,11:45,1,44,44184,2,3,0,6,PÃREIRE (RUE DES FRERES),47.27725,-2.20523,11,2,1
202100000451,200Â 900,A01,1,1,1,1,0,-1,-1,0,0,-1,2021,67.0,1,1,0,0,4,0,5,,3,4,0,N,2,2,0,1,11,500,1,, -1,1,0,1,80,5,10,2021,16:30,1,973,97309,1,1,0,2,Route de la Matourienne,4.877093,-52.297856,16,2,2
202100011637,180Â 921,B01,1,1,1,5,2,6,-1,0,0,-1,2021,52.0,3,1,0,2,1,1,1,,4,AVENUE INGRES,0,,2,3,0,1,(1),(1),1,, -1,1,0,1,30,22,10,2021,11:25,1,75,75116,2,2,0,3,AVENUE INGRES,48.857343,2.264668,11,2,2
202100021241,163Â 690,B01,1,1,2,1,8,0,-1,-1, -1,-1,2021,33.0,3,1,0,2,3,19,5,,4,LAMBRET OSCAR AVENUE,0,,1,1,0,2,(1),(1),3,, -1,1,9,1,50,2,9,2021,18:55,1,59,59350,2,1,0,3,LAMBRET OSCAR AVENUE,50.61671,3.03407,18,3,2
202100011964,180Â 334,B01,1,1,1,5,8,0,-1,-1, -1,-1,2021,17.0,1,0,0,2,1,2,3,,4,LIGNE PARADIS(ROUTE DE LA),0,,2,2,0,1,0,0,1,, -1,1,0,1,50,20,10,2021,14:40,1,974,97416,2,1,0,2,LIGNE PARADIS(ROUTE DE LA),-21.32372,55.48588,14,2,2
202100034329,140Â 371,A01,1,1,1,1,1,0,-1,-1, -1,-1,2021,84.0,1,2,1,0,2,14,1,,3,FELIX FAURE (BLD) =>174,0,,2,2,0,1,0,0,1,, -1,1,0,1,50,15,6,2021,16:50,1,93,93001,2,9,0,1,FELIX FAURE (BLD) =>174,48.91667,2.38333,16,2,1
202100014395,175Â 977,A01,1,1,1,9,2,8,-1,-1, -1,-1,2021,25.0,0,1,0,2,0,26,1,,7,MANOUCHIAN (AVENUE),0,,3,0,0,1,0,0,1,, -1,1,0,1,50,8,10,2021,20:24,5,13,13005,2,1,0,6,MANOUCHIAN (AVENUE),43.28691,5.54861,20,2,2
202100044840,121Â 565,B01,1,1,1,4,2,8,-1,-1, -1,-1,2021,29.0,1,1,1,0,1,17,1,,3,BD MAXIME GORKI ,0,,1,0,3,1,1,0,1,, -1,1,0,1,50,6,4,2021,13:00,1,94,94076,2,1,0,2,MAXIME GORKI (BD),48.78925,2.36844,13,2,2
202100017232,170Â 845,A01,1,1,1,5,2,-1,-1,0,0,-1,2021,74.0,1,1,0,2,2,17,1,,3,2009,-1,,2,2,0,1,30,225,1,,4,1,0,1,50,25,8,2021,12:10,1,3,3254,2,3,0,3,Boulevard Ledru Rollin,46.308412,3.291913,12,2,2
202100039634,130Â 748,A01,3,2,2,4,1,-1,-1,0,0,-1,2021,36.0,2,5,2,0,1,16,1,,3,38,-1,,2,2,0,1,12,600,1,, -1,1,0,4,80,18,5,2021,11:48,1,62,62392,1,3,0,6,D38,50.260695,2.89,11,4,1
202100016108,172Â 850,A01,10,3,2,0,0,-1,-1,3,3,2,2021,72.0,0,2,0,1,3,1,1,,3,ABBEVILLE (RUE D'),0,,2,3,0,1,(1),(1),1,, -1,1,0,1,50,23,9,2021,17:25,1,80,80021,2,1,0,6,ABBEVILLE (RUE D'),49.9102750491,2.2577588986,17,2,1
202100015507,173Â 983,A01,10,3,2,2,0,-1,-1,3,3,1,2021,15.0,0,2,0,1,1,1,1,,4,COUPIANE (AVE DE LA),0,,2,2,0,1,0,0,1,, -1,1,0,1,50,1,10,2021,09:00,1,83,83144,2,1,0,6,COUPIANE (AVE DE LA),43.13112,5.988983,9,2,1
202100005243,192Â 410,Z01,10,3,1,0,0,-1,-1,2,B,1,2021,29.0,3,0,1,1,0,0,0,,4,LEVEE (RUE DE LA),0,,1,1,0,2,(1),(1),1,, -1,2,0,1,50,27,11,2021,23:05,5,86,86194,2,1,1,6,Rue de la LevÃ©e,46.585248,0.33096,23,2,1
202100054140,104Â 975,A01,1,1,1,1,2,-1,-1,0,0,-1,2021,49.0,2,1,0,2,4,16,1,,3,1201,0,,2,2,0,1,41,180,1,, -1,2,0,1,50,22,1,2021,16:10,2,74,74009,2,3,1,2,Jussy,46.061678,6.078803,16,2,2
202100008270,186Â 931,A01,1,1,2,9,8,0,-1,-1, -1,-1,2021,38.0,3,2,0,2,3,15,1,,3,CLEMENCEAU (AVENUE GEORGES),0,,3,4,0,1,0,1,1,, -1,2,0,1,50,13,11,2021,19:45,5,93,93078,2,2,0,3,CLEMENCEAU (AVENUE GEORGES),48.9582,2.55845,19,4,2
202100054998,103Â 503,B01,1,1,2,5,1,0,-1,-1, -1,-1,2021,21.0,2,2,0,2,3,1,1,,1,AUTOROUTE A3,0,,3,10,0,1,7,99,1,, -1,2,0,1,90,14,1,2021,15:30,1,93,93053,1,1,1,5,AUTOROUTE A3,48.8977,2.4695,15,3,3
202100056491,100Â 923,B01,3,2,1,5,1,0,-1,-1,0,-1,2021,26.0,2,2,0,2,2,1,1,,1,15,0,,3,10,0,1,22,399,1,, -1,1,0,1,110,2,1,2021,13:00,1,95,95572,1,1,0,2, A15,49.03401,2.10276,13,4,2
202100036017,137Â 309,A01,4,2,2,2,1,-1,-1,0,0,-1,2021,19.0,1,2,13,0,2,21,1,,1,10,-1,,3,4,0,2,415,600,1,,10,1,0,1,130,7,6,2021,14:30,1,17,17226,1,1,0,7,Autoroute A10 PK 415.6,45.937214,-0.561247,14,4,1
202100031232,145Â 914,A01,9,2,2,5,1,-1,-1,0,0,-1,2021,69.0,2,2,0,2,2,1,1,,2,31,0,N,2,3,0,3,23,400,3,, -1,2,0,1,80,3,7,2021,14:10,1,76,76201,1,1,1,3,N31,49.458194,1.41037,14,4,2
202100040505,129Â 202,A01,1,1,1,9,2,6,-1,0,0,-1,2021,34.0,1,1,0,2,2,10,1,,4,RUE SIGMUND FREUD,0,,2,2,0,2,(1),(1),1,, -1,1,0,1,50,10,5,2021,14:40,1,75,75119,2,2,0,3,RUE SIGMUND FREUD,48.88201,2.402511,14,2,2
202100013070,178Â 381,A01,1,1,1,5,2,0,-1,-1, -1,-1,2021,18.0,2,1,0,2,1,2,5,,4,MERVILLE (RUE  JEAN DE ),0,,2,2,0,1,(1),(1),1,, -1,1,0,1,30,13,10,2021,18:05,1,56,56121,2,3,1,2,MERVILLE (RUE  JEAN DE ),47.7448066,-3.37790027,18,2,2
202100040993,128Â 345,B01,1,1,1,1,2,6,-1,0,0,-1,2021,44.0,1,1,0,2,7,17,1,,3,58,-1,,2,2,0,1,55,74,1,, -1,1,0,1,80,7,5,2021,13:00,1,44,44220,1,3,0,3,La Brosse,47.196515,-1.917018,13,2,2
202100055963,101Â 853,B01,1,1,1,1,8,0,-1,-1, -1,-1,2021,51.0,2,1,0,2,1,1,5,,3,GALLIENI (BD) (1 A 79 ET 22 A 102),0,,1,2,1,1,0,0,1,, -1,1,0,5,50,7,1,2021,15:40,1,92,92078,2,1,0,3,GALLIENI (BD) (1 A 79 ET 22 A 102),48.9254389004,2.3264569044,15,2,2
202100050747,110Â 975,A01,1,1,2,9,1,0,-1,-1, -1,-1,2021,22.0,2,0,0,2,1,19,0,,4,GAMBETTA,0,,2,0,3,2,(1),(1),1,, -1,1,5,1,30,19,2,2021,02:05,5,35,35238,2,2,0,3,DUJARDIN (QUAI),48.11018,-1.6742,2,2,2
202100004921,192Â 995,B01,1,1,1,9,2,6,-1,0,0,-1,2021,19.0,2,1,0,2,1,1,1,,4,BOULEVARD RICHARD LENOIR,0,,1,0,0,1,(1),(1),1,, -1,1,0,1,30,2,12,2021,09:35,1,75,75111,2,3,0,3,BOULEVARD RICHARD LENOIR,48.856886,2.370512,9,2,2
202100012331,179Â 693,B01,1,1,1,1,2,6,-1,0,0,-1,2021,31.0,2,1,0,2,1,2,1,,3,976,-1,,2,2,0,1,1,100,1,, -1,1,0,1,70,20,10,2021,08:00,1,58,58051,2,1,0,3,Route de Bourges,46.956191,3.144971,8,2,2
202100013043,178Â 432,B01,1,1,1,0,8,0,-1,-1, -1,-1,2021,32.0,3,1,0,2,8,1,3,,4,LEFEUVRE HENRI AV NÂ° PAIRS,0,,2,2,0,1,0,0,1,, -1,1,0,1,50,15,10,2021,19:20,2,72,72181,2,6,0,3,LEFEUVRE HENRI AV NÂ° PAIRS,47.9926,0.19486,19,2,2
202100050994,110Â 524,A01,1,1,1,5,0,-1,-1,0,0,-1,2021,31.0,1,2,2,0,3,17,1,,3,1086,0,R,2,2,0,1,7,600,3,, -1,1,0,8,70,20,2,2021,08:26,1,42,42056,1,1,0,6,D1086,45.394036559,4.742947787,8,1,1
202100001883,198Â 429,A01,10,3,1,0,0,-1,-1,3,3,2,2021,73.0,3,2,0,1,2,1,1,,4,PEGUY (BOULEVARD CHARLES),0,,2,2,0,1,(1),(1),2,, -1,1,0,1,30,21,12,2021,16:20,2,28,28085,2,1,0,6,PEGUY (BOULEVARD CHARLES),48.450756,1.485157,16,2,1
202100037388,134Â 836,A01,1,1,1,1,2,-1,-1,-1, -1,-1,2021,22.0,1,1,3,0,1,0,1,,7,7,0,,3,7,0,1,5,900,3,, -1,1,0,1,70,28,5,2021,20:20,1,69,69152,1,1,0,6,M7   4.270 A 5.756,45.7025963258,4.8350164889,20,1,1
202100053885,105Â 428,B01,1,1,2,0,1,-1,-1,0,0,-1,2021,51.0,0,2,0,0,4,2,1,,3,1017,0,D,2,2,0,1,19,100,1,, -1,5,0,1,80,24,1,2021,15:15,1,60,60238,1,1,1,2,D1017,49.270281,2.58908,15,2,2
202100004051,194Â 506,A01,10,3,1,0,0,-1,-1,9,3,1,2021,77.0,1,3,0,1,3,15,1,1.0,4,PLACE PIERRE MENDES FRANCE,0,,1,1,0,1,(1),0,2,, -1,2,0,1,30,7,12,2021,11:35,1,44,44109,2,1,1,6,PLACE PIERRE MENDES FRANCE,47.209,-1.611,11,2,1
202100029617,148Â 845,A01,1,1,1,9,2,6,-1,0,0,-1,2021,28.0,2,1,0,2,1,7,1,,4,BOULEVARD BARBES,0,,2,4,3,1,(1),(1),1,, -1,1,0,6,50,10,7,2021,16:20,1,75,75118,2,4,0,3,BOULEVARD BARBES,48.887237,2.349571,16,3,2
202100028245,151Â 206,B01,1,1,2,1,8,-1,-1,0,0,-1,2021,20.0,2,2,0,0,7,1,1,,4,,-1,,2,2,0,1,(1),(1),3,,4,1,0,8,50,20,7,2021,08:40,1,68,68154,2,4,1,3,20 Avenue du Luxembourg,47.77136,7.369707,8,2,2
202100054076,105Â 088,A01,1,1,1,3,1,0,-1,-1, -1,-1,2021,63.0,2,2,6,0,3,13,1,,3,FRANCOIS MITTERAND ( AVENUE),0,,2,2,0,1,75,1153,1,, -1,2,0,4,50,22,1,2021,10:35,1,31,31483,2,1,0,6,132 Av du Pdt Francois Mitterrand,43.11254,0.74808,10,1,1
202100049582,113Â 129,A01,1,1,1,0,1,0,-1,-1, -1,-1,2021,28.0,2,1,0,2,2,1,1,,1,AUTOROUTE A3,0,,3,9,0,1,1,600,1,, -1,1,1,1,90,2,3,2021,08:25,1,93,93048,1,1,0,3,AUTOROUTE A3,48.87067,2.43113,8,2,2
202100009137,185Â 378,A01,1,1,1,5,2,6,-1,0,0,-1,2021,15.0,1,1,9,0,1,1,1,,3,,-1,,2,2,0,1,0,180,1,, -1,1,0,4,50,6,11,2021,20:00,5,95,95229,2,1,0,6,Rue de la Gare,49.0246065832,2.3653150211,20,2,1
202100013304,177Â 962,A01,1,1,1,5,2,8,-1,0,0,-1,2021,34.0,1,1,0,0,1,1,5,,4,ALLEE DU BORD DE L EAU,0,,2,2,0,1,(1),(1),1,, -1,1,0,1,50,14,10,2021,21:05,5,75,75116,2,3,0,6,ALLEE DU BORD DE L EAU,48.862294,2.229339,21,1,1
202100034808,139Â 490,B01,2,1,1,1,2,6,-1,-1, -1,-1,2021,33.0,2,1,0,2,1,1,1,,3,EUROPE (AVENUE DE L'),0,,1,2,1,1,0,0,1,, -1,1,0,1,50,12,6,2021,15:00,1,92,92072,2,1,0,3,EUROPE (AVENUE DE L'),48.8227993605,2.2089385986,15,2,2
202100047346,117Â 139,A01,1,1,1,5,2,8,-1,-1, -1,-1,2021,16.0,2,1,12,0,1,1,1,,4,FOCH (AVENUE DU MARECHAL),0,,2,2,0,1,0,0,1,, -1,1,0,1,50,18,3,2021,17:25,1,49,49099,2,1,0,7,FOCH (AVENUE DU MARECHAL),47.06172,-0.88649,17,2,2
202100006344,190Â 453,A01,1,1,1,5,1,-1,-1,0,0,-1,2021,22.0,2,2,4,0,1,1,1,,1,6,-1,,3,5,0,1,305,590,1,, -1,2,0,1,130,25,11,2021,22:25,2,21,21054,1,1,0,6,autoroute A6 - sens Lyon Paris - PK 305+590,47.009706,4.864811,22,2,1
202100013449,177Â 699,B01,1,1,1,0,2,-1,-1,0,0,-1,2021,16.0,1,1,0,2,1,1,1,,2,7,0,,2,3,0,1,68,690,1,, -1,1,0,1,80,14,10,2021,07:28,2,26,26166,1,2,0,3,Boulevard Frederic Mistral,44.740896,4.806755,7,2,2
202100002624,197Â 090,B01,1,1,1,5,2,6,-1,-1, -1,-1,2021,17.0,0,1,0,2,7,15,1,,4,BERTHELOT RUE MARCELIN,0,,2,2,0,1,(1),(1),1,, -1,1,0,1,50,11,12,2021,00:45,5,17,17415,2,1,0,3,BERTHELOT RUE MARCELIN,45.743041,-0.621093,0,2,2
202100019616,166Â 575,B01,1,1,2,9,2,0,-1,-1, -1,-1,2021,29.0,2,1,0,2,1,1,1,,3,MADELEINE (ROUTE DE LA),0,,2,1,0,1,2,900,1,, -1,1,0,1,50,9,9,2021,17:50,1,973,97302,2,1,0,3,MADELEINE (ROUTE DE LA),4.91502,-52.32096,17,2,2
202100015326,174Â 309,A01,1,1,1,0,1,0,-1,-1, -1,-1,2021,58.0,3,2,8,0,2,14,1,,7,MARAIS RUE DU,0,,2,2,0,1,(1),(1),2,, -1,2,0,3,50,2,10,2021,17:00,1,59,59350,2,3,1,7,MARAIS RUE DU,50.637792,3.023696,17,1,1
202100011664,180Â 876,A01,1,1,2,0,1,0,-1,-1, -1,-1,2021,24.0,3,2,0,2,1,26,1,,3,CHAPIT RE ( RUE DU),0,,4,3,0,1,0,0,1,, -1,2,5,1,70,21,10,2021,21:40,3,77,77294,1,9,0,3,CHAPIT RE ( RUE DU),48.99122,2.59973,21,2,2
202100048693,114Â 716,A01,10,3,1,3,0,-1,-1,3,3,1,2021,47.0,2,5,0,1,2,1,1,,3,,0,,-1,2,0,1,12,670,1,, -1,1,0,1,50,9,3,2021,17:48,1,4,4112,2,1,0,6,RD 4096,43.83599,5.80205,17,3,1
202100010008,183Â 812,B01,1,1,1,5,2,0,-1,-1, -1,-1,2021,43.0,1,1,0,2,1,1,1,,7,RAYOLET (CORNICHE DU),0,,2,0,0,1,2,130,1,, -1,2,0,1,50,30,10,2021,15:15,1,83,83129,2,1,1,3,RAYOLET (CORNICHE DU),43.08845,5.8101,15,2,2
202100003067,196Â 278,B01,1,1,1,5,2,6,-1,-1, -1,-1,2021,67.0,2,1,1,2,8,2,1,,4,JULES COURMONT                      (QU),0,,3,6,3,1,(1),(1),1,, -1,1,0,1,30,13,12,2021,17:30,5,69,69382,2,1,0,3,JULES COURMONT (Q),45.76269,4.83818,17,3,2
202100003014,196Â 390,A01,1,1,1,5,1,-1,-1,0,0,-1,2021,38.0,2,2,13,0,3,1,1,,4,,-1,,2,2,0,1,(1),(1),3,,4,1,0,3,50,15,12,2021,22:50,3,37,37027,2,1,0,6,Rue de la Verronnerie,47.3179430884,0.9985247254,22,1,1
202100042776,125Â 188,A01,1,1,1,5,2,6,-1,0,0,-1,2021,14.0,1,1,12,0,1,1,1,,3,568,-1,D,-1,2,0,3,3,300,2,, -1,1,0,4,50,24,4,2021,16:30,1,201,201247,1,1,0,7,Rue General de Boissoudy,41.6117371007,9.2962999881,16,1,1
202100045275,120Â 792,B01,1,1,2,5,2,-1,-1,0,0,-1,2021,14.0,2,1,0,2,3,15,5,,7,7,0,D,2,2,0,1,1,200,1,, -1,1,0,1,50,4,4,2021,18:20,1,42,42271,2,1,0,3,Route de Saint-Paul,45.487599,4.571737,18,2,2
202100054798,103Â 844,B01,2,2,2,5,1,0,-1,-1, -1,-1,2021,33.0,2,2,0,2,8,15,1,,3,DE DION BOUTON (QUAI) DU 1 AU 28,0,,1,5,0,1,0,0,1,, -1,2,0,1,50,16,1,2021,16:20,1,92,92062,2,3,1,3,DE DION BOUTON (QUAI) DU 1 AU 28,48.8770820656,2.241191894,16,4,2
202100029012,149Â 873,A01,1,1,1,0,2,6,-1,0,0,-1,2021,54.0,1,1,0,2,1,1,1,,3,42,-1,,2,2,0,1,3,345,3,, -1,1,0,1,80,15,7,2021,07:35,1,66,66186,1,1,0,1,Avenue de Cabestany,42.665136,2.97602,7,2,2
202100054425,104Â 470,A01,10,3,2,9,0,-1,-1,2,A,1,2021,82.0,1,2,0,1,2,1,1,,4,JEAN MERMOZ,0,,2,2,0,1,0,0,1,, -1,1,0,1,50,19,1,2021,09:35,1,64,64445,2,3,0,6,JEAN MERMOZ,43.31658,-0.37817,9,2,1
202100009613,184Â 522,A01,1,1,1,4,2,0,-1,0,0,-1,2021,23.0,1,1,0,2,8,13,5,,4,RUE DE BAGNOLET,0,,2,2,0,1,(1),(1),1,, -1,2,0,1,30,3,11,2021,16:15,1,75,75120,2,2,0,3,RUE DE BAGNOLET,48.857599,2.399338,16,2,2
202100019213,167Â 286,A01,1,1,1,1,2,6,-1,-1, -1,-1,2021,24.0,1,1,0,2,2,17,1,,3,EDMONT MICHELET (R),0,,2,2,0,1,1,0,1,, -1,1,0,1,50,13,9,2021,18:00,1,94,94043,2,1,0,3,EDMONT MICHELET (R),48.81118,2.36422,18,2,2
202100053080,106Â 845,A01,1,1,2,1,2,6,-1,0,0,-1,2021,45.0,1,1,0,2,0,1,1,,4,RUE LECOURBE,0,,2,3,0,1,(1),(1),1,, -1,2,0,1,50,29,1,2021,16:25,1,75,75115,2,1,1,3,RUE LECOURBE,48.840666,2.296369,16,2,2
202100029181,149Â 591,A01,1,1,2,1,2,6,-1,-1, -1,-1,2021,24.0,1,1,0,0,2,1,1,,4,GENERAL LECLERC (RUE DU) DE (59 ET PLUS),0,,2,2,0,1,0,0,1,, -1,2,0,1,50,13,7,2021,13:00,1,92,92024,2,1,1,7,GENERAL LECLERC (RUE DU) DE (59 ET PLUS),48.9092640416,2.307022959,13,1,1
202100042453,125Â 734,B01,1,1,1,0,8,0,-1,-1, -1,-1,2021,27.0,1,1,0,2,2,1,5,,4,ALTENHEIM (ROUTE D ),0,,2,2,0,1,(1),(1),1,, -1,1,0,1,30,24,4,2021,10:20,1,67,67482,2,1,0,2,ALTENHEIM (ROUTE D ),48.536588,7.770799,10,2,2
202100053165,106Â 705,A01,1,1,1,5,8,0,-1,-1, -1,-1,2021,48.0,2,2,0,2,7,19,1,,4,CLAIRE (DE LA)                      (R ),0,,1,2,0,1,(1),(1),1,, -1,1,0,1,50,29,1,2021,15:40,1,69,69389,2,2,0,3,CLAIRE (DE LA) (R),45.77976,4.80574,15,3,2
202100015100,174Â 716,A01,1,1,2,1,1,5,-1,-1, -1,-1,2021,52.0,3,2,15,0,2,14,1,,9,,0,,2,1,0,2,(1),(1),1,, -1,2,0,1,30,5,10,2021,20:30,3,1,1053,1,9,1,6,,46.2278128614,5.2339406312,20,1,1
202100022266,161Â 839,A01,3,2,2,0,1,-1,-1,-1, -1,-1,2021,21.0,1,2,0,2,1,1,1,,1,BRETELLE SORTIE ROCADE NÂ°18,0,,1,5,0,2,30,0,2,, -1,1,3,1,50,28,8,2021,00:00,5,33,33550,2,3,0,4,Avenue des PyrÃ©nÃ©es,44.77885,-0.56616,0,6,3
202100022348,161Â 698,A01,1,1,1,5,1,-1,-1,0,0,-1,2021,28.0,1,2,14,0,3,1,1,,7,2565,-1,,2,3,0,1,1,500,1,, -1,1,8,5,-1,26,8,2021,22:47,3,6,6151,1,9,0,6,M2565,43.866574,7.212803,22,1,1
202100020052,165Â 784,A01,10,3,1,5,0,-1,-1,2,3,2,2021,3.0,3,2,0,1,8,1,1,,4,GÃNÃRAL DE GAULLE(RUE DU),0,,2,2,0,1,(1),(1),1,, -1,1,0,1,30,8,9,2021,17:40,1,95,95424,2,1,1,6,GÃNÃRAL DE GAULLE(RUE DU),48.997438,2.194962,17,2,1
202100010737,182Â 535,A01,1,1,1,5,2,6,-1,0,0,-1,2021,28.0,2,1,0,2,2,1,1,,4,AVENUE DES TERNES,0,,2,4,0,1,(1),(1),1,, -1,1,0,1,30,26,10,2021,22:00,5,75,75117,2,2,0,3,AVENUE DES TERNES,48.878643,2.294224,22,2,2
202100042712,125Â 286,A01,1,1,1,4,2,0,-1,-1, -1,-1,2021,21.0,3,1,15,0,0,0,1,,4,GEORGES FOUREAU (AV),0,,2,2,0,1,1,0,1,, -1,1,0,1,50,24,4,2021,20:00,1,94,94059,2,1,0,6,Avenue Georges Foureau,48.812882,2.569828,20,1,1
202100050251,111Â 896,B01,2,2,2,5,2,6,-1,0,0,-1,2021,20.0,2,1,0,2,1,1,1,,3,993,-1,,2,2,0,2,3,(1),4,, -1,1,0,1,80,21,2,2021,15:35,1,67,67165,1,1,0,1,D993,48.514456,7.157012,15,4,2
202100019804,166Â 249,B01,1,1,1,1,2,6,-1,-1, -1,-1,2021,43.0,1,1,0,2,8,1,1,,1,A7-Sens Lyon vers Marseille,0,,1,3,0,1,272,0,1,, -1,1,0,1,90,10,9,2021,16:35,1,13,13106,1,1,0,3,A7-Sens Lyon vers Marseille,43.39177,5.35095,16,2,2
202100019217,167Â 280,B01,1,1,2,0,8,0,-1,-1, -1,-1,2021,47.0,2,1,0,2,1,0,5,,2,GENERAL LECLERC (AV),0,,2,4,0,2,1,0,1,, -1,1,0,1,50,13,9,2021,07:40,1,94,94004,2,1,0,6,GENERAL LECLERC (AV),48.74936,2.50842,7,2,2
202100025387,156Â 278,A01,1,1,1,5,0,-1,-1,0,0,-1,2021,28.0,3,1,0,2,1,1,1,,4,,-1,,2,1,3,1,(1),(1),1,,3,1,0,6,-1,29,7,2021,17:45,1,67,67084,1,2,0,3,lieu dit meymatten,48.315496,7.435877,17,2,2
202100026491,154Â 346,A01,10,3,1,5,0,-1,-1,2,3,1,2021,62.0,1,4,0,1,3,1,1,,4,RUE DE TOLBIAC,0,,2,3,0,1,(1),(1),1,, -1,1,0,1,30,29,7,2021,08:50,1,75,75113,2,1,0,6,RUE DE TOLBIAC,48.827094,2.366989,8,2,1
202100055761,102Â 193,A01,4,2,2,5,1,8,-1,-1, -1,-1,2021,22.0,3,2,12,0,1,14,1,,6,TEYSSIER (AV DU COLONEL),0,,-1,-1,0,1,(1),(1),1,, -1,7,5,8,50,8,1,2021,02:40,5,81,81004,2,1,0,6,TEYSSIER (AV DU COLONEL),43.9216805976,2.1663115919,2,5,1