Num_Acc,id_vehicule,num_veh,place,catu,sexe,trajet,secu1,secu2,secu3,locp,actp,etatp,year_acc,victim_age,senc,catv,obs,obsm,choc,manv,motor,occutc,catr,voie,v1,v2,circ,nbv,vosp,prof,pr,pr1,plan,lartpc,larrout,surf,infra,situ,vma,jour,mois,an,hrmn,lum,dep,com,agg_,int,atm,col,adr,lat,long,hour,nb_victim,nb_vehicules
202100036065,137Â 216,A01,2,2,2,9,8,0,-1,-1, -1,-1,2021,15.0,3,2,7,0,1,26,1,,4,CRESSONNIERE,0,,1,2,0,1,1,0,3,, -1,1,0,1,50,6,6,2021,18:02,1,49,49267,2,1,0,6,CRESSONNIERE,47.47301,-0.49293,18,2,1
202100024248,158Â 325,A01,2,2,2,5,1,-1,-1,0,0,-1,2021,80.0,0,2,12,0,9,15,1,,4,SAINT LEU (RUE),0,,2,3,0,1,(1),(1),1,, -1,1,0,1,50,11,8,2021,14:55,1,80,80021,2,1,0,7,SAINT LEU (RUE),49.89681,2.30027,14,2,1
202100049691,112Â 920,A01,10,3,2,5,0,-1,-1,3,3,1,2021,87.0,2,2,0,1,1,1,1,,4,MAURICE LABROUSSE (RUE),0,,3,1,0,2,0,0,1,, -1,1,0,1,50,1,3,2021,10:30,1,92,92002,2,3,0,6,MAURICE LABROUSSE (RUE),48.7545559949,2.2974015523,10,2,1
202100027925,151Â 792,A01,1,1,2,9,1,-1,-1,-1, -1,-1,2021,29.0,3,2,0,2,1,2,1,,4,BD ALIENOR D'AQUITAINE,0,,3,4,0,1,(1),(1),1,, -1,1,0,1,70,20,7,2021,12:30,1,33,33063,1,1,0,2,Boulevard d'AliÃ©nor d'Aquitaine,44.87444,-0.56486,12,2,2
202100019044,167Â 596,A01,1,1,1,5,1,-1,-1,0,0,-1,2021,84.0,1,2,0,1,1,1,1,,3,988,-1,,2,2,0,1,73,990,1,, -1,1,0,1,50,13,9,2021,15:35,1,81,81220,2,1,0,6,22 Promenade des Lices,43.821835,1.724349,15,1,1
202100023175,160Â 192,B01,9,2,2,5,8,-1,-1,0,0,-1,2021,58.0,2,2,0,2,1,1,1,,3,820,0,D,2,2,0,1,54,36,2,, -1,1,0,1,80,22,8,2021,18:30,1,31,31033,1,1,0,5,d820,43.378072,1.445711,18,6,3
202100016349,172Â 411,A01,1,1,1,9,2,6,-1,0,0,-1,2021,41.0,1,1,0,2,3,18,1,,4,BOULEVARD DE CLICHY,0,,3,2,0,1,(1),(1),1,, -1,1,0,1,30,28,9,2021,09:30,1,75,75118,2,3,0,3,BOULEVARD DE CLICHY,48.884413,2.33056,9,2,2
202100013031,178Â 457,B01,1,1,1,4,2,6,-1,0,0,-1,2021,31.0,1,1,0,2,1,1,1,,3,ALBERT 1ER BD,0,,2,3,0,1,9,500,1,, -1,1,0,1,50,14,10,2021,10:20,1,201,201004,2,1,0,1,ALBERT 1ER BD,41.9129217709,8.7254166839,10,2,2
202100020653,164Â 711,A01,1,1,1,5,2,6,-1,0,0,-1,2021,23.0,1,1,13,0,9,1,1,,3,31,-1,,2,2,0,2,34,100,3,, -1,1,0,1,80,4,9,2021,18:25,1,69,69157,1,1,0,7,D31,45.8838830417,4.4808313251,18,1,1
202100012860,178Â 739,B01,1,1,1,0,0,0,-1,0,0,-1,2021,27.0,1,1,0,0,0,0,0,,4,QUATORZE JUILLET (RUE DU),0,,1,2,1,1,(1),(1),1,, -1,1,0,5,50,16,10,2021,09:47,1,10,10387,2,2,1,6,QUATORZE JUILLET (RUE DU),48.2941468325,4.0778331086,9,2,2
202100009164,185Â 335,B01,1,1,1,5,2,6,9,0,0,-1,2021,25.0,2,1,0,2,1,1,1,,3,17,-1,,2,2,0,1,24,220,1,,4,1,0,1,50,6,11,2021,13:35,1,37,37159,2,3,0,3,89 Rue du Val de l Indre,47.2829002412,0.6538836663,13,2,2
202100031688,145Â 118,B01,1,1,1,1,2,6,-1,0,0,-1,2021,44.0,2,1,0,2,1,17,1,,3,1113,-1,D,2,3,0,1,54,675,1,, -1,2,0,1,70,22,6,2021,18:00,1,33,33023,1,3,1,3,D1113,44.694933,-0.492282,18,2,2
202100048393,115Â 256,B01,1,1,1,0,1,8,-1,-1, -1,-1,2021,30.0,2,2,0,2,2,1,1,,4,VIRGILE (RUE),0,,2,2,0,1,(1),(1),1,, -1,1,0,1,50,10,3,2021,15:00,1,67,67482,2,3,0,3,VIRGILE (RUE),48.5819,7.70351,15,3,2
202100048814,114Â 512,A01,1,1,1,5,2,6,-1,0,0,-1,2021,19.0,2,1,0,2,1,5,1,,4,,-1,,2,2,0,2,(1),(1),3,, -1,1,0,1,30,27,2,2021,14:40,1,35,35297,2,1,0,5,21 rue louison bobet,48.187643,-2.191122,14,3,3
202100009330,185Â 027,A01,1,1,1,0,1,-1,-1,0,0,-1,2021,31.0,2,2,13,0,2,1,1,,2,13,-1,,3,4,0,1,38,400,2,, -1,1,3,3,110,6,11,2021,12:30,1,50,50648,1,1,0,6,RN 13 Pk 38+400 SENS CHERBOURG CAEN,49.500981,-1.487081,12,1,1
202100056017,101Â 754,A01,1,1,1,0,2,6,-1,-1, -1,-1,2021,33.0,2,1,0,9,0,1,1,,4,doujani-CarriÃ¨re ( route de la ),0,,2,0,0,1,0,0,4,, -1,1,0,1,50,7,1,2021,02:20,3,976,97611,1,1,0,7,doujani-CarriÃ¨re ( route de la ),-12.79015,45.20253,2,1,1
202100031631,145Â 213,A01,1,1,1,1,1,-1,-1,0,0,-1,2021,20.0,0,2,13,0,3,1,1,,3,751,-1,,2,2,0,1,86,400,1,, -1,1,0,3,80,1,7,2021,00:30,3,49,49244,1,1,0,6,D751,47.35797,-1.063646,0,1,1
202100001477,199Â 147,A01,10,3,1,3,0,-1,-1,3,3,1,2021,60.0,2,2,0,1,3,1,1,,3,FEART (BOULEVARD),0,,2,2,0,1,(1),(1),1,, -1,1,0,1,30,18,12,2021,14:37,1,35,35093,2,3,0,6,FEART (BOULEVARD),48.6317,-2.05517,14,2,1
202100011881,180Â 487,A01,10,3,2,9,8,8,-1,5,1,1,2021,80.0,2,5,0,1,2,16,1,,3,911,0,,1,3,3,1,0,0,1,, -1,1,9,4,50,21,10,2021,19:34,5,92,92024,2,1,0,6,JEAN JAURES (BD) DE (111 A 159),48.9069763407,2.3005588353,19,2,1
202100016262,172Â 565,A01,2,2,2,0,1,0,-1,-1, -1,-1,2021,56.0,1,2,8,0,1,14,1,,4,DESVALLIERES (CHEMIN),0,,2,2,0,2,0,0,3,, -1,2,0,4,50,25,9,2021,19:45,5,92,92077,2,4,1,6,RONCE (RUE DE LA),48.8240298742,2.1973601729,19,2,1
202100022060,162Â 195,B01,1,1,1,1,-1,0,0,-1, -1,-1,2021,29.0,2,1,0,2,3,1,1,,2,CHARDONNERETS (RUE DES),0,,-1,2,0,1,0,0,2,, -1,1,0,1,50,28,8,2021,15:00,1,91,91692,2,3,0,1,R.N 446,48.67885,2.19128,15,3,2
202100036589,136Â 310,B01,1,1,2,1,2,6,-1,-1, -1,-1,2021,37.0,1,1,0,2,1,1,1,,4,JOURDAN (PLACE),0,,4,4,0,1,0,0,2,, -1,1,0,1,50,2,6,2021,19:21,1,87,87085,2,2,0,3,JOURDAN (PLACE),45.83224,1.26464,19,2,2
202100053666,105Â 808,A01,1,1,2,4,1,-1,-1,0,0,-1,2021,26.0,1,5,0,2,2,0,1,,3,107,-1,,2,2,0,1,38,295,1,, -1,1,0,1,80,26,1,2021,14:10,1,17,17340,1,2,0,3,D911,46.074794,-0.784632,14,2,2
202100030816,146Â 683,A01,10,3,2,9,0,-1,-1,2,3,1,2021,33.0,1,2,0,1,1,1,1,,3,RESISTANCE (AVENUE),0,,2,1,0,2,15,900,1,, -1,1,0,1,50,30,6,2021,19:10,1,83,83123,2,1,1,6,RESISTANCE (AVENUE),43.12182,5.79605,19,2,1
202100021754,162Â 743,B01,1,1,2,0,1,-1,-1,-1, -1,-1,2021,22.0,1,2,0,2,4,2,1,,4,JEAN CAGNE                          (AV),0,,2,2,2,1,(1),(1),1,, -1,1,0,1,30,30,8,2021,18:30,2,69,69259,2,3,0,2,JEAN CAGNE (AV),45.69633,4.87161,18,3,2
202100040610,129Â 025,A01,1,1,2,5,8,-1,-1,-1, -1,-1,2021,23.0,2,0,0,0,0,2,3,,3,BISCAROSSE (AVE DE) JUSQU'A DUNE,0,,2,3,1,1,7,750,1,, -1,2,0,5,50,9,5,2021,18:25,1,33,33529,2,1,1,7,,44.60546,-1.20062,18,1,1
202100030446,147Â 352,A01,10,3,1,5,0,-1,-1,2,5,3,2021,12.0,1,2,0,1,0,1,1,,4,17,0,,2,2,0,1,0,0,1,, -1,1,0,1,50,6,7,2021,16:05,1,92,92024,2,1,0,6,HENRI BARBUSSE (RUE) DE (68 A 102),48.90163424,2.3096689582,16,2,1
202100012579,179Â 232,A01,1,1,1,5,8,-1,-1,0,0,-1,2021,19.0,1,2,6,0,4,17,1,,3,73,-1,,2,2,0,1,7,80,1,, -1,1,0,3,50,17,10,2021,06:25,5,26,26085,2,1,0,6, 37 Avenue de Montelimar,44.489556,4.719588,6,3,1
202100010030,183Â 769,Z01,2,1,1,0,2,0,-1,-1, -1,-1,2021,32.0,3,1,0,2,0,0,0,,4,LYON (RUE DE),0,,2,3,0,1,0,0,1,, -1,1,0,1,50,31,10,2021,17:30,5,13,13215,2,3,0,3,LYON (RUE DE),43.3423708654,5.3597691433,17,2,2
202100015508,173Â 982,B01,1,1,1,5,8,0,-1,-1, -1,-1,2021,46.0,1,1,0,2,4,2,5,,4,PACHA (CORNICHE MICHEL),0,,2,2,0,1,0,0,1,, -1,1,0,1,50,30,9,2021,19:20,1,83,83126,2,1,0,6,PACHA (CORNICHE MICHEL),43.092862,5.904039,19,2,2
202100021713,162Â 827,B01,1,1,1,5,2,-1,-1,0,0,-1,2021,42.0,1,1,3,2,3,1,1,,3,6202,-1,,2,2,0,1,59,500,3,, -1,1,0,1,70,31,8,2021,17:35,1,6,6099,1,1,0,5,D6202,43.953458,6.918561,17,5,5
202100033104,142Â 576,B01,2,1,2,9,2,8,-1,-1, -1,-1,2021,54.0,2,1,0,2,1,16,5,,3,907,0,,1,3,1,1,0,0,2,, -1,1,5,1,50,21,6,2021,10:00,1,92,92012,2,6,0,3,RHIN ET DANUBE (ROND POINT),48.8406449313,2.2288875282,10,2,2
202100042332,125Â 956,A01,1,1,1,0,2,6,-1,-1, -1,-1,2021,38.0,2,1,0,2,8,13,1,,3,ARISTIDE BRIAND (RUE),0,,2,2,0,1,0,0,2,, -1,1,0,1,50,26,4,2021,18:30,1,10,10343,2,1,0,3,ARISTIDE BRIAND (RUE),48.26879,4.10619,18,2,2
202100031194,145Â 978,A01,1,1,1,5,2,0,-1,0,0,-1,2021,25.0,1,1,0,2,0,16,3,,4,AVENUE DE VERSAILLES,0,,2,2,0,1,(1),(1),1,, -1,1,0,1,50,3,7,2021,02:20,5,75,75116,2,2,0,3,AVENUE DE VERSAILLES,48.848723,2.275051,2,2,2
202100002425,197Â 442,A01,10,3,2,0,0,-1,-1,4,3,1,2021,33.0,0,2,0,1,1,19,1,,4,MILHAUD (BOULEVARD BENJAMIN),0,,2,2,0,1,(1),(1),1,, -1,1,0,1,30,16,12,2021,21:00,5,34,34172,2,1,0,6,MILHAUD (BOULEVARD BENJAMIN),43.61057,3.85656,21,2,1
202100011559,181Â 060,A01,1,1,1,9,2,6,-1,-1, -1,-1,2021,46.0,1,1,0,2,1,1,1,,4,ESPAGNE (ROUTE D'),0,,3,2,0,1,(1),(1),1,, -1,1,0,1,50,22,10,2021,13:20,1,66,66136,2,1,0,2,ESPAGNE (ROUTE D'),42.67676,2.89015,13,2,2
202100037689,134Â 294,A01,10,3,2,3,0,-1,-1,2,3,1,2021,80.0,3,2,0,1,1,1,1,,4,,-1,,2,2,0,1,(1),(1),1,, -1,1,9,1,50,29,5,2021,08:00,1,974,97415,2,1,0,6,Rue du GÃ©nÃ©ral de Gaulle,-21.051046,55.22442,8,2,1
202100025892,155Â 406,B01,1,1,1,5,1,-1,-1,0,0,-1,2021,28.0,2,2,0,2,4,2,1,,3,301,0,D,3,3,0,1,23,50,1,, -1,2,8,1,-1,25,7,2021,18:49,1,95,95487,1,1,1,4,RD 301,49.1487,2.248517,18,3,3
202100036433,136Â 583,A01,1,1,1,5,2,6,-1,-1, -1,-1,2021,46.0,1,1,0,2,1,15,3,,4,STEHELIN CAUD (RUE ),0,,2,4,2,1,(1),(1),1,, -1,1,0,1,50,5,6,2021,00:15,5,33,33063,2,3,0,3,Rue Stehelin,44.8562,-0.62851,0,2,2
202100010387,183Â 146,A01,10,3,1,5,0,-1,-1,1,3,1,2021,53.0,1,1,0,1,3,26,1,,3,906,0,,-1,2,0,1,0,0,1,, -1,2,0,1,50,29,10,2021,17:52,1,92,92023,2,1,1,6,GENERAL DE GAULLE (AV DU) NÂ°440 A 544 ET,48.7885588615,2.2593346238,17,2,1
202100047790,116Â 327,A01,10,3,1,3,0,-1,-1,2,3,1,2021,71.0,0,2,0,1,6,26,1,,4,LUTON (PLACE),0,,2,2,0,1,1,0,1,, -1,2,0,1,50,16,3,2021,12:45,1,51,51454,2,9,1,7,Place Luton,49.2709527091,4.0254104626,12,2,1
202100016565,172Â 021,A01,10,3,1,5,0,-1,-1,3,3,1,2021,88.0,2,5,9,1,2,1,1,,3,1504,-1,,3,2,0,1,4,100,1,, -1,1,0,1,50,21,9,2021,09:10,1,73,73330,1,1,0,6,D1504 Route de chambery,45.703519,5.77287,9,2,1
202100008002,187Â 429,A01,1,1,1,2,2,8,-1,-1, -1,-1,2021,15.0,2,1,0,2,1,1,1,,4,SANTONA DE,0,,-1,2,0,1,0,0,1,, -1,1,0,1,70,15,11,2021,18:50,3,64,64348,1,1,0,2,SANTONA DE,43.3213167233,-0.3937107325,18,2,2
202100033329,142Â 186,A01,1,1,2,0,1,0,-1,-1, -1,-1,2021,21.0,1,2,0,0,9,9,1,,3,DÃ©partementale  617,0,,1,1,0,2,0,0,3,, -1,1,3,1,50,12,6,2021,03:00,5,66,66136,2,1,0,6,DÃ©partementale  617,42.7080617288,2.9112348896,3,1,1
202100051176,110Â 197,A01,1,1,1,5,2,6,-1,-1, -1,-1,2021,58.0,1,1,0,2,1,2,1,,7,ROUTE DE SAINT PIERRE,0,,3,2,0,2,26,600,1,, -1,1,0,1,70,15,2,2021,15:10,1,13,13056,2,1,0,2,ROUTE DE SAINT PIERRE,43.39146,5.05691,15,2,2
202100003869,194Â 835,A01,1,1,1,5,1,-1,-1,0,0,-1,2021,70.0,1,2,2,0,2,0,1,,3,231,0,D,2,2,0,1,21,865,3,, -1,1,0,3,80,10,12,2021,17:50,3,62,62174,1,1,0,6,D231,50.852616,1.966368,17,1,1
202100056094,101Â 614,A01,10,3,1,5,0,-1,-1,3,3,1,2021,31.0,3,2,0,1,1,1,1,,3,1015,-1,,2,2,0,1,(1),(1),1,, -1,1,0,1,50,6,1,2021,18:20,5,80,80533,2,1,0,6,Avenue Pierre et Marie Curie,50.062918,1.40191,18,2,1
202100051050,110Â 422,A01,1,1,2,1,8,0,-1,-1, -1,-1,2021,17.0,3,1,0,2,3,19,3,,4,EVAIN,0,,2,2,0,1,1,0,1,, -1,2,0,1,50,18,2,2021,13:30,1,49,49007,2,9,0,3,EVAIN,47.46039,-0.55445,13,3,2
202100032415,143Â 833,B01,1,1,1,5,0,-1,-1,0,0,-1,2021,15.0,0,1,0,2,8,15,5,,3,1089,-1,D,2,2,0,1,18,900,1,, -1,1,0,1,80,25,6,2021,13:45,1,42,42174,1,3,0,3,Route de Villedieu,45.737715,4.163531,13,2,2
202100039813,130Â 414,B01,1,1,1,5,8,0,-1,-1, -1,-1,2021,15.0,1,1,0,2,0,5,3,,4,BELFORT (RUE DE),0,,2,4,0,1,0,0,1,, -1,2,0,5,50,15,5,2021,11:40,1,68,68224,2,2,1,1,BELFORT (RUE DE),47.73,7.29,11,2,2
202100008125,187Â 204,A01,1,1,1,0,1,0,-1,-1, -1,-1,2021,22.0,1,2,0,9,1,1,1,,1,AUTOROUTE A1,0,,-1,6,0,1,37,799,1,, -1,1,0,1,130,15,11,2021,02:35,3,60,60631,1,1,1,1,AUTOROUTE A1,49.1658967625,2.5990379316,2,2,2
202100045142,121Â 042,A01,10,3,2,9,0,-1,-1,2,2,2,2021,62.0,2,1,0,1,1,21,5,,4,BOULEVARD LEFEBVRE,0,,2,0,1,1,(1),(1),1,, -1,1,-1,5,25,4,4,2021,18:25,1,75,75115,2,1,0,6,BOULEVARD LEFEBVRE,48.828975,2.299729,18,2,1
202100017275,170Â 776,A01,1,1,1,9,1,-1,-1,0,0,-1,2021,44.0,1,2,13,0,1,14,1,,1,28,-1,A,1,4,0,1,84,0,1,, -1,1,0,8,130,24,9,2021,02:30,3,72,72047,1,1,0,6,"PK  084+000, autoroute A28",47.921634,0.301781,2,1,1
202100045618,120Â 192,A01,1,1,1,5,2,0,-1,0,0,-1,2021,16.0,3,1,0,2,1,1,1,,7,DE GAULLE GENERAL AVENUE,0,,-1,2,0,1,0,0,1,, -1,1,0,1,50,1,4,2021,14:43,1,6,6123,2,1,0,2,DE GAULLE GENERAL AVENUE,43.669269,7.191553,14,2,2
202100048866,114Â 414,A01,1,1,1,5,2,6,-1,0,0,-1,2021,65.0,1,1,0,2,1,2,1,,4,BOULEVARD PERIPHERIQUE,0,,1,4,0,1,12,700,1,, -1,1,1,1,70,7,3,2021,12:40,1,75,75116,2,1,0,2,BOULEVARD PERIPHERIQUE,48.852422,2.252586,12,2,2
202100018047,169Â 370,B01,1,1,2,5,1,-1,-1,0,0,-1,2021,19.0,3,2,0,2,1,1,1,,4,,-1,,2,2,0,1,(1),(1),1,,4,1,0,1,70,17,9,2021,19:30,2,47,47233,1,4,0,3,Route du Traversant,44.5366244189,0.1096035341,19,2,2
202100050794,110Â 890,A01,1,1,1,3,2,-1,-1,0,0,-1,2021,55.0,2,1,0,2,8,1,1,,3,559,-1,,2,2,0,1,74,5,3,, -1,1,0,1,-1,20,2,2021,16:00,1,83,83036,2,1,0,5,Departemental 559,43.166167,6.517741,16,3,3
202100035970,137Â 388,B01,1,1,1,1,2,8,-1,-1, -1,-1,2021,30.0,1,1,0,2,1,1,1,,3,20,0,,2,4,0,1,0,0,1,, -1,1,0,1,50,6,6,2021,20:20,1,92,92036,2,2,0,3,LOUIS ROCHE (AVENUE) (1/45),48.921191,2.325038,20,2,2
202100004931,192Â 977,A01,1,1,1,0,1,0,-1,-1, -1,-1,2021,39.0,1,2,0,2,7,1,1,,4,CHAPIT RE ( RUE DU),0,,1,4,0,1,10,100,1,, -1,2,0,1,130,3,12,2021,16:00,1,93,93073,1,9,1,3,Rue du Chapitre,49.0021282718,2.5369998421,16,2,2
202100008159,187Â 136,A01,2,2,1,5,1,-1,-1,0,0,-1,2021,28.0,1,2,0,0,-1,1,1,,3,6,0,D,2,2,0,2,5,200,1,, -1,1,0,3,90,15,11,2021,05:15,2,974,97415,1,1,0,7,Chemin d Eau,-21.086742,55.27403,5,2,1
202100051032,110Â 453,A01,1,1,1,4,1,0,-1,-1, -1,-1,2021,44.0,1,3,0,2,1,15,1,1.0,3,VERSAILLES AV DE,0,,2,3,0,2,27,430,1,, -1,2,0,1,50,18,2,2021,21:25,5,78,78498,2,3,0,1,VERSAILLES AV DE,48.92644,2.0515,21,3,2
202100035093,138Â 968,A01,1,1,1,1,2,0,-1,-1, -1,-1,2021,46.0,1,1,0,2,1,17,1,,3,131,0,,2,4,0,1,0,0,1,, -1,1,0,1,50,11,6,2021,14:55,1,92,92050,2,3,0,3,ARAGO FRANCOIS AVENUE,48.902186,2.226808,14,2,2
202100009538,184Â 663,A01,10,3,2,9,0,-1,-1,0,9,1,2021,30.0,3,5,0,1,1,0,1,,3,,-1,,-1,0,0,1,(1),(1),1,,0,2,0,8,50,4,11,2021,22:15,3,22,22008,2,1,1,6,2 Sentier des Briandais,48.41355,-2.103325,22,2,1
202100050625,111Â 198,A01,10,3,1,5,0,-1,-1,1,3,1,2021,80.0,3,2,0,1,1,1,1,,4,,-1,,2,2,0,2,(1),(1),1,, -1,1,0,1,50,22,2,2021,16:10,1,22,22055,2,1,0,6,Boulevard Legris,48.624257,-2.824398,16,2,1
202100051608,109Â 441,B01,2,2,2,5,1,0,-1,-1, -1,-1,2021,43.0,2,2,0,2,1,2,1,,3,907,0,,2,2,0,2,0,0,1,, -1,1,0,1,50,13,2,2021,14:50,1,92,92064,2,1,0,4,GOUNOD,48.8434306686,2.2167854011,14,4,3
202100029335,149Â 329,A01,1,1,2,5,8,0,-1,0,0,-1,2021,30.0,1,1,0,2,2,17,5,,4,BOULEVARD DE SEBASTOPOL,0,,2,5,2,1,(1),(1),1,, -1,1,0,5,15,11,7,2021,14:00,1,75,75101,2,2,0,3,BOULEVARD DE SEBASTOPOL,48.86055,2.349352,14,2,2
202100018167,169Â 139,A01,1,1,1,5,1,0,-1,0,0,-1,2021,28.0,2,2,0,2,1,2,1,,4,PORTE DE CHARENTON,0,,1,4,0,1,34,0,1,, -1,1,1,1,70,18,9,2021,11:50,1,75,75112,2,1,0,4,BD PERIPHERIQUE EXTERIEUR,48.8306302199,2.402870357,11,7,4
202100002741,196Â 869,B01,1,1,1,5,2,6,-1,-1, -1,-1,2021,34.0,1,1,0,2,1,1,1,,2,GOUJAUD (QUAI LOUIS),0,,4,6,0,1,18,105,1,, -1,1,0,1,50,14,12,2021,21:28,5,87,87085,2,3,0,3,GOUJAUD (QUAI LOUIS),45.82607,1.26805,21,2,2
202100049050,114Â 079,A01,10,3,1,5,0,-1,-1,3,3,1,2021,69.0,2,2,0,1,2,1,2,,4,JEAN MACE                           (R ),0,,2,2,0,2,(1),(1),1,, -1,2,0,1,50,5,3,2021,06:40,2,69,69199,2,2,0,6,JEAN MACE (R),45.70597,4.85319,6,2,1
202100049381,113Â 493,B01,1,1,1,0,8,0,-1,-1, -1,-1,2021,24.0,2,1,0,2,1,1,0,,4,MARECHAL LECLERC DU,0,,2,2,1,1,0,0,1,, -1,1,0,5,50,2,3,2021,16:30,1,64,64445,2,1,0,3,AVENUE DE GENERAL LECLERC,43.30376,-0.34631,16,2,2
202100040762,128Â 749,B01,1,1,2,5,1,0,-1,0,0,-1,2021,60.0,1,2,0,2,4,23,1,,4,BOULEVARD PERIPHERIQUE,0,,1,4,0,1,33,0,1,, -1,1,0,1,70,7,5,2021,16:35,1,75,75112,2,1,0,2,BOULEVARD PERIPHERIQUE,48.83687,2.412401,16,2,2
202100022236,161Â 896,C01,1,1,2,5,1,8,-1,-1, -1,-1,2021,29.0,1,2,0,2,4,1,1,,3,MARTYRS DU PONT LONG DES,0,,2,2,0,1,30,700,1,, -1,1,0,1,50,27,8,2021,15:35,1,64,64445,2,1,1,4,Avenue des Martyrs du Pont-Long,43.3460184449,-0.3798651695,15,6,5
202100013897,176Â 860,A01,5,2,2,9,0,0,-1,-1, -1,-1,2021,50.0,2,3,0,1,2,1,2,2.0,3,VICTOR HUGO (AV),0,,2,2,3,1,0,1,1,, -1,1,0,1,30,11,10,2021,21:45,5,94,94022,2,1,0,6,Avenue Victor Hugo,48.76873,2.42049,21,3,1
202100013466,177Â 666,B01,1,1,1,5,2,6,-1,0,0,-1,2021,16.0,2,1,0,2,1,1,1,,3,131,0,D,-1,2,0,2,8,140,3,, -1,1,0,1,80,13,10,2021,20:35,3,58,58160,1,1,0,3,Route de Corcelles,47.00018,3.0774,20,2,2
202100002004,198Â 209,B01,1,1,1,0,1,0,-1,-1, -1,-1,2021,29.0,2,2,0,2,1,1,1,,4,MOUETTES (RUE DES),0,,2,2,0,1,0,0,1,, -1,1,0,1,50,18,12,2021,15:20,1,67,67043,2,3,0,3,MOUETTES (RUE DES),48.61123,7.7558,15,2,2
202100000593,200Â 641,B01,1,1,2,0,2,0,-1,0,0,-1,2021,53.0,1,1,0,2,1,1,5,,4,REPUBLIQUE (RUE DE LA),0,,2,2,0,1,(1),(1),1,, -1,1,0,1,30,8,11,2021,15:27,1,54,54395,2,2,0,3,REPUBLIQUE (RUE DE LA),48.6822242291,6.1779042612,15,2,2
202100039759,130Â 516,B01,2,2,2,5,1,-1,-1,0,0,-1,2021,74.0,2,2,0,2,4,23,1,,1,63,-1,A,3,5,0,1,12,332,1,, -1,2,0,1,130,17,5,2021,11:10,1,33,33122,1,1,1,4,A63,44.715331,-0.743723,11,5,4
202100026427,154Â 460,A01,1,1,1,0,8,-1,-1,-1, -1,-1,2021,22.0,3,1,0,2,8,19,3,,4,SALA                                (R ),0,,1,1,2,1,(1),(1),1,, -1,1,5,1,30,29,7,2021,23:40,5,69,69382,2,2,0,3,SALA (R),45.75536,4.83059,23,2,2
202100051170,110Â 210,A01,1,1,1,9,2,0,-1,-1, -1,-1,2021,20.0,2,1,0,0,0,0,1,,4,BREST (DE),0,,3,2,2,1,(1),(1),3,, -1,2,0,1,50,17,2,2021,02:45,5,35,35238,2,1,0,7,BREST (DE),48.1125,-1.6922,2,1,1
202100006570,190Â 057,A01,1,1,1,5,2,6,-1,0,0,-1,2021,74.0,2,1,0,2,1,18,1,,2,PRINCE IMPERIAL COURS,0,,1,4,3,1,2,300,1,, -1,1,0,6,50,23,11,2021,16:30,1,201,201004,2,3,0,3,PRINCE IMPERIAL COURS,41.93415,8.74759,16,2,2
202100035632,138Â 026,A01,1,1,1,9,2,6,9,0,0,-1,2021,45.0,1,1,0,0,0,1,1,,3,31,-1,,2,2,0,1,0,770,1,, -1,1,0,8,70,9,6,2021,13:30,1,89,89295,1,1,0,7,DÃ©partementale 31,47.816234,3.554127,13,1,1
202100033644,141Â 630,B01,1,1,1,4,2,0,-1,0,0,-1,2021,34.0,1,1,0,2,1,1,5,,4,BOULEVARD DE STRASBOURG,0,,2,5,2,1,(1),(1),1,, -1,1,0,5,50,18,6,2021,14:15,1,75,75110,2,3,0,3,BOULEVARD DE STRASBOURG,48.870608,2.354991,14,2,2
202100035287,138Â 628,B01,10,3,1,5,0,-1,-1,3,3,1,2021,60.0,2,1,0,1,1,3,3,,7,CROIX ROUGE (AVENUE),0,,2,2,0,1,0,0,1,, -1,1,0,1,50,9,6,2021,19:15,1,13,13213,2,1,0,5,CROIX ROUGE (AVENUE),43.3311,5.43203,19,3,2
202100044582,122Â 028,B01,1,1,1,1,8,0,-1,-1, -1,-1,2021,28.0,1,1,0,2,1,1,3,,4,PREIZE (RUE DE),0,,2,2,0,1,0,0,1,, -1,1,0,1,50,9,4,2021,18:50,1,10,10387,2,2,1,3,PREIZE (RUE DE),48.30475,4.07094,18,2,2
202100020695,164Â 637,B01,4,2,1,0,1,8,-1,-1, -1,-1,2021,8.0,1,2,0,2,4,1,1,,4,TY BOS AVENUE DE,0,,2,2,0,1,51,100,1,, -1,1,0,1,50,1,9,2021,19:10,1,29,29232,2,3,0,4,Avenue de Ty Bos,47.97119,-4.06414,19,7,3
202100054083,105Â 075,B01,1,1,1,4,2,6,-1,-1, -1,-1,2021,33.0,3,1,0,2,1,1,1,,4,BERNIER   AVENUE DU LIEUTENANT-,0,,2,2,0,1,(1),(1),1,, -1,2,0,1,50,22,1,2021,19:25,5,17,17300,2,2,1,3,BERNIER   AVENUE DU LIEUTENANT-,46.17005,-1.15853,19,2,2
202100046571,118Â 525,A01,10,3,1,1,0,-1,-1,2,3,1,2021,25.0,3,5,0,1,1,1,1,,4,SABLONS (RUE DES),0,,2,2,0,1,(1),(1),1,, -1,1,0,1,30,1,3,2021,08:35,1,95,95427,2,1,0,6,SABLONS (RUE DES),48.95847,2.333152,8,2,1