Num_Acc,id_vehicule,num_veh,place,catu,sexe,trajet,secu1,secu2,secu3,locp,actp,etatp,year_acc,victim_age,senc,catv,obs,obsm,choc,manv,motor,occutc,catr,voie,v1,v2,circ,nbv,vosp,prof,pr,pr1,plan,lartpc,larrout,surf,infra,situ,vma,jour,mois,an,hrmn,lum,dep,com,agg_,int,atm,col,adr,lat,long,hour,nb_victim,nb_vehicules
202100019063,167Â 565,A01,1,1,2,0,1,-1,-1,0,0,-1,2021,25.0,1,2,0,2,3,15,1,,3,37,0,,2,2,0,1,14,120,1,, -1,1,0,1,80,15,9,2021,18:30,1,85,85081,1,3,0,3,D37,46.771673,-1.35016,18,2,2
202100036371,136Â 689,A01,10,3,2,0,0,-1,-1,4,3,1,2021,43.0,1,2,0,1,1,16,1,,4,FELIX FAURE                         (AV),0,,2,4,3,1,(1),(1),1,, -1,1,0,1,50,4,6,2021,18:00,1,69,69383,2,2,0,6,FELIX FAURE (AV),45.75571,4.87608,18,2,1
202100014553,175Â 690,A01,1,1,1,5,8,-1,-1,-1, -1,-1,2021,35.0,2,1,0,0,0,15,1,,7,STEPHANE DECHANT                    (R ),0,,2,2,3,1,1,400,1,, -1,1,0,1,50,7,10,2021,14:30,1,69,69142,2,1,0,7,STEPHANE DECHANT (R),45.72337,4.81219,14,1,1
202100046320,118Â 981,A01,1,1,2,5,8,0,-1,-1, -1,-1,2021,45.0,1,2,0,2,2,12,1,,1,A7-Sens Lyon vers Marseille,0,,1,3,0,1,268,500,1,, -1,1,0,1,110,23,3,2021,18:05,1,13,13071,1,1,0,3,A7-Sens Lyon vers Marseille,43.40607,5.32324,18,3,2
202100047597,116Â 675,B01,1,1,1,0,8,0,-1,-1, -1,-1,2021,17.0,2,1,0,2,1,13,1,,4,cavani-Belle vue (rue),0,,2,0,0,2,0,0,3,, -1,1,0,1,50,17,3,2021,12:20,1,976,97611,1,1,0,1,cavani-Belle vue (rue),-12.78593,45.21871,12,2,2
202100012167,179Â 973,B01,2,2,1,1,1,-1,-1,-1, -1,-1,2021,35.0,-1,5,0,2,7,1,1,,7,CORBAS (DE)                         (RO),0,,2,2,0,3,(1),(1),2,, -1,1,0,1,50,19,10,2021,07:00,5,69,69259,2,3,0,3,COTE (DE LA) (CHM),45.68653,4.89171,7,3,2
202100032539,143Â 606,B01,2,2,1,4,1,0,-1,-1, -1,-1,2021,20.0,1,5,0,2,1,26,1,,3,1,0,,1,2,0,1,0,0,1,, -1,1,0,1,50,24,6,2021,13:50,1,92,92024,2,3,0,4,CLICHY (QUAI DE) DE (104 A 202),48.9119421098,2.3103690147,13,4,3
202100009703,184Â 360,B01,1,1,1,4,1,0,-1,-1, -1,-1,2021,28.0,1,5,1,0,1,21,1,,1,Autoroute A31,0,,3,6,0,1,315,200,1,, -1,1,0,1,110,24,11,2021,10:50,1,57,57303,1,1,0,4,Autoroute A31,49.2185,6.17469,10,5,4
202100042735,125Â 249,B01,1,1,1,5,2,6,-1,0,0,-1,2021,55.0,2,1,0,2,3,1,1,,3,910,-1,,2,2,0,1,8,725,3,, -1,1,0,1,80,25,4,2021,16:36,1,74,74225,1,1,0,3,Route dÃ©partementale 910,45.881636,5.935256,16,2,2
202100008548,186Â 457,A01,1,1,2,0,8,-1,-1,0,0,-1,2021,34.0,1,2,1,0,2,17,1,,3,164,0,D,2,2,0,1,35,400,1,, -1,1,0,3,90,10,11,2021,11:20,1,88,88079,1,1,0,2,,48.215852,5.827636,11,2,2
202100052823,107Â 304,A01,1,1,2,0,1,-1,-1,0,0,-1,2021,53.0,2,2,0,2,1,1,1,,4,3,-1,,2,2,0,1,(1),(1),3,, -1,2,0,1,80,3,2,2021,11:00,1,56,56113,1,1,1,1,1 LD Quenven - RC3,48.081043,-3.177865,11,2,2
202100054862,103Â 739,A01,1,1,1,1,2,6,-1,-1, -1,-1,2021,36.0,3,1,0,2,1,1,1,,4,RUE DU POITOU,0,,-1,2,0,1,0,0,1,, -1,2,9,1,50,14,1,2021,18:50,5,91,91103,2,3,1,3,RUE DU POITOU,48.58,2.29,18,3,2
202100045835,119Â 823,A01,1,1,1,5,2,9,6,0,0,-1,2021,41.0,1,1,2,2,2,17,1,,3,817,0,,2,2,0,1,32,70,1,, -1,1,0,1,70,1,4,2021,14:00,1,65,65447,2,1,0,3,D817,43.191078,0.231298,14,3,2
202100008790,186Â 034,A01,9,2,1,5,0,-1,-1,0,0,-1,2021,19.0,1,2,13,0,2,1,1,,3,1215,-1,,3,2,0,1,38,600,1,, -1,1,0,1,110,10,11,2021,13:40,1,33,33424,1,1,0,6,,45.112616,-0.807158,13,3,1
202100007379,188Â 568,A01,1,1,1,0,1,-1,-1,0,0,-1,2021,36.0,2,5,0,2,1,2,1,,1,10,-1,,3,3,0,1,170,600,1,,10,1,0,1,130,20,11,2021,06:05,3,41,41208,1,1,0,2,A10,47.581774,1.069373,6,2,2
202100006874,189Â 500,A01,1,1,1,1,1,-1,-1,0,0,-1,2021,20.0,1,2,8,0,3,0,1,,3,933,0,D,2,2,0,2,5,825,4,, -1,1,0,3,70,22,11,2021,07:05,2,24,24274,1,1,0,6,Cote du peyrat,44.799987,0.463791,7,1,1
202100002012,198Â 195,A01,1,1,2,0,1,0,-1,0,0,-1,2021,40.0,2,2,2,0,1,26,1,,4,,0,,3,3,0,1,(1),(1),1,, -1,2,0,1,50,19,12,2021,14:52,1,63,63014,2,1,1,6,LAVOISIER (AVENUE),45.75874,3.14432,14,1,1
202100016478,172Â 173,A01,10,3,2,5,0,-1,-1,2,3,1,2021,94.0,2,2,0,1,1,1,1,,4,ITALIE (AVENUE DE L'),0,,1,1,0,2,(1),(1),2,, -1,2,0,1,50,16,9,2021,19:50,2,63,63113,2,5,1,6,ITALIE (AVENUE DE L'),45.7820044988,3.0954529345,19,2,1
202100024337,158Â 169,A01,1,1,1,4,8,-1,-1,0,0,-1,2021,61.0,2,5,2,0,1,13,1,,3,991,0,,2,2,0,1,12,175,2,, -1,1,0,3,80,12,8,2021,16:00,1,73,73085,1,1,0,6,D991,45.833913,5.841229,16,1,1
202100005829,191Â 375,B01,1,1,2,5,1,9,-1,0,0,-1,2021,64.0,2,2,0,2,1,1,1,,3,28,-1,,2,2,0,1,1,73,1,, -1,2,0,1,50,14,11,2021,16:00,1,65,65451,2,1,1,1,22 rue des PyrÃ©nÃ©es,43.10132,0.12012,16,2,2
202100014468,175Â 842,A01,2,2,2,5,2,6,-1,0,0,-1,2021,58.0,2,1,0,2,2,17,1,,3,919,-1,D,2,2,0,1,2,545,1,, -1,1,0,1,80,9,10,2021,11:40,1,76,76738,1,1,1,3,D919,49.582504,1.303639,11,3,2
202100007842,187Â 720,A01,2,2,2,5,1,0,-1,0,0,-1,2021,19.0,3,2,2,0,1,0,1,,4,GARENNES (CHEMIN DES),0,,2,1,0,2,0,1,4,, -1,9,0,8,50,15,11,2021,02:25,3,5,5061,2,1,0,6,GARENNES (CHEMIN DES),44.57395,6.05157,2,2,1
202100031916,144Â 702,B01,1,1,1,9,2,0,-1,-1, -1,-1,2021,26.0,1,1,0,2,2,1,0,,4,PERI (BOULEVARD GABRIEL) 39 / 44 - FIN,0,,2,2,0,2,1,0,1,, -1,1,0,1,50,28,6,2021,11:15,1,93,93064,2,9,0,4,PERI (BOULEVARD GABRIEL) 39 / 44 - FIN,48.87959,2.467053,11,2,2
202100047832,116Â 258,A01,10,3,2,9,0,-1,-1,3,5,1,2021,33.0,1,1,0,1,1,1,1,,4,AVENUE DU DOCTEUR ARNOLD NETTER,0,,2,2,0,1,(1),(1),1,, -1,2,0,1,50,16,3,2021,13:50,1,75,75112,2,3,1,6,AVENUE DU DOCTEUR ARNOLD NETTER,48.843322,2.405367,13,2,1
202100022362,161Â 677,B01,1,1,1,1,2,6,-1,0,0,-1,2021,22.0,1,1,10,2,7,21,1,,3,936,-1,,2,2,0,1,(1),(1),1,, -1,1,5,1,30,26,8,2021,08:05,1,24,24225,2,3,0,1,Avenue de Bergerac,44.84198,0.38421,8,2,2
202100026335,154Â 621,A01,1,1,1,5,2,6,-1,0,0,-1,2021,19.0,2,1,8,0,1,13,1,,4,RUE SAUVAL,0,,1,1,0,1,(1),(1),1,, -1,1,0,1,30,30,7,2021,01:25,5,75,75101,2,1,0,6,RUE SAUVAL,48.861864,2.342494,1,1,1
202100029343,149Â 316,A01,2,2,2,9,8,0,-1,-1, -1,-1,2021,19.0,1,2,1,0,3,13,1,,3,986,0,,2,2,0,1,0,0,1,, -1,2,0,1,50,12,7,2021,17:40,1,92,92050,2,1,0,6,REPUBLIQUE AVENUE DE LA,48.9126751193,2.224766314,17,2,1
202100007039,189Â 174,A01,1,1,1,0,2,6,-1,0,0,-1,2021,50.0,3,1,0,2,2,12,1,,4,VOIE RAPIDE,0,,3,4,0,1,(1),(1),2,, -1,1,2,1,50,20,11,2021,14:14,1,6,6088,2,1,0,3,VOIE RAPIDE,43.70846,7.27104,14,2,2
202100026874,153Â 682,B01,1,1,1,0,1,8,-1,-1, -1,-1,2021,44.0,1,5,0,2,4,2,1,,3,GENNEVILLIERS (PONT DE),0,,2,3,0,1,0,0,1,, -1,1,2,1,50,23,7,2021,16:30,1,92,92024,2,1,0,4,GENNEVILLIERS (PONT DE),48.91277,2.31117,16,3,3
202100019877,166Â 111,A01,10,3,1,0,0,-1,-1,-1, -1,3,2021,50.0,0,2,0,1,1,26,1,,4,ST ELME (RUE) DU 02 ET +,0,,2,1,0,1,(1),(1),1,, -1,1,0,8,30,9,9,2021,17:25,1,33,33009,2,1,0,6,ST ELME (RUE) DU 02 ET +,44.654077,-1.15037,17,4,1
202100053755,105Â 655,B01,1,1,1,5,2,6,-1,-1, -1,-1,2021,35.0,1,1,0,2,1,1,1,,2,R DE PARIS,0,,-1,4,0,1,1,0,1,, -1,2,5,1,50,24,1,2021,13:06,1,94,94078,2,1,1,3,PARIS (R DE),48.733,2.44685,13,2,2
202100029520,149Â 027,A01,1,1,1,5,0,-1,-1,0,0,-1,2021,50.0,3,5,8,0,3,1,1,,3,1,0,S,2,2,0,1,0,0,1,, -1,1,0,3,50,11,7,2021,21:40,5,988,98817,1,1,0,6,RP1 HAUTEUR SAINT LOUIS,-22.230489,166.549832,21,1,1
202100035329,138Â 558,A01,1,1,2,1,2,0,-1,0,0,-1,2021,49.0,1,1,0,0,0,1,3,,4,RUE SAINT ANTOINE,0,,3,2,1,1,(1),(1),1,, -1,1,0,5,50,10,6,2021,15:30,1,75,75104,2,1,0,7,RUE SAINT ANTOINE,48.853829,2.365186,15,1,1
202100038238,133Â 293,B01,8,2,1,0,8,0,-1,-1, -1,-1,2021,2.0,3,3,0,2,3,2,0,4.0,3,SALENGRO (AVENUE ROGER),0,,3,3,3,1,0,1,1,, -1,1,0,1,50,26,5,2021,11:50,1,93,93027,2,9,0,3,Avenue Roger Salengro,48.94122,2.38744,11,4,2
202100032685,143Â 344,B01,1,1,1,5,2,6,-1,-1, -1,-1,2021,28.0,2,1,0,2,1,1,1,,4,CAPELETTE (AVENUE DE LA),0,,2,2,0,1,0,0,1,, -1,1,0,1,50,22,6,2021,21:48,5,13,13210,2,1,0,3,CAPELETTE (AVENUE DE LA),43.27987,5.40987,21,2,2
202100012665,179Â 079,A01,1,1,2,0,1,0,-1,-1, -1,-1,2021,24.0,3,2,0,2,7,1,1,,7,D.5,0,,1,2,0,1,(1),(1),1,, -1,1,0,1,90,16,10,2021,16:15,1,13,13047,1,1,0,6,D.5,43.47125,4.99913,16,3,2
202100047300,117Â 219,A01,10,3,1,5,8,-1,-1,1,3,1,2021,7.0,2,2,0,1,3,21,1,,3,9,0,,2,2,0,1,0,500,1,, -1,1,0,1,80,20,3,2021,21:00,3,973,97311,1,1,0,6,Avenue Jean Galmot,5.493504,-53.971528,21,2,1
202100045799,119Â 887,A01,1,1,1,9,2,0,-1,0,0,-1,2021,52.0,1,1,0,0,0,21,5,,4,RUE SAINT MARC,0,,2,2,1,1,(1),(1),1,, -1,1,-1,5,50,30,3,2021,19:50,1,75,75102,2,1,0,7,RUE SAINT MARC,48.870683,2.338692,19,1,1
202100032258,144Â 104,A01,1,1,1,9,1,-1,-1,-1, -1,-1,2021,43.0,1,2,15,2,1,11,1,,3,BEAUJOLAIS (avenue du),0,,2,2,0,1,1,0,1,, -1,2,0,1,50,24,6,2021,11:45,1,69,69092,2,3,0,1,BEAUJOLAIS (DU) (AV),45.9969513699,4.706761837,11,2,2
202100017017,171Â 198,A01,10,3,2,5,0,-1,-1,7,9,3,2021,39.0,1,2,11,1,0,13,1,,4,AVENUE DES CHAMPS ELYSEES,0,,2,6,0,1,(1),(1),1,, -1,1,0,1,50,21,9,2021,20:57,5,75,75108,2,2,0,6,AVENUE DES CHAMPS ELYSEES,48.8731252082,2.2970622993,20,6,1
202100045557,120Â 308,A01,10,3,2,2,0,-1,-1,2,3,2,2021,47.0,3,1,0,1,1,1,5,,4,BOURDONNAIS (RUE DES),0,,1,1,0,2,(1),(1),1,, -1,1,0,1,30,29,3,2021,11:30,1,78,78646,2,1,0,6,BOURDONNAIS (RUE DES),48.79485,2.12885,11,3,1
202100045670,120Â 104,A01,1,1,1,5,2,6,9,0,0,-1,2021,59.0,1,1,5,0,1,1,1,,7,2204,0,A,2,2,0,2,43,7,2,, -1,1,0,3,80,1,4,2021,17:37,1,6,6149,1,1,1,7,3151 Route de Laghet,43.747669,7.346823,17,1,1
202100046252,119Â 099,A01,1,1,1,5,2,0,-1,-1, -1,-1,2021,78.0,1,1,12,0,1,1,5,,9,ILE MARTINET,0,,-1,2,1,1,0,375,1,, -1,1,0,5,30,28,3,2021,11:00,1,94,94018,2,1,0,7,ILE MARTINET,48.81949,2.40413,11,1,1
202100009103,185Â 434,A01,1,1,1,4,1,0,-1,-1, -1,-1,2021,55.0,1,4,6,0,1,26,1,,4,FEE VERTE DE LA,0,,1,1,0,1,(1),(1),2,, -1,1,9,4,50,21,10,2021,05:58,5,25,25462,2,1,0,6,FEE VERTE DE LA,46.90976,6.33377,5,1,1
202100011271,181Â 588,A01,10,3,2,5,0,-1,-1,2,3,1,2021,73.0,3,2,0,1,1,15,1,,6,,-1,,-1,-1,0,1,(1),(1),2,,4,1,0,1,50,23,10,2021,10:20,1,76,76655,2,9,0,6,Place du MarchÃ©,49.868651,0.713376,10,2,1
202100035732,137Â 843,B01,1,1,1,0,2,-1,-1,-1, -1,-1,2021,22.0,1,1,0,2,4,1,5,,4,GARE (DE LA),0,,2,2,0,1,1,0,1,, -1,1,0,1,50,1,6,2021,17:00,1,22,22278,2,1,0,3,GARE (DE LA),48.511206,-2.762649,17,2,2
202100025100,156Â 788,B01,1,1,1,9,2,0,-1,-1, -1,-1,2021,43.0,1,1,0,2,1,17,1,,2,m'tsapere-Nationale 2 (route),0,,2,2,0,1,0,0,1,, -1,1,0,1,50,7,8,2021,11:05,1,976,97611,2,1,0,1,m'tsapere-Nationale 2 (route),-12.79042,45.22329,11,2,2
202100045129,121Â 066,A01,2,2,1,0,1,0,-1,0,0,-1,2021,21.0,3,2,0,2,2,19,1,,4,MOULIN (AVENUE J.),0,,2,2,0,1,0,0,1,, -1,1,0,1,80,3,4,2021,17:10,1,30,30243,1,2,0,6,VALES (CHEMIN DE),44.07086,4.08018,17,3,2
202100010877,182Â 284,A01,10,3,2,0,8,8,-1,3,3,1,2021,69.0,1,2,0,1,2,1,1,,4,ALSACE LORRAINE (BOULEVARD),0,,2,2,0,1,0,0,1,, -1,2,0,1,30,26,10,2021,10:45,1,64,64102,2,1,1,6,ALSACE LORRAINE (BOULEVARD),43.4952,-1.46984,10,2,1
202100010223,183Â 437,B01,1,1,1,5,1,-1,-1,0,0,-1,2021,62.0,1,2,0,2,2,1,1,,3,5,0,,2,2,0,2,0,0,3,, -1,1,0,1,80,29,10,2021,00:30,3,976,97606,1,1,0,1,RD 5  - sortie de Poroani,-12.899382,45.14485,0,4,2
202100028654,150Â 495,A01,10,3,2,5,8,8,-1,5,5,2,2021,53.0,1,1,0,1,1,25,5,,3,POMPIDOU GEORGES (AVENUE),0,,2,4,0,1,22,468,1,, -1,1,0,4,50,13,7,2021,07:30,1,30,30189,2,3,0,6,POMPIDOU GEORGES (AVENUE),43.8377,4.345,7,2,1
202100052357,108Â 133,B01,1,1,2,0,1,-1,-1,0,0,-1,2021,60.0,2,2,0,2,3,1,1,,3,63,0,,2,2,0,2,17,200,3,, -1,2,0,1,80,20,1,2021,12:30,1,69,69110,1,1,1,1,MARRONNIER (DU) (RTE),45.618488,4.490485,12,2,2
202100016618,171Â 932,A01,10,3,2,2,0,-1,-1,9,4,1,2021,11.0,3,2,0,1,2,20,0,,9,,0,,-1,1,0,1,(1),(1),1,, -1,1,9,6,30,22,9,2021,12:05,1,25,25056,2,1,0,6,CHOPIN RUE FREDERIC,47.26516,6.04208,12,2,1
202100032927,142Â 904,A01,2,2,1,9,1,0,-1,-1, -1,-1,2021,28.0,3,0,0,2,3,15,1,,3,FORT DE LA BRICHE,0,,3,5,0,1,0,1,1,, -1,2,5,1,50,22,6,2021,14:30,1,93,93066,2,3,1,3,Rue du Fort de la Briche,48.94436,2.34217,14,3,2
202100052307,108Â 218,A01,1,1,2,5,1,0,-1,0,0,-1,2021,20.0,1,2,1,2,0,1,1,,4,VINGT SIXIEME R.I. (BOULEVARD DU 46 A FI,0,,3,4,0,1,(1),(1),1,, -1,2,0,1,50,7,2,2021,01:30,5,54,54395,2,1,1,6,VINGT SIXIEME R.I. (BOULEVARD DU 46 A FI,48.6967095796,6.189241223,1,1,1
202100036049,137Â 249,A01,1,1,2,5,1,0,-1,-1, -1,-1,2021,21.0,2,2,6,0,1,1,1,,4,RUE FROMAGERE,0,,1,1,0,2,0,0,1,, -1,1,0,1,50,6,6,2021,09:55,1,91,91339,2,1,0,6,RUE FROMAGERE,48.63588,2.27007,9,2,1
202100053508,106Â 069,B01,1,1,1,0,1,0,-1,-1, -1,-1,2021,57.0,1,2,0,2,4,16,1,,4,AUDRA (AV),0,,1,2,0,1,0,0,1,, -1,1,0,1,50,26,1,2021,12:25,1,92,92025,2,1,0,5,AUDRA (AV),48.9280412997,2.2508118385,12,3,3
202100001199,199Â 627,A01,10,3,1,0,0,-1,-1,9,B,1,2021,62.0,3,2,0,1,2,1,1,,7,D.5,0,,3,4,0,2,1,0,1,, -1,1,0,1,90,25,12,2021,23:15,3,13,13098,1,1,0,1,D.5,43.45015,5.01474,23,3,2
202100043868,123Â 256,A01,2,2,2,5,2,0,-1,-1, -1,-1,2021,18.0,1,1,12,0,8,13,1,,3,BAYONNE (AVENUE DE),0,,2,4,0,1,9,400,1,, -1,1,9,1,50,15,4,2021,10:50,1,64,64024,2,1,1,7,BAYONNE (AVENUE DE),43.48114,-1.51176,10,2,1
202100012777,178Â 883,A01,1,1,1,5,2,6,9,0,0,-1,2021,45.0,3,1,6,0,6,11,1,,3,768,0,D,2,2,0,2,(1),(1),3,, -1,1,9,1,80,17,10,2021,14:01,1,22,22155,1,9,0,2,La Biche,48.235631,-2.720709,14,2,2
202100047334,117Â 158,A01,1,1,1,4,1,0,-1,-1, -1,-1,2021,33.0,1,5,0,2,1,2,1,,2,RN 70 (ROUTE EXPRESS),0,,3,4,0,1,29,75,1,, -1,1,0,1,110,19,3,2021,09:45,1,71,71486,1,1,0,5,RN 70 (ROUTE EXPRESS),46.63976,4.32782,9,3,3
202100052883,107Â 189,B01,1,1,2,0,2,0,-1,-1, -1,-1,2021,57.0,1,1,0,2,7,1,0,,3,86,0,,2,2,1,1,6,500,3,, -1,2,0,1,70,31,1,2021,12:15,1,37,37122,1,3,1,6,,47.3207569486,0.660570584,12,1,1
202100037792,134Â 111,A01,1,1,1,1,2,8,-1,-1, -1,-1,2021,16.0,1,1,0,2,2,17,1,,4,DUCLOS (AVENUE JACQUES),0,,2,2,0,1,(1),(1),1,, -1,1,0,1,50,27,5,2021,17:50,1,37,37233,2,1,0,6,DUCLOS (AVENUE JACQUES),47.3802253616,0.727991463,17,3,2
202100012092,180Â 102,A01,1,1,1,0,2,6,-1,0,0,-1,2021,16.0,2,1,0,9,1,17,1,,3,2,0,D,2,2,0,1,9,(1),4,, -1,2,0,1,70,18,10,2021,19:50,3,59,59094,1,3,1,2,D2,50.953531758,2.2629871219,19,2,2
202100010833,182Â 362,A01,1,1,1,0,2,6,-1,-1, -1,-1,2021,39.0,2,1,0,2,1,3,1,,1,AUTOROUTE A1,0,,2,9,0,1,11,399,1,, -1,1,0,1,90,27,10,2021,19:15,2,93,93005,1,1,0,2,AUTOROUTE A1,48.9571638618,2.46145321,19,2,2
202100006427,190Â 308,A01,10,3,2,0,0,-1,-1,3,3,1,2021,41.0,2,2,0,1,2,1,1,,3,BEAUCAIRE (ROUTE),0,,2,4,1,1,22,30,1,, -1,1,0,1,50,2,11,2021,17:10,2,30,30189,2,1,0,6,BEAUCAIRE (ROUTE),43.836454,4.393968,17,2,1
202100054820,103Â 809,B01,1,1,2,0,0,-1,-1,0,0,-1,2021,56.0,2,1,0,2,8,2,3,,3,7,-1,,2,2,0,1,3,550,3,, -1,5,5,1,80,16,1,2021,10:00,1,78,78043,1,6,1,3,Route dÃ©partementale 7,48.830543,2.084548,10,2,2
202100035004,139Â 127,A01,10,3,1,2,0,-1,-1,3,3,1,2021,11.0,2,2,0,1,1,1,1,,4,SELLIER (RUE HENRI SELLIER),0,,2,2,0,1,(1),(1),1,, -1,1,0,1,30,11,6,2021,16:45,1,45,45147,2,1,0,6,Rue Henri Sellier,47.92442,1.91896,16,2,1
202100024291,158Â 250,B01,1,1,2,5,1,-1,-1,0,0,-1,2021,20.0,3,2,0,2,7,15,1,,4,SAINTE THERESE (AVENUE),0,,2,1,0,1,1,0,2,, -1,1,0,1,50,13,8,2021,20:05,1,14,14118,2,6,0,3,Avenue Sainte ThÃ©rÃ¨se,49.17056,-0.339,20,2,2
202100051040,110Â 437,A01,10,3,2,0,0,-1,-1,2,3,1,2021,16.0,1,2,0,1,2,1,1,,4,BEZIOU,0,,2,2,0,1,0,0,1,, -1,1,6,1,50,4,2,2021,08:10,1,64,64445,2,2,0,6,BEZIOU,43.30457,-0.37993,8,2,1
202100037390,134Â 832,B01,4,2,2,0,1,0,-1,-1, -1,-1,2021,6.0,1,2,0,2,4,2,1,,2,104,0,,3,4,0,1,43,799,1,, -1,1,0,1,110,31,5,2021,16:50,1,91,91235,1,1,0,2,RN 104,48.62545,2.36325,16,5,2
202100015740,173Â 531,A01,1,1,1,9,2,6,-1,0,0,-1,2021,28.0,1,1,0,2,3,18,1,,4,AVENUE DE VERSAILLES,0,,2,4,1,1,(1),(1),1,, -1,1,-1,5,30,1,10,2021,10:10,1,75,75116,2,2,0,3,AVENUE DE VERSAILLES,48.840798,2.26516,10,2,2
202100040031,130Â 043,B01,2,2,1,0,8,0,-1,-1, -1,-1,2021,5.0,3,1,0,2,1,10,1,,4,TROUBIRAN (CHEMIN DE),0,,2,2,0,1,(1),(1),1,, -1,1,0,1,50,13,5,2021,11:44,1,973,97302,2,1,0,3,TROUBIRAN (CHEMIN DE),4.9245342347,-52.3036953632,11,4,2
202100000739,200Â 394,A01,10,3,1,3,0,-1,-1,4,3,2,2021,5.0,3,2,0,1,0,0,1,,4,ANATOLE FRANCE,0,,2,4,1,1,0,0,1,, -1,1,0,1,50,22,12,2021,12:32,1,76,76351,2,2,0,6,ANATOLE FRANCE,49.49484,0.11115,12,2,1
202100047794,116Â 322,A01,10,3,1,4,0,-1,-1,9,3,1,2021,46.0,3,4,0,1,4,20,1,,5,ONZE ARPENTS (RUE DES),0,,-1,0,0,1,(1),(1),1,, -1,2,9,8,10,11,3,2021,07:15,5,41,41018,1,1,1,7,ONZE ARPENTS (RUE DES),47.61326,1.33763,7,2,1
202100019892,166Â 076,B01,1,1,2,0,1,0,-1,-1, -1,-1,2021,40.0,3,2,0,2,4,2,1,,7,D.5,0,,2,2,0,1,1,0,1,, -1,1,0,1,70,9,9,2021,08:30,1,13,13047,1,1,0,2,D.5,43.54711,4.97264,8,2,2
202100003870,194Â 834,A01,2,2,1,9,1,-1,-1,0,0,-1,2021,78.0,1,2,13,9,9,1,1,,1,5,-1,,3,4,0,1,207,380,1,, -1,2,0,8,130,10,12,2021,16:50,2,52,52469,1,1,0,7,A5 PK 207+380,48.0411,5.048384,16,2,1
202100041521,127Â 394,B01,1,1,2,9,1,0,-1,-1, -1,-1,2021,26.0,3,2,0,2,1,1,1,,4,CORPS FRANC POMMIES DU,0,,2,0,0,1,(1),(1),1,, -1,1,0,1,50,3,5,2021,14:05,1,64,64132,2,2,0,3,CORPS FRANC POMMIES DU,43.30498,-0.32047,14,2,2
202100046081,119Â 384,A01,1,1,1,9,1,0,-1,0,0,-1,2021,20.0,1,5,8,0,2,26,1,,7,JOUHAUX (BD LEON),0,,3,4,0,1,(1),(1),1,, -1,1,0,1,50,29,3,2021,02:46,5,63,63113,2,1,0,6,JOUHAUX (BD LEON),45.79616,3.11692,2,1,1
202100051542,109Â 565,A01,1,1,2,1,1,-1,-1,0,0,-1,2021,61.0,1,2,12,0,1,1,1,,3,1,-1,D,2,2,0,1,82,756,1,, -1,1,0,1,-1,7,1,2021,21:10,5,31,31451,2,6,0,6,Route de Toulouse,43.464729,1.989019,21,1,1
202100016286,172Â 522,A01,1,1,1,1,0,-1,-1,0,0,-1,2021,62.0,0,4,16,0,2,1,0,,3,108,0,D,2,2,0,1,16,350,3,, -1,1,0,3,80,29,9,2021,12:00,1,49,49080,1,1,0,7,D108,47.698816,-0.459366,12,1,1
202100014769,175Â 316,A01,10,3,2,1,0,-1,-1,4,3,1,2021,54.0,3,2,0,1,8,15,1,,4,HENRI DUNANT,0,,2,2,0,1,(1),(1),1,, -1,1,0,1,50,6,10,2021,08:30,1,95,95428,2,1,0,6,CHARLES DE GAULLE  AVENUE,48.9742770234,2.3115456495,8,2,1
202100041777,126Â 939,B01,1,1,1,0,8,-1,-1,-1, -1,-1,2021,28.0,2,2,0,2,1,5,1,,4,,0,,-1,1,0,2,(1),(1),1,, -1,2,0,1,50,1,5,2021,12:41,1,69,69384,2,1,1,1,ESSES (DES)                         (MO),45.77195,4.81591,12,3,2
202100056408,101Â 071,C01,1,1,2,5,1,-1,-1,0,0,-1,2021,48.0,2,2,0,2,1,1,1,,4,TY BOS AVENUE DE,0,,2,2,0,1,51,950,1,, -1,1,5,1,50,1,1,2021,13:20,1,29,29232,2,2,0,5,D783 - Avenue de Ty Bos,47.9772306739,-4.0698666571,13,3,3
202100036136,137Â 091,A01,1,1,1,5,2,-1,-1,0,0,-1,2021,61.0,-1,1,0,0,0,1,5,,3,D828,-1,,2,2,0,1,1,950,1,, -1,1,0,1,80,5,6,2021,14:30,1,61,61075,1,1,0,7,Landisson,48.464004,-0.641686,14,1,1
202100038837,132Â 204,A01,2,2,2,5,2,-1,-1,0,0,-1,2021,19.0,3,1,0,0,8,1,1,,4,,-1,,2,2,0,2,(1),(1),3,, -1,1,0,1,80,22,5,2021,16:30,1,74,74010,1,1,0,7,Che de la Bruyere,45.862408,6.076148,16,2,1
202100044091,122Â 865,A01,1,1,1,4,1,-1,-1,0,0,-1,2021,62.0,1,2,0,2,1,13,1,,3,6086,-1,D,2,2,0,2,34,500,3,, -1,1,0,1,-1,15,4,2021,19:27,1,30,30340,1,1,0,5,D6086,44.001289,4.578702,19,3,3
202100038355,133Â 077,B01,1,1,1,0,1,0,-1,0,0,-1,2021,52.0,2,2,0,2,1,1,1,,3,CONCORDE (RUE DE LA),0,,2,2,0,1,(1),(1),1,, -1,1,0,1,50,21,5,2021,11:00,1,54,54261,2,1,0,1,CONCORDE (RUE DE LA),49.5228,5.7933,11,2,2