Num_Acc,id_vehicule,num_veh,place,catu,sexe,trajet,secu1,secu2,secu3,locp,actp,etatp,year_acc,victim_age,senc,catv,obs,obsm,choc,manv,motor,occutc,catr,voie,v1,v2,circ,nbv,vosp,prof,pr,pr1,plan,lartpc,larrout,surf,infra,situ,vma,jour,mois,an,hrmn,lum,dep,com,agg_,int,atm,col,adr,lat,long,hour,nb_victim,nb_vehicules
202100031625,145Â 224,B01,1,1,2,1,1,0,-1,-1, -1,-1,2021,45.0,1,2,0,2,4,1,1,,1,A86,0,,1,3,0,1,6,0,1,, -1,1,3,1,50,30,6,2021,14:30,1,92,92025,2,1,0,2,A86,48.919219,2.225202,14,2,2
202100042252,126Â 105,A01,1,1,2,1,2,6,-1,0,0,-1,2021,23.0,1,1,0,2,1,17,1,,3,114,-1,,2,2,0,1,2,900,1,, -1,2,0,1,80,28,4,2021,07:50,2,30,30086,1,1,1,6,D114,44.031086,4.278424,7,2,2
202100023017,160Â 486,A01,1,1,1,0,8,0,-1,-1, -1,-1,2021,39.0,1,2,0,0,2,1,1,,3,SECTION TOMBEAU,0,,-1,2,0,1,(1),(1),2,, -1,1,0,8,50,1,8,2021,15:48,1,971,97113,1,1,0,7,SECTION TOMBEAU,16.22128,-61.47848,15,1,1
202100047454,116Â 942,A01,3,2,2,5,1,-1,-1,0,0,-1,2021,19.0,2,2,6,0,1,1,1,,3,8,-1,A,2,2,0,1,(1),(1),1,, -1,1,5,4,50,19,3,2021,22:05,5,29,29022,2,3,0,6,D8A - 13 Rue du General Leclerc,48.275438,-4.603347,22,3,1
202100023067,160Â 388,B01,1,1,1,3,1,-1,-1,-1, -1,-1,2021,28.0,1,2,6,2,1,1,1,,4,RUE DURIEU DE MAISONNEUVE,0,,1,1,0,1,(1),(1),1,, -1,1,0,1,50,2,8,2021,21:09,2,33,33063,2,3,0,3,Rue Durieu de Maisonneuve,44.85378,-0.59046,21,3,2
202100055401,102Â 820,A01,1,1,1,1,1,-1,-1,0,0,-1,2021,25.0,1,2,13,0,4,1,0,,3,901,-1,,2,2,0,1,(1),(1),3,, -1,7,0,3,80,11,1,2021,12:20,1,87,87111,1,1,0,6,Manvin,45.747761,0.854187,12,1,1
202100041961,126Â 614,A01,2,2,1,5,0,-1,-1,0,0,-1,2021,19.0,2,2,17,0,1,0,1,,3,88,-1,,2,2,0,1,13,950,2,, -1,2,0,3,90,1,5,2021,03:20,3,45,45187,1,1,1,6,D88-PR 13 + 950,47.880754,2.49468,3,2,1
202100047330,117Â 165,B01,2,2,1,0,1,0,-1,-1, -1,-1,2021,49.0,1,2,0,2,8,15,1,,4,PUECH (JEAN),0,,2,2,0,1,(1),(1),1,, -1,1,5,1,50,17,3,2021,08:30,1,76,76217,2,2,0,3,PUECH (JEAN),49.92452,1.10369,8,4,2
202100045817,119Â 859,B01,1,1,1,0,2,6,-1,-1, -1,-1,2021,39.0,0,1,0,2,1,2,1,,3,GENERAL KOENIG (BOULEVARD DU),0,,2,4,0,1,0,0,1,, -1,1,0,1,50,30,3,2021,18:57,1,92,92051,2,9,0,3,GENERAL KOENIG (BOULEVARD DU),48.88102848,2.2518977016,18,4,2
202100024813,157Â 303,A01,10,3,2,5,0,-1,-1,2,3,2,2021,9.0,1,1,0,2,1,0,1,,2,4,-1,,2,2,0,1,(1),(1),1,, -1,1,0,1,50,11,8,2021,17:20,1,976,97608,2,1,0,6,Boulevard des Crabes,-12.787483,45.263845,17,3,1
202100027146,153Â 188,A01,10,3,1,5,0,-1,-1,1,9,1,2021,36.0,1,2,14,0,3,1,0,,2,111,-1,,2,2,0,1,(1),(1),1,, -1,1,0,1,60,24,7,2021,19:55,3,987,98724,1,1,0,6,"RT111, District Fitii",-16.727384,-151.01125,19,2,1
202100045119,121Â 090,B01,1,1,1,5,2,8,-1,-1, -1,-1,2021,46.0,1,1,0,2,7,1,5,,7,CD559,0,,-1,2,0,1,40,420,1,, -1,1,0,1,50,4,4,2021,12:45,1,83,83034,2,6,0,3,CD559,43.09567,6.0692,12,2,2
202100040731,128Â 802,A01,10,3,2,1,0,-1,-1,8,9,3,2021,56.0,0,2,6,0,1,13,1,,3,JAURES(AVENUE JEAN),0,,2,2,0,1,0,558,3,, -1,1,0,3,50,8,5,2021,17:10,1,77,77152,2,1,0,6,JAURES(AVENUE JEAN),48.5264,2.64594,17,3,1
202100034746,139Â 601,A01,10,3,2,5,0,-1,-1,3,3,1,2021,21.0,2,1,0,1,1,1,1,,4,CHEVESNES (RUE + QUARTIER),0,,2,2,0,1,0,0,1,, -1,1,0,1,30,12,6,2021,15:25,2,74,74010,2,1,0,6,CHEVESNES (RUE + QUARTIER),45.90099,6.11792,15,2,1
202100046007,119Â 520,A01,1,1,1,5,2,-1,-1,0,0,-1,2021,44.0,2,1,0,2,1,2,1,,3,610,-1,,3,4,0,1,11,900,1,, -1,1,0,1,110,31,3,2021,18:30,1,10,10191,1,1,0,2,D610,48.33363,4.096227,18,2,2
202100009365,184Â 965,B01,1,1,1,1,1,-1,-1,0,0,-1,2021,26.0,2,2,0,2,1,1,1,,3,449,0,D,2,2,0,1,53,100,1,, -1,1,0,1,80,1,10,2021,07:26,2,91,91198,1,1,0,1,D449,48.462567,2.34047,7,2,2
202100045305,120Â 745,A01,10,3,2,3,0,-1,-1,2,3,1,2021,36.0,2,2,0,1,1,1,1,,3,910,0,,2,2,0,2,19,850,1,0,6,1,0,1,50,3,4,2021,12:00,1,16,16383,2,1,0,6,Lieu-Dit Puy Martin,45.794398,0.191301,12,2,1
202100034726,139Â 641,B01,1,1,1,5,1,-1,-1,-1,0,-1,2021,45.0,2,2,0,2,4,2,1,,1,AUTOROUTE A15,0,,3,8,0,1,6,699,1,, -1,1,0,1,110,13,6,2021,18:50,1,95,95018,1,1,0,4, A15,48.9537750808,2.2789100209,18,3,3
202100013498,177Â 604,B01,1,1,1,9,1,8,-1,-1, -1,-1,2021,48.0,1,2,0,2,1,1,1,,4,PARIS (AVENUE DE),0,,3,2,0,1,(1),(1),1,, -1,1,0,1,50,12,10,2021,11:00,1,71,71076,2,2,0,3,Avenue de Paris,46.7943840183,4.8487190008,11,2,2
202100019010,167Â 657,Z01,10,3,1,5,0,-1,-1,3,3,1,2021,32.0,2,2,0,1,1,1,0,,4,RUE SAINT HONORE,0,,2,2,0,1,(1),(1),1,, -1,1,0,1,30,14,9,2021,13:15,1,75,75101,2,2,0,6,RUE SAINT HONORE,48.861182,2.34401,13,2,1
202100016026,173Â 013,A01,1,1,1,5,2,-1,-1,0,0,-1,2021,62.0,1,1,0,0,0,0,1,,3,100,0,,2,2,0,1,5,800,2,,4,1,0,1,70,30,9,2021,12:00,1,69,69140,1,1,0,7,CHERES (DES) (RTE),45.8927515501,4.7094513414,12,1,1
202100050065,112Â 250,B01,1,1,2,1,2,0,-1,0,0,-1,2021,31.0,2,1,0,2,7,1,5,,4,BOULEVARD DES CAPUCINES,0,,2,2,0,1,(1),(1),1,, -1,1,0,1,50,26,2,2021,08:25,1,75,75102,2,2,0,2,BOULEVARD DES CAPUCINES,48.87097,2.33415,8,2,2
202100000799,200Â 288,B01,2,2,2,5,2,-1,-1,0,0,-1,2021,16.0,1,1,0,2,1,1,1,,3,1,0,,2,2,0,1,13,440,1,,4,2,5,1,50,29,12,2021,15:50,2,86,86007,2,2,0,3,D1,46.853705,0.53597,15,4,2
202100016739,171Â 698,A01,10,3,2,3,8,-1,-1,9,9,1,2021,87.0,3,2,0,1,6,4,0,,6,,0,,-1,-1,0,1,(1),(1),1,,4,1,6,8,30,24,9,2021,16:40,1,78,78683,2,1,0,6,6 Route de Saint-Germain,48.809746,1.882959,16,2,1
202100017749,169Â 897,A01,10,3,1,3,0,-1,-1,1,3,2,2021,64.0,3,2,0,1,2,26,1,,6,,0,,-1,-1,0,1,(1),(1),3,,4,1,9,6,-1,22,9,2021,08:16,1,70,70026,2,9,0,6,8 Place Aristide Briand,47.455795,5.588018,8,2,1
202100045162,121Â 004,A01,1,1,2,0,2,0,-1,-1, -1,-1,2021,32.0,1,1,0,2,1,1,1,,3,912,0,,3,2,0,1,0,0,1,, -1,1,0,1,50,4,4,2021,12:36,1,92,92024,2,2,0,3,VICTOR HUGO (BD),48.90084,2.31595,12,2,2
202100047579,116Â 717,A01,1,1,2,1,1,-1,-1,0,0,-1,2021,26.0,0,2,13,0,2,1,1,,3,79,-1,,2,2,0,1,2,750,2,, -1,2,0,3,-1,18,3,2021,21:45,3,60,60148,1,1,1,7,D79,49.098979,2.853034,21,1,1
202100009616,184Â 513,A01,1,1,2,1,2,0,-1,0,0,-1,2021,32.0,1,0,0,2,2,1,3,,4,PLACE DU MARECHAL JUIN,0,,1,4,1,1,(1),(1),2,, -1,1,-1,5,30,3,11,2021,19:45,5,75,75117,2,7,0,3,PLACE DU MARECHAL JUIN,48.884552,2.297714,19,2,2
202100019294,167Â 147,A01,1,1,2,0,1,-1,-1,0,0,-1,2021,63.0,1,2,3,0,9,14,1,,3,,-1,,2,2,0,1,(1),(1),2,,5,1,2,4,50,13,9,2021,16:45,1,59,59481,2,1,1,6,D 2934,50.251136,3.636099,16,1,1
202100027176,153Â 136,A01,1,1,2,5,1,-1,-1,-1,0,-1,2021,20.0,2,2,3,0,1,13,1,,1,AUTOROUTE A15,0,,3,8,0,1,8,100,1,, -1,2,0,1,50,25,7,2021,15:00,1,95,95582,1,1,1,6,A15,48.9642700298,2.2623306513,15,1,1
202100051760,109Â 183,A01,1,1,1,5,1,-1,-1,0,0,-1,2021,26.0,2,2,0,2,1,2,1,,2,70,0, -,3,4,0,1,5,900,1,, -1,1,0,1,110,12,2,2021,19:00,3,71,71439,1,1,0,2,RN70 PK 5+900,46.4818011122,4.1469568581,19,2,2
202100017599,170Â 163,A01,10,3,2,3,0,-1,-1,3,3,1,2021,17.0,1,1,0,1,1,17,1,,4,DOUMER (BOULEVARD PAUL),0,,2,2,0,2,(1),(1),1,, -1,1,0,1,50,21,9,2021,07:45,2,6,6030,2,1,0,6,DOUMER (BOULEVARD PAUL),43.567688,7.015645,7,2,1
202100008952,185Â 715,B01,1,1,2,5,1,-1,-1,-1, -1,-1,2021,20.0,2,2,0,2,4,1,1,,7,RN 12 (PEN AR CH'LEUZ A PONT DESFOSSES),0,,2,4,0,1,73,700,1,, -1,2,0,1,90,7,11,2021,18:50,5,29,29019,1,1,1,4,D112 - Pen Ar Chleuz,48.416,-4.47925,18,5,3
202100025721,155Â 710,B01,1,1,1,5,2,0,-1,-1, -1,-1,2021,30.0,2,1,0,2,1,1,1,,3,NOIRE (ALLEE),0,,-1,0,0,1,1,720,1,, -1,1,5,1,50,30,6,2021,23:35,4,78,78640,1,2,0,3,NOIRE (ALLEE),48.79576,2.18113,23,5,2
202100046101,119Â 354,A01,1,1,2,0,1,0,-1,-1, -1,-1,2021,54.0,3,2,0,2,1,1,1,,3,ATLANTIQUE  AVENUE DE L',0,,2,4,0,1,37,800,1,, -1,1,0,1,90,29,3,2021,14:20,1,49,49007,1,1,0,4,ATLANTIQUE  AVENUE DE L',47.4647447026,-0.5748203316,14,3,3
202100013332,177Â 917,B01,2,2,2,1,1,0,-1,-1, -1,-1,2021,38.0,1,2,0,2,1,2,1,,4,HOCHE,0,,1,1,0,1,0,0,1,, -1,1,9,1,50,14,10,2021,09:20,1,93,93029,2,2,0,3,HOCHE,48.92849,2.43045,9,4,2
202100049554,113Â 180,B01,1,1,1,1,2,-1,-1,0,0,-1,2021,38.0,1,1,0,2,1,17,5,,3,215,-1,,2,2,0,1,32,300,1,, -1,1,0,1,30,2,3,2021,16:55,1,77,77357,2,2,0,3,27 avenue du gÃ©nÃ©ral de gaulle,48.656227,3.078806,16,2,2
202100016443,172Â 237,A01,10,3,2,0,0,-1,-1,4,1,1,2021,21.0,1,2,0,1,2,13,1,,3,ACHILLE RENE BOISNEUF (RUE),0,,2,2,0,1,(1),(1),1,, -1,1,0,1,30,25,9,2021,18:30,5,971,97101,2,1,0,6,ACHILLE RENE BOISNEUF (RUE),16.26947,-61.50632,18,2,1
202100005930,191Â 193,B01,1,1,1,5,1,8,-1,-1, -1,-1,2021,18.0,1,2,0,2,4,23,1,,4,LANVEUR ( ET PL. DE ),0,,2,2,0,1,(1),(1),1,, -1,1,0,1,30,26,11,2021,14:50,1,56,56121,2,1,0,2,LANVEUR ( ET PL. DE ),47.7423464,-3.386911,14,2,2
202100042008,126Â 532,A01,1,1,1,4,2,-1,-1,0,0,-1,2021,29.0,0,1,0,2,1,1,1,,4,QUEBEC (RUE DE),0,,2,3,0,1,(1),(1),1,, -1,1,0,1,50,28,4,2021,20:00,1,80,80021,2,1,0,2,QUEBEC (RUE DE),49.87066,2.33292,20,2,2
202100044010,123Â 010,A01,10,3,1,5,0,-1,-1,3,3,2,2021,14.0,2,2,0,1,3,1,1,,7,MOULIN PREMIER (CHEMIN DU),0,,2,2,0,1,14,1200,1,, -1,1,0,1,70,14,4,2021,16:30,1,83,83069,1,1,0,6,MOULIN PREMIER (CHEMIN DU),43.122,6.153,16,2,1
202100002195,197Â 870,A01,1,1,1,5,1,-1,-1,0,0,-1,2021,80.0,2,2,0,2,1,13,1,,3,221,-1,D,2,2,0,2,1,640,1,, -1,1,0,1,80,20,12,2021,18:20,3,53,53185,1,1,0,3,Le Pre du Berry (Saint-Samson),48.473078,-0.195222,18,2,2
202100043315,124Â 235,A01,1,1,2,9,8,0,-1,-1, -1,-1,2021,56.0,0,1,0,2,8,1,5,,4,GAY-LUSSAC (RUE),0,,2,2,1,1,0,0,1,, -1,1,0,5,50,20,4,2021,18:35,1,68,68224,2,9,0,3,GAY-LUSSAC (RUE),47.74377,7.32933,18,2,2
202100052420,108Â 012,B01,1,1,1,2,8,0,-1,-1, -1,-1,2021,12.0,3,1,0,2,8,19,5,,4,BOLLARDIERE (RUE  GENERAL DE ),0,,2,2,0,2,(1),(1),1,, -1,2,0,1,30,4,2,2021,07:55,5,56,56121,2,1,1,3,BOLLARDIERE (RUE  GENERAL DE ),47.75527,-3.39175,7,2,2
202100047258,117Â 288,A01,1,1,1,5,2,0,-1,-1, -1,-1,2021,17.0,1,1,0,2,1,2,1,,4,SAVAR.(RUE JULIETTE),0,,2,2,0,1,1,0,1,, -1,1,0,1,50,20,3,2021,11:00,1,94,94028,2,2,0,2,Rue Juliette Savar,48.77803,2.46683,11,2,2
202100002155,197Â 935,A01,1,1,1,5,8,0,-1,0,0,-1,2021,25.0,1,1,12,0,2,14,3,,4,QUAI DE CONTI,0,,1,3,1,1,(1),(1),1,, -1,1,-1,5,30,19,12,2021,02:04,5,75,75106,2,3,0,6,QUAI DE CONTI,48.856431,2.339912,2,1,1
202100013856,176Â 930,A01,10,3,1,0,0,-1,-1,0,3,1,2021,41.0,3,3,0,1,2,1,3,,9,AVENUE DE HONHOUÃ,0,,-1,2,0,1,0,0,1,, -1,1,4,6,90,11,10,2021,16:27,1,38,38151,2,1,0,1,AVENUE DE HONHOUÃ,45.15169,5.70769,16,2,1
202100054627,104Â 142,A01,1,1,1,5,1,-1,-1,0,0,-1,2021,84.0,2,5,0,2,3,19,1,,3,214,-1,,-1,2,0,1,7,597,1,, -1,1,5,1,80,18,1,2021,16:05,1,63,63202,1,2,0,3,intersection D214 - D723,45.428937,3.193202,16,2,2
202100029567,148Â 939,A01,1,1,2,0,1,-1,-1,-1, -1,-1,2021,21.0,2,2,0,2,1,15,1,,4,THIERS                              (AV),0,,2,5,3,1,(1),(1),1,, -1,2,0,1,50,10,7,2021,21:25,5,69,69386,2,3,0,3,THIERS (AV),45.76629,4.86169,21,4,2
202100026131,154Â 984,A01,1,1,2,0,1,0,-1,0,0,-1,2021,20.0,1,2,0,2,7,12,1,,7,,-1,,1,3,3,1,(1),(1),1,, -1,1,-1,1,50,31,7,2021,12:20,1,54,54395,2,2,0,3,FOCH (AVENUE 2 A 16-1 A 7),48.6875855517,6.1707450449,12,2,2
202100039127,131Â 689,A01,1,1,2,0,0,8,-1,-1, -1,-1,2021,65.0,1,1,0,2,0,1,5,,4,ENDOUME (RUE D'),0,,2,2,0,4,(1),(1),1,, -1,1,0,1,50,20,5,2021,13:30,1,13,13207,2,2,0,3,ENDOUME (RUE D'),43.28611,5.36032,13,2,2
202100007213,188Â 861,B01,1,1,1,0,1,0,-1,0,0,-1,2021,34.0,3,2,0,2,9,1,1,,7,L INDUSTRIE (RUE DE),0,,2,2,0,1,(1),(1),1,, -1,1,0,1,50,17,11,2021,17:15,2,63,63164,2,1,0,4,L INDUSTRIE (RUE DE),45.82252,3.13895,17,3,3
202100035396,138Â 446,B01,1,1,1,5,1,-1,-1,0,0,-1,2021,64.0,1,2,0,2,2,1,1,,3,75,-1,D,2,2,0,1,1,400,1,, -1,1,0,1,80,11,6,2021,12:10,1,91,91135,1,1,1,3,D75,48.519056,2.464854,12,2,2
202100026916,153Â 603,A01,10,3,2,3,0,-1,-1,3,1,1,2021,18.0,3,2,0,1,3,1,1,,7,7,0,D,2,2,0,1,0,0,1,, -1,1,0,1,50,7,6,2021,17:45,1,13,13073,2,1,0,1,rue de la rÃ©publique,43.383976,5.570986,17,2,1
202100033973,141Â 036,A01,1,1,2,0,1,0,-1,-1, -1,-1,2021,52.0,1,2,0,2,4,26,1,,1,A7-Sens Marseille vers Lyon,0,,1,3,0,1,265,0,1,, -1,1,0,1,90,17,6,2021,18:54,1,13,13071,1,1,0,2,A7-Sens Marseille vers Lyon,43.41421,5.28016,18,4,2
202100017976,169Â 493,B01,1,1,1,5,8,0,-1,-1, -1,-1,2021,13.0,3,1,0,2,1,19,6,,3,HUIT-MAI 1945 (AVENUE DU),0,,-1,2,0,2,62,900,1,, -1,1,0,1,50,31,5,2021,17:15,1,38,38563,2,3,0,3,Avenue du 8 Mai 1945,45.37542,5.58078,17,2,2
202100005310,192Â 298,A01,1,1,2,5,2,0,-1,-1, -1,-1,2021,39.0,3,1,14,0,1,1,5,,4,PORTALIS (AVENUE JEAN),0,,2,0,3,1,(1),(1),1,, -1,1,9,6,30,1,12,2021,16:00,1,37,37261,2,1,0,7,PORTALIS (AVENUE JEAN),47.3668685424,0.6841135025,16,1,1
202100018223,169Â 031,A01,1,1,1,5,8,-1,-1,0,0,-1,2021,14.0,1,1,0,2,1,23,1,,3,949,0,D,2,2,0,2,0,0,1,, -1,1,0,1,50,18,9,2021,20:10,2,85,85158,2,3,0,1,3 Route de LuÃ§on,46.464926,-0.988888,20,2,2
202100050776,110Â 919,A01,1,1,1,5,2,6,-1,-1, -1,-1,2021,49.0,1,1,16,0,5,20,1,,4,CARNOT (R),0,,1,1,0,1,1,0,1,, -1,1,9,1,50,20,2,2021,14:20,1,94,94043,2,1,0,2,CARNOT (R),48.80874,2.36809,14,2,2
202100055652,102Â 378,A01,1,1,2,5,1,0,-1,-1, -1,-1,2021,46.0,1,2,13,0,2,26,1,,2,104,0,,1,2,0,1,8,899,1,, -1,1,0,8,90,10,1,2021,11:50,1,77,77249,1,1,0,7,RN104,48.7569149336,2.6153737307,11,2,1
202100054829,103Â 793,A01,1,1,1,1,0,-1,-1,0,0,-1,2021,22.0,1,2,0,2,7,1,1,,7,561,-1,,2,2,2,1,17,500,2,, -1,2,0,1,80,2,1,2021,16:40,1,13,13093,1,9,0,1,Route Departementale 561,43.691413,5.390328,16,3,2
202100022271,161Â 828,B01,3,2,2,5,3,1,-1,-1, -1,-1,2021,0.0,1,2,0,0,4,23,1,,3,D783 - Giratoire de Keramperu,0,,1,2,0,1,34,400,2,, -1,1,5,1,70,27,8,2021,19:15,1,29,29039,1,6,0,2,Giratoire de Keramperu,47.890004412,-3.9160032532,19,7,2
202100052969,107Â 035,A01,1,1,1,5,8,-1,-1,-1, -1,-1,2021,27.0,3,1,0,2,1,1,6,,7,GENAS (DE)                          (RO),0,,2,4,0,1,0,100,1,, -1,1,0,1,50,29,1,2021,16:50,1,69,69029,2,1,0,3,GENAS (DE) (RTE),45.7505605458,4.9099726557,16,2,2
202100045967,119Â 588,A01,1,1,1,1,2,6,-1,0,0,-1,2021,45.0,2,1,0,2,1,17,1,,4,PORTE DE SAINT CLOUD,0,,1,4,0,2,(1),(1),2,, -1,1,0,1,70,30,3,2021,17:10,1,75,75116,2,4,0,2,PORTE DE SAINT CLOUD,48.8350106635,2.2610386969,17,2,2
202100008716,186Â 155,B01,1,1,2,0,1,8,-1,-1, -1,-1,2021,30.0,1,2,0,2,1,1,1,,3,TOURNAI (ROUTE DE),0,,2,2,0,1,13,255,1,, -1,1,0,1,50,6,11,2021,10:05,1,59,59178,2,1,0,5,TOURNAI (ROUTE DE),50.3987427597,3.1178889424,10,5,3
202100050765,110Â 938,A01,1,1,1,5,2,8,-1,0,0,-1,2021,60.0,1,1,0,0,0,21,5,,4,AVENUE DE LA PORTE DE MONTMARTRE,0,,2,2,0,1,(1),(1),1,, -1,1,0,1,50,20,2,2021,17:10,1,75,75118,2,1,0,7,AVENUE DE LA PORTE DE MONTMARTRE,48.898453,2.336874,17,1,1
202100025657,155Â 818,B01,1,1,1,0,8,-1,-1,0,0,-1,2021,14.0,1,1,0,2,1,1,1,,3,6086,-1,D,2,2,0,1,1,100,1,, -1,1,0,1,50,22,7,2021,22:00,2,30,30202,2,1,0,1,Route d ArdÃ©che,44.272354,4.629611,22,2,2
202100029702,148Â 708,B01,1,1,1,5,6,2,9,0,0,-1,2021,58.0,1,1,0,2,7,2,1,,3,D943,0,D,2,2,0,1,(1),(1),1,, -1,1,0,1,80,11,7,2021,11:15,1,84,84118,1,1,0,5,dÃ©partementale D943,43.9429,5.377636,11,3,3
202100004784,193Â 227,B01,2,2,2,5,1,0,-1,-1, -1,-1,2021,14.0,0,2,1,2,1,1,1,,4,MARCEL RAULT,0,,2,1,0,1,0,0,1,, -1,2,0,1,50,3,12,2021,16:30,1,22,22360,2,1,1,1,MARCEL RAULT,48.4865047222,-2.741596341,16,5,2
202100012075,180Â 130,A01,1,1,1,4,1,5,-1,-1, -1,-1,2021,31.0,2,4,6,0,3,1,1,,4,AJOUX,0,,2,2,0,2,0,0,1,, -1,1,0,3,50,20,10,2021,07:55,5,92,92026,2,1,0,6,AJOUX,48.9013644757,2.2744864225,7,1,1
202100012409,179Â 523,A01,1,1,1,4,2,6,-1,-1, -1,-1,2021,39.0,1,1,0,2,1,1,1,,4,LIVRON (ROUTE DE),0,,2,2,0,2,0,1,1,, -1,1,0,1,50,18,10,2021,23:25,5,74,74298,2,3,0,3,LIVRON (ROUTE DE),46.18588,6.25155,23,2,2
202100003103,196Â 217,B01,1,1,2,5,1,0,-1,-1, -1,-1,2021,73.0,1,2,0,2,4,1,1,,3,BASQUE (AVENUE DU GRAND),0,,2,4,0,1,4,850,1,, -1,1,0,1,50,11,12,2021,19:35,5,64,64102,2,1,0,5,Avenue du Grand Basque,43.49096,-1.45406,19,5,3
202100015709,173Â 587,B01,1,1,2,0,1,0,-1,-1, -1,-1,2021,32.0,1,2,0,2,3,2,1,,1,A7-Sens Lyon vers Marseille,0,,1,0,0,1,275,0,1,, -1,1,0,1,90,1,10,2021,20:15,5,13,13215,1,1,0,2,A7-Sens Lyon vers Marseille,43.37062,5.36102,20,3,3
202100047407,117Â 030,B01,1,1,1,1,2,0,-1,-1, -1,-1,2021,31.0,0,1,0,2,1,2,1,,3,VICTOR HUGO (AVE)  => 120,0,,1,4,0,1,0,1,1,, -1,1,9,1,50,19,3,2021,19:00,5,93,93001,2,9,0,1,VICTOR HUGO (AVE)  => 120,48.9109855924,2.3792242828,19,2,2
202100046003,119Â 525,A01,1,1,1,5,1,-1,-1,0,0,-1,2021,20.0,2,2,2,0,8,26,1,,3,57,0,,2,2,0,2,31,800,1,, -1,1,0,3,80,31,3,2021,18:45,1,37,37123,1,1,0,6,Lieu Dit les Passetemps,47.3321846926,0.3985955168,18,3,1
202100019598,166Â 603,A01,1,1,1,5,6,2,-1,0,0,-1,2021,32.0,1,1,14,0,0,0,1,,4,887,0,,2,2,0,2,39,100,1,, -1,1,0,1,50,12,9,2021,02:30,5,29,29042,2,1,0,6,Boulevard de la France Libre,48.239773,-4.494476,2,1,1
202100055729,102Â 250,B01,2,2,2,5,1,-1,-1,0,0,-1,2021,72.0,2,2,0,0,1,1,1,,3,14E1,0,E,2,2,0,1,0,800,1,, -1,1,0,1,80,10,1,2021,12:30,1,17,17155,2,2,0,1,D14e1,45.727337,-1.090506,12,3,2
202100003030,196Â 366,A01,1,1,1,1,2,6,-1,0,0,-1,2021,21.0,1,1,0,0,8,15,1,,3,917,0,D,1,2,0,1,30,250,2,, -1,6,0,1,80,16,12,2021,08:30,2,59,59034,1,6,0,7,rue du moulin,50.542699,3.100998,8,1,1
202100042492,125Â 668,B01,1,1,1,1,2,6,-1,0,0,-1,2021,63.0,2,1,1,0,3,1,1,,2,JEAN JAURES ( AVENUE ),0,,2,2,0,1,39,300,1,, -1,1,0,1,50,23,4,2021,09:05,1,5,5061,2,1,0,5,JEAN JAURES ( AVENUE ),44.54791,6.06614,9,3,3
202100035905,137Â 510,A01,1,1,2,5,1,8,-1,-1, -1,-1,2021,65.0,2,2,15,0,1,14,1,,4,BLANKAERT  (RUE  JUDE ),0,,2,2,0,1,(1),(1),2,, -1,1,0,4,30,4,6,2021,15:20,1,56,56121,2,1,0,6,BLANKAERT  (RUE  JUDE ),47.76241,-3.39241,15,1,1
202100041437,127Â 534,B01,9,2,1,4,1,-1,-1,0,0,-1,2021,21.0,1,5,0,0,4,2,1,,2,102,-1,,2,2,0,1,71,200,1,, -1,1,8,1,80,4,5,2021,15:45,1,43,43117,1,1,0,4,RN 102,45.24353,3.448591,15,6,3
202100002540,197Â 241,A01,3,2,1,5,1,-1,-1,0,0,-1,2021,11.0,1,2,6,0,2,10,1,,3,237,3,E,2,2,0,1,0,450,1,, -1,1,0,1,80,19,12,2021,06:00,5,17,17336,1,1,0,7,4 Rue des Nourauds,45.777872,-0.723672,6,3,1
202100051825,109Â 068,A01,10,3,2,5,8,8,-1,3,3,1,2021,53.0,2,2,0,1,1,1,1,,4,RUE DE SAINT PETERSBOURG,0,,-1,2,0,1,(1),(1),1,, -1,1,0,1,50,11,2,2021,10:00,1,75,75108,2,3,0,6,RUE DE SAINT PETERSBOURG,48.879962,2.324144,10,2,1
202100021491,163Â 223,B01,1,1,2,0,1,0,-1,-1, -1,-1,2021,54.0,2,2,1,0,4,23,1,,4,HIPPOLYTE MARQUES (BD),0,,1,1,0,1,1,0,1,, -1,1,0,1,50,1,9,2021,17:50,1,94,94041,2,1,0,4,HIPPOLYTE MARQUES (BD),48.81799,2.36945,17,3,3
202100039347,131Â 268,B01,1,1,2,5,1,-1,-1,0,0,-1,2021,47.0,2,2,0,2,1,1,1,,3,936,0,,2,2,3,1,1,600,3,, -1,2,0,1,50,15,5,2021,19:00,1,65,65235,2,9,0,1,Rue du Marechal Foch,43.199486,0.01479,19,4,2
202100001725,198Â 704,A01,10,3,1,1,0,-1,-1,3,3,1,2021,45.0,1,2,0,1,1,16,1,,3,SABLONS (RUE DES),0,,-1,2,0,1,48,440,1,, -1,1,9,1,50,21,12,2021,12:25,1,27,27701,1,3,0,6,SABLONS (RUE DES),49.25014,1.23583,12,2,1
202100009466,184Â 787,A01,1,1,2,5,2,6,-1,0,0,-1,2021,43.0,1,1,0,0,7,1,1,,4,RUE DE ROME,0,,2,4,0,2,(1),(1),1,, -1,2,0,1,30,4,11,2021,20:15,5,75,75108,2,2,1,7,RUE DE ROME,48.878059,2.322628,20,1,1
202100014943,174Â 993,B01,2,2,2,0,1,-1,-1,-1, -1,-1,2021,31.0,1,2,0,2,4,1,1,,1,A43   0.550 A 3.353,0,,3,5,3,1,1,500,1,, -1,2,0,1,70,16,7,2021,22:30,3,69,69029,1,1,1,2,A43   0.550 A 3.353,45.72873,4.89967,22,3,2