Num_Acc,id_vehicule,num_veh,place,catu,sexe,trajet,secu1,secu2,secu3,locp,actp,etatp,year_acc,victim_age,senc,catv,obs,obsm,choc,manv,motor,occutc,catr,voie,v1,v2,circ,nbv,vosp,prof,pr,pr1,plan,lartpc,larrout,surf,infra,situ,vma,jour,mois,an,hrmn,lum,dep,com,agg_,int,atm,col,adr,lat,long,hour,nb_victim,nb_vehicules
202100021408,163Â 382,A01,10,3,2,3,0,-1,-1,1,3,1,2021,73.0,1,1,0,1,1,1,1,,4,BOULEVARD PASTEUR,0,,2,2,2,1,(1),(1),1,, -1,2,0,1,50,6,5,2021,09:08,1,44,44109,2,1,1,6,BOULEVARD PASTEUR,47.2136,-1.58405,9,2,1
202100029403,149Â 221,B01,1,1,1,0,1,0,-1,-1, -1,-1,2021,21.0,2,2,0,2,4,1,1,,2,RN 118,0,,1,2,0,2,3,299,1,, -1,2,0,1,90,12,7,2021,15:00,1,91,91064,1,1,1,2,RN 118,48.74998,2.205,15,2,2
202100021364,163Â 464,B01,1,1,1,3,0,-1,-1,0,0,-1,2021,95.0,3,1,0,2,0,1,5,,4,,-1,,-1,2,1,1,(1),(1),2,,4,1,0,1,50,3,9,2021,10:14,1,40,40046,2,6,0,3,Avenue Henri Guillaumet,44.390441,-1.166214,10,2,2
202100007703,187Â 985,A01,2,2,1,4,1,-1,-1,0,0,-1,2021,58.0,1,4,0,0,1,15,1,,3,14,0,D,2,2,0,1,6,0,1,,4,1,0,1,80,17,11,2021,15:30,1,22,22255,1,2,0,1,D14,48.190925,-2.646278,15,3,2
202100054194,104Â 877,A01,1,1,1,0,8,0,-1,-1, -1,-1,2021,27.0,1,1,0,2,1,18,1,,3,THONON (ROUTE DE),0,,2,4,0,1,34,750,1,, -1,1,0,1,50,20,1,2021,16:42,1,74,74012,2,3,0,1,THONON (ROUTE DE),46.1974,6.26699,16,2,2
202100040855,128Â 604,B01,4,2,2,5,1,-1,-1,-1, -1,-1,2021,8.0,2,2,4,2,3,1,1,,1,A43   3.865 A 9.894,0,,3,6,0,1,6,400,1,, -1,1,0,1,90,30,4,2021,17:00,1,69,69290,1,1,0,3,A43   3.865 A 9.894,45.7086517078,4.9541687965,17,3,2
202100049237,113Â 745,A01,2,2,2,0,2,8,-1,-1, -1,-1,2021,49.0,1,1,0,2,7,17,1,,4,GOLBERY (PLACE),0,,2,2,0,1,0,0,1,, -1,9,0,1,30,3,3,2021,20:35,5,67,67482,2,3,0,3,GOLBERY (PLACE),48.58734,7.76641,20,3,2
202100055888,101Â 976,A01,1,1,2,1,1,0,-1,-1, -1,-1,2021,28.0,1,2,0,2,7,1,1,,4,624,0,,3,5,0,1,0,0,2,, -1,2,0,1,50,6,1,2021,06:50,1,988,98818,2,1,1,3,AVENUE DE LA VICTOIRE H. LAFLEUR,-22.27492,166.43901,6,2,2
202100021166,163Â 828,B01,1,1,1,0,0,-1,-1,0,0,-1,2021,22.0,3,1,0,2,1,5,0,,4,0,0,A,1,1,0,1,(1),(1),2,, -1,1,0,1,20,3,9,2021,16:27,1,971,97122,2,1,0,1,Pichon,16.420731,-61.472604,16,2,2
202100049973,112Â 423,A01,1,1,1,5,2,6,-1,-1, -1,-1,2021,30.0,2,1,0,2,1,2,1,,2,RN 118,0,,3,4,0,2,12,295,1,, -1,1,0,1,90,27,2,2021,14:00,1,91,91471,1,1,0,2,RN 118,48.69536,2.19254,14,2,2
202100055424,102Â 780,A01,2,2,1,5,1,0,-1,-1,0,-1,2021,23.0,2,2,4,0,2,14,1,,2,104,0,,1,1,0,2,24,600,2,, -1,2,3,1,50,12,1,2021,20:00,3,95,95212,1,1,1,6,RN 104,49.02871,2.52688,20,2,1
202100018590,168Â 406,A01,10,3,2,0,0,-1,-1,0,9,1,2021,65.0,0,1,0,1,4,26,5,,4,MONNET  AVENUE JEAN,0,,2,2,1,1,(1),(1),1,, -1,1,-1,5,20,16,9,2021,11:45,1,17,17291,2,1,0,6,MONNET  AVENUE JEAN,46.1803,-1.12424,11,2,1
202100023636,159Â 374,A01,2,2,2,5,1,-1,-1,0,0,-1,2021,45.0,3,2,2,9,1,0,1,,4,1,0,A,2,2,0,2,(1),(1),2,, -1,1,0,1,50,19,8,2021,11:40,1,41,41095,1,1,0,6,Route du Plessis,47.895225,1.200606,11,2,1
202100043493,123Â 917,A01,9,2,1,9,1,3,-1,0,0,-1,2021,0.0,1,2,2,0,1,13,1,,3,901,0,D,2,2,0,1,13,50,1,, -1,1,0,3,80,20,4,2021,12:43,1,80,80754,1,1,0,6,D901,49.818278,1.958452,12,5,1
202100031513,145Â 431,A01,2,2,2,5,1,-1,-1,0,0,-1,2021,70.0,2,2,13,0,1,15,1,,3,47,0,,2,2,0,2,3,620,2,, -1,1,0,3,50,14,6,2021,14:45,1,73,73326,2,3,0,7,RD 47 Route des Perriers,45.5474111838,5.8745634556,14,2,1
202100002987,196Â 437,A01,10,3,2,0,0,-1,-1,3,3,1,2021,73.0,1,2,0,1,1,1,1,,3,559,-1,,2,2,0,1,76,400,1,, -1,1,0,1,50,15,12,2021,16:33,2,83,83036,2,1,0,6,Parc de Cavalaire,43.180756,6.536919,16,2,1
202100003159,196Â 116,B01,1,1,2,1,8,0,-1,0,0,-1,2021,48.0,2,1,0,2,8,1,5,,4,BOULEVARD LEFEBVRE,0,,2,4,1,2,(1),(1),1,, -1,1,-1,5,30,13,12,2021,17:04,5,75,75115,2,1,0,3,BOULEVARD LEFEBVRE,48.828121,2.303731,17,2,2
202100016610,171Â 947,A01,1,1,2,5,1,0,-1,-1, -1,-1,2021,20.0,2,2,0,2,4,2,1,,1,AUTOROUTE A86,0,,3,1,0,2,18,799,1,, -1,1,1,1,50,27,9,2021,18:15,1,93,93029,1,1,0,6,AUTOROUTE A86,48.91405,2.43355,18,1,1
202100029161,149Â 622,A01,10,3,2,1,0,-1,-1,3,3,1,2021,24.0,2,1,0,1,1,1,5,,4,AVENUE DU TRONE,0,,3,3,1,1,(1),(1),1,, -1,2,0,5,30,13,7,2021,17:35,1,75,75111,2,7,1,6,AVENUE DU TRONE,48.848245,2.397512,17,2,1
202100011091,181Â 902,A01,1,1,2,0,1,-1,-1,-1, -1,-1,2021,43.0,1,2,0,2,1,2,1,,4,AVE DE L'HIPPODROME,0,,1,1,0,1,(1),(1),1,, -1,2,0,1,30,25,10,2021,19:00,5,33,33069,2,1,1,2,AVE DE L'HIPPODROME,44.87542,-0.62473,19,3,2
202100055150,103Â 235,A01,1,1,2,0,1,0,-1,-1, -1,-1,2021,20.0,2,2,0,2,2,9,1,,2,DELGRES ( BOULEVARD ),0,,1,1,0,2,(1),(1),2,, -1,1,0,1,50,12,1,2021,19:30,5,971,97107,2,3,0,3,PAUL LACAVE ( AVENUE ),16.04211,-61.56556,19,2,2
202100011179,181Â 749,A01,2,2,1,5,2,6,-1,-1, -1,-1,2021,28.0,1,1,0,0,0,16,1,,1,Tunnel Prado CarÃ©nage,0,,1,1,0,1,2,960,3,, -1,1,1,1,50,24,10,2021,23:10,5,13,13207,1,1,0,7,Tunnel Prado CarÃ©nage,43.29116,5.36629,23,2,1
202100044332,122Â 425,A01,1,1,1,0,2,6,-1,0,0,-1,2021,15.0,2,1,2,0,2,1,1,,3,901,-1,,2,2,0,2,28,50,1,, -1,1,0,3,50,13,4,2021,18:10,1,7,7334,2,1,0,6,RD 901 - LES CONCHETTES,44.405527,4.122931,18,1,1
202100035273,138Â 653,B01,1,1,1,0,2,6,-1,-1, -1,-1,2021,35.0,0,1,0,2,2,1,1,,4,EISENHOWER (AVENUE DU GENERAL),0,,2,4,0,1,2,0,1,, -1,1,8,1,50,9,6,2021,18:25,1,31,31555,2,1,0,3,EISENHOWER (AVENUE DU GENERAL),43.55994,1.39488,18,2,2
202100044338,122Â 414,B01,1,1,1,4,1,-1,-1,0,0,-1,2021,27.0,1,5,0,9,1,17,1,,1,40,0,,1,2,0,2,142,700,1,, -1,1,0,1,130,13,4,2021,11:00,1,1,1273,1,1,0,6,A40,46.077069,5.360894,11,2,2
202100039095,131Â 751,A01,1,1,1,0,2,6,-1,-1, -1,-1,2021,16.0,3,1,0,2,1,15,1,,4,CAMOUSEIGT (ALLEE DE),0,,2,2,0,1,0,0,1,, -1,2,9,1,30,19,5,2021,12:25,1,64,64024,2,1,1,3,CAMOUSEIGT (ALLEE DE),43.48437,-1.51829,12,3,2
202100001876,198Â 441,C01,1,1,2,1,1,0,-1,0,0,-1,2021,42.0,2,2,0,2,4,2,1,,2,C CIAL LES LONGS CHAMPS,0,,3,4,0,1,23,0,1,, -1,1,0,2,90,21,12,2021,18:00,3,35,35238,1,1,0,4,N136,48.14043,-1.63685,18,9,5
202100050137,112Â 107,B01,1,1,1,1,1,0,-1,-1, -1,-1,2021,39.0,2,2,0,2,4,1,1,,1,86,0,,3,4,0,1,2,700,1,, -1,1,0,1,90,26,2,2021,11:45,1,92,92025,1,1,0,2,A86,48.92046,2.2249,11,2,2
202100014790,175Â 273,B01,1,1,1,5,2,6,-1,-1, -1,-1,2021,17.0,1,1,0,2,7,1,1,,4,REPUBLIQUE (DE LA),0,,2,2,0,1,(1),(1),1,, -1,2,0,1,50,4,10,2021,07:40,1,60,60382,2,3,0,3,Rue de la RÃ©publique,49.428575,2.821448,7,2,2
202100002143,197Â 957,A01,1,1,1,5,2,0,-1,0,0,-1,2021,30.0,3,0,12,0,0,1,3,,4,RUGBY (RUE DE),0,,-1,0,0,1,(1),(1),1,, -1,1,0,4,20,19,12,2021,14:50,1,27,27229,2,1,0,7,RUGBY (RUE DE),49.00784,1.15618,14,1,1
202100031952,144Â 629,A01,1,1,1,9,2,0,-1,0,0,-1,2021,60.0,2,1,0,2,5,2,5,,4,RUE DES TROIS BORNES,0,,1,1,2,2,(1),(1),1,, -1,1,0,1,50,27,6,2021,21:10,1,75,75111,2,3,0,2,RUE DES TROIS BORNES,48.866188,2.371229,21,2,2
202100000197,201Â 387,A01,10,3,1,2,0,-1,-1,5,2,1,2021,17.0,1,2,1,1,1,25,1,,4,BRANLY BOULEVARD EDOUARD,0,,2,0,0,1,(1),(1),1,, -1,1,0,4,30,7,6,2021,07:40,1,85,85191,2,1,0,6,Boulevard Ãdouard Branly,46.67466,-1.44161,7,2,1
202100020514,164Â 966,A01,10,3,2,5,0,-1,-1,4,3,1,2021,21.0,3,2,0,1,2,1,1,,4,ARRAS RUE D,0,,2,2,0,1,(1),(1),1,, -1,1,0,1,50,6,9,2021,18:30,1,59,59350,2,1,0,6,ARRAS RUE D,50.62059,3.06566,18,2,1
202100026795,153Â 827,B01,1,1,1,1,2,0,-1,-1, -1,-1,2021,34.0,1,1,0,2,3,1,5,,4,AUGUSTE BLANQUI    (Avenue),0,,1,1,2,1,(1),(1),1,, -1,1,0,5,50,27,7,2021,13:45,1,69,69266,2,1,0,3,AUGUSTE BLANQUI (AV),45.7627918033,4.8846656306,13,2,2
202100018345,168Â 833,A01,1,1,1,5,1,0,-1,0,0,-1,2021,83.0,1,2,1,0,1,1,2,,4,MON DESERT (RUE),0,,1,2,0,1,(1),(1),1,, -1,1,0,1,50,12,9,2021,16:20,1,54,54395,2,1,0,6,MON DESERT (RUE),48.68361,6.17474,16,1,1
202100022110,162Â 104,B01,1,1,1,4,2,0,-1,0,0,-1,2021,29.0,1,1,0,2,2,17,1,,4,AVENUE DE LA PORTE DE MONTMARTRE,0,,2,2,0,1,(1),(1),1,, -1,1,0,1,30,28,8,2021,00:35,5,75,75118,2,3,0,3,AVENUE DE LA PORTE DE MONTMARTRE,48.8989914368,2.3363882227,0,2,2
202100034050,140Â 896,B01,1,1,1,0,0,0,-1,-1, -1,-1,2021,35.0,1,1,0,0,6,2,5,,4,FEBVRIER JACQUES PLACE,0,,2,2,0,1,(1),(1),3,, -1,1,0,1,30,16,6,2021,14:55,1,59,59350,2,6,0,3,FEBVRIER JACQUES PLACE,50.61785,3.06111,14,4,2
202100054249,104Â 787,A01,1,1,1,9,1,8,-1,0,0,-1,2021,82.0,2,2,11,0,2,1,1,,4,RUE BEAUBOURG,0,,1,3,3,1,(1),(1),1,, -1,2,0,1,50,21,1,2021,17:50,5,75,75103,2,1,1,6,RUE BEAUBOURG,48.862421,2.354131,17,1,1
202100006040,190Â 997,A01,7,2,1,5,1,-1,-1,0,0,-1,2021,24.0,2,2,0,2,1,13,1,,3,4,-1,,2,2,0,2,9,400,1,, -1,2,0,1,80,28,11,2021,06:30,3,14,14371,1,1,1,1,D4,48.995032,0.33574,6,4,2
202100019617,166Â 573,B01,1,1,1,5,1,-1,-1,-1, -1,-1,2021,27.0,2,2,0,2,4,1,1,,4,MARC BLOCH                          (R ),0,,1,4,2,1,(1),(1),1,, -1,1,0,1,50,19,7,2021,04:30,5,69,69387,2,1,0,2,MARC BLOCH (R),45.74698,4.8459,4,2,2
202100006876,189Â 487,A01,2,2,2,0,1,-1,-1,0,0,-1,2021,88.0,1,2,0,2,1,13,1,,3,754,0,,2,2,0,2,16,449,1,, -1,1,0,1,50,22,11,2021,18:15,2,85,85071,1,3,0,1,rd 754,46.768734,-1.829926,18,3,2
202100009800,184Â 176,A01,1,1,2,5,2,6,-1,0,0,-1,2021,46.0,2,1,0,2,7,12,1,,4,BOULEVARD PERIPHERIQUE,0,,1,4,0,1,(1),(1),1,, -1,1,1,1,70,31,10,2021,02:45,5,75,75116,2,4,0,3,BOULEVARD PERIPHERIQUE,48.840349,2.253882,2,2,2
202100009619,184Â 510,A01,1,1,1,5,2,8,-1,0,0,-1,2021,18.0,1,1,0,2,1,2,1,,4,AVENUE DE NEW YORK,0,,1,1,0,1,(1),(1),1,, -1,2,0,1,30,31,10,2021,04:50,5,75,75116,2,3,1,2,AVENUE DE NEW YORK,48.862109,2.293266,4,3,2
202100027848,151Â 939,B01,1,1,1,5,2,6,-1,0,0,-1,2021,24.0,2,1,1,2,5,17,1,,3,906,0,,2,2,0,1,83,940,1,,4,1,0,1,50,20,7,2021,22:30,5,71,71150,2,3,0,2,1049 Route Nationale 6,46.241457,4.787083,22,2,2
202100023608,159Â 437,B01,2,2,1,5,8,0,-1,0,0,-1,2021,19.0,0,2,0,0,6,24,1,,4,GEORGES POMPIDOU ( BD),0,,3,3,0,2,0,1,1,, -1,1,0,1,50,16,8,2021,11:15,1,5,5061,2,1,0,2,GEORGES POMPIDOU ( BD),44.55507,6.076451,11,3,2
202100046574,118Â 520,B01,1,1,2,5,1,0,-1,-1, -1,-1,2021,66.0,2,2,0,2,1,1,1,,4,SAINTE ANNE (RUE DE),0,,2,2,0,1,0,0,1,, -1,2,0,1,50,25,3,2021,10:15,1,87,87085,2,3,1,3,SAINTE ANNE (RUE DE),45.81758,1.27428,10,2,2
202100038255,133Â 267,A01,8,2,2,2,0,-1,-1,0,0,-1,2021,18.0,1,3,6,0,2,19,1,10.0,3,611,-1,,2,2,0,1,1,0,3,, -1,1,5,8,50,27,5,2021,07:20,1,74,74065,2,3,0,6,307 route de saint jean,46.036003,5.955448,7,8,1
202100041419,127Â 567,A01,1,1,2,1,1,0,-1,-1, -1,-1,2021,37.0,1,2,0,2,2,1,1,,4,COTTAGE RUE DU,0,,2,2,0,2,1,0,1,, -1,2,0,1,50,4,5,2021,08:30,1,93,93015,2,2,0,3,COTTAGE RUE DU,48.91,2.56,8,2,2
202100020485,165Â 019,B01,1,1,1,1,1,-1,-1,-1, -1,-1,2021,55.0,2,2,0,2,4,2,0,,4,POINT DU JOUR (DU)                  (IM),0,,2,2,0,1,(1),(1),1,, -1,1,0,1,50,6,9,2021,18:40,1,69,69385,2,1,0,2,POINT DU JOUR (DU) (IMP),45.7565377167,4.7983662082,18,2,2
202100028929,150Â 021,A01,1,1,1,9,0,-1,-1,0,0,-1,2021,34.0,1,1,0,2,1,13,5,,3,26,0,A,2,2,0,2,19,60,1,, -1,1,0,1,50,6,7,2021,13:20,1,78,78380,2,1,0,1,Rue d OrlÃ©ans,48.907703,1.849796,13,2,2
202100055639,102Â 399,A01,10,3,1,2,0,-1,-1,3,3,1,2021,15.0,2,2,0,1,3,1,1,,3,351,0,,2,2,0,1,4,930,3,, -1,1,0,1,50,11,1,2021,07:47,2,68,68348,2,6,0,6,Rue Pienoz Kachler,47.801564,7.117317,7,2,1
202100003627,195Â 266,A01,10,3,2,4,0,-1,-1,2,3,1,2021,52.0,1,2,0,1,1,1,1,,4,NANCY (RUE DE ),0,,1,1,0,1,0,0,2,, -1,2,0,1,30,10,12,2021,14:15,1,57,57487,2,1,1,6,NANCY (RUE DE ),49.104766,6.1085519,14,2,1
202100040580,129Â 081,A01,1,1,1,4,1,0,-1,-1, -1,-1,2021,54.0,2,3,0,2,1,2,1,1.0,1,AUTOROUTE A6,0,,2,5,0,1,10,500,1,, -1,1,0,1,110,10,5,2021,12:30,1,91,91689,1,1,0,4,AUTOROUTE A6,48.72925,2.31412,12,5,5
202100000851,200Â 215,A01,10,3,1,0,0,-1,-1,3,3,1,2021,53.0,2,5,0,1,3,1,1,,3,WILSON BOULEVARD,0,,3,2,2,1,30,35,1,, -1,2,0,1,50,29,12,2021,18:35,5,73,73008,2,1,1,6,D991 - 78 WILSON BOULEVARD,45.69081,5.90933,18,2,1
202100031006,146Â 312,B01,1,1,1,0,8,0,-1,-1, -1,-1,2021,16.0,0,1,0,2,0,19,5,,3,D68,0,,2,2,1,1,68,495,1,, -1,1,-1,1,50,25,6,2021,14:05,1,71,71118,1,1,0,3,,46.7982525382,4.8007827081,14,2,2
202100047646,116Â 587,A01,1,1,1,4,2,6,-1,0,0,-1,2021,33.0,2,1,0,2,1,3,1,,4,PORTE D ISSY,0,,1,4,0,1,10,0,1,, -1,1,0,1,70,17,3,2021,13:30,1,75,75115,2,1,0,2,PORTE D ISSY,48.83478,2.266797,13,2,2
202100018029,169Â 400,Z01,10,3,2,9,0,-1,-1,2,9,1,2021,41.0,1,2,0,1,4,4,1,,4,RUE LA FAYETTE,0,,2,4,0,1,(1),(1),1,, -1,1,8,1,30,19,9,2021,09:52,1,75,75110,2,2,0,6,RUE LA FAYETTE,48.879475,2.357726,9,2,1
202100005130,192Â 608,B01,1,1,1,0,1,0,-1,-1, -1,-1,2021,77.0,3,1,1,0,1,1,5,,3,986,0,,2,2,0,1,0,0,1,, -1,1,0,1,50,1,2,2021,12:30,1,92,92025,2,1,0,6,AGENT SARRE (AV DE L'),48.924687,2.265883,12,2,2
202100001864,198Â 465,A01,1,1,1,5,2,8,-1,-1, -1,-1,2021,40.0,1,1,16,0,0,1,1,,3,162,0,,2,2,0,1,6,300,1,, -1,1,0,1,70,18,12,2021,18:10,5,56,56162,2,1,0,7,DOUAR GUENN,47.7382951,-3.4561872,18,1,1
202100027312,152Â 906,A01,1,1,1,1,1,-1,-1,-1,0,-1,2021,47.0,1,2,0,2,1,1,1,,1,AUTOROUTE A15,0,,3,8,0,1,20,399,2,, -1,1,0,1,90,24,7,2021,10:00,1,95,95572,1,1,0,2,A15,49.02817,2.12829,10,2,2
202100036254,136Â 876,B01,1,1,1,5,1,0,-1,0,0,-1,2021,21.0,1,2,0,2,1,1,1,,2,ROUTE NATIONALE 814,0,,1,1,0,3,1,0,1,, -1,1,0,1,50,5,6,2021,11:43,1,14,14118,2,2,0,3,D401,49.195848537,-0.39623,11,2,2
202100006437,190Â 289,A01,10,3,1,0,0,-1,-1,4,3,1,2021,69.0,2,5,0,1,1,9,1,,3,SAINTONGE AVENUE DE,0,,2,2,0,1,81,667,1,, -1,1,0,1,50,24,11,2021,15:50,1,17,17449,2,1,1,6,SAINTONGE AVENUE DE,45.95033,-0.89643,15,2,1
202100033403,142Â 059,B01,2,2,2,5,1,8,-1,-1, -1,-1,2021,49.0,1,2,0,2,1,21,1,,3,DÃ©partementale 811 (entre Cahors et Merc,0,,3,2,0,1,1,500,1,, -1,2,0,1,80,19,6,2021,19:35,1,46,46042,1,1,1,1,DÃ©partementale 811 (entre Cahors et Merc,44.478126,1.422309,19,3,2
202100023528,159Â 582,B01,10,3,1,0,0,-1,-1,1,1,1,2021,67.0,1,0,0,1,0,0,0,,2,RN,0,,3,2,0,1,12,743,1,, -1,1,0,1,110,20,8,2021,06:20,2,77,77153,1,1,0,6,N2,49.054504,2.699389,6,2,1
202100001834,198Â 519,A01,1,1,1,9,2,-1,-1,-1, -1,-1,2021,66.0,1,1,0,2,1,1,1,,3,CABASSOU (ROUTE DE),0,,2,2,2,1,0,800,3,, -1,2,0,1,50,21,12,2021,16:50,1,973,97302,2,1,1,2,CABASSOU (ROUTE DE),4.91843,-52.31543,16,2,2
202100003709,195Â 121,A01,10,3,1,0,0,-1,-1,6,1,2,2021,20.0,3,2,1,1,1,9,1,,7,,0,,2,2,0,1,(1),(1),3,, -1,1,0,1,50,9,12,2021,23:54,5,6,6027,2,1,0,2,CANNES AVENUE DE (RN7),43.649713,7.140623,23,4,2
202100000144,201Â 486,A01,2,2,2,5,1,-1,-1,-1,0,-1,2021,18.0,2,2,0,2,1,1,1,,1,AUTOROUTE A115,0,,3,4,0,2,1,0,1,, -1,1,0,1,70,31,12,2021,11:50,1,95,95582,1,1,0,2, A115,48.9805714086,2.2409024835,11,3,2
202100021773,162Â 708,B01,1,1,1,5,0,-1,-1,-1, -1,-1,2021,22.0,2,1,0,2,4,15,3,,3,ALENCON (RUE D'),0,,2,2,0,1,7,175,1,, -1,1,0,1,50,30,8,2021,08:15,1,61,61117,2,2,0,2,ALENCON (RUE D'),48.43564,0.04888,8,2,2
202100034263,140Â 496,A01,1,1,1,0,2,8,-1,-1, -1,-1,2021,58.0,2,1,13,0,1,21,1,,4,VENDEE (RUE DE LA ),0,,2,2,0,1,0,0,1,, -1,1,0,3,50,14,6,2021,13:50,1,49,49099,2,1,0,7,VENDEE (RUE DE LA ),47.054009,-0.890015,13,1,1
202100007485,188Â 376,A01,2,2,1,5,2,6,-1,0,0,-1,2021,18.0,1,1,13,0,1,1,1,,3,150,-1,,2,2,0,2,32,150,4,,"4,6",1,0,3,80,19,11,2021,05:00,3,79,79103,1,1,0,6,La Guinaire,46.761598,-0.569465,5,2,1
202100024545,157Â 787,A01,1,1,1,0,8,0,-1,-1, -1,-1,2021,35.0,2,1,0,2,3,19,5,,4,MARNE (DE LA),0,,2,2,0,1,0,0,1,, -1,1,0,1,50,12,8,2021,21:05,1,2,2738,2,2,0,3,MARNE (DE LA),49.662967,3.289097,21,2,2
202100030684,146Â 907,A01,2,2,1,5,1,-1,-1,-1,0,-1,2021,18.0,1,2,14,0,1,14,1,,1,AUTOROUTE A1,0,,3,6,0,1,29,600,1,, -1,2,0,1,130,5,7,2021,03:30,3,95,95604,1,1,1,6, A1,49.103547,2.551039,3,2,1
202100044001,123Â 025,B01,1,1,1,0,8,0,-1,-1, -1,-1,2021,21.0,2,1,0,2,5,0,0,,4,PATELIN (chemin),0,,2,2,0,2,0,0,1,, -1,2,0,1,50,14,4,2021,20:00,3,974,97409,2,1,1,2,PATELIN (chemin),-20.97308,55.68542,20,2,2
202100033049,142Â 666,B01,1,1,2,0,8,-1,-1,-1, -1,-1,2021,22.0,2,1,0,2,1,25,5,,4,BALUE (RUE DE LA),0,,2,3,0,2,(1),(1),1,, -1,1,0,4,50,18,6,2021,18:00,1,35,35288,2,9,0,3,BALUE (6 RUE DE LA),48.629147,-2.005751,18,2,2
202100022933,160Â 630,A01,1,1,1,4,8,8,-1,-1, -1,-1,2021,28.0,2,1,9,2,1,1,1,,4,110,0,,2,2,0,1,0,0,1,, -1,1,0,1,50,22,8,2021,22:05,5,92,92024,2,4,0,3,GENERAL LECLERC (RUE DU) DE (81 A 109)  ,48.9076238711,2.3082619226,22,2,2
202100027366,152Â 801,B01,1,1,1,9,8,0,-1,-1, -1,-1,2021,75.0,1,1,0,2,4,15,5,,4,CHE DU VERDON,0,,2,2,0,1,(1),(1),1,, -1,1,0,1,50,23,7,2021,07:50,1,31,31555,2,9,0,2,CHE DU VERDON,43.625634,1.477919,7,2,2
202100046739,118Â 226,B01,1,1,2,1,2,6,-1,-1, -1,-1,2021,35.0,1,1,0,2,7,21,1,,4,,0,,2,0,0,2,(1),(1),1,, -1,1,0,1,50,5,3,2021,08:20,1,85,85191,2,2,0,3,Rue du PrÃ©sident de Gaulle,46.67137,-1.42117,8,2,2
202100013050,178Â 417,A01,1,1,1,1,8,-1,-1,-1, -1,-1,2021,21.0,1,1,0,2,3,2,3,,3,FRANS ROUTE DE,0,,1,1,2,1,58,200,2,, -1,1,0,1,50,15,10,2021,09:00,1,69,69264,2,1,1,3,FRANS (DE) (RTE),45.984506123,4.7336941467,9,2,2
202100003554,195Â 393,B01,1,1,2,0,8,-1,-1,0,0,-1,2021,64.0,3,1,15,2,3,24,5,,4,,0,,2,2,0,1,(1),(1),1,, -1,1,0,1,50,9,12,2021,13:30,1,69,69386,2,3,0,2,BERANGER                            (R ),45.76619,4.86112,13,2,2
202100023279,160Â 005,B01,1,1,1,1,8,0,-1,-1, -1,-1,2021,37.0,3,1,0,2,1,15,5,,4,JOIOT CURIE (RUE FREDERIC JOLIOT CURIE),0,,2,4,0,1,(1),(1),1,, -1,1,0,1,50,20,8,2021,14:50,1,45,45147,2,3,0,1,Rue FrÃ©dÃ©ric et HÃ©lÃ¨ne Joliot Curie,47.944583633,1.9175037088,14,2,2
202100031318,145Â 758,A01,10,3,1,2,0,-1,-1,2,3,1,2021,10.0,2,2,0,1,1,17,1,,4,MOREAU DAVID (PL),0,,2,1,0,1,1,0,1,, -1,1,0,1,50,2,7,2021,17:15,1,94,94033,2,1,0,6,Place Moreau-David,48.8439,2.46481,17,2,1
202100006247,190Â 629,A01,1,1,2,0,1,0,-1,-1, -1,-1,2021,32.0,2,2,8,0,2,13,1,,3,OUEST  (BD),0,,3,4,0,1,3,200,2,, -1,1,0,1,70,25,11,2021,09:00,1,42,42184,2,1,0,6,D300,46.0429730302,4.0455132723,9,1,1
202100035218,138Â 749,B01,1,1,1,0,2,-1,-1,-1, -1,-1,2021,60.0,1,0,0,2,1,1,3,,4,BELLECOUR                           (PL),0,,2,2,2,1,(1),(1),1,, -1,1,0,1,50,10,6,2021,20:05,1,69,69382,2,7,0,1,BELLECOUR (PL),45.75878,4.83091,20,2,2
202100012224,179Â 869,GB01,1,1,1,1,2,0,-1,-1, -1,-1,2021,28.0,3,1,0,2,1,1,3,,4,PRADES (AVENUE DES),0,,-1,2,0,2,(1),(1),1,, -1,1,0,1,50,19,10,2021,11:55,1,15,15014,2,3,0,3,PRADES (AVENUE DES),44.916539,2.436734,11,2,2
202100013656,177Â 301,B01,1,1,1,0,8,0,-1,-1, -1,-1,2021,19.0,2,1,0,2,1,16,0,,4,RUE DANTON,0,,1,2,1,1,(1),(1),1,, -1,1,0,1,50,12,10,2021,09:50,1,31,31555,2,3,0,1,RUE DANTON,43.57644,1.448836,9,2,2
202100015794,173Â 438,A01,1,1,1,3,0,-1,-1,0,0,-1,2021,81.0,3,1,0,2,4,2,5,,4,,-1,,2,2,0,1,(1),(1),1,,5,1,0,1,90,1,10,2021,15:45,1,66,66050,1,1,0,2,Route du Barcares,42.777165,2.92968,15,2,2
202100045013,121Â 265,A01,1,1,1,5,2,6,-1,-1, -1,-1,2021,22.0,2,1,0,2,1,3,1,,1,A86.EXT,0,,3,6,0,1,30,200,1,, -1,1,0,1,90,6,4,2021,17:00,1,94,94033,1,1,0,4,A86.EXT,48.8507,2.49071,17,3,3
202100037225,135Â 143,A01,10,3,1,0,0,-1,-1,2,3,2,2021,24.0,1,1,0,1,3,21,1,,4,DOUMER PAUL RUE,0,,2,2,0,1,(1),(1),1,, -1,1,5,1,50,30,5,2021,20:10,1,59,59360,2,1,0,6,DOUMER PAUL RUE,50.603,3.041,20,2,1