Num_Acc,id_vehicule,num_veh,place,catu,sexe,trajet,secu1,secu2,secu3,locp,actp,etatp,year_acc,victim_age,senc,catv,obs,obsm,choc,manv,motor,occutc,catr,voie,v1,v2,circ,nbv,vosp,prof,pr,pr1,plan,lartpc,larrout,surf,infra,situ,vma,jour,mois,an,hrmn,lum,dep,com,agg_,int,atm,col,adr,lat,long,hour,nb_victim,nb_vehicules
202100012073,180Â 133,A01,1,1,2,0,2,8,-1,-1, -1,-1,2021,27.0,3,1,0,0,0,3,1,,3,106,0,,3,2,0,1,0,0,1,, -1,2,0,1,50,20,10,2021,09:10,1,92,92035,2,1,1,7,GÃ©nÃ©ral de Gaulle  ( avenue du ),48.909338083,2.2551490366,9,1,1
202100049866,112Â 603,A01,10,3,1,5,0,-1,-1,2,1,1,2021,60.0,2,2,0,1,2,1,1,,3,BONNEUIL MATOURS (ROUTE DE),0,,2,2,0,1,33,490,1,, -1,1,0,1,30,27,2,2021,17:25,1,86,86194,2,1,0,6,Route de Bonneuil Matours,46.58855,0.370017,17,3,1
202100016755,171Â 676,A01,1,1,2,5,1,0,-1,-1, -1,-1,2021,19.0,1,2,6,0,2,14,1,,1,A507 sens Marseille - Aubagne,0,,1,2,0,1,8,800,2,, -1,1,1,1,70,25,9,2021,04:15,5,13,13055,1,9,0,7,A507 sens Marseille - Aubagne,43.2857,5.42727,4,4,1
202100028032,151Â 608,A01,2,2,2,5,2,6,-1,0,0,-1,2021,58.0,3,1,0,2,1,0,1,,2,102,-1,,2,2,0,2,85,600,3,, -1,1,0,1,80,20,7,2021,19:44,1,7,7130,1,1,0,1,N102,44.733504,4.002081,19,3,2
202100035832,137Â 654,A01,1,1,1,5,0,-1,-1,0,0,-1,2021,30.0,3,1,13,0,1,1,1,,4,,-1,,2,2,0,1,(1),(1),1,, -1,1,0,3,80,8,6,2021,19:15,1,29,29071,1,1,0,6,Lieu Dit Kermentec,47.943602,-3.412317,19,1,1
202100004122,194Â 373,B01,1,1,2,9,8,0,-1,0,0,-1,2021,56.0,2,1,0,2,8,1,5,,4,RUE DE SEZE,0,,1,1,0,1,(1),(1),1,, -1,1,0,1,30,8,12,2021,09:40,1,75,75109,2,2,0,3,RUE DE SEZE,48.870368,2.326711,9,2,2
202100031817,144Â 883,A01,1,1,1,0,2,6,-1,-1, -1,-1,2021,23.0,1,1,0,2,1,1,1,,4,doujani-Mouhindi Hassani (rue ),0,,2,0,0,1,0,0,1,, -1,1,0,1,50,28,6,2021,16:15,1,976,97611,2,1,0,3,doujani-Mouhindi Hassani (rue ),-12.79269,45.21758,16,2,2
202100008686,186Â 210,B01,1,1,1,9,2,-1,-1,-1, -1,-1,2021,31.0,2,1,0,2,1,1,1,,7,PIERRE SEMARD                       (QU),0,,2,2,0,2,(1),(1),1,, -1,1,0,1,50,5,11,2021,19:20,3,69,69142,2,1,0,3,PIERRE SEMARD (Q),45.72362,4.81729,19,2,2
202100004182,194Â 280,B01,1,1,1,5,2,-1,-1,0,0,-1,2021,52.0,1,1,0,2,1,5,5,,3,4,-1,,2,2,0,2,13,700,4,, -1,1,0,1,90,9,12,2021,12:25,1,83,83008,1,1,0,1,D4,43.525246,6.714234,12,2,2
202100029295,149Â 399,A01,1,1,2,5,1,0,-1,-1, -1,-1,2021,34.0,2,2,0,2,3,13,1,,3,RD 57 VERS RENNES,0,,2,2,0,1,1,0,1,, -1,1,0,1,90,8,7,2021,04:06,3,53,53201,1,1,0,1,RD 57 VERS RENNES,48.0728,-0.87363,4,2,2
202100033780,141Â 387,A01,2,2,1,0,1,-1,-1,-1, -1,-1,2021,22.0,2,2,0,2,1,2,1,,4,BAYARD                              (CO),0,,-1,2,0,1,(1),(1),1,, -1,1,0,1,50,17,6,2021,13:40,1,69,69382,2,2,0,3,BAYARD (CR),45.743000816,4.823339358,13,3,2
202100020083,165Â 725,B01,1,1,2,0,8,0,-1,-1, -1,-1,2021,24.0,3,1,0,2,1,19,5,,4,QUATORZE JUILLET   RUE DU,0,,2,2,0,1,(1),(1),1,, -1,1,0,1,30,8,9,2021,19:35,2,17,17291,2,1,0,3,QUATORZE JUILLET   RUE DU,46.17421,-1.11581,19,2,2
202100020986,164Â 152,B01,1,1,1,5,2,6,-1,-1,0,-1,2021,62.0,2,1,0,2,3,3,1,,1,AUTOROUTE A15,0,,3,10,0,1,7,800,1,, -1,1,0,1,110,3,9,2021,08:10,1,95,95582,1,1,0,3,A15,48.96347,2.26446,8,2,2
202100016241,172Â 601,A01,1,1,1,9,2,0,-1,0,0,-1,2021,27.0,1,1,0,2,7,18,3,,4,PLACE DE CLICHY,0,,1,3,3,1,(1),(1),3,, -1,2,0,6,30,29,9,2021,09:03,1,75,75118,2,7,0,4,PLACE DE CLICHY,48.8836707843,2.3273608223,9,3,3
202100052775,107Â 393,A01,10,3,2,5,0,-1,-1,3,3,2,2021,60.0,2,5,0,1,2,16,1,,7,MARECHAL FOCH (BOULEVARD),0,,3,2,0,1,0,625,1,, -1,1,5,1,30,2,2,2021,16:20,1,38,38185,2,2,0,6,Boulevard MarÃ©chal Foch,45.18104,5.72318,16,3,1
202100049567,113Â 158,A01,1,1,2,3,1,-1,-1,0,0,-1,2021,74.0,0,2,1,0,2,0,1,,4,,-1,,2,2,0,1,(1),(1),1,, -1,1,0,1,50,19,2,2021,15:30,1,69,69273,2,1,0,7,CONDORCET (R),45.660423,4.901101,15,1,1
202100035539,138Â 184,A01,1,1,1,9,2,0,-1,0,0,-1,2021,17.0,1,1,0,2,2,1,1,,4,RUE DU GENERAL GUILLAUMAT,0,,2,4,0,1,(1),(1),1,, -1,1,0,1,50,9,6,2021,18:20,1,75,75115,2,2,0,3,RUE DU GENERAL GUILLAUMAT,48.828922,2.29415,18,2,2
202100036117,137Â 122,A01,1,1,2,0,1,-1,-1,0,0,-1,2021,60.0,3,2,8,2,2,15,1,,3,129,0,,2,2,0,1,3,640,1,, -1,1,0,1,80,6,6,2021,16:35,1,1,1129,1,3,0,3,Route de Montbuisson,45.962778,5.207809,16,3,2
202100032352,143Â 934,B01,1,1,1,5,8,0,-1,-1, -1,-1,2021,37.0,1,1,0,2,8,7,3,,3,VICTOR HUGO (AVE)  => 120,0,,2,2,3,1,0,1,1,, -1,1,0,1,50,24,6,2021,19:00,1,93,93001,2,1,0,3,VICTOR HUGO (AVE)  => 120,48.905597,2.374617,19,2,2
202100030444,147Â 355,A01,1,1,1,9,2,6,-1,-1, -1,-1,2021,25.0,0,1,0,2,5,12,1,,2,13,0,,1,3,0,1,0,0,1,, -1,1,0,1,70,6,7,2021,12:00,1,92,92051,2,1,0,2,"CHARLES DE GAULLE (AVENUE, NÂ°27 A 129)",48.88249,2.26683,12,2,2
202100040611,129Â 024,A01,1,1,1,5,8,-1,-1,-1, -1,-1,2021,30.0,3,1,0,0,0,1,3,,6,PETIT NICE (PLAGE DU),0,,-1,-1,0,1,(1),(1),1,, -1,1,0,8,30,9,5,2021,16:15,1,33,33529,1,1,0,7,Le Petit Nice Pyla,44.55924,-1.24009,16,1,1
202100048032,115Â 886,A01,1,1,1,9,8,0,-1,0,0,-1,2021,23.0,1,1,0,2,3,11,1,,4,AVENUE DE FLANDRE,0,,1,1,3,1,(1),(1),1,, -1,1,0,1,50,14,3,2021,15:20,1,75,75119,2,3,0,3,AVENUE DE FLANDRE,48.887873,2.37352,15,2,2
202100025466,156Â 144,B01,1,1,1,5,8,0,-1,-1, -1,-1,2021,30.0,1,1,0,2,1,1,3,,7,SAINT LOUP (BOULEVARD DE),0,,2,2,0,1,0,0,2,, -1,1,0,1,30,6,8,2021,01:10,5,13,13211,2,1,0,1,SAINT LOUP (BOULEVARD DE),43.2834218429,5.4339307708,1,2,2
202100021442,163Â 317,A01,1,1,1,1,2,8,-1,-1, -1,-1,2021,34.0,1,1,1,0,1,2,1,,3,BRIQUET (R RAOUL ),0,,2,0,0,1,43,900,1,, -1,1,0,1,50,12,8,2021,12:00,1,62,62250,2,1,0,6,BRIQUET (R RAOUL ),50.444,2.944,12,1,1
202100012505,179Â 356,A01,10,3,2,0,0,-1,-1,4,3,1,2021,91.0,3,1,0,1,1,1,1,,3,181,0,,2,2,0,2,0,0,1,, -1,1,4,1,30,18,10,2021,15:05,1,92,92048,2,8,0,6,GARDES (ROUTE DES) NÂ° 53,48.8183855533,2.2309488058,15,2,1
202100011047,181Â 975,A01,10,3,2,0,0,-1,-1,2,3,1,2021,52.0,2,2,0,1,2,1,1,,4,ARLOING                             (QU),0,,2,2,3,1,(1),(1),1,, -1,1,0,1,50,25,10,2021,19:05,5,69,69389,2,1,0,6,ARLOING (Q),45.77074,4.81209,19,4,1
202100043166,124Â 510,A01,2,2,2,0,1,0,-1,-1, -1,-1,2021,18.0,3,2,0,2,3,17,1,,7,RD 37,0,,3,4,0,1,(1),(1),1,, -1,1,0,1,90,20,4,2021,18:40,1,37,37261,1,1,0,3,RD 37,47.3698223557,0.6545362472,18,5,2
202100044911,121Â 447,A01,1,1,1,9,1,0,-1,-1, -1,-1,2021,39.0,1,2,4,0,1,26,1,,3,GRAND CAMP(SECTION),0,,1,1,0,1,0,0,2,, -1,1,8,1,50,4,4,2021,13:36,1,971,97101,1,9,0,6,GRAND CAMP(SECTION),16.25329,-61.54236,13,1,1
202100052038,108Â 697,B01,1,1,1,5,2,0,-1,0,0,-1,2021,56.0,2,1,0,2,7,17,1,,4,AVENUE D ITALIE,0,,2,4,0,1,(1),(1),1,, -1,1,0,1,50,9,2,2021,15:20,1,75,75113,2,1,0,3,AVENUE D ITALIE,48.820292,2.359113,15,3,2
202100036825,135Â 877,A01,10,3,1,0,0,-1,-1,1,1,1,2021,70.0,1,2,0,1,1,1,1,,4,,0,,1,1,0,1,(1),(1),1,, -1,1,0,1,30,2,6,2021,11:10,1,6,6029,2,1,0,6,MIMONT (RUE DE),43.55528,7.02186,11,2,1
202100024410,158Â 052,A01,1,1,1,5,1,-1,-1,0,0,-1,2021,43.0,1,2,2,0,2,2,1,,2,10,0,N,3,4,0,1,19,845,1,"6,5",10,1,0,2,110,12,8,2021,15:30,1,16,16141,1,1,0,6,Lieu-dit Le Grand Jardin,45.920103,0.196508,15,3,1
202100025753,155Â 651,A01,10,3,1,0,0,-1,-1,3,3,1,2021,59.0,3,2,0,1,1,1,2,,4,MALARD (BOULEVARD DE),0,,2,2,0,1,(1),(1),1,, -1,1,9,1,50,2,8,2021,12:20,1,11,11262,2,1,0,6,MALARD (BOULEVARD DE),43.1818472,3.02999956,12,2,1
202100027737,152Â 135,B01,1,1,2,1,8,0,-1,-1, -1,-1,2021,53.0,3,1,0,2,1,1,5,,4,PAUL (RUE MARCEL),0,,2,2,0,1,(1),(1),1,, -1,1,0,1,50,20,7,2021,19:45,1,37,37233,2,6,0,6,PAUL (RUE MARCEL),47.3949811924,0.7263194025,19,2,2
202100050457,111Â 509,A01,2,2,2,0,1,-1,-1,-1, -1,-1,2021,64.0,2,2,0,2,3,9,1,,3,VASNIER (BOULEVARD HENRI) COTE PAIR,0,,2,2,1,1,19,500,1,, -1,1,0,1,50,22,2,2021,16:38,1,51,51454,2,4,0,3,Boulevard Henry Vasnier,49.2478174668,4.0441409569,16,5,2
202100027703,152Â 197,B01,1,1,2,1,1,0,-1,-1, -1,-1,2021,37.0,0,2,0,2,3,1,0,,4,,0,,4,4,0,1,0,0,1,, -1,1,0,1,50,21,7,2021,03:40,5,91,91432,2,1,0,3,AV EVARISTE GALLOIS,48.696432,2.334933,3,2,2
202100012118,180Â 051,B01,1,1,1,5,2,-1,-1,0,0,-1,2021,62.0,2,1,0,2,1,2,0,,3,181,0,,2,2,0,1,4,850,1,, -1,1,0,1,80,20,10,2021,13:10,1,89,89085,1,2,0,3,Rue Paul Bert,47.954441,3.493574,13,2,2
202100011008,182Â 051,A01,10,3,2,5,0,-1,-1,9,9,1,2021,84.0,0,2,0,1,5,4,1,,6,,-1,,-1,-1,0,1,(1),(1),1,,5,1,0,8,50,26,10,2021,17:15,1,24,24223,2,9,0,6,29 Avenue EugÃ¨ne le Roy,44.837506,0.74552,17,2,1
202100005357,192Â 209,A01,1,1,2,1,0,-1,-1,0,0,-1,2021,31.0,2,0,0,2,1,17,3,,4,CONSTANS LEOPOLD,0,,2,2,0,1,(1),(1),2,, -1,2,0,1,50,10,11,2021,12:17,1,12,12145,2,3,1,3,CONSTANS LEOPOLD,44.0995885199,3.0725374818,12,2,2
202100017334,170Â 668,A01,10,3,2,0,0,-1,-1,3,3,1,2021,57.0,0,2,0,1,2,1,1,,4,34,-1,,2,2,0,1,32,800,1,, -1,1,0,6,50,24,9,2021,16:30,1,29,29055,2,6,0,6,Giratoire de La Croix Rouge,48.563154,-4.335367,16,2,1
202100053427,106Â 214,A01,1,1,1,0,1,8,-1,-1, -1,-1,2021,44.0,1,2,0,2,1,13,1,,4,BALATA (ROUTE DE),0,,2,2,0,1,(1),(1),1,, -1,1,0,1,50,25,1,2021,20:00,5,972,97209,1,1,0,1,BALATA (ROUTE DE),14.62235,-61.07285,20,2,2
202100050648,111Â 154,A01,1,1,1,5,1,8,-1,-1, -1,-1,2021,71.0,1,2,3,2,1,2,1,,1,A50,0,,3,2,0,2,44,0,1,, -1,1,3,1,50,21,2,2021,17:20,1,83,83027,1,1,0,2,A50,43.193955,5.689519,17,4,2
202100014295,176Â 149,A01,1,1,1,0,2,-1,-1,0,0,-1,2021,17.0,1,1,12,0,2,2,1,,3,,-1,,2,2,0,1,(1),(1),2,,5,1,0,1,30,9,10,2021,16:40,1,59,59400,2,1,0,6,60 Rue Victorine Deroide,50.649078,2.640117,16,1,1
202100012500,179Â 365,A01,1,1,1,0,2,6,-1,-1, -1,-1,2021,44.0,-1,1,0,2,1,1,0,,3,"""PAUL VAILLANT COUTURIER (AVENUE """"DU 13",0,,2,2,0,1,0,1,1,, -1,1,0,1,50,18,10,2021,13:50,1,93,93007,2,1,0,3,"""PAUL VAILLANT COUTURIER (AVENUE """"DU 13",48.9265835459,2.4709139719,13,2,2
202100007757,187Â 892,A01,1,1,2,5,1,-1,-1,-1, -1,-1,2021,84.0,2,2,1,2,3,26,1,,4,ST CYR (DE)                         (R ),0,,2,3,2,2,(1),(1),1,, -1,1,9,6,50,16,11,2021,10:45,1,69,69389,2,9,0,6,ST CYR (DE) (R),45.78825,4.80885,10,1,1
202100005963,191Â 135,A01,1,1,1,5,1,-1,-1,0,0,-1,2021,28.0,1,2,13,0,2,1,1,,3,RD 44,0,,2,2,0,1,24,300,1,, -1,2,0,3,70,26,11,2021,18:25,2,29,29039,1,1,0,7,D44 - Chemin de Keroulin,47.9206,-3.92859,18,1,1
202100032598,143Â 505,B01,1,1,1,4,1,-1,-1,0,0,-1,2021,48.0,1,5,0,2,4,23,1,,1,9,-1,,3,3,0,1,73,600,1,, -1,1,0,1,130,21,6,2021,09:50,1,30,30123,1,1,0,4,A9 / PK 73+600 / Sens NMES/MTP,43.724731,4.169548,9,3,3
202100023004,160Â 508,B01,1,1,1,4,2,8,-1,0,0,-1,2021,39.0,1,0,0,2,0,1,5,,4,LEMOINE (AV MARCEL) DU 1 AU 51,0,,2,2,0,2,(1),(1),1,, -1,1,0,5,50,6,5,2021,13:00,1,36,36044,2,1,0,3,26 Avenue Marcel Lemoine,46.8156966957,1.6968027429,13,2,2
202100013005,178Â 499,A01,1,1,1,1,2,6,-1,-1, -1,-1,2021,24.0,2,1,0,2,8,1,1,,1,A51-Sens Aix en Provence vers Marseille,0,,1,4,0,1,3,0,1,, -1,1,0,1,90,15,10,2021,19:40,5,13,13071,1,1,0,3,A51-Sens Aix en Provence vers Marseille,43.41585,5.3648,19,3,2
202100041324,127Â 741,A01,1,1,1,4,2,0,-1,0,0,-1,2021,21.0,2,0,0,2,7,1,3,,4,RUE DU TEMPLE,0,,1,1,0,1,(1),(1),1,, -1,1,0,1,30,4,5,2021,11:35,1,75,75103,2,2,0,3,RUE DU TEMPLE,48.861897,2.356921,11,2,2
202100040441,129Â 321,B01,1,1,1,0,0,-1,-1,0,0,-1,2021,18.0,0,1,0,2,1,2,5,,4,MOUFIA (ROUTE DE),0,,2,2,0,2,0,0,1,, -1,1,0,1,50,10,5,2021,14:15,1,974,97411,2,1,0,3,MOUFIA (ROUTE DE),-20.89728,55.4914,14,2,2
202100018494,168Â 574,B01,1,1,1,5,0,-1,-1,0,0,-1,2021,17.0,3,1,0,2,1,1,5,,4,,0,,2,2,0,2,0,0,1,,4,1,0,1,50,12,9,2021,14:50,1,68,68334,2,1,0,3,Rue du Kattenbachy,47.815777,7.10618,14,2,2
202100019366,167Â 013,Z01,2,2,1,5,2,0,-1,0,0,-1,2021,16.0,1,1,0,2,0,15,0,,4,RUE HENRI POINCARE,0,,2,2,0,2,(1),(1),1,, -1,1,0,1,30,11,9,2021,23:20,5,75,75120,2,4,0,3,RUE HENRI POINCARE,48.869785,2.401882,23,3,2
202100051302,109Â 972,C01,1,1,1,5,2,-1,-1,0,0,-1,2021,28.0,1,1,3,2,3,1,1,,2,RN88,0,,1,2,0,1,48,360,1,, -1,1,0,1,50,13,2,2021,18:15,1,12,12202,1,1,0,4,RN88,44.36247,2.57091,18,3,3
202100026067,155Â 091,A01,10,3,2,5,0,-1,-1,3,3,1,2021,63.0,1,2,0,1,3,1,1,,3,,-1,,1,2,0,1,(1),(1),3,,"5,5",1,0,1,50,30,7,2021,14:15,1,88,88516,2,4,0,6,place de gaulle,48.2004386869,5.949126184,14,2,1
202100011030,182Â 006,A01,1,1,2,0,1,0,-1,-1, -1,-1,2021,40.0,2,2,0,2,1,1,1,,1,AUTOROUTE A1,0,,3,8,0,1,10,0,1,, -1,1,0,1,110,26,10,2021,08:05,1,93,93007,1,1,0,2,AUTOROUTE A1,48.95075,2.44942,8,2,2
202100042186,126Â 218,B01,1,1,1,1,0,-1,-1,0,0,-1,2021,41.0,1,1,0,2,1,15,5,,4,CHATEAUGIRON (DE),0,,2,2,3,1,(1),(1),1,, -1,1,5,1,50,28,4,2021,18:55,1,35,35238,2,3,0,6,CHATEAUGIRON (DE),48.09744,-1.64203,18,2,2
202100012154,179Â 997,A01,10,3,2,9,0,-1,-1,4,3,2,2021,60.0,2,1,0,1,1,16,1,,4,STRASBOURG (BD DE),0,,2,2,0,1,(1),(1),1,, -1,1,0,1,50,13,10,2021,09:50,1,34,34032,2,2,0,6,STRASBOURG (BD DE),43.34724,3.21854,9,3,1
202100040196,129Â 750,B01,1,1,1,0,1,0,-1,0,0,-1,2021,59.0,1,2,0,2,4,2,1,,4,MENDES FRANCE (AVENUE PIERRE),0,,2,2,0,1,(1),(1),1,, -1,1,0,1,30,12,5,2021,12:35,1,27,27681,2,1,0,2,MENDES FRANCE (AVENUE PIERRE),49.09033,1.48407,12,2,2
202100022312,161Â 753,B01,1,1,1,0,2,6,-1,-1, -1,-1,2021,27.0,2,1,0,2,1,1,1,,3,PARIS (RUE DE),0,,2,2,0,1,1,0,1,, -1,1,0,1,50,27,8,2021,17:00,1,93,93048,2,2,0,1,Rue de Paris / Rue dâAlembert,48.85471,2.41753,17,2,2
202100041556,127Â 324,A01,2,2,2,5,1,0,-1,0,0,-1,2021,80.0,1,2,0,2,9,14,3,,4,AVENUE DE LA PORTE DE LA PLAINE,0,,2,2,0,1,(1),(1),1,, -1,1,0,1,50,3,5,2021,09:15,1,75,75115,2,7,0,5,AVENUE DE LA PORTE DE LA PLAINE,48.827843,2.292335,9,4,3
202100011912,180Â 432,A01,1,1,1,0,0,-1,-1,0,0,-1,2021,88.0,3,2,2,0,1,0,1,,4,,-1,,2,2,0,2,(1),(1),3,,4,1,0,3,80,21,10,2021,19:35,3,12,12161,1,1,0,6,Mouret,44.530917,2.53237,19,1,1
202100051701,109Â 277,B01,1,1,1,9,2,6,-1,-1, -1,-1,2021,58.0,1,1,0,2,2,11,1,,4,HAMBOURG (BOULEVARD),0,,1,3,0,2,1,0,1,, -1,1,9,1,50,12,2,2021,13:50,1,13,13208,2,9,0,3,HAMBOURG (BOULEVARD),43.2477,5.3924,13,2,2
202100015883,173Â 285,B01,1,1,1,5,1,0,-1,-1, -1,-1,2021,49.0,1,2,0,2,2,13,1,,4,,0,,-1,2,0,1,(1),(1),1,, -1,2,0,1,50,10,7,2021,13:10,1,85,85194,2,1,1,3,Rue du Taillis,46.52499,-1.79167,13,2,2
202100024014,158Â 718,A01,1,1,1,5,1,-1,-1,0,0,-1,2021,67.0,3,2,8,0,2,1,1,,4,Rue de lâAnse Saupin,0,,2,2,0,1,(1),(1),1,, -1,1,5,4,50,15,8,2021,13:00,1,29,29019,2,1,0,6,Rue de lâAnse Saupin,48.3972645269,-4.5150622918,13,1,1
202100000559,200Â 702,B01,1,1,1,3,2,-1,-1,0,0,-1,2021,55.0,2,1,0,2,1,1,5,,3,PAU (ROND POINT DE),0,,1,2,0,1,51,455,2,, -1,1,0,1,50,9,11,2021,12:40,1,65,65440,1,6,0,3,PAU (ROND POINT DE),43.237722,0.041849,12,2,2
202100052384,108Â 077,B01,1,1,2,0,1,0,-1,-1, -1,-1,2021,51.0,2,2,0,2,3,1,1,,2,11 - RT,0,,3,2,0,3,(1),(1),1,, -1,1,0,1,90,5,2,2021,12:00,1,202,202120,1,1,0,4,11 - RT,42.64824,9.44023,12,3,3
202100011492,181Â 186,B01,2,2,2,5,1,-1,-1,0,0,-1,2021,87.0,1,2,0,2,3,1,1,,2,30,-1,,-1,2,0,2,29,400,2,, -1,1,0,1,80,23,10,2021,17:00,1,202,202034,1,1,0,5,RT 30 - Capicciolo,42.640668,9.000823,17,5,3
202100042883,125Â 013,A01,1,1,1,5,1,-1,-1,-1, -1,-1,2021,50.0,2,2,0,2,0,9,1,,4,,0,,-1,2,0,1,(1),(1),2,, -1,1,5,1,50,23,4,2021,09:30,1,29,29019,2,6,0,3,Rue de lâElorn,48.38576,-4.47525,9,2,2
202100025350,156Â 343,A01,10,3,2,5,0,-1,-1,5,2,2,2021,16.0,0,1,0,2,1,1,1,,4,,-1,,2,2,0,1,(1),(1),1,,4,1,0,1,50,6,8,2021,14:50,1,60,60107,2,1,0,1,6 Rue des Grives,49.365079,2.416611,14,3,2
202100052499,107Â 882,A01,1,1,1,5,0,-1,-1,0,0,-1,2021,32.0,1,1,0,2,1,5,3,,3,,-1,,2,2,0,1,5,50,3,, -1,2,0,1,-1,5,2,2021,20:45,3,973,97309,2,9,0,1,Route d'Attila Cabassou,4.887671,-52.30248,20,2,2
202100028184,151Â 318,A01,1,1,1,1,1,8,-1,-1, -1,-1,2021,44.0,1,2,9,0,3,1,1,,4,FORT (IMPASSE DU),0,,2,1,0,1,0,0,1,, -1,1,0,1,30,19,7,2021,07:15,1,93,93001,2,1,0,1,FORT (IMPASSE DU),48.911898,2.39756,7,1,1
202100009500,184Â 730,A01,2,2,1,5,8,-1,-1,0,0,-1,2021,18.0,3,2,6,0,1,1,1,,4,0,0,A,2,2,0,1,(1),(1),1,, -1,2,0,8,50,4,11,2021,23:30,3,62,62852,2,1,0,6,Rue de la Digue du Canal de Calais (Pont),50.903975,2.068942,23,2,1
202100041760,126Â 963,B01,1,1,1,5,2,0,-1,-1, -1,-1,2021,19.0,1,1,0,2,1,13,1,,3,MONTABO (ROUTE DE) 1,0,,2,2,0,2,1,800,1,, -1,1,0,1,50,11,4,2021,19:38,5,973,97302,2,3,0,3,MONTABO (ROUTE DE) 1,4.94401269,-52.3086129646,19,2,2
202100004425,193Â 853,A01,1,1,2,0,1,8,-1,-1, -1,-1,2021,75.0,2,2,0,2,3,26,1,,3,180,0,,2,2,0,1,0,0,3,, -1,1,0,1,50,2,12,2021,14:20,1,92,92063,2,1,0,3,LECLERC DE HAUTECLOQUE (AVENUE DU MARECH,48.8565151635,2.1966969967,14,2,2
202100028538,150Â 708,A01,2,2,1,5,1,-1,-1,0,0,-1,2021,7.0,2,2,6,0,2,1,1,,3,817,0,,2,2,0,1,67,297,1,, -1,1,0,3,80,17,7,2021,16:20,1,31,31246,1,1,0,6,D817,43.112228,0.853357,16,5,1
202100042786,125Â 175,A01,1,1,1,5,2,6,-1,0,0,-1,2021,16.0,1,1,8,0,1,10,1,,3,125,-1,D,2,2,0,1,24,350,1,, -1,1,0,1,80,17,4,2021,18:30,1,33,33279,1,1,0,6,,44.493283,-0.255582,18,1,1
202100041443,127Â 524,B01,1,1,2,5,1,-1,-1,0,0,-1,2021,25.0,2,2,0,2,1,1,1,,2,6,-1,,3,2,0,1,(1),(1),3,, -1,1,9,8,80,4,5,2021,20:00,3,972,97207,1,1,0,1,RN 6 - Bois rouge,14.602605,-60.964057,20,2,2
202100036539,136Â 402,B01,1,1,1,5,0,-1,-1,0,0,-1,2021,68.0,1,1,0,0,8,1,5,,2,205,0,,2,2,1,2,1,800,1,, -1,1,9,5,50,4,6,2021,08:15,1,202,202042,2,1,0,3,Avenue de Borgo,42.5577,9.441472,8,2,2
202100017271,170Â 783,A01,1,1,1,1,1,-1,-1,0,0,-1,2021,41.0,1,2,0,0,9,1,1,,3,964,-1,,2,2,0,2,11,0,1,, -1,1,0,3,80,23,9,2021,15:45,1,8,8311,1,1,0,7,D964,49.6057,5.078067,15,1,1
202100056277,101Â 302,A01,1,1,1,9,2,6,-1,0,0,-1,2021,20.0,1,1,0,2,7,1,1,,4,BOULEVARD ORNANO,0,,2,2,0,1,(1),(1),1,, -1,1,0,1,50,3,1,2021,18:05,5,75,75118,2,1,0,6,BOULEVARD ORNANO,48.896651,2.345434,18,3,2
202100042768,125Â 201,A01,1,1,2,0,1,-1,-1,0,0,-1,2021,71.0,1,2,3,0,2,1,0,,1,81,-1,,1,2,0,1,209,0,1,, -1,1,0,2,130,24,4,2021,15:57,1,72,72278,1,1,0,6,autoroute A.81,48.016798,-0.308132,15,1,1
202100042280,126Â 051,A01,10,3,1,9,0,-1,-1,2,5,2,2021,8.0,2,2,0,1,1,1,1,,3,MOCHE (RUE ALCIDE),0,,2,2,0,1,(1),(1),1,, -1,1,0,1,30,24,2,2021,15:10,1,59,59569,2,1,0,6,MOCHE (RUE ALCIDE),50.36599,3.11708,15,2,1
202100019399,166Â 954,A01,1,1,1,5,2,6,-1,0,0,-1,2021,26.0,3,1,0,2,1,1,1,,3,149,0,,2,2,0,2,20,265,2,, -1,1,0,1,80,12,9,2021,11:55,1,76,76009,1,1,0,1,D149,49.6868878991,0.6692440063,11,4,2
202100043968,123Â 089,A01,1,1,1,5,1,-1,-1,0,0,-1,2021,54.0,1,2,0,0,4,0,1,,3,310,0,D,2,2,0,1,28,141,1,, -1,1,0,1,90,27,3,2021,08:38,1,72,72209,2,1,0,2,Le Bourgneuf,48.246709,-0.032755,8,4,2
202100053464,106Â 153,A01,10,3,1,0,0,-1,-1,4,3,1,2021,22.0,1,2,0,1,1,1,1,,4,STANG BIHAN RUE DE,0,,2,2,0,2,(1),(1),1,, -1,2,0,1,50,26,1,2021,15:53,1,29,29232,2,1,1,6,Rue de Stang Bihan,48.010443,-4.103471,15,2,1
202100027747,152Â 113,D01,1,1,1,9,1,0,-1,0,0,-1,2021,74.0,2,2,0,2,4,0,0,,3,D6154,0,,2,2,0,2,54,200,1,, -1,1,0,1,50,21,7,2021,17:20,1,27,27701,2,1,1,4,D6154,49.24242,1.18773,17,4,4
202100030361,147Â 492,B01,1,1,1,0,8,0,-1,-1, -1,-1,2021,17.0,3,0,0,2,7,1,3,,3,SAINT NICOLAS (PLACE),0,,1,1,0,1,0,0,2,, -1,1,0,1,50,5,7,2021,20:50,1,58,58194,2,6,0,1,SAINT NICOLAS (PLACE),46.98707,3.16155,20,2,2