Num_Acc,id_vehicule,num_veh,place,catu,sexe,trajet,secu1,secu2,secu3,locp,actp,etatp,year_acc,victim_age,senc,catv,obs,obsm,choc,manv,motor,occutc,catr,voie,v1,v2,circ,nbv,vosp,prof,pr,pr1,plan,lartpc,larrout,surf,infra,situ,vma,jour,mois,an,hrmn,lum,dep,com,agg_,int,atm,col,adr,lat,long,hour,nb_victim,nb_vehicules
202100052215,108Â 376,B01,1,1,1,4,2,4,-1,-1, -1,-1,2021,38.0,1,1,0,2,1,1,5,,4,CRS DE LA MARNE,0,,2,3,3,1,(1),(1),1,, -1,1,0,1,50,7,2,2021,19:00,5,33,33063,2,1,0,1,Cours de la Marne,44.83042,-0.57117,19,2,2
202100037802,134Â 088,A01,1,1,1,0,2,6,-1,0,0,-1,2021,18.0,3,1,0,2,1,17,1,,4,DE GAULLE (AVENUE),0,,2,2,0,2,0,0,1,, -1,1,0,1,50,28,5,2021,10:35,1,30,30243,2,1,0,6,DE GAULLE (AVENUE),44.09065,4.0786,10,2,2
202100041219,127Â 926,B01,2,2,2,0,8,-1,-1,0,0,-1,2021,50.0,2,2,0,2,4,2,1,,2,31,-1,,3,4,0,1,31,400,1,, -1,1,0,1,110,7,5,2021,17:29,1,60,60628,1,1,0,2,N31,49.4239722538,2.1451623808,17,3,2
202100000608,200Â 619,B01,1,1,1,0,8,0,-1,-1, -1,-1,2021,36.0,0,1,0,2,1,26,3,,4,BOULEVARD MARCEL PAUL,0,,2,2,0,1,(1),0,3,, -1,1,0,1,50,10,11,2021,07:10,5,44,44162,2,6,0,3,BOULEVARD MARCEL PAUL,47.228,-1.635,7,2,2
202100054388,104Â 546,A01,1,1,2,5,8,-1,-1,0,0,-1,2021,61.0,2,2,0,2,3,15,1,,2,N7,0,,2,2,0,1,28,898,1,, -1,2,0,1,70,21,1,2021,17:42,5,3,3025,1,1,1,3,Route de Moulins,46.4541747671,3.3672532439,17,2,2
202100046665,118Â 355,A01,1,1,1,4,2,0,-1,-1, -1,-1,2021,25.0,2,1,0,2,1,3,1,,3,9,0,,2,2,1,1,0,0,1,, -1,1,0,1,50,25,3,2021,17:59,1,92,92078,2,1,0,5,GALLIENI (BD) (1 A 79 ET 22 A 102),48.9252447364,2.3260679841,17,4,4
202100025808,155Â 559,B01,1,1,2,0,1,-1,-1,0,0,-1,2021,59.0,2,2,0,2,6,1,1,,4,,-1,,2,2,0,1,(1),(1),2,,5,2,0,1,80,3,8,2021,18:30,1,29,29135,1,1,1,1,Lieu-Dit Quemeur,47.822725,-4.201428,18,2,2
202100024540,157Â 796,B01,1,1,1,1,2,6,-1,-1, -1,-1,2021,33.0,1,1,0,2,1,1,1,,3,,0,,2,3,0,1,1,0,1,, -1,1,0,1,50,11,8,2021,18:45,1,11,11069,2,3,0,3,VILLEMOUSTAUSSOU -ROUTE DE-,43.22841,2.3598,18,2,2
202100054968,103Â 559,B01,1,1,1,5,8,-1,-1,0,0,-1,2021,76.0,0,2,0,2,2,26,1,,4,,0,,2,2,0,2,(1),(1),1,, -1,1,0,1,50,15,1,2021,13:25,1,85,85081,2,9,0,1,Rue RenÃ© Couzinet,46.7413893059,-1.3821704686,13,2,2
202100047884,116Â 147,A01,2,2,1,1,1,0,-1,-1, -1,-1,2021,41.0,2,5,0,2,4,1,1,,1,A7-Sens Marseille vers Lyon,0,,1,2,0,1,275,0,1,, -1,1,0,1,90,16,3,2021,10:10,1,13,13215,1,1,0,2,A7-Sens Marseille vers Lyon,43.36303,5.36096,10,3,2
202100002298,197Â 681,A01,1,1,1,5,8,-1,-1,0,0,-1,2021,72.0,1,2,16,0,1,1,1,,3,118,0,D,2,2,0,2,14,800,1,, -1,1,0,3,-1,19,12,2021,14:20,1,11,11115,1,1,0,7,D118,43.355188,2.273719,14,1,1
202100027797,152Â 027,A01,1,1,1,0,1,-1,-1,0,0,-1,2021,23.0,3,2,0,2,1,1,1,,4,0,0,X,2,2,0,2,(1),(1),3,,"5,5",1,0,1,80,21,7,2021,17:00,1,63,63163,1,1,1,1,Lieu Dit Say,45.762868,2.798016,17,2,2
202100030350,147Â 508,B01,1,1,1,0,2,-1,-1,-1, -1,-1,2021,29.0,2,1,0,2,1,19,1,,4,ANTOINE PRIMAT     (Rue),0,,2,2,0,1,(1),(1),1,, -1,2,0,1,50,6,7,2021,21:14,2,69,69266,2,2,1,3,ANTOINE PRIMAT (R),45.75818,4.89326,21,2,2
202100018097,169Â 274,A01,2,2,1,5,1,-1,-1,-1,0,-1,2021,23.0,1,2,4,0,1,14,1,,2,RN 184,0,,1,3,0,2,2,900,2,, -1,2,0,1,70,18,9,2021,23:20,3,95,95572,1,1,1,6,RN 184,49.03223,2.10899,23,2,1
202100005812,191Â 404,A01,10,3,2,3,0,-1,-1,6,9,1,2021,54.0,2,2,1,1,2,19,1,,3,19,0,D,2,2,0,1,6,500,1,, -1,2,0,3,70,27,11,2021,18:00,5,58,58058,2,1,1,6,Croisy,47.403534,3.345637,18,2,1
202100000101,201Â 570,A01,1,1,1,5,2,-1,-1,0,0,-1,2021,83.0,3,1,14,0,1,1,0,,4,,-1,,-1,1,1,1,(1),(1),1,, -1,9,6,5,-1,21,10,2021,16:00,1,90,90071,1,1,1,6,voie verte,47.60102,7.006327,16,2,2
202100010341,183Â 220,A01,1,1,2,5,1,0,-1,0,0,-1,2021,32.0,2,2,0,2,6,1,1,,4,BOULEVARD PERIPHERIQUE,0,,1,4,0,1,33,0,1,, -1,1,0,1,70,28,10,2021,22:20,5,75,75112,2,1,0,3,BOULEVARD PERIPHERIQUE,48.836786,2.412611,22,3,2
202100011906,180Â 443,A01,1,1,1,0,2,9,6,0,0,-1,2021,18.0,1,1,0,2,1,1,1,,3,1,-1,,2,2,0,1,11,200,1,,"5,5",2,0,1,80,22,10,2021,08:30,1,63,63306,1,1,0,2,Intersection D1/D117,45.706397,3.21849,8,2,2
202100015985,173Â 095,A01,1,1,1,5,1,-1,-1,0,0,-1,2021,22.0,2,2,2,0,3,13,1,,3,72,-1,,2,2,0,1,19,700,3,, -1,1,0,8,80,1,10,2021,14:45,1,57,57154,1,1,0,6,dÃ©partementale 72,49.198321,6.593127,14,1,1
202100050378,111Â 649,B01,1,1,1,0,2,0,-1,-1, -1,-1,2021,59.0,0,1,0,0,4,23,1,,4,CHALET (ROND-POINT),0,,1,1,0,1,1,0,3,, -1,1,0,1,50,24,2,2021,10:05,1,93,93049,2,6,0,2,PASTEUR (RUE),48.858832952,2.5030664624,10,2,2
202100016422,172Â 285,A01,10,3,2,9,0,-1,-1,3,3,1,2021,31.0,1,2,0,1,0,1,1,,3,,-1,,2,2,0,1,(1),(1),1,,5,1,0,1,50,28,9,2021,13:35,1,59,59212,2,9,0,6,147 Rue de Merville,50.6424953693,2.7128288059,13,2,1
202100046416,118Â 808,A01,1,1,2,1,1,-1,-1,0,0,-1,2021,51.0,2,2,2,0,3,1,1,,3,19,-1,,2,2,0,1,41,100,3,, -1,9,0,3,70,27,3,2021,08:45,1,63,63206,1,1,0,6,lieu-dit la prade,45.969385,2.978094,8,1,1
202100014953,174Â 978,A01,2,2,1,0,0,-1,-1,-1, -1,-1,2021,29.0,1,1,0,0,0,11,3,,4,BERTHELOT                           (AV),0,,1,2,3,1,(1),(1),1,, -1,2,0,6,50,5,10,2021,01:40,5,69,69387,2,1,1,7,BERTHELOT (AV),45.7445,4.8443,1,2,1
202100047479,116Â 895,A01,1,1,1,1,8,-1,-1,-1, -1,-1,2021,30.0,2,5,0,4,2,16,1,,4,BARBUSSE (HENRI),0,,2,2,3,1,(1),(1),1,, -1,1,4,6,50,18,3,2021,03:22,5,78,78586,2,8,0,3,BARBUSSE (HENRI),48.93914,2.19214,3,3,2
202100023901,158Â 911,B01,1,1,1,5,2,-1,-1,0,0,-1,2021,73.0,1,0,0,2,4,19,3,,3,GIRATOIRE SAINT LOUIS ( AVENUE DE VABRES,0,,2,2,0,1,43,150,2,, -1,1,5,1,50,13,8,2021,13:00,1,12,12202,2,6,0,2,GIRATOIRE SAINT LOUIS ( AVENUE DE VABRES,44.36503,2.57425,13,2,2
202100004582,193Â 584,B01,2,2,2,5,1,-1,-1,0,0,-1,2021,62.0,1,2,0,2,3,1,1,,3,89,-1,,2,2,0,1,9,75,1,, -1,2,0,1,-1,6,12,2021,20:20,3,72,72067,1,2,1,3,D89,48.086365,0.476489,20,6,2
202100005247,192Â 405,B01,1,1,1,0,2,0,-1,-1, -1,-1,2021,23.0,2,1,0,2,1,1,1,,7,AVENUE VALERANE,0,,2,2,0,1,42,350,1,, -1,1,0,1,70,26,11,2021,18:30,5,83,83034,2,1,0,3,AVENUE VALERANE,43.08901,6.08994,18,2,2
202100003236,195Â 984,A01,1,1,1,0,1,-1,-1,-1, -1,-1,2021,30.0,1,2,0,2,6,13,1,,7,ALMANARRE (ROUTE DE L'),0,,2,2,0,1,45,35,3,, -1,1,0,1,50,12,12,2021,02:55,5,83,83069,2,1,0,6,ALMANARRE (ROUTE DE L'),43.08196,6.11862,2,3,2
202100046969,117Â 824,A01,10,3,2,0,8,8,-1,5,1,1,2021,72.0,3,1,0,1,1,25,5,,4,,0,,2,2,0,1,0,0,1,, -1,1,0,4,50,9,2,2021,17:00,2,92,92012,2,1,0,6,GEORGES SOREL (RUE),48.83516,2.24183,17,2,1
202100042702,125Â 302,B01,1,1,1,5,2,6,-1,0,0,-1,2021,30.0,1,1,0,2,1,1,1,,4,AVENUE DES CANADIENS,0,,3,3,0,2,(1),(1),1,, -1,1,0,1,50,24,4,2021,13:00,1,75,75112,2,3,0,3,AVENUE DES CANADIENS,48.818987,2.462407,13,2,2
202100034632,139Â 810,A01,10,3,1,5,0,-1,-1,1,1,2,2021,4.0,3,1,0,1,3,1,1,,6,,0,,-1,-1,0,1,0,0,1,, -1,1,9,1,50,13,6,2021,18:00,1,92,92025,2,1,0,6,PARC DEPARTEMENTAL,48.928198,2.237016,18,3,1
202100030118,147Â 942,A01,1,1,1,4,2,6,-1,-1, -1,-1,2021,42.0,2,1,0,2,7,1,1,,1,A50-Sens Aubagne vers Marseille,0,,3,3,0,1,7,19,1,, -1,1,0,1,90,8,7,2021,19:00,1,13,13211,1,1,0,3,A50-Sens Aubagne vers Marseille,43.29288,5.47664,19,2,2
202100046774,118Â 163,A01,10,3,1,0,0,-1,-1,3,3,2,2021,7.0,0,1,0,1,1,17,1,,4,ROOSEVELT (AVENUE FRANKLIN)CANNET,0,,-1,2,0,1,(1),(1),1,, -1,1,0,1,50,23,3,2021,18:05,2,6,6030,2,9,0,6,ROOSEVELT (AVENUE FRANKLIN)CANNET,43.57752,6.99818,18,2,1
202100011061,181Â 950,A01,3,2,1,5,1,-1,-1,-1, -1,-1,2021,22.0,1,2,8,0,8,14,1,,7,MARINE (BOULEVARD DE LA),0,,2,2,0,1,10,160,1,, -1,1,0,4,50,25,10,2021,00:05,5,83,83069,2,1,0,6,MARINE (BOULEVARD DE LA),43.0972,6.16765,0,3,1
202100023893,158Â 925,Z01,10,3,1,3,0,-1,-1,3,3,1,2021,74.0,2,2,0,1,8,1,0,,4,,0,,3,4,0,1,(1),(1),1,, -1,1,0,1,50,14,8,2021,09:45,1,25,25056,2,1,0,6,BLUM BOULEVARD LEON (entre 51 ET  90),47.26157,6.03604,9,2,1
202100000053,201Â 652,B01,1,1,1,1,2,4,-1,-1, -1,-1,2021,42.0,1,1,0,2,1,1,1,,3,BRUYERES (RTE DES...NÂ°97et+ ET 66 et+ ),-1,,3,2,0,3,60,165,1,, -1,1,9,8,50,3,11,2021,12:50,1,62,62525,2,1,0,3,BRUYERES (RTE DES...NÂ°97et+ ET 66 et+ ),50.732345,2.251291,12,2,2
202100046577,118Â 515,A01,10,3,1,9,8,8,-1,3,3,2,2021,2.0,3,2,0,1,1,16,1,,4,LUDE (BD ET ALLEE DU),0,,2,2,0,1,(1),(1),3,, -1,1,5,1,50,24,3,2021,08:30,1,81,81004,2,6,0,6,LUDE (BD ET ALLEE DU),43.92182,2.14928,8,2,1
202100026646,154Â 078,A01,1,1,2,5,1,8,-1,-1, -1,-1,2021,67.0,2,2,16,0,2,1,1,,2,165,0,,3,4,0,1,90,370,1,, -1,2,0,1,110,27,7,2021,11:15,1,56,56083,1,1,1,7,N165 sens Brest/Nantes,47.78807,-3.2811,11,1,1
202100050336,111Â 728,B01,1,1,1,5,8,-1,-1,-1, -1,-1,2021,70.0,1,1,0,2,4,1,5,,4,BD ALBERT BRANDENBURG,0,,2,3,0,1,(1),(1),1,, -1,1,5,1,50,24,2,2021,17:55,1,33,33063,2,2,0,4,Boulevard Albert Brandenburg,44.875458,-0.545548,17,3,3
202100012908,178Â 656,A01,1,1,1,1,1,-1,-1,0,0,-1,2021,20.0,1,2,6,0,7,1,1,,3,258,-1,,2,2,0,1,6,500,1,, -1,1,0,4,30,15,10,2021,08:10,1,49,49343,2,1,0,6,48 Avenue Georges ClÃ©menceau,47.005984,-0.85254,8,1,1
202100022319,161Â 741,B01,2,2,2,5,2,-1,-1,0,0,-1,2021,16.0,0,1,1,0,0,1,1,,4,,0,,2,2,0,1,(1),(1),1,,5,1,0,1,50,27,8,2021,19:00,1,91,91648,2,1,0,6,Rue des Acacias,48.566977,2.354304,19,3,2
202100000036,201Â 696,A01,9,2,1,5,0,-1,-1,0,0,-1,2021,22.0,1,5,13,0,1,1,1,,3,902,0,D,2,2,0,2,91,500,3,, -1,2,0,3,80,1,8,2021,01:45,3,73,73290,1,1,1,6,D902 Col de la Madeleine,45.297082,6.936736,1,3,1
202100001282,199Â 469,A01,1,1,1,5,2,8,-1,-1, -1,-1,2021,17.0,1,1,6,0,1,1,1,,4,KOENIG (BD DU GENERAL) COTE IMPAIR,0,,2,2,0,1,0,0,1,, -1,2,0,1,50,25,12,2021,17:45,2,61,61006,2,3,1,6,ANCIENS LAVOIRS (RUE DES),48.74683,-0.02596,17,1,1
202100048472,115Â 121,A01,10,3,2,3,0,-1,-1,3,3,1,2021,65.0,1,2,0,1,1,16,0,,3,114,0,,2,2,0,1,0,10,1,, -1,1,9,1,50,9,3,2021,14:50,1,63,63291,2,5,0,6, EugÃ¨ne PhÃ©lip/Vaillant,45.959837537,3.4742770325,14,2,1
202100039596,130Â 807,B01,1,1,1,1,1,0,-1,0,0,-1,2021,23.0,1,2,0,2,4,1,1,,4,FAUVINS ( ROUTE  DES ),0,,2,2,0,1,0,1,1,, -1,1,0,1,50,14,5,2021,13:51,1,5,5061,2,1,0,2,FAUVINS ( ROUTE  DES ),44.56363,6.09912,13,2,2
202100043605,123Â 731,A01,1,1,1,0,1,0,-1,-1, -1,-1,2021,47.0,2,2,4,0,2,26,1,,1,AUTOROUTE A6A,0,,3,3,0,1,2,0,3,, -1,1,0,1,70,18,4,2021,19:05,1,94,94003,1,1,0,6,AUTOROUTE A6A,48.80066,2.34206,19,1,1
202100028227,151Â 240,A01,1,1,1,9,2,6,-1,0,0,-1,2021,24.0,1,1,0,0,1,1,1,,3,101,-1,,2,2,0,1,16,708,2,,"5,5",1,0,3,80,20,7,2021,19:00,1,85,85046,1,1,0,6,La Gouelle,46.68351,-1.30203,19,1,1
202100032156,144Â 273,A01,1,1,1,5,2,6,-1,-1, -1,-1,2021,52.0,1,1,0,0,0,15,1,,3,906,0,,2,2,0,1,0,0,2,, -1,2,5,1,50,26,6,2021,11:30,1,92,92020,2,9,0,7,VERDUN AVENUE DE AUTRES NÂ°,48.8006026745,2.2833757276,11,2,2
202100049898,112Â 544,B01,1,1,1,1,2,6,-1,0,0,-1,2021,49.0,2,1,0,2,3,3,1,,4,PORTE DAUPHINE,0,,-1,4,0,1,15,300,1,, -1,1,0,1,70,26,2,2021,17:05,1,75,75116,2,1,0,3,PORTE DAUPHINE,48.871338,2.273122,17,2,2
202100017748,169Â 899,A01,1,1,2,3,1,-1,-1,0,0,-1,2021,76.0,1,2,0,2,3,23,1,,3,950,-1,,2,2,0,1,(1),(1),1,, -1,1,0,1,80,18,9,2021,14:45,1,84,84122,1,1,0,1,2439 route d'orange,44.101578,4.933591,14,2,2
202100047760,116Â 378,A01,1,1,2,0,1,-1,-1,-1, -1,-1,2021,40.0,2,2,0,2,7,1,1,,4,VENDOME                             (R ),0,,1,1,2,1,(1),(1),1,, -1,1,0,1,50,16,3,2021,16:30,1,69,69386,2,2,0,3,VENDOME (R),45.7718235977,4.8444396257,16,2,2
202100013657,177Â 299,B01,1,1,2,1,1,0,-1,-1, -1,-1,2021,54.0,2,2,0,2,4,2,0,,7,D980,0,,3,4,0,1,1,879,1,, -1,1,0,1,90,11,10,2021,09:18,1,31,31555,1,1,0,2,D980,43.59796,1.36407,9,2,2
202100040740,128Â 789,A01,10,3,2,3,0,-1,-1,3,3,2,2021,78.0,1,2,0,1,2,1,1,,4,LOUIS TOUSSAINT (AVE),0,,2,3,0,2,0,0,1,, -1,1,0,1,50,7,5,2021,10:15,1,61,61169,2,1,1,6, LOUIS TOUSSAINT (AVE),48.7433,-0.56243,10,2,1
202100047828,116Â 264,B01,1,1,1,9,2,6,-1,0,0,-1,2021,41.0,2,1,0,2,8,9,1,,4,RUE MANIN,0,,2,2,0,1,(1),(1),1,, -1,2,0,1,30,16,3,2021,13:40,1,75,75119,2,1,1,3,RUE MANIN,48.884955,2.392545,13,2,2
202100014852,175Â 163,A01,1,1,2,0,8,0,-1,-1, -1,-1,2021,36.0,2,1,14,0,1,26,5,,3,REPUBLIQUE (AV DE LA),0,,2,2,0,2,154,0,1,, -1,1,0,1,50,6,10,2021,15:30,1,94,94077,2,1,0,6,Avenue de la RÃ©publique,48.732031,2.41078,15,1,1
202100005849,191Â 330,A01,1,1,1,5,1,0,-1,-1, -1,-1,2021,21.0,2,2,0,2,2,1,1,,1,A13,0,,1,3,0,3,31,600,1,, -1,2,0,1,130,27,11,2021,03:07,3,78,78140,1,1,0,3,A13,48.95807,1.93371,3,2,2
202100027932,151Â 780,A01,1,1,2,1,1,-1,-1,0,0,-1,2021,40.0,2,2,0,2,8,13,1,,4,RUE JEANNE CHAUVIN,0,,2,2,0,1,(1),(1),1,, -1,1,5,1,50,15,7,2021,07:35,1,29,29019,2,6,0,1,Rue Jeanne Chauvin,48.4226831076,-4.4757151007,7,2,2
202100040873,128Â 566,B01,1,1,1,5,1,-1,-1,-1, -1,-1,2021,28.0,1,2,0,2,2,1,1,,4,EMILE DUPORT                        (R ),0,,2,2,0,1,(1),(1),1,, -1,1,0,1,50,7,5,2021,20:20,1,69,69389,2,3,0,1,EMILE DUPORT (R),45.78476,4.81003,20,2,2
202100018997,167Â 677,A01,10,3,2,5,0,-1,-1,4,3,3,2021,1.0,1,2,0,1,2,1,1,,4,AVENUE DU GENERAL LECLERC,0,,2,5,0,1,(1),(1),1,, -1,2,0,1,50,14,9,2021,11:40,1,75,75114,2,4,0,6,AVENUE DU GENERAL LECLERC,48.8248119484,2.3259330537,11,4,1
202100043233,124Â 379,B01,1,1,1,5,2,-1,-1,0,0,-1,2021,52.0,1,1,0,0,4,2,5,,3,92,-1,,2,2,0,1,7,400,1,, -1,1,0,1,80,21,4,2021,13:00,1,41,41190,1,1,0,2,D92,47.80948,1.157631,13,2,2
202100014473,175Â 834,A01,1,1,2,5,2,6,-1,0,0,-1,2021,49.0,1,1,0,0,8,15,1,,3,5,0,C,2,2,0,2,43,670,2,, -1,1,0,1,90,9,10,2021,09:55,1,61,61208,1,4,0,7,Route de Bresolette,48.653555,0.673583,9,1,1
202100015151,174Â 628,A01,1,1,1,5,1,-1,-1,0,0,-1,2021,21.0,1,5,0,2,1,17,1,,3,929,0,D,2,2,0,1,1,800,3,, -1,2,0,1,70,6,10,2021,05:00,3,95,95058,1,1,1,1,Route de Clermont,49.1586344765,2.2876372933,5,2,2
202100053209,106Â 626,A01,1,1,2,5,1,-1,-1,-1, -1,-1,2021,70.0,1,2,4,0,3,1,1,,2,136,0,,3,7,0,1,13,199,1,, -1,1,0,1,90,29,1,2021,12:05,1,35,35238,1,1,0,6,RN136,48.09913,-1.71419,12,1,1
202100051839,109Â 044,A01,1,1,2,1,1,5,-1,0,0,-1,2021,27.0,1,2,0,2,8,2,1,,1,40,0,A,1,2,0,1,66,500,1,, -1,1,3,1,110,12,2,2021,07:00,5,74,74243,1,4,0,3,A40,46.135018,6.106682,7,2,2
202100040984,128Â 361,B01,1,1,1,5,2,-1,-1,0,0,-1,2021,47.0,2,1,0,2,1,1,5,,3,106,0,,2,2,0,1,1,230,2,, -1,1,0,3,80,8,5,2021,17:00,1,14,14027,1,1,0,1,D106,48.985237,-0.640479,17,2,2
202100053086,106Â 837,A01,10,3,2,5,0,-1,-1,2,3,1,2021,68.0,1,2,0,1,1,1,1,,4,RUE DE BABYLONE,0,,1,1,0,1,(1),(1),1,, -1,1,0,1,50,30,1,2021,12:40,1,75,75107,2,2,0,6,RUE DE BABYLONE,48.851697,2.319039,12,2,1
202100005692,191Â 625,A01,1,1,2,0,0,-1,-1,0,0,-1,2021,52.0,1,1,0,2,2,15,5,,3,994,0,,2,2,0,1,48,450,1,, -1,1,5,1,90,30,11,2021,12:00,1,5,5087,1,3,0,2,D994,44.551778,5.864591,12,2,2
202100018406,168Â 725,A01,1,1,2,5,2,0,-1,0,0,-1,2021,18.0,1,1,0,2,1,2,3,,4,RUE EMILE DURKHEIM,0,,1,0,0,1,(1),(1),1,, -1,1,0,1,30,17,9,2021,11:15,1,75,75113,2,3,0,2,RUE EMILE DURKHEIM,48.832693,2.37828,11,2,2
202100047136,117Â 513,A01,10,3,2,9,0,-1,-1,4,3,3,2021,84.0,1,1,0,1,1,1,1,,4,BOULEVARD DE L HOPITAL,0,,2,3,0,1,(1),(1),1,, -1,1,0,1,50,20,3,2021,15:52,1,75,75113,2,7,0,6,BOULEVARD DE L HOPITAL,48.832232,2.356061,15,2,1
202100053129,106Â 772,A01,1,1,1,5,8,-1,-1,0,0,-1,2021,61.0,1,2,13,0,2,14,1,,3,85,-1,,2,2,0,2,5,85,2,, -1,2,0,3,50,29,1,2021,18:00,5,73,73131,2,1,1,6,D85,45.498887,6.542753,18,1,1
202100024193,158Â 424,B01,1,1,1,5,2,6,-1,0,0,-1,2021,45.0,0,1,0,2,1,1,1,,4,,-1,,2,2,0,1,(1),(1),1,,4,1,0,1,50,14,8,2021,11:40,1,973,97307,2,2,0,3,intersection rue de l'alambic - rue de la rÃ©colte,4.879317,-52.324759,11,2,2
202100034362,140Â 316,A01,1,1,1,5,0,-1,-1,0,0,-1,2021,16.0,1,1,0,2,1,1,3,,3,,-1,,2,2,0,1,(1),(1),1,,4,1,0,1,50,16,6,2021,17:45,1,3,3022,2,2,0,3,Route de la Gare,46.200977,3.079168,17,2,2
202100008904,185Â 824,A01,9,2,2,5,0,-1,-1,0,0,-1,2021,7.0,2,2,0,0,8,1,1,,3,50,0,B,2,2,0,1,3,503,1,, -1,1,0,1,80,8,11,2021,17:40,2,81,81195,1,1,0,7,RD50B,43.577515,2.222328,17,5,1
202100025242,156Â 536,A01,4,2,1,5,1,4,-1,-1, -1,-1,2021,2.0,2,2,0,2,8,1,1,,1,A4.W,0,,-1,5,0,1,19,399,1,, -1,2,0,1,110,6,8,2021,00:15,3,77,77258,1,1,0,6,A4.W,48.8309,2.63505,0,4,2
202100021707,162Â 839,A01,1,1,1,5,1,-1,-1,0,0,-1,2021,55.0,1,2,0,2,3,13,1,,3,150,0,,2,2,0,2,9,0,1,, -1,1,0,1,90,1,9,2021,16:05,1,17,17211,1,1,0,1,DÃ©partementale 150,46.032241,-0.513965,16,3,2
202100037416,134Â 783,B01,4,2,2,0,8,0,-1,-1, -1,-1,2021,12.0,1,2,0,2,1,1,1,,7,MISTRAL (ALLEE / LITTORAL FREDERIC),0,,3,2,1,2,0,360,1,, -1,1,0,1,50,30,5,2021,21:00,2,83,83137,2,9,0,1,MISTRAL (ALLEE / LITTORAL FREDERIC),43.10923,5.95694,21,7,2
202100035506,138Â 245,A01,1,1,2,5,2,8,-1,0,0,-1,2021,25.0,3,1,0,2,8,19,6,,4,JAURES JEAN (AVENUE),0,,3,3,1,1,(1),(1),1,, -1,1,0,1,30,1,6,2021,17:20,1,34,34108,2,1,0,3,JAURES JEAN (AVENUE),43.4257718675,3.7311324477,17,3,2
202100038256,133Â 266,A01,1,1,2,5,1,-1,-1,0,0,-1,2021,28.0,1,2,2,0,8,0,1,,3,127,-1,,2,1,0,2,10,162,1,, -1,1,0,3,-1,26,5,2021,21:30,3,76,76050,1,1,0,6,Rue de lâEtang,49.8571107341,0.9553835582,21,1,1
202100020446,165Â 085,A01,1,1,1,4,1,8,-1,0,0,-1,2021,28.0,1,4,0,2,1,2,1,,3,,0,,1,1,0,2,0,0,1,, -1,1,3,1,30,12,5,2021,13:50,1,14,14366,2,3,0,2,D613,49.13286,0.236347,13,2,2
202100005208,192Â 465,A01,10,3,2,0,0,-1,-1,3,3,1,2021,66.0,0,2,0,1,3,15,1,,4,,0,,1,1,0,1,0,0,1,, -1,1,0,1,50,25,11,2021,07:55,2,92,92063,2,2,0,6,REPUBLIQUE (AVENUE DE LA),48.8808381574,2.1744856238,7,2,1
202100002115,198Â 014,A01,1,1,2,0,1,0,-1,-1, -1,-1,2021,59.0,2,2,4,0,8,13,1,,1,AUTOROUTE A104,0,,3,6,0,1,4,99,1,, -1,1,0,1,90,20,12,2021,06:30,3,93,93078,1,1,0,6,AUTOROUTE A104,48.95896,2.53484,6,1,1
202100001149,199Â 720,B01,1,1,1,0,2,0,-1,0,0,-1,2021,16.0,1,1,0,2,1,2,1,,4,CHARLES III (RUE),0,,1,2,1,1,(1),(1),1,, -1,1,1,1,30,27,10,2021,13:25,1,54,54395,2,1,0,2,CHARLES III (RUE),48.68606,6.18291,13,2,2
202100042005,126Â 538,B01,2,2,2,0,1,0,-1,-1, -1,-1,2021,24.0,3,2,14,9,4,1,1,,4,,0,,2,2,0,1,0,0,4,, -1,1,8,1,30,29,4,2021,09:45,1,91,91027,2,1,0,2,VC QUAI DE L'ORGE,48.71027,2.40204,9,5,2
202100004466,193Â 784,A01,1,1,1,1,1,-1,-1,0,0,-1,2021,32.0,1,2,2,0,8,1,1,,3,431,0,D,2,2,0,1,(1),(1),3,, -1,7,0,3,70,7,12,2021,05:30,3,68,68342,1,1,0,6,D431,47.816959,7.192268,5,1,1
202100050319,111Â 756,A01,10,3,2,0,0,-1,-1,3,3,1,2021,25.0,1,2,0,1,1,1,1,,4,MOSCOU (RUE DE),0,,1,1,0,2,0,0,1,, -1,1,0,1,30,23,2,2021,17:50,1,72,72095,2,1,0,6,MOSCOU (RUE DE),48.02284,0.20924,17,2,1
202100045080,121Â 155,A01,2,2,1,9,1,-1,-1,0,0,-1,2021,27.0,3,5,0,0,9,15,1,,2,1,0,A,-1,2,0,1,5,100,2,, -1,1,0,1,70,4,4,2021,14:45,1,986,98613,2,9,0,7,Halalo,-13.344717,-176.213625,14,2,1
202100054077,105Â 086,B01,1,1,1,1,2,0,-1,0,0,-1,2021,18.0,1,1,0,2,7,17,1,,3,BRIAND (AVENUE ARISTIDE),0,,2,2,0,1,1,145,1,, -1,1,0,1,50,22,1,2021,16:30,1,27,27229,2,3,0,5,BRIAND (AVENUE ARISTIDE),49.0187,1.12701,16,3,3
202100025935,155Â 326,A01,1,1,1,5,2,-1,-1,0,0,-1,2021,65.0,1,1,0,2,1,1,1,,3,568,0,C,2,2,0,1,1,100,1,, -1,1,0,1,50,3,8,2021,17:25,1,201,201247,2,1,0,2,Rue Henry Frenay,41.602573,9.278896,17,2,2