Num_Acc,id_vehicule,num_veh,place,catu,sexe,trajet,secu1,secu2,secu3,locp,actp,etatp,year_acc,victim_age,senc,catv,obs,obsm,choc,manv,motor,occutc,catr,voie,v1,v2,circ,nbv,vosp,prof,pr,pr1,plan,lartpc,larrout,surf,infra,situ,vma,jour,mois,an,hrmn,lum,dep,com,agg_,int,atm,col,adr,lat,long,hour,nb_victim,nb_vehicules
202100048493,115Â 081,B01,1,1,1,1,1,0,-1,-1, -1,-1,2021,64.0,1,2,0,2,3,1,1,,1,A51-Sens Marseille vers Aix en Provence,0,,1,3,0,1,3,500,1,, -1,1,0,1,90,10,3,2021,09:10,1,13,13019,1,1,0,3,A51-Sens Marseille vers Aix en Provence,43.42445,5.37575,9,2,2
202100029398,149Â 231,A01,10,3,2,3,0,-1,-1,6,9,1,2021,77.0,1,2,0,1,4,4,1,,3,306,0,D,2,2,0,1,61,500,1,, -1,1,0,3,50,8,7,2021,10:10,1,69,69288,2,1,0,6,JEAN MOULIN (AV),45.687108,5.049098,10,2,1
202100048962,114Â 231,A01,10,3,1,9,0,-1,-1,4,3,1,2021,59.0,1,2,0,1,2,7,1,,4,RUE SAINT LAZARE,0,,1,4,3,1,(1),(1),1,, -1,1,-1,6,50,5,3,2021,15:20,1,75,75109,2,2,0,6,RUE SAINT LAZARE,48.8761585131,2.3311095468,15,2,1
202100033554,141Â 787,B01,2,2,2,0,1,8,-1,0,0,-1,2021,21.0,1,2,0,2,4,23,1,,4,,0,,2,3,0,1,(1),(1),1,, -1,1,5,1,50,16,6,2021,17:00,1,71,71153,2,2,0,2,Route de Montcenis,46.8040892145,4.4130426171,17,3,2
202100017118,171Â 035,B01,1,1,1,0,1,0,-1,-1, -1,-1,2021,54.0,2,2,0,2,8,1,1,,4,BLUM (RUE LEON),0,,2,2,0,2,1,0,1,, -1,1,0,1,50,23,9,2021,18:30,1,93,93064,2,2,0,3,BLUM (RUE LEON),48.88093,2.48005,18,2,2
202100044086,122Â 875,B01,1,1,1,1,2,6,-1,0,0,-1,2021,60.0,1,1,0,2,1,1,1,,3,13,0,,2,2,0,1,4,980,1,, -1,1,5,1,80,29,3,2021,08:50,1,29,29015,1,2,0,2,Petite Ile,48.4869946083,-4.500483268,8,2,2
202100035576,138Â 125,A01,1,1,1,0,2,6,-1,-1, -1,-1,2021,40.0,1,1,0,0,8,16,1,,3,PAQUERETTES RUE DES,0,,1,1,0,1,0,0,1,, -1,1,0,1,50,8,6,2021,07:50,1,92,92050,2,3,0,7,PAQUERETTES RUE DES,48.9078548989,2.213550657,7,1,1
202100035963,137Â 400,B01,1,1,2,5,8,0,-1,-1, -1,-1,2021,11.0,0,1,0,2,3,19,5,,4,JACQUES DECOUR (SQUARE),0,,1,2,0,1,0,0,1,, -1,1,0,1,50,7,6,2021,18:10,1,93,93007,2,1,0,3,JACQUES DECOUR (SQUARE),48.92123,2.47539,18,2,2
202100051382,109Â 836,A01,2,2,1,0,1,0,-1,-1, -1,-1,2021,41.0,1,2,0,2,1,26,1,,1,AUTOROUTE A86,0,,3,6,0,1,28,200,1,, -1,1,0,1,90,14,2,2021,23:50,3,93,93064,1,1,0,2,AUTOROUTE A86,48.86944,2.48241,23,3,2
202100017752,169Â 892,A01,1,1,2,1,1,-1,-1,0,0,-1,2021,24.0,2,2,0,0,3,1,1,,4,,-1,,2,2,0,1,(1),(1),3,,4,1,0,1,50,21,9,2021,14:00,1,88,88142,2,1,0,1,300 Rue de l AviÃ¨re,48.214844,6.37773,14,2,2
202100024759,157Â 392,A01,1,1,2,1,8,8,-1,-1, -1,-1,2021,17.0,3,1,0,2,0,26,5,,4,PASSERONNE CHEMIN DE LA,0,,2,2,0,1,0,0,3,, -1,1,0,1,30,10,8,2021,10:40,1,9,9225,2,1,0,3,PASSERONNE CHEMIN DE LA,43.1014,1.62399,10,2,2
202100050967,110Â 577,A01,1,1,1,1,2,-1,-1,0,0,-1,2021,46.0,2,1,0,0,0,1,1,,3,6,-1,,2,2,0,1,6,290,1,, -1,1,0,3,80,19,2,2021,19:10,3,65,65035,1,1,0,7,D6 Route d'Artagnan,43.3972107586,0.0717759132,19,1,1
202100000992,199Â 984,A01,10,3,2,5,0,-1,-1,1,3,1,2021,75.0,1,2,0,1,1,1,1,,4,STANISLAS (RUE),0,,1,3,0,1,(1),(1),1,, -1,2,0,1,50,29,12,2021,12:03,1,68,68374,2,1,1,6,STANISLAS (RUE),48.07923,7.32056,12,2,1
202100039695,130Â 626,A01,3,2,2,5,1,8,-1,-1, -1,-1,2021,17.0,1,2,13,0,7,1,1,,3,MONTEGUT (CHEMIN DE),0,,2,2,0,1,0,0,3,, -1,2,4,1,50,15,5,2021,13:30,1,32,32013,1,8,0,7,MONTEGUT (CHEMIN DE),43.65718,0.63799,13,4,1
202100038607,132Â 629,A01,1,1,1,4,2,6,-1,-1, -1,-1,2021,27.0,1,1,0,2,1,2,1,,4,TILSITT                             (QU),0,,1,3,3,1,(1),(1),1,, -1,2,0,1,50,22,5,2021,20:00,2,69,69382,2,1,1,2,TILSITT (Q),45.75831,4.82878,20,2,2
202100051015,110Â 480,C01,1,1,2,0,8,8,-1,-1, -1,-1,2021,24.0,2,2,0,2,1,26,1,,2,RN3 (1),0,,1,2,0,1,59,0,1,, -1,1,0,8,110,18,2,2021,09:12,1,974,97416,1,1,0,5,RN3 (1),-21.3153934237,55.4924583435,9,3,3
202100036848,135Â 833,B01,1,1,2,9,8,0,-1,-1, -1,-1,2021,21.0,1,2,0,2,1,0,1,,4,VALENTON (AV DE),0,,3,2,0,1,1,0,1,, -1,1,0,1,50,2,6,2021,15:50,1,94,94078,2,1,0,5,Avenue de Valenton,48.733485,2.451827,15,4,4
202100045627,120Â 178,B01,1,1,1,9,2,6,-1,0,0,-1,2021,39.0,3,1,0,2,1,1,1,,4,AVENUE DU MAHATMA GANDHI,0,,2,2,0,1,(1),(1),1,, -1,1,0,1,50,31,3,2021,18:15,1,75,75116,2,2,0,3,AVENUE DU MAHATMA GANDHI,48.8758272872,2.2621589899,18,2,2
202100019784,166Â 283,A01,1,1,1,0,2,-1,-1,0,0,-1,2021,58.0,1,1,13,0,8,1,1,,3,115,-1,,2,2,0,1,30,600,3,, -1,1,0,1,80,10,9,2021,19:45,1,17,17327,1,1,0,7,D115,46.091715,-0.612458,19,1,1
202100008951,185Â 716,A01,2,2,1,0,2,-1,-1,-1, -1,-1,2021,18.0,1,1,0,2,1,9,1,,4,TIVOLI (AVE DE),0,,2,2,0,1,(1),(1),1,, -1,1,0,1,50,7,11,2021,15:30,1,33,33069,2,6,0,3,Avenue de Tivoli,44.86853,-0.59726,15,3,2
202100000589,200Â 646,B01,1,1,1,0,1,5,-1,0,0,-1,2021,58.0,0,2,0,2,1,1,1,,3,934,-1,,2,2,0,1,52,557,1,, -1,2,0,1,80,31,12,2021,06:20,3,77,77116,1,1,1,1,D934,48.78899,3.205803,6,4,2
202100054709,103Â 998,B01,1,1,1,1,1,-1,-1,0,0,-1,2021,51.0,1,2,3,9,3,2,1,,2,165,-1,N,3,4,0,1,10,0,1,, -1,1,0,1,110,18,1,2021,07:15,3,44,44047,1,1,0,1,N 165 PR 10+000,47.254053,-1.674364,7,2,2
202100008748,186Â 098,A01,10,3,2,9,0,-1,-1,2,3,1,2021,36.0,2,2,0,1,1,1,1,,4,RUE RONSARD,0,,1,1,0,1,(1),(1),1,, -1,1,0,1,30,9,11,2021,15:52,1,75,75118,2,4,0,6,RUE RONSARD,48.885771,2.344984,15,2,1
202100005372,192Â 184,A01,10,3,2,3,0,-1,-1,3,3,1,2021,50.0,2,2,0,1,7,1,1,,4,RUE DE FLEURUS,0,,2,2,0,1,(1),(1),1,, -1,2,0,1,30,1,12,2021,11:10,1,75,75106,2,2,1,6,RUE DE FLEURUS,48.847056,2.331569,11,2,1
202100004115,194Â 385,A01,1,1,1,1,8,0,-1,0,0,-1,2021,23.0,2,1,0,2,4,1,5,,4,RUE CAMBRONNE,0,,2,2,0,1,(1),(1),1,, -1,1,0,1,30,8,12,2021,13:38,1,75,75115,2,3,0,2,RUE CAMBRONNE,48.84569,2.302011,13,2,2
202100029120,149Â 699,A01,10,3,2,5,0,-1,-1,2,3,1,2021,41.0,2,2,0,1,1,15,1,,3,LUNDY (BOULEVARD),0,,2,4,0,1,18,150,1,, -1,2,0,1,50,13,7,2021,14:20,1,51,51454,2,2,1,7,Boulevard Lundy,49.2581282736,4.0383762417,14,2,1
202100017444,170Â 445,A01,1,1,1,5,2,8,-1,-1, -1,-1,2021,22.0,2,1,0,2,1,21,1,,3,LOCRE (ROUTE DE),0,,-1,2,0,2,(1),(1),1,, -1,1,0,1,50,18,9,2021,16:00,1,59,59043,2,3,0,3,LOCRE (ROUTE DE),50.7576697243,2.7514645599,16,2,2
202100043366,124Â 150,A01,10,3,1,0,0,-1,-1,2,3,1,2021,62.0,1,3,1,1,1,19,1,1.0,3,VAILLANT-COUTURIER (AVENUE PAUL),0,,1,2,0,1,0,1,1,, -1,1,0,1,50,20,4,2021,20:30,2,93,93027,2,1,0,1,VAILLANT-COUTURIER (AVENUE PAUL),48.92716,2.41749,20,3,2
202100024159,158Â 478,A01,1,1,1,5,2,-1,-1,0,0,-1,2021,31.0,2,1,8,0,8,21,1,,3,963,-1,,2,2,0,1,11,900,1,,4,1,0,3,80,29,5,2021,19:35,1,45,45092,1,3,0,6,route des quatre croix  / RD 963,47.958034,2.616999,19,1,1
202100000387,201Â 013,A01,1,1,1,0,1,-1,-1,-1, -1,-1,2021,44.0,2,2,0,2,1,5,1,,4,Rue des Tourelles,0,,2,2,0,1,(1),(1),2,, -1,1,0,1,30,29,7,2021,20:45,2,4,4112,2,6,0,3,Inter rue des tourelles / MontÃ©e des bassins,43.8347,5.7785,20,2,2
202100040704,128Â 861,B01,1,1,1,0,2,6,-1,-1, -1,-1,2021,47.0,1,1,0,2,3,2,1,,1,A50-Sens Marseille vers Aubagne,0,,1,3,0,1,7,0,1,, -1,1,0,1,90,7,5,2021,19:00,1,13,13211,1,1,0,2,A50-Sens Marseille vers Aubagne,43.2928736354,5.4761910439,19,2,2
202100001035,199Â 918,B01,2,2,1,5,1,0,-1,-1, -1,-1,2021,8.0,0,2,0,2,1,1,0,,3,RIBERAC (ROUTE DE),0,,2,2,0,1,0,0,1,, -1,1,0,1,50,24,12,2021,18:05,2,24,24102,1,1,0,1,RIBERAC (ROUTE DE),45.19632,0.65168,18,3,2
202100039517,130Â 967,A01,9,2,2,5,1,-1,-1,0,0,-1,2021,22.0,2,2,0,2,1,13,1,,3,723,-1,D,2,3,0,4,66,800,1,, -1,1,0,1,90,19,5,2021,14:25,1,49,49160,1,1,0,1,D723,47.414701,-0.910857,14,5,2
202100004496,193Â 730,B01,2,2,1,9,8,-1,-1,0,0,-1,2021,5.0,0,1,0,0,6,1,1,,4,,-1,,2,0,0,1,(1),(1),1,,0,1,5,1,50,30,9,2021,17:00,1,74,74010,2,2,0,3,Rte de Frangy,45.9148031,6.091551,17,3,2
202100028094,151Â 489,B01,1,1,1,0,2,0,-1,-1, -1,-1,2021,31.0,1,1,1,0,1,1,5,,4,PINEL                               (BD),0,,3,2,2,2,(1),(1),1,, -1,1,0,1,50,19,7,2021,08:40,1,69,69388,2,1,0,6,PINEL (BD),45.7366096267,4.890267849,8,1,1
202100051518,109Â 608,B01,1,1,2,0,1,0,0,0,0,-1,2021,36.0,1,2,0,2,1,1,1,,7,BARONNE ROUTE DE LA,0,,2,2,0,1,6,250,2,, -1,2,0,1,50,13,2,2021,18:19,5,6,6123,2,1,1,1,BARONNE ROUTE DE LA,43.70709,7.17844,18,2,2
202100020422,165Â 136,A01,1,1,1,4,8,-1,-1,0,0,-1,2021,38.0,1,2,0,2,8,17,1,,3,30,0,,2,2,0,2,22,900,3,, -1,1,0,1,70,8,9,2021,17:30,1,69,69190,1,1,0,5,GREZIEU LA VARENNE (DE) (RTE),45.764331,4.696768,17,3,3
202100053058,106Â 883,A01,1,1,1,5,1,-1,-1,0,0,-1,2021,71.0,2,2,13,0,1,13,1,,3,LOCRONAN ROUTE DE,0,,2,1,0,1,3,100,2,, -1,7,0,3,80,25,1,2021,10:00,1,29,29232,1,1,1,6,D63 - Route de Locronan,48.01317,-4.1286,10,1,1
202100019285,167Â 164,A01,1,1,1,1,2,6,-1,0,0,-1,2021,57.0,1,1,3,0,4,0,1,,3,83,-1,,1,4,0,1,43,950,1,, -1,1,5,1,70,9,9,2021,13:30,1,68,68374,2,6,0,2,dÃ©partementale 83,48.083383,7.312206,13,2,2
202100010259,183Â 368,A01,5,2,2,5,8,-1,-1,-1,0,-1,2021,20.0,1,2,4,0,7,17,1,,1,AUTOROUTE A15,0,,-1,6,0,1,8,399,3,, -1,1,0,2,110,30,10,2021,01:20,3,95,95582,1,1,0,6,A15,48.96595,2.25859,1,5,1
202100017147,170Â 988,A01,10,3,1,0,0,-1,-1,1,3,1,2021,44.0,2,1,0,1,3,1,1,,3,JEAN JAURES (BD) DE (1 A 45)   (2 A 54),0,,1,3,2,1,0,0,1,, -1,1,0,1,50,23,9,2021,14:25,1,92,92024,2,1,0,6,JEAN JAURES (BD) DE (1 A 45)   (2 A 54),48.89715,2.3089,14,2,1
202100043206,124Â 430,B01,1,1,1,9,2,6,-1,0,0,-1,2021,55.0,3,1,0,2,1,1,1,,4,PLACE DE LA CONCORDE,0,,2,8,1,1,(1),(1),1,, -1,1,0,1,50,20,4,2021,14:17,1,75,75108,2,7,0,5,PLACE DE LA CONCORDE,48.865855,2.319892,14,5,3
202100040282,129Â 603,A01,2,2,1,5,1,-1,-1,0,0,-1,2021,25.0,0,2,4,0,2,2,1,,3,,-1,,3,1,0,3,61,501,2,,4,1,0,2,90,13,5,2021,15:00,1,6,6085,1,1,0,6,D6185,43.607608,6.984062,15,2,1
202100037355,134Â 897,A01,1,1,1,2,2,-1,-1,0,0,-1,2021,17.0,3,1,0,2,7,15,1,,3,973,0,,2,2,0,1,28,600,1,, -1,1,0,1,90,1,6,2021,17:15,1,21,21534,1,2,1,3,D973,47.01234,4.923474,17,2,2
202100045914,119Â 686,A01,10,3,2,5,0,-1,-1,2,3,1,2021,78.0,2,1,0,1,2,1,1,,4,CAMPINCHI >= NR 40 -RUE,0,,1,1,0,1,35,0,1,, -1,1,0,1,50,30,3,2021,12:00,1,202,202033,2,1,0,-1,CAMPINCHI >= NR 40 -RUE,42.7029,9.4502,12,2,1
202100040905,128Â 510,B01,1,1,1,0,1,0,-1,0,0,-1,2021,56.0,1,2,0,2,1,1,1,,4,BRIGACHTAL (AVENUE DE),0,,2,4,0,1,(1),(1),1,, -1,2,0,1,50,4,5,2021,17:15,1,54,54184,2,2,1,3,BRIGACHTAL (AVENUE DE),48.70063,6.22462,17,2,2
202100055874,102Â 007,B01,1,1,2,5,1,-1,-1,0,0,-1,2021,38.0,3,2,0,0,3,1,1,,3,139,-1,,2,2,0,1,24,840,1,, -1,1,0,1,50,8,1,2021,19:05,3,27,27107,2,2,0,3,D139/D89,49.390375,0.621135,19,2,2
202100053472,106Â 136,C01,1,1,2,1,8,8,-1,-1, -1,-1,2021,49.0,1,2,0,2,6,1,1,,7,HENRI BARNIER (BOULEVARD),0,,3,3,2,2,1,300,1,, -1,1,0,1,50,26,1,2021,08:30,1,13,13216,2,9,0,5,HENRI BARNIER (BOULEVARD),43.36533,5.34289,8,3,3
202100014197,176Â 315,A01,1,1,1,1,2,6,-1,0,0,-1,2021,43.0,1,1,0,2,3,3,1,,4,PORTE DE MONTREUIL,0,,1,4,0,1,30,700,1,, -1,1,0,1,70,8,10,2021,08:30,1,75,75120,2,1,0,3,PORTE DE MONTREUIL,48.85724,2.414025,8,2,2
202100021933,162Â 421,A01,2,2,2,5,1,-1,-1,-1, -1,-1,2021,19.0,1,2,13,0,2,1,1,,2,RN 165,0,,3,4,0,2,50,900,1,, -1,1,0,3,110,30,8,2021,02:29,3,29,29232,1,1,0,6,N165 - Moulin de Penhoat,48.0083,-4.06519,2,3,1
202100037484,134Â 667,A01,1,1,1,5,1,-1,-1,0,0,-1,2021,24.0,0,2,13,0,3,13,1,,3,252,-1,,2,2,0,1,1,560,2,, -1,1,0,1,80,30,5,2021,19:30,1,61,61297,1,1,0,6,lieu dit Tyres,48.669263,0.481564,19,1,1
202100047379,117Â 083,B01,1,1,2,0,1,0,-1,-1, -1,-1,2021,22.0,1,2,0,2,4,2,1,,3,AUXERRE (ROUTE),0,,2,2,0,1,33,900,1,, -1,1,0,1,50,19,3,2021,15:34,1,10,10333,2,1,0,4,AUXERRE (ROUTE),48.27488,4.05916,15,3,3
202100012721,178Â 979,A01,9,2,1,5,1,-1,-1,0,0,-1,2021,22.0,2,2,13,0,1,15,1,,3,154,0,,2,2,0,3,12,471,2,, -1,1,0,3,80,17,10,2021,07:40,2,34,34223,1,2,0,6,D154,43.451723,3.188602,7,4,1
202100013847,176Â 943,B01,1,1,1,5,2,0,-1,-1, -1,-1,2021,52.0,1,1,0,2,0,15,1,,3,CIMENTERIE (RUE DE LA),0,,2,2,0,1,1,480,1,, -1,1,0,1,50,8,10,2021,17:58,1,57,57019,2,1,0,3,CIMENTERIE (RUE DE LA),49.25659,6.11965,17,2,2
202100009787,184Â 202,A01,1,1,1,0,2,6,-1,-1, -1,-1,2021,35.0,3,1,0,2,1,1,1,,4,GRASSET   AVENUE EDMOND (159),0,,4,1,0,1,(1),(1),1,, -1,1,8,1,50,9,10,2021,21:16,5,17,17300,2,1,0,1,GRASSET   AVENUE EDMOND (159),46.164164,-1.175427,21,3,2
202100034892,139Â 348,A01,10,3,2,0,0,-1,-1,2,3,1,2021,76.0,3,2,0,1,3,1,1,,3,,-1,,2,1,0,1,17,0,1,,4,1,0,1,50,12,6,2021,17:00,1,67,67067,2,1,0,6,6 Rue Jacques KablÃ©,48.730641,7.709044,17,2,1
202100005255,192Â 389,A01,1,1,1,0,2,8,-1,-1, -1,-1,2021,25.0,2,1,0,2,1,1,1,,4,BRIARDE (ALLEE DE LA),0,,2,2,0,1,0,0,1,, -1,2,0,1,50,1,12,2021,08:20,2,77,77169,2,1,1,3,BRIARDE (ALLEE DE LA),48.820186,2.612823,8,2,2
202100055180,103Â 183,A01,10,3,1,0,0,-1,-1,1,3,1,2021,18.0,1,2,0,1,1,1,1,,4,,0,,3,4,3,1,(1),0,1,, -1,1,0,1,50,13,1,2021,18:35,5,44,44162,2,1,0,6,BOULEVARD SALVADOR ALLENDE,47.21861,-1.617975,18,2,1
202100005373,192Â 183,A01,1,1,1,9,2,0,-1,0,0,-1,2021,63.0,1,1,0,2,8,1,5,,4,QUAI DE LA TOURNELLE,0,,2,4,1,1,(1),(1),1,, -1,2,0,5,30,1,12,2021,11:00,1,75,75105,2,2,1,3,QUAI DE LA TOURNELLE,48.851131,2.351315,11,2,2
202100053605,105Â 903,B01,1,1,1,2,0,0,-1,-1, -1,-1,2021,12.0,1,1,0,2,1,15,5,,4,YSER (BD DE L'),0,,3,2,2,1,(1),(1),3,, -1,1,0,1,50,26,1,2021,09:15,1,35,35238,2,2,0,1,YSER (BD DE L'),48.09208,-1.67615,9,2,2
202100021335,163Â 517,A01,1,1,2,5,2,6,-1,0,0,-1,2021,21.0,1,1,17,0,8,1,1,,3,28,-1,,2,2,0,1,12,450,2,, -1,1,0,1,50,15,8,2021,19:10,1,56,56233,1,1,0,6,Lieu Dit Kerarno,47.579931,-2.998002,19,1,1
202100035625,138Â 042,B01,2,2,2,9,2,-1,-1,0,0,-1,2021,9.0,1,1,0,2,1,1,1,,3,2,0,A,2,2,2,1,10,300,1,, -1,2,0,1,50,9,6,2021,12:15,1,973,97309,2,2,1,3,Route de RÃ©mire,4.907714,-52.272823,12,3,2
202100000813,200Â 267,A01,3,2,1,5,1,5,-1,-1, -1,-1,2021,23.0,1,2,0,2,2,14,1,,1,AUTOROUTE A6,0,,1,8,0,1,16,200,1,, -1,2,0,2,110,31,12,2021,01:50,3,91,91589,1,1,0,3,AUTOROUTE A6,48.68429,2.32836,1,5,2
202100054174,104Â 911,A01,1,1,1,0,2,6,-1,-1, -1,-1,2021,20.0,2,1,0,0,7,1,1,,1,AUTOROUTE A3,0,,3,6,0,1,8,0,1,, -1,1,0,1,90,22,1,2021,17:45,2,93,93010,1,1,0,3,AUTOROUTE A3,48.90632,2.47217,17,2,2
202100034058,140Â 882,B01,1,1,2,0,1,0,-1,-1, -1,-1,2021,81.0,2,2,0,2,3,1,1,,4,TOUR D'AUVERGNE (RUE DE LA),0,,2,2,0,1,(1),(1),1,, -1,1,0,1,50,16,6,2021,20:17,1,37,37261,2,3,0,6,TOUR D'AUVERGNE (RUE DE LA),47.385226826,0.7063476741,20,2,2
202100041613,127Â 222,B01,1,1,1,5,2,6,-1,0,0,-1,2021,61.0,2,1,0,2,1,1,1,,7,41,2,E,2,2,0,2,4,300,1,, -1,1,0,1,90,3,5,2021,16:40,1,13,13022,1,1,0,1,Avenue de Carnoux,43.237903,5.545151,16,2,2
202100003294,195Â 878,B01,1,1,2,1,1,-1,-1,0,0,-1,2021,49.0,1,2,0,2,1,1,1,,3,554,0,,2,2,0,1,43,359,2,, -1,9,0,1,-1,14,12,2021,18:30,3,83,83039,1,1,0,1,D554,43.508674,6.018255,18,2,2
202100048404,115Â 236,Z01,10,3,2,9,8,8,-1,4,3,1,2021,37.0,1,2,0,1,1,1,1,,4,LOBAU (BOULEVARD),0,,2,4,0,1,(1),(1),1,, -1,1,0,1,50,9,3,2021,11:40,1,54,54395,2,2,0,6,LOBAU (BOULEVARD),48.6869863372,6.1950405644,11,2,1
202100003841,194Â 887,A01,1,1,1,5,2,6,-1,0,0,-1,2021,47.0,2,1,0,0,2,7,1,,4,RUE SAINT HONORE,0,,1,2,0,1,(1),(1),1,, -1,1,-1,6,30,9,12,2021,12:05,1,75,75101,2,2,0,7,RUE DU LOUVRE,48.861703,2.341215,12,1,1
202100035724,137Â 857,A01,1,1,2,2,1,8,-1,0,0,-1,2021,19.0,2,2,0,2,2,1,1,,2,FRANCAIS LIBRES (BD),0,,3,4,0,2,0,0,1,, -1,1,0,1,70,3,6,2021,05:25,2,30,30189,2,2,0,6,FRANCAIS LIBRES (BD),43.8305,4.32313,5,2,2
202100020140,165Â 626,A01,1,1,1,0,1,-1,-1,0,0,-1,2021,76.0,1,2,8,0,3,1,1,,3,108,0,D,2,2,0,2,6,0,1,, -1,1,0,1,50,9,9,2021,07:34,1,91,91533,2,3,0,6,Rue Jean Moulin,48.362683,2.12321,7,2,1
202100039316,131Â 325,B01,1,1,1,9,2,0,-1,0,0,-1,2021,31.0,3,1,0,2,4,23,1,,4,PLACE DE LA PORTE DE BAGNOLET,0,,4,4,0,1,(1),(1),2,, -1,2,0,1,50,19,5,2021,15:45,1,75,75120,2,7,1,2,PLACE DE LA PORTE DE BAGNOLET,48.864664,2.408647,15,2,2
202100042649,125Â 397,A01,1,1,1,5,2,6,-1,0,0,-1,2021,69.0,0,1,0,0,8,0,1,,3,32,0,D,-1,2,0,1,3,250,3,, -1,1,0,3,80,18,4,2021,18:40,1,77,77029,1,1,0,7,d32,48.649838,2.854874,18,1,1
202100038514,132Â 801,C01,2,2,1,0,8,-1,-1,-1, -1,-1,2021,4.0,2,2,0,0,4,2,1,,7,GENAS (DE)                          (RO),0,,2,4,3,1,0,1,1,, -1,1,0,1,50,23,5,2021,09:10,1,69,69256,2,1,0,4,GENAS (DE) (RTE),45.74849,4.91778,9,5,3
202100033418,142Â 036,B01,1,1,1,5,2,6,-1,0,0,-1,2021,48.0,2,1,0,2,6,1,1,,4,PORTE DE CLIGNANCOURT,0,,1,4,0,1,21,600,1,, -1,1,0,1,70,18,6,2021,19:40,2,75,75118,2,1,1,3,PORTE DE CLIGNANCOURT,48.900967,2.339902,19,2,2
202100049102,113Â 985,A01,1,1,1,0,2,6,-1,-1, -1,-1,2021,56.0,1,1,0,2,1,2,1,,3,PYLA (BD DU),0,,2,2,1,2,2,890,1,, -1,1,-1,1,50,5,3,2021,18:25,1,33,33529,2,1,0,2,Boulevard du Pyla,44.63335,-1.1636,18,2,2
202100007469,188Â 400,B01,1,1,1,0,1,0,-1,-1, -1,-1,2021,27.0,1,1,0,2,1,1,1,,3,MARTRE DE (4 A 54),0,,1,2,3,1,0,0,1,, -1,1,0,1,50,18,11,2021,15:20,1,92,92024,2,1,0,2,MARTRE DE (4 A 54),48.8999957406,2.3088314951,15,2,2
202100032557,143Â 576,A01,1,1,1,0,1,-1,-1,0,0,-1,2021,42.0,1,2,0,2,3,15,1,,3,44,0,,2,2,0,2,2,290,2,, -1,1,0,1,70,16,4,2021,19:30,1,19,19123,1,9,0,3,D44,45.183207,1.579888,19,2,2
202100017706,169Â 972,B01,1,1,1,5,8,0,-1,-1, -1,-1,2021,4.0,2,1,0,2,1,25,5,,4,MAURICEAU,0,,2,2,0,1,0,0,1,, -1,1,0,1,50,20,9,2021,18:15,1,92,92004,2,2,0,6,MAURICEAU,48.9119317974,2.286811173,18,2,2
202100005488,191Â 984,B01,1,1,2,5,1,-1,-1,-1,0,-1,2021,19.0,0,2,0,2,3,1,1,,4,HENRI BARBUSSE (RUE),0,,2,3,0,3,(1),(1),1,, -1,2,0,1,50,25,11,2021,21:20,5,80,80021,2,1,1,1,HENRI BARBUSSE (RUE),49.8933876513,2.2940119111,21,2,2
202100018409,168Â 719,A01,1,1,1,1,8,0,-1,0,0,-1,2021,36.0,2,1,0,2,1,2,3,,4,BOULEVARD DE LA MADELEINE,0,,2,4,0,1,(1),(1),1,, -1,1,0,1,30,17,9,2021,09:20,1,75,75101,2,2,0,2,BOULEVARD DE LA MADELEINE,48.869407,2.325204,9,2,2
202100016242,172Â 600,A01,10,3,2,5,0,-1,-1,2,3,1,2021,72.0,1,1,0,1,1,1,5,,4,AVENUE DE SAINT OUEN,0,,2,5,1,2,(1),(1),1,, -1,2,0,5,30,29,9,2021,14:55,1,75,75118,2,3,0,6,AVENUE DE SAINT OUEN,48.8958836125,2.3284120508,14,2,1
202100049293,113Â 649,B01,1,1,2,5,8,0,-1,-1, -1,-1,2021,37.0,-1,2,0,0,4,2,0,,3,BALLANGER ROBERT (AVENUE),0,,1,2,0,1,0,1,1,, -1,2,0,1,50,4,3,2021,18:20,1,93,93071,2,1,1,2,BALLANGER ROBERT (AVENUE),48.936334289,2.5312599148,18,2,2
202100052547,107Â 793,B01,4,2,1,0,1,0,-1,-1, -1,-1,2021,22.0,1,2,0,2,4,1,1,,3,RD 612,0,,-1,2,0,1,18,578,1,, -1,1,0,1,80,12,1,2021,16:30,2,34,34108,1,1,0,4,RD 612,43.4453,3.7631,16,5,3
202100029683,148Â 738,A01,2,2,1,5,1,-1,-1,0,0,-1,2021,32.0,1,2,2,0,2,1,1,,3,637,0,D,2,2,0,1,1,853,1,, -1,1,0,1,80,11,7,2021,18:25,1,64,64006,1,1,0,7,chemin vieux,42.988404,-0.599763,18,2,1
202100045899,119Â 712,A01,3,2,2,5,3,0,-1,0,0,-1,2021,2.0,1,2,0,2,8,1,1,,4,PORTE D ITALIE,0,,1,2,0,1,(1),(1),1,, -1,1,0,1,70,27,3,2021,20:10,5,75,75113,2,4,0,4,PORTE D ITALIE,48.816512339,2.3642116785,20,4,3
202100017051,171Â 147,B01,1,1,2,9,2,0,-1,0,0,-1,2021,41.0,1,0,0,2,1,1,3,,4,AVENUE LEON BOLLEE,0,,1,1,0,1,(1),(1),1,, -1,1,0,1,30,23,9,2021,14:50,1,75,75113,2,3,0,3,AVENUE LEON BOLLEE,48.818045,2.362784,14,2,2
202100051177,110Â 195,A01,2,2,2,0,1,0,-1,-1, -1,-1,2021,60.0,3,2,0,2,1,1,1,,4,SAINT ANTOINE A SAINT JOSEPH (CHEMIN DE),0,,2,2,0,1,(1),(1),2,, -1,1,2,1,50,17,2,2021,06:50,2,13,13215,2,1,0,4,SAINT ANTOINE A SAINT JOSEPH (CHEMIN DE),43.36625,5.36275,6,4,3