Num_Acc,id_vehicule,num_veh,place,catu,sexe,trajet,secu1,secu2,secu3,locp,actp,etatp,year_acc,victim_age,senc,catv,obs,obsm,choc,manv,motor,occutc,catr,voie,v1,v2,circ,nbv,vosp,prof,pr,pr1,plan,lartpc,larrout,surf,infra,situ,vma,jour,mois,an,hrmn,lum,dep,com,agg_,int,atm,col,adr,lat,long,hour,nb_victim,nb_vehicules
202100033170,142Â 473,A01,1,1,1,0,1,0,-1,-1, -1,-1,2021,19.0,1,2,0,2,3,17,1,,2,RN3 (3),0,,1,3,0,2,(1),(1),1,, -1,1,0,1,110,19,6,2021,19:40,3,974,97416,1,1,0,5,RN3 (3),-21.31913,55.48952,19,3,3
202100029759,148Â 593,A01,1,1,2,5,1,0,-1,-1, -1,-1,2021,29.0,1,2,7,0,1,1,1,,4,BOLLEE (AV) NÂ° PAIRS 64 A 146,0,,2,4,0,2,0,0,3,, -1,1,0,1,50,9,7,2021,01:49,5,72,72181,2,1,0,6,BOLLEE (AV) NÂ° PAIRS 64 A 146,47.99827,0.21368,1,3,1
202100016228,172Â 628,A01,1,1,1,5,2,0,-1,0,0,-1,2021,69.0,2,1,0,0,1,1,5,,3,LUYE ( ROUTE DE LA ),0,,2,2,0,1,4,705,1,, -1,1,0,1,80,27,9,2021,17:05,1,5,5061,1,1,0,7,LUYE ( ROUTE DE LA ),44.51014,6.06805,17,1,1
202100018815,168Â 012,A01,2,2,2,0,1,0,-1,-1, -1,-1,2021,14.0,1,2,0,2,7,16,0,,3,JEAN LOLIVE (AVENUE)(137/FIN ET 134/FIN),0,,2,2,2,1,(1),(1),1,, -1,2,0,5,50,15,9,2021,17:20,1,93,93055,2,2,1,3,JEAN LOLIVE (AVENUE)(137/FIN ET 134/FIN),48.893952,2.417166,17,3,2
202100013844,176Â 946,B01,1,1,1,0,1,0,-1,0,0,-1,2021,39.0,1,2,0,2,4,2,1,,7,CLEMENTEL (BD ETIENNE),0,,3,4,0,1,(1),(1),1,, -1,1,0,1,70,3,10,2021,18:27,2,63,63063,2,1,0,2,CLEMENTEL (BD ETIENNE),45.81734,3.10938,18,2,2
202100038557,132Â 725,A01,1,1,1,1,2,6,-1,0,0,-1,2021,16.0,1,1,0,2,1,19,1,,3,46,0,,2,2,0,1,3,0,1,, -1,1,0,1,80,25,5,2021,17:40,1,89,89373,1,3,0,3,D46,48.207587,3.329072,17,2,2
202100035627,138Â 039,B01,1,1,1,1,1,-1,-1,0,0,-1,2021,59.0,1,2,2,2,8,1,1,,3,86,-1,,2,2,0,1,6,300,4,, -1,1,0,1,80,9,6,2021,20:17,1,95,95462,1,1,0,5,RD 86,49.14737,1.73099,20,3,3
202100051085,110Â 363,B01,1,1,1,1,8,0,-1,0,0,-1,2021,36.0,1,1,0,2,1,18,3,,4,RUE DE LA ROQUETTE,0,,1,1,0,1,(1),(1),1,, -1,2,0,1,50,18,2,2021,19:40,5,75,75111,2,1,0,2,RUE DE LA ROQUETTE,48.855987,2.375697,19,3,2
202100028499,150Â 772,A01,1,1,1,1,2,0,-1,0,0,-1,2021,28.0,1,1,0,2,2,5,1,,4,AVENUE DU MAINE,0,,2,5,0,1,(1),(1),1,, -1,1,0,1,50,17,7,2021,21:10,1,75,75114,2,4,0,3,AVENUE DU MAINE,48.832382,2.325031,21,2,2
202100054698,104Â 016,A01,1,1,2,5,8,0,-1,-1, -1,-1,2021,29.0,1,2,0,2,1,15,1,,2,GENERAL LECLERC (AV DU),0,,1,1,0,2,0,0,2,, -1,2,0,1,50,17,1,2021,15:10,1,94,94004,2,1,0,2,GENERAL LECLERC (AV DU),48.759081,2.508041,15,3,2
202100005633,191Â 718,A01,1,1,1,1,2,6,-1,0,0,-1,2021,42.0,1,1,0,0,8,3,1,,4,PORTE D ASNIERES,0,,1,4,0,1,18,100,1,, -1,1,0,1,70,29,11,2021,16:50,2,75,75117,2,1,0,7,PORTE D ASNIERES,48.889591,2.297417,16,1,1
202100011945,180Â 371,B01,1,1,1,5,2,6,-1,-1, -1,-1,2021,22.0,1,1,0,2,1,3,1,,1,AUTOROUTE A86,0,,3,4,0,1,51,299,1,, -1,2,1,1,70,21,10,2021,16:50,1,94,94034,1,1,0,3,AUTOROUTE A86,48.75849,2.326,16,2,2
202100025429,156Â 206,A01,1,1,1,5,1,5,-1,-1, -1,-1,2021,40.0,-1,2,0,0,1,19,1,,3,FERTE GAUCHER (RUE DE LA),0,,2,2,0,1,15,0,1,, -1,1,0,8,80,25,7,2021,22:50,3,77,77042,1,1,0,7,FERTE GAUCHER (RUE DE LA),48.815415,3.144777,22,1,1
202100048852,114Â 438,A01,1,1,1,9,1,0,-1,-1, -1,-1,2021,40.0,1,2,1,0,1,1,1,,4,LECACHE (RUE BERNARD),0,,2,2,0,1,(1),(1),2,, -1,2,0,3,50,7,3,2021,21:33,5,34,34172,2,9,1,6,LECACHE (RUE BERNARD),43.60822,3.86244,21,4,3
202100003513,195Â 468,A01,10,3,1,0,0,-1,-1,0,0,-1,2021,20.0,2,2,0,1,3,9,1,,4,,0,,2,2,0,2,(1),(1),1,, -1,1,9,1,50,9,12,2021,16:45,2,71,71306,2,9,0,6,Avenue des Alouettes,46.6858756249,4.3595812926,16,2,1
202100039143,131Â 657,A01,1,1,1,1,2,6,-1,0,0,-1,2021,52.0,2,1,0,2,1,17,1,,4,RUE DE CHARENTON,0,,2,3,0,1,(1),(1),1,, -1,1,0,1,50,20,5,2021,21:35,4,75,75112,2,2,0,3,RUE DE CHARENTON,48.837306,2.391208,21,3,2
202100037841,134Â 017,B01,1,1,1,9,8,0,-1,0,0,-1,2021,29.0,2,1,0,2,1,1,5,,4,RUE MAYRAN,0,,-1,2,0,1,(1),(1),1,, -1,1,0,1,50,28,5,2021,12:45,1,75,75109,2,1,0,3,RUE MAYRAN,48.877233,2.34519,12,2,2
202100027434,152Â 683,A01,1,1,1,5,1,-1,-1,0,0,-1,2021,42.0,2,2,2,0,1,1,1,,3,165,-1,,2,2,0,1,0,130,2,, -1,1,0,1,70,23,7,2021,02:00,3,26,26339,1,1,0,6,Route Departementale 165,44.594975,4.795618,2,1,1
202100028784,150Â 268,A01,1,1,2,1,1,4,-1,-1, -1,-1,2021,37.0,1,2,0,2,1,2,1,,1,13,0,,3,4,0,1,4,0,1,, -1,1,0,1,90,16,7,2021,17:15,1,92,92064,1,1,0,5,A13,48.8396923526,2.2110547396,17,3,3
202100054062,105Â 111,B01,1,1,1,0,2,0,-1,0,0,-1,2021,34.0,1,1,0,2,1,1,5,,4,,0,,2,-1,0,3,(1),(1),1,, -1,2,0,1,30,22,1,2021,07:20,2,54,54547,2,3,0,1,JAURES (AVENUE JEAN),48.66516,6.16495,7,2,2
202100023854,158Â 989,A01,2,2,1,5,2,6,-1,-1, -1,-1,2021,15.0,3,1,8,0,7,21,1,,4,AUNETTE (AVENUE DE L'),0,,-1,1,0,1,0,0,1,, -1,1,0,5,20,10,8,2021,17:30,1,91,91521,2,1,0,6,AUNETTE (AVENUE DE L'),48.63863,2.41504,17,2,1
202100056091,101Â 618,A01,10,3,2,2,0,-1,-1,3,3,2,2021,36.0,1,5,0,1,2,1,1,,3,RD951,0,A,2,2,0,2,44,259,1,, -1,2,0,1,50,7,1,2021,13:10,1,59,59261,2,1,1,6,26 Rue Roland Rouleau,50.057128,4.078078,13,3,1
202100053110,106Â 799,B01,1,1,2,9,1,-1,-1,0,0,-1,2021,32.0,3,2,0,2,1,15,1,,3,,0,,2,2,0,1,(1),(1),1,, -1,2,0,1,80,30,1,2021,11:45,1,80,80350,1,2,1,3,RN 23,49.983487898,2.4930100702,11,2,2
202100029486,149Â 086,B01,1,1,1,0,2,6,-1,0,0,-1,2021,36.0,2,1,0,2,1,1,1,,3,419,0,D,2,2,0,1,17,448,1,, -1,1,5,1,80,11,7,2021,17:40,1,68,68062,1,3,1,1,D419,47.628593,7.221596,17,2,2
202100000579,200Â 667,A01,1,1,2,5,1,0,-1,-1, -1,-1,2021,73.0,3,2,0,2,8,9,1,,3,COSTE ET BELLONTE (R ),0,,2,2,0,1,1,240,1,, -1,2,0,1,50,29,12,2021,16:30,2,62,62186,2,2,1,3,VOLTAIRE (R ),50.449643,2.725588,16,2,2
202100049238,113Â 744,A01,10,3,2,0,0,-1,-1,1,3,1,2021,23.0,1,2,0,1,1,1,1,,4,EMILE MATHIS (RUE),0,,2,2,0,1,0,0,3,, -1,1,0,1,50,2,3,2021,08:40,1,67,67043,2,1,0,6,EMILE MATHIS (RUE),48.619365,7.729182,8,2,1
202100025677,155Â 784,A01,2,2,1,0,1,-1,-1,0,0,-1,2021,21.0,2,2,10,0,1,1,1,,7,19,0,,2,2,0,1,8,125,1,, -1,1,2,1,80,5,8,2021,06:05,2,13,13051,1,1,0,1,D19,43.596253,5.099915,6,2,1
202100055202,103Â 144,A01,1,1,1,5,1,-1,-1,0,0,-1,2021,39.0,2,2,0,2,8,15,1,,4,AVENUE DE SAINT OUEN,0,,2,4,1,1,(1),(1),1,, -1,2,-1,5,50,13,1,2021,12:13,1,75,75117,2,5,0,3,AVENUE DE SAINT OUEN,48.893003,2.327425,12,4,2
202100022535,161Â 351,A01,1,1,1,5,2,-1,-1,0,0,-1,2021,73.0,3,1,0,2,1,19,5,,3,396,-1,,2,2,0,1,(1),(1),1,, -1,1,0,1,80,27,8,2021,08:20,1,40,40255,1,2,1,3,Route de Pujo,43.879146,-0.345018,8,3,2
202100001515,199Â 088,B01,1,1,1,0,8,-1,-1,0,0,-1,2021,22.0,1,1,0,2,6,2,1,,3,957,0,D,2,3,0,2,9,663,2,, -1,2,0,1,90,25,12,2021,19:15,3,41,41040,1,1,1,3,D957,47.656687,1.270198,19,2,2
202100025099,156Â 791,A01,1,1,2,5,1,0,-1,-1, -1,-1,2021,19.0,1,2,0,2,1,2,1,,2,RN104,0,,-1,3,0,1,4,300,1,, -1,2,0,1,90,7,8,2021,12:30,1,77,77373,1,1,1,4,RN104,48.7961741604,2.6215976852,12,3,3
202100055648,102Â 384,A01,1,1,1,0,1,0,-1,-1, -1,-1,2021,26.0,1,2,0,0,2,14,1,,3,RD 188 CHEVREUSE,0,,2,2,0,1,6,400,1,, -1,1,0,1,70,10,1,2021,15:20,1,91,91661,1,1,0,7,RD 188 CHEVREUSE,48.6964407765,2.2197220847,15,1,1
202100029755,148Â 603,B01,1,1,1,0,2,6,-1,-1, -1,-1,2021,25.0,0,1,0,2,1,1,1,,4,SEMARD. RUE PIERRE,0,,2,2,0,1,(1),(1),1,, -1,1,0,1,500,9,7,2021,09:15,1,76,76575,2,1,0,3,SEMARD. RUE PIERRE,49.394,1.09333,9,2,2
202100043948,123Â 121,A01,1,1,2,9,1,-1,-1,0,0,-1,2021,45.0,2,2,13,0,9,1,1,,3,129,-1,,2,2,0,1,18,550,1,, -1,1,0,1,80,15,4,2021,19:30,1,33,33418,1,1,1,6,Lieu Dit Desportes,44.594444,0.007883,19,1,1
202100027361,152Â 812,A01,10,3,2,5,0,-1,-1,3,3,1,2021,34.0,2,2,0,1,2,1,1,,4,VERN (DE),0,,2,2,3,1,(1),(1),1,, -1,1,0,1,50,23,7,2021,08:25,1,35,35238,2,1,0,6,VERN (DE),48.1,-1.65793,8,2,1
202100004492,193Â 738,A01,1,1,1,5,1,-1,-1,-1, -1,-1,2021,54.0,2,2,3,2,7,17,1,,1,A104,0,,3,2,0,1,21,250,1,, -1,2,0,1,90,5,12,2021,18:55,3,77,77372,1,1,1,6,A104,48.8951948417,2.6643599392,18,5,3
202100016044,172Â 975,B01,1,1,1,0,1,0,-1,-1, -1,-1,2021,37.0,1,1,0,2,7,3,1,,2,RN 104,0,,1,2,0,1,30,458,1,, -1,1,0,1,110,30,9,2021,09:50,1,91,91573,1,1,0,5,RN 104,48.631643,2.506285,9,3,3
202100021537,163Â 146,A01,1,1,1,5,8,-1,-1,0,0,-1,2021,36.0,1,2,0,2,1,5,1,,1,89,-1,A,3,4,0,1,304,500,1,, -1,1,0,1,130,2,9,2021,03:30,3,63,63370,1,1,0,5,A89 PK 304.500,45.660472,2.653069,3,3,3
202100017077,171Â 102,A01,1,1,1,1,2,0,-1,0,0,-1,2021,42.0,2,1,0,2,0,1,5,,4,AVENUE DE BRETEUIL,0,,3,1,0,1,(1),(1),1,, -1,1,0,1,30,22,9,2021,08:38,1,75,75107,2,1,0,3,AVENUE DE BRETEUIL,48.852351,2.312623,8,2,2
202100008689,186Â 204,B01,1,1,1,0,8,0,-1,-1, -1,-1,2021,31.0,2,1,0,2,1,1,5,,4,THOMAS (AVENUE ALBERT),0,,2,2,0,1,0,0,1,, -1,1,0,1,50,5,11,2021,14:07,1,87,87085,2,1,0,3,THOMAS (AVENUE ALBERT),45.83648,1.26247,14,2,2
202100039818,130Â 405,B01,3,2,2,3,1,-1,-1,-1, -1,-1,2021,28.0,0,2,0,2,5,1,1,,4,JUIN (AVENUE DU MARECHAL),0,,1,2,1,2,(1),(1),1,, -1,2,0,1,50,15,5,2021,18:35,1,51,51454,2,1,0,2,Avenue du MarÃ©chal Juin,49.220271733,4.0204328299,18,4,2
202100013402,177Â 777,A01,1,1,1,0,1,0,-1,-1, -1,-1,2021,24.0,1,2,6,2,7,1,1,,4,SALENGRO (AVENUE ROGER),0,,2,2,0,1,0,0,1,, -1,1,5,1,50,12,10,2021,21:30,4,93,93073,2,2,0,3,SALENGRO (AVENUE ROGER),48.94255,2.57585,21,3,2
202100041561,127Â 316,A01,1,1,1,5,8,0,-1,0,0,-1,2021,53.0,1,1,14,0,7,13,5,,4,RUE DE RIVOLI,0,,2,5,1,1,(1),(1),1,, -1,1,0,5,50,2,5,2021,10:35,1,75,75101,2,2,1,6,RUE DE RIVOLI,48.86373,2.332234,10,1,1
202100035230,138Â 730,B01,1,1,2,5,2,6,-1,-1, -1,-1,2021,45.0,1,1,0,2,1,1,1,,4,GAY-LUSSAC (COURS),0,,3,2,0,1,0,0,1,, -1,1,0,1,50,9,6,2021,20:08,1,87,87085,2,2,0,3,GARIBALDI (AVENUE),45.83519,1.26051,20,2,2
202100045807,119Â 876,A01,10,3,2,5,0,-1,-1,3,3,2,2021,3.0,0,2,0,1,3,9,1,,4,GARE (AVENUE DE LA),0,,-1,1,0,1,0,0,1,, -1,1,0,1,50,31,3,2021,17:45,1,93,93078,2,1,0,6,GARE (AVENUE DE LA),48.94542,2.56499,17,3,1
202100011409,181Â 326,A01,1,1,1,5,2,6,-1,0,0,-1,2021,43.0,1,1,0,2,4,1,1,,4,PORTE D AUTEUIL,0,,1,3,0,1,12,500,1,, -1,1,1,1,70,22,10,2021,20:55,2,75,75116,2,1,0,4,PORTE D AUTEUIL,48.850649,2.252218,20,3,3
202100014029,176Â 626,A01,10,3,1,5,0,-1,-1,3,3,1,2021,74.0,-1,2,0,1,1,1,1,,4,"""BARBUSSE HENRI, NR 35 A 137""",0,,-1,2,0,1,0,1,1,, -1,1,0,1,50,10,10,2021,16:00,1,93,93066,2,1,0,6,"""BARBUSSE HENRI, NR 35 A 137""",48.9407920448,2.3718623187,16,2,1
202100049955,112Â 457,B01,1,1,1,1,2,-1,-1,0,0,-1,2021,37.0,2,1,0,2,1,13,1,,2,2,-1,,2,2,0,1,14,300,3,, -1,2,0,1,80,27,2,2021,18:55,2,973,97313,1,1,1,1,route de l'est PK 15,4.800378,-52.386053,18,4,2
202100013269,178Â 023,B01,1,1,2,1,2,-1,-1,-1, -1,-1,2021,54.0,1,0,0,2,1,1,3,,4,SEVIGNE (BD DE),0,,2,2,2,2,(1),(1),1,, -1,1,9,1,50,14,10,2021,18:50,2,35,35238,2,2,0,3,SEVIGNE (BD DE),48.1161,-1.66456,18,2,2
202100002122,198Â 003,A01,1,1,1,5,1,-1,-1,-1, -1,-1,2021,39.0,1,2,8,0,1,26,1,,4,BEN GOURION   (AV),0,,1,1,0,3,(1),(1),2,, -1,1,0,4,50,19,12,2021,08:15,2,69,69389,2,1,0,6,BEN GOURION   (AV),45.7863111579,4.7864449024,8,1,1
202100040040,130Â 028,C01,1,1,2,0,1,8,-1,-1, -1,-1,2021,27.0,2,2,0,9,1,2,1,,7,AEROPORT (AVENUE DE L'),0,,2,2,0,1,2,0,1,, -1,1,0,1,70,12,5,2021,11:00,1,83,83069,1,1,0,4,AEROPORT (AVENUE DE L'),43.087,6.145,11,3,3
202100052746,107Â 446,A01,1,1,2,0,1,5,-1,-1, -1,-1,2021,20.0,1,2,0,2,1,2,1,,3,ROUTE DEPARTEMENTALE 13,0,,2,2,0,1,7,0,1,, -1,1,0,1,70,2,2,2021,18:50,5,972,97213,1,1,0,2,ROUTE DEPARTEMENTALE 13,14.63056,-61.00943,18,4,2
202100014882,175Â 113,B01,1,1,1,5,2,-1,-1,0,0,-1,2021,60.0,1,1,0,0,4,2,5,,2,21,-1,,2,2,0,1,9,800,1,, -1,1,0,1,80,6,10,2021,15:50,1,32,32208,1,1,0,2,RN21,43.949829,0.654212,15,2,2
202100021995,162Â 319,A01,1,1,2,5,1,-1,-1,0,0,-1,2021,74.0,1,2,0,2,2,13,1,,3,926,0,,2,2,0,1,55,660,1,, -1,1,0,1,80,30,8,2021,14:55,1,18,18290,1,1,0,1,D926,47.280306,2.184176,14,2,2
202100033473,141Â 940,A01,1,1,1,0,8,-1,-1,0,0,-1,2021,35.0,1,1,0,2,1,17,1,,3,1532,-1,,2,2,0,1,8,900,3,, -1,1,0,1,80,19,6,2021,17:30,1,38,38036,1,1,0,1,Route de Grenoble,45.12471,5.33668,17,3,2
202100044546,122Â 094,A01,1,1,1,9,2,8,-1,-1, -1,-1,2021,48.0,1,1,14,0,7,1,1,,4,BORY (CHEMIN ET IMPASSE),0,,2,2,0,2,0,0,1,, -1,1,8,1,50,8,4,2021,20:00,1,83,83123,2,1,0,7,BORY (CHEMIN ET IMPASSE),43.11697,5.78765,20,2,1
202100025024,156Â 924,A01,10,3,1,0,0,-1,-1,1,3,1,2021,66.0,1,2,0,1,5,26,1,,4,PASTEUR S2  (AVENUE),0,,2,1,3,1,(1),(1),1,, -1,1,0,1,30,8,8,2021,16:00,1,93,93048,2,1,0,6,Avenue Pasteur,48.8665205988,2.435809346,16,2,1
202100052546,107Â 796,B01,1,1,2,1,2,-1,-1,0,0,-1,2021,47.0,1,0,0,2,8,1,3,,4,NANTES (DE),0,,2,2,0,1,(1),(1),1,, -1,2,5,1,50,4,2,2021,07:00,5,35,35238,2,2,1,3,NANTES (DE),48.0947334438,-1.6902461126,7,2,2
202100029227,149Â 517,A01,1,1,1,9,1,-1,-1,0,0,-1,2021,35.0,1,2,0,0,1,1,1,,3,26,0,D,1,2,0,2,4,0,1,, -1,1,0,1,50,3,7,2021,18:10,1,91,91085,1,1,0,7,Route d Avrainville,48.55944,2.223506,18,1,1
202100006705,189Â 795,A01,10,3,2,3,0,-1,-1,1,3,1,2021,66.0,2,2,0,1,1,1,1,,4,Avenue du PrÃ©sident Franklin Roosevelt ,0,,3,4,0,1,1,0,1,, -1,1,0,1,50,22,11,2021,18:10,5,11,11069,2,1,0,6,Avenue du PrÃ©sident Franklin Roosevelt ,43.22563,2.3323,18,2,1
202100014535,175Â 725,A01,1,1,1,0,2,6,-1,-1, -1,-1,2021,31.0,2,1,0,2,1,3,1,,1,AUTOROUTE A3,0,,3,6,0,1,10,100,1,, -1,1,0,1,110,8,10,2021,08:00,1,93,93007,1,1,0,2,AUTOROUTE A3,48.926831,2.481107,8,2,2
202100035652,137Â 987,A01,2,2,2,5,1,0,-1,-1, -1,-1,2021,43.0,1,2,0,2,2,2,1,,1,AUTOROUTE A86,0,,-1,4,0,2,51,352,1,, -1,1,1,1,70,9,6,2021,08:30,1,94,94034,1,1,0,2,AUTOROUTE A86,48.75923,2.32369,8,3,2
202100039287,131Â 377,A01,1,1,1,1,1,-1,-1,-1, -1,-1,2021,65.0,1,2,0,2,1,2,1,,4,VERN (DE),0,,2,2,0,1,0,0,1,, -1,1,0,1,50,19,5,2021,19:00,1,35,35238,2,1,0,4,VERN (DE),48.09352,-1.64837,19,3,3
202100036675,136Â 157,A01,1,1,1,0,1,-1,-1,0,0,-1,2021,61.0,3,2,0,2,3,19,1,,4,,0,,-1,2,0,1,(1),(1),1,,4,1,0,1,50,4,6,2021,08:30,1,1,1443,2,2,0,1,Avenue Pierre Deplanches,46.002358,5.034437,8,4,2
202100043809,123Â 373,B01,1,1,1,0,2,6,-1,-1, -1,-1,2021,36.0,2,1,0,2,2,0,1,,4,MARCEL ETIENNE RUE,0,,1,1,3,1,0,0,1,, -1,1,9,1,30,15,4,2021,16:00,1,93,93006,2,1,0,3,Rue Etienne Marcel,48.856603,2.419608,16,2,2
202100031705,145Â 085,A01,4,2,1,0,1,0,-1,-1, -1,-1,2021,16.0,3,2,8,0,1,2,0,,3,BIENFAISANCE(RUE),0,,1,1,0,1,26,1120,1,, -1,1,0,1,50,6,6,2021,19:00,1,28,28220,2,2,0,1,BIENFAISANCE(RUE),48.42882,1.47393,19,3,1
202100007808,187Â 791,B01,1,1,1,1,2,6,-1,-1, -1,-1,2021,58.0,2,1,0,2,8,1,1,,3,EST (BOULEVARD DE L'),0,,3,4,1,1,0,0,2,, -1,1,5,1,50,13,11,2021,14:00,1,50,50602,2,6,0,3,EST (BOULEVARD DE L'),49.63658,-1.59615,14,2,2
202100000494,200Â 821,A01,1,1,1,4,2,-1,-1,-1, -1,-1,2021,19.0,2,1,0,2,2,15,5,,3,VERDUN (RUE DE),0,,2,2,0,1,70,5096,1,, -1,1,0,1,50,17,10,2021,21:25,4,76,76351,2,2,0,3,VERDUN (RUE DE),49.5013935778,0.1500253379,21,2,2
202100051194,110Â 165,A01,1,1,1,3,2,6,-1,0,0,-1,2021,35.0,1,1,0,0,0,15,1,,4,QUAI DES CELESTINS,0,,1,0,0,1,(1),(1),2,, -1,1,0,1,50,16,2,2021,14:56,1,75,75104,2,3,0,7,QUAI DES CELESTINS,48.851136,2.362394,14,2,1
202100054619,104Â 155,A01,10,3,2,5,0,-1,-1,4,3,1,2021,68.0,1,4,0,1,5,16,1,,3,JUIN (AVENUE DU MARECHAL),0,,3,3,0,1,0,0,1,, -1,2,5,1,50,14,1,2021,11:30,1,92,92063,2,2,1,6,JUIN (AVENUE DU MARECHAL),48.88137,2.18439,11,2,1
202100046808,118Â 107,B01,7,2,2,0,8,0,-1,-1, -1,-1,2021,57.0,1,3,0,2,3,1,1,2.0,4,MAURICE AUDIN (ALLEE),0,,1,1,0,2,0,0,1,, -1,1,0,1,50,24,3,2021,16:10,1,93,93014,2,2,0,3,MAURICE AUDIN (ALLEE),48.9085817364,2.5450769974,16,3,2
202100009135,185Â 381,A01,1,1,2,5,1,0,-1,-1, -1,-1,2021,40.0,2,2,3,0,1,1,1,,3,75,0,,3,1,0,2,0,0,2,, -1,1,5,1,50,6,11,2021,03:00,5,92,92060,2,7,0,6,RESISTANCE (AVENUE DE LA) (RD 75),48.7831613988,2.2746151686,3,3,1
202100034464,140Â 126,B01,1,1,1,4,1,-1,-1,0,0,-1,2021,40.0,1,2,0,2,1,1,1,,3,612,-1,,2,2,0,1,71,134,1,, -1,1,0,1,90,14,6,2021,17:37,1,81,81079,1,1,0,1,D612 PK071+100,43.830657,2.191322,17,2,2
202100005905,191Â 233,A01,10,3,1,0,0,-1,-1,3,3,1,2021,12.0,3,2,0,1,1,1,1,,4,ANJOU (BD D'),0,,2,2,0,1,0,0,1,, -1,1,0,1,30,26,11,2021,17:20,5,72,72003,2,1,0,6,ANJOU (BD D'),47.96517,0.16188,17,2,1
202100014467,175Â 843,B01,1,1,1,5,2,6,-1,0,0,-1,2021,16.0,1,1,0,2,1,1,1,,3,2,-1,,2,2,0,1,(1),(1),1,, -1,1,0,1,50,8,10,2021,17:50,1,59,59094,2,3,1,3,124 Rue de Bergues,50.9490638042,2.2126078606,17,2,2
202100016077,172Â 908,A01,1,1,1,0,2,0,-1,-1, -1,-1,2021,42.0,1,1,0,2,1,1,3,,4,L'ASSAINISSEMENT (RUE DE),0,,1,0,0,1,(1),(1),1,, -1,1,0,1,50,27,9,2021,19:30,5,971,97120,2,1,0,3,L'ASSAINISSEMENT (RUE DE),16.2439379564,-61.532439828,19,3,2
202100042689,125Â 327,A01,1,1,1,5,2,6,-1,-1, -1,-1,2021,54.0,1,1,0,0,3,0,1,,2,34 PK RN11 ROCADE NANTES,0,,1,1,0,3,(1),(1),1,, -1,1,0,3,60,24,4,2021,10:30,1,17,17291,1,1,0,7,34 PK RN11 ROCADE NANTES,46.177734,-1.10107,10,1,1
202100054201,104Â 865,A01,1,1,1,9,2,8,-1,-1, -1,-1,2021,23.0,1,1,0,2,1,1,1,,4,Rue du Bivouac,0,,2,2,0,1,(1),(1),1,, -1,2,0,1,50,19,1,2021,14:40,1,59,59569,2,2,0,3,BIVOUAC (RUE DU),50.36993,3.10199,14,2,2
202100019078,167Â 542,A01,1,1,1,3,1,-1,-1,0,0,-1,2021,86.0,2,2,13,0,0,14,1,,3,620,0,D,2,2,0,1,31,500,1,, -1,1,0,3,50,14,9,2021,09:15,1,11,11410,2,9,0,7,D620,43.260831,2.419642,9,1,1
202100040412,129Â 375,A01,1,1,1,5,1,-1,-1,0,0,-1,2021,27.0,2,2,2,6,1,1,1,,2,147,0,N,2,2,0,1,59,745,1,, -1,1,0,1,80,10,5,2021,23:45,3,87,87028,1,1,0,6,Bel Air RN 147,46.24457,0.888433,23,4,1
202100017483,170Â 373,A01,10,3,2,5,0,-1,-1,3,3,1,2021,82.0,2,0,0,1,1,16,3,,4,LECUYER (RUE ANTOINE),0,,1,0,0,1,0,0,1,, -1,1,0,1,50,21,9,2021,18:50,1,2,2691,2,6,0,6,LAFAYETTE (PLACE),49.8511421579,3.2869527913,18,3,1
202100043278,124Â 306,A01,1,1,2,5,0,-1,-1,0,0,-1,2021,61.0,3,0,0,0,7,1,3,,4,,-1,,2,2,0,2,(1),(1),1,, -1,1,0,1,50,20,4,2021,15:35,1,88,88172,2,1,0,7,Rue de la XavÃ©e,48.183968,6.714779,15,1,1
202100037152,135Â 276,B01,1,1,2,1,1,-1,-1,-1,0,-1,2021,49.0,2,2,0,2,4,2,1,,1,AUTOROUTE A115,0,,3,6,0,1,2,500,1,, -1,1,0,1,110,1,6,2021,09:30,1,95,95219,1,1,0,2, A115,48.9947764944,2.2463465154,9,2,2
202100025779,155Â 609,A01,1,1,2,0,1,0,-1,-1, -1,-1,2021,31.0,2,2,0,2,3,1,2,,3,STALINGRAD (AV DE),0,,3,2,0,1,1,0,1,, -1,1,5,1,50,28,7,2021,14:25,1,94,94021,2,2,0,3,Avenue de Stalingrad,48.76889,2.36781,14,2,2
202100049210,113Â 792,A01,1,1,2,0,1,0,-1,-1, -1,-1,2021,21.0,1,2,4,0,3,13,1,,1,AUTOROUTE A104,0,,3,6,0,1,3,200,1,, -1,1,0,1,90,4,3,2021,22:15,3,93,93078,1,1,0,6,AUTOROUTE A104,48.96139,2.52383,22,1,1
202100007247,188Â 801,A01,1,1,1,5,2,0,-1,-1, -1,-1,2021,37.0,1,1,0,0,0,26,3,,4,CHEVREUL,0,,1,1,0,1,1,0,1,, -1,2,0,1,30,15,11,2021,00:15,5,49,49007,2,1,0,7,CHEVREUL,47.47281,-0.54773,0,1,1
202100004380,193Â 929,B01,1,1,1,0,2,8,-1,-1, -1,-1,2021,36.0,1,1,0,2,5,1,1,,1,AUTOROUTE A3,0,,3,8,0,1,1,700,1,, -1,2,0,1,90,6,12,2021,19:05,5,93,93048,1,1,1,3,AUTOROUTE A3,48.8708612993,2.4314562625,19,2,2
202100032096,144Â 378,A01,10,3,2,5,0,-1,-1,3,3,1,2021,65.0,2,5,0,1,2,16,1,,3,LASSALLE  ANTONIN  BD,0,,2,2,0,3,24,700,1,, -1,1,0,1,50,25,6,2021,17:25,1,69,69264,2,3,0,6,LASSALLE  ANTONIN  (BD),45.97885,4.72059,17,2,1