Num_Acc,id_vehicule,num_veh,place,catu,sexe,trajet,secu1,secu2,secu3,locp,actp,etatp,year_acc,victim_age,senc,catv,obs,obsm,choc,manv,motor,occutc,catr,voie,v1,v2,circ,nbv,vosp,prof,pr,pr1,plan,lartpc,larrout,surf,infra,situ,vma,jour,mois,an,hrmn,lum,dep,com,agg_,int,atm,col,adr,lat,long,hour,nb_victim,nb_vehicules
202100045580,120Â 258,B01,1,1,2,5,-1,0,-1,-1, -1,-1,2021,38.0,1,1,0,2,1,1,1,,3,RUISSEAU (RUE DU),0,,2,2,0,1,6,185,1,, -1,1,0,1,50,29,3,2021,17:35,1,57,57306,2,3,0,5,RUISSEAU (RUE DU),49.33913,6.07868,17,3,3
202100014694,175Â 449,A01,1,1,1,9,1,-1,-1,0,0,-1,2021,45.0,3,2,6,0,1,1,1,,3,977,-1,,2,2,0,1,(1),(1),1,, -1,1,0,1,50,7,10,2021,21:15,5,50,50359,2,1,0,6,8a Avenue de l Abbaye Blanche,48.652518,-0.941182,21,1,1
202100049523,113Â 234,A01,10,3,1,9,0,-1,-1,5,1,1,2021,55.0,1,3,0,1,2,7,2,1.0,4,PLACE DE CLICHY,0,,1,2,3,1,(1),(1),1,, -1,1,-1,6,50,1,3,2021,17:00,1,75,75109,2,1,0,6,PLACE DE CLICHY,48.883639,2.328217,17,2,1
202100019076,167Â 545,B01,2,2,2,5,2,-1,-1,0,0,-1,2021,21.0,1,1,0,2,1,17,1,,2,1,0,,2,2,0,1,12,0,1,,7,1,0,1,80,14,9,2021,19:00,3,973,97305,1,1,0,3,pk 12 - route nationale 1,4.919446,-52.382491,19,3,2
202100054235,104Â 807,B01,1,1,1,9,2,6,-1,0,0,-1,2021,58.0,1,1,0,2,3,1,1,,4,AVENUE FELIX FAURE,0,,2,0,0,1,(1),(1),1,, -1,2,0,1,50,21,1,2021,19:45,2,75,75115,2,2,1,3,AVENUE FELIX FAURE,48.840308,2.285906,19,2,2
202100012059,180Â 155,A01,2,2,1,1,1,0,-1,-1, -1,-1,2021,43.0,3,2,0,2,3,9,1,,5,GRANDE ALLEE,0,,2,2,0,1,1,0,1,, -1,1,0,1,50,19,10,2021,16:40,1,94,94011,2,1,0,3,Grande AllÃ©e,48.76849,2.49423,16,4,2
202100032506,143Â 662,A01,10,3,2,5,0,-1,-1,3,3,2,2021,38.0,1,1,0,1,1,17,1,,4,AVENUE GAMBETTA,0,,2,2,0,1,(1),(1),1,, -1,1,0,1,30,23,6,2021,12:10,1,75,75120,2,2,0,6,AVENUE GAMBETTA,48.864958,2.397129,12,2,1
202100000226,201Â 328,B01,1,1,1,0,2,-1,-1,0,0,-1,2021,61.0,1,1,0,2,1,1,5,,4,,-1,,2,2,2,1,(1),(1),1,, -1,1,-1,5,50,4,6,2021,11:30,1,73,73065,2,3,0,3,Avenue MarÃ©chal Leclerc,45.5703281257,5.9167166719,11,2,2
202100027524,152Â 527,A01,1,1,1,1,2,4,-1,-1, -1,-1,2021,50.0,2,1,0,0,8,9,3,,3,MAI (AVENUE DU 8),0,,2,2,0,1,3,223,2,, -1,2,0,1,50,22,7,2021,05:30,5,64,64102,2,6,1,7,avenue du 8 mai 1945,43.46255,-1.49526,5,1,1
202100011508,181Â 152,A01,1,1,1,1,2,0,-1,-1, -1,-1,2021,62.0,2,1,14,0,1,1,1,,1,A50-Sens Marseille vers Aubagne,0,,-1,3,0,1,10,500,1,, -1,1,0,1,90,18,10,2021,07:34,2,13,13070,1,1,0,6,A50-Sens Marseille vers Aubagne,43.2855957891,5.5130041665,7,1,1
202100047896,116Â 122,A01,10,3,2,9,0,-1,-1,5,2,1,2021,36.0,3,2,0,2,5,1,1,,4,OLIVIER (RUE JULES),0,,1,1,0,1,0,0,1,, -1,1,0,1,30,15,3,2021,15:00,1,974,97411,2,2,0,3,Rue Jules Olivier,-20.87974,55.45448,15,4,2
202100045287,120Â 773,A01,1,1,1,5,2,-1,-1,0,0,-1,2021,54.0,1,1,0,2,1,17,1,,4,,-1,,2,2,0,1,(1),(1),1,, -1,1,0,1,50,3,4,2021,11:10,1,44,44151,1,1,0,3,Rue de la Gare,47.303156,-2.306131,11,2,2
202100008752,186Â 091,B01,1,1,1,9,8,0,-1,0,0,-1,2021,38.0,3,1,0,2,8,19,3,,4,AVENUE DU PRESIDENT KENNEDY,0,,2,2,3,1,(1),(1),1,, -1,1,-1,6,30,9,11,2021,15:40,1,75,75116,2,1,0,3,AVENUE DU PRESIDENT KENNEDY,48.856813,2.28647,15,2,2
202100024601,157Â 683,A01,1,1,2,0,1,0,-1,-1, -1,-1,2021,34.0,1,2,0,2,8,1,1,,7,RD 626,0,,1,6,0,1,(1),(1),1,, -1,1,0,1,50,10,8,2021,15:00,1,59,59009,2,2,0,3,RD 626,50.6262,3.1365,15,2,2
202100016329,172Â 452,B01,1,1,1,4,0,-1,-1,0,0,-1,2021,39.0,2,4,0,2,1,1,1,,3,129,-1,,2,2,0,3,(1),(1),1,, -1,1,0,1,80,30,9,2021,09:30,1,14,14751,1,2,1,3,D129/D148,48.85465,-0.102764584,9,2,2
202100014689,175Â 457,B01,1,1,1,1,2,6,-1,0,0,-1,2021,18.0,1,1,0,2,1,1,1,,3,208,-1,,1,2,0,1,14,672,1,, -1,1,0,1,-1,8,10,2021,07:30,1,41,41175,2,1,0,3,59 rue de vendome,47.864295,1.137509,7,2,2
202100036448,136Â 553,B01,1,1,1,4,2,6,-1,-1, -1,-1,2021,24.0,1,1,0,2,8,1,1,,4,LIEUTAUD (COURS),0,,2,2,0,1,0,0,1,, -1,1,0,1,50,3,6,2021,22:20,5,13,13206,2,1,0,5,LIEUTAUD (COURS),43.29423,5.38229,22,3,3
202100005034,192Â 790,B01,1,1,1,1,1,-1,-1,-1,0,-1,2021,29.0,1,2,0,2,4,23,1,,3,RN 1 SENS PROVINCE-PARIS,0,,3,4,0,1,2,0,1,, -1,1,0,1,70,2,12,2021,08:10,2,95,95539,2,1,0,4,RD 301,48.9914352515,2.3602473736,8,3,3
202100019549,166Â 690,A01,1,1,1,0,8,-1,-1,0,0,-1,2021,24.0,2,2,8,0,0,1,1,,2,20,0,T,2,2,0,1,(1),(1),2,, -1,1,0,3,80,12,9,2021,09:51,1,201,201323,1,1,0,6,RT20 Zone artisanale de la gravona,42.018621,8.891534,9,1,1
202100006883,189Â 470,B01,1,1,1,2,2,6,-1,0,0,-1,2021,15.0,2,1,0,2,1,1,1,,2,102,-1,,2,2,0,1,49,(1),1,, -1,1,0,1,50,23,11,2021,07:25,2,7,7127,2,1,0,1,17 avenue de la gare,44.645785,4.327288,7,2,2
202100020873,164Â 337,Z01,10,3,1,3,8,8,-1,3,3,1,2021,90.0,3,1,0,1,0,0,5,,4,CHAUDRIER   RUE,0,,2,2,2,1,(1),(1),1,, -1,1,6,8,30,4,9,2021,10:55,1,17,17300,2,9,0,6,CHAUDRIER   RUE,46.1628,-1.15234,10,2,1
202100031419,145Â 583,B01,1,1,1,9,2,6,-1,0,0,-1,2021,58.0,2,1,0,2,4,1,1,,4,BOULEVARD PERIPHERIQUE EXTERIEUR OUEST,0,,3,4,0,1,11,600,1,, -1,1,1,1,70,28,6,2021,23:28,5,75,75116,2,1,0,2,BOULEVARD PERIPHERIQUE EXTERIEUR OUEST,48.843213,2.254373,23,2,2
202100043520,123Â 871,A01,9,2,1,0,1,-1,-1,0,0,-1,2021,18.0,0,2,15,0,7,15,1,,3,496,-1,,2,2,0,1,13,500,2,, -1,1,0,8,80,18,4,2021,17:06,1,42,42122,1,4,0,6,Route de St AnthÃ¨me,45.570734,4.054835,17,5,1
202100001049,199Â 888,A01,1,1,1,1,1,0,-1,0,0,-1,2021,33.0,2,2,0,2,4,2,3,,4,PORTE DES TERNES,0,,1,4,0,1,16,900,1,, -1,1,1,1,70,29,12,2021,16:25,1,75,75117,2,4,0,4,PORTE DES TERNES,48.883425,2.284172,16,4,4
202100008721,186Â 145,A01,1,1,1,5,8,0,-1,-1, -1,-1,2021,18.0,1,1,0,2,3,26,5,,4,FOULQUES NERRA BOULEVARD,0,,2,2,0,1,1,0,1,, -1,1,0,1,50,8,11,2021,14:33,1,49,49007,2,1,0,3,FOULQUES NERRA BOULEVARD,47.471,-0.56463,14,2,2
202100055612,102Â 446,A01,1,1,1,5,1,0,-1,-1,0,-1,2021,23.0,1,5,16,0,1,15,1,,3, 170,0,,3,4,0,1,3,400,3,, -1,1,0,1,70,11,1,2021,21:30,5,95,95203,1,1,0,7,RD 170,48.978,2.29,21,1,1
202100054273,104Â 746,A01,1,1,2,9,1,-1,-1,0,0,-1,2021,25.0,2,2,0,2,3,1,1,,3,64,0,,2,2,0,1,2,700,3,, -1,2,0,1,80,21,1,2021,12:50,1,42,42249,1,1,0,1,D64,45.858396,4.244049,12,3,2
202100025769,155Â 625,B01,1,1,1,9,2,0,-1,0,0,-1,2021,17.0,1,1,0,2,2,1,1,,4,RUE DE TOLBIAC,0,,3,2,0,1,(1),(1),1,, -1,2,5,1,50,2,8,2021,23:30,5,75,75113,2,2,1,3,RUE DE TOLBIAC,48.82618,2.357276,23,2,2
202100055293,102Â 986,B01,3,2,1,9,3,-1,-1,-1, -1,-1,2021,2.0,2,2,0,2,6,23,1,,3,FRANS ROUTE DE,0,,2,4,0,1,58,900,1,, -1,1,0,1,50,11,1,2021,06:40,5,69,69264,2,6,0,2,FRANS (DE) (RTE),45.9840521164,4.7437328481,6,3,2
202100026724,153Â 948,A01,1,1,1,5,2,-1,-1,0,0,-1,2021,71.0,2,0,0,0,0,1,3,,3,44,-1,,2,2,0,2,(1),(1),1,, -1,1,0,1,50,29,7,2021,15:00,1,50,50003,2,1,0,7,80 Avenue du Passous,49.040551,-1.584923,15,1,1
202100035560,138Â 151,A01,1,1,1,1,2,6,-1,-1, -1,-1,2021,51.0,1,1,0,2,1,2,1,,3,VICTOR HUGO (AV),0,,1,2,2,1,1,0,1,, -1,1,0,1,50,9,6,2021,06:30,2,94,94022,2,3,0,2,Avenue Victor Hugo,48.77014,2.4256,6,2,2
202100004809,193Â 186,A01,1,1,1,9,2,0,-1,0,0,-1,2021,57.0,2,1,0,2,2,1,1,,4,RUE ORDENER,0,,2,3,0,1,(1),(1),1,, -1,2,0,1,30,4,12,2021,20:25,5,75,75118,2,3,1,3,RUE ORDENER,48.892044,2.346948,20,2,2
202100017447,170Â 439,B01,1,1,2,5,1,0,-1,-1, -1,-1,2021,50.0,1,2,0,2,8,15,1,,3,LORRAINE (AVENUE DE),0,,2,3,0,1,1,430,1,, -1,1,5,1,50,21,9,2021,07:50,1,57,57221,2,3,0,3,LORRAINE (AVENUE DE),49.32565,6.12263,7,2,2
202100000817,200Â 258,A01,1,1,1,0,8,-1,-1,-1, -1,-1,2021,33.0,2,1,1,2,8,18,1,,4,CAPITAINE GEZE (BOULEVARD),0,,2,4,0,1,0,0,1,, -1,1,0,1,50,21,12,2021,07:05,2,13,13214,2,1,0,3,CAPITAINE GEZE (BOULEVARD),43.33077,5.37205,7,2,2
202100041311,127Â 765,A01,10,3,2,5,0,-1,-1,3,3,2,2021,6.0,1,1,0,1,1,17,1,,4,RUE BELGRAND,0,,2,-1,0,1,(1),(1),1,, -1,1,0,1,50,5,5,2021,20:00,1,75,75120,2,2,0,6,RUE BELGRAND,48.864557,2.407233,20,2,1
202100045301,120Â 749,A01,1,1,1,5,2,-1,-1,0,0,-1,2021,57.0,2,1,13,0,1,1,1,,2,85,-1,,2,2,0,2,0,200,2,, -1,1,0,3,80,3,4,2021,17:30,1,5,5009,1,1,0,6,RN 85 - PR 000+200,44.805506,5.955588,17,1,1
202100005581,191Â 827,A01,1,1,1,5,2,6,-1,0,0,-1,2021,40.0,0,1,13,0,7,1,1,,4,,-1,,2,2,0,2,(1),(1),1,,5,2,0,3,50,30,11,2021,19:45,3,85,85109,1,1,0,7,rue du petit lay,46.823636,-0.999744,19,1,1
202100041478,127Â 466,A01,1,1,1,1,2,5,-1,-1, -1,-1,2021,47.0,1,1,0,2,3,3,1,,1,86,0,,3,6,0,1,9,899,1,, -1,1,0,1,90,4,5,2021,09:00,1,92,92036,1,1,0,3,AUTOROUTE A86,48.93833,2.31208,9,2,2
202100032390,143Â 875,A01,1,1,1,5,2,6,9,0,0,-1,2021,24.0,2,1,0,2,1,13,1,,3,943,-1,D,2,2,0,2,47,(1),4,, -1,1,0,1,80,6,6,2021,18:20,1,84,84020,1,1,0,1,D943,43.818056,5.345922,18,2,2
202100021859,162Â 561,A01,1,1,1,1,1,9,-1,0,0,-1,2021,20.0,2,2,0,2,7,13,1,,3,57,0,,2,2,0,2,12,200,2,, -1,1,0,1,80,31,8,2021,14:40,1,2,2483,1,1,0,3,D57,49.792392,3.367379,14,6,2
202100038782,132Â 293,A01,2,2,2,9,2,6,-1,0,0,-1,2021,32.0,1,1,0,0,7,1,3,,4,PLACE VENDOME,0,,2,2,0,1,(1),(1),1,, -1,2,0,1,50,22,5,2021,13:20,1,75,75101,2,7,1,7,PLACE VENDOME,48.868317,2.330286,13,2,1
202100049910,112Â 524,A01,1,1,2,5,2,0,-1,-1, -1,-1,2021,52.0,1,1,0,2,5,1,1,,4,JACQUEMINOT (AVENUE) NÂ°1 A 15,0,,2,2,0,2,0,0,1,, -1,1,0,1,50,27,2,2021,19:00,5,92,92048,2,3,0,3,JACQUEMINOT (AVENUE) NÂ°1 A 15,48.8102968527,2.2331209196,19,2,2
202100036176,137Â 030,A01,1,1,1,5,1,-1,-1,0,0,-1,2021,41.0,2,2,2,0,7,14,1,,4,,-1,,2,2,0,2,(1),(1),3,,4,1,0,3,30,6,6,2021,15:10,1,71,71090,2,1,0,6,476 Rue des Potets,46.2251,4.775019,15,1,1
202100002015,198Â 191,A01,10,3,1,0,0,-1,-1,2,3,1,2021,65.0,1,2,0,1,1,15,1,,7,,-1,,2,2,-1,2,(1),(1),1,, -1,1,0,1,-1,17,12,2021,14:45,1,63,63075,2,3,0,6,PONT DE LA GRAVIERE (RUE DU),45.77575,3.06638,14,2,1
202100048295,115Â 426,B01,1,1,1,1,1,0,-1,0,0,-1,2021,28.0,1,2,4,2,3,1,1,,4,BOULEVARD DE LA GUYANE,0,,2,2,0,1,(1),(1),1,, -1,1,0,1,50,12,3,2021,09:10,1,75,75112,2,3,0,3,BOULEVARD DE LA GUYANE,48.836186,2.412728,9,2,2
202100036502,136Â 458,A01,1,1,1,0,1,-1,-1,0,0,-1,2021,30.0,2,2,13,0,8,1,1,,3,984,-1,,2,2,0,2,120,400,3,, -1,2,0,3,80,4,6,2021,22:20,3,1,1109,1,1,1,6,D984,46.123537,5.900034,22,1,1
202100014903,175Â 076,B01,1,1,1,1,0,-1,-1,0,0,-1,2021,33.0,1,1,0,2,1,26,3,,4,85,0,,2,2,1,2,(1),(1),3,, -1,1,0,5,50,6,10,2021,12:17,1,6,6085,2,3,0,1,889 Avenue Marechal Juin,43.591991,6.992822,12,2,2
202100022901,160Â 689,A01,1,1,1,5,2,-1,-1,-1,0,-1,2021,38.0,1,1,0,2,1,1,1,,3,PARIS (ROUTE DE),0,,2,2,0,1,10,200,1,, -1,1,0,1,50,22,8,2021,21:50,5,95,95426,2,1,0,2,RD 909,49.01742,2.28936,21,3,2
202100006975,189Â 298,A01,1,1,1,5,1,-1,-1,0,0,-1,2021,19.0,2,2,8,0,8,1,1,,4,,-1,,2,2,0,1,(1),(1),3,,4,2,0,3,50,21,11,2021,10:10,1,37,37163,2,1,1,6,44 vallÃ©e de vaugadeland,47.436691177,0.9400056303,10,2,1
202100018026,169Â 405,B01,2,2,2,5,1,0,-1,0,0,-1,2021,33.0,1,2,0,2,1,23,1,,4,BOULEVARD BOURDON,0,,1,4,0,1,(1),(1),1,, -1,1,0,1,50,18,9,2021,23:40,5,75,75104,2,4,0,4,BOULEVARD BOURDON,48.8472605441,2.3648966911,23,6,3
202100005456,192Â 038,B01,2,2,2,5,1,-1,-1,0,0,-1,2021,70.0,1,2,0,2,1,1,1,,3,511,0,,2,1,0,2,38,400,1,, -1,2,0,1,90,1,12,2021,16:45,1,14,14737,1,3,1,1,D511,48.92015,-0.185424,16,3,2
202100019443,166Â 883,B01,1,1,2,9,1,0,-1,-1, -1,-1,2021,51.0,2,2,0,2,4,2,1,,1,86,0,,3,4,0,1,9,0,1,, -1,1,0,1,90,12,9,2021,20:45,3,92,92036,1,9,0,2,A86,48.9383700387,2.3001401108,20,2,2
202100043225,124Â 392,A01,1,1,2,5,0,-1,-1,0,0,-1,2021,19.0,3,1,0,2,7,12,5,,4,,-1,,2,2,0,2,(1),(1),1,, -1,1,0,1,50,21,4,2021,18:55,1,17,17425,2,1,0,3,Rue de l'Enclouse Ã  Masson,45.610157,-0.923823,18,2,2
202100002204,197Â 852,B01,1,1,1,5,1,-1,-1,0,0,-1,2021,39.0,2,2,0,2,3,1,0,,3,12,-1,D,2,2,0,2,(1),(1),2,, -1,1,0,1,80,20,12,2021,21:00,3,74,74250,1,1,0,1,Route des Gorges du Borne,46.035169,6.383851,21,2,2
202100025732,155Â 688,B01,1,1,1,5,2,8,-1,-1, -1,-1,2021,28.0,2,1,0,2,1,1,1,,4,JOFFRE ( BD MARECHAL ),0,,3,2,0,1,(1),(1),1,, -1,1,5,1,30,2,8,2021,16:15,1,56,56121,2,6,0,3,JOFFRE ( BD MARECHAL ),47.751775,-3.3652053,16,2,2
202100029672,148Â 758,A01,10,3,1,5,0,-1,-1,5,9,1,2021,83.0,2,1,0,1,1,1,5,,4,712,0,D,2,2,0,1,11,50,1,, -1,1,0,4,50,10,7,2021,18:11,1,29,29199,2,1,0,6,Avenue du MarÃ©chal Leclerc,48.569657,-3.70508,18,2,1
202100038706,132Â 450,A01,1,1,2,5,2,6,-1,0,0,-1,2021,34.0,2,1,0,0,0,1,1,,3,995,0,D,2,2,0,2,16,800,2,, -1,1,0,3,90,23,5,2021,20:00,1,3,3008,1,1,0,7,D995,46.043242,3.595877,20,2,1
202100039993,130Â 107,A01,1,1,1,5,2,-1,-1,0,0,-1,2021,47.0,2,1,0,0,0,17,1,,7,1082,-1,,2,2,0,2,61,500,1,, -1,1,0,1,70,14,5,2021,14:45,1,42,42097,1,1,0,7,M1082,45.486553,4.333924,14,1,1
202100000790,200Â 302,B01,1,1,1,9,2,0,-1,-1, -1,-1,2021,47.0,2,1,0,2,7,16,1,,3,"""BARBUSSE HENRI, NR 35 A 137""",0,,2,2,0,1,0,1,1,, -1,1,0,1,50,31,12,2021,10:15,1,93,93066,2,2,0,3,"""BARBUSSE HENRI, NR 35 A 137""",48.94055,2.37182,10,2,2
202100042661,125Â 375,A01,1,1,1,0,2,6,-1,-1, -1,-1,2021,33.0,1,1,4,0,3,1,1,,1,AUTOROUTE A86,0,,3,6,0,1,19,500,2,, -1,1,1,1,90,25,4,2021,18:40,1,93,93029,1,1,0,6,AUTOROUTE A86,48.92308,2.42712,18,1,1
202100033497,141Â 903,A01,2,2,2,5,1,-1,-1,0,0,-1,2021,36.0,2,2,13,0,7,14,1,,3,101,0,,2,2,0,1,10,100,3,,6,1,0,3,80,18,6,2021,20:30,1,11,11099,1,1,0,6,D101,43.289257,2.399617,20,2,1
202100046579,118Â 513,B01,1,1,1,9,2,-1,-1,0,0,-1,2021,23.0,1,1,0,2,1,21,1,,4,SAINT LEU (RUE),0,,1,1,0,1,(1),(1),1,, -1,1,0,1,50,23,3,2021,11:45,1,80,80021,1,1,0,2,SAINT LEU (RUE),49.8971823554,2.3006916046,11,2,2
202100047634,116Â 609,A01,1,1,1,5,1,0,-1,0,0,-1,2021,27.0,1,2,13,0,0,1,1,,3,ABO VOLO (RUE),0,,2,4,0,1,1,0,1,, -1,1,0,1,90,17,3,2021,20:25,1,14,14301,2,1,0,7,D403,49.185,-0.29469,20,1,1
202100021891,162Â 504,A01,1,1,1,5,1,0,-1,-1, -1,-1,2021,24.0,2,2,3,2,0,14,1,,1,A7-Sens Marseille vers Lyon,0,,-1,3,0,1,262,0,1,, -1,1,0,1,110,17,8,2021,00:11,3,13,13117,1,1,0,3,A7-Sens Marseille vers Lyon,43.432074,5.257873,0,2,2
202100051341,109Â 901,A01,5,2,1,0,1,-1,-1,0,0,-1,2021,88.0,1,2,9,0,7,15,1,,3,660,-1,,2,2,0,2,16,220,1,, -1,2,5,1,70,17,2,2021,02:24,4,89,89471,1,3,0,3,10 Rue du Relais de Poste,48.176408,3.414374,2,6,2
202100048034,115Â 882,B01,1,1,1,4,2,6,-1,0,0,-1,2021,30.0,3,1,0,2,3,1,1,,4,BOULEVARD DU FORT DE VAUX,0,,1,1,0,1,(1),(1),1,, -1,1,0,1,50,14,3,2021,20:25,5,75,75117,2,2,0,2,BOULEVARD DU FORT DE VAUX,48.891831,2.301586,20,2,2
202100026512,154Â 310,B01,1,1,2,1,1,0,-1,0, -1,-1,2021,22.0,1,2,0,2,4,2,1,,3,CROIZAT AMBROISE RD 29 BIS,0,,3,2,0,1,0,1,1,, -1,2,0,1,50,27,7,2021,16:12,1,93,93066,2,1,0,2,Rue Ambroise Croizat,48.9300832795,2.350582838,16,2,2
202100046122,119Â 321,B01,2,2,1,5,2,8,-1,-1, -1,-1,2021,23.0,0,1,0,2,1,1,1,,3,RD 99 ROUTE DE SAINT REMY,0,,2,2,0,1,0,0,1,, -1,1,0,1,80,28,3,2021,20:20,2,13,13108,1,1,0,3,RD 99 ROUTE DE SAINT REMY,43.80039,4.67311,20,3,2
202100029680,148Â 742,A01,9,2,2,0,1,-1,-1,0,0,-1,2021,20.0,1,2,2,0,2,1,1,,3,9,0,D,2,2,0,2,10,150,2,, -1,1,0,1,70,11,7,2021,00:37,3,6,6007,1,1,0,6,1014 avenue de grasse,43.614737,6.921175,0,3,1
202100042917,124Â 956,A01,1,1,1,4,2,6,-1,0,0,-1,2021,23.0,1,1,0,2,2,1,1,,4,RUE DE GRAMONT,0,,1,1,0,1,(1),(1),1,, -1,1,0,1,30,22,4,2021,20:05,1,75,75102,2,3,0,3,RUE DE GRAMONT,48.870393,2.336878,20,2,2
202100011358,181Â 427,A01,2,2,2,5,1,0,-1,-1, -1,-1,2021,26.0,1,2,14,0,2,1,1,,2,GEORGES POMPIDOU AVENUE,0,,3,6,0,1,(1),(1),2,, -1,1,3,1,30,23,10,2021,05:20,5,201,201004,2,1,0,7,GEORGES POMPIDOU AVENUE,41.93318,8.75456,5,2,1
202100053760,105Â 646,A01,2,2,2,0,1,0,-1,-1, -1,-1,2021,19.0,2,2,0,2,1,17,0,,4,ROSNY (AVENUE DE),0,,1,2,0,1,0,1,1,, -1,1,5,1,50,25,1,2021,05:00,5,93,93077,2,1,0,1,ROSNY (AVENUE DE),48.8852,2.50426,5,3,2
202100056143,101Â 527,A01,1,1,2,9,1,0,-1,-1, -1,-1,2021,65.0,1,2,0,2,2,9,1,,3,138,0,,2,4,0,1,21,9,1,, -1,2,0,1,90,5,1,2021,15:05,1,77,77186,1,9,1,3,BOURGOGNE (ROUTE DE),48.481113,2.669131,15,2,2
202100004191,194Â 264,A01,9,2,2,5,1,-1,-1,0,0,-1,2021,67.0,2,2,2,0,9,1,1,,1,16,-1,,3,4,0,1,218,835,1,, -1,9,0,3,130,8,12,2021,12:50,1,62,62318,1,1,1,6,A16,50.506396,1.682442,12,2,1
202100048237,115Â 531,A01,10,3,2,5,0,-1,-1,3,3,1,2021,28.0,1,2,0,1,3,1,1,,4,LOTI (AVE PIERRE),0,,3,2,0,4,0,0,1,, -1,1,0,1,50,12,3,2021,11:10,1,83,83137,2,1,0,6,LOTI (AVE PIERRE),43.1134975002,5.9478467278,11,2,1
202100009076,185Â 482,B01,1,1,1,5,2,8,-1,-1, -1,-1,2021,34.0,1,1,0,2,1,1,1,,4,DOCTEUR RAPHAEL BOYER,0,,2,2,0,1,0,0,1,, -1,1,0,1,50,5,11,2021,16:20,1,83,83123,2,3,0,1,DOCTEUR RAPHAEL BOYER,43.11629,5.790967,16,3,2
202100008787,186Â 038,A01,1,1,1,0,0,-1,-1,0,0,-1,2021,71.0,1,2,13,0,1,16,1,,3,560,0,,2,2,0,2,14,800,1,, -1,2,0,8,80,10,11,2021,10:30,1,83,83116,1,1,1,6,D560,43.4213620936,5.8377420902,10,1,1
202100021236,163Â 698,A01,1,1,2,0,2,6,-1,-1, -1,-1,2021,24.0,3,1,16,0,8,2,1,,4,PIECE NOYEE (ROND POINT DE LA),0,,1,2,0,1,0,0,3,, -1,2,9,1,50,1,9,2021,12:20,1,64,64102,2,1,1,7,PIECE NOYEE (ROND POINT DE LA),43.49937,-1.48125,12,1,1
202100045479,120Â 444,A01,1,1,2,0,8,-1,-1,0,0,-1,2021,87.0,2,2,15,0,1,1,1,,4,,-1,,2,2,0,1,(1),(1),3,, -1,1,0,3,30,3,4,2021,15:00,1,29,29207,2,1,0,6,Rue des GenÃªts,48.536798,-3.789382,15,1,1
202100038067,133Â 614,A01,1,1,1,0,2,8,-1,-1, -1,-1,2021,29.0,1,1,1,0,7,14,3,,4,SEVRES (RUE DE) 1/55 - 2/40,0,,2,2,0,1,0,0,1,, -1,1,0,1,50,27,5,2021,01:05,5,92,92012,2,1,0,6,SEVRES (RUE DE) 1/55 - 2/40,48.83346,2.22881,1,1,1
202100011910,180Â 435,A01,10,3,2,3,0,-1,-1,8,3,1,2021,85.0,3,5,0,1,3,13,1,,6,,-1,,-1,-1,0,1,(1),(1),1,,0,1,0,8,30,13,10,2021,11:25,1,49,49323,2,1,0,6,La MillardiÃ¨re,47.511875,-0.476232,11,2,1
202100032101,144Â 369,A01,1,1,1,5,2,6,-1,-1, -1,-1,2021,62.0,1,1,0,0,8,2,1,,3,BAYONNE (AVENUE DE),0,,2,4,0,1,9,438,1,, -1,1,0,6,50,26,6,2021,18:55,1,64,64024,2,1,0,7,AVENUE DE BAYONNE,43.48115,-1.51164,18,1,1
202100027501,152Â 570,A01,1,1,1,0,1,8,-1,-1, -1,-1,2021,25.0,1,2,0,2,2,13,1,,3,SECTION LEROUX,0,,2,2,0,1,(1),(1),2,, -1,2,0,1,70,22,7,2021,07:40,1,971,97113,1,1,0,1,SECTION LEROUX,16.2348106657,-61.4724755287,7,2,2
202100037563,134Â 522,A01,10,3,2,5,0,-1,-1,2,5,2,2021,3.0,3,5,0,1,2,1,1,,4,JEAN MACE                           (PL),0,,1,1,0,1,(1),(1),1,, -1,1,9,1,50,29,5,2021,12:45,1,69,69387,2,1,0,6,JEAN MACE                           (PL),45.7462963058,4.8419671655,12,2,1
202100056270,101Â 316,A01,10,3,1,5,0,-1,-1,3,3,2,2021,62.0,2,2,0,1,3,1,1,,4,PIERRE DOIZE  (RUE),0,,2,3,0,1,(1),(1),1,, -1,2,0,1,50,4,1,2021,08:45,1,13,13210,2,1,1,6,PIERRE DOIZE  (RUE),43.276294,5.426652,8,2,1
202100011688,180Â 835,A01,1,1,1,5,2,6,9,0,0,-1,2021,49.0,1,1,0,2,7,1,1,,3,97,-1,,2,1,0,1,28,240,1,,3,1,5,1,80,23,10,2021,17:15,1,83,83100,1,2,0,3,D97,43.28666,6.139957,17,2,2
202100005690,191Â 627,A01,10,3,1,2,0,-1,-1,3,3,1,2021,16.0,1,2,0,1,3,1,1,,3,,0,,2,2,0,1,39,690,1,,4,2,0,8,50,29,11,2021,12:30,1,2,2558,2,9,1,6,1 Rue Jean Vimont Vicary,50.01658,3.783802,12,2,1
202100004845,193Â 128,A01,2,2,1,0,1,-1,-1,0,0,-1,2021,66.0,2,2,13,0,8,1,1,,3,RD,0,,2,1,0,1,16,500,1,, -1,2,0,1,80,4,12,2021,14:15,1,30,30034,1,1,1,3,D6113,43.7581,4.51816,14,4,2