Num_Acc,id_vehicule,num_veh,place,catu,sexe,trajet,secu1,secu2,secu3,locp,actp,etatp,year_acc,victim_age,senc,catv,obs,obsm,choc,manv,motor,occutc,catr,voie,v1,v2,circ,nbv,vosp,prof,pr,pr1,plan,lartpc,larrout,surf,infra,situ,vma,jour,mois,an,hrmn,lum,dep,com,agg_,int,atm,col,adr,lat,long,hour,nb_victim,nb_vehicules
202100040049,130Â 012,A01,1,1,1,5,2,6,-1,-1, -1,-1,2021,62.0,1,1,0,2,3,16,1,,4,RANVIER (RUE),0,,2,2,0,1,(1),(1),1,, -1,1,0,1,50,13,5,2021,17:00,1,42,42187,2,3,0,3,Rue de Villemontais,46.02648,4.06191,17,2,2
202100055354,102Â 892,B01,1,1,1,9,8,0,-1,0,0,-1,2021,32.0,2,1,0,2,3,1,3,,4,RUE DIDOT,0,,1,1,0,1,(1),(1),1,, -1,2,0,1,50,12,1,2021,19:30,5,75,75114,2,3,1,3,CITE BAUER,48.831632,2.320044,19,2,2
202100023331,159Â 906,B01,2,2,2,5,1,-1,-1,0,0,-1,2021,20.0,1,2,1,0,1,0,1,,1,8,-1,,3,3,0,1,106,370,2,, -1,1,0,2,130,21,8,2021,12:30,1,83,83148,1,1,0,2,A8,43.413309,6.44552,12,3,2
202100033365,142Â 129,B01,1,1,1,5,2,8,-1,-1, -1,-1,2021,58.0,2,1,0,2,1,2,5,,4,BLANQUI  boulevard,0,,2,2,1,1,(1),(1),1,, -1,1,0,5,50,12,6,2021,14:20,1,10,10387,2,1,0,2,BLANQUI (RUE),48.30236,4.05195,14,2,2
202100026186,154Â 888,A01,1,1,1,5,1,-1,-1,0,0,-1,2021,24.0,2,2,2,0,1,1,1,,3,37,-1,,2,2,0,2,12,660,1,,"5,3",1,0,3,80,31,7,2021,16:15,1,79,79321,1,1,0,6,,46.918702,-0.106645,16,1,1
202100018328,168Â 863,A01,1,1,1,5,2,6,-1,-1, -1,-1,2021,47.0,3,1,0,2,1,1,1,,4,ALSACE (R D'),0,,2,2,0,1,(1),(1),1,, -1,1,0,1,50,15,9,2021,08:40,1,62,62510,2,2,0,3,ALSACE (R D'),50.440382,2.785285,8,2,2
202100051668,109Â 337,B01,10,3,1,5,8,8,-1,3,3,2,2021,70.0,1,2,0,1,2,1,1,,4,HARGOUS (CHEMIN DE),0,,2,2,0,1,0,0,1,, -1,1,0,1,30,11,2,2021,16:15,1,64,64102,2,1,0,6,HARGOUS (CHEMIN DE),43.50421,-1.46343,16,2,1
202100030928,146Â 479,B01,1,1,1,5,2,-1,-1,0,0,-1,2021,36.0,3,1,0,2,1,1,1,,2,7,-1,N,2,2,0,1,(1),(1),1,, -1,1,0,1,70,4,7,2021,21:30,3,978,97801,1,1,0,1,RN7 Grand Case,18.09933,-63.053933,21,3,2
202100044080,122Â 884,A01,2,2,2,5,1,-1,-1,0,0,-1,2021,52.0,3,2,13,0,2,1,1,,4,3,-1,,2,2,0,1,(1),(1),1,, -1,1,0,3,50,14,4,2021,20:20,2,32,32419,1,1,1,6,Grillats,43.402506,0.456104,20,2,1
202100040355,129Â 471,Z01,10,3,1,0,8,8,-1,3,3,1,2021,78.0,2,1,0,1,1,26,0,,4,FÃLIX PYAT (RUE),0,,2,2,0,1,0,0,1,, -1,1,0,1,50,11,5,2021,12:40,1,13,13203,2,1,0,1,FÃLIX PYAT (RUE),43.3169,5.37392,12,2,1
202100002189,197Â 880,A01,1,1,1,5,0,-1,-1,0,0,-1,2021,31.0,1,2,13,0,2,1,1,,3,D29,-1,,2,2,0,1,38,800,1,, -1,1,0,3,80,21,12,2021,17:50,3,29,29206,1,3,0,6,D29 intersection Pont Ar Toul,48.5914737094,-4.218914509,17,1,1
202100005163,192Â 548,A01,1,1,2,5,1,-1,-1,0,0,-1,2021,77.0,1,2,11,0,1,26,1,,3,949,0,B,2,2,0,1,36,470,1,, -1,2,0,8,80,3,12,2021,14:00,1,85,85051,1,6,1,7,Croisee du Gros Caillou,46.666498,-1.094234,14,1,1
202100014024,176Â 634,A01,10,3,1,9,0,-1,-1,4,3,1,2021,29.0,1,1,0,1,1,1,1,,4,QUAI DE GESVRES,0,,1,2,0,1,(1),(1),1,, -1,1,0,1,50,9,10,2021,11:47,1,75,75104,2,2,0,6,QUAI DE GESVRES,48.856743,2.348953,11,2,1
202100004358,193Â 967,A01,10,3,2,2,0,-1,-1,3,3,1,2021,15.0,1,5,0,1,2,1,1,,3,,-1,,2,2,0,1,0,300,1,,4,1,6,1,50,17,11,2021,07:50,2,47,47157,2,3,0,6,Avenue du MarÃ©chal Joffre,44.496887,0.172603,7,2,1
202100034463,140Â 127,B01,1,1,2,1,1,-1,-1,0,0,-1,2021,47.0,2,2,0,0,5,1,1,,3,13,-1,,2,2,0,1,34,770,1,, -1,1,0,1,80,14,6,2021,07:05,1,33,33327,1,2,1,2,,44.645758638,-0.342059157,7,2,2
202100028006,151Â 645,A01,1,1,1,5,2,9,-1,0,0,-1,2021,18.0,1,1,0,2,1,1,1,,3,22,2,D,2,2,0,1,3,300,1,, -1,1,0,1,80,21,7,2021,17:59,1,82,82113,1,2,1,3,Route de Molieres,44.194082,1.438179,17,2,2
202100012520,179Â 333,A01,2,2,2,5,2,6,-1,0,0,-1,2021,28.0,1,1,12,0,1,1,1,,7,112,-1,,2,2,1,1,9,482,2,, -1,1,9,3,50,17,10,2021,17:00,1,34,34169,2,9,0,6,route de saint clement,43.670975,3.861254,17,2,1
202100022947,160Â 606,A01,1,1,1,5,2,-1,-1,0,0,-1,2021,63.0,2,1,3,0,0,0,1,,3,2,0,,3,4,0,1,(1),(1),1,, -1,1,0,2,110,22,8,2021,14:45,1,59,59058,1,1,0,7,Route Nationale,50.227785,3.94863,14,1,1
202100054841,103Â 774,A01,2,2,1,0,2,8,-1,-1, -1,-1,2021,21.0,3,1,0,2,1,26,1,,2,m'tsapere-Nationale 2 (route),0,,2,0,0,1,5,60,1,, -1,1,0,1,50,15,1,2021,23:45,3,976,97611,2,3,0,1,tsoundzou-Abdallah Soula (rue),-12.8075,45.20513,23,4,2
202100050511,111Â 412,A01,1,1,1,5,2,6,-1,0,0,-1,2021,57.0,2,1,13,0,9,14,1,,3,43,0,,2,2,0,2,19,765,2,, -1,1,0,3,80,24,2,2021,10:40,1,61,61007,1,1,0,7,Lieu Dit le Pont aux Malades,48.809064,-0.422426,10,1,1
202100012076,180Â 129,A01,10,3,1,3,0,-1,-1,9,3,1,2021,53.0,2,2,15,1,1,16,1,,3,STALINGRAD (AV DE),0,,1,2,0,1,0,0,1,, -1,2,8,1,50,18,10,2021,20:45,3,92,92025,2,1,1,6,STALINGRAD (AV DE),48.9321539904,2.2662252188,20,2,1
202100034289,140Â 448,B01,1,1,1,0,1,-1,-1,0,0,-1,2021,37.0,1,2,0,2,1,1,1,,4,MESNIL (RUE DU),0,,2,2,0,1,1,0,1,, -1,1,0,1,50,15,6,2021,11:12,1,14,14118,2,2,0,3,Rue du Mesnil,49.1752,-0.3798,11,2,2
202100025096,156Â 797,A01,2,2,2,0,1,0,-1,-1, -1,-1,2021,20.0,1,2,0,2,4,23,1,,1,AUTOROUTE A104,0,,3,6,0,1,5,0,1,, -1,1,0,1,90,8,8,2021,01:45,4,93,93078,1,1,0,2,AUTOROUTE A104,48.96154,2.54436,1,3,2
202100054321,104Â 662,A01,4,2,1,0,1,8,-1,0,0,-1,2021,32.0,1,2,0,2,1,1,1,,7,CHARLES DE GAULLE (BD),0,,2,2,0,1,(1),(1),1,, -1,1,0,1,50,13,1,2021,16:35,2,63,63164,2,3,0,3,CHARLES DE GAULLE (BD),45.8157,3.15087,16,4,2
202100039512,130Â 975,A01,10,3,2,3,0,-1,-1,5,3,-1,2021,89.0,3,2,0,1,1,1,1,,6,,-1,,-1,-1,0,2,(1),(1),1,,7,1,0,8,-1,19,5,2021,16:10,1,53,53096,2,1,0,6,Route de Laval,48.2925,-0.928049,16,2,1
202100027647,152Â 300,B01,1,1,1,9,2,-1,-1,0,0,-1,2021,23.0,3,1,0,2,1,1,0,,9,,-1,,-1,2,0,2,(1),(1),1,,5,1,0,1,50,22,7,2021,17:05,1,978,97801,2,1,0,3,Rue de Concordia,18.067565,-63.082509,17,2,2
202100008971,185Â 681,B01,1,1,1,9,8,0,-1,0,0,-1,2021,40.0,2,1,0,2,1,16,5,,4,BOULEVARD DE SEBASTOPOL,0,,1,3,1,1,(1),(1),1,, -1,1,0,1,30,7,11,2021,22:45,5,75,75103,2,2,0,3,BOULEVARD DE SEBASTOPOL,48.865242,2.351978,22,2,2
202100014896,175Â 086,A01,1,1,1,5,8,-1,-1,0,0,-1,2021,19.0,2,2,16,0,0,6,1,,3,62,0,D,1,2,0,1,4,1070,1,, -1,1,0,6,90,3,10,2021,03:02,3,30,30003,1,6,0,7,D62,43.559994,4.153004,3,1,1
202100031062,146Â 218,A01,10,3,1,5,0,-1,-1,3,3,1,2021,39.0,1,2,0,1,3,9,1,,4,INDES (PONT DES),0,,2,2,0,1,(1),(1),1,, -1,2,2,1,30,28,6,2021,15:30,1,56,56121,2,4,1,6,INDES (PONT DES),47.75736,-3.35496,15,2,1
202100051712,109Â 257,A01,1,1,2,5,1,0,-1,-1, -1,-1,2021,37.0,2,2,0,2,7,16,1,,4,AV DU ONZE NOVEMBRE ,0,,1,1,0,1,1,0,1,, -1,1,0,1,30,12,2,2021,09:30,1,94,94068,2,1,0,3,Avenue du 11 Novembre,48.8077,2.5096,9,2,2
202100029073,149Â 779,B01,1,1,1,5,2,6,-1,-1, -1,-1,2021,40.0,2,1,0,2,7,1,1,,4,AUGUSTIN ARCHAMBAUD(RUE),0,,2,2,0,1,(1),(1),1,, -1,1,0,1,50,10,7,2021,17:10,1,974,97416,2,1,0,3,AUGUSTIN ARCHAMBAUD(RUE),-21.332675,55.479093,17,2,2
202100042634,125Â 421,A01,1,1,1,9,1,-1,-1,0,0,-1,2021,57.0,2,2,15,0,1,14,1,,2,224,-1,,2,2,0,1,30,5,1,, -1,2,0,3,80,26,4,2021,15:00,1,31,31150,1,1,1,6,RN 224,43.658022,1.339892,15,1,1
202100001574,198Â 998,A01,10,3,1,5,0,-1,-1,1,3,1,2021,88.0,3,3,0,1,4,4,1,1.0,6,FRANCFORT                           (PL),0,,-1,0,3,1,(1),(1),1,, -1,1,9,6,10,22,12,2021,20:45,5,69,69383,2,1,0,6,MAURICE FLANDIN (R),45.76059,4.86262,20,2,1
202100052732,107Â 477,A01,1,1,1,1,1,-1,-1,0,0,-1,2021,40.0,2,2,2,9,1,14,0,,3,449,-1,,2,2,0,1,(1),(1),1,, -1,1,0,8,80,4,2,2021,05:10,3,91,91198,1,1,0,6,Route de Malesherbes,48.451685,2.342148,5,1,1
202100021717,162Â 819,A01,1,1,1,4,1,-1,-1,0,0,-1,2021,37.0,2,5,0,2,1,2,1,,1,13,-1,,1,3,0,1,140,100,1,, -1,1,0,1,130,1,9,2021,06:41,2,27,27228,1,1,0,2,autoroute A13 PK 140.100 sens Province/PARIS,49.371622,0.692571,6,2,2
202100026871,153Â 688,B01,2,2,2,0,2,6,-1,-1, -1,-1,2021,28.0,1,1,0,2,1,1,1,,3,JEAN JAURES (AVENUE),0,,2,2,0,1,0,1,1,, -1,2,0,1,50,27,7,2021,20:25,1,93,93047,2,2,1,3,Avenue Jean JaurÃ©s / Avenue des GÃ©raniums,48.898598,2.550398,20,3,2
202100008501,186Â 539,A01,1,1,1,9,8,0,-1,0,0,-1,2021,26.0,1,1,12,0,0,14,5,,4,BOULEVARD DE L HOPITAL,0,,2,4,1,2,(1),(1),1,, -1,1,-1,5,30,11,11,2021,02:30,5,75,75113,2,2,0,6,BOULEVARD DE L HOPITAL,48.834558,2.3578,2,1,1
202100001419,199Â 241,C01,1,1,1,5,2,-1,-1,0,0,-1,2021,16.0,1,1,0,0,4,0,1,,2,RN3,0,R,2,2,0,1,0,300,1,, -1,1,0,1,70,27,12,2021,14:30,1,976,97607,1,1,0,5,Tsararano,-12.837159,45.179107,14,4,3
202100051873,108Â 978,A01,1,1,1,0,2,8,-1,-1, -1,-1,2021,36.0,0,1,0,2,1,1,1,,2,RIVIERE DES PLUIES (ROUTE DE LA),0,,2,2,0,1,(1),(1),1,, -1,1,0,1,50,9,2,2021,08:30,1,974,97411,2,1,0,3,Route de la RiviÃ¨re des Pluies,-20.90109,55.50068,8,2,2
202100032203,144Â 198,A01,10,3,1,5,0,-1,-1,1,3,1,2021,10.0,2,2,0,1,2,1,1,,2,5,-1,,2,2,0,1,(1),(1),1,, -1,1,0,1,80,22,6,2021,13:20,1,971,97117,1,1,0,6,La Houssaie,16.33196,-61.388233,13,2,1
202100005002,192Â 845,B01,1,1,2,5,1,-1,-1,-1, -1,-1,2021,33.0,2,2,0,2,4,1,1,,1,A42     0.560 A 4.020,0,,1,1,0,1,2,700,3,, -1,1,3,1,90,9,7,2021,19:50,1,69,69256,1,1,0,2,A42     0.560 A 4.020,45.79465,4.92511,19,2,2
202100048987,114Â 186,A01,1,1,1,5,2,-1,-1,0,0,-1,2021,55.0,3,1,0,0,0,2,1,,3,652,0,D,2,2,0,1,5,50,1,, -1,1,0,1,50,6,3,2021,15:45,1,40,40304,2,1,0,7,54 Route de Vieux Boucau,43.671659,-1.417372,15,1,1
202100010543,182Â 881,A01,10,3,1,0,0,-1,-1,9,B,1,2021,84.0,3,2,0,0,0,0,0,,4,CABOT (BOULEVARD),0,,-1,1,0,1,0,0,1,, -1,1,0,1,50,27,10,2021,13:30,1,13,13209,2,1,0,6,CABOT (BOULEVARD),43.26014,5.41595,13,2,1
202100042109,126Â 362,A01,1,1,1,5,2,-1,-1,0,0,-1,2021,70.0,3,1,0,2,8,2,5,,4,,-1,,2,2,0,4,(1),(1),2,, -1,1,0,1,50,29,4,2021,10:00,1,27,27576,2,1,0,3,Route du Chateau,49.164967,0.847363,10,2,2
202100023361,159Â 858,B01,1,1,1,5,2,-1,-1,0,0,-1,2021,55.0,1,1,0,0,4,2,5,,3,24,0,D,2,2,0,2,25,270,2,, -1,1,0,1,80,18,8,2021,18:45,2,7,7329,2,1,0,2,,44.598229,4.078074,18,2,2
202100053679,105Â 784,A01,1,1,1,3,1,-1,-1,0,0,-1,2021,25.0,1,2,6,2,7,1,1,,3,657,0,D,2,2,0,1,(1),(1),1,, -1,1,2,1,70,26,1,2021,18:15,5,54,54430,1,1,0,5,RD 657,48.766237,6.128209,18,7,5
202100016771,171Â 636,B01,1,1,1,0,2,0,-1,-1, -1,-1,2021,54.0,1,1,1,2,8,18,1,,3,AV ROGER SALENGRO,0,,2,2,0,1,0,0,1,, -1,1,0,1,50,29,5,2021,16:40,1,94,94017,2,1,0,3,Avenue Roger Salengro,48.81992,2.48309,16,5,2
202100055343,102Â 909,A01,10,3,1,5,0,-1,-1,0,3,1,2021,86.0,1,2,0,1,3,15,1,,4,DEVOLUY AVENUE PIERRE),0,,2,2,0,1,(1),(1),2,, -1,1,0,1,30,12,1,2021,07:30,1,6,6069,2,1,0,6,DEVOLUY AVENUE PIERRE),43.639537,6.912275,7,2,1
202100019976,165Â 926,A01,10,3,1,5,8,-1,-1,5,3,1,2021,3.0,1,2,0,1,3,1,2,,4,130,-1,,2,2,0,1,(1),(1),2,, -1,1,9,1,30,12,8,2021,17:45,1,34,34255,2,1,0,6,130 Rue du Parc,43.690071,3.803898,17,2,1
202100045721,120Â 022,A01,10,3,2,3,0,-1,-1,2,3,2,2021,42.0,1,2,0,1,1,9,1,,3,ABBAYE (RUE DE L'),0,,2,2,0,1,1,780,1,, -1,1,0,1,50,23,3,2021,13:55,1,82,82121,2,1,0,6,ABBAYE (RUE DE L'),44.00535,1.35601,13,3,1
202100043124,124Â 593,A01,1,1,1,0,2,0,-1,-1, -1,-1,2021,29.0,3,1,0,2,1,8,1,,4,LATTRE DE TASSIGNY (AVENUE MARECHAL DE),0,,2,4,3,1,0,0,1,, -1,1,0,1,30,21,4,2021,09:05,1,974,97411,2,2,0,3,LATTRE DE TASSIGNY (AVENUE MARECHAL DE),-20.88904,55.47579,9,2,2
202100046614,118Â 446,A01,10,3,1,5,0,-1,-1,4,3,1,2021,68.0,1,2,0,1,1,16,1,,4,LOTI PIERRE,0,,-1,2,0,1,(1),(1),1,, -1,1,5,1,30,23,3,2021,17:45,1,29,29019,2,3,0,6,Rue Pierre Loti,48.38245,-4.5043,17,2,1
202100008459,186Â 619,B01,2,2,2,0,8,0,-1,-1, -1,-1,2021,47.0,3,3,0,2,0,1,3,2.0,4,LIBERTE (PLACE DE LA),0,,4,2,3,1,0,0,3,, -1,1,0,6,30,10,11,2021,15:00,1,64,64102,2,9,0,3,LIBERTE (PLACE DE LA),43.4927283247,-1.4748501778,15,5,2
202100002699,196Â 946,A01,2,2,2,5,0,-1,-1,0,0,-1,2021,15.0,1,2,13,0,1,13,1,,2,RT3,-1,,2,2,0,1,0,246,3,, -1,1,0,3,-1,19,12,2021,01:30,3,988,98803,1,1,1,6,Route de NEMEARA,-21.520994,165.471869,1,2,1
202100025324,156Â 390,B01,2,2,2,5,1,0,-1,0,0,-1,2021,57.0,2,2,0,2,4,2,1,,4,QUAI D IVRY,0,,1,4,0,1,0,100,1,, -1,1,0,1,70,6,8,2021,18:35,1,75,75113,2,1,0,2,QUAI D IVRY,48.826491,2.389146,18,3,2
202100022111,162Â 103,A01,10,3,1,5,0,-1,-1,1,1,1,2021,71.0,2,1,0,1,1,1,1,,4,RUE BREY,0,,1,1,1,2,(1),(1),1,, -1,1,0,1,50,27,8,2021,21:50,5,75,75117,2,1,0,6,RUE BREY,48.876861,2.295299,21,2,1
202100001113,199Â 779,A01,2,2,2,9,1,-1,-1,0,0,-1,2021,78.0,2,2,3,0,3,2,1,,1,40,-1,,3,3,0,2,128,400,1,, -1,3,0,6,110,29,12,2021,15:40,1,1,1067,1,1,1,3,A40 Pk ! 128+400 GENEVE/MACON,46.130547,5.509146,15,3,2
202100007765,187Â 880,B01,1,1,1,1,2,6,-1,-1, -1,-1,2021,16.0,1,1,0,2,1,1,1,,4,LEBON (RUE PHILIPPE),0,,2,3,0,1,0,0,1,, -1,1,5,1,50,16,11,2021,07:54,5,87,87085,2,3,0,3,LEBON (RUE PHILIPPE),45.87843,1.27594,7,2,2
202100013826,176Â 981,B01,4,2,1,9,1,0,-1,-1, -1,-1,2021,20.0,0,2,0,2,4,1,1,,3,GREAT EASTERN (AVENUE),0,,2,2,0,1,(1),(1),1,, -1,1,0,1,80,9,10,2021,16:15,1,80,80489,1,1,0,2,GREAT EASTERN (AVENUE),49.8681,2.37695,16,5,2
202100010025,183Â 780,A01,4,2,1,0,1,0,-1,-1, -1,-1,2021,25.0,2,2,0,2,4,0,1,,3,BELFORT (RUE DE),0,,2,2,0,1,(1),(1),2,, -1,2,0,1,50,30,10,2021,18:45,5,25,25031,2,1,1,2,BELFORT (RUE DE),47.483135,6.840446,18,6,2
202100055940,101Â 892,A01,1,1,1,1,2,6,-1,0,0,-1,2021,32.0,2,1,0,0,0,21,1,,4,RUE BASTE,0,,1,1,0,1,(1),(1),1,, -1,2,8,1,30,7,1,2021,13:50,1,75,75119,2,1,1,7,RUE BASTE,48.88122,2.374142,13,1,1
202100050567,111Â 302,B01,1,1,1,5,2,6,-1,-1, -1,-1,2021,44.0,2,1,0,2,1,2,1,,3,RD607 de Barbizon Ã  pavÃ© du roi,0,,2,4,0,3,18,436,1,, -1,1,0,1,90,21,2,2021,16:45,1,77,77186,1,1,0,2,RD607 de Barbizon Ã  pavÃ© du roi,48.42831,2.6635,16,2,2
202100031315,145Â 765,B01,1,1,1,0,2,6,-1,-1, -1,-1,2021,33.0,2,1,0,2,1,1,1,,3,GENERAL LECLERC (AV DU),0,,3,4,0,1,28,0,1,, -1,1,0,1,50,2,7,2021,08:30,1,94,94046,2,3,0,5,Avenue du GÃ©nÃ©ral Leclerc,48.80925,2.4345,8,3,3
202100046965,117Â 831,A01,1,1,1,0,2,0,-1,-1, -1,-1,2021,21.0,3,1,0,2,1,26,1,,3,SAINT-DENIS (RUE DE),0,,1,2,0,1,0,1,1,, -1,1,0,1,50,23,3,2021,12:40,1,93,93027,2,1,0,3,SAINT-DENIS (RUE DE),48.9313904889,2.3809862137,12,2,2
202100006559,190Â 077,A01,1,1,1,0,8,0,-1,-1, -1,-1,2021,60.0,1,1,12,0,0,26,0,,4,SACRE COEUR (RD POINT) -RIV. DES GALETS ,0,,-1,2,0,1,0,0,1,, -1,1,0,1,50,21,11,2021,23:30,3,974,97407,2,1,0,6,SACRE COEUR (RD POINT) -RIV. DES GALETS ,-20.955,55.311,23,1,1
202100017169,170Â 943,A01,1,1,1,5,1,-1,-1,0,0,-1,2021,67.0,2,2,3,0,7,1,1,,1,31,0,,3,4,0,1,122,800,1,, -1,1,0,2,130,24,9,2021,16:30,1,52,52432,1,1,0,6,A31,47.9462464007,5.3079628946,16,2,1
202100054293,104Â 713,A01,10,3,2,3,0,-1,-1,3,3,1,2021,78.0,1,2,0,1,1,1,1,,2,7,0,N,2,2,0,1,26,750,1,, -1,1,0,6,50,21,1,2021,09:00,1,38,38344,2,3,0,6,3 Route de Valence,45.361785,4.80093,9,2,1
202100006504,190Â 176,A01,1,1,1,4,1,9,-1,0,0,-1,2021,34.0,2,3,6,0,3,0,1,1.0,3,17,0,,2,2,0,1,30,623,3,, -1,1,0,4,50,24,11,2021,19:30,5,2,2216,2,1,0,6,4 Rue de la Ramee,49.252277,3.209033,19,1,1
202100043568,123Â 790,A01,1,1,1,0,2,8,-1,-1, -1,-1,2021,20.0,2,1,0,2,8,15,1,,3,GENERAL LECLERC (PLACE DU),0,,3,2,0,1,1,0,1,, -1,1,0,1,50,18,4,2021,18:05,1,92,92025,2,2,0,3,HENRI BARBUSSE (AV),48.9231478316,2.2524654865,18,2,2
202100044685,121Â 837,B01,1,1,2,0,2,0,-1,-1, -1,-1,2021,33.0,3,1,0,2,7,0,1,,4,TRAQUETTE,0,,2,2,0,1,1,0,1,, -1,1,0,1,50,8,4,2021,10:15,1,49,49007,2,1,0,3,TRAQUETTE,47.4762113659,-0.5729423106,10,2,2
202100021669,162Â 899,A01,1,1,1,0,8,0,-1,-1, -1,-1,2021,19.0,1,2,1,2,3,13,1,,3,PERI RUE GABRIEL NÂ°37 A 99,0,,2,2,0,1,0,0,1,, -1,1,0,1,50,30,8,2021,01:10,5,92,92049,2,1,0,1,PERI RUE GABRIEL NÂ°37 A 99,48.8195097926,2.3138530436,1,2,2
202100034579,139Â 908,C01,1,1,2,0,8,0,-1,-1, -1,-1,2021,49.0,2,1,0,2,4,1,0,,4,SANGNIER (RUE MARC SANGNIER),0,,2,2,2,1,(1),(1),1,, -1,1,0,5,50,12,6,2021,23:00,5,45,45147,2,1,0,4,18 Rue Marc Sangnier,47.92139,1.91301,23,3,3
202100025953,155Â 291,A01,2,2,1,0,1,0,-1,-1, -1,-1,2021,21.0,2,2,0,0,9,1,1,,1,AUTOROUTE A86,0,,3,8,0,2,18,200,2,, -1,2,0,1,70,2,8,2021,22:00,3,93,93027,1,1,1,7,AUTOROUTE A86,48.92852,2.41348,22,2,1
202100019714,166Â 402,A01,10,3,1,9,0,-1,-1,9,2,1,2021,71.0,1,5,0,1,4,4,3,,4,SOUVENIR FRANCAIS ALLEE DU,0,,2,1,0,1,(1),(1),1,, -1,1,9,6,30,10,9,2021,11:15,1,6,6123,2,1,0,6,SOUVENIR FRANCAIS ALLEE DU,43.683882,7.185513,11,2,1
202100019437,166Â 893,B01,1,1,1,5,8,-1,-1,0,0,-1,2021,81.0,2,2,0,2,3,0,1,,3,112,0,,2,2,0,1,73,314,1,, -1,1,0,1,80,13,9,2021,16:00,1,81,81140,1,1,0,1,d112,43.677742,1.89085,16,2,2
202100042487,125Â 675,B01,9,2,2,3,8,0,-1,-1, -1,-1,2021,55.0,2,3,0,2,5,1,1,2.0,4,SAINT LOUIS (AVENUE DE),0,,2,1,0,1,(1),(1),1,, -1,2,5,1,50,26,4,2021,16:50,1,13,13215,2,3,1,3,SAINT LOUIS (AVENUE DE),43.34409,5.35942,16,3,2
202100021549,163Â 121,A01,1,1,2,3,1,-1,-1,0,0,-1,2021,20.0,2,2,13,0,9,14,1,,3,401,0,D,2,2,0,1,2,400,1,, -1,1,0,8,80,1,9,2021,19:15,2,40,40123,1,1,0,7,Route Departementale 401,43.790986,-1.119975,19,2,1
202100005693,191Â 623,A01,1,1,1,1,2,-1,-1,0,0,-1,2021,34.0,1,1,13,0,1,1,1,,3,29,-1,,2,2,0,2,17,25,1,, -1,1,0,3,80,29,11,2021,18:00,3,50,50352,1,1,0,7,route des CARRIERES,49.134904,-1.238129,18,1,1
202100007722,187Â 957,A01,1,1,1,0,1,-1,-1,0,0,-1,2021,86.0,3,2,6,0,3,1,1,,4,,-1,,1,1,0,4,(1),(1),1,,"3,5",1,0,1,50,11,11,2021,16:05,1,84,84141,2,1,0,6,Rue de Verdun,43.979004,4.902479,16,1,1
202100004941,192Â 959,B01,1,1,1,1,2,6,0,-1, -1,-1,2021,44.0,1,1,0,2,1,1,1,,3,181,0,,3,4,0,1,0,0,1,, -1,2,0,1,50,3,12,2021,18:30,3,92,92048,2,2,1,3,BRUYERES (CARREFOUR DES),48.8123457623,2.2149038315,18,2,2
202100024597,157Â 688,A01,1,1,1,9,8,0,-1,-1, -1,-1,2021,42.0,2,1,0,2,2,15,1,,3,GENEVE (RUE DE),0,,3,0,0,1,0,1,1,, -1,1,0,1,50,10,8,2021,21:35,1,74,74012,2,9,0,5,GENEVE (RUE DE),46.19289,6.22556,21,3,3
202100000352,201Â 086,B01,1,1,1,1,1,0,-1,-1, -1,-1,2021,30.0,3,2,0,2,1,1,1,,4,BREGERAS ( ROUTE DE),0,,2,2,0,1,0,0,3,, -1,1,0,1,80,12,11,2021,10:25,1,87,87048,1,3,0,1,BREGERAS ( ROUTE DE),45.77757,1.24054,10,3,2
202100008309,186Â 871,A01,1,1,1,5,1,-1,-1,0,0,-1,2021,73.0,1,2,13,0,2,14,1,,3,D37,-1,,2,2,0,1,3,200,2,, -1,2,0,3,80,12,11,2021,18:45,3,43,43078,1,1,0,7,D37,45.021961,3.929372,18,1,1
202100020660,164Â 700,A01,10,3,2,0,0,-1,-1,3,3,1,2021,23.0,2,2,0,1,1,1,1,,3,421,-1,,2,2,0,1,1,90,1,, -1,1,0,1,50,3,9,2021,09:10,1,80,80685,2,1,0,6,Rue du Docteur Duquesnel,49.698258,2.792526,9,2,1
202100010519,182Â 925,B01,1,1,2,5,2,8,-1,-1, -1,-1,2021,69.0,2,1,0,2,7,1,5,,3,162E,0,,2,2,0,1,1,840,1,, -1,1,0,1,70,26,10,2021,16:30,1,56,56162,1,3,1,3,Lieu-Dit Kergohel,47.73366,-3.47692,16,2,2
202100018536,168Â 501,B01,1,1,1,0,2,0,-1,-1, -1,-1,2021,59.0,1,1,0,2,7,1,5,,4,JEAN JACQUES ROUSSEAU (AVENUE),0,,1,1,0,1,(1),(1),1,, -1,1,0,1,50,15,9,2021,15:40,1,78,78358,2,2,0,3,JEAN JACQUES ROUSSEAU (AVENUE),48.95347,2.150683,15,3,2
202100036434,136Â 581,Z01,10,3,2,0,0,-1,-1,3,3,1,2021,51.0,2,2,0,1,1,26,1,,4,RTE DE TOULOUSE,0,,2,2,2,1,(1),(1),1,, -1,2,0,1,50,4,6,2021,11:30,1,33,33039,2,3,1,6,Route de Toulouse,44.80608,-0.57274,11,2,1
202100001938,198Â 333,A01,10,3,1,5,0,-1,-1,2,3,1,2021,84.0,2,5,0,1,3,9,1,,3,939,0,,2,2,0,1,29,707,1,, -1,1,0,1,50,22,12,2021,16:00,1,65,65258,2,3,0,6,Rue des RÃ©sistants,43.111581,0.384956,16,2,1