Num_Acc,id_vehicule,num_veh,place,catu,sexe,trajet,secu1,secu2,secu3,locp,actp,etatp,year_acc,victim_age,senc,catv,obs,obsm,choc,manv,motor,occutc,catr,voie,v1,v2,circ,nbv,vosp,prof,pr,pr1,plan,lartpc,larrout,surf,infra,situ,vma,jour,mois,an,hrmn,lum,dep,com,agg_,int,atm,col,adr,lat,long,hour,nb_victim,nb_vehicules
202100051520,109Â 604,B01,2,2,2,9,2,6,-1,0,0,-1,2021,21.0,1,1,0,2,1,1,1,,4,BOULEVARD BESSIERES,0,,3,2,0,1,(1),(1),1,, -1,1,0,1,50,13,2,2021,16:05,1,75,75117,2,2,0,3,BOULEVARD BESSIERES,48.897633499,2.3241502047,16,3,2
202100015902,173Â 247,A01,1,1,1,4,1,8,-1,-1, -1,-1,2021,29.0,1,2,1,0,3,13,1,,3,724,0,,2,2,0,1,102,755,1,, -1,1,0,3,50,26,9,2021,07:20,5,56,56098,2,1,0,6,JAURES (RUE  JEAN ),47.76668,-3.356173,7,1,1
202100033731,141Â 471,A01,5,2,1,5,0,-1,-1,0,0,-1,2021,21.0,3,2,0,0,0,1,1,,4,1,-1,,2,2,0,2,(1),(1),3,, -1,1,0,1,80,19,6,2021,18:00,1,48,48108,1,1,0,7,La Panouse,44.729205,3.602872,18,2,1
202100000470,200Â 865,B01,1,1,1,5,8,0,-1,-1, -1,-1,2021,50.0,1,1,0,2,1,1,5,,4,BALEARES ROND POINT ET CITE DES,0,,1,1,0,1,(1),(1),3,, -1,1,0,1,50,9,11,2021,11:40,1,66,66136,2,6,0,3,BALEARES ROND POINT ET CITE DES,42.68848,2.89502,11,2,2
202100043623,123Â 703,A01,10,3,1,9,0,-1,-1,3,3,1,2021,69.0,2,2,0,1,1,1,1,,4,FOULON (RUE DU),0,,2,2,0,1,(1),(1),1,, -1,1,0,1,50,16,4,2021,14:44,1,65,65440,2,1,0,6,FOULON (RUE DU),43.229642,0.082647,14,2,1
202100010871,182Â 295,A01,10,3,2,1,0,-1,-1,3,3,1,2021,23.0,1,2,0,1,1,1,1,,4,TORREILLES (AV DU DOCTEUR JEAN-LOUIS),0,,2,2,0,1,(1),(1),1,, -1,1,0,1,50,23,10,2021,10:08,1,66,66136,2,1,0,6,TORREILLES (AV DU DOCTEUR JEAN-LOUIS),42.69153,2.8724,10,2,1
202100044889,121Â 480,A01,1,1,1,1,1,-1,-1,0,0,-1,2021,51.0,1,2,0,2,2,17,1,,3,809,0,,2,2,0,1,8,950,1,, -1,1,0,1,70,27,3,2021,19:00,1,48,48140,1,3,0,3,Avenue de PARIS,44.815226,3.271415,19,2,2
202100013396,177Â 786,A01,10,3,2,5,0,-1,-1,1,A,1,2021,48.0,1,4,0,1,8,15,1,,3,PAUL VAILLANT COUTURIER (AV),0,,2,2,0,2,0,0,1,, -1,1,0,1,50,13,10,2021,15:00,1,94,94003,2,1,0,6,PAUL VAILLANT COUTURIER (AV),48.79863,2.34587,15,2,1
202100051462,109Â 713,A01,1,1,1,4,2,6,-1,0,0,-1,2021,41.0,2,1,0,2,1,15,1,,3,50,-1,,2,2,0,1,6,230,2,, -1,1,0,1,50,16,2,2021,09:05,1,65,65304,2,4,0,3,D50 - Route de Sauveterre,43.471651,0.047191,9,2,2
202100003243,195Â 969,A01,1,1,2,0,1,-1,-1,-1, -1,-1,2021,30.0,2,2,0,2,1,1,1,,7,GENAS    (Route de),0,,2,2,3,1,0,500,1,, -1,1,0,1,50,12,12,2021,17:30,5,69,69266,2,1,0,3,GENAS (DE) (RTE),45.749832589,4.9126052856,17,2,2
202100038406,132Â 989,A01,10,3,1,2,0,-1,-1,1,5,2,2021,18.0,3,1,0,1,1,1,1,,9,R JEAN GABIN,0,,4,0,1,1,1,0,1,, -1,1,6,5,20,25,5,2021,11:40,1,94,94028,2,1,0,6,GABIN.(RUE JEAN),48.77761,2.44444,11,2,1
202100020735,164Â 567,A01,1,1,2,0,0,-1,-1,0,0,-1,2021,74.0,1,2,8,0,0,1,1,,3,768,-1,,2,2,0,1,27,900,3,, -1,1,0,3,80,4,9,2021,19:30,1,22,22172,1,1,0,7,D768 la ville martin,48.53905,-2.223541,19,1,1
202100046219,119Â 153,A01,1,1,1,0,2,8,-1,-1, -1,-1,2021,38.0,2,1,1,0,3,13,1,,4,VAILLANT (EDOUARD),0,,2,1,0,2,(1),(1),1,, -1,1,0,1,50,28,3,2021,15:30,1,78,78586,2,1,0,6,VAILLANT (EDOUARD),48.94057,2.17768,15,1,1
202100017031,171Â 176,B01,1,1,1,1,2,6,-1,0,0,-1,2021,40.0,2,1,0,2,5,17,1,,4,RUE CLAUDE TERRASSE,0,,2,2,0,1,(1),(1),1,, -1,1,0,1,30,25,9,2021,12:00,1,75,75116,2,2,0,3,RUE CLAUDE TERRASSE,48.83854,2.262028,12,2,2
202100001564,199Â 013,A01,1,1,1,1,1,0,-1,-1, -1,-1,2021,43.0,1,2,0,0,0,0,1,,1,AUTOROUTE A6,0,,2,6,0,1,30,399,1,, -1,2,0,1,110,24,12,2021,15:10,1,91,91659,1,1,1,7,AUTOROUTE A6,48.586514,2.451543,15,1,1
202100046585,118Â 502,B01,1,1,2,0,1,0,-1,-1, -1,-1,2021,40.0,1,2,0,2,4,1,1,,4,MERMOZ RUE JEAN),0,,2,2,0,1,0,1,1,, -1,1,0,1,50,24,3,2021,09:05,1,74,74012,2,1,0,2,MERMOZ RUE JEAN),46.19557,6.25154,9,2,2
202100046445,118Â 764,A01,2,2,2,5,8,-1,-1,0,0,-1,2021,46.0,1,6,5,0,3,1,1,,3,152,0,D,2,2,0,2,14,750,3,, -1,1,0,1,70,28,3,2021,17:45,1,3,3167,1,1,0,6,Lieu Dit Barrage de Rochebut,46.241335,2.53722,17,2,1
202100026858,153Â 712,A01,1,1,2,5,8,0,-1,0,0,-1,2021,17.0,1,1,0,0,1,1,5,,4,BOULEVARD MORLAND,0,,1,2,1,1,(1),(1),1,, -1,1,0,5,50,26,7,2021,20:10,1,75,75104,2,3,0,7,BOULEVARD MORLAND,48.848939,2.364616,20,1,1
202100006561,190Â 074,A01,1,1,1,0,1,0,-1,-1, -1,-1,2021,37.0,1,2,0,2,1,15,1,,3,MERE THERESA (rue),0,,2,2,0,1,2,50,1,, -1,1,0,1,50,21,11,2021,03:13,5,973,97302,2,3,0,7,RABAN (ROUTE DE),4.9309979962,-52.3132299185,3,2,2
202100014111,176Â 466,B01,3,2,2,5,1,0,-1,-1, -1,-1,2021,44.0,2,2,0,2,4,1,1,,2,RN104,0,,3,4,0,1,19,800,1,, -1,1,0,1,90,10,10,2021,21:05,3,77,77122,1,1,0,2,RN104,48.661334,2.61348,21,3,2
202100005631,191Â 720,A01,10,3,1,5,0,-1,-1,2,3,1,2021,79.0,1,2,0,1,1,16,1,,4,AVENUE DE LA PORTE DE LA CHAPELLE,0,,3,3,0,1,(1),(1),1,, -1,2,0,1,30,5,9,2021,02:08,4,75,75118,2,4,0,6,AVENUE DE LA PORTE DE LA CHAPELLE,48.899511,2.359435,2,3,1
202100040316,129Â 538,A01,1,1,1,1,1,0,-1,-1, -1,-1,2021,22.0,3,2,0,2,1,1,1,,4,VICTOR SCHOELCHER (RUE),0,,2,2,0,1,(1),(1),3,, -1,2,0,1,50,11,5,2021,08:00,1,87,87085,2,1,1,2,VICTOR SCHOELCHER (RUE),45.815192,1.224626,8,2,2
202100031068,146Â 209,B01,1,1,2,0,8,-1,-1,-1, -1,-1,2021,22.0,0,1,0,2,7,1,5,,4,VAILLANT COUTURIER (RUE PAUL) NÂ°1 A 103,0,,2,2,1,1,(1),(1),1,, -1,1,0,1,50,3,7,2021,18:55,1,51,51454,2,2,0,3,Rue Paul Vaillant Couturier,49.27746,4.01074,18,2,2
202100051622,109Â 421,A01,1,1,1,5,2,6,-1,0,0,-1,2021,35.0,2,1,0,2,2,2,1,,2,141,0,N,2,2,0,1,22,35,1,0,7,1,0,1,70,14,2,2021,12:45,1,16,16192,1,2,0,3,Lieu-dit la Grande PiÃ¨ce,45.879134,0.565791,12,5,2
202100019257,167Â 209,B01,2,2,1,3,1,-1,-1,0,0,-1,2021,78.0,1,2,0,2,1,1,1,,3,101,0,D,2,2,0,1,1,740,1,,5,1,0,1,80,13,9,2021,18:08,1,39,39486,1,3,1,3,,46.814039,5.588847,18,3,2
202100034806,139Â 494,A01,4,2,2,5,1,8,-1,-1, -1,-1,2021,9.0,1,2,0,2,3,15,1,,4,CITES (RUE DES)  => 91,0,,2,2,0,1,0,0,1,, -1,1,0,1,50,12,6,2021,14:30,1,93,93001,2,3,0,3,CITES (RUE DES)  => 91,48.913216,2.388628,14,5,2
202100025587,155Â 942,A01,1,1,2,1,1,8,-1,-1, -1,-1,2021,48.0,2,2,0,2,8,2,1,,3,RTE NATIONALE 20 DEVIATION,0,,1,4,0,1,0,0,1,, -1,1,0,1,90,3,8,2021,18:00,1,91,91021,2,1,0,7,RTE NATIONALE 20 DEVIATION,48.590695,2.238208,18,1,1
202100034264,140Â 495,A01,10,3,1,3,0,-1,-1,8,1,2,2021,53.0,3,2,0,1,5,2,1,,6,FONTANELLES  (PARC DES EXPOSITIONS),0,,-1,0,3,1,0,0,1,, -1,1,9,6,30,13,6,2021,11:00,1,47,47323,2,1,0,6,FONTANELLES  (PARC DES EXPOSITIONS),44.40818,0.72086,11,2,1
202100047752,116Â 392,A01,10,3,2,0,8,8,-1,3,3,1,2021,68.0,2,2,0,1,3,1,0,,4,LECLERC BD MARECHAL,0,,2,2,0,1,(1),(1),1,, -1,1,0,1,50,6,3,2021,15:50,1,6,6004,2,1,0,7,LECLERC BD MARECHAL,43.575549,7.124344,15,2,1
202100033209,142Â 402,A01,1,1,1,5,8,0,-1,0,0,-1,2021,78.0,1,1,0,2,1,1,5,,4,BOULEVARD NEY,0,,1,-1,1,2,(1),(1),1,, -1,1,0,5,50,20,6,2021,14:30,1,75,75118,2,1,0,1,BOULEVARD NEY,48.898484,2.353614,14,2,2
202100019497,166Â 780,B01,1,1,1,5,2,6,-1,-1, -1,-1,2021,68.0,1,1,0,2,1,1,1,,3,LÃON JOUHAUX(AVENUE),0,,2,2,0,1,5,250,1,, -1,1,0,1,50,11,9,2021,16:00,1,70,70285,2,3,1,3,LÃON JOUHAUX(AVENUE),47.57676,6.76145,16,2,2
202100008140,187Â 169,B01,1,1,1,4,2,6,-1,0,0,-1,2021,41.0,1,1,0,2,6,1,1,,2,BASTILLAC (ROND POINT),0,,1,2,0,1,24,133,1,, -1,2,0,1,50,14,11,2021,17:21,2,65,65440,2,6,1,2,Giratoire de BASTILLAC ,43.223359,0.046691,17,2,2
202100040821,128Â 659,A01,2,2,2,5,2,-1,-1,0,0,-1,2021,49.0,2,1,13,0,8,1,1,,3,23,0,,2,2,0,2,26,700,1,, -1,1,0,3,80,8,5,2021,18:45,1,21,21397,1,1,0,6,rd23,47.056507,4.73435,18,2,1
202100052111,108Â 562,B01,2,2,1,5,1,0,-1,-1, -1,-1,2021,19.0,3,2,0,2,5,9,1,,4,BAUDUERE (RUE DE LA),0,,2,2,0,1,(1),(1),1,, -1,1,0,1,50,6,2,2021,16:00,1,85,85194,2,2,0,3,BAUDUERE (RUE DE LA),46.50599,-1.7843,16,3,2
202100038211,133Â 342,A01,10,3,2,1,0,-1,-1,4,3,1,2021,30.0,1,4,0,1,2,16,1,,4,RUE LA BOETIE,0,,1,3,0,1,(1),(1),1,, -1,1,0,1,50,25,5,2021,07:09,1,75,75108,2,2,0,6,RUE LA BOETIE,48.873681,2.314523,7,2,1
202100008809,186Â 000,A01,1,1,1,5,2,4,6,0,0,-1,2021,57.0,0,1,0,0,0,0,1,,3,123,0,A,2,2,0,2,(1),(1),1,, -1,1,0,1,50,9,11,2021,19:45,3,38,38110,2,4,0,7,Rue de Vienne,45.57898,4.880666,19,1,1
202100053725,105Â 705,A01,1,1,1,5,2,0,-1,-1, -1,-1,2021,16.0,1,1,0,2,3,1,1,,4,AVESNES SUR HELPE (R D'),0,,2,2,3,1,(1),(1),1,, -1,2,0,1,2,18,1,2021,13:25,1,62,62771,2,2,0,3,AVESNES SUR HELPE (R D'),50.417915,2.876253,13,2,2
202100010136,183Â 580,A01,10,3,2,5,0,-1,-1,3,3,1,2021,90.0,1,2,0,1,1,16,1,,4,JOLIOT CURIE                        (R ),0,,-1,2,0,1,(1),(1),3,, -1,1,0,1,50,29,10,2021,10:20,1,69,69385,2,1,0,6,JOLIOT CURIE (R),45.75451,4.7879,10,2,1
202100010376,183Â 161,B01,1,1,1,9,8,0,-1,-1, -1,-1,2021,17.0,3,1,0,2,1,26,3,,3,JEAN JAURES (AVENUE),0,,2,2,2,1,0,0,1,, -1,2,0,5,50,29,10,2021,17:15,1,93,93047,2,1,1,3,JEAN JAURES (AVENUE),48.89867,2.55003,17,2,2
202100035959,137Â 407,A01,1,1,1,1,2,6,-1,-1, -1,-1,2021,21.0,1,1,1,0,8,1,1,,3,GALLIENI (AV.) DE 2 A 96,0,,3,4,0,1,0,0,1,, -1,1,0,1,50,7,6,2021,20:10,1,93,93010,2,1,0,3,GALLIENI (AV.) DE 2 A 96,48.905635,2.479517,20,3,2
202100018655,168Â 294,A01,1,1,2,5,2,-1,-1,0,0,-1,2021,75.0,1,1,0,0,0,1,5,,3,936,-1,,2,2,0,1,104,756,1,, -1,1,0,1,50,17,9,2021,09:15,1,64,64094,2,1,0,7,RD 936 Route de Bayonne,43.478538,-1.188819,9,1,1
202100016247,172Â 591,A01,1,1,2,1,2,0,-1,0,0,-1,2021,28.0,1,1,0,2,1,1,5,,4,QUAI DE LA GARE,0,,2,4,1,1,(1),(1),1,, -1,1,0,5,30,28,9,2021,19:05,2,75,75113,2,3,0,3,QUAI DE LA GARE,48.8356792795,2.3753664827,19,2,2
202100030178,147Â 825,A01,10,3,1,9,0,-1,-1,1,9,1,2021,43.0,1,2,14,0,0,20,1,,4,POMPELLE (RUE),0,,1,1,0,1,(1),(1),1,, -1,1,0,1,50,7,7,2021,22:50,5,51,51454,2,1,0,7,Rue de la Pompelle,49.25,4.03333,22,2,1
202100030653,146Â 965,B01,1,1,1,5,2,-1,-1,0,0,-1,2021,16.0,1,1,0,0,1,1,6,,3,D4,0,C,2,2,0,1,2,15,1,, -1,1,0,1,70,3,7,2021,16:30,1,976,97606,1,1,0,2,D4,-12.93512,45.126724,16,2,2
202100032828,143Â 099,A01,3,2,2,5,3,8,-1,-1, -1,-1,2021,2.0,2,2,13,0,3,13,1,,3,MITTERRAND (AVENUE FRANCOIS),0,,2,2,0,1,9,300,2,, -1,2,0,1,80,19,6,2021,19:04,1,87,87113,1,1,1,6,MITTERRAND (AVENUE FRANCOIS),45.87551,1.34671,19,3,1
202100008649,186Â 287,B01,1,1,1,5,1,-1,-1,0,0,-1,2021,41.0,2,2,0,2,1,21,1,,2,67,0,,2,2,0,1,35,290,3,, -1,1,0,1,80,10,11,2021,22:35,3,52,52212,1,1,1,1,N67,48.403138092,5.1568472381,22,2,2
202100052042,108Â 690,A01,1,1,1,5,2,6,-1,0,0,-1,2021,37.0,1,1,0,0,0,1,1,,4,PLACE DU CANADA,0,,1,1,1,1,(1),(1),1,, -1,1,0,1,50,9,2,2021,17:40,5,75,75108,2,5,0,7,PLACE DU CANADA,48.864917,2.310284,17,1,1
202100033292,142Â 257,A01,2,2,2,0,1,0,-1,-1, -1,-1,2021,19.0,1,2,0,0,9,1,1,,1,AUTOROUTE A86,0,,3,6,0,1,18,299,1,, -1,2,0,1,90,19,6,2021,21:50,2,93,93027,1,1,1,7,AUTOROUTE A86,48.9284,2.41612,21,2,1
202100005619,191Â 747,B01,1,1,1,2,2,6,-1,-1, -1,-1,2021,54.0,2,1,0,2,1,3,1,,1,AUTOROUTE A6B,0,,1,3,0,1,2,898,1,, -1,1,0,1,90,30,11,2021,19:30,3,94,94076,1,1,0,2,AUTOROUTE A6B,48.79202,2.3447,19,2,2
202100024077,158Â 618,B01,2,2,2,5,2,-1,-1,0,0,-1,2021,21.0,1,1,0,2,3,18,1,,3,2,0,D,2,2,0,1,9,500,1,, -1,1,0,1,50,16,8,2021,11:45,1,973,97309,2,1,0,3,Route de RÃ©mire,4.898903,-52.273872,11,3,2
202100007463,188Â 409,A01,2,1,1,0,8,6,-1,-1, -1,-1,2021,48.0,1,1,0,2,1,1,1,,3,913,0,,3,5,1,1,0,0,1,, -1,1,0,1,50,18,11,2021,11:30,1,92,92050,2,2,0,2,CLEMENCEAU GEORGES AVENUE NÂ°IMPAIR,48.886705097,2.2052451968,11,2,2
202100047724,116Â 441,B01,1,1,1,3,2,0,-1,-1, -1,-1,2021,65.0,1,1,0,2,1,1,5,,4,ZOLA (RUE EMILE),0,,1,1,0,1,0,0,2,, -1,1,9,1,50,5,3,2021,11:15,1,74,74012,2,9,0,3,ZOLA (RUE EMILE),46.195827,6.231408,11,2,2
202100032169,144Â 250,A01,1,1,2,1,1,-1,-1,0,0,-1,2021,51.0,1,2,0,2,8,19,0,,3,D938,-1,,2,3,3,1,81,360,1,,14,1,5,1,70,25,6,2021,18:00,1,79,79299,1,2,0,3,,46.889712,-0.193993,18,2,2
202100056512,100Â 891,A01,1,1,1,5,0,-1,-1,0,0,-1,2021,32.0,0,5,4,0,0,1,1,,9,VE2,-1,,1,2,0,1,0,100,3,, -1,2,0,1,70,1,1,2021,20:55,5,988,98805,1,1,1,6,VE2 - sortie Mont Dore,-22.223959,166.468706,20,1,1
202100049475,113Â 321,A01,10,3,2,9,0,-1,-1,3,3,2,2021,42.0,1,2,0,1,2,1,1,,3,ROCADE EST (RD 162),0,,3,4,0,1,2,624,1,, -1,1,0,1,50,2,3,2021,12:20,1,86,86194,2,1,0,6,Avenue John Kennedy,46.583273,0.367141,12,3,1
202100040275,129Â 614,A01,1,1,1,0,2,6,-1,0,0,-1,2021,28.0,0,1,0,0,1,6,1,,4,,-1,,2,2,0,1,(1),(1),2,, -1,1,0,1,-1,13,5,2021,16:00,1,85,85059,2,6,0,7,Avenue Georges Clemenceau,46.652754,-0.747253,16,1,1
202100051713,109Â 256,A01,10,3,1,2,0,-1,-1,2,3,1,2021,13.0,1,2,0,2,3,1,1,,3,PRESIDENT WILSON (AV DU),0,,2,2,0,1,1,0,1,, -1,1,0,1,50,12,2,2021,15:55,1,94,94016,2,1,0,6,PRESIDENT WILSON (AV DU),48.79285,2.32986,15,2,1
202100016672,171Â 827,A01,1,1,1,5,2,6,-1,0,0,-1,2021,27.0,1,1,0,2,1,2,1,,4,BOULEVARD DE COURCELLES,0,,2,5,0,1,(1),(1),1,, -1,2,0,1,50,26,9,2021,18:40,2,75,75117,2,2,1,2,BOULEVARD DE COURCELLES,48.880815,2.31261,18,2,2
202100011349,181Â 444,B01,1,1,1,1,2,0,-1,-1, -1,-1,2021,27.0,1,1,0,2,3,1,1,,3,ROUTE NATIONALE 3,0,,2,2,0,1,0,200,1,, -1,1,0,8,90,23,10,2021,15:24,1,973,97302,1,1,0,2,ROUTE NATIONALE 3,4.90544,-52.32016,15,2,2
202100033107,142Â 571,A01,1,1,1,0,2,6,-1,0,0,-1,2021,55.0,1,1,3,9,2,26,1,,1,750,0,A,2,2,0,1,32,477,2,, -1,1,8,1,50,21,6,2021,21:45,3,34,34239,1,9,0,6,A750,43.656955,3.518553,21,1,1
202100031832,144Â 854,A01,1,1,1,5,2,6,-1,-1, -1,-1,2021,33.0,3,1,0,0,7,1,1,,4,BROGLIE (AVENUE LOUIS DE),0,,3,4,0,2,0,0,1,, -1,1,0,1,50,26,6,2021,02:00,5,87,87085,2,1,0,7,BROGLIE (AVENUE LOUIS DE),45.88252,1.2868,2,1,1
202100026176,154Â 907,B01,1,1,1,0,2,6,-1,0,0,-1,2021,53.0,1,1,0,2,3,2,1,,3,607,-1,,2,2,0,1,9,(1),1,, -1,1,0,1,70,1,8,2021,15:50,1,11,11360,1,1,0,2,D607,43.2638469071,2.9028046131,15,3,2
202100039676,130Â 665,A01,4,2,1,5,1,-1,-1,-1,0,-1,2021,20.0,1,2,4,0,3,12,1,,3,RD 170,0,,3,7,0,1,1,399,1,, -1,1,0,1,70,16,5,2021,08:40,1,95,95582,1,1,0,6,RD 170,48.96551,2.27173,8,2,1
202100013111,178Â 308,B01,1,1,1,2,8,0,-1,0,0,-1,2021,26.0,2,1,0,2,1,1,5,,4,RUE DE LA TOMBE ISSOIRE,0,,2,2,1,2,(1),(1),1,, -1,1,-1,5,50,15,10,2021,08:55,1,75,75114,2,2,0,3,RUE DE LA TOMBE ISSOIRE,48.825948,2.331703,8,2,2
202100017489,170Â 362,B01,1,1,2,9,2,0,-1,0,0,-1,2021,31.0,2,1,0,2,1,1,5,,4,BOULEVARD BARBES,0,,2,4,0,2,(1),(1),1,, -1,1,5,1,30,22,9,2021,21:09,5,75,75118,2,2,0,3,BOULEVARD BARBES,48.888351,2.34958,21,2,2
202100011296,181Â 546,A01,1,1,2,5,1,-1,-1,0,0,-1,2021,34.0,1,2,0,2,1,1,2,,1,6,0,,3,4,0,2,179,937,1,, -1,1,0,1,130,24,10,2021,08:40,1,89,89341,1,1,0,2,"autoroute A6, PK 179+937 sens PARIS/LYON",47.713313,3.775349,8,4,2
202100022077,162Â 163,B01,1,1,2,0,2,-1,-1,-1, -1,-1,2021,33.0,1,1,0,2,7,1,0,,4,PASSE DEBOUT (RUE),0,,1,2,0,1,(1),(1),2,, -1,1,0,1,50,28,8,2021,15:20,1,45,45302,2,6,0,3,Rue Passe Debout,47.9369299793,1.8869871497,15,3,2
202100039628,130Â 755,A01,1,1,1,5,0,-1,-1,0,0,-1,2021,54.0,2,2,0,2,1,5,1,,3,942,0,A,3,4,3,1,2,700,1,, -1,1,0,1,110,14,5,2021,00:45,3,84,84043,1,1,0,1,RD942,43.992552,4.922369,0,2,2
202100001945,198Â 325,B01,1,1,2,0,1,-1,-1,0,0,-1,2021,48.0,2,2,0,2,2,1,1,,3,13,-1,D,2,2,3,2,18,300,1,, -1,1,5,1,80,22,12,2021,13:55,1,29,29195,1,3,0,1,D13,48.598774,-4.505918,13,3,2
202100037710,134Â 261,B01,1,1,1,1,1,-1,-1,0,0,-1,2021,36.0,1,2,0,2,2,1,1,,1,,-1,,1,1,0,2,22,850,1,,3,1,3,1,70,30,5,2021,06:45,1,76,76657,1,2,0,3,Route Industrielle,49.484302,0.357487,6,2,2
202100051272,110Â 025,B01,1,1,1,0,2,-1,-1,-1, -1,-1,2021,34.0,1,1,0,2,1,1,1,,4,,0,,2,2,0,1,(1),(1),1,, -1,1,9,1,50,5,1,2021,20:25,5,69,69266,2,1,0,4,LEON BLUM (R),45.76027,4.9015,20,3,3
202100034931,139Â 270,A01,10,3,1,0,0,-1,-1,2,3,2,2021,11.0,1,2,0,1,1,1,1,,4,MONT BLANC (DU)                     (AV),0,,2,2,0,1,(1),(1),1,, -1,1,0,1,50,11,6,2021,13:30,1,69,69286,2,1,0,6,MONT BLANC (DU) (AV),45.81289,4.89332,13,2,1
202100049968,112Â 434,B01,1,1,1,5,0,-1,-1,0,0,-1,2021,86.0,3,1,0,2,3,17,5,,4,,-1,,2,2,0,1,(1),(1),2,, -1,1,0,1,-1,27,2,2021,16:25,1,40,40278,1,1,0,6,Route du Lac,44.232962,-1.181374,16,2,2
202100050988,110Â 540,A01,1,1,1,5,2,-1,-1,0,0,-1,2021,28.0,2,1,0,2,3,10,1,,4,,-1,,2,2,0,1,17,500,1,, -1,1,0,1,60,2,2,2021,20:00,3,987,98754,2,1,0,3,pk 17.500,-16.878131,-151.447298,20,2,2
202100021092,163Â 954,A01,1,1,2,9,2,0,-1,0,0,-1,2021,45.0,1,1,0,2,7,1,5,,4,RUE LINOIS,0,,2,5,0,1,(1),(1),1,, -1,1,0,1,30,3,9,2021,12:51,1,75,75115,2,1,0,3,RUE LINOIS,48.848185,2.283395,12,2,2
202100004283,194Â 103,A01,1,1,2,9,1,0,-1,0,0,-1,2021,36.0,1,2,13,0,1,1,1,,3,RAMBAUD ( ROUTE DE ),0,,2,2,0,1,2,845,2,, -1,7,0,1,80,5,12,2021,14:15,1,5,5061,1,1,0,7,RAMBAUD ( ROUTE DE ),44.5572573366,6.1204791069,14,1,1
202100026211,154Â 846,A01,2,2,2,5,2,-1,-1,0,0,-1,2021,16.0,2,1,7,0,1,1,1,,3,,0,,4,2,0,1,0,150,1,, -1,1,9,1,50,1,8,2021,04:30,3,85,85202,2,1,0,6,Rue de Saint-Martin,46.74013,-1.1172,4,2,1
202100002042,198Â 143,A01,1,1,2,4,2,0,-1,0,0,-1,2021,33.0,2,1,0,2,1,17,1,,4,RUE CARDINET,0,,2,2,0,1,(1),(1),1,, -1,1,0,1,30,20,12,2021,14:10,1,75,75117,2,3,0,3,RUE CARDINET,48.891129,2.318009,14,2,2
202100047836,116Â 252,A01,10,3,1,0,0,-1,-1,3,1,1,2021,58.0,2,1,0,1,1,13,0,,3,R JEAN MONNET,0,,2,2,0,1,1,0,1,, -1,2,0,1,50,16,3,2021,17:50,1,94,94044,2,1,1,6,Rue Jean Monnet,48.759473,2.48041,17,2,1
202100053181,106Â 676,C01,1,1,1,1,1,0,-1,-1, -1,-1,2021,41.0,0,2,0,2,1,1,1,,4,CATELIERS. RUE DES,0,,2,2,0,2,0,0,3,, -1,2,0,1,50,23,1,2021,16:10,1,76,76575,2,1,0,6,CATELIERS. RUE DES,49.38875,1.08051,16,3,3
202100028344,151Â 035,A01,1,1,2,5,1,-1,-1,0,0,-1,2021,81.0,2,2,2,0,1,1,1,,1,11,-1,,2,3,0,1,89,500,1,,"13,5",1,0,3,130,19,7,2021,18:30,1,28,28409,1,1,0,6,A11,48.27651,1.184206,18,3,1
202100023365,159Â 853,A01,1,1,1,4,0,-1,-1,0,0,-1,2021,19.0,1,2,2,0,1,1,1,,3,56,-1,,2,2,0,1,3,150,2,, -1,1,0,3,80,20,8,2021,20:00,1,66,66055,1,1,0,6,Route de Nefiach,42.6675090857,2.6672268659,20,1,1
202100013051,178Â 416,A01,1,1,1,9,1,0,-1,-1, -1,-1,2021,29.0,2,2,0,2,2,5,1,,4,BAZY DU COMMANDANT,0,,1,1,0,1,(1),(1),1,, -1,1,0,1,50,15,10,2021,08:25,1,66,66136,2,2,0,3,BAZY DU COMMANDANT,42.69179,2.88836,8,2,2
202100001555,199Â 029,A01,2,2,2,3,1,-1,-1,0,0,-1,2021,23.0,0,2,8,0,1,1,1,,4,,-1,,2,2,0,1,(1),(1),1,,4,7,0,1,50,23,12,2021,19:10,5,27,27165,2,3,0,6,Rue Jacques PrÃ©vert,48.972354,0.946482,19,4,1
202100037781,134Â 127,A01,1,1,2,1,1,-1,-1,-1, -1,-1,2021,21.0,3,2,0,2,3,19,1,,4,VOISIN (RUE GABRIEL),0,,2,2,0,1,(1),(1),1,, -1,1,0,1,50,27,5,2021,16:40,1,51,51454,2,3,0,3,Rue Gabriel Voisin,49.2330269596,4.0674695785,16,2,2
202100027710,152Â 184,A01,4,2,1,0,1,0,-1,-1, -1,-1,2021,10.0,2,2,0,2,1,1,1,,3,,0,,2,2,0,1,65,700,1,, -1,1,0,1,50,19,7,2021,19:45,1,78,78531,1,9,1,1,RUE NATIONALE,49.008232,1.61556,19,6,2
202100009015,185Â 605,A01,2,2,2,1,2,6,-1,0,0,-1,2021,37.0,1,1,0,2,1,3,1,,3,922,-1,,2,2,0,1,24,0,1,, -1,1,0,1,50,8,11,2021,07:45,2,95,95392,2,1,0,3,38 Grande Rue,49.080026,2.205725,7,3,2