Num_Acc,id_vehicule,num_veh,place,catu,sexe,trajet,secu1,secu2,secu3,locp,actp,etatp,year_acc,victim_age,senc,catv,obs,obsm,choc,manv,motor,occutc,catr,voie,v1,v2,circ,nbv,vosp,prof,pr,pr1,plan,lartpc,larrout,surf,infra,situ,vma,jour,mois,an,hrmn,lum,dep,com,agg_,int,atm,col,adr,lat,long,hour,nb_victim,nb_vehicules
202100040621,129Â 004,A01,10,3,1,0,0,0,0,1,5,3,2021,7.0,2,2,0,1,3,1,1,,4,SARAMITO (AV. GEN.),0,,1,1,0,1,(1),(1),1,, -1,1,0,1,50,9,5,2021,12:00,1,6,6088,2,1,0,6,SARAMITO (AV. GEN.),43.74032,7.30743,12,4,1
202100034550,139Â 965,A01,10,3,2,3,0,-1,-1,5,1,1,2021,68.0,1,1,0,1,1,1,3,,3,992,0,,-1,0,0,1,0,0,1,, -1,1,0,4,50,12,6,2021,14:20,1,92,92025,2,1,0,6,CHARLES DE GAULLE (BD),48.914778,2.228499,14,2,1
202100010883,182Â 275,B01,2,2,2,0,1,0,-1,0,0,-1,2021,67.0,3,2,0,2,2,3,1,,4,ROUSSILLON (AVENUE DU),0,,-1,2,0,1,(1),(1),1,, -1,1,0,1,50,18,10,2021,11:41,1,63,63014,2,1,0,3,ROUSSILLON (AVENUE DU),45.75526,3.12692,11,3,2
202100036940,135Â 667,A01,1,1,1,0,2,0,-1,-1, -1,-1,2021,46.0,2,1,0,2,1,3,1,,1,AUTOROUTE A86,0,,3,10,0,4,14,500,1,, -1,1,2,1,90,1,6,2021,19:10,1,93,93001,1,1,0,5,AUTOROUTE A86,48.92199,2.36541,19,4,4
202100028601,150Â 593,B01,1,1,1,5,2,8,-1,-1, -1,-1,2021,72.0,3,1,0,2,7,1,1,,4,BOIS DE NEFLES (ROUTE DE),0,,-1,2,0,1,0,0,1,, -1,2,0,1,50,16,7,2021,10:15,1,974,97411,2,2,1,3,BOIS DE NEFLES (ROUTE DE),-20.8939,55.47841,10,2,2
202100005934,191Â 186,B01,1,1,2,0,2,0,-1,0,0,-1,2021,19.0,1,1,0,2,1,1,1,,4,BREUIL (RUE DU),0,,2,2,1,1,(1),(1),3,, -1,1,0,1,50,24,11,2021,17:50,5,54,54257,2,1,0,1,Rue du CollÃ¨ge,48.65715,6.20764,17,2,2
202100025506,156Â 075,A01,1,1,1,5,0,-1,-1,0,0,-1,2021,71.0,0,1,0,0,0,1,6,,4,,-1,,-1,2,1,1,(1),(1),1,,4,1,0,5,-1,5,8,2021,18:50,1,31,31113,1,1,0,7,13-17 chemin du halage,43.521792,1.519375,18,1,1
202100021988,162Â 329,A01,10,3,1,0,0,-1,-1,1,B,1,2021,38.0,2,2,0,1,1,0,1,,3,70,-1,,2,2,0,1,8,460,1,, -1,1,0,1,80,29,8,2021,06:15,2,25,25454,1,1,0,6,D70,47.252029,5.964358,6,2,1
202100023647,159Â 356,A01,10,3,2,5,0,-1,-1,2,3,2,2021,13.0,2,2,0,1,1,1,1,,3,996,0,D,2,2,0,1,6,921,1,, -1,1,0,1,50,18,8,2021,17:10,1,23,23076,2,1,0,6,Avenue de la RÃ©publique,46.171257,2.483999,17,2,1
202100042327,125Â 965,A01,10,3,2,5,0,-1,-1,2,3,2,2021,3.0,0,2,0,1,2,1,1,,3,BRIAND (AVENUE ARISTIDE),0,,2,2,0,1,1,530,2,, -1,1,0,1,50,25,4,2021,19:55,1,27,27229,2,3,0,6,BRIAND (AVENUE ARISTIDE),49.0166,1.1229,19,2,1
202100035168,138Â 846,A01,1,1,1,5,2,8,-1,0,0,-1,2021,60.0,2,1,15,0,1,0,1,,3,218,0,B,2,2,0,2,22,175,3,, -1,1,0,8,80,12,6,2021,13:00,1,73,73186,1,1,0,6,D218b,45.795442,6.541451,13,1,1
202100005132,192Â 604,A01,10,3,1,0,0,-1,-1,4,3,1,2021,29.0,2,2,0,1,2,16,1,,3,,0,,2,2,0,1,0,0,3,, -1,1,6,1,50,2,12,2021,23:10,5,92,92012,2,6,0,6,REPUBLIQUE (BOULEVARD DE LA) 79/FIN - 76,48.8335492919,2.2438019514,23,2,1
202100045629,120Â 175,A01,1,1,1,1,8,0,-1,0,0,-1,2021,30.0,1,1,12,0,1,1,5,,4,BOULEVARD DE L HOPITAL,0,,1,2,3,3,(1),(1),1,, -1,1,0,1,50,1,4,2021,22:40,5,75,75113,2,2,0,6,BOULEVARD DE L HOPITAL,48.833172,2.356768,22,1,1
202100031368,145Â 676,B01,1,1,2,5,1,-1,-1,0,0,-1,2021,32.0,2,2,0,2,3,1,1,,3,111,0,,2,2,0,2,18,650,1,,7,1,0,1,80,2,7,2021,18:00,1,26,26125,1,1,0,1,Route de Montoison,44.760272,4.957875,18,3,2
202100009236,185Â 202,A01,10,3,2,0,0,-1,-1,3,3,2,2021,78.0,2,5,0,1,3,15,1,,4,BONNABAUD (RUE),0,,1,1,0,1,(1),(1),1,, -1,1,0,1,50,3,11,2021,14:36,1,63,63113,2,2,0,6,BLATIN (RUE),45.77689,3.07875,14,2,1
202100046472,118Â 718,A01,1,1,1,5,2,-1,-1,0,0,-1,2021,62.0,2,1,13,0,1,1,5,,3,117,0,D,2,2,0,2,1,285,3,0,"3,6",1,0,3,80,27,3,2021,17:00,1,16,16415,1,1,0,6,85 Route de Guissalle,45.728158,0.110314,17,1,1
202100010040,183Â 750,A01,2,2,2,5,1,0,-1,0,0,-1,2021,22.0,2,2,0,2,1,2,1,,4,BOULEVARD DE DOUAUMONT,0,,1,2,0,1,(1),(1),1,, -1,1,8,1,50,31,10,2021,05:40,5,75,75117,2,4,0,4,BOULEVARD DE DOUAUMONT,48.896373,2.310323,5,5,3
202100001939,198Â 332,A01,10,3,2,1,0,-1,-1,6,9,1,2021,40.0,1,2,0,1,1,13,1,,3,918,-1,,2,2,0,2,15,100,1,, -1,1,0,3,80,23,12,2021,10:27,1,65,65022,1,4,0,6,Rd 918 Rd 127,42.979802,-0.163572,10,2,1
202100002976,196Â 454,A01,10,3,2,2,0,-1,-1,3,3,1,2021,14.0,2,2,0,1,1,15,2,,4,R PAUL ELUARD ,0,,1,1,1,1,1,0,1,, -1,1,0,1,30,14,12,2021,17:28,5,94,94018,2,2,0,6,Rue Paul Eluard,48.819889,2.410204,17,2,1
202100024413,158Â 048,A01,1,1,1,5,1,-1,-1,0,0,-1,2021,19.0,2,2,0,2,3,13,1,,2,85,-1,,2,2,0,1,66,870,3,, -1,1,0,1,80,14,8,2021,13:30,1,4,4055,1,1,0,5,RN 85,43.9886,6.296486,13,6,3
202100007649,188Â 076,B01,1,1,1,1,2,6,-1,0,0,-1,2021,32.0,2,1,0,2,3,3,1,,4,PORTE DES LILAS,0,,1,4,0,1,28,500,1,, -1,2,1,1,70,17,11,2021,08:30,1,75,75120,2,1,0,4,PORTE DES LILAS,48.876534,2.409645,8,3,3
202100015953,173Â 152,B01,1,1,1,9,2,0,-1,0,0,-1,2021,29.0,2,1,0,2,1,1,3,,4,RUE LA FAYETTE,0,,2,2,0,1,(1),(1),1,, -1,2,8,1,30,29,9,2021,11:05,1,75,75110,2,2,0,3,RUE LA FAYETTE,48.880747,2.362464,11,2,2
202100020166,165Â 587,B01,1,1,1,1,2,6,-1,0,0,-1,2021,17.0,1,1,0,2,2,21,1,,3,233,0,D,2,2,0,1,4,133,2,, -1,1,0,1,50,8,9,2021,07:29,2,44,44069,1,3,0,3,D233-MIROUX,47.355368,-2.432925,7,2,2
202100031715,145Â 068,A01,10,3,2,0,0,-1,-1,1,1,1,2021,34.0,3,2,0,1,1,15,1,,4,PEPINIERE (CHEMIN DE LA),0,,2,2,0,1,0,0,1,, -1,1,0,1,50,23,6,2021,10:20,1,13,13028,2,1,0,6,PEPINIERE (CHEMIN DE LA),43.1909105899,5.60059701,10,2,1
202100054668,104Â 064,A01,1,1,1,0,1,-1,-1,-1, -1,-1,2021,30.0,2,5,9,0,1,16,1,,4,,0,,1,1,0,2,(1),(1),2,, -1,2,9,1,50,17,1,2021,11:45,1,69,69152,1,6,1,6,BARRAGE (DU) (CHM),45.6934708071,4.8278152943,11,1,1
202100024399,158Â 073,B01,7,2,1,5,1,5,-1,0,0,-1,2021,17.0,2,2,0,2,6,1,1,,3,2204,0,,2,2,0,2,52,704,1,, -1,1,0,1,80,14,8,2021,13:30,1,6,6023,1,1,0,2,Auberge du Col de Brouis (Restaurant),43.924162,7.476239,13,3,2
202100029451,149Â 138,A01,1,1,1,0,8,0,-1,-1, -1,-1,2021,21.0,1,2,14,0,0,9,1,,3,QUATRIEME ZOUAVES (RUE DU),0,,1,0,0,2,1,0,1,, -1,1,0,1,50,11,7,2021,04:25,5,93,93064,2,9,0,1,QUATRIEME ZOUAVES (RUE DU),48.87255,2.4768,4,1,1
202100015887,173Â 272,B01,1,1,2,0,1,-1,-1,-1, -1,-1,2021,71.0,3,2,0,2,8,1,1,,7,JUIN. AVENUE DU MARECHAL,0,,2,4,0,1,0,1,1,, -1,1,-1,1,50,30,9,2021,19:00,2,76,76095,2,2,0,3,JUIN. AVENUE DU MARECHAL,49.46208,1.12622,19,2,2
202100018565,168Â 449,B01,2,2,2,5,8,0,-1,-1, -1,-1,2021,20.0,1,1,0,2,8,1,1,,4,SCHUMAN(RUE ROBERT),0,,2,2,0,1,(1),(1),1,, -1,1,5,1,30,16,9,2021,02:35,5,56,56260,2,2,0,3,SCHUMAN(RUE ROBERT),47.6519,-2.77047,2,5,2
202100038402,132Â 996,B01,1,1,1,1,2,6,-1,0,0,-1,2021,57.0,2,1,0,2,3,1,1,,4,BOULEVARD DE CLICHY,0,,1,2,3,1,(1),(1),1,, -1,1,0,1,50,25,5,2021,13:05,1,75,75109,2,3,0,3,BOULEVARD DE CLICHY,48.8841,2.330824,13,2,2
202100041865,126Â 794,A01,1,1,2,1,1,4,-1,-1, -1,-1,2021,28.0,2,2,6,0,1,26,1,,1,A86 EXT,0,,1,3,0,1,45,0,3,, -1,1,1,1,90,30,4,2021,22:49,5,94,94073,1,1,0,6,A86 EXT,48.770201,2.381564,22,1,1
202100024875,157Â 197,A01,1,1,1,0,1,0,-1,0,0,-1,2021,21.0,1,2,8,0,1,1,1,,7,RD 674,0,,1,2,0,2,(1),(1),1,, -1,1,0,1,70,8,8,2021,05:10,5,54,54547,2,1,0,6,RM 674,48.6719336824,6.1942532659,5,1,1
202100020895,164Â 299,A01,4,2,1,5,8,0,-1,-1, -1,-1,2021,16.0,1,2,1,0,2,14,2,,3,,0,,1,2,0,3,1,0,4,, -1,1,0,4,50,4,9,2021,02:50,5,92,92073,2,1,0,6,SELLIER (BOULEVARD HENRI),48.8679212163,2.2256541252,2,2,1
202100027067,153Â 337,A01,1,1,2,5,8,-1,-1,-1, -1,-1,2021,22.0,1,2,5,0,2,1,1,,3,D650,0,,2,2,0,1,15,200,1,, -1,1,0,1,50,25,7,2021,07:10,1,33,33529,1,1,0,6,DE GAULLE (AVE CHARLES) 87 ET +,44.63718,-1.128802,7,1,1
202100033118,142Â 557,A01,1,1,1,1,2,-1,-1,0,0,-1,2021,16.0,2,1,0,2,3,15,1,,3,203,0,D,-1,2,0,1,20,30,2,, -1,1,0,3,80,22,6,2021,12:20,1,49,49010,1,9,0,1,D203,47.715724,-1.115069,12,2,2
202100015244,174Â 457,A01,10,3,2,1,0,-1,-1,2,3,1,2021,43.0,1,1,0,1,1,7,1,,3,REPUBLIQUE (AVE DE LA ) DE 52 A 104,0,,2,3,3,1,0,1,1,, -1,1,0,6,50,4,10,2021,14:38,1,93,93001,2,1,0,6,REPUBLIQUE (AVE DE LA ) DE 52 A 104,48.9084854399,2.3872348666,14,2,1
202100046783,118Â 147,A01,1,1,2,9,2,0,-1,0,0,-1,2021,67.0,2,1,12,0,0,1,5,,4,BOULEVARD PASTEUR,0,,1,1,1,2,(1),(1),1,, -1,1,-1,5,50,24,3,2021,10:55,1,75,75115,2,2,0,6,BOULEVARD PASTEUR,48.841518,2.314018,10,1,1
202100013627,177Â 357,B01,1,1,1,0,2,0,-1,-1, -1,-1,2021,18.0,3,1,0,2,4,2,1,,4,MEUNIERS (RUE DES),0,,2,2,0,1,(1),(1),1,, -1,1,0,1,50,11,10,2021,10:20,1,63,63113,2,1,0,2,MEUNIERS (RUE DES),45.7626,3.1048,10,2,2
202100033892,141Â 179,A01,1,1,1,0,2,8,-1,-1, -1,-1,2021,27.0,3,1,12,2,1,19,1,,3,FRANCE ANATOLE (BOULEVARD) NR AUTRES,0,,2,2,0,1,0,1,1,, -1,1,5,1,50,16,6,2021,19:10,1,93,93066,2,9,1,3,Boulevard Anatole France,48.920016,2.343761,19,3,2
202100011259,181Â 607,A01,1,1,1,5,2,6,9,0,0,-1,2021,35.0,0,1,8,0,7,1,1,,3,50,0,D,2,2,0,1,(1),(1),3,, -1,9,0,4,50,24,10,2021,20:50,5,80,80065,2,1,0,6,17 Rue d Hamel,50.077549,2.682434,20,1,1
202100026391,154Â 518,B01,1,1,1,5,2,6,-1,0,0,-1,2021,23.0,1,1,0,2,1,1,1,,3,93,0,D,2,2,0,2,5,360,1,, -1,1,0,1,70,30,7,2021,21:15,1,83,83101,1,1,0,1,4363 Route des Plages,43.231677,6.652112,21,2,2
202100036569,136Â 345,A01,1,1,1,5,8,-1,-1,-1,0,-1,2021,29.0,2,2,4,0,1,26,1,,2,RN 104,0,,1,2,0,1,7,599,2,, -1,1,0,2,90,3,6,2021,22:15,3,95,95028,1,1,0,6,RN 104,49.0637573911,2.3315233596,22,1,1
202100014287,176Â 162,A01,1,1,2,5,1,-1,-1,0,0,-1,2021,71.0,1,2,0,0,0,15,1,,3,937,0,,2,2,0,2,24,0,2,, -1,1,0,1,80,8,10,2021,12:05,1,65,65320,1,1,0,7,Darre Capdeville,43.118628,0.087939,12,1,1
202100034496,140Â 065,A01,1,1,2,1,1,-1,-1,0,0,-1,2021,19.0,1,2,0,2,1,1,1,,3,RD981,0,A,2,2,0,1,18,600,1,, -1,1,0,1,80,15,6,2021,08:00,1,60,60029,1,1,0,4,D981,49.374535,1.990329,8,4,3
202100007617,188Â 128,A01,1,1,1,0,1,-1,-1,-1, -1,-1,2021,67.0,1,2,0,2,1,1,1,,4,LATTRE DE TASSIGNY (AVENUE DE),0,,2,2,0,1,(1),(1),1,, -1,1,0,1,50,16,11,2021,12:05,1,39,39198,2,6,0,5,63 Avenue de Lattre de Tassigny,47.10512,5.49911,12,6,4
202100012660,179Â 087,A01,5,2,1,5,8,0,-1,-1, -1,-1,2021,20.0,2,2,4,0,8,13,1,,2,,0,,3,4,0,1,11,650,2,, -1,1,0,1,90,17,10,2021,05:00,3,25,25056,2,1,0,6,RN 1057 (BD CHURCHIL-ROUTE DE GRAY),47.24163,5.98236,5,3,1
202100036075,137Â 200,B01,1,1,1,4,2,8,-1,-1, -1,-1,2021,18.0,2,1,0,2,1,2,1,,4,CLOT BEY (AVENUE),0,,2,2,0,1,1,0,1,, -1,1,0,1,50,6,6,2021,21:50,2,13,13208,2,3,0,3,CLOT BEY (AVENUE),43.2605001517,5.3871156129,21,4,2
202100016590,171Â 978,A01,10,3,2,3,0,-1,-1,8,3,1,2021,79.0,3,5,0,1,4,4,1,,6,,0,,-1,-1,0,1,(1),(1),1,, -1,1,0,1,-1,27,9,2021,18:00,1,37,37050,2,1,0,6,174 Avenue du Grand Sud,47.333546,0.705539,18,2,1
202100032108,144Â 358,A01,1,1,1,0,2,0,-1,-1, -1,-1,2021,52.0,2,1,1,0,0,1,1,,4,OLIVET (ROUTE D'OLIVET),0,,2,2,0,2,(1),(1),1,, -1,1,0,1,50,27,6,2021,01:48,5,45,45234,2,1,0,6,4 Route dâOlivet,47.887561,1.905064,1,1,1
202100042245,126Â 117,A01,1,1,1,0,6,2,9,0,0,-1,2021,36.0,2,1,14,0,1,0,1,,3,94,-1,,2,2,0,1,4,395,3,, -1,1,2,1,80,27,4,2021,16:54,1,44,44081,1,1,0,6,La Peaudouere,46.886624,-1.557183,16,1,1
202100041500,127Â 427,A01,10,3,2,0,0,-1,-1,2,3,1,2021,13.0,1,3,0,1,2,21,1,1.0,4,ANDREI SAKHAROV                     (AV),0,,2,2,0,1,(1),(1),1,, -1,1,0,1,50,2,5,2021,18:00,1,69,69389,2,1,0,6,ANDREI SAKHAROV                     (AV),45.78779,4.79992,18,2,1
202100012486,179Â 387,B01,1,1,1,9,2,0,-1,0,0,-1,2021,26.0,1,0,0,2,4,1,3,,4,AVENUE DE CHOISY,0,,2,3,1,1,(1),(1),1,, -1,1,0,5,30,18,10,2021,17:40,1,75,75113,2,5,0,3,AVENUE DE CHOISY,48.826176,2.360006,17,2,2
202100036673,136Â 160,B01,1,1,1,1,2,6,-1,-1, -1,-1,2021,21.0,2,1,0,2,1,1,1,,3,909,0,,2,0,0,1,0,0,1,, -1,1,0,1,50,3,6,2021,14:00,1,92,92004,2,3,0,2,COLOMBES ( RUE DE 31 A ),48.91324,2.28256,14,2,2
202100015374,174Â 226,A01,1,1,2,1,1,-1,-1,0,0,-1,2021,35.0,2,2,13,2,2,12,1,,1,A16,-1,,3,4,3,1,29,800,1,, -1,1,0,1,110,4,10,2021,07:45,1,95,95313,1,1,0,3,A16,49.113256,2.254451,7,2,2
202100054705,104Â 004,A01,10,3,1,0,0,-1,-1,1,3,1,2021,54.0,3,5,0,1,6,4,1,,6,,0,,-1,-1,0,1,(1),(1),1,, -1,1,0,1,30,8,1,2021,11:30,1,13,13078,2,1,0,6,18 Residence Ambroise Croizat,43.393595,4.802659,11,2,1
202100041100,128Â 147,A01,1,1,2,1,1,-1,-1,-1, -1,-1,2021,27.0,0,2,0,2,1,15,1,,4,POLLE (RUE DE LA),0,,2,2,0,2,(1),(1),1,, -1,1,0,1,50,4,5,2021,14:15,1,50,50129,2,2,0,1,POLLE (RUE DE LA),49.64043,-1.64068,14,3,2
202100047321,117Â 181,B01,1,1,1,2,2,6,-1,-1, -1,-1,2021,17.0,1,1,0,2,8,1,1,,3,ROLLE (R KLEBER),0,,2,2,0,1,29,920,1,, -1,2,0,1,50,12,1,2021,08:00,5,62,62033,2,2,1,3,ROLLE (R KLEBER),50.4637443379,2.8797691894,8,2,2
202100034136,140Â 745,B01,1,1,2,0,2,6,-1,-1, -1,-1,2021,18.0,1,1,0,2,1,1,1,,4,,0,,2,0,0,1,0,0,1,, -1,1,0,1,50,16,6,2021,14:30,1,92,92025,2,3,0,3,ORGEMONT  ( AVENUE D' ),48.9321781309,2.2728274763,14,2,2
202100025154,156Â 693,A01,1,1,1,5,8,0,-1,-1, -1,-1,2021,45.0,3,1,0,2,5,14,0,,4,MARNE (QUAI),0,,-1,0,0,1,(1),(1),1,, -1,1,0,1,50,7,8,2021,10:30,1,93,93051,2,1,0,2,Quai de la Marne,48.8577,2.5679,10,2,2
202100049122,113Â 949,B01,1,1,2,0,1,0,-1,-1, -1,-1,2021,22.0,2,2,1,0,7,1,1,,4,BARBES BD ET PROMENADE-PAIRS-,0,,1,2,0,1,0,0,1,, -1,1,0,1,50,4,3,2021,16:30,1,11,11069,2,1,0,3,BARBES BD ET PROMENADE-PAIRS-,43.21029,2.34878,16,2,2
202100049061,114Â 061,B01,1,1,1,5,2,-1,-1,-1,0,-1,2021,60.0,1,1,0,2,5,2,0,,3,AMBASSADEUR (RUE DE L'),0,,-1,1,0,1,2,70,2,, -1,1,9,1,50,3,3,2021,21:00,5,95,95218,2,6,0,3,AMBASSADEUR (RUE DE L'),49.0126622729,2.0927005967,21,2,2
202100019707,166Â 417,A01,1,1,1,0,2,6,-1,-1, -1,-1,2021,51.0,2,1,0,2,1,2,1,,7,ROQUEFAVOUR (RTE DE),0,,2,2,0,1,(1),(1),1,, -1,1,0,1,70,9,9,2021,14:50,1,13,13114,1,1,0,2,ROQUEFAVOUR (RTE DE),43.5269424664,5.2885659725,14,2,2
202100039144,131Â 655,A01,1,1,1,5,2,0,-1,0,0,-1,2021,5.0,1,1,0,2,8,19,5,,4,RUE MICHEL CHASLES,0,,1,1,0,1,(1),(1),1,, -1,1,0,1,50,20,5,2021,16:35,1,75,75112,2,2,0,3,RUE MICHEL CHASLES,48.846925,2.373868,16,2,2
202100032646,143Â 414,B01,1,1,1,0,1,0,-1,-1, -1,-1,2021,49.0,3,2,0,2,1,1,1,,4,MIRASOULEOU (AVE),0,,1,2,0,1,0,0,1,, -1,1,5,1,50,24,6,2021,00:20,5,83,83137,1,1,0,3,MIRASOULEOU (AVE),43.13297,5.98172,0,3,2
202100020860,164Â 360,A01,2,2,1,5,1,8,-1,-1, -1,-1,2021,25.0,3,2,0,2,9,15,1,,4,FOURNIER (RUE DU DOCTEUR),0,,2,2,0,1,(1),(1),1,, -1,1,0,1,50,4,9,2021,11:15,1,37,37261,2,2,0,3,FOURNIER (RUE DU DOCTEUR),47.3865304914,0.7071009181,11,3,2
202100001436,199Â 215,A01,1,1,2,0,1,4,-1,-1, -1,-1,2021,30.0,1,2,3,9,1,9,1,,1,AUTOROUTE A104,0,,3,3,0,1,0,500,1,, -1,2,0,1,90,25,12,2021,13:30,1,93,93005,1,1,0,7,AUTOROUTE A104,48.97197,2.49516,13,1,1
202100001394,199Â 278,A01,1,1,1,5,0,-1,-1,0,0,-1,2021,40.0,2,2,0,0,6,2,1,,1,65,-1,,3,4,0,1,32,730,1,, -1,1,0,1,130,26,12,2021,21:50,3,33,33095,1,1,0,2,,44.263858,-0.241199,21,6,2
202100014995,174Â 899,A01,10,3,2,5,0,-1,-1,2,3,1,2021,11.0,0,5,0,1,2,2,1,,4,EGLISE. RUE DE L',0,,2,2,0,1,0,0,1,, -1,1,0,1,50,10,9,2021,15:40,1,76,76178,2,1,0,6,EGLISE. RUE DE L',49.31432,1.033,15,2,1
202100039742,130Â 544,B01,1,1,1,0,2,-1,-1,0,0,-1,2021,76.0,3,1,13,2,1,19,5,,4,,0,,2,2,0,1,(1),(1),1,,4,1,0,1,50,11,5,2021,16:25,1,79,79204,2,2,0,3,Route de MairÃ©,46.180358,-0.241066,16,2,2
202100022827,160Â 808,A01,4,2,1,0,1,0,-1,-1, -1,-1,2021,15.0,3,2,9,0,1,21,1,,4,JAURES (PLACE JEAN),0,,2,1,0,1,0,0,1,, -1,2,9,1,50,23,8,2021,05:30,2,93,93073,2,9,1,1,JAURES (PLACE JEAN),48.95,2.58,5,3,1
202100003266,195Â 926,A01,1,1,2,5,2,8,-1,0,0,-1,2021,22.0,1,1,0,2,8,1,1,,4,AVENUE DE LA MOTTE PICQUET,0,,2,1,0,1,(1),(1),1,, -1,2,0,1,30,12,12,2021,20:50,5,75,75107,2,2,1,3,AVENUE DE LA MOTTE PICQUET,48.857255,2.30993,20,2,2
202100000493,200Â 823,A01,1,1,2,5,1,-1,-1,-1, -1,-1,2021,53.0,0,2,0,2,4,23,1,,4,STRASBOURG (BD),0,,2,2,3,1,0,0,1,, -1,1,0,1,50,19,10,2021,13:30,1,76,76351,2,1,0,2,STRASBOURG (BD),49.49276,0.12016,13,2,2
202100027503,152Â 565,B01,1,1,1,3,8,-1,-1,-1,0,-1,2021,35.0,2,1,0,2,1,21,5,,3,GARE (RUE DE LA),0,,2,2,0,1,10,950,2,, -1,1,0,1,50,21,7,2021,18:50,1,95,95197,2,3,0,1,Rue de la Gare,48.975366,2.332775,18,2,2
202100014855,175Â 158,B01,1,1,1,0,2,8,-1,-1, -1,-1,2021,23.0,1,1,0,2,1,2,1,,3,CLEMENCEAU (AVENUE GEORGES),0,,3,4,1,1,0,1,1,, -1,1,0,1,50,6,10,2021,15:00,1,93,93078,2,1,0,2,Avenue Georges ClÃ©menceau,48.95892,2.55781,15,2,2
202100040849,128Â 617,B01,1,1,1,5,2,-1,-1,0,0,-1,2021,42.0,1,1,0,0,4,0,5,,3,337,0,A,2,2,0,1,26,0,3,, -1,1,0,1,50,8,5,2021,15:30,1,69,69054,2,1,0,2,NAPOLEON (RTE),46.168664,4.490737,15,2,2
202100042895,124Â 992,A01,1,1,2,5,8,0,-1,-1, -1,-1,2021,10.0,3,1,0,2,8,1,5,,4,JEAN MOULIN (RUE),0,,-1,2,0,1,(1),(1),1,, -1,1,0,1,30,23,4,2021,16:10,1,10,10081,2,3,0,3,JEAN MOULIN (RUE),48.3083,4.03534,16,2,2
202100046260,119Â 087,A01,10,3,2,5,0,-1,-1,2,3,2,2021,32.0,2,2,0,1,2,1,1,,3,7,0,D,2,2,0,2,6,500,3,, -1,1,0,1,50,27,3,2021,11:30,1,972,97231,2,1,0,6,Av de l'Imperatrice Josephine,14.537753,-61.034213,11,3,1
202100024959,157Â 049,B01,1,1,1,1,1,-1,-1,0,0,-1,2021,20.0,3,2,0,2,3,1,1,,4,6,0,,2,2,0,1,(1),(1),3,, -1,1,0,1,50,9,8,2021,18:30,1,48,48094,2,1,0,1,Lieu dit Soulages 48500,44.333442,3.221183,18,3,2
202100024376,158Â 111,B01,2,2,2,5,2,6,-1,0,0,-1,2021,38.0,1,1,0,2,1,2,1,,3,723,0,D,2,2,0,1,61,471,1,, -1,1,0,1,70,14,8,2021,10:30,1,44,44115,1,1,0,3,CD 723 44521,47.352984,-1.269983,10,3,2
202100036509,136Â 446,A01,1,1,1,0,1,-1,-1,0,0,-1,2021,20.0,0,5,0,0,3,13,1,,7,3,-1,,2,2,0,2,46,750,2,, -1,2,0,1,80,4,6,2021,21:10,3,42,42096,1,1,1,1,M3,45.53907,4.442764,21,2,2
202100056501,100Â 906,A01,2,2,2,0,8,0,-1,-1, -1,-1,2021,26.0,1,2,4,0,2,14,1,,2,RN406.Y,0,,3,2,0,1,5,699,1,, -1,1,0,2,90,1,1,2021,18:00,2,94,94011,1,1,0,6,RN406.Y,48.7612277833,2.4912067755,18,2,1
202100039747,130Â 536,A01,9,2,1,9,8,-1,-1,0,0,-1,2021,36.0,1,2,13,0,1,1,1,,3,18,0,D,2,2,0,1,0,258,1,, -1,2,0,8,80,16,5,2021,21:21,2,31,31329,1,1,1,6,Montcalvel,43.478506,1.816794,21,4,1
202100007088,189Â 091,A01,10,3,1,0,0,-1,-1,9,3,1,2021,22.0,1,2,0,1,2,1,1,,1,8,-1,A,3,5,0,1,184,200,1,, -1,1,0,1,90,21,11,2021,06:53,3,6,6123,1,1,0,6,Autoroute A8 - Pk 184.200 sud,43.665951,7.187608,6,2,1
202100035853,137Â 609,A01,2,2,1,5,1,-1,-1,-1, -1,-1,2021,20.0,2,2,0,2,1,2,1,,7,RD383   11.750 A 14.250,0,,1,3,0,1,12,0,1,, -1,1,0,1,70,7,6,2021,13:05,1,69,69259,1,1,0,2,LAURENT BONNEVAY (BD),45.7204,4.8822,13,3,2
202100030557,147Â 140,A01,10,3,2,5,8,8,-1,2,1,1,2021,83.0,2,2,0,1,6,20,1,,4,IMAGERIE (RUE DE L'),0,,2,1,0,1,(1),(1),1,, -1,1,0,1,50,5,7,2021,11:32,1,54,54431,2,1,0,6,IMAGERIE (RUE DE L'),48.90497,6.05959,11,2,1
202100016496,172Â 141,A01,1,1,2,9,1,0,-1,-1, -1,-1,2021,70.0,1,2,0,2,1,26,1,,4,RIOTTEAU,0,,1,2,0,1,1,0,2,, -1,1,0,1,30,27,9,2021,08:46,1,49,49353,2,6,0,3,RIOTTEAU,47.4408,-0.49859,8,2,2
202100004972,192Â 900,B01,1,1,1,9,2,6,-1,0,0,-1,2021,15.0,1,1,0,2,8,1,1,,4,,-1,,2,1,0,1,(1),(1),1,,3,2,0,1,50,3,12,2021,20:26,3,27,27467,2,3,1,3,Rue de la RÃ©publique,49.355859,0.515075,20,3,2
202100051169,110Â 211,B01,1,1,2,0,1,0,-1,-1, -1,-1,2021,50.0,1,2,0,2,7,1,1,,2,PORTE DE BREQUIGNY,0,,3,4,0,1,10,79,1,, -1,1,0,1,90,17,2,2021,07:45,1,35,35206,1,1,0,3,PORTE DE BREQUIGNY,48.07934,-1.6882,7,2,2