Num_Acc,id_vehicule,num_veh,place,catu,sexe,trajet,secu1,secu2,secu3,locp,actp,etatp,year_acc,victim_age,senc,catv,obs,obsm,choc,manv,motor,occutc,catr,voie,v1,v2,circ,nbv,vosp,prof,pr,pr1,plan,lartpc,larrout,surf,infra,situ,vma,jour,mois,an,hrmn,lum,dep,com,agg_,int,atm,col,adr,lat,long,hour,nb_victim,nb_vehicules
202100046604,118Â 466,C01,1,1,1,0,1,0,-1,-1, -1,-1,2021,17.0,2,5,0,2,0,0,1,,7,POMPIDOU GEORGES (BOULEVARD),0,,2,2,0,1,36,400,1,, -1,1,0,1,70,28,1,2021,07:35,3,42,42305,2,1,0,5,Boulevard Georges Pompidou,45.4680116132,4.4119519852,7,4,4
202100040591,129Â 061,B01,1,1,1,5,8,8,-1,-1, -1,-1,2021,42.0,1,1,0,2,7,15,1,,3,BADUEL (ROUTE DE),0,,2,2,0,1,2,300,1,, -1,1,0,1,50,8,5,2021,21:50,5,973,97302,2,1,0,3,BADUEL (ROUTE DE),4.9323783147,-52.3081268568,21,2,2
202100007692,188Â 006,B01,1,1,1,0,2,6,-1,-1, -1,-1,2021,30.0,1,1,0,2,7,11,1,,3,DOCTEUR DERVAUX  ( QUAI DU ),0,,4,2,0,1,0,0,1,, -1,1,0,1,50,16,11,2021,18:20,1,92,92004,2,1,0,3,DOCTEUR DERVAUX  ( QUAI DU ),48.90948,2.29401,18,2,2
202100041915,126Â 697,B01,3,2,1,0,2,0,-1,-1, -1,-1,2021,19.0,2,1,0,2,1,1,1,,4,SAINT JULIEN (AVENUE DE ),0,,3,6,2,4,(1),(1),1,, -1,1,0,1,50,1,5,2021,00:30,5,13,13212,2,2,0,3,SAINT JULIEN (AVENUE DE ),43.3076609137,5.4253524542,0,3,2
202100030981,146Â 365,B01,1,1,1,0,2,-1,-1,0,0,-1,2021,42.0,0,1,0,2,1,1,1,,4,PARMENTIER (PLACE),0,,2,3,0,1,(1),(1),1,, -1,1,0,1,50,23,6,2021,20:15,1,80,80021,2,1,0,3,PARMENTIER (PLACE),49.89546,2.30588,20,2,2
202100013072,178Â 377,A01,10,3,2,0,0,-1,-1,4,3,1,2021,29.0,1,2,0,1,1,15,2,,4,VINGT SIXIEME R.I. (BOULEVARD DU 2 A 44),0,,3,4,2,1,(1),(1),1,, -1,1,-1,1,50,15,10,2021,14:00,1,54,54395,2,2,0,6,Rue Lecreulx,48.6987863288,6.1877179329,14,2,1
202100034823,139Â 468,B01,1,1,2,3,1,-1,-1,0,0,-1,2021,66.0,2,2,0,2,1,1,1,,3,219,0,D,2,2,0,1,7,600,2,, -1,1,0,1,40,13,6,2021,10:50,1,67,67437,2,3,0,1,Rue de Monswiller,48.747078,7.368787,10,3,2
202100021542,163Â 133,A01,1,1,1,0,1,-1,-1,0,0,-1,2021,56.0,1,2,0,2,8,1,1,,3,,-1,,2,2,0,1,(1),(1),3,, -1,2,2,1,50,2,9,2021,13:34,1,30,30258,2,1,1,3,Route d Arles,43.671663,4.437227,13,2,2
202100043762,123Â 463,A01,10,3,2,3,0,-1,-1,9,2,1,2021,87.0,3,5,0,1,4,4,1,,4,MARENGO (RUE),0,,1,0,0,1,0,0,1,, -1,9,8,1,30,16,4,2021,09:45,1,64,64102,2,2,0,6,MARENGO (RUE),43.49101,-1.47395,9,3,1
202100049507,113Â 260,A01,1,1,1,5,2,6,-1,-1, -1,-1,2021,22.0,1,1,6,0,1,1,1,,4,REPUBLIQUE   RUE DE LA,0,,2,2,0,1,(1),(1),1,, -1,1,0,1,30,2,3,2021,16:48,1,17,17291,2,1,0,6,REPUBLIQUE   RUE DE LA,46.18639,-1.11844,16,1,1
202100025271,156Â 483,B01,2,2,1,4,1,-1,-1,-1, -1,-1,2021,35.0,1,5,0,2,2,1,1,,7,LYON (DE) (D 518)                   (RO),0,,2,5,3,1,1,800,1,, -1,1,0,1,70,5,8,2021,21:25,5,69,69290,2,1,0,3,LYON (DE) (RTE),45.711,4.9018,21,3,2
202100023968,158Â 794,B01,1,1,1,5,2,6,-1,0,0,-1,2021,43.0,2,1,0,2,1,21,1,,3,8,0,D,2,2,0,2,5,100,4,, -1,1,0,1,80,17,8,2021,18:50,1,83,83035,1,1,1,1,Route des Hauts du Camp,43.242249,5.801157,18,3,2
202100026254,154Â 769,A01,10,3,2,5,0,-1,-1,2,3,2,2021,77.0,1,2,0,1,5,4,1,,4,VAL DE RIOU (AVENUE DU),0,,2,2,0,1,(1),(1),1,, -1,1,0,1,50,29,7,2021,11:05,1,43,43089,2,1,0,6,Chemin du Val du Riou,45.04605,3.86087,11,2,1
202100045223,120Â 889,B01,1,1,1,0,2,8,-1,-1, -1,-1,2021,17.0,1,1,0,2,2,0,6,,4,ELAN (RUE DE L'),0,,2,1,0,2,(1),(1),1,, -1,1,5,1,50,3,4,2021,15:25,1,61,61117,2,6,0,3,Rue GuÃ©ramÃ©,48.42562,0.0632,15,2,2
202100027700,152Â 203,B01,1,1,1,5,2,0,-1,-1, -1,-1,2021,27.0,0,1,0,2,1,1,1,,4,,0,,-1,2,0,1,0,0,1,, -1,1,0,1,50,20,7,2021,08:00,1,91,91103,2,1,0,6,RUE EDOUARD DANAUX,48.60249,2.28791,8,2,2
202100015834,173Â 371,B01,1,1,1,5,0,-1,-1,0,0,-1,2021,14.0,3,0,0,2,1,13,3,,4,4,-1,,2,2,0,2,(1),(1),2,, -1,1,0,1,80,2,10,2021,13:55,1,74,74032,1,1,0,1,Rte de la Cote,46.258206,6.530063,13,2,2
202100043674,123Â 610,B01,1,1,1,0,0,-1,-1,0,0,-1,2021,49.0,2,1,0,0,5,1,0,,3,DN7,0,D,2,2,0,1,58,340,1,, -1,1,0,1,-1,24,3,2021,15:50,1,83,83031,2,6,0,2,rond point du vieux cannet,43.394417,6.331467,15,2,2
202100011265,181Â 601,A01,1,1,1,5,1,-1,-1,0,0,-1,2021,31.0,1,2,0,2,1,1,1,,3,925,0,D,2,2,1,1,4,0,3,, -1,1,0,1,80,23,10,2021,23:06,3,59,59462,1,1,0,1,CD925,50.531462,3.013945,23,3,2
202100024695,157Â 504,A01,1,1,1,0,8,-1,-1,0,0,-1,2021,49.0,0,2,4,2,0,2,1,,2,31,-1,,3,4,0,1,33,400,1,, -1,1,9,1,110,12,8,2021,17:18,1,60,60628,1,1,0,7,D94,49.4169202176,2.1728253365,17,2,2
202100018983,167Â 700,A01,10,3,2,5,0,-1,-1,4,3,1,2021,73.0,2,1,0,1,8,1,5,,4,BOULEVARD DU MONTPARNASSE,0,,2,4,0,1,(1),(1),1,, -1,1,0,1,30,14,9,2021,14:20,1,75,75106,2,3,0,6,BOULEVARD DU MONTPARNASSE,48.844134,2.323037,14,2,1
202100053802,105Â 583,C01,1,1,1,0,1,-1,-1,0,0,-1,2021,19.0,2,2,0,2,8,9,1,,1,40,-1,,3,4,0,1,33,200,1,, -1,2,3,1,110,25,1,2021,09:11,1,74,74042,1,9,0,5,A40,46.070536,6.432838,9,3,3
202100012271,179Â 790,B01,1,1,1,5,8,0,-1,-1, -1,-1,2021,39.0,1,1,0,2,1,9,3,,4,FERRY (RUE JULES),0,,-1,1,0,1,1,0,2,, -1,1,0,1,50,19,10,2021,13:50,1,93,93010,2,6,0,1,FERRY (RUE JULES),48.8931092508,2.4732595682,13,3,2
202100033026,142Â 707,A01,10,3,2,0,0,-1,-1,2,3,1,2021,40.0,0,2,0,1,5,1,1,,4,,0,,1,1,0,1,(1),(1),1,, -1,1,0,1,50,15,6,2021,15:45,1,80,80021,2,1,0,6,RUE LOUIS THUILLIER,49.88182,2.30247,15,2,1
202100024885,157Â 176,B01,1,1,1,5,2,6,-1,0,0,-1,2021,23.0,2,1,0,2,1,1,1,,4,CHATEAU (RUE DU),0,,1,1,0,1,(1),(1),1,, -1,1,0,1,50,1,7,2021,19:03,1,25,25031,2,3,0,3,CHATEAU (RUE DU),47.48055,6.83829,19,2,2
202100013185,178Â 179,A01,1,1,1,1,1,-1,-1,0,0,-1,2021,20.0,1,2,0,2,3,13,1,,4,209,0,,2,2,0,1,12,200,1,, -1,1,0,1,70,15,10,2021,18:00,1,33,33312,1,1,0,1,Avenue de Labarde ,44.950768,-0.55481,18,2,2
202100032489,143Â 696,A01,1,1,2,0,2,0,-1,0,0,-1,2021,24.0,3,1,0,2,7,19,1,,2,ROUTE NATIONALE 9,0,,2,2,0,1,81,33,1,, -1,1,0,1,80,21,6,2021,17:15,1,34,34032,2,3,0,3,ROUTE NATIONALE 9,43.36413,3.26097,17,2,2
202100026985,153Â 476,B01,1,1,2,5,0,-1,-1,0,0,-1,2021,58.0,1,0,0,2,6,1,3,,4,,0,A,2,2,0,2,(1),(1),3,, -1,1,0,1,80,26,7,2021,17:50,1,56,56240,1,1,0,3,Route des Chataigniers,47.539883,-2.82943,17,2,2
202100041945,126Â 645,B01,2,2,1,4,1,0,-1,-1, -1,-1,2021,31.0,1,0,0,2,3,2,1,,3,FORT DE LA BRICHE,0,,2,2,0,1,0,1,1,, -1,1,0,1,50,30,4,2021,10:00,1,93,93066,2,3,0,3,FORT DE LA BRICHE,48.942063,2.341564,10,4,2
202100045254,120Â 831,A01,10,3,2,5,0,-1,-1,2,3,1,2021,18.0,2,1,0,1,2,1,1,,4,EMILE GERARD AVENUE,0,,2,2,0,1,0,0,1,, -1,1,0,1,50,3,4,2021,19:55,1,93,93046,2,1,0,6,EMILE GERARD AVENUE,48.9203467104,2.5221186876,19,2,1
202100030502,147Â 247,B01,1,1,1,1,1,0,-1,-1, -1,-1,2021,37.0,1,2,0,2,1,0,1,,1,A507 sens Marseille - Aubagne,0,,1,3,0,1,7,670,1,, -1,1,0,1,70,6,7,2021,08:30,1,13,13055,1,1,0,2,A507 sens Marseille - Aubagne,43.2860667101,5.4294900969,8,4,2
202100026655,154Â 060,B01,1,1,1,1,1,0,-1,-1, -1,-1,2021,35.0,3,2,0,2,4,23,1,,4,ZAY (AVENUE JEAN ZAY),0,,2,2,0,1,(1),(1),2,, -1,2,0,1,50,28,7,2021,10:00,1,45,45234,2,1,0,2,Avenue Jean Zay,47.90642,1.92188,10,2,2
202100030261,147Â 674,A01,1,1,1,5,1,-1,-1,0,0,-1,2021,22.0,1,2,0,2,1,5,1,,3,51,0,,2,1,0,1,3,587,1,, -1,1,0,1,80,7,7,2021,17:00,1,26,26295,1,1,0,1,Route de Saint Vallier,45.179307,4.845904,17,3,2
202100042106,126Â 367,B01,1,1,1,5,2,6,-1,0,0,-1,2021,18.0,2,1,0,2,1,1,1,,3,230,-1,,2,2,0,2,8,800,3,, -1,2,0,1,70,30,4,2021,12:40,1,7,7295,1,1,1,1,Route de Charensol,44.826458,4.574754,12,2,2
202100044957,121Â 375,B01,1,1,2,1,1,0,-1,0,0,-1,2021,49.0,2,2,0,2,4,1,2,,2,L.A.C.R.A. (RN532),0,,3,4,0,1,9,964,1,, -1,1,0,1,110,6,4,2021,17:17,1,26,26313,1,9,0,4,L.A.C.R.A. ,44.9846,4.97743,17,4,4
202100030811,146Â 691,A01,2,2,1,5,2,6,-1,-1, -1,-1,2021,17.0,1,1,8,2,1,16,1,,4,CHAMPLAIN (CHEMIN DE),0,,-1,2,0,1,0,0,1,, -1,1,0,1,50,20,7,2021,19:52,2,84,84087,2,3,0,1,CHAMPLAIN (CHEMIN DE),44.16833,4.84193,19,3,2
202100005816,191Â 398,A01,1,1,1,0,1,-1,-1,0,0,-1,2021,40.0,2,2,0,2,1,1,1,,3,148,0,D,2,2,0,1,2,845,1,, -1,2,0,1,-1,27,11,2021,12:10,1,16,16342,1,2,0,3,Chez Rondeau,45.544009,-0.273156,12,2,2
202100053841,105Â 510,A01,1,1,2,9,1,8,-1,-1, -1,-1,2021,25.0,1,2,0,2,2,15,1,,4,,0,,2,2,0,2,(1),(1),3,, -1,1,0,1,50,24,1,2021,17:20,2,34,34172,2,1,0,1,RAVAZ (AVENUE DU PROFESSEUR LOUIS,43.62493,3.84164,17,2,2
202100024194,158Â 423,A01,2,2,1,5,1,-1,-1,0,0,-1,2021,24.0,2,2,4,0,1,9,1,,1,51,-1,A,1,1,0,2,29,200,3,, -1,1,3,1,130,15,8,2021,00:30,3,13,13113,1,9,0,1,A.51 - P.K.29.200,43.606157,5.496962,0,3,1
202100013837,176Â 961,A01,1,1,1,0,8,0,-1,-1, -1,-1,2021,38.0,3,1,0,2,1,16,5,,4,BOLLEE (AV) NÂ° PAIRS 154 A 222,0,,2,3,2,1,0,0,1,, -1,1,0,1,50,10,10,2021,11:41,1,72,72181,2,1,0,3,BOLLEE (AV) NÂ° PAIRS 154 A 222,47.9978,0.21277,11,2,2
202100010873,182Â 292,A01,1,1,2,5,1,-1,-1,0,0,-1,2021,51.0,1,2,0,2,3,1,1,,2,DEBUSSY (BOULEVARD CLAUDE),0,,3,4,0,1,22,975,1,, -1,1,0,1,50,25,10,2021,15:29,1,65,65440,2,2,1,3,DEBUSSY (BOULEVARD CLAUDE),43.22007,0.06574,15,2,2
202100030164,147Â 850,B01,1,1,1,5,8,-1,-1,-1, -1,-1,2021,14.0,1,1,0,2,0,19,0,,4,EMILE ZOLA                          (R ),0,,2,2,1,1,(1),(1),1,, -1,1,0,1,50,7,7,2021,16:40,1,69,69275,2,2,0,3,EMILE ZOLA (R),45.7639674833,4.9559803865,16,2,2
202100006269,190Â 586,B01,1,1,1,1,1,0,-1,-1, -1,-1,2021,31.0,3,2,0,2,1,1,1,,4,MADRAGUE VILLE (chemin de la),0,,2,2,0,1,0,0,1,, -1,2,0,1,50,25,11,2021,20:00,5,13,13215,2,1,1,2,MADRAGUE VILLE (chemin de la),43.33537,5.35783,20,3,2
202100004171,194Â 298,A01,1,1,2,2,1,-1,-1,0,0,-1,2021,19.0,2,2,2,0,3,1,1,,3,938,-1,,2,2,0,1,19,750,1,, -1,7,0,3,80,9,12,2021,07:05,3,37,37167,1,1,0,6,,47.5530844886,0.5490079522,7,1,1
202100034687,139Â 723,A01,1,1,1,4,8,-1,-1,0,0,-1,2021,51.0,1,4,13,0,3,1,1,,1,31,-1,,3,4,0,1,155,263,1,, -1,1,0,3,90,14,6,2021,04:48,2,88,88123,1,1,0,7,A31,48.094872,5.640805,4,1,1
202100040001,130Â 093,B01,1,1,2,1,2,6,-1,0,0,-1,2021,42.0,1,1,0,2,2,1,1,,7,77,0,,2,2,0,1,3,200,1,, -1,1,0,1,80,10,5,2021,10:25,1,37,37179,1,1,0,3,route dÃ©partementale,47.4502020364,0.7233917713,10,2,2
202100020479,165Â 029,A01,10,3,1,0,8,-1,-1,2,B,1,2021,29.0,3,2,0,1,1,1,1,,4,GEORGES LYVET                       (R ),0,,2,2,0,1,(1),(1),1,, -1,1,0,1,50,6,9,2021,00:00,5,69,69259,2,1,0,6,GEORGES LYVET (R),45.69541,4.87518,0,2,1
202100049096,113Â 996,A01,1,1,1,4,2,6,-1,-1, -1,-1,2021,19.0,2,1,0,0,1,1,1,,4,RENAULT (RUE DU GAL),0,,2,2,0,1,(1),(1),1,, -1,1,0,1,50,2,3,2021,20:30,5,37,37261,2,1,0,7,RENAULT (RUE DU GAL),47.3791744617,0.6828956455,20,1,1
202100040995,128Â 341,C01,1,1,1,5,2,-1,-1,0,0,-1,2021,43.0,2,1,0,2,1,1,1,,3,518,0,D,2,2,0,2,61,500,3,, -1,1,0,1,80,8,5,2021,11:30,1,38,38086,1,1,0,5,Route de Toutes Aures,45.26547,5.34218,11,6,3
202100005376,192Â 178,A01,1,1,1,1,2,6,-1,0,0,-1,2021,26.0,1,1,0,0,8,1,1,,4,RUE DE LA FELICITE,0,,2,2,0,1,(1),(1),1,, -1,2,0,1,30,1,12,2021,18:15,5,75,75117,2,3,0,7,RUE DE LA FELICITE,48.887728,2.311385,18,1,1
202100039204,131Â 546,B01,1,1,1,0,2,-1,-1,0,0,-1,2021,41.0,2,1,0,2,1,21,1,,2,01,0,,2,2,0,1,19,900,1,, -1,1,0,1,-1,19,5,2021,18:30,5,987,98733,2,1,0,3,PK 19.900 RT1,-17.675484,-149.589624,18,4,2
202100054040,105Â 151,B01,2,2,2,2,2,8,-1,-1, -1,-1,2021,17.0,1,1,0,2,7,0,1,,4,LATTRE DE TASSIGNY (AV DE),0,,-1,2,0,1,(1),(1),1,, -1,2,0,1,50,22,1,2021,07:35,2,81,81004,2,3,0,3,LATTRE DE TASSIGNY (AV DE),43.9303202011,2.1569684927,7,3,2
202100036373,136Â 686,A01,10,3,1,0,0,-1,-1,3,3,2,2021,5.0,3,2,0,1,1,1,1,,4,GRENETTE                            (R ),0,,1,2,0,1,(1),(1),1,, -1,1,0,1,50,4,6,2021,08:10,1,69,69382,2,1,0,6,GRENETTE (R),45.7633,4.8327,8,2,1
202100042892,124Â 997,B01,1,1,1,5,2,0,-1,-1, -1,-1,2021,65.0,0,1,0,2,3,1,1,,4,GAVOTY (BOULEVARD),0,,-1,1,0,1,(1),(1),1,, -1,1,0,1,50,23,4,2021,12:30,1,13,13212,2,1,0,3,GAVOTY (BOULEVARD),43.31094,5.41415,12,2,2
202100032652,143Â 404,A01,10,3,1,0,0,-1,-1,4,3,1,2021,12.0,0,2,0,1,3,1,1,,4,VERDUN (RUE DE ),0,,3,6,0,1,(1),(1),1,, -1,1,0,1,50,18,6,2021,21:05,1,80,80021,2,1,0,6,VERDUN (RUE DE ),49.8944,2.30941,21,2,1
202100002251,197Â 761,B01,1,1,1,5,8,0,-1,-1, -1,-1,2021,28.0,2,1,0,2,8,10,5,,7,MINIMES (AV DES) DU 1AU 178,0,,3,2,0,1,0,313,1,, -1,1,0,1,50,18,12,2021,19:40,5,31,31555,2,1,0,3,MINIMES (AV DES) DU 1AU 178,43.6186431033,1.4364563674,19,2,2
202100033843,141Â 264,A01,1,1,1,5,1,8,-1,-1, -1,-1,2021,19.0,2,2,2,0,0,1,1,,3,BARRAN (ROUTE DE),0,,2,2,0,1,0,600,1,, -1,1,0,3,80,17,6,2021,13:50,1,32,32013,1,1,0,7,BARRAN (ROUTE DE),43.65298,0.5329,13,1,1
202100049205,113Â 803,A01,1,1,2,9,1,4,-1,-1, -1,-1,2021,41.0,1,2,0,2,4,12,1,,1,A13,0,,1,3,0,1,31,0,1,, -1,1,9,1,130,5,3,2021,10:50,1,78,78206,1,1,0,2,A13,48.954623,1.938722,10,2,2
202100045316,120Â 731,B01,1,1,1,5,2,6,-1,0,0,-1,2021,18.0,0,1,0,2,1,17,1,,4,,-1,,2,2,0,3,(1),(1),1,, -1,1,0,1,-1,3,4,2021,17:45,1,88,88465,1,3,0,3,Route d'Oncourt,48.25158,6.386635,17,2,2
202100032379,143Â 890,A01,1,1,2,0,1,-1,-1,0,0,-1,2021,53.0,1,2,2,0,1,13,1,,3,938,3,,2,2,0,1,33,220,1,,6,1,0,3,90,25,6,2021,16:10,1,79,79131,1,1,0,6,,46.876746,-0.340726,16,1,1
202100020701,164Â 626,A01,1,1,1,5,1,8,-1,-1, -1,-1,2021,24.0,2,2,8,0,1,19,1,,4,,0,,2,2,0,2,(1),(1),4,, -1,1,5,4,50,5,9,2021,05:00,5,25,25056,2,4,0,6,BELFORT RUE DE BELFORT (sup 144)4,47.254698,6.039436,5,1,1
202100039094,131Â 752,A01,1,1,1,5,2,6,-1,-1, -1,-1,2021,15.0,3,1,14,0,8,11,1,,4,PAULMY (AVENUE DES ALLEES),0,,1,2,3,1,0,0,1,, -1,2,0,6,50,19,5,2021,13:26,1,64,64102,2,1,1,7,PAULMY (AVENUE DES ALLEES),43.48976,-1.4821,13,1,1
202100046013,119Â 510,A01,1,1,1,5,1,-1,-1,0,0,-1,2021,82.0,1,2,0,2,1,13,1,,3,11,-1,,2,2,0,1,9,633,1,, -1,1,0,1,80,29,3,2021,17:30,1,33,33523,1,1,1,1,,44.747499,-0.264589,17,2,2
202100012173,179Â 962,A01,1,1,2,5,8,-1,-1,-1,0,-1,2021,34.0,1,0,0,2,1,26,3,,3,LECLERC (BLD DU GENERAL),0,,3,2,1,1,2,650,1,, -1,1,0,1,50,19,10,2021,19:45,2,95,95018,2,3,0,3,Boulevard du General Leclerc,48.946238,2.235347,19,2,2
202100022969,160Â 571,A01,1,1,2,9,1,-1,-1,0,0,-1,2021,21.0,0,2,6,9,1,26,1,,3,51,-1,D,2,2,0,1,14,3100,3,, -1,1,2,8,-1,13,8,2021,22:45,5,27,27438,2,1,0,6,Rue Victor Hugo,48.763424,1.224353,22,1,1
202100005857,191Â 321,A01,1,1,2,0,1,0,-1,-1, -1,-1,2021,20.0,-1,2,0,2,1,0,1,,1,AUTOROUTE A86,0,,3,4,0,1,16,0,3,, -1,2,0,1,50,27,11,2021,18:30,3,93,93027,1,1,1,6,AUTOROUTE A86,48.92352322,2.3832157851,18,1,1
202100041115,128Â 120,B01,1,1,1,1,2,-1,-1,0,0,-1,2021,21.0,2,1,0,2,7,1,5,,4,MARINE,0,,1,1,0,1,(1),(1),1,, -1,2,5,1,30,4,5,2021,06:28,2,29,29019,2,6,1,2,Boulevard de la Marine,48.3826968393,-4.4921513647,6,2,2
202100023087,160Â 344,A01,1,1,1,0,2,0,-1,-1, -1,-1,2021,20.0,1,1,0,2,2,1,1,,3,ROCADE NORD - RD 6113,0,,2,2,0,1,0,0,1,, -1,1,0,1,80,2,8,2021,17:25,1,11,11069,2,1,0,3,ROCADE NORD - RD 6113,43.2326,2.3554,17,2,2
202100023680,159Â 292,A01,1,1,1,9,1,-1,-1,-1, -1,-1,2021,42.0,1,2,8,0,1,1,1,,4,TILSITT                             (QU),0,,1,2,3,1,(1),(1),1,, -1,1,0,1,50,16,8,2021,18:55,1,69,69382,2,1,0,6,TILSITT (Q),45.7553387175,4.826015532,18,1,1
202100044033,122Â 969,A01,1,1,1,1,2,6,-1,-1, -1,-1,2021,36.0,1,1,0,2,2,17,1,,4,CAPELETTE (AVENUE DE LA),0,,2,2,0,1,0,0,1,, -1,1,0,1,50,14,4,2021,04:15,5,13,13210,2,1,0,3,CAPELETTE (AVENUE DE LA),43.27954,5.41374,4,2,2
202100054946,103Â 595,A01,10,3,2,2,0,-1,-1,3,3,1,2021,12.0,-1,2,0,0,3,26,1,,3,"""DESCARTES (AVENUE """"DU 1 AU 41"""")  Z1""",0,,-1,2,0,1,0,1,1,, -1,1,0,1,50,15,1,2021,09:30,1,93,93007,2,1,0,6,"""DESCARTES (AVENUE """"DU 1 AU 41"""")  Z1""",48.95047,2.4419,9,2,1
202100012900,178Â 669,A01,1,1,1,4,2,0,-1,-1, -1,-1,2021,28.0,2,1,0,0,0,21,1,,4,,0,,1,1,0,1,0,0,1,, -1,1,0,1,30,16,10,2021,16:50,1,92,92026,2,1,0,6,PUVIS DE CHAVANNES,48.8986,2.23367,16,1,1
202100049394,113Â 468,A01,10,3,2,5,0,-1,-1,2,3,1,2021,87.0,1,2,0,1,1,20,1,,4,CARNOT ( QUAI),0,,1,1,2,1,(1),(1),1,, -1,2,0,1,50,3,3,2021,11:00,1,29,29039,2,1,1,6,Quai Carnot,47.8755599217,-3.9153492451,11,2,1
202100024925,157Â 109,A01,1,1,2,3,1,-1,-1,0,0,-1,2021,69.0,0,2,9,0,3,1,1,,3,429,0,D,2,2,0,1,5,0,1,, -1,1,2,1,50,10,8,2021,13:18,1,67,67106,2,1,1,1,Route du Rhin (Pont),48.757097,7.960244,13,4,2
202100020547,164Â 907,B01,1,1,1,0,2,6,-1,-1, -1,-1,2021,36.0,2,1,0,2,1,1,1,,4,PASCAL (BOULEVARD),0,,2,2,0,1,0,0,1,, -1,1,0,1,50,5,9,2021,04:17,5,21,21231,2,3,0,1,PASCAL (BOULEVARD),47.33883,5.04909,4,2,2
202100017952,169Â 538,B01,1,1,1,0,2,-1,-1,0,0,-1,2021,54.0,2,1,0,2,1,2,1,,3,318,0,D,2,2,0,1,13,650,1,, -1,1,0,1,80,7,9,2021,12:15,1,69,69289,1,2,1,3,HEYRIEUX (D') (RTE),45.648481,5.024089,12,2,2
202100036847,135Â 834,B01,4,2,2,5,1,0,-1,-1, -1,-1,2021,20.0,1,2,0,2,1,1,1,,3,ROUGET DE L ISLE (AV),0,,2,4,0,1,1,0,1,, -1,1,0,1,50,30,5,2021,01:30,5,94,94081,2,3,0,6,Avenue Rouget de Lisle,48.776461011,2.3976159096,1,5,2
202100043666,123Â 621,B01,2,2,1,5,2,0,-1,-1, -1,-1,2021,15.0,1,1,0,2,3,13,1,,3,MARTRE (RUE) DE (111 A 119)   (122 A 144,0,,1,3,1,1,0,0,1,, -1,1,0,1,30,16,4,2021,23:05,5,92,92024,2,4,0,3,MARTRE (RUE) DE (111 A 119)   (122 A 144,48.90761,2.30143,23,3,2
202100000993,199Â 983,A01,10,3,2,0,0,-1,-1,3,3,1,2021,53.0,1,2,0,1,2,1,1,,4,OHMACHT (RUE),0,,2,2,0,1,0,0,1,, -1,2,0,1,50,28,12,2021,16:45,2,67,67482,2,1,1,6,OHMACHT (RUE),48.59253,7.76102,16,4,1
202100038983,131Â 961,A01,1,1,1,1,1,0,-1,-1, -1,-1,2021,62.0,1,2,0,2,2,5,1,,4,DE GAULLE (AVENUE CHARLES),0,,2,2,0,1,0,0,1,, -1,1,0,1,50,21,5,2021,20:00,1,93,93078,2,2,0,3,Avenue Charles de Gaulle / Avenue des Fauvettes,48.95552,2.55282,20,2,2
202100011797,180Â 629,A01,1,1,1,5,1,8,-1,-1, -1,-1,2021,23.0,1,2,0,0,9,0,1,,3,LILLE (RTE DE),0,,2,2,0,1,52,203,1,, -1,1,0,1,70,11,10,2021,09:25,1,62,62033,2,1,0,6,LILLE (RTE DE),50.463191,2.89767,9,1,1
202100015223,174Â 491,B01,4,2,1,4,1,0,-1,0,0,-1,2021,22.0,1,2,0,2,1,5,1,,4,ALLEE DE LONGCHAMP,0,,2,2,0,1,(1),(1),1,, -1,2,0,1,50,3,10,2021,12:25,1,75,75116,2,1,1,3,ALLEE DE LONGCHAMP,48.875798,2.2734586,12,6,2
202100044316,122Â 454,A01,1,1,1,4,2,6,-1,-1, -1,-1,2021,21.0,1,1,0,2,1,1,1,,2,13,0,,1,7,0,1,0,0,1,, -1,2,5,1,50,11,4,2021,23:13,5,92,92051,2,1,0,3,"CHARLES DE GAULLE (AVENUE,NÂ°118 A 192 +",48.88189,2.26872,23,2,2
202100027224,153Â 056,A01,1,1,2,9,2,6,-1,0,0,-1,2021,26.0,1,1,12,0,1,14,1,,4,PLACE DE LA RESISTANCE,0,,1,0,0,1,(1),(1),1,, -1,1,0,1,50,24,7,2021,07:11,2,75,75107,2,7,0,7,PLACE DE LA RESISTANCE,48.862265,2.301546,7,1,1
202100023637,159Â 373,A01,1,1,1,5,2,6,-1,0,0,-1,2021,54.0,2,1,0,0,3,21,1,,3,20,0,,2,2,0,1,21,100,1,, -1,1,0,1,-1,17,8,2021,16:35,1,68,68302,2,1,0,7,Rue de Reiningue,47.754558,7.171571,16,1,1
202100045258,120Â 824,B01,1,1,2,9,1,0,-1,-1, -1,-1,2021,74.0,0,2,0,2,1,1,1,,4,"""EUGENE LEMOINE (AVENUE """"COTE IMPAIRS""""",0,,2,2,0,1,0,0,1,, -1,1,0,1,50,3,4,2021,16:10,1,93,93007,2,1,0,1,Avenue EugÃ¨ne le Moign,48.9281802098,2.4681498749,16,2,2
202100024162,158Â 472,A01,1,1,1,5,2,6,-1,0,0,-1,2021,25.0,2,1,0,2,1,13,1,,3,41,-1,,-1,2,0,2,18,500,3,, -1,1,0,1,80,15,8,2021,16:30,1,83,83019,1,1,0,3,Route du Baguier,43.1559314827,6.3460830622,16,2,2