Num_Acc,id_vehicule,num_veh,place,catu,sexe,trajet,secu1,secu2,secu3,locp,actp,etatp,year_acc,victim_age,senc,catv,obs,obsm,choc,manv,motor,occutc,catr,voie,v1,v2,circ,nbv,vosp,prof,pr,pr1,plan,lartpc,larrout,surf,infra,situ,vma,jour,mois,an,hrmn,lum,dep,com,agg_,int,atm,col,adr,lat,long,hour,nb_victim,nb_vehicules
202100049511,113Â 251,B01,10,3,2,0,0,-1,-1,5,9,1,2021,65.0,2,2,8,1,7,1,1,,4,LYON (RUE DE),0,,2,2,0,1,(1),(1),1,, -1,1,0,1,50,2,3,2021,13:15,1,13,13215,2,1,0,6,LYON (RUE DE),43.3274,5.3662,13,3,2
202100001811,198Â 560,A01,1,1,1,5,0,-1,-1,0,0,-1,2021,25.0,1,2,3,0,1,1,1,,3,40,-1,,2,2,0,1,57,0,2,, -1,2,9,8,80,24,12,2021,03:00,3,86,86102,1,1,1,6,D40,46.650068,0.150861,3,2,1
202100004451,193Â 808,A01,2,2,2,5,1,-1,-1,0,0,-1,2021,79.0,1,2,13,0,7,1,1,,3,33,0,A,2,2,0,1,11,200,2,, -1,2,0,3,80,7,12,2021,11:00,1,9,9235,1,1,0,7,4 Route de Cazavet,43.0238,1.026204,11,2,1
202100000807,200Â 278,A01,1,1,1,5,1,-1,-1,0,0,-1,2021,18.0,2,2,2,0,1,1,1,,4,,-1,,2,2,0,1,(1),(1),3,,4,9,0,8,50,31,12,2021,19:30,3,33,33501,1,1,0,6,VOIE ROMAINE D 111 - ESCLAUZETS,44.652104,-0.616903,19,3,1
202100033253,142Â 334,B01,1,1,1,5,2,-1,-1,0,0,-1,2021,76.0,1,1,0,2,8,1,5,,3,2,-1,,2,2,0,1,25,450,3,, -1,1,9,1,50,20,6,2021,13:35,1,70,70037,2,4,0,3,43 rue des fontenis,47.532806,5.695735,13,2,2
202100004576,193Â 596,A01,1,1,1,0,1,-1,-1,0,0,-1,2021,19.0,1,2,0,2,3,1,1,,3,5,-1,,2,2,0,2,16,200,2,, -1,2,0,1,80,1,12,2021,07:40,3,44,44038,1,1,0,3,lieu dit le pin,47.161197,-2.001765,7,2,2
202100034976,139Â 179,A01,4,2,2,5,1,8,-1,-1, -1,-1,2021,55.0,2,2,0,2,3,19,1,,4,PLAGES (BOULEVARD DES),0,,2,2,0,1,0,0,1,, -1,1,0,1,50,10,6,2021,09:40,1,64,64024,2,2,0,3,PLAGES (BOULEVARD DES),43.51598,-1.52415,9,3,2
202100051037,110Â 442,A01,1,1,2,0,1,-1,-1,-1, -1,-1,2021,40.0,3,2,0,2,0,0,0,,7,DROITS DE L'HOMME (DES) (BD),0,,4,4,0,1,(1),(1),1,, -1,1,0,1,70,18,2,2021,18:15,5,69,69029,2,9,0,3,DROITS DE L'HOMME (DES)             (BD),45.735721323,4.9336123466,18,2,2
202100012782,178Â 875,A01,2,2,2,5,1,0,-1,-1, -1,-1,2021,49.0,1,2,0,2,4,2,1,,1,A507 sens Aubagne- Marseille,0,,1,2,0,1,3,599,1,, -1,1,0,1,70,16,10,2021,15:00,1,13,13055,1,1,0,2,A507 sens Aubagne- Marseille,43.32981,5.41235,15,3,2
202100055392,102Â 834,B01,1,1,1,1,1,-1,-1,0,0,-1,2021,37.0,1,2,0,2,1,1,1,,7,105,0,,2,2,0,2,4,600,3,, -1,2,0,1,50,11,1,2021,17:25,1,29,29069,1,1,1,1,D105 - Route du Pont Cabioc'h,48.404669,-4.546151,17,2,2
202100053302,106Â 457,A01,1,1,1,1,8,0,-1,-1, -1,-1,2021,29.0,1,2,4,0,7,1,1,,1,A55-Sens Martigues vers Marseille,0,,3,3,0,2,5,815,2,, -1,2,0,1,90,20,1,2021,22:15,3,13,13216,1,1,1,7,A55-Sens Martigues vers Marseille,43.3461,5.3454,22,1,1
202100027488,152Â 592,A01,1,1,1,1,8,0,-1,0,0,-1,2021,30.0,1,1,0,2,2,1,5,,4,RUE DE REUILLY,0,,2,2,0,4,(1),(1),1,, -1,1,0,1,30,22,7,2021,12:40,1,75,75112,2,3,0,3,RUE DE REUILLY,48.845309,2.388956,12,2,2
202100014488,175Â 814,B01,1,1,1,5,2,-1,-1,0,0,-1,2021,24.0,1,1,0,2,8,13,1,,3,914,0,D,2,2,0,2,37,685,2,, -1,1,0,1,-1,9,10,2021,14:35,1,66,66016,1,1,0,1,D914,42.478095,3.142734,14,3,2
202100052077,108Â 630,A01,1,1,1,1,1,-1,-1,0,0,-1,2021,28.0,2,2,3,2,1,17,1,,1,35,-1,A,3,4,0,3,321,700,2,, -1,5,0,1,110,10,2,2021,12:55,1,67,67223,1,1,1,5,PK321.700,48.506768,7.579172,12,3,3
202100019910,166Â 042,A01,1,1,2,1,2,0,-1,0,0,-1,2021,32.0,1,0,8,2,8,13,3,,4,BOULEVARD DE STRASBOURG,0,,2,5,1,1,(1),(1),1,, -1,1,0,5,30,9,9,2021,19:00,1,75,75110,2,3,0,3,BOULEVARD DE STRASBOURG,48.8706139103,2.3549727547,19,2,2
202100030053,148Â 064,A01,1,1,1,5,2,0,-1,-1, -1,-1,2021,30.0,1,1,14,0,2,1,1,,4,JEAN JAURES (BOULEVARD) 217/FIN - 210/FI,0,,2,2,0,1,0,0,1,, -1,1,9,1,50,8,7,2021,00:25,5,92,92012,2,1,0,6,JEAN JAURES (BOULEVARD) 217/FIN - 210/FI,48.8311521415,2.2449059235,0,1,1
202100003670,195Â 196,B01,1,1,2,0,2,-1,-1,-1, -1,-1,2021,48.0,2,0,0,2,1,1,3,,4,AVE PERIER,0,,1,1,0,1,(1),(1),2,, -1,2,0,1,50,9,12,2021,18:20,5,33,33075,2,6,1,3,AVE PERIER,44.8763,-0.5823,18,2,2
202100013490,177Â 622,A01,10,3,2,0,0,-1,-1,2,3,2,2021,17.0,1,2,0,1,1,1,1,,4,ARMARIS (BD DES),0,,2,0,0,1,0,0,1,, -1,1,0,1,30,13,10,2021,11:50,1,83,83137,2,1,0,6,ARMARIS (BD DES),43.12793,5.98181,11,2,1
202100034979,139Â 173,A01,1,1,1,0,2,6,-1,-1, -1,-1,2021,44.0,3,1,0,0,7,1,1,,4,MELVILLE LYNCH (ROND POINT),0,,-1,3,0,1,0,0,2,, -1,1,0,1,50,9,6,2021,11:00,1,64,64024,2,6,0,3,MELVILLE LYNCH (ROND POINT),43.46816,-1.49753,11,2,2
202100021728,162Â 800,B01,1,1,1,1,1,-1,-1,0,0,-1,2021,48.0,1,2,13,2,2,1,1,,3,242,-1,D,2,2,0,2,5,610,1,, -1,1,0,1,80,31,8,2021,08:30,1,33,33433,1,1,0,1,,44.913857,-0.410006,8,2,2
202100025043,156Â 891,A01,1,1,2,5,2,6,-1,0,0,-1,2021,30.0,1,1,0,0,1,1,1,,3,129,-1,,2,2,0,1,4,900,3,, -1,1,0,8,80,8,8,2021,16:55,1,25,25525,1,1,0,7,Saint-Point-Lac RD 129 PK 4+900,46.818124,6.310412,16,1,1
202100012220,179Â 876,A01,1,1,2,1,2,4,-1,0,0,-1,2021,58.0,0,1,0,0,0,1,5,,4,CORBEAU (RUE CHARLES),0,,1,1,0,1,(1),(1),1,, -1,2,0,4,50,19,10,2021,07:15,2,27,27229,2,1,1,7,CORBEAU (RUE CHARLES),49.02427,1.14979,7,1,1
202100034991,139Â 150,B01,1,1,1,0,2,0,-1,-1, -1,-1,2021,31.0,3,1,0,2,1,19,5,,4,CHOISEUL (AVE. DE),0,,2,2,0,1,(1),(1),1,, -1,1,0,1,30,10,6,2021,19:25,1,56,56121,2,1,0,3,CHOISEUL (AVE. DE),47.75304,-3.35418,19,2,2
202100003261,195Â 934,A01,1,1,1,5,2,6,-1,0,0,-1,2021,43.0,1,1,0,2,7,21,1,,4,AVENUE D IENA,0,,2,4,0,1,(1),(1),1,, -1,2,0,1,30,12,12,2021,19:00,5,75,75116,2,7,1,2,AVENUE D IENA,48.873146,2.295136,19,3,2
202100004596,193Â 563,B01,2,2,1,5,1,-1,-1,0,0,-1,2021,27.0,0,2,0,0,4,2,1,,3,,-1,,2,2,0,1,9,(1),1,, -1,1,0,1,80,5,12,2021,18:45,4,13,13004,1,1,0,2,N572N,43.680412,4.517612,18,5,2
202100045879,119Â 750,A01,1,1,1,5,0,-1,-1,0,0,-1,2021,58.0,0,1,0,0,0,1,5,,4,,0,,-1,2,0,1,(1),(1),1,, -1,1,0,1,50,29,3,2021,18:55,1,35,35363,2,1,0,7,rue de la rivaudiÃ¨re,48.01335,-1.70794,18,1,1
202100006557,190Â 080,A01,1,1,1,0,2,8,-1,-1, -1,-1,2021,52.0,1,1,0,2,2,17,1,,3,ENTRE DEUX (CHEMIN) CD26,0,,2,2,0,1,0,100,1,, -1,1,0,1,70,23,11,2021,11:20,1,974,97416,1,1,0,3,ENTRE DEUX (CHEMIN) CD26,-21.2962656591,55.4429984093,11,3,2
202100055318,102Â 951,A01,1,1,1,1,2,4,-1,-1, -1,-1,2021,24.0,2,1,0,2,1,18,1,,4,COMBES (BD EMILE),0,,2,2,0,1,(1),(1),1,, -1,1,5,1,50,12,1,2021,20:25,5,35,35238,2,2,0,3,COMBES (BD EMILE),48.09363,-1.67124,20,2,2
202100015205,174Â 523,B01,1,1,1,1,2,0,-1,-1, -1,-1,2021,33.0,2,1,0,2,3,2,1,,2,118,0,,2,2,0,1,1,0,1,, -1,2,0,2,90,5,10,2021,07:30,2,92,92072,1,1,1,3,N118,48.8211533023,2.2194239697,7,2,2
202100014496,175Â 801,A01,1,1,1,5,2,6,-1,0,0,-1,2021,54.0,1,1,0,2,1,2,1,,3,33,-1,,2,2,0,1,(1),(1),1,, -1,1,0,1,50,8,10,2021,16:45,1,10,10224,2,1,0,2,7 Rue Roger Salengro,48.405328,3.736927,16,2,2
202100024262,158Â 300,A01,2,2,1,5,2,8,-1,-1, -1,-1,2021,14.0,1,1,0,0,0,26,1,,4,OUSSE DE L',0,,2,2,1,1,0,0,1,, -1,1,0,1,50,12,8,2021,21:50,5,64,64335,2,1,0,7,OUSSE DE L',43.33,-0.4342,21,2,1
202100005655,191Â 682,A01,1,1,1,4,1,0,-1,-1, -1,-1,2021,56.0,2,3,0,2,3,2,1,1.0,3,EUGENE RENAULT (R),0,,2,2,0,1,1,0,1,, -1,1,0,1,50,29,11,2021,08:38,1,94,94046,2,1,0,2,Rue EugÃ¨ne Renault,48.815,2.419,8,2,2
202100031764,144Â 983,A01,10,3,1,9,0,-1,-1,3,3,1,2021,70.0,1,1,0,1,1,1,1,,4,,0,,2,2,0,1,0,0,1,, -1,1,0,1,50,28,6,2021,18:30,1,92,92024,2,2,0,6,GENERAL LECLERC (BD DU) (9 A 59)   (4 A,48.9023976827,2.3139425885,18,2,1
202100004301,194Â 072,A01,10,3,2,0,8,8,-1,3,3,1,2021,86.0,2,2,0,1,1,1,1,,4,HELENE MULLER (R),0,,2,-1,0,1,1,0,1,, -1,2,6,1,50,7,12,2021,17:45,5,94,94073,2,1,1,6,Rue HÃ©lÃ¨ne Muller,48.75822,2.39684,17,2,1
202100044099,122Â 849,A01,1,1,2,3,1,-1,-1,0,0,-1,2021,53.0,2,2,0,0,1,1,2,,3,35,-1,,2,2,0,1,5,580,1,, -1,1,0,3,70,15,4,2021,18:26,1,1,1313,1,1,0,7,D35,46.252316,6.064641,18,1,1
202100010823,182Â 385,B01,1,1,2,0,1,8,-1,-1, -1,-1,2021,25.0,1,2,0,2,4,2,1,,1,A557-Liaison A7 Marseille-A55 Marseille,0,,1,2,0,1,0,600,1,, -1,1,0,1,50,27,10,2021,16:10,1,13,13203,2,1,0,2,A557-Liaison A7 Marseille-A55 Marseille,43.32049,5.37297,16,4,3
202100041418,127Â 570,B01,1,1,1,4,8,0,-1,-1, -1,-1,2021,17.0,1,1,0,2,0,16,1,,4,MARE AU CHANVRE CHEMIN,0,,2,2,0,1,0,0,1,, -1,1,0,1,50,4,5,2021,19:20,1,93,93046,2,9,0,3,MARE AU CHANVRE CHEMIN,48.92665,2.53786,19,2,2
202100014201,176Â 308,A01,2,2,2,9,2,8,-1,0,0,-1,2021,7.0,1,1,0,2,7,2,1,,4,AVENUE MATHURIN MOREAU,0,,-1,1,0,2,(1),(1),1,, -1,1,0,1,30,9,10,2021,15:00,1,75,75119,2,2,0,3,AVENUE MATHURIN MOREAU,48.878277,2.372947,15,3,2
202100039765,130Â 506,A01,1,1,1,5,2,-1,-1,0,0,-1,2021,44.0,3,1,0,0,1,1,1,,2,48,0,T,2,2,0,1,0,0,4,, -1,9,0,1,50,16,5,2021,13:15,1,977,97701,1,1,0,7,route de saline,17.897749,-62.829593,13,1,1
202100018233,169Â 015,A01,1,1,1,5,0,-1,-1,0,0,-1,2021,24.0,1,1,0,0,0,0,1,,3,187,0,A,2,2,0,2,12,580,3,, -1,1,0,1,80,18,9,2021,21:30,3,62,62473,2,1,0,7,D187,50.626113,2.442446,21,1,1
202100002483,197Â 332,B01,1,1,1,4,2,6,-1,-1, -1,-1,2021,37.0,2,1,0,2,2,1,1,,3,910,0,,1,3,0,1,0,0,1,, -1,1,0,1,50,17,12,2021,08:45,1,92,92012,2,1,0,3,EDOUARD VAILLANT (AVENUE) - DEBUT/55 - C,48.8366601576,2.253498137,8,2,2
202100038780,132Â 297,B01,4,2,1,5,1,0,-1,0,0,-1,2021,26.0,1,2,1,2,8,1,2,,4,BOULEVARD DES BATIGNOLLES,0,,1,2,0,1,(1),(1),1,, -1,1,0,1,50,22,5,2021,04:13,5,75,75108,2,2,0,3,BOULEVARD DES BATIGNOLLES,48.8819852779,2.3205010593,4,5,2
202100036178,137Â 027,A01,1,1,1,5,2,6,-1,0,0,-1,2021,24.0,2,1,0,2,8,17,1,,3,417,0,D,2,2,0,2,40,100,1,, -1,1,0,1,80,1,6,2021,15:20,1,88,88531,1,1,0,3,D417,48.065347,6.978936,15,2,2
202100054050,105Â 130,A01,1,1,1,5,2,0,-1,-1, -1,-1,2021,20.0,1,1,12,0,0,26,1,,4,MATHIAS GRUNEWALD (RUE),0,,3,2,0,1,0,0,1,, -1,1,9,1,30,21,1,2021,14:05,1,67,67482,2,1,0,7,MATHIAS GRUNEWALD (RUE),48.5665627972,7.7236320823,14,3,1
202100054484,104Â 377,B01,1,1,1,1,1,5,-1,-1, -1,-1,2021,21.0,1,2,1,2,1,1,1,,3,PAUL VAILLANT COUTURIER (RUE),0,,2,2,0,1,1,1,1,, -1,1,0,1,50,19,1,2021,14:05,1,93,93050,2,1,1,3,PAUL VAILLANT COUTURIER (RUE),48.8709195272,2.5545842521,14,2,2
202100024369,158Â 121,A01,1,1,1,9,2,-1,-1,0,0,-1,2021,74.0,3,1,0,0,0,0,5,,3,13,-1,D,2,2,0,2,31,600,1,, -1,1,0,8,80,12,8,2021,09:30,1,47,47054,1,1,0,7,D13,44.401097,0.497738,9,1,1
202100028134,151Â 416,A01,10,3,1,0,0,-1,-1,3,3,1,2021,53.0,2,3,0,1,1,1,3,,9,EUROPE (AVENUE DE L'),0,,2,4,3,1,(1),(1),1,, -1,1,-1,6,50,18,7,2021,17:30,1,37,37261,2,9,0,6,EUROPE (AVENUE DE L'),47.42309,0.68811,17,3,1
202100038086,133Â 584,A01,2,2,1,5,2,6,-1,0,0,-1,2021,14.0,3,1,2,0,1,1,1,,5,,-1,,-1,1,0,1,(1),(1),1,, -1,2,0,3,80,24,5,2021,16:00,1,68,68340,1,1,0,6,chemin oberwald,47.539093,7.140287,16,2,1
202100054676,104Â 053,A01,7,2,2,5,8,0,-1,-1, -1,-1,2021,11.0,2,2,0,2,8,15,1,,4,rue du General Drouot,0,,2,2,0,1,(1),(1),1,, -1,2,0,1,50,17,1,2021,18:10,5,59,59599,2,3,0,3,DROUOT (RUE DU GENERAL),50.73312,3.18659,18,7,2
202100033993,140Â 994,A01,10,3,1,0,0,-1,-1,5,A,2,2021,7.0,2,0,0,1,1,25,3,,4,CITADELLE (RUE DE LA ),0,,-1,2,0,2,(1),(1),1,, -1,1,6,4,30,10,6,2021,10:40,1,71,71076,2,1,0,6,CITADELLE (RUE DE LA ),46.7853315747,4.8522545287,10,2,1
202100054654,104Â 100,A01,1,1,1,3,2,6,-1,0,0,-1,2021,53.0,1,1,0,0,7,16,1,,7,57,0,M,2,2,0,1,1,700,3,, -1,1,0,1,80,19,1,2021,16:25,1,59,59252,2,6,0,3,Rue de Messines,50.711192,2.939422,16,2,2
202100017703,169Â 980,A01,1,1,1,1,2,4,-1,-1, -1,-1,2021,41.0,3,1,0,2,2,1,1,,3,182,0,,2,4,0,1,0,0,1,, -1,1,0,1,50,21,9,2021,09:15,1,78,78158,2,1,0,3,NAPOLEON III,48.83299,2.146851,9,2,2
202100031958,144Â 619,A01,1,1,1,5,2,6,-1,-1, -1,-1,2021,26.0,1,1,0,2,7,1,1,,4,FERDINAND BUISSON                   (R ),0,,1,1,2,1,(1),(1),1,, -1,1,0,1,30,27,6,2021,14:00,1,69,69383,2,2,0,3,FERDINAND BUISSON (R),45.75127,4.8939,14,2,2
202100018438,168Â 670,B01,1,1,1,1,2,0,-1,-1, -1,-1,2021,24.0,1,1,0,2,8,1,3,,4,,0,,2,2,0,1,0,0,1,, -1,1,0,1,50,16,9,2021,17:20,1,92,92036,2,2,0,3,LUCETTE MAZALAIGUE,48.9320283537,2.2871571779,17,2,2
202100055415,102Â 796,A01,1,1,1,5,2,6,-1,-1, -1,-1,2021,57.0,2,1,3,0,7,17,1,,1,A50-Sens Toulon vers Aubagne,0,,1,2,0,3,34,599,4,, -1,1,3,3,70,12,1,2021,15:25,1,13,13028,1,1,0,6,A50-Sens Toulon vers Aubagne,43.20501,5.59235,15,1,1
202100014462,175Â 854,A01,1,1,2,5,8,-1,-1,0,0,-1,2021,56.0,1,2,2,0,0,1,1,,7,114,0,,2,2,0,1,16,635,1,, -1,1,0,1,70,8,10,2021,18:20,2,34,34088,1,1,0,1,Avenue de la Gare du Midi,43.55076,3.729874,18,2,2
202100046020,119Â 498,A01,1,1,1,0,2,6,-1,0,0,-1,2021,23.0,2,1,0,0,0,1,1,,3,28,0,D,2,2,0,1,12,630,1,, -1,1,0,3,80,29,3,2021,17:10,1,70,70168,1,1,0,7,D28,47.807834,6.194888,17,1,1
202100006773,189Â 682,B01,1,1,1,5,2,-1,-1,0,0,-1,2021,32.0,1,1,0,0,3,2,5,,7,15,0,B,2,2,0,1,0,800,1,, -1,1,0,1,-1,24,11,2021,11:30,1,13,13069,2,1,0,7,Avenue FrÃ©dÃ©ric Mistral,43.634775,5.152057,11,2,2
202100052825,107Â 302,A01,1,1,1,4,1,-1,-1,0,0,-1,2021,23.0,1,2,0,2,2,19,1,,3,724,0,D,3,2,0,1,48,400,1,, -1,2,5,1,70,3,2,2021,16:39,1,41,41097,1,2,1,1,D724,47.313275,1.671005,16,2,2
202100021801,162Â 651,B01,1,1,2,5,8,0,-1,0,0,-1,2021,72.0,2,1,0,2,1,1,5,,4,RUE DE VAUGIRARD,0,,2,2,0,1,(1),(1),1,, -1,1,0,1,30,30,8,2021,13:15,1,75,75106,2,2,0,3,RUE DE VAUGIRARD,48.848238,2.33104,13,2,2
202100005442,192Â 068,B01,9,2,2,2,8,-1,-1,0,0,-1,2021,16.0,1,3,0,2,1,21,1,11.0,3,943,0,,2,2,0,2,2,700,1,, -1,1,0,1,90,2,12,2021,07:30,3,37,37039,1,1,0,1,D943,47.051821,1.090543,7,12,2
202100050809,110Â 859,B01,1,1,1,5,2,6,-1,0,0,-1,2021,59.0,1,1,0,2,7,1,5,,3,D29,-1,,2,2,0,1,23,100,1,, -1,1,0,1,50,19,2,2021,10:00,1,31,31232,2,6,0,3,Avenue de Guiraudis - D29,43.770327,1.286495,10,2,2
202100020154,165Â 607,A01,10,3,2,0,0,-1,-1,3,3,1,2021,72.0,3,2,0,1,1,1,1,,3,924,-1,,2,2,0,2,5,640,1,, -1,1,0,1,50,9,9,2021,11:45,1,50,50639,2,1,0,6,56 Rue Jules TÃ©trel,48.841429,-1.2271,11,2,1
202100001928,198Â 348,A01,1,1,1,5,1,-1,-1,0,0,-1,2021,20.0,0,2,2,0,3,1,1,,4,77,0,,-1,2,0,1,(1),(1),1,, -1,1,0,3,50,23,12,2021,05:20,3,1,1004,2,1,0,6,Rue du Repos,45.970798,5.351248,5,2,1
202100010539,182Â 889,A01,1,1,1,9,2,6,-1,0,0,-1,2021,19.0,0,1,0,2,1,1,1,,3,BRIAND (AVENUE ARISTIDE),0,,2,2,0,1,30,132,2,, -1,1,0,1,50,28,10,2021,19:15,2,27,27299,2,1,0,3,BRIAND (AVENUE ARISTIDE),49.04052,1.15871,19,2,2
202100008699,186Â 189,B01,10,3,1,2,8,8,-1,3,3,1,2021,14.0,3,3,0,1,1,1,3,,9,BELLEVUE (RUE DE),0,,2,2,3,1,0,0,1,, -1,9,4,6,90,8,11,2021,08:08,1,77,77226,2,8,1,6,BELLEVUE (RUE DE),48.4461,2.7642,8,2,1
202100043787,123Â 414,A01,1,1,1,1,1,0,-1,0,0,-1,2021,32.0,2,2,0,2,1,2,1,,4,BOULEVARD PERIPHERIQUE,0,,1,4,0,1,25,900,1,, -1,1,0,1,70,15,4,2021,18:30,2,75,75119,2,1,0,2,BOULEVARD PERIPHERIQUE,48.896328,2.394569,18,2,2
202100010640,182Â 719,A01,1,1,2,0,1,-1,-1,0,0,-1,2021,77.0,2,2,0,2,3,13,1,,3,1205,-1,,2,2,0,1,16,500,1,, -1,1,0,1,70,28,10,2021,18:00,3,74,74087,1,1,0,1,1400 Route de Bonneville,46.115673,6.348429,18,2,2
202100035801,137Â 716,B01,1,1,1,5,1,-1,-1,0,0,-1,2021,83.0,2,2,0,2,1,1,1,,3,776,0,D,2,2,0,1,16,460,3,, -1,1,0,1,80,9,6,2021,10:00,1,56,56200,1,1,0,1,La Minoterie,47.838195,-2.308753,10,2,2
202100000304,201Â 178,A01,10,3,1,0,0,-1,-1,9,1,1,2021,59.0,1,2,0,1,1,1,1,,4,ROCHAID (PLACE),0,,-1,1,3,1,0,0,1,, -1,1,6,8,10,18,8,2021,14:30,1,35,35093,2,1,0,6,ROCHAID (PLACE),48.63223,-2.05827,14,2,1
202100046733,118Â 236,A01,1,1,1,0,1,0,-1,-1, -1,-1,2021,29.0,2,2,0,2,3,13,1,,2,NATIONALE 6 (GLACIERE),0,,3,4,0,1,1,600,1,, -1,1,0,1,90,24,3,2021,14:50,1,91,91421,1,1,0,5,NATIONALE 6 (GLACIERE),48.70669,2.44312,14,5,3
202100016294,172Â 510,A01,1,1,1,5,2,-1,-1,0,0,-1,2021,12.0,3,1,0,2,1,19,5,,3,263,-1,,2,2,0,1,(1),(1),1,, -1,1,0,1,80,29,9,2021,15:50,1,50,50593,1,1,0,3,Hameau Es Gendres,49.591543,-1.413465,15,2,2
202100038349,133Â 084,A01,10,3,2,2,0,-1,-1,3,3,1,2021,12.0,1,2,0,1,3,1,1,,4,LANNOY (RUE),0,,2,2,0,1,(1),(1),1,, -1,1,0,1,50,25,5,2021,08:00,1,59,59512,2,1,0,6,LANNOY (RUE),50.683485,3.192178,8,2,1
202100055600,102Â 474,A01,1,1,1,5,2,-1,-1,0,0,-1,2021,67.0,2,1,0,0,9,14,1,,2,05,-1,,2,2,0,4,28,400,3,, -1,1,0,3,80,9,1,2021,15:30,1,974,97424,1,1,0,7,Rn5,-21.165183,55.469713,15,2,1
202100032022,144Â 508,B01,1,1,1,5,2,6,-1,0,0,-1,2021,17.0,2,1,0,0,5,15,1,,3,13,0,D,1,1,0,1,8,700,1,, -1,1,0,1,50,27,6,2021,15:10,1,3,3184,2,6,0,3,D13,46.611805,3.249628,15,2,2
202100006856,189Â 525,B01,1,1,1,2,2,6,9,0,0,-1,2021,14.0,2,1,0,2,1,2,1,,3,964,0,D,2,2,0,1,121,(1),1,, -1,1,9,1,50,23,11,2021,18:35,5,55,55167,2,1,0,2,33 Rue du Moulin,49.386616,5.181727,18,2,2
202100030777,146Â 749,A01,2,2,1,5,1,0,-1,-1, -1,-1,2021,24.0,2,2,6,0,3,14,1,,2,RN4 - SECTION RIVIERA,0,,2,3,0,1,(1),(1),2,, -1,2,0,3,70,29,6,2021,01:07,5,971,97113,2,1,0,6,RN4 - SECTION RIVIERA,16.21915,-61.50226,1,2,1
202100001996,198Â 230,B01,1,1,1,9,0,-1,-1,0,0,-1,2021,28.0,2,1,0,2,1,14,3,,7,NICE (ROUTE DE),0,,2,2,0,1,15,500,1,, -1,1,0,1,70,19,12,2021,11:50,1,83,83069,1,1,0,1,NICE (ROUTE DE),43.12993,6.17779,11,2,2
202100008017,187Â 403,B01,1,1,1,1,0,0,-1,-1, -1,-1,2021,46.0,1,1,0,2,6,1,5,,4,HALLES (RUE DES) DU 38 AU 50 - DU 51 AU,0,,3,2,0,1,(1),(1),1,, -1,1,0,1,50,14,11,2021,17:36,5,44,44184,2,2,0,3,HALLES (RUE DES) DU 38 AU 50 - DU 51 AU,47.2791901829,-2.2167277336,17,2,2
202100050288,111Â 818,B01,1,1,1,4,1,0,-1,-1, -1,-1,2021,57.0,1,5,0,2,5,1,1,,1,AUTOROUTE A6,0,,3,6,0,1,16,850,1,, -1,1,0,1,110,25,2,2021,10:10,1,91,91589,1,1,0,5,AUTOROUTE A6,48.67927,2.33406,10,6,4
202100052715,107Â 506,A01,10,3,2,5,0,-1,-1,4,3,1,2021,18.0,1,2,0,1,2,1,1,,7,D5,-1,,2,2,0,4,3,290,1,, -1,1,0,1,50,3,2,2021,18:50,3,34,34270,1,1,0,6,Route de Laverune - D5,43.59392,3.833799,18,2,1
202100049384,113Â 486,B01,1,1,2,0,1,0,-1,0,0,-1,2021,25.0,1,2,0,2,8,1,1,,4,SAINT JEAN (RUE),0,,2,2,3,3,(1),(1),1,, -1,1,-1,1,30,3,3,2021,22:20,5,54,54395,2,2,0,3,SAINT JEAN (RUE),48.689521,6.178438,22,2,2
202100042004,126Â 539,B01,1,1,1,0,2,0,-1,-1, -1,-1,2021,36.0,3,1,0,2,1,17,1,,4,PRESIDENT KENNEDY (AVENUE DU),0,,2,2,0,1,0,0,1,, -1,1,0,1,50,29,4,2021,09:15,1,91,91687,2,3,0,3,PRESIDENT KENNEDY (AVENUE DU),48.66401,2.367907,9,2,2
202100044757,121Â 714,A01,2,2,1,0,1,-1,-1,0,0,-1,2021,8.0,2,5,15,0,3,1,1,,3,8,0,D,2,2,0,2,6,700,1,, -1,1,0,3,80,9,4,2021,11:20,1,8,8113,1,1,0,7,D8,49.655238,4.222226,11,2,1
202100026803,153Â 816,A01,1,1,1,0,2,6,-1,-1, -1,-1,2021,42.0,1,1,0,2,3,9,1,,4,ALLEES MARINES (AVENUE DES),0,,2,2,0,1,0,0,1,, -1,1,0,1,50,27,7,2021,09:45,1,64,64102,2,1,0,2,AllÃ©es Marines,43.49742,-1.48487,9,2,2
202100026866,153Â 697,A01,2,2,2,0,1,0,-1,-1, -1,-1,2021,27.0,2,2,12,0,1,1,0,,3,FRANCE ANATOLE (BOULEVARD) NR AUTRES,0,,2,4,0,1,0,1,1,, -1,1,5,1,50,25,7,2021,22:50,5,93,93066,2,2,0,1,FRANCE ANATOLE (BOULEVARD) NR AUTRES,48.9255215768,2.3507142323,22,5,2
202100050880,110Â 729,A01,10,3,1,0,0,-1,-1,4,3,1,2021,63.0,0,2,0,1,1,9,1,,4,FLANDRES/DUNKERQUE (CARREFOUR),0,,1,1,0,1,(1),(1),1,, -1,1,0,1,50,19,2,2021,10:28,1,66,66136,2,1,0,6,FLANDRES/DUNKERQUE (CARREFOUR),42.68656,2.90748,10,2,1
202100026599,154Â 158,B01,1,1,1,0,2,0,-1,-1, -1,-1,2021,33.0,0,1,0,0,0,0,1,,1,13,0,,-1,3,0,1,5,699,1,, -1,1,0,1,90,28,7,2021,08:10,1,92,92064,1,1,0,2,A13,48.8373662415,2.1886466304,8,3,2