Num_Acc,id_vehicule,num_veh,place,catu,sexe,trajet,secu1,secu2,secu3,locp,actp,etatp,year_acc,victim_age,senc,catv,obs,obsm,choc,manv,motor,occutc,catr,voie,v1,v2,circ,nbv,vosp,prof,pr,pr1,plan,lartpc,larrout,surf,infra,situ,vma,jour,mois,an,hrmn,lum,dep,com,agg_,int,atm,col,adr,lat,long,hour,nb_victim,nb_vehicules
202100025776,155Â 614,A01,1,1,1,5,1,0,-1,-1, -1,-1,2021,19.0,2,2,0,0,9,16,1,,3,LOUIS FERBER (QU),0,,-1,0,0,1,1,0,1,, -1,1,0,1,45,3,8,2021,18:40,1,94,94015,2,3,0,7,LOUIS FERBER (QU),48.83394,2.51821,18,2,1
202100032580,143Â 537,A01,10,3,2,3,0,-1,-1,1,2,2,2021,73.0,3,2,0,1,3,1,1,,4,,-1,,2,2,0,2,(1),(1),1,,4,1,0,1,90,24,6,2021,16:40,1,24,24019,1,1,1,6,Chemin des Veyrinas,45.150787,1.105056,16,2,1
202100045063,121Â 180,A01,1,1,1,5,2,6,-1,0,0,-1,2021,50.0,2,1,0,2,1,17,1,,2,5,0,,2,2,0,1,110,490,1,, -1,1,0,1,50,20,2,2021,16:30,1,39,39470,2,3,0,3,,46.484208,6.059856,16,2,2
202100031455,145Â 521,B01,1,1,1,1,2,7,-1,0,0,-1,2021,28.0,2,1,0,2,1,1,1,,7,1Ã¨re,-1,,2,2,0,1,(1),(1),3,, -1,1,0,1,70,1,7,2021,18:00,1,6,6033,2,3,0,3,1Ã¨re Avenue 6Ã¨me rue,43.778498,7.213581,18,2,2
202100010599,182Â 784,A01,1,1,1,5,1,-1,-1,0,0,-1,2021,29.0,2,2,0,2,6,1,1,,3,12,-1,,2,2,0,1,10,0,2,, -1,1,0,1,80,23,10,2021,21:04,3,33,33508,1,1,0,6,Lieu Dit Monet,44.519647,-0.117041,21,2,2
202100047661,116Â 558,A01,1,1,1,0,1,5,-1,-1, -1,-1,2021,53.0,1,2,0,2,3,1,1,,4,CARNOT (BOULEVARD),0,,1,1,0,1,0,1,1,, -1,1,0,1,30,17,3,2021,13:50,1,93,93066,2,2,0,3,CARNOT (BOULEVARD),48.93869,2.35532,13,2,2
202100023222,160Â 109,A01,1,1,1,5,2,6,-1,0,0,-1,2021,46.0,2,1,0,2,3,13,1,,3,9,-1,D,2,2,0,1,46,310,1,, -1,1,0,1,50,21,8,2021,19:30,1,64,64430,2,1,0,3,Avenue du PesquÃ©,43.4825,-0.770459,19,5,2
202100004808,193Â 188,A01,10,3,2,9,0,-1,-1,4,3,1,2021,57.0,3,1,0,1,1,1,3,,4,AVENUE JEAN JAURES,0,,1,0,1,1,(1),(1),1,, -1,1,-1,5,50,4,12,2021,22:58,5,75,75119,2,1,0,6,AVENUE JEAN JAURES,48.883808,2.374143,22,2,1
202100032843,143Â 067,B01,4,2,2,5,1,0,-1,-1, -1,-1,2021,31.0,1,2,0,2,6,23,1,,3,RD 430,0,,3,2,0,2,52,99,1,, -1,2,2,1,90,21,6,2021,17:46,1,68,68166,1,1,0,4,RD 430,47.78957,7.31521,17,8,5
202100036296,136Â 807,A01,1,1,1,5,1,-1,-1,0,0,-1,2021,33.0,0,2,2,0,1,0,1,,4,,-1,,2,2,0,1,(1),(1),2,,5,1,0,3,70,6,6,2021,05:40,2,972,97212,2,2,1,6,Croix Odilon,14.696705,-60.985504,5,1,1
202100043885,123Â 226,A01,1,1,1,1,8,-1,-1,-1, -1,-1,2021,19.0,1,1,0,2,1,1,3,,4,VILLEBOIS MAREUIL (BD),0,,2,3,2,1,(1),(1),1,, -1,1,0,5,50,15,4,2021,17:10,1,35,35238,2,1,0,2,VILLEBOIS MAREUIL (BD),48.10467,-1.6504,17,2,2
202100032988,142Â 783,B01,1,1,2,1,2,6,-1,-1, -1,-1,2021,35.0,2,1,0,2,6,3,1,,7,Autoroute A.351,0,,1,3,0,1,1,700,1,, -1,1,0,1,90,17,6,2021,07:45,1,67,67482,1,1,0,3,M351,48.5885770348,7.7048948879,7,2,2
202100052247,108Â 314,A01,1,1,2,0,1,0,-1,-1, -1,-1,2021,24.0,2,2,4,0,0,26,1,,1,86,0,,3,4,0,1,5,949,2,, -1,2,0,1,90,7,2,2021,01:15,5,92,92025,1,1,1,6,A86,48.9351911105,2.2598681872,1,1,1
202100012809,178Â 825,B01,1,1,2,0,1,-1,-1,-1, -1,-1,2021,34.0,2,2,0,2,4,2,1,,4,GAMBETTA                            (CO),0,,1,2,3,1,(1),(1),1,, -1,1,0,1,50,16,10,2021,23:35,5,69,69387,2,1,0,2,GAMBETTA (CR),45.7502668044,4.857378602,23,2,2
202100041931,126Â 668,B01,1,1,1,9,8,0,-1,0,0,-1,2021,30.0,1,1,0,2,1,1,5,,4,BOULEVARD MONTMARTRE,0,,2,2,1,1,(1),(1),1,, -1,1,0,5,50,30,4,2021,11:10,1,75,75109,2,2,0,3,BOULEVARD MONTMARTRE,48.871485,2.343051,11,2,2
202100026242,154Â 792,B01,1,1,1,1,1,0,-1,-1, -1,-1,2021,21.0,1,2,0,2,1,2,1,,1,A7-Sens Lyon vers Marseille,0,,1,4,0,1,270,0,1,, -1,1,3,1,110,31,7,2021,07:45,1,13,13071,1,1,0,2,A7-Sens Lyon vers Marseille,43.405,5.33886,7,2,2
202100034077,140Â 850,A01,1,1,2,5,0,-1,-1,0,0,-1,2021,24.0,1,1,0,2,1,1,5,,3,EMILE ZOLA (RUE),0,,-1,2,0,1,1,0,2,, -1,1,5,1,50,16,6,2021,15:15,1,14,14437,2,6,0,3,D675,49.17095,-0.309014,15,2,2
202100005414,192Â 117,A01,2,2,2,0,3,-1,-1,0,0,-1,2021,7.0,2,2,13,2,3,13,1,,3,775,0,D,2,2,0,2,30,645,1,, -1,2,0,1,80,2,12,2021,08:45,1,56,56184,1,1,0,1,Bel-air D775,47.68789,-2.463984,8,3,2
202100045185,120Â 970,B01,2,2,1,5,2,6,-1,0,0,-1,2021,17.0,1,1,0,2,1,17,1,,4,,0,,2,2,0,4,(1),(1),1,, -1,1,0,1,50,5,4,2021,11:15,1,74,74081,2,1,0,3,Bd du Chevran,46.060137,6.586223,11,4,2
202100044568,122Â 052,A01,1,1,1,0,2,8,-1,-1, -1,-1,2021,44.0,1,1,0,0,0,1,1,,4,AUBERDIERE (RUE DE L'),0,,2,2,0,2,(1),(1),1,, -1,1,0,1,50,8,4,2021,16:20,1,37,37261,2,1,0,7,AUBERDIERE (RUE DE L'),47.3632105685,0.69513689,16,1,1
202100038972,131Â 978,B01,1,1,1,1,2,0,-1,0,0,-1,2021,34.0,2,1,0,2,1,1,1,,4,RUE VIVIENNE,0,,1,2,0,1,(1),(1),1,, -1,1,0,1,30,21,5,2021,20:20,1,75,75102,2,2,0,3,RUE VIVIENNE,48.867303,2.334603,20,2,2
202100047137,117Â 511,A01,1,1,1,5,2,6,-1,0,0,-1,2021,53.0,2,1,0,2,1,1,1,,4,RUE DES ECOLES,0,,2,3,0,1,(1),(1),1,, -1,1,0,1,50,21,3,2021,16:10,1,75,75105,2,2,0,3,RUE DES ECOLES,48.849117,2.346644,16,2,2
202100041049,128Â 237,B01,1,1,2,0,1,0,-1,-1, -1,-1,2021,46.0,2,2,0,2,4,1,1,,3,BADUEL (ROUTE DE),0,,2,2,2,1,2,400,1,, -1,1,0,1,50,6,5,2021,14:35,1,973,97302,2,1,0,2,BADUEL (ROUTE DE),4.9326509794,-52.3085792936,14,2,2
202100019107,167Â 476,B01,1,1,2,0,1,0,-1,-1, -1,-1,2021,21.0,1,2,0,2,4,2,1,,1,Autoroute A31,0,,3,6,0,1,313,0,1,, -1,1,0,1,70,12,9,2021,03:00,3,57,57433,1,1,0,2,Autoroute A31,49.19733,6.17528,3,2,2
202100019211,167Â 289,B01,1,1,1,0,1,0,-1,-1, -1,-1,2021,34.0,3,2,0,2,7,1,1,,4,GAMBETTA (R),0,,2,1,0,1,1,0,1,, -1,1,0,1,50,13,9,2021,16:15,1,94,94078,2,3,0,3,Rue Gambetta,48.735751,2.460664,16,2,2
202100035164,138Â 853,B01,1,1,1,3,1,-1,-1,0,0,-1,2021,51.0,1,2,0,2,3,1,1,,3,941,0,D,2,2,0,1,(1),(1),1,, -1,1,0,1,50,12,6,2021,10:10,1,84,84053,2,1,0,1,D941,44.397256,4.932175,10,2,2
202100038743,132Â 365,B01,2,2,1,0,1,0,-1,-1, -1,-1,2021,45.0,1,2,0,2,6,2,1,,7,11 NOVEMBRE. BOULEVARD DU,0,,2,4,3,2,20,250,2,, -1,1,-1,1,50,23,5,2021,00:05,5,76,76498,2,5,0,4,11 NOVEMBRE. BOULEVARD DU,49.4231,1.06706,0,4,3
202100047663,116Â 555,A01,1,1,1,5,2,6,-1,-1, -1,-1,2021,22.0,1,1,0,2,8,1,1,,3,VAILLANT COUTURIER (RUE),0,,3,2,1,1,0,1,1,, -1,1,0,1,50,15,3,2021,17:50,1,93,93053,2,3,0,3,VAILLANT COUTURIER (RUE),48.8906785662,2.4514791249,17,2,2
202100050522,111Â 389,A01,1,1,2,5,1,-1,-1,0,0,-1,2021,72.0,2,2,0,2,5,19,1,,3,951,0,,2,4,3,1,26,990,1,0,13,1,5,1,90,23,2,2021,11:00,1,16,16016,1,2,0,3,,46.007119,0.640284,11,3,2
202100050497,111Â 436,B01,1,1,1,1,8,0,-1,-1, -1,-1,2021,28.0,2,1,0,2,8,1,5,,3,7,0,,2,6,1,1,0,0,1,, -1,1,9,5,50,23,2,2021,06:45,5,92,92062,2,3,0,3,DE DION BOUTON (QUAI) DU 29 AU 65,48.8818673788,2.2467014194,6,2,2
202100029645,148Â 798,B01,2,2,2,0,2,6,-1,0,0,-1,2021,60.0,1,1,0,0,4,0,1,,2,7,0,N,2,2,0,2,18,550,1,, -1,1,0,1,50,11,7,2021,07:50,1,38,38019,2,1,0,2,Route Nationale 7,45.432649,4.818127,7,3,2
202100047271,117Â 266,A01,1,1,2,5,1,-1,-1,0,0,-1,2021,24.0,1,2,0,2,1,1,1,,3,154,-1,,2,2,0,1,4,305,2,, -1,1,0,1,50,20,3,2021,17:05,1,62,62220,2,2,1,1,Rue Principale,50.419406,2.008721,17,3,2
202100043097,124Â 640,A01,1,1,1,1,6,-1,-1,0,0,-1,2021,38.0,2,1,16,0,0,1,1,,3,47,0,,2,2,0,1,2,740,1,, -1,1,0,1,80,22,4,2021,18:40,1,72,72217,1,1,0,7,D47,48.059184,0.208418,18,1,1
202100040705,128Â 859,B01,4,2,1,5,1,-1,-1,-1, -1,-1,2021,20.0,1,2,4,2,4,23,1,,7,RD383   7.640 A 11.044,0,,3,3,0,1,10,0,1,, -1,1,0,1,70,8,5,2021,23:10,3,69,69029,1,1,0,2,RD383   7.640 A 11.044,45.73077,4.89905,23,5,2
202100030664,146Â 944,A01,1,1,2,5,1,-1,-1,0,0,-1,2021,70.0,2,2,0,2,3,1,1,,3,35,0,D,2,2,0,2,10,(1),3,, -1,1,0,1,80,5,7,2021,21:15,2,55,55366,1,1,0,3,D35,48.814833,5.111561,21,2,2
202100039391,131Â 186,A01,1,1,1,0,2,6,-1,-1, -1,-1,2021,20.0,2,1,4,0,8,13,1,,2,RN 104,0,,1,3,0,4,33,200,1,, -1,1,0,1,110,19,5,2021,08:15,1,91,91553,1,1,0,6,RN 104,48.6258,2.4734,8,1,1
202100046803,118Â 114,A01,10,3,2,5,0,-1,-1,3,3,2,2021,10.0,2,2,0,1,3,1,1,,4,MEDERIC (AVENUE),0,,2,2,0,1,0,0,1,, -1,1,0,1,50,24,3,2021,18:07,1,93,93051,2,1,0,6,MEDERIC (AVENUE),48.83012,2.5604,18,4,1
202100005232,192Â 429,B01,4,2,2,5,1,-1,-1,-1,0,-1,2021,18.0,2,2,0,2,1,1,1,,3,VAILLANT CHARLES (AVENUE),0,,2,2,0,1,2,250,2,, -1,1,0,1,50,29,11,2021,23:30,5,95,95019,2,1,0,1,VAILLANT CHARLES (AVENUE),48.98504,2.40222,23,5,2
202100048449,115Â 157,B01,1,1,1,1,1,0,-1,-1, -1,-1,2021,54.0,2,2,0,2,4,1,1,,2,GENERAL LECLERC (AV DU),0,,3,2,0,1,1,0,1,, -1,1,0,1,50,11,3,2021,09:45,1,94,94004,2,1,0,4,GENERAL LECLERC (AV DU),48.75966,2.50035,9,3,3
202100048199,115Â 603,A01,1,1,2,0,1,-1,-1,0,0,-1,2021,45.0,1,2,3,0,9,1,1,,1,A4,0,,-1,4,0,1,186,800,1,, -1,2,0,2,130,13,3,2021,15:20,1,51,51097,1,1,1,7,A4,49.0293706362,4.5377403849,15,2,1
202100048932,114Â 284,A01,1,1,1,0,2,8,-1,-1, -1,-1,2021,17.0,1,1,0,2,1,26,1,,4,SAINTE MARIE (QUAI),0,,2,2,0,1,(1),(1),1,, -1,1,0,1,50,6,3,2021,16:00,1,71,71076,2,1,0,6,SAINTE MARIE (QUAI),46.78221,4.86109,16,2,2
202100046376,118Â 874,A01,1,1,1,2,8,0,-1,0,0,-1,2021,20.0,1,1,0,0,0,26,3,,4,RUE DE LA CONVENTION,0,,2,2,0,1,(1),(1),1,, -1,1,0,1,50,26,3,2021,08:40,1,75,75115,2,1,0,7,RUE DE LA CONVENTION,48.839573,2.29125,8,1,1
202100047955,116Â 020,A01,1,1,1,9,8,0,-1,0,0,-1,2021,35.0,1,1,0,2,1,1,3,,4,RUE JOUFFROY D ABBANS,0,,2,2,0,1,(1),(1),1,, -1,1,0,1,50,15,3,2021,09:25,1,75,75117,2,2,0,3,RUE JOUFFROY D ABBANS,48.882837,2.302985,9,2,2
202100042154,126Â 274,A01,1,1,1,1,2,-1,-1,-1, -1,-1,2021,59.0,2,1,1,2,2,17,1,,4,BOURGOGNE (DE)                      (R ),0,,2,3,0,1,(1),(1),1,, -1,1,0,1,50,27,4,2021,19:25,1,69,69389,2,1,0,3,BOURGOGNE (DE) (R),45.78002,4.80115,19,2,2
202100036517,136Â 434,B01,1,1,1,5,2,-1,-1,0,0,-1,2021,58.0,1,1,0,0,0,2,1,,3,974,0,D,2,2,0,1,16,0,1,, -1,1,0,8,70,4,6,2021,11:40,1,84,84017,1,1,0,7,Chemin des granges,44.119095,5.198379,11,2,2
202100033568,141Â 764,B01,1,1,2,9,1,0,-1,-1, -1,-1,2021,29.0,3,2,0,2,2,26,0,,4,MARTEL (RUE DES FRERES),0,,1,1,0,1,(1),(1),1,, -1,1,0,1,50,18,6,2021,21:37,1,59,59279,2,2,0,3,PERI (RUE GABRIEL),50.78241,3.134247,21,2,2
202100029198,149Â 561,A01,1,1,1,1,2,6,-1,0,0,-1,2021,17.0,2,1,0,2,1,13,1,,3,12,-1,,2,2,0,1,25,300,2,, -1,1,0,1,50,13,7,2021,19:30,1,63,63317,2,1,0,1,Pagnant,45.953067,3.313172,19,2,2
202100014872,175Â 129,A01,10,3,1,9,0,-1,-1,3,3,2,2021,9.0,1,1,0,1,1,1,1,,3,ARGENTEUIL AV D',0,,2,0,0,1,0,0,1,, -1,1,0,1,50,5,10,2021,21:05,5,92,92004,2,3,0,6,ARGENTEUIL AV D',48.9186567233,2.2812925279,21,2,1
202100024548,157Â 782,A01,1,1,1,5,2,6,-1,0,0,-1,2021,30.0,2,1,0,2,2,3,1,,4,PORTE DE CHATILLON,0,,1,3,0,1,6,0,1,, -1,1,0,1,70,11,8,2021,22:30,5,75,75114,2,1,0,3,PORTE DE CHATILLON,48.821922,2.316733,22,3,2
202100050836,110Â 815,A01,10,3,1,5,0,-1,-1,6,3,1,2021,9.0,3,1,0,1,1,1,5,,9,,-1,,2,-1,1,1,(1),(1),1,, -1,1,-1,5,-1,19,2,2021,15:15,1,73,73303,2,1,0,6,PARC DES BERGES,45.74629,6.416611,15,2,1
202100011452,181Â 248,A01,1,1,1,5,8,-1,-1,0,0,-1,2021,40.0,1,2,0,0,1,0,1,,3,2,0,,2,2,0,3,8,300,2,, -1,1,0,3,80,23,10,2021,18:15,1,51,51538,1,1,0,7,D2,48.88909,4.396323,18,1,1
202100048189,115Â 617,A01,1,1,1,5,1,-1,-1,0,0,-1,2021,88.0,2,2,6,0,1,0,1,,3,,-1,,2,1,0,2,23,250,3,, -1,1,0,3,50,13,3,2021,17:00,1,64,64256,1,9,0,7,RUE JEAN LISSAR,43.382343,-1.312871,17,1,1
202100047467,116Â 917,A01,1,1,1,0,2,6,-1,-1, -1,-1,2021,26.0,1,1,0,2,1,1,1,,4,kaweni-GEOLE (la),0,,2,0,0,1,0,0,1,, -1,1,0,1,50,18,3,2021,10:49,1,976,97611,2,1,0,2,kaweni-GEOLE (la),-12.767,45.22477,10,2,2
202100049317,113Â 610,A01,1,1,1,5,1,-1,-1,0,0,-1,2021,50.0,2,2,0,2,3,13,1,,3,30,0,,2,2,0,1,36,490,1,0,5,1,0,1,80,5,3,2021,16:00,1,16,16264,1,1,0,1,lieu-dit Les Sablons,46.101945,0.466461,16,5,2
202100039350,131Â 263,B01,1,1,1,1,1,-1,-1,0,0,-1,2021,43.0,2,2,0,2,6,1,1,,3,CD912,-1,,2,2,0,2,31,960,1,, -1,1,0,1,90,20,5,2021,04:20,3,61,61130,1,1,0,1,Les Basses Mares,48.518928,0.487309,4,4,2
202100046109,119Â 342,Z01,10,3,1,5,0,-1,-1,9,5,2,2021,5.0,3,0,0,1,1,26,0,,9,ESP FRANCOIS MITTERRAND,0,,-1,-1,3,1,(1),(1),2,, -1,1,0,6,1,28,3,2021,19:05,1,33,33249,2,1,0,6,Esplanade FranÃ§ois Mitterrand,44.8736368824,-0.5172918101,19,2,1
202100045261,120Â 818,A01,1,1,1,0,8,0,-1,-1, -1,-1,2021,58.0,1,1,0,2,8,1,5,,3,986,0,,2,2,1,1,0,0,1,, -1,1,0,5,50,3,4,2021,18:20,1,92,92078,2,1,0,3,VERDUN (AVENUE) (IMPAIRS 27 AU 73),48.935542235,2.3325117351,18,2,2
202100039386,131Â 200,A01,1,1,1,1,1,0,-1,-1, -1,-1,2021,34.0,1,2,0,0,0,2,1,,1,A55-Sens Marseille vers Martigues,0,,1,2,0,2,36,500,3,, -1,1,0,1,70,18,5,2021,20:34,2,13,13056,1,1,0,7,A55-Sens Marseille vers Martigues,43.39668,5.04407,20,1,1
202100004050,194Â 507,B01,10,3,2,0,8,8,-1,4,3,1,2021,15.0,0,0,0,1,0,0,0,,4,BAUDIN (BOULEVARD PAUL),0,,2,1,0,1,(1),(1),1,, -1,2,0,1,50,6,12,2021,18:15,5,45,45208,2,9,1,6,Boulevard Paul Baudin,48.0001742528,2.7338308096,18,2,1
202100017233,170Â 842,B01,1,1,1,0,8,-1,-1,0,0,-1,2021,45.0,2,2,0,2,1,1,1,,3,993,0,,2,2,0,1,12,450,3,, -1,1,0,1,90,22,9,2021,19:00,2,3,3279,1,1,0,1,dÃ©partementale 993,46.248636,2.510161,19,3,2
202100017778,169Â 838,A01,1,1,1,0,2,6,-1,-1, -1,-1,2021,42.0,1,1,0,2,7,9,1,,1,AUTOROUTE A1,0,,3,4,0,1,4,400,3,, -1,1,0,1,90,21,9,2021,07:40,2,93,93066,1,1,0,3,AUTOROUTE A1,48.9328,2.3753,7,2,2
202100047054,117Â 664,A01,1,1,1,5,2,0,-1,0,0,-1,2021,53.0,2,1,0,2,1,1,5,,4,QUAI DE LA TOURNELLE,0,,2,1,1,1,(1),(1),1,, -1,1,-1,5,50,22,3,2021,18:08,1,75,75105,2,3,0,3,QUAI DE LA TOURNELLE,48.850701,2.352593,18,2,2
202100017433,170Â 464,A01,1,1,1,1,1,-1,-1,-1, -1,-1,2021,54.0,1,2,0,2,1,15,1,,7,GARIBALDI                           (AV),0,,2,4,0,1,0,1,1,, -1,1,0,1,50,22,9,2021,05:26,5,69,69256,2,3,0,1,GARIBALDI                           (AV),45.76641,4.92987,5,2,2
202100016150,172Â 773,B01,1,1,1,4,1,0,-1,0,0,-1,2021,42.0,1,3,0,9,8,1,1,,7,BAYON (ROUTE DE),0,,2,2,0,1,(1),(1),1,, -1,1,4,6,50,28,9,2021,08:20,1,54,54300,1,8,0,3,BAYON (ROUTE DE),48.6409016028,6.253689852,8,2,2
202100021914,162Â 458,A01,10,3,2,5,0,-1,-1,4,3,1,2021,92.0,3,2,0,1,1,1,1,,4,CAMUS (BD ALBERT),0,,3,2,3,1,(1),(1),1,, -1,1,0,1,50,28,8,2021,11:22,1,95,95585,2,2,0,6,CAMUS (BD ALBERT),48.977742,2.371125,11,2,1
202100045001,121Â 290,A01,1,1,1,4,1,-1,-1,0,0,-1,2021,39.0,0,4,2,0,1,1,1,,4,,-1,,2,2,0,2,(1),(1),2,, -1,1,0,3,50,6,4,2021,09:30,1,7,7101,2,1,0,6,lieu dit la tourrasse - route des costes,44.409713,4.3077189,9,1,1
202100002142,197Â 959,B01,1,1,1,1,2,6,-1,-1, -1,-1,2021,26.0,1,1,0,2,1,1,1,,3,DOUARNENEZ ROUTE DE,0,,2,2,0,2,(1),(1),1,, -1,1,5,1,50,19,12,2021,17:20,5,29,29232,1,3,0,3,Route de Douarnenez,47.9974699,-4.11942,17,2,2
202100043946,123Â 126,A01,1,1,1,5,2,6,-1,0,0,-1,2021,15.0,0,1,0,2,1,1,1,,4,,-1,,2,1,0,1,(1),(1),4,, -1,1,0,1,30,15,4,2021,15:55,1,1,1345,2,1,0,1,Rue de l'Egalite,45.94745,5.326974,15,2,2
202100044828,121Â 587,A01,1,1,2,3,8,0,-1,-1, -1,-1,2021,21.0,3,1,0,2,4,15,0,,4,BAYONNE (ROUTE DE ),0,,2,1,1,1,(1),(1),1,, -1,1,0,1,50,6,4,2021,17:52,1,31,31555,2,6,0,3,BAYONNE (ROUTE DE ),43.608414,1.377958,17,2,2
202100018242,169Â 002,A01,1,1,1,5,1,-1,-1,0,0,-1,2021,32.0,1,2,2,0,2,1,1,,3,210,0,D,2,2,0,1,14,400,1,, -1,2,0,3,80,19,9,2021,01:50,3,63,63148,1,1,1,6,D210 PR14+400,45.883735,3.220217,1,1,1
202100016933,171Â 356,A01,2,2,1,5,8,-1,-1,-1, -1,-1,2021,11.0,3,1,0,2,1,2,1,,4,ALLIES (BOULEVARD DES),0,,2,2,0,1,(1),(1),1,, -1,1,0,1,50,23,9,2021,17:20,1,35,35051,2,6,0,2,ALLIES (BOULEVARD DES),48.12654,-1.62107,17,3,2
202100004390,193Â 907,B01,1,1,2,4,1,8,-1,-1, -1,-1,2021,35.0,2,2,0,2,3,1,1,,1,A4,0,,3,8,0,1,12,0,1,, -1,2,0,1,110,6,12,2021,10:00,1,94,94079,1,1,1,4,A4,48.8354458972,2.5387118132,10,4,3
202100050131,112Â 122,A01,1,1,1,9,2,8,-1,-1, -1,-1,2021,33.0,1,1,0,2,1,3,1,,1,A57,0,,3,4,0,1,6,800,1,, -1,1,0,1,110,25,2,2021,18:22,2,83,83144,1,1,0,3,A57,43.1434,6.0142,18,2,2
202100017157,170Â 975,A01,1,1,1,5,2,6,9,0,0,-1,2021,49.0,1,1,14,0,1,1,1,,3,13,0,,2,2,0,1,17,200,1,, -1,1,0,1,90,23,9,2021,13:15,1,52,52479,1,1,0,7,DÃ©partementale 13,48.416135,4.867973,13,1,1
202100016689,171Â 796,B01,1,1,1,2,2,6,-1,0,0,-1,2021,18.0,0,1,0,2,1,5,1,,7,287,0,,1,1,0,1,(1),(1),3,, -1,1,5,1,50,27,9,2021,11:55,1,35,35120,2,6,0,1,avenue de beauvais,48.21864,-1.790922,11,2,2
202100030244,147Â 705,B01,1,1,1,5,2,0,-1,-1, -1,-1,2021,17.0,2,1,0,2,1,17,1,,4,GASTON MONMOUSSEAU (R),0,,2,2,0,1,1,0,1,, -1,1,0,1,50,6,7,2021,14:15,1,94,94041,2,1,0,3,GASTON MONMOUSSEAU (R),48.80675,2.37909,14,2,2
202100032492,143Â 689,A01,1,1,1,0,2,8,-1,-1, -1,-1,2021,26.0,1,1,0,2,1,18,1,,7,AV DES ETATS UNIS,0,,3,4,0,1,19,158,1,, -1,1,0,1,50,24,6,2021,11:25,1,31,31555,2,1,0,3,AV DES ETATS UNIS,43.65731,1.42051,11,2,2
202100036843,135Â 842,A01,1,1,1,5,2,0,-1,0,0,-1,2021,17.0,1,1,0,2,3,2,5,,4,QUAI BRANLY,0,,2,2,1,1,(1),(1),1,, -1,1,0,1,50,2,6,2021,18:40,1,75,75107,2,1,0,2,QUAI BRANLY,48.857723,2.291555,18,2,2
202100010490,182Â 973,A01,10,3,2,0,0,-1,-1,2,3,1,2021,73.0,0,2,0,1,1,1,1,,6,PARIS (RUE DE),0,,-1,-1,0,1,(1),(1),1,, -1,1,0,1,10,26,10,2021,12:00,1,80,80261,2,1,0,6,PARIS (RUE DE),49.86198,2.27843,12,2,1
202100040623,129Â 001,A01,2,2,2,5,2,6,-1,0,0,-1,2021,26.0,2,1,0,2,5,3,1,,4,PORTE D ITALIE,0,,1,4,0,1,2,300,1,, -1,1,0,1,70,8,5,2021,17:40,1,75,75113,2,1,0,3,PORTE D ITALIE,48.816224,2.363941,17,3,2
202100024564,157Â 751,B01,1,1,1,9,1,0,-1,-1, -1,-1,2021,27.0,1,1,0,2,4,0,0,,4,LANNE,0,,1,1,0,1,(1),(1),1,, -1,1,0,1,30,10,8,2021,20:55,1,93,93066,2,1,0,1,Rue Lanne,48.933066609,2.3572658301,20,3,2
202100001760,198Â 644,B01,1,1,1,5,2,8,-1,-1, -1,-1,2021,46.0,2,1,0,2,2,2,1,,3,906,0,,2,3,0,4,0,0,1,, -1,1,0,1,50,21,12,2021,08:25,2,92,92020,2,1,0,3,PARIS AVENUE DE NÂ°84 A FIN,48.806859,2.293348,8,2,2
202100046536,118Â 601,A01,1,1,1,5,2,6,-1,-1, -1,-1,2021,21.0,1,1,0,2,1,2,1,,2,,0,,2,2,1,1,71,320,3,, -1,1,2,1,50,26,3,2021,14:45,1,25,25462,2,1,0,2,ROCADE G.POMPIDOU ( DE 0 A 6),46.89789,6.35965,14,2,2
202100006681,189Â 839,A01,1,1,1,1,1,8,-1,0,0,-1,2021,22.0,1,2,13,0,2,1,1,,3,RD313,0,,2,2,0,2,54,400,2,, -1,1,0,3,80,22,11,2021,21:10,3,27,27375,1,1,0,6,RD313,49.23376106,1.1418453,21,1,1
202100047357,117Â 122,B01,1,1,1,0,2,0,-1,-1, -1,-1,2021,19.0,3,1,0,2,8,9,1,,4,RUE DE LOS HEROS,0,,2,0,0,1,(1),(1),1,, -1,1,0,1,30,19,3,2021,15:15,1,33,33200,2,1,0,3,Rue de los Heros,44.87147,-0.67374,15,2,2
202100036874,135Â 786,B01,1,1,1,1,2,8,0,-1, -1,-1,2021,30.0,2,1,0,2,1,3,1,,3,7,0,,3,2,0,1,0,0,1,, -1,1,1,1,70,1,6,2021,18:10,2,92,92004,2,1,0,5,DOCTEUR DERVAUX  ( QUAI DU ),48.9111,2.299,18,4,4
202100049543,113Â 199,A01,10,3,1,2,0,-1,-1,2,5,3,2021,13.0,3,2,9,1,1,1,1,,4,CAMELINAT (PLACE),0,,1,1,0,1,0,0,1,, -1,1,0,1,30,2,3,2021,16:10,1,93,93005,2,7,0,6,Place Camelinat,48.92862,2.49858,16,2,1
202100050006,112Â 359,A01,10,3,1,5,0,-1,-1,3,3,1,2021,76.0,1,2,0,1,1,1,1,,4,WILSON (BOULEVARD THOMAS),0,,2,4,0,1,(1),(1),1,, -1,1,0,1,50,25,2,2021,16:22,1,66,66136,2,1,0,6,WILSON (BOULEVARD THOMAS),42.70189,2.8955,16,2,1
202100017256,170Â 805,A01,1,1,1,5,2,6,9,0,0,-1,2021,54.0,1,1,0,0,7,1,1,,3,31,0,D,2,2,0,2,31,800,3,, -1,1,0,1,80,24,9,2021,12:05,1,43,43192,1,9,0,7,Le Nouveau Monde,44.835863,3.750364,12,1,1