Num_Acc,id_vehicule,num_veh,place,catu,sexe,trajet,secu1,secu2,secu3,locp,actp,etatp,year_acc,victim_age,senc,catv,obs,obsm,choc,manv,motor,occutc,catr,voie,v1,v2,circ,nbv,vosp,prof,pr,pr1,plan,lartpc,larrout,surf,infra,situ,vma,jour,mois,an,hrmn,lum,dep,com,agg_,int,atm,col,adr,lat,long,hour,nb_victim,nb_vehicules
202100025014,156Â 939,A01,1,1,1,4,1,0,-1,0,0,-1,2021,28.0,2,2,4,0,3,13,1,,4,ECHANGEUR ISSY,0,,1,4,0,1,9,500,1,, -1,1,0,1,70,8,8,2021,06:25,1,75,75115,2,1,0,6,ECHANGEUR ISSY,48.834973,2.273399,6,1,1
202100046479,118Â 705,A01,1,1,1,0,1,8,-1,-1, -1,-1,2021,32.0,1,5,4,2,6,11,1,,1,A12 W,0,,3,4,0,1,4,199,1,, -1,1,0,1,110,26,3,2021,18:05,1,78,78545,1,1,0,2,A12 W,48.81591,2.062247,18,2,2
202100037153,135Â 273,B01,1,1,1,5,2,8,-1,-1, -1,-1,2021,36.0,2,1,0,2,1,21,1,,1,A4,0,,3,9,0,1,7,0,1,, -1,1,0,1,90,1,6,2021,18:20,1,94,94042,1,1,0,6,A4,48.8283679668,2.4755835633,18,3,2
202100019825,166Â 199,C01,1,1,1,5,1,4,-1,-1, -1,-1,2021,24.0,1,5,0,2,4,2,1,,1,A86.EXT,0,,1,2,0,1,29,600,3,, -1,2,0,1,90,9,9,2021,22:50,3,94,94033,1,1,0,4,A86.EXT,48.8565,2.4881,22,4,4
202100013217,178Â 113,A01,10,3,2,5,0,-1,-1,2,2,2,2021,2.0,3,2,0,1,2,26,1,,4,PIERRELAYE (RUE DE),0,,2,2,0,1,(1),(1),1,, -1,1,0,6,30,13,10,2021,16:25,1,95,95218,2,1,0,6,PIERRELAYE (RUE DE),49.022235,2.105249,16,2,1
202100015390,174Â 197,B01,1,1,1,5,0,-1,-1,0,0,-1,2021,42.0,1,1,0,2,4,1,5,,3,723,-1,,2,2,0,1,53,150,1,, -1,1,0,1,90,23,9,2021,17:50,1,49,49283,1,1,1,2,RD723,47.413496,-0.751748,17,2,2
202100023233,160Â 087,A01,1,1,1,5,2,6,-1,-1, -1,-1,2021,52.0,1,1,16,0,7,1,1,,2,ROUTE NATIONALE 230,0,,3,6,0,1,43,34,1,, -1,1,0,1,90,21,8,2021,11:30,1,33,33249,1,1,0,7,ROUTE NATIONALE 230,44.87401,-0.50695,11,1,1
202100020378,165Â 214,A01,1,1,1,5,2,-1,-1,0,0,-1,2021,73.0,2,1,0,0,6,16,1,,4,VC,0,,2,2,0,1,(1),(1),3,, -1,9,0,1,80,8,9,2021,16:50,1,71,71484,1,1,0,7,Route de Plaine Vesvre,46.69338,5.224997,16,1,1
202100014054,176Â 572,A01,1,1,1,5,2,-1,-1,0,0,-1,2021,39.0,3,1,0,2,8,1,5,,4,570,-1,B,2,2,0,2,(1),(1),3,, -1,1,0,1,80,10,10,2021,18:15,1,7,7160,1,1,0,1,,45.200894,4.507388,18,4,2
202100040976,128Â 375,A01,1,1,1,5,1,0,-1,-1, -1,-1,2021,42.0,1,2,0,2,5,15,1,,3,ROOSVELT (AVENUE FRANKLIN),0,,2,4,0,2,0,0,1,, -1,1,0,1,50,7,5,2021,12:55,1,92,92073,2,3,0,2,ROOSVELT (AVENUE FRANKLIN),48.8753286408,2.2193080187,12,3,2
202100004079,194Â 453,B01,1,1,1,2,2,0,-1,-1, -1,-1,2021,16.0,2,1,0,2,7,19,5,,3,VLADIMIR BOULEVARD DE,0,,2,2,1,1,30,889,1,, -1,2,6,8,70,6,12,2021,17:19,2,17,17415,1,6,0,3,VLADIMIR BOULEVARD DE,45.75764,-0.64485,17,2,2
202100000002,201Â 763,B01,1,1,1,0,1,-1,-1,0,0,-1,2021,28.0,0,2,0,2,1,9,0,,3,20,0,E,2,2,0,1,0,10,1,, -1,1,0,1,80,25,9,2021,14:20,1,51,51544,1,3,0,3,Aire de repos croisement D20E9 aprÃ¨s sortie D977,49.242129,4.554546,14,2,2
202100031973,144Â 595,A01,3,2,1,5,1,0,-1,-1, -1,-1,2021,19.0,2,2,0,2,1,26,1,,4,MADELEINE (QUAI DE LA MADELEINE),0,,2,2,0,1,(1),(1),1,, -1,1,0,1,50,27,6,2021,02:45,5,45,45234,2,1,0,1,66 Quai de la Madeleine,47.89797,1.8789,2,6,2
202100008126,187Â 202,B01,2,2,1,5,1,-1,-1,-1,0,-1,2021,48.0,2,2,0,2,4,12,1,,1,AUTOROUTE A1,0,,3,10,0,1,17,0,1,, -1,1,0,1,90,14,11,2021,22:00,3,95,95527,1,1,0,2,AUTOROUTE A1,48.993897,2.51502,22,3,2
202100041091,128Â 161,B01,1,1,1,5,2,8,-1,-1, -1,-1,2021,24.0,1,1,0,2,2,1,1,,4,LE PORT (ROGER BOULEVARD),0,,2,2,0,1,(1),(1),1,, -1,1,0,1,50,4,5,2021,18:40,1,56,56107,2,3,0,3,LE PORT (ROGER BOULEVARD),47.71885,-3.37418,18,2,2
202100012437,179Â 479,A01,1,1,1,5,1,8,-1,-1, -1,-1,2021,25.0,1,2,3,0,1,13,1,,4,ARAGO (RUE  DOMINIQUE ),0,,1,2,0,1,(1),(1),1,, -1,1,0,3,70,15,10,2021,21:40,5,56,56098,2,1,0,6,ARAGO (RUE  DOMINIQUE ),47.77889,-3.34374,21,1,1
202100002233,197Â 797,A01,10,3,1,0,0,-1,-1,3,3,1,2021,85.0,2,2,0,1,2,15,1,,4,BOUILIBAYE (CHE DE),0,,2,1,0,1,0,0,1,, -1,1,0,1,30,10,12,2021,11:55,1,83,83129,2,1,0,6,Rue de la Bouillibaye,43.0933040969,5.8330723643,11,2,1
202100046042,119Â 460,B01,1,1,1,5,2,6,9,0,0,-1,2021,30.0,2,1,0,2,1,17,1,,3,137,0,D,2,2,0,2,11,900,1,, -1,1,0,1,80,31,3,2021,14:05,1,60,60116,1,3,1,3,D137,49.3158418775,2.3662049934,14,2,2
202100026468,154Â 388,A01,1,1,1,0,2,-1,-1,-1, -1,-1,2021,71.0,2,1,0,2,0,0,1,,4,PIERRE 1ER (BD ),0,,3,4,3,1,(1),(1),1,, -1,1,0,1,50,29,7,2021,12:30,1,33,33063,2,3,0,3,Boulevard Pierre 1er,44.85872,-0.58953,12,2,2
202100032633,143Â 434,A01,10,3,1,5,0,-1,-1,3,3,1,2021,18.0,0,2,0,1,1,1,1,,4,VILLENEUVE (RUE),0,,2,2,0,1,(1),(1),1,, -1,1,0,1,50,23,6,2021,19:10,1,29,29019,2,3,0,6,Rue de la Villeneuve,48.41081,-4.4598,19,2,1
202100046203,119Â 181,A01,2,2,1,1,1,8,-1,-1, -1,-1,2021,48.0,1,2,0,2,1,13,1,,3,188 CHEVREUSE,0,,2,2,0,1,5,960,1,, -1,1,0,1,90,29,3,2021,07:09,2,91,91661,1,1,0,1,RD 188 CHEVREUSE,48.69651,2.2271,7,3,2
202100044938,121Â 404,A01,1,1,2,5,1,0,-1,-1, -1,-1,2021,26.0,3,2,1,0,2,13,1,,4,MARECHAL DE LATTRE DE TASSIGNY,0,,2,2,0,1,0,0,1,, -1,1,0,1,50,4,4,2021,17:05,1,58,58194,2,1,0,6,MARECHAL DE LATTRE DE TASSIGNY,46.99752,3.16298,17,1,1
202100052680,107Â 565,B01,10,3,2,0,0,-1,-1,3,3,1,2021,16.0,1,2,0,1,1,1,1,,4,QUIMPER (DE 1 A 103 ET 2 A 152),0,,-1,2,0,2,(1),(1),1,, -1,2,0,1,50,3,2,2021,08:10,2,29,29019,2,1,1,6,Rue de Quimper,48.401829,-4.458349,8,3,2
202100043994,123Â 040,B01,1,1,1,4,1,0,-1,-1, -1,-1,2021,48.0,2,2,0,2,4,2,1,,1,AUTOROUTE A104,0,,3,6,0,1,0,699,1,, -1,1,0,1,90,15,4,2021,19:10,1,93,93005,1,1,0,4,AUTOROUTE A104,48.97239,2.49473,19,3,3
202100047751,116Â 394,C01,1,1,2,1,1,0,0,0,0,-1,2021,36.0,1,2,0,2,4,1,1,,4,SIDI BRAHIM (AVENUE),0,,2,2,0,2,(1),(1),1,, -1,1,0,1,50,8,3,2021,08:20,1,6,6069,2,1,0,4,SIDI BRAHIM (AVENUE),43.65032,6.928867,8,3,3
202100020450,165Â 079,A01,1,1,1,5,2,6,-1,-1,0,-1,2021,39.0,1,1,0,2,3,15,1,,3,HUIT MAI 1945 (AVENUE DU),0,,2,2,0,1,3,900,1,, -1,1,0,1,30,29,5,2021,13:15,1,95,95680,2,1,0,3,HUIT MAI 1945 (AVENUE DU),49.005215,2.400318,13,2,2
202100000588,200Â 648,B01,4,2,2,0,1,0,-1,-1, -1,-1,2021,32.0,1,2,0,2,4,0,1,,3,7,0,,4,3,0,1,0,0,1,, -1,1,0,1,70,17,12,2021,16:25,2,92,92004,2,1,0,2,AULAGNIER ( QUAI ),48.9174931119,2.3199686408,16,4,2
202100032130,144Â 317,C01,1,1,1,9,2,6,-1,0,0,-1,2021,26.0,2,1,0,2,8,1,1,,4,BOULEVARD BARBES,0,,2,4,0,2,(1),(1),1,, -1,2,0,1,50,25,6,2021,23:52,5,75,75118,2,7,1,5,BOULEVARD BARBES,48.888792,2.349589,23,3,3
202100001904,198Â 393,A01,10,3,2,1,0,-1,-1,5,9,1,2021,39.0,2,1,0,1,0,25,3,,4,BOULEVARD DE MAGENTA,0,,2,4,0,1,(1),(1),1,, -1,1,0,4,30,21,12,2021,12:25,1,75,75110,2,1,0,6,BOULEVARD DE MAGENTA,48.879965,2.352815,12,2,1
202100047563,116Â 748,A01,1,1,1,9,1,-1,-1,0,0,-1,2021,63.0,1,2,0,2,1,1,1,,3,6014,0,,2,2,0,2,29,800,3,, -1,2,0,1,30,18,3,2021,13:40,1,27,27246,1,1,1,1,D6014,49.356034,1.359483,13,3,2
202100049575,113Â 142,A01,1,1,2,0,1,-1,-1,-1, -1,-1,2021,30.0,1,2,16,0,9,1,1,,1,AUTOROUTE A 62,0,,3,4,0,1,6,929,1,, -1,1,0,1,130,2,3,2021,08:50,1,33,33448,1,1,0,6,,44.715533,-0.518648,8,1,1
202100011843,180Â 549,A01,1,1,1,9,2,6,-1,0,0,-1,2021,41.0,1,1,0,2,8,17,1,,4,RUE D AVRON,0,,2,2,0,1,(1),(1),1,, -1,1,0,1,30,21,10,2021,10:50,1,75,75120,2,1,0,5,RUE D AVRON,48.852146,2.403015,10,3,3
202100038779,132Â 299,B01,1,1,2,5,2,0,-1,0,0,-1,2021,42.0,2,1,0,2,1,1,5,,4,RUE FAIDHERBE,0,,2,2,0,1,(1),(1),1,, -1,1,0,1,30,22,5,2021,11:40,1,75,75111,2,4,0,3,RUE FAIDHERBE,48.851182,2.384048,11,2,2
202100017921,169Â 585,A01,1,1,1,5,2,-1,-1,0,0,-1,2021,16.0,3,1,13,0,0,1,1,,4,,-1,,2,2,0,1,(1),(1),3,,4,1,0,3,80,21,8,2021,19:53,1,33,33320,1,1,0,7,Route du Camping,44.994047,-0.064266,19,1,1
202100020036,165Â 813,A01,1,1,1,0,2,0,-1,-1, -1,-1,2021,35.0,1,1,0,0,0,0,1,,4,LENORMAND (CHEMIN),0,,2,2,0,1,0,0,3,, -1,1,9,1,50,8,9,2021,06:20,2,974,97416,1,1,0,7,LENORMAND (CHEMIN),-21.27801,55.47141,6,1,1
202100027529,152Â 522,A01,1,1,1,0,2,0,-1,-1, -1,-1,2021,20.0,0,1,0,2,1,26,0,,4,ARBRISSEAU RUE DE L,0,,2,2,0,1,(1),(1),1,, -1,1,0,1,30,22,7,2021,17:30,1,59,59350,2,9,0,1,ARBRISSEAU RUE DE L,50.60623,3.04863,17,2,2
202100009254,185Â 167,A01,10,3,1,5,0,-1,-1,3,3,1,2021,39.0,0,2,0,1,1,1,1,,7,LIBERATION (AVENUE DE LA),0,,2,2,0,1,43,690,1,, -1,2,0,1,50,5,11,2021,07:45,2,35,35278,2,1,1,6,LIBERATION (AVENUE DE LA),48.14593,-1.65691,7,2,1
202100045490,120Â 424,A01,1,1,1,5,2,-1,-1,0,0,-1,2021,69.0,1,1,0,2,8,1,1,,3,60,-1,,2,2,0,1,23,600,4,, -1,1,0,1,80,3,4,2021,14:15,1,24,24317,1,1,0,4,D60,45.008074,1.347885,14,3,3
202100022773,160Â 892,A01,4,2,2,5,1,0,-1,-1, -1,-1,2021,55.0,1,2,0,2,4,1,1,,1,A86 INT,0,,3,6,0,1,31,399,1,, -1,1,1,1,90,24,8,2021,14:45,1,94,94052,1,1,0,2,A86 INT,48.83761,2.49392,14,4,2
202100006482,190Â 214,A01,1,1,1,0,2,6,-1,-1, -1,-1,2021,35.0,1,1,0,2,7,17,0,,4,PASTEUR (RUE),0,,2,2,0,1,1,0,1,, -1,1,0,1,50,24,11,2021,07:00,5,93,93049,2,5,0,3,PASTEUR (RUE),48.8582351164,2.501949534,7,2,2
202100055768,102Â 179,B01,1,1,1,1,8,-1,-1,-1, -1,-1,2021,27.0,1,1,0,0,6,2,5,,4,ROGER SALENGRO     (Avenue),0,,3,2,0,1,(1),(1),1,, -1,1,0,1,50,8,1,2021,21:25,5,69,69266,2,1,0,2,ROGER SALENGRO  (AV),45.7775806213,4.8779848633,21,2,2
202100049685,112Â 928,A01,10,3,2,5,0,-1,-1,3,3,1,2021,47.0,1,5,0,1,3,15,1,,3,JEAN JAURES (AVE) 55 A 129,0,,2,4,3,1,(1),(1),1,, -1,1,0,1,50,1,3,2021,14:45,1,93,93001,2,3,0,6,JEAN JAURES (AVE) 55 A 129,48.9037341491,2.3921227455,14,2,1
202100039410,131Â 155,B01,1,1,1,5,2,8,-1,-1, -1,-1,2021,36.0,0,1,0,2,1,1,1,,4,UNIVERSITE CHICAGO (RUE DE),0,,2,2,0,1,(1),(1),1,, -1,2,0,1,30,17,5,2021,23:15,3,973,97302,2,1,1,3,UNIVERSITE CHICAGO (RUE DE),4.9349498405,-52.2986226357,23,3,2
202100004987,192Â 873,A01,1,1,1,9,1,-1,-1,0,0,-1,2021,30.0,1,2,6,0,3,1,1,,3,,-1,,2,1,0,1,32,500,2,,"3,5",2,0,8,50,4,12,2021,01:20,3,10,10216,2,1,1,6,Rue du General de Gaulle,48.668721,4.203746,1,1,1
202100004174,194Â 292,A01,1,1,2,5,2,-1,-1,0,0,-1,2021,16.0,1,1,0,2,1,17,1,,2,RT1,0,A,2,1,0,1,13,400,1,, -1,1,0,1,50,8,12,2021,17:10,1,987,98738,2,9,0,3,PK 13.400,-17.627172,-149.612176,17,6,2
202100017572,170Â 214,A01,1,1,1,0,2,6,-1,0,0,-1,2021,45.0,1,1,0,2,1,1,1,,2,30,-1,,2,2,0,1,31,800,3,, -1,1,0,1,80,18,9,2021,14:15,1,202,202199,1,1,0,2,Licciola (Restauration rapide),42.65331,9.03545,14,3,2
202100048661,114Â 773,B01,1,1,1,1,2,8,-1,-1, -1,-1,2021,38.0,3,1,0,2,1,1,0,,3,GRANDE RUE,0,,2,2,0,2,7,380,1,, -1,1,0,1,90,9,3,2021,17:45,1,77,77332,1,1,0,1,GRANDE RUE,48.99491,2.69977,17,2,2
202100048471,115Â 123,B01,1,1,1,4,1,-1,-1,0,0,-1,2021,53.0,1,2,0,2,3,1,1,,3,6113,0,D,2,2,0,1,6,100,3,, -1,1,0,1,80,12,3,2021,09:15,1,11,11255,1,1,0,3,D6113,43.18575228,2.92697437,9,2,2
202100014693,175Â 450,A01,1,1,1,5,8,-1,-1,0,0,-1,2021,19.0,2,2,6,0,1,1,1,,4,785,-1,,2,2,0,1,33,500,1,, -1,1,0,1,50,6,10,2021,21:55,4,29,29016,2,1,0,6,Rue de la Mairie,48.2997666168,-3.9552074387,21,1,1
202100025306,156Â 424,A01,1,1,2,0,1,7,-1,0,0,-1,2021,20.0,0,2,3,2,1,1,1,,2,RN 154,0,,-1,2,0,1,31,870,1,, -1,1,0,1,110,5,8,2021,16:00,1,27,27299,1,1,0,3,RN 154,49.052,1.17878,16,2,2
202100020068,165Â 754,A01,10,3,1,0,0,-1,-1,3,3,1,2021,15.0,1,2,1,1,0,15,1,,4,LYON (RTE DE),0,,2,2,0,1,0,0,1,, -1,1,0,1,50,8,9,2021,07:45,1,67,67218,2,3,1,6,LYON (RTE DE),48.53205,7.71739,7,2,1
202100023071,160Â 380,A01,1,1,1,0,2,0,-1,-1, -1,-1,2021,31.0,0,0,0,2,0,5,3,,4,SULLY (RUE),0,,2,2,0,1,0,0,1,, -1,1,0,1,50,25,7,2021,14:55,1,30,30189,2,3,0,3,SULLY (RUE),43.8435,4.369,14,2,2
202100016726,171Â 727,A01,1,1,1,5,2,-1,-1,0,0,-1,2021,15.0,1,1,0,2,1,1,1,,3,552,-1,D,2,2,0,2,6,0,3,, -1,1,0,1,80,26,9,2021,19:05,1,53,53218,1,1,0,1,D552,48.20409,-0.377215,19,2,2
202100037907,133Â 905,A01,9,2,1,2,1,-1,-1,0,0,-1,2021,2.0,2,2,8,2,7,15,1,,3,151,-1,,2,2,0,1,(1),(1),1,, -1,1,0,1,80,28,5,2021,16:45,1,14,14520,1,3,0,3,D151,49.156148,0.145016,16,5,2
202100053694,105Â 756,A01,1,1,2,1,1,0,-1,-1, -1,-1,2021,32.0,2,2,0,9,1,1,1,,1,AUTOROUTE A1,0,,3,6,0,2,3,0,2,, -1,1,2,1,70,25,1,2021,06:40,5,93,93066,1,1,0,6,AUTOROUTE A1,48.92799,2.35749,6,1,1
202100050153,112Â 074,A01,1,1,1,5,2,6,-1,-1, -1,-1,2021,50.0,3,1,0,2,1,17,1,,3,ROUTE ROYALE,0,,2,2,0,2,1,0,1,, -1,1,0,1,30,25,2,2021,18:20,5,202,202033,2,9,0,3,ROUTE ROYALE,42.67707,9.43472,18,2,2
202100034206,140Â 606,B01,1,1,2,3,2,0,-1,-1, -1,-1,2021,86.0,2,1,0,2,7,1,5,,4,,0,,2,2,0,1,0,0,1,, -1,1,0,5,50,24,3,2021,11:20,1,85,85194,2,2,0,3,VENDEE GLOBE (BOULEVARD DU),46.49971,-1.75692,11,2,2
202100008389,186Â 735,A01,1,1,1,0,2,-1,-1,0,0,-1,2021,28.0,0,1,11,0,9,0,1,,2,1,-1,C,3,2,1,1,(1),(1),1,,5,1,2,5,70,12,11,2021,21:50,3,974,97414,1,1,0,6,N1c,-21.289138,55.411364,21,1,1
202100023697,159Â 259,B01,1,1,1,0,2,0,-1,-1, -1,-1,2021,38.0,1,1,0,2,1,1,1,,3,SAINT PEE (VIEILLE ROUTE DE),0,,2,2,0,2,2,900,3,, -1,1,0,1,50,17,8,2021,13:15,1,64,64483,1,1,0,1,SAINT PEE (VIEILLE ROUTE DE),43.39105,-1.62897,13,2,2
202100046120,119Â 326,A01,1,1,1,2,1,0,-1,-1, -1,-1,2021,19.0,2,2,1,2,1,2,1,,4,PONT ROUGE (BOULEVARD DU),0,,2,2,0,1,(1),(1),1,, -1,1,0,1,30,29,3,2021,07:25,2,15,15014,2,1,0,2,Boulevard du Pont Rouge,44.92848,2.44876,7,2,2
202100009384,184Â 925,A01,1,1,1,5,1,0,-1,-1, -1,-1,2021,23.0,1,2,2,0,1,0,1,,2,RN 104,0,,3,2,0,1,55,500,1,, -1,2,0,3,110,5,11,2021,05:15,3,91,91363,1,1,0,6,RN 104,48.64022,2.20076,5,1,1
202100002443,197Â 405,B01,1,1,1,1,2,0,-1,-1, -1,-1,2021,18.0,1,1,0,2,3,1,1,,3,GENERAL LECLERC (RUE DU),0,,2,3,0,1,2,900,1,, -1,1,0,1,50,16,12,2021,07:59,2,10,10362,1,3,0,3,GENERAL LECLERC (RUE DU),48.29196,4.03859,7,2,2
202100016982,171Â 265,B01,1,1,1,5,1,0,-1,-1, -1,-1,2021,51.0,1,2,0,2,1,1,1,,4,Corniche John FitzgÃ©rald Kennedy,0,,2,3,0,1,0,0,3,, -1,1,0,1,50,23,9,2021,23:43,5,13,13207,2,1,0,1,Corniche John FitzgÃ©rald Kennedy,43.271,5.362,23,4,2
202100036958,135Â 638,A01,1,1,1,5,8,0,-1,-1,0,-1,2021,34.0,1,2,0,2,3,15,1,,3,ARSONVAL (RUE D'),0,,2,4,3,2,1,100,1,, -1,1,3,6,50,1,6,2021,15:05,1,95,95277,2,1,0,3,ARSONVAL (RUE D'),48.98823,2.45895,15,2,2
202100006731,189Â 752,B01,1,1,2,0,1,0,-1,-1, -1,-1,2021,30.0,1,2,12,2,1,1,1,,4,ALEXANDRE FOURNY (R),0,,2,2,0,2,1,0,1,, -1,1,0,1,30,22,11,2021,15:00,1,94,94017,2,2,0,3,Rue Alexandre Fourny,48.81925,2.51474,15,2,2
202100035233,138Â 726,B01,1,1,1,9,2,8,-1,-1, -1,-1,2021,19.0,3,1,0,2,0,13,1,,4,GIBAUDERIE (RUE DE LA),0,,2,2,0,1,(1),(1),2,, -1,1,0,1,90,9,6,2021,12:15,1,86,86194,2,1,1,1,Rue de la Gibauderie,46.54873,0.39116,12,2,2
202100030075,148Â 028,B01,1,1,1,1,2,6,-1,0,0,-1,2021,18.0,3,1,0,2,1,1,1,,4,,-1,,2,2,0,1,(1),(1),1,,4,1,0,1,80,8,7,2021,08:55,1,35,35099,1,2,0,3,Les GrÃ©es,48.082623,-1.532013,8,2,2
202100035654,137Â 982,A01,1,1,1,0,2,6,-1,-1, -1,-1,2021,26.0,2,1,0,2,1,2,1,,1,AUTOROUTE A6,0,,1,6,0,2,16,110,1,, -1,1,0,1,110,8,6,2021,22:10,3,91,91216,1,1,0,2,AUTOROUTE A6,48.68306,2.32878,22,2,2
202100026668,154Â 040,A01,2,2,2,5,1,-1,-1,-1, -1,-1,2021,30.0,1,2,0,2,4,1,1,,3,LOUIS LE GUENNEC,0,,3,4,0,1,0,200,3,, -1,1,0,1,50,28,7,2021,10:35,1,29,29232,1,1,0,2,Boulevard Louis le Guennec,47.98729,-4.10994,10,3,2
202100036594,136Â 293,B01,1,1,2,5,2,0,-1,-1, -1,-1,2021,4.0,1,1,0,9,1,25,5,,4,FRANCE (AVENUE)(SECTEUR 310),0,,-1,0,0,1,0,0,1,, -1,1,0,4,25,1,6,2021,18:25,1,74,74010,2,9,0,6,FRANCE (AVENUE)(SECTEUR 310),45.9172,6.1328,18,2,2
202100008050,187Â 342,B01,1,1,1,9,8,0,-1,0,0,-1,2021,34.0,2,1,0,2,1,1,5,,4,AVENUE DU MAINE,0,,1,1,0,1,(1),(1),1,, -1,1,0,1,30,22,10,2021,08:40,1,75,75114,2,4,0,3,AVENUE DU MAINE,48.840158,2.321885,8,2,2
202100023040,160Â 438,B01,1,1,1,1,8,0,-1,-1, -1,-1,2021,28.0,0,1,0,2,1,1,3,,4,LAMBLARDIE (QUAI),0,,2,2,0,1,0,0,1,, -1,1,0,1,50,28,7,2021,05:55,2,76,76351,1,2,0,3,LAMBLARDIE (QUAI),49.48955,0.11652,5,2,2
202100003393,195Â 696,A01,1,1,1,0,2,8,-1,-1, -1,-1,2021,63.0,1,1,0,2,3,13,1,,2,ROUTE NATIONALE 1,0,,1,2,0,1,9,0,1,, -1,1,5,8,90,11,12,2021,09:55,1,972,97213,1,1,0,3,ROUTE NATIONALE 1,14.634039,-60.977634,9,2,2
202100017713,169Â 962,A01,1,1,2,0,1,-1,-1,0,0,-1,2021,84.0,0,2,6,0,1,0,1,,4,,-1,,2,2,0,2,(1),(1),2,,4,1,0,3,50,22,9,2021,10:10,1,83,83036,2,1,0,6,Avenue claude debussy,43.172659,6.516743,10,1,1
202100037925,133Â 878,B01,1,1,1,5,2,-1,-1,0,0,-1,2021,57.0,1,1,0,9,1,1,5,,3,D142,0,A,2,2,0,1,0,0,1,, -1,1,0,1,50,29,5,2021,09:30,1,84,84138,2,3,0,6,Route de Baume-de-transit,44.371907,4.96618,9,3,3
202100001069,199Â 851,A01,10,3,2,9,0,8,-1,3,3,2,2021,28.0,2,2,0,1,5,19,1,,4,CHAMPEVAL(AVE JEAN-BAPTISTE),0,,2,2,0,1,1,0,1,, -1,2,0,1,30,28,12,2021,09:45,1,94,94028,2,1,1,6,Avenue Jean-Baptiste Champeval,48.79509,2.45606,9,3,1
202100003522,195Â 449,B01,1,1,1,0,2,0,-1,0,0,-1,2021,26.0,1,1,0,2,4,23,1,,2,BONAPARTE CHARLES  BD,0,,1,3,0,1,(1),(1),1,, -1,1,4,1,50,5,7,2021,13:35,1,201,201004,2,1,0,2,BONAPARTE CHARLES  BD,41.93387,8.74994,13,2,2
202100002503,197Â 300,A01,1,1,1,5,2,6,-1,0,0,-1,2021,35.0,2,1,0,2,1,1,1,,2,31,-1,,2,2,0,1,49,800,1,, -1,1,0,1,50,18,12,2021,16:15,1,76,76260,2,1,1,2,51 ROUTE DE BEAUVAIS,49.475187,1.743972,16,2,2
202100023676,159Â 297,A01,1,1,1,0,1,5,-1,-1, -1,-1,2021,62.0,2,2,2,2,1,21,1,,2,ROUTE NATIONALE 1,0,,2,4,0,1,0,100,1,, -1,1,0,1,70,17,8,2021,14:15,1,972,97213,1,6,0,2,ROUTE NATIONALE 1,14.6255,-60.97912,14,2,2
202100002534,197Â 251,A01,1,1,2,1,1,-1,-1,0,0,-1,2021,26.0,2,2,0,2,1,11,1,,3,9,0,D,2,2,0,4,8,500,3,, -1,2,0,1,-1,19,12,2021,15:34,1,74,74128,1,1,0,1,D9,46.152917,6.340506,15,5,2
202100010844,182Â 342,A01,10,3,1,2,0,-1,-1,3,3,1,2021,9.0,3,2,0,1,1,26,1,,4,CARPAYE(AVENUE),0,,2,2,0,1,0,0,1,, -1,1,9,1,50,25,10,2021,16:30,1,974,97407,2,9,0,1,CARPAYE(AVENUE),-20.94565,55.29838,16,2,1
202100050933,110Â 634,B01,1,1,1,9,8,0,-1,0,0,-1,2021,49.0,2,1,0,2,0,1,5,,4,RUE DU CHEVALERET,0,,1,1,0,1,(1),(1),1,, -1,1,0,1,30,19,2,2021,19:05,5,75,75113,2,1,0,3,RUE DU CHEVALERET,48.829352,2.375906,19,2,2
202100011938,180Â 387,A01,1,1,2,0,1,0,-1,-1, -1,-1,2021,47.0,1,2,0,2,4,24,1,,1,A7-Sens Lyon vers Marseille,0,,1,3,0,1,273,0,1,, -1,2,0,1,90,21,10,2021,09:10,1,13,13215,1,1,1,2,A7-Sens Lyon vers Marseille,43.3771,5.3582,9,2,2
202100039801,130Â 437,B01,2,2,1,5,8,-1,-1,-1, -1,-1,2021,41.0,1,2,0,2,3,1,1,,4,MONTESQUIEU                         (R ),0,,-1,1,0,1,(1),(1),1,, -1,2,0,1,50,15,5,2021,14:30,1,69,69387,2,2,1,3,CREUZET (R),45.75052,4.84626,14,3,2
202100056179,101Â 471,A01,1,1,2,9,2,6,-1,0,0,-1,2021,22.0,1,1,0,2,8,7,3,,4,RUE RIQUET,0,,1,1,3,1,(1),(1),1,, -1,2,-1,6,50,5,1,2021,09:50,1,75,75119,2,2,1,6,RUE RIQUET,48.888385,2.37412,9,2,2
202100029358,149Â 294,A01,1,1,1,5,2,6,9,0,0,-1,2021,43.0,2,1,0,2,1,1,1,,3,678,0,,2,2,0,1,11,90,1,, -1,1,0,1,80,13,7,2021,14:30,1,71,71002,1,2,0,3,Route de chalon,46.7503930033,5.0371673571,14,3,2
202100037871,133Â 968,B01,1,1,2,0,2,0,-1,-1, -1,-1,2021,40.0,2,1,0,2,6,18,1,,2,13,0,,3,6,0,1,0,0,1,, -1,1,6,1,50,27,5,2021,14:40,1,92,92051,2,1,0,3,"CHARLES DE GAULLE (AVENUE, NÂ°27 A 129)",48.88189,2.26872,14,2,2