Num_Acc,id_vehicule,num_veh,place,catu,sexe,trajet,secu1,secu2,secu3,locp,actp,etatp,year_acc,victim_age,senc,catv,obs,obsm,choc,manv,motor,occutc,catr,voie,v1,v2,circ,nbv,vosp,prof,pr,pr1,plan,lartpc,larrout,surf,infra,situ,vma,jour,mois,an,hrmn,lum,dep,com,agg_,int,atm,col,adr,lat,long,hour,nb_victim,nb_vehicules
202100010383,183Â 150,A01,1,1,2,9,2,6,-1,-1, -1,-1,2021,55.0,2,1,0,0,8,26,1,,4,CAMILLE DESMOULINS,0,,4,2,0,1,0,0,1,, -1,2,9,1,20,29,10,2021,12:45,1,92,92040,2,1,1,7,Rue Camille Desmoulins,48.8298062073,2.2647634149,12,1,1
202100043131,124Â 578,A01,10,3,1,5,0,-1,-1,3,3,1,2021,11.0,1,2,0,1,1,1,1,,7,ST CYR (DE)                         (R ),0,,2,2,0,1,2,800,1,, -1,1,0,1,50,21,4,2021,16:50,1,69,69389,2,3,0,6,SAINT-CYR (DE) (R),45.80102,4.82004,16,2,1
202100037194,135Â 198,A01,1,1,1,5,2,8,-1,-1, -1,-1,2021,45.0,2,1,4,2,1,1,1,,3,SEGRAIS (BOULEVARD DU),0,,2,2,0,1,10,385,1,, -1,1,5,1,50,1,5,2021,12:15,1,77,77258,2,6,0,6,SEGRAIS (BOULEVARD DU),48.833668,2.634755,12,2,2
202100041921,126Â 687,A01,1,1,1,0,1,0,-1,0,0,-1,2021,20.0,1,2,0,2,2,1,1,,3,RAYBAUD (AVENUE FELIX)  - D609-,0,,1,1,0,2,4,288,2,, -1,1,0,1,30,30,4,2021,19:55,2,6,6069,2,6,0,3,RAYBAUD (AVENUE FELIX)  - D609-,43.640756,6.911627,19,2,2
202100015940,173Â 172,B01,1,1,1,9,1,0,-1,0,0,-1,2021,54.0,2,2,0,2,4,23,1,,4,BOULEVARD SAINT GERMAIN,0,,1,3,3,1,(1),(1),1,, -1,1,0,1,50,30,9,2021,11:15,1,75,75106,2,3,0,2,BOULEVARD SAINT GERMAIN,48.854192,2.331617,11,2,2
202100018653,168Â 297,A01,1,1,1,4,1,-1,-1,0,0,-1,2021,44.0,1,2,0,2,7,1,1,,3,311,0,,2,2,0,1,(1),(1),3,, -1,1,0,1,80,16,9,2021,17:45,1,14,14726,1,1,0,3,Route du Brieu,48.880091,-0.824549,17,2,2
202100011792,180Â 636,B01,1,1,2,0,8,0,-1,-1, -1,-1,2021,20.0,2,1,0,2,2,19,5,,4,DANUBE (PONT DU),0,,2,4,0,3,0,0,1,, -1,1,2,1,50,20,10,2021,15:35,1,67,67482,2,1,0,3,DANUBE (PONT DU),48.57376,7.77108,15,2,2
202100000709,200Â 447,A01,1,1,2,5,1,-1,-1,0,0,-1,2021,72.0,1,2,2,0,2,1,1,,3,65,0,,2,2,0,2,41,25,2,, -1,9,0,3,80,31,12,2021,22:45,3,63,63334,1,1,0,6,D65,45.682157,3.492998,22,1,1
202100004194,194Â 259,C01,1,1,1,1,1,0,-1,-1, -1,-1,2021,22.0,3,2,0,2,1,1,1,,7,Autoroute A.351,0,,1,1,0,2,0,1,2,, -1,1,0,1,50,6,12,2021,17:45,3,67,67482,1,1,0,4,M351,48.58744,7.71086,17,3,3
202100024030,158Â 693,B01,3,2,2,5,1,0,-1,0,0,-1,2021,44.0,1,2,0,2,4,2,1,,4,QUAI BRANLY,0,,2,5,0,1,(1),(1),1,, -1,1,0,1,50,14,8,2021,20:45,1,75,75107,2,1,0,4,QUAI JACQUES CHIRAC,48.859872,2.294449,20,5,3
202100013963,176Â 742,B01,1,1,1,5,2,6,-1,0,0,-1,2021,49.0,1,1,0,2,4,23,1,,3,943,-1,,2,2,0,1,54,450,1,, -1,1,0,1,70,11,10,2021,13:50,1,62,62014,2,1,0,6,Route Departementale 943,50.653429,2.394676,13,3,3
202100051559,109Â 534,B01,1,1,1,0,2,6,-1,-1, -1,-1,2021,34.0,2,1,0,9,0,2,1,,1,AUTOROUTE A 10,0,,3,8,0,1,542,610,1,, -1,1,0,1,110,14,2,2021,20:15,5,33,33249,1,1,0,6,Autoroute A10,44.88768,-0.50538,20,2,2
202100041412,127Â 578,B01,1,1,1,1,2,6,-1,0,0,-1,2021,30.0,3,1,0,2,1,1,1,,4,PLACE CHARLES DE GAULLE,0,,1,6,0,1,(1),(1),1,, -1,1,0,1,50,4,5,2021,14:25,1,75,75108,2,7,0,3,PLACE CHARLES DE GAULLE,48.873827,2.295921,14,2,2
202100042542,125Â 584,B01,1,1,2,4,1,-1,-1,0,0,-1,2021,55.0,0,2,0,0,8,24,1,,6,,-1,,-1,-1,3,1,(1),(1),1,, -1,1,9,6,-1,26,4,2021,18:25,1,53,53062,2,1,0,3,16 Boulevard Robert Buron,47.819283,-0.714661,18,2,2
202100021994,162Â 321,B01,1,1,1,5,2,6,-1,0,0,-1,2021,65.0,2,1,0,2,1,1,1,,2,20,0,,2,2,0,2,87,390,4,, -1,1,2,1,-1,28,8,2021,11:15,1,9,9189,1,1,0,1,PONT DE L'HARENG,42.663614,1.83476,11,2,2
202100054950,103Â 589,A01,10,3,2,5,0,-1,-1,9,B,1,2021,60.0,0,1,0,0,0,0,1,,9,,-1,,2,2,0,1,(1),(1),1,, -1,1,0,1,50,14,1,2021,18:15,2,974,97415,2,1,0,1,Rue des Cardinaux,-21.026428,55.265106,18,2,1
202100033661,141Â 594,A01,10,3,1,0,8,8,-1,3,3,1,2021,78.0,3,2,0,1,0,0,1,,4,LORRAINE,0,,2,2,0,1,0,0,1,, -1,1,0,1,50,14,6,2021,10:00,1,93,93066,2,9,1,6,Rue de Lorraine,48.925309,2.368451,10,2,1
202100033349,142Â 156,B01,2,2,1,5,1,-1,-1,-1, -1,-1,2021,24.0,2,2,0,2,5,2,1,,4,CRS DE LA LIBERATION,0,,3,6,1,1,(1),(1),1,, -1,1,5,1,50,14,6,2021,20:20,1,33,33522,2,2,0,2,Cours de la LibÃ©ration,44.79268,-0.60512,20,3,2
202100020773,164Â 508,B01,1,1,1,5,2,6,-1,0,0,-1,2021,22.0,1,1,0,2,1,1,1,,3,57D,0,D,2,2,0,1,2,115,1,, -1,1,0,1,50,3,9,2021,18:45,1,70,70245,2,1,0,3,11 Rue du Bas de Laval,47.886157,6.403841,18,2,2
202100054389,104Â 545,A01,1,1,1,4,1,-1,-1,0,0,-1,2021,30.0,3,2,10,0,1,1,1,,4,,-1,,2,2,0,1,(1),(1),1,, -1,1,0,3,50,20,1,2021,16:05,1,60,60508,2,2,0,6,Rue de l'Haillerie,49.301729,2.64196,16,2,1
202100023339,159Â 894,A01,1,1,1,0,8,-1,-1,0,0,-1,2021,24.0,2,2,0,2,1,13,1,,2,10,0,,2,2,0,1,131,950,1,,7,1,0,1,70,21,8,2021,06:40,1,202,202242,1,1,0,1,RT 10,42.400793,9.533438,6,4,2
202100038380,133Â 034,A01,10,3,2,2,0,-1,-1,4,3,1,2021,16.0,-1,2,0,1,8,1,2,,2,AUTOMOBILE (AVENUE DE L'),0,,2,2,0,1,54,400,1,, -1,1,0,1,50,21,5,2021,09:30,1,24,24557,2,1,0,6,AUTOMOBILE (AVENUE DE L'),45.19586,0.78289,9,2,1
202100044351,122Â 395,B01,1,1,1,0,1,8,-1,-1, -1,-1,2021,23.0,1,2,4,2,1,1,1,,2,RN2 DIRECTION ST BENT SORTIE PETIT BAZAR,0,,-1,2,0,1,(1),(1),1,, -1,1,0,1,90,11,4,2021,19:35,5,974,97409,1,1,0,1,RN2 DIRECTION ST BENT SORTIE PETIT BAZAR,-20.94389,55.64949,19,3,2
202100054378,104Â 563,B01,4,2,2,2,8,0,-1,-1, -1,-1,2021,28.0,1,2,0,2,4,2,1,,3,VIC. HUGO(RUE)091A113 ET 112A146,0,,2,2,3,1,0,0,1,, -1,2,0,1,50,20,1,2021,18:40,5,92,92044,2,1,0,4,VIC. HUGO(RUE)091A113 ET 112A146,48.89793,2.29464,18,5,3
202100054961,103Â 571,B01,1,1,2,9,1,-1,-1,0,0,-1,2021,21.0,1,2,0,2,2,1,1,,3,122,0,D,2,2,0,1,3,450,2,, -1,5,0,1,80,15,1,2021,12:55,1,25,25033,1,1,1,1,D122,47.401196,6.824484,12,2,2
202100052374,108Â 095,B01,1,1,1,9,2,0,-1,-1, -1,-1,2021,30.0,1,1,0,2,1,1,5,,4,BANK (BOULEVARD),0,,1,2,0,1,0,0,2,, -1,1,0,1,30,5,2,2021,14:15,1,974,97416,2,6,0,3,BANK (BOULEVARD),-21.33073,55.47481,14,5,2
202100037598,134Â 455,B01,2,2,2,0,2,0,-1,-1, -1,-1,2021,65.0,2,1,0,2,4,23,1,,4,BELGES (QUAI DES),0,,2,4,3,1,(1),(1),1,, -1,1,0,1,50,26,5,2021,10:30,1,13,13201,2,1,0,2,BELGES (QUAI DES),43.2947,5.37459,10,3,2
202100019576,166Â 641,A01,1,1,1,5,1,-1,-1,0,0,-1,2021,20.0,2,2,13,0,2,1,1,,3,84,0,D,2,2,0,1,7,60,1,, -1,1,0,3,80,12,9,2021,07:30,1,49,49092,1,1,0,7,RD 84 PK 07.600,47.207099,-0.636349,7,1,1
202100053797,105Â 590,A01,1,1,1,4,1,-1,-1,0,0,-1,2021,63.0,1,4,3,0,9,6,1,,3,207,0,,3,2,0,1,2,920,1,"0,8","5,6",1,2,8,30,26,1,2021,10:04,1,16,16132,1,1,0,7,,45.873517,0.812666,10,1,1
202100030866,146Â 587,B01,1,1,2,0,0,-1,-1,0,0,-1,2021,66.0,1,1,0,2,3,19,3,,3,ANATOLE FRANCE (AVENUE),0,,2,2,0,2,0,0,1,, -1,1,5,1,50,4,7,2021,18:48,1,93,93055,2,3,0,3,ANATOLE FRANCE (AVENUE),48.893152,2.424146,18,2,2
202100014885,175Â 107,B01,1,1,1,5,1,-1,-1,0,0,-1,2021,36.0,2,2,0,2,1,1,1,,3,998,-1,,2,2,0,2,20,700,1,, -1,2,0,1,90,6,10,2021,23:30,3,3,3108,1,1,0,1,RD 998,46.184198,2.951975,23,2,2
202100037883,133Â 948,A01,10,3,1,2,0,-1,-1,1,5,1,2021,15.0,2,2,0,1,2,1,1,,3,128,0,D,2,2,0,1,4,600,1,, -1,1,0,1,30,28,5,2021,12:15,1,38,38133,2,1,0,6,Route de Saint - Jean,45.352164,5.605634,12,2,1
202100005008,192Â 831,B01,1,1,1,9,2,6,-1,-1, -1,-1,2021,20.0,1,1,0,2,3,26,1,,1,86,0,,-1,3,0,1,8,199,1,, -1,2,0,1,90,2,12,2021,18:45,3,92,92036,1,1,1,3,A86,48.9362604392,2.2896237179,18,2,2
202100010011,183Â 807,A01,10,3,2,5,0,-1,-1,3,3,2,2021,16.0,1,2,0,1,1,1,1,,3,D.306,0,,3,2,2,1,9,251,1,, -1,2,0,1,50,30,10,2021,17:05,1,77,77495,2,1,1,6,D306,48.56121,2.633738,17,2,1
202100052509,107Â 862,A01,1,1,2,9,1,-1,-1,-1, -1,-1,2021,41.0,2,2,0,2,6,26,3,,7,383,0,,3,4,0,1,10,699,2,, -1,1,0,1,70,3,2,2021,09:20,1,69,69029,1,1,0,2,RD383,45.7242,4.89464,9,2,2
202100048373,115Â 290,B01,1,1,2,4,1,0,-1,-1, -1,-1,2021,32.0,2,2,0,2,4,1,1,,4,OUEST (BOULEVARD DE L'),0,,2,2,0,3,(1),(1),3,, -1,1,0,1,30,10,3,2021,10:40,1,972,97209,1,1,0,2,OUEST (BOULEVARD DE L'),14.6285,-61.072,10,2,2
202100003800,194Â 966,A01,10,3,2,2,0,-1,-1,3,3,1,2021,16.0,1,2,0,1,2,2,1,,7,m7,-1,,2,2,0,1,(1),(1),1,, -1,2,9,6,-1,10,12,2021,07:15,5,59,59250,2,1,1,6,Rue Pasteur,50.586375,2.888098,7,2,1
202100025937,155Â 322,A01,1,1,1,1,2,6,-1,0,0,-1,2021,25.0,1,1,0,2,1,17,1,,3,98,-1,,2,2,1,1,2,400,1,, -1,1,0,1,70,3,8,2021,18:45,1,83,83065,1,1,0,1,rd98,43.263949,6.618279,18,2,2
202100044410,122Â 300,B01,1,1,1,4,1,-1,-1,0,0,-1,2021,43.0,2,4,13,0,8,1,0,,1,39,0,,3,4,0,1,82,600,2,, -1,1,0,3,90,26,3,2021,16:07,1,39,39447,1,1,0,7,,46.740008,5.511103,16,1,1
202100054258,104Â 770,A01,10,3,2,1,0,-1,-1,3,3,1,2021,52.0,2,1,0,1,2,1,1,,4,"ROULE (AVENUE DU, NÂ° 29 A 91 ET 30 A 86)",0,,2,2,0,1,0,0,1,, -1,2,0,1,50,20,1,2021,18:40,5,92,92051,2,1,0,6,"ROULE (AVENUE DU, NÂ° 29 A 91 ET 30 A 86)",48.8820093691,2.2795933485,18,2,1
202100016772,171Â 635,A01,1,1,1,1,2,6,-1,-1, -1,-1,2021,34.0,2,1,0,2,1,1,1,,2,mamoudzou centre-Haladi Selemani ( rue ),0,,2,2,0,1,0,0,1,, -1,1,0,1,50,24,9,2021,07:10,1,976,97611,2,9,0,2,mamoudzou centre-Haladi Selemani ( rue ),-12.78421,45.22941,7,3,2
202100036199,136Â 983,B01,2,2,2,5,2,0,-1,-1, -1,-1,2021,46.0,2,1,0,2,1,3,1,,2,RN 104,0,,1,2,0,1,31,49,1,, -1,1,0,1,90,6,6,2021,12:19,1,91,91553,1,1,0,2,RN 104,48.63146,2.50045,12,3,2
202100021058,164Â 018,A01,2,2,2,5,1,0,-1,-1, -1,-1,2021,18.0,2,2,6,0,7,14,1,,3,UZES (ROUTE D'),0,,2,2,0,2,63,685,2,, -1,1,0,1,80,30,8,2021,08:50,1,30,30189,1,1,0,7,UZES (ROUTE D'),43.8819,4.379,8,2,1
202100029652,148Â 787,A01,1,1,1,0,1,-1,-1,0,0,-1,2021,35.0,1,2,4,0,3,11,1,,1,4,0,A,3,4,0,1,284,400,1,, -1,1,2,1,130,11,7,2021,06:10,2,54,54277,1,1,0,6,A4,49.1795573532,5.7831430437,6,1,1
202100049757,112Â 803,B01,1,1,1,5,1,-1,-1,0,0,-1,2021,69.0,1,2,0,2,4,15,1,,3,RD 783,0,,2,2,0,2,39,300,1,, -1,1,0,1,70,28,2,2021,10:00,1,29,29039,1,3,0,2,D783 - Lieu dit le Douric,47.9151847386,-3.9455853745,10,3,2
202100010719,182Â 567,B01,4,2,1,4,1,0,-1,-1, -1,-1,2021,27.0,2,2,0,2,7,17,1,,3,FRANCOIS MITTERAND ( AVENUE),0,,2,2,2,1,75,671,1,, -1,1,0,3,50,26,10,2021,15:12,1,31,31483,2,1,0,4,FRANCOIS MITTERAND ( AVENUE),43.11263,0.75362,15,7,3
202100027530,152Â 520,B01,1,1,1,0,1,0,-1,-1, -1,-1,2021,58.0,2,2,0,2,1,1,1,,3,BROTTES (RUE DE),0,,-1,2,0,1,0,0,1,, -1,1,0,1,50,20,7,2021,16:45,1,52,52121,2,1,0,1,BROTTES (RUE DE),48.08883,5.14248,16,2,2
202100014348,176Â 060,B01,1,1,1,9,8,0,-1,-1, -1,-1,2021,18.0,2,1,0,2,1,1,5,,4,CABRIT IMPASSE RUE JOSEPH,0,,1,1,0,1,(1),(1),1,, -1,1,0,1,50,7,10,2021,13:19,1,66,66136,2,3,0,3,CABRIT IMPASSE RUE JOSEPH,42.69891,2.88152,13,2,2
202100041023,128Â 290,B01,1,1,1,5,0,-1,-1,0,0,-1,2021,8.0,0,1,0,2,5,19,5,,3,,-1,,2,2,0,1,(1),(1),1,,4,1,9,1,50,7,5,2021,18:45,1,67,67529,2,3,0,3,rue de la gare,48.717811,7.797796,18,2,2
202100001615,198Â 912,Y01,1,1,1,5,2,6,-1,-1, -1,-1,2021,21.0,1,1,0,2,1,1,5,,4,RIJOLE AVENUE DE LA,0,,2,2,0,1,0,0,1,, -1,1,0,1,30,22,12,2021,15:55,1,9,9225,2,1,0,3,RIJOLE AVENUE DE LA,43.12139,1.62121,15,2,2
202100050586,111Â 265,B01,1,1,1,2,2,6,-1,-1, -1,-1,2021,18.0,1,1,0,2,1,1,1,,4,RAYMOND TEISSERE (RUE),0,,2,2,0,1,(1),(1),1,, -1,1,0,8,30,15,2,2021,17:00,1,13,13208,2,9,0,3,RAYMOND TEISSERE (RUE),43.2707842745,5.4004615545,17,2,2
202100034791,139Â 524,A01,1,1,1,9,2,0,-1,0,0,-1,2021,27.0,0,1,0,2,1,1,5,,4,RUE DE L UNIVERSITE,0,,2,4,1,1,(1),(1),1,, -1,1,0,5,50,12,6,2021,08:29,1,75,75107,2,2,0,3,RUE DE L UNIVERSITE,48.860965,2.314964,8,2,2
202100018265,168Â 970,A01,1,1,1,0,2,-1,-1,0,0,-1,2021,20.0,1,1,0,0,7,1,1,,2,1,-1,,3,2,0,2,(1),(1),1,,"10,5",2,0,3,110,18,9,2021,13:00,1,971,97118,1,1,1,7,RN1,16.213758,-61.600578,13,1,1
202100052432,107Â 992,A01,10,3,2,1,0,-1,-1,3,3,1,2021,29.0,1,2,0,1,1,1,1,,4,QUAI ERNEST RENAUD,0,,3,2,2,1,(1),(1),1,, -1,1,0,1,50,8,1,2021,16:10,1,44,44109,2,1,1,6,QUAI ERNEST RENAUD,47.2059,-1.57392,16,2,1
202100029101,149Â 733,B01,1,1,1,0,8,-1,-1,-1, -1,-1,2021,25.0,2,0,0,2,8,1,3,,4,ANATOLE FRANCE     (Rue),0,,1,2,2,1,(1),(1),1,, -1,1,0,5,50,12,7,2021,11:50,1,69,69266,2,1,0,3,ANATOLE FRANCE (R),45.7689946031,4.8840932697,11,2,2
202100042900,124Â 984,B01,1,1,1,0,2,0,-1,0,0,-1,2021,76.0,1,1,0,2,1,15,1,,4,MADELEINE (BD DE LA),0,,1,0,0,1,(1),(1),1,, -1,1,0,1,50,23,4,2021,12:17,1,6,6088,2,9,0,3,MADELEINE (BD DE LA),43.709931,7.228522,12,2,2
202100047498,116Â 859,A01,1,1,2,5,1,0,-1,-1, -1,-1,2021,22.0,3,2,0,0,0,14,1,,7,VIEILLE CARTE (ROUTE DE),0,,2,2,0,1,(1),(1),2,, -1,1,0,1,80,17,3,2021,12:55,1,37,37122,1,1,0,7,VIEILLE CARTE (ROUTE DE),47.3283291083,0.6412776347,12,1,1
202100046700,118Â 302,A01,1,1,2,0,1,-1,-1,0,0,-1,2021,33.0,2,2,0,2,1,2,1,,3,321,0,D,2,2,0,1,1,30,1,, -1,1,0,1,70,23,3,2021,07:30,1,54,54305,1,1,0,4,D321,48.7426717382,6.1853162744,7,3,3
202100000531,200Â 754,A01,10,3,1,1,-1,-1,-1,3,3,1,2021,54.0,1,2,0,1,1,1,1,,4,,-1,,2,2,0,1,(1),(1),1,, -1,1,0,1,50,25,2,2021,18:30,2,73,73065,2,1,0,6,Avenue Jean JaurÃ¨s,45.567054,5.914772,18,2,1
202100043309,124Â 248,A01,10,3,2,3,0,-1,-1,2,1,2,2021,71.0,1,2,0,1,3,1,1,,4,DE BUSSY (RUE CLAUDE),0,,2,2,0,1,0,0,1,, -1,2,0,1,30,16,4,2021,12:00,1,83,83126,2,1,1,6,DE BUSSY (RUE CLAUDE),43.08115,5.89376,12,2,1
202100035558,138Â 153,A01,1,1,1,9,2,0,-1,-1, -1,-1,2021,27.0,3,1,15,0,1,1,1,,3,REPUBLIQUE (AV DE LA),0,,2,2,0,1,0,0,1,, -1,1,0,1,50,9,6,2021,00:30,5,94,94046,2,1,0,6,REPUBLIQUE (AV DE LA),48.8063,2.44254,0,1,1
202100020603,164Â 801,A01,2,2,2,1,3,1,-1,0,0,-1,2021,10.0,1,2,0,1,4,1,1,,3,421,-1,,2,2,0,1,15,500,1,, -1,1,0,1,50,6,9,2021,18:05,1,67,67202,2,1,0,4,40 Rue du General Lebocq,48.757388,7.570658,18,5,3
202100001173,199Â 677,A01,10,3,1,5,0,-1,-1,2,3,1,2021,83.0,2,2,0,1,1,1,1,,4,POUDRIERE (RUE DE LA),0,,2,2,1,1,(1),(1),1,, -1,2,0,1,30,27,12,2021,20:22,5,68,68066,2,1,1,6,POUDRIERE (RUE DE LA),48.08544,7.33087,20,2,1
202100015514,173Â 962,B01,1,1,1,5,1,0,-1,-1, -1,-1,2021,54.0,3,2,0,2,4,2,1,,3,LYS(AVENUE DU)NÂ°9 A 413,0,,2,2,0,1,1,722,1,, -1,1,0,1,50,30,9,2021,07:10,2,77,77152,2,3,0,2,D372,48.521149,2.633105,7,2,2
202100050700,111Â 065,A01,1,1,1,5,1,-1,-1,0,0,-1,2021,48.0,1,5,9,0,1,14,1,,3,1,0,,-1,2,0,1,(1),(1),3,, -1,1,5,8,50,14,2,2021,18:00,5,988,98817,2,6,0,6,AVENUE DES DEUX BAIES,-22.226839,166.504927,18,3,1
202100050635,111Â 180,A01,1,1,1,5,8,-1,-1,0,0,-1,2021,22.0,3,2,8,0,6,1,1,,4,55,0,D,2,2,0,1,5,200,1,, -1,2,0,1,70,23,2,2021,04:00,3,13,13112,2,1,0,6,Chemin du Moulin Neuf,43.515638,5.246739,4,2,1
202100025108,156Â 773,A01,1,1,1,1,8,-1,-1,-1, -1,-1,2021,20.0,2,2,1,0,1,14,1,,3,LIMOGES (AVENUE DE) 86 A 446 et 75 A 439,0,,2,3,3,2,57,645,2,,"9,4",1,0,4,50,7,8,2021,06:15,2,79,79191,2,1,0,6,258 Avenue de Limoges,46.31662,-0.44279,6,1,1
202100032519,143Â 638,B01,1,1,2,9,2,0,-1,0,0,-1,2021,56.0,1,1,0,2,1,1,5,,4,AVENUE DE LA REPUBLIQUE,0,,2,4,1,2,(1),(1),1,, -1,1,0,5,30,23,6,2021,23:30,5,75,75111,2,2,0,3,AVENUE DE LA REPUBLIQUE,48.862965,2.387193,23,2,2
202100016620,171Â 926,B01,1,1,2,9,8,0,-1,0,0,-1,2021,23.0,3,1,0,2,1,2,5,,4,MORISSON SQUARE,0,,1,0,0,1,(1),(1),2,, -1,1,0,1,50,3,9,2021,14:10,1,59,59350,2,9,0,6,MORISSON SQUARE,50.63467,3.06108,14,2,2
202100010423,183Â 094,B01,1,1,1,1,2,-1,-1,0,0,-1,2021,65.0,1,1,0,2,7,19,1,,3,23,0,,2,2,0,1,4,400,1,, -1,1,0,1,80,29,10,2021,19:30,3,973,97309,1,1,0,3,RD 23,4.892423,-52.289665,19,2,2
202100029960,148Â 244,A01,10,3,1,0,0,-1,-1,2,3,1,2021,33.0,1,2,0,1,1,1,1,,4,Robert Jarry (Bd),0,,2,2,0,1,0,0,1,, -1,1,0,1,50,8,7,2021,12:02,1,72,72181,2,1,0,6,Robert Jarry (Bd),47.99638,0.19215,12,2,1
202100048713,114Â 685,A01,10,3,2,5,0,-1,-1,2,3,1,2021,58.0,2,2,1,1,3,17,1,,4,DOCTEUR SUREAU,0,,2,2,0,1,0,0,1,, -1,1,0,1,50,9,3,2021,07:45,2,93,93051,2,9,0,6,DOCTEUR SUREAU,48.8449330483,2.5494235755,7,2,1
202100044403,122Â 309,A01,2,2,2,5,1,-1,-1,0,0,-1,2021,19.0,2,2,2,0,2,1,1,,3,914,-1,,2,2,0,4,31,750,1,, -1,2,0,3,80,11,4,2021,15:10,1,54,54222,1,1,1,6,D914,48.5122263639,6.4957094194,15,2,1
202100013989,176Â 696,A01,2,2,1,5,8,0,-1,-1, -1,-1,2021,21.0,1,2,8,0,1,13,1,,4,PERAUDEL (RUE),0,,1,1,0,2,(1),(1),1,, -1,1,0,4,50,10,10,2021,03:15,5,81,81065,2,1,0,6,PERAUDEL (RUE),43.60771,2.24942,3,2,1
202100051966,108Â 819,A01,10,3,2,3,0,-1,-1,3,3,1,2021,64.0,1,2,0,1,1,1,1,,2,88,0,,2,2,0,1,1,634,1,, -1,1,0,1,50,11,2,2021,15:15,1,48,48080,2,1,1,6,19 Boulevard Charles de Gaulle,44.726385,3.855836,15,3,1
202100046310,119Â 000,A01,1,1,2,0,1,5,-1,0,0,-1,2021,69.0,3,2,0,2,2,19,1,,4,,0,,2,2,0,1,(1),(1),1,, -1,1,0,1,80,27,3,2021,15:15,1,38,38468,1,2,1,3,Rue de Gampaloud,45.330549,4.825898,15,2,2
202100009226,185Â 221,B01,1,1,1,0,1,0,-1,-1, -1,-1,2021,20.0,1,2,0,2,4,23,1,,3,ALENCON (RTE D'),0,,3,4,0,1,54,178,1,, -1,1,0,1,70,5,11,2021,17:10,2,72,72320,1,1,0,4,ALENCON (RTE D'),48.0521680279,0.1687896251,17,4,3
202100008338,186Â 823,A01,1,1,1,4,1,0,-1,-1, -1,-1,2021,51.0,2,4,4,0,1,0,1,,2,RN 104,0,,3,3,0,1,41,0,3,, -1,2,0,1,70,13,11,2021,08:40,1,91,91521,1,1,1,6,RN 104,48.63096,2.40027,8,2,1
202100027638,152Â 317,B01,1,1,1,5,2,-1,-1,0,0,-1,2021,57.0,2,1,0,2,2,17,1,,3,999,0,D,2,2,0,1,41,300,1,, -1,1,9,8,80,22,7,2021,08:30,1,30,30182,1,1,0,3,d999,43.860184,4.161973,8,2,2
202100033262,142Â 315,A01,2,2,1,5,1,-1,-1,0,0,-1,2021,45.0,2,2,13,0,1,1,1,,3,267,-1,,2,2,0,1,0,500,1,, -1,2,0,3,70,20,6,2021,11:55,1,53,53062,2,1,0,6,Avenue Saint Fort,47.809898,-0.708339,11,2,1
202100026811,153Â 798,B01,1,1,2,0,8,0,-1,-1, -1,-1,2021,30.0,3,1,0,2,1,1,5,,7,SANGNIER MARC AVENUE,0,,1,2,0,1,(1),(1),2,, -1,2,0,1,50,27,7,2021,17:15,1,59,59410,2,6,1,3,SANGNIER MARC AVENUE,50.64732,3.11139,17,2,2
202100037653,134Â 355,A01,1,1,1,5,2,6,-1,0,0,-1,2021,19.0,0,1,6,0,9,1,1,,3,175,0,D,2,2,0,1,92,500,1,, -1,1,0,1,50,29,5,2021,18:40,1,80,80815,2,1,0,6,Rue du MarÃ©chal Leclerc,50.317004,1.763037,18,1,1
202100014464,175Â 850,A01,1,1,1,5,2,6,-1,0,0,-1,2021,45.0,1,1,12,0,8,1,1,,7,24,-1,M,3,2,0,2,35,3167,1,, -1,1,0,1,50,8,10,2021,15:00,1,31,31157,2,1,0,6,Route de Portet,43.533644,1.36443,15,1,1
202100031389,145Â 644,B01,1,1,1,5,2,6,9,0,0,-1,2021,62.0,1,1,0,2,2,1,1,,3,17,-1,,-1,2,0,1,54,800,1,,"5,5",1,0,1,50,26,6,2021,19:20,2,71,71106,2,2,1,3,4bis Avenue du 8 Juin 1944,46.436899,4.268237,19,3,2
202100031128,146Â 102,B01,1,1,1,0,1,0,-1,-1, -1,-1,2021,43.0,1,2,0,2,2,1,1,,7,PAUL VALERY,0,,2,2,0,2,11,1422,1,, -1,1,0,1,50,2,7,2021,11:00,1,31,31149,2,3,0,3,PAUL VALERY,43.60248,1.34493,11,4,2
202100034711,139Â 678,B01,2,2,2,5,2,0,-1,-1, -1,-1,2021,52.0,1,1,0,2,1,1,1,,1,S10CM-Sens Marseille vers A.50 Aubagne,0,,3,2,0,1,0,500,1,, -1,1,3,1,50,13,6,2021,11:22,1,13,13210,1,1,0,2,S10CM-Sens Marseille vers A.50 Aubagne,43.28325,5.40049,11,3,2
202100038119,133Â 529,A01,10,3,1,2,0,-1,-1,3,3,3,2021,15.0,2,2,0,1,2,1,1,,3,651,0,D,2,2,0,1,5,430,1,, -1,1,0,1,50,26,5,2021,12:20,1,33,33238,2,1,0,6,57 Avenue de Bordeaux,44.741437,-0.597038,12,3,1
202100046751,118Â 206,A01,10,3,2,9,8,8,-1,4,3,1,2021,76.0,1,2,16,0,1,15,1,,7,REPUBLIQUE AV DE LA ( NÂ°501-825),0,,1,0,0,1,(1),(1),1,, -1,1,0,1,50,24,3,2021,15:05,1,59,59368,2,2,1,6,REPUBLIQUE AV DE LA ( NÂ°501-825),50.64919,3.07874,15,2,1