Num_Acc,id_vehicule,num_veh,place,catu,sexe,trajet,secu1,secu2,secu3,locp,actp,etatp,year_acc,victim_age,senc,catv,obs,obsm,choc,manv,motor,occutc,catr,voie,v1,v2,circ,nbv,vosp,prof,pr,pr1,plan,lartpc,larrout,surf,infra,situ,vma,jour,mois,an,hrmn,lum,dep,com,agg_,int,atm,col,adr,lat,long,hour,nb_victim,nb_vehicules
202100024888,157Â 170,B01,1,1,1,5,1,8,-1,-1, -1,-1,2021,23.0,0,2,0,2,8,1,1,,4,MORGIOU (chemin de ),0,,-1,2,0,1,1,0,2,, -1,1,0,1,50,9,8,2021,00:45,5,13,13209,2,1,0,3,MORGIOU (chemin de ),43.2457,5.4039,0,2,2
202100047233,117Â 334,A01,10,3,1,5,0,-1,-1,2,3,1,2021,7.0,1,2,0,1,0,1,1,,4,CLOT BEY (AVENUE),0,,2,2,0,1,(1),(1),1,, -1,1,0,1,50,20,3,2021,16:25,1,13,13208,2,3,0,6,CLOT BEY (AVENUE),43.262995,5.388442,16,2,1
202100039519,130Â 963,A01,1,1,1,5,2,-1,-1,0,0,-1,2021,39.0,1,1,0,2,7,17,1,,2,,-1,,2,2,0,1,(1),(1),1,, -1,1,0,1,-1,17,5,2021,06:00,1,971,97103,1,1,1,3,Route Nationale N2,16.258899,-61.613009,6,2,2
202100055512,102Â 618,A01,10,3,1,5,0,-1,-1,3,3,1,2021,31.0,2,2,0,1,1,1,1,,3,GAMBETTA SQUARE -IMPAIR-,0,,1,2,0,1,1,0,3,, -1,1,0,1,50,8,1,2021,15:06,1,11,11069,2,9,0,7,GAMBETTA SQUARE -IMPAIR-,43.21192,2.3557,15,3,1
202100030330,147Â 549,A01,1,1,2,0,1,0,-1,-1, -1,-1,2021,32.0,2,2,0,2,4,1,1,,4,PROFESSEUR RAYMOND GARCIN (RUE DU),0,,2,2,0,1,1,500,1,, -1,1,0,1,50,6,7,2021,08:05,1,972,97209,2,1,0,2,PROFESSEUR RAYMOND GARCIN (RUE DU),14.61611,-61.07846,8,2,2
202100027419,152Â 703,A01,10,3,2,4,0,-1,-1,1,3,3,2021,19.0,3,2,0,1,6,4,1,,4,,0,,2,2,0,2,0,0,1,,4,1,0,1,80,22,7,2021,14:05,1,81,81128,1,1,0,6,CrÃ©maussel,43.664946,2.391737,14,2,1
202100053587,105Â 936,A01,1,1,1,5,8,0,-1,-1, -1,-1,2021,29.0,1,1,0,2,3,26,5,,4,DESCARTES (RUE),0,,2,2,0,1,0,0,1,, -1,2,0,1,50,21,1,2021,17:15,3,57,57206,2,1,1,6,DESCARTES (RUE),49.3111621,6.1204634,17,2,2
202100043987,123Â 058,B01,1,1,2,1,1,-1,-1,0,0,-1,2021,28.0,1,2,0,2,1,1,1,,3,156,0,D,2,2,0,1,0,879,1,, -1,2,5,1,80,16,3,2021,08:35,2,76,76295,1,3,1,1,Route de Gournay,49.6345545414,1.6224776208,8,4,2
202100055043,103Â 426,A01,1,1,1,0,2,0,-1,-1, -1,-1,2021,23.0,1,1,0,1,9,1,1,,4,RUE DE KIEV,0,,2,2,0,1,(1),(1),1,, -1,1,0,1,50,12,1,2021,17:55,5,31,31555,2,1,0,6,RUE DE KIEV,43.57085,1.40599,17,2,1
202100054952,103Â 586,B01,1,1,2,5,1,-1,-1,0,0,-1,2021,38.0,2,2,0,2,2,1,1,,3,265,-1,,2,2,0,1,5,200,1,, -1,1,5,1,90,16,1,2021,11:40,1,49,49092,1,3,0,4,Petit Chene au Loup (Saint-Georges-des-Gardes),47.143409,-0.766656,11,6,3
202100053493,106Â 100,B01,1,1,2,1,8,0,-1,-1, -1,-1,2021,21.0,1,1,0,2,1,1,5,,3,AV CHARLES GIDE ,0,,2,2,1,1,1,0,1,, -1,2,0,5,50,27,1,2021,18:15,5,94,94043,2,1,1,3,CHARLES GIDE (AV),48.80556,2.34791,18,2,2
202100044959,121Â 370,A01,1,1,1,0,2,0,-1,-1, -1,-1,2021,33.0,3,1,8,0,0,1,1,,4,MARECHAL LECLERC (avenue du),0,,2,2,0,1,0,0,1,, -1,1,0,1,50,5,4,2021,18:55,1,13,13026,2,1,0,6,MARECHAL LECLERC (avenue du),43.38038,5.17647,18,1,1
202100022859,160Â 756,A01,1,1,2,5,1,-1,-1,0,0,-1,2021,33.0,1,2,0,0,3,15,1,,7,20,-1,,2,2,0,1,13,150,1,, -1,1,0,1,80,24,8,2021,13:45,1,13,13112,1,3,0,3,Route Departemental 20,43.518081,5.231713,13,2,2
202100054272,104Â 747,A01,10,3,1,0,0,-1,-1,3,3,2,2021,13.0,1,2,0,1,1,1,1,,3,908,-1,,2,2,0,1,(1),(1),1,, -1,2,0,1,50,22,1,2021,08:33,2,55,55198,2,1,1,7,4 Place ClÃ©menceau,49.096808,5.627339,8,3,1
202100010419,183Â 099,A01,2,2,2,5,0,-1,-1,0,0,-1,2021,25.0,2,5,6,0,2,1,1,,3,58,0,,2,2,0,1,16,354,1,, -1,1,0,3,50,30,10,2021,16:15,1,85,85024,2,1,0,6,32 Rue de la Gare,46.938079,-1.87193,16,3,1
202100054189,104Â 887,A01,10,3,2,5,0,-1,-1,2,3,1,2021,22.0,1,2,0,1,1,1,1,,4,LABUSSIERE (AVENUE EMILE),0,,2,2,0,2,(1),(1),1,, -1,1,0,1,50,19,1,2021,16:50,1,87,87085,2,1,0,6,LABUSSIERE (AVENUE EMILE),45.84447,1.24849,16,2,1
202100048129,115Â 713,A01,1,1,1,0,2,0,-1,-1, -1,-1,2021,21.0,2,1,0,2,1,2,0,,2,SAINT GERMAIN (AVENUE DE),0,,-1,2,0,1,20,220,1,, -1,1,0,1,50,13,3,2021,09:00,1,78,78502,2,1,0,2,SAINT GERMAIN (AVENUE DE),48.88114,2.10867,9,2,2
202100024923,157Â 112,A01,10,3,2,0,0,-1,-1,3,3,1,2021,57.0,3,2,0,1,3,1,1,,2,1002,-1,,2,2,0,2,(1),(1),1,, -1,1,5,1,70,10,8,2021,07:15,1,974,97412,1,6,0,1,RN 1002,-21.373652,55.615186,7,2,1
202100047282,117Â 246,A01,10,3,2,5,8,-1,-1,5,9,-1,2021,1.0,3,2,0,1,1,0,1,,4,,-1,,2,2,0,1,(1),(1),2,, -1,1,7,4,50,21,3,2021,10:15,1,74,74011,2,1,0,6,R des Cygnes,45.91019,6.144828,10,3,1
202100044825,121Â 592,B01,1,1,2,0,8,0,-1,-1, -1,-1,2021,30.0,2,1,0,2,4,1,1,,7,MAS D'ASTRE (ROND-POINT DU),0,,1,2,0,1,8,457,2,, -1,1,0,1,50,7,4,2021,19:23,1,34,34172,2,1,0,2,MAS D'ASTRE (ROND-POINT DU),43.57503,3.86022,19,2,2
202100032509,143Â 658,B01,1,1,1,9,2,6,-1,0,0,-1,2021,37.0,2,1,0,2,3,1,1,,4,BOULEVARD NEY,0,,3,2,0,1,(1),(1),1,, -1,1,0,1,50,23,6,2021,18:20,1,75,75118,2,2,0,3,BOULEVARD NEY,48.898007,2.344289,18,2,2
202100022804,160Â 844,A01,1,1,2,4,1,8,-1,-1, -1,-1,2021,21.0,1,2,0,2,1,13,1,,3,KERPAPE (ROUTE DE),0,,2,2,0,1,4,220,3,, -1,1,0,1,70,21,8,2021,11:36,1,56,56162,1,4,0,1,Route de Kerpape,47.71955,-3.40905,11,2,2
202100054913,103Â 654,A01,10,3,1,0,0,-1,-1,6,3,1,2021,66.0,1,2,0,1,1,9,1,,7,MERCANTOUR (BD),0,,1,4,0,2,0,0,1,, -1,1,0,1,50,15,1,2021,12:00,1,6,6088,1,9,0,6,MERCANTOUR (BD),43.7382,7.18424,12,2,1
202100046088,119Â 374,C01,1,1,1,9,2,0,-1,-1, -1,-1,2021,19.0,2,1,0,2,1,1,5,,4,Rue Sainte-Anne,0,,2,2,0,1,(1),(1),1,, -1,1,0,1,50,23,3,2021,19:00,1,56,56260,2,2,0,3,SAINTE-ANNE (ROUTE),47.66229,-2.77853,19,2,2
202100037845,134Â 012,A01,10,3,1,5,0,-1,-1,2,3,1,2021,12.0,2,1,0,1,2,26,1,,4,COLONEL FABIEN (AV DU),0,,2,2,0,1,1,0,1,, -1,1,0,1,30,27,5,2021,18:00,1,94,94081,2,1,0,6,Avenue du Colonel Fabien,48.7815,2.38189,18,2,1
202100039679,130Â 657,C01,2,2,2,5,1,8,-1,-1, -1,-1,2021,49.0,2,2,0,2,4,23,1,,1,A86 EXT,0,,3,3,0,1,42,599,1,, -1,1,0,1,90,17,5,2021,08:00,1,94,94022,1,1,0,4,A86 EXT,48.7755,2.41311,8,6,5
202100050007,112Â 358,A01,1,1,1,0,1,0,-1,-1, -1,-1,2021,55.0,1,2,0,0,1,1,1,,3,R D 900,0,,1,1,0,2,0,230,2,, -1,1,0,1,70,25,2,2021,06:43,2,66,66136,1,1,0,6,R D 900,42.74517,2.89273,6,1,1
202100024898,157Â 153,A01,10,3,2,1,0,-1,-1,4,3,2,2021,37.0,3,1,0,1,1,1,5,,4,BOULEVARD DE MENILMONTANT,0,,3,4,1,2,(1),(1),1,, -1,2,0,1,50,9,8,2021,08:55,1,75,75111,2,2,1,6,BOULEVARD DE MENILMONTANT,48.862931,2.387517,8,3,1
202100019894,166Â 072,A01,2,2,2,0,2,0,-1,0,0,-1,2021,18.0,2,1,8,1,1,12,1,,4,GAMBETTA (A PARTIR DU NÂ° 63-74),0,,2,4,0,1,(1),(1),1,, -1,1,0,1,50,9,9,2021,21:12,5,6,6088,2,1,0,6,GAMBETTA (A PARTIR DU NÂ° 63-74),43.701531,7.256148,21,3,1
202100028735,150Â 362,B01,1,1,1,5,2,-1,-1,0,0,-1,2021,71.0,1,1,0,0,4,1,1,,3,149,-1,,2,2,0,1,15,200,1,, -1,1,0,1,80,15,7,2021,15:15,1,44,44064,1,1,0,2,Le Chaintreau,47.105712,-1.282246,15,2,2
202100037987,133Â 761,A01,10,3,1,0,0,-1,-1,5,8,1,2021,16.0,1,3,0,1,0,26,3,1.0,4,ALTENHEIM (ROUTE D ),0,,2,2,0,1,0,0,1,, -1,2,9,3,30,25,5,2021,12:26,1,67,67482,2,1,1,7,ALTENHEIM (ROUTE D ),48.5367,7.77092,12,2,1
202100040245,129Â 662,A01,2,2,1,5,1,-1,-1,0,0,-1,2021,17.0,2,2,0,0,0,0,1,,3,8,-1,,2,2,0,2,9,100,3,, -1,2,0,8,80,13,5,2021,17:25,1,86,86233,1,1,1,7,D8,46.495934,0.626906,17,2,1
202100053135,106Â 763,B01,9,2,1,0,8,-1,-1,0,0,-1,2021,7.0,0,2,0,0,1,1,1,,3,313,0,D,2,2,0,1,5,500,1,, -1,2,5,1,80,31,1,2021,18:00,3,27,27072,1,2,1,1,D313,49.094072,1.550628,18,3,2
202100036894,135Â 752,A01,1,1,1,5,8,-1,-1,0,0,-1,2021,41.0,0,2,6,0,1,1,1,,3,30,-1,,2,2,0,1,(1),(1),2,, -1,1,0,3,80,2,6,2021,21:35,5,202,202318,1,1,0,6,Terra Rossa,42.432833,9.523317,21,1,1
202100004026,194Â 545,A01,1,1,1,1,2,0,-1,-1, -1,-1,2021,32.0,1,1,0,2,1,9,1,,3,Nations (Avenue),0,,2,2,0,1,1,26,1,, -1,1,6,1,50,7,11,2021,11:40,1,57,57757,2,1,0,6,Nations (Avenue),49.35745,6.18742,11,2,2
202100007541,188Â 266,A01,1,1,1,0,2,6,-1,-1, -1,-1,2021,43.0,1,1,0,2,2,3,1,,2,RN 118,0,,1,2,0,2,9,500,1,, -1,1,0,1,90,18,11,2021,09:40,1,91,91471,1,1,0,5,RN 118,48.7148,2.17429,9,3,3
202100029917,148Â 330,A01,8,2,1,5,1,-1,-1,0,0,-1,2021,21.0,2,2,13,0,2,1,1,,3,948,-1,,3,2,0,1,38,0,1,, -1,2,0,3,110,10,7,2021,07:15,1,85,85155,1,1,1,6,La MaÃ§onnerie,46.694606,-1.489701,7,3,1
202100004472,193Â 775,B01,1,1,1,1,1,-1,-1,-1, -1,-1,2021,40.0,2,2,0,2,4,11,1,,1,A50,0,,3,6,0,1,64,500,1,, -1,1,0,1,90,3,12,2021,17:40,2,83,83126,1,1,0,5,A50,43.12011,5.86521,17,3,3
202100036777,135Â 970,A01,10,3,2,2,0,-1,-1,3,3,1,2021,13.0,2,2,0,1,3,1,1,,3,MARIENTHAL (ROUTE DE),0,,3,2,0,2,0,0,1,, -1,1,9,1,50,1,6,2021,16:30,1,67,67180,2,1,0,6,MARIENTHAL (ROUTE DE),48.80246,7.79907,16,3,1
202100047123,117Â 537,B01,1,1,1,0,1,0,-1,-1, -1,-1,2021,38.0,1,2,0,2,8,15,1,,4,BOULEVARD GENERAL DE GAULLE,0,,3,2,3,1,(1),(1),1,, -1,1,0,1,30,21,3,2021,18:35,1,44,44109,2,1,0,3,BOULEVARD GENERAL DE GAULLE,47.2051,-1.5379,18,6,2
202100005468,192Â 012,B01,1,1,2,0,2,0,-1,-1, -1,-1,2021,42.0,2,1,0,2,1,1,0,,4,ROTONDE (RUE DE LA),0,,2,2,0,1,0,1,2,, -1,1,0,1,30,24,9,2021,08:10,1,74,74305,2,1,0,1,ROTONDE (RUE DE LA),46.20151,6.23587,8,2,2
202100017175,170Â 934,A01,1,1,1,5,2,-1,-1,0,0,-1,2021,51.0,1,1,0,2,1,1,1,,3,940,-1,,2,2,0,1,8,300,1,,4,1,0,1,50,25,9,2021,16:35,1,62,62390,2,2,0,3,Route de Berck,50.391191,1.60505,16,2,2
202100053126,106Â 776,A01,1,1,1,4,1,-1,-1,0,0,-1,2021,60.0,1,2,6,0,2,14,1,,3,612,0,D,2,2,0,2,35,830,1,, -1,1,0,3,80,31,1,2021,09:25,1,66,66114,1,1,0,6,D612,42.606421,2.917278,9,1,1
202100015162,174Â 610,A01,2,2,2,9,0,-1,-1,0,0,-1,2021,86.0,2,2,1,9,5,19,1,,3,165,-1,,2,2,0,2,8,700,1,, -1,2,0,1,80,6,10,2021,14:00,1,38,38120,1,4,0,2,route de Lancey,45.2365115541,5.8946250379,14,3,2
202100007092,189Â 085,A01,2,2,2,5,8,-1,-1,0,0,-1,2021,74.0,2,2,0,2,3,1,1,,1,A7,0,A,1,5,0,1,219,0,1,, -1,1,0,1,130,19,11,2021,15:10,1,13,13105,1,1,0,2,A7,43.761238,5.077883,15,3,2
202100048112,115Â 751,A01,1,1,1,0,1,0,-1,-1, -1,-1,2021,41.0,1,2,0,2,4,23,1,,1,AUTOROUTE A1,0,,3,8,0,1,1,299,1,, -1,2,1,1,90,14,3,2021,10:15,1,93,93066,1,1,0,3,AUTOROUTE A1,48.91304,2.35804,10,2,2
202100031955,144Â 623,A01,10,3,2,9,0,-1,-1,1,3,1,2021,72.0,3,5,0,1,4,20,1,,6,RUE DE LIFOU,0,,-1,0,0,2,0,0,1,, -1,1,9,8,5,27,6,2021,16:05,1,988,98818,2,1,0,6,PARKING DE L'EGLISE DE MONTRAVEL,-22.25215,166.45311,16,2,1
202100020882,164Â 323,A01,1,1,1,9,2,0,-1,0,0,-1,2021,24.0,1,1,0,2,3,1,1,,4,BOULEVARD KELLERMANN,0,,2,4,0,2,(1),(1),1,, -1,1,0,1,30,4,9,2021,04:40,5,75,75113,2,4,0,3,BOULEVARD KELLERMANN,48.819739,2.346094,4,2,2
202100027075,153Â 324,B01,1,1,1,0,2,6,-1,-1, -1,-1,2021,52.0,1,1,0,2,1,1,1,,4,JURANVILLE (BOULEVARD DE),0,,2,2,0,1,(1),(1),1,, -1,1,9,1,50,23,7,2021,15:09,1,18,18033,2,4,0,3,JURANVILLE (BOULEVARD DE),47.08337,2.38885,15,2,2
202100053134,106Â 766,B01,1,1,1,5,1,-1,-1,0,0,-1,2021,65.0,2,2,0,2,8,17,1,,3,572,0,,2,3,0,1,18,350,1,, -1,2,0,1,90,30,1,2021,18:08,2,14,14609,1,1,1,3,D572,49.252694,-0.726771,18,4,2
202100031590,145Â 287,A01,1,1,1,9,2,6,-1,0,0,-1,2021,56.0,2,1,0,1,1,1,1,,4,RUE MANIN,0,,1,1,0,1,(1),(1),1,, -1,2,0,1,50,30,6,2021,11:15,1,75,75119,2,1,1,6,RUE MANIN,48.882937,2.384934,11,2,1
202100009698,184Â 369,B01,1,1,1,5,1,-1,-1,0,0,-1,2021,62.0,3,2,0,2,1,19,1,,3,15,-1,,2,2,0,1,(1),(1),1,, -1,1,5,1,80,30,10,2021,16:05,1,22,22210,1,2,1,3,Route de Loguivy de la Mer,48.803079,-3.065242,16,4,2
202100027277,152Â 968,A01,1,1,1,5,6,2,-1,0,0,-1,2021,37.0,1,1,8,0,1,17,1,,3,990,0,D,2,2,0,1,34,300,1,, -1,1,0,4,30,25,7,2021,15:50,1,73,73032,2,1,0,6,D990 Rue Paul Girod,45.625444,6.448785,15,1,1
202100015918,173Â 215,B01,1,1,1,0,2,8,-1,-1, -1,-1,2021,59.0,1,1,0,2,6,0,1,,3,,0,,3,4,0,1,22,800,3,, -1,1,5,8,50,23,9,2021,12:30,1,25,25388,2,9,0,3,LUDWIGSBURG (ROND POINT DE),47.502929,6.812213,12,2,2
202100000380,201Â 024,A01,1,1,1,5,1,-1,-1,-1, -1,-1,2021,41.0,2,2,13,0,9,1,1,,3,,-1,,2,2,-1,1,(1),(1),1,, -1,1,0,1,80,13,11,2021,15:45,1,33,33105,1,1,0,6,D230,44.6687139137,-0.1676166058,15,1,1
202100032924,142Â 907,A01,1,1,1,0,1,5,-1,-1, -1,-1,2021,47.0,1,2,7,0,1,0,1,,3,MARC CHAGALL (BOULEVARD),0,,3,4,0,1,0,1,1,, -1,1,0,1,50,22,6,2021,02:40,5,93,93005,2,2,0,6,Boulevard Marc Chagall / Avenue de Savigny,48.953727,2.506439,2,1,1
202100054719,103Â 982,A01,1,1,2,3,8,-1,-1,0,0,-1,2021,82.0,2,2,0,2,3,13,1,,4,1,3,,2,2,0,1,(1),(1),1,, -1,1,0,1,50,17,1,2021,12:40,1,29,29069,2,1,1,1,Rue Calmette,48.425625,-4.5666976704,12,2,2
202100018627,168Â 341,B01,1,1,1,0,2,5,-1,-1, -1,-1,2021,60.0,2,1,0,2,2,1,1,,3,907,0,,2,4,0,2,0,0,1,, -1,1,0,1,50,16,9,2021,16:45,1,92,92047,2,3,0,3,RAYMOND POINCARE,48.8381902062,2.180263813,16,2,2
202100037972,133Â 788,A01,2,2,1,5,2,6,-1,-1, -1,-1,2021,17.0,1,1,0,2,1,0,0,,7,AEROPORT (AVENUE DE L'),0,,2,2,0,1,2,770,1,, -1,1,0,1,70,27,5,2021,15:30,1,83,83069,2,1,0,3,AEROPORT (AVENUE DE L'),43.093041,6.139775,15,3,2
202100009650,184Â 458,A01,1,1,1,1,1,8,-1,-1, -1,-1,2021,27.0,1,2,0,1,2,2,1,,3,906,0,,2,2,0,2,0,1,1,, -1,1,0,1,50,2,11,2021,15:15,1,92,92020,2,9,0,7,VERDUN AVENUE DE AUTRES NÂ°,48.7996408665,2.2817310691,15,1,1
202100048748,114Â 626,B01,9,2,2,2,1,-1,-1,0,0,-1,2021,13.0,2,2,0,2,6,15,1,,3,43,0,D,2,2,0,1,7,20,2,, -1,1,0,1,80,8,3,2021,17:00,1,83,83030,1,3,0,3,D43,43.363004,6.093893,17,3,2
202100023319,159Â 933,B01,1,1,1,1,1,0,-1,-1, -1,-1,2021,41.0,1,2,0,2,3,1,1,,3,AV DU GENERAL LECLERC,0,,-1,4,0,1,1,0,1,, -1,1,0,1,50,20,8,2021,17:25,1,94,94046,2,3,0,3,GENERAL LECLERC (AV DU),48.80439,2.44347,17,2,2
202100046928,117Â 890,A01,1,1,2,5,8,0,-1,0,0,-1,2021,24.0,0,2,0,0,1,14,1,,3,D64E (voie nouvelle),0,,2,2,0,1,4,330,1,, -1,1,0,1,80,23,3,2021,16:40,1,27,27562,1,1,0,7,D64,49.09402,1.41801,16,1,1
202100020533,164Â 936,B01,1,1,2,5,2,0,-1,-1, -1,-1,2021,24.0,3,1,0,2,7,19,3,,4,PROUDHON (AVENUE),0,,2,2,0,1,0,0,1,, -1,1,0,1,50,5,9,2021,13:15,1,37,37261,2,1,0,6,PROUDHON (AVENUE),47.3941914403,0.6671223512,13,2,2
202100046677,118Â 338,A01,1,1,2,0,8,-1,-1,0,0,-1,2021,20.0,1,2,0,2,1,5,1,,3,6113,-1,D,2,2,0,1,(1),(1),1,, -1,1,0,1,80,26,3,2021,18:50,2,30,30117,1,1,0,1,D6113,43.697697,4.585333,18,3,2
202100007127,189Â 029,A01,10,3,2,1,0,-1,-1,3,3,1,2021,53.0,1,2,0,1,5,16,1,,4,RUE DANGE,0,,2,2,0,4,0,0,1,, -1,2,0,1,30,19,11,2021,18:50,2,988,98818,2,2,1,6,ROUTE DE L'ANSE-VATA/RUE DANGE,-22.27937,166.44859,18,2,1
202100042682,125Â 337,A01,1,1,1,5,2,6,-1,-1, -1,-1,2021,56.0,3,1,0,2,3,14,1,,4,RECTEUR JEAN SARRAILH,0,,2,3,1,1,0,0,1,, -1,1,0,1,50,24,4,2021,15:40,1,64,64445,2,3,0,3,RECTEUR JEAN SARRAILH,43.31122,-0.36628,15,2,2
202100056447,101Â 003,A01,1,1,1,0,8,-1,-1,0,0,-1,2021,20.0,1,2,2,0,1,1,1,,3,904,0,,2,2,0,1,14,700,1,, -1,2,0,3,80,1,1,2021,06:05,3,1,1005,1,1,1,6,D904,45.998254,4.93227,6,3,1
202100012964,178Â 566,B01,1,1,1,5,1,-1,-1,0,0,-1,2021,34.0,2,2,0,2,1,2,1,,1,89,0,A,3,4,0,1,421,800,1,, -1,1,0,1,90,15,10,2021,18:15,2,63,63265,1,1,0,4,A89 PK 432+000,45.86217,3.435944,18,3,3
202100026031,155Â 153,C01,1,1,1,0,1,-1,-1,0,0,-1,2021,47.0,2,2,0,2,3,1,1,,2,10,0,N,2,2,0,2,42,600,2,,7,1,2,1,80,30,7,2021,18:55,1,41,41278,1,1,0,6,N10,47.656388,0.958287,18,5,3
202100024084,158Â 608,A01,1,1,1,0,2,6,-1,0,0,-1,2021,24.0,1,1,6,2,2,17,1,,3,559,-1,,2,2,2,1,99,900,1,, -1,1,0,1,50,15,8,2021,23:00,5,83,83115,2,1,0,3,36 Av du General Touzet du Vigier,43.317664,6.665872,23,3,2
202100018077,169Â 322,A01,1,1,1,5,1,-1,-1,0,0,-1,2021,65.0,1,5,0,0,0,0,1,,7,6,-1,,2,2,0,1,36,600,1,, -1,1,0,3,80,19,9,2021,15:30,1,13,13110,1,1,0,5,1691 Route de Saint-Maximin,43.457019,5.706673,15,1,1
202100009013,185Â 608,A01,1,1,1,9,9,-1,-1,0,0,-1,2021,63.0,3,4,2,0,1,26,6,,3,44,-1,,2,2,0,2,(1),(1),1,, -1,1,2,8,50,29,10,2021,17:00,1,87,87041,2,9,0,1,Rue des Remparts,46.131267,1.277965,17,1,1
202100017435,170Â 460,Z01,10,3,2,3,0,-1,-1,5,3,1,2021,89.0,3,2,0,1,4,4,0,,4,LOYSON DE CHASTELUS  R,0,,2,2,2,1,(1),(1),1,, -1,1,0,8,50,21,9,2021,18:15,1,69,69264,2,1,0,6,LOYSON DE CHASTELUS (R),45.98787,4.72627,18,2,1
202100028960,149Â 959,A01,2,2,1,0,8,-1,-1,-1, -1,-1,2021,38.0,2,2,6,0,1,15,1,,4,ARTILLERIE (DE L')                  (BD),0,,2,2,0,1,(1),(1),2,, -1,1,9,8,50,14,7,2021,06:00,2,69,69387,2,1,0,7,ARTILLERIE (DE L')                  (BD),45.7358644318,4.8430148162,6,2,1
202100012175,179Â 957,B01,1,1,1,0,2,6,-1,-1, -1,-1,2021,41.0,1,1,0,2,2,0,1,,3,BD HENRI BARBUSSE,0,,2,2,0,1,0,0,1,, -1,1,0,1,50,19,10,2021,18:25,1,91,91201,2,1,0,3,BD HENRI BARBUSSE,48.67129,2.41378,18,3,2
202100024973,157Â 023,A01,1,1,1,0,8,0,-1,-1, -1,-1,2021,48.0,1,2,0,2,4,0,1,,1,A50-Sens Marseille vers Aubagne,0,,1,2,0,2,15,800,1,, -1,1,0,1,110,9,8,2021,00:30,3,13,13005,1,1,0,2,A50-Sens Marseille vers Aubagne,43.28565,5.56952,0,4,2
202100035426,138Â 394,B01,1,1,1,0,2,6,-1,-1, -1,-1,2021,45.0,1,1,0,2,1,3,1,,1,AUTOROUTE A6B,0,,1,3,0,1,7,699,1,, -1,1,0,1,110,10,6,2021,19:05,1,94,94034,1,1,0,3,AUTOROUTE A6B,48.75179,2.32987,19,2,2
202100046913,117Â 918,B01,1,1,1,1,2,-1,-1,-1, -1,-1,2021,46.0,3,1,0,2,2,2,5,,4,FOUGERES (RUE DE),0,,2,2,1,2,(1),(1),1,, -1,1,0,5,50,23,3,2021,11:00,1,35,35238,2,1,0,3,FOUGERES (RUE DE),48.12573,-1.65502,11,2,2
202100040648,128Â 959,A01,1,1,1,5,2,-1,-1,0,0,-1,2021,41.0,0,1,0,0,0,0,5,,3,244,0,,2,2,0,2,4,650,1,, -1,1,0,1,80,8,5,2021,17:30,1,58,58213,1,1,0,7,Villaines,47.417736,3.025317,17,1,1
202100055885,101Â 982,A01,1,1,2,5,1,0,-1,-1,0,-1,2021,30.0,2,2,4,0,2,1,1,,1,1,0,,3,6,0,1,23,800,1,, -1,1,0,1,110,8,1,2021,18:40,4,95,95154,1,1,0,6, A1,49.05192,2.5478,18,4,1
202100026829,153Â 762,A01,10,3,1,9,0,-1,-1,2,3,1,2021,63.0,1,3,0,1,2,1,1,1.0,4,Boulevard Dupleix,0,,1,2,0,1,(1),(1),1,, -1,1,0,1,50,27,7,2021,16:50,1,29,29232,2,1,0,6,Boulevard Dupleix,47.994128,-4.104593,16,2,1
202100022237,161Â 893,A01,2,2,1,5,1,8,-1,-1, -1,-1,2021,20.0,1,2,0,2,1,2,1,,4,BAYONNE DE,0,,1,3,0,1,(1),(1),1,, -1,1,0,1,50,27,8,2021,13:30,1,64,64129,2,1,1,2,BAYONNE DE,43.29839,-0.38896,13,3,2
202100022292,161Â 787,B01,1,1,1,4,1,0,-1,0,0,-1,2021,51.0,2,2,3,2,6,7,2,,4,BOULEVARD SAINT GERMAIN,0,,1,3,3,1,(1),(1),1,, -1,1,0,6,50,27,8,2021,10:20,1,75,75105,2,2,0,3,BOULEVARD SAINT GERMAIN,48.85061,2.346456,10,2,2
202100030683,146Â 909,B01,2,2,1,5,1,-1,-1,-1,0,-1,2021,69.0,1,5,14,2,4,23,1,,1,AUTOROUTE A1,0,,3,6,0,1,29,899,1,, -1,2,0,1,130,5,7,2021,04:40,3,95,95604,1,1,1,4,A1,49.10172,2.55066,4,7,3
202100003184,196Â 078,A01,1,1,1,0,2,-1,-1,0,0,-1,2021,17.0,2,1,6,2,7,26,0,,3,981,-1,D,2,2,0,1,26,240,1,, -1,1,0,1,50,14,12,2021,10:55,1,30,30174,2,1,0,6,Route d AlÃ¨s,44.028624,4.378697,10,1,1
202100052851,107Â 246,A01,1,1,1,0,2,6,-1,-1, -1,-1,2021,46.0,1,1,0,2,3,1,1,,1,AUTOROUTE A104,0,,3,6,0,1,3,160,1,, -1,1,0,1,90,1,2,2021,18:00,3,93,93078,1,1,0,3,AUTOROUTE A104,48.96169,2.52354,18,2,2
202100014521,175Â 752,A01,10,3,2,3,0,-1,-1,3,3,1,2021,82.0,0,1,0,1,1,1,1,,3,795,-1,,2,2,0,1,(1),(1),1,, -1,1,9,8,30,8,10,2021,18:40,2,22,22050,2,1,1,6,Rue de Brest,48.452323,-2.059672,18,3,1
202100016102,172Â 859,B01,1,1,1,5,2,8,-1,-1, -1,-1,2021,59.0,2,1,0,9,3,0,5,,4,RUE DES 3 PINS,0,,2,2,1,1,(1),0,1,, -1,1,0,5,20,28,9,2021,10:00,1,83,83034,1,1,0,1,RUE DES 3 PINS,43.1023316595,6.0556536104,10,2,2