Num_Acc,id_vehicule,num_veh,place,catu,sexe,trajet,secu1,secu2,secu3,locp,actp,etatp,year_acc,victim_age,senc,catv,obs,obsm,choc,manv,motor,occutc,catr,voie,v1,v2,circ,nbv,vosp,prof,pr,pr1,plan,lartpc,larrout,surf,infra,situ,vma,jour,mois,an,hrmn,lum,dep,com,agg_,int,atm,col,adr,lat,long,hour,nb_victim,nb_vehicules
202100045777,119Â 925,A01,1,1,2,0,1,0,-1,-1, -1,-1,2021,27.0,0,2,0,2,4,23,1,,4,LESSEPS (RUE DE),0,,1,2,0,1,(1),(1),1,, -1,1,0,1,50,31,3,2021,18:00,1,13,13214,2,1,0,2,LESSEPS (RUE DE),43.3204,5.3723,18,2,2
202100029768,148Â 577,A01,1,1,1,5,2,6,-1,-1, -1,-1,2021,17.0,1,1,12,0,0,1,1,,4,HAUTERIVE,0,,1,2,0,1,0,0,1,, -1,1,0,8,50,9,7,2021,21:10,4,64,64445,2,1,0,7,AllÃ©e Catherine de Bourbon,43.32418,-0.35778,21,1,1
202100037701,134Â 276,A01,1,1,1,5,2,-1,-1,0,0,-1,2021,43.0,1,1,0,2,3,1,5,,3,27,-1,,2,2,0,2,23,600,1,, -1,1,0,1,80,29,5,2021,15:00,1,68,68171,1,1,0,3,D27,47.943462,6.980092,15,2,2
202100038682,132Â 496,B01,2,2,2,5,1,-1,-1,0,0,-1,2021,22.0,1,2,7,0,1,1,0,,3,438,0,,2,2,0,1,23,1090,1,, -1,1,5,6,70,22,5,2021,20:30,1,61,61464,1,2,0,3,RD 438,48.612274,0.16568,20,5,2
202100055362,102Â 880,A01,1,1,1,9,8,0,-1,0,0,-1,2021,44.0,2,2,0,2,4,4,1,,4,RUE DU CHEMIN VERT,0,,1,1,0,2,(1),(1),1,, -1,2,0,1,50,12,1,2021,11:40,1,75,75111,2,1,1,2,RUE DU CHEMIN VERT,48.858258,2.372295,11,2,2
202100046083,119Â 380,A01,3,2,1,0,1,0,-1,0,0,-1,2021,21.0,2,2,0,2,7,17,1,,4,,0,,1,2,0,1,(1),(1),1,, -1,1,0,1,50,28,3,2021,09:15,1,63,63113,2,2,0,3,BERTHELOT (BOULEVARD),45.77727,3.07275,9,5,2
202100013783,177Â 071,B01,1,1,1,5,2,6,-1,-1, -1,-1,2021,28.0,2,1,0,2,2,14,1,,1,A50-Sens Aubagne vers Marseille,0,,3,3,0,1,13,0,1,, -1,1,0,1,90,12,10,2021,20:00,3,13,13005,1,1,0,6,A50-Sens Aubagne vers Marseille,43.28892,5.54977,20,3,3
202100038281,133Â 220,A01,1,1,1,5,0,-1,-1,0,0,-1,2021,45.0,3,1,0,2,1,1,5,,2,101,-1,,2,2,0,1,(1),(1),1,, -1,1,0,1,60,25,5,2021,14:40,1,987,98714,1,3,0,3,Anau -  la traversiÃ¨re,-16.521981,-151.725376,14,2,2
202100010032,183Â 765,A01,3,2,2,9,1,4,-1,-1, -1,-1,2021,21.0,3,2,0,2,1,1,1,,4,JULES GUESDE (RUE),0,,2,2,0,1,(1),(1),2,, -1,2,0,1,50,31,10,2021,17:42,5,10,10387,2,2,1,3,JULES GUESDE (RUE),48.29487,4.08184,17,5,2
202100006376,190Â 398,B01,1,1,1,1,1,-1,-1,-1,0,-1,2021,29.0,1,2,0,2,1,1,1,,1,AUTOROUTE A1,0,,3,4,0,1,22,399,1,, -1,1,0,1,110,24,11,2021,11:20,1,95,95154,1,1,0,3,AUTOROUTE A1,49.0379232533,2.5419520945,11,3,2
202100022737,160Â 958,B01,1,1,1,5,2,0,-1,-1, -1,-1,2021,15.0,3,1,0,2,1,13,1,,4,,0,,2,2,0,1,(1),(1),1,, -1,1,0,1,80,23,8,2021,21:20,3,11,11069,1,3,0,3,Rue des Saumes,43.216383,2.28686,21,2,2
202100028319,151Â 075,A01,3,2,2,5,1,0,-1,0,0,-1,2021,59.0,1,3,0,2,3,1,2,2.0,4,BOULEVARD MASSENA,0,,3,3,0,1,(1),(1),1,, -1,1,0,1,50,18,7,2021,19:15,1,75,75113,2,2,0,3,BOULEVARD MASSENA,48.824165,2.376803,19,3,2
202100008661,186Â 262,B01,1,1,1,5,2,6,-1,0,0,-1,2021,29.0,2,1,0,2,1,1,1,,3,37,0,D,2,2,0,1,0,1,1,, -1,1,0,1,50,11,11,2021,16:20,2,69,69019,2,3,0,1,VERDUN (DE) (AV),46.104921,4.74921,16,2,2
202100000675,200Â 507,A01,2,1,1,0,2,0,-1,-1, -1,-1,2021,29.0,1,1,0,0,0,0,1,,9,VIADUC (CH),0,,2,2,0,1,0,0,1,, -1,1,0,1,50,10,6,2021,23:20,3,13,13001,2,1,0,7,VIADUC (CH),43.50569,5.44728,23,1,1
202100030316,147Â 572,B01,1,1,1,5,2,0,-1,-1, -1,-1,2021,29.0,2,1,0,2,0,0,1,,1,A86 EXT,0,,3,8,0,1,38,500,1,, -1,1,0,1,90,7,7,2021,16:30,1,94,94028,1,1,0,3,A86 EXT,48.79772,2.44451,16,2,2
202100017770,169Â 852,A01,1,1,1,5,2,6,-1,-1, -1,-1,2021,51.0,1,1,4,0,1,2,1,,1,AUTOROUTE A1,0,,-1,6,0,1,190,500,1,, -1,1,0,1,130,21,9,2021,08:38,1,62,62637,1,1,0,6,AUTOROUTE A1,50.465252,2.975487,8,1,1
202100032132,144Â 313,B01,1,1,2,5,1,0,-1,0,0,-1,2021,75.0,2,2,0,2,3,1,1,,4,AVENUE D IENA,0,,2,4,0,2,(1),(1),1,, -1,1,0,1,50,26,6,2021,14:15,1,75,75116,2,7,0,1,AVENUE D IENA,48.86787,2.295718,14,4,2
202100038296,133Â 191,B01,2,2,2,5,1,-1,-1,0,0,-1,2021,63.0,2,2,0,2,3,1,1,,3,651,0,D,2,2,0,1,31,960,1,, -1,1,0,1,80,26,5,2021,14:45,1,33,33436,1,3,0,3,D651,44.521387,-0.626864,14,3,2
202100044590,122Â 015,A01,10,3,1,5,0,-1,-1,2,3,1,2021,75.0,3,1,0,1,1,1,3,,4,RUE DE CRIMEE,0,,2,2,3,2,(1),(1),1,, -1,2,0,1,30,9,4,2021,18:05,1,75,75119,2,2,1,6,RUE DE CRIMEE,48.879584,2.389506,18,2,1
202100006536,190Â 115,B01,4,2,2,5,1,-1,-1,-1, -1,-1,2021,6.0,2,2,0,2,4,2,1,,1,AUTOROUTE A 10,0,,3,6,0,1,540,500,1,, -1,2,0,1,110,24,11,2021,19:35,1,33,33096,1,1,1,4,AUTOROUTE A 10,44.90452,-0.49286,19,5,3
202100023206,160Â 140,A01,1,1,1,9,0,-1,-1,0,0,-1,2021,22.0,1,2,1,0,1,1,1,,7,1,0,M,2,2,0,1,1,850,1,,"5,5",1,0,8,50,21,8,2021,19:20,1,6,6122,2,1,0,6,510 Route de la Baronne,43.746194,7.17807,19,2,1
202100050654,111Â 142,A01,1,1,1,5,1,0,-1,-1,0,-1,2021,51.0,2,2,4,0,1,1,1,,1,AUTOROUTE A15,0,,3,11,0,2,8,199,3,, -1,1,0,1,70,22,2,2021,22:30,3,95,95582,1,1,0,6,A15,48.9647920226,2.2609998281,22,1,1
202100002427,197Â 436,B01,2,2,1,5,1,0,-1,-1, -1,-1,2021,28.0,1,2,0,2,2,1,0,,3,PREMIERE ARMEE FRANCAISE (AVENUE DE LA),0,,2,2,0,1,0,0,1,, -1,1,0,1,50,17,12,2021,13:59,1,32,32013,2,3,0,3,PREMIERE ARMEE FRANCAISE (AVENUE DE LA),43.65113,0.60267,13,4,2
202100000745,200Â 382,A01,1,1,1,5,2,0,-1,-1, -1,-1,2021,24.0,1,1,0,2,1,17,1,,4,JEAN  IGNACE (RUE) ,0,,2,0,0,1,(1),(1),1,, -1,3,0,1,50,30,12,2021,11:20,1,971,97101,2,1,1,3,JEAN  IGNACE (RUE) ,16.2532177139,-61.5222251415,11,2,2
202100004835,193Â 143,A01,10,3,1,0,0,-1,-1,4,3,1,2021,71.0,1,2,0,1,1,15,1,,3,7,0,,1,2,0,1,0,0,1,, -1,3,0,1,70,4,12,2021,19:10,5,92,92026,2,3,1,6,Quai du MarÃ©chal Joffre,48.9006110236,2.2752481699,19,2,1
202100024882,157Â 183,A01,1,1,2,0,2,-1,-1,-1, -1,-1,2021,63.0,-1,1,0,2,7,19,5,,4,RDPT SEEHEIM JUGENHEIM,0,,3,2,0,1,(1),(1),3,, -1,1,0,1,50,9,8,2021,15:30,1,33,33550,2,6,0,3,Avenue du MarÃ©chal Leclerc,44.778101,-0.5705537,15,2,2
202100031293,145Â 801,B01,1,1,1,1,2,0,-1,0,0,-1,2021,39.0,2,1,0,2,1,1,3,,4,AVENUE DE FLANDRE,0,,3,3,1,1,(1),(1),1,, -1,1,0,5,50,2,7,2021,17:05,1,75,75119,2,3,0,3,AVENUE DE FLANDRE,48.891237,2.377388,17,2,2
202100044964,121Â 361,B01,5,2,1,4,1,0,-1,-1, -1,-1,2021,37.0,3,2,0,2,1,0,1,,4,MICHELET (BOULEVARD),0,,2,0,0,1,(1),(1),1,, -1,1,0,1,50,6,4,2021,10:20,1,13,13208,2,3,0,3,MICHELET (BOULEVARD),43.25865,5.39885,10,5,2
202100041577,127Â 282,B01,1,1,1,9,8,0,-1,-1, -1,-1,2021,26.0,2,1,0,2,1,1,5,,4,,0,,2,1,0,1,0,0,3,, -1,1,0,1,50,3,5,2021,21:00,2,92,92046,2,1,0,1,LOUIS GIRARD (RUE),48.81392,2.28157,21,2,2
202100044481,122Â 186,A01,10,3,2,5,0,-1,-1,3,3,1,2021,79.0,2,0,0,1,7,1,3,,4,RUE DU DOCTEUR ROUX,0,,2,2,1,1,(1),(1),1,, -1,2,-1,5,30,10,4,2021,17:30,1,75,75115,2,1,0,6,RUE DU DOCTEUR ROUX,48.840273,2.310605,17,2,1
202100011015,182Â 042,A01,10,3,1,5,0,-1,-1,4,1,1,2021,19.0,3,5,0,1,2,1,1,,4,,-1,,2,2,0,2,(1),(1),1,,5,2,0,1,-1,26,10,2021,20:40,5,59,59249,2,1,1,6,78 Rue LÃ©o Lagrange,50.020824,4.048247,20,2,1
202100025838,155Â 504,B01,1,1,2,5,1,-1,-1,0,0,-1,2021,30.0,1,2,0,2,1,2,1,,3,982,0,D,2,2,0,1,32,885,1,, -1,1,0,1,30,3,8,2021,19:40,1,76,76164,2,1,0,1,Quai Guilbaud,49.524546,0.726147,19,2,2
202100052324,108Â 187,A01,10,3,1,5,0,-1,-1,4,3,1,2021,65.0,2,2,0,1,7,1,1,,4,QUAI D AUSTERLITZ,0,,2,4,0,1,(1),(1),1,, -1,2,0,1,50,6,2,2021,17:50,5,75,75113,2,2,1,6,QUAI D AUSTERLITZ,48.841891,2.367873,17,2,1
202100018122,169Â 224,A01,10,3,1,5,0,-1,-1,1,3,3,2021,12.0,3,2,1,1,3,1,1,,4,CHAMPAGNE (RUE DE),0,,1,1,0,1,(1),(1),1,, -1,1,0,1,30,18,9,2021,19:55,5,95,95585,2,1,0,6,CHAMPAGNE (RUE DE),48.98944,2.36849,19,2,1
202100031044,146Â 249,B01,1,1,1,0,2,6,-1,0,0,-1,2021,56.0,1,1,0,2,8,19,1,,7,THERMALE (AVENUE),0,,1,2,0,1,(1),(1),1,, -1,1,0,1,50,28,6,2021,11:57,1,63,63075,2,2,0,3,THERMALE (AVENUE),45.77546,3.05391,11,2,2
202100027508,152Â 556,A01,1,1,2,4,2,0,-1,0,0,-1,2021,45.0,0,1,0,2,7,15,3,,4,SAVARI (BOULEVARD),0,,2,4,0,1,(1),(1),2,, -1,1,0,1,50,21,7,2021,10:20,1,86,86194,2,3,0,3,Boulevard Savari,46.576803,0.37832,10,2,2
202100030394,147Â 438,B01,1,1,1,1,8,0,-1,-1, -1,-1,2021,22.0,3,1,0,2,7,19,5,,7,ROVARCH (AVENUE PIERRE),0,,1,2,1,1,0,0,1,, -1,1,6,8,30,5,7,2021,20:20,1,13,13028,2,1,1,3,ROVARCH (AVENUE PIERRE),43.19244,5.61511,20,2,2
202100053872,105Â 450,B01,1,1,2,5,1,-1,-1,0,0,-1,2021,28.0,3,2,0,2,3,1,1,,3,6,-1,D,2,2,0,2,4,611,1,, -1,1,0,1,50,24,1,2021,17:30,2,6,6044,2,9,0,1,Route du Pont de Pierre,43.683086,7.091319,17,2,2
202100013357,177Â 873,B01,1,1,1,5,1,8,-1,-1, -1,-1,2021,21.0,2,2,0,2,4,11,1,,1,A7-Sens Lyon vers Marseille,0,,1,2,0,1,252,0,1,, -1,1,0,1,110,12,10,2021,22:00,3,13,13112,1,1,0,2,A7-Sens Lyon vers Marseille,43.515034,5.231394,22,2,2
202100037180,135Â 227,A01,10,3,1,5,8,8,-1,9,B,-1,2021,58.0,3,2,0,1,2,15,1,,4,AV JEAN JACQUES ROUSSEAU,0,,2,2,1,1,0,0,1,, -1,1,5,5,5,31,5,2021,19:00,1,91,91027,2,3,0,6,AV JEAN JACQUES ROUSSEAU,48.703673,2.356941,19,2,1
202100014844,175Â 176,B01,1,1,1,9,8,0,-1,0,0,-1,2021,19.0,2,1,0,2,8,1,5,,4,AVENUE DAUMESNIL,0,,3,1,2,1,(1),(1),1,, -1,2,0,5,30,5,10,2021,21:15,5,75,75112,2,3,1,2,AVENUE DAUMESNIL,48.835893,2.405637,21,2,2
202100049116,113Â 960,A01,1,1,1,5,8,0,-1,-1, -1,-1,2021,18.0,3,1,0,2,1,5,0,,4,LANGEVIN PAUL (rue),0,,2,2,0,2,(1),(1),2,, -1,1,0,1,50,4,3,2021,18:45,1,13,13077,2,1,0,1,13077 - Port-de-Bouc,43.411,4.98456,18,3,2
202100045996,119Â 539,B01,1,1,1,0,1,0,-1,-1, -1,-1,2021,31.0,1,1,0,2,3,1,1,,3,HUIT-MAI-1945 (AVENUE DU),0,,3,2,3,1,0,0,1,, -1,1,8,1,30,30,3,2021,12:50,1,93,93030,2,3,0,3,HUIT-MAI-1945 (AVENUE DU),48.9451099716,2.4350498042,12,2,2
202100052555,107Â 779,B01,1,1,2,1,1,0,-1,-1, -1,-1,2021,56.0,3,2,0,2,7,1,1,,4,MIDI (RUE DU),0,,2,2,0,1,(1),(1),1,, -1,1,0,1,50,4,2,2021,12:25,1,15,15014,2,1,0,3,MIDI (RUE DU),44.917613,2.436112,12,2,2
202100000422,200Â 953,A01,2,2,2,9,1,-1,-1,0,0,-1,2021,47.0,1,2,13,0,0,2,1,,1,10,0,,3,3,0,1,41,900,1,,"13,5",9,0,8,130,4,12,2021,17:30,1,28,28363,1,1,1,5,"A10, PK041+900, EN DIRECTION D LA PROVINCE",48.413479,1.897287,17,2,1
202100007776,187Â 851,B01,1,1,2,0,0,-1,-1,0,0,-1,2021,81.0,1,1,0,2,0,5,-1,,3,AVENUE DE L'UNION,0,,1,2,0,1,39,956,1,, -1,1,0,1,10,15,11,2021,09:50,1,78,78029,2,6,0,3,AVENUE DE L'UNION,48.961455,1.857959,9,2,2
202100039320,131Â 317,A01,2,2,2,9,2,6,-1,0,0,-1,2021,19.0,1,1,0,2,7,17,1,,4,AVENUE PARMENTIER,0,,2,2,0,1,(1),(1),1,, -1,1,0,1,50,18,5,2021,09:55,1,75,75111,2,3,0,3,AVENUE PARMENTIER,48.869032,2.371767,9,3,2
202100054628,104Â 141,A01,1,1,1,5,2,6,9,0,0,-1,2021,32.0,3,6,13,0,0,1,1,,4,,-1,,2,2,0,1,(1),(1),2,, -1,6,0,3,-1,17,1,2021,12:00,1,63,63457,1,1,1,6,gardaillat,45.649921,3.226161,12,1,1
202100002550,197Â 223,A01,1,1,1,5,2,6,-1,0,0,-1,2021,17.0,1,1,0,0,0,13,1,,3,901,-1,,2,2,0,1,44,100,1,, -1,1,0,3,50,19,12,2021,01:15,5,62,62474,2,1,0,7,hameau de la source - RD901,50.681606,1.637177,1,1,1
202100010144,183Â 568,A01,10,3,1,5,0,-1,-1,1,3,1,2021,53.0,3,2,0,1,1,1,1,,4,SAINTE BARBE - BOULEVARD,0,,2,5,3,1,(1),(1),1,, -1,2,2,1,50,30,10,2021,23:10,5,59,59183,2,9,1,6,SAINTE BARBE - BOULEVARD,51.03464,2.38613,23,2,1
202100048847,114Â 449,A01,10,3,1,-1,0,0,0,2,3,1,2021,23.0,1,1,0,1,1,1,5,,4,ETIGNY D',0,,1,1,0,2,0,0,1,, -1,1,0,1,30,7,3,2021,10:20,1,64,64445,2,6,0,6,ETIGNY D',43.29628,-0.37589,10,2,1
202100005256,192Â 385,A01,1,1,1,0,8,0,-1,-1, -1,-1,2021,28.0,3,2,13,2,1,26,1,,3,D217BIS,0,,2,2,0,2,8,751,3,, -1,2,5,1,70,29,11,2021,19:11,3,77,77209,1,2,0,6,D217B,48.8539,2.6906,19,2,2
202100036716,136Â 082,B01,1,1,2,0,1,-1,-1,0,0,-1,2021,39.0,1,2,0,0,4,2,1,,3,2204,-1,,2,2,0,2,12,363,1,, -1,1,0,1,80,3,6,2021,16:50,1,6,6048,1,1,0,2,Route Departementale 2204,43.788618,7.347321,16,2,2
202100039219,131Â 519,A01,10,3,2,3,0,-1,-1,2,3,1,2021,75.0,3,2,0,1,3,15,1,,6,,-1,,-1,-1,0,1,(1),(1),1,, -1,1,0,8,50,20,5,2021,11:25,1,22,22339,2,1,0,6,ZONE COMMERCIALE DE DOMBRIAND,48.476933,-2.043833,11,2,1
202100031660,145Â 163,B01,1,1,2,5,1,-1,-1,0,0,-1,2021,74.0,2,2,0,2,1,1,1,,3,110,-1,,2,2,0,1,10,500,2,,4,1,0,3,80,1,7,2021,08:50,1,21,21356,1,3,0,1,rd 110,47.0699460754,5.2740958817,8,2,2
202100032903,142Â 948,A01,1,1,1,4,2,6,-1,0,0,-1,2021,34.0,1,1,0,2,2,1,1,,4,RUE DUPLEIX,0,,1,3,1,1,(1),(1),1,, -1,2,0,1,30,22,6,2021,16:45,1,75,75115,2,7,0,3,RUE DUPLEIX,48.850658,2.29564,16,3,2
202100014347,176Â 062,A01,1,1,1,9,2,0,-1,-1, -1,-1,2021,61.0,1,1,0,2,1,9,1,,4,ALDUY (Paul),0,,2,2,0,1,(1),(1),1,, -1,1,0,1,50,7,10,2021,14:50,1,66,66136,2,6,0,3,ALDUY (Paul),42.66992,2.90501,14,2,2
202100044796,121Â 639,Z01,10,3,1,0,8,8,-1,5,B,1,2021,48.0,3,2,0,1,2,15,1,,4,ERMITAGE (RUE DE L'),0,,2,0,0,1,0,0,1,, -1,1,0,4,50,7,4,2021,18:30,1,91,91549,2,2,0,6,ERMITAGE (RUE DE L'),48.64438,2.3432,18,2,1
202100031797,144Â 924,A01,10,3,2,5,0,-1,-1,4,3,1,2021,79.0,2,4,0,1,1,1,0,,2,7,0,,2,2,0,1,28,198,1,, -1,1,0,1,50,29,6,2021,15:20,1,26,26347,2,2,0,6,71 Avenue Jean JaurÃ©s,45.069976,4.839003,15,2,1
202100043681,123Â 600,A01,1,1,1,5,2,-1,-1,0,0,-1,2021,39.0,1,1,12,0,1,1,1,,3,604,0,D,2,2,0,1,0,0,1,, -1,1,0,4,50,18,4,2021,17:30,1,55,55010,2,1,0,6,7 Rue de Ligny,48.638724,5.028762,17,1,1
202100054403,104Â 518,A01,1,1,2,0,1,0,-1,-1, -1,-1,2021,46.0,2,2,0,2,1,2,1,,1,6,0,,3,6,0,3,17,719,1,, -1,1,0,1,110,20,1,2021,09:00,1,91,91589,1,1,0,2,AUTOROUTE A6,48.67364,2.343,9,2,2
202100000436,200Â 926,A01,1,1,1,5,8,0,-1,-1, -1,-1,2021,39.0,2,1,0,2,1,17,0,,2,DELGRES ( BOULEVARD ),0,,1,1,0,1,(1),(1),1,, -1,1,0,1,30,11,6,2021,09:45,1,971,97107,2,9,0,2,DELGRES ( BOULEVARD ),16.04443,-61.56516,9,2,2
202100005797,191Â 429,A01,1,1,1,4,1,-1,-1,0,0,-1,2021,31.0,2,2,0,2,1,17,1,,1,20,0,A,3,2,0,1,227,40,1,, -1,1,0,1,130,29,11,2021,13:00,1,19,19250,1,1,0,2,"autoroute a20 pk 227, sens 2",45.512106,1.515384,13,5,2
202100038945,132Â 018,A01,1,1,2,9,1,0,-1,-1, -1,-1,2021,72.0,0,2,6,0,1,9,1,,4,ANATOLE FRANCE (RUE),0,,2,2,0,1,(1),(1),1,, -1,1,9,4,50,20,5,2021,10:00,1,10,10387,2,9,0,6,ANATOLE FRANCE (RUE),48.27985,4.06939,10,1,1
202100036708,136Â 096,A01,1,1,2,0,2,-1,-1,0,0,-1,2021,51.0,1,1,0,0,1,1,1,,3,23,-1,,2,2,0,1,6,200,1,, -1,1,0,3,80,3,6,2021,18:50,3,973,97309,1,1,0,7,Route de Degrad des Cannes,4.876366,-52.278657,18,1,1
202100045518,120Â 380,B01,2,2,2,0,8,0,-1,-1, -1,-1,2021,22.0,1,2,0,2,6,1,2,,1,A50-Sens Marseille vers Aubagne,0,,-1,2,0,1,1,500,1,, -1,1,0,1,90,31,3,2021,16:19,1,13,13210,1,1,0,2,A50-Sens Marseille vers Aubagne,43.28431,5.405308,16,3,2
202100018709,168Â 198,B01,1,1,1,1,2,0,-1,-1, -1,-1,2021,19.0,2,1,0,2,1,3,1,,1,A104,0,,-1,6,0,3,26,500,2,, -1,1,0,1,90,16,9,2021,09:30,1,77,77468,1,1,0,2,A104,48.85092,2.66146,9,2,2
202100005205,192Â 468,A01,10,3,1,0,8,8,-1,8,3,1,2021,7.0,2,2,0,1,2,2,1,,7,AVENUE DU VERCORS,0,,-1,2,0,1,0,0,1,, -1,1,0,1,30,30,11,2021,16:45,1,38,38169,2,1,0,3,AVENUE DU VERCORS,45.19238,5.69186,16,2,1
202100015495,174Â 006,A01,1,1,1,0,8,0,-1,-1, -1,-1,2021,24.0,2,2,0,2,5,16,1,,3,DEVI DU CD 19,0,,1,3,0,1,0,0,2,, -1,1,0,1,50,30,9,2021,08:50,2,91,91494,1,6,0,3,DEVI DU CD 19,48.612015,2.340134,8,2,2
202100033545,141Â 811,B01,2,2,2,5,3,0,-1,-1, -1,-1,2021,5.0,2,2,0,2,8,1,1,,4,VAUBAN (BOULEVARD),0,,2,2,0,1,0,0,1,, -1,1,5,1,50,18,6,2021,08:57,1,87,87085,2,2,0,3,SAINTE ANNE (RUE DE),45.81759,1.27428,8,3,2
202100019007,167Â 662,A01,1,1,1,1,2,6,-1,0,0,-1,2021,48.0,1,1,0,2,1,1,1,,4,AVENUE GEORGE V,0,,2,2,0,2,(1),(1),1,, -1,2,0,1,30,14,9,2021,18:04,1,75,75108,2,2,1,3,AVENUE GEORGE V,48.868421,2.301164,18,2,2
202100034678,139Â 740,B01,1,1,1,5,2,-1,-1,0,0,-1,2021,64.0,1,1,0,2,3,1,6,,3,6,0,,2,2,0,2,14,900,1,, -1,1,0,1,80,13,6,2021,10:15,1,7,7292,1,1,0,3,route dÃ©partementale 6,45.1657,4.655735,10,2,2
202100022379,161Â 648,A01,1,1,1,5,2,6,9,0,0,-1,2021,17.0,2,1,0,2,1,17,1,,3,955,-1,,2,2,0,1,18,500,3,, -1,1,0,1,80,28,8,2021,14:45,1,4,4183,1,1,0,1,RD 955,43.905685,6.542573,14,3,2
202100042845,125Â 082,A01,10,3,2,5,0,-1,-1,2,3,1,2021,77.0,1,2,0,1,3,15,1,,4,JOFFRE (AVENUE DU MARECHAL CD 88),0,,2,3,0,1,0,0,1,, -1,1,0,1,50,22,4,2021,19:05,1,66,66136,2,1,0,6,JOFFRE (AVENUE DU MARECHAL CD 88),42.70712,2.89157,19,2,1
202100020360,165Â 242,A01,10,3,1,9,0,-1,-1,1,9,1,2021,78.0,3,2,0,1,3,20,1,,6,,0,,-1,0,0,1,0,0,1,, -1,1,9,8,30,7,9,2021,11:18,1,92,92012,2,1,1,6,VIEUX PONT DE SEVRES (RUE DU) 157/FIN -,48.8310372463,2.2409170559,11,2,1
202100007136,189Â 014,B01,1,1,1,2,8,0,-1,-1, -1,-1,2021,15.0,2,1,0,2,4,0,5,,4,DES CAMELIAS(RUE),0,,2,2,0,1,0,0,1,, -1,1,0,1,50,18,11,2021,16:50,1,974,97409,2,1,0,2,DES CAMELIAS(RUE),-20.96148,55.65371,16,2,2
202100005486,191Â 986,A01,3,2,1,5,1,0,-1,-1, -1,-1,2021,19.0,3,2,6,0,2,21,1,,4,PLAGNE (RUE DE LA),0,,2,2,0,1,0,0,1,, -1,2,2,1,80,28,11,2021,00:10,3,87,87065,1,1,1,6,PLAGNE (RUE DE LA),45.81022,1.31282,0,3,1
202100047950,116Â 027,A01,1,1,1,0,2,8,-1,-1, -1,-1,2021,41.0,2,1,0,2,1,1,1,,4,VOLTAIRE (BOULEVARD),0,,2,2,0,1,0,0,1,, -1,1,0,1,50,10,3,2021,13:30,1,13,13070,2,1,0,3,VOLTAIRE (BOULEVARD),43.2812654525,5.5176026163,13,2,2
202100049595,113Â 093,B01,1,1,2,4,1,0,-1,-1, -1,-1,2021,41.0,1,2,0,2,8,23,1,,3,ROUTE DEPARTEMENTALE 3,0,,2,2,0,1,5,400,2,, -1,1,0,1,80,1,3,2021,06:50,1,972,97213,1,3,0,3,ROUTE DEPARTEMENTALE 3,14.64067,-60.99208,6,2,2
202100014604,175Â 612,B01,1,1,1,0,8,0,-1,-1, -1,-1,2021,46.0,1,1,0,2,1,1,5,,4,RUE DOS D'ANE,0,,1,4,3,1,(1),0,1,, -1,1,0,1,50,7,10,2021,13:40,1,44,44109,2,1,0,3,RUE DOS D'ANE,47.19773,-1.54217,13,2,2
202100018504,168Â 558,A01,1,1,1,4,0,-1,-1,0,0,-1,2021,69.0,3,4,0,2,3,13,1,,4,,0,,2,1,0,2,(1),(1),2,,3,1,0,1,80,18,9,2021,10:45,1,80,80110,1,1,0,1,Rue de Mons,50.150933,1.656146,10,2,2
202100040238,129Â 673,B01,1,1,1,5,8,0,-1,-1, -1,-1,2021,71.0,2,1,0,2,3,0,0,,3,80,0,,2,2,0,1,0,0,1,, -1,1,0,1,50,12,5,2021,15:15,1,92,92023,2,2,0,3,PORTE DE TRIVAUX (RUE DE) NÂ°57 A 197 ET,48.7848109699,2.2380142319,15,2,2
202100022203,161Â 960,A01,1,1,2,5,1,-1,-1,-1, -1,-1,2021,32.0,2,5,3,2,1,17,1,,1,AUTOROUTE A 10,0,,3,6,0,2,531,799,1,, -1,1,0,1,130,28,8,2021,06:20,3,33,33143,1,1,0,3,AUTOROUTE A 10,44.967944,-0.437332,6,2,2
202100007095,189Â 082,A01,1,1,2,5,8,-1,-1,0,0,-1,2021,26.0,1,2,13,0,1,1,1,,3,19,0,D,2,2,0,1,1,800,2,, -1,2,0,3,80,21,11,2021,07:59,2,54,54217,1,1,1,7,D19,48.4745998951,6.7380201811,7,1,1
202100042494,125Â 662,B01,1,1,2,9,2,0,-1,0,0,-1,2021,32.0,2,1,0,2,3,1,5,,4,RUE DE JOINVILLE,0,,1,1,0,1,(1),(1),1,, -1,1,0,1,50,26,4,2021,19:25,1,75,75119,2,1,0,2,RUE DE JOINVILLE,48.889863,2.380043,19,3,2
202100051086,110Â 362,A01,10,3,2,3,0,-1,-1,2,3,1,2021,79.0,1,1,0,1,1,1,5,,4,RUE DE GRENELLE,0,,1,1,1,1,(1),(1),1,, -1,2,0,1,50,18,2,2021,13:30,1,75,75107,2,3,1,6,RUE DE GRENELLE,48.857826,2.306531,13,2,1
202100008001,187Â 432,B01,1,1,1,4,2,8,-1,-1, -1,-1,2021,19.0,0,1,0,2,7,1,1,,4,BRUTUS AVENUE GILBERT,0,,2,2,0,2,(1),(1),1,, -1,1,0,1,50,13,11,2021,22:33,5,66,66136,2,3,0,3,BRUTUS AVENUE GILBERT,42.69362,2.89092,22,2,2
202100022561,161Â 301,A01,1,1,1,5,2,6,9,0,0,-1,2021,49.0,1,1,0,0,7,1,1,,3,613,0,,2,2,0,2,84,200,1,, -1,1,0,1,50,26,8,2021,20:15,2,14,14406,2,1,0,7,D613,49.241959,-0.603036,20,2,1