Num_Acc,id_vehicule,num_veh,place,catu,sexe,trajet,secu1,secu2,secu3,locp,actp,etatp,year_acc,victim_age,senc,catv,obs,obsm,choc,manv,motor,occutc,catr,voie,v1,v2,circ,nbv,vosp,prof,pr,pr1,plan,lartpc,larrout,surf,infra,situ,vma,jour,mois,an,hrmn,lum,dep,com,agg_,int,atm,col,adr,lat,long,hour,nb_victim,nb_vehicules
202100038336,133Â 107,A01,1,1,1,0,8,0,-1,-1, -1,-1,2021,56.0,1,2,0,2,3,15,1,,4,CORPS DE GARDE (RUE DES),0,,2,2,1,1,0,0,1,, -1,1,0,1,50,21,5,2021,12:00,1,67,67482,2,3,0,1,CORPS DE GARDE (RUE DES),48.56035,7.77435,12,2,2
202100036824,135Â 878,A01,1,1,2,5,8,0,-1,-1, -1,-1,2021,42.0,3,1,0,0,1,1,5,,4,BARBES BD ET PROMENADE-PAIRS-,0,,2,2,1,2,1,0,1,, -1,1,0,5,50,1,6,2021,13:59,1,11,11069,2,1,0,7,BARBES BD ET PROMENADE-PAIRS-,43.21047,2.34952,13,1,1
202100004178,194Â 285,A01,1,1,1,5,2,-1,-1,0,0,-1,2021,47.0,3,1,15,0,3,0,1,,2,54,-1,,2,2,0,2,(1),(1),3,, -1,1,0,3,50,9,12,2021,04:00,3,977,97701,2,1,0,1,RTE DE LURIN,17.89198,-62.841614,4,1,1
202100050734,110Â 998,B01,1,1,1,5,2,6,-1,-1,0,-1,2021,24.0,1,1,0,2,4,1,1,,3,AV AMBROISE CROIZAT,0,,3,2,0,1,8,830,1,, -1,1,0,1,50,21,2,2021,01:40,5,95,95268,2,1,0,2,AV AMBROISE CROIZAT,48.96262,2.41335,1,2,2
202100025813,155Â 552,A01,1,1,1,9,1,-1,-1,0,0,-1,2021,60.0,1,2,15,0,3,1,1,,3,59,0,,2,2,0,1,23,300,3,, -1,1,0,3,80,31,7,2021,11:00,1,18,18151,1,1,0,6,Les Salmons,47.244789,2.701392,11,1,1
202100049389,113Â 478,A01,10,3,1,1,0,-1,-1,2,9,1,2021,48.0,0,1,0,1,1,26,5,,4,PARIS (RUE DE),0,,2,2,0,2,(1),(1),1,, -1,2,0,1,50,3,3,2021,07:40,1,35,35238,2,1,0,6,PARIS (RUE DE),48.11424,-1.65883,7,2,1
202100034444,140Â 164,B01,2,2,2,0,1,0,-1,-1, -1,-1,2021,25.0,2,2,0,2,3,20,1,,4,FRERES RECLUS (R DES),0,,2,2,0,1,1,0,1,, -1,1,0,1,50,14,6,2021,13:25,1,94,94022,2,1,0,3,Rue des Freres Reclus,48.757351,2.407445,13,3,2
202100017073,171Â 110,A01,1,1,1,5,2,6,-1,0,0,-1,2021,32.0,2,1,0,2,1,1,1,,4,COURS ALBERT 1ER,0,,3,3,0,1,(1),(1),1,, -1,1,0,1,30,23,9,2021,01:15,5,75,75108,2,7,0,3,COURS ALBERT 1ER,48.864284104,2.3022396214,1,2,2
202100050509,111Â 417,A01,10,3,2,3,0,-1,-1,2,3,1,2021,78.0,1,2,0,1,2,16,1,,3,909,0,,2,2,0,2,(1),(1),1,, -1,1,5,1,50,24,2,2021,10:35,1,74,74299,2,3,0,6,D909,45.881104,6.179024,10,2,1
202100042386,125Â 866,A01,2,2,2,4,0,-1,-1,0,0,-1,2021,39.0,1,5,2,0,1,1,1,,2,580,0,N,2,2,0,2,19,50,1,, -1,2,0,3,70,27,4,2021,22:30,3,30,30221,1,1,1,7,N580,44.028556,4.736953,22,3,1
202100033952,141Â 074,A01,1,1,1,5,1,-1,-1,0,0,-1,2021,18.0,1,2,2,0,2,0,1,,4,,-1,,2,2,0,1,(1),(1),1,,4,2,0,3,50,17,6,2021,21:30,2,77,77222,2,1,1,6,Rue du Bois Boulay,48.628222,2.801707,21,3,1
202100048494,115Â 079,A01,2,2,1,5,1,0,-1,-1, -1,-1,2021,38.0,2,5,0,2,2,14,1,,1,A46N   19.955 A 25.180,0,,3,6,0,3,23,100,1,, -1,1,0,1,90,10,3,2021,21:10,3,69,69286,1,1,0,2,A46N,45.82097,4.91851,21,4,2
202100052263,108Â 289,A01,1,1,1,1,2,6,-1,0,0,-1,2021,40.0,1,1,1,0,1,2,1,,3,299,0,D,2,2,0,1,9,145,1,, -1,2,0,1,80,8,2,2021,12:20,1,47,47110,1,1,1,2,D299,44.461381,0.266077,12,2,2
202100024562,157Â 755,B01,1,1,1,0,1,0,-1,-1, -1,-1,2021,52.0,1,2,0,2,1,0,1,,9,MADELEINE(RUE),0,,3,2,0,1,0,0,1,, -1,1,5,1,50,12,8,2021,10:15,1,93,93070,2,1,0,2,MADELEINE(RUE),48.90744,2.34135,10,2,2
202100036082,137Â 187,A01,10,3,2,0,0,-1,-1,2,3,2,2021,73.0,1,2,0,1,3,1,1,,9,BD DES LICES,0,,2,2,3,1,0,0,1,, -1,1,0,1,50,6,6,2021,18:45,1,13,13004,2,1,0,6,BD DES LICES,43.67513,4.62978,18,3,1
202100039800,130Â 439,B01,1,1,2,3,1,-1,-1,-1, -1,-1,2021,48.0,1,2,0,2,3,1,1,,4,LUDOVIC ARRACHART                   (R ),0,,1,0,0,1,(1),(1),1,, -1,2,0,1,50,15,5,2021,19:20,2,69,69388,2,2,1,3,LUDOVIC ARRACHART (R),45.73057,4.86448,19,2,2
202100033263,142Â 314,A01,1,1,1,5,1,-1,-1,0,0,-1,2021,57.0,1,2,13,0,1,1,1,,3,,0,,2,1,0,3,(1),(1),1,,3,1,0,3,50,20,6,2021,20:30,1,21,21004,2,1,0,6,1 rue du Mont Aigu,47.662988,4.73456,20,1,1
202100049110,113Â 972,C01,1,1,1,5,1,5,-1,0,0,-1,2021,38.0,1,2,0,2,5,1,1,,2,NATIONALE 13 (ROUTE),0,,-1,3,0,1,(1),(1),1,, -1,1,0,1,70,5,3,2021,17:25,1,27,27229,1,1,0,5,NATIONALE 13 (ROUTE),49.015664,1.17786,17,4,4
202100002388,197Â 513,B01,1,1,1,1,8,0,-1,-1, -1,-1,2021,31.0,3,1,0,2,1,9,3,,4,GASPERI ALCIDE DE (RUE),0,,2,2,0,1,0,0,1,, -1,1,5,1,50,17,12,2021,07:30,5,72,72181,2,2,0,3,GASPERI ALCIDE DE (RUE),47.99159,0.22761,7,2,2
202100014888,175Â 100,A01,10,3,2,5,0,-1,-1,3,3,1,2021,76.0,1,2,0,1,2,1,1,,3,11,-1,,2,2,0,1,0,500,1,,7,1,0,1,50,7,10,2021,10:50,1,64,64371,2,2,0,6,34 boulevard gambetta,43.222882,-0.891282,10,2,1
202100047032,117Â 704,A01,1,1,1,4,8,0,-1,-1, -1,-1,2021,22.0,2,0,0,2,1,16,3,,7,LIBERATION. AVENUE DE LA,0,,2,2,3,1,20,470,1,, -1,1,-1,6,50,6,3,2021,12:25,1,76,76540,2,1,0,3,LIBERATION. AVENUE DE LA,49.42582,1.06863,12,2,2
202100045910,119Â 693,B01,1,1,2,0,1,-1,-1,-1, -1,-1,2021,59.0,0,5,0,0,1,0,0,,4,TACHE VELIN (DE)                    (CH),0,,2,2,0,1,(1),(1),1,, -1,1,0,1,30,30,3,2021,16:30,1,69,69259,2,1,0,1,TACHE VELIN (DE) (CHM),45.7151132046,4.8687297106,16,2,2
202100055479,102Â 682,A01,10,3,1,2,0,-1,-1,4,3,1,2021,12.0,1,2,0,1,3,1,1,,7, 71,0,,2,3,0,1,(1),(1),1,, -1,2,0,1,70,7,1,2021,07:50,2,54,54257,2,2,1,6,FLEVILLE (ROUTE DE),48.648099431,6.2087787688,7,2,1
202100004149,194Â 329,A01,10,3,2,3,0,-1,-1,2,3,1,2021,66.0,3,2,0,1,3,1,1,,4,1,0,A,2,2,0,1,(1),(1),1,, -1,2,6,1,50,8,12,2021,18:00,3,62,62080,2,1,0,6,Rue des Freres Coint,50.107258,2.847594,18,2,1
202100038884,132Â 125,A01,1,1,1,4,2,6,-1,-1, -1,-1,2021,31.0,1,1,0,0,7,1,1,,4,ST BARTHELEMY                       (MO),0,,1,1,0,3,(1),(1),1,, -1,2,0,1,50,21,5,2021,19:02,1,69,69385,2,1,1,7,ST BARTHELEMY                       (MO),45.7618,4.824,19,1,1
202100041101,128Â 144,A01,1,1,1,9,2,0,-1,-1, -1,-1,2021,16.0,1,1,0,2,0,1,1,,4,DEUX CROIX BOULEVARD,0,,-1,2,0,1,1,0,1,, -1,1,0,1,50,26,4,2021,19:50,1,49,49007,2,1,0,3,DEUX CROIX BOULEVARD,47.474597,-0.52924,19,2,2
202100054850,103Â 761,A01,1,1,1,5,2,6,-1,-1, -1,-1,2021,56.0,2,1,0,2,1,1,1,,4,,0,,2,4,3,1,(1),(1),1,, -1,2,0,1,50,15,1,2021,11:55,1,69,69386,2,3,1,2,BELGES (DES)                        (BD),45.7754359938,4.8467806577,11,2,2
202100027037,153Â 388,A01,1,1,1,4,2,0,-1,-1, -1,-1,2021,25.0,2,1,0,2,1,21,1,,1,86,0,,3,1,0,1,8,800,1,, -1,2,0,1,70,26,7,2021,10:00,1,92,92036,1,1,1,5,A86,48.9378606491,2.2967300369,10,4,3
202100025665,155Â 803,A01,1,1,1,5,2,6,-1,0,0,-1,2021,21.0,3,1,3,0,3,1,1,,4,1,0,C,2,2,1,1,(1),(1),3,, -1,1,0,3,80,4,8,2021,17:00,1,44,44120,1,1,0,7,Z.A LA BRAHANNERIE,47.185571,-1.779442,17,2,1
202100049830,112Â 676,A01,2,2,1,4,1,-1,-1,0,0,-1,2021,15.0,2,4,0,0,8,1,1,,3,,-1,,2,2,0,1,23,200,2,, -1,1,0,1,90,1,3,2021,08:10,1,88,88206,1,1,0,7,RD 166,48.301638,5.913262,8,2,1
202100044394,122Â 326,A01,1,1,1,0,1,-1,-1,0,0,-1,2021,70.0,2,2,13,0,2,0,1,,3,623,0,D,2,2,0,2,33,0,2,, -1,2,0,3,70,11,4,2021,15:15,1,11,11158,1,1,1,7,D623,43.075749,2.196815,15,1,1
202100026619,154Â 125,B01,1,1,1,0,8,0,-1,0,0,-1,2021,34.0,1,1,0,2,7,3,1,,2,T21,0,,-1,2,0,1,(1),(1),1,, -1,1,0,1,90,28,7,2021,10:30,1,201,201004,1,1,0,3,T21,41.928568056,8.7696594,10,2,2
202100054875,103Â 719,B01,1,1,1,5,8,0,-1,-1, -1,-1,2021,40.0,1,1,0,2,1,1,5,,3,R.N.80,0,,2,2,0,1,47,600,1,, -1,1,0,1,80,14,1,2021,13:25,1,71,71309,1,2,0,1,PERIGAS (CHEMIN DE),46.782883703,4.4120223724,13,2,2
202100022594,161Â 229,A01,1,1,2,0,1,-1,-1,-1, -1,-1,2021,40.0,0,2,0,2,1,0,1,,7,ROUTE DE STRASBOURG D 483           (RO),0,,2,2,0,1,4,100,1,, -1,1,0,1,50,22,8,2021,10:50,1,69,69286,2,1,0,2,STRASBOURG (DE) (RTE),45.8130203688,4.8873281479,10,2,2
202100004344,193Â 991,A01,1,1,1,5,2,6,-1,0,0,-1,2021,60.0,1,1,14,0,0,17,1,,3,56,0,,2,2,0,1,5,200,2,,4,1,0,1,50,2,10,2021,20:05,3,68,68084,2,3,0,6,Rue de Mulhouse,47.716154,7.397232,20,1,1
202100024772,157Â 372,B01,1,1,2,5,2,0,-1,0,0,-1,2021,25.0,2,1,0,2,7,1,3,,4,QUAI DES CELESTINS,0,,2,6,1,1,(1),(1),1,, -1,1,0,5,30,10,8,2021,19:25,1,75,75104,2,1,0,3,QUAI DES CELESTINS,48.851842,2.361485,19,2,2
202100046066,119Â 408,A01,10,3,2,5,0,-1,-1,2,3,1,2021,12.0,3,2,1,0,1,1,2,,4,RUE DU TIERS POT,0,,2,2,0,1,(1),(1),1,, -1,1,0,1,50,29,3,2021,15:30,1,95,95268,2,1,1,6,RUE DU TIERS POT,48.9672142502,2.3981416225,15,2,1
202100047903,116Â 110,A01,2,2,2,3,1,5,-1,-1, -1,-1,2021,38.0,2,2,4,0,1,13,1,,1,AUTOROUTE A1,0,,1,3,0,1,4,500,1,, -1,1,0,1,90,14,3,2021,09:50,1,972,97213,1,1,0,6,AUTOROUTE A1,14.61798,-61.02853,9,2,1
202100042242,126Â 121,A01,1,1,2,5,1,-1,-1,0,0,-1,2021,70.0,2,2,0,0,9,19,1,,3,D958,-1,,2,2,0,1,35,500,1,, -1,1,0,3,90,28,4,2021,14:10,1,61,61303,1,1,0,7,Lieu Dit Maison Blanche,48.831401,-0.141988,14,1,1
202100004693,193Â 387,A01,3,2,2,0,1,0,-1,-1, -1,-1,2021,7.0,1,2,0,2,4,1,1,,3,ROUTE DE CHAZEAU,0,,2,2,0,1,(1),(1),1,, -1,1,0,1,70,3,12,2021,07:00,1,971,97101,1,1,0,2,ROUTE DE CHAZEAU,16.28052,-61.49508,7,4,2
202100024174,158Â 451,B01,1,1,2,5,1,-1,-1,0,0,-1,2021,47.0,1,2,0,2,3,1,2,,3,768,0,D,2,2,0,1,2,145,2,, -1,1,0,1,80,15,8,2021,06:55,2,22,22219,1,1,1,1,Saint-ThÃ©o,48.2539381744,-2.7199869792,6,2,2
202100043268,124Â 324,A01,10,3,1,5,0,-1,-1,2,3,1,2021,83.0,2,2,0,1,1,1,1,,7,2,-1,,2,2,0,1,31,390,1,, -1,1,0,1,50,21,4,2021,16:45,1,31,31506,2,1,0,6,49 Avenue de Gameville,43.550384,1.535386,16,2,1
202100001860,198Â 470,A01,1,1,2,1,1,8,-1,-1, -1,-1,2021,36.0,1,2,0,2,3,13,1,,3,RD 40,0,,2,3,0,1,5,90,3,, -1,1,0,1,80,6,12,2021,07:30,2,62,62724,1,1,0,1,RD 40,50.398478,2.889221,7,2,2
202100054711,103Â 995,A01,10,3,1,4,0,-1,-1,6,9,1,2021,51.0,1,2,15,1,1,1,1,,3,,-1,,2,2,0,1,22,134,3,, -1,2,0,1,70,14,1,2021,11:55,1,76,76689,1,1,1,6,Route de Valmont,49.71927,0.506626,11,2,1
202100012524,179Â 325,B01,1,1,1,4,0,-1,-1,0,0,-1,2021,58.0,2,4,0,2,2,1,1,,3,936,-1,,2,2,0,2,6,200,3,, -1,1,0,1,80,19,10,2021,17:00,1,80,80738,1,1,0,1,RD 936,49.953332,2.055044,17,2,2
202100027863,151Â 910,A01,1,1,1,0,1,-1,-1,-1, -1,-1,2021,33.0,1,2,0,2,1,1,1,,1,ROCADE A 630,0,,3,4,0,1,7,504,1,, -1,1,0,1,90,21,7,2021,15:35,1,33,33075,1,1,0,2,Rocade Nord A630,44.888939,-0.594622,15,2,2
202100040518,129Â 182,B01,2,2,2,0,1,0,-1,-1, -1,-1,2021,28.0,1,2,0,2,3,1,1,,3,BD JEAN MERMOZ,0,,1,1,0,1,0,0,1,, -1,1,0,1,30,9,5,2021,10:10,1,94,94021,2,1,0,6,JEAN MERMOZ (BD),48.7686972359,2.3370194435,10,4,2
202100038070,133Â 610,A01,1,1,1,5,1,-1,-1,0,0,-1,2021,26.0,2,2,2,0,1,1,1,,3,115,0,D,2,2,0,1,77,125,3,, -1,1,0,3,80,18,5,2021,00:30,3,33,33334,1,1,0,6,,44.667669,-0.443316,0,1,1
202100026477,154Â 371,A01,1,1,2,0,8,0,-1,-1, -1,-1,2021,26.0,3,1,0,2,2,1,5,,4,CENT-VINGT-TROISIEME REGIMENT D,0,,-1,1,1,3,(1),(1),3,, -1,1,0,1,30,28,7,2021,14:35,1,17,17300,2,6,0,3,CENT-VINGT-TROISIEME REGIMENT D,46.15221,-1.14824,14,2,2
202100026292,154Â 695,B01,1,1,1,0,1,0,-1,0,0,-1,2021,22.0,1,2,0,2,2,1,1,,7,MAREVILLE (CHEMIN ET RUE DE),0,,2,3,0,1,(1),(1),1,, -1,1,0,1,50,30,7,2021,13:20,1,54,54304,2,2,0,3,BOIS GRONEE (AVENUE DU),48.6793281055,6.1425898969,13,3,2
202100026362,154Â 572,B01,1,1,2,4,1,-1,-1,0,0,-1,2021,27.0,2,5,0,0,1,1,1,,3,612,0,D,2,2,0,1,77,893,3,, -1,1,0,1,90,31,7,2021,08:35,1,81,81218,1,1,0,1,RD 612,43.883867,2.168341,8,2,2
202100043072,124Â 683,A01,1,1,1,0,1,0,-1,-1, -1,-1,2021,28.0,1,2,0,2,1,15,1,,3,SEMARD (RUE PIERRE),0,,2,2,0,1,0,1,1,, -1,1,0,1,50,22,4,2021,16:45,1,93,93008,2,3,0,3,SEMARD (RUE PIERRE),48.91274,2.45085,16,2,2
202100027057,153Â 352,B01,1,1,2,1,2,8,-1,-1, -1,-1,2021,54.0,2,1,0,2,8,1,3,,4,CAP NEGRE (ALLEE ET CHE),0,,3,2,1,2,0,0,1,, -1,1,0,1,50,22,7,2021,12:55,1,83,83129,2,1,0,3,CAP NEGRE (ALLEE ET CHE),43.102753,5.811474,12,2,2
202100013346,177Â 894,B01,1,1,1,5,2,-1,-1,0,0,-1,2021,56.0,1,1,0,2,1,13,6,,3,323,-1,,2,2,0,2,84,250,1,, -1,1,0,1,-1,14,10,2021,17:40,1,72,72084,1,1,0,3,D323,47.74713,0.00189,17,2,2
202100016534,172Â 072,A01,2,2,1,9,2,0,-1,0,0,-1,2021,24.0,2,1,0,2,2,1,1,,4,RUE LA CONDAMINE,0,,2,2,0,1,(1),(1),1,, -1,1,0,1,30,24,9,2021,23:58,5,75,75117,2,2,0,3,RUE LA CONDAMINE,48.886379,2.322376,23,3,2
202100026368,154Â 561,A01,2,2,1,5,1,-1,-1,0,0,-1,2021,16.0,3,2,6,0,1,15,1,,3,65,0,,2,2,0,1,(1),(1),2,,4,1,0,3,50,31,7,2021,00:45,3,80,80190,2,4,0,6,574 Rue du Bois,50.067914,1.651812,0,3,1
202100018298,168Â 916,B01,1,1,2,1,8,-1,-1,-1, -1,-1,2021,26.0,1,1,0,2,4,19,3,,4,GUILLOTIERE (DE LA)                 (PT),0,,3,5,2,1,(1),(1),1,, -1,1,2,1,50,17,9,2021,11:15,1,69,69383,2,2,0,3,GUILLOTIERE (DE LA) (PT),45.7562808854,4.8402830539,11,2,2
202100054082,105Â 077,A01,10,3,2,0,0,-1,-1,3,3,1,2021,12.0,1,1,0,1,7,1,1,,4,ROOSEVELT (AVENUE DU PRESIDENT),0,,2,2,0,1,(1),(1),1,, -1,2,0,1,50,21,1,2021,16:10,1,19,19031,2,1,1,6,ROOSEVELT (AVENUE DU PRESIDENT),45.15849,1.52769,16,2,1
202100011773,180Â 666,A01,10,3,2,0,0,-1,-1,4,3,2,2021,12.0,2,5,0,1,2,1,1,,3,MARMONT (AVENUE),0,,1,2,0,1,0,0,1,, -1,2,0,1,50,21,10,2021,19:20,5,91,91687,2,9,1,6,MARMONT (AVENUE),48.66346,2.37524,19,2,1
202100052896,107Â 168,B01,1,1,1,2,2,6,-1,-1, -1,-1,2021,16.0,1,1,0,2,4,1,1,,4,DE JOUVENEL (BOULEVARD HENRI),0,,2,2,0,1,(1),(1),1,, -1,1,0,1,50,29,1,2021,17:20,1,19,19031,2,1,0,2,DE JOUVENEL (BOULEVARD HENRI),45.15978,1.52333,17,2,2
202100047185,117Â 422,A01,1,1,1,5,2,6,-1,0,0,-1,2021,30.0,2,1,17,0,1,1,1,,3,322,-1,,2,2,0,2,17,150,1,, -1,1,0,3,50,21,3,2021,14:00,1,40,40283,2,1,0,6,route de l'adour,43.738933,-1.006172,14,1,1
202100046999,117Â 771,A01,10,3,1,3,0,-1,-1,1,3,1,2021,66.0,2,2,0,1,2,1,1,,7,24,0,D,2,2,0,2,3,400,3,, -1,1,0,1,50,24,3,2021,17:30,1,31,31417,2,1,1,6,33 Rue Principale,43.617778,1.283855,17,2,1
202100044917,121Â 435,B01,2,2,2,0,2,8,-1,-1, -1,-1,2021,50.0,1,1,0,2,2,17,1,,4,,0,,2,2,0,1,(1),(1),1,, -1,1,0,1,50,2,4,2021,18:10,1,85,85194,2,1,0,6,MITTERAND (AVENUE FRANCOIS),46.52341,-1.77545,18,3,2
202100036731,136Â 055,A01,1,1,1,5,6,2,-1,0,0,-1,2021,44.0,2,1,0,2,7,1,1,,3,669,-1,E,2,2,0,1,2,202,2,, -1,2,0,1,50,3,6,2021,20:20,1,33,33100,2,6,1,3,Rond-point LECLERC,45.129561,-0.640914,20,2,2
202100040383,129Â 423,A01,10,3,2,4,8,8,-1,3,0,-1,2021,42.0,3,2,0,1,1,26,0,,3,LEON BLUM (AVENUE),0,,2,2,0,1,1,0,1,, -1,1,0,1,50,11,5,2021,09:15,1,93,93050,2,1,0,6,LEON BLUM (AVENUE),48.86758,2.53277,9,3,1
202100033741,141Â 458,A01,10,3,2,3,0,-1,-1,2,3,1,2021,85.0,1,1,0,1,2,1,5,,3,554,-1,,2,2,0,1,20,300,1,, -1,1,0,1,30,19,6,2021,10:25,1,83,83146,2,9,0,6,quartier sous ville,43.636345,5.936348,10,2,1
202100045101,121Â 119,A01,10,3,2,5,0,-1,-1,3,3,2,2021,5.0,2,2,12,1,1,26,2,,3,SAINT-NICOLAS (RUE DU FAUBOURG),0,,3,1,0,1,(1),(1),1,, -1,1,9,1,50,2,4,2021,17:30,1,21,21054,2,1,0,6,25 Rue du Faubourg Saint-Nicolas,47.02875,4.84003,17,4,1
202100008553,186Â 447,A01,2,2,1,5,8,-1,-1,0,0,-1,2021,38.0,1,2,0,2,1,5,1,,3,617,-1,,1,4,0,1,11,170,1,, -1,2,0,1,70,11,11,2021,20:45,3,66,66037,1,1,1,1,RD 617,42.701487,3.017743,20,4,2
202100006059,190Â 970,A01,1,1,1,0,8,-1,-1,0,0,-1,2021,28.0,2,2,2,0,1,1,1,,3,28,0,D,2,2,0,1,38,341,2,, -1,1,0,3,80,27,11,2021,19:30,3,81,81271,1,1,0,6,D28,43.762199,1.687742,19,1,1
202100015026,174Â 848,A01,10,3,2,2,0,-1,-1,3,3,2,2021,6.0,3,2,0,1,1,1,1,,4,KENNEDY ( AVENUE JOHN ),0,,3,2,0,1,(1),(1),1,, -1,1,0,8,50,4,10,2021,13:49,1,62,62041,2,1,0,6,KENNEDY ( AVENUE JOHN ),50.287499,2.749913,13,4,1
202100040200,129Â 743,B01,1,1,2,5,1,8,-1,-1, -1,-1,2021,28.0,1,2,0,2,4,2,1,,2,05 PK RN237 MOULIN JUSTICE RE,0,,3,4,0,1,5,500,1,, -1,1,0,1,90,12,5,2021,20:36,1,17,17300,1,1,0,2,05 PK RN237 MOULIN JUSTICE RE,46.17228,-1.18388,20,2,2
202100033081,142Â 612,B01,1,1,1,9,2,0,-1,0,0,-1,2021,40.0,1,1,0,2,4,23,1,,4,RUE MARX DORMOY,0,,2,4,0,1,(1),(1),1,, -1,1,0,1,50,21,6,2021,12:30,1,75,75118,2,1,0,2,RUE MARX DORMOY,48.88944,2.359922,12,2,2
202100044392,122Â 328,A01,1,1,2,5,8,-1,-1,0,0,-1,2021,37.0,1,2,12,0,1,2,1,,3,999,-1,D,2,2,0,1,6,210,3,, -1,1,5,8,80,10,4,2021,17:00,1,82,82167,1,6,0,6,D999,43.9443733124,1.4634279907,17,1,1
202100020977,164Â 172,A01,1,1,2,0,1,0,-1,-1, -1,-1,2021,28.0,2,2,0,2,3,2,1,,2,104,0,,3,4,0,1,44,0,1,, -1,1,0,1,110,4,9,2021,15:30,1,91,91235,1,1,0,2,RN 104,48.625792,2.359148,15,3,2
202100033781,141Â 385,A01,1,1,1,5,8,-1,-1,-1, -1,-1,2021,18.0,2,1,0,2,1,9,5,,4,FRANCISQUE JOMARD                   (R ),0,,2,2,0,1,(1),(1),1,, -1,1,0,1,30,14,6,2021,18:50,1,69,69149,2,1,0,3,FRANCISQUE JOMARD (R),45.7159596785,4.7968693531,18,2,2
202100049887,112Â 567,A01,1,1,1,0,2,6,-1,-1, -1,-1,2021,22.0,1,1,0,2,1,25,1,,4,ROUMANILLE (RUE),0,,2,1,1,1,0,0,1,, -1,1,0,1,50,27,2,2021,12:00,1,30,30189,2,1,0,3,ROUMANILLE (RUE),43.82837,4.35323,12,2,2
202100012275,179Â 786,B01,1,1,1,1,2,6,-1,-1, -1,-1,2021,35.0,2,1,0,2,1,15,1,,3,50,0,,2,4,1,1,0,0,1,, -1,1,0,1,50,19,10,2021,09:15,1,92,92049,2,3,0,3,BARBES RUE,48.8171351424,2.3307484388,9,2,2
202100005629,191Â 723,A01,1,1,1,5,2,6,-1,0,0,-1,2021,19.0,1,1,0,0,0,21,1,,3,49,-1,,2,2,0,1,6,600,2,, -1,1,0,3,80,29,8,2021,16:35,1,14,14203,1,1,0,7,d49,49.2371171,-0.080539,16,1,1
202100023727,159Â 205,B01,1,1,1,1,2,8,-1,-1, -1,-1,2021,53.0,0,1,12,2,0,21,1,,7,ENCO DE BOTTE (RTE),0,,2,2,0,1,0,0,1,, -1,1,0,1,50,17,8,2021,14:00,1,13,13212,2,6,0,7,ENCO DE BOTTE (RTE),43.317,5.469,14,2,2
202100037804,134Â 085,A01,2,2,1,5,1,5,-1,0,0,-1,2021,18.0,0,2,0,2,1,1,1,,6,NATIONALE 13 (ROUTE),0,,-1,-1,0,1,(1),(1),1,, -1,1,9,8,30,28,5,2021,14:15,1,27,27306,2,9,0,3,NATIONALE 13 (ROUTE),49.01384,1.17522,14,3,2
202100021235,163Â 699,A01,10,3,2,5,0,-1,-1,4,3,1,2021,60.0,1,5,0,2,2,16,1,,4,PIA (TRAVERSE DE),0,,2,2,0,1,0,0,1,, -1,1,0,1,50,1,9,2021,15:47,1,66,66136,2,3,0,6,PIA (TRAVERSE DE),42.70648,2.89188,15,2,1
202100025386,156Â 279,B01,1,1,2,5,1,-1,-1,0,0,-1,2021,37.0,2,2,0,2,3,1,1,,4,,-1,,2,2,0,1,(1),(1),2,,4,1,0,1,50,6,8,2021,18:15,1,68,68294,2,1,0,1,1 Petit Rombach,48.260997,7.214914,18,3,2
202100052749,107Â 440,A01,1,1,1,5,1,8,-1,-1, -1,-1,2021,40.0,2,2,0,2,1,13,1,,3,ENTRAIDE (ROUTE DE L'),0,,2,2,0,1,1,0,1,, -1,1,0,1,50,2,2,2021,18:40,3,972,97209,1,1,0,5,ENTRAIDE (ROUTE DE L'),14.62505,-61.0549,18,6,4
202100006162,190Â 797,B01,1,1,1,5,0,-1,-1,0,0,-1,2021,18.0,0,1,0,2,1,1,5,,4,0,0,A,2,2,0,1,0,0,1,, -1,2,5,1,50,27,11,2021,15:20,1,44,44184,2,2,1,1,Rue de Pornichet,47.267837,-2.222017,15,2,2
202100032381,143Â 887,A01,2,2,2,5,1,-1,-1,0,0,-1,2021,59.0,1,2,7,0,1,16,1,,3,820,-1,,2,2,0,1,58,150,1,, -1,1,9,8,80,26,6,2021,15:15,1,82,82028,1,2,0,6,D820,43.8564433127,1.2931586802,15,2,1
202100026277,154Â 727,B01,1,1,1,5,2,6,-1,0,0,-1,2021,54.0,2,1,0,2,1,15,1,,3,LAMARTINE (QUAI),0,,3,4,0,1,76,685,1,, -1,1,5,1,50,28,7,2021,11:20,1,71,71270,2,3,0,3,129 Quai Lamartine,46.30425,4.83457,11,2,2
202100004909,193Â 013,B01,2,2,2,5,2,6,-1,0,0,-1,2021,21.0,2,1,0,2,4,2,1,,4,QUAI D ISSY LES MOULINEAUX,0,,1,4,0,1,10,200,1,, -1,1,0,1,70,2,12,2021,17:40,2,75,75115,2,1,0,5,QUAI D ISSY LES MOULINEAUX,48.83484,2.264067,17,4,3
202100053815,105Â 559,A01,1,1,2,0,1,-1,-1,-1, -1,-1,2021,26.0,2,2,3,0,1,13,1,,2,89,0,,3,4,0,1,47,900,1,, -1,1,0,1,110,25,1,2021,11:00,1,33,33013,1,1,0,6,ROUTE NATIONALE 89,44.866665,-0.47703,11,1,1