Num_Acc,id_vehicule,num_veh,place,catu,sexe,trajet,secu1,secu2,secu3,locp,actp,etatp,year_acc,victim_age,senc,catv,obs,obsm,choc,manv,motor,occutc,catr,voie,v1,v2,circ,nbv,vosp,prof,pr,pr1,plan,lartpc,larrout,surf,infra,situ,vma,jour,mois,an,hrmn,lum,dep,com,agg_,int,atm,col,adr,lat,long,hour,nb_victim,nb_vehicules
202100030007,148Â 157,A01,1,1,1,9,2,0,-1,0,0,-1,2021,30.0,1,1,0,2,1,18,5,,4,RUE DE VAUGIRARD,0,,2,2,0,1,(1),(1),1,, -1,1,0,1,50,8,7,2021,00:20,5,75,75106,2,2,0,3,RUE DE VAUGIRARD,48.848699,2.332802,0,3,2
202100030199,147Â 789,A01,1,1,2,0,2,0,-1,0,0,-1,2021,56.0,2,1,0,2,5,11,1,,4,GUILLOU (BOULEVARD YVES),0,,1,3,0,2,1,0,1,, -1,1,0,1,50,7,7,2021,18:50,1,14,14118,2,1,0,3,Boulevard Yves Guillou,49.17266,-0.37877,18,2,2
202100036436,136Â 578,A01,1,1,1,1,8,0,-1,-1, -1,-1,2021,51.0,1,1,0,2,2,17,5,,7,AV DE CASTRES,0,,2,3,1,2,2,550,1,, -1,1,0,1,50,4,6,2021,07:28,1,31,31555,2,1,0,3,AV DE CASTRES,43.59593,1.48516,7,2,2
202100020145,165Â 620,A01,1,1,1,1,1,-1,-1,0,0,-1,2021,47.0,2,2,0,2,3,15,1,,3,900,0,B,2,2,0,1,35,990,2,,5,1,0,1,70,8,9,2021,20:30,3,4,4033,1,3,0,3,RD 900 B,44.443547,6.351385,20,2,2
202100022682,161Â 070,A01,1,1,1,1,1,0,-1,-1, -1,-1,2021,52.0,1,2,0,0,2,1,1,,1,AUTOROUTE A86,0,,3,4,0,2,15,100,2,, -1,1,0,1,90,25,8,2021,05:20,3,93,93001,1,1,0,6,AUTOROUTE A86,48.921,2.37491,5,1,1
202100030191,147Â 803,A01,10,3,1,9,0,-1,-1,1,3,1,2021,13.0,1,2,0,1,2,1,1,,4,RUE FORMIGE,0,,2,2,0,1,(1),(1),1,, -1,1,0,1,30,21,6,2021,19:15,1,33,33069,2,1,0,6,Rue Formige,44.8651621711,-0.600089885,19,2,1
202100044922,121Â 428,A01,1,1,2,4,1,-1,-1,-1, -1,-1,2021,20.0,2,2,6,0,1,14,1,,3,6015,0,,2,2,0,1,88,255,1,, -1,1,5,1,70,4,4,2021,22:20,5,76,76296,1,2,0,6,Rue de la LibÃ©ration,49.51765,0.25065,22,1,1
202100048121,115Â 729,A01,1,1,1,4,8,-1,-1,-1, -1,-1,2021,43.0,3,2,0,2,3,15,1,,4,8 MAI 1945 (DU)                     (R ),0,,2,-1,0,1,(1),(1),1,, -1,1,5,1,50,12,3,2021,09:30,1,69,69152,2,2,0,3,8 MAI 1945 (DU) (R),45.70081,4.82409,9,2,2
202100000679,200Â 499,A01,4,2,1,5,1,0,-1,-1, -1,-1,2021,13.0,0,2,0,2,8,26,1,,7,ROUTE NATIONALE 113 - CARREFOUR,0,,2,2,0,1,1,233,1,, -1,1,0,1,90,5,6,2021,19:30,1,13,13117,2,1,0,3,ROUTE NATIONALE 113 - CARREFOUR,43.4175132792,5.2732833855,19,7,2
202100032262,144Â 097,B01,1,1,1,4,2,6,-1,0,0,-1,2021,22.0,1,1,0,2,1,13,1,,4,CHAMBRETTES (RUE DES),0,,2,2,0,1,(1),(1),1,, -1,1,5,1,50,24,6,2021,19:42,1,63,63113,2,3,0,1,BLUM (AVENUE LEON),45.76675,3.09606,19,2,2
202100036799,135Â 930,A01,1,1,1,5,2,6,-1,-1, -1,-1,2021,31.0,2,1,0,2,1,1,1,,3,FOCH (AVENUE DU MARECHAL),0,,2,3,1,1,19,150,1,, -1,1,0,1,50,29,5,2021,11:55,1,40,40279,2,3,0,1,FOCH (AVENUE DU MARECHAL),43.7290786867,-1.0488898975,11,2,2
202100025397,156Â 256,B01,1,1,1,0,2,6,-1,-1, -1,-1,2021,26.0,2,1,0,2,6,1,1,,1,AUTOROUTE A3,0,,3,7,0,2,3,500,1,, -1,1,0,1,90,6,8,2021,20:00,1,93,93053,1,1,0,3,AUTOROUTE A3,48.88084,2.45178,20,2,2
202100030068,148Â 039,B01,1,1,1,5,2,6,-1,0,0,-1,2021,29.0,3,1,0,2,3,1,1,,6,,-1,,-1,-1,0,1,(1),(1),1,,5,1,0,1,50,9,7,2021,12:20,1,201,201271,2,1,0,3,Zone Industrielle de Baleone,41.952325,8.796262,12,2,2
202100036508,136Â 447,A01,1,1,1,9,8,-1,-1,0,0,-1,2021,21.0,2,2,2,0,3,13,1,,3,35,0,,2,2,0,1,16,600,3,, -1,1,2,3,50,5,6,2021,08:20,1,32,32462,2,1,0,6,PK 16+600 - Route de Mouchan - RD 35,43.76986,0.302363,8,1,1
202100004459,193Â 794,A01,1,1,1,5,2,6,-1,0,0,-1,2021,53.0,1,1,0,2,1,17,1,,3,619,-1,,2,2,0,1,2,707,1,, -1,1,0,1,90,22,5,2021,18:00,1,34,34163,1,1,0,3,CD 619,43.636417,3.727326,18,2,2
202100051724,109Â 236,A01,10,3,2,1,0,-1,-1,9,3,1,2021,57.0,2,5,0,1,3,15,1,,4,MONTGOLFIER (RUE J ET E),0,,2,2,2,1,1000,0,2,, -1,7,0,1,50,12,2,2021,06:20,5,93,93064,2,1,1,6,MONTGOLFIER (RUE J ET E),48.8860742438,2.4840513186,6,2,1
202100044181,122Â 701,B01,1,1,1,5,2,8,-1,-1, -1,-1,2021,30.0,2,1,0,2,1,1,1,,3,,0,,2,0,1,1,0,1,1,, -1,1,0,1,50,13,4,2021,14:15,1,92,92049,2,5,0,3,MARNE AVENUE DE LA,48.8175101807,2.3080408573,14,2,2
202100036481,136Â 494,A01,10,3,2,0,0,-1,-1,3,3,1,2021,49.0,1,5,0,1,1,15,1,,3,,-1,,2,2,-1,1,(1),(1),1,, -1,2,0,1,-1,4,6,2021,08:40,1,94,94071,2,3,1,6,Rue du Clos de Pacy,48.7731520075,2.5180001557,8,2,1
202100019248,167Â 224,A01,1,1,1,5,2,6,9,0,0,-1,2021,24.0,1,1,0,0,0,15,1,,3,69,-1,,2,2,0,3,22,870,2,, -1,1,0,3,80,13,9,2021,19:30,1,51,51166,1,1,0,7,D69,48.9157065255,4.7980843096,19,1,1
202100035616,138Â 057,B01,2,2,2,5,1,-1,-1,0,0,-1,2021,68.0,2,2,0,2,1,1,1,,3,936,-1,,2,2,0,2,52,200,1,, -1,1,0,1,80,9,6,2021,17:45,1,64,64458,1,1,0,1,RD936,43.260933,-0.723172,17,6,2
202100000457,200Â 890,A01,2,2,2,5,1,5,-1,-1, -1,-1,2021,28.0,0,2,0,2,8,19,1,,4,WILLIAM BOOTH (AVENUE),0,,2,2,1,1,0,0,1,, -1,2,6,1,50,14,11,2021,21:30,5,13,13211,2,3,1,3,WILLIAM BOOTH (AVENUE),43.296,5.448,21,3,2
202100049011,114Â 151,A01,1,1,1,5,2,-1,-1,0,0,-1,2021,18.0,3,1,0,2,1,1,1,,4,,-1,,2,-1,-1,1,(1),(1),1,, -1,1,9,8,-1,7,3,2021,14:05,1,7,7319,2,3,0,1,Place Jean MacÃ©,44.550177,4.68399,14,4,2
202100013102,178Â 323,B01,2,2,2,5,2,6,-1,0,0,-1,2021,62.0,2,1,0,2,1,1,1,,2,GAP (ROUTE DE   RN94),0,,2,4,0,1,159,76,1,, -1,1,9,1,50,14,10,2021,12:15,1,5,5023,2,2,0,3,GAP (ROUTE DE   RN94),44.89467,6.63009,12,3,2
202100005482,191Â 992,A01,2,2,1,5,1,5,-1,-1, -1,-1,2021,25.0,1,2,4,0,1,19,1,,3,RTE DE LIMOURS,0,,1,2,0,3,(1),(1),1,, -1,2,2,1,50,28,11,2021,07:45,5,91,91021,2,9,1,7,RTE DE LIMOURS,48.5988,2.24495,7,2,1
202100047197,117Â 403,A01,1,1,1,1,1,0,-1,-1, -1,-1,2021,37.0,1,2,0,2,7,2,1,,1,A4.Y,0,,3,8,0,1,20,100,1,, -1,1,3,1,110,20,3,2021,08:00,1,77,77146,1,1,0,3,A4.Y,48.8317,2.64757,8,2,2
202100018011,169Â 439,B01,1,1,1,0,2,0,-1,0,0,-1,2021,73.0,2,1,0,2,4,2,1,,7,CORNIGLION MOLINIER (BD),0,,1,3,0,1,0,0,1,, -1,1,0,1,70,19,9,2021,18:55,1,6,6088,2,1,0,2,CORNIGLION MOLINIER (BD),43.666711,7.215027,18,3,3
202100009316,185Â 052,A01,1,1,1,1,2,6,-1,-1, -1,-1,2021,62.0,0,1,0,2,1,18,1,,4,ANDRE KARMAN (RUE)  => 136/143,0,,1,1,0,1,0,0,1,, -1,1,0,1,50,5,11,2021,11:35,1,93,93001,2,1,0,2,ANDRE KARMAN (RUE)  => 136/143,48.90473,2.3839,11,2,2
202100039718,130Â 586,A01,1,1,1,4,2,6,-1,0,0,-1,2021,37.0,1,1,0,2,1,2,1,,4,BOULEVARD HAUSSMANN,0,,1,3,0,1,(1),(1),1,, -1,2,0,1,50,16,5,2021,19:00,1,75,75109,2,7,1,2,BOULEVARD HAUSSMANN,48.87315,2.33174,19,2,2
202100002806,196Â 754,B01,1,1,2,4,1,8,-1,-1, -1,-1,2021,52.0,2,2,0,2,3,1,1,,4,MARNE (BD DE LA),0,,-1,1,0,1,0,0,1,, -1,1,0,1,50,15,12,2021,21:15,5,94,94068,2,2,0,3,MARNE (BD DE LA),48.789,2.509,21,3,2
202100016046,172Â 970,B01,2,2,2,5,1,0,-1,-1, -1,-1,2021,51.0,2,2,0,2,4,1,1,,1,A86,0,,3,4,0,1,6,199,1,, -1,1,0,1,90,30,9,2021,16:40,1,92,92036,1,1,0,2,A86,48.9357613185,2.2630026617,16,3,2
202100004637,193Â 477,B01,1,1,1,0,1,0,-1,-1, -1,-1,2021,22.0,1,2,0,2,4,23,0,,1,AUTOROUTE A1,0,,3,4,0,1,1,500,1,, -1,1,1,1,90,5,12,2021,06:40,5,93,93066,1,1,1,2,AUTOROUTE A1,48.91462,2.3577,6,2,2
202100028949,149Â 981,B01,1,1,1,0,8,0,-1,-1, -1,-1,2021,25.0,1,1,3,2,4,9,1,,1,A12 W,0,,1,1,0,1,0,500,2,, -1,1,3,1,90,14,7,2021,20:20,1,78,78043,1,1,0,2,A12 W,48.842346,2.097543,20,2,2
202100025336,156Â 366,B01,1,1,2,1,2,6,-1,0,0,-1,2021,25.0,3,1,0,2,8,1,1,,4,BOULEVARD SOULT,0,,2,2,0,1,(1),(1),1,, -1,1,0,1,50,5,8,2021,09:45,1,75,75112,2,2,0,3,BOULEVARD SOULT,48.844316,2.410398,9,2,2
202100019779,166Â 293,A01,2,2,2,0,1,-1,-1,0,0,-1,2021,76.0,1,2,0,2,1,1,1,,3,7,0,,2,2,0,1,9,850,1,, -1,1,0,1,80,10,9,2021,17:25,1,60,60233,1,1,0,3,,49.6389984016,1.8660836218,17,3,2
202100040363,129Â 455,B01,1,1,1,0,2,8,-1,-1, -1,-1,2021,50.0,2,1,0,2,2,2,1,,3,CONSTANS ( RUE PAUL ),0,,2,2,0,1,0,0,1,, -1,1,0,1,50,11,5,2021,08:00,1,3,3185,2,3,0,3,CONSTANS ( RUE PAUL ),46.34245,2.59013,8,3,2
202100043105,124Â 628,A01,10,3,1,9,0,-1,-1,6,9,1,2021,48.0,1,2,0,1,1,2,1,,7,6,-1,,2,1,0,1,20,200,1,, -1,1,0,1,80,23,4,2021,16:00,1,13,13040,1,1,0,2,D6,43.475314,5.522336,16,4,3
202100049354,113Â 540,B01,2,2,1,0,2,6,-1,-1, -1,-1,2021,17.0,1,1,0,2,7,1,1,,3,ROUTE DEPARTEMENTALE 3,0,,-1,0,0,4,3,300,1,, -1,1,0,1,50,3,3,2021,13:35,1,972,97213,1,5,0,5,ROUTE DEPARTEMENTALE 3,14.62144,-60.9886,13,4,3
202100020861,164Â 358,B01,1,1,2,0,1,0,-1,-1, -1,-1,2021,19.0,3,2,0,2,3,2,1,,4,LOIRE (LEVEE DE LA),0,,2,2,0,1,(1),(1),1,, -1,1,0,1,50,3,9,2021,16:10,1,37,37233,2,1,0,4,LOIRE (LEVEE DE LA),47.4000314102,0.7392482758,16,3,3
202100017437,170Â 457,A01,1,1,1,0,2,0,-1,-1, -1,-1,2021,48.0,2,1,0,2,1,9,1,,4,BALEARES ROND POINT ET CITE DES,0,,1,2,0,1,0,0,3,, -1,1,0,1,30,21,9,2021,15:57,1,66,66136,2,6,0,2,BALEARES ROND POINT ET CITE DES,42.68846,2.89503,15,2,2
202100040572,129Â 096,A01,1,1,1,5,9,-1,-1,0,0,-1,2021,45.0,1,2,2,0,1,1,1,,4,8,0, -,2,2,0,1,10,200,2,, -1,2,0,3,50,11,5,2021,16:00,1,74,74249,2,1,1,6,Rte de la Fin Franche,46.358113,6.655733,16,1,1
202100030794,146Â 720,B01,1,1,1,5,8,0,-1,-1, -1,-1,2021,27.0,2,1,0,2,1,0,5,,3,33,0,,-1,2,0,4,0,1,1,, -1,1,0,1,50,29,6,2021,11:15,1,91,91097,2,3,0,3,RUE DU BESLY,48.68624,2.53635,11,2,2
202100018839,167Â 970,B01,2,2,2,0,1,-1,-1,0,0,-1,2021,45.0,2,2,0,2,1,2,1,,3,162,0,D,2,2,0,1,1,723,1,,"6,5",1,0,1,80,16,9,2021,10:45,1,79,79014,1,2,0,3,,47.050132,-0.241753,10,3,2
202100050838,110Â 812,A01,2,2,2,5,2,6,9,0,0,-1,2021,16.0,2,1,0,5,1,26,1,,3,86,-1,,2,2,0,1,24,100,1,, -1,1,0,1,80,21,2,2021,13:00,1,7,7169,1,1,0,6,RD 86,45.16691,4.807286,13,2,1
202100012894,178Â 682,A01,2,1,1,5,2,6,-1,-1, -1,-1,2021,17.0,3,1,0,2,7,1,1,,4,DROYLSDEN (ROND POINT DE),0,,1,1,0,1,0,0,3,, -1,1,0,1,30,16,10,2021,11:54,1,93,93077,2,6,1,3,DROYLSDEN (ROND POINT DE),48.88419,2.51672,11,2,2
202100027145,153Â 192,A01,1,1,1,5,2,6,-1,0,0,-1,2021,36.0,2,1,0,2,1,2,1,,3,74,0,D,2,2,0,1,7,500,1,, -1,1,0,1,80,25,7,2021,17:45,1,91,91159,1,1,0,2,D74,48.529029,2.448787,17,2,2
202100047848,116Â 231,B01,1,1,1,1,2,8,-1,-1, -1,-1,2021,48.0,2,1,0,2,4,1,1,,3,7,0,,3,2,0,1,0,0,1,, -1,1,0,1,50,16,3,2021,08:05,2,92,92004,2,1,0,2,DOCTEUR DERVAUX  ( QUAI DU ),48.9081040414,2.2925646936,8,2,2
202100018493,168Â 578,A01,1,1,1,5,1,-1,-1,0,0,-1,2021,88.0,1,2,0,2,1,5,1,,3,1075,0,,2,2,0,1,29,47,1,, -1,1,0,1,90,18,9,2021,15:45,1,5,5166,1,1,0,5,D1075,44.44,5.71303,15,5,3
202100056414,101Â 061,A01,2,2,1,5,2,0,-1,-1, -1,-1,2021,14.0,1,1,0,2,7,1,1,,4,GOUFFE (PLACE),0,,-1,1,0,1,(1),(1),1,, -1,1,0,8,30,1,1,2021,14:10,1,13,13206,2,7,0,3,GOUFFE (COURS),43.285984,5.387474,14,3,2
202100030137,147Â 905,B01,1,1,1,5,1,-1,-1,-1,0,-1,2021,21.0,1,2,0,2,4,23,1,,1,AUTOROUTE A15,0,,3,8,0,1,10,800,1,, -1,1,0,1,90,7,7,2021,06:40,2,95,95252,1,1,0,2, A15,48.97797,2.232,6,3,2
202100051262,110Â 052,A01,10,3,2,1,0,-1,-1,4,3,1,2021,31.0,1,2,0,1,3,1,1,,3,PASTEUR (BOULEVARD),0,,2,4,0,1,0,920,2,, -1,1,0,1,50,10,2,2021,08:50,1,95,95555,2,3,0,6,PASTEUR (BOULEVARD),48.9659957303,2.2801458836,8,2,1
202100020919,164Â 263,A01,2,2,2,5,2,6,-1,0,0,-1,2021,54.0,2,1,15,0,7,14,1,,3,18,0,,2,2,0,1,11,500,2,,4,1,0,3,80,4,9,2021,18:50,1,12,12280,1,4,0,6,D18,44.902464,2.753253,18,2,1
202100046917,117Â 911,B01,1,1,1,1,1,-1,-1,-1, -1,-1,2021,23.0,1,2,0,2,1,1,1,,1,,-1,,1,-1,-1,1,18,431,1,, -1,1,0,1,90,22,3,2021,08:49,2,31,31555,1,1,0,4,18 MONTAUDRAN (PERIPH EST A61),43.55453,1.49228,8,3,3
202100022829,160Â 805,A01,1,1,2,9,1,8,-1,-1, -1,-1,2021,32.0,0,2,1,2,4,24,1,,5,,0,,2,2,0,1,0,0,1,, -1,1,0,1,50,10,8,2021,20:55,1,92,92063,2,1,0,2,TALMA (AVENUE),48.8680787724,2.1664631367,20,2,2
202100008632,186Â 311,A01,1,1,1,5,2,6,-1,0,0,-1,2021,63.0,2,1,0,2,5,17,1,,3,951,-1,,2,2,0,1,34,100,1,, -1,1,0,1,90,10,11,2021,20:55,3,51,51532,1,1,1,3,D951,49.137305,3.993702,20,2,2
202100042037,126Â 485,A01,1,1,2,1,2,-1,-1,0,0,-1,2021,34.0,3,0,0,2,1,5,3,,4,PREMIERE DFL (AVENUE),0,,3,2,1,1,(1),(1),1,, -1,1,-1,1,50,29,4,2021,08:25,1,29,29019,2,7,0,3,Avenue 1Ã¨re D.f.l.,48.3763650428,-4.5528267771,8,2,2
202100033512,141Â 875,B01,4,2,1,0,1,0,-1,-1, -1,-1,2021,13.0,2,2,0,2,4,2,1,,1,10,0,,3,3,0,1,1,750,1,, -1,1,0,1,90,18,6,2021,20:00,1,92,92002,1,1,0,4,AUTOROUTE A10,48.7315410422,2.3100042343,20,6,3
202100015650,173Â 696,A01,2,2,2,5,1,0,-1,-1, -1,-1,2021,21.0,2,2,4,0,1,9,1,,2,RN 186B,0,,1,1,0,1,1,0,3,, -1,2,3,1,50,1,10,2021,22:35,3,94,94073,1,1,1,6,RN 186,48.7537,2.3759,22,2,1
202100027464,152Â 637,A01,10,3,1,0,0,-1,-1,1,9,2,2021,33.0,1,2,0,1,3,1,1,,3,98,0,A,3,1,1,1,60,200,1,, -1,1,9,1,70,24,7,2021,03:30,5,83,83065,1,1,0,6,D98a,43.263726,6.613212,3,2,1
202100040308,129Â 553,B01,1,1,1,0,2,0,-1,-1, -1,-1,2021,29.0,2,1,0,2,1,0,1,,4,DUQUESNE                            (R ),0,,1,2,3,1,(1),(1),1,, -1,1,0,1,50,11,5,2021,19:45,1,69,69386,2,2,0,3,DUQUESNE (R),45.77253,4.84311,19,2,2
202100043791,123Â 407,B01,1,1,2,9,8,0,-1,0,0,-1,2021,36.0,2,1,0,2,1,1,3,,4,AVENUE GAMBETTA,0,,2,2,1,2,(1),(1),1,, -1,1,-1,5,50,16,4,2021,09:40,1,75,75120,2,5,0,3,AVENUE GAMBETTA,48.868316,2.401428,9,2,2
202100053897,105Â 409,B01,1,1,2,0,1,-1,-1,0,0,-1,2021,24.0,1,2,2,2,3,1,1,,3,436,-1,,2,2,0,1,15,120,2,, -1,2,0,1,70,22,1,2021,12:39,1,77,77192,1,1,0,3,D436,48.701101,2.870457,12,2,2
202100033506,141Â 890,A01,1,1,1,0,2,6,9,0,0,-1,2021,52.0,2,1,0,2,8,17,1,,3,737,-1,,2,2,0,2,4,972,1,, -1,1,0,1,80,18,6,2021,15:45,1,35,35221,1,1,0,3,Rue de Rennes,47.869596,-1.679192,15,2,2
202100024380,158Â 105,B01,2,2,2,5,2,-1,-1,0,0,-1,2021,16.0,3,1,0,2,1,15,1,,4,,-1,,2,2,0,1,(1),(1),3,,3,1,0,1,50,13,8,2021,18:50,1,35,35184,2,3,0,1,Rue de la Corderie,48.201466,-2.04085,18,4,2
202100017824,169Â 759,B01,1,1,1,9,8,0,-1,-1, -1,-1,2021,26.0,1,1,0,2,7,1,5,,4,RONSARD,0,,2,2,2,1,0,0,2,, -1,2,5,1,50,20,9,2021,10:40,1,64,64445,2,6,1,3,ERIC TABARLY,43.31856,-0.36007,10,2,2
202100024970,157Â 028,A01,1,1,2,1,1,-1,-1,0,0,-1,2021,23.0,2,2,0,2,1,2,1,,3,306,-1,,2,2,2,1,27,750,1,, -1,1,0,1,70,10,8,2021,10:45,1,69,69009,1,1,0,2,D306,45.955525,4.715088,10,2,2
202100049291,113Â 654,B01,1,1,1,0,2,0,-1,-1, -1,-1,2021,20.0,2,1,0,2,0,0,1,,3,VICTOR-HUGO (BD),0,,2,2,0,1,0,1,1,, -1,2,0,1,30,3,3,2021,22:05,5,93,93070,2,1,1,4,VICTOR-HUGO (BD),48.9106220516,2.3316326737,22,3,3
202100045410,120Â 560,B01,1,1,1,1,2,0,-1,-1, -1,-1,2021,52.0,2,1,0,2,8,15,1,,4,ROMAIN ROLLAND (BOULEVARD),0,,2,4,0,1,(1),(1),1,, -1,1,0,1,50,2,4,2021,09:05,1,13,13210,2,9,0,3,ROMAIN ROLLAND (BOULEVARD),43.274734,5.415492,9,3,2
202100034041,140Â 914,B01,2,2,1,4,1,0,-1,-1, -1,-1,2021,56.0,2,5,0,2,3,1,1,,4,ELNE (ROUTE D'),0,,-1,2,0,1,(1),(1),1,, -1,1,0,1,50,16,6,2021,08:06,1,66,66136,1,1,0,1,ELNE (ROUTE D'),42.67445,2.91431,8,3,2
202100046423,118Â 797,B01,1,1,1,5,0,-1,-1,0,0,-1,2021,21.0,2,6,0,2,1,1,1,,4,,-1,,2,2,0,3,(1),(1),1,, -1,1,0,1,50,28,3,2021,15:20,1,59,59485,2,1,0,1,Rue de Viesly,50.164151,3.433796,15,3,2
202100014413,175Â 936,A01,10,3,1,4,0,-1,-1,2,A,1,2021,59.0,1,5,0,1,8,20,1,,4,RUE OBERKAMPF,0,,1,2,0,1,(1),(1),1,, -1,1,0,1,30,8,10,2021,14:00,1,75,75111,2,2,0,6,RUE OBERKAMPF,48.867037,2.382742,14,2,1
202100044183,122Â 696,B01,2,2,1,1,8,0,-1,-1, -1,-1,2021,8.0,1,1,1,0,1,1,3,,4,PIERRE BROSSOLETTE(RUE),0,,1,1,0,1,0,0,1,, -1,1,0,1,50,13,4,2021,19:30,2,92,92044,2,1,0,3,PIERRE BROSSOLETTE(RUE),48.8961992678,2.2942650318,19,3,2
202100008802,186Â 011,B01,1,1,1,3,2,6,-1,0,0,-1,2021,27.0,2,1,0,2,1,17,1,,2,4,-1,R,2,2,0,1,(1),(1),1,, -1,1,0,1,50,8,11,2021,20:15,5,976,97615,2,1,0,2,route nationale 4,-12.800764,45.278724,20,2,2
202100049273,113Â 684,B01,1,1,1,1,2,6,-1,0,0,-1,2021,48.0,1,1,0,2,8,1,5,,4,RUE BELGRAND,0,,2,2,1,4,(1),(1),1,, -1,1,-1,5,50,3,3,2021,09:33,1,75,75120,2,2,0,3,RUE BELGRAND,48.864559,2.407341,9,2,2
202100005947,191Â 165,A01,1,1,1,3,2,6,-1,-1, -1,-1,2021,34.0,2,1,0,0,7,9,1,,4,VOIE COMMUNALE 300 LIEUDIT BOUCHARDIERE,0,,4,1,0,1,(1),(1),1,, -1,2,2,1,30,27,11,2021,13:47,1,37,37122,2,1,1,7,VOIE COMMUNALE 300 LIEUDIT BOUCHARDIERE,47.3400208284,0.6707923233,13,1,1
202100031658,145Â 166,A01,1,1,1,3,2,6,9,0,0,-1,2021,70.0,1,1,16,0,1,0,1,,2,20,-1,,2,2,0,2,90,655,1,, -1,1,9,8,80,1,7,2021,12:00,1,9,9189,1,9,0,7,RN 20,42.635692,1.829013,12,1,1
202100045905,119Â 702,A01,1,1,1,5,1,8,-1,-1, -1,-1,2021,20.0,3,2,0,2,1,1,1,,4,FOUCQUE (AVENUE HIPPOLYTE),0,,2,2,0,2,0,0,1,, -1,1,0,1,50,30,3,2021,10:10,1,974,97411,2,1,0,2,FOUCQUE (AVENUE HIPPOLYTE),-20.89881,55.48676,10,3,2
202100001036,199Â 915,A01,1,1,1,0,2,8,-1,-1, -1,-1,2021,14.0,1,1,0,2,3,26,1,,3,CARNOT (AVENUE) NÂ° IMPAIRS,0,,2,2,0,1,24,305,1,, -1,1,0,1,50,23,12,2021,17:45,5,19,19275,2,7,0,1,CARNOT (AVENUE) NÂ° IMPAIRS,45.55283,2.31437,17,2,2
202100029897,148Â 360,A01,1,1,1,0,2,-1,-1,0,0,-1,2021,38.0,1,1,0,2,1,1,1,,3,,0,,2,2,0,1,10,0,1,,4,1,5,1,-1,10,7,2021,11:30,1,973,97309,2,1,0,3,Route de RÃ©mire,4.903823,-52.273335,11,2,2
202100004829,193Â 151,A01,10,3,1,5,0,-1,-1,9,B,1,2021,35.0,1,2,0,1,4,20,0,,4,CIMETIERE PARISIEN (AVENUE DU),0,,1,1,0,1,0,0,1,, -1,1,0,1,50,4,12,2021,14:45,1,93,93055,2,1,0,6,CIMETIERE PARISIEN (AVENUE DU),48.9085276931,2.3994280277,14,2,1
202100022736,160Â 959,B01,1,1,2,0,1,8,-1,-1, -1,-1,2021,31.0,3,2,0,2,3,1,1,,3,ARMISSAN ROUTE D'),0,,2,2,0,1,(1),(1),1,, -1,1,0,1,50,19,8,2021,11:00,1,11,11262,2,3,0,3,ARMISSAN ROUTE D'),43.18742,3.01745,11,2,2
202100004896,193Â 036,B01,1,1,1,0,8,0,-1,-1, -1,-1,2021,42.0,2,2,0,2,6,11,1,,2,RN385,0,,1,3,0,1,58,200,1,, -1,2,0,1,90,4,12,2021,13:35,1,92,92060,1,1,1,2,RN385,48.7756032854,2.238094687,13,2,2
202100040433,129Â 336,C01,1,1,1,1,2,6,-1,-1,0,-1,2021,46.0,2,1,0,2,7,3,1,,1,AUTOROUTE A15,0,,3,9,0,1,8,0,1,, -1,1,0,1,110,11,5,2021,06:50,1,95,95582,1,1,0,5, A15,48.96395,2.26309,6,3,3
202100000332,201Â 128,A01,1,1,2,0,1,-1,-1,0,0,-1,2021,72.0,2,2,13,0,1,17,1,,3,73,-1,D,2,2,0,1,(1),(1),1,, -1,1,0,3,80,9,12,2021,18:20,3,59,59626,1,1,0,6,D73,50.292355,3.607893,18,1,1
202100040056,129Â 998,A01,1,1,1,0,8,0,-1,0,0,-1,2021,44.0,2,1,0,2,8,26,5,,3,FEDERATION DE MONTELIMAR (Av. de la),0,,2,2,0,1,1,125,1,, -1,1,0,1,80,13,5,2021,17:20,1,26,26198,1,1,0,3,Av la Federation de Montelimar,44.57477,4.73349,17,2,2
202100031714,145Â 070,A01,2,2,1,5,1,0,-1,-1, -1,-1,2021,25.0,2,2,0,2,4,2,1,,4,MAURIAC (RUE),0,,2,2,0,2,0,0,2,, -1,1,0,1,50,29,6,2021,00:05,5,13,13210,2,1,0,2,MAURIAC (RUE),43.27342,5.42012,0,3,2
202100034020,140Â 949,A01,1,1,1,5,2,8,-1,-1, -1,-1,2021,18.0,1,1,0,2,7,2,1,,3,CHARLES DE GAULLE (AVENUE),0,,1,2,0,1,0,100,1,, -1,1,0,1,30,16,6,2021,19:35,1,91,91421,2,1,0,3,CHARLES DE GAULLE (AVENUE),48.69677,2.45786,19,2,2
202100037290,135Â 018,A01,1,1,1,5,8,0,-1,0,0,-1,2021,28.0,1,1,0,2,1,2,5,,4,RUE FABRE D EGLANTINE,0,,2,2,0,1,(1),(1),1,, -1,1,0,1,50,31,5,2021,18:40,1,75,75112,2,1,0,2,RUE FABRE D EGLANTINE,48.847178,2.395696,18,2,2
202100049587,113Â 116,D01,1,1,1,1,1,8,-1,-1, -1,-1,2021,26.0,2,2,0,2,4,23,1,,1,A104,0,,3,6,0,1,27,500,1,, -1,1,0,1,90,2,3,2021,18:00,2,77,77121,1,1,0,4,A104,48.8405204658,2.6639265272,18,6,6
202100037263,135Â 069,B01,2,2,2,5,1,8,-1,-1, -1,-1,2021,49.0,3,2,0,2,4,16,1,,4,AMPERE,0,,2,2,0,1,(1),(1),1,, -1,1,0,1,50,3,5,2021,18:30,1,17,17306,2,1,0,2,AMPERE,45.63151,-0.99593,18,3,2