Num_Acc,id_vehicule,num_veh,place,catu,sexe,trajet,secu1,secu2,secu3,locp,actp,etatp,year_acc,victim_age,senc,catv,obs,obsm,choc,manv,motor,occutc,catr,voie,v1,v2,circ,nbv,vosp,prof,pr,pr1,plan,lartpc,larrout,surf,infra,situ,vma,jour,mois,an,hrmn,lum,dep,com,agg_,int,atm,col,adr,lat,long,hour,nb_victim,nb_vehicules
202100024378,158Â 108,B01,7,2,1,5,0,-1,-1,0,0,-1,2021,15.0,3,2,0,2,8,9,1,,4,92,0,,2,2,0,1,(1),(1),1,,5,1,5,1,50,13,8,2021,22:50,5,35,35207,2,6,0,3,Rue Pierre Marchand,48.112908,-1.521499,22,4,2
202100045796,119Â 892,A01,10,3,2,9,0,-1,-1,2,4,1,2021,46.0,2,2,0,1,2,1,1,,4,AVENUE DU GENERAL MICHEL BIZOT,0,,2,2,0,1,(1),(1),1,, -1,1,0,1,50,31,3,2021,15:30,1,75,75112,2,3,0,6,AVENUE DU GENERAL MICHEL BIZOT,48.837688,2.403815,15,2,1
202100018747,168Â 132,A01,1,1,1,4,1,8,-1,0,0,-1,2021,41.0,1,2,0,2,2,1,1,,4,PRESIDENT WILSON (RUE DU),0,,2,2,0,1,(1),(1),1,, -1,1,5,1,50,15,9,2021,10:50,1,71,71153,2,2,0,1,PRESIDENT WILSON (RUE DU),46.79635,4.42928,10,2,2
202100008341,186Â 815,A01,1,1,2,0,1,0,-1,-1, -1,-1,2021,30.0,2,2,3,2,1,2,1,,1,13,0,,1,2,0,1,2,400,3,, -1,2,0,1,70,13,11,2021,08:50,1,92,92064,1,1,1,2,A13,48.8474879607,2.2246484423,8,2,2
202100010697,182Â 602,B01,1,1,1,1,8,0,-1,-1, -1,-1,2021,19.0,1,1,0,2,1,19,3,,4,SAUVY (ALFRED),0,,2,3,0,1,(1),(1),1,, -1,1,0,1,50,26,10,2021,16:30,1,66,66136,2,3,0,3,SAUVY (ALFRED),42.68004,2.90348,16,2,2
202100007911,187Â 599,A01,10,3,1,5,0,-1,-1,1,3,1,2021,6.0,2,5,0,1,8,1,1,,2,RN5,0,,2,2,0,1,(1),(1),1,, -1,1,0,1,80,16,11,2021,09:20,1,971,97117,1,1,0,6,Zevallos,16.304838,-61.301168,9,2,1
202100001743,198Â 672,B01,1,1,1,4,1,0,-1,0,0,-1,2021,25.0,1,2,0,2,1,1,2,,4,RUE DE ROME,0,,2,1,0,1,(1),(1),1,, -1,1,0,1,30,22,12,2021,05:43,5,75,75117,2,2,0,3,RUE DE ROME,48.882206,2.320351,5,2,2
202100050133,112Â 117,A01,1,1,1,0,1,0,-1,-1,0,-1,2021,49.0,1,2,0,2,1,2,1,,1,AUTOROUTE A27,0,,3,4,0,1,10,0,1,, -1,1,0,1,110,25,2,2021,20:00,3,59,59044,1,1,0,2,AUTOROUTE A27,50.602554,3.233643,20,2,2
202100002764,196Â 829,A01,1,1,1,0,1,0,-1,0,0,-1,2021,52.0,1,2,0,2,1,2,1,,2,ROCADE 13-14,0,,3,4,0,1,18,500,1,, -1,1,0,8,90,15,12,2021,08:20,5,35,35278,1,1,0,2,ROCADE 13-14,48.140046,-1.696052,8,2,2
202100048351,115Â 329,C01,1,1,1,1,1,0,-1,-1, -1,-1,2021,59.0,1,2,0,2,1,2,2,,1,AUTOROUTE A6,0,,3,6,0,1,14,588,1,, -1,1,0,1,130,12,3,2021,10:20,1,91,91161,1,1,0,5,AUTOROUTE A6,48.69577,2.31726,10,6,6
202100013098,178Â 329,A01,1,1,1,5,2,6,-1,-1, -1,-1,2021,21.0,2,1,6,0,1,1,1,,4,TILLEULS (RUE DES),0,,2,2,0,1,(1),(1),2,, -1,1,0,4,50,15,10,2021,18:32,1,10,10081,2,1,0,6,TILLEULS (RUE DES),48.3288,4.046,18,1,1
202100035640,138Â 013,A01,1,1,1,5,2,6,-1,0,0,-1,2021,17.0,1,1,2,0,0,0,1,,3,45,0,D,2,2,0,1,9,100,1,, -1,1,0,3,80,9,6,2021,23:30,3,29,29058,1,1,0,6,Route de Beg-Meil,47.874271,-3.996949,23,1,1
202100016505,172Â 127,B01,1,1,1,9,8,0,-1,-1, -1,-1,2021,45.0,2,1,0,2,3,1,5,,4,RTE DE SAINT SIMON,0,,2,5,1,1,(1),(1),1,, -1,1,0,5,50,27,9,2021,08:40,1,31,31555,2,1,0,3,RTE DE SAINT SIMON,43.59012,1.41598,8,4,2
202100055214,103Â 123,A01,10,3,1,4,0,-1,-1,3,3,1,2021,49.0,1,1,0,1,3,1,1,,4,AVENUE DE MARIGNY,0,,2,2,0,1,(1),(1),1,, -1,2,0,1,50,13,1,2021,18:00,5,75,75108,2,1,1,6,AVENUE DE MARIGNY,48.8705876457,2.3159108292,18,2,1
202100049347,113Â 553,B01,1,1,1,2,2,2,-1,0,0,-1,2021,18.0,1,1,0,2,1,17,1,,4,COOK (AVENUE JAMES),0,,2,2,0,1,0,0,1,, -1,1,0,1,50,3,3,2021,07:20,1,988,98818,2,3,0,3,FELIX RUSSEIL/AVENUE JAMES COOK,-22.26805,166.43041,7,2,2
202100029362,149Â 289,A01,2,2,1,9,8,-1,-1,0,0,-1,2021,16.0,2,2,13,0,1,13,1,,3,767,0,D,2,2,0,1,43,250,1,, -1,1,0,3,80,11,7,2021,01:40,3,56,56151,1,1,0,6,D767,48.010917,-2.905763,1,2,1
202100028186,151Â 314,B01,1,1,1,1,2,6,-1,-1, -1,-1,2021,49.0,1,1,0,2,1,1,1,,3,9,0,,2,2,0,1,0,0,1,, -1,1,0,1,50,19,7,2021,19:11,1,92,92026,2,1,0,3,SAINT-DENIS BD DE (01 A 197 / 02 A 118),48.8985,2.265097,19,2,2
202100009888,184Â 023,A01,1,1,2,5,1,4,-1,-1, -1,-1,2021,43.0,1,2,0,2,4,2,1,,1,A4.Y,0,,3,8,0,1,20,400,1,, -1,1,0,1,110,2,11,2021,15:00,1,77,77146,1,1,0,4,A4.Y,48.8319870876,2.6512725706,15,4,4
202100009979,183Â 867,B01,2,2,1,5,2,-1,-1,0,0,-1,2021,32.0,2,1,0,2,1,1,1,,2,134,0,,2,2,0,2,68,50,1,, -1,2,0,1,50,2,11,2021,18:30,5,64,64422,2,1,1,3,11 Place de la Resistance,43.1932330176,-0.6047844887,18,3,2
202100037620,134Â 412,A01,10,3,2,5,0,-1,-1,2,3,1,2021,61.0,0,5,0,1,4,4,1,,4,BOULEVARD RASPAIL,0,,2,4,3,1,(1),(1),1,, -1,1,0,6,50,29,5,2021,09:50,1,75,75107,2,3,0,6,BOULEVARD RASPAIL,48.85241,2.326574,9,2,1
202100006326,190Â 480,A01,1,1,1,9,2,6,-1,0,0,-1,2021,48.0,2,1,0,2,1,1,1,,1,84,0,,3,4,0,1,247,790,1,, -1,1,0,1,130,25,11,2021,17:10,2,14,14475,1,1,0,4,"A84, PK 247.790, Sens CAEN / RENNES,",49.111239,-0.566113,17,3,3
202100032477,143Â 720,B01,1,1,2,0,8,0,-1,-1, -1,-1,2021,53.0,1,0,0,2,3,0,3,,3,PETITE-SYNTHE CD 940 - AVENUE,0,,1,1,3,1,1,0,3,, -1,1,9,1,50,24,6,2021,20:00,1,59,59271,2,6,0,3,PETITE-SYNTHE CD 940 - AVENUE,51.01597,2.31482,20,3,2
202100028985,149Â 914,B01,1,1,2,9,8,0,-1,0,0,-1,2021,29.0,2,1,0,2,1,1,5,,4,RUE MARCADET,0,,1,1,0,1,(1),(1),1,, -1,1,0,1,30,14,7,2021,17:25,1,75,75118,2,4,0,3,RUE MARCADET,48.890706,2.345518,17,2,2
202100015531,173Â 926,B01,1,1,1,0,2,0,-1,-1, -1,-1,2021,38.0,2,1,0,2,1,1,1,,3,CIBOURE A OLHETTE (ROUTE DE),0,,2,2,0,4,5,285,1,, -1,1,0,1,70,2,10,2021,18:27,1,64,64545,1,1,0,3,Route de Ciboure a Olhette,43.3456699436,-1.6666603088,18,2,2
202100005828,191Â 376,A01,1,1,2,1,1,-1,-1,0,0,-1,2021,18.0,0,2,2,0,8,21,1,,4,A,0,A,2,2,0,1,(1),(1),1,, -1,3,0,1,50,27,11,2021,12:30,1,81,81273,1,1,1,6,route des calmettes,43.5876619816,2.1360894665,12,1,1
202100005985,191Â 099,A01,1,1,1,4,2,6,-1,-1, -1,-1,2021,19.0,1,1,0,2,1,17,1,,4,JULES GUESDE (RUE),0,,2,4,1,1,(1),(1),1,, -1,2,0,1,50,26,11,2021,20:24,5,10,10387,2,1,1,2,JULES GUESDE (RUE),48.2929,4.082,20,2,2
202100002562,197Â 202,A01,1,1,1,0,2,4,-1,-1, -1,-1,2021,48.0,2,1,0,2,1,11,1,,1,AUTOROUTE A1,0,,1,3,0,1,2,0,1,, -1,1,0,1,90,16,12,2021,09:25,1,93,93066,1,1,0,2,AUTOROUTE A1,48.92309,2.35708,9,2,2
202100013547,177Â 506,B01,2,2,1,5,8,0,-1,-1, -1,-1,2021,19.0,3,2,0,2,7,9,1,,4,MARECHAL DE LATTRE DE TASSIGNY  ROND POI,0,,-1,1,0,1,1,0,1,, -1,1,0,1,50,13,10,2021,20:20,5,13,13063,2,9,0,3,MARECHAL DE LATTRE DE TASSIGNY  ROND POI,43.5877,5.00279,20,4,2
202100027563,152Â 455,A01,10,3,1,5,0,-1,-1,4,3,3,2021,25.0,2,2,0,1,3,1,1,,4,BOULEVARD JOURDAN,0,,1,2,0,4,(1),(1),1,, -1,1,9,1,50,22,7,2021,02:20,5,75,75114,2,1,0,6,BOULEVARD JOURDAN,48.819708,2.341406,2,5,1
202100005424,192Â 101,A01,1,1,2,9,1,-1,-1,0,0,-1,2021,55.0,1,2,13,0,1,1,1,,3,15,0,D,2,2,0,1,14,1,1,, -1,2,0,1,80,1,12,2021,13:30,1,70,70503,1,1,1,6,ROUTE DEPARTEMENTALE 15,47.432268,6.099429,13,1,1
202100023165,160Â 209,A01,1,1,2,0,0,-1,-1,0,0,-1,2021,63.0,1,2,0,2,3,15,1,,3,629,-1,,2,2,0,1,23,847,1,,4,1,0,1,80,20,8,2021,12:15,1,32,32242,1,2,1,1,CD 929,43.417794,0.575725,12,4,2
202100011996,180Â 273,B01,1,1,1,1,8,0,-1,-1, -1,-1,2021,24.0,1,1,0,2,7,26,3,,4,INDUSTRIE (DE L')                   (R ),0,,2,2,1,1,(1),(1),1,, -1,1,0,1,50,20,10,2021,21:30,5,69,69290,2,3,1,3,INDUSTRIE (DE L') (R),45.68797,4.93326,21,2,2
202100008179,187Â 104,A01,1,1,1,1,2,6,-1,0,0,-1,2021,20.0,1,1,0,0,0,1,1,,4,0,0,R,2,2,0,1,0,0,2,, -1,6,0,1,90,29,10,2021,18:40,2,61,61098,2,1,1,7,Rue des Sainfoins,48.587789,0.167364,18,1,1
202100023360,159Â 861,A01,1,1,2,0,1,-1,-1,0,0,-1,2021,50.0,3,2,0,2,3,16,1,,3,121,0,D,2,2,0,1,20,800,1,, -1,1,0,1,80,16,8,2021,12:55,1,7,7010,1,1,0,1,,45.2372,4.621446,12,2,2
202100027082,153Â 311,A01,1,1,1,5,2,6,-1,0,0,-1,2021,38.0,1,1,0,2,1,2,1,,4,PORTE D ORLEANS,0,,1,3,0,1,5,200,1,, -1,1,0,1,70,24,7,2021,14:18,1,75,75114,2,1,0,2,PORTE D ORLEANS,48.819808,2.327024,14,2,2
202100027897,151Â 845,A01,2,2,1,5,1,-1,-1,-1, -1,-1,2021,48.0,0,6,0,0,7,10,1,,4,FRISSARD (QUAI),0,,2,2,1,1,(1),(1),1,, -1,1,0,1,50,17,7,2021,18:40,1,76,76351,2,1,0,7,FRISSARD (QUAI),49.48925,0.12282,18,2,1
202100022101,162Â 118,B01,1,1,1,0,2,6,-1,-1, -1,-1,2021,37.0,3,1,0,2,1,1,1,,4,,0,,2,1,0,1,(1),(1),1,, -1,1,0,1,50,27,8,2021,12:15,1,7,7019,2,1,0,3,BELLANDE (AVENUE DE ),44.61322,4.39884,12,2,2
202100020912,164Â 273,A01,1,1,1,0,2,-1,-1,0,0,-1,2021,28.0,2,1,0,0,0,15,1,,3,RD3,0,A,1,1,0,1,0,47,1,, -1,1,0,1,50,4,9,2021,15:25,1,76,76397,2,3,0,7,Rue du Pont Saint-Pierre,49.792534,1.108723,15,1,1
202100052159,108Â 479,B01,1,1,2,1,1,-1,-1,0,0,-1,2021,52.0,2,2,0,9,6,1,1,,3,986,-1,,2,2,0,4,10,313,3,, -1,1,0,1,90,4,2,2021,09:00,1,34,34042,1,1,0,6,dÃ©partementale 986,43.860556,3.742862,9,2,2
202100017834,169Â 740,B01,1,1,1,5,2,0,-1,-1, -1,-1,2021,84.0,3,1,0,2,1,1,5,,4,JONCTION (QUAI),0,,2,2,0,1,0,0,1,, -1,1,0,1,50,16,9,2021,15:20,1,58,58194,2,1,0,6,JONCTION (QUAI),46.9786,3.16616,15,2,2
202100028908,150Â 056,A01,1,1,1,1,1,-1,-1,0,0,-1,2021,28.0,1,2,2,0,7,1,1,,3,35,0,D,2,2,0,2,4,900,2,, -1,2,0,3,80,16,7,2021,08:58,2,25,25071,1,1,1,7,D35,47.428598,6.844036,8,1,1
202100018058,169Â 354,B01,1,1,1,0,2,6,9,0,0,-1,2021,45.0,1,1,0,2,1,1,1,,3,914,-1,D,2,2,0,2,31,30,2,, -1,1,0,1,80,19,9,2021,19:30,1,66,66148,1,1,0,1,D914,42.510083621,3.1158977374,19,2,2
202100020490,165Â 012,A01,1,1,1,5,2,0,-1,-1, -1,-1,2021,47.0,2,1,1,0,7,2,1,,4,RUE DE LA PLAINE,0,,2,2,0,1,0,0,1,, -1,1,0,1,30,6,9,2021,16:10,1,91,91425,2,3,0,3,RUE DE LA PLAINE,48.64032,2.27483,16,2,2
202100053549,106Â 002,B01,1,1,1,0,1,0,-1,-1, -1,-1,2021,56.0,1,2,0,2,6,2,1,,1,AUTOROUTE A3,0,,3,10,0,1,6,800,1,, -1,1,0,1,70,25,1,2021,21:10,2,93,93053,1,1,0,3,AUTOROUTE A3,48.89503,2.47135,21,2,2
202100021817,162Â 626,A01,5,2,2,5,1,0,-1,-1, -1,-1,2021,19.0,1,2,12,0,1,16,1,,3,R EMILE ZOLA ,0,,3,1,0,1,1,0,3,, -1,1,0,4,50,30,8,2021,00:15,5,94,94002,2,2,0,6,Rue Emile Zola,48.7999,2.42712,0,3,1
202100053823,105Â 541,B01,1,1,1,0,2,6,-1,-1, -1,-1,2021,31.0,2,1,0,2,1,1,1,,4,m'tsapere-Nationale 2 (route),0,,2,0,0,1,0,0,1,, -1,1,0,1,50,23,1,2021,16:50,1,976,97611,2,1,0,1,m'tsapere-Nationale 2 (route),-12.7915,45.21848,16,2,2
202100009060,185Â 508,A01,10,3,2,0,0,-1,-1,2,3,1,2021,78.0,1,2,0,1,2,1,1,,4,VIZILLE (AVENUE DE),0,,1,1,1,1,0,0,1,, -1,1,0,1,30,6,11,2021,11:40,1,38,38185,2,1,0,6,VIZILLE (AVENUE DE),45.18575,5.71676,11,2,1
202100046746,118Â 214,B01,1,1,1,5,2,6,-1,-1, -1,-1,2021,17.0,2,1,0,2,1,1,1,,4,VERDUN (RUE),0,,2,2,0,1,(1),(1),1,, -1,1,5,1,50,10,3,2021,13:55,1,70,70550,2,2,0,3,VERDUN (RUE),47.61795,6.1581,13,2,2
202100054803,103Â 835,A01,1,1,1,5,2,-1,-1,0,0,-1,2021,47.0,2,1,13,0,1,0,1,,3,58,0,D,2,2,0,1,1,600,2,, -1,1,0,3,80,16,1,2021,15:05,1,83,83130,1,1,0,7,141 Chemin de Sauvebonne,43.189471,6.055543,15,1,1
202100020736,164Â 566,A01,1,1,1,3,1,-1,-1,0,0,-1,2021,38.0,0,5,1,2,2,1,1,,4,,0,,2,2,0,1,(1),(1),1,,"5,5",1,5,1,50,6,9,2021,15:10,1,41,41194,2,2,0,6,boulevard du marÃ©chal lyautey,47.361404,1.739257,15,6,2
202100008199,187Â 066,B01,1,1,2,1,1,5,-1,0,0,-1,2021,33.0,1,2,0,2,4,15,1,,3,806,0,D,2,2,0,4,124,200,3,,4,1,0,8,90,15,11,2021,08:00,1,48,48128,1,3,0,2,D806,44.78145,3.296467,8,2,2
202100012140,180Â 014,A01,1,1,2,1,1,0,-1,-1, -1,-1,2021,37.0,1,2,0,2,2,12,1,,1,A104,0,,-1,4,0,1,25,0,1,, -1,1,0,1,90,20,10,2021,13:05,1,77,77438,1,1,0,3,A104,48.86449,2.66891,13,2,2
202100006218,190Â 695,B01,1,1,1,1,2,6,-1,-1, -1,-1,2021,67.0,1,1,0,2,3,26,1,,3,SAMPIERO CORSO - AV,0,,1,0,0,1,1,0,1,, -1,1,0,1,50,24,11,2021,11:08,1,202,202033,2,4,0,2,SAMPIERO CORSO - AV,42.67487,9.44384,11,2,2
202100028572,150Â 646,A01,2,2,2,0,1,-1,-1,0,0,-1,2021,67.0,0,2,0,2,3,5,1,,7,63,0,D,2,2,0,1,(1),(1),1,, -1,1,0,1,70,17,7,2021,18:10,1,38,38545,2,1,0,1,Avenue de la Gare,45.046928,5.688204,18,5,3
202100036447,136Â 555,B01,1,1,1,0,2,0,-1,-1, -1,-1,2021,47.0,2,1,0,2,3,1,1,,4,NATIONAL (BOULEVARD),0,,3,2,0,1,(1),(1),1,, -1,1,9,8,50,4,6,2021,14:45,1,13,13203,2,2,0,3,NATIONAL (BOULEVARD),43.30778,5.38168,14,2,2
202100013659,177Â 295,A01,10,3,1,5,0,-1,-1,1,3,1,2021,51.0,2,2,0,1,2,26,1,,1,VA007440 LES MINIMES A620 Sortie 31,0,,3,0,0,1,3,647,1,, -1,1,0,1,90,11,10,2021,00:50,4,31,31555,1,1,0,6,VA007440 LES MINIMES A620 Sortie 31,43.62049,1.41836,0,2,1
202100014138,176Â 415,A01,1,1,2,0,1,0,-1,0,0,-1,2021,31.0,0,2,0,2,4,4,1,,2,NAPOLEON COURS AVANT BEVERINI,0,,2,2,0,3,(1),(1),1,, -1,1,0,1,50,9,10,2021,13:10,1,201,201004,2,3,0,3,NAPOLEON COURS AVANT BEVERINI,41.9236309482,8.7376730178,13,2,2
202100017474,170Â 386,B01,1,1,1,1,2,6,-1,-1, -1,-1,2021,41.0,0,1,0,2,1,1,1,,4,CONSTANT ( AVENUE JEAN ETIENNE ),0,,2,2,0,2,1,233,1,, -1,1,0,1,50,17,9,2021,19:00,2,13,13117,2,1,0,3,CONSTANT ( AVENUE JEAN ETIENNE ),43.43958,5.2561,19,2,2
202100012370,179Â 605,B01,1,1,2,0,1,0,-1,-1, -1,-1,2021,21.0,2,2,0,2,9,2,1,,1,15,0,,3,8,0,1,5,0,1,, -1,1,2,1,110,18,10,2021,12:50,1,92,92036,1,1,0,4,AUTOROUTE A15,48.9435578314,2.2873807879,12,3,3
202100052653,107Â 608,B01,1,1,1,2,2,8,-1,-1, -1,-1,2021,14.0,3,1,0,2,4,1,5,,4,Rue Maxime Dumoulin,0,,2,2,0,1,(1),(1),2,, -1,2,0,1,2,2,2,2021,17:20,1,86,86194,2,6,1,3,Rue Maxime Dumoulin,46.57079,0.34975,17,2,2
202100013027,178Â 464,A01,2,2,2,0,1,-1,-1,-1, -1,-1,2021,28.0,2,2,2,0,1,6,1,,7,LAURENT BONNEVAY                    (BD),0,,1,4,0,2,14,0,1,, -1,1,9,3,50,15,10,2021,00:30,5,69,69259,2,1,0,6,LAURENT BONNEVAY (BD),45.71723,4.85516,0,2,1
202100047612,116Â 649,A01,10,3,2,0,0,-1,-1,0,0,-1,2021,38.0,0,2,0,1,1,16,1,,4,FRANCE (RUE ANATOLE),0,,-1,1,0,1,0,0,1,, -1,1,0,1,50,16,3,2021,14:05,1,83,83137,2,1,0,6,FRANCE (RUE ANATOLE),43.122969,5.929538,14,2,1
202100029741,148Â 629,A01,1,1,1,9,2,6,-1,-1, -1,-1,2021,26.0,2,1,0,2,1,17,1,,3,RAVINE VILAINE (CHEMIN DEPARTEMENTAL DE),0,,2,2,0,1,0,0,1,, -1,1,0,1,50,9,7,2021,07:10,1,972,97209,2,1,0,3,RAVINE VILAINE (CHEMIN DEPARTEMENTAL DE),14.64182,-61.0591,7,2,2
202100037673,134Â 317,B01,1,1,1,5,2,6,-1,0,0,-1,2021,69.0,1,1,0,2,5,1,1,,3,990,-1,D,2,2,0,1,31,60,2,, -1,1,5,1,50,30,5,2021,13:10,1,73,73298,2,6,0,3,D990/ D122 Rte Porte de Tarentaise,45.652748,6.437505,13,2,2
202100011483,181Â 202,A01,1,1,1,9,0,-1,-1,0,0,-1,2021,43.0,1,2,15,0,3,1,1,,3,906,-1,,2,2,0,1,4,820,1,, -1,1,0,3,70,23,10,2021,06:00,3,30,30284,1,1,0,6,D906,44.185743,4.081807,6,1,1
202100040209,129Â 724,B01,1,1,2,2,1,0,-1,-1, -1,-1,2021,33.0,2,2,-1,2,8,1,1,,3,VILLEMOUSTAUSSOU -ROUTE DE-,0,,2,2,0,1,(1),(1),1,, -1,1,0,1,50,12,5,2021,17:05,1,11,11069,2,1,0,2,VILLEMOUSTAUSSOU -ROUTE DE-,43.2324,2.362,17,3,2
202100053461,106Â 158,A01,10,3,2,2,0,-1,-1,4,3,1,2021,15.0,2,2,0,1,1,1,1,,4,,0,,2,2,0,1,(1),(1),1,, -1,1,0,1,50,26,1,2021,08:25,1,34,34172,2,1,0,6,TANNEURS (QUAI DES),43.6168,3.87393,8,2,1
202100022463,161Â 482,C01,3,2,2,9,1,8,-1,-1, -1,-1,2021,87.0,1,2,0,2,1,1,1,,3,C.D.533,0,,2,2,0,2,52,550,2,, -1,1,0,1,80,25,8,2021,14:45,1,7,7281,1,1,0,4,,44.92862,4.80811,14,5,3
202100039286,131Â 378,A01,10,3,2,0,0,-1,-1,5,B,1,2021,61.0,1,2,0,1,1,1,1,,4,ROCHEREAU (RUE DENFERT),0,,1,1,0,2,(1),(1),1,, -1,1,0,4,50,19,5,2021,17:40,1,42,42095,2,1,0,6,Rue Denfert Rochereau,45.3899,4.2907,17,2,1
202100006777,189Â 671,B01,1,1,1,5,2,-1,-1,0,0,-1,2021,24.0,0,1,3,2,1,21,1,,2,420,-1,,2,2,0,1,(1),(1),1,, -1,1,2,1,30,23,11,2021,07:40,1,987,98731,2,3,0,5,"RT 420, intersection devant banque Socredo - Taiohae",-8.895525965,-140.1063217968,7,2,2
202100014383,176Â 002,A01,1,1,1,0,1,0,-1,-1, -1,-1,2021,56.0,3,2,0,2,3,15,0,,4,CHURCHILL (AVENUE WINSTON),0,,2,0,0,1,(1),(1),1,, -1,1,8,1,50,8,10,2021,16:10,1,27,27375,2,3,0,3,CHURCHILL (AVENUE WINSTON),49.226679,1.1683348,16,2,2
202100045729,120Â 012,B01,1,1,1,5,2,6,-1,0,0,-1,2021,64.0,2,1,0,2,2,15,5,,2,MORNE PITAULT (ROUTE DE),0,,2,2,0,1,4,0,4,, -1,1,0,1,50,31,3,2021,09:55,1,972,97213,1,9,0,1,MORNE PITAULT (ROUTE DE),14.6174576623,-60.95954597,9,2,2
202100016942,171Â 338,B01,1,1,1,0,2,-1,-1,-1, -1,-1,2021,18.0,3,1,0,2,1,1,1,,4,ARGONNE (CRS DE L),0,,1,2,0,1,(1),(1),1,, -1,1,0,1,30,22,9,2021,01:43,5,33,33063,2,2,0,3,Cours de lâArgonne,44.8274,-0.57574,1,2,2
202100015264,174Â 427,B01,1,1,2,9,1,-1,-1,0,0,-1,2021,31.0,1,2,0,2,1,1,1,,3,114,-1,,2,2,0,1,10,300,1,, -1,1,0,1,80,4,10,2021,11:00,1,32,32133,1,1,0,1,la barrique,43.984941,0.249209,11,2,2
202100029679,148Â 743,B01,1,1,1,1,2,-1,-1,0,0,-1,2021,32.0,0,1,0,2,1,1,1,,3,92,0,D,2,2,0,2,5,595,2,, -1,1,0,1,80,11,7,2021,06:00,2,6,6079,1,1,0,1,route de tanneron,43.554477,6.921265,6,2,2
202100037702,134Â 274,A01,1,1,2,5,1,-1,-1,0,0,-1,2021,34.0,2,2,0,2,1,15,1,,3,468,0,,2,2,0,1,41,550,1,, -1,1,0,1,80,29,5,2021,10:10,1,68,68246,1,1,0,1,D468,47.989058,7.535849,10,3,2
202100023235,160Â 084,A01,2,2,2,5,1,0,-1,-1, -1,-1,2021,27.0,2,2,4,0,2,12,1,,1,6,0,,3,6,0,1,14,699,1,, -1,1,0,1,110,21,8,2021,06:15,3,91,91161,1,1,0,3,AUTOROUTE A6,48.6967,2.31622,6,4,2
202100040066,129Â 980,A01,2,2,1,5,2,0,-1,0,0,-1,2021,13.0,1,1,0,0,0,1,1,,4,RUE ALEXANDER FLEMING,0,,2,2,0,1,(1),(1),1,, -1,1,0,1,50,13,5,2021,14:00,1,75,75119,2,1,0,7,RUE ALEXANDER FLEMING,48.880844,2.405755,14,2,1
202100028406,150Â 941,C01,1,1,1,5,8,-1,-1,0,0,-1,2021,33.0,2,1,5,0,1,1,1,,3,2152,-1,,2,2,0,1,8,200,1,, -1,1,9,1,90,18,7,2021,17:40,1,45,45191,1,1,0,5,RD 2152,48.2494936236,2.3436691624,17,9,3
202100001500,199Â 110,A01,3,2,1,5,8,0,-1,0,0,-1,2021,71.0,1,2,14,0,3,13,1,,4,AVENUE DES CHAMPS ELYSEES,0,,2,8,1,2,(1),(1),1,, -1,2,0,1,50,24,12,2021,19:30,5,75,75108,2,2,1,6,AVENUE DES CHAMPS ELYSEES,48.87052,2.305295,19,2,1
202100013879,176Â 891,A01,1,1,1,3,2,6,-1,-1, -1,-1,2021,33.0,1,1,14,2,2,2,1,,7,GOUMS (AVENUE DES),0,,2,1,0,1,(1),(1),3,, -1,9,0,1,520,11,10,2021,15:00,1,13,13005,2,1,0,2,GOUMS (AVENUE DES),43.2918341738,5.5614820229,15,3,2
202100011782,180Â 652,A01,1,1,1,1,2,6,-1,-1, -1,-1,2021,54.0,3,1,0,2,1,2,1,,4,TRIOLET (RUE ELSA),0,,2,1,0,1,0,0,1,, -1,1,0,1,50,20,10,2021,16:05,1,77,77445,2,1,0,2,TRIOLET (RUE ELSA),48.6054231015,2.576343947,16,2,2
202100016226,172Â 632,B01,1,1,1,9,2,-1,-1,0,0,-1,2021,49.0,3,1,0,2,5,1,5,,4,FAUVINS ( ROUTE  DES ),0,,1,1,0,1,0,1,2,, -1,1,0,1,50,28,9,2021,12:17,1,5,5061,2,6,1,3,FAUVINS ( ROUTE  DES ),44.5641,6.09349,12,2,2
202100000892,200Â 151,A01,10,3,2,0,0,-1,-1,2,3,2,2021,63.0,1,5,0,1,3,26,1,,4,CARNOT (BOULEVARD),0,,1,2,0,1,0,0,1,, -1,1,6,1,50,30,12,2021,14:50,1,93,93066,2,4,0,6,CARNOT (BOULEVARD),48.94,2.35,14,2,1
202100046706,118Â 292,A01,1,1,2,5,1,0,-1,-1, -1,-1,2021,57.0,1,2,0,2,4,2,1,,1,A507 sens Marseille - Aubagne,0,,1,3,0,1,7,380,1,, -1,1,1,1,70,25,3,2021,07:45,1,13,13055,1,1,0,4,A507 sens Marseille - Aubagne,43.3050959432,5.4255037307,7,3,3
202100026084,155Â 065,B01,1,1,1,5,2,6,9,0,0,-1,2021,64.0,1,1,0,2,1,2,1,,3,D520a,-1,,2,2,0,2,9,(1),1,, -1,1,0,1,80,2,8,2021,07:30,1,38,38565,1,1,0,3,268 Quai des Chartreux,45.300162,5.637993,7,2,2
202100016484,172Â 162,A01,1,1,1,5,2,8,-1,-1, -1,-1,2021,48.0,2,1,12,0,1,13,1,,3,,0,,2,2,0,1,4,305,2,, -1,1,5,3,50,25,9,2021,07:15,3,56,56162,1,6,0,6,Kerscouet,47.70967,-3.43869,7,1,1