Num_Acc,id_vehicule,num_veh,place,catu,sexe,trajet,secu1,secu2,secu3,locp,actp,etatp,year_acc,victim_age,senc,catv,obs,obsm,choc,manv,motor,occutc,catr,voie,v1,v2,circ,nbv,vosp,prof,pr,pr1,plan,lartpc,larrout,surf,infra,situ,vma,jour,mois,an,hrmn,lum,dep,com,agg_,int,atm,col,adr,lat,long,hour,nb_victim,nb_vehicules
202100037512,134Â 615,A01,1,1,1,4,2,-1,-1,0,0,-1,2021,47.0,2,1,0,0,7,1,1,,3,103,-1,,1,2,0,2,4,442,3,, -1,1,0,1,90,28,5,2021,12:15,1,6,6152,1,1,0,7,Route du Parc,43.611615,7.048561,12,1,1
202100018756,168Â 115,A01,1,1,2,5,2,0,-1,-1, -1,-1,2021,20.0,3,1,0,0,0,1,0,,4,VOLTAIRE,0,,2,4,0,1,(1),(1),1,, -1,1,0,1,50,14,9,2021,11:00,1,62,62193,2,2,0,3,VOLTAIRE,50.9536,1.86585,11,2,2
202100033942,141Â 090,A01,1,1,1,5,1,-1,-1,0,0,-1,2021,47.0,1,2,0,2,1,2,1,,2,141,0,N,3,4,0,2,44,520,1,"2,5",14,2,0,1,110,18,6,2021,01:00,3,16,16280,1,1,1,2,,45.748581,0.367388,1,3,2
202100042963,124Â 876,A01,1,1,1,5,2,6,-1,0,0,-1,2021,20.0,1,1,0,0,4,0,1,,3,64,-1,,2,2,0,2,5,536,1,, -1,1,0,1,80,24,4,2021,01:30,3,44,44133,1,1,0,2,Les Planchettes,47.151278,-1.729011,1,2,2
202100008448,186Â 638,A01,1,1,2,0,1,-1,-1,0,0,-1,2021,75.0,0,2,0,2,1,1,2,,4,JULES FERRY (CHAUSSEE),0,,2,3,0,1,(1),(1),1,, -1,1,0,1,50,8,11,2021,14:44,1,80,80021,2,1,0,2,JULES FERRY (CHAUSSEE),49.88388,2.32382,14,2,2
202100044344,122Â 407,B01,1,1,1,1,1,-1,-1,0,0,-1,2021,46.0,1,2,0,2,1,1,1,,7,7,0,,2,2,0,2,7,250,3,, -1,1,0,1,70,13,4,2021,14:00,1,69,69127,1,1,0,1,SAIN-BEL (DE) (RTE),45.791209,4.704106,14,2,2
202100024944,157Â 074,B01,2,2,1,5,2,-1,-1,0,0,-1,2021,16.0,1,1,0,2,1,17,1,,3,D956,-1,,2,2,0,1,(1),(1),1,, -1,1,0,1,30,8,8,2021,18:49,1,84,84133,2,1,0,2,428 Boulevard de Saint Roch,43.721542,5.542132,18,3,2
202100022005,162Â 301,B01,1,1,1,5,2,-1,-1,0,0,-1,2021,30.0,1,1,0,2,1,1,1,,3,116,-1,D,2,2,0,1,32,709,1,, -1,1,0,1,80,29,8,2021,16:45,1,17,17041,1,1,0,3,D116,46.215283,-0.809534,16,2,2
202100027817,151Â 991,A01,1,1,2,0,1,-1,-1,0,0,-1,2021,22.0,2,2,3,2,7,14,1,,2,88,-1,,2,2,0,1,16,450,1,, -1,1,0,1,80,22,7,2021,18:35,1,12,12107,1,1,0,3,N88,44.357748,2.905165,18,2,2
202100021645,162Â 938,A01,10,3,1,5,0,8,-1,2,4,2,2021,4.0,1,2,0,1,1,1,1,,4,RUE D EUPATORIA,0,,1,1,0,2,(1),(1),1,, -1,1,0,1,30,31,8,2021,16:10,1,75,75120,2,4,0,6,RUE D EUPATORIA,48.86904,2.388227,16,2,1
202100025668,155Â 798,A01,1,1,2,1,1,-1,-1,0,0,-1,2021,20.0,1,2,2,0,2,1,1,,3,53,0,,2,2,0,2,32,820,1,, -1,2,0,3,80,4,8,2021,12:31,1,26,26330,2,1,1,6,Route de Chateauneuf,45.275747,4.959919,12,1,1
202100018586,168Â 412,A01,2,2,2,5,1,5,-1,0,0,-1,2021,16.0,0,2,0,2,8,13,1,,4,ALLENDE (BOULEVARD DU PRESIDENT),0,,1,2,0,1,(1),(1),1,, -1,1,9,1,50,15,9,2021,17:55,1,27,27229,2,6,0,3,ALLENDE (BOULEVARD DU PRESIDENT),49.0035064021,1.1516,17,3,2
202100005502,191Â 959,B01,1,1,1,0,8,0,-1,-1, -1,-1,2021,40.0,3,1,0,2,8,9,0,,4,CAMBRAI RUE DE NÂ° IMPAIRS,0,,2,2,1,1,(1),(1),1,, -1,1,0,1,50,29,11,2021,13:55,1,59,59350,2,1,0,3,CAMBRAI RUE DE NÂ° IMPAIRS,50.62394,3.07836,13,2,2
202100035055,139Â 034,B01,1,1,1,4,2,0,-1,0,0,-1,2021,35.0,2,1,0,2,2,17,3,,4,RUE MONGE,0,,2,3,0,2,(1),(1),1,, -1,1,0,1,30,9,6,2021,22:35,5,75,75105,2,3,0,1,RUE MONGE,48.844481,2.352427,22,3,2
202100032514,143Â 648,B01,1,1,1,1,2,6,-1,0,0,-1,2021,55.0,2,1,0,2,4,23,1,,4,RUE RAYMOND LOSSERAND,0,,1,1,0,1,(1),(1),1,, -1,1,0,1,50,24,6,2021,14:25,1,75,75114,2,1,0,4,RUE RAYMOND LOSSERAND,48.834681,2.31951,14,4,3
202100011129,181Â 841,A01,10,3,1,1,0,-1,-1,4,3,1,2021,27.0,1,5,0,1,1,15,1,,4,MARCEAU (RUE),0,,1,1,0,1,1,0,1,, -1,2,0,1,30,25,10,2021,07:50,5,93,93048,2,1,1,6,MARCEAU (RUE),48.8526148185,2.4261094062,7,2,1
202100044614,121Â 973,A01,1,1,1,4,8,0,-1,-1, -1,-1,2021,31.0,2,1,8,0,1,1,0,,3,BROSSOLETTE AVENUE PIERRE,0,,2,4,2,1,0,0,1,, -1,1,0,5,50,8,4,2021,10:00,1,92,92049,2,1,0,6,BROSSOLETTE AVENUE PIERRE,48.8148609217,2.3039424419,10,1,1
202100049528,113Â 227,A01,10,3,2,5,0,-1,-1,2,9,1,2021,27.0,1,3,0,1,7,7,1,1.0,4,RUE DE LA LEGION ETRANGERE,0,,1,2,3,1,(1),(1),1,, -1,1,-1,6,50,1,3,2021,17:20,1,75,75114,2,4,0,6,RUE DE LA LEGION ETRANGERE,48.8215061898,2.324835324,17,2,1
202100011569,181Â 043,A01,1,1,2,2,2,6,-1,-1, -1,-1,2021,15.0,2,1,0,0,8,1,1,,4,LACHEPAILLET (RUE DES REMPARTS),0,,2,2,0,2,0,0,3,, -1,2,0,1,30,22,10,2021,08:30,1,64,64102,2,9,1,7,LACHEPAILLET (RUE DES REMPARTS),43.4885,-1.47842,8,1,1
202100032497,143Â 680,B01,1,1,1,5,2,0,-1,0,0,-1,2021,31.0,2,1,0,2,6,19,5,,3,712,0,,2,2,0,1,(1),(1),1,, -1,1,0,1,50,4,6,2021,16:55,1,22,22278,2,1,0,2,Robert Schuman (boulevard),48.511458755,-2.7856349945,16,2,2
202100035470,138Â 308,A01,2,2,1,0,1,0,-1,-1, -1,-1,2021,22.0,3,2,0,4,2,1,1,,4,11 NOVEMBRE 1918    (Boulevard du),0,,3,5,2,1,(1),(1),1,, -1,1,4,1,50,8,6,2021,21:50,5,69,69266,2,8,0,3,11 NOVEMBRE 1918 (DU) (BD) ,45.77888,4.86647,21,3,2
202100028193,151Â 300,A01,2,2,2,5,2,6,-1,0,0,-1,2021,57.0,2,1,3,2,4,1,1,,3,947,-1,,2,2,0,1,(1),(1),1,, -1,1,0,1,80,20,7,2021,18:40,1,59,59260,1,1,0,2,Rue Nationale (Les MoÃ«res),51.022409,2.548323,18,3,2
202100034071,140Â 863,A01,1,1,1,5,2,6,-1,-1, -1,-1,2021,27.0,1,1,0,2,2,17,1,,3,AVENUE DE LA REPUBLIQUE,0,,2,2,0,1,0,0,1,, -1,1,0,1,50,16,6,2021,12:40,1,28,28220,2,1,0,3,AVENUE DE LA REPUBLIQUE,48.41778,1.46582,12,4,2
202100023692,159Â 267,B01,1,1,2,4,2,-1,-1,-1, -1,-1,2021,52.0,1,1,0,2,7,16,5,,3,MALADIERE RUE DE LA,0,,2,3,0,1,0,1,2,, -1,1,0,1,50,17,8,2021,12:40,1,69,69264,2,1,0,3,MALADIERE (DE LA) (R),45.9788296972,4.7156399488,12,2,2
202100046605,118Â 463,A01,10,3,2,2,0,-1,-1,5,9,3,2021,19.0,2,2,0,1,1,15,1,,4,PAROT JEAN A PARTIR NÃ¸ 58-65,0,,2,2,0,2,(1),(1),1,, -1,1,0,4,50,27,1,2021,12:40,1,42,42218,2,1,0,6,Rue Jean Parot,45.4294959078,4.4229336865,12,3,1
202100039357,131Â 251,B01,1,1,1,1,1,-1,-1,0,0,-1,2021,58.0,3,2,0,2,8,1,1,,3,2085,0,D,2,2,0,1,13,887,1,, -1,1,0,1,50,20,5,2021,09:00,1,6,6105,2,1,0,3,D'2085,43.667817,7.044736,9,2,2
202100020286,165Â 375,A01,1,1,1,5,1,8,-1,-1, -1,-1,2021,22.0,3,2,0,2,1,9,1,,4,CUGNOT (RUE JOSEPH),0,,2,2,0,1,(1),(1),1,, -1,1,0,1,50,6,9,2021,14:50,1,37,37122,2,1,0,3,CUGNOT (RUE JOSEPH),47.3416054493,0.6297449277,14,2,2
202100055860,102Â 032,A01,10,3,2,2,0,-1,-1,3,5,2,2021,7.0,2,2,0,1,1,1,1,,3,,0,,2,2,0,2,21,316,1,, -1,1,0,1,50,8,1,2021,17:20,2,43,43040,2,1,0,6,7 Avenue Edouard Herriot,45.295347,3.377285,17,2,1
202100001292,199Â 456,A01,1,1,1,9,2,6,-1,0,0,-1,2021,34.0,2,1,0,2,1,1,1,,4,AVENUE DE CLICHY,0,,2,2,3,2,(1),(1),1,, -1,2,0,1,30,25,12,2021,02:45,3,75,75117,2,4,1,2,AVENUE DE CLICHY,48.887497,2.325592,2,2,2
202100041187,127Â 978,A01,1,1,1,0,1,-1,-1,0,0,-1,2021,21.0,3,2,2,0,0,1,1,,4,,-1,,2,2,0,1,(1),(1),3,, -1,1,0,1,-1,7,5,2021,02:15,4,41,41002,1,1,0,6,La Gouliere,47.307706,1.243059,2,1,1
202100005415,192Â 115,A01,1,1,1,1,8,-1,-1,0,0,-1,2021,21.0,1,2,9,0,2,1,1,,3,8,0,D,2,2,0,1,12,500,1,, -1,7,0,3,80,29,11,2021,06:25,2,67,67099,1,1,1,7,Route dÃ©partementale 8,48.948294,7.140212,6,1,1
202100044515,122Â 140,A01,1,1,1,5,2,-1,-1,0,0,-1,2021,31.0,3,1,0,2,1,5,1,,2,209,-1,,2,2,0,1,(1),(1),4,, -1,1,0,1,30,11,4,2021,05:10,3,977,97701,2,1,0,1,LORIENT,17.906539,-62.828064,5,2,2
202100047736,116Â 422,A01,1,1,1,5,1,0,-1,-1, -1,-1,2021,25.0,1,2,6,0,1,19,1,,4,PREMIER MAI (R DU),0,,2,2,0,1,(1),(1),1,, -1,1,0,1,50,28,1,2021,11:00,1,62,62842,2,1,0,7,PREMIER MAI (R DU),50.466883,2.866093,11,1,1
202100056175,101Â 476,C01,1,1,2,1,1,4,-1,0,0,-1,2021,44.0,1,2,0,2,4,2,1,,4,ECHANGEUR BERCY,0,,1,4,0,1,34,600,1,, -1,1,0,1,70,4,1,2021,18:40,5,75,75112,2,1,0,4,ECHANGEUR BERCY,48.828178,2.396136,18,3,3
202100051629,109Â 407,B01,1,1,1,5,1,-1,-1,0,0,-1,2021,61.0,1,2,0,2,4,15,1,,3,4096,-1,,2,2,0,1,22,50,1,, -1,1,0,1,80,14,2,2021,11:30,1,4,4242,1,3,0,2,RD 4096,43.8959731814,5.8774778229,11,2,2
202100007919,187Â 588,B01,1,1,2,3,1,-1,-1,0,0,-1,2021,37.0,1,2,0,2,2,1,1,,3,1075,-1,,2,1,0,1,71,600,1,,3,1,0,1,80,13,11,2021,11:55,1,38,38061,1,3,0,3,Route de Grenoble,45.317022,5.621985,11,2,2
202100018802,168Â 035,A01,1,1,1,1,2,0,-1,0,0,-1,2021,31.0,2,1,0,2,6,7,1,,4,BOULEVARD RASPAIL,0,,2,4,3,1,(1),(1),1,, -1,2,0,6,30,15,9,2021,13:10,1,75,75114,2,4,0,3,BOULEVARD RASPAIL,48.8377879769,2.3311732621,13,2,2
202100033531,141Â 835,A01,10,3,1,0,0,-1,-1,2,3,2,2021,12.0,3,2,1,1,2,1,1,,4,LEO LAGRANGE                        (R ),0,,2,2,0,1,(1),(1),1,, -1,1,0,1,30,18,6,2021,15:40,1,69,69259,2,1,0,6,LEO LAGRANGE (R),45.69904,4.87029,15,2,1
202100015288,174Â 384,A01,1,1,1,5,2,6,-1,0,0,-1,2021,78.0,1,1,0,0,4,2,5,,3,943,0,D,2,2,0,1,54,850,2,, -1,1,0,1,50,25,8,2021,09:00,1,84,84068,2,6,1,2,Rond-point D27 / D943,43.76512,5.365448,9,2,2
202100024901,157Â 149,A01,1,1,2,9,8,0,-1,0,0,-1,2021,52.0,1,1,0,2,1,1,5,,4,QUAI BRANLY,0,,2,5,1,1,(1),(1),1,, -1,1,0,5,50,9,8,2021,16:20,1,75,75107,2,1,0,3,QUAI BRANLY,48.861566,2.297713,16,2,2
202100051181,110Â 184,A01,10,3,2,5,0,-1,-1,1,3,1,2021,67.0,2,1,0,1,7,1,5,,4,RUE ETIENNE DOLET,0,,1,1,1,1,(1),(1),1,, -1,1,-1,5,50,17,2,2021,17:55,2,75,75120,2,1,0,6,RUE ETIENNE DOLET,48.867797,2.384307,17,2,1
202100028993,149Â 903,A01,10,3,1,0,0,-1,-1,9,3,2,2021,2.0,0,2,0,1,1,1,1,,4,JOFFRE (AV),0,,3,2,0,1,1,0,1,, -1,1,0,1,30,14,7,2021,18:17,1,94,94046,2,1,0,6,Avenue Joffre,48.81493,2.45163,18,2,1
202100015570,173Â 855,A01,1,1,1,0,2,0,-1,-1, -1,-1,2021,22.0,1,1,0,2,9,17,1,,2,PONT DE CHEVIRE,0,,3,6,0,1,26,359,1,, -1,1,0,1,70,1,10,2021,08:10,2,44,44109,1,1,0,4,PONT DE CHEVIRE,47.19293,-1.61354,8,3,3
202100039369,131Â 230,A01,1,1,1,1,2,6,-1,0,0,-1,2021,30.0,1,1,0,0,8,26,1,,1,8,-1,,3,5,0,2,205,200,2,, -1,1,0,1,110,19,5,2021,12:31,1,6,6149,1,1,0,7,"A8, PK205+200 chaussÃ©e sud",43.74298,7.343717,12,1,1
202100036041,137Â 266,A01,1,1,1,1,1,0,-1,-1, -1,-1,2021,36.0,1,2,0,2,1,26,1,,1,AUTOROUTE A1,0,,3,8,0,1,2,0,1,, -1,1,0,1,90,7,6,2021,16:35,1,93,93066,1,1,0,4,AUTOROUTE A1,48.91937,2.35757,16,3,3
202100037729,134Â 227,A01,10,3,1,9,0,-1,-1,3,3,2,2021,5.0,3,2,0,1,2,1,1,,4,SAINT HELENS (RUE DE ),0,,2,2,0,1,(1),(1),1,, -1,1,6,1,50,28,5,2021,13:30,1,71,71076,2,1,0,6,SAINT HELENS (RUE DE ),46.79684,4.86413,13,2,1
202100023052,160Â 415,B01,1,1,1,0,2,0,-1,-1, -1,-1,2021,21.0,1,1,0,2,4,0,5,,3,HERILLIER (PLACE L'),0,,2,2,0,1,(1),(1),1,, -1,1,0,1,50,30,7,2021,05:25,2,59,59178,2,6,0,3,HERILLIER (PLACE L'),50.36291,3.07845,5,2,2
202100049918,112Â 511,A01,1,1,1,5,1,-1,-1,0,0,-1,2021,29.0,2,2,6,0,2,1,1,,1,28,0,,3,4,0,1,169,200,1,, -1,1,0,8,130,27,2,2021,08:05,1,61,61341,1,1,0,6,A 28 PK 169+200,48.524379,0.153294,8,1,1
202100036081,137Â 189,A01,1,1,1,5,2,0,-1,-1, -1,-1,2021,36.0,3,1,0,2,1,2,1,,4,TUNNEL PRADO SUD,0,,1,0,0,1,1100,0,1,, -1,1,1,1,50,5,6,2021,19:06,5,13,13208,2,1,0,2,TUNNEL PRADO SUD,43.276778926,5.3950369155,19,2,2
202100005430,192Â 088,B01,2,2,2,5,1,-1,-1,0,0,-1,2021,46.0,2,2,0,2,6,1,1,,3,907,0,D,2,2,0,1,29,270,2,, -1,1,0,1,80,28,11,2021,16:40,1,4,4035,1,1,0,3,RD 907,43.903733,6.030872,16,3,2
202100044194,122Â 678,A01,1,1,1,5,2,6,9,0,0,-1,2021,19.0,2,1,0,0,1,2,1,,3,770,0,,2,2,0,1,21,780,1,, -1,1,0,1,90,13,4,2021,18:45,1,49,49176,1,4,0,2,La Grande Alnaie (Le Lion-d'Angers),47.6120974034,-0.7774776654,18,2,2
202100020336,165Â 286,A01,10,3,2,1,0,-1,-1,3,3,1,2021,45.0,2,5,0,1,2,1,6,,3,JOFFRE (AV),0,,2,2,0,1,1,0,1,, -1,1,0,1,50,7,9,2021,08:35,1,94,94067,2,1,0,6,Avenue Joffre,48.84825,2.41767,8,2,1
202100037830,134Â 035,A01,1,1,1,1,8,0,-1,0,0,-1,2021,54.0,1,1,0,2,3,10,5,,4,BOULEVARD NEY,0,,1,2,1,1,(1),(1),1,, -1,1,0,5,50,28,5,2021,08:50,1,75,75118,2,3,0,3,BOULEVARD NEY,48.897812,2.333489,8,2,2
202100026808,153Â 805,A01,1,1,2,0,1,0,-1,-1, -1,-1,2021,50.0,0,2,0,2,1,1,0,,3,RD 200_NORD,0,,2,0,0,1,21,0,1,, -1,2,0,1,80,27,7,2021,18:25,1,60,60684,1,1,1,4,RD 200_NORD,49.2849666573,2.4931368827,18,4,4
202100006182,190Â 765,A01,1,1,1,1,2,6,-1,0,0,-1,2021,47.0,2,1,0,0,4,15,1,,3,910,0,D,2,2,0,1,16,400,1,, -1,2,0,1,70,23,11,2021,18:25,3,33,33052,1,9,0,2,Route de Paris,44.95852,-0.2307,18,2,2
202100030113,147Â 951,B01,1,1,1,1,8,-1,-1,0,0,-1,2021,60.0,2,0,0,2,7,0,3,,3,38,0,D,2,2,0,1,10,310,1,, -1,1,0,1,50,9,7,2021,11:00,1,1,1249,2,3,0,3,935 Route de Tramoyes,45.871063,4.923125,11,2,2
202100017552,170Â 251,A01,1,1,2,3,1,-1,-1,0,0,-1,2021,81.0,2,2,13,0,3,0,1,,3,926,0,D,2,2,0,2,1,680,1,, -1,1,0,3,90,22,9,2021,12:04,1,15,15025,1,1,0,6,D926,45.099654,2.884362,12,1,1
202100024252,158Â 318,A01,10,3,1,0,0,-1,-1,-1, -1,-1,2021,9.0,1,2,0,1,1,1,1,,4,TOLSTOI    (Cours),0,,3,3,3,1,(1),(1),1,, -1,2,6,1,30,12,8,2021,22:45,5,69,69266,2,1,0,6,TOLSTOI (CR),45.76385,4.8734,22,3,1
202100050104,112Â 177,A01,1,1,1,5,2,6,-1,0,0,-1,2021,17.0,1,1,0,2,1,2,1,,3,8,0,,2,2,0,1,38,300,1,, -1,1,0,1,50,27,2,2021,14:45,1,2,2095,2,1,0,2,Rue de Saint-quentin,49.982272,3.452808,14,3,2
202100000631,200Â 578,B01,1,1,1,5,2,6,-1,-1, -1,-1,2021,16.0,1,1,0,2,1,0,1,,7,CD 559 (CHEMIN DEPARTEMENTALÂ°,0,,3,2,0,2,0,0,1,, -1,1,0,1,80,13,11,2021,14:50,1,13,13028,1,3,0,3,CD 559 (CHEMIN DEPARTEMENTALÂ°,43.18074,5.67182,14,2,2
202100002988,196Â 436,A01,10,3,2,1,0,-1,-1,3,3,1,2021,49.0,3,2,0,1,1,1,1,,3,,-1,,2,2,0,1,(1),(1),1,,4,9,6,8,50,15,12,2021,17:14,5,74,74112,2,9,1,6,Route de la Bouvarde (Pont),45.933875,6.119304,17,2,1
202100000633,200Â 575,B01,3,2,2,0,1,0,-1,-1, -1,-1,2021,64.0,2,2,0,2,4,26,1,,2,20 (R.N.) COTE SUD DU TUNNEL,0,,3,2,0,1,41,341,1,, -1,1,9,1,80,30,12,2021,16:10,1,9,9207,2,1,0,2,20 (R.N.) COTE SUD DU TUNNEL,42.938742,1.624617,16,5,2
202100011853,180Â 536,A01,10,3,2,9,0,-1,-1,2,3,1,2021,62.0,1,1,0,1,1,17,1,,4,BOULEVARD DE PICPUS,0,,-1,2,0,1,(1),(1),1,, -1,1,0,1,30,21,10,2021,09:47,1,75,75112,2,2,0,6,BOULEVARD DE PICPUS,48.848056,2.399116,9,2,1
202100025027,156Â 917,B01,9,2,1,5,1,-1,-1,0,0,-1,2021,65.0,2,2,0,2,4,2,1,,1,61,0,A,-1,4,0,1,351,600,1,, -1,1,0,1,130,8,8,2021,18:35,1,11,11148,1,1,0,2,A 61 PK 351+600,43.1720712396,2.695813179,18,6,2
202100002277,197Â 714,B01,1,1,1,1,2,6,-1,-1, -1,-1,2021,49.0,1,1,0,2,7,0,1,,3,JEAN JAURES (R),0,,2,5,0,1,0,0,1,, -1,1,0,1,50,18,12,2021,19:20,5,94,94046,2,1,0,3,Rue Jean JaurÃ¨s,48.79327,2.43435,19,2,2
202100015452,174Â 086,B01,1,1,1,3,1,-1,-1,-1,0,-1,2021,41.0,1,2,0,2,4,1,1,,1,AUTOROUTE A15,0,,3,4,0,1,23,500,1,, -1,2,0,1,90,2,10,2021,18:00,1,95,95500,1,1,1,2,A15,49.0377548777,2.0892307029,18,2,2
202100051945,108Â 855,B01,1,1,1,4,1,0,-1,-1, -1,-1,2021,34.0,1,5,9,2,7,1,1,,3,RD 914,0,,1,3,0,2,0,0,1,, -1,2,0,1,50,10,2,2021,18:15,2,92,92050,2,2,0,3,PONS NOEL RUE,48.9040937696,2.2191306536,18,2,2
202100010418,183Â 100,A01,1,1,1,5,1,-1,-1,0,0,-1,2021,36.0,1,2,13,0,1,26,1,,3,205,-1,,2,2,0,1,11,804,1,, -1,1,0,3,80,29,10,2021,19:35,3,85,85234,1,6,0,6,D205,46.795823,-2.0106755,19,1,1
202100017191,170Â 906,B01,1,1,1,5,2,-1,-1,0,0,-1,2021,22.0,3,1,0,2,1,1,1,,6,,0,A,-1,-1,0,1,(1),(1),3,, -1,1,0,1,30,24,9,2021,12:00,1,56,56240,2,1,0,3,Place de Francheville,47.528697,-2.76737,12,2,2
202100019149,167Â 400,B01,1,1,2,0,8,0,-1,-1, -1,-1,2021,22.0,3,1,0,2,1,1,3,,4,EGALITE (RUE DE L'),0,,1,1,0,1,(1),(1),1,, -1,1,0,1,50,13,9,2021,12:28,1,82,82033,2,2,0,3,EGALITE (RUE DE L'),44.03881,1.10867,12,2,2
202100041856,126Â 809,A01,10,3,1,0,0,-1,-1,1,1,1,2021,16.0,1,2,0,1,2,1,0,,3,64,0,,2,2,0,1,11,700,1,, -1,1,0,1,80,26,3,2021,19:15,3,1,1405,1,1,0,6,Route de Lent,46.130473,5.169698,19,2,1
202100004649,193Â 461,A01,1,1,1,9,1,0,-1,-1, -1,-1,2021,35.0,1,5,1,0,1,1,1,,4,FLEMING (RUE ALEXANDER),0,,2,2,0,1,0,0,1,, -1,1,0,1,50,6,9,2021,08:30,1,19,19031,2,1,0,6,FLEMING (RUE ALEXANDER),45.15313,1.51412,8,1,1
202100003731,195Â 081,B01,1,1,1,9,2,6,-1,0,0,-1,2021,53.0,2,1,0,2,1,17,1,,4,AVENUE PHILIPPE AUGUSTE,0,,2,2,0,1,(1),(1),1,, -1,1,0,1,30,10,12,2021,19:10,5,75,75111,2,7,0,3,AVENUE PHILIPPE AUGUSTE,48.849358,2.395318,19,2,2
202100046567,118Â 531,A01,1,1,2,1,1,8,-1,-1, -1,-1,2021,33.0,1,2,0,2,1,1,1,,3,RAVINE VILAINE (CHEMIN DEPARTEMENTAL DE),0,,2,2,0,2,1,0,1,, -1,1,0,1,50,25,3,2021,10:45,1,972,97209,2,1,0,4,RAVINE VILAINE (CHEMIN DEPARTEMENTAL DE),14.6322266762,-61.0597229013,10,3,3
202100039516,130Â 969,A01,1,1,1,9,1,-1,-1,0,0,-1,2021,46.0,1,2,0,2,1,13,1,,3,820,-1,D,-1,2,0,1,51,650,1,, -1,1,0,1,80,19,5,2021,09:10,1,31,31345,1,1,0,1,RD 820 - Pk 51.650,43.394461,1.429617,9,2,2
202100000509,200Â 790,B01,1,1,2,0,8,0,-1,-1, -1,-1,2021,48.0,3,1,0,2,7,1,0,,4,,0,,2,2,0,1,(1),(1),1,, -1,2,5,1,50,13,11,2021,17:00,1,37,37122,2,6,1,3,CHANTEPIE (RUE DE),47.3503784806,0.656260023,17,2,2
202100012363,179Â 617,A01,1,1,1,0,2,6,-1,-1, -1,-1,2021,21.0,2,1,0,2,1,2,1,,1,AUTOROUTE A1,0,,3,6,0,1,2,500,1,, -1,1,0,1,90,19,10,2021,11:10,1,93,93066,1,1,0,3,AUTOROUTE A1,48.9252822732,2.357055749,11,2,2
202100009457,184Â 799,A01,1,1,1,5,2,6,-1,0,0,-1,2021,57.0,1,1,0,2,1,3,1,,4,PORTE D ORLEANS,0,,1,4,0,1,5,500,1,, -1,2,0,1,70,4,11,2021,08:10,1,75,75114,2,1,0,3,PORTE D ORLEANS,48.820678,2.323145,8,2,2
202100000372,201Â 044,A01,2,2,1,5,1,-1,-1,-1,0,-1,2021,29.0,3,2,6,0,1,1,1,,7,,0,,2,2,0,2,(1),(1),3,, -1,1,0,1,50,1,4,2021,23:42,5,63,63113,2,1,0,6,LIMOUSIN (AVENUE DU),45.78766,3.06454,23,2,1
202100014793,175Â 268,A01,1,1,1,1,1,0,-1,-1, -1,-1,2021,19.0,1,2,14,2,1,6,1,,3,RD 955,0,,3,2,0,2,95,100,1,, -1,2,0,3,70,6,10,2021,20:14,3,57,57630,1,1,1,1,RD 955,48.71802,7.04237,20,2,2
202100001300,199Â 441,A01,1,1,1,0,2,6,-1,-1, -1,-1,2021,21.0,3,1,0,2,1,2,1,,3,"""STALINGRAD (AVENUE), NR 88 A 114 BIS""",0,,2,4,1,1,0,1,1,, -1,2,0,1,50,26,12,2021,09:10,1,93,93066,2,1,0,2,"""STALINGRAD (AVENUE), NR 88 A 114 BIS""",48.94578,2.36577,9,2,2
202100033962,141Â 059,A01,1,1,1,5,0,-1,-1,0,0,-1,2021,82.0,0,1,0,2,1,15,5,,4,,-1,,2,2,0,1,(1),(1),1,,4,1,0,1,-1,16,6,2021,07:03,1,67,67378,2,3,0,3,Rue de la Retraite,48.471552,7.72311,7,2,2
202100010465,183Â 018,Z01,10,3,1,5,0,0,-1,3,3,2,2021,37.0,2,1,0,1,0,17,1,,3,REPUBLIQUE (AV DE LA),0,,3,2,0,1,1,0,1,, -1,1,0,1,50,28,10,2021,13:00,1,94,94017,2,9,0,6,Avenue de la RÃ©publique,48.822142545,2.5106549263,13,2,1
202100054762,103Â 913,A01,1,1,2,5,2,6,-1,-1, -1,-1,2021,16.0,3,1,0,2,1,1,1,,7,770,0,,1,2,1,1,(1),(1),1,, -1,5,0,1,50,16,1,2021,12:00,1,59,59599,2,1,1,2,GRAMME (CHAUSSEE),50.73683,3.1688,12,2,2
202100027071,153Â 331,A01,10,3,2,0,0,-1,-1,3,3,1,2021,57.0,0,2,0,1,1,1,0,,4,BERTINOT (RUE GUSTAVE),0,,1,1,0,2,(1),(1),1,, -1,1,0,6,30,25,7,2021,10:50,1,27,27375,2,9,0,6,BERTINOT (RUE GUSTAVE),49.210270205,1.17038089,10,2,1
202100018490,168Â 583,A01,2,2,2,0,1,-1,-1,0,0,-1,2021,18.0,2,2,2,0,1,1,1,,3,615,0,,2,2,0,1,10,730,1,, -1,2,0,3,80,18,9,2021,16:05,1,66,66210,1,1,1,6,D615,42.6384136762,2.7368799783,16,2,1
202100006080,190Â 935,A01,1,1,1,5,2,6,-1,-1,0,-1,2021,36.0,2,1,0,0,7,21,1,,1,AUTOROUTE A15,0,,3,4,0,1,21,0,2,, -1,2,0,1,90,27,11,2021,10:45,1,95,95572,1,1,1,7, A15,49.030904268,2.1213675484,10,1,1
202100039623,130Â 765,B01,1,1,1,0,1,0,-1,-1, -1,-1,2021,32.0,2,1,0,2,1,1,1,,3,992,0,,3,4,0,1,0,0,1,, -1,2,0,1,50,17,5,2021,18:50,2,92,92025,2,3,0,2,CHARLES DE GAULLE (BD),48.9103221418,2.2344600994,18,2,2