Num_Acc,id_vehicule,num_veh,place,catu,sexe,trajet,secu1,secu2,secu3,locp,actp,etatp,year_acc,victim_age,senc,catv,obs,obsm,choc,manv,motor,occutc,catr,voie,v1,v2,circ,nbv,vosp,prof,pr,pr1,plan,lartpc,larrout,surf,infra,situ,vma,jour,mois,an,hrmn,lum,dep,com,agg_,int,atm,col,adr,lat,long,hour,nb_victim,nb_vehicules
202100001403,199Â 267,A01,1,1,1,0,1,-1,-1,0,0,-1,2021,23.0,1,2,8,0,8,1,1,,3,790,-1,,2,2,0,2,(1),(1),2,, -1,2,0,3,80,27,12,2021,00:00,3,22,22061,1,1,1,6,Le Merdy,48.17266838,-3.37001323,0,1,1
202100030015,148Â 140,B01,1,1,1,5,2,0,-1,0,0,-1,2021,65.0,1,1,0,2,3,1,5,,4,BOULEVARD BRUNE,0,,3,3,0,1,(1),(1),1,, -1,1,0,1,50,7,7,2021,12:05,1,75,75114,2,3,0,3,BOULEVARD BRUNE,48.823314,2.324384,12,2,2
202100001043,199Â 900,A01,1,1,2,1,2,6,-1,0,0,-1,2021,44.0,1,1,0,2,1,1,0,,4,,0,,2,2,0,1,(1),(1),1,, -1,1,0,1,50,28,12,2021,22:48,5,6,6083,2,1,0,2,"SOLEIL (PROMENADE DU, NÂ° 2 A 848))",43.772607,7.499112,22,2,2
202100009931,183Â 942,A01,1,1,1,9,8,0,-1,0,0,-1,2021,45.0,2,1,11,0,1,13,3,,4,RUE DE RIVOLI,0,,2,3,1,1,(1),(1),1,, -1,2,-1,5,30,1,11,2021,04:23,5,75,75101,2,2,0,6,RUE DE RIVOLI,48.858541,2.348236,4,1,1
202100053847,105Â 497,B01,1,1,1,5,2,-1,-1,0,0,-1,2021,68.0,2,1,0,2,1,1,1,,3,540A,0,,2,-1,0,1,7,558,1,, -1,1,0,1,70,24,1,2021,15:26,1,26,26198,1,2,1,3,Boulevard du PrÃ©sident RenÃ© Coty,44.534605,4.758592,15,2,2
202100029263,149Â 455,A01,10,3,1,5,8,8,-1,2,3,1,2021,62.0,3,2,0,1,1,1,1,,4,LECLERC (DU MARECHAL),0,,2,2,2,1,0,0,1,, -1,1,6,1,50,12,7,2021,17:25,2,974,97411,2,1,0,1,LECLERC (DU MARECHAL),-20.87987,55.45628,17,2,1
202100051584,109Â 490,A01,1,1,2,4,8,0,-1,-1, -1,-1,2021,31.0,2,3,4,0,1,1,1,1.0,3,RD 2060,0,,3,4,0,1,29,200,1,, -1,5,0,1,110,10,2,2021,09:30,1,45,45338,2,1,1,6,D 2060-PR29+200,47.970718,2.719645,9,1,1
202100006829,189Â 573,A01,10,3,1,0,0,-1,-1,4,3,1,2021,41.0,2,1,0,1,0,1,1,,3,REPUBLIQUE (AVENUE),0,,3,2,0,1,0,1,1,, -1,2,0,1,50,21,11,2021,20:30,3,93,93031,2,9,0,6,REPUBLIQUE (AVENUE),48.95054,2.32946,20,2,1
202100037805,134Â 081,A01,1,1,1,9,1,0,-1,-1, -1,-1,2021,52.0,1,2,1,0,3,1,1,,3,ZOLA (RUE EMILE),0,,2,2,0,1,0,1,1,, -1,1,0,1,50,28,5,2021,14:20,1,24,24037,2,1,0,2,ZOLA (RUE EMILE),44.8433,0.49569,14,2,2
202100004841,193Â 135,A01,10,3,2,2,0,-1,-1,3,3,2,2021,16.0,3,5,0,1,2,1,1,,3,955,-1,A,2,2,0,1,(1),(1),1,, -1,2,0,1,50,3,12,2021,17:00,5,58,58086,2,1,1,6,28 Avenue du 85Ã¨me de Ligne,47.401218,2.922642,17,3,1
202100031857,144Â 813,A01,1,1,1,0,1,0,-1,0,0,-1,2021,38.0,1,2,13,0,9,1,1,,3,D2089,0,,1,2,0,1,(1),(1),1,, -1,1,0,1,50,28,6,2021,07:53,1,63,63070,2,1,0,6,D2089,45.74152,3.07481,7,1,1
202100040637,128Â 973,A01,1,1,1,5,2,6,-1,-1, -1,-1,2021,47.0,3,1,0,2,1,19,1,,3,1,0,,2,-1,1,1,0,0,3,, -1,1,0,1,50,9,5,2021,16:20,1,92,92051,2,5,0,1,BOURDON (BOULEVARD),48.893538343,2.267626673,16,2,2
202100023205,160Â 141,B01,1,1,1,1,2,6,-1,0,0,-1,2021,36.0,2,1,0,2,7,1,1,,3,93,-1,,2,2,2,1,1,180,1,,4,1,0,1,50,22,8,2021,12:45,1,83,83119,2,3,0,3,Route des Plages,43.2596858511,6.6315533502,12,2,2
202100043031,124Â 757,B01,2,2,2,5,2,0,-1,-1, -1,-1,2021,21.0,1,1,0,2,1,1,1,,4,ALMA (DE L'),0,,2,4,2,2,(1),(1),1,, -1,1,8,1,50,22,4,2021,15:50,1,35,35238,2,2,0,1,ALMA (DE L'),48.10347,-1.67688,15,3,2
202100034865,139Â 389,B01,1,1,1,2,8,-1,-1,0,0,-1,2021,6.0,3,1,0,2,3,0,5,,7,49,-1,,2,2,0,1,0,800,1,, -1,1,0,1,30,11,6,2021,08:30,1,37,37139,2,1,0,3,6 Rue Alfred BaugÃ©,47.3825293909,0.5550344934,8,2,2
202100040614,129Â 019,B01,1,1,2,1,1,8,-1,-1, -1,-1,2021,48.0,1,2,0,2,8,1,2,,4,SAINTE CECILE (RUE),0,,1,1,0,1,(1),(1),1,, -1,1,0,1,50,9,5,2021,16:30,1,13,13205,2,2,0,3,SAINTE CECILE (RUE),43.288185,5.395217,16,2,2
202100049841,112Â 653,A01,1,1,2,3,1,8,-1,-1, -1,-1,2021,51.0,2,2,0,2,4,1,1,,7,Autoroute A.351,0,,3,3,0,1,0,699,1,, -1,1,0,1,90,23,2,2021,16:10,1,67,67482,1,1,0,4,M351,48.58716,7.71349,16,4,4
202100048891,114Â 366,B01,1,1,2,0,1,-1,-1,0,0,-1,2021,70.0,2,2,0,0,4,2,1,,3,955,0,,2,2,0,1,16,950,1,, -1,1,0,1,90,8,3,2021,16:55,1,45,45296,1,1,0,2,D955-PR 16 + 950,47.991602,1.723502,16,2,2
202100029539,148Â 992,A01,1,1,1,5,1,-1,-1,0,0,-1,2021,37.0,1,2,2,0,1,13,1,,3,306,-1,,2,2,0,1,18,377,1,, -1,1,0,3,90,11,7,2021,07:30,2,72,72154,1,1,0,7,D306 entre LA FLECHE et THOREE LES PINS,47.688359,0.005407,7,1,1
202100022550,161Â 320,B01,1,1,2,0,1,-1,-1,0,0,-1,2021,20.0,1,2,0,2,2,1,1,,3,40,-1,,2,2,0,1,22,0,1,, -1,1,0,1,80,21,8,2021,18:20,1,74,74050,1,3,1,3,Rte du Col de Cou,46.221118,6.433697,18,2,2
202100020236,165Â 465,A01,10,3,1,5,0,-1,-1,4,3,1,2021,20.0,2,2,0,1,3,1,1,,4,BENEDICTINS (AVENUE DES),0,,3,4,0,2,0,0,1,, -1,1,5,1,50,5,9,2021,04:45,5,87,87085,2,2,0,6,BENEDICTINS (AVENUE DES),45.83225,1.26465,4,2,1
202100050163,112Â 052,B01,1,1,1,4,2,0,-1,-1, -1,-1,2021,36.0,0,1,0,2,7,0,1,,4,EUROPE. BOULEVARD DE L',0,,2,4,0,1,(1),(1),1,, -1,1,0,1,50,16,2,2021,11:40,1,76,76540,2,2,0,3,Boulevard de lâEurope,49.42796,1.09341,11,2,2
202100014408,175Â 944,B01,1,1,2,1,2,0,-1,0,0,-1,2021,22.0,1,1,0,2,1,1,5,,4,RUE DE LA CONVENTION,0,,2,3,2,1,(1),(1),1,, -1,1,0,5,30,7,10,2021,18:10,1,75,75115,2,2,0,3,RUE DE LA CONVENTION,48.8411,2.287943,18,2,2
202100007764,187Â 882,B01,1,1,1,1,1,0,-1,-1, -1,-1,2021,46.0,1,2,0,2,4,2,1,,4,BEAUBREUIL (AVENUE DE),0,,1,2,0,1,0,0,2,, -1,1,0,1,50,16,11,2021,12:32,1,87,87085,2,1,0,2,BEAUBREUIL (AVENUE DE),45.87583,1.30129,12,2,2
202100047677,116Â 531,B01,1,1,1,4,2,4,6,0,0,-1,2021,43.0,2,1,0,0,1,23,1,,3,813,-1,,2,2,0,1,51,87,1,, -1,1,0,1,80,17,3,2021,17:40,1,82,82073,1,1,0,1,RD813,44.103831,0.906522,17,2,2
202100033043,142Â 677,A01,2,2,1,9,8,0,-1,-1, -1,-1,2021,12.0,1,2,0,2,1,9,1,,1,A87N,0,,3,5,0,1,1,0,1,, -1,2,9,1,90,19,6,2021,15:47,1,49,49267,2,1,0,4,A87N,47.46651,-0.51622,15,6,3
202100044910,121Â 449,B01,9,2,2,0,8,-1,-1,-1, -1,-1,2021,55.0,1,3,0,2,3,1,1,3.0,4,JEAN MARIE VIANNEY              CH,0,,2,5,0,2,(1),(1),1,, -1,1,0,1,50,6,4,2021,17:40,1,69,69081,2,1,0,3,JEAN MARIE VIANNEY (CHM),45.78933,4.77949,17,4,2
202100043811,123Â 371,A01,1,1,1,5,2,0,-1,-1, -1,-1,2021,18.0,1,1,0,0,3,26,1,,4,HOCHE,0,,1,3,2,1,0,0,1,, -1,1,0,1,50,16,4,2021,18:15,1,92,92046,2,1,0,7,HOCHE,48.8156826706,2.2905676067,18,1,1
202100001952,198Â 312,A01,2,2,2,5,1,-1,-1,0,0,-1,2021,73.0,1,2,0,2,1,15,2,,3,675,-1,,2,2,0,1,23,500,1,, -1,1,0,1,80,23,12,2021,10:25,1,87,87172,1,2,0,5,D675,46.167434,1.062037,10,5,3
202100043269,124Â 320,A01,1,1,1,4,1,-1,-1,0,0,-1,2021,58.0,2,2,0,0,0,0,1,,1,A43,-1,,3,2,0,2,52,400,1,, -1,1,0,1,130,21,4,2021,14:00,1,38,38381,1,1,0,7,A43,45.56272,5.48095,14,1,1
202100033682,141Â 557,A01,1,1,1,5,2,8,-1,-1, -1,-1,2021,48.0,0,0,8,0,1,0,3,,4,FORT RUE DU,0,,-1,1,1,1,0,1,1,, -1,1,6,1,50,18,6,2021,12:15,1,92,92020,2,1,0,6,FORT RUE DU,48.794512177,2.2718317062,12,1,1
202100017451,170Â 433,A01,1,1,2,0,2,0,-1,-1, -1,-1,2021,49.0,0,1,0,2,1,17,1,,4,BOULEVARD DE VENDEE,0,,3,2,0,1,(1),0,1,, -1,1,0,1,50,22,9,2021,08:00,1,44,44109,2,1,0,1,BOULEVARD DE VENDEE,47.1821,-1.51853,8,2,2
202100014575,175Â 656,B01,2,2,1,0,2,-1,-1,-1, -1,-1,2021,60.0,2,1,0,2,1,1,1,,3,DIEPPE (ROUTE DE),0,,2,2,0,1,95,185,1,, -1,1,0,1,50,7,10,2021,07:55,2,76,76349,2,2,0,3,DIEPPE (ROUTE DE),49.90147,1.05173,7,3,2
202100012987,178Â 526,B01,2,2,2,5,2,6,9,0,0,-1,2021,58.0,2,1,0,2,7,1,1,,3,337,-1,D,2,2,0,1,28,336,3,, -1,1,0,1,-1,13,9,2021,17:00,1,69,69160,2,9,0,3,CHANSAYE NORD,46.1649808112,4.4709078588,17,3,2
202100012262,179Â 806,A01,10,3,1,4,0,-1,-1,1,3,1,2021,30.0,2,2,0,1,8,1,0,,4,RESEAU ROBERT KELLER,0,,1,1,0,1,0,0,1,, -1,1,0,1,50,19,10,2021,14:55,1,93,93051,2,1,0,6,RESEAU ROBERT KELLER,48.8529244131,2.5684458017,14,3,2
202100018059,169Â 353,A01,1,1,2,9,1,-1,-1,0,0,-1,2021,35.0,3,2,0,0,2,14,1,,4,,-1,,2,2,0,2,(1),(1),4,,5,1,0,3,-1,19,8,2021,23:50,3,72,72144,1,1,0,6,Rue du Bas du Bourg,48.134064,0.798917,23,1,1
202100019061,167Â 569,A01,2,2,1,1,1,-1,-1,0,0,-1,2021,39.0,1,2,0,2,1,13,1,,3,817,0,D,2,2,0,1,25,0,1,, -1,1,0,1,80,15,9,2021,07:50,1,40,40271,1,9,0,1,RD 817,43.566532,-1.203185,7,4,2
202100004104,194Â 404,B01,1,1,2,1,1,-1,-1,-1, -1,-1,2021,18.0,2,2,0,2,3,1,1,,4,PIGNIER ( rue FranÃ§ois ),0,,2,2,0,1,(1),(1),1,, -1,2,0,1,50,7,12,2021,09:55,1,1,1053,2,1,0,1,PIGNIER ( rue FranÃ§ois ),46.218506,5.245358,9,2,2
202100047235,117Â 330,A01,1,1,1,0,2,6,-1,-1, -1,-1,2021,25.0,2,1,0,2,4,26,1,,4,BAILLE (BOULEVARD),0,,2,2,0,1,0,0,1,, -1,1,0,1,50,20,3,2021,10:45,1,13,13205,2,1,0,2,BAILLE (BOULEVARD),43.28931,5.39708,10,2,2
202100052271,108Â 274,B01,1,1,1,1,1,-1,-1,0,0,-1,2021,48.0,2,2,0,2,3,1,1,,3,106,0,,2,2,0,1,11,400,3,, -1,1,0,1,80,8,2,2021,09:00,1,30,30071,1,1,0,1,D106,44.028834,4.127512,9,2,2
202100027174,153Â 141,A01,1,1,1,5,1,0,-1,-1, -1,-1,2021,26.0,1,5,0,2,8,13,1,,1,AUTOROUTE A6,0,,1,3,0,1,13,949,1,, -1,1,0,1,110,25,7,2021,09:40,1,91,91161,1,1,0,3,AUTOROUTE A6,48.69951,2.31177,9,2,2
202100041596,127Â 250,B01,1,1,1,0,2,-1,-1,0,0,-1,2021,55.0,1,1,0,2,1,1,1,,3,,-1,,2,2,0,2,0,0,1,, -1,1,0,1,80,3,5,2021,09:40,1,38,38284,1,2,0,3,Chemin du Mangeot - RD 73,45.39211,5.226923,9,2,2
202100009012,185Â 609,A01,1,1,1,5,0,-1,-1,0,0,-1,2021,20.0,3,2,2,0,1,1,1,,3,117.7,-1,,2,2,0,2,(1),(1),4,, -1,1,0,8,80,7,11,2021,21:30,3,28,28046,1,1,0,7,route dÃ©partementale  117.7,48.691258,0.89589,21,1,1
202100036715,136Â 084,A01,1,1,1,0,2,6,-1,0,0,-1,2021,60.0,2,1,0,2,1,17,1,,3,402,0,D,2,2,0,1,1,150,3,, -1,1,0,1,80,4,6,2021,14:45,1,83,83127,1,1,0,1,D402,43.266472,5.805354,14,2,2
202100022047,162Â 220,B01,1,1,1,3,1,-1,-1,0,0,-1,2021,46.0,2,2,0,2,7,1,1,,3,437,0,D,2,2,2,1,(1),(1),2,, -1,1,0,1,50,6,4,2021,13:54,1,25,25367,2,1,0,3,41 Rue de Beaulieu,47.444753,6.816351,13,2,2
202100016276,172Â 541,A01,1,1,1,5,0,-1,-1,0,0,-1,2021,42.0,2,2,7,2,3,6,1,,3,7,-1,,3,2,0,1,41,950,1,, -1,1,0,1,110,29,9,2021,14:30,1,83,83057,1,1,0,6,Dn7,43.382065,6.184171,14,3,2
202100028389,150Â 967,A01,1,1,1,5,8,-1,-1,0,0,-1,2021,13.0,1,1,0,0,2,19,5,,3,D20,-1,,2,2,0,1,13,25,1,,4,1,0,1,50,19,7,2021,19:10,1,45,45160,2,2,0,3,Rue de la Biringue,48.182284,2.111617,19,2,2
202100015725,173Â 560,B01,2,2,1,0,1,0,-1,-1, -1,-1,2021,53.0,2,2,0,2,8,1,1,,1,AUTOROUTE A86,0,,3,6,0,1,18,299,2,, -1,2,0,1,90,2,10,2021,00:40,4,93,93027,1,1,1,5,AUTOROUTE A86,48.92864,2.41465,0,6,5
202100045588,120Â 243,A01,10,3,1,0,0,-1,-1,3,3,1,2021,23.0,3,2,0,1,3,1,1,,4,DOUFFIAGUES (AVENUE JACQUES),0,,2,2,0,1,(1),(1),1,, -1,1,0,1,50,31,3,2021,14:40,1,45,45286,2,2,0,6,Avenue Jacques Douffiagues,47.88935,1.92971,14,3,1
202100017633,170Â 100,B01,1,1,2,0,0,-1,-1,0,0,-1,2021,13.0,2,1,0,2,0,19,5,,4,DIEU (RUE DU VIEIL),0,,2,1,0,1,(1),(1),1,, -1,1,6,8,50,21,9,2021,16:35,1,59,59152,2,7,0,3,DIEU (RUE DU VIEIL),50.76174,3.01173,16,2,2
202100050185,112Â 013,B01,1,1,2,5,1,0,-1,-1, -1,-1,2021,63.0,1,2,0,2,4,1,1,,3,213,0,,3,4,0,1,12,480,1,, -1,1,0,1,90,23,2,2021,17:30,1,44,44184,1,1,0,4,RD 213,47.28581,-2.25768,17,8,4
202100031371,145Â 672,A01,1,1,1,0,2,6,-1,0,0,-1,2021,57.0,1,1,0,1,2,21,1,,3,30,-1,,2,2,2,2,(1),(1),1,, -1,1,0,5,50,2,7,2021,16:00,1,50,50487,2,1,0,6,Rue Patton,48.523654,-1.324512,16,2,1
202100008168,187Â 121,A01,2,2,1,5,1,-1,-1,0,0,-1,2021,21.0,1,2,0,2,2,1,1,,7,D554,-1,B,2,2,0,1,1,0,1,, -1,2,0,1,70,14,11,2021,22:20,3,83,83047,1,1,1,3,D554b,43.152141433,6.0825955868,22,4,2
202100012210,179Â 891,A01,10,3,2,1,0,-1,-1,3,3,2,2021,47.0,3,2,0,1,1,1,1,,4,SAINT-HELIER,0,,1,2,1,4,0,0,1,, -1,1,0,1,50,19,10,2021,11:30,1,35,35238,2,1,0,6,SAINT-HELIER,48.102672,-1.661295,11,3,1
202100044612,121Â 976,B01,1,1,1,0,2,6,-1,-1, -1,-1,2021,44.0,2,1,0,2,1,17,1,,4,ETIENNE DOLET (RUE),0,,2,2,0,1,0,0,1,, -1,1,0,1,50,9,4,2021,15:52,1,92,92046,2,1,0,3,ETIENNE DOLET (RUE),48.8139672068,2.3001953959,15,2,2
202100036374,136Â 684,A01,1,1,2,0,1,0,-1,-1, -1,-1,2021,22.0,1,2,0,2,6,9,1,,2,TOUTES RUES,0,,-1,4,0,1,1,0,1,, -1,1,0,1,90,4,6,2021,12:55,1,202,202037,1,1,0,2,TOUTES RUES,42.63643,9.43855,12,2,2
202100029434,149Â 166,A01,1,1,1,5,2,6,-1,-1, -1,-1,2021,21.0,1,1,0,2,1,1,1,,7,MARÃCHAL DE LATTRE (AVENUE),0,,2,2,0,1,0,0,1,, -1,1,0,1,50,11,7,2021,19:45,1,13,13209,2,3,0,3,MARÃCHAL DE LATTRE (AVENUE),43.24653,5.40816,19,2,2
202100005114,192Â 634,A01,10,3,2,1,0,-1,-1,3,3,1,2021,57.0,3,5,0,1,1,9,1,,4,RUE DU JOUR,0,,2,2,0,1,0,0,3,, -1,1,9,1,30,2,12,2021,07:00,3,94,94065,2,1,0,6,RUE DU JOUR,48.75882,2.36482,7,2,1
202100021956,162Â 382,A01,1,1,1,1,2,6,-1,0,0,-1,2021,21.0,1,1,8,0,1,9,1,,4,RUE DES HALLES,0,,2,2,0,1,(1),(1),1,, -1,1,1,1,50,29,8,2021,04:35,5,75,75101,2,4,0,6,RUE DES HALLES,48.86015,2.346478,4,1,1
202100055453,102Â 733,A01,2,2,2,5,2,6,-1,-1, -1,-1,2021,22.0,1,1,0,0,8,1,1,,3,NEXON (RUE DE),0,,1,2,0,1,0,0,2,, -1,1,5,1,50,9,1,2021,15:47,1,87,87085,2,2,0,7,NEXON (RUE DE),45.81098,1.25744,15,2,1
202100034605,139Â 856,A01,1,1,1,5,2,6,-1,0,0,-1,2021,37.0,1,1,0,2,7,3,1,,4,PORTE DE PANTIN,0,,1,4,0,1,26,500,1,, -1,1,0,1,70,13,6,2021,13:40,1,75,75119,2,1,0,3,PORTE DE PANTIN,48.890899,2.395809,13,2,2
202100030870,146Â 580,A01,1,1,1,0,1,0,-1,-1, -1,-1,2021,18.0,1,2,1,0,1,1,1,,4,,0,,1,1,0,1,0,0,2,, -1,1,0,1,30,4,7,2021,22:20,5,92,92035,2,1,0,6,8 Mai 1945 ( rue du ),48.9116180406,2.2568307817,22,1,1
202100036164,137Â 049,A01,1,1,2,5,1,-1,-1,0,0,-1,2021,69.0,2,2,0,0,3,15,1,,3,728,-1,,2,2,0,1,34,100,1,, -1,1,5,1,80,7,6,2021,15:10,1,17,17351,1,4,0,3,Route DÃ©partementale RD 728,45.821211,-1.084374,15,2,2
202100028677,150Â 459,B01,1,1,1,5,8,0,-1,0,0,-1,2021,26.0,1,1,0,2,3,1,5,,4,RUE DE RENNES,0,,-1,2,1,1,(1),(1),1,, -1,1,0,5,30,16,7,2021,14:50,1,75,75106,2,1,0,3,RUE DE RENNES,48.845246,2.325212,14,2,2
202100028690,150Â 437,B01,1,1,1,1,2,0,-1,0,0,-1,2021,49.0,3,0,0,2,7,1,3,,4,RUE DESNOUETTES,0,,-1,1,0,1,(1),(1),1,, -1,1,0,1,50,16,7,2021,17:30,1,75,75115,2,1,0,3,RUE DESNOUETTES,48.835636,2.286381,17,2,2
202100001803,198Â 577,A01,1,1,1,1,1,5,-1,0,0,-1,2021,46.0,1,2,0,0,1,1,1,,3,D86,0,,2,2,0,1,2,600,2,, -1,2,0,1,80,24,12,2021,08:20,2,95,95011,1,1,1,1,RD 86,49.148289,1.685039,8,2,2
202100048950,114Â 254,B01,1,1,1,5,2,0,-1,-1, -1,-1,2021,35.0,3,1,0,2,1,1,1,,7,CD 559,0,,2,2,0,1,0,0,1,, -1,1,0,1,50,5,3,2021,16:35,1,13,13028,1,3,0,3,CD 559,43.18988,5.64336,16,2,2
202100009748,184Â 274,A01,1,1,1,0,1,0,-1,0,0,-1,2021,27.0,0,2,0,0,2,9,1,,4,MARECHAL LECLERC (AVENUE DU),0,,1,3,0,1,(1),(1),2,, -1,2,2,1,50,2,11,2021,08:30,1,71,71040,2,1,1,7,MARECHAL LECLERC (AVENUE DU),46.6906247865,4.3808322117,8,1,1
202100038892,132Â 112,A01,1,1,1,4,8,0,-1,-1, -1,-1,2021,50.0,2,5,13,2,1,14,1,,3,CROIX DE LA LIEUE (LA) - LIEU DIT,0,,2,2,0,1,29,200,1,, -1,2,0,1,70,21,5,2021,09:01,1,87,87114,1,1,1,2,CROIX DE LA LIEUE (LA) - LIEU DIT,45.84408,1.33834,9,2,2
202100039398,131Â 172,A01,2,2,2,0,1,0,-1,-1, -1,-1,2021,20.0,1,2,0,2,1,1,1,,1,AUTOROUTE A86,0,,3,10,0,1,14,500,1,, -1,2,0,1,90,18,5,2021,19:00,1,93,93066,1,1,1,2,AUTOROUTE A86,48.9227549984,2.3523496029,19,3,2
202100022367,161Â 667,A01,1,1,1,4,2,7,-1,0,0,-1,2021,44.0,1,1,4,0,3,1,1,,1,13,-1,,1,2,0,1,180,755,3,, -1,1,3,1,50,28,8,2021,16:15,1,14,14514,1,1,0,6,A13,49.292532,0.203151,16,1,1
202100044291,122Â 496,A01,1,1,1,1,2,6,-1,0,0,-1,2021,38.0,1,1,0,2,1,3,1,,4,AVENUE DE LA PORTE DE VINCENNES,0,,1,4,0,1,32,100,1,, -1,1,0,1,70,9,4,2021,14:25,1,75,75120,2,1,0,4,AVENUE DE LA PORTE DE VINCENNES,48.852713,2.414464,14,3,3
202100007257,188Â 786,C01,1,1,1,5,0,-1,-1,-1, -1,-1,2021,20.0,1,1,0,2,1,1,-1,,3,DUPUY (AVENUE CHARLES),0,,2,2,0,1,59,326,1,, -1,1,0,1,50,27,8,2021,16:20,1,43,43041,2,1,0,5,19 Avenue Charles Dupuy,45.0472,3.92556,16,3,3
202100052615,107Â 674,A01,1,1,1,5,8,-1,-1,0,0,-1,2021,38.0,2,2,12,0,2,1,0,,3,6204,0,D,4,2,0,1,5,860,1,, -1,1,8,1,50,4,2,2021,20:15,3,6,6023,1,9,0,7,Route de Vintimille,43.925825,7.520206,20,1,1
202100045779,119Â 921,A01,10,3,1,0,0,-1,-1,2,3,3,2021,15.0,0,2,0,1,3,1,1,,4,SAINT LOUIS (AVENUE DE),0,,2,2,0,2,(1),(1),1,, -1,1,0,1,50,31,3,2021,14:45,1,13,13215,2,1,0,6,SAINT LOUIS (AVENUE DE),43.34721,5.35911,14,2,1
202100033957,141Â 067,B01,2,2,2,5,2,-1,-1,0,0,-1,2021,53.0,2,1,6,2,3,21,1,,3,559,-1,,2,2,0,1,92,370,1,, -1,1,0,1,70,16,6,2021,12:15,1,83,83068,1,1,0,2,Route du Littoral,43.284925,6.595986,12,3,2
202100029883,148Â 381,A01,1,1,2,0,1,-1,-1,0,0,-1,2021,44.0,0,2,0,2,7,19,1,,3,933,0,,2,1,0,1,13,900,1,,3,1,0,1,80,7,7,2021,16:43,1,1,1057,1,2,0,3,D933,46.401394,4.920287,16,2,2
202100018697,168Â 223,B01,1,1,2,1,1,0,-1,-1, -1,-1,2021,39.0,2,2,0,2,2,1,1,,1,A46N   14.305 A 17.210,0,,1,3,0,1,16,399,1,, -1,2,0,1,130,16,9,2021,05:36,3,1,1248,1,9,1,6,A46N   14.305 A 17.210,45.88091,4.89808,5,2,2
202100047769,116Â 361,A01,1,1,1,5,1,0,-1,-1, -1,-1,2021,20.0,2,2,1,0,1,14,0,,3,MARECHAL JOFFRE (AVENUE DU),0,,2,2,0,1,41,440,1,, -1,2,0,4,50,16,3,2021,20:30,5,78,78401,2,1,1,6,MARECHAL JOFFRE (AVENUE DU),49.00845,1.93106,20,2,1
202100008566,186Â 424,A01,1,1,1,5,8,-1,-1,0,0,-1,2021,45.0,1,2,1,0,1,1,1,,4,,-1,,2,2,0,1,(1),(1),2,,"5,5",2,0,1,50,11,11,2021,19:30,3,81,81105,2,1,1,1,52 Avenue du Sidobre,43.755306,2.002881,19,2,2
202100054672,104Â 059,A01,10,3,2,0,0,-1,-1,3,3,1,2021,20.0,2,2,0,1,3,1,1,,3,ETREMBIERES (ROUTE D'),0,,3,2,0,2,30,850,1,, -1,1,9,1,50,16,1,2021,18:15,3,74,74012,2,1,0,6,ETREMBIERES (ROUTE D'),46.18439,6.23076,18,3,2
202100039778,130Â 486,A01,10,3,1,2,0,-1,-1,3,3,2,2021,10.0,0,2,0,1,1,17,1,,3,,-1,,2,2,0,1,(1),(1),3,, -1,2,0,1,30,17,5,2021,16:45,1,60,60612,2,1,1,6,Rue du Moulin Saint-Rieul,49.2126839174,2.5870120821,16,2,1
202100033848,141Â 257,A01,5,2,1,5,8,-1,-1,0,0,-1,2021,20.0,1,2,13,0,9,1,1,,3,LE GUENNEC LOUIS BOULEVARD,0,,3,4,0,1,0,100,2,, -1,1,3,1,50,16,6,2021,07:40,1,29,29232,2,1,0,6,D34B - Boulevard Louis le Guennec,47.98505,-4.11141,7,5,1
202100042087,126Â 398,A01,1,1,1,5,8,-1,-1,0,0,-1,2021,23.0,1,2,2,0,1,6,1,,3,1508,-1,,2,2,0,1,7,0,3,, -1,2,0,1,80,28,4,2021,21:15,3,74,74068,1,6,1,6,"carrefour de la croisÃ©e, RD 1508",46.061053,5.865541,21,1,1
202100043658,123Â 636,B01,1,1,2,4,2,6,-1,-1, -1,-1,2021,34.0,2,1,0,2,3,9,1,,3,R BARBES,0,,1,2,3,1,1,0,1,, -1,1,0,1,50,17,4,2021,19:30,1,94,94041,2,9,0,3,Rue BarbÃ¨s,48.816546,2.370132,19,2,2
202100045978,119Â 568,A01,1,1,1,1,8,0,-1,0,0,-1,2021,59.0,1,1,0,2,3,15,5,,4,RUE DU FAUBOURG SAINT JACQUES,0,,2,5,0,1,(1),(1),1,, -1,1,0,1,50,29,3,2021,17:50,1,75,75114,2,7,0,3,RUE DU FAUBOURG SAINT JACQUES,48.833572,2.336321,17,2,2
202100042924,124Â 943,A01,1,1,2,1,1,0,-1,-1, -1,-1,2021,51.0,2,2,0,2,2,15,1,,3,REPUBLIQUE (AV DE LA),0,,2,2,0,1,1,0,1,, -1,1,0,1,50,22,4,2021,21:20,5,94,94041,2,1,0,1,Avenue de la RÃ©publique,48.80386,2.39571,21,2,2
202100026363,154Â 571,A01,1,1,1,5,1,-1,-1,0,0,-1,2021,80.0,2,2,16,0,9,1,1,,2,137,0,,3,4,3,1,23,63,1,, -1,1,0,3,110,30,7,2021,18:10,1,35,35231,1,1,0,7,N137,47.903728,-1.685864,18,1,1
202100045216,120Â 906,B01,1,1,1,0,2,0,-1,-1, -1,-1,2021,34.0,2,1,0,2,0,1,1,,4,RTE DE LONGJUMEAU,0,,2,2,0,2,0,0,1,, -1,1,0,1,50,2,4,2021,22:40,5,91,91161,2,1,0,1,RTE DE LONGJUMEAU,48.7062,2.297,22,2,2