Num_Acc,id_vehicule,num_veh,place,catu,sexe,trajet,secu1,secu2,secu3,locp,actp,etatp,year_acc,victim_age,senc,catv,obs,obsm,choc,manv,motor,occutc,catr,voie,v1,v2,circ,nbv,vosp,prof,pr,pr1,plan,lartpc,larrout,surf,infra,situ,vma,jour,mois,an,hrmn,lum,dep,com,agg_,int,atm,col,adr,lat,long,hour,nb_victim,nb_vehicules
202100035729,137Â 849,B01,1,1,2,0,8,0,-1,-1, -1,-1,2021,14.0,1,1,0,2,0,0,0,,3,PETIT ORME (CHEMIN DU),0,,-1,0,0,1,0,0,1,, -1,1,0,1,30,8,6,2021,17:00,1,28,28085,2,1,0,3,PETIT ORME (CHEMIN DU),48.46309,1.47289,17,2,2
202100043100,124Â 635,A01,1,1,1,5,2,-1,-1,0,0,-1,2021,17.0,0,1,0,0,0,1,1,,4,,-1,,2,2,0,1,(1),(1),2,, -1,1,0,1,50,21,4,2021,16:00,1,17,17481,1,1,0,7,Rue de la Garenne,45.952705,-0.598304,16,1,1
202100036016,137Â 311,A01,1,1,1,1,2,-1,-1,0,0,-1,2021,43.0,1,1,0,2,1,15,1,,3,150,0,,-1,2,0,1,34,464,1,, -1,1,0,1,90,8,6,2021,18:17,1,17,17143,1,2,0,3,D150/D231,45.816979,-0.546393,18,2,2
202100005752,191Â 516,A01,10,3,2,5,0,-1,-1,4,3,1,2021,70.0,1,2,0,1,1,1,6,,7,DEPORTES (RUE DES),0,,2,2,0,1,(1),(1),1,, -1,2,0,1,50,28,11,2021,17:30,5,59,59017,2,1,1,6,DEPORTES (RUE DES),50.6864522272,2.8940126004,17,2,1
202100012739,178Â 947,B01,1,1,1,0,1,-1,-1,0,0,-1,2021,68.0,1,2,0,2,3,1,1,,3,731,0,D,2,2,0,1,19,725,1,, -1,2,0,1,50,6,10,2021,07:00,2,17,17016,2,2,0,3,Route de Barbezieux,45.524597,-0.297226,7,2,2
202100048289,115Â 436,B01,1,1,1,5,2,6,-1,0,0,-1,2021,29.0,1,1,1,2,1,1,1,,4,RUE ERNEST RENAN,0,,1,1,0,1,(1),(1),1,, -1,1,0,1,50,12,3,2021,13:15,1,75,75115,2,1,0,3,RUE ERNEST RENAN,48.843037,2.310097,13,2,2
202100012416,179Â 513,B01,3,2,1,5,1,8,-1,-1, -1,-1,2021,23.0,2,2,0,2,0,1,1,,4,FORET NOIRE (AVENUE DE LA),0,,2,4,0,1,0,0,1,, -1,1,0,1,50,16,10,2021,00:15,5,67,67482,2,3,0,3,FORET NOIRE (AVENUE DE LA),48.58615,7.76289,0,5,2
202100003378,195Â 721,A01,1,1,1,0,0,-1,-1,0,0,-1,2021,74.0,2,2,16,9,1,0,1,,3,5,0,,2,2,0,4,66,200,1,, -1,2,2,8,70,13,12,2021,11:45,1,87,87042,1,1,0,7,Pont,45.940668,1.507219,11,1,1
202100047782,116Â 341,B01,1,1,1,9,1,0,-1,-1, -1,-1,2021,49.0,1,2,0,2,4,1,1,,4,MASSANE (AVENUE DE LA),0,,-1,2,0,1,(1),(1),1,, -1,1,0,1,50,15,3,2021,17:39,1,66,66136,2,1,0,2,MASSANE (AVENUE DE LA),42.69718,2.87245,17,2,2
202100056502,100Â 905,A01,1,1,2,5,1,8,-1,-1, -1,-1,2021,43.0,1,2,0,2,8,1,1,,1,A86 INT,0,,3,6,0,1,42,99,1,, -1,2,0,1,90,1,1,2021,08:55,1,94,94022,1,1,0,3,A86 INT,48.776755299,2.4185973987,8,2,2
202100047602,116Â 665,B01,1,1,1,0,2,8,-1,-1, -1,-1,2021,43.0,1,1,1,0,1,2,1,,4,ST ANTOINE                          (QU),0,,1,3,3,1,(1),(1),1,, -1,2,0,6,50,17,3,2021,08:35,1,69,69382,2,1,0,2,ST ANTOINE (Q),45.7629,4.83205,8,2,2
202100000429,200Â 942,B01,4,2,1,0,1,0,-1,-1, -1,-1,2021,17.0,1,2,0,2,5,2,1,,3,SAINT-AMAND (AVENUE DE),0,,2,1,0,1,46,600,1,, -1,1,0,1,90,11,11,2021,19:40,3,18,18267,1,1,0,2,SAINT-AMAND (AVENUE DE),47.0362,2.38908,19,5,2
202100035655,137Â 981,A01,1,1,1,1,2,6,-1,-1, -1,-1,2021,32.0,2,1,0,2,1,3,0,,1,A12 W,0,,3,5,0,1,2,750,1,, -1,1,0,1,110,9,6,2021,08:45,1,78,78043,1,1,0,3,A12 W,48.824577,2.074294,8,2,2
202100026814,153Â 793,A01,1,1,1,3,2,6,-1,-1, -1,-1,2021,36.0,2,1,0,2,1,1,1,,4,KRAFFT (RUE HUGUES),0,,2,2,0,1,(1),(1),1,, -1,2,0,1,50,27,7,2021,14:30,1,51,51454,2,2,1,3,Rue Hugues Krafft,49.27526,4.02034,14,2,2
202100024510,157Â 848,B01,1,1,1,5,1,0,-1,-1, -1,-1,2021,24.0,1,2,0,2,7,1,1,,4,DALBIEZ (AVENUE VICTOR),0,,2,2,0,1,0,0,1,, -1,1,0,1,50,10,8,2021,12:35,1,66,66136,2,3,0,3,DALBIEZ (AVENUE VICTOR),42.6846407156,2.8820612592,12,3,2
202100042461,125Â 721,B01,1,1,1,5,8,0,-1,-1, -1,-1,2021,64.0,2,1,1,0,1,1,5,,7,DUNKERQUE AVENUE DE,0,,2,4,1,1,(1),(1),1,, -1,1,0,5,50,26,4,2021,09:40,1,59,59328,2,1,0,6,DUNKERQUE AVENUE DE,50.6391962646,3.0208110809,9,2,2
202100052577,107Â 744,A01,1,1,1,5,2,6,-1,0,0,-1,2021,36.0,1,1,14,0,7,1,1,,4,RUE MONTMARTRE,0,,1,3,1,1,(1),(1),1,, -1,1,8,1,50,4,2,2021,14:20,1,75,75102,2,3,0,6,RUE MONTMARTRE,48.870851,2.342852,14,1,1
202100024401,158Â 068,B01,1,1,1,5,2,-1,-1,0,0,-1,2021,72.0,2,1,0,2,8,15,5,,3,954,-1,,2,2,0,2,2,959,1,, -1,1,0,1,80,6,8,2021,17:36,1,5,5164,1,3,1,3,D954,44.513743,6.372207,17,3,2
202100006667,189Â 868,A01,1,1,1,0,2,6,-1,-1, -1,-1,2021,55.0,1,1,8,0,1,13,1,,4,,0,,3,4,3,1,(1),(1),1,, -1,1,0,1,50,22,11,2021,21:00,5,33,33063,2,3,0,6,QUAI LOUIS XVIII,44.84654,-0.57081,21,1,1
202100015894,173Â 261,B01,1,1,1,5,2,8,-1,-1, -1,-1,2021,68.0,2,1,0,2,5,1,5,,3,VALLEE HEUREUSE,0,,-1,2,0,1,0,635,2,, -1,1,0,1,70,29,9,2021,13:00,1,64,64237,1,6,0,2,D 802,43.27887,-0.37522,13,2,2
202100051349,109Â 888,A01,1,1,1,5,8,-1,-1,0,0,-1,2021,75.0,2,2,16,0,0,13,1,,3,235,-1,,2,2,0,2,0,780,1,, -1,1,0,3,50,17,2,2021,16:40,1,39,39453,2,1,0,7,33 Grande Rue,46.429227,5.803217,16,1,1
202100037339,134Â 923,A01,1,1,1,5,2,6,-1,0,0,-1,2021,54.0,2,1,0,0,7,1,1,,3,167,-1,A,2,2,0,1,(1),(1),3,, -1,1,0,1,80,31,5,2021,17:45,1,55,55443,1,1,0,7,D167A,49.229972,5.700724,17,1,1
202100028570,150Â 651,A01,1,1,1,5,2,9,6,0,0,-1,2021,30.0,1,1,0,2,1,13,1,,3,909,-1,,2,2,0,1,4,510,1,, -1,1,0,1,80,18,7,2021,16:15,1,73,73114,1,1,0,1,D909,45.852959,6.500269,16,3,2
202100037928,133Â 872,A01,1,1,1,5,2,6,-1,0,0,-1,2021,29.0,1,1,0,0,0,1,1,,3,997,-1,,2,2,0,1,(1),(1),1,, -1,1,0,1,50,29,5,2021,16:50,1,55,55435,2,3,0,7,route de st dizier,48.741446,5.034935,16,2,2
202100040427,129Â 351,A01,1,1,2,0,1,0,-1,-1, -1,-1,2021,46.0,1,2,0,2,8,2,1,,1,14,0,,1,2,0,1,1,700,1,, -1,1,1,1,70,11,5,2021,17:45,1,92,92050,1,1,0,6,A14,48.894601,2.229909,17,2,1
202100046537,118Â 600,B01,1,1,1,2,2,6,-1,-1, -1,-1,2021,16.0,2,1,0,2,1,1,1,,4,AMPERE,0,,2,2,2,1,(1),(1),1,, -1,1,0,1,50,26,3,2021,08:20,1,17,17306,2,1,0,1,AMPERE,45.63126,-1.00056,8,2,2
202100004940,192Â 961,XA01,1,1,1,1,2,0,-1,-1, -1,-1,2021,41.0,1,1,14,0,4,23,1,,4,EDOUARD VAILLANT (BLD),0,,1,1,0,1,0,0,1,, -1,1,0,1,50,3,12,2021,07:00,5,93,93001,2,1,0,2,EDOUARD VAILLANT (BLD),48.9182974683,2.3971652985,7,2,2
202100000617,200Â 601,B01,1,1,1,0,2,-1,-1,0,0,-1,2021,55.0,0,1,0,2,1,1,1,,4,PAIX (AVENUE DE LA),0,,2,2,0,1,(1),(1),1,, -1,1,0,1,50,30,12,2021,19:30,5,80,80021,2,1,0,1,PAIX (AVENUE DE LA),49.91167,2.30692,19,2,2
202100004059,194Â 492,A01,1,1,2,9,8,0,-1,-1, -1,-1,2021,28.0,2,2,0,2,1,1,1,,2,RN136,0,,3,4,0,1,8,500,1,, -1,2,0,1,90,7,12,2021,15:55,1,35,35238,1,1,0,2,RN136,48.081095,-1.667388,15,2,2
202100034779,139Â 546,A01,1,1,1,5,2,6,-1,0,0,-1,2021,57.0,1,1,0,2,3,18,1,,4,AVENUE DU PRESIDENT KENNEDY,0,,2,2,3,1,(1),(1),1,, -1,1,0,1,50,11,6,2021,19:00,1,75,75116,2,3,0,4,AVENUE DU PRESIDENT KENNEDY,48.85453,2.283608,19,3,3
202100041466,127Â 487,A01,1,1,1,5,2,6,9,0,0,-1,2021,31.0,2,1,0,0,1,2,1,,3,RD19,-1,,2,2,0,1,5,946,1,, -1,1,0,1,-1,5,5,2021,15:45,1,1,1403,1,1,0,3,Route dÃ©partementale 19 - PK/PR 05+946,45.813412,5.451558,15,3,2
202100002717,196Â 914,A01,1,1,2,0,1,0,-1,-1, -1,-1,2021,23.0,1,2,13,0,0,1,1,,1,AUTOROUTE A23,0,,-1,4,0,1,24,600,1,, -1,2,0,1,130,7,12,2021,08:30,1,59,59554,1,1,0,6,AUTOROUTE A23,50.4513692489,3.3364775777,8,1,1
202100014663,175Â 506,A01,10,3,1,0,0,-1,-1,5,3,1,2021,43.0,1,5,16,1,4,4,1,,3,,0,,1,1,0,1,0,0,1,, -1,1,8,4,50,6,10,2021,11:00,1,92,92025,2,9,0,6,PIERRE DE COUBERTIN (BD),48.9285452807,2.2509719806,11,2,1
202100048975,114Â 206,A01,1,1,1,3,1,0,-1,-1, -1,-1,2021,79.0,1,2,0,2,5,1,1,,4,ENGHIEN,0,,1,1,0,1,0,1,1,, -1,1,0,1,50,6,3,2021,16:10,1,93,93066,2,2,0,3,ENGHIEN,48.94304,2.37044,16,2,2
202100023556,159Â 535,A01,2,2,2,5,1,0,-1,-1, -1,-1,2021,32.0,1,2,0,2,4,1,1,,1,A86 INT,0,,3,5,0,1,46,299,1,, -1,1,0,1,90,18,8,2021,08:00,1,94,94073,1,1,0,2,A86 INT,48.75888,2.3837,8,4,2
202100026034,155Â 145,A01,1,1,1,5,2,-1,-1,0,0,-1,2021,24.0,2,1,0,2,3,13,1,,3,1089,-1,,2,2,0,2,18,380,3,, -1,1,0,1,90,2,8,2021,13:45,1,19,19002,1,1,0,3,RD 1089,45.5837067421,2.3690424748,13,2,2
202100038970,131Â 981,A01,1,1,1,5,8,0,-1,0,0,-1,2021,25.0,1,1,0,2,7,5,5,,4,RUE DROUOT,0,,1,1,0,1,(1),(1),1,, -1,1,0,1,50,21,5,2021,15:18,1,75,75109,2,3,0,3,RUE DROUOT,48.873269,2.340551,15,2,2
202100007593,188Â 166,A01,1,1,1,0,1,8,-1,-1, -1,-1,2021,25.0,1,1,0,2,1,1,1,,4,VOSGES (AVENUE DES),0,,2,2,0,1,0,0,1,, -1,1,0,1,50,11,11,2021,17:00,2,67,67482,2,3,0,3,VOSGES (AVENUE DES),48.59096,7.74625,17,2,2
202100028080,151Â 517,A01,1,1,1,0,2,0,-1,-1, -1,-1,2021,47.0,2,1,0,2,1,2,1,,1,86,0,,1,6,0,1,11,699,1,, -1,1,0,1,70,20,7,2021,19:20,1,92,92078,1,1,0,2,AUTOROUTE A86,48.9283084303,2.3316245851,19,2,2
202100036216,136Â 954,A01,2,2,2,5,1,0,-1,-1, -1,-1,2021,19.0,3,2,12,0,1,1,1,,4,MONNERVILLE (BOULEVARD GASTON),0,,2,2,0,2,0,0,2,, -1,2,0,4,50,5,6,2021,13:20,1,974,97411,1,1,1,1,MONNERVILLE (BOULEVARD GASTON),-20.89653,55.44726,13,5,1
202100050021,112Â 332,A01,10,3,1,0,0,-1,-1,8,3,1,2021,5.0,1,2,0,1,3,26,1,,4,,0,,2,1,0,1,(1),(1),1,, -1,1,0,1,30,23,2,2021,16:45,1,54,54526,2,9,0,6,rue Jean Ferrat,48.67909,6.22541,16,2,1
202100010318,183Â 264,B01,1,1,1,5,8,0,-1,-1, -1,-1,2021,64.0,2,1,0,2,4,1,5,,4,BOURGEOIS (BOULEVARD LEON),0,,2,2,0,1,0,0,1,, -1,1,0,1,50,29,10,2021,15:45,1,35,35238,2,1,1,2,BOURGEOIS (BOULEVARD LEON),48.10015,-1.65043,15,2,2
202100039675,130Â 667,B01,2,2,2,5,1,-1,-1,-1,0,-1,2021,24.0,2,2,0,2,8,1,1,,2,RN 184,0,,3,4,0,1,10,0,2,, -1,2,0,1,90,16,5,2021,20:10,1,95,95394,1,1,1,3,RN 184,49.051849567,2.1955081604,20,3,2
202100037652,134Â 356,A01,1,1,1,5,2,-1,-1,0,0,-1,2021,26.0,2,1,0,0,0,14,0,,3,3,-1,,2,2,0,1,13,523,2,, -1,1,0,3,80,29,5,2021,15:33,1,76,76360,1,1,0,6,rd 3,49.7461,1.11466,15,1,1
202100018285,168Â 939,A01,1,1,1,4,2,6,-1,-1, -1,-1,2021,18.0,0,1,0,1,1,1,1,,4,PORT (RUE DU),0,,2,2,0,1,(1),(1),1,, -1,1,0,1,50,17,9,2021,22:10,5,33,33529,2,1,0,6,PORT (RUE DU),44.636362,-1.144527,22,2,1
202100044047,122Â 943,A01,1,1,2,9,8,0,-1,0,0,-1,2021,76.0,1,1,0,2,1,21,5,,4,RUE DE LOURMEL,0,,1,1,0,1,(1),(1),1,, -1,1,0,1,50,13,4,2021,17:00,1,75,75115,2,3,0,7,RUE DE LOURMEL,48.84717,2.289321,17,1,1
202100032524,143Â 630,A01,1,1,1,5,2,0,-1,0,0,-1,2021,26.0,1,1,8,0,1,1,3,,4,RUE MESLAY,0,,2,2,0,2,(1),(1),1,, -1,1,0,1,30,23,6,2021,21:37,1,75,75103,2,3,0,6,RUE MESLAY,48.86862,2.35546,21,1,1
202100038227,133Â 316,B01,1,1,1,1,2,6,-1,0,0,-1,2021,56.0,1,1,0,2,1,5,1,,4,PLACE DE LA REPUBLIQUE,0,,2,8,0,1,(1),(1),2,, -1,1,0,1,50,26,5,2021,08:20,1,75,75103,2,4,0,1,PLACE DE LA REPUBLIQUE,48.867945,2.362361,8,2,2
202100036985,135Â 589,A01,1,1,1,5,2,6,-1,-1, -1,-1,2021,59.0,1,1,0,0,0,11,1,,3,BAYONNE (AVENUE DE),0,,2,4,0,1,9,345,1,, -1,1,0,1,30,31,5,2021,17:15,1,64,64024,2,1,0,7,BAYONNE (AVENUE DE),43.48125,-1.51118,17,2,1
202100026578,154Â 196,B01,1,1,1,1,2,6,-1,0,0,-1,2021,25.0,2,1,0,2,1,1,1,,3,,-1,,2,2,0,1,4,200,1,,4,1,0,1,50,30,7,2021,13:40,1,30,30027,2,4,0,1,Chemin de Peyrigoux,44.0752,4.057646,13,2,2
202100042797,125Â 161,A01,1,1,2,5,1,-1,-1,-1,0,-1,2021,45.0,2,2,3,0,1,14,1,,2,RN 184,0,,3,4,0,2,13,100,3,, -1,1,0,1,90,24,4,2021,13:30,1,95,95678,1,1,0,6,RN 184,49.07172,2.22391,13,1,1
202100050537,111Â 363,A01,10,3,2,3,0,-1,-1,3,3,1,2021,84.0,1,2,0,1,2,1,1,,3,88,-1,,2,2,0,1,9,135,1,, -1,1,0,1,30,23,2,2021,17:00,1,35,35006,2,3,0,6,8 Rue des Sports,48.058678,-1.153302,17,2,1
202100054253,104Â 781,B01,1,1,2,5,2,0,-1,-1, -1,-1,2021,24.0,1,1,0,2,1,2,1,,4,CARNOT (AV),0,,1,1,0,1,0,0,1,, -1,1,0,1,50,20,1,2021,12:35,1,94,94068,2,1,0,2,CARNOT (AV),48.80281,2.48738,12,2,2
202100051854,109Â 016,C01,1,1,2,1,8,-1,-1,0,0,-1,2021,48.0,2,2,0,0,6,23,1,,3,17,0,,2,2,0,1,39,258,1,, -1,1,5,8,80,11,2,2021,07:45,1,1,1083,1,2,0,5,Carrefour D17 / D66B / D75,46.098992,4.858671,7,3,3
202100016030,173Â 006,A01,2,2,1,9,1,-1,-1,0,0,-1,2021,94.0,2,2,0,2,8,10,1,,3,178,-1,,2,2,0,2,19,500,1,, -1,1,3,1,80,1,10,2021,08:10,2,35,35360,1,1,0,3,route departementale 178,48.124908,-1.232582,8,3,2
202100031247,145Â 891,B01,1,1,2,1,2,6,-1,0,0,-1,2021,48.0,1,1,0,2,8,16,1,,3,47,-1,,2,2,0,1,(1),(1),1,, -1,1,0,1,80,28,6,2021,12:40,1,14,14621,2,4,0,3,D47,49.044275,0.361476,12,2,2
202100014641,175Â 543,B01,1,1,2,9,2,0,-1,0,0,-1,2021,61.0,1,1,0,2,3,7,5,,4,BOULEVARD BEAUMARCHAIS,0,,2,4,3,1,(1),(1),1,, -1,1,0,6,30,7,10,2021,10:15,1,75,75104,2,3,0,3,BOULEVARD BEAUMARCHAIS,48.854807,2.368743,10,2,2
202100039823,130Â 396,A01,1,1,1,0,2,-1,-1,0,0,-1,2021,20.0,0,1,0,2,7,9,1,,4,MASSON PAUL (DE 11 A 89 ET 12 A 96),0,,1,0,0,1,(1),(1),1,, -1,1,0,1,50,15,5,2021,22:20,5,29,29019,2,1,0,3,Rue Paul Masson,48.39989,-4.48039,22,2,2
202100034147,140Â 725,A01,1,1,2,3,1,5,-1,0,0,-1,2021,68.0,2,2,17,0,2,1,1,,3,3,0,D,2,2,0,1,29,200,2,, -1,1,0,3,90,16,6,2021,11:30,1,19,19154,1,1,0,7,D3,45.328436,1.456075,11,1,1
202100022686,161Â 063,Y01,1,1,1,5,0,-1,-1,0,0,-1,2021,17.0,3,1,0,2,0,19,0,,4,tsoundzou-Cadjifouteni ( rue ),0,,1,1,0,2,0,0,1,, -1,1,0,8,30,24,8,2021,20:00,5,976,97611,2,3,0,3,tsoundzou-Cadjifouteni ( rue ),-12.80644,45.20837,20,3,2
202100041619,127Â 211,A01,1,1,1,1,2,6,-1,0,0,-1,2021,16.0,1,1,0,2,1,0,1,,4,,-1,,2,2,0,1,(1),(1),1,,7,2,0,1,70,4,5,2021,17:50,1,79,79049,2,2,1,2,199 Boulevard de Poitiers (Saint-Porchaire),46.833745,-0.454195,17,2,2
202100048108,115Â 758,A01,2,2,2,0,1,4,-1,-1, -1,-1,2021,12.0,1,2,3,0,6,1,1,,1,AUTOROUTE A6,0,,-1,3,0,1,13,699,2,, -1,1,0,1,110,14,3,2021,19:55,3,91,91161,1,1,0,7,AUTOROUTE A6,48.70421,2.30621,19,2,1
202100041389,127Â 624,A01,1,1,1,1,2,6,-1,-1, -1,-1,2021,43.0,2,1,0,0,0,1,1,,1,AUTOROUTE A10,0,,3,2,0,2,0,949,2,, -1,2,2,1,90,5,5,2021,19:35,1,92,92002,2,1,0,7,AUTOROUTE A10,48.7372562311,2.3185014725,19,1,1
202100054504,104Â 348,A01,1,1,1,5,1,-1,-1,0,0,-1,2021,22.0,2,2,2,0,1,1,1,,3,782,-1,,2,2,0,1,2,850,3,, -1,2,0,3,70,20,1,2021,04:00,3,56,56113,1,1,1,6,Longueville,48.054153,-3.214177,4,2,1
202100017260,170Â 798,A01,9,2,2,5,8,-1,-1,0,0,-1,2021,19.0,2,2,0,0,0,1,1,,3,905,0,,2,2,0,1,38,150,3,, -1,1,0,3,90,25,9,2021,06:25,3,21,21024,1,1,0,7,D 905,47.432326,4.517119,6,3,1
202100024635,157Â 624,A01,10,3,1,1,0,-1,-1,3,3,1,2021,33.0,1,2,0,1,1,15,1,,3,BD MAURICE BERTEAUX ,0,,3,4,0,1,1,0,1,, -1,1,0,1,50,9,8,2021,13:20,1,94,94068,2,2,0,6,MAURICE BERTEAUX (BD),48.81093,2.46945,13,2,1
202100019480,166Â 815,A01,1,1,1,5,1,0,-1,-1, -1,-1,2021,26.0,3,2,9,0,3,16,1,,4,MARAIS (ROND POINT DES),0,,-1,2,0,1,0,0,3,, -1,1,0,1,50,11,9,2021,03:35,5,64,64102,2,6,0,6,MARAIS (ROND POINT DES),43.49144,-1.49586,3,1,1
202100051788,109Â 129,B01,1,1,1,4,8,0,-1,-1, -1,-1,2021,62.0,3,0,0,2,8,19,3,,4,GRANGE BLAZET,0,,2,4,0,1,(1),(1),1,, -1,1,0,1,50,11,2,2021,15:50,1,69,69264,2,1,0,3,GRANGE BLAZET (R),45.97912,4.71866,15,2,2
202100033794,141Â 361,B01,1,1,1,0,2,0,-1,-1, -1,-1,2021,29.0,1,1,0,2,1,1,1,,3,HERRIOT (AVE EDOUARD),0,,2,2,0,1,27,420,1,, -1,1,0,1,50,17,6,2021,19:10,1,83,83137,2,1,0,3,HERRIOT (AVE EDOUARD),43.12907,5.90169,19,2,2
202100031713,145Â 071,A01,10,3,2,1,0,-1,-1,3,3,1,2021,45.0,1,1,0,1,3,9,1,,4,CORSE (AVENUE DE LA),0,,2,5,3,2,0,0,1,, -1,1,0,1,50,29,6,2021,08:30,1,13,13207,2,1,0,3,CORSE (AVENUE DE LA),43.2889660513,5.3612467536,8,2,1
202100019096,167Â 504,B01,1,1,2,5,1,8,-1,-1, -1,-1,2021,51.0,2,2,0,2,6,15,1,,1,A51-Sens Aix en Provence vers Marseille,0,,1,3,0,2,17,0,1,, -1,1,0,1,90,9,9,2021,23:00,3,13,13001,1,1,0,3,A51-Sens Aix en Provence vers Marseille,43.522674,5.426858,23,2,2
202100031101,146Â 149,A01,1,1,2,5,2,8,-1,-1, -1,-1,2021,59.0,3,1,12,0,7,16,5,,4,HUGO (AVENUE VICTOR),0,,2,2,0,2,(1),(1),1,, -1,1,0,1,50,2,7,2021,14:45,1,37,37122,2,1,0,7,HUGO (AVENUE VICTOR),47.3510539271,0.6639003754,14,1,1
202100052443,107Â 971,A01,1,1,1,5,2,0,-1,0,0,-1,2021,28.0,1,1,0,0,8,1,1,,3,ROUTE NATIONALE 175,0,,1,2,0,1,1,0,1,, -1,2,5,1,80,5,2,2021,09:55,1,14,14221,2,6,1,7,ROUTE NATIONALE 175,49.17336,-0.26565,9,1,1
202100021266,163Â 645,B01,1,1,1,1,2,6,-1,-1, -1,-1,2021,31.0,3,1,0,2,1,1,1,,4,RUE ANDRE VASSEUR,0,,2,2,0,2,(1),(1),1,, -1,1,2,1,50,1,9,2021,17:45,1,31,31555,2,3,0,3,RUE ANDRE VASSEUR,43.638114,1.476273,17,2,2
202100027626,152Â 343,B01,1,1,2,0,1,-1,-1,0,0,-1,2021,51.0,1,2,0,2,1,1,1,,3,1532,0,D,2,2,0,4,34,0,1,, -1,1,0,1,50,23,7,2021,02:00,3,38,38450,2,3,0,1,Route du Sud,45.278962,5.537877,2,2,2
202100005463,192Â 022,D01,1,1,1,1,1,0,-1,-1, -1,-1,2021,26.0,1,2,0,2,1,2,1,,1,A13,0,,-1,3,0,1,26,250,1,, -1,2,0,1,110,1,12,2021,06:50,3,78,78672,1,1,1,4,A13,48.928701,1.988559,6,5,5
202100023955,158Â 814,A01,1,1,1,5,1,-1,-1,0,0,-1,2021,19.0,2,2,0,0,2,1,1,,3,81,0,,2,2,0,1,23,700,2,, -1,1,0,1,80,16,8,2021,11:09,1,10,10433,1,1,0,6,route departementale 81,48.213921,4.411182,11,1,1
202100007815,187Â 778,B01,1,1,2,5,8,0,-1,-1, -1,-1,2021,24.0,2,1,0,2,8,1,0,,4,CHATEAUGIRON (DE),0,,2,6,1,1,(1),(1),1,, -1,1,0,4,50,16,11,2021,17:15,1,35,35238,2,9,0,3,CHATEAUGIRON (DE),48.097888,-1.643097,17,2,2
202100001533,199Â 061,A01,1,1,1,5,1,-1,-1,0,0,-1,2021,49.0,0,2,8,0,2,1,1,,4,,-1,,2,2,0,1,0,0,1,,4,2,0,3,80,25,12,2021,13:45,1,24,24229,1,1,0,1,Chemin du Bos,45.127085,1.254308,13,1,1
202100041872,126Â 777,A01,1,1,2,0,8,-1,-1,-1, -1,-1,2021,24.0,0,2,0,2,4,1,1,,4,ANTOINE LUMIERE                     (R ),0,,1,2,3,1,(1),(1),1,, -1,2,0,1,50,30,4,2021,09:00,1,69,69388,2,1,1,2,ANTOINE LUMIERE (R),45.7401484316,4.8675667225,9,2,2
202100018723,168Â 171,A01,10,3,1,0,0,-1,-1,4,3,1,2021,38.0,3,2,0,1,1,1,1,,3,VERSAILLES (AV DE),0,,1,2,0,1,0,0,1,, -1,2,0,1,50,14,9,2021,23:45,5,94,94073,2,2,1,1,VERSAILLES (AV DE),48.76126,2.40307,23,2,1
202100000109,201Â 557,A01,1,1,1,0,1,-1,-1,0,0,-1,2021,22.0,1,2,17,0,1,1,1,,3,977,-1,,2,2,0,1,14,300,1,, -1,1,0,8,80,30,8,2021,07:00,1,84,84149,1,1,0,6,RD 977,44.169724,4.954415,7,1,1
202100026098,155Â 042,A01,1,1,2,5,2,6,-1,-1, -1,-1,2021,58.0,2,1,1,0,1,2,1,,3,20,0,,4,4,0,1,1,700,1,, -1,1,5,1,70,30,7,2021,18:35,1,91,91377,1,9,0,2,RN20,48.7194,2.29905,18,3,2
202100007021,189Â 210,B01,1,1,1,0,2,6,-1,-1, -1,-1,2021,32.0,1,1,0,2,1,1,1,,4,AEROPORT INTERNATIONAL (CARREFOUR DE L'),0,,3,4,0,1,(1),(1),1,, -1,1,5,1,50,19,11,2021,14:00,1,34,34172,2,4,0,2,AEROPORT INTERNATIONAL (CARREFOUR DE L'),43.60889,3.8959,14,2,2
202100029162,149Â 621,A01,1,1,1,1,2,6,-1,0,0,-1,2021,43.0,1,1,0,0,3,1,1,,4,RUE DE LONDRES,0,,1,2,0,2,(1),(1),1,, -1,2,0,1,50,13,7,2021,18:20,1,75,75109,2,5,1,7,RUE DE LONDRES,48.87786,2.326986,18,1,1
202100035809,137Â 699,A01,2,2,1,5,2,6,-1,0,0,-1,2021,36.0,2,1,0,0,8,15,1,,4,,0,,2,2,0,1,(1),(1),1,,5,1,0,1,50,9,6,2021,15:50,1,32,32119,2,3,0,7,Cite Belle Marie,43.85844,0.102825,15,2,1
202100006586,190Â 025,B01,1,1,1,1,2,6,-1,-1, -1,-1,2021,33.0,2,1,0,2,3,1,1,,4,,0,,-1,2,0,1,(1),(1),1,, -1,9,5,1,50,20,11,2021,19:50,5,85,85194,2,2,1,3,MITTERAND (AVENUE FRANCOIS),46.507,-1.77739,19,2,2
202100056182,101Â 467,B01,1,1,1,9,8,0,-1,0,0,-1,2021,32.0,1,1,1,2,2,17,3,,4,BOULEVARD ARAGO,0,,2,2,0,1,(1),(1),1,, -1,2,0,1,50,5,1,2021,08:45,2,75,75114,2,1,1,3,BOULEVARD ARAGO,48.8344745109,2.334074378,8,2,2
202100031694,145Â 107,B01,1,1,1,9,2,6,-1,0,0,-1,2021,22.0,2,1,6,2,1,17,1,,3,D947,-1,,2,2,0,1,(1),(1),1,, -1,1,0,1,70,1,7,2021,12:40,1,59,59423,1,1,0,3,Rue de Cassel,50.667193,2.661281,12,3,2