Num_Acc,id_vehicule,num_veh,place,catu,sexe,trajet,secu1,secu2,secu3,locp,actp,etatp,year_acc,victim_age,senc,catv,obs,obsm,choc,manv,motor,occutc,catr,voie,v1,v2,circ,nbv,vosp,prof,pr,pr1,plan,lartpc,larrout,surf,infra,situ,vma,jour,mois,an,hrmn,lum,dep,com,agg_,int,atm,col,adr,lat,long,hour,nb_victim,nb_vehicules
202100015273,174Â 412,A01,1,1,1,5,2,6,-1,0,0,-1,2021,31.0,2,1,0,2,1,1,1,,3,909,-1,,2,2,0,2,20,490,1,, -1,1,0,1,90,4,10,2021,15:25,1,15,15259,1,1,0,2,RD 909,45.115965,3.144665,15,2,2
202100034889,139Â 352,A01,1,1,1,5,2,6,-1,0,0,-1,2021,52.0,2,1,0,0,8,1,1,,4,,-1,,2,2,0,2,11,400,1,,"5,5",9,0,1,50,12,6,2021,17:15,1,4,4096,1,1,0,7,Route de la Bonette,44.368655,6.787019,17,1,1
202100056374,101Â 134,B01,1,1,2,5,1,-1,-1,0,0,-1,2021,49.0,2,2,0,0,3,23,1,,7,111,0, -,2,2,0,2,7,500,3,, -1,5,0,1,70,1,1,2021,12:00,1,38,38529,1,1,1,4,Route de PrÃ©mol,45.10825,5.84232,12,4,2
202100023516,159Â 601,B01,1,1,1,5,2,-1,-1,0,0,-1,2021,71.0,1,1,0,2,1,0,5,,3,86,-1,D,2,2,0,2,0,0,1,, -1,1,0,1,80,11,8,2021,08:10,1,87,87030,1,1,0,3,Rue des 6 Chataigniers,45.874346,0.853007,8,2,2
202100000126,201Â 530,B01,1,1,1,1,2,-1,-1,0,0,-1,2021,31.0,2,1,0,2,1,17,1,,3,342,0,,2,2,0,2,33,434,1,, -1,1,0,1,70,12,10,2021,07:45,2,69,69179,1,1,0,3,D Route Departementale 342,45.5859627657,4.6621768176,7,2,2
202100032711,143Â 297,A01,1,1,1,5,1,0,-1,-1, -1,-1,2021,63.0,3,2,1,0,3,1,1,,4,EMILE ZOLA (R),0,,1,1,0,1,1,0,1,, -1,1,0,1,50,23,6,2021,20:40,1,94,94034,2,1,0,6,Rue Emile Zola,48.764001,2.327794,20,1,1
202100030029,148Â 113,A01,1,1,2,5,8,0,-1,0,0,-1,2021,38.0,1,1,0,2,7,15,5,,4,BOULEVARD DE SEBASTOPOL,0,,2,4,1,1,(1),(1),1,, -1,1,0,5,50,8,7,2021,20:20,1,75,75101,2,3,0,3,BOULEVARD DE SEBASTOPOL,48.861221,2.349727,20,2,2
202100047052,117Â 667,A01,1,1,1,5,2,6,-1,0,0,-1,2021,23.0,2,1,1,0,8,26,1,,3,"VERDUN (AVENUE DE, NÂ° 131 ET +)",0,,2,2,0,2,70,954,1,, -1,1,9,1,30,22,3,2021,14:45,1,6,6104,2,1,0,6,"VERDUN (AVENUE DE, NÂ° 131 ET +)",43.76039,7.47789,14,2,2
202100034972,139Â 187,A01,1,1,1,0,2,0,-1,-1, -1,-1,2021,21.0,3,1,6,0,1,14,1,,4,COMTE DE SAINT-CRICQ DU,0,,1,1,0,1,0,0,2,, -1,1,0,1,50,12,6,2021,01:40,5,64,64445,2,1,0,7,COMTE DE SAINT-CRICQ DU,43.3061704448,-0.3516895575,1,1,1
202100000953,200Â 049,B01,5,2,2,0,1,0,-1,-1, -1,-1,2021,52.0,1,2,0,2,4,2,1,,1,AUTOROUTE A1,0,,3,4,0,1,3,500,1,, -1,1,0,1,90,30,12,2021,11:10,1,93,93066,1,1,0,2,AUTOROUTE A1,48.92954,2.3624,11,4,2
202100003226,196Â 005,A01,1,1,1,5,1,-1,-1,-1,0,-1,2021,28.0,1,2,3,0,1,13,1,,2,RN 184,0,,3,4,0,1,8,500,1,, -1,1,0,1,110,13,12,2021,04:00,3,95,95394,1,1,0,6,RN 184,49.0531608871,2.1747779846,4,1,1
202100005803,191Â 420,B01,1,1,2,0,0,-1,-1,0,0,-1,2021,43.0,3,1,0,2,1,1,5,,4,,-1,,2,2,0,1,(1),(1),1,,5,1,9,1,50,29,11,2021,12:00,1,59,59601,2,2,1,3,Rue Chartiaux,50.0566841238,4.1022158676,12,2,2
202100028441,150Â 875,B01,2,2,1,5,1,-1,-1,-1,0,-1,2021,20.0,2,2,14,2,6,1,1,,1,AUTOROUTE A15,0,,3,9,0,1,15,300,1,, -1,1,0,1,110,18,7,2021,00:10,3,95,95306,1,1,0,2,A15,48.99848,2.17709,0,3,2
202100015228,174Â 483,A01,1,1,1,5,1,0,-1,0,0,-1,2021,40.0,3,2,0,2,8,1,1,,4,QUAI D ORSAY,0,,-1,-1,0,1,(1),(1),1,, -1,1,0,1,30,4,10,2021,06:18,5,75,75107,2,2,0,3,QUAI D ORSAY,48.862829,2.313445,6,2,2
202100002529,197Â 258,A01,2,2,2,5,1,-1,-1,0,0,-1,2021,81.0,1,2,0,0,0,1,1,,1,1,-1,,3,3,0,1,64,700,1,,"13,5",1,0,1,130,18,12,2021,19:20,3,60,60125,1,1,1,3,A1 PK 64+700,49.386033,2.701392,19,4,2
202100040884,128Â 547,B01,1,1,1,4,1,0,-1,-1, -1,-1,2021,42.0,1,2,0,2,4,2,1,,7,SAINTE CLAIRE (AVENUE),0,,2,4,0,1,1,120,1,, -1,1,0,1,50,4,5,2021,10:55,1,83,83144,2,1,0,2,SAINTE CLAIRE (AVENUE),43.135797,6.005905,10,2,2
202100047712,116Â 462,B01,1,1,1,1,2,6,-1,-1, -1,-1,2021,47.0,2,1,0,2,2,17,1,,4,AMBROISE PARE                       (BD),0,,2,2,0,1,(1),(1),1,, -1,1,0,1,50,8,3,2021,09:25,1,69,69388,2,2,0,3,AMBROISE PARE (BD),45.7372756026,4.8841324623,9,2,2
202100040166,129Â 804,A01,2,2,2,0,1,0,-1,0,0,-1,2021,20.0,1,2,0,2,2,1,1,,7,BRUGIERE (BD AMBROISE),0,,1,4,0,1,(1),(1),1,, -1,1,0,1,50,11,5,2021,14:59,1,63,63113,2,2,0,3,BRUGIERE (BD AMBROISE)/jouhaux,45.7921917258,3.1179858954,14,4,2
202100012042,180Â 184,B01,2,2,2,5,2,0,-1,0,0,-1,2021,23.0,2,1,0,2,1,2,3,,4,BOULEVARD DU MONTPARNASSE,0,,3,2,0,1,(1),(1),1,, -1,2,0,1,30,18,10,2021,21:00,5,75,75106,2,3,1,2,BOULEVARD DU MONTPARNASSE,48.842821,2.327126,21,3,2
202100032853,143Â 044,B01,1,1,1,5,2,0,-1,-1, -1,-1,2021,53.0,1,1,0,2,7,1,5,,4,FLANDRES/DUNKERQUE (CARREFOUR),0,,1,2,0,1,0,0,2,, -1,1,0,1,50,18,6,2021,14:53,1,66,66136,2,1,0,3,FLANDRES/DUNKERQUE (CARREFOUR),42.68668,2.90723,14,2,2
202100015247,174Â 454,B01,1,1,2,0,2,6,-1,-1, -1,-1,2021,34.0,1,1,0,2,8,1,1,,4,,0,,1,2,0,1,0,0,1,, -1,1,0,1,50,30,9,2021,16:04,1,92,92044,2,2,0,3,VOLTAIRE(RUE)1A51 ET2A40,48.8916692099,2.2835898399,16,2,2
202100050390,111Â 625,A01,1,1,1,5,0,-1,-1,0,0,-1,2021,19.0,2,1,6,0,1,1,1,,3,1029,0,D,2,2,0,1,(1),(1),1,, -1,1,0,3,50,25,2,2021,01:05,3,80,80799,2,1,0,6,Rue d'Amiens,49.870752,2.516614,1,1,1
202100043583,123Â 765,B01,1,1,1,0,1,-1,-1,0,0,-1,2021,90.0,1,2,0,2,1,1,1,,3,56,0,D,2,2,0,1,10,875,2,, -1,1,0,1,50,18,4,2021,14:20,1,38,38358,2,1,0,1,564 Route de ChÃ¢tonnay,45.49061,5.23421,14,2,2
202100044501,122Â 156,A01,3,2,2,5,8,-1,-1,0,0,-1,2021,17.0,3,2,13,0,0,1,1,,4,,-1,,2,2,1,1,(1),(1),1,, -1,1,0,8,50,10,4,2021,01:50,5,66,66186,2,1,0,7,Chemin de la Fosseille,42.6672349887,2.9848316895,1,3,1
202100035016,139Â 108,B01,1,1,1,0,2,6,-1,-1, -1,-1,2021,34.0,0,1,0,2,7,0,1,,4,KERVILER,0,,2,2,0,2,(1),(1),1,, -1,1,5,1,50,10,6,2021,19:00,1,35,35238,2,6,0,3,KERVILER,48.10753,-1.70554,19,2,2
202100028987,149Â 911,B01,1,1,1,1,2,6,-1,0,0,-1,2021,37.0,2,1,0,2,3,1,1,,4,PLACE DES TERNES,0,,2,2,0,1,(1),(1),1,, -1,1,0,1,50,14,7,2021,16:45,1,75,75117,2,7,0,3,PLACE DES TERNES,48.877766,2.298397,16,2,2
202100048887,114Â 373,A01,1,1,2,0,1,-1,-1,0,0,-1,2021,52.0,1,2,0,2,3,1,1,,3,2204,2,,3,2,0,2,59,230,4,, -1,1,0,1,80,8,3,2021,16:35,1,6,6023,1,1,0,3,D2204,43.946284,7.511129,16,2,2
202100044337,122Â 416,A01,1,1,1,4,1,-1,-1,0,0,-1,2021,31.0,1,5,0,2,2,0,1,,1,A29,0,A,3,4,0,1,44,200,1,, -1,1,0,1,130,12,4,2021,09:30,1,76,76439,1,1,0,2,Autoroute A29.,49.590497,0.449798,9,2,2
202100005026,192Â 803,A01,10,3,2,0,0,-1,-1,3,3,1,2021,13.0,1,1,0,1,1,12,1,,4,BECKER (LIEUTENANT),0,,1,2,0,1,(1),(1),1,, -1,2,0,1,50,2,12,2021,14:00,1,973,97302,2,9,1,6,BECKER (LIEUTENANT),4.93816,-52.32887,14,2,1
202100005569,191Â 846,A01,10,3,1,2,0,-1,-1,4,3,2,2021,15.0,3,1,0,1,1,26,1,,3,106,0,,2,2,0,1,0,0,1,, -1,1,6,1,50,30,11,2021,08:45,1,92,92026,2,9,0,6,COLOMBES,48.900534,2.256344,8,2,1
202100037099,135Â 391,A01,1,1,2,5,0,-1,-1,0,0,-1,2021,60.0,3,0,12,0,0,1,3,,4,,-1,,1,2,0,1,(1),(1),1,,5,1,0,4,30,2,6,2021,09:07,1,29,29072,2,1,0,7,Rue de Men Meur,47.793344,-4.288337,9,1,1
202100011772,180Â 667,B01,1,1,1,1,2,0,-1,-1, -1,-1,2021,35.0,2,1,0,2,7,25,0,,4,RUE DU VAL FLEURI,0,,2,2,0,3,0,100,1,, -1,1,0,1,30,21,10,2021,11:05,1,91,91114,2,3,0,3,RUE DU VAL FLEURI,48.70794,2.51888,11,3,2
202100018336,168Â 849,M01,1,1,1,9,2,0,-1,-1, -1,-1,2021,17.0,2,1,0,2,1,1,1,,7,VANDERHAGEN ALBERT RUE,0,,2,2,1,1,(1),(1),1,, -1,1,0,1,50,16,9,2021,19:15,1,59,59286,2,1,0,3,VANDERHAGEN ALBERT RUE,50.61136,2.97848,19,2,2
202100049725,112Â 865,B01,1,1,1,5,2,9,-1,0,0,-1,2021,41.0,2,1,0,2,1,1,5,,3,84,-1,,2,2,0,2,1,995,2,, -1,1,5,1,80,28,2,2021,11:45,1,60,60666,1,9,0,3,D84,49.103473,2.68899,11,2,2
202100043612,123Â 721,B01,1,1,1,4,2,8,-1,-1, -1,-1,2021,37.0,3,1,0,2,1,1,1,,9,Z I LA JAMBETTE,0,,2,2,0,1,(1),(1),1,, -1,1,0,1,50,16,4,2021,12:15,1,972,97213,1,1,0,3,Z I LA JAMBETTE,14.6168624531,-61.0345888138,12,2,2
202100026174,154Â 910,B01,1,1,1,5,0,-1,-1,0,0,-1,2021,52.0,1,2,0,0,4,24,1,,1,6,-1,,1,1,0,1,396,860,3,, -1,1,0,8,70,1,8,2021,03:40,4,71,71150,1,1,0,2,A6 aire de creches sur saone,46.236346,4.795318,3,4,2
202100027764,152Â 081,Z01,10,3,2,9,8,8,-1,4,3,1,2021,32.0,2,1,0,1,1,1,0,,4,BOULEVARD VOLTAIRE,0,,2,2,3,1,(1),(1),1,, -1,1,0,1,50,21,7,2021,22:15,5,75,75111,2,3,0,6,BOULEVARD VOLTAIRE,48.864405,2.36913,22,2,1
202100047192,117Â 411,A01,1,1,2,0,1,0,-1,-1, -1,-1,2021,20.0,2,2,4,0,3,26,1,,2,RN 104,0,,1,2,0,1,31,0,1,, -1,1,0,1,110,21,3,2021,15:55,1,91,91553,1,1,0,6,RN 104,48.63138,2.49977,15,1,1
202100015239,174Â 465,A01,10,3,2,2,8,8,-1,5,9,1,2021,40.0,1,1,0,1,1,0,3,,4,CENTRE VILLE (MAIL),0,,1,0,3,1,1,0,1,, -1,1,0,1,30,4,10,2021,08:40,1,93,93064,2,9,0,3,CENTRE VILLE (MAIL),48.87516,2.482912,8,2,1
202100016364,172Â 383,B01,1,1,1,1,2,7,-1,-1, -1,-1,2021,44.0,2,1,0,2,1,1,1,,3,GABRIEL PERI (AV),0,,1,1,0,1,(1),(1),1,, -1,1,0,1,50,28,9,2021,19:15,2,94,94003,2,2,0,3,GABRIEL PERI (AV),48.79993,2.34396,19,2,2
202100016798,171Â 589,B01,1,1,1,0,2,0,-1,-1, -1,-1,2021,17.0,3,1,0,2,4,1,1,,3,ROUTE ROYALE,0,,2,2,0,2,1,0,1,, -1,1,0,1,50,25,9,2021,18:00,1,202,202033,2,1,0,2,ROUTE ROYALE,42.67886,9.43048,18,2,2
202100033389,142Â 083,A01,1,1,2,9,1,0,-1,-1, -1,-1,2021,53.0,2,2,0,2,1,2,1,,4,DURAND GEORGES (AV) NÂ° PAIRS 166 A 310,0,,2,2,3,1,0,0,3,, -1,2,0,1,50,19,6,2021,23:05,5,72,72181,2,6,1,2,DURAND GEORGES (AV) NÂ° PAIRS 166 A 310,47.97416,0.21579,23,2,2
202100051328,109Â 924,A01,10,3,1,9,0,-1,-1,2,1,1,2021,16.0,3,1,0,1,2,2,1,,4,HOFFMANN (RUE PHILIBERT),0,,2,2,0,1,1000,0,1,, -1,1,0,1,50,16,2,2021,16:10,1,93,93064,2,1,0,6,HOFFMANN (RUE PHILIBERT),48.8815895852,2.4862790108,16,2,1
202100015352,174Â 270,B01,2,2,2,5,1,8,-1,0,0,-1,2021,35.0,2,2,0,2,4,2,1,,4,PORTE DE PANTIN,0,,1,4,0,1,26,500,1,, -1,2,0,1,70,2,10,2021,19:40,5,75,75119,2,1,1,2,PORTE DE PANTIN,48.890958,2.396033,19,3,2
202100029246,149Â 483,B01,1,1,1,0,2,6,-1,-1, -1,-1,2021,27.0,1,1,0,2,7,3,1,,2,104,0,,3,6,0,1,30,159,1,, -1,2,0,1,110,13,7,2021,17:58,1,91,91617,1,1,1,3,RN 104,48.63145,2.51223,17,2,2
202100032366,143Â 911,A01,1,1,1,5,0,-1,-1,0,0,-1,2021,46.0,2,0,0,0,0,15,3,,3,791,0,D,2,2,0,2,0,649,2,, -1,2,0,3,80,20,6,2021,16:49,1,67,67403,1,1,1,7,departementale 791,48.808602,7.563186,16,1,1
202100003590,195Â 335,A01,1,1,2,0,2,6,-1,-1, -1,-1,2021,46.0,1,1,0,2,1,2,1,,3,QUARANTE SOUS (RUE DES),0,,1,1,0,1,40,300,1,, -1,1,0,1,50,9,12,2021,16:30,1,78,78029,2,1,0,2,QUARANTE SOUS (RUE DES),48.961735,1.853179,16,2,2
202100014691,175Â 452,B01,1,1,1,5,2,6,9,0,0,-1,2021,78.0,1,1,0,2,1,1,1,,3,103,-1,,2,2,0,1,13,164,1,, -1,1,0,1,80,4,9,2021,17:00,1,44,44068,1,2,0,3,Bas Epaud,47.485583,-1.921025,17,2,2
202100019916,166Â 032,A01,10,3,2,2,0,-1,-1,9,3,-1,2021,12.0,1,3,0,1,1,1,1,1.0,3,GEORGES HALGOULT (R),0,,2,0,3,1,1,0,1,, -1,1,-1,1,50,9,9,2021,18:05,1,94,94073,2,1,0,6,Avenue Georges Halgoult,48.76136,2.4,18,2,1
202100000410,200Â 971,A01,10,3,1,5,0,-1,-1,9,3,1,2021,61.0,2,3,0,1,2,1,3,,3,385,-1,,2,2,0,1,49,950,1,, -1,1,4,6,50,25,10,2021,09:57,1,69,69059,1,8,0,6,VALLEE (DE LA) (RTE),45.856789,4.700528,9,2,1
202100034618,139Â 834,A01,1,1,1,5,2,0,-1,0,0,-1,2021,29.0,2,1,0,0,1,7,3,,4,BOULEVARD DE ROCHECHOUART,0,,3,2,3,1,(1),(1),1,, -1,1,0,6,50,13,6,2021,05:35,2,75,75109,2,1,0,7,BOULEVARD DE ROCHECHOUART,48.882543,2.3431,5,1,1
202100003532,195Â 430,A01,10,3,2,9,0,-1,-1,9,3,1,2021,72.0,3,2,0,1,2,1,1,,3,76,0,,1,2,0,1,0,0,1,, -1,1,0,1,50,10,3,2021,11:11,1,92,92040,2,1,0,6,GOUVERNEUR GAL EBOUE DU 02 AU 64,48.826466,2.270816,11,2,1
202100046893,117Â 955,B01,1,1,1,0,1,-1,-1,-1, -1,-1,2021,48.0,1,2,0,2,4,23,1,,4,ST BONNET DE MURE (DE)              (CH),0,,2,2,0,1,(1),(1),1,, -1,1,0,1,50,26,2,2021,15:00,1,69,69290,1,1,0,2,ST BONNET DE MURE (DE) (CHM),45.6897,4.98,15,3,2
202100012753,178Â 925,B01,1,1,1,5,2,-1,-1,0,0,-1,2021,32.0,1,1,0,2,1,1,1,,3,115,0,,2,2,0,1,(1),(1),3,, -1,1,0,1,80,16,10,2021,13:00,1,971,97128,1,1,0,2,Route de Surgy,16.256883,-61.34646,13,2,2
202100040145,129Â 839,A01,1,1,1,1,2,0,-1,-1, -1,-1,2021,57.0,1,1,0,2,1,1,1,,4,BONNAND                             (R ),0,,1,3,2,1,(1),(1),1,, -1,1,0,1,50,12,5,2021,06:05,2,69,69383,2,2,0,3,BONNAND (R),45.75033,4.8844,6,2,2
202100055957,101Â 862,B01,1,1,1,1,1,5,-1,-1, -1,-1,2021,58.0,1,2,0,2,3,1,1,,3,WILSON (AVENUE DU PRESIDENT),0,,-1,2,3,1,0,1,1,, -1,1,0,1,50,5,1,2021,06:30,5,93,93066,2,2,0,3,WILSON (AVENUE DU PRESIDENT),48.9181877075,2.3578647546,6,2,2
202100041128,128Â 094,A01,10,3,2,2,0,-1,-1,4,3,2,2021,8.0,3,1,0,1,3,3,1,,4,DIGUE DES FRANCAIS (TRAV. DE LA),0,,3,5,0,1,0,0,1,, -1,2,0,8,30,6,5,2021,08:19,1,6,6088,2,1,0,7,DIGUE DES FRANCAIS (TRAV. DE LA),43.676309,7.200109,8,2,1
202100001788,198Â 598,B01,1,1,1,5,2,-1,-1,0,0,-1,2021,17.0,0,1,0,2,7,1,1,,4,,-1,,2,2,0,1,(1),(1),1,,4,1,5,1,50,23,12,2021,18:30,4,1,1306,2,2,0,3,Rue du Jouvancy,46.260619,4.885649,18,2,2
202100017554,170Â 248,A01,1,1,1,1,2,6,9,0,0,-1,2021,33.0,2,1,0,2,0,1,1,,2,116,0,N,2,2,0,3,86,150,3,, -1,1,0,1,80,23,9,2021,14:05,1,66,66167,1,1,0,1,N116,42.472152,2.054207,14,3,2
202100011273,181Â 583,B01,1,1,1,0,0,-1,-1,0,0,-1,2021,20.0,2,2,0,0,2,1,1,,3,94,-1,,2,2,0,1,8,810,1,, -1,1,0,1,80,23,10,2021,11:15,1,82,82079,1,2,0,3,Route de Campsas,43.900393,1.370013,11,2,2
202100016537,172Â 069,A01,1,1,1,1,2,6,-1,0,0,-1,2021,23.0,2,1,0,2,6,18,1,,4,AVENUE DE LA PORTE D ITALIE,0,,2,6,0,1,(1),(1),2,, -1,2,0,1,30,27,9,2021,08:20,1,75,75113,2,2,0,3,AVENUE DE LA PORTE D ITALIE,48.8164500047,2.3603002277,8,2,2
202100016398,172Â 323,A01,1,1,1,5,2,6,9,0,0,-1,2021,48.0,1,1,0,6,1,19,1,,3,981,-1,,2,2,0,1,33,800,1,, -1,1,0,1,80,27,9,2021,22:35,3,30,30286,1,1,0,6,D981,43.98562,4.457445,22,1,1
202100041357,127Â 684,A01,1,1,1,5,2,6,-1,0,0,-1,2021,17.0,0,1,0,2,7,1,1,,3,d133,-1,,2,2,0,1,10,40,1,, -1,1,5,1,50,5,5,2021,15:00,1,47,47049,2,6,0,3,Place Saint Joseph,44.446579,0.620101,15,2,2
202100026019,155Â 169,A01,1,1,1,0,2,6,9,0,0,-1,2021,59.0,1,1,12,0,1,3,1,,2,40,0,T,2,2,0,2,38,400,2,, -1,1,0,3,80,1,8,2021,18:00,1,201,201360,1,1,0,7,RT 40,41.820967,8.962741,18,1,1
202100045330,120Â 709,A01,2,2,2,3,1,-1,-1,0,0,-1,2021,60.0,1,2,7,0,1,1,1,,3,341,0,D,2,2,0,2,19,200,1,, -1,1,0,3,50,2,4,2021,15:00,1,62,62366,1,1,0,6,D341,50.41757,2.577453,15,2,1
202100033817,141Â 313,B01,1,1,1,1,1,0,-1,-1, -1,-1,2021,41.0,1,2,1,0,1,20,1,,4,DOUAI RUE,0,,2,2,2,1,(1),(1),1,, -1,2,0,1,30,18,6,2021,00:25,5,59,59350,2,1,0,2,DOUAI RUE,50.62405,3.06856,0,3,2
202100050482,111Â 460,B01,1,1,1,1,2,6,-1,0,0,-1,2021,31.0,1,1,0,2,3,1,1,,4,RUE RAYMOND LOSSERAND,0,,1,1,0,1,(1),(1),1,, -1,1,0,1,50,22,2,2021,12:40,1,75,75114,2,2,0,3,RUE RAYMOND LOSSERAND,48.835107,2.320308,12,2,2
202100020893,164Â 302,A01,1,1,1,0,2,0,-1,-1, -1,-1,2021,24.0,1,1,0,2,8,1,1,,3,SAINT LEU (ROUTE),0,,2,2,2,1,0,0,1,, -1,1,0,1,50,4,9,2021,17:00,1,93,93079,2,3,0,6,SAINT LEU (ROUTE),48.95531,2.33336,17,2,2
202100017858,169Â 697,B01,1,1,2,1,2,6,-1,-1, -1,-1,2021,19.0,1,1,0,2,1,1,1,,3,PLOUBEZRE (RUE DE),0,,-1,2,0,2,(1),(1),1,, -1,2,0,1,50,17,9,2021,19:40,2,22,22113,2,1,1,3,PLOUBEZRE (RUE DE),48.72254,-3.45994,19,2,2
202100047819,116Â 280,B01,1,1,1,5,2,6,-1,0,0,-1,2021,15.0,1,1,0,2,1,15,1,,3,PONT LEROUGE (AVENUE DU),0,,2,2,0,1,24,540,1,, -1,2,0,1,50,12,3,2021,18:10,1,12,12145,2,4,0,3,PONT LEROUGE (AVENUE DU),44.093597,3.074661,18,2,2
202100008759,186Â 081,B01,1,1,2,9,8,0,-1,0,0,-1,2021,27.0,1,0,0,2,1,1,3,,4,BOULEVARD VOLTAIRE,0,,1,4,1,1,(1),(1),1,, -1,1,-1,5,30,9,11,2021,12:30,1,75,75111,2,1,0,1,BOULEVARD VOLTAIRE,48.861488,2.373919,12,2,2
202100009004,185Â 623,A01,1,1,1,5,1,-1,-1,0,0,-1,2021,47.0,2,2,0,2,1,13,1,,4,2,0,,2,2,0,2,(1),(1),3,, -1,1,0,1,50,8,11,2021,11:20,1,60,60584,2,1,0,1,2 Rue Groupe Manouchian,49.2146201246,2.4072052864,11,4,2
202100032860,143Â 031,B01,1,1,1,0,1,0,-1,-1, -1,-1,2021,46.0,2,2,0,2,1,1,1,,4,BIARRITZ (AVENUE DE),0,,2,2,0,1,0,0,1,, -1,1,0,1,50,21,6,2021,10:05,1,64,64024,2,1,0,3,BIARRITZ (AVENUE DE),43.48064,-1.53027,10,2,2
202100026451,154Â 419,A01,1,1,1,0,2,6,-1,-1, -1,-1,2021,27.0,3,1,0,0,0,26,1,,4,BAB (BOULEVARD DU),0,,2,4,0,1,0,0,3,, -1,2,0,1,50,25,7,2021,06:05,3,64,64024,2,1,1,7,BAB (BOULEVARD DU),43.4929825807,-1.5312570333,6,1,1
202100030122,147Â 936,B01,1,1,1,1,1,0,-1,-1, -1,-1,2021,32.0,1,2,0,2,3,21,1,,1,A507 sens Marseille - Aubagne,0,,3,4,0,4,8,340,1,, -1,1,1,1,70,7,7,2021,19:15,1,13,13055,1,1,0,2,A507 sens Marseille - Aubagne,43.28742,5.4248,19,3,2
202100018085,169Â 305,A01,1,1,1,4,2,0,-1,-1, -1,-1,2021,37.0,2,1,4,0,8,1,1,,1,A55-Sens Martigues vers Marseille,0,,-1,2,0,1,7,800,1,, -1,1,2,1,90,19,9,2021,16:03,1,13,13216,1,1,0,6,A55-Sens Martigues vers Marseille,43.3629,5.3413,16,1,1
202100033915,141Â 141,A01,1,1,1,5,2,6,-1,0,0,-1,2021,17.0,2,1,0,0,1,1,1,,3,52,0,D,2,2,0,1,12,650,3,, -1,1,0,1,70,17,6,2021,18:00,1,76,76404,2,1,0,7,D52,49.564929,0.25505,18,1,1
202100000246,201Â 282,B01,10,3,2,2,0,0,0,4,3,1,2021,12.0,0,2,0,2,1,1,1,,7,DOUAI (BOULEVARD DE),0,,3,5,0,1,(1),(1),1,, -1,1,5,1,50,15,10,2021,16:30,1,59,59512,2,2,0,6,DOUAI (BOULEVARD DE),50.681204,3.168013,16,2,1
202100055918,101Â 925,B01,1,1,1,1,2,0,-1,-1, -1,-1,2021,17.0,1,1,0,2,7,15,1,,4,BOULEVARD LEON JOUHAUX,0,,3,2,1,1,(1),(1),1,, -1,2,0,1,50,7,1,2021,07:00,5,44,44109,2,6,0,3,BOULEVARD LEON JOUHAUX,47.20872,-1.58722,7,2,2
202100055039,103Â 433,A01,10,3,1,0,0,-1,-1,4,3,1,2021,50.0,2,5,0,1,3,15,1,,4,,0,,2,2,2,1,(1),(1),1,, -1,2,5,1,50,14,1,2021,17:50,5,33,33318,2,3,1,6,Avenue de Madran,44.8051,-0.65581,17,2,1
202100027093,153Â 288,A01,2,2,2,0,1,0,-1,-1, -1,-1,2021,53.0,0,2,0,2,4,23,0,,3,JOHN F. KENNEDY (AVENUE),0,,2,3,0,1,0,1,1,, -1,2,0,1,50,25,7,2021,11:05,1,93,93071,2,1,1,2,Avenue John Fitzgerald Kennedy,48.93847,2.51325,11,3,2
202100055044,103Â 425,B01,8,2,2,5,8,0,-1,-1, -1,-1,2021,49.0,1,3,0,2,7,2,1,2.0,4,ROND POINT DES NATIONS UNIES,0,,1,3,0,1,0,0,1,, -1,1,5,6,50,13,1,2021,19:35,5,30,30189,2,6,0,3,ROND POINT DES NATIONS UNIES,43.82032,4.35778,19,3,2
202100027243,153Â 022,A01,1,1,1,5,2,6,-1,0,0,-1,2021,28.0,1,1,0,1,3,9,1,,3,,0,,1,1,0,1,0,0,2,, -1,1,2,1,50,24,7,2021,02:48,5,92,92023,2,1,0,6,PETIT CLAMART (ROND POINT DU),48.7767614677,2.230219245,2,2,1
202100031028,146Â 276,B01,1,1,2,5,8,0,-1,-1, -1,-1,2021,65.0,1,1,1,0,1,1,5,,4,EMILE GARET,0,,2,2,0,1,0,0,1,, -1,1,0,1,30,30,6,2021,12:25,1,64,64445,2,1,0,6,EMILE GARET,43.3000442411,-0.3624163455,12,2,2
202100013416,177Â 751,A01,1,1,1,5,8,0,-1,-1, -1,-1,2021,17.0,2,1,1,0,1,1,5,,4,LIBERATION (BOULEVARD DE LA),0,,2,1,0,1,0,0,1,, -1,1,0,1,30,12,10,2021,19:10,1,92,92022,2,1,0,6,LIBERATION (BOULEVARD DE LA),48.8015868506,2.1853761993,19,1,1
202100027802,152Â 017,A01,1,1,1,5,2,6,-1,0,0,-1,2021,30.0,2,1,0,6,1,1,1,,3,32,0,,2,2,0,1,7,200,1,, -1,1,0,1,80,21,7,2021,22:35,3,51,51171,1,1,0,7,D32,49.380696,3.860879,22,1,1
202100020020,165Â 841,B01,1,1,1,5,1,-1,-1,-1,0,-1,2021,31.0,1,2,0,2,4,2,1,,1,AUTOROUTE A15,0,,3,6,0,1,19,700,1,, -1,2,0,1,90,8,9,2021,23:30,3,95,95488,1,1,1,4, A15,49.02319,2.13418,23,3,3