Num_Acc,id_vehicule,num_veh,place,catu,sexe,trajet,secu1,secu2,secu3,locp,actp,etatp,year_acc,victim_age,senc,catv,obs,obsm,choc,manv,motor,occutc,catr,voie,v1,v2,circ,nbv,vosp,prof,pr,pr1,plan,lartpc,larrout,surf,infra,situ,vma,jour,mois,an,hrmn,lum,dep,com,agg_,int,atm,col,adr,lat,long,hour,nb_victim,nb_vehicules
202100024608,157Â 670,B01,1,1,1,5,2,0,-1,-1, -1,-1,2021,40.0,1,1,0,2,7,0,0,,4,GRAMMONT (AVENUE DE),0,,2,6,3,1,(1),(1),1,, -1,1,5,6,50,11,8,2021,14:00,1,37,37261,2,2,0,6,GRAMMONT (AVENUE DE),47.384039711,0.6912592517,14,2,2
202100012177,179Â 954,B01,2,2,2,5,1,0,-1,-1, -1,-1,2021,25.0,3,2,0,2,8,1,1,,4,MONTMAILLER (RUE),0,,2,2,0,1,0,0,1,, -1,1,0,1,50,16,10,2021,23:23,5,87,87085,2,2,0,3,MONTMAILLER (RUE),45.83607,1.25058,23,3,2
202100023298,159Â 972,A01,1,1,2,5,2,8,-1,-1, -1,-1,2021,70.0,3,1,0,2,4,15,5,,4,GUITON   AVENUE JEAN (1-7 et 2),0,,2,4,2,1,(1),(1),1,, -1,1,0,1,30,20,8,2021,14:50,1,17,17300,2,2,0,3,GUITON   AVENUE JEAN (1-7 et 2),46.15836,-1.15765,14,2,2
202100012953,178Â 584,B01,2,2,1,5,1,-1,-1,0,0,-1,2021,29.0,2,2,7,2,1,13,1,,3,13,-1,,2,2,0,1,(1),(1),1,, -1,1,0,1,50,16,10,2021,04:30,4,50,50076,2,1,0,1,Rue du Bocage,48.90136,-1.502262,4,3,2
202100039254,131Â 444,A01,1,1,1,5,8,0,-1,-1, -1,-1,2021,17.0,1,1,0,2,4,26,1,,3,CABASSOU (ROUTE DE),0,,2,2,2,1,0,100,1,, -1,2,0,1,50,19,5,2021,14:10,1,973,97302,2,1,1,2,CABASSOU (ROUTE DE),4.92037,-52.32077,14,2,2
202100016792,171Â 600,A01,1,1,1,0,2,0,-1,-1, -1,-1,2021,41.0,1,1,0,2,1,1,1,,3,CLUNY (ROUTE DE),0,,2,2,0,2,0,0,1,, -1,1,0,1,50,23,9,2021,07:40,1,972,97209,1,1,0,2,CLUNY (ROUTE DE),14.61427,-61.08169,7,2,2
202100027751,152Â 103,B01,1,1,2,9,1,0,-1,-1, -1,-1,2021,47.0,2,2,0,2,4,1,0,,4,LECLERC AV. DU GENERAL PAIRS A PARTIR DU,0,,2,2,0,1,(1),(1),1,, -1,1,0,1,50,21,7,2021,15:15,1,11,11069,2,1,0,2,LECLERC AV. DU GENERAL PAIRS A PARTIR DU,43.20722,2.38219,15,4,2
202100019556,166Â 674,A01,1,1,1,5,2,6,-1,0,0,-1,2021,17.0,3,1,0,2,1,13,1,,4,,-1,,2,2,0,2,(1),(1),4,, -1,1,0,1,80,12,9,2021,15:40,1,44,44081,1,1,0,1,La Gestiere,46.881271,-1.532013,15,2,2
202100026894,153Â 633,B01,1,1,1,5,2,6,-1,0,0,-1,2021,41.0,2,1,0,2,1,1,1,,3,93,-1,,2,2,0,1,46,730,1,, -1,1,0,1,70,28,7,2021,15:47,1,26,26299,1,3,0,1,693 Route de Die,44.763133,5.286409,15,2,2
202100029979,148Â 207,A01,1,1,2,9,2,6,-1,-1, -1,-1,2021,15.0,3,1,0,0,1,14,3,,4,VAL DE VESLE (BOULEVARD),0,,2,2,0,1,(1),(1),2,, -1,1,0,1,50,7,7,2021,13:30,1,51,51454,2,1,0,7,Boulevard du Val de Vesle,49.22935,4.06438,13,1,1
202100000521,200Â 768,A01,1,1,2,0,1,-1,-1,0,0,-1,2021,41.0,0,2,0,2,1,15,1,,4,CARNOT (BOULEVARD),0,,2,4,0,1,(1),(1),3,, -1,2,0,1,50,29,12,2021,18:50,5,80,80021,2,4,1,3,CARNOT (BOULEVARD),49.89338,2.2862,18,3,2
202100032439,143Â 791,A01,10,3,1,0,0,-1,-1,1,3,1,2021,46.0,3,2,0,1,3,1,1,,4,JOFFRES,0,,-1,2,0,1,(1),(1),1,, -1,1,2,1,50,25,6,2021,00:10,5,17,17300,2,1,0,6,JOFFRES,46.15616,-1.14296,0,2,1
202100042213,126Â 169,B01,1,1,1,1,2,6,-1,0,0,-1,2021,63.0,1,1,0,2,2,1,1,,4,RUE LA BOETIE,0,,1,3,0,1,(1),(1),1,, -1,1,0,1,30,28,4,2021,13:10,1,75,75108,2,2,0,3,RUE LA BOETIE,48.874532,2.319437,13,4,2
202100017030,171Â 178,A01,10,3,2,5,0,-1,-1,3,3,1,2021,20.0,0,2,0,1,4,4,1,,4,RUE DUMONT D URVILLE,0,,1,1,0,1,(1),(1),1,, -1,1,0,1,50,25,9,2021,19:00,2,75,75116,2,4,0,6,RUE DUMONT D URVILLE,48.8716628354,2.2953830631,19,2,1
202100029882,148Â 382,A01,1,1,1,5,1,-1,-1,0,0,-1,2021,24.0,2,5,2,0,1,0,1,,3,10,0,D,2,2,0,1,33,698,1,,"5,5",1,0,3,90,10,7,2021,03:00,3,15,15042,1,1,0,6,D10,45.198229,3.244454,3,1,1
202100009492,184Â 742,A01,1,1,2,0,8,0,-1,-1, -1,-1,2021,50.0,1,2,2,0,3,11,1,,3,920,0,,1,2,0,1,0,0,1,, -1,1,0,1,50,4,11,2021,01:54,5,92,92002,2,1,0,6,RAYMON ARON (AVENUE),48.767728329,2.3107123375,1,1,1
202100032146,144Â 289,A01,2,2,2,5,1,0,-1,-1, -1,-1,2021,20.0,2,2,4,0,1,0,1,,3,ALOUETTES (R DES),0,,1,1,0,1,1,0,3,, -1,2,3,1,50,26,6,2021,15:10,1,94,94065,2,9,1,6,ALOUETTES (R DES),48.74871,2.36883,15,3,1
202100008815,185Â 991,B01,1,1,2,5,1,-1,-1,0,0,-1,2021,35.0,2,2,0,2,1,1,1,,3,5,-1,D,2,2,0,1,62,588,1,, -1,1,0,1,80,10,11,2021,18:30,3,33,33029,1,1,0,1,Avenue du MÃ©doc,44.641833,-0.804563,18,5,2
202100021486,163Â 234,B01,1,1,2,1,2,0,-1,0,0,-1,2021,26.0,2,0,0,2,2,1,3,,4,RUE DE BELZUNCE,0,,1,1,0,1,(1),(1),1,, -1,1,0,1,30,1,9,2021,18:25,1,75,75110,2,1,0,3,RUE DE BELZUNCE,48.879599,2.349972,18,2,2
202100021667,162Â 903,A01,1,1,2,1,1,0,-1,-1, -1,-1,2021,26.0,1,2,2,2,6,1,1,,3,MITRY [CD115] (ROUTE DE),0,,2,6,0,1,0,0,1,, -1,1,0,1,50,31,8,2021,14:40,1,93,93005,2,2,0,3,Route de Mitry / Rue Ambroise ParÃ©,48.94941,2.52006,14,2,2
202100031802,144Â 915,B01,1,1,1,5,1,-1,-1,-1, -1,-1,2021,21.0,1,2,4,0,3,1,1,,1,A7   29.920 A 31.960,0,,3,6,0,1,31,960,1,, -1,1,0,1,130,24,4,2021,10:00,1,69,69193,1,1,0,6,A7,45.5067202698,4.8425942659,10,2,2
202100001908,198Â 387,B01,1,1,1,4,2,6,-1,-1, -1,-1,2021,39.0,2,1,0,2,3,11,1,,2,ALBERT 1ER (BD),0,,3,6,0,1,1,0,1,, -1,1,0,1,50,21,12,2021,21:30,5,94,94052,2,1,0,3,ALBERT 1ER (BD),48.834953,2.493783,21,2,2
202100006844,189Â 549,B01,1,1,1,1,0,-1,-1,0,0,-1,2021,37.0,1,1,0,2,1,1,5,,3,925,-1,,2,2,0,1,7,547,1,, -1,1,0,1,30,22,11,2021,19:10,5,76,76238,2,2,0,1,rue aristide briand,49.563284,0.223718,19,2,2
202100028247,151Â 203,A01,1,1,1,1,2,6,9,0,0,-1,2021,25.0,2,1,8,0,7,1,1,,3,123,-1,,2,2,0,1,4,850,2,, -1,1,0,3,70,20,7,2021,09:30,1,38,38110,1,1,0,6,Route de Leveau,45.567812,4.878455,9,1,1
202100008301,186Â 883,B01,1,1,2,3,8,-1,-1,0,0,-1,2021,44.0,1,2,0,2,3,1,1,,3,72,-1,,2,2,0,1,3,690,2,, -1,2,0,1,80,13,11,2021,19:00,3,72,72094,2,1,1,1,Lieu Dit les Loges,47.98216,0.60345,19,2,2
202100010581,182Â 814,A01,1,1,1,1,2,6,-1,-1, -1,-1,2021,42.0,2,1,0,2,4,26,1,,3,DOCTEUR BAUER(RUE DU) :NÂ° 1 AU 73,0,,2,2,0,1,0,1,1,, -1,1,0,1,50,28,10,2021,07:45,1,93,93070,2,9,0,2,Rue du Docteur Bauer,48.90877,2.33952,7,2,2
202100054013,105Â 203,A01,1,1,1,5,1,0,-1,-1, -1,-1,2021,70.0,2,2,0,2,1,2,1,,1,5A,0,,1,1,0,1,2,299,1,, -1,2,3,1,90,23,1,2021,15:25,1,77,77251,1,1,1,4,AUTOROUTE A5A,48.6189360777,2.5528019745,15,5,5
202100044774,121Â 680,A01,1,1,1,5,2,6,-1,-1, -1,-1,2021,27.0,2,1,0,2,8,1,1,,1,A51-Sens Aix en Provence vers Marseille,0,,1,4,0,1,1,800,1,, -1,1,0,1,90,8,4,2021,17:15,1,13,13071,1,1,0,3,A51-Sens Aix en Provence vers Marseille,43.4076552786,5.3626114873,17,2,2
202100016195,172Â 691,A01,10,3,2,3,0,-1,-1,1,3,2,2021,74.0,3,2,0,1,1,26,1,,4,QUARTIER (IMPASSE DU),0,,1,0,0,1,0,0,1,, -1,1,0,1,50,29,9,2021,09:50,1,30,30028,2,9,0,6,QUARTIER (IMPASSE DU),44.15926,4.6264,9,2,1
202100042605,125Â 468,A01,1,1,1,1,1,0,-1,0,0,-1,2021,34.0,2,2,0,2,3,10,1,,4,QUAI D ORSAY,0,,2,6,0,1,(1),(1),1,, -1,1,0,1,50,25,4,2021,17:42,1,75,75107,2,1,0,3,QUAI D ORSAY,48.862885,2.316493,17,3,2
202100030384,147Â 454,A01,10,3,2,5,0,-1,-1,3,5,2,2021,7.0,3,2,0,1,1,1,1,,4,JAURES (Avenue Jean),0,,2,-1,0,1,(1),(1),1,, -1,1,0,1,50,30,6,2021,15:45,1,26,26198,2,1,0,6,79 Avenue Jean JaurÃ¨s,44.5474,4.74707,15,2,1
202100056411,101Â 067,A01,10,3,1,5,8,8,-1,6,1,1,2021,38.0,1,5,0,1,7,26,1,,3,ROUEN (AVENUE DE),0,,2,4,0,1,7,440,1,, -1,2,0,1,80,1,1,2021,01:40,3,27,27554,1,1,1,6,ROUEN (AVENUE DE),49.1206849398,1.4413575092,1,2,1
202100032433,143Â 799,A01,1,1,1,1,2,0,-1,-1, -1,-1,2021,32.0,2,1,0,0,9,1,1,,1,A86 EXT,0,,1,3,0,1,44,799,1,, -1,1,0,1,90,25,6,2021,07:45,1,94,94073,1,1,0,7,A86 EXT,48.7706982373,2.3867885922,7,1,1
202100017162,170Â 965,B01,1,1,1,1,2,-1,-1,0,0,-1,2021,18.0,1,1,0,2,4,23,1,,3,52,0,,2,2,0,2,30,800,1,, -1,1,0,1,90,24,8,2021,05:50,3,49,49220,1,1,0,2,D52,47.708599,-0.422459,5,2,2
202100010102,183Â 646,A01,1,1,1,5,2,6,-1,0,0,-1,2021,31.0,1,1,12,0,1,1,1,,3,936,-1,,2,2,0,1,14,0,3,, -1,1,0,4,70,25,8,2021,03:15,4,33,33496,1,1,0,7,D 936,44.830978,-0.399461,3,1,1
202100037719,134Â 242,A01,1,1,2,5,8,0,-1,-1, -1,-1,2021,52.0,1,2,3,0,1,2,1,,1,AUTOROUTE A106,0,,1,2,0,1,5,725,1,, -1,1,0,1,90,29,5,2021,12:05,1,94,94021,1,1,0,6,AUTOROUTE A106,48.767116,2.343651,12,1,1
202100018584,168Â 416,A01,1,1,1,5,2,6,-1,0,0,-1,2021,65.0,0,1,12,0,1,9,5,,4,FUSILLES (RUE DES),0,,1,3,0,2,(1),(1),3,, -1,1,0,1,50,14,9,2021,18:50,1,27,27229,2,1,0,7,FUSILLES (RUE DES),49.01948,1.15773,18,1,1
202100055791,102Â 141,A01,1,1,1,1,2,0,-1,-1, -1,-1,2021,34.0,1,1,0,0,0,1,1,,4,MENDES FRANCE AVENUE PIERRE,0,,-1,2,0,1,1,0,1,, -1,7,0,1,50,8,1,2021,07:50,5,49,49015,2,1,0,7,MENDES FRANCE AVENUE PIERRE,47.504176,-0.586785,7,1,1
202100013107,178Â 315,A01,10,3,2,9,0,-1,-1,4,3,1,2021,31.0,2,1,0,1,1,1,5,,4,RUE DE BELLEVILLE,0,,2,2,0,2,(1),(1),1,, -1,1,0,1,30,15,10,2021,10:45,1,75,75119,2,3,0,6,RUE DE BELLEVILLE,48.873287,2.381915,10,2,1
202100056493,100Â 921,A01,1,1,1,1,1,0,-1,-1, -1,-1,2021,38.0,1,2,4,0,9,1,1,,1,3,0,,3,9,0,1,5,0,1,, -1,1,0,1,90,1,1,2021,19:00,5,93,93053,1,1,0,6,AUTOROUTE A3,48.88379,2.46681,19,1,1
202100018927,167Â 813,B01,1,1,1,2,2,0,-1,-1, -1,-1,2021,15.0,1,1,0,2,7,19,5,,3,,-1,,2,-1,-1,1,4,0,1,, -1,1,0,1,-1,8,9,2021,18:45,1,68,68066,2,2,0,3,BRUAT (RUE),48.07494,7.35084,18,2,2
202100009361,184Â 973,A01,1,1,1,0,8,-1,-1,0,0,-1,2021,26.0,2,1,0,0,0,0,1,,2,4,0,,2,2,0,1,10,500,1,, -1,2,0,3,70,5,11,2021,19:50,5,987,98748,1,1,1,6,Vairao PK 10.500,-17.80782,-149.29184,19,1,1
202100019433,166Â 902,B01,1,1,1,2,2,6,-1,0,0,-1,2021,18.0,1,1,0,2,8,1,1,,3,54,0,D,2,2,0,1,10,884,1,, -1,1,0,1,80,13,9,2021,08:30,1,63,63200,1,2,1,3,D54,45.841983,3.214654,8,2,2
202100033086,142Â 604,A01,1,1,1,1,2,0,-1,0,0,-1,2021,43.0,1,1,0,0,0,16,3,,4,BOULEVARD DE SEBASTOPOL,0,,2,5,0,1,(1),(1),1,, -1,1,0,1,50,21,6,2021,17:35,1,75,75103,2,2,0,7,BOULEVARD DE SEBASTOPOL,48.863402,2.350951,17,1,1
202100041609,127Â 229,A01,10,3,1,5,0,-1,-1,1,2,1,2021,22.0,2,2,0,1,1,21,1,,1,2,-1,E,3,4,0,1,13,300,1,, -1,1,0,1,90,16,4,2021,20:17,3,988,98821,1,1,0,6,VE2,-22.153684,166.374046,20,4,1
202100051076,110Â 377,A01,1,1,1,0,2,8,-1,0,0,-1,2021,37.0,2,1,0,2,7,17,1,,7,DE GAULLE GENERAL AVENUE,0,,2,2,0,1,(1),(1),1,, -1,1,0,1,50,18,2,2021,09:50,1,6,6123,2,2,0,3,DE GAULLE GENERAL AVENUE,43.66591,7.19308,9,2,2
202100051410,109Â 793,A01,10,3,2,1,0,-1,-1,3,3,1,2021,23.0,1,1,0,1,1,1,5,,7,LYONS. ROUTE DE (BRETELLE C),0,,2,2,0,1,0,180,1,, -1,1,-1,1,50,11,2,2021,09:30,1,76,76540,2,1,0,7,LYONS. ROUTE DE (BRETELLE C),49.43799,1.11021,9,2,1
202100037473,134Â 686,B01,1,1,2,5,1,-1,-1,0,0,-1,2021,36.0,2,2,0,2,3,1,1,,3,7,-1,,2,2,0,2,26,380,2,, -1,1,0,1,50,29,5,2021,16:52,3,972,97206,2,1,0,1,DN7,14.481774,-61.01841,16,2,2
202100016547,172Â 052,A01,10,3,1,1,0,-1,-1,9,A,1,2021,34.0,1,2,0,1,7,1,1,,3,PERE MAZURIE (R DU),0,,1,1,0,1,1,0,1,, -1,1,0,1,50,9,9,2021,18:55,1,94,94021,2,1,0,6,Rue du PÃ¨re MazuriÃ©,48.77135,2.35576,18,2,1
202100053268,106Â 518,A01,1,1,1,2,2,0,-1,-1, -1,-1,2021,16.0,1,1,0,2,1,1,1,,4,LENINE RUE,0,,2,1,0,1,1,0,1,, -1,2,0,1,50,29,1,2021,19:40,5,93,93006,2,3,1,3,LENINE RUE,48.8688916169,2.4247543692,19,3,2
202100051376,109Â 846,A01,1,1,1,0,2,0,-1,-1, -1,-1,2021,38.0,2,1,0,0,7,9,1,,2,RN12,0,,1,2,0,2,29,0,3,, -1,1,0,1,70,16,2,2021,15:50,1,78,78423,1,1,0,7,RN12,48.796834,2.021855,15,1,1
202100052275,108Â 266,A01,1,1,1,1,2,-1,-1,0,0,-1,2021,36.0,1,1,0,2,1,17,1,,2,1,-1,,2,1,0,1,136,800,1,, -1,2,2,1,80,8,2,2021,06:45,1,973,97303,1,1,1,5,Counamama,5.450378,-53.137286,6,3,3
202100047092,117Â 594,A01,1,1,1,1,2,-1,-1,0,0,-1,2021,17.0,2,1,0,0,0,21,0,,3,,-1,,2,2,0,1,21,100,1,, -1,1,0,1,80,23,3,2021,18:30,1,85,85193,1,1,0,7,Les Ruelles,46.533506,-1.28068,18,1,1
202100006091,190Â 915,B01,1,1,1,5,1,0,-1,0,0,-1,2021,66.0,1,2,4,2,8,1,1,,4,ECHANGEUR ITALIE,0,,1,3,0,1,2,900,1,, -1,1,0,1,70,26,11,2021,19:20,5,75,75113,2,1,0,3,ECHANGEUR ITALIE,48.816783,2.355855,19,2,2
202100008942,185Â 731,A01,1,1,1,0,8,0,-1,-1, -1,-1,2021,29.0,1,0,0,2,1,19,3,,4,MONTARDON DE,0,,-1,2,0,1,0,0,1,, -1,1,0,1,50,7,11,2021,15:40,1,64,64445,2,2,0,3,MONTARDON DE,43.3287014994,-0.3675216436,15,2,2
202100050907,110Â 684,A01,1,1,1,1,2,6,-1,0,0,-1,2021,36.0,1,1,15,0,1,1,1,,3,RD2007,0,,3,2,0,1,44,790,3,, -1,1,0,3,70,19,2,2021,18:30,2,26,26058,1,1,0,6,Boulevard du Passeur,44.942555,4.889208,18,2,2
202100024334,158Â 173,A01,1,1,1,5,2,6,-1,0,0,-1,2021,41.0,2,1,0,2,0,2,1,,3,930,0,,2,2,0,2,7,300,3,, -1,1,0,1,80,13,8,2021,17:00,1,60,60335,1,1,0,5,D930,49.537742,1.871753,17,3,3
202100055859,102Â 034,B01,1,1,1,1,2,0,-1,-1, -1,-1,2021,37.0,2,1,0,2,1,1,1,,3,ANDRE MORIZET (AVENUE) 1/47 - 2/52,0,,2,0,0,1,0,0,1,, -1,1,9,1,50,8,1,2021,16:35,1,92,92012,2,3,0,3,ANDRE MORIZET (AVENUE) 1/47 - 2/52,48.835839834,2.2392448783,16,2,2
202100039989,130Â 114,A01,1,1,1,5,8,-1,-1,0,0,-1,2021,15.0,3,1,0,2,1,0,1,,4,,-1,,2,2,0,1,(1),(1),2,, -1,1,0,1,50,14,5,2021,17:40,1,79,79210,2,1,0,1,7 Rue de la Chapelle,46.863239,-0.659909,17,3,2
202100044350,122Â 396,A01,1,1,1,4,1,-1,-1,-1,0,-1,2021,55.0,1,5,0,2,1,1,1,,1,AUTOROUTE A15,0,,3,9,0,1,15,300,1,, -1,1,0,1,110,12,4,2021,11:00,1,95,95306,1,1,0,2, A15,48.99773,2.17904,11,2,2
202100026922,153Â 593,A01,1,1,2,9,2,6,-1,0,0,-1,2021,19.0,1,1,0,2,8,21,1,,3,,-1,,2,2,0,2,(1),(1),1,,4,2,0,1,50,27,7,2021,09:50,1,22,22070,2,2,1,4,Rue du Marechal Joffre,48.56325,-3.149927,9,3,3
202100017983,169Â 480,B01,1,1,2,0,0,-1,-1,-1, -1,-1,2021,22.0,0,1,0,2,7,19,3,,4,ANDRE PHILIP                        (R ),0,,2,2,3,1,(1),(1),1,, -1,2,5,1,50,19,9,2021,01:00,5,69,69383,2,2,1,3,ANDRE PHILIP (R),45.7528,4.85209,1,3,2
202100011010,182Â 048,B01,1,1,2,1,2,6,-1,0,0,-1,2021,49.0,0,1,0,2,1,1,1,,4,,-1,,2,1,0,1,(1),(1),1,,0,1,0,1,50,4,10,2021,13:45,1,33,33003,2,1,0,3,Lotissement Place du Canton,44.938275,-0.490521,13,2,2
202100001926,198Â 351,B01,1,1,1,0,2,6,-1,0,0,-1,2021,16.0,2,1,0,2,1,1,1,,3,749,0,,2,2,0,1,65,300,1,, -1,9,0,1,50,22,12,2021,18:00,3,37,37051,2,1,0,1,,47.072657,0.317187,18,2,2
202100041469,127Â 483,A01,1,1,2,0,1,-1,-1,0,0,-1,2021,35.0,3,2,13,0,7,1,1,,4,,0,,2,2,0,2,(1),(1),1,,4,1,0,3,80,4,5,2021,18:00,1,59,59120,1,1,0,7,Rue du Moulin,50.761518,2.610417,18,1,1
202100023466,159Â 679,A01,1,1,2,0,1,0,-1,-1, -1,-1,2021,24.0,-1,2,0,2,4,0,1,,3,DESCARTES (CIMETIERE),0,,2,4,0,1,0,1,1,, -1,1,0,1,50,19,8,2021,22:10,5,93,93007,2,1,0,2,DESCARTES (CIMETIERE),48.95013,2.45735,22,2,2
202100000935,200Â 078,A01,2,2,1,5,1,-1,-1,0,0,-1,2021,37.0,1,2,0,0,0,17,1,,2,1,-1,,2,2,0,4,168,410,1,,7,1,0,1,-1,27,12,2021,07:40,1,973,97303,1,1,0,7,pk 168+410,5.4802807412,-53.2114702463,7,4,1
202100011994,180Â 276,A01,10,3,2,0,0,-1,-1,3,3,1,2021,65.0,2,2,0,1,2,1,1,,4,CUGNOT NICOLAS (BD),0,,3,4,0,1,0,0,1,, -1,1,0,1,70,19,10,2021,17:35,1,72,72181,2,1,0,6,CUGNOT NICOLAS (BD),47.98436,0.22249,17,2,1
202100033331,142Â 183,A01,1,1,1,5,0,-1,-1,0,0,-1,2021,17.0,1,1,17,0,9,1,1,,3,DEPARTEMENTALE 94 (ROUTE),0,,2,2,0,1,2,613,2,, -1,1,0,3,50,13,6,2021,23:00,3,65,65226,1,1,0,6,DEPARTEMENTALE 94 (ROUTE),43.2155498953,0.0230669975,23,1,1
202100021932,162Â 422,A01,10,3,2,0,0,-1,-1,2,3,1,2021,63.0,2,2,0,1,1,26,0,,3,EUZEBY (AVENUE ERNEST),0,,2,1,0,1,0,120,1,, -1,1,0,1,50,28,8,2021,18:20,1,30,30028,2,1,0,6,EUZEBY (AVENUE ERNEST),44.155,4.61497,18,2,1
202100016867,171Â 471,A01,10,3,1,2,0,-1,-1,4,3,1,2021,15.0,1,1,0,1,1,1,1,,4,LOUIS PASTEUR (PONT),0,,3,4,1,3,0,0,1,, -1,1,2,1,50,23,9,2021,08:30,1,67,67482,2,1,1,6,LOUIS PASTEUR (PONT),48.57484,7.73598,8,2,1
202100022408,161Â 590,B01,1,1,1,5,2,6,-1,-1, -1,-1,2021,20.0,3,1,0,2,1,1,1,,4,AVENUE DU COLONEL BROOKE,0,,-1,2,0,2,0,0,1,, -1,1,0,1,50,21,8,2021,20:15,5,83,83118,2,1,0,3,AVENUE DU COLONEL BROOKE,43.44846,6.7793,20,2,2
202100041014,128Â 305,A01,1,1,2,5,0,-1,-1,0,0,-1,2021,43.0,3,1,0,0,0,2,5,,2,1,0,A,1,1,0,1,(1),(1),2,,"3,5",1,0,1,-1,7,5,2021,09:35,1,974,97415,1,6,0,3,Route Nationale (hermitage),-21.061174,55.22354,9,2,2
202100053297,106Â 467,A01,1,1,1,5,2,4,6,0,0,-1,2021,69.0,1,1,0,2,1,0,5,,3,105,0,E,2,2,0,1,2,480,2,, -1,1,0,1,80,28,1,2021,12:45,1,33,33268,1,4,0,1,Chemin de Calbat,45.018912,-0.680176,12,2,2
202100020542,164Â 920,A01,1,1,1,0,8,8,-1,-1, -1,-1,2021,42.0,1,2,0,2,1,13,1,,4,KENNEDY (AVENUE),0,,3,4,0,1,0,0,1,, -1,1,0,1,50,1,9,2021,06:45,2,30,30189,2,1,0,1,KENNEDY (AVENUE),43.82128,4.32374,6,3,2
202100007970,187Â 485,A01,1,1,1,9,8,0,-1,-1, -1,-1,2021,25.0,2,2,8,0,1,21,1,,3,REDOUTE (ROUTE DE LA),0,,2,2,0,2,0,0,1,, -1,2,0,4,30,15,11,2021,00:25,5,972,97209,2,1,1,6,REDOUTE (ROUTE DE LA),14.6307941124,-61.0548046231,0,1,1
202100029277,149Â 431,A01,10,3,2,0,0,-1,-1,3,3,1,2021,70.0,3,2,0,1,2,1,1,,4,PONT DES FONTAINES AVENUE,0,,2,2,0,1,0,0,1,, -1,1,9,1,30,10,7,2021,09:45,1,84,84031,1,1,1,6,PONT DES FONTAINES AVENUE,44.060988,5.053801,9,2,1
202100028618,150Â 560,B01,1,1,1,3,1,0,-1,-1, -1,-1,2021,20.0,2,2,0,2,3,0,1,,3,AV PAUL DELOUVRIER,0,,3,6,0,1,4,639,1,, -1,1,5,1,70,16,7,2021,17:00,1,77,77296,1,3,0,3,AV PAUL DELOUVRIER,48.62091,2.58187,17,2,2
202100053463,106Â 155,A01,1,1,1,9,2,6,-1,0,0,-1,2021,53.0,1,1,0,2,1,16,1,,4,ERGUE ARMEL  ROND POINT D',0,,1,1,0,1,52,700,2,, -1,2,5,1,50,27,1,2021,15:05,1,29,29232,2,1,0,3,D783 - Rond Point Ergue Armel,47.98303,-4.07413,15,2,2
202100011420,181Â 309,A01,2,2,2,5,2,6,-1,0,0,-1,2021,32.0,2,1,1,0,1,21,1,,4,RUE LEGENDRE,0,,1,1,1,1,(1),(1),1,, -1,2,0,1,30,22,10,2021,22:45,5,75,75117,2,2,0,6,RUE LEGENDRE,48.883817,2.313634,22,2,1
202100046691,118Â 316,A01,10,3,2,5,0,-1,-1,1,1,2,2021,74.0,3,2,0,1,4,20,1,,4,,-1,,2,2,0,2,(1),(1),1,, -1,1,0,1,50,26,3,2021,09:35,1,48,48155,2,1,0,6,Route du Serre de la can - Face au commerce Petit Chariot,44.219116,3.808844,9,2,1
202100009436,184Â 832,B01,1,1,1,5,2,0,-1,-1, -1,-1,2021,44.0,3,1,0,2,1,1,5,,4,VERN (DE),0,,2,4,1,1,(1),(1),1,, -1,2,0,1,50,4,11,2021,17:40,5,35,35238,2,3,0,3,VERN (DE),48.09782,-1.65523,17,2,2
202100024366,158Â 126,A01,10,3,2,3,0,-1,-1,1,3,1,2021,72.0,0,2,0,1,3,15,2,,6,,-1,,-1,-1,0,1,(1),(1),1,,4,1,0,1,50,13,8,2021,09:00,1,61,61414,1,1,0,6,Route d Alencon,48.5272,0.533132,9,2,1
202100023625,159Â 393,A01,1,1,2,4,1,-1,-1,0,0,-1,2021,42.0,2,2,0,2,3,15,1,,3,200,-1,,2,2,0,1,0,170,1,, -1,1,0,8,50,19,8,2021,07:55,1,71,71231,2,3,0,1,Rue des ChÃ¢nuets,46.543585,4.454371,7,2,2
202100032560,143Â 569,A01,2,2,1,5,1,-1,-1,0,0,-1,2021,19.0,1,2,8,0,2,1,1,,3,930,-1,,2,2,0,3,7,100,1,, -1,1,2,4,50,24,6,2021,01:30,5,80,80561,2,1,0,6,Rue Maurice Leconte,49.644256,2.562872,1,4,1
202100024703,157Â 487,A01,10,3,1,0,-1,-1,-1,4,3,1,2021,65.0,3,2,0,1,1,16,-1,,4,,-1,,2,-1,-1,1,(1),(1),1,, -1,1,5,1,50,29,1,2021,17:35,5,78,78158,2,6,0,6,,48.829051,2.117521,17,2,1
202100044782,121Â 666,B01,1,1,1,0,2,4,-1,-1, -1,-1,2021,41.0,1,1,0,2,1,2,1,,1,86,0,,3,6,0,1,11,899,2,, -1,1,0,8,90,8,4,2021,12:35,1,92,92078,1,1,0,3,AUTOROUTE A86,48.9278120726,2.3321565986,12,2,2
202100035717,137Â 869,B01,1,1,2,1,2,-1,-1,-1, -1,-1,2021,56.0,1,1,1,0,7,1,5,,4,SAINT-CAST (QUAI),0,,1,1,2,2,(1),(1),1,, -1,1,0,5,50,8,6,2021,08:20,1,35,35238,2,1,0,3,SAINT-CAST (QUAI),48.11088,-1.68588,8,2,2