Num_Acc,id_vehicule,num_veh,place,catu,sexe,trajet,secu1,secu2,secu3,locp,actp,etatp,year_acc,victim_age,senc,catv,obs,obsm,choc,manv,motor,occutc,catr,voie,v1,v2,circ,nbv,vosp,prof,pr,pr1,plan,lartpc,larrout,surf,infra,situ,vma,jour,mois,an,hrmn,lum,dep,com,agg_,int,atm,col,adr,lat,long,hour,nb_victim,nb_vehicules
202100003746,195Â 057,A01,10,3,2,1,0,-1,-1,4,3,1,2021,57.0,-1,2,0,1,1,15,1,,4,DUNKERQUE (DE),0,,-1,1,0,1,0,0,1,, -1,1,0,1,30,10,12,2021,18:37,5,93,93031,2,3,0,6,DUNKERQUE (DE),48.9582949152,2.2970593977,18,2,1
202100015837,173Â 365,B01,1,1,1,1,2,6,-1,0,0,-1,2021,44.0,1,1,0,2,1,21,1,,7,107,2,E,2,2,0,1,(1),(1),1,, -1,2,0,1,80,1,10,2021,20:05,3,33,33449,1,1,1,2,Route du Temple,44.852461,-0.849895,20,2,2
202100013915,176Â 830,A01,10,3,1,2,0,-1,-1,2,3,1,2021,10.0,0,2,0,1,2,19,1,,4,RUE,0,,2,2,0,1,(1),(1),1,, -1,1,0,1,50,11,10,2021,17:40,1,38,38157,2,1,0,3,Rue de l Europe,45.516869,4.958777,17,2,1
202100010249,183Â 387,A01,1,1,2,1,1,0,-1,-1, -1,-1,2021,29.0,2,5,0,0,8,1,1,,1,86,0,,1,2,0,1,6,699,1,, -1,2,0,2,90,30,10,2021,08:00,5,92,92036,1,1,1,7,A86,48.9346445248,2.2690583247,8,1,1
202100004364,193Â 956,B01,1,1,2,0,1,0,-1,-1, -1,-1,2021,28.0,1,2,0,2,3,0,1,,1,A507 sens Aubagne- Marseille,0,,1,3,0,1,3,950,1,, -1,1,0,1,70,7,12,2021,18:00,1,13,13055,1,1,0,3,A507 sens Aubagne- Marseille,43.329902,5.4054,18,2,2
202100030987,146Â 343,B01,1,1,1,5,1,0,-1,-1, -1,-1,2021,45.0,0,2,0,2,1,1,1,,3,BD LA MERIDIENNE,0,,2,6,0,1,4,697,1,, -1,1,0,1,50,1,7,2021,20:40,1,77,77449,2,9,0,3,BD LA MERIDIENNE,48.85374,2.77352,20,3,2
202100050659,111Â 133,A01,5,2,1,0,8,0,-1,-1, -1,-1,2021,16.0,0,2,8,0,1,1,1,,4,CHAUSSE DE L ETANG (R DE LA),0,,2,2,0,1,1,0,1,, -1,1,0,1,50,21,2,2021,17:45,1,94,94056,2,1,0,6,CHAUSSE DE L ETANG (R DE LA),48.69239,2.553084,17,4,1
202100020991,164Â 144,A01,1,1,1,5,2,0,-1,-1, -1,-1,2021,23.0,0,1,0,2,7,1,1,,3,GENERAL DE GAULLE (AV DU),0,,2,2,0,1,(1),(1),1,, -1,1,0,1,50,3,9,2021,16:15,1,94,94067,2,1,0,3,GENERAL DE GAULLE (AV DU),48.8408386162,2.4175787118,16,2,2
202100021441,163Â 318,A01,10,3,1,0,0,-1,-1,3,3,2,2021,23.0,1,1,0,1,1,17,1,,4,,0,,2,2,0,1,(1),(1),1,, -1,1,0,1,50,31,8,2021,15:16,1,63,63113,2,1,0,6,MONTLOSIER (RUE),45.7813402077,3.0900737643,15,2,1
202100010164,183Â 533,A01,1,1,1,1,2,6,-1,0,0,-1,2021,60.0,2,1,0,2,1,3,1,,4,PORTE D AUBERVILLIERS,0,,3,4,0,1,24,500,1,, -1,1,0,1,70,29,10,2021,08:34,1,75,75119,2,1,0,2,PORTE D AUBERVILLIERS,48.900327,2.379367,8,2,2
202100016984,171Â 261,A01,10,3,1,2,0,-1,-1,3,3,1,2021,17.0,2,5,0,1,8,9,1,,3,SAINT JEROME (AVENUE DE),0,,2,1,0,1,(1),(1),1,, -1,1,0,1,50,24,9,2021,07:20,2,13,13213,2,6,0,6,SAINT JEROME (AVENUE DE),43.328,5.4188,7,2,1
202100023135,160Â 262,A01,1,1,1,9,2,0,-1,0,0,-1,2021,27.0,2,1,0,2,3,1,1,,4,BOULEVARD HAUSSMANN,0,,2,6,0,1,(1),(1),1,, -1,1,0,1,50,21,8,2021,07:20,1,75,75108,2,5,0,3,BOULEVARD HAUSSMANN,48.875301,2.315796,7,2,2
202100049493,113Â 286,B01,1,1,2,0,8,0,-1,-1, -1,-1,2021,21.0,1,1,0,2,1,1,3,,3,RD 500,0,,1,2,0,1,4,303,2,, -1,1,2,1,50,1,3,2021,18:30,1,59,59569,1,6,0,3,RD 500,50.3832863613,3.1320642786,18,2,2
202100035082,138Â 988,A01,10,3,2,2,0,-1,-1,4,3,1,2021,10.0,1,1,0,1,1,1,1,,3,MAXIME GORKI (BOULEVARD) DES NÂ°1 AU 87,0,,3,2,0,1,0,1,1,, -1,1,6,1,50,10,6,2021,16:55,1,93,93072,2,1,1,6,MAXIME GORKI (BOULEVARD) DES NÂ°1 AU 87,48.95507,2.38332,16,2,1
202100029104,149Â 727,A01,10,3,1,0,0,-1,-1,8,5,1,2021,10.0,1,2,0,1,0,26,1,,4,LOUIS LOUCHEUR (RUE),0,,2,1,0,1,0,0,1,, -1,1,9,8,30,11,7,2021,11:40,1,67,67482,2,1,0,6,LOUIS LOUCHEUR (RUE),48.54994,7.75608,11,2,1
202100037362,134Â 885,A01,1,1,2,1,1,-1,-1,0,0,-1,2021,49.0,1,2,0,2,6,9,1,,1,A64,-1,,3,4,0,1,85,800,1,, -1,1,8,1,90,1,6,2021,09:15,1,64,64290,1,4,0,2,A64 PK 85+800,43.395147,-0.54657,9,2,2
202100042876,125Â 027,B01,1,1,1,0,2,0,-1,-1, -1,-1,2021,59.0,3,1,0,2,7,1,1,,4,GRANDS MORTIERS (RUE DES),0,,2,2,0,1,(1),(1),1,, -1,1,0,1,50,22,4,2021,14:11,1,37,37233,2,2,0,6,GRANDS MORTIERS (RUE DES),47.3822766904,0.730595112,14,2,2
202100042196,126Â 197,B01,1,1,2,9,1,0,-1,-1, -1,-1,2021,36.0,1,2,0,2,1,1,1,,4,GUITON   AVENUE JEAN (167-341),0,,2,2,0,1,(1),(1),1,, -1,1,0,1,30,28,4,2021,15:04,1,17,17300,2,3,0,3,GUITON   AVENUE JEAN (167-341),46.16089,-1.1877,15,2,2
202100001994,198Â 233,A01,10,3,1,0,0,-1,-1,3,5,2,2021,6.0,1,5,0,1,3,1,1,,4,EUROPE (DE L')                      (AV),0,,2,2,0,1,(1),(1),1,, -1,1,0,1,50,20,12,2021,07:30,1,69,69286,2,1,0,6,EUROPE (DE L') (AV),45.81233,4.8904,7,2,1
202100009557,184Â 623,A01,1,1,2,0,8,0,-1,-1, -1,-1,2021,26.0,2,2,4,0,1,1,1,,1,AUTOROUTE A103,0,,1,2,0,2,0,699,3,, -1,2,0,1,50,4,11,2021,18:30,3,93,93064,1,1,1,6,AUTOROUTE A103,48.8867225004,2.4774731528,18,1,1
202100007665,188Â 050,A01,2,2,1,9,3,0,-1,0,0,-1,2021,4.0,2,1,0,2,1,5,5,,4,RUE OBERKAMPF,0,,1,1,0,1,(1),(1),1,, -1,1,0,1,30,17,11,2021,14:00,1,75,75111,2,1,0,1,RUE OBERKAMPF,48.863093,2.368495,14,3,2
202100001822,198Â 542,A01,1,1,1,1,2,6,-1,-1, -1,-1,2021,46.0,1,1,6,0,8,1,1,,1,ROUTE NATIONALE 230,0,,1,2,0,2,0,389,2,, -1,7,3,1,50,22,12,2021,06:15,5,33,33249,1,1,1,6,ROCADE A630,44.88492,-0.51232,6,1,1
202100018613,168Â 365,A01,1,1,1,9,2,0,-1,0,0,-1,2021,32.0,2,1,0,2,1,2,1,,4,AVENUE DES CHAMPS ELYSEES,0,,2,8,0,1,(1),(1),1,, -1,2,0,1,50,15,9,2021,13:20,1,75,75108,2,3,0,2,AVENUE DES CHAMPS ELYSEES,48.8700739768,2.3066789827,13,2,2
202100013923,176Â 815,B01,1,1,2,4,1,-1,-1,0,0,-1,2021,51.0,1,2,0,2,4,15,0,,2,86,-1,,2,2,0,1,6,500,1,, -1,1,0,1,80,11,10,2021,08:07,1,30,30226,1,1,0,5,RN 86,44.235822,4.637454,8,3,3
202100023703,159Â 248,B01,1,1,1,4,2,8,-1,-1, -1,-1,2021,22.0,2,1,0,2,0,2,3,,4,,0,,2,2,3,1,(1),(1),2,, -1,1,5,6,30,12,8,2021,20:20,1,56,56098,2,6,0,3,Avenue FranÃ§ois Billoux,47.76173,-3.34686,20,2,2
202100008546,186Â 461,B01,1,1,1,0,1,-1,-1,0,0,-1,2021,50.0,1,2,0,2,2,5,1,,7,29,0,,2,2,0,1,2,900,1,, -1,1,0,1,70,10,11,2021,17:00,1,37,37172,2,1,0,1,Avenue Gustave Eiffel,47.4395485559,0.6994067878,17,2,2
202100047050,117Â 671,B01,1,1,2,0,8,0,-1,0,0,-1,2021,12.0,1,1,0,2,8,19,3,,4,FALAISE (RUE DE  - 90-142 IMPAIR - 95),0,,2,2,0,1,1,0,1,, -1,1,0,1,50,22,3,2021,08:25,1,14,14118,2,1,0,1,Rue de Falaise,49.16331,-0.3494,8,2,2
202100052686,107Â 555,B01,1,1,1,4,1,0,-1,0,0,-1,2021,25.0,2,2,0,2,4,2,1,,4,BOULEVARD PERIPHERIQUE,0,,1,4,0,1,34,100,1,, -1,2,0,1,70,3,2,2021,09:10,1,75,75112,2,1,0,2,BOULEVARD PERIPHERIQUE,48.830171,2.402188,9,2,2
202100023948,158Â 826,B01,1,1,2,9,1,-1,-1,0,0,-1,2021,58.0,1,2,0,2,1,1,1,,3,75,0,,2,2,0,1,7,700,1,, -1,1,0,1,80,12,8,2021,12:30,1,38,38480,1,1,0,1,route dÃ©partementale 75,45.56151,4.981399,12,3,2
202100024054,158Â 651,A01,1,1,1,5,2,-1,-1,0,0,-1,2021,40.0,2,1,0,5,2,1,5,,3,,-1,,2,2,0,4,50,10,3,,3,1,0,1,80,21,6,2021,19:15,1,29,29018,1,1,0,6,Lieu Dit Kerflaconnier,48.3513701228,-3.8490495667,19,1,1
202100043613,123Â 720,B01,1,1,1,9,2,6,-1,-1, -1,-1,2021,30.0,3,1,0,2,1,2,1,,4,RUE EDOUARD BRANLY,0,,2,2,0,1,0,0,1,, -1,1,0,1,50,17,4,2021,16:15,1,91,91103,2,1,0,3,RUE EDOUARD BRANLY,48.6031,2.30587,16,2,2
202100034674,139Â 747,C01,1,1,1,1,0,-1,-1,0,0,-1,2021,25.0,3,1,0,0,8,19,3,,3,6007,-1,,3,2,2,1,6,232,1,, -1,1,9,8,50,14,6,2021,18:30,1,6,6079,2,1,0,4,D6007,43.55017,6.946418,18,3,3
202100006648,189Â 903,A01,1,1,2,2,8,0,-1,-1, -1,-1,2021,15.0,2,1,0,2,1,19,3,,3,MILLET (AVENUE JEAN-FRANCOIS),0,,3,4,0,1,25,222,1,, -1,2,0,1,50,22,11,2021,08:50,1,50,50129,2,1,1,3,MILLET (AVENUE JEAN-FRANCOIS),49.63344,-1.61706,8,2,2
202100006009,191Â 055,A01,10,3,1,0,0,-1,-1,2,3,1,2021,31.0,3,2,0,1,1,2,1,,4,ARCOS.(RUE RENE),0,,1,2,0,2,1,0,1,, -1,2,0,1,50,27,11,2021,10:40,1,94,94028,2,1,1,6,Rue RenÃ© Arcos,48.77798,2.46661,10,2,1
202100028442,150Â 874,A01,1,1,2,0,1,0,-1,-1, -1,-1,2021,21.0,2,2,3,0,1,9,1,,1,AUTOROUTE A3,0,,3,10,0,4,6,300,3,, -1,1,2,1,70,17,7,2021,12:30,1,93,93010,1,1,0,6,AUTOROUTE A3,48.89203,2.4732,12,1,1
202100040631,128Â 986,B01,2,2,1,4,1,0,-1,-1, -1,-1,2021,54.0,2,5,0,2,2,15,1,,3,BD DE STALINGRAD,0,,2,2,0,1,0,0,1,, -1,1,0,1,50,9,5,2021,20:10,2,94,94017,2,1,0,3,Boulevard de Stalingrad,48.82224,2.49793,20,3,2
202100034279,140Â 466,A01,10,3,1,0,0,-1,-1,2,3,1,2021,45.0,0,2,0,1,2,1,1,,4,PRESIDENT SADATE RUE DU,0,,2,2,0,1,(1),(1),2,, -1,1,0,1,50,15,6,2021,16:00,1,29,29232,2,1,0,6,Rue President Sadate,47.97874,-4.102243,16,2,1
202100045701,120Â 052,A01,1,1,1,1,1,-1,-1,0,0,-1,2021,25.0,2,2,16,0,9,1,1,,3,519,0,,2,2,0,1,4,900,1,, -1,1,0,8,70,1,4,2021,00:30,5,38,38003,1,1,0,6,Route des Falques,45.32606,4.86575,0,1,1
202100033441,141Â 997,A01,1,1,1,5,1,0,-1,-1, -1,-1,2021,22.0,1,2,0,2,7,1,1,,4,,0,,1,1,0,1,0,0,1,, -1,1,0,1,50,18,6,2021,18:30,1,92,92025,2,2,0,3,COLBERT  115 A 131   104 A 124 (RUE),48.915125,2.233231,18,2,2
202100030579,147Â 095,A01,10,3,2,1,0,-1,-1,3,3,1,2021,20.0,2,2,0,1,2,15,2,,4,LOTI PIERRE,0,,1,3,0,1,(1),(1),1,, -1,1,5,1,50,5,7,2021,16:47,1,17,17306,2,2,0,6,LOTI PIERRE,45.624551,-1.029605,16,3,1
202100049532,113Â 221,B01,1,1,1,4,2,6,-1,0,0,-1,2021,30.0,1,1,0,2,6,1,1,,4,RUE DU MARCHE SAINT HONORE,0,,2,1,0,1,(1),(1),1,, -1,1,0,1,50,2,3,2021,21:20,5,75,75101,2,2,0,3,RUE DU MARCHE SAINT HONORE,48.867819,2.332291,21,2,2
202100000107,201Â 560,B01,1,1,1,-1,2,-1,-1,-1, -1,-1,2021,56.0,0,1,0,2,1,1,-1,,4,,-1,,2,-1,0,1,(1),(1),2,, -1,1,0,1,-1,1,11,2021,16:24,2,84,84080,2,4,0,1,chemin saint gens,44.0350580851,5.0246668082,16,2,2
202100049054,114Â 073,A01,2,2,1,2,2,0,-1,-1, -1,-1,2021,18.0,1,1,0,0,0,26,0,,3,RD 41 (ROCADE),0,,3,4,0,1,1,200,2,, -1,1,0,1,60,4,3,2021,10:25,1,972,97209,1,1,0,6,RD 41 (ROCADE),14.61679,-61.06019,10,2,1
202100041112,128Â 125,A01,1,1,1,9,2,6,-1,-1, -1,-1,2021,28.0,2,1,1,2,1,7,1,,7,MINIMES (AV DES) DU 1AU 178,0,,1,2,3,1,0,500,1,, -1,1,9,1,50,6,5,2021,15:50,1,31,31555,2,1,0,3,MINIMES (AV DES) DU 1AU 178,43.625928,1.43394,15,2,2
202100001304,199Â 434,B01,1,1,2,1,1,-1,-1,0,0,-1,2021,50.0,1,2,1,2,1,1,1,,1,28,0,,1,4,0,4,93,900,1,, -1,2,9,8,110,27,12,2021,06:00,3,76,76517,1,9,1,4,a.28 PK .94.000,49.505036,1.17794,6,4,4
202100015281,174Â 400,A01,2,2,1,3,1,-1,-1,0,0,-1,2021,52.0,1,2,0,2,3,5,1,,2,102,0,,2,2,0,2,94,100,3,, -1,2,0,1,80,5,10,2021,08:45,1,7,7142,1,1,0,1,Route Nationale 102,44.761575,3.921223,8,3,2
202100033294,142Â 253,A01,1,1,1,5,2,6,-1,-1, -1,-1,2021,30.0,2,1,0,2,1,1,1,,1,A4.W,0,,3,6,0,1,16,399,1,, -1,1,0,1,110,20,6,2021,11:50,1,77,77083,1,1,0,2,A4.W,48.8336,2.5925,11,2,2
202100020683,164Â 660,A01,1,1,2,5,0,-1,-1,-1, -1,-1,2021,73.0,3,1,0,2,0,1,0,,4,PRAIRIES (CHEMIN DES),0,,2,1,1,1,1,0,1,, -1,1,0,5,30,5,9,2021,11:55,1,76,76026,1,9,0,3,PRAIRIES (CHEMIN DES),49.8765344824,1.1383992434,11,2,2
202100047187,117Â 420,A01,10,3,2,5,0,-1,-1,4,3,1,2021,72.0,2,5,0,1,1,15,1,,4,2,-1,,2,3,1,1,(1),(1),1,, -1,1,5,8,50,22,3,2021,16:30,1,33,33056,2,2,0,6,Boulevard Montesquieu,44.907502,-0.639439,16,2,1
202100009817,184Â 147,A01,10,3,2,5,0,-1,-1,2,3,2,2021,19.0,2,2,0,1,2,1,1,,3,ARISTIDE BRIAND (AVENUE COTE PAIRS),0,,2,2,0,1,0,1,1,, -1,1,0,1,50,2,11,2021,21:40,5,93,93007,2,1,0,6,ARISTIDE BRIAND (AVENUE COTE PAIRS),48.9432,2.4426,21,2,1
202100041732,127Â 017,B01,1,1,1,5,0,-1,-1,0,0,-1,2021,41.0,2,1,0,2,8,1,5,,3,983,-1,,2,2,0,1,10,800,1,, -1,1,0,1,50,2,5,2021,10:45,1,95,95355,2,6,0,3,RD 983,49.1469234618,1.7879419768,10,2,2
202100049686,112Â 927,A01,10,3,1,0,0,-1,-1,2,3,1,2021,32.0,1,2,0,1,1,1,0,,6,VICTOR HUGO (AVE)  => NÂ° 129,0,,-1,0,0,1,0,1,1,, -1,1,0,1,50,1,3,2021,06:20,5,93,93001,2,1,0,6,VICTOR HUGO (AVE)  => NÂ° 129,48.9092658599,2.3783227513,6,2,1
202100042426,125Â 785,B01,1,1,1,1,8,8,-1,-1, -1,-1,2021,32.0,1,1,0,2,0,26,5,,2,JAURES (BOULEVARD JEAN),0,,3,4,2,1,(1),(1),3,, -1,1,0,5,70,26,4,2021,06:00,3,974,97411,2,6,0,3,Boulevard Jean JaurÃ¨s,-20.90106,55.4965,6,2,2
202100036616,136Â 257,A01,1,1,2,1,2,0,-1,-1, -1,-1,2021,55.0,1,1,0,0,8,1,2,,4,NATIONALE (RUE),0,,2,0,3,1,(1),(1),1,, -1,2,0,1,20,2,6,2021,08:45,1,37,37261,2,2,1,6,NATIONALE (RUE),47.3929303241,0.6876774878,8,1,1
202100004150,194Â 326,A01,9,2,2,5,1,-1,-1,0,0,-1,2021,59.0,1,2,0,2,1,5,1,,3,980,0,D,2,2,0,1,22,980,3,, -1,2,0,1,90,7,12,2021,17:00,3,51,51479,1,1,1,4,D980,49.202324,3.869172,17,7,3
202100032570,143Â 552,B01,1,1,2,5,2,-1,-1,0,0,-1,2021,53.0,3,1,0,2,1,26,5,,3,92,0,D,2,2,0,1,0,415,1,, -1,1,0,1,50,22,6,2021,07:35,1,6,6079,2,6,0,3,Avenue de la Mer,43.534525,6.945524,7,2,2
202100035815,137Â 688,A01,1,1,1,5,1,-1,-1,0,0,-1,2021,32.0,1,2,8,0,1,1,1,,3,538,0,,2,2,0,1,71,148,3,, -1,1,0,1,80,6,6,2021,21:30,2,26,26108,1,1,0,6,Route de Montelimar,44.713897,5.007834,21,1,1
202100021574,163Â 072,A01,10,3,2,3,0,-1,-1,1,9,1,2021,82.0,3,2,1,0,2,20,1,,6,BENODET ROUTE DE,0,,-1,-1,0,1,(1),(1),1,, -1,1,9,1,30,31,8,2021,11:05,1,29,29232,1,9,0,6,Route de Benodet,47.97477,-4.0935,11,2,1
202100012597,179Â 198,B01,1,1,2,1,1,-1,-1,-1, -1,-1,2021,57.0,2,2,0,2,6,2,1,,1,ROCADE A 630,0,,3,6,0,1,1,299,3,, -1,1,0,1,90,18,10,2021,16:00,1,33,33249,1,1,0,3,ROCADE A 630,44.88389,-0.519216,16,2,2
202100018290,168Â 931,B01,1,1,1,0,8,0,-1,-1, -1,-1,2021,21.0,1,1,0,2,8,21,5,,4,DODU 1 (RUE JULIETTE),0,,1,1,0,1,0,0,1,, -1,1,0,1,50,17,9,2021,06:00,2,974,97411,2,2,0,3,DODU 1 (RUE JULIETTE),-20.8732,55.44985,6,2,2
202100043631,123Â 687,A01,1,1,1,2,1,0,-1,-1, -1,-1,2021,25.0,1,2,0,2,1,2,1,,4,DOUMER (BOULEVARD PAUL),0,,2,2,0,1,(1),(1),1,, -1,1,0,1,50,16,4,2021,11:30,1,37,37208,2,1,0,2,DOUMER (BOULEVARD PAUL),47.3687571128,0.7291746145,11,2,2
202100042868,125Â 040,B01,1,1,1,5,2,0,-1,0,0,-1,2021,67.0,1,1,0,2,4,1,1,,4,SAPINIERE (RUE DE LA),0,,2,3,0,1,(1),(1),1,, -1,1,0,1,50,23,4,2021,12:55,1,54,54304,2,2,0,3,SAPINIERE (RUE DE LA),48.6932930765,6.1280972511,12,2,2
202100027105,153Â 262,A01,1,1,1,5,1,-1,-1,0,0,-1,2021,70.0,3,2,0,2,1,1,1,,3,37,0,,2,2,0,1,5,595,1,, -1,2,5,3,80,26,7,2021,09:21,1,77,77162,1,9,1,3,Croisement C17/D37,48.85971,3.155458,9,2,2
202100052299,108Â 228,A01,10,3,2,1,0,-1,-1,9,1,1,2021,43.0,3,5,0,1,4,26,1,,4,MARIE CURIE (SQUARE),0,,-1,0,3,1,0,1,1,, -1,1,6,8,30,6,2,2021,08:15,2,77,77285,2,1,0,6,MARIE CURIE (SQUARE),48.54198,2.62687,8,2,1
202100031472,145Â 494,A01,1,1,1,5,2,6,-1,0,0,-1,2021,79.0,3,1,3,0,5,1,1,,3,71,0,,2,2,0,2,(1),(1),4,, -1,1,0,1,80,2,7,2021,19:36,1,38,38457,1,1,0,6,D71,45.297592,5.266914,19,1,1
202100048169,115Â 646,B01,1,1,1,1,2,0,-1,-1, -1,-1,2021,35.0,1,1,0,2,3,1,0,,4,J. GUESDE(RUE) 1A23 ET2A28,0,,2,2,0,1,0,0,1,, -1,2,0,1,50,13,3,2021,16:05,1,92,92044,2,3,1,3,J. GUESDE(RUE) 1A23 ET2A28,48.8915538541,2.2941429913,16,2,2
202100049744,112Â 828,B01,1,1,1,4,1,0,-1,-1, -1,-1,2021,47.0,1,2,0,2,4,2,2,,3,AV DE LA DIVISION LECLERC,0,,3,4,0,1,0,0,1,, -1,1,0,1,50,27,2,2021,19:05,5,91,91665,2,1,0,5,AV DE LA DIVISION LECLERC,48.656518,2.27465,19,4,4
202100003384,195Â 710,A01,1,1,1,1,8,0,-1,-1, -1,-1,2021,19.0,-1,1,0,2,0,26,5,,3,LANDIERS (AVENUE DES),0,,2,2,2,1,0,650,4,, -1,1,-1,1,50,28,8,2021,18:40,1,73,73065,1,1,0,3,D10 Avenue des Landiers,45.588194,5.906048,18,2,2
202100039545,130Â 905,B01,1,1,1,1,1,0,-1,-1, -1,-1,2021,19.0,1,2,0,2,0,0,1,,1,A86 EXT,0,,-1,3,0,1,45,100,2,, -1,1,1,1,90,18,5,2021,16:00,1,94,94073,1,1,0,4,A86 EXT,48.760995,2.382242,16,3,3
202100035010,139Â 119,A01,1,1,1,5,2,8,-1,-1, -1,-1,2021,46.0,2,1,0,0,8,0,1,,4,SAINT LAZARE ( AVENUE),0,,2,2,0,1,(1),(1),1,, -1,1,0,1,50,9,6,2021,08:00,1,37,37261,2,1,0,7,SAINT LAZARE ( AVENUE),47.3756096062,0.6919509172,8,1,1
202100052476,107Â 917,A01,10,3,2,3,0,-1,-1,2,3,1,2021,31.0,2,5,0,1,7,1,1,,4,VERNES (RUE JULES),0,,1,1,0,1,0,0,1,, -1,1,0,1,30,5,2,2021,16:00,1,92,92062,2,1,0,6,VERNES (RUE JULES),48.8887385864,2.232863903,16,2,1
202100047459,116Â 932,C01,1,1,1,5,1,-1,-1,-1, -1,-1,2021,30.0,1,2,0,2,4,1,1,,1,ROCADE A 630,0,,3,6,0,2,4,300,1,, -1,1,2,1,70,19,3,2021,11:00,1,33,33063,1,1,0,4,Rocade Nord A630,44.88306,-0.553244,11,3,3
202100053079,106Â 847,A01,10,3,2,9,0,-1,-1,4,3,2,2021,2.0,1,2,0,1,7,16,1,,4,RUE MIRABEAU,0,,2,2,0,1,(1),(1),1,, -1,1,0,1,50,29,1,2021,12:37,1,75,75116,2,2,0,6,RUE MIRABEAU,48.846484,2.27063,12,2,1
202100003710,195Â 119,B01,1,1,1,0,2,8,-1,0,0,-1,2021,55.0,1,1,0,2,4,23,0,,4,AGRICULTEURS ALLEE DES,0,,2,2,0,1,(1),(1),1,, -1,1,0,1,50,9,12,2021,09:30,1,6,6123,2,1,0,2,AGRICULTEURS ALLEE DES,43.702972,7.181489,9,2,2
202100024372,158Â 118,B01,2,2,2,5,2,-1,-1,0,0,-1,2021,50.0,2,1,0,2,1,1,1,,2,5,-1,,2,2,0,2,109,650,1,, -1,1,0,1,80,12,8,2021,11:50,1,39,39470,1,3,0,1,,46.484971,6.054159,11,3,2
202100017859,169Â 696,A01,10,3,1,1,8,8,-1,3,3,1,2021,42.0,1,2,0,1,3,1,1,,4,CARNOT   AVENUE,0,,2,2,1,1,(1),(1),1,, -1,1,0,8,50,20,9,2021,16:00,1,17,17300,2,1,0,6,CARNOT   AVENUE,46.16528,-1.18584,16,2,1
202100041334,127Â 724,A01,1,1,1,1,2,6,-1,-1, -1,-1,2021,33.0,3,1,1,2,8,1,0,,3,985,0,,2,2,0,1,0,0,2,, -1,1,0,1,50,4,5,2021,17:28,1,92,92064,2,1,0,3,REPUBLIQUE,48.857648121,2.2108536959,17,2,2
202100017459,170Â 418,B01,4,2,1,0,1,0,-1,-1, -1,-1,2021,44.0,1,2,0,2,8,1,1,,4,AEROPORT INTERNATIONAL (BOULEVARD DE L'),0,,1,3,3,1,(1),(1),1,, -1,1,0,6,30,21,9,2021,19:14,1,34,34172,2,2,0,3,AEROPORT INTERNATIONAL (BOULEVARD DE L'),43.6088,3.89424,19,4,2
202100032162,144Â 265,A01,1,1,1,0,0,-1,-1,0,0,-1,2021,20.0,1,1,0,0,0,2,1,,4,,0,,2,2,0,1,(1),(1),1,,4,1,0,1,50,26,6,2021,15:30,1,68,68300,2,1,0,7,3 Rue FranÃ§ois Riedweg,47.774352,7.363924,15,1,1
202100033216,142Â 389,B01,1,1,1,5,8,0,-1,0,0,-1,2021,49.0,1,1,0,2,7,1,5,,4,RUE DU RANELAGH,0,,1,1,0,1,(1),(1),1,, -1,1,0,1,50,20,6,2021,12:00,1,75,75116,2,1,0,3,RUE DU RANELAGH,48.854638,2.273826,12,2,2
202100030190,147Â 804,A01,1,1,1,9,2,-1,-1,-1, -1,-1,2021,28.0,3,1,0,2,1,17,1,,4,AVE JEANNE D'ARC,0,,2,2,0,1,(1),(1),2,, -1,1,0,1,50,11,6,2021,00:00,3,33,33039,2,1,0,1,Avenue Jeanne dâArc,44.79491,-0.54169,0,2,2
202100000547,200Â 727,A01,10,3,2,1,0,-1,-1,1,3,1,2021,21.0,0,2,0,1,1,1,1,,4,,-1,,2,2,0,1,(1),(1),1,,5,1,0,1,-1,30,12,2021,08:10,2,44,44041,1,1,0,6,Rue de l Enclose,47.100326,-1.60049,8,2,1
202100029552,148Â 968,A01,2,2,2,5,1,0,-1,-1, -1,-1,2021,58.0,2,2,0,2,1,2,1,,1,AUTOROUTE A6A,0,,3,12,0,1,3,400,1,, -1,1,0,1,90,10,7,2021,21:15,1,94,94038,1,1,0,2,AUTOROUTE A6A,48.7826,2.3464,21,3,2
202100007527,188Â 296,B01,1,1,1,5,0,-1,-1,0,0,-1,2021,15.0,2,1,0,2,3,16,5,,3,84,-1,,2,2,0,1,(1),(1),1,,4,1,0,1,50,19,11,2021,13:15,1,14,14488,2,3,0,3,D84,49.280159,-0.251758,13,2,2
202100007090,189Â 089,A01,1,1,1,5,1,-1,-1,0,0,-1,2021,23.0,3,2,8,0,3,1,1,,3,1091,-1,,2,2,0,1,27,300,2,,4,1,0,1,70,21,11,2021,06:00,2,38,38052,2,3,0,6,Route Departementale 1091 - les Sables,45.09038,6.011667,6,1,1
202100048155,115Â 671,B01,1,1,2,5,8,0,-1,0,0,-1,2021,42.0,1,1,0,2,8,10,5,,4,BOULEVARD DE MAGENTA,0,,1,2,1,1,(1),(1),1,, -1,2,-1,5,50,13,3,2021,14:05,1,75,75110,2,7,1,3,BOULEVARD DE MAGENTA,48.868519,2.363015,14,2,2
202100028039,151Â 595,A01,1,1,1,0,2,6,-1,0,0,-1,2021,41.0,1,1,1,0,7,1,1,,3,16,0,D,2,2,0,1,0,0,1,, -1,1,0,3,70,20,7,2021,09:45,1,74,74067,1,1,0,3,540 Rte des Creuses,45.879733,6.042192,9,2,2