Num_Acc,id_vehicule,num_veh,place,catu,sexe,trajet,secu1,secu2,secu3,locp,actp,etatp,year_acc,victim_age,senc,catv,obs,obsm,choc,manv,motor,occutc,catr,voie,v1,v2,circ,nbv,vosp,prof,pr,pr1,plan,lartpc,larrout,surf,infra,situ,vma,jour,mois,an,hrmn,lum,dep,com,agg_,int,atm,col,adr,lat,long,hour,nb_victim,nb_vehicules
202100009032,185Â 566,B01,1,1,1,1,2,-1,-1,0,0,-1,2021,17.0,2,1,0,2,1,1,1,,3,1075,-1,,2,2,0,1,6,510,1,, -1,2,0,1,50,3,11,2021,18:00,3,38,38247,2,1,1,1,Grande Rue,45.811968,5.403256,18,2,2
202100043698,123Â 576,B01,1,1,2,5,2,-1,-1,0,0,-1,2021,85.0,1,1,0,2,4,2,5,,3,18,0,D,2,2,0,1,16,400,1,, -1,1,0,1,80,14,4,2021,14:40,1,88,88332,1,1,0,2,D18,48.224369,5.926931,14,2,2
202100035636,138Â 018,A01,1,1,1,5,2,6,-1,0,0,-1,2021,66.0,0,1,16,0,0,0,1,,4,,-1,,2,2,0,1,(1),(1),1,,"4,1",1,0,3,80,8,6,2021,18:00,1,79,79115,1,1,0,7,lieu dit la Garenne,46.352793,-0.081046,18,1,1
202100007377,188Â 571,A01,1,1,1,5,1,-1,-1,0,0,-1,2021,26.0,1,2,2,0,1,1,1,,3,619,0,,2,2,0,2,21,100,1,, -1,1,0,3,90,20,11,2021,03:25,3,52,52193,1,1,0,6,route dÃ©partementale 619,48.137193,5.05634,3,1,1
202100023449,159Â 708,A01,1,1,2,1,1,-1,-1,-1, -1,-1,2021,44.0,2,2,0,2,1,2,1,,3,D907,0,,2,2,0,1,15,650,1,, -1,1,0,1,50,19,8,2021,10:10,1,4,4112,1,1,0,2,RD 907,43.81366001,5.80408,10,2,2
202100049105,113Â 982,B01,1,1,1,5,8,0,-1,-1, -1,-1,2021,57.0,2,1,0,2,1,1,5,,4,BEDIAU (RUE DU),0,,2,1,0,1,(1),(1),1,, -1,2,0,1,30,5,3,2021,18:40,1,31,31344,2,3,1,3,BEDIAU (RUE DU),43.09748,0.74807,18,2,2
202100032599,143Â 503,A01,1,1,1,5,0,-1,-1,0,0,-1,2021,42.0,2,1,0,2,8,19,5,,2,2,-1,,2,2,0,2,31,900,1,, -1,2,2,1,50,24,6,2021,18:40,3,987,98722,1,1,1,3,PK 31+900,-17.565361,-149.327459,18,2,2
202100043303,124Â 258,A01,2,2,1,5,1,-1,-1,-1,0,-1,2021,19.0,2,2,14,0,2,17,1,,3,FLANDRES (RUE DE),0,,3,4,0,1,0,600,1,, -1,1,0,1,50,20,4,2021,00:30,5,95,95088,2,1,0,6,Route de Flandres,48.9615440055,2.4497848749,0,3,1
202100007515,188Â 326,A01,1,1,1,1,0,-1,-1,0,0,-1,2021,62.0,2,1,0,2,0,1,5,,2,9,0,N,2,2,0,2,(1),(1),1,, -1,1,0,1,50,16,11,2021,15:30,1,971,97112,2,4,0,3,N9,15.887025,-61.315365,15,2,2
202100044126,122Â 800,A01,1,1,1,5,8,0,-1,-1, -1,-1,2021,18.0,3,1,0,2,1,1,1,,4,FOLLEREAU (AVENUE RAOUL),0,,2,2,0,1,1,0,1,, -1,1,5,1,50,29,3,2021,17:41,1,84,84035,2,1,0,6,FOLLEREAU (AVENUE RAOUL),43.84039,5.04751,17,2,2
202100045210,120Â 921,B01,1,1,1,0,2,6,-1,-1, -1,-1,2021,18.0,1,1,0,2,1,1,1,,7,GRANDE RUE                          (GR),0,,2,2,0,2,2,800,1,, -1,1,0,1,50,3,4,2021,16:44,1,69,69149,2,3,0,1,GRANDE RUE                          (GR),45.71206,4.80271,16,2,2
202100013694,177Â 223,B01,1,1,2,9,8,0,-1,0,0,-1,2021,33.0,1,1,0,2,7,1,5,,4,RUE LA FAYETTE,0,,1,2,1,1,(1),(1),1,, -1,1,0,1,30,12,10,2021,08:30,1,75,75109,2,2,0,3,RUE LA FAYETTE,48.875845,2.343869,8,2,2
202100006790,189Â 647,A01,1,1,1,0,2,6,-1,-1, -1,-1,2021,52.0,2,1,0,0,9,0,1,,1,A55-Sens Martigues vers Marseille,0,,1,3,0,1,35,0,1,, -1,2,0,1,110,22,11,2021,06:45,1,13,13056,1,1,1,7,A55-Sens Martigues vers Marseille,43.394072,5.064186,6,1,1
202100007251,188Â 793,B01,1,1,1,0,8,0,-1,-1, -1,-1,2021,64.0,1,0,0,2,7,19,3,,7,DE GAULLE (AVENUE CHARLES),0,,-1,2,2,1,3,20,1,, -1,1,9,1,50,19,11,2021,15:10,1,45,45235,2,6,0,6,Giratoire des Varennes,47.9484,1.83148,15,2,2
202100016667,171Â 836,B01,2,2,2,0,2,6,-1,-1, -1,-1,2021,44.0,2,1,0,2,1,2,1,,3,D117A,0,,1,1,0,1,0,1,2,, -1,1,9,1,80,24,9,2021,18:15,1,1,1451,1,6,0,3,D117A,46.23327,5.20034,18,3,2
202100017011,171Â 211,A01,1,1,1,9,2,6,-1,0,0,-1,2021,21.0,1,1,0,2,2,3,1,,4,PORTE BRANCION,0,,3,3,0,1,6,800,1,, -1,1,0,1,70,23,9,2021,08:40,1,75,75114,2,1,0,2,BD PERIPHERIQUE INTERIEUR,48.824394,2.306463,8,2,2
202100037633,134Â 391,B01,1,1,2,0,1,0,-1,-1, -1,-1,2021,29.0,1,2,0,2,2,1,1,,4,PASTEUR,0,,2,2,0,1,0,9,1,, -1,1,0,1,50,29,5,2021,19:50,1,93,93066,2,2,0,5,Rue Pasteur / Rue dâAndilly,48.94213,2.377094,19,3,3
202100029290,149Â 408,B01,1,1,1,5,2,6,-1,-1, -1,-1,2021,78.0,3,1,0,2,4,2,1,,3,RAVELIN,0,,1,1,0,1,0,0,1,, -1,1,0,1,50,8,7,2021,08:25,1,58,58194,2,4,0,2,RAVELIN,46.9885,3.1663,8,2,2
202100002603,197Â 128,A01,1,1,2,0,2,6,-1,-1, -1,-1,2021,20.0,1,1,0,2,2,1,1,,4,JEAN MERMOZ,0,,2,5,1,1,0,0,1,, -1,1,0,1,50,16,12,2021,18:55,5,64,64445,2,1,0,3,Avenue Jean Mermoz,43.322104,-0.379194,18,2,2
202100006887,189Â 459,B01,1,1,2,0,1,-1,-1,0,0,-1,2021,51.0,1,2,0,2,1,13,1,,7,57,0,M,2,2,0,1,(1),(1),1,, -1,1,0,1,80,23,11,2021,19:00,3,59,59252,1,1,0,1,Rue de Messines,50.700576,2.969935,19,3,2
202100049289,113Â 657,B01,1,1,1,0,2,8,-1,-1, -1,-1,2021,57.0,1,1,0,2,1,1,1,,4,GENERAL LECLERC (AV DU),0,,1,1,0,1,0,0,1,, -1,1,0,1,50,4,3,2021,13:45,1,94,94046,2,1,0,2,GENERAL LECLERC (AV DU),48.8039163914,2.4444531639,13,2,2
202100017060,171Â 131,B01,1,1,1,1,2,0,-1,0,0,-1,2021,38.0,1,1,0,2,1,1,5,,4,RUE DES PYRENEES,0,,2,3,0,2,(1),(1),1,, -1,1,0,1,30,24,9,2021,11:05,1,75,75120,2,4,0,3,RUE DES PYRENEES,48.8710702175,2.3930613193,11,2,2
202100018352,168Â 822,B01,1,1,1,1,1,0,-1,-1, -1,-1,2021,25.0,1,2,0,2,1,1,1,,3,RD 213,0,,3,6,0,1,14,0,1,, -1,1,9,1,90,15,9,2021,21:10,3,44,44184,1,1,0,4,RD 213,47.28997,-2.23759,21,3,3
202100042476,125Â 695,A01,10,3,2,5,0,-1,-1,1,3,1,2021,22.0,1,2,0,1,2,1,1,,6,RN 12 (ZONE COMMERCIALE),0,,-1,-1,0,1,48,729,1,, -1,1,0,1,70,25,4,2021,12:35,1,28,28134,1,1,0,6,RN 12 (ZONE COMMERCIALE),48.73675,1.36794,12,2,1
202100052415,108Â 020,B01,1,1,2,0,1,0,-1,-1, -1,-1,2021,67.0,1,2,0,2,4,2,1,,4,CHARLES DE GAULLE,0,,2,2,0,1,0,0,1,, -1,1,0,1,50,5,2,2021,11:55,1,64,64348,2,1,0,5,CHARLES DE GAULLE,43.308,-0.40704,11,4,3
202100003208,196Â 036,A01,1,1,2,1,1,-1,-1,0,0,-1,2021,19.0,3,2,0,0,0,15,1,,3,134,-1,,2,2,0,1,(1),(1),1,, -1,2,0,8,80,10,12,2021,15:45,1,38,38556,1,3,0,7,Route de Saint-Romain,45.385151,4.867966,15,1,1
202100045683,120Â 084,A01,1,1,1,5,2,6,9,0,0,-1,2021,23.0,1,1,13,0,1,0,1,,3,93,-1,,2,2,0,1,84,0,2,, -1,1,0,3,80,26,3,2021,14:15,1,26,26040,1,1,0,6,D93,44.549622,5.537281,14,1,1
202100008916,185Â 783,A01,1,1,1,1,2,8,-1,-1, -1,-1,2021,36.0,1,1,4,2,4,2,1,,1,AUTOROUTE A86,0,,1,6,0,3,9,0,1,, -1,1,0,1,90,6,11,2021,04:30,3,92,92036,1,1,0,2,AUTOROUTE A86,48.9383700387,2.3001401108,4,2,2
202100006310,190Â 506,B01,1,1,1,0,2,8,-1,-1, -1,-1,2021,38.0,1,1,0,2,3,0,0,,4,PASTEUR S2  (AVENUE),0,,1,2,0,2,1,0,1,, -1,2,0,1,50,25,11,2021,20:10,3,93,93048,2,1,1,5,PASTEUR S2  (AVENUE),48.8665205926,2.4357932539,20,9,9
202100024243,158Â 335,A01,1,1,1,5,8,0,-1,-1, -1,-1,2021,17.0,2,1,0,0,8,1,5,,4,MONTHLERY (RUE DE),0,,2,2,0,1,0,0,1,, -1,1,0,1,50,12,8,2021,11:19,1,87,87085,1,1,0,7,MONTHLERY (RUE DE),45.83755,1.2774,11,1,1
202100028503,150Â 765,A01,10,3,1,0,0,8,-1,5,1,1,2021,46.0,2,1,0,1,0,0,1,,3,JEAN JAURES (R),0,,-1,4,0,1,1,0,1,, -1,1,0,1,50,17,7,2021,00:55,5,94,94046,2,1,0,6,Rue Jean JaurÃ¨s,48.78913,2.4355,0,2,1
202100025400,156Â 251,A01,1,1,1,0,1,0,-1,-1, -1,-1,2021,50.0,1,2,3,9,0,0,1,,1,AUTOROUTE A1,0,,3,6,0,1,37,299,1,, -1,1,0,1,110,6,8,2021,05:30,3,60,60241,1,1,0,5,AUTOROUTE A1,49.16184,2.59706,5,4,3
202100004080,194Â 451,B01,1,1,2,1,1,0,-1,-1, -1,-1,2021,25.0,1,2,0,2,4,2,1,,2,118 PK RN137 ROCHEFORT JUSTICE,0,,3,6,0,1,0,447,1,, -1,1,0,1,90,7,12,2021,07:55,2,17,17291,1,1,0,4,118 PK RN137 ROCHEFORT JUSTICE,46.175,-1.12419,7,4,4
202100001107,199Â 791,A01,1,1,1,1,0,-1,-1,0,0,-1,2021,20.0,1,1,6,0,1,1,5,,3,25,-1,,2,2,0,2,(1),(1),1,, -1,2,5,3,50,30,12,2021,10:25,1,50,50619,2,3,1,6,Rue de l Eglise,49.621182,-1.360658,10,1,1
202100026463,154Â 400,A01,1,1,2,3,1,0,-1,-1, -1,-1,2021,52.0,1,2,0,2,0,0,1,,4,JAURES (BOULEVARD JEAN),0,,-1,1,0,1,(1),(1),1,, -1,1,0,1,50,28,7,2021,09:47,1,37,37122,2,1,0,4,JAURES (BOULEVARD JEAN),47.3473030749,0.6528174877,9,3,3
202100010195,183Â 481,B01,1,1,1,5,1,-1,-1,0,0,-1,2021,53.0,1,2,0,0,4,1,1,,1,750,0,A,3,4,0,1,27,0,2,, -1,2,0,1,110,31,10,2021,07:25,3,34,34114,1,1,1,2,"pk 27+000, autoroute A750",43.640299,3.574591,7,6,2
202100017116,171Â 038,A01,10,3,1,0,0,-1,-1,0,0,-1,2021,36.0,1,4,0,9,3,16,1,,3,JAURES (AVENUE JEAN),0,,3,2,1,1,0,1,1,, -1,1,0,1,50,23,9,2021,09:00,1,93,93027,1,1,0,6,JAURES (AVENUE JEAN),48.922825,2.406262,9,2,1
202100043254,124Â 343,B01,1,1,1,1,2,6,9,0,0,-1,2021,30.0,1,1,0,2,1,21,1,,3,101,-1,,2,2,0,1,9,0,1,, -1,1,0,1,80,21,4,2021,17:55,1,60,60137,1,2,0,3,D101,49.4356693087,2.5276955366,17,2,2
202100032804,143Â 138,A01,1,1,2,0,1,8,-1,-1, -1,-1,2021,18.0,1,4,0,2,4,23,1,,4,NORMANDIN   RUE EMILE,0,,2,2,0,1,(1),(1),1,, -1,1,5,1,50,20,6,2021,03:39,5,17,17300,2,6,0,2,NORMANDIN   RUE EMILE,46.14193,-1.13987,3,2,2
202100047105,117Â 570,B01,1,1,1,3,1,-1,-1,-1, -1,-1,2021,60.0,1,2,0,2,9,1,1,,7,RD383   14.250 A 18.000,0,,1,4,0,3,14,699,3,, -1,1,3,1,50,17,3,2021,21:40,5,69,69199,1,9,0,3,RD383,45.71608,4.84684,21,2,2
202100031248,145Â 888,A01,1,1,1,0,2,6,-1,0,0,-1,2021,44.0,2,1,0,2,1,2,1,,3,918,0,,2,2,0,1,7,200,1,, -1,1,0,1,50,3,7,2021,16:20,1,64,64495,2,4,0,2,D918,43.359104,-1.614175,16,2,2
202100042782,125Â 180,A01,2,2,2,5,2,6,9,0,0,-1,2021,25.0,2,1,15,0,9,1,1,,3,76,0,A,2,2,0,4,0,700,1,, -1,1,0,3,80,24,4,2021,13:00,1,26,26331,1,1,0,6,700 Route du Pont de Manne,45.058725,5.280529,13,2,1
202100045186,120Â 969,A01,1,1,1,5,1,-1,-1,0,0,-1,2021,24.0,2,2,3,0,2,14,1,,1,11,0,A,3,2,0,1,296,492,1,, -1,1,0,2,130,4,4,2021,19:25,1,49,49321,1,1,0,6,A11 pk 296+492,47.427173,-0.930727,19,1,1
202100032508,143Â 659,A01,1,1,1,9,8,0,-1,0,0,-1,2021,42.0,1,1,0,0,0,21,5,,4,BOULEVARD DE LA VILLETTE,0,,1,1,1,1,(1),(1),1,, -1,1,0,5,50,24,6,2021,16:50,1,75,75119,2,1,0,7,BOULEVARD DE LA VILLETTE,48.87567,2.373017,16,1,1
202100030595,147Â 064,B01,1,1,1,4,8,0,-1,-1, -1,-1,2021,35.0,1,1,0,2,4,2,5,,4,RUE DE CLIGNANCOURT,0,,1,1,0,1,(1),(1),1,, -1,1,0,1,50,5,7,2021,12:40,1,75,75118,2,2,0,2,RUE DE CLIGNANCOURT,48.891716,2.34873,12,2,2
202100039394,131Â 182,C01,1,1,2,0,1,0,-1,-1, -1,-1,2021,41.0,1,2,0,2,5,0,1,,1,13,0,,3,4,0,1,2,799,1,, -1,2,0,1,70,19,5,2021,15:20,1,92,92064,1,1,1,4,A13,48.8429820546,2.2224709619,15,5,3
202100011198,181Â 714,A01,1,1,1,0,8,0,-1,-1, -1,-1,2021,58.0,3,1,0,2,1,1,3,,4,,0,,1,2,0,1,(1),(1),1,, -1,1,5,1,50,24,10,2021,12:20,1,73,73065,2,6,0,3,Rond point de La Poste,45.5705726649,5.9175278843,12,2,2
202100047223,117Â 354,A01,1,1,1,0,8,-1,-1,-1, -1,-1,2021,36.0,1,2,12,0,1,1,1,,4,LORIENT (DE),0,,3,4,0,1,(1),(1),1,, -1,1,0,1,50,20,3,2021,19:15,5,35,35238,2,1,0,6,LORIENT (DE),48.10838,-1.71255,19,1,1
202100040726,128Â 816,A01,10,3,2,1,0,-1,-1,3,3,1,2021,45.0,1,2,0,1,2,19,1,,7,PIERRE TERRASSE                     (AV),0,,1,2,0,1,1,100,1,, -1,1,0,1,50,5,5,2021,14:00,1,69,69034,1,6,0,6,PIERRE TERRASSE                     (AV),45.79806,4.85116,14,2,1
202100049539,113Â 209,A01,2,2,2,5,1,8,-1,-1, -1,-1,2021,33.0,2,2,0,2,5,1,1,,4,R P VAILLANT COUTURIER,0,,1,1,0,1,1,0,1,, -1,1,0,1,50,26,2,2021,21:30,5,94,94002,2,2,0,3,Rue Paul Vaillant Couturier / Rue Louis Blanc,48.8063,2.41857,21,3,2
202100017203,170Â 886,B01,1,1,1,5,0,-1,-1,0,0,-1,2021,64.0,1,0,0,0,4,2,5,,3,d 620,0,D,2,2,0,2,37,200,1,, -1,1,0,1,50,22,9,2021,19:08,1,11,11206,2,1,1,2,Avenue Charles de Gaulle,43.054283,2.206733,19,2,2
202100044528,122Â 124,A01,5,2,1,5,1,0,-1,-1, -1,-1,2021,23.0,2,2,4,2,9,1,2,,2,RN 118,0,,2,4,0,2,12,578,1,, -1,2,2,1,90,10,4,2021,08:06,1,91,91471,1,1,1,6,RN 118,48.69417,2.19258,8,5,1
202100020079,165Â 734,B01,2,2,2,5,1,-1,-1,-1, -1,-1,2021,86.0,1,2,0,2,4,23,1,,2,PORTE DES LOGES,0,,3,4,0,1,5,300,1,, -1,1,0,1,90,8,9,2021,11:00,1,35,35238,1,1,0,4,PORTE DES LOGES,48.090977,-1.628911,11,4,3
202100055371,102Â 865,A01,3,2,1,0,1,0,-1,-1, -1,-1,2021,3.0,1,2,0,2,8,1,1,,4,COCHIN (RUE DENYS),0,,2,1,0,1,0,0,1,, -1,2,0,1,50,12,1,2021,18:10,5,93,93010,2,3,1,3,COCHIN (RUE DENYS),48.8984803043,2.4949521072,18,5,2
202100001650,198Â 854,B01,1,1,2,3,1,-1,-1,0,0,-1,2021,49.0,1,2,0,2,4,23,1,,3,9,-1,,2,2,0,3,29,500,1,, -1,1,0,1,80,22,12,2021,14:20,1,63,63178,1,1,0,4,Route d Orbeil,45.5557968833,3.2727026939,14,5,3
202100024288,158Â 256,Z01,1,1,1,5,8,0,-1,-1, -1,-1,2021,11.0,3,1,0,2,8,19,5,,4,GUYENNE   RUE DE,0,,2,2,0,1,(1),(1),1,, -1,1,0,1,50,12,8,2021,18:15,1,17,17291,2,3,0,1,GUYENNE   RUE DE,46.18637,-1.12148,18,2,2
202100031833,144Â 853,B01,4,2,2,5,1,0,-1,-1, -1,-1,2021,17.0,2,2,0,2,3,1,1,,4,VANTEAUX (BOULEVARD DE),0,,3,4,0,1,0,0,1,, -1,1,5,1,50,25,6,2021,18:50,1,87,87085,2,2,0,3,VANTEAUX (BOULEVARD DE),45.8209,1.23037,18,7,2
202100049731,112Â 855,A01,1,1,1,0,2,6,-1,-1, -1,-1,2021,19.0,2,1,0,2,3,3,1,,1,AUTOROUTE A6,0,,1,3,0,1,11,300,1,, -1,1,0,1,110,1,3,2021,17:55,1,91,91689,1,1,0,3,AUTOROUTE A6,48.72208,2.3117,17,2,2
202100026426,154Â 461,A01,1,1,1,0,2,0,-1,-1, -1,-1,2021,33.0,2,1,3,0,1,14,1,,2,BISHOP (Avenue Maurice),0,,1,4,0,1,2,250,1,, -1,1,0,1,50,28,7,2021,20:50,5,972,97209,2,1,0,6,BISHOP (Avenue Maurice),14.6082753571,-61.0564478771,20,1,1
202100014670,175Â 490,B01,1,1,1,5,2,6,-1,0,0,-1,2021,49.0,2,1,0,2,1,1,1,,3,1113,0,D,2,2,0,1,49,696,1,, -1,1,0,1,50,19,7,2021,12:00,1,33,33334,2,2,0,1,Route des Graves,44.692806,-0.432017,12,2,2
202100021328,163Â 530,A01,10,3,2,2,0,-1,-1,3,3,2,2021,17.0,2,2,0,1,1,1,1,,2,3,0,,3,2,0,2,47,100,1,, -1,1,5,1,50,3,9,2021,07:08,1,974,97422,2,4,0,1,Rue des Poinsetias,-21.248612,55.525023,7,2,1
202100025777,155Â 612,B01,1,1,1,1,2,0,-1,-1, -1,-1,2021,32.0,2,1,1,0,7,1,0,,4,PAUL VAILLANT COUTURIER (AV),0,,2,2,0,1,0,0,1,, -1,2,0,1,50,3,8,2021,06:45,2,94,94037,2,1,1,3,PAUL VAILLANT COUTURIER (AV),48.816409,2.339993,6,2,2
202100019591,166Â 613,A01,1,1,1,5,0,-1,-1,0,0,-1,2021,23.0,1,2,2,0,1,13,1,,4,,0,,2,2,0,1,(1),(1),1,,4,1,0,3,70,12,9,2021,00:25,3,71,71235,1,1,0,6,Route de la GrisiÃ¨re,46.3570284699,4.7995769974,0,2,1
202100002068,198Â 101,A01,1,1,1,5,2,6,-1,0,0,-1,2021,15.0,3,1,1,0,7,1,1,,4,,-1,,2,2,0,2,(1),(1),1,,"5,5",1,0,1,50,21,12,2021,13:10,1,56,56091,2,1,0,6,Rue du General de Gaulle,47.951467,-2.548662,13,1,1
202100051514,109Â 617,B01,1,1,1,5,8,8,-1,-1, -1,-1,2021,49.0,1,1,0,2,1,1,0,,7,DES TERMES (ROUTE) RD 908,0,,2,2,1,4,14,800,3,, -1,8,0,1,70,13,2,2021,10:30,1,13,13002,1,1,0,3,DES TERMES (ROUTE) RD 908,43.36631,5.50369,10,2,2
202100002513,197Â 284,A01,1,1,1,3,2,6,-1,0,0,-1,2021,17.0,2,1,0,2,1,2,1,,3,820,0,D,3,2,0,1,57,100,1,, -1,1,0,1,50,18,12,2021,16:12,1,31,31033,2,1,0,2,D820,43.356998,1.467007,16,2,2
202100016207,172Â 668,A01,10,3,2,2,0,-1,-1,2,3,1,2021,15.0,0,2,0,1,1,2,1,,4,HERAULT (BD),0,,2,2,0,1,1,0,1,, -1,1,9,1,50,23,9,2021,17:20,1,22,22278,2,1,0,1,HERAULT (BD),48.5180199045,-2.7549068094,17,2,1
202100049051,114Â 078,A01,10,3,2,2,0,-1,-1,2,3,1,2021,12.0,2,1,0,1,1,17,1,,3,CLUNY (ROUTE DE),0,,2,2,0,1,1,300,2,, -1,1,0,1,30,5,3,2021,17:10,1,972,97209,1,1,0,6,CLUNY (ROUTE DE),14.6156,-61.0831,17,3,2
202100032742,143Â 246,A01,1,1,2,5,1,-1,-1,0,0,-1,2021,41.0,2,2,0,2,3,13,1,,3,106,-1,,2,2,0,1,3,860,2,,"5,2",1,0,1,70,23,6,2021,17:15,1,79,79003,1,1,0,5,Le Portail Rouge,46.287054,-0.453186,17,3,3
202100051113,110Â 310,A01,1,1,2,5,1,-1,-1,0,0,-1,2021,23.0,2,2,0,2,8,16,1,,3,2010,-1,,2,2,0,1,6,615,1,, -1,1,0,1,80,17,2,2021,15:40,1,33,33233,1,3,0,3,Les Vergnottes,45.114511,-0.375928,15,2,2
202100017919,169Â 591,A01,1,1,1,1,2,-1,-1,0,0,-1,2021,38.0,1,1,0,2,0,1,1,,3,907,-1,,2,2,0,1,16,850,1,, -1,1,0,1,80,21,9,2021,17:20,1,74,74241,1,1,0,1,D907,46.134497,6.463265,17,2,2
202100050176,112Â 028,A01,2,2,2,5,1,0,-1,-1, -1,-1,2021,22.0,1,2,6,2,1,15,1,,4,NORMANDIE (RUE DE),0,,2,2,0,1,(1),(1),3,, -1,1,0,4,30,19,2,2021,04:30,5,56,56260,2,3,0,6,NORMANDIE (RUE DE),47.64659,-2.78398,4,4,1
202100029122,149Â 695,B01,1,1,1,5,1,0,-1,-1, -1,-1,2021,31.0,1,2,0,2,4,26,1,,4,BRIOLLAY ROUTE,0,,2,2,0,1,1,0,1,, -1,2,0,1,50,13,7,2021,09:20,1,49,49007,2,3,1,2,BRIOLLAY ROUTE,47.48719,-0.53229,9,2,2
202100011923,180Â 411,B01,1,1,1,5,2,-1,-1,0,0,-1,2021,25.0,2,1,0,6,1,1,1,,7,612,-1,,3,4,0,1,6,400,1,, -1,1,0,1,110,21,10,2021,21:30,3,34,34337,1,1,0,1,RD 612 PK 6+400,43.54074,3.823092,21,2,2
202100006199,190Â 728,B01,1,1,1,0,2,6,-1,-1, -1,-1,2021,26.0,2,1,0,2,1,1,1,,1,AUTOROUTE A86,0,,1,3,0,1,18,200,3,, -1,2,0,1,70,26,11,2021,18:35,3,93,93027,1,1,1,3,AUTOROUTE A86,48.92854,2.4138,18,2,2
202100018943,167Â 784,A01,10,3,1,5,0,-1,-1,2,3,2,2021,15.0,1,2,0,1,3,21,1,,4,LETIENNE (R JEAN),0,,2,2,0,1,(1),(1),1,, -1,2,0,1,50,19,6,2021,20:00,1,62,62498,2,1,1,6,LETIENNE (R JEAN),50.429869,2.822853,20,2,1
202100052906,107Â 150,C01,1,1,2,4,2,6,-1,0,0,-1,2021,30.0,2,1,9,2,3,7,1,,4,AVENUE DE NEW YORK,0,,2,4,3,1,(1),(1),1,, -1,2,-1,6,50,1,2,2021,08:52,1,75,75116,2,4,1,5,AVENUE DE NEW YORK,48.8632156854,2.2961995111,8,4,3
202100038140,133Â 478,B01,1,1,2,5,1,0,-1,-1, -1,-1,2021,41.0,2,2,0,2,6,2,1,,1,A4,0,,3,6,0,1,12,800,1,, -1,2,0,1,110,26,5,2021,08:55,1,93,93051,1,1,0,6,A4,48.8364,2.55189,8,3,3
202100047416,117Â 016,B01,1,1,1,5,0,-1,-1,0,0,-1,2021,28.0,3,1,0,2,1,1,1,,4,,-1,,2,2,0,1,(1),(1),1,, -1,1,0,1,50,12,3,2021,12:35,1,973,97362,2,2,0,3,Rue du Gran Man Emmanuel Tolinga,3.808793,-54.148859,12,2,2
202100006328,190Â 477,B01,1,1,1,0,1,-1,-1,0,0,-1,2021,51.0,2,2,0,2,1,1,1,,3,1001,-1,,2,2,0,2,62,50,1,,7,2,5,1,80,25,11,2021,19:00,3,80,80078,1,2,1,1,D183,50.084532,1.928701,19,2,2
202100026508,154Â 317,A01,1,1,1,1,2,6,-1,-1, -1,-1,2021,34.0,2,1,0,0,0,16,1,,3,LOUIS BERTRAND (R),0,,2,2,0,2,56,0,3,, -1,2,0,1,50,28,7,2021,23:45,5,94,94041,2,1,1,7,Rue Louis Bertrand,48.81801,2.37689,23,1,1
202100051529,109Â 588,A01,1,1,1,4,2,7,6,0,0,-1,2021,51.0,2,1,0,9,0,1,1,,2,3,-1,,3,2,1,2,43,100,1,, -1,1,5,5,50,12,2,2021,06:00,2,974,97422,2,1,0,7,Route Nat 3 PR 19,-21.239082,55.540872,6,1,1
202100023614,159Â 415,B01,1,1,2,5,2,0,-1,0,0,-1,2021,32.0,1,1,0,2,7,1,5,,4,ALLEE VIVALDI,0,,1,1,0,1,(1),(1),1,, -1,1,0,1,50,17,8,2021,18:35,1,75,75112,2,1,0,3,ALLEE VIVALDI,48.841554,2.391278,18,2,2
202100026673,154Â 029,A01,10,3,2,0,0,-1,-1,5,5,1,2021,19.0,3,3,0,1,2,20,3,1.0,4,DONADEI EUGENE AVENUE,0,,1,1,3,1,(1),(1),1,, -1,1,0,6,50,28,7,2021,23:25,5,6,6123,2,1,0,6,DONADEI EUGENE AVENUE,43.65923,7.19532,23,2,1
202100037788,134Â 115,A01,1,1,1,9,2,6,-1,-1, -1,-1,2021,47.0,3,1,0,2,1,19,1,,4,MARBELLIERE (RUE DE LA),0,,-1,2,0,1,(1),(1),1,, -1,1,5,1,50,28,5,2021,13:14,1,37,37122,2,2,0,6,MARBELLIERE (RUE DE LA),47.355933618,0.6595885113,13,2,2
202100012288,179Â 766,A01,1,1,1,5,1,-1,-1,0,0,-1,2021,49.0,1,2,6,0,1,1,1,,3,142,0,D,2,2,0,2,23,930,2,, -1,1,0,3,70,18,10,2021,11:15,1,17,17469,1,1,0,6,66 Rue de Port des Barques,45.607335,-0.62754,11,1,1
202100055864,102Â 027,B01,1,1,1,0,2,6,-1,0,0,-1,2021,48.0,1,1,0,2,1,3,1,,3,20,-1,,3,4,0,1,8,235,1,, -1,1,0,1,70,9,1,2021,12:45,1,91,91665,2,1,0,2,Avenue de la Division Leclerc,48.664772,2.277723,12,2,2
202100045929,119Â 658,B01,1,1,1,1,2,6,-1,-1, -1,-1,2021,37.0,1,1,0,2,1,0,1,,4,STRASBOURG (AVENUE DE),0,,3,6,1,1,0,0,1,, -1,1,4,1,50,29,3,2021,19:10,2,67,67218,2,8,0,6,STRASBOURG (AVENUE DE),48.54289,7.73591,19,2,2