Num_Acc,id_vehicule,num_veh,place,catu,sexe,trajet,secu1,secu2,secu3,locp,actp,etatp,year_acc,victim_age,senc,catv,obs,obsm,choc,manv,motor,occutc,catr,voie,v1,v2,circ,nbv,vosp,prof,pr,pr1,plan,lartpc,larrout,surf,infra,situ,vma,jour,mois,an,hrmn,lum,dep,com,agg_,int,atm,col,adr,lat,long,hour,nb_victim,nb_vehicules
202100024290,158Â 252,A01,2,2,2,9,1,0,-1,-1, -1,-1,2021,66.0,1,2,3,0,1,14,1,,2,RN 141,0,,2,2,0,1,105,120,1,0,7,1,0,1,70,20,7,2021,18:00,1,16,16089,1,1,0,6,,45.6813,-0.294699,18,2,1
202100049844,112Â 644,A01,1,1,1,0,2,6,-1,-1, -1,-1,2021,20.0,2,1,0,2,1,2,1,,1,13,0,,3,6,0,1,7,0,1,, -1,1,0,1,110,28,2,2021,13:40,1,92,92047,1,1,0,2,A13,48.8345922746,2.1716273344,13,3,2
202100041833,126Â 836,A01,1,1,1,0,1,-1,-1,0,0,-1,2021,24.0,2,2,13,0,0,13,1,,3,104,0,D,2,2,0,1,2,195,2,, -1,1,0,8,80,2,5,2021,06:00,2,47,47324,1,1,0,6,Bagatelle Sud,44.63893,0.761125,6,1,1
202100027142,153Â 195,A01,10,3,1,5,0,-1,-1,2,3,1,2021,78.0,2,2,0,1,3,1,1,,3,415,0,D,2,2,0,1,4,800,1,, -1,1,0,1,50,26,7,2021,09:30,1,88,88445,2,1,0,6,Rue Raymond Panin,48.237876,6.9522,9,2,1
202100012596,179Â 200,B01,1,1,1,1,6,2,-1,-1, -1,-1,2021,33.0,2,1,0,2,7,3,1,,1,ROCADE A 630,0,,3,6,0,1,15,119,1,, -1,1,0,1,90,18,10,2021,17:20,1,33,33281,1,1,0,3,ROCADE A 630,44.850346,-0.667415,17,2,2
202100047508,116Â 842,B01,2,2,1,9,1,0,-1,0,0,-1,2021,21.0,1,2,0,2,3,1,1,,4,PONT MORTAIN (RUE),0,,1,1,0,1,0,0,1,, -1,2,0,1,30,17,3,2021,20:50,5,14,14366,2,2,0,6,Rue Pont Mortain,49.14358,0.22677,20,3,2
202100047149,117Â 490,A01,7,2,1,2,1,-1,-1,0,0,-1,2021,10.0,1,2,4,0,9,17,1,,1,16,0,A,1,4,0,1,168,200,1,, -1,1,0,1,130,22,3,2021,07:00,1,80,80779,1,9,0,6,A16,50.11107,1.870143,7,3,1
202100016145,172Â 783,B01,1,1,2,5,1,0,-1,-1, -1,-1,2021,33.0,1,2,0,2,1,1,1,,4,CHAUVELLES,0,,1,1,0,1,0,0,1,, -1,1,0,1,50,11,9,2021,19:00,1,58,58194,2,3,0,3,CHAUVELLES,46.9972,3.1589,19,2,2
202100041551,127Â 334,A01,1,1,1,9,2,6,-1,0,0,-1,2021,22.0,1,1,0,2,3,18,1,,4,AVENUE DE LA PORTE DES LILAS,0,,2,2,0,1,(1),(1),3,, -1,1,0,1,50,3,5,2021,12:11,1,75,75120,2,2,0,3,AVENUE DE LA PORTE DES LILAS,48.877968,2.409539,12,2,2
202100016189,172Â 701,A01,1,1,2,1,8,0,-1,-1, -1,-1,2021,49.0,3,1,6,2,0,25,5,,4,ARAGON (AV LOUIS),0,,4,2,0,1,(1),(1),2,, -1,1,6,4,30,29,9,2021,19:30,5,31,31069,2,1,0,6,ARAGON (AV LOUIS),43.64389,1.37911,19,2,2
202100021229,163Â 715,A01,1,1,2,2,1,0,-1,-1, -1,-1,2021,52.0,1,2,0,2,1,2,1,,3,POMPIDOU (AV.GEORGES),0,,2,2,0,1,3,960,1,, -1,1,0,1,50,2,9,2021,08:55,1,81,81065,2,9,0,2,POMPIDOU (AV.GEORGES),43.62143,2.264337,8,2,2
202100031637,145Â 203,B01,7,2,2,5,1,-1,-1,0,0,-1,2021,52.0,1,2,0,2,1,1,1,,2,7,-1,,2,2,0,1,22,200,1,, -1,2,0,1,80,27,6,2021,18:00,1,42,42284,1,1,1,1,N7,46.09746,3.986106,18,7,2
202100044006,123Â 016,A01,10,3,1,5,0,-1,-1,1,3,1,2021,12.0,3,2,0,1,1,9,1,,4,RUE JACQUES ANQUETIL,0,,2,2,0,1,(1),(1),1,, -1,1,0,1,50,14,4,2021,16:35,1,95,95268,2,1,0,6,RUE JACQUES ANQUETIL,48.961928,2.398331,16,2,1
202100026877,153Â 676,A01,2,2,2,9,1,5,-1,0,0,-1,2021,59.0,1,2,0,2,1,15,1,,3,62,0,,2,2,0,1,9,0,2,, -1,3,0,1,80,25,7,2021,17:30,1,57,57245,1,1,1,1,D62,49.424702,6.292441,17,3,2
202100031707,145Â 082,B01,1,1,1,9,2,6,-1,-1, -1,-1,2021,40.0,3,1,0,2,1,17,1,,4,MOULIN   AVENUE JEAN,0,,2,3,0,1,(1),(1),1,, -1,1,9,1,50,29,6,2021,15:50,1,17,17300,2,1,0,3,MOULIN   AVENUE JEAN,46.143104,-1.139014,15,2,2
202100025933,155Â 328,A01,10,3,2,3,0,-1,-1,2,1,2,2021,50.0,0,2,1,1,2,1,1,,3,25,-1,,2,2,0,1,7,669,1,, -1,2,0,1,50,3,8,2021,17:35,1,77,77176,2,1,0,6,Rue du 27 Aout,48.79885,2.997347,17,2,1
202100044672,121Â 862,A01,1,1,1,1,2,6,-1,-1, -1,-1,2021,18.0,1,1,0,2,1,17,1,,4,ADOUR (AVENUE DE L'),0,,2,2,0,1,0,0,1,, -1,1,0,1,50,7,4,2021,09:15,1,64,64024,2,1,0,3,ADOUR (AVENUE DE L'),43.50144,-1.49273,9,2,2
202100024894,157Â 162,A01,10,3,2,5,0,-1,-1,2,3,1,2021,81.0,2,2,0,1,4,20,2,,4,RUE LABROUSTE,0,,1,1,0,1,(1),(1),1,, -1,1,0,1,50,9,8,2021,11:36,1,75,75115,2,1,0,6,RUE LABROUSTE,48.835289,2.309192,11,2,1
202100045426,120Â 532,A01,10,3,2,2,0,-1,-1,4,3,2,2021,14.0,1,1,0,1,1,21,1,,4,RUE DE LA CROIX NIVERT,0,,2,3,0,1,(1),(1),1,, -1,1,0,1,50,2,4,2021,08:00,1,75,75115,2,2,0,6,RUE DE LA CROIX NIVERT,48.83998,2.290365,8,2,1
202100051593,109Â 472,A01,10,3,2,5,0,-1,-1,4,3,1,2021,69.0,1,2,0,1,1,1,1,,4,BOULEVARD DELESSERT,0,,3,2,0,1,(1),(1),1,, -1,1,0,1,50,13,2,2021,10:35,1,75,75116,2,7,0,6,BOULEVARD DELESSERT,48.858504,2.284777,10,2,1
202100007024,189Â 204,B01,1,1,2,1,1,0,-1,-1, -1,-1,2021,29.0,1,2,0,2,5,2,1,,7,D980,0,,3,2,0,1,1,14,1,, -1,1,3,1,90,19,11,2021,07:35,2,31,31555,1,1,0,4,D980,43.6055929371,1.3678085804,7,3,3
202100006935,189Â 371,B01,2,2,1,5,2,6,-1,0,0,-1,2021,10.0,2,1,0,2,8,3,1,,4,PORTE D ITALIE,0,,1,4,0,1,2,100,1,, -1,2,0,1,70,21,11,2021,18:50,5,75,75113,2,1,0,3,PORTE D ITALIE,48.8172,2.366254,18,6,2
202100029663,148Â 770,A01,1,1,1,5,2,6,-1,0,0,-1,2021,54.0,2,1,0,0,8,2,1,,3,D34,-1,,2,2,0,2,15,915,4,, -1,1,0,1,-1,4,7,2021,16:45,1,89,89276,1,1,0,7,Rue de la Gare,48.03676,3.794644,16,2,1
202100032735,143Â 258,A01,1,1,1,5,8,-1,-1,0,0,-1,2021,77.0,1,2,0,2,1,13,1,,1,6,0,,3,4,0,2,283,660,1,, -1,1,8,1,90,24,6,2021,15:15,1,21,21087,1,1,0,1,autoroute A6,47.12049,4.703693,15,3,2
202100046939,117Â 872,B01,1,1,1,5,2,8,-1,-1, -1,-1,2021,60.0,1,1,0,2,7,2,1,,4,AV STALINGRAD,0,,2,2,0,1,0,0,1,, -1,1,0,1,50,23,3,2021,17:45,1,13,13004,2,3,0,3,AV STALINGRAD,43.66666,4.63333,17,2,2
202100029064,149Â 793,A01,1,1,1,0,1,0,-1,-1, -1,-1,2021,23.0,1,2,0,0,9,0,1,,1,AUTOROUTE A86,0,,3,8,0,1,18,100,2,, -1,2,0,1,70,13,7,2021,22:10,3,93,93027,1,1,1,2,AUTOROUTE A86,48.92835,2.41251,22,2,2
202100034812,139Â 484,B01,1,1,1,0,1,0,-1,-1, -1,-1,2021,23.0,2,2,0,2,3,15,1,,3,9,0,,2,2,2,1,0,0,1,, -1,1,0,1,50,12,6,2021,00:00,5,92,92026,2,3,0,3,SAINT-DENIS BD DE (01 A 197 / 02 A 118),48.8980234661,2.2637213767,0,2,2
202100046346,118Â 929,B01,4,2,1,5,3,-1,-1,0,0,-1,2021,8.0,1,2,0,2,8,1,1,,3,NOVEMBRE (RUE DU XI),0,,2,2,0,1,27,877,1,, -1,1,0,1,50,26,3,2021,18:50,1,65,65047,2,2,0,3,NOVEMBRE (RUE DU XI),43.25017,0.08957,18,5,2
202100033363,142Â 133,A01,10,3,2,0,0,-1,-1,3,3,1,2021,48.0,2,1,0,1,1,17,1,,4,CORSE (AVENUE DE LA),0,,2,4,0,2,0,0,1,, -1,1,0,1,50,14,6,2021,07:58,1,13,13207,2,1,0,1,CORSE (AVENUE DE LA),43.28931,5.36195,7,2,1
202100020846,164Â 383,A01,1,1,1,5,2,8,-1,-1, -1,-1,2021,49.0,1,1,12,0,1,1,5,,3,PRIEURE (RUE DU),0,,2,1,0,1,0,5,1,, -1,1,0,1,50,1,9,2021,12:50,1,52,52121,2,1,0,7,PRIEURE (RUE DU),48.11862,5.15538,12,1,1
202100005748,191Â 523,A01,2,2,1,5,1,-1,-1,-1, -1,-1,2021,46.0,2,2,6,0,1,2,2,,7,BRETAGNE. AVENUE DE,0,,1,3,0,2,10,200,1,, -1,2,1,1,50,28,11,2021,01:50,5,76,76540,2,1,1,7,Avenue de Bretagne,49.43115,1.08005,1,2,1
202100003940,194Â 704,B01,1,1,1,0,1,0,-1,-1, -1,-1,2021,37.0,2,2,0,2,4,2,1,,1,AUTOROUTE A86,0,,1,6,0,1,17,500,1,, -1,1,0,1,90,9,12,2021,10:30,1,93,93027,1,1,0,2,AUTOROUTE A86,48.92692,2.40451,10,2,2
202100023856,158Â 986,A01,10,3,1,5,0,-1,-1,2,3,1,2021,71.0,2,2,0,1,3,1,2,,4,GARIBALDI (AVENUE),0,,2,2,0,1,0,0,1,, -1,1,0,1,50,14,8,2021,11:43,1,87,87085,2,1,0,6,GARIBALDI (AVENUE),45.83957,1.2579,11,2,1
202100056156,101Â 507,B01,10,3,2,5,0,-1,-1,4,5,1,2021,35.0,2,2,0,1,7,1,1,,3,THIERS (BLD),0,,1,2,0,1,0,1,1,, -1,1,0,1,50,4,1,2021,17:37,1,52,52121,2,1,0,6,THIERS (BLD),48.10896,5.14058,17,2,1
202100023689,159Â 273,A01,10,3,1,5,8,8,-1,3,3,1,2021,76.0,3,5,0,1,1,1,1,,4,PASTEUR (AVENUE),0,,1,1,0,1,0,1,1,, -1,1,0,1,50,17,8,2021,11:19,1,74,74012,2,1,0,6,PASTEUR (AVENUE),46.19362,6.2351,11,2,1
202100018213,169Â 053,A01,1,1,1,5,2,6,-1,-1, -1,-1,2021,30.0,1,1,0,2,1,21,1,,1,A4,0,,-1,4,0,1,12,600,3,, -1,1,0,1,90,17,9,2021,21:00,3,93,93051,1,1,0,4,A4,48.8366,2.5439,21,6,6
202100022023,162Â 266,B01,1,1,1,5,2,6,-1,0,0,-1,2021,41.0,1,1,0,2,2,17,1,,2,102,-1,,2,2,0,2,26,600,1,, -1,1,0,1,90,21,8,2021,18:05,1,7,7159,1,1,0,4,Rn 102,44.56341,4.480732,18,6,4
202100051436,109Â 757,A01,1,1,1,9,1,0,-1,-1, -1,-1,2021,26.0,1,2,0,2,1,9,1,,7,RTE D ALBI,0,,1,1,0,1,3,900,1,, -1,1,0,1,50,13,2,2021,08:00,1,31,31555,2,1,0,3,RTE D ALBI,43.64531,1.46905,8,2,2
202100038661,132Â 528,A01,10,3,1,9,0,-1,-1,1,5,1,2021,3.0,1,2,0,1,1,9,1,,4,SUDROT (ALLEE),0,,2,2,0,1,0,0,1,, -1,1,0,1,50,23,5,2021,14:35,1,93,93014,2,1,0,6,AllÃ©e Sudrot,48.89997,2.53219,14,2,1
202100005157,192Â 559,A01,1,1,1,5,2,-1,-1,0,0,-1,2021,17.0,0,1,0,2,7,17,1,,2,31,0,N,2,2,0,1,38,0,1,, -1,2,0,1,50,2,12,2021,16:50,2,60,60188,2,3,0,3,21 Rue de Soissons,49.403591,3.007443,16,2,2
202100004198,194Â 251,A01,1,1,1,0,2,6,-1,-1, -1,-1,2021,53.0,2,1,0,0,0,2,1,,1,AUTOROUTE A25,0,,-1,2,0,1,4,900,2,, -1,2,0,1,70,7,12,2021,05:35,5,59,59350,1,1,0,7,AUTOROUTE A25,50.6220328221,3.0227208138,5,1,1
202100036237,136Â 911,A01,10,3,1,5,0,-1,-1,9,5,3,2021,7.0,0,1,0,1,2,26,1,,4,KELLERMAN - AVENUE,0,,-1,0,0,1,(1),(1),1,, -1,1,9,8,5,5,6,2021,19:00,1,59,59271,2,1,0,6,KELLERMAN - AVENUE,51.0193634628,2.313952446,19,2,1
202100036179,137Â 025,A01,1,1,2,0,1,-1,-1,0,0,-1,2021,52.0,2,2,0,2,1,1,1,,3,541,0,,2,2,0,1,22,370,1,, -1,1,0,1,80,7,6,2021,12:00,1,26,26322,1,1,0,1,620 Route de Nyons,44.397954,5.051168,12,2,2
202100021993,162Â 322,A01,1,1,1,5,1,-1,-1,0,0,-1,2021,20.0,2,2,16,0,1,1,1,,3,28,-1,,2,2,0,4,18,473,1,, -1,1,0,3,80,30,8,2021,09:00,1,1,1236,1,1,0,7,Route de Montrevel,46.331925,5.087078,9,1,1
202100002506,197Â 296,B01,1,1,1,9,2,6,-1,0,0,-1,2021,14.0,2,1,0,2,1,1,1,,3,835,-1,,2,2,0,1,6,175,1,, -1,1,0,1,50,18,12,2021,18:00,5,65,65121,2,3,0,3,Avenue Claude Chalin,43.362283,0.063609,18,2,2
202100009322,185Â 040,B01,1,1,1,0,2,6,-1,-1, -1,-1,2021,27.0,1,1,0,2,8,18,1,,3,909,0,,2,3,3,1,0,0,1,, -1,1,0,1,50,24,10,2021,00:55,5,92,92044,2,5,0,3,VIC. HUGO(RUE)091A113 ET 112A146,48.89829,2.29434,0,2,2
202100036457,136Â 533,A01,1,1,2,5,1,0,-1,0,0,-1,2021,21.0,1,2,15,2,7,15,1,,4,FREMONT (AV.),0,,1,1,0,1,(1),(1),1,, -1,1,0,1,50,2,6,2021,23:00,5,6,6088,2,2,0,3,FREMONT (AV.),43.678807,7.228082,23,3,2
202100004420,193Â 861,A01,10,3,1,5,0,-1,-1,4,3,1,2021,75.0,1,2,0,1,2,26,1,,3,ARISTIDE BRIAND (RUE),0,,2,2,0,1,1,0,1,, -1,2,0,1,50,6,12,2021,11:50,1,93,93032,2,1,0,3,ARISTIDE BRIAND (RUE),48.87864,2.53299,11,2,1
202100022865,160Â 748,A01,10,3,2,9,0,-1,-1,9,3,1,2021,13.0,3,0,0,1,0,0,0,,3,208,-1,,2,2,0,1,(1),(1),1,, -1,1,0,1,50,23,8,2021,01:55,5,978,97801,2,1,0,6,R DE SANDY GROUND,18.057776,-63.09864,1,2,1
202100002473,197Â 349,A01,1,1,1,3,1,0,-1,-1, -1,-1,2021,92.0,1,2,8,2,1,19,1,,4,R EDGAR QUINET ,0,,2,2,0,1,1,0,1,, -1,1,0,1,30,15,12,2021,15:15,1,94,94068,2,2,0,3,Rue Edgar Quinet,48.79169,2.4944,15,3,2
202100002446,197Â 399,B01,1,1,1,0,2,0,-1,0,0,-1,2021,31.0,3,1,0,2,1,1,1,,7,NICE AVENUE DE (RN7),0,,2,3,0,1,(1),(1),1,, -1,1,0,1,50,17,12,2021,12:44,1,6,6027,2,2,0,1,NICE AVENUE DE (RN7),43.656232,7.154994,12,2,2
202100031534,145Â 394,B01,1,1,1,5,1,0,-1,-1, -1,-1,2021,28.0,1,2,0,2,0,0,1,,1,A47,0,,3,5,0,1,25,950,1,, -1,1,0,1,110,27,6,2021,04:10,3,42,42207,1,1,0,4,A47,45.49194,4.52063,4,4,4
202100024315,158Â 205,A01,1,1,1,5,2,0,-1,0,0,-1,2021,84.0,2,1,0,0,7,1,1,,4,RUE CAMBRONNE,0,,2,2,0,2,(1),(1),1,, -1,1,0,1,50,13,8,2021,14:20,1,75,75115,2,7,0,7,RUE CAMBRONNE,48.842096,2.303077,14,1,1
202100049670,112Â 956,B01,1,1,1,0,2,6,-1,-1, -1,-1,2021,26.0,1,1,0,2,1,1,1,,3,REPUBLIQUE (AV DE LA),0,,2,4,0,1,1,0,1,, -1,1,0,1,50,1,3,2021,05:50,5,94,94046,2,2,0,3,REPUBLIQUE (AV DE LA),48.80284,2.43429,5,2,2
202100007474,188Â 392,A01,1,1,2,0,8,-1,-1,0,0,-1,2021,43.0,2,2,13,0,3,5,1,,3,910,0,,2,2,0,2,12,40,2,, -1,1,0,3,90,19,11,2021,14:30,1,37,37276,1,1,0,6,D910,47.5453634676,0.8609046042,14,1,1
202100019448,166Â 874,A01,1,1,1,1,2,6,-1,-1, -1,-1,2021,39.0,2,1,0,2,1,1,1,,1,A4,0,,3,5,0,1,6,599,1,, -1,1,0,1,90,12,9,2021,19:20,1,94,94042,1,1,0,2,A4,48.8277250304,2.4703252316,19,2,2
202100039645,130Â 725,A01,2,2,1,5,1,-1,-1,0,0,-1,2021,22.0,2,2,16,0,2,1,1,,3,33,-1,,2,2,0,2,10,950,1,, -1,1,0,3,-1,18,5,2021,09:00,1,72,72224,1,1,0,7,La Maison Rouge,48.027289,0.491531,9,2,1
202100042074,126Â 419,B01,10,3,1,0,0,-1,-1,2,3,1,2021,51.0,2,3,0,0,0,0,0,1.0,3,DANIELLE CASANOVA (RUE)  59 =>,0,,2,3,3,1,0,1,1,, -1,1,0,1,50,29,4,2021,12:35,1,93,93001,2,1,0,1,DANIELLE CASANOVA (RUE)  59 =>,48.91494,2.40283,12,3,2
202100015360,174Â 256,A01,10,3,1,5,0,-1,-1,3,3,1,2021,60.0,1,2,0,1,2,1,1,,4,AVENUE GEORGE V,0,,2,-1,0,1,(1),(1),1,, -1,2,0,1,30,2,10,2021,20:50,5,75,75108,2,4,1,6,AVENUE GEORGE V,48.866206,2.301454,20,2,1
202100003612,195Â 289,B01,1,1,2,5,1,8,-1,-1, -1,-1,2021,82.0,2,2,0,2,2,1,1,,4,VALLEES DES,0,,2,4,2,1,0,0,1,, -1,2,0,1,30,10,12,2021,19:45,5,64,64445,2,1,1,3,VALLEES DES,43.29096,-0.38497,19,2,2
202100039437,131Â 110,A01,1,1,1,9,2,6,-1,-1, -1,-1,2021,22.0,1,1,0,2,2,17,1,,3,TARBES DE,0,,2,3,0,1,21,270,1,, -1,2,9,1,50,17,5,2021,16:25,1,64,64269,2,1,0,3,TARBES DE,43.29872,-0.30516,16,2,2
202100018714,168Â 188,B01,1,1,1,0,2,0,-1,-1, -1,-1,2021,24.0,2,1,0,2,1,1,1,,1,A4,0,,3,9,0,1,9,0,1,, -1,2,1,1,90,15,9,2021,14:25,1,94,94017,1,1,1,2,A4,48.8284416936,2.5027316394,14,2,2
202100056434,101Â 025,A01,10,3,2,3,8,8,-1,0,0,-1,2021,84.0,3,4,0,1,3,0,1,,3,THEOPHILE SUEUR (BOULEVARD),0,,1,2,0,1,1,0,1,, -1,1,5,1,50,2,1,2021,09:50,1,93,93048,2,2,0,6,THEOPHILE SUEUR (BOULEVARD),48.8629,2.4663,9,2,1
202100010763,182Â 493,B01,3,2,2,5,0,-1,-1,0,0,-1,2021,23.0,1,2,9,0,5,24,1,,3,922,-1,D,1,1,0,1,34,200,1,, -1,1,0,1,30,26,10,2021,20:11,3,95,95052,2,1,0,2,Rue de Senlis,49.143032,2.2939,20,4,2
202100008034,187Â 368,B01,1,1,1,0,8,0,-1,-1, -1,-1,2021,72.0,3,1,0,2,3,1,5,,3,LIBERTE (AVENUE DE LA),0,,2,1,0,1,0,100,3,, -1,1,0,1,80,12,11,2021,15:15,1,28,28404,2,1,0,1,LIBERTE (AVENUE DE LA),48.7300301919,1.3266241548,15,2,2
202100025834,155Â 515,A01,1,1,1,1,2,-1,-1,0,0,-1,2021,16.0,1,1,1,0,1,1,1,,3,RD62,0,,2,2,0,2,11,86,1,, -1,1,0,1,30,3,8,2021,18:40,1,86,86021,2,1,0,2,9 Route OcÃ©ane,46.55881,0.047336,18,2,2
202100049513,113Â 249,B01,1,1,1,0,2,8,-1,-1, -1,-1,2021,54.0,2,1,0,2,1,1,1,,4,BAILLE (BOULEVARD),0,,3,4,0,2,0,0,1,, -1,1,0,1,50,28,2,2021,20:00,5,13,13206,2,2,0,3,BAILLE (BOULEVARD),43.28749,5.38907,20,2,2
202100004601,193Â 552,B01,1,1,1,1,2,4,-1,0,0,-1,2021,16.0,2,1,0,2,1,1,1,,3,7,-1,,2,1,0,4,34,400,1,,"3,5",1,0,1,50,1,12,2021,07:20,2,42,42056,2,2,0,3,D7,45.4121571336,4.737811625,7,2,2
202100039972,130Â 141,A01,1,1,1,0,2,0,-1,-1, -1,-1,2021,25.0,2,1,0,2,2,1,1,,3,JEAN JAURES  (AVE)  157 A 213,0,,2,4,0,1,0,1,1,, -1,1,0,1,50,14,5,2021,19:45,1,93,93001,2,1,0,3,Avenue Jean JaurÃ¨s,48.9118859206,2.4009472132,19,2,2
202100038149,133Â 460,B01,1,1,1,1,8,-1,-1,-1, -1,-1,2021,35.0,2,2,0,2,4,2,1,,4,GERLAND (DE)                        (R ),0,,2,2,0,1,(1),(1),1,, -1,1,0,1,50,26,5,2021,17:25,1,69,69387,2,1,0,2,GERLAND (DE) (R),45.74247,4.84129,17,2,2
202100037189,135Â 211,B01,1,1,2,5,1,0,-1,-1, -1,-1,2021,23.0,3,2,0,2,3,1,1,,3,JOHN KENNEDY (AVENUE),0,,3,4,0,1,2,630,1,, -1,1,0,1,50,30,5,2021,15:45,1,86,86194,2,2,0,3,Avenue John Kennedy,46.58224,0.36789,15,3,2
202100036171,137Â 036,A01,1,1,1,5,2,6,-1,0,0,-1,2021,56.0,1,1,0,5,1,1,1,,3,84,-1,,2,2,0,1,54,900,1,, -1,1,0,1,50,7,6,2021,11:45,1,202,202007,2,1,0,6,15 Petricaju -- RD 84,42.326945,8.984247,11,1,1
202100014633,175Â 558,B01,1,1,1,9,2,0,-1,0,0,-1,2021,22.0,2,1,0,2,7,1,1,,4,RUE DU HAMEAU,0,,1,2,3,1,(1),(1),1,, -1,1,0,6,50,7,10,2021,11:55,1,75,75115,2,1,0,3,RUE DU HAMEAU,48.834014,2.297406,11,2,2
202100032585,143Â 527,B01,1,1,1,5,2,-1,-1,0,0,-1,2021,63.0,1,1,0,2,1,1,1,,3,999,0,D,2,2,0,1,73,750,1,, -1,1,0,1,50,24,6,2021,17:40,1,30,30263,2,9,0,3,Place de la Couronne,43.960619,3.858207,17,2,2
202100049823,112Â 689,A01,1,1,1,5,2,6,-1,0,0,-1,2021,21.0,1,1,3,0,8,17,1,,2,165,0,D,1,4,0,1,10,50,1,, -1,1,0,1,110,28,2,2021,15:25,1,29,29147,1,1,0,6,N165 - La Magdeleine,47.870546,-3.596761,15,1,1
202100046185,119Â 217,A01,1,1,1,0,0,-1,-1,0,0,-1,2021,16.0,0,1,0,0,0,0,1,,4,CV8,-1,,2,2,0,1,(1),(1),1,, -1,2,0,1,50,28,3,2021,15:30,1,971,97103,2,1,1,7,rue bongout 971,16.271791,-61.566782,15,1,1
202100054310,104Â 681,B01,1,1,1,1,2,6,-1,-1, -1,-1,2021,29.0,3,1,0,2,1,1,1,,3,PERRIN,0,,3,2,0,1,0,0,1,, -1,1,0,1,50,20,1,2021,16:00,1,971,97101,1,3,0,3,PROVIDENCE,16.27905,-61.50993,16,2,2
202100025289,156Â 456,A01,1,1,1,5,2,6,-1,-1, -1,-1,2021,16.0,2,1,0,0,2,1,1,,4,GAMBETTA RUE,0,,2,2,0,1,(1),(1),1,, -1,1,0,1,50,31,7,2021,14:55,1,42,42207,2,4,0,7,Rue Gambetta,45.47271,4.50916,14,2,1
202100038407,132Â 988,A01,2,2,2,5,1,8,-1,-1, -1,-1,2021,20.0,2,2,12,0,0,21,1,,3,AV VICTOR HUGO ,0,,1,1,2,1,0,1,1,, -1,1,0,1,50,25,5,2021,01:45,5,94,94022,2,1,0,6,Avenue Victor Hugo,48.770671526,2.4269614218,1,2,1
202100011913,180Â 431,A01,1,1,2,3,1,-1,-1,0,0,-1,2021,72.0,1,2,13,0,2,13,1,,3,24,0,D,2,2,0,1,19,867,2,, -1,2,0,8,80,20,10,2021,12:00,1,41,41073,1,1,1,6,D24,47.901028,1.038896,12,1,1
202100053024,106Â 943,B01,1,1,1,2,2,-1,-1,0,0,-1,2021,16.0,1,1,0,2,1,1,1,,3,D1,-1,,2,2,0,3,14,0,1,, -1,1,0,1,80,26,1,2021,08:19,1,22,22176,1,2,0,3,Rue de Bel Air,48.449995,-2.700083,8,2,2
202100022816,160Â 824,A01,1,1,1,4,8,0,-1,-1, -1,-1,2021,24.0,2,2,0,2,1,1,1,,4,ANTHOINE (RUE D'),0,,1,1,0,1,0,0,1,, -1,1,8,1,50,23,8,2021,10:20,1,13,13202,2,2,0,3,ANTHOINE (RUE D'),43.316430009,5.368357379,10,2,2
202100023557,159Â 531,A01,1,1,1,5,2,6,-1,-1, -1,-1,2021,62.0,1,1,0,2,1,1,1,,3,PASTEUR (AVENUE),0,,2,2,0,1,51,420,1,, -1,1,0,1,50,28,3,2021,11:35,1,19,19031,2,1,0,2,PASTEUR (AVENUE),45.16564,1.53191,11,2,2
202100051995,108Â 768,A01,1,1,1,0,1,0,-1,-1, -1,-1,2021,38.0,1,2,0,2,4,1,1,,3,RTE DE FONTAINEBLEAU,0,,1,2,0,1,0,0,1,, -1,1,1,1,70,9,2,2021,16:00,1,91,91479,1,1,0,2,RTE DE FONTAINEBLEAU,48.71982,2.37096,16,2,2
202100017795,169Â 809,A01,10,3,1,5,0,-1,-1,5,1,1,2021,11.0,1,5,0,9,2,16,1,,4,FRANCOIS REBOULD (BOULEVARD),0,,2,2,0,2,(1),(1),1,, -1,1,0,1,50,20,9,2021,18:28,5,972,97209,2,1,0,6,FRANCOIS REBOULD (BOULEVARD),14.606146,-61.060015,18,2,1
202100019670,166Â 490,B01,1,1,2,9,8,0,-1,-1, -1,-1,2021,20.0,1,1,0,2,3,1,3,,4,AYRAULT,0,,3,4,0,1,(1),0,1,, -1,1,0,1,50,10,9,2021,18:50,1,49,49007,2,1,0,3,AYRAULT,47.47751,-0.553192,18,2,2
202100029412,149Â 205,A01,10,3,1,0,0,-1,-1,5,2,1,2021,17.0,3,2,0,1,2,1,1,,3,LENINE AVENUE,0,,2,2,0,1,0,1,1,, -1,1,0,1,50,11,7,2021,11:35,1,93,93063,2,1,0,6,Avenue LÃ©nine,48.88432,2.43002,11,2,1
202100023410,159Â 772,A01,10,3,2,3,0,-1,-1,2,3,1,2021,72.0,2,2,0,1,7,16,1,,3,PUYRAVEAU (ROUTE DE),0,,2,2,0,1,0,10,3,, -1,1,9,1,50,18,8,2021,11:00,1,79,79329,2,6,0,7,52 Route de Puyraveau,46.9793,-0.1984,11,2,1
202100046884,117Â 970,B01,1,1,2,9,2,0,-1,-1, -1,-1,2021,45.0,1,1,0,0,0,1,0,,4,MARE GRISEAU NÂ°2 (RESIDENCE),0,,-1,1,0,2,(1),(1),1,, -1,1,0,1,50,23,3,2021,08:55,1,78,78367,2,1,0,6,MARE GRISEAU NÂ°2 (RESIDENCE),48.88345,2.07173,8,2,2
202100008204,187Â 055,A01,10,3,2,0,0,-1,-1,3,3,-1,2021,81.0,3,2,0,1,1,0,1,,7,106,0,D,2,2,0,1,(1),(1),1,, -1,1,0,1,50,5,11,2021,08:30,1,38,38486,2,1,0,6,Avenue de Grenoble,45.16868,5.691798,8,2,1