Num_Acc,id_vehicule,num_veh,place,catu,sexe,trajet,secu1,secu2,secu3,locp,actp,etatp,year_acc,victim_age,senc,catv,obs,obsm,choc,manv,motor,occutc,catr,voie,v1,v2,circ,nbv,vosp,prof,pr,pr1,plan,lartpc,larrout,surf,infra,situ,vma,jour,mois,an,hrmn,lum,dep,com,agg_,int,atm,col,adr,lat,long,hour,nb_victim,nb_vehicules
202100018824,167Â 997,B01,1,1,1,0,2,6,-1,-1, -1,-1,2021,36.0,1,1,0,2,3,1,1,,3,,0,,1,3,1,1,0,0,1,, -1,1,0,6,50,15,9,2021,22:10,5,92,92062,2,2,0,3,GENERAL DE GAULLE (AV) DU 44 AU 106,48.88767,2.2328,22,2,2
202100037092,135Â 401,A01,1,1,1,0,1,-1,-1,0,0,-1,2021,21.0,1,2,6,0,3,13,1,,3,RD11,-1,,2,2,0,1,6,500,1,, -1,2,0,4,50,2,6,2021,18:50,1,80,80661,2,1,1,6,60 Rue d'Amiens,49.968044,2.351198,18,1,1
202100015761,173Â 498,B01,1,1,1,1,2,6,-1,-1, -1,-1,2021,48.0,2,1,0,2,1,1,3,,2,MARECHAL DE LATTRE DE TASSIGNY (AV),0,,2,6,0,1,1,0,1,, -1,1,5,1,50,30,9,2021,21:15,5,94,94075,2,2,0,3,Avenue du Mal de Lattre de Tassigny,48.72749,2.53106,21,2,2
202100045940,119Â 636,B01,1,1,1,2,2,6,-1,-1, -1,-1,2021,16.0,1,1,0,2,3,1,1,,4,MUIDS (RUE DES MUIDS),0,,2,2,0,1,(1),(1),1,, -1,1,0,1,50,30,3,2021,07:55,1,45,45075,2,2,0,3,Rue des Muids,47.8855546678,1.8193369668,7,2,2
202100028921,150Â 035,A01,1,1,1,5,1,-1,-1,0,0,-1,2021,39.0,2,2,15,0,3,0,1,,3,946,0,D,2,2,0,1,(1),(1),3,, -1,2,0,3,80,13,7,2021,20:40,1,64,64406,1,1,1,7,D946,43.50772,-0.543891,20,1,1
202100041543,127Â 349,B01,1,1,1,5,1,0,-1,-1, -1,-1,2021,76.0,2,2,6,2,7,1,1,,4,COMBES DES DAMES (RUE),0,,2,2,0,1,0,0,1,, -1,2,0,1,30,29,4,2021,09:30,1,24,24322,2,2,1,3,COMBES DES DAMES (RUE),45.1896,0.72019,9,2,2
202100015142,174Â 645,B01,1,1,2,1,8,0,-1,-1, -1,-1,2021,41.0,1,1,1,0,1,1,5,,4,,0,,2,2,1,2,0,0,1,, -1,1,9,5,50,4,10,2021,16:51,1,92,92050,2,1,0,3,PICASSO PABLO AVENUE,48.8892605697,2.229564786,16,2,2
202100056211,101Â 418,B01,1,1,1,5,2,6,-1,0,0,-1,2021,18.0,1,1,0,2,7,1,1,,4,,-1,,2,2,0,1,(1),(1),1,, -1,2,0,1,50,5,1,2021,18:00,5,37,37132,2,3,1,3,Rue des LÃ©zards,47.1312710644,0.9838305701,18,2,2
202100022977,160Â 558,A01,1,1,2,9,1,-1,-1,0,0,-1,2021,24.0,2,2,4,0,1,2,1,,1,8,-1,,1,1,0,2,186,0,3,, -1,1,3,1,50,22,8,2021,06:50,1,6,6088,1,1,0,6,"bretelle entrÃ©e nÂ°51 autoroute A8, CADAM, direction CANNES",43.674639,7.19597,6,2,1
202100037053,135Â 468,A01,1,1,1,9,2,8,-1,0,0,-1,2021,41.0,1,1,0,2,1,18,1,,4,BOULEVARD DE LA TOUR MAUBOURG,0,,1,2,0,1,(1),(1),1,, -1,1,0,1,50,1,6,2021,20:00,1,75,75107,2,4,0,2,BOULEVARD DE LA TOUR MAUBOURG,48.856335126,2.3098165714,20,2,2
202100007340,188Â 633,A01,10,3,1,5,0,-1,-1,4,3,1,2021,86.0,2,2,0,1,7,1,1,,4,BOULEVARD DE PORT ROYAL,0,,-1,4,0,2,(1),(1),1,, -1,1,0,1,30,19,11,2021,18:30,5,75,75105,2,3,0,6,BOULEVARD DE PORT ROYAL,48.838276,2.342062,18,2,1
202100018749,168Â 128,B01,1,1,1,9,8,-1,-1,-1, -1,-1,2021,29.0,2,1,0,2,7,1,5,,4,MICHEL DUPEUPLE    (Rue),0,,2,2,0,1,(1),(1),1,, -1,1,0,1,50,15,9,2021,12:20,1,69,69266,2,6,0,3,MICHEL DUPEUPLE (R),45.77492,4.8885,12,2,2
202100019335,167Â 066,A01,1,1,1,5,2,8,-1,0,0,-1,2021,37.0,2,1,0,2,1,2,5,,3,CONDE (RUE DE),0,,2,2,0,1,1,430,1,, -1,1,2,1,50,11,9,2021,17:02,1,61,61397,2,1,0,2,CONDE (RUE DE),48.424,0.0613,17,2,2
202100038100,133Â 559,C01,2,2,2,0,1,-1,-1,0,0,-1,2021,14.0,1,2,0,2,4,23,1,,3,921,0,,2,2,0,1,71,500,2,, -1,2,0,1,80,26,5,2021,14:55,1,45,45193,1,1,1,4,D921-PR 71 + 500,47.773383,2.03714,14,5,3
202100052497,107Â 886,A01,1,1,2,1,1,-1,-1,0,0,-1,2021,36.0,2,2,0,0,2,1,1,,3,18,-1,,2,2,0,2,6,500,3,, -1,2,0,3,80,5,2,2021,20:00,3,58,58134,1,9,1,6,rd 18,46.954217,3.291661,20,1,1
202100002545,197Â 233,A01,2,2,2,5,1,-1,-1,0,0,-1,2021,63.0,1,2,0,2,1,1,1,,3,1330,-1,,2,3,0,1,21,290,1,, -1,1,0,1,90,19,12,2021,18:25,3,60,60138,1,1,0,5,D1330,49.21758,2.599066,18,9,3
202100040430,129Â 344,A01,1,1,1,5,1,-1,-1,-1,0,-1,2021,29.0,1,2,0,2,1,1,1,,3,RD 170E,0,,3,1,0,1,0,10,1,, -1,1,0,1,70,11,5,2021,15:20,1,95,95277,1,1,0,2,RD 170E,48.9770259061,2.4630823508,15,2,2
202100005410,192Â 125,A01,2,2,2,0,1,-1,-1,0,0,-1,2021,15.0,2,2,2,0,2,0,1,,4,,-1,,2,2,0,1,(1),(1),1,,5,2,0,3,50,30,11,2021,12:15,1,58,58086,2,1,0,1,11 Chemin des FougÃ¨res,47.371286,2.907026,12,2,1
202100033862,141Â 234,A01,1,1,2,1,2,0,-1,-1, -1,-1,2021,47.0,3,1,0,2,1,26,1,,4,SANGNIER (AVENUE MARC),0,,2,2,0,2,0,0,1,, -1,1,0,1,50,16,6,2021,08:50,1,13,13028,2,1,0,2,SANGNIER (AVENUE MARC),43.1723694359,5.5984173886,8,2,2
202100038001,133Â 737,A01,1,1,1,4,2,6,-1,-1, -1,-1,2021,31.0,0,1,0,2,3,1,1,,7,DAVOUST (RUE EMILE DAVOUST),0,,1,1,0,1,(1),(1),1,, -1,1,0,1,50,27,5,2021,14:40,1,45,45234,2,2,0,4,Rue Fernand Rabier,47.90394,1.90973,14,3,3
202100013440,177Â 711,A01,1,1,2,0,0,-1,-1,0,0,-1,2021,64.0,3,2,0,2,5,19,1,,3,1015,0,D,2,2,0,1,196,0,1,, -1,1,0,1,80,14,10,2021,15:55,1,80,80062,1,2,0,3,D1015,49.837097,1.765473,15,2,2
202100045860,119Â 781,A01,1,1,2,5,0,-1,-1,0,0,-1,2021,15.0,1,6,0,0,8,19,0,,3,151,0,,2,2,0,1,15,77,3,, -1,1,0,1,80,31,3,2021,13:45,1,17,17236,1,1,0,3,Chez guerin nord,45.335028,-0.593433,13,4,2
202100055046,103Â 420,A01,1,1,2,1,1,-1,-1,-1,0,-1,2021,32.0,1,2,0,2,4,1,1,,3,70,0,,2,2,0,1,2,100,1,, -1,1,0,1,80,14,1,2021,17:35,1,29,29039,1,1,0,4,D70 - Craostallouroun,47.9165,-3.90399,17,4,3
202100051100,110Â 335,B01,1,1,1,4,2,8,-1,-1, -1,-1,2021,20.0,1,1,0,2,1,1,1,,4,QUATRE SEPTEMBRE (RUE DU),0,,1,1,0,1,0,0,1,, -1,1,0,1,50,17,2,2021,14:45,1,92,92063,2,2,0,3,QUATRE SEPTEMBRE (RUE DU),48.8760430142,2.1827253699,14,2,2
202100024339,158Â 167,A01,1,1,1,5,2,-1,-1,0,0,-1,2021,29.0,2,1,0,2,1,1,1,,3,40,0,D,2,2,0,1,(1),(1),3,, -1,1,0,1,80,14,8,2021,16:10,1,84,84110,1,1,0,1,D 40,44.206985,5.282857,16,2,2
202100003895,194Â 792,A01,1,1,1,4,8,-1,-1,0,0,-1,2021,36.0,2,4,0,0,7,19,1,,3,133,0,,2,2,0,1,22,0,1,, -1,1,0,1,90,9,12,2021,09:45,1,3,3011,1,2,0,3,rd 133 / rd 29,46.670864,3.351409,9,3,2
202100032541,143Â 602,A01,1,1,1,0,2,0,-1,-1, -1,-1,2021,27.0,1,1,0,2,8,1,1,,3,910,0,,1,3,0,1,0,0,2,, -1,1,3,1,50,24,6,2021,09:45,1,92,92012,2,4,0,3,GENERAL LECLERC (AVENUE DU) 35/FIN - 60/,48.8298850675,2.2304525971,9,2,2
202100015075,174Â 760,A01,1,1,1,5,1,0,-1,-1, -1,-1,2021,90.0,1,2,1,0,1,1,1,,3,MAS DE CHEYLON,0,,1,2,0,1,0,240,1,, -1,1,0,1,50,22,9,2021,12:45,1,30,30189,2,1,0,6,MAS DE CHEYLON,43.813,4.3286,12,1,1
202100004530,193Â 678,A01,1,1,1,0,1,8,-1,0,0,-1,2021,73.0,3,2,13,0,1,14,1,,3,NAPOLEON (ROUTE),0,,2,2,0,2,39,839,2,, -1,1,0,3,80,5,12,2021,19:30,3,6,6069,1,1,0,6,NAPOLEON (ROUTE),43.67669,6.904373,19,1,1
202100000396,200Â 994,A01,1,1,1,5,1,-1,-1,0,0,-1,2021,20.0,1,2,13,0,3,1,1,,3,40,-1,,2,2,0,2,23,460,1,, -1,1,0,1,50,27,12,2021,14:00,1,30,30352,1,1,0,6,D40,43.789523,4.092527,14,1,1
202100036778,135Â 969,A01,10,3,2,5,0,-1,-1,3,3,1,2021,47.0,1,2,0,1,2,1,1,,4,ALBERT MARCELLIN,0,,-1,2,0,1,0,0,1,, -1,1,0,1,50,1,6,2021,14:31,1,66,66136,2,1,0,6,ALBERT MARCELLIN,42.69077,2.89107,14,2,1
202100014314,176Â 117,B01,1,1,1,1,2,6,-1,-1, -1,-1,2021,42.0,1,1,0,2,1,1,1,,4,LOVERCHY (CIMETIERE/AVENUE),0,,2,4,1,1,0,0,1,, -1,1,0,1,50,11,6,2021,06:54,1,74,74010,2,1,1,3,LOVERCHY (CIMETIERE/AVENUE),45.8933,6.1156,6,2,2
202100045094,121Â 127,A01,2,2,1,0,1,0,-1,-1, -1,-1,2021,1.0,1,2,4,0,2,2,1,,1,AUTOROUTE A6B,0,,-1,3,0,1,3,500,1,, -1,2,0,1,90,5,4,2021,15:30,1,94,94038,1,1,0,6,AUTOROUTE A6B,48.78664,2.34504,15,2,1
202100015059,174Â 790,A01,1,1,1,5,1,8,-1,-1, -1,-1,2021,24.0,2,2,12,0,2,14,1,,4,ALOUETTE (AVENUE),0,,2,2,0,2,(1),(1),3,, -1,2,0,1,50,3,10,2021,12:40,1,37,37261,2,1,1,7,ALOUETTE (AVENUE),47.3625860282,0.6959813382,12,1,1
202100031461,145Â 511,A01,1,1,1,4,1,-1,-1,0,0,-1,2021,31.0,1,4,0,0,7,1,1,,4,VC1,-1,,2,2,0,2,(1),(1),1,, -1,1,0,3,90,1,7,2021,13:50,1,19,19007,1,1,0,7,Fontmerle,44.960604,1.878123,13,1,1
202100005524,191Â 922,B01,1,1,1,0,1,0,-1,-1, -1,-1,2021,51.0,1,5,0,2,4,2,0,,4,GIBBES (CHEMIN DE),0,,3,0,0,1,(1),(1),1,, -1,1,0,1,50,29,11,2021,09:26,1,13,13214,2,1,0,2,GIBBES (CHEMIN DE),43.3243773624,5.3823505106,9,2,2
202100052926,107Â 117,A01,1,1,1,1,2,6,-1,-1, -1,-1,2021,29.0,2,1,0,2,3,11,1,,3,,0,,1,4,0,1,0,0,1,, -1,1,0,1,50,1,2,2021,19:30,5,92,92012,2,1,0,3,GENERAL LECLERC (AVENUE DU) 35/FIN - 60/,48.82983,2.23156,19,2,2
202100009932,183Â 941,A01,2,2,2,5,1,0,-1,-1, -1,-1,2021,31.0,3,2,0,2,3,1,1,,3,MARECHAL DE LATTRE DE TASSIGNY (AV DU),0,,3,4,0,1,1,0,1,, -1,1,5,1,50,1,11,2021,07:30,2,94,94033,2,2,0,1,Avenue de Lattre de Tassigny,48.852197,2.494511,7,3,2
202100042629,125Â 427,A01,1,1,1,5,0,-1,-1,0,0,-1,2021,51.0,3,6,0,0,0,26,1,,4,,-1,,-1,2,0,1,(1),(1),1,, -1,1,0,8,-1,25,4,2021,15:05,1,62,62473,2,1,0,7,10 Rue Pierre Loti,50.615128,2.478453,15,2,1
202100018279,168Â 950,B01,1,1,2,0,1,-1,-1,0,0,-1,2021,29.0,2,2,1,0,3,1,1,,3,840,0,,2,2,0,1,2,600,3,, -1,2,0,1,80,19,9,2021,14:00,1,46,46085,1,1,1,3,Lieu dit Floirac,44.578883,2.129116,14,2,2
202100017840,169Â 730,A01,1,1,1,5,1,0,-1,-1, -1,-1,2021,34.0,2,2,13,0,2,1,1,,3,NOUVELLE CANEE,0,,2,2,0,2,0,0,2,, -1,1,0,3,80,19,9,2021,02:40,3,50,50502,1,3,0,5,TESSY,49.09433,-1.09287,2,2,1
202100037989,133Â 757,B01,1,1,2,1,2,0,-1,-1, -1,-1,2021,23.0,1,1,0,2,0,1,1,,3,LAYATS (AVENUE DE),0,,1,2,0,1,24,0,1,, -1,1,0,1,50,26,5,2021,23:00,3,64,64483,2,9,0,6,LAYATS (AVENUE DE),43.3995,-1.64069,23,2,2
202100023925,158Â 867,B01,1,1,1,4,2,6,-1,-1, -1,-1,2021,22.0,2,1,0,2,4,1,1,,3,906,0,,2,0,0,1,0,0,1,, -1,1,0,1,50,15,8,2021,22:55,5,92,92020,2,1,0,3,PARIS AVENUE DE NÂ° IMPAIRS,48.8049313351,2.2900423392,22,3,2
202100037733,134Â 220,B01,1,1,1,0,8,8,-1,-1, -1,-1,2021,51.0,3,1,0,2,8,1,5,,4,JEAN MOULIN (RUE) - RIV. DES GALETS,0,,2,2,0,1,0,0,1,, -1,1,5,1,50,28,5,2021,14:15,1,974,97407,2,2,0,3,JEAN MOULIN (RUE) - RIV. DES GALETS,-20.95888,55.31743,14,2,2
202100048971,114Â 213,B01,1,1,1,1,2,6,-1,-1, -1,-1,2021,29.0,2,1,0,9,7,1,1,,3,ELYSEE RECLUS (AVENUE) NÂ° 23 AU 217,0,,1,4,0,1,0,1,1,, -1,1,0,1,50,6,3,2021,19:40,5,93,93059,2,1,0,3,ELYSEE RECLUS (AVENUE) NÂ° 23 AU 217,48.94933,2.35771,19,2,2
202100005650,191Â 689,Z01,10,3,1,1,0,-1,-1,3,3,1,2021,34.0,1,2,1,1,3,18,1,,4,RUE FRANCOIS 1ER,0,,1,2,2,2,(1),(1),1,, -1,1,0,1,30,29,11,2021,06:36,5,75,75108,2,2,0,6,RUE FRANCOIS 1ER,48.868646,2.303701,6,2,1
202100046518,118Â 636,A01,1,1,1,0,2,0,-1,0,0,-1,2021,53.0,1,1,0,2,1,1,1,,7,GRANDS PRES (RUE DES),0,,2,2,2,1,(1),(1),1,, -1,1,-1,1,50,26,3,2021,09:14,1,54,54498,2,1,0,6,SARREGUEMINES (ROUTE DE),48.7143,6.2522,9,3,3
202100002565,197Â 196,A01,10,3,2,0,0,-1,-1,9,1,2,2021,13.0,0,2,0,1,0,14,1,,4,BERTHELOT,0,,2,0,0,1,0,0,1,, -1,1,0,1,50,10,6,2021,18:40,1,92,92040,2,3,0,6,BERTHELOT,48.8221504839,2.270905003,18,2,1
202100040367,129Â 449,B01,1,1,2,1,1,0,-1,0,0,-1,2021,54.0,2,2,0,2,4,23,1,,4,RUE MANIN,0,,2,2,0,1,(1),(1),1,, -1,1,0,1,30,11,5,2021,09:00,1,75,75119,2,3,0,2,RUE MANIN,48.884352,2.391315,9,2,2
202100035225,138Â 738,Z01,10,3,1,5,8,8,-1,2,3,2,2021,16.0,1,2,0,1,1,1,1,,4,DUPARCHY (RUE),0,,2,2,0,1,0,0,1,, -1,1,0,1,50,10,6,2021,17:30,1,91,91687,2,1,0,6,DUPARCHY (RUE),48.67038,2.36556,17,2,1
202100050281,111Â 838,A01,1,1,1,1,2,6,-1,0,0,-1,2021,45.0,1,1,0,6,1,21,1,,3,34,-1,,2,2,0,1,12,700,1,, -1,1,0,1,80,25,2,2021,23:00,3,29,29032,1,1,0,6,D34 - Route du Drennec,47.902707,-4.078674,23,1,1
202100039651,130Â 716,B01,1,1,1,5,0,-1,-1,0,0,-1,2021,58.0,0,1,0,2,1,1,5,,4,,-1,,-1,2,0,1,(1),(1),1,, -1,1,0,1,50,28,4,2021,17:45,1,17,17347,2,1,0,1,Boulevard Joseph Lair,45.946177,-0.522191,17,2,2
202100005391,192Â 155,A01,10,3,1,5,0,-1,-1,2,3,2,2021,2.0,2,2,0,1,3,2,1,,4,ALEXEI LEONOV (RUE),0,,2,2,0,1,0,0,1,, -1,2,0,1,50,1,12,2021,15:15,1,93,93071,2,1,1,6,ALEXEI LEONOV (RUE),48.9496154258,2.5231720968,15,2,1
202100005681,191Â 643,B01,10,3,2,5,0,-1,-1,3,3,3,2021,9.0,1,2,0,1,2,1,1,,3,43,-1,,2,2,0,1,21,600,3,, -1,1,5,1,70,27,11,2021,18:27,3,83,83049,1,6,0,6,rond point de la foux - RD 43,43.253283,6.064217,18,4,2
202100018206,169Â 065,B01,1,1,1,9,1,-1,-1,-1, -1,-1,2021,35.0,1,5,0,2,4,1,1,,4,ROCADE A 630,0,,3,2,0,1,(1),(1),1,, -1,2,0,1,80,18,9,2021,17:00,1,33,33162,1,1,1,2,ROCADE A 630,44.87239,-0.65834,17,4,2
202100026621,154Â 122,A01,1,1,1,1,2,6,-1,-1, -1,-1,2021,17.0,0,1,0,2,1,1,1,,4,,0,,2,2,0,1,0,0,1,, -1,2,0,1,50,27,7,2021,17:15,1,91,91589,2,2,0,3,AV DES TOURTERELLES,48.691733,2.35742,17,2,2
202100028520,150Â 736,A01,1,1,1,5,1,-1,-1,0,0,-1,2021,27.0,2,2,3,0,0,1,1,,2,109,0,N,3,2,0,1,8,216,1,, -1,1,0,8,110,17,7,2021,23:10,3,34,34123,1,1,0,6,N109,43.626112,3.784833,23,2,1
202100035808,137Â 700,A01,1,1,1,5,2,9,-1,0,0,-1,2021,55.0,-1,1,0,0,0,0,1,,3,52,-1,,2,2,0,3,9,611,2,, -1,9,0,1,80,9,6,2021,12:10,1,69,69209,1,3,0,7,D52,46.21981,4.462523,12,1,1
202100021421,163Â 363,B01,1,1,1,1,8,0,-1,-1, -1,-1,2021,49.0,1,1,0,2,1,1,3,,3,AV DU MARECHAL LECLERC,0,,2,2,1,1,0,0,1,, -1,1,0,5,50,1,9,2021,20:00,1,91,91377,2,1,0,3,AV DU MARECHAL LECLERC,48.73262,2.30096,20,2,2
202100025439,156Â 190,A01,10,3,2,0,0,-1,-1,3,3,1,2021,63.0,1,2,0,1,1,26,1,,7,CLEMENTEL (BD ETIENNE),0,,-1,4,0,1,(1),(1),1,, -1,1,0,1,50,4,8,2021,16:40,1,63,63113,2,1,0,6,CLEMENTEL (BD ETIENNE),45.81661,3.10936,16,2,1
202100041427,127Â 555,B01,1,1,1,0,2,0,-1,-1, -1,-1,2021,41.0,1,1,0,2,2,17,1,,3,106,0,,2,3,3,1,0,0,1,, -1,1,0,1,50,4,5,2021,13:05,1,92,92026,2,3,0,3,COLOMBES,48.90453,2.25584,13,2,2
202100038794,132Â 270,B01,5,2,1,0,1,0,-1,-1, -1,-1,2021,12.0,3,2,0,2,4,0,1,,4,ROMAIN ROLLAND (ALLEE),0,,3,2,1,1,0,0,1,, -1,2,0,1,50,22,5,2021,14:00,1,93,93014,2,1,1,2,AllÃ©e Romain Rolland,48.9045,2.55138,14,4,2
202100017830,169Â 749,A01,1,1,2,0,1,0,-1,0,0,-1,2021,25.0,1,2,10,0,4,26,1,,1,CHARME (RUE DE LA),0,,1,1,0,1,(1),(1),1,, -1,2,3,1,50,16,9,2021,20:46,5,63,63113,2,1,0,6,CHARME (RUE DE LA),45.8073831754,3.1320208311,20,1,1
202100009075,185Â 484,B01,1,1,1,1,2,0,-1,-1, -1,-1,2021,25.0,1,1,10,0,2,1,1,,4,RUE DE SAVIGNY,0,,2,2,0,1,0,0,1,, -1,1,9,3,50,6,11,2021,14:05,1,91,91432,2,2,0,3,RUE DE SAVIGNY,48.700926,2.334746,14,2,2
202100008725,186Â 137,C01,1,1,1,3,1,0,-1,-1, -1,-1,2021,77.0,1,2,0,2,4,2,1,,7,37,0,,1,2,0,1,15,0,1,, -1,1,0,1,90,8,11,2021,18:40,3,37,37195,1,1,0,4,RD 37,47.3894778569,0.6486953235,18,9,4
202100046989,117Â 790,A01,1,1,1,5,0,-1,-1,0,0,-1,2021,9.0,0,1,0,2,1,19,5,,4,,-1,,2,2,0,1,(1),(1),1,, -1,1,0,1,50,24,3,2021,14:10,1,28,28116,2,3,0,3,Avenue John Fitzgerald Kennedy,48.449699,1.24977,14,2,2
202100020098,165Â 699,A01,1,1,1,4,2,6,-1,0,0,-1,2021,42.0,2,1,0,2,4,23,3,,4,RUE MONGE,0,,2,3,0,2,(1),(1),1,, -1,1,0,1,30,8,9,2021,13:15,1,75,75105,2,2,0,2,RUE MONGE,48.84217,2.352057,13,2,2
202100005700,191Â 613,B01,1,1,1,1,1,-1,-1,0,0,-1,2021,51.0,2,2,1,0,1,1,2,,1,8,0,A,3,3,0,1,7,860,1,, -1,1,0,2,130,30,11,2021,06:30,3,13,13114,1,1,0,2,"Autoroute A8, pk 007+860",43.552362,5.313773,6,2,2
202100013554,177Â 493,A01,1,1,1,5,8,0,-1,0,0,-1,2021,20.0,1,1,0,2,1,17,5,,2,COMMANDANT DUMONT ( AVENUE),0,,2,2,0,2,36,684,1,, -1,1,0,1,50,12,10,2021,12:45,1,5,5061,2,3,0,3,COMMANDANT DUMONT ( AVENUE),44.56739,6.08337,12,2,2
202100035575,138Â 127,B01,1,1,1,1,2,6,-1,-1, -1,-1,2021,34.0,1,1,0,2,3,15,1,,3,,-1,,2,-1,-1,1,(1),(1),1,, -1,1,0,1,-1,9,6,2021,08:44,1,92,92050,2,5,1,3,PLAIDEURS RUE DES,48.87974,2.21892,8,2,2
202100044039,122Â 957,A01,1,1,2,5,1,0,-1,0,0,-1,2021,52.0,1,2,4,0,1,14,1,,4,PORTE DE VINCENNES,0,,1,4,0,1,31,900,1,, -1,1,2,1,70,14,4,2021,15:20,1,75,75112,2,1,0,6,PORTE DE VINCENNES,48.846484,2.414571,15,3,1
202100036613,136Â 262,B01,1,1,1,0,2,0,-1,-1, -1,-1,2021,41.0,1,1,0,2,2,17,1,,4,JOST ( RUE LEON ),0,,2,2,0,1,(1),(1),1,, -1,2,0,1,30,3,6,2021,06:50,1,44,44109,2,1,1,3,JOST ( RUE LEON ),47.23857,-1.56837,6,2,2
202100019065,167Â 563,A01,10,3,2,0,0,-1,-1,5,9,1,2021,81.0,1,2,0,1,4,20,1,,3,,-1,,2,2,0,1,11,326,1,,5,1,0,4,50,9,9,2021,12:15,1,85,85246,2,1,0,6,Rue Sainte-Agathe,46.72109,-1.181052,12,2,1
202100052193,108Â 418,B01,1,1,1,1,1,-1,-1,0,0,-1,2021,44.0,2,2,0,2,3,1,1,,3,2,-1,,2,1,0,1,17,300,1,, -1,2,5,1,80,8,2,2021,19:40,5,83,83127,1,6,1,1,D2,43.268519,5.780611,19,2,2
202100023930,158Â 858,B01,1,1,1,0,8,-1,-1,0,0,-1,2021,27.0,2,2,0,0,3,0,1,,3,942,0,D,2,2,0,1,27,(1),1,, -1,1,0,1,90,16,8,2021,23:20,3,23,23169,1,1,0,1,D942,46.129954,1.9434,23,2,2
202100054000,105Â 225,A01,1,1,2,5,8,-1,-1,0,0,-1,2021,23.0,2,2,2,0,9,1,1,,3,28,-1,,2,2,0,2,16,500,2,, -1,2,0,3,80,23,1,2021,17:15,1,95,95370,1,1,1,6,RD 28,49.156815,1.976166,17,1,1
202100031102,146Â 147,A01,1,1,2,5,1,0,-1,-1, -1,-1,2021,27.0,3,2,0,2,3,9,1,,4,DOUZILLIERE (RUE DE LA),0,,2,4,0,1,(1),(1),2,, -1,1,5,1,50,1,7,2021,13:37,1,37,37122,2,6,0,3,DOUZILLIERE (RUE DE LA),47.33889,0.65349,13,3,2
202100027973,151Â 703,A01,1,1,2,5,1,0,-1,-1, -1,-1,2021,85.0,1,2,0,2,7,1,1,,4,ROUGET DE L ISLE (AV),0,,1,0,0,1,1,0,1,, -1,1,0,1,50,20,7,2021,14:20,1,94,94081,2,2,0,3,Avenue Rouget de Lisle,48.78275,2.39418,14,3,2
202100041655,127Â 145,A01,1,1,1,0,2,8,-1,-1, -1,-1,2021,48.0,1,1,0,2,3,1,1,,3,RD 41 (ROCADE),0,,1,4,0,2,2,0,1,, -1,1,0,1,60,2,5,2021,15:10,1,972,97209,1,1,0,3,RD 41 (ROCADE),14.6129727796,-61.0652518272,15,2,2
202100046596,118Â 478,Y01,1,1,1,5,8,0,-1,-1, -1,-1,2021,13.0,2,1,0,0,0,0,5,,4,MARECHAL FOCH (AVENUE DU),0,,1,1,0,1,1,0,4,, -1,1,0,1,50,24,3,2021,12:14,1,59,59291,2,1,0,3,MARECHAL FOCH (AVENUE DU),50.254562,3.907926,12,2,2
202100001731,198Â 693,B01,2,2,1,5,8,0,-1,-1, -1,-1,2021,6.0,2,1,0,2,1,1,3,,4,CAMILLE PELLETAN (AVENUE),0,,2,3,3,2,0,0,1,, -1,1,0,1,50,22,12,2021,12:56,1,13,13202,2,1,0,3,CAMILLE PELLETAN (AVENUE),43.30321,5.37388,12,3,2
202100033552,141Â 791,A01,1,1,2,0,1,-1,-1,-1, -1,-1,2021,22.0,2,2,0,2,1,0,1,,4,COMMANDANT COUSTEAU ,0,,2,2,0,1,(1),(1),1,, -1,1,0,1,50,18,6,2021,08:35,1,76,76351,2,2,0,3,COMMANDANT COUSTEAU ,49.522678,0.0909846,8,2,2
202100009851,184Â 089,A01,2,1,1,4,1,-1,-1,0,0,-1,2021,57.0,2,4,3,0,1,0,1,,1,26,-1,,1,4,0,1,228,0,1,, -1,2,0,2,90,3,11,2021,07:15,2,2,2676,1,1,1,6,A26,49.535201,3.859323,7,1,1
202100043651,123Â 650,B01,1,1,2,9,8,0,-1,0,0,-1,2021,31.0,1,1,0,2,6,15,5,,4,RUE DE LA GLACIERE,0,,2,2,0,1,(1),(1),1,, -1,1,0,1,50,17,4,2021,16:40,1,75,75113,2,4,0,2,RUE DE LA GLACIERE,48.8316990236,2.3443740606,16,2,2
202100038335,133Â 109,A01,1,1,1,0,2,6,-1,-1, -1,-1,2021,27.0,1,1,0,2,1,1,1,,4,EDMOND ROSTAND (RUE),0,,3,2,3,2,0,0,1,, -1,1,0,1,50,23,5,2021,11:50,1,67,67482,2,3,0,3,EDMOND ROSTAND (RUE),48.59196,7.69295,11,2,2
202100022140,162Â 062,A01,10,3,2,5,0,-1,-1,5,9,2,2021,10.0,1,4,0,1,5,14,1,,3,92,0,E,2,2,0,2,38,690,3,, -1,1,0,4,50,28,8,2021,18:30,1,62,62451,2,1,0,6,rue de lÃ©toile,50.479985,2.275329,18,2,1
202100006272,190Â 582,A01,10,3,1,9,0,-1,-1,3,3,1,2021,81.0,3,2,0,1,1,1,1,,4,HUGO (QUAI ET PASSERELLE VICTOR),0,,2,2,0,1,0,0,1,, -1,2,9,1,50,24,11,2021,12:50,1,11,11262,2,1,1,6,HUGO (QUAI ET PASSERELLE VICTOR),43.18059,3.01097,12,2,1
202100016807,171Â 576,A01,10,3,1,5,0,-1,-1,2,3,1,2021,6.0,1,2,0,1,3,1,2,,4,VILLETANEUSE (RUE DE),0,,2,0,0,1,(1),(1),1,, -1,1,0,1,30,23,9,2021,18:35,2,95,95427,2,1,0,6,VILLETANEUSE (RUE DE),48.97233,2.34826,18,2,1