Num_Acc,id_vehicule,num_veh,place,catu,sexe,trajet,secu1,secu2,secu3,locp,actp,etatp,year_acc,victim_age,senc,catv,obs,obsm,choc,manv,motor,occutc,catr,voie,v1,v2,circ,nbv,vosp,prof,pr,pr1,plan,lartpc,larrout,surf,infra,situ,vma,jour,mois,an,hrmn,lum,dep,com,agg_,int,atm,col,adr,lat,long,hour,nb_victim,nb_vehicules
202100043453,123Â 987,A01,1,1,1,1,0,0,-1,-1, -1,-1,2021,19.0,1,1,0,2,8,9,5,,4,PERRIERES (DES) (RUE),0,,2,2,0,1,(1),(1),3,, -1,1,0,1,50,19,4,2021,06:21,2,21,21231,2,9,0,3,Rue des PerriÃ¨res,47.323279066,5.0218033791,6,2,2
202100044669,121Â 867,B01,1,1,2,5,1,-1,-1,0,0,-1,2021,34.0,1,2,0,2,1,1,1,,4,CARNOT (RUE),0,,2,2,0,1,(1),(1),1,, -1,1,0,1,50,8,4,2021,16:22,1,65,65440,2,2,0,1,CARNOT (RUE),43.224016,0.069778,16,4,2
202100053865,105Â 464,A01,2,2,1,5,2,6,-1,-1, -1,-1,2021,37.0,3,1,1,0,1,1,1,,4,BERANGER (RUE),0,,1,1,0,1,0,0,1,, -1,7,0,1,50,24,1,2021,02:40,3,92,92025,2,1,1,6,BERANGER (RUE),48.9191716965,2.2309917212,2,2,1
202100050037,112Â 302,A01,1,1,2,0,8,0,-1,-1, -1,-1,2021,40.0,1,0,6,0,1,16,3,,4,GARE   RUE DE LA,0,,1,1,2,2,(1),(1),1,, -1,1,9,1,30,26,2,2021,11:30,1,17,17028,2,3,0,7,GARE   RUE DE LA,46.13572,-1.11214,11,1,1
202100005750,191Â 519,B01,1,1,1,0,1,0,-1,-1, -1,-1,2021,40.0,1,2,0,2,1,1,1,,4,PIECE NOYEE (QUAI DE LA),0,,2,2,0,1,0,0,1,, -1,2,0,1,50,28,11,2021,05:45,5,64,64102,2,1,1,1,AllÃ©e de la PiÃ¨ce NoyÃ©e,43.49957,-1.48182,5,2,2
202100045382,120Â 613,A01,1,1,2,5,8,0,-1,-1, -1,-1,2021,16.0,1,1,0,2,7,15,5,,4,VENISE (RUE),0,,2,3,1,1,(1),(1),1,, -1,1,5,1,50,2,4,2021,13:45,1,51,51454,2,2,0,3,Rue de Venise,49.2491428808,4.0369553178,13,3,2
202100049985,112Â 393,B01,1,1,2,0,1,-1,-1,-1, -1,-1,2021,29.0,1,2,0,2,1,1,1,,4,FERDINAND BUISSON                   (R ),0,,1,2,1,1,(1),(1),1,, -1,1,0,1,50,26,2,2021,11:50,1,69,69383,2,2,0,3,FERDINAND BUISSON (R),45.74977,4.88978,11,2,2
202100050283,111Â 834,A01,1,1,2,9,1,-1,-1,0,0,-1,2021,28.0,1,2,0,2,1,1,1,,7,945,0,,3,1,0,1,(1),(1),1,, -1,1,0,1,70,24,2,2021,16:30,1,59,59252,1,3,0,3,D945,50.719629,2.939226,16,2,2
202100002546,197Â 230,B01,1,1,1,4,1,-1,-1,0,0,-1,2021,46.0,2,2,0,2,1,1,1,,3,973,-1,,2,2,0,1,5,500,1,, -1,1,0,1,80,15,12,2021,17:45,3,60,60674,1,1,0,3,D973,49.379708,2.910054,17,2,2
202100002475,197Â 346,A01,1,1,2,0,1,0,-1,-1, -1,-1,2021,39.0,3,2,1,0,1,21,1,,4,AV JEAN KIFFER ,0,,2,2,0,1,1,0,1,, -1,1,0,1,30,16,12,2021,16:00,1,94,94059,2,1,0,1,Avenue Jean Kiffer,48.80605,2.578,16,2,2
202100027257,152Â 999,A01,1,1,1,5,1,-1,-1,0,0,-1,2021,49.0,1,2,0,2,1,17,1,,3,901,0,D,2,2,0,1,38,500,1,, -1,2,0,1,80,24,7,2021,22:15,3,62,62214,1,1,1,5,D901,50.65765,1.705477,22,10,3
202100043094,124Â 644,A01,2,2,2,5,8,-1,-1,0,0,-1,2021,71.0,1,2,14,0,1,13,1,,3,789,-1,,1,2,0,1,17,650,1,, -1,1,5,1,80,22,4,2021,15:15,1,29,29190,1,6,0,6,Le Lannou,48.3533503922,-4.7182866047,15,2,1
202100009223,185Â 228,A01,10,3,2,3,8,8,-1,2,3,1,2021,90.0,1,4,0,1,3,15,1,,4,FOSSE (RUE RICHARD),0,,1,1,0,1,(1),(1),1,, -1,1,0,1,50,27,10,2021,11:25,1,81,81065,2,1,0,6,FOSSE (RUE RICHARD),43.600446,2.257076,11,2,1
202100029790,148Â 540,A01,10,3,2,3,0,-1,-1,8,1,1,2021,86.0,3,5,0,1,6,4,1,,4,BORDIERS (RUE DES),0,,1,1,3,1,(1),(1),1,, -1,1,0,6,30,8,7,2021,15:18,1,37,37261,2,1,0,6,BORDIERS (RUE DES),47.4249275734,0.6725732982,15,2,1
202100010146,183Â 564,A01,2,2,1,5,1,-1,-1,-1, -1,-1,2021,26.0,1,2,1,0,1,1,1,,4,TIRELIRE (RUE),0,,1,1,0,1,(1),(1),1,, -1,2,9,1,30,30,10,2021,03:05,5,51,51454,2,1,1,7,Rue de la Tirelire,49.2587231037,4.0283661605,3,2,1
202100011740,180Â 740,C01,4,2,2,0,1,8,-1,-1, -1,-1,2021,0.0,2,2,0,2,4,2,1,,1,AUTOROUTE A6,0,,3,6,0,1,10,399,1,, -1,1,0,1,110,22,10,2021,13:35,1,91,91689,1,1,0,5,AUTOROUTE A6,48.72965,2.31474,13,7,3
202100007726,187Â 949,A01,10,3,2,2,0,-1,-1,2,3,1,2021,12.0,1,2,0,1,1,1,1,,3,902,-1,,2,2,0,1,2,100,1,, -1,1,0,1,50,15,11,2021,16:30,1,7,7341,2,1,0,6,258 Rue Jacques DuprÃ©,44.555106,4.4976639,16,2,1
202100047797,116Â 318,A01,1,1,2,0,8,-1,-1,-1, -1,-1,2021,68.0,2,1,12,0,0,0,5,,4,MITTERAND (MAIL FRANCOIS),0,,2,3,1,1,(1),(1),1,, -1,1,0,5,50,16,3,2021,14:42,1,35,35238,2,1,0,6,MITTERAND (MAIL FRANCOIS),48.1083995175,-1.696139127,14,1,1
202100026514,154Â 307,B01,1,1,1,0,1,0,-1,-1, -1,-1,2021,48.0,0,2,0,2,8,16,0,,3,EUROPE (CARREFOUR DE L'),0,,3,6,0,1,0,1,3,, -1,1,5,1,50,29,7,2021,08:30,1,93,93005,2,6,0,3,Carrefour de lâEurope / Boulevard Georges Braque,48.951804,2.485049,8,2,2
202100023123,160Â 282,A01,1,1,1,0,2,8,-1,-1, -1,-1,2021,18.0,1,1,0,0,8,1,1,,3,CARPONT (RUE DU),0,,1,2,0,1,1,0,2,, -1,8,0,1,50,21,8,2021,10:25,1,22,22215,2,6,0,7,CARPONT (RUE DU),48.5013620294,-2.7797513005,10,1,1
202100051049,110Â 424,A01,10,3,2,2,0,-1,-1,3,3,1,2021,19.0,2,2,0,1,2,1,1,,4,LECOQ (BOULEVARD PIERRE),0,,2,2,0,1,0,0,1,, -1,1,0,1,50,15,2,2021,08:00,2,49,49099,2,1,0,6,LECOQ (BOULEVARD PIERRE),47.04929,-0.86645,8,2,1
202100046839,118Â 058,A01,1,1,1,5,2,6,9,0,0,-1,2021,36.0,2,1,0,6,1,1,1,,3,16,0,D,2,2,0,1,18,100,1,, -1,1,0,1,80,19,3,2021,02:00,3,40,40150,1,1,0,6,LARAOU,43.820711,-1.256078,2,1,1
202100030637,146Â 996,A01,2,2,1,5,2,-1,-1,0,0,-1,2021,16.0,2,1,3,2,4,2,1,,3,62,-1,,3,4,0,1,3,300,1,, -1,1,0,1,110,5,7,2021,00:20,3,34,34154,1,1,0,2,D62,43.554532,4.007553,0,3,2
202100046329,118Â 957,A01,1,1,2,0,1,8,-1,-1, -1,-1,2021,30.0,1,2,15,0,7,1,1,,2,JAURES (BOULEVARD JEAN),0,,1,3,0,1,0,0,1,, -1,2,0,1,90,27,3,2021,18:30,5,974,97411,1,1,1,7,JAURES (BOULEVARD JEAN),-20.88991,55.46313,18,1,1
202100020661,164Â 699,B01,1,1,1,1,2,6,-1,0,0,-1,2021,23.0,1,1,7,2,2,2,1,,3,D940,-1,,-1,2,0,1,43,768,1,, -1,1,9,1,50,7,9,2021,08:30,1,62,62746,2,1,0,2,7 Rue Edmond Madare,50.677303,1.634488,8,2,2
202100027074,153Â 327,A01,1,1,2,5,8,0,-1,0,0,-1,2021,57.0,1,1,0,2,8,1,1,,4,ALLEUX (RUE DES ),0,,2,0,0,1,0,0,2,, -1,1,0,1,50,13,7,2021,18:20,1,22,22187,2,1,0,2,ALLEUX (RUE DES ),48.5530432688,-2.7799101945,18,2,2
202100040604,129Â 034,B01,1,1,2,0,1,0,-1,-1, -1,-1,2021,11.0,2,0,0,2,1,1,6,,4,TUILERIES (QUARTIERS DES),0,,2,2,0,1,(1),(1),2,, -1,1,0,1,50,9,5,2021,16:54,1,68,68256,2,1,0,1,TUILERIES (QUARTIERS DES),47.76835,7.31255,16,2,2
202100006661,189Â 880,A01,1,1,1,5,1,8,-1,-1, -1,-1,2021,68.0,1,2,0,0,0,0,1,,4,PATYS (RUE DES),0,,2,2,0,1,(1),(1),3,, -1,1,0,8,50,23,11,2021,19:55,5,37,37195,2,1,0,7,PATYS (RUE DES),47.3785590135,0.6320535724,19,1,1
202100048326,115Â 373,B01,1,1,2,5,2,-1,-1,0,0,-1,2021,59.0,1,1,0,0,8,23,5,,3,403,-1,B,2,2,0,1,0,675,1,, -1,1,0,3,50,13,3,2021,10:48,1,71,71135,2,2,0,3,Rue des Carrieres,46.433526,4.830752,10,2,2
202100034181,140Â 653,A01,2,2,2,0,1,-1,-1,0,0,-1,2021,36.0,3,2,0,0,5,15,1,,7,468,0,M,2,3,0,1,46,999,1,, -1,1,0,1,50,13,4,2021,17:30,1,67,67131,2,1,0,2,Rue des Fusiliers Marins,48.489545,7.729574,17,3,2
202100023544,159Â 556,B01,2,2,2,1,1,-1,-1,0,0,-1,2021,24.0,2,2,0,2,1,1,1,,3,19,-1,,2,2,0,1,18,(1),2,, -1,1,0,1,80,20,8,2021,06:15,2,22,22282,1,1,0,1,Boulevard de Verdun,48.598444,-2.24716,6,4,2
202100037247,135Â 101,A01,2,2,2,5,1,0,-1,-1, -1,-1,2021,22.0,3,2,0,2,5,15,1,,4,MIRABEAU (PONT),0,,2,3,0,1,(1),(1),1,, -1,1,2,1,50,3,5,2021,19:25,1,37,37261,2,2,0,3,MIRABEAU (PONT),47.397575833,0.6993162705,19,3,2
202100021617,162Â 993,A01,1,1,1,0,8,0,-1,-1, -1,-1,2021,23.0,1,1,0,2,7,19,3,,7,BOULEVARD GAMBETTA,0,,2,2,0,1,0,0,1,, -1,1,5,1,50,31,8,2021,23:00,5,38,38185,2,2,0,3,BOULEVARD GAMBETTA,45.18486,5.72552,23,2,2
202100050034,112Â 308,A01,10,3,2,2,0,-1,-1,1,3,1,2021,59.0,1,2,0,1,2,1,1,,4,HUIT MAI 1945 (RUE DU (JUSQU'AU GYMNASE,0,,-1,2,0,2,0,0,1,, -1,1,0,1,50,25,2,2021,11:15,1,18,18279,2,1,0,1,HUIT MAI 1945 (RUE DU (JUSQU'AU GYMNASE,47.22691,2.07536,11,2,1
202100009536,184Â 666,A01,1,1,2,1,1,-1,-1,0,0,-1,2021,23.0,1,2,13,0,2,1,1,,3,1089,-1,,3,2,0,1,96,200,2,, -1,2,0,3,90,30,10,2021,13:38,1,19,19038,1,1,1,6,RD 1089,45.225094,1.705674,13,1,1
202100010064,183Â 705,A01,2,2,2,5,2,6,9,0,0,-1,2021,60.0,1,1,13,0,1,1,1,,3,9,0,,2,2,0,2,35,0,3,, -1,1,0,3,80,28,10,2021,17:05,1,86,86202,1,1,0,6,La Grand Maison,46.636109,0.753417,17,2,1
202100019620,166Â 568,A01,1,1,1,1,1,-1,-1,-1, -1,-1,2021,50.0,3,2,12,2,6,1,1,,4,8 MAI 1945 (DU)                     (AV),0,,2,2,0,1,(1),(1),1,, -1,1,0,1,50,10,9,2021,06:30,2,69,69259,2,2,0,6,8 MAI 1945 (DU) (AV),45.69333,4.87141,6,1,1
202100030074,148Â 029,A01,10,3,2,5,0,-1,-1,1,3,1,2021,3.0,1,1,0,1,1,1,1,,3,57,0,,2,2,0,1,17,1076,1,, -1,1,0,1,50,7,7,2021,20:45,1,44,44127,2,1,0,6,Rue de Nantes,47.017367,-1.436442,20,2,1
202100012279,179Â 779,A01,1,1,1,5,2,0,-1,-1, -1,-1,2021,20.0,1,1,0,0,0,17,1,,3,QUATRE SEPTEMBRE (QUAI DU),0,,2,4,0,1,0,0,1,, -1,2,2,1,50,19,10,2021,09:40,1,92,92012,2,1,0,7,QUATRE SEPTEMBRE (QUAI DU),48.848143101,2.2273385525,9,1,1
202100001135,199Â 740,B01,2,2,2,5,8,0,-1,-1, -1,-1,2021,38.0,2,2,0,2,2,1,1,,1,AUTOROUTE A6B,0,,3,4,0,1,6,599,1,, -1,2,0,1,110,29,12,2021,10:40,1,94,94034,1,9,1,3,AUTOROUTE A6B,48.75943,2.33795,10,3,2
202100004371,193Â 946,A01,1,1,1,0,1,0,-1,-1, -1,-1,2021,40.0,2,2,4,0,1,14,1,,1,AUTOROUTE A86,0,,1,2,0,1,51,700,2,, -1,2,0,1,70,6,12,2021,22:00,3,94,94034,1,1,0,1,AUTOROUTE A86,48.7605951369,2.3194241524,22,1,1
202100055587,102Â 498,B01,1,1,2,0,1,-1,-1,0,0,-1,2021,28.0,2,2,0,2,3,1,1,,4,Lieu-dit Brouhel,-1,,2,2,0,2,(1),(1),3,, -1,1,0,1,80,11,1,2021,16:00,1,29,29014,1,1,0,1,Lieu-dit Brouhel,48.496253,-3.639232,16,3,2
202100038620,132Â 606,A01,1,1,1,5,8,0,-1,-1, -1,-1,2021,28.0,1,2,8,0,8,1,1,,7,CD 18E (BOULEVARD INDUSTRIEL),0,,3,4,0,1,3,200,1,, -1,2,0,3,90,23,5,2021,18:20,1,76,76681,1,1,1,6,CD 18E (BOULEVARD INDUSTRIEL),49.41399,1.1072,18,1,1
202100005668,191Â 665,A01,10,3,1,5,0,-1,-1,2,3,1,2021,57.0,0,2,0,1,3,15,1,,4,AUVERGNE (RUE),0,,2,1,0,1,1,0,1,, -1,7,0,1,50,29,11,2021,18:05,4,93,93050,2,3,0,6,AUVERGNE (RUE),48.86866,2.52988,18,2,1
202100013403,177Â 773,A01,1,1,1,0,2,6,-1,-1, -1,-1,2021,25.0,-1,1,0,2,7,3,1,,3,SEINE (QUAI DE ),0,,3,4,0,3,0,1,3,, -1,1,0,1,50,12,10,2021,18:30,1,93,93039,2,1,0,5,SEINE (QUAI DE ),48.9347748002,2.3425877094,18,3,3
202100027707,152Â 191,B01,1,1,1,0,2,6,-1,-1, -1,-1,2021,34.0,3,1,0,2,1,0,1,,4,DUNANT (HENRI),0,,2,2,0,3,0,0,1,, -1,1,0,1,50,20,7,2021,16:10,1,83,83137,2,2,0,1,DUNANT (HENRI),43.12563,5.94585,16,2,2
202100024006,158Â 730,A01,1,1,1,0,8,-1,-1,-1, -1,-1,2021,22.0,1,0,0,2,1,19,3,,3,CONDORCET  R,0,,1,2,2,1,57,800,1,, -1,1,0,5,50,14,8,2021,12:00,1,69,69264,2,9,0,3,CONDORCET (R),45.9849,4.73016,12,2,2
202100042413,125Â 815,A01,1,1,1,5,1,0,-1,-1, -1,-1,2021,32.0,2,2,6,2,9,0,1,,1,A51-Sens Aix en Provence vers Marseille,0,,1,3,0,1,2,0,2,, -1,2,0,1,90,26,4,2021,20:45,3,13,13071,1,1,1,1,A51-Sens Aix en Provence vers Marseille,43.41274,5.36435,20,2,2
202100030266,147Â 664,A01,1,1,1,5,2,6,-1,0,0,-1,2021,47.0,1,1,0,2,1,1,1,,3,9,-1,,3,2,0,1,5,500,1,, -1,1,5,1,80,7,7,2021,17:55,1,30,30141,1,4,0,6,intersection D9 - Rue de boulogne,44.10063,4.64918,17,1,1
202100027266,152Â 986,A01,1,1,2,5,2,-1,-1,0,0,-1,2021,49.0,1,1,16,0,5,10,1,,3,71,-1,,2,2,0,2,2,820,2,, -1,1,0,3,80,22,7,2021,18:30,1,39,39399,1,1,0,7,,47.001885,5.668054,18,1,1
202100020600,164Â 808,A01,3,2,1,5,1,-1,-1,0,0,-1,2021,18.0,1,2,13,0,1,1,1,,3,147,-1,,2,2,0,1,27,65,1,, -1,1,0,1,80,4,9,2021,21:35,2,49,49355,1,3,0,6,rd 147,47.145131,-0.823288,21,4,1
202100027342,152Â 847,B01,1,1,1,0,2,6,-1,-1, -1,-1,2021,60.0,2,1,1,2,8,2,1,,3,TRIEL AVENUE DE,0,,2,2,0,1,0,160,1,, -1,1,0,1,50,1,7,2021,12:10,1,78,78643,2,3,0,3,TRIEL AVENUE DE,48.977306,1.983719,12,2,2
202100021679,162Â 883,A01,3,2,1,5,0,-1,-1,0,0,-1,2021,20.0,1,2,7,0,1,1,1,,1,31,-1,,3,4,0,1,38,330,1,, -1,1,3,3,130,1,9,2021,03:15,3,21,21261,1,1,0,6,A31,47.271833,5.140636,3,4,1
202100025342,156Â 357,A01,10,3,2,9,0,-1,-1,1,3,1,2021,56.0,2,2,0,1,5,1,1,,4,THIMBAUD (RUE JEAN PIERRE),0,,1,1,0,1,0,0,1,, -1,1,0,1,50,6,8,2021,08:45,1,93,93008,2,1,0,1,THIMBAUD (RUE JEAN PIERRE),48.905839,2.468361,8,2,1
202100034513,140Â 036,A01,9,2,2,5,8,-1,-1,0,0,-1,2021,21.0,2,2,4,0,9,2,1,,1,13,-1,A,1,3,0,1,93,280,3,, -1,1,0,1,130,14,6,2021,21:39,1,27,27697,1,1,0,6,A13 pk 93+280,49.212411,1.217744,21,4,1
202100052470,107Â 926,A01,10,3,2,3,0,-1,-1,3,3,1,2021,71.0,1,2,0,1,3,15,2,,3,VAILLANT COUTURIER (RUE),0,,-1,1,0,1,0,1,1,, -1,1,0,1,50,4,2,2021,13:30,1,93,93053,2,3,0,6,BERGERIES (RUE DES),48.89064,2.45169,13,2,1
202100026873,153Â 685,A01,1,1,1,0,1,0,-1,-1, -1,-1,2021,42.0,1,2,7,2,4,1,1,,3,DE DION BOUTON (QUAI) DU 29 AU 65,0,,1,3,0,1,0,0,1,, -1,2,0,1,50,27,7,2021,18:03,1,92,92062,2,1,1,2,DE DION BOUTON (QUAI) DU 29 AU 65,48.88572,2.25165,18,2,2
202100023876,158Â 951,B01,1,1,1,0,2,0,-1,-1, -1,-1,2021,41.0,2,1,0,2,8,1,1,,3,BRETELLE DE LAUTOROUTE RD 913,0,,2,2,0,1,1,750,3,, -1,1,0,1,70,15,8,2021,09:30,1,64,64545,1,1,0,3,BRETELLE DE LAUTOROUTE RD 913,43.37756,-1.68715,9,2,2
202100052238,108Â 330,A01,4,2,1,9,1,0,-1,-1, -1,-1,2021,19.0,2,2,4,0,6,1,1,,2,RN 118,0,,3,4,0,1,1,649,1,, -1,2,0,1,90,7,2,2021,16:15,1,91,91064,1,1,1,6,RN 118,48.76087,2.22624,16,2,1
202100008105,187Â 250,B01,1,1,1,5,1,-1,-1,0,0,-1,2021,21.0,2,2,0,2,1,1,1,,2,2,-1,,2,2,0,1,(1),(1),1,, -1,1,0,1,80,14,11,2021,00:50,3,971,97115,1,1,0,1,Lamoisse,16.2780015012,-61.6654014587,0,2,2
202100014805,175Â 242,A01,10,3,2,5,0,-1,-1,3,3,2,2021,9.0,0,0,0,1,2,26,1,,4,LABITRIE (RUE PIERRE),0,,2,2,2,1,(1),(1),1,, -1,1,0,8,50,6,10,2021,19:40,2,31,31557,2,1,0,6,LABITRIE (RUE PIERRE),43.5782023353,1.3268150389,19,2,1
202100047622,116Â 631,B01,1,1,1,4,2,8,-1,-1,0,-1,2021,36.0,1,1,0,2,7,15,1,,7,FAUBOURG DES POSTES RUE,0,,2,2,0,1,(1),(1),1,, -1,2,5,1,50,17,3,2021,15:20,1,59,59350,2,3,1,3,FAUBOURG DES POSTES RUE,50.6111281419,3.0457822894,15,2,2
202100011803,180Â 620,Z01,10,3,2,2,8,8,-1,3,3,1,2021,24.0,1,2,0,1,7,1,0,,3,COUBERTIN (BOULEVARD PIERRE DE),0,,3,6,0,1,57,110,1,, -1,1,0,1,50,21,10,2021,07:55,5,49,49099,2,6,0,6,COUBERTIN (BOULEVARD PIERRE DE),47.05011,-0.87237,7,2,1
202100015622,173Â 751,A01,3,2,1,5,1,0,-1,-1, -1,-1,2021,8.0,1,2,0,2,1,1,1,,2,RTE N113 MARSEILLE A BORBEAUX,0,,3,4,0,1,74,0,1,, -1,1,0,1,110,3,10,2021,21:20,3,13,13004,1,1,0,2,RTE N113 MARSEILLE A BORBEAUX,43.65335,4.663711,21,5,2
202100034251,140Â 522,B01,1,1,2,0,1,0,-1,0,0,-1,2021,27.0,1,2,0,2,1,19,1,,4,BERTEAUX (RUE),0,,2,2,0,1,(1),(1),1,, -1,1,0,1,50,14,6,2021,17:20,1,63,63113,2,2,0,3,BERTEAUX (RUE),45.76283,3.09607,17,2,2
202100030339,147Â 533,B01,1,1,1,0,2,0,-1,0,0,-1,2021,49.0,1,6,0,2,3,15,1,,3,Faubourg du VAL D'AJOL,0,,2,0,0,2,36,0,1,, -1,1,0,8,50,27,6,2021,18:00,1,88,88383,2,1,0,3,Faubourg du VAL D'AJOL,48.01321,6.58647,18,2,2
202100004085,194Â 442,B01,1,1,1,1,1,0,-1,-1, -1,-1,2021,46.0,3,2,0,2,8,15,1,,4,CHARLES LIVON (BOULEVARD),0,,2,4,0,2,0,0,1,, -1,2,0,1,50,8,12,2021,06:50,5,13,13207,2,3,1,3,CHARLES LIVON (BOULEVARD),43.2922,5.36301,6,2,2
202100022064,162Â 188,A01,10,3,2,3,0,-1,-1,3,3,1,2021,88.0,2,2,0,1,3,1,1,,4,TEYSSIER (AV DU COLONEL),0,,2,2,0,1,(1),0,1,, -1,1,0,1,50,28,8,2021,17:50,1,81,81004,2,1,0,6,TEYSSIER (AV DU COLONEL),43.92505,2.1503,17,2,1
202100004393,193Â 901,A01,1,1,1,4,2,0,-1,-1, -1,-1,2021,28.0,3,1,0,2,2,17,1,,4,PRESIDENT SALVADOR ALLENDE (AV DU),0,,1,0,0,1,0,0,1,, -1,1,9,1,50,6,12,2021,13:40,1,94,94081,2,9,0,3,PRESIDENT SALVADOR ALLENDE (AV DU),48.79624,2.41587,13,2,2
202100045125,121Â 073,B01,1,1,1,5,8,0,-1,-1, -1,-1,2021,23.0,2,2,0,2,1,1,1,,3,FUTERIE(PLACE DE LA),0,,2,2,0,1,1,250,1,, -1,1,0,1,50,4,4,2021,14:56,1,38,38544,2,3,0,3,Place de la Futerie,45.52768,4.88028,14,2,2
202100056039,101Â 719,A01,10,3,1,5,0,-1,-1,3,3,2,2021,66.0,3,2,0,1,2,17,0,,4,Rue Gustave Courbet,0,,2,4,0,1,(1),(1),1,, -1,1,0,1,50,6,1,2021,11:50,1,59,59350,2,1,0,6,COURBET GUSTAVE  RUE,50.60838,3.0404,11,3,1
202100036040,137Â 268,B01,1,1,1,0,2,4,-1,-1, -1,-1,2021,26.0,1,1,0,2,4,1,1,,1,86,0,,3,6,0,1,10,800,1,, -1,1,0,1,90,7,6,2021,18:20,1,92,92036,1,1,0,2,AUTOROUTE A86,48.932980169,2.3213093288,18,2,2
202100026560,154Â 222,B01,1,1,1,5,2,6,-1,0,0,-1,2021,31.0,2,1,0,2,1,1,1,,3,150,0,D,2,2,0,2,6,80,1,, -1,1,0,1,90,29,7,2021,11:00,1,43,43190,1,1,0,3,RD150,45.027951,4.003808,11,2,2
202100017540,170Â 270,A01,1,1,1,1,1,-1,-1,0,0,-1,2021,23.0,1,2,8,0,1,1,1,,3,151,-1,,-1,2,0,2,18,800,3,, -1,1,0,3,70,22,9,2021,04:20,3,202,202167,1,1,0,6,Cattero,42.5372556588,8.8476204874,4,1,1
202100016193,172Â 693,A01,1,1,1,0,2,0,-1,-1, -1,-1,2021,40.0,1,1,14,0,0,26,1,,4,AV PAUL SEJOURNE,0,,3,4,0,1,(1),(1),1,, -1,1,2,1,50,28,9,2021,21:40,5,31,31555,2,1,0,6,AV PAUL SEJOURNE,43.60672,1.42821,21,1,1
202100022050,162Â 215,B01,3,2,2,0,2,8,-1,-1, -1,-1,2021,42.0,1,1,0,2,0,0,1,,2,kaweni-Archipel (avenue de l'),0,,2,2,0,1,1,0,1,, -1,1,0,1,50,28,8,2021,15:15,1,976,97611,2,1,0,3,kaweni-Archipel (avenue de l'),-12.7759,45.22583,15,3,2
202100007564,188Â 222,B01,1,1,1,0,2,8,-1,-1, -1,-1,2021,14.0,1,1,0,2,1,1,1,,3,MONTABO (ROUTE DE) 1,0,,2,2,1,1,2,200,1,, -1,1,0,1,50,17,11,2021,07:05,1,973,97302,2,3,0,3,MONTABO (ROUTE DE) 1,4.9412,-52.30288,7,2,2
202100047215,117Â 369,B01,1,1,1,4,2,0,-1,0,0,-1,2021,21.0,2,1,0,2,1,1,3,,4,SAINTE MARIE (RUE),0,,2,2,0,1,(1),(1),1,, -1,1,0,1,50,19,3,2021,22:05,5,63,63113,2,2,0,3,SAINTE MARIE (RUE),45.79271,3.11385,22,2,2
202100056419,101Â 051,B01,1,1,1,9,1,0,-1,0,0,-1,2021,52.0,2,2,0,2,4,23,1,,4,ECHANGEUR CHAPELLE,0,,1,2,0,1,(1),(1),1,, -1,1,0,1,50,1,1,2021,11:15,1,75,75118,2,1,0,5,ECHANGEUR CHAPELLE,48.900606,2.358782,11,5,5
202100019318,167Â 096,B01,1,1,1,0,1,-1,-1,-1, -1,-1,2021,27.0,1,2,0,2,2,2,1,,4,LEON BLUM      (Rue),0,,1,3,3,1,(1),(1),2,, -1,1,0,1,50,12,9,2021,08:00,1,69,69266,2,9,0,3,LEON BLUM (R),45.76276,4.91254,8,3,2
202100033456,141Â 968,A01,1,1,1,5,2,-1,-1,0,0,-1,2021,16.0,1,1,12,0,0,1,1,,3,506,-1,,2,2,0,1,6,200,1,, -1,1,0,1,80,20,6,2021,13:45,1,202,202207,1,1,0,3,Route d Orezza,42.445976,9.474936,13,2,2
202100027238,153Â 030,A01,2,2,1,4,1,0,-1,-1, -1,-1,2021,37.0,1,0,0,2,3,21,1,,3,MITRY [CD115] (RUE DE),0,,2,2,0,1,0,1,1,, -1,1,0,1,50,24,7,2021,07:25,1,93,93005,2,2,0,3,Route de Mitry / Rue du PrÃ©fet Chaleil,48.940228,2.502216,7,3,2
202100048553,114Â 962,B01,1,1,1,5,2,8,-1,0,0,-1,2021,86.0,3,0,0,2,4,1,3,,4,52 Ã¨me et 252 Ã¨me RI (Avenue des),0,,2,2,0,1,(1),(1),1,, -1,1,0,1,50,10,3,2021,11:30,1,26,26198,2,1,0,2,Avenue 45eme RÃ©giment de Trans,44.5693,4.78411,11,2,2
202100022815,160Â 827,B01,1,1,1,1,8,0,-1,-1, -1,-1,2021,48.0,1,1,0,2,3,1,1,,4,SAKAKINI (BOULEVARD),0,,2,4,0,1,(1),(1),1,, -1,1,0,1,50,23,8,2021,19:35,1,13,13204,2,2,0,3,SAKAKINI (BOULEVARD),43.29869,5.40123,19,2,2
202100033244,142Â 345,A01,10,3,2,5,0,-1,-1,1,2,1,2021,57.0,1,2,1,1,2,1,1,,4,,-1,,1,1,0,1,(1),(1),1,,4,1,0,1,30,20,6,2021,11:05,1,71,71133,2,1,0,6,Place de la Mairie,46.290248,4.304358,11,2,1
202100033706,141Â 516,B01,2,2,1,5,2,6,-1,0,0,-1,2021,18.0,1,1,0,2,8,1,1,,3,,-1,,2,2,0,2,0,221,1,,4,1,5,1,50,19,6,2021,16:30,1,81,81130,2,2,1,3,Avenue Jean JaurÃ¨s,43.578518,2.277185,16,3,2