Num_Acc,id_vehicule,num_veh,place,catu,sexe,trajet,secu1,secu2,secu3,locp,actp,etatp,year_acc,victim_age,senc,catv,obs,obsm,choc,manv,motor,occutc,catr,voie,v1,v2,circ,nbv,vosp,prof,pr,pr1,plan,lartpc,larrout,surf,infra,situ,vma,jour,mois,an,hrmn,lum,dep,com,agg_,int,atm,col,adr,lat,long,hour,nb_victim,nb_vehicules
202100048864,114Â 418,A01,10,3,1,3,0,-1,-1,8,3,1,2021,70.0,3,2,0,1,5,20,1,,6,MAISONS BLANCHES (RUE DES),0,,-1,0,0,1,0,1,1,, -1,1,0,8,50,6,3,2021,10:30,1,5,5023,2,1,0,6,MAISONS BLANCHES (RUE DES),44.8822,6.62411,10,2,1
202100036713,136Â 087,A01,10,3,2,2,0,-1,-1,2,3,1,2021,84.0,3,5,0,1,2,1,1,,3,,0,,2,2,0,1,0,395,1,,4,1,0,1,30,27,5,2021,16:50,1,34,34127,2,2,0,6,Avenue Pierre Grasset Morel,43.653086,4.073616,16,2,1
202100041198,127Â 961,B01,1,1,2,5,2,-1,-1,0,0,-1,2021,41.0,3,1,0,2,1,26,5,,3,981,-1,,2,2,0,1,16,800,1,, -1,1,0,1,50,7,5,2021,08:45,1,60,60029,1,6,0,3,RD981 - Le point du jour,49.363546,1.972904,8,2,2
202100038388,133Â 019,A01,1,1,1,0,2,0,-1,-1, -1,-1,2021,58.0,3,1,0,2,1,0,1,,4,MAIL ( AVENUE DU ),0,,2,2,1,1,0,0,1,, -1,1,0,1,50,2,5,2021,11:15,1,2,2722,2,3,0,3,MAIL ( AVENUE DU ),49.3878,3.32841,11,2,2
202100039184,131Â 585,A01,1,1,1,9,8,-1,-1,0,0,-1,2021,20.0,2,2,6,0,3,2,1,,3,988,0,D,2,2,0,1,72,800,1,, -1,1,0,3,80,21,5,2021,02:29,3,81,81220,1,1,0,6,33 Route d'Albi,43.834383,1.748866,2,1,1
202100017067,171Â 118,A01,10,3,2,1,0,-1,-1,0,0,-1,2021,54.0,2,1,0,1,1,1,5,,4,RUE DU HAVRE,0,,2,5,1,1,(1),(1),1,, -1,1,0,5,30,24,9,2021,08:51,1,75,75109,2,2,0,6,RUE DU HAVRE,48.874179,2.326962,8,2,1
202100023974,158Â 784,B01,1,1,1,5,1,-1,-1,0,0,-1,2021,20.0,2,2,0,2,4,23,1,,7,433,-1,D,3,2,3,1,6,300,1,, -1,1,0,1,70,15,8,2021,19:00,1,69,69085,2,3,0,4,LYON (DE) (RTE),45.862591,4.840674,19,4,3
202100051968,108Â 816,A01,1,1,2,9,2,-1,-1,0,0,-1,2021,35.0,3,1,8,0,1,13,1,,4,,0,,2,2,0,2,(1),(1),1,, -1,1,0,3,55,6,2,2021,05:30,5,83,83063,2,1,0,6,Chemin du Debat,43.314285,6.468856,5,1,1
202100018216,169Â 043,B01,1,1,1,0,2,-1,-1,0,0,-1,2021,29.0,1,1,0,0,4,0,1,,2,1,-1,,3,3,0,1,27,700,1,,10,1,0,1,-1,19,9,2021,01:45,3,974,97415,2,1,0,2,N1,-21.032516,55.251768,1,3,3
202100001401,199Â 269,A01,9,2,1,5,1,-1,-1,0,0,-1,2021,51.0,1,2,6,0,1,1,1,,3,906,-1,,2,2,0,1,(1),(1),3,, -1,1,0,4,50,11,12,2021,23:10,5,63,63010,2,1,0,6,Rue Saturnin Allard,45.411312,3.724666,23,3,1
202100027262,152Â 991,A01,1,1,1,9,1,-1,-1,0,0,-1,2021,46.0,3,2,16,0,2,0,1,,3,323,0,D,2,2,0,1,7,845,1,, -1,1,0,1,80,25,7,2021,18:00,1,89,89255,1,1,0,7,D323,48.303769,3.23768,18,1,1
202100049062,114Â 060,A01,1,1,1,0,1,8,-1,-1, -1,-1,2021,23.0,1,2,6,0,1,15,1,,3,PL ARBRE DE LA LIBERTE,0,,2,2,0,3,0,100,2,, -1,1,0,1,50,5,3,2021,21:52,5,91,91657,2,1,0,6,PL ARBRE DE LA LIBERTE,48.69944,2.41736,21,1,1
202100019529,166Â 723,B01,1,1,1,0,1,8,-1,-1, -1,-1,2021,35.0,1,2,0,2,4,1,1,,3,SALENGRO (AVENUE ROGER),0,,2,2,0,1,0,0,1,, -1,1,0,1,50,11,9,2021,17:45,1,92,92022,2,1,0,2,SALENGRO (AVENUE ROGER),48.8195123535,2.199344337,17,2,2
202100044686,121Â 835,B01,1,1,1,0,8,0,-1,-1, -1,-1,2021,19.0,3,1,0,2,8,0,5,,4,BICHON PLACE,0,,2,4,2,1,1,0,1,, -1,1,0,1,50,4,4,2021,19:10,1,49,49007,2,1,0,1,BICHON PLACE,47.478355,-0.564888,19,2,2
202100044496,122Â 162,A01,9,2,1,5,1,-1,-1,0,0,-1,2021,7.0,2,2,8,0,1,1,1,,3,22,0,,2,2,0,1,24,15,2,, -1,1,0,3,-1,10,4,2021,10:50,1,86,86183,1,1,0,6,Les Landes,46.938636,0.645152,10,3,1
202100034193,140Â 631,A01,2,2,2,5,1,0,-1,-1, -1,-1,2021,43.0,1,2,0,2,4,2,1,,1,A507 sens Marseille - Aubagne,0,,1,3,0,1,7,639,1,, -1,1,1,1,70,16,6,2021,15:20,1,13,13055,1,1,0,2,A507 sens Marseille - Aubagne,43.29616,5.42553,15,3,2
202100047976,115Â 985,A01,1,1,1,1,2,-1,-1,0,0,-1,2021,53.0,2,1,0,0,0,1,1,,1,a57,-1,,1,1,0,2,9,300,3,, -1,8,3,1,110,14,3,2021,05:30,2,83,83054,2,1,0,7,a 57,43.158748,6.043988,5,1,1
202100011041,181Â 982,A01,10,3,1,5,0,-1,-1,3,3,1,2021,74.0,1,2,0,1,3,1,1,,2,JEAN JAURES ( AVENUE ),0,,2,2,0,1,38,341,1,, -1,1,0,1,50,22,10,2021,14:45,1,5,5061,2,1,1,6,JEAN JAURES ( AVENUE ),44.55459,6.07427,14,2,1
202100006184,190Â 763,A01,10,3,1,3,0,-1,-1,9,3,1,2021,76.0,2,2,0,1,4,20,1,,6,,0,,-1,0,0,1,(1),(1),1,,5,2,0,8,-1,12,11,2021,17:15,2,50,50099,2,1,1,6,Route de Saint-CÃ´me,49.310036,-1.255108,17,2,1
202100031731,145Â 041,B01,1,1,1,9,1,0,-1,0,0,-1,2021,46.0,1,2,0,2,4,2,1,,4,RUE DES PLANTES,0,,1,1,0,1,(1),(1),1,, -1,2,0,1,50,29,6,2021,16:53,1,75,75114,2,2,1,4,RUE DES PLANTES,48.829302,2.322665,16,5,4
202100027497,152Â 577,B01,1,1,2,9,1,-1,-1,-1, -1,-1,2021,31.0,3,2,0,2,4,1,1,,4,DOCTEUR COBLOD (DU)                 (BD),0,,2,2,0,2,(1),(1),1,, -1,1,0,1,50,22,7,2021,16:50,1,69,69259,2,1,0,4,BERLIET (PT),45.70226,4.89263,16,3,3
202100030552,147Â 147,A01,1,1,1,9,8,-1,-1,-1, -1,-1,2021,30.0,3,0,1,0,0,0,0,,4,,0,,2,2,0,1,(1),(1),2,, -1,1,0,1,30,5,7,2021,21:10,2,60,60175,2,1,0,6,Rue dâHerbeval,49.2523443636,2.473306462,21,1,1
202100026764,153Â 880,B01,1,1,2,5,1,0,-1,-1, -1,-1,2021,43.0,2,2,0,2,4,2,1,,1,A13,0,,3,3,0,1,4,699,1,, -1,1,0,1,70,28,7,2021,11:15,1,92,92064,1,1,0,4,A13,48.8397442438,2.2019797335,11,3,3
202100056452,100Â 993,A01,2,2,2,5,1,-1,-1,0,0,-1,2021,72.0,1,2,3,0,9,17,1,,1,84,-1,,3,4,0,1,149,200,1,, -1,1,0,1,130,2,1,2021,14:45,1,50,50487,1,1,0,6,A84,48.51976,-1.347928,14,2,1
202100041599,127Â 246,B01,9,2,2,5,3,-1,-1,0,0,-1,2021,1.0,1,2,0,2,1,1,1,,3,23,-1,,2,2,0,1,11,900,1,, -1,2,0,1,90,4,5,2021,11:44,1,72,72253,1,1,1,1,D23,47.901833,0.059457,11,4,2
202100032932,142Â 897,A01,4,2,2,5,8,0,-1,-1, -1,-1,2021,20.0,1,2,4,0,2,11,0,,4,GENERAL DE GAULE (PLACE DU),0,,2,2,0,1,0,0,1,, -1,1,0,4,50,22,6,2021,01:40,5,93,93048,2,1,0,6,Place du GÃ©nÃ©ral de Gaulle,48.86886,2.43341,1,4,1
202100051994,108Â 770,A01,1,1,1,4,2,8,-1,-1, -1,-1,2021,29.0,2,1,0,2,3,1,1,,3,CORBEIL (ROUTE DE),0,,4,2,0,1,0,0,1,, -1,1,0,1,50,9,2,2021,18:45,2,91,91434,2,2,0,1,CORBEIL (ROUTE DE),48.65713,2.33921,18,2,2
202100017245,170Â 823,A01,10,3,1,9,0,-1,-1,5,2,3,2021,64.0,0,2,0,1,0,26,3,,6,,-1,,-1,-1,0,1,(1),(1),1,,4,9,0,8,10,25,9,2021,21:45,5,14,14408,2,1,0,6,Rue Saint AndrÃ©,49.102695,-0.37573,21,2,1
202100022629,161Â 167,Z01,10,3,2,1,0,-1,-1,4,3,1,2021,28.0,3,1,0,1,1,1,1,,4,AVENUE DES ÃTATS GÃNÃRAUX,0,,2,2,0,1,(1),(1),1,, -1,1,0,1,50,25,8,2021,16:15,1,38,38151,2,1,0,3,AVENUE DES ÃTATS GÃNÃRAUX,45.15511,5.71883,16,2,1
202100009202,185Â 259,A01,1,1,1,4,2,-1,-1,-1, -1,-1,2021,33.0,-1,1,0,2,2,15,1,,7,ETHEL ET JULIUS ROSENBERG           (R ),0,,2,2,0,1,3,900,1,, -1,1,0,1,50,5,11,2021,20:25,5,69,69259,2,3,0,3,D301,45.6835674694,4.8833155632,20,2,2
202100032383,143Â 885,A01,1,1,1,5,1,-1,-1,0,0,-1,2021,30.0,1,2,16,0,1,0,1,,2,151,0,,2,2,0,1,18,260,1,, -1,1,0,3,80,26,6,2021,01:30,3,89,89252,1,1,0,6,N151,47.663718,3.505937,1,1,1
202100010913,182Â 223,A01,4,2,1,0,1,-1,-1,-1, -1,-1,2021,9.0,3,2,0,2,1,21,1,,4,CRS DE LA LIBERATION,0,,1,4,0,2,(1),(1),1,, -1,1,0,1,50,25,10,2021,16:20,1,33,33522,2,2,0,4,Cours de la LibÃ©ration,44.7982,-0.59992,16,4,3
202100026995,153Â 459,A01,1,1,2,5,1,-1,-1,0,0,-1,2021,47.0,1,2,8,0,1,1,1,,3,5,0,D,2,2,0,2,35,1048,1,, -1,2,0,3,80,26,7,2021,12:48,1,31,31503,1,1,1,6,D52,43.137367,0.951122,12,2,1
202100011788,180Â 642,A01,10,3,2,5,0,-1,-1,5,1,1,2021,91.0,3,1,0,1,0,25,5,,9,DUMAS (ALEXANDRE),0,,-1,0,0,1,0,0,1,, -1,1,6,4,30,20,10,2021,16:20,1,76,76217,2,1,0,6,DUMAS (ALEXANDRE),49.92585,1.0706,16,2,1
202100014031,176Â 622,A01,1,1,2,0,1,0,-1,-1, -1,-1,2021,43.0,3,2,8,0,2,1,1,,4,,0,,1,1,0,1,0,0,1,, -1,1,0,1,30,10,10,2021,01:10,5,92,92012,2,9,0,6,VIEUX PONT DE SEVRES (RUE DU) - DEBUT/15,48.8309450662,2.2406664491,1,1,1
202100041781,126Â 931,A01,1,1,1,4,2,8,-1,-1, -1,-1,2021,20.0,1,1,0,2,4,26,1,,3,25,0,,1,2,0,1,0,0,1,, -1,2,0,1,50,1,5,2021,21:35,5,91,91589,2,1,0,4,RUE HENRI DUNANT,48.68015,2.34255,21,6,3
202100037772,134Â 145,A01,2,2,2,0,8,0,-1,-1, -1,-1,2021,21.0,2,2,1,0,9,1,1,,4,MONGE (RUE),0,,2,1,0,1,(1),(1),1,, -1,1,0,1,50,28,4,2021,21:30,1,59,59650,2,1,0,6,MONGE (RUE),50.70283,3.19992,21,2,1
202100017234,170Â 841,A01,1,1,1,5,2,6,-1,0,0,-1,2021,76.0,1,1,0,0,1,13,1,,3,22,-1,,2,2,0,2,2,245,3,, -1,1,0,3,90,23,9,2021,16:05,1,15,15174,1,1,0,7,D22,45.15498,2.479069,16,1,1
202100039605,130Â 795,A01,10,3,1,4,0,-1,-1,5,1,1,2021,57.0,2,1,0,1,1,25,3,,4,AVENUE PERRICHONT,0,,1,1,0,1,(1),(1),1,, -1,1,0,4,50,17,5,2021,09:50,1,75,75116,2,1,0,6,AVENUE PERRICHONT,48.849455,2.273024,9,2,1
202100046174,119Â 233,B01,1,1,1,1,2,-1,-1,0,0,-1,2021,16.0,2,1,0,2,1,1,1,,3,19,-1,,2,2,0,1,10,310,1,, -1,1,0,1,80,30,3,2021,17:25,1,68,68267,1,2,0,2,D19,47.766929,7.232673,17,4,2
202100013463,177Â 673,B01,1,1,1,1,2,6,-1,0,0,-1,2021,17.0,3,1,0,0,1,23,1,,4,,-1,,2,2,0,1,(1),(1),1,, -1,1,0,1,80,11,10,2021,15:40,1,95,95379,1,1,0,1,Route de la Grand Mare,49.112155,1.785729,15,2,2
202100044476,122Â 193,B01,1,1,1,9,2,6,-1,0,0,-1,2021,72.0,3,1,0,2,4,2,1,,4,ALLEE DE LA REINE MARGUERITE,0,,2,4,0,1,(1),(1),1,, -1,1,0,1,50,8,4,2021,16:40,1,75,75116,2,2,0,2,ALLEE DE LA REINE MARGUERITE,48.854832,2.242396,16,3,2
202100025715,155Â 719,Z01,10,3,1,5,8,8,-1,1,3,1,2021,17.0,2,1,0,1,1,1,1,,4,JOLIOT CURIE (RUE IRENE ET FREDERIC),0,,2,2,0,1,0,0,1,, -1,1,0,1,50,31,7,2021,01:19,5,87,87085,2,1,0,6,JOLIOT CURIE (RUE IRENE ET FREDERIC),45.83373,1.22406,1,2,1
202100051242,110Â 090,B01,1,1,1,5,2,-1,-1,0,0,-1,2021,73.0,2,1,0,2,0,1,5,,3,8,-1,,2,2,0,1,3,700,1,, -1,1,5,1,70,17,2,2021,10:55,1,83,83035,1,1,0,3,Route des Hauts du Camp,43.249587,5.786281,10,2,2
202100030772,146Â 757,A01,1,1,1,0,1,0,-1,-1, -1,-1,2021,25.0,1,2,0,2,3,15,1,,3,ROUTE ROYALE,0,,2,2,0,2,1,0,1,, -1,1,0,1,50,30,6,2021,17:40,1,202,202033,1,3,0,3,ROUTE ROYALE,42.68275,9.42187,17,3,2
202100031231,145Â 917,B01,1,1,1,0,8,-1,-1,0,0,-1,2021,49.0,3,1,0,2,3,1,1,,4,5,-1,D,1,2,0,1,(1),(1),1,, -1,1,0,1,50,2,7,2021,17:30,1,74,74010,2,6,0,3,avenue des carrÃ©s,45.915297,6.146885,17,2,2
202100043542,123Â 832,A01,1,1,1,0,2,-1,-1,-1, -1,-1,2021,32.0,1,1,0,2,1,1,1,,4,AVE DU TAILLAN-MEDOC,0,,2,2,2,1,(1),(1),1,, -1,1,0,1,50,18,4,2021,19:20,1,33,33162,2,2,0,3,Avenue du Taillan-MÃ©doc,44.88323,-0.65503,19,2,2
202100056135,101Â 542,A01,1,1,1,4,8,-1,-1,-1, -1,-1,2021,33.0,0,1,0,1,0,1,5,,4,,0,,1,3,3,1,(1),(1),1,, -1,1,0,1,50,5,1,2021,20:50,5,69,69387,2,2,0,6,Rue de Marseille,45.7534407318,4.8413438341,20,2,1
202100007045,189Â 162,B01,1,1,2,9,1,8,-1,0,0,-1,2021,35.0,3,2,0,2,8,1,2,,4,AVENUE DE LA PORTE CHAUMONT,0,,2,2,0,1,(1),(1),1,, -1,1,0,1,30,20,11,2021,14:30,1,75,75119,2,5,0,3,AVENUE DE LA PORTE CHAUMONT,48.886244,2.396738,14,3,2
202100043464,123Â 970,A01,1,1,1,3,8,0,-1,0,0,-1,2021,29.0,1,1,0,2,7,17,3,,4,AVENUE DE SAINT OUEN,0,,2,2,1,1,(1),(1),1,, -1,1,-1,5,50,19,4,2021,19:20,1,75,75117,2,2,0,3,AVENUE DE SAINT OUEN,48.893011,2.327427,19,2,2
202100035219,138Â 746,A01,2,2,1,0,2,6,-1,-1, -1,-1,2021,33.0,2,1,0,2,1,1,1,,4,CAPUCINS (DES)                      (R ),0,,1,1,2,1,(1),(1),1,, -1,1,0,1,50,9,6,2021,19:15,1,69,69381,2,2,0,3,CAPUCINS (DES) (R),45.76952,4.83503,19,3,2
202100022536,161Â 346,B01,1,1,1,0,2,6,9,0,0,-1,2021,39.0,1,1,0,2,1,1,1,,3,746,0,,2,2,0,1,43,310,1,, -1,1,0,1,80,25,8,2021,17:25,1,85,85297,1,1,0,2,La Grippe,46.36808,-1.222469,17,3,2
202100015082,174Â 748,A01,1,1,1,5,1,8,-1,-1, -1,-1,2021,40.0,3,2,16,0,9,1,1,,4,VALLEE BARRE (CHEMIN DE LA),0,,2,2,0,1,0,0,4,, -1,2,0,1,30,2,10,2021,18:05,1,14,14069,2,1,1,7,La Val Barree,49.11927,0.24781,18,3,1
202100042571,125Â 529,B01,1,1,1,9,1,0,-1,-1, -1,-1,2021,42.0,2,2,0,2,8,1,1,,4,ROLLAND GARROS (CHEMIN) CD29 (2),0,,2,2,0,2,0,0,2,, -1,1,0,1,30,25,4,2021,17:30,1,974,97416,1,1,0,3,ROLLAND GARROS (CHEMIN) CD29 (2),-21.33197,55.52888,17,2,2
202100031015,146Â 296,A01,1,1,1,4,1,8,-1,-1, -1,-1,2021,28.0,1,5,2,0,3,1,1,,3,19Ã¨me Dragon (rue),0,,2,2,0,1,3,200,1,, -1,2,0,1,70,28,6,2021,16:45,1,68,68056,1,1,1,6,19Ã¨me Dragon (rue),47.71509,7.32814,16,1,1
202100029294,149Â 400,A01,2,2,1,5,1,0,-1,0,0,-1,2021,43.0,1,2,4,0,1,1,1,,3,,0,,3,2,0,2,(1),(1),3,, -1,1,0,1,50,9,7,2021,23:10,3,54,54323,2,1,0,6,FAIENCERIE (RUE DE LA),49.51033,5.76973,23,2,1
202100040382,129Â 424,A01,10,3,1,0,0,-1,-1,1,3,1,2021,15.0,3,2,0,1,1,1,1,,4,STEPHENSON (SQUARE),0,,2,1,0,1,0,0,2,, -1,1,0,8,50,11,5,2021,16:40,1,93,93053,2,1,0,6,STEPHENSON (SQUARE),48.88742,2.46269,16,2,1
202100021521,163Â 172,A01,1,1,2,5,2,6,-1,0,0,-1,2021,55.0,2,1,0,0,1,14,1,,3,151,-1,E,2,2,0,2,0,370,2,, -1,1,0,3,80,2,9,2021,11:00,1,39,39326,1,1,0,7,,46.596626,5.685908,11,1,1
202100019421,166Â 918,B01,1,1,2,0,1,-1,-1,0,0,-1,2021,35.0,1,2,0,2,1,0,0,,3,39,0,,2,2,0,1,(1),(1),1,, -1,1,0,1,-1,13,9,2021,09:30,1,85,85084,1,3,0,3,Les Noues les Essarts (Les Essarts),46.778357,-1.250009,9,4,2
202100030428,147Â 382,A01,1,1,1,9,2,8,-1,-1, -1,-1,2021,43.0,1,1,0,0,1,1,5,,4,MARCEL BONNET (R),0,,2,2,0,2,1,0,1,, -1,1,0,1,50,6,7,2021,19:05,1,94,94016,2,2,0,7,Rue Marcel Bonnet,48.79561,2.32703,19,1,1
202100021329,163Â 528,B01,2,2,2,5,2,6,9,0,0,-1,2021,50.0,2,1,0,2,1,17,1,,3,1005,0,,2,1,0,2,16,678,1,,3,1,0,1,80,2,9,2021,16:28,1,1,1173,1,3,0,3,D1005,46.349546,6.050227,16,3,2
202100018415,168Â 709,B01,2,2,2,9,1,0,-1,-1, -1,-1,2021,27.0,1,2,0,2,4,23,1,,4,CHARMES (AV DES),0,,1,1,2,1,0,0,1,, -1,1,0,1,50,16,9,2021,17:12,1,94,94033,2,3,0,2,CHARMES (AV DES),48.845,2.4572,17,3,2
202100002815,196Â 739,A01,10,3,1,5,0,-1,-1,2,3,1,2021,14.0,1,3,0,1,3,1,1,1.0,4,LENINE (BOULEVARD),0,,2,2,0,1,0,0,1,, -1,1,0,1,50,15,12,2021,15:05,1,93,93008,2,1,0,6,LENINE (BOULEVARD),48.9065,2.44069,15,2,1
202100029671,148Â 759,B01,1,1,1,5,2,6,9,0,0,-1,2021,54.0,1,1,0,2,6,3,1,,2,157,0,,3,4,0,2,29,518,1,, -1,1,0,1,110,9,7,2021,17:45,1,35,35068,1,1,0,3,N 157,48.101442,-1.427954,17,3,2
202100021203,163Â 759,A01,1,1,2,0,1,0,-1,-1, -1,-1,2021,28.0,1,2,4,0,2,13,1,,1,A13,0,,1,3,0,2,46,700,1,, -1,1,0,2,110,3,9,2021,17:55,1,78,78291,1,1,0,6,A13,48.969215,1.738269,17,1,1
202100020204,165Â 520,B01,1,1,1,5,2,8,-1,-1, -1,-1,2021,28.0,1,1,0,2,4,1,1,,2,RN12 INT,0,,1,2,0,1,30,700,1,, -1,1,0,1,90,7,9,2021,23:30,3,78,78423,1,1,0,2,RN12 INT,48.798767,1.998624,23,2,2
202100019352,167Â 039,B01,1,1,2,5,1,8,-1,-1, -1,-1,2021,16.0,2,2,0,2,4,2,1,,4,MAZARGUES (ROND-POINT),0,,4,1,0,1,0,0,2,, -1,1,9,1,50,12,9,2021,11:00,1,13,13209,2,1,0,2,MAZARGUES (ROND-POINT),43.2504861429,5.4038552137,11,3,3
202100026129,154Â 987,A01,1,1,2,3,1,0,-1,0,0,-1,2021,42.0,2,2,0,2,1,15,1,,3,EUROPE (AVENUE DE L'),0,,2,3,0,1,(1),(1),1,, -1,1,0,1,50,31,7,2021,08:25,1,54,54431,2,2,0,1,EUROPE (AVENUE DE L'),48.91664,6.06301,8,2,2
202100040271,129Â 621,A01,2,2,2,2,2,-1,-1,0,0,-1,2021,17.0,1,1,0,2,2,2,1,,4,,-1,,1,1,0,1,(1),(1),1,, -1,1,0,1,50,3,5,2021,17:00,1,43,43268,2,6,0,3,Chemin de la Galoche,45.145166,4.121241,17,3,2
202100011004,182Â 056,A01,1,1,2,5,2,6,-1,0,0,-1,2021,16.0,0,1,8,0,1,1,1,,4,,0,,2,2,0,1,(1),(1),1,,4,1,0,1,50,26,10,2021,16:10,1,38,38170,2,1,0,6,6 Rue de l Industrie,45.245306,5.659687,16,1,1
202100016073,172Â 921,A01,1,1,2,0,2,-1,-1,-1, -1,-1,2021,52.0,2,1,0,2,1,15,0,,4,GUILLOTIERE (DE LA)                 (GR),0,,1,1,2,1,(1),(1),1,, -1,1,0,1,50,28,9,2021,09:10,1,69,69387,2,2,0,1,GUILLOTIERE (DE LA) (GR),45.74749,4.8582,9,2,2
202100036976,135Â 605,A01,1,1,2,5,1,-1,-1,-1, -1,-1,2021,28.0,2,2,0,2,3,1,1,,4,GRANGE BLAZET,0,,3,1,0,1,(1),(1),1,, -1,1,0,1,50,1,6,2021,17:30,1,69,69264,2,1,0,2,GRANGE BLAZET,45.98332,4.71978,17,2,2
202100029554,148Â 965,A01,2,2,2,5,1,-1,-1,-1,0,-1,2021,21.0,1,2,0,2,1,1,1,,1,AUTOROUTE A1,0,,3,6,0,1,30,0,1,, -1,1,0,1,130,11,7,2021,09:50,1,95,95604,1,1,0,2,AUTOROUTE A1,49.1052561022,2.5512421131,9,4,2
202100045333,120Â 706,A01,1,1,1,0,1,-1,-1,-1, -1,-1,2021,24.0,2,2,3,0,1,14,1,,2,ROUTE NATIONALE 230,0,,3,6,0,2,38,500,3,, -1,1,0,1,90,3,4,2021,04:30,5,33,33167,1,1,0,6,,44.83378,-0.500296,4,1,1
202100003239,195Â 979,B01,1,1,1,1,2,0,-1,-1, -1,-1,2021,42.0,2,1,0,2,1,1,6,,4,BLUM(BOULEVARD LEON),0,,2,2,0,1,0,0,1,, -1,1,9,1,50,7,12,2021,17:40,2,83,83050,2,3,0,3,BLUM(BOULEVARD LEON),43.52813,6.48094,17,2,2
202100042313,125Â 992,B01,1,1,2,1,1,0,-1,-1, -1,-1,2021,24.0,2,2,0,2,4,2,1,,7,,0,,3,4,0,1,5,980,1,, -1,1,0,1,50,27,4,2021,07:40,1,45,45285,2,1,0,4,Rue Henri Pavard,47.89873,1.87383,7,4,4
202100017297,170Â 733,A01,1,1,1,0,0,-1,-1,0,0,-1,2021,22.0,1,2,0,0,9,1,1,,1,85,-1,,-1,2,0,1,120,800,1,, -1,1,0,3,130,25,9,2021,06:30,4,37,37027,1,1,0,7,A85,47.2862288502,1.0073934495,6,1,1
202100017973,169Â 499,A01,1,1,1,5,1,4,-1,-1,0,-1,2021,29.0,2,2,4,0,1,1,1,,1,AUTOROUTE A1,0,,3,6,0,1,20,400,1,, -1,2,1,1,90,20,9,2021,00:50,5,95,95527,1,1,1,6, A1,49.021392,2.534118,0,1,1
202100010746,182Â 520,B01,1,1,2,9,8,0,-1,-1, -1,-1,2021,46.0,1,1,0,2,0,1,5,,3,PARIS(AVENUE DE),0,,2,2,1,1,1,0,1,, -1,1,0,5,50,26,10,2021,20:15,5,94,94011,2,9,0,3,Avenue de Paris,48.775791,2.480221,20,2,2
202100039565,130Â 865,B01,1,1,1,0,2,0,-1,-1, -1,-1,2021,55.0,2,1,0,2,1,1,1,,4,ALSACE (RUE D'),0,,3,4,0,1,1,0,1,, -1,2,0,1,50,11,5,2021,18:00,1,68,68066,2,9,0,3,ALSACE (RUE D'),48.07209,7.36944,18,2,2
202100028508,150Â 757,B01,1,2,2,5,1,0,-1,-1, -1,-1,2021,30.0,2,2,0,2,7,0,1,,3,JOFFRE (AVENUE),0,,2,4,0,1,0,1,1,, -1,1,0,1,50,16,7,2021,22:00,5,93,93031,2,2,0,3,Avenue Joffre / Avenue GalliÃ©ni,48.96174,2.29518,22,6,2
202100026102,155Â 037,B01,2,2,2,5,1,-1,-1,-1,0,-1,2021,33.0,1,2,1,0,8,21,2,,1,AUTOROUTE A1,0,,3,6,0,1,14,500,1,, -1,1,0,1,110,1,8,2021,06:20,2,95,95277,1,1,0,2,AUTOROUTE A1,48.976717,2.492356,6,5,2
202100001058,199Â 870,A01,10,3,1,1,0,-1,-1,4,3,1,2021,76.0,1,1,0,1,1,1,3,,4,BOULEVARD BARBES,0,,3,4,1,2,(1),(1),3,, -1,1,0,1,30,28,12,2021,21:00,5,75,75118,2,2,0,6,BOULEVARD BARBES,48.89156,2.349624,21,2,1
202100007185,188Â 911,A01,1,1,1,5,8,-1,-1,-1, -1,-1,2021,27.0,0,1,0,0,0,1,5,,4,FERRER (RUE),0,,2,2,0,1,0,0,1,, -1,1,0,1,50,17,11,2021,22:45,5,76,76351,2,1,0,7,FERRER (RUE),49.4892,0.13923,22,1,1
202100036238,136Â 909,B01,2,2,2,5,2,-1,-1,0, -1,-1,2021,26.0,1,1,0,2,1,1,1,,2,RN 1135,0,,2,2,0,1,1,0,1,, -1,2,5,1,50,4,6,2021,20:35,1,55,55029,2,2,1,3,RN 1135,48.77072,5.17551,20,3,2
202100014501,175Â 788,B01,1,1,1,5,0,-1,-1,0,0,-1,2021,29.0,1,1,0,2,1,1,1,,3,20,0,,2,2,0,1,(1),(1),1,,5,1,0,1,50,9,10,2021,15:10,1,8,8363,2,3,0,1,Avenue Danton,49.93862,4.640629,15,2,2
202100047124,117Â 534,A01,10,3,1,3,0,-1,-1,5,2,1,2021,65.0,1,1,0,2,1,1,1,,4,OCÃAN ( AVENUE DE L' ),0,,2,2,0,1,(1),(1),1,, -1,1,5,1,50,21,3,2021,10:10,1,44,44135,2,3,0,6,OCÃAN ( AVENUE DE L' ),47.27319,-2.43213,10,3,2
202100044914,121Â 441,A01,1,1,1,5,2,0,-1,-1, -1,-1,2021,21.0,2,1,1,0,1,14,3,,4,MAS-LOUBIER (RUE DU),0,,2,2,0,1,0,0,1,, -1,2,0,1,50,3,4,2021,15:29,1,87,87085,2,1,0,6,MAS-LOUBIER (RUE DU),45.84108,1.25382,15,2,1
202100027261,152Â 992,A01,2,2,1,5,2,6,-1,0,0,-1,2021,22.0,1,1,15,0,4,1,1,,3,51,-1,,2,2,0,1,10,70,1,,3,2,0,1,80,24,7,2021,14:30,1,71,71330,1,2,0,7,CHEDDE,46.5932975279,3.9585937142,14,2,1