Num_Acc,id_vehicule,num_veh,place,catu,sexe,trajet,secu1,secu2,secu3,locp,actp,etatp,year_acc,victim_age,senc,catv,obs,obsm,choc,manv,motor,occutc,catr,voie,v1,v2,circ,nbv,vosp,prof,pr,pr1,plan,lartpc,larrout,surf,infra,situ,vma,jour,mois,an,hrmn,lum,dep,com,agg_,int,atm,col,adr,lat,long,hour,nb_victim,nb_vehicules
202100054018,105Â 191,B01,2,2,2,5,1,0,-1,-1, -1,-1,2021,22.0,1,2,0,2,4,0,1,,1,A86,0,,1,2,0,1,6,900,1,, -1,2,0,1,90,23,1,2021,13:45,1,92,92036,1,1,1,6,A86,48.9341712069,2.2714914867,13,3,2
202100041540,127Â 354,B01,4,2,1,5,1,5,-1,0,0,-1,2021,9.0,0,2,0,2,4,1,1,,4,FAUVILLE (RUE DE),0,,3,2,0,1,(1),(1),1,, -1,1,0,1,50,3,5,2021,08:25,1,27,27229,2,1,0,2,FAUVILLE (RUE DE),49.02842,1.18431,8,4,2
202100030109,147Â 958,A01,1,1,2,5,1,-1,-1,0,0,-1,2021,18.0,1,2,0,2,1,2,1,,3,906,-1,,2,2,0,1,82,660,1,, -1,1,0,1,70,8,7,2021,18:05,1,71,71150,1,1,0,5,RD 906 - PK 82+700,46.2526869575,4.7885610035,18,4,4
202100019204,167Â 300,A01,1,1,1,1,2,6,-1,0,0,-1,2021,36.0,2,1,8,0,1,1,1,,4,AVENUE FOCH,0,,3,1,0,2,(1),(1),1,, -1,1,0,1,30,13,9,2021,09:00,1,75,75116,2,4,0,6,AVENUE FOCH,48.872278,2.285544,9,1,1
202100049555,113Â 178,B01,1,1,2,5,0,-1,-1,0,0,-1,2021,33.0,2,1,0,2,8,1,5,,3,252,-1,,2,2,0,1,20,300,1,, -1,1,0,1,80,1,3,2021,15:50,1,61,61167,1,1,0,3,Route de Moulins la Marche,48.822759,0.507238,15,2,2
202100038756,132Â 337,A01,1,1,1,1,2,8,-1,-1, -1,-1,2021,27.0,1,1,0,2,2,17,1,,4,BALZAC (HONORE DE),0,,1,1,0,1,(1),(1),1,, -1,1,0,1,30,22,5,2021,16:55,1,35,35238,2,3,0,3,BALZAC (HONORE DE),48.11616,-1.66124,16,2,2
202100005390,192Â 156,A01,10,3,2,1,0,-1,-1,3,3,1,2021,26.0,2,5,0,1,1,16,0,,4,FRANCOIS BEGUE (AVENUE),0,,-1,2,0,1,0,0,3,, -1,1,0,1,30,1,12,2021,06:38,5,93,93072,2,3,1,1,FRANCOIS BEGUE (AVENUE),48.95173,2.38199,6,2,1
202100030225,147Â 737,A01,1,1,1,9,1,0,-1,0,0,-1,2021,37.0,0,2,0,2,3,1,1,,4,CARREFOUR DES TRIBUNES,0,,3,3,0,1,(1),(1),1,, -1,1,0,1,50,7,7,2021,08:20,1,75,75116,2,3,0,3,CARREFOUR DES TRIBUNES,48.862239,2.229331,8,2,2
202100013190,178Â 166,B01,1,1,2,5,1,-1,-1,-1, -1,-1,2021,28.0,2,2,0,2,0,1,1,,7,RD383   3.750 A 7.640,0,,3,8,0,1,7,349,1,, -1,1,0,1,70,12,10,2021,22:30,5,69,69266,1,1,0,5,D383   3.750 A 7.640,45.7530441329,4.9081070885,22,7,4
202100055814,102Â 103,A01,10,3,2,5,0,-1,-1,3,3,1,2021,54.0,1,2,0,1,1,15,1,,4,MIRABEAU (BOULEVARD),0,,2,2,0,1,(1),(1),1,, -1,1,0,1,50,6,1,2021,12:45,1,13,13202,2,2,0,6,MIRABEAU (BOULEVARD),43.31453,5.37054,12,2,1
202100031000,146Â 321,A01,10,3,1,0,0,-1,-1,2,5,1,2021,7.0,1,2,0,1,3,1,1,,4,GAULLE CHARLES DE (AV),0,,2,2,0,1,0,0,1,, -1,1,0,1,50,30,6,2021,14:20,1,72,72003,2,1,0,6,GAULLE CHARLES DE (AV),47.96999,0.15959,14,2,1
202100003725,195Â 092,A01,10,3,2,5,0,-1,-1,4,3,1,2021,38.0,2,2,0,1,3,1,1,,4,BOULEVARD LEFEBVRE,0,,-1,2,0,1,(1),(1),1,, -1,1,0,1,50,10,12,2021,19:13,5,75,75115,2,4,0,6,BOULEVARD LEFEBVRE,48.832687,2.288369,19,2,1
202100052641,107Â 631,B01,1,1,2,1,1,4,-1,-1, -1,-1,2021,49.0,1,2,0,2,4,2,1,,1,A13,0,,3,6,0,1,4,599,1,, -1,1,0,1,110,4,2,2021,19:45,3,92,92064,1,1,0,2,A13,48.8397630302,2.2032787376,19,3,2
202100053467,106Â 145,A01,10,3,2,5,0,-1,-1,1,3,1,2021,89.0,1,2,0,1,6,20,1,,4,PAVILLONS (RUE DES),0,,1,1,0,1,0,0,1,, -1,2,0,1,50,27,1,2021,13:50,1,14,14220,2,1,0,6,Rue des Pavillons,49.354147,0.087461,13,2,1
202100034090,140Â 827,A01,1,1,1,9,2,6,-1,0,0,-1,2021,69.0,1,1,0,2,3,1,1,,4,RUE CURIAL,0,,1,2,0,1,(1),(1),1,, -1,1,0,1,50,16,6,2021,11:30,1,75,75119,2,2,0,3,RUE CURIAL,48.893264,2.373137,11,2,2
202100056066,101Â 669,A01,1,1,1,5,2,0,-1,0,0,-1,2021,16.0,3,1,0,2,1,1,5,,4,AVENUE DE L HIPPODROME,0,,-1,2,1,1,(1),(1),1,, -1,1,-1,5,50,6,1,2021,16:00,1,75,75116,2,5,0,2,AVENUE DE L HIPPODROME,48.86228,2.238321,16,2,2
202100034582,139Â 901,A01,10,3,2,0,0,-1,-1,3,3,1,2021,20.0,0,2,0,1,3,26,1,,4,CHATEAUGIRON (DE),0,,2,2,3,1,(1),(1),1,, -1,1,0,1,50,13,6,2021,20:45,1,35,35238,2,1,0,7,CHATEAUGIRON (DE),48.10169,-1.65597,20,2,1
202100043867,123Â 257,A01,10,3,2,1,0,-1,-1,3,3,1,2021,37.0,1,2,0,1,1,1,0,,4,PAIX (RUE DE LA),0,,2,2,0,1,0,0,1,, -1,1,0,1,50,15,4,2021,06:10,2,74,74133,2,1,0,6,PAIX (RUE DE LA),46.18277,6.20572,6,2,1
202100016889,171Â 434,A01,10,3,1,0,0,-1,-1,2,3,1,2021,17.0,0,1,0,1,1,0,1,,7,BELFORT BOULEVARD DE,0,,3,3,1,1,(1),(1),1,, -1,1,0,5,50,23,9,2021,17:35,1,59,59350,2,1,0,6,BELFORT BOULEVARD DE,50.6203194412,3.0783399362,17,2,1
202100040062,129Â 987,B01,1,1,1,9,1,0,-1,-1, -1,-1,2021,70.0,3,5,0,2,3,9,0,,7,Cabane Noire (Route de la),0,,1,2,0,1,6,500,1,, -1,1,0,1,50,12,5,2021,16:55,1,13,13047,1,9,0,3,Cabane Noire (Route de la),43.48217,4.9819,16,2,2
202100042678,125Â 345,A01,10,3,1,5,0,-1,-1,2,3,1,2021,7.0,3,2,0,1,2,1,1,,4,SAVOIES (RUE DES),0,,2,2,0,2,0,1,1,, -1,1,0,1,50,23,4,2021,16:25,1,74,74012,2,1,0,6,SAVOIES (RUE DES),46.1846,6.24303,16,2,1
202100053145,106Â 747,A01,1,1,1,0,2,6,-1,-1, -1,-1,2021,50.0,1,1,0,2,2,3,1,,1,A13 Y,0,,1,2,0,2,21,899,1,, -1,2,0,1,110,29,1,2021,19:20,3,78,78007,1,1,1,3,A13 Y,48.894799,2.007565,19,2,2
202100043654,123Â 643,A01,1,1,1,5,2,6,-1,-1, -1,-1,2021,31.0,1,1,0,2,1,26,1,,4,MARNE (BD DE LA),0,,-1,2,0,1,(1),(1),1,, -1,1,0,1,30,17,4,2021,20:35,2,94,94068,2,1,0,1,MARNE (BD DE LA),48.7910007683,2.5069173695,20,2,2
202100001137,199Â 737,A01,1,1,2,0,1,0,-1,-1, -1,-1,2021,21.0,2,2,0,9,1,1,1,,2,RN 104,0,,1,3,0,1,40,799,1,, -1,2,9,1,90,28,12,2021,00:35,3,91,91521,1,1,0,7,RN 104,48.63154,2.40036,0,1,1
202100027336,152Â 861,A01,1,1,2,0,8,0,-1,-1, -1,-1,2021,63.0,1,2,0,2,4,1,1,,7,PIERREFEU (ROUTE DE) RD 12,0,,2,2,0,1,40,295,1,, -1,1,0,1,50,23,7,2021,09:40,1,83,83069,1,1,0,4,PIERREFEU (ROUTE DE) RD 12,43.13212,6.16392,9,6,3
202100022894,160Â 698,A01,1,1,1,4,1,0,-1,-1, -1,-1,2021,57.0,2,2,1,0,1,1,3,,4,BERCE (RUE DE),0,,2,2,0,1,0,0,1,, -1,1,0,1,50,21,8,2021,06:30,2,72,72181,2,1,0,6,BERCE (RUE DE),47.99764,0.21508,6,2,2
202100053804,105Â 578,B01,1,1,1,1,2,6,-1,0,0,-1,2021,18.0,1,1,0,2,1,1,1,,3,d790,-1,,2,2,0,2,11,950,1,, -1,7,5,1,70,25,1,2021,08:10,3,29,29297,1,4,0,1,D790 - Rue du Faouet,47.882867,-3.534801,8,2,2
202100008881,185Â 865,A01,1,1,1,5,0,-1,-1,0,0,-1,2021,19.0,1,2,2,0,3,1,1,,3,47,0,D,2,2,0,1,13,100,1,, -1,2,0,3,80,2,10,2021,21:04,3,29,29240,1,1,1,6,D47 - Lieu Dit les 3 Fontaines,48.26841676,-4.2384266853,21,1,1
202100045551,120Â 317,B01,1,1,1,1,8,0,-1,-1, -1,-1,2021,46.0,1,1,0,2,7,1,3,,3,DANJOUTIN (RUE DE),0,,2,2,0,1,(1),(1),1,, -1,1,5,1,50,1,4,2021,07:47,1,90,90010,2,1,0,3,DANJOUTIN (RUE DE),47.62875,6.86496,7,2,2
202100055539,102Â 579,A01,1,1,1,0,2,8,-1,-1, -1,-1,2021,43.0,2,1,0,0,8,1,1,,3,EUGENE RENAULT (R),0,,2,4,0,1,0,0,1,, -1,2,0,1,50,11,1,2021,13:10,1,94,94046,2,1,0,7,EUGENE RENAULT (R),48.81481,2.41735,13,1,1
202100046422,118Â 799,A01,1,1,1,2,1,-1,-1,0,0,-1,2021,18.0,1,2,13,0,0,1,1,,3,2,-1,,2,2,0,2,12,600,2,, -1,1,0,1,80,26,3,2021,10:40,1,51,51574,1,1,0,7,D2,48.858955,4.430881,10,1,1
202100002357,197Â 568,A01,1,1,1,5,1,-1,-1,0,0,-1,2021,51.0,1,2,8,0,1,26,1,,3,7,-1,D,2,2,0,1,35,385,1,, -1,2,0,3,50,8,9,2021,11:45,1,86,86053,2,1,1,6,3 Rue de Champs DorÃ©,46.703245,0.158215,11,2,1
202100007072,189Â 116,A01,2,2,1,5,1,-1,-1,0,0,-1,2021,21.0,1,2,2,0,2,1,1,,3,9,-1,,2,2,0,1,18,700,1,, -1,2,0,3,80,21,11,2021,16:20,1,95,95365,1,1,1,6,RD 9,49.068422,2.434684,16,2,1
202100007344,188Â 626,B01,1,1,2,9,8,0,-1,0,0,-1,2021,19.0,2,1,0,2,0,1,3,,4,RUE DE GRENELLE,0,,1,1,2,1,(1),(1),1,, -1,1,-1,5,50,19,11,2021,11:15,1,75,75107,2,3,0,1,RUE DE GRENELLE,48.853836,2.327371,11,2,2
202100027265,152Â 987,A01,10,3,1,4,0,-1,-1,1,9,1,2021,28.0,1,4,0,9,1,1,1,,3,905,-1,,2,2,0,1,23,520,1,, -1,2,0,1,90,24,7,2021,05:00,3,39,39520,1,1,1,6,,46.989723,5.565691,5,2,1
202100011758,180Â 696,A01,10,3,2,3,-1,-1,-1,2,3,1,2021,65.0,1,5,0,1,1,26,1,,3,JULES LEFEBVRE (AVENUE),0,,2,2,0,1,0,0,1,, -1,1,0,1,30,10,6,2021,09:00,1,2,2168,2,9,0,6,JULES LEFEBVRE (AVENUE),49.043777,3.399093,9,2,1
202100020167,165Â 586,A01,1,1,1,4,1,-1,-1,0,0,-1,2021,46.0,1,4,0,0,2,14,1,,3,751,0,D,2,2,0,2,66,730,1,, -1,1,0,1,80,8,9,2021,15:25,1,49,49244,1,3,0,7,RD751,47.368282,-0.828824,15,1,1
202100023707,159Â 239,B01,2,2,2,9,1,8,-1,-1, -1,-1,2021,21.0,3,2,0,2,5,2,1,,4,BOUCTON (RUE CHARLES),0,,4,2,0,1,(1),(1),1,, -1,1,5,1,50,17,8,2021,17:10,1,51,51573,2,6,0,2,Rue Charles Boucton,49.2533516042,3.9791087348,17,3,2
202100036308,136Â 785,B01,2,2,2,5,1,-1,-1,0,0,-1,2021,40.0,2,2,3,0,4,1,1,,2,249,-1,,3,4,0,1,70,160,1,3,14,1,0,1,110,6,6,2021,18:25,1,79,79079,1,1,0,2,,46.937261,-0.747623,18,4,2
202100005652,191Â 686,Z01,4,2,2,5,1,8,-1,0,0,-1,2021,31.0,1,2,14,0,9,1,1,,4,BOULEVARD DE LA MADELEINE,0,,2,3,3,1,(1),(1),1,, -1,1,0,1,30,28,11,2021,21:55,5,75,75101,2,3,0,6,BOULEVARD DE LA MADELEINE,48.869729,2.326502,21,2,1
202100045341,120Â 694,B01,1,1,1,0,1,0,-1,-1, -1,-1,2021,29.0,1,2,0,2,4,0,1,,2,LITTORAL (ROUTE 1 DU),0,,1,2,0,1,0,0,1,, -1,1,0,1,90,2,4,2021,07:30,1,974,97411,1,1,0,4,LITTORAL (ROUTE 1 DU),-20.87679,55.41388,7,3,3
202100000143,201Â 489,B01,1,1,1,4,1,-1,-1,-1,0,-1,2021,48.0,1,2,0,2,9,1,2,,1,AUTOROUTE A15,0,,3,5,0,1,10,0,1,, -1,1,0,1,110,31,12,2021,20:30,3,95,95582,1,1,0,5, A15,48.975149,2.24303,20,3,3
202100029438,149Â 161,A01,1,1,1,1,2,6,-1,0,0,-1,2021,34.0,1,1,0,0,8,1,1,,4,GENETS (AVENUE DES),0,,2,2,0,2,(1),(1),1,, -1,1,0,1,50,11,7,2021,06:30,1,6,6069,2,1,0,7,GENETS (AVENUE DES),43.674002,6.905571,6,1,1
202100024136,158Â 516,B01,2,2,2,0,1,5,-1,-1, -1,-1,2021,18.0,3,2,0,2,0,0,1,,4,ALBERT IER   RUE,0,,1,1,1,1,(1),(1),1,, -1,1,0,1,20,14,8,2021,22:58,5,17,17300,2,2,0,3,ALBERT IER   RUE,46.166461,-1.150915,22,3,2
202100020806,164Â 457,B01,2,2,2,5,1,-1,-1,-1, -1,-1,2021,22.0,2,2,0,2,4,2,1,,1,AUTOROUTE A 62,0,,3,4,0,1,7,756,1,, -1,1,0,1,130,5,9,2021,19:20,1,33,33448,1,1,0,4,AUTOROUTE A 62,44.709732,-0.512994,19,5,3
202100045047,121Â 207,A01,1,1,2,9,2,8,-1,-1, -1,-1,2021,27.0,1,1,0,2,1,2,1,,4,,0,,2,2,0,1,0,0,1,, -1,2,0,1,50,5,4,2021,17:27,1,92,92012,2,1,0,2,JEAN JAURES (BOULEVARD) 63/215 - 70/208,48.8347169761,2.2429195046,17,3,2
202100014611,175Â 598,B01,1,1,1,1,2,6,-1,0, -1,-1,2021,42.0,2,1,0,2,1,1,1,,4,MONTAIGNE (DE 1 A 37 ET 2 A 30),0,,2,3,0,2,(1),(1),1,, -1,1,9,1,50,7,10,2021,06:50,5,29,29019,2,2,0,1,Boulevard Montaigne,48.399754,-4.486097,6,2,2
202100008173,187Â 112,B01,1,1,1,5,2,-1,-1,0,0,-1,2021,60.0,3,1,0,2,8,15,5,,3,139,0,,2,2,0,1,13,100,2,,4,1,0,1,80,15,11,2021,12:30,1,76,76595,1,4,0,6,dÃ©partementale 139,49.635672,0.190507,12,2,2
202100034909,139Â 310,A01,1,1,1,5,1,-1,-1,-1,0,-1,2021,31.0,1,2,4,0,1,14,1,,1,AUTOROUTE A15,0,,3,12,0,1,7,460,1,, -1,1,0,1,70,12,6,2021,01:00,3,95,95018,1,1,0,6, A15,48.9611806549,2.2694420562,1,1,1
202100015268,174Â 422,A01,1,1,1,0,2,-1,-1,0,0,-1,2021,33.0,1,1,0,0,2,2,0,,3,395,-1,,2,2,0,1,4,(1),1,, -1,2,0,1,80,4,10,2021,15:55,1,25,25139,1,1,1,7,Rue du Docteur Girard - D 395,47.021,6.442337,15,1,1
202100021071,163Â 994,A01,1,1,2,0,1,0,-1,0,0,-1,2021,27.0,1,2,0,2,1,15,1,,3,LION CD60 (ROUTE DE),0,,1,3,0,1,1,0,1,, -1,1,3,1,50,3,9,2021,13:20,1,14,14327,2,1,0,3,,49.206181,-0.349787,13,2,2
202100042272,126Â 070,A01,1,1,1,0,2,6,-1,0,0,-1,2021,48.0,3,1,0,0,0,0,1,,7,36,0,,1,2,0,1,(1),(1),2,, -1,1,5,1,30,28,4,2021,07:50,1,59,59482,1,6,1,3,D36 - D308,50.719742,3.019754,7,2,2
202100012820,178Â 805,A01,2,2,2,9,2,-1,-1,-1, -1,-1,2021,46.0,3,1,0,2,1,1,1,,4,EAUPLET. RUE D',0,,3,4,0,1,0,0,1,, -1,1,0,1,50,16,10,2021,17:00,1,76,76681,1,1,0,2,EAUPLET. RUE D',49.4208098964,1.1042458111,17,3,2
202100033087,142Â 602,A01,1,1,1,0,2,6,-1,-1, -1,-1,2021,21.0,1,1,0,2,1,15,1,,3,JULES GUESDE (QU),0,,4,2,0,1,1,0,1,, -1,1,0,1,50,21,6,2021,09:30,1,94,94041,2,3,0,5,Quai Jules Guesde,48.8084,2.4078,9,4,3
202100015287,174Â 387,B01,1,1,1,0,0,2,6,0,0,-1,2021,46.0,2,1,0,0,1,0,1,,3,81,-1,,2,2,0,1,(1),(1),1,, -1,1,0,1,50,15,9,2021,09:15,1,66,66008,2,1,0,3,760 Avenue du Tech,42.561035,3.041046,9,2,2
202100051005,110Â 501,B01,1,1,2,1,2,6,-1,-1, -1,-1,2021,21.0,2,1,0,2,7,21,1,,4,Tunnel Prado CarÃ©nage,0,,1,2,0,1,2,250,1,, -1,1,1,1,50,18,2,2021,08:25,5,13,13206,1,1,0,3,Tunnel Prado CarÃ©nage,43.2856,5.375,8,2,2
202100044526,122Â 126,A01,1,1,1,1,1,-1,-1,-1, -1,-1,2021,25.0,1,2,14,0,1,1,1,,1,ROCADE A 630,0,,3,6,0,1,17,280,1,, -1,1,3,1,90,10,4,2021,02:07,3,33,33281,1,1,0,6,ROCADE A 630,44.832698,-0.676592,2,1,1
202100035479,138Â 293,A01,1,1,1,9,8,0,-1,-1, -1,-1,2021,26.0,1,1,0,2,3,1,3,,4,FOCH (MARECHAL),0,,1,1,0,1,0,0,1,, -1,1,0,4,50,8,6,2021,07:32,1,66,66136,2,3,0,3,FOCH (MARECHAL),42.69546,2.88998,7,2,2
202100027740,152Â 129,A01,1,1,1,1,1,-1,-1,-1, -1,-1,2021,22.0,2,2,0,2,1,1,1,,7,,0,,2,4,0,1,26,304,1,, -1,1,5,1,70,20,7,2021,10:00,1,35,35281,1,3,0,2,DODIN (AVENUE ROGER),48.06726,-1.71429,10,4,2
202100019794,166Â 268,A01,1,1,1,5,2,6,0,0,0,-1,2021,29.0,1,1,12,0,0,0,1,,3,204,-1,,2,2,0,1,(1),(1),3,, -1,1,0,3,80,11,9,2021,00:10,3,84,84064,1,6,0,7,Rd 204,44.319158,4.708087,0,1,1
202100009576,184Â 589,B01,1,1,1,1,2,8,-1,-1, -1,-1,2021,33.0,2,1,0,2,2,1,1,,3,AV FERDINAND DE LESSEPS,0,,2,2,0,1,0,0,1,, -1,1,0,1,50,3,11,2021,15:05,1,91,91432,2,3,0,3,AV FERDINAND DE LESSEPS,48.703768,2.339585,15,2,2
202100004764,193Â 267,A01,10,3,2,5,0,-1,-1,4,3,1,2021,72.0,3,3,0,1,1,16,1,1.0,4,CAYENNE (ROUTE DE),0,,2,3,0,1,(1),(1),1,, -1,1,2,1,50,3,12,2021,10:12,1,34,34301,2,1,0,6,CAYENNE (ROUTE DE),43.41214,3.69695,10,2,1
202100043029,124Â 761,B01,4,2,1,9,1,0,-1,-1, -1,-1,2021,22.0,0,2,0,2,3,1,1,,4,DURAFOUR ANTOINE JUSQU'AUX NÃ¸ 126-159,0,,1,1,0,1,(1),(1),1,, -1,1,0,1,50,20,4,2021,19:20,1,42,42218,2,2,0,3,Rue Fougerolle,45.43232,4.39269,19,4,2
202100029704,148Â 703,B01,2,2,2,5,2,-1,-1,0,0,-1,2021,50.0,1,1,0,2,3,2,1,,3,98,0,A,2,2,0,1,2,400,1,, -1,1,0,1,70,10,7,2021,20:45,3,83,83065,2,1,0,3,D98a,43.262429,6.60068,20,3,2
202100029265,149Â 451,A01,2,2,2,5,1,8,-1,-1, -1,-1,2021,40.0,0,2,0,2,1,1,1,,4,TROUBIRAN (CHEMIN DE),0,,2,1,0,1,(1),(1),1,, -1,2,0,1,50,11,7,2021,07:08,1,973,97302,2,1,1,3,TROUBIRAN (CHEMIN DE),4.91669566,-52.30904195,7,3,2
202100010500,182Â 953,A01,1,1,1,9,2,8,-1,-1, -1,-1,2021,35.0,1,1,0,0,0,26,1,,4,PARE (RUE AMBROISE),0,,-1,2,0,1,(1),(1),1,, -1,1,0,1,50,27,10,2021,12:35,1,71,71076,2,1,0,7,PARE (RUE AMBROISE),46.7867234257,4.8489461358,12,1,1
202100033578,141Â 746,B01,1,1,1,0,2,0,-1,0,0,-1,2021,29.0,3,1,0,2,1,1,1,,4,DOMBASLE (PLACE),0,,1,2,0,1,(1),(1),1,, -1,1,0,1,30,17,6,2021,16:20,1,54,54395,2,1,0,3,DOMBASLE (PLACE),48.69175,6.17796,16,2,2
202100017194,170Â 900,B01,9,2,2,5,8,-1,-1,0,0,-1,2021,21.0,2,2,0,2,3,1,1,,3,237,0,,2,2,0,2,1,100,3,, -1,1,0,1,50,25,9,2021,23:30,3,202,202346,2,1,0,3,Lieu dit campore D 237,42.500042,9.451182,23,4,2
202100003742,195Â 063,B01,2,1,1,0,8,0,-1,-1, -1,-1,2021,49.0,3,1,0,2,2,15,3,,4,PAUL FORT (ALLEE),0,,2,2,0,1,0,1,1,, -1,1,0,1,50,10,12,2021,17:15,5,93,93071,2,4,0,3,PAUL FORT (ALLEE),48.9453898182,2.5487146679,17,2,2
202100007287,188Â 720,B01,4,2,2,5,1,0,-1,0,0,-1,2021,61.0,2,2,0,2,7,1,0,,3,RD 102,0,,2,2,0,1,12,365,1,, -1,1,5,1,80,18,11,2021,16:40,1,26,26057,1,2,0,3,Route de Besayes,45.009052,5.062082,16,6,2
202100055813,102Â 104,A01,1,1,1,1,2,8,-1,-1, -1,-1,2021,65.0,1,1,0,1,1,17,1,,4,SAINT LOUP (BOULEVARD DE),0,,2,2,0,1,(1),(1),1,, -1,1,0,1,50,8,1,2021,18:15,5,13,13211,2,1,0,6,SAINT LOUP (BOULEVARD DE),43.284032,5.435628,18,2,1
202100038506,132Â 814,A01,10,3,2,5,0,-1,-1,4,3,2,2021,4.0,1,1,0,1,7,0,1,,4,VIVIANI                             (AV),0,,3,2,1,1,(1),(1),2,, -1,1,0,8,50,24,5,2021,18:03,1,69,69259,2,2,0,6,VIVIANI                             (AV),45.72673,4.86252,18,2,1
202100054955,103Â 580,A01,1,1,1,5,8,-1,-1,0,0,-1,2021,21.0,3,2,0,0,0,0,1,,4,,-1,,2,2,0,1,(1),(1),2,, -1,7,0,8,50,16,1,2021,11:00,1,51,51546,1,1,0,7,Chemin Agricole,49.1180418504,4.5884446653,11,1,1
202100031970,144Â 600,A01,1,1,1,0,8,6,-1,-1, -1,-1,2021,23.0,2,1,12,0,1,1,1,,4,BANC VERT,0,,3,2,3,1,(1),(1),1,, -1,1,0,1,50,26,6,2021,22:52,5,59,59183,2,1,0,6,BANC VERT,51.02037,2.35569,22,1,1
202100041483,127Â 454,A01,10,3,2,0,0,-1,-1,3,3,2,2021,17.0,1,1,0,1,1,1,1,,4,kaweni-Centrale EDM (rue de la ),0,,2,0,0,1,0,0,1,, -1,1,0,1,50,3,5,2021,08:45,1,976,97611,2,1,0,6,kaweni-Centrale EDM (rue de la ),-12.76206,45.22616,8,2,1
202100046779,118Â 153,A01,10,3,1,9,0,-1,-1,2,3,1,2021,18.0,2,5,0,1,1,1,1,,4,RUE BOURSAULT,0,,1,1,0,1,(1),(1),1,, -1,1,0,1,30,23,3,2021,10:55,1,75,75117,2,1,0,6,RUE BOURSAULT,48.884076,2.319899,10,2,1
202100006320,190Â 489,A01,1,1,1,4,1,-1,-1,0,0,-1,2021,28.0,1,5,7,0,1,0,1,,3,1,-1,G,2,2,0,1,1,0,1,,7,1,0,3,80,25,11,2021,08:00,2,54,54462,1,1,0,6,rd1g,48.5974720932,6.3421797747,8,1,1
202100019899,166Â 063,A01,1,1,1,9,2,0,-1,0,0,-1,2021,26.0,1,1,0,2,4,2,5,,4,AVENUE FOCH,0,,2,4,0,1,(1),(1),1,, -1,2,0,1,50,9,9,2021,00:01,5,75,75116,2,1,1,2,AVENUE FOCH,48.8718485623,2.2770264745,0,2,2
202100016169,172Â 740,C01,1,1,2,5,1,8,-1,-1, -1,-1,2021,32.0,2,2,0,2,4,2,1,,4,DUCLOS (AVENUE JACQUES),0,,2,2,0,1,(1),(1),1,, -1,1,0,1,50,28,9,2021,19:00,1,37,37233,2,1,0,4,DUCLOS (AVENUE JACQUES),47.3792844727,0.7223211564,19,4,3
202100005389,192Â 160,A01,1,1,1,3,2,6,-1,-1, -1,-1,2021,35.0,1,1,0,2,2,9,1,,3,BAC (AV DU),0,,2,2,0,1,1,0,1,, -1,1,0,1,30,30,11,2021,23:20,5,94,94068,2,2,0,3,Avenue du Bac,48.7956,2.50849,23,2,2
202100023216,160Â 122,A01,1,1,2,0,8,-1,-1,0,0,-1,2021,53.0,2,2,6,0,1,1,1,,7,524,0,,2,2,0,1,13,500,1,,4,1,5,3,70,19,8,2021,15:40,1,38,38528,1,3,0,6,Avenue des Vaulnaveys,45.093898,5.793309,15,1,1
202100003036,196Â 354,A01,1,1,2,9,1,0,-1,-1, -1,-1,2021,20.0,2,2,0,2,4,2,1,,1,Autoroute A31,0,,3,4,0,1,331,0,1,, -1,1,0,1,90,14,12,2021,02:45,3,57,57672,1,1,0,6,Autoroute A31,49.34842,6.16187,2,1,1
202100035790,137Â 731,A01,1,1,1,5,2,6,9,0,0,-1,2021,66.0,1,1,14,0,1,1,1,,3,10,0,D,2,2,0,1,17,720,1,0,"5,5",1,0,1,50,7,6,2021,16:15,1,16,16045,1,1,0,6,Les Groies des Fouillousse,45.57156,-0.046746,16,1,1
202100052131,108Â 527,A01,10,3,2,5,0,-1,-1,0,0,-1,2021,43.0,1,2,0,1,1,1,1,,4,GAMBETTA (PLACE),0,,2,2,0,1,1,0,1,, -1,2,0,1,50,6,2,2021,15:40,2,14,14118,2,1,1,6,Place Gambetta,49.17979,-0.36438,15,2,1
202100042980,124Â 845,B01,1,1,1,0,2,6,-1,0,0,-1,2021,15.0,1,1,0,2,7,17,1,,3,368,0,D,2,2,0,1,2,273,1,, -1,1,0,1,50,23,4,2021,18:37,1,201,201247,2,3,0,3,Rue Vincentellu d'Istria,41.6006363168,9.2708229199,18,3,2
202100039353,131Â 256,B01,1,1,1,3,1,-1,-1,0,0,-1,2021,52.0,3,2,0,2,1,1,1,,4,,0,,2,2,0,1,(1),(1),1,, -1,2,0,1,40,18,5,2021,18:30,1,25,25367,1,1,1,1,BelvÃ©dÃ¨re (Point de vue),47.430814,6.79592,18,2,2
202100036358,136Â 706,A01,1,1,1,1,1,5,-1,-1, -1,-1,2021,33.0,1,2,3,0,4,1,1,,2,A104,0,,3,4,0,2,15,0,1,, -1,1,0,1,90,4,6,2021,02:30,3,77,77450,1,1,0,2,A104,48.7086933165,2.5988263093,2,2,2
202100038523,132Â 782,A01,1,1,1,4,1,-1,-1,0,0,-1,2021,35.0,2,2,0,2,1,13,1,,2,RN88,0,,2,2,0,1,43,890,1,, -1,1,0,1,80,24,5,2021,07:15,1,12,12176,1,1,0,1,RN88,44.37344,2.6226,7,2,2