Num_Acc,id_vehicule,num_veh,place,catu,sexe,trajet,secu1,secu2,secu3,locp,actp,etatp,year_acc,victim_age,senc,catv,obs,obsm,choc,manv,motor,occutc,catr,voie,v1,v2,circ,nbv,vosp,prof,pr,pr1,plan,lartpc,larrout,surf,infra,situ,vma,jour,mois,an,hrmn,lum,dep,com,agg_,int,atm,col,adr,lat,long,hour,nb_victim,nb_vehicules
202100027210,153Â 078,A01,4,2,2,5,1,-1,-1,-1, -1,-1,2021,25.0,2,2,9,0,1,1,1,,2,,0,,3,4,0,1,40,680,1,, -1,1,0,1,50,24,7,2021,02:15,3,33,33529,1,6,0,6,,44.61819,-1.12411,2,4,1
202100050172,112Â 036,A01,10,3,2,4,8,8,-1,3,3,1,2021,58.0,1,5,0,1,1,16,1,,3,CHOCHOY (AVE BERNARD ....NÂ°13 et plus),0,,2,2,0,1,5,510,1,, -1,1,0,1,50,24,2,2021,13:40,1,62,62040,2,1,0,6,CHOCHOY (AVE BERNARD ....NÂ°13 et plus),50.727175,2.293662,13,2,1
202100055283,103Â 001,B01,1,1,1,0,2,-1,-1,0,0,-1,2021,50.0,0,1,0,2,6,1,1,,3,ABBEVILLE (RUE D'),0,,2,2,0,1,(1),(1),1,, -1,1,0,1,50,8,1,2021,17:40,5,80,80021,2,1,0,2,ABBEVILLE (RUE D'),49.91164,2.25216,17,2,2
202100044166,122Â 727,B01,2,2,1,5,1,0,-1,0,0,-1,2021,12.0,3,2,0,2,4,23,1,,4,RUE DES LONGUES RAIES,0,,1,1,0,1,(1),(1),1,, -1,1,0,1,50,13,4,2021,16:00,1,75,75113,2,4,0,2,RUE DES LONGUES RAIES,48.821208,2.350485,16,3,2
202100002182,197Â 890,A01,1,1,2,1,1,-1,-1,0,0,-1,2021,22.0,1,2,8,0,9,1,1,,3,110,-1,,2,2,0,1,13,930,2,,6,7,0,3,80,21,12,2021,07:20,3,47,47050,1,1,1,6,Le Sautoul,44.298145,0.753095,7,1,1
202100014272,176Â 189,A01,1,1,1,0,1,-1,-1,0,0,-1,2021,56.0,1,2,3,0,1,12,1,,1,41,0,A,2,4,0,1,18,200,1,, -1,1,0,2,130,10,10,2021,10:30,1,38,38214,1,1,0,7,A41S pk 018+200,45.305803,5.92839,10,1,1
202100007650,188Â 074,A01,10,3,1,9,0,-1,-1,2,3,1,2021,27.0,3,2,0,1,2,1,1,,4,BOULEVARD DE PORT ROYAL,0,,2,4,0,1,(1),(1),1,, -1,1,0,1,30,17,11,2021,10:50,1,75,75105,2,1,0,6,BOULEVARD DE PORT ROYAL,48.837801,2.344945,10,2,1
202100003798,194Â 969,A01,1,1,2,1,1,9,-1,0,0,-1,2021,36.0,2,2,8,0,8,1,1,,3,15,-1,,2,2,0,2,29,860,2,, -1,7,0,3,80,11,12,2021,08:35,2,2,2186,1,1,0,6,La Casiniere,48.969956,3.370078,8,1,1
202100054808,103Â 828,A01,1,1,1,1,1,-1,-1,0,0,-1,2021,54.0,2,2,0,2,1,15,1,,3,1205,-1,,2,2,0,1,58,150,1,, -1,1,0,1,70,16,1,2021,12:45,1,74,74103,1,2,0,1,RD1205,45.903687,6.677241,12,2,2
202100000442,200Â 915,A01,1,1,1,1,0,-1,-1,0,0,-1,2021,20.0,1,1,0,2,1,5,5,,3,29,0,D,2,2,0,1,4,500,1,, -1,1,0,1,80,28,9,2021,12:00,1,38,38511,1,1,0,1,route dÃ©partemantale 29,45.3528241,5.961199,12,2,2
202100048914,114Â 326,A01,1,1,1,0,2,6,-1,-1, -1,-1,2021,50.0,1,1,0,2,2,3,1,,1,AUTOROUTE A86,0,,3,2,0,1,52,0,1,, -1,1,1,1,70,7,3,2021,17:40,1,94,94034,1,1,0,3,AUTOROUTE A86,48.761836,2.314397,17,2,2
202100029313,149Â 366,B01,5,2,2,0,2,8,-1,-1, -1,-1,2021,18.0,3,1,0,2,8,9,1,,7,ROVARCH (AVENUE PIERRE),0,,1,2,0,1,0,0,2,, -1,1,5,1,50,12,7,2021,12:00,1,13,13028,2,6,0,3,ROVARCH (AVENUE PIERRE),43.19174,5.6049,12,3,2
202100008099,187Â 260,B01,1,1,2,4,1,-1,-1,0,0,-1,2021,37.0,2,2,15,2,8,1,1,,4,0,-1,,2,2,0,1,(1),(1),1,, -1,1,0,1,50,14,11,2021,11:50,1,33,33122,2,3,0,3,Avenue BrÃ©montier,44.768419,-0.706569,11,2,2
202100013168,178Â 209,A01,1,1,1,5,2,-1,-1,0,0,-1,2021,72.0,2,1,0,2,2,13,6,,3,267,-1,,2,2,0,1,4,600,1,, -1,1,0,1,80,15,10,2021,16:45,1,53,53150,1,1,0,6,La Grande Comte,47.788097,-0.680246,16,2,2
202100030427,147Â 383,A01,2,2,1,5,2,0,-1,-1, -1,-1,2021,15.0,1,1,0,2,1,1,1,,3,PIERRE BROSSOLETTE (QU),0,,2,2,0,3,1,0,1,, -1,1,0,1,50,5,7,2021,23:20,5,94,94042,2,2,0,3,Quai Pierre Brossolette,48.82015,2.46719,23,3,2
202100055531,102Â 588,A01,1,1,1,9,2,6,-1,0,0,-1,2021,21.0,1,1,0,2,1,11,1,,4,BOULEVARD HAUSSMANN,0,,1,2,0,1,(1),(1),1,, -1,1,0,1,50,10,1,2021,19:30,5,75,75109,2,1,0,2,BOULEVARD HAUSSMANN,48.873464,2.329355,19,2,2
202100005076,192Â 703,B01,1,1,1,0,2,6,-1,-1, -1,-1,2021,28.0,2,1,0,2,1,1,1,,4,QUAI DU PRESIDENT WILSON,0,,2,2,0,1,(1),(1),1,, -1,2,0,1,50,1,12,2021,22:20,5,33,33039,2,1,1,3,Quai du PrÃ©sident Wilson,44.81401,-0.5354,22,3,2
202100028981,149Â 923,A01,2,2,1,5,1,0,0,0,0,-1,2021,30.0,3,2,15,0,2,17,3,,3,PEGOMAS (ROUTE DE),0,,2,2,0,2,13,154,1,, -1,1,0,8,50,14,7,2021,20:50,2,6,6069,2,1,0,6,PEGOMAS (ROUTE DE),43.636846,6.933318,20,3,2
202100040038,130Â 032,A01,1,1,1,0,2,8,-1,-1, -1,-1,2021,37.0,2,1,0,2,1,3,0,,3,20,0,,1,2,0,1,0,0,1,, -1,1,0,1,50,13,5,2021,12:45,1,91,91161,2,1,0,2,NATIONALE 20,48.71431,2.29799,12,2,2
202100054313,104Â 678,A01,10,3,1,2,0,-1,-1,5,3,2,2021,18.0,1,2,9,2,2,1,0,,4,MARGOT (RUE),0,,2,2,0,2,0,0,3,, -1,1,0,1,30,20,1,2021,12:30,1,91,91687,2,1,0,6,MARGOT (RUE),48.67032,2.37065,12,2,1
202100043754,123Â 475,A01,1,1,1,0,2,-1,-1,-1, -1,-1,2021,20.0,3,1,0,2,1,26,1,,4,RAYMOND POINCARE    (Pont),0,,2,6,3,1,(1),(1),1,, -1,1,0,1,50,16,4,2021,22:10,5,69,69266,2,1,0,2,BATAILLE DE STALINGRAD (DE LA) (BD),45.78456,4.86006,22,2,2
202100049932,112Â 491,B01,1,1,1,5,1,-1,-1,0,0,-1,2021,37.0,2,2,0,2,3,1,1,,3,126,0,R,2,2,0,1,18,420,1,, -1,1,0,1,50,28,2,2021,17:50,2,25,25196,2,2,0,1,28 Rue Centrale,47.478167,6.895257,17,2,2
202100056081,101Â 636,A01,1,1,1,1,2,6,-1,-1, -1,-1,2021,27.0,1,1,0,2,2,1,1,,4,FORT DE DOUAUMONT (BD DU),0,,1,1,0,1,(1),(1),1,, -1,1,0,1,50,6,1,2021,17:54,5,75,75117,2,1,0,3,DOUAUMONT (BD DE),48.8955304239,2.3067936301,17,2,2
202100046804,118Â 112,B01,1,1,1,0,1,0,-1,-1, -1,-1,2021,66.0,3,2,0,2,6,1,1,,3,RU DE NESLE (BOULEVARD),0,,2,3,0,1,0,1,1,, -1,1,0,1,50,24,3,2021,09:45,1,93,93051,2,2,0,3,RU DE NESLE (BOULEVARD),48.83025,2.58481,9,2,2
202100028992,149Â 905,A01,2,2,1,0,1,0,-1,-1, -1,-1,2021,34.0,1,2,0,2,1,19,1,,4,CHARLES INFROIT (R),0,,2,2,0,2,1,0,1,, -1,2,0,1,50,14,7,2021,00:30,5,94,94081,2,3,1,3,Rue Charles Infroit,48.79551,2.39158,0,3,2
202100004273,194Â 119,B01,1,1,2,0,2,6,-1,-1, -1,-1,2021,50.0,2,1,0,2,2,1,1,,3,DOUVENANT (RUE DE),0,,1,2,0,1,1,0,2,, -1,2,0,1,50,6,12,2021,09:30,1,22,22106,2,6,1,3,DOUVENANT (RUE DE),48.50026,-2.72957,9,2,2
202100047226,117Â 347,A01,1,1,1,1,2,6,-1,-1, -1,-1,2021,31.0,1,1,0,2,9,17,1,,3,LECLERC (AVE DU GAL) DU 01 ET +,0,,2,2,0,1,17,128,1,, -1,1,0,1,50,20,3,2021,17:00,1,33,33529,2,1,0,5,Avenue du GÃ©nÃ©ral Leclerc,44.6411378275,-1.1508564026,17,4,4
202100051889,108Â 951,A01,1,1,1,0,2,8,-1,-1, -1,-1,2021,29.0,1,1,1,0,1,13,1,,4,REMPART (RUE DU),0,,2,2,0,1,0,0,1,, -1,2,0,1,50,9,2,2021,18:00,5,67,67482,2,1,0,6,REMPART (RUE DU),48.588544,7.733164,18,1,1
202100033123,142Â 550,A01,1,1,1,5,1,-1,-1,0,0,-1,2021,22.0,1,2,0,2,2,0,1,,3,D60,-1,,2,2,0,1,(1),(1),1,, -1,1,0,1,80,21,6,2021,19:50,1,84,84057,1,2,0,1,D60,43.914361,5.254533,19,2,2
202100011208,181Â 699,B01,1,1,1,5,2,0,-1,-1, -1,-1,2021,68.0,1,1,0,2,1,13,5,,7,SAINT EXUPERY  (RUE),0,,2,2,0,1,(1),(1),1,, -1,1,0,1,50,23,10,2021,13:45,1,59,59317,2,1,0,1,SAINT EXUPERY  (RUE),50.69563,2.92054,13,2,2
202100046265,119Â 078,B01,1,1,1,5,1,5,-1,0,0,-1,2021,31.0,2,2,0,2,1,1,1,,3,13,-1,,2,2,0,1,2,580,2,, -1,1,0,1,80,29,3,2021,18:25,1,56,56122,1,1,0,1,Le Bas des GrÃ©es,47.998631,-2.383813,18,3,2
202100019612,166Â 582,B01,1,1,1,9,2,0,-1,-1, -1,-1,2021,19.0,0,1,0,0,0,0,1,,7,BOULEVARD JOLIOT CURIE,0,,2,0,0,1,(1),(1),1,, -1,2,0,1,30,10,7,2021,15:35,1,44,44109,2,3,0,3,RUE DE LA RIPOSSIERE,47.19361,-1.53031,15,2,2
202100056328,101Â 213,A01,2,2,2,5,1,8,-1,-1, -1,-1,2021,26.0,2,2,0,0,1,14,1,,3,ROUTE DEPARTEMENTALE 15,0,,2,2,0,4,6,500,1,, -1,1,0,1,50,3,1,2021,08:45,1,972,97213,2,1,0,7,ROUTE DEPARTEMENTALE 15,14.64571,-61.01018,8,2,1
202100008586,186Â 385,A01,1,1,1,1,2,6,-1,-1, -1,-1,2021,26.0,1,1,0,2,3,3,1,,2,RN104,0,,3,2,0,1,0,600,1,, -1,1,0,1,90,10,11,2021,16:45,1,77,77169,1,1,0,3,RN104,48.8246280227,2.6155684851,16,2,2
202100056100,101Â 604,A01,1,1,1,3,1,-1,-1,0,0,-1,2021,85.0,3,2,1,0,2,2,1,,3,520,-1,,2,2,0,2,(1),(1),3,, -1,1,0,1,80,7,1,2021,15:45,1,50,50461,1,1,0,2,Le Haut Gallion,49.490681,-1.408267,15,2,2
202100056451,100Â 994,A01,1,1,2,5,1,-1,-1,0,0,-1,2021,80.0,2,2,13,0,2,0,1,,2,12,0,,3,4,0,1,11,800,1,, -1,2,0,3,110,2,1,2021,14:00,1,22,22020,1,1,1,7,PK 11+800,48.324828,-2.257197,14,1,1
202100030613,147Â 034,A01,2,2,2,1,2,6,-1,0,0,-1,2021,26.0,3,1,0,2,4,25,1,,4,,-1,,2,2,0,1,(1),(1),2,, -1,1,0,4,50,8,3,2021,19:08,5,14,14384,2,1,0,2,Avenue Lecuyer,49.320769,-0.359277,19,4,2
202100015459,174Â 069,D01,1,1,1,1,1,8,-1,-1, -1,-1,2021,34.0,1,2,0,2,8,1,1,,1,A86 INT,0,,3,9,0,1,36,799,1,, -1,2,0,1,90,3,10,2021,07:15,2,94,94046,1,1,1,2,A86 INT,48.80853,2.44875,7,4,4
202100045008,121Â 277,A01,1,1,2,5,1,5,-1,-1, -1,-1,2021,25.0,2,2,3,0,3,1,1,,1,A557-Liaison A7 Marseille-A55 Marseille,0,,1,2,0,2,1,450,2,, -1,1,3,1,50,5,4,2021,22:49,3,13,13202,1,1,0,6,A557-Liaison A7 Marseille-A55 Marseille,43.317,5.36402,22,2,1
202100017842,169Â 727,A01,1,1,1,5,1,0,-1,-1, -1,-1,2021,31.0,0,2,1,0,2,14,1,,4,CARNOT (RUE),0,,1,1,0,1,0,0,1,, -1,1,0,3,50,19,9,2021,01:50,5,50,50173,2,1,0,2,CARNOT (RUE),49.65068,-1.65583,1,1,1
202100036931,135Â 692,B01,1,1,2,5,1,0,-1,-1, -1,-1,2021,31.0,2,2,0,2,1,2,1,,1,A515CD-Gardanne vers A51-Marseille,0,,1,3,0,1,0,800,1,, -1,1,0,1,110,2,6,2021,16:30,1,13,13015,1,1,0,2,A515CD-Gardanne vers A51-Marseille,43.42877,5.40066,16,2,2
202100021414,163Â 373,A01,1,1,2,0,1,-1,-1,-1, -1,-1,2021,31.0,1,2,0,2,2,9,1,,4,BANNIERE (DE LA)                    (R ),0,,1,1,0,1,(1),(1),1,, -1,1,0,1,50,1,9,2021,18:15,1,69,69383,2,2,0,3,BANNIERE (DE LA) (R),45.75613,4.85578,18,3,2
202100015595,173Â 805,A01,10,3,1,0,0,-1,-1,3,3,1,2021,19.0,2,2,0,1,0,26,1,,7,BD VINCENT AURIOL,0,,3,2,3,1,6,23,1,, -1,1,6,6,50,1,10,2021,19:20,1,31,31557,2,1,0,6,BD VINCENT AURIOL,43.5853936392,1.3459183245,19,2,1
202100020335,165Â 287,Z01,10,3,2,5,0,-1,-1,4,3,2,2021,4.0,2,5,0,1,1,16,6,,4,RUE DE COURCELLES,0,,3,2,0,1,(1),(1),1,, -1,1,8,1,30,7,9,2021,15:22,1,75,75108,2,3,0,6,RUE DE COURCELLES,48.878873,2.303578,15,2,1
202100055708,102Â 286,B01,1,1,1,5,0,-1,-1,0,0,-1,2021,62.0,1,1,0,2,8,15,5,,3,2,-1,,2,2,0,1,24,200,1,, -1,1,0,1,80,9,1,2021,15:00,1,29,29174,1,1,0,3,D2 - Coat-Hellen (Restaurant),47.8778176242,-4.2468126814,15,2,2
202100024515,157Â 839,Z01,10,3,1,5,0,-1,-1,1,2,1,2021,20.0,1,0,0,1,2,26,0,,4,PRE DES SOEURS ( RUE DU ),0,,2,0,0,2,(1),(1),1,, -1,1,0,1,50,11,8,2021,23:55,3,62,62119,2,1,0,6,PRE DES SOEURS ( RUE DU ),50.528845,2.649244,23,2,1
202100001132,199Â 749,A01,1,1,1,5,1,-1,-1,-1, -1,-1,2021,39.0,2,2,0,2,1,2,1,,2,N89,0,,3,4,0,1,49,950,1,, -1,2,3,1,50,28,12,2021,01:25,5,33,33013,1,1,1,4,ROUTE NATIONALE 89,44.86872,-0.5026,1,3,3
202100047364,117Â 110,B01,1,1,1,5,2,6,-1,0,0,-1,2021,17.0,0,1,0,0,0,0,5,,4,COLBERT (RUE),0,,2,2,0,1,(1),(1),1,, -1,1,0,1,50,19,3,2021,16:13,1,27,27229,2,1,0,3,COLBERT (RUE),49.01141,1.17156,16,2,2
202100040280,129Â 607,B01,1,1,1,5,2,6,-1,0,0,-1,2021,16.0,3,1,0,2,1,1,1,,4,4,0,V,2,2,0,1,(1),(1),1,, -1,1,0,1,80,13,5,2021,13:30,1,24,24207,1,1,0,1,Les Crouzilles,44.806476,1.268339,13,2,2
202100028852,150Â 146,A01,1,1,1,9,2,0,-1,0,0,-1,2021,44.0,2,1,0,2,1,1,3,,4,AVENUE GAMBETTA,0,,2,3,1,1,(1),(1),1,, -1,1,0,5,30,15,7,2021,10:50,1,75,75120,2,5,0,3,AVENUE GAMBETTA,48.864986,2.395526,10,2,2
202100027625,152Â 345,A01,1,1,1,5,6,2,-1,0,0,-1,2021,15.0,3,1,0,2,1,1,1,,4,11,0,,2,2,0,1,(1),(1),1,, -1,1,0,1,80,22,7,2021,17:00,1,44,44023,1,2,0,3,Le Bois Laine,47.395096,-1.893661,17,2,2
202100041520,127Â 396,B01,1,1,2,0,1,8,-1,-1, -1,-1,2021,50.0,1,2,0,2,4,2,1,,4,,0,,3,4,0,1,0,0,1,, -1,1,2,1,50,29,4,2021,18:30,1,67,67482,2,1,0,2,EDMOND ROSTAND (RUE),48.59067,7.69157,18,2,2
202100038906,132Â 085,A01,1,1,2,9,8,0,-1,-1, -1,-1,2021,79.0,2,2,8,2,1,13,1,,4,DUVERGIER DE HAURANNE (AVENUE),0,,2,2,0,2,0,0,2,, -1,2,0,1,50,21,5,2021,16:15,1,64,64102,2,1,0,1,DUVERGIER DE HAURANNE (AVENUE),43.48231,-1.46563,16,2,2
202100046393,118Â 845,B01,1,1,2,5,8,0,-1,-1, -1,-1,2021,32.0,1,1,0,2,7,15,5,,4,EMILE ZOLA (R),0,,2,3,0,1,0,0,1,, -1,1,0,1,50,27,3,2021,17:30,1,94,94002,2,5,0,3,Rue Emile Zola / Quai Blanqui,48.79823,2.42051,17,2,2
202100041694,127Â 082,A01,1,1,1,4,1,0,-1,-1, -1,-1,2021,30.0,1,2,0,2,2,17,1,,2,PL HECTOR BERLIOZ ,0,,2,4,0,1,1,0,1,, -1,2,0,1,50,2,5,2021,20:50,5,94,94078,2,9,0,3,Place Hector Berlioz,48.746,2.446,20,2,2
202100021501,163Â 202,A01,1,1,1,5,2,6,-1,-1, -1,-1,2021,31.0,1,1,1,0,2,14,1,,4,128,0,,1,1,0,1,0,0,1,, -1,1,0,1,50,1,9,2021,14:00,1,92,92049,2,1,0,6,GINOUX AVENUE HENRI AUTRES NÂ°,48.81494,2.320762,14,1,1
202100038154,133Â 451,A01,10,3,1,4,0,-1,-1,6,9,1,2021,34.0,1,4,14,1,5,14,1,,2,SECTION MARE-GAILLARD,0,,2,2,0,1,(1),(1),1,, -1,1,0,3,30,25,5,2021,08:45,1,971,97113,1,1,0,6,SECTION MARE-GAILLARD,16.21779,-61.43632,8,2,1
202100043505,123Â 901,A01,1,1,1,0,1,-1,-1,0,0,-1,2021,28.0,1,2,17,0,7,1,1,,3,75,-1,,2,2,0,1,14,400,3,, -1,1,0,3,80,18,4,2021,03:45,3,38,38389,1,6,0,6,D75,45.584634,5.061023,3,1,1
202100002322,197Â 641,B01,9,2,2,0,1,-1,-1,0,0,-1,2021,4.0,1,2,0,2,7,1,0,,1,89,-1,,3,4,0,1,538,0,1,, -1,1,3,1,110,19,12,2021,19:30,3,69,69112,1,1,1,3,A89 - PK 538.000,45.82216,4.688201,19,5,2
202100039468,131Â 060,A01,10,3,2,5,0,-1,-1,3,3,3,2021,74.0,3,2,0,1,1,1,1,,3,AZUR (AVENUE DE LA COTE D'),0,,2,2,0,1,69,100,1,, -1,1,0,1,50,17,5,2021,16:00,1,6,6104,2,1,0,6,AZUR (AVENUE DE LA COTE D'),43.761257,7.463809,16,2,1
202100041980,126Â 584,B01,1,1,2,2,1,-1,-1,0,0,-1,2021,35.0,3,2,0,0,4,1,1,,4,,-1,,-1,2,0,1,(1),(1),1,, -1,2,0,1,-1,30,4,2021,16:00,1,1,1032,1,2,1,2,Route de Chanes,45.853031,5.143452,16,4,2
202100030057,148Â 057,A01,1,1,1,1,2,6,-1,0,0,-1,2021,17.0,2,1,0,2,1,1,1,,3,1,0,A,2,2,0,1,2,730,3,,4,1,0,1,80,9,7,2021,12:14,1,81,81266,1,1,0,1,D144,43.624504,2.003755,12,2,2
202100045217,120Â 904,B01,1,1,2,5,1,0,-1,-1, -1,-1,2021,43.0,2,2,0,2,1,1,1,,3,AV CHARLES DE GAULLE,0,,2,3,0,1,0,0,1,, -1,1,0,1,50,2,4,2021,19:45,1,91,91432,2,2,0,3,AV CHARLES DE GAULLE,48.705246,2.33974,19,3,2
202100008997,185Â 635,A01,2,2,1,5,0,-1,-1,0,0,-1,2021,23.0,2,2,0,0,0,0,1,,3,840,0,,2,2,0,1,72,200,1,, -1,2,0,1,-1,30,10,2021,19:30,3,46,46185,1,1,0,7,D840 - PK/PR : 72+200,44.919416,1.630182,19,2,1
202100025609,155Â 910,A01,1,1,1,0,2,0,-1,-1, -1,-1,2021,34.0,1,1,0,2,5,18,1,,4,CHURCHILL (BOULEVARD WINSTON),0,,2,4,0,1,(1),(1),1,, -1,1,9,1,50,3,8,2021,17:20,1,37,37261,2,1,0,2,CHURCHILL (BOULEVARD WINSTON),47.3737042069,0.6847009063,17,4,2
202100014517,175Â 761,B01,1,1,2,5,1,-1,-1,0,0,-1,2021,38.0,1,2,0,0,8,1,1,,3,14,0,D,2,2,0,1,31,200,1,, -1,1,0,1,90,9,10,2021,15:30,1,69,69074,1,2,0,3,MONTMELAS (DE) (RTE),46.008357,4.636885,15,2,2
202100051070,110Â 388,B01,2,2,1,2,2,0,-1,-1, -1,-1,2021,19.0,3,1,0,2,7,16,1,,4,MONTRE (TRAVERSE DE LA),0,,1,1,0,2,1,0,3,, -1,1,0,1,50,18,2,2021,16:05,1,13,13211,2,1,0,3,MONTRE (TRAVERSE DE LA),43.29407,5.47565,16,3,2
202100050965,110Â 579,A01,1,1,2,5,2,6,-1,0,0,-1,2021,36.0,3,1,13,0,0,1,1,,4,,0,,2,2,0,1,(1),(1),2,,"2,5",1,0,8,80,19,2,2021,16:00,1,79,79210,1,1,0,6,Chemin de la Boujaliere,46.895991,-0.656562,16,1,1
202100050207,111Â 970,A01,1,1,1,4,2,6,-1,0,0,-1,2021,38.0,2,1,0,2,8,1,1,,4,ECHANGEUR BERCY,0,,1,4,0,1,34,500,1,, -1,1,0,1,70,24,2,2021,19:10,5,75,75112,2,1,0,7,ECHANGEUR BERCY,48.828353,2.397596,19,1,1
202100050558,111Â 319,A01,10,3,2,5,0,-1,-1,1,3,1,2021,93.0,1,2,0,1,3,15,1,,4,,0,,1,4,3,1,(1),(1),1,, -1,1,0,1,50,21,2,2021,10:20,1,69,69387,2,2,0,6,GARIBALDI (R),45.7450877695,4.8487409614,10,2,1
202100048100,115Â 775,C01,1,1,2,5,1,0,-1,-1, -1,-1,2021,21.0,1,2,0,2,3,21,2,,1,A7-Sens Lyon vers Marseille,0,,1,3,0,1,273,0,1,, -1,1,0,1,90,13,3,2021,18:30,2,13,13215,1,1,0,5,A7-Sens Lyon vers Marseille,43.38101,5.35282,18,3,3
202100051010,110Â 490,A01,1,1,2,0,1,0,-1,-1, -1,-1,2021,34.0,3,1,0,2,0,26,1,,1,86,0,,3,4,0,1,1,0,1,, -1,1,0,1,90,19,2,2021,14:50,1,92,92050,1,1,0,3,A86,48.907448408,2.2123349753,14,2,2
202100034677,139Â 742,A01,1,1,1,5,2,-1,-1,0,0,-1,2021,73.0,1,1,0,2,8,0,5,,3,976,0,,2,2,0,1,9,800,1,, -1,1,0,1,80,14,6,2021,14:40,1,50,50591,1,1,0,3,976,48.5255901218,-0.9197777511,14,2,2
202100036214,136Â 956,A01,1,1,1,0,2,6,-1,-1, -1,-1,2021,77.0,1,1,0,2,6,26,1,,9,LORION (RUE LUC),0,,-1,2,0,1,0,0,1,, -1,1,0,1,50,5,6,2021,08:30,1,974,97416,2,9,0,2,LORION (RUE LUC),-21.3312,55.4723,8,2,2
202100043054,124Â 715,B01,1,1,1,1,8,0,-1,0,0,-1,2021,34.0,1,0,0,2,4,23,3,,4,BOULEVARD SAINT MICHEL,0,,2,3,0,1,(1),(1),1,, -1,1,0,1,30,22,4,2021,19:40,1,75,75105,2,5,0,2,BOULEVARD SAINT MICHEL,48.847339,2.340852,19,2,2
202100029709,148Â 694,B01,1,1,1,5,2,6,-1,0,0,-1,2021,24.0,1,1,0,2,2,1,1,,2,7,-1,,2,2,0,1,94,350,1,, -1,1,0,1,80,11,7,2021,07:10,2,26,26085,1,3,0,3,1555 Route Nationale 7,44.516962,4.74472,7,4,2
202100029242,149Â 490,A01,1,1,1,4,1,0,-1,-1, -1,-1,2021,33.0,1,4,0,2,6,1,1,,1,A55-Sens Marseille vers Martigues,0,,1,2,0,1,33,0,1,, -1,1,0,1,110,13,7,2021,05:25,2,13,13056,1,1,0,2,A55-Sens Marseille vers Martigues,43.399424,5.087552,5,3,2
202100042370,125Â 892,B01,1,1,2,0,8,0,-1,-1, -1,-1,2021,48.0,3,1,0,2,1,25,5,,3,NOISY ROUTE DE,0,,2,2,0,1,0,0,1,, -1,1,0,4,30,26,4,2021,08:30,1,93,93063,2,1,0,3,NOISY ROUTE DE,48.89482,2.42996,8,2,2
202100022749,160Â 936,B01,1,1,2,3,8,0,-1,0,0,-1,2021,43.0,1,1,0,2,1,1,5,,4,RUE AGAR,0,,1,1,0,1,(1),(1),1,, -1,1,0,1,30,24,8,2021,08:40,1,75,75116,2,1,0,2,RUE AGAR,48.8513748078,2.2738601267,8,2,2
202100030565,147Â 120,A01,1,1,1,9,2,8,-1,-1, -1,-1,2021,29.0,1,1,4,2,1,9,1,,7,RD 37,0,,3,4,0,1,12,300,1,, -1,1,0,1,90,3,7,2021,21:45,2,37,37122,2,9,0,6,RD 37,47.3670829084,0.6536141038,21,2,2
202100027603,152Â 382,A01,1,1,1,5,2,6,-1,0,0,-1,2021,15.0,1,1,12,0,0,1,1,,4,,-1,,2,2,0,1,(1),(1),1,,5,1,0,1,50,23,7,2021,17:35,1,85,85215,2,1,0,7,3 Rue Jules Verne,46.851567,-1.170537,17,1,1
202100017998,169Â 458,B01,1,1,1,5,1,0,-1,-1, -1,-1,2021,26.0,1,2,0,2,1,0,1,,3,ARQUES (ROUTE D'..............),0,,-1,2,0,1,9,245,1,, -1,9,9,1,70,17,9,2021,17:30,1,62,62225,2,1,0,1,ARQUES (ROUTE D'..............),50.757935,2.303281,17,3,2
202100024777,157Â 361,B01,1,1,1,0,2,0,-1,-1, -1,-1,2021,36.0,3,1,1,2,1,2,0,,4,MARTIN LUTHER KING (AVENUE),0,,2,2,0,1,0,0,1,, -1,1,0,1,50,9,8,2021,19:00,1,93,93071,2,1,0,3,Avenue Martin Luther King,48.95042,2.529804,19,3,2
202100005543,191Â 893,A01,1,1,1,1,2,6,-1,0,0,-1,2021,42.0,2,1,0,2,0,1,1,,4,AVENUE DE FRIEDLAND,0,,2,4,0,2,(1),(1),1,, -1,2,0,1,30,30,11,2021,09:45,1,75,75108,2,4,0,7,AVENUE DE FRIEDLAND,48.874236,2.299679,9,1,1
202100022445,161Â 516,B01,1,1,2,0,2,6,-1,-1, -1,-1,2021,21.0,1,1,0,2,1,1,1,,4,AVE DU HAUT LEVEQUE,0,,2,3,2,1,(1),(1),1,, -1,1,5,1,50,27,8,2021,00:05,5,33,33318,2,3,0,3,Avenue du Haut LÃ©vÃ¨que,44.79075,-0.65729,0,2,2
202100020043,165Â 801,A01,10,3,1,0,0,-1,-1,2,3,1,2021,74.0,2,2,0,1,1,15,1,,7,GRANDE RUE                          (GR),0,,2,2,0,2,2,800,1,, -1,1,0,1,50,8,9,2021,18:20,1,69,69149,2,3,0,6,GRANDE RUE (GR),45.71215,4.80291,18,2,1
202100027241,153Â 025,A01,1,1,2,5,8,0,-1,-1, -1,-1,2021,40.0,1,1,2,0,1,14,5,,3,7,0,,2,2,1,1,0,0,1,, -1,1,0,5,50,20,7,2021,02:49,5,92,92048,2,1,0,6,VAUGIRARD (ROUTE DE),48.82052,2.23773,2,1,1