Num_Acc,id_vehicule,num_veh,place,catu,sexe,trajet,secu1,secu2,secu3,locp,actp,etatp,year_acc,victim_age,senc,catv,obs,obsm,choc,manv,motor,occutc,catr,voie,v1,v2,circ,nbv,vosp,prof,pr,pr1,plan,lartpc,larrout,surf,infra,situ,vma,jour,mois,an,hrmn,lum,dep,com,agg_,int,atm,col,adr,lat,long,hour,nb_victim,nb_vehicules
202100020206,165Â 516,D01,1,1,1,0,2,6,-1,-1, -1,-1,2021,37.0,2,1,0,2,4,2,1,,1,A4,0,,1,5,0,1,2,200,1,, -1,1,0,1,90,5,9,2021,01:10,3,94,94018,1,1,0,4,A4,48.8176262494,2.4173841935,1,4,4
202100044683,121Â 842,A01,1,1,1,5,2,6,-1,-1, -1,-1,2021,64.0,2,1,0,2,1,17,1,,2,ROUGES TERRES (LES),0,,2,2,0,2,0,0,1,, -1,1,0,1,50,5,4,2021,18:30,1,50,50203,2,1,0,2,ROUGES TERRES (LES),49.61727,-1.60847,18,2,2
202100047091,117Â 595,A01,1,1,2,0,1,-1,-1,0,0,-1,2021,51.0,1,2,0,2,3,5,1,,3,6089,-1,D,2,2,0,1,7,800,1,, -1,1,0,3,50,22,3,2021,19:50,3,24,24547,2,9,0,1,D6089,45.128917,1.314508,19,2,2
202100045926,119Â 664,B01,1,1,2,1,8,0,-1,-1, -1,-1,2021,56.0,2,1,0,2,7,1,5,,4,JACOBINS (PL DES),0,,2,4,2,1,0,0,1,, -1,1,5,1,50,29,3,2021,16:20,1,72,72181,2,6,0,3,JACOBINS (PL DES),48.00775,0.19883,16,2,2
202100046366,118Â 890,A01,1,1,1,5,2,6,-1,0,0,-1,2021,66.0,1,1,0,0,8,1,1,,4,PLACE EDMOND ROSTAND,0,,1,2,3,1,(1),(1),1,, -1,2,0,1,50,26,3,2021,22:10,5,75,75106,2,7,1,7,PLACE EDMOND ROSTAND,48.8475085923,2.3404399505,22,1,1
202100011245,181Â 632,A01,10,3,2,5,0,-1,-1,4,5,2,2021,5.0,2,2,0,1,2,1,1,,3,GENERAL DE GAULLE (AV DU),0,,2,2,0,2,0,0,1,, -1,1,0,1,50,24,10,2021,11:00,1,94,94073,2,1,0,6,Avenue du GÃ©nÃ©ral de Gaulle,48.76651,2.38611,11,2,1
202100036085,137Â 182,B01,1,1,1,0,2,8,8,0,0,-1,2021,19.0,3,1,0,2,7,1,1,,4,PAGNOL (BOULEVARD MARCEL),0,,2,2,0,1,(1),(1),1,, -1,1,0,1,50,5,6,2021,16:50,1,6,6069,2,1,0,3,PAGNOL (BOULEVARD MARCEL),43.64428,6.94707,16,2,2
202100046561,118Â 543,B01,1,1,1,5,2,0,-1,-1, -1,-1,2021,71.0,2,1,13,2,8,1,3,,4,ANCIENNE RN 1,0,,2,2,0,2,(1),(1),1,, -1,1,0,1,50,23,3,2021,08:45,1,974,97416,1,1,1,3,ANCIENNE RN 1,-21.31664,55.44211,8,2,2
202100039069,131Â 802,A01,10,3,2,5,0,-1,-1,4,3,2,2021,4.0,2,2,0,1,2,1,1,,4,MACCHINI EUGENE AVENUE,0,,2,3,0,1,(1),(1),1,, -1,1,0,1,50,19,5,2021,11:00,1,201,201004,2,1,0,7,MACCHINI EUGENE AVENUE,41.9185146245,8.7369443341,11,2,1
202100048246,115Â 510,C01,1,1,1,5,1,-1,-1,-1, -1,-1,2021,47.0,1,2,0,2,4,23,1,,4,EMILE ZOLA     (Cours),0,,1,1,0,2,(1),(1),2,, -1,1,0,1,50,12,3,2021,18:15,1,69,69266,2,1,0,4,EMILE ZOLA (CR),45.7639304647,4.9101161957,18,4,3
202100056166,101Â 494,A01,10,3,2,0,0,-1,-1,2,3,3,2021,63.0,1,2,0,1,3,1,1,,4,,0,,2,2,3,1,(1),(1),1,, -1,1,-1,1,50,5,1,2021,09:00,1,33,33162,2,1,0,6,Avenue de Saint-MÃ©dard,44.86165,-0.6436,9,2,1
202100031889,144Â 754,B01,1,1,1,4,2,-1,-1,0,0,-1,2021,17.0,2,1,0,2,1,1,1,,4,LIBERTE,0,,1,1,0,1,(1),(1),1,, -1,1,0,1,30,27,6,2021,19:52,1,12,12145,2,2,0,3,Rue de la LibertÃ©,44.0995142657,3.0759056658,19,2,2
202100037004,135Â 555,A01,10,3,2,5,8,8,-1,6,1,1,2021,21.0,1,2,0,1,2,1,1,,7,DE GAULLE (RUE CHARLES),0,,2,2,0,1,23,150,1,, -1,1,0,3,50,1,6,2021,10:15,1,42,42316,2,1,0,6,Rue Charles de Gaulle,45.39228,4.27124,10,2,1
202100035614,138Â 061,B01,1,1,1,1,1,-1,-1,0,0,-1,2021,45.0,2,2,0,2,1,1,1,,3,35,0,,2,2,0,1,14,700,2,, -1,1,0,1,-1,9,6,2021,08:30,1,83,83012,1,1,0,1,"RD 35, PK 014+700",43.561269,5.956221,8,2,2
202100012655,179Â 094,A01,10,3,2,0,0,-1,-1,9,3,1,2021,81.0,2,0,0,1,1,1,3,,7,AV CAMILLE PUJOL,0,,2,2,3,4,0,100,2,, -1,1,0,1,50,17,10,2021,11:40,1,31,31555,2,1,0,6,AV CAMILLE PUJOL,43.6017,1.45891,11,2,1
202100002113,198Â 018,C01,1,1,2,0,1,0,-1,-1, -1,-1,2021,50.0,1,5,0,2,4,2,1,,1,AUTOROUTE A25,0,,-1,8,0,1,1,399,1,, -1,1,0,1,70,17,12,2021,11:40,1,59,59350,1,1,1,4,AUTOROUTE A25,50.6161469001,3.069627285,11,5,5
202100046631,118Â 413,A01,1,1,2,4,2,6,-1,0,0,-1,2021,54.0,2,1,0,2,1,3,1,,4,BOULEVARD PERIPHERIQUE EXTERIEUR SUD,0,,1,4,0,1,10,100,1,, -1,1,0,1,70,23,3,2021,08:05,1,75,75115,2,1,0,2,BOULEVARD PERIPHERIQUE EXTERIEUR SUD,48.834762,2.265418,8,3,2
202100038008,133Â 723,A01,10,3,2,5,0,-1,-1,2,3,1,2021,17.0,3,3,0,1,2,1,1,1.0,4,GRAMMONT (AVENUE DE),0,,3,4,3,1,(1),(1),1,, -1,1,0,6,50,26,5,2021,10:55,1,37,37261,2,1,0,6,GRAMMONT (AVENUE DE),47.38913,0.68931,10,2,1
202100024196,158Â 421,A01,1,1,1,5,2,6,-1,0,0,-1,2021,26.0,2,1,0,5,1,1,1,,3,340,0,A,3,4,0,2,1,350,3,, -1,1,0,1,110,15,8,2021,15:50,1,67,67033,1,1,0,6,PK 001.350 autoroute A340,48.751927,7.692157,15,1,1
202100042306,126Â 004,B01,1,1,1,5,2,0,-1,-1, -1,-1,2021,62.0,1,1,0,0,1,1,1,,4,ARTISANS (RUE DES),0,,2,2,0,1,0,0,1,, -1,1,0,1,50,26,4,2021,10:28,1,57,57672,2,1,0,7,ARTISANS (RUE DES),49.35305,6.17415,10,2,2
202100005448,192Â 056,A01,1,1,1,1,2,-1,-1,0,0,-1,2021,38.0,1,1,9,2,7,1,1,,4,,-1,,2,2,0,1,(1),(1),1,,4,1,0,1,50,15,11,2021,07:45,3,33,33199,2,1,0,3,Rue de la BarbotiÃ¨re,44.642815,-1.060138,7,2,2
202100027354,152Â 828,A01,1,1,1,0,8,8,-1,0,0,-1,2021,38.0,1,1,0,2,7,19,5,,4,,0,,1,3,0,1,(1),(1),1,, -1,1,0,1,50,22,7,2021,18:35,1,54,54395,2,2,0,3,SAINTE CATHERINE (QUAI),48.69385,6.19186,18,2,2
202100048859,114Â 426,A01,2,2,1,5,8,0,-1,-1, -1,-1,2021,26.0,1,2,1,0,2,1,1,,4,POMPIDOU (PROMENADE),0,,3,4,0,1,0,0,1,, -1,1,0,1,50,7,3,2021,23:45,5,13,13208,2,1,0,6,POMPIDOU (PROMENADE),43.26472,5.37333,23,2,1
202100044916,121Â 437,A01,1,1,1,0,2,8,-1,-1, -1,-1,2021,18.0,3,1,0,0,1,1,1,,4,COURS DUPONT,0,,1,1,0,1,0,0,1,, -1,1,0,1,50,2,4,2021,19:20,1,85,85194,2,1,0,2,COURS DUPONT,46.49801,-1.77866,19,2,2
202100008538,186Â 474,A01,1,1,2,5,0,-1,-1,0,0,-1,2021,59.0,1,0,0,2,5,1,3,,3,40,-1,,2,1,0,1,5,300,2,, -1,1,5,1,80,11,11,2021,16:30,1,29,29216,1,6,0,2,D40 - Rue de Pouldreuzic,47.979107,-4.187829,16,2,2
202100034575,139Â 916,A01,2,2,2,0,1,5,-1,-1, -1,-1,2021,76.0,0,2,0,2,1,12,1,,3,RD 901,0,,1,3,0,1,0,600,1,, -1,1,3,1,90,13,6,2021,17:33,1,60,60057,1,1,0,4,RD 901,49.43428,2.11704,17,6,4
202100030484,147Â 284,D01,1,1,1,5,1,-1,-1,0,0,-1,2021,18.0,2,2,0,2,4,1,1,,1,8,-1,A,3,5,0,1,152,200,1,, -1,1,0,1,110,7,7,2021,13:45,1,6,6079,1,1,0,5,AUTOROUTE A8 K 152.200 NORD,43.534549,6.882334,13,10,7
202100008918,185Â 779,B01,1,1,1,9,8,0,-1,-1, -1,-1,2021,36.0,1,1,0,2,7,2,5,,3,BROGNY (AVENUE DE) (SECTEUR 110),0,,2,2,0,1,0,0,1,, -1,1,5,1,300,31,5,2021,21:20,2,74,74010,2,6,0,3,LYCEE (BOULEVARD DU)(BROGNY A PARMELAN),45.906,6.1261,21,2,2
202100031334,145Â 731,A01,1,1,1,0,2,0,-1,-1, -1,-1,2021,25.0,1,1,0,0,8,21,1,,3,910,0,,1,2,0,1,0,0,2,, -1,1,0,1,50,2,7,2021,19:05,1,92,92012,2,6,0,7,MARCEL SEMBAT (PLACE),48.8337055879,2.2433513403,19,1,1
202100037556,134Â 534,A01,10,3,1,0,0,-1,-1,1,3,2,2021,7.0,3,2,0,1,3,26,2,,3,MEDERIC (AVENUE),0,,2,2,0,1,0,1,1,, -1,1,0,1,50,28,5,2021,17:10,1,93,93051,2,1,0,6,Avenue MÃ©dÃ©ric,48.83016,2.58352,17,2,1
202100038622,132Â 602,A01,2,2,1,5,1,0,-1,-1, -1,-1,2021,19.0,1,2,3,0,2,14,1,,3,PREM DIV FRANCAISE LIBRE (BD),0,,3,2,0,1,3,500,1,, -1,2,0,1,90,23,5,2021,03:00,3,72,72095,1,1,1,6,PREM DIV FRANCAISE LIBRE (BD),48.0296,0.2168,3,2,1
202100007062,189Â 133,A01,2,2,1,0,1,0,-1,-1, -1,-1,2021,21.0,0,2,4,0,1,14,1,,3,CHARLES DE GAULLE (BD)(72 AU 308),0,,-1,4,0,1,0,0,1,, -1,1,0,3,50,20,11,2021,21:00,5,92,92078,2,1,0,6,CHARLES DE GAULLE (BD)(72 AU 308),48.9407029303,2.3230478168,21,2,1
202100019307,167Â 119,B01,1,1,1,0,1,0,-1,-1, -1,-1,2021,38.0,1,5,0,2,4,2,1,,1,AUTOROUTE A1,0,,3,8,0,1,2,500,1,, -1,1,0,1,90,13,9,2021,16:00,1,93,93066,1,1,0,4,AUTOROUTE A1,48.92139,2.35748,16,3,3
202100006407,190Â 348,A01,10,3,2,5,0,-1,-1,3,3,1,2021,28.0,1,2,0,1,8,9,1,,4,LEBON PHILLIPE PLACE,0,,1,1,0,1,(1),(1),1,, -1,1,0,1,30,24,11,2021,13:20,1,59,59350,2,7,0,6,LEBON PHILLIPE PLACE,50.6281295559,3.0613935739,13,2,1
202100006683,189Â 836,A01,1,1,2,1,1,5,-1,0,0,-1,2021,44.0,3,2,0,2,1,9,1,,4,RN7 DEV PLV ,0,,2,1,0,2,(1),(1),2,, -1,1,0,1,70,9,11,2021,19:00,3,26,26252,1,1,0,1,375 Avenue du Port,44.878265,4.869392,19,2,2
202100042406,125Â 832,A01,1,1,1,5,2,6,9,0,0,-1,2021,32.0,3,1,0,0,0,1,1,,5,,-1,,-1,1,0,1,(1),(1),1,, -1,1,0,1,-1,25,4,2021,13:30,1,77,77322,1,1,0,7,chemin communal,49.074189,2.621248,13,1,1
202100000403,200Â 982,B01,2,2,2,3,2,0,-1,-1, -1,-1,2021,18.0,3,1,0,2,8,0,1,,7,AVENUE DU PLAN DE CAMPAGNE,0,,1,0,0,1,0,0,1,, -1,1,0,1,50,11,6,2021,18:00,1,13,13071,2,9,0,3,AVENUE DU PLAN DE CAMPAGNE,43.4169936602,5.3558168775,18,5,2
202100021251,163Â 673,B01,1,1,1,9,8,-1,-1,-1, -1,-1,2021,22.0,0,1,0,2,0,0,3,,4,MARCHANDEAU (AVENUE PAUL),0,,1,2,1,2,(1),(1),2,, -1,2,0,2,50,1,9,2021,12:19,1,51,51454,2,6,0,3,Rond Point de l'Ordre National du MÃ©rite,49.2421093012,4.024779203,12,2,2
202100002693,196Â 964,A01,1,1,1,5,0,-1,-1,0,0,-1,2021,81.0,2,2,13,0,3,1,3,,3,907,0,,2,2,0,1,19,150,2,, -1,1,0,3,80,17,12,2021,17:19,2,30,30354,1,1,0,7,d 907,43.950061,4.135183,17,1,1
202100006130,190Â 848,A01,10,3,2,0,0,-1,-1,2,3,1,2021,17.0,1,2,0,1,1,1,1,,3,65,0,D,2,2,2,1,26,550,1,, -1,1,0,1,50,26,11,2021,16:20,1,35,35236,2,1,0,6,81 Rue Saint-Michel,47.654434,-2.073222,16,2,1
202100036525,136Â 425,A01,1,1,1,5,1,-1,-1,0,0,-1,2021,38.0,1,2,2,0,9,14,1,,3,950,0,,2,2,0,1,26,975,3,, -1,1,0,8,80,5,6,2021,09:10,1,4,4018,1,1,0,6,RD 950 - Le Largue (Buse),44.018859,5.681444,9,1,1
202100044732,121Â 757,A01,1,1,2,5,0,-1,-1,0,0,-1,2021,67.0,1,1,0,2,8,1,5,,3,187,-1,,2,1,0,4,11,835,1,, -1,1,0,5,80,8,4,2021,13:45,1,62,62473,1,1,0,3,D187,50.627932,2.436261,13,2,2
202100018548,168Â 479,B01,1,1,1,5,2,-1,-1,-1, -1,-1,2021,70.0,2,1,0,2,6,1,5,,7,MARS 1962 (AVENUE DU 19),0,,3,4,0,1,0,600,1,, -1,1,0,1,50,31,8,2021,15:20,1,69,69096,2,2,0,3,19 MARS 1962 (DU) (AV),45.6044580228,4.7826039791,15,2,2
202100003744,195Â 060,A01,1,1,1,0,2,8,-1,-1, -1,-1,2021,27.0,1,1,0,2,8,18,1,,3,MONTMORENCY,0,,1,1,0,1,0,9,1,, -1,1,0,1,30,9,12,2021,14:58,1,93,93066,2,2,0,3,MONTMORENCY,48.94,2.37,14,2,2
202100014352,176Â 055,A01,10,3,1,2,0,-1,-1,5,9,2,2021,18.0,1,2,0,1,7,14,1,,4,"""KENNEDY (AVENUE DU PRESIDENT J,F)""",0,,2,2,0,1,0,0,2,, -1,1,0,4,50,7,10,2021,15:15,1,64,64122,2,1,0,6,"""KENNEDY (AVENUE DU PRESIDENT J,F)""",43.466423,-1.553905,15,3,1
202100013552,177Â 495,A01,1,1,1,9,2,0,-1,0,0,-1,2021,20.0,1,1,0,2,1,17,1,,4,BELLEVUE (BOULEVARD),0,,2,2,0,2,0,1,1,, -1,1,0,1,50,12,10,2021,20:17,5,5,5061,2,3,0,3,BELLEVUE (BOULEVARD),44.55971,6.08648,20,2,2
202100033347,142Â 161,A01,1,1,1,1,1,-1,-1,-1, -1,-1,2021,23.0,1,2,0,2,4,1,1,,7,RD 137,0,,3,2,0,1,53,700,1,, -1,1,3,1,110,14,6,2021,08:40,1,35,35278,1,1,0,4,RD 137,48.15724,-1.703886,8,3,3
202100008965,185Â 692,A01,1,1,1,1,2,6,-1,0,0,-1,2021,32.0,1,1,0,2,0,21,1,,4,AVENUE DE LA GRANDE ARMEE,0,,2,5,0,1,(1),(1),1,, -1,1,0,1,30,7,11,2021,18:25,5,75,75117,2,4,0,7,AVENUE DE LA GRANDE ARMEE,48.876966,2.285552,18,2,2
202100008108,187Â 243,B01,1,1,1,0,2,6,-1,0,0,-1,2021,36.0,2,1,0,2,8,1,1,,3,2,0,D,2,2,0,1,49,300,1,, -1,1,0,1,80,16,11,2021,14:48,1,74,74220,1,1,0,3,Route d Annemasse,46.145499,6.267496,14,2,2
202100002267,197Â 730,A01,1,1,1,9,2,6,-1,0,0,-1,2021,25.0,1,1,0,2,1,1,1,,4,BOULEVARD MALESHERBES,0,,-1,3,2,1,(1),(1),1,, -1,1,0,1,50,18,12,2021,17:30,5,75,75108,2,3,0,2,BOULEVARD MALESHERBES,48.8801,2.313474,17,2,2
202100023046,160Â 427,A01,1,1,1,0,8,0,-1,-1, -1,-1,2021,17.0,1,1,0,2,1,19,3,,4,FLANDRES/DUNKERQUE (CARREFOUR),0,,2,2,0,1,0,0,1,, -1,1,0,1,50,23,7,2021,21:15,1,66,66136,2,1,0,3,FLANDRES/DUNKERQUE (CARREFOUR),42.68666,2.9072,21,2,2
202100032107,144Â 359,B01,1,1,1,5,1,0,-1,-1, -1,-1,2021,40.0,1,2,0,2,4,1,1,,4,VOIE DES BERGES,0,,3,4,0,1,1,0,1,, -1,1,0,1,90,27,6,2021,01:48,5,49,49007,2,1,0,2,VOIE DES BERGES,47.4843,-0.54849,1,4,2
202100025278,156Â 470,A01,1,1,1,0,1,0,-1,0,0,-1,2021,35.0,2,2,6,0,1,1,1,,4,HAASBERGEN (RUE),0,,2,2,0,1,(1),(1),1,, -1,1,0,1,30,7,8,2021,01:05,5,54,54526,2,1,0,6,HAASBERGEN (RUE),48.6887755626,6.2134747131,1,1,1
202100025510,156Â 069,A01,2,2,1,5,1,-1,-1,0,0,-1,2021,19.0,1,2,2,0,2,14,1,,3,982,0,D,2,2,0,1,51,600,1,, -1,1,0,3,80,30,7,2021,07:15,1,30,30299,1,1,0,6,D982,44.022786,4.458818,7,2,1
202100045794,119Â 895,B01,1,1,1,4,2,0,-1,0,0,-1,2021,24.0,1,1,9,2,8,1,1,,4,BOULEVARD DU MONTPARNASSE,0,,3,6,0,1,(1),(1),1,, -1,1,0,1,50,31,3,2021,12:55,1,75,75114,2,3,0,3,BOULEVARD DU MONTPARNASSE,48.84018,2.33483,12,2,2
202100056430,101Â 030,B01,1,1,1,0,1,0,-1,-1, -1,-1,2021,29.0,0,2,0,2,1,1,1,,4,JEAN MONNET (BD),0,,2,2,0,2,0,0,1,, -1,1,0,1,50,2,1,2021,20:15,5,94,94015,2,1,0,1,Boulevard Jean Monnet,48.83091,2.531582,20,3,2
202100051192,110Â 167,A01,1,1,1,9,8,0,-1,0,0,-1,2021,53.0,1,1,0,2,1,16,3,,4,RUE DE LIEGE,0,,1,1,0,1,(1),(1),1,, -1,1,0,1,50,17,2,2021,17:00,1,75,75109,2,5,0,6,RUE DE LIEGE,48.879634,2.327042,17,2,2
202100026055,155Â 110,B01,1,1,2,1,1,-1,-1,0,0,-1,2021,33.0,1,2,0,2,4,1,1,,3,67,0,,2,2,0,1,23,200,1,, -1,1,5,1,50,30,7,2021,18:45,1,29,29260,2,1,0,2,Lieu dit Pontavenec,48.4261490689,-4.6042274062,18,2,2
202100055509,102Â 623,A01,1,1,1,5,2,8,-1,-1, -1,-1,2021,35.0,1,1,0,2,1,13,1,,7,ESTAQUE PLAGE,0,,2,2,0,1,61,400,2,, -1,2,0,1,50,9,1,2021,18:05,1,13,13216,2,1,0,1,ESTAQUE PLAGE,43.36051,5.298966,18,2,2
202100023883,158Â 941,A01,10,3,1,5,8,8,-1,1,4,2,2021,74.0,1,2,0,1,4,4,1,,6,MAYAUD (QUAI),0,,-1,-1,0,1,0,0,1,, -1,1,0,1,20,14,8,2021,08:35,1,49,49328,2,1,0,6,MAYAUD (QUAI),47.25997,-0.07424,8,2,1
202100017478,170Â 381,B01,2,2,1,0,1,0,-1,-1, -1,-1,2021,54.0,1,2,1,2,2,1,1,,4,SAINT JEAN (BOULEVARD),0,,2,2,0,1,0,0,1,, -1,1,0,1,50,22,9,2021,00:35,4,13,13210,2,2,0,3,SAINT JEAN (BOULEVARD),43.2796,5.40796,0,6,2
202100018064,169Â 343,A01,2,2,1,1,1,-1,-1,0,0,-1,2021,28.0,1,5,0,2,2,2,1,,1,4,0,,3,4,0,1,441,700,1,, -1,1,0,1,130,20,9,2021,09:30,1,67,67478,1,1,0,2,autoroute A4 - PK441+700,48.777828,7.408433,9,3,2
202100019171,167Â 362,B01,1,1,1,2,2,8,-1,-1, -1,-1,2021,17.0,1,1,0,2,1,17,1,,3,JULES CAMPAGNE (RUE),0,,2,2,0,1,1,0,1,, -1,1,0,1,50,13,9,2021,07:55,1,59,59291,2,1,0,3,JULES CAMPAGNE (RUE),50.2470174785,3.907759426,7,2,2
202100032895,142Â 960,A01,10,3,1,5,0,-1,-1,3,3,2,2021,91.0,2,2,0,1,1,15,1,,4,,0,,1,2,0,1,(1),(1),1,, -1,1,9,6,50,22,6,2021,12:15,1,6,6004,2,9,0,6,SOLEAU AV.ROBERT,43.581527,7.120675,12,3,1
202100000714,200Â 440,A01,2,2,2,5,1,-1,-1,0,0,-1,2021,20.0,0,2,7,2,8,19,1,,3,703,-1,,2,2,0,1,(1),(1),1,,4,1,0,1,80,31,12,2021,19:35,5,24,24067,1,3,0,3,RD 703 et Route de boutenÃ¨gre,44.905222,0.949727,19,3,2
202100049265,113Â 699,A01,1,1,2,5,1,0,-1,-1, -1,-1,2021,24.0,1,2,9,2,4,0,1,,4,MOURET HENRI (AV),0,,1,4,3,1,(1),(1),1,, -1,1,5,1,50,3,3,2021,12:15,1,13,13001,2,2,0,2,MOURET HENRI (AV),43.518580905,5.4338918968,12,2,2
202100046011,119Â 513,A01,1,1,1,4,1,-1,-1,0,0,-1,2021,30.0,2,5,3,2,1,0,1,,1,10,0,,3,3,0,3,227,0,2,, -1,1,8,1,90,29,3,2021,23:00,3,37,37266,1,1,0,3,Autoroute A10 PK217+000,47.3079137551,0.6913424001,23,2,2
202100048757,114Â 614,A01,1,1,1,0,8,-1,-1,0,0,-1,2021,46.0,2,1,0,0,0,0,1,,3,958,0,D,2,2,0,1,6,674,2,, -1,1,0,1,80,8,3,2021,16:25,1,59,59537,1,1,0,7,D958,50.245942,3.503748,16,1,1
202100013023,178Â 469,Z01,10,3,1,0,8,8,-1,9,B,1,2021,6.0,1,1,0,1,0,0,5,,4,PASTEUR (CITE),0,,1,1,0,1,(1),(1),1,, -1,1,0,1,50,12,10,2021,13:45,1,973,97302,2,9,0,6,PASTEUR (CITE),4.9382807266,-52.3137227297,13,2,1
202100029146,149Â 648,A01,1,1,2,5,8,-1,-1,0,0,-1,2021,21.0,2,2,0,0,1,13,1,,3,RD5 ANTOINE DE ST EXUPERY,0,,2,2,0,2,13,300,1,, -1,2,0,3,90,12,7,2021,19:05,1,12,12013,1,1,1,7,RD5 ANTOINE DE ST EXUPERY,44.513042,2.244437,19,1,1
202100048051,115Â 854,A01,4,2,1,5,1,0,-1,-1, -1,-1,2021,17.0,1,2,6,1,1,1,1,,4,ARMAND NUMEZ,0,,2,2,0,1,0,0,1,, -1,1,0,1,30,13,3,2021,13:50,1,92,92004,2,3,0,6,PIERRE BOUDOU,48.91511,2.30601,13,7,2
202100040025,130Â 055,A01,1,1,1,5,1,1,-1,0,0,-1,2021,27.0,2,2,16,0,9,14,1,,4,RUE LUCIEN HERVOUET,0,,2,2,0,1,0,0,2,, -1,1,0,3,50,12,5,2021,18:20,2,988,98818,2,1,0,7,RUE LUCIEN HERVOUET,-22.2358,166.44883,18,2,1
202100003399,195Â 684,A01,2,2,1,5,1,0,-1,-1, -1,-1,2021,26.0,1,2,0,2,2,17,1,,2,RTE NATIONALE 6,0,,3,4,0,1,0,0,1,, -1,1,0,1,50,11,12,2021,03:35,5,91,91114,2,1,0,4,RTE NATIONALE 6,48.681507,2.492414,3,6,3
202100013725,177Â 172,B01,1,1,1,2,1,0,-1,-1, -1,-1,2021,34.0,2,2,0,2,4,23,1,,4,,0,,1,1,3,1,0,0,1,, -1,1,0,1,50,11,10,2021,08:35,1,92,92012,2,1,0,4,ABONDANCES (RUE DES),48.8428914213,2.2294535541,8,4,3
202100029432,149Â 168,A01,10,3,1,5,8,-1,-1,5,A,2,2021,42.0,0,5,0,1,0,1,0,,4,FRANCE ANATOLE (DE 55 A 247 ET 48 A 240),0,,-1,2,0,2,(1),(1),1,, -1,1,0,1,50,11,7,2021,16:50,1,29,29019,2,1,0,6,Rue Anatole France,48.38185,-4.52528,16,2,1
202100014850,175Â 165,A01,10,3,1,0,0,-1,-1,2,3,1,2021,40.0,2,2,0,1,1,19,1,,3,VERSAILLES (AV DE),0,,-1,1,0,3,1,0,1,, -1,1,0,1,50,6,10,2021,07:10,5,94,94073,2,1,0,6,Avenue de Versailles,48.75827,2.39291,7,2,1
202100021451,163Â 302,A01,10,3,2,5,0,-1,-1,1,9,1,2021,22.0,0,2,0,1,2,1,1,,4,BARBUSSE (RUE HENRI),0,,1,1,0,2,(1),(1),1,, -1,1,0,1,50,1,9,2021,16:00,1,51,51454,2,1,0,7,Rue Henri Barbusse,49.25677,4.04835,16,2,1
202100056399,101Â 089,A01,10,3,1,5,0,-1,-1,9,1,1,2021,79.0,2,2,0,1,2,1,1,,5,REPTOU (RUE DU),0,,2,2,0,1,0,0,1,, -1,1,0,1,30,2,1,2021,08:45,1,64,64122,2,1,0,6,9 Rue du Reptou,43.47189,-1.55624,8,2,1
202100014441,175Â 887,A01,10,3,2,0,0,-1,-1,3,5,1,2021,39.0,2,2,0,1,1,1,1,,3,39,0,,2,2,0,1,1,0,1,, -1,1,0,6,50,8,10,2021,17:10,1,92,92073,2,1,0,6,JAURES (AVENUE JEAN),48.8644523856,2.2076457739,17,2,1
202100044472,122Â 201,A01,1,1,1,0,2,6,-1,-1, -1,-1,2021,31.0,2,1,6,0,7,1,1,,4,PROVIDENCE (RUE DE LA ),0,,2,2,0,1,(1),(1),2,, -1,1,0,1,50,10,4,2021,17:40,1,10,10387,2,1,0,7,PROVIDENCE (RUE DE LA ),48.28426,4.09297,17,1,1
202100024984,157Â 000,A01,2,2,2,5,1,0,-1,-1, -1,-1,2021,83.0,1,2,3,0,1,9,1,,1,A4,0,,-1,4,0,2,12,100,3,, -1,1,0,2,110,9,8,2021,13:40,1,94,94079,1,1,0,6,A4,48.8359457627,2.5398910046,13,2,1
202100052073,108Â 639,A01,10,3,1,3,0,-1,-1,2,B,2,2021,93.0,3,2,0,1,4,4,1,,6,,-1,,-1,-1,0,1,(1),(1),1,, -1,1,0,8,50,9,2,2021,09:00,1,43,43137,2,9,0,6,Rue du PÃªcher ZA du PÃªcher,45.286754,4.160686,9,3,1
202100012543,179Â 294,A01,1,1,2,5,1,-1,-1,0,0,-1,2021,58.0,1,2,11,0,1,16,1,,3,323,-1,,2,2,0,1,57,290,1,, -1,2,3,3,-1,18,10,2021,22:00,3,72,72344,1,1,1,6,D323,47.932367,0.160686,22,1,1
202100028185,151Â 316,B01,1,1,2,5,8,0,-1,-1, -1,-1,2021,13.0,2,1,0,2,1,19,5,,3,913,0,,3,5,0,1,0,0,1,, -1,1,5,1,50,16,7,2021,19:00,1,92,92063,2,3,0,3,BONAPARTE (AVENUE NAPOLEON) SUD,48.8773746323,2.1734623611,19,2,2
202100016779,171Â 621,B01,1,1,2,9,2,0,-1,-1, -1,-1,2021,24.0,2,1,0,9,1,5,5,,3,MONTABO (ROUTE DE) 2,0,,2,1,0,1,3,950,1,, -1,1,0,1,50,24,9,2021,17:30,1,973,97302,2,3,0,3,MONTABO (ROUTE DE) 2,4.93388,-52.2909,17,2,2
202100055602,102Â 472,B01,1,1,1,5,2,-1,-1,0,0,-1,2021,24.0,1,1,0,2,1,1,1,,2,5,-1,,2,2,0,1,(1),(1),1,, -1,1,5,1,50,9,1,2021,20:15,5,971,97117,2,3,0,3,RN 5 section Morel / chemin de montal,16.329313,-61.331584,20,2,2
202100009168,185Â 329,A01,1,1,1,5,1,-1,-1,0,0,-1,2021,31.0,1,2,7,0,9,1,1,,1,4,0,A,3,4,0,1,207,675,1,, -1,1,0,3,130,7,11,2021,04:45,3,51,51211,1,1,0,7,A4,49.076888,4.816003,4,2,1