Num_Acc,id_vehicule,num_veh,place,catu,sexe,trajet,secu1,secu2,secu3,locp,actp,etatp,year_acc,victim_age,senc,catv,obs,obsm,choc,manv,motor,occutc,catr,voie,v1,v2,circ,nbv,vosp,prof,pr,pr1,plan,lartpc,larrout,surf,infra,situ,vma,jour,mois,an,hrmn,lum,dep,com,agg_,int,atm,col,adr,lat,long,hour,nb_victim,nb_vehicules
202100023183,160Â 178,B01,1,1,1,5,1,-1,-1,0,0,-1,2021,48.0,2,2,0,2,2,5,1,,3,315,-1,,2,2,0,2,8,200,3,, -1,1,0,1,70,22,8,2021,05:33,3,60,60599,2,1,0,3,21 Rue Anicet Corniquet,49.699421,1.851228,5,6,2
202100023395,159Â 799,A01,1,1,1,5,2,6,-1,-1, -1,-1,2021,27.0,1,1,0,2,2,3,1,,2,RN104,0,,3,5,0,1,6,800,1,, -1,1,0,1,90,20,8,2021,20:10,2,77,77373,1,1,0,6,RN104,48.77079,2.61226,20,3,3
202100001662,198Â 835,B01,1,1,1,5,0,-1,-1,0,0,-1,2021,36.0,3,1,0,2,1,17,1,,2,7,-1,,2,2,0,2,(1),(1),1,, -1,1,0,1,70,1,11,2021,20:30,5,978,97801,1,1,0,3,RN7 - Rue de Hollande,18.048725,-63.086221,20,2,2
202100027165,153Â 161,A01,2,2,2,5,1,-1,-1,0,0,-1,2021,24.0,2,2,0,2,3,13,1,,3,238,-1,,2,2,0,3,46,100,3,, -1,2,0,1,-1,25,7,2021,07:15,1,59,59087,1,1,1,1,Route de Cassel,50.6803150356,2.4600349367,7,3,2
202100035368,138Â 493,A01,1,1,1,5,2,-1,-1,0,0,-1,2021,80.0,2,1,0,2,1,13,5,,3,19,-1,,2,2,0,2,47,135,1,, -1,1,0,1,80,10,6,2021,16:15,1,46,46021,1,1,0,5,D19,44.581328,1.957734,16,8,8
202100033662,141Â 593,SA01,2,2,1,0,8,0,-1,0, -1,-1,2021,18.0,2,5,6,0,1,26,1,,3,COLONEL FABIEN (AVENUE),0,,3,2,0,2,0,9,1,, -1,2,1,1,50,17,6,2021,20:58,2,93,93066,2,1,1,6,Avenue du Colonel Fabien,48.945236,2.351761,20,2,1
202100000406,200Â 977,B01,2,2,1,0,2,6,-1,-1, -1,-1,2021,17.0,3,1,0,2,1,17,1,,7,ROUTE NATIONALE 113 - MONTEE DE L'ASSASS,0,,2,1,0,2,1,0,4,, -1,1,9,1,50,23,2,2021,18:00,2,13,13071,2,1,0,3,ROUTE NATIONALE 113 - MONTEE DE L'ASSASS,43.40717,5.32998,18,3,2
202100042166,126Â 251,A01,10,3,2,2,0,-1,-1,4,3,2,2021,10.0,3,2,0,1,1,15,1,,4,WINSTON CHURCHILL,0,,3,4,0,1,(1),(1),1,, -1,1,0,1,50,27,4,2021,08:05,1,76,76351,2,2,0,6,WINSTON CHURCHILL,49.4941,0.1389,8,2,1
202100013665,177Â 285,B01,1,1,2,0,0,-1,-1,0,0,-1,2021,50.0,1,1,0,2,7,2,3,,3,DOLE RUE DE (sup 200),0,,2,4,0,1,15,800,1,, -1,1,0,4,50,12,10,2021,17:20,1,25,25056,2,1,0,1,DOLE RUE DE (sup 200),47.22617,5.97672,17,2,2
202100039762,130Â 510,B01,1,1,1,5,0,-1,-1,0,0,-1,2021,47.0,2,1,0,2,9,5,5,,2,1,-1,,2,2,0,1,49,395,1,, -1,1,0,1,90,13,5,2021,21:30,3,988,98821,1,1,0,1,RT1 - la tontouta,-22.02183,166.229244,21,2,2
202100054661,104Â 076,A01,1,1,2,5,1,0,-1,-1,0,-1,2021,47.0,2,2,0,2,3,13,1,,1,15,0,,3,10,0,1,9,699,3,, -1,1,0,1,110,15,1,2021,20:55,3,95,95582,1,1,0,2,A15,48.97364,2.2462,20,2,2
202100010752,182Â 511,B01,1,1,1,1,8,0,-1,-1, -1,-1,2021,24.0,-1,1,0,2,7,19,3,,3,ROSNY (AVENUE DE) NÂ° 53 A 243,0,,-1,2,0,1,0,1,1,, -1,1,0,1,50,27,10,2021,10:30,1,93,93053,2,2,0,3,ROSNY (AVENUE DE) NÂ° 53 A 243,48.88926,2.47121,10,2,2
202100030251,147Â 692,A01,1,1,1,4,2,6,-1,-1, -1,-1,2021,21.0,1,1,0,2,1,2,1,,4,,0,,1,1,1,1,0,0,1,, -1,9,0,1,30,7,7,2021,18:58,1,92,92040,2,1,0,2,FOUCHER LEPELLETIER,48.8302894309,2.2802786529,18,2,2
202100054562,104Â 247,A01,10,3,1,0,0,-1,-1,3,3,1,2021,83.0,1,5,0,1,1,19,1,,7,REPUBLIQUE (AVENUE DE LA),0,,1,1,0,1,20,1100,1,, -1,1,6,1,30,14,1,2021,10:20,1,83,83129,2,1,0,6,REPUBLIQUE (rue DE LA),43.092993,5.839143,10,2,1
202100038650,132Â 549,B01,2,2,2,5,2,6,-1,0,0,-1,2021,29.0,2,1,0,2,1,1,1,,4,RUE DU FAUBOURG SAINT MARTIN,0,,2,3,3,2,(1),(1),1,, -1,1,0,1,50,23,5,2021,13:30,1,75,75110,2,3,0,3,RUE DU FAUBOURG SAINT MARTIN,48.874917,2.359005,13,3,2
202100047574,116Â 726,A01,1,1,1,1,2,8,-1,0,0,-1,2021,22.0,3,1,0,2,7,0,1,,4,,-1,,2,2,0,1,(1),(1),1,, -1,2,0,3,80,17,3,2021,20:15,3,38,38349,1,3,1,3,Route de l'Ecluse,45.313852,4.789513,20,2,2
202100052607,107Â 685,A01,1,1,1,9,0,-1,-1,0,0,-1,2021,30.0,3,1,8,0,1,1,1,,4,1,0,A,2,2,0,1,(1),(1),1,, -1,1,0,8,30,5,2,2021,16:30,1,42,42308,2,1,0,6,Rue Jean Claude Dubouchet,45.450817,4.581878,16,1,1
202100019305,167Â 123,B01,1,1,1,0,2,6,-1,-1, -1,-1,2021,22.0,2,1,0,2,8,1,1,,1,A86,0,,1,6,0,1,79,0,1,, -1,1,1,1,70,13,9,2021,09:50,1,92,92050,1,1,0,3,A86,48.8935569489,2.1886306909,9,2,2
202100043291,124Â 280,A01,1,1,1,9,8,8,-1,-1, -1,-1,2021,31.0,1,2,0,5,1,19,1,,2,RN 104,0,,3,2,0,1,42,745,1,, -1,1,0,1,110,21,4,2021,02:03,3,91,91086,1,1,0,6,RN 104,48.62436,2.37722,2,1,1
202100034081,140Â 843,A01,10,3,1,0,0,-1,-1,2,3,1,2021,68.0,2,1,0,1,8,1,1,,4,FLAMMARION (BOULEVARD)     1 A 65,0,,2,2,0,1,0,0,1,, -1,1,0,1,50,15,6,2021,20:50,2,13,13201,2,1,0,3,FLAMMARION (BOULEVARD)     1 A 65,43.30484,5.38822,20,2,1
202100026924,153Â 588,A01,1,1,1,1,2,6,-1,0,0,-1,2021,48.0,2,1,0,2,5,1,1,,2,330,0,,2,2,0,1,4,0,2,, -1,1,5,1,80,28,7,2021,08:15,1,60,60341,1,6,0,3,,49.084969,2.757225,8,2,2
202100047589,116Â 695,B01,1,1,1,0,1,0,-1,-1, -1,-1,2021,66.0,1,2,0,2,4,2,1,,1,AUTOROUTE A86,0,,3,4,0,1,51,450,1,, -1,2,1,1,70,18,3,2021,14:10,1,94,94034,1,1,0,4,AUTOROUTE A86,48.75972,2.32284,14,4,4
202100008275,186Â 922,B01,1,1,1,5,2,0,-1,-1, -1,-1,2021,40.0,0,1,0,2,1,1,1,,4,LEONARD DE VINCI,0,,2,0,0,1,0,0,1,, -1,1,0,1,50,13,11,2021,18:55,4,92,92026,2,3,0,3,LEONARD DE VINCI,48.8970850797,2.2381478548,18,2,2
202100035921,137Â 478,B01,1,1,2,4,1,5,-1,0,0,-1,2021,24.0,0,2,0,0,4,1,1,,4,NETREVILLE (RUE DE),0,,-1,2,0,1,(1),(1),1,, -1,1,0,1,50,5,6,2021,20:45,1,27,27299,2,1,0,2,NETREVILLE (RUE DE),49.03574,1.17435,20,4,2
202100026303,154Â 676,B01,1,1,1,5,1,0,-1,-1, -1,-1,2021,86.0,1,2,0,2,4,23,1,,7,JaurÃ¨s Rue Jean,0,,2,2,0,2,7,100,1,, -1,1,0,1,50,27,7,2021,16:25,1,42,42103,2,1,0,4,Rue Jean JaurÃ©s,45.50598,4.57059,16,3,3
202100008605,186Â 356,B01,1,1,2,9,2,0,-1,0,0,-1,2021,33.0,3,1,0,2,5,19,5,,4,QUAI SAINT EXUPERY,0,,1,2,1,1,(1),(1),1,, -1,1,-1,5,50,10,11,2021,10:00,1,75,75116,2,4,0,3,QUAI SAINT EXUPERY,48.836394,2.263773,10,2,2
202100008386,186Â 742,B01,1,1,1,5,2,-1,-1,0,0,-1,2021,71.0,0,1,0,2,6,1,5,,3,D242,-1,,2,2,0,1,(1),(1),1,, -1,1,0,1,50,28,10,2021,15:30,1,84,84069,2,1,0,3,Route de Veaux,44.175552,5.131645,15,2,2
202100006389,190Â 376,A01,1,1,1,0,2,6,-1,-1, -1,-1,2021,18.0,1,1,0,2,1,1,1,,7,EUROPE (DE L')                      (BD),0,,2,2,2,1,3,700,1,, -1,1,0,1,50,24,11,2021,17:10,5,69,69152,2,1,0,3,EUROPE (DE L') (BD),45.6972164227,4.8250070214,17,2,2
202100019742,166Â 356,A01,10,3,1,9,0,-1,-1,2,3,2,2021,3.0,1,5,0,0,2,1,1,,4,PARC (AV DU),0,,2,2,0,1,1,0,1,, -1,2,0,1,50,10,9,2021,18:30,1,94,94017,2,1,1,6,PARC (AV DU),48.8128,2.5557,18,2,1
202100011075,181Â 928,B01,2,2,1,5,1,5,-1,-1, -1,-1,2021,57.0,1,2,14,2,3,0,1,,4,DE GIRARD PHILLIPE RUE,0,,1,2,2,1,(1),(1),1,, -1,1,0,1,30,23,10,2021,11:15,1,59,59560,2,2,0,3,DE GIRARD PHILLIPE RUE,50.54796,3.03138,11,4,2
202100007472,188Â 394,A01,1,1,1,1,1,5,-1,-1, -1,-1,2021,72.0,2,2,1,0,1,13,2,,4,CHATENAY (RUE DE),0,,2,2,0,1,0,0,1,, -1,1,0,4,50,18,11,2021,10:00,1,92,92002,2,1,0,6,CHATENAY (RUE DE),48.7579098055,2.2923016548,10,1,1
202100042972,124Â 858,B01,1,1,1,5,2,6,9,0,0,-1,2021,33.0,1,1,0,2,1,1,1,,3,979,-1,,2,2,0,1,52,200,1,, -1,1,0,1,70,23,4,2021,18:05,1,30,30228,1,3,0,6,Lieu dit La bÃ©gude D979/D736,43.950378,4.378867,18,2,2
202100022420,161Â 562,B01,1,1,2,5,8,-1,-1,0,0,-1,2021,43.0,2,1,0,2,7,1,5,,4,LASSALLE (RUE GEORGES),0,,2,2,0,1,(1),(1),1,, -1,1,0,1,50,26,8,2021,12:25,1,65,65440,2,4,0,3,LASSALLE (RUE GEORGES),43.23431,0.07258,12,2,2
202100009714,184Â 337,B01,1,1,1,0,2,6,-1,-1, -1,-1,2021,57.0,1,1,0,2,2,3,1,,1,AUTOROUTE A1,0,,1,4,0,1,2,0,1,, -1,1,0,1,90,3,11,2021,18:30,5,93,93066,1,1,0,3,AUTOROUTE A1,48.91894,2.35744,18,2,2
202100012797,178Â 842,B01,1,1,1,0,1,8,-1,-1, -1,-1,2021,33.0,1,2,0,2,4,2,1,,1,AUTOROUTE A1,0,,3,8,0,1,2,0,1,, -1,1,0,1,90,16,10,2021,16:00,1,93,93066,1,1,0,2,AUTOROUTE A1,48.91939,2.35752,16,2,2
202100014836,175Â 188,B01,1,1,1,5,8,0,-1,0,0,-1,2021,11.0,2,1,0,2,0,19,5,,4,AVENUE DE LA PORTE D ASNIERES,0,,-1,2,0,1,(1),(1),1,, -1,1,0,1,30,6,10,2021,12:10,1,75,75117,2,2,0,3,AVENUE DE LA PORTE D ASNIERES,48.891073,2.302541,12,2,2
202100011680,180Â 848,A01,10,3,2,0,0,-1,-1,3,3,1,2021,27.0,2,2,0,1,1,2,0,,3,106,0,,3,4,1,1,1,0,1,, -1,1,0,2,50,22,10,2021,15:50,1,92,92025,2,3,0,6,PAUL BERT (RUE),48.928671,2.246628,15,3,2
202100029890,148Â 370,A01,1,1,1,5,8,-1,-1,0,0,-1,2021,18.0,2,1,0,0,3,1,1,,3,7,0,D,2,2,0,1,18,550,1,, -1,1,0,1,50,9,7,2021,21:20,1,85,85034,2,1,0,7,22 Rue de la Gare,46.643194,-1.17426,21,1,1
202100023838,159Â 018,A01,10,3,1,0,0,-1,-1,2,3,1,2021,79.0,2,1,1,1,7,3,3,,4,TOLSTOI    (Cours),0,,2,2,3,1,(1),(1),1,, -1,1,9,1,50,16,8,2021,09:00,1,69,69266,2,1,0,6,TOLSTOI (CR),45.76231,4.87956,9,2,1
202100021210,163Â 747,A01,10,3,2,9,0,-1,-1,3,3,1,2021,32.0,3,2,0,1,1,1,1,,4,SAINT ANDRE (ROUTE DE),0,,2,1,0,1,(1),(1),1,, -1,1,0,1,50,2,9,2021,09:10,1,27,27229,2,1,0,6,SAINT ANDRE (ROUTE DE),49.01159492,1.1654790074,9,2,1
202100013089,178Â 345,A01,2,2,1,0,1,0,-1,-1, -1,-1,2021,26.0,3,2,0,2,1,9,1,,4,POLE (RUE DU) DU 1AU 2,0,,2,2,0,2,(1),(1),1,, -1,1,0,1,50,15,10,2021,05:40,5,31,31555,2,1,0,3,POLE (RUE DU) DU 1AU 2,43.64737,1.42017,5,3,2
202100010937,182Â 177,B01,1,1,1,4,2,0,-1,0,0,-1,2021,45.0,2,1,0,2,2,17,1,,4,RUE DU FAUBOURG SAINT MARTIN,0,,2,4,0,1,(1),(1),1,, -1,1,0,1,30,26,10,2021,19:20,5,75,75110,2,2,0,3,RUE DU FAUBOURG SAINT MARTIN,48.873775,2.358321,19,2,2
202100056041,101Â 715,A01,1,1,1,5,1,8,-1,-1, -1,-1,2021,91.0,1,2,0,2,2,15,1,,4,CHENAILLER DIT COLONEL MAURICE ( AV. ),0,,2,2,0,1,(1),(1),1,, -1,1,0,1,50,5,1,2021,11:15,1,56,56121,2,3,0,3,CHENAILLER DIT COLONEL MAURICE ( AV. ),47.73657,-3.39028,11,2,2
202100013376,177Â 825,B01,1,1,1,4,1,8,-1,-1, -1,-1,2021,35.0,2,4,0,2,1,2,1,,1,A104,0,,3,4,0,1,19,700,1,, -1,1,0,1,90,14,10,2021,11:10,1,77,77055,1,1,0,2,A104,48.9013,2.6516,11,2,2
202100012880,178Â 703,A01,7,2,2,5,1,0,-1,0,0,-1,2021,34.0,1,2,0,2,1,1,1,,4,RUE TAITBOUT,0,,1,1,1,2,(1),(1),1,, -1,2,0,1,30,16,10,2021,03:30,5,75,75109,2,2,0,3,RUE TAITBOUT,48.87684,2.335467,3,4,2
202100022653,161Â 127,B01,4,2,1,1,1,0,-1,0,0,-1,2021,41.0,1,2,0,2,4,2,1,,4,PORTE D AUTEUIL,0,,1,4,0,1,11,700,1,, -1,1,1,1,70,24,8,2021,20:00,1,75,75116,2,1,0,4,PORTE D AUTEUIL,48.844089,2.254686,20,4,3
202100014818,175Â 218,A01,1,1,2,9,2,0,-1,-1, -1,-1,2021,57.0,1,1,0,2,3,2,1,,4,CASTELLANE (PLACE),0,,1,3,0,2,(1),(1),3,, -1,2,0,2,50,20,8,2021,18:40,1,13,13206,2,7,0,3,CASTELLANE (PLACE),43.2857821257,5.383508743,18,2,2
202100039440,131Â 105,B01,1,1,1,9,8,0,-1,-1, -1,-1,2021,39.0,0,1,0,9,4,2,0,,4,RIBOT (RUE ALEXANDRE),0,,1,1,0,1,(1),(1),1,, -1,1,0,1,50,17,5,2021,11:45,1,60,60463,2,2,0,2,Rue Alexandre Ribot,49.26865,2.47748,11,2,2
202100013162,178Â 220,A01,1,1,1,9,2,-1,-1,0,0,-1,2021,23.0,0,1,13,0,7,1,1,,3,508,0, -,2,2,0,1,0,1090,1,, -1,1,0,1,80,14,10,2021,17:30,1,50,50401,1,1,0,6,Route de Saint Marcouf,49.470589,-1.766025,17,1,1
202100002881,196Â 618,A01,1,1,1,5,1,0,-1,-1, -1,-1,2021,73.0,0,2,6,0,1,15,1,,4,RUE DE LA CLERY,0,,2,2,0,1,0,0,1,, -1,1,0,4,50,6,10,2021,08:45,1,77,77333,2,1,0,6,RUE DE LA CLERY,48.27545,2.70246,8,1,1
202100010252,183Â 378,A01,2,2,2,0,1,0,-1,-1, -1,-1,2021,19.0,2,2,0,2,0,26,1,,1,A86 EXT,0,,-1,3,0,1,59,99,1,, -1,1,0,1,90,29,10,2021,20:25,3,78,78640,1,1,0,3,A86 EXT,48.777192,2.22375,20,3,2
202100034470,140Â 111,A01,1,1,1,5,0,-1,-1,0,0,-1,2021,40.0,2,2,0,2,3,5,1,,3,204,0,,2,2,0,1,22,632,1,, -1,1,0,1,80,14,6,2021,23:00,3,77,77182,1,1,0,1,D204,48.770814,3.292551,23,2,2
202100041972,126Â 596,B01,1,1,1,0,2,-1,-1,0,0,-1,2021,29.0,1,1,0,2,1,17,1,,2,7,-1,,2,2,0,1,(1),(1),1,, -1,1,0,1,50,30,4,2021,09:55,1,978,97801,1,1,0,3,Rn7 - grand case,18.099768,-63.05809,9,2,2
202100023998,158Â 743,B01,1,1,1,5,2,0,-1,-1, -1,-1,2021,70.0,1,1,0,2,4,13,5,,3,BANDOL (ROUTE)NÂ° PAIRS,0,,2,2,0,1,14,270,1,, -1,1,0,1,50,12,8,2021,14:30,1,83,83123,2,1,0,2,BANDOL (ROUTE)NÂ° PAIRS,43.13069,5.78192,14,2,2
202100035410,138Â 426,B01,1,1,1,5,8,-1,-1,0,0,-1,2021,17.0,0,1,0,2,8,1,1,,7,,-1,,1,1,0,1,(1),(1),1,,3,1,0,1,50,10,6,2021,23:13,5,13,13035,2,2,0,3,rue BOISJELIN / Rue RABAUS Ste ETIENNE,43.694749,5.030381,23,2,2
202100017914,169Â 602,A01,1,1,1,0,1,-1,-1,0,0,-1,2021,49.0,1,2,2,0,3,13,1,,3,21,0,D,2,2,0,2,17,800,1,, -1,1,0,3,80,21,9,2021,13:45,1,51,51486,1,1,0,7,D21,49.1714258858,4.4059252739,13,1,1
202100001083,199Â 828,A01,10,3,1,9,0,-1,-1,1,3,1,2021,55.0,-1,1,0,1,1,1,1,,3,REPUBLIQUE (AVE DE LA ) 43/106 =>,0,,2,2,0,1,0,1,1,, -1,1,0,1,50,28,12,2021,19:11,3,93,93001,2,1,1,6,REPUBLIQUE (AVE DE LA ) 43/106 =>,48.9088953042,2.3868634606,19,2,1
202100019487,166Â 804,A01,1,1,2,5,8,0,-1,-1, -1,-1,2021,34.0,1,2,0,2,2,26,3,,1,VOIE DES BERGES,0,,3,4,0,1,262,700,1,, -1,1,0,1,70,12,9,2021,01:05,5,49,49007,2,1,0,2,VOIE DES BERGES,47.48961,-0.54447,1,3,2
202100008539,186Â 473,A01,1,1,1,1,0,-1,-1,0,0,-1,2021,37.0,2,2,0,2,5,13,1,,3,283,0,,2,2,0,1,3,0,3,, -1,2,0,1,80,12,11,2021,07:30,3,2,2323,1,1,1,1,D283,49.938378,3.363029,7,3,2
202100034799,139Â 510,B01,1,1,1,5,2,0,-1,-1, -1,-1,2021,29.0,1,1,0,2,1,2,0,,4,DE GAULLE (AV DU GENERAL) 58/49 - FIN,0,,1,2,0,1,1,0,1,, -1,1,3,1,50,12,6,2021,16:30,1,93,93064,2,1,0,3,DE GAULLE (AV DU GENERAL) 58/49 - FIN,48.878664,2.47879,16,2,2
202100000265,201Â 248,B01,1,1,1,0,2,6,-1,-1, -1,-1,2021,33.0,3,1,0,2,2,17,1,,4,MIDI (BOULEVARD DU),0,,2,2,0,1,0,0,1,, -1,1,0,1,50,26,7,2021,19:25,1,6,6029,2,1,0,3,MIDI (BOULEVARD DU),43.545181,6.97013,19,2,2
202100038913,132Â 074,A01,10,3,2,0,0,-1,-1,1,3,2,2021,38.0,2,4,0,1,1,1,1,,4,WATTINE (RUE CHARLES),0,,2,2,1,1,(1),(1),1,, -1,2,0,1,50,21,5,2021,09:00,1,59,59599,2,1,1,6,WATTINE (RUE CHARLES),50.714824,3.157388,9,3,1
202100043201,124Â 438,B01,1,1,1,5,2,0,-1,0,0,-1,2021,49.0,2,1,0,2,3,1,5,,4,BOULEVARD VOLTAIRE,0,,2,4,1,1,(1),(1),1,, -1,1,-1,5,50,21,4,2021,14:10,1,75,75111,2,4,0,3,BOULEVARD VOLTAIRE,48.855901,2.383306,14,2,2
202100034207,140Â 604,A01,1,1,1,4,2,0,-1,-1, -1,-1,2021,20.0,1,1,1,0,3,13,6,,4,RÃ©publique (Quai),0,,1,1,0,1,(1),(1),1,, -1,2,0,4,30,12,3,2021,19:33,2,19,19272,2,1,0,6,RÃ©publique (Quai),45.2671255977,1.7714520377,19,1,1
202100053167,106Â 700,B01,1,1,1,0,2,8,-1,-1, -1,-1,2021,35.0,2,1,0,2,8,26,1,,4,REPUBLIQUE (AVENUE DE LA),0,,3,4,1,1,0,100,1,, -1,2,0,1,50,29,1,2021,16:40,1,91,91421,2,1,1,3,REPUBLIQUE (AVENUE DE LA),48.698941,2.46966,16,1,2
202100008585,186Â 387,A01,4,2,1,5,8,0,-1,-1, -1,-1,2021,55.0,1,2,0,2,1,2,1,,1,A4,0,,3,5,0,1,2,0,1,, -1,1,0,1,90,10,11,2021,21:00,3,94,94018,1,1,0,2,A4,48.8176874111,2.4147391319,21,4,2
202100006314,190Â 498,B01,1,1,1,0,8,0,-1,-1, -1,-1,2021,32.0,3,1,0,2,7,19,5,,3,REPUBLIQUE AVENUE DE LA,0,,1,2,1,1,0,0,1,, -1,1,0,8,50,25,11,2021,08:40,2,92,92050,2,2,0,3,HOCHE AVENUE,48.8996753306,2.2010502219,8,2,2
202100038218,133Â 331,A01,10,3,2,1,0,-1,-1,0,0,-1,2021,41.0,3,2,0,1,3,16,1,,4,BOULEVARD DE BEAUSEJOUR,0,,1,1,0,2,(1),(1),3,, -1,1,0,1,50,26,5,2021,11:10,1,75,75116,2,3,0,6,BOULEVARD DE BEAUSEJOUR,48.858032,2.272577,11,2,1
202100056479,100Â 947,A01,3,2,2,5,1,-1,-1,0,0,-1,2021,23.0,1,2,16,0,8,1,1,,3,1001,0,,1,2,0,1,24,800,2,, -1,1,5,3,50,1,1,2021,23:14,5,60,60002,2,6,0,7,rond point du gros poirier,49.3650561872,2.1624966859,23,4,1
202100016368,172Â 376,A01,8,2,1,5,8,0,-1,-1, -1,-1,2021,28.0,1,3,6,0,1,16,1,4.0,4,RAOUL DELATTRE (R),0,,2,2,0,1,0,1,3,, -1,1,0,8,30,28,9,2021,09:10,1,94,94077,2,1,0,6,RAOUL DELATTRE (R),48.73,2.44,9,4,1
202100052082,108Â 624,A01,1,1,1,4,1,-1,-1,0,0,-1,2021,28.0,2,5,0,2,1,13,1,,3,21.2,0,,2,2,0,1,11,250,3,, -1,5,0,1,50,10,2,2021,11:00,1,28,28347,2,1,1,1,14 Rue des Volaillers,48.816216,1.541106,11,2,2
202100048559,114Â 952,A01,10,3,1,1,0,-1,-1,1,3,1,2021,13.0,0,3,0,1,5,14,1,1.0,4,VICTOIRE DU HUIT MAI 1945 (AVENUE DE LA),0,,2,2,0,2,(1),(1),3,, -1,1,0,1,30,10,3,2021,07:40,1,6,6069,2,1,0,6,VICTOIRE DU HUIT MAI 1945 (AVENUE DE LA),43.637112,6.910779,7,2,1
202100051800,109Â 108,A01,10,3,1,1,0,-1,-1,2,5,1,2021,34.0,2,1,0,1,1,17,1,,4,AVE DE LA LIBERATION,0,,2,2,0,1,(1),(1),1,, -1,1,0,1,50,8,1,2021,07:58,5,33,33281,2,1,0,6,Avenue de la LibÃ©ration,44.854314,-0.644404,7,2,1
202100028884,150Â 092,A01,1,1,1,0,2,0,-1,-1, -1,-1,2021,24.0,1,1,0,0,0,1,1,,3,ALPHONSE LE GALLO (QUAI) 35/FIN,0,,-1,0,0,1,0,0,1,, -1,3,0,1,50,14,7,2021,04:30,5,92,92012,2,1,1,7,ALPHONSE LE GALLO (QUAI) 35/FIN,48.8377129109,2.2240577999,4,1,1
202100012790,178Â 859,A01,1,1,1,5,1,0,-1,-1, -1,-1,2021,32.0,2,2,4,0,3,1,1,,2,385,0,,3,4,0,1,56,99,1,, -1,1,0,1,110,17,10,2021,09:40,1,91,91645,1,1,0,6,RN 385 ExtÃ¨rieure,48.7607440032,2.2527298445,9,1,1
202100008081,187Â 289,A01,1,1,1,4,1,-1,-1,0,0,-1,2021,49.0,2,2,0,2,1,13,2,,3,928,-1,,2,2,0,1,38,80,1,, -1,2,0,1,80,16,11,2021,15:15,1,80,80250,1,1,1,1,D928,50.208687,1.904403,15,3,2
202100030921,146Â 490,A01,1,1,1,5,2,-1,-1,0,0,-1,2021,18.0,1,1,0,0,3,1,1,,3,90,0,D,2,2,0,1,17,967,1,, -1,1,0,1,80,4,7,2021,03:15,3,85,85096,1,1,1,3,la vieille garnache,46.90236,-1.82279,3,2,2
202100019188,167Â 329,A01,1,1,1,1,2,8,-1,-1, -1,-1,2021,33.0,3,1,0,2,1,17,1,,4,CLOT BEY (AVENUE),0,,2,2,0,1,0,0,1,, -1,1,0,1,50,13,9,2021,19:00,2,13,13208,2,3,0,2,CLOT BEY (AVENUE),43.2618,5.3889,19,2,2
202100053534,106Â 026,B01,1,1,1,1,2,6,-1,0,0,-1,2021,33.0,2,1,0,2,1,17,1,,7,5,0,D,2,2,0,1,(1),(1),1,, -1,1,0,1,50,8,1,2021,20:25,5,13,13033,2,1,0,3,32 Avenue de la CÃ´te Bleue,43.356697,5.203437,20,2,2
202100015909,173Â 233,A01,1,1,1,1,1,0,-1,-1, -1,-1,2021,26.0,1,2,0,2,3,21,1,,4,LOUBET JEAN LOUIS RUE,0,,2,2,0,2,(1),(1),1,, -1,1,0,1,50,29,9,2021,12:59,1,42,42207,2,1,0,1,Rue Jean-Louis Loubet,45.47113,4.50575,12,2,2
202100007610,188Â 139,A01,10,3,2,9,0,-1,-1,5,3,1,2021,13.0,3,2,0,1,1,1,1,,4,WILSON (BOULEVARD DU PRESIDENT) COTE IMP,0,,2,3,0,2,(1),(1),1,, -1,2,0,1,50,16,11,2021,08:30,1,51,51454,1,1,1,7,Boulevard du PrÃ©sident Wilson,49.2377627867,4.0241918147,8,2,1
202100049858,112Â 614,B01,2,2,2,0,1,0,-1,-1, -1,-1,2021,46.0,1,2,0,2,6,1,1,,1,AUTOROUTE A1,0,,1,3,0,2,3,200,1,, -1,1,3,1,90,27,2,2021,00:25,5,972,97213,1,1,0,2,AUTOROUTE A1,14.61788,-61.03295,0,3,2
202100018225,169Â 028,A01,10,3,2,9,0,-1,-1,3,3,1,2021,68.0,3,2,0,1,3,15,1,,4,122,0,D,1,1,0,1,(1),(1),1,, -1,1,0,5,50,16,9,2021,10:25,1,27,27507,2,3,1,6,Rue d Ivry,48.907964,1.275417,10,2,1
202100003145,196Â 147,A01,10,3,2,3,8,8,-1,4,3,1,2021,60.0,3,2,0,1,1,1,1,,4,MIRABEAU (COURS),0,,2,2,0,1,(1),(1),1,, -1,1,9,1,50,12,12,2021,17:25,2,11,11262,2,3,0,6,MIRABEAU (COURS),43.18226,3.00429,17,2,1
202100056078,101Â 643,B01,1,1,2,0,8,0,-1,-1, -1,-1,2021,41.0,1,1,0,2,7,2,3,,3,BROSSOLETTE(AVENUE PIERRE),0,,1,0,1,1,1,0,1,, -1,1,0,5,50,5,1,2021,09:20,5,94,94028,2,1,0,3,BROSSOLETTE(AVENUE PIERRE),48.79123,2.46261,9,2,2
202100015786,173Â 454,A01,1,1,1,0,1,-1,-1,0,0,-1,2021,48.0,3,2,0,2,3,1,1,,4,,-1,,2,2,0,1,(1),(1),1,,5,2,0,1,50,2,10,2021,20:00,5,35,35126,2,1,1,1,90 Rue de Fagues,47.963617,-1.791217,20,2,2
202100017318,170Â 697,A01,10,3,2,3,0,-1,-1,3,3,1,2021,81.0,0,2,0,1,1,26,0,,6,,-1,,-1,-1,0,1,(1),(1),1,,4,1,6,8,30,24,9,2021,15:35,1,42,42299,2,1,0,6,Rue du Champ de Mars,45.606987,4.089612,15,2,1