Num_Acc,id_vehicule,num_veh,place,catu,sexe,trajet,secu1,secu2,secu3,locp,actp,etatp,year_acc,victim_age,senc,catv,obs,obsm,choc,manv,motor,occutc,catr,voie,v1,v2,circ,nbv,vosp,prof,pr,pr1,plan,lartpc,larrout,surf,infra,situ,vma,jour,mois,an,hrmn,lum,dep,com,agg_,int,atm,col,adr,lat,long,hour,nb_victim,nb_vehicules
202100030483,147Â 285,A01,1,1,1,4,1,-1,-1,0,0,-1,2021,28.0,1,4,12,9,7,26,1,,3,4,0,D,1,1,0,1,1,332,2,, -1,1,5,4,50,30,6,2021,14:04,1,6,6018,1,6,0,7,Route de la Mer,43.617817,7.11181,14,2,1
202100042811,125Â 136,B01,1,1,1,0,1,-1,-1,-1, -1,-1,2021,25.0,3,2,0,2,8,1,1,,4,JEAN MOULIN                         (QU),0,,2,3,0,1,(1),(1),1,, -1,1,0,1,50,23,4,2021,21:35,5,69,69381,2,2,0,3,JEAN MOULIN (Q),45.7662381329,4.8383536935,21,2,2
202100001668,198Â 826,A01,1,1,1,4,1,8,-1,-1, -1,-1,2021,35.0,2,4,4,2,4,2,1,,1,A55 - Sens Marseille vers Martigues,0,,1,3,0,1,11,500,1,, -1,1,0,1,90,22,12,2021,14:30,1,13,13071,1,1,0,2,A55 - Sens Marseille vers Martigues,43.37869,5.31711,14,4,4
202100028207,151Â 275,A01,1,1,1,5,0,-1,-1,0,0,-1,2021,42.0,2,2,2,0,1,1,1,,3,11,0,,2,2,0,2,8,973,2,,6,1,0,1,80,18,7,2021,18:45,1,31,31100,1,1,0,6,Ferme du Vie,43.310967,1.625623,18,1,1
202100027012,153Â 434,B01,1,1,1,9,2,-1,-1,0,0,-1,2021,35.0,1,1,0,2,1,1,1,,4,,0,,2,2,0,1,(1),(1),1,,4,2,0,1,80,27,7,2021,15:00,1,973,97307,1,1,1,1,Chemin MogÃ¨s,4.784908,-52.337757,15,2,2
202100031863,144Â 804,A01,2,2,1,5,8,0,-1,-1, -1,-1,2021,13.0,1,1,0,2,7,19,3,,4,TESTELIN RUE,0,,1,1,0,1,(1),(1),1,, -1,1,0,1,30,11,6,2021,17:15,1,59,59350,2,2,0,3,TESTELIN RUE,50.62833,3.11373,17,3,2
202100035112,138Â 940,A01,1,1,1,5,1,-1,-1,0,0,-1,2021,75.0,2,2,0,2,3,13,1,,3,194,0,D,2,2,0,1,2,240,1,, -1,1,0,1,80,11,6,2021,19:10,1,56,56094,1,1,0,1,Lieu Dit Locadour,47.760445,-3.264924,19,2,2
202100037065,135Â 448,A01,2,2,1,0,1,0,-1,-1, -1,-1,2021,2.0,3,2,0,2,1,26,1,,4,CHAPIT RE ( RUE DU),0,,1,1,0,1,0,0,3,, -1,1,0,8,70,1,6,2021,08:50,1,93,93073,1,6,0,3,Chemin de Roissy a Villepinte / Rue de la Belle Borne,48.989194,2.520079,8,3,2
202100026940,153Â 558,A01,1,1,1,0,8,-1,-1,0,0,-1,2021,64.0,3,2,0,2,3,9,1,,3,223,-1,,2,2,0,2,0,225,3,, -1,1,0,1,50,25,3,2021,14:20,1,73,73150,2,3,0,1,D223 / Plagne Centre,45.506909,6.678872,14,2,2
202100053940,105Â 333,Z01,10,3,2,0,8,8,-1,2,3,1,2021,32.0,1,2,0,1,0,1,1,,4,ROYER (BD JEAN),0,,2,2,1,1,(1),(1),1,, -1,1,0,1,50,23,1,2021,18:48,5,37,37261,2,2,0,6,ROYER (BD JEAN),47.3816185196,0.6821469069,18,2,1
202100041342,127Â 710,B01,1,1,1,1,1,-1,-1,0,0,-1,2021,42.0,0,2,0,2,3,1,1,,4,,0,,2,2,0,3,(1),(1),1,,5,2,0,1,80,6,5,2021,12:05,1,80,80766,1,1,1,1,Rue d'Harponville,50.036089,2.464819,12,3,2
202100001474,199Â 152,B01,1,1,1,4,1,0,-1,-1, -1,-1,2021,43.0,2,2,0,2,4,1,1,,4,SOLEIL (DU) JUSQU'AUX NÃ¸50-57,0,,2,1,0,1,(1),(1),1,, -1,2,0,1,50,11,12,2021,19:00,5,42,42218,2,4,1,2,Boulevard Georges Pompidou,45.45426,4.40012,19,2,2
202100019088,167Â 523,A01,1,1,1,5,2,6,9,0,0,-1,2021,25.0,1,1,0,2,1,17,1,,3,18,0,,2,2,0,2,3,850,1,, -1,1,0,1,70,13,9,2021,18:30,1,74,74124,1,3,0,2,D18,46.101663,6.078867,18,2,2
202100055377,102Â 857,A01,10,3,2,3,0,-1,-1,4,3,1,2021,60.0,1,1,0,1,2,1,1,,3,VICTOR HUGO (BD),0,,2,4,0,1,0,0,1,, -1,1,5,1,50,8,1,2021,19:57,5,92,92024,2,2,0,6,VICTOR HUGO (BD),48.9011376434,2.3164603114,19,3,1
202100050954,110Â 599,A01,1,1,1,3,1,5,-1,-1, -1,-1,2021,20.0,1,2,12,2,1,2,1,,3,7,0,,1,4,0,1,0,0,1,, -1,1,0,1,70,19,2,2021,16:20,1,92,92026,2,1,0,2,PRÃSIDENT PAUL DOUMER (QUAI DU),48.8911006803,2.2577186035,16,2,2
202100042259,126Â 092,B01,1,1,2,2,1,-1,-1,0,0,-1,2021,32.0,1,2,0,2,1,1,1,,3,613,0,D,2,2,0,1,44,221,1,, -1,2,0,1,80,29,4,2021,08:40,1,34,34113,1,1,1,1,d613 lieu dit la justice,43.511425,3.724397,8,2,2
202100019145,167Â 407,B01,1,1,2,0,1,0,-1,-1, -1,-1,2021,56.0,0,2,0,2,1,1,1,,3,SARRIANS ROUTE DE,0,,2,2,0,1,0,1,1,, -1,1,0,1,80,10,9,2021,16:45,1,84,84080,1,9,0,1,SARRIANS ROUTE DE,44.04522,4.98486,16,3,3
202100048960,114Â 233,B01,1,1,1,5,8,0,-1,0,0,-1,2021,23.0,2,1,0,2,0,5,3,,4,RUE DU DOCTEUR ROUX,0,,1,1,1,1,(1),(1),1,, -1,1,-1,5,50,6,3,2021,17:35,2,75,75115,2,1,0,3,RUE DU DOCTEUR ROUX,48.841118,2.311704,17,2,2
202100004009,194Â 575,B01,1,1,1,0,8,8,-1,-1, -1,-1,2021,27.0,2,2,1,2,7,15,1,,4,COLMAR (AVENUE DE),0,,2,4,1,1,0,0,1,, -1,2,5,1,50,5,12,2021,07:06,5,67,67482,2,1,1,3,COLMAR (AVENUE DE),48.5527,7.74378,7,2,2
202100042616,125Â 450,B01,1,1,1,4,1,0,-1,-1, -1,-1,2021,56.0,1,2,0,2,2,15,1,,3,987,0,,2,2,0,1,0,0,1,, -1,1,0,1,50,25,4,2021,13:20,1,92,92048,2,3,0,3,GARENNE (ROUTE DE LA),48.7815850099,2.2266381606,13,2,2
202100003795,194Â 973,A01,2,2,1,5,1,-1,-1,0,0,-1,2021,20.0,3,2,8,0,2,1,1,,4,,-1,,2,2,0,1,(1),(1),1,,4,1,0,3,80,11,12,2021,04:20,3,85,85129,1,1,0,6,Les Temples,46.83235,-1.477286,4,2,1
202100017487,170Â 365,B01,1,1,1,4,2,6,-1,0,0,-1,2021,20.0,1,1,0,2,1,7,1,,4,AVENUE KLEBER,0,,2,4,3,1,(1),(1),1,, -1,1,0,6,50,21,9,2021,12:27,1,75,75116,2,1,0,3,AVENUE KLEBER,48.870416,2.292665,12,2,2
202100024075,158Â 621,A01,1,1,1,1,8,-1,-1,0,0,-1,2021,36.0,1,2,0,2,4,23,1,,1,49,-1,,3,4,0,1,49,400,1,, -1,1,0,1,130,16,8,2021,07:40,1,26,26129,1,1,0,5,Autoroute A 49 ,45.054408,5.1831,7,3,3
202100051729,109Â 227,A01,2,2,2,9,1,8,-1,-1, -1,-1,2021,60.0,2,2,0,2,2,15,1,,4,MONTGOLFIER (RUE),0,,2,1,0,1,0,0,1,, -1,1,0,1,50,12,2,2021,14:40,1,93,93007,2,1,0,3,MONTGOLFIER (RUE),48.9532451976,2.4452590229,14,3,2
202100033356,142Â 144,B01,1,1,1,5,-1,0,-1,0,0,-1,2021,35.0,0,1,0,2,1,15,1,,4,FAITA VINCENT (RUE),0,,2,2,0,1,0,0,1,, -1,1,0,1,50,12,6,2021,19:05,1,30,30189,2,3,0,6,FAITA VINCENT (RUE),43.8445,4.3706,19,2,2
202100054279,104Â 735,A01,10,3,1,9,0,-1,-1,1,3,1,2021,36.0,2,2,0,1,3,1,1,,3,19,-1,,2,2,0,1,10,100,1,, -1,1,0,1,80,21,1,2021,18:05,3,90,90015,1,1,0,6,Route de MontbÃ©liard,47.590507,6.859503,18,2,1
202100014331,176Â 088,A01,10,3,1,2,0,-1,-1,1,3,1,2021,10.0,1,2,0,1,1,19,3,,3,MONTTESSUY (RUE DE),0,,2,1,0,1,0,0,1,, -1,1,0,1,50,8,10,2021,16:40,1,91,91326,2,1,0,6,MONTTESSUY (RUE DE),48.68607,2.38364,16,2,1
202100007571,188Â 209,A01,4,2,2,4,1,8,-1,-1, -1,-1,2021,43.0,1,2,0,2,6,1,1,,3,CHAUVEL,0,,1,2,0,1,(1),(1),3,, -1,1,5,1,50,16,11,2021,15:45,1,971,97101,1,6,0,2,CHAUVEL,16.23914,-61.52246,15,8,2
202100002530,197Â 256,A01,1,1,1,1,0,-1,-1,0,0,-1,2021,19.0,2,2,2,0,1,14,1,,2,RT1,0,R,2,2,0,1,171,780,1,, -1,1,0,3,110,19,12,2021,08:00,1,988,98803,1,1,0,6,La cigogne - NÃ©mÃ©ara,-21.53833,165.4714,8,1,1
202100031486,145Â 472,A01,1,1,1,4,1,-1,-1,0,0,-1,2021,39.0,1,4,0,2,3,13,1,,3,2020,0,,2,3,0,1,10,50,1,, -1,1,0,1,90,1,7,2021,16:45,1,28,28391,1,1,0,3,D2020,48.207244,1.944666,16,2,2
202100036312,136Â 781,B01,1,1,1,1,1,-1,-1,0,0,-1,2021,26.0,2,2,0,2,1,1,1,,3,64,-1,,2,2,0,3,17,80,1,, -1,1,0,1,80,6,6,2021,17:30,1,89,89086,1,1,0,1,"DÃ©partementale 64, lieu-dit ""REUILLEBEAU"" - MARCHAIS BETON",47.829666,3.035831,17,3,2
202100028724,150Â 381,A01,1,1,2,5,1,-1,-1,0,0,-1,2021,19.0,3,2,2,0,0,1,1,,4,0,0,,2,2,0,1,(1),(1),1,, -1,1,0,8,80,17,7,2021,03:00,3,78,78192,1,1,0,6,Chemin du Tertre,48.918991,1.614888,3,1,1
202100009965,183Â 887,A01,2,2,1,5,1,-1,-1,0,0,-1,2021,21.0,1,2,14,0,9,1,1,,3,948,0,D,3,4,0,1,11,422,1,, -1,2,0,2,110,31,10,2021,05:25,3,85,85034,1,1,1,6,D948,46.627129,-1.161413,5,2,1
202100032906,142Â 942,A01,1,1,1,4,2,0,-1,0,0,-1,2021,40.0,1,1,0,2,1,18,1,,4,AVENUE DE SAINT MAURICE,0,,2,2,0,1,(1),(1),2,, -1,1,0,1,50,21,6,2021,12:40,1,75,75112,2,4,0,3,AVENUE DE SAINT MAURICE,48.828698,2.419445,12,2,2
202100052487,107Â 902,A01,10,3,2,5,8,-1,-1,1,1,1,2021,25.0,1,2,0,1,2,1,1,,3,33,0,A,2,2,0,1,2,50,1,, -1,2,0,1,50,3,2,2021,08:00,2,58,58261,2,1,1,6,Gue Botron,47.403287,2.949765,8,2,1
202100029477,149Â 098,A01,1,1,2,5,1,-1,-1,0,0,-1,2021,37.0,1,2,2,0,1,1,1,,3,44,-1,,2,1,0,1,26,200,1,, -1,1,0,3,80,11,7,2021,21:40,3,71,71001,1,1,0,6,Route de Tournus,46.5773519002,4.9571943279,21,1,1
202100049035,114Â 107,A01,1,1,1,5,2,6,-1,-1, -1,-1,2021,33.0,1,1,0,0,9,26,1,,2,RN 104,0,,1,2,0,1,46,299,1,, -1,1,9,1,110,6,3,2021,01:55,3,91,91570,1,1,0,7,RN 104,48.625347,2.311012,1,1,1
202100015696,173Â 611,A01,2,2,1,1,1,5,-1,0,0,-1,2021,21.0,3,2,15,0,1,26,1,,3,403,0,,2,2,0,1,17,316,1,, -1,1,0,3,90,28,9,2021,05:30,3,77,77102,1,1,0,6,D403,48.232969,2.63515,5,2,1
202100046805,118Â 111,B01,1,1,2,5,8,0,-1,-1, -1,-1,2021,47.0,1,1,0,2,0,0,0,,4,PINSONS (RUE),0,,2,2,0,1,1,0,1,, -1,1,0,1,50,24,3,2021,12:50,1,93,93050,2,3,0,3,PINSONS (RUE),48.87158,2.53131,12,2,2
202100032844,143Â 062,B01,1,1,2,0,8,0,-1,-1, -1,-1,2021,15.0,1,1,0,2,1,1,5,,4,ST PIERRE (BOULEVARD),0,,1,2,1,1,1,0,1,, -1,1,0,5,30,16,6,2021,17:59,1,68,68066,2,3,0,3,ST PIERRE (BOULEVARD),48.07265,7.35718,17,3,2
202100038965,131Â 989,B01,1,1,1,4,1,8,-1,0,0,-1,2021,42.0,1,2,0,2,4,2,1,,4,QUAI PANHARD ET LEVASSOR,0,,2,4,0,1,(1),(1),1,, -1,1,0,1,50,21,5,2021,10:29,1,75,75113,2,1,0,2,QUAI PANHARD ET LEVASSOR,48.831882,2.380189,10,2,2
202100038711,132Â 440,B01,1,1,1,5,2,-1,-1,0,0,-1,2021,52.0,0,1,0,0,4,2,0,,7,51,0,,2,2,0,1,22,100,1,, -1,1,0,1,80,23,5,2021,10:30,1,69,69163,1,2,0,2,GRAND VEISSIEUX (DU) (RTE),45.920961,4.755718,10,2,2
202100011118,181Â 861,A01,2,2,1,0,1,5,-1,-1, -1,-1,2021,26.0,3,2,0,2,7,1,1,,4,CARRIERES (R DES),0,,2,2,0,2,1,0,1,, -1,1,0,1,50,24,10,2021,23:25,5,94,94081,2,2,0,3,Rue des CarriÃ¨res,48.79918,2.39165,23,3,2
202100006855,189Â 527,C01,7,2,2,5,1,-1,-1,0,0,-1,2021,56.0,2,2,0,2,3,1,1,,3,926,-1,,2,2,0,1,17,385,1,, -1,2,0,1,90,21,11,2021,17:45,3,61,61008,1,1,0,5,D926,48.730174,0.545948,17,5,3
202100044045,122Â 946,A01,1,1,1,9,2,0,-1,0,0,-1,2021,31.0,1,1,0,2,1,18,1,,4,RUE ROUVET,0,,1,1,0,1,(1),(1),1,, -1,1,0,1,30,14,4,2021,08:45,1,75,75119,2,1,0,3,RUE ROUVET,48.893736,2.384116,8,3,2
202100003916,194Â 755,A01,2,2,1,1,1,-1,-1,0,0,-1,2021,46.0,1,2,4,0,1,17,1,,1,6,-1,,3,4,0,1,145,200,1,, -1,1,8,1,90,9,12,2021,23:45,3,89,89167,1,1,0,6,A6 PK 145 + 200 sens 1,47.879716,3.444491,23,3,2
202100039543,130Â 909,B01,1,1,1,1,1,-1,-1,-1,0,-1,2021,33.0,2,2,0,9,4,2,1,,2,RN 184,0,,3,7,0,1,10,899,1,, -1,2,0,1,90,17,5,2021,16:15,1,95,95256,1,1,1,2,RN 184,49.0564700818,2.2051639824,16,2,2
202100040544,129Â 140,B01,1,1,1,1,1,-1,-1,0,0,-1,2021,29.0,1,2,0,2,4,2,1,,2,12,0,,3,4,0,1,44,500,1,, -1,1,2,1,110,11,5,2021,08:45,1,29,29010,1,1,0,2,RN 12  PK 044.500,48.506227,-4.124379,8,2,2
202100009738,184Â 297,A01,1,1,2,5,1,0,-1,-1, -1,-1,2021,79.0,2,2,13,0,1,14,1,,3,LIMOGES (AVENUE DE),0,,2,2,0,2,0,0,2,, -1,2,0,1,70,1,11,2021,09:57,1,87,87050,1,1,1,6,LIMOGES (AVENUE DE),45.89892,1.24016,9,1,1
202100013202,178Â 138,B01,1,1,2,9,1,-1,-1,-1, -1,-1,2021,43.0,3,2,0,2,4,2,1,,4,VIENNE (DE)                         (RO),0,,2,2,0,1,(1),(1),1,, -1,1,0,1,50,18,6,2021,14:25,1,69,69259,2,2,0,2,VIENNE (DE) (RTE),45.719359242,4.8544791341,14,2,2
202100027509,152Â 555,B01,1,1,1,0,8,0,-1,-1, -1,-1,2021,21.0,3,0,0,2,9,1,3,,4,C.De GAULLE (Rocade),0,,2,4,0,1,0,9,1,, -1,1,0,1,70,21,7,2021,23:40,5,84,84007,2,1,0,2,C.De GAULLE (Rocade),43.9288,4.80259,23,2,2
202100024327,158Â 186,A01,10,3,1,0,0,-1,-1,2,3,1,2021,71.0,0,2,0,1,1,9,1,,3,STALINGRAD (RUE DE) A10,0,,1,-1,0,1,0,1,1,, -1,1,0,1,50,13,8,2021,19:00,1,93,93008,2,7,0,2,STALINGRAD (RUE DE) A10,48.91322,2.43589,19,3,2
202100056185,101Â 461,B01,1,1,2,2,2,0,-1,-1, -1,-1,2021,13.0,2,1,0,2,8,19,5,,3,GENERAL LECLERC (AV DU),0,,1,2,0,1,0,0,1,, -1,2,6,8,50,5,1,2021,08:40,2,94,94046,2,1,0,3,GENERAL LECLERC (AV DU),48.809983,2.433749,8,2,2
202100049067,114Â 052,B01,1,1,2,0,1,-1,-1,0,0,-1,2021,74.0,0,2,0,2,1,1,1,,4,EDOUARD BRANLY (RUE),0,,2,2,0,1,(1),(1),1,, -1,1,0,1,50,27,2,2021,17:24,1,80,80164,2,1,0,3,EDOUARD BRANLY (RUE),49.89814,2.35457,17,2,2
202100012359,179Â 625,A01,1,1,2,0,1,0,-1,-1, -1,-1,2021,73.0,1,2,3,2,1,23,2,,1,A13Y,0,,1,3,0,1,38,99,1,, -1,2,0,1,130,18,10,2021,22:40,3,78,78029,1,1,0,1,A13Y,48.966697,1.853108,22,2,2
202100052560,107Â 772,A01,1,1,1,1,2,6,-1,-1, -1,-1,2021,63.0,1,1,0,2,7,1,1,,4,VOLTAIRE,0,,1,1,0,2,0,0,1,, -1,1,0,1,50,4,2,2021,14:05,1,11,11069,2,3,0,3,VOLTAIRE,43.2111,2.3496,14,2,2
202100010512,182Â 934,A01,10,3,1,5,0,-1,-1,3,3,1,2021,84.0,1,5,0,1,2,16,1,,4,VICTOR HUGO (BOULEVARD),0,,1,2,0,1,(1),(1),3,, -1,1,0,8,50,28,10,2021,11:45,1,62,62193,2,6,1,6,SAINT OMER (ROUTE DE),50.93988,1.878311,11,2,1
202100026169,154Â 921,B01,1,1,1,0,2,0,-1,-1, -1,-1,2021,57.0,1,1,0,2,3,1,1,,3,920,0,,2,4,0,1,0,0,1,, -1,1,0,1,50,31,7,2021,18:16,1,92,92002,2,1,0,3,RAYMON ARON (AVENUE),48.76759,2.31064,18,2,2
202100043423,124Â 044,B01,1,1,1,0,1,-1,-1,0,0,-1,2021,57.0,0,2,0,2,4,1,1,,3,RD 934,0,,2,2,0,1,(1),(1),1,, -1,1,0,1,80,17,4,2021,19:25,1,80,80131,1,1,0,4,RD 934,49.84299,2.42651,19,3,3
202100022779,160Â 884,A01,1,1,1,9,2,0,-1,-1, -1,-1,2021,36.0,3,1,0,2,8,17,1,,4,doujani-MosquÃ©e de doujani ( rue de la ),0,,2,2,0,1,0,0,1,, -1,1,0,1,30,23,8,2021,09:15,1,976,97611,1,9,0,3,doujani-MosquÃ©e de doujani ( rue de la ),-12.79437,45.21138,9,2,2
202100050813,110Â 853,A01,1,1,1,5,2,6,-1,0,0,-1,2021,39.0,1,1,0,0,0,1,1,,3,22,0,D,2,2,0,1,2,600,2,, -1,1,0,1,80,20,2,2021,13:00,1,72,72127,1,1,0,3,Lieu Dit la Pinsonniere,47.971795,0.066406,13,2,2
202100050033,112Â 309,B01,1,1,1,5,2,-1,-1,0,0,-1,2021,15.0,2,1,0,2,8,17,1,,3,DIEULEFIT(Route de),0,,2,2,0,1,3,430,1,, -1,1,0,1,50,26,2,2021,18:10,1,26,26198,2,1,0,3,65 Route de Dieulefit,44.5519,4.76698,18,2,2
202100029261,149Â 457,A01,2,2,2,5,0,0,-1,0,0,-1,2021,21.0,1,5,2,0,1,13,1,,4,RUE JULES GARNIER,0,,3,2,0,1,0,0,3,, -1,1,0,1,50,9,7,2021,23:25,5,988,98818,2,3,0,6,RUE JULES GARNIER/RUE PADDON,-22.28963,166.44161,23,4,1
202100005884,191Â 272,A01,1,1,1,4,2,0,-1,-1, -1,-1,2021,29.0,2,1,0,2,2,1,1,,3,AV FRANCOIS MITTERRAND,0,,2,4,0,1,(1),(1),1,, -1,2,5,1,50,27,11,2021,12:35,1,91,91027,2,3,0,2,AV FRANCOIS MITTERRAND,48.7,2.371,12,2,2
202100019259,167Â 206,A01,1,1,1,5,0,-1,-1,0,0,-1,2021,75.0,3,2,6,0,1,1,1,,4,,-1,,2,1,0,1,(1),(1),1,,3,1,5,8,50,11,9,2021,09:25,1,29,29155,2,3,0,6,Porsguen,48.452626,-5.083341,9,1,1
202100011216,181Â 683,B01,1,1,2,1,8,0,-1,-1, -1,-1,2021,28.0,1,1,0,2,1,1,3,,4,BEAUHAIRE (RUE CHARLES),0,,3,2,0,1,(1),(1),1,, -1,1,0,1,50,24,10,2021,10:08,1,45,45285,2,1,0,3,17 Rue Charles Beauhaire,47.90995,1.88152,10,2,2
202100011113,181Â 867,A01,1,1,1,4,8,8,-1,0,0,-1,2021,25.0,1,2,0,2,3,22,1,,4,RUE LOUIS BLANC,0,,1,1,0,1,(1),(1),1,, -1,2,0,1,30,25,10,2021,10:06,1,75,75110,2,1,0,2,RUE LOUIS BLANC,48.880746,2.365823,10,2,2
202100001509,199Â 096,A01,10,3,2,3,0,-1,-1,4,3,1,2021,59.0,1,5,0,1,1,9,1,,3,LEON BLUM CITE,0,,1,1,0,1,1,0,1,, -1,1,0,1,50,24,12,2021,15:30,1,93,93046,2,1,0,1,LEON BLUM CITE,48.909886,2.528898,15,2,1
202100011454,181Â 244,B01,1,1,1,5,2,6,-1,0,0,-1,2021,39.0,2,1,0,2,8,1,1,,3,164,0,D,2,2,0,1,8,45,1,, -1,1,0,1,80,24,10,2021,15:45,1,80,80288,1,2,0,3,rue de chaulnes,49.869193,2.816845,15,2,2
202100029538,148Â 994,B01,1,1,1,5,0,-1,-1,0,0,-1,2021,11.0,1,1,6,2,4,0,6,,4,,-1,,2,2,0,1,(1),(1),1,,5,1,0,1,50,11,7,2021,20:00,1,72,72154,2,9,0,2,20 Rue de l ArthuisiÃ¨re,47.714924,-0.059845,20,2,2
202100015246,174Â 455,A01,10,3,2,9,0,-1,-1,9,B,1,2021,13.0,3,2,0,1,2,1,0,,3,406,0,,2,2,0,1,0,0,1,, -1,1,0,8,30,4,10,2021,16:35,1,92,92048,2,7,0,6,REPUBLIQUE (RUE DE LA) NÂ° 1 A 45,48.8114,2.23696,16,2,1
202100021261,163Â 655,B01,1,1,1,0,8,-1,-1,-1, -1,-1,2021,58.0,1,1,0,2,2,9,5,,4,GROSLAY (BD DE DU NÂ°25 AU 43),0,,2,2,0,4,(1),(1),1,, -1,1,5,1,50,1,9,2021,10:45,1,35,35115,2,6,0,3,GROSLAY (BD DE DU NÂ°25 AU 43),48.35261,-1.18617,10,2,2
202100039911,130Â 248,B01,1,1,1,1,1,-1,-1,-1, -1,-1,2021,36.0,1,2,0,2,3,2,1,,4,FONTANIERES (DES)                   (R ),0,,2,2,0,3,(1),(1),1,, -1,2,0,1,30,11,5,2021,20:15,5,69,69142,2,1,0,1,FONTANIERES (DES) (CHM),45.74101,4.80868,20,2,2
202100040208,129Â 727,B01,1,1,2,9,0,-1,-1,-1, -1,-1,2021,41.0,1,5,0,2,4,0,6,,4,MARSEILLE (ROUTE DE ),0,,2,2,0,1,0,0,1,, -1,1,0,1,30,12,5,2021,13:10,1,13,13001,2,1,0,2,MARSEILLE (ROUTE DE ),43.4770346323,5.4141676845,13,2,2
202100051315,109Â 946,B01,2,2,1,9,1,0,-1,0,0,-1,2021,38.0,3,2,0,2,4,2,1,,4,BOULEVARD PERIPHERIQUE EXTERIEUR NORD  ,0,,1,2,0,2,(1),(1),1,, -1,2,0,1,70,16,2,2021,20:50,5,75,75119,2,4,0,4,BOULEVARD PERIPHERIQUE EXTERIEUR NORD  ,48.899734,2.392334,20,10,4
202100021694,162Â 857,A01,7,2,1,5,1,-1,-1,0,0,-1,2021,16.0,1,2,0,2,1,5,1,,3,232,0,,2,2,0,1,5,200,2,, -1,1,0,1,80,1,9,2021,01:35,3,202,202224,1,1,0,1,lieu-dit LORO,42.841775,9.454064,1,5,2
202100034634,139Â 808,A01,1,1,2,5,2,6,-1,0,0,-1,2021,56.0,1,1,15,9,1,14,1,,3,101,0,D,2,2,0,1,15,200,2,,6,1,0,3,80,13,6,2021,12:20,1,11,11194,1,1,0,6,D 101,43.327902,2.383459,12,1,1
202100032500,143Â 672,A01,2,2,2,3,1,0,-1,-1, -1,-1,2021,37.0,3,2,0,0,3,19,1,,7,GAFFAREL (RUE),0,,1,1,0,2,1,0,2,, -1,1,0,1,50,24,6,2021,12:40,1,13,13215,2,4,1,3,GAFFAREL (RUE),43.34937,5.3596,12,3,2
202100045653,120Â 135,A01,10,3,1,9,-1,0,-1,1,3,1,2021,18.0,1,2,0,1,3,16,1,,4,LISBONNE (RUE DE),0,,2,2,0,1,1,0,1,, -1,1,0,8,50,1,4,2021,22:30,5,93,93064,2,6,0,6,LISBONNE (RUE DE),48.8824,2.4689,22,2,1
202100039932,130Â 207,B01,1,1,1,5,2,0,-1,-1, -1,-1,2021,29.0,1,1,0,2,9,2,1,,4,MONTGOLFIER (R ),0,,2,2,0,1,(1),(1),1,, -1,1,0,1,50,27,4,2021,17:30,1,62,62510,2,3,0,3,MONTGOLFIER (R ),50.42978,2.78507,17,2,2
202100039199,131Â 557,B01,1,1,1,5,1,-1,-1,0,0,-1,2021,72.0,2,2,0,2,1,1,1,,1,62,-1,,3,4,0,1,19,560,1,, -1,1,0,1,130,19,5,2021,19:26,1,33,33552,1,1,0,1,,44.632556,-0.413953,19,2,2
202100018384,168Â 763,A01,1,1,2,0,1,8,-1,-1, -1,-1,2021,28.0,1,2,0,2,8,1,1,,4,VERRIERS (ALLEE DES),0,,2,2,0,1,0,0,1,, -1,2,0,1,50,16,9,2021,08:00,1,13,13005,2,2,0,3,VERRIERS (ALLEE DES),43.29544,5.56971,8,2,2
202100050612,111Â 222,A01,1,1,1,1,2,6,-1,0,0,-1,2021,36.0,2,1,0,2,3,11,1,,3,30,-1,,2,2,0,1,28,700,1,, -1,1,0,1,50,23,2,2021,13:54,1,8,8133,2,1,0,3,3 Rue de Rethel,49.508403,4.456259,13,2,2
202100032211,144Â 185,A01,1,1,1,9,2,6,-1,0,0,-1,2021,52.0,3,1,0,0,0,26,1,,4,,-1,,2,2,0,2,(1),(1),3,,4,1,2,1,45,24,6,2021,17:50,1,13,13041,1,1,0,7,Chemin du Moulin du Fort,43.460576,5.456436,17,1,1
202100052141,108Â 509,A01,1,1,1,4,2,8,-1,0,0,-1,2021,31.0,3,1,0,0,3,21,1,,4,RUE CARDINET,0,,-1,2,0,1,(1),(1),1,, -1,2,0,1,50,8,2,2021,13:20,1,75,75117,2,1,0,7,RUE CARDINET,48.888316,2.315374,13,1,1
202100017964,169Â 515,A01,1,1,1,5,1,0,-1,-1, -1,-1,2021,21.0,1,2,0,2,1,0,1,,1,AUTOROUTE A21,0,,-1,4,0,1,8,486,1,, -1,1,0,1,130,17,9,2021,17:55,1,62,62528,1,1,0,5,AUTOROUTE A21,50.451916,2.814329,17,3,3
202100052253,108Â 305,A01,2,2,1,5,1,4,-1,-1, -1,-1,2021,28.0,2,5,0,0,2,2,1,,1,A86 EXT,0,,3,3,0,1,46,200,3,, -1,2,1,1,70,6,2,2021,20:30,5,94,94073,1,1,1,3,A86 EXT,48.7609888888,2.3826099002,20,3,2
202100048905,114Â 342,B01,1,1,1,1,0,-1,-1,0,0,-1,2021,26.0,1,1,0,2,4,0,3,,3,906,0,,2,2,0,1,81,730,1,, -1,1,0,1,80,8,3,2021,05:30,3,71,71583,2,1,0,2,Terre Cardon,46.260528,4.792209,5,2,2