Num_Acc,id_vehicule,num_veh,place,catu,sexe,trajet,secu1,secu2,secu3,locp,actp,etatp,year_acc,victim_age,senc,catv,obs,obsm,choc,manv,motor,occutc,catr,voie,v1,v2,circ,nbv,vosp,prof,pr,pr1,plan,lartpc,larrout,surf,infra,situ,vma,jour,mois,an,hrmn,lum,dep,com,agg_,int,atm,col,adr,lat,long,hour,nb_victim,nb_vehicules
202100038365,133Â 060,A01,1,1,2,1,1,8,-1,-1, -1,-1,2021,33.0,3,2,0,2,1,2,1,,4,DEVILDE (RUE),0,,2,2,0,2,(1),(1),1,, -1,1,0,1,50,25,5,2021,07:30,1,37,37261,2,1,0,2,DEVILDE (RUE),47.4051196643,0.6932203212,7,2,2
202100019165,167Â 371,A01,10,3,2,0,0,-1,-1,3,3,1,2021,29.0,1,2,0,1,1,9,1,,7,BLUM (AVENUE LEON),0,,2,2,0,1,(1),(1),1,, -1,1,0,1,50,9,9,2021,18:45,2,63,63113,2,1,0,6,BLUM (AVENUE LEON),45.75912,3.10143,18,2,1
202100054894,103Â 688,A01,10,3,2,1,0,-1,-1,3,3,1,2021,46.0,0,2,0,1,2,15,1,,4,REPUBLIQUE (RUE DE LA),0,,2,2,0,4,(1),(1),1,, -1,2,5,1,50,13,1,2021,19:00,5,50,50173,2,3,1,6,REPUBLIQUE (RUE DE LA),49.64637,-1.64955,19,2,1
202100013104,178Â 320,A01,1,1,1,1,2,6,-1,0,0,-1,2021,26.0,1,1,0,2,7,3,1,,4,BOULEVARD PERIPHERIQUE INTERIEUR OUEST,0,,1,4,0,1,12,400,1,, -1,1,0,1,70,15,10,2021,08:00,1,75,75116,2,1,0,3,BOULEVARD PERIPHERIQUE INTERIEUR OUEST,48.849763,2.252406,8,2,2
202100033299,142Â 248,A01,10,3,1,0,0,-1,-1,4,3,1,2021,27.0,2,1,0,1,1,1,1,,4,BAILLE (BOULEVARD),0,,2,4,0,1,0,0,1,, -1,1,0,1,50,14,6,2021,17:00,1,13,13206,2,1,0,1,BAILLE (BOULEVARD),43.28616,5.38433,17,2,1
202100040295,129Â 573,A01,10,3,2,5,8,8,-1,3,3,1,2021,48.0,2,1,0,1,1,17,1,,3,PERI (RUE GABRIEL),0,,2,2,0,1,0,894,1,, -1,1,0,1,50,16,4,2021,11:00,1,78,78545,2,4,0,6,PERI (RUE GABRIEL),48.802954,2.059738,11,2,1
202100010205,183Â 464,A01,1,1,1,5,2,6,-1,0,0,-1,2021,17.0,3,1,0,2,1,2,1,,4,VC,0,B,2,2,0,1,46,4,3,, -1,1,0,1,50,31,10,2021,16:00,1,71,71388,2,1,0,3,le bourg,46.4970998468,4.2107949434,16,3,2
202100020758,164Â 529,B01,1,1,1,5,2,6,-1,0,0,-1,2021,65.0,3,1,0,2,8,1,1,,4,,-1,,2,2,0,1,(1),(1),3,,4,1,0,1,80,4,9,2021,12:30,1,89,89209,1,3,0,3,Route du Marchais des Pres,48.160342,2.974353,12,3,2
202100030301,147Â 604,A01,1,1,1,5,1,-1,-1,0,0,-1,2021,21.0,1,2,6,2,2,17,1,,3,611,-1,,2,2,0,1,8,554,1,, -1,1,0,1,80,8,7,2021,12:30,1,54,54208,1,3,0,3,D611,48.7342749334,5.9371930369,12,2,2
202100041497,127Â 432,A01,1,1,1,5,8,0,-1,-1, -1,-1,2021,71.0,1,1,12,0,1,16,5,,4,,0,,3,4,3,1,(1),(1),1,, -1,1,0,6,50,3,5,2021,08:45,1,69,69386,2,1,0,7,LAFAYETTE (CR),45.7637308357,4.8651060462,8,1,1
202100034829,139Â 455,A01,1,1,2,5,1,-1,-1,0,0,-1,2021,60.0,3,2,2,0,8,1,1,,4,,-1,,2,2,0,1,(1),(1),3,,4,1,0,3,80,13,6,2021,07:20,1,79,79195,1,1,0,6,Les Petites Touches,46.924242,-0.554756,7,1,1
202100034493,140Â 073,B01,1,1,1,1,2,6,-1,0,0,-1,2021,60.0,2,1,0,2,2,1,1,,3,,0,,2,2,0,1,(1),(1),1,,4,1,0,1,50,15,6,2021,07:50,1,50,50639,1,3,0,3,Route de la Foulerie,48.850389,-1.220636,7,2,2
202100039539,130Â 916,A01,10,3,1,5,0,-1,-1,6,1,2,2021,41.0,2,4,0,2,1,1,1,,2,RN 104,0,,3,3,0,1,27,79,1,, -1,1,0,1,110,18,5,2021,10:45,1,77,77251,1,1,0,6,RN 104,48.6441011246,2.5385085826,10,2,1
202100003542,195Â 413,A01,10,3,2,2,0,-1,-1,3,3,2,2021,17.0,1,2,0,1,1,1,1,,4,DE LA GARE(RUE),0,,2,2,0,1,0,0,1,, -1,1,0,1,50,9,12,2021,06:20,1,974,97409,2,1,0,1,DE LA GARE(RUE),-20.95894,55.6526,6,4,1
202100007118,189Â 044,A01,10,3,1,5,0,-1,-1,9,9,2,2021,22.0,2,1,0,1,0,0,1,,4,RUE SAINTE- CATHERINE,0,,-1,1,0,1,(1),(1),1,, -1,1,6,8,10,19,11,2021,00:50,5,33,33063,2,2,0,6,Rue Sainte-Catherine,44.83234,-0.57298,0,2,1
202100051867,108Â 991,A01,2,2,2,5,1,0,-1,-1, -1,-1,2021,90.0,2,2,5,0,3,9,1,,1,A51,0,,1,3,0,1,17,500,1,, -1,1,3,1,90,11,2,2021,09:40,1,13,13001,1,1,0,6,A51-Sens Aix en Provence vers Marseille,43.52342,5.4266,9,2,1
202100045232,120Â 872,A01,1,1,2,3,1,0,-1,0,0,-1,2021,67.0,2,2,0,2,1,1,1,,3,TOURGEVILLE (ROUTE DE),0,,2,2,0,2,0,0,3,, -1,1,0,1,80,2,4,2021,14:15,1,14,14079,1,1,0,2,D20,49.324206,0.03549,14,2,2
202100026203,154Â 858,A01,1,1,2,0,2,-1,-1,0,0,-1,2021,51.0,1,1,0,2,3,16,1,,3,13,0,,2,2,0,1,34,50,3,, -1,1,0,1,-1,30,7,2021,10:15,1,83,83032,1,1,0,1,Route du Lac,43.4705672552,6.1976394037,10,2,2
202100053271,106Â 514,B01,1,1,1,4,8,0,-1,-1, -1,-1,2021,44.0,1,1,0,2,1,1,1,,3,SALENGRO (AVENUE ROGER),0,,-1,2,2,1,0,0,1,, -1,1,0,5,50,29,1,2021,12:57,1,92,92022,2,1,0,3,SALENGRO (AVENUE ROGER),48.8052303043,2.1829875559,12,2,2
202100024946,157Â 071,A01,2,2,2,5,1,-1,-1,0,0,-1,2021,54.0,2,2,0,2,3,1,1,,2,7,-1,,2,3,0,1,78,790,2,, -1,1,0,1,-1,9,8,2021,22:10,5,26,26106,2,1,0,3,11 Route Nationale 7,44.650872,4.782931,22,3,2
202100025045,156Â 889,B01,2,2,1,0,1,5,-1,0,0,-1,2021,67.0,2,2,0,2,2,1,2,,3,923,0,D,2,2,0,1,20,100,1,, -1,2,0,1,80,7,8,2021,13:20,1,44,44096,1,1,1,1,D923,47.429611,-1.186244,13,3,2
202100054777,103Â 879,A01,1,1,2,5,1,0,-1,0,0,-1,2021,86.0,2,2,11,0,3,13,1,,4,AVENUE GEORGE V,0,,2,3,0,1,(1),(1),1,, -1,1,8,1,50,16,1,2021,07:18,5,75,75108,2,2,0,6,AVENUE GEORGE V,48.8683894136,2.3011261225,7,1,1
202100045317,120Â 729,A01,10,3,1,9,0,-1,-1,1,1,1,2021,26.0,1,2,0,1,3,1,1,,2,1,-1,,1,4,0,1,52,800,1,, -1,1,3,1,90,3,4,2021,20:30,5,971,97103,2,9,0,6,La Jaille,16.252207,-61.583675,20,2,1
202100012051,180Â 170,A01,1,1,2,5,2,6,-1,0,0,-1,2021,46.0,1,1,0,0,0,18,1,,4,PLACE DU GENERAL BROCARD,0,,1,2,0,1,(1),(1),1,, -1,1,0,1,30,20,10,2021,17:00,1,75,75108,2,7,0,7,PLACE DU GENERAL BROCARD,48.8781,2.305404,17,1,1
202100034333,140Â 364,B01,2,2,1,9,1,0,-1,-1, -1,-1,2021,28.0,3,1,0,2,2,0,0,,3,VERDUN 1916 ( AVENUE DE ),0,,2,4,1,1,0,0,1,, -1,1,0,1,50,14,6,2021,17:35,1,92,92026,2,1,0,3,Boulevard Saint-Denis,48.8979661151,2.2635537386,17,3,2
202100040268,129Â 627,A01,1,1,2,1,1,-1,-1,0,0,-1,2021,31.0,0,2,0,0,8,15,1,,3,36,-1,,2,2,0,2,(1),(1),1,, -1,1,9,1,50,12,5,2021,16:45,1,50,50029,2,1,0,3,Mont Eglise,48.600644,-0.832642,16,2,2
202100018755,168Â 117,B01,2,2,1,0,1,0,-1,0,0,-1,2021,16.0,2,2,0,2,1,1,1,,7,CHARMES (CAR DES),0,,2,2,0,1,(1),(1),1,, -1,2,0,1,50,15,9,2021,08:09,1,63,63164,2,1,0,1,CHARMES (CAR DES),45.81598,3.15242,8,3,2
202100046269,119Â 069,A01,3,2,1,5,8,-1,-1,0,0,-1,2021,49.0,3,2,13,0,1,1,2,,4,,0,,2,2,0,1,(1),(1),3,, -1,1,0,3,80,28,3,2021,17:00,1,33,33423,1,1,0,7,Allee Ronald Barton,45.154954,-0.745102,17,3,1
202100055949,101Â 878,A01,1,1,1,9,1,0,-1,-1, -1,-1,2021,42.0,3,2,2,0,1,1,1,,4,Avenue de CondÃ©,0,,1,1,0,3,1,0,1,, -1,2,8,4,50,7,1,2021,19:46,5,94,94068,2,1,1,6,Avenue de CondÃ©,48.81103,2.47839,19,2,1
202100009108,185Â 427,A01,1,1,1,0,1,-1,-1,0,0,-1,2021,55.0,1,5,0,0,1,9,1,,2,RN 814,0,,1,4,0,2,1,0,3,, -1,1,3,3,110,6,11,2021,09:15,1,14,14101,1,1,0,7,N814,49.1849,-0.4256,9,1,1
202100017972,169Â 500,A01,1,1,1,0,2,4,-1,-1, -1,-1,2021,24.0,2,1,0,0,0,1,1,,1,AUTOROUTE A86,0,,1,3,0,1,17,500,1,, -1,4,0,1,90,20,9,2021,03:50,3,93,93027,1,1,1,7,AUTOROUTE A86,48.9263982344,2.4028344808,3,1,1
202100031186,145Â 990,B01,1,1,1,0,2,0,-1,0,0,-1,2021,14.0,2,1,0,2,1,17,1,,4,CHARLES AUROUZE ( RUE ),0,,2,2,0,1,0,1,1,, -1,1,0,1,50,1,7,2021,15:56,1,5,5061,2,1,0,3,CHARLES AUROUZE ( RUE ),44.5655398408,6.0792992659,15,2,2
202100045213,120Â 913,B01,1,1,2,1,2,6,-1,-1, -1,-1,2021,29.0,2,1,0,2,6,18,1,,4,MARECHAL FOCH (DU)                  (AV),0,,2,2,2,1,(1),(1),1,, -1,1,0,1,50,1,4,2021,08:50,1,69,69202,2,1,0,3,MARECHAL FOCH (DU) (AV),45.74914,4.79645,8,2,2
202100035833,137Â 652,B01,1,1,1,1,2,6,-1,0,0,-1,2021,54.0,2,1,0,2,7,16,1,,3,8,0,N,2,3,0,1,12,730,2,, -1,1,0,1,50,9,6,2021,10:35,1,83,83016,2,6,0,3,Rond Point Georges Pompidou,43.19566,5.806441,10,2,2
202100054999,103Â 501,C01,1,1,1,2,1,0,-1,-1,0,-1,2021,20.0,2,2,0,2,1,2,1,,1,15,0,,3,6,0,1,10,600,1,, -1,1,0,1,110,12,1,2021,08:50,2,95,95252,1,9,0,5, A15,48.9766591204,2.2348937913,8,3,3
202100022792,160Â 863,B01,2,2,2,0,8,0,-1,-1, -1,-1,2021,24.0,1,1,0,2,1,1,1,,3,GARE (ROUTE),0,,2,2,0,1,5,60,1,, -1,1,0,1,50,21,8,2021,21:10,5,83,83123,2,1,0,3,GARE (ROUTE),43.11922,5.81204,21,6,2
202100035535,138Â 190,A01,1,1,1,1,2,0,-1,0,0,-1,2021,32.0,2,1,0,2,2,14,1,,4,BOULEVARD ORNANO,0,,2,4,3,1,(1),(1),1,, -1,1,0,6,50,9,6,2021,19:25,1,75,75118,2,2,0,3,BOULEVARD ORNANO,48.894603,2.347191,19,2,2
202100025416,156Â 227,A01,1,1,1,1,8,0,-1,-1, -1,-1,2021,34.0,3,2,0,2,1,26,1,,4,HEDER (place),0,,-1,2,0,1,(1),(1),1,, -1,1,0,1,50,4,8,2021,06:55,1,973,97302,2,2,0,3,HEDER (place),4.9409589419,-52.3336304426,6,2,2
202100002813,196Â 741,A01,10,3,1,0,0,-1,-1,9,3,1,2021,10.0,-1,2,0,1,1,1,1,,3,FOCH (BOULEVARD),0,,2,2,0,1,0,1,1,, -1,1,0,1,50,15,12,2021,19:15,5,93,93031,2,1,0,6,FOCH (BOULEVARD),48.94919,2.32986,19,2,1
202100009739,184Â 294,B01,2,2,2,5,1,0,-1,-1, -1,-1,2021,39.0,2,2,0,2,4,2,1,,4,BEAUBLANC (BOULEVARD DE),0,,3,4,0,1,0,0,1,, -1,1,0,1,50,30,10,2021,18:14,1,87,87085,2,1,0,4,BEAUBLANC (BOULEVARD DE),45.84536,1.24189,18,4,3
202100035734,137Â 838,B01,1,1,1,1,2,8,-1,-1, -1,-1,2021,21.0,2,1,0,2,2,3,1,,4,CAMOINS ((RUE LES),0,,2,2,0,1,0,0,1,, -1,1,0,1,50,7,6,2021,13:30,1,13,13211,2,1,0,3,CAMOINS ((RUE LES),43.2984041123,5.4988671658,13,2,2
202100026316,154Â 651,A01,10,3,2,5,0,-1,-1,3,3,1,2021,75.0,3,2,0,1,3,15,1,,4,CARNOT ( QUAI),0,,1,1,1,1,(1),(1),2,, -1,1,0,1,30,30,7,2021,11:00,1,29,29039,2,3,0,6,Quai Carnot,47.87594,-3.91429,11,2,1
202100017149,170Â 986,B01,1,1,2,0,8,0,-1,-1, -1,-1,2021,21.0,1,0,0,2,3,15,0,,3,77,0,,2,0,1,1,0,0,1,, -1,1,0,1,50,25,9,2021,11:30,1,92,92007,2,9,0,3,HUGO (AVENUE VICTOR),48.8036542087,2.3200848019,11,2,2
202100043802,123Â 388,B01,1,1,1,9,2,0,-1,-1, -1,-1,2021,36.0,1,1,0,2,1,3,1,,3,R DALAYRAC ,0,,-1,2,0,1,1,0,1,, -1,1,0,1,50,15,4,2021,18:55,1,94,94033,2,1,0,7,Rue Dalayrac,48.848961,2.463201,18,2,2
202100053360,106Â 342,A01,1,1,1,1,2,6,-1,-1, -1,-1,2021,50.0,3,1,0,2,1,1,1,,3,MAXIME GORKI (BOULEVARD) DES NÂ°1 AU 87,0,,2,2,0,1,0,1,1,, -1,2,5,1,50,28,1,2021,20:00,5,93,93072,2,2,1,1,MAXIME GORKI (BOULEVARD) DES NÂ°1 AU 87,48.9523035296,2.3848164082,20,2,2
202100044436,122Â 258,A01,1,1,1,0,1,0,-1,-1, -1,-1,2021,27.0,1,2,3,0,9,11,1,,1,A86 INT,0,,3,3,0,1,42,200,4,, -1,2,2,2,90,11,4,2021,09:20,1,94,94022,1,1,1,3,A86 INT,48.7765536047,2.4191581146,9,2,2
202100017340,170Â 652,A01,1,1,1,1,2,6,-1,0,0,-1,2021,18.0,1,1,0,2,7,17,1,,4,,-1,,2,2,0,1,(1),(1),1,,4,1,0,1,50,24,9,2021,08:00,1,59,59592,2,2,0,3,Rue Pierre Vienot,50.469712,3.069992,8,2,2
202100032330,143Â 968,A01,1,1,1,1,2,0,-1,0,0,-1,2021,20.0,2,1,0,0,0,1,1,,4,QUAI FRANCOIS MITTERRAND,0,,1,4,0,1,(1),(1),1,, -1,2,0,1,50,25,6,2021,22:10,5,75,75101,2,7,1,7,QUAI FRANCOIS MITTERRAND,48.860142,2.33319,22,1,1
202100005252,192Â 398,C01,2,2,1,2,1,-1,-1,0,0,-1,2021,12.0,3,2,0,2,4,1,1,,4,SAINT MAURICE (RUE),0,,2,2,0,1,(1),(1),1,, -1,2,0,1,50,26,11,2021,07:55,5,80,80021,2,1,0,4,SAINT MAURICE (RUE),49.90896,2.28465,7,4,3
202100035885,137Â 542,A01,10,3,2,5,0,-1,-1,5,1,2,2021,3.0,1,1,0,1,4,1,5,,4,ALBERT 1ER,0,,3,4,0,1,0,0,1,, -1,1,0,4,50,5,6,2021,20:38,2,76,76351,2,1,0,6,ALBERT 1ER,49.4970641698,0.0925831497,20,2,1
202100049088,114Â 012,B01,3,2,2,0,1,0,-1,-1, -1,-1,2021,1.0,3,2,0,2,1,0,1,,4,JEAN JAURES RUE,0,,2,2,0,1,1,0,1,, -1,1,0,1,50,5,3,2021,07:59,1,49,49353,2,1,0,3,JEAN JAURES RUE,47.4444630727,-0.5004627101,7,3,2
202100038230,133Â 310,A01,1,1,1,4,8,8,-1,-1, -1,-1,2021,20.0,2,1,0,2,1,26,1,,3,STALINGRAD (AV DE),0,,1,2,0,1,1,0,1,, -1,2,5,1,50,25,5,2021,14:05,1,94,94034,2,1,1,2,STALINGRAD (AV DE),48.762179,2.333151,14,2,2
202100022347,161Â 700,A01,1,1,2,5,1,-1,-1,0,0,-1,2021,58.0,1,2,0,2,3,1,1,,3,309,-1,,2,2,0,1,45,257,3,, -1,1,0,1,90,28,8,2021,17:00,1,72,72169,1,1,1,1,La JouanniÃ¨re,47.957743,0.071089,17,3,2
202100002916,196Â 556,A01,1,1,2,1,1,0,0,-1,0,-1,2021,34.0,2,2,0,2,2,1,1,,4,REPUBLIQUE (RUE DE LA) A PARTIR DE NÂ° 20,0,,2,2,0,1,0,0,1,, -1,1,0,1,50,13,12,2021,13:30,1,61,61006,2,3,0,3,REPUBLIQUE (RUE DE LA) A PARTIR DE NÂ° 20,48.747039,-0.019366,13,2,2
202100043143,124Â 556,A01,10,3,2,1,8,-1,-1,4,3,1,2021,63.0,3,2,0,1,2,26,1,,7,MOULIN (JEAN) (AV),0,,2,2,0,1,14,800,1,, -1,2,9,1,50,27,1,2021,18:40,5,69,69096,2,1,1,6,MOULIN (JEAN) (AV),45.60853,4.79467,18,2,1
202100012555,179Â 275,A01,1,1,1,0,2,6,9,0,0,-1,2021,32.0,2,1,0,2,1,17,1,,3,144,0,D,2,2,0,1,11,500,1,, -1,1,0,1,80,19,10,2021,15:10,1,49,49021,1,3,0,3,Route des Bois d Anjou,47.454646,-0.198524,15,2,2
202100009420,184Â 860,B01,1,1,1,9,2,6,-1,-1, -1,-1,2021,61.0,2,1,0,2,1,1,1,,4,EDOUARD HERRIOT,0,,2,2,0,1,0,0,1,, -1,2,0,1,50,4,11,2021,19:20,5,64,64129,2,1,1,1,5 BIS AVENUE BEZIOU,43.3042614464,-0.3798812628,19,2,2
202100042763,125Â 208,A01,1,1,1,5,2,6,-1,0,0,-1,2021,27.0,1,1,0,2,1,2,1,,3,2020,0,,3,2,0,1,1,85,1,, -1,1,0,1,80,24,4,2021,15:20,1,28,28300,1,3,0,3,2020,48.1660851261,1.9162137492,15,4,2
202100016854,171Â 493,A01,1,1,1,5,2,0,-1,0,0,-1,2021,19.0,2,1,0,2,1,21,1,,4,ANATOLE FRANCE (RUE),0,,2,2,0,1,(1),(1),1,, -1,1,0,1,50,23,9,2021,16:40,1,71,71486,2,3,0,3,ANATOLE FRANCE (RUE),46.6635060776,4.3760370179,16,2,2
202100054012,105Â 204,A01,1,1,1,0,1,0,-1,-1, -1,-1,2021,32.0,1,2,3,0,2,26,1,,2,RN 104,0,,1,1,0,4,34,250,3,, -1,2,0,2,50,23,1,2021,20:15,3,91,91174,1,1,0,6,RN 104,48.6109,2.44353,20,1,1
202100003912,194Â 764,A01,1,1,1,0,2,-1,-1,0,0,-1,2021,16.0,1,1,0,2,1,2,1,,3,63,-1,D,2,2,0,2,0,0,1,, -1,2,0,1,50,10,12,2021,12:00,1,202,202134,2,1,1,2,Route de Monticello,42.631717,8.939524,12,2,2
202100052123,108Â 540,A01,1,1,1,5,8,0,-1,-1, -1,-1,2021,60.0,3,1,0,0,1,0,5,,4,BOIS D'AVAULT,0,,2,2,0,1,1,0,1,, -1,2,0,1,50,7,2,2021,11:14,1,49,49246,2,1,0,7,BOIS D'AVAULT,47.41197,-0.52391,11,1,1
202100024937,157Â 087,A01,1,1,1,5,2,-1,-1,0,0,-1,2021,43.0,0,1,0,2,1,13,1,,3,30,0,D,2,2,0,2,32,995,3,, -1,1,0,1,80,9,8,2021,17:00,1,34,34281,1,1,0,1,D30,43.5277475013,3.5499022901,17,2,2
202100046858,118Â 019,A01,1,1,2,0,1,4,-1,-1, -1,-1,2021,59.0,2,2,0,2,1,2,1,,1,AUTOROUTE A3,0,,3,6,0,1,8,0,1,, -1,1,0,1,90,24,3,2021,14:50,1,93,93010,1,1,0,4,AUTOROUTE A3,48.90625,2.47212,14,3,3
202100029846,148Â 441,A01,10,3,1,9,8,8,-1,2,3,1,2021,31.0,3,5,0,1,2,1,1,,3,ROSNY (RUE DE),0,,2,2,0,1,1,0,1,, -1,1,0,1,50,9,7,2021,15:40,1,93,93048,2,1,0,6,Rue de Rosny,48.86886,2.46175,15,2,1
202100023572,159Â 502,A01,1,1,2,0,1,0,-1,-1, -1,-1,2021,65.0,0,2,1,0,9,0,1,,4,PASTEUR. RUE LOUIS,0,,2,2,0,2,0,0,1,, -1,1,0,1,50,18,8,2021,15:40,1,76,76451,2,1,0,6,PASTEUR. RUE LOUIS,49.45699,1.08132,15,1,1
202100015040,174Â 826,A01,10,3,2,0,0,-1,-1,4,3,1,2021,47.0,1,2,0,1,3,15,1,,4,LEDRU ROLLIN (RUE) DU NÂ°1 A 171 ET 2 A 1,0,,2,2,0,1,(1),(1),1,, -1,2,0,1,50,5,10,2021,15:35,1,51,51454,2,3,1,7,Rue Ledru Rollin,49.24035,4.03292,15,2,1
202100019463,166Â 850,B01,1,1,1,5,2,-1,-1,-1, -1,-1,2021,48.0,2,1,0,2,1,19,1,,4,CHARMETTES (DES)                    (R ),0,,-1,1,0,1,(1),(1),1,, -1,1,0,1,50,11,9,2021,12:20,1,69,69386,2,2,0,3,CHARMETTES (DES) (R),45.76635,4.86719,12,5,2
202100010386,183Â 147,A01,10,3,2,0,0,-1,-1,4,3,1,2021,15.0,2,1,0,1,1,1,3,,4,GENERAL LECLERC (RUE DU) DE (59 ET PLUS),0,,2,2,1,1,0,0,1,, -1,1,5,8,50,28,10,2021,22:40,5,92,92024,2,2,0,6,GENERAL LECLERC (RUE DU) DE (59 ET PLUS),48.9053480213,2.3102394777,22,2,1
202100017071,171Â 112,A01,1,1,2,9,1,0,-1,0,0,-1,2021,28.0,1,2,11,0,3,13,1,,4,BOULEVARD MALESHERBES,0,,2,6,0,1,(1),(1),1,, -1,1,0,1,30,24,9,2021,23:15,5,75,75108,2,3,0,6,BOULEVARD MALESHERBES,48.880103,2.313473,23,1,1
202100007403,188Â 523,A01,2,2,1,5,1,-1,-1,0,0,-1,2021,25.0,2,2,13,0,0,13,1,,2,1,-1,,2,2,0,2,162,800,2,, -1,2,0,3,110,20,11,2021,08:50,1,988,98803,1,1,1,6,Lieu-dit TrazÃ©gnies,-21.58797,165.514591,8,2,1
202100022684,161Â 066,A01,1,1,1,1,2,6,-1,-1, -1,-1,2021,20.0,2,1,0,2,8,9,1,,1,A4,0,,1,4,0,1,12,0,1,, -1,1,0,1,110,25,8,2021,09:00,1,94,94079,1,1,0,2,A4,48.8354458972,2.5387118132,9,2,2
202100022380,161Â 645,B01,2,2,1,5,2,6,-1,0,0,-1,2021,26.0,2,1,0,2,1,1,1,,3,D7,-1,N,2,2,3,1,12,500,1,, -1,1,0,1,80,28,8,2021,10:05,1,13,13076,1,3,0,3,D7n,43.800794,5.005319,10,3,2
202100010366,183Â 179,B01,1,1,1,0,2,6,-1,-1, -1,-1,2021,57.0,2,1,0,0,1,0,1,,3,STALINGRAD (BD DE),0,,2,4,0,1,0,1,1,, -1,1,2,1,50,29,10,2021,11:45,1,94,94073,2,1,0,3,Boulevard de Stalingrad,48.77336,2.39957,11,2,2
202100005506,191Â 952,A01,10,3,2,2,0,-1,-1,2,3,1,2021,12.0,2,2,0,1,3,1,1,,3,LAON (AVENUE) DU NÂ°343 AU 469 ET DU NÂ° 3,0,,2,2,0,1,15,500,1,, -1,1,0,1,50,29,11,2021,17:45,5,51,51454,2,1,0,7,Avenue de Laon,49.2771,4.016217,17,2,1
202100021392,163Â 408,A01,1,1,1,0,2,8,-1,-1, -1,-1,2021,43.0,2,1,0,0,8,26,1,,1,AUTOROUTE A6,0,,1,3,0,1,16,309,1,, -1,1,0,1,110,2,9,2021,10:10,1,91,91216,1,1,0,7,AUTOROUTE A6,48.678682,2.335276,10,1,1
202100012378,179Â 587,B01,2,2,1,9,2,0,-1,-1, -1,-1,2021,27.0,3,1,0,2,1,17,1,,4,CATAYEE (JUSTIN),0,,2,1,0,1,(1),(1),1,, -1,1,0,1,50,18,10,2021,16:47,1,973,97302,2,1,0,3,CATAYEE (JUSTIN),4.9400774578,-52.3307697773,16,3,2
202100014333,176Â 086,A01,1,1,1,0,1,8,-1,-1, -1,-1,2021,64.0,0,2,0,2,1,5,1,,4,REPUBLIQUE (RUE DE LA),0,,2,2,0,1,0,0,1,, -1,1,0,1,50,7,10,2021,12:50,1,91,91223,2,3,0,3,REPUBLIQUE (RUE DE LA),48.4326,2.16864,12,3,2
202100049650,112Â 991,B01,1,1,2,5,1,0,-1,-1, -1,-1,2021,26.0,1,2,1,2,8,16,1,,4,CARNOT (BOULEVARD),0,,2,3,0,1,(1),(1),1,, -1,1,5,1,50,28,2,2021,00:20,5,21,21231,2,5,0,3,64 Rue Jean - Baptiste Baudin,47.320504,5.050415,0,4,2
202100051990,108Â 776,A01,1,1,1,0,1,8,-1,-1, -1,-1,2021,76.0,1,2,0,2,8,2,1,,2,ROUTE NATIONALE 1,0,,2,4,0,1,6,50,1,, -1,1,0,1,50,9,2,2021,17:00,1,972,97213,2,6,0,3,ROUTE NATIONALE 1,14.62305,-60.98891,17,2,2
202100048624,114Â 849,A01,1,1,1,5,1,-1,-1,0,0,-1,2021,62.0,2,2,8,0,1,1,1,,3,1091,0,D,2,2,0,1,(1),(1),1,, -1,1,0,1,70,10,3,2021,12:40,1,38,38052,2,1,0,6,"Rd1091, La paute",45.0551612287,6.0425662994,12,1,1
202100030836,146Â 646,A01,2,2,2,5,2,6,-1,-1, -1,-1,2021,39.0,1,1,0,2,1,1,1,,4,Avenue JEAN MOULIN,0,,3,4,0,1,(1),(1),1,, -1,1,0,1,50,3,7,2021,16:20,1,60,60325,1,3,0,2,Avenue Jean Moulin,49.4045721824,2.7785241231,16,3,2
202100006214,190Â 703,B01,2,2,1,0,1,-1,-1,-1, -1,-1,2021,24.0,1,2,0,2,3,1,1,,4,ROSA PARKS                        (AV),0,,2,2,3,2,(1),(1),1,, -1,2,5,1,50,25,11,2021,13:30,1,69,69389,2,2,1,3,ROSA PARKS (AV),45.78676,4.79048,13,5,2
202100043596,123Â 745,B01,1,1,1,5,0,-1,-1,0,0,-1,2021,53.0,3,1,0,2,3,1,5,,3,,-1,,2,2,0,1,(1),(1),2,, -1,1,0,1,80,14,3,2021,10:50,1,84,84122,1,1,1,1,Route de Peycard,44.097048,4.945382,10,3,3
202100008892,185Â 845,A01,1,1,1,5,8,-1,-1,0,0,-1,2021,56.0,2,2,4,0,3,0,1,,1,19,-1,,3,4,0,1,38,0,1,, -1,1,0,1,130,8,11,2021,18:38,3,45,45073,1,1,0,6,A 19 - PK 038+000,48.03379,2.988367,18,1,1
202100012878,178Â 707,B01,2,2,1,9,1,0,-1,0,0,-1,2021,50.0,1,2,0,2,4,24,1,,4,RUE DE CHARONNE,0,,2,2,0,1,(1),(1),1,, -1,1,0,1,30,16,10,2021,04:25,3,75,75111,2,3,0,2,RUE DE CHARONNE,48.854557,2.384728,4,3,2
202100000923,200Â 097,A01,1,1,1,5,2,6,-1,0,0,-1,2021,14.0,2,1,0,2,7,15,1,,3,2076,0,,2,1,0,2,82,400,1,,3,2,0,1,90,31,12,2021,18:10,5,18,18281,1,2,0,3,RD 2076,47.184988,2.185893,18,3,2