Num_Acc,id_vehicule,num_veh,place,catu,sexe,trajet,secu1,secu2,secu3,locp,actp,etatp,year_acc,victim_age,senc,catv,obs,obsm,choc,manv,motor,occutc,catr,voie,v1,v2,circ,nbv,vosp,prof,pr,pr1,plan,lartpc,larrout,surf,infra,situ,vma,jour,mois,an,hrmn,lum,dep,com,agg_,int,atm,col,adr,lat,long,hour,nb_victim,nb_vehicules
202100036124,137Â 111,A01,1,1,1,5,2,-1,-1,0,0,-1,2021,25.0,0,1,6,0,7,0,1,,4,0,0,A,2,2,0,1,(1),(1),1,, -1,1,0,1,50,6,6,2021,02:30,3,27,27306,2,1,0,7,Rue des Chennevieres,48.964188,1.177737,2,1,1
202100048580,114Â 918,A01,1,1,1,5,1,0,-1,-1, -1,-1,2021,21.0,1,2,0,2,1,1,1,,4,SEBASTOPOL (AV DE),0,,2,2,0,1,0,0,1,, -1,1,0,1,30,9,3,2021,15:20,1,94,94068,2,2,0,3,SEBASTOPOL (AV DE),48.7940440913,2.5073933601,15,2,2
202100054716,103Â 987,A01,1,1,1,1,0,-1,-1,0,0,-1,2021,59.0,3,1,0,0,0,1,2,,4,,-1,,2,2,0,2,(1),(1),1,, -1,2,0,1,80,15,1,2021,06:50,3,61,61272,1,1,1,7,Le Haut du Menil,48.747399,0.296797,6,1,1
202100003280,195Â 901,A01,1,1,1,1,4,-1,-1,0,0,-1,2021,55.0,1,0,0,6,0,0,3,,3,38,0,K,2,2,0,2,1,300,1,, -1,2,0,1,80,13,12,2021,23:40,3,57,57169,1,1,1,6,DÃ©partementale 38K,48.73672,7.239561,23,1,1
202100047315,117Â 193,A01,1,1,1,0,1,0,-1,-1, -1,-1,2021,25.0,2,2,0,2,1,13,1,,1,A6A,0,,1,3,0,1,7,300,1,, -1,1,0,2,110,20,3,2021,07:00,2,94,94034,1,1,0,2,AUTOROUTE A6A,48.75433,2.33221,7,2,2
202100056403,101Â 081,A01,2,2,2,0,1,0,-1,0,0,-1,2021,10.0,1,2,0,2,1,1,1,,4,,0,,2,4,3,1,(1),(1),1,, -1,1,5,1,50,2,1,2021,14:50,1,54,54395,2,1,0,2,ALBERT 1ER  (BD),48.6993168365,6.166036427,14,4,2
202100012240,179Â 843,A01,1,1,2,1,2,6,-1,0,0,-1,2021,40.0,1,1,0,2,3,2,1,,4,BOULEVARD PERIPHERIQUE,0,,1,4,0,1,14,300,1,, -1,1,1,1,70,19,10,2021,09:15,1,75,75116,2,1,0,2,BOULEVARD PERIPHERIQUE,48.8635,2.265922,9,2,2
202100025723,155Â 706,B01,1,1,1,5,2,8,-1,-1, -1,-1,2021,58.0,2,1,0,2,1,1,5,,3,CORNICHE (BOULEVARD DE LA),0,,2,2,0,2,0,500,4,, -1,1,0,1,50,2,8,2021,11:00,1,74,74010,2,4,0,6,CORNICHE (BOULEVARD DE LA),45.8914,6.1344,11,2,2
202100033334,142Â 180,A01,10,3,1,5,0,-1,-1,3,3,1,2021,34.0,3,2,0,1,2,16,1,,4,BARBUSSE (RUE HENRI),0,,2,2,0,1,(1),(1),1,, -1,1,5,1,50,14,6,2021,19:15,1,59,59508,2,1,0,6,BARBUSSE (RUE HENRI),50.743552,3.129517,19,2,1
202100024992,156Â 982,B01,1,1,1,1,1,0,-1,-1, -1,-1,2021,23.0,1,2,0,2,3,9,1,,3,LIBERATION (ROUTE DE LA),0,,2,1,0,1,0,1,1,, -1,1,5,1,50,8,8,2021,07:25,2,74,74118,2,6,0,3,LIBERATION (ROUTE DE LA),46.18041625,6.22980812,7,2,2
202100013881,176Â 886,B01,1,1,1,5,2,0,-1,-1, -1,-1,2021,19.0,3,1,0,0,7,15,1,,4,ST JOHN PERSE (AV),0,,4,1,0,1,0,0,2,, -1,1,5,1,50,11,10,2021,09:30,1,13,13001,2,6,0,3,ST JOHN PERSE (AV),43.5256034823,5.4175051954,9,2,2
202100024631,157Â 630,A01,10,3,1,5,0,-1,-1,4,3,1,2021,55.0,1,2,0,1,0,1,1,,4,RUE DE RIVOLI,0,,1,1,1,1,(1),(1),1,, -1,1,0,1,30,11,8,2021,16:04,1,75,75101,2,2,0,6,RUE DE RIVOLI,48.8663882209,2.3234843574,16,2,1
202100019334,167Â 067,A01,1,1,2,5,1,-1,-1,-1, -1,-1,2021,18.0,2,2,0,2,7,26,1,,3,,-1,,2,2,0,1,0,592,1,, -1,1,5,1,50,12,9,2021,21:25,5,61,61001,2,6,0,3,VILLENEUVE (RUE DE),48.428397,0.064236,21,2,2
202100046905,117Â 932,B01,1,1,1,1,2,0,-1,0,0,-1,2021,45.0,1,1,0,2,7,2,5,,4,SOUS MARIN CASABIANCA (RUE DU),0,,2,3,1,1,(1),(1),1,, -1,1,0,5,50,22,3,2021,17:37,1,63,63113,2,3,0,3,SOUS MARIN CASABIANCA (RUE DU),45.80836,3.10694,17,2,2
202100018210,169Â 058,A01,1,1,1,0,1,8,-1,-1, -1,-1,2021,21.0,1,2,0,2,1,0,1,,2,RN12,0,,3,4,0,1,28,799,1,, -1,1,0,1,110,18,9,2021,12:20,1,78,78423,1,1,0,6,RN12,48.796751,2.026387,12,1,1
202100004732,193Â 321,A01,10,3,1,0,0,-1,-1,3,3,2,2021,9.0,1,2,0,1,2,9,1,,4,,0,,1,1,0,1,(1),(1),1,, -1,1,0,1,30,3,12,2021,08:59,1,66,66136,2,6,1,6,ESPAGNE (ROUTE D'),42.68839,2.89513,8,2,1
202100034944,139Â 245,A01,1,1,1,5,2,0,-1,-1, -1,-1,2021,33.0,1,1,0,2,1,2,1,,4,PARIS (AVENUE DE),0,,2,0,0,1,(1),(1),1,, -1,1,0,1,50,11,6,2021,19:10,1,86,86194,2,1,0,2,Avenue de Paris,46.591835,0.338173,19,3,2
202100025162,156Â 678,A01,10,3,1,5,0,-1,-1,9,1,1,2021,29.0,0,2,0,1,8,23,1,,3,1016,-1,,2,2,0,1,27,591,1,, -1,1,8,1,70,7,8,2021,23:45,3,60,60107,1,1,0,6,D1016,49.353127,2.426991,23,4,2
202100032907,142Â 941,A01,1,1,1,5,2,6,-1,0,0,-1,2021,66.0,2,1,0,2,2,1,1,,4,AVENUE PHILIPPE AUGUSTE,0,,2,2,0,1,(1),(1),1,, -1,2,0,1,50,22,6,2021,18:40,1,75,75111,2,2,0,3,AVENUE PHILIPPE AUGUSTE,48.850669,2.394496,18,2,2
202100049914,112Â 518,B01,1,1,2,1,1,-1,-1,0,0,-1,2021,52.0,1,2,0,2,4,2,0,,1,57,-1,,1,4,0,1,8,0,1,, -1,1,0,1,110,26,2,2021,17:30,1,83,83054,1,1,0,2,Autoroute A57 PK 8,43.157391,6.044712,17,2,2
202100022247,161Â 878,B01,1,1,1,5,2,6,-1,-1, -1,-1,2021,47.0,2,1,0,2,1,1,1,,3,ESCH SUR ALZETTE (ROUTE D') - IMPAIR,0,,2,2,0,1,(1),(1),1,, -1,1,5,1,50,26,8,2021,15:40,1,57,57672,2,3,0,3,ESCH SUR ALZETTE (ROUTE D') - IMPAIR,49.35697,6.14028,15,2,2
202100031673,145Â 140,B01,1,1,1,5,8,-1,-1,0,0,-1,2021,71.0,1,2,1,0,1,17,2,,1,7,0,A,3,3,0,1,177,380,1,, -1,1,0,2,130,21,6,2021,15:31,1,84,84039,1,1,0,6,pk 177.380 A7 sens Nord-Sud,44.077204,4.881095,15,3,1
202100017765,169Â 865,A01,1,1,1,1,1,0,-1,-1, -1,-1,2021,41.0,1,2,0,2,4,2,1,,1,A7-Sens Lyon vers Marseille,0,,1,2,0,1,274,899,1,, -1,1,1,1,90,20,9,2021,19:15,2,13,13215,1,1,0,2,A7-Sens Lyon vers Marseille,43.36784,5.36042,19,2,2
202100034335,140Â 360,B01,1,1,1,1,8,6,-1,-1, -1,-1,2021,57.0,1,1,0,2,3,15,1,,3,74,0,,3,2,0,1,1,0,1,, -1,1,0,1,50,15,6,2021,16:30,1,92,92007,2,2,1,1,BLANCHARD (RUE),48.7960082857,2.2923204303,16,2,2
202100037562,134Â 523,B01,1,1,1,0,2,-1,-1,-1, -1,-1,2021,30.0,2,1,0,2,1,1,1,,4,JEAN JAURES                         (AV),0,,2,3,0,1,(1),(1),1,, -1,1,5,1,50,29,5,2021,16:15,1,69,69387,2,2,0,3,JEAN JAURES                         (AV),45.73744,4.83726,16,2,2
202100024113,158Â 557,B01,1,1,1,9,2,6,-1,-1, -1,-1,2021,23.0,1,1,0,2,0,3,1,,4,BARRE (DE LA)                       (R ),0,,1,1,3,1,(1),(1),1,, -1,1,0,1,50,14,8,2021,20:57,1,69,69382,2,1,0,2,BARRE (DE LA) (R),45.75771,4.83511,20,2,2
202100030277,147Â 645,A01,1,1,2,5,1,9,-1,0,0,-1,2021,25.0,1,2,0,0,9,1,1,,3,d1,-1,,3,4,0,2,1,370,1,, -1,1,0,3,110,6,7,2021,00:20,4,2,2359,1,1,0,7,D1,49.809787,3.286827,0,1,1
202100044465,122Â 211,B01,1,1,2,5,1,0,-1,-1, -1,-1,2021,71.0,1,2,0,2,4,1,1,,4,FALAISE (RUE DE -144),0,,2,2,0,1,1,0,1,, -1,2,0,1,50,10,4,2021,11:00,1,14,14118,2,1,1,2,Rue de Falaise,49.16883,-0.35222,11,2,2
202100050499,111Â 432,A01,10,3,2,9,8,8,-1,2,3,2,2021,6.0,3,1,9,1,1,25,1,,5,SQUARE VICTOR BACH,0,,-1,0,0,1,0,0,1,, -1,1,6,4,1,22,2,2021,17:00,1,92,92025,2,1,0,6,SQUARE VICTOR BACH,48.9132562573,2.2282853723,17,2,1
202100048340,115Â 351,A01,3,2,2,5,1,-1,-1,0,0,-1,2021,39.0,3,2,13,0,0,1,1,,4,,-1,,2,2,0,1,(1),(1),2,,"3,5",2,0,8,80,12,3,2021,23:38,3,21,21038,1,1,0,6,Le Pont de Pierre,47.2119235765,5.4069364071,23,3,1
202100032198,144Â 211,A01,1,1,1,0,1,-1,-1,0,0,-1,2021,29.0,1,2,0,0,4,24,1,,1,2,0,,2,4,0,1,1,(1),2,, -1,2,0,2,90,26,6,2021,04:20,5,988,98805,2,1,1,2,VE2,-22.217712,166.469092,4,2,2
202100044200,122Â 669,A01,1,1,1,4,1,-1,-1,0,0,-1,2021,25.0,1,5,13,0,7,1,1,,3,578,-1,,-1,2,0,1,50,700,1,, -1,1,0,3,80,13,4,2021,15:00,1,7,7290,1,1,0,6,D578,44.953638,4.510317,15,1,1
202100011909,180Â 436,A01,1,1,1,5,1,-1,-1,0,0,-1,2021,32.0,2,2,2,0,7,1,0,,3,58,-1,,2,2,0,1,9,920,1,, -1,1,0,3,90,20,10,2021,22:10,3,49,49228,1,1,0,6,D58,47.480088,-0.0103,22,1,1
202100005023,192Â 808,B01,2,2,2,5,1,8,-1,-1, -1,-1,2021,57.0,3,2,0,2,1,1,1,,2,JAURES (BOULEVARD JEAN),0,,1,2,2,1,(1),(1),1,, -1,1,0,1,70,2,12,2021,15:15,1,974,97411,2,5,0,3,JAURES (BOULEVARD JEAN),-20.88988,55.4528,15,3,2
202100010853,182Â 328,B01,1,1,2,1,1,0,-1,-1, -1,-1,2021,27.0,1,2,0,2,4,1,1,,2,RTE NATIONALE 6,0,,3,4,0,1,0,100,1,, -1,2,0,1,50,25,10,2021,08:50,1,91,91114,1,1,1,2,RTE NATIONALE 6,48.67824,2.4965,8,2,2
202100008763,186Â 073,A01,2,2,2,1,2,6,-1,-1, -1,-1,2021,25.0,1,1,0,9,3,18,1,,3,PARIS (AV DE),0,,1,1,2,1,76,0,1,, -1,1,9,1,50,9,11,2021,09:00,1,94,94080,2,1,0,3,Avenue de Paris,48.84559,2.42962,9,3,2
202100000510,200Â 789,A01,1,1,1,0,8,0,-1,-1, -1,-1,2021,25.0,1,1,0,2,1,1,1,,4,VALBARELLE (BOULEVARD DE LA ),0,,2,2,0,1,0,0,1,, -1,1,0,1,50,25,6,2021,07:40,1,13,13211,2,1,0,3,VALBARELLE (BOULEVARD DE LA ),43.2876519986,5.4485658368,7,2,2
202100044831,121Â 580,A01,1,1,1,5,1,0,-1,0,0,-1,2021,43.0,1,5,0,2,1,2,1,,4,BOULEVARD PERIPHERIQUE,0,,1,4,0,1,19,300,1,, -1,1,0,1,70,6,4,2021,15:45,1,75,75117,2,1,0,2,BOULEVARD PERIPHERIQUE,48.896462,2.310057,15,2,2
202100032572,143Â 547,A01,1,1,1,1,1,-1,-1,0,0,-1,2021,48.0,1,5,0,2,3,5,1,,2,330,-1,,2,2,0,1,17,100,1,, -1,1,0,1,80,16,6,2021,18:45,1,60,60421,1,1,0,1,,49.184677,2.641096,18,2,2
202100006697,189Â 811,A01,1,1,2,5,1,8,-1,-1, -1,-1,2021,57.0,0,2,8,0,3,1,1,,4,ARTHUR SCOTT (AVENUE),0,,1,2,0,2,0,0,1,, -1,1,1,1,50,23,11,2021,13:06,1,13,13210,2,1,0,1,ARTHUR SCOTT (AVENUE),43.282,5.393,13,1,1
202100048349,115Â 334,A01,1,1,1,0,1,-1,-1,-1, -1,-1,2021,57.0,2,2,0,2,1,13,1,,1,ROCADE A 630,0,,3,10,0,1,33,992,1,, -1,2,3,1,90,11,3,2021,17:40,1,33,33039,1,1,0,3,ROCADE A 630,44.80169,-0.53414,17,2,2
202100051147,110Â 247,B01,1,1,2,0,2,6,-1,-1, -1,-1,2021,37.0,1,1,0,2,1,17,1,,4,kaweni-Grande Traverse (rue de la),0,,2,0,0,1,0,0,1,, -1,1,0,1,50,17,2,2021,15:00,1,976,97611,2,1,0,3,kaweni-Grande Traverse (rue de la),-12.77254,45.2249,15,2,2
202100015252,174Â 446,B01,2,2,2,5,1,-1,-1,0,0,-1,2021,29.0,1,2,4,0,4,2,1,,3,2060,-1,,3,4,0,1,43,600,1,, -1,1,0,1,90,4,10,2021,13:00,1,45,45256,1,1,0,2,RD 2060,47.968462,2.55239,13,4,2
202100008440,186Â 650,A01,10,3,1,0,0,-1,-1,1,3,1,2021,59.0,2,2,0,1,2,1,1,,2,RN9,0,,1,3,0,2,0,699,1,, -1,1,0,1,50,11,11,2021,05:25,2,972,97209,1,1,0,6,RN9,14.598491,-61.053304,5,2,1
202100006945,189Â 356,B01,1,1,1,9,2,6,-1,0,0,-1,2021,42.0,1,1,0,2,1,1,1,,4,RUE DU LOUVRE,0,,3,2,0,1,(1),(1),1,, -1,2,0,1,30,21,11,2021,15:40,1,75,75101,2,2,1,1,RUE DU LOUVRE,48.865283,2.343087,15,2,2
202100014779,175Â 292,A01,1,1,1,5,1,0,-1,-1, -1,-1,2021,78.0,3,2,0,2,1,13,1,,3,RAYMOND POINCARE  (AVENUE),0,,2,2,0,1,53,514,1,, -1,1,0,1,50,6,10,2021,15:50,1,77,77243,2,1,0,1,RAYMOND POINCARE  (AVENUE),48.8729025282,2.7264454718,15,2,2
202100035037,139Â 069,A01,3,2,1,2,1,0,-1,-1, -1,-1,2021,64.0,1,2,1,0,2,2,1,,4,PARADIS (RUE),0,,1,2,0,2,0,0,1,, -1,1,0,1,50,10,6,2021,15:50,1,13,13206,2,1,0,2,PARADIS (RUE),43.28719,5.3797,15,2,1
202100004953,192Â 937,A01,10,3,1,5,0,-1,-1,1,B,1,2021,54.0,2,2,0,1,2,1,1,,2,12,-1,,3,4,0,2,24,100,1,, -1,2,0,1,110,4,12,2021,01:57,3,29,29265,1,1,1,6,N12 - PK 24+100,48.558304,-3.870277,1,2,1
202100023420,159Â 758,B01,1,1,1,5,0,-1,-1,-1, -1,-1,2021,25.0,0,1,0,2,1,19,3,,4,CALMETTE (RUE  DOCTEUR ),0,,2,2,0,1,(1),(1),1,, -1,1,0,1,30,18,8,2021,18:55,1,56,56121,2,3,0,3,CALMETTE (RUE  DOCTEUR ),47.75975,-3.38148,18,2,2
202100018620,168Â 355,B01,1,1,1,0,1,5,-1,-1, -1,-1,2021,59.0,0,2,0,2,1,9,1,,4,MARECHAL FOCH (R DU),0,,2,1,0,1,0,1,1,, -1,2,0,1,30,15,9,2021,08:42,1,94,94077,2,1,1,1,MARECHAL FOCH (R DU),48.728236,2.409868,8,2,2
202100053096,106Â 823,A01,1,1,1,1,2,6,-1,-1, -1,-1,2021,17.0,1,1,0,0,1,26,1,,2,MARECHAL DE LATTRE DE TASSIGNY (AV),0,,2,2,0,1,0,0,1,, -1,1,0,1,70,29,1,2021,23:00,3,94,94075,1,1,0,7,Avenue du Mal de Lattre de Tassigny,48.73434,2.52046,23,1,1
202100055153,103Â 231,A01,1,1,1,5,2,0,-1,-1,0,-1,2021,80.0,1,1,0,0,3,15,1,,3,928,0,,2,2,0,1,1,600,1,, -1,1,0,1,30,10,1,2021,16:11,1,95,95197,2,3,0,7,DIVISION LECLERC (AVENEU DE LA),48.96686531,2.31768543,16,1,1
202100054751,103Â 933,B01,1,1,1,0,2,6,-1,-1, -1,-1,2021,28.0,1,1,0,2,1,5,1,,3,BADUEL (ROUTE DE),0,,2,1,0,1,3,100,1,, -1,1,0,1,50,16,1,2021,19:50,4,973,97302,2,1,0,3,BADUEL (ROUTE DE),4.93471,-52.31177,19,2,2
202100009918,183Â 963,A01,1,1,2,9,2,6,-1,0,0,-1,2021,40.0,1,1,1,2,1,1,1,,4,AVENUE GAMBETTA,0,,2,3,1,4,(1),(1),1,, -1,2,0,1,30,29,10,2021,23:37,5,75,75120,2,1,1,3,AVENUE GAMBETTA,48.863425,2.389646,23,5,2
202100037547,134Â 547,C01,2,2,2,0,8,0,-1,-1, -1,-1,2021,51.0,1,2,0,2,9,26,1,,1,A13,0,,-1,2,0,1,21,500,1,, -1,1,0,1,90,30,5,2021,10:40,1,78,78133,1,1,0,4,A13,48.892012,2.008921,10,4,3
202100050516,111Â 402,B01,1,1,1,5,2,6,-1,0,0,-1,2021,70.0,1,1,0,2,1,1,0,,3,252,-1,D,2,2,0,1,2,553,1,, -1,1,5,1,80,23,2,2021,15:10,1,44,44211,1,2,0,3,Rue Saint-Molf,47.3765,-2.459779,15,2,2
202100022713,161Â 000,A01,1,1,2,1,1,0,-1,-1, -1,-1,2021,20.0,1,2,4,0,3,1,1,,3,CD 901,0,,3,4,0,1,35,706,3,, -1,2,5,1,90,21,8,2021,10:10,1,50,50416,1,1,1,6,CD 901,49.64925,-1.71811,10,1,1
202100027618,152Â 357,A01,2,2,2,0,1,-1,-1,0,0,-1,2021,44.0,1,2,3,0,3,1,2,,2,4,-1,,3,4,0,1,14,660,1,, -1,1,0,8,110,23,7,2021,16:00,1,55,55501,1,1,0,6,"RN4, PK 14+660",48.646365,5.158918,16,2,1
202100014191,176Â 328,B01,1,1,1,5,1,8,-1,0,0,-1,2021,37.0,1,2,0,2,4,1,1,,4,BLANC (RUE LOUIS),0,,2,4,0,1,(1),(1),1,, -1,1,0,1,50,9,10,2021,22:00,5,6,6029,2,1,0,2,BLANC (RUE LOUIS),43.5531,7.01266,22,2,2
202100044492,122Â 168,A01,1,1,1,9,2,0,-1,-1, -1,-1,2021,60.0,0,1,0,0,7,1,3,,3,7,0,,1,2,0,1,0,0,2,, -1,2,0,1,50,10,4,2021,15:30,1,92,92064,2,1,1,7,MARECHAL JUIN,48.840530186,2.2218641639,15,1,1
202100047359,117Â 119,A01,10,3,1,1,0,-1,-1,3,3,1,2021,24.0,2,2,0,1,2,17,1,,4,MAGUDAS (AVE DE),0,,2,2,2,1,(1),(1),1,, -1,2,-1,1,50,19,3,2021,07:02,2,33,33200,2,6,1,6,Avenue de Magudas,44.858113,-0.677722,7,2,1
202100019466,166Â 844,B01,1,1,2,0,1,0,-1,-1, -1,-1,2021,48.0,3,2,0,2,1,1,1,,4,NANTES (AVENUE DE),0,,2,3,0,1,(1),(1),1,, -1,1,5,1,50,11,9,2021,14:45,1,86,86194,2,2,0,3,Avenue de Nantes,46.58497,0.33037,14,2,2
202100006123,190Â 858,B01,1,1,1,0,2,6,-1,-1, -1,-1,2021,29.0,2,1,0,2,1,1,6,,3,GUESDES (RUE JULES),0,,-1,2,0,1,1,0,1,, -1,2,0,1,50,26,11,2021,19:50,5,93,93010,2,1,1,1,GUESDES (RUE JULES),48.903844,2.475368,19,2,2
202100028946,149Â 986,A01,1,1,1,0,8,0,-1,-1, -1,-1,2021,21.0,2,2,0,2,1,26,1,,1,A13,0,,1,2,0,1,15,0,1,, -1,1,0,1,110,11,7,2021,20:50,1,78,78455,1,1,0,6,A13,48.850362,2.068434,20,4,1
202100013413,177Â 757,B01,2,2,2,9,3,0,-1,-1, -1,-1,2021,5.0,2,2,0,2,2,1,1,,4,LUXEMBOURG (AL. DE),0,,2,2,0,1,1,0,1,, -1,1,0,1,40,13,10,2021,10:15,1,93,93057,2,1,0,1,LUXEMBOURG (AL. DE),48.9137290953,2.4980247784,10,3,2
202100038325,133Â 137,A01,1,1,1,9,2,6,-1,-1, -1,-1,2021,22.0,3,1,9,2,1,16,1,,4,VIADUC JOSEPH PICOT                     ,0,,3,4,0,2,(1),(1),4,, -1,1,0,1,50,25,5,2021,16:20,1,69,69034,2,1,0,3,JOSEPH PICOT (VIADUC)                     ,45.79101,4.871,16,2,2
202100041824,126Â 850,A01,1,1,2,0,1,0,-1,-1, -1,-1,2021,45.0,1,2,0,2,5,12,1,,3,STALINGRAD (AVENUE) DES NÂ°2 AU NÂ°100,0,,3,4,0,1,0,0,1,, -1,2,0,1,50,1,5,2021,17:00,1,93,93072,2,1,1,3,STALINGRAD (AVENUE) DES NÂ°2 AU NÂ°100,48.94858,2.38185,17,2,2
202100028924,150Â 030,A01,1,1,1,1,1,-1,-1,0,0,-1,2021,29.0,1,5,2,0,1,1,1,,3,D911,2,,2,2,0,1,22,900,1,, -1,1,0,3,80,15,7,2021,16:15,1,17,17253,1,1,0,6,D911,46.013423,-0.858221,16,1,1
202100038278,133Â 224,B01,1,1,1,5,2,9,-1,0,0,-1,2021,22.0,1,1,0,2,1,1,1,,7,2,0,D,2,2,0,2,30,800,1,, -1,1,0,1,50,27,5,2021,17:35,1,31,31506,2,3,0,3,Avenue de Gameville,43.555367,1.531131,17,2,2
202100022826,160Â 809,A01,1,1,1,0,2,0,-1,-1, -1,-1,2021,31.0,1,1,0,2,2,19,1,,3,BD PAUL VAILLANT COUTURIER ,0,,1,3,3,1,1,0,1,, -1,1,0,1,50,22,8,2021,01:09,5,94,94041,2,9,0,3,Bd Paul Vaillant Couturier,48.8181,2.39799,1,4,2
202100028547,150Â 693,A01,1,1,1,5,1,5,-1,0,0,-1,2021,19.0,1,2,13,6,2,21,1,,3,512,-1,,2,2,0,1,(1),(1),1,, -1,1,0,3,90,17,7,2021,11:20,1,14,14726,1,1,0,6,D512,48.854,-0.654137,11,1,1
202100006363,190Â 423,B01,1,1,1,1,1,-1,-1,0,0,-1,2021,56.0,2,2,0,2,4,2,1,,2,41,-1,,3,4,0,1,(1),(1),1,, -1,1,0,1,90,22,11,2021,16:30,2,59,59303,1,1,1,4,N41,50.569896,2.856177,16,3,3
202100048871,114Â 402,B01,1,1,1,9,2,8,-1,-1, -1,-1,2021,52.0,2,1,0,2,1,17,1,,3,EDOUARD VAILLANT DU 40/62.,0,,2,1,0,1,0,1,1,, -1,1,0,1,30,7,3,2021,17:37,1,93,93055,2,4,0,3,EDOUARD VAILLANT DU 40/62.,48.8997976104,2.3960226774,17,2,2
202100041292,127Â 800,A01,1,1,2,5,1,-1,-1,-1, -1,-1,2021,27.0,0,2,0,2,1,6,1,,4,RECOUVRANCE (PONT),0,,3,2,0,1,0,0,1,, -1,1,2,1,30,1,5,2021,09:47,1,29,29019,2,1,0,1,Pont de Recouvrance,48.384281,-4.49714,9,2,2
202100027140,153Â 198,A01,1,1,1,5,1,-1,-1,0,0,-1,2021,16.0,0,2,0,2,1,1,1,,4,,0,,2,2,0,1,(1),(1),2,,4,1,0,1,50,26,7,2021,19:45,1,27,27428,2,1,0,1,Rue de Honfleur,49.152229,0.91304,19,4,2
202100032195,144Â 215,A01,2,2,2,5,0,-1,-1,0,0,-1,2021,18.0,2,2,7,0,1,13,1,,3,62,0,,3,2,0,1,4,1040,3,, -1,1,5,3,90,26,6,2021,05:00,3,30,30003,1,6,0,7,carrefour RD 62 / RD62A,43.560258,4.152403,5,2,1
202100040132,129Â 862,B01,1,1,2,1,1,0,-1,-1, -1,-1,2021,27.0,1,2,0,2,4,2,1,,2,RN12 INT,0,,3,4,0,1,18,700,1,, -1,1,0,1,110,12,5,2021,17:30,1,78,78646,1,1,0,4,RN12 INT,48.782227,2.162117,17,7,3
202100042027,126Â 502,A01,10,3,1,5,0,-1,-1,3,3,1,2021,79.0,1,2,0,1,5,15,1,,4,MARIANNE BOULEVARD,0,,2,2,0,1,1,0,1,, -1,1,0,1,50,29,4,2021,09:55,1,49,49007,2,2,0,6,MARIANNE BOULEVARD,47.45033,-0.52895,9,2,1
202100039504,130Â 991,A01,1,1,2,5,1,-1,-1,0,0,-1,2021,64.0,1,2,7,0,1,14,1,,3,94,0,,2,2,0,2,23,490,2,, -1,1,0,3,80,18,5,2021,11:45,1,12,12200,1,1,0,6,RD94 ,44.211814,3.153028,11,1,1
202100030059,148Â 054,A01,1,1,1,1,2,-1,-1,0,0,-1,2021,56.0,1,1,4,0,7,16,1,,1,57,-1,,1,1,0,1,14,0,3,, -1,1,0,1,50,7,7,2021,17:40,1,83,83130,1,1,0,6,Autoroute A57 sortie LES TERRAINS,43.1992172077,6.0447525891,17,1,1
202100006771,189Â 685,A01,1,1,2,1,1,-1,-1,0,0,-1,2021,37.0,1,2,16,0,8,13,1,,3,350,0,,2,2,0,1,2,750,1,, -1,2,0,3,80,24,11,2021,08:25,1,28,28183,1,1,1,3,DÃ©partementale 350,48.349447,1.941458,8,1,1
202100033563,141Â 772,A01,1,1,1,5,2,6,-1,-1, -1,-1,2021,19.0,1,1,12,0,3,0,1,,4,MARINES (AVENUE DES ALLEES),0,,2,1,0,1,0,0,1,, -1,1,0,4,50,18,6,2021,20:52,1,64,64102,2,1,0,7,MARINES (AVENUE DES ALLEES),43.49916,-1.48917,20,1,1
202100030413,147Â 406,B01,1,1,1,9,8,0,-1,0,0,-1,2021,32.0,2,1,0,2,5,1,5,,4,BOULEVARD ARAGO,0,,3,2,1,1,(1),(1),1,, -1,1,0,5,50,6,7,2021,17:50,1,75,75113,2,2,0,3,BOULEVARD ARAGO,48.83496,2.344992,17,2,2
202100033987,141Â 004,B01,1,1,1,0,2,6,-1,-1, -1,-1,2021,23.0,2,1,0,2,3,1,1,,1,AUTOROUTE A3,0,,3,6,0,1,11,300,1,, -1,1,0,1,90,16,6,2021,13:10,1,93,93007,1,1,0,3,AUTOROUTE A3,48.93395,2.48059,13,2,2
202100024443,157Â 990,A01,1,1,1,5,8,-1,-1,0,0,-1,2021,48.0,2,1,0,2,1,2,1,,7,2060,-1,,3,4,0,1,58,500,1,, -1,1,0,1,110,13,8,2021,16:55,1,45,45089,1,9,0,2,D2060-PR 58 + 500,47.916342,2.009854,16,4,2
202100054937,103Â 613,Z01,10,3,2,9,0,-1,-1,2,3,1,2021,42.0,2,1,0,1,0,17,0,,4,"""PERI GABRIEL, NR 2  A 114 ET 1 A 133""",0,,2,2,0,1,0,0,1,, -1,2,0,1,50,14,1,2021,17:35,5,93,93066,2,1,1,6,"""PERI GABRIEL, NR 2  A 114 ET 1 A 133""",48.93,2.35644,17,2,1
202100032848,143Â 053,B01,1,1,2,5,1,0,-1,-1, -1,-1,2021,25.0,1,2,0,2,4,2,1,,3,R D 900,0,,-1,4,0,1,0,0,1,, -1,1,0,1,80,22,6,2021,09:05,1,66,66136,1,1,0,4,R D 900,42.67965,2.87364,9,3,3
202100055932,101Â 901,A01,1,1,1,5,1,0,-1,-1, -1,-1,2021,28.0,1,2,0,2,2,15,1,,4,MAURIAC (RUE),0,,1,1,0,1,0,0,2,, -1,1,5,1,50,7,1,2021,01:00,5,13,13210,2,6,0,3,MAURIAC (RUE),43.27007,5.42327,1,3,2