Num_Acc,id_vehicule,num_veh,place,catu,sexe,trajet,secu1,secu2,secu3,locp,actp,etatp,year_acc,victim_age,senc,catv,obs,obsm,choc,manv,motor,occutc,catr,voie,v1,v2,circ,nbv,vosp,prof,pr,pr1,plan,lartpc,larrout,surf,infra,situ,vma,jour,mois,an,hrmn,lum,dep,com,agg_,int,atm,col,adr,lat,long,hour,nb_victim,nb_vehicules
202100030310,147Â 584,B01,1,1,1,0,2,6,-1,-1, -1,-1,2021,23.0,2,1,0,2,3,3,1,,1,AUTOROUTE A6B,0,,3,4,0,1,0,920,1,, -1,1,1,1,70,7,7,2021,09:30,1,94,94043,1,1,0,3,AUTOROUTE A6B,48.8120300591,2.3522646154,9,2,2
202100043892,123Â 211,A01,1,1,1,5,2,6,-1,0,0,-1,2021,15.0,0,1,0,2,1,17,1,,3,CONCHES (ROUTE DE),0,,2,2,0,1,(1),(1),1,, -1,1,0,1,50,15,4,2021,16:10,1,27,27229,2,1,0,2,CONCHES (ROUTE DE),49.02315,1.12446,16,3,2
202100038448,132Â 920,A01,2,2,2,5,2,6,-1,0,0,-1,2021,18.0,2,1,0,0,9,1,1,,3,913,-1,,2,2,0,2,15,540,2,, -1,9,8,1,50,26,5,2021,17:25,1,73,73164,1,1,0,7,D913,45.696079,6.011667,17,2,1
202100013033,178Â 454,B01,1,1,2,0,1,0,-1,-1, -1,-1,2021,29.0,0,2,0,2,4,1,1,,4,SABLIERE (RUE DE LA)   ZI,0,,-1,2,0,1,0,0,1,, -1,1,0,1,50,14,10,2021,17:26,1,91,91223,2,1,0,2,SABLIERE (RUE DE LA)   ZI,48.45057,2.15966,17,2,2
202100005324,192Â 272,A01,10,3,2,1,0,-1,-1,3,1,1,2021,60.0,1,2,0,1,1,1,3,,4,LORENTZ-MONOD (ALL. DR),0,,2,2,1,4,(1),(1),1,, -1,7,9,1,50,30,11,2021,07:55,1,33,33009,2,1,0,6,Avenue Docteur Lorentz Monod,44.65437,-1.16545,7,2,1
202100029042,149Â 825,A01,1,1,1,5,2,9,6,0,0,-1,2021,46.0,0,1,14,0,0,26,1,,5,23,0,H,-1,1,0,1,(1),(1),1,, -1,1,0,3,50,14,7,2021,17:05,1,973,97309,1,1,0,7,HELICOJYP,4.896191,-52.293388,17,1,1
202100022330,161Â 722,B01,1,1,1,1,0,-1,-1,0,0,-1,2021,27.0,2,1,0,2,8,1,5,,3,936,-1,,2,2,0,1,3,0,1,, -1,1,0,1,80,26,8,2021,07:45,2,65,65057,1,1,1,3,D936 ,43.195357,-0.000644,7,2,2
202100055302,102Â 973,A01,10,3,2,5,8,8,-1,3,3,1,2021,35.0,1,2,0,1,1,1,1,,4,SAINTIGNON (RUE DE),0,,2,2,0,1,0,0,3,, -1,1,0,1,50,11,1,2021,11:52,1,57,57672,2,1,1,6,SAINTIGNON (RUE DE),49.36889,6.14409,11,2,1
202100032221,144Â 164,A01,1,1,2,0,1,0,-1,-1, -1,-1,2021,34.0,2,2,0,2,4,1,1,,1,A7-Sens Marseille vers Lyon,0,,-1,3,0,1,273,0,1,, -1,1,0,1,90,25,6,2021,14:48,1,13,13106,1,1,0,2,A7-Sens Marseille vers Lyon,43.3866345092,5.3509935525,14,3,2
202100023245,160Â 067,B01,1,1,1,0,8,0,-1,-1, -1,-1,2021,27.0,2,1,0,2,7,2,1,,3,ROCADE SUD(RUE),0,,2,1,3,1,(1),(1),1,, -1,1,0,1,30,20,8,2021,23:15,5,974,97409,2,6,0,3,ROCADE SUD(RUE),-20.97267,55.65185,23,4,2
202100009808,184Â 165,B01,2,2,1,9,2,0,-1,0,0,-1,2021,21.0,1,1,0,2,3,1,1,,4,BOULEVARD BRUNE,0,,3,4,3,1,(1),(1),1,, -1,1,0,1,50,2,11,2021,08:35,1,75,75114,2,2,0,3,BOULEVARD BRUNE,48.823256,2.325539,8,3,2
202100029556,148Â 960,B01,2,2,2,0,1,0,-1,-1, -1,-1,2021,47.0,1,5,0,2,4,2,1,,1,AUTOROUTE A3,0,,3,12,0,2,2,130,3,, -1,2,0,1,50,10,7,2021,12:20,1,93,93063,1,1,0,2,AUTOROUTE A3,48.87447,2.44002,12,4,2
202100002395,197Â 497,A01,10,3,1,5,0,-1,-1,2,3,1,2021,91.0,2,2,0,1,2,1,1,,4,RICHELIEU,0,,2,2,0,1,0,0,1,, -1,1,0,1,50,16,12,2021,07:30,5,64,64445,2,1,0,6,RICHELIEU,43.3022522555,-0.3564843535,7,2,1
202100007109,189Â 059,B01,2,2,2,5,1,0,-1,-1, -1,-1,2021,33.0,2,2,0,2,8,1,1,,1,A13,0,,3,3,0,1,43,799,1,, -1,1,0,1,130,20,11,2021,14:55,1,78,78402,1,1,0,3,A13,48.963926,1.776671,14,6,2
202100011874,180Â 498,A01,10,3,1,0,0,-1,-1,3,3,1,2021,9.0,1,2,0,1,6,1,1,,4,POSTES (CHEMIN DES),0,,2,2,0,1,0,0,1,, -1,2,0,1,50,21,10,2021,19:05,5,93,93014,2,1,0,6,POSTES (CHEMIN DES),48.90839,2.53596,19,2,1
202100032803,143Â 141,A01,2,2,2,5,2,0,-1,-1, -1,-1,2021,23.0,1,1,0,2,3,15,1,,1,A4,0,,1,2,0,4,4,0,1,, -1,1,0,1,90,22,6,2021,02:00,4,94,94069,1,1,0,3,A4,48.81732,2.43921,2,3,2
202100021440,163Â 320,B01,1,1,1,0,2,6,-1,-1, -1,-1,2021,55.0,3,1,0,2,8,1,5,,4,ADOUR (AVENUE DE L'),0,,-1,2,1,1,0,0,2,, -1,1,9,1,50,31,8,2021,06:55,5,64,64024,2,1,0,3,ADOUR (AVENUE DE L'),43.50233,-1.49363,6,2,2
202100000359,201Â 075,B01,2,2,2,5,1,0,-1,-1, -1,-1,2021,62.0,1,2,0,2,4,1,1,,4,HUIT MAI,0,,2,2,0,1,0,0,2,, -1,1,0,1,50,21,10,2021,10:55,1,32,32013,2,6,0,2,HUIT MAI,43.6645,0.5931,10,3,2
202100006655,189Â 893,A01,1,1,1,0,2,8,-1,-1, -1,-1,2021,20.0,0,1,0,2,3,17,1,,4,THINAT (PONT RENE),0,,2,4,0,1,1,0,1,, -1,1,2,1,70,23,11,2021,18:20,5,45,45286,2,9,0,1,THINAT (PONT RENE),47.89417,1.92167,18,2,2
202100022164,162Â 026,A01,2,2,1,5,2,6,-1,0,0,-1,2021,68.0,2,6,6,0,1,0,1,,3,32,-1,,2,2,0,1,19,565,1,, -1,1,0,1,-1,28,8,2021,16:10,1,9,9029,2,1,0,6,Rue Principale,42.790527,1.337671,16,2,1
202100018103,169Â 260,A01,5,2,2,9,1,-1,-1,-1, -1,-1,2021,12.0,2,2,0,2,4,2,1,,3,KOUTIALA (AVENUE DE),0,,2,2,1,1,34,460,1,, -1,1,0,1,50,17,9,2021,16:45,1,61,61001,2,1,0,4,KOUTIALA (AVENUE DE),48.42544,0.07806,16,10,3
202100002103,198Â 039,A01,1,1,1,5,8,-1,-1,0,0,-1,2021,25.0,1,2,13,0,1,1,1,,3,107,0,,2,2,0,1,29,600,1,, -1,1,0,3,80,21,12,2021,23:30,3,42,42065,1,1,0,6,Route de Feurs,45.768945,4.245299,23,2,1
202100020679,164Â 671,B01,1,1,1,0,2,0,-1,-1, -1,-1,2021,45.0,1,1,0,2,1,1,1,,2,Morne Salines,0,,2,2,0,2,(1),(1),1,, -1,1,0,1,70,5,9,2021,13:20,1,971,97113,1,3,0,3,Morne Salines,16.21069,-61.44167,13,2,2
202100038304,133Â 174,B01,1,1,2,5,1,-1,-1,-1, -1,-1,2021,47.0,1,2,0,2,4,2,1,,1,,0,,3,7,0,1,26,665,1,, -1,1,0,1,90,26,5,2021,16:55,1,33,33192,1,1,0,4,,44.789403,-0.604334,16,3,3
202100027328,152Â 873,A01,1,1,1,0,2,6,-1,0,0,-1,2021,37.0,1,1,0,2,7,1,1,,4,SPOSATA CHEMIN DE LA,0,,2,2,0,2,(1),(1),1,, -1,1,2,1,50,23,7,2021,16:35,1,201,201004,2,1,0,1,SPOSATA CHEMIN DE LA,41.9478963896,8.7574977279,16,3,2
202100039146,131Â 651,B01,1,1,1,1,2,0,-1,0,0,-1,2021,41.0,2,1,0,2,7,1,1,,4,RUE DU FAUBOURG SAINT MARTIN,0,,2,2,0,1,(1),(1),1,, -1,1,8,1,50,20,5,2021,10:30,1,75,75110,2,3,0,3,RUE DU FAUBOURG SAINT MARTIN,48.880401,2.364298,10,2,2
202100047443,116Â 964,A01,1,1,1,5,2,-1,-1,0,0,-1,2021,28.0,3,1,0,0,8,13,1,,9,,-1,,2,2,0,1,(1),(1),1,, -1,1,0,1,30,16,3,2021,22:15,5,977,97701,2,1,0,3,R SAMUEL FAHLBERG,17.894803,-62.849602,22,2,2
202100035118,138Â 933,A01,1,1,1,1,2,6,-1,0,0,-1,2021,60.0,3,1,0,2,1,1,1,,4,,-1,,2,2,0,1,(1),(1),1,,4,1,0,1,80,11,6,2021,08:00,1,32,32419,1,3,0,3,"chemin communal ""des landes""",43.410673,0.464709,8,2,2
202100033528,141Â 841,A01,1,1,1,5,1,0,-1,-1, -1,-1,2021,28.0,3,2,0,2,3,13,1,,4,SAINT-BERNARD (CHEMIN DE),0,,-1,0,0,1,0,0,1,, -1,1,0,1,50,18,6,2021,21:30,5,974,97411,1,1,0,1,SAINT-BERNARD (CHEMIN DE),-20.89886,55.4028,21,3,2
202100029815,148Â 496,A01,1,1,1,1,2,6,-1,-1, -1,-1,2021,60.0,1,1,0,2,1,1,1,,3,JOLIOT CURIE ( BOULEVARD IRENE COTE PAIR,0,,-1,5,0,1,32,855,1,, -1,1,5,1,50,9,7,2021,07:20,1,1,1053,2,2,0,2,,46.20967,5.23011,7,2,2
202100041624,127Â 201,D01,1,1,2,0,1,0,-1,-1, -1,-1,2021,24.0,1,2,0,2,0,0,1,,1,A7-Sens Lyon vers Marseille,0,,1,3,0,1,265,0,1,, -1,2,0,1,90,1,5,2021,16:33,1,13,13071,1,1,1,5,A7-Sens Lyon vers Marseille,43.4092007894,5.2858209677,16,4,4
202100000897,200Â 142,B01,10,3,1,9,0,-1,-1,2,3,1,2021,54.0,3,2,0,1,1,15,1,,4,CALMETTE ET GUERIN (RUE),0,,1,1,0,1,0,0,1,, -1,1,0,1,50,30,12,2021,21:00,5,93,93005,2,2,0,6,CALMETTE ET GUERIN (RUE),48.9514598607,2.5140518013,21,2,1
202100008083,187Â 286,B01,1,1,1,9,1,-1,-1,0,0,-1,2021,56.0,1,2,0,2,2,1,1,,3,669,0,D,2,2,0,1,3,510,1,, -1,1,0,1,80,15,11,2021,20:10,3,61,61342,1,2,0,3,2 Rue de Saint Symphorien,48.761016,0.583659,20,2,2
202100053900,105Â 404,B01,1,1,1,5,2,6,-1,0,0,-1,2021,17.0,2,1,0,2,1,1,1,,3,614,0,D,2,2,0,1,16,635,1,, -1,1,0,1,50,23,1,2021,14:55,1,66,66140,2,1,0,1,9 Avenue du Canigou,42.695258,2.766564,14,2,2
202100016963,171Â 303,A01,10,3,2,5,8,8,-1,3,3,2,2021,40.0,1,5,0,1,1,1,1,,4,GARE (DE LA),0,,1,1,0,1,(1),(1),1,, -1,1,5,6,30,24,9,2021,11:25,1,25,25462,2,3,0,6,GARE (DE LA),46.90234,6.35458,11,3,1
202100034570,139Â 925,A01,1,1,2,5,1,-1,-1,-1, -1,-1,2021,19.0,3,2,0,2,2,19,1,,3,ROUTE NATIONALE 6,0,,1,1,0,1,2,0,2,, -1,1,0,1,50,11,6,2021,20:55,1,69,69092,2,2,0,3,ROGER SALENGRO (BD),46.0023,4.7193,20,2,2
202100014039,176Â 605,A01,1,1,1,0,1,-1,-1,0,0,-1,2021,25.0,3,2,0,2,0,1,1,,3,3,0,D,2,2,0,2,103,0,3,, -1,1,0,1,50,6,10,2021,16:45,1,974,97413,2,1,0,3,148 Rue Alexandre BÃ¨gue,-21.145537,55.317294,16,2,2
202100050173,112Â 035,A01,1,1,1,0,2,6,-1,-1, -1,-1,2021,62.0,0,1,0,2,1,1,1,,3,RD 201_ACCES 201 PAR BD S.ALLENDE,0,,2,2,0,1,0,980,4,, -1,1,0,1,80,24,2,2021,16:40,1,60,60175,2,1,0,2,RD 201_ACCES 201 PAR BD S.ALLENDE,49.24916,2.4575,16,3,2
202100020883,164Â 320,B01,1,1,1,5,2,0,-1,0,0,-1,2021,24.0,1,0,0,2,1,18,3,,4,AVENUE DU GENERAL MICHEL BIZOT,0,,2,2,0,2,(1),(1),1,, -1,1,0,1,30,4,9,2021,20:40,2,75,75112,2,3,0,3,AVENUE DU GENERAL MICHEL BIZOT,48.83328,2.398943,20,4,2
202100008148,187Â 153,A01,1,1,2,5,8,0,-1,0,0,-1,2021,34.0,2,1,0,0,0,1,3,,4,RUE DE BELLECHASSE,0,,1,1,0,1,(1),(1),1,, -1,1,0,1,30,14,11,2021,15:45,1,75,75107,2,1,0,7,RUE DE BELLECHASSE,48.859787,2.32434,15,1,1
202100026633,154Â 102,A01,1,1,1,5,2,0,-1,-1, -1,-1,2021,18.0,1,1,0,0,0,26,1,,4,LEON BLUM      (Rue),0,,2,2,0,1,(1),(1),1,, -1,1,0,1,50,29,7,2021,00:30,5,69,69266,2,1,0,7,LEON BLUM (R),45.7610604698,4.9081039101,0,2,1
202100047405,117Â 035,B01,3,2,1,0,1,0,-1,-1, -1,-1,2021,29.0,1,2,0,2,1,23,1,,4,PARIS (RUE DE),0,,2,2,0,1,0,0,1,, -1,2,1,1,50,18,3,2021,21:40,5,93,93031,2,1,1,6,PARIS (RUE DE),48.9542151688,2.3101088405,21,4,2
202100040789,128Â 705,A01,1,1,1,4,8,-1,-1,0,0,-1,2021,27.0,2,2,2,0,1,15,1,,3,64,0,,-1,2,0,1,5,308,1,, -1,1,0,8,80,8,5,2021,20:32,1,77,77186,1,1,0,6,D64,48.493711,2.632137,20,1,1
202100046488,118Â 691,A01,1,1,1,9,2,0,-1,-1, -1,-1,2021,30.0,2,1,0,0,1,1,1,,4,WALTER GUITTEAUD (RUE),0,,2,2,0,2,(1),(1),1,, -1,1,0,1,50,25,3,2021,22:10,3,972,97209,2,1,0,6,WALTER GUITTEAUD (RUE),14.61235,-61.04013,22,1,1
202100038581,132Â 682,A01,1,1,1,9,0,-1,-1,0,0,-1,2021,30.0,2,2,0,0,9,1,1,,3,210,0,,2,2,0,2,(1),(1),2,, -1,1,0,8,50,24,5,2021,22:15,5,202,202042,2,1,0,6,Route Ajercaja,42.550934,9.449996,22,1,1
202100018455,168Â 641,A01,1,1,1,5,2,6,-1,0,0,-1,2021,18.0,1,1,0,2,1,0,1,,7,5,-1,D,2,2,0,2,4,200,1,, -1,1,0,1,80,18,9,2021,00:00,3,76,76222,1,2,0,3,D63,49.493051,0.874228,0,2,2
202100000160,201Â 462,A01,1,1,1,4,1,-1,-1,0,0,-1,2021,23.0,0,5,0,2,3,0,1,,7,40,-1,F,2,2,0,1,(1),(1),2,, -1,1,0,1,30,28,8,2021,15:30,1,13,13023,2,1,0,1,20 Chemin de Sainte Catherine,43.210256,5.631299,15,2,2
202100017270,170Â 784,A01,1,1,2,0,8,-1,-1,0,0,-1,2021,36.0,1,2,0,0,0,5,1,,3,979,0,D,2,1,0,1,3,200,1,, -1,1,0,8,50,25,9,2021,06:50,2,30,30029,2,1,0,7,D979,44.313201,4.349379,6,2,1
202100028843,150Â 161,B01,2,2,1,5,1,8,-1,-1, -1,-1,2021,62.0,3,5,0,2,0,0,1,,4,TRAMWAY (CHEMIN DU),0,,-1,1,0,1,0,0,1,, -1,1,0,1,50,15,7,2021,14:20,1,7,7281,1,1,0,1,TRAMWAY (CHEMIN DU),44.94312,4.78772,14,3,2
202100056155,101Â 508,A01,10,3,2,5,0,-1,-1,2,3,1,2021,83.0,1,2,0,1,3,15,1,,4,,0,,2,2,0,1,(1),(1),2,, -1,1,0,1,50,2,1,2021,11:30,1,54,54578,2,2,0,6,AIGUILLETTES  (BD 5 A 73-2 A 94),48.6732313682,6.1532520112,11,2,1
202100022494,161Â 424,B01,1,1,1,0,2,6,9,0,0,-1,2021,55.0,1,1,0,2,1,1,1,,3,24,-1,,2,2,0,1,37,200,1,, -1,1,5,1,80,26,8,2021,19:15,1,28,28006,1,2,0,3,D24,48.451806,1.417279,19,2,2
202100041849,126Â 817,A01,9,2,2,5,1,-1,-1,0,0,-1,2021,21.0,3,2,13,0,7,1,1,,4,,-1,,2,2,0,1,(1),(1),2,,4,2,0,3,80,1,5,2021,16:25,1,27,27065,1,1,0,6,la varenne 27210,49.341133,0.37184,16,4,1
202100028678,150Â 458,A01,10,3,1,1,0,-1,-1,2,A,1,2021,49.0,1,1,0,1,1,18,3,,4,PLACE SAINT SULPICE,0,,1,2,0,1,(1),(1),1,, -1,1,0,1,30,16,7,2021,10:25,1,75,75106,2,7,0,6,PLACE SAINT SULPICE,48.851273,2.332951,10,2,1
202100023022,160Â 478,B01,1,1,1,4,2,0,-1,-1, -1,-1,2021,29.0,2,1,0,2,1,18,3,,3,152,0,,1,1,0,1,0,0,1,, -1,2,0,1,50,25,7,2021,13:25,1,91,91021,2,1,1,3,BD JEAN JAURES,48.589464,2.24519,13,4,2
202100056507,100Â 899,A01,1,1,1,4,1,-1,-1,0,0,-1,2021,25.0,2,2,13,0,1,1,1,,3,613,-1,,2,2,0,1,55,350,3,, -1,7,9,3,70,1,1,2021,04:00,4,14,14119,1,6,0,6,Route de Paris,49.141952,-0.245669,4,1,1
202100019623,166Â 563,A01,10,3,1,0,0,-1,-1,3,3,1,2021,80.0,3,2,0,1,1,2,1,,4,COMBATTANTS D'A.F.N. 1952-1962 (DES)(R ),0,,2,2,0,1,(1),(1),2,, -1,2,0,1,50,9,9,2021,12:05,1,69,69034,2,1,1,6,COMBATTANTS D'A.F.N. 1952-1962 (DES) (AV),45.79922,4.85051,12,2,1
202100011240,181Â 640,A01,1,1,1,9,2,0,-1,0,0,-1,2021,31.0,3,1,0,2,6,1,5,,4,BOULEVARD RICHARD LENOIR,0,,3,2,1,1,(1),(1),2,, -1,1,-1,5,30,24,10,2021,18:30,1,75,75111,2,2,0,3,BOULEVARD RICHARD LENOIR,48.862305,2.372572,18,2,2
202100013361,177Â 864,A01,1,1,1,1,2,6,-1,-1, -1,-1,2021,45.0,2,1,0,2,1,2,1,,1,ROCADE A 630,0,,3,6,0,1,34,600,1,, -1,1,0,1,900,14,10,2021,07:00,5,33,33039,1,1,0,5,ROCADE A 630,44.807688,-0.527605,7,3,3
202100015116,174Â 688,A01,1,1,1,5,2,6,-1,0,0,-1,2021,21.0,2,1,0,2,1,16,1,,4,AVENUE MONTAIGNE,0,,2,4,3,1,(1),(1),1,, -1,2,0,1,30,3,10,2021,14:10,1,75,75108,2,3,1,3,AVENUE MONTAIGNE,48.865858,2.304002,14,2,2
202100028918,150Â 039,A01,1,1,2,1,2,-1,-1,0,0,-1,2021,29.0,0,1,14,0,1,1,1,,9,,-1,,1,2,0,1,(1),(1),1,,4,1,9,1,30,13,7,2021,17:37,1,6,6032,2,1,0,6,avenue du port,43.725805,7.41589,17,1,1
202100012199,179Â 909,B01,1,1,2,0,2,0,-1,0,0,-1,2021,27.0,1,1,0,2,1,1,3,,4,HAGUENAUER (RUE DU GRAND RABBIN),0,,2,2,0,1,(1),(1),1,, -1,1,8,1,30,19,10,2021,17:15,1,54,54395,2,1,0,3,HAGUENAUER (RUE DU GRAND RABBIN),48.68734,6.18018,17,2,2
202100030372,147Â 475,A01,1,1,2,1,1,8,-1,-1, -1,-1,2021,21.0,1,2,4,0,9,1,1,,7,RD 37,0,,2,4,0,1,7,800,2,, -1,2,0,1,90,5,7,2021,06:40,1,37,37122,2,1,1,7,RD 37,47.339906688,0.6666786742,6,1,1
202100031272,145Â 844,A01,1,1,1,5,2,-1,-1,0,0,-1,2021,62.0,3,1,0,0,9,1,5,,4,,-1,,2,2,0,2,(1),(1),1,,4,1,0,1,80,4,7,2021,11:30,1,73,73034,1,1,1,7,Rte du Col du Pre,45.6854128764,6.5766920301,11,1,1
202100008401,186Â 716,B01,1,1,2,1,1,-1,-1,0,0,-1,2021,68.0,2,2,0,2,3,1,1,,2,85,-1,,2,2,0,1,19,800,1,, -1,1,5,1,50,12,11,2021,23:20,5,4,4049,2,2,0,3,RN 85 / av de la gare,44.1016519489,6.0090350934,23,4,2
202100015721,173Â 567,A01,1,1,1,0,2,6,-1,-1, -1,-1,2021,23.0,2,1,0,0,7,16,1,,1,AUTOROUTE A15,0,,1,2,0,2,4,500,3,, -1,2,0,1,50,2,10,2021,08:15,1,92,92036,1,1,0,7,AUTOROUTE A15,48.9407552111,2.2929279506,8,1,1
202100013478,177Â 644,A01,1,1,1,5,1,0,-1,-1, -1,-1,2021,74.0,2,2,0,2,1,13,1,,4,MICHELET (BOULEVARD),0,,2,2,0,1,0,0,1,, -1,1,0,1,50,7,5,2021,15:40,1,19,19031,2,1,0,1,MICHELET (BOULEVARD),45.16539,1.52133,15,3,2
202100001385,199Â 295,A01,4,2,1,5,1,0,-1,-1, -1,-1,2021,12.0,-1,2,0,2,4,23,1,,4,"PERI GABRIEL, NR 2  A 114 ET 1 A 133""",0,,1,1,0,1,0,1,1,, -1,2,0,1,50,25,12,2021,22:21,5,93,93066,2,1,1,4,"""PERI GABRIEL, NR 2  A 114 ET 1 A 133""",48.9398326331,2.3565347311,22,9,3
202100009381,184Â 935,D01,1,1,1,5,1,-1,-1,-1, -1,-1,2021,85.0,2,2,0,2,4,2,1,,1,AUTOROUTE A 63,0,,3,4,0,1,7,329,1,, -1,1,0,1,110,3,11,2021,15:35,1,33,33122,1,1,0,4,AUTOROUTE A 63,44.747177,-0.699684,15,10,5
202100009530,184Â 676,A01,1,1,1,0,2,9,-1,0,0,-1,2021,36.0,1,1,0,0,0,1,1,,2,20,0,,2,2,0,2,119,0,3,, -1,2,0,1,70,5,11,2021,09:25,1,202,202055,1,9,0,3,T20,42.5084258716,9.321985245,9,2,2
202100025031,156Â 912,B01,1,1,2,0,1,-1,-1,0,0,-1,2021,25.0,2,2,0,2,2,1,1,,3,128,-1,D,2,2,0,1,0,950,1,, -1,1,2,1,50,9,8,2021,15:00,1,38,38239,2,1,0,3,Route de Saint Jean,45.332297,5.566764,15,3,2
202100040678,128Â 913,B01,1,1,1,5,2,6,-1,0,0,-1,2021,17.0,1,1,0,2,8,1,1,,3,19,0,,2,2,0,2,22,740,1,, -1,1,0,1,30,10,5,2021,10:30,1,85,85050,2,2,0,3,Rue de l'HÃ´tel de Ville,46.50701,-1.34687,10,2,2
202100018567,168Â 446,A01,1,1,2,1,8,8,-1,-1, -1,-1,2021,56.0,2,1,0,0,8,1,5,,4,BOLLARDIERE (RUE  GENERAL DE ),0,,3,2,1,2,(1),(1),1,, -1,1,0,5,30,14,9,2021,11:02,1,56,56121,2,1,0,7,BOLLARDIERE (RUE  GENERAL DE ),47.75611,-3.39128,11,1,1
202100035767,137Â 775,B01,2,2,2,3,1,0,-1,-1, -1,-1,2021,50.0,2,2,1,0,4,24,1,,3,VERSAILLES (AV DE),0,,1,2,0,2,1,0,1,, -1,1,0,1,50,8,6,2021,19:00,1,94,94073,2,1,0,2,Avenue de Versailles,48.75868,2.39455,19,3,2
202100025803,155Â 568,A01,1,1,1,0,2,6,-1,0,0,-1,2021,53.0,0,1,0,2,1,17,1,,3,532,-1,,2,2,2,1,(1),(1),1,,7,1,5,1,50,3,8,2021,10:40,1,80,80333,2,2,0,3,Avenue de la Plage,50.339996,1.567939,10,2,2
202100012995,178Â 516,A01,1,1,1,5,2,6,-1,0,0,-1,2021,61.0,2,1,3,0,8,1,1,,2,158,-1,,3,4,0,1,17,0,2,, -1,1,0,1,110,16,10,2021,11:50,1,14,14516,1,1,1,6,N158 - sens CAEN/FALAISE - PR 017+000,48.9659522837,-0.2337464689,11,1,1
202100036526,136Â 424,A01,1,1,1,0,1,-1,-1,0,0,-1,2021,23.0,2,2,2,0,9,1,1,,3,7,-1,,2,2,0,2,16,234,2,, -1,1,0,3,80,4,6,2021,21:10,1,85,85175,1,1,0,6,RD7,46.602973,-1.1538,21,1,1
202100027691,152Â 219,A01,10,3,1,9,0,-1,-1,2,3,1,2021,52.0,2,2,0,1,1,1,1,,4,UNIVERSITE (DE L')                  (R ),0,,1,2,3,1,(1),(1),1,, -1,1,0,1,50,21,7,2021,10:30,1,69,69387,2,1,0,6,UNIVERSITE (DE L') (R),45.75109,4.83878,10,2,1
202100002711,196Â 927,A01,1,1,1,5,2,6,9,0,0,-1,2021,45.0,2,1,0,2,1,15,1,,3,,-1,,2,2,0,1,6,100,1,, -1,1,0,1,80,18,12,2021,10:45,1,27,27644,1,2,0,1,RD1,49.147243,1.535259,10,2,2
202100027669,152Â 262,A01,1,1,2,0,8,0,-1,-1, -1,-1,2021,25.0,2,2,0,2,3,9,1,,1,AUTOROUTE A3,0,,3,8,0,1,0,600,1,, -1,1,0,1,70,22,7,2021,18:40,1,93,93006,1,1,0,3,AUTOROUTE A3,48.86559,2.42041,18,2,2
202100026729,153Â 941,A01,1,1,1,5,2,6,9,0,0,-1,2021,40.0,1,1,13,0,0,1,1,,3,113,0,D,2,2,0,1,2,849,2,, -1,1,0,3,80,29,7,2021,15:30,1,53,53008,1,1,0,7,D113,48.305906,-0.553157,15,1,1
202100005399,192Â 143,A01,1,1,1,0,2,6,-1,-1, -1,-1,2021,48.0,1,1,12,2,1,5,1,,3,906,0,,2,2,0,1,0,0,1,, -1,1,9,8,50,1,12,2021,15:47,1,92,92023,2,1,0,6,GENERAL DE GAULLE (AV DU) NÂ°130 A 340 ET,48.7874481539,2.2566282749,15,2,2
202100012762,178Â 908,A01,1,1,1,5,2,6,9,0,0,-1,2021,59.0,1,1,0,0,8,15,1,,3,48,0,,2,2,0,2,27,60,2,, -1,1,0,1,-1,17,10,2021,15:15,1,30,30105,1,1,0,6,dÃ©partementale 48,44.088618,3.538864,15,1,1
202100007685,188Â 015,A01,1,1,1,0,2,6,-1,-1, -1,-1,2021,27.0,2,1,0,2,3,21,1,,3,7,0,,3,2,0,1,17,0,1,, -1,2,0,1,50,17,11,2021,07:40,2,92,92026,2,1,0,2,PRÃSIDENT PAUL DOUMER (QUAI DU),48.891589,2.258363,7,2,2
202100026843,153Â 738,A01,1,1,2,5,1,0,-1,-1, -1,-1,2021,57.0,2,2,0,2,1,15,1,,4,GAMBETTA (BOULEVARD),0,,2,2,0,1,0,0,1,, -1,2,0,1,50,27,7,2021,13:45,1,2,2738,2,2,1,1,GAMBETTA (BOULEVARD),49.65317,3.28973,13,2,2
202100043209,124Â 424,B01,1,1,1,5,0,0,-1,-1, -1,-1,2021,23.0,0,1,0,2,1,0,0,,4,ROBERT BREMOND (RUE),0,,-1,1,0,1,0,0,1,, -1,1,0,8,50,21,4,2021,20:30,1,93,93005,1,1,0,1,ROBERT BREMOND (RUE),48.956082743,2.4603871176,20,2,2
202100043918,123Â 169,A01,10,3,1,3,0,-1,-1,3,3,2,2021,49.0,3,2,0,1,1,15,1,,4,AV DU COLONEL FABIEN ,0,,2,2,0,1,1,0,1,, -1,1,0,1,50,15,4,2021,16:45,1,94,94081,2,2,0,6,Avenue du Colonel Fabien,48.782567,2.38085,16,3,1
202100013351,177Â 885,A01,2,2,1,4,0,-1,-1,0,0,-1,2021,36.0,1,4,13,0,1,16,1,,1,6,0,,1,1,0,2,311,200,3,, -1,1,0,3,50,15,10,2021,11:00,1,21,21086,1,1,0,7,Aire Beaune Tailly,46.969067,4.838512,11,2,1
202100015649,173Â 697,B01,1,1,1,0,2,6,-1,-1, -1,-1,2021,32.0,1,1,0,2,1,18,1,,3,VERDUN (AV DE),0,,1,1,0,1,1,0,1,, -1,2,0,1,50,2,10,2021,21:30,5,94,94041,2,1,1,3,Avenue de Verdun,48.81673,2.36725,21,2,2