Num_Acc,id_vehicule,num_veh,place,catu,sexe,trajet,secu1,secu2,secu3,locp,actp,etatp,year_acc,victim_age,senc,catv,obs,obsm,choc,manv,motor,occutc,catr,voie,v1,v2,circ,nbv,vosp,prof,pr,pr1,plan,lartpc,larrout,surf,infra,situ,vma,jour,mois,an,hrmn,lum,dep,com,agg_,int,atm,col,adr,lat,long,hour,nb_victim,nb_vehicules
202100047702,116Â 481,B01,1,1,1,1,2,6,-1,-1,0,-1,2021,55.0,2,1,0,2,1,3,1,,1,AUTOROUTE A15,0,,3,7,0,1,11,199,1,, -1,2,0,1,90,17,3,2021,07:00,1,95,95252,1,1,1,5,A15,48.9789465762,2.2292576259,7,3,3
202100020135,165Â 634,B01,1,1,2,1,2,6,-1,-1, -1,-1,2021,49.0,1,1,0,2,4,0,1,,3,989,0,,1,2,0,1,63,0,1,, -1,1,0,1,30,8,9,2021,17:30,1,92,92040,2,1,0,2,VICTOR CRESSON (AVENUE) DU 29 AU 77,48.8215454028,2.2628325723,17,2,2
202100029627,148Â 829,A01,3,2,1,5,1,0,-1,-1, -1,-1,2021,14.0,1,2,0,0,7,2,0,,3,JULES GUESDE (QU),0,,1,2,0,1,1,0,1,, -1,1,0,1,50,10,7,2021,19:45,1,94,94081,2,2,0,3,Rue Eugene Henaff,48.794764,2.417874,19,8,2
202100031951,144Â 630,A01,10,3,2,0,8,8,-1,3,3,2,2021,9.0,3,2,0,1,4,4,1,,4,STALINGRAD (RUE DE)   (E.ZOLA A ALLIES),0,,2,4,0,1,(1),(1),1,, -1,1,0,1,50,27,6,2021,17:10,1,38,38185,2,3,0,6,Rue de Stalingrad,45.17249,5.72463,17,2,1
202100001061,199Â 866,A01,1,1,1,9,2,8,-1,0,0,-1,2021,43.0,1,1,1,0,5,13,1,,4,RUE LECOURBE,0,,1,2,0,1,(1),(1),1,, -1,2,0,1,30,27,12,2021,03:50,5,75,75115,2,1,1,6,RUE LECOURBE,48.843453,2.305501,3,1,1
202100029926,148Â 310,A01,1,1,2,0,8,0,-1,-1, -1,-1,2021,36.0,1,2,0,2,1,14,1,,1,A55-Sens Marseille vers Martigues,0,,1,2,0,1,19,600,1,, -1,1,0,8,110,2,7,2021,13:45,1,13,13043,1,1,0,5,A55-Sens Marseille vers Martigues,43.3844238707,5.2348025836,13,1,1
202100032545,143Â 595,A01,1,1,1,0,2,6,-1,0,0,-1,2021,54.0,0,1,0,0,0,1,1,,4,,-1,,2,2,0,2,(1),(1),4,,4,1,0,3,50,20,6,2021,19:30,1,24,24329,2,1,0,7,Route du Desert,45.047127,0.100776,19,1,1
202100019356,167Â 031,B01,2,2,2,5,1,0,-1,-1, -1,-1,2021,26.0,2,2,0,2,6,2,1,,4,CLOT BEY (AVENUE),0,,2,2,0,1,0,0,3,, -1,1,0,1,50,12,9,2021,03:10,5,13,13208,2,1,0,3,CLOT BEY (AVENUE),43.25923,5.38611,3,3,2
202100036274,136Â 841,A01,1,1,2,5,1,0,-1,-1, -1,-1,2021,54.0,3,2,0,2,2,15,1,,3,GABRIEL LACASSAGNE (R),0,,-1,2,0,2,0,0,1,, -1,1,0,1,50,5,6,2021,14:30,1,94,94033,2,2,0,3,NEUILLY (AV DE),48.84734,2.48502,14,3,2
202100018841,167Â 968,A01,1,1,1,1,1,-1,-1,0,0,-1,2021,20.0,2,5,0,0,0,21,1,,3,27,-1,D,2,2,0,2,7,500,2,, -1,1,0,3,70,15,9,2021,19:38,2,61,61327,1,1,0,7,D27,48.443892,0.416451,19,1,1
202100055606,102Â 463,A01,10,3,1,3,0,-1,-1,3,3,1,2021,17.0,1,5,0,1,3,1,1,,3,1089,0,D,2,2,0,1,14,700,1,, -1,2,6,1,50,12,1,2021,19:25,5,42,42094,2,1,1,6,"52, rue de la loire",45.74285,4.216089,19,3,2
202100047457,116Â 938,A01,1,1,1,0,8,0,-1,-1, -1,-1,2021,25.0,1,2,0,2,6,1,1,,1,A7-Sens Lyon vers Marseille,0,,-1,4,0,2,272,0,1,, -1,1,0,1,90,18,3,2021,10:17,1,13,13106,1,1,0,3,A7-Sens Lyon vers Marseille,43.39208,5.35101,10,2,2
202100000887,200Â 160,B01,1,1,1,5,2,0,-1,0,0,-1,2021,52.0,2,1,0,2,3,1,1,,4,AVENUE MAURICE D OCAGNE,0,,2,1,0,1,(1),(1),1,, -1,1,0,1,30,30,12,2021,19:25,5,75,75114,2,3,0,1,AVENUE MAURICE D OCAGNE,48.82468,2.313533,19,2,2
202100041132,128Â 084,A01,1,1,1,4,8,0,-1,-1, -1,-1,2021,38.0,3,1,0,2,1,19,5,,4,,0,,1,1,0,1,(1),(1),1,, -1,2,0,1,30,30,4,2021,12:45,1,1,1053,2,2,1,3,SAMARITAINE ( RUE),46.2047225805,5.2274948816,12,2,2
202100036038,137Â 271,B01,1,1,1,0,1,0,-1,-1, -1,-1,2021,45.0,1,2,0,2,1,0,1,,1,A51-Sens Marseille vers Aix en Provence,0,,1,3,0,1,11,0,1,, -1,1,0,1,90,7,6,2021,08:50,1,13,13001,1,1,0,2,A51-Sens Marseille vers Aix en Provence,43.52788,5.4278,8,2,2
202100040632,128Â 983,B01,1,1,1,0,2,0,-1,-1, -1,-1,2021,43.0,2,1,0,2,1,1,1,,3,FRANCE ANATOLE (BOULEVARD) NR AUTRES,0,,2,2,0,2,0,1,2,, -1,1,9,1,50,9,5,2021,19:45,1,93,93066,2,1,0,1,Boulevard Anatole France,48.919929,2.343625,19,2,2
202100040311,129Â 547,A01,1,1,2,1,0,-1,-1,-1, -1,-1,2021,55.0,1,1,0,2,7,1,5,,4,DUQUESNE                            (R ),0,,2,4,3,1,(1),(1),1,, -1,2,0,1,50,11,5,2021,08:20,1,69,69386,2,2,1,3,DUQUESNE (R),45.77246,4.8431,8,2,2
202100031223,145Â 931,A01,2,2,2,5,2,6,-1,0,0,-1,2021,46.0,1,1,0,0,2,1,1,,3,80,0,,2,2,0,1,7,346,2,, -1,1,0,1,80,2,7,2021,18:25,1,54,54250,1,1,0,7,D80,48.6827973591,6.3674944648,18,2,1
202100047772,116Â 358,A01,10,3,1,0,0,-1,-1,1,3,1,2021,16.0,1,2,0,1,3,1,1,,4,PALMIERS (RUE DES),0,,2,2,0,1,0,0,1,, -1,1,0,1,50,15,3,2021,15:50,1,72,72181,2,1,0,6,PALMIERS (RUE DES),48.01734,0.20241,15,2,1
202100003584,195Â 347,A01,1,1,1,5,8,8,8,-1, -1,-1,2021,25.0,2,0,0,2,0,1,0,,4,C.De GAULLE (Rocade),0,,3,2,0,1,0,100,1,, -1,1,0,1,90,8,12,2021,18:00,2,84,84007,1,1,0,1,C.De GAULLE (Rocade),43.928763,4.810891,18,2,2
202100005749,191Â 520,C01,1,1,2,0,1,0,-1,0,0,-1,2021,23.0,2,2,0,2,8,1,1,,4,SAINTE MARIE (QUAI),0,,2,2,0,1,(1),(1),1,, -1,1,0,1,50,28,11,2021,19:25,5,71,71076,2,3,0,5,Quai Sainte-Marie,46.7823230379,4.8609721509,19,3,3
202100022188,161Â 984,A01,1,1,1,0,2,6,-1,0,0,-1,2021,48.0,2,1,0,2,1,2,1,,3,905,0,,2,2,0,1,98,700,1,, -1,1,0,1,50,28,8,2021,18:25,1,21,21292,2,9,0,2,57 Avenue du General de Gaulle,47.236839,5.225962,18,2,2
202100038594,132Â 651,A01,4,2,1,0,1,0,-1,-1, -1,-1,2021,7.0,2,2,0,2,1,1,1,,1,A4,0,,3,6,0,1,22,799,1,, -1,2,0,1,110,24,5,2021,16:30,1,77,77121,1,1,1,2,A4,48.83139,2.68345,16,5,2
202100038804,132Â 254,B01,1,1,1,5,2,-1,-1,0,0,-1,2021,34.0,1,1,0,2,3,1,1,,3,35a,0,D,2,2,0,2,1,0,1,, -1,1,0,1,50,22,5,2021,10:30,1,972,97221,2,4,0,3,Quartier Fond Masson,14.544134,-60.940658,10,2,2
202100039859,130Â 335,A01,1,1,1,0,8,-1,-1,0,0,-1,2021,31.0,1,2,13,0,2,1,1,,1,4,0,A,3,4,0,1,283,300,1,, -1,2,0,3,130,16,5,2021,05:30,2,54,54408,1,1,0,7,A4 ,49.1722769711,5.759496689,5,1,1
202100052933,107Â 104,C01,2,2,2,3,1,-1,-1,0,0,-1,2021,52.0,2,2,0,2,1,1,1,,3,35,-1,,2,2,0,1,3,0,1,, -1,2,0,1,80,2,2,2021,18:07,3,1,1354,1,1,1,4,Route DÃ©partementale 35,46.2446386768,6.0385542967,18,5,3
202100044145,122Â 769,A01,1,1,1,5,1,8,-1,-1, -1,-1,2021,19.0,1,2,2,0,1,13,1,,4,FLANDRES-DUNKERQUE ( BD ),0,,2,2,0,1,(1),(1),1,, -1,2,5,1,30,10,4,2021,13:15,1,56,56121,2,6,1,6,Boulevard Flandres-Dunkerque 1940,47.74841,-3.39623,13,5,1
202100011107,181Â 875,A01,1,1,1,0,2,0,-1,-1, -1,-1,2021,35.0,1,1,0,2,1,1,1,,3,CHARMEIL (ROUTE DE),0,,2,2,0,1,18,400,1,, -1,1,0,1,50,22,10,2021,16:40,1,3,3023,2,1,0,2,Route de Charmeil,46.142,3.397,16,2,2
202100044802,121Â 631,B01,1,1,1,0,2,6,-1,-1, -1,-1,2021,21.0,1,1,6,0,3,21,1,,4,BRIQUETERIE (RUE DE LA),0,,2,2,0,1,0,0,1,, -1,1,0,1,50,7,4,2021,17:20,1,72,72181,2,1,0,7,BRIQUETERIE (RUE DE LA),47.9932,0.16572,17,2,2
202100049458,113Â 358,A01,2,2,2,9,1,-1,-1,0,0,-1,2021,43.0,1,2,7,0,1,2,1,,3,54,-1,,2,2,0,1,(1),(1),1,, -1,2,0,8,80,4,3,2021,21:00,3,59,59034,1,6,0,6,Rue de Lille,50.547635,3.099864,21,2,1
202100053059,106Â 882,A01,1,1,2,1,1,-1,-1,0,0,-1,2021,36.0,1,2,13,0,1,14,1,,2,RN 165,0,,3,4,0,2,46,599,1,, -1,1,0,1,110,25,1,2021,08:30,1,29,29232,1,1,0,6,N165 - Keraudren,47.9888,-4.02871,8,1,1
202100015965,173Â 133,A01,10,3,1,2,0,-1,-1,2,1,2,2021,4.0,1,2,0,1,0,1,1,,4,DUQUESNE (ALLEE),0,,1,1,0,1,0,0,1,, -1,1,0,1,30,28,9,2021,16:35,1,93,93053,2,9,0,3,DUQUESNE (ALLEE),48.89945,2.467964,16,3,1
202100053861,105Â 470,A01,3,2,2,5,1,0,-1,-1, -1,-1,2021,27.0,2,2,0,2,5,15,1,,3,JEAN JAURES (RUE),0,,1,3,3,1,0,1,1,, -1,2,5,1,50,24,1,2021,16:00,1,93,93053,2,3,0,3,JEAN JAURES (RUE),48.8917502374,2.4549399927,16,5,2
202100044358,122Â 383,B01,1,1,1,9,1,-1,-1,-1, -1,-1,2021,44.0,2,2,1,2,2,1,1,,4,CAMILLE ROUSSET                     (AV),0,,2,2,0,1,(1),(1),1,, -1,2,0,1,50,11,4,2021,20:00,5,69,69029,2,3,1,3,CAMILLE ROUSSET (AV),45.73635,4.91416,20,2,2
202100040064,129Â 983,A01,1,1,1,0,2,6,-1,0,0,-1,2021,32.0,1,1,0,2,3,1,1,,4,PAULINE RUE ET JARDIN,0,,2,2,0,1,(1),(1),1,, -1,1,0,1,50,13,5,2021,17:20,1,6,6004,2,3,0,3,PAULINE RUE ET JARDIN,43.572864,7.107338,17,2,2
202100015885,173Â 281,A01,1,1,1,0,8,0,-1,-1, -1,-1,2021,33.0,0,1,0,2,3,16,1,,4,MOROSELLI (RUE JULES),0,,1,1,0,1,0,0,1,, -1,1,0,1,50,30,9,2021,13:15,1,83,83137,2,2,0,3,MOROSELLI (RUE JULES),43.13595,5.91968,13,2,2
202100010769,182Â 485,A01,1,1,1,0,8,-1,-1,0,0,-1,2021,81.0,0,2,0,2,8,9,1,,3,412,-1,,2,2,0,1,0,10,1,, -1,1,0,1,80,27,10,2021,16:55,1,51,51508,1,2,1,3,D412,48.6198627435,4.4175586945,16,2,2
202100017927,169Â 579,A01,10,3,1,9,4,-1,-1,1,9,1,2021,43.0,1,2,0,1,3,9,1,,4,205,0,,4,2,0,1,(1),(1),1,, -1,1,5,1,50,20,9,2021,10:20,1,29,29075,2,3,1,6,Rue Louis Lichou,48.411172,-4.4191,10,2,1
202100053147,106Â 743,A01,4,2,1,5,1,0,-1,-1,0,-1,2021,7.0,1,2,0,0,9,1,1,,2, 104,0,,1,1,0,1,17,0,3,, -1,1,3,1,50,30,1,2021,14:30,1,95,95241,1,1,0,7,RN 104,49.0468501113,2.436712639,14,2,1
202100037164,135Â 256,A01,10,3,2,5,0,-1,-1,2,3,1,2021,22.0,0,2,0,1,2,1,1,,4,QUATORZE JUILLET (BOULEVARD),0,,1,1,0,1,(1),(1),1,, -1,2,0,1,50,16,2,2021,18:26,5,27,27229,2,1,0,6,QUATORZE JUILLET (BOULEVARD),49.009782,1.166511,18,2,1
202100047073,117Â 629,B01,1,1,2,9,1,-1,-1,0,0,-1,2021,31.0,2,2,0,2,2,0,1,,3,03,0,D,2,2,0,1,55,47,1,, -1,1,0,1,80,23,3,2021,07:50,1,31,31253,1,3,0,3,Route de Saint-clar,43.468101,1.234524,7,2,2
202100037075,135Â 430,A01,1,1,1,1,2,0,-1,-1, -1,-1,2021,24.0,1,1,0,0,1,13,1,,4,,0,,1,1,0,1,0,0,1,, -1,1,0,1,50,1,6,2021,18:25,1,92,92049,2,1,0,7,VANNE RUE DE LA,48.8131136041,2.3278749619,18,1,1
202100003324,195Â 821,A01,1,1,1,5,1,0,-1,-1, -1,-1,2021,51.0,2,2,0,2,1,2,1,,1,86,0,,3,3,0,1,10,399,1,, -1,1,0,1,90,11,12,2021,18:35,3,92,92036,1,1,0,5,AUTOROUTE A86,48.9369901949,2.3179974325,18,3,3
202100018509,168Â 548,C01,1,1,1,4,1,8,-1,-1, -1,-1,2021,53.0,2,5,0,2,4,1,1,,1,A507 sens Aubagne- Marseille,0,,-1,2,0,1,8,899,1,, -1,1,0,1,90,12,9,2021,03:45,5,13,13055,1,1,0,5,A507 sens Aubagne- Marseille,43.286917,5.424946,3,3,3
202100025968,155Â 263,Z01,10,3,2,5,0,-1,-1,5,1,2,2021,15.0,3,2,0,1,3,25,0,,4,EPINAY (RUE D' ),0,,2,2,0,1,(1),(1),1,, -1,1,0,4,50,1,8,2021,21:10,1,95,95018,2,1,0,6,EPINAY (RUE D' ),48.9551838769,2.2891178727,21,4,1
202100011982,180Â 301,B01,1,1,2,1,1,0,-1,-1, -1,-1,2021,21.0,2,2,0,2,1,1,1,,3,TOULOUSE (RUE DE),0,,3,3,0,2,0,0,2,, -1,1,3,1,50,19,10,2021,13:22,1,87,87065,2,1,0,3,TOULOUSE (RUE DE),45.7982,1.29564,13,3,2
202100031005,146Â 315,B01,1,1,1,5,1,8,-1,0,0,-1,2021,48.0,1,2,0,2,4,2,1,,3,,0,,2,2,0,4,28,0,1,, -1,1,5,1,70,1,7,2021,15:55,1,71,71540,1,1,0,2,Rond-Point du Vieux Saule,46.7683229003,4.4520665769,15,2,2
202100031040,146Â 258,A01,1,1,1,5,2,6,-1,0,0,-1,2021,25.0,2,1,0,9,7,1,1,,4,JAURES (BD JEAN),0,,2,2,0,1,(1),(1),1,, -1,1,0,1,50,2,7,2021,01:30,5,63,63113,2,2,0,3,JAURES (BD JEAN),45.7678246174,3.081869576,1,3,2
202100035563,138Â 146,A01,10,3,2,5,0,-1,-1,3,3,2,2021,28.0,3,2,0,1,3,1,1,,4,PARC (AVENUE DU),0,,2,2,0,1,0,0,1,, -1,1,0,1,50,9,6,2021,17:00,1,93,93073,2,3,0,6,Avenue du Parc / Avenue Ernest Renan,48.9532,2.57399,17,4,1
202100005531,191Â 911,A01,10,3,2,9,0,-1,-1,3,3,1,2021,43.0,2,1,0,1,7,17,5,,4,RUE DU FOUR,0,,2,2,0,1,(1),(1),1,, -1,1,0,1,30,30,11,2021,12:00,1,75,75106,2,4,0,6,RUE DU FOUR,48.852705,2.333938,12,2,1
202100017374,170Â 583,B01,1,1,1,1,2,6,-1,-1, -1,-1,2021,58.0,1,1,0,2,2,3,1,,1,A13,0,,3,4,0,1,2,799,1,, -1,1,2,1,70,23,9,2021,19:00,1,92,92064,1,1,0,3,A13,48.8428841779,2.2225132585,19,2,2
202100032205,144Â 195,B01,1,1,1,5,2,-1,-1,0,0,-1,2021,59.0,2,1,0,0,8,2,5,,2,2,-1,,2,2,0,3,(1),(1),4,, -1,1,0,1,70,27,6,2021,07:00,1,971,97106,1,1,0,3,Route de Bellon,16.182844,-61.782137,7,2,2
202100048801,114Â 541,A01,1,1,2,3,1,-1,-1,0,0,-1,2021,79.0,1,2,15,0,1,1,1,,3,8,-1,,2,2,0,1,58,600,1,, -1,1,0,3,80,9,3,2021,11:30,1,65,65174,1,1,0,6,D8 - Route de Labatut RiviÃ¨re,43.499784,0.036703,11,1,1
202100054470,104Â 400,B01,1,1,1,5,8,0,-1,0,0,-1,2021,39.0,1,1,0,2,2,1,5,,4,PLACE DU CARDINAL LAVIGERIE,0,,2,2,0,1,(1),(1),1,, -1,1,-1,5,50,19,1,2021,21:40,4,75,75112,2,2,0,3,PLACE DU CARDINAL LAVIGERIE,48.833354,2.402269,21,2,2
202100048726,114Â 663,B01,1,1,2,5,0,-1,-1,0,0,-1,2021,73.0,2,1,0,2,8,2,5,,3,17,-1,,2,2,0,1,0,400,1,, -1,1,0,1,80,9,3,2021,17:50,1,42,42338,1,1,1,3,Route de Perreux,46.090176,4.120345,17,2,2
202100007058,189Â 137,B01,1,1,1,0,2,6,-1,-1, -1,-1,2021,24.0,1,1,1,0,0,0,0,,4,SAINT-DENIS(RUE),0,,2,2,0,1,0,0,1,, -1,1,0,1,50,20,11,2021,22:10,5,93,93070,2,1,0,1,SAINT-DENIS(RUE),48.9191348372,2.3339822122,22,2,2
202100038737,132Â 383,A01,1,1,1,5,2,6,-1,0,0,-1,2021,16.0,3,1,0,2,1,17,1,,4,MARECHAL JUIN AVENUE,0,,3,1,0,1,(1),(1),1,, -1,1,0,1,50,22,5,2021,17:20,1,201,201004,2,1,0,3,MARECHAL JUIN AVENUE,41.9369547867,8.7507987394,17,3,2
202100037074,135Â 432,B01,1,1,1,1,1,0,-1,-1, -1,-1,2021,46.0,1,2,0,2,6,1,1,,2,13,0,,3,3,1,1,0,0,1,, -1,1,0,1,50,1,6,2021,20:28,1,92,92051,2,1,0,2,"CHARLES DE GAULLE (AVENUE, NÂ° 18 A 116)",48.88189,2.26872,20,2,2
202100036588,136Â 311,B01,1,1,2,0,1,0,-1,-1, -1,-1,2021,23.0,2,2,0,2,3,1,1,,3,AV CHARLES DE GAULLE,0,,-1,0,0,2,0,0,1,, -1,1,5,1,50,3,6,2021,19:31,1,91,91589,2,2,0,3,AV CHARLES DE GAULLE,48.67685,2.34983,19,2,2
202100041494,127Â 438,A01,1,1,2,9,1,8,-1,-1, -1,-1,2021,36.0,1,2,0,2,1,1,1,,3,ROUTE NATIONALE 3,0,,2,2,0,1,0,349,1,, -1,1,9,1,70,3,5,2021,12:50,1,973,97302,2,1,0,5,ROUTE NATIONALE 3,4.90529,-52.31981,12,3,3
202100048363,115Â 305,A01,1,1,1,0,8,8,-1,0,0,-1,2021,66.0,1,5,0,2,1,1,1,,4,DE BECHADE (RUE ANDRE),0,,2,2,0,1,0,0,3,, -1,1,5,1,50,9,3,2021,07:00,1,988,98818,2,6,0,2,DE BECHADE (RUE ANDRE),-22.2427,166.46085,7,2,2
202100001983,198Â 255,B01,1,1,1,4,1,5,-1,-1, -1,-1,2021,23.0,1,5,0,2,2,1,1,,1,86,0,,1,2,0,1,12,0,1,, -1,1,9,1,90,21,12,2021,01:30,3,92,92078,1,1,0,3,AUTOROUTE A86,48.927485441,2.3328405619,1,2,2
202100010258,183Â 369,A01,5,2,1,5,1,0,-1,-1,0,-1,2021,17.0,2,2,4,2,2,1,1,,1,AUTOROUTE A3,0,,1,0,0,2,16,0,3,, -1,2,0,3,50,30,10,2021,01:50,5,95,95277,1,1,1,6,A3,48.97333,2.48633,1,5,1
202100044961,121Â 367,B01,1,1,1,1,2,0,-1,-1, -1,-1,2021,47.0,1,1,0,2,2,12,1,,7,CD 5 (Route d'Istres),0,,1,2,0,1,30,850,2,, -1,1,0,1,50,24,3,2021,11:30,1,13,13056,2,1,0,3,CD 5 (Route d'Istres),43.4302860783,5.0471384771,11,2,2
202100003355,195Â 766,B01,1,1,1,5,2,6,-1,0,0,-1,2021,64.0,1,1,0,2,1,1,5,,3,918,-1,D,2,2,0,1,23,218,1,, -1,2,0,5,50,12,12,2021,10:39,1,64,64213,2,2,1,3,RD918,43.339391,-1.45299,10,2,2
202100045924,119Â 669,B01,1,1,2,2,8,8,-1,-1, -1,-1,2021,12.0,2,1,0,2,0,0,5,,4,BOIS GUYOT (RUE DU),0,,2,2,0,1,0,0,1,, -1,1,0,1,30,30,3,2021,13:45,1,77,77285,2,9,0,3,BOIS GUYOT (RUE DU),48.538849,2.624155,13,2,2
202100040168,129Â 802,A01,1,1,1,5,2,0,-1,-1, -1,-1,2021,16.0,0,1,15,0,1,14,1,,4,MITTERAND ( RUE FRANCOIS ),0,,2,2,0,1,(1),(1),2,, -1,1,9,4,50,12,5,2021,03:30,3,62,62132,2,1,0,7,MITTERAND ( RUE FRANCOIS ),50.522901,2.869264,3,1,1
202100004766,193Â 265,B01,1,1,2,5,1,-1,-1,-1, -1,-1,2021,22.0,2,2,0,2,1,1,1,,4,AVE VICTOR HUGO,0,,2,2,0,1,(1),(1),1,, -1,2,5,1,50,4,12,2021,20:08,5,33,33069,2,2,1,3,Avenue Victor Hugo,44.8639,-0.59029,20,2,2
202100018840,167Â 969,A01,1,1,1,5,2,-1,-1,0,0,-1,2021,70.0,1,1,0,5,1,1,5,,3,92,-1,,2,1,0,2,10,600,1,,3,1,0,1,80,11,9,2021,10:15,1,71,71340,1,2,0,6,D92,46.558978,4.190292,10,1,1
202100037835,134Â 028,B01,1,1,1,9,2,6,-1,0,0,-1,2021,61.0,0,1,0,2,7,17,1,,4,BOULEVARD LANNES,0,,2,2,0,1,(1),(1),1,, -1,1,0,1,50,28,5,2021,10:25,1,75,75116,2,1,0,3,BOULEVARD LANNES,48.868251,2.272994,10,2,2
202100015675,173Â 648,B01,1,1,2,9,1,-1,-1,0,0,-1,2021,68.0,3,2,0,2,1,13,1,,4,,-1,,2,2,0,1,(1),(1),1,,6,1,0,1,50,2,10,2021,17:14,1,31,31032,2,1,0,1,1686 Chemin de lâEnseigure,43.67802,1.347397,17,2,2
202100043563,123Â 799,B01,2,1,1,0,2,0,-1,-1, -1,-1,2021,31.0,0,1,0,2,2,1,1,,4,RAINCY (AVENUE DU),0,,1,2,0,1,0,0,1,, -1,1,0,8,50,18,4,2021,21:00,5,93,93077,2,9,0,3,RAINCY (AVENUE DU),48.88593,2.50836,21,2,2
202100005420,192Â 108,B01,1,1,1,4,1,-1,-1,0,0,-1,2021,31.0,2,2,0,2,3,1,1,,3,54,0,D,2,1,0,2,13,600,4,, -1,2,0,1,50,2,12,2021,16:15,1,29,29227,1,1,1,1,Lieu Dit le Guilly,48.374283,-3.602872,16,4,2
202100007903,187Â 614,A01,1,1,1,0,1,-1,-1,0,0,-1,2021,41.0,1,2,0,2,1,5,1,,3,943,-1,,2,2,0,1,43,120,1,, -1,1,0,1,90,12,11,2021,21:30,3,36,36071,1,1,0,1,rd 943,46.78625,1.768627,21,2,2
202100045634,120Â 167,A01,10,3,2,3,0,-1,-1,1,3,1,2021,82.0,2,1,0,1,2,5,5,,4,RUE OBERKAMPF,0,,1,1,0,2,(1),(1),1,, -1,1,0,1,50,1,4,2021,12:10,1,75,75111,2,3,0,6,RUE OBERKAMPF,48.865928,2.378554,12,2,1
202100017163,170Â 961,B01,1,1,1,5,2,6,-1,0,0,-1,2021,26.0,2,1,0,2,8,1,1,,3,813,-1,,2,2,0,1,30,72,1,,4,1,0,1,50,24,8,2021,23:50,3,31,31409,2,3,0,3,D813,43.502968,1.511127,23,2,2
202100022176,162Â 005,B01,1,1,1,5,2,6,9,0,0,-1,2021,28.0,2,1,0,2,1,1,1,,3,98,0,,2,2,0,2,7,750,1,, -1,1,0,1,80,27,8,2021,16:15,1,87,87063,1,2,0,3,Route de Feytiat,45.787266,1.371542,16,3,2
202100013295,177Â 976,B01,1,1,1,1,2,6,-1,-1, -1,-1,2021,49.0,3,1,13,2,3,1,1,,4,CHEMIN DU LAC,0,,2,2,0,1,(1),(1),2,, -1,1,0,1,50,5,10,2021,13:20,1,7,7229,2,1,0,3,CHEMIN DU LAC,44.617177,4.410408,13,2,2
202100044141,122Â 773,A01,1,1,1,4,8,0,-1,-1, -1,-1,2021,29.0,2,2,0,2,7,15,1,,7,DE LATTRE TASSIGNY.AVÂ°4A158,0,,2,2,1,1,(1),(1),1,, -1,1,0,1,50,9,4,2021,20:15,2,59,59527,2,2,0,3,LAMBERSART RUE DE,50.65764,3.04045,20,2,2
202100037740,134Â 208,A01,1,1,1,0,2,8,-1,-1, -1,-1,2021,41.0,2,1,0,0,2,3,1,,3,RD 41 (ROCADE),0,,1,4,0,1,4,0,1,, -1,1,0,1,50,28,5,2021,08:50,1,972,97209,1,1,0,7,RD 41 (ROCADE),14.61719,-61.07337,8,1,1
202100014785,175Â 282,A01,10,3,1,0,0,-1,-1,2,3,1,2021,68.0,0,2,0,1,1,1,1,,4,BALEARES AVENUE DES,0,,2,2,0,4,0,0,1,, -1,1,0,1,50,4,10,2021,18:15,1,66,66136,2,1,0,6,BALEARES AVENUE DES,42.6934509716,2.8930817727,18,2,1
202100003985,194Â 628,B01,2,2,2,5,1,0,-1,-1, -1,-1,2021,19.0,2,2,0,2,7,15,1,,2,SAINT MARTIAL (QUAI),0,,3,5,0,1,18,100,1,, -1,2,5,1,50,7,12,2021,21:05,5,87,87085,2,2,1,5,DUMAS (AVENUE GEORGES),45.82603,1.26801,21,4,3
202100055722,102Â 262,C01,1,1,2,5,1,-1,-1,0,0,-1,2021,47.0,2,2,0,2,1,1,1,,3,59,-1,,2,2,0,1,16,535,1,, -1,2,0,1,80,9,1,2021,19:55,3,68,68185,1,1,0,4,RN 59,48.267398,7.310736,19,3,3
202100004916,193Â 001,A01,1,1,1,5,2,8,-1,0,0,-1,2021,37.0,2,1,0,2,7,1,5,,4,AVENUE DE L HIPPODROME,0,,2,2,1,2,(1),(1),1,, -1,1,-1,5,50,2,12,2021,00:55,5,75,75116,2,2,0,3,AVENUE DE L HIPPODROME,48.862286,2.238303,0,2,2
202100002714,196Â 920,A01,1,1,2,1,1,0,-1,-1, -1,-1,2021,22.0,2,2,0,2,3,2,1,,1,A7-Sens Marseille vers Lyon,0,,-1,3,0,1,273,0,1,, -1,1,0,1,90,15,12,2021,09:10,1,13,13215,1,1,0,2,A7-Sens Marseille vers Lyon,43.37899,5.35528,9,2,2
202100045583,120Â 251,B01,1,1,2,1,1,0,-1,0,0,-1,2021,57.0,1,2,0,2,4,1,1,,4,BRIGACHTAL (AVENUE DE),0,,2,2,0,1,(1),(1),1,, -1,1,0,1,70,31,3,2021,17:50,1,54,54184,2,1,0,4,BRIGACHTAL (AVENUE DE),48.70757,6.24126,17,5,3
202100021322,163Â 541,A01,1,1,1,0,2,-1,-1,0,0,-1,2021,22.0,1,1,0,2,1,17,1,,3,4,-1,,2,2,0,1,14,700,1,, -1,1,0,1,50,3,9,2021,14:00,1,974,97415,2,1,0,1,DÃ©partementale 4 - rue Montrouge,-21.02114,55.296131,14,2,2