Num_Acc,id_vehicule,num_veh,place,catu,sexe,trajet,secu1,secu2,secu3,locp,actp,etatp,year_acc,victim_age,senc,catv,obs,obsm,choc,manv,motor,occutc,catr,voie,v1,v2,circ,nbv,vosp,prof,pr,pr1,plan,lartpc,larrout,surf,infra,situ,vma,jour,mois,an,hrmn,lum,dep,com,agg_,int,atm,col,adr,lat,long,hour,nb_victim,nb_vehicules
202100000397,200Â 993,A01,10,3,1,5,0,-1,-1,2,3,1,2021,75.0,0,2,0,1,3,1,1,,4,,-1,,2,2,0,1,(1),(1),1,,4,1,5,1,50,20,12,2021,13:55,1,83,83115,2,6,0,6,place mermoz,43.310749,6.634616,13,2,1
202100018835,167Â 980,B01,1,1,1,5,0,-1,-1,0,0,-1,2021,66.0,0,0,0,2,8,5,3,,3,1324,-1,,2,2,0,1,18,620,1,, -1,1,0,1,50,10,9,2021,20:10,5,60,60203,2,1,0,3,22 Rue de Senlis,49.234817243,2.85564462,20,2,2
202100047817,116Â 282,B01,1,1,1,9,2,6,-1,-1, -1,-1,2021,47.0,3,1,0,2,1,1,1,,7,GARLABAN (AVENUE DU),0,,2,2,0,1,0,0,1,, -1,1,0,1,50,16,3,2021,15:10,1,13,13005,2,3,0,3,GARLABAN (AVENUE DU),43.29753,5.57378,15,3,2
202100046672,118Â 345,B01,1,1,1,5,0,-1,-1,0,0,-1,2021,12.0,2,1,0,0,7,15,5,,3,505,0,,2,2,0,1,16,400,2,,4,1,0,1,50,26,3,2021,17:49,1,68,68250,2,2,0,3,D505,47.937647,7.2324,17,2,2
202100028972,149Â 942,A01,1,1,2,5,2,-1,-1,-1, -1,-1,2021,57.0,2,0,16,0,0,19,3,,3,COTE D'ARGENT (BD) DU 164 AU 254,0,,2,2,1,1,(1),(1),1,, -1,1,0,1,30,14,7,2021,17:50,1,33,33009,2,1,0,7,COTE D'ARGENT (BD) DU 164 AU 254,44.64167,-1.20168,17,1,1
202100001465,199Â 168,A01,1,1,2,9,1,0,-1,-1, -1,-1,2021,53.0,1,2,0,2,2,26,1,,4,BAHONNEAU BOULEVARD,0,,2,2,0,1,1,0,1,, -1,2,0,1,50,24,12,2021,14:02,1,49,49353,2,4,0,3,BAHONNEAU BOULEVARD,47.45418,-0.48283,14,2,2
202100036532,136Â 416,C01,1,1,1,1,1,-1,-1,0,0,-1,2021,55.0,1,2,0,2,2,1,1,,1,8,-1,,3,4,0,2,197,700,2,, -1,1,0,1,90,1,6,2021,06:40,1,6,6088,1,1,0,5,A8 PK 197+700 SUD,43.728531,7.260431,6,5,5
202100046544,118Â 581,B01,1,1,1,5,1,8,-1,-1, -1,-1,2021,25.0,1,2,0,2,8,1,1,,4,FORBIN (RUE DE),0,,1,2,0,2,0,0,1,, -1,1,0,1,50,25,3,2021,23:15,5,13,13202,2,2,0,3,FORBIN (RUE DE),43.30532,5.36931,23,2,2
202100050417,111Â 579,A01,1,1,2,9,8,-1,-1,0,0,-1,2021,36.0,1,2,0,2,3,1,1,,3,40,0,,2,2,0,1,3,(1),3,, -1,1,0,1,80,25,2,2021,17:55,2,54,54090,1,1,0,1,rue Raymond PoincarÃ©,48.76053,6.15143,17,2,2
202100001672,198Â 810,C01,3,2,2,5,1,8,-1,-1, -1,-1,2021,12.0,1,2,0,2,4,0,1,,2,RN 104,0,,1,3,0,1,58,900,1,, -1,1,0,1,110,23,12,2021,18:00,3,91,91363,1,1,0,4,RN 104,48.66105,2.18647,18,4,3
202100020979,164Â 168,A01,1,1,1,0,1,0,-1,-1, -1,-1,2021,36.0,2,2,4,0,3,2,1,,1,A13W,0,,-1,2,0,1,22,500,1,, -1,2,0,1,110,4,9,2021,19:25,1,78,78007,1,1,1,6,A13W,48.901159,2.005081,19,1,1
202100000562,200Â 696,A01,10,3,2,5,0,-1,-1,3,3,1,2021,79.0,1,2,0,1,2,1,1,,4,FOCH (RUE  MARECHAL ),0,,2,2,0,1,(1),(1),1,, -1,1,0,1,30,8,11,2021,18:10,2,56,56121,2,1,0,6,FOCH (RUE  MARECHAL ),47.75067,-3.36034,18,2,1
202100055725,102Â 257,A01,1,1,2,0,1,-1,-1,0,0,-1,2021,41.0,1,2,0,2,1,2,1,,2,,0,,1,2,0,1,8,700,3,, -1,1,3,1,50,8,1,2021,15:25,1,73,73329,1,1,0,2,N201,45.615906,5.884391,15,2,2
202100055875,102Â 006,A01,10,3,1,5,0,-1,-1,2,3,1,2021,49.0,1,2,0,1,1,1,1,,3,114,-1,,2,2,0,1,(1),(1),1,, -1,1,0,1,80,3,1,2021,18:30,5,971,97128,1,1,0,6,Bel Ãtang,16.296492,-61.367097,18,2,1
202100036662,136Â 180,B01,1,1,1,0,8,0,-1,-1, -1,-1,2021,19.0,1,1,0,2,1,5,5,,4,DOCTEUR CALMETTE (RUE DU),0,,1,1,0,1,1,0,1,, -1,1,0,1,30,3,6,2021,13:15,1,93,93048,2,1,0,3,Rue du Docteur Calmette,48.867393,2.440141,13,2,2
202100010968,182Â 119,B01,1,1,1,1,2,-1,-1,0,0,-1,2021,16.0,1,1,0,2,1,1,1,,4,,0,,2,2,0,1,(1),(1),1,,"7,3",1,0,1,50,27,10,2021,08:15,1,79,79077,2,2,0,3,27 Rue du Rivault,46.55927,-0.556043,8,2,2
202100015340,174Â 291,B01,4,2,1,4,1,0,-1,-1, -1,-1,2021,50.0,1,5,0,2,1,1,1,,7,AV FREDERIC ESTEBE,0,,1,3,3,1,39,762,1,, -1,2,0,1,50,3,10,2021,13:30,1,31,31555,2,5,1,3,BD PIERRE ET MARIE CURIE,43.62615,1.43711,13,5,2
202100025008,156Â 951,C01,1,1,2,5,1,0,-1,-1, -1,-1,2021,50.0,1,2,4,2,2,2,1,,2,01 PK RN237 MOULIN JUSTICE RE,0,,3,6,0,1,0,695,1,, -1,1,3,1,90,7,8,2021,10:35,1,17,17291,1,1,0,5,01 PK RN237 MOULIN JUSTICE RE,46.17666,-1.12619,10,5,3
202100049288,113Â 659,A01,1,1,1,1,2,0,-1,-1, -1,-1,2021,47.0,2,1,0,0,0,13,5,,3,JEAN JAURES (R),0,,2,2,1,1,1,0,1,, -1,2,0,4,50,4,3,2021,18:45,5,94,94046,2,1,1,7,JEAN JAURES (R),48.78957,2.435357,18,1,1
202100018469,168Â 618,A01,1,1,1,5,1,-1,-1,0,0,-1,2021,74.0,1,2,15,9,1,14,1,,3,99,0,D,2,2,0,1,0,710,1,,4,1,0,1,80,17,9,2021,19:10,3,16,16001,1,1,0,6,Route du Petit Moulin,46.108296,0.683421,19,1,1
202100005416,192Â 114,B01,1,1,2,0,0,-1,-1,0,0,-1,2021,61.0,2,0,0,2,1,26,3,,3,949,2,D,1,1,0,2,(1),(1),2,, -1,1,0,1,50,2,12,2021,09:45,1,79,79202,2,6,0,3,33 Av du 114e Regiment dâInfanterie,46.644964,-0.251181,9,2,2
202100032818,143Â 116,B01,1,1,2,0,8,8,-1,0,0,-1,2021,27.0,2,1,0,2,1,1,5,,4,ST VINCENT                          (QU),0,,2,2,2,1,(1),(1),1,, -1,2,9,5,50,22,6,2021,21:20,2,69,69381,2,3,1,1,SAINT VINCENT (Q),45.76749,4.82897,21,2,2
202100048015,115Â 917,A01,10,3,2,5,0,-1,-1,2,4,1,2021,30.0,1,1,0,1,1,2,1,,4,MARECHAL LYAUTEY (DU)               (PL),0,,1,1,1,1,(1),(1),1,, -1,1,0,1,50,14,3,2021,17:28,1,69,69386,2,1,0,6,MARECHAL LYAUTEY (DU)               (PL),45.767783035,4.8424252868,17,2,1
202100036211,136Â 961,A01,1,1,2,5,1,0,-1,0,0,-1,2021,30.0,2,2,4,2,9,1,1,,1,A4,0,,3,5,0,2,5,200,1,, -1,1,0,1,90,5,6,2021,12:20,1,75,75112,1,1,0,3,A4,48.819642,2.458885,12,2,2
202100039909,130Â 253,B01,2,2,2,0,1,8,-1,-1, -1,-1,2021,70.0,2,2,0,2,4,2,1,,1,AUTOROUTE A1,0,,2,4,0,1,4,0,1,, -1,1,0,1,90,14,5,2021,11:35,1,972,97213,2,1,0,2,AUTOROUTE A1,14.6139,-61.01119,11,3,2
202100053133,106Â 767,A01,1,1,1,5,2,-1,-1,0,0,-1,2021,17.0,1,1,0,0,0,0,1,,3,31,0,D,2,2,0,1,2,360,1,, -1,2,0,1,90,31,1,2021,09:25,1,61,61467,1,1,0,7,RD 31 PK 2+000,48.471527,0.135397,9,1,1
202100029659,148Â 776,A01,1,1,1,5,1,-1,-1,0,0,-1,2021,50.0,1,2,2,0,8,13,1,,3,29,0,D,2,2,0,2,12,500,3,, -1,1,0,3,80,10,7,2021,20:30,2,80,80606,1,1,0,6,D29,49.947706,1.775714,20,1,1
202100022889,160Â 706,A01,2,2,1,0,2,0,-1,-1, -1,-1,2021,17.0,1,1,0,2,8,3,1,,1,AUTOROUTE A86,0,,3,7,0,1,28,0,1,, -1,1,1,1,90,23,8,2021,08:45,1,93,93064,1,1,0,3,AUTOROUTE A86,48.87122,2.4819,8,3,2
202100026570,154Â 208,B01,1,1,1,5,1,-1,-1,0,0,-1,2021,42.0,2,2,0,2,1,1,1,,3,117,-1,,2,2,0,2,20,570,1,, -1,1,0,1,50,16,7,2021,18:10,1,73,73257,1,2,0,3,RD117 intersection VILLARABOUT,45.3823375903,6.5056909919,18,3,2
202100004593,193Â 567,B01,6,2,2,9,1,-1,-1,0,0,-1,2021,17.0,2,2,0,2,1,11,1,,3,619,0,,2,2,0,1,51,162,1,, -1,2,0,1,90,6,12,2021,05:15,3,77,77090,1,1,1,1,D619,48.559227,3.196013,5,4,2
202100009472,184Â 778,B01,1,1,1,5,2,6,-1,-1, -1,-1,2021,48.0,1,1,0,2,3,0,1,,3,GENERAL LECLERC (AV DU),0,,2,4,3,1,1,0,1,, -1,2,5,1,50,3,11,2021,23:50,5,94,94046,2,2,0,1,Avenue du GÃ©nÃ©ral Leclerc,48.80577,2.44093,23,2,2
202100043113,124Â 609,A01,1,1,1,5,2,-1,-1,0,0,-1,2021,54.0,1,1,0,2,1,1,5,,3,29,0,A,1,2,0,2,(1),(1),1,, -1,1,5,1,50,18,4,2021,10:00,1,29,29103,2,6,0,3,Rue du Roual,48.438568,-4.268355,10,2,2
202100034694,139Â 711,B01,1,1,1,5,2,-1,-1,0,0,-1,2021,28.0,1,1,0,2,8,15,1,,2,5,0,N,2,2,0,1,(1),(1),1,, -1,1,0,1,80,12,6,2021,22:00,5,971,97117,1,1,0,1,Route de Saint-FranÃ§ois,16.315218,-61.317782,22,2,2
202100042412,125Â 818,A01,1,1,1,1,2,6,9,0,0,-1,2021,35.0,3,1,0,0,1,1,1,,4,,-1,,2,1,0,1,(1),(1),2,, -1,1,0,3,80,28,4,2021,08:05,1,14,14530,1,1,1,7,Route de la pointe du siÃ¨ge,49.241159,-0.2671,8,1,1
202100047559,116Â 757,A01,1,1,1,5,0,-1,-1,0,0,-1,2021,59.0,1,2,13,0,1,1,1,,3,85,-1,,2,2,0,1,22,812,2,, -1,1,0,3,-1,19,3,2021,19:40,3,72,72331,1,1,0,6,Rue de l'Huisne,48.1078868189,0.5830435752,19,1,1
202100009465,184Â 788,A01,1,1,1,9,8,0,-1,0,0,-1,2021,36.0,1,1,0,0,0,21,5,,4,BOULEVARD RICHARD LENOIR,0,,1,2,1,1,(1),(1),1,, -1,1,-1,5,30,4,11,2021,14:05,1,75,75111,2,2,0,6,BOULEVARD RICHARD LENOIR,48.857799,2.37094,14,1,1
202100023678,159Â 295,B01,1,1,2,0,1,-1,-1,-1, -1,-1,2021,42.0,1,2,0,2,1,0,1,,4,PIERRE VALDO                        (R ),0,,1,2,0,1,(1),(1),1,, -1,1,9,1,30,13,8,2021,12:30,1,69,69385,2,1,0,3,PIERRE VALDO (R),45.7504,4.78592,12,2,2
202100043859,123Â 269,B01,1,1,1,9,8,-1,-1,-1, -1,-1,2021,43.0,2,0,0,2,1,1,3,,4,MARGNOLLES (DE)                     (R ),0,,2,2,0,1,(1),(1),1,, -1,1,0,1,50,15,4,2021,08:40,1,69,69034,2,3,0,3,MARGNOLLES (DE) (R),45.78267,4.83397,8,2,2
202100003575,195Â 363,A01,10,3,2,0,0,-1,-1,5,1,2,2021,38.0,0,2,0,1,1,15,1,,4,AVENUE DE LA LIBERATION,0,,2,2,0,1,0,0,1,, -1,2,5,1,50,10,12,2021,08:10,2,91,91223,2,2,1,6,AVENUE DE LA LIBERATION,48.43344,2.15487,8,3,1
202100046045,119Â 452,B01,1,1,2,3,1,-1,-1,0,0,-1,2021,35.0,1,2,0,2,1,15,1,,2,,-1,,1,-1,-1,1,(1),(1),1,, -1,1,2,1,-1,31,3,2021,18:15,1,60,60103,1,4,0,3,D931,49.4125749635,2.2174487113,18,3,2
202100041250,127Â 866,B01,1,1,2,0,1,0,-1,-1, -1,-1,2021,59.0,1,2,0,2,4,1,1,,1,AUTOROUTE A1,0,,1,3,0,1,1,200,1,, -1,1,0,1,90,5,5,2021,12:18,1,972,97213,1,1,0,4,AUTOROUTE A1,14.6183,-61.0203,12,4,4
202100035471,138Â 307,A01,10,3,1,0,0,-1,-1,3,4,1,2021,60.0,1,1,0,1,3,1,1,,7,BRUMATH (ROUTE DE),0,,2,4,0,1,0,0,1,, -1,1,9,1,50,8,6,2021,18:30,1,67,67204,2,1,0,6,BRUMATH (ROUTE DE),48.622284,7.730749,18,2,1
202100022337,161Â 712,A01,1,1,1,5,1,-1,-1,0,0,-1,2021,33.0,2,2,0,2,1,2,1,,3,101,0,D,2,2,0,2,80,700,3,,4,1,0,1,80,27,8,2021,19:30,1,42,42185,1,1,0,1,Rue de la Loire,45.587795,4.263403,19,3,2
202100012755,178Â 921,A01,1,1,1,0,2,6,-1,0,0,-1,2021,58.0,2,1,0,2,1,2,1,,3,910,0,,2,3,0,1,3,400,1,, -1,1,0,1,90,17,10,2021,17:05,1,28,28208,1,1,0,2,DÃ©partementale 910,48.503192,1.742642,17,6,2
202100014983,174Â 923,B01,1,1,1,5,8,0,-1,-1, -1,-1,2021,78.0,2,1,0,2,1,1,5,,4,DUNANT (RUE HENRI),0,,2,2,0,1,0,0,1,, -1,2,0,1,50,4,10,2021,11:37,1,84,84087,2,2,0,3,DUNANT (RUE HENRI),44.13185,4.83383,11,2,2
202100030049,148Â 071,A01,1,1,1,0,2,6,-1,-1, -1,-1,2021,57.0,2,1,0,2,1,2,1,,3,908,0,,2,4,3,1,0,0,1,, -1,1,0,1,50,8,7,2021,18:10,1,92,92026,2,2,0,3,Boulevard de Verdun,48.9004052582,2.2607642412,18,2,2
202100048026,115Â 897,B01,1,1,2,0,1,8,-1,-1, -1,-1,2021,21.0,0,2,0,2,5,20,0,,4,PRADO (AVENUE DU),0,,1,1,0,1,0,0,1,, -1,1,0,1,50,14,3,2021,14:15,1,13,13208,2,1,0,2,PRADO (AVENUE DU),43.26266,5.37677,14,2,2
202100021719,162Â 816,A01,1,1,1,5,2,-1,-1,0,0,-1,2021,60.0,2,1,0,0,7,21,1,,3,43,0,R,2,2,0,2,11,800,1,, -1,1,0,1,70,31,8,2021,17:50,1,95,95592,1,1,0,3,Rue du Vexin,49.04693,1.86928,17,2,2
202100021253,163Â 670,B01,1,1,1,5,2,6,-1,-1, -1,-1,2021,28.0,1,1,0,2,4,2,1,,3,SALINE (BOULEVARD DE LA),0,,3,4,1,1,29,657,1,, -1,1,5,1,70,31,8,2021,18:55,1,50,50173,2,2,0,2,SALINE (BOULEVARD DE LA),49.65386,-1.64906,18,2,2
202100044982,121Â 326,A01,2,2,1,0,1,0,-1,-1, -1,-1,2021,65.0,1,2,0,2,8,1,1,,3,RESISTANCE (RUE DE LA),0,,1,2,0,1,0,1,1,, -1,1,0,1,50,6,4,2021,21:08,5,93,93073,2,1,0,3,RESISTANCE (RUE DE LA),48.94958,2.56528,21,3,2
202100054399,104Â 525,A01,10,3,2,2,0,-1,-1,3,1,2,2021,18.0,2,2,0,1,2,1,1,,3,1085,-1,,2,2,0,1,3,625,1,, -1,1,0,1,70,21,1,2021,07:59,1,38,38276,1,1,0,6,Route Nationale 85,45.56426,5.3035,7,2,1
202100034736,139Â 622,A01,1,1,1,4,8,-1,-1,-1, -1,-1,2021,22.0,1,0,0,2,8,1,3,,4,VILLEROY                            (R ),0,,1,1,2,1,(1),(1),1,, -1,1,0,1,50,12,6,2021,20:45,2,69,69383,2,2,0,3,VILLEROY (R),45.754858673,4.8499465503,20,4,2
202100005845,191Â 344,A01,2,2,2,0,1,0,-1,-1, -1,-1,2021,25.0,2,2,4,0,1,1,1,,1,AUTOROUTE A6A,0,,3,2,0,1,0,200,2,, -1,2,1,1,70,28,11,2021,09:30,1,94,94037,1,1,0,1,AUTOROUTE A6A,48.8165,2.33676,9,2,1
202100050386,111Â 632,A01,1,1,1,5,1,-1,-1,0,0,-1,2021,28.0,2,2,0,2,3,17,1,,3,31,-1,D,2,2,0,1,11,10,1,, -1,1,0,1,80,25,2,2021,14:55,1,84,84088,1,1,0,4,D31,43.985358,5.014213,14,4,3
202100014510,175Â 774,A01,1,1,1,5,1,-1,-1,0,0,-1,2021,37.0,2,2,0,2,3,5,1,,3,26,0,,2,2,0,2,4,800,4,, -1,1,0,1,70,9,10,2021,19:45,3,83,83016,1,1,0,1,D 26,43.2073289745,5.793056488,19,4,2
202100012772,178Â 892,B01,1,1,1,5,2,6,-1,0,0,-1,2021,45.0,2,1,0,0,1,1,1,,3,611,-1,,2,2,0,1,14,457,1,,"8,8",1,0,1,50,17,10,2021,12:40,1,79,79270,2,1,0,3,8 Avenue de Blossac,46.415942,-0.197796,12,2,2
202100039299,131Â 353,A01,1,1,1,0,1,0,-1,-1, -1,-1,2021,20.0,0,2,0,2,3,1,1,,4,CARTONNERIE (BOULEVARD DE LA ),0,,-1,2,0,1,(1),(1),1,, -1,1,0,1,50,19,5,2021,23:40,5,13,13211,2,1,0,2,CARTONNERIE (BOULEVARD DE LA ),43.2916770051,5.4605715773,23,4,2
202100047471,116Â 910,A01,1,1,2,1,0,-1,-1,-1, -1,-1,2021,27.0,1,1,0,2,1,1,3,,4,GAMBETTA                            (CO),0,,2,4,3,1,(1),(1),1,, -1,1,0,1,50,18,3,2021,17:30,1,69,69387,2,2,0,1,GAMBETTA (CR),45.75389,4.84697,17,2,2
202100053241,106Â 561,B01,1,1,1,1,2,6,-1,0,0,-1,2021,46.0,1,1,0,2,0,1,1,,4,RUE CAULAINCOURT,0,,2,3,0,2,(1),(1),1,, -1,2,0,1,50,28,1,2021,13:00,1,75,75118,2,1,0,3,RUE CAULAINCOURT,48.885118,2.330282,13,2,2
202100055329,102Â 931,A01,10,3,2,3,0,-1,-1,3,3,2,2021,91.0,3,2,0,1,2,15,1,,4,QUINET (RUE EDGAR),0,,2,2,0,1,0,0,1,, -1,1,0,1,30,12,1,2021,14:30,1,30,30007,2,6,0,6,QUINET (RUE EDGAR),44.12376,4.0807,14,3,1
202100010004,183Â 818,A01,10,3,1,0,0,-1,-1,1,3,1,2021,8.0,0,2,0,9,2,26,1,,4,MOULIN JOLI (RUE DU),0,,2,1,0,1,1,0,1,, -1,2,0,1,50,31,10,2021,15:50,1,91,91687,2,1,1,6,MOULIN JOLI (RUE DU),48.66343,2.37385,15,2,1
202100037252,135Â 092,A01,1,1,1,9,2,6,-1,-1, -1,-1,2021,59.0,2,1,0,2,1,15,1,,4,ALL DU PR CAMILLE SOULA,0,,2,1,0,1,(1),(1),1,, -1,1,9,1,50,3,5,2021,17:55,1,31,31555,2,3,0,1,ALL DU PR CAMILLE SOULA,43.58438,1.438,17,2,2
202100007434,188Â 460,B01,1,1,2,9,8,0,-1,0,0,-1,2021,52.0,2,0,0,2,1,1,3,,4,RUE BELGRAND,0,,2,4,1,2,(1),(1),1,, -1,1,-1,5,30,18,11,2021,19:00,5,75,75120,2,4,0,3,RUE BELGRAND,48.864611,2.405987,19,3,2
202100028483,150Â 802,A01,1,1,1,0,1,0,-1,-1, -1,-1,2021,20.0,1,2,10,0,1,19,1,,4,PERRIN JEAN BAPTISTE,0,,2,1,0,1,1,0,1,, -1,1,0,1,50,17,7,2021,06:30,2,11,11069,2,1,0,7,PERRIN JEAN BAPTISTE,43.22339,2.34135,6,2,1
202100013424,177Â 737,A01,10,3,1,2,0,-1,-1,1,3,1,2021,11.0,3,5,0,1,3,1,3,,4,,0,,1,1,0,1,1,0,1,, -1,1,0,1,30,12,10,2021,11:45,1,92,92025,2,1,0,6,PRESIDENT KENNEDY (RUE DU),48.9323446475,2.2578634322,11,2,1
202100008781,186Â 049,A01,10,3,1,5,0,-1,-1,3,3,1,2021,70.0,1,2,0,1,6,4,2,,3,50,-1,,2,-1,-1,1,(1),(1),1,, -1,1,0,1,-1,9,11,2021,14:00,1,92,92012,2,2,0,6,BILLANCOURT (RUE DE) 1/61 - 2/104,48.8369402677,2.2364714742,14,2,1
202100019993,165Â 895,A01,10,3,1,2,8,-1,-1,5,3,2,2021,4.0,1,5,0,1,2,1,1,,3,905,-1,,2,2,0,1,(1),(1),1,, -1,1,0,1,50,9,9,2021,16:30,1,55,55255,2,1,0,6,38 Grande Rue,49.429783,5.381049,16,2,1
202100033047,142Â 671,A01,2,2,2,0,1,0,-1,-1, -1,-1,2021,21.0,3,2,0,2,1,16,1,,4,COLOMBIER (RUE),0,,2,2,0,1,(1),(1),1,, -1,1,0,1,30,21,6,2021,16:43,1,37,37261,2,4,0,6,COLOMBIER (RUE),47.4121544212,0.6998889148,16,7,2
202100032222,144Â 163,B01,1,1,1,5,1,0,-1,-1, -1,-1,2021,74.0,1,2,0,2,4,2,1,,1,A46N   7.065 A 9.020,0,,1,6,0,2,8,0,1,, -1,1,0,1,130,26,6,2021,14:50,1,1,1238,1,1,0,2,A46N   7.065 A 9.020,45.90338,4.8068,14,2,2
202100034392,140Â 265,A01,1,1,1,1,2,-1,-1,0,0,-1,2021,42.0,2,1,0,2,1,1,1,,3,32,0,A,2,2,0,1,7,5,1,, -1,1,0,1,50,16,6,2021,05:30,1,74,74146,2,9,0,1,d32,46.368512,6.571356,5,2,2
202100023600,159Â 450,A01,1,1,1,9,2,6,-1,0,0,-1,2021,42.0,1,1,0,0,0,1,3,,2,RN 814,0,,2,4,3,1,1,0,1,, -1,1,3,2,70,17,8,2021,18:55,1,14,14118,1,1,0,7,N814,49.196,-0.37962,18,1,1
202100006175,190Â 774,A01,9,2,1,5,8,-1,-1,0,0,-1,2021,21.0,1,2,0,0,1,1,1,,2,7,-1,,2,3,0,1,118,650,1,, -1,1,0,3,80,27,11,2021,01:05,3,26,26235,1,1,0,7,9905 Route Nationale 7,44.322159,4.686446,1,3,1
202100039003,131Â 921,C01,3,2,1,5,3,0,-1,0,0,-1,2021,0.0,1,2,0,2,0,0,1,,3,LEON JOUHAUX (AVENUE),0,,2,3,0,1,0,0,1,, -1,1,2,1,50,21,5,2021,18:11,1,92,92002,2,9,0,4,LEON JOUHAUX (AVENUE),48.7340402182,2.3132939637,18,5,3
202100042648,125Â 398,A01,1,1,1,5,8,-1,-1,0,0,-1,2021,67.0,3,2,5,0,1,1,1,,7,5,0,D,1,1,0,1,(1),(1),2,, -1,1,5,4,30,25,4,2021,13:37,1,13,13104,2,6,0,1,Rond Point du Port,43.331031,5.10662,13,1,1
202100050585,111Â 267,A01,1,1,2,0,1,0,-1,-1, -1,-1,2021,22.0,1,2,6,2,8,17,0,,7,ANATOLE DE LA FORGE (BOULEVARD),0,,2,4,0,1,3,800,4,, -1,1,0,1,50,21,2,2021,16:30,1,13,13214,2,1,0,3,ANATOLE DE LA FORGE (BOULEVARD),43.338153,5.393413,16,2,2
202100042349,125Â 925,A01,1,1,2,1,2,6,-1,0,0,-1,2021,61.0,2,1,0,2,7,14,1,,4,RUE CLAUDE DEBUSSY,0,,-1,1,0,1,(1),(1),1,, -1,1,0,1,30,26,4,2021,18:45,1,75,75117,2,1,0,3,RUE CLAUDE DEBUSSY,48.885134,2.289154,18,2,2
202100004914,193Â 006,A01,1,1,2,5,2,0,-1,0,0,-1,2021,22.0,2,1,0,2,8,1,3,,4,AVENUE DE LA PORTE DE CLIGNANCOURT,0,,2,6,1,1,(1),(1),1,, -1,2,0,5,30,20,9,2021,21:54,5,75,75118,2,4,0,3,AVENUE DE LA PORTE DE CLIGNANCOURT,48.9006858052,2.3442098977,21,2,2
202100018901,167Â 863,A01,10,3,1,2,0,-1,-1,2,3,1,2021,12.0,1,2,0,1,7,1,1,,7,MALAFOLIE -(RUE DE LA),0,,2,2,0,1,22,400,1,, -1,1,0,1,50,14,9,2021,13:25,1,42,42044,2,3,0,6,Rue de la Malafolie,45.39345,4.29731,13,2,1
202100055020,103Â 464,B01,1,1,1,4,2,4,-1,-1, -1,-1,2021,34.0,3,1,0,2,4,2,0,,4,FAUBOURG PONT NEUF (RUE DU),0,,2,4,0,1,(1),(1),1,, -1,1,0,1,50,12,1,2021,21:40,5,86,86194,2,1,0,2,Rue du Faubourg du Pont Neuf,46.577963,0.3510941,21,2,2
202100026688,154Â 005,A01,2,2,2,9,2,6,-1,0,0,-1,2021,39.0,1,1,4,0,2,16,1,,4,PLACE DE LA RESISTANCE,0,,2,9,0,1,(1),(1),1,, -1,2,8,1,50,28,7,2021,01:50,5,75,75107,2,7,1,6,PLACE DE LA RESISTANCE,48.862406,2.301503,1,2,1
202100000420,200Â 955,A01,10,3,2,2,0,-1,-1,3,3,1,2021,14.0,1,3,0,1,2,19,3,,4,FRANCE (R. DE) A PARTIR DU NÂ° 66-91,0,,3,2,3,1,(1),(1),1,, -1,1,4,6,25,12,11,2021,08:42,1,6,6088,2,1,0,6,FRANCE (R. DE) A PARTIR DU NÂ° 66-91,43.69218,7.2469,8,2,1
202100041602,127Â 241,A01,10,3,1,5,8,-1,-1,6,2,2,2021,34.0,2,2,0,1,7,5,1,,3,938,0,D,2,2,0,1,38,500,1,, -1,1,0,1,80,4,5,2021,04:50,3,60,60158,1,1,0,6,D938,49.559226,2.549912,4,2,1
202100051191,110Â 169,A01,1,1,1,1,2,0,-1,0,0,-1,2021,38.0,1,1,0,2,7,15,5,,4,QUAI D ORSAY,0,,2,3,1,1,(1),(1),1,, -1,1,0,1,50,17,2,2021,10:57,1,75,75107,2,3,0,3,QUAI D ORSAY,48.862899,2.315216,10,2,2
202100020581,164Â 843,A01,1,1,1,0,2,6,-1,-1, -1,-1,2021,32.0,2,1,0,2,1,26,1,,3,KENNEDY (AVENUE DU PRESIDENT),0,,2,2,0,1,0,0,1,, -1,1,0,1,50,6,9,2021,11:30,1,93,93064,2,1,0,2,KENNEDY (AVENUE DU PRESIDENT),48.878023977,2.487573266,11,2,2
202100056259,101Â 335,A01,10,3,2,0,0,-1,-1,3,3,1,2021,21.0,3,5,0,1,3,15,1,,4,910,0,,3,4,0,1,(1),(1),1,, -1,2,1,8,50,4,1,2021,17:55,5,37,37122,2,1,1,6,BORDEAUX (AVENUE DE),47.3595486945,0.6975245476,17,2,1
202100002187,197Â 883,A01,1,1,1,3,0,-1,-1,0,0,-1,2021,73.0,2,2,6,0,1,17,1,,3,472,-1,,2,2,0,2,16,300,1,, -1,1,0,4,30,21,12,2021,14:20,1,39,39370,2,1,0,6,15 Rue de la RÃ©publique,46.976363,5.800708,14,1,1
202100010610,182Â 767,A01,7,2,2,5,1,-1,-1,0,0,-1,2021,8.0,1,2,2,0,2,14,1,,3,D654,-1,,2,2,0,1,62,890,1,, -1,1,0,3,50,28,10,2021,20:30,3,32,32106,2,1,0,6,D654 / D116,43.719645,0.980739,20,3,1