Num_Acc,id_vehicule,num_veh,place,catu,sexe,trajet,secu1,secu2,secu3,locp,actp,etatp,year_acc,victim_age,senc,catv,obs,obsm,choc,manv,motor,occutc,catr,voie,v1,v2,circ,nbv,vosp,prof,pr,pr1,plan,lartpc,larrout,surf,infra,situ,vma,jour,mois,an,hrmn,lum,dep,com,agg_,int,atm,col,adr,lat,long,hour,nb_victim,nb_vehicules
202100017808,169Â 789,A01,2,2,1,5,2,-1,-1,0,0,-1,2021,15.0,0,1,0,2,1,1,1,,3,ALLONVILLE (ROUTE D'),0,,2,2,0,1,(1),(1),1,, -1,1,0,1,50,11,9,2021,18:50,1,80,80021,2,1,0,2,ALLONVILLE (ROUTE D'),49.91225,2.31702,18,3,2
202100044716,121Â 788,B01,3,2,1,9,3,0,-1,0,0,-1,2021,1.0,1,2,0,2,3,15,1,,4,AVENUE DE NOGENT,0,,2,3,0,1,(1),(1),1,, -1,1,0,1,50,8,4,2021,17:30,1,75,75112,2,3,0,3,AVENUE DE NOGENT,48.839013,2.460317,17,6,2
202100026433,154Â 449,B01,1,1,1,5,8,0,-1,-1, -1,-1,2021,32.0,2,1,0,2,1,26,0,,3,AV DE LA DIVISION LECLERC,0,,3,0,1,1,0,0,1,, -1,1,0,5,70,28,7,2021,19:10,1,91,91665,2,1,0,3,AV DE LA DIVISION LECLERC,48.662898,2.276962,19,2,2
202100009973,183Â 875,A01,10,3,1,0,0,-1,-1,9,3,1,2021,29.0,1,2,0,1,1,9,1,,3,600,0,D,3,2,0,2,3,604,1,, -1,1,3,1,90,29,10,2021,19:00,2,34,34023,1,9,0,6,D600 en direction de sÃ¨te,43.448557,3.707457,19,2,1
202100007018,189Â 214,A01,1,1,2,9,8,0,-1,-1, -1,-1,2021,20.0,3,2,1,0,3,1,1,,4,SAND (RUE GEORGES),0,,1,1,0,1,(1),(1),1,, -1,1,0,1,50,20,11,2021,02:15,5,37,37261,2,1,0,6,SAND (RUE GEORGES),47.3849822666,0.6880410402,2,1,1
202100021274,163Â 627,A01,10,3,1,0,0,-1,-1,1,3,1,2021,77.0,2,2,0,1,3,15,1,,3,CABROL JULES (AVENUE),0,,2,2,0,2,15,220,1,, -1,1,0,1,50,1,9,2021,18:00,1,12,12013,2,3,0,6,CABROL JULES (AVENUE),44.527032,2.244173,18,2,1
202100049828,112Â 681,B01,4,2,2,9,1,-1,-1,0,0,-1,2021,10.0,2,2,0,2,1,1,1,,3,4100,-1,,2,2,0,1,35,900,3,, -1,1,0,1,80,1,3,2021,17:10,1,4,4034,1,1,0,1,RD 4100,43.930408,5.877932,17,3,2
202100019743,166Â 355,A01,1,1,1,1,2,6,-1,-1, -1,-1,2021,27.0,1,1,0,0,0,2,1,,3,BLANQUI (QU),0,,-1,2,0,1,0,0,1,, -1,1,0,1,50,9,9,2021,16:15,1,94,94002,2,1,0,7,Quai Blanqui,48.80258,2.41446,16,1,1
202100015370,174Â 234,B01,1,1,1,1,1,6,-1,-1, -1,-1,2021,51.0,3,1,0,-1,1,1,3,,3,ALLENDE (AVE DU P. SALVADOR),0,,1,3,0,1,0,1,1,, -1,2,0,6,50,3,10,2021,14:40,1,93,93008,2,2,1,3,ALLENDE (AVE DU P. SALVADOR),48.9066945767,2.445641309,14,2,2
202100050004,112Â 364,B01,1,1,1,1,2,6,-1,-1, -1,-1,2021,54.0,2,1,0,2,1,1,1,,4,EMILE ZOLA     (Cours),0,,2,4,0,1,(1),(1),1,, -1,1,0,1,50,26,2,2021,09:50,1,69,69266,2,3,0,3,EMILE ZOLA (CR),45.76691,4.89352,9,2,2
202100032278,144Â 065,A01,10,3,2,0,0,-1,-1,5,9,2,2021,86.0,0,2,0,1,4,26,1,,4,CARNOT SADI (PLACE),0,,-1,0,0,1,(1),(1),1,, -1,2,0,8,50,22,6,2021,12:45,1,42,42218,2,1,1,6,Place Sadi Carnot,45.4483941586,4.3853892331,12,2,1
202100046684,118Â 329,A01,1,1,1,5,0,-1,-1,0,0,-1,2021,87.0,1,1,0,0,8,1,5,,3,139,-1,,2,2,0,1,4,600,1,, -1,1,0,1,80,26,3,2021,12:30,1,32,32053,1,1,0,7,Cd 139,43.38902,0.607038,12,1,1
202100049041,114Â 095,A01,1,1,1,5,2,6,-1,-1, -1,-1,2021,25.0,2,1,0,2,8,3,1,,1,A4,0,,1,4,0,1,9,699,1,, -1,1,1,1,90,5,3,2021,11:00,1,94,94017,1,1,0,2,A4,48.82682,2.51326,11,2,2
202100038394,133Â 008,A01,1,1,1,5,2,6,-1,0,0,-1,2021,19.0,2,1,0,2,3,18,1,,4,RUE D AUBERVILLIERS,0,,-1,4,0,1,(1),(1),1,, -1,1,0,1,50,25,5,2021,10:10,1,75,75119,2,2,0,3,RUE D AUBERVILLIERS,48.895276,2.37194,10,2,2
202100002022,198Â 178,C01,2,2,2,5,1,0,-1,-1, -1,-1,2021,30.0,2,2,0,2,5,23,1,,3,SALINE (BOULEVARD DE LA),0,,3,4,0,1,29,680,1,, -1,1,0,1,70,19,12,2021,17:40,5,50,50173,2,3,0,4,SALINE (BOULEVARD DE LA),49.65405,-1.64936,17,6,3
202100016068,172Â 929,B01,1,1,2,5,8,-1,-1,-1, -1,-1,2021,59.0,3,2,0,2,1,15,1,,4,PIERRE COT                          (AV),0,,-1,2,0,1,(1),(1),1,, -1,1,0,1,50,29,9,2021,17:30,1,69,69259,2,4,0,1,PIERRE COT  (AV),45.7032636184,4.8946746051,17,2,2
202100007707,187Â 979,A01,1,1,2,5,1,-1,-1,0,0,-1,2021,20.0,1,2,8,6,1,21,1,,3,240,0,D,2,2,0,1,6,200,1,, -1,2,0,1,90,18,11,2021,00:35,3,3,3212,1,1,1,6,Route de Coursage,46.302451,2.513434,0,1,1
202100019214,167Â 284,A01,2,2,2,5,1,5,-1,-1, -1,-1,2021,21.0,0,2,8,0,1,2,1,,4,PAVE DE GRIGNON (R DU),0,,2,2,0,1,1,0,1,, -1,1,0,4,50,13,9,2021,02:42,5,94,94073,2,1,0,6,PAVE DE GRIGNON (R DU),48.757431,2.401998,2,2,1
202100033656,141Â 608,A01,1,1,1,0,2,0,-1,-1, -1,-1,2021,18.0,1,1,0,2,1,1,1,,3,ALFORTVILLE (AV D),0,,2,2,0,1,0,1,1,, -1,1,0,1,50,18,6,2021,09:15,1,94,94022,2,3,0,3,Avenue dâAlfortville,48.768766,2.413842,9,2,2
202100045999,119Â 534,A01,10,3,2,0,0,-1,-1,5,1,1,2021,56.0,1,2,0,1,2,1,1,,3,908,0,,3,4,1,1,0,0,1,, -1,1,0,1,50,29,3,2021,19:15,1,92,92051,2,1,0,6,"BINEAU (BOULEVARD, NÂ°53 A 131 ET 52 A 13",48.8872476922,2.2806018591,19,3,1
202100022787,160Â 871,A01,1,1,1,4,1,8,-1,-1, -1,-1,2021,27.0,2,4,2,0,2,14,1,,3,R.D.20,0,,3,4,0,2,38,226,1,, -1,1,0,3,70,23,8,2021,02:30,3,91,91223,1,1,0,6,R.D.20,48.424896,2.143663,2,1,1
202100028842,150Â 163,B01,1,1,1,0,8,0,-1,-1, -1,-1,2021,28.0,1,1,0,2,1,1,1,,4,SAINT ANTOINE A SAINT JOSEPH (CHEMIN DE),0,,2,2,0,2,0,0,1,, -1,1,0,1,50,15,7,2021,00:30,5,13,13215,2,1,0,1,SAINT ANTOINE A SAINT JOSEPH (CHEMIN DE),43.35531,5.37038,0,3,2
202100048093,115Â 788,A01,1,1,1,1,1,-1,-1,0,0,-1,2021,32.0,1,2,0,2,7,13,1,,3,1006,0,D,2,2,0,1,133,495,2,, -1,5,0,1,80,15,3,2021,15:10,1,73,73119,1,1,1,3,D1006,45.200226,6.595528,15,3,2
202100018202,169Â 074,B01,1,1,1,1,2,0,-1,-1, -1,-1,2021,53.0,1,1,1,0,2,21,3,,1,A7-Sens Lyon vers Marseille,0,,-1,3,0,1,270,0,1,, -1,1,0,1,90,17,9,2021,19:10,2,13,13071,1,1,0,6,A7-Sens Lyon vers Marseille,43.404725,5.339675,19,3,3
202100029077,149Â 771,B01,1,1,1,0,8,-1,-1,-1, -1,-1,2021,20.0,3,1,0,2,1,1,1,,4,MAURICE THOREZ                      (AV),0,,2,2,0,1,(1),(1),1,, -1,2,9,8,50,13,7,2021,18:36,1,69,69259,2,9,1,2,MAURICE THOREZ (AV),45.69995,4.86292,18,2,2
202100044557,122Â 072,B01,1,1,1,1,2,6,-1,-1, -1,-1,2021,36.0,1,1,0,2,8,1,1,,7,GENAS (DE)                          (RO),0,,2,2,3,1,1,200,1,, -1,1,0,1,50,9,4,2021,08:53,1,69,69029,2,3,1,3,GENAS (DE) (RTE),45.7478,4.92178,8,2,2
202100037238,135Â 121,B01,1,1,1,1,2,8,-1,-1, -1,-1,2021,60.0,2,1,0,2,8,1,1,,4, QUAI DU FORT DES TOURELLES,0,,2,2,1,1,(1),(1),1,, -1,1,2,1,50,31,5,2021,07:20,1,45,45234,2,2,0,3,Quai du Fort des Tourelles,47.89483,1.9045,7,3,2
202100051144,110Â 256,B01,3,2,2,9,1,5,-1,-1, -1,-1,2021,13.0,1,2,0,2,1,2,1,,1,A13,0,,3,6,0,1,42,500,1,, -1,1,0,1,130,17,2,2021,11:00,1,78,78402,1,1,0,4,A13,48.964166,1.794172,11,7,4
202100029943,148Â 278,A01,10,3,1,0,0,-1,-1,5,5,3,2021,16.0,1,0,0,1,1,0,0,,4,BOURRELIER (DE)                     (R ),0,,2,2,0,1,(1),(1),1,, -1,1,9,1,30,8,7,2021,19:28,1,69,69199,2,1,0,6,BOURRELIER (DE) (R),45.71103,4.85408,19,2,1
202100045165,121Â 001,A01,1,1,1,9,2,-1,-1,0,0,-1,2021,50.0,2,1,0,0,0,1,1,,3,981,-1,,2,2,0,1,33,700,2,, -1,1,0,1,80,2,4,2021,20:40,3,30,30286,1,1,0,7,D981,43.985999,4.455578,20,1,1
202100032079,144Â 409,A01,2,2,2,0,1,-1,-1,-1, -1,-1,2021,21.0,1,2,0,2,7,1,1,,4,ROGER SALENGRO                      (R ),0,,2,2,0,1,(1),(1),1,, -1,1,0,1,50,26,6,2021,17:45,1,69,69389,2,2,0,3,ROGER SALENGRO (R),45.7787,4.80492,17,3,2
202100045321,120Â 722,A01,10,3,1,5,0,-1,-1,2,3,1,2021,53.0,3,2,0,1,2,1,1,,4,,-1,,2,2,0,1,(1),(1),1,, -1,1,0,1,50,3,4,2021,16:45,1,34,34344,2,1,0,6,AllÃ©e des GoÃ©lands,43.567892,4.098249,16,2,1
202100020863,164Â 354,A01,2,2,2,5,1,-1,-1,-1, -1,-1,2021,21.0,2,2,6,0,1,0,1,,4,BD DU PDT FRANKLIN ROOSEVELT,0,,1,2,3,1,(1),(1),1,, -1,1,0,1,50,4,9,2021,03:45,5,33,33063,2,1,0,6,Boulevard du PrÃ©sident Franklin Roosevelt,44.81536,-0.57331,3,2,1
202100043736,123Â 511,A01,1,1,1,0,2,8,-1,-1, -1,-1,2021,54.0,1,1,0,0,0,9,1,,3,BADUEL (ROUTE DE),0,,3,1,0,1,2,300,1,, -1,1,0,1,50,16,4,2021,10:05,1,973,97302,2,1,0,7,BADUEL (ROUTE DE),4.93289,-52.30913,10,1,1
202100042513,125Â 630,A01,2,2,2,0,1,0,-1,-1, -1,-1,2021,58.0,2,2,0,2,3,26,1,,3,GENERAL LECLERC(AVE DU)89/FIN ET 122/FIN,0,,3,2,0,2,0,1,1,, -1,1,9,1,50,25,4,2021,18:44,1,93,93055,2,1,0,1,GENERAL LECLERC(AVE DU)89/FIN ET 122/FIN,48.900485903,2.4108782896,18,3,2
202100016856,171Â 490,C01,1,1,2,9,1,8,-1,0,0,-1,2021,55.0,1,2,0,2,0,0,1,,3,BOURGOGNE (PONT DE ),0,,2,2,0,1,2,180,1,, -1,1,2,1,70,24,9,2021,16:20,1,71,71445,1,1,1,4,BOURGOGNE (PONT DE ),46.7841052228,4.8704941744,16,3,3
202100021178,163Â 808,A01,1,1,1,5,1,-1,-1,0,0,-1,2021,19.0,1,2,6,0,1,15,1,,3,31,0,,2,2,0,1,58,50,1,, -1,1,0,4,50,4,9,2021,00:08,3,10,10269,2,3,0,6,2 Rue de Saint Quentin,48.509636,4.099166,0,1,1
202100016803,171Â 580,A01,1,1,1,0,8,0,-1,-1, -1,-1,2021,35.0,2,1,0,0,0,26,1,,2,RN5-BOISRIPEAUX,0,,3,4,0,1,(1),(1),1,, -1,1,9,1,50,18,9,2021,01:17,3,971,97101,2,1,0,6,N5-BOISRIPEAUX,16.26352,-61.5131,1,1,1
202100055590,102Â 490,B01,1,1,1,5,2,6,9,0,0,-1,2021,45.0,2,1,0,0,4,1,1,,3,D2009,0,,1,1,0,1,35,294,2,, -1,1,0,1,90,11,1,2021,15:10,1,3,3018,1,6,0,2,D2009,46.2650399283,3.289394842,15,2,2
202100019114,167Â 458,B01,1,1,1,0,1,-1,-1,-1, -1,-1,2021,64.0,2,2,3,2,8,3,1,,2,RN 104,0,,3,4,0,1,28,100,1,, -1,2,0,1,110,14,9,2021,08:40,1,91,91573,1,1,1,3,RN 104,48.63112,2.50647,8,2,2
202100003589,195Â 336,C01,1,1,1,4,8,0,-1,-1, -1,-1,2021,41.0,2,5,0,2,0,24,1,,3,,0,,2,1,1,2,21,534,1,, -1,1,0,5,45,9,12,2021,11:20,1,78,78481,2,3,0,2,MARECHAL DE LATTRE DE TASSIGNY (AVE DU),48.897816,2.101786,11,2,2
202100001937,198Â 334,A01,1,1,1,5,0,-1,-1,0,0,-1,2021,86.0,1,2,15,0,9,1,1,,3,958,0,D,2,2,0,1,69,150,1,, -1,1,0,1,80,22,12,2021,14:45,1,82,82124,1,1,0,6,Route de Castelsarrasin,44.023118,1.282536,14,1,1
202100029370,149Â 278,B01,1,1,1,1,1,-1,-1,0,0,-1,2021,40.0,1,5,7,2,3,1,1,,2,5,0,N,2,2,0,2,46,515,3,, -1,2,0,1,80,12,7,2021,18:34,1,39,39434,1,1,1,1,,46.829331,5.717932,18,3,2
202100035411,138Â 422,A01,4,2,1,9,8,-1,-1,0,0,-1,2021,21.0,0,2,1,0,9,26,1,,3,,-1,,2,2,0,1,(1),(1),2,,4,1,0,1,50,5,6,2021,22:40,3,38,38415,2,1,0,7,Rue des Alexandres,45.645601,5.234484,22,4,1
202100017979,169Â 489,A01,10,3,1,2,0,-1,-1,3,3,1,2021,13.0,1,2,0,1,1,1,1,,4,SAINT MARC (LIEU DIT),0,,2,2,0,1,0,0,1,, -1,1,9,1,30,14,9,2021,16:40,1,22,22113,2,9,0,6,SAINT MARC (LIEU DIT),48.7338765966,-3.4422767339,16,2,1
202100030291,147Â 624,A01,2,2,1,5,1,-1,-1,0,0,-1,2021,48.0,1,2,0,0,4,2,1,,7,751,0,C,2,2,1,1,43,900,3,, -1,1,5,1,70,26,6,2021,13:35,1,37,37018,2,6,0,2,Boulevard de Chinon,47.322597,0.598182,13,3,2
202100008637,186Â 305,A01,10,3,1,3,0,-1,-1,4,3,1,2021,88.0,2,5,0,1,1,1,1,,3,723,-1,,2,2,0,3,61,500,1,, -1,1,0,1,50,10,11,2021,06:50,5,49,49068,2,1,1,6,Rue Gilles de Rais,47.4124,-0.862872,6,2,1
202100050641,111Â 167,A01,1,1,1,9,1,-1,-1,0,0,-1,2021,77.0,2,2,0,2,1,26,1,,3,3,0,D,2,3,0,2,0,350,3,, -1,1,0,3,90,21,2,2021,17:55,1,38,38565,1,3,0,3,Rue de Brandegaudiere,45.292694,5.62559,17,2,2
202100010033,183Â 763,B01,1,1,1,0,2,0,-1,-1, -1,-1,2021,17.0,1,1,0,2,7,1,1,,3,AUXERRE (ROUTE),0,,2,4,0,1,(1),(1),1,, -1,1,0,1,50,31,10,2021,14:20,1,10,10333,2,2,0,3,AUXERRE (ROUTE),48.27411,4.05831,14,2,2
202100026066,155Â 093,B01,1,1,1,5,2,6,-1,0,0,-1,2021,70.0,2,1,0,2,1,1,6,,3,160,-1,,2,2,0,3,3,300,2,, -1,1,0,1,50,31,7,2021,11:00,1,30,30291,1,1,0,3,D160,44.150312,4.003315,11,2,2
202100052526,107Â 830,A01,10,3,2,2,0,-1,-1,3,3,1,2021,17.0,2,5,0,1,2,1,1,,3,AV CARNOT,0,,2,2,0,1,34,950,1,, -1,2,0,1,50,22,1,2021,08:10,5,77,77431,1,1,1,6,AV CARNOT,48.289547,2.681254,8,2,1
202100017822,169Â 764,B01,9,2,2,0,8,-1,-1,-1, -1,-1,2021,49.0,3,3,8,2,2,1,3,,4,DES PARCS(allÃ©e),0,,2,2,0,1,(1),(1),1,, -1,2,4,1,50,20,9,2021,09:17,1,69,69290,2,8,1,3,PARCS (DES) (ALL),45.70906,4.93861,9,3,2
202100050962,110Â 584,B01,1,1,2,9,1,-1,-1,0,0,-1,2021,31.0,3,2,0,2,1,1,1,,4,C1,0,,2,2,0,1,(1),(1),2,, -1,1,0,1,80,19,2,2021,08:15,1,51,51563,1,1,0,1,Saint Prix,48.822100685,3.7590997506,8,4,2
202100000582,200Â 661,A01,1,1,1,4,1,-1,-1,0,0,-1,2021,23.0,2,2,0,2,8,11,1,,1,7,0,,3,5,0,1,139,850,1,, -1,1,0,1,130,8,12,2021,16:30,1,26,26324,1,1,0,5,Autoroute du Soleil,44.350859,4.737854,16,3,3
202100017000,171Â 235,B01,1,1,2,9,1,-1,-1,0,0,-1,2021,55.0,1,2,0,2,4,1,1,,2,RN 94,0,,-1,2,0,1,72,790,1,, -1,1,0,1,50,22,9,2021,09:12,1,5,5061,2,1,0,2,RN 94,44.5747,6.11082,9,2,2
202100005753,191Â 515,B01,5,2,2,0,8,0,-1,0,0,-1,2021,9.0,1,1,0,2,1,1,3,,4,ALIX  (RUE THIERRY),0,,1,1,0,1,(1),(1),1,, -1,1,0,1,50,28,11,2021,18:00,5,54,54395,2,3,0,3,ALIX  (RUE THIERRY),48.6849351587,6.1753864261,18,3,2
202100014565,175Â 671,A01,10,3,1,5,0,-1,-1,1,3,1,2021,86.0,2,5,0,1,4,4,1,,4,LE GRECO (ALLEE),0,,2,2,0,1,0,0,1,, -1,1,0,1,30,6,10,2021,10:21,1,87,87085,2,1,0,6,LE GRECO (ALLEE),45.84576,1.2326,10,2,1
202100009452,184Â 807,A01,1,1,2,0,1,8,-1,-1, -1,-1,2021,30.0,2,2,0,0,1,14,1,,3,ROCADE SUD RD 6161,0,,-1,2,0,2,11,0,1,, -1,2,0,3,80,4,11,2021,05:31,3,11,11069,1,1,1,7,ROCADE SUD RD 6161,43.1944141059,2.3431777954,5,1,1
202100025795,155Â 584,A01,2,2,2,5,1,-1,-1,0,0,-1,2021,40.0,2,2,0,2,2,14,1,,1,6,0,,3,5,0,2,376,300,1,, -1,2,0,1,130,4,8,2021,06:35,2,71,71494,1,1,1,2,autoroute A6,46.4072158926,4.8572613189,6,8,2
202100053412,106Â 250,B01,1,1,1,5,1,0,-1,-1, -1,-1,2021,66.0,1,2,0,2,4,1,1,,1,AUTOROUTE A86,0,,1,2,0,1,50,970,1,, -1,2,1,1,70,28,1,2021,13:45,1,94,94034,1,1,1,4,AUTOROUTE A86,48.7577,2.3279,13,3,3
202100014505,175Â 782,A01,2,2,1,5,2,6,-1,0,0,-1,2021,24.0,1,1,0,0,0,1,1,,1,8,0,A,3,3,0,1,23,0,1,, -1,1,0,1,90,9,10,2021,02:00,3,13,13109,1,1,0,1,autoroute A8,43.51258,5.487757,2,4,2
202100017556,170Â 246,B01,1,1,1,0,2,6,-1,0,0,-1,2021,69.0,2,1,0,2,2,17,1,,2,94,0,,2,3,0,2,105,700,1,, -1,1,0,1,90,23,9,2021,09:30,1,5,5045,1,9,0,3,RN94,44.532898,6.457804,9,2,2
202100053535,106Â 025,B01,9,2,1,2,1,-1,-1,0,0,-1,2021,19.0,3,2,0,1,6,23,1,,3,101,-1,,2,2,0,2,1,250,1,, -1,7,0,1,80,27,1,2021,07:50,2,84,84047,1,4,0,6,D101,43.892102,5.368162,7,6,2
202100039748,130Â 534,A01,1,1,2,1,1,-1,-1,0,0,-1,2021,57.0,2,2,0,2,8,13,1,,3,156,0,,2,2,0,1,10,240,1,, -1,2,0,1,80,17,5,2021,06:35,2,54,54337,1,1,1,1,D156,49.358997,5.876291,6,2,2
202100013271,178Â 019,A01,10,3,2,1,0,-1,-1,3,3,1,2021,29.0,2,2,0,1,2,15,1,,7,ALLIES (BOULEVARD DES),0,,4,4,0,1,0,225,1,, -1,1,0,1,50,14,10,2021,08:55,1,35,35051,2,3,1,6,ALLIES (BOULEVARD DES),48.1347,-1.62298,8,2,1
202100049795,112Â 739,B01,1,1,1,5,2,-1,-1,0,0,-1,2021,30.0,2,1,0,2,1,1,0,,3,901,0,,2,2,0,2,29,400,3,, -1,1,0,1,90,27,2,2021,15:55,1,19,19187,1,3,0,3,rd 901,45.306965,1.36091,15,4,2
202100033478,141Â 931,A01,1,1,1,5,1,-1,-1,0,0,-1,2021,26.0,1,2,16,0,2,2,1,,3,305,0,,2,2,0,1,18,447,2,, -1,1,0,3,50,19,6,2021,20:00,1,72,72183,2,1,0,6,Lieu Dit la Croix Caseau,47.703708,0.506777,20,1,1
202100031417,145Â 588,A01,1,1,1,5,2,6,-1,0,0,-1,2021,38.0,3,1,0,2,2,18,1,,4,BOULEVARD PERIPHERIQUE EXTERIEUR NORD  ,0,,1,4,0,1,22,600,1,, -1,1,0,1,70,1,7,2021,13:05,1,75,75118,2,1,0,4,BOULEVARD PERIPHERIQUE EXTERIEUR NORD  ,48.901208,2.353476,13,9,3
202100004919,192Â 997,A01,10,3,2,3,0,-1,-1,2,3,1,2021,89.0,2,1,0,1,3,1,1,,4,BOULEVARD AUGUSTE BLANQUI,0,,1,2,0,1,(1),(1),1,, -1,2,0,1,30,3,12,2021,19:15,5,75,75113,2,2,1,6,BOULEVARD AUGUSTE BLANQUI,48.830821,2.344127,19,2,1
202100051360,109Â 874,A01,2,2,1,0,1,-1,-1,0,0,-1,2021,34.0,1,2,0,2,3,1,1,,2,,-1,,2,2,0,1,109,250,1,, -1,2,0,1,80,30,1,2021,14:50,1,973,97312,1,1,1,1,RN1,5.317607,-52.914233,14,6,2
202100037921,133Â 884,B01,1,1,1,1,2,-1,-1,0,0,-1,2021,24.0,2,1,0,2,1,1,1,,1,8,-1,,1,1,0,3,220,88,3,, -1,1,3,6,50,29,5,2021,08:40,1,6,6083,1,9,0,4,"A8, entrÃ©e 59 MENTON, chaussÃ©e Nord, PK220.088",43.797019,7.481496,8,3,3
202100001054,199Â 876,B01,1,1,2,5,2,0,-1,0,0,-1,2021,49.0,1,1,0,2,1,1,3,,4,AVENUE DE CHOISY,0,,2,2,0,1,(1),(1),1,, -1,2,0,1,2,27,12,2021,12:14,1,75,75113,2,3,1,6,AVENUE DE CHOISY,48.826328,2.359825,12,2,2
202100048260,115Â 486,A01,1,1,1,0,8,0,-1,-1, -1,-1,2021,31.0,3,1,0,2,1,1,5,,4,SAINT JACQUES,0,,2,2,0,1,1,0,1,, -1,1,0,1,50,12,3,2021,15:45,1,49,49007,2,1,0,3,SAINT JACQUES,47.4737823441,-0.5744015589,15,2,2
202100025199,156Â 620,A01,1,1,1,5,8,-1,-1,0,0,-1,2021,37.0,2,2,13,0,1,14,1,,3,45,0,,2,2,0,1,37,700,2,, -1,1,0,8,80,8,8,2021,00:30,3,18,18164,1,1,0,6,Les Cotteries,46.880657,3.04888,0,1,1
202100005242,192Â 411,A01,10,3,2,2,0,-1,-1,1,3,2,2021,14.0,1,2,0,1,0,1,1,,3,ANDRE MALRAUX (VOIE),0,,1,1,0,2,3,190,3,, -1,1,3,1,50,29,11,2021,17:55,4,86,86194,2,1,0,6,Voie AndrÃ© Malraux,46.578102,0.369635,17,2,1
202100001225,199Â 581,A01,1,1,2,0,1,-1,-1,0,0,-1,2021,36.0,1,2,0,0,3,13,1,,3,27,0,,2,2,0,2,17,5,2,, -1,2,0,1,80,28,12,2021,09:00,1,42,42294,1,4,0,1,Route de Pradines,46.016098,4.110603,9,2,2
202100021655,162Â 922,A01,1,1,2,5,2,0,-1,0,0,-1,2021,16.0,2,1,0,1,7,25,3,,4,BOULEVARD SOULT,0,,3,3,0,1,(1),(1),1,, -1,1,6,4,10,31,8,2021,19:10,1,75,75112,2,1,0,6,BOULEVARD SOULT,48.841499,2.409296,19,2,1
202100053240,106Â 562,B01,2,2,2,1,1,0,-1,0,0,-1,2021,62.0,3,2,0,2,7,1,1,,4,PLACE AUGUSTE BARON,0,,1,3,0,1,(1),(1),1,, -1,2,0,1,50,28,1,2021,22:30,5,75,75119,2,7,1,3,PLACE AUGUSTE BARON,48.9008426582,2.3889591881,22,3,2
202100016504,172Â 128,B01,4,2,2,0,1,-1,-1,-1, -1,-1,2021,10.0,1,2,0,2,1,23,1,,4,CRS DE L'YSER,0,,2,2,0,1,(1),(1),1,, -1,2,5,1,30,26,9,2021,02:50,5,33,33063,2,2,0,6,Cours de lâYser,44.81953,-0.57235,2,5,2
202100010120,183Â 616,A01,1,1,1,5,1,-1,-1,-1,0,-1,2021,37.0,1,2,4,0,1,1,1,,2,RN 184,0,,3,2,0,2,3,0,3,, -1,2,3,1,90,30,10,2021,12:15,1,95,95572,1,1,1,6,RN 184,49.0338573374,2.1113688831,12,1,1
202100017414,170Â 501,A01,10,3,1,0,8,8,-1,2,1,1,2021,41.0,1,2,0,1,4,9,0,,4,RPT DU DONJON,0,,4,0,0,1,0,100,1,, -1,1,5,1,30,22,9,2021,07:35,1,91,91114,2,6,0,6,RPT DU DONJON,48.70081,2.50561,7,2,1
202100035078,138Â 995,B01,2,2,1,0,1,0,-1,-1, -1,-1,2021,24.0,1,2,11,2,2,2,1,,3,PARIS (AV DE),0,,2,2,0,2,1,0,1,, -1,1,0,1,50,11,6,2021,13:30,1,94,94076,2,1,0,3,Avenue de Paris,48.80069,2.36508,13,3,2
202100049338,113Â 570,A01,1,1,1,5,1,-1,-1,-1, -1,-1,2021,69.0,1,2,0,2,1,1,1,,1,,0,,3,4,0,1,7,750,1,, -1,1,0,1,110,1,3,2021,11:15,1,33,33122,1,1,0,2,,44.74482,-0.703998,11,2,2
202100049728,112Â 860,A01,10,3,2,2,0,-1,-1,3,3,1,2021,21.0,3,2,0,1,3,15,1,,3,,-1,,2,-1,-1,1,(1),(1),1,, -1,1,0,1,-1,26,2,2021,07:10,2,59,59400,2,3,0,6,Place de la Liberation,50.642324,2.638956,7,2,1
202100009224,185Â 226,B01,1,1,1,9,1,-1,-1,-1, -1,-1,2021,74.0,1,2,0,2,4,0,1,,3,D485,0,,-1,6,0,1,2,99,1,, -1,1,0,1,50,5,11,2021,17:45,5,76,76217,1,6,0,4,D485,49.92275,1.11122,17,3,3
202100026881,153Â 668,C01,1,1,1,5,2,6,9,0,0,-1,2021,34.0,1,1,0,2,1,5,1,,3,731,0,D,2,2,0,2,11,210,3,, -1,1,0,1,50,27,7,2021,15:40,1,64,64057,1,2,0,5,Carrefour D31 / D731,43.464063,-0.619193,15,4,3
202100029832,148Â 465,A01,1,1,1,9,2,0,-1,0,0,-1,2021,32.0,2,1,0,2,1,5,5,,4,QUAI DES TUILERIES,0,,1,3,0,1,(1),(1),1,, -1,1,0,1,50,9,7,2021,00:45,5,75,75101,2,1,0,1,QUAI DES TUILERIES,48.861806,2.327205,0,2,2
202100048117,115Â 740,A01,1,1,2,3,1,0,-1,-1, -1,-1,2021,75.0,2,5,0,2,1,2,1,,4,OHLEN (RUE ARMAND),0,,2,2,0,1,0,0,3,, -1,1,0,1,50,8,3,2021,10:10,1,988,98818,2,1,0,4,OHLEN (RUE ARMAND),-22.22655,166.46464,10,5,5