Num_Acc,id_vehicule,num_veh,place,catu,sexe,trajet,secu1,secu2,secu3,locp,actp,etatp,year_acc,victim_age,senc,catv,obs,obsm,choc,manv,motor,occutc,catr,voie,v1,v2,circ,nbv,vosp,prof,pr,pr1,plan,lartpc,larrout,surf,infra,situ,vma,jour,mois,an,hrmn,lum,dep,com,agg_,int,atm,col,adr,lat,long,hour,nb_victim,nb_vehicules
202100028770,150Â 300,A01,1,1,1,5,2,-1,-1,0,0,-1,2021,62.0,1,1,0,0,8,1,5,,3,140,0,,2,2,0,2,18,0,1,,4,1,0,1,50,16,7,2021,13:15,1,17,17228,2,2,0,3,route de St Georges,45.624558,-0.965402,13,2,2
202100002455,197Â 385,A01,1,1,2,9,2,0,-1,0,0,-1,2021,51.0,1,1,0,2,7,1,5,,4,AVENUE DE VILLIERS,0,,2,4,1,1,(1),(1),1,, -1,1,-1,5,30,17,12,2021,09:30,1,75,75117,2,2,0,3,AVENUE DE VILLIERS,48.883275,2.307251,9,2,2
202100041959,126Â 620,B01,1,1,1,0,2,0,-1,-1, -1,-1,2021,46.0,3,1,4,2,3,12,1,,3,993,0,,1,3,1,1,0,0,1,, -1,1,0,1,50,30,4,2021,07:10,2,92,92026,2,1,0,3,CIRCULAIRE (BOULEVARD),48.89274,2.24534,7,2,2
202100008959,185Â 704,A01,10,3,2,3,0,-1,-1,8,9,1,2021,65.0,3,2,0,1,4,26,1,,5,GAMBETTA (BD),0,,-1,0,0,1,(1),(1),1,, -1,1,9,8,10,5,11,2021,11:00,1,4,4070,2,1,0,6,Parking RÃ©sidence Fontainebleau,44.08703,6.22901,11,2,1
202100021659,162Â 916,B01,1,1,2,3,1,0,-1,-1, -1,-1,2021,32.0,2,2,0,2,4,2,1,,3,EDOUARD HERRIOT (AV),0,,1,1,0,1,1,0,3,, -1,1,0,1,50,31,8,2021,10:35,1,94,94034,2,1,0,2,EDOUARD HERRIOT (AV),48.7537,2.3265,10,2,2
202100010420,183Â 098,A01,10,3,2,1,0,-1,-1,3,3,1,2021,18.0,2,2,0,1,2,1,1,,3,28,-1,,3,4,0,3,61,(1),1,, -1,1,0,1,50,29,10,2021,21:15,4,28,28191,2,1,0,1,Route de Gallardon,48.594107,1.678017,21,2,1
202100052707,107Â 518,B01,1,1,1,1,2,0,-1,0,0,-1,2021,53.0,3,1,0,2,1,1,3,,3,9,0,,3,2,1,1,0,0,1,, -1,2,0,1,50,3,2,2021,07:20,5,92,92026,2,4,1,3,BAUDIN,48.8965175959,2.2523313761,7,2,2
202100033041,142Â 682,B01,1,1,2,0,1,8,-1,-1, -1,-1,2021,56.0,2,2,0,2,1,0,1,,3,RD 158,0,,2,2,0,1,0,0,4,, -1,2,0,1,80,19,6,2021,16:30,1,49,49099,1,1,0,1,RD 158,47.0702,-0.91737,16,3,2
202100037449,134Â 719,A01,1,1,1,3,2,6,-1,0,0,-1,2021,43.0,1,1,0,2,7,17,1,,4,AVENUE PARMENTIER,0,,2,2,0,1,(1),(1),1,, -1,1,0,1,50,30,5,2021,17:20,1,75,75111,2,3,0,3,AVENUE PARMENTIER,48.86903,2.371736,17,2,2
202100022717,160Â 993,B01,1,1,2,5,1,-1,-1,-1, -1,-1,2021,58.0,1,2,0,2,6,1,1,,4,LIBERTE (BD DE LA),0,,3,4,2,1,(1),(1),1,, -1,1,0,1,50,23,8,2021,15:40,1,35,35238,2,1,0,2,LIBERTE (BD DE LA),48.10762,-1.68073,15,2,2
202100029546,148Â 979,C01,2,2,1,4,1,-1,-1,-1, -1,-1,2021,44.0,2,2,0,0,6,2,1,,2,RN346   29.300 A 34.350,0,,3,4,0,1,30,450,3,, -1,1,0,2,90,10,7,2021,13:15,1,69,69275,1,1,0,4,EST (ROC),45.78066,4.95915,13,4,3
202100021778,162Â 697,B01,1,1,2,5,8,0,-1,-1, -1,-1,2021,20.0,1,1,0,2,8,1,5,,4,HUGO (AVENUE VICTOR),0,,2,1,0,1,0,1,1,, -1,1,0,1,50,25,8,2021,18:30,1,52,52121,2,1,0,3,HUGO (AVENUE VICTOR),48.10489,5.13608,18,3,2
202100010836,182Â 356,B01,2,2,1,5,1,0,-1,-1, -1,-1,2021,3.0,2,2,0,2,1,2,1,,2,RN104,0,,-1,6,0,1,6,600,1,, -1,1,0,1,90,27,10,2021,19:40,3,77,77373,1,1,0,2,RN104,48.77754,2.61399,19,3,2
202100034414,140Â 219,B01,1,1,2,0,1,0,-1,-1, -1,-1,2021,35.0,1,2,0,2,4,2,1,,2,RN12,0,,3,2,0,1,26,399,1,, -1,1,0,1,110,15,6,2021,17:45,1,78,78297,1,1,0,2,RN12,48.791345,2.056419,17,2,2
202100051770,109Â 162,B01,2,2,2,1,1,8,-1,-1, -1,-1,2021,21.0,1,2,0,2,1,2,1,,2,RN104,0,,3,4,0,1,15,100,1,, -1,1,0,1,110,12,2,2021,16:00,1,77,77450,1,1,0,2,RN104,48.7076627011,2.5986078309,16,3,2
202100040193,129Â 757,B01,1,1,1,5,2,0,-1,-1, -1,-1,2021,15.0,2,1,0,2,7,25,5,,2,YSER (AVENUE DE L'),0,,2,1,0,1,48,284,1,, -1,1,0,1,50,12,5,2021,15:03,1,32,32013,2,3,0,3,YSER (AVENUE DE L'),43.65311,0.59524,15,4,2
202100036718,136Â 076,B01,1,1,1,5,2,-1,-1,0,0,-1,2021,12.0,0,1,0,0,8,19,5,,4,,0,,2,2,0,1,(1),(1),1,,4,1,9,1,50,2,6,2021,18:00,1,67,67028,2,1,0,3,26 Rue EugÃ¨ne Dischert,48.366265,7.590512,18,2,2
202100037450,134Â 718,A01,10,3,1,9,0,-1,-1,2,5,2,2021,15.0,0,2,1,1,1,1,1,,4,RUE DU DEPARTEMENT,0,,1,1,0,1,(1),(1),1,, -1,1,0,1,50,30,5,2021,13:50,1,75,75118,2,3,0,6,RUE DU DEPARTEMENT,48.885755,2.364966,13,3,1
202100011888,180Â 475,B01,1,1,1,0,1,-1,-1,0,0,-1,2021,46.0,2,2,0,2,1,1,1,,3,833,-1,,2,2,0,2,22,790,1,, -1,1,0,1,80,22,10,2021,17:00,1,27,27154,1,1,0,1,D833,48.887432,1.172935,17,2,2
202100022723,160Â 982,A01,2,2,1,5,8,0,-1,-1, -1,-1,2021,11.0,2,1,0,2,1,1,5,,7,AV DE FRONTON,0,,-1,1,3,1,35,369,1,, -1,1,0,4,50,23,8,2021,16:50,1,31,31555,2,9,0,3,AV DE FRONTON,43.65255,1.43255,16,3,2
202100055538,102Â 580,A01,10,3,2,0,0,-1,-1,5,9,2,2021,47.0,2,2,0,1,2,9,0,,4,Rue de France,0,,1,1,2,1,0,0,1,, -1,1,9,4,50,11,1,2021,19:15,5,94,94080,2,1,0,6,FRANCE (R DE),48.84802,2.44642,19,2,1
202100033220,142Â 384,A01,1,1,1,3,1,0,-1,-1, -1,-1,2021,20.0,2,2,15,2,3,1,1,,1,BRETELLE A86,0,,1,2,0,2,1,0,1,, -1,1,3,1,50,20,6,2021,10:50,1,94,94022,1,2,1,3,avenue de Lugo,48.77329,2.40947,10,2,2
202100024859,157Â 222,B01,1,1,2,5,2,0,-1,-1, -1,-1,2021,28.0,1,1,0,2,1,20,1,,4,MAS-BOUYOL  (CITE ET BOULEVARD DU),0,,3,6,0,1,(1),(1),1,, -1,1,0,1,50,9,8,2021,11:03,1,87,87085,2,1,0,2,MAS-BOUYOL  (CITE ET BOULEVARD DU),45.82866,1.22668,11,2,2
202100038500,132Â 825,A01,1,1,1,0,1,4,-1,-1, -1,-1,2021,40.0,1,2,3,0,1,15,1,,1,BDL,0,,3,10,0,3,0,270,2,, -1,2,2,1,50,24,5,2021,10:15,1,93,93027,1,1,0,6,BDL,48.92623,2.40236,10,1,1
202100027922,151Â 799,A01,1,1,1,1,2,6,-1,-1, -1,-1,2021,31.0,3,1,14,0,0,15,1,,4,CHOPIN (RUE),0,,2,2,0,1,(1),(1),1,, -1,1,0,1,50,20,7,2021,11:30,1,37,37261,2,1,0,7,CHOPIN (RUE),47.4124761474,0.7015585899,11,1,1
202100034566,139Â 932,A01,1,1,1,5,1,-1,-1,-1, -1,-1,2021,46.0,3,2,8,0,0,1,1,,4,ST BONNET DE MURE (DE)              (CH),0,,2,2,0,1,(1),(1),1,, -1,1,0,1,50,13,6,2021,21:13,2,69,69290,1,1,0,6,SAINT BONNET DE MURE (DE) (CH),45.6904131478,4.9738240242,21,1,1
202100017644,170Â 080,A01,10,3,2,5,8,8,-1,2,3,2,2021,2.0,1,2,0,1,1,1,1,,4,BITERROIS (AVENUE DU),0,,-1,2,0,1,(1),(1),1,, -1,1,0,1,30,20,9,2021,19:15,1,34,34172,2,1,0,6,BITERROIS (AVENUE DU),43.63254,3.82075,19,3,1
202100046901,117Â 939,B01,1,1,1,2,0,0,-1,-1, -1,-1,2021,13.0,1,1,0,2,0,0,5,,4,LAURIERS DES,0,,2,2,0,1,0,0,3,, -1,1,0,1,30,23,3,2021,17:13,1,64,64445,2,6,1,3,LAURIERS DES,43.30176,-0.34464,17,2,2
202100054156,104Â 941,B01,1,1,1,1,2,6,-1,0,0,-1,2021,43.0,3,1,0,2,2,2,1,,4,,-1,,2,2,0,1,(1),(1),1,, -1,1,0,1,50,18,1,2021,16:30,1,971,97103,2,1,0,3,Rue Henri Becquerel-jarry,16.243781,-61.559937,16,2,2
202100053609,105Â 895,B01,1,1,2,2,1,0,-1,-1, -1,-1,2021,56.0,1,2,0,2,4,9,0,,3,GARONNE (RUE DE LA),0,,2,2,0,1,10,82,1,, -1,2,5,1,30,25,1,2021,09:10,1,31,31565,2,6,1,2,Avenue de Luchon,43.09569,0.70209,9,2,2
202100025545,156Â 013,A01,1,1,1,0,0,-1,-1,0,0,-1,2021,28.0,3,2,0,2,1,13,1,,4,,-1,,2,2,0,1,(1),(1),2,,6,1,2,1,50,5,8,2021,06:30,2,34,34123,2,1,0,1,ROUTE DE LODEVE,43.618885,3.792708,6,2,2
202100027138,153Â 201,A01,10,3,1,5,0,-1,-1,5,9,3,2021,44.0,0,2,0,1,3,16,1,,4,,-1,,1,1,0,2,(1),(1),1,,"3,5",1,0,1,50,25,7,2021,20:15,1,36,36046,2,4,0,6,Rue de l Indre,46.582197,1.990644,20,2,1
202100010716,182Â 572,A01,10,3,1,0,8,8,-1,4,3,1,2021,65.0,2,2,0,1,1,15,1,,4,BD DE LA GARE,0,,1,3,3,1,(1),(1),1,, -1,1,5,1,50,27,10,2021,14:40,1,31,31555,2,1,0,6,BD DE LA GARE,43.604977904,1.4572106302,14,2,1
202100027523,152Â 528,A01,1,1,2,5,2,8,-1,-1, -1,-1,2021,17.0,2,1,6,0,1,14,1,,4,FRANCIS JAMMES (RUE),0,,2,2,0,1,0,0,1,, -1,1,0,1,30,21,7,2021,14:00,1,64,64122,2,1,0,6,FRANCIS JAMMES (RUE),43.46204,-1.55482,14,1,1
202100055887,101Â 979,A01,1,1,2,1,2,0,-1,-1, -1,-1,2021,48.0,2,1,0,2,1,3,1,,1,A86 EXT,0,,-1,4,0,1,38,0,1,, -1,1,0,1,90,8,1,2021,08:30,2,94,94028,1,1,0,2,A86 EXT,48.799837147,2.4462785908,8,2,2
202100030710,146Â 863,A01,1,1,1,0,2,6,-1,-1, -1,-1,2021,26.0,1,1,0,2,1,1,1,,2,mamoudzou centre-Rassi Boina KaÃ¯m (rue),0,,2,0,0,1,0,0,1,, -1,1,0,1,50,2,7,2021,17:10,1,976,97611,1,1,0,3,mamoudzou centre-Rassi Boina KaÃ¯m (rue),-12.77597,45.23047,17,2,2
202100028788,150Â 258,A01,1,1,1,0,2,6,-1,-1, -1,-1,2021,45.0,1,1,0,2,8,3,1,,1,AUTOROUTE A3,0,,3,7,0,1,2,500,1,, -1,1,0,1,90,16,7,2021,18:00,1,93,93063,1,1,0,3,AUTOROUTE A3,48.8758,2.44158,18,2,2
202100043858,123Â 271,A01,10,3,2,3,0,-1,-1,3,3,1,2021,74.0,2,5,0,1,3,15,1,,4,VICTOR SCHOELCHER (RUE),0,,1,1,0,1,(1),(1),1,, -1,1,0,1,30,14,4,2021,09:05,1,972,97209,2,3,0,6,VICTOR SCHOELCHER (RUE),14.6049,-61.06907,9,2,1
202100047804,116Â 306,B01,1,1,1,1,8,0,-1,-1, -1,-1,2021,55.0,1,1,0,2,8,1,0,,4,BIEF DU MOULIN (DU) (RUE),0,,2,2,0,1,(1),(1),1,, -1,1,0,1,50,15,3,2021,17:48,1,21,21355,2,3,0,3,11 Rue Armand Thibaut,47.28466,5.059042,17,2,2
202100012243,179Â 838,Z01,10,3,1,9,8,8,-1,2,3,1,2021,34.0,1,2,0,1,1,1,1,,4,BOULEVARD DAVOUT,0,,3,2,0,1,(1),(1),1,, -1,1,0,1,50,19,10,2021,22:00,5,75,75120,2,1,0,6,BOULEVARD DAVOUT,48.861127,2.409383,22,2,1
202100015011,174Â 872,B01,1,1,1,5,8,0,-1,-1, -1,-1,2021,25.0,2,1,0,2,1,1,3,,4,JACQUES PEIROTES (RUE),0,,2,2,1,1,0,0,1,, -1,1,0,5,30,3,10,2021,03:57,5,67,67482,2,3,0,3,JACQUES PEIROTES (RUE),48.57619,7.75414,3,2,2
202100010814,182Â 400,A01,10,3,2,5,0,-1,-1,5,9,2,2021,76.0,1,2,9,1,1,13,1,,4,,0,,2,2,0,2,(1),(1),1,,3,1,0,4,30,24,8,2021,13:33,1,69,69010,2,1,0,6,REPUBLIQUE (DE LA) (PL),45.83617,4.615996,13,3,1
202100036004,137Â 329,A01,1,1,1,4,1,-1,-1,0,0,-1,2021,36.0,2,5,0,2,3,1,1,,3,2144,0,,2,2,0,1,25,800,1,, -1,1,0,1,90,8,6,2021,09:00,1,18,18268,1,1,0,1,RD 2144,46.838413,2.422657,9,3,2
202100025853,155Â 475,A01,1,1,2,1,1,0,-1,-1, -1,-1,2021,26.0,2,2,0,2,2,2,1,,1,A104,0,,3,6,0,1,26,899,1,, -1,1,0,1,90,3,8,2021,11:00,1,77,77468,1,1,0,2,A104,48.84832,2.66184,11,2,2
202100026361,154Â 574,B01,1,1,1,0,2,6,-1,0,0,-1,2021,38.0,1,1,0,0,4,16,1,,3,2,0,D,2,2,1,1,1,470,3,, -1,1,0,1,50,30,7,2021,19:30,1,6,6161,2,1,0,2,114 Avenue du Loubet,43.651387,7.127591,19,2,2
202100031575,145Â 313,A01,10,3,1,5,0,-1,-1,3,3,1,2021,70.0,1,2,0,1,1,1,1,,4,BEREST EUGENE,0,,2,2,0,1,(1),(1),1,, -1,1,0,1,30,26,6,2021,17:50,1,29,29019,2,1,0,6,Rue EugÃ¨ne BÃ©rest,48.393019,-4.434892,17,2,1
202100018992,167Â 685,B01,1,1,1,5,2,0,-1,0,0,-1,2021,62.0,1,0,0,2,2,1,3,,4,AVENUE HENRI MARTIN,0,,3,3,1,1,(1),(1),1,, -1,1,0,5,50,13,9,2021,14:05,1,75,75116,2,7,0,3,AVENUE HENRI MARTIN,48.863133,2.268581,14,2,2
202100046119,119Â 327,B01,1,1,1,1,2,0,-1,-1, -1,-1,2021,31.0,3,1,0,2,1,1,1,,4,DORMOY (AVENUE MARX),0,,2,1,0,2,1,0,2,, -1,1,0,1,50,29,3,2021,11:20,1,18,18033,2,1,0,1,DORMOY (AVENUE MARX),47.09349,2.40266,11,2,2
202100038217,133Â 333,B01,2,2,1,9,2,6,-1,0,0,-1,2021,33.0,3,1,0,2,1,1,1,,4,BOULEVARD BERTHIER,0,,3,4,0,1,(1),(1),1,, -1,2,0,1,50,25,5,2021,22:30,5,75,75117,2,2,1,3,BOULEVARD BERTHIER,48.890021,2.303875,22,5,2
202100040150,129Â 831,A01,1,1,2,5,1,0,-1,-1, -1,-1,2021,80.0,1,2,0,2,2,17,1,,3,ROCADE EST (RD 162),0,,3,5,0,1,9,548,1,, -1,2,0,1,50,12,5,2021,08:20,1,86,86194,1,1,1,3,Rocade Est,46.553203,0.310013,8,2,2
202100012940,178Â 605,A01,10,3,1,5,0,-1,-1,1,3,1,2021,51.0,2,2,0,1,2,1,1,,3,785,-1,D,2,2,0,1,10,400,1,, -1,1,0,1,80,15,10,2021,21:05,3,29,29202,1,1,0,6,D785 - Ty Grean,48.466043,-3.876919,21,2,1
202100023675,159Â 299,A01,10,3,1,5,0,-1,-1,2,3,1,2021,56.0,1,2,0,1,1,2,1,,4,JEAN JAURES                         (IM),0,,2,2,3,1,(1),(1),1,, -1,1,5,1,50,17,8,2021,08:00,1,69,69387,2,3,0,6,JEAN JAURES (AV),45.7460393771,4.8422992229,8,2,1
202100052836,107Â 278,B01,10,3,1,4,0,-1,-1,1,4,1,2021,32.0,1,4,0,1,1,23,1,,4,,-1,,2,2,0,2,(1),(1),1,, -1,8,0,1,30,2,2,2021,08:30,1,38,38486,2,1,0,2,Rue du Jouffrey,45.15464,5.676246,8,3,2
202100042785,125Â 176,A01,1,1,1,5,2,6,-1,0,0,-1,2021,26.0,2,1,6,0,1,14,1,,3,2,0,,2,2,0,1,56,793,2,, -1,1,0,3,50,25,4,2021,16:55,1,33,33220,2,1,0,6,D2,45.096663,-0.725827,16,1,1
202100001480,199Â 142,B01,1,1,1,5,2,6,-1,-1, -1,-1,2021,36.0,2,1,0,2,1,2,1,,4,BD DE LA GARE,0,,1,3,3,1,(1),(1),1,, -1,1,0,1,50,24,12,2021,10:30,1,31,31555,2,1,0,2,BD DE LA GARE,43.60794,1.45583,10,2,2
202100013091,178Â 341,B01,1,1,1,0,8,0,-1,0,0,-1,2021,38.0,2,1,0,2,1,0,1,,4,ARDECHE (AVENUE DE L'),0,,2,2,0,1,(1),(1),1,, -1,1,0,1,50,15,10,2021,10:52,1,27,27681,2,2,0,3,ARDECHE (AVENUE DE L'),49.084,1.478,10,2,2
202100040072,129Â 968,A01,4,2,2,5,1,0,-1,0,0,-1,2021,26.0,1,2,0,2,4,23,2,,4,RUE LA FAYETTE,0,,2,4,0,1,(1),(1),1,, -1,1,0,1,50,13,5,2021,18:45,1,75,75110,2,2,0,2,RUE LA FAYETTE,48.879743,2.358689,18,3,2
202100056026,101Â 738,B01,1,1,1,9,1,0,-1,-1, -1,-1,2021,37.0,3,2,4,2,4,13,1,,3,448,0,,-1,2,0,1,0,0,1,, -1,1,0,1,50,6,1,2021,18:25,5,91,91421,2,6,0,3,GLACIERE (RUE DE LA),48.70679,2.44091,18,3,2
202100021738,162Â 778,B01,1,1,1,0,1,0,-1,-1, -1,-1,2021,34.0,2,2,0,2,2,1,1,,1,6,0,,3,6,0,1,10,600,1,, -1,1,0,1,110,31,8,2021,14:45,1,91,91689,1,1,0,3,AUTOROUTE A6,48.72877,2.31429,14,2,2
202100011117,181Â 862,A01,1,1,1,4,2,0,-1,0,0,-1,2021,18.0,2,1,0,1,1,7,1,,4,BOULEVARD DES BATIGNOLLES,0,,1,3,3,1,(1),(1),1,, -1,2,-1,6,30,25,10,2021,12:05,1,75,75108,2,3,0,6,BOULEVARD DES BATIGNOLLES,48.882988,2.325442,12,2,1
202100029967,148Â 232,A01,10,3,2,1,0,-1,-1,3,3,1,2021,53.0,1,2,0,1,1,1,1,,4,NUEE BLEUE (RUE DE LA),0,,2,2,0,1,0,0,1,, -1,2,0,1,30,8,7,2021,08:40,1,67,67482,2,1,1,6,NUEE BLEUE (RUE DE LA),48.585609,7.747331,8,2,1
202100021242,163Â 687,B01,1,1,1,1,8,0,-1,-1, -1,-1,2021,22.0,2,1,0,2,1,1,5,,7,HUGO VICTOR RUE,0,,2,2,1,1,(1),(1),1,, -1,1,0,5,50,2,9,2021,15:10,1,59,59350,2,3,0,3,HUGO VICTOR RUE,50.62116,3.09516,15,2,2
202100027566,152Â 450,B01,1,1,2,1,8,0,-1,0,0,-1,2021,41.0,1,1,0,2,0,1,5,,4,BOULEVARD DE LA VILLETTE,0,,1,1,1,1,(1),(1),1,, -1,1,0,1,50,21,7,2021,21:35,2,75,75119,2,1,0,3,BOULEVARD DE LA VILLETTE,48.877459,2.370989,21,2,2
202100005182,192Â 518,B01,1,1,2,1,1,0,-1,-1, -1,-1,2021,53.0,1,2,0,2,8,1,1,,1,A55-Sens Marseille vers Martigues,0,,1,3,0,2,6,800,2,, -1,1,0,1,90,2,12,2021,17:57,3,13,13216,1,1,0,3,A55-Sens Marseille vers Martigues,43.35217,5.34833,17,3,3
202100048738,114Â 643,A01,1,1,1,5,1,-1,-1,0,0,-1,2021,74.0,1,2,2,0,1,1,1,,3,RD160,0,D,2,2,0,1,6,500,1,, -1,1,0,3,80,10,3,2021,10:00,1,53,53144,1,1,0,6,LA FOUCAURAIS,48.317158,-0.494449,10,1,1
202100012109,180Â 069,A01,1,1,1,0,1,-1,-1,0,0,-1,2021,49.0,2,2,4,0,1,14,1,,1,8,-1,,-1,4,0,2,190,100,1,, -1,1,0,3,90,20,10,2021,14:40,1,6,6088,1,1,0,6,Autoroute A8 chaussÃ©e Nord PK 190.099,43.713643,7.213554,14,1,1
202100001189,199Â 647,A01,2,2,2,0,1,0,-1,-1, -1,-1,2021,23.0,2,2,0,2,7,15,1,,4,MALRAUX (QUAI ANDRE),0,,2,4,0,1,(1),(1),1,, -1,2,0,1,50,27,12,2021,12:30,1,37,37261,2,2,0,3,MALRAUX (QUAI ANDRE),47.39754,0.69946,12,3,2
202100016032,173Â 003,A01,1,1,1,5,1,-1,-1,0,0,-1,2021,51.0,1,2,13,0,9,1,1,,3,26,0,,2,2,0,1,7,(1),3,, -1,1,0,1,80,1,10,2021,13:20,1,80,80170,1,1,0,7,D26,49.670509,2.489299,13,1,1
202100056189,101Â 454,B01,1,1,1,5,8,0,-1,-1, -1,-1,2021,25.0,3,1,0,4,8,19,5,,9,MAURICE BERTHEAUX ALLEE,0,,2,2,3,1,1,0,1,, -1,1,9,6,50,5,1,2021,18:30,5,93,93046,2,1,0,3,MAURICE BERTHEAUX ALLEE,48.9134113791,2.5160032511,18,2,2
202100028566,150Â 658,A01,1,1,1,5,2,6,-1,0,0,-1,2021,20.0,3,1,5,0,7,17,1,,4,VC,0,A,2,2,0,1,0,0,1,, -1,1,0,1,30,16,7,2021,20:10,1,13,13022,2,1,0,7,6 Avenue de Provence,43.215447,5.544957,20,1,1
202100012389,179Â 566,B01,1,1,1,4,1,-1,-1,-1, -1,-1,2021,45.0,2,2,0,2,4,0,0,,4,MARIETTON                           (R ),0,,-1,2,0,1,(1),(1),1,, -1,1,0,1,50,18,10,2021,11:00,1,69,69389,2,9,0,2,MARIETTON (R),45.77609,4.79938,11,2,2
202100026462,154Â 401,A01,1,1,1,5,1,5,-1,-1, -1,-1,2021,85.0,1,2,1,0,1,16,1,,4,TOSCANE (ALLEE DE),0,,1,1,0,1,(1),(1),3,, -1,1,9,8,30,28,7,2021,14:03,1,37,37261,1,1,0,6,TOSCANE (ALLEE DE),47.3749520787,0.7090144604,14,1,1
202100007662,188Â 055,B01,1,1,1,9,2,6,-1,0,0,-1,2021,36.0,3,1,0,2,1,17,1,,4,AVENUE DAUMESNIL,0,,2,2,0,1,(1),(1),1,, -1,2,0,1,30,17,11,2021,10:20,1,75,75112,2,2,1,3,AVENUE DAUMESNIL,48.848642,2.372553,10,2,2
202100045596,120Â 226,B01,1,1,1,1,2,6,-1,-1, -1,-1,2021,29.0,1,1,0,2,3,1,1,,4,LIBERTE (BD DE LA),0,,2,2,0,2,(1),(1),1,, -1,1,0,1,50,30,3,2021,13:35,1,34,34032,2,4,0,3,LIBERTE (BD DE LA),43.3387,3.22509,13,2,2
202100002726,196Â 897,A01,1,1,1,1,2,0,-1,-1, -1,-1,2021,21.0,1,1,0,2,1,9,1,,1,A86 INT,0,,1,3,0,1,49,500,1,, -1,1,0,1,90,15,12,2021,14:30,1,94,94065,1,1,0,2,A86 INT,48.7547013835,2.3475797123,14,2,2
202100046186,119Â 216,A01,1,1,1,0,2,-1,-1,0,0,-1,2021,33.0,1,1,0,0,0,0,1,,3,RP1,-1,,2,2,1,1,(1),(1),1,, -1,1,0,1,50,27,3,2021,14:00,1,988,98817,2,2,0,7,RP1 - RM6,-22.230911,166.541319,14,1,1
202100006803,189Â 620,C01,3,2,2,5,3,-1,-1,-1,0,-1,2021,0.0,2,2,0,2,4,2,1,,1,AUTOROUTE A15,0,,3,6,0,2,9,699,1,, -1,1,0,1,110,23,11,2021,08:55,1,95,95582,1,1,0,4,AUTOROUTE A15,48.97306,2.24641,8,4,3
202100024161,158Â 474,A01,1,1,2,0,1,-1,-1,0,0,-1,2021,23.0,1,2,0,2,3,15,0,,3,938,-1,,2,2,1,1,(1),(1),2,, -1,1,0,1,80,29,6,2021,17:40,1,84,84137,1,1,0,1,D938,44.23448,5.081673,17,2,2
202100050969,110Â 574,A01,2,2,1,5,1,-1,-1,0,0,-1,2021,49.0,2,2,13,0,7,1,1,,3,15,-1,D,2,2,0,2,17,850,2,, -1,1,0,3,90,20,2,2021,17:00,1,61,61339,1,1,0,7,D15,48.759131,-0.235519,17,2,1
202100048036,115Â 879,A01,2,2,2,5,2,6,-1,0,0,-1,2021,38.0,2,1,0,2,3,18,1,,4,AVENUE MOZART,0,,1,3,3,2,(1),(1),1,, -1,2,-1,6,50,13,3,2021,12:25,1,75,75116,2,5,0,3,AVENUE MOZART,48.858172,2.274353,12,4,2
202100024069,158Â 629,A01,2,2,2,5,0,-1,-1,0,0,-1,2021,14.0,2,6,6,0,2,1,1,,4,0,0,X,2,2,0,1,(1),(1),1,, -1,1,0,4,50,15,8,2021,16:55,1,27,27057,2,1,0,6,3 Rue RenÃ© VallÃ©e,49.067711,1.044078,16,2,1
202100037340,134Â 921,B01,1,1,1,5,2,6,9,0,0,-1,2021,18.0,2,1,0,2,8,11,1,,3,419,0,,1,2,0,1,20,500,1,, -1,1,0,1,90,31,5,2021,13:20,1,68,68004,1,1,0,3,RD 419,47.626688,7.254871,13,3,2
202100002135,197Â 975,A01,1,1,1,0,2,0,-1,-1, -1,-1,2021,20.0,3,1,0,2,2,15,1,,4,JAVARY RUE,0,,3,2,0,1,(1),(1),1,, -1,2,0,1,50,19,12,2021,17:15,3,59,59350,2,1,1,1,JAVARY RUE,50.63262,3.08009,17,2,2
202100027826,151Â 976,A01,1,1,1,5,2,6,9,0,0,-1,2021,23.0,2,1,3,0,3,1,1,,3,967,-1,,2,2,0,2,58,50,3,, -1,1,0,3,80,22,7,2021,17:30,1,2,2150,1,1,0,6,D967,49.437638,3.676386,17,1,1
202100005060,192Â 734,A01,10,3,2,0,0,-1,-1,3,3,1,2021,18.0,1,2,0,1,1,1,1,,4,VANDOEUVRE (RUE DE),0,,2,2,0,1,(1),(1),1,, -1,1,0,1,50,2,12,2021,17:00,5,54,54578,2,3,0,6,VANDOEUVRE (RUE DE),48.6642622606,6.1522686481,17,2,1
202100034953,139Â 228,B01,1,1,1,5,2,6,-1,-1, -1,-1,2021,66.0,3,1,0,2,4,2,1,,3,D.50,0,,2,2,0,1,15,305,1,, -1,1,0,1,50,11,6,2021,15:05,1,77,77326,2,1,0,6,D50,48.58227,2.55428,15,5,3
202100033597,141Â 713,A01,1,1,1,0,2,6,-1,-1, -1,-1,2021,19.0,3,1,0,0,0,0,1,,4,BLANQUI (RUE),0,,-1,1,0,1,(1),(1),1,, -1,2,9,1,50,17,6,2021,15:30,1,37,37233,2,9,1,7,BLANQUI (RUE),47.39486,0.72066,15,1,1
202100008367,186Â 777,B01,1,1,1,9,2,0,-1,0,0,-1,2021,38.0,2,1,0,2,7,1,1,,4,BOULEVARD VOLTAIRE,0,,2,2,0,1,(1),(1),1,, -1,1,0,1,30,12,11,2021,12:50,1,75,75111,2,2,0,3,BOULEVARD VOLTAIRE,48.850646,2.39221,12,3,2
202100049186,113Â 835,A01,1,1,1,5,2,-1,-1,0,0,-1,2021,38.0,1,1,0,0,0,26,1,,1,8,-1,,2,5,0,2,199,262,1,, -1,1,1,1,90,6,3,2021,20:50,5,6,6088,1,1,0,7,"A8 tunnel de cap de croix, PK 199+262, CHAUSSÃE SUD",43.731701,7.276071,20,1,1