Num_Acc,id_vehicule,num_veh,place,catu,sexe,trajet,secu1,secu2,secu3,locp,actp,etatp,year_acc,victim_age,senc,catv,obs,obsm,choc,manv,motor,occutc,catr,voie,v1,v2,circ,nbv,vosp,prof,pr,pr1,plan,lartpc,larrout,surf,infra,situ,vma,jour,mois,an,hrmn,lum,dep,com,agg_,int,atm,col,adr,lat,long,hour,nb_victim,nb_vehicules
202100034196,140Â 625,A01,1,1,1,1,8,0,-1,-1, -1,-1,2021,55.0,1,1,0,2,1,3,1,,2,RN 385 INT,0,,3,3,0,1,54,909,1,, -1,1,0,1,110,16,6,2021,09:26,1,91,91645,1,1,0,2,RN 385 INT,48.75976,2.26964,9,2,2
202100032457,143Â 761,A01,10,3,2,9,0,-1,-1,2,3,1,2021,21.0,3,2,0,1,2,2,1,,3,RUE PDT FRANCOIS MITTERRAND,0,,2,2,0,2,0,0,1,, -1,1,9,1,50,24,6,2021,07:50,1,91,91345,2,1,0,6,RUE PDT FRANCOIS MITTERRAND,48.694298,2.293782,7,2,1
202100032067,144Â 431,A01,1,1,1,9,2,6,-1,-1, -1,-1,2021,30.0,2,1,0,2,3,3,1,,2,RN104,0,,-1,2,0,1,9,500,1,, -1,1,0,1,110,27,6,2021,20:00,1,77,77249,1,1,0,2,RN104,48.7516922157,2.6144258748,20,2,2
202100018031,169Â 397,A01,1,1,1,0,2,6,-1,-1, -1,-1,2021,30.0,1,1,0,2,1,2,1,,2,PARIS (R DE),0,,1,2,0,1,1,0,1,, -1,1,0,1,50,19,9,2021,11:08,1,94,94078,2,1,0,2,PARIS (R DE),48.740738,2.44672,11,2,2
202100016977,171Â 274,B01,4,2,2,9,1,8,-1,-1, -1,-1,2021,4.0,1,2,0,2,1,1,1,,4,PAUL CLAUDEL (BOULEVARD),0,,2,4,0,1,0,0,1,, -1,1,0,1,50,25,9,2021,17:05,1,13,13210,2,1,0,3,PAUL CLAUDEL (BOULEVARD),43.26927,5.42098,17,3,2
202100048524,115Â 021,B01,1,1,1,5,8,0,-1,-1, -1,-1,2021,13.0,1,1,0,2,7,19,5,,3,MULHOUSE (FAUBOURG DE),0,,2,4,2,1,0,0,1,, -1,1,0,1,50,10,3,2021,14:45,1,68,68166,2,1,0,3,MULHOUSE (FAUBOURG DE),47.78044,7.3293,14,3,2
202100041886,126Â 750,A01,10,3,2,0,0,-1,-1,2,3,2,2021,3.0,3,2,0,1,3,26,1,,4,GASTON BACHELARD                    (CH),0,,2,2,0,1,0,0,1,, -1,2,0,1,50,30,4,2021,13:20,1,69,69256,2,3,1,6,GASTON BACHELARD (CHM),45.77819,4.9143,13,3,1
202100051454,109Â 724,A01,10,3,2,5,0,-1,-1,5,2,1,2021,56.0,2,2,8,1,1,13,3,,4,RUE BLANCHE,0,,1,1,0,2,(1),(1),1,, -1,2,0,4,50,15,2,2021,13:45,1,75,75109,2,3,1,6,RUE BLANCHE,48.881198,2.331569,13,2,1
202100006263,190Â 596,A01,10,3,1,1,0,-1,-1,8,3,1,2021,57.0,1,2,0,1,2,9,1,,4,MERIGOT (RUE LEO ),0,,-1,2,0,1,(1),(1),1,, -1,1,9,8,50,22,11,2021,10:50,1,18,18279,2,1,0,3,MERIGOT (RUE LEO ),47.227,2.05356,10,2,1
202100040496,129Â 221,A01,1,1,1,4,1,0,-1,0,0,-1,2021,36.0,2,4,2,0,1,1,1,,3,VEYNES ( AVENUE DE  ),0,,2,2,0,2,67,820,2,, -1,1,0,3,50,9,5,2021,22:20,5,5,5061,2,1,0,6,VEYNES ( AVENUE DE  ),44.5574,6.06008,22,1,1
202100041878,126Â 768,A01,1,1,1,4,1,0,-1,-1, -1,-1,2021,46.0,1,5,13,0,2,26,1,,3,rue de la Moselotte,0,,2,2,0,2,1,950,1,, -1,2,0,3,50,30,4,2021,08:40,1,88,88415,2,1,1,7,rue de la Moselotte,48.01796,6.61599,8,1,1
202100000560,200Â 700,B01,1,1,1,4,1,-1,-1,0,0,-1,2021,42.0,2,2,0,2,8,1,1,,4,ODOS (CHEMIN D'),0,,2,2,0,1,(1),(1),1,, -1,1,0,1,50,8,11,2021,10:18,1,65,65440,2,2,0,3,LAFORGUE (AVENUE JULES),43.224169,0.06837,10,2,2
202100001405,199Â 264,A01,1,1,1,5,1,-1,-1,0,0,-1,2021,63.0,1,2,3,0,8,1,1,,1,87,0,,3,4,0,1,41,211,1,, -1,2,0,1,130,26,12,2021,08:30,2,85,85064,1,1,0,6,A87,46.828585,-1.223388,8,1,1
202100049255,113Â 717,B01,1,1,1,0,8,-1,-1,-1, -1,-1,2021,26.0,3,1,0,2,8,1,1,,4,VOLCLAIR (BD LOUIS),0,,2,2,1,1,(1),(1),1,, -1,1,0,1,50,4,3,2021,13:00,1,35,35238,2,1,0,3,VOLCLAIR (BD LOUIS),48.08843,-1.66774,13,2,2
202100044380,122Â 343,A01,1,1,2,9,1,-1,-1,0,0,-1,2021,71.0,2,2,2,0,3,13,1,,3,999,-1,D,2,2,0,2,22,200,1,, -1,1,0,3,70,12,4,2021,19:20,2,81,81317,1,1,0,6,650 Avenue de Millau,43.8949978885,2.343019303,19,1,1
202100016628,171Â 912,B01,1,1,1,5,2,0,-1,-1, -1,-1,2021,29.0,1,1,0,2,1,2,1,,3,PROFESSEUR RAYMOND GARCIN (RUE DU),0,,2,2,0,1,0,0,1,, -1,1,0,1,50,26,9,2021,15:40,1,972,97209,2,1,0,4,PROFESSEUR RAYMOND GARCIN (RUE DU),14.61952,-61.07804,15,3,3
202100037468,134Â 693,A01,1,1,1,5,2,6,9,0,0,-1,2021,25.0,3,1,2,0,1,1,1,,3,55,-1,,2,2,0,2,15,0,3,, -1,1,0,3,80,30,5,2021,19:10,1,60,60454,1,1,0,6,D55,49.386577,2.320261,19,1,1
202100048608,114Â 872,A01,10,3,2,9,9,-1,-1,2,9,1,2021,47.0,1,2,0,1,3,15,1,,3,1205,-1,D,2,2,0,1,53,350,2,, -1,1,0,1,30,11,3,2021,12:05,1,74,74256,2,3,0,6,Rte du Fayet,45.932793,6.632883,12,2,1
202100035851,137Â 613,A01,1,1,1,0,1,0,-1,-1, -1,-1,2021,30.0,1,5,0,2,1,12,1,,1,A55-Sens Martigues vers Marseille,0,,1,2,0,1,30,0,1,, -1,1,0,1,110,7,6,2021,11:50,1,13,13026,1,1,0,2,A55-Sens Martigues vers Marseille,43.3796640874,5.162769556,11,2,2
202100002936,196Â 524,A01,10,3,2,0,0,-1,-1,3,3,1,2021,89.0,2,2,0,1,1,1,1,,4,MOULIN JEAN (AV),0,,2,2,0,1,(1),(1),1,, -1,1,0,1,50,11,12,2021,16:58,1,34,34032,2,1,0,7,MOULIN JEAN (AV),43.34986,3.22676,16,2,1
202100010422,183Â 095,A01,1,1,1,1,2,6,-1,0,0,-1,2021,21.0,1,1,11,2,1,12,1,,7,173,-1,,4,4,0,2,28,950,2,, -1,1,5,1,70,29,10,2021,16:41,1,35,35352,1,6,0,3,rond point du PÃ¢tis Fraux,48.044693,-1.607695,16,2,2
202100017098,171Â 068,A01,1,1,1,5,2,6,-1,-1, -1,-1,2021,63.0,2,1,14,2,1,17,1,,3,BOISSY.(AVENUE DE),0,,2,1,0,1,0,0,1,, -1,1,0,1,50,24,9,2021,15:20,1,94,94011,2,3,0,1,Avenue de Boissy,48.7694467967,2.4865794182,15,2,2
202100008508,186Â 527,B01,1,1,1,0,1,0,-1,-1, -1,-1,2021,37.0,2,2,0,0,4,23,1,,3,LUGO (AV DE),0,,1,3,0,1,1,0,1,, -1,1,0,1,500,11,11,2021,13:10,1,94,94022,2,1,0,2,Avenue de Lugo,48.7732156448,2.4094390869,13,2,2
202100024293,158Â 247,Z01,10,3,1,5,8,8,-1,3,3,2,2021,2.0,1,2,0,1,3,2,1,,4,CAMILLE PELLETAN (AVENUE),0,,1,2,3,1,0,0,1,, -1,1,0,1,50,13,8,2021,21:15,5,13,13203,2,1,0,7,CAMILLE PELLETAN (AVENUE),43.30761,5.37383,21,3,1
202100048179,115Â 629,B01,4,2,1,5,0,-1,-1,0,0,-1,2021,28.0,1,2,3,0,4,2,1,,1,77,0,A,3,4,0,1,106,780,1,, -1,1,0,1,130,14,3,2021,11:40,1,58,58086,1,1,0,2,A77 PK 106+780,47.359641,2.923651,11,6,2
202100012420,179Â 507,A01,1,1,1,4,1,8,-1,-1, -1,-1,2021,54.0,1,2,0,2,8,15,1,,4,MINOTERIE (RUE DE LA),0,,2,2,0,1,0,0,1,, -1,1,9,1,50,14,10,2021,15:30,1,67,67482,2,1,0,3,MINOTERIE (RUE DE LA),48.57939,7.79074,15,3,2
202100054291,104Â 715,A01,10,3,1,5,0,-1,-1,1,3,2,2021,51.0,2,2,0,1,2,14,1,,4,,0,,2,2,0,1,(1),(1),1,, -1,2,0,1,20,21,1,2021,09:50,1,68,68334,2,1,0,6,14 Rue Saint Thiebaut,47.811781,7.10167,9,2,1
202100029454,149Â 134,B01,1,1,1,5,8,0,-1,-1, -1,-1,2021,25.0,3,1,0,2,1,1,3,,4,,0,,2,2,0,4,0,0,3,, -1,1,0,1,50,11,7,2021,18:15,1,92,92048,2,1,0,3,Rue de Paris,48.817431875,2.2486916184,18,2,2
202100041701,127Â 071,B01,2,2,1,2,1,-1,-1,0,0,-1,2021,18.0,3,2,0,2,2,1,1,,3,126,0,,2,2,0,1,(1),(1),1,, -1,1,5,1,80,3,5,2021,07:00,1,28,28196,1,2,0,3,D126,48.302095,1.18927,7,5,2
202100017789,169Â 819,B01,1,1,1,2,2,8,-1,-1, -1,-1,2021,15.0,3,1,0,0,4,1,1,,4,JAURES (BOULEVARD JEAN),0,,1,2,0,1,0,0,2,, -1,1,0,1,50,20,9,2021,07:50,1,974,97411,2,6,0,6,JAURES (BOULEVARD JEAN),-20.90109,55.49648,7,2,2
202100017062,171Â 128,A01,2,2,2,9,1,0,-1,0,0,-1,2021,63.0,2,2,0,2,4,23,1,,4,QUAI DE VALMY,0,,1,3,0,1,(1),(1),1,, -1,1,0,1,30,24,9,2021,23:40,5,75,75110,2,2,0,4,QUAI DE VALMY,48.868655,2.367064,23,5,3
202100048939,114Â 271,A01,1,1,1,9,2,0,-1,-1, -1,-1,2021,50.0,3,1,12,0,1,1,1,,4,MAGINOT (AV. ANDRE),0,,2,2,0,1,(1),(1),3,, -1,1,5,1,50,6,3,2021,22:21,5,37,37261,2,6,0,7,MAGINOT (AV. ANDRE),47.4186521831,0.6927180291,22,1,1
202100021641,162Â 945,A01,10,3,1,0,0,-1,-1,3,3,1,2021,76.0,0,2,0,1,3,1,1,,4,"SOSPEL (AVENUE DE, NÂ° 57 A 152)",0,,3,2,0,1,(1),(1),1,, -1,1,0,8,50,26,8,2021,10:45,1,6,6083,2,9,0,6,Avenue de Sospel,43.780184,7.4938,10,2,1
202100005397,192Â 146,B01,1,1,1,9,2,6,-1,-1, -1,-1,2021,51.0,2,1,0,2,1,1,1,,3,906,0,,2,4,0,1,0,0,1,, -1,1,0,1,50,30,11,2021,22:30,5,92,92046,2,1,0,3,BROSSOLETTE AVENUE PIERRE,48.81463,2.3036,22,2,2
202100018181,169Â 113,B01,1,1,1,9,8,0,-1,0,0,-1,2021,29.0,1,1,0,2,2,1,5,,4,RUE LA FAYETTE,0,,1,2,0,1,(1),(1),1,, -1,1,0,1,30,17,9,2021,20:45,5,75,75109,2,3,0,3,RUE LA FAYETTE,48.876009,2.344516,20,2,2
202100019506,166Â 765,A01,1,1,1,5,1,0,-1,0,0,-1,2021,29.0,1,2,0,2,1,1,1,,3,JOURDAN (AVENUE MICHEL),0,,2,4,0,1,0,885,1,, -1,1,0,1,50,10,9,2021,20:10,3,6,6029,2,1,0,3,JOURDAN (AVENUE MICHEL),43.554672,6.972323,20,2,2
202100001765,198Â 636,B01,1,1,1,5,2,0,-1,-1, -1,-1,2021,31.0,2,1,0,2,1,1,3,,3,910,0,,2,3,0,1,0,0,1,, -1,1,0,1,50,21,12,2021,16:10,1,92,92012,2,3,0,3,GENERAL LECLERC (AVENUE DU) 35/FIN - 60/,48.8309362379,2.23462075,16,2,2
202100019980,165Â 916,B01,1,1,1,4,1,4,-1,0,0,-1,2021,49.0,1,5,0,0,6,24,1,,1,A43,-1,A,3,4,0,1,43,140,1,, -1,1,0,2,130,7,9,2021,09:50,1,38,38064,1,1,0,2,A43,45.559512,5.400231,9,2,2
202100029050,149Â 813,A01,1,1,1,5,1,-1,-1,0,0,-1,2021,65.0,1,2,13,0,4,1,1,,3,1075,-1,,2,2,0,1,28,970,2,, -1,1,0,3,90,14,7,2021,19:28,1,5,5166,1,1,0,6,RD1075 PK29,44.440644,5.713255,19,1,1
202100028882,150Â 096,B01,1,1,1,0,2,0,-1,-1, -1,-1,2021,36.0,2,1,0,2,3,1,1,,4,,0,,1,1,0,1,6,0,1,, -1,1,0,1,30,15,7,2021,13:34,1,92,92044,2,1,0,3,LOUISE MICHEL(RUE) 1A39 ET 2A30,48.887746,2.285524,13,2,2
202100043465,123Â 966,B01,3,2,2,9,1,0,-1,0,0,-1,2021,30.0,3,2,0,2,4,2,1,,4,BOULEVARD PERIPHERIQUE EXTERIEUR OUEST,0,,1,3,0,1,14,600,1,, -1,1,0,1,70,19,4,2021,17:30,1,75,75116,2,1,0,2,BOULEVARD PERIPHERIQUE EXTERIEUR OUEST,48.865767,2.268076,17,3,2
202100030196,147Â 796,B01,1,1,1,0,1,0,-1,-1, -1,-1,2021,19.0,1,2,0,2,2,1,1,,3,REVOLUTION DE 1789 AVENUE DE LA),0,,3,6,0,1,137,520,1,, -1,2,5,1,50,8,7,2021,01:37,5,25,25031,2,3,1,3,REVOLUTION DE 1789 AVENUE DE LA),47.48171,6.84505,1,3,2
202100007203,188Â 879,A01,1,1,1,9,2,6,-1,-1, -1,-1,2021,18.0,2,1,0,2,1,1,1,,4,GASTON LACOSTE,0,,2,2,0,1,0,0,1,, -1,1,0,1,50,18,11,2021,12:20,1,64,64445,2,3,0,3,GASTON LACOSTE,43.29243,-0.36364,12,2,2
202100048312,115Â 401,B01,1,1,2,5,8,8,-1,-1, -1,-1,2021,36.0,1,2,0,2,8,1,1,,4,CHARLES GOUNOD (RUE),0,,2,2,0,1,0,0,1,, -1,2,0,1,50,12,3,2021,17:50,2,93,93007,2,2,1,3,CHARLES GOUNOD (RUE),48.9383600078,2.468753853,17,5,2
202100052221,108Â 362,B01,1,1,1,5,1,0,-1,-1, -1,-1,2021,34.0,3,2,0,2,3,1,1,,4,ALBERT CAMUS  RUE,0,,2,2,0,1,(1),(1),1,, -1,1,0,1,30,7,2,2021,19:00,5,13,13063,2,1,0,3,ALBERT CAMUS  RUE,43.588851,5.005116,19,2,2
202100006632,189Â 936,B01,1,1,1,0,2,0,-1,0,0,-1,2021,21.0,3,1,0,2,1,1,1,,4,CATAROU (RUE DE),0,,2,2,0,1,(1),(1),1,, -1,1,0,1,50,19,11,2021,16:18,1,63,63113,2,4,0,3,CATAROU (RUE DE),45.78791,3.10541,16,2,2
202100020747,164Â 546,B01,7,2,2,5,1,-1,-1,0,0,-1,2021,72.0,2,2,0,0,6,1,1,,1,84,0,,1,4,0,2,232,600,2,, -1,1,3,1,130,5,9,2021,13:50,1,14,14672,1,4,0,2,A84,49.046487,-0.784487,13,5,2
202100028914,150Â 046,B01,1,1,2,0,1,-1,-1,0,0,-1,2021,55.0,1,2,0,2,3,0,1,,3,518,-1,,2,2,0,1,54,760,1,, -1,2,0,1,80,15,7,2021,17:45,1,38,38387,1,1,1,1,Route de Saint Marcellin,45.312941,5.336255,17,2,2
202100039672,130Â 671,A01,1,1,1,5,1,4,-1,-1,0,-1,2021,21.0,2,2,4,0,1,1,1,,1,AUTOROUTE A115,0,,3,4,0,1,10,899,3,, -1,2,0,1,90,16,5,2021,21:30,3,95,95394,1,1,1,6, A115,49.04979,2.18145,21,1,1
202100039673,130Â 669,B01,1,1,1,0,2,0,-1,-1, -1,-1,2021,61.0,2,1,0,2,6,2,1,,1,15,0,,3,4,0,2,4,99,3,, -1,2,0,1,50,16,5,2021,22:35,3,92,92036,1,1,1,2,AUTOROUTE A15,48.9384432213,2.2966712184,22,2,2
202100008770,186Â 063,A01,1,1,1,0,2,0,-1,-1, -1,-1,2021,42.0,1,1,1,0,8,1,1,,4,LETTRES (AL. DES),0,,2,2,0,1,1,0,1,, -1,1,0,1,50,9,11,2021,00:50,5,93,93010,2,3,0,6,LETTRES (AL. DES),48.8906636094,2.4945457556,0,1,1
202100000191,201Â 399,B01,1,1,1,9,2,0,-1,-1, -1,-1,2021,50.0,0,0,0,2,1,15,3,,4,AVENUE DE LAUMIERE,0,,2,3,0,1,0,0,1,, -1,2,0,1,30,30,11,2021,13:42,1,75,75119,2,2,0,3,AVENUE DE LAUMIERE,48.8846,2.37965,13,2,2
202100033200,142Â 419,A01,1,1,1,5,8,0,-1,-1, -1,-1,2021,26.0,2,2,0,0,9,1,1,,3,920,0,,2,2,0,2,25,835,3,, -1,1,0,3,90,20,6,2021,00:15,3,15,15012,1,1,0,7,SENILHES,44.86815,2.44583,0,1,1
202100040635,128Â 976,B01,2,2,1,0,8,0,-1,-1, -1,-1,2021,19.0,2,1,0,2,1,1,1,,4,HENRI BARBUSSE (AVENUE),0,,1,2,0,1,0,0,1,, -1,2,0,1,50,9,5,2021,19:21,1,93,93007,2,5,0,3,HENRI BARBUSSE (AVENUE),48.9395414801,2.4618212874,19,5,2
202100015380,174Â 216,A01,1,1,1,0,2,-1,-1,0,0,-1,2021,36.0,3,1,0,0,0,0,1,,4,,-1,,2,2,0,2,(1),(1),1,,4,1,0,1,-1,3,10,2021,15:50,1,974,97413,1,1,0,7,Chemin des CamÃ©lias,-21.167704,55.319713,15,1,1
202100023342,159Â 887,A01,1,1,2,5,1,-1,-1,0,0,-1,2021,18.0,2,2,0,0,3,21,1,,3,606,0,,2,2,0,1,146,92,2,, -1,1,0,3,-1,20,8,2021,22:40,3,89,89134,1,1,0,7,D606,47.474911,4.025331,22,1,1
202100041253,127Â 860,B01,1,1,1,1,1,0,-1,-1, -1,-1,2021,52.0,2,2,0,2,2,1,2,,4,EUROPE (DE L')                      (AV),0,,1,1,0,1,(1),(1),1,, -1,2,0,1,50,5,5,2021,07:30,1,69,69286,2,3,1,3,EUROPE (DE L')                      (AV),45.81893,4.90569,7,2,2
202100014009,176Â 663,B01,2,2,2,5,1,0,0,0,0,-1,2021,57.0,1,2,1,2,2,1,1,,4,,0,,1,2,0,1,(1),(1),1,, -1,1,0,1,50,10,10,2021,09:22,1,6,6088,2,2,0,3,TRACHEL (RUE),43.706175,7.260823,9,3,2
202100002280,197Â 707,B01,1,1,1,5,8,0,-1,-1, -1,-1,2021,25.0,3,1,0,2,1,1,5,,3,R DE BREVANNES,0,,2,1,0,1,1,0,1,, -1,1,0,1,50,18,12,2021,09:25,1,94,94071,2,6,0,3,Rue de BrÃ©vannes,48.76416,2.512693,9,2,2
202100043782,123Â 426,B01,1,1,1,5,1,8,-1,-1, -1,-1,2021,21.0,1,2,0,2,4,24,1,,4,SAINT MARCEL (BOULEVARD DE ),0,,2,2,0,1,(1),(1),1,, -1,1,0,1,30,16,4,2021,23:00,5,13,13211,2,1,0,2,SAINT MARCEL (BOULEVARD DE ),43.287705,5.464738,23,5,2
202100031114,146Â 125,A01,2,2,2,5,2,-1,-1,-1, -1,-1,2021,17.0,2,1,0,2,1,1,1,,4,RUE DE LA COURSE,0,,1,1,2,1,(1),(1),1,, -1,2,9,1,30,3,7,2021,01:50,5,33,33063,2,2,1,3,Rue de la Course,44.85132,-0.57618,1,3,2
202100046215,119Â 159,B01,1,1,1,5,2,6,-1,-1, -1,-1,2021,19.0,1,1,0,2,6,1,1,,4,GRANDRUPT (RUE DE LA),0,,2,2,0,1,(1),(1),1,, -1,1,0,1,50,28,3,2021,19:15,1,88,88209,2,6,0,3,GERMAIN CREUSE (RUE),48.18981,6.42948,19,2,2
202100050038,112Â 301,B01,1,1,2,0,1,8,-1,-1, -1,-1,2021,79.0,2,2,0,2,1,0,1,,3,HUIT MAI 1945   AVENUE DU,0,,3,4,0,1,0,1,1,, -1,1,5,1,50,25,2,2021,11:40,1,17,17200,2,2,0,4,HUIT MAI 1945   AVENUE DU,46.18305,-1.15233,11,3,3
202100037183,135Â 221,B01,1,1,1,0,8,0,-1,-1, -1,-1,2021,17.0,2,1,0,2,1,1,5,,4,HENRI DUNANT (RUE),0,,2,2,0,1,(1),(1),1,, -1,1,0,1,30,31,5,2021,08:30,1,89,89387,2,3,0,1,Rue Henri Dunant,48.20087,3.29189,8,2,2
202100034649,139Â 784,B01,1,1,1,5,0,-1,-1,0,0,-1,2021,29.0,1,1,0,2,0,1,5,,3,123,0,,2,2,0,1,4,50,1,, -1,1,0,1,80,13,6,2021,22:30,3,71,71398,1,1,0,1,route de chalon,46.7558825327,4.9558815832,22,2,2
202100007628,188Â 110,B01,1,1,2,1,1,-1,-1,-1, -1,-1,2021,28.0,2,2,2,2,6,1,1,,4,KEREQUELLOU CHEMIN DE,0,,2,2,0,1,(1),(1),2,, -1,2,0,1,50,17,11,2021,13:20,1,29,29232,1,1,0,1,Chemin de Kerequellou,47.9542,-4.07185,13,2,2
202100035648,137Â 993,B01,1,1,1,1,1,-1,-1,-1, -1,-1,2021,32.0,1,2,0,2,4,1,1,,1,ROCADE A 630,0,,3,6,0,1,16,659,1,, -1,1,0,1,90,8,6,2021,09:35,1,33,33281,1,1,0,2,Rocade Ouest A630,44.83799,-0.67606,9,2,2
202100013441,177Â 708,B01,1,1,1,5,2,6,-1,0,0,-1,2021,58.0,2,1,0,2,1,1,1,,3,928,0,,2,2,0,1,19,26,1,, -1,1,5,1,80,13,10,2021,16:45,1,32,32406,1,2,1,3,carrefour D928 et D105,43.689346,0.82597,16,2,2
202100012659,179Â 089,B01,3,2,1,0,1,0,-1,0,0,-1,2021,6.0,0,2,0,2,1,1,1,,3,RD313,0,,2,2,0,2,55,0,4,, -1,1,0,1,80,17,10,2021,15:30,1,27,27375,1,1,0,1,RD313,49.23394,1.13393,15,6,2
202100027332,152Â 866,B01,1,1,1,0,1,0,-1,-1, -1,-1,2021,47.0,1,2,0,2,1,1,2,,3,201,0,,2,2,0,1,0,0,1,, -1,1,0,1,70,23,7,2021,18:45,1,91,91109,2,1,0,1,COCHET (RUE DU)        RD201,48.45937,2.12498,18,2,2
202100049783,112Â 757,B01,1,1,1,9,2,6,-1,-1, -1,-1,2021,32.0,2,1,0,2,0,0,1,,3,GAGNY (AVENUE DE),0,,1,4,1,1,0,1,1,, -1,1,5,1,50,27,2,2021,21:00,5,93,93053,2,2,0,3,GAGNY (AVENUE DE),48.886552773,2.4720528424,21,2,2
202100025421,156Â 218,B01,1,1,1,0,2,8,-1,-1, -1,-1,2021,27.0,2,1,0,2,1,1,1,,4,ACHILLE RENE BOISNEUF (RUE),0,,2,2,0,1,(1),(1),1,, -1,1,0,1,50,4,8,2021,08:30,1,971,97101,2,3,0,3,ACHILLE RENE BOISNEUF (RUE),16.2693,-61.5063,8,2,2
202100026371,154Â 556,A01,1,1,1,5,2,6,-1,0,0,-1,2021,16.0,3,1,0,0,2,16,1,,4,,-1,,2,2,0,2,(1),(1),1,,5,1,0,1,50,31,7,2021,00:40,3,42,42312,2,3,0,7,Chemin de Guillaumont,45.430771,4.072832,0,1,1
202100028034,151Â 605,B01,9,2,2,0,1,-1,-1,0,0,-1,2021,10.0,0,2,0,2,4,15,0,,3,75,0,E,2,2,0,1,(1),(1),1,, -1,1,0,1,80,19,7,2021,19:44,1,24,24526,1,2,0,2,Les Landes de Vaux,45.358201,1.232671,19,6,2
202100040719,128Â 826,B01,1,1,2,5,1,1,-1,0,0,-1,2021,29.0,1,5,0,2,3,1,1,,4,AVENUE JAMES COOK,0,,2,2,0,1,0,0,1,, -1,1,0,1,50,8,5,2021,13:00,1,988,98818,2,9,0,3,PARKING MUSEE MARITIME/AVENUE JAMES COOK,-22.26785,166.43385,13,2,2
202100005148,192Â 571,B01,1,1,1,5,2,6,-1,0,0,-1,2021,23.0,3,1,0,2,1,2,1,,4,33,0,C,2,2,0,1,(1),(1),1,, -1,2,0,1,50,1,12,2021,16:15,2,41,41232,2,1,0,3,Rue de l OrlÃ¨anais,47.418357,2.05608,16,2,2
202100013831,176Â 968,Z01,10,3,2,1,0,-1,-1,2,3,2,2021,23.0,3,2,0,1,0,1,0,,4,ANTOINE GIROUST (BOULEVARD ),0,,2,2,0,1,1,0,1,, -1,1,0,1,50,11,10,2021,07:20,5,77,77058,2,1,0,6,ANTOINE GIROUST (BOULEVARD ),48.840314,2.710622,7,3,1
202100053322,106Â 411,B01,1,1,2,0,0,-1,-1,-1, -1,-1,2021,20.0,0,1,0,0,0,0,3,,4,,0,,1,3,0,2,(1),(1),1,, -1,2,0,1,50,28,1,2021,15:45,1,69,69383,2,1,1,1,LACASSAGNE (AV),45.7462831625,4.8862032576,15,2,2
202100006518,190Â 156,B01,1,1,1,5,1,-1,-1,0,0,-1,2021,82.0,1,2,0,2,3,17,1,,1,A11,-1,,3,4,0,1,243,350,1,, -1,1,0,1,130,25,11,2021,17:05,1,49,49110,1,1,0,5,Autoroute A11 - PK 243.350 - sens LE MANS / ANGERS,47.554301,-0.333452,17,5,3
202100020399,165Â 172,A01,10,3,1,5,0,-1,-1,3,3,1,2021,91.0,3,2,0,1,3,1,1,,9,,0,,2,2,0,3,(1),(1),1,,4,1,0,1,30,7,9,2021,09:30,1,28,28280,2,7,0,6,Place du GÃ©nÃ©ral Saint Pol,48.321343,0.821807,9,2,1
202100039959,130Â 163,A01,1,1,1,5,2,0,-1,0,0,-1,2021,80.0,1,1,4,0,1,1,5,,3,D994,0,,2,2,0,2,65,400,2,, -1,1,0,1,50,13,5,2021,12:22,1,5,5061,1,1,0,7,D994,44.54816,6.03822,12,1,1
202100049272,113Â 685,B01,1,1,2,9,2,6,-1,0,0,-1,2021,41.0,2,1,0,2,1,23,1,,4,RUE DES ORTEAUX,0,,2,2,0,2,(1),(1),1,, -1,1,0,1,30,4,3,2021,08:45,1,75,75120,2,2,0,2,RUE DES ORTEAUX,48.85575,2.408247,8,2,2
202100010268,183Â 353,B01,1,1,2,0,1,0,-1,-1, -1,-1,2021,20.0,1,2,0,2,6,15,1,,3,FAIDHERBE (BOULEVARD),0,,2,4,0,1,(1),(1),1,, -1,2,0,1,50,29,10,2021,05:50,1,971,97120,2,2,1,3,FAIDHERBE (BOULEVARD),16.24006,-61.53204,5,2,2
202100034113,140Â 785,A01,10,3,1,4,0,-1,-1,7,9,2,2021,47.0,1,2,6,0,1,2,1,,4,CHATEAU (AV DU),0,,1,1,1,2,4,0,2,, -1,1,0,8,30,14,6,2021,17:10,1,94,94068,2,1,0,6,CHATEAU (AV DU),48.79086,2.51107,17,2,1
202100005473,192Â 005,B01,1,1,2,1,2,8,-1,-1, -1,-1,2021,46.0,1,0,0,2,1,1,3,,4,PRESBYTERE (RUE DU),0,,1,1,0,1,0,0,1,, -1,1,0,1,25,29,11,2021,12:10,1,974,97416,2,1,0,2,PRESBYTERE (RUE DU),-21.3358049524,55.4760164022,12,2,2
202100007420,188Â 497,A01,2,2,2,5,1,0,-1,-1, -1,-1,2021,15.0,2,2,0,2,4,2,1,,1,A50 - Sens Aubagne vers Marseille,0,,1,3,0,2,26,0,2,, -1,1,0,1,90,18,11,2021,17:25,1,13,13005,1,1,0,2,A50 - Sens Aubagne vers Marseille,43.277293,5.587131,17,3,2