Num_Acc,id_vehicule,num_veh,place,catu,sexe,trajet,secu1,secu2,secu3,locp,actp,etatp,year_acc,victim_age,senc,catv,obs,obsm,choc,manv,motor,occutc,catr,voie,v1,v2,circ,nbv,vosp,prof,pr,pr1,plan,lartpc,larrout,surf,infra,situ,vma,jour,mois,an,hrmn,lum,dep,com,agg_,int,atm,col,adr,lat,long,hour,nb_victim,nb_vehicules
202100006530,190Â 130,B01,1,1,1,1,1,-1,-1,0,0,-1,2021,21.0,2,2,0,2,1,1,1,,3,490,-1,,2,2,0,1,4,800,1,, -1,1,0,1,80,24,11,2021,18:00,3,76,76473,1,1,0,1,D490,49.494127,0.750287,18,3,2
202100002835,196Â 708,A01,1,1,1,5,0,-1,-1,0,0,-1,2021,66.0,3,6,0,0,9,1,1,,4,,-1,,2,1,0,2,(1),(1),1,,"3,5",7,0,3,50,16,12,2021,13:30,1,12,12125,2,1,0,7,Chemin de Saint-Maurice Ã  Orient,43.854015,2.626682,13,1,1
202100040868,128Â 575,Z01,2,2,2,0,2,0,-1,-1, -1,-1,2021,30.0,2,1,0,2,0,1,0,,3,BADUEL (ROUTE DE),0,,2,1,0,1,1,500,1,, -1,1,9,1,50,7,5,2021,09:13,1,973,97302,2,1,0,6,BADUEL (ROUTE DE),4.9379052751,-52.3162879946,9,3,2
202100055204,103Â 140,A01,1,1,1,4,2,0,-1,0,0,-1,2021,34.0,2,1,0,2,8,15,1,,4,BOULEVARD DU MONTPARNASSE,0,,2,6,0,1,(1),(1),1,, -1,2,-1,6,50,13,1,2021,19:11,5,75,75106,2,2,1,3,BOULEVARD DU MONTPARNASSE,48.843064,2.326369,19,2,2
202100020749,164Â 543,A01,1,1,1,5,1,-1,-1,0,0,-1,2021,64.0,1,2,2,0,2,17,1,,3,61,0,,2,2,0,1,0,970,1,, -1,1,0,3,80,5,9,2021,19:00,1,62,62586,1,1,0,6,D61,50.288462,2.63232,19,1,1
202100003439,195Â 608,B01,1,1,1,9,2,6,-1,0,0,-1,2021,28.0,2,1,0,2,3,7,1,,4,RUE DE VAUGIRARD,0,,1,3,3,1,(1),(1),1,, -1,1,-1,6,30,11,12,2021,11:25,1,75,75115,2,4,0,3,RUE DE VAUGIRARD,48.839836,2.302171,11,2,2
202100037412,134Â 792,B01,8,2,2,5,8,0,-1,-1, -1,-1,2021,17.0,1,1,0,2,8,1,1,,4,BREST (DE)                          (R ),0,,1,2,3,1,(1),(1),1,, -1,1,0,1,50,30,5,2021,21:05,1,69,69382,2,2,0,3,BREST (DE) (R),45.7638,4.83322,21,4,2
202100044744,121Â 739,A01,2,2,1,9,1,-1,-1,0,0,-1,2021,24.0,1,2,0,2,4,2,1,,4,,-1,,2,2,0,1,(1),(1),1,, -1,1,0,1,50,7,4,2021,12:15,1,29,29105,2,1,0,4,Rue du Pontic,48.5197353315,-4.0665511654,12,4,3
202100015175,174Â 584,A01,1,1,2,9,2,6,-1,0,0,-1,2021,17.0,2,1,0,2,1,13,1,,2,106,-1,,2,2,0,2,65,520,4,, -1,2,0,1,90,5,10,2021,18:00,1,48,48147,1,1,0,1,N106,44.432543,3.553852,18,2,2
202100020185,165Â 557,A01,1,1,1,5,2,-1,-1,0,0,-1,2021,53.0,3,1,0,0,2,1,1,,3,89,-1,,2,2,0,1,3,900,2,, -1,1,0,4,80,8,9,2021,19:15,2,69,69171,1,1,0,7,BREVENNE (DE LA) (Q),45.805619,4.596212,19,1,1
202100020019,165Â 844,B01,1,1,1,1,1,0,-1,-1, -1,-1,2021,53.0,1,2,0,2,4,0,1,,1,86,0,,3,4,0,1,8,800,1,, -1,1,0,1,90,9,9,2021,18:00,1,92,92036,1,1,0,4,AUTOROUTE A86,48.9377152081,2.2968897826,18,3,3
202100011666,180Â 870,B01,1,1,1,1,2,0,-1,-1, -1,-1,2021,23.0,1,1,0,2,1,2,1,,3,CROIZAT AMBROISE RD 29 BIS,0,,-1,1,0,1,0,0,1,, -1,1,0,1,50,22,10,2021,14:14,1,93,93066,2,1,0,3,CROIZAT AMBROISE RD 29 BIS,48.929552,2.351074,14,2,2
202100017398,170Â 533,B01,1,1,1,1,2,6,-1,-1, -1,-1,2021,38.0,2,1,0,2,7,1,1,,1,A4,0,,1,3,0,1,13,199,1,, -1,1,0,1,110,22,9,2021,19:00,1,93,93051,1,1,0,3,A4,48.836372,2.554609,19,2,2
202100016261,172Â 566,A01,1,1,1,5,2,8,-1,-1, -1,-1,2021,16.0,3,1,12,2,1,26,1,,4,HENRI LANGLOIS,0,,2,2,0,1,0,0,1,, -1,1,9,1,50,29,9,2021,18:00,1,93,93029,2,1,0,1,HENRI LANGLOIS,48.9130025818,2.4501415991,18,2,2
202100037136,135Â 315,C01,1,1,2,0,1,0,-1,-1, -1,-1,2021,33.0,2,2,0,2,4,1,1,,2,346,0,,3,6,0,1,40,400,1,, -1,1,0,1,90,31,5,2021,13:42,1,69,69290,1,1,0,5,RN346   38.960 A 40.883,45.709,4.96792,13,3,3
202100012354,179Â 638,A01,1,1,1,0,2,4,-1,-1, -1,-1,2021,37.0,2,1,0,2,1,2,1,,2,RN 104,0,,3,3,0,1,33,500,1,, -1,1,0,1,90,19,10,2021,17:45,2,91,91174,1,1,0,4,RN 104,48.62485,2.47032,17,4,4
202100055645,102Â 390,A01,1,1,2,0,1,0,-1,-1, -1,-1,2021,31.0,1,2,4,0,4,1,1,,1,A515CD-Gardanne vers A51-Marseille,0,,1,2,0,1,1,200,1,, -1,5,0,1,90,10,1,2021,08:45,1,13,13015,1,1,1,6,A515CD-Gardanne vers A51-Marseille,43.42873,5.40044,8,1,1
202100045117,121Â 094,A01,1,1,1,4,2,6,-1,-1, -1,-1,2021,21.0,1,1,0,2,1,17,1,,7,GOURAUD (AVE GENERAL),0,,2,2,0,1,1,100,1,, -1,1,5,1,50,3,4,2021,20:25,5,83,83137,2,2,0,1,GOURAUD (AVE GENERAL),43.1351,5.91638,20,2,2
202100020597,164Â 814,A01,1,1,1,0,2,0,-1,-1, -1,-1,2021,19.0,1,1,0,2,1,1,1,,3,910,0,,3,4,0,1,0,0,1,, -1,1,0,1,50,5,9,2021,13:35,1,92,92012,2,1,0,5,EDOUARD VAILLANT (AVENUE) 57/FIN - 58/FI,48.8339660356,2.2447070596,13,3,3
202100031720,145Â 061,A01,1,1,1,5,1,0,-1,0,0,-1,2021,49.0,1,2,0,2,3,1,1,,3,MARIGARDE (ROUTE DE LA),0,,2,2,0,1,20,57,2,, -1,1,0,1,50,29,6,2021,07:25,1,6,6069,2,1,0,3,MARIGARDE (ROUTE DE LA),43.655332,6.941387,7,2,2
202100006455,190Â 257,B01,1,1,1,1,2,0,-1,0,0,-1,2021,33.0,1,1,0,2,2,1,1,,4,PORTE D ITALIE,0,,1,4,0,1,2,200,1,, -1,1,0,1,70,24,11,2021,08:45,1,75,75113,2,1,0,4,PORTE D ITALIE,48.816833,2.364982,8,3,3
202100034620,139Â 831,A01,10,3,1,0,0,-1,-1,2,3,1,2021,13.0,1,2,0,1,1,1,1,,4,DIVISION DU GENERAL LECLERC (R DE LA),0,,1,1,0,2,0,0,1,, -1,1,0,1,50,13,6,2021,20:00,1,94,94037,2,1,0,7,DIVISION DU GENERAL LECLERC (R DE LA),48.81232,2.34965,20,2,1
202100007202,188Â 880,B01,1,1,1,0,2,6,-1,-1, -1,-1,2021,63.0,1,1,0,2,1,1,1,,4,GASTON CAMBOT,0,,2,2,0,1,0,0,2,, -1,1,0,1,30,18,11,2021,18:00,5,64,64284,2,6,0,3,GASTON CAMBOT,43.28951,-0.39282,18,2,2
202100031051,146Â 236,D01,1,1,2,5,2,-1,-1,-1, -1,-1,2021,37.0,1,1,0,2,8,1,1,,7,GAULLE (AVENUE DU GENERAL DE),0,,2,0,3,1,(1),(1),1,, -1,2,0,1,50,3,7,2021,13:00,1,59,59090,1,3,1,6,GAULLE (AVENUE DU GENERAL DE),50.68752,3.08623,13,3,3
202100018392,168Â 747,A01,1,1,1,1,2,6,-1,0,0,-1,2021,37.0,1,1,0,2,1,3,1,,4,PORTE D AUBERVILLIERS,0,,1,4,0,1,24,0,1,, -1,1,0,1,70,17,9,2021,08:45,1,75,75119,2,1,0,5,BD PERIPHERIQUE INTERIEUR,48.900615,2.37248,8,3,3
202100054016,105Â 196,C01,1,1,1,5,1,0,-1,-1, -1,-1,2021,36.0,1,2,0,2,1,1,1,,1,AUTOROUTE A6,0,,-1,3,0,1,17,500,1,, -1,1,0,1,110,23,1,2021,05:00,3,91,91589,1,1,0,5,AUTOROUTE A6,48.677005,2.338642,5,4,3
202100009786,184Â 204,B01,1,1,1,5,2,6,-1,-1, -1,-1,2021,18.0,1,1,0,2,1,1,1,,4,MIRANDE (DE) (RUE),0,,2,2,0,1,0,0,1,, -1,1,0,1,50,31,10,2021,18:05,2,21,21231,2,3,0,3,MIRANDE (DE) (RUE),47.3172426956,5.0614562114,18,4,2
202100031251,145Â 884,B01,1,1,1,5,2,6,-1,0,0,-1,2021,61.0,1,1,0,2,2,1,1,,3,RD952,0,,2,2,0,1,83,500,3,, -1,1,0,1,80,3,7,2021,20:25,1,4,4094,1,1,0,1,RD 952,43.751846,5.855037,20,7,2
202100050115,112Â 159,A01,1,1,1,5,1,-1,-1,0,0,-1,2021,63.0,1,2,3,0,2,1,1,,1,35,0,,3,4,0,1,90,600,1,, -1,1,0,2,130,27,2,2021,16:30,1,68,68082,1,1,0,6,autoroute A35,47.861952,7.392297,16,4,1
202100029588,148Â 900,B01,1,1,1,4,1,0,-1,-1, -1,-1,2021,42.0,1,5,0,2,4,1,1,,3,TARBES DE,0,,3,2,0,1,20,975,1,, -1,1,0,1,50,9,7,2021,10:05,1,64,64269,2,1,0,2,TARBES DE,43.2978040495,-0.3016600013,10,2,2
202100018549,168Â 478,A01,10,3,1,1,0,-1,-1,2,3,1,2021,72.0,1,2,0,2,1,16,1,,4,OBERHAUSBERGEN (ROUTE D ),0,,2,2,0,1,0,0,1,, -1,1,0,1,50,15,9,2021,06:45,2,67,67482,2,3,0,6,OBERHAUSBERGEN (ROUTE D ),48.59253,7.71659,6,2,1
202100042333,125Â 954,A01,10,3,1,-1,0,0,0,1,3,1,2021,11.0,1,2,1,1,2,9,1,,3,GENERAL DE GAULLE (RUE DU),0,,2,2,0,1,66,500,1,, -1,1,0,1,50,26,4,2021,17:45,1,10,10357,2,9,0,6,GENERAL DE GAULLE (RUE DU),48.298645,4.11511,17,2,1
202100022590,161Â 237,A01,10,3,1,3,0,-1,-1,9,3,1,2021,69.0,2,1,0,1,1,1,3,,4,GUILLOTIERE (DE LA)                 (GR),0,,1,1,2,1,(1),(1),1,, -1,1,0,5,50,25,8,2021,12:45,1,69,69387,2,1,0,6,GUILLOTIERE (DE LA) (GR),45.75334,4.84466,12,2,1
202100014701,175Â 436,A01,1,1,2,9,8,-1,-1,0,0,-1,2021,63.0,1,2,0,2,3,13,1,,3,69,0,D,2,2,0,1,22,160,1,, -1,1,0,1,80,8,10,2021,16:05,1,49,49125,1,1,0,1,D69,47.150472,-0.295885,16,2,2
202100003192,196Â 063,A01,1,1,1,0,2,-1,-1,0,0,-1,2021,27.0,1,1,0,2,1,2,1,,3,305,-1,,2,2,0,1,50,500,1,, -1,1,0,1,80,11,12,2021,23:23,3,72,72330,1,1,0,2,Chenant,47.626171,0.065151,23,2,2
202100019406,166Â 944,A01,1,1,1,5,2,-1,-1,0,0,-1,2021,70.0,2,1,0,0,0,17,1,,3,471,0,D,2,2,0,1,45,0,1,, -1,1,0,1,90,13,9,2021,14:45,1,39,39428,1,1,0,7,,46.802308,6.019582,14,1,1
202100034384,140Â 278,B01,5,2,2,5,0,-1,-1,0,0,-1,2021,34.0,3,2,0,2,6,1,1,,3,2,0,R,2,2,0,1,(1),(1),4,, -1,1,0,1,70,15,6,2021,19:00,3,988,98820,1,1,0,1,Tribu de WADRILLA,-20.555969,166.570094,19,6,2
202100005120,192Â 626,A01,1,1,1,1,1,5,-1,-1, -1,-1,2021,72.0,3,2,0,9,3,13,1,,4,ROGER SALENGRO (RUE),0,,1,2,0,1,0,0,1,, -1,1,0,1,50,2,12,2021,06:10,5,93,93072,2,1,0,6,ROGER SALENGRO (RUE),48.94694,2.38371,6,2,1
202100049798,112Â 732,A01,1,1,1,0,8,-1,-1,0,0,-1,2021,78.0,3,2,2,0,1,0,1,,4,5,-1,,2,2,0,2,(1),(1),1,, -1,1,0,3,80,26,2,2021,16:50,1,74,74269,1,1,0,6,Rte de Ponty,45.972644,5.840553,16,1,1
202100024441,157Â 993,A01,1,1,1,5,0,-1,-1,0,0,-1,2021,50.0,2,2,2,0,1,26,1,,3,2152,0,D,2,2,0,1,8,460,1,, -1,1,9,3,50,13,8,2021,18:20,1,41,41136,2,1,0,6,"rd2152, rue nationale",47.697516,1.501281,18,1,1
202100055903,101Â 950,B01,1,1,1,1,2,6,-1,-1, -1,-1,2021,47.0,2,1,0,2,2,1,1,,3,RD 982,0,,3,4,0,1,70,950,1,, -1,1,2,1,50,6,1,2021,17:30,5,76,76341,1,1,0,3,RUE DE VERDUN,49.503163996,0.1909241923,17,2,2
202100030531,147Â 189,B01,2,1,1,0,2,6,-1,-1, -1,-1,2021,20.0,1,1,0,2,3,5,1,,3,446,0,,3,2,0,1,0,0,1,, -1,1,5,1,70,5,7,2021,17:30,1,91,91692,1,3,0,3,HERMITAGE (RUE DE L'),48.68181,2.18967,17,2,2
202100034234,140Â 554,A01,1,1,1,0,8,0,-1,-1, -1,-1,2021,31.0,3,2,1,0,0,26,0,,4,CAMILLE SAINT SAENS (RUE),0,,1,2,2,1,(1),(1),1,, -1,1,0,1,50,15,6,2021,03:25,5,78,78350,2,1,0,6,CAMILLE SAINT SAENS (RUE),48.863419,2.116998,3,1,1
202100043936,123Â 141,B01,1,1,1,5,2,0,-1,-1, -1,-1,2021,27.0,2,1,0,2,3,21,6,,3,406,0,,2,2,0,2,0,0,1,, -1,1,0,1,30,15,4,2021,16:00,1,92,92048,2,1,0,1,ETANG DE TRIVAUX (ROUTE DE L'),48.7955112148,2.2324709594,16,2,2
202100022016,162Â 278,A01,1,1,1,5,2,6,-1,0,0,-1,2021,23.0,1,1,4,0,2,1,1,,3,91,0,,2,2,0,1,21,100,2,, -1,1,0,3,50,27,8,2021,15:10,1,78,78590,1,1,0,6,91,48.680467,1.965255,15,1,1
202100037198,135Â 191,A01,2,2,1,0,1,0,-1,-1, -1,-1,2021,20.0,1,5,2,0,6,13,1,,3,D 607,0,,2,2,0,1,34,121,1,, -1,1,3,1,70,31,5,2021,04:10,3,77,77216,1,9,0,6,D 607,48.298363,2.6802,4,4,1
202100040857,128Â 601,A01,1,1,1,5,2,0,-1,-1, -1,-1,2021,38.0,2,1,0,2,7,17,1,,1,AUTOROUTE A6,0,,3,3,0,1,21,399,1,, -1,1,0,1,110,8,5,2021,19:45,1,91,91286,1,1,0,3,AUTOROUTE A6,48.652924,2.381597,19,2,2
202100048870,114Â 403,A01,10,3,1,5,0,-1,-1,4,3,1,2021,25.0,1,2,0,1,2,1,1,,4,QUAI BRANLY,0,,3,2,0,1,(1),(1),1,, -1,1,0,1,50,7,3,2021,16:49,1,75,75107,2,3,0,6,QUAI BRANLY,48.860588,2.295547,16,5,1
202100047768,116Â 362,B01,1,1,1,4,2,-1,-1,0,0,-1,2021,21.0,0,1,0,2,1,1,1,,4,HENRI FARMAN (RUE),0,,2,2,0,1,(1),(1),1,, -1,1,0,1,50,14,3,2021,20:10,5,80,80021,2,3,0,2,HENRI FARMAN (RUE),49.9116313024,2.3016786575,20,2,2
202100052321,108Â 193,B01,1,1,1,5,2,0,-1,0,0,-1,2021,13.0,2,1,0,2,1,1,1,,4,AVENUE VICTOR HUGO,0,,2,2,0,1,(1),(1),1,, -1,2,0,1,50,6,2,2021,21:30,5,75,75116,2,3,1,3,AVENUE VICTOR HUGO,48.868814,2.283326,21,2,2
202100026503,154Â 326,B01,1,1,2,1,8,0,-1,0,0,-1,2021,26.0,2,1,0,2,1,1,5,,4,BOULEVARD DE BONNE NOUVELLE,0,,2,5,0,1,(1),(1),1,, -1,1,0,1,50,28,7,2021,18:15,1,75,75102,2,3,0,3,BOULEVARD DE BONNE NOUVELLE,48.870151,2.350481,18,2,2
202100051219,110Â 122,B01,1,1,1,0,2,6,-1,0,0,-1,2021,27.0,1,1,0,2,1,1,1,,3,925,-1,,2,2,0,2,131,1016,1,, -1,1,5,1,80,18,2,2021,07:55,1,76,76255,1,4,0,3,INTERSECTION D925/D925C,50.06255,1.42585,7,2,2
202100021194,163Â 777,B01,1,1,2,0,2,6,-1,-1, -1,-1,2021,29.0,1,1,0,2,4,1,1,,1,A47,0,,3,4,0,1,10,60,2,, -1,1,0,1,90,1,9,2021,21:00,3,42,42083,1,1,0,2,A47,45.5572959892,4.685449563,21,3,2
202100045177,120Â 982,B01,1,1,1,5,1,-1,-1,0,0,-1,2021,73.0,2,2,6,2,6,15,1,,3,62,-1,,2,2,0,2,27,591,1,, -1,1,5,1,80,4,4,2021,11:40,1,35,35331,1,2,0,3,Les 3 Routes,48.074549,-1.896145,11,2,2
202100055599,102Â 475,A01,10,3,1,9,0,-1,-1,6,9,2,2021,43.0,0,2,15,1,7,2,0,,4,,0,,1,1,0,2,(1),(1),3,, -1,1,0,3,30,12,1,2021,16:00,1,976,97617,2,1,0,3,rue de la mosquÃ©e,-12.790756,45.12074,16,3,1
202100043354,124Â 171,A01,10,3,2,5,0,0,-1,3,3,1,2021,44.0,1,2,0,1,2,19,1,,4,AV GABRIEL PERI,0,,1,1,0,1,1,0,1,, -1,1,0,1,30,20,4,2021,12:40,1,94,94080,2,1,0,6,Avenue Gabriel PÃ©ri,48.847065,2.443369,12,2,1
202100009972,183Â 876,A01,1,1,2,5,1,-1,-1,0,0,-1,2021,22.0,1,2,13,0,1,16,1,,3,610,0,D,2,2,0,1,(1),(1),1,, -1,1,0,3,80,30,10,2021,01:20,5,11,11301,2,4,0,6,Intersection D111 et D610,43.222597,2.618909,1,3,1
202100050972,110Â 570,A01,1,1,1,5,2,6,9,0,0,-1,2021,31.0,1,1,6,0,7,1,1,,3,675,-1,,2,2,0,2,20,15,2,, -1,1,0,3,80,19,2,2021,14:50,1,41,41198,1,1,0,6,Le Paradis,47.255706,1.353711,14,1,1
202100001001,199Â 973,A01,10,3,2,5,0,-1,-1,3,3,3,2021,52.0,3,2,0,1,3,1,1,,4,BRIAND (RUE ARISTIDE ),0,,3,2,0,1,(1),(1),3,, -1,2,0,1,50,28,12,2021,17:10,5,59,59017,2,1,1,6,BRIAND (RUE ARISTIDE ),50.68893,2.88318,17,3,1
202100029573,148Â 931,A01,1,1,2,5,1,0,-1,-1, -1,-1,2021,26.0,1,2,0,2,1,2,1,,4,LAGUNE (Route de la) D107,0,,2,2,0,1,(1),(1),1,, -1,1,0,1,70,10,7,2021,16:29,1,202,202037,1,1,0,2,LAGUNE (Route de la) D107,42.6112,9.48234,16,2,2
202100001675,198Â 802,A01,1,1,1,5,8,0,-1,-1, -1,-1,2021,30.0,2,2,0,2,1,2,1,,1,86,0,,3,2,0,1,2,500,1,, -1,1,0,1,90,22,12,2021,20:15,3,92,92025,1,1,0,2,A86,48.9190397614,2.2236068855,20,2,2
202100031413,145Â 599,B01,1,1,1,0,1,-1,-1,-1, -1,-1,2021,59.0,1,2,0,2,5,15,1,,3,D907,0,,2,2,1,1,15,500,1,, -1,1,0,1,70,1,7,2021,19:05,1,4,4112,2,1,0,2,RD 907,43.81441,5.80255,19,2,2
202100023311,159Â 948,Z01,1,1,1,9,2,0,-1,0,0,-1,2021,18.0,1,1,0,2,7,1,0,,4,RUE DES PYRENEES,0,,2,2,0,2,(1),(1),1,, -1,1,0,1,50,19,8,2021,22:20,5,75,75120,2,5,0,3,RUE DES PYRENEES,48.856210472,2.4049268589,22,3,2
202100039573,130Â 850,A01,10,3,1,2,8,-1,-1,2,3,1,2021,9.0,1,2,0,1,2,1,0,,4,PROVENCAUX (ALLEE),0,,1,1,0,1,(1),(1),1,, -1,1,0,1,30,17,5,2021,14:00,1,51,51454,2,1,0,7,AllÃ©e des Provencaux,49.23106,4.00861,14,2,1
202100050017,112Â 338,B01,3,2,1,0,1,0,-1,-1, -1,-1,2021,14.0,3,2,0,2,4,2,0,,4,ALLIES (RUE DES),0,,-1,2,0,1,0,0,1,, -1,1,0,1,70,26,2,2021,15:15,1,57,57463,2,1,0,2,ALLIES (RUE DES),49.129818,6.1667911,15,3,2
202100033764,141Â 418,A01,2,2,2,5,8,-1,-1,-1,0,-1,2021,25.0,1,2,3,0,1,26,1,,1,AUTOROUTE A15,0,,3,8,0,1,6,0,3,, -1,2,2,1,90,18,6,2021,03:20,3,95,95018,1,1,1,6,AUTOROUTE A15,48.95034,2.28032,3,4,1
202100008701,186Â 184,A01,2,2,2,0,1,0,-1,-1, -1,-1,2021,31.0,3,2,9,0,1,1,1,,4,CHURCHILL WINSTON (BD) NÂ° PAIRS DE 2 A 8,0,,3,2,2,1,0,0,1,, -1,1,0,1,50,6,11,2021,03:55,5,72,72181,2,9,0,6,CHURCHILL WINSTON (BD) NÂ° PAIRS DE 2 A 8,47.9885166843,0.2148520944,3,2,1
202100007355,188Â 605,B01,8,2,2,3,0,0,-1,-1, -1,-1,2021,63.0,1,3,0,2,2,1,1,3.0,3,GAULLE(AVENUE DU GENERAL DE),0,,1,2,0,1,1,0,1,, -1,1,0,1,50,19,11,2021,08:00,1,94,94028,2,1,0,3,Avenue du GÃ©nÃ©ral de Gaulle,48.78456,2.45188,8,4,2
202100012394,179Â 556,B01,1,1,1,5,2,6,-1,-1,0,-1,2021,20.0,1,1,0,2,2,2,1,,3,AV GABRIEL PERI,0,,4,3,0,1,2,50,1,, -1,1,0,1,50,18,10,2021,13:25,1,95,95063,2,2,0,5,AV GABRIEL PERI,48.934229,2.209174,13,3,3
202100006608,189Â 978,B01,1,1,1,0,8,-1,-1,-1, -1,-1,2021,8.0,3,1,0,2,1,0,5,,4,SEMARD. RUE PIERRE,0,,2,2,0,1,0,0,1,, -1,1,0,1,30,22,11,2021,17:25,5,76,76498,2,1,0,1,SEMARD. RUE PIERRE,49.41751,1.07317,17,2,2
202100047624,116Â 628,A01,1,1,1,5,1,0,-1,0,0,-1,2021,79.0,1,2,0,2,2,15,1,,7,FOCH (AVENUE),0,,2,3,0,1,(1),(1),1,, -1,2,0,1,50,17,3,2021,14:30,1,54,54184,2,3,1,3,FOCH (AVENUE),48.705275268,6.2297566608,14,2,2
202100041568,127Â 300,A01,1,1,1,0,2,8,-1,-1, -1,-1,2021,46.0,3,1,0,2,2,0,1,,3,FRANCE ANATOLE (BOULEVARD) NR AUTRES,0,,2,4,1,1,0,1,1,, -1,1,9,1,50,3,5,2021,08:30,1,93,93066,2,9,0,5,Boulevard Anatole France,48.926031,2.351232,8,3,3
202100013533,177Â 534,A01,10,3,2,9,0,-1,-1,1,3,2,2021,51.0,2,2,0,1,1,1,1,,4,,0,,1,4,1,1,(1),(1),1,, -1,1,0,1,50,12,10,2021,18:05,1,33,33063,2,1,0,6,BD GODARD,44.85552,-0.60795,18,2,1
202100050800,110Â 877,A01,1,1,1,5,1,-1,-1,0,0,-1,2021,22.0,2,2,0,2,1,13,1,,3,938,-1,,2,2,0,2,5,800,1,, -1,1,0,1,80,21,2,2021,10:15,1,80,80199,1,1,0,1,RD 938,49.958268,2.874362,10,5,2
202100027955,151Â 731,A01,10,3,1,5,8,8,-1,2,3,1,2021,16.0,1,5,0,1,2,1,3,,4,BOULEVARD DE CLICHY,0,,3,2,0,1,(1),(1),1,, -1,1,0,1,50,20,7,2021,04:20,5,75,75118,2,4,0,6,BOULEVARD DE CLICHY,48.883407,2.33437,4,2,1
202100018928,167Â 811,B01,1,1,1,5,2,8,-1,-1, -1,-1,2021,4.0,2,1,0,2,2,1,5,,4,WALLONIE (RUE DE),0,,1,1,0,1,0,0,2,, -1,1,0,1,50,13,9,2021,17:45,1,67,67482,2,1,0,1,WALLONIE (RUE DE),48.5825120389,7.7744190395,17,2,2
202100020319,165Â 318,B01,1,1,2,5,1,-1,-1,-1, -1,-1,2021,25.0,1,2,0,2,5,2,1,,4,MURE (RUE LEON),0,,2,2,0,2,(1),(1),1,, -1,1,0,1,50,7,9,2021,17:20,1,4,4112,2,1,0,2,Rue LÃ©on Mure,43.831472,5.77875,17,3,2
202100017967,169Â 510,A01,1,1,1,9,1,4,-1,-1, -1,-1,2021,75.0,2,2,5,0,1,3,1,,1,10,0,,1,3,0,1,1,200,1,, -1,1,0,8,110,20,9,2021,12:55,1,92,92002,1,1,0,6,AUTOROUTE A10,48.7351,2.3159,12,1,1
202100050298,111Â 794,B01,1,1,1,0,8,0,-1,-1, -1,-1,2021,50.0,1,1,0,2,1,13,6,,4,NEUF (CHEMIN),0,,2,-1,0,2,0,0,2,, -1,1,0,1,50,24,2,2021,14:00,1,974,97416,1,1,0,3,Chemin Neuf,-21.29141,55.4708,14,2,2
202100051276,110Â 020,A01,10,3,2,9,0,-1,-1,4,3,1,2021,64.0,2,2,0,1,3,15,1,,4,MULOT,0,,1,1,0,2,0,0,1,, -1,1,0,1,50,13,2,2021,11:15,1,64,64445,2,2,0,6,ETIGNY D',43.29599,-0.37861,11,2,1
202100002365,197Â 554,A01,10,3,2,0,0,-1,-1,2,3,1,2021,56.0,1,2,0,1,0,1,1,,4,EMILE ZOLA (RUE),0,,1,1,0,1,0,0,1,, -1,1,0,1,30,17,12,2021,12:00,1,972,97209,2,2,0,6,EMILE ZOLA (RUE),14.61001,-61.07069,12,2,1
202100010347,183Â 210,B01,1,1,1,9,2,6,-1,0,0,-1,2021,50.0,3,1,0,2,1,1,1,,4,AVENUE DE NEW YORK,0,,1,3,0,1,(1),(1),1,, -1,1,0,1,30,29,10,2021,09:50,1,75,75116,2,3,0,2,AVENUE DE NEW YORK,48.85793,2.287914,9,2,2
202100006444,190Â 278,A01,1,1,2,0,2,6,-1,-1, -1,-1,2021,17.0,3,1,0,2,7,16,1,,4,PRADO (AVENUE DU),0,,2,6,0,1,0,0,1,, -1,1,0,1,50,16,11,2021,13:00,1,13,13208,2,1,0,3,PRADO (AVENUE DU),43.2703595949,5.3879738951,13,2,2
202100011556,181Â 064,B01,1,1,1,0,2,0,-1,-1, -1,-1,2021,18.0,1,1,0,2,1,1,1,,3,LUCY (RUE DE),0,,3,2,0,1,12,660,1,, -1,1,5,1,50,22,10,2021,19:00,2,71,71306,2,1,0,1,LUCY (RUE DE),46.6650188471,4.3365707745,19,2,2
202100046344,118Â 935,B01,2,2,1,4,1,-1,-1,-1, -1,-1,2021,26.0,1,2,0,2,1,1,1,,4,LUXEMBOURG    (Rue du),0,,1,1,0,1,(1),(1),1,, -1,1,0,1,50,27,3,2021,19:15,5,69,69266,2,1,0,2,LUXEMBOURG (DU) (R),45.74945,4.9144,19,5,2
202100013078,178Â 365,B01,1,1,2,9,1,0,-1,-1, -1,-1,2021,54.0,1,2,0,2,4,15,1,,4,DAGUENET,0,,2,2,0,1,1,0,1,, -1,1,0,1,50,14,10,2021,14:57,1,49,49007,2,1,0,2,DAGUENET,47.475165,-0.527389,14,2,2
202100022857,160Â 760,A01,1,1,1,5,2,6,-1,0,0,-1,2021,65.0,1,1,6,0,1,2,5,,3,998,0,,2,2,0,2,61,750,3,, -1,1,2,1,90,24,8,2021,11:00,1,48,48194,1,1,0,6,D998,44.334946,3.874075,11,1,1
202100055260,103Â 047,A01,1,1,1,1,1,-1,-1,0,0,-1,2021,45.0,1,2,0,6,1,1,1,,2,2,-1,,3,4,0,1,6,0,1,, -1,2,0,1,110,13,1,2021,21:15,3,60,60619,1,1,1,6,ROUTE NATIONALE 2,49.1161430576,2.7757714428,21,1,1