Num_Acc,id_vehicule,num_veh,place,catu,sexe,trajet,secu1,secu2,secu3,locp,actp,etatp,year_acc,victim_age,senc,catv,obs,obsm,choc,manv,motor,occutc,catr,voie,v1,v2,circ,nbv,vosp,prof,pr,pr1,plan,lartpc,larrout,surf,infra,situ,vma,jour,mois,an,hrmn,lum,dep,com,agg_,int,atm,col,adr,lat,long,hour,nb_victim,nb_vehicules
202100048303,115Â 415,A01,1,1,1,4,1,0,-1,-1, -1,-1,2021,57.0,3,4,0,2,0,26,1,,3,CHARLES LINDBERGH (AV),0,,1,4,0,1,0,0,1,, -1,1,0,1,50,12,3,2021,09:45,1,94,94065,2,1,0,2,CHARLES LINDBERGH (AV),48.74785,2.35759,9,2,2
202100011310,181Â 523,B01,1,1,1,1,1,-1,-1,0,0,-1,2021,58.0,1,2,0,2,2,1,1,,3,606,-1,,2,2,0,1,91,545,1,, -1,2,0,1,50,20,10,2021,16:15,1,89,89023,2,3,1,3,D606,47.763554,3.611262,16,2,2
202100054339,104Â 631,A01,1,1,1,4,8,0,-1,-1, -1,-1,2021,52.0,2,0,0,2,2,1,3,,4,,0,,2,3,0,1,(1),(1),1,, -1,2,0,1,50,18,1,2021,13:04,1,21,21231,2,2,1,3,CARNOT (BOULEVARD),47.31855,5.04721,13,2,2
202100023058,160Â 404,A01,1,1,2,5,8,8,-1,-1, -1,-1,2021,80.0,1,1,0,2,1,13,5,,4,MEZ (RORH),0,,2,2,0,1,(1),(1),2,, -1,2,0,1,50,24,7,2021,17:50,1,56,56162,1,1,0,3,MEZ (RORH),47.70648,-3.41443,17,2,2
202100032154,144Â 276,A01,1,1,1,5,1,0,-1,-1, -1,-1,2021,85.0,0,2,0,2,2,26,1,,3,182,0,,-1,2,0,1,0,0,1,, -1,2,0,1,50,26,6,2021,14:35,1,92,92047,2,1,1,2,JARDY,48.83264,2.15326,14,3,2
202100010996,182Â 070,B01,1,1,1,5,0,-1,-1,0,0,-1,2021,72.0,0,1,0,2,1,9,5,,4,,-1,,2,2,0,1,(1),(1),1,,4,1,5,8,50,26,10,2021,19:45,3,973,97304,2,1,0,1,8 Avenue Auguste Boudinot,5.1755634617,-52.6497318596,19,2,2
202100020956,164Â 206,A01,1,1,1,5,2,6,-1,0,0,-1,2021,23.0,2,1,0,2,1,1,1,,3,48,-1,,2,2,0,2,10,0,3,, -1,1,0,1,80,5,9,2021,16:45,1,68,68298,1,1,0,1,D48,48.197318,7.125835,16,2,2
202100038838,132Â 203,A01,1,1,1,5,0,-1,-1,0,0,-1,2021,26.0,1,2,3,0,1,14,1,,1,352,-1,A,3,4,0,1,2,100,1,, -1,1,3,3,110,22,5,2021,20:45,2,67,67108,1,4,0,6,A352,48.520527,7.588463,20,2,1
202100038931,132Â 041,B01,1,1,1,0,2,0,-1,-1, -1,-1,2021,39.0,1,1,0,2,4,0,1,,4,SAINTONGE A10 A ROCADE OUEST AVENUE DE,0,,2,2,0,1,(1),(1),3,, -1,1,9,1,50,21,5,2021,06:00,5,17,17415,2,6,0,2,SAINTONGE A10 A ROCADE OUEST AVENUE DE,45.74041,-0.66232,6,2,2
202100022689,161Â 055,B01,1,1,2,1,0,-1,-1,-1, -1,-1,2021,59.0,1,1,0,2,8,0,5,,4,DAUPHINE (DU)                       (R ),0,,2,2,2,1,(1),(1),1,, -1,1,0,1,50,24,8,2021,17:45,1,69,69383,2,3,0,3,DAUPHINE (DU) (R),45.74991,4.86056,17,2,2
202100027220,153Â 061,B01,3,2,1,5,1,0,-1,-1, -1,-1,2021,13.0,2,2,0,2,6,15,1,,3,BRAM -ROUTE DE-,0,,2,2,0,2,(1),(1),1,, -1,1,0,1,70,23,7,2021,12:20,1,11,11069,1,1,0,3,BRAM -ROUTE DE-,43.22149,2.29891,12,4,2
202100047763,116Â 371,B01,1,1,1,1,1,0,-1,-1, -1,-1,2021,19.0,1,2,0,2,2,11,1,,4,VANTEAUX (BOULEVARD DE),0,,3,6,0,1,0,0,1,, -1,1,0,1,50,12,3,2021,15:34,1,87,87085,2,1,0,6,VANTEAUX (BOULEVARD DE),45.82059,1.23134,15,2,2
202100054487,104Â 373,A01,1,1,1,1,2,6,-1,-1, -1,-1,2021,63.0,1,1,0,2,1,15,1,,3,PAIX (AVENUE DE LA),0,,2,2,0,1,0,0,1,, -1,2,0,1,50,19,1,2021,08:00,1,92,92075,2,2,1,1,PAIX (AVENUE DE LA),48.816621733,2.275035006,8,2,2
202100003432,195Â 619,A01,10,3,2,5,8,8,-1,1,4,1,2021,49.0,2,0,0,1,1,1,3,,4,RUE DE RENNES,0,,1,2,0,1,(1),(1),1,, -1,1,0,1,30,11,12,2021,11:20,1,75,75106,2,1,0,6,RUE DE RENNES,48.849617,2.329318,11,2,1
202100033248,142Â 341,A01,1,1,1,5,1,-1,-1,0,0,-1,2021,23.0,2,2,0,0,9,14,1,,3,999,-1,,2,2,0,2,76,980,1,, -1,2,0,3,90,20,6,2021,22:15,3,12,12195,1,1,0,7,D999,43.877301,2.787985,22,1,1
202100044665,121Â 875,A01,1,1,2,5,1,8,-1,0,0,-1,2021,49.0,1,2,0,2,1,19,1,,4,DUMAY (RUE JEAN BAPTISTE),0,,2,2,0,2,(1),(1),1,, -1,1,0,1,50,7,4,2021,18:10,1,71,71153,2,2,0,3,DUMAY (RUE JEAN BAPTISTE),46.8006897533,4.4191088976,18,2,2
202100003915,194Â 758,A01,1,1,1,1,1,-1,-1,0,0,-1,2021,20.0,1,2,0,2,6,1,1,,3,31,-1,,2,2,0,2,8,65,3,,6,2,0,1,80,3,12,2021,07:15,2,89,89083,1,1,0,3,D31,47.851154,3.474169,7,2,2
202100034245,140Â 534,A01,1,1,1,0,2,0,-1,-1, -1,-1,2021,15.0,2,1,0,2,1,17,1,,3,ITHURRALDE ANDRE (AVENUE),0,,2,2,0,1,25,75,1,, -1,1,0,1,50,15,6,2021,07:45,1,64,64483,2,1,0,3,ITHURRALDE ANDRE (AVENUE),43.393910716,-1.6504104169,7,2,2
202100038726,132Â 408,A01,1,1,2,5,1,-1,-1,-1,0,-1,2021,28.0,1,2,4,0,3,13,1,,1,AUTOROUTE A15,0,,1,1,0,1,7,900,3,, -1,1,3,1,50,23,5,2021,08:05,1,95,95582,1,1,0,6,A15,48.96356,2.26456,8,1,1
202100047764,116Â 369,B01,1,1,1,0,2,0,-1,-1, -1,-1,2021,66.0,1,1,0,2,1,1,1,,3,SAINT ROCH AVENUE,0,,2,2,0,1,0,1,1,, -1,1,0,1,70,11,3,2021,14:40,1,84,84031,2,1,0,2,SAINT ROCH AVENUE,44.07789,5.06479,14,2,2
202100029448,149Â 142,B01,2,2,2,5,2,6,-1,0,0,-1,2021,47.0,2,1,0,2,8,1,1,,4,RUE DE LA PAIX,0,,2,2,0,1,(1),(1),1,, -1,2,0,1,50,10,7,2021,17:45,1,75,75102,2,1,0,3,RUE DE LA PAIX,48.868903,2.330895,17,3,2
202100030608,147Â 043,B01,1,1,1,5,2,0,-1,-1, -1,-1,2021,43.0,1,1,0,2,0,1,3,,4,BALZAC (RUE),0,,2,8,0,1,0,0,1,, -1,1,5,1,50,5,7,2021,00:50,5,93,93008,2,6,0,6,BALZAC (RUE),48.91347,2.41646,0,2,2
202100005928,191Â 196,A01,10,3,2,0,0,-1,-1,3,3,1,2021,71.0,3,2,0,1,1,1,1,,4,REMY(BOULEVARD DU COLONEL),0,,3,3,0,1,(1),(1),1,, -1,1,0,1,50,27,11,2021,11:35,1,56,56260,2,1,0,6,REMY (BD DU COLONEL),47.65932,-2.78099,11,2,1
202100052645,107Â 624,A01,1,1,1,0,2,6,-1,-1, -1,-1,2021,37.0,2,1,0,2,1,1,1,,3,convalescence/vetivers-Convalescence (bo,0,,2,0,0,2,0,0,4,, -1,1,0,1,50,3,2,2021,17:10,1,976,97611,2,1,0,1,convalescence/vetivers-Convalescence (bo,-12.78066,45.22352,17,2,2
202100010822,182Â 387,A01,1,1,2,3,1,0,-1,-1, -1,-1,2021,31.0,1,2,0,2,4,1,1,,1,A507 sens Marseille - Aubagne,0,,3,4,0,1,8,720,1,, -1,1,1,1,70,27,10,2021,19:03,5,13,13055,1,1,0,2,A507 sens Marseille - Aubagne,43.28786,5.42478,19,2,2
202100027888,151Â 861,A01,10,3,1,5,0,-1,-1,5,2,1,2021,66.0,0,1,0,1,1,25,5,,4,BENEDICTINS (RAMPE DES),0,,2,2,0,2,0,0,1,, -1,1,0,1,50,18,7,2021,14:16,1,87,87085,2,1,0,6,BENEDICTINS (RAMPE DES),45.83532,1.26846,14,2,1
202100031619,145Â 237,A01,10,3,1,0,0,-1,-1,3,3,1,2021,26.0,2,2,0,1,1,1,1,,3,FABIEN (BOULEVARD DU COLONEL),0,,2,2,0,1,0,0,1,, -1,1,9,1,50,30,6,2021,18:00,1,92,92046,2,2,0,6,FABIEN (BOULEVARD DU COLONEL),48.812821,2.279673,18,2,1
202100008232,186Â 995,Z01,10,3,1,9,8,8,-1,3,3,1,2021,19.0,3,2,0,1,1,26,0,,4,MONTELIMAR ( ROUTE DE ),0,,2,2,0,2,(1),(1),1,, -1,1,9,1,50,10,11,2021,18:10,5,7,7019,2,1,0,6,MONTELIMAR ( ROUTE DE ),44.61544,4.40248,18,2,1
202100001974,198Â 274,A01,1,1,1,5,1,8,-1,-1, -1,-1,2021,30.0,1,2,0,2,4,1,1,,1,Sens Marseille vers Aubagne,0,,1,3,0,1,9,0,1,, -1,1,0,2,90,20,12,2021,21:27,3,13,13211,1,1,0,2,Sens Marseille vers Aubagne,43.2859739315,5.4253578186,21,3,2
202100007677,188Â 028,A01,10,3,2,0,0,-1,-1,3,3,3,2021,55.0,0,2,0,1,1,1,1,,4,MEAUX RUE DE,0,,2,2,0,1,0,0,1,, -1,1,0,1,50,17,11,2021,16:02,1,93,93074,2,1,0,6,MEAUX RUE DE,48.9349827147,2.5690734386,16,5,2
202100022229,161Â 911,B01,1,1,1,9,2,0,-1,-1, -1,-1,2021,24.0,2,1,0,2,1,0,1,,4,EICHTHAL (RUE D'),0,,1,3,0,1,0,0,1,, -1,1,5,1,50,27,8,2021,19:29,1,72,72181,2,2,0,3,EICHTHAL (RUE D'),47.99978,0.18574,19,2,2
202100041838,126Â 831,A01,1,1,1,5,1,-1,-1,0,0,-1,2021,21.0,0,2,0,0,1,1,1,,3,834,-1,,2,2,0,1,1,520,2,, -1,1,0,3,80,1,5,2021,20:45,1,40,40295,1,1,0,7,RD 834 PK 1 +520,44.387796,-0.812409,20,1,1
202100052562,107Â 768,A01,1,1,1,0,2,0,-1,0,0,-1,2021,23.0,2,1,0,2,1,8,1,,4,CARLONE (BD),0,,2,3,3,2,(1),(1),1,, -1,1,0,6,30,4,2,2021,18:20,5,6,6088,2,3,0,3,CARLONE (BD),43.694114,7.238451,18,2,2
202100009329,185Â 028,A01,1,1,1,5,0,-1,-1,0,0,-1,2021,67.0,1,2,0,2,1,1,1,,3,632,-1,,2,2,0,1,39,715,1,, -1,1,2,1,50,6,11,2021,19:14,3,65,65301,1,1,0,1,D632,43.304351,0.226185,19,2,2
202100023248,160Â 062,A01,1,1,1,5,2,6,-1,-1, -1,-1,2021,19.0,1,1,0,2,1,2,1,,2,TOUTES RUES,0,,3,4,0,1,(1),(1),1,, -1,1,1,1,50,20,8,2021,00:30,5,202,202037,1,6,0,4,TOUTES RUES,42.6209688748,9.437048118,0,3,3
202100029691,148Â 726,B01,1,1,1,5,2,4,-1,0,0,-1,2021,68.0,1,1,0,2,3,2,5,,2,1029,0,A,3,4,2,2,4,500,1,, -1,1,2,5,70,11,7,2021,08:30,1,76,76660,1,1,0,3,pont de normandie,49.4526208982,0.271359086,8,2,2
202100023250,160Â 057,B01,1,1,1,1,8,0,-1,-1, -1,-1,2021,38.0,1,2,0,2,4,26,1,,3,CORBEIL (ROUTE DE),0,,1,1,0,1,0,0,3,, -1,1,0,1,30,19,8,2021,19:50,1,91,91549,2,6,0,4,EPERON (AVENUE DE L'),48.639548,2.332886,19,3,3
202100012168,179Â 971,A01,1,1,1,0,2,6,-1,-1, -1,-1,2021,27.0,2,1,0,2,8,3,1,,4,BOURGOGNE (DE)                      (R ),0,,2,4,0,1,(1),(1),1,, -1,1,0,1,50,19,10,2021,17:25,1,69,69389,2,2,0,3,BOURGOGNE (DE) (R),45.78039,4.80086,17,2,2
202100039710,130Â 602,A01,1,1,1,9,2,0,-1,0,0,-1,2021,48.0,2,1,0,2,3,1,1,,4,BOULEVARD ORNANO,0,,2,4,0,1,(1),(1),1,, -1,1,0,1,30,16,5,2021,14:10,1,75,75118,2,1,0,3,BOULEVARD ORNANO,48.897109,2.345085,14,2,2
202100049956,112Â 454,B01,1,1,1,5,0,-1,-1,0,0,-1,2021,18.0,1,6,0,2,8,19,1,,2,2,0,,2,2,0,1,(1),(1),1,, -1,1,0,1,50,28,2,2021,13:30,1,971,97129,2,1,0,3,La Boucan,16.284724,-61.668864,13,2,2
202100006921,189Â 396,A01,1,1,1,0,1,0,-1,-1, -1,-1,2021,33.0,1,2,3,0,3,1,1,,7,RD 137,0,,3,4,0,1,56,0,1,, -1,2,0,1,110,21,11,2021,14:30,1,35,35278,1,1,1,2,RD 137,48.17606,-1.71777,14,2,2
202100042262,126Â 087,B01,2,2,1,0,1,-1,-1,0,0,-1,2021,28.0,1,2,0,2,2,1,1,,3,909,-1,,2,2,2,1,28,650,1,, -1,1,0,1,50,26,3,2021,10:40,1,74,74239,2,1,0,1,Rte de Thones,45.921752,6.405914,10,3,2
202100043488,123Â 926,A01,1,1,1,5,8,-1,-1,0,0,-1,2021,22.0,1,2,10,2,1,13,1,,3,158,0,D,2,2,0,2,11,130,4,, -1,1,0,1,30,18,4,2021,17:40,1,19,19151,2,1,0,1,LE BOURG,45.10348311,1.529103756,17,3,2
202100055217,103Â 118,A01,10,3,2,1,0,-1,-1,3,3,1,2021,54.0,3,5,0,1,4,4,1,,4,RUE JEAN JACQUES ROUSSEAU,0,,1,1,0,1,(1),(1),1,, -1,2,8,1,30,12,1,2021,10:55,1,75,75101,2,1,1,6,RUE JEAN JACQUES ROUSSEAU,48.863894,2.343188,10,2,1
202100042159,126Â 264,A01,1,1,1,5,2,8,-1,-1, -1,-1,2021,18.0,1,6,0,2,1,19,1,,3,JOFFRE (BOULEVARD MARECHAL),0,,4,2,0,1,1,0,1,, -1,1,0,1,50,25,4,2021,17:40,1,90,90010,2,2,0,3,JOFFRE (BOULEVARD MARECHAL),47.6413,6.8539,17,2,2
202100010980,182Â 101,A01,10,3,2,3,0,-1,-1,1,3,1,2021,66.0,2,2,0,1,5,1,1,,3,998,-1,,2,2,0,1,(1),(1),1,, -1,1,0,1,50,23,10,2021,10:40,1,3,3082,2,1,1,6,14 Place du Champ de Foire,46.293906,2.742798,10,2,1
202100014160,176Â 383,A01,1,1,1,0,1,0,-1,-1, -1,-1,2021,19.0,1,2,0,2,7,19,1,,4,RATISBONNE RUE,0,,1,1,1,1,(1),(1),1,, -1,1,0,1,30,9,10,2021,11:10,1,59,59350,2,2,0,3,RATISBONNE RUE,50.62928,3.0518,11,4,2
202100034320,140Â 388,B01,1,1,1,9,8,0,-1,-1, -1,-1,2021,8.0,3,1,0,2,0,0,5,,4,PERROQUETS (R DES),0,,1,1,0,1,1,0,2,, -1,1,0,1,50,13,6,2021,17:50,1,94,94079,2,1,0,1,PERROQUETS (R DES),48.8209,2.5468,17,2,2
202100021937,162Â 414,B01,1,1,1,0,1,8,-1,-1, -1,-1,2021,29.0,2,2,0,2,6,1,1,,4,RAYMOND TEISSERE (RUE),0,,2,2,0,1,0,0,3,, -1,1,0,1,50,29,8,2021,19:35,2,13,13208,2,1,0,3,RAYMOND TEISSERE (RUE),43.27,5.401,19,2,2
202100004319,194Â 038,A01,1,1,1,9,1,-1,-1,0,0,-1,2021,70.0,2,2,6,2,1,1,1,,3,48,-1,,2,2,0,1,7,65,1,, -1,2,0,1,50,8,12,2021,16:20,1,83,83148,2,1,0,6,Avenue Charles Pellegrin,43.42501,6.431025,16,1,1
202100034103,140Â 806,A01,1,1,1,9,2,0,-1,0,0,-1,2021,42.0,2,1,0,2,0,17,5,,4,QUAI DE VALMY,0,,1,1,0,2,(1),(1),1,, -1,1,0,1,50,16,6,2021,09:46,1,75,75110,2,1,0,3,QUAI DE VALMY,48.875886,2.363848,9,2,2
202100023230,160Â 094,B01,1,1,1,5,2,0,-1,-1, -1,-1,2021,39.0,2,1,0,2,1,0,1,,1,55-Sens Martigues vers Marseille,0,,1,2,0,2,1,639,1,, -1,1,1,8,50,21,8,2021,14:17,1,13,13202,1,1,0,2,A55-Sens Martigues vers Marseille,43.3231565785,5.3634677528,14,2,2
202100022335,161Â 714,A01,1,1,1,0,1,-1,-1,0,0,-1,2021,22.0,2,2,2,0,2,1,1,,3,111,0,,2,2,0,1,15,330,1,,"5,5",1,0,3,90,28,8,2021,13:30,1,61,61230,1,1,0,6,D111,48.501706,0.718832,13,1,1
202100031734,145Â 034,B01,1,1,1,5,2,0,-1,0,0,-1,2021,54.0,1,1,0,2,7,18,5,,4,RUE ROY,0,,1,1,0,1,(1),(1),1,, -1,1,0,1,50,29,6,2021,23:30,5,75,75108,2,3,0,3,RUE ROY,48.875577,2.318375,23,3,2
202100002095,198Â 053,A01,1,1,1,9,1,-1,-1,0,0,-1,2021,24.0,2,2,3,0,3,16,1,,1,20,0,,1,1,0,2,61,100,4,, -1,2,3,1,50,22,12,2021,11:30,1,36,36202,1,1,0,6,,46.823332,1.634544,11,1,1
202100050624,111Â 199,B01,1,1,2,5,1,-1,-1,0,0,-1,2021,26.0,2,2,0,2,3,0,1,,3,347,-1,,2,2,0,1,17,0,1,, -1,1,0,1,70,20,2,2021,17:40,1,86,86160,2,1,0,3,Carrefour Saint Jacques,46.776264,0.189203,17,2,2
202100048686,114Â 728,A01,1,1,2,0,1,8,-1,-1, -1,-1,2021,26.0,1,2,0,2,3,1,0,,4,DÃSIRÃ BIANCO (AVENUE),0,,1,1,0,1,(1),(1),1,, -1,1,0,1,50,8,3,2021,17:00,1,13,13211,2,3,0,3,DÃSIRÃ BIANCO (AVENUE),43.288632,5.425484,17,2,2
202100035227,138Â 735,A01,1,1,1,5,2,0,-1,-1, -1,-1,2021,47.0,1,1,0,2,1,0,1,,3,AV FRANCOIS MITTERRAND,0,,-1,2,0,1,0,0,1,, -1,1,0,1,50,10,6,2021,00:55,5,91,91027,2,3,0,3,AV FRANCOIS MITTERRAND,48.71611,2.37095,0,4,2
202100002057,198Â 117,B01,1,1,1,1,2,6,-1,-1, -1,-1,2021,64.0,-1,1,0,2,2,1,1,,3,VICTOR HUGO (AVE)  NÂ° 122 =>,0,,2,2,0,1,0,1,1,, -1,1,0,1,50,20,12,2021,07:40,5,93,93001,2,2,0,3,VICTOR HUGO (AVE)  NÂ° 122 =>,48.90915,2.37816,7,2,2
202100008462,186Â 613,A01,1,1,1,5,1,-1,-1,-1, -1,-1,2021,66.0,1,2,0,2,1,13,0,,4,HONNECOURT (RUE D'),0,,2,2,0,1,1,0,1,, -1,1,0,1,40,10,11,2021,19:37,5,59,59122,2,1,0,6,HONNECOURT (RUE D'),50.1593625166,3.2380176977,19,2,1
202100054137,104Â 980,B01,1,1,1,4,0,-1,-1,0,0,-1,2021,55.0,2,5,1,0,4,0,1,,1,20,-1,,3,4,0,1,130,850,1,, -1,2,0,2,130,23,1,2021,10:30,1,87,87003,1,1,1,2,"Autoroute A20, PR 130+850, sens Sud/Nord",46.264585,1.396937,10,3,2
202100050670,111Â 116,B01,2,2,1,2,1,-1,-1,0,0,-1,2021,14.0,1,5,0,2,2,1,1,,3,939,-1,,2,3,0,1,172,280,1,, -1,1,0,1,80,22,2,2021,17:30,1,62,62279,1,1,0,1,D939,50.309171,2.700051,17,3,2
202100040176,129Â 784,A01,1,1,1,3,1,8,-1,-1, -1,-1,2021,65.0,1,2,1,0,2,14,1,,3,PARIS ( AVENUE DE ),0,,2,3,3,1,1,0,1,, -1,1,0,6,50,12,5,2021,14:00,1,53,53201,2,1,0,2,PARIS ( AVENUE DE ),48.06869,-0.8042,14,2,2
202100036250,136Â 885,A01,1,1,1,0,2,8,-1,0,0,-1,2021,16.0,2,1,0,2,3,26,1,,3,CROUPILLAC (AVE DE),0,,2,1,0,1,0,0,1,, -1,1,0,1,70,5,6,2021,18:40,1,30,30007,2,3,0,6,CROUPILLAC (AVE DE),44.1373,4.1048,18,2,2
202100001212,199Â 605,A01,1,1,1,4,2,0,-1,-1, -1,-1,2021,22.0,1,1,0,0,0,21,3,,3,RIMINI (PL DE),0,,4,2,0,1,0,0,2,, -1,2,5,1,30,27,12,2021,14:00,1,94,94068,2,7,1,7,RIMINI (PL DE),48.7941,2.49621,14,1,1
202100053691,105Â 761,A01,1,1,2,1,2,6,-1,-1, -1,-1,2021,42.0,2,1,0,2,1,3,1,,1,AUTOROUTE A3,0,,3,6,0,1,5,500,1,, -1,1,0,1,90,26,1,2021,10:10,1,93,93053,1,1,0,2,AUTOROUTE A3,48.8849,2.47142,10,2,2
202100045737,119Â 999,A01,10,3,2,0,0,-1,-1,4,3,1,2021,60.0,0,1,0,1,1,1,5,,4,GENERAL FOY (AVENUE DU ),0,,2,2,0,1,(1),(1),1,, -1,1,0,1,50,29,3,2021,11:55,1,80,80021,2,1,0,6,GENERAL FOY (AVENUE DU ),49.8898090199,2.2818701871,11,2,1
202100006264,190Â 594,B01,1,1,1,1,2,6,-1,-1, -1,-1,2021,18.0,3,1,0,2,1,1,1,,4,CHAMPLAIN   RUE SAMUEL,0,,2,2,0,1,(1),(1),1,, -1,1,0,1,50,24,11,2021,16:30,1,17,17300,2,1,0,3,CHAMPLAIN   RUE SAMUEL,46.150281,-1.20861,16,2,2
202100004982,192Â 884,C01,1,1,2,0,1,-1,-1,0,0,-1,2021,34.0,1,2,0,2,1,1,1,,3,959,0,D,2,2,0,1,3,320,2,, -1,2,0,1,80,4,12,2021,11:25,1,201,201288,1,1,1,5,D959,41.522041,9.193282,11,3,3
202100050565,111Â 309,B01,10,3,1,4,0,-1,-1,5,9,1,2021,45.0,1,4,0,1,4,1,1,,7,ALMANARRE (ROUTE DE L'),0,,2,2,0,1,47,60,1,, -1,1,0,1,70,17,2,2021,14:40,1,83,83069,2,4,0,1,ALMANARRE (ROUTE DE L'),43.092057,6.129827,14,3,2
202100031624,145Â 227,B01,1,1,1,0,1,0,-1,-1, -1,-1,2021,59.0,2,1,0,2,8,1,0,,3,908,0,,2,4,0,1,0,0,1,, -1,2,0,1,50,30,6,2021,10:15,1,92,92026,2,1,0,3,VERDUN (DE 62 A FIN),48.9008424866,2.2603833675,10,2,2
202100038245,133Â 283,B01,1,1,2,1,8,-1,-1,0,0,-1,2021,41.0,2,2,13,0,3,21,1,,4,,0,D,2,2,0,2,(1),(1),2,0,"3,2",1,0,1,80,25,5,2021,17:35,1,16,16207,1,1,0,6,Ld La BretaudiÃ¨re,45.85918,-0.003251,17,2,2
202100055565,102Â 532,A01,1,1,1,4,1,-1,-1,0,0,-1,2021,31.0,1,4,13,0,2,1,1,,1,31,-1,,3,4,0,1,132,0,2,, -1,7,0,3,130,12,1,2021,04:50,3,52,52163,1,1,1,6,A31 PK132+000,47.95255574,5.4335600145,4,2,1
202100043262,124Â 332,A01,1,1,2,9,2,7,-1,0,0,-1,2021,25.0,1,1,0,0,1,1,1,,3,17,0,,2,2,0,1,44,130,2,, -1,1,0,3,80,21,4,2021,18:14,1,4,4121,1,1,0,7,RD 17,44.022558,6.177546,18,1,1
202100014107,176Â 477,B01,1,1,1,0,1,0,-1,-1, -1,-1,2021,58.0,1,2,0,2,8,21,1,,1,AUTOROUTE A1,0,,3,8,0,1,8,100,1,, -1,1,0,1,110,10,10,2021,03:35,5,93,93013,1,1,0,5,AUTOROUTE A1,48.94041,2.42382,3,8,4
202100009923,183Â 954,A01,1,1,1,5,2,6,-1,0,0,-1,2021,32.0,1,1,0,2,1,1,1,,4,BOULEVARD NEY,0,,1,1,0,1,(1),(1),1,, -1,1,0,1,30,1,11,2021,11:50,1,75,75118,2,2,0,3,BOULEVARD NEY,48.897626,2.329014,11,2,2
202100042148,126Â 286,B01,1,1,1,4,2,0,-1,-1,0,-1,2021,24.0,1,1,0,2,1,1,1,,4,boulevard de Bryas,0,,2,4,0,1,(1),(1),1,, -1,1,0,1,50,24,2,2021,20:47,5,36,36044,2,3,0,3,Boulevard de Bryas,46.81049,1.70589,20,2,2
202100006954,189Â 337,A01,8,2,2,0,1,-1,-1,0,0,-1,2021,11.0,1,2,1,2,1,5,1,,7,63,-1,M,2,2,0,1,(1),(1),1,, -1,2,0,1,50,21,11,2021,15:42,1,59,59553,2,1,1,1,Rue du Marechal Foch,50.595364,2.957535,15,9,2
202100023797,159Â 083,C01,1,1,2,5,0,-1,-1,0,0,-1,2021,69.0,2,1,0,2,8,19,0,,3,62,0,B,2,4,1,1,2,950,1,, -1,1,9,1,50,17,8,2021,10:00,1,30,30133,2,6,0,6,RD62B - rond point dit du Casino,43.525931,4.149442,10,3,3
202100022161,162Â 031,A01,1,1,1,5,8,-1,-1,0,0,-1,2021,62.0,1,1,0,6,1,0,1,,3,17,0,,2,2,0,1,28,400,1,, -1,1,0,1,80,28,8,2021,21:40,3,1,1328,1,1,0,1,D17,46.11974,5.000447,21,2,2
202100001557,199Â 025,B01,2,2,2,0,1,0,-1,-1, -1,-1,2021,14.0,2,2,0,2,0,0,1,,1,A7-Sens Lyon vers Marseille,0,,-1,3,0,1,254,0,1,, -1,2,0,1,110,24,12,2021,16:20,1,13,13081,1,1,1,2,A7-Sens Lyon vers Marseille,43.497665,5.23899,16,3,2
202100016549,172Â 049,A01,1,1,2,5,1,0,-1,-1, -1,-1,2021,21.0,1,2,0,2,1,1,1,,4,,0,,1,1,0,2,(1),(1),1,, -1,1,0,1,50,26,9,2021,20:35,5,94,94077,2,2,0,3,PASTEUR (AV),48.7374441887,2.4192329401,20,3,2
202100038715,132Â 432,A01,1,1,1,5,2,6,-1,0,0,-1,2021,40.0,3,1,0,2,1,16,5,,5,,-1,,2,2,0,1,(1),(1),3,, -1,1,0,1,-1,23,5,2021,14:50,1,85,85002,1,1,0,3,La GuiteliÃ¨re,46.65655,-1.85083,14,5,2
202100039934,130Â 204,A01,10,3,2,5,8,8,-1,4,3,1,2021,74.0,1,2,0,1,2,15,1,,3,Nations (Avenue),0,,2,2,0,1,1,105,1,, -1,1,0,1,50,13,5,2021,11:00,1,57,57757,1,2,0,6,Nations (Avenue),49.3579,6.18836,11,2,1
202100028660,150Â 487,A01,1,1,2,5,1,8,-1,-1, -1,-1,2021,21.0,1,2,4,0,2,1,1,,2,,0,,3,4,0,1,9,270,1,, -1,2,2,1,90,17,7,2021,01:10,3,25,25056,1,1,0,6,RN 1057 (CH. EPITAPHE-CH. MONTBOUCONS),47.26186,6.00532,1,1,1
202100043026,124Â 766,A01,1,1,1,5,8,0,-1,-1, -1,-1,2021,70.0,2,1,0,2,1,1,5,,3,MILLET (AVENUE JEAN-FRANCOIS),0,,3,6,0,1,25,596,1,, -1,1,5,1,50,22,4,2021,13:35,1,50,50129,2,4,0,3,MILLET (AVENUE JEAN-FRANCOIS),49.633834,-1.622318,13,2,2
202100055972,101Â 840,A01,1,1,1,3,2,6,9,0,0,-1,2021,20.0,2,1,8,0,1,1,1,,3,111,-1,,2,2,0,1,(1),(1),1,, -1,1,0,4,50,8,1,2021,13:00,1,28,28088,2,1,0,6,21 Rue de Sancheville,48.074817,1.33986,13,1,1
202100014514,175Â 767,B01,1,1,1,0,2,6,-1,0,0,-1,2021,48.0,3,1,0,0,8,21,1,,3,RD5,-1,D,2,2,0,1,(1),(1),1,, -1,1,0,1,50,8,10,2021,16:00,1,67,67028,2,1,0,7,49 Faubourg du Rhin,48.369451,7.601391,16,2,2