Num_Acc,id_vehicule,num_veh,place,catu,sexe,trajet,secu1,secu2,secu3,locp,actp,etatp,year_acc,victim_age,senc,catv,obs,obsm,choc,manv,motor,occutc,catr,voie,v1,v2,circ,nbv,vosp,prof,pr,pr1,plan,lartpc,larrout,surf,infra,situ,vma,jour,mois,an,hrmn,lum,dep,com,agg_,int,atm,col,adr,lat,long,hour,nb_victim,nb_vehicules
202100024165,158Â 465,B01,1,1,1,5,1,-1,-1,0,0,-1,2021,26.0,1,2,0,2,3,1,1,,3,135,-1,B,2,2,0,1,1,0,1,, -1,2,5,1,80,7,8,2021,10:10,1,56,56206,1,3,1,1,D135B Kermelin,47.676495,-2.734045,10,2,2
202100037962,133Â 808,A01,10,3,1,5,0,-1,-1,9,3,1,2021,3.0,3,1,1,1,1,21,5,,4,TURFISTES (DES)                     (BD),0,,2,2,0,1,(1),(1),1,, -1,1,0,8,30,23,5,2021,13:15,1,69,69259,2,1,0,6,TURFISTES (DES)                     (BD),45.7162866664,4.9013417289,13,2,1
202100044855,121Â 540,A01,1,1,1,4,2,0,-1,-1, -1,-1,2021,23.0,2,1,0,2,2,1,1,,3,101,0,,1,2,0,1,0,0,1,, -1,1,0,1,50,6,4,2021,21:30,5,92,92040,2,3,0,3,JEAN-PIERRE TIMBAUD,48.82026,2.24984,21,2,2
202100020691,164Â 645,A01,2,2,2,3,1,0,-1,-1, -1,-1,2021,81.0,1,2,6,0,1,26,1,,3,SAINT FIRMIN DES VIGNES (RUE DE),0,,2,2,0,2,2,105,1,, -1,1,0,8,50,4,9,2021,12:35,1,45,45004,2,1,0,6,564 Rue de Saint-Firmin-des-Vignes,47.9772829841,2.7366634011,12,2,1
202100009529,184Â 678,B01,2,2,1,0,1,-1,-1,0,0,-1,2021,18.0,2,2,0,2,7,0,1,,3,41,-1,,2,2,0,1,3,606,3,, -1,2,0,1,80,4,11,2021,20:40,3,77,77308,1,1,1,1,D41,49.0379463542,2.7382165722,20,4,2
202100022007,162Â 297,C01,1,1,1,9,1,-1,-1,0,0,-1,2021,58.0,2,5,0,2,3,1,1,,3,18,-1,,2,2,0,2,5,360,1,, -1,1,0,1,80,30,8,2021,17:12,1,30,30228,1,2,0,5,d 18,43.942221,4.322112,17,5,3
202100028964,149Â 953,A01,2,2,2,5,2,6,-1,-1, -1,-1,2021,26.0,2,1,8,2,4,15,1,,4,15EME CORPS (AVE DU),0,,2,2,0,1,(1),(1),1,, -1,1,0,1,50,15,7,2021,01:25,5,83,83137,2,1,0,2,15EME CORPS (AVE DU),43.12855,5.91386,1,3,2
202100051215,110Â 133,B01,1,1,1,0,8,-1,-1,0,0,-1,2021,40.0,2,2,0,2,1,1,0,,3,16,-1,,2,2,0,2,9,0,1,, -1,1,0,1,70,18,2,2021,06:45,3,74,74255,2,1,0,1,Rte des Creuses,45.87506,5.969127,6,2,2
202100036823,135Â 880,B01,1,1,1,1,8,0,-1,-1, -1,-1,2021,28.0,3,1,1,2,1,1,5,,4,,0,,2,2,0,1,0,0,1,, -1,1,9,1,50,29,5,2021,16:20,1,11,11262,2,1,0,6,Rue de Saint-Salvayre,43.18552,2.98943,16,2,2
202100029608,148Â 860,A01,1,1,2,0,1,0,-1,-1, -1,-1,2021,31.0,0,2,0,2,1,0,1,,7,ROSE (AVENUE DE LA),0,,2,2,0,1,0,0,1,, -1,1,0,1,50,10,7,2021,07:00,1,13,13213,2,1,0,1,ROSE (AVENUE DE LA),43.32696,5.42294,7,2,2
202100045344,120Â 688,B01,10,3,2,9,0,-1,-1,5,0,2,2021,19.0,1,2,1,1,5,0,1,,4,PAYEE (MADAME),0,,1,1,0,1,(1),(1),1,, -1,2,0,1,50,2,4,2021,20:22,5,973,97302,2,1,1,6,PAYEE (MADAME),4.9410998581,-52.3304262758,20,3,2
202100028282,151Â 142,A01,1,1,1,5,2,6,-1,-1, -1,-1,2021,24.0,0,1,0,2,1,19,1,,4,ABREUVOIR,0,,2,2,0,2,(1),(1),1,, -1,1,0,1,50,18,7,2021,20:42,1,79,79191,2,3,0,3,Quai de la PrÃ©fecture,46.32461,-0.46693,20,2,2
202100022136,162Â 066,A01,1,1,1,5,0,-1,-1,0,0,-1,2021,39.0,2,2,3,0,2,14,1,,3,6113,-1,,2,2,0,1,26,960,2,, -1,1,0,3,80,28,8,2021,02:15,3,11,11098,1,1,0,6,D6113,43.18243,2.692723,2,1,1
202100014813,175Â 224,B01,2,2,2,0,1,0,-1,-1, -1,-1,2021,24.0,0,2,1,2,0,0,1,,7,PLOMBIERES (RUE DE),0,,2,4,0,1,0,0,1,, -1,1,0,1,50,6,10,2021,14:45,1,13,13203,2,1,0,3,PLOMBIERES (RUE DE),43.31704,5.38154,14,3,2
202100019723,166Â 386,B01,1,1,1,9,2,6,-1,0,0,-1,2021,45.0,1,1,0,2,1,1,1,,4,AVENUE VICTOR HUGO,0,,2,2,0,1,(1),(1),1,, -1,1,0,1,30,9,9,2021,16:05,1,75,75116,2,3,0,3,AVENUE VICTOR HUGO,48.872492,2.292003,16,2,2
202100013576,177Â 451,B01,1,1,1,5,2,8,-1,-1, -1,-1,2021,69.0,3,1,0,2,1,1,1,,2,VERDUN (PLACE DE),0,,4,2,0,1,48,850,2,, -1,1,5,1,50,11,6,2021,22:53,5,32,32013,2,6,0,3,VERDUN (PLACE DE),43.64828,0.593,22,2,2
202100031229,145Â 919,A01,1,1,2,5,1,5,-1,0,0,-1,2021,35.0,1,2,6,0,1,1,1,,4,93,-1,,1,1,0,1,(1),(1),1,, -1,1,0,3,50,3,7,2021,22:50,3,974,97422,2,1,0,1,93 Rue Alverdy,-21.279512,55.512505,22,1,1
202100054710,103Â 997,B01,10,3,2,1,0,-1,-1,9,9,1,2021,32.0,2,2,15,1,1,2,1,,4,,-1,,2,2,0,2,(1),(1),3,, -1,7,0,8,50,18,1,2021,06:45,3,74,74225,2,1,1,2,Rte de Bessine,45.858411,5.929999,6,3,2
202100033617,141Â 676,B01,2,2,2,0,1,0,-1,-1, -1,-1,2021,73.0,2,2,0,2,8,1,1,,4,VISTE (AVENUE DE LA),0,,2,2,0,1,0,0,1,, -1,1,0,1,50,18,6,2021,18:50,1,13,13215,2,1,0,5,VISTE (AVENUE DE LA),43.3602,5.35751,18,7,5
202100019475,166Â 825,B01,2,2,2,0,1,-1,-1,-1, -1,-1,2021,58.0,3,2,0,0,6,15,1,,4,RASPAIL                             (R ),0,,2,2,0,1,(1),(1),1,, -1,1,0,1,50,11,9,2021,16:30,1,69,69275,1,3,0,3,RASPAIL (R),45.75988,4.95531,16,3,2
202100000344,201Â 106,B01,1,1,1,0,2,-1,-1,-1, -1,-1,2021,48.0,2,1,0,2,1,1,5,,4,BD GEORGES POMPIDOU,0,,1,2,3,1,(1),(1),1,, -1,1,5,1,50,27,12,2021,14:10,1,33,33063,2,2,0,3,Avenue d'ArÃ¨s,44.83646,-0.60119,14,2,2
202100046960,117Â 838,A01,10,3,2,1,0,-1,-1,3,3,1,2021,62.0,3,2,0,1,2,1,1,,4,AV DE LA REPUBLIQUE,0,,2,2,0,1,2,0,1,, -1,1,0,1,50,23,3,2021,07:02,2,94,94011,2,1,0,6,Avenue de la RÃ©publique,48.76732,2.47931,7,2,1
202100013471,177Â 658,A01,1,1,1,5,8,-1,-1,0,0,-1,2021,65.0,3,2,0,9,1,0,1,,4,0,-1,,-1,1,0,1,0,0,1,, -1,1,0,8,30,14,10,2021,10:45,1,22,22162,2,1,0,7,Quai Armand Dayot,48.782013,-3.042837,10,1,1
202100033453,141Â 972,B01,1,1,1,5,2,-1,-1,0,0,-1,2021,18.0,1,1,0,2,1,1,1,,3,6085,-1,,2,2,0,1,35,933,1,, -1,1,0,1,50,20,6,2021,17:20,1,6,6130,2,3,0,3,700 Route NapolÃ©on,43.691159,6.863896,17,2,2
202100028510,150Â 753,B01,1,1,2,1,2,6,-1,-1, -1,-1,2021,58.0,1,1,0,2,3,0,1,,3,906,0,,1,0,1,1,0,0,1,, -1,1,0,1,50,17,7,2021,12:45,1,92,92046,2,2,0,3,PIERRE BROSSOLETTE (AVENUE),48.8129365005,2.3016504943,12,2,2
202100042057,126Â 450,B01,1,1,1,1,8,0,-1,0,0,-1,2021,31.0,2,1,0,2,2,1,5,,4,PASSAGE THIERE,0,,1,1,2,1,(1),(1),1,, -1,1,0,5,50,29,4,2021,18:30,1,75,75111,2,1,0,3,PASSAGE THIERE,48.85404,2.373765,18,2,2
202100039588,130Â 822,A01,1,1,1,0,8,8,-1,-1, -1,-1,2021,33.0,0,1,9,0,9,1,1,,3,ARLES (PETITE ROUTE D ARLES CD 35),0,,2,2,0,1,0,0,1,, -1,1,0,1,50,13,5,2021,19:10,1,13,13108,1,1,0,7,ARLES (PETITE ROUTE D ARLES CD 35),43.741124,4.659953,19,2,1
202100004572,193Â 606,A01,1,1,1,5,1,-1,-1,0,0,-1,2021,25.0,1,2,0,2,8,15,1,,3,306,0,D,2,2,0,1,5,450,1,, -1,1,0,1,70,5,12,2021,13:00,1,56,56078,1,4,0,3,Pen ManÃ©,47.80583377,-3.4578234,13,3,2
202100007459,188Â 419,B01,4,2,1,0,1,8,-1,-1, -1,-1,2021,24.0,1,2,0,0,0,0,1,,3,JAURES (AV. JEAN) 118 A FIN,0,,2,2,0,1,1,0,1,, -1,1,5,1,50,17,11,2021,23:40,5,93,93057,2,1,0,2,JAURES (AV. JEAN) 118 A FIN,48.9038176357,2.5059125168,23,4,2
202100003754,195Â 047,A01,1,1,1,9,2,8,-1,-1, -1,-1,2021,37.0,3,1,0,1,0,21,1,,3,987,0,,1,0,0,1,0,0,1,, -1,2,9,1,50,10,12,2021,17:23,5,92,92023,2,1,0,6,GARENNE (ROUTE DE LA),48.7771344217,2.2300422192,17,2,1
202100021062,164Â 011,A01,1,1,2,0,1,-1,-1,0, -1,-1,2021,22.0,1,2,0,2,7,12,1,,3,KERUSTUM  ROND POINT DE,0,,-1,2,0,1,3,400,2,, -1,1,5,1,50,3,9,2021,14:30,1,29,29232,2,9,0,3,Rond point de Kerustum,47.97888,-4.09473,14,2,2
202100016582,171Â 992,A01,2,2,2,5,1,-1,-1,0,0,-1,2021,19.0,1,2,6,0,1,1,1,,3,118,-1,,2,2,0,2,1,530,2,, -1,1,0,4,30,25,8,2021,00:10,3,70,70179,2,1,0,6,6 Route de Villeparois,47.645207,6.180458,0,4,1
202100041782,126Â 929,B01,1,1,1,5,2,0,-1,-1, -1,-1,2021,36.0,1,1,0,2,1,1,1,,7,DARDANELLES (AVE DES),0,,1,2,0,1,0,165,1,, -1,2,5,1,50,1,5,2021,06:05,2,83,83137,2,2,1,3,DARDANELLES (AVE DES),43.12793,5.92222,6,2,2
202100021186,163Â 794,B01,1,1,1,5,1,-1,-1,0,0,-1,2021,84.0,3,2,0,0,3,15,1,,4,0,0,A,2,1,0,1,0,0,1,,3,1,0,1,80,27,8,2021,16:35,1,44,44027,1,3,0,3,Le Moulin Neuf,47.396052,-1.556487,16,2,2
202100027097,153Â 278,A01,1,1,2,0,8,-1,-1,0,0,-1,2021,34.0,2,2,3,0,6,23,1,,1,61,-1,,3,4,0,1,308,0,1,, -1,1,0,2,130,26,7,2021,09:35,1,11,11254,1,1,0,2,"Autoroute 61, PK 308",43.224489,2.162468,9,3,2
202100015184,174Â 570,A01,3,2,1,2,8,-1,-1,0,0,-1,2021,13.0,1,3,0,1,5,1,1,2.0,4,,-1,,1,1,0,1,(1),(1),1,,3,1,9,1,30,5,10,2021,15:05,1,91,91577,2,1,0,7,grand Rue Charles de Gaulle,48.596716,2.492872,15,2,1
202100029039,149Â 828,A01,2,2,1,5,1,-1,-1,0,0,-1,2021,38.0,3,2,2,0,7,1,1,,4,5,0,C,2,2,0,2,(1),(1),3,, -1,2,0,3,80,15,7,2021,01:30,3,87,87046,1,1,0,6,Rue des Grillas,45.825502,1.009047,1,3,1
202100038138,133Â 482,B01,1,1,1,1,1,-1,-1,-1,0,-1,2021,38.0,2,2,0,2,4,1,1,,1,AUTOROUTE A15,0,,3,10,0,1,7,900,1,, -1,2,0,1,110,26,5,2021,06:00,2,95,95582,1,1,1,2, A15,48.96343,2.26428,6,2,2
202100000905,200Â 129,A01,1,1,1,5,2,6,-1,0,0,-1,2021,39.0,1,1,0,2,8,1,1,,3,1504,-1,,2,2,0,2,9,860,3,, -1,2,0,1,80,31,12,2021,16:46,2,73,73245,1,1,0,3,D1504,45.693482,5.830074,16,5,2
202100025383,156Â 285,A01,1,1,1,4,8,-1,-1,0,0,-1,2021,48.0,1,4,0,0,0,0,0,,3,3,0,,2,2,0,1,1,204,1,, -1,1,0,3,80,7,8,2021,08:30,1,77,77280,1,1,0,7,route dÃ©partementale 3,49.016144,3.046646,8,1,1
202100045875,119Â 756,A01,10,3,2,3,0,-1,-1,3,3,1,2021,25.0,1,2,0,1,2,1,1,,3,75,-1,,2,2,0,1,13,900,1,, -1,1,0,1,50,31,3,2021,17:15,1,69,69249,2,4,0,6,RONTALON (DE) (RTE),45.6792951711,4.6502369642,17,2,1
202100021420,163Â 366,A01,1,1,1,0,2,0,-1,-1, -1,-1,2021,20.0,3,1,0,2,1,26,1,,3,TOUTES RUES,0,,-1,0,0,1,1,0,1,, -1,1,0,1,50,1,9,2021,05:04,5,202,202033,2,1,0,2,TOUTES RUES,42.70287,9.44675,5,3,2
202100035751,137Â 803,A01,10,3,2,9,0,-1,-1,3,3,1,2021,57.0,1,1,0,1,1,1,5,,4,RUE EUGENE CARRIERE,0,,-1,0,0,1,(1),(1),1,, -1,1,0,1,50,8,6,2021,13:40,1,75,75118,2,3,0,6,RUE EUGENE CARRIERE,48.892423,2.333607,13,2,1
202100015408,174Â 162,B01,7,2,2,5,1,-1,-1,0,0,-1,2021,66.0,2,2,3,2,3,1,1,,1,49,-1,,3,2,0,1,39,500,2,, -1,2,0,1,110,3,10,2021,22:12,3,38,38394,1,1,1,6,autoroute A 49 -PK 039.500,45.106667,5.252323,22,4,2
202100012936,178Â 612,B01,1,1,1,2,2,-1,-1,0,0,-1,2021,17.0,2,1,0,2,2,13,1,,3,437,0,D,2,2,0,2,69,200,1,, -1,1,0,1,50,14,10,2021,13:20,1,25,25411,2,9,0,3,34 Rue de la Louhiere,47.062056,6.606074,13,2,2
202100030732,146Â 827,A01,1,1,2,0,2,0,-1,-1, -1,-1,2021,26.0,1,1,0,0,0,0,1,,3,MADELEINE (ROUTE DE LA),0,,2,2,0,1,2,0,1,, -1,1,0,1,50,18,6,2021,10:40,1,973,97302,2,1,0,7,MADELEINE (ROUTE DE LA),4.92167,-52.32257,10,1,1
202100049732,112Â 852,B01,2,2,2,5,1,4,-1,-1, -1,-1,2021,76.0,2,2,0,2,6,1,0,,1,AUTOROUTE A6,0,,2,3,0,1,10,399,1,, -1,1,0,1,110,1,3,2021,16:55,1,91,91689,1,1,0,2,AUTOROUTE A6,48.72994,2.31458,16,3,2
202100012617,179Â 160,B01,2,1,1,0,1,0,-1,-1, -1,-1,2021,44.0,1,1,0,2,1,2,0,,4,PENTE SASSY (chemin de la),0,,2,2,0,1,0,0,1,, -1,1,0,1,50,17,10,2021,05:30,1,974,97409,2,1,0,3,PENTE SASSY (chemin de la),-20.96674,55.65952,5,2,2
202100027995,151Â 667,B01,1,1,2,5,1,-1,-1,0,0,-1,2021,20.0,1,2,0,2,1,1,1,,3,243,-1,,2,2,0,1,15,440,2,, -1,1,6,1,50,20,7,2021,18:20,1,62,62307,2,1,0,1,Route de Peuplingues,50.914111,1.724478,18,4,2
202100030098,147Â 979,A01,1,1,1,5,2,-1,-1,0,0,-1,2021,65.0,2,1,4,0,8,1,1,,1,9,-1,,3,5,0,1,93,700,1,, -1,1,0,1,110,9,7,2021,12:47,1,34,34240,1,1,0,6,A9 PK 093+700,43.639942,3.972845,12,2,1
202100010150,183Â 555,B01,1,1,1,5,1,8,-1,-1, -1,-1,2021,52.0,3,2,0,2,4,2,1,,4,SANITAS (PONT DU),0,,2,4,3,1,(1),(1),1,, -1,2,2,1,50,29,10,2021,20:00,3,37,37261,2,1,0,4,SANITAS (PONT DU),47.37105,0.69662,20,3,3
202100019530,166Â 722,B01,1,1,1,0,2,0,-1,-1, -1,-1,2021,43.0,1,1,0,2,1,1,1,,3,913,0,,3,5,3,1,0,0,1,, -1,1,0,1,50,10,9,2021,22:00,5,92,92050,2,2,0,3,CLEMENCEAU GEORGES AVENUE NÂ° PAIR,48.8866938946,2.2052449561,22,2,2
202100055483,102Â 677,A01,1,1,1,0,1,0,-1,-1, -1,-1,2021,22.0,3,2,3,0,1,1,1,,4,RAMON BOULEVARD,0,,-1,2,0,1,1,0,1,, -1,1,0,1,50,10,1,2021,08:20,2,49,49007,2,1,0,7,RAMON BOULEVARD,47.48675,-0.53942,8,1,1
202100016823,171Â 551,B01,2,1,1,0,2,0,-1,-1, -1,-1,2021,17.0,3,1,0,2,1,1,1,,4,,0,,4,2,0,1,0,0,1,, -1,1,0,1,50,28,7,2021,17:20,1,91,91228,2,1,0,3,RUE DU BOIS SAUVAGE,48.64108,2.42141,17,2,2
202100053933,105Â 344,B01,1,1,1,9,8,0,-1,-1, -1,-1,2021,24.0,1,2,0,2,1,5,1,,7,M6D,0,,3,3,0,1,(1),(1),1,, -1,1,0,1,90,23,1,2021,06:30,5,59,59009,1,1,0,1,"D.6, route express",50.64756,3.16405,6,2,2
202100050811,110Â 856,A01,1,1,1,9,0,-1,-1,0,0,-1,2021,20.0,3,1,15,0,1,1,1,,4,,-1,,2,2,0,1,(1),(1),1,, -1,1,9,3,50,20,2,2021,23:57,3,1,1246,2,9,0,6,683 Chemin de la Pernette,46.238693,5.052649,23,1,1
202100016939,171Â 345,A01,1,1,2,5,1,-1,-1,-1, -1,-1,2021,31.0,2,2,0,2,3,1,1,,4,AVE MAL DE LATTRE DE TASSIGNY,0,,2,2,0,1,(1),(1),1,, -1,1,0,8,30,23,9,2021,15:25,1,33,33039,2,2,0,3,Avenue MarÃ©chal de Lattre de Tassigny,44.80865,-0.5423,15,2,2
202100054280,104Â 734,A01,1,1,1,0,0,-1,-1,0,0,-1,2021,37.0,0,2,3,0,3,1,1,,3,2,0,D,2,2,0,1,63,300,4,, -1,2,0,1,50,21,1,2021,19:45,3,7,7066,1,1,1,6,D2 - Pont de la ClÃ¨ve,44.709166,4.682209,19,1,1
202100010095,183Â 659,A01,1,1,1,5,2,6,-1,0,0,-1,2021,45.0,1,1,0,2,1,13,5,,3,,-1,,2,2,0,1,1,700,3,, -1,1,0,1,50,1,11,2021,11:10,1,95,95042,1,1,1,5,Route du Golf,49.057122,2.297087,11,3,3
202100021974,162Â 350,B01,1,1,1,5,2,-1,-1,0,0,-1,2021,18.0,1,1,0,2,1,1,1,,3,31,-1,,2,2,0,1,9,(1),1,, -1,1,0,1,80,29,8,2021,21:00,3,11,11106,1,3,0,3,intersection dÃ©partementale 31 et dÃ©partementale 1118,43.233408,3.07615,21,3,2
202100007645,188Â 082,A01,1,1,1,1,8,0,-1,-1, -1,-1,2021,21.0,1,1,0,2,1,25,3,,4,Avenue Georges CLEMENCEAU,0,,-1,1,0,1,(1),(1),1,, -1,1,0,4,50,12,11,2021,08:20,1,7,7102,2,6,0,3,Avenue Georges CLEMENCEAU,44.93204,4.87377,8,2,2
202100000135,201Â 509,A01,1,1,1,5,8,0,-1,-1, -1,-1,2021,45.0,3,6,2,0,1,13,1,,4,CANADIENS ( Rue des ),0,,2,2,0,1,(1),(1),1,, -1,1,0,4,50,30,1,2021,15:00,1,62,62667,2,1,0,6,CANADIENS ( Rue des ),50.71536,1.58469,15,1,1
202100028187,151Â 313,B01,1,1,1,0,2,6,-1,-1, -1,-1,2021,61.0,1,1,0,2,1,0,1,,3,992,0,,2,4,0,1,0,0,1,, -1,1,5,1,50,19,7,2021,17:45,1,92,92026,2,2,0,3,MISSION MARCHAND (COTE IMPAIR),48.8976934217,2.2400227189,17,2,2
202100011800,180Â 624,A01,1,1,1,5,1,8,-1,-1, -1,-1,2021,64.0,1,2,0,2,1,13,1,,3,LIBERATION ( AV. DE LA ),0,,2,2,0,1,94,242,2,, -1,1,0,1,50,19,10,2021,14:05,1,56,56083,2,1,0,1,LIBERATION ( AV. DE LA ),47.8042308,-3.268971,14,2,2
202100050074,112Â 232,B01,1,1,1,9,2,6,-1,-1, -1,-1,2021,43.0,1,1,4,0,0,7,1,,3,JEAN-JAURES (BD),0,,2,2,2,1,0,1,1,, -1,1,0,1,50,26,2,2021,15:00,1,93,93070,2,1,0,3,JEAN-JAURES (BD),48.91473,2.33714,15,2,2
202100046644,118Â 391,A01,10,3,2,5,0,-1,-1,2,3,1,2021,58.0,1,1,0,1,2,1,5,,4,RUE EUGENE VARLIN,0,,2,2,1,1,(1),(1),1,, -1,1,-1,5,30,25,3,2021,18:00,1,75,75110,2,1,0,6,RUE EUGENE VARLIN,48.87881,2.363798,18,2,1
202100035659,137Â 971,C01,1,1,1,4,2,6,-1,-1, -1,-1,2021,55.0,1,1,0,2,3,3,1,,1,A86 INT,0,,3,6,0,1,45,0,2,, -1,1,0,1,90,9,6,2021,17:25,1,94,94073,1,1,0,4,A86 INT,48.76978,2.38053,17,3,3
202100021370,163Â 449,A01,1,1,1,3,2,-1,-1,0,0,-1,2021,38.0,1,1,0,2,3,23,1,,3,2,-1,D,2,2,0,1,9,700,1,,4,1,0,5,50,3,9,2021,11:00,1,973,97309,2,3,0,3,Avenue Morne Coco,4.900055,-52.273797,11,2,2
202100021341,163Â 505,B01,1,1,1,4,2,-1,-1,0,0,-1,2021,17.0,2,1,0,2,1,1,1,,3,906,0,,3,2,0,2,45,490,3,,4,1,1,1,50,3,9,2021,06:45,2,71,71543,2,4,0,3,Avenue Pasteur,46.5692556253,4.9067177062,6,2,2
202100044137,122Â 781,A01,1,1,2,9,8,0,-1,-1, -1,-1,2021,58.0,2,2,0,2,1,1,1,,3,LABOURD (PONT DU),0,,3,4,0,1,0,0,1,, -1,1,2,1,50,12,4,2021,11:25,1,64,64102,2,1,0,2,LABOURD (PONT DU),43.48601,-1.47501,11,2,2
202100000732,200Â 402,A01,1,1,1,5,1,8,-1,-1, -1,-1,2021,45.0,1,2,13,0,7,26,1,,3,MONTHERME,0,,2,2,0,2,0,0,1,, -1,2,0,8,80,26,12,2021,13:45,1,8,8105,1,1,1,6,MONTHERME,49.81004,4.70169,13,1,1
202100023825,159Â 040,A01,2,2,1,5,1,0,-1,-1, -1,-1,2021,21.0,1,2,4,0,9,14,1,,1,A7-Sens Lyon vers Marseille,0,,-1,3,0,1,277,0,1,, -1,1,0,1,90,17,8,2021,05:48,3,13,13215,1,1,0,6,A7-Sens Lyon vers Marseille,43.3502,5.3682,5,2,1
202100049835,112Â 667,A01,10,3,1,5,0,-1,-1,6,3,1,2021,27.0,2,4,0,1,2,2,6,,1,16,-1,,3,2,0,1,242,0,1,, -1,1,0,1,110,1,3,2021,01:30,3,62,62474,1,1,0,6,AUTOROUTE A-16 sens boulogne/ paris,50.692359,1.639323,1,2,1
202100055826,102Â 084,A01,1,1,1,1,2,6,-1,0,0,-1,2021,37.0,1,1,0,2,1,1,1,,4,BOULEVARD NEY,0,,3,2,0,1,(1),(1),1,, -1,1,0,1,50,7,1,2021,01:55,5,75,75118,2,2,0,3,BOULEVARD NEY,48.89794,2.344357,1,5,2
202100032148,144Â 285,B01,1,1,1,5,1,0,-1,-1, -1,-1,2021,64.0,1,2,0,2,2,15,1,,3,WLADIMIR D ORMESSON (AV),0,,-1,6,0,1,1,0,1,, -1,1,5,1,50,26,6,2021,16:20,1,94,94055,2,3,0,3,Avenue Wladimir dâOrmesson,48.78539,2.53937,16,2,2
202100040844,128Â 628,A01,1,1,1,5,2,6,9,0,0,-1,2021,37.0,1,1,0,0,9,1,1,,3,59,-1,,2,2,0,1,2,130,2,, -1,1,0,1,80,8,5,2021,20:15,1,73,73005,1,1,0,7,RD 59,45.638741,6.083461,20,1,1
202100049636,113Â 019,A01,10,3,2,5,0,-1,-1,9,9,1,2021,89.0,1,2,0,1,6,4,1,,4,NORMANDIE ( BD ET IMP DE ),0,,2,3,3,3,(1),(1),1,, -1,1,0,1,30,27,2,2021,15:00,1,56,56121,2,1,0,6,NORMANDIE ( BD ET IMP DE ),47.75806,-3.37126,15,2,1
202100049004,114Â 162,B01,1,1,1,3,2,-1,-1,0,0,-1,2021,39.0,1,1,0,2,1,1,1,,3,12,-1,,2,2,0,1,40,388,1,, -1,1,0,1,80,7,3,2021,10:20,1,31,31330,2,1,0,1,d12,43.326988,1.441398,10,2,2
202100003102,196Â 221,A01,1,1,1,5,2,0,-1,-1, -1,-1,2021,30.0,2,1,8,0,1,1,1,,4,PLAGES (BOULEVARD DES),0,,2,2,0,1,0,0,1,, -1,1,0,1,50,12,12,2021,19:10,5,64,64024,2,1,0,1,Boulevard des Plages,43.51196,-1.52701,19,2,2
202100032977,142Â 812,C01,1,1,1,5,1,0,-1,-1, -1,-1,2021,31.0,1,2,0,2,4,2,1,,1,A507 sens Marseille - Aubagne,0,,-1,3,0,1,6,559,1,, -1,1,1,1,70,22,6,2021,18:30,1,13,13055,1,1,0,4,A507 sens Marseille - Aubagne,43.30671,5.42491,18,4,4
202100007450,188Â 437,A01,1,1,1,5,1,0,-1,-1, -1,-1,2021,65.0,2,2,4,0,1,1,1,,3,LOUIS BLANC (AV),0,,2,2,0,1,16,0,1,, -1,1,8,1,30,17,11,2021,18:45,5,94,94068,2,1,0,6,Avenue Louis Blanc,48.79659,2.50078,18,1,1
202100004193,194Â 261,A01,1,1,1,0,1,8,-1,-1, -1,-1,2021,86.0,2,2,3,0,3,11,1,,1,A51-Sens Aix en Provence vers Marseille,0,,1,3,0,1,16,500,1,, -1,2,0,1,90,8,12,2021,07:45,2,13,13001,1,1,1,3,A51-Sens Aix en Provence vers Marseille,43.5228,5.42672,7,2,2
202100007828,187Â 747,A01,1,1,2,3,1,-1,-1,0,0,-1,2021,32.0,1,2,0,2,3,13,1,,3,HAUTPOUL (BOULEVARD),0,,2,1,0,2,0,0,3,, -1,1,0,1,50,6,11,2021,13:35,1,14,14715,2,1,0,6,Boulevard dâHautpoul,49.36302,0.08567,13,3,2
202100029083,149Â 762,A01,2,2,1,5,2,6,-1,-1, -1,-1,2021,15.0,1,1,0,2,8,1,1,,4,BLANC LOUIS (BOULEVARD),0,,2,3,0,1,0,0,1,, -1,1,5,1,50,10,7,2021,10:42,1,87,87085,2,1,0,6,BLANC LOUIS (BOULEVARD),45.82732,1.26023,10,2,1
202100044446,122Â 242,A01,10,3,2,5,0,-1,-1,2,3,1,2021,20.0,1,2,0,1,2,1,0,,3,AV DU GENERAL DE GAULLE,0,,1,2,0,1,7,450,1,, -1,2,0,1,50,10,4,2021,11:55,1,95,95268,2,2,1,6,AV DU GENERAL DE GAULLE,48.9766646388,2.392040255,11,2,1
202100002877,196Â 628,B01,1,1,1,5,2,0,-1,-1, -1,-1,2021,48.0,1,1,0,2,4,2,5,,2,T21,0,,3,0,0,1,(1),(1),1,, -1,1,0,1,90,20,8,2021,09:15,1,201,201004,1,1,0,2,T21,41.92688,8.78234,9,2,2
202100004128,194Â 362,A01,1,1,1,4,2,0,-1,-1, -1,-1,2021,21.0,2,1,15,0,1,1,1,,4,VOIE FELIX EBOUE,0,,1,1,3,1,4,0,1,, -1,1,9,8,30,8,12,2021,14:30,1,94,94028,2,9,0,6,Voie Felix Eboue,48.79699,2.449708,14,1,1