Num_Acc,id_vehicule,num_veh,place,catu,sexe,trajet,secu1,secu2,secu3,locp,actp,etatp,year_acc,victim_age,senc,catv,obs,obsm,choc,manv,motor,occutc,catr,voie,v1,v2,circ,nbv,vosp,prof,pr,pr1,plan,lartpc,larrout,surf,infra,situ,vma,jour,mois,an,hrmn,lum,dep,com,agg_,int,atm,col,adr,lat,long,hour,nb_victim,nb_vehicules
202100045206,120Â 926,A01,2,2,1,4,1,-1,-1,-1, -1,-1,2021,49.0,1,2,0,4,8,26,1,,4,GAMBETTA                            (CO),0,,2,4,0,1,(1),(1),1,, -1,1,4,1,50,3,4,2021,16:15,1,69,69387,2,8,1,3,GAMBETTA (CR),45.75531,4.84278,16,3,2
202100048173,115Â 638,A01,1,1,1,5,2,6,0,0,0,-1,2021,56.0,1,1,0,2,1,17,1,,3,38,-1,,2,2,0,3,12,53,3,, -1,1,0,1,90,14,3,2021,17:35,1,1,1248,1,1,0,1,dÃ©partementale D38,45.881942,4.902048,17,3,2
202100031046,146Â 247,A01,1,1,1,5,2,6,-1,-1, -1,-1,2021,15.0,2,1,0,2,0,0,1,,4,VERDUN ( AVENUE DE ),0,,-1,2,0,1,(1),(1),1,, -1,1,0,1,50,1,7,2021,16:15,1,62,62035,2,1,0,3,VERDUN ( AVENUE DE ),50.533768,2.619507,16,2,2
202100016139,172Â 793,B01,1,1,1,2,2,8,-1,-1, -1,-1,2021,19.0,2,1,0,2,1,2,1,,3,COLBERT (BOULEVARD),0,,2,2,1,1,4,950,1,, -1,1,0,1,50,28,9,2021,08:45,1,61,61001,2,3,0,2,COLBERT (BOULEVARD),48.43459,0.07643,8,2,2
202100040931,128Â 458,A01,1,1,1,3,2,0,-1,-1, -1,-1,2021,40.0,2,1,0,2,1,26,1,,9,BARBUSSE RUE HENRI),0,,2,2,0,1,1,0,1,, -1,1,0,1,50,7,5,2021,11:40,1,18,18279,2,3,0,3,BARBUSSE RUE HENRI),47.23449,2.06109,11,2,2
202100018495,168Â 573,A01,10,3,1,5,0,-1,-1,2,3,3,2021,30.0,1,2,0,1,3,1,1,,3,207,0,,2,2,0,1,2,(1),1,, -1,1,0,1,50,17,9,2021,18:30,1,67,67045,2,1,0,6,Route de Krautergersheim,48.487501,7.498555,18,2,1
202100023014,160Â 489,A01,10,3,2,5,8,-1,-1,4,3,1,2021,24.0,2,2,0,1,2,1,1,,4,JOSEPH GILLET                       (QU),0,,2,2,0,1,(1),(1),1,, -1,1,9,1,50,7,6,2021,16:00,1,69,69384,2,1,0,6,JOSEPH GILLET (Q),45.78333,4.81422,16,2,1
202100049748,112Â 818,A01,4,2,1,5,8,-1,-1,-1, -1,-1,2021,18.0,2,2,0,2,1,1,1,,4,PROGRES (DU)                            ,0,,2,2,0,1,(1),(1),1,, -1,1,8,1,50,28,2,2021,08:20,1,69,69271,2,2,0,5,PROGRES (DU) (AV),45.72766,4.96329,8,5,3
202100031119,146Â 118,A01,10,3,2,1,0,-1,-1,1,3,1,2021,50.0,3,5,0,1,5,4,1,,6,,0,,-1,-1,3,1,(1),(1),1,, -1,1,0,1,30,1,7,2021,13:10,1,33,33192,2,9,0,6,Boulevard de Malartic,44.77009,-0.60158,13,3,1
202100054495,104Â 361,A01,10,3,1,3,0,-1,-1,3,3,1,2021,80.0,1,1,0,1,1,1,5,,3,GENERAL LECLERC (AVENUE DU) 35/FIN - 60/,0,,2,6,0,1,0,0,1,, -1,2,5,1,50,19,1,2021,10:00,1,92,92012,2,3,1,6,GENERAL LECLERC (AVENUE DU) 35/FIN - 60/,48.8299992855,2.231528163,10,2,1
202100031498,145Â 454,B01,1,1,1,5,0,-1,-1,0,0,-1,2021,59.0,3,1,0,2,7,1,5,,7,107,-1,,1,2,0,1,(1),(1),2,, -1,1,5,1,50,2,7,2021,14:45,1,21,21171,2,6,0,3,M107,47.303587,5.119173,14,2,2
202100023611,159Â 430,J01,1,1,2,5,1,0,-1,0,0,-1,2021,64.0,2,2,0,2,6,1,1,,4,BOULEVARD PERIPHERIQUE,0,,1,4,0,1,25,100,1,, -1,1,0,1,70,17,8,2021,12:30,1,75,75119,2,1,0,4,BD PERIPHERIQUE EXTERIEUR,48.900623,2.387504,12,12,11
202100019759,166Â 325,A01,1,1,2,3,1,-1,-1,0,0,-1,2021,85.0,1,2,6,0,3,1,1,,3,35,-1,A,2,2,0,3,1,5,1,, -1,1,0,4,50,9,9,2021,17:45,5,972,97221,2,1,0,6,Chemin de Fonds Masson,14.538708,-60.934306,17,2,1
202100032834,143Â 086,B01,7,2,2,9,8,-1,-1,0,0,-1,2021,36.0,0,3,0,2,2,1,3,3.0,3,ABBEVILLE (RUE D'),0,,2,3,3,1,(1),(1),1,, -1,1,0,1,50,19,6,2021,18:06,1,80,80021,2,1,0,3,ABBEVILLE (RUE D'),49.90665,2.26813,18,4,2
202100045460,120Â 477,Z01,10,3,2,5,8,8,-1,2,B,1,2021,86.0,1,1,0,1,0,19,1,,3,11,0,,2,2,0,1,0,0,1,, -1,1,0,1,50,2,4,2021,16:25,1,92,92036,2,1,0,6,JEAN JAURES (RUE) (35/+),48.9269541644,2.2947143018,16,2,1
202100034577,139Â 912,B01,1,1,1,0,2,8,-1,-1, -1,-1,2021,80.0,3,1,0,0,1,0,5,,4,EPERNAY (AVENUE D') COTE IMPAIR,0,,2,4,0,1,(1),(1),1,, -1,1,0,1,50,12,6,2021,09:25,1,51,51454,2,2,0,3,Avenue dâEpernay,49.23189,4.01414,9,2,2
202100011115,181Â 864,A01,10,3,1,5,0,-1,-1,2,3,1,2021,74.0,1,1,0,1,1,1,1,,4,RUE LA FAYETTE,0,,2,2,0,1,(1),(1),1,, -1,1,0,1,30,25,10,2021,15:00,1,75,75110,2,1,0,6,RUE LA FAYETTE,48.88116,2.364143,15,2,1
202100020620,164Â 770,A01,10,3,1,3,0,-1,-1,2,3,2,2021,69.0,1,2,0,9,8,15,1,,3,,-1,,2,2,0,1,119,1444,1,,4,1,0,1,50,6,9,2021,16:30,1,76,76192,2,3,0,6,Rue du Huit Mai 1945,50.016631,1.318738,16,2,1
202100023644,159Â 360,A01,4,2,1,5,0,-1,-1,0,0,-1,2021,20.0,0,2,0,2,8,19,1,,3,,-1,,4,2,0,1,(1),(1),1,,5,1,5,1,50,19,8,2021,03:30,5,24,24547,2,3,0,6,RD 6089,45.131619,1.277611,3,5,2
202100015024,174Â 850,A01,10,3,1,9,8,8,-1,1,B,1,2021,71.0,3,4,0,1,8,0,1,,4,BUISSE (CHE DE LA),0,,2,1,0,1,(1),(1),1,, -1,1,0,1,30,30,9,2021,14:20,1,62,62842,2,1,0,6,BUISSE (CHE DE LA),50.487863,2.879872,14,2,1
202100027676,152Â 243,B01,2,2,1,3,1,0,-1,-1, -1,-1,2021,51.0,1,2,0,2,4,2,1,,1,A4.Y,0,,3,4,0,1,20,400,2,, -1,1,0,1,110,21,7,2021,09:20,1,77,77146,1,1,0,2,A4.Y,48.8319870876,2.6512725706,9,4,3
202100019045,167Â 595,A01,1,1,1,1,0,-1,-1,0,0,-1,2021,53.0,1,1,0,0,9,0,5,,3,285,-1,,2,2,0,2,5,400,1,, -1,1,0,1,80,14,9,2021,18:15,1,32,32426,1,1,0,7,Route d Artiguedieu,43.497593,0.583949,18,1,1
202100027648,152Â 299,A01,1,1,1,1,2,6,-1,0,0,-1,2021,40.0,1,1,0,2,1,13,1,,3,24,-1,,2,2,0,1,149,50,4,, -1,1,0,1,80,23,7,2021,10:00,1,28,28194,1,1,0,1,D24,48.441959,1.644881,10,2,2
202100015533,173Â 920,B01,1,1,2,0,1,0,-1,-1, -1,-1,2021,62.0,1,2,0,2,3,1,1,,4,HONORE BARADAT,0,,2,2,0,1,0,0,1,, -1,1,0,1,50,2,10,2021,17:10,1,64,64445,2,2,0,1,25 Avenue HonorÃ© Baradat,43.30538,-0.3611,17,3,2
202100019130,167Â 431,A01,2,2,1,5,8,-1,-1,-1, -1,-1,2021,21.0,1,2,1,0,9,5,1,,4,ARAGO (RUE ),0,,1,1,0,1,(1),(1),1,, -1,1,0,1,30,13,9,2021,00:05,5,33,33063,2,1,0,6,Rue Arago,44.87475,-0.55033,0,2,1
202100014577,175Â 652,B01,1,1,1,1,2,8,-1,-1, -1,-1,2021,43.0,2,1,0,2,8,1,1,,4,GENEVE (RUE DE),0,,1,3,3,1,0,1,1,, -1,2,0,1,50,6,10,2021,17:30,1,74,74008,2,2,1,3,GENEVE (RUE DE),46.19182,6.22097,17,2,2
202100022954,160Â 593,B01,5,2,2,5,1,-1,-1,0,0,-1,2021,18.0,1,2,0,2,3,13,1,,4,,-1,,1,2,0,3,(1),(1),2,,7,1,0,1,50,22,8,2021,14:00,1,29,29023,2,6,0,3,Croas Ar Mevel,48.656947,-3.919989,14,6,2
202100038225,133Â 321,A01,1,1,1,5,8,0,-1,0,0,-1,2021,24.0,1,1,0,2,1,18,3,,4,RUE DE LANCRY,0,,2,2,1,2,(1),(1),1,, -1,1,0,1,50,26,5,2021,21:30,2,75,75110,2,3,0,3,RUE DE LANCRY,48.872666,2.363395,21,2,2
202100047224,117Â 353,[01,1,1,1,0,0,-1,-1,-1, -1,-1,2021,13.0,2,1,0,2,8,19,5,,4,CRS BALGUERIE STUTTENBERG,0,,1,2,3,1,(1),(1),1,, -1,1,5,1,50,20,3,2021,17:50,1,33,33063,2,2,0,3,Cours Balguerie Stuttenberg,44.86165,-0.56213,17,3,2
202100037748,134Â 194,B01,1,1,1,0,2,6,-1,-1, -1,-1,2021,23.0,2,1,0,2,1,1,1,,4,BOURGOGNE (AVENUE DE),0,,2,2,0,1,0,0,1,, -1,1,0,1,30,27,5,2021,19:55,1,91,91692,2,9,0,3,BOURGOGNE (AVENUE DE),48.68387,2.17684,19,4,2
202100020944,164Â 226,A01,1,1,1,9,8,-1,-1,0,0,-1,2021,27.0,1,2,12,0,9,26,1,,3,,-1,,2,2,0,1,(1),(1),4,,5,1,0,1,50,5,9,2021,02:35,5,8,8448,2,9,0,7,Rue de la Naux,49.872641,4.808096,2,1,1
202100031402,145Â 626,C01,1,1,1,9,2,6,-1,-1, -1,-1,2021,24.0,1,1,0,2,1,1,1,,1,6,0,,1,3,0,1,25,0,1,, -1,1,0,1,110,2,7,2021,15:25,1,91,91228,1,1,0,5,AUTOROUTE A6,48.6287,2.4119,15,3,3
202100040017,130Â 064,A01,1,1,1,0,2,6,-1,-1, -1,-1,2021,31.0,2,1,0,2,1,2,1,,1,AUTOROUTE A1,0,,3,6,0,1,201,250,1,, -1,1,0,1,110,12,5,2021,19:05,1,59,59560,1,1,0,2,AUTOROUTE A1,50.539504,3.051771,19,2,2
202100053888,105Â 422,A01,1,1,1,5,2,6,-1,0,0,-1,2021,25.0,2,1,0,2,1,1,1,,3,534,0,D,2,2,0,1,27,300,3,, -1,1,0,1,80,24,1,2021,17:00,1,7,7129,1,1,0,4,D534,44.992006,4.596512,17,5,3
202100029852,148Â 434,B01,2,2,1,0,1,0,-1,-1, -1,-1,2021,25.0,3,2,5,2,4,1,0,,3,CHARLES DE GAULLE [CD115] (AVENUE),0,,1,1,0,2,0,1,1,, -1,1,0,1,50,9,7,2021,09:50,1,93,93005,2,1,0,2,Avenue Charles de Gaulle,48.930992,2.484035,9,3,2
202100014687,175Â 460,A01,1,1,1,4,1,-1,-1,0,0,-1,2021,61.0,1,2,13,0,3,1,1,,3,624,-1,,2,1,0,2,2,575,2,, -1,1,0,3,80,8,10,2021,08:40,1,61,61345,1,1,0,7,La Houssaie,48.420607,0.720913,8,1,1
202100037344,134Â 915,B01,7,2,1,5,1,-1,-1,0,0,-1,2021,28.0,2,2,0,2,8,1,1,,3,2209,0,D,2,2,0,2,13,500,1,, -1,1,0,1,90,31,5,2021,15:30,1,3,3110,1,1,0,3,D2209,46.126266,3.366044,15,5,2
202100039758,130Â 518,A01,1,1,2,9,1,-1,-1,0,0,-1,2021,69.0,1,2,2,0,1,1,1,,1,85,0,A,3,4,0,1,36,420,1,, -1,1,0,3,130,17,5,2021,18:50,1,49,49378,1,1,0,6,A85,47.314839,-0.035105,18,1,1
202100003492,195Â 511,B01,1,1,1,5,2,-1,-1,0,0,-1,2021,61.0,3,0,0,2,1,1,3,,4,,-1,,-1,2,0,1,(1),(1),1,,4,1,0,5,50,12,12,2021,09:00,1,66,66055,2,3,0,6,Chemin des Vignes,42.655862,2.665998,9,2,2
202100033628,141Â 655,A01,10,3,1,3,0,-1,-1,4,3,1,2021,73.0,1,2,0,1,2,1,1,,4,AVENUE DE LA PORTE DE MENILMONTANT,0,,2,2,0,1,(1),(1),1,, -1,1,0,1,50,18,6,2021,09:25,1,75,75120,2,2,1,6,AVENUE DE LA PORTE DE MENILMONTANT,48.870571,2.408827,9,2,1
202100003204,196Â 043,A01,1,1,1,0,2,6,-1,0,0,-1,2021,19.0,2,1,0,0,4,2,1,,3,8,-1,,2,2,1,2,18,900,3,, -1,2,0,1,70,15,12,2021,15:20,1,83,83053,1,1,0,7,DN8 PK 18+900,43.1578393084,5.8444154263,15,1,1
202100036726,136Â 063,A01,1,1,1,1,2,6,-1,0,0,-1,2021,54.0,1,1,0,2,1,17,1,,3,822,-1,,2,2,0,2,2,23,2,, -1,1,0,1,80,3,6,2021,20:40,2,46,46102,1,1,0,4,Lieu Dit la Vinadie,44.574261,2.026769,20,3,3
202100025222,156Â 580,B01,2,2,2,3,1,-1,-1,-1, -1,-1,2021,28.0,1,2,13,2,1,17,1,,3,,0,R,2,2,0,1,40,740,1,, -1,1,0,1,80,8,8,2021,11:30,1,85,85178,1,2,0,2,L ArnaudiÃ¨re,46.77124,-1.448725,11,3,2
202100020550,164Â 900,B01,1,1,1,0,2,0,-1,-1, -1,-1,2021,63.0,0,1,0,2,4,0,6,,3,RTE N113 MARSEILLE A BORBEAUX,0,,1,1,0,1,7,0,2,, -1,1,9,1,50,6,9,2021,11:00,1,13,13004,2,9,0,6,RTE N113 MARSEILLE A BORBEAUX,43.66126,4.65258,11,2,2
202100053203,106Â 637,B01,1,1,1,5,2,6,-1,0,0,-1,2021,16.0,1,1,15,0,1,1,1,,4,REPUBLIQUE (avenue de la ),0,,2,2,0,1,0,0,1,, -1,2,0,1,50,24,1,2021,16:05,1,47,47215,2,3,0,1,REPUBLIQUE (avenue de la ),44.39165,0.686943,16,4,2
202100012398,179Â 545,A01,10,3,2,2,0,-1,-1,3,3,1,2021,14.0,2,2,0,1,2,1,1,,4,PRIEUR (RUE DU),0,,2,2,0,1,0,0,1,, -1,1,0,1,50,15,10,2021,07:52,2,87,87085,2,1,0,6,PRIEUR (RUE DU),45.87539,1.29941,7,2,1
202100010231,183Â 424,B01,2,2,1,0,1,-1,-1,0,0,-1,2021,44.0,2,2,0,2,1,1,1,,3,903,-1,D,2,2,0,2,(1),(1),2,, -1,2,0,1,70,30,10,2021,16:30,1,74,74197,1,1,1,1,815 Route d Annecy,46.134984,6.31193,16,3,2
202100004757,193Â 279,B01,1,1,2,5,2,0,-1,-1, -1,-1,2021,14.0,3,1,0,2,8,19,3,,4,BERT (QUAI PAUL),0,,2,2,0,1,(1),(1),1,, -1,2,0,1,50,3,12,2021,11:20,1,37,37261,2,1,1,3,BERT (QUAI PAUL),47.4023660173,0.6946840882,11,2,2
202100054182,104Â 897,A01,1,1,1,0,8,-1,-1,-1, -1,-1,2021,31.0,2,1,12,0,0,19,5,,4,,0,,2,1,1,1,(1),(1),1,, -1,1,0,5,-1,21,1,2021,10:22,1,69,69387,2,9,1,7,TONY GARNIER                        (AV),45.73155,4.82409,10,1,1
202100024674,157Â 541,C01,2,2,2,5,1,-1,-1,0,0,-1,2021,81.0,1,2,0,2,4,2,1,,1,35,0,A,1,4,0,1,435,900,1,, -1,1,8,1,70,12,8,2021,13:19,1,67,67115,1,1,0,4,A35,48.309488,7.47654,13,13,7
202100000789,200Â 304,A01,1,1,1,1,2,0,-1,-1, -1,-1,2021,30.0,2,1,0,2,3,13,1,,4,LAFERRIERE(AVENUE),0,,2,2,0,1,1,0,1,, -1,2,0,1,50,29,12,2021,10:20,1,94,94028,2,9,1,1,Avenue LaferriÃ¨re,48.80015,2.45581,10,2,2
202100032295,144Â 034,A01,1,1,1,5,1,0,-1,-1, -1,-1,2021,32.0,1,2,0,2,2,26,1,,4,PARADIS (RUE),0,,1,2,0,2,0,0,1,, -1,1,0,1,50,25,6,2021,04:30,5,13,13206,2,9,0,3,PARADIS (RUE),43.2819473009,5.3816468848,4,4,4
202100051509,109Â 625,B01,1,1,2,5,1,0,-1,-1, -1,-1,2021,21.0,0,2,0,2,4,2,1,,4,RUE DE SAINT NAZAIRE,0,,-1,2,1,1,(1),0,1,, -1,1,0,1,50,14,2,2021,13:00,1,44,44162,2,9,0,2,RUE DE SAINT NAZAIRE,47.211524,-1.614505,13,2,2
202100035507,138Â 243,B01,1,1,2,5,2,0,-1,0,0,-1,2021,15.0,3,1,0,2,5,12,1,,4,NOGUERES HENRI (RD POINT),0,,-1,1,0,1,(1),(1),2,, -1,1,0,1,50,8,6,2021,15:15,1,34,34032,2,6,0,3,NOGUERES HENRI (RD POINT),43.35339,3.22519,15,3,2
202100029745,148Â 622,A01,10,3,2,0,0,-1,-1,3,3,1,2021,77.0,2,5,0,1,3,1,1,,3,ROUTE ROYALE,0,,-1,2,0,2,1,0,1,, -1,1,9,1,50,9,7,2021,12:35,1,202,202033,2,1,0,1,ROUTE ROYALE,42.6794,9.42925,12,2,1
202100027769,152Â 073,A01,1,1,1,1,2,6,-1,0,0,-1,2021,24.0,2,1,0,0,3,21,1,,4,BOULEVARD BEAUMARCHAIS,0,,2,6,0,1,(1),(1),1,, -1,1,0,1,50,21,7,2021,07:55,1,75,75104,2,4,0,7,BOULEVARD BEAUMARCHAIS,48.85406,2.368924,7,1,1
202100043989,123Â 053,A01,1,1,1,4,1,0,-1,-1, -1,-1,2021,35.0,1,4,6,0,1,1,1,,1,A502-Sens Toulon par R.N. vers  Aubagne,0,,1,1,0,2,0,9,3,, -1,1,1,1,90,14,4,2021,08:19,1,13,13005,1,1,0,1,A502-Sens Toulon par R.N. vers  Aubagne,43.2807053827,5.6071855753,8,2,1
202100023158,160Â 224,B01,1,1,2,5,2,6,-1,0,0,-1,2021,17.0,1,1,0,2,1,1,1,,3,136,-1,,2,2,0,1,2,600,1,, -1,1,0,1,80,21,8,2021,10:22,1,65,65113,1,9,0,3,D136,43.1950356636,0.3123414983,10,2,2
202100000685,200Â 487,A01,10,3,2,2,0,-1,-1,2,3,2,2021,18.0,1,2,0,1,2,1,3,,4,ANDREANI JEAN (RUE),0,,2,2,0,1,0,0,1,, -1,1,0,1,50,25,5,2021,07:50,1,13,13001,2,1,0,1,ANDREANI JEAN (RUE),43.5121710406,5.4351798225,7,2,1
202100008372,186Â 766,B01,1,1,1,1,2,0,-1,-1, -1,-1,2021,26.0,1,1,0,2,1,1,1,,3,,-1,,2,1,-1,1,1,0,1,, -1,1,5,1,50,11,11,2021,19:00,5,94,94076,2,2,0,3,Rue de Verdun,48.794959,2.354375,19,2,2
202100026158,154Â 937,A01,10,3,1,9,0,-1,-1,2,3,1,2021,44.0,3,2,0,2,2,1,1,,4,PLACE DE LA CONCORDE,0,,1,4,0,1,(1),(1),1,, -1,1,0,1,50,31,7,2021,14:03,1,75,75108,2,7,0,6,PLACE DE LA CONCORDE,48.86476,2.32058,14,2,1
202100049544,113Â 198,B01,1,1,1,0,2,0,-1,-1, -1,-1,2021,18.0,1,1,0,2,8,18,1,,4,,0,,1,2,1,1,0,0,1,, -1,1,0,1,30,2,3,2021,18:02,2,92,92075,2,1,0,3,MARY BESSEYRE (RUE),48.8206981625,2.2903932362,18,2,2
202100046850,118Â 035,B01,1,1,1,3,0,-1,-1,0,0,-1,2021,15.0,3,1,0,2,2,15,5,,4,,-1,,2,2,0,1,(1),(1),2,, -1,1,9,1,30,24,3,2021,15:30,1,33,33449,2,6,0,3,Rue Maurice Lestage,44.881171,-0.697196,15,2,2
202100040439,129Â 324,A01,1,1,1,0,2,6,-1,-1, -1,-1,2021,49.0,1,1,0,2,1,1,1,,2,kaweni-Kaweni nord ( Z I ),0,,2,0,0,1,0,0,1,, -1,1,0,1,50,10,5,2021,13:40,1,976,97611,2,1,0,2,kaweni-Kaweni nord ( Z I ),-12.76882,45.22429,13,2,2
202100038125,133Â 516,B01,1,1,1,1,1,-1,-1,-1, -1,-1,2021,50.0,2,2,0,2,4,1,1,,2,ROUTE NATIONALE 230,0,,3,6,0,2,38,205,1,, -1,1,0,1,90,27,5,2021,08:00,1,33,33535,1,1,0,2,ROUTE NATIONALE 230,44.8313,-0.50115,8,3,2
202100011095,181Â 896,B01,1,1,1,1,2,-1,-1,-1,0,-1,2021,35.0,1,1,0,2,1,1,5,,4,LESNEVEN,0,,2,2,0,1,(1),(1),1,, -1,1,0,1,50,25,10,2021,08:35,2,29,29019,2,3,0,3,Rue de Lesneven,48.407118944,-4.520136416,8,2,2
202100051416,109Â 784,A01,1,1,2,0,1,0,-1,-1, -1,-1,2021,37.0,1,2,13,0,3,13,1,,7,GEORGES BURGER (RUE),0,,3,4,0,1,(1),(1),1,, -1,1,0,3,50,14,2,2021,20:30,5,67,67043,2,1,0,6,GEORGES BURGER (RUE),48.6159212141,7.7312748986,20,1,1
202100011203,181Â 708,A01,2,2,2,9,1,0,-1,-1, -1,-1,2021,21.0,1,2,0,2,3,1,1,,7,ARRAS RUE D,0,,-1,1,0,1,(1),(1),1,, -1,1,9,1,50,24,10,2021,20:20,5,59,59350,2,3,0,3,ARRAS RUE D,50.6176903877,3.0635772115,20,3,2
202100030253,147Â 688,A01,1,1,1,9,2,6,-1,-1, -1,-1,2021,37.0,1,1,0,2,8,1,1,,4,,0,,1,1,0,1,0,0,1,, -1,1,0,1,30,7,7,2021,20:30,2,92,92024,2,2,0,3,PORT (RUE DU),48.906596,2.298893,20,2,2
202100042088,126Â 397,A01,10,3,1,5,0,-1,-1,5,9,2,2021,31.0,3,2,9,1,3,4,1,,6,940,-1,,-1,-1,0,1,(1),(1),1,, -1,1,9,8,50,29,4,2021,15:50,1,76,76254,2,7,0,6,Place Maurice Guillard,49.707469,0.205966,15,2,1
202100053909,105Â 388,C01,1,1,2,1,1,0,-1,-1, -1,-1,2021,28.0,1,2,0,2,2,23,1,,1,A7-Sens Lyon vers Marseille,0,,-1,1,0,3,273,500,1,, -1,1,0,1,50,22,1,2021,07:08,2,13,13215,1,1,0,5,A7-Sens Lyon vers Marseille,43.37724,5.35806,7,3,3
202100021411,163Â 379,A01,10,3,2,0,0,-1,-1,5,1,2,2021,37.0,1,4,0,1,4,26,1,,4,MOUFIA (ROUTE DE),0,,2,2,0,2,0,0,1,, -1,1,0,4,50,1,9,2021,09:15,1,974,97411,2,1,0,6,MOUFIA (ROUTE DE),-20.9054,55.49032,9,2,1
202100033417,142Â 037,B01,1,1,1,0,2,0,-1,-1, -1,-1,2021,37.0,1,1,0,2,0,2,1,,4,JACQUIN COURS,0,,2,1,0,1,(1),(1),1,, -1,1,0,1,50,18,6,2021,19:30,1,10,10387,2,1,0,3,JACQUIN (RUE),48.30444,4.08251,19,2,2
202100020444,165Â 089,B01,1,1,1,5,2,6,-1,0,0,-1,2021,15.0,1,1,0,2,8,15,1,,3,61,0,,2,2,0,1,35,443,1,, -1,1,0,1,80,14,5,2021,15:41,1,44,44164,1,1,0,3,Bel Air,47.099212,-1.84948,15,2,2
202100056140,101Â 531,B01,1,1,1,0,2,6,-1,-1, -1,-1,2021,44.0,1,1,0,2,1,2,1,,4,RTE DE MONTJEAN,0,,2,2,2,1,0,0,1,, -1,2,0,1,30,5,1,2021,17:40,2,91,91689,2,3,1,3,RTE DE MONTJEAN,48.73775,2.33107,17,3,2
202100002393,197Â 500,B01,4,2,2,0,1,0,-1,-1, -1,-1,2021,36.0,2,2,0,2,4,2,1,,4,SALANQUE (AVENUE DE),0,,2,2,0,1,(1),(1),1,, -1,1,0,1,70,15,12,2021,19:25,3,66,66136,1,1,0,2,SALANQUE (AVENUE DE),42.72646,2.89647,19,4,2
202100003924,194Â 740,B01,1,1,2,1,1,-1,-1,-1, -1,-1,2021,36.0,1,2,0,2,4,1,1,,1,A50,0,,3,6,0,1,68,0,1,, -1,1,0,1,90,9,12,2021,08:50,1,83,83137,1,1,0,4,A50,43.1247873678,5.9013426304,8,3,3
202100007333,188Â 645,A01,10,3,1,5,0,-1,-1,2,5,1,2021,2.0,3,4,0,1,2,1,1,,4,AVENUE LEON GAUMONT,0,,2,2,0,1,(1),(1),1,, -1,1,0,1,50,19,11,2021,12:20,1,75,75120,2,1,0,6,AVENUE LEON GAUMONT,48.850988,2.415899,12,2,1
202100003847,194Â 877,B01,1,1,1,9,1,0,-1,-1, -1,-1,2021,29.0,1,2,0,2,1,17,1,,4,R DE LA FOSSE ROUGE,0,,2,2,0,2,1,0,1,, -1,1,0,1,50,9,12,2021,18:00,5,94,94071,2,9,0,3,Rue de la Fosse Rouge,48.77515,2.52116,18,2,2
202100000366,201Â 054,B01,1,1,1,0,2,0,-1,-1, -1,-1,2021,49.0,3,1,0,2,1,3,1,,7,OLIVES (AVENUE DES),0,,2,3,0,1,0,0,1,, -1,1,0,1,50,11,11,2021,14:10,1,13,13213,2,1,0,3,OLIVES (AVENUE DES),43.32949,5.43022,14,2,2
202100016595,171Â 972,B01,1,1,1,5,2,-1,-1,0,0,-1,2021,61.0,3,1,0,2,1,1,1,,2,1,0,A,2,2,0,1,(1),(1),1,, -1,1,5,1,50,27,9,2021,19:30,5,986,98613,2,2,0,3,Mat 'utu,-13.282039,-176.174018,19,2,2
202100022538,161Â 343,B01,1,1,1,9,1,-1,-1,0,0,-1,2021,26.0,1,2,0,2,1,1,1,,3,986,0,L,2,2,0,1,12,100,1,, -1,1,0,1,80,17,8,2021,12:00,1,30,30089,1,1,0,1,D986l,43.841623,4.619279,12,2,2
202100026467,154Â 389,A01,1,1,1,0,2,6,-1,-1, -1,-1,2021,21.0,3,1,0,2,7,17,1,,4,AVE DE MAGUDAS,0,,2,4,0,1,(1),(1),1,, -1,1,0,1,50,22,7,2021,19:30,1,33,33200,2,6,0,3,Avenue de Magudas,44.86186,-0.69664,19,2,2
202100048085,115Â 798,A01,2,2,1,5,2,-1,-1,0,0,-1,2021,30.0,2,1,0,2,1,1,1,,2,RN2,-1,,2,2,0,2,57,0,2,, -1,1,0,1,80,14,3,2021,18:55,2,971,97111,1,1,0,2,RN2 gadet,16.324742,-61.78521,18,3,2
202100030925,146Â 483,A01,1,1,1,5,0,-1,-1,0,0,-1,2021,26.0,3,1,0,2,1,5,1,,4,,-1,,1,1,0,2,(1),(1),1,,3,1,0,1,50,29,6,2021,12:05,1,973,97307,2,9,0,3,Rue Kalandja,4.88564,-52.345165,12,2,2
202100042844,125Â 083,A01,10,3,2,5,0,-1,-1,3,3,1,2021,67.0,1,5,0,1,7,1,1,,4,KENNEDY (BD JOHN-FITZGERALD),0,,3,4,0,1,0,0,1,, -1,1,0,1,50,23,4,2021,12:22,1,66,66136,2,1,0,6,KENNEDY (BD JOHN-FITZGERALD),42.68677,2.9065,12,2,1
202100052092,108Â 599,A01,2,2,1,0,1,0,-1,-1, -1,-1,2021,34.0,1,2,0,2,4,1,1,,1,A7-Sens Lyon vers Marseille,0,,1,3,0,1,274,899,1,, -1,1,0,1,90,8,2,2021,16:30,1,13,13215,1,1,0,4,A7-Sens Lyon vers Marseille,43.36691,5.36083,16,4,3
202100038332,133Â 119,A01,10,3,2,1,0,-1,-1,3,3,1,2021,25.0,1,2,0,1,3,1,1,,4,FARON (BD DU),0,,2,2,0,3,0,0,1,, -1,1,0,1,50,25,5,2021,07:15,1,83,83137,2,1,1,6,FARON (BD DU),43.13648,5.92236,7,2,1