Num_Acc,id_vehicule,num_veh,place,catu,sexe,trajet,secu1,secu2,secu3,locp,actp,etatp,year_acc,victim_age,senc,catv,obs,obsm,choc,manv,motor,occutc,catr,voie,v1,v2,circ,nbv,vosp,prof,pr,pr1,plan,lartpc,larrout,surf,infra,situ,vma,jour,mois,an,hrmn,lum,dep,com,agg_,int,atm,col,adr,lat,long,hour,nb_victim,nb_vehicules
202100026602,154Â 154,A01,1,1,1,1,2,6,-1,-1,0,-1,2021,31.0,1,1,0,2,1,3,1,,1,AUTOROUTE A115,0,,3,4,0,2,4,500,1,, -1,1,0,1,90,28,7,2021,18:30,1,95,95491,1,1,0,2,A115,49.0089320527,2.2367314421,18,2,2
202100040759,128Â 755,A01,10,3,2,5,0,-1,-1,5,1,2,2021,33.0,1,2,0,1,2,26,1,,4,CALANQUES (AVENUE DES),0,,2,2,0,1,(1),(1),1,, -1,1,0,4,30,8,5,2021,17:45,1,13,13028,2,1,0,6,CALANQUES (AVENUE DES),43.1685501509,5.6050222382,17,4,1
202100035259,138Â 677,A01,1,1,2,1,2,0,-1,-1, -1,-1,2021,18.0,1,1,0,2,1,26,1,,4,MONTESQUIEU PASSAGE,0,,2,2,0,1,1,0,1,, -1,1,0,1,50,9,6,2021,18:37,1,49,49007,2,1,0,2,MONTESQUIEU PASSAGE,47.47237,-0.58449,18,2,2
202100000656,200Â 539,A01,2,2,2,1,2,6,-1,-1, -1,-1,2021,39.0,1,1,0,0,8,15,1,,3,D138. girat.valvins Ã  croix de vitry,0,,1,2,0,1,9,0,2,, -1,1,0,1,90,29,12,2021,15:20,1,77,77186,1,6,0,7,D138. girat.valvins Ã  croix de vitry,48.474489,2.67885,15,2,1
202100015712,173Â 581,A01,1,1,1,5,2,-1,-1,-1, -1,-1,2021,47.0,1,1,3,0,2,14,1,,7,M7   2.278 A 3.690,0,,2,6,0,2,2,299,2,, -1,1,3,8,50,30,9,2021,21:20,5,69,69142,1,1,0,6,M7   2.278 A 3.690,45.7307,4.81541,21,1,1
202100024156,158Â 481,A01,1,1,1,0,2,9,6,0,0,-1,2021,32.0,3,1,0,0,0,13,1,,4,,-1,,2,2,0,1,(1),(1),3,,6,1,0,8,80,15,8,2021,15:50,1,35,35167,1,1,0,7,Route du Breil,47.827815,-1.329249,15,1,1
202100033150,142Â 507,A01,10,3,2,5,0,-1,-1,1,3,2,2021,78.0,1,2,0,1,1,15,1,,3,2,-1,,2,2,0,2,21,200,1,, -1,1,5,1,80,21,6,2021,13:30,1,69,69184,1,3,0,6,D2 - ROUTE DE LA CHARINIÃRE,45.604671,4.559873,13,2,1
202100017146,170Â 989,A01,10,3,1,0,0,-1,-1,3,3,1,2021,43.0,1,2,0,1,1,26,1,,4,BELFORT (RUE DE),0,,1,1,0,1,0,0,1,, -1,1,6,8,30,25,9,2021,18:38,1,92,92024,2,3,0,6,BELFORT (RUE DE),48.9024835029,2.3163717985,18,2,1
202100032290,144Â 042,A01,10,3,2,2,0,-1,-1,4,3,1,2021,11.0,0,2,0,1,1,1,0,,4,COLLET YVES (DE 27 ET 28 A FIN),0,,2,2,0,2,(1),(1),1,, -1,1,5,1,50,24,6,2021,18:36,1,29,29019,2,3,0,6,Rue Yves Collet,48.39549,-4.47689,18,2,1
202100050990,110Â 536,B01,1,1,1,4,8,-1,-1,0,0,-1,2021,36.0,2,4,0,2,1,2,1,,3,20,-1,,3,4,0,1,18,0,1,, -1,1,0,1,90,17,2,2021,11:50,1,91,91041,1,1,0,4,N20,48.5731,2.235374,11,7,7
202100029187,149Â 579,A01,1,1,1,0,2,-1,-1,0,0,-1,2021,64.0,1,1,0,0,7,1,1,,3,92,0,N,2,2,0,1,6,720,1,, -1,1,0,1,50,13,7,2021,16:50,1,26,26323,2,1,0,7,Route DÃ©partementale la Dauphinoise,45.068656,5.127692,16,1,1
202100027518,152Â 537,B01,1,1,1,0,2,6,-1,-1, -1,-1,2021,28.0,2,1,0,2,8,16,1,,7,SCHIRMECK (ROUTE DE),0,,2,3,0,1,(1),(1),1,, -1,1,0,1,50,15,7,2021,21:30,2,67,67482,2,3,0,3,SCHIRMECK (ROUTE DE),48.5654,7.70712,21,3,2
202100032520,143Â 637,A01,1,1,1,1,2,0,-1,0,0,-1,2021,57.0,2,1,0,2,4,1,5,,4,QUAI DE GESVRES,0,,1,3,3,1,(1),(1),1,, -1,1,2,1,50,24,6,2021,19:13,1,75,75104,2,1,0,2,QUAI DE GESVRES,48.857019,2.347911,19,2,2
202100034228,140Â 563,A01,10,3,2,1,0,-1,-1,3,3,1,2021,58.0,2,5,0,1,3,15,3,,4,GAMBETTA (AVENUE),0,,2,2,0,2,0,0,2,, -1,1,9,1,50,14,6,2021,12:35,1,83,83069,2,1,0,6,GAMBETTA (AVENUE),43.1189271737,6.1286115646,12,2,1
202100000944,200Â 064,A01,1,1,1,5,2,6,-1,0,0,-1,2021,15.0,1,1,13,0,1,2,1,,3,204E1,-1,,2,2,0,1,1,85,4,, -1,2,0,1,80,31,12,2021,14:45,1,33,33240,1,1,0,6,D204e1,45.297698,-0.905471,14,1,1
202100011027,182Â 013,A01,1,1,1,0,1,0,-1,-1, -1,-1,2021,19.0,3,1,0,2,1,2,1,,1,AUTOROUTE A1,0,,3,8,0,1,0,500,1,, -1,1,0,1,90,26,10,2021,16:10,1,93,93066,1,1,0,2,AUTOROUTE A1,48.907492,2.358115,16,2,2
202100033791,141Â 370,B01,1,1,1,1,2,0,-1,-1, -1,-1,2021,35.0,1,1,0,2,1,2,1,,3,152,0,,3,2,0,1,0,0,1,, -1,1,0,1,50,16,6,2021,19:40,1,91,91552,2,1,0,3,RTE DE CORBEIL,48.59545,2.274458,19,2,2
202100002694,196Â 963,A01,2,2,1,5,1,-1,-1,0,0,-1,2021,29.0,1,2,9,2,9,2,1,,3,988,-1,,2,2,0,2,2,100,1,, -1,1,0,1,50,18,12,2021,02:00,3,8,8361,2,1,0,2,Av des Martyrs de la Resistance,49.831381,4.603052,2,4,2
202100018805,168Â 030,B01,1,1,1,9,2,0,-1,0,0,-1,2021,20.0,1,1,0,2,0,1,1,,4,RUE DE L ARCADE,0,,1,1,0,1,(1),(1),1,, -1,1,0,1,30,15,9,2021,20:10,2,75,75108,2,2,0,3,RUE DE L ARCADE,48.873317,2.324305,20,2,2
202100005371,192Â 185,A01,10,3,1,5,0,-1,-1,2,3,1,2021,67.0,2,2,0,1,1,1,2,,4,AVENUE D ITALIE,0,,3,4,0,1,(1),(1),1,, -1,1,0,1,30,29,11,2021,20:15,5,75,75113,2,3,0,6,AVENUE D ITALIE,48.826772,2.357106,20,3,1
202100017838,169Â 733,A01,1,1,1,0,1,0,-1,0,0,-1,2021,35.0,2,2,0,2,3,13,1,,3,DEPARTEMENTALE 613,0,,2,2,0,2,8,262,3,, -1,1,0,1,80,20,9,2021,09:10,1,54,54253,1,1,0,1,DEPARTEMENTALE 613,49.19633,5.89822,9,3,2
202100055743,102Â 224,A01,1,1,2,0,1,-1,-1,-1, -1,-1,2021,21.0,0,2,6,2,8,1,1,,4,,0,,1,1,0,1,(1),(1),1,, -1,1,0,1,50,8,1,2021,19:30,5,69,69259,2,3,0,3,VAILLANT COUTURIER (R),45.7260080308,4.8579847813,19,2,2
202100034893,139Â 344,A01,2,2,1,5,2,-1,-1,0,0,-1,2021,18.0,3,1,0,2,3,1,1,,3,113,-1,D,2,2,0,2,25,500,3,, -1,1,0,1,50,13,6,2021,15:30,1,42,42174,2,4,0,3,Rue de la Mairie,45.727588,4.16263,15,3,2
202100035812,137Â 694,B01,1,1,1,5,1,-1,-1,0,0,-1,2021,33.0,1,2,0,2,1,1,1,,3,18E5,-1,,2,2,0,2,1,494,1,, -1,1,0,1,80,9,6,2021,18:15,1,34,34300,1,1,0,1,D18e5,43.396317,3.312657,18,2,2
202100047710,116Â 466,B01,1,1,1,9,2,-1,-1,-1, -1,-1,2021,44.0,1,1,0,2,1,1,1,,4,VIENNE (DE)                         (RO),0,,2,4,2,1,(1),(1),1,, -1,1,0,1,50,8,3,2021,17:00,1,69,69388,2,3,0,3,VIENNE (DE) (RTE),45.7373013519,4.8525506258,17,2,2
202100022025,162Â 259,B01,1,1,1,5,2,-1,-1,0,0,-1,2021,59.0,1,1,0,2,4,1,5,,7,09,-1,D,2,2,2,1,(1),(1),3,, -1,1,0,1,50,26,8,2021,12:05,1,44,44026,2,6,1,2,Rue du Clouet,47.308292,-1.480519,12,2,2
202100029661,148Â 773,B01,2,2,2,5,1,-1,-1,0,0,-1,2021,73.0,2,2,0,2,1,1,1,,3,6113,0,D,2,2,0,1,3,0,1,, -1,1,0,1,90,11,7,2021,19:10,1,11,11255,1,1,0,1,D6113,43.182665,2.948654,19,3,2
202100012108,180Â 071,A01,4,2,2,1,1,-1,-1,0,0,-1,2021,35.0,2,2,0,2,1,0,1,,3,163,0,D,2,2,0,1,0,380,1,, -1,2,0,1,80,21,10,2021,07:10,4,44,44180,1,1,0,1,"Lieu dit MondÃ©sir, Le Pin , D163 PR 007.200",47.526226,-1.172791,7,4,2
202100040996,128Â 340,A01,1,1,1,5,2,-1,-1,0,0,-1,2021,37.0,2,6,0,0,0,1,1,,3,483,0,D,2,2,0,2,0,461,1,, -1,1,0,1,80,8,5,2021,19:30,1,2,2735,1,1,0,7,RD483 PR+0.461,49.291623,3.563524,19,1,1
202100022678,161Â 081,C01,1,1,1,0,8,0,-1,-1, -1,-1,2021,23.0,1,1,0,9,8,2,1,,2,RN 385 INT,0,,3,3,0,1,56,299,1,, -1,1,0,1,90,25,8,2021,17:05,1,91,91645,1,1,0,4,RN 385 INT,48.759786,2.268938,17,4,4
202100006861,189Â 518,A01,10,3,2,1,4,-1,-1,2,3,1,2021,54.0,1,3,0,1,3,1,2,,3,04,0,D,2,2,0,1,10,990,1,, -1,1,4,1,50,22,11,2021,12:27,1,29,29004,2,8,0,6,Rue de la Gare,47.927184,-3.707285,12,2,1
202100030025,148Â 120,A01,10,3,1,4,0,-1,-1,2,3,1,2021,36.0,1,1,0,1,1,17,1,,4,BOULEVARD DE COURCELLES,0,,2,2,0,1,(1),(1),1,, -1,1,0,1,50,8,7,2021,09:00,1,75,75117,2,1,0,6,BOULEVARD DE COURCELLES,48.879743,2.305815,9,2,1
202100032857,143Â 037,A01,1,1,2,3,2,8,-1,-1, -1,-1,2021,17.0,1,1,0,0,1,2,1,,4,JUPITER (GIRATOIRE),0,,2,2,0,2,1,350,2,, -1,2,0,1,50,22,6,2021,15:21,1,64,64102,2,1,1,7,JUPITER (GIRATOIRE),43.47894,-1.45535,15,1,1
202100016264,172Â 561,A01,1,1,1,1,2,6,-1,-1, -1,-1,2021,55.0,2,1,0,0,3,21,1,,3,131,0,,2,4,0,1,0,0,1,, -1,2,9,1,50,29,9,2021,08:00,1,92,92035,2,2,0,7,Verdun 1916 ( avenue de ),48.9044458283,2.2324924171,8,1,1
202100007488,188Â 371,A01,10,3,2,3,0,-1,-1,2,3,1,2021,24.0,1,2,0,1,3,1,1,,3,,-1,,2,2,0,1,10,15,1,,7,2,9,1,50,19,11,2021,11:03,1,89,89464,2,1,1,6,42 Rue Carnot,48.082317,3.294459,11,2,1
202100036407,136Â 625,A01,1,1,1,5,2,8,-1,-1, -1,-1,2021,25.0,1,1,0,2,1,25,5,,4,METAYER (RUE JOSEPH),0,,2,2,0,3,(1),(1),1,, -1,1,0,1,30,3,6,2021,14:06,1,56,56121,2,4,0,3,METAYER (RUE JOSEPH),47.75684,-3.37163,14,2,2
202100056012,101Â 763,A01,1,1,1,0,2,6,-1,-1, -1,-1,2021,34.0,2,1,0,2,8,3,1,,1,AUTOROUTE A6,0,,3,6,0,1,22,299,1,, -1,2,0,1,110,7,1,2021,08:12,3,91,91286,1,1,1,3,AUTOROUTE A6,48.6484,2.3875,8,2,2
202100031326,145Â 746,B01,2,2,1,0,2,0,-1,-1, -1,-1,2021,11.0,2,1,0,2,7,2,1,,3,JEAN JAURES  (AVE)  157 A 213,0,,2,4,3,1,0,1,1,, -1,1,0,1,50,2,7,2021,20:26,1,93,93001,2,1,0,3,JEAN JAURES  (AVE)  157 A 213,48.913321,2.402497,20,3,2
202100050080,112Â 218,A01,1,1,1,0,8,0,-1,-1, -1,-1,2021,46.0,1,1,0,0,0,23,1,,4,GENERAL DE GAULLE (RUE DU),0,,2,2,0,1,12,1,1,, -1,1,6,1,50,26,2,2021,11:45,1,93,93047,2,1,0,4,GENERAL DE GAULLE (RUE DU),48.8992104582,2.5566697223,11,3,3
202100005964,191Â 134,A01,1,1,2,1,1,-1,-1,-1, -1,-1,2021,22.0,3,2,13,0,2,14,1,,4,SABLES BLANCS (RUE DES ),0,,2,2,0,2,(1),(1),2,, -1,2,0,3,80,9,11,2021,08:35,2,29,29039,1,1,1,7,Rue des Sables Blancs,47.8897759256,-3.9356260301,8,1,1
202100023234,160Â 085,B01,4,2,1,5,1,-1,-1,-1, -1,-1,2021,9.0,1,2,0,2,4,1,1,,1,ROCADE A 630,0,,3,7,0,1,29,49,1,, -1,1,3,1,90,21,8,2021,02:50,5,33,33550,1,1,0,2,ROCADE A 630,44.7823,-0.58507,2,4,2
202100015553,173Â 883,A01,10,3,2,5,0,-1,-1,2,5,2,2021,7.0,1,2,0,1,2,1,1,,4,ORADOUR SUR GLANE ( BD D'),0,,2,4,3,1,(1),(1),1,, -1,1,0,1,30,30,9,2021,19:30,1,56,56121,2,1,0,6,ORADOUR SUR GLANE ( BD D'),47.75741,-3.37186,19,2,1
202100053359,106Â 345,A01,1,1,1,1,1,0,-1,-1, -1,-1,2021,51.0,1,5,0,2,1,1,1,,3,MARX DORMOY (AV),0,,2,4,0,2,1,0,1,, -1,2,0,1,50,28,1,2021,18:10,5,94,94017,2,1,1,4,MARX DORMOY (AV),48.81226,2.51597,18,4,3
202100034078,140Â 848,A01,10,3,2,0,0,-1,-1,2,3,2,2021,2.0,2,2,0,1,2,1,1,,4,BOULEVARD CLEMENCEAU- GEORGES,0,,-1,1,0,1,(1),(1),1,, -1,1,0,1,50,16,6,2021,18:50,1,13,13103,2,1,0,6,BOULEVARD CLEMENCEAU- GEORGES,43.6412,5.09053,18,2,1
202100053089,106Â 832,A01,10,3,2,0,0,-1,-1,2,3,1,2021,18.0,1,2,0,1,3,18,0,,3,MAXIME GORKI (BD),0,,2,4,2,1,0,0,1,, -1,2,9,5,50,30,1,2021,16:30,1,94,94076,2,1,1,1,MAXIME GORKI (BD),48.789467711,2.3686215877,16,2,1
202100055767,102Â 180,B01,1,1,1,1,2,-1,-1,0,0,-1,2021,35.0,1,1,0,2,7,19,5,,4,,0,,2,4,2,1,(1),(1),1,, -1,1,0,1,50,8,1,2021,19:10,5,69,69256,2,2,0,3,DROITS DE L'HOMME (DES) (BD),45.76377,4.93337,19,2,2
202100004957,192Â 930,A01,1,1,1,5,1,-1,-1,0,0,-1,2021,20.0,2,2,2,0,3,1,1,,3,222,0,,2,2,0,1,9,100,1,, -1,1,0,3,50,27,6,2021,01:50,5,77,77406,2,1,0,6,D222,48.843703,3.196587,1,1,1
202100040862,128Â 589,B01,1,1,1,0,1,0,-1,-1, -1,-1,2021,56.0,1,2,0,2,4,2,0,,1,A86 INT,0,,-1,2,0,1,47,0,3,, -1,1,0,1,90,7,5,2021,09:20,1,94,94073,1,1,0,2,A86 INT,48.7542436863,2.3810453254,9,2,2
202100037011,135Â 544,A01,1,1,2,0,8,-1,-1,-1, -1,-1,2021,16.0,0,1,0,2,1,15,5,,4,CRS DE L'YSER,0,,2,2,1,1,(1),(1),1,, -1,1,0,1,50,1,6,2021,17:15,1,33,33063,2,3,0,3,Cours de lâYser,44.82325,-0.57072,17,2,2
202100034665,139Â 759,A01,1,1,1,5,0,-1,-1,0,0,-1,2021,60.0,2,1,0,0,1,1,5,,3,48,0,D,2,2,0,2,22,200,1,, -1,1,0,1,80,13,6,2021,18:40,1,29,29175,1,1,0,7,Le Venec,48.265955,-3.810207,18,1,1
202100054122,105Â 007,A01,10,3,2,0,0,-1,-1,2,3,1,2021,14.0,1,5,0,1,2,1,1,,3,REPUBLIQUE AVENUE DE LA,0,,2,2,0,1,0,0,1,, -1,1,0,1,50,22,1,2021,17:30,2,92,92050,2,1,0,6,REPUBLIQUE AVENUE DE LA,48.910534497,2.2197130322,17,2,1
202100037294,135Â 008,A01,2,2,2,5,1,0,-1,0,0,-1,2021,19.0,3,2,0,2,4,1,1,,4,QUAI DE BERCY,0,,2,6,0,2,(1),(1),1,, -1,1,1,1,50,30,5,2021,10:53,1,75,75112,2,1,0,4,QUAI DE BERCY,48.831112,2.385562,10,4,3
202100004555,193Â 634,A01,1,1,1,0,8,0,-1,-1, -1,-1,2021,61.0,3,2,0,2,1,11,1,,3,RESISTANCE (AVENUE DE LA),0,,2,1,0,1,0,0,1,, -1,2,0,1,50,5,12,2021,12:50,1,93,93062,2,2,1,3,RESISTANCE (AVENUE DE LA),48.8927,2.51287,12,2,2
202100025772,155Â 620,A01,1,1,1,1,8,0,-1,-1, -1,-1,2021,49.0,2,1,15,0,1,14,3,,4,BOULEVARD DE MAGENTA,0,,2,4,1,1,(1),(1),1,, -1,1,0,5,50,3,8,2021,16:50,1,75,75110,2,3,0,7,BOULEVARD DE MAGENTA,48.877329,2.355125,16,1,1
202100055916,101Â 928,A01,10,3,2,2,0,-1,-1,2,3,1,2021,15.0,1,2,0,1,1,1,1,,4,BECQUEREL (RUE),0,,2,2,0,2,0,0,1,, -1,2,0,1,50,5,1,2021,17:35,3,50,50129,2,1,1,6,BECQUEREL (RUE),49.62802,-1.63923,17,2,1
202100042554,125Â 565,B01,2,2,2,5,2,6,-1,0,0,-1,2021,16.0,0,1,0,2,3,2,1,,3,D8,0,,2,2,0,1,(1),(1),1,, -1,1,0,1,50,26,4,2021,17:20,1,58,58121,2,1,0,2,590 Avenue de la RÃ©publique,47.049197,3.094953,17,5,2
202100039104,131Â 736,A01,10,3,2,0,0,-1,-1,2,3,1,2021,81.0,1,2,0,1,1,1,1,,4,RUE DU GENERAL DE GAULLE,0,,2,2,2,1,(1),(1),1,, -1,1,0,1,50,19,5,2021,11:55,1,44,44190,2,1,0,6,RUE DU GENERAL DE GAULLE,47.2,-1.4929,11,2,1
202100041947,126Â 641,B01,1,1,2,0,1,0,-1,-1, -1,-1,2021,33.0,1,2,0,2,3,1,1,,3,MONTFERMEIL (ALLEE DE) 118-160,0,,2,2,0,2,0,0,1,, -1,1,0,1,50,30,4,2021,11:45,1,93,93062,2,2,0,3,MONTFERMEIL (ALLEE DE) 118-160,48.8966583839,2.5301921368,11,2,2
202100002018,198Â 185,A01,10,3,2,5,0,-1,-1,2,B,1,2021,17.0,1,2,0,1,2,26,2,,4,ROUBAIX (RUE DE),0,,2,2,0,1,(1),(1),1,, -1,1,0,1,30,20,12,2021,18:00,5,59,59598,2,1,0,6,ROUBAIX (RUE DE),50.6609,3.22683,18,2,1
202100046027,119Â 486,B01,1,1,1,5,2,6,-1,0,0,-1,2021,15.0,2,1,0,2,3,1,1,,3,26,-1,,2,2,0,1,31,250,1,, -1,1,0,1,50,29,3,2021,18:10,1,52,52093,2,3,1,3,Place de Verdun,47.804584,5.435057,18,2,2
202100049751,112Â 812,A01,2,2,2,5,1,0,-1,-1, -1,-1,2021,86.0,2,2,8,0,3,1,1,,3,BASQUE (AVENUE DU GRAND),0,,2,4,1,4,4,587,1,, -1,2,0,1,50,28,2,2021,16:30,1,64,64102,2,6,0,7,BASQUE (AVENUE DU GRAND),43.49182,-1.45369,16,2,1
202100026776,153Â 861,B01,1,1,2,1,0,-1,-1,-1, -1,-1,2021,32.0,2,1,0,2,6,1,5,,4,,0,,2,2,1,1,(1),(1),1,, -1,1,0,1,50,27,7,2021,07:55,1,69,69387,2,2,0,3,SALOMON REINACH (R),45.75155,4.84105,7,2,2
202100036092,137Â 167,A01,2,2,2,5,2,6,-1,0,0,-1,2021,30.0,2,1,0,2,1,3,1,,4,BOULEVARD PERIPHERIQUE,0,,1,3,0,1,(1),(1),1,, -1,1,0,1,70,5,6,2021,17:20,1,75,75115,2,4,0,3,BOULEVARD PERIPHERIQUE,48.83274,2.279637,17,4,2
202100016592,171Â 976,A01,1,1,1,1,1,-1,-1,0,0,-1,2021,28.0,1,2,3,0,3,1,1,,1,41S,-1,A,3,6,0,1,37,215,1,, -1,1,0,1,130,28,9,2021,10:00,1,73,73151,1,1,0,6,A41 Ã  hauteur de l'aire des Marches,45.460528,6.01025,10,1,1
202100031691,145Â 112,A01,1,1,1,5,1,-1,-1,0,0,-1,2021,66.0,2,2,0,0,2,26,2,,3,316,0,,2,3,0,2,20,50,2,, -1,1,0,3,80,24,6,2021,13:20,1,27,27275,1,1,0,6,RD 316,49.152338,1.346018,13,1,1
202100038248,133Â 278,A01,1,1,1,5,2,4,6,0,0,-1,2021,58.0,1,1,0,2,3,26,1,,3,218,-1,,2,2,0,1,4,106,1,, -1,1,0,1,80,27,5,2021,11:00,1,62,62699,1,2,0,3,rue de gravelines,50.830337,2.077414,11,2,2
202100051936,108Â 871,A01,1,1,1,1,2,6,-1,-1, -1,-1,2021,33.0,-1,1,0,2,1,9,1,,3,FRANCE ANATOLE (BOULEVARD) NR AUTRES,0,,1,1,0,3,0,1,2,, -1,1,0,1,50,9,2,2021,18:50,5,93,93066,2,1,0,2,FRANCE ANATOLE (BOULEVARD) NR AUTRES,48.9222364025,2.347062262,18,2,2
202100003525,195Â 445,A01,1,1,2,0,2,8,-1,-1, -1,-1,2021,54.0,2,1,0,2,0,2,1,,2,T21,0,,3,2,0,1,(1),(1),1,, -1,1,0,1,90,9,5,2021,18:42,1,201,201004,1,1,0,6,T21,41.9298287097,8.7581971657,18,2,2
202100017322,170Â 688,B01,1,1,2,0,1,-1,-1,0,0,-1,2021,26.0,1,2,0,0,8,1,1,,2,7,0,,2,2,0,1,34,500,1,, -1,1,0,1,-1,20,9,2021,18:35,2,26,26271,1,2,0,3,Route du DauphinÃ©,45.025001,4.868232,18,2,2
202100048841,114Â 458,A01,10,3,1,0,0,-1,-1,3,3,1,2021,82.0,2,2,0,1,1,19,1,,4,CAMILLE (DE LA)                     (R ),0,,2,2,0,1,(1),(1),2,, -1,1,0,1,50,7,3,2021,10:15,1,69,69149,2,1,0,6,CAMILLE (DE LA) (R),45.71269,4.80198,10,2,1
202100020992,164Â 142,A01,10,3,2,0,0,-1,-1,3,3,1,2021,87.0,2,2,0,1,2,1,1,,4,BROSSOLETTE (BOULEVARD PIERRE),0,,2,2,0,1,0,0,1,, -1,1,0,1,50,11,5,2021,10:30,1,2,2408,2,1,0,6,BROSSOLETTE (BOULEVARD PIERRE),49.56914,3.61875,10,2,1
202100014705,175Â 427,A01,10,3,2,0,0,-1,-1,4,3,1,2021,90.0,1,2,0,1,3,15,6,,3,603,0,,2,2,3,1,39,682,1,, -1,1,6,1,50,8,10,2021,14:50,1,77,77183,2,9,0,6,D603,48.943411,3.122038,14,2,1
202100003220,196Â 014,B01,1,1,1,1,1,0,-1,-1, -1,-1,2021,28.0,1,2,0,2,4,1,1,,1,AUTOROUTE A6B,0,,1,4,0,1,2,927,1,, -1,2,0,1,90,13,12,2021,05:45,3,94,94016,1,1,0,2,AUTOROUTE A6B,48.79235,2.34428,5,2,2
202100009162,185Â 337,A01,1,1,1,0,1,-1,-1,0,0,-1,2021,89.0,1,2,0,2,3,13,1,,3,619,0,,2,2,0,1,6,900,1,, -1,1,0,1,90,6,11,2021,18:00,3,10,10268,1,1,0,1,D619,48.482423,3.498266,18,3,2
202100053753,105Â 657,Z01,10,3,1,9,8,8,-1,4,3,1,2021,46.0,1,1,0,1,1,1,1,,4,PONT NEUF,0,,2,4,0,1,(1),(1),1,, -1,1,0,1,50,24,1,2021,14:08,1,75,75101,2,3,0,6,PONT NEUF,48.856862,2.341281,14,2,1
202100055375,102Â 859,A01,1,1,1,2,2,6,-1,-1, -1,-1,2021,17.0,1,1,0,0,8,1,1,,3,REPUBLIQUE,0,,1,1,0,1,0,0,1,, -1,2,0,1,50,12,1,2021,10:00,1,92,92076,2,1,1,7,REPUBLIQUE,48.837778,2.161986,10,1,1
202100027890,151Â 858,B01,1,1,1,1,1,0,-1,-1, -1,-1,2021,55.0,2,2,0,2,7,1,1,,3,ORADOUR SUR GLANE (CARREFOUR D'),0,,3,6,0,1,37,0,1,, -1,1,0,1,50,18,7,2021,06:04,5,87,87085,2,2,0,3,ORADOUR SUR GLANE (CARREFOUR D'),45.83445,1.22642,6,3,2
202100030576,147Â 099,A01,1,1,2,5,1,8,-1,-1, -1,-1,2021,49.0,2,2,1,0,3,14,1,,3,Champeau (Lieu dit),0,,2,1,0,1,41,590,3,, -1,2,0,3,50,4,7,2021,09:05,1,19,19272,2,1,1,6,Champeau (Lieu dit),45.2652690015,1.7719702719,9,1,1
202100037283,135Â 030,B01,1,1,1,4,8,0,-1,0,0,-1,2021,33.0,1,1,0,2,3,1,5,,4,RUE NICOLO,0,,1,1,1,1,(1),(1),1,, -1,1,0,5,30,30,5,2021,20:09,1,75,75116,2,1,0,1,RUE NICOLO,48.859862,2.278758,20,2,2
202100035110,138Â 945,B01,1,1,1,5,1,-1,-1,0,0,-1,2021,18.0,1,2,0,2,3,1,1,,3,7,0,N,2,2,0,1,12,500,1,, -1,1,0,1,90,15,5,2021,19:00,1,83,83116,2,1,0,1,DN 7,43.4570346708,5.8428826725,19,4,2
202100042940,124Â 915,A01,10,3,2,0,0,-1,-1,4,3,1,2021,66.0,2,2,0,1,2,16,1,,3,PIERRE BROSSOLETTE,0,,2,2,0,1,0,0,1,, -1,1,0,1,50,23,4,2021,11:54,1,92,92004,2,2,0,6,PIERRE BROSSOLETTE,48.9118746103,2.2947467035,11,2,1
202100056043,101Â 711,A01,1,1,2,0,1,0,-1,0,0,-1,2021,29.0,1,2,0,2,1,1,1,,4,,0,,2,4,0,1,(1),(1),1,, -1,2,0,1,50,6,1,2021,17:04,5,54,54395,2,1,1,2,LOBAU (BOULEVARD),48.6834755917,6.196821481,17,2,2
202100053087,106Â 835,B01,1,1,1,1,2,0,-1,-1, -1,-1,2021,23.0,3,1,0,0,0,0,1,,3,ALBERT 1ER (BD),0,,3,4,0,2,1,0,3,, -1,2,0,1,50,29,1,2021,19:10,5,94,94052,2,3,0,2,Boulevard Albert 1er,48.83626,2.494086,19,2,2
202100025765,155Â 632,A01,1,1,2,5,2,0,-1,0,0,-1,2021,46.0,2,1,0,2,1,2,5,,4,AVENUE DE L HIPPODROME,0,,1,2,0,1,(1),(1),1,, -1,1,0,1,50,2,8,2021,18:30,1,75,75116,2,4,0,2,AVENUE DE L HIPPODROME,48.864009,2.236062,18,3,2
202100035435,138Â 375,A01,1,1,1,0,2,6,-1,-1, -1,-1,2021,23.0,1,1,0,2,0,3,1,,1,AUTOROUTE A1,0,,3,9,0,1,8,199,2,, -1,1,0,1,110,10,6,2021,18:20,1,93,93013,1,1,0,2,AUTOROUTE A1,48.94084,2.42616,18,2,2
202100045207,120Â 925,A01,10,3,2,5,0,-1,-1,3,3,1,2021,72.0,3,2,0,1,2,26,1,,7,JEAN JAURES                         (AV),0,,3,3,0,1,(1),(1),1,, -1,1,0,1,50,3,4,2021,13:50,1,69,69199,2,3,0,6,ARSENAL (DE L') (ALL),45.7129856754,4.855055809,13,2,1
202100025172,156Â 662,A01,1,1,1,5,2,6,-1,0,0,-1,2021,59.0,1,1,0,2,8,13,1,,3,954,0,,2,2,0,2,21,400,3,, -1,1,0,1,80,7,8,2021,14:40,1,4,4102,1,1,0,3,RD 954,44.447583,6.405566,14,2,2
202100000616,200Â 602,A01,10,3,1,5,0,-1,-1,9,3,1,2021,68.0,1,2,0,1,0,16,1,,4,Henri de Bournazel (Av),0,,2,2,0,2,0,0,3,, -1,1,0,1,30,26,10,2021,10:55,1,19,19272,2,1,0,6,Henri de Bournazel (Av),45.26962,1.76914,10,2,1