Num_Acc,id_vehicule,num_veh,place,catu,sexe,trajet,secu1,secu2,secu3,locp,actp,etatp,year_acc,victim_age,senc,catv,obs,obsm,choc,manv,motor,occutc,catr,voie,v1,v2,circ,nbv,vosp,prof,pr,pr1,plan,lartpc,larrout,surf,infra,situ,vma,jour,mois,an,hrmn,lum,dep,com,agg_,int,atm,col,adr,lat,long,hour,nb_victim,nb_vehicules
202100041667,127Â 124,B01,1,1,1,0,1,-1,-1,-1, -1,-1,2021,37.0,2,2,0,2,3,1,1,,4,,0,,2,3,0,1,(1),(1),1,, -1,1,0,1,50,1,5,2021,16:30,1,33,33318,2,2,0,1,Avenue Roger CohÃ©,44.8091,-0.6328,16,2,2
202100015043,174Â 821,A01,4,2,1,5,1,8,-1,-1, -1,-1,2021,8.0,2,2,1,0,1,2,1,,4,LOUCHEUR (RUE),0,,2,2,0,2,0,0,1,, -1,1,0,1,50,2,10,2021,12:30,1,49,49328,2,1,0,6,LOUCHEUR (RUE),47.24589,-0.07034,12,5,1
202100017926,169Â 580,A01,10,3,2,5,0,-1,-1,3,3,1,2021,84.0,3,2,0,1,1,16,1,,4,,-1,,2,2,0,1,(1),(1),3,,5,1,5,1,50,30,8,2021,18:50,2,44,44003,2,6,1,6,Boulevard du Docteur Moutel,47.370887,-1.177377,18,2,1
202100035953,137Â 418,B01,1,1,1,9,2,0,-1,-1, -1,-1,2021,27.0,1,1,0,2,9,1,1,,2,PARIS (R DE),0,,2,4,0,1,1,0,1,, -1,1,0,1,50,7,6,2021,06:00,1,94,94078,2,9,0,1,Rue de Paris,48.7355,2.4467,6,2,2
202100002845,196Â 693,A01,10,3,1,5,0,-1,-1,4,3,1,2021,64.0,0,2,0,1,2,1,1,,3,932,0,D,2,2,0,1,15,150,1,, -1,1,0,1,30,15,12,2021,16:45,2,60,60119,2,1,0,6,1150 Rue Nationale,49.500053,2.901266,16,2,1
202100030632,147Â 004,A01,1,1,1,5,8,-1,-1,0,0,-1,2021,60.0,1,2,16,0,0,1,1,,3,911,-1,,2,2,0,1,10,750,1,, -1,1,0,3,90,3,7,2021,23:30,3,61,61070,1,1,0,7,Le Vieux Caligny,48.815526,-0.6218,23,1,1
202100006778,189Â 670,B01,1,1,2,3,1,-1,-1,0,0,-1,2021,36.0,1,2,0,0,9,1,1,,2,1,-1,,3,2,0,1,(1),(1),2,, -1,1,0,1,110,23,11,2021,15:40,1,988,98816,1,1,0,6,RT1 entre voie de dÃ©passement et creek aymes,-21.698186,165.563707,15,4,2
202100049343,113Â 561,A01,1,1,2,5,1,0,-1,-1,0,-1,2021,21.0,1,2,0,0,9,12,1,,2,RN 104,0,,3,4,0,1,17,299,1,, -1,1,3,1,110,4,3,2021,12:45,1,95,95241,1,1,0,7,RN 104,49.04621,2.44014,12,1,1
202100047891,116Â 134,A01,1,1,1,5,1,0,-1,-1,0,-1,2021,20.0,2,2,3,0,1,13,1,,1,AUTOROUTE A15,0,,3,6,0,1,19,100,1,, -1,1,0,1,110,16,3,2021,02:20,3,95,95488,1,1,0,6,A15,49.0192447033,2.1394602136,2,1,1
202100016627,171Â 914,A01,1,1,2,9,1,0,-1,-1, -1,-1,2021,42.0,2,2,0,2,7,19,1,,4,BARRIERES (RUE DES),0,,-1,1,0,1,1,0,1,, -1,1,0,1,50,26,9,2021,12:55,1,972,97213,2,2,0,3,BARRIERES (RUE DES),14.615998,-61.00024,12,2,2
202100036496,136Â 468,A01,10,3,2,5,8,8,-1,4,3,1,2021,45.0,2,1,0,1,1,16,1,,3,ANDRE MORIZET (AVENUE) - 49/FIN - 54/FIN,0,,2,2,0,1,0,0,1,, -1,1,0,1,50,3,6,2021,17:05,1,92,92012,2,6,0,6,ANDRE MORIZET (AVENUE) - 49/FIN - 54/FIN,48.8406118984,2.2288358574,17,2,1
202100037116,135Â 357,A01,1,1,1,0,8,-1,-1,0,0,-1,2021,32.0,1,2,16,0,1,1,1,,3,317,0,,2,2,0,1,3,430,1,, -1,1,0,8,80,1,6,2021,18:30,1,45,45210,1,1,0,6,CD. 317,47.893039,2.844257,18,1,1
202100033243,142Â 347,A01,2,2,2,2,2,6,-1,0,0,-1,2021,18.0,1,1,0,2,1,21,1,,3,85,0,D,2,2,0,3,12,173,1,, -1,1,5,1,80,21,6,2021,09:30,1,81,81235,1,2,0,3,intersection  D85 et voie communale VC5,43.519046,2.184166,9,3,2
202100004924,192Â 990,A01,1,1,1,5,2,8,-1,0,0,-1,2021,24.0,2,1,0,0,7,1,1,,4,BOULEVARD DE LA VILLETTE,0,,1,2,1,1,(1),(1),1,, -1,2,0,1,30,3,12,2021,16:20,1,75,75110,2,1,1,7,BOULEVARD DE LA VILLETTE,48.87978,2.370083,16,1,1
202100052406,108Â 037,A01,1,1,2,0,1,0,-1,-1, -1,-1,2021,44.0,2,0,6,0,9,1,1,,4,MARMAGNE (RUE DE),0,,2,2,0,1,1,0,1,, -1,2,0,1,50,2,2,2021,18:10,2,71,71040,2,1,1,6,MARMAGNE (RUE DE),46.6988612454,4.3633822786,18,1,1
202100017676,170Â 025,B01,1,1,2,5,2,0,-1,0,0,-1,2021,25.0,1,1,0,2,1,1,5,,4,QUAI D AUSTERLITZ,0,,2,5,1,1,(1),(1),1,, -1,1,0,5,30,21,9,2021,10:15,1,75,75113,2,3,0,3,QUAI D AUSTERLITZ,48.838322,2.372783,10,2,2
202100018890,167Â 882,A01,1,1,1,0,1,4,-1,-1, -1,-1,2021,21.0,2,2,0,2,3,2,1,,1,A86,0,,3,8,0,1,7,800,1,, -1,2,0,1,90,15,9,2021,14:15,1,92,92036,1,1,1,4,A86,48.9352904563,2.2839322475,14,3,3
202100012381,179Â 581,A01,1,1,1,0,8,-1,-1,-1, -1,-1,2021,57.0,1,2,0,0,3,1,2,,4,PROFESSEUR ROUX (DU)                (R ),0,,2,2,0,1,(1),(1),1,, -1,1,0,1,50,18,10,2021,17:20,1,69,69259,2,1,0,7,PROFESSEUR ROUX (DU) (R),45.7250816413,4.8582315445,17,1,1
202100049533,113Â 218,B01,1,1,1,0,2,0,-1,-1, -1,-1,2021,47.0,0,1,0,2,1,19,5,,4,POLITZER (R),0,,1,1,1,4,0,0,1,, -1,1,0,1,30,1,3,2021,16:45,1,94,94068,2,2,0,1,Rue Politzer,48.8098,2.46654,16,2,2
202100008974,185Â 674,A01,2,2,2,5,1,5,-1,-1, -1,-1,2021,54.0,0,2,0,2,1,13,1,,4,LEON JOUHAUX (AVENUE),0,,2,2,0,1,0,0,1,, -1,1,0,1,30,7,11,2021,14:15,1,93,93071,2,1,0,1,LEON JOUHAUX (AVENUE),48.93331,2.53333,14,4,2
202100050886,110Â 718,A01,1,1,1,0,1,0,-1,0,0,-1,2021,42.0,1,2,0,2,1,1,1,,7,RD 674,0,,2,2,0,1,(1),(1),1,, -1,1,5,1,70,19,2,2021,15:24,1,54,54495,1,6,0,2,RM 674,48.698617,6.243508,15,2,2
202100009862,184Â 073,A01,10,3,1,3,0,-1,-1,3,3,1,2021,74.0,3,5,0,1,1,1,1,,3,927,-1,,2,2,0,1,(1),(1),1,, -1,2,0,1,50,2,11,2021,18:00,5,67,67303,2,1,1,6,24 Route de Haguenau,48.903064,7.746629,18,2,1
202100029453,149Â 135,A01,10,3,1,0,0,-1,-1,1,3,1,2021,40.0,2,1,0,1,1,1,3,,3,RASPAIL AVENUE,0,,2,2,0,1,0,1,1,, -1,1,0,1,50,11,7,2021,18:30,1,93,93006,2,1,0,6,Avenue Raspail,48.875124,2.42993,18,2,1
202100015788,173Â 450,A01,1,1,1,5,2,-1,-1,0,0,-1,2021,31.0,1,1,2,0,1,0,1,,3,481,-1,,2,2,0,2,0,500,1,, -1,1,0,8,80,2,10,2021,14:10,1,68,68296,1,1,0,6,Rte dÃ©partemental 481,48.245682,7.321787,14,1,1
202100043130,124Â 579,B01,1,1,1,0,2,0,-1,-1, -1,-1,2021,23.0,1,1,0,2,6,1,1,,2,XAVIER ORVILLE (RUE),0,,1,0,0,1,50,0,1,, -1,1,0,1,30,16,4,2021,09:45,1,972,97209,2,3,0,3,XAVIER ORVILLE (RUE),14.60936,-61.07188,9,2,2
202100031057,146Â 226,B01,1,1,1,5,8,0,-1,-1, -1,-1,2021,24.0,2,1,0,2,0,15,3,,3,MALO CELESTIN,0,,2,2,0,1,1,0,1,, -1,1,0,1,50,2,7,2021,22:50,5,59,59155,2,2,0,1,CAPUCINES,51.02592,2.40155,22,3,2
202100017401,170Â 524,A01,1,1,2,5,0,-1,-1,0,0,-1,2021,20.0,1,1,9,0,0,0,3,,3,,-1,,2,2,0,2,(1),(1),1,,5,1,0,4,50,18,5,2021,16:45,1,74,74042,2,1,0,6,R des Iles,46.083706,6.401178,16,1,1
202100033056,142Â 655,B01,1,1,1,0,1,-1,-1,-1, -1,-1,2021,28.0,2,2,0,2,3,15,1,,4,CRS DE LA MARNE,0,,2,2,3,1,(1),(1),1,, -1,1,-1,1,50,21,6,2021,17:15,1,33,33063,2,3,0,3,Cours de la Marne,44.828274,-0.561246,17,2,2
202100001162,199Â 698,B01,1,1,2,4,8,8,-1,-1, -1,-1,2021,35.0,1,2,0,2,3,0,1,,4,FERME (RUE DE LA),0,,2,1,0,1,0,0,2,, -1,2,5,8,50,26,12,2021,09:12,1,91,91471,2,6,0,3,FERME (RUE DE LA),48.684958,2.182663,9,2,2
202100034386,140Â 274,B01,1,1,1,0,2,-1,-1,0,0,-1,2021,58.0,1,1,0,2,2,17,1,,3,d24,-1,,2,2,0,1,16,(1),1,, -1,1,0,1,70,16,6,2021,07:45,1,30,30027,1,1,0,3,D24,44.053126,4.058914,7,2,2
202100001210,199Â 608,B01,1,1,1,4,2,0,-1,0,0,-1,2021,38.0,2,1,0,2,3,1,1,,4,RUE GLUCK,0,,1,1,0,1,(1),(1),1,, -1,1,0,1,30,27,12,2021,14:55,1,75,75109,2,1,0,6,RUE GLUCK,48.872624,2.332096,14,3,2
202100028706,150Â 406,B01,1,1,2,0,1,0,-1,-1, -1,-1,2021,23.0,0,2,0,2,8,0,1,,4,ROSTAND (PROMENADE JEAN),0,,2,2,0,1,15,0,1,, -1,1,0,1,50,16,7,2021,17:35,1,93,93008,2,2,0,3,Promenade Jean Rostand / Rue Sigmund Freud,48.90945,2.454363,17,2,2
202100054158,104Â 938,A01,2,2,1,5,1,-1,-1,0,0,-1,2021,34.0,2,2,13,0,1,1,1,,1,11,-1,A,1,5,0,2,25,800,2,, -1,5,0,3,110,16,1,2021,12:30,1,78,78499,1,1,1,7,"Autoroute A11, PK 025+800 en direction de Paris",48.544711,1.911063,12,2,1
202100017769,169Â 853,B01,1,1,1,1,2,6,-1,-1, -1,-1,2021,22.0,2,1,0,2,3,3,1,,1,ROCADE A 630,0,,3,4,0,1,10,133,1,, -1,1,0,1,90,21,9,2021,10:25,1,33,33075,1,1,0,3,Rocade Nord A630,44.881504,-0.624724,10,2,2
202100011706,180Â 810,B01,1,1,1,0,2,6,-1,0,0,-1,2021,49.0,0,1,0,2,2,17,1,,3,2085,-1,,2,2,0,1,10,56,1,, -1,1,0,1,50,22,10,2021,15:00,1,6,6112,2,3,0,3,60 Route de Nice,43.674381,7.008921,15,2,2
202100022306,161Â 763,A01,1,1,1,0,8,0,-1,-1, -1,-1,2021,29.0,3,1,0,2,1,15,0,,3,VERDUN (AV DE),0,,2,6,0,1,0,0,1,, -1,1,5,1,50,27,8,2021,09:35,1,94,94041,2,2,0,3,VERDUN (AV DE),48.81342,2.37054,9,2,2
202100029429,149Â 172,A01,1,1,2,5,1,0,-1,-1, -1,-1,2021,25.0,2,2,0,2,1,1,1,,4,BERANGER (BOULEVARD),0,,-1,2,0,1,(1),(1),1,, -1,1,6,1,50,11,7,2021,19:02,1,37,37261,2,9,0,2,BERANGER (BOULEVARD),47.389700743,0.6859403848,19,2,2
202100026184,154Â 892,A01,1,1,2,5,1,5,-1,0,0,-1,2021,29.0,2,2,13,0,1,16,1,,3,155,-1,E,2,2,0,1,27,500,3,, -1,2,0,3,80,31,7,2021,14:45,1,56,56102,1,4,0,6,La Bottine,48.03423,-2.546023,14,1,1
202100050760,110Â 949,B01,1,1,1,5,2,6,-1,-1, -1,-1,2021,17.0,1,1,0,2,3,15,1,,4,SAINT EXUPERY (BOULEVARD),0,,2,1,0,1,(1),(1),1,, -1,1,0,1,50,11,2,2021,15:47,1,3,3321,2,2,0,3,56 Boulevard Saint-ExupÃ©ry,46.55637,3.35149,15,2,2
202100036836,135Â 855,B01,1,1,2,5,8,0,-1,0,0,-1,2021,69.0,3,1,0,2,3,1,5,,4,ALLEE DE LONGCHAMP,0,,2,4,0,1,(1),(1),1,, -1,1,0,1,50,31,5,2021,18:08,1,75,75116,2,3,0,3,ALLEE DE LONGCHAMP,48.877265,2.278577,18,2,2
202100048503,115Â 061,A01,2,1,1,1,2,8,-1,-1, -1,-1,2021,25.0,2,1,0,2,2,16,1,,2,JAURES (BOULEVARD JEAN),0,,1,2,0,1,(1),(1),2,, -1,1,0,1,70,8,3,2021,16:25,1,974,97411,2,9,0,3,Boulevard Jean JaurÃ¨s,-20.90234,55.50312,16,2,2
202100000170,201Â 440,A01,1,1,2,5,1,8,-1,-1, -1,-1,2021,36.0,2,2,0,2,1,13,1,,7,BELVAL CHEMIN DE,0,,2,2,0,3,1,0,4,, -1,1,0,1,80,17,5,2021,16:55,1,13,13063,1,1,0,1,BELVAL CHEMIN DE,43.58546,5.04617,16,2,2
202100033615,141Â 679,A01,10,3,1,0,8,8,-1,2,3,1,2021,16.0,2,2,0,1,1,26,0,,7,LE CHATELIER,0,,2,4,0,2,1,0,1,, -1,1,0,1,50,19,6,2021,00:05,4,13,13215,2,1,0,1,LE CHATELIER,43.34722,5.36889,0,2,1
202100005683,191Â 639,A01,1,1,2,1,1,-1,-1,0,0,-1,2021,58.0,2,2,0,2,2,5,0,,2,100,0,,2,2,0,1,11,800,1,,7,1,0,1,80,30,11,2021,08:15,1,30,30315,1,1,0,5,Route Nationale 100,43.949791,4.702599,8,4,3
202100027835,151Â 962,A01,7,2,2,5,1,-1,-1,0,0,-1,2021,84.0,1,2,0,0,9,1,1,,3,986,0,,2,2,0,1,37,500,1,, -1,1,0,8,80,21,7,2021,18:25,1,30,30339,1,1,0,7,D986,44.089689,3.590223,18,3,1
202100033016,142Â 726,B01,1,1,2,5,1,0,-1,-1, -1,-1,2021,50.0,1,2,0,2,4,1,1,,3,54,0,,2,0,0,1,0,0,1,, -1,1,0,1,30,21,6,2021,09:15,1,91,91114,2,1,0,4,AV DU GAL LECLERC,48.68749,2.49342,9,4,3
202100040185,129Â 769,B01,1,1,2,0,1,0,-1,-1, -1,-1,2021,75.0,2,2,0,2,4,1,1,,4,CHEVALLIER (RUE AUGUSTE),0,,1,2,3,2,(1),(1),1,, -1,1,0,1,30,11,5,2021,15:30,1,37,37261,2,1,0,2,CHEVALLIER (RUE AUGUSTE),47.380728414,0.6795385927,15,2,2
202100028200,151Â 285,A01,1,1,1,5,2,6,9,0,0,-1,2021,41.0,1,1,10,0,7,1,1,,3,268,0,D,2,2,0,2,3,50,2,, -1,1,0,3,70,19,7,2021,18:50,1,201,201269,1,1,0,6,RD 268,41.86209,9.391133,18,1,1
202100001299,199Â 443,A01,2,2,2,0,1,0,-1,-1, -1,-1,2021,19.0,3,5,1,0,1,1,1,,3,EDOUARD HERRIOT (AV),0,,3,4,0,1,0,0,1,, -1,2,0,1,50,26,12,2021,19:50,5,94,94034,2,1,1,6,EDOUARD HERRIOT (AV),48.75577,2.32802,19,2,1
202100035000,139Â 133,A01,10,3,2,5,0,-1,-1,3,3,1,2021,90.0,1,2,0,1,4,4,1,,4,MONTGEOFFROY(SQUARE DE),0,,2,2,0,1,0,0,1,, -1,1,0,1,50,11,6,2021,11:40,1,49,49099,2,1,0,6,MONTGEOFFROY(SQUARE DE),47.05,-0.897741,11,2,1
202100054621,104Â 151,B01,1,1,1,1,2,6,-1,0,0,-1,2021,24.0,1,1,0,2,3,17,1,,3,,0,D,2,2,0,2,13,675,1,, -1,1,0,1,80,19,1,2021,16:45,1,60,60590,1,3,0,3,intersection d901 d72,49.5396240326,1.9955935477,16,4,2
202100007423,188Â 488,A01,1,1,1,1,2,6,-1,-1, -1,-1,2021,47.0,2,1,0,2,3,1,1,,3,CARREFOUR RN20 / CD120,0,,2,2,0,1,2,299,1,, -1,1,0,1,50,19,11,2021,19:15,5,91,91161,2,9,0,3,CARREFOUR RN20 / CD120,48.71551,2.29854,19,2,2
202100006113,190Â 877,B01,1,1,2,1,1,0,-1,-1, -1,-1,2021,50.0,1,2,4,2,0,0,1,,2,N186,0,,1,2,0,1,1,0,1,, -1,1,0,1,70,25,11,2021,23:00,3,94,94034,1,1,0,2,RN 186,48.75653,2.33031,23,2,2
202100011603,180Â 987,A01,1,1,1,0,2,6,-1,-1, -1,-1,2021,21.0,1,1,0,2,1,26,1,,4,NIMES (AVENUE DE),0,,1,1,0,1,(1),(1),1,, -1,1,0,1,50,22,10,2021,21:28,5,34,34172,2,1,0,2,NIMES (AVENUE DE),43.61693,3.88556,21,4,2
202100026347,154Â 601,A01,2,2,2,0,2,8,-1,-1, -1,-1,2021,49.0,2,1,0,2,1,26,0,,3,VAILLANT COUTURIER (RUE),0,,2,2,0,1,0,1,1,, -1,1,8,1,30,29,7,2021,11:09,1,93,93053,2,1,0,2,Rue Vaillant Couturier,48.891045,2.449271,11,4,2
202100050316,111Â 762,B01,5,2,2,0,1,0,-1,-1, -1,-1,2021,13.0,1,2,0,2,4,2,1,,2,RN 13,0,,3,4,0,2,23,900,1,, -1,1,3,1,70,24,2,2021,14:10,1,78,78551,2,1,0,4,RN 13,48.89795,2.07679,14,8,4
202100021800,162Â 654,B01,1,1,1,9,1,0,-1,0,0,-1,2021,26.0,1,2,0,2,2,15,1,,4,BOULEVARD DES BATIGNOLLES,0,,2,1,0,1,(1),(1),1,, -1,1,9,1,50,29,8,2021,23:15,5,75,75108,2,2,0,5,BOULEVARD DES BATIGNOLLES,48.882988,2.324107,23,9,3
202100013903,176Â 851,B01,1,1,2,0,8,0,-1,-1, -1,-1,2021,25.0,3,2,0,2,3,1,1,,3,GRANDE RUE,0,,2,0,0,1,0,1,1,, -1,1,0,1,50,11,10,2021,19:50,5,93,93077,2,3,0,3,BOURDONNAIS (AVENUE DE LA),48.88214,2.52315,19,2,2
202100003363,195Â 752,A01,1,1,2,5,1,-1,-1,0,0,-1,2021,39.0,1,2,0,2,1,1,1,,3,28,-1,,2,2,0,3,0,100,1,, -1,1,5,1,80,13,12,2021,07:00,3,17,17197,1,2,0,3,le maine / RD28,45.428019,-0.440505,7,5,2
202100003047,196Â 325,A01,1,1,1,1,2,6,-1,-1, -1,-1,2021,27.0,1,1,0,2,1,0,1,,1,86,0,,3,4,0,1,8,399,1,, -1,1,3,1,90,13,12,2021,18:10,5,92,92036,1,1,1,3,A86,48.936748257,2.2920407186,18,2,2
202100020519,164Â 957,A01,1,1,1,5,2,-1,-1,-1, -1,-1,2021,79.0,3,1,13,0,1,14,5,,3,COUPLETS (ROUTE DES),0,,2,2,0,2,(1),(1),1,, -1,1,0,1,70,4,9,2021,15:10,1,50,50602,1,1,0,6,COUPLETS (ROUTE DES),49.65041,-1.55353,15,1,1
202100034438,140Â 176,B01,1,1,1,9,8,0,-1,0,0,-1,2021,43.0,1,1,0,2,6,15,5,,4,AVENUE DE LA REPUBLIQUE,0,,2,-1,1,1,(1),(1),1,, -1,1,0,1,30,14,6,2021,12:35,1,75,75111,2,4,0,3,AVENUE DE LA REPUBLIQUE,48.865995,2.370712,12,2,2
202100038410,132Â 982,B01,1,1,1,0,2,0,-1,-1, -1,-1,2021,58.0,0,1,0,2,2,1,0,,3,GABRIEL-PERI (AV),0,,2,2,0,1,0,1,1,, -1,1,0,8,50,25,5,2021,14:45,1,93,93070,2,1,0,3,GABRIEL-PERI (AV),48.9061,2.33181,14,2,2
202100040312,129Â 545,B01,1,1,1,1,2,0,-1,-1, -1,-1,2021,57.0,1,1,0,2,9,3,1,,1,AUTOROUTE (A1),0,,3,6,3,2,6,199,1,, -1,1,0,1,90,11,5,2021,16:40,1,972,97213,1,1,0,3,AUTOROUTE (A1),14.6045,-61.0028,16,2,2
202100042545,125Â 579,A01,1,1,1,4,1,-1,-1,0,0,-1,2021,51.0,2,4,3,0,1,1,1,,1,39,-1,,1,2,0,1,141,700,1,, -1,1,0,3,130,27,4,2021,15:09,1,1,1350,1,1,0,7,A39,46.277806,5.241817,15,1,1
202100032397,143Â 864,A01,1,1,1,9,2,6,-1,0,0,-1,2021,59.0,1,1,0,0,0,1,1,,3,952,-1,,2,2,0,2,43,0,3,, -1,1,0,1,80,26,6,2021,15:13,1,4,4135,1,1,0,7,RD 952,43.834635,6.220998,15,1,1
202100011997,180Â 270,B01,1,1,2,0,1,0,-1,-1, -1,-1,2021,45.0,2,2,0,2,4,2,1,,3,R D 900,0,,3,4,0,1,0,635,3,, -1,1,0,1,90,20,10,2021,08:15,1,66,66136,1,1,0,4,R D 900,42.70868,2.87821,8,4,4
202100054555,104Â 258,B01,4,2,2,9,1,8,-1,-1, -1,-1,2021,9.0,1,2,0,2,2,1,1,,4,INDUSTRIE (RUE DE L'),0,,2,2,0,1,(1),(1),2,, -1,2,5,1,50,13,1,2021,13:30,1,89,89387,2,3,1,3,INDUSTRIE (RUE DE L'),48.2069944384,3.2700984166,13,3,2
202100014951,174Â 981,B01,1,1,1,5,1,-1,-1,-1, -1,-1,2021,36.0,2,2,0,2,1,1,1,,7,ALBERT RAMBOZ                       (AV),0,,1,1,0,1,(1),(1),2,, -1,2,0,1,50,5,10,2021,22:13,3,69,69199,2,2,1,3,ALBERT RAMBOZ (AV),45.69453,4.84421,22,3,2
202100008046,187Â 348,B01,1,1,1,9,8,8,-1,0,0,-1,2021,40.0,2,1,0,2,1,1,5,,4,BOULEVARD SERURIER,0,,2,3,0,1,(1),(1),1,, -1,1,0,1,30,15,11,2021,18:00,5,75,75119,2,3,0,6,BOULEVARD SERURIER,48.887319,2.39474,18,2,2
202100010266,183Â 355,A01,10,3,1,9,0,-1,-1,4,3,1,2021,56.0,1,1,0,1,1,1,1,,4,ROSA PARKS                        (AV),0,,2,2,0,2,(1),(1),1,, -1,1,0,1,50,29,10,2021,17:45,1,69,69389,2,1,0,6,ROSA PARKS (AV),45.7867,4.79235,17,2,1
202100003929,194Â 726,A01,1,1,1,0,2,6,-1,-1, -1,-1,2021,42.0,2,1,0,2,1,1,1,,1,86,0,,1,2,0,1,52,319,1,, -1,1,1,1,70,9,12,2021,19:45,5,92,92002,1,1,0,2,AUTOROUTE A86,48.7632567814,2.3103776131,19,2,2
202100029531,149Â 008,A01,1,1,1,5,1,-1,-1,0,0,-1,2021,24.0,1,2,5,0,1,0,1,,3,11,-1,,2,2,0,1,20,871,1,,6,1,2,3,80,11,7,2021,06:45,1,66,66037,1,1,0,6,D11,42.681189,2.994568,6,1,1
202100045577,120Â 264,A01,1,1,1,0,8,0,-1,-1, -1,-1,2021,34.0,3,2,12,0,8,26,1,,4,DOUAI RUE DE       NÂ° PAIR,0,,1,1,0,3,(1),(1),3,, -1,1,9,1,50,27,3,2021,03:00,5,59,59343,2,9,0,6,DOUAI RUE DE       NÂ° PAIR,50.58288,3.08939,3,3,1
202100027104,153Â 264,B01,1,1,1,4,1,-1,-1,0,0,-1,2021,53.0,1,5,0,2,2,12,1,,1,84,-1,,3,5,3,1,194,400,1,, -1,1,0,1,130,26,7,2021,16:30,1,50,50137,1,1,0,2,A84 sens RENNES vers CAEN PR 194+400,48.865075,-1.187704,16,2,2
202100050609,111Â 227,B01,1,1,1,5,2,6,-1,-1, -1,-1,2021,16.0,1,1,0,2,3,18,1,,3,CLEMENCEAU GEORGES AVENUE NÂ° PAIR,0,,2,3,1,1,0,0,1,, -1,1,0,1,50,21,2,2021,17:30,1,92,92050,2,1,0,3,CLEMENCEAU GEORGES AVENUE NÂ° PAIR,48.8855910518,2.2199289501,17,2,2
202100020500,164Â 993,A01,10,3,1,0,0,-1,-1,4,3,2,2021,11.0,3,2,0,1,1,1,1,,4,RUAUDIN (RUE) NÂ° IMP 1 A 67,0,,2,2,0,1,0,0,1,, -1,1,0,1,50,6,9,2021,16:45,1,72,72181,2,1,0,6,RUAUDIN (RUE) NÂ° IMP 1 A 67,47.981095,0.2155493,16,2,1
202100032798,143Â 153,A01,1,1,1,0,1,0,-1,-1, -1,-1,2021,66.0,1,5,0,2,1,2,1,,1,6,0,,3,3,0,1,22,879,1,, -1,2,0,1,110,19,6,2021,20:05,1,91,91521,1,1,1,5,AUTOROUTE A6,48.64279,2.39146,20,7,5
202100045816,119Â 861,A01,1,1,2,5,1,0,-1,-1, -1,-1,2021,54.0,2,4,0,0,1,9,1,,3,VAILLANT COUTURIER (AVENUE PAUL),0,,1,2,0,1,0,0,1,, -1,1,0,1,50,31,3,2021,13:00,1,93,93008,2,9,0,2,VAILLANT COUTURIER (AVENUE PAUL),48.910532,2.442128,13,2,2
202100048773,114Â 585,A01,10,3,2,5,0,-1,-1,2,3,1,2021,75.0,3,2,0,1,1,15,1,,4,RUE DU PRE SAINT GERVAIS,0,,1,1,0,1,(1),(1),1,, -1,1,0,1,50,8,3,2021,11:00,1,75,75119,2,5,0,6,RUE DU PRE SAINT GERVAIS,48.877699,2.395617,11,2,1
202100014614,175Â 592,A01,10,3,1,1,0,-1,-1,3,3,1,2021,48.0,2,1,0,1,2,2,1,,4,BLUM  BOULEVARD LEON (inf 51),0,,3,4,0,2,(1),(1),1,, -1,1,0,1,50,7,10,2021,07:15,5,25,25056,2,2,0,6,BLUM  BOULEVARD LEON (inf 51),47.26335,6.04739,7,2,1
202100027486,152Â 594,A01,1,1,2,5,1,0,-1,-1, -1,-1,2021,27.0,1,2,4,0,1,2,1,,1,AUTOROUTE A6,0,,3,6,0,1,26,399,1,, -1,1,0,1,110,23,7,2021,04:35,3,91,91228,1,1,0,6,AUTOROUTE A6,48.61345,2.43047,4,1,1
202100028130,151Â 423,A01,10,3,1,5,0,-1,-1,5,9,3,2021,62.0,1,2,9,1,1,1,1,,4,IMBACH PLACE,0,,1,1,0,1,1,0,2,, -1,1,0,4,30,15,7,2021,22:00,1,49,49007,2,1,0,6,IMBACH PLACE,47.47359,-0.54884,22,6,1
202100036829,135Â 869,A01,1,1,2,4,2,6,-1,0,0,-1,2021,54.0,1,1,0,2,8,3,1,,4,PORTE D AUBERVILLIERS,0,,3,4,0,1,23,400,1,, -1,1,0,1,70,31,5,2021,16:45,1,75,75118,2,1,0,4,PORTE D AUBERVILLIERS,48.900869,2.364336,16,3,3
202100020643,164Â 729,A01,1,1,1,5,2,6,-1,0,0,-1,2021,53.0,1,1,12,0,1,6,1,,3,62,0,D,3,4,0,1,7,136,1,, -1,1,0,1,90,6,9,2021,20:00,1,30,30133,1,6,0,7,D62,43.5655,4.1244,20,1,1
202100019148,167Â 401,A01,1,1,1,0,2,6,-1,-1, -1,-1,2021,45.0,0,1,0,2,1,15,1,,4,LIBERATION (PLACE DE LA ),0,,4,8,0,1,(1),(1),2,, -1,1,8,1,50,12,9,2021,14:05,1,82,82121,2,7,0,3,LIBERATION (PLACE DE LA ),44.02207,1.36146,14,3,2
202100055956,101Â 865,B01,2,2,2,3,1,0,-1,-1, -1,-1,2021,31.0,2,2,0,2,7,15,1,,3,ELUARD PAUL NR 2 A 36 ET 1 A 49,0,,2,4,0,1,0,1,1,, -1,1,5,1,50,5,1,2021,18:10,5,93,93066,2,2,0,3,ELUARD PAUL NR 2 A 36 ET 1 A 49,48.9419675058,2.3416876916,18,4,2