Num_Acc,id_vehicule,num_veh,place,catu,sexe,trajet,secu1,secu2,secu3,locp,actp,etatp,year_acc,victim_age,senc,catv,obs,obsm,choc,manv,motor,occutc,catr,voie,v1,v2,circ,nbv,vosp,prof,pr,pr1,plan,lartpc,larrout,surf,infra,situ,vma,jour,mois,an,hrmn,lum,dep,com,agg_,int,atm,col,adr,lat,long,hour,nb_victim,nb_vehicules
202100027540,152Â 500,B01,1,1,2,9,8,-1,-1,-1, -1,-1,2021,55.0,0,0,1,0,0,0,3,,4,SAINT-HELIER,0,,2,2,2,1,(1),(1),1,, -1,1,0,5,50,22,7,2021,11:00,1,35,35238,2,1,0,3,SAINT-HELIER,48.10642,-1.66799,11,2,2
202100014589,175Â 634,B01,1,1,2,9,1,8,-1,-1, -1,-1,2021,52.0,1,2,0,2,1,1,1,,4,LOUP DU,0,,2,2,0,1,0,0,1,, -1,1,0,1,50,7,9,2021,12:20,1,64,64445,2,2,0,3,LOUP DU,43.31474,-0.3545,12,2,2
202100018742,168Â 139,Z01,10,3,2,0,0,-1,-1,5,2,1,2021,53.0,0,1,0,1,1,1,3,,4,REPUBLIQUE (COURS DE LA),0,,2,4,1,1,0,0,1,, -1,2,0,4,50,14,9,2021,23:00,5,76,76351,2,1,1,6,REPUBLIQUE (COURS DE LA),49.49593,0.12625,23,2,1
202100028847,150Â 154,A01,10,3,2,0,0,-1,-1,4,3,1,2021,88.0,1,1,0,1,7,21,1,,3,,0,,2,2,0,1,19,241,1,, -1,1,0,1,50,14,7,2021,08:50,1,6,6155,2,1,0,6,LIBERTE AV.DE LA,43.572119,7.084136,8,2,1
202100036473,136Â 506,A01,1,1,2,1,2,6,-1,0,0,-1,2021,51.0,1,1,0,2,1,2,1,,4,COURS DE VINCENNES,0,,2,4,0,1,(1),(1),1,, -1,1,0,1,50,3,6,2021,22:56,5,75,75112,2,3,0,2,COURS DE VINCENNES,48.847427,2.403404,22,2,2
202100019240,167Â 238,B01,1,1,1,0,0,-1,-1,0,0,-1,2021,22.0,2,1,0,2,1,13,5,,3,30,0,D,2,2,0,1,21,500,1,, -1,1,0,1,80,14,9,2021,09:10,1,25,25116,1,1,0,1,D30 PK 021+500,47.281532,6.262855,9,2,2
202100036560,136Â 363,D01,1,1,2,5,1,8,-1,-1, -1,-1,2021,29.0,1,2,0,2,4,1,1,,1,A7-Sens Lyon vers Marseille,0,,1,3,0,1,276,0,1,, -1,2,1,1,90,1,6,2021,18:40,1,13,13215,1,1,1,2,A7-Sens Lyon vers Marseille,43.36512,5.36054,18,5,5
202100034075,140Â 853,B01,2,2,1,5,2,0,-1,-1, -1,-1,2021,26.0,2,1,0,2,7,2,1,,2,537 RN ECHANGEUR LA PALLICE ROCADE CHEF,0,,2,2,0,1,1,218,1,, -1,1,0,1,80,15,6,2021,22:10,3,17,17300,2,1,0,3,537 RN ECHANGEUR LA PALLICE ROCADE CHEF,46.16599,-1.19276,22,3,2
202100035390,138Â 455,A01,10,3,1,5,0,-1,-1,1,2,1,2021,32.0,1,2,0,1,1,1,1,,3,734,-1,,2,2,0,1,7,32,1,, -1,1,0,1,80,11,6,2021,05:20,3,17,17140,1,1,0,6,D734,45.900283,-1.242828,5,2,1
202100029230,149Â 510,A01,2,2,2,5,1,-1,-1,0,0,-1,2021,66.0,2,2,4,0,9,17,1,,1,7,0,A,3,3,0,2,35,1,3,, -1,2,0,8,130,14,7,2021,15:07,1,26,26002,1,1,1,6,Autoroute du Soleil,45.230626,4.850271,15,2,1
202100051352,109Â 884,A01,10,3,1,5,0,-1,-1,1,3,2,2021,75.0,2,1,0,1,1,1,5,,3,276,-1,,2,2,0,2,6,700,3,, -1,1,0,1,80,17,2,2021,14:15,1,14,14198,1,1,0,6,D276,49.228059,0.025481,14,2,1
202100034123,140Â 769,A01,3,2,1,4,8,0,-1,-1, -1,-1,2021,27.0,1,0,0,0,6,16,1,,3,JAURES (AVENUE JEAN),0,,1,2,1,1,1,0,1,, -1,1,0,1,50,15,6,2021,11:00,1,93,93027,2,3,0,2,JAURES (AVENUE JEAN),48.92235,2.40708,11,3,2
202100045090,121Â 136,B01,1,1,1,5,0,-1,-1,0,0,-1,2021,75.0,1,1,0,2,3,15,5,,3,238,-1,,2,2,0,1,8,275,1,, -1,1,5,1,50,3,4,2021,17:00,1,17,17036,2,6,0,3,rue de la croix,45.876057,-0.996215,17,2,2
202100026527,154Â 282,B01,1,1,1,5,2,-1,-1,0,0,-1,2021,24.0,2,1,0,2,1,17,1,,3,807,-1,,2,2,0,1,2,200,1,, -1,1,0,1,50,25,6,2021,18:48,2,26,26325,2,3,0,1,68 Rue de Marseille,45.286505,4.816727,18,2,2
202100009812,184Â 158,A01,2,2,2,9,1,0,-1,-1, -1,-1,2021,24.0,1,2,0,2,1,1,1,,2,L'APPEL DU DIX-HUIT JUIN 1940 (AV DE),0,,1,2,0,1,1,0,1,, -1,1,0,1,50,2,11,2021,18:03,5,94,94078,2,1,0,2,L'APPEL DU DIX-HUIT JUIN 1940 (AV DE),48.758497,2.443335,18,3,2
202100014719,175Â 404,A01,1,1,1,3,1,-1,-1,0,0,-1,2021,47.0,2,2,0,0,0,1,1,,3,114,0,D,2,2,0,1,24,200,1,, -1,2,0,3,80,15,7,2021,19:01,1,59,59518,1,1,1,6,Rue de Bermerain,50.258824,3.581658,19,1,1
202100031298,145Â 794,A01,1,1,1,1,2,6,-1,0,0,-1,2021,47.0,1,1,0,2,5,17,1,,4,RUE LOUIS ARMAND,0,,2,2,0,1,(1),(1),1,, -1,1,0,1,50,1,7,2021,18:05,1,75,75115,2,4,0,3,RUE LOUIS ARMAND,48.833358,2.277176,18,2,2
202100020127,165Â 649,B01,1,1,1,0,2,6,-1,-1, -1,-1,2021,28.0,1,1,0,2,1,0,0,,3,PASTEUR (BOULEVARD) DE 1 A 39,0,,3,2,0,1,0,0,1,, -1,2,0,1,50,8,9,2021,22:30,5,93,93027,2,2,1,1,PASTEUR (BOULEVARD) DE 1 A 39,48.92,2.38306,22,2,2
202100015880,173Â 293,B01,2,2,2,5,1,8,-1,-1, -1,-1,2021,59.0,1,2,0,2,3,1,0,,4,AV DE LA CONCORDE,0,,2,2,0,1,0,100,1,, -1,1,0,1,50,30,9,2021,19:50,5,91,91657,2,1,0,4,AV DE LA CONCORDE,48.70393,2.42476,19,4,3
202100031612,145Â 251,D01,1,1,2,9,1,4,-1,-1, -1,-1,2021,51.0,1,2,0,2,7,15,1,,3,AUBERVILLIERS (CHEMIN),0,,2,4,0,1,0,1,1,, -1,1,5,1,50,29,6,2021,08:20,1,93,93066,2,2,0,5,Chemin dâAubervilliers / Rue Francis de PressensÃ©,48.923163,2.370261,8,4,4
202100016875,171Â 459,A01,10,3,2,5,0,-1,-1,3,3,1,2021,80.0,1,5,0,1,3,15,1,,4,MAGNOAC (RUE GEORGES),0,,1,1,0,1,(1),(1),1,, -1,1,0,1,50,24,9,2021,16:50,1,65,65440,2,3,0,6,MAGNOAC (RUE GEORGES),43.233852,0.077655,16,2,1
202100007116,189Â 047,B01,1,1,1,5,1,0,-1,-1, -1,-1,2021,38.0,2,2,0,2,6,6,1,,1,A86 EXT,0,,1,4,0,1,37,0,2,, -1,2,2,1,90,20,11,2021,02:35,4,94,94046,1,9,1,2,A86 EXT,48.8085628803,2.4490578633,2,2,2
202100043226,124Â 390,A01,1,1,1,1,2,6,-1,0,0,-1,2021,42.0,3,1,0,2,8,23,1,,3,241,0,D,2,3,0,2,(1),327,3,, -1,1,0,1,-1,20,4,2021,09:11,1,6,6161,2,4,0,3,d241,43.63749,7.134236,9,2,2
202100055421,102Â 786,B01,1,1,2,5,1,0,-1,-1, -1,-1,2021,41.0,2,2,0,2,4,2,1,,2,RN 104,0,,3,6,0,1,33,82,1,, -1,2,0,1,110,12,1,2021,08:35,2,91,91553,1,1,1,4,RN 104,48.6264,2.47514,8,3,3
202100018864,167Â 929,A01,1,1,1,5,2,6,-1,0,0,-1,2021,76.0,1,1,0,2,3,15,1,,3,D1,-1,A,2,2,0,1,0,540,1,, -1,1,0,1,80,15,9,2021,16:15,1,66,66228,1,3,0,3,D1a,42.698385,2.799797,16,4,2
202100041071,128Â 195,B01,1,1,1,1,2,6,-1,-1, -1,-1,2021,51.0,2,1,0,2,1,5,1,,7,LOUBES (ROUTE DES),0,,2,1,0,1,2,600,1,, -1,1,0,1,50,6,5,2021,08:20,1,83,83069,2,1,0,1,LOUBES (ROUTE DES),43.113796,6.099836,8,2,2
202100053270,106Â 516,A01,10,3,1,1,0,-1,-1,2,3,2,2021,24.0,0,2,0,1,2,15,1,,4,MARNE (AVENUE DE LA),0,,2,2,0,1,0,0,1,, -1,1,0,1,50,26,1,2021,06:45,2,93,93031,2,1,0,6,MARNE (AVENUE DE LA),48.9534227294,2.3272609968,6,3,1
202100034498,140Â 063,D01,1,1,1,5,2,6,-1,0,0,-1,2021,62.0,1,1,0,9,1,2,5,,3,932,-1,D,2,3,0,1,13,500,1,, -1,1,0,1,90,15,6,2021,08:10,1,64,64317,1,1,0,4,D932,43.384006,-1.444423,8,4,4
202100038684,132Â 493,B01,1,1,2,5,1,5,-1,0,0,-1,2021,24.0,1,2,0,2,1,1,1,,3,12,0,C,2,2,0,1,1,865,1,, -1,1,0,1,80,24,5,2021,10:30,1,31,31345,1,1,0,1,departementale 12c,43.386228,1.430089,10,6,2
202100055016,103Â 470,B01,1,1,1,0,8,0,-1,-1, -1,-1,2021,22.0,1,1,0,2,4,1,5,,3,RTE NATIONALE 20,0,,-1,1,0,2,0,0,2,, -1,2,0,1,50,13,1,2021,04:51,3,91,91339,1,9,1,3,RTE NATIONALE 20,48.622603,2.260265,4,2,2
202100033398,142Â 068,A01,1,1,1,5,2,6,-1,-1, -1,-1,2021,22.0,0,1,0,2,8,21,1,,7,CARNOT (RUE),0,,2,3,3,1,(1),(1),1,, -1,1,0,1,50,19,6,2021,14:20,1,59,59650,2,1,0,6,CARNOT (RUE),50.6981812611,3.207372262,14,2,2
202100044620,121Â 964,A01,10,3,2,5,0,-1,-1,1,5,1,2021,45.0,1,2,0,1,2,1,1,,3,140,-1,,2,2,0,1,(1),(1),1,, -1,2,0,1,80,10,4,2021,08:10,1,58,58064,1,1,1,6,Chemin de Compostelle,47.273072,3.246591,8,2,1
202100013860,176Â 924,A01,1,1,1,5,8,-1,-1,-1, -1,-1,2021,37.0,1,2,3,0,1,14,1,,7,ROCADE 10-11,0,,2,2,0,1,43,1150,3,, -1,1,0,1,50,10,10,2021,10:14,1,35,35024,1,6,1,7,ROCADE 10-11,48.155598,-1.624206,10,1,1
202100019563,166Â 664,B01,2,2,1,5,1,-1,-1,0,0,-1,2021,32.0,1,2,0,2,3,1,1,,3,64,0,,2,2,0,1,29,592,1,, -1,1,5,1,80,11,9,2021,18:30,2,1,1412,1,2,0,5,Route Departementale 2,46.165789,4.963117,18,5,3
202100045270,120Â 801,A01,1,1,1,5,2,6,-1,0,0,-1,2021,50.0,1,1,15,0,3,1,1,,3,78,-1,,2,2,0,2,8,150,3,, -1,1,0,8,90,2,4,2021,16:40,1,41,41104,1,1,0,6,27 Rue de Morest,47.597565,1.447449,16,1,1
202100028156,151Â 373,B01,1,1,1,5,2,0,-1,-1, -1,-1,2021,18.0,3,1,0,2,1,19,5,,3,RUSSIE (AVENUE DE),0,,2,2,0,3,0,0,1,, -1,1,0,1,50,19,7,2021,01:00,5,3,3023,2,2,0,6,RUSSIE (AVENUE DE),46.11538,3.40811,1,2,2
202100016999,171Â 236,A01,1,1,1,4,2,0,-1,0,0,-1,2021,49.0,2,1,12,0,1,14,1,,2,MARECHAL FOCH ( AVENUE DU ),0,,2,3,0,1,70,416,1,, -1,1,0,1,50,23,9,2021,22:35,5,5,5061,2,1,0,7,MARECHAL FOCH ( AVENUE DU ),44.56403,6.08864,22,1,1
202100004406,193Â 883,B01,1,1,1,1,2,0,-1,0,0,-1,2021,53.0,1,1,0,2,1,1,5,,4,RUE DU FAUBOURG SAINT MARTIN,0,,2,2,0,1,(1),(1),1,, -1,2,0,1,30,6,12,2021,07:30,5,75,75110,2,3,0,3,RUE DU FAUBOURG SAINT MARTIN,48.87927,2.362933,7,2,2
202100021298,163Â 583,B01,1,1,1,9,2,0,-1,0,0,-1,2021,22.0,2,1,0,2,1,1,1,,4,RUE D ESTREES,0,,1,2,0,1,(1),(1),1,, -1,1,0,1,50,2,9,2021,15:21,1,75,75107,2,2,0,3,RUE D ESTREES,48.851775,2.313849,15,2,2
202100039267,131Â 416,A01,1,1,1,4,2,-1,-1,0,0,-1,2021,21.0,0,1,0,2,1,2,5,,4,JULES FERRY (CHAUSSEE),0,,2,2,0,2,(1),(1),1,, -1,1,0,1,50,17,5,2021,14:50,1,80,80021,2,1,0,2,JULES FERRY (CHAUSSEE),49.88101,2.3308,14,2,2
202100003045,196Â 331,A01,1,1,1,1,2,8,-1,-1, -1,-1,2021,20.0,1,1,0,2,1,1,1,,1,A86,0,,3,3,0,1,5,50,1,, -1,1,0,1,90,14,12,2021,08:20,2,92,92025,1,9,0,2,A86,48.9325519824,2.2491261144,8,2,2
202100044694,121Â 824,B01,2,2,1,0,1,-1,-1,-1, -1,-1,2021,79.0,1,2,0,2,2,1,1,,4,ANGLICANE (ALL.),0,,1,1,0,2,(1),(1),1,, -1,1,0,1,50,8,4,2021,14:30,1,33,33009,2,2,0,3,AllÃ©e Anglicane,44.656408,-1.176387,14,4,2
202100054114,105Â 020,B01,1,1,1,0,2,8,-1,-1, -1,-1,2021,71.0,2,1,0,2,1,1,1,,4,ARDOUIN (AV),0,,-1,1,0,1,1,0,2,, -1,2,5,1,50,22,1,2021,11:05,1,94,94059,2,6,0,1,ARDOUIN (AV),48.812575,2.56957,11,2,2
202100027720,152Â 165,A01,10,3,1,5,0,-1,-1,3,3,2,2021,5.0,2,2,0,1,1,16,0,,3,CLEMATITES (RUE DES),0,,2,2,0,1,10,881,1,, -1,1,0,1,50,21,7,2021,15:10,1,64,64260,2,6,0,6,RUE DES CLEMATITES,43.3716,-1.77271,15,2,1
202100008831,185Â 956,A01,1,1,1,1,2,6,-1,-1,0,-1,2021,56.0,2,1,0,2,1,1,1,,1,AUTOROUTE A15,0,,3,9,0,1,23,700,1,, -1,1,0,1,90,9,11,2021,17:20,2,95,95500,1,1,0,2, A15,49.038716,2.087101,17,2,2
202100016845,171Â 509,A01,1,1,2,0,8,0,-1,-1, -1,-1,2021,26.0,0,2,2,0,1,13,1,,9,RUE DES ROCHERS GREAU,0,,2,2,0,1,1,0,2,, -1,2,0,3,30,25,9,2021,06:35,3,77,77431,1,1,0,6,RUE DES ROCHERS GREAU,48.259574,2.678076,6,1,1
202100053738,105Â 688,B01,3,2,1,0,1,0,-1,-1, -1,-1,2021,19.0,2,2,0,2,1,1,1,,4,BD DE SUISSE,0,,2,3,0,1,(1),(1),1,, -1,1,0,1,50,24,1,2021,18:40,2,31,31555,2,1,0,3,148 Boulevard de Suisse,43.620198,1.424124,18,4,2
202100029540,148Â 991,A01,10,3,2,5,0,-1,-1,3,3,2,2021,72.0,1,2,0,1,1,1,1,,3,306,0,D,2,2,0,1,24,800,1,, -1,1,0,1,50,23,6,2021,14:30,1,72,72154,2,1,0,6,Avenue Rhin et Danube,47.703596,-0.092628,14,3,1
202100049449,113Â 375,A01,1,1,1,5,2,-1,-1,0,0,-1,2021,31.0,2,1,6,0,1,1,1,,2,1,0,A,2,2,0,1,32,200,1,, -1,2,0,3,60,3,3,2021,00:30,5,987,98734,2,1,0,1,PK 32+200 - RT1,-17.723379,-149.50573,0,1,1
202100044550,122Â 084,A01,1,1,2,9,1,0,-1,-1, -1,-1,2021,26.0,2,2,0,2,3,1,1,,4,MOULIN A VENT (CHEMIN DU ),0,,2,2,0,2,(1),(1),2,, -1,1,0,1,50,9,4,2021,18:33,1,78,78638,2,1,0,3,MOULIN A VENT (CHEMIN DU ),49.01615,1.95952,18,2,2
202100021585,163Â 050,B01,1,1,1,5,2,6,-1,-1, -1,-1,2021,68.0,2,1,0,2,3,1,1,,4,,0,,2,2,2,1,(1),(1),1,, -1,1,0,1,50,31,8,2021,08:15,1,69,69152,2,2,0,3,8 MAI 1945 (DU) (R),45.700809788,4.8240692392,8,2,2
202100054480,104Â 383,A01,1,1,1,1,2,8,-1,-1, -1,-1,2021,28.0,2,1,0,0,0,1,1,,3,QU AUGUSTE DESHAIES ,0,,2,2,0,1,1,0,1,, -1,2,5,1,50,19,1,2021,07:50,5,94,94041,2,1,1,7,AUGUSTE DESHAIES (QU),48.81774,2.40311,7,1,1
202100037166,135Â 253,A01,1,1,1,0,2,8,-1,-1, -1,-1,2021,37.0,2,1,0,2,1,17,1,,3,MONTABO (ROUTE DE) 2,0,,2,2,2,1,3,100,2,, -1,2,0,1,50,4,5,2021,07:25,1,973,97302,2,1,1,3,MONTABO (ROUTE DE) 2,4.9367123788,-52.2972013951,7,2,2
202100018069,169Â 336,A01,1,1,2,9,1,5,-1,0,0,-1,2021,20.0,2,2,2,0,1,1,1,,3,98,0,,2,2,0,1,5,625,2,, -1,2,0,1,50,19,9,2021,22:00,3,77,77112,1,1,1,6,D98,48.24659,2.619826,22,1,1
202100023294,159Â 977,A01,1,1,2,0,2,8,-1,-1, -1,-1,2021,17.0,3,1,0,0,2,15,1,,4,RIBOT (THEODULE),0,,2,2,0,1,1,0,1,, -1,1,0,1,50,18,8,2021,17:34,1,22,22278,2,1,0,7,RIBOT (THEODULE),48.5174274131,-2.7786742006,17,2,1
202100048005,115Â 931,A01,1,1,1,0,2,6,-1,-1, -1,-1,2021,33.0,1,1,0,0,7,1,1,,1,AUTOROUTE A10,0,,1,2,0,1,0,600,2,, -1,2,0,1,70,15,3,2021,10:10,1,91,91689,1,1,0,7,AUTOROUTE A10,48.73751,2.31838,10,1,1
202100046382,118Â 863,A01,10,3,2,9,0,-1,-1,2,3,2,2021,19.0,1,1,0,1,1,1,1,,4,BOULEVARD DIDEROT,0,,2,2,0,2,(1),(1),1,, -1,1,0,1,50,26,3,2021,16:50,1,75,75112,2,1,0,6,BOULEVARD DIDEROT,48.847947,2.392022,16,3,1
202100047178,117Â 437,A01,1,1,1,5,8,-1,-1,0,0,-1,2021,28.0,2,2,0,2,1,13,1,,2,1,-1,,2,2,0,2,24,850,2,, -1,1,0,1,70,21,3,2021,20:00,3,972,97230,1,1,0,5,N1,14.736557,-60.976653,20,7,3
202100033557,141Â 782,B01,1,1,2,5,1,-1,-1,-1, -1,-1,2021,29.0,1,2,0,2,8,1,1,,4,BOULEVARD   (Rue du),0,,1,1,0,1,(1),(1),1,, -1,1,0,1,50,18,6,2021,19:00,1,69,69266,2,3,0,3,BOULEVARD (DU) (R),45.7773911604,4.8685446382,19,2,2
202100027449,152Â 661,A01,2,2,2,5,1,5,-1,0,0,-1,2021,72.0,3,2,0,2,1,1,1,,3,316,0,,2,2,0,1,46,850,1,,5,1,0,1,80,14,7,2021,16:00,1,27,27417,1,2,0,3,D316,49.366571,1.565037,16,4,2
202100041542,127Â 351,A01,2,2,1,0,8,0,-1,-1, -1,-1,2021,18.0,1,2,0,2,1,26,1,,4,,0,,3,4,0,1,(1),(1),1,, -1,1,5,1,50,3,5,2021,22:45,5,25,25056,2,2,0,3,BLUM BOULEVARD LEON (sup 90),47.259334,6.028621,22,3,2
202100042173,126Â 238,B01,1,1,1,5,8,0,-1,-1, -1,-1,2021,20.0,3,1,0,2,4,2,0,,4,ST EXUPERY (AVENUE),0,,3,2,0,1,(1),(1),3,, -1,1,0,1,50,28,4,2021,18:30,1,62,62193,2,1,0,2,ST EXUPERY (AVENUE),50.9461,1.88134,18,3,2
202100005087,192Â 681,A01,1,1,1,5,8,0,-1,-1, -1,-1,2021,38.0,2,2,0,2,2,2,1,,4,MIR ACHILLE -AVENUE-,0,,2,2,0,1,(1),(1),1,, -1,2,0,1,30,2,12,2021,23:02,5,11,11069,2,1,1,2,MIR ACHILLE -AVENUE-,43.21035,2.36066,23,4,2
202100007011,189Â 225,A01,1,1,1,4,0,-1,-1,-1, -1,-1,2021,19.0,1,1,8,2,1,17,1,,3,JEAN JACQUES ROUSSEAU (AVENUE),0,,2,4,1,1,5,648,1,, -1,1,5,1,50,20,11,2021,20:28,5,78,78311,2,3,0,3,JEAN JACQUES ROUSSEAU (AVENUE),48.918004,2.184444,20,2,2
202100016615,171Â 936,A01,1,1,1,1,2,6,-1,-1, -1,-1,2021,25.0,2,1,0,2,8,3,1,,2,RN104,0,,3,4,0,1,9,0,1,, -1,2,0,1,90,27,9,2021,16:00,1,77,77249,1,1,0,3,RN104,48.757091,2.615526,16,2,2
202100002504,197Â 298,A01,1,1,1,0,2,6,-1,0,0,-1,2021,54.0,2,1,0,2,1,1,1,,2,22,0,T,2,2,0,1,6,650,1,, -1,1,0,1,50,18,12,2021,18:30,3,201,201271,2,1,0,2,Baleone,41.9549518394,8.7948293835,18,3,2
202100011063,181Â 947,A01,10,3,2,1,0,-1,-1,3,3,1,2021,41.0,1,2,0,1,2,1,1,,4,PORET DE BLOSSEVILLE. RUE,0,,2,2,0,1,0,0,1,, -1,2,0,1,30,25,10,2021,13:28,1,76,76540,2,3,0,6,PORET DE BLOSSEVILLE. RUE,49.43804,1.08293,13,2,1
202100023914,158Â 888,A01,1,1,2,0,1,0,-1,-1, -1,-1,2021,55.0,1,2,8,0,2,1,1,,3,AV DU RU DE GIRONDE,0,,1,1,0,1,1,0,1,, -1,1,0,1,50,16,8,2021,13:30,1,94,94074,2,1,0,6,Avenue du RÃ» de Gironde,48.74633,2.46303,13,1,1
202100028612,150Â 572,A01,1,1,1,1,8,8,-1,-1, -1,-1,2021,22.0,1,5,0,2,3,15,1,,4,,0,,2,2,0,1,0,0,3,, -1,1,0,1,50,15,7,2021,13:30,1,91,91689,2,1,0,3,BD ARAGO,48.73185,2.31814,13,2,2
202100017978,169Â 490,A01,1,1,1,5,2,8,-1,-1, -1,-1,2021,14.0,2,1,0,0,8,1,1,,3,QUAKENBRUCK (AVENUE DE),0,,1,1,0,1,1,390,2,, -1,2,0,1,50,19,9,2021,11:30,1,61,61077,1,6,1,7,QUAKENBRUCK (AVENUE DE),48.4465119218,0.1127840376,11,2,1
202100010325,183Â 248,A01,3,2,1,0,1,0,-1,-1, -1,-1,2021,18.0,0,2,0,2,3,15,1,,4,LACS (ROUTE DES) BLANCHE A GALION,0,,2,3,0,1,(1),(1),1,, -1,1,5,1,50,29,10,2021,03:50,5,27,27701,2,1,0,1,LACS (ROUTE DES) BLANCHE A GALION,49.27588,1.21111,3,6,2
202100018538,168Â 497,A01,10,3,1,2,0,-1,-1,1,5,2,2021,3.0,3,2,0,1,2,1,1,,4,HALINE. RUE DE LA,0,,2,2,0,1,0,0,1,, -1,1,0,1,50,16,9,2021,08:20,1,76,76640,2,1,0,6,HALINE. RUE DE LA,49.27392,1.05028,8,2,1
202100027659,152Â 282,C01,1,1,2,5,8,0,-1,-1, -1,-1,2021,75.0,1,2,0,2,4,1,1,,1,A7-Sens Lyon vers Marseille,0,,1,3,0,2,270,500,1,, -1,1,0,1,110,21,7,2021,19:01,1,13,13071,1,1,0,4,A7-Sens Lyon vers Marseille,43.40404,5.3422,19,3,3
202100035024,139Â 091,A01,10,3,2,0,0,-1,-1,3,3,1,2021,87.0,2,2,0,1,1,1,0,,4,GAMBETTA,0,,-1,3,0,1,(1),(1),1,, -1,1,0,1,30,11,6,2021,14:00,1,17,17306,2,1,0,6,GAMBETTA,45.62185,-1.03107,14,2,1
202100034033,140Â 929,A01,1,1,1,0,2,8,-1,-1, -1,-1,2021,47.0,0,1,0,2,1,1,1,,4,INGOUVILLE (RUE),0,,2,3,1,2,(1),(1),1,, -1,1,0,1,50,15,6,2021,20:20,1,76,76351,2,2,0,2,INGOUVILLE (RUE),49.49748,0.10943,20,2,2
202100050368,111Â 665,A01,10,3,2,0,0,-1,-1,1,3,1,2021,39.0,1,2,1,1,2,1,1,,4,AUGUSTE DAIX (R),0,,2,0,0,1,1,0,1,, -1,1,0,4,50,24,2,2021,16:30,1,94,94034,2,1,1,6,AUGUSTE DAIX (R),48.75301,2.31882,16,2,1
202100015955,173Â 149,B01,2,2,2,9,2,6,-1,0,0,-1,2021,50.0,2,1,0,2,4,23,1,,4,AVENUE DES CHAMPS ELYSEES,0,,2,6,0,1,(1),(1),1,, -1,1,0,1,30,30,9,2021,16:45,1,75,75108,2,4,0,2,AVENUE DES CHAMPS ELYSEES,48.871925,2.300844,16,3,2
202100011435,181Â 284,B01,2,2,1,9,8,4,-1,-1, -1,-1,2021,28.0,1,0,0,2,5,23,1,,3,EUROPE AVENUE DE L',0,,1,2,0,1,0,1,1,, -1,1,0,1,90,23,10,2021,20:40,3,93,93074,1,1,0,2,EUROPE AVENUE DE L',48.93447,2.57676,20,5,2
202100056307,101Â 250,B01,1,1,1,5,2,-1,-1,0,0,-1,2021,68.0,1,1,9,0,4,1,5,,3,243,-1,,2,2,0,1,15,920,1,, -1,1,9,1,30,4,1,2021,14:50,1,47,47283,2,1,0,2,8 Avenue Principale,44.473198,0.939744,14,2,2
202100016649,171Â 872,A01,10,3,2,0,0,-1,-1,2,1,2,2021,3.0,1,2,0,1,2,1,1,,4,POTTIER (RUE EUGENE),0,,2,2,0,1,(1),(1),1,, -1,1,0,1,50,26,9,2021,12:50,1,35,35281,2,1,0,6,POTTIER (RUE EUGENE),48.06731,-1.71898,12,2,1
202100027609,152Â 374,A01,1,1,1,1,2,6,-1,0,0,-1,2021,16.0,1,1,6,0,2,0,1,,3,54,-1,,2,2,0,2,(1),(1),1,, -1,1,0,1,-1,23,7,2021,14:20,1,202,202043,1,1,0,6,dÃ©partementale 54,42.774865,9.470934,14,1,1
202100025577,155Â 955,B01,1,1,2,1,1,0,-1,-1, -1,-1,2021,30.0,1,2,0,2,8,1,1,,2,RAMBAUD (LEOPOLD),0,,1,0,0,1,(1),(1),1,, -1,1,0,1,70,4,8,2021,05:00,5,974,97411,2,1,0,3,RAMBAUD (LEOPOLD),-20.885933,55.475456,5,2,2
202100012198,179Â 912,B01,2,2,2,0,1,0,-1,0,0,-1,2021,18.0,1,2,0,2,8,0,6,,4,POINCARE (RUE RAYMOND 31-32 A FIN),0,,1,2,0,1,(1),(1),1,, -1,1,0,1,50,20,10,2021,00:40,5,54,54395,2,2,0,3,POINCARE (RUE RAYMOND 31-32 A FIN),48.6894,6.16973,0,4,2
202100028067,151Â 543,B01,1,1,2,0,1,8,-1,-1, -1,-1,2021,34.0,2,2,0,2,4,1,1,,1,A507 sens Marseille - Aubagne,0,,1,3,0,1,7,849,1,, -1,1,0,1,70,20,7,2021,08:35,1,13,13055,1,1,0,2,A507 sens Marseille - Aubagne,43.29552,5.42463,8,2,2
202100023317,159Â 936,A01,2,2,1,9,2,0,-1,0,0,-1,2021,29.0,2,1,0,2,1,2,1,,4,BOULEVARD VOLTAIRE,0,,2,4,0,1,(1),(1),1,, -1,1,0,1,50,20,8,2021,12:20,1,75,75111,2,2,0,3,BOULEVARD VOLTAIRE,48.863764,2.370116,12,3,2
202100049332,113Â 581,A01,1,1,1,2,2,6,-1,0,0,-1,2021,16.0,2,1,0,2,1,1,1,,3,1084,-1,,2,2,0,1,7,900,1,, -1,1,0,1,50,5,3,2021,15:50,1,1,1043,2,1,0,2,495 Route de GenÃ¨ve,45.837423,5.008115,15,2,2
202100017583,170Â 194,A01,1,1,1,0,9,-1,-1,0,0,-1,2021,73.0,3,1,0,0,6,9,5,,7,37,0,R,1,1,0,1,(1),(1),3,, -1,1,0,1,30,22,9,2021,09:00,1,44,44026,2,6,1,1,boulevard Louis Fouchard,47.293217,-1.493497,9,2,2