Num_Acc,id_vehicule,num_veh,place,catu,sexe,trajet,secu1,secu2,secu3,locp,actp,etatp,year_acc,victim_age,senc,catv,obs,obsm,choc,manv,motor,occutc,catr,voie,v1,v2,circ,nbv,vosp,prof,pr,pr1,plan,lartpc,larrout,surf,infra,situ,vma,jour,mois,an,hrmn,lum,dep,com,agg_,int,atm,col,adr,lat,long,hour,nb_victim,nb_vehicules
202100041063,128Â 209,B01,2,2,2,5,1,5,-1,-1,0,-1,2021,67.0,3,2,9,2,5,15,1,,4,BONTEMPS (AVENUE DU),0,,2,2,0,1,(1),(1),1,, -1,1,0,1,30,5,5,2021,11:26,1,95,95127,2,3,0,5,BONTEMPS (AVENUE DU),49.053028,2.017849,11,5,3
202100052316,108Â 202,A01,1,1,1,9,2,6,-1,0,0,-1,2021,54.0,3,1,0,2,1,1,1,,4,LE GORGEU (NÂ°29 (TOTAL)-UBO(ALBERT 1ER ),0,,2,2,0,1,(1),(1),2,, -1,1,0,1,50,6,2,2021,09:55,1,29,29019,2,6,0,3,Avenue Victor le Gorgeu,48.400749555,-4.4997435808,9,2,2
202100031500,145Â 451,A01,10,3,2,3,0,-1,-1,3,3,1,2021,63.0,1,2,0,0,3,15,1,,4,,-1,,2,2,0,1,(1),(1),1,,4,1,0,1,50,28,6,2021,11:09,1,45,45315,2,2,0,6,17 Boulevard Jeanne dâArc,47.765746,2.37387,11,2,1
202100042310,125Â 997,A01,10,3,2,9,0,-1,-1,5,9,1,2021,76.0,3,2,0,1,4,4,1,,4,HANIPET PASSAGE ET RUE,0,,-1,1,0,1,1,0,1,, -1,1,0,4,30,27,4,2021,16:00,1,49,49007,2,1,0,6,HANIPET PASSAGE ET RUE,47.468115358,-0.5200807787,16,2,1
202100026225,154Â 824,B01,1,1,1,5,2,6,-1,0,0,-1,2021,50.0,2,1,0,0,4,2,3,,3,962,0,,2,2,0,1,0,500,1,, -1,1,0,1,80,31,7,2021,22:00,3,45,45290,1,1,0,2,66 Route de Chateauneuf,47.861524,2.249678,22,3,2
202100056410,101Â 069,B01,1,1,1,4,2,6,-1,0, -1,-1,2021,31.0,0,1,0,2,1,1,0,,4,GUILLAMOT RENE,0,,2,2,0,1,(1),(1),1,, -1,2,5,1,50,1,1,2021,21:10,5,29,29019,2,3,0,3,Rue RenÃ© Guillamot,48.410993,-4.4852402,21,2,2
202100003376,195Â 724,A01,1,1,1,1,2,6,-1,0,0,-1,2021,25.0,1,1,0,0,0,1,1,,7,D559,-1,A,2,2,0,2,(1),(1),4,, -1,2,0,1,90,13,12,2021,08:07,1,13,13085,1,1,0,1,D559a,43.241592,5.594026,8,2,2
202100006919,189Â 400,A01,10,3,1,0,8,8,-1,3,3,1,2021,24.0,1,2,0,1,1,1,1,,4,BOULEVARD SALVADOR ALLENDE,0,,3,2,2,1,(1),0,1,, -1,1,0,1,30,20,11,2021,20:55,5,44,44162,2,1,0,6,BOULEVARD SALVADOR ALLENDE,47.22155,-1.63273,20,2,1
202100020454,165Â 072,A01,10,3,2,1,0,-1,-1,3,3,1,2021,58.0,2,2,0,1,1,1,1,,4,CLEMENCEAU (AVENUE GEORGES),0,,1,2,0,1,(1),(1),1,, -1,1,0,1,30,26,5,2021,17:10,1,59,59178,2,1,0,6,CLEMENCEAU (AVENUE GEORGES),50.37191,3.08862,17,2,1
202100048517,115Â 037,B01,1,1,2,0,1,0,-1,-1, -1,-1,2021,58.0,1,2,0,2,6,23,0,,3,SAINT CYR (ROUTE DE),0,,3,2,0,2,8,160,3,, -1,2,0,1,50,10,3,2021,17:35,1,78,78372,2,1,1,2,SAINT CYR (ROUTE DE),48.86651,2.09365,17,2,2
202100053311,106Â 435,B01,1,1,1,0,1,0,-1,-1, -1,-1,2021,33.0,2,2,0,2,5,2,1,,1,AUTOROUTE A1,0,,3,8,0,1,9,0,1,, -1,2,0,1,110,29,1,2021,07:00,2,93,93007,1,1,0,5,AUTOROUTE A1,48.94353,2.43538,7,3,3
202100045727,120Â 014,A01,10,3,2,9,0,-1,-1,3,3,1,2021,49.0,0,2,0,1,1,15,1,,4,PALMISTES(PLACE DES),0,,1,1,0,1,(1),(1),1,, -1,1,0,1,50,31,3,2021,12:00,1,973,97302,2,2,0,6,PALMISTES(PLACE DES),4.9394739532,-52.3343564943,12,2,1
202100002213,197Â 837,B01,1,1,2,5,1,-1,-1,-1, -1,-1,2021,25.0,1,5,0,2,6,1,1,,1,A43   13.029 A 15.971,0,,3,9,0,1,14,699,1,, -1,2,0,1,130,4,12,2021,08:00,1,69,69288,1,1,1,2,A43   13.029 A 15.971,45.6719231142,5.0430679321,8,2,2
202100047725,116Â 439,A01,1,1,1,0,2,6,-1,-1, -1,-1,2021,23.0,1,1,0,2,1,2,1,,4,MAILLETS (RUE DES) NÂ° PAIRS 14 ET >,0,,3,2,0,2,0,0,1,, -1,1,0,1,50,7,3,2021,15:30,1,72,72181,2,1,0,2,MAILLETS (RUE DES) NÂ° PAIRS 14 ET >,48.01371,0.20814,15,2,2
202100021672,162Â 894,A01,10,3,1,5,0,-1,-1,3,3,1,2021,75.0,1,2,0,1,3,15,1,,4,,0,,1,0,0,1,0,0,1,, -1,1,0,1,50,31,8,2021,10:45,1,92,92002,2,3,0,6,MONT BLANC (RUE DU),48.73697,2.2884,10,2,1
202100000376,201Â 036,B01,2,2,2,5,2,-1,-1,0,0,-1,2021,17.0,0,1,0,2,7,1,1,,3,6007,0,D,2,2,0,1,5,860,1,, -1,2,0,1,50,27,12,2021,19:45,5,6,6079,2,6,0,3,rond point des mimosistes,43.549108,6.942426,19,3,2
202100048679,114Â 741,B01,1,1,1,1,2,6,-1,-1, -1,-1,2021,63.0,1,1,0,2,2,1,1,,4,LORRAINE,0,,2,3,0,1,(1),(1),1,, -1,2,0,1,50,22,2,2021,13:30,1,32,32013,2,1,0,3,LORRAINE,43.64949,0.5886,13,3,2
202100007962,187Â 496,B01,1,1,2,5,2,-1,-1,0,0,-1,2021,41.0,1,1,0,2,8,15,1,,3,21,-1,,2,2,0,1,12,100,1,, -1,1,0,1,80,26,8,2021,10:00,1,40,40089,1,2,0,3,Route d Amou,43.691887,-0.650882,10,2,2
202100043375,124Â 133,B01,2,1,1,5,2,8,-1,-1, -1,-1,2021,40.0,2,1,0,2,1,1,5,,3,PORTE DE TRIVAUX (RUE DE LA) NÂ°1 A 55 ET,0,,2,2,1,1,0,0,1,, -1,1,0,5,50,20,4,2021,17:35,1,92,92023,2,1,0,3,PORTE DE TRIVAUX (RUE DE LA) NÂ°1 A 55 ET,48.7877868225,2.2481197357,17,2,2
202100044649,121Â 907,B01,1,1,2,1,1,0,-1,-1, -1,-1,2021,31.0,1,2,0,2,4,1,1,,1,86 INT,0,,3,2,0,1,36,500,1,, -1,1,0,1,90,9,4,2021,09:00,1,94,94046,1,1,0,2,A86 INT,48.8108627407,2.4489178981,9,2,2
202100005025,192Â 805,B01,1,1,2,0,1,0,-1,-1, -1,-1,2021,42.0,3,2,0,2,1,1,1,,4,JASMIN(LOTISSEMENT),0,,2,2,0,1,(1),(1),3,, -1,1,0,1,50,2,12,2021,17:50,2,973,97302,2,1,0,1,JASMIN(LOTISSEMENT),4.9152736133,-52.3179104626,17,2,2
202100029409,149Â 211,A01,1,1,2,5,1,-1,-1,-1,0,-1,2021,37.0,1,2,4,0,8,13,1,,2,RN 104,0,,3,6,0,1,18,200,1,, -1,2,0,1,90,12,7,2021,14:30,1,95,95241,1,1,1,6,RN 104,49.04595,2.45237,14,1,1
202100013869,176Â 911,A01,1,1,1,4,2,6,-1,0,0,-1,2021,21.0,1,1,0,2,1,1,1,,4,LE GORGEU (NÂ°29 (TOTAL)-UBO(ALBERT 1ER ),0,,3,4,0,1,(1),(1),1,, -1,1,0,1,50,11,10,2021,20:05,2,29,29019,2,1,0,2,Avenue Victor le Gorgeu,48.40231,-4.50292,20,2,2
202100025901,155Â 392,B01,1,1,2,5,1,-1,-1,0,0,-1,2021,21.0,2,2,0,0,7,15,1,,7,38,0,D,3,2,0,1,2,500,1,, -1,1,0,1,50,2,8,2021,22:15,5,69,69088,2,3,0,3,MARRONIERS (DES) (AV),45.821573,4.86241,22,3,2
202100019705,166Â 422,B01,1,1,1,9,8,0,-1,-1, -1,-1,2021,23.0,3,1,0,2,1,9,5,,4,MARECHAL DE LATTRE DE TASSIGNY  ROND POI,0,,4,1,0,1,0,0,4,, -1,1,0,1,50,10,9,2021,20:00,5,13,13063,2,6,0,3,MARECHAL DE LATTRE DE TASSIGNY  ROND POI,43.58761,5.00266,20,3,2
202100009288,185Â 097,A01,10,3,1,5,0,-1,-1,4,5,1,2021,17.0,2,2,0,1,1,1,1,,4,RUE MADEMOISELLE,0,,1,1,0,1,(1),(1),1,, -1,1,0,1,50,5,11,2021,20:15,5,75,75115,2,2,0,6,RUE MADEMOISELLE,48.843612,2.295746,20,2,1
202100056431,101Â 029,A01,10,3,1,0,0,-1,-1,1,3,1,2021,37.0,1,1,0,1,3,1,1,,3,STALINGRAD (BD DE),0,,2,4,0,1,0,0,1,, -1,1,0,1,50,1,1,2021,19:55,5,94,94017,2,3,0,6,STALINGRAD (BD DE),48.82568,2.49533,19,2,1
202100008175,187Â 109,A01,1,1,1,5,1,-1,-1,0,0,-1,2021,61.0,2,2,0,2,3,13,1,,3,60,-1,,2,2,0,2,43,800,1,, -1,2,0,1,80,15,11,2021,17:15,2,71,71281,1,1,1,1,Lieu dit La palissade,46.598462,4.127469,17,3,2
202100019758,166Â 326,B01,2,2,2,5,1,-1,-1,0,0,-1,2021,29.0,1,2,0,2,1,2,1,,1,9,-1,,3,4,0,1,252,500,1,, -1,1,0,1,130,11,9,2021,06:15,3,66,66136,1,1,0,2,A9,42.721007,2.87432,6,4,2
202100055088,103Â 346,A01,1,1,1,0,1,0,-1,-1, -1,-1,2021,45.0,2,2,8,0,4,2,1,,3,DANIELLE CASANOVA (RUE)  59 =>,0,,2,2,0,1,0,1,1,, -1,1,0,1,50,14,1,2021,08:45,1,93,93001,2,1,0,2,Rue Danielle Casanova,48.91889,2.390444,8,2,2
202100012270,179Â 792,A01,10,3,1,0,8,8,-1,2,1,1,2021,29.0,0,0,0,1,1,26,0,,3,GAGARINE (BOULEVARD),0,,3,2,1,1,0,0,1,, -1,1,0,1,50,19,10,2021,12:20,1,93,93014,2,1,0,2,GAGARINE (BOULEVARD),48.905,2.54632,12,2,1
202100009863,184Â 071,A01,1,1,2,5,1,-1,-1,0,0,-1,2021,24.0,1,2,0,0,6,19,1,,2,149,0,N,2,2,0,1,39,193,1,,7,2,5,1,80,3,11,2021,17:10,1,79,79088,1,2,0,3,,46.814658,-0.396624,17,2,2
202100002610,197Â 116,B01,1,1,1,0,2,0,-1,-1, -1,-1,2021,35.0,1,1,0,2,3,2,0,,7,FOSSES (RUE DES FOSSES),0,,2,2,1,1,1,0,1,, -1,1,0,1,50,16,12,2021,12:35,1,45,45147,2,2,0,3,FOSSES (RUE DES FOSSES),47.9274911037,1.9248819351,12,2,2
202100047166,117Â 460,A01,1,1,2,0,1,-1,-1,0,0,-1,2021,31.0,2,2,0,0,8,15,1,,3,86,-1,D,2,2,0,1,69,530,1,, -1,1,0,1,80,20,3,2021,15:00,1,7,7349,1,1,0,3,D86,44.803002,4.786992,15,2,2
202100019430,166Â 905,A01,1,1,1,5,2,-1,-1,0,0,-1,2021,37.0,2,1,0,0,7,15,1,,3,4085,-1,,1,1,0,1,99,520,2,, -1,1,0,1,50,12,9,2021,21:20,5,4,4039,2,6,0,7,Giratoire RD 952 et RD 4085,43.846119,6.512613,21,1,1
202100003885,194Â 809,A01,1,1,2,2,1,-1,-1,0,0,-1,2021,33.0,1,2,6,0,1,1,1,,3,966,0,,2,2,0,2,38,0,3,, -1,5,0,8,50,10,12,2021,07:08,3,55,55574,2,1,1,6,10 Rue Grande,48.483226,5.609308,7,6,1
202100033830,141Â 287,B01,1,1,1,0,8,0,-1,-1, -1,-1,2021,18.0,1,1,0,2,8,15,3,,7,ROUTE DE CLISSON,0,,2,2,0,1,(1),(1),1,, -1,1,0,1,50,16,6,2021,21:15,1,44,44190,2,2,0,3,ROUTE DE CLISSON,47.1870299061,-1.4781513065,21,2,2
202100014585,175Â 639,B01,1,1,1,0,8,0,-1,-1, -1,-1,2021,56.0,1,1,0,2,0,2,5,,4,SELESTAT (RUE DE),0,,2,3,0,1,0,0,1,, -1,1,0,1,30,6,10,2021,11:30,1,67,67447,2,3,0,2,SELESTAT (RUE DE),48.61017,7.73949,11,2,2
202100028195,151Â 296,A01,9,2,2,5,1,-1,-1,0,0,-1,2021,68.0,1,2,0,2,1,17,1,,3,429,-1,,2,2,3,1,44,364,1,, -1,1,0,1,70,19,7,2021,15:00,1,68,68088,1,4,0,1,Route de Mulhouse,47.849836,7.276517,15,5,2
202100006083,190Â 929,A01,1,1,1,5,1,0,-1,-1, -1,-1,2021,19.0,1,2,0,2,1,2,1,,1,A86 INT,0,,3,3,0,1,41,400,1,, -1,2,0,1,90,27,11,2021,01:45,3,94,94002,1,1,1,2,A86 INT,48.7763,2.4294,1,2,2
202100004614,193Â 525,A01,4,2,1,5,8,0,-1,-1, -1,-1,2021,18.0,2,2,4,0,1,1,1,,1,A7   25.770 A 27.460,0,,1,3,0,1,27,0,2,, -1,2,0,1,110,4,12,2021,22:50,3,38,38544,1,1,1,7,A7   25.770 A 27.460,45.543286,4.851808,22,6,2
202100017351,170Â 630,A01,1,1,1,5,2,-1,-1,-1, -1,-1,2021,23.0,2,1,4,0,0,13,1,,1,AUTOROUTE A 10,0,,3,6,0,1,528,599,1,, -1,1,0,1,130,25,9,2021,02:19,3,33,33366,1,1,0,6,AUTOROUTE A 10,44.99544,-0.4268,2,4,2
202100051470,109Â 699,B01,1,1,1,1,8,-1,-1,0,0,-1,2021,41.0,2,2,0,2,1,1,1,,3,14,2,,2,2,0,2,20,200,3,, -1,5,0,1,80,10,2,2021,06:45,3,68,68200,1,4,1,1,D14bis,47.609537,7.100011,6,2,2
202100018790,168Â 054,B01,1,1,1,5,2,6,-1,0,0,-1,2021,20.0,2,1,0,2,1,1,1,,2,EMBRUN ( AVENUE D'),0,,2,2,0,1,71,111,1,, -1,1,0,1,50,14,9,2021,12:15,1,5,5061,2,1,0,3,EMBRUN ( AVENUE D'),44.56614,6.09397,12,2,2
202100041459,127Â 499,B01,1,1,2,5,2,-1,-1,0,0,-1,2021,31.0,3,1,0,2,7,19,5,,3,RD 44,-1,,2,2,0,1,(1),(1),1,,4,2,0,1,70,4,5,2021,12:35,1,52,52058,1,2,1,3,D44,48.204273,5.148817,12,2,2
202100012849,178Â 757,B01,1,1,2,0,1,-1,-1,0,0,-1,2021,56.0,2,2,0,2,1,1,1,,2,RN7 DEV PLV ,0,,2,3,0,1,51,530,2,, -1,1,0,1,70,16,10,2021,21:20,3,26,26252,1,1,0,1,Route Nationale 7,44.873386,4.865474,21,2,2
202100013502,177Â 596,B01,1,1,1,0,8,0,-1,-1, -1,-1,2021,54.0,2,1,0,2,0,25,5,,4,OBERHAUSBERGEN (ROUTE D ),0,,2,2,1,1,0,0,1,, -1,2,0,1,50,12,10,2021,07:50,1,67,67482,2,1,1,3,OBERHAUSBERGEN (ROUTE D ),48.5993724248,7.7010914683,7,2,2
202100046702,118Â 297,B01,1,1,2,1,2,6,9,0,0,-1,2021,51.0,1,1,0,2,1,1,1,,3,137,0,,2,2,3,1,57,610,1,, -1,1,5,1,90,26,3,2021,16:27,1,17,17336,1,2,0,1,Route Nationale 137,45.791732,-0.727503,16,2,2
202100046654,118Â 375,B01,1,1,1,5,2,0,-1,-1, -1,-1,2021,31.0,2,1,0,2,1,1,1,,4,R DE BRUNOY,0,,2,2,0,2,1,0,1,, -1,1,0,1,50,25,3,2021,18:20,1,94,94075,2,1,0,3,Rue de Brunoy,48.708551,2.529489,18,2,2
202100017569,170Â 219,A01,1,1,1,5,2,-1,-1,0,0,-1,2021,62.0,3,1,0,0,0,26,5,,4,,-1,,2,2,0,1,(1),(1),1,, -1,1,0,5,-1,22,9,2021,14:45,1,95,95592,1,1,0,7,Chemin des CarriÃ¨res,49.038075,1.87193,14,1,1
202100020718,164Â 595,B01,2,2,2,9,2,0,-1,0,0,-1,2021,21.0,1,1,0,2,2,17,1,,4,RUE BARON LE ROY,0,,2,2,0,1,(1),(1),1,, -1,1,0,1,30,5,9,2021,17:15,1,75,75112,2,2,0,3,RUE BARON LE ROY,48.835186,2.38734,17,6,2
202100022663,161Â 110,Z01,10,3,1,5,8,8,-1,5,1,1,2021,75.0,2,1,0,1,1,25,5,,4,RUE MONTGALLET,0,,1,1,0,2,(1),(1),1,, -1,1,0,4,50,25,8,2021,19:00,1,75,75112,2,1,0,6,RUE MONTGALLET,48.843911,2.388733,19,2,1
202100045495,120Â 417,A01,7,2,1,5,1,-1,-1,0,0,-1,2021,21.0,2,2,13,0,0,1,1,,1,5,0,,3,4,0,1,90,800,1,, -1,1,0,3,130,2,4,2021,22:20,3,10,10444,1,9,0,6,A5 PK 90+800,48.242569,3.610503,22,3,1
202100055400,102Â 821,A01,1,1,1,1,8,-1,-1,0,0,-1,2021,50.0,1,2,6,0,1,1,1,,3,2,0,D,2,2,0,4,30,493,4,, -1,2,0,3,70,13,1,2021,15:20,1,85,85204,1,1,1,6,BEL AIR,46.815157,-1.730003,15,1,1
202100033198,142Â 422,A01,1,1,2,5,1,5,-1,0,0,-1,2021,17.0,0,2,0,2,1,15,1,,4,SAINT ANDRE (ROUTE DE),0,,2,2,0,1,(1),(1),1,, -1,1,0,1,50,20,6,2021,13:25,1,27,27229,2,3,0,3,SAINT ANDRE (ROUTE DE),49.01159,1.16546,13,3,2
202100019033,167Â 617,A01,10,3,1,5,0,-1,-1,4,3,1,2021,33.0,3,1,0,1,1,1,1,,3,7,0,,2,4,0,1,0,0,1,, -1,2,0,1,70,14,9,2021,08:40,1,92,92026,2,1,1,6,MARECHAL JOFFRE (QUAI DU),48.9018865575,2.2801110236,8,2,1
202100039362,131Â 242,A01,1,1,1,1,0,-1,-1,0,0,-1,2021,21.0,1,0,0,0,2,23,3,,4,,0,,2,2,1,1,(1),(1),1,, -1,1,5,5,50,20,5,2021,17:00,1,85,85047,2,3,0,1,Route de Cholet,46.84976,-1.86471,17,2,2
202100003549,195Â 401,B01,1,1,1,0,8,-1,-1,-1, -1,-1,2021,31.0,2,1,0,2,1,26,5,,4,BROTTEAUX (DES)                     (BD),0,,2,2,2,1,(1),(1),1,, -1,2,0,1,50,10,12,2021,17:40,4,69,69386,2,1,1,1,BROTTEAUX (DES)                     (BD),45.76812,4.85696,17,2,2
202100020487,165Â 016,B01,1,1,1,0,1,0,-1,-1, -1,-1,2021,26.0,3,2,0,2,4,26,1,,2,11 - RT,0,,1,4,0,1,1,0,1,, -1,1,0,1,70,6,9,2021,12:23,1,202,202120,2,1,0,2,11 - RT,42.65,9.44,12,3,2
202100032952,142Â 855,B01,1,1,1,5,2,-1,-1,0,0,-1,2021,60.0,3,1,0,2,4,1,1,,7,,-1,,2,2,3,1,(1),(1),1,,4,1,0,1,50,19,6,2021,10:30,1,44,44009,2,6,0,3,Route du Loroux Bottereau,47.193522,-1.463043,10,2,2
202100040148,129Â 833,B01,1,1,1,5,2,8,-1,-1, -1,-1,2021,43.0,2,1,0,2,1,17,1,,3,AV DES MARTYRS DE SOWETO,0,,2,3,0,2,0,0,1,, -1,1,0,8,50,12,5,2021,16:45,1,91,91377,2,1,0,3,AV DES MARTYRS DE SOWETO,48.73395,2.26942,16,2,2
202100036744,136Â 026,A01,1,1,1,1,2,6,-1,-1, -1,-1,2021,63.0,1,1,0,2,1,3,1,,1,A86 INT,0,,1,3,0,1,41,400,1,, -1,1,0,1,90,3,6,2021,08:40,1,94,94028,1,1,0,4,A86 INT,48.7761421973,2.4306734133,8,3,3
202100050107,112Â 172,A01,1,1,1,5,8,-1,-1,0,0,-1,2021,41.0,3,2,8,0,1,14,1,,4,,-1,,2,2,0,2,(1),(1),2,, -1,1,0,3,50,26,2,2021,07:30,1,9,9223,2,1,0,6,la coumÃ¨re,42.8642680683,1.232894072,7,1,1
202100050611,111Â 223,A01,1,1,2,9,0,-1,-1,0,0,-1,2021,39.0,2,2,8,0,1,1,1,,4,,-1,,2,2,0,1,(1),(1),2,, -1,1,0,4,-1,23,2,2021,15:45,1,37,37077,2,1,0,6,Rue du Breuil,47.344510116,0.457731843,15,1,1
202100043384,124Â 114,A01,1,1,2,3,8,-1,-1,0,0,-1,2021,74.0,1,2,0,2,1,1,1,,3,943,-1,,2,2,0,1,10,500,1,, -1,1,8,1,90,20,4,2021,10:00,1,18,18225,1,1,0,2,D943,46.555076,2.279475,10,2,2
202100044728,121Â 765,A01,10,3,2,9,0,-1,-1,1,3,1,2021,13.0,0,2,0,1,1,15,1,,4,JOLIOT CURIE (RUE),0,,2,2,0,1,1,0,1,, -1,1,0,1,30,7,4,2021,16:45,1,93,93050,2,1,0,6,JOLIOT CURIE (RUE),48.8589494379,2.5284513099,16,2,1
202100013651,177Â 311,A01,1,1,1,2,1,-1,-1,-1, -1,-1,2021,31.0,3,2,0,4,3,15,1,,4,RUE ALPHONSE DAUDET,0,,1,1,0,1,(1),(1),1,, -1,1,0,1,30,12,10,2021,16:30,1,33,33281,2,1,0,3,Rue Alphonse Daudet,44.85272,-0.65689,16,2,2
202100038454,132Â 910,B01,1,1,1,1,0,-1,-1,0,0,-1,2021,19.0,3,1,0,2,1,9,5,,6,,-1,,-1,2,0,1,0,0,3,,0,2,0,1,50,24,5,2021,07:40,2,28,28280,2,1,1,1,Place du 11 Aout,48.322249,0.817012,7,2,2
202100050024,112Â 327,B01,1,1,1,3,2,6,-1,-1, -1,-1,2021,34.0,2,1,0,2,7,1,1,,7,DURAFOUR RUE ANTOINE,0,,2,2,0,2,6,500,1,, -1,1,0,1,50,24,2,2021,08:10,1,42,42123,2,3,0,3,Rue Antoine Durafour,45.5102011266,4.5760288797,8,2,2
202100012221,179Â 875,B01,1,1,1,2,2,0,-1,-1, -1,-1,2021,16.0,1,1,0,2,7,1,1,,4,SAINT-JACQUES (BOULEVARD),0,,1,2,0,1,0,0,1,, -1,1,9,1,50,19,10,2021,12:54,1,21,21054,2,1,0,3,SAINT-JACQUES (BOULEVARD),47.020753133,4.8375905094,12,2,2
202100006597,190Â 004,A01,2,2,2,1,8,-1,-1,-1, -1,-1,2021,24.0,1,3,0,2,1,1,1,2.0,4,CARREFOUR BD. ATLANTIQUE,0,,3,4,3,1,(1),(1),1,,20,1,5,6,50,23,11,2021,16:14,1,79,79191,2,2,0,3,Boulevard de lâAtlantique,46.3162,-0.47691,16,3,2
202100035440,138Â 364,C01,1,1,1,1,1,0,-1,-1, -1,-1,2021,28.0,1,1,0,2,1,3,1,,1,A4,0,,3,8,0,1,15,0,1,, -1,1,0,1,110,10,6,2021,18:25,1,93,93051,1,1,0,5,A4,48.8350147902,2.5786737505,18,3,3
202100033664,141Â 589,A01,1,1,1,0,2,8,-1,-1, -1,-1,2021,29.0,1,1,0,2,1,26,1,,3,PARIS (RUE DE),0,,3,2,0,3,1,0,1,, -1,2,1,6,50,17,6,2021,23:50,5,93,93053,2,9,1,4,Rue de Paris,48.900515,2.453078,23,3,3
202100025056,156Â 871,B01,2,2,2,5,1,-1,-1,0,0,-1,2021,86.0,1,2,0,2,2,1,1,,3,278,0,O,2,2,0,1,2,600,1,, -1,2,0,1,80,7,8,2021,14:30,1,7,7054,1,1,1,1,Route de Limis - RD 278,44.92966,4.3134158,14,3,2
202100055091,103Â 341,B01,1,1,2,0,0,-1,-1,0,0,-1,2021,75.0,0,1,0,2,1,19,5,,4,COMMANDANT PILOT (RUE DU),0,,1,1,0,1,0,0,2,, -1,2,0,1,50,14,1,2021,17:10,5,92,92051,2,2,1,6,COMMANDANT PILOT (RUE DU),48.8816252744,2.2780267613,17,2,2
202100037731,134Â 224,A01,2,2,1,5,2,0,-1,-1, -1,-1,2021,18.0,1,1,0,0,0,1,1,,4,LAROQUE (PROMENADE ROGER),0,,3,2,0,1,0,0,2,, -1,1,0,1,50,28,5,2021,18:21,5,988,98818,2,1,0,7,LAROQUE (PROMENADE ROGER),-22.3033,166.4348,18,2,1
202100018305,168Â 903,B01,1,1,1,1,2,6,-1,-1, -1,-1,2021,51.0,0,1,0,2,3,1,1,,4,,0,,2,3,0,1,(1),(1),1,, -1,1,0,1,50,17,9,2021,18:25,1,91,91377,2,1,0,3,RUE ROBERT SCHUMAN,48.728965,2.258207,18,2,2
202100019903,166Â 054,B01,1,1,1,9,2,0,-1,0,0,-1,2021,34.0,2,1,0,2,0,1,5,,4,BOULEVARD BRUNE,0,,3,2,0,1,(1),(1),1,, -1,1,0,1,50,9,9,2021,08:50,1,75,75114,2,2,0,3,BOULEVARD BRUNE,48.824901,2.318405,8,2,2
202100038658,132Â 533,A01,1,1,1,0,8,0,-1,-1, -1,-1,2021,23.0,1,2,9,0,3,13,1,,3,ARISTIDE BRIAND AVENUE,0,,3,4,0,1,0,0,1,, -1,1,0,1,50,23,5,2021,06:05,2,93,93046,2,1,0,1,ARISTIDE BRIAND AVENUE,48.9148,2.52758,6,2,1
202100006308,190Â 517,A01,10,3,1,9,0,-1,-1,3,3,1,2021,55.0,1,1,0,1,1,13,6,,3,VICTOR-HUGO (BD),0,,2,1,0,1,0,1,1,, -1,1,0,1,50,25,11,2021,16:30,2,93,93070,2,9,1,5,VICTOR-HUGO (BD),48.90366,2.32053,16,4,3
202100056285,101Â 289,B01,1,1,2,0,8,0,-1,-1, -1,-1,2021,33.0,2,1,0,9,8,19,5,,3,GENERAL LECLERC (AV DU),0,,2,4,0,1,0,0,1,, -1,1,0,1,50,4,1,2021,14:40,1,94,94046,2,1,0,3,GENERAL LECLERC (AV DU),48.809983,2.433749,14,2,2
202100015716,173Â 574,B01,2,2,1,0,1,0,-1,-1, -1,-1,2021,50.0,1,2,0,2,4,1,1,,1,AUTOROUTE A86,0,,2,4,0,1,51,799,1,, -1,1,0,1,70,2,10,2021,13:45,1,94,94034,1,1,0,2,AUTOROUTE A86,48.76198,2.3151,13,3,2
202100047494,116Â 869,B01,1,1,1,3,2,6,-1,-1, -1,-1,2021,45.0,3,1,0,2,1,26,1,,4,ASIE RUE DE L,0,,2,2,1,1,(1),(1),1,, -1,1,0,5,30,27,2,2021,15:05,1,59,59350,2,2,0,3,ASIE RUE DE L,50.60534,3.05325,15,2,2
202100028288,151Â 129,A01,10,3,1,0,8,8,-1,0,0,1,2021,12.0,1,2,0,2,0,26,1,,3,EUROPE (BOULEVARD DE L'),0,,1,4,0,1,1,0,1,, -1,1,0,3,50,17,7,2021,16:15,1,59,59392,2,1,0,7,EUROPE (BOULEVARD DE L'),50.2775947247,3.9672996104,16,2,1
202100033742,141Â 457,B01,4,2,1,0,1,-1,-1,0,0,-1,2021,16.0,2,2,0,2,1,1,1,,3,606,-1,,2,3,0,1,50,900,2,, -1,1,0,1,80,19,6,2021,14:20,1,89,89468,1,1,0,1,D606,48.016246,3.310475,14,5,2
202100017427,170Â 476,A01,2,2,1,9,1,0,-1,-1, -1,-1,2021,89.0,1,2,0,2,1,15,1,,3,RD 54,0,,2,2,0,1,1,175,1,, -1,1,0,1,50,22,9,2021,12:30,1,76,76026,2,1,0,1,RD 54,49.880836,1.121137,12,4,2
202100027206,153Â 084,B01,1,1,1,0,8,-1,-1,-1, -1,-1,2021,34.0,1,1,0,2,1,1,5,,4,GROS MALHON (AVENUE),0,,3,5,1,1,(1),(1),1,, -1,2,5,1,50,24,7,2021,19:20,1,35,35238,2,2,1,3,GROS MALHON (AVENUE),48.1278562475,-1.6833366307,19,2,2
202100011399,181Â 344,B01,1,1,2,1,8,0,-1,-1, -1,-1,2021,44.0,2,2,0,2,7,1,1,,4,MENPENTI (RUE),0,,1,2,0,2,0,0,3,, -1,1,0,1,50,23,10,2021,06:15,5,13,13206,2,2,0,3,MENPENTI (RUE),43.28313,5.3928,6,4,2