Num_Acc,id_vehicule,num_veh,place,catu,sexe,trajet,secu1,secu2,secu3,locp,actp,etatp,year_acc,victim_age,senc,catv,obs,obsm,choc,manv,motor,occutc,catr,voie,v1,v2,circ,nbv,vosp,prof,pr,pr1,plan,lartpc,larrout,surf,infra,situ,vma,jour,mois,an,hrmn,lum,dep,com,agg_,int,atm,col,adr,lat,long,hour,nb_victim,nb_vehicules
202100039119,131Â 703,A01,1,1,1,1,8,0,-1,0,0,-1,2021,21.0,3,1,0,2,1,15,5,,4,RD786,0,,2,2,0,1,(1),(1),1,, -1,1,0,1,50,24,4,2021,15:45,1,22,22187,2,2,0,3,RUE DU G.DE GAULLE,48.540279,-2.77112,15,2,2
202100026059,155Â 105,B01,1,1,1,1,1,-1,-1,0,0,-1,2021,32.0,2,2,0,2,1,5,1,,3,538,0,D,2,2,0,2,14,100,2,, -1,1,0,1,80,2,8,2021,04:30,3,38,38134,1,1,0,1,RD 538 cour,45.455856,4.99526,4,4,2
202100010789,182Â 451,A01,1,1,1,5,8,-1,-1,0,0,-1,2021,67.0,1,2,0,2,1,17,1,,3,22,-1,,2,2,0,1,19,0,1,, -1,1,0,1,80,27,10,2021,16:15,1,45,45135,1,1,0,2,Chambeaudoin,48.255277,2.040206,16,2,2
202100022414,161Â 575,B01,1,1,1,9,1,0,-1,0,0,-1,2021,40.0,0,2,0,2,8,0,1,,4,COOPERATIVE (RUE DE LA),0,,2,2,0,1,1,0,1,, -1,1,0,1,50,25,8,2021,20:50,1,71,71306,2,2,0,3,COOPERATIVE (RUE DE LA),46.6947686348,4.3615843208,20,2,2
202100016570,172Â 013,A01,1,1,1,0,1,-1,-1,0,0,-1,2021,24.0,1,2,0,0,9,1,1,,3,114,-1,,-1,2,0,2,2,320,3,, -1,1,0,3,80,24,9,2021,19:10,2,56,56001,1,1,0,7,Bois de Coueslay,47.634583,-2.152162,19,1,1
202100001256,199Â 519,A01,1,1,1,0,1,0,-1,-1, -1,-1,2021,23.0,1,2,6,0,3,0,1,,1,86,0,,1,4,0,1,75,300,3,, -1,2,1,1,70,26,12,2021,23:40,5,92,92063,1,1,1,6,A86,48.87164,2.15762,23,1,1
202100020756,164Â 533,B01,1,1,1,5,2,-1,-1,0,0,-1,2021,56.0,1,0,0,2,4,2,3,,3,D101,0,,2,2,0,1,3,35,1,, -1,1,0,1,80,6,9,2021,08:45,1,33,33193,1,1,0,2,,45.449956,-1.077969,8,2,2
202100054866,103Â 733,A01,10,3,1,0,0,-1,-1,3,3,1,2021,62.0,1,2,0,1,1,26,1,,3,D 1555(SORTIE VILLAGE VERS DRAGUIGNAN),0,,1,4,0,1,4,450,3,, -1,1,9,1,70,14,1,2021,08:25,1,83,83141,2,6,0,6,Route de Draguignan,43.50821,6.48172,8,2,1
202100013092,178Â 340,A01,10,3,2,0,0,-1,-1,3,3,1,2021,82.0,0,2,0,1,2,19,1,,3,CLEMENCEAU (BOULEVARD GEORGES),0,,2,1,0,1,49,245,1,, -1,1,0,1,50,15,10,2021,13:30,1,27,27375,2,6,0,6,CLEMENCEAU (BOULEVARD GEORGES),49.21015,1.17043,13,2,1
202100007599,188Â 156,B01,1,1,2,0,1,0,-1,0,0,-1,2021,41.0,2,2,0,2,1,1,1,,1,,-1,,1,1,-1,1,(1),(1),3,, -1,1,3,1,-1,17,11,2021,09:44,1,63,63113,2,4,0,1,POMPIDOU (BD GEORGES),45.8078,3.13152,9,2,2
202100028799,150Â 241,B01,1,1,1,4,2,6,-1,-1, -1,-1,2021,18.0,0,1,0,2,8,1,1,,4,,0,,2,2,0,1,0,0,1,, -1,1,0,1,30,15,7,2021,20:45,1,91,91434,2,2,0,3,JARDINET (AVENUE DU),48.65207,2.351366,20,2,2
202100045706,120Â 045,B01,1,1,1,9,2,-1,-1,0,0,-1,2021,67.0,1,1,0,2,3,2,1,,2,,-1,,2,2,-1,1,2,270,1,, -1,1,0,1,50,23,3,2021,18:15,1,33,33227,2,6,0,3,,44.538114,-0.242289,18,2,2
202100011783,180Â 650,A01,1,1,1,5,1,8,-1,-1, -1,-1,2021,38.0,1,2,0,0,9,26,1,,3,"RD58, ObÃ©lisque Ã  panneau ONF Bourron",0,,2,2,0,1,1,725,1,, -1,2,0,1,90,21,10,2021,18:50,2,77,77186,1,1,1,7,D58,48.38912,2.71193,18,1,1
202100048528,115Â 014,B01,1,1,1,0,1,0,-1,-1, -1,-1,2021,36.0,3,2,0,2,6,1,1,,3,RD 817,0,,2,2,0,1,35,150,3,, -1,1,0,1,70,10,3,2021,18:45,1,64,64335,1,6,0,5,RD 817,43.34427,-0.43057,18,3,3
202100011567,181Â 046,A01,1,1,1,5,2,6,-1,-1, -1,-1,2021,21.0,3,1,0,2,1,2,1,,4,PLANTOUN (AVENUE),0,,2,3,1,1,0,0,1,, -1,1,0,1,50,22,10,2021,19:40,5,64,64102,2,1,0,2,PLANTOUN (AVENUE),43.49417,-1.45823,19,2,2
202100006385,190Â 381,A01,10,3,2,0,0,-1,-1,3,3,1,2021,34.0,1,2,0,1,1,26,1,,2,MACE (BOULEVARD GABRIEL),0,,2,2,0,1,(1),(1),1,, -1,1,8,1,30,24,11,2021,09:20,1,974,97411,2,1,0,6,MACE (BOULEVARD GABRIEL),-20.87274,55.44848,9,2,1
202100016215,172Â 651,A01,1,1,2,0,8,0,-1,-1, -1,-1,2021,38.0,1,2,9,0,1,13,1,,3,CLOS BARBEY (ZAC DU ),0,,2,2,0,1,1,0,1,, -1,1,0,3,50,27,9,2021,22:37,5,14,14566,2,1,0,6,D126,49.20073,-0.39837,22,1,1
202100047757,116Â 383,B01,1,1,2,5,2,8,-1,-1, -1,-1,2021,52.0,1,1,0,2,1,1,1,,3,BADUEL (ROUTE DE),0,,2,1,0,1,3,400,1,, -1,1,0,1,50,16,3,2021,15:47,1,973,97302,2,1,0,3,BADUEL (ROUTE DE),4.92892,-52.30105,15,2,2
202100052804,107Â 336,B01,1,1,1,4,2,6,-1,-1, -1,-1,2021,31.0,3,1,0,2,7,15,1,,4,RUE DE TOLBIAC,0,,2,2,0,1,(1),(1),1,, -1,1,0,1,30,2,2,2021,18:30,5,75,75113,2,5,0,3,RUE DE TOLBIAC,48.826168,2.359994,18,2,2
202100016899,171Â 417,B01,1,1,1,0,1,-1,-1,-1, -1,-1,2021,19.0,2,2,0,2,1,1,1,,4,SAINT MARCEAUX (BOULEVARD DU NÂ°70 A FIN),0,,2,2,2,1,(1),(1),1,, -1,1,0,1,50,24,9,2021,12:25,1,51,51454,2,3,0,5,Boulevard Saint Marceaux,49.25313,4.04471,12,4,3
202100042222,126Â 156,A01,1,1,2,0,1,0,-1,-1, -1,-1,2021,22.0,-1,2,0,2,1,1,1,,3,STALINGRAD (Avenue),0,,3,4,1,1,0,1,1,, -1,1,0,1,50,26,4,2021,23:15,5,93,93072,2,2,0,3,STALINGRAD (Avenue),48.9469654236,2.3716994482,23,3,2
202100036669,136Â 166,A01,1,1,1,9,2,8,-1,-1, -1,-1,2021,49.0,1,1,0,2,8,3,1,,3,7,0,,1,2,0,2,0,0,2,, -1,1,0,1,50,2,6,2021,18:20,1,92,92064,2,9,0,3,MARECHAL JUIN,48.8374708365,2.221643345,18,2,2
202100019709,166Â 414,B01,1,1,1,4,2,6,-1,-1, -1,-1,2021,30.0,1,1,0,2,7,17,1,,4,,0,,1,2,0,3,1,0,1,, -1,2,0,1,50,8,9,2021,20:10,5,11,11069,2,7,0,3,VERDUN,43.21243,2.34669,20,2,2
202100017224,170Â 858,B01,1,1,1,5,0,-1,-1,0,0,-1,2021,52.0,3,0,0,2,3,1,3,,4,,-1,,2,2,0,1,(1),(1),4,,4,1,0,1,50,26,9,2021,10:35,1,35,35277,2,1,0,3,Rue Joseph Maudet,48.114348,-2.066175,10,2,2
202100046792,118Â 132,A01,1,1,1,5,8,0,-1,0,0,-1,2021,33.0,2,1,0,2,1,16,5,,4,RUE DUPETIT THOUARS,0,,1,1,2,1,(1),(1),1,, -1,1,-1,5,30,24,3,2021,16:56,1,75,75103,2,3,0,1,RUE DUPETIT THOUARS,48.865144,2.362245,16,2,2
202100053480,106Â 120,A01,1,1,1,1,2,8,-1,0,0,-1,2021,46.0,1,1,0,0,3,1,3,,4,RUE DE COURCELLES,0,,2,4,0,1,(1),(1),1,, -1,2,0,1,50,27,1,2021,08:50,1,75,75117,2,3,1,7,RUE DE COURCELLES,48.888333,2.293935,8,1,1
202100022142,162Â 058,A01,2,2,2,5,1,-1,-1,0,0,-1,2021,52.0,2,2,0,2,2,12,1,,1,10,-1,,1,3,0,2,189,189,1,,14,1,0,1,130,27,8,2021,16:15,1,37,37194,1,1,0,2,,47.4994646759,0.8522246243,16,3,2
202100021211,163Â 746,B01,1,1,1,9,1,0,-1,-1, -1,-1,2021,27.0,1,2,0,0,3,1,1,,3,8 MAI 45 (AVENUE DU 184 AU 240)  Z1,0,,3,2,1,1,0,1,1,, -1,1,0,1,50,2,9,2021,11:13,1,93,93007,2,9,0,3,8 MAI 45 (AVENUE DU 184 AU 240)  Z1,48.9510548199,2.4404791611,11,3,2
202100044942,121Â 399,B01,1,1,1,5,2,8,-1,-1, -1,-1,2021,39.0,2,1,0,2,8,1,5,,3,162,0,,2,2,0,1,6,50,1,, -1,1,0,1,30,2,4,2021,15:40,1,56,56162,2,1,0,3,LANN-ER-ROCH,47.73858,-3.45321,15,2,2
202100011506,181Â 156,B01,1,1,1,1,1,5,-1,-1, -1,-1,2021,38.0,1,2,0,2,4,1,1,,1,A51-Sens Marseille vers Aix en Provence,0,,1,3,0,1,3,900,1,, -1,1,0,1,90,22,10,2021,17:47,1,13,13019,1,1,0,4,A51-Sens Marseille vers Aix en Provence,43.418326,5.366307,17,5,4
202100043427,124Â 036,B01,2,2,1,5,2,0,-1,-1, -1,-1,2021,18.0,2,1,0,2,3,0,1,,4,DUME D'APLEMONT,0,,2,2,0,1,(1),(1),1,, -1,1,0,1,50,17,4,2021,14:30,1,76,76351,2,2,0,3,DUME D'APLEMONT,49.4975,0.12569,14,3,2
202100005716,191Â 589,A01,2,2,1,5,1,-1,-1,-1, -1,-1,2021,22.0,1,5,4,0,1,13,1,,1,A50,0,,3,6,0,4,62,0,2,, -1,2,0,1,110,25,11,2021,23:40,3,83,83090,1,1,1,6,A50,43.1221,5.83038,23,3,1
202100006232,190Â 664,A01,10,3,1,0,0,-1,-1,1,3,1,2021,10.0,1,2,0,1,1,16,1,,4,CERF BERR (RUE),0,,2,2,0,1,0,0,1,, -1,1,0,1,30,24,11,2021,17:25,5,67,67482,2,1,0,6,CERF BERR (RUE),48.58454,7.69195,17,2,1
202100026915,153Â 604,A01,10,3,1,5,0,-1,-1,3,3,1,2021,36.0,1,1,0,1,1,17,1,,3,98,-1,A,2,2,0,1,60,800,1,, -1,1,0,1,70,28,7,2021,09:30,1,83,83065,2,1,0,6,D98a,43.264042,6.6204,9,2,1
202100022819,160Â 820,A01,1,1,2,5,8,-1,-1,0,0,-1,2021,22.0,1,1,0,2,3,13,3,,4,DESCENTE ( ROUTE DE LA ),0,,-1,2,0,2,0,1,3,, -1,1,0,1,50,19,8,2021,21:00,5,5,5061,2,1,0,3,DESCENTE ( ROUTE DE LA ),44.573458237,6.0833976451,21,2,2
202100038643,132Â 562,A01,1,1,2,5,2,8,-1,-1, -1,-1,2021,49.0,1,1,1,0,0,14,1,,4,REPUBLIQUE (RUE DE LA),0,,1,1,0,1,(1),(1),1,, -1,1,0,1,30,23,5,2021,13:40,1,7,7281,2,1,0,6,REPUBLIQUE (RUE DE LA),44.94597,4.8457,13,1,1
202100007559,188Â 232,A01,10,3,2,5,0,-1,-1,1,3,1,2021,74.0,3,4,0,1,4,4,1,,4,,-1,,2,2,0,1,(1),(1),2,,4,1,0,1,50,26,7,2021,13:20,1,14,14191,2,3,0,6,Voie des Francais Libres,49.336858,-0.464848,13,2,1
202100012630,179Â 138,A01,1,1,1,5,1,0,-1,-1, -1,-1,2021,38.0,1,2,0,2,4,2,1,,3,CORBEIL (ROUTE DE),0,,2,2,0,1,0,0,1,, -1,1,0,1,50,17,10,2021,12:50,1,91,91667,2,1,0,2,CORBEIL (ROUTE DE),48.656499,2.339011,12,2,2
202100049936,112Â 483,A01,1,1,1,5,2,6,9,0,0,-1,2021,15.0,3,1,8,0,2,1,1,,4,,-1,,-1,1,0,1,(1),(1),1,, -1,1,0,8,50,28,2,2021,17:00,1,15,15077,1,1,0,6,,44.932815,2.882195,17,1,1
202100028214,151Â 263,B01,2,2,2,5,1,-1,-1,0,0,-1,2021,74.0,2,2,0,0,4,2,1,,3,46,-1,,2,2,0,1,31,275,1,, -1,1,0,1,90,19,7,2021,17:10,1,3,3254,1,1,0,4,RD46,46.317473,3.335155,17,6,5
202100030445,147Â 353,B01,1,1,2,1,2,0,-1,-1, -1,-1,2021,21.0,0,1,0,2,7,13,5,,4,,0,,1,4,2,1,0,0,1,, -1,1,0,5,50,6,7,2021,10:15,1,92,92051,2,1,0,3,"ROULE (AVENUE DU, NÂ° 29 A 91 ET 30 A 86)",48.8819767379,2.2797462344,10,2,2
202100039922,130Â 227,A01,10,3,2,0,0,-1,-1,0,0,-1,2021,56.0,0,2,0,1,0,19,0,,4,MAURICE DAUVERGNE (AVENUE),0,,2,1,3,1,0,0,1,, -1,1,6,8,50,14,5,2021,17:00,1,77,77285,2,9,0,6,MAURICE DAUVERGNE (AVENUE),48.543819239,2.6404316873,17,2,1
202100040913,128Â 492,A01,1,1,2,0,2,6,-1,-1, -1,-1,2021,17.0,1,1,0,2,1,2,1,,4,RÃPUBLIQUE (AVENUE DE LA) 106 AU 130 - 1,0,,1,1,0,1,(1),(1),1,, -1,1,0,1,50,5,5,2021,16:00,1,44,44184,2,1,0,2,RÃPUBLIQUE (AVENUE DE LA) 106 AU 130 - 1,47.28447,-2.21078,16,2,2
202100036266,136Â 853,A01,1,1,1,9,2,0,-1,0,0,-1,2021,41.0,1,1,0,2,2,5,5,,4,BOULEVARD GARIBALDI,0,,3,3,1,1,(1),(1),1,, -1,1,0,5,50,5,6,2021,20:30,1,75,75115,2,4,0,3,BOULEVARD GARIBALDI,48.84548,2.309578,20,2,2
202100004448,193Â 813,A01,1,1,1,0,2,6,-1,0,0,-1,2021,32.0,1,1,0,2,3,13,1,,7,6007,0,M,2,2,0,2,57,6,3,, -1,1,5,1,70,7,12,2021,11:20,1,6,6059,2,4,0,3,M6007,43.732344,7.382819,11,2,2
202100005457,192Â 036,A01,10,3,2,0,0,-1,-1,2,3,1,2021,35.0,3,2,0,1,2,1,1,,4,,-1,,3,2,0,1,(1),(1),1,,5,1,0,1,50,2,12,2021,15:50,1,27,27275,2,4,0,6,14 Rue Jean-Moulin,49.162021,1.337929,15,2,1
202100002380,197Â 528,A01,1,1,2,0,1,8,-1,-1, -1,-1,2021,53.0,0,2,1,0,0,14,1,,4,BELLES CROIX (RUE DES),0,,2,2,0,1,0,0,1,, -1,1,0,3,50,16,12,2021,15:55,1,91,91223,2,1,0,7,BELLES CROIX (RUE DES),48.4238,2.13627,15,1,1
202100008266,186Â 937,A01,10,3,2,5,0,-1,-1,4,3,1,2021,51.0,2,5,0,1,7,16,1,,3,,-1,,2,2,-1,1,1,0,1,, -1,1,0,1,50,12,11,2021,14:15,1,94,94081,2,2,0,6,Avenue Lucien FranÃ§ais,48.78929,2.3888,14,2,1
202100051882,108Â 961,A01,1,1,2,0,1,0,-1,-1, -1,-1,2021,39.0,1,2,4,2,2,1,1,,3,7,0,,-1,2,0,1,0,0,1,, -1,2,0,1,70,10,2,2021,12:55,1,91,91479,1,1,0,3,RTE DE FONTAINEBLEAU,48.72341,2.37044,12,2,2
202100053220,106Â 606,A01,1,1,1,9,8,0,-1,-1, -1,-1,2021,43.0,3,1,0,2,7,1,5,,4,HUGO   RUE VICTOR,0,,1,1,0,2,(1),(1),1,, -1,2,0,1,50,28,1,2021,08:59,1,17,17300,2,2,1,3,HUGO   RUE VICTOR,46.16121,-1.16728,8,3,2
202100019882,166Â 094,A01,1,1,2,1,2,8,-1,-1, -1,-1,2021,22.0,0,1,0,2,1,13,1,,4,RENNES (RUE DE),0,,2,2,0,1,1,0,1,, -1,2,0,1,50,6,9,2021,06:35,3,22,22106,2,1,1,1,RENNES (RUE DE),48.4933,-2.71033,6,2,2
202100020265,165Â 412,A01,1,1,1,0,2,6,-1,-1, -1,-1,2021,41.0,1,1,0,2,1,21,1,,3,MAI 1945 (AVENUE DU 8),0,,2,2,0,1,3,160,2,, -1,1,0,1,30,7,9,2021,10:00,1,64,64102,2,1,0,3,MAI 1945 (AVENUE DU 8),43.46297,-1.49577,10,2,2
202100030705,146Â 873,B01,2,2,2,5,1,8,-1,-1, -1,-1,2021,69.0,2,5,0,2,1,1,1,,4,RUE JACQUES IEKAWE,0,,2,2,0,2,0,0,1,, -1,2,2,1,50,1,7,2021,19:50,5,988,98818,2,1,1,1,RUE JACQUES IEKAWE,-22.22397,166.48107,19,3,2
202100038215,133Â 336,A01,10,3,2,3,0,-1,-1,2,3,1,2021,51.0,1,1,0,1,2,5,1,,4,RUE DU POTEAU,0,,1,1,1,1,(1),(1),1,, -1,1,0,5,30,26,5,2021,11:20,1,75,75118,2,4,0,6,RUE DU POTEAU,48.892758,2.343833,11,2,1
202100017321,170Â 691,A01,1,1,1,0,1,-1,-1,0,0,-1,2021,29.0,3,2,0,2,3,1,1,,7,D269,-1,,2,2,0,1,(1),(1),1,, -1,1,5,1,50,25,9,2021,02:26,5,38,38158,2,2,0,3,Rue Francois Quesnay,45.14794,5.735731,2,2,2
202100002705,196Â 936,A01,10,3,1,9,0,-1,-1,0,0,-1,2021,28.0,3,4,0,0,0,1,1,,4,,0,,-1,1,0,2,(1),(1),1,,3,9,0,8,30,17,12,2021,11:15,1,1,1262,1,1,0,6,Chemin de Fructivert,45.884411,5.03132,11,2,1
202100008076,187Â 298,A01,1,1,1,0,2,6,-1,0,0,-1,2021,43.0,1,1,0,2,1,17,1,,3,,-1,,2,2,0,1,22,780,2,,3,1,0,1,80,13,11,2021,18:40,3,35,35173,1,1,0,1,D27,48.195595,-1.697259,18,2,2
202100012383,179Â 577,B01,1,1,2,0,8,0,-1,-1, -1,-1,2021,60.0,1,1,0,2,1,1,0,,4,DUGUESCLIN                          (R ),0,,2,2,1,1,(1),(1),1,, -1,1,0,1,30,18,10,2021,11:30,1,69,69386,2,1,0,3,DUGUESCLIN (R),45.7640352491,4.8482108116,11,2,2
202100042617,125Â 447,B01,1,1,1,0,2,8,-1,-1, -1,-1,2021,34.0,1,1,0,2,4,1,1,,3,DOCTEUR DERVAUX  ( QUAI DU ),0,,3,2,0,1,0,0,1,, -1,1,0,1,70,25,4,2021,16:55,1,92,92004,2,3,0,5,DOCTEUR DERVAUX  ( QUAI DU ),48.9070480385,2.2916217148,16,4,4
202100001546,199Â 039,A01,10,3,2,0,0,-1,-1,3,3,1,2021,56.0,1,2,0,1,7,1,1,,3,,-1,,2,2,0,1,(1),(1),1,,6,1,0,1,30,23,12,2021,10:30,1,68,68278,2,3,0,6,2 Rue Zuber,47.745086,7.399417,10,2,1
202100001501,199Â 108,B01,1,1,1,9,8,0,-1,0,0,-1,2021,55.0,1,1,1,2,1,18,1,,4,RUE DES CAPUCINES,0,,1,1,0,1,(1),(1),1,, -1,1,0,1,50,23,12,2021,15:40,1,75,75101,2,5,0,2,RUE DES CAPUCINES,48.869797,2.328151,15,3,2
202100016148,172Â 777,B01,1,1,2,0,1,0,-1,0,0,-1,2021,25.0,1,2,0,2,7,1,1,,7,MON DESERT (RUE),0,,1,1,0,1,(1),(1),1,, -1,1,0,1,50,28,9,2021,18:35,5,54,54395,2,2,0,3,MON DESERT (RUE),48.6841026455,6.176717955,18,2,2
202100051695,109Â 288,A01,1,1,1,4,1,0,-1,-1, -1,-1,2021,57.0,3,2,0,2,3,13,1,,7,RN 268,0,,3,3,0,2,0,0,2,, -1,1,0,1,90,10,2,2021,19:30,3,13,13078,1,1,0,3,RN 268,43.4155925128,4.8028332254,19,2,2
202100054634,104Â 132,A01,1,1,1,1,2,-1,-1,0,0,-1,2021,51.0,2,1,0,2,1,2,1,,7,M6007,-1,,2,2,0,1,57,30,3,, -1,1,0,1,70,18,1,2021,17:43,5,6,6059,1,1,0,2,707 Avenue Georges Clemenceau,43.73036,7.377516,17,2,2
202100055863,102Â 029,A01,10,3,1,5,0,-1,-1,6,1,1,2021,67.0,0,2,0,1,2,0,1,,4,,-1,,2,2,0,3,(1),(1),2,, -1,1,0,3,50,9,1,2021,17:10,2,74,74010,2,1,0,6,R des Machurettes,45.960779,6.098013,17,3,1
202100019189,167Â 328,A01,1,1,2,0,1,0,-1,-1, -1,-1,2021,78.0,1,2,10,0,1,1,1,,4,24 AVRIL 15 (AVENUE DU),0,,-1,1,0,1,0,0,3,, -1,1,0,1,50,13,9,2021,14:15,1,13,13212,2,1,0,1,24 AVRIL 15 (AVENUE DU),43.31,5.44,14,1,1
202100036059,137Â 226,B01,1,1,2,5,8,0,-1,-1, -1,-1,2021,19.0,2,1,0,2,1,26,3,,4,104Â° R.I. (RUE DU),0,,1,1,0,1,0,0,1,, -1,1,5,1,30,5,6,2021,19:45,1,61,61006,2,2,1,3,104Â° R.I. (RUE DU),48.74450999,-0.015540002,19,2,2
202100024477,157Â 915,B01,1,1,1,5,1,-1,-1,-1, -1,-1,2021,43.0,2,2,0,2,4,0,1,,2,RN346   29.300 A 34.350,0,,2,5,0,1,30,100,1,, -1,2,0,1,90,1,8,2021,04:30,3,69,69275,1,1,0,2,RN346   29.300 A 34.350,45.78378,4.95647,4,2,2
202100045668,120Â 107,A01,1,1,1,1,2,-1,-1,0,0,-1,2021,20.0,1,1,8,2,0,17,0,,4,,-1,,2,2,0,1,(1),(1),1,, -1,1,0,1,30,2,4,2021,07:00,1,974,97415,2,1,0,3,47 rue St Louis,-21.006698,55.276283,7,3,3
202100022214,161Â 939,A01,1,1,1,0,2,0,-1,-1, -1,-1,2021,20.0,3,1,0,2,3,1,1,,4,m'tsapere-Belle vue ( rue ),0,,2,1,0,1,0,0,1,, -1,1,0,1,50,27,8,2021,05:47,1,976,97611,2,1,0,7,m'tsapere-Belle vue ( rue ),-12.7842,45.22306,5,1,1
202100000566,200Â 690,A01,1,1,2,1,1,0,-1,-1, -1,-1,2021,40.0,1,2,0,2,1,1,1,,4,,0,,2,1,0,1,(1),(1),1,, -1,1,0,1,50,9,11,2021,08:52,1,37,37261,2,2,0,3,CALAIS (RUE DE),47.4214475882,0.6860545,8,2,2
202100024389,158Â 088,A01,1,1,1,1,1,-1,-1,0,0,-1,2021,20.0,2,2,6,0,1,13,1,,3,1516,0,,2,2,0,1,6,300,1,, -1,1,0,3,50,14,8,2021,03:15,4,38,38029,2,1,0,6,575 Route de Lyon,45.577513,5.520997,3,1,1
202100003750,195Â 052,B01,1,1,1,1,2,6,-1,-1, -1,-1,2021,27.0,1,1,0,2,8,1,0,,4,,0,,-1,2,0,1,0,0,1,, -1,2,0,1,50,10,12,2021,08:00,5,92,92062,2,2,1,3,WALLACE (BD RICHARD) DU 17 AU 91 ET DU 3,48.8808143449,2.237842083,8,2,2
202100026838,153Â 746,A01,2,2,2,5,2,8,-1,-1, -1,-1,2021,26.0,2,1,0,0,4,1,1,,4,LAKANAL RUE,0,,1,0,0,1,0,0,1,, -1,1,0,1,30,26,7,2021,18:05,1,9,9225,2,1,0,7,LAKANAL RUE,43.11684,1.61193,18,2,1
202100031818,144Â 881,A01,1,1,1,0,2,0,-1,-1, -1,-1,2021,43.0,1,1,0,0,0,1,1,,4,SITE (ROUTE DU SITE),0,,2,2,0,2,0,0,1,, -1,1,0,1,50,28,6,2021,07:50,1,974,97416,1,1,0,7,SITE (ROUTE DU SITE),-21.29532,55.48785,7,1,1
202100032478,143Â 719,A01,10,3,1,2,0,-1,-1,2,3,1,2021,12.0,1,2,0,2,3,1,1,,4,GENERAL METMAN,0,,2,2,0,1,0,0,1,, -1,1,0,1,50,23,6,2021,12:47,1,57,57463,2,1,0,6,GENERAL METMAN,49.12022,6.21435,12,2,1
202100050828,110Â 828,B01,1,1,2,3,1,-1,-1,0,0,-1,2021,51.0,2,2,0,2,2,1,1,,3,2,0,,2,2,0,1,15,450,4,, -1,1,0,1,90,20,2,2021,17:35,1,52,52550,1,1,0,1,D2,48.515833,4.93601,17,2,2
202100043825,123Â 347,A01,9,2,1,4,8,-1,-1,0,0,-1,2021,52.0,1,2,2,0,8,1,3,,3,58,0,D,2,2,0,1,3,20,2,, -1,1,0,3,80,16,4,2021,16:40,1,44,44165,1,1,0,6,D58,47.068054,-1.320548,16,5,1
202100006871,189Â 503,C01,1,1,2,1,1,-1,-1,0,0,-1,2021,35.0,1,2,0,2,3,1,1,,3,943,-1,,2,2,0,1,5,400,1,, -1,1,0,1,90,22,11,2021,08:20,1,37,37269,1,1,0,5,,47.0703964086,1.0759347481,8,3,3
202100045917,119Â 682,A01,10,3,2,2,0,-1,-1,2,3,2,2021,9.0,1,2,0,1,3,1,1,,4,MONTJAY (AVENUE DE),0,,2,2,0,1,0,0,1,, -1,1,0,1,30,30,3,2021,13:30,1,91,91471,2,1,0,7,MONTJAY (AVENUE DE),48.685811,2.183442,13,2,1
202100056256,101Â 341,B01,1,1,1,0,2,0,-1,0,0,-1,2021,25.0,1,1,0,2,1,1,1,,4,,0,,2,2,0,1,(1),(1),1,, -1,1,0,1,30,4,1,2021,17:50,5,54,54395,2,1,0,1,JUIN (AVENUE DU MARE,48.67879,6.17131,17,2,2
202100048087,115Â 795,A01,1,1,1,5,2,6,-1,0,0,-1,2021,21.0,1,1,0,0,0,13,1,,7,15,0,,2,2,0,2,32,500,2,, -1,1,0,3,80,12,3,2021,16:52,1,13,13082,1,1,1,7,D15,43.657976,5.36165,16,1,1
202100014283,176Â 168,B01,1,1,1,5,2,6,-1,0,0,-1,2021,42.0,0,1,0,2,8,14,1,,3,139,0,D,2,2,0,2,(1),(1),1,, -1,1,5,1,80,10,10,2021,16:00,1,67,67203,1,6,0,3,Croisement RD 139 RD 519,48.783625,7.673264,16,2,2
202100047260,117Â 285,B01,1,1,1,9,8,0,-1,-1, -1,-1,2021,37.0,3,1,0,2,1,26,6,,4,ROUGET DE LISLE,0,,2,0,0,1,0,0,1,, -1,1,0,1,50,20,3,2021,15:30,1,93,93051,2,1,0,3,ROUGET DE LISLE,48.8455,2.5629,15,2,2
202100009835,184Â 116,A01,1,1,1,1,2,6,-1,0,0,-1,2021,17.0,2,1,0,2,1,1,1,,3,32,-1,,2,2,0,1,38,457,1,, -1,1,9,1,90,3,11,2021,07:50,1,34,34029,1,2,0,3,D32,43.550683,3.486786,7,2,2
202100001284,199Â 467,B01,1,1,1,4,8,0,-1,-1, -1,-1,2021,27.0,1,1,0,2,1,26,1,,4,LARREY,0,,2,2,0,1,1,0,1,, -1,2,0,1,30,26,12,2021,21:03,5,49,49007,2,2,0,3,LARREY,47.4786,-0.55621,21,2,2
202100029510,149Â 046,A01,1,1,2,5,1,-1,-1,0,0,-1,2021,45.0,3,2,13,0,9,1,1,,3,652,0,D,3,2,0,1,8,500,2,, -1,1,0,3,80,1,7,2021,23:55,3,40,40287,1,1,0,7,Route de Biscarrosse,44.463237,-1.089406,23,1,1
202100001535,199Â 059,B01,2,2,2,5,1,-1,-1,0,0,-1,2021,26.0,1,2,0,2,1,1,2,,3,148,-1,,2,3,0,1,15,400,1,, -1,2,5,1,80,25,12,2021,18:00,3,85,85244,1,2,1,3,"RD 148, PR 15+400",46.431688,-0.731301,18,3,2
202100040255,129Â 647,A01,2,2,1,5,8,-1,-1,0,0,-1,2021,38.0,1,2,13,0,1,1,1,,3,441,-1,,2,2,0,1,0,360,2,, -1,1,0,3,80,13,5,2021,13:50,1,49,49228,1,1,0,6,D441,47.504345,0.133166,13,2,1