Num_Acc,id_vehicule,num_veh,place,catu,sexe,trajet,secu1,secu2,secu3,locp,actp,etatp,year_acc,victim_age,senc,catv,obs,obsm,choc,manv,motor,occutc,catr,voie,v1,v2,circ,nbv,vosp,prof,pr,pr1,plan,lartpc,larrout,surf,infra,situ,vma,jour,mois,an,hrmn,lum,dep,com,agg_,int,atm,col,adr,lat,long,hour,nb_victim,nb_vehicules
202100038263,133Â 255,A01,1,1,1,5,2,-1,-1,0,0,-1,2021,16.0,1,1,14,0,0,1,1,,3,94,0,D,2,2,0,1,1,(1),1,, -1,2,0,1,50,24,5,2021,13:30,1,22,22236,2,1,1,7,Rue de la Vieille Fontaine,48.664157,-2.985037,13,1,1
202100028315,151Â 081,B01,1,1,1,9,2,6,-1,0,0,-1,2021,28.0,1,1,0,2,2,17,1,,4,RUE CUSTINE,0,,2,2,0,1,(1),(1),1,, -1,1,0,1,50,18,7,2021,11:55,1,75,75118,2,5,0,3,RUE CUSTINE,48.888866,2.346528,11,2,2
202100027192,153Â 112,B01,3,2,2,0,1,-1,-1,-1, -1,-1,2021,8.0,3,2,0,2,1,9,1,,4,JULES FERRY                         (R ),0,,2,2,0,1,(1),(1),1,, -1,2,0,1,50,24,7,2021,16:30,1,69,69259,2,9,1,3,JULES FERRY (R),45.7000278172,4.8857673258,16,5,2
202100025321,156Â 397,Y01,1,1,1,9,8,0,-1,0,0,-1,2021,52.0,3,1,0,2,1,19,5,,4,,0,,2,2,1,1,(1),(1),4,, -1,1,5,1,30,5,8,2021,12:20,1,6,6027,2,6,0,3,CLAVERIE RUE DU BRIGADIER,43.6627,7.152998,12,2,2
202100050795,110Â 887,B01,1,1,1,5,2,-1,-1,0,0,-1,2021,67.0,2,1,0,2,1,1,5,,3,225,0,,2,2,0,2,45,600,1,, -1,1,0,1,50,21,2,2021,11:45,1,74,74150,2,1,0,1,Rte de Marcorens,46.272817,6.313287,11,2,2
202100028752,150Â 331,A01,9,2,1,5,1,-1,-1,0,0,-1,2021,18.0,1,2,14,2,2,12,1,,2,250,-1,,3,4,3,1,39,110,1,, -1,1,3,6,70,17,7,2021,02:15,3,33,33199,1,9,0,2,N250,44.61612,-1.104858,2,3,2
202100001063,199Â 864,B01,1,1,2,9,8,0,-1,0,0,-1,2021,39.0,1,1,0,2,7,1,5,,4,RUE LA FAYETTE,0,,2,2,0,1,(1),(1),1,, -1,2,0,1,30,28,12,2021,19:52,5,75,75110,2,2,0,3,RUE LA FAYETTE,48.88133,2.364722,19,2,2
202100016033,173Â 001,A01,1,1,1,4,1,0,-1,-1, -1,-1,2021,39.0,1,2,0,2,4,26,2,,1,A50-Sens Marseille vers Aubagne,0,,3,3,0,1,6,99,1,, -1,1,0,1,90,30,9,2021,15:45,1,13,13211,1,1,0,2,A50-Sens Marseille vers Aubagne,43.29458,5.46618,15,2,2
202100016306,172Â 490,A01,1,1,1,1,0,-1,-1,0,0,-1,2021,27.0,2,2,0,2,3,13,1,,3,1,0,,2,2,0,3,31,150,1,, -1,1,0,1,110,29,9,2021,18:00,1,988,98826,1,1,0,1,RPN1,-20.250063,164.075,18,2,2
202100021109,163Â 925,B01,1,1,1,1,2,0,-1,-1, -1,-1,2021,30.0,3,1,0,2,1,0,1,,3,ROUGET DE L ISLE (AV),0,,2,2,0,1,0,1,1,, -1,1,0,1,50,2,9,2021,21:00,5,94,94081,2,2,0,3,ROUGET DE L ISLE (AV),48.7782,2.3965,21,2,2
202100042755,125Â 220,A01,10,3,1,5,0,-1,-1,1,6,1,2021,40.0,2,1,0,1,1,1,1,,3,53,0,D,2,2,0,2,16,760,1,, -1,1,0,1,50,24,4,2021,15:36,1,6,6150,2,1,0,6,50 Route de Beausoleil,43.749535,7.409299,15,2,1
202100000793,200Â 299,Z01,10,3,1,0,8,8,-1,5,1,1,2021,45.0,3,2,12,1,1,1,1,,4,THOMAS (RUE ALBERT),0,,1,1,0,1,0,0,3,, -1,1,0,4,50,31,12,2021,15:25,1,93,93013,2,1,0,1,THOMAS (RUE ALBERT),48.93527,2.43394,15,2,1
202100036618,136Â 254,A01,2,2,1,9,1,0,-1,-1, -1,-1,2021,26.0,1,2,11,0,9,26,1,,3,TOULOUSE (ROUTE DE),0,,2,2,0,2,54,200,2,, -1,1,0,1,50,2,6,2021,21:10,1,32,32013,2,6,0,7,TOULOUSE (ROUTE DE),43.6539,0.6112,21,2,1
202100044311,122Â 461,A01,10,3,2,5,0,-1,-1,3,3,1,2021,58.0,1,2,0,1,0,11,0,,4,GAMBETTA (RUE),0,,-1,1,1,1,0,0,1,, -1,1,0,1,50,12,4,2021,18:40,2,93,93048,2,1,0,6,GAMBETTA (RUE),48.8533465283,2.429968345,18,2,1
202100016990,171Â 252,B01,1,1,1,4,1,8,-1,-1, -1,-1,2021,39.0,3,5,0,2,4,1,1,,2,RTE N113 MARSEILLE A BORBEAUX,0,,3,4,0,1,75,345,1,, -1,1,0,1,110,25,9,2021,05:25,3,13,13004,1,1,0,2,RTE N113 MARSEILLE A BORBEAUX,43.65745,4.64905,5,2,2
202100020738,164Â 563,A01,2,2,2,5,1,-1,-1,0,0,-1,2021,52.0,1,5,0,2,3,17,1,,3,68,-1,,-1,2,0,1,6,700,1,, -1,1,0,1,90,5,9,2021,18:40,1,49,49017,1,1,0,5,D68,47.64168,-0.346883,18,4,3
202100042493,125Â 665,A01,1,1,2,1,2,6,-1,0,0,-1,2021,53.0,2,1,0,2,7,16,1,,4,RUE DE BAGNOLET,0,,2,2,0,1,(1),(1),1,, -1,1,0,1,50,26,4,2021,11:35,1,75,75120,2,3,0,3,RUE DE BAGNOLET,48.85817,2.400366,11,2,2
202100010575,182Â 828,B01,1,1,1,1,2,6,-1,-1, -1,-1,2021,49.0,1,1,0,2,2,1,1,,3,MARCEL BONNET (R),0,,-1,0,0,1,0,0,1,, -1,1,0,1,50,28,10,2021,14:01,1,94,94016,2,1,0,3,Rue Marcel Bonnet,48.79625,2.3222,14,2,2
202100027310,152Â 910,A01,1,1,1,5,2,6,-1,-1, -1,-1,2021,37.0,1,1,3,0,4,0,1,,2,441,0,,1,1,0,1,1,0,1,, -1,1,0,1,70,24,7,2021,17:35,1,91,91521,1,1,0,6,RD 31,48.64047,2.39463,17,1,1
202100055028,103Â 450,A01,10,3,2,0,0,-1,-1,3,3,2,2021,47.0,1,2,0,1,3,15,1,,4,FESSENHEIM (RUE DE),0,,2,2,0,1,(1),(1),1,, -1,1,0,1,30,13,1,2021,14:15,1,67,67482,2,3,1,6,Rue de Fessenheim,48.598651297,7.7107244636,14,2,1
202100027977,151Â 696,B01,1,1,1,4,1,0,-1,-1, -1,-1,2021,41.0,2,5,0,0,2,1,1,,3,VERDUN (AV DE),0,,2,4,0,1,1,0,1,, -1,1,0,1,50,19,7,2021,18:30,1,94,94041,2,2,0,3,VERDUN (AV DE),48.81306,2.37041,18,4,2
202100027163,153Â 165,B01,2,2,2,0,1,-1,-1,0,0,-1,2021,33.0,2,2,0,2,4,1,1,,3,12,-1,,2,2,0,1,19,350,1,, -1,2,0,1,70,26,7,2021,17:20,1,60,60116,1,1,1,4,,49.3114813681,2.3368226875,17,8,3
202100018769,168Â 093,A01,1,1,1,0,2,8,-1,-1, -1,-1,2021,17.0,1,1,0,2,1,1,1,,2,RN136,0,,3,4,0,1,5,110,1,, -1,1,0,1,90,15,9,2021,18:00,1,35,35238,1,1,0,2,RN136,48.092048,-1.626963,18,2,2
202100045424,120Â 536,A01,1,1,1,1,2,6,-1,0,0,-1,2021,60.0,2,1,0,2,3,15,1,,4,AVENUE RAYMOND POINCARE,0,,2,2,0,1,(1),(1),1,, -1,1,0,1,50,2,4,2021,18:05,1,75,75116,2,2,0,4,AVENUE RAYMOND POINCARE,48.86625,2.286216,18,4,3
202100044605,121Â 987,A01,10,3,1,0,0,-1,-1,1,3,1,2021,45.0,2,2,0,1,1,1,1,,3,REPUBLIQUE (AV DE LA),0,,-1,2,0,1,1,0,1,, -1,2,0,1,50,9,4,2021,19:40,5,94,94017,2,1,1,6,Avenue de la RÃ©publique,48.823255,2.51042,19,3,2
202100028708,150Â 403,A01,2,2,2,5,1,0,-1,-1, -1,-1,2021,27.0,3,1,0,1,1,19,3,,9,KUPKA (RUE FRANCK) TOUR,0,,-1,1,0,1,0,0,1,, -1,1,6,6,25,16,7,2021,17:25,1,92,92062,2,9,0,6,KUPKA (RUE FRANCK) TOUR,48.891011,2.232949,17,3,1
202100012581,179Â 228,A01,9,2,2,5,1,-1,-1,0,0,-1,2021,14.0,2,2,15,2,3,1,1,,3,247E1,-1,,2,2,0,1,0,600,1,, -1,1,0,1,30,15,10,2021,23:15,5,33,33230,2,2,0,3,Lieu Dit Peuchaud,45.092096,-0.285999,23,4,2
202100022345,161Â 702,A01,1,1,1,5,1,-1,-1,0,0,-1,2021,26.0,2,2,3,0,8,26,1,,1,83,0,,1,4,0,1,59,0,1,, -1,1,0,1,110,27,8,2021,20:45,1,85,85232,1,1,0,6,A83,46.683834,-1.156322,20,1,1
202100018300,168Â 912,A01,1,1,2,0,1,-1,-1,-1, -1,-1,2021,33.0,0,2,0,2,5,19,1,,4,EMILE ZOLA                          (R ),0,,3,2,0,1,(1),(1),1,, -1,1,0,1,30,7,9,2021,10:00,1,69,69199,2,2,0,3,EMILE ZOLA (R),45.7107768267,4.8625552654,10,2,2
202100055756,102Â 201,A01,1,1,1,9,1,0,-1,-1, -1,-1,2021,44.0,2,2,6,0,8,16,1,,4,,0,,1,1,0,2,0,0,3,, -1,2,0,1,30,8,1,2021,10:15,1,91,91691,2,1,0,6,CAMALDULES(RUE,48.71433,2.5069,10,1,1
202100031103,146Â 146,A01,1,1,1,1,1,0,-1,-1, -1,-1,2021,33.0,2,5,0,0,0,1,1,,7,GANCE (BOULEVARD ABEL),0,,3,4,0,2,4,600,1,, -1,1,0,3,50,1,7,2021,10:20,1,37,37261,2,1,0,7,GANCE (BOULEVARD ABEL),47.4256466589,0.71095233,10,1,1
202100040843,128Â 629,A01,1,1,2,5,2,6,-1,0,0,-1,2021,58.0,2,1,0,2,1,1,1,,3,4085,-1,,2,2,0,2,98,960,1,, -1,1,0,1,50,9,5,2021,13:35,1,4,4039,2,9,0,3,RD 4085 (station Total),43.849756,6.508761,13,2,2
202100025976,155Â 248,A01,2,2,2,5,1,5,-1,-1, -1,-1,2021,23.0,2,2,8,0,1,13,1,,3,SAINT BARTHELEMY (RUE DE),0,,-1,2,0,1,0,162,3,, -1,1,0,1,50,1,8,2021,19:55,1,61,61397,1,1,0,6,SAINT BARTHELEMY (RUE DE),48.42201,0.05738,19,2,1
202100013971,176Â 728,A01,1,1,1,0,8,0,-1,-1, -1,-1,2021,45.0,1,2,0,2,1,11,1,,2,RN12,0,,1,2,0,1,22,240,1,, -1,1,3,1,110,10,10,2021,21:50,3,78,78646,1,9,0,2,RN12,48.79092,2.10767,21,4,2
202100008839,185Â 942,B01,3,2,1,9,1,0,-1,0,0,-1,2021,26.0,1,2,0,2,7,1,1,,4,BOULEVARD SAINT GERMAIN,0,,1,3,0,1,(1),(1),1,, -1,1,0,1,30,7,11,2021,01:30,5,75,75106,2,2,0,3,BOULEVARD SAINT GERMAIN,48.854472,2.330462,1,7,2
202100012311,179Â 727,A01,1,1,2,1,1,9,-1,0,0,-1,2021,48.0,2,2,0,2,7,9,1,,3,1032,0,,2,2,0,1,0,545,1,, -1,2,5,1,80,20,10,2021,07:39,3,2,2461,1,2,1,3,D1032,49.597805,3.131447,7,2,2
202100036911,135Â 723,A01,1,1,1,5,0,-1,-1,0,0,-1,2021,49.0,2,1,6,0,1,16,1,,4,,-1,,2,2,0,1,(1),(1),1,, -1,1,0,8,30,2,6,2021,18:40,1,4,4145,2,3,0,6,MontÃ©e des Oliviers,44.13511,5.958581,18,1,1
202100022709,161Â 007,B01,1,1,1,5,0,0,-1,-1, -1,-1,2021,17.0,3,1,0,2,7,19,5,,4,PEPIN (R DU MOULIN ),0,,2,2,0,1,(1),(1),1,, -1,1,0,1,50,10,8,2021,18:00,1,62,62413,2,2,0,3,PEPIN (R DU MOULIN ),50.442968,2.905055,18,2,2
202100028637,150Â 525,A01,1,1,1,5,2,6,-1,-1, -1,-1,2021,29.0,0,1,0,2,1,2,1,,4,Quai Lawton COLLINS,0,,2,2,0,1,0,0,1,, -1,1,0,1,50,16,7,2021,09:50,1,50,50129,2,1,0,2,Quai Lawton COLLINS,49.6407,-1.6181,9,2,2
202100027035,153Â 391,A01,1,1,1,0,1,0,-1,-1, -1,-1,2021,27.0,2,2,3,0,9,2,1,,7,ROUTE DEPARTEMENTALE 656,0,,3,2,0,1,8,199,1,, -1,1,0,1,90,26,7,2021,01:40,3,59,59646,1,1,0,6,ROUTE DEPARTEMENTALE 656,50.671428,3.115523,1,1,1
202100050222,111Â 943,A01,1,1,1,9,2,0,-1,0,0,-1,2021,54.0,1,1,0,2,2,1,5,,4,BOULEVARD DE SEBASTOPOL,0,,1,4,2,1,(1),(1),1,, -1,1,-1,5,50,25,2,2021,15:40,1,75,75101,2,2,0,3,BOULEVARD DE SEBASTOPOL,48.863402,2.350951,15,2,2
202100016728,171Â 723,A01,2,2,1,4,1,-1,-1,0,0,-1,2021,35.0,2,5,0,2,1,26,1,,1,A26,0,,1,4,0,1,358,100,1,, -1,1,0,1,130,24,8,2021,18:30,1,10,10095,1,1,0,2,Autoroute A26 Calais Troyes,48.567339,4.191975,18,3,2
202100020938,164Â 235,A01,10,3,2,5,0,-1,-1,3,3,1,2021,28.0,0,2,0,1,1,0,1,,9,,-1,,2,2,0,1,(1),(1),1,,4,1,0,1,50,4,9,2021,09:30,1,10,10323,2,1,0,6,1 rue de la boule d'or,48.519387,3.726452,9,2,1
202100045067,121Â 173,A01,1,1,1,5,2,-1,-1,0,0,-1,2021,67.0,2,1,0,2,1,2,5,,3,2,0,,2,2,0,1,20,250,1,, -1,1,0,1,80,4,4,2021,09:50,1,70,70058,1,1,0,4,RD 2,47.500416,5.667561,9,3,3
202100019795,166Â 267,A01,1,1,1,5,0,-1,-1,0,0,-1,2021,21.0,1,2,12,0,1,2,1,,7,2210,0,M,3,2,0,1,767,0,3,, -1,1,0,1,50,11,9,2021,05:00,5,6,6157,2,9,0,6,767 Route de Saint-Jeannet,43.731391,7.11839,5,1,1
202100051575,109Â 508,B01,4,2,1,5,1,0,-1,-1, -1,-1,2021,33.0,1,2,0,2,4,2,1,,3,TARBES DE,0,,2,2,0,1,20,875,1,, -1,1,0,1,50,13,2,2021,17:00,1,64,64269,2,1,0,2,TARBES DE,43.2975,-0.30065,17,4,2
202100026860,153Â 709,A01,1,1,1,4,2,0,-1,-1, -1,-1,2021,30.0,1,1,0,2,1,2,1,,3,YOURI GAGARINE (AV),0,,1,0,0,1,1,0,1,, -1,2,0,1,50,27,7,2021,16:00,1,94,94081,2,1,1,2,Avenue Youri Gagarine,48.78533,2.39238,16,2,2
202100020092,165Â 711,B01,1,1,1,5,8,0,-1,-1, -1,-1,2021,22.0,3,1,0,0,1,0,3,,4,CHEMIN DE DANIZY,0,,2,2,0,1,(1),(1),1,, -1,1,0,8,50,8,9,2021,17:50,1,2,2304,2,3,1,3,CHEMIN DE DANIZY,49.66007,3.37162,17,2,2
202100002627,197Â 085,A01,10,3,1,0,0,-1,-1,2,3,1,2021,66.0,3,2,0,1,3,15,1,,6,TOUCHE ( RUE HILAIRE),0,,1,2,0,1,0,1,1,, -1,1,0,1,20,15,12,2021,09:50,1,13,13117,2,1,0,6,TOUCHE ( RUE HILAIRE),43.44705,5.24795,9,2,1
202100044430,122Â 266,B01,1,1,2,4,1,0,-1,-1,0,-1,2021,39.0,1,2,0,2,6,2,1,,2,RN 184,0,,3,4,0,1,3,0,1,, -1,3,0,1,90,10,4,2021,16:00,1,95,95572,1,1,1,5,RN 184,49.0338602593,2.1113769885,16,3,3
202100032918,142Â 920,B01,3,2,1,9,1,0,-1,-1, -1,-1,2021,11.0,2,2,0,2,4,1,1,,4,JEAN DE LA FONTAINE (R),0,,2,2,0,1,0,0,1,, -1,1,0,1,50,21,6,2021,18:35,1,94,94019,2,1,0,2,JEAN DE LA FONTAINE (R),48.80687,2.55805,18,3,2
202100004298,194Â 076,A01,1,1,2,5,2,4,-1,0,0,-1,2021,47.0,3,1,0,0,0,1,5,,4,PLACE SAINT MICHEL,0,,1,3,1,1,(1),(1),1,, -1,2,0,1,30,7,12,2021,18:50,5,75,75105,2,7,1,7,PLACE SAINT MICHEL,48.853724,2.344291,18,1,1
202100024132,158Â 524,B01,2,2,1,5,1,8,-1,0,0,-1,2021,13.0,1,2,0,2,4,1,1,,2,RN165 (VE),0,,1,1,0,1,0,100,1,, -1,1,3,1,80,14,8,2021,16:15,1,29,29039,1,1,0,2,N165,47.9245291192,-3.8940900564,16,3,2
202100045527,120Â 362,A01,1,1,1,1,2,0,-1,-1, -1,-1,2021,25.0,2,1,6,0,7,1,1,,1,A86.EXT,0,,1,3,0,1,31,500,1,, -1,1,1,2,90,2,4,2021,21:10,5,94,94052,1,1,0,6,A86.EXT,48.84329,2.49259,21,1,1
202100013130,178Â 277,A01,2,2,2,9,2,8,-1,-1, -1,-1,2021,23.0,2,1,8,0,1,13,1,,4,DESGRANGES (RUE),0,,2,1,0,1,1,0,1,, -1,1,0,1,50,14,10,2021,23:35,5,93,93048,2,1,0,6,DESGRANGES (RUE),48.8537507183,2.4439029367,23,2,1
202100013156,178Â 232,B01,1,1,2,5,2,-1,-1,0,0,-1,2021,74.0,1,1,0,2,9,2,2,,3,32,-1,,2,2,0,2,21,350,2,, -1,1,0,1,80,13,10,2021,16:15,1,32,32155,1,1,0,3,RD 32,43.760229,-0.194079,16,3,3
202100011217,181Â 681,A01,10,3,1,0,0,-1,-1,3,3,1,2021,21.0,1,2,0,1,1,1,1,,4,BOULEVARD HENRY ORRION,0,,2,2,2,2,(1),0,1,, -1,2,0,1,30,24,10,2021,21:40,5,44,44109,2,1,1,6,BOULEVARD HENRY ORRION,47.23306,-1.55831,21,2,1
202100047972,115Â 990,B01,2,2,2,4,1,8,-1,-1, -1,-1,2021,56.0,1,3,0,2,4,1,1,2.0,4,,0,,2,2,0,1,0,0,1,, -1,1,0,1,50,15,3,2021,13:10,1,92,92036,2,1,0,2,SEINE (ROUTE DE LA) (1),48.9474323938,2.2787189484,13,3,2
202100029034,149Â 835,B01,1,1,1,5,8,-1,-1,0,0,-1,2021,46.0,0,2,13,2,0,19,1,,3,938,0,D,2,2,0,1,12,450,1,, -1,1,9,1,80,14,7,2021,10:50,1,60,60222,1,2,0,3,D938,49.4690155915,2.2619862555,10,2,2
202100002931,196Â 532,A01,1,1,2,0,8,0,-1,-1, -1,-1,2021,56.0,2,2,4,0,8,17,1,,3,RD 956,0,,3,4,0,1,(1),(1),1,, -1,1,0,1,90,13,12,2021,08:10,1,41,41295,2,1,0,7,RD 956,47.58832,1.36142,8,1,1
202100020707,164Â 616,A01,1,1,1,5,2,6,-1,-1, -1,-1,2021,20.0,1,1,6,0,1,1,1,,4,SAINT LAMBERT (CHEMIN),0,,2,2,0,1,0,0,1,, -1,1,0,4,50,5,9,2021,19:50,1,13,13070,2,1,0,7,SAINT LAMBERT (CHEMIN),43.28539,5.51663,19,1,1
202100043979,123Â 071,A01,1,1,1,9,2,-1,-1,0,0,-1,2021,20.0,1,1,9,9,1,1,1,,4,VC,0,,2,2,0,1,(1),(1),1,, -1,1,0,3,50,14,4,2021,20:00,1,84,84129,2,1,0,6,Boulevard Roger Ricca,44.008686,4.874215,20,1,1
202100006763,189Â 697,A01,1,1,1,3,1,9,-1,0,0,-1,2021,64.0,2,2,1,0,1,1,1,,3,811,0,,2,2,0,2,3,900,1,, -1,1,0,1,50,23,11,2021,10:31,1,2,2729,2,1,0,1,9 Rue de l Eglise,49.314099,3.125695,10,2,2
202100006854,189Â 530,A01,1,1,1,0,1,-1,-1,0,0,-1,2021,72.0,1,2,0,2,2,15,1,,3,1,0,,2,2,3,1,11,243,1,,"5,5",1,5,1,80,20,11,2021,13:18,1,63,63306,1,3,0,1,route dÃ©partementale 1,45.706337,3.218511,13,2,2
202100035438,138Â 371,C01,1,1,1,0,1,0,-1,-1, -1,-1,2021,34.0,1,2,0,2,4,2,1,,1,AUTOROUTE A86,0,,3,6,0,1,20,399,2,, -1,1,1,1,90,9,6,2021,19:00,1,93,93029,1,1,0,5,AUTOROUTE A86,48.9149519941,2.4311435223,19,3,3
202100030882,146Â 560,B01,1,1,1,5,2,6,-1,0,0,-1,2021,28.0,2,1,0,2,1,1,1,,3,35,-1,,2,2,0,2,2,960,2,, -1,1,0,1,80,26,6,2021,16:00,1,21,21018,1,1,1,1,D 35,47.28217,4.835497,16,3,2
202100003205,196Â 041,B01,1,1,2,5,1,-1,-1,0,0,-1,2021,30.0,2,2,0,2,1,1,1,,3,4,0,B,2,2,0,1,0,450,1,,4,1,0,1,70,13,12,2021,09:25,1,4,4143,1,3,0,3,RD 4b / Ch de joncs,43.923639,5.906541,9,2,2
202100035778,137Â 755,B01,2,2,2,0,1,0,-1,-1, -1,-1,2021,43.0,1,2,0,2,4,1,1,,3,"""PAUL VAILLANT COUTURIER (AVENUE """"DU 01",0,,2,4,0,1,0,1,3,, -1,1,0,1,50,8,6,2021,20:10,1,93,93007,2,1,0,4,"""PAUL VAILLANT COUTURIER (AVENUE """"DU 01",48.9294262846,2.4804103374,20,4,3
202100012492,179Â 377,B01,1,1,1,5,2,8,-1,-1, -1,-1,2021,20.0,1,1,0,2,2,1,1,,3,REPUBLIQUE (AV DE LA),0,,2,2,0,1,131,0,1,, -1,2,0,1,50,18,10,2021,20:27,5,94,94046,2,2,1,3,Avenue de la RÃ©publique,48.806601,2.443341,20,2,2
202100015576,173Â 841,B01,1,1,1,0,2,8,-1,-1, -1,-1,2021,23.0,2,1,0,2,1,1,0,,7,LESDIGUIERES (RUE)      36 A FIN,0,,2,4,1,1,0,0,1,, -1,1,0,1,50,1,10,2021,01:50,5,38,38185,2,2,0,1,LESDIGUIERES (RUE)      36 A FIN,45.18617,5.72465,1,2,2
202100019314,167Â 102,B01,2,2,1,0,2,0,-1,-1, -1,-1,2021,44.0,2,1,0,2,1,21,1,,3,vahibe-Departementale 3 ( route ),0,,2,2,0,2,0,0,3,, -1,1,0,1,70,12,9,2021,16:40,1,976,97611,1,1,0,3,vahibe-Departementale 3 ( route ),-12.79257,45.18824,16,3,2
202100039372,131Â 224,A01,1,1,1,5,2,-1,-1,0,0,-1,2021,17.0,3,1,12,0,0,15,1,,4,,-1,,2,2,0,2,(1),(1),3,, -1,9,0,1,50,19,5,2021,18:00,2,974,97421,2,4,0,7,Chemin Plateau,-21.032256,55.505875,18,1,1
202100042550,125Â 572,B01,1,1,1,4,2,6,-1,0,0,-1,2021,65.0,3,1,0,0,2,17,1,,4,,-1,,2,2,0,1,(1),(1),1,, -1,1,0,1,30,26,4,2021,08:25,1,34,34327,2,1,0,3,Avenue du 8 Mai 1945,43.654687,3.975409,8,2,2
202100003629,195Â 264,B01,1,1,1,0,2,6,-1,0,0,-1,2021,22.0,1,1,0,2,3,1,3,,4,LECLERC (AV. DU GENERAL)174 A 290-101 A,0,,2,3,0,2,(1),(1),1,, -1,2,0,1,30,10,12,2021,18:30,5,54,54395,2,2,0,3,LECLERC (AV. DU GENERAL)174 A 290-101 A,48.68406,6.18602,18,2,2
202100027188,153Â 120,B01,1,1,1,5,8,0,-1,-1, -1,-1,2021,22.0,1,1,0,2,1,2,1,,4,VERGES(AVENUE),0,,1,1,1,1,0,0,1,, -1,1,0,1,50,24,7,2021,18:50,5,974,97407,2,1,0,2,VERGES(AVENUE),-20.93959,55.30207,18,2,2
202100037713,134Â 256,A01,1,1,2,0,1,0,-1,-1, -1,-1,2021,55.0,1,2,0,2,6,23,1,,1,A7-Sens Marseille vers Lyon,0,,3,2,0,1,280,799,1,, -1,1,0,1,90,29,5,2021,21:15,3,13,13203,1,1,0,2,A7-Sens Marseille vers Lyon,43.31741,5.3773,21,2,2
202100027574,152Â 434,B01,1,1,2,9,8,0,-1,0,0,-1,2021,47.0,2,1,0,2,1,1,5,,4,BOULEVARD DES CAPUCINES,0,,2,4,3,1,(1),(1),1,, -1,1,0,6,50,22,7,2021,13:55,1,75,75102,2,4,0,3,BOULEVARD DES CAPUCINES,48.87009,2.329051,13,2,2
202100049496,113Â 280,A01,2,2,2,5,1,0,-1,-1, -1,-1,2021,20.0,3,2,5,0,1,1,1,,4,CHAPEAU DE GENDARME,0,,2,2,2,1,1,0,1,, -1,1,0,1,50,2,3,2021,02:50,5,49,49007,2,1,0,6,CHAPEAU DE GENDARME,47.451306,-0.554263,2,3,1
202100050364,111Â 672,B01,1,1,2,1,2,6,-1,0,0,-1,2021,62.0,2,1,0,2,1,1,1,,4,AVENUE DE L OPERA,0,,2,2,3,1,(1),(1),1,, -1,1,0,1,50,24,2,2021,20:56,5,75,75101,2,3,0,3,AVENUE DE L OPERA,48.866329,2.334165,20,2,2
202100001463,199Â 171,A01,1,1,2,0,1,0,-1,0,0,-1,2021,39.0,1,2,9,0,1,26,1,,4,CUGNOT (QUAI/RUE JOSEPH),0,,2,2,0,1,(1),(1),1,, -1,1,0,1,50,24,12,2021,07:00,2,54,54395,2,1,0,6,CUGNOT (QUAI/RUE JOSEPH),48.67781,6.20242,7,1,1
202100049512,113Â 250,A01,10,3,2,5,0,-1,-1,2,3,1,2021,16.0,0,2,0,1,2,1,1,,4,24 AVRIL 15 (AVENUE DU),0,,2,2,0,1,(1),(1),1,, -1,1,0,1,50,2,3,2021,08:35,1,13,13212,2,1,0,6,24 AVRIL 15 (AVENUE DU),43.308013,5.433574,8,2,1
202100008800,186Â 017,A01,1,1,1,1,1,-1,-1,0,0,-1,2021,18.0,2,2,4,0,3,0,1,,1,16,0,A,3,4,0,1,48,900,1,, -1,1,0,8,130,10,11,2021,08:05,1,60,60395,1,9,1,7,,49.2374658676,2.1010642977,8,1,1
202100004293,194Â 086,A01,1,1,2,5,1,8,-1,0,0,-1,2021,63.0,1,2,0,2,4,2,1,,4,QUAI DE LA RAPEE,0,,1,3,0,1,(1),(1),1,, -1,1,0,1,50,7,12,2021,12:00,1,75,75112,2,2,0,2,QUAI DE LA RAPEE,48.844683,2.36917,12,3,2
202100046763,118Â 184,A01,10,3,1,5,0,-1,-1,2,3,1,2021,58.0,1,2,0,1,2,1,1,,4,GAMBETTA (PLACE),0,,1,1,0,1,0,1,1,, -1,1,0,1,50,24,3,2021,15:10,1,24,24037,2,1,0,6,GAMBETTA (PLACE),44.84372,0.49286,15,2,1
202100051431,109Â 764,A01,10,3,1,2,0,-1,-1,2,3,1,2021,15.0,2,2,0,1,3,1,3,,4,ROLAND (RUE GUSTAVE ROLAND),0,,2,2,0,2,(1),(1),1,, -1,1,0,1,30,15,2,2021,16:22,1,45,45147,2,1,0,6,Rue Gustave Rolland,47.9298,1.91273,16,2,1
202100040721,128Â 823,A01,1,1,1,0,2,6,-1,-1, -1,-1,2021,26.0,2,1,9,0,1,1,1,,4,VIENNE (DE)                             ,0,,2,2,1,2,(1),(1),1,, -1,1,0,4,50,9,5,2021,02:00,5,69,69276,2,1,0,7,VIENNE (DE)                             ,45.66772,4.85903,2,1,1
202100004708,193Â 365,A01,10,3,2,1,0,-1,-1,4,3,3,2021,18.0,2,2,0,1,3,1,1,,2,JEAN JAURES (AVENUE),0,,2,3,0,1,0,575,1,, -1,2,0,1,50,1,12,2021,17:15,5,89,89024,2,2,1,6,JEAN JAURES (AVENUE),47.80108,3.58131,17,2,1