Num_Acc,id_vehicule,num_veh,place,catu,sexe,trajet,secu1,secu2,secu3,locp,actp,etatp,year_acc,victim_age,senc,catv,obs,obsm,choc,manv,motor,occutc,catr,voie,v1,v2,circ,nbv,vosp,prof,pr,pr1,plan,lartpc,larrout,surf,infra,situ,vma,jour,mois,an,hrmn,lum,dep,com,agg_,int,atm,col,adr,lat,long,hour,nb_victim,nb_vehicules
202100019667,166Â 494,A01,1,1,1,5,8,0,-1,0,0,-1,2021,66.0,1,2,9,0,1,1,1,,7,,0,,2,2,0,1,(1),(1),3,, -1,1,0,1,50,9,9,2021,22:12,5,54,54274,2,1,0,6,REPUBLIQUE (RUE DE LA),48.67563,6.20006,22,1,1
202100055271,103Â 022,A01,1,1,1,1,2,6,-1,-1, -1,-1,2021,51.0,2,1,0,2,2,26,1,,4,,0,,2,4,1,1,(1),(1),1,, -1,2,0,1,50,12,1,2021,16:00,2,69,69388,2,2,1,3,PAUL CAZENEUVE (R),45.73402,4.86279,16,3,2
202100050226,111Â 934,A01,10,3,2,1,0,-1,-1,1,3,1,2021,33.0,2,2,0,1,2,1,1,,3,ALLIES (BD DES),0,,1,2,0,1,1,0,1,, -1,1,0,1,50,25,2,2021,18:50,5,94,94022,2,1,0,2,ALLIES (BD DES),48.764992,2.4049,18,3,2
202100044233,122Â 600,B01,1,1,1,1,1,0,0,0,0,-1,2021,61.0,1,2,0,2,4,26,1,,7,PAPIN (CHAUSSEE DENIS),0,,3,2,0,1,(1),(1),1,, -1,5,0,1,50,27,1,2021,03:45,5,59,59599,2,1,1,2,PAPIN (CHAUSSEE DENIS),50.7293040215,3.1380934376,3,2,2
202100033270,142Â 303,A01,1,1,1,0,2,-1,-1,0,0,-1,2021,43.0,1,1,0,2,1,5,1,,4,,-1,,2,2,0,2,(1),(1),2,,4,2,0,1,50,20,6,2021,18:00,1,6,6157,2,1,1,1,Chemin de Vosgelades,43.716941,7.129829,18,2,2
202100002722,196Â 904,B01,1,1,1,0,8,0,-1,-1, -1,-1,2021,22.0,1,1,0,2,7,1,1,,1,A13W,0,,-1,2,0,1,13,300,1,, -1,1,0,1,90,16,12,2021,18:30,3,78,78043,1,1,0,3,A13W,48.845634,2.084961,18,2,2
202100051237,110Â 099,A01,1,1,1,1,1,-1,-1,0,0,-1,2021,64.0,2,5,6,2,1,1,1,,3,207,-1,,2,2,1,1,24,800,1,, -1,1,-1,1,70,17,2,2021,18:00,1,33,33097,2,1,0,2,Avenue du Pouch,45.071517,-1.095843,18,2,2
202100048586,114Â 910,A01,10,3,2,2,0,-1,-1,3,3,1,2021,13.0,2,1,0,1,7,2,1,,4,CHAMPIGNY (RTE DE),0,,2,2,0,1,1,0,1,, -1,1,0,1,50,8,3,2021,15:18,1,94,94079,2,1,0,6,CHAMPIGNY (RTE DE),48.82428,2.534,15,2,1
202100007335,188Â 641,A01,1,1,1,5,2,6,-1,0,0,-1,2021,24.0,2,1,0,2,1,17,1,,4,AVENUE JEAN JAURES,0,,2,4,0,1,(1),(1),1,, -1,1,0,1,30,19,11,2021,13:05,1,75,75119,2,2,0,1,AVENUE JEAN JAURES,48.8887574278,2.3931205273,13,2,2
202100027813,151Â 998,A01,1,1,1,1,2,6,-1,0,0,-1,2021,19.0,1,1,13,0,1,1,1,,3,122,-1,D,2,2,0,1,42,0,1,, -1,1,0,3,80,22,7,2021,19:10,1,63,63406,1,1,0,7,D122,45.961939,3.222675,19,1,1
202100036440,136Â 570,A01,10,3,1,0,0,-1,-1,3,3,1,2021,15.0,2,2,0,1,3,1,1,,4,PRES (RUE DES),0,,2,2,0,1,(1),(1),1,, -1,2,0,1,50,4,6,2021,09:25,1,27,27562,2,2,1,6,PRES (RUE DES),49.10155,1.4505,9,2,1
202100036236,136Â 912,A01,10,3,2,2,0,-1,-1,2,3,-1,2021,12.0,2,2,0,1,2,1,1,,4,GABRIEL ALLEE,0,,-1,2,0,1,(1),(1),1,, -1,1,0,1,30,2,6,2021,12:00,1,59,59378,2,1,0,6,GABRIEL ALLEE,50.65685,3.09432,12,2,1
202100050495,111Â 439,B01,1,1,1,4,2,6,-1,-1, -1,-1,2021,38.0,-1,1,0,0,1,1,1,,3,MONTFERMEIL (ALLEE DE),0,,2,2,0,1,1,1,1,, -1,1,0,1,50,21,2,2021,19:55,5,93,93014,2,1,0,1,MONTFERMEIL (ALLEE DE),48.8975097184,2.5331782293,19,2,2
202100054766,103Â 907,A01,1,1,1,5,1,8,-1,-1, -1,-1,2021,34.0,1,2,9,0,1,1,1,,3,801,0,,3,4,0,1,4,800,1,, -1,2,0,1,90,16,1,2021,09:25,1,37,37261,2,1,0,7,GANCE (BOULEVARD ABEL),47.4244493167,0.7123045921,9,1,1
202100006912,189Â 412,A01,2,2,1,5,1,8,-1,-1, -1,-1,2021,49.0,2,2,8,0,1,13,1,,3,DRANSE (AVENUE DE LA),0,,2,2,0,1,1,0,4,, -1,1,0,1,70,20,11,2021,07:55,1,74,74281,1,1,0,6,DRANSE (AVENUE DE LA),46.3645,6.51137,7,2,1
202100045676,120Â 094,A01,1,1,1,5,1,-1,-1,0,0,-1,2021,56.0,1,2,0,2,1,17,1,,3,1508,-1,,2,2,0,1,70,970,1,, -1,1,0,1,80,2,4,2021,13:30,1,74,74167,1,2,0,2,D1508,45.7645192789,6.3489483014,13,2,2
202100052642,107Â 630,A01,1,1,2,0,2,6,-1,-1, -1,-1,2021,22.0,1,1,0,2,2,3,1,,2,RN12,0,,3,6,0,1,24,700,1,, -1,1,0,1,110,3,2,2021,16:30,1,78,78646,1,1,0,2,RN12,48.79335,2.07506,16,2,2
202100054622,104Â 150,A01,7,2,1,5,8,-1,-1,0,0,-1,2021,11.0,1,2,13,6,1,1,1,,1,11,0,,3,5,0,1,103,100,1,, -1,1,0,1,130,18,1,2021,22:45,3,28,28219,1,1,0,6,"PK 103+100, Autoroute A11 sens PARIS/Province",48.231811,1.029196,22,7,1
202100040866,128Â 579,B01,1,1,2,1,2,2,-1,0,0,-1,2021,24.0,1,1,0,2,2,1,1,,4,ROUTE DE L'ANSE VATA,0,,2,2,0,2,0,0,1,, -1,1,0,1,50,7,5,2021,13:35,1,988,98818,2,3,0,3,ROUTE DE L'ANSE VATA/RUE MARCELLIN LACABANNE,-22.29366,166.44644,13,2,2
202100019769,166Â 310,B01,1,1,1,5,2,-1,-1,0,0,-1,2021,57.0,1,1,0,9,3,13,5,,3,123,0,D,2,2,0,2,28,0,3,, -1,1,0,1,80,10,9,2021,16:20,1,11,11305,1,1,0,6,D123,42.962743,2.706338,16,2,2
202100052018,108Â 728,A01,1,1,1,0,2,0,-1,-1, -1,-1,2021,17.0,1,1,0,2,7,1,1,,4,AV GEORGES POMPIDOU,0,,-1,2,0,2,(1),(1),1,, -1,2,0,1,50,6,2,2021,20:45,5,31,31555,2,1,1,7,AV GEORGES POMPIDOU,43.61263,1.45888,20,2,1
202100033036,142Â 692,A01,1,1,1,0,1,8,-1,-1, -1,-1,2021,46.0,2,2,0,2,1,17,1,,3,LALLAING(ROUTE DE),0,,2,2,0,1,(1),(1),1,, -1,1,0,1,50,18,6,2021,08:35,1,59,59414,2,1,0,5,LALLAING(ROUTE DE),50.36634,3.17861,8,5,3
202100003864,194Â 843,A01,1,1,1,1,1,-1,-1,0,0,-1,2021,19.0,1,2,0,2,7,26,1,,3,922,0,D,3,3,0,1,30,400,1,, -1,1,0,1,-1,9,12,2021,18:25,5,95,95313,1,1,0,3,RD 922,49.124597,2.250355,18,2,2
202100007243,188Â 809,B01,1,1,1,5,8,0,-1,-1, -1,-1,2021,23.0,1,1,0,2,0,26,1,,4,RABELAIS,0,,2,2,0,1,1,0,1,, -1,1,0,1,30,18,11,2021,16:12,1,49,49007,2,3,0,3,RABELAIS,47.46246,-0.54741,16,2,2
202100017159,170Â 969,A01,1,1,1,9,1,-1,-1,0,0,-1,2021,70.0,1,2,1,0,1,14,1,,3,20,0,,3,1,3,1,57,620,1,, -1,1,0,8,90,23,9,2021,20:10,2,91,91016,1,1,0,2,Angerville,48.288476,1.981353,20,2,2
202100028643,150Â 515,B01,1,1,2,1,1,0,-1,-1, -1,-1,2021,39.0,2,2,1,2,2,1,1,,4,MAINE (RUE DU) DU 33 AU 103 - DU 36 AU 1,0,,2,1,0,1,(1),(1),1,, -1,1,0,1,50,15,7,2021,10:35,1,44,44184,2,2,0,3,MAINE (RUE DU) DU 33 AU 103 - DU 36 AU 1,47.2807,-2.21008,10,2,2
202100021159,163Â 841,A01,1,1,1,0,2,6,-1,0,0,-1,2021,17.0,3,1,0,2,1,1,1,,9,,0,,2,2,0,2,(1),(1),2,,4,1,9,1,50,3,9,2021,12:00,1,38,38193,2,1,0,2,Avenue de Elche,45.617778,5.239341,12,2,2
202100011324,181Â 491,A01,2,2,1,5,1,0,-1,-1, -1,-1,2021,8.0,1,2,0,2,2,12,1,,2,RN 104,0,,1,4,0,1,36,500,3,, -1,1,0,1,70,24,10,2021,12:30,1,91,91340,1,1,0,5,RN 104,48.60884,2.43751,12,4,3
202100038212,133Â 341,B01,1,1,1,5,2,6,-1,0,0,-1,2021,39.0,1,1,0,2,3,18,3,,4,QUAI D ORSAY,0,,2,2,1,1,(1),(1),1,, -1,1,0,5,50,26,5,2021,19:30,1,75,75107,2,2,0,3,QUAI D ORSAY,48.862785,2.313457,19,2,2
202100052396,108Â 053,B01,1,1,1,5,2,6,-1,-1, -1,-1,2021,51.0,1,1,0,2,1,18,1,,3,BROSSET (BD GENERAL),0,,2,2,0,1,26,700,1,, -1,1,0,1,50,5,2,2021,16:30,1,83,83137,2,9,0,3,BROSSET (BD GENERAL),43.1288142881,5.9029799665,16,5,2
202100050473,111Â 473,B01,1,1,1,2,2,6,-1,-1, -1,-1,2021,15.0,1,1,0,2,8,1,1,,4,SOURCE (AVENUE DE LA),0,,2,2,0,1,(1),(1),1,, -1,1,0,1,50,23,2,2021,17:10,1,17,17380,2,1,0,3,SOURCE (AVENUE DE LA),45.65129,-1.07139,17,2,2
202100038277,133Â 225,A01,1,1,1,5,8,-1,-1,0,0,-1,2021,25.0,2,1,0,0,0,1,1,,1,A8,-1,,1,1,0,2,200,639,3,, -1,9,3,1,50,27,5,2021,01:13,3,6,6088,1,1,0,7,"A8, bretelle d'accÃ¨s nice-est, chaussÃ©e nord",43.733833,7.285384,1,1,1
202100032686,143Â 342,A01,1,1,1,0,2,0,-1,-1, -1,-1,2021,44.0,0,1,4,0,1,0,1,,7,RABATAU (BOULEVARD),0,,2,2,0,1,0,0,1,, -1,1,0,1,50,23,6,2021,01:00,5,13,13208,2,1,0,1,RABATAU (BOULEVARD),43.27653,5.39767,1,1,1
202100023130,160Â 270,Z01,10,3,1,9,0,8,-1,1,3,1,2021,30.0,3,2,0,1,1,1,0,,4,BOULEVARD PERIPHERIQUE,0,,1,4,0,1,26,0,1,, -1,1,0,1,70,20,8,2021,01:20,5,75,75119,2,1,0,6,BD PERIPHERIQUE EXTERIEUR,48.895359964,2.3947969079,1,2,1
202100000584,200Â 657,B01,1,1,1,4,2,8,-1,-1, -1,-1,2021,20.0,2,1,0,0,4,1,1,,4,VAUBAN BOULEVARD NÂ°2-18-1-39,0,,3,4,3,1,(1),(1),1,, -1,2,0,1,50,30,12,2021,21:10,5,59,59350,2,1,1,2,VAUBAN BOULEVARD NÂ°2-18-1-39,50.636,3.05055,21,2,2
202100002003,198Â 211,A01,2,2,2,0,1,8,-1,-1, -1,-1,2021,38.0,2,2,0,2,2,1,1,,4,MARAICHERS (RUE DES) NÂ° IMP 1 A 17,0,,2,2,0,1,0,0,1,, -1,1,0,1,50,19,12,2021,19:31,5,72,72181,2,3,0,3,MARAICHERS (RUE DES) NÂ° IMP 1 A 17,47.991,0.196,19,3,2
202100040512,129Â 191,A01,10,3,1,5,0,-1,-1,3,3,1,2021,68.0,1,2,0,1,4,4,1,,4,RUE DES BLUETS,0,,2,2,0,1,(1),(1),1,, -1,1,0,1,30,10,5,2021,13:30,1,75,75111,2,3,0,6,RUE DES BLUETS,48.864362,2.381814,13,2,1
202100049309,113Â 621,A01,1,1,2,1,1,-1,-1,0,0,-1,2021,46.0,2,2,0,2,3,15,1,,3,8,-1,D,2,2,0,1,3,100,1,, -1,1,5,1,70,3,3,2021,13:45,1,47,47250,1,2,0,3,D8,44.289698,0.311952,13,2,2
202100021093,163Â 952,A01,1,1,2,5,2,0,-1,0,0,-1,2021,50.0,2,1,0,2,8,15,3,,4,RUE DE VOUILLE,0,,2,3,0,1,(1),(1),1,, -1,1,0,1,30,3,9,2021,12:45,1,75,75115,2,2,0,3,RUE DE VOUILLE,48.834725,2.305174,12,2,2
202100027985,151Â 683,A01,2,2,1,0,1,0,-1,-1, -1,-1,2021,27.0,0,2,1,0,2,2,1,,4,,0,,1,1,0,1,0,0,1,, -1,1,0,1,30,19,7,2021,16:05,1,92,92051,2,1,0,1,GRAVIERS (RUE DES),48.881987,2.26295,16,3,2
202100000340,201Â 113,B01,1,1,1,0,1,8,-1,-1, -1,-1,2021,26.0,1,2,0,2,2,21,1,,7,ALBERT CAMUS  RUE,0,,1,0,0,1,0,0,1,, -1,1,0,1,50,25,4,2021,03:40,5,13,13063,2,1,0,1,ALBERT CAMUS  RUE,43.58,5.0021,3,2,2
202100043161,124Â 521,B01,1,1,1,1,2,0,-1,-1, -1,-1,2021,41.0,1,1,0,2,4,0,1,,4,ARBRISSEL,0,,-1,2,0,1,1,0,1,, -1,1,0,1,50,21,4,2021,18:27,1,49,49007,2,1,0,2,ARBRISSEL,47.46328,-0.55211,18,2,2
202100023068,160Â 386,A01,10,3,1,5,0,-1,-1,3,3,1,2021,24.0,1,2,0,1,3,1,1,,4,BD ALFRED DANEY,0,,2,3,3,1,(1),(1),1,, -1,1,5,1,50,25,7,2021,03:45,5,33,33063,2,1,0,6,Boulevard Alfred Daney,44.87177,-0.56181,3,2,1
202100038389,133Â 017,B01,4,2,1,5,1,0,-1,-1, -1,-1,2021,12.0,1,2,0,2,3,0,1,,3,1079,0,,2,2,0,1,28,60,1,, -1,2,0,1,80,24,5,2021,14:10,1,1,1451,1,2,1,3,POLLIAT (ROUTE DE ) IMPAIR,46.2357,5.18329,14,4,2
202100016119,172Â 829,A01,1,1,1,5,8,-1,-1,-1, -1,-1,2021,34.0,0,2,1,0,1,1,1,,4,RENARD. RUE DU,0,,1,1,0,1,0,0,1,, -1,1,0,1,30,29,9,2021,23:55,5,76,76540,2,1,0,6,RENARD. RUE DU,49.44897,1.07932,23,1,1
202100009568,184Â 604,A01,5,2,1,0,1,0,-1,-1, -1,-1,2021,20.0,3,2,0,0,0,1,1,,4,CHEMIN DES SANGLIERS,0,,-1,0,0,1,0,0,1,, -1,1,9,8,30,18,8,2021,03:00,3,83,83118,1,1,0,7,CHEMIN DES SANGLIERS,43.417909,6.841843,3,5,1
202100009009,185Â 615,A01,1,1,2,5,1,-1,-1,0,0,-1,2021,60.0,2,2,0,2,2,21,1,,3,86,-1,,2,2,0,1,78,240,1,, -1,1,0,1,70,7,11,2021,14:00,1,7,7181,1,1,0,1,route dÃ©partementale 86,44.733427,4.739957,14,2,2
202100043793,123Â 404,A01,1,1,2,1,2,0,-1,0,0,-1,2021,35.0,2,0,0,2,1,1,3,,4,RUE D AUBERVILLIERS,0,,3,2,1,3,(1),(1),1,, -1,1,-1,5,50,16,4,2021,07:35,1,75,75118,2,2,0,3,RUE D AUBERVILLIERS,48.898708,2.370373,7,2,2
202100042643,125Â 405,A01,1,1,1,5,9,-1,-1,0,0,-1,2021,16.0,3,1,11,2,8,17,5,,4,,-1,,1,2,0,1,(1),(1),2,,4,1,5,1,50,21,4,2021,11:49,1,974,97410,2,6,0,3,Rond-point des 4 bornes,-21.048871,55.71358,11,2,2
202100037867,133Â 975,A01,1,1,1,1,1,0,-1,-1, -1,-1,2021,17.0,2,2,14,0,1,1,1,,3,985,0,,3,4,0,2,1,0,3,, -1,1,0,1,50,28,5,2021,05:00,5,92,92073,2,1,0,6,SELLIER (BOULEVARD HENRI),48.8680704714,2.2225134386,5,1,1
202100035241,138Â 705,B01,1,1,1,0,1,-1,-1,-1, -1,-1,2021,26.0,2,2,0,2,6,10,1,,4,LENINGRAD (BD DE),0,,3,4,0,1,95,1000,1,, -1,1,0,1,50,9,6,2021,17:45,1,76,76351,2,1,0,2,LENINGRAD (BD DE),49.5002,0.17088,17,2,2
202100046229,119Â 139,A01,1,1,1,1,2,6,-1,0,0,-1,2021,59.0,3,1,0,0,7,17,1,,4,ANDUZE (VIEILLE ROUTE D'),0,,2,2,0,1,0,0,1,, -1,1,0,1,50,27,3,2021,16:45,1,30,30243,1,3,0,7,ANDUZE (VIEILLE ROUTE D'),44.0857,4.06058,16,1,1
202100029965,148Â 236,C01,1,1,1,1,1,0,-1,-1, -1,-1,2021,35.0,1,5,0,2,5,23,1,,3,RD 430,0,,3,5,0,1,47,700,1,, -1,1,0,1,90,7,7,2021,17:50,1,68,68376,1,1,1,4,RD 430,47.82381,7.28853,17,3,3
202100048696,114Â 711,B01,1,1,1,1,8,0,-1,0,0,-1,2021,24.0,2,1,0,2,1,1,3,,4,BOULEVARD MASSENA,0,,2,4,0,2,(1),(1),1,, -1,1,0,1,50,9,3,2021,09:05,1,75,75113,2,2,0,3,BOULEVARD MASSENA,48.822287,2.371649,9,2,2
202100056382,101Â 119,A01,1,1,1,0,1,0,-1,-1, -1,-1,2021,39.0,2,2,0,2,1,2,1,,1,A12 W,0,,3,6,0,1,0,349,1,, -1,1,0,1,90,3,1,2021,11:05,1,78,78043,1,1,0,2,A12 W,48.84065,2.0965,11,5,2
202100004598,193Â 559,B01,1,1,1,5,2,-1,-1,0,0,-1,2021,18.0,2,1,0,2,1,1,0,,3,9,-1,,2,2,0,1,(1),(1),1,, -1,2,5,1,50,4,12,2021,20:00,3,68,68367,2,4,1,3,D9,48.06981,7.481207,20,4,2
202100000022,201Â 721,A01,1,1,1,0,1,0,-1,-1, -1,-1,2021,28.0,1,2,0,2,1,0,1,,3,AV FRANCOIS MITTERRAND,0,,-1,2,0,1,(1),(1),1,, -1,1,1,1,50,29,9,2021,01:50,5,91,91027,2,3,0,3,AV FRANCOIS MITTERRAND,48.70589,2.37178,1,2,2
202100005971,191Â 123,B01,1,1,1,0,8,0,-1,-1, -1,-1,2021,70.0,1,1,0,2,1,26,1,,4,HUGO (AVENUE VICTOR),0,,2,2,0,1,1,0,1,, -1,1,0,1,50,22,11,2021,11:25,1,16,16102,2,1,0,2,HUGO (AVENUE VICTOR),45.6895962449,-0.3181153536,11,2,2
202100015181,174Â 576,A01,2,2,1,5,1,-1,-1,0,0,-1,2021,93.0,1,2,0,2,1,12,2,,1,13,0,A,1,5,0,1,124,400,1,, -1,1,0,1,130,4,10,2021,11:20,1,27,27580,1,1,0,2,"A13, PK 124.710 vers CAEN",49.349555,0.899988,11,3,2
202100024761,157Â 390,B01,1,1,1,1,2,6,-1,0,0,-1,2021,26.0,2,1,0,2,1,1,1,,4,RUE MONGE,0,,2,1,0,2,(1),(1),1,, -1,1,0,1,30,9,8,2021,12:00,1,75,75105,2,2,0,3,RUE MONGE,48.8466,2.35165,12,2,2
202100001797,198Â 587,A01,1,1,1,0,8,-1,-1,0,0,-1,2021,37.0,1,5,0,2,1,2,1,,1,11,-1,A,3,4,0,1,343,630,1,,"10,5",2,0,1,110,23,12,2021,20:11,3,44,44109,1,1,1,2,A11,47.281518,-1.512181,20,2,2
202100018251,168Â 991,A01,1,1,2,1,1,-1,-1,0,0,-1,2021,22.0,2,2,2,0,8,1,1,,3,9,-1,,2,2,0,1,37,900,2,, -1,2,0,3,80,19,9,2021,13:25,1,70,70477,1,1,1,6,route dÃ©partementale 9,47.56249,6.611403,13,1,1
202100047381,117Â 079,B01,1,1,1,1,1,0,-1,0,0,-1,2021,53.0,3,2,0,2,5,0,1,,3,MADONE (AVENUE DE LA),0,,2,3,0,1,72,655,1,, -1,1,0,1,50,19,3,2021,14:00,1,6,6083,2,1,0,2,MADONE (AVENUE DE LA),43.770198,7.493293,14,2,2
202100042843,125Â 084,B01,1,1,2,0,1,8,-1,-1, -1,-1,2021,55.0,2,2,0,2,8,1,1,,4,PIERRE CORNEILLE (AVENUE),0,,2,4,3,1,0,0,3,, -1,1,4,1,50,20,4,2021,14:33,1,67,67482,2,8,0,1,PIERRE CORNEILLE (AVENUE),48.591991,7.698361,14,2,2
202100046498,118Â 674,A01,10,3,1,0,0,-1,-1,3,3,1,2021,67.0,1,2,0,1,1,26,1,,7,GODILLOT  ( AVENUE ALEXIS ),0,,1,1,0,1,105,300,1,, -1,1,0,1,50,25,3,2021,07:55,1,83,83069,2,1,0,6,GODILLOT  ( AVENUE ALEXIS ),43.11359,6.12347,7,2,1
202100012253,179Â 822,A01,1,1,1,1,0,0,-1,-1, -1,-1,2021,16.0,3,1,0,0,1,25,5,,4,MELUN (AV DE),0,,3,4,0,1,1,0,1,, -1,1,0,4,50,19,10,2021,17:14,1,94,94078,2,9,0,7,Avenue de Melun,48.723271,2.444135,17,1,1
202100032909,142Â 937,A01,1,1,2,9,8,0,-1,0,0,-1,2021,42.0,2,1,0,2,1,1,3,,4,BOULEVARD DE MENILMONTANT,0,,2,4,1,1,(1),(1),1,, -1,2,0,1,50,22,6,2021,11:50,1,75,75111,2,2,0,3,BOULEVARD DE MENILMONTANT,48.85981,2.38871,11,2,2
202100006053,190Â 978,A01,1,1,1,5,2,6,-1,0,0,-1,2021,40.0,1,1,12,0,7,16,1,,3,765,-1,,1,2,0,1,11,150,2,, -1,2,0,1,80,27,11,2021,16:30,1,29,29147,1,6,1,6,D765 - Route de Quimperle,47.8961,-3.574365,16,1,1
202100022479,161Â 452,A01,1,1,2,1,1,0,-1,-1, -1,-1,2021,26.0,3,2,8,0,1,0,1,,6,VAUBAN (AVENUE),0,,-1,0,0,1,0,0,1,, -1,1,9,1,15,26,8,2021,09:10,1,93,93078,2,1,0,6,Parking Avenue Vauban,48.9674,2.55216,9,1,1
202100008582,186Â 394,B01,5,2,2,5,1,-1,-1,-1,0,-1,2021,51.0,1,2,0,2,4,2,1,,1,AUTOROUTE A1,0,,3,8,0,1,15,399,1,, -1,1,0,1,110,11,11,2021,12:40,1,95,95277,1,1,0,2,AUTOROUTE A1,48.982639,2.501067,12,6,2
202100006225,190Â 680,B01,1,1,2,5,2,6,-1,-1, -1,-1,2021,16.0,1,1,0,2,6,13,1,,3,RD 949,0,,-1,2,0,1,74,325,1,, -1,1,0,1,110,30,10,2021,20:10,3,85,85194,1,1,0,3,RD 949,46.515066,-1.740306,20,2,2
202100033651,141Â 618,A01,1,1,2,9,2,0,-1,0,0,-1,2021,27.0,2,1,0,2,1,13,5,,4,VOIE GEORGES POMPIDOU,0,,2,2,0,1,(1),(1),1,, -1,1,6,1,20,16,6,2021,20:10,2,75,75101,2,1,0,1,VOIE GEORGES POMPIDOU,48.857178,2.346587,20,2,2
202100041367,127Â 665,B01,1,1,1,1,2,6,9,0,0,-1,2021,55.0,1,1,0,2,1,1,1,,3,979,0,,2,2,0,1,73,150,3,, -1,1,5,1,80,6,5,2021,16:45,1,30,30006,1,4,0,6,D979,43.7084,4.213622,16,2,2
202100009321,185Â 042,B01,1,1,1,1,2,6,-1,-1, -1,-1,2021,47.0,3,1,0,2,1,1,1,,3,181,0,,2,4,0,1,0,0,1,, -1,2,0,1,50,5,11,2021,07:08,1,92,92048,2,9,0,3,GARDES (ROUTE DES) NÂ° 91 A 93,48.815228,2.221434,7,2,2
202100001458,199Â 178,A01,2,2,1,0,1,0,-1,-1, -1,-1,2021,0.0,3,2,0,2,1,1,1,,4,LILAS DES,0,,2,2,0,1,0,0,1,, -1,1,0,1,50,24,12,2021,13:25,1,64,64445,2,3,0,3,Avenue des Lilas,43.32125,-0.33996,13,3,2
202100011085,181Â 912,A01,2,2,2,0,8,0,-1,0,0,-1,2021,16.0,1,1,0,2,1,2,1,,4,BARTHOU (RUE LOUIS),0,,2,2,0,1,(1),(1),1,, -1,1,0,1,30,25,10,2021,14:00,1,54,54482,2,1,0,2,BARTHOU (RUE LOUIS),48.69773,6.20692,14,3,2
202100039129,131Â 685,B01,4,2,1,9,1,8,-1,-1, -1,-1,2021,42.0,1,0,0,2,6,1,1,,4,ANATOLE FRANCE (RUE),0,,-1,2,0,1,(1),(1),1,, -1,1,0,1,50,19,5,2021,14:50,1,10,10387,2,2,0,3,ANATOLE FRANCE (RUE),48.282254,4.070804,14,3,2
202100040510,129Â 195,A01,1,1,2,9,1,0,-1,0,0,-1,2021,69.0,1,2,0,2,3,22,1,,4,RUE DE VARIZE,0,,1,1,0,1,(1),(1),1,, -1,1,0,1,30,10,5,2021,16:10,1,75,75116,2,1,0,3,RUE DE VARIZE,48.841994,2.257336,16,2,2
202100017915,169Â 601,A01,1,1,1,5,1,-1,-1,0,0,-1,2021,78.0,2,2,0,2,1,2,1,,1,84,0,,1,4,0,1,261,700,1,, -1,1,0,1,130,2,7,2021,10:45,1,14,14738,1,1,0,5,A84,49.164276,-0.437297,10,4,3
202100047684,116Â 522,A01,1,1,2,0,1,-1,-1,0,0,-1,2021,44.0,1,2,0,2,1,13,1,,3,116,0,D,3,2,0,1,3,400,1,, -1,1,0,1,80,18,3,2021,08:40,1,91,91115,1,1,0,5,D116,48.584514,2.183704,8,3,3
202100056453,100Â 992,A01,1,1,1,5,2,6,9,0,0,-1,2021,34.0,2,1,12,0,3,1,1,,3,11,-1,,2,2,0,1,15,860,1,, -1,1,0,1,50,1,1,2021,16:30,2,56,56190,2,1,0,3,Rue de la Belle Aurore,47.98394,-2.748717,16,2,2
202100048872,114Â 400,B01,1,1,1,0,8,0,-1,-1, -1,-1,2021,37.0,2,1,0,2,8,1,3,,4,LEOPOLD RECHOSSIERE (RUE)  (RESTE),0,,2,2,2,1,1,0,1,, -1,1,0,5,50,7,3,2021,10:30,1,93,93001,2,1,0,3,LEOPOLD RECHOSSIERE (RUE)  (RESTE),48.9135775625,2.3933908063,10,2,2
202100025330,156Â 378,A01,1,1,1,9,2,6,-1,0,0,-1,2021,40.0,1,1,0,2,1,5,1,,4,AVENUE SIMON BOLIVAR,0,,1,1,0,1,(1),(1),1,, -1,1,0,1,30,6,8,2021,07:00,1,75,75119,2,1,0,1,AVENUE SIMON BOLIVAR,48.874069,2.384237,7,2,2
202100048793,114Â 553,A01,10,3,1,0,0,-1,-1,1,3,1,2021,10.0,1,2,0,1,1,1,0,,3,COURNEUVE (ROUTE),0,,3,2,0,1,0,1,1,, -1,1,0,1,50,8,3,2021,08:00,1,93,93066,2,1,0,6,COURNEUVE (ROUTE),48.9336418273,2.371288687,8,3,1
202100019839,166Â 173,A01,1,1,2,5,8,-1,-1,-1, -1,-1,2021,19.0,2,2,1,0,1,0,1,,4,HERBOUVILLE (D')                    (CO),0,,3,6,3,1,(1),(1),1,, -1,1,0,1,50,6,9,2021,20:30,5,69,69384,2,1,0,6,HERBOUVILLE (D') (CR),45.77636,4.83991,20,1,1
202100039173,131Â 600,A01,1,1,1,2,0,-1,-1,0,0,-1,2021,15.0,0,1,0,0,8,2,5,,4,,-1,,1,1,0,1,(1),(1),1,, -1,1,0,1,30,18,5,2021,16:30,1,91,91665,2,1,0,7,Rue de Gaillard,48.658619,2.270565,16,1,1
202100026897,153Â 629,A01,1,1,1,9,1,-1,-1,0,0,-1,2021,22.0,2,2,13,0,2,1,1,,3,,-1,D,2,2,0,1,40,620,2,, -1,1,0,3,70,26,7,2021,17:30,1,7,7204,1,1,0,7,D21,44.964203,4.444742,17,1,1
202100044963,121Â 363,B01,2,2,1,5,2,0,-1,-1, -1,-1,2021,26.0,0,1,0,2,1,1,1,,4,MERLAN (AVENUE),0,,2,2,0,1,(1),(1),1,, -1,1,0,1,50,6,4,2021,16:40,1,13,13214,2,1,0,3,MERLAN (AVENUE),43.3397,5.407718,16,3,2