Num_Acc,id_vehicule,num_veh,place,catu,sexe,trajet,secu1,secu2,secu3,locp,actp,etatp,year_acc,victim_age,senc,catv,obs,obsm,choc,manv,motor,occutc,catr,voie,v1,v2,circ,nbv,vosp,prof,pr,pr1,plan,lartpc,larrout,surf,infra,situ,vma,jour,mois,an,hrmn,lum,dep,com,agg_,int,atm,col,adr,lat,long,hour,nb_victim,nb_vehicules
202100003559,195Â 385,A01,10,3,1,3,8,-1,-1,1,A,1,2021,44.0,3,2,16,1,4,20,0,,9,ST LUC                              (PL),0,,1,1,0,1,(1),(1),1,, -1,2,9,8,30,4,12,2021,17:08,2,69,69202,2,1,1,6,SAINT-LUC (PL),45.7497253213,4.8003950715,17,2,1
202100018341,168Â 841,B01,1,1,1,5,2,0,-1,-1, -1,-1,2021,34.0,2,1,0,2,2,5,5,,4,PAYS DE GALLES (ROND-POINT DU),0,,1,1,0,1,(1),(1),2,, -1,1,5,1,30,15,9,2021,16:40,1,56,56121,2,6,0,3,PAYS DE GALLES (ROND-POINT DU),47.74132,-3.37319,16,2,2
202100043905,123Â 190,A01,1,1,1,9,8,0,-1,0,0,-1,2021,46.0,2,0,0,2,0,21,3,,4,RUE DE VAUGIRARD,0,,1,2,1,1,(1),(1),1,, -1,1,-1,5,50,14,4,2021,16:00,1,75,75115,2,2,0,7,RUE DE VAUGIRARD,48.841492,2.307948,16,1,1
202100038988,131Â 949,A01,10,3,2,2,0,-1,-1,1,3,1,2021,18.0,2,2,0,1,2,1,1,,3,THEOPHILE SUEUR (BOULEVARD),0,,2,2,0,1,1,0,1,, -1,1,8,1,30,21,5,2021,09:40,1,93,93048,2,1,0,6,Boulevard ThÃ©ophile Sueur,48.86458,2.46797,9,2,1
202100007224,188Â 842,A01,1,1,1,3,8,0,-1,-1, -1,-1,2021,19.0,1,1,0,2,7,5,5,,4,CARTIER(RUE JACQUES),0,,1,1,0,1,(1),(1),1,, -1,1,0,1,30,4,11,2021,19:45,5,56,56260,2,3,0,3,BERNUS(RUE DE),47.655036,-2.767531,19,2,2
202100028696,150Â 426,Y01,1,1,1,5,8,0,-1,-1, -1,-1,2021,16.0,1,1,0,2,1,5,5,,4,DENIS PAPIN (R),0,,2,2,0,1,0,0,1,, -1,1,0,1,50,16,7,2021,16:05,1,94,94041,2,2,0,1,DENIS PAPIN (R),48.81365,2.39539,16,2,2
202100013562,177Â 478,B01,1,1,1,0,2,6,-1,-1, -1,-1,2021,35.0,1,1,0,2,1,1,1,,2,RN 104,0,,1,2,0,1,26,780,1,, -1,1,0,1,110,13,10,2021,15:44,1,77,77251,1,1,0,3,RN 104,48.644676,2.543219,15,2,2
202100005523,191Â 923,A01,1,1,1,1,1,0,-1,-1, -1,-1,2021,36.0,1,2,0,2,7,9,1,,7,SAINT MARCEL (BOULEVARD DE ),0,,2,2,0,1,0,0,1,, -1,1,0,1,50,29,11,2021,18:15,2,13,13211,2,1,0,3,SAINT MARCEL (BOULEVARD DE ),43.28864,5.45691,18,2,2
202100025789,155Â 594,B01,1,1,1,1,2,6,-1,-1, -1,-1,2021,25.0,1,1,0,2,3,1,1,,3,19,0,,1,3,3,1,0,0,1,, -1,1,0,1,50,31,7,2021,23:05,5,92,92024,2,3,0,3,MARTRE (RUE) DE (111 A 119)   (122 A 144,48.9068662973,2.302567585,23,2,2
202100043607,123Â 729,A01,1,1,1,5,1,-1,-1,-1,0,-1,2021,24.0,2,2,4,0,1,26,1,,1,AUTOROUTE A115,0,,3,4,0,1,5,599,1,, -1,1,0,1,90,18,4,2021,16:45,1,95,95607,1,1,0,6, A115,49.0122110152,2.2222935741,16,1,1
202100006446,190Â 275,B01,1,1,1,0,8,0,-1,0,0,-1,2021,38.0,3,1,0,2,8,1,1,,4,,0,,1,2,0,1,(1),(1),1,, -1,1,0,1,50,24,11,2021,16:19,2,6,6088,2,2,0,3,BARBERIS (RUE),43.70356,7.28847,16,3,2
202100002496,197Â 313,A01,1,1,1,5,2,6,0,0,0,-1,2021,48.0,2,1,0,2,7,21,1,,3,980,-1,,2,2,0,4,22,10,1,, -1,7,0,1,50,19,12,2021,01:15,5,19,19214,2,3,0,3,Lieu-Dit Puy la Gane,45.131082,2.135661,1,5,2
202100016838,171Â 522,A01,10,3,1,0,0,-1,-1,2,3,1,2021,25.0,3,2,0,1,2,1,1,,4,DE GAULLE (QUAI CHARLES),0,,2,2,0,1,0,0,1,, -1,1,0,1,30,21,9,2021,18:20,2,83,83009,2,1,1,6,DE GAULLE (QUAI CHARLES),43.13629,5.7573,18,2,1
202100013251,178Â 055,B01,1,1,2,0,1,0,-1,0,0,-1,2021,37.0,1,2,0,2,7,1,1,,4,SAINT BLAINE (RUE DE),0,,2,2,0,3,(1),(1),2,, -1,1,0,1,50,14,10,2021,17:40,1,54,54328,2,4,0,3,SAINT BLAINE (RUE DE),48.6237622575,6.1737610999,17,2,2
202100043635,123Â 679,A01,2,2,2,0,1,-1,-1,-1, -1,-1,2021,60.0,1,2,9,0,2,1,1,,3,,0,,2,2,0,1,16,580,1,, -1,1,0,1,50,17,4,2021,18:45,1,33,33529,2,1,0,6,,44.63865,-1.14545,18,2,1
202100042772,125Â 194,A01,1,1,1,5,2,-1,-1,0,0,-1,2021,23.0,1,1,0,2,3,1,1,,4,rt82,-1,,2,2,0,1,(1),(1),3,, -1,1,0,1,50,24,3,2021,10:30,1,977,97701,2,1,0,3,"rt82, grand cul de sac",17.906957,-62.800652,10,2,2
202100047789,116Â 329,A01,5,2,2,0,8,0,-1,0,0,-1,2021,21.0,3,1,0,2,1,26,3,,4,VILLERS (RUE DE),0,,1,1,2,3,(1),(1),1,, -1,1,-1,1,30,16,3,2021,18:00,1,54,54395,2,2,0,3,VILLERS (RUE DE),48.6841126486,6.1660548672,18,3,2
202100031943,144Â 647,A01,2,2,2,0,1,0,-1,-1, -1,-1,2021,45.0,1,2,0,2,1,2,1,,1,86,0,,3,6,0,1,8,0,1,, -1,1,0,1,90,28,6,2021,15:40,1,92,92036,1,1,0,4,A86,48.9357640852,2.2872224731,15,6,3
202100016473,172Â 182,A01,10,3,2,0,0,-1,-1,3,3,2,2021,7.0,2,2,0,1,1,1,1,,7,BERTHELOT (BOULEVARD),0,,3,4,0,1,(1),(1),1,, -1,1,0,1,50,25,9,2021,12:24,1,63,63113,2,1,0,6,BERTHELOT (BOULEVARD),45.7816,3.07081,12,3,1
202100052959,107Â 057,A01,1,1,2,3,1,-1,-1,0,0,-1,2021,24.0,1,2,0,2,1,1,1,,4,route de salignac (ex D248),0,,2,2,0,1,(1),(1),1,, -1,1,0,1,50,18,1,2021,17:00,1,33,33366,1,1,0,3,Route de Salignac,45.000674,-0.429189,17,2,2
202100035193,138Â 792,A01,1,1,1,9,2,6,-1,-1, -1,-1,2021,37.0,2,1,0,2,1,3,1,,1,86,0,,3,4,0,2,5,699,1,, -1,1,0,1,90,10,6,2021,18:10,1,92,92025,1,1,0,3,A86,48.9344033326,2.2568908888,18,2,2
202100026323,154Â 641,A01,1,1,2,4,1,8,-1,-1, -1,-1,2021,40.0,1,2,0,2,1,7,1,,4,PRADO (AVENUE DU),0,,4,0,0,1,(1),(1),1,, -1,1,0,8,50,30,7,2021,16:30,1,13,13208,2,2,0,3,PRADO (AVENUE DU),43.2821,5.3863,16,4,2
202100040235,129Â 678,B01,1,1,1,1,2,6,-1,-1, -1,-1,2021,56.0,2,1,0,2,3,3,1,,3,BRIAND ( AV. ARISTIDE) 31 A 91,0,,-1,0,0,1,1,0,1,, -1,1,0,1,50,12,5,2021,07:15,1,93,93057,2,1,0,3,BRIAND ( AV. ARISTIDE) 31 A 91,48.909029,2.50149,7,2,2
202100053403,106Â 268,A01,1,1,1,0,1,-1,-1,0,0,-1,2021,45.0,0,2,9,0,2,0,1,,4,,-1,,2,2,0,1,(1),(1),2,, -1,1,0,4,50,26,1,2021,08:45,1,60,60612,2,1,0,6,Rue Seraphine Louis,49.212177,2.596702,8,1,1
202100053503,106Â 077,B01,1,1,1,0,1,0,-1,-1, -1,-1,2021,43.0,1,2,0,2,4,1,1,,3,7,0,,1,5,0,1,0,0,1,, -1,2,0,1,50,27,1,2021,07:50,2,92,92062,2,1,1,2,DE DION BOUTON (QUAI) DU 29 AU 65,48.88451455,2.2500756383,7,2,2
202100006140,190Â 836,A01,1,1,1,5,1,-1,-1,0,0,-1,2021,19.0,2,2,2,0,2,1,1,,3,1093,0,D,2,2,0,1,24,600,3,, -1,1,0,8,80,26,11,2021,16:55,2,63,63180,1,1,0,6,Lieu dit tissoniere,45.870151,3.303169,16,1,1
202100038791,132Â 276,B01,1,1,1,0,1,0,-1,-1, -1,-1,2021,45.0,1,2,0,2,4,2,0,,4,ANATOLE FRANCE,0,,2,2,0,1,0,0,1,, -1,2,0,1,50,22,5,2021,19:20,1,93,93029,2,1,1,4,Rue Anatole France,48.93164,2.45553,19,3,3
202100034951,139Â 232,A01,1,1,1,5,2,-1,-1,0, -1,-1,2021,26.0,0,1,8,0,1,1,1,,4,ALPHONSE FIQUET (PLACE),0,,2,4,0,1,(1),(1),1,, -1,1,0,1,50,9,6,2021,20:53,1,80,80021,2,1,0,6,ALPHONSE FIQUET (PLACE),49.89104,2.30663,20,1,1
202100001721,198Â 715,A01,10,3,2,0,0,-1,-1,3,3,1,2021,18.0,2,2,0,1,1,15,1,,4,PÃREIRE (RUE DES FRERES),0,,2,2,0,2,(1),(1),1,, -1,1,0,1,50,22,12,2021,17:46,2,44,44184,2,3,0,6,PÃREIRE (RUE DES FRERES),47.27722,-2.20519,17,2,1
202100038123,133Â 520,C01,1,1,2,0,0,-1,-1,0,0,-1,2021,28.0,1,2,0,2,8,22,1,,1,A47,0,,3,4,0,1,6,500,1,, -1,1,0,2,90,26,5,2021,18:16,1,69,69091,1,1,0,2,A47,45.5760791387,4.7205244948,18,2,2
202100011372,181Â 396,A01,10,3,1,5,0,-1,-1,3,3,1,2021,79.0,3,5,0,1,3,1,1,,4,PONT FRANÃOIS DOMMAIN,0,,2,3,0,3,0,0,3,, -1,2,2,1,50,22,10,2021,10:30,1,64,64024,2,1,1,6,PONT FRANÃOIS DOMMAIN,43.49436,-1.52821,10,2,1
202100005764,191Â 495,B01,1,1,1,1,2,6,-1,-1, -1,-1,2021,36.0,2,1,0,2,7,1,1,,4,BAILLE (BOULEVARD),0,,2,4,0,1,0,0,1,, -1,1,0,1,50,28,11,2021,14:00,1,13,13205,2,1,0,3,BAILLE (BOULEVARD),43.28801,5.39504,14,2,2
202100041344,127Â 707,A01,1,1,1,0,2,6,-1,0,0,-1,2021,17.0,1,1,0,2,3,1,1,,3,81,-1,,2,2,0,2,13,200,4,, -1,1,0,1,80,5,5,2021,12:10,1,201,201048,1,1,1,3,RD 81,42.022407,8.741963,12,2,2
202100027958,151Â 725,A01,1,1,1,4,2,6,-1,0,0,-1,2021,31.0,2,1,0,2,1,2,1,,4,BOULEVARD BERTHIER,0,,3,3,0,1,(1),(1),1,, -1,1,0,1,50,20,7,2021,16:18,1,75,75117,2,3,0,2,BOULEVARD BERTHIER,48.890227,2.304601,16,2,2
202100043696,123Â 578,A01,1,1,1,5,1,-1,-1,0,0,-1,2021,19.0,1,2,13,0,2,1,1,,3,53,0,,2,2,0,1,1,560,2,, -1,1,0,8,90,18,4,2021,03:50,3,48,48064,1,1,0,6,CD53,44.803276,3.123465,3,3,1
202100034160,140Â 700,A01,10,3,2,3,0,-1,-1,3,3,1,2021,72.0,1,2,0,1,8,1,1,,3,951,0,,2,2,0,1,(1),(1),1,, -1,1,0,1,50,17,6,2021,10:05,1,18,18197,2,1,0,6,Avenue Jean JaurÃ¨s,46.725573,2.494245,10,2,1
202100016811,171Â 569,B01,1,1,2,0,1,8,-1,-1, -1,-1,2021,43.0,1,2,0,2,4,1,2,,3,133,0,,1,2,0,1,0,0,2,, -1,1,0,1,50,25,9,2021,13:10,1,91,91103,2,1,0,2,PL DU CENTRE ESSONNE,48.61148,2.30604,13,4,2
202100017508,170Â 326,B01,1,1,2,9,1,8,-1,-1, -1,-1,2021,21.0,2,2,0,2,4,2,1,,3,LE FOLL (AV),0,,2,0,0,1,0,1,3,, -1,1,0,1,50,22,9,2021,21:15,5,94,94077,2,1,0,2,LE FOLL (AV),48.72829,2.43445,21,2,2
202100033121,142Â 553,A01,1,1,1,5,2,6,-1,0,0,-1,2021,17.0,3,1,1,0,1,1,1,,4,,-1,,2,2,0,1,(1),(1),3,,6,2,0,3,50,20,6,2021,06:30,2,29,29158,2,1,1,6,Rue du Goret,47.798177,-4.370209,6,1,1
202100021623,162Â 979,A01,1,1,2,0,8,-1,-1,-1, -1,-1,2021,17.0,2,1,0,2,1,15,1,,4,,0,,2,2,0,1,(1),(1),1,, -1,1,5,1,50,30,8,2021,18:25,1,33,33167,2,2,0,3,Avenue Hubert Dubedout,44.84707,-0.51024,18,3,2
202100018027,169Â 402,B01,1,1,2,9,1,0,-1,0,0,-1,2021,23.0,1,2,0,2,3,16,1,,4,RUE DE LA FOLIE REGNAULT,0,,2,2,0,1,(1),(1),1,, -1,1,0,1,30,19,9,2021,13:00,1,75,75111,2,2,0,3,RUE DE LA FOLIE REGNAULT,48.861177,2.385855,13,4,2
202100013310,177Â 953,B01,1,1,2,1,2,6,-1,0,0,-1,2021,28.0,1,1,0,2,1,1,1,,4,BOULEVARD PONIATOWSKI,0,,3,4,0,1,(1),(1),1,, -1,1,0,1,50,13,10,2021,21:50,5,75,75112,2,3,0,3,BOULEVARD PONIATOWSKI,48.829225,2.390373,21,2,2
202100049049,114Â 080,B01,2,2,1,0,1,0,-1,-1, -1,-1,2021,20.0,1,2,0,2,3,1,1,,4,PIERRE COT                          (AV),0,,2,2,0,1,(1),(1),1,, -1,1,0,1,50,5,3,2021,07:20,1,69,69259,2,1,0,1,PIERRE COT (AV),45.7081171962,4.8989635706,7,3,2
202100022574,161Â 269,A01,1,1,1,5,2,6,-1,-1,0,-1,2021,51.0,1,1,0,2,7,1,1,,1,AUTOROUTE A3,0,,3,6,0,1,15,699,1,, -1,1,0,1,90,25,8,2021,13:50,1,95,95277,1,1,0,3,AUTOROUTE A3,48.971892,2.48545,13,2,2
202100026608,154Â 145,A01,1,1,1,5,2,6,-1,0,0,-1,2021,32.0,1,1,0,0,8,1,1,,3,910,-1,,2,2,0,1,11,900,2,, -1,1,0,1,50,2,4,2021,15:50,1,74,74289,2,1,0,3,route de genÃ¨ve,45.907618,5.932987,15,2,2
202100020800,164Â 469,B01,1,1,1,5,2,-1,-1,0,0,-1,2021,80.0,1,0,0,0,4,1,3,,3,12,-1,,2,2,0,1,16,50,1,, -1,1,0,1,70,6,9,2021,12:15,1,60,60317,1,1,0,2,route dÃ©partementale 12,49.333065,2.306378,12,2,2
202100013327,177Â 925,A01,1,1,1,5,2,8,-1,-1, -1,-1,2021,30.0,3,1,0,2,0,26,1,,4,ROME (R DE),0,,2,2,0,1,0,0,1,, -1,1,0,1,50,13,10,2021,20:45,5,94,94002,2,2,0,7,EUROPE (PL DE L),48.7889,2.4289,20,1,1
202100007549,188Â 249,B01,1,1,2,1,1,0,-1,-1, -1,-1,2021,29.0,1,2,0,2,4,2,1,,1,AUTOROUTE A15,0,,3,8,0,1,5,0,3,, -1,1,2,1,110,18,11,2021,17:50,3,92,92036,1,1,0,4,AUTOROUTE A15,48.9436471157,2.2877561673,17,3,3
202100037195,135Â 196,B01,4,2,1,9,1,8,-1,-1, -1,-1,2021,3.0,2,2,0,2,1,1,1,,3,CROIX DE SIX (RUE DE LA),0,,2,2,0,1,48,885,1,, -1,2,0,1,50,4,5,2021,14:05,1,77,77482,2,1,1,1,CROIX DE SIX (RUE DE LA),48.37136,2.95789,14,3,2
202100020352,165Â 254,A01,10,3,1,0,0,-1,-1,3,3,1,2021,43.0,0,2,0,1,1,16,1,,4,BALANCE (RUE DE LA),0,,-1,1,0,1,0,0,1,, -1,1,0,1,30,7,9,2021,09:00,1,93,93005,2,2,0,1,BALANCE (RUE DE LA),48.95577,2.50416,9,2,1
202100018302,168Â 908,A01,10,3,1,5,0,-1,-1,3,3,2,2021,3.0,2,2,0,1,2,16,1,,4,ROGER SALENGRO                      (R ),0,,2,2,0,1,(1),(1),3,, -1,1,0,1,50,17,9,2021,17:30,1,69,69389,2,4,0,6,ROGER SALENGRO (R),45.77704,4.80721,17,2,1
202100029813,148Â 498,A01,1,1,1,0,2,6,-1,0,0,-1,2021,26.0,2,1,8,0,1,1,1,,4,,0,,1,1,0,1,(1),(1),1,, -1,1,0,1,30,9,7,2021,17:50,1,6,6012,2,1,0,6,CARNIER (AVENUE DU),43.74253,7.422073,17,1,1
202100038764,132Â 324,B01,1,1,2,5,2,8,-1,-1, -1,-1,2021,70.0,2,1,0,2,3,1,5,,4,CLOT BEY (AVENUE),0,,2,2,0,1,(1),(1),1,, -1,1,0,1,50,14,5,2021,15:12,1,13,13208,2,1,0,3,CLOT BEY (AVENUE),43.258848,5.384686,15,2,2
202100020227,165Â 479,A01,2,2,2,5,8,-1,-1,-1, -1,-1,2021,22.0,2,1,0,2,1,16,5,,4,BELLECOUR                           (PL),0,,2,3,2,1,(1),(1),2,, -1,1,0,1,30,8,9,2021,00:00,5,69,69382,2,3,0,1,BELLECOUR (PL),45.7565,4.8332,0,3,2
202100016266,172Â 558,A01,10,3,2,9,0,-1,-1,3,3,1,2021,65.0,3,5,0,1,1,16,1,,3,CHARLES DE GAULLE (BD),0,,2,4,3,1,0,0,1,, -1,1,4,1,50,26,9,2021,20:20,2,92,92025,2,3,0,6,CHARLES DE GAULLE (BD),48.9104281091,2.2347065806,20,2,1
202100007016,189Â 217,B01,2,2,2,0,2,0,-1,-1, -1,-1,2021,22.0,1,1,0,2,1,1,1,,4,SCHUMAN ( BD ROBERT ),0,,2,0,0,1,(1),(1),1,, -1,1,0,1,50,20,11,2021,07:00,5,44,44109,2,1,0,1,SCHUMAN ( BD ROBERT ),47.23577,-1.56787,7,3,2
202100009072,185Â 490,A01,1,1,1,0,2,0,-1,-1, -1,-1,2021,23.0,0,1,0,2,5,1,1,,4,Rue des Orangers,0,,2,2,0,1,(1),(1),1,, -1,1,0,1,50,5,11,2021,06:30,1,971,97101,2,2,0,3,Rue des Orangers,16.29181,-61.49203,6,2,2
202100051347,109Â 890,B01,1,1,2,2,1,-1,-1,0,0,-1,2021,45.0,0,2,0,0,1,0,2,,3,115,0,D,3,2,0,1,5,350,1,, -1,1,0,1,80,17,2,2021,11:20,1,41,41051,1,1,0,1,D115,47.367642,1.121936,11,2,2
202100013178,178Â 192,A01,1,1,1,4,1,-1,-1,0,0,-1,2021,39.0,1,5,0,2,4,1,1,,3,637,0,,2,2,0,1,3,365,1,, -1,1,0,1,90,15,10,2021,08:40,1,77,77185,1,1,1,2,D637,48.465068,2.549343,8,2,2
202100022611,161Â 198,A01,1,1,2,0,8,0,-1,-1, -1,-1,2021,42.0,2,1,0,2,7,1,5,,4,DALBIEZ (AVENUE VICTOR),0,,2,4,0,1,0,0,1,, -1,1,0,1,50,23,8,2021,13:47,1,66,66136,2,3,0,3,DALBIEZ (AVENUE VICTOR),42.6934574987,2.8878527032,13,2,2
202100007259,188Â 782,A01,1,1,1,5,1,8,-1,-1, -1,-1,2021,70.0,3,2,0,2,3,13,1,,3,ROCADE EST (RD 932 E),0,,2,2,0,1,0,0,1,, -1,2,0,1,80,14,11,2021,19:55,3,40,40178,1,1,0,3,ROCADE EST (RD 932 E),43.89325,-0.44546,19,3,2
202100038749,132Â 353,B01,3,2,1,5,1,-1,-1,-1, -1,-1,2021,12.0,3,2,0,2,2,2,1,,4,TONDEURS (BOULEVARD),0,,3,4,0,1,(1),(1),1,, -1,2,0,1,70,22,5,2021,16:15,2,51,51055,2,1,1,3,Boulevard des Tondeurs,49.281057,4.039706,16,6,2
202100018976,167Â 715,B01,1,1,1,0,2,6,-1,-1, -1,-1,2021,21.0,1,1,0,2,3,1,0,,4,ROBERT SCHUMANN (AVENUE),0,,-1,3,0,1,0,0,1,, -1,1,0,1,50,14,9,2021,05:03,5,13,13202,2,2,0,3,ROBERT SCHUMANN (AVENUE),43.3030872961,5.3665845769,5,3,2
202100041934,126Â 663,A01,1,1,1,9,8,0,-1,0,0,-1,2021,25.0,2,1,0,2,3,8,3,,4,RUE BEAUBOURG,0,,1,2,3,1,(1),(1),1,, -1,1,0,6,30,30,4,2021,13:20,1,75,75103,2,2,0,1,RUE BEAUBOURG,48.863753,2.354889,13,2,2
202100008388,186Â 737,C01,1,1,2,0,1,-1,-1,0,0,-1,2021,48.0,3,2,0,2,1,1,1,,3,939,0,,2,2,0,1,(1),(1),1,, -1,1,0,1,80,12,11,2021,19:35,3,28,28022,1,1,0,1,D939,48.485854,1.393767,19,7,4
202100025970,155Â 259,B01,1,1,1,5,2,6,-1,-1, -1,-1,2021,58.0,2,1,0,2,1,1,1,,3,1ERE ARMEE (AVENUE),0,,2,2,0,2,0,0,2,, -1,1,0,1,30,1,8,2021,11:03,1,91,91286,2,1,0,1,1ERE ARMEE (AVENUE),48.654428,2.396888,11,2,2
202100003309,195Â 853,B01,1,1,1,1,2,-1,-1,0,0,-1,2021,17.0,3,1,0,2,3,15,1,,4,//,-1,,2,2,0,2,(1),(1),2,, -1,2,0,1,80,14,12,2021,07:45,2,69,69255,1,9,1,3,CROZIER (DU) (RTE),45.7314477434,4.6515646577,7,2,2
202100013645,177Â 322,B01,1,1,1,1,1,0,-1,-1, -1,-1,2021,47.0,2,2,0,2,4,23,1,,4,CHAPELLE (RUE DE LA),0,,2,2,0,1,1,0,1,, -1,1,0,1,50,11,10,2021,17:05,1,45,45169,2,1,0,2,CHAPELLE (RUE DE LA),47.90982,1.83091,17,4,2
202100031011,146Â 302,B01,1,1,1,2,0,-1,-1,-1, -1,-1,2021,12.0,1,1,12,2,4,19,5,,4,PAUL MARCELLIN                      (AV),0,,2,4,0,1,(1),(1),3,, -1,1,0,1,30,1,6,2021,12:30,1,69,69256,2,4,0,2,PAUL MARCELLIN                      (AV),45.77405,4.93232,12,2,2
202100040938,128Â 445,B01,1,1,1,0,1,0,-1,-1, -1,-1,2021,51.0,2,2,0,2,3,1,1,,4,BEL AIR (RUE),0,,1,1,0,1,(1),(1),1,, -1,1,0,1,50,3,5,2021,21:55,5,13,13206,2,2,0,3,BEL AIR (RUE),43.28956,5.3824,21,2,2
202100001196,199Â 634,B01,4,2,2,9,1,0,-1,-1, -1,-1,2021,16.0,1,2,3,2,4,1,1,,2,05 PK RN237 MOULIN JUSTICE RE,0,,3,4,0,1,4,800,1,, -1,2,0,1,90,27,12,2021,20:25,3,17,17200,1,1,1,2,05 PK RN237 MOULIN JUSTICE RE,46.17485,-1.17247,20,5,2
202100048435,115Â 182,A01,1,1,2,1,2,0,-1,0,0,-1,2021,46.0,1,1,0,2,0,1,5,,4,AVENUE DENFERT ROCHEREAU,0,,2,4,0,1,(1),(1),1,, -1,2,0,1,50,11,3,2021,08:50,1,75,75114,2,7,1,3,AVENUE DENFERT ROCHEREAU,48.834487,2.332586,8,2,2
202100053825,105Â 538,B01,1,1,1,0,1,-1,-1,-1, -1,-1,2021,20.0,3,2,0,2,4,1,1,,4,,0,,3,2,2,1,(1),(1),1,, -1,1,0,1,50,24,1,2021,15:30,1,69,69259,2,2,0,2,JEAN CAGNE (AV),45.6949658517,4.8734021187,15,2,2
202100028159,151Â 368,A01,1,1,1,5,2,6,-1,0,0,-1,2021,23.0,2,1,0,2,1,2,1,,4,PORTE DE VINCENNES,0,,1,4,0,1,(1),(1),1,, -1,1,0,1,70,17,7,2021,09:30,1,75,75120,2,4,0,4,PORTE DE VINCENNES,48.848601,2.415121,9,5,4
202100020788,164Â 487,B01,1,1,1,1,2,-1,-1,0,0,-1,2021,46.0,1,1,0,2,1,1,1,,3,D605,-1,,2,2,0,1,36,147,1,, -1,1,5,1,50,6,9,2021,05:35,5,77,77354,2,1,0,1,D605,48.461084,2.872839,5,2,2
202100034212,140Â 595,A01,1,1,1,0,2,8,-1,-1, -1,-1,2021,21.0,2,1,0,2,1,1,1,,3,BADUEL (ROUTE DE),0,,2,2,2,1,3,200,1,, -1,1,0,1,50,15,6,2021,13:25,1,973,97302,2,1,0,3,BADUEL (ROUTE DE),4.9291801871,-52.3018352418,13,2,2
202100023490,159Â 641,A01,10,3,2,5,0,-1,-1,3,3,2,2021,49.0,2,1,0,1,1,17,1,,2,10,-1,,2,2,0,1,82,550,1,,7,1,0,1,50,14,8,2021,11:00,1,202,202123,2,1,0,1,Avenue du 9 Septembre,42.016879,9.405965,11,3,1
202100026421,154Â 471,B01,1,1,1,0,8,-1,-1,-1, -1,-1,2021,38.0,3,1,0,2,2,1,3,,4,GAMBETTA                            (CO),0,,4,5,1,1,(1),(1),1,, -1,1,0,1,50,29,7,2021,17:18,1,69,69383,2,2,0,3,GAMBETTA (CR),45.7537049257,4.8477199673,17,2,2
202100037692,134Â 289,A01,1,1,1,5,8,-1,-1,0,0,-1,2021,28.0,2,2,13,0,3,0,1,,3,12,-1,,2,2,0,1,4,133,3,, -1,1,0,3,80,21,5,2021,20:44,1,45,45144,1,1,0,6,D12 - PR 4+133,47.819192,2.129846,20,1,1
202100034497,140Â 064,A01,1,1,1,5,2,6,-1,0,0,-1,2021,61.0,2,1,6,0,1,1,1,,3,932,0,D,2,2,0,1,16,170,1,, -1,1,0,8,80,15,6,2021,17:00,1,64,64317,1,1,0,7,D932,43.36637,-1.424525,17,1,1
202100036190,137Â 007,A01,1,1,1,0,1,5,-1,-1, -1,-1,2021,42.0,1,2,0,2,1,1,1,,1,A55 - Sens Marseille vers Martigues,0,,1,2,0,1,15,699,1,, -1,1,0,1,90,5,6,2021,21:50,2,13,13071,1,1,0,2,A55 - Sens Marseille vers Martigues,43.38019,5.31615,21,2,2
202100036086,137Â 181,A01,1,1,1,5,2,6,-1,0,0,-1,2021,45.0,3,1,0,2,3,17,1,,7,CANNES AVENUE DE (RN7),0,,-1,2,0,1,(1),(1),1,, -1,1,0,1,50,6,6,2021,15:48,1,6,6027,2,1,0,3,CANNES AVENUE DE (RN7),43.654672,7.149761,15,2,2
202100029371,149Â 276,A01,1,1,1,5,2,6,-1,0,0,-1,2021,30.0,0,1,0,0,0,0,1,,4,,-1,,2,2,0,2,(1),(1),2,,4,1,0,3,80,8,7,2021,13:45,1,29,29183,1,1,0,7,Kerven Bras,48.576632,-3.596075,13,1,1
202100036705,136Â 100,A01,1,1,1,0,2,-1,-1,0,0,-1,2021,59.0,1,1,16,0,0,1,1,,3,59,-1,,2,2,0,2,21,800,2,, -1,1,0,3,80,3,6,2021,15:00,1,37,37130,1,1,0,7,"Avenue du 11 novembre 1918, route dÃ©partementale 59",47.0367615092,0.8452945297,15,1,1
202100034795,139Â 517,A01,1,1,1,5,1,0,-1,-1, -1,-1,2021,20.0,2,2,1,2,2,0,1,,3,VICTOR HUGO (AV),0,,1,0,0,1,0,1,1,, -1,1,0,1,50,11,6,2021,23:00,5,94,94022,2,3,0,4,Avenue Victor Hugo,48.7679,2.417357,23,4,4
202100040029,130Â 048,B01,2,2,2,0,1,8,-1,-1, -1,-1,2021,75.0,1,2,0,2,8,1,1,,3,SAINT ANTOINE (CHEMIN),0,,2,2,0,1,3,600,1,, -1,2,0,1,50,13,5,2021,16:50,1,973,97302,2,2,0,3,SAINT ANTOINE (CHEMIN),4.9289173511,-52.2999377753,16,4,2
202100043723,123Â 538,B01,2,2,1,0,2,4,-1,-1, -1,-1,2021,21.0,1,1,4,2,7,1,1,,1,AUTOROUTE A86,0,,3,4,0,1,52,0,1,, -1,1,0,1,70,17,4,2021,19:00,1,94,94034,1,1,0,3,AUTOROUTE A86,48.7617,2.31549,19,3,2