Num_Acc,id_vehicule,num_veh,place,catu,sexe,trajet,secu1,secu2,secu3,locp,actp,etatp,year_acc,victim_age,senc,catv,obs,obsm,choc,manv,motor,occutc,catr,voie,v1,v2,circ,nbv,vosp,prof,pr,pr1,plan,lartpc,larrout,surf,infra,situ,vma,jour,mois,an,hrmn,lum,dep,com,agg_,int,atm,col,adr,lat,long,hour,nb_victim,nb_vehicules
202100033978,141Â 025,A01,1,1,1,5,2,6,-1,-1, -1,-1,2021,28.0,1,1,0,2,1,2,1,,2,104,0,,3,4,0,1,40,985,1,, -1,1,0,1,70,17,6,2021,16:15,1,91,91521,1,1,0,2,RN 104,48.63191,2.40038,16,2,2
202100018766,168Â 097,A01,1,1,2,2,8,0,-1,-1, -1,-1,2021,16.0,3,1,6,0,0,1,5,,4,DE GAULLE (BD CHARLES),0,,2,5,1,1,(1),(1),1,, -1,3,0,5,50,14,9,2021,18:20,1,37,37214,2,1,1,7,DE GAULLE (BD CHARLES),47.4177125509,0.6655223072,18,1,1
202100043167,124Â 507,A01,2,2,1,5,2,8,-1,-1, -1,-1,2021,17.0,1,1,0,2,1,1,1,,4,BERGONIE (RUE DOCTEUR),0,,2,2,0,1,(1),(1),1,, -1,1,0,1,50,20,4,2021,17:10,1,37,37261,2,2,0,3,BERGONIE (RUE DOCTEUR),47.37814,0.70952,17,3,2
202100038856,132Â 176,B01,1,1,1,5,2,-1,-1,0,0,-1,2021,29.0,2,1,0,2,1,1,5,,3,15,-1,,2,2,0,2,43,800,1,, -1,1,0,1,50,21,5,2021,09:10,1,86,86095,2,3,0,3,D15,46.702874,0.435413,9,2,2
202100023767,159Â 133,C01,2,2,2,5,1,7,-1,0,0,-1,2021,46.0,3,2,0,2,5,1,1,,4,01,-1,,2,2,0,1,(1),(1),1,, -1,1,0,1,80,16,8,2021,10:35,1,57,57733,1,1,0,5,route communale 01,49.317283,6.254225,10,5,3
202100032176,144Â 239,B01,2,2,2,5,1,-1,-1,0,0,-1,2021,65.0,2,2,0,2,1,0,1,,3,571,-1,,-1,2,0,2,4,900,1,, -1,1,0,1,50,26,6,2021,21:06,2,25,25410,1,1,0,1,Route de Lausanne - Trou au Loup,47.223838,6.070762,21,3,2
202100026488,154Â 350,B01,1,1,2,3,2,8,-1,-1, -1,-1,2021,62.0,2,1,0,2,2,1,1,,4,PRESLES ( BOULEVARD ),0,,2,2,0,1,0,0,1,, -1,1,0,1,50,17,6,2021,18:23,1,2,2722,2,1,0,3,PRESLES ( BOULEVARD ),49.37228,3.30515,18,2,2
202100049775,112Â 768,A01,1,1,1,9,2,6,-1,0,0,-1,2021,56.0,1,1,7,0,1,21,1,,4,QUAI DES CELESTINS,0,,2,4,0,1,(1),(1),1,, -1,1,0,1,50,28,2,2021,20:50,5,75,75104,2,3,0,6,QUAI DES CELESTINS,48.852906,2.358984,20,1,1
202100033620,141Â 668,B01,1,1,1,5,2,6,-1,-1, -1,-1,2021,47.0,1,1,0,2,7,1,1,,4,PRADO (AVENUE DU),0,,2,6,3,1,0,0,1,, -1,1,0,1,50,18,6,2021,10:45,1,13,13208,2,1,0,3,PRADO (AVENUE DU),43.2701,5.388,10,2,2
202100040317,129Â 537,A01,4,2,1,5,1,0,-1,-1, -1,-1,2021,17.0,2,2,6,0,9,1,1,,4,ERIC TABARLY (RUE),0,,2,2,0,1,0,0,3,, -1,1,0,1,50,9,5,2021,05:10,5,87,87085,2,1,0,6,ERIC TABARLY (RUE),45.84295,1.20069,5,5,1
202100046915,117Â 914,A01,3,2,2,0,8,0,-1,-1, -1,-1,2021,17.0,3,2,12,0,2,14,1,,4,BINTINAIS (LIEU-DIT LA),0,,-1,0,0,1,(1),(1),1,, -1,1,0,3,50,23,3,2021,01:20,3,35,35238,1,1,0,6,BINTINAIS (LIEU-DIT LA),48.07786,-1.66256,1,3,1
202100052132,108Â 526,B01,3,2,1,4,1,0,-1,-1, -1,-1,2021,34.0,2,2,0,2,4,0,1,,4,ANDRÃ ROUSSIN (AVENUE),0,,3,5,0,2,1,0,1,, -1,1,0,1,50,8,2,2021,10:00,1,13,13216,2,1,0,2,ANDRÃ ROUSSIN (AVENUE),43.36325,5.34192,10,4,2
202100047201,117Â 396,B01,2,2,1,9,1,-1,-1,-1, -1,-1,2021,21.0,1,2,0,2,0,9,0,,7,PIERRE SEMARD                       (BD),0,,1,1,0,1,16,400,1,, -1,1,0,8,50,20,3,2021,23:30,5,69,69199,1,1,0,1,PIERRE SEMARD                       (BD),45.7051029566,4.8437894806,23,3,2
202100039370,131Â 228,B01,1,1,1,0,0,-1,-1,0,0,-1,2021,22.0,3,1,0,2,1,1,1,,4,,-1,,2,2,0,1,(1),(1),1,, -1,1,0,1,50,18,5,2021,12:00,1,971,97103,1,1,0,3,Rue Albert Dupont,16.234067,-61.618415,12,2,2
202100004370,193Â 947,B01,1,1,1,1,1,0,-1,-1, -1,-1,2021,29.0,1,2,0,2,4,1,1,,1,6B,0,,1,3,0,1,3,279,1,, -1,1,0,1,90,6,12,2021,23:00,5,94,94038,1,9,0,2,A6B,48.7883230186,2.3443605249,23,2,2
202100022647,161Â 138,A01,1,1,1,0,1,0,-1,-1, -1,-1,2021,22.0,0,2,13,0,2,0,1,,7,R.N 7,0,,-1,2,0,1,1,0,1,, -1,1,0,1,80,26,8,2021,02:50,3,13,13001,1,1,0,1,R.N 7,43.55976,5.41311,2,1,1
202100027807,152Â 010,B01,1,1,1,1,2,-1,-1,0,0,-1,2021,33.0,2,1,0,2,1,17,1,,3,1206,-1,,2,2,0,1,9,900,1,, -1,1,5,1,80,21,7,2021,17:00,1,74,74309,1,2,0,3,route de Bellegarde,46.113449,6.007403,17,2,2
202100030201,147Â 784,B01,1,1,1,9,2,6,-1,0,0,-1,2021,30.0,2,1,0,0,1,3,1,,3,COTE DE NACRE(AVENUE),0,,2,0,0,3,1,0,1,, -1,1,5,1,50,7,7,2021,09:00,1,14,14118,2,3,0,3,Avenue Nicolas Copernic,49.19865,-0.36059,9,2,2
202100003392,195Â 698,A01,10,3,1,1,0,-1,-1,6,1,1,2021,25.0,1,2,0,1,7,1,1,,3,FELIX EBOUE(ROCADE),0,,2,2,0,1,1,900,1,, -1,2,0,1,50,11,12,2021,06:42,1,973,97302,2,1,0,6,FELIX EBOUE(ROCADE),4.92913,-52.31584,6,2,1
202100043766,123Â 457,A01,10,3,1,9,0,-1,-1,2,3,1,2021,60.0,2,3,0,1,8,15,1,1.0,4,VALENCIENNES (RUE DE),0,,1,1,0,1,(1),(1),2,, -1,1,0,1,50,13,4,2021,15:00,1,59,59178,2,3,0,6,VALENCIENNES (RUE DE),50.36731,3.08414,15,2,1
202100025473,156Â 134,A01,2,2,1,0,1,0,-1,-1, -1,-1,2021,18.0,1,2,1,0,2,14,1,,4,JEAN NESMY (RUE),0,,2,2,0,1,(1),(1),2,, -1,1,0,1,50,4,8,2021,19:15,1,10,10387,2,1,0,6,JEAN NESMY (RUE),48.294519,4.08979,19,2,1
202100012055,180Â 163,A01,1,1,2,2,0,0,-1,-1, -1,-1,2021,22.0,1,0,0,2,3,1,3,,3,CRETEIL (BD DE),0,,2,2,0,1,0,0,1,, -1,1,0,1,30,19,10,2021,14:45,1,94,94068,2,2,0,3,Boulevard de CrÃ©teil,48.79811,2.48402,14,3,2
202100041021,128Â 292,A01,1,1,1,5,2,6,-1,0,0,-1,2021,34.0,2,1,0,0,0,1,1,,3,1,-1,,2,2,0,1,4,154,3,,5,1,0,1,90,8,5,2021,11:35,1,34,34238,1,1,0,2,les prats,43.849903,3.650701,11,2,2
202100041614,127Â 220,B01,1,1,1,1,1,-1,-1,0,0,-1,2021,43.0,3,2,1,2,3,1,1,,4,,0,,2,2,0,2,(1),(1),3,,4,1,0,1,50,3,5,2021,15:10,1,89,89257,2,1,0,1,6 Rue Camille Desmoulins,47.969402,3.503838,15,2,2
202100049785,112Â 754,A01,10,3,1,0,0,-1,-1,1,3,1,2021,26.0,1,2,0,1,1,1,1,,4,PEGOUD,0,,1,1,0,1,0,0,1,, -1,1,0,1,50,28,2,2021,10:28,1,93,93029,2,1,0,6,PEGOUD,48.9237464587,2.4556939561,10,2,1
202100033853,141Â 251,A01,1,1,1,5,8,-1,-1,-1, -1,-1,2021,37.0,2,2,2,0,1,0,1,,3,ROND POINT DE BREZILLET,0,,4,2,0,1,48,0,2,, -1,1,5,8,50,9,5,2021,04:25,3,22,22360,2,1,0,7,ROND POINT DE BREZILLET,48.4935943723,-2.7621817589,4,1,1
202100042919,124Â 953,A01,2,2,1,5,8,0,-1,-1, -1,-1,2021,45.0,1,2,1,9,2,26,1,,4,R DE FONTENAY,0,,4,3,0,1,1,0,1,, -1,1,0,1,50,23,4,2021,12:50,1,94,94080,2,1,0,6,Rue de Fontenay,48.847906,2.440539,12,2,1
202100054596,104Â 192,B01,1,1,2,3,2,0,-1,-1, -1,-1,2021,9.0,1,1,0,2,8,13,0,,3,,-1,,2,2,-1,1,(1),(1),1,, -1,1,8,1,-1,17,1,2021,10:20,1,22,22215,2,3,0,3,rue de bel air,48.497377649,-2.7901047507,10,2,2
202100033900,141Â 164,A01,1,1,1,5,2,0,-1,-1, -1,-1,2021,26.0,1,1,0,2,1,16,1,,3,VICTOR HUGO (AVE)  NÂ° 122 =>,0,,2,2,0,1,0,1,1,, -1,2,8,1,30,17,6,2021,21:30,3,93,93001,2,1,1,1,VICTOR HUGO (AVE)  NÂ° 122 =>,48.9132915123,2.3803335427,21,2,2
202100054426,104Â 469,A01,1,1,1,1,2,6,-1,-1, -1,-1,2021,23.0,1,1,0,2,2,1,1,,3,OLOF PALME,0,,2,2,0,1,29,280,1,, -1,1,0,1,70,19,1,2021,07:50,2,64,64445,2,3,0,3,OLOF PALME,43.33596,-0.36374,7,3,2
202100003351,195Â 775,A01,1,1,1,0,1,9,-1,0,0,-1,2021,71.0,1,2,13,0,9,1,1,,2,2,0,,3,4,0,1,54,0,2,, -1,2,5,8,90,13,12,2021,17:05,2,2,2294,1,1,0,7,N2,49.516722,3.582734,17,1,1
202100002863,196Â 659,A01,1,1,1,0,2,6,-1,0,0,-1,2021,31.0,1,1,0,2,1,3,1,,3,568,0,D,2,2,0,1,0,390,1,, -1,1,0,1,50,16,12,2021,16:00,1,201,201247,2,2,0,3,rue henri frenay,41.598708,9.277804,16,2,2
202100023964,158Â 798,A01,10,3,1,0,0,-1,-1,1,3,1,2021,26.0,2,2,0,1,3,0,1,,2,,0,,2,2,0,1,266,650,1,, -1,2,0,1,90,17,8,2021,03:35,3,988,98811,1,1,0,6,RT1 Ã  hauteur du garage Nord MOTORS,-21.089445,164.883091,3,4,1
202100010792,182Â 446,B01,1,1,2,1,1,-1,-1,0,0,-1,2021,34.0,2,2,0,2,1,1,1,,3,538,0,D,2,2,0,1,16,700,3,, -1,1,0,1,-1,28,10,2021,10:20,1,7,7095,1,1,0,1,rd538,44.995867,4.690819,10,2,2
202100053175,106Â 685,B01,1,1,1,0,8,-1,-1,0,0,-1,2021,49.0,0,1,0,2,1,1,5,,4,CHAUVELIN (RUE),0,,-1,2,0,1,(1),(1),1,, -1,2,0,1,50,27,1,2021,07:50,5,80,80021,2,2,1,1,ANCIENS COMBATTANTS (PLACE DES),49.89685,2.28279,7,2,2
202100039292,131Â 368,A01,1,1,1,0,8,-1,-1,-1, -1,-1,2021,36.0,1,1,0,2,2,15,1,,4,RUE DU POUQUEYRAS,0,,2,2,0,1,(1),(1),3,, -1,2,0,1,50,18,5,2021,12:15,1,33,33013,2,4,1,1,Rue du Pouqueyras,44.85875,-0.48112,12,2,2
202100052626,107Â 656,A01,9,2,2,5,0,-1,-1,0,0,-1,2021,23.0,2,2,16,0,2,1,1,,3,2,-1,,2,1,0,2,(1),(1),2,, -1,2,0,3,50,6,2,2021,00:15,5,988,98817,2,1,1,6,route de la corniche -710-,-22.268883,166.569579,0,2,1
202100055465,102Â 703,A01,1,1,1,0,1,0,-1,-1, -1,-1,2021,64.0,2,2,0,2,1,1,1,,7,938,0,,2,4,3,1,17,700,1,, -1,1,-1,1,50,9,1,2021,15:00,1,76,76322,2,2,0,1,Avenue des Canadiens,49.40204,1.06518,15,3,2
202100037576,134Â 496,B01,1,1,1,0,2,0,-1,-1, -1,-1,2021,34.0,1,1,0,2,1,1,1,,4,BOLLEE (AV) NÂ° IMP 65 A 199,0,,2,3,2,1,0,0,3,, -1,1,0,1,50,29,5,2021,12:30,1,72,72181,2,1,0,3,BOLLEE (AV) NÂ° IMP 65 A 199,47.99862,0.21357,12,2,2
202100015753,173Â 512,B01,1,1,1,9,8,0,-1,0,0,-1,2021,24.0,1,0,0,2,8,1,3,,4,PONT DE SULLY,0,,1,2,0,1,(1),(1),1,, -1,1,2,1,30,30,9,2021,14:20,1,75,75104,2,2,0,3,PONT DE SULLY,48.85082,2.361435,14,2,2
202100043414,124Â 062,B01,1,1,1,1,2,-1,-1,-1, -1,-1,2021,51.0,1,1,0,2,8,1,3,,4,GAMBETTA                            (CO),0,,1,2,3,1,(1),(1),1,, -1,1,0,6,50,19,4,2021,18:05,1,69,69387,2,2,0,3,GAMBETTA (CR),45.75156,4.85357,18,2,2
202100012124,180Â 041,A01,10,3,2,9,0,-1,-1,5,2,1,2021,20.0,1,2,0,1,2,20,1,,3,,-1,,2,2,0,2,(1),(1),1,,5,1,0,4,50,21,10,2021,15:55,1,9,9334,2,9,0,6,Lotissement Jean Nayrou (Vicdessos),42.773996,1.485227,15,2,1
202100047190,117Â 415,B01,1,1,1,1,2,6,-1,-1, -1,-1,2021,33.0,2,1,0,2,1,1,1,,1,A43   0.550 A 3.353,0,,3,6,0,1,2,99,1,, -1,1,0,1,70,12,3,2021,18:00,1,69,69029,1,1,0,3,A43,45.7272,4.91104,18,2,2
202100004262,194Â 136,A01,10,3,1,0,0,-1,-1,2,3,3,2021,2.0,1,2,0,1,1,2,1,,4,BELLANGER (RUE),0,,1,1,1,1,(1),(1),1,, -1,2,0,1,50,6,12,2021,16:55,5,37,37261,2,1,1,6,BELLANGER (RUE),47.3873329268,0.7058528066,16,3,1
202100001152,199Â 713,B01,2,2,1,5,2,0,-1,-1, -1,-1,2021,21.0,1,1,0,2,8,1,1,,2,ILE DE FRANCE(AVENUE),0,,2,2,0,2,(1),(1),1,, -1,1,2,1,50,26,12,2021,19:50,5,974,97409,2,2,0,3,ILE DE FRANCE(AVENUE),-20.95204,55.64886,19,3,2
202100008189,187Â 087,A01,1,1,2,5,1,-1,-1,0,0,-1,2021,76.0,2,2,0,2,3,1,1,,2,122,0,,2,2,0,1,66,252,1,, -1,1,0,1,80,12,11,2021,18:20,2,15,15154,1,1,0,5,Les Conrocqs,44.956224,2.589095,18,5,4
202100040467,129Â 274,A01,1,1,1,1,8,-1,-1,-1, -1,-1,2021,26.0,3,1,0,2,8,19,3,,7,ARISTIDE BRIAND (D 518)             (R ),0,,2,2,0,1,4,350,1,, -1,1,0,1,50,10,5,2021,02:40,5,69,69290,2,2,0,3,ARISTIDE BRIAND (R),45.69644,4.92632,2,3,2
202100035777,137Â 758,A01,1,1,1,1,2,0,-1,-1, -1,-1,2021,24.0,2,1,0,2,3,16,1,,3,BARBUSSE (AVENUE HENRI) A30,0,,2,4,0,1,0,1,1,, -1,1,0,1,50,8,6,2021,17:20,1,93,93008,2,3,0,3,Avenue Henri Barbusse / Rue AbbÃ© Pierre,48.9083964174,2.4273625819,17,2,2
202100014653,175Â 520,A01,10,3,1,2,0,-1,-1,4,3,1,2021,19.0,2,2,0,1,3,15,1,,3,ROSNY (RUE DE),0,,2,2,0,2,1,0,1,, -1,1,0,1,50,7,10,2021,15:10,1,93,93048,2,3,0,6,Rue Saint Antoine / Rue de Rosny,48.865,2.45365,15,2,1
202100043611,123Â 723,B01,1,1,2,9,2,0,-1,-1, -1,-1,2021,40.0,1,1,0,2,7,1,1,,2,MARINGOUINS (ROND-POINT),0,,2,2,0,1,3,0,1,, -1,2,0,1,80,17,4,2021,05:55,2,973,97302,1,7,1,3,MARINGOUINS (ROND-POINT),4.9073439607,-52.3219270708,5,2,2
202100035049,139Â 046,B01,1,1,1,5,2,6,-1,0,0,-1,2021,27.0,1,1,0,2,3,3,1,,4,PORTE DE GENTILLY,0,,1,2,0,1,4,400,1,, -1,1,0,1,70,11,6,2021,09:45,1,75,75114,2,1,0,3,PORTE DE GENTILLY,48.816851,2.33621,9,2,2
202100035549,138Â 166,B01,1,1,1,5,2,0,-1,0,0,-1,2021,29.0,1,1,0,2,0,1,5,,4,QUAI BRANLY,0,,2,4,1,1,(1),(1),1,, -1,1,0,5,50,9,6,2021,19:30,1,75,75107,2,3,0,3,QUAI BRANLY,48.857435,2.291105,19,2,2
202100046398,118Â 837,B01,1,1,1,1,1,0,-1,-1, -1,-1,2021,26.0,-1,2,8,2,3,1,1,,3,GENERAL DE GAULLE (AVENUE),0,,3,2,0,1,1,1,1,, -1,1,9,1,50,26,3,2021,06:26,1,93,93050,2,2,0,3,GENERAL DE GAULLE (AVENUE),48.85689,2.53075,6,2,2
202100002372,197Â 543,A01,2,2,2,5,2,0,-1,-1, -1,-1,2021,16.0,0,1,0,2,7,15,1,,3,CAPITAINE THEN,0,,2,0,0,1,1,0,1,, -1,2,0,1,50,17,12,2021,21:15,5,202,202033,2,4,0,3,CAPITAINE THEN,42.6732724737,9.4371881582,21,3,2
202100021514,163Â 185,A01,1,1,1,4,0,-1,-1,0,0,-1,2021,54.0,2,5,0,2,3,5,1,,3,194,0,,2,2,0,1,1,665,1,, -1,1,0,1,80,2,9,2021,07:25,2,56,56094,1,1,0,1,toluen RD 194,47.76007,-3.257296,7,3,2
202100030423,147Â 390,B01,1,1,2,4,1,0,-1,0,0,-1,2021,35.0,3,2,0,2,3,1,3,,4,PLACE DE LA CONCORDE,0,,-1,2,0,1,(1),(1),1,, -1,1,0,1,50,6,7,2021,00:01,5,75,75108,2,7,0,3,PLACE DE LA CONCORDE,48.865873,2.319947,0,2,2
202100014745,175Â 352,A01,1,1,1,1,2,6,-1,-1, -1,-1,2021,45.0,2,1,0,2,0,3,0,,1,A4.W,0,,3,6,0,1,16,200,1,, -1,1,0,1,110,7,10,2021,07:30,2,77,77083,1,1,0,7,A4.W,48.83305,2.59539,7,1,1
202100004731,193Â 322,A01,10,3,2,5,0,-1,-1,1,3,1,2021,24.0,2,2,0,1,1,1,1,,4,JOFFRE (AVENUE DU MARECHAL CD 88),0,,2,2,0,1,(1),(1),1,, -1,1,0,1,50,3,12,2021,10:35,1,66,66136,2,1,0,6,JOFFRE (AVENUE DU MARECHAL CD 88),42.71475,2.88856,10,2,1
202100003461,195Â 564,A01,1,1,1,5,2,6,-1,0,0,-1,2021,15.0,2,1,0,6,1,1,1,,3,386,-1,,2,2,0,1,11,100,1,, -1,1,0,1,80,12,12,2021,00:30,3,51,51393,1,1,0,7,D386,49.1451098,3.915681,0,2,1
202100005566,191Â 850,B01,1,1,1,2,2,0,-1,-1, -1,-1,2021,13.0,2,1,0,2,0,0,3,,3,109,0,,2,3,0,1,0,0,1,, -1,1,0,1,50,30,11,2021,13:30,1,92,92036,2,2,0,3,GABRIEL PERI (AVENUE) (147/177),48.9267529572,2.2946378589,13,2,2
202100022539,161Â 342,A01,1,1,1,4,1,-1,-1,0,0,-1,2021,60.0,2,4,4,0,3,1,1,,1,26,0,,3,4,0,1,352,0,1,, -1,1,0,1,90,25,8,2021,11:40,1,10,10095,1,1,0,7,A26 pk 352+000,48.552751,4.193172,11,1,1
202100027704,152Â 195,A01,1,1,1,5,1,0,-1,-1, -1,-1,2021,37.0,2,2,0,2,6,9,1,,1,AUTOROUTE A20,0,,3,4,0,1,179,280,1,, -1,1,0,1,110,16,7,2021,16:21,1,87,87085,1,1,0,3,AUTOROUTE A20,45.85814,1.28378,16,3,2
202100027253,153Â 005,A01,2,2,2,5,2,6,-1,0,0,-1,2021,30.0,1,1,0,0,0,1,1,,3,940,0,D,3,2,0,1,8,250,1,, -1,2,0,1,50,24,7,2021,21:45,3,62,62390,2,1,1,7,D940,50.391181,1.605007,21,2,1
202100039277,131Â 394,B01,1,1,2,2,8,0,-1,-1, -1,-1,2021,21.0,3,1,0,2,9,1,3,,4,GOLF (AVENUE DU),0,,2,1,1,1,(1),(1),2,, -1,1,5,1,50,19,5,2021,14:50,1,62,62826,2,6,0,3,GOLF (AVENUE DU),50.51472,1.60821,14,2,2
202100049024,114Â 131,A01,1,1,2,3,1,-1,-1,0,0,-1,2021,56.0,2,2,13,0,1,14,1,,3,,0,,2,2,0,1,1,954,2,, -1,1,0,8,80,6,3,2021,17:25,1,26,26084,1,1,0,6,Route des PÃªches,45.001504,4.909049,17,1,1
202100043242,124Â 366,A01,1,1,2,5,2,6,-1,0,0,-1,2021,17.0,0,1,16,0,8,0,1,,4,,-1,,2,2,0,2,(1),(1),2,, -1,1,0,3,80,21,4,2021,18:30,1,47,47313,1,1,0,7,Route du Bigarre,44.495954,0.437329,18,2,1
202100021077,163Â 983,B01,1,1,1,0,1,0,-1,-1, -1,-1,2021,52.0,1,2,0,2,0,2,1,,3,COURSAN (ANCIENNE ROUTE DE),0,,2,2,0,1,0,0,1,, -1,1,0,1,50,1,9,2021,12:45,1,11,11262,2,1,0,6,COURSAN (ANCIENNE ROUTE DE),43.20087,3.01219,12,2,2
202100027584,152Â 419,B01,2,1,1,0,8,0,-1,-1, -1,-1,2021,41.0,1,1,0,2,3,18,1,,3,SAULNIER JULES,0,,3,2,0,1,0,1,1,, -1,1,0,8,50,22,7,2021,09:50,1,93,93066,2,1,0,3,Rue Jules Saulnier,48.9254027728,2.3524024488,9,2,2
202100022343,161Â 704,A01,4,2,1,5,8,-1,-1,0,0,-1,2021,16.0,2,2,6,0,0,0,1,,3,518,-1,,2,2,0,1,32,500,3,, -1,1,0,8,50,27,8,2021,19:30,2,38,38211,1,1,0,7,D518,45.456247,5.182714,19,4,1
202100012612,179Â 169,A01,2,2,1,5,1,-1,-1,0,0,-1,2021,18.0,2,2,0,2,1,17,1,,3,16,0,D,2,2,0,2,11,50,3,, -1,2,0,1,70,3,7,2021,16:30,1,74,74161,1,1,1,6,Rte de Rumilly,45.880523,5.990081,16,5,3
202100010192,183Â 486,A01,2,2,1,5,8,-1,-1,0,0,-1,2021,11.0,1,2,2,0,1,1,1,,3,904,0, -,2,2,0,3,39,260,1,, -1,2,0,3,80,31,10,2021,01:30,3,1,1074,1,1,1,6,RD 904,45.98032,5.207514,1,2,1
202100040436,129Â 330,B01,1,1,1,5,2,6,-1,-1, -1,-1,2021,36.0,2,1,0,2,3,3,1,,1,A86.EXT,0,,-1,2,0,1,33,319,1,, -1,1,0,1,70,10,5,2021,14:00,1,94,94017,1,1,0,3,A86.EXT,48.82913,2.48151,14,2,2
202100042139,126Â 305,B01,1,1,2,5,1,0,-1,-1, -1,-1,2021,27.0,2,2,0,2,6,1,1,,1,A507 sens Aubagne- Marseille,0,,3,3,0,2,5,0,1,, -1,2,3,1,50,28,4,2021,09:00,1,13,13055,1,1,1,3,A507 sens Aubagne- Marseille,43.32413,5.42284,9,3,2
202100001768,198Â 630,B01,1,1,1,0,2,-1,-1,0,0,-1,2021,56.0,3,1,0,2,1,17,1,,4,rue,0,,2,2,0,1,(1),(1),1,, -1,1,0,1,50,24,12,2021,13:20,1,1,1354,2,1,0,3,rue de GenÃ¨ve,46.242442,6.023525,13,2,2
202100009089,185Â 460,B01,1,1,1,1,1,0,-1,-1, -1,-1,2021,28.0,1,5,0,2,4,1,1,,4,HUGO VICTOR  BVD NÂ°104 - 294,0,,3,1,0,1,(1),(1),1,, -1,1,0,1,50,6,11,2021,05:30,5,59,59350,2,1,0,2,HUGO VICTOR  BVD NÂ°104 - 294,50.6203826455,3.0559868414,5,2,2
202100021325,163Â 535,A01,1,1,1,5,1,-1,-1,0,0,-1,2021,25.0,1,2,0,0,3,5,1,,3,683,-1,D,2,2,0,1,49,900,1,, -1,1,0,1,80,3,9,2021,02:30,3,25,25014,1,1,0,1,"rd 683, pr 49.900",47.30464,6.172901,2,2,2
202100026338,154Â 616,B01,1,1,1,0,2,0,-1,-1, -1,-1,2021,28.0,1,1,0,2,6,1,1,,4,EMILE ZOLA (AV),0,,1,1,0,1,1,0,1,, -1,1,0,1,30,29,7,2021,17:30,1,94,94068,2,2,0,3,Avenue Emile Zola,48.8025,2.4846,17,5,2
202100039996,130Â 102,A01,1,1,1,5,2,-1,-1,0,0,-1,2021,29.0,1,1,0,2,1,2,5,,3,D974,-1,,2,2,0,2,(1),(1),1,, -1,2,0,1,80,15,5,2021,10:10,1,84,84017,1,1,1,2,RD 974,44.120435,5.22872,10,2,2
202100055125,103Â 277,A01,1,1,2,1,1,-1,-1,0,0,-1,2021,38.0,2,2,14,0,1,1,1,,3,35,-1,,2,2,0,2,14,(1),1,, -1,5,0,1,80,14,1,2021,19:25,3,68,68045,1,1,1,6,D35,47.760514,7.065491,19,2,1
202100008861,185Â 901,A01,1,1,1,0,1,0,-1,-1, -1,-1,2021,50.0,1,2,0,2,9,1,1,,3,MARECHAL JOFFRE (QUAI DU),0,,3,4,0,1,0,0,1,, -1,1,0,1,70,8,11,2021,09:30,1,92,92026,2,1,0,4,MARECHAL JOFFRE (QUAI DU),48.900296,2.274264,9,6,3
202100032004,144Â 537,A01,2,1,1,0,2,6,-1,-1, -1,-1,2021,37.0,2,1,16,0,7,15,1,,3,PAUL CEZANNE (RUE),0,,1,2,0,1,0,1,2,, -1,1,0,1,50,26,6,2021,22:40,5,93,93005,2,1,0,7,Rue Paul CÃ©zanne,48.952983,2.49569,22,1,1
202100045472,120Â 456,B01,1,1,1,5,2,6,-1,0,0,-1,2021,57.0,1,1,0,2,1,1,1,,3,101,0,D,2,2,0,1,7,984,1,, -1,1,0,1,50,25,2,2021,17:10,1,82,82112,2,3,0,3,Route des Vergers,44.104344,1.104587,17,2,2
202100048128,115Â 716,B01,1,1,2,5,1,8,-1,-1, -1,-1,2021,53.0,2,2,0,2,7,1,1,,3,AUCH (ROUTE D'),0,,4,3,0,1,3,330,2,, -1,1,0,1,50,13,3,2021,08:05,1,82,82121,2,3,0,3,QUART (CHEMIN DU),43.9892,1.30899,8,3,2
202100015737,173Â 534,A01,1,1,1,4,2,6,-1,0,0,-1,2021,51.0,1,1,1,2,1,18,1,,4,RUE NOLLET,0,,1,1,2,2,(1),(1),1,, -1,1,0,1,30,30,9,2021,13:20,1,75,75117,2,2,0,3,RUE NOLLET,48.888938,2.317969,13,3,2
202100014602,175Â 615,A01,10,3,2,0,0,-1,-1,3,3,1,2021,12.0,2,2,0,1,1,1,1,,4,SOULAS (AVENUE LOUIS JOSEPH),0,,2,3,0,1,(1),(1),1,, -1,1,0,1,50,7,10,2021,17:20,1,45,45284,2,1,0,6,Avenue Louis-Joseph Soulas,47.90806,1.96823,17,2,1
202100005925,191Â 201,B01,1,1,1,2,8,0,-1,-1, -1,-1,2021,18.0,2,1,1,0,1,1,5,,4,LILLE (RUE DE ),0,,2,2,0,1,(1),(1),1,, -1,1,0,1,50,26,11,2021,08:15,2,59,59017,2,1,0,6,LILLE (RUE DE ),50.6843581454,2.8807246685,8,2,2
202100048081,115Â 804,B01,1,1,1,5,8,-1,-1,0,0,-1,2021,85.0,1,2,0,0,4,2,1,,1,52,0,A,3,5,0,1,1,500,1,, -1,1,0,1,130,11,3,2021,10:20,1,13,13040,1,1,0,2,A52 PK001.500 sens AIX EN PROVENCE-AUBAGNE,43.47192,5.56567,10,2,2
202100050764,110Â 939,B01,1,1,1,9,8,0,-1,0,0,-1,2021,44.0,2,1,0,2,1,1,3,,4,AVENUE DE FLANDRE,0,,2,5,1,1,(1),(1),1,, -1,1,-1,5,50,20,2,2021,14:08,1,75,75119,2,2,0,3,AVENUE DE FLANDRE,48.894431,2.381483,14,2,2