Num_Acc,id_vehicule,num_veh,place,catu,sexe,trajet,secu1,secu2,secu3,locp,actp,etatp,year_acc,victim_age,senc,catv,obs,obsm,choc,manv,motor,occutc,catr,voie,v1,v2,circ,nbv,vosp,prof,pr,pr1,plan,lartpc,larrout,surf,infra,situ,vma,jour,mois,an,hrmn,lum,dep,com,agg_,int,atm,col,adr,lat,long,hour,nb_victim,nb_vehicules
202100016715,171Â 745,A01,10,3,1,2,0,-1,-1,3,4,1,2021,13.0,2,2,0,1,1,1,3,,4,,0,,2,2,0,3,(1),(1),1,,5,1,0,1,50,13,9,2021,08:30,1,35,35069,2,1,0,6,18 Rue du PrieurÃ©,48.046512,-1.501522,8,2,1
202100047415,117Â 017,A01,1,1,1,0,2,-1,-1,0,0,-1,2021,52.0,1,1,0,2,1,1,1,,2,1,-1,,3,4,0,1,23,500,1,, -1,1,0,1,110,19,3,2021,13:45,1,974,97415,1,1,0,6,Route Nationale,-20.983379,55.292741,13,3,3
202100043104,124Â 631,A01,10,3,1,9,0,-1,-1,5,5,3,2021,12.0,1,2,0,1,2,1,1,,3,,-1,,2,2,0,1,(1),(1),1,, -1,1,0,1,50,23,4,2021,10:00,1,976,97608,2,1,0,6,Boulevard des Amoureux,-12.784652,45.279433,10,2,1
202100023862,158Â 973,B01,1,1,1,0,2,8,-1,-1, -1,-1,2021,17.0,1,1,0,2,7,1,1,,3,FRIEDRICH ENGELS,0,,2,2,0,1,42,869,1,, -1,1,0,1,50,14,8,2021,20:45,1,76,76341,2,3,0,3,FRIEDRICH ENGELS,49.51321,0.1935,20,2,2
202100025697,155Â 751,B01,1,1,2,0,1,-1,-1,-1, -1,-1,2021,47.0,1,2,0,2,4,2,1,,1,ROCADE A 630,0,,3,6,0,2,3,90,1,, -1,1,2,1,70,4,8,2021,16:46,1,33,33063,1,1,0,4,ROCADE A 630,44.880288,-0.538316,16,3,3
202100045725,120Â 017,A01,1,1,2,1,2,8,-1,-1, -1,-1,2021,57.0,3,1,0,0,0,1,1,,4,JAURES (BOULEVARD JEAN),0,,1,2,0,1,0,0,2,, -1,2,0,1,50,31,3,2021,16:50,1,974,97411,2,6,1,7,JAURES (BOULEVARD JEAN),-20.89759,55.47531,16,1,1
202100034316,140Â 395,A01,1,1,1,4,2,6,-1,-1, -1,-1,2021,41.0,3,1,0,2,7,19,1,,4,SOLETS (R DES),0,,2,3,0,1,1,0,1,, -1,1,0,1,50,15,6,2021,12:40,1,94,94065,2,2,0,3,SOLETS (R DES),48.74245,2.3537,12,2,2
202100000171,201Â 438,B01,1,1,1,2,2,0,-1,-1, -1,-1,2021,18.0,1,1,0,2,1,0,6,,4,SEVERIERS (CHEMIN DES),0,,3,2,0,1,0,0,1,, -1,1,0,1,50,19,10,2021,18:00,1,13,13028,2,1,0,3,SEVERIERS (CHEMIN DES),43.2033091763,5.6156035408,18,3,2
202100053554,105Â 992,A01,1,1,1,0,2,8,-1,-1, -1,-1,2021,47.0,1,1,0,2,2,11,5,,3,MONTAGNE (ROUTE DE LA),0,,2,2,0,2,0,425,1,, -1,1,0,1,50,26,1,2021,06:18,1,974,97411,2,3,0,3,PETITE ILE (RUE DE LA),-20.880269,55.443993,6,2,2
202100001954,198Â 309,A01,1,1,1,0,2,6,9,0,0,-1,2021,66.0,1,1,12,0,7,1,1,,3,999,0,D,3,2,0,4,49,927,1,, -1,1,0,4,80,22,12,2021,15:40,1,30,30349,1,1,0,7,D999,43.87205,4.081678,15,1,1
202100039478,131Â 040,A01,1,1,1,1,8,0,-1,0,0,-1,2021,56.0,3,0,0,0,0,1,3,,4,PLACE DU CARDINAL LAVIGERIE,0,,1,3,0,1,(1),(1),1,, -1,1,0,1,50,18,5,2021,19:45,1,75,75112,2,7,0,7,PLACE DU CARDINAL LAVIGERIE,48.832002,2.403859,19,1,1
202100011814,180Â 604,B01,1,1,1,0,8,-1,-1,0,0,-1,2021,22.0,0,1,0,2,1,1,2,,4,BLACHON PIERRE A PARTIR NÃ¸ 6-7,0,,2,2,0,2,(1),(1),1,, -1,1,0,1,50,16,10,2021,14:00,1,42,42218,2,1,0,1,Rue Pierre Blachon,45.42783,4.40646,14,2,2
202100010587,182Â 804,B01,1,1,1,9,2,8,-1,-1, -1,-1,2021,39.0,3,1,0,2,2,0,1,,3,GIRARDOT RUE,0,,1,1,0,1,0,0,1,, -1,1,0,1,30,27,10,2021,18:50,5,93,93006,2,1,0,3,GIRARDOT RUE,48.87333,2.4299,18,2,2
202100030144,147Â 890,B01,1,1,1,5,2,0,-1,-1, -1,-1,2021,35.0,2,1,0,2,1,1,1,,4,BARROUILHET (CARREFOUR DE),0,,2,3,0,4,0,0,2,0,"10,5",1,0,1,50,2,4,2021,17:06,1,16,16015,2,3,0,3,carrefour de  BARROUILHET ,45.653453,0.147903,17,2,2
202100049680,112Â 937,B01,1,1,1,1,2,0,-1,-1, -1,-1,2021,57.0,0,1,0,2,3,1,1,,3,THIERS (AVENUE),0,,1,2,0,2,1,593,1,, -1,1,0,1,50,1,3,2021,08:35,1,93,93062,2,1,0,3,THIERS (AVENUE),48.8988665812,2.5187691159,8,2,2
202100027912,151Â 817,B01,1,1,1,5,2,8,-1,-1, -1,-1,2021,18.0,1,1,0,2,0,0,1,,7,CARNOT SADI RUE,0,,2,4,3,1,(1),(1),1,, -1,1,0,6,50,19,7,2021,12:35,1,59,59286,2,1,0,3,CARNOT SADI RUE,50.61157,2.99645,12,2,2
202100044536,122Â 113,A01,1,1,2,1,1,-1,-1,-1, -1,-1,2021,26.0,2,2,0,2,2,1,1,,4,PROFESSEUR ROUX (DU)                (R ),0,,2,2,0,1,(1),(1),1,, -1,1,0,1,50,9,4,2021,15:40,1,69,69259,2,2,0,3,PROFESSEUR ROUX (DU) (R),45.71941146,4.85916181,15,2,2
202100008062,187Â 321,A01,2,1,1,1,2,0,-1,-1, -1,-1,2021,47.0,1,1,0,2,2,16,1,,3,ALBERT-DHALENNE (RUE),0,,2,2,1,1,0,1,1,, -1,1,0,5,50,15,11,2021,09:30,1,93,93070,2,1,0,3,ALBERT-DHALENNE (RUE),48.9150562855,2.3316415562,9,2,2
202100055665,102Â 354,A01,1,1,1,2,2,-1,-1,-1, -1,-1,2021,15.0,3,1,12,0,0,16,1,,3,LIBERATION (AV DE LA),0,,2,2,0,1,2,867,1,, -1,1,0,1,30,8,1,2021,13:20,1,50,50218,2,2,0,7,ESTOUTEVILLE (RUE D'),48.84174,-1.59137,13,1,1
202100039771,130Â 496,A01,2,2,1,5,8,-1,-1,0,0,-1,2021,34.0,1,2,9,0,1,0,1,,3,31,-1,,2,2,0,1,4,(1),1,, -1,1,0,1,50,16,5,2021,01:40,3,71,71084,2,1,0,6,Rue du Bourgneuf,46.2460405762,4.7644777461,1,2,1
202100014129,176Â 431,A01,1,1,1,5,2,6,-1,-1, -1,-1,2021,23.0,1,1,0,2,1,1,1,,4,GUILLOTIERE (DE LA)                 (GR),0,,1,2,2,2,(1),(1),1,, -1,1,0,1,50,11,9,2021,04:50,5,69,69387,2,2,0,3,GUILLOTIERE (DE LA) (GR),45.74849,4.85468,4,2,2
202100034708,139Â 684,B01,1,1,2,9,8,-1,-1,0,0,-1,2021,25.0,0,2,0,2,7,1,1,,2,330,0,,2,2,0,1,3,300,1,, -1,1,0,1,50,13,6,2021,22:09,2,60,60500,1,3,0,3,N330,49.0932476129,2.7480429375,22,2,2
202100004070,194Â 475,A01,1,1,2,1,1,-1,-1,-1, -1,-1,2021,34.0,1,2,0,2,1,15,1,,4,VERDUN ( 174 ET 201 A FIN),0,,-1,2,0,1,(1),(1),1,, -1,1,0,1,30,8,12,2021,17:30,5,29,29019,2,3,0,5,Rue de Verdun,48.398706,-4.448427,17,3,3
202100023306,159Â 957,B01,2,2,1,5,1,8,-1,0,0,-1,2021,7.0,2,2,0,2,3,1,1,,4,LECLERC (BOULEVARD DU MARECHAL),0,,2,2,0,2,(1),(1),1,, -1,1,0,1,50,20,8,2021,23:50,5,6,6069,2,1,0,1,LECLERC (BOULEVARD DU MARECHAL),43.65051,6.9211,23,3,2
202100032549,143Â 587,A01,1,1,1,5,2,-1,-1,0,0,-1,2021,18.0,3,1,0,0,0,2,1,,4,403,-1,,2,2,0,2,(1),(1),3,, -1,1,0,3,80,24,6,2021,21:45,3,63,63427,1,1,0,7,D403,45.961279,3.078511,21,2,1
202100005858,191Â 320,A01,1,1,1,5,1,-1,-1,-1,0,-1,2021,30.0,1,2,0,2,1,1,1,,1,AUTOROUTE A15,0,,3,6,0,1,20,299,1,, -1,2,0,1,90,27,11,2021,10:20,1,95,95572,1,1,1,2,A15,49.02812,2.12855,10,2,2
202100018376,168Â 779,A01,10,3,2,9,0,-1,-1,3,3,1,2021,58.0,1,2,0,1,3,19,1,,4,,0,,2,2,0,1,(1),(1),1,, -1,1,9,1,50,17,9,2021,12:10,1,25,25056,2,1,0,6,DOLE RUE DE (entre 82 et 185),47.22796,5.98432,12,2,1
202100050830,110Â 824,A01,1,1,1,5,1,-1,-1,0,0,-1,2021,43.0,2,2,3,2,1,2,1,,1,39,-1,,3,2,0,1,127,700,1,, -1,1,0,1,130,20,2,2021,16:50,1,1,1296,1,1,0,2,A39,46.393671,5.273623,16,2,2
202100041547,127Â 341,A01,10,3,1,5,0,-1,-1,3,3,1,2021,77.0,1,5,0,2,1,1,1,,3,,0,,2,2,0,1,20,171,1,, -1,1,0,1,50,3,5,2021,10:00,1,6,6069,2,1,0,6,MARIGARDE (ROUTE DE LA),43.655126,6.940022,10,3,2
202100010951,182Â 151,A01,1,1,1,0,2,8,-1,-1, -1,-1,2021,57.0,1,1,0,0,0,1,1,,3,11,0,,3,2,0,1,0,0,1,, -1,1,0,1,50,26,10,2021,03:00,5,92,92036,2,3,0,7,COUTURE D'AUXERRE (RUE DE LA) (1/25),48.9250826021,2.2900177538,3,1,1
202100006977,189Â 295,A01,1,1,1,5,1,-1,-1,0,0,-1,2021,22.0,1,2,2,0,1,0,1,,3,122,-1,,2,2,0,1,7,500,1,, -1,1,0,3,80,21,11,2021,20:44,3,21,21265,1,1,0,6,D122,47.252178,4.976313,20,1,1
202100048464,115Â 132,B01,1,1,1,5,1,-1,-1,0,0,-1,2021,39.0,1,2,0,2,4,2,1,,1,750,0,A,3,4,0,1,14,500,1,, -1,1,0,8,130,13,2,2021,19:00,3,34,34163,1,1,0,6,PK  14+500 autoroute A750,43.629312,3.712445,19,3,2
202100019577,166Â 640,A01,1,1,1,5,0,-1,-1,0,0,-1,2021,59.0,3,6,0,0,8,10,1,,4,,-1,,4,2,0,2,(1),(1),1,,6,1,0,1,50,12,9,2021,17:48,1,34,34320,2,1,0,7,Rue des Amandiers,43.6672719903,3.7176838105,17,1,1
202100020103,165Â 691,B01,1,1,2,9,8,0,-1,0,0,-1,2021,25.0,3,0,0,2,2,1,3,,4,PLACE DE LA PORTE DE SAINT CLOUD,0,,1,1,1,1,(1),(1),3,, -1,1,0,5,30,8,9,2021,17:50,1,75,75116,2,7,0,3,PLACE DE LA PORTE DE SAINT CLOUD,48.838421,2.257033,17,2,2
202100013129,178Â 279,A01,1,1,2,1,1,0,-1,-1, -1,-1,2021,48.0,1,2,0,0,4,2,1,,3,MARECHAL LECLERCQ (AVENUE) COTE PAIR,0,,1,2,0,1,1,0,1,, -1,1,0,1,50,15,10,2021,18:15,1,93,93050,2,1,0,2,MARECHAL LECLERCQ (AVENUE) COTE PAIR,48.86021,2.5393,18,2,2
202100000970,200Â 022,A01,1,1,2,1,1,-1,-1,-1, -1,-1,2021,23.0,3,2,0,2,8,9,1,,4,FRANCISQUE JOMARD                   (R ),0,,2,2,0,2,(1),(1),1,, -1,2,0,1,50,29,12,2021,13:10,1,69,69149,2,1,1,3,FRANCISQUE JOMARD (R),45.71748,4.79169,13,3,2
202100036658,136Â 186,B01,1,1,1,0,8,0,-1,-1, -1,-1,2021,17.0,3,0,0,2,1,2,3,,4,CASANOVA DANIELLE NR 52-SUIV ET 21-SUIV,0,,2,2,0,1,0,1,1,, -1,1,5,1,50,3,6,2021,12:25,1,93,93066,2,1,0,2,Rue Danielle Casanova,48.92642,2.36634,12,2,2
202100050783,110Â 909,B01,1,1,1,5,2,6,-1,-1, -1,-1,2021,37.0,3,1,0,2,6,15,1,,3,63,0,,2,2,0,1,1,0,1,, -1,1,5,1,50,20,2,2021,18:05,1,92,92019,2,2,0,3,ALLENDE SALVATOR (CARREFOUR),48.7640157338,2.2719356418,18,2,2
202100023587,159Â 475,A01,1,1,2,0,1,0,-1,-1, -1,-1,2021,86.0,1,2,0,2,1,16,1,,3,RD 2007,0,,2,2,0,1,0,585,2,, -1,2,0,1,50,18,8,2021,09:50,1,45,45004,2,3,1,3,Rue du Chesnoy,47.971273,2.737971,9,2,2
202100052565,107Â 762,A01,10,3,2,5,0,-1,-1,2,9,1,2021,37.0,1,5,0,1,5,1,1,,4,RUE THOLOZE,0,,1,1,0,2,(1),(1),1,, -1,1,0,1,30,4,2,2021,10:15,1,75,75118,2,1,0,6,RUE THOLOZE,48.887083,2.33595,10,2,1
202100050313,111Â 770,A01,1,1,2,1,1,8,-1,0,0,-1,2021,52.0,1,2,3,0,1,13,1,,2,ROCADE RN88 SUD,0,,1,1,0,2,(1),(1),3,, -1,1,3,1,50,24,2,2021,17:50,1,81,81004,2,1,0,7,ROCADE RN88 SUD,43.9113678657,2.1402179174,17,1,1
202100005953,191Â 154,A01,1,1,1,0,8,0,-1,-1, -1,-1,2021,37.0,1,2,0,0,9,0,1,,7,PALAVAS D986 (ROUTE DE),0,,1,2,0,1,51,785,1,, -1,2,0,1,90,27,11,2021,05:29,3,34,34129,1,1,0,7,PALAVAS D986 (ROUTE DE),43.55762,3.89283,5,4,1
202100044275,122Â 526,B01,1,1,2,0,1,0,-1,-1, -1,-1,2021,60.0,1,2,0,2,4,23,1,,4,BERANGER (BOULEVARD),0,,1,3,1,1,(1),(1),1,, -1,1,0,1,50,12,4,2021,09:30,1,37,37261,2,2,0,2,BERANGER (BOULEVARD),47.3897823697,0.6865104485,9,2,2
202100054809,103Â 826,A01,1,1,2,5,1,-1,-1,0,0,-1,2021,26.0,2,2,2,0,8,14,1,,3,953,0,,2,2,0,2,35,46,1,, -1,2,0,3,80,17,1,2021,16:15,1,32,32132,1,1,0,6,Lamothe Endo,43.859991,0.683191,16,1,1
202100004092,194Â 426,A01,1,1,2,0,2,8,-1,0,0,-1,2021,61.0,3,1,0,2,1,2,1,,4,JACQUIN (RUE),0,,-1,1,0,1,(1),(1),1,, -1,1,0,1,50,8,12,2021,09:30,1,10,10387,2,1,0,3,JACQUIN (COURS),48.3044344301,4.0831911563,9,2,2
202100039138,131Â 668,C01,1,1,1,9,2,6,-1,0,0,-1,2021,29.0,2,1,0,2,1,1,1,,4,ALLEE DE LA REINE MARGUERITE,0,,2,4,0,1,(1),(1),1,, -1,1,0,1,50,19,5,2021,21:48,5,75,75116,2,4,0,4,ALLEE DE LA REINE MARGUERITE,48.864895,2.24906,21,3,3
202100035157,138Â 866,A01,1,1,1,9,2,-1,-1,0,0,-1,2021,49.0,2,1,3,0,1,1,1,,3,951,-1,,2,2,0,1,23,660,2,, -1,1,0,1,80,12,6,2021,02:00,3,45,45291,1,4,0,6,RD 951,47.667251,2.654282,2,1,1
202100032152,144Â 279,A01,10,3,2,0,0,-1,-1,1,3,1,2021,3.0,2,2,0,1,1,1,1,,3,HENRI BARBUSSE (AVE) NÂ°2-124,0,,3,1,0,1,0,0,1,, -1,1,0,1,50,26,6,2021,18:49,1,93,93029,2,1,0,1,HENRI BARBUSSE (AVE) NÂ°2-124,48.91579,2.44211,18,2,1
202100035150,138Â 880,A01,1,1,1,9,8,-1,-1,0,0,-1,2021,19.0,0,2,2,0,1,0,1,,7,561,-1,,2,2,0,1,24,800,1,, -1,1,0,3,80,12,6,2021,19:00,1,13,13080,1,1,1,6,D561,43.658015,5.463402,19,1,1
202100055272,103Â 020,A01,10,3,1,0,0,-1,-1,2,5,2,2021,3.0,2,2,0,1,1,1,1,,4,,0,,-1,1,0,1,(1),(1),1,, -1,1,0,1,30,12,1,2021,08:20,1,69,69199,2,3,0,6,PASTEUR (R),45.70677,4.85634,8,2,1
202100000455,200Â 895,B01,1,1,1,0,2,8,-1,-1, -1,-1,2021,20.0,1,1,0,2,8,26,1,,7,OLIVET (ROUTE D'OLIVET),0,,2,2,0,1,64,0,1,, -1,1,0,1,50,8,11,2021,16:00,1,45,45234,2,1,0,3,OLIVET (ROUTE D'OLIVET),47.8832258044,1.9039821625,16,2,2
202100024137,158Â 515,B01,4,2,1,5,1,0,-1,-1, -1,-1,2021,24.0,1,2,0,2,4,23,1,,4,JOSEPH VIDAL (AVENUE),0,,-1,2,0,1,0,0,1,, -1,1,0,1,50,14,8,2021,23:30,5,13,13208,2,1,0,2,JOSEPH VIDAL (AVENUE),43.2515336256,5.3777968727,23,4,2
202100031810,144Â 903,C01,2,2,2,0,1,0,-1,-1, -1,-1,2021,46.0,1,2,0,2,4,2,1,,1,AUTOROUTE A1,0,,3,6,0,1,1,399,1,, -1,1,1,1,90,29,6,2021,10:30,1,93,93066,1,1,0,5,AUTOROUTE A1,48.91584,2.35764,10,6,5
202100026937,153Â 564,A01,1,1,1,5,1,-1,-1,-1,0,-1,2021,22.0,1,2,4,0,1,1,1,,1,AUTOROUTE A115,0,,3,4,0,1,0,500,3,, -1,1,0,1,70,27,7,2021,00:15,3,95,95582,1,1,0,6, A115,48.97792,2.24101,0,1,1
202100042949,124Â 899,C01,7,2,2,3,1,-1,-1,0,0,-1,2021,75.0,1,2,0,2,1,1,1,,3,978,0,,2,2,0,1,81,600,1,, -1,1,0,1,70,24,4,2021,11:15,1,71,71336,1,1,0,5,82 Route de Chalon,46.724725,4.937808,11,5,3
202100022966,160Â 575,A01,1,1,2,5,1,-1,-1,0,0,-1,2021,44.0,1,2,13,0,1,14,1,,3,944,-1,,2,2,0,1,7,290,1,, -1,1,0,3,80,22,8,2021,12:25,1,40,40086,1,1,0,6,Rd 944,43.698053,-0.531743,12,1,1
202100004677,193Â 416,A01,10,3,2,5,0,-1,-1,3,3,1,2021,11.0,1,1,0,1,1,1,1,,3,MONTABO (ROUTE DE) 2,0,,2,2,0,1,0,800,1,, -1,1,0,1,50,2,12,2021,12:45,1,973,97302,2,1,0,6,MONTABO (ROUTE DE) 2,4.9445502462,-52.3152916432,12,2,1
202100017993,169Â 465,A01,1,1,1,5,2,8,-1,-1, -1,-1,2021,33.0,1,1,0,2,1,1,5,,3,GENERAL DE GAULLE (RUE DU),0,,-1,0,0,1,38,662,1,, -1,1,9,1,50,19,9,2021,14:25,1,78,78638,2,2,0,2,GENERAL DE GAULLE (RUE DU),49.004569,1.967111,14,2,2
202100009161,185Â 339,A01,1,1,1,5,8,-1,-1,0,0,-1,2021,26.0,1,2,13,0,8,1,1,,4,,-1,,2,2,0,1,(1),(1),1,,4,1,0,3,80,6,11,2021,02:25,3,43,43152,1,1,0,7,Chambeyrac,45.085445,3.883088,2,1,1
202100044347,122Â 403,B01,1,1,1,1,1,-1,-1,0,0,-1,2021,47.0,2,5,0,2,8,21,1,,3,931,0,,2,2,0,2,14,50,1,, -1,1,0,1,80,13,4,2021,08:40,1,60,60103,1,1,1,3,Route Departementale 931,49.411909,2.260566,8,2,2
202100011943,180Â 378,A01,1,1,1,0,1,0,-1,-1, -1,-1,2021,67.0,1,2,0,2,1,2,1,,1,AUTOROUTE A2,0,,-1,4,0,1,74,959,1,, -1,1,0,1,130,19,10,2021,19:15,3,59,59160,1,1,0,4,AUTOROUTE A2,50.426891126,3.6435073614,19,4,4
202100038786,132Â 285,B01,1,1,2,0,2,0,-1,-1, -1,-1,2021,22.0,2,1,0,2,1,25,5,,3,R JEAN JAURES ,0,,-1,0,0,1,1,0,1,, -1,1,0,4,50,22,5,2021,11:00,1,94,94017,2,1,0,3,Rue Jean JaurÃ¨s,48.815792,2.503808,11,2,2
202100053645,105Â 841,A01,1,1,2,9,2,8,-1,-1, -1,-1,2021,37.0,3,1,0,2,1,5,3,,4,VICTOR HUGO ( RUE ),0,,1,1,0,1,0,0,1,, -1,1,0,1,50,26,1,2021,09:25,1,92,92009,2,1,0,1,VICTOR HUGO ( RUE ),48.9182020542,2.2700765136,9,2,2
202100050380,111Â 645,A01,10,3,1,0,0,-1,-1,1,3,1,2021,65.0,2,2,0,1,2,1,1,,3,REPUBLIQUE (AVENUE),0,,2,4,0,1,0,1,1,, -1,1,0,1,50,24,2,2021,17:15,1,93,93031,2,1,0,6,REPUBLIQUE (AVENUE),48.9515675054,2.3202885389,17,2,1
202100007316,188Â 675,A01,2,2,2,0,1,0,-1,-1, -1,-1,2021,15.0,1,2,0,2,3,26,1,,2,20 (R.N.) COTE NORD DU TUNNEL,0,,2,2,0,1,36,498,4,, -1,1,9,1,80,17,11,2021,15:53,1,9,9013,1,9,0,1,20 (R.N.) COTE NORD DU TUNNEL,42.980509,1.623031,15,4,2
202100053908,105Â 390,A01,1,1,1,9,1,-1,-1,0,0,-1,2021,57.0,0,2,0,2,3,13,1,,3,927,0,D,2,2,0,1,0,750,1,, -1,1,0,1,-1,25,1,2021,17:45,2,60,60010,1,1,0,1,D927,49.19634,2.120668,17,2,2
202100019936,165Â 997,A01,6,2,2,0,1,-1,-1,0,0,-1,2021,19.0,0,2,8,2,3,0,1,,3,29,0,D,2,2,0,1,9,380,1,, -1,1,0,1,80,9,9,2021,23:30,3,76,76279,1,2,0,3,Route de la Gare,49.610341,0.600579,23,4,2
202100048690,114Â 720,A01,10,3,2,0,0,-1,-1,4,3,1,2021,83.0,1,1,0,1,2,2,1,,7,CARNOT (BD),0,,2,3,0,2,0,0,1,, -1,1,5,1,50,9,3,2021,10:28,1,6,6088,2,9,0,6,CARNOT (BD),43.69817,7.28798,10,2,1
202100052541,107Â 803,A01,1,1,1,5,1,0,-1,-1, -1,-1,2021,80.0,2,2,15,0,1,1,1,,3,BRULINS (LES),0,,2,2,0,1,0,296,1,, -1,2,0,3,30,3,2,2021,12:40,1,50,50203,2,1,0,7,BRULINS (LES),49.61712,-1.58103,12,1,1
202100041087,128Â 168,A01,10,3,1,0,0,-1,-1,1,5,1,2021,10.0,0,2,0,1,1,1,1,,7,M771,0,,2,2,0,1,(1),(1),1,, -1,1,0,1,50,5,5,2021,14:10,1,63,63113,2,1,0,6,LIONDARDS (RUE NOUVELLE DES),45.759516896,3.0876071462,14,2,1
202100024999,156Â 969,C01,1,1,2,5,1,0,-1,-1, -1,-1,2021,46.0,2,2,0,2,8,1,1,,1,A.480,0,,2,4,0,1,8,500,1,, -1,1,8,1,90,8,8,2021,04:42,3,38,38151,1,1,0,5,A480,45.15241,5.69782,4,3,3
202100044652,121Â 900,A01,1,1,1,5,2,8,-1,-1, -1,-1,2021,43.0,3,1,0,2,7,1,1,,4,JEAN MOULIN (RUE) - RIV. DES GALETS,0,,-1,2,0,1,0,0,1,, -1,1,0,1,50,8,4,2021,12:00,1,974,97407,1,2,0,7,ROUTE DU SACRE COEUR,-20.95801,55.31727,12,2,2
202100030217,147Â 753,A01,1,1,1,5,2,6,-1,0,0,-1,2021,30.0,1,1,0,2,2,2,1,,4,PORTE DE CHATILLON,0,,1,3,0,1,6,600,1,, -1,1,0,1,70,6,7,2021,10:30,1,75,75114,2,1,0,2,PORTE DE CHATILLON,48.823808,2.309054,10,2,2
202100041440,127Â 529,A01,2,2,2,5,2,-1,-1,0,0,-1,2021,26.0,2,1,0,2,1,13,1,,3,,-1,,2,2,0,1,9,388,2,, -1,1,0,1,50,3,5,2021,16:10,1,17,17172,1,3,0,1,28 Rue de la SabliÃ¨re,45.560178,-0.656019,16,3,2
202100021650,162Â 930,B01,1,1,1,1,2,0,-1,0,0,-1,2021,23.0,2,1,0,2,8,1,1,,4,BOULEVARD BRUNE,0,,3,2,0,1,(1),(1),1,, -1,1,0,1,50,31,8,2021,07:30,1,75,75114,2,7,0,3,BOULEVARD BRUNE,48.8276063751,2.3053986211,7,2,2
202100043460,123Â 976,B01,1,1,2,0,1,0,-1,0,0,-1,2021,42.0,2,2,0,2,2,1,1,,4,DESCENTE ( ROUTE DE LA ),0,,2,2,0,2,0,1,4,, -1,2,0,1,50,16,4,2021,17:45,1,5,5061,2,1,1,1,DESCENTE ( ROUTE DE LA ),44.57507,6.08321,17,4,2
202100046381,118Â 864,A01,1,1,1,1,2,6,-1,0,0,-1,2021,33.0,1,1,1,0,1,14,1,,4,RUE ROLAND BARTHES,0,,2,2,0,1,(1),(1),1,, -1,1,0,1,30,26,3,2021,09:30,1,75,75112,2,1,0,6,RUE ROLAND BARTHES,48.8443864143,2.3775837759,9,1,1
202100043401,124Â 086,B01,1,1,2,1,1,8,-1,-1, -1,-1,2021,40.0,2,2,0,2,4,23,1,,7,Autoroute A.35,0,,3,4,0,1,302,600,1,, -1,1,0,1,90,19,4,2021,18:05,1,67,67482,1,1,0,4,M35,48.58103,7.72418,18,3,3
202100037149,135Â 284,B01,1,1,2,0,1,0,-1,-1, -1,-1,2021,39.0,2,2,0,2,4,2,1,,1,A86 EXT,0,,3,6,0,1,60,400,1,, -1,1,0,1,110,1,6,2021,09:30,1,78,78640,1,1,0,4,A86 EXT,48.778419,2.20843,9,3,3
202100013761,177Â 112,A01,1,1,1,5,2,6,-1,0,0,-1,2021,59.0,1,1,0,2,1,26,1,,3,943,0,,2,2,0,1,36,600,1,, -1,1,0,1,50,10,10,2021,16:30,1,37,37263,2,6,0,1,Tour CarrÃ©e,47.2751997322,0.8309715112,16,2,2
202100042546,125Â 578,A01,1,1,1,5,0,-1,-1,0,0,-1,2021,31.0,0,1,0,0,9,26,1,,4,,-1,,2,2,0,1,(1),(1),1,, -1,1,0,1,30,24,4,2021,17:00,1,34,34082,2,1,0,7,allÃ©e des Erables,43.675337,3.764918,17,1,1
202100026274,154Â 733,B01,1,1,2,0,1,0,-1,-1, -1,-1,2021,37.0,2,2,0,2,4,23,1,,4,JAURES JEAN (AV) NÂ° IMP 35 A 179,0,,3,2,0,1,0,0,1,, -1,1,0,1,50,30,7,2021,17:15,1,72,72181,2,1,0,2,JAURES JEAN (AV) NÂ° IMP 35 A 179,47.9940741621,0.2035939691,17,2,2
202100020619,164Â 771,A01,1,1,1,5,2,6,9,0,0,-1,2021,51.0,1,1,13,0,9,14,1,,3,10,-1,,2,2,0,1,7,650,2,,"5,5",1,0,8,80,2,9,2021,14:25,1,63,63296,1,1,0,6,D10,45.775231,3.382802,14,1,1
202100040613,129Â 022,A01,2,2,1,5,1,-1,-1,-1, -1,-1,2021,27.0,2,2,13,0,7,14,1,,2,165,0,,3,4,0,1,35,701,1,, -1,1,0,3,110,8,5,2021,17:00,1,29,29039,1,1,0,6,N165 - ,47.93734,-3.91353,17,2,1
202100008981,185Â 663,A01,1,1,1,5,1,0,-1,-1, -1,-1,2021,17.0,1,6,3,0,1,26,1,,3,128A,0,,2,2,0,1,0,0,1,, -1,1,0,1,50,7,11,2021,13:20,1,92,92007,2,1,0,6,JAURES (AVENUE JEAN) NÂ° 1 ET 2 A 24,48.8040313708,2.3031458259,13,1,1
202100018299,168Â 913,A01,1,1,2,5,1,-1,-1,-1, -1,-1,2021,78.0,2,2,0,4,3,15,1,,4,ETATS UNIS (DES)                    (BD),0,,2,2,3,1,(1),(1),1,, -1,1,0,6,50,17,9,2021,11:30,1,69,69388,2,2,0,3,ETATS UNIS (DES) (BD),45.73124,4.86622,11,2,2
202100017982,169Â 483,A01,1,1,1,5,2,6,-1,-1, -1,-1,2021,54.0,2,1,0,2,8,1,1,,4,ALBERT THOMAS                       (CO),0,,2,4,0,1,(1),(1),1,, -1,2,0,1,50,19,9,2021,06:15,5,69,69383,2,2,1,3,ALBERT THOMAS (CR),45.7435944929,4.876979515,6,2,2