Num_Acc,id_vehicule,num_veh,place,catu,sexe,trajet,secu1,secu2,secu3,locp,actp,etatp,year_acc,victim_age,senc,catv,obs,obsm,choc,manv,motor,occutc,catr,voie,v1,v2,circ,nbv,vosp,prof,pr,pr1,plan,lartpc,larrout,surf,infra,situ,vma,jour,mois,an,hrmn,lum,dep,com,agg_,int,atm,col,adr,lat,long,hour,nb_victim,nb_vehicules
202100053701,105Â 743,A01,1,1,1,5,8,0,-1,-1, -1,-1,2021,26.0,1,1,0,2,1,2,1,,3,RD 41 (ROCADE),0,,2,4,0,1,3,700,2,, -1,1,0,1,70,23,1,2021,09:35,1,972,97209,2,1,0,2,RD 41 (ROCADE),14.60982,-61.06558,9,2,2
202100055368,102Â 870,A01,10,3,1,0,0,-1,-1,4,3,1,2021,56.0,1,1,0,1,1,1,1,,3,ARISTIDE BRIAND (AV),0,,3,4,0,1,1,0,1,, -1,2,0,1,50,12,1,2021,12:40,1,94,94003,2,3,1,6,ARISTIDE BRIAND (AV),48.80576,2.32567,12,2,1
202100025284,156Â 462,A01,1,1,1,5,1,0,-1,-1, -1,-1,2021,30.0,1,2,4,0,1,26,1,,4,MONTAIGNE AVENUE,0,,2,2,0,1,1,0,1,, -1,2,0,1,50,5,8,2021,22:05,3,49,49267,2,1,1,6,MONTAIGNE AVENUE,47.4676,-0.5149,22,1,1
202100016122,172Â 823,A01,1,1,2,0,8,0,-1,-1, -1,-1,2021,46.0,1,1,0,2,3,9,5,,4,RHIN ET DANUBE (AV) NÂ° IMP 1 A 269,0,,2,2,2,1,0,0,1,, -1,1,0,1,50,28,9,2021,07:50,2,72,72181,2,1,0,3,RHIN ET DANUBE (AV) NÂ° IMP 1 A 269,48.02009,0.18397,7,2,2
202100041537,127Â 360,B01,1,1,2,1,2,6,-1,-1, -1,-1,2021,48.0,3,1,0,2,1,1,1,,4,EN SIGAL (CHEMIN D'),0,,1,3,0,1,(1),(1),1,, -1,1,5,1,50,3,5,2021,11:15,1,31,31149,2,3,0,3,EN SIGAL (CHEMIN D'),43.60572,1.32594,11,2,2
202100049019,114Â 141,A01,4,2,1,5,0,-1,-1,0,0,-1,2021,33.0,1,2,8,0,3,13,1,,3,RPN10,-1,,2,2,0,1,(1),(1),1,, -1,1,9,3,50,7,3,2021,15:15,1,988,98830,1,1,0,6,tribu de KoÃ© - TOUHO,-20.79821,165.26139,15,4,1
202100001021,199Â 940,A01,10,3,2,5,0,-1,-1,5,9,2,2021,39.0,2,2,8,1,1,1,1,,3,VERDUN (BD DE),0,,2,3,0,2,4,2241,1,, -1,1,0,1,50,25,12,2021,12:14,1,34,34032,2,1,0,6,VERDUN (BD DE),43.3363,3.22203,12,8,3
202100023168,160Â 205,A01,1,1,2,0,1,-1,-1,0,0,-1,2021,20.0,1,2,0,0,1,1,1,,3,906,-1,D,2,2,0,1,74,10,1,, -1,1,0,1,80,20,8,2021,08:00,1,63,63430,1,1,0,6,D906,45.864766,3.538758,8,1,1
202100020885,164Â 318,B01,1,1,1,5,2,0,-1,0,0,-1,2021,57.0,2,1,0,2,3,1,3,,4,BOULEVARD DE LA CHAPELLE,0,,3,3,1,1,(1),(1),1,, -1,1,0,5,30,3,9,2021,13:35,1,75,75110,2,1,0,3,BOULEVARD DE LA CHAPELLE,48.8842464125,2.3584749395,13,2,2
202100027975,151Â 699,A01,10,3,2,1,0,-1,-1,4,3,1,2021,60.0,2,2,0,1,1,16,1,,2,ALBERT 1ER (BD),0,,2,2,0,1,1,0,1,, -1,1,0,8,50,19,7,2021,19:45,1,94,94052,2,9,0,6,Boulevard Albert 1er,48.83539,2.49377,19,2,1
202100033290,142Â 260,A01,1,1,1,5,8,-1,-1,-1,0,-1,2021,45.0,1,2,4,0,1,13,1,,1,AUTOROUTE A15,0,,3,6,0,2,10,0,2,, -1,2,0,1,110,19,6,2021,23:00,3,95,95582,1,1,1,6,AUTOROUTE A15,48.97528,2.24239,23,1,1
202100037624,134Â 407,B01,1,1,1,5,0,0,-1,-1, -1,-1,2021,29.0,2,1,0,2,1,19,5,,3,PT NELSON MANDELA,0,,4,2,1,2,1,0,1,, -1,1,2,1,50,29,5,2021,11:00,1,94,94041,2,2,0,3,JEAN COMPAGNON (QU),48.81958,2.39805,11,2,2
202100018308,168Â 897,B01,1,1,1,0,2,6,-1,-1, -1,-1,2021,24.0,2,1,0,2,1,1,1,,4,RUE E TARTASSE,0,,2,2,0,1,0,0,1,, -1,1,5,1,50,16,9,2021,19:20,1,91,91479,2,1,0,1,RUE E TARTASSE,48.7088,2.37003,19,2,2
202100035859,137Â 593,A01,2,2,2,5,1,0,-1,-1, -1,-1,2021,22.0,1,5,0,2,1,2,1,,1,AUTOROUTE A6,0,,1,3,0,1,12,500,1,, -1,1,0,1,110,7,6,2021,18:32,1,91,91161,1,1,0,4,AUTOROUTE A6,48.71554,2.30944,18,5,4
202100025825,155Â 528,A01,1,1,1,0,8,-1,-1,0,0,-1,2021,48.0,1,1,0,2,1,0,1,,2,2,0,N,2,2,0,1,38,(1),1,, -1,1,0,1,50,1,8,2021,10:00,1,971,97121,2,1,0,3,Rue de la Bataille Anse Guyonn,16.227193,-61.786286,10,2,2
202100017852,169Â 709,B01,1,1,1,2,2,6,-1,-1, -1,-1,2021,24.0,1,1,0,2,1,1,1,,4,ALL DE BRIENNE,0,,2,2,0,1,(1),(1),1,, -1,1,0,1,50,20,9,2021,08:45,1,31,31555,2,1,0,3,ALL DE BRIENNE,43.60528,1.43295,8,2,2
202100030573,147Â 102,A01,1,1,1,5,8,0,-1,0,0,-1,2021,25.0,3,2,6,0,1,26,1,,3,DE LATTRE DE TASSIGNY (AVENUE DU MAL),0,,2,2,0,1,1,0,1,, -1,1,0,8,50,5,7,2021,01:05,5,27,27681,2,4,0,6,DE LATTRE DE TASSIGNY (AVENUE DU MAL),49.08524,1.46271,1,1,1
202100039164,131Â 620,A01,1,1,1,5,2,6,-1,-1, -1,-1,2021,15.0,2,1,0,2,1,1,1,,3,913,0,,3,4,0,1,0,0,1,, -1,1,0,1,50,20,5,2021,10:15,1,92,92050,2,2,0,2,JOFFRE MARECHAL AVENUE DU,48.8853582394,2.1958588064,10,2,2
202100007390,188Â 548,A01,1,1,1,5,2,6,-1,0,0,-1,2021,56.0,1,1,0,2,3,17,1,,3,D14,0,D,3,2,0,1,20,441,1,, -1,1,0,1,90,19,11,2021,17:00,2,61,61461,1,2,0,3,D14 - D29,48.823,0.383481,17,2,2
202100019411,166Â 936,A01,1,1,1,0,1,-1,-1,0,0,-1,2021,69.0,2,2,0,0,0,9,1,,3,202,-1,,2,3,0,1,2,131,2,, -1,1,9,1,80,9,9,2021,14:03,1,85,85027,1,9,0,5,D202,46.961516,-1.315374,14,3,3
202100031587,145Â 291,A01,1,1,2,4,2,6,-1,0,0,-1,2021,31.0,1,1,0,2,8,16,1,,4,PLACE CLEMENCEAU,0,,1,2,0,1,(1),(1),1,, -1,2,0,1,50,29,6,2021,09:05,1,75,75108,2,7,1,4,PLACE CLEMENCEAU,48.867119,2.313949,9,3,3
202100035793,137Â 727,A01,1,1,1,0,0,-1,-1,0,0,-1,2021,31.0,1,2,0,0,0,1,1,,3,173,-1,,2,2,0,1,4,150,1,, -1,1,0,1,80,9,6,2021,11:30,1,41,41029,1,1,0,7,D173,47.525644,1.264807,11,1,1
202100011128,181Â 842,A01,10,3,1,2,0,-1,-1,2,3,1,2021,19.0,-1,2,0,1,3,1,1,,3,RU DE NESLE (BOULEVARD),0,,2,1,0,1,0,1,1,, -1,2,0,1,30,25,10,2021,08:00,4,93,93051,2,6,1,6,RU DE NESLE (BOULEVARD),48.83758,2.58215,8,2,1
202100026832,153Â 754,A01,2,2,1,0,1,8,-1,-1, -1,-1,2021,23.0,1,2,6,0,8,13,1,,4,GOUDES (CHEMIN DES),0,,1,1,0,1,0,0,1,, -1,1,0,1,50,27,7,2021,21:45,1,13,13208,2,1,0,3,GOUDES (CHEMIN DES),43.225733073,5.3484599983,21,2,1
202100045639,120Â 158,A01,1,1,1,5,2,6,-1,0,0,-1,2021,27.0,1,1,0,2,2,1,1,,4,RUE DU GENERAL FOY,0,,2,2,0,2,(1),(1),1,, -1,1,0,1,50,1,4,2021,13:30,1,75,75108,2,2,0,3,RUE DU GENERAL FOY,48.877885,2.318142,13,2,2
202100017854,169Â 705,A01,2,2,1,5,8,0,-1,0, -1,-1,2021,17.0,3,1,1,0,0,26,0,,4,DAUMIER,0,,2,2,0,1,(1),(1),1,, -1,1,0,8,50,19,9,2021,17:50,1,29,29019,2,1,0,6,Rue Daumier,48.41228758,-4.46032047,17,2,1
202100030618,147Â 025,A01,8,2,1,5,1,-1,-1,0,0,-1,2021,23.0,2,2,13,0,2,1,1,,3,45,0,,2,2,0,2,39,400,2,, -1,1,0,3,80,5,7,2021,09:10,1,46,46263,1,1,0,6,lieu ventaurel SAINT DAUNES,44.362151,1.228151,9,5,1
202100016871,171Â 466,B01,1,1,1,1,2,6,-1,-1, -1,-1,2021,43.0,2,1,0,2,1,1,1,,3,BLANC AVENUE ROSETTE,0,,2,2,0,2,1,915,3,, -1,1,0,1,70,24,9,2021,06:35,3,66,66136,1,1,0,1,BLANC AVENUE ROSETTE,42.70035,2.92077,6,2,2
202100032662,143Â 385,A01,10,3,2,0,0,-1,-1,3,3,2,2021,41.0,1,2,0,1,2,1,1,,4,MICHELIN (AVENUE EDOUARD),0,,1,2,0,1,(1),(1),1,, -1,1,0,1,50,22,6,2021,17:44,1,63,63113,2,1,0,6,MICHELIN (AVENUE EDOUARD),45.78149,3.10264,17,2,1
202100014789,175Â 275,A01,10,3,2,3,0,-1,-1,3,3,1,2021,57.0,1,2,0,1,1,1,1,,3,BUTIN (AV. OCTAVE),0,,2,2,0,1,2,380,1,, -1,1,0,1,50,6,10,2021,11:40,1,60,60382,2,1,0,6,Avenue Octave Butin,49.4360900187,2.8050370215,11,2,1
202100017892,169Â 642,Y01,2,2,1,5,0,-1,-1,0,0,-1,2021,3.0,0,1,0,2,0,0,5,,3,180,0,,2,2,0,1,0,0,1,, -1,1,6,1,50,18,9,2021,17:50,1,92,92033,2,1,0,3,BUZENVAL,48.851843546,2.2052255353,17,3,2
202100017392,170Â 545,A01,1,1,1,1,1,0,-1,-1, -1,-1,2021,40.0,2,2,0,2,4,26,1,,1,AUTOROUTE A1,0,,1,2,0,1,12,0,1,, -1,2,3,1,90,10,9,2021,18:30,1,93,93005,1,1,1,2,AUTOROUTE A1,48.9625,2.46697,18,2,2
202100039048,131Â 837,A01,1,1,1,1,2,6,-1,-1, -1,-1,2021,23.0,2,1,0,2,1,1,1,,1,AUTOROUTE A103,0,,1,3,0,1,0,1,1,, -1,1,0,1,90,21,5,2021,08:00,1,93,93053,1,1,0,2,AUTOROUTE A103,48.8908853098,2.4730238728,8,2,2
202100054857,103Â 748,A01,4,2,1,1,8,0,-1,-1, -1,-1,2021,26.0,1,2,8,0,2,1,1,,3,PERRIN (SECTEUR),0,,2,2,0,1,(1),(1),2,, -1,1,0,1,70,14,1,2021,15:25,1,971,97101,1,1,0,7,PERRIN (SECTEUR),16.29318,-61.51129,15,4,1
202100053906,105Â 395,A01,1,1,1,5,0,-1,-1,0,0,-1,2021,79.0,3,1,0,2,1,1,6,,4,,-1,,2,2,0,1,(1),(1),1,, -1,1,0,1,80,23,1,2021,15:20,1,42,42214,1,3,0,1,Chemin de l'Hormet,45.674197,4.273601,15,2,2
202100000214,201Â 356,B01,1,1,2,5,2,6,-1,0,0,-1,2021,18.0,1,1,0,2,1,2,1,,3,25,0,D,2,2,0,1,4,1,1,, -1,1,0,1,80,9,9,2021,20:25,3,29,29245,1,1,0,2,D25 - Pen Ar Forest Huella,48.459995,-4.355081,20,2,2
202100029003,149Â 888,A01,1,1,1,0,2,6,-1,0,0,-1,2021,76.0,2,1,11,0,1,6,0,,3,10,-1,,2,2,0,2,4,495,1,,7,1,5,8,50,15,7,2021,09:55,1,974,97415,2,3,0,6,79 Route de l'Ã©peron,-21.042134,55.254946,9,1,1
202100003574,195Â 365,B01,1,1,1,1,2,6,-1,-1, -1,-1,2021,30.0,1,1,0,2,1,1,1,,3,BD CHAMPS ELYSEES,0,,1,2,0,3,0,0,1,, -1,2,5,1,50,2,12,2021,08:40,1,91,91228,2,2,0,3,BD CHAMPS ELYSEES,48.63978,2.42765,8,2,2
202100008383,186Â 747,A01,1,1,1,5,2,8,-1,-1, -1,-1,2021,46.0,1,1,1,0,2,14,5,,4,ANATOLE FRANCE (BOULEVARD) 5/FIN,0,,3,2,0,1,0,0,1,, -1,1,0,1,50,12,11,2021,17:35,5,92,92012,2,1,0,6,ANATOLE FRANCE (BOULEVARD) 5/FIN,48.85007,2.23895,17,1,1
202100033128,142Â 539,A01,1,1,1,5,2,6,-1,0,0,-1,2021,17.0,3,1,0,0,7,13,1,,4,,-1,,2,1,0,2,(1),(1),2,,"3,5",1,0,3,80,19,6,2021,20:00,1,43,43025,1,1,0,7,Lieu Dit les Bernauds,45.241865,4.068863,20,1,1
202100006203,190Â 721,A01,10,3,1,0,0,-1,-1,4,3,1,2021,73.0,1,3,0,1,7,26,1,1.0,4,,0,,2,2,3,2,(1),(1),1,, -1,1,0,6,50,25,11,2021,15:00,1,6,6029,2,1,0,3,CARNOT (BOULEVARD),43.5586,7.01677,15,2,1
202100031314,145Â 766,A01,10,3,1,0,0,-1,-1,4,3,1,2021,26.0,1,1,0,1,1,2,1,,4,JEAN JAURES (R),0,,2,4,0,1,0,1,1,, -1,1,0,1,50,2,7,2021,17:12,1,94,94046,2,3,0,6,JEAN JAURES (R),48.800079,2.432263,17,2,1
202100019111,167Â 469,B01,1,1,1,0,1,0,-1,-1, -1,-1,2021,22.0,2,2,0,2,4,2,1,,1,AUTOROUTE A1,0,,3,6,0,1,195,0,1,, -1,1,0,1,130,9,9,2021,17:10,1,59,59123,1,1,0,5,AUTOROUTE A1,50.500636,3.008094,17,8,8
202100018442,168Â 663,B01,2,1,2,0,8,0,-1,-1, -1,-1,2021,30.0,1,1,0,2,7,1,5,,4,,0,,1,3,1,1,0,0,1,, -1,2,0,5,50,14,9,2021,09:00,1,92,92025,2,1,1,1,COLBERT  55 A 113   42 A 102 (RUE),48.913055,2.235429,9,2,2
202100013663,177Â 290,A01,1,1,1,5,2,6,-1,-1, -1,-1,2021,67.0,3,1,0,2,7,19,1,,4,DUNANT (RUE HENRI),0,,2,2,0,1,(1),(1),1,, -1,1,0,1,50,12,10,2021,17:30,1,28,28134,2,2,0,3,DUNANT (RUE HENRI),48.7373326498,1.3870453835,17,3,2
202100025009,156Â 948,A01,1,1,1,5,2,0,-1,-1, -1,-1,2021,38.0,3,1,0,2,3,13,1,,7,COL DE LA GINESTE D559,0,,2,2,0,2,1,0,2,, -1,1,0,1,50,8,8,2021,16:30,1,13,13209,2,1,0,1,COL DE LA GINESTE D559,43.24225,5.44916,16,2,2
202100022610,161Â 200,A01,10,3,2,0,0,-1,-1,3,3,1,2021,73.0,1,2,0,1,1,1,1,,4,CLEMENCEAU (BOULEVARD),0,,2,3,3,1,(1),(1),1,, -1,1,0,1,50,24,8,2021,12:45,1,66,66136,2,1,0,6,CLEMENCEAU (BOULEVARD),42.7006681427,2.8910746425,12,2,1
202100032010,144Â 528,A01,2,2,2,5,2,-1,-1,0,0,-1,2021,51.0,1,1,0,0,8,1,1,,3,52,0,D,2,2,0,1,18,220,1,, -1,1,0,1,80,26,6,2021,11:45,1,27,27478,1,6,0,7,D52,48.954734,1.220856,11,2,1
202100003748,195Â 055,A01,2,2,2,5,2,6,-1,-1, -1,-1,2021,20.0,2,1,0,0,3,21,1,,3,910,0,,3,4,0,1,0,0,1,, -1,1,0,1,50,10,12,2021,14:30,1,92,92072,2,1,0,7,EUROPE (AVENUE DE L'),48.8230337002,2.2095930576,14,2,1
202100030973,146Â 384,A01,4,2,2,5,1,-1,-1,-1,0,-1,2021,21.0,2,2,3,0,4,14,1,,1,AUTOROUTE A15,0,,3,8,0,1,8,500,1,, -1,1,0,1,90,4,7,2021,01:40,3,95,95582,1,1,0,6, A15,48.9662,2.2573,1,4,1
202100022364,161Â 671,B01,1,1,2,5,1,-1,-1,0,0,-1,2021,60.0,2,2,0,2,2,1,2,,3,Rd1,-1,,2,2,0,1,5,200,1,, -1,1,0,1,50,28,8,2021,12:30,1,973,97309,2,1,0,5,Route de Montjoly,4.92447,-52.284708,12,3,3
202100008849,185Â 924,B01,1,1,1,5,8,0,-1,0,0,-1,2021,48.0,2,1,0,2,8,23,5,,4,BOULEVARD HAUSSMANN,0,,1,4,3,1,(1),(1),1,, -1,1,5,1,30,8,11,2021,09:30,1,75,75108,2,2,0,4,BOULEVARD HAUSSMANN,48.874676,2.320048,9,3,3
202100012712,178Â 994,A01,1,1,1,5,2,6,-1,0,0,-1,2021,15.0,2,1,0,2,3,1,1,,2,10,0,T,2,2,0,1,43,0,1,,7,1,0,1,70,17,10,2021,14:30,1,201,201362,1,1,0,3,RT10 -PK: 43  - lieu dit sainte lucie de porto vecchio,41.707162,9.382759,14,2,2
202100006048,190Â 985,A01,1,1,1,0,1,-1,-1,0,0,-1,2021,70.0,3,2,4,0,0,0,1,,2,,0,,1,1,0,2,(1),(1),3,, -1,1,3,1,50,27,11,2021,16:00,1,987,98715,1,9,0,6,RDO,-17.552736,-149.593475,16,1,1
202100055412,102Â 800,B01,1,1,1,1,1,-1,-1,0,0,-1,2021,34.0,3,2,0,2,3,1,1,,7,107,-1,,2,2,1,1,(1),(1),1,, -1,2,0,1,70,13,1,2021,08:15,2,44,44074,1,1,0,1,M107,47.204608,-1.67604,8,2,2
202100032306,144Â 012,A01,1,1,1,1,2,6,-1,-1, -1,-1,2021,55.0,1,1,0,6,1,26,1,,3,MONTLUCON (ROUTE DE),0,,2,2,0,1,0,0,1,, -1,1,0,1,90,25,6,2021,20:33,1,3,3211,1,1,0,6,MONTLUCON (ROUTE DE),46.30692,2.56504,20,1,1
202100007241,188Â 812,B01,1,1,2,1,8,0,-1,-1, -1,-1,2021,17.0,1,1,0,2,1,1,1,,4,GEOFFRAY,0,,2,2,0,1,1,0,1,, -1,1,0,1,30,19,11,2021,11:36,1,49,49007,2,1,0,2,GEOFFRAY,47.45871,-0.5464,11,2,2
202100049558,113Â 173,A01,1,1,2,0,8,-1,-1,0,0,-1,2021,30.0,1,2,0,2,3,13,1,,3,468,-1,,2,2,0,1,10,930,1,, -1,1,0,1,80,3,3,2021,15:50,1,39,39412,1,1,0,1,,46.979345,5.374374,15,2,2
202100040538,129Â 148,A01,2,2,2,5,2,6,-1,0,0,-1,2021,49.0,2,1,13,0,9,1,1,,3,42,0,,2,2,0,2,16,700,3,, -1,1,0,8,80,9,5,2021,17:15,1,73,73156,1,1,0,6,D42 Che de la Ceniere,45.644894,5.791954,17,2,1
202100037502,134Â 635,B01,1,1,1,5,2,6,9,0,0,-1,2021,66.0,2,1,0,2,3,1,1,,2,85,-1,,2,2,0,1,31,620,1,, -1,1,0,1,80,31,5,2021,08:30,1,4,4122,1,1,0,1,RN 85,44.034419,6.086833,8,2,2
202100049943,112Â 474,B01,2,2,1,0,1,-1,-1,0,0,-1,2021,30.0,1,2,13,2,1,2,1,,3,927,0,D,2,2,0,1,45,590,1,, -1,1,5,1,90,27,2,2021,15:15,1,36,36042,1,3,0,3,,46.632664,1.458038,15,4,2
202100011241,181Â 639,Z01,10,3,1,9,8,8,-1,4,3,1,2021,66.0,1,5,0,1,1,1,1,,4,AVENUE FELIX FAURE,0,,2,2,0,1,(1),(1),1,, -1,1,0,1,30,24,10,2021,11:15,1,75,75115,2,2,0,6,AVENUE FELIX FAURE,48.84209,2.290377,11,2,1
202100053289,106Â 480,A01,1,1,2,0,8,-1,-1,0,0,-1,2021,22.0,2,2,3,0,9,1,1,,1,40,0,,3,4,0,2,127,400,2,, -1,2,0,1,110,29,1,2021,17:00,1,1,1228,1,1,1,6,A40,46.134973,5.523913,17,1,1
202100013448,177Â 700,A01,1,1,1,0,2,6,-1,0,0,-1,2021,39.0,2,1,2,0,1,1,1,,3,933,0,A,2,2,0,1,3,186,1,, -1,1,0,8,80,13,10,2021,16:00,1,1,1305,1,1,0,6,Rd933A Pk 0002.350,46.446374,4.905497,16,1,1
202100048080,115Â 806,A01,2,2,1,5,8,-1,-1,0,0,-1,2021,45.0,2,2,13,0,0,1,1,,1,660,-1,A,-1,5,0,1,16,297,1,, -1,1,0,3,130,15,3,2021,09:25,1,33,33527,1,1,0,6,,44.611918,-1.029711,9,2,1
202100055543,102Â 573,A01,1,1,1,4,2,6,-1,-1, -1,-1,2021,21.0,1,1,0,2,1,1,1,,4,MARECHAL DE LATTRE DE TASSIGNY (AV),0,,2,4,0,1,0,1,1,, -1,1,0,1,50,10,1,2021,20:24,5,94,94022,2,2,0,3,MARECHAL DE LATTRE DE TASSIGNY (AV),48.75788,2.40423,20,3,2
202100022999,160Â 518,B01,1,1,2,5,1,8,-1,-1, -1,-1,2021,77.0,1,2,0,2,7,1,1,,4,VOLTAIRE (RUE),0,,4,3,0,1,0,0,1,, -1,1,0,1,50,23,5,2021,11:25,1,82,82121,2,3,0,3,VOLTAIRE (RUE),44.03779,1.3591,11,2,2
202100039085,131Â 770,A01,1,1,1,0,2,6,-1,-1, -1,-1,2021,15.0,2,1,0,2,1,1,0,,3,EUROPE L'  AV DE,0,,2,3,1,1,1,0,1,, -1,1,0,1,50,20,5,2021,16:20,1,69,69264,2,1,0,2,EUROPE  (DE L') (AV),45.99203,4.74228,16,2,2
202100044389,122Â 332,B01,10,3,2,9,0,-1,-1,4,3,1,2021,81.0,1,2,0,1,1,16,1,,3,,-1,,2,2,0,2,(1),(1),1,, -1,2,0,1,50,7,4,2021,09:07,1,91,91272,2,6,0,1,Route de la Croix de Fer,48.703376,2.126155,9,2,1
202100052380,108Â 086,A01,1,1,1,5,1,-1,-1,-1, -1,-1,2021,25.0,1,2,0,2,1,1,1,,4,,0,,2,2,0,2,(1),(1),3,, -1,2,0,1,80,5,2,2021,10:00,1,69,69286,1,1,0,1,FONTAINE (DE) (RTE),45.82552,4.88195,10,3,2
202100038300,133Â 184,A01,1,1,2,1,1,0,-1,-1, -1,-1,2021,54.0,2,2,0,0,0,9,1,,1,A55-Sens Martigues vers Marseille,0,,-1,1,0,2,21,0,3,, -1,2,0,1,50,22,5,2021,08:20,1,13,13088,1,1,0,7,A55-Sens Martigues vers Marseille,43.3799192345,5.2192959982,8,1,1
202100004779,193Â 237,A01,10,3,1,2,0,-1,-1,3,3,1,2021,15.0,1,2,0,1,1,9,3,,4,CAPUCINS (AVENUE DES),0,,2,2,0,1,(1),(1),1,, -1,2,9,1,30,3,12,2021,16:55,5,27,27681,2,2,1,6,CAPUCINS (AVENUE DES),49.09357,1.47187,16,2,1
202100026288,154Â 704,A01,1,1,2,5,1,0,-1,-1, -1,-1,2021,84.0,2,2,0,2,3,9,1,,4,ETATS-UNIS (BOULEVARD DES),0,,2,2,0,1,(1),(1),1,, -1,1,0,1,50,30,7,2021,14:15,1,60,60159,2,3,0,3,Boulevard des Ãtats-Unis,49.40766,2.82503,14,4,2
202100032567,143Â 557,B01,1,1,1,2,0,-1,-1,0,0,-1,2021,13.0,3,1,0,2,2,9,5,,4,,-1,,-1,2,0,1,(1),(1),1,,6,1,0,1,-1,23,6,2021,10:15,1,1,1457,2,2,0,3,Rue des Erables,46.22932,4.992841,10,2,2
202100021476,163Â 253,B01,1,1,1,5,2,6,-1,0,0,-1,2021,55.0,2,1,0,2,8,1,1,,4,AVENUE DE LAUMIERE,0,,2,2,0,2,(1),(1),1,, -1,1,0,1,30,1,9,2021,15:00,1,75,75119,2,2,0,3,AVENUE DE LAUMIERE,48.88468,2.379809,15,2,2
202100034326,140Â 376,B01,2,2,1,9,1,0,-1,-1, -1,-1,2021,36.0,3,2,0,2,6,23,1,,3,NEUILLY (ROUTE),0,,2,2,0,1,1,0,1,, -1,1,0,1,50,15,6,2021,08:05,1,93,93051,2,9,0,2,Route de Neuilly,48.85213,2.53353,8,5,2
202100038614,132Â 615,A01,1,1,1,0,8,0,-1,-1, -1,-1,2021,19.0,0,6,0,0,0,0,1,,4,NOISETIERS (ALLEE DES),0,,2,2,0,1,0,0,1,, -1,1,0,1,50,23,5,2021,19:50,1,91,91223,2,1,0,6,NOISETIERS (ALLEE DES),48.43681,2.14159,19,1,1
202100050362,111Â 676,A01,1,1,1,4,2,6,-1,0,0,-1,2021,26.0,2,1,0,2,1,17,1,,4,RUE DE LA TOMBE ISSOIRE,0,,2,2,0,1,(1),(1),1,, -1,1,0,1,50,24,2,2021,13:30,1,75,75114,2,2,0,3,RUE DE LA TOMBE ISSOIRE,48.823953,2.330982,13,2,2
202100018557,168Â 463,A01,10,3,2,5,0,-1,-1,3,3,1,2021,79.0,1,2,0,1,1,15,1,,3,QUAKENBRUCK (AVENUE DE),0,,2,1,0,1,2,74,2,, -1,1,0,1,50,15,9,2021,16:21,1,61,61001,2,3,0,6,QUAKENBRUCK (AVENUE DE),48.44136,0.10813,16,2,1
202100016229,172Â 627,A01,10,3,1,5,0,-1,-1,2,3,1,2021,88.0,1,2,0,1,3,1,1,,3,PETSCHE (AVENUE MAURICE),0,,2,2,0,1,0,242,1,, -1,1,0,1,50,28,9,2021,16:15,1,5,5023,2,1,0,6,PETSCHE (AVENUE MAURICE),44.89577,6.63261,16,2,1
202100004493,193Â 735,A01,1,1,2,5,8,0,-1,-1, -1,-1,2021,62.0,2,0,0,2,5,1,5,,4,MARECHAL DELATTRE DE TASSIGNY,0,,2,2,0,1,(1),(1),1,, -1,1,0,1,50,26,2,2021,09:45,1,62,62108,2,3,0,3,MARECHAL DELATTRE DE TASSIGNY,50.40818,1.59186,9,2,2
202100040745,128Â 781,A01,1,1,1,5,2,8,-1,-1, -1,-1,2021,17.0,2,1,0,2,7,2,1,,3,VENDEENS (AV DES),0,,2,2,0,1,(1),(1),1,, -1,1,0,1,50,7,5,2021,17:55,1,50,50218,2,1,0,2,VENDEENS (AV DES),48.8337,-1.5675,17,4,2
202100044611,121Â 978,A01,1,1,1,4,2,6,-1,-1, -1,-1,2021,20.0,1,1,0,2,2,1,1,,3,PONT BLANC.CHARLES TILLON (RUE) =>72,0,,3,1,1,1,0,1,1,, -1,1,0,1,50,8,4,2021,22:15,5,93,93001,2,1,0,1,PONT BLANC.CHARLES TILLON (RUE) =>72,48.9168277552,2.3928254843,22,2,2
202100029071,149Â 783,Z01,10,3,1,2,0,-1,-1,5,3,1,2021,9.0,1,1,0,1,4,25,6,,3,AV HENRI DUNANT,0,,1,0,2,1,0,0,1,, -1,1,6,5,50,10,5,2021,08:40,1,91,91027,2,1,0,6,AV HENRI DUNANT,48.71343,2.39595,8,2,1
202100025163,156Â 676,A01,10,3,2,5,0,-1,-1,2,5,1,2021,8.0,3,2,0,1,1,1,1,,4,,-1,,2,2,0,1,(1),(1),1,,5,1,0,1,50,8,8,2021,17:00,1,95,95052,2,1,0,6,Chemin des Mervignolles,49.14146,2.298539,17,2,1
202100010516,182Â 928,A01,10,3,1,9,0,-1,-1,5,9,1,2021,19.0,3,2,15,1,1,26,1,,4,LEHOUCQ (RUE FIDELE),0,,2,2,1,1,(1),(1),1,, -1,1,0,4,50,28,10,2021,13:45,1,59,59599,2,1,0,6,LEHOUCQ (RUE FIDELE),50.72037,3.15942,13,2,1
202100027950,151Â 741,B01,1,1,2,1,1,0,-1,-1, -1,-1,2021,19.0,1,2,0,2,4,2,1,,3,PARIS (ROUTE DE),0,,3,2,0,1,30,435,1,, -1,1,0,1,70,19,7,2021,17:00,1,1,1451,1,6,0,4,PARIS (ROUTE DE),46.2246893226,5.2063381417,17,4,3