Num_Acc,id_vehicule,num_veh,place,catu,sexe,trajet,secu1,secu2,secu3,locp,actp,etatp,year_acc,victim_age,senc,catv,obs,obsm,choc,manv,motor,occutc,catr,voie,v1,v2,circ,nbv,vosp,prof,pr,pr1,plan,lartpc,larrout,surf,infra,situ,vma,jour,mois,an,hrmn,lum,dep,com,agg_,int,atm,col,adr,lat,long,hour,nb_victim,nb_vehicules
202100010555,182Â 864,A01,1,1,1,1,2,6,-1,0,0,-1,2021,28.0,1,1,0,2,3,21,1,,4,RUE DANCOURT,0,,2,2,0,1,(1),(1),1,, -1,1,0,1,30,28,10,2021,09:20,1,75,75118,2,3,0,7,RUE DANCOURT,48.882546,2.341931,9,1,1
202100013868,176Â 912,A01,1,1,2,5,1,0,-1,-1, -1,-1,2021,65.0,1,2,0,2,8,16,1,,4,RUE DE L AUDE,0,,2,2,0,3,(1),(1),1,, -1,1,0,1,50,11,10,2021,09:50,1,31,31555,2,2,0,3,RUE DE L AUDE,43.583114,1.481589,9,2,2
202100049960,112Â 448,A01,1,1,1,5,2,6,-1,0,0,-1,2021,38.0,1,1,0,2,8,1,1,,3,D149,-1,,2,2,0,1,9,415,1,, -1,1,0,1,80,27,2,2021,17:45,1,78,78120,1,2,1,3,D149,48.640998,1.987184,17,3,2
202100039407,131Â 159,A01,10,3,2,1,0,-1,-1,2,3,1,2021,24.0,1,2,0,1,7,19,1,,3,ALL DU PONT AUX PINS,0,,1,2,0,1,0,0,1,, -1,1,0,1,70,18,5,2021,12:25,1,91,91425,1,1,0,6,ALL DU PONT AUX PINS,48.65145,2.27279,12,3,1
202100033009,142Â 742,B01,1,1,2,1,2,0,-1,-1, -1,-1,2021,31.0,1,1,0,2,1,1,1,,3,MADELEINE (ROUTE DE LA),0,,2,-1,0,1,1,500,1,, -1,1,0,1,50,21,6,2021,08:50,1,973,97302,2,1,0,3,MADELEINE (ROUTE DE LA),4.927812632,-52.3249963281,8,2,2
202100023076,160Â 371,A01,1,1,1,0,2,-1,-1,-1, -1,-1,2021,55.0,1,1,0,2,1,26,1,,4,PASCAL (BOULEVARD),0,,2,2,0,1,(1),(1),1,, -1,1,0,1,50,31,7,2021,19:30,1,21,21231,2,1,0,3,PASCAL (BOULEVARD),47.3372611549,5.0540844327,19,2,2
202100051043,110Â 433,B01,1,1,1,1,2,6,-1,0,0,-1,2021,30.0,2,1,0,2,6,17,1,,4,,0,,2,2,0,1,(1),(1),1,, -1,1,0,1,50,18,2,2021,17:50,1,56,56260,2,1,0,3,Rue du Docteur Georges Cadoret,47.66554,-2.75035,17,4,2
202100042591,125Â 492,A01,1,1,1,5,1,-1,-1,-1, -1,-1,2021,34.0,1,2,3,0,1,13,1,,2,PORTE DE LORIENT,0,,1,2,0,2,14,290,3,, -1,1,3,1,50,25,4,2021,18:55,1,35,35238,1,1,0,6,PORTE DE LORIENT,48.10853,-1.71707,18,1,1
202100012916,178Â 644,A01,1,1,1,5,2,6,-1,0,0,-1,2021,57.0,1,1,0,2,1,17,1,,3,17,0,,2,2,0,1,8,750,1,, -1,1,0,1,80,16,10,2021,10:15,1,83,83031,1,1,0,3,4750 Route du Thoronet,43.427928,6.331215,10,2,2
202100001218,199Â 594,B01,1,1,1,5,2,0,-1,-1, -1,-1,2021,17.0,2,1,0,2,1,1,1,,4,LIBERTE AVENUE DE LA,0,,2,2,0,1,0,0,1,, -1,2,0,1,50,27,12,2021,19:18,5,92,92050,2,1,0,3,LIBERTE AVENUE DE LA,48.8879238117,2.2081969678,19,2,2
202100020811,164Â 444,A01,3,2,2,0,3,0,-1,-1, -1,-1,2021,3.0,1,2,3,2,3,14,1,,1,AUTOROUTE A6,0,,1,3,0,1,30,500,1,, -1,1,2,1,110,5,9,2021,12:58,1,91,91659,1,1,0,2,AUTOROUTE A6,48.58693,2.4506,12,4,2
202100013479,177Â 642,A01,10,3,1,0,0,-1,-1,1,3,1,2021,82.0,1,2,0,1,2,21,1,,2,LITTORAL (ROUTE 1 DU),0,,2,4,0,1,(1),(1),1,, -1,1,0,1,90,13,10,2021,04:30,3,974,97411,1,1,0,6,LITTORAL (ROUTE 1 DU),-20.89344,55.37901,4,3,1
202100009771,184Â 231,B01,1,1,2,5,2,8,-1,-1, -1,-1,2021,62.0,2,1,0,2,1,1,1,,4,,0,,2,2,1,1,(1),(1),1,, -1,1,0,1,50,2,11,2021,15:35,1,37,37261,2,3,0,5,VAILLANT (RUE EDOUARD),47.3864655047,0.6986850144,15,3,3
202100012341,179Â 675,A01,1,1,2,1,1,-1,-1,0,0,-1,2021,48.0,0,2,0,2,3,19,1,,3,RD7,0,A,2,2,0,1,4,620,1,, -1,1,0,1,80,19,10,2021,07:45,2,49,49138,1,2,0,3,Mare Chartier (Brion),47.4509795435,-0.1614689827,7,2,2
202100010156,183Â 543,B01,1,1,1,4,0,-1,-1,-1, -1,-1,2021,31.0,1,1,0,2,1,8,0,,4,CRS DE LA MARNE,0,,2,4,3,1,(1),(1),1,, -1,1,0,1,50,29,10,2021,12:00,1,33,33063,2,3,0,3,Cours de la Marne,44.82846,-0.56209,12,2,2
202100043336,124Â 202,A01,1,1,1,5,8,0,-1,-1, -1,-1,2021,42.0,1,2,6,0,1,1,1,,4,LINTILHAC (BOULEVARD EUGENE),0,,2,2,0,2,(1),(1),3,, -1,1,0,4,50,20,4,2021,16:55,1,15,15014,2,1,0,6,LINTILHAC (BOULEVARD EUGENE),44.930014,2.441839,16,1,1
202100000741,200Â 391,B01,1,1,2,0,2,0,-1,-1, -1,-1,2021,45.0,3,1,1,0,0,1,1,,4,MONNERVILLE (AVENUE GASTON),0,,1,1,0,1,(1),(1),1,, -1,1,0,1,50,30,12,2021,18:20,5,973,97302,2,1,0,6,MONNERVILLE (AVENUE GASTON),4.93693,-52.33344,18,3,2
202100005783,191Â 458,B01,1,1,1,1,2,6,-1,-1, -1,-1,2021,45.0,1,1,0,0,3,3,1,,1,,0,,-1,3,0,1,1,0,1,, -1,2,1,1,90,28,11,2021,19:51,3,94,94073,1,1,0,3,A86 EXT,48.772,2.39613,19,2,2
202100042358,125Â 910,A01,1,1,2,5,8,0,-1,0,0,-1,2021,35.0,2,1,0,0,0,7,3,,4,BOULEVARD RASPAIL,0,,1,2,3,1,(1),(1),1,, -1,1,0,6,50,27,4,2021,14:45,1,75,75107,2,4,0,7,BOULEVARD RASPAIL,48.853417,2.326183,14,1,1
202100055087,103Â 347,A01,1,1,1,4,2,8,-1,-1, -1,-1,2021,20.0,3,1,0,2,1,2,0,,4,LOUISE MICHEL (RUE),0,,2,2,0,1,0,0,1,, -1,2,0,1,50,14,1,2021,19:10,5,93,93005,2,1,1,2,LOUISE MICHEL (RUE),48.931728464,2.5022448533,19,2,2
202100012647,179Â 106,B01,1,1,1,5,2,7,-1,-1, -1,-1,2021,55.0,1,1,0,2,1,2,1,,3,KOUTIALA (BOULEVARD),0,,2,2,0,1,34,300,1,, -1,1,0,1,50,17,10,2021,19:20,2,61,61001,2,1,0,3,KOUTIALA (BOULEVARD),48.42439,0.07944,19,3,2
202100045133,121Â 058,A01,1,1,1,0,2,6,-1,-1, -1,-1,2021,45.0,1,1,12,0,1,1,1,,4,LAZARET (QUAI DU),0,,1,2,0,1,(1),(1),4,, -1,1,0,1,50,4,4,2021,15:00,1,13,13202,2,1,0,6,LAZARET (QUAI DU),43.3095,5.36679,15,1,1
202100054739,103Â 950,A01,1,1,1,5,8,-1,-1,0,0,-1,2021,63.0,2,2,15,0,1,1,0,,3,134,0,,2,2,0,1,41,397,1,, -1,1,0,3,80,18,1,2021,13:25,1,17,17056,1,1,0,6,D134,45.6052,-0.521282,13,1,1
202100002406,197Â 478,B01,1,1,2,0,8,0,-1,0,0,-1,2021,51.0,1,1,0,2,1,1,3,,4,SELLIER (RUE),0,,2,2,2,1,(1),(1),1,, -1,1,0,1,30,17,12,2021,16:30,1,54,54395,2,2,0,3,SELLIER (RUE),48.7006641836,6.18222785,16,2,2
202100036743,136Â 028,A01,1,1,2,1,2,6,-1,-1, -1,-1,2021,38.0,2,1,0,2,1,3,1,,1,A86 INT,0,,3,6,0,1,38,599,1,, -1,1,0,1,90,3,6,2021,19:30,1,94,94028,1,1,0,2,A86 INT,48.7945105647,2.4421620369,19,2,2
202100036780,135Â 965,B01,2,2,1,9,1,8,-1,-1, -1,-1,2021,1.0,1,2,0,2,9,1,1,,4,ESPAGNE D',0,,2,2,0,2,0,0,1,, -1,1,2,1,50,2,6,2021,08:30,1,64,64129,2,1,0,4,PONT D'ESPAGNE,43.295408,-0.387082,8,4,3
202100011415,181Â 317,A01,1,1,2,1,8,0,-1,0,0,-1,2021,21.0,2,1,0,0,0,1,5,,4,RUE DES CARMES,0,,1,2,0,1,(1),(1),1,, -1,1,0,1,30,22,10,2021,18:35,1,75,75105,2,2,0,7,RUE DES CARMES,48.848899,2.347463,18,1,1
202100033260,142Â 318,A01,1,1,1,5,2,6,-1,0,0,-1,2021,34.0,2,1,16,0,3,1,1,,3,36,-1,D,2,2,0,2,25,200,2,, -1,1,0,3,80,18,6,2021,15:00,1,43,43091,1,1,1,7,Route du Gerbier,44.890912,4.162976,15,1,1
202100002566,197Â 195,B01,1,1,1,5,2,0,-1,-1, -1,-1,2021,55.0,1,1,1,2,3,1,5,,4,PROMENADE PIERRE VERNIER,0,,2,3,1,2,0,0,1,, -1,1,6,5,50,16,12,2021,18:50,5,988,98818,2,4,0,3,PROMENADE PIERRE VERNIER,-22.30905,166.45177,18,2,2
202100034548,139Â 967,A01,10,3,2,0,8,8,-1,1,B,1,2021,41.0,2,2,0,1,2,1,1,,4,,0,,1,1,2,1,(1),(1),1,, -1,1,0,1,50,12,6,2021,22:45,5,25,25056,2,1,0,6,STRASBOURG QUAI DE,47.24056,6.02094,22,2,1
202100030112,147Â 953,A01,10,3,1,5,0,-1,-1,3,3,1,2021,80.0,2,2,0,1,2,1,1,,3,1084,0,,2,2,0,1,11,148,1,, -1,1,0,1,50,8,7,2021,10:54,1,1,1262,2,1,0,6,Faubourg de Lyon,45.848211,5.047172,10,2,1
202100044747,121Â 733,A01,1,1,1,5,2,-1,-1,0,0,-1,2021,79.0,1,1,0,0,1,0,5,,3,2144,0,,2,2,0,1,3,800,1,, -1,9,8,1,30,8,4,2021,17:00,1,3,3195,2,1,0,7,4 Rue du Commandant GoÃ«tschy,46.287353,2.661738,17,1,1
202100037759,134Â 170,B01,1,1,1,1,2,6,-1,-1, -1,-1,2021,42.0,2,1,0,2,1,0,1,,7,BOURGTHEROULDE. RUE DE,0,,2,0,0,2,9,450,1,, -1,1,0,1,50,27,5,2021,13:20,1,76,76231,2,3,0,3,BOURGTHEROULDE. RUE DE,49.290762,0.961222,13,2,2
202100053219,106Â 608,A01,1,1,1,5,1,0,-1,-1, -1,-1,2021,62.0,2,2,0,2,1,1,1,,4,MARECHAL JUIN (BOULEVARD),0,,2,3,0,1,(1),(1),1,, -1,2,0,1,50,28,1,2021,08:10,2,21,21231,2,3,1,1,MARECHAL JUIN (BOULEVARD),47.31384,5.00815,8,3,2
202100022979,160Â 553,C01,1,1,1,1,1,-1,-1,0,0,-1,2021,39.0,1,2,0,2,1,1,1,,3,478,-1,,2,3,0,1,(1),(1),1,, -1,1,0,1,80,22,8,2021,23:30,3,91,91179,1,1,0,5,D948,48.556646,2.485149,23,4,4
202100052943,107Â 088,A01,2,2,1,5,8,-1,-1,0,0,-1,2021,29.0,0,2,4,0,3,26,1,,1,VE2,-1,,3,4,0,1,0,105,1,, -1,1,0,3,90,31,1,2021,21:45,3,988,98805,1,1,0,6,VE2 SENS NORD/SUD,-22.224138,166.468663,21,2,1
202100030910,146Â 510,B01,1,1,1,1,1,-1,-1,0,0,-1,2021,42.0,2,2,0,2,1,1,1,,1,87,0,A,3,4,0,1,120,882,1,, -1,1,9,1,130,5,7,2021,09:40,1,85,85008,1,1,0,4,A87 PK 120+882,46.62723,-1.43186,9,4,4
202100022246,161Â 879,A01,2,2,1,5,1,0,-1,-1, -1,-1,2021,18.0,2,2,15,0,1,26,1,,3,CATEAU (AVENUE DU),0,,2,0,0,1,(1),(1),1,, -1,1,0,4,50,27,8,2021,02:30,5,59,59122,2,1,0,6,CATEAU (AVENUE DU),50.17397,3.25031,2,2,1
202100000546,200Â 729,B01,1,1,1,5,2,6,9,0,0,-1,2021,41.0,2,1,0,2,2,17,1,,3,995,0,,2,2,0,1,3,900,2,, -1,1,0,1,90,31,12,2021,15:30,1,12,12270,1,1,0,2,D995 Huguies,44.314161,3.119838,15,2,2
202100004856,193Â 110,B01,1,1,1,5,2,6,-1,0,0,-1,2021,55.0,1,1,0,2,8,1,1,,3,37,0,D,2,2,0,2,53,700,4,,4,2,0,1,80,4,12,2021,16:00,2,44,44212,1,2,0,3,La Vergne,47.149086,-1.24403,16,2,2
202100005123,192Â 622,A01,10,3,1,5,0,-1,-1,5,3,1,2021,44.0,3,3,0,1,2,26,2,1.0,3,62,0,,2,2,0,2,0,0,1,, -1,1,0,6,30,2,12,2021,10:20,1,92,92046,2,1,0,6,DE STALINGRAD,48.8144193649,2.2796925902,10,2,1
202100024996,156Â 974,A01,1,1,1,0,2,6,-1,-1, -1,-1,2021,31.0,1,1,2,2,1,21,1,,4,BOIS D'AMOUR ( AVENUE DU ),0,,2,2,0,1,(1),(1),1,, -1,1,0,1,50,7,8,2021,20:41,2,44,44055,2,1,0,2,BOIS D'AMOUR ( AVENUE DU ),47.2875,-2.381296,20,3,2
202100013747,177Â 135,B01,2,2,2,5,2,-1,-1,0,0,-1,2021,71.0,2,1,0,2,1,1,1,,3,102,-1,D,2,2,0,1,2,20,1,, -1,1,0,1,80,12,10,2021,15:00,1,33,33540,1,1,0,3,route vendays,45.375302,-1.132557,15,3,2
202100004116,194Â 383,A01,10,3,2,3,0,-1,-1,0,0,-1,2021,94.0,1,5,0,1,1,15,1,,4,RUE DUTOT,0,,1,1,0,1,(1),(1),1,, -1,1,0,1,30,8,12,2021,11:26,1,75,75115,2,2,0,6,RUE DUTOT,48.839476,2.309536,11,2,1
202100010938,182Â 175,B01,1,1,1,1,2,0,-1,0,0,-1,2021,37.0,1,1,0,2,1,1,5,,4,RUE DES PETITES ECURIES,0,,2,2,1,1,(1),(1),1,, -1,1,-1,5,30,26,10,2021,09:25,1,75,75110,2,1,0,1,RUE DES PETITES ECURIES,48.873969,2.348576,9,2,2
202100046878,117Â 983,B01,1,1,1,4,8,0,-1,-1, -1,-1,2021,63.0,2,5,1,0,0,0,1,,4,NOGUES (AVE DU GENERAL),0,,1,2,0,2,0,0,1,, -1,1,0,1,50,23,3,2021,11:00,1,83,83137,2,1,0,2,NOGUES (AVE DU GENERAL),43.127793,5.920794,11,2,2
202100051316,109Â 944,B01,1,1,2,5,2,6,-1,0,0,-1,2021,51.0,2,1,0,2,3,1,1,,4,RUE MANIN,0,,2,2,0,1,(1),(1),1,, -1,1,0,1,50,16,2,2021,09:20,1,75,75119,2,2,0,3,RUE MANIN,48.884346,2.391286,9,2,2
202100046135,119Â 297,A01,1,1,1,5,1,0,-1,0,0,-1,2021,28.0,1,2,0,2,1,2,1,,4,AVENUE D ITALIE,0,,2,2,0,1,(1),(1),1,, -1,1,0,1,50,19,2,2021,15:01,1,75,75113,2,3,0,2,AVENUE D ITALIE,48.823013,2.358247,15,2,2
202100039405,131Â 161,A01,10,3,1,0,0,-1,-1,3,3,2,2021,5.0,1,1,0,1,0,17,1,,4,,0,,3,4,0,1,(1),(1),1,, -1,1,9,1,30,14,5,2021,12:40,1,6,6029,2,1,0,6,CROISETTE (BOULEVARD DE LA),43.55137,7.0175,12,2,1
202100015676,173Â 647,A01,1,1,1,5,2,-1,-1,0,0,-1,2021,44.0,2,1,13,0,1,26,0,,3,3,0,D,2,2,0,2,0,300,2,, -1,1,0,3,50,2,10,2021,11:40,1,65,65360,2,1,0,7,6 Route de Loubajac,43.104857,-0.117888,11,1,1
202100003684,195Â 167,A01,1,1,1,3,2,6,-1,0,0,-1,2021,18.0,1,1,0,2,7,1,1,,4,MARSEILLE (Route de ),0,,2,2,0,1,(1),(1),1,, -1,1,0,1,50,10,12,2021,14:05,1,26,26198,2,1,0,3,164 Route de Marseille,44.538975,4.746154,14,2,2
202100017564,170Â 229,C01,1,1,2,1,1,-1,-1,0,0,-1,2021,53.0,1,5,0,0,3,1,1,,7,D7,-1,N,2,2,0,1,47,200,1,, -1,1,0,1,80,23,9,2021,09:10,1,13,13091,1,1,0,5,D7n,43.617204,5.311718,9,3,3
202100048913,114Â 328,A01,1,1,1,5,1,-1,-1,-1, -1,-1,2021,26.0,1,2,2,0,1,14,1,,1,A7   10.992 A 13.970,0,,3,6,0,1,11,925,1,, -1,2,0,3,110,7,3,2021,07:37,2,69,69296,1,1,1,7,A7,45.65306,4.83745,7,2,1
202100051435,109Â 759,A01,2,2,2,0,1,0,-1,-1, -1,-1,2021,63.0,0,2,0,2,1,1,1,,4,BD LASCROSSES,0,,3,4,0,1,(1),(1),1,, -1,1,0,1,50,14,2,2021,09:30,1,31,31555,2,1,0,2,BD LASCROSSES,43.60939,1.43189,9,3,2
202100016034,173Â 000,A01,1,1,1,0,1,4,-1,-1, -1,-1,2021,21.0,1,2,0,9,3,26,1,,4,Tunnel Prado CarÃ©nage,0,,1,2,0,2,(1),(1),2,, -1,1,1,1,50,29,9,2021,13:58,1,13,13206,1,1,0,7,Tunnel Prado CarÃ©nage,43.28592,5.37963,13,1,1
202100032029,144Â 496,A01,1,1,1,5,2,-1,-1,0,0,-1,2021,23.0,2,1,0,0,0,1,5,,3,303,0,,2,2,0,2,2,0,1,, -1,1,0,3,80,28,6,2021,17:45,1,14,14399,1,1,0,7,D286,49.261208,0.24447,17,1,1
202100012564,179Â 256,A01,1,1,1,1,2,6,-1,0,0,-1,2021,42.0,2,1,0,2,7,1,1,,3,D24,-1,,2,2,0,1,15,425,1,, -1,1,0,1,80,15,10,2021,05:30,3,34,34176,1,2,0,3,D24,43.635376,4.054084,5,2,2
202100017977,169Â 491,A01,10,3,2,0,0,-1,-1,4,3,1,2021,56.0,2,2,0,1,1,1,1,,7,CAUCHOISE. PLACE,0,,2,4,3,2,22,650,3,, -1,1,-1,1,50,18,9,2021,13:00,1,76,76540,2,1,0,6,CAUCHOISE. PLACE,49.44551,1.08618,13,2,1
202100051318,109Â 940,A01,10,3,2,9,8,8,-1,4,3,1,2021,32.0,1,2,0,1,2,1,1,,4,AVENUE DE WAGRAM,0,,3,4,0,1,(1),(1),1,, -1,1,0,1,50,13,2,2021,12:20,1,75,75117,2,1,0,6,AVENUE DE WAGRAM,48.8756367673,2.2963839769,12,2,1
202100051964,108Â 822,A01,1,1,1,5,1,-1,-1,0,0,-1,2021,74.0,2,5,17,0,2,14,1,,3,41,-1,E,2,2,0,2,2,750,3,, -1,1,0,3,80,11,2,2021,16:30,1,18,18052,1,1,0,6,33 Le Petit Teilleux,46.746106,2.663916,16,1,1
202100013379,177Â 816,B01,1,1,1,5,2,8,-1,0,0,-1,2021,18.0,1,1,0,2,1,17,1,,4,TOULOUSANNES (ROUTE DES),0,,2,2,0,2,0,1,1,, -1,1,0,1,50,3,3,2021,12:25,1,5,5023,2,4,0,3,rue des toulouzannes,44.89174,6.63688,12,2,2
202100053659,105Â 819,A01,1,1,1,2,2,-1,-1,0,0,-1,2021,16.0,1,1,0,2,1,1,1,,3,6,-1,,2,2,0,1,40,300,1,, -1,2,0,1,80,27,1,2021,07:30,3,31,31135,1,2,0,3,CD 6,43.227689,1.083201,7,2,2
202100017428,170Â 474,B01,4,2,2,9,1,0,-1,-1, -1,-1,2021,89.0,2,5,0,2,1,1,1,,3,RIVE (AVENUE DE LA) RD 1005,0,,2,2,0,1,28,300,1,, -1,1,0,1,80,22,9,2021,14:45,1,74,74218,1,1,0,3,RIVE (AVENUE DE LA) RD 1005,46.39489,6.54995,14,5,2
202100016541,172Â 062,B01,1,1,2,1,2,0,-1,0,0,-1,2021,28.0,2,0,0,2,1,1,3,,4,AVENUE DES CHAMPS ELYSEES,0,,2,8,1,1,(1),(1),1,, -1,2,0,5,30,27,9,2021,11:50,1,75,75108,2,3,1,3,AVENUE DES CHAMPS ELYSEES,48.8710888101,2.3034878377,11,2,2
202100027181,153Â 129,A01,1,1,1,4,2,6,-1,-1, -1,-1,2021,30.0,1,1,0,2,3,3,1,,1,A4.Y,0,,3,2,0,2,18,299,3,, -1,1,0,1,90,24,7,2021,15:00,1,77,77258,1,1,0,3,A4.Y,48.829956,2.622637,15,3,2
202100026650,154Â 070,B01,2,2,2,9,1,0,-1,-1, -1,-1,2021,34.0,1,2,0,2,2,26,1,,1,A87N,0,,3,4,0,1,1,0,1,, -1,2,0,1,90,27,7,2021,18:15,1,49,49267,2,1,0,5,A87N,47.46644,-0.51624,18,5,3
202100002873,196Â 639,B01,1,1,1,0,1,0,-1,-1, -1,-1,2021,43.0,1,2,0,2,8,2,0,,1,AUTOROUTE A3,0,,3,2,0,1,6,500,1,, -1,1,0,1,90,13,12,2021,12:00,1,93,93053,1,1,0,5,AUTOROUTE A3,48.8938281588,2.4719020439,12,3,3
202100024518,157Â 834,A01,1,1,1,4,1,0,-1,0,0,-1,2021,52.0,1,2,0,2,8,10,1,,4,LOBAU (BOULEVARD),0,,2,4,0,1,(1),(1),1,, -1,1,0,1,50,10,8,2021,20:45,1,54,54395,2,1,0,3,LOBAU (BOULEVARD),48.68414,6.1964,20,4,2
202100041958,126Â 621,B01,2,2,2,0,2,6,-1,-1, -1,-1,2021,24.0,2,1,0,2,2,3,1,,3,VERDUN (DE 62 A FIN),0,,2,6,3,1,0,0,1,, -1,1,0,1,50,30,4,2021,13:35,1,92,92026,2,9,0,3,VERDUN (DE 62 A FIN),48.9043664464,2.2568911314,13,3,2
202100018222,169Â 032,B01,1,1,1,9,1,-1,-1,0,0,-1,2021,27.0,1,2,3,0,1,26,1,,1,57,-1,,3,4,0,1,14,500,1,, -1,1,0,1,110,18,9,2021,00:40,3,83,83130,1,1,0,2,PK 014.500 Autoroute A57 sens TOULON LE CANNET,43.2032725253,6.0482131925,0,2,2
202100045760,119Â 955,B01,1,1,2,1,2,6,-1,-1, -1,-1,2021,37.0,1,1,0,2,8,15,1,,4,BAUDIN (BOULEVARD PAUL),0,,2,2,0,1,(1),(1),1,, -1,1,0,1,50,30,3,2021,12:20,1,45,45208,2,3,0,3,Boulevard Paul Baudin,47.999735,2.733539,12,6,2
202100038548,132Â 738,A01,1,1,1,0,2,6,-1,0,0,-1,2021,54.0,2,1,0,2,1,0,1,,1,57,-1,,1,2,0,1,18,600,1,, -1,1,0,1,110,25,5,2021,07:35,1,83,83049,1,1,0,2,A57 PK 18+600,43.229695,6.079903,7,2,2
202100055690,102Â 315,A01,1,1,1,9,1,5,-1,-1, -1,-1,2021,32.0,0,2,2,0,3,14,2,,3,VAUBAN (AVENUE),0,,2,2,0,1,0,1,1,, -1,7,0,1,80,9,1,2021,01:01,5,93,93078,1,1,0,6,Avenue Vauban,48.968047,2.551303,1,1,1
202100030506,147Â 237,A01,1,1,2,1,1,0,-1,-1, -1,-1,2021,57.0,1,2,0,2,8,2,1,,1,A507 sens Marseille - Aubagne,0,,1,3,0,1,1,860,1,, -1,1,1,1,70,5,7,2021,07:50,1,13,13055,1,1,0,3,A507 sens Marseille - Aubagne,43.32977,5.40456,7,2,2
202100055858,102Â 035,A01,1,1,2,5,2,6,-1,-1, -1,-1,2021,54.0,1,1,0,2,1,16,1,,4,VICTOR HUGO (DE 47 A FIN),0,,1,2,0,1,0,0,1,, -1,1,9,1,50,8,1,2021,16:50,1,92,92026,2,9,0,2,Rue Victor Hugo,48.894517,2.258386,16,2,2
202100046937,117Â 876,A01,1,1,1,0,1,0,-1,-1, -1,-1,2021,21.0,0,2,1,0,7,1,1,,4,HUVEAUNE (BOULEVARD DE),0,,2,2,0,1,(1),(1),1,, -1,1,5,1,50,23,3,2021,13:25,1,13,13209,2,3,0,5,HUVEAUNE (BOULEVARD DE),43.2723219898,5.4063074165,13,2,2
202100004946,192Â 950,A01,10,3,2,5,0,-1,-1,4,3,1,2021,72.0,1,4,0,1,2,5,1,,3,911,0,,2,4,0,1,0,0,1,, -1,1,0,1,50,3,12,2021,09:40,1,92,92024,2,2,0,6,HENRI BARBUSSE (RUE) DE (1 A 73)   (2 A,48.90003,2.30625,9,2,1
202100050146,112Â 086,B01,1,1,1,4,2,6,-1,-1, -1,-1,2021,39.0,1,1,0,2,1,1,1,,4,VIENNE (DE)                         (RO),0,,2,2,0,1,(1),(1),1,, -1,1,0,1,50,25,2,2021,21:10,5,69,69388,2,3,0,1,VIENNE (DE) (RTE),45.73731,4.85255,21,2,2
202100011867,180Â 508,A01,1,1,1,1,2,6,-1,-1, -1,-1,2021,23.0,1,1,0,2,1,2,0,,3,JAURES (AVENUE JEAN),0,,2,2,0,1,1,0,1,, -1,1,0,1,50,21,10,2021,08:40,1,93,93064,2,1,0,2,JAURES (AVENUE JEAN),48.863415,2.488579,8,3,2
202100011332,181Â 472,B01,2,2,2,5,1,8,-1,-1, -1,-1,2021,43.0,1,2,0,2,1,2,1,,1,A86 INT,0,,3,6,0,1,45,799,1,, -1,1,1,1,70,24,10,2021,18:25,1,94,94073,1,1,0,2,A86 INT,48.7633,2.3809,18,3,2
202100001085,199Â 825,A01,1,1,1,5,8,0,-1,-1, -1,-1,2021,53.0,1,2,1,0,1,13,2,,4,JUSTICE (RUE DE LA),0,,1,1,0,2,0,0,1,, -1,2,0,1,30,28,12,2021,00:44,5,92,92077,2,1,1,6,JUSTICE (RUE DE LA),48.8219999354,2.1964415163,0,1,1
202100018426,168Â 692,A01,1,1,1,0,1,0,-1,-1, -1,-1,2021,49.0,2,2,0,2,3,1,1,,4,PLATEAU (RUE DU),0,,2,2,0,1,0,0,1,, -1,1,0,1,50,17,9,2021,15:00,1,93,93077,2,1,0,5,Rue du Plateau,48.88033,2.50016,15,3,3
202100051903,108Â 925,B01,2,2,1,5,8,0,-1,-1, -1,-1,2021,36.0,2,2,0,2,6,1,1,,4,TILLON (AVENUE CHARLES),0,,1,4,0,1,(1),(1),1,, -1,7,0,1,50,10,2,2021,15:00,1,35,35238,2,3,0,4,TILLON (AVENUE CHARLES),48.12437,-1.70998,15,7,4
202100026575,154Â 200,A01,2,2,1,5,8,-1,-1,0,0,-1,2021,21.0,1,2,13,0,1,14,1,,3,18,0,,2,2,0,4,30,400,3,, -1,1,0,3,80,2,7,2021,00:45,3,18,18244,1,1,0,6,Route de Mareuil,46.956707,2.131948,0,2,1
202100051981,108Â 791,A01,1,1,1,1,1,4,-1,-1, -1,-1,2021,42.0,2,2,4,0,1,1,1,,1,A86 EXT,0,,3,3,0,2,43,0,1,, -1,5,0,1,90,10,2,2021,05:15,3,94,94073,1,1,1,6,A86 EXT,48.77196,2.3964,5,1,1
202100038999,131Â 930,C01,1,1,1,1,8,0,-1,-1, -1,-1,2021,18.0,1,1,0,0,8,1,5,,3,VERDUN (AVENUE DE) DU 152 AU 226,0,,2,2,0,1,0,0,1,, -1,2,0,1,30,21,5,2021,19:37,2,92,92040,2,4,1,7,VERDUN (AVENUE DE) DU 152 AU 226,48.8188294152,2.2436839342,19,1,1
202100048465,115Â 131,A01,10,3,1,5,0,-1,-1,9,A,1,2021,29.0,1,2,0,0,0,1,1,,1,77,0,A,1,2,0,2,83,460,1,, -1,1,0,1,130,8,3,2021,11:00,1,58,58193,1,1,0,7,A77,47.551383,2.886497,11,3,1
202100014448,175Â 874,A01,10,3,1,1,0,-1,-1,3,3,1,2021,47.0,0,5,0,1,2,15,1,,4,MARIUS AUFAN(RUE) 1A67 ET 2A78,0,,1,2,1,1,0,0,1,, -1,1,0,1,50,8,10,2021,13:45,1,92,92044,2,3,0,6,MARIUS AUFAN(RUE) 1A67 ET 2A78,48.888368248,2.2868353128,13,2,1