Num_Acc,id_vehicule,num_veh,place,catu,sexe,trajet,secu1,secu2,secu3,locp,actp,etatp,year_acc,victim_age,senc,catv,obs,obsm,choc,manv,motor,occutc,catr,voie,v1,v2,circ,nbv,vosp,prof,pr,pr1,plan,lartpc,larrout,surf,infra,situ,vma,jour,mois,an,hrmn,lum,dep,com,agg_,int,atm,col,adr,lat,long,hour,nb_victim,nb_vehicules
202100038109,133Â 544,A01,1,1,1,5,1,-1,-1,0,0,-1,2021,90.0,1,2,13,0,2,1,1,,3,10,-1,,2,2,0,1,20,980,3,, -1,2,0,3,80,26,5,2021,14:26,1,88,88327,1,1,1,6,"CD 10, pk 20+980",48.314964,6.36441,14,1,1
202100006261,190Â 600,B01,1,1,2,3,1,7,-1,0,0,-1,2021,22.0,3,2,0,2,1,1,1,,4,Route de Paris,0,,3,4,0,1,(1),(1),1,, -1,2,0,1,70,25,11,2021,12:55,1,27,27229,1,3,0,3,NATIONALE 13 (ROUTE),49.01553,1.17915,12,2,2
202100037920,133Â 886,A01,1,1,1,0,2,-1,-1,0,0,-1,2021,30.0,0,1,0,2,1,1,1,,4,1,0,D,2,2,0,4,(1),(1),2,, -1,3,0,5,50,28,5,2021,20:00,3,973,97309,2,1,0,1,163 Route du Mahury,4.882297,-52.275611,20,2,2
202100029344,149Â 315,A01,10,3,2,1,0,-1,-1,3,3,1,2021,27.0,1,1,0,1,1,1,1,,4,PROVINCES FRANCAISES BD DES,0,,3,2,0,1,0,0,1,, -1,2,6,1,50,12,7,2021,19:45,1,92,92050,2,4,1,6,PROVINCES FRANCAISES BD DES,48.9009,2.215,19,2,1
202100010229,183Â 426,A01,10,3,2,5,0,-1,-1,9,4,1,2021,85.0,0,5,0,1,4,4,1,,4,,0,,-1,2,0,1,(1),(1),1,,4,2,0,8,20,30,10,2021,10:00,1,34,34023,2,1,0,6,avenue pasteur,43.437623,3.677068,10,2,1
202100031517,145Â 425,A01,10,3,2,9,0,-1,-1,9,9,3,2021,16.0,0,2,2,1,0,1,1,,4,,-1,,2,2,0,1,(1),(1),2,,5,1,0,8,70,2,7,2021,00:30,3,69,69176,1,1,0,6,LOUP (DU) (CHM),45.6751720084,4.7128987312,0,10,1
202100002683,196Â 980,B01,1,1,1,5,0,-1,-1,0,0,-1,2021,76.0,3,1,0,2,2,9,0,,3,13,0,D,2,2,0,1,54,850,1,,6,1,0,1,50,18,12,2021,15:15,2,70,70433,2,6,0,3,Rue Jean Poirey,47.615338,6.167949,15,2,2
202100049900,112Â 541,A01,1,1,1,9,8,0,-1,0,0,-1,2021,41.0,1,5,7,0,1,1,1,,4,AVENUE DE CLICHY,0,,2,3,1,1,(1),(1),1,, -1,1,0,1,50,27,2,2021,07:20,5,75,75117,2,1,0,6,AVENUE DE CLICHY,48.886062,2.326258,7,1,1
202100022393,161Â 625,A01,1,1,1,9,2,6,-1,-1, -1,-1,2021,40.0,2,1,3,0,0,1,1,,2,RN 104,0,,1,1,0,1,29,700,3,, -1,1,0,1,70,27,8,2021,17:40,1,91,91573,1,1,0,7,RN 104,48.6301,2.5135,17,1,1
202100015856,173Â 332,A01,1,1,2,1,1,-1,-1,0,0,-1,2021,47.0,1,2,1,0,1,14,1,,4,KERELISA (RUE DE ),0,,2,2,0,1,(1),(1),1,, -1,1,0,8,50,29,9,2021,18:05,1,29,29254,1,1,0,6,Rue de Kerelisa,48.5727851234,-3.8560402819,18,1,1
202100021573,163Â 074,B01,1,1,1,5,2,-1,-1,0,0,-1,2021,70.0,1,1,0,2,1,15,5,,3,,-1,,-1,2,0,1,15,860,2,,4,1,5,1,80,23,5,2021,11:40,1,73,73053,1,6,1,3,RD 925,45.551528,6.208616,11,2,2
202100024593,157Â 700,B01,4,2,2,4,1,0,-1,-1, -1,-1,2021,28.0,1,5,0,2,2,9,1,,4,VANTEAUX (BOULEVARD DE),0,,4,5,0,1,0,0,1,, -1,1,0,1,50,10,8,2021,04:19,5,87,87085,2,3,0,3,VANTEAUX (BOULEVARD DE),45.8209,1.23037,4,4,2
202100044688,121Â 832,B01,1,1,1,9,-1,0,-1,-1, -1,-1,2021,96.0,3,1,0,2,4,1,5,,4,MONTAIGNE AVENUE,0,,2,4,2,1,1,0,1,, -1,1,0,1,50,7,4,2021,15:30,1,49,49007,2,1,0,2,MONTAIGNE AVENUE,47.4687,-0.5317,15,2,2
202100050719,111Â 025,A01,4,2,1,5,8,0,-1,-1, -1,-1,2021,18.0,2,2,4,0,3,13,1,,1,AUTOROUTE A6A,0,,1,3,0,2,8,300,1,, -1,1,0,1,110,21,2,2021,01:25,3,91,91689,1,1,0,6,AUTOROUTE A6A,48.73918,2.31888,1,4,1
202100026902,153Â 623,A01,2,2,1,3,1,-1,-1,0,0,-1,2021,39.0,0,2,6,0,1,20,1,,4,,-1,,2,2,0,1,(1),(1),1,,4,2,0,4,50,27,7,2021,21:30,1,27,27398,1,1,1,6,13 Rue RangÃ©e des Sablons,49.105098,0.618887,21,2,1
202100021344,163Â 501,A01,1,1,1,3,2,6,9,0,0,-1,2021,41.0,2,1,16,0,0,1,1,,3,123,-1,,2,2,0,2,11,300,2,, -1,1,0,3,80,2,9,2021,15:30,1,63,63375,1,1,0,7,D123,45.487283,3.323364,15,1,1
202100011928,180Â 403,B01,1,1,2,1,2,-1,-1,0,0,-1,2021,65.0,2,1,0,2,1,17,1,,2,101,0,T,2,2,0,2,0,429,1,,6,1,0,1,50,17,10,2021,14:00,1,201,201247,2,1,0,3,T101,41.583775,9.275755,14,2,2
202100048805,114Â 531,A01,1,1,1,5,1,-1,-1,0,0,-1,2021,25.0,1,2,8,0,1,0,1,,3,D 100,-1,,2,2,0,1,(1),(1),1,, -1,1,0,4,50,6,3,2021,01:40,5,59,59464,2,1,0,6,17 Rue Pasteur,50.190315,3.610811,1,1,1
202100026504,154Â 323,A01,2,2,1,9,2,6,-1,0,0,-1,2021,11.0,2,1,0,2,8,18,1,,4,BOULEVARD DES ITALIENS,0,,2,4,0,1,(1),(1),1,, -1,1,0,1,50,28,7,2021,14:30,1,75,75102,2,3,0,3,BOULEVARD DES ITALIENS,48.871241,2.335944,14,4,2
202100032188,144Â 225,B01,1,1,2,5,2,-1,-1,0,0,-1,2021,65.0,3,1,0,2,1,1,5,,4,,0,,2,1,0,1,(1),(1),2,,3,1,0,1,50,26,6,2021,13:40,1,18,18141,2,1,0,1,24 Rue de la Taille,47.115956,2.209384,13,2,2
202100036251,136Â 883,A01,1,1,1,4,2,8,-1,0,0,-1,2021,18.0,1,1,3,0,1,1,1,,4,DOUARNENEZ RUE DE,0,,2,2,0,1,(1),(1),1,, -1,1,0,1,50,5,6,2021,00:15,5,29,29232,2,1,0,7,Rue de Douarnenez,47.99655,-4.1086,0,1,1
202100025309,156Â 418,A01,2,2,1,0,8,8,-1,-1, -1,-1,2021,47.0,1,1,0,2,4,16,1,,4,JOLIETTE (PLACE DE LA),0,,1,2,0,1,(1),(1),1,, -1,1,0,1,50,6,8,2021,17:18,1,13,13202,2,4,0,2,JOLIETTE (PLACE DE LA),43.30507,5.36676,17,3,2
202100016645,171Â 878,B01,4,2,2,5,1,0,-1,-1, -1,-1,2021,45.0,3,2,0,2,2,0,1,,4,LEBON PHILLIPE RUE,0,,2,0,0,1,(1),(1),1,, -1,1,0,1,50,11,9,2021,05:20,5,59,59350,2,3,0,1,LEBON PHILLIPE RUE,50.626395,3.096819,5,4,2
202100038821,132Â 229,A01,1,1,1,5,1,-1,-1,0,0,-1,2021,40.0,2,2,13,0,9,15,1,,3,11,-1,,2,2,0,2,38,700,2,, -1,2,0,3,90,22,5,2021,19:30,1,3,3127,1,1,0,6,Fayolle du haut,46.501553,2.68737,19,1,1
202100024345,158Â 160,A01,1,1,1,5,2,6,-1,0,0,-1,2021,58.0,3,1,0,0,8,1,1,,4,,-1,,2,2,0,1,(1),(1),1,,4,1,0,1,70,11,8,2021,21:45,3,42,42253,2,1,0,7,Route de Combray,46.04952,3.999217,21,1,1
202100048591,114Â 902,Y01,1,1,2,0,0,-1,-1,0,0,-1,2021,70.0,1,1,0,2,1,26,0,,4,FAIDHERBE,0,,-1,1,0,1,0,0,1,, -1,1,5,1,50,7,3,2021,12:40,1,93,93029,2,2,0,3,FAIDHERBE,48.92244,2.43364,12,2,2
202100052699,107Â 531,A01,1,1,1,1,1,0,-1,-1, -1,-1,2021,36.0,3,2,0,2,4,9,1,,3,CLEMENCEAU (AVENUE GEORGES),0,,1,0,0,1,0,1,2,, -1,1,5,1,50,3,2,2021,19:40,5,93,93078,2,6,0,2,BALLANGER (BD ROBERT),48.9606745822,2.5554253188,19,2,2
202100030322,147Â 563,B01,1,1,1,0,8,0,-1,-1, -1,-1,2021,35.0,1,1,0,2,4,2,0,,4,MAHATMA GANDHY - RIV. DES GALETS,0,,2,2,1,2,0,0,1,, -1,1,0,5,70,6,7,2021,10:30,1,974,97407,1,1,0,2,MAHATMA GANDHY - RIV. DES GALETS,-20.95301,55.32457,10,2,2
202100051154,110Â 238,A01,1,1,1,0,0,-1,-1,-1, -1,-1,2021,29.0,2,0,0,0,1,26,1,,3,BOLOGNE (ROUTE DE),0,,-1,0,0,2,0,100,1,, -1,1,0,1,70,16,2,2021,16:50,1,971,97105,1,1,0,7,BOLOGNE (ROUTE DE),16.00844,-61.729445,16,1,1
202100004408,193Â 879,A01,1,1,1,4,2,6,-1,0,0,-1,2021,41.0,2,1,0,2,1,1,1,,4,RUE DU FAUBOURG SAINT MARTIN,0,,2,4,0,1,(1),(1),1,, -1,2,0,1,30,6,12,2021,02:05,5,75,75110,2,7,0,3,RUE DU FAUBOURG SAINT MARTIN,48.88387,2.368611,2,3,2
202100033756,141Â 432,A01,4,2,1,0,3,-1,-1,-1, -1,-1,2021,4.0,2,2,4,0,1,14,1,,1,AUTOROUTE A 10,0,,3,6,0,1,541,500,1,, -1,1,0,1,110,16,6,2021,17:10,1,33,33397,1,1,0,6,AUTOROUTE A 10,44.89557,-0.496924,17,3,1
202100020905,164Â 283,B01,3,2,2,5,3,-1,-1,0,0,-1,2021,5.0,1,2,0,2,8,1,2,,3,951,0,,2,2,0,1,28,600,1,, -1,1,0,1,90,4,9,2021,19:15,1,86,86070,1,1,0,3,D951,46.571349,0.7297,19,6,2
202100033131,142Â 536,A01,1,1,1,1,2,6,-1,0,0,-1,2021,38.0,3,1,0,0,0,0,1,,3,378,0,D,2,2,0,1,(1),(1),1,, -1,1,0,3,80,20,6,2021,11:08,1,40,40075,2,1,0,7,D 378,43.857678,-1.171803,11,1,1
202100005367,192Â 193,B01,1,1,1,9,8,0,-1,0,0,-1,2021,27.0,3,0,0,2,7,1,5,,4,PRE DE FOIRE ( RUE DU ),0,,2,-1,0,2,0,1,1,, -1,1,0,5,50,29,11,2021,18:44,5,5,5061,2,3,0,3,PRE DE FOIRE ( RUE DU ),44.55492,6.07456,18,2,2
202100022543,161Â 334,B01,2,2,2,1,1,-1,-1,0,0,-1,2021,21.0,3,5,0,2,5,15,1,,4,,-1,,2,2,0,2,(1),(1),2,,5,1,0,1,50,27,8,2021,12:00,1,69,69027,2,4,0,2,LANDE (DE LA) (CHM),45.683889,4.762064,12,3,2
202100000469,200Â 867,A01,10,3,2,0,0,-1,-1,3,3,1,2021,71.0,2,2,0,1,1,1,1,,4,GABRIEL PERI         (Rue),0,,2,2,2,1,(1),(1),1,, -1,1,0,1,50,12,11,2021,10:20,1,69,69266,2,1,0,6,GABRIEL PERI (R),45.77104,4.86396,10,2,1
202100035294,138Â 616,A01,10,3,1,4,0,-1,-1,2,3,1,2021,21.0,2,1,0,1,1,5,1,,4,PELLOS (R. FRANCOIS),0,,2,2,0,1,(1),(1),1,, -1,1,0,1,50,10,6,2021,10:10,1,6,6088,2,1,0,6,PELLOS (R. FRANCOIS),43.71061,7.26484,10,2,1
202100021813,162Â 631,B01,1,1,1,0,2,0,-1,-1, -1,-1,2021,27.0,0,1,0,2,7,26,1,,3,JULES GUESDE (QU),0,,3,2,0,1,1,0,1,, -1,1,0,1,50,29,8,2021,22:25,5,94,94081,2,1,0,3,Quai Jules Guesde,48.80773,2.40767,22,4,2
202100016175,172Â 728,A01,10,3,1,5,0,-1,-1,2,3,1,2021,36.0,1,2,0,1,1,1,1,,4,PORTUGAL (BD DU),0,,3,2,0,1,0,0,1,, -1,1,0,1,50,29,9,2021,12:15,1,35,35238,2,1,0,6,PORTUGAL (BD DU),48.08373,-1.669999,12,2,1
202100004725,193Â 333,B01,1,1,2,1,2,6,-1,-1, -1,-1,2021,18.0,1,1,0,2,1,1,1,,4,PIFFAULT PIERRE (AV) BESSEMER A MONNIER,0,,2,2,0,1,0,0,1,, -1,2,0,1,50,3,12,2021,07:50,5,72,72181,2,1,0,3,PIFFAULT PIERRE (AV) BESSEMER A MONNIER,47.9614,0.18639,7,2,2
202100023831,159Â 030,B01,3,2,1,5,1,0,-1,-1, -1,-1,2021,33.0,1,2,0,2,4,2,1,,1,AUTOROUTE A2,0,,1,4,0,1,67,0,1,, -1,1,0,1,130,13,8,2021,06:10,2,59,59215,1,1,0,2,AUTOROUTE A2,50.352252,3.579183,6,4,2
202100014317,176Â 112,B01,1,1,1,1,1,-1,-1,-1, -1,-1,2021,39.0,1,2,0,2,1,1,1,,4,JEAN DUCLOS                         (R ),0,,1,1,0,1,(1),(1),3,, -1,1,0,1,50,8,10,2021,16:30,1,69,69259,2,6,0,3,JEAN DUCLOS (R),45.69735,4.89096,16,2,2
202100046852,118Â 031,B01,1,1,1,1,2,4,6,0,0,-1,2021,58.0,1,1,0,2,3,21,5,,3,,-1,,2,2,0,1,22,212,2,, -1,1,0,1,50,10,3,2021,07:50,2,85,85092,2,6,0,3,Rond point de l'Europe,46.467416,-0.82508,7,2,2
202100031135,146Â 087,A01,10,3,1,5,0,-1,-1,3,3,2,2021,79.0,2,2,0,1,2,26,1,,3,MARECHAL DE LATTRE DE TASSIGNY (AVENUE),0,,2,-1,0,1,46,410,1,, -1,1,0,1,50,26,6,2021,08:45,1,30,30028,2,1,0,6,MARECHAL DE LATTRE DE TASSIGNY (AVENUE),44.16885,4.61685,8,2,1
202100054360,104Â 593,A01,1,1,1,1,2,6,-1,0,0,-1,2021,37.0,1,1,0,2,1,2,1,,4,QUAI BRANLY,0,,2,4,0,1,(1),(1),1,, -1,1,0,1,50,20,1,2021,11:00,1,75,75107,2,3,0,2,QUAI BRANLY,48.859098,2.293246,11,2,2
202100029460,149Â 125,B01,2,2,2,3,1,5,-1,0,0,-1,2021,25.0,1,2,0,2,1,1,1,,3,19,-1,,2,2,0,1,(1),(1),2,,7,2,0,1,50,4,7,2021,20:00,1,91,91549,1,1,1,4,Avenue du Hurepoix,48.625019,2.345406,20,8,3
202100019624,166Â 561,B01,1,1,1,0,2,0,-1,-1, -1,-1,2021,76.0,2,1,0,2,1,1,1,,3,CAP - ROUTE DU CAP,0,,2,2,0,2,1,0,3,, -1,1,0,1,50,10,9,2021,16:15,1,202,202353,2,1,0,3,CAP - ROUTE DU CAP,42.71181,9.45427,16,2,2
202100006102,190Â 899,B01,1,1,1,1,8,0,-1,0,0,-1,2021,37.0,3,1,0,2,8,15,1,,4,PLACE DE LA CONCORDE,0,,1,2,0,1,(1),(1),1,, -1,1,0,1,30,25,11,2021,09:30,1,75,75108,2,7,0,3,PLACE DE LA CONCORDE,48.864078,2.320123,9,2,2
202100026695,153Â 995,A01,1,1,1,0,2,8,-1,-1, -1,-1,2021,46.0,1,1,12,0,0,2,1,,3,CROIZAT AMBROISE RD 29 BIS,0,,2,1,0,1,0,1,1,, -1,1,0,1,50,28,7,2021,19:19,1,93,93066,2,1,0,6,Rue Ambroise Croizat,48.93227,2.348984,19,1,1
202100041492,127Â 441,A01,1,1,1,1,2,8,-1,-1, -1,-1,2021,55.0,2,1,9,2,1,17,1,,3,HIPPOLYTE  PIOT (RUE),0,,2,2,0,1,(1),(1),1,, -1,1,0,1,50,29,4,2021,18:20,5,974,97416,2,1,0,1,HIPPOLYTE  PIOT (RUE),-21.2975,55.4521,18,2,2
202100048677,114Â 745,A01,1,1,2,0,1,0,-1,-1, -1,-1,2021,31.0,3,2,0,2,1,2,1,,4,ALLIES (BOULEVARD DES),0,,2,2,0,1,(1),(1),1,, -1,1,0,1,50,9,3,2021,13:30,1,35,35051,2,1,0,2,ALLIES (BOULEVARD DES),48.1148612432,-1.6208032519,13,2,2
202100052912,107Â 139,A01,1,1,1,5,1,0,-1,0,0,-1,2021,27.0,1,2,1,0,1,15,1,,4,RUE ALPHONSE BERTILLON,0,,2,2,0,1,(1),(1),1,, -1,2,0,1,50,1,2,2021,02:44,5,75,75115,2,2,1,6,RUE ALPHONSE BERTILLON,48.835397,2.311796,2,1,1
202100056329,101Â 212,A01,2,2,2,0,2,0,-1,-1, -1,-1,2021,29.0,2,1,0,9,1,1,1,,1,AUTOROUTE A1,0,,1,6,0,1,2,200,1,, -1,1,2,1,90,2,1,2021,22:06,4,972,97213,1,1,0,6,AUTOROUTE A1,14.61795,-61.03056,22,2,1
202100024463,157Â 945,B01,1,1,1,1,1,-1,-1,0,0,-1,2021,46.0,2,2,0,2,3,1,1,,3,622,0,D,2,2,0,1,5,555,1,, -1,1,0,1,80,13,8,2021,09:35,1,81,81143,1,1,0,1,RD622,43.529727,2.098603,9,2,2
202100044815,121Â 610,A01,10,3,1,0,0,-1,-1,3,3,1,2021,65.0,2,2,0,1,2,15,1,,3,GAMBETTA (RUE),0,,2,2,0,1,(1),(1),1,, -1,1,0,1,50,2,4,2021,11:45,1,54,54431,2,2,0,6,GAMBETTA (RUE),48.90571,6.05994,11,2,1
202100006789,189Â 648,A01,1,1,1,1,1,0,-1,-1, -1,-1,2021,32.0,2,2,0,0,4,1,1,,1,A507 sens Marseille - Aubagne,0,,1,3,0,1,7,0,1,, -1,1,1,1,70,23,11,2021,08:45,1,13,13055,1,1,0,2,A507 sens Marseille - Aubagne,43.3026,5.42539,8,2,2
202100021532,163Â 154,A01,1,1,1,1,1,-1,-1,0,0,-1,2021,19.0,1,2,13,2,3,13,1,,2,202,0,,2,2,0,2,40,900,3,, -1,1,0,1,80,2,9,2021,07:40,1,4,4174,1,1,0,1,RN 202,43.959577,6.715629,7,2,2
202100051480,109Â 686,B01,1,1,1,5,2,-1,-1,0,0,-1,2021,18.0,2,1,0,2,4,2,0,,2,1,-1,,3,2,1,1,(1),(1),1,, -1,1,0,1,90,16,2,2021,12:15,1,971,97103,1,1,0,2,N1,16.24631,-61.593745,12,2,2
202100016921,171Â 375,B01,1,1,2,1,2,0,-1,-1, -1,-1,2021,46.0,1,1,0,2,7,1,1,,4,LAIGRET (AVENUE DU DOCTEUR JEAN),0,,1,3,3,4,(1),(1),3,, -1,1,0,1,50,24,9,2021,11:00,1,41,41018,2,1,0,3,LAIGRET (AVENUE DU DOCTEUR JEAN),47.58596,1.32705,11,2,2
202100019177,167Â 354,A01,10,3,2,0,0,-1,-1,3,3,1,2021,26.0,2,1,0,1,1,1,0,,4,RAVAZ (AVENUE DU PROFESSEUR LOUIS,0,,2,2,0,1,(1),(1),1,, -1,1,0,1,30,12,9,2021,18:15,1,34,34172,2,1,0,6,RAVAZ (AVENUE DU PROFESSEUR LOUIS,43.62164,3.84755,18,2,1
202100052646,107Â 622,A01,1,1,1,0,1,-1,-1,-1, -1,-1,2021,25.0,1,2,14,0,1,15,1,,4,SERBIE (DE)                         (QU),0,,2,5,0,1,(1),(1),3,, -1,2,0,1,50,2,2,2021,20:35,4,69,69386,2,2,0,7,SERBIE (DE) (Q),45.77233,4.84113,20,1,1
202100050736,110Â 994,A01,1,1,1,0,8,0,-1,-1, -1,-1,2021,30.0,3,1,1,0,1,13,1,,4,RENE DESCARTES (RUE),0,,-1,1,0,1,0,0,3,, -1,1,0,1,30,20,2,2021,16:45,1,91,91549,2,1,0,1,RENE DESCARTES (RUE),48.642179,2.344967,16,2,2
202100017438,170Â 455,A01,1,1,2,3,1,-1,-1,0,0,-1,2021,29.0,2,2,0,9,7,1,1,,3,BEGUERE (AVENUE ANTOINE),0,,2,2,0,1,10,725,1,, -1,2,0,1,30,21,9,2021,13:10,1,65,65286,2,4,1,3,BEGUERE (AVENUE ANTOINE),43.10007,-0.05307,13,2,2
202100032289,144Â 044,A01,1,1,1,5,8,-1,-1,0,0,-1,2021,15.0,0,1,0,2,1,25,5,,4,GALLIENI GENERAL (DE 33 ET 34 A FIN),0,,2,2,0,1,(1),(1),1,, -1,1,0,1,30,15,6,2021,17:55,1,29,29019,2,3,0,3,Rue GÃ©nÃ©ral GalliÃ©ni,48.3909027428,-4.5061773969,17,2,2
202100018180,169Â 115,A01,10,3,2,5,0,-1,-1,4,3,1,2021,32.0,2,2,0,1,7,1,1,,4,RUE DE MAUBEUGE,0,,1,2,0,2,(1),(1),1,, -1,1,0,1,30,18,9,2021,14:15,1,75,75109,2,5,0,6,RUE DE MAUBEUGE,48.879667,2.349514,14,2,1
202100019410,166Â 937,A01,1,1,1,9,0,-1,-1,0,0,-1,2021,31.0,2,1,13,0,0,13,3,,3,321,-1,,2,2,0,2,1,110,1,, -1,1,0,3,50,8,9,2021,04:30,3,15,15119,2,1,0,6,Route de Brousse,45.251092,3.204882,4,1,1
202100002139,197Â 967,A01,1,1,2,0,1,-1,-1,-1, -1,-1,2021,57.0,1,2,0,2,3,13,1,,4,BD FEYDEAU,0,,2,2,0,2,(1),(1),1,, -1,7,0,1,50,19,12,2021,09:30,1,33,33013,2,1,0,1,Boulevard Feydeau,44.85232,-0.4846,9,2,2
202100021389,163Â 412,A01,2,2,1,5,1,-1,-1,0,0,-1,2021,11.0,3,2,0,2,2,15,1,,4,,-1,,2,2,0,1,(1),(1),1,,4,1,5,1,50,3,9,2021,17:50,1,60,60612,2,3,1,1,Avenue de Reims,49.191605,2.571568,17,3,2
202100024003,158Â 735,B01,1,1,1,9,8,0,-1,-1, -1,-1,2021,50.0,3,1,0,2,1,26,5,,4,EAUX VIVES CHEMIN DES,0,,1,1,0,1,(1),(1),1,, -1,1,0,1,-1,9,8,2021,19:20,1,73,73008,2,3,0,6,EAUX VIVES CHEMIN DES,45.6984051034,5.8970839381,19,2,2
202100053479,106Â 121,A01,10,3,2,2,0,-1,-1,0,0,-1,2021,15.0,1,5,0,1,1,1,1,,4,RUE DES POISSONNIERS,0,,2,2,0,1,(1),(1),1,, -1,1,0,1,50,27,1,2021,08:50,1,75,75118,2,3,0,6,RUE DES POISSONNIERS,48.892644,2.352347,8,2,1
202100049204,113Â 808,A01,1,1,2,1,1,0,-1,-1, -1,-1,2021,38.0,1,2,0,2,4,2,0,,7,656,0,,2,4,0,1,10,600,1,, -1,1,0,1,90,3,3,2021,17:25,1,59,59599,1,1,0,4,ROUTE DEPARTEMENTALE 656,50.693564,3.145626,17,5,5
202100040116,129Â 893,B01,6,2,1,5,0,-1,-1,0,0,-1,2021,9.0,1,2,0,2,1,15,1,,3,61,0,,2,2,0,4,3,600,3,, -1,1,0,1,90,14,5,2021,15:30,1,974,97418,1,1,0,1,Route Emile de la Giroday,-20.916148,55.53738,15,4,2
202100015307,174Â 346,B01,1,1,2,1,1,-1,-1,-1,0,-1,2021,30.0,1,2,0,2,4,2,1,,2,RN 104,0,,3,4,0,1,21,299,1,, -1,1,0,1,110,4,10,2021,09:30,1,95,95351,1,1,0,2,RN 104,49.0355234247,2.487180233,9,2,2
202100011303,181Â 535,A01,1,1,1,0,8,-1,-1,0,0,-1,2021,28.0,2,2,2,0,9,13,1,,2,165,0,N,1,1,0,1,2,900,3,, -1,1,3,3,70,25,10,2021,17:15,1,29,29234,1,1,0,6,Lieu Dit Kerfleury,47.844083,-3.50215,17,1,1
202100001816,198Â 552,A01,1,1,1,9,1,-1,-1,0,0,-1,2021,70.0,2,2,13,0,1,0,1,,3,137,0,D,2,2,0,1,17,250,1,, -1,1,0,3,80,24,12,2021,11:42,1,60,60120,1,1,0,7,D137,49.3227938365,2.4095206259,11,2,1
202100002152,197Â 939,A01,1,1,2,5,2,6,-1,0,0,-1,2021,44.0,1,1,0,2,2,3,1,,4,PORTE DAUPHINE,0,,1,4,0,1,15,200,1,, -1,1,0,1,70,18,12,2021,20:10,5,75,75116,2,1,0,3,PORTE DAUPHINE,48.870483,2.272529,20,2,2
202100007003,189Â 240,A01,10,3,2,0,0,-1,-1,1,3,1,2021,79.0,3,2,0,1,2,17,1,,9,BISHOP (Avenue Maurice),0,,2,6,3,1,0,0,1,, -1,2,0,1,50,18,11,2021,10:00,1,972,97209,2,1,1,7,BISHOP (Avenue Maurice),14.61339,-61.05239,10,2,1
202100011136,181Â 827,A01,1,1,1,0,1,-1,-1,0,0,-1,2021,86.0,2,2,0,2,1,13,1,,3,952,0,,2,2,0,1,60,0,1,, -1,2,0,1,70,26,10,2021,13:20,1,37,37123,1,1,1,1,Route de la Cueilleminaut,47.3117068698,0.3683272837,13,3,2
202100005627,191Â 728,A01,1,1,1,1,2,6,-1,-1, -1,-1,2021,23.0,2,1,0,2,1,3,1,,1,A86 EXT,0,,-1,8,0,1,42,900,1,, -1,1,0,1,90,30,11,2021,08:15,2,94,94081,1,1,0,2,A86 EXT,48.7748852037,2.4115766055,8,2,2
202100011993,180Â 278,B01,1,1,1,0,1,0,-1,-1, -1,-1,2021,36.0,2,2,0,2,4,2,1,,4,BOLLEE (AV) NÂ° IMP 201 A 255,0,,-1,4,0,1,0,0,1,, -1,1,0,1,50,19,10,2021,18:20,1,72,72181,2,1,0,2,BOLLEE (AV) NÂ° IMP 201 A 255,47.9975371112,0.2254343031,18,2,2
202100009886,184Â 027,A01,4,2,1,0,1,0,-1,-1, -1,-1,2021,4.0,1,2,0,2,1,2,1,,1,AUTOROUTE A86,0,,3,6,0,1,10,699,1,, -1,1,0,1,90,10,10,2021,12:50,1,92,92036,1,1,0,4,AUTOROUTE A86,48.9339953804,2.3205880188,12,6,4
202100035787,137Â 735,A01,1,1,1,1,2,6,-1,-1, -1,-1,2021,30.0,1,1,0,2,1,17,1,,3,77,0,,2,2,1,1,1,0,1,, -1,1,0,8,50,8,6,2021,08:10,1,92,92007,2,1,0,3,PASTEUR (AVENUE LOUIS) NÂ° 1 A 39 ET 2 A,48.79668,2.31725,8,3,2
202100054736,103Â 954,A01,1,1,1,0,1,-1,-1,0,0,-1,2021,30.0,1,2,0,2,1,1,1,,7,68,-1,,2,2,0,1,4,185,1,, -1,1,0,1,90,17,1,2021,13:45,1,34,34327,1,1,0,1,route departementale 68,43.675787,3.95143,13,4,2
202100025630,155Â 872,A01,10,3,1,9,0,-1,-1,4,3,1,2021,44.0,1,2,0,1,2,1,1,,4,AVENUE DE VERSAILLES,0,,2,4,0,1,(1),(1),1,, -1,2,0,1,50,3,8,2021,04:08,5,75,75116,2,2,1,6,AVENUE DE VERSAILLES,48.840857,2.265283,4,2,1
202100034592,139Â 879,B01,2,2,2,5,1,0,-1,0,0,-1,2021,37.0,1,2,0,2,1,1,1,,3,AGUESSEAU (ROUTE D'),0,,2,2,0,2,499,0,2,, -1,1,0,1,50,13,6,2021,10:50,1,14,14715,2,1,0,6,AGUESSEAU (ROUTE D'),49.364399,0.099223,10,9,3
202100005518,191Â 931,A01,1,1,2,5,1,8,-1,-1, -1,-1,2021,22.0,0,2,0,2,4,1,1,,7,PAGNOL ( BOULEVARD MARCEL PAGNOL ),0,,2,2,0,1,0,9,1,, -1,1,9,1,50,29,11,2021,17:59,5,13,13117,2,1,0,2,PAGNOL ( BOULEVARD MARCEL PAGNOL ),43.4378,5.285,17,2,2
202100046872,117Â 994,A01,1,1,1,0,8,0,-1,-1, -1,-1,2021,52.0,1,2,0,2,3,9,1,,4,HENRI ROL TANGUY,0,,2,2,0,1,0,0,1,, -1,1,0,1,50,23,3,2021,07:40,1,91,91286,2,2,0,3,HENRI ROL TANGUY,48.65332,2.38749,7,2,2