Num_Acc,id_vehicule,num_veh,place,catu,sexe,trajet,secu1,secu2,secu3,locp,actp,etatp,year_acc,victim_age,senc,catv,obs,obsm,choc,manv,motor,occutc,catr,voie,v1,v2,circ,nbv,vosp,prof,pr,pr1,plan,lartpc,larrout,surf,infra,situ,vma,jour,mois,an,hrmn,lum,dep,com,agg_,int,atm,col,adr,lat,long,hour,nb_victim,nb_vehicules
202100017647,170Â 076,A01,10,3,2,5,0,-1,-1,3,4,1,2021,83.0,3,2,0,1,3,1,1,,4,BRUNAUD (AVENUE YVES),0,,3,4,0,2,(1),(1),1,, -1,1,0,1,50,21,9,2021,12:20,1,31,31555,2,1,0,6,BRUNAUD (AVENUE YVES),43.61601,1.46519,12,2,1
202100045824,119Â 846,B01,1,1,1,5,8,-1,-1,0,0,-1,2021,69.0,2,0,0,2,7,1,3,,3,107E4,0,,2,2,0,1,0,890,1,, -1,1,0,1,80,31,3,2021,13:45,1,39,39009,1,3,1,3,,46.843324,5.918505,13,2,2
202100042516,125Â 624,A01,2,2,2,5,2,8,-1,-1, -1,-1,2021,22.0,1,1,0,2,1,18,1,,3,GRESILLONS (AVENUE DES) (103/139),0,,2,4,0,1,0,0,1,, -1,1,0,1,50,25,4,2021,18:40,1,92,92036,2,5,0,3,GEORGES CORETE (RUE,48.9173342241,2.3074489073,18,3,2
202100045989,119Â 554,A01,1,1,1,1,2,0,-1,-1, -1,-1,2021,25.0,1,1,0,2,1,21,1,,3,REPUBLIQUE (AV DE LA),0,,2,2,0,1,1,0,1,, -1,1,0,1,50,30,3,2021,22:00,5,94,94076,2,3,0,3,REPUBLIQUE (AV DE LA),48.78737,2.35418,22,4,2
202100029777,148Â 561,A01,10,3,1,4,0,-1,-1,1,3,1,2021,36.0,1,2,0,1,0,1,1,,4,JEAN-MARIE DE LA MENNAIS (RUE),0,,2,2,0,1,(1),(1),1,, -1,6,0,1,30,4,7,2021,10:35,1,56,56083,2,1,0,6,JEAN-MARIE DE LA MENNAIS (RUE),47.80108,-3.27952,10,2,1
202100020353,165Â 252,B01,3,2,1,0,8,0,-1,-1, -1,-1,2021,6.0,2,2,0,2,1,13,1,,4,DAMMOUSE (RUE ALBERT),0,,2,2,0,2,0,0,3,, -1,1,0,1,30,5,9,2021,19:00,1,92,92072,2,1,0,1,DAMMOUSE (RUE ALBERT),48.8180753488,2.2165761888,19,4,2
202100019561,166Â 668,B01,1,1,1,0,2,6,-1,0,0,-1,2021,18.0,1,1,0,2,1,1,1,,3,82,-1,J,2,2,0,1,(1),(1),1,, -1,1,0,1,50,29,8,2021,14:40,1,38,38460,2,1,0,3,Route des Rivoires,45.466963,5.607276,14,2,2
202100022363,161Â 674,B01,2,2,2,9,2,-1,-1,0,0,-1,2021,39.0,3,1,0,2,1,13,1,,9,2,0,N,1,2,0,1,(1),(1),3,, -1,1,5,1,50,27,8,2021,17:30,1,973,97307,1,6,0,2,petit giratoire de Balata,4.892102,-52.333267,17,3,2
202100035552,138Â 162,A01,1,1,1,5,2,0,-1,0,0,-1,2021,62.0,1,1,14,0,1,14,5,,4,RUE DE RIVOLI,0,,2,4,1,1,(1),(1),1,, -1,1,0,5,50,9,6,2021,16:38,1,75,75104,2,1,1,6,RUE DE RIVOLI,48.855268,2.360885,16,1,1
202100028681,150Â 455,A01,1,1,1,4,2,0,-1,0,0,-1,2021,27.0,1,1,0,2,1,1,5,,4,AVENUE NIEL,0,,-1,0,0,1,(1),(1),1,, -1,1,0,1,30,16,7,2021,13:50,1,75,75117,2,2,0,3,AVENUE NIEL,48.882927,2.296383,13,2,2
202100002823,196Â 727,A01,1,1,2,1,1,-1,-1,0,0,-1,2021,54.0,2,2,2,0,8,1,1,,3,203,-1,,2,2,0,2,17,100,1,, -1,7,0,3,80,17,12,2021,17:20,3,87,87181,1,1,0,6,Route de Poperdu,46.057315,1.456423,17,1,1
202100015730,173Â 548,A01,3,2,2,5,1,-1,-1,-1,0,-1,2021,53.0,1,2,0,2,6,2,1,,1,AUTOROUTE A15,0,,3,8,0,1,8,0,3,, -1,1,0,1,110,1,10,2021,09:50,1,95,95582,1,1,0,4, A15,48.9640200874,2.2634734115,9,5,3
202100042111,126Â 358,A01,1,1,1,1,1,-1,-1,0,0,-1,2021,22.0,2,2,0,2,1,21,1,,1,89,0,A,3,4,3,4,528,400,1,, -1,2,9,6,130,30,4,2021,07:02,2,69,69032,1,1,1,2,A89,45.864747,4.597081,7,2,2
202100009615,184Â 515,A01,1,1,1,9,1,0,-1,0,0,-1,2021,62.0,2,2,0,2,1,13,1,,4,BOULEVARD ORNANO,0,,2,6,3,1,(1),(1),1,, -1,1,-1,6,30,3,11,2021,16:20,1,75,75118,2,1,0,5,BOULEVARD ORNANO,48.897309,2.344916,16,3,3
202100055561,102Â 540,B01,1,1,1,4,1,-1,-1,0,0,-1,2021,27.0,1,4,0,2,1,1,1,,3,31,-1,D,2,2,0,1,12,150,3,, -1,1,0,1,80,11,1,2021,16:35,1,84,84088,1,1,0,1,D31,43.977244,5.017716,16,3,2
202100014776,175Â 303,B01,1,1,1,5,2,6,-1,-1, -1,-1,2021,33.0,1,1,0,2,1,17,1,,4,MOURETS (AVENUE DES),0,,2,2,0,1,(1),(1),1,, -1,1,9,1,30,6,10,2021,17:40,1,82,82121,2,3,0,3,MOURETS (AVENUE DES),44.02028,1.37453,17,2,2
202100044256,122Â 561,B01,1,1,1,0,1,0,-1,0,0,-1,2021,22.0,1,2,0,2,2,1,1,,4,VERLAINE (RUE),0,,2,2,0,1,(1),(1),1,, -1,2,5,1,50,19,2,2021,07:21,3,63,63113,2,2,1,3,VERLAINE (RUE),45.81168,3.11537,7,2,2
202100054812,103Â 823,A01,1,1,1,3,1,-1,-1,0,0,-1,2021,32.0,1,2,0,0,9,1,1,,3,10,0,D,2,2,0,1,26,100,1,, -1,7,0,5,80,15,1,2021,17:25,3,55,55215,1,1,1,7,D10,48.496321,5.504987,17,1,1
202100029936,148Â 289,A01,10,3,1,5,0,-1,-1,3,3,1,2021,70.0,1,2,0,2,2,9,1,,4,simone pelissier ( rue ),0,,3,2,0,1,(1),(1),1,, -1,1,0,1,70,25,6,2021,16:45,1,4,4070,2,6,0,6,Rue Simone Pelissier,44.0825,6.21749,16,2,1
202100000907,200Â 126,B01,2,2,1,3,1,-1,-1,0,0,-1,2021,68.0,1,2,0,2,1,1,1,,3,826,-1,,2,2,0,1,16,729,1,, -1,2,0,1,80,30,12,2021,12:42,1,31,31567,1,1,1,1,D826,43.595182,1.639616,12,5,2
202100047248,117Â 306,A01,1,1,1,9,1,0,-1,0,0,-1,2021,35.0,3,2,11,0,1,1,1,,4,ROUTE DE LA PYRAMIDE,0,,2,2,0,1,(1),(1),1,, -1,1,0,1,50,19,3,2021,22:50,5,75,75112,2,7,0,6,ROUTE DE LA PYRAMIDE,48.8268962907,2.4546664953,22,1,1
202100055048,103Â 414,A01,10,3,2,3,8,8,-1,4,3,1,2021,89.0,1,2,0,1,2,15,1,,4,COUNORD (RUE EMILE),0,,2,2,0,1,0,1,2,, -1,1,0,1,50,8,1,2021,11:10,1,24,24037,2,1,0,6,COUNORD (RUE EMILE),44.8617,0.49684,11,2,1
202100035113,138Â 939,A01,1,1,2,5,2,9,-1,0,0,-1,2021,43.0,3,1,6,0,3,26,0,,3,1420,-1,,2,2,0,1,(1),(1),1,, -1,1,0,3,30,12,6,2021,09:00,1,67,67424,2,1,1,3,12 Rue Principale,48.405113,7.163192,9,1,1
202100039258,131Â 436,A01,1,1,1,0,2,0,-1,-1, -1,-1,2021,63.0,1,1,1,0,1,18,1,,1,Bretelle sortie A1,0,,2,7,3,1,0,300,1,, -1,1,0,1,90,19,5,2021,09:10,1,972,97209,1,1,0,2,Bretelle sortie A1,14.61473,-61.04664,9,2,2
202100007968,187Â 487,A01,1,1,2,0,2,-1,-1,-1, -1,-1,2021,22.0,0,1,0,9,1,0,5,,4,IRENE JOLIOT CURIE                  (BD),0,,1,2,1,1,(1),(1),1,, -1,1,0,5,50,15,11,2021,12:35,1,69,69259,2,1,0,6,IRENE JOLIOT CURIE                  (BD),45.72208,4.87316,12,1,1
202100008739,186Â 114,A01,10,3,2,9,0,-1,-1,3,3,2,2021,42.0,0,2,0,1,1,1,1,,4,JOFFRE (BOULEVARD MARECHAL),0,,2,2,0,1,(1),(1),1,, -1,1,9,1,50,5,11,2021,18:00,1,11,11262,2,1,0,6,JOFFRE (BOULEVARD MARECHAL),43.18465,2.9997,18,2,1
202100024068,158Â 630,A01,2,2,2,5,1,-1,-1,0,0,-1,2021,19.0,1,2,0,0,9,1,1,,3,4085,-1,,2,2,0,1,83,500,1,, -1,1,0,3,80,16,8,2021,17:30,1,4,4204,1,1,0,7,RD 4085,43.893517,6.421058,17,2,1
202100009127,185Â 396,A01,1,1,1,0,1,8,-1,-1, -1,-1,2021,19.0,3,2,1,0,1,2,1,,3,ARISTIDE BRIAND (AV),0,,-1,2,0,2,0,0,3,, -1,1,0,1,50,6,11,2021,05:25,5,94,94038,2,1,0,3,ARISTIDE BRIAND (AV),48.78141,2.33424,5,1,1
202100025497,156Â 089,A01,1,1,1,0,2,6,-1,-1, -1,-1,2021,36.0,0,1,0,2,1,2,1,,4,PAIX (AVENUE DE LA),0,,2,2,0,1,(1),(1),1,, -1,1,0,1,50,4,8,2021,21:50,5,93,93073,2,1,0,3,Avenue de la Paix,48.9518,2.56696,21,2,2
202100030604,147Â 050,B01,5,2,2,5,8,0,-1,-1, -1,-1,2021,30.0,3,3,0,2,3,1,1,4.0,2,ESPAGNE (RPT D),0,,1,2,0,1,0,0,1,, -1,1,0,1,50,5,7,2021,13:00,1,94,94073,2,2,0,3,ESPAGNE (RPT D),48.7543,2.3751,13,5,2
202100049603,113Â 079,B01,1,1,1,5,2,0,-1,-1, -1,-1,2021,65.0,3,1,0,2,3,1,5,,4,RUE DE LEUVILLE,0,,2,2,0,1,0,0,1,, -1,1,0,1,50,1,3,2021,08:40,1,91,91103,2,9,0,6,RUE DE LEUVILLE,48.6169,2.2934,8,2,2
202100026007,155Â 192,A01,1,1,1,9,8,0,-1,0,0,-1,2021,32.0,2,1,1,0,1,13,3,,4,AVENUE EMILE ZOLA,0,,-1,2,0,2,(1),(1),1,, -1,1,0,1,50,1,8,2021,21:12,5,75,75115,2,1,0,6,AVENUE EMILE ZOLA,48.846631,2.287624,21,1,1
202100037531,134Â 581,A01,1,1,1,5,2,6,0,0,0,-1,2021,18.0,1,1,6,9,1,0,1,,3,41,0,D,2,2,0,2,15,0,2,, -1,1,2,3,80,30,5,2021,18:00,1,22,22384,1,1,0,7,D41,48.2895,-2.85173,18,1,1
202100021525,163Â 166,A01,1,1,1,5,0,-1,-1,0,0,-1,2021,34.0,2,1,16,0,9,1,1,,3,937,0,D,2,2,0,1,27,150,3,, -1,1,0,3,80,2,9,2021,01:24,3,2,2599,1,1,0,7,D937,49.566809,3.251567,1,1,1
202100020637,164Â 737,A01,1,1,1,0,2,6,-1,0,0,-1,2021,62.0,3,1,0,0,9,26,1,,4,,-1,,2,1,0,1,(1),(1),1,,3,1,0,1,50,4,9,2021,19:34,1,73,73298,2,1,0,7,446 Chemin du Pommat,45.648592,6.439391,19,1,1
202100016502,172Â 133,A01,10,3,1,5,0,-1,-1,3,3,3,2021,6.0,1,1,0,1,1,1,5,,4,LIBERATION (CRS DE LA),0,,3,2,2,1,(1),(1),1,, -1,1,0,1,50,27,9,2021,17:00,1,33,33522,2,1,0,6,Cours de la LibÃ©ration,44.81223,-0.59097,17,2,1
202100014971,174Â 944,B01,1,1,1,0,2,6,-1,-1, -1,-1,2021,54.0,1,1,0,2,7,1,1,,3,SAMPIERO BD,0,,1,2,0,1,1,100,1,, -1,1,0,1,50,4,10,2021,15:10,1,201,201004,2,1,0,6,SAMPIERO BD,41.9204097076,8.7296912671,15,2,2
202100012544,179Â 293,A01,1,1,1,0,8,-1,-1,0,0,-1,2021,65.0,0,2,13,0,2,1,1,,7,6007,-1,M,3,1,0,2,54,2,2,, -1,1,0,3,70,19,10,2021,09:15,1,6,6059,1,1,0,1,M6007,43.727026,7.350326,9,2,2
202100023451,159Â 706,B01,1,1,2,4,2,0,-1,0,0,-1,2021,25.0,1,0,0,2,8,1,3,,4,RUE DE RIVOLI,0,,2,4,1,1,(1),(1),1,, -1,1,0,5,30,18,8,2021,13:23,1,75,75104,2,3,0,3,RUE DE RIVOLI,48.856927,2.353926,13,2,2
202100020439,165Â 103,A01,1,1,1,0,1,0,-1,-1, -1,-1,2021,29.0,3,2,3,2,0,9,1,,1,AUTOROUTE A3,0,,3,7,0,1,7,699,3,, -1,1,0,1,110,6,9,2021,20:00,1,93,93010,1,1,0,5,AUTOROUTE A3,48.90266,2.47086,20,3,3
202100035943,137Â 439,B01,1,1,1,4,2,0,-1,0,0,-1,2021,42.0,2,1,0,2,4,1,5,,4,AVENUE DE LA PORTE DE MONTMARTRE,0,,2,4,0,1,(1),(1),1,, -1,1,0,1,50,7,6,2021,14:30,1,75,75118,2,2,0,2,AVENUE DE LA PORTE DE MONTMARTRE,48.899151,2.336264,14,2,2
202100000334,201Â 125,B01,1,1,1,-1,-1,-1,-1,-1, -1,-1,2021,29.0,1,1,0,4,7,23,5,,4,,-1,,2,-1,-1,1,(1),(1),1,, -1,1,4,6,-1,28,8,2021,21:00,5,38,38382,1,8,0,6,Rue de l'Industrie,45.220777,5.6814511,21,2,2
202100021614,162Â 998,B01,1,1,2,5,1,0,-1,-1, -1,-1,2021,29.0,1,2,0,2,4,2,1,,4,PAUL BERT,0,,2,2,0,1,1,0,1,, -1,1,0,1,30,31,8,2021,10:11,1,49,49007,2,2,0,2,PAUL BERT,47.46641,-0.55284,10,2,2
202100019445,166Â 880,A01,1,1,1,0,2,6,-1,-1, -1,-1,2021,28.0,1,1,0,2,7,1,1,,1,AUTOROUTE A104,0,,3,3,0,1,4,500,1,, -1,1,0,1,110,12,9,2021,20:00,1,93,93078,1,1,0,3,AUTOROUTE A104,48.9600224392,2.5396764278,20,2,2
202100025999,155Â 207,A01,1,1,1,0,1,0,-1,-1, -1,-1,2021,39.0,1,2,0,2,2,16,1,,4,RHONE (RUE DU),0,,2,1,0,2,0,0,1,, -1,1,0,1,50,1,8,2021,15:30,1,13,13208,2,2,0,3,RHONE (RUE DU),43.27899,5.38205,15,2,2
202100026890,153Â 640,A01,10,3,2,5,0,-1,-1,3,3,2,2021,70.0,3,5,0,1,4,26,1,,4,,-1,,2,2,0,1,(1),(1),1,,5,1,5,1,50,27,7,2021,12:30,1,29,29072,2,3,0,6,Quai d Estienne d Orves,47.794252,-4.282485,12,2,1
202100000604,200Â 625,A01,10,3,1,5,0,-1,-1,4,3,1,2021,47.0,1,5,0,1,1,18,1,,4,CHARLES DE GAULLE (AV),0,,3,2,0,1,0,0,2,, -1,1,9,1,50,31,12,2021,18:00,5,987,98736,2,1,0,6,CHARLES DE GAULLE (AV),-17.52544,-149.54133,18,2,1
202100007500,188Â 351,A01,1,1,1,5,1,-1,-1,0,0,-1,2021,88.0,2,2,0,2,1,13,1,,3,10,-1,,2,2,0,1,7,750,1,, -1,1,0,1,50,19,11,2021,18:00,2,64,64256,2,1,0,1,D10,43.38903,-1.295929,18,2,2
202100046639,118Â 399,B01,1,1,2,9,1,0,-1,0,0,-1,2021,47.0,2,2,0,2,6,23,1,,4,AVENUE DU MAINE,0,,2,4,0,1,(1),(1),1,, -1,1,0,1,50,25,3,2021,13:00,1,75,75114,2,4,0,2,AVENUE DU MAINE,48.829106,2.326352,13,2,2
202100018691,168Â 234,B01,2,2,2,5,1,-1,-1,0,0,-1,2021,58.0,3,2,0,2,8,15,1,,7,39,0,M,2,2,0,1,(1),(1),1,, -1,1,0,1,50,15,9,2021,07:15,1,59,59011,2,3,0,1,rue Salengro,50.531257,2.941182,7,3,2
202100038062,133Â 623,A01,1,1,2,1,8,0,-1,-1, -1,-1,2021,12.0,1,1,0,2,1,16,5,,3,HOPITAL STELL (BOULEVARD DE L'),0,,3,4,0,2,0,0,2,, -1,1,5,4,50,26,5,2021,12:40,1,92,92063,2,2,0,3,HABY SOMMER (RUE),48.8762818126,2.1857978404,12,2,2
202100026058,155Â 106,A01,1,1,1,5,1,-1,-1,0,0,-1,2021,19.0,1,2,17,0,1,13,1,,3,29,-1,,2,2,0,1,7,135,1,, -1,1,0,3,80,2,8,2021,04:30,3,31,31413,1,1,0,6,D29,43.733127,1.104105,4,1,1
202100027961,151Â 722,B01,1,1,2,5,2,6,-1,0,0,-1,2021,28.0,1,1,0,2,1,17,1,,4,RUE DE LA CONVENTION,0,,2,2,0,1,(1),(1),1,, -1,1,0,1,50,17,7,2021,17:20,1,75,75115,2,3,0,3,RUE DE LA CONVENTION,48.840671,2.288868,17,2,2
202100052974,107Â 026,B01,1,1,2,5,1,0,-1,-1, -1,-1,2021,75.0,2,2,0,2,8,1,1,,3,ROUTE DE BEDARIEUX (RD.909),0,,2,2,0,1,4,873,3,, -1,2,0,1,90,29,1,2021,10:05,1,34,34032,1,1,0,1,ROUTE DE BEDARIEUX (RD.909),43.38321,3.22687,10,2,2
202100010096,183Â 657,B01,1,1,2,5,8,-1,-1,0,0,-1,2021,29.0,1,2,0,2,4,2,1,,1,42,0,,1,4,0,4,23,300,1,, -1,3,0,1,130,1,11,2021,01:29,3,1,1032,1,1,1,2,Autoroute A42,45.863071,5.154563,1,2,2
202100018658,168Â 290,B01,1,1,1,5,2,6,-1,0,0,-1,2021,64.0,2,1,0,2,8,1,1,,3,952,-1,,2,2,0,2,24,300,1,, -1,1,0,1,80,17,9,2021,14:00,1,4,4144,1,1,0,1,RD 952,43.7807258429,6.3484676597,14,2,2
202100045269,120Â 802,B01,2,2,2,5,1,-1,-1,0,0,-1,2021,63.0,2,2,0,2,3,1,2,,3,41,0,D,2,2,0,1,9,600,1,, -1,1,0,1,80,3,4,2021,14:30,1,38,38160,1,2,0,3,D41,45.493089,4.975176,14,3,2
202100017988,169Â 473,A01,10,3,1,0,0,-1,-1,3,3,1,2021,57.0,2,2,0,1,2,9,1,,3,REPUBLIQUE (AVENUE DE LA),0,,2,2,0,1,0,100,1,, -1,1,0,1,50,18,9,2021,12:50,1,91,91191,2,1,0,6,REPUBLIQUE (AVENUE DE LA),48.72121,2.45024,12,2,1
202100004662,193Â 443,A01,10,3,1,0,0,-1,-1,2,3,1,2021,16.0,3,2,0,1,2,12,1,,4,CUGNOT NICOLAS (BD),0,,3,4,0,1,0,0,1,, -1,2,0,1,70,3,12,2021,16:42,2,72,72181,2,1,1,6,CUGNOT NICOLAS (BD),47.98117,0.21844,16,2,1
202100042837,125Â 095,A01,1,1,1,0,0,-1,-1,-1, -1,-1,2021,41.0,2,1,0,2,8,15,5,,4,BOURGCHANIN     (Rue),0,,2,2,0,2,(1),(1),1,, -1,1,0,1,50,23,4,2021,18:20,1,69,69266,2,3,0,3,BOURGCHANIN (R),45.7671968944,4.9024813641,18,2,2
202100040805,128Â 681,A01,1,1,1,5,1,-1,-1,0,0,-1,2021,74.0,3,2,0,0,1,1,1,,4,,-1,,2,2,0,1,(1),(1),1,,5,1,0,4,30,5,5,2021,15:40,1,44,44018,2,1,0,7,37 Route de la Roderie,47.146547,-1.668828,15,1,1
202100037025,135Â 519,B01,1,1,1,5,8,-1,-1,0,0,-1,2021,44.0,1,1,0,2,6,1,5,,4,MOLIERE (BOULEVARD),0,,2,2,0,1,1,0,1,, -1,1,0,1,50,30,5,2021,17:40,1,14,14341,2,1,0,2,Boulevard MoliÃ¨re,49.15245,-0.35102,17,2,2
202100014255,176Â 211,A01,2,2,2,5,2,6,-1,0,0,-1,2021,19.0,1,1,0,2,1,1,1,,3,137,0,A,3,4,0,1,111,300,1,, -1,1,0,1,90,9,10,2021,14:50,1,35,35284,1,9,0,2,RN 137-PK 111+300 sens RENNES / SAINT MALO,48.608536,-1.978741,14,3,2
202100039154,131Â 636,B01,1,1,2,0,1,0,-1,-1, -1,-1,2021,33.0,3,2,0,2,3,0,1,,4,MARINE (QUAI DE LA ),0,,2,2,0,1,0,1,3,, -1,2,0,1,50,17,5,2021,14:51,1,93,93039,2,1,1,1,Quai de la Marine,48.946962,2.326018,14,2,2
202100017577,170Â 205,B01,1,1,2,5,2,6,-1,0,0,-1,2021,50.0,1,1,0,2,1,1,1,,4,,0,,2,2,0,1,(1),(1),1,,5,1,0,1,50,22,9,2021,11:38,1,88,88196,2,2,1,3,Boulevard Kelsch,48.073244,6.878359,11,2,2
202100005733,191Â 551,A01,1,1,2,5,1,0,-1,-1, -1,-1,2021,44.0,1,2,0,2,3,2,1,,2,104,0,,3,2,0,1,0,600,2,, -1,1,0,1,110,29,11,2021,11:30,1,77,77258,1,1,0,6,RN104,48.824645,2.61567,11,3,3
202100028085,151Â 505,B01,1,1,1,1,2,6,-1,-1,0,-1,2021,43.0,2,1,4,2,1,3,1,,1,AUTOROUTE A15,0,,3,9,0,1,7,500,1,, -1,1,0,1,90,19,7,2021,08:00,1,95,95018,1,1,0,5, A15,48.96178,2.26797,8,3,3
202100030507,147Â 234,C01,2,2,2,9,1,-1,-1,-1, -1,-1,2021,91.0,1,2,0,2,4,2,1,,1,A6   427.300 A 428.640,0,,-1,6,0,1,428,500,1,, -1,1,0,1,110,1,7,2021,11:10,1,69,69115,1,1,0,5,A6   427.300 A 428.640,45.9633559654,4.7231432467,11,5,4
202100032487,143Â 700,A01,1,1,1,5,1,-1,-1,-1, -1,-1,2021,39.0,2,2,14,0,1,13,1,,7,BONNIN ANDRE (AVENUE),0,,2,2,0,1,13,770,1,, -1,1,0,1,50,24,6,2021,23:30,5,35,35055,2,1,0,6,BONNIN ANDRE (AVENUE),48.08967,-1.62231,23,1,1
202100043797,123Â 397,B01,1,1,1,4,1,0,-1,0,0,-1,2021,37.0,1,2,0,2,1,15,1,,4,RUE DE TOLBIAC,0,,2,3,0,1,(1),(1),1,, -1,1,0,1,50,15,4,2021,21:25,5,75,75113,2,2,0,3,RUE DE TOLBIAC,48.828479,2.372969,21,2,2
202100054728,103Â 966,B01,1,1,1,5,2,-1,-1,0,0,-1,2021,20.0,1,1,0,2,1,1,1,,2,3,0,A,3,3,0,2,15,5,1,, -1,1,0,1,50,14,1,2021,19:00,5,976,97606,2,9,0,3,RN3 STATION ESSENCE,-12.933996,45.152993,19,2,2
202100054553,104Â 261,A01,10,3,2,0,0,-1,-1,1,3,1,2021,18.0,2,5,0,1,1,19,1,,3,ROUTE DE BOISVINS,0,,2,2,0,1,(1),(1),1,, -1,1,0,1,50,18,1,2021,07:05,1,971,97101,2,1,0,6,ROUTE DE BOISVINS,16.26741,-61.48439,7,2,1
202100034509,140Â 043,B01,1,1,1,5,2,-1,-1,0,0,-1,2021,22.0,2,1,0,2,1,1,1,,2,1,-1,,2,2,0,1,3,900,1,, -1,1,0,1,50,14,6,2021,18:40,5,987,98715,2,1,0,1,"PK 3+900, RT1, face magasin NUUTANIA",-17.584522,-149.568578,18,2,2
202100025147,156Â 707,A01,1,1,2,1,8,8,-1,0,0,-1,2021,21.0,3,1,0,2,2,19,3,,4,AVENUE DU GENERAL LECLERC,0,,2,4,0,1,(1),(1),1,, -1,1,0,1,50,7,8,2021,09:00,1,75,75114,2,7,0,3,AVENUE DU GENERAL LECLERC,48.8280250626,2.3269782588,9,2,2
202100044650,121Â 903,B01,1,1,2,1,1,0,-1,-1, -1,-1,2021,48.0,1,2,0,2,1,1,1,,4,CHALUTIER SANS PITIE (Avenue du),0,,2,2,0,1,(1),(1),1,, -1,2,5,1,50,16,1,2021,14:40,1,22,22187,2,2,1,3,CHALUTIER SANS PITIE (Avenue du),48.53017,-2.76468,14,2,2
202100029907,148Â 345,A01,1,1,2,5,0,-1,-1,0,0,-1,2021,21.0,2,2,12,0,1,1,1,,3,43,-1,,-1,2,0,1,12,500,2,, -1,1,0,3,80,10,7,2021,03:15,3,83,83059,1,6,0,6,D43,43.325818,6.079624,3,4,1
202100010427,183Â 085,A01,1,1,1,5,1,-1,-1,0,0,-1,2021,40.0,2,2,3,2,1,1,2,,1,62,0,A,3,4,0,1,32,345,1,, -1,2,0,1,130,30,10,2021,19:22,3,33,33164,1,1,1,1,A62,44.559905,-0.292003,19,3,2
202100054557,104Â 254,B01,1,1,2,1,1,0,-1,-1, -1,-1,2021,26.0,2,2,0,2,6,1,1,,4,ALLENDE (QUAI SALVADOR),0,,3,4,0,1,1,500,1,, -1,1,0,1,50,15,1,2021,18:09,5,87,87085,2,1,0,3,ALLENDE (QUAI SALVADOR),45.81847,1.25665,18,2,2
202100045158,121Â 012,A01,5,2,2,5,1,0,-1,-1, -1,-1,2021,26.0,-1,2,4,0,1,19,1,,1,LINDBERGH (CARREFOUR),0,,1,2,0,1,0,1,2,, -1,1,5,4,50,4,4,2021,08:20,1,93,93013,2,6,0,6,LINDBERGH (CARREFOUR),48.94246,2.43008,8,5,1
202100048209,115Â 584,A01,4,2,1,0,1,-1,-1,-1, -1,-1,2021,12.0,2,2,3,0,1,9,1,,1,ROCADE A 630,0,,3,1,0,1,4,723,3,, -1,2,3,1,70,13,3,2021,19:45,3,33,33063,1,1,1,6,Rocade Nord A630,44.883732,-0.560745,19,3,1
202100053736,105Â 691,A01,10,3,1,0,0,-1,-1,3,3,1,2021,17.0,1,0,0,1,1,1,1,,4,,0,,2,2,2,1,0,0,1,, -1,1,0,1,50,25,1,2021,11:26,1,44,44109,2,1,0,6,RUE GUILLAUME GROOTAERS,47.2390650674,-1.5851821303,11,2,1
202100040130,129Â 865,A01,1,1,2,1,1,-1,-1,-1, -1,-1,2021,55.0,1,2,0,2,1,13,1,,2,RN346   29.300 A 34.350,0,,3,4,0,1,31,900,1,, -1,1,0,1,90,12,5,2021,17:25,1,69,69275,1,1,0,4,RN346 ,45.7771,4.97571,17,7,5
202100023834,159Â 024,A01,1,1,2,5,1,-1,-1,-1,0,-1,2021,56.0,1,2,0,2,9,1,1,,2,RN 184,0,,-1,4,0,1,8,0,1,, -1,1,0,1,90,16,8,2021,13:20,1,95,95394,1,1,0,6,RN 184,49.05312,2.16981,13,2,2
202100035081,138Â 989,A01,1,1,1,5,8,0,-1,-1, -1,-1,2021,16.0,0,1,1,0,0,0,5,,4,AQUITAINE (R D),0,,2,2,0,1,1,0,1,, -1,1,0,1,50,11,6,2021,20:15,1,94,94044,2,1,0,6,AQUITAINE (R D),48.74733,2.47798,20,1,1
202100043669,123Â 618,A01,1,1,2,5,1,-1,-1,0,0,-1,2021,31.0,3,2,6,0,1,2,1,,4,C4,-1,,2,2,0,1,(1),(1),2,, -1,1,2,3,50,18,4,2021,07:15,1,60,60310,2,1,0,6,Herchies,49.484198,2.011675,7,1,1
202100034350,140Â 335,B01,1,1,1,0,2,6,-1,0,0,-1,2021,39.0,2,1,0,2,1,1,1,,3,,-1,,2,2,0,1,(1),(1),1,,4,1,0,1,50,15,6,2021,16:10,1,32,32296,2,3,0,1,9 Rue des FossÃ©s,43.759262,-0.035105,16,2,2
202100035670,137Â 953,B01,1,1,1,4,1,-1,-1,-1, -1,-1,2021,22.0,2,3,0,2,8,22,1,1.0,4,PIERRE VALDO                        (R ),0,,2,2,0,1,(1),(1),1,, -1,1,0,1,50,8,6,2021,09:10,1,69,69385,2,1,0,3,PIERRE VALDO (R),45.75024,4.79149,9,2,2
202100012909,178Â 655,A01,10,3,1,5,0,-1,-1,1,3,2,2021,16.0,1,2,0,1,6,1,1,,2,RN1,-1,,3,4,0,1,66,(1),1,, -1,1,3,1,110,15,10,2021,23:30,3,974,97404,1,1,0,6,RN 1,-21.261275,55.336853,23,2,1
202100038911,132Â 076,B01,2,2,2,0,1,0,-1,-1, -1,-1,2021,5.0,0,2,0,0,0,0,1,,4,PERI (RUE GABRIEL),0,,2,2,0,1,(1),(1),1,, -1,1,0,1,50,21,5,2021,21:00,2,59,59279,2,2,0,3,PERI (RUE GABRIEL),50.784239,3.130443,21,3,2