Num_Acc,id_vehicule,num_veh,place,catu,sexe,trajet,secu1,secu2,secu3,locp,actp,etatp,year_acc,victim_age,senc,catv,obs,obsm,choc,manv,motor,occutc,catr,voie,v1,v2,circ,nbv,vosp,prof,pr,pr1,plan,lartpc,larrout,surf,infra,situ,vma,jour,mois,an,hrmn,lum,dep,com,agg_,int,atm,col,adr,lat,long,hour,nb_victim,nb_vehicules
202100046874,117Â 991,B01,1,1,1,0,2,6,-1,-1, -1,-1,2021,18.0,2,1,0,2,1,6,1,,4,VERDUN (BOULEVARD DE),0,,2,2,0,1,(1),(1),1,, -1,1,0,1,50,22,2,2021,17:10,1,89,89387,2,1,0,3,VERDUN (BOULEVARD DE),48.20458,3.28895,17,3,2
202100011205,181Â 704,B01,1,1,1,0,2,6,-1,-1, -1,-1,2021,55.0,3,1,0,2,0,1,1,,7,NATIONALE RUE,0,,-1,4,0,1,(1),(1),1,, -1,1,0,1,50,24,10,2021,14:15,1,59,59378,2,2,0,1,NATIONALE RUE,50.66691,3.07631,14,2,2
202100025471,156Â 138,B01,1,1,2,1,1,0,-1,-1, -1,-1,2021,60.0,2,5,0,2,2,1,1,,7,RN 96 (ROUTE NATIONALE ),0,,2,2,0,1,1,0,1,, -1,1,0,1,30,5,8,2021,07:20,1,13,13005,2,1,0,3,RN 96 (ROUTE NATIONALE ),43.30478,5.571309,7,2,2
202100014809,175Â 232,A01,1,1,2,4,1,8,-1,-1, -1,-1,2021,51.0,1,2,10,0,3,1,1,,4,Dunant (Pont),0,,1,2,0,1,0,1950,2,, -1,2,2,4,50,5,10,2021,14:20,1,19,19272,2,1,1,6,Dunant (Pont),45.26109,1.75791,14,1,1
202100032840,143Â 076,A01,10,3,1,0,0,-1,-1,0,2,1,2021,59.0,3,2,0,1,2,1,1,,4,PORCHER (IMPASSE),0,,1,1,0,1,(1),(1),1,, -1,1,0,1,30,18,6,2021,17:55,1,78,78646,2,1,0,6,PORCHER (IMPASSE),48.79494,2.15481,17,2,1
202100046950,117Â 855,B01,1,1,1,4,2,0,-1,0,0,-1,2021,30.0,1,1,0,2,3,7,1,,4,RUE DE LA CHAPELLE,0,,1,3,3,1,(1),(1),3,, -1,1,-1,6,50,22,3,2021,13:10,1,75,75118,2,1,0,3,RUE DE LA CHAPELLE,48.897918,2.359409,13,2,2
202100039206,131Â 543,A01,8,2,1,5,1,-1,-1,0,0,-1,2021,20.0,2,2,0,2,5,19,1,,3,,-1,,2,2,0,1,(1),(1),1,,4,1,0,1,50,20,5,2021,22:00,4,30,30258,2,2,0,3,Boulevard Chanzy,43.672975,4.434884,22,3,2
202100019752,166Â 337,B01,1,1,1,1,2,6,-1,-1, -1,-1,2021,27.0,1,1,0,2,1,1,1,,4,,0,,2,2,0,1,0,0,1,, -1,1,0,1,50,10,9,2021,11:00,1,92,92044,2,2,0,3,MATHILDE GIRAULT (RUE),48.89698,2.28195,11,2,2
202100045176,120Â 983,A01,1,1,1,5,2,6,-1,0,0,-1,2021,36.0,2,1,0,0,9,17,1,,3,87,-1,,2,2,0,1,2,670,3,, -1,1,0,3,80,5,4,2021,19:00,1,35,35259,1,1,0,7,la baudouinais,48.568308,-1.643337,19,1,1
202100029082,149Â 764,B01,1,1,2,5,1,0,-1,-1, -1,-1,2021,75.0,2,2,0,2,2,1,1,,2,RN520,0,,2,2,0,1,5,530,1,, -1,1,0,1,80,10,7,2021,17:43,1,87,87038,1,1,0,3,RN520,45.90135,1.22692,17,3,2
202100031871,144Â 786,A01,9,2,2,5,3,0,-1,-1, -1,-1,2021,1.0,1,2,0,2,3,1,1,,3,,0,,2,2,0,1,2,350,2,, -1,1,0,1,50,28,6,2021,08:45,1,38,38544,2,1,0,1,Rue Lafayette,45.52703,4.89704,8,7,2
202100025161,156Â 680,B01,2,2,2,5,1,-1,-1,0,0,-1,2021,50.0,1,5,0,2,3,1,1,,3,502,0,,2,1,0,1,15,200,1,,3,1,0,1,80,7,8,2021,20:30,2,38,38238,2,2,0,3,D502,45.500812,5.011989,20,8,2
202100016381,172Â 353,B01,1,1,1,1,2,6,-1,-1, -1,-1,2021,51.0,1,1,0,2,1,1,1,,3,61,0,,2,2,0,1,0,1,1,, -1,1,0,1,50,28,9,2021,07:40,1,92,92046,2,2,0,1,MARNE AVENUE DE LA,48.8177106576,2.307870537,7,2,2
202100037360,134Â 888,A01,10,3,1,2,0,-1,-1,3,3,1,2021,17.0,2,2,0,1,1,1,1,,2,1,-1,,2,2,1,1,18,0,1,, -1,1,0,1,50,31,5,2021,05:15,4,987,98738,1,1,0,6,RT1 PK 18 (sens PUNAAUIA/PAPEETE),-17.618378,-149.570832,5,4,1
202100014199,176Â 311,B01,1,1,1,1,2,6,-1,0,0,-1,2021,43.0,2,1,0,2,1,1,1,,4,AVENUE DU DOCTEUR ARNOLD NETTER,0,,2,2,3,1,(1),(1),1,, -1,1,0,1,30,9,10,2021,07:30,2,75,75112,2,3,0,3,AVENUE DU DOCTEUR ARNOLD NETTER,48.843331,2.405388,7,2,2
202100039591,130Â 816,A01,1,1,1,1,2,0,-1,-1, -1,-1,2021,24.0,1,1,0,2,1,0,1,,4,SEIGNEURIE (TRAVERSE DE LA),0,,2,2,0,2,0,0,2,, -1,1,0,1,50,17,5,2021,06:20,1,13,13209,2,1,0,3,SEIGNEURIE (TRAVERSE DE LA),43.2404865004,5.4120436064,6,2,2
202100018702,168Â 212,A01,1,1,1,1,2,6,-1,-1, -1,-1,2021,54.0,2,1,0,2,2,3,1,,1,86,0,,3,4,0,1,8,0,1,, -1,1,0,1,90,16,9,2021,10:05,1,92,92036,1,1,0,3,A86,48.9359519994,2.2870560883,10,2,2
202100053964,105Â 293,A01,10,3,2,3,0,-1,-1,4,3,1,2021,26.0,1,5,0,1,2,16,1,,4,RUE DE LA ROQUETTE,0,,-1,2,1,1,(1),(1),1,, -1,2,0,1,30,23,1,2021,11:50,1,75,75111,2,3,1,6,RUE DE LA ROQUETTE,48.859827,2.388762,11,2,1
202100033477,141Â 933,A01,1,1,1,3,2,6,-1,0,0,-1,2021,43.0,2,6,0,2,9,1,1,,3,51,0,,2,2,0,1,19,210,1,, -1,1,0,1,80,12,6,2021,11:00,1,26,26148,1,1,0,4,1500 Route de la VallÃ©e,45.249468,5.006343,11,3,3
202100038344,133Â 093,B01,2,2,2,0,1,0,-1,0,0,-1,2021,19.0,1,2,0,2,1,1,1,,7,,0,,1,3,0,1,(1),(1),1,, -1,2,0,1,50,22,5,2021,15:12,1,63,63113,2,2,0,3,LAVOISIERS (BD),45.78614,3.07991,15,4,2
202100022390,161Â 630,A01,9,2,1,0,1,0,-1,-1, -1,-1,2021,11.0,3,2,14,0,9,26,1,,7,DÃPARTEMENTALE 9,0,,3,2,0,1,0,1,1,, -1,1,0,8,70,25,8,2021,18:30,1,13,13033,1,1,0,7,DÃPARTEMENTALE 9,43.37917,5.18936,18,7,1
202100024189,158Â 430,A01,2,2,1,5,1,-1,-1,0,0,-1,2021,27.0,2,5,6,0,2,1,1,,3,125,-1,,2,2,0,1,15,600,1,, -1,1,0,3,80,14,8,2021,23:40,3,28,28339,1,1,0,6,D125,48.430144,1.272869,23,2,1
202100006556,190Â 081,A01,1,1,1,4,2,0,-1,-1, -1,-1,2021,47.0,1,1,0,2,0,21,1,,4,mamoudzou centre-Haladi Selemani ( rue ),0,,2,4,0,1,0,0,1,, -1,1,0,1,30,22,11,2021,10:55,1,976,97611,2,4,0,7,mamoudzou centre-Haladi Selemani ( rue ),-12.77986,45.22859,10,2,2
202100012636,179Â 125,B01,1,1,1,5,8,8,-1,-1, -1,-1,2021,48.0,1,1,0,2,6,1,5,,3,BERGES DU TARN AVAL DU PONT,0,,2,2,0,1,5,758,1,, -1,1,0,1,80,17,10,2021,10:00,1,81,81018,1,1,0,3,BERGES DU TARN AVAL DU PONT,43.95155,2.23393,10,2,2
202100051023,110Â 469,B01,1,1,1,4,1,8,-1,-1, -1,-1,2021,54.0,2,2,0,2,6,23,1,,3,RTE DE LONGJUMEAU,0,,1,3,0,1,0,0,1,, -1,1,0,1,50,18,2,2021,06:40,5,91,91161,2,1,0,2,RTE DE LONGJUMEAU,48.71499,2.29826,6,2,2
202100030762,146Â 773,B01,1,1,1,0,1,-1,-1,-1, -1,-1,2021,37.0,3,2,12,0,5,1,1,,4,BELLEVUE                            (QU),0,,1,2,0,1,(1),(1),1,, -1,1,0,1,50,3,7,2021,01:50,5,69,69034,2,4,0,2,BELLEVUE (Q),45.78577,4.84888,1,2,2
202100009790,184Â 192,A01,1,1,2,0,1,-1,-1,0,0,-1,2021,32.0,1,2,0,2,1,2,1,,4,DUNOIS (BOULEVARD),0,,3,4,0,1,1,0,1,, -1,2,0,1,50,1,11,2021,14:15,1,14,14118,2,1,0,4,Boulevard Dunois,49.18677,-0.38109,14,4,4
202100028611,150Â 574,B01,1,1,1,5,0,-1,-1,-1,0,-1,2021,19.0,3,1,0,2,1,5,1,,4,ECANCOURT (BOULEVARD D'),0,,1,1,0,1,(1),(1),2,, -1,2,5,1,50,12,7,2021,20:50,1,95,95323,2,6,1,3,ECANCOURT (BOULEVARD D'),49.0104800098,2.0439890913,20,2,2
202100016112,172Â 844,A01,10,3,1,2,0,-1,-1,5,3,1,2021,17.0,3,5,0,1,7,0,1,,4,JULES FERRY(RUE),0,,1,2,0,1,(1),(1),1,, -1,1,0,1,30,28,9,2021,16:10,1,78,78029,2,1,0,6,JULES FERRY(RUE),48.954873,1.854616,16,2,1
202100023880,158Â 945,Z01,10,3,1,1,8,8,-1,1,A,2,2021,55.0,3,0,0,1,2,26,0,,7,LORRAINE BOULEVARD,0,,2,1,0,1,(1),(1),1,, -1,1,0,1,50,16,8,2021,15:25,1,59,59350,2,1,0,6,LORRAINE BOULEVARD,50.63361,3.03869,15,2,1
202100024172,158Â 455,A01,1,1,1,5,1,-1,-1,0,0,-1,2021,57.0,2,2,6,0,3,1,1,,3,940,0,,2,1,0,1,28,0,1,, -1,1,5,8,50,14,8,2021,16:00,1,46,46038,2,6,0,6,D803,44.916958,1.837935,16,1,1
202100035604,138Â 078,A01,7,2,2,5,1,-1,-1,0,0,-1,2021,11.0,2,2,0,2,8,15,1,,3,909,-1,,2,2,0,2,27,8,2,, -1,1,0,1,-1,10,6,2021,12:20,1,34,34096,1,9,0,3,D909,43.562652,3.180622,12,4,2
202100024313,158Â 208,A01,1,1,1,9,2,0,-1,0,0,-1,2021,39.0,1,1,0,2,1,13,1,,4,AVENUE JEAN JAURES,0,,2,2,0,1,(1),(1),1,, -1,1,0,1,50,12,8,2021,23:00,5,75,75119,2,3,0,1,AVENUE JEAN JAURES,48.883603,2.37337,23,2,2
202100007963,187Â 494,A01,1,1,1,5,8,0,-1,-1, -1,-1,2021,20.0,3,1,0,2,1,1,5,,4,GAULLE (DU GENERAL DE),0,,1,1,1,2,0,0,2,, -1,1,0,1,30,15,11,2021,19:00,5,974,97411,2,3,0,3,GAULLE (DU GENERAL DE),-20.88562,55.4641,19,2,2
202100035480,138Â 292,A01,1,1,2,5,8,-1,-1,0,0,-1,2021,24.0,2,1,0,0,0,0,3,,3,ADOUR (QUAI DE L'),0,,1,1,0,1,3,870,3,, -1,1,0,1,50,9,6,2021,22:56,5,65,65440,2,6,0,7,ADOUR (QUAI DE L'),43.2314,0.0875,22,1,1
202100014101,176Â 493,B01,1,1,1,0,1,0,-1,-1, -1,-1,2021,37.0,2,2,0,2,4,2,1,,1,AUTOROUTE A3,0,,-1,-1,0,1,15,0,1,, -1,1,0,1,90,10,10,2021,20:20,3,93,93005,1,1,0,2,AUTOROUTE A3,48.962348,2.47374,20,2,2
202100039240,131Â 471,A01,1,1,1,4,1,-1,-1,-1,0,-1,2021,43.0,2,2,4,0,1,14,1,,1,AUTOROUTE A115,0,,1,2,0,2,10,899,2,, -1,2,0,1,70,19,5,2021,15:40,1,95,95394,1,1,1,6,AUTOROUTE A115,49.05156,2.18228,15,1,1
202100014862,175Â 147,A01,1,1,2,9,1,0,-1,-1, -1,-1,2021,22.0,3,2,0,2,4,12,1,,4,PETITS PONTS (ROUTE DES),0,,1,1,0,1,0,0,1,, -1,1,0,1,50,6,10,2021,21:49,5,93,93005,2,9,0,2,Route des Petits Ponts,48.931427,2.486249,21,2,2
202100040250,129Â 656,A01,9,2,2,5,0,-1,-1,0,0,-1,2021,15.0,1,2,13,0,2,1,1,,3,,0,D,2,2,0,2,23,8,2,, -1,9,0,3,80,13,5,2021,04:50,3,11,11351,1,4,0,6,Le Palais,43.0979903398,2.7257251737,4,5,1
202100025783,155Â 603,A01,10,3,2,0,0,-1,-1,2,3,1,2021,4.0,2,2,0,1,2,1,1,,4,PASTEUR (AV.),0,,2,2,0,1,0,0,1,, -1,1,0,1,30,3,8,2021,20:50,2,93,93010,2,1,0,3,PASTEUR (AV.),48.90424,2.48501,20,2,1
202100025747,155Â 661,B01,1,1,1,5,1,0,-1,-1, -1,-1,2021,20.0,1,2,1,2,7,1,1,,4,FRIEDLAND (RUE),0,,1,1,0,2,25,0,1,, -1,1,0,1,50,3,8,2021,22:40,5,13,13206,2,2,0,3,FRIEDLAND (RUE),43.28592,5.3901,22,2,2
202100018539,168Â 495,B01,1,1,1,1,2,6,-1,-1, -1,-1,2021,40.0,0,1,0,2,8,1,1,,4,CONSTANTINE. RUE DE,0,,1,1,0,1,0,0,1,, -1,1,-1,1,30,16,9,2021,07:55,1,76,76540,2,3,0,3,CONSTANTINE. RUE DE,49.44897,1.06688,7,2,2
202100017669,170Â 040,C01,1,1,1,0,1,0,-1,0,0,-1,2021,30.0,3,2,0,2,4,1,1,,4,FRANCE ROUTE DE,0,,2,2,0,2,(1),(1),2,, -1,1,0,1,50,20,9,2021,10:00,1,6,6027,2,1,0,4,FRANCE ROUTE DE,43.661629,7.130491,10,4,4
202100025673,155Â 789,A01,1,1,1,1,2,-1,-1,0,0,-1,2021,18.0,0,1,0,2,4,2,1,,4,,-1,,2,2,0,2,(1),(1),2,,4,1,9,1,50,3,8,2021,20:00,1,40,40195,1,1,1,2,Chemin de la Treyture,43.736019,-0.479901,20,2,2
202100000684,200Â 488,A01,1,1,2,9,1,0,-1,-1, -1,-1,2021,54.0,1,2,0,2,1,1,1,,4,GALICE (RTE DE),0,,1,3,3,1,0,0,1,, -1,1,0,1,50,27,5,2021,15:50,1,13,13001,2,1,0,2,GALICE (RTE DE),43.52,5.43,15,3,3
202100030175,147Â 831,A01,1,1,1,0,8,0,-1,0,0,-1,2021,33.0,0,1,0,2,1,26,3,,6,,0,,-1,0,0,1,(1),(1),1,, -1,1,0,1,50,6,7,2021,15:20,1,63,63113,2,1,0,1,SAINT ALYRE (RUE),45.78637,3.08118,15,2,2
202100046189,119Â 209,A01,10,3,2,2,0,-1,-1,3,3,1,2021,9.0,0,2,0,1,3,2,1,,3,,-1,,2,2,0,1,13,845,1,, -1,1,0,1,50,30,3,2021,08:45,1,34,34151,2,6,1,6,Avenue Charles Corbieres,43.663087,4.171645,8,2,1
202100018689,168Â 237,B01,2,2,1,5,1,9,-1,0,0,-1,2021,75.0,1,2,0,0,1,1,1,,3,963,0,,2,2,0,1,10,13,1,, -1,1,0,1,80,17,9,2021,15:18,1,2,2574,1,2,1,3,RD 963,49.887183,4.023356,15,3,2
202100010471,183Â 006,A01,10,3,1,0,0,-1,-1,4,3,1,2021,73.0,1,2,0,1,2,1,1,,7,95,0,,2,4,0,1,2,300,1,, -1,1,0,1,50,27,10,2021,11:20,1,69,69259,2,2,0,6,AMBROISE CROIZAT (BD),45.70042,4.88773,11,2,1
202100008618,186Â 336,A01,1,1,1,1,2,8,-1,-1, -1,-1,2021,21.0,1,1,1,2,1,9,1,,3,JEAN MOULIN (AVENUE),0,,-1,1,0,1,0,1,1,, -1,1,9,1,20,9,11,2021,18:00,5,93,93048,2,9,0,3,JEAN MOULIN (AVENUE),48.8601545953,2.4513360855,18,3,2
202100001312,199Â 415,A01,2,2,2,5,1,-1,-1,0,0,-1,2021,82.0,2,2,0,2,3,13,1,,4,,0,,2,2,0,1,(1),(1),1,,4,2,0,1,70,26,12,2021,19:00,3,71,71221,1,1,1,5,Rue de Fontaine Couverte,46.76528,4.772058,19,9,4
202100019673,166Â 484,A01,10,3,1,0,0,-1,-1,3,3,1,2021,12.0,0,2,0,1,1,16,1,,4,RUE DE LA MAISON BLANCHE,0,,2,0,0,1,(1),(1),1,, -1,1,0,1,30,10,9,2021,17:25,1,44,44109,2,3,0,6,RUE DE LA MAISON BLANCHE,47.229132,-1.588262,17,2,1
202100025261,156Â 501,B01,10,3,1,9,8,0,-1,5,9,3,2021,54.0,2,2,1,0,2,2,0,,9,EUGENE PREVOTS  (RUE   ),0,,2,0,0,1,0,0,1,, -1,1,0,8,50,9,7,2021,13:20,1,77,77243,2,1,0,6,EUGENE PREVOTS  (RUE   ),48.87287,2.70327,13,2,1
202100031027,146Â 278,B01,1,1,2,5,8,0,-1,-1, -1,-1,2021,18.0,1,1,0,2,1,1,5,,4,CARNOT,0,,-1,1,1,1,0,0,1,, -1,2,0,5,30,3,7,2021,10:25,1,64,64445,2,2,0,3,CARNOT,43.29976,-0.36999,10,2,2
202100005426,192Â 099,A01,1,1,1,3,2,-1,-1,0,0,-1,2021,19.0,2,1,0,2,1,0,1,,3,3,-1,,2,2,0,2,(1),(1),2,, -1,1,0,1,30,30,11,2021,13:25,1,66,66179,2,1,0,1,D3 Avenue Jean Jaures,42.386868,2.611699,13,2,2
202100025406,156Â 243,A01,1,1,1,1,2,-1,-1,-1, -1,-1,2021,21.0,3,1,0,0,0,26,6,,4,,0,,-1,0,0,2,0,0,1,, -1,1,9,8,30,1,8,2021,19:28,1,92,92048,2,1,0,7,GEORGES LANGRONET (RUE) NÂ° 1 A 31,48.8021468259,2.2395885927,19,1,1
202100001606,198Â 935,B01,1,1,1,4,1,-1,-1,-1, -1,-1,2021,25.0,0,5,0,2,1,1,1,,4,FAUTRAS (RUE ET PLACE),0,,2,2,0,2,(1),(1),1,, -1,1,0,1,50,23,12,2021,16:15,1,29,29019,2,2,0,3,Rue Fautras,48.3894190814,-4.4926307201,16,3,2
202100043364,124Â 155,A01,1,1,1,0,2,6,-1,-1, -1,-1,2021,37.0,1,1,0,2,1,1,0,,3,REPUBLIQUE (AVENUE),0,,4,4,0,1,0,1,1,, -1,1,4,1,50,20,4,2021,19:25,1,93,93031,2,5,0,1,REPUBLIQUE (AVENUE),48.947,2.34271,19,2,2
202100024854,157Â 232,B01,1,1,1,4,1,-1,-1,-1, -1,-1,2021,46.0,1,5,0,2,7,1,1,,4,PERRACHE                            (QU),0,,1,4,0,1,(1),(1),1,, -1,1,5,1,50,8,8,2021,10:40,1,69,69382,2,2,0,3,PERRACHE (Q),45.7343,4.8181,10,2,2
202100005809,191Â 409,A01,10,3,2,5,0,-1,-1,3,3,2,2021,75.0,3,2,0,1,2,1,1,,3,,-1,,2,2,0,1,10,182,1,,5,2,0,1,50,27,11,2021,18:30,5,44,44178,2,1,1,6,Rue du ChÃ¢teau,47.113897,-1.737964,18,3,1
202100032163,144Â 264,B01,1,1,2,1,1,-1,-1,0,0,-1,2021,49.0,1,2,0,2,8,1,1,,2,888,-1,F,2,2,0,2,76,850,1,, -1,1,0,1,80,26,6,2021,18:00,1,12,12194,1,2,0,3,Rancillac DÃ©mies,44.208538,2.411419,18,2,2
202100046582,118Â 507,A01,10,3,1,0,8,-1,-1,4,3,1,2021,23.0,0,2,0,1,1,1,1,,4,GENERAL LECLERC (RUE DU ),0,,2,3,0,1,(1),(1),1,, -1,1,0,1,30,23,3,2021,07:40,1,80,80021,2,1,0,6,GENERAL LECLERC (RUE DU ),49.8977094699,2.2953646126,7,2,1
202100031297,145Â 796,A01,1,1,1,9,2,0,-1,0,0,-1,2021,26.0,3,1,14,0,0,1,3,,4,QUAI BRANLY,0,,2,1,1,1,(1),(1),3,, -1,1,0,5,25,2,7,2021,01:25,5,75,75115,2,3,0,6,QUAI BRANLY,48.854585,2.288911,1,1,1
202100051569,109Â 519,A01,10,3,1,9,0,-1,-1,3,3,1,2021,41.0,2,2,0,1,7,19,1,,3,BOULEVARD DES HEROS,0,,1,2,0,1,(1),(1),1,, -1,1,0,1,50,12,2,2021,20:00,3,971,97101,2,9,0,6,BOULEVARD DES HEROS,16.24761,-61.52837,20,2,1
202100038777,132Â 302,B01,1,1,1,1,2,0,-1,0,0,-1,2021,33.0,1,1,0,2,4,2,1,,4,AVENUE EMILE DESCHANEL,0,,1,1,0,1,(1),(1),1,, -1,2,0,1,50,22,5,2021,15:00,1,75,75107,2,2,1,2,AVENUE EMILE DESCHANEL,48.856364,2.300881,15,3,2
202100044416,122Â 291,A01,1,1,1,4,2,-1,-1,0,0,-1,2021,20.0,1,1,0,2,4,2,1,,3,301,0,,3,4,0,1,5,400,1,, -1,1,0,1,90,11,4,2021,22:00,3,95,95489,1,1,0,2,RD 301,49.02159,2.350827,22,2,2
202100018990,167Â 689,B01,2,2,1,2,2,6,-1,0,0,-1,2021,12.0,1,1,0,2,2,1,1,,4,AVENUE VICTOR HUGO,0,,2,2,0,1,(1),(1),1,, -1,2,0,1,30,14,9,2021,08:09,1,75,75116,2,1,1,3,AVENUE VICTOR HUGO,48.870139,2.286486,8,3,2
202100039793,130Â 455,A01,2,2,2,5,2,6,-1,-1, -1,-1,2021,20.0,1,1,0,2,1,1,1,,1,A86 INT,0,,1,2,0,1,46,700,1,, -1,2,9,1,50,16,5,2021,17:00,1,94,94073,1,9,1,2,A86 INT,48.7559113677,2.3835111093,17,3,2
202100056034,101Â 726,B01,1,1,2,0,1,-1,-1,0,0,-1,2021,34.0,0,2,0,2,1,16,1,,4,DELIVRANCE (RUE DE LA),0,,2,2,0,1,(1),(1),1,, -1,2,0,1,50,2,1,2021,13:30,1,80,80021,2,3,1,3,DELIVRANCE (RUE DE LA),49.88711,2.32441,13,3,2
202100014897,175Â 084,A01,1,1,1,5,1,-1,-1,0,0,-1,2021,25.0,1,5,0,2,3,1,1,,3,2,0,D,2,2,0,1,12,0,1,, -1,1,0,1,80,25,8,2021,14:15,1,30,30012,1,9,0,1,D2,43.907835,4.717652,14,2,2
202100029833,148Â 464,A01,1,1,2,9,2,0,-1,0,0,-1,2021,25.0,2,1,0,1,1,1,5,,4,AVENUE DE LOWENDAL,0,,2,2,0,1,(1),(1),1,, -1,1,0,1,50,9,7,2021,17:55,1,75,75107,2,2,0,6,AVENUE DE LOWENDAL,48.852702,2.309565,17,2,1
202100055964,101Â 852,A01,10,3,2,1,0,-1,-1,9,1,1,2021,60.0,3,2,0,1,0,21,1,,4,RICHARD WALLACE (BOULEVARD),0,,2,2,0,1,0,0,1,, -1,1,0,1,50,7,1,2021,11:30,1,92,92051,2,9,0,6,RICHARD WALLACE (BOULEVARD),48.8756955698,2.2485011816,11,2,1
202100049318,113Â 608,A01,10,3,2,0,0,-1,-1,3,3,1,2021,85.0,2,1,0,1,1,1,5,,3,707,0,,1,1,0,1,(1),(1),1,, -1,1,0,1,50,2,3,2021,17:20,1,24,24479,2,1,0,6,Grand rue de la barre,45.492747,0.746502,17,2,1
202100004382,193Â 925,B01,1,1,2,1,1,0,-1,-1, -1,-1,2021,39.0,1,2,0,2,4,2,1,,1,A86.INT,0,,1,3,0,1,30,0,1,, -1,2,1,1,90,7,12,2021,20:30,5,94,94033,1,1,1,4,A86.INT,48.8521422803,2.4902740888,20,3,3
202100041373,127Â 652,B01,2,2,2,5,1,-1,-1,0,0,-1,2021,29.0,2,2,0,2,1,1,1,,3,159,0,D,2,2,0,1,4,700,3,, -1,1,0,1,50,6,5,2021,19:30,1,201,201247,2,1,0,1,"Route de Muratello, RD159",41.594127,9.217524,19,3,2
202100048512,115Â 046,A01,10,3,1,5,0,-1,-1,3,3,1,2021,80.0,3,1,0,2,3,17,1,,4,JAURES (AVENUE JEAN),0,,2,2,0,1,(1),(1),1,, -1,2,0,1,50,10,3,2021,17:10,1,95,95018,2,1,1,6,JAURES (AVENUE JEAN),48.9398089529,2.234027136,17,3,1
202100023787,159Â 103,B01,2,2,2,5,1,-1,-1,0,0,-1,2021,74.0,2,2,0,2,1,1,1,,3,40,-1,,2,2,0,2,12,500,4,, -1,1,0,1,80,18,8,2021,10:10,1,5,5098,1,1,0,1,route dÃ©partementale 40,44.509208,6.561177,10,6,2
202100003110,196Â 207,B01,2,2,1,1,1,0,-1,-1, -1,-1,2021,17.0,2,2,0,2,1,19,1,,7,DRONCKAERT (RUE DU),0,,2,1,0,1,(1),(1),1,, -1,2,0,1,50,13,12,2021,08:00,5,59,59508,2,1,0,3,DRONCKAERT (RUE DU),50.73815,3.12931,8,6,2
202100021292,163Â 596,B01,1,1,2,1,2,0,-1,0,0,-1,2021,33.0,2,0,0,2,1,7,3,,4,AVENUE DE LA PORTE D ITALIE,0,,2,6,3,1,(1),(1),1,, -1,1,0,6,30,2,9,2021,08:36,1,75,75113,2,4,0,3,AVENUE DE LA PORTE D ITALIE,48.8173069715,2.3600360199,8,2,2
202100005458,192Â 034,A01,1,1,1,2,0,-1,-1,0,0,-1,2021,10.0,3,1,0,2,1,25,5,,4,,-1,,2,2,0,1,(1),(1),1,,5,1,0,1,50,2,12,2021,13:30,1,60,60338,2,1,0,3,Rue de Bourgogne,49.356436,2.795664,13,2,2
202100030479,147Â 290,A01,1,1,2,5,1,-1,-1,0,0,-1,2021,20.0,1,2,7,0,2,1,1,,3,806,0,D,2,2,0,1,124,270,1,, -1,2,0,3,90,6,7,2021,19:15,1,48,48128,1,1,0,6,D806,44.78198734,3.29576969,19,2,1
202100043126,124Â 589,A01,10,3,2,5,0,-1,-1,2,3,1,2021,32.0,3,2,0,1,1,15,1,,4,CARPAYE(AVENUE),0,,2,2,0,1,0,0,1,, -1,1,0,1,50,21,4,2021,10:30,1,974,97407,2,1,0,6,CARPAYE(AVENUE),-20.9457,55.29841,10,2,1
202100031657,145Â 168,B01,1,1,1,1,2,6,-1,0,0,-1,2021,22.0,1,1,0,2,3,1,1,,3,13,-1,,2,2,0,1,(1),(1),3,, -1,1,0,1,70,1,7,2021,18:15,1,14,14364,1,2,0,1,D13,49.17375,-0.665678,18,2,2
202100029163,149Â 619,B01,1,1,2,4,2,6,-1,0,0,-1,2021,31.0,1,1,0,2,2,1,1,,4,PLACE DE L ALMA,0,,1,4,0,1,(1),(1),1,, -1,2,0,1,50,13,7,2021,14:52,1,75,75108,2,7,1,3,PLACE DE L ALMA,48.864684,2.301754,14,2,2
202100015378,174Â 219,A01,1,1,1,5,2,6,-1,0,0,-1,2021,51.0,1,1,0,2,1,13,1,,3,7,-1,,2,2,0,1,78,900,1,, -1,1,0,1,70,4,10,2021,13:10,1,83,83086,1,1,0,5,Route d Aix En Provence,43.468081,6.551156,13,3,3
202100028950,149Â 977,C01,1,1,2,0,1,0,-1,-1, -1,-1,2021,35.0,1,2,4,2,4,2,1,,1,AUTOROUTE A3,0,,3,10,0,1,6,500,1,, -1,1,0,1,90,15,7,2021,16:00,1,93,93053,1,1,0,4,AUTOROUTE A3,48.89352,2.47233,16,3,3
202100043705,123Â 567,A01,1,1,1,5,2,6,-1,0,0,-1,2021,16.0,2,1,0,2,2,1,1,,4,,-1,,1,2,0,1,(1),(1),1,, -1,1,0,1,50,17,4,2021,18:15,1,83,83099,2,1,0,3,Rue du General Charles de Gaulle,43.454591,6.687275,18,3,2
202100052503,107Â 875,A01,1,1,1,9,1,-1,-1,0,0,-1,2021,34.0,1,2,2,2,3,1,1,,3,6,0,D,2,2,0,2,3,300,1,, -1,1,0,1,-1,6,1,2021,17:00,1,11,11138,1,1,0,6,Route dÃ©partementale 6,43.26996792,1.94337844,17,2,2