Num_Acc,id_vehicule,num_veh,place,catu,sexe,trajet,secu1,secu2,secu3,locp,actp,etatp,year_acc,victim_age,senc,catv,obs,obsm,choc,manv,motor,occutc,catr,voie,v1,v2,circ,nbv,vosp,prof,pr,pr1,plan,lartpc,larrout,surf,infra,situ,vma,jour,mois,an,hrmn,lum,dep,com,agg_,int,atm,col,adr,lat,long,hour,nb_victim,nb_vehicules
202100046863,118Â 010,A01,1,1,1,5,2,0,-1,-1, -1,-1,2021,43.0,3,1,0,2,1,2,1,,4,KARTING (DU),0,,1,2,2,1,0,0,1,, -1,1,0,1,30,21,3,2021,09:00,1,974,97411,2,1,0,2,KARTING (DU),-20.89393,55.50012,9,2,2
202100009534,184Â 669,A01,1,1,1,5,2,6,-1,0,0,-1,2021,64.0,-1,1,0,2,1,2,1,,3,d1201,0,,2,2,0,1,10,400,1,, -1,1,0,1,80,25,10,2021,17:12,2,73,73329,1,1,0,2,D1201,45.631716,5.89188,17,2,2
202100009386,184Â 923,A01,1,1,2,0,1,0,-1,-1, -1,-1,2021,36.0,2,2,5,0,1,1,1,,1,A86 EXT,0,,-1,2,0,1,63,215,1,, -1,2,3,1,70,5,11,2021,03:00,4,78,78322,1,1,0,6,A86 EXT,48.78088,2.17026,3,1,1
202100049712,112Â 886,A01,1,1,1,1,2,6,-1,0,0,-1,2021,33.0,1,1,0,0,4,0,1,,3,950,-1,,2,2,0,1,19,1282,1,, -1,1,0,1,80,2,3,2021,06:45,3,17,17350,1,1,0,2,Route de Poitiers,45.93859,-0.479724,6,2,2
202100055495,102Â 652,B01,1,1,2,0,1,-1,-1,-1, -1,-1,2021,36.0,2,2,0,2,1,1,2,,4,RUE CLEMENT THOMAS,0,,2,2,0,1,(1),(1),1,, -1,1,0,1,50,10,1,2021,16:45,1,33,33522,2,2,0,3,Rue ClÃ©ment Thomas,44.801421,-0.580979,16,4,2
202100005987,191Â 095,A01,1,1,2,3,8,0,-1,-1, -1,-1,2021,83.0,2,2,6,0,1,15,1,,4,ROUSSEAU ( RUE JEAN-JACQUES ),0,,2,2,0,1,0,0,1,, -1,8,0,4,50,26,11,2021,10:15,1,3,3098,2,3,1,6,ROUSSEAU ( RUE JEAN-JACQUES ),46.3541,2.6172,10,1,1
202100041421,127Â 564,A01,10,3,2,0,8,8,-1,3,3,1,2021,24.0,-1,1,0,1,5,26,0,,3,"""PAUL VAILLANT COUTURIER (AVENUE """"DU 01",0,,-1,2,0,1,0,1,1,, -1,1,0,1,50,4,5,2021,18:40,1,93,93007,2,1,0,6,"""PAUL VAILLANT COUTURIER (AVENUE """"DU 01",48.92695,2.47214,18,2,1
202100019777,166Â 296,B01,1,1,1,0,2,6,-1,0,0,-1,2021,62.0,1,1,0,2,2,17,1,,3,994,-1,,2,2,0,1,48,850,1,, -1,1,0,1,90,10,9,2021,18:45,1,5,5087,1,1,0,3,D994,44.553934,5.869918,18,2,2
202100036261,136Â 864,B01,1,1,1,5,1,-1,-1,0,0,-1,2021,64.0,2,2,0,2,4,2,1,,4,PORTE DE LA VILLETTE,0,,1,4,0,1,24,800,1,, -1,2,0,1,70,4,6,2021,12:35,1,75,75119,2,1,0,2,PORTE DE LA VILLETTE,48.900429,2.383466,12,2,2
202100056390,101Â 105,B01,4,2,2,0,1,8,-1,-1, -1,-1,2021,79.0,2,2,0,2,1,2,1,,3,RELIGIEUSES (ROUTE DES),0,,2,2,0,2,0,250,1,, -1,1,0,1,50,1,1,2021,16:10,1,972,97209,1,4,0,6,RELIGIEUSES (ROUTE DES),14.61798,-61.05692,16,4,3
202100053105,106Â 808,B01,1,1,2,5,1,-1,-1,0,0,-1,2021,53.0,2,2,0,2,3,1,1,,2,1,0,N,2,2,0,3,15,600,3,, -1,1,9,1,90,30,1,2021,19:45,3,972,97222,1,1,0,1,RN1 Lestrade,14.684334,-60.940132,19,2,2
202100039050,131Â 832,A01,1,1,1,0,2,6,-1,-1, -1,-1,2021,48.0,1,1,4,2,1,3,1,,1,AUTOROUTE A104,0,,3,6,0,1,3,400,2,, -1,1,0,1,110,20,5,2021,17:40,1,93,93078,1,1,0,3,AUTOROUTE A104,48.95979,2.52504,17,2,2
202100003200,196Â 049,C01,1,1,1,5,1,-1,-1,0,0,-1,2021,58.0,2,2,0,2,1,14,1,,1,6,0,A,3,6,0,1,414,0,1,, -1,1,0,1,130,14,12,2021,23:00,3,69,69242,1,1,0,5,A6,46.11949,4.76351,23,3,3
202100027543,152Â 496,A01,1,1,2,5,1,0,-1,-1, -1,-1,2021,26.0,3,2,8,0,0,2,1,,4,MOULINS (QUAI DES),0,,2,2,0,1,(1),(1),1,, -1,1,9,1,50,9,7,2021,00:35,5,34,34301,2,6,0,7,MOULINS (QUAI DES),43.4091161591,3.7034976482,0,1,1
202100031335,145Â 729,B01,2,1,1,1,2,0,-1,-1, -1,-1,2021,31.0,1,1,0,2,8,1,1,,4,,0,,1,2,0,1,(1),(1),1,, -1,1,0,1,50,2,7,2021,08:39,1,92,92012,2,5,0,3,VIEUX PONT DE SEVRES (RUE DU) 157/FIN,48.8314968516,2.2421812266,8,2,2
202100040899,128Â 523,A01,10,3,2,2,0,-1,-1,3,3,2,2021,8.0,1,2,0,1,3,1,1,,4,CURIE (AV. PIERRE ET MARIE),0,,3,4,0,1,(1),(1),3,, -1,2,0,1,30,6,5,2021,13:25,1,60,60159,2,6,0,6,Avenue Pierre et Marie Curie,49.39698,2.7944,13,3,1
202100045377,120Â 622,B01,2,2,1,5,1,0,-1,-1, -1,-1,2021,70.0,2,2,0,2,1,1,1,,3,D935,0,,2,2,1,1,(1),(1),3,, -1,1,2,1,70,18,3,2021,09:05,1,59,59153,1,1,0,1,D935,50.44485,3.59027,9,4,2
202100038606,132Â 630,A01,10,3,2,0,0,-1,-1,2,3,1,2021,24.0,2,1,0,1,2,1,1,,4,CROIX-ROUSSE (DE LA)                (PL),0,,2,4,0,1,(1),(1),1,, -1,1,0,1,30,23,5,2021,14:50,1,69,69384,2,1,0,6,CROIX ROUSSE (DE LA) (PL),45.77439,4.83221,14,2,1
202100029117,149Â 704,B01,1,1,1,0,8,0,-1,-1, -1,-1,2021,53.0,1,1,0,2,6,2,3,,3,PASTEUR (RUE),0,,2,2,0,1,(1),(1),1,, -1,1,0,1,50,9,7,2021,18:45,1,59,59345,2,1,0,2,PASTEUR (RUE),50.3428,3.15881,18,3,2
202100000666,200Â 525,A01,2,2,2,5,1,-1,-1,0,0,-1,2021,22.0,1,5,0,2,1,13,1,,2,01,-1,,2,2,0,1,(1),(1),3,, -1,2,0,1,110,28,12,2021,12:55,1,988,98803,1,1,1,5,RT1 - Nekou,-21.54361,165.4676,12,5,3
202100029430,149Â 170,B01,1,1,1,5,2,-1,-1,-1, -1,-1,2021,24.0,1,1,0,2,4,1,6,,4,SERGENT MAGINOT (AVENUE),0,,1,1,2,1,(1),(1),1,, -1,1,0,5,50,11,7,2021,10:35,1,35,35238,2,9,0,2,SERGENT MAGINOT (AVENUE),48.10998,-1.65754,10,2,2
202100037230,135Â 135,B01,1,1,1,5,2,8,-1,-1, -1,-1,2021,54.0,1,1,0,2,8,1,5,,4,MULLER ( DU COLONEL JEAN ),0,,2,2,2,1,(1),(1),1,, -1,1,0,5,30,28,5,2021,12:05,1,56,56121,2,1,0,3,MULLER ( DU COLONEL JEAN ),47.76334,-3.39439,12,2,2
202100053413,106Â 247,A01,1,1,2,0,2,6,-1,-1, -1,-1,2021,26.0,2,1,0,2,1,1,1,,1,10,0,,1,2,0,4,0,600,2,, -1,2,0,1,90,28,1,2021,09:00,1,91,91689,1,1,1,3,AUTOROUTE A10,48.737786,2.318941,9,2,2
202100041154,128Â 039,B01,1,1,1,1,1,5,-1,-1, -1,-1,2021,41.0,1,2,0,2,7,1,2,,4,DOCTEUR SCHAPIRA (RUE),0,,1,1,0,1,1,0,1,, -1,2,0,1,50,6,5,2021,13:00,1,93,93050,2,3,1,3,Rue du Docteur Schapira / Rue du Jeu de Paume,48.85487,2.52831,13,2,2
202100003784,195Â 002,A01,10,3,2,0,0,-1,-1,2,3,1,2021,50.0,1,2,0,1,2,19,1,,2,21,0,,2,2,0,2,35,510,1,, -1,2,0,1,50,9,12,2021,18:00,5,87,87032,2,1,0,6,24bis Avenue FranÃ§ois MittÃ©rrand,45.652028,0.980819,18,2,1
202100006136,190Â 842,A01,1,1,1,5,1,-1,-1,0,0,-1,2021,19.0,2,2,13,0,1,1,1,,3,768,0,D,2,2,0,1,36,920,3,, -1,2,0,3,80,27,11,2021,00:15,4,56,56177,1,1,1,6,Zone Artisanale de Talhouet,47.7525158,-3.0214333,0,1,1
202100013344,177Â 897,A01,10,3,2,1,0,-1,-1,9,9,1,2021,56.0,0,2,0,1,2,1,1,,6, -,0, -,-1,-1,0,1,(1),(1),1,, -1,1,0,8,50,9,10,2021,01:30,5,31,31202,2,1,0,6,800 Route de Toulouse,43.830974,1.390715,1,2,1
202100008690,186Â 201,A01,1,1,1,5,2,8,-1,0,0,-1,2021,70.0,1,1,0,2,8,1,1,,2,R.N. 100,0,,1,2,0,1,0,1,2,, -1,1,0,1,50,5,11,2021,08:25,1,30,30011,1,9,0,3,R.N. 100,43.95816,4.7468,8,2,2
202100013052,178Â 413,B01,1,1,2,4,1,0,-1,-1, -1,-1,2021,29.0,1,5,0,2,4,1,1,,3,R D 900,0,,3,4,0,1,22,420,1,, -1,1,3,1,90,14,10,2021,16:45,1,66,66136,1,1,0,2,R D 900,42.69634,2.86337,16,2,2
202100055282,103Â 004,B01,1,1,1,5,2,6,-1,-1, -1,-1,2021,18.0,0,1,0,2,1,1,1,,4,MAS D'IXELLES (AVENUE DU),0,,2,2,0,1,0,0,3,, -1,1,0,1,50,6,1,2021,17:45,2,83,83129,2,1,0,3,MAS D'IXELLES (AVENUE DU),43.102654,5.818948,17,2,2
202100027816,151Â 992,A01,1,1,2,1,1,-1,-1,0,0,-1,2021,24.0,1,2,0,2,3,1,1,,3,909,-1,D,2,2,0,2,31,700,1,, -1,1,0,1,90,21,7,2021,17:57,1,61,61339,1,2,0,5,D909,48.737236,-0.248115,17,4,4
202100009878,184Â 047,A01,1,1,1,9,2,8,-1,0,0,-1,2021,35.0,1,1,0,2,1,3,1,,1,A13Y,0,,1,4,0,1,0,700,1,, -1,1,0,1,70,2,11,2021,17:50,5,75,75116,1,1,0,3,A13Y,48.848391,2.247297,17,2,2
202100009333,185Â 023,A01,2,2,2,5,1,-1,-1,0,0,-1,2021,15.0,1,2,2,6,2,21,1,,3,D7,-1,,2,2,0,1,26,50,1,, -1,1,0,3,80,5,11,2021,12:45,1,62,62005,1,1,0,6,D7,50.138461,2.760973,12,2,1
202100035183,138Â 820,A01,1,1,1,5,8,0,-1,-1, -1,-1,2021,21.0,1,2,0,2,1,2,1,,1,A7   20.110 A 22.950,0,,3,4,0,1,22,0,1,, -1,1,0,1,110,11,6,2021,13:45,1,38,38087,1,1,0,2,A7   20.110 A 22.950,45.57242,4.81118,13,3,2
202100052236,108Â 334,B01,2,2,1,5,1,0,-1,-1, -1,-1,2021,10.0,1,2,0,2,4,2,1,,1,A50-Sens Marseille vers Aubagne,0,,1,3,0,1,2,100,1,, -1,1,0,1,90,6,2,2021,12:00,1,13,13210,1,1,0,5,A50-Sens Marseille vers Aubagne,43.28484,5.41741,12,5,3
202100024061,158Â 641,A01,1,1,1,5,2,-1,-1,0,0,-1,2021,41.0,1,1,0,0,0,1,3,,3,252,0,,2,2,0,1,(1),(1),1,, -1,1,0,1,50,13,8,2021,16:30,1,14,14431,2,1,0,7,D252,49.068081,-0.086265,16,1,1
202100049192,113Â 828,A01,10,3,2,0,0,-1,-1,3,3,1,2021,62.0,2,2,0,1,1,1,1,,3,D,0,,2,2,0,1,33,600,2,, -1,1,0,1,30,6,3,2021,08:50,1,83,83081,2,1,0,6,Avenue Jean Camille Pauc,43.617895,6.764402,8,2,1
202100050389,111Â 627,B01,1,1,1,0,2,-1,-1,0,0,-1,2021,58.0,2,1,0,2,1,17,1,,3,424,-1,,2,2,2,1,43,850,1,, -1,1,0,1,80,25,2,2021,16:40,1,67,67360,1,1,0,1,RD 424 - PK 43+850,48.186111,7.533789,16,2,2
202100022480,161Â 450,A01,1,1,1,9,2,0,-1,-1, -1,-1,2021,27.0,1,1,0,2,4,2,3,,4,WILSON (AVENUE DU PRESIDENT),0,,3,6,3,1,0,1,1,, -1,1,0,1,50,26,8,2021,19:47,1,93,93066,2,1,0,2,Avenue du PrÃ©sident Wilson,48.92823,2.35673,19,2,2
202100016914,171Â 386,B01,1,1,1,2,2,0,-1,-1, -1,-1,2021,14.0,2,1,0,2,1,1,5,,4,,0,,2,4,0,1,(1),(1),1,, -1,1,0,1,50,23,9,2021,16:45,1,45,45234,2,3,0,1,Rue Vieille LevÃ©e,47.8925,1.89577,16,4,2
202100018950,167Â 771,B01,1,1,1,5,8,0,-1,-1, -1,-1,2021,70.0,1,0,0,0,0,26,3,,4,VISITATION PLACE,0,,1,2,0,1,1,0,2,, -1,1,0,1,30,14,9,2021,15:35,1,49,49007,2,1,0,7,VISITATION PLACE,47.46644,-0.55718,15,2,2
202100051845,109Â 032,B01,1,1,1,5,1,0,0,-1, -1,-1,2021,86.0,1,2,0,2,1,1,1,,4,,-1,,2,2,0,2,(1),(1),1,, -1,1,0,1,80,11,2,2021,17:15,1,71,71367,1,2,0,2,route de saint Martin,46.637025,5.299026,17,3,2
202100008203,187Â 056,A01,1,1,2,1,1,-1,-1,0,0,-1,2021,26.0,1,2,0,2,3,13,1,,3,961,-1,D,2,2,0,2,34,250,2,, -1,2,0,1,80,15,11,2021,08:00,2,49,49283,1,1,1,5,DÃ©partementale 961,47.39283,-0.756426,8,3,3
202100031123,146Â 110,B01,1,1,1,1,2,6,-1,-1, -1,-1,2021,42.0,1,1,0,2,1,1,1,,4,VERDUN (CRS DE),0,,3,4,3,2,(1),(1),1,, -1,1,5,1,50,1,7,2021,06:00,2,33,33063,2,3,0,3,Cours de Verdun,44.84718,-0.57657,6,4,2
202100017464,170Â 409,B01,1,1,1,5,2,6,-1,-1, -1,-1,2021,70.0,2,1,0,2,1,1,5,,3,PISTE 214,0,,2,2,0,1,6,750,2,, -1,1,5,1,50,22,9,2021,15:10,1,33,33529,1,6,1,3,PISTE 214,44.5778,-1.1423,15,2,2
202100052067,108Â 648,A01,1,1,1,5,8,-1,-1,0,0,-1,2021,12.0,1,1,0,0,0,25,5,,3,156,-1,,2,2,0,1,10,950,1,, -1,1,0,4,50,10,2,2021,14:28,1,29,29174,2,1,0,7,D156 - Rue des AlliÃ©s,47.905127,-4.278193,14,1,1
202100011078,181Â 923,A01,10,3,2,2,0,-1,-1,3,3,1,2021,13.0,1,2,0,1,1,1,1,,4,LARUE (RUE GEORGES),0,,1,1,0,1,(1),(1),1,, -1,1,0,1,50,22,10,2021,07:50,5,59,59654,2,1,0,6,LARUE (RUE GEORGES),50.385776,3.108602,7,2,1
202100041290,127Â 803,A01,10,3,2,5,0,-1,-1,3,3,1,2021,56.0,0,2,0,1,2,1,1,,4,BELLONTE (RD-PT MAURICE),0,,-1,1,0,1,(1),(1),2,, -1,1,0,1,50,8,4,2021,19:10,1,31,31069,2,1,0,6,BELLONTE (RD-PT MAURICE),43.627,1.38531,19,2,1
202100045105,121Â 111,A01,10,3,1,0,0,0,0,1,5,1,2021,12.0,1,3,0,1,5,26,1,1.0,4,"SOSPEL (AVENUE DE, NÂ° 57 A 152)",0,,2,2,0,1,(1),(1),1,, -1,1,0,1,50,1,4,2021,16:45,1,6,6083,2,1,0,6,"SOSPEL (AVENUE DE, NÂ° 57 A 152)",43.79621,7.489689,16,2,1
202100007164,188Â 959,A01,1,1,1,1,2,6,-1,-1, -1,-1,2021,54.0,2,1,0,2,7,12,1,,4,SAINTE CLAIRE (RUE),0,,4,3,0,1,0,0,1,, -1,1,0,1,50,18,11,2021,13:54,1,87,87085,2,1,0,3,SAINTE CLAIRE (RUE),45.82409,1.24544,13,2,2
202100040226,129Â 695,A01,1,1,1,1,8,0,-1,0,0,-1,2021,26.0,3,1,0,2,7,7,5,,4,BOULEVARD DU PALAIS,0,,2,4,3,1,(1),(1),1,, -1,1,0,6,50,12,5,2021,06:42,1,75,75104,2,2,0,3,BOULEVARD DU PALAIS,48.856195,2.346482,6,2,2
202100022990,160Â 534,A01,10,3,1,5,0,-1,-1,6,1,1,2021,72.0,2,2,0,1,2,14,1,,3,42,-1,,2,2,0,1,5,657,1,, -1,1,0,3,80,23,8,2021,10:56,1,62,62128,1,1,0,6,D42,50.310113,2.926454,10,2,1
202100022314,161Â 750,A01,2,2,1,5,8,0,-1,-1, -1,-1,2021,15.0,2,2,0,2,1,13,2,,3,PIERRE BROSSOLETTE (AVENUE),0,,2,4,0,1,0,0,1,, -1,1,0,1,50,27,8,2021,17:20,1,92,92046,2,1,0,1,PIERRE BROSSOLETTE (AVENUE),48.820616126,2.3117852211,17,6,2
202100051526,109Â 593,B01,7,2,1,0,8,0,-1,-1, -1,-1,2021,78.0,2,3,0,2,1,1,2,4.0,3,WALLACE (PLACE),0,,3,0,0,1,0,0,1,, -1,1,0,1,30,14,2,2021,08:30,1,92,92012,2,2,0,3,WALLACE (PLACE),48.83965,2.24012,8,5,2
202100033499,141Â 899,B01,2,2,1,5,1,-1,-1,0,0,-1,2021,22.0,1,2,0,2,7,1,1,,7,6,0,E,2,2,0,1,0,600,1,, -1,1,0,1,80,19,6,2021,20:10,1,13,13110,1,3,0,3,Route de PourriÃ¨res,43.453262,5.693133,20,3,2
202100042384,125Â 869,A01,1,1,1,0,2,-1,-1,0,0,-1,2021,22.0,1,1,8,2,1,1,1,,3,14,-1,D,2,2,0,1,(1),(1),1,, -1,1,0,1,50,27,4,2021,18:10,1,58,58086,2,2,0,3,Rue des FrÃ¨res Gambon,47.413164,2.936482,18,2,2
202100050557,111Â 320,A01,2,2,1,0,2,0,-1,-1, -1,-1,2021,37.0,1,1,0,0,0,9,1,,4,PREVOT (ERNEST),0,,1,1,0,1,(1),(1),1,, -1,1,0,1,30,21,2,2021,22:18,5,973,97302,2,1,0,7,PREVOT (ERNEST),4.9319300723,-52.3325503115,22,2,1
202100047991,115Â 956,A01,1,1,1,3,0,-1,-1,0,0,-1,2021,62.0,1,2,17,0,2,14,1,,3,23,-1,,2,2,0,1,2,810,2,, -1,1,0,3,80,15,3,2021,16:10,1,18,18124,1,1,0,6,PR 2+810 - RD 23,47.076216,2.09547,16,1,1
202100005551,191Â 879,A01,1,1,1,1,2,6,-1,-1, -1,-1,2021,49.0,2,1,0,2,7,2,1,,3,GEORGES CLEMENCEAU (AV),0,,2,2,0,1,1,0,1,, -1,7,0,1,30,29,11,2021,07:50,5,94,94052,2,1,0,3,Avenue Georges ClÃ©menceau,48.83585,2.47215,7,2,2
202100035280,138Â 640,A01,2,2,1,2,2,6,-1,-1, -1,-1,2021,18.0,1,1,1,0,2,14,1,,4,La Lunade (Bd),0,,2,2,0,1,(1),(1),1,, -1,1,0,1,30,9,6,2021,13:10,1,19,19272,2,1,0,6,La Lunade (Bd),45.2653072943,1.7817109673,13,2,1
202100034766,139Â 569,A01,1,1,1,0,8,0,-1,-1, -1,-1,2021,47.0,0,1,0,2,5,1,5,,4,BEAUREGARD   RUE DE,0,,2,2,1,1,(1),(1),1,, -1,1,0,1,30,12,6,2021,17:33,1,17,17300,2,6,0,3,BEAUREGARD   RUE DE,46.16757,-1.13983,17,3,2
202100019185,167Â 335,A01,10,3,1,2,8,8,-1,3,5,2,2021,13.0,3,2,0,1,7,1,1,,4,FAVENTINES RUE,0,,2,2,0,1,(1),(1),1,, -1,1,0,1,50,13,9,2021,17:20,1,26,26362,2,1,0,6,FAVENTINES RUE,44.917207,4.909864,17,2,1
202100000535,200Â 747,A01,10,3,2,1,0,-1,-1,3,3,1,2021,56.0,2,2,0,1,3,9,1,,4,FAURE (BOULEVARD FELIX),0,,-1,2,0,1,(1),(1),1,, -1,1,0,1,50,24,9,2021,17:34,1,86,86066,2,1,0,6,FAURE (BOULEVARD FELIX),46.8210170791,0.5462481107,17,4,1
202100048557,114Â 955,B01,1,1,1,4,2,6,-1,-1, -1,-1,2021,24.0,1,1,0,1,8,1,1,,4,TILSIT (RUE),0,,1,1,0,1,(1),(1),1,, -1,1,0,1,50,9,3,2021,15:54,1,13,13206,2,2,0,6,TILSIT (RUE),43.29273,5.38752,15,4,2
202100000514,200Â 779,B01,2,2,1,0,2,0,-1,-1, -1,-1,2021,26.0,1,1,0,2,8,17,1,,4,ROMAIN ROLLAND (BOULEVARD),0,,2,3,0,1,0,0,1,, -1,1,0,1,50,23,3,2021,13:30,1,13,13210,2,1,0,6,ROMAIN ROLLAND (BOULEVARD),43.2747983435,5.4155186977,13,4,3
202100024383,158Â 100,A01,1,1,1,5,0,-1,-1,0,0,-1,2021,48.0,1,2,13,0,2,1,1,,4,D769 - Avenue de Toul An AllÃ©e,-1,,2,2,0,1,17,400,1,, -1,1,0,3,50,12,8,2021,21:30,2,29,29227,2,1,0,6,Avenue de Toul An AllÃ©e,48.336178,-3.629895,21,1,1
202100047801,116Â 311,A01,10,3,1,0,0,-1,-1,1,3,2,2021,14.0,1,5,0,1,8,17,1,,3,AVENUE KENNEDY,0,,1,2,0,1,0,0,1,, -1,1,0,1,50,8,2,2021,11:15,1,30,30189,2,1,0,6,KENNEDY (AVENUE),43.8308,4.33925,11,3,1
202100025707,155Â 734,B01,1,1,2,0,1,-1,-1,-1, -1,-1,2021,22.0,1,2,0,2,1,1,1,,4,,0,,2,2,0,1,(1),(1),1,, -1,1,0,1,30,26,7,2021,18:20,1,69,69387,2,3,0,3,TONY GARNIER                        (AV),45.7299,4.82395,18,2,2
202100011877,180Â 493,A01,1,1,2,4,1,0,-1,-1, -1,-1,2021,26.0,1,2,0,0,3,13,1,,3,GENERAL LECLERC (AVENUE DU),0,,1,1,0,1,1,0,3,, -1,2,0,1,50,21,10,2021,03:30,5,93,93071,2,3,1,3,GENERAL LECLERC (AVENUE DU),48.93878,2.5274,3,6,2
202100052232,108Â 341,A01,1,1,2,5,8,0,-1,0,0,-1,2021,27.0,1,1,0,0,0,1,5,,4,QUAI D ORSAY,0,,2,2,1,1,(1),(1),1,, -1,2,-1,5,50,7,2,2021,13:35,1,75,75107,2,2,1,7,QUAI D ORSAY,48.862572,2.31041,13,1,1
202100036834,135Â 858,A01,1,1,1,9,2,6,-1,0,0,-1,2021,59.0,1,1,0,2,1,1,1,,4,BOULEVARD BARBES,0,,2,4,3,1,(1),(1),1,, -1,1,0,1,50,2,6,2021,07:58,1,75,75118,2,3,0,3,BOULEVARD BARBES,48.884469,2.349493,7,2,2
202100046956,117Â 843,A01,1,1,1,9,2,6,-1,0,0,-1,2021,41.0,2,1,0,2,1,18,1,,4,BOULEVARD BEAUMARCHAIS,0,,2,4,3,1,(1),(1),1,, -1,1,-1,6,50,23,3,2021,17:45,1,75,75103,2,3,0,3,BOULEVARD BEAUMARCHAIS,48.8592422772,2.3676878214,17,2,2
202100055493,102Â 657,B01,1,1,1,1,8,-1,-1,-1, -1,-1,2021,22.0,1,1,0,2,7,1,5,,4,AVE PIERRE PROUDHON,0,,1,2,0,1,(1),(1),2,, -1,1,0,1,50,11,1,2021,07:00,5,33,33550,2,6,0,3,Rue Pierre-Joseph Proudhon,44.78494,-0.5862,7,2,2
202100053771,105Â 630,A01,10,3,1,3,0,-1,-1,3,3,1,2021,85.0,2,2,0,1,2,1,1,,3,JEAN MONNET (AVENUE),0,,2,2,0,1,0,0,1,, -1,1,0,1,50,25,1,2021,11:00,1,92,92002,2,1,0,6,JEAN MONNET (AVENUE),48.7489433761,2.3024541854,11,2,1
202100025642,155Â 850,B01,1,1,1,0,2,0,-1,-1, -1,-1,2021,41.0,1,1,0,2,1,1,0,,4,FORMAGNE,0,,1,1,0,1,(1),(1),1,, -1,1,0,1,50,4,8,2021,15:00,1,93,93055,2,2,0,3,PIERRE BROSSOLETTE,48.89333,2.42214,15,2,2
202100034394,140Â 259,B01,1,1,1,1,2,6,-1,0,0,-1,2021,48.0,2,1,0,2,2,17,1,,4,213,0,D,2,2,0,1,(1),(1),1,, -1,1,0,1,50,15,6,2021,19:00,1,33,33273,2,1,1,3,Avenue du 18 Juin 1940,44.842726,-0.771726,19,2,2
202100002647,197Â 051,A01,1,1,2,9,1,0,-1,0,0,-1,2021,34.0,2,2,0,2,3,11,1,,4,AVENUE D ITALIE,0,,2,4,1,1,(1),(1),1,, -1,1,0,1,30,16,12,2021,18:30,5,75,75113,2,1,0,3,AVENUE D ITALIE,48.829591,2.356213,18,2,2
202100051412,109Â 790,A01,1,1,1,5,1,0,-1,-1, -1,-1,2021,41.0,2,2,9,0,3,1,1,,4,SAINT JUST,0,,2,1,0,1,0,0,1,, -1,1,0,4,50,13,2,2021,02:10,5,76,76351,1,1,0,6,SAINT JUST,49.51954,0.09317,2,1,1
202100019173,167Â 359,A01,4,2,1,4,1,0,-1,-1, -1,-1,2021,32.0,3,2,1,0,8,16,1,,4,CONTADES AVENUE,0,,2,2,0,1,0,0,1,, -1,1,0,4,30,13,9,2021,02:10,5,49,49007,2,6,0,6,CONTADES AVENUE,47.4631,-0.55385,2,5,1
202100018119,169Â 229,A01,10,3,2,5,0,-1,-1,5,1,2,2021,39.0,1,1,0,1,4,2,5,,7,GENERAL LECLERC (DU)                (PL),0,,2,1,1,2,0,1,1,, -1,1,0,5,50,18,9,2021,03:15,4,69,69142,2,1,0,6,GENERAL LECLERC (DU) (PL),45.7266290567,4.816009571,3,2,1
202100042130,126Â 319,A01,1,1,2,5,2,6,-1,0,0,-1,2021,40.0,2,1,0,2,1,1,1,,3,979,0,D,2,2,0,1,18,0,1,, -1,1,5,1,80,29,4,2021,17:55,1,87,87070,1,2,0,3,La Croix FerrÃ©e,45.781112,1.49156,17,5,2
202100027102,153Â 266,A01,1,1,2,5,1,-1,-1,0,0,-1,2021,66.0,3,2,0,0,3,1,1,,4,0,0,Z,2,2,0,2,(1),(1),3,, -1,1,0,1,50,25,7,2021,15:45,1,42,42085,1,1,0,1,Route du Stade,45.433014,4.588385,15,2,2
202100037064,135Â 449,A01,1,1,1,4,2,8,-1,-1, -1,-1,2021,28.0,3,1,0,2,0,1,1,,3,JEAN BAPTISTE CLEMENT (QU),0,,3,3,0,1,0,0,1,, -1,1,0,1,50,29,5,2021,20:10,1,94,94002,2,3,0,3,BLANQUI (QU),48.79825,2.42053,20,2,2
202100037900,133Â 919,B01,1,1,1,1,2,-1,-1,0,0,-1,2021,26.0,1,1,0,2,1,1,1,,3,D59,-1,,2,2,0,1,5,752,1,, -1,1,0,1,80,28,5,2021,21:10,2,44,44100,1,2,0,3,D59- ld la Bournaire,47.113729,-1.349924,21,2,2
202100055441,102Â 755,B01,1,1,1,0,8,0,-1,-1, -1,-1,2021,32.0,1,1,0,2,0,26,1,,3,RD 41 (ROCADE),0,,3,4,0,3,0,500,1,, -1,1,9,1,60,10,1,2021,22:08,5,972,97209,2,1,0,3,RD 41 (ROCADE),14.6162,-61.05593,22,2,2
202100043963,123Â 098,A01,10,3,2,3,0,-1,-1,3,3,1,2021,66.0,1,2,0,1,3,1,1,,3,758,-1,,2,2,0,1,5,647,1,, -1,1,9,1,30,15,4,2021,13:00,1,44,44186,2,1,0,6,Rue de l'Hotel de Ville,47.103141,-1.810936,13,2,1
202100007663,188Â 053,A01,10,3,1,9,0,-1,-1,1,3,1,2021,26.0,3,2,0,1,2,1,1,,4,SOUTERRAIN VAN GOGH,0,,3,2,0,1,(1),(1),1,, -1,1,1,1,30,16,11,2021,22:00,5,75,75112,2,1,0,6,SOUTERRAIN VAN GOGH,48.843893,2.371578,22,2,1