Num_Acc,id_vehicule,num_veh,place,catu,sexe,trajet,secu1,secu2,secu3,locp,actp,etatp,year_acc,victim_age,senc,catv,obs,obsm,choc,manv,motor,occutc,catr,voie,v1,v2,circ,nbv,vosp,prof,pr,pr1,plan,lartpc,larrout,surf,infra,situ,vma,jour,mois,an,hrmn,lum,dep,com,agg_,int,atm,col,adr,lat,long,hour,nb_victim,nb_vehicules
202100016983,171Â 263,B01,1,1,1,0,2,0,-1,-1, -1,-1,2021,25.0,1,1,0,2,4,15,0,,4,BLANCARDE (BOULEVARD),0,,2,4,0,1,0,0,1,, -1,1,0,1,50,24,9,2021,18:55,1,13,13204,2,3,0,2,BLANCARDE (BOULEVARD),43.29614,5.40611,18,2,2
202100013434,177Â 721,A01,1,1,1,1,8,-1,-1,0,0,-1,2021,24.0,1,2,13,0,1,1,1,,3,143,-1,,2,2,0,1,28,350,1,, -1,1,0,3,80,13,10,2021,09:00,1,47,47156,1,1,0,6,Lamouliere,44.489384,0.082982,9,1,1
202100002408,197Â 475,A01,10,3,2,0,0,-1,-1,4,3,1,2021,80.0,2,2,0,1,1,9,1,,3,LAON (AVENUE) DU NÂ°343 AU 469 ET DU NÂ° 3,0,,2,2,2,1,15,300,1,, -1,1,6,1,50,17,12,2021,17:35,5,51,51454,2,1,0,7,Avenue de Laon,49.277239,4.016068,17,2,1
202100019819,166Â 218,B01,2,2,1,0,2,6,-1,-1, -1,-1,2021,23.0,1,1,0,2,4,0,0,,1,86,0,,3,4,0,1,9,800,1,, -1,1,0,1,90,10,9,2021,10:20,1,92,92036,1,1,0,3,AUTOROUTE A86,48.9385313839,2.3099379142,10,3,2
202100048819,114Â 503,B01,1,1,1,5,0,-1,-1,0,0,-1,2021,60.0,2,0,0,2,4,1,3,,3,113,-1,,2,2,0,1,5,400,1,, -1,1,0,1,80,9,3,2021,14:00,1,14,14204,1,1,0,2,D113,49.36031,-1.01799,14,2,2
202100046880,117Â 978,B01,1,1,1,0,2,6,-1,-1, -1,-1,2021,57.0,2,1,0,2,1,1,6,,7,AEROPORT (AVENUE DE L'),0,,2,0,1,1,2,470,1,, -1,1,0,5,50,23,3,2021,14:45,1,83,83069,2,1,0,3,AEROPORT (AVENUE DE L'),43.09132,6.14257,14,2,2
202100022887,160Â 710,B01,1,1,2,0,8,0,-1,-1, -1,-1,2021,51.0,2,2,0,2,2,1,1,,1,AUTOROUTE A86,0,,3,8,0,2,15,399,3,, -1,1,2,1,90,23,8,2021,20:20,3,93,93001,1,1,0,3,AUTOROUTE A86,48.92181,2.37701,20,2,2
202100012025,180Â 215,B01,1,1,1,1,0,-1,-1,-1, -1,-1,2021,39.0,3,1,0,2,1,2,5,,4,RUE DES SATELLITES,0,,2,2,0,1,(1),(1),1,, -1,1,9,8,50,20,10,2021,09:15,1,33,33200,2,6,0,3,Avenue des Satellites,44.85889,-0.67289,9,2,2
202100001566,199Â 011,A01,2,2,1,0,1,0,-1,-1, -1,-1,2021,24.0,1,2,4,0,3,0,1,,1,AUTOROUTE A1,0,,3,8,0,1,12,0,1,, -1,3,0,1,110,24,12,2021,21:10,3,93,93005,1,1,1,6,AUTOROUTE A1,48.96026,2.46701,21,3,1
202100007673,188Â 034,A01,10,3,1,0,0,-1,-1,4,3,1,2021,59.0,1,1,0,1,2,19,1,,3,JEAN-JAURES (BD),0,,1,2,3,1,0,0,1,, -1,1,0,1,50,17,11,2021,18:20,5,93,93070,2,2,0,3,JEAN-JAURES (BD),48.91299,2.3349,18,2,1
202100011523,181Â 121,A01,1,1,1,9,1,0,-1,0,0,-1,2021,24.0,1,2,15,1,1,1,1,,4,RUE GUY MOQUET,0,,1,1,0,1,(1),(1),1,, -1,1,0,1,30,29,7,2021,22:45,5,75,75117,2,2,0,6,RUE GUY MOQUET,48.891708,2.321219,22,6,2
202100056001,101Â 786,B01,2,2,1,4,1,-1,-1,0,0,-1,2021,47.0,3,2,0,2,3,1,0,,4,route de Saint Paul ,-1,,2,2,0,1,(1),(1),1,, -1,1,0,1,50,8,1,2021,07:55,2,26,26235,2,9,0,1,Route de Saint Paul,44.368993,4.707658,7,3,2
202100006170,190Â 781,A01,10,3,2,5,0,-1,-1,3,3,1,2021,82.0,1,5,0,1,3,1,1,,4,1,-1,,1,2,0,1,0,10,1,,6,2,0,1,30,27,11,2021,13:30,1,202,202134,2,2,1,6,Avenue Piccioni,42.632905,8.938483,13,2,1
202100023441,159Â 721,A01,4,2,1,5,8,0,-1,-1, -1,-1,2021,26.0,2,2,1,0,1,2,1,,4,BD MAURICE BOURDET,0,,3,3,0,2,0,0,3,, -1,1,0,1,50,17,8,2021,23:58,5,13,13201,2,1,0,5,BD MAURICE BOURDET,43.302,5.3792,23,5,2
202100049015,114Â 146,A01,1,1,1,5,0,-1,-1,0,0,-1,2021,25.0,1,5,13,0,1,26,1,,3,708,0,D,2,2,0,1,67,500,2,, -1,1,0,8,80,6,3,2021,19:00,3,24,24159,1,1,0,6,Chatelier,45.104925,0.221186,19,2,1
202100030451,147Â 345,A01,1,1,1,5,0,-1,-1,0,0,-1,2021,24.0,1,1,1,0,1,14,1,,3,160,0,D,2,2,0,2,33,180,1,, -1,1,0,3,50,7,7,2021,07:00,1,49,49092,2,1,0,6,35 Rue Nationale (chemillÃ©),47.221277,-0.726739,7,1,1
202100047277,117Â 255,B01,2,2,2,5,2,6,-1,0,0,-1,2021,26.0,1,1,0,2,1,17,1,,2,2,-1,,2,2,0,2,109,156,4,, -1,1,0,1,50,20,3,2021,16:30,1,974,97412,2,3,0,1,Rue RaphaÃ«l Babet,-21.379567,55.631273,16,4,2
202100000812,200Â 270,B01,1,1,1,0,1,0,-1,-1, -1,-1,2021,30.0,1,2,0,2,4,2,1,,1,AUTOROUTE A5A,0,,3,8,0,1,0,899,1,, -1,1,0,1,90,31,12,2021,00:03,3,77,77251,1,1,0,2,AUTOROUTE A5A,48.6231372075,2.5429465165,0,2,2
202100017492,170Â 357,B01,2,2,2,5,2,6,-1,0,0,-1,2021,22.0,1,1,0,2,2,1,1,,4,RUE LE MAROIS,0,,1,1,0,1,(1),(1),1,, -1,1,0,1,30,22,9,2021,12:45,1,75,75116,2,1,0,3,RUE LE MAROIS,48.839138,2.261966,12,3,2
202100017882,169Â 660,A01,3,2,1,5,3,0,-1,-1, -1,-1,2021,7.0,1,2,0,2,2,1,1,,3,LEDRU ROLLIN (AV),0,,2,8,0,1,1,0,1,, -1,1,0,1,30,19,9,2021,18:50,1,94,94058,2,2,0,3,LEDRU ROLLIN (AV),48.84323,2.50338,18,4,2
202100029903,148Â 351,A01,10,3,1,0,0,-1,-1,3,3,1,2021,31.0,1,2,0,1,2,1,1,,7,107,-1,,3,1,0,1,13,150,3,,4,1,5,1,50,9,7,2021,17:50,1,21,21171,2,6,0,6,D107,47.303589,5.114892,17,2,1
202100020499,164Â 995,A01,2,2,2,0,2,-1,-1,-1, -1,-1,2021,19.0,3,1,0,2,1,9,1,,4,SAULES (DES),0,,2,1,0,1,0,0,1,, -1,1,0,1,50,3,9,2021,17:30,1,76,76351,2,1,0,3,SAULES (DES),49.51258,0.1579,17,3,2
202100011183,181Â 741,A01,1,1,1,0,2,6,-1,-1, -1,-1,2021,22.0,3,1,0,0,1,1,1,,1,AUTOROUTE A86,0,,1,1,0,4,51,0,3,, -1,2,3,1,50,25,10,2021,09:50,1,94,94034,1,1,1,7,AUTOROUTE A86,48.75977,2.33849,9,1,1
202100012674,179Â 061,B01,1,1,2,9,2,0,-1,0,0,-1,2021,29.0,3,1,0,2,1,1,1,,4,RUE DU GENERAL NIOX,0,,1,1,0,1,(1),(1),1,, -1,1,0,1,30,17,10,2021,18:00,1,75,75116,2,2,0,3,RUE DU GENERAL NIOX,48.836717,2.26291,18,2,2
202100003853,194Â 868,B01,1,1,1,0,2,0,-1,-1, -1,-1,2021,17.0,2,1,0,2,1,2,3,,3,REPUBLIQUE (AVE DE LA ) DE 52 A 104,0,,3,2,0,1,0,1,1,, -1,1,0,1,50,9,12,2021,20:15,5,93,93001,2,1,0,3,REPUBLIQUE (AVE DE LA ) DE 52 A 104,48.90828,2.38754,20,2,2
202100037832,134Â 032,A01,1,1,1,5,2,6,-1,0,0,-1,2021,39.0,1,1,0,0,0,21,1,,4,BOULEVARD DE COURCELLES,0,,2,2,0,1,(1),(1),1,, -1,1,0,1,50,28,5,2021,16:30,1,75,75117,2,7,0,7,BOULEVARD DE COURCELLES,48.880279,2.308309,16,1,1
202100037795,134Â 104,B01,1,1,2,5,1,-1,-1,-1, -1,-1,2021,49.0,1,2,8,2,7,23,1,,4,TROUIN (QUAI DUGUAY),0,,1,2,2,1,(1),(1),1,, -1,1,0,1,50,28,5,2021,14:30,1,35,35238,2,1,0,3,TROUIN (QUAI DUGUAY),48.1097909515,-1.6840506238,14,3,2
202100024717,157Â 464,A01,2,2,2,0,1,8,-1,-1, -1,-1,2021,47.0,3,2,0,2,6,11,1,,2,11 - RT,0,,3,4,0,1,1,0,1,, -1,1,0,1,90,10,8,2021,16:43,1,202,202120,1,1,0,2,11 - RT,42.636162,9.438596,16,4,2
202100000768,200Â 342,A01,1,1,1,5,2,6,-1,-1, -1,-1,2021,16.0,1,1,0,2,1,1,1,,4,PRESIDENT SADATE RUE DU,0,,2,2,0,3,(1),(1),1,, -1,1,5,1,50,30,12,2021,19:00,3,29,29232,2,3,0,3,Rue President Sadate,47.97791,-4.0981,19,2,2
202100050062,112Â 257,A01,1,1,2,2,2,6,-1,0,0,-1,2021,24.0,1,1,0,2,3,13,3,,4,BOULEVARD DES INVALIDES,0,,2,5,1,1,(1),(1),1,, -1,1,0,1,50,26,2,2021,18:20,1,75,75107,2,3,0,3,BOULEVARD DES INVALIDES,48.848288,2.315776,18,2,2
202100034070,140Â 865,A01,1,1,1,5,2,0,-1,0,0,-1,2021,18.0,1,1,0,2,1,17,1,,4,SABLES BLANCS (RUE DES ),0,,2,2,0,1,(1),(1),1,, -1,1,0,1,50,15,6,2021,18:04,1,29,29039,2,3,0,3,Rue des Sables Blancs,47.878369,-3.930069,18,2,2
202100008326,186Â 844,A01,1,1,1,0,1,-1,-1,0,0,-1,2021,31.0,1,2,6,0,1,14,1,,3,69,-1,,2,2,0,1,1,300,3,, -1,2,0,8,50,14,11,2021,09:40,1,55,55425,2,1,0,6,41 Rue du Moulin,49.440429,5.367926,9,1,1
202100055658,102Â 368,A01,1,1,1,0,2,6,-1,-1, -1,-1,2021,19.0,2,1,0,9,0,1,1,,3,CHARLES DE GAULLE (AVENUE),0,,2,2,1,1,20,750,1,, -1,1,0,1,50,9,1,2021,14:24,1,78,78481,2,1,0,7,CHARLES DE GAULLE (AVENUE),48.89178,2.10449,14,1,1
202100047775,116Â 353,A01,1,1,2,4,2,-1,-1,-1, -1,-1,2021,21.0,1,1,0,2,1,1,1,,4,EMILE ZOLA     (Cours),0,,2,2,2,1,(1),(1),1,, -1,1,0,1,50,16,3,2021,18:30,2,69,69266,2,3,0,3,EMILE ZOLA (CR),45.7696558981,4.8788174987,18,2,2
202100022261,161Â 848,B01,1,1,1,0,1,0,-1,-1, -1,-1,2021,62.0,1,2,0,2,3,1,1,,7,MALAFOLIE -(RUE DE LA),0,,2,2,0,1,21,975,1,, -1,1,5,1,50,27,8,2021,22:40,5,42,42044,2,2,0,1,Rue de la Malafolie,45.39406,4.30301,22,2,2
202100054143,104Â 970,B01,1,1,1,5,2,-1,-1,0,0,-1,2021,61.0,3,1,0,2,2,2,1,,4,,-1,,2,2,0,1,(1),(1),1,, -1,1,0,1,80,22,1,2021,16:35,1,49,49378,1,1,0,3,Rue du Pont Grison,47.322389,-0.040104,16,2,2
202100053164,106Â 707,B01,1,1,1,1,2,6,-1,-1, -1,-1,2021,25.0,2,1,0,2,1,1,1,,4,BARRE (DE LA)                       (R ),0,,1,1,3,3,(1),(1),1,, -1,1,0,1,50,29,1,2021,22:20,5,69,69382,2,1,0,3,BARRE (DE LA) (R),45.7577,4.83502,22,2,2
202100030598,147Â 059,B01,1,1,1,4,2,0,-1,0,0,-1,2021,40.0,3,1,0,2,1,1,5,,4,ALLEE DU BORD DE L EAU,0,,2,2,1,1,(1),(1),1,, -1,1,0,5,50,5,7,2021,15:10,1,75,75116,2,3,0,3,ALLEE DU BORD DE L EAU,48.85335,2.226424,15,2,2
202100034085,140Â 836,B01,1,1,2,0,1,-1,-1,0,0,-1,2021,57.0,0,2,0,2,5,9,1,,4,VARSIE  ( RUE DE ),0,,2,2,0,1,0,1,1,, -1,1,0,1,50,15,6,2021,18:15,1,5,5061,2,3,0,6,VARSIE  ( RUE DE ),44.57062,6.07942,18,2,2
202100000956,200Â 041,A01,1,1,1,4,2,6,-1,-1, -1,-1,2021,32.0,2,1,0,0,3,1,1,,1,A104,0,,3,2,0,3,18,100,1,, -1,2,0,1,50,29,12,2021,15:00,1,77,77363,1,1,1,7,A104,48.91095,2.63504,15,1,1
202100055231,103Â 096,A01,10,3,1,5,0,-1,-1,3,5,1,2021,25.0,2,1,0,1,1,21,1,,4,MAILLOT (BOULEVARD),0,,2,2,0,1,0,0,1,, -1,2,0,1,50,13,1,2021,18:30,5,92,92051,2,9,0,6,MAILLOT (BOULEVARD),48.8785137766,2.2738373281,18,2,1
202100028020,151Â 625,A01,1,1,1,1,2,6,9,0,0,-1,2021,26.0,1,1,0,0,8,0,1,,3,28,0,,2,2,0,1,28,614,3,, -1,1,0,1,-1,21,7,2021,13:55,1,1,1025,1,9,0,7,Route de Montrevel,46.311999,4.96163,13,1,1
202100023115,160Â 293,A01,1,1,2,0,8,0,-1,-1, -1,-1,2021,48.0,3,1,6,0,0,0,0,,9,GALERIE DE L'ARLEQUIN,0,,-1,0,0,1,0,0,1,, -1,1,6,4,30,21,8,2021,17:45,1,38,38185,2,1,0,6,GALERIE DE L'ARLEQUIN,45.16515,5.73181,17,2,1
202100039415,131Â 147,B01,3,2,2,5,3,8,-1,-1, -1,-1,2021,0.0,1,2,0,0,4,2,1,,4,SOLDATS (DES) (MO),0,,1,1,0,2,(1),(1),1,, -1,2,0,1,50,18,5,2021,18:30,1,69,69034,2,1,1,2,SOLDATS (DES)                       (MO),45.79767501,4.8520259101,18,3,2
202100027286,152Â 956,B01,2,2,2,5,2,6,-1,0,0,-1,2021,39.0,2,1,0,0,2,17,1,,4,,-1,,2,2,0,1,(1),(1),1,,"5,5",1,0,1,50,24,7,2021,21:00,5,69,69244,2,2,0,3,CHARLES DE GAULLE (AV),45.763081,4.780437,21,3,2
202100026003,155Â 201,B01,1,1,1,0,8,0,-1,0,0,-1,2021,25.0,1,1,0,2,1,1,5,,3,BORD DE MER RN.98 LA SIESTA,0,,2,4,1,1,26,758,1,, -1,1,0,5,50,1,8,2021,12:15,1,6,6004,1,1,0,3,BORD DE MER RN.98 LA SIESTA,43.61191,7.12718,12,2,2
202100038340,133Â 099,B01,1,1,1,0,2,8,-1,-1, -1,-1,2021,41.0,0,1,0,2,1,1,1,,4,AERODROME AVENUE DE L'(CD117),0,,-1,4,0,1,0,0,1,, -1,1,0,1,50,21,5,2021,13:16,1,66,66136,2,2,0,3,AERODROME AVENUE DE L'(CD117),42.72192,2.88512,13,2,2
202100043662,123Â 629,A01,1,1,1,-1,0,-1,-1,-1, -1,-1,2021,33.0,-1,1,1,0,2,26,1,,3,BARBUSSE (AVENUE HENRI) A30,0,,2,2,0,1,0,1,1,, -1,1,9,1,50,16,4,2021,21:15,5,93,93008,2,2,0,3,REPUBLIQUE (ALLEE DE LA),48.9076069116,2.4257361889,21,2,2
202100014052,176Â 577,B01,1,1,1,1,2,6,9,0,0,-1,2021,62.0,1,1,0,2,1,1,1,,2,77,-1,,2,2,0,1,11,882,1,, -1,1,0,1,80,11,10,2021,07:40,1,10,10074,1,1,1,1,Route Nationale 77,48.121958,3.951817,7,2,2
202100019050,167Â 589,B01,1,1,1,1,2,-1,-1,0,0,-1,2021,32.0,2,1,0,0,1,17,1,,1,35,-1,,2,2,0,1,124,500,3,, -1,1,3,1,90,13,9,2021,06:45,2,68,68135,1,3,0,1,D105,47.588785,7.546851,6,2,2
202100029990,148Â 188,A01,1,1,2,0,2,6,-1,-1, -1,-1,2021,25.0,1,1,4,0,8,0,1,,1,VA007495 A62,0,,3,8,0,1,225,413,1,, -1,1,0,1,90,8,7,2021,17:05,1,31,31555,2,1,0,7,VA007495 A62,43.65192,1.43003,17,1,1
202100043678,123Â 603,B01,1,1,1,5,2,-1,-1,0,0,-1,2021,70.0,1,1,0,2,3,1,5,,3,231,0,,2,2,0,1,0,850,1,, -1,1,4,1,80,18,4,2021,14:53,1,32,32458,1,2,0,3,RD 231,43.735008,-0.013592,14,2,2
202100036584,136Â 320,B01,10,3,2,1,0,-1,-1,3,3,3,2021,43.0,3,2,0,1,1,1,1,,4,SALVADOR ALLENDE (BOULEVARD),0,,2,2,0,1,(1),(1),1,, -1,1,0,1,50,3,6,2021,18:10,1,95,95680,2,9,0,3,SALVADOR ALLENDE (BOULEVARD),49.00427,2.39475,18,4,2
202100042985,124Â 837,A01,4,2,1,4,8,-1,-1,0,0,-1,2021,46.0,3,2,0,2,7,19,1,,3,65,0,,2,2,0,1,11,445,1,, -1,1,0,1,80,23,4,2021,20:30,1,86,86197,1,2,0,3,Lieu Dit Vouzeray,47.033002,0.282662,20,5,2
202100016359,172Â 393,B01,1,1,2,1,2,0,-1,0,0,-1,2021,31.0,1,1,0,2,4,19,5,,4,AVENUE COURTELINE,0,,2,6,0,1,(1),(1),1,, -1,2,0,1,30,27,9,2021,07:13,5,75,75112,2,5,0,3,AVENUE COURTELINE,48.8440504325,2.413094995,7,2,2
202100033289,142Â 261,A01,1,1,1,5,1,-1,-1,-1,0,-1,2021,31.0,1,2,4,0,1,1,1,,1,AUTOROUTE A15,0,,3,7,0,1,13,500,1,, -1,2,3,1,70,19,6,2021,22:20,3,95,95424,1,1,1,6, A15,48.9895,2.20049,22,1,1
202100041147,128Â 055,B01,1,1,1,4,2,0,-1,0,0,-1,2021,35.0,1,1,0,2,8,1,5,,4,RUE CAMBACERES,0,,1,1,0,1,(1),(1),1,, -1,2,0,1,30,6,5,2021,13:10,1,75,75108,2,2,1,3,RUE CAMBACERES,48.873234,2.317926,13,2,2
202100024758,157Â 394,A01,4,2,2,0,1,8,-1,-1, -1,-1,2021,25.0,2,2,2,0,3,0,1,,4,SOUVENIR FRANCAIS -AVENUE-,0,,2,2,0,1,1,0,1,, -1,1,0,4,50,11,7,2021,03:24,5,11,11069,2,1,0,6,SOUVENIR FRANCAIS -AVENUE-,43.20868,2.38151,3,3,1
202100029875,148Â 392,A01,1,1,1,5,2,-1,-1,0,0,-1,2021,42.0,1,1,16,0,8,1,1,,3,464,0,,2,2,0,2,77,200,2,, -1,1,0,3,80,9,7,2021,21:00,1,25,25127,1,1,0,7,Cerneux Maillot,47.192658,6.822531,21,1,1
202100026262,154Â 758,B01,1,1,1,0,2,6,-1,-1, -1,-1,2021,48.0,2,1,0,2,1,1,1,,4,BOURGOGNE (DE)                      (R ),0,,2,2,0,1,(1),(1),1,, -1,2,5,1,50,30,7,2021,17:10,1,69,69389,2,2,1,3,BOURGOGNE (DE) (R),45.778591015,4.802509278,17,2,2
202100024249,158Â 322,A01,10,3,1,5,0,-1,-1,2,3,1,2021,35.0,0,2,0,1,1,1,1,,4,HENRI. RUE,0,,2,2,0,1,0,0,1,, -1,1,0,1,50,13,8,2021,19:40,1,76,76231,2,1,0,6,Rue Henry,49.29093,1.007301,19,2,1
202100037158,135Â 262,A01,10,3,2,5,0,-1,-1,8,9,1,2021,13.0,3,2,0,1,2,0,1,,5,PAIX,0,,-1,0,0,1,0,0,3,, -1,1,0,8,30,31,5,2021,18:25,1,64,64445,2,9,0,6,PAIX,43.3194564039,-0.3489017487,18,2,1
202100033232,142Â 365,A01,1,1,1,5,1,-1,-1,0,0,-1,2021,92.0,1,2,13,0,1,1,1,,3,633,-1,,2,2,0,1,0,1,1,, -1,1,0,3,80,20,6,2021,16:00,1,67,67103,1,1,0,7,D633,48.799596,7.405273,16,1,1
202100017347,170Â 639,A01,1,1,1,4,1,0,-1,-1, -1,-1,2021,36.0,2,4,1,2,1,1,1,,1,A46N   14.305 A 17.210,0,,3,3,0,1,16,130,1,, -1,1,0,1,110,24,9,2021,20:32,3,1,1248,1,1,0,5,A46N   14.305 A 17.210,45.885995,4.894288,20,4,4
202100021156,163Â 846,A01,1,1,1,5,0,-1,-1,0,0,-1,2021,68.0,3,2,6,0,1,25,1,,4,A,0,A,2,2,0,1,(1),(1),2,, -1,1,0,4,50,24,8,2021,17:00,1,17,17236,2,1,0,6,25 Cite Pechevre,45.368747,-0.569168,17,1,1
202100009600,184Â 548,A01,2,2,2,5,1,-1,-1,-1, -1,-1,2021,31.0,1,2,15,0,1,14,1,,4,PALUDATE (QUAI DE),0,,2,2,0,1,(1),(1),1,, -1,2,0,3,50,3,11,2021,00:10,5,33,33063,2,1,1,6,Quai de Paludate,44.825373,-0.546865,0,2,1
202100027085,153Â 304,A01,1,1,1,4,2,6,-1,0,0,-1,2021,57.0,1,1,0,2,8,15,1,,4,BOULEVARD DE LA VILLETTE,0,,1,3,0,1,(1),(1),1,, -1,1,5,1,30,25,7,2021,19:25,1,75,75119,2,2,0,3,BOULEVARD DE LA VILLETTE,48.884475,2.364808,19,2,2
202100006612,189Â 970,A01,1,1,1,0,1,0,-1,-1, -1,-1,2021,50.0,3,2,0,2,8,15,1,,4,DURAND GEORGES (AV) NÂ° PAIRS 312 A 460,0,,3,2,2,1,0,0,1,, -1,1,0,1,50,22,11,2021,07:15,2,72,72181,2,3,0,3,DURAND GEORGES (AV) NÂ° PAIRS 312 A 460,47.96573,0.22039,7,2,2
202100018293,168Â 925,B01,1,1,2,0,2,8,-1,-1, -1,-1,2021,41.0,1,1,0,2,1,1,1,,3,BADUEL (ROUTE DE),0,,2,2,2,1,4,400,1,, -1,1,0,1,50,17,9,2021,08:00,1,973,97302,2,1,0,3,BADUEL (ROUTE DE),4.9278829991,-52.2921990752,8,2,2
202100050191,112Â 001,B01,1,1,1,0,2,-1,-1,-1, -1,-1,2021,20.0,2,1,0,2,1,1,1,,4,CRS D'ALBRET,0,,2,4,0,1,(1),(1),1,, -1,1,0,1,50,25,2,2021,13:45,1,33,33063,2,3,0,1,Cours dâAlbret,44.83724,-0.58119,13,2,2
202100010608,182Â 769,A01,1,1,1,5,8,-1,-1,0,0,-1,2021,33.0,0,2,2,0,2,11,1,,3,79,0,D,2,2,0,1,(1),(1),1,, -1,1,0,1,80,29,10,2021,06:15,3,80,80481,1,1,0,6,Rue de Framerville,49.826976,2.763083,6,1,1
202100013247,178Â 063,A01,10,3,1,5,8,8,-1,5,9,2,2021,31.0,3,2,9,1,2,14,1,,7,VOIE RAPIDE EST,0,,3,6,0,1,0,0,2,, -1,1,5,4,50,13,10,2021,11:30,1,57,57463,2,3,0,6,VOIE RAPIDE EST,49.11578,6.19069,11,2,1
202100012914,178Â 647,A01,10,3,2,0,0,-1,-1,3,3,1,2021,36.0,3,2,0,1,1,1,1,,7,,-1,,2,1,0,2,4,500,1,,3,1,4,1,30,16,10,2021,09:40,1,69,69260,2,1,0,6,PONT (DU) (R),45.64714,4.813809,9,2,1
202100004586,193Â 578,B01,1,1,2,4,1,-1,-1,0,0,-1,2021,56.0,1,2,0,2,3,1,1,,3,39,0,D,2,2,0,2,4,400,2,, -1,2,0,1,80,6,12,2021,05:30,3,40,40001,1,1,1,1,RD39- PK4+400,43.695711,-0.253742,5,2,2
202100038412,132Â 979,B01,1,1,1,0,2,6,-1,-1, -1,-1,2021,38.0,1,1,0,2,7,1,1,,3,DE GAULLE (AV DU GENERAL) 58/49 - FIN,0,,2,4,0,1,1,0,1,, -1,2,0,1,50,25,5,2021,12:30,1,93,93064,2,3,1,3,Avenue du GÃ©nÃ©ral de Gaulle / Rue Louise Michel,48.878302,2.479143,12,2,2
202100026101,155Â 038,A01,1,1,2,0,2,6,-1,-1, -1,-1,2021,28.0,2,1,4,0,8,21,1,,1,AUTOROUTE A103,0,,3,8,0,4,0,300,2,, -1,1,0,1,70,1,8,2021,17:30,1,93,93053,1,1,0,7,AUTOROUTE A103,48.8876568563,2.4726906697,17,1,1
202100055734,102Â 241,B01,1,1,2,9,1,8,-1,-1, -1,-1,2021,26.0,1,2,0,2,4,2,1,,1,A50-Sens Marseille vers Aubagne,0,,1,3,0,1,1,200,1,, -1,1,0,1,90,8,1,2021,18:20,3,13,13210,1,1,0,4,A50-Sens Marseille vers Aubagne,43.282708,5.396648,18,3,3
202100049666,112Â 964,A01,1,1,1,1,2,6,-1,0,0,-1,2021,27.0,1,1,0,2,2,13,1,,4,PLACE DE LA REPUBLIQUE,0,,2,2,0,1,(1),(1),1,, -1,1,0,1,50,1,3,2021,07:55,1,75,75103,2,2,0,2,PLACE DE LA REPUBLIQUE,48.8673313025,2.3633959497,7,2,2
202100030939,146Â 453,A01,1,1,2,5,2,6,-1,0,0,-1,2021,42.0,1,1,0,2,3,1,5,,3,520,0,A,2,2,0,2,(1),(1),2,, -1,1,0,1,70,5,7,2021,13:15,1,38,38407,1,1,0,3,D520 A,45.327847,5.656908,13,4,4
202100036056,137Â 233,A01,2,2,1,5,1,0,-1,-1, -1,-1,2021,18.0,3,2,2,0,2,1,1,,4,FORET D'ELBEUF,0,,2,2,0,2,(1),(1),3,, -1,1,9,3,50,6,6,2021,14:15,1,76,76231,1,1,0,7,FORET D'ELBEUF,49.25895,1.01025,14,2,1
202100021744,162Â 763,A01,4,2,2,5,1,0,-1,-1, -1,-1,2021,1.0,2,2,0,2,2,1,1,,1,AUTOROUTE A86,0,,1,6,0,1,12,0,1,, -1,1,0,1,90,31,8,2021,12:30,1,93,93039,1,1,0,5,AUTOROUTE A86,48.92746,2.33354,12,5,3
202100026207,154Â 852,A01,2,2,2,5,1,-1,-1,0,0,-1,2021,19.0,1,2,0,2,1,13,1,,3,6089,0,,2,2,0,1,31,800,3,, -1,1,0,1,90,31,7,2021,17:05,1,24,24004,1,1,0,1,lieu-dit Tuilerie de La Garde - PK 31+800 - CD 6089,45.134492,1.036159,17,7,2
202100001884,198Â 428,A01,1,1,2,1,1,5,-1,0,0,-1,2021,29.0,3,2,0,2,1,1,1,,4,JAURES (BOULEVARD JAURES),0,,2,2,0,1,(1),(1),1,, -1,1,0,1,30,21,12,2021,17:40,5,27,27681,2,1,0,1,JAURES (BOULEVARD JAURES),49.0948295191,1.46698375,17,3,2
202100044190,122Â 686,B01,1,1,2,0,2,-1,-1,0,0,-1,2021,46.0,2,1,0,2,7,1,1,,3,979,-1,,2,2,0,1,47,500,1,, -1,1,0,1,80,14,4,2021,12:10,1,30,30334,1,3,0,3,D979,43.991838,4.412266,12,2,2
202100021243,163Â 685,A01,3,2,1,0,1,0,-1,-1, -1,-1,2021,20.0,1,2,8,2,7,1,1,,4,VALMY RUE DE,0,,1,3,1,1,(1),(1),1,, -1,1,5,1,30,2,9,2021,02:00,5,59,59350,2,2,0,3,VALMY RUE DE,50.62938,3.06356,2,5,2
202100041094,128Â 157,A01,1,1,1,0,8,6,-1,-1, -1,-1,2021,63.0,1,1,0,0,0,26,1,,4,ARMAND ( BOULEVARD LOUIS ),0,,2,2,0,2,0,0,1,, -1,2,9,1,50,6,5,2021,09:40,1,53,53201,2,1,1,7,ARMAND ( BOULEVARD LOUIS ),48.06633,-0.8046,9,1,1
202100021311,163Â 558,B01,1,1,1,0,1,0,-1,-1, -1,-1,2021,50.0,1,2,0,2,1,2,1,,3,JEAN-JAURES (BD),0,,2,4,0,1,0,0,1,, -1,1,0,1,50,2,9,2021,11:20,1,93,93070,2,9,0,3,JEAN-JAURES (BD),48.9127,2.3349,11,2,2