Num_Acc,id_vehicule,num_veh,place,catu,sexe,trajet,secu1,secu2,secu3,locp,actp,etatp,year_acc,victim_age,senc,catv,obs,obsm,choc,manv,motor,occutc,catr,voie,v1,v2,circ,nbv,vosp,prof,pr,pr1,plan,lartpc,larrout,surf,infra,situ,vma,jour,mois,an,hrmn,lum,dep,com,agg_,int,atm,col,adr,lat,long,hour,nb_victim,nb_vehicules
202100037661,134Â 339,A01,1,1,1,5,1,-1,-1,0,0,-1,2021,24.0,2,2,0,2,1,5,1,,3,417,0,D,2,2,0,1,(1),(1),1,, -1,1,0,1,80,29,5,2021,20:45,2,68,68338,1,1,0,1,D417,48.075685,7.297239,20,2,2
202100053918,105Â 369,A01,2,2,1,0,2,8,-1,-1, -1,-1,2021,40.0,1,1,0,2,4,1,1,,4,kaweni-Grande Traverse (rue de la),0,,2,0,0,1,0,0,1,, -1,1,0,1,500,22,1,2021,11:15,1,976,97611,2,1,0,2,kaweni-Grande Traverse (rue de la),-12.76549,45.2251,11,3,2
202100054268,104Â 753,A01,1,1,1,0,1,-1,-1,0,0,-1,2021,24.0,2,2,4,0,0,1,1,,7,65,0,,3,4,0,2,8,800,3,, -1,2,0,8,70,22,1,2021,06:30,2,34,34077,2,1,1,6,Avenue du Martinet,43.649895,3.883828,6,1,1
202100053683,105Â 777,B01,1,1,1,5,2,6,-1,0,0,-1,2021,15.0,2,1,0,2,1,1,1,,7,87,-1,,2,2,0,1,4,200,1,, -1,1,0,1,50,26,1,2021,15:45,1,69,69163,2,3,0,3, CHASSELAY (DE) (R) (13),45.9129349264,4.7770166785,15,2,2
202100037492,134Â 655,A01,2,2,1,5,2,6,-1,0,0,-1,2021,15.0,3,1,0,0,0,1,1,,4,,0,,2,1,0,1,0,0,2,,3,1,0,3,80,29,5,2021,17:05,1,58,58164,1,1,0,7,Charrant,47.221823,3.017244,17,2,1
202100054365,104Â 584,A01,10,3,1,0,0,-1,-1,4,3,2,2021,22.0,3,0,0,1,0,15,1,,4,AV DU CHEMIN DE MESLY,0,,2,2,0,1,1,0,1,, -1,1,0,8,50,20,1,2021,02:00,5,94,94028,2,3,0,6,Rue de Mesly,48.78,2.46,2,2,1
202100020372,165Â 224,B01,1,1,1,5,1,-1,-1,0,0,-1,2021,41.0,2,2,14,2,4,23,1,,1,77,0,A,1,1,3,1,97,400,1,, -1,1,7,6,-1,8,9,2021,09:05,1,58,58187,1,1,0,2,A77 -Pk 097.400 sens NEVERS-PARIS,47.452266,2.948198,9,2,2
202100009827,184Â 131,B01,1,1,1,5,8,-1,-1,0,0,-1,2021,65.0,2,2,1,0,2,1,1,,1,11,-1,,3,3,3,1,76,400,1,,"13,5",2,0,1,110,2,11,2021,22:14,3,28,28141,1,1,1,4,"Autoroute A11, PK 076+400 vers Paris",48.321389,1.355277,22,5,3
202100032881,142Â 991,A01,1,1,1,5,1,-1,-1,-1, -1,-1,2021,21.0,1,2,9,0,1,15,1,,4,REBILLON (ARMAND),0,,2,2,0,1,(1),(1),2,, -1,2,5,4,50,21,6,2021,22:40,5,35,35238,2,6,1,6,REBILLON (ARMAND),48.12156,-1.68182,22,1,1
202100008640,186Â 301,A01,1,1,1,5,2,6,-1,0,0,-1,2021,57.0,3,1,0,0,1,1,1,,4,,-1,,2,2,0,1,(1),(1),3,,5,1,0,1,50,11,11,2021,12:00,1,29,29249,1,1,0,7,Toul Ar CâHaz,48.153275,-3.780107,12,1,1
202100013322,177Â 934,A01,1,1,1,4,2,6,-1,-1, -1,-1,2021,29.0,2,1,1,2,1,1,1,,4,MEDERIC (R),0,,1,-1,0,1,1,0,1,, -1,1,0,1,50,9,10,2021,13:30,1,94,94033,2,1,0,2,Rue MÃ©dÃ©ric,48.8513,2.4511,13,2,2
202100044299,122Â 479,A01,10,3,1,9,0,-1,-1,2,3,1,2021,47.0,1,1,0,1,1,5,3,,4,RUE DE LA ROQUETTE,0,,1,0,0,1,(1),(1),1,, -1,1,0,1,50,12,4,2021,18:30,1,75,75111,2,1,0,6,RUE DE LA ROQUETTE,48.855999,2.375685,18,2,1
202100052914,107Â 137,A01,1,1,1,1,2,6,-1,0,0,-1,2021,28.0,3,1,0,2,7,17,1,,4,BOULEVARD VOLTAIRE,0,,2,4,1,1,(1),(1),1,, -1,1,0,1,50,1,2,2021,18:59,5,75,75111,2,4,0,3,BOULEVARD VOLTAIRE,48.857328,2.380819,18,2,2
202100020657,164Â 705,A01,1,1,1,5,2,-1,-1,0,0,-1,2021,24.0,2,1,5,0,2,1,1,,3,323,0,D,2,2,1,1,92,480,1,, -1,1,0,1,70,3,9,2021,22:00,5,72,72154,2,1,0,6,Boulevard de MontrÃ©al,47.69713,-0.06701,22,1,1
202100039135,131Â 673,A01,1,1,1,5,2,6,-1,0,0,-1,2021,19.0,1,1,0,2,1,2,1,,4,PORTE DE LA CHAPELLE,0,,-1,4,0,1,23,300,1,, -1,1,0,1,70,19,5,2021,19:10,1,75,75118,2,1,0,2,PORTE DE LA CHAPELLE,48.900728,2.362969,19,3,2
202100040807,128Â 679,A01,1,1,1,5,2,6,9,0,0,-1,2021,50.0,2,1,3,0,2,2,1,,2,85,0,N,2,2,0,1,101,300,2,, -1,1,0,1,50,9,5,2021,13:00,1,38,38128,1,1,0,6,Route de Grenoble,44.82308,5.95235,13,1,1
202100014637,175Â 550,B01,1,1,1,1,2,8,-1,0,0,-1,2021,28.0,1,1,0,2,3,1,1,,4,BOULEVARD DIDEROT,0,,2,2,1,1,(1),(1),1,, -1,1,0,1,30,6,10,2021,23:41,5,75,75112,2,2,0,3,BOULEVARD DIDEROT,48.847379,2.386757,23,2,2
202100045848,119Â 803,B01,1,1,2,1,0,-1,-1,0,0,-1,2021,29.0,2,0,0,2,7,15,3,,3,437,-1,,2,2,0,2,68,500,1,, -1,1,5,1,50,31,3,2021,17:06,1,25,25411,2,6,0,3,10 Avenue Charles de Gaulle,47.057383,6.611297,17,2,2
202100049413,113Â 432,Z01,10,3,1,3,8,8,-1,4,3,1,2021,75.0,2,1,0,1,0,1,5,,4,BOULEVARD DE STRASBOURG,0,,1,3,1,1,(1),(1),1,, -1,1,-1,5,30,3,3,2021,17:30,1,75,75110,2,2,0,6,BOULEVARD DE STRASBOURG,48.872261,2.355919,17,2,1
202100035975,137Â 379,A01,1,1,1,5,2,-1,-1,0,0,-1,2021,64.0,3,1,0,0,0,1,5,,4,,0,,2,2,0,1,(1),(1),2,,4,1,0,1,80,7,6,2021,14:10,1,22,22234,1,1,0,7,st ignace,48.505922,-2.895294,14,1,1
202100011651,180Â 899,A01,10,3,1,0,0,-1,-1,2,3,2,2021,32.0,1,2,0,1,1,1,1,,4,COSARDE (R DE LA),0,,1,1,0,2,1,0,1,, -1,1,0,1,30,22,10,2021,08:50,1,94,94038,2,1,0,6,Rue de la Cosarde,48.77793,2.33329,8,2,1
202100002645,197Â 053,A01,1,1,1,9,8,0,-1,0,0,-1,2021,46.0,1,2,7,0,1,14,1,,4,BOULEVARD SUCHET,0,,2,3,0,1,(1),(1),1,, -1,1,0,1,50,16,12,2021,02:30,5,75,75116,2,3,0,6,BOULEVARD SUCHET,48.850532,2.260277,2,1,1
202100015135,174Â 656,B01,1,1,1,5,1,5,-1,-1, -1,-1,2021,21.0,3,2,0,0,3,1,1,,3,LOUIS ARMAND (CARREFOUR),0,,1,3,0,1,0,1,1,, -1,2,0,1,50,5,10,2021,21:45,5,93,93005,2,6,1,3,Boulevard AndrÃ© CitroÃ«n,48.956024,2.480609,21,2,2
202100034781,139Â 542,B01,1,1,1,9,2,0,-1,0,0,-1,2021,38.0,1,0,0,2,1,1,3,,4,RUE LEBLANC,0,,2,3,1,1,(1),(1),1,, -1,1,0,5,30,12,6,2021,11:25,1,75,75115,2,3,0,3,RUE LEBLANC,48.83668,2.279288,11,3,2
202100053228,106Â 592,B01,1,1,1,9,8,0,-1,-1, -1,-1,2021,41.0,1,4,0,2,4,0,1,,4,LÃON BANCAL (RUE),0,,-1,1,0,1,1,0,1,, -1,1,0,1,50,29,1,2021,14:20,1,13,13211,2,1,0,4,LÃON BANCAL (RUE),43.2878076014,5.4805219205,14,5,5
202100018063,169Â 345,B01,1,1,1,4,1,-1,-1,0,0,-1,2021,54.0,2,2,0,2,7,1,1,,7,113,-1,,2,2,0,1,32,100,1,, -1,1,0,1,-1,10,9,2021,14:45,1,13,13051,1,1,0,3,PK 32+100 route dÃ©partementale 113,43.586305,5.12884,14,2,2
202100031399,145Â 630,A01,2,2,2,5,2,0,-1,-1, -1,-1,2021,53.0,1,1,3,0,7,14,1,,1,A55-Sens Marseille vers Martigues,0,,1,2,0,1,19,200,1,, -1,1,0,1,110,1,7,2021,21:55,3,13,13043,1,1,0,3,A55-Sens Marseille vers Martigues,43.38996,5.24669,21,2,1
202100025720,155Â 712,A01,1,1,1,9,1,-1,-1,0,0,-1,2021,75.0,0,2,1,0,2,1,1,,4,GAUTHIER DE RUMILLY (RUE),0,,1,1,1,1,(1),(1),1,, -1,1,0,1,50,30,7,2021,19:40,1,80,80021,2,1,0,6,GAUTHIER DE RUMILLY (RUE),49.8838436759,2.2919695217,19,1,1
202100039052,131Â 829,A01,1,1,1,4,1,0,-1,-1, -1,-1,2021,34.0,2,2,4,0,1,9,1,,2,RN104,0,,1,2,0,1,6,699,1,, -1,1,0,1,90,21,5,2021,03:00,3,77,77373,1,9,0,6,RN104,48.7749600662,2.6123786917,3,1,1
202100011822,180Â 591,A01,10,3,1,1,0,-1,-1,3,3,1,2021,61.0,3,2,0,1,2,15,1,,4,FRESNEL (RUE AUGUSTIN),0,,2,2,0,1,7,0,1,, -1,1,0,1,50,21,10,2021,20:00,5,35,35115,2,1,0,6,FRESNEL (RUE AUGUSTIN),48.350035,-1.181337,20,2,1
202100055904,101Â 949,B01,1,1,2,0,1,0,-1,-1, -1,-1,2021,35.0,3,2,0,2,1,0,1,,4,SEINE ( RUE DE LA ),0,,2,2,0,1,(1),(1),1,, -1,1,0,1,50,6,1,2021,12:52,1,76,76305,2,1,0,1,Route de la Seine,49.5049,0.22288,12,2,2
202100020025,165Â 830,A01,1,1,2,1,2,6,-1,-1, -1,-1,2021,25.0,2,1,13,0,7,1,1,,1,A104,0,,3,6,0,1,8,100,1,, -1,1,0,1,90,8,9,2021,08:45,1,77,77294,1,1,1,3,A104,48.970753,2.571728,8,1,1
202100001117,199Â 771,A01,10,3,1,0,0,-1,-1,1,B,3,2021,29.0,1,5,1,0,1,2,1,,1,48,-1,,3,5,3,2,46,200,1,, -1,2,0,6,130,30,12,2021,07:33,3,38,38464,1,1,1,2,"A48, PK 46.200",45.543284,5.38079,7,4,1
202100013943,176Â 777,A01,1,1,1,5,0,-1,-1,0,0,-1,2021,87.0,1,2,0,2,3,10,1,,3,535,0,,2,2,0,2,13,600,3,, -1,1,0,1,80,12,10,2021,11:30,1,43,43135,1,1,0,1,Route dÃ©partementale 535,44.953619,3.986492,11,2,2
202100056339,101Â 195,A01,1,1,1,5,0,0,-1,0,0,-1,2021,61.0,1,6,12,0,9,10,1,,4,,0,,2,2,2,1,(1),(1),1,, -1,2,-1,1,50,3,1,2021,15:20,1,54,54431,2,1,1,7,BOIS LE PRETRE (RUE DU),48.91391,6.04411,15,1,1
202100041046,128Â 241,A01,10,3,2,0,0,-1,-1,1,3,1,2021,2.0,1,2,0,1,1,1,1,,4,GRONDIN (RUELLE MARC),0,,1,1,0,1,0,0,1,, -1,1,0,1,50,4,5,2021,08:30,1,974,97416,2,1,0,6,GRONDIN (RUELLE MARC),-21.34877,55.48942,8,2,1
202100046159,119Â 258,Y01,1,1,2,0,0,-1,-1,0,0,-1,2021,40.0,2,1,0,2,8,19,5,,3,REINE (ROUTE DE LA) 39/107 BIS,0,,2,4,0,1,0,0,1,, -1,1,0,1,50,29,3,2021,13:30,1,92,92012,2,2,0,3,REINE (ROUTE DE LA) 39/107 BIS,48.8392153181,2.2455400229,13,2,2
202100008925,185Â 764,B01,1,1,1,5,1,0,-1,-1, -1,-1,2021,47.0,2,2,0,2,6,1,1,,4,MORIN(CHEMIN),0,,2,2,0,1,0,0,3,, -1,1,0,1,50,6,11,2021,20:15,3,974,97409,2,1,0,1,MORIN(CHEMIN),-20.96966,55.64656,20,2,2
202100049620,113Â 048,A01,10,3,2,5,0,-1,-1,3,3,1,2021,58.0,1,2,0,1,0,9,1,,4,ROMAINS (ROUTE DES),0,,2,4,1,1,0,0,1,, -1,1,0,1,50,27,2,2021,17:45,2,67,67118,2,1,1,6,ROMAINS (ROUTE DES),48.5827302717,7.69141427,17,2,1
202100045894,119Â 725,A01,10,3,2,0,0,-1,-1,4,3,1,2021,69.0,2,1,0,1,1,1,1,,3,LYAUTEY (DU MARECHAL),0,,1,1,0,1,22,183,1,, -1,1,9,1,50,26,3,2021,11:55,1,78,78551,2,2,0,6,LYAUTEY (DU MARECHAL),48.8949,2.0955,11,2,1
202100000976,200Â 014,A01,10,3,2,1,8,8,-1,3,3,1,2021,57.0,1,2,0,1,1,1,1,,4,PONT SAINT CYPRIEN (RUE DU),0,,2,3,2,1,(1),(1),1,, -1,1,0,1,50,10,11,2021,12:45,1,86,86194,2,1,0,6,Rue du Pont Saint Cyprien,46.57609,0.34542,12,2,1
202100016455,172Â 214,B01,1,1,1,5,2,0,-1,-1, -1,-1,2021,20.0,2,1,0,2,1,2,1,,3,D100,0,,3,2,0,2,6,670,1,, -1,1,3,1,50,20,9,2021,15:50,1,83,83118,2,9,0,3,D100,43.435437,6.802575,15,2,2
202100030206,147Â 775,A01,1,1,1,5,1,8,-1,-1, -1,-1,2021,24.0,1,2,0,2,1,5,1,,4,PRADO (AVENUE DU),0,,2,6,0,1,0,0,1,, -1,1,0,1,50,7,7,2021,01:15,5,13,13208,2,1,0,1,PRADO (AVENUE DU),43.26861,5.38526,1,4,2
202100001587,198Â 972,A01,1,1,2,5,2,-1,-1,0,0,-1,2021,15.0,1,1,0,2,3,16,1,,9,SEPTEMBRE (RUE DU IV),0,,1,2,0,1,(1),(1),1,, -1,1,0,1,50,23,12,2021,15:25,1,65,65440,2,7,0,3,SEPTEMBRE (RUE DU IV),43.22898,0.08354,15,3,2
202100029775,148Â 565,B01,1,1,2,5,8,8,-1,-1, -1,-1,2021,20.0,3,1,0,2,0,1,5,,4,INDES ( QUAI DES ),0,,2,2,0,1,(1),(1),1,, -1,1,0,1,30,5,7,2021,13:35,1,56,56121,2,2,0,3,INDES ( QUAI DES ),47.74519,-3.35854,13,2,2
202100003336,195Â 796,A01,7,2,2,0,1,-1,-1,0,0,-1,2021,25.0,1,2,1,0,1,1,1,,3,1089,-1,,2,2,0,2,5,420,1,, -1,5,0,3,90,10,12,2021,14:15,1,19,19141,1,1,1,6,VeyriÃ¨res,45.6555080209,2.468919754,14,3,1
202100001221,199Â 589,A01,1,1,1,0,1,8,-1,-1, -1,-1,2021,19.0,1,2,0,2,1,1,1,,1,86,0,,2,4,0,1,0,0,1,, -1,1,3,1,50,25,12,2021,21:00,5,92,92036,2,3,0,3,PIERRE DE COUBERTIN (BOULEVARD) (PORT ->,48.9358237463,2.2797220945,21,2,2
202100019326,167Â 081,A01,1,1,2,9,1,0,-1,-1, -1,-1,2021,75.0,1,2,15,2,1,19,2,,4,AV ALEXANDRE DUMAS,0,,2,2,0,1,0,0,1,, -1,1,0,1,50,11,9,2021,11:45,1,91,91479,2,2,0,3,AV ALEXANDRE DUMAS,48.711176,2.359074,11,2,2
202100022878,160Â 724,A01,1,1,1,1,8,-1,-1,0,0,-1,2021,27.0,3,2,0,0,9,1,1,,4,4,-1,,2,2,0,1,(1),(1),1,, -1,1,0,1,70,24,8,2021,05:40,3,60,60619,1,1,0,7,,49.122015,2.800527,5,2,1
202100019040,167Â 605,B01,1,1,1,5,2,-1,-1,0,0,-1,2021,87.0,1,1,0,2,4,14,5,,3,49,-1,,2,2,0,2,37,100,1,, -1,1,0,1,80,14,9,2021,15:45,1,42,42213,1,1,0,6,Route de Valorges,45.900178,4.313711,15,2,2
202100007308,188Â 686,A01,1,1,1,4,1,-1,-1,0,0,-1,2021,30.0,2,4,11,0,1,6,1,,2,RN88 (ROCADE),0,,3,1,0,2,51,0,3,, -1,1,3,3,70,18,11,2021,04:35,5,12,12174,1,1,0,6,RN88 (ROCADE),44.33438,2.55468,4,1,1
202100007306,188Â 689,A01,10,3,2,5,0,-1,-1,2,3,2,2021,21.0,3,2,0,1,2,1,1,,4,QUENOUILLE RUE DE LA,0,,2,2,0,1,1,0,1,, -1,1,0,1,50,18,11,2021,16:00,2,13,13063,2,1,0,1,QUENOUILLE RUE DE LA,43.59415,4.9949,16,3,1
202100051463,109Â 711,A01,1,1,1,9,2,-1,-1,0,0,-1,2021,25.0,1,1,7,0,2,2,1,,4,,-1,,2,2,0,2,(1),(1),1,, -1,1,5,1,30,12,2,2021,21:19,5,6,6149,2,1,0,7,45 Boulevard GÃ©nÃ©ral de Gaulle,43.744027,7.314174,21,1,1
202100041978,126Â 587,A01,1,1,1,5,0,-1,-1,0,0,-1,2021,43.0,2,6,0,0,0,10,0,,3,108,0, -,2,2,0,2,10,540,1,, -1,1,0,1,50,1,5,2021,09:45,1,54,54258,2,1,0,7,11 Rue du Faubourg,48.6715652662,6.5578454742,9,1,1
202100025737,155Â 679,A01,1,1,1,1,1,0,-1,-1, -1,-1,2021,21.0,0,2,15,0,1,14,1,,4,,0,,2,2,0,1,(1),(1),1,, -1,1,2,4,50,2,8,2021,12:50,1,45,45208,2,1,0,6,Rue Raymond Laforge,47.996269,2.735205,12,1,1
202100051386,109Â 830,A01,1,1,1,0,2,0,-1,-1, -1,-1,2021,41.0,1,1,0,0,0,2,1,,3,EBOUE (ROCADE FELIX),0,,2,2,0,1,2,99,1,, -1,1,0,1,50,14,2,2021,00:49,5,973,97302,2,1,0,7,EBOUE (ROCADE FELIX),4.93075,-52.3137,0,1,1
202100043481,123Â 939,A01,1,1,1,5,2,0,-1,-1, -1,-1,2021,52.0,1,1,8,0,1,1,3,,3,911,0,,1,2,0,1,0,0,1,, -1,1,0,4,50,19,4,2021,14:00,1,92,92036,2,1,0,6,CAMELINAT (BOULEVARD) (68   +),48.9282796798,2.2988408804,14,1,1
202100028760,150Â 315,B01,1,1,1,5,6,2,-1,0,0,-1,2021,53.0,0,1,0,2,1,2,1,,3,RD951,0,R,2,2,0,1,16,381,1,, -1,1,0,1,30,16,7,2021,16:50,1,41,41207,2,2,0,1,Rue Nationale,47.656124,1.490675,16,2,2
202100018916,167Â 832,A01,1,1,2,0,2,6,-1,-1, -1,-1,2021,30.0,2,1,0,2,1,0,1,,3,AV DE LA TOURELLE,0,,2,2,0,1,0,0,1,, -1,2,0,1,50,14,9,2021,06:35,5,91,91657,2,3,1,3,AV DE LA TOURELLE,48.690908,2.441058,6,2,2
202100048942,114Â 266,A01,1,1,1,5,1,0,-1,-1, -1,-1,2021,29.0,2,2,2,0,8,1,1,,4,GUERINAIS (BD DE LA),0,,2,2,0,1,(1),(1),2,, -1,1,0,4,50,5,3,2021,19:45,5,35,35238,2,1,0,6,GUERINAIS (BD DE LA),48.09822,-1.71026,19,1,1
202100048201,115Â 597,A01,1,1,1,0,1,-1,-1,0,0,-1,2021,25.0,1,2,2,0,1,1,1,,3,405,0,,2,2,0,2,11,818,1,, -1,2,0,3,50,14,3,2021,00:20,5,77,77483,2,1,1,6,109 Rue Victor Clairet,49.006296,2.93219,0,3,1
202100048808,114Â 526,A01,1,1,1,3,1,-1,-1,0,0,-1,2021,74.0,1,2,9,0,3,1,1,,4,,-1,,2,2,0,2,(1),(1),2,, -1,1,0,1,50,8,3,2021,11:35,1,71,71154,2,1,0,6,73 Rue Principale,46.8171930055,4.88260746,11,1,1
202100004665,193Â 438,A01,1,1,1,0,1,0,-1,-1, -1,-1,2021,35.0,3,1,0,2,1,17,1,,4,mamoudzou centre-Republique (Place ),0,,2,2,0,1,0,0,1,, -1,1,0,1,50,3,12,2021,06:35,1,976,97611,2,1,0,2,mamoudzou centre-Republique (Place ),-12.77888,45.23227,6,2,2
202100004747,193Â 297,A01,10,3,1,0,8,8,-1,4,3,1,2021,14.0,1,2,0,1,1,1,1,,3,DIDEROT (BOULEVARD),0,,1,1,0,1,0,1,1,, -1,1,0,1,30,2,12,2021,18:10,2,52,52121,2,1,0,3,DIDEROT (BOULEVARD),48.10946,5.14037,18,2,1
202100050237,111Â 916,A01,2,2,1,0,1,8,-1,-1, -1,-1,2021,19.0,1,2,0,0,9,1,1,,3,9,0,,2,10,1,1,0,0,1,, -1,9,0,1,50,25,2,2021,16:00,1,92,92078,2,3,0,7,CHARLES DE GAULLE (BD)(72 AU 308),48.940059227,2.3239110976,16,2,1
202100054112,105Â 024,B01,1,1,2,0,1,0,-1,-1, -1,-1,2021,21.0,2,2,0,2,7,1,1,,3,LIBERATION - CAR DE PINCE-VENT (AV DE LA,0,,2,6,0,1,0,0,1,, -1,1,0,1,50,22,1,2021,20:45,5,94,94019,2,2,0,3,LIBERATION - CAR DE PINCE-VENT (AV DE LA,48.802745,2.538512,20,2,2
202100053775,105Â 624,A01,1,1,1,0,1,-1,-1,0,0,-1,2021,24.0,2,2,2,0,0,1,1,,1,28,0,A,3,4,3,2,56,700,2,, -1,7,0,3,130,26,1,2021,09:45,1,76,76465,1,1,1,6,A28,49.7335118655,1.4657374266,9,1,1
202100002537,197Â 246,B01,2,2,2,5,1,-1,-1,0,0,-1,2021,21.0,2,2,0,2,2,1,1,,3,24,0,,2,2,0,2,3,200,2,, -1,1,1,1,70,17,12,2021,21:58,3,69,69094,1,2,0,6,COL DE LA LUERE (DU) (RTE),45.748824,4.663954,21,3,2
202100036108,137Â 138,A01,1,1,1,0,2,0,-1,-1, -1,-1,2021,18.0,1,1,4,0,3,13,1,,1,ECHAT(RUE DE L'),0,,1,1,0,4,1,0,2,, -1,1,3,1,70,5,6,2021,23:13,3,94,94028,1,1,0,7,Rue de lâEchat,48.80147,2.44668,23,1,1
202100048483,115Â 102,B01,1,1,2,0,2,-1,-1,0,0,-1,2021,21.0,2,1,0,2,1,1,1,,2,1,0,R,2,2,0,1,12,700,1,, -1,1,0,1,50,5,1,2021,18:05,1,987,98738,2,3,0,3,PK 12.700,-17.612447,-149.614134,18,2,2
202100045409,120Â 563,A01,1,1,2,0,2,8,-1,-1, -1,-1,2021,25.0,1,1,0,2,1,5,1,,4,SAKAKINI (BOULEVARD),0,,2,4,0,1,0,0,1,, -1,1,0,1,50,2,4,2021,16:30,1,13,13205,2,1,0,1,SAKAKINI (BOULEVARD),43.2931145761,5.4014210955,16,2,2
202100029723,148Â 664,A01,1,1,1,5,2,6,-1,-1, -1,-1,2021,51.0,1,1,0,2,1,1,1,,1,ROCADE A 630,0,,3,6,0,1,6,197,1,, -1,1,0,1,90,10,7,2021,15:10,1,33,33075,1,1,0,2,ROCADE A 630,44.88828,-0.58585,15,5,2
202100033607,141Â 696,A01,1,1,1,4,1,-1,-1,0, -1,-1,2021,57.0,1,4,8,0,1,1,1,,4,SALAUN PENQUER,0,,-1,2,0,2,(1),(1),3,, -1,1,0,1,50,18,6,2021,13:58,1,29,29019,2,1,0,6,Avenue Salaun Penquer,48.384196312,-4.4845271975,13,1,1
202100028001,151Â 656,D01,1,1,1,5,2,-1,-1,0,0,-1,2021,73.0,3,1,0,2,1,1,5,,4,,-1,,2,2,0,1,(1),(1),3,,5,1,0,1,50,4,7,2021,10:15,1,56,56214,1,1,0,5,Botpenal,47.522682,-2.830262,10,5,5
202100038865,132Â 157,A01,3,2,1,5,1,0,-1,-1, -1,-1,2021,6.0,2,2,0,2,1,1,1,,2,104,0,,3,6,0,1,35,994,1,, -1,1,0,1,70,22,5,2021,15:10,1,91,91174,1,1,0,4,RN 104,48.6106,2.44574,15,5,3
202100019023,167Â 634,B01,1,1,1,2,2,0,-1,-1, -1,-1,2021,3.0,3,1,0,2,2,25,5,,4,HENRI CORVOL (R),0,,2,2,0,1,1,0,1,, -1,2,0,4,50,14,9,2021,13:10,1,94,94022,2,1,0,3,Rue Henri Corvol,48.76188,2.42227,13,2,2
202100018726,168Â 166,A01,1,1,2,0,1,-1,-1,0,0,-1,2021,63.0,3,2,0,2,7,1,1,,4,,0,,2,2,0,1,(1),(1),1,,4,1,0,3,80,3,5,2021,18:50,1,35,35123,1,2,0,3,le breil,48.010439,-1.893811,18,2,2
202100006085,190Â 925,A01,10,3,1,5,0,-1,-1,9,2,1,2021,21.0,2,2,0,1,0,26,1,,4,AMEDEE HUON (R),0,,-1,2,0,1,1,0,1,, -1,1,0,3,50,24,2,2021,21:30,5,94,94041,2,1,0,6,Rue AmÃ©dÃ©e Huon,48.80356,2.38333,21,2,1
202100047654,116Â 573,B01,2,2,1,1,2,8,-1,0,0,-1,2021,18.0,1,1,0,2,0,23,1,,4,BOULEVARD BEAUMARCHAIS,0,,-1,2,0,1,(1),(1),1,, -1,1,0,1,30,17,3,2021,15:10,1,75,75111,2,3,0,2,BOULEVARD BEAUMARCHAIS,48.860669,2.36733,15,3,2
202100004705,193Â 368,A01,1,1,1,0,2,6,-1,-1, -1,-1,2021,23.0,1,1,9,0,1,0,1,,3,AV DES JONQUILLES,0,,2,1,0,1,0,100,1,, -1,2,0,1,30,3,12,2021,08:20,1,91,91097,2,1,0,7,AV DES JONQUILLES,48.685187,2.525486,8,1,1
202100035915,137Â 489,B01,1,1,1,0,8,-1,-1,-1, -1,-1,2021,35.0,2,1,0,2,1,1,5,,4,BOURGEOIS (BOULEVARD LEON),0,,2,2,1,1,(1),(1),1,, -1,1,0,1,50,7,6,2021,18:17,1,35,35238,2,1,0,3,BOURGEOIS (BOULEVARD LEON),48.09946,-1.65183,18,2,2
202100016231,172Â 624,A01,1,1,1,0,2,0,-1,-1, -1,-1,2021,37.0,1,1,0,0,0,0,1,,3,INDUSTRIE (RUE DE L'),0,,2,2,0,2,0,0,1,, -1,1,0,3,50,28,9,2021,19:45,2,3,3094,1,1,0,6,INDUSTRIE (RUE DE L'),46.15436,3.41082,19,1,1
202100005763,191Â 498,B01,1,1,1,0,2,6,-1,-1, -1,-1,2021,31.0,0,1,0,2,1,1,1,,4,GASTON RAMON (BOULEVARD),0,,2,2,0,1,0,0,1,, -1,1,0,1,50,28,11,2021,18:10,5,13,13209,2,1,0,2,GASTON RAMON (BOULEVARD),43.2669929298,5.3962571254,18,2,2
202100018993,167Â 683,A01,1,1,1,1,2,6,-1,0,0,-1,2021,54.0,1,1,0,2,1,2,1,,4,AVENUE DE L HIPPODROME,0,,2,2,0,1,(1),(1),1,, -1,1,0,1,50,13,9,2021,07:40,1,75,75116,2,1,0,2,AVENUE DE L HIPPODROME,48.857834,2.249829,7,2,2
202100023860,158Â 977,B01,2,2,1,0,1,8,-1,-1, -1,-1,2021,18.0,3,2,0,2,3,19,1,,3,CD 404,0,,2,2,0,1,5,194,1,, -1,2,0,1,80,26,7,2021,21:12,2,77,77241,1,2,1,3,CD 404,49.01304,2.70017,21,3,2
202100012770,178Â 896,A01,9,2,2,5,1,-1,-1,0,0,-1,2021,78.0,-1,2,0,2,8,9,1,,3,342,-1,,2,2,0,1,26,0,1,, -1,1,0,1,80,16,10,2021,15:55,1,69,69241,1,3,0,3,ESSES (DES) (RTE),45.6339860319,4.7321677208,15,5,2
202100011100,181Â 887,A01,10,3,1,5,0,-1,-1,4,3,1,2021,81.0,3,5,0,1,2,15,1,,4,CONSTANT ( AVENUE JEAN ETIENNE ),0,,2,2,0,1,0,9,1,, -1,1,0,1,50,25,10,2021,20:30,5,13,13117,2,2,0,3,CONSTANT ( AVENUE JEAN ETIENNE ),43.43947,5.2559,20,2,1