Num_Acc,id_vehicule,num_veh,place,catu,sexe,trajet,secu1,secu2,secu3,locp,actp,etatp,year_acc,victim_age,senc,catv,obs,obsm,choc,manv,motor,occutc,catr,voie,v1,v2,circ,nbv,vosp,prof,pr,pr1,plan,lartpc,larrout,surf,infra,situ,vma,jour,mois,an,hrmn,lum,dep,com,agg_,int,atm,col,adr,lat,long,hour,nb_victim,nb_vehicules
202100027594,152Â 401,A01,10,3,1,0,0,-1,-1,1,1,1,2021,24.0,2,1,0,1,1,1,1,,3,12,0,,2,2,0,1,0,0,1,, -1,1,0,1,50,22,7,2021,12:50,1,92,92026,2,1,0,6,GAULTIER,48.8995,2.24528,12,2,1
202100033214,142Â 393,A01,2,2,2,9,2,6,-1,0,0,-1,2021,37.0,1,1,0,1,1,17,1,,4,BOULEVARD VOLTAIRE,0,,2,2,0,1,(1),(1),1,, -1,2,0,1,50,19,6,2021,13:45,1,75,75111,2,1,0,6,BOULEVARD VOLTAIRE,48.861197,2.374435,13,3,1
202100031148,146Â 058,A01,10,3,2,5,0,-1,-1,5,2,2,2021,51.0,1,2,0,1,2,25,1,,4,,0,,2,2,0,1,(1),(1),1,, -1,1,0,4,50,17,8,2021,21:15,5,21,21054,2,9,0,6,42C Rue du Moulin Perpreuil,47.0168470446,4.8420160032,21,7,1
202100050590,111Â 256,A01,1,1,1,0,1,8,-1,-1, -1,-1,2021,79.0,2,2,0,2,1,17,1,,3,RD 6009 NARBONNE - BEZIERS,0,,2,0,0,1,0,0,1,, -1,1,0,1,80,19,2,2021,10:50,1,11,11262,2,1,0,5,RD 6009 NARBONNE - BEZIERS,43.17815,2.96886,10,6,3
202100026653,154Â 065,B01,1,1,2,0,1,0,-1,-1, -1,-1,2021,31.0,3,2,0,2,2,23,1,,4,VERDUN (AVENUE DE),0,,3,5,0,1,(1),(1),1,, -1,1,5,1,50,28,7,2021,13:50,1,45,45284,2,1,0,1,Avenue de Verdun,47.92378,1.99143,13,2,2
202100047338,117Â 150,B01,1,1,1,1,2,6,-1,-1, -1,-1,2021,20.0,1,1,0,2,8,0,1,,4,PONTOTS (RUE DES),0,,1,0,0,1,0,0,1,, -1,1,0,1,50,18,3,2021,14:20,1,64,64102,2,2,0,3,PONTOTS (RUE DES),43.491338,-1.491582,14,2,2
202100035473,138Â 304,B01,1,1,2,0,1,0,-1,-1, -1,-1,2021,66.0,1,2,0,2,7,23,1,,4,LYON (RTE DE),0,,2,2,0,1,0,0,1,, -1,1,0,3,50,7,6,2021,15:45,1,67,67218,2,3,0,3,LYON (RTE DE),48.53121,7.71406,15,2,2
202100041627,127Â 197,B01,1,1,1,0,1,0,-1,-1, -1,-1,2021,26.0,1,2,0,2,4,1,1,,1,10,0,,3,3,0,1,5,380,1,, -1,1,0,1,90,3,5,2021,11:05,1,91,91136,1,1,0,2,AUTOROUTE A10,48.71427,2.27394,11,2,2
202100036981,135Â 596,B01,1,1,1,5,8,0,-1,-1, -1,-1,2021,30.0,1,1,0,2,1,13,5,,4,MOLIERE (AVENUE),0,,2,4,2,1,0,0,1,, -1,1,0,1,50,29,5,2021,10:20,1,67,67482,2,1,0,3,MOLIERE (AVENUE),48.594938,7.707432,10,2,2
202100040649,128Â 958,A01,1,1,2,5,6,2,-1,0,0,-1,2021,58.0,3,1,0,0,7,1,1,,4,,-1,,2,1,0,1,(1),(1),1,, -1,1,0,1,50,9,5,2021,14:50,1,38,38373,1,1,1,7,Chemin des Croix,45.35126,5.56058,14,1,1
202100019418,166Â 923,A01,1,1,1,5,2,6,-1,0,0,-1,2021,24.0,1,1,8,0,2,1,1,,3,103,-1,,2,2,0,1,64,500,1,, -1,1,0,8,80,12,9,2021,15:10,1,43,43230,1,1,0,6,D103,45.16076,3.925053,15,1,1
202100046967,117Â 828,B01,1,1,1,1,8,0,-1,-1, -1,-1,2021,44.0,2,1,8,2,3,18,3,,4,REPUBLIQUE AVENUE DE LA NÂ°1 A 79,0,,1,2,0,1,0,0,1,, -1,1,0,1,50,23,3,2021,09:00,1,92,92049,2,1,0,3,REPUBLIQUE AVENUE DE LA NÂ°1 A 79,48.81929,2.32009,9,2,2
202100012780,178Â 878,A01,1,1,1,1,2,6,9,0,0,-1,2021,64.0,3,1,0,6,6,1,1,,4,17,-1,,2,2,0,1,(1),(1),1,, -1,1,0,1,80,13,10,2021,20:35,3,27,27517,1,1,0,7,c17,49.127105,1.358083,20,1,1
202100007573,188Â 206,B01,3,2,1,4,8,4,-1,-1, -1,-1,2021,27.0,2,4,0,2,5,23,1,,4,CRETES RCE CHEMIN DES LAURIERS,0,,2,2,0,2,(1),(1),1,, -1,1,0,1,50,17,11,2021,08:15,1,201,201004,2,2,0,2,CRETES RCE CHEMIN DES LAURIERS,41.91007,8.70314,8,4,2
202100050199,111Â 985,B01,1,1,2,1,1,0,-1,-1, -1,-1,2021,29.0,3,2,0,2,3,1,1,,4,CORNICHE DE SUFFREN,0,,2,2,0,2,0,0,1,, -1,1,0,1,50,25,2,2021,19:50,5,13,13047,2,3,0,3,CORNICHE DE SUFFREN,43.50485,4.99683,19,2,2
202100054632,104Â 135,A01,1,1,1,5,2,5,6,0,0,-1,2021,31.0,1,1,0,0,7,1,1,,3,3,0,,2,2,0,1,10,800,1,, -1,1,0,1,-1,19,1,2021,13:45,1,31,31522,1,1,0,7,route dÃ©partemantale 3,43.299114,0.831553,13,1,1
202100004269,194Â 127,A01,2,2,1,5,1,-1,-1,-1, -1,-1,2021,19.0,0,2,6,0,1,19,1,,4,TOUR D'AUVERGNE RUE DE LA,0,,2,2,0,2,(1),(1),1,, -1,2,0,1,50,6,12,2021,23:30,3,29,29232,2,2,0,6,Rue de la Tour dâAuvergne,47.98886,-4.08062,23,2,1
202100001413,199Â 250,A01,1,1,1,5,1,-1,-1,0,0,-1,2021,72.0,1,2,0,2,1,2,1,,1,62,-1,A,3,2,0,1,181,400,1,, -1,2,0,1,130,23,12,2021,18:00,3,82,82052,1,1,1,2,A62 pk 181.300,44.005178,1.220663,18,2,2
202100003900,194Â 784,A01,1,1,1,9,1,-1,-1,0,0,-1,2021,41.0,2,2,0,2,1,13,1,,3,86,-1,,2,2,0,1,101,900,1,, -1,1,0,1,80,9,12,2021,21:45,3,7,7319,1,1,0,1,,44.551507,4.690534,21,3,2
202100027118,153Â 241,B01,1,1,1,5,1,-1,-1,0,0,-1,2021,53.0,1,2,0,2,3,1,1,,3,72,-1,,2,2,0,1,13,500,1,, -1,1,0,1,70,17,7,2021,17:20,1,29,29267,1,1,0,1,D72 - Lieu Dit Kergoloen,48.160393,-3.877863,17,2,2
202100050092,112Â 199,A01,1,1,1,5,2,-1,-1,0,0,-1,2021,70.0,2,0,12,0,4,15,3,,3,224,0,D,2,2,0,1,18,820,1,, -1,1,5,1,80,26,2,2021,17:00,1,33,33170,1,3,0,2,,44.560329,-0.026634,17,2,2
202100044792,121Â 647,B01,1,1,2,0,1,8,-1,-1, -1,-1,2021,59.0,1,2,0,2,4,1,1,,1,AUTOROUTE A1,0,,1,3,0,1,4,0,1,, -1,1,0,1,90,7,4,2021,17:06,1,972,97213,1,1,0,4,AUTOROUTE A1,14.6161980274,-61.0161209115,17,4,4
202100013853,176Â 934,A01,1,1,2,9,1,0,-1,-1, -1,-1,2021,23.0,1,2,0,2,1,1,1,,3,FAURE QUAI,0,,1,1,0,1,35,44,1,, -1,1,0,1,70,10,10,2021,16:47,1,49,49007,2,1,0,2,FAURE QUAI,47.47953,-0.5516,16,2,2
202100005804,191Â 418,A01,1,1,2,5,1,-1,-1,0,0,-1,2021,67.0,2,2,15,0,9,0,1,,3,12,-1,D,2,2,0,1,64,300,1,, -1,7,0,1,80,29,11,2021,08:20,1,80,80580,1,1,0,7,D12,50.33793,1.776384,8,1,1
202100003349,195Â 777,A01,1,1,2,3,2,6,-1,0,0,-1,2021,71.0,1,1,13,0,1,1,1,,3,177,-1,,2,2,0,1,2,600,1,, -1,2,0,3,80,13,12,2021,13:30,1,29,29293,1,1,0,6,D177 - Kerbisquet,47.838024,-3.820109,13,1,1
202100047552,116Â 770,C01,2,2,2,9,1,-1,-1,0,0,-1,2021,59.0,2,2,0,2,1,1,1,,3,20,-1,,2,2,0,2,1,210,1,, -1,1,0,1,50,19,3,2021,07:45,1,974,97414,2,1,0,5,36 Rue Leconte de Lisle,-21.277978,55.413969,7,4,3
202100009643,184Â 469,B01,1,1,1,0,1,0,-1,-1, -1,-1,2021,34.0,3,2,0,2,2,15,1,,4,UNION (RUE DE L'),0,,2,2,0,1,0,0,1,, -1,1,0,1,30,24,9,2021,15:40,1,93,93027,2,9,0,3,Rue de lâUnion,48.928348,2.383759,15,2,2
202100043988,123Â 056,B01,1,1,2,0,1,-1,-1,0,0,-1,2021,29.0,2,2,0,2,7,19,1,,3,125,-1,,-1,2,0,1,27,750,1,, -1,1,0,1,50,16,4,2021,09:15,1,60,60012,2,2,0,3,D125,49.260005,2.15905,9,2,2
202100000906,200Â 128,B01,1,1,1,0,2,-1,-1,0,0,-1,2021,63.0,1,1,0,2,1,1,1,,3,12,-1,,2,2,0,1,56,700,1,, -1,1,0,1,50,31,12,2021,12:45,1,36,36230,2,2,1,3,Rue de Villelune,47.057299,1.807541,12,2,2
202100008886,185Â 856,A01,10,3,2,1,0,-1,-1,3,3,2,2021,76.0,2,2,0,1,2,21,1,,9,,-1,,2,1,0,2,10,825,2,,3,1,9,1,50,9,11,2021,16:15,2,36,36018,2,1,1,6,2 Rue de Poitiers,46.630607,1.057461,16,3,1
202100042556,125Â 562,B01,2,2,2,0,1,-1,-1,0,0,-1,2021,50.0,1,2,0,2,4,2,1,,2,85,0,,2,2,2,1,51,1050,1,, -1,1,0,1,80,25,4,2021,16:30,1,38,38068,1,1,0,4,RN 85,45.101184,5.715744,16,4,3
202100006824,189Â 579,A01,1,1,1,1,2,6,-1,-1, -1,-1,2021,32.0,2,1,0,2,1,1,1,,2,PARIS (RTE DE),0,,2,2,0,1,1,0,1,, -1,1,0,1,50,22,11,2021,17:30,2,94,94070,1,3,0,3,Route de Paris,48.71675,2.57195,17,2,2
202100007916,187Â 591,A01,2,2,2,5,1,-1,-1,0,0,-1,2021,31.0,2,2,2,0,2,1,1,,3,20,0,C,2,2,0,1,0,268,1,, -1,2,0,3,80,16,11,2021,16:45,1,21,21699,1,1,1,6,D20c,47.2085431166,5.3581031318,16,3,1
202100010278,183Â 335,A01,10,3,1,5,0,-1,-1,3,3,1,2021,82.0,3,4,0,1,3,19,1,,3,FONTAINEBLEAU(AVENUE DE),0,,2,3,0,2,4,475,1,, -1,2,0,1,50,29,10,2021,16:55,1,77,77378,2,1,1,6,FONTAINEBLEAU(AVENUE DE),48.526982,2.552774,16,3,1
202100042118,126Â 344,A01,1,1,1,4,1,-1,-1,0,0,-1,2021,46.0,1,4,0,0,0,15,1,,3,,-1,,2,2,-1,1,5,100,3,, -1,1,5,1,70,28,4,2021,05:30,3,29,29136,1,3,0,7,Lieu Dit Rosgodec,47.939649,-3.50908,5,1,1
202100044770,121Â 687,A01,1,1,1,0,2,6,-1,0,0,-1,2021,15.0,3,1,0,0,3,0,1,,4,00,0,A,-1,1,0,1,(1),(1),1,, -1,1,0,3,50,1,4,2021,07:45,1,7,7324,2,1,0,6,Digue du Doux,45.071918,4.809592,7,1,1
202100054987,103Â 527,B01,1,1,1,1,1,0,-1,-1, -1,-1,2021,50.0,2,2,0,2,6,9,1,,7,Autoroute A.4,0,,3,3,0,1,0,250,1,, -1,2,0,1,110,12,1,2021,18:25,3,67,67389,1,1,0,3,M35,48.6517010763,7.7353642322,18,2,2
202100005746,191Â 526,A01,1,1,2,9,1,0,-1,-1, -1,-1,2021,22.0,2,2,2,0,1,14,1,,3,ROCHER CANON,0,,2,2,0,2,2,510,2,, -1,2,0,3,70,28,11,2021,10:25,1,77,77186,1,4,1,6,D58,48.38529,2.72101,10,1,1
202100022957,160Â 588,A01,1,1,2,5,2,-1,-1,0,0,-1,2021,69.0,2,1,0,9,1,1,5,,3,124,0,,2,2,0,2,13,180,1,, -1,1,0,1,90,23,8,2021,11:36,1,3,3024,1,1,0,6,21 Lieu Dit les Rebourgeons,46.33348,3.711657,11,1,1
202100052095,108Â 590,A01,1,1,1,1,1,0,-1,-1, -1,-1,2021,55.0,1,2,0,5,1,1,1,,2,RN12 INT,0,,3,4,0,1,35,200,1,, -1,2,0,1,90,9,2,2021,20:15,3,78,78490,1,1,1,6,RN12 INT,48.800472,1.939052,20,1,1
202100055660,102Â 362,B01,1,1,2,3,1,0,-1,-1, -1,-1,2021,38.0,3,2,0,2,1,11,2,,4,DE GAULLE (AVENUE CHARLES),0,,3,4,0,1,0,1,1,, -1,1,0,1,50,8,1,2021,13:15,1,74,74012,2,1,0,4,DE GAULLE (AVENUE CHARLES),46.18553,6.2474,13,3,3
202100018098,169Â 272,B01,2,2,1,0,1,0,-1,-1, -1,-1,2021,28.0,2,1,0,2,8,3,1,,1,86,0,,3,6,0,1,11,699,1,, -1,1,0,1,90,18,9,2021,14:00,1,92,92078,1,1,0,3,AUTOROUTE A86,48.9283084303,2.3316245851,14,3,2
202100017074,171Â 108,B01,1,1,1,5,2,6,-1,0,0,-1,2021,46.0,2,1,0,2,6,1,1,,4,PONT ALEXANDRE III,0,,2,6,0,1,(1),(1),1,, -1,1,2,1,30,22,9,2021,23:45,5,75,75107,2,2,0,3,PONT ALEXANDRE III,48.8628607485,2.3134619228,23,2,2
202100029475,149Â 100,A01,9,2,2,5,1,-1,-1,0,0,-1,2021,20.0,0,2,6,0,1,1,1,,3,46,0,D,2,2,0,2,2,700,2,, -1,1,2,1,80,6,7,2021,00:30,3,11,11129,1,1,0,6,route dÃ©partementale 46,42.915126,2.226743,0,4,1
202100012049,180Â 172,A01,10,3,2,5,0,-1,-1,2,3,2,2021,74.0,1,1,0,1,1,1,1,,4,BOULEVARD RICHARD LENOIR,0,,1,2,0,1,(1),(1),1,, -1,1,0,1,30,20,10,2021,14:40,1,75,75111,2,1,0,6,BOULEVARD RICHARD LENOIR,48.862885,2.37224,14,2,1
202100037497,134Â 645,A01,1,1,1,1,2,-1,-1,0,0,-1,2021,50.0,3,1,16,0,7,15,1,,4,,-1,,2,2,0,1,(1),(1),2,, -1,1,0,1,-1,31,5,2021,07:45,1,53,53007,1,4,0,7,Haut Mont Roux,48.081842,-0.655124,7,1,1
202100037129,135Â 332,A01,1,1,1,1,2,6,9,0,0,-1,2021,54.0,1,1,0,0,0,17,1,,3,630,0,D,2,2,0,1,20,300,1,, -1,1,0,1,80,1,6,2021,07:05,1,59,59595,1,1,0,7,D630,50.221017,3.308387,7,1,1
202100006819,189Â 587,B01,4,2,2,5,1,0,-1,0,0,-1,2021,25.0,1,2,0,2,6,23,2,,4,PLACE DE LA NATION,0,,1,3,0,1,(1),(1),2,, -1,2,0,1,30,21,11,2021,17:30,5,75,75112,2,7,0,2,PLACE DE LA NATION,48.848215,2.394343,17,5,2
202100012534,179Â 308,A01,1,1,1,1,1,-1,-1,0,0,-1,2021,43.0,1,2,13,0,2,14,1,,3,25,0,D,2,2,0,1,22,180,1,, -1,2,0,3,80,18,10,2021,12:37,1,22,22079,1,1,1,7,Les Aulnays,48.386963,-2.705373,12,1,1
202100033975,141Â 031,A01,1,1,1,5,2,6,-1,-1, -1,-1,2021,29.0,2,1,0,2,1,0,1,,1,A43   0.550 A 3.353,0,,3,7,0,1,2,599,2,, -1,1,3,1,70,16,6,2021,17:50,1,69,69029,1,1,0,4,A43   0.550 A 3.353,45.72678,4.91421,17,3,3
202100012201,179Â 907,B01,1,1,2,1,1,-1,-1,-1, -1,-1,2021,31.0,1,2,0,2,4,1,1,,1,VOIE JEAN TAITTINGER,0,,1,3,0,1,6,300,1,, -1,2,0,1,90,19,10,2021,08:30,1,51,51454,1,1,0,2,Voie Jean Taittinger,49.2416,4.03215,8,2,2
202100007831,187Â 741,B01,1,1,1,0,2,0,-1,-1, -1,-1,2021,57.0,2,1,0,2,1,1,1,,4,GEORGE (RUE),0,,2,2,0,1,0,0,1,, -1,1,0,1,50,13,10,2021,05:00,5,13,13205,2,9,0,1,GEORGE (RUE),43.29572,5.39786,5,2,2
202100048954,114Â 244,C01,2,2,2,9,2,6,-1,0,0,-1,2021,26.0,1,1,0,2,0,1,1,,4,QUAI DE LA TOURNELLE,0,,1,3,1,1,(1),(1),1,, -1,1,0,1,50,6,3,2021,16:30,1,75,75105,2,3,0,4,QUAI DE LA TOURNELLE,48.8507,2.35259,16,5,3
202100005147,192Â 574,A01,1,1,2,0,1,-1,-1,0,0,-1,2021,30.0,1,2,0,2,7,15,1,,3,9,-1,,2,3,0,1,45,250,1,, -1,2,0,1,80,3,12,2021,18:15,5,51,51413,1,3,1,4,D9,49.01264,4.034708,18,3,3
202100036233,136Â 918,B01,1,1,2,0,1,-1,-1,0,0,-1,2021,55.0,1,2,0,2,7,1,1,,3,SPORTS (AVE DES),0,,2,2,0,1,53,766,1,, -1,1,0,1,50,5,6,2021,22:20,5,65,65047,2,3,0,3,SPORTS (AVE DES),43.23567,0.10667,22,3,2
202100012045,180Â 179,B01,8,2,2,1,8,0,-1,0,0,-1,2021,50.0,2,3,0,2,2,1,3,,4,BOULEVARD NEY,0,,2,4,2,1,(1),(1),1,, -1,1,-1,6,50,20,10,2021,14:25,1,75,75118,2,2,0,3,BOULEVARD NEY,48.897679,2.32898,14,5,2
202100020223,165Â 488,B01,1,1,1,1,2,6,-1,-1, -1,-1,2021,27.0,1,1,0,2,2,0,1,,4,OWENS JAMES,0,,2,2,0,2,0,0,1,, -1,1,0,1,50,6,9,2021,07:25,1,974,97407,1,1,0,3,OWENS JAMES,-20.93515,55.32022,7,2,2
202100042861,125Â 053,B01,1,1,2,0,1,0,-1,-1, -1,-1,2021,35.0,1,2,0,2,3,17,1,,7,QUESNOY RUE DE,0,,2,2,1,1,(1),(1),1,, -1,1,0,1,50,22,4,2021,15:55,1,59,59636,1,1,0,1,QUESNOY RUE DE,50.69406,3.04927,15,3,2
202100026442,154Â 435,B01,1,1,1,0,8,0,-1,-1, -1,-1,2021,37.0,1,1,0,2,1,1,5,,7,BISCHWILLER (ROUTE DE),0,,2,2,0,1,(1),(1),1,, -1,1,0,1,50,29,7,2021,07:40,1,67,67447,2,1,0,3,BISCHWILLER (ROUTE DE),48.607886,7.749872,7,2,2
202100001324,199Â 395,A01,1,1,1,0,8,-1,-1,0,0,-1,2021,19.0,1,2,0,2,1,17,1,,3,D1,-1,,2,2,0,3,14,(1),1,, -1,2,0,1,80,28,12,2021,12:10,1,40,40255,1,1,1,1,route de l'armagnac D1,43.886697,-0.334783,12,2,2
202100051374,109Â 850,A01,10,3,1,9,0,-1,-1,6,1,1,2021,51.0,1,2,0,1,1,2,1,,1,2,0,,3,4,0,1,55,971,1,, -1,1,0,1,110,13,2,2021,05:45,3,59,59515,1,1,0,6,AUTOROUTE A2,50.3337454373,3.4461050737,5,2,1
202100003001,196Â 411,A01,1,1,1,5,1,-1,-1,0,0,-1,2021,18.0,2,2,15,0,6,1,1,,3,105,-1,,2,2,0,1,(1),(1),3,, -1,2,0,1,80,15,12,2021,15:00,1,58,58206,1,1,0,7,D105,47.334664,3.43679,15,1,1
202100045764,119Â 949,B01,2,2,2,0,1,-1,-1,-1, -1,-1,2021,10.0,3,2,0,2,4,9,1,,4,ALLIES (BOULEVARD DES),0,,3,4,0,1,(1),(1),1,, -1,1,0,1,50,31,3,2021,13:05,1,35,35051,1,6,0,2,ALLIES (BOULEVARD DES),48.10237,-1.61023,13,3,2
202100042908,124Â 970,Z01,10,3,1,9,8,8,-1,4,3,1,2021,31.0,2,2,0,1,1,1,0,,4,RUE DE VAUGIRARD,0,,3,1,1,1,(1),(1),1,, -1,1,0,1,30,22,4,2021,00:10,5,75,75106,2,5,0,6,RUE DE VAUGIRARD,48.846975,2.326645,0,2,1
202100054595,104Â 193,A01,10,3,2,1,0,-1,-1,3,3,1,2021,43.0,1,2,0,1,2,16,1,,4,BRUEGES (CHEMIN DE),0,,2,2,0,3,0,0,3,, -1,1,0,1,50,18,1,2021,18:30,5,30,30007,2,1,0,6,BRUEGES (CHEMIN DE),44.14104,4.09004,18,2,1
202100053000,106Â 983,A01,1,1,1,5,1,-1,-1,0,0,-1,2021,22.0,1,2,13,0,2,14,1,,3,984,0,D,2,2,0,2,0,800,2,, -1,2,0,1,80,31,1,2021,01:30,3,63,63143,1,1,0,6,D984,46.060628,3.288893,1,1,1
202100002788,196Â 784,B01,1,1,1,9,8,0,-1,0,0,-1,2021,28.0,2,1,0,2,2,1,5,,4,RUE ORDENER,0,,2,2,0,1,(1),(1),1,, -1,1,0,1,30,15,12,2021,20:40,2,75,75118,2,5,0,3,RUE ORDENER,48.894171,2.332709,20,2,2
202100007594,188Â 164,A01,1,1,1,0,1,8,-1,-1, -1,-1,2021,58.0,1,2,0,2,4,15,1,,4,LAVOISIER (RUE),0,,2,2,0,1,0,0,1,, -1,1,9,1,50,11,11,2021,13:50,1,67,67482,2,1,0,3,LAVOISIER (RUE),48.6026,7.72001,13,2,2
202100012127,180Â 036,B01,2,2,2,5,8,-1,-1,0,0,-1,2021,74.0,1,2,3,2,9,2,1,,3,323,0,D,3,4,0,1,43,175,1,, -1,1,0,1,-1,20,10,2021,13:40,1,49,49020,1,1,1,4,D323,47.49216,-0.622176,13,4,3
202100009355,184Â 983,B01,1,1,1,4,1,-1,-1,0,0,-1,2021,35.0,2,4,0,2,3,1,1,,3,6086,0,D,2,2,0,1,40,30,1,, -1,1,0,1,70,6,11,2021,06:30,5,30,30212,1,1,1,3,Route de Bagnols,43.951397,4.567373,6,2,2
202100009840,184Â 109,B01,1,1,2,0,2,6,-1,0,0,-1,2021,22.0,1,1,0,2,7,2,1,,3,1084,0,,2,1,0,1,68,500,1,,3,2,0,1,50,2,11,2021,17:20,2,1,1265,2,3,0,3,Rue du Lyonnais,46.1697538049,5.574311614,17,2,2
202100030676,146Â 922,A01,1,1,1,5,2,6,-1,-1, -1,-1,2021,57.0,1,1,0,2,1,2,1,,1,AUTOROUTE A10,0,,3,6,0,1,542,200,1,, -1,2,0,1,110,4,7,2021,12:10,1,33,33096,1,1,1,2,AUTOROUTE A10,44.890888,-0.502431,12,2,2
202100053510,106Â 064,A01,1,1,1,1,1,-1,-1,0,0,-1,2021,54.0,2,2,0,2,1,11,1,,3,148,-1,,2,2,0,1,0,400,1,, -1,2,0,1,80,27,1,2021,16:15,1,85,85020,1,1,1,1,D148 PK 000+400,46.365884,-0.56262,16,2,2
202100025967,155Â 264,A01,1,1,2,5,1,-1,-1,-1,0,-1,2021,69.0,3,2,0,0,1,26,1,,4,rue Henri Barbusse,0,,2,2,0,1,(1),(1),3,, -1,1,0,1,50,1,8,2021,17:48,1,95,95019,2,1,0,7,Avenue Henri Barbusse,48.9873,2.41497,17,1,1
202100019984,165Â 910,B01,2,2,2,5,1,-1,-1,0,0,-1,2021,78.0,2,2,0,2,1,2,1,,1,26,-1,,3,4,0,1,336,200,1,, -1,1,0,1,-1,2,9,2021,10:18,1,51,51545,1,1,0,2,A26,48.729799,4.22332,10,3,2
202100000759,200Â 354,A01,1,1,1,5,2,0,-1,-1, -1,-1,2021,35.0,2,1,0,2,1,1,1,,3,BAYONNE (AVENUE DE),0,,2,4,3,1,9,243,1,, -1,1,0,1,50,30,12,2021,20:15,5,64,64024,2,2,0,3,Avenue de Bayonne,43.48151,-1.50948,20,2,2
202100055731,102Â 247,B01,1,1,1,5,0,-1,-1,0,0,-1,2021,16.0,1,1,0,2,8,9,5,,3,786,0,,2,2,0,3,(1),(1),3,, -1,1,5,1,70,9,1,2021,16:40,1,22,22174,1,3,0,3,intersection D786/D16,48.614254,-2.336869,16,2,2
202100032467,143Â 741,A01,1,1,1,5,2,6,-1,-1, -1,-1,2021,50.0,0,1,0,2,2,17,1,,3,D934,0,,3,6,0,1,8,381,1,, -1,1,0,1,70,23,6,2021,23:00,3,77,77438,1,1,0,2,D934,48.86631,2.67909,23,3,2
202100021037,164Â 058,B01,1,1,1,0,2,8,-1,-1, -1,-1,2021,29.0,1,1,0,2,2,1,1,,3,BOLLARDIERE (RUE  GEN. DE ),0,,2,2,0,2,0,180,1,, -1,1,0,1,70,1,9,2021,17:25,1,56,56098,2,3,0,3,BOLLARDIERE (RUE  GEN. DE ),47.77788,-3.34138,17,2,2
202100035739,137Â 828,B01,1,1,1,0,1,0,-1,-1, -1,-1,2021,67.0,2,2,0,2,3,1,1,,3,GARIGLIANO -PONT DU-,0,,2,2,0,1,5,0,1,, -1,1,0,1,80,8,6,2021,18:05,1,11,11069,1,1,0,4,GARIGLIANO -PONT DU-,43.2035178866,2.334240675,18,3,3
202100034000,140Â 984,A01,10,3,2,5,0,-1,-1,4,3,1,2021,69.0,3,1,0,1,1,1,3,,4,AVENUE JEAN JAURES,0,,2,3,1,1,(1),(1),1,, -1,1,0,5,50,15,6,2021,12:20,1,75,75119,2,4,0,6,AVENUE JEAN JAURES,48.88293,2.370733,12,2,1
202100026235,154Â 807,A01,1,1,1,1,1,-1,-1,0,0,-1,2021,57.0,2,2,0,2,3,1,1,,3,101,0,,2,2,0,1,2,970,3,,4,1,0,1,80,28,7,2021,16:45,1,26,26250,1,6,0,3,Route des 7 Chemins,45.0389311,4.887082,16,5,2
202100038623,132Â 600,B01,1,1,1,5,1,-1,-1,-1, -1,-1,2021,21.0,0,2,0,2,3,1,1,,4,EUGENE CHEVREUL                     (R ),0,,2,2,0,2,(1),(1),1,, -1,1,2,1,50,23,5,2021,15:27,1,69,69290,2,1,1,1,EUGENE CHEVREUL (R),45.68705,4.93294,15,4,2
202100038687,132Â 484,A01,1,1,1,5,2,-1,-1,0,0,-1,2021,40.0,2,1,0,2,3,5,1,,3,53,-1,D,2,2,0,2,18,753,1,, -1,1,0,1,80,23,5,2021,22:18,5,6,6150,1,1,0,3,Route de Beausoleil,43.747821,7.414902,22,2,2
202100011071,181Â 935,A01,10,3,2,0,0,-1,-1,3,3,1,2021,8.0,1,2,0,1,2,17,1,,7,BISCHWILLER (ROUTE DE),0,,2,2,0,1,(1),(1),1,, -1,1,0,1,50,22,10,2021,08:15,1,67,67043,2,1,0,6,BISCHWILLER (ROUTE DE),48.6161888209,7.7533891797,8,2,1
202100003705,195Â 128,B01,1,1,1,0,2,8,-1,-1, -1,-1,2021,17.0,2,1,0,2,0,16,1,,4,VILLENEUVE ROUTE DE,0,,2,2,0,1,0,0,1,, -1,2,0,1,50,10,12,2021,10:05,1,9,9225,2,1,1,7,VILLENEUVE ROUTE DE,43.1306,1.62181,10,2,2
202100013064,178Â 393,A01,1,1,1,0,8,0,-1,-1, -1,-1,2021,17.0,3,1,0,2,4,2,3,,4,JOFFRE RUE DU MARECHAL,0,,-1,2,0,1,(1),(1),1,, -1,2,0,1,50,15,10,2021,13:30,1,59,59360,2,1,1,2,JOFFRE RUE DU MARECHAL,50.61493,3.00711,13,2,2
202100008011,187Â 413,A01,1,1,1,0,1,-1,-1,-1, -1,-1,2021,23.0,3,2,0,2,1,19,1,,4,LAPEROUSE (RUE),0,,1,1,0,2,(1),(1),1,, -1,1,0,1,50,11,11,2021,15:13,1,51,51454,2,2,1,3,Rue la PÃ©rouse,49.2220574393,4.0353492611,15,3,2
202100040453,129Â 298,B01,1,1,2,1,1,0,-1,-1,0,-1,2021,20.0,3,2,0,2,8,15,1,,4,MOINON ROBERT,0,,2,2,0,1,(1),(1),1,, -1,1,0,1,50,10,5,2021,08:35,1,95,95280,2,1,0,3,MOINON ROBERT,49.01967,2.45293,8,2,2
202100045151,121Â 026,B01,2,2,2,3,1,0,-1,-1, -1,-1,2021,17.0,2,2,0,2,4,23,1,,2,AV DU MARECHAL FOCH,0,,2,5,0,1,1,0,1,, -1,1,0,1,50,4,4,2021,16:30,1,94,94028,2,9,0,2,FOCH(AVENUE DU MARECHAL),48.781245,2.437381,16,3,2