Num_Acc,id_vehicule,num_veh,place,catu,sexe,trajet,secu1,secu2,secu3,locp,actp,etatp,year_acc,victim_age,senc,catv,obs,obsm,choc,manv,motor,occutc,catr,voie,v1,v2,circ,nbv,vosp,prof,pr,pr1,plan,lartpc,larrout,surf,infra,situ,vma,jour,mois,an,hrmn,lum,dep,com,agg_,int,atm,col,adr,lat,long,hour,nb_victim,nb_vehicules
202100023142,160Â 249,B01,1,1,1,5,2,0,-1,-1, -1,-1,2021,61.0,1,1,0,2,1,1,3,,3,BALLANGER (BD ROBERT),0,,2,2,0,1,0,1,1,, -1,1,0,1,50,21,8,2021,14:59,1,93,93078,2,2,0,3,Boulevard Robert Ballanger / Avenue Roger Salengro,48.955,2.53749,14,2,2
202100017003,171Â 229,B01,1,1,1,1,2,6,-1,0,0,-1,2021,24.0,1,1,0,2,7,1,1,,4,PORTE D ASNIERES,0,,1,4,0,1,18,200,1,, -1,1,1,1,70,25,9,2021,14:30,1,75,75117,2,1,0,3,BD PERIPHERIQUE INTERIEUR,48.8901699829,2.2984445112,14,2,2
202100010079,183Â 682,A01,1,1,1,5,2,-1,-1,0,0,-1,2021,16.0,1,1,0,2,7,1,1,,4,,-1,,2,2,0,1,(1),(1),1,,5,2,0,1,30,31,10,2021,16:30,1,58,58131,2,1,0,3,Rue Masson,47.086806,3.196785,16,3,2
202100040471,129Â 265,B01,1,1,2,5,2,6,-1,-1, -1,-1,2021,22.0,1,1,0,2,3,7,1,,3,SOULT (AVENUE MARECHAL),0,,2,2,3,2,7,575,1,, -1,1,0,6,50,4,5,2021,09:10,1,64,64102,2,1,0,3,SOULT (AVENUE MARECHAL),43.48771,-1.48415,9,2,2
202100012406,179Â 530,A01,1,1,2,0,2,-1,-1,0,0,-1,2021,42.0,0,0,0,2,2,25,3,,4,LIN (RUE AU),0,,1,1,0,1,(1),(1),1,, -1,1,0,4,30,14,10,2021,18:20,1,80,80021,2,1,0,3,LIN (RUE AU),49.89585,2.2951,18,2,2
202100021722,162Â 811,A01,1,1,1,5,2,-1,-1,0,0,-1,2021,39.0,1,1,6,0,1,1,1,,4,,-1,,2,2,0,1,(1),(1),1,,4,1,0,8,50,1,9,2021,15:20,1,21,21390,2,1,0,6,29 Rue du ChÃ¢teau,47.269678,4.99084,15,1,1
202100032243,144Â 130,A01,1,1,2,5,8,-1,-1,-1, -1,-1,2021,66.0,2,2,0,2,2,2,1,,4,BIRMINGHAM (DE)                     (AV),0,,1,2,0,1,(1),(1),1,, -1,1,0,1,50,25,6,2021,18:10,1,69,69384,2,1,0,2,BIRMINGHAM (DE)                     (AV),45.7744626565,4.8141145706,18,2,2
202100004028,194Â 540,B01,1,1,2,1,2,8,-1,-1, -1,-1,2021,46.0,2,1,0,2,7,1,1,,3,724,0,,1,3,0,1,101,1,2,, -1,2,5,1,50,8,12,2021,07:00,4,56,56098,2,6,1,3,LANN-SEVELIN (ROND POINT DE),47.77811,-3.34386,7,2,2
202100002580,197Â 174,A01,1,1,1,2,2,-1,-1,-1, -1,-1,2021,39.0,2,1,0,2,1,13,5,,4,CROIX ROUSSE (DE LA)                (BD),0,,2,3,2,1,(1),(1),1,, -1,1,0,1,50,15,12,2021,12:25,1,69,69381,2,3,0,6,CROIX ROUSSE (DE LA) (BD),45.7729661139,4.821383357,12,2,2
202100004854,193Â 114,A01,2,2,1,5,0,-1,-1,0,0,-1,2021,33.0,1,5,2,0,1,1,1,,3,31,0,D,2,2,0,2,26,60,2,, -1,2,0,3,90,4,12,2021,05:30,3,61,61166,1,1,1,6,Rue de la Montchevalerie,48.64674,0.375375,5,2,1
202100015611,173Â 771,B01,2,2,2,0,1,8,-1,-1, -1,-1,2021,37.0,1,2,0,2,3,1,1,,3,CD NÂ°  402,0,,2,2,0,1,1,0,3,, -1,2,0,1,80,1,10,2021,13:45,1,14,14167,1,1,1,1,CD NÂ°  402,49.204896,-0.310322,13,3,2
202100033323,142Â 197,A01,1,1,1,4,1,-1,-1,-1, -1,-1,2021,39.0,1,4,0,2,1,13,1,,3,RD457,0,,2,3,0,1,6,400,1,, -1,1,0,1,80,11,6,2021,06:45,1,70,70388,1,1,0,1,RD457,47.599806,6.112847,6,2,2
202100037095,135Â 397,A01,1,1,1,4,0,-1,-1,0,0,-1,2021,44.0,3,1,0,0,0,1,1,,4,,-1,,2,2,0,1,(1),(1),1,, -1,1,0,1,50,1,6,2021,16:15,1,89,89208,2,1,0,7,rue de l'Ancien RÃ©servoir,47.619175,3.86777,16,1,1
202100049806,112Â 719,B01,1,1,1,5,2,-1,-1,0,0,-1,2021,16.0,1,1,0,2,1,2,5,,3,769,-1,,2,2,0,1,76,600,1,, -1,1,0,1,50,28,2,2021,15:45,1,29,29259,2,1,0,2,D769 - Rue Verderel,48.682684,-3.985897,15,2,2
202100010969,182Â 116,B01,1,1,1,5,1,-1,-1,0,0,-1,2021,59.0,1,2,0,2,4,2,1,,2,10,-1,,2,2,0,1,143,100,1,,7,1,0,1,70,27,10,2021,14:00,1,202,202343,1,1,0,2,RT10,42.4928470377,9.4735622419,14,2,2
202100016172,172Â 733,B01,1,1,1,1,2,6,-1,-1, -1,-1,2021,40.0,3,1,0,2,1,2,1,,4,LOIRE (LEVEE DE LA),0,,2,2,0,1,(1),(1),1,, -1,1,0,1,50,28,9,2021,08:50,1,37,37233,2,1,0,6,Quai de la Loire,47.3967454895,0.7221452594,8,2,2
202100000296,201Â 193,A01,1,1,1,0,2,-1,-1,-1, -1,-1,2021,18.0,1,1,0,2,7,1,1,,4,LAFAYETTE                           (CO),0,,1,1,3,1,(1),(1),1,, -1,1,0,1,30,7,11,2021,20:10,5,69,69383,2,2,0,3,LAFAYETTE                           (CO),45.76355,4.84302,20,2,2
202100035186,138Â 812,B01,1,1,2,1,1,8,-1,0,0,-1,2021,36.0,1,2,0,2,4,2,1,,1,Autoroute A 31,0,,3,3,0,3,247,800,1,, -1,1,3,1,110,10,6,2021,08:00,1,54,54115,1,1,0,4,Autoroute A 31,48.6944,6.10526,8,3,3
202100028597,150Â 600,B01,3,2,1,5,3,8,-1,-1, -1,-1,2021,0.0,1,2,0,2,4,1,1,,1,A4,0,,3,6,0,1,6,599,1,, -1,1,0,1,90,17,7,2021,10:30,1,94,94042,1,1,0,6,A4,48.8275727947,2.4704969547,10,3,2
202100011272,181Â 586,A01,1,1,1,3,1,-1,-1,0,0,-1,2021,33.0,2,2,0,2,3,1,1,,3,725,0,,2,2,0,1,7,50,3,,"6,3",1,0,1,80,22,10,2021,20:15,3,79,79005,1,1,0,1,,46.815451,-0.085423,20,3,2
202100020040,165Â 806,A01,1,1,1,5,2,6,-1,-1, -1,-1,2021,33.0,1,1,0,2,1,7,1,,4,FRERES LUMIERE (DES)                (AV),0,,1,2,2,1,(1),(1),1,, -1,1,0,1,50,8,9,2021,20:00,5,69,69388,2,2,0,3,FRERES LUMIERE (DES) (AV),45.74403,4.87044,20,2,2
202100019300,167Â 136,A01,1,1,2,0,1,0,-1,-1, -1,-1,2021,27.0,2,2,0,2,1,2,1,,1,AUTOROUTE A 21,0,,3,4,0,1,41,700,1,, -1,1,0,1,110,10,9,2021,19:36,1,59,59501,1,1,0,2,AUTOROUTE A 21,50.37428,3.241786,19,2,2
202100029910,148Â 341,A01,1,1,1,5,2,6,9,0,0,-1,2021,24.0,3,1,3,0,7,17,1,,3,3,-1,,2,2,0,2,(1),(1),4,, -1,1,0,3,70,10,7,2021,17:20,1,67,67544,1,1,0,6,D3,49.026824,7.891488,17,1,1
202100031420,145Â 582,B01,1,1,1,5,8,0,-1,0,0,-1,2021,74.0,2,1,0,2,8,13,5,,4,RUE DES PYRENEES,0,,2,3,3,4,(1),(1),1,, -1,1,0,6,30,1,7,2021,20:40,1,75,75120,2,1,0,3,RUE DES PYRENEES,48.872666,2.390996,20,2,2
202100003163,196Â 111,A01,1,1,1,9,2,6,-1,0,0,-1,2021,36.0,2,1,0,2,2,1,1,,4,RUE DE TURENNE,0,,2,2,0,1,(1),(1),3,, -1,2,0,1,30,12,12,2021,22:00,5,75,75103,2,2,0,3,RUE DE TURENNE,48.856484,2.364352,22,2,2
202100015849,173Â 344,B01,1,1,2,9,1,0,-1,-1, -1,-1,2021,25.0,2,2,0,2,4,1,1,,1,86,0,,3,2,0,1,1,799,1,, -1,1,0,1,110,30,9,2021,01:20,3,92,92050,1,1,0,2,A86,48.9047425947,2.2079595923,1,3,2
202100027661,152Â 276,A01,1,1,1,0,1,0,-1,-1, -1,-1,2021,53.0,2,2,0,2,4,1,1,,1,A50-Sens Aubagne vers Marseille,0,,3,3,0,1,6,900,1,, -1,1,0,1,90,18,7,2021,19:40,1,13,13211,1,1,0,2,A50-Sens Aubagne vers Marseille,43.2924,5.47915,19,2,2
202100040655,128Â 949,A01,1,1,1,1,1,-1,-1,0,0,-1,2021,34.0,-1,2,13,0,1,1,1,,3,937,-1,,2,2,0,1,(1),(1),2,, -1,2,0,1,70,8,5,2021,05:40,2,80,80240,2,1,1,7,D937,49.928551,2.959633,5,1,1
202100021833,162Â 601,B01,1,1,2,5,8,-1,-1,0,0,-1,2021,43.0,2,2,0,2,7,17,1,,1,6,0,,3,5,0,1,319,700,1,, -1,1,0,1,130,30,8,2021,12:40,1,71,71170,1,1,0,3,A6,46.8890655035,4.8209358912,12,2,2
202100027954,151Â 732,B01,1,1,1,4,2,0,-1,0,0,-1,2021,45.0,1,1,0,2,3,9,1,,4,BOULEVARD DE LA VILLETTE,0,,3,2,0,1,(1),(1),1,, -1,1,0,1,50,20,7,2021,00:00,5,75,75119,2,2,0,3,BOULEVARD DE LA VILLETTE,48.88448,2.364803,0,2,2
202100000102,201Â 569,A01,1,1,1,1,2,-1,-1,0,0,-1,2021,45.0,0,1,16,0,7,14,1,,2,311,-1,,2,2,0,2,(1),(1),3,, -1,1,0,3,60,22,12,2021,17:30,1,987,98744,1,1,0,7,Moerai,-22.459056,-151.3402,17,1,1
202100004107,194Â 397,B01,1,1,1,5,2,6,-1,0,0,-1,2021,19.0,1,1,0,2,8,3,1,,4,ECHANGEUR MUETTE,0,,1,4,0,1,14,0,1,, -1,2,0,1,70,7,12,2021,17:10,3,75,75116,2,1,1,4,ECHANGEUR MUETTE,48.861098,2.263554,17,4,4
202100033614,141Â 680,A01,1,1,2,5,1,-1,-1,0,0,-1,2021,29.0,1,2,0,2,1,1,1,,4,FORMIGNY (RUE DE),0,,2,2,0,1,1,0,1,, -1,1,0,1,50,18,6,2021,19:40,1,14,14118,2,2,0,3,Rue de Formigny,49.17292,-0.33886,19,2,2
202100003198,196Â 055,B01,1,1,1,9,2,-1,-1,0,0,-1,2021,44.0,2,1,0,2,1,1,1,,2,2,0,A,2,2,0,1,1,800,1,, -1,1,0,1,50,14,12,2021,19:15,4,973,97307,2,3,0,5,route natiolale 2,4.876089,-52.337236,19,4,3
202100039483,131Â 032,Z01,10,3,2,9,0,-1,-1,2,3,1,2021,79.0,2,2,0,1,4,4,0,,4,LANDY(RUE):NÂ° 1 AU 43,0,,1,1,0,1,0,0,1,, -1,1,0,1,50,17,5,2021,14:50,1,93,93070,2,1,0,6,LANDY(RUE):NÂ° 1 AU 43,48.916497,2.334575,14,2,1
202100043159,124Â 523,B01,1,1,2,1,1,0,-1,-1, -1,-1,2021,36.0,2,2,0,2,3,0,1,,3,SOUVENIR (RUE DU),0,,2,1,0,2,0,0,4,, -1,1,0,1,80,16,4,2021,08:15,1,50,50203,1,1,0,1,SOUVENIR (RUE DU),49.61092,-1.56299,8,2,2
202100026798,153Â 822,Z01,10,3,1,1,8,8,-1,4,3,2,2021,23.0,1,5,0,1,0,15,1,,7,MALTERIES (RUE DES),0,,2,3,1,1,(1),(1),1,, -1,1,0,1,30,27,7,2021,07:30,1,67,67447,2,1,0,6,MALTERIES (RUE DES),48.59998,7.73971,7,2,1
202100008102,187Â 255,A01,2,2,2,5,2,-1,-1,0,0,-1,2021,44.0,2,1,13,0,2,1,1,,2,2,0,,-1,2,0,1,23,900,2,, -1,1,0,3,40,14,11,2021,17:15,1,987,98722,1,1,0,3,RT 2 - PK 23+900 C/MER DISTRICT DE TIAREI,-17.591429,-149.382126,17,2,1
202100025459,156Â 158,A01,1,1,1,0,2,8,-1,-1, -1,-1,2021,49.0,1,1,0,2,3,2,1,,3,LAMARTINE (Rue ),0,,2,2,0,1,1,0,1,, -1,1,0,1,50,3,8,2021,19:00,1,22,22187,1,4,0,3,LAMARTINE (Rue ),48.5410881518,-2.8289022443,19,2,2
202100049644,113Â 003,B01,2,2,2,0,2,6,-1,-1, -1,-1,2021,20.0,2,1,0,2,1,1,1,,4,CARRIEU (RUE MARIUS),0,,1,1,0,2,(1),(1),1,, -1,1,0,1,50,28,2,2021,18:00,2,34,34172,2,3,0,3,CARRIEU (RUE MARIUS),43.61768,3.84338,18,3,2
202100050171,112Â 037,B01,1,1,1,1,2,6,-1,-1, -1,-1,2021,21.0,2,1,0,2,1,2,1,,3,AQUITAINE (AVENUE DE L'),0,,3,4,0,2,0,0,1,, -1,1,0,1,50,25,2,2021,17:55,1,64,64102,2,1,0,3,AQUITAINE (AVENUE DE L'),43.48678,-1.46813,17,2,2
202100037847,134Â 009,A01,10,3,1,2,0,-1,-1,2,3,1,2021,11.0,1,2,0,1,3,1,1,,3,R GABRIEL PERI,0,,3,4,0,2,1,0,1,, -1,1,1,1,50,28,5,2021,17:34,1,94,94016,2,1,0,6,Rue Gabriel PÃ©ri,48.79773,2.34327,17,2,1
202100055033,103Â 442,A01,10,3,2,5,0,-1,-1,3,3,1,2021,61.0,2,2,0,1,3,15,1,,4,PRIEUR DE LA MARNE (RUE),0,,2,2,0,1,(1),(1),1,, -1,1,0,1,30,13,1,2021,09:17,1,51,51108,2,3,0,7,Rue Prieur de la Marne,48.9566499942,4.3648638009,9,2,1
202100025380,156Â 289,B01,2,2,2,5,2,9,6,0,0,-1,2021,31.0,1,1,0,2,7,15,1,,2,7,-1,,2,2,0,1,101,200,1,, -1,1,0,1,70,7,8,2021,12:00,1,58,58057,1,9,0,3,Route Nationale 7,46.731904,3.169545,12,5,2
202100012736,178Â 953,B01,1,1,1,5,2,-1,-1,0,0,-1,2021,73.0,3,1,0,0,0,0,5,,3,578,-1,,1,1,0,1,6,720,2,, -1,1,0,1,50,17,10,2021,09:50,1,7,7188,2,6,0,3,rond-point du Pontet,45.190657,4.686913,9,2,2
202100014298,176Â 145,A01,1,1,2,5,1,0,-1,-1, -1,-1,2021,25.0,2,2,13,0,1,14,1,,3,RD 188 CHEVREUSE,0,,2,2,0,1,7,510,1,, -1,1,2,3,90,8,10,2021,20:45,3,91,91661,1,1,0,7,RD 188 CHEVREUSE,48.696387,2.220981,20,1,1
202100048057,115Â 842,A01,1,1,2,5,1,-1,-1,0,0,-1,2021,39.0,1,2,4,2,8,1,1,,1,4,0,A,2,4,0,1,280,150,1,, -1,2,0,1,130,15,3,2021,13:15,1,55,55458,1,1,0,3,PK280+150 AUTOROUTE A4,49.163761,5.746236,13,3,2
202100018429,168Â 685,B01,1,1,1,0,8,0,-1,-1, -1,-1,2021,41.0,0,1,0,2,8,1,3,,4,ROBERT SCHUMANN BOULEVARD,0,,2,2,0,1,1,0,1,, -1,1,0,1,50,17,9,2021,18:05,1,93,93046,2,1,0,3,Boulevard Robert Schuman,48.9273,2.54726,18,2,2
202100031024,146Â 284,A01,1,1,2,3,8,-1,-1,-1, -1,-1,2021,69.0,2,1,0,0,7,1,5,,4,REPUBLIQUE (RUE DE LA),0,,-1,0,0,1,(1),(1),1,, -1,1,0,4,50,1,7,2021,10:15,1,65,65417,2,1,0,7,REPUBLIQUE (RUE DE LA),43.2284,0.10323,10,1,1
202100040711,128Â 843,B01,2,2,1,0,1,0,-1,-1, -1,-1,2021,19.0,2,2,0,2,4,2,1,,2,N118,0,,3,4,0,1,2,150,1,, -1,1,2,1,90,9,5,2021,16:45,1,92,92048,1,1,0,2,N118,48.8117156942,2.2132456052,16,3,2
202100045900,119Â 710,A01,10,3,2,5,0,-1,-1,5,9,1,2021,10.0,1,1,0,1,1,25,5,,4,BOULEVARD SUCHET,0,,-1,2,0,1,(1),(1),1,, -1,1,0,4,50,27,3,2021,19:10,3,75,75116,2,1,0,6,BOULEVARD SUCHET,48.857987,2.265083,19,2,1
202100016004,173Â 062,A01,2,2,2,5,1,-1,-1,0,0,-1,2021,45.0,1,2,0,2,1,1,1,,3,933,0,,2,2,0,1,25,372,1,,4,2,0,1,50,19,9,2021,04:05,5,1,1320,2,2,1,3,D933,46.305246,4.871275,4,4,2
202100056510,100Â 896,C01,1,1,2,5,1,-1,-1,0,0,-1,2021,38.0,1,2,0,2,1,2,1,,3,RD820,0,,1,1,0,1,1,66,1,, -1,1,3,1,70,1,1,2021,17:25,1,31,31458,1,1,0,4,D820,43.515582,1.376,17,5,3
202100047701,116Â 483,B01,1,1,1,5,1,0,-1,-1,0,-1,2021,46.0,2,2,0,2,5,2,2,,1,AUTOROUTE A3,0,,3,-1,0,1,16,600,1,, -1,1,0,1,90,17,3,2021,11:00,1,95,95277,1,1,0,2,AUTOROUTE A3,48.9776905596,2.4943090192,11,2,2
202100000459,200Â 886,B01,1,1,2,5,1,-1,-1,-1, -1,-1,2021,18.0,2,2,0,2,8,15,1,,4,REDON (BOULEVARD DU),0,,2,4,0,1,0,0,1,, -1,1,5,1,50,13,11,2021,19:15,5,13,13209,2,9,0,3,REDON (BOULEVARD DU),43.24952,5.42236,19,3,2
202100040210,129Â 723,A01,10,3,2,0,0,-1,-1,3,3,1,2021,16.0,2,2,0,1,1,1,1,,4,DAMPIERRE (QUAI),0,,2,2,0,1,(1),(1),1,, -1,2,0,1,50,11,5,2021,17:27,1,10,10387,2,1,1,6,DAMPIERRE (QUAI),48.2997,4.07657,17,2,1
202100046077,119Â 389,B01,1,1,1,5,2,8,-1,-1, -1,-1,2021,51.0,1,1,0,2,7,0,5,,3,PIETAT DE,0,,2,2,0,2,0,1,3,, -1,1,0,1,50,28,3,2021,15:20,1,64,64237,2,3,0,3,GABIZOS DU,43.27894,-0.3753,15,2,2
202100044255,122Â 562,A01,1,1,2,0,1,0,-1,0,0,-1,2021,29.0,2,2,15,0,2,14,1,,4,GROLIERE (RUE DE LA),0,,2,2,0,1,(1),(1),1,, -1,1,0,1,50,18,2,2021,10:30,1,63,63113,2,1,0,6,GROLIERE (RUE DE LA),45.79252,3.10626,10,1,1
202100054482,104Â 379,A01,1,1,2,0,1,0,-1,-1, -1,-1,2021,38.0,0,2,1,2,1,14,1,,4,AV  BEAUREGARD ,0,,-1,0,0,1,1,0,1,, -1,2,0,1,50,19,1,2021,11:35,1,94,94017,2,3,1,3,BEAUREGARD (AV DE),48.816618,2.549027,11,2,2
202100025807,155Â 561,B01,1,1,1,0,2,6,-1,0,0,-1,2021,14.0,0,1,0,2,8,9,1,,4,,0,,2,2,0,1,(1),(1),1,,0,1,0,1,50,3,8,2021,17:00,1,35,35201,2,1,0,3,17 Rue du Petit Chemin,48.126531,-2.157585,17,2,2
202100021533,163Â 152,A01,1,1,1,1,8,-1,-1,0,0,-1,2021,33.0,2,2,13,2,6,17,1,,2,147,0,N,2,2,0,1,61,200,1,, -1,1,0,1,80,2,9,2021,15:00,1,87,87028,1,1,0,3,N147,46.258903,0.8741,15,2,2
202100004634,193Â 484,B01,4,2,1,0,1,0,-1,-1, -1,-1,2021,0.0,2,2,0,2,4,2,1,,1,AUTOROUTE A3,0,,3,4,0,1,1,600,1,, -1,2,1,1,90,5,12,2021,19:15,5,93,93048,1,1,1,4,AUTOROUTE A3,48.8704,2.43112,19,5,3
202100050505,111Â 424,B01,9,2,2,4,1,-1,-1,0,0,-1,2021,36.0,1,2,0,0,4,23,1,,3,955,0,,2,2,0,3,51,0,1,, -1,1,0,1,90,23,2,2021,10:15,1,28,28088,1,9,0,2,D955,48.086551,1.309841,10,4,2
202100029901,148Â 354,A01,1,1,1,9,1,-1,-1,0,0,-1,2021,25.0,1,2,7,0,3,13,1,,1,40,0,,1,1,0,2,46,600,3,, -1,1,3,3,70,10,7,2021,02:00,3,74,74197,1,1,0,6,"A 40, sortie 15, direction Geneve",46.14182,6.317165,2,1,1
202100001365,199Â 325,A01,1,1,1,1,1,-1,-1,-1, -1,-1,2021,23.0,0,2,9,0,1,1,1,,4,MARCEL SEMBAT                       (R ),0,,3,1,0,1,(1),(1),2,, -1,1,9,8,50,25,12,2021,16:30,1,69,69199,2,1,0,6,MARCEL ETIENNE SEMBAT (R),45.71074,4.84679,16,2,1
202100030753,146Â 786,A01,1,1,1,5,2,6,-1,-1, -1,-1,2021,54.0,2,1,0,2,1,17,1,,2,ROUTE NATIONALE 5,0,,2,6,0,1,1,500,1,, -1,1,0,1,90,4,7,2021,16:50,1,972,97213,2,1,0,2,ROUTE NATIONALE 5,14.59593,-60.98722,16,2,2
202100051179,110Â 189,B01,1,1,1,5,2,8,-1,-1, -1,-1,2021,75.0,2,1,0,2,1,1,1,,3,AV SADI CARNOT,0,,2,2,0,1,39,100,1,, -1,1,0,1,50,17,2,2021,14:30,1,13,13004,2,2,0,1,BD GEORGES CLEMENCEAU,43.67481,4.62345,14,2,2
202100052441,107Â 976,A01,1,1,2,0,1,-1,-1,0,0,-1,2021,74.0,2,2,0,0,1,0,1,,4,DOLE RUE DE (inf 82),0,,2,2,2,2,(1),(1),2,, -1,1,5,1,50,5,2,2021,10:20,1,25,25056,2,4,0,4,Rue de Dole,47.234617,6.011785,10,3,3
202100034518,140Â 027,A01,1,1,1,5,2,-1,-1,0,0,-1,2021,33.0,2,1,2,0,8,1,1,,7,10,-1,,-1,2,0,2,67,600,2,,5,1,0,1,80,14,6,2021,17:55,1,13,13111,1,1,1,7,d10,43.551145,5.659504,17,1,1
202100033045,142Â 675,A01,1,1,1,4,2,6,-1,-1, -1,-1,2021,20.0,2,1,0,2,7,1,1,,4,JULIEN (RUE STANISLAS JULIEN),0,,1,1,0,2,(1),(1),1,, -1,1,0,1,50,21,6,2021,12:43,1,45,45234,2,2,0,3,Rue Stanislas Julien,47.89975,1.89781,12,2,2
202100021288,163Â 603,B01,1,1,1,4,1,0,-1,0,0,-1,2021,37.0,3,3,0,2,8,16,1,1.0,4,AVENUE VICTOR HUGO,0,,2,6,0,1,(1),(1),1,, -1,1,0,1,30,1,9,2021,22:10,5,75,75116,2,7,0,3,AVENUE VICTOR HUGO,48.8734701106,2.2942956998,22,2,2
202100028888,150Â 086,A01,1,1,2,1,1,-1,-1,0,0,-1,2021,29.0,2,2,6,0,1,1,1,,3,225,0,,2,1,0,1,11,800,1,, -1,1,0,3,50,15,7,2021,05:40,2,62,62008,2,9,0,6,dÃ©partementale 225,50.730418,2.087767,5,1,1
202100026458,154Â 408,A01,10,3,1,5,0,-1,-1,1,3,1,2021,35.0,1,2,0,1,1,26,1,,4,MONTAIGNE AVENUE,0,,2,2,0,1,1,0,1,, -1,1,0,1,50,27,7,2021,22:53,3,49,49007,2,1,0,6,MONTAIGNE AVENUE,47.46881,-0.53178,22,2,1
202100018656,168Â 292,B01,1,1,1,0,0,-1,-1,0,0,-1,2021,20.0,1,0,0,2,1,0,3,,4,,-1,,1,1,0,1,(1),(1),2,,4,1,0,5,50,16,9,2021,17:20,1,53,53097,2,1,0,1,20 Rue Pasteur,48.1498,-0.398544,17,2,2
202100009766,184Â 239,A01,10,3,2,1,0,-1,-1,4,3,1,2021,30.0,1,5,0,1,2,1,1,,4,PATIS,0,,2,2,0,1,1,0,1,, -1,2,0,1,50,2,11,2021,08:35,1,49,49267,2,1,0,6,PATIS,47.47597,-0.50722,8,2,1
202100034901,139Â 328,A01,7,2,2,5,8,-1,-1,0,0,-1,2021,34.0,0,2,13,0,0,0,1,,4,,-1,,2,2,0,1,(1),(1),1,,4,1,0,3,80,12,6,2021,17:09,1,33,33504,1,1,1,6,Ruisseau de Piquant,44.5361006507,-0.3539803967,17,4,1
202100019491,166Â 793,B01,1,1,1,5,2,0,-1,-1, -1,-1,2021,34.0,1,1,0,2,1,1,1,,7,BERRIAT (COURS)             1 A 55-72,0,,2,2,0,2,(1),(1),1,, -1,1,0,1,30,11,9,2021,17:50,1,38,38185,2,5,0,1,BERRIAT (COURS)             1 A 55-72,45.188259012,5.7162233177,17,2,2
202100018087,169Â 301,B01,3,2,2,5,1,0,-1,-1, -1,-1,2021,45.0,1,2,0,2,4,2,1,,1,A507 sens Aubagne- Marseille,0,,1,3,0,1,2,500,1,, -1,1,1,1,70,18,9,2021,11:30,1,13,13055,1,1,0,4,A507 sens Aubagne- Marseille,43.2863501693,5.4311761116,11,6,4
202100042041,126Â 477,A01,1,1,1,1,2,6,-1,-1, -1,-1,2021,34.0,1,1,0,2,1,26,1,,4,DE LATTRE DE TASSIGNY (BD),0,,-1,2,0,1,(1),(1),1,, -1,1,5,1,50,29,4,2021,07:20,1,17,17306,2,6,0,3,DE LATTRE DE TASSIGNY (BD),45.62693,-1.01866,7,2,2
202100041902,126Â 719,B01,1,1,2,3,8,0,-1,0,0,-1,2021,59.0,1,1,0,2,1,9,5,,4,DE GAULLE (AVENUE DU GENERAL),0,,2,2,0,1,(1),(1),1,, -1,1,0,1,50,3,4,2021,10:27,1,36,36044,2,6,0,3,Avenue Charles de Gaulle,46.8101,1.68773,10,2,2
202100012788,178Â 864,A01,1,1,2,5,1,-1,-1,-1, -1,-1,2021,60.0,1,2,0,2,1,2,1,,1,ROCADE A 630,0,,3,6,0,1,4,99,1,, -1,1,0,1,70,17,10,2021,12:30,1,33,33063,1,1,0,4,ROCADE A 630,44.882465,-0.550574,12,6,3
202100019098,167Â 498,A01,1,1,2,1,1,0,-1,-1, -1,-1,2021,30.0,1,2,0,2,4,2,2,,1,A507 sens Marseille - Aubagne,0,,-1,3,0,1,1,860,1,, -1,1,1,1,70,14,9,2021,17:00,1,13,13055,1,1,0,4,A507 sens Marseille - Aubagne,43.2910445519,5.4244986303,17,3,3
202100038652,132Â 544,B01,1,1,1,4,1,8,-1,0,0,-1,2021,53.0,1,2,8,2,0,21,1,,4,RUE DU BAC,0,,2,2,0,1,(1),(1),1,, -1,2,0,1,50,22,5,2021,23:45,5,75,75107,2,2,0,3,RUE DU BAC,48.856063,2.325894,23,2,2
202100049328,113Â 590,B01,1,1,1,1,1,-1,-1,0,0,-1,2021,22.0,1,5,0,2,1,1,1,,3,68,0,D,2,2,0,1,17,629,1,, -1,1,0,1,90,4,3,2021,16:15,1,34,34153,1,9,0,1,D68,43.720497,3.833499,16,2,2
202100014386,175Â 997,A01,10,3,1,1,0,-1,-1,1,3,1,2021,52.0,3,2,0,1,1,15,1,,4,LIBERATION (Rue de la ),0,,2,2,0,1,(1),(1),1,, -1,1,0,1,50,8,10,2021,21:42,5,26,26198,2,3,0,6,2 Rue de la LibÃ©ration,44.542957,4.746691,21,2,1
202100004314,194Â 045,A01,1,1,1,1,2,0,-1,-1, -1,-1,2021,21.0,2,1,0,2,7,26,1,,3,DIVISION LECLERC (53 A 217 - 58 A 186),0,,1,4,1,2,0,0,1,, -1,2,0,1,50,7,12,2021,18:45,5,92,92002,2,1,1,6,DIVISION LECLERC (53 A 217 - 58 A 186),48.7428552708,2.302877605,18,1,1
202100003823,194Â 916,A01,1,1,1,4,1,-1,-1,0,0,-1,2021,31.0,3,5,0,2,3,1,1,,4,,-1,,2,2,0,2,(1),(1),4,,4,1,0,1,50,2,8,2021,17:30,1,60,60613,2,1,0,1,Rue de la Graverie,49.256311,2.018555,17,2,2