Num_Acc,id_vehicule,num_veh,place,catu,sexe,trajet,secu1,secu2,secu3,locp,actp,etatp,year_acc,victim_age,senc,catv,obs,obsm,choc,manv,motor,occutc,catr,voie,v1,v2,circ,nbv,vosp,prof,pr,pr1,plan,lartpc,larrout,surf,infra,situ,vma,jour,mois,an,hrmn,lum,dep,com,agg_,int,atm,col,adr,lat,long,hour,nb_victim,nb_vehicules
202100041756,126Â 972,A01,10,3,2,0,0,-1,-1,3,3,2,2021,75.0,3,5,0,1,2,1,1,,4,RUE CHARLES PÃGUY,0,,2,2,0,1,(1),(1),1,, -1,1,0,1,30,23,4,2021,10:15,1,38,38185,2,1,0,6,Rue Charles PÃ©guy,45.17877,5.71564,10,2,1
202100027430,152Â 689,A01,1,1,1,4,1,-1,-1,0,0,-1,2021,66.0,3,2,0,2,3,19,1,,4,,-1,,2,2,0,1,(1),(1),1,,4,1,0,1,-1,19,7,2021,08:12,1,29,29285,1,2,0,3,Lieu-dit Lodeven,48.634791,-4.091656,8,2,2
202100001949,198Â 318,A01,1,1,1,5,8,-1,-1,0,0,-1,2021,25.0,3,2,6,0,1,1,1,,7,6202,0,,1,2,0,1,(1),(1),2,, -1,1,0,1,90,22,12,2021,22:30,3,6,6151,1,1,0,6,M6202,43.909871,7.193499,22,1,1
202100045602,120Â 218,A01,1,1,1,0,8,0,-1,0,0,-1,2021,41.0,3,0,0,0,0,26,3,,4,PARC (CH. DU) RTE DE SEINE A FALAISES,0,,-1,2,1,1,(1),(1),1,, -1,1,0,1,50,1,4,2021,21:10,5,27,27375,2,1,0,6,PARC (CH. DU) RTE DE SEINE A FALAISES,49.22132,1.17303,21,1,1
202100020228,165Â 478,B01,1,1,1,0,8,-1,-1,-1, -1,-1,2021,18.0,1,0,0,2,8,1,3,,4,JOSEPH GILLET                       (QU),0,,2,4,2,1,(1),(1),1,, -1,1,0,5,50,6,9,2021,12:15,1,69,69384,2,3,0,3,JOSEPH GILLET (Q),45.77559,4.81042,12,2,2
202100055468,102Â 697,A01,10,3,1,2,0,-1,-1,1,3,1,2021,15.0,2,2,0,1,2,21,1,,4,FERRY JULES  R,0,,2,2,0,1,(1),(1),1,, -1,1,0,1,50,11,1,2021,07:50,1,69,69264,2,1,0,6,FERRY JULES (R),45.9832443204,4.7353224311,7,2,1
202100009350,184Â 994,A01,1,1,1,1,2,6,9,0,0,-1,2021,26.0,2,1,0,2,1,17,1,,3,255,0,,2,2,0,2,11,950,3,, -1,1,0,1,80,6,11,2021,17:30,2,64,64495,1,1,0,1,D255,43.373939,-1.545897,17,2,2
202100034879,139Â 370,B01,1,1,1,5,2,-1,-1,0,0,-1,2021,52.0,0,1,0,2,1,1,1,,4,,0,,2,2,0,1,(1),(1),4,,5,2,0,1,50,11,6,2021,22:15,3,973,97304,2,1,1,1,Rue du Stade,5.161081,-52.644913,22,3,2
202100016140,172Â 791,A01,10,3,1,2,0,-1,-1,1,3,1,2021,4.0,1,2,0,1,3,1,1,,4,BERGSON (RUE HENRI),0,,2,2,0,1,(1),(1),1,, -1,2,0,1,30,27,9,2021,16:55,1,60,60175,2,1,0,6,Rue Henri Bergson,49.2543,2.4872,16,2,1
202100017235,170Â 839,A01,1,1,1,5,1,-1,-1,0,0,-1,2021,19.0,1,2,0,2,1,1,1,,2,57,0,,2,2,0,1,16,800,1,, -1,1,0,1,80,23,9,2021,20:30,3,70,70473,1,1,0,1,RN 57 PK 16+800,47.806037,6.404807,20,2,2
202100040155,129Â 822,B01,3,2,1,5,1,0,-1,-1, -1,-1,2021,0.0,1,2,0,2,1,1,1,,2,LYONS LA FORET. RUE DE,0,,2,3,3,1,0,500,1,, -1,1,0,1,50,12,5,2021,10:10,1,76,76540,2,3,0,2,LYONS LA FORET. RUE DE,49.43657,1.1338,10,3,2
202100023108,160Â 308,A01,2,2,1,9,1,0,-1,0,0,-1,2021,17.0,0,2,0,2,1,1,1,,4,BRANCHE (RUE DE LA),0,,2,2,0,1,(1),(1),1,, -1,1,5,1,50,20,8,2021,13:55,1,71,71486,2,2,0,3,Boulevard Henri Dunant,46.646794588,4.3401612095,13,4,2
202100036484,136Â 489,B01,1,1,1,9,8,0,-1,-1, -1,-1,2021,49.0,1,1,0,2,1,18,6,,3,EDOUARD VAILLANT DU 1 A FIN.,0,,2,4,1,1,0,0,1,, -1,1,9,5,50,4,6,2021,11:05,1,93,93055,2,9,0,6,EDOUARD VAILLANT DU 1 A FIN.,48.902009,2.393585,11,2,2
202100039694,130Â 629,A01,1,1,1,0,1,0,-1,-1, -1,-1,2021,32.0,3,2,8,0,1,0,1,,4,MADELEINE (QUAI DE LA MADELEINE),0,,1,4,1,1,(1),(1),1,, -1,1,5,8,50,16,5,2021,06:24,5,45,45234,2,2,0,7,Pont de l'Europe,47.8973984634,1.8767695427,6,1,1
202100008682,186Â 218,B01,1,1,1,9,2,6,-1,-1, -1,-1,2021,24.0,1,1,1,2,1,3,1,,4,DOCTEUR GAILLETON (DU)              (QU),0,,3,4,3,1,(1),(1),1,, -1,1,0,8,50,8,11,2021,17:20,2,69,69382,2,9,0,4,DOCTEUR GAILLETON (DU) (Q),45.7513236037,4.8323958645,17,3,3
202100052631,107Â 649,A01,1,1,1,1,2,-1,-1,0,0,-1,2021,34.0,2,1,0,2,8,2,1,,7,,-1,,2,2,0,2,1,300,3,, -1,1,0,1,50,5,2,2021,07:30,1,6,6122,2,1,0,5,Ancienne Route de Vence (Pont),43.74367,7.136736,7,3,3
202100051685,109Â 309,B01,2,2,1,5,1,0,-1,-1, -1,-1,2021,66.0,2,2,0,2,6,2,1,,4,ALLENDE SALVADOR (RUE),0,,2,2,0,1,0,0,2,, -1,1,0,1,50,11,2,2021,16:03,1,30,30189,2,6,0,2,ALLENDE SALVADOR (RUE),43.8218,4.3651,16,3,2
202100019831,166Â 187,A01,1,1,1,2,8,0,-1,-1, -1,-1,2021,10.0,1,1,1,2,7,26,5,,4,JACQUES DUCLOS (RUE) - RIVIERE DES GAL  ,0,,2,2,0,1,0,0,1,, -1,1,9,6,50,8,9,2021,09:00,1,974,97407,2,1,0,3,JACQUES DUCLOS (RUE) - RIVIERE DES GAL  ,-20.95741,55.3141,9,2,2
202100013805,177Â 020,A01,1,1,1,4,2,8,-1,-1, -1,-1,2021,22.0,2,1,0,2,1,1,3,,4,HUIT-OCTOBRE (PLACE DU),0,,3,2,0,1,0,0,2,, -1,1,5,1,50,24,3,2021,20:25,2,2,2691,2,6,0,3,HUIT-OCTOBRE (PLACE DU),49.8422,3.29491,20,2,2
202100034957,139Â 219,B01,1,1,2,0,2,0,-1,-1, -1,-1,2021,36.0,2,1,0,2,1,1,1,,4,MAC JEAN (AV) NÂ° IMP 107 ET plus,0,,2,2,0,1,0,0,1,, -1,1,0,1,30,10,6,2021,14:30,1,72,72181,2,1,0,3,MAC JEAN (AV) NÂ° IMP 107 ET plus,47.98,0.222,14,2,2
202100035286,138Â 629,B01,1,1,2,5,1,8,-1,-1, -1,-1,2021,25.0,1,2,0,2,4,2,1,,7,MARÃCHAL DE LATTRE (AVENUE),0,,2,2,0,1,0,0,1,, -1,1,0,1,50,10,6,2021,21:25,5,13,13209,2,1,0,2,MARÃCHAL DE LATTRE (AVENUE),43.25056,5.40378,21,2,2
202100008720,186Â 146,B01,1,1,1,0,2,8,-1,-1, -1,-1,2021,18.0,2,1,15,2,8,1,1,,2,RN 249,0,,1,1,0,2,24,(1),2,, -1,1,3,1,50,5,11,2021,18:25,3,49,49099,2,3,0,3,TROIS PROVINCES (AVENUE DES ),47.05976,-0.92532,18,2,2
202100033485,141Â 921,A01,1,1,2,1,1,-1,-1,0,0,-1,2021,25.0,3,2,0,2,2,15,1,,4,,-1,,1,1,0,1,(1),(1),1,,3,1,0,1,50,17,6,2021,21:50,2,8,8363,2,2,0,3,34 Rue Paule Minck,49.940881,4.635721,21,2,2
202100005273,192Â 361,Z01,10,3,2,3,0,-1,-1,3,3,1,2021,87.0,2,2,0,1,1,1,1,,4,,0,,1,1,0,1,(1),(1),1,, -1,1,0,1,50,27,11,2021,11:44,1,66,66136,2,1,0,6,FOCH (MARECHAL),42.6940461256,2.8879898787,11,2,1
202100003831,194Â 904,A01,1,1,1,4,2,6,-1,0,0,-1,2021,27.0,2,1,0,2,1,21,1,,4,RUE DU CAPORAL PEUGEOT,0,,2,4,0,1,(1),(1),1,, -1,1,0,1,30,9,12,2021,20:00,5,75,75117,2,2,0,2,RUE DU CAPORAL PEUGEOT,48.887084,2.289556,20,2,2
202100040400,129Â 396,A01,1,1,1,1,1,-1,-1,0,0,-1,2021,35.0,1,2,6,0,1,21,1,,3,102,-1,,-1,2,0,2,14,180,1,, -1,1,0,3,80,12,5,2021,08:00,1,71,71412,1,3,0,6,Le Bois du Monay,46.733242,4.438729,8,1,1
202100003922,194Â 745,B01,1,1,2,0,1,-1,-1,0,0,-1,2021,67.0,1,2,0,0,1,1,1,,3,101,0,,2,2,0,1,9,0,1,,5,1,0,1,80,9,12,2021,14:00,1,60,60247,1,2,0,1,D101,49.4356184931,2.5275973677,14,3,2
202100032571,143Â 550,B01,1,1,1,5,2,6,-1,0,0,-1,2021,66.0,0,1,0,2,4,2,1,,3,72,-1,,2,5,0,1,(1),(1),1,, -1,1,0,1,80,24,6,2021,16:30,1,50,50388,1,1,0,2,Rue du Mont Cesar,49.016026,-1.508391,16,2,2
202100031112,146Â 130,B01,1,1,1,0,2,8,-1,-1, -1,-1,2021,23.0,2,1,0,2,1,1,1,,4,JUIN (AVENUE ALPHONSE),0,,2,2,1,2,(1),(1),1,, -1,1,0,1,50,30,6,2021,15:50,1,34,34172,2,1,0,3,JUIN (AVENUE ALPHONSE),43.61942,3.9009,15,2,2
202100009570,184Â 602,B01,1,1,1,5,2,0,-1,-1, -1,-1,2021,26.0,1,1,0,2,1,1,1,,3,BADUEL (ROUTE DE),0,,2,2,0,1,1,200,1,, -1,1,0,1,50,2,11,2021,22:02,4,973,97302,2,2,0,1,BADUEL (ROUTE DE),4.9392893231,-52.3183321953,22,2,2
202100029478,149Â 097,A01,1,1,1,5,2,6,9,0,0,-1,2021,33.0,1,1,0,0,8,1,1,,4,,-1,,2,1,0,2,(1),(1),2,,3,9,0,1,80,11,7,2021,16:20,1,71,71135,1,1,0,7,Rue des Carrieres,46.4345152952,4.8278523864,16,1,1
202100035156,138Â 867,A01,2,2,2,5,8,-1,-1,0,0,-1,2021,59.0,1,2,16,0,1,1,1,,3,117,0,,2,2,0,1,2,400,2,, -1,1,0,3,80,12,6,2021,06:00,1,37,37126,1,1,0,7,,47.1347157071,0.1116969594,6,2,1
202100022513,161Â 388,A01,1,1,1,5,2,-1,-1,0,0,-1,2021,10.0,3,6,12,0,1,1,1,,4,,-1,,2,2,0,4,(1),(1),4,,4,1,0,1,50,26,8,2021,20:30,2,61,61081,2,1,0,6,Rue des Ecoles,48.651856,0.196312,20,1,1
202100029297,149Â 396,A01,1,1,2,5,8,0,-1,-1, -1,-1,2021,26.0,1,1,3,0,7,18,1,,3,LAMARTINE,0,,3,2,0,1,2,1250,1,, -1,1,0,1,50,12,7,2021,19:16,1,49,49246,2,1,0,3,LAMARTINE,47.43832,-0.48734,19,2,2
202100049695,112Â 913,B01,1,1,2,5,1,-1,-1,0,0,-1,2021,36.0,1,2,0,2,6,15,1,,3,112,0,D,2,2,0,1,3,850,1,, -1,1,0,1,80,28,2,2021,17:35,1,31,31573,1,1,0,3,route de lavaur,43.657394,1.690822,17,3,2
202100022433,161Â 540,A01,1,1,2,1,8,-1,-1,-1, -1,-1,2021,28.0,3,1,0,2,1,5,3,,4,BEREGOVOY (RUE PIERRE),0,,1,1,1,2,(1),(1),3,, -1,1,0,5,50,25,8,2021,13:30,1,51,51454,2,6,0,3,Rue Pierre Beregovoy,49.2199794272,4.0345011809,13,2,2
202100051731,109Â 225,A01,10,3,2,1,0,-1,-1,2,3,1,2021,51.0,1,2,0,1,2,1,1,,3,LUCIEN LEFRANC (QUAI),0,,2,3,0,1,0,1,1,, -1,1,0,1,50,12,2,2021,06:45,5,93,93001,2,3,0,6,LUCIEN LEFRANC (QUAI),48.91236,2.37311,6,2,1
202100035068,139Â 013,B01,1,1,1,5,2,6,-1,0,0,-1,2021,29.0,1,1,0,2,3,1,1,,4,BOULEVARD DES BATIGNOLLES,0,,1,2,0,1,(1),(1),1,, -1,1,0,1,50,11,6,2021,12:40,1,75,75108,2,3,0,3,BOULEVARD DES BATIGNOLLES,48.881637,2.318834,12,2,2
202100043915,123Â 172,A01,10,3,1,9,0,-1,-1,3,3,1,2021,34.0,2,2,0,1,4,4,1,,4,RUE LOUIS BLANC,0,,1,2,0,1,(1),(1),1,, -1,1,0,1,30,15,4,2021,11:55,1,75,75110,2,2,0,6,RUE LOUIS BLANC,48.879973,2.367255,11,2,1
202100013121,178Â 292,A01,10,3,1,5,0,-1,-1,1,3,1,2021,38.0,2,2,0,1,1,1,1,,3,STALINGRAD (BD DE),0,,1,2,0,1,59,0,1,, -1,1,0,1,50,14,10,2021,23:20,5,94,94073,2,1,0,6,Boulevard de Stalingrad,48.769227,2.402218,23,2,1
202100039877,130Â 310,A01,1,1,1,5,8,-1,-1,0,0,-1,2021,37.0,2,2,2,0,1,1,0,,3,104,0,,2,2,0,2,1,850,1,, -1,2,0,1,80,16,5,2021,19:40,1,27,27384,1,1,1,6,Route de la Morelle,49.370714,0.304688,19,2,1
202100007181,188Â 917,A01,10,3,2,0,0,-1,-1,3,3,1,2021,42.0,1,2,0,1,1,16,1,,4,EUROPE. BOULEVARD DE L',0,,2,4,3,1,0,0,3,, -1,1,4,1,50,19,11,2021,11:40,1,76,76540,2,1,0,6,EUROPE. BOULEVARD DE L',49.42616,1.08709,11,2,1
202100025563,155Â 980,C01,1,1,2,0,1,-1,-1,-1, -1,-1,2021,34.0,1,2,0,2,5,2,1,,1,ROCADE A 630,0,,3,4,0,1,5,409,1,, -1,1,3,1,90,5,8,2021,12:00,1,33,33063,1,1,0,5,ROCADE A 630,44.886326,-0.56612,12,3,3
202100029094,149Â 742,A01,10,3,1,9,0,-1,-1,2,3,2,2021,15.0,0,2,0,1,1,1,1,,4,ROUBAIX (BOULEVARD DE ),0,,2,2,0,2,(1),(1),1,, -1,1,0,1,50,9,7,2021,15:45,1,80,80021,2,1,0,6,ROUBAIX (BOULEVARD DE ),49.90774,2.31792,15,2,1
202100024985,156Â 998,A01,1,1,1,5,2,-1,-1,0,0,-1,2021,15.0,3,1,0,2,1,1,1,,3,164,0,,2,2,0,1,5,107,1,, -1,1,0,1,80,19,3,2021,18:25,1,44,44073,1,2,0,3,RD 164 Cramezeul,47.4219125749,-1.6587209702,18,2,2
202100023779,159Â 116,A01,1,1,1,5,1,-1,-1,0,0,-1,2021,55.0,2,2,13,0,1,1,1,,3,63,0,D,2,2,0,1,16,100,1,, -1,1,0,3,80,17,8,2021,15:30,1,29,29134,1,1,0,6,D63,48.093832,-4.212699,15,4,1
202100038703,132Â 453,A01,1,1,1,0,8,-1,-1,0,0,-1,2021,22.0,2,2,6,0,1,0,1,,3,123,-1,,2,2,0,1,(1),(1),1,, -1,1,0,4,50,23,5,2021,15:00,1,971,97119,2,1,0,6,Bazin,16.369984,-61.447692,15,1,1
202100003008,196Â 399,A01,2,2,1,4,8,-1,-1,0,0,-1,2021,43.0,2,4,13,0,1,13,1,,3,904,-1,,2,2,0,1,25,826,1,, -1,2,0,3,80,15,12,2021,10:30,1,1,1443,1,1,1,6,D904,45.988017,5.057552,10,2,1
202100034101,140Â 809,B01,1,1,1,9,2,0,-1,0,0,-1,2021,33.0,1,1,0,2,7,1,5,,4,RUE DU FAUBOURG SAINT MARTIN,0,,2,2,0,1,(1),(1),1,, -1,1,0,1,50,16,6,2021,17:45,1,75,75110,2,2,0,3,RUE DU FAUBOURG SAINT MARTIN,48.8811,2.365166,17,3,2
202100026528,154Â 280,D01,1,1,1,4,1,-1,-1,0,0,-1,2021,62.0,1,4,0,2,1,2,1,,3,504,-1,,1,1,0,1,3,400,1,, -1,1,0,1,90,29,7,2021,15:00,1,67,67409,1,1,0,4,D504,48.83531,8.089746,15,4,4
202100042010,126Â 529,B01,1,1,1,9,8,-1,-1,-1, -1,-1,2021,23.0,2,1,0,2,7,26,0,,4,BONNEVAY LAURENT,0,,2,2,0,1,(1),(1),1,"6,3", -1,1,0,1,50,28,4,2021,17:25,1,79,79191,2,2,0,3,Rue Laurent Bonnevay,46.31564,-0.48134,17,2,2
202100047448,116Â 954,A01,1,1,1,9,2,6,-1,0,0,-1,2021,28.0,1,1,0,2,3,2,1,,2,113,-1,,2,2,0,1,13,858,1,, -1,1,0,1,50,23,2,2021,16:00,1,34,34022,2,9,0,2,Rue de Colombiers,43.657861,4.011472,16,2,2
202100016617,171Â 933,A01,10,3,2,0,0,-1,-1,9,3,1,2021,21.0,3,2,0,1,2,26,0,,4,HUREPOIX (AVENUE DU),0,,2,2,0,1,0,0,1,, -1,1,0,8,30,23,9,2021,14:30,1,91,91549,2,9,0,6,HUREPOIX (AVENUE DU),48.625014,2.345577,14,2,1
202100034740,139Â 615,A01,1,1,1,5,2,6,-1,-1,0,-1,2021,49.0,1,1,0,0,7,14,1,,3,FLANDRES (RUE DE),0,,2,3,0,1,0,60,1,, -1,1,0,1,50,11,6,2021,20:00,1,95,95088,2,1,0,7,Route de Flandres,48.95705,2.44585,20,1,1
202100049213,113Â 786,A01,1,1,1,1,2,8,-1,-1, -1,-1,2021,32.0,1,1,0,2,1,1,1,,2,CHAUDRON (BLD 3 DU),0,,2,2,0,2,(1),(1),3,, -1,1,0,1,50,3,3,2021,21:50,3,974,97411,2,1,0,3,Boulevard du Chaudron,-20.896965,55.496256,21,2,2
202100028221,151Â 249,A01,10,3,2,0,8,-1,-1,3,B,1,2021,21.0,1,2,0,1,3,0,1,,9,,-1,,1,2,0,1,(1),(1),2,,4,1,0,8,50,13,7,2021,14:22,1,36,36088,2,7,0,6,Place de la Croix de Pierre,46.947702,1.997125,14,2,1
202100018391,168Â 750,A01,5,2,2,0,1,-1,-1,0,0,-1,2021,31.0,1,2,2,0,1,1,1,,2,EMILE DIDIER ( AV ),0,,-1,2,0,1,70,765,2,, -1,2,9,4,50,15,9,2021,00:40,5,5,5061,2,6,1,6,EMILE DIDIER ( AV ),44.56546,6.09276,0,3,1
202100024722,157Â 456,B01,1,1,1,0,1,0,-1,-1, -1,-1,2021,39.0,1,2,0,2,1,1,1,,3,SALVADOR ALLENDE (RUE),0,,-1,2,0,1,1,910,2,, -1,1,0,1,50,10,8,2021,14:25,1,86,86194,2,9,0,1,Avenue John Kennedy,46.588094,0.363415,14,2,2
202100008695,186Â 194,B01,1,1,1,4,0,-1,-1,-1, -1,-1,2021,32.0,1,1,0,2,0,0,3,,4,TOBROUK,0,,1,1,0,1,(1),(1),1,, -1,1,5,1,50,5,11,2021,19:20,5,78,78586,2,6,0,3,TOBROUK,48.93208,2.16524,19,2,2
202100023744,159Â 175,A01,1,1,2,9,2,0,-1,0,0,-1,2021,27.0,0,1,12,0,0,13,3,,4,AVENUE BOSQUET,0,,2,4,0,1,(1),(1),1,, -1,1,0,1,50,16,8,2021,21:46,5,75,75107,2,2,0,6,AVENUE BOSQUET,48.861882,2.302024,21,1,1
202100025203,156Â 615,A01,1,1,1,0,1,-1,-1,0,0,-1,2021,19.0,3,2,0,2,3,13,1,,4,0,0,A,2,2,0,1,0,0,1,, -1,1,0,1,70,7,8,2021,08:30,1,40,40181,1,1,0,1,route de moliets,43.823629,-1.327028,8,2,2
202100030974,146Â 383,B01,2,2,2,5,1,-1,-1,-1,0,-1,2021,31.0,2,2,0,0,4,2,1,,1,AUTOROUTE A15,0,,3,9,0,1,8,500,1,, -1,1,0,1,110,3,7,2021,23:30,3,95,95582,1,1,0,2, A15,48.96624,2.25746,23,3,2
202100005699,191Â 615,A01,1,1,1,4,6,2,-1,0,0,-1,2021,45.0,1,1,0,9,1,2,1,,2,03,0,N,2,2,0,1,0,0,1,, -1,1,0,1,70,26,11,2021,15:05,1,976,97603,1,1,0,2,ROUTE NATIONALE 3 - SAKOULI,-12.888003,45.211583,15,2,2
202100003193,196Â 062,A01,10,3,2,5,0,-1,-1,3,3,2,2021,68.0,2,2,0,1,1,1,1,,3,6098,-1,,3,2,0,1,9,868,1,, -1,1,0,1,50,15,12,2021,14:25,1,6,6079,2,1,0,6,26 Avenue Henri Clews,43.52682,6.945317,14,4,1
202100054531,104Â 302,B01,1,1,2,1,1,0,-1,-1, -1,-1,2021,36.0,2,2,0,2,8,1,1,,1,A7-Sens Marseille vers Lyon,0,,1,3,0,2,277,0,1,, -1,1,0,1,90,19,1,2021,11:30,1,13,13215,1,1,0,3,A7-Sens Marseille vers Lyon,43.34911,5.36987,11,2,2
202100051442,109Â 748,A01,1,1,1,4,2,0,-1,-1, -1,-1,2021,35.0,1,1,0,2,1,19,1,,4,MAURIAC (RUE),0,,2,3,0,1,(1),(1),1,, -1,1,0,1,50,15,2,2021,11:30,1,13,13210,2,3,0,3,Rue Francois Mauriac,43.271468,5.422005,11,2,2
202100055045,103Â 422,A01,1,1,2,0,2,4,-1,-1, -1,-1,2021,57.0,2,1,0,2,1,17,1,,3,BAGNOLS (ROUTE DE),0,,2,3,0,1,0,240,1,, -1,1,0,1,50,14,1,2021,14:40,1,30,30007,2,1,0,3,BAGNOLS (ROUTE DE),44.13066,4.1091,14,2,2
202100034461,140Â 130,B01,1,1,1,1,2,6,-1,0,0,-1,2021,32.0,1,1,0,2,7,1,1,,3,3,-1,,2,2,1,1,51,(1),1,,4,1,0,1,50,15,6,2021,17:45,1,24,24010,2,3,0,3,Gravelle,45.172092,0.590837,17,2,2
202100025625,155Â 881,B01,1,1,1,1,2,6,-1,-1, -1,-1,2021,43.0,3,1,0,2,7,15,1,,4,PAPIN DENIS -BD-,0,,2,2,0,1,0,0,1,, -1,1,5,1,50,3,8,2021,08:12,1,11,11069,2,6,0,3,PAPIN DENIS -BD-,43.20759,2.3145,8,2,2
202100042871,125Â 036,A01,1,1,1,9,8,0,-1,-1, -1,-1,2021,40.0,1,1,0,0,1,26,1,,4,GRAND MONTREJEAU,0,,2,2,0,1,1,0,1,, -1,1,0,1,50,23,4,2021,18:31,1,49,49007,2,1,0,7,GRAND MONTREJEAU,47.4650745715,-0.5197714779,18,1,1
202100000124,201Â 533,B01,1,1,1,5,1,0,-1,-1, -1,-1,2021,31.0,1,2,0,2,1,1,1,,3,SAINTE BEUVE (Bld),0,,2,2,0,2,46,700,3,, -1,1,0,1,50,1,10,2021,23:10,5,62,62160,2,1,0,1,SAINTE BEUVE (Bld),50.74003,1.595,23,3,2
202100025319,156Â 400,B01,2,2,2,0,2,0,-1,0,0,-1,2021,20.0,2,1,0,9,1,1,1,,4,PASTORELLI (R.),0,,1,1,0,1,(1),(1),1,, -1,1,0,1,50,6,8,2021,19:35,1,6,6088,2,2,0,3,PASTORELLI (R.),43.701863,7.273303,19,3,2
202100021102,163Â 936,B01,1,1,2,1,2,0,-1,-1, -1,-1,2021,57.0,1,1,0,2,8,1,5,,3,CRETEIL (BD DE),0,,2,2,0,1,0,0,1,, -1,1,0,1,30,3,9,2021,08:45,2,94,94068,2,2,0,3,Boulevard de CrÃ©teil,48.79801,2.48986,8,2,2
202100016289,172Â 517,A01,10,3,1,5,0,-1,-1,1,9,1,2021,53.0,3,2,0,1,4,4,1,,6,,-1,,-1,-1,0,1,(1),(1),1,,4,1,0,8,-1,29,9,2021,16:40,1,35,35040,1,9,0,6,Launay Quero,48.136437,-1.938314,16,2,1
202100024822,157Â 288,B01,1,1,1,5,0,-1,-1,0,0,-1,2021,67.0,1,1,0,2,1,1,5,,7,4,3,,2,2,2,1,(1),(1),1,, -1,1,0,1,50,10,8,2021,09:30,1,38,38382,2,2,0,3,Route de Grenoble,45.228258,5.684089,9,2,2
202100017314,170Â 702,A01,1,1,1,5,2,-1,-1,0,0,-1,2021,21.0,2,1,12,0,0,1,1,,4,,0,,2,2,0,1,(1),(1),1,,4,1,0,1,50,21,9,2021,18:14,1,68,68130,2,1,0,7,1 Rue du 7 FÃ©vrier,47.969798,7.546256,18,1,1
202100021862,162Â 556,A01,10,3,2,-1,0,-1,-1,6,A,1,2021,24.0,3,2,0,1,4,20,1,,4,70,0,,2,2,0,1,(1),(1),3,, -1,1,0,1,30,29,8,2021,11:00,1,66,66148,2,1,0,6,70 Boulevard des Evades de France,42.518659,3.101578,11,2,1
202100034681,139Â 735,A01,1,1,2,5,2,-1,-1,0,0,-1,2021,31.0,0,1,0,2,1,1,1,,3,351,-1,,2,2,0,1,20,(1),1,, -1,1,0,1,80,13,6,2021,19:30,1,40,40025,1,1,0,6,rd 351,43.824589,-0.409992,19,2,2
202100033674,141Â 571,A01,1,1,1,0,8,0,-1,-1, -1,-1,2021,39.0,2,1,0,0,0,0,5,,4,BRUYERES (RUE DES),0,,2,2,0,2,0,0,1,, -1,1,9,1,30,16,6,2021,23:40,5,92,92072,2,3,0,7,BRUYERES (RUE DES),48.8201398732,2.2184121609,23,1,1
202100006476,190Â 225,A01,1,1,1,0,2,6,-1,-1, -1,-1,2021,28.0,2,1,15,0,0,1,1,,3,PARMENTIER (PL),0,,1,1,0,2,1,0,1,, -1,1,0,1,50,24,11,2021,01:50,5,94,94041,2,1,0,6,Place Parmentier,48.8111,2.38344,1,1,1
202100008169,187Â 119,A01,1,1,1,0,1,-1,-1,0,0,-1,2021,18.0,2,2,0,0,8,1,1,,3,66,0,,2,2,0,1,9,367,1,, -1,2,0,1,70,15,11,2021,18:00,5,77,77436,2,2,0,3,D66,48.801889,3.211328,18,3,2
202100022015,162Â 280,B01,1,1,1,5,0,-1,-1,0,0,-1,2021,44.0,1,1,0,2,1,14,5,,3,619,-1,,2,2,0,1,36,0,1,, -1,1,0,1,80,29,8,2021,22:16,3,77,77327,1,1,0,1,D619,48.571567,2.999589,22,2,2
202100054267,104Â 754,A01,1,1,1,3,1,-1,-1,0,0,-1,2021,40.0,3,2,13,0,9,1,1,,4,,-1,,2,2,0,1,(1),(1),1,, -1,2,0,3,80,20,1,2021,18:00,3,71,71462,1,1,0,7,route du cavalier,46.829972,5.037146,18,1,1
202100011612,180Â 969,B01,1,1,1,1,1,0,-1,-1, -1,-1,2021,62.0,0,2,0,2,7,1,1,,4,,0,,1,1,0,1,0,0,1,, -1,1,0,1,50,22,10,2021,07:35,5,30,30007,2,3,0,3,ONZE NOVEMBRE 1918 (QUAI DU),44.1276,4.0731,7,2,2
202100045613,120Â 201,A01,10,3,1,4,0,-1,-1,6,9,2,2021,50.0,1,2,14,1,4,26,1,,6,ESPALION (ROUTE D'),0,,-1,-1,0,1,(1),(1),1,, -1,1,8,8,50,26,3,2021,10:00,1,12,12176,2,1,0,6,ESPALION (ROUTE D'),44.36596,2.58665,10,2,1
202100046729,118Â 246,B01,1,1,1,1,2,6,-1,-1, -1,-1,2021,45.0,3,1,0,2,1,19,1,,4,FULCHIRON                           (QU),0,,1,2,1,1,(1),(1),1,, -1,1,0,1,50,24,3,2021,16:20,1,69,69385,2,2,0,3,FULCHIRON (Q),45.7516662059,4.8216889501,16,2,2
202100039942,130Â 193,B01,1,1,1,2,2,8,-1,-1, -1,-1,2021,16.0,2,1,0,2,7,1,1,,4,DOUZILLIERE (RUE DE LA),0,,2,2,0,1,(1),(1),2,, -1,2,5,1,50,14,5,2021,15:45,1,37,37122,2,6,1,6,DOUZILLIERE (RUE DE LA),47.3390177546,0.6535197397,15,2,2
202100044455,122Â 229,B01,1,1,1,1,2,6,-1,-1, -1,-1,2021,30.0,1,1,0,2,7,23,1,,4,BOLLEE (AV) NÂ° PAIRS 154 A 222,0,,2,1,0,2,0,0,1,, -1,2,9,1,30,10,4,2021,21:25,5,72,72181,2,1,1,2,BOLLEE (AV) NÂ° PAIRS 154 A 222,47.9977,0.2156,21,2,2