Num_Acc,id_vehicule,num_veh,place,catu,sexe,trajet,secu1,secu2,secu3,locp,actp,etatp,year_acc,victim_age,senc,catv,obs,obsm,choc,manv,motor,occutc,catr,voie,v1,v2,circ,nbv,vosp,prof,pr,pr1,plan,lartpc,larrout,surf,infra,situ,vma,jour,mois,an,hrmn,lum,dep,com,agg_,int,atm,col,adr,lat,long,hour,nb_victim,nb_vehicules
202100024892,157Â 164,A01,10,3,1,5,8,8,-1,4,3,1,2021,24.0,1,5,0,1,2,1,1,,4,RUE DES PYRENEES,0,,2,1,0,1,(1),(1),1,, -1,1,0,1,50,9,8,2021,15:00,1,75,75120,2,2,0,6,RUE DES PYRENEES,48.859163,2.402132,15,2,1
202100003617,195Â 282,B01,1,1,1,5,8,0,-1,-1, -1,-1,2021,38.0,1,1,0,2,2,0,5,,3,DE GAULLE (AVENUE CHARLES),0,,1,2,0,1,31,0,3,, -1,1,0,1,30,9,12,2021,13:10,1,62,62239,2,6,0,3,DE GAULLE (AVENUE CHARLES),50.9292,1.7979,13,2,2
202100003499,195Â 497,B01,1,1,1,5,0,-1,-1,0,0,-1,2021,53.0,1,2,0,2,1,1,2,,4,19,-1,,2,2,0,1,(1),(1),1,, -1,2,0,1,50,12,12,2021,10:00,1,69,69168,2,1,0,1,HENRI BOUCHARD (R),45.837365,4.839097,10,2,2
202100024470,157Â 933,A01,1,1,1,4,8,-1,-1,0,0,-1,2021,28.0,0,5,0,0,3,13,0,,3,D140,-1,,2,2,0,1,22,650,1,, -1,1,0,8,80,11,8,2021,16:10,1,27,27618,1,1,0,7,D140,48.970537,0.81508,16,1,1
202100026244,154Â 789,A01,2,2,2,5,1,8,-1,-1, -1,-1,2021,53.0,2,2,0,2,6,1,2,,1,A55-Sens Martigues vers Marseille,0,,1,2,0,1,7,0,3,, -1,1,0,1,90,31,7,2021,01:30,3,13,13216,1,1,0,2,A55-Sens Martigues vers Marseille,43.36328,5.34099,1,3,2
202100009035,185Â 563,B01,1,1,2,9,2,4,-1,0,0,-1,2021,33.0,0,0,0,2,7,19,3,,4,D213,-1,,2,2,2,1,(1),(1),3,, -1,1,9,5,50,6,11,2021,17:00,1,33,33273,2,6,0,3,Avenue du Colonel Pierre Bourgoin,44.842238,-0.768233,17,2,2
202100042740,125Â 240,A01,10,3,2,9,0,-1,-1,5,9,1,2021,41.0,3,5,0,1,2,20,0,,4,,-1,,1,1,0,1,(1),(1),1,, -1,1,0,4,50,24,4,2021,16:40,1,81,81288,2,1,0,6,Rue Lacordaire,43.452681,2.066835,16,2,1
202100004867,193Â 091,A01,1,1,1,5,1,-1,-1,0,0,-1,2021,31.0,1,2,0,2,5,1,1,,3,21,0,,-1,2,0,1,8,(1),2,, -1,2,0,1,-1,4,12,2021,13:18,1,64,64256,1,1,1,3,DÃ©partementale 21,43.39525,-1.314463,13,2,2
202100024343,158Â 162,A01,1,1,2,1,1,-1,-1,0,0,-1,2021,23.0,1,2,4,0,3,1,1,,3,767,-1,,3,4,0,1,40,500,1,, -1,1,0,8,110,24,7,2021,21:15,2,22,22004,1,1,0,7,RD767 PR 40+500,48.645429,-3.327334,21,1,1
202100048092,115Â 789,A01,1,1,2,5,1,-1,-1,0,0,-1,2021,20.0,2,2,13,0,1,1,1,,3,902,-1,,2,2,0,1,13,500,1,, -1,2,0,3,80,14,3,2021,17:00,1,55,55569,1,1,0,7,RD 902,48.8899096431,5.0881826878,17,1,1
202100036576,136Â 338,B01,1,1,1,0,2,0,-1,-1, -1,-1,2021,47.0,1,1,0,2,8,1,1,,2,LANCASTEL (BOULEVARD),0,,-1,0,0,1,(1),(1),1,, -1,1,0,1,50,2,6,2021,15:00,1,974,97411,1,1,0,6,LANCASTEL (BOULEVARD),-20.8767,55.45583,15,4,4
202100047296,117Â 225,A01,2,2,1,9,1,-1,-1,0,0,-1,2021,18.0,3,2,2,0,2,1,1,,9,,-1,,2,2,0,1,(1),(1),1,, -1,1,0,8,-1,20,3,2021,16:30,1,17,17024,1,1,0,7,Palud,46.044229,-0.352973,16,2,1
202100028209,151Â 272,B01,1,1,1,5,2,6,-1,0,0,-1,2021,60.0,2,1,0,2,1,1,1,,7,512,0,,2,2,0,2,(1),(1),4,, -1,1,0,1,70,20,7,2021,17:08,1,38,38126,1,4,0,3,D512,45.227332,5.758821,17,2,2
202100033598,141Â 712,B01,1,1,1,1,1,-1,-1,-1, -1,-1,2021,50.0,2,2,14,0,4,23,1,,2,136,0,,3,4,0,1,10,600,2,, -1,1,0,1,90,18,6,2021,15:45,1,35,35206,1,1,0,4,PORTE DE BREQUIGNY,48.079185,-1.694893,15,4,4
202100049363,113Â 529,A01,1,1,1,0,2,8,-1,-1, -1,-1,2021,38.0,2,1,0,0,0,1,1,,3,RD 191,0,,2,2,0,1,33,500,2,, -1,1,0,1,80,21,2,2021,16:35,1,91,91433,1,1,0,6,RD 191,48.44083,2.20841,16,1,1
202100002759,196Â 836,A01,10,3,2,0,0,-1,-1,3,3,1,2021,54.0,0,2,0,1,2,9,1,,4,LECLERC (AVENUE DU GENERAL),0,,2,2,0,1,(1),(1),2,, -1,2,0,1,50,14,12,2021,10:03,1,45,45068,2,1,1,6,Avenue du GÃ©nÃ©ral Leclerc,48.01273,2.73916,10,2,1
202100022297,161Â 777,A01,1,1,1,9,2,6,-1,0,0,-1,2021,47.0,0,1,0,2,3,2,1,,4,RUE DE LA CHAPELLE,0,,2,1,0,1,(1),(1),1,, -1,1,0,1,50,27,8,2021,01:05,5,75,75118,2,3,0,2,RUE DE LA CHAPELLE,48.892711,2.359738,1,2,2
202100049075,114Â 039,B01,1,1,1,1,1,8,-1,-1, -1,-1,2021,33.0,1,2,0,2,4,2,1,,4,MONTCENIS (ROUTE DE),0,,2,2,0,1,(1),(1),1,, -1,1,0,1,50,5,3,2021,09:00,1,71,71153,2,1,0,5,MONTCENIS (ROUTE DE),46.80439,4.41343,9,3,3
202100024988,156Â 994,B01,2,2,1,0,1,-1,-1,-1, -1,-1,2021,20.0,3,2,0,2,4,23,1,,4,PAUL SANTY                          (AV),0,,3,2,3,1,(1),(1),1,, -1,1,0,1,50,8,8,2021,16:50,1,69,69388,2,1,0,2,PAUL SANTY (AV),45.7308,4.87471,16,3,2
202100018152,169Â 167,B01,1,1,1,5,8,0,-1,0,0,-1,2021,19.0,0,1,0,2,1,5,1,,4,FOUQUES DU  PARC RUE HENRI,0,,1,2,0,1,(1),(1),1,, -1,1,0,1,50,18,9,2021,19:53,2,26,26362,2,3,0,1,FOUQUES DU  PARC RUE HENRI,44.9311,4.91852,19,2,2
202100046161,119Â 255,A01,1,1,1,5,0,-1,-1,0,0,-1,2021,27.0,1,1,0,2,8,19,5,,3,18,-1,,2,2,0,1,24,100,1,, -1,1,0,1,80,30,3,2021,08:25,1,17,17171,1,2,1,3,D18,45.857449,-0.759476,8,2,2
202100055278,103Â 012,A01,10,3,2,0,0,-1,-1,3,3,1,2021,58.0,1,2,0,1,1,1,1,,3,AV DU HUIT MAI 1945,0,,2,2,0,1,0,100,1,, -1,2,0,1,50,12,1,2021,17:50,5,91,91215,2,1,1,6,AV DU HUIT MAI 1945,48.69621,2.52532,17,2,1
202100021080,163Â 977,B01,2,2,1,5,2,6,-1,-1, -1,-1,2021,18.0,3,1,0,2,1,2,1,,3,RD6098,0,,2,2,2,1,25,805,1,, -1,1,5,1,50,3,9,2021,12:14,1,6,6004,1,1,0,2,RD6098,43.603654,7.125522,12,3,2
202100008482,186Â 575,B01,1,1,2,0,2,0,-1,-1, -1,-1,2021,32.0,1,0,0,2,1,0,3,,4,CHE DE LA LOGE,0,,2,3,0,1,(1),(1),1,, -1,2,0,1,50,10,11,2021,18:50,4,31,31555,2,1,1,1,CHE DE LA LOGE,43.572926,1.435071,18,2,2
202100000859,200Â 201,A01,3,2,1,5,8,0,-1,-1, -1,-1,2021,26.0,1,2,9,0,5,22,0,,4,RUE LÃON JOUHAUX,0,,2,2,0,1,(1),(1),1,, -1,2,0,1,50,30,12,2021,00:25,5,38,38185,2,3,1,6,RUE LÃON JOUHAUX,45.1735257874,5.745613575,0,6,1
202100056317,101Â 232,B01,1,1,1,5,0,-1,-1,0,0,-1,2021,35.0,2,1,0,0,8,1,5,,3,50,-1,,2,2,0,1,11,450,2,, -1,1,0,1,50,2,1,2021,18:30,5,44,44168,2,1,0,3,16 Rue Louis Pasteur,47.377789,-2.197641,18,2,2
202100035250,138Â 691,B01,1,1,1,0,2,0,-1,0,0,-1,2021,32.0,1,1,0,2,4,2,1,,7,,0,,1,1,0,1,(1),(1),1,, -1,1,0,1,50,9,6,2021,16:20,1,63,63032,2,1,0,2,Romagnat (Route de),45.7483460677,3.0935311695,16,2,2
202100025448,156Â 177,A01,10,3,1,0,0,-1,-1,1,5,1,2021,29.0,0,2,0,1,1,0,2,,4,TBILISSI  ( PONT DE ),0,,2,3,0,2,(1),(1),1,, -1,2,2,1,50,5,8,2021,23:45,5,44,44109,2,1,1,6,Pont de Tbilissi,47.21277,-1.54161,23,2,1
202100010152,183Â 551,A01,10,3,2,0,0,-1,-1,2,5,1,2021,46.0,1,2,0,1,7,1,1,,4,HUGO (BOULEVARD VICTOR),0,,1,2,0,1,(1),(1),1,, -1,1,0,1,30,30,10,2021,14:35,1,34,34172,2,1,0,6,HUGO (BOULEVARD VICTOR),43.6063,3.87762,14,2,1
202100015687,173Â 628,B01,1,1,1,5,0,-1,-1,0,0,-1,2021,18.0,2,1,0,2,8,19,5,,3,71,0,D,2,2,0,1,1,700,1,, -1,1,0,1,80,3,10,2021,19:45,2,85,85172,1,3,0,1,Chemin de la JalonniÃ¨re,46.837797,-1.989742,19,2,2
202100032827,143Â 100,A01,1,1,1,5,2,0,-1,-1, -1,-1,2021,37.0,1,1,13,0,7,14,1,,4,BOS DE MOULIN (RUE DE),0,,2,2,0,1,0,0,2,, -1,1,0,1,50,19,6,2021,17:29,1,87,87048,2,1,0,6,BOS DE MOULIN (RUE DE),45.80537,1.24726,17,2,1
202100009562,184Â 614,A01,1,1,1,5,1,4,-1,-1,0,-1,2021,58.0,1,2,3,0,1,1,1,,2,RN 104,0,,1,2,0,1,9,0,1,, -1,1,0,1,90,3,11,2021,15:00,1,95,95028,1,1,0,6,RN 104,49.0624273836,2.3370220881,15,1,1
202100042385,125Â 867,A01,1,1,1,0,2,6,-1,0,0,-1,2021,42.0,2,1,0,0,1,1,1,,3,4,-1,D,2,2,0,1,(1),(1),2,, -1,1,0,3,80,27,4,2021,18:40,1,59,59046,1,1,0,6,Route de Wylder,50.913357,2.531008,18,1,1
202100048730,114Â 655,A01,1,1,2,1,1,-1,-1,0,0,-1,2021,32.0,1,2,0,2,4,2,1,,2,165,0,N,3,4,0,2,102,100,3,, -1,1,0,1,90,9,3,2021,18:10,1,29,29043,1,1,0,2,N165 PR 102+100,48.37,-4.264433,18,2,2
202100040218,129Â 707,B01,1,1,1,4,2,0,-1,0,0,-1,2021,25.0,1,1,0,2,1,3,1,,4,BOULEVARD SAINT MARCEL,0,,2,4,0,1,(1),(1),1,, -1,1,0,1,30,12,5,2021,09:00,1,75,75105,2,3,0,3,BOULEVARD SAINT MARCEL,48.837137,2.353029,9,2,2
202100023333,159Â 903,B01,1,1,1,3,0,-1,-1,0,0,-1,2021,19.0,3,1,0,2,8,1,3,,9,,-1,,1,2,0,1,(1),(1),1,,4,1,0,8,-1,15,8,2021,21:35,5,68,68300,2,1,0,3,Route DÃ©partementale 201,47.774709,7.390419,21,2,2
202100035237,138Â 720,B01,3,2,2,0,1,8,-1,-1, -1,-1,2021,6.0,1,2,0,2,6,24,0,,4,RITORTE (CHEMIN DE LA),0,,2,2,0,2,0,0,2,, -1,1,0,3,30,9,6,2021,17:45,1,83,83069,2,1,0,2,RITORTE (CHEMIN DE LA),43.1252,6.141141,17,5,2
202100048860,114Â 425,A01,1,1,1,5,2,6,-1,-1, -1,-1,2021,39.0,1,1,0,2,1,1,1,,4,PALUD (RUE DE LA)      1 A 57,0,,1,1,0,1,(1),(1),1,, -1,1,0,1,30,7,3,2021,22:30,5,13,13201,2,2,0,3,PALUD (RUE DE LA)      1 A 57,43.29288,5.38026,22,2,2
202100013211,178Â 123,A01,2,2,2,0,1,0,-1,-1, -1,-1,2021,17.0,2,2,0,2,1,13,1,,3,ROUTE DEPARTEMENTALE 13,0,,3,1,0,1,5,0,4,, -1,1,0,1,50,13,10,2021,16:40,1,972,97213,1,1,0,3,ROUTE DEPARTEMENTALE 13,14.632795,-61.023553,16,6,2
202100002756,196Â 841,B01,1,1,2,1,0,-1,-1,-1, -1,-1,2021,22.0,1,1,0,2,1,15,5,,2,,-1,,1,1,-1,2,52,350,2,, -1,2,0,1,50,3,12,2021,18:50,5,48,48095,2,6,0,3,ROND POINT DES CASERNES,44.51808,3.49144,18,2,2
202100007853,187Â 699,A01,10,3,2,5,0,-1,-1,4,3,2,2021,20.0,2,1,0,1,1,1,1,,4,BOULEVARD VOLTAIRE,0,,2,4,0,1,(1),(1),1,, -1,1,0,1,30,16,11,2021,21:30,5,75,75111,2,3,0,6,BOULEVARD VOLTAIRE,48.860986,2.374793,21,2,1
202100001755,198Â 653,B01,1,1,1,1,1,-1,-1,-1, -1,-1,2021,31.0,1,2,0,2,2,2,1,,3,JEAN MERMOZ (BOULEVARD) DES NÂ°1A57 ET NÂ°,0,,-1,2,0,1,0,1,1,, -1,1,0,1,50,22,12,2021,09:50,1,93,93059,2,1,0,3,JEAN MERMOZ (BOULEVARD) DES NÂ°1A57 ET NÂ°,48.971,2.36616,9,2,2
202100025618,155Â 891,A01,1,1,1,0,2,0,-1,-1, -1,-1,2021,34.0,2,1,0,2,1,1,1,,7,MICHELET (BOULEVARD),0,,2,6,3,2,0,0,1,, -1,2,0,1,50,4,8,2021,10:00,1,13,13209,2,1,1,2,MICHELET (BOULEVARD),43.25858,5.39928,10,2,2
202100039060,131Â 815,B01,1,1,1,5,8,-1,-1,-1, -1,-1,2021,53.0,1,1,0,2,3,1,3,,4,JEAN MERMOZ                         (AV),0,,2,3,2,1,(1),(1),1,, -1,1,0,1,50,20,5,2021,15:55,1,69,69388,2,9,0,3,JEAN MERMOZ                         (AV),45.73496,4.87384,15,3,2
202100026065,155Â 094,A01,8,2,1,5,8,-1,-1,0,0,-1,2021,30.0,1,2,2,0,1,13,1,,3,51,0,,2,2,0,1,10,750,2,, -1,1,0,1,-1,1,8,2021,01:56,3,30,30237,1,1,0,6,route dÃ©partementale 51,44.272369,4.189053,1,5,1
202100042719,125Â 274,A01,4,2,2,5,8,0,-1,-1, -1,-1,2021,26.0,3,2,0,2,1,2,1,,3,83,0,,2,2,0,1,0,0,1,, -1,1,0,1,50,24,4,2021,18:55,1,92,92046,2,1,0,2,Charles de gaulle,48.82135,2.29724,18,3,2
202100026434,154Â 448,B01,1,1,2,5,1,8,-1,-1, -1,-1,2021,25.0,2,2,0,2,1,2,1,,3,118,0,,4,4,0,1,0,0,1,, -1,1,5,1,50,28,7,2021,12:30,1,91,91432,2,9,0,3,AV CHARLES DE GAULLE,48.70516,2.33955,12,2,2
202100043515,123Â 881,A01,1,1,1,9,1,-1,-1,0,0,-1,2021,27.0,2,2,0,2,8,5,1,,1,35,0,A,3,2,0,1,236,500,1,, -1,1,3,1,130,26,3,2021,21:10,3,67,67194,1,4,0,3,PK 236.5 A35,48.717523,7.875808,21,2,2
202100000024,201Â 718,A01,1,1,1,5,1,0,-1,-1, -1,-1,2021,50.0,1,2,0,2,1,5,1,,3,NAVES (RUE DE),0,,3,2,0,1,(1),(1),1,, -1,1,0,1,40,12,12,2021,17:45,5,59,59122,2,1,0,1,NAVES (RUE DE),50.1830243309,3.2540237904,17,2,2
202100036432,136Â 585,B01,1,1,2,5,1,-1,-1,-1, -1,-1,2021,25.0,2,2,0,2,4,2,1,,4,TOUR D'AUVERGNE (BD DE LA),0,,2,2,3,1,(1),(1),1,, -1,1,0,1,50,4,6,2021,15:10,1,35,35238,2,1,0,4,TOUR D'AUVERGNE (BD DE LA),48.10302,-1.68424,15,4,4
202100044937,121Â 405,B01,1,1,1,0,2,0,-1,-1, -1,-1,2021,40.0,3,1,0,0,0,1,1,,3,JEROME TRESAGUET,0,,2,2,0,1,0,0,1,, -1,1,0,1,50,6,4,2021,08:20,1,58,58194,2,1,0,7,JEROME TRESAGUET,46.9975,3.148,8,1,1
202100002332,197Â 620,B01,2,2,1,5,2,6,-1,0,0,-1,2021,20.0,1,1,0,2,1,1,1,,7,96,0,,2,2,0,1,8,850,3,, -1,9,0,1,80,19,12,2021,17:13,2,13,13086,1,1,0,1,Route Saint Vincent,43.3577,5.609958,17,3,2
202100045194,120Â 954,C01,2,2,2,0,1,-1,-1,0,0,-1,2021,27.0,1,2,0,2,1,1,1,,7,68,-1,,2,2,0,1,4,893,1,, -1,1,0,1,90,3,4,2021,17:30,1,34,34058,1,1,0,5,D68,43.681121,3.945841,17,4,3
202100029848,148Â 439,A01,10,3,2,0,8,8,-1,-1, -1,-1,2021,2.0,1,0,0,1,1,19,0,,4,PARIS (RUE DE),0,,2,2,3,1,0,0,1,, -1,1,6,6,30,9,7,2021,12:20,1,93,93031,2,9,0,6,Rue de Paris,48.954222,2.31006,12,2,1
202100004804,193Â 193,A01,1,1,1,1,2,6,-1,0,0,-1,2021,41.0,2,1,4,0,2,14,1,,4,PORTE MAILLOT,0,,1,2,0,2,(1),(1),1,, -1,2,0,1,50,3,12,2021,18:50,4,75,75116,2,4,1,6,PORTE MAILLOT,48.877205,2.279158,18,1,1
202100043617,123Â 712,B01,1,1,1,0,2,6,-1,-1, -1,-1,2021,31.0,3,1,0,2,9,17,1,,2,R.N 105,0,,1,3,0,1,15,327,1,, -1,1,0,1,110,17,4,2021,15:10,1,77,77495,1,1,0,3,R.N 105,48.56226,2.64504,15,2,2
202100048455,115Â 148,A01,10,3,1,3,0,-1,-1,5,2,1,2021,47.0,1,2,0,1,3,13,1,,4,JULES FERRY (RUE),0,,2,2,0,2,0,0,2,, -1,2,0,4,50,8,3,2021,17:20,2,93,93053,2,1,1,6,JULES FERRY (RUE),48.8935356979,2.4718893836,17,2,1
202100005704,191Â 606,A01,1,1,1,0,1,-1,-1,0,0,-1,2021,51.0,1,2,4,0,1,1,1,,3,403,0,,2,2,0,1,27,984,1,, -1,2,5,8,90,28,11,2021,16:15,1,77,77340,1,3,0,6,D403,48.277024,2.757804,16,2,1
202100002712,196Â 926,A01,10,3,2,3,0,-1,-1,4,3,1,2021,72.0,1,2,0,1,1,15,1,,7,6014,-1,,2,2,0,1,9,300,1,, -1,1,0,1,50,18,12,2021,10:45,1,76,76475,2,2,0,6,Route de Paris,49.39788,1.177592,10,2,1
202100043386,124Â 111,A01,10,3,2,5,0,-1,-1,1,1,2,2021,61.0,3,4,0,1,2,1,1,,3,219,0,,2,2,0,1,1,45,3,, -1,1,0,1,80,20,4,2021,19:35,2,7,7035,1,1,0,6,Le crouzet,44.91616,4.68266,19,2,1
202100046944,117Â 862,B01,1,1,1,3,2,6,-1,0,0,-1,2021,70.0,1,1,0,2,1,1,1,,2,EMILE DIDIER ( AV ),0,,2,2,0,1,70,578,1,, -1,1,5,1,50,22,3,2021,13:45,1,5,5061,2,3,0,3,EMILE DIDIER ( AV ),44.56418,6.08933,13,2,2
202100055779,102Â 161,B01,1,1,1,0,8,0,-1,-1, -1,-1,2021,33.0,0,2,0,2,3,15,1,,4,JAURES JEAN RUE    NÂ°101 AU 263,0,,2,2,0,1,(1),(1),1,, -1,1,5,1,50,8,1,2021,13:15,1,59,59009,2,3,0,3,JAURES JEAN RUE    NÂ°101 AU 263,50.66087,3.13743,13,2,2
202100018396,168Â 743,B01,1,1,2,1,2,0,-1,0,0,-1,2021,26.0,1,1,0,2,3,1,3,,4,AVENUE DAUMESNIL,0,,1,3,1,1,(1),(1),1,, -1,1,0,5,30,16,9,2021,00:25,5,75,75112,2,2,0,3,AVENUE DAUMESNIL,48.848631,2.372542,0,2,2
202100042519,125Â 619,A01,2,2,2,0,1,-1,-1,0,0,-1,2021,16.0,1,2,13,0,3,1,1,,3,415,-1,,2,3,0,2,2,500,3,, -1,1,0,3,70,27,4,2021,15:40,1,68,68044,1,1,0,6,D415,48.162325,7.086868,15,2,1
202100014498,175Â 796,A01,1,1,1,5,2,6,-1,0,0,-1,2021,21.0,1,1,8,2,2,17,1,,3,137,-1,D,2,2,0,1,19,716,1,, -1,1,0,1,50,9,10,2021,15:35,1,85,85216,2,4,0,3,D137,46.479767,-1.112001,15,2,2
202100037517,134Â 606,A01,10,3,2,0,0,-1,-1,3,3,1,2021,38.0,2,2,0,1,1,16,1,,7,107,-1,,2,2,0,1,11,600,3,, -1,1,5,1,50,31,5,2021,19:00,2,21,21515,2,6,0,6,D107,47.307368,5.096921,19,2,1
202100028507,150Â 759,B01,1,1,2,0,1,0,-1,0, -1,-1,2021,60.0,3,2,0,2,3,2,1,,3,RAOUL DUFY (AVENUE),0,,2,3,0,1,1,0,1,, -1,1,0,1,50,17,7,2021,07:30,1,93,93005,2,1,0,1,Avenue Raoul Dufy,48.959664,2.502726,7,2,2
202100037132,135Â 325,B01,2,2,2,5,2,0,-1,-1, -1,-1,2021,56.0,1,1,1,0,4,0,1,,1,A7-Sens Lyon vers Marseille,0,,-1,3,0,1,274,600,1,, -1,1,0,1,90,26,5,2021,18:00,1,13,13215,1,1,0,4,A7-Sens Lyon vers Marseille,43.3692293168,5.3609404563,18,5,4
202100020437,165Â 108,B01,1,1,2,0,1,0,-1,-1, -1,-1,2021,39.0,2,2,0,2,4,2,1,,1,15,0,,3,10,0,1,5,800,1,, -1,1,0,1,90,7,9,2021,10:15,1,92,92036,1,1,0,2,AUTOROUTE A15,48.9491789807,2.2803631759,10,2,2
202100036222,136Â 943,B01,1,1,1,0,2,6,-1,-1, -1,-1,2021,31.0,1,1,0,2,1,7,1,,4,,0,,1,1,3,1,(1),(1),1,, -1,1,0,1,50,5,6,2021,17:00,1,69,69382,2,3,0,3,DOCTEUR GAILLETON (DU) (Q),45.75152,4.83239,17,2,2
202100017812,169Â 781,B01,1,1,1,5,1,-1,-1,0,0,-1,2021,48.0,0,2,0,2,4,1,1,,3,VILLE IDEALE (AVENUE DE LA ),0,,2,2,0,1,(1),(1),1,, -1,1,0,1,50,15,9,2021,14:25,1,80,80489,2,1,0,4,VILLE IDEALE (AVENUE DE LA ),49.8679487647,2.3714375496,14,3,3
202100045992,119Â 547,B01,2,2,1,5,2,6,-1,-1, -1,-1,2021,28.0,3,1,0,2,8,2,1,,4,BABEUF (RUE),0,,2,2,0,1,0,0,1,, -1,1,0,1,50,29,3,2021,23:12,5,93,93059,2,3,0,3,BABEUF (RUE),48.96126,2.37158,23,3,2
202100033595,141Â 715,A01,1,1,1,0,8,0,-1,-1, -1,-1,2021,24.0,1,2,6,2,1,13,1,,4,LOIRE (QUAI DE LA),0,,2,2,0,1,(1),(1),1,, -1,2,0,1,50,17,6,2021,22:33,5,37,37214,2,1,1,1,LOIRE (QUAI DE LA),47.39699,0.66346,22,2,2
202100048837,114Â 466,A01,1,1,1,0,2,0,-1,-1, -1,-1,2021,38.0,2,1,0,2,3,18,1,,2,118,0,,3,4,0,1,2,750,1,, -1,1,0,1,90,8,3,2021,07:40,1,92,92048,1,1,0,3,N118,48.8061797851,2.2128602858,7,2,2
202100055410,102Â 803,B01,3,2,2,5,1,-1,-1,0,0,-1,2021,8.0,0,2,0,2,3,23,1,,3,149E,-1,,2,2,0,1,1,0,3,, -1,2,0,1,50,12,1,2021,16:40,1,69,69291,2,2,1,1,CHAMPS DE MARS (DU) (AV),45.633336,4.859642,16,3,2
202100015809,173Â 415,A01,1,1,1,5,1,-1,-1,0,0,-1,2021,19.0,2,2,13,0,1,1,1,,3,216,-1,D,2,2,0,1,1,100,3,, -1,1,0,3,80,1,10,2021,04:00,3,47,47049,1,4,0,6,Les Moulins,44.447871,0.635185,4,1,1
202100055154,103Â 230,B01,1,1,1,1,1,0,-1,-1, -1,-1,2021,22.0,1,2,0,2,7,1,1,,3,DEVI DU CD 19,0,,1,3,0,1,0,0,2,, -1,2,0,1,30,12,1,2021,20:09,4,91,91103,1,6,1,3,DEVI DU CD 19,48.57825,2.29927,20,2,2
202100030351,147Â 507,A01,1,1,2,0,1,8,-1,-1, -1,-1,2021,35.0,1,2,16,0,1,1,1,,3,BLANC AVENUE ROSETTE,0,,1,3,0,1,1,20,2,, -1,1,0,1,70,4,7,2021,03:08,3,66,66136,1,1,0,6,BLANC AVENUE ROSETTE,42.69946,2.91031,3,1,1
202100016773,171Â 633,B01,1,1,1,9,2,8,-1,-1, -1,-1,2021,29.0,1,1,0,2,1,1,1,,2,RN02,0,,2,2,0,1,11,0,1,, -1,1,0,1,90,23,9,2021,15:20,1,974,97416,1,1,0,2,RN02,-21.334,55.4844,15,2,2
202100052995,106Â 992,B01,1,1,2,5,1,5,-1,-1, -1,-1,2021,69.0,-1,2,0,2,1,1,1,,3,ALSACE-LORRAINE (BOULEVARD),0,,2,3,0,1,0,1,1,, -1,2,0,1,50,31,1,2021,10:55,1,93,93064,2,1,1,3,ALSACE-LORRAINE (BOULEVARD),48.8851180754,2.4808707518,10,3,2
202100016508,172Â 120,B01,1,1,2,0,1,0,-1,-1, -1,-1,2021,28.0,2,2,0,2,8,24,1,,4,DONZELOT (ALLEE P.),0,,2,1,0,1,(1),(1),1,, -1,1,0,1,30,27,9,2021,13:30,1,25,25580,2,1,0,3,DONZELOT (ALLEE P.),47.47638,6.82532,13,3,2
202100025223,156Â 578,B01,2,2,2,5,2,6,-1,0,0,-1,2021,36.0,3,1,0,2,1,1,1,,4,1,0,C,2,2,0,1,(1),(1),1,, -1,1,0,1,80,6,8,2021,12:10,1,35,35221,1,3,0,3,La Faroulais,47.876181,-1.742932,12,4,2
202100034167,140Â 688,A01,1,1,1,1,1,-1,-1,0,0,-1,2021,23.0,2,2,14,2,8,13,1,,3,15,0,,2,2,0,2,4,800,1,, -1,1,0,1,80,16,6,2021,07:15,1,52,52278,1,1,1,3,D15,48.161935,4.944727,7,2,2
202100044334,122Â 422,A01,1,1,1,5,1,-1,-1,0,0,-1,2021,68.0,1,2,2,0,3,13,1,,3,971,-1,,2,2,0,2,36,800,1,, -1,1,0,3,90,12,4,2021,18:20,1,21,21142,1,1,0,6,D971,47.514255,4.724979,18,1,1
202100038012,133Â 714,A01,1,1,2,1,1,5,-1,-1, -1,-1,2021,27.0,2,2,0,2,1,9,1,,4,RUE FARADAY,0,,2,2,0,1,(1),(1),1,, -1,1,0,1,50,27,5,2021,17:15,1,33,33281,2,2,0,3,Rue FranÃ§ois Arago,44.85587,-0.67108,17,2,2
202100026122,155Â 001,B01,1,1,1,5,2,-1,-1,-1, -1,-1,2021,18.0,3,1,0,2,0,0,0,,4,AV MAURICE CHEVALIER,0,,2,2,0,1,1,0,1,, -1,1,0,1,50,30,7,2021,20:15,1,77,77350,2,2,0,3,AV MAURICE CHEVALIER,48.7657161792,2.6818143299,20,2,2
202100046897,117Â 947,A01,10,3,2,2,0,-1,-1,3,3,1,2021,15.0,0,2,0,1,1,1,1,,4,SACRE-COEUR (CHEMIN DU),0,,2,2,0,2,(1),(1),1,, -1,1,0,1,30,22,3,2021,08:50,1,66,66136,2,1,0,6,SACRE-COEUR (CHEMIN DU),42.71778,2.87895,8,2,1
202100044830,121Â 582,B01,1,1,1,1,2,0,-1,-1, -1,-1,2021,61.0,2,1,0,2,6,2,1,,4,SAKAKINI (BOULEVARD),0,,2,4,0,1,(1),(1),1,, -1,1,0,1,50,7,4,2021,06:30,2,13,13205,2,1,0,2,SAKAKINI (BOULEVARD),43.295489,5.400385,6,2,2