Num_Acc,id_vehicule,num_veh,place,catu,sexe,trajet,secu1,secu2,secu3,locp,actp,etatp,year_acc,victim_age,senc,catv,obs,obsm,choc,manv,motor,occutc,catr,voie,v1,v2,circ,nbv,vosp,prof,pr,pr1,plan,lartpc,larrout,surf,infra,situ,vma,jour,mois,an,hrmn,lum,dep,com,agg_,int,atm,col,adr,lat,long,hour,nb_victim,nb_vehicules
202100021050,164Â 032,B01,1,1,2,5,1,0,-1,-1, -1,-1,2021,19.0,2,2,0,2,3,1,1,,3,D951,0,,2,2,0,1,26,833,1,, -1,1,0,1,70,2,9,2021,09:55,1,41,41295,1,1,0,3,D951,47.60826,1.37857,9,2,2
202100034826,139Â 461,A01,2,2,1,4,1,-1,-1,0,0,-1,2021,28.0,2,5,0,2,7,17,1,,3,81,0,,2,2,0,1,2,300,1,, -1,1,0,1,80,12,6,2021,09:40,1,57,57264,1,1,0,3,RD 81,49.079418,6.945049,9,3,2
202100038251,133Â 273,A01,1,1,1,4,1,-1,-1,0,0,-1,2021,52.0,2,4,3,2,7,6,1,,1,20,-1,,3,4,0,1,231,425,1,, -1,1,0,1,130,27,5,2021,13:45,1,19,19250,1,1,0,1,Autoroute A20 - PK 231+425,45.469651705,1.5187845996,13,2,2
202100002642,197Â 057,B01,1,1,1,9,2,6,-1,0,0,-1,2021,48.0,3,1,0,2,4,1,1,,4,BOULEVARD PERIPHERIQUE EXTERIEUR NORD  ,0,,1,4,0,1,24,0,1,, -1,1,0,1,70,16,12,2021,18:45,5,75,75119,2,1,0,2,BOULEVARD PERIPHERIQUE EXTERIEUR NORD  ,48.90073,2.372563,18,2,2
202100005564,191Â 853,A01,10,3,2,0,0,-1,-1,8,3,1,2021,92.0,1,0,0,1,1,1,3,,3,906,0,,1,1,2,2,0,1,1,, -1,1,0,1,50,30,11,2021,12:40,1,92,92020,2,1,0,6,PARIS AVENUE DE NÂ°84 A FIN,48.807642,2.294714,12,2,1
202100017850,169Â 712,A01,1,1,2,0,8,0,-1,-1, -1,-1,2021,23.0,1,1,0,2,4,19,5,,4,,0,,2,5,1,1,(1),(1),1,, -1,1,5,1,50,20,9,2021,11:10,1,33,33522,2,3,0,3,Cours de la LibÃ©ration,44.799247,-0.598221,11,2,2
202100023054,160Â 410,A01,1,1,2,5,8,0,-1,-1, -1,-1,2021,21.0,0,1,0,2,2,1,2,,4,CARNOT (PLACE),0,,2,2,0,1,0,0,1,, -1,1,0,1,30,24,7,2021,19:00,1,58,58194,2,3,0,3,CARNOT (PLACE),46.9885,3.1574,19,2,2
202100037631,134Â 395,B01,2,2,1,0,8,0,-1,-1, -1,-1,2021,51.0,3,2,0,2,8,1,1,,3,NATIONS (AVENUE DES),0,,1,1,0,1,0,0,1,, -1,1,5,1,50,29,5,2021,15:45,1,93,93078,2,6,0,3,NATIONS (AVENUE DES),48.97455,2.50893,15,3,2
202100047901,116Â 112,A01,1,1,1,0,1,-1,-1,-1, -1,-1,2021,36.0,2,2,8,0,1,1,1,,4,JEAN JAURES                         (AV),0,,2,4,3,1,(1),(1),1,, -1,1,0,1,50,15,3,2021,18:00,2,69,69387,2,2,0,7,JEAN JAURES                         (AV),45.7504379162,4.8449822366,18,1,1
202100026141,154Â 967,A01,1,1,2,5,1,0,-1,-1, -1,-1,2021,30.0,2,2,2,0,1,14,1,,4,LOGE (CHE DE LA) DU 1AU 18,0,,3,2,0,1,(1),(1),3,, -1,2,0,4,50,31,7,2021,08:20,1,31,31555,2,1,1,6,LOGE (CHE DE LA) DU 1AU 18,43.57815,1.43406,8,2,1
202100043836,123Â 326,B01,1,1,1,5,1,-1,-1,0,0,-1,2021,24.0,2,2,0,6,2,1,1,,1,8,0,A,3,4,0,1,161,500,1,, -1,1,0,1,110,16,4,2021,22:00,3,6,6030,1,1,0,5,A8,43.569633,6.973915,22,7,3
202100016168,172Â 741,A01,1,1,1,1,1,0,-1,-1, -1,-1,2021,56.0,2,4,9,0,1,26,1,,4,COMMERCE (RUE DU),0,,1,2,1,1,(1),(1),1,, -1,1,0,4,30,23,9,2021,04:50,5,37,37261,2,1,0,6,COMMERCE (RUE DU),47.3950168601,0.6847243513,4,1,1
202100006974,189Â 300,B01,1,1,2,0,1,-1,-1,0,0,-1,2021,51.0,1,2,0,2,3,1,1,,2,1,0,,2,2,0,1,58,500,1,,7,2,0,1,80,21,11,2021,16:10,1,973,97304,1,1,0,1,"RN1, PK 058.500",5.147281,-52.708368,16,2,2
202100050938,110Â 627,A01,1,1,2,1,2,0,-1,0,0,-1,2021,32.0,1,1,0,1,1,1,5,,4,BOULEVARD RICHARD LENOIR,0,,1,2,1,1,(1),(1),1,, -1,1,-1,5,30,19,2,2021,18:05,2,75,75111,2,4,0,6,BOULEVARD RICHARD LENOIR,48.854827,2.369578,18,2,1
202100015583,173Â 827,A01,10,3,2,5,0,-1,-1,3,3,1,2021,44.0,0,2,0,1,2,15,1,,4,BRIAND (AVENUE ARISTIDE),0,,1,2,2,1,(1),(1),1,, -1,2,0,1,50,2,10,2021,12:20,1,35,35238,2,2,1,6,BRIAND (AVENUE ARISTIDE),48.1102,-1.66566,12,2,1
202100011819,180Â 596,A01,10,3,2,0,0,-1,-1,3,1,1,2021,81.0,0,5,0,1,2,1,1,,4,YSER (BD DE L'),0,,2,2,0,1,0,0,1,, -1,1,0,1,50,21,10,2021,09:45,1,35,35238,2,1,0,6,YSER (BD DE L'),48.09081,-1.68061,9,2,1
202100033680,141Â 559,B01,1,1,1,0,8,8,-1,-1, -1,-1,2021,54.0,1,1,0,2,0,0,6,,4,,0,,1,4,0,1,0,0,1,, -1,1,0,1,50,17,6,2021,14:09,1,92,92051,2,9,0,3,RICHARD WALLACE (BOULEVARD),48.8752063011,2.2506174445,14,2,2
202100032095,144Â 380,A01,1,1,1,5,2,-1,-1,-1, -1,-1,2021,18.0,1,1,0,2,1,5,1,,4,PIERRE BROSSOLETTE                  (AV),0,,2,2,0,1,(1),(1),1,, -1,1,0,1,50,26,6,2021,20:00,2,69,69029,2,3,0,3,PIERRE BROSSOLETTE (AV),45.74053,4.92033,20,3,2
202100050545,111Â 347,A01,1,1,1,0,2,0,-1,-1, -1,-1,2021,40.0,2,1,0,2,1,2,1,,1,AUTOROUTE A1,0,,3,9,0,1,7,300,1,, -1,1,0,1,90,22,2,2021,17:30,1,93,93027,1,1,0,2,A1,48.93814,2.41449,17,2,2
202100051270,110Â 034,B01,1,1,2,1,1,-1,-1,-1, -1,-1,2021,62.0,2,2,0,2,4,23,1,,3,EMILE ZOLA (AVENUE),0,,2,3,0,1,1,820,1,,10,1,5,1,50,15,2,2021,12:40,1,79,79329,2,3,0,4,118 Avenue Emile Zola,46.992541,-0.20871,12,3,3
202100042484,125Â 683,A01,1,1,1,5,2,0,-1,-1, -1,-1,2021,19.0,1,1,0,2,1,1,1,,3,IFS CD120 (ROUTE D'),0,,2,2,0,1,1,0,1,, -1,1,0,1,50,26,4,2021,18:15,1,14,14341,1,2,0,3,D120,49.13779,-0.32831,18,2,2
202100039227,131Â 504,B01,1,1,1,1,2,6,-1,-1, -1,-1,2021,42.0,1,1,0,2,7,1,1,,1,A50,0,,1,2,0,1,64,400,1,, -1,1,0,1,90,19,5,2021,08:20,1,83,83126,1,1,0,3,A50,43.119477,5.860765,8,2,2
202100049856,112Â 618,A01,1,1,1,0,2,8,-1,-1, -1,-1,2021,27.0,2,1,0,2,0,17,1,,4,,0,,2,4,3,1,(1),(1),1,, -1,1,0,1,50,27,2,2021,12:25,1,69,69386,2,1,0,3,BELGES (DES) (BD),45.77343,4.85117,12,2,2
202100027761,152Â 085,B01,1,1,2,1,2,0,-1,0,0,-1,2021,55.0,2,0,0,2,8,1,3,,4,RUE DE VOUILLE,0,,2,3,0,1,(1),(1),1,, -1,1,0,1,50,20,7,2021,09:00,1,75,75115,2,7,0,3,RUE DE VOUILLE,48.833572,2.309242,9,2,2
202100052184,108Â 432,A01,1,1,1,4,0,-1,-1,0,0,-1,2021,59.0,2,4,0,0,7,1,1,,1,A4,0,,3,4,0,1,193,568,1,, -1,1,0,3,130,9,2,2021,05:50,3,51,51572,1,1,0,7,A4,49.0379237014,4.6284147651,5,1,1
202100043293,124Â 276,A01,1,1,1,-1,0,-1,-1,0,0,-1,2021,45.0,1,2,0,-1,1,1,0,,4,,-1,,2,-1,-1,1,(1),(1),1,, -1,1,0,1,-1,20,3,2021,15:33,1,6,6029,2,1,0,7,MIDI (BOULEVARD DU),43.548988,7.005056,15,1,1
202100006519,190Â 153,A01,1,1,1,1,1,-1,-1,0,0,-1,2021,20.0,1,2,0,2,1,5,1,,3,164,0,D,2,2,0,1,13,589,1,, -1,1,0,1,80,25,11,2021,13:58,1,44,44107,1,1,0,1,RD164,47.430758,-1.336641,13,2,2
202100028691,150Â 435,A01,1,1,2,9,8,0,-1,0,0,-1,2021,25.0,2,1,0,2,5,2,5,,4,AVENUE DES CHAMPS ELYSEES,0,,2,8,3,1,(1),(1),1,, -1,1,0,1,50,16,7,2021,18:00,1,75,75108,2,4,0,2,AVENUE DES CHAMPS ELYSEES,48.866006,2.319169,18,3,2
202100046133,119Â 300,B01,1,1,1,5,1,0,-1,0,0,-1,2021,49.0,3,2,0,2,6,1,1,,4,CHABANAS (RUE DE ),0,,2,2,0,2,0,1,3,, -1,1,0,1,50,26,3,2021,17:58,1,5,5061,2,1,0,6,CHABANAS (RUE DE ),44.55867,6.06439,17,2,2
202100018966,167Â 736,A01,1,1,1,1,1,8,-1,0,0,-1,2021,47.0,2,2,0,2,4,23,1,,4,DEVOS (BOULEVARD JULIEN),0,,2,2,0,1,(1),(1),1,, -1,1,0,1,50,14,9,2021,14:20,1,27,27681,2,1,0,2,DEVOS (BOULEVARD JULIEN),49.08404,1.47807,14,2,2
202100034539,139Â 992,A01,2,2,1,0,1,0,-1,-1, -1,-1,2021,21.0,1,2,3,0,9,2,1,,1,AUTOROUTE A1,0,,3,4,0,1,198,699,1,, -1,1,0,1,90,11,6,2021,22:15,3,59,59560,1,1,0,6,AUTOROUTE A1,50.539979,3.052657,22,2,1
202100018427,168Â 689,A01,1,1,2,5,8,0,-1,-1, -1,-1,2021,36.0,1,1,0,0,0,0,3,,3,JEAN LOLIVE (AVENUE)(55/73.62/86),0,,1,0,1,1,0,0,1,, -1,1,9,5,30,17,9,2021,16:45,1,93,93055,2,1,0,1,55-73 Avenue Jean Lolive,48.891379,2.403097,16,2,2
202100018229,169Â 022,A01,1,1,1,5,1,-1,-1,0,0,-1,2021,84.0,2,2,0,2,1,2,1,,3,429,-1,,2,2,0,1,27,200,3,, -1,1,9,1,50,13,9,2021,15:00,1,68,68043,1,6,0,2,D429,47.872831,7.247951,15,2,2
202100054176,104Â 904,B01,1,1,1,1,1,0,-1,-1,0,-1,2021,31.0,1,5,0,2,5,1,1,,1,1,0,,3,7,0,1,21,900,1,, -1,2,0,1,110,21,1,2021,17:50,3,95,95212,1,1,1,4, A1,49.03017,2.53889,17,5,5
202100012080,180Â 123,A01,1,1,1,1,2,-1,-1,0,0,-1,2021,43.0,2,1,6,2,1,17,1,,2,RN1,-1,,2,2,0,1,(1),(1),1,, -1,1,0,1,50,21,10,2021,05:30,2,976,97610,2,1,0,1,RN 1 LONGONI,-12.730788,45.162263,5,2,2
202100024104,158Â 571,A01,2,2,1,5,1,-1,-1,-1,0,-1,2021,23.0,2,2,0,0,9,26,1,,1,AUTOROUTE A3,0,,3,8,0,1,18,500,1,, -1,1,0,1,90,15,8,2021,02:10,3,95,95277,1,1,0,7,AUTOROUTE A3,48.97565,2.48985,2,2,1
202100028073,151Â 531,A01,1,1,1,5,1,-1,-1,-1, -1,-1,2021,79.0,1,2,3,0,1,13,1,,1,AUTOROUTE A 62,0,,3,4,0,1,0,1872,2,, -1,1,0,1,130,20,7,2021,15:23,1,33,33550,1,1,0,6,AUTOROUTE A 62,44.76643,-0.55132,15,1,1
202100025977,155Â 247,B01,1,1,2,9,8,0,-1,-1, -1,-1,2021,60.0,3,1,0,2,0,0,5,,7,FAUBOURG D'ARRAS RUE,0,,2,1,0,1,(1),(1),1,, -1,1,0,1,30,1,8,2021,15:00,1,59,59350,2,1,0,3,FAUBOURG D'ARRAS RUE,50.6076659879,3.0593745521,15,2,2
202100039149,131Â 646,B01,1,1,1,0,8,0,-1,-1, -1,-1,2021,56.0,1,2,0,2,1,1,1,,4,RUE PAUL HOCHART,0,,2,2,0,1,0,0,1,, -1,1,0,1,50,20,5,2021,19:10,1,94,94021,2,1,0,2,RUE PAUL HOCHART,48.77597,2.35782,19,2,2
202100027709,152Â 185,A01,1,1,1,0,2,6,-1,-1, -1,-1,2021,26.0,2,1,0,2,1,21,1,,3,BERTEAUX (MAURICE) NÂ°44 A 152,0,,4,6,0,1,3,295,1,, -1,1,5,1,50,20,7,2021,11:55,1,78,78586,2,2,0,3,BERTEAUX (MAURICE) NÂ°44 A 152,48.9383,2.17062,11,2,2
202100047455,116Â 941,A01,1,1,1,1,2,4,6,0,0,-1,2021,29.0,1,1,13,0,0,0,1,,3,130,-1,,2,2,2,1,(1),(1),2,, -1,1,0,8,80,19,3,2021,12:15,1,59,59391,1,1,0,6,D130,50.299723,3.307872,12,1,1
202100016741,171Â 696,A01,1,1,1,5,0,-1,-1,0,0,-1,2021,38.0,1,1,0,0,8,1,1,,4,,-1,,2,2,0,1,(1),(1),1,,5,1,0,1,50,25,9,2021,09:56,1,21,21038,2,1,0,7,80 Rue de la Petite Plaine,47.188433,5.414114,9,1,1
202100026554,154Â 235,A01,2,2,2,5,1,-1,-1,0,0,-1,2021,75.0,2,2,0,2,3,13,1,,3,674,-1,,2,2,0,3,16,870,3,, -1,1,0,1,70,30,7,2021,17:19,1,54,54073,1,9,0,6,D674,48.644344,5.892341,17,4,3
202100001708,198Â 735,A01,1,1,1,0,1,0,-1,-1, -1,-1,2021,32.0,2,2,0,2,4,23,1,,7,BOIS AVENUE DU PONT DE,0,,1,1,0,1,(1),(1),2,, -1,1,0,1,50,22,12,2021,18:55,5,59,59009,2,6,0,2,BOIS AVENUE DU PONT DE,50.62602,3.12375,18,2,2
202100039985,130Â 121,B01,1,1,1,0,1,-1,-1,0,0,-1,2021,54.0,2,2,0,2,3,15,1,,3,769,0,,2,2,0,2,22,48,1,, -1,1,0,1,80,8,5,2021,13:55,1,56,56014,1,2,0,3,D769,47.964356,-3.402253,13,3,2
202100040878,128Â 555,B01,2,1,1,0,8,0,-1,-1, -1,-1,2021,6.0,1,1,0,2,1,0,0,,4,CHAMPS LASNIERS (AVENUE),0,,-1,2,0,1,0,0,1,, -1,1,0,8,30,7,5,2021,19:00,2,91,91692,2,9,0,3,CHAMPS LASNIERS (AVENUE),48.684551,2.169742,19,2,2
202100014965,174Â 955,A01,1,1,1,5,8,-1,-1,-1, -1,-1,2021,36.0,1,2,1,0,2,1,1,,4,SALVADOR ALLENDE                    (R ),0,,2,2,0,2,(1),(1),2,, -1,2,0,1,30,3,10,2021,12:00,1,69,69149,2,1,0,6,SALVADOR ALLENDE (R),45.71959,4.78289,12,1,1
202100029863,148Â 413,B01,1,1,1,5,2,0,-1,-1, -1,-1,2021,44.0,0,1,1,0,0,0,0,,3,920,0,,1,2,0,1,0,0,1,, -1,1,0,1,50,9,7,2021,18:45,1,92,92014,2,1,0,3,GENERAL LECLERC (AV.) (135 A FIN - 134 A,48.77519,2.31374,18,2,2
202100031463,145Â 509,A01,10,3,2,1,0,-1,-1,3,3,1,2021,51.0,1,1,0,1,0,0,1,,3,992,0,,2,2,0,1,13,700,3,, -1,1,0,1,30,2,7,2021,07:15,1,74,74131,2,1,1,6,Pl de l Eglise,46.019384,5.930595,7,2,1
202100029258,149Â 460,A01,10,3,1,5,0,-1,-1,2,3,1,2021,7.0,1,1,0,1,2,1,1,,3,passamanty-VahibÃ© ( route ),0,,2,2,0,1,0,0,1,, -1,1,0,1,50,12,7,2021,07:30,1,976,97611,2,1,0,6,passamanty-VahibÃ© ( route ),-12.80102,45.20862,7,2,1
202100040783,128Â 714,A01,1,1,1,0,2,-1,-1,0,0,-1,2021,51.0,1,1,0,0,0,14,1,,3,81,0,,2,2,0,1,29,700,2,, -1,1,0,3,80,9,5,2021,12:20,1,201,201090,1,1,0,7,Coggia PK 29 + 700,42.092546,8.709444,12,1,1
202100018238,169Â 007,B01,1,1,2,1,1,-1,-1,0,0,-1,2021,30.0,1,2,0,0,7,1,1,,3,17,-1,,2,2,0,1,8,967,2,, -1,1,0,1,80,10,8,2021,17:30,1,56,56175,1,2,0,3,Lann Er Marh,47.723184,-2.913163,17,2,2
202100039148,131Â 648,A01,10,3,2,5,0,-1,-1,4,3,1,2021,78.0,2,1,0,1,8,1,5,,4,RUE DE RIVOLI,0,,2,4,1,1,(1),(1),1,, -1,2,0,5,50,18,5,2021,15:40,1,75,75104,2,2,1,6,RUE DE RIVOLI,48.858504,2.348215,15,2,1
202100033887,141Â 189,B01,1,1,1,1,2,6,-1,-1, -1,-1,2021,64.0,1,1,0,2,1,16,1,,3,BAS MARIN (R DU),0,,2,4,0,1,1,0,1,, -1,1,0,1,50,17,6,2021,18:20,1,94,94073,2,3,0,3,Rue du Bas Marin,48.75448,2.38599,18,2,2
202100014758,175Â 333,A01,1,1,2,5,2,6,-1,-1, -1,-1,2021,17.0,1,1,0,0,0,1,1,,4,PRESIDENT MITTERAND(AVENUE),0,,3,2,0,1,0,0,1,, -1,1,0,1,50,6,10,2021,15:30,1,974,97416,2,1,0,7,PRESIDENT MITTERAND(AVENUE),-21.34744,55.49336,15,1,1
202100044092,122Â 862,A01,1,1,1,5,2,6,-1,0,0,-1,2021,32.0,2,1,0,0,1,2,1,,3,32,0,,2,2,0,1,30,200,2,, -1,1,0,8,90,14,4,2021,15:15,1,48,48094,1,1,0,7,,44.292032,3.176379,15,1,1
202100031127,146Â 104,A01,1,1,1,5,1,0,-1,-1, -1,-1,2021,57.0,2,2,9,2,7,17,1,,7,ECH LES ARMURIERS,0,,-1,2,0,1,1,934,1,, -1,1,2,1,90,3,7,2021,22:10,5,31,31149,1,1,0,3,ECH LES ARMURIERS,43.59748,1.36383,22,3,2
202100050028,112Â 317,B01,1,1,1,9,1,-1,-1,-1, -1,-1,2021,20.0,3,2,0,2,1,15,1,,4,PATIS-DES-COUASNES (RUE DU),0,,2,2,0,1,(1),(1),1,, -1,2,0,1,50,26,2,2021,12:00,1,35,35281,2,1,0,3,PATIS-DES-COUASNES (RUE DU),48.08106,-1.72711,12,3,2
202100033352,142Â 150,B01,1,1,2,0,1,-1,-1,-1, -1,-1,2021,19.0,2,2,0,2,7,1,1,,4,PARC DES EXPOSITIONS (Ave du),0,,2,2,0,1,(1),(1),1,, -1,1,0,1,50,14,6,2021,20:00,1,33,33529,2,2,0,3,Avenue du Parc des Expositions,44.614906,-1.118725,20,2,2
202100042632,125Â 423,A01,1,1,1,5,2,6,-1,0,0,-1,2021,24.0,1,1,6,0,1,0,1,,3,82,-1,,2,2,0,1,4,370,2,, -1,1,0,3,80,25,4,2021,19:30,3,51,51492,1,1,0,7,D82,48.540222,3.764749,19,1,1
202100001415,199Â 247,A01,1,1,1,5,0,-1,-1,0,0,-1,2021,20.0,2,5,8,0,3,1,1,,2,4,-1,,2,2,0,1,10,500,2,, -1,1,0,3,60,26,12,2021,19:00,2,987,98748,1,1,0,3,"Vairao Pk 10+500 c/mont, face Ifremer",-17.827213,-149.242395,19,1,1
202100010163,183Â 535,A01,1,1,1,5,2,6,-1,-1, -1,-1,2021,60.0,1,1,0,0,1,9,1,,4,PORTE DE BAGNOLET,0,,1,4,0,1,30,200,1,, -1,2,0,1,70,29,10,2021,22:10,5,75,75120,2,4,1,7,PORTE DE BAGNOLET,48.861712,2.413697,22,1,1
202100026372,154Â 555,A01,10,3,2,5,0,-1,-1,5,2,1,2021,69.0,1,5,9,1,1,15,1,,3,725,0,,2,2,0,1,0,285,1,, -1,1,0,4,50,30,7,2021,15:30,1,86,86207,2,1,0,6,Cours Pasteur,46.786262,0.812789,15,2,1
202100029328,149Â 339,A01,2,2,1,9,8,0,-1,0,0,-1,2021,15.0,2,1,0,2,7,1,5,,4,AVENUE DES CHAMPS ELYSEES,0,,2,7,0,1,(1),(1),1,, -1,2,0,1,50,12,7,2021,19:50,1,75,75108,2,3,1,3,AVENUE DES CHAMPS ELYSEES,48.872067,2.300484,19,3,2
202100047392,117Â 058,Z01,10,3,2,1,0,-1,-1,2,3,1,2021,53.0,1,1,0,1,1,1,0,,4,RUE LINOIS,0,,2,2,1,1,(1),(1),1,, -1,1,-1,5,50,19,3,2021,12:57,1,75,75115,2,2,0,6,RUE LINOIS,48.847695,2.284132,12,2,1
202100034741,139Â 613,A01,10,3,1,5,0,-1,-1,2,5,2,2021,6.0,1,2,0,1,1,1,1,,4,RUE DES EDELWEISS,0,,2,0,0,1,0,0,1,, -1,1,0,1,30,11,6,2021,21:45,2,91,91657,2,1,0,6,RUE DES EDELWEISS,48.70145,2.44028,21,2,1
202100003144,196Â 149,A01,1,1,1,5,2,8,-1,-1, -1,-1,2021,15.0,2,1,0,2,1,5,0,,4,FERRARI (RUE),0,,1,1,0,1,0,0,1,, -1,1,0,1,50,12,12,2021,14:00,1,13,13205,2,1,0,3,FERRARI (RUE),43.29372,5.38961,14,2,2
202100014757,175Â 334,A01,2,2,2,0,8,0,-1,-1, -1,-1,2021,31.0,2,1,0,0,1,14,1,,2,mgombani-Mahabou (rue de ),0,,2,2,0,1,0,0,1,, -1,1,0,1,50,18,9,2021,05:50,2,976,97611,2,1,0,7,mgombani-Mahabou (rue de ),-12.78349,45.23338,5,2,1
202100034064,140Â 872,A01,1,1,1,1,1,-1,-1,-1, -1,-1,2021,35.0,2,2,9,0,1,1,1,,4,ARGONNE (CRS DE L),0,,1,1,3,1,(1),(1),1,, -1,2,4,1,50,16,6,2021,23:00,5,33,33063,2,1,1,6,Cours de lâArgonne,44.8238826704,-0.5794544287,23,1,1
202100024496,157Â 876,D01,1,1,1,9,1,8,-1,-1, -1,-1,2021,43.0,1,2,1,0,1,26,1,,3,LAGNES-RD24 (ROUTE DE),0,,2,2,0,1,0,1,1,, -1,1,0,1,80,16,7,2021,09:05,1,84,84035,1,1,0,4,LAGNES-RD24 (ROUTE DE),43.849288,5.048532,9,4,4
202100010992,182Â 079,A01,1,1,1,0,1,-1,-1,0,0,-1,2021,61.0,2,2,0,2,1,13,1,,2,145,-1,,2,2,0,1,21,730,1,, -1,1,0,1,80,25,10,2021,09:00,1,87,87180,1,1,0,1,RN 145,46.194983,1.268406,9,3,2
202100007362,188Â 594,B01,1,1,2,5,1,0,-1,-1, -1,-1,2021,48.0,3,2,0,2,1,16,1,,3,JAURES RUE JEAN,0,,2,4,0,1,0,1,1,, -1,1,0,1,50,1,11,2021,04:30,5,93,93015,1,3,0,1,BAS PRES RUE DE,48.9159945852,2.5838696744,4,2,2
202100016130,172Â 810,B01,1,1,1,4,2,8,-1,-1, -1,-1,2021,31.0,2,1,0,2,3,9,5,,4,MINOTERIE (RUE DE LA),0,,2,2,0,1,0,0,1,, -1,1,0,1,50,28,9,2021,15:10,1,67,67482,2,1,0,3,MINOTERIE (RUE DE LA),48.57821,7.79087,15,2,2
202100013117,178Â 299,A01,2,2,1,4,1,0,-1,-1, -1,-1,2021,22.0,0,5,0,2,1,17,1,,4,HENRI BARBUSSE (R),0,,2,2,0,1,1,0,1,, -1,1,0,1,50,14,10,2021,18:30,5,94,94076,2,1,0,1,Rue Henri Barbusse,48.804634,2.369361,18,3,2
202100055960,101Â 859,B01,1,1,1,1,2,0,-1,-1, -1,-1,2021,29.0,1,1,0,2,1,1,1,,3,PARIS (RUE DE),0,,2,2,0,1,1,0,1,, -1,1,0,1,50,7,1,2021,11:22,1,93,93048,2,2,0,3,PARIS (RUE DE),48.85723,2.43159,11,2,2
202100021509,163Â 193,A01,1,1,1,5,1,-1,-1,0,0,-1,2021,25.0,1,2,2,0,1,1,1,,3,795,0,,-1,2,0,1,23,(1),2,, -1,1,0,3,80,2,9,2021,00:10,3,35,35029,1,1,0,6,d795,48.48541,-1.735647,0,1,1
202100021550,163Â 118,A01,1,1,1,3,2,6,-1,0,0,-1,2021,36.0,1,1,0,0,3,1,1,,3,84,-1,,2,2,0,1,7,0,1,, -1,1,0,1,50,31,8,2021,18:53,1,14,14488,2,1,0,7,D84,49.268071,-0.258479,18,1,1
202100005006,192Â 837,C01,1,1,1,1,2,6,-1,-1, -1,-1,2021,41.0,2,1,0,2,7,1,1,,1,AUTOROUTE A6B,0,,3,4,0,2,7,349,3,, -1,1,0,1,90,3,12,2021,07:39,3,94,94034,1,1,0,6,AUTOROUTE A6B,48.755813,2.334324,7,3,3
202100020094,165Â 708,A01,1,1,1,0,1,5,-1,-1, -1,-1,2021,54.0,2,2,2,0,7,14,1,,3,MARBOZ RD 996 ( ROUTE DE ) PAIR,0,,2,2,0,1,20,350,1,, -1,1,0,8,80,8,9,2021,19:10,1,1,1451,1,1,0,6,MARBOZ RD 996 ( ROUTE DE ) PAIR,46.28448,5.23066,19,1,1
202100053357,106Â 348,A01,10,3,2,1,0,-1,-1,2,3,1,2021,59.0,2,1,0,1,1,1,0,,4,FOCH (AV),0,,2,2,0,1,0,0,1,, -1,2,0,1,50,27,1,2021,08:40,1,94,94068,2,1,0,1,FOCH (AV),48.8,2.49,8,2,1
202100032866,143Â 021,A01,10,3,2,9,0,-1,-1,3,3,1,2021,79.0,1,2,0,1,5,1,1,,4,MONISTROL (RUE),0,,2,2,0,1,(1),(1),1,, -1,2,0,1,50,18,6,2021,17:05,1,56,56121,2,1,0,6,MONISTROL (RUE),47.73756,-3.38222,17,2,1
202100049028,114Â 124,A01,1,1,1,5,1,-1,-1,0,0,-1,2021,59.0,2,2,10,0,3,1,1,,3,50,-1,,2,2,0,2,49,657,3,, -1,1,2,1,80,6,3,2021,19:30,2,85,85003,1,1,0,6,,46.69677,-1.64604,19,1,1
202100010234,183Â 418,A01,1,1,1,5,1,-1,-1,0,0,-1,2021,29.0,2,2,8,0,9,13,1,,3,520,0,D,2,2,0,1,55,99,1,, -1,2,0,8,80,31,10,2021,06:55,2,38,38376,1,1,0,7,D520,45.438559,5.765564,6,1,1
202100029574,148Â 928,A01,1,1,2,0,1,8,-1,-1, -1,-1,2021,23.0,1,2,0,2,3,13,1,,2,11 - RT,0,,2,2,0,1,1,0,3,, -1,1,0,1,70,10,7,2021,14:12,1,202,202033,1,1,0,1,11 - RT,42.69109,9.44955,14,5,2
202100035327,138Â 561,B01,1,1,1,5,2,0,-1,0,0,-1,2021,69.0,3,1,0,2,1,1,5,,4,PLACE DE LA CONCORDE,0,,1,8,0,1,(1),(1),1,, -1,1,0,1,50,9,6,2021,23:40,5,75,75108,2,7,0,3,PLACE DE LA CONCORDE,48.866795,2.322074,23,2,2
202100050306,111Â 779,A01,1,1,1,0,1,-1,-1,-1, -1,-1,2021,20.0,2,2,4,0,3,1,1,,4,CHOULANS (DE)                       (CH),0,,1,2,0,2,(1),(1),2,, -1,2,0,1,50,23,2,2021,07:30,1,69,69385,2,1,0,7,CHOULANS (DE) (MO),45.7523441541,4.8162854219,7,1,1
202100041968,126Â 602,A01,1,1,2,5,1,-1,-1,0,0,-1,2021,24.0,2,2,0,2,3,15,1,,3,624,0,D,2,2,0,1,19,900,1,, -1,2,0,1,80,1,5,2021,15:30,1,9,9324,1,1,1,3,D624,43.057269268,1.6373909712,15,5,2
202100016005,173Â 059,A01,1,1,2,3,1,-1,-1,0,0,-1,2021,79.0,1,2,0,2,2,15,1,,3,904,-1,,2,2,0,1,32,400,1,, -1,1,0,1,80,30,9,2021,10:05,1,54,54426,1,3,1,3,route dÃ©partementale 904,48.6454110921,5.900629161,10,2,2