Num_Acc,id_vehicule,num_veh,place,catu,sexe,trajet,secu1,secu2,secu3,locp,actp,etatp,year_acc,victim_age,senc,catv,obs,obsm,choc,manv,motor,occutc,catr,voie,v1,v2,circ,nbv,vosp,prof,pr,pr1,plan,lartpc,larrout,surf,infra,situ,vma,jour,mois,an,hrmn,lum,dep,com,agg_,int,atm,col,adr,lat,long,hour,nb_victim,nb_vehicules
202100036923,135Â 704,A01,1,1,1,0,1,-1,-1,0,0,-1,2021,84.0,1,2,0,2,1,1,1,,3,464,-1,,2,2,0,2,25,830,1,, -1,1,0,1,80,2,6,2021,18:00,1,25,25446,1,2,0,1,D464,47.28027,6.389446,18,3,2
202100052666,107Â 587,A01,1,1,2,1,2,6,-1,-1, -1,-1,2021,22.0,2,1,0,2,1,1,1,,4,MAUBEC (RUE),0,,2,3,3,2,0,0,1,, -1,1,9,1,50,3,2,2021,09:00,1,64,64102,2,9,0,3,MAUBEC (RUE),43.50025,-1.46688,9,2,2
202100005095,192Â 666,B01,1,1,1,1,2,6,-1,0,0,-1,2021,56.0,1,1,0,2,1,3,1,,4,BOULEVARD PERIPHERIQUE,0,,1,4,0,1,0,300,1,, -1,2,0,1,70,1,12,2021,08:30,1,75,75113,2,1,0,3,BOULEVARD PERIPHERIQUE,48.825791,2.386589,8,2,2
202100045780,119Â 919,A01,1,1,1,0,8,0,-1,-1, -1,-1,2021,23.0,2,1,0,2,2,1,1,,4,LOUBIERE (RUE DE LA),0,,1,1,0,1,0,0,1,, -1,1,0,1,50,30,3,2021,18:30,1,13,13205,2,3,0,3,LOUBIERE (RUE DE LA),43.28982,5.39048,18,2,2
202100045615,120Â 198,A01,10,3,1,0,0,0,0,1,3,1,2021,13.0,1,2,0,1,2,1,1,,4,SAINT-AUGUSTIN (AV. DE),0,,1,1,0,1,(1),(1),1,, -1,1,0,1,50,1,4,2021,15:50,1,6,6088,2,1,0,6,SAINT-AUGUSTIN (AV. DE),43.67093,7.21767,15,2,1
202100045099,121Â 121,A01,10,3,1,0,0,-1,-1,0,0,-1,2021,88.0,3,2,0,1,4,26,1,,4,ALEXANDRE III (BOULEVARD ),0,,1,2,0,1,(1),(1),1,, -1,1,0,1,50,4,4,2021,17:24,1,6,6029,2,9,0,6,ALEXANDRE III (BOULEVARD ),43.546503,7.036655,17,2,1
202100010720,182Â 565,A01,1,1,1,4,8,-1,-1,0, -1,-1,2021,39.0,2,2,2,0,1,14,1,,3,LESTONAN AVENUE DE,0,,2,2,0,1,5,10,1,, -1,1,0,3,50,27,10,2021,19:00,3,29,29051,1,1,0,6,Avenue de Lestonan,48.0124520578,-4.0141364335,19,1,1
202100044615,121Â 972,B01,1,1,1,0,8,0,-1,-1, -1,-1,2021,12.0,1,1,0,2,7,1,3,,4,,0,,2,3,1,1,0,0,1,, -1,1,0,4,50,9,4,2021,18:55,1,92,92024,2,1,0,6,GENERAL LECLERC (RUE DU) DE (81 A 109)  ,48.9069748753,2.3087570071,18,3,2
202100010801,182Â 423,A01,2,2,2,5,1,-1,-1,0,0,-1,2021,83.0,2,2,0,0,7,15,1,,3,,0,D,2,2,0,1,18,360,1,, -1,1,0,1,80,27,10,2021,16:00,1,30,30162,1,9,0,3,Route de Cardet,44.024468,4.033796,16,4,2
202100025007,156Â 952,A01,1,1,1,5,1,8,-1,-1, -1,-1,2021,20.0,2,4,0,2,1,26,1,,4,FABIEN   RUE DU COLONEL,0,,1,2,0,1,0,0,1,, -1,2,0,1,20,8,8,2021,04:30,3,17,17028,2,1,1,6,FABIEN   RUE DU COLONEL,46.13155,-1.11466,4,1,1
202100011361,181Â 420,B01,1,1,2,0,1,0,-1,-1, -1,-1,2021,45.0,2,2,0,2,4,2,1,,3,IMP DU QUAI DE L'INDUSTRIE,0,,2,1,0,1,(1),(1),1,, -1,1,0,1,50,23,10,2021,13:00,1,91,91027,2,1,0,2,IMP DU QUAI DE L'INDUSTRIE,48.69948,2.39656,13,2,2
202100036719,136Â 075,A01,1,1,1,1,2,6,9,0,0,-1,2021,43.0,1,1,0,6,2,1,1,,3,117,-1,,2,2,0,2,5,940,4,, -1,1,0,1,80,4,6,2021,07:15,1,73,73284,1,1,0,6,D117,45.4594755209,6.5136325501,7,1,1
202100053293,106Â 473,B01,1,1,1,0,2,-1,-1,0,0,-1,2021,28.0,2,1,0,2,0,21,1,,3,21,0,,2,2,0,1,0,300,1,, -1,1,0,1,50,29,1,2021,17:45,1,37,37072,2,3,0,3,21 Place des Droits de l'Homme,47.1633144124,0.2511506304,17,2,2
202100019721,166Â 390,A01,10,3,2,9,0,-1,-1,3,3,1,2021,53.0,2,2,0,1,2,1,1,,4,RUE POUSSIN,0,,1,1,0,1,(1),(1),1,, -1,1,0,1,30,10,9,2021,19:00,1,75,75116,2,3,0,6,RUE POUSSIN,48.848558,2.26211,19,2,1
202100010636,182Â 726,A01,1,1,1,5,1,-1,-1,0,0,-1,2021,37.0,2,2,8,0,3,0,1,,3,04,-1,,2,2,0,1,45,500,1,, -1,1,0,3,-1,25,9,2021,01:25,3,28,28349,1,1,1,6,RD 04 PR45+500,48.633447,1.609583,1,1,1
202100019539,166Â 707,B01,1,1,1,5,2,-1,-1,0,0,-1,2021,90.0,2,1,0,2,8,2,5,,3,65,0,,2,2,0,1,54,0,1,, -1,1,0,1,90,11,9,2021,16:45,1,52,52076,1,1,0,3,D65,48.087497,5.008585,16,2,2
202100014417,175Â 928,B01,1,1,1,9,2,6,-1,-1, -1,-1,2021,38.0,2,1,0,2,8,1,1,,4,ABBE ROGER DERRY (AV DE L),0,,2,3,3,2,0,0,1,, -1,1,0,1,50,8,10,2021,15:50,1,94,94081,2,3,0,3,ABBE ROGER DERRY (AV DE L),48.790793,2.391116,15,2,2
202100023549,159Â 546,A01,2,2,1,0,8,0,-1,-1, -1,-1,2021,27.0,1,2,4,0,2,0,1,,1,A7-Sens Lyon vers Marseille,0,,1,3,0,1,274,600,1,, -1,1,0,1,90,18,8,2021,06:00,3,13,13215,1,1,0,3,A7-Sens Lyon vers Marseille,43.3604,5.3619,6,2,1
202100043879,123Â 239,A01,10,3,2,1,0,-1,-1,3,3,1,2021,60.0,1,2,0,1,2,1,1,,3,EST (BOULEVARD DE L'),0,,3,4,1,1,22,12,1,, -1,1,0,1,70,15,4,2021,09:10,1,50,50602,2,1,0,6,EST (BOULEVARD DE L'),49.63596,-1.5768,9,2,1
202100044385,122Â 337,A01,1,1,1,3,1,-1,-1,0,0,-1,2021,61.0,2,2,8,0,2,1,1,,3,4,0,D,2,2,0,1,20,948,1,, -1,1,0,3,90,1,4,2021,13:55,1,23,23095,1,1,0,7,Bel Air,46.170071,1.704026,13,1,1
202100037350,134Â 906,A01,1,1,2,5,1,-1,-1,0,0,-1,2021,72.0,1,2,0,2,8,15,1,,3,613,-1,,2,3,0,1,7,400,1,, -1,1,0,1,90,1,6,2021,15:00,1,14,14270,1,3,0,3,D613,49.144099,0.327358,15,2,2
202100028864,150Â 125,A01,1,1,2,5,2,0,-1,0,0,-1,2021,22.0,1,1,0,0,1,1,3,,4,BOULEVARD DE SEBASTOPOL,0,,1,4,1,1,(1),(1),1,, -1,1,9,5,50,15,7,2021,01:15,5,75,75102,2,2,0,7,BOULEVARD DE SEBASTOPOL,48.864427,2.351518,1,2,1
202100015801,173Â 424,A01,1,1,1,5,1,-1,-1,0,0,-1,2021,39.0,1,2,2,0,2,1,1,,2,10,-1,,2,2,0,1,90,800,1,,7,9,8,3,80,2,10,2021,12:45,1,202,202123,1,1,0,7,40 Route de Vadina,42.0763544186,9.4675862802,12,1,1
202100005296,192Â 321,A01,10,3,2,1,0,-1,-1,4,3,1,2021,53.0,1,2,0,1,3,1,1,,4,DAVID D'ANGERS,0,,2,2,0,1,1,0,1,, -1,1,0,1,50,30,11,2021,18:10,5,49,49246,2,1,0,6,DAVID D'ANGERS,47.441465,-0.534396,18,3,1
202100025575,155Â 959,B01,1,1,1,0,1,8,-1,-1, -1,-1,2021,66.0,1,2,0,2,3,1,1,,4,RUE DE LA SOMME,0,,3,2,0,1,0,0,1,, -1,1,9,1,50,26,7,2021,07:55,1,988,98818,2,3,0,3,RUE DE LA SOMME,-22.27345,166.44189,7,2,2
202100024445,157Â 983,B01,1,1,1,5,2,6,-1,0,0,-1,2021,55.0,1,1,0,2,1,1,1,,2,30,-1,,2,2,0,1,24,400,3,,6,1,0,1,50,12,8,2021,15:15,1,202,202168,2,3,0,3,RT30,42.631346,8.950397,15,2,2
202100014584,175Â 641,A01,1,1,1,5,8,0,-1,-1, -1,-1,2021,19.0,1,1,0,2,0,5,1,,4,LANGEVIN (RUE),0,,2,2,0,1,0,0,1,, -1,2,0,1,50,6,10,2021,16:25,1,67,67482,2,3,1,3,LANGEVIN (RUE),48.603618,7.714924,16,2,2
202100053034,106Â 924,A01,1,1,2,1,1,0,-1,-1, -1,-1,2021,42.0,2,2,4,0,1,14,1,,1,A10 PARIS / RD188 PARIS,0,,1,2,0,2,4,599,2,, -1,2,2,1,50,31,1,2021,07:00,3,91,91136,1,9,0,6,A10 PARIS / RD188 PARIS,48.7108,2.2886,7,1,1
202100050848,110Â 794,B01,1,1,2,5,8,0,-1,-1, -1,-1,2021,25.0,2,2,0,2,6,1,2,,1,A13,0,,3,6,0,1,43,700,1,, -1,1,0,1,110,19,2,2021,15:45,1,78,78402,1,1,0,2,A13,48.963911,1.778634,15,3,2
202100032121,144Â 335,A01,10,3,2,3,8,8,-1,0,3,1,2021,54.0,1,2,0,1,0,1,0,,4,CAMILLE PELLETAN (AVENUE),0,,1,3,3,1,1,0,1,, -1,1,0,1,50,26,6,2021,11:40,1,13,13203,2,1,0,3,CAMILLE PELLETAN (AVENUE),43.30579,5.37327,11,2,1
202100044676,121Â 854,B01,1,1,2,0,1,0,-1,0,0,-1,2021,19.0,1,2,0,2,3,1,1,,7,,0,,3,4,0,1,(1),(1),1,, -1,1,0,1,50,2,4,2021,20:49,5,63,63113,2,1,0,3,KENNEDY (BD J.F.),45.79766,3.12274,20,2,2
202100048384,115Â 272,A01,10,3,1,0,0,-1,-1,1,1,1,2021,47.0,0,2,0,1,1,1,1,,4,ROUEN (RUE DE),0,,-1,2,0,1,(1),(1),1,, -1,1,8,1,50,9,3,2021,07:00,3,80,80021,2,1,0,6,ROUEN (RUE DE),49.8864205722,2.2775816917,7,2,1
202100054966,103Â 563,B01,1,1,1,1,2,6,-1,0,0,-1,2021,19.0,2,1,0,2,1,1,1,,3,446,-1,,2,2,0,1,(1),(1),1,, -1,1,0,1,50,15,1,2021,19:50,5,50,50292,2,2,0,1,Rue du Mesnil Amey,49.099414,-1.236783,19,2,2
202100012399,179Â 544,A01,1,1,1,5,1,0,-1,-1, -1,-1,2021,52.0,2,2,8,0,1,21,1,,4,LECLERC (AVENUE DU GENERAL),0,,3,4,0,1,0,0,1,, -1,1,5,1,50,16,10,2021,14:28,1,87,87085,2,1,0,6,LECLERC (AVENUE DU GENERAL),45.85659,1.26913,14,2,2
202100011249,181Â 626,A01,2,1,1,0,2,6,-1,-1, -1,-1,2021,36.0,1,1,12,2,4,11,1,,3,ALBERT-DHALENNE (RUE),0,,1,2,1,1,0,1,1,, -1,1,0,1,30,24,10,2021,16:30,1,93,93070,2,1,0,2,ALBERT-DHALENNE (RUE),48.91538,2.33132,16,2,2
202100012774,178Â 888,A01,1,1,1,5,1,-1,-1,0,0,-1,2021,24.0,2,2,3,0,8,13,1,,3,824,-1,,1,4,0,1,89,675,1,, -1,1,0,1,110,8,10,2021,23:45,3,40,40179,1,1,0,6,RD824,43.720048,-1.125004,23,1,1
202100019201,167Â 304,A01,10,3,1,9,0,-1,-1,4,3,1,2021,59.0,2,1,0,1,2,1,1,,4,BOULEVARD NEY,0,,3,3,0,1,(1),(1),1,, -1,1,0,1,50,13,9,2021,08:00,1,75,75118,2,4,0,6,BOULEVARD NEY,48.897517,2.329388,8,2,1
202100004606,193Â 544,A01,10,3,1,0,8,-1,-1,1,3,1,2021,18.0,2,5,0,1,2,1,1,,3,770,-1,,2,2,0,1,(1),(1),1,, -1,2,0,1,50,5,12,2021,18:00,2,29,29124,2,1,0,6,120 Rue de la Marne,48.564835,-4.31285,18,2,1
202100034437,140Â 177,A01,1,1,1,4,2,0,-1,0,0,-1,2021,16.0,2,1,0,2,1,2,1,,4,RUE DE PICPUS,0,,2,2,0,1,(1),(1),1,, -1,1,0,1,50,13,6,2021,18:35,1,75,75112,2,1,0,2,RUE DE PICPUS,48.845012,2.395602,18,2,2
202100051361,109Â 873,B01,2,2,1,5,2,6,-1,0,0,-1,2021,19.0,2,1,0,2,4,2,1,,3,974,0,,2,3,0,1,38,500,1,, -1,1,5,1,50,16,2,2021,16:40,1,21,21295,2,2,0,4,82 Route de Beaune,47.22684,4.979376,16,7,4
202100033565,141Â 769,A01,1,1,1,0,2,0,-1,-1, -1,-1,2021,32.0,2,1,0,2,2,1,1,,4,TCHEQUE (AVENUE DE LA LEGION),0,,2,2,0,1,0,0,1,, -1,1,0,1,50,18,6,2021,17:00,1,64,64102,2,3,0,3,TCHEQUE (AVENUE DE LA LEGION),43.49268,-1.48761,17,2,2
202100034016,140Â 957,A01,1,1,1,0,2,0,-1,-1, -1,-1,2021,21.0,2,1,0,2,1,26,1,,1,ROUTE NATIONALE 1,0,,1,3,0,1,3,320,1,, -1,1,0,1,900,16,6,2021,13:30,1,972,97213,2,1,0,2,ROUTE NATIONALE 1,14.61796,-61.01896,13,2,2
202100017315,170Â 701,A01,2,2,2,5,2,6,9,0,0,-1,2021,24.0,2,1,2,2,1,17,1,,3,426,0,D,2,2,0,1,34,450,1,, -1,1,0,1,-1,25,9,2021,11:35,1,67,67438,1,1,0,6,D426,48.432418,7.613912,11,4,2
202100028846,150Â 155,A01,1,1,1,9,1,0,-1,0,0,-1,2021,28.0,1,2,1,0,3,1,1,,4,,0,,2,2,0,1,(1),(1),1,, -1,1,0,1,70,15,7,2021,14:00,1,6,6027,1,1,0,6,MAURE CHEMIN DE LA,43.683725,7.159646,14,1,1
202100001836,198Â 516,B01,1,1,1,0,2,8,-1,-1, -1,-1,2021,38.0,1,1,0,2,7,1,1,,2,ROUTE NATIONALE 1,0,,3,5,0,1,7,0,1,, -1,1,0,1,70,21,12,2021,16:25,1,972,97213,1,1,0,3,ROUTE NATIONALE 1,14.62513,-60.980194,16,2,2
202100056240,101Â 367,A01,10,3,2,0,0,-1,-1,4,3,1,2021,18.0,3,2,0,1,1,1,0,,4,Rue de la MilÃ¨trie,0,,2,2,0,1,(1),(1),1,, -1,1,0,1,50,4,1,2021,18:50,5,86,86194,2,1,0,6,Rue de la MilÃ¨trie,46.563221,0.381586,18,2,1
202100049590,113Â 103,A01,1,1,1,4,1,4,-1,-1, -1,-1,2021,45.0,2,4,0,2,1,2,1,,1,A104,0,,3,2,0,2,15,309,1,, -1,1,0,1,90,1,3,2021,12:30,1,77,77514,1,1,0,6,A104,48.93744,2.62835,12,4,4
202100011135,181Â 829,B01,1,1,1,1,1,5,-1,-1, -1,-1,2021,24.0,1,2,0,2,4,9,0,,3,PRESIDENT KENNEDY (50 A LA FIN),0,,2,2,1,1,0,0,1,, -1,2,0,1,50,25,10,2021,08:15,2,92,92002,2,3,1,3,PRESIDENT KENNEDY (50 A LA FIN),48.7368591441,2.2936950624,8,2,2
202100042221,126Â 157,A01,1,1,1,9,8,0,-1,-1, -1,-1,2021,49.0,2,1,0,2,4,15,6,,3,DOCTEUR BAUER(RUE DU) :NÂ°  75 AU 129,0,,2,6,2,1,0,0,1,, -1,2,0,1,50,28,4,2021,18:52,1,93,93070,2,7,1,2,DOCTEUR BAUER(RUE DU) :NÂ°  75 AU 129,48.90546,2.34403,18,2,2
202100053883,105Â 432,B01,1,1,2,5,2,-1,-1,0,0,-1,2021,46.0,2,1,0,2,1,1,5,,3,3,0,,2,2,0,1,19,332,2,, -1,1,0,1,50,25,1,2021,11:55,1,6,6038,2,1,0,2,Route d'Opio,43.678549,6.973829,11,2,2
202100021283,163Â 611,B01,1,1,2,1,1,0,-1,0,0,-1,2021,24.0,2,2,0,2,4,2,1,,4,BOULEVARD PERIPHERIQUE,0,,1,4,0,1,33,400,1,, -1,1,1,1,70,1,9,2021,15:15,1,75,75112,2,1,0,4,BD PERIPHERIQUE EXTERIEUR,48.83401,2.409516,15,3,3
202100019850,166Â 155,A01,1,1,2,5,1,8,-1,-1, -1,-1,2021,27.0,2,2,0,2,1,1,1,,3,VERDIER (FRANCOIS),0,,2,2,0,1,0,350,1,, -1,1,0,1,50,9,9,2021,17:40,1,81,81004,2,1,0,2,VERDIER (FRANCOIS),43.9189628406,2.1233071536,17,2,2
202100044613,121Â 974,A01,10,3,2,1,0,-1,-1,2,3,1,2021,59.0,3,1,0,1,8,1,0,,3,23,0,,1,4,1,1,1,0,1,, -1,1,0,5,20,8,4,2021,08:50,1,92,92062,2,1,0,6,KUPKA (RUE FRANCK) TOUR,48.89094,2.2304,8,2,1
202100021731,162Â 794,B01,1,1,1,1,0,-1,-1,0,0,-1,2021,46.0,2,1,0,2,1,1,3,,7,941,0,M,2,2,2,1,(1),(1),1,, -1,1,5,5,50,26,8,2021,07:30,1,59,59146,2,3,0,3,Rue Jean Moulin,50.6105311862,3.2065478146,7,2,2
202100024299,158Â 238,A01,10,3,2,5,0,-1,-1,5,1,3,2021,61.0,2,1,16,1,1,15,1,,4,,0,,2,4,0,1,(1),(1),1,, -1,1,0,4,50,12,8,2021,09:35,1,6,6088,2,2,0,6,GROSSO (A PARTIR DU NÂ° 60-83),43.702779,7.251478,9,4,1
202100015742,173Â 528,A01,1,1,1,1,2,6,-1,0,0,-1,2021,36.0,1,1,0,2,1,1,1,,4,RUE DE LA CONVENTION,0,,2,3,3,2,(1),(1),1,, -1,1,0,1,30,30,9,2021,01:40,5,75,75115,2,2,0,3,RUE DE LA CONVENTION,48.836757,2.298063,1,2,2
202100026417,154Â 477,A01,1,1,1,0,2,0,-1,-1, -1,-1,2021,24.0,3,1,0,9,3,21,1,,2,GENERAL DE GAULLE(AVENUE),0,,2,2,0,2,(1),(1),1,, -1,1,0,1,50,29,7,2021,22:15,5,974,97416,2,9,0,6,GENERAL DE GAULLE(AVENUE),-21.3573012213,55.5197171133,22,1,1
202100002753,196Â 847,A01,10,3,1,2,0,-1,-1,4,3,2,2021,20.0,1,2,0,1,1,1,1,,4,QUATRE SEPTEMBRE (AV. DU),0,,1,1,0,1,(1),(1),1,, -1,1,0,1,50,8,12,2021,18:00,5,62,62498,2,1,0,6,QUATRE SEPTEMBRE (AV. DU),50.43209,2.8286,18,2,1
202100040329,129Â 517,A01,10,3,1,0,0,-1,-1,4,5,1,2021,19.0,1,2,0,1,3,26,1,,7,LAVOISIERS (BD),0,,1,3,0,1,(1),(1),1,, -1,2,0,1,50,10,5,2021,15:40,1,63,63113,2,2,1,6,LAVOISIERS (BD)/DiomÃ¨de,45.7840175715,3.0761650176,15,2,1
202100017255,170Â 807,B01,1,1,2,5,2,6,-1,0,0,-1,2021,43.0,2,1,0,0,4,2,1,,2,88,0,,2,2,0,1,84,200,1,, -1,1,0,1,80,25,9,2021,18:00,1,43,43111,1,4,0,2,Bargettes,44.879753,3.847007,18,3,2
202100019422,166Â 917,A01,1,1,1,4,2,6,-1,0,0,-1,2021,22.0,1,1,8,0,2,1,3,,4,,-1,,1,1,0,1,(1),(1),1,,4,1,0,3,30,12,9,2021,22:15,5,69,69244,2,3,0,6,DOCTEUR GUY LAURENT (R),45.76091,4.758,22,1,1
202100025283,156Â 463,A01,1,1,2,9,2,0,-1,-1, -1,-1,2021,34.0,1,1,0,0,0,26,1,,4,FREMUR,0,,2,2,0,1,1,0,1,, -1,2,0,1,50,3,8,2021,11:52,1,49,49007,2,1,0,7,FREMUR,47.4551,-0.5631,11,1,1
202100025482,156Â 118,B01,1,1,1,4,2,0,-1,0,0,-1,2021,21.0,1,1,0,2,6,1,1,,4,BOULEVARD AUGUSTE BLANQUI,0,,2,2,0,2,(1),(1),1,, -1,1,0,1,50,5,8,2021,14:45,1,75,75113,2,3,0,3,BOULEVARD AUGUSTE BLANQUI,48.830334,2.346986,14,2,2
202100023775,159Â 121,A01,1,1,1,5,0,-1,-1,0,0,-1,2021,47.0,3,1,0,0,8,1,1,,4,,-1,,2,2,0,1,(1),(1),3,,4,1,0,1,50,17,8,2021,19:00,1,41,41218,2,2,0,7,Rue de l Epinetterie,47.276539,1.765586,19,1,1
202100015523,173Â 939,B01,1,1,1,0,8,-1,-1,-1, -1,-1,2021,12.0,0,1,0,2,7,9,3,,4,ROBESPIERRE                         (R ),0,,2,2,0,1,(1),(1),1,, -1,1,0,1,50,1,10,2021,18:15,1,69,69290,2,1,0,3,ROBESPIERRE (R),45.70458,4.94624,18,2,2
202100042526,125Â 609,A01,10,3,2,2,0,-1,-1,2,3,1,2021,8.0,2,2,0,1,3,1,1,,3,D70,-1,,2,2,0,1,(1),(1),1,, -1,1,0,1,50,26,4,2021,13:40,1,63,63453,2,1,0,6,Avenue des Acacias,45.771156,3.291054,13,2,1
202100026983,153Â 482,A01,1,1,1,1,2,-1,-1,0,0,-1,2021,49.0,3,1,0,2,1,1,1,,4,,-1,,2,2,0,2,(1),(1),3,,4,1,0,1,90,26,7,2021,16:45,1,19,19057,1,1,0,1,la gondrone,45.046716,1.664922,16,2,2
202100007941,187Â 547,B01,1,1,1,1,2,6,-1,-1, -1,-1,2021,45.0,2,1,0,2,5,9,1,,1,AUTOROUTE A6A,0,,3,3,0,1,3,700,1,, -1,1,0,1,90,16,11,2021,18:40,4,94,94038,1,1,0,3,AUTOROUTE A6A,48.7848,2.34659,18,2,2
202100022997,160Â 523,A01,1,1,1,0,1,4,-1,-1, -1,-1,2021,33.0,1,2,3,2,1,1,2,,1,AUTOROUTE A86,0,,3,8,0,1,12,199,1,, -1,1,0,1,70,22,8,2021,07:50,1,93,93039,1,1,0,6,AUTOROUTE A86,48.92668,2.33596,7,1,1
202100005152,192Â 566,A01,1,1,2,5,8,-1,-1,0,0,-1,2021,24.0,1,2,0,0,1,0,1,,3,301,-1,D,2,2,0,1,17,500,1,, -1,7,0,3,90,2,12,2021,23:00,3,3,3297,1,1,1,7,D301 route de NASSIGNY,46.51954,2.606893,23,2,1
202100032530,143Â 623,B01,2,2,1,9,1,0,-1,-1, -1,-1,2021,27.0,1,2,0,0,4,23,1,,3,EMILE COSSONNEAU (NR 140 A 202),0,,1,2,0,1,0,0,1,, -1,1,0,1,50,23,6,2021,23:51,5,93,93051,2,1,0,2,EMILE COSSONNEAU (NR 140 A 202),48.84947,2.57187,23,4,2
202100018075,169Â 326,B01,1,1,1,5,2,-1,-1,0,0,-1,2021,59.0,3,1,0,2,2,12,5,,7,113,-1,,2,4,0,1,(1),(1),1,, -1,1,3,1,90,11,9,2021,11:30,1,13,13081,1,9,0,3,N Rd 113 Les levades,43.494806,5.216789,11,2,2
202100008073,187Â 303,A01,1,1,1,5,2,-1,-1,0,0,-1,2021,16.0,1,1,0,0,0,13,0,,3,326,-1,,2,2,0,1,2,30,1,, -1,1,0,3,80,16,11,2021,16:30,1,9,9105,1,1,0,7,Route dÃ©partementale 326,43.158705,1.295593,16,1,1
202100028445,150Â 869,A01,10,3,1,5,0,-1,-1,3,3,2,2021,3.0,2,2,0,1,2,1,1,,4,AVENUE DES TERROIRS DE FRANCE,0,,3,2,0,1,(1),(1),1,, -1,1,0,1,50,17,7,2021,18:57,1,75,75112,2,1,0,6,AVENUE DES TERROIRS DE FRANCE,48.832047,2.388404,18,4,1
202100025028,156Â 915,A01,1,1,1,5,1,-1,-1,0,0,-1,2021,21.0,3,2,17,0,2,14,1,,3,960,0,D,3,2,0,1,48,670,1,, -1,1,0,3,90,8,8,2021,16:29,1,49,49371,1,1,0,6,D960,47.126111,-0.707164,16,1,1
202100046892,117Â 956,A01,10,3,2,0,0,-1,-1,3,3,2,2021,4.0,3,1,0,1,2,21,1,,3,DE GAULLE (AVENUE CHARLES),0,,1,1,0,1,0,1,1,, -1,1,9,1,50,23,3,2021,13:45,1,74,74012,2,1,0,6,DE GAULLE (AVENUE CHARLES),46.1836,6.24668,13,2,1
202100030700,146Â 884,A01,1,1,1,5,0,-1,-1,0,0,-1,2021,21.0,1,1,0,2,1,13,5,,3,71,0,D,2,2,0,2,23,950,3,, -1,1,0,1,80,27,3,2021,14:10,1,81,81306,1,1,0,1,Moulin de Boussac,44.042987,2.246055,14,2,2
202100027229,153Â 047,A01,1,1,2,5,8,0,-1,0,0,-1,2021,25.0,1,1,0,2,1,2,3,,4,BOULEVARD BOURDON,0,,1,6,1,1,(1),(1),1,, -1,1,0,1,50,23,7,2021,20:15,1,75,75104,2,3,0,2,BOULEVARD BOURDON,48.8493283147,2.3665696585,20,2,2
202100006770,189Â 687,A01,1,1,1,5,1,-1,-1,0,0,-1,2021,34.0,0,2,0,2,3,0,1,,3,810,-1,,2,2,0,4,12,440,2,, -1,1,0,1,50,23,11,2021,19:48,5,27,27467,2,1,0,3,Route de Quillebeuf,49.3608,0.514879,19,4,2
202100011410,181Â 325,B01,1,1,1,1,2,6,-1,0,0,-1,2021,60.0,2,1,0,2,4,2,1,,4,PORTE DE BAGNOLET,0,,1,5,0,1,29,400,1,, -1,1,0,1,70,22,10,2021,05:25,5,75,75120,2,1,0,2,PORTE DE BAGNOLET,48.868765,2.413467,5,2,2
202100004818,193Â 172,B01,1,1,1,9,2,6,-1,0,0,-1,2021,31.0,3,1,0,2,2,17,1,,4,BOULEVARD DE MENILMONTANT,0,,1,1,0,1,(1),(1),1,, -1,2,0,1,30,4,12,2021,16:45,2,75,75111,2,3,1,5,BOULEVARD DE MENILMONTANT,48.86507,2.38481,16,3,3
202100011552,181Â 069,A01,10,3,2,3,0,-1,-1,2,3,1,2021,87.0,3,2,0,1,3,15,1,,4,PERI(BOULEVARD GABRIEL),0,,1,2,0,1,0,0,1,, -1,1,0,1,50,19,10,2021,10:45,1,83,83050,2,1,0,6,PERI(BOULEVARD GABRIEL),43.535629,6.465511,10,2,1
202100048744,114Â 633,B01,1,1,1,1,1,-1,-1,0,0,-1,2021,50.0,1,5,3,2,4,11,1,,1,rt,0,,3,4,0,1,(1),(1),1,, -1,1,0,1,110,10,3,2021,05:40,1,988,98805,1,1,0,2,VE2,-22.182676,166.432185,5,4,2
202100054916,103Â 648,A01,1,1,1,9,2,6,-1,0,0,-1,2021,38.0,2,1,0,2,1,2,1,,4,BOULEVARD PERIPHERIQUE,0,,1,4,0,1,24,500,1,, -1,1,0,1,70,15,1,2021,19:15,5,75,75119,2,1,0,2,BOULEVARD PERIPHERIQUE,48.900327,2.379367,19,2,2
202100007102,189Â 071,A01,1,1,1,0,1,-1,-1,0,0,-1,2021,36.0,0,2,0,2,1,1,1,,3,,-1,,2,2,0,2,14,300,1,,4,1,0,1,80,20,11,2021,11:30,1,60,60103,1,2,1,3,Courlieu,49.41172,2.267218,11,2,2
202100001342,199Â 360,A01,1,1,1,0,1,0,-1,-1, -1,-1,2021,30.0,1,2,0,2,1,0,1,,1,A55-Sens Marseille vers Martigues,0,,1,2,0,1,3,500,1,, -1,2,0,1,90,25,12,2021,19:00,3,13,13215,1,1,0,2,A55-Sens Marseille vers Martigues,43.324964,5.361889,19,2,2
202100043283,124Â 298,A01,1,1,1,4,2,6,-1,0,0,-1,2021,26.0,1,1,8,0,6,26,1,,3,323,-1,,1,2,0,1,91,2,2,, -1,1,5,1,50,21,4,2021,23:41,5,72,72154,2,6,0,2,Boulevard de l'Europe,47.702265,-0.053363,23,2,2
202100032066,144Â 433,B01,2,2,1,5,1,4,-1,-1,0,-1,2021,21.0,2,2,0,2,1,1,1,,2,RN 184,0,,3,6,0,2,6,70,3,, -1,1,0,1,50,27,6,2021,05:25,2,95,95572,1,1,0,1,RN 184,49.05073,2.14786,5,4,2