Num_Acc,id_vehicule,num_veh,place,catu,sexe,trajet,secu1,secu2,secu3,locp,actp,etatp,year_acc,victim_age,senc,catv,obs,obsm,choc,manv,motor,occutc,catr,voie,v1,v2,circ,nbv,vosp,prof,pr,pr1,plan,lartpc,larrout,surf,infra,situ,vma,jour,mois,an,hrmn,lum,dep,com,agg_,int,atm,col,adr,lat,long,hour,nb_victim,nb_vehicules
202100039612,130Â 784,B01,1,1,1,4,2,0,-1,0,0,-1,2021,21.0,1,1,0,2,2,1,1,,4,RUE LA BOETIE,0,,1,1,0,1,(1),(1),1,, -1,2,0,1,30,17,5,2021,15:45,1,75,75108,2,2,1,2,RUE LA BOETIE,48.872568,2.310045,15,2,2
202100051439,109Â 752,A01,1,1,2,1,2,6,-1,-1, -1,-1,2021,28.0,1,1,0,0,6,1,1,,4,SAUTEL  BOULEVARD ANDRE,0,,3,4,0,1,(1),(1),1,, -1,9,8,1,50,15,2,2021,19:16,5,17,17300,2,1,0,7,SAUTEL  BOULEVARD ANDRE,46.16676,-1.13638,19,1,1
202100013133,178Â 271,B01,1,1,1,1,2,6,-1,-1, -1,-1,2021,20.0,1,1,0,2,1,1,1,,3,SAINT LEU (ROUTE),0,,2,2,0,1,0,1,1,, -1,1,0,1,50,15,10,2021,07:40,5,93,93079,2,3,0,3,SAINT LEU (ROUTE),48.9510547932,2.3394885184,7,4,2
202100040674,128Â 920,B01,1,1,2,4,2,-1,-1,0,0,-1,2021,55.0,2,1,0,2,1,1,1,,3,103,-1,,2,2,0,2,42,560,3,, -1,1,5,1,90,8,5,2021,16:20,1,43,43162,1,3,0,3,Pailharon,45.182491,4.051766,16,2,2
202100055342,102Â 910,A01,10,3,2,0,8,8,-1,4,3,1,2021,67.0,2,2,0,1,1,15,1,,4,ARSON (RUE),0,,1,0,0,1,(1),(1),1,, -1,1,0,8,50,12,1,2021,08:53,1,6,6088,2,2,0,6,ARSON (RUE),43.69909,7.286435,8,2,1
202100053114,106Â 793,B01,1,1,2,3,8,-1,-1,0,0,-1,2021,62.0,2,2,0,2,8,15,1,,3,748,-1,,2,2,0,1,19,(1),1,, -1,2,0,1,90,31,1,2021,11:30,1,49,49086,1,1,0,3,Canton de la Grouas (MartignÃ©-Briand),47.231911,-0.483549,11,2,2
202100041784,126Â 923,A01,1,1,1,1,2,6,-1,-1, -1,-1,2021,17.0,3,1,0,2,1,13,1,,3,RD116 PanONF Ã  rte Buttes aux aires,0,,2,2,0,2,11,0,1,, -1,1,0,1,80,1,5,2021,14:30,1,77,77186,1,1,0,1,RD116 PanONF Ã  rte Buttes aux aires,48.431948041,2.7124533635,14,3,2
202100028430,150Â 898,B01,1,1,2,1,1,-1,-1,-1, -1,-1,2021,32.0,1,2,0,2,2,1,1,,7,RD383   14.250 A 18.000,0,,3,8,0,1,17,200,1,, -1,1,0,1,70,13,7,2021,14:30,1,69,69199,1,1,0,3,RD383   14.250 A 18.000,45.70033,4.84551,14,2,2
202100004910,193Â 011,A01,10,3,1,4,0,-1,-1,2,A,1,2021,56.0,1,2,1,1,9,14,1,,4,AVENUE DES TERNES,0,,2,3,3,1,(1),(1),1,, -1,1,0,1,30,30,11,2021,13:08,1,75,75117,2,2,0,6,AVENUE DES TERNES,48.878327,2.295643,13,2,1
202100029286,149Â 414,A01,1,1,2,5,1,-1,-1,0,0,-1,2021,18.0,1,2,1,0,7,14,1,,4,AZEREIX (AVENUE D'),0,,2,2,0,1,(1),(1),1,, -1,1,0,1,50,12,7,2021,11:30,1,65,65440,2,1,0,6,AZEREIX (AVENUE D'),43.22988,0.05947,11,1,1
202100026473,154Â 378,B01,1,1,2,5,1,0,-1,-1, -1,-1,2021,65.0,2,2,0,2,3,1,1,,4,PLANCHETTES (DES) (RUE),0,,2,2,0,1,0,0,1,, -1,1,0,1,50,27,7,2021,15:15,1,21,21231,2,2,0,3,PLANCHETTES (DES) (RUE),47.3154495887,5.0627916455,15,4,2
202100041372,127Â 655,A01,3,2,1,5,1,-1,-1,0,0,-1,2021,81.0,1,2,0,2,1,1,1,,3,3,0,D,2,2,0,1,68,980,1,, -1,2,0,1,70,6,5,2021,14:30,1,33,33333,2,1,1,1,,44.8419221422,-1.1186850263,14,4,2
202100012031,180Â 204,B01,1,1,1,9,2,6,-1,-1, -1,-1,2021,52.0,1,1,0,2,2,1,1,,4,PRADO (AVENUE DU),0,,2,4,3,1,0,0,1,, -1,1,0,1,50,20,10,2021,19:45,5,13,13206,2,2,0,3,PRADO (AVENUE DU),43.28404,5.38478,19,2,2
202100017383,170Â 565,A01,1,1,2,0,2,8,-1,-1, -1,-1,2021,39.0,2,1,0,2,1,20,1,,1,86,0,,3,6,0,1,9,500,1,, -1,1,0,1,90,23,9,2021,17:30,1,92,92036,1,1,0,2,AUTOROUTE A86,48.9390465105,2.3061312878,17,2,2
202100015807,173Â 417,A01,9,2,1,0,1,-1,-1,0,0,-1,2021,20.0,3,2,7,0,0,0,1,,3,31,0,D,2,2,0,1,25,70,2,, -1,2,0,3,90,1,10,2021,19:40,3,61,61133,1,1,1,6,D31,48.63976,0.369381,19,3,1
202100020853,164Â 373,A01,10,3,1,0,0,-1,-1,3,3,1,2021,78.0,1,2,0,1,3,1,1,,4,LIBERATION (RUE DE LA ),0,,2,2,0,2,(1),(1),1,, -1,1,0,1,50,3,9,2021,18:30,1,42,42183,2,1,0,6,Rue de la LibÃ©ration,45.4036,4.36567,18,2,1
202100033561,141Â 775,A01,1,1,1,0,8,0,-1,-1, -1,-1,2021,15.0,0,1,0,2,3,15,5,,4,RUE MUNHOA,0,,2,2,0,1,0,0,1,, -1,1,0,1,30,18,6,2021,15:35,1,64,64545,2,3,0,1,RUE MUNHOA,43.34598,-1.69325,15,2,2
202100046286,119Â 043,D01,2,2,2,5,2,-1,-1,0,0,-1,2021,53.0,1,1,0,2,1,1,1,,3,4,0,,2,2,0,2,18,700,1,, -1,1,0,1,80,28,3,2021,14:50,1,7,7291,1,1,0,4,CD 4 - Lieu-dit Le Laval,44.400876,4.476217,14,9,5
202100002059,198Â 114,A01,10,3,2,5,0,-1,-1,1,3,1,2021,18.0,1,2,0,1,2,1,1,,4,,0,,2,2,0,2,0,0,1,, -1,1,0,1,50,19,12,2021,15:20,1,92,92063,2,1,0,6,BONS RAISINS (RUE DES),48.8735950856,2.1898667514,15,2,1
202100018869,167Â 919,B01,1,1,1,0,2,6,-1,0,0,-1,2021,22.0,1,1,0,2,1,1,1,,2,10,0,T,2,2,0,1,29,10,1,,7,1,0,1,-1,14,9,2021,17:42,1,201,201247,1,1,0,3,T10,41.619517,9.282798,17,2,2
202100041085,128Â 171,A01,1,1,1,0,2,6,-1,-1, -1,-1,2021,22.0,1,1,0,2,1,2,1,,3,,0,,2,2,0,1,0,0,1,, -1,1,0,1,50,6,5,2021,15:00,1,64,64140,2,1,0,5,R.N. 10,43.52411,-1.46456,15,4,3
202100022333,161Â 717,A01,1,1,1,5,0,-1,-1,0,0,-1,2021,22.0,2,2,13,0,3,1,1,,3,15,0,,3,2,0,2,12,650,1,, -1,1,0,3,80,28,8,2021,04:30,3,89,89464,1,1,0,6,D15,48.072258,3.266606,4,2,1
202100025086,156Â 816,A01,2,2,1,5,1,8,-1,-1, -1,-1,2021,24.0,1,2,4,0,7,15,1,,1,Tunnel Prado CarÃ©nage,0,,-1,1,0,1,0,449,2,, -1,1,1,1,40,8,8,2021,02:14,5,13,13208,1,1,0,1,Tunnel Prado CarÃ©nage,43.2819740603,5.3948292732,2,2,1
202100048986,114Â 187,A01,10,3,1,5,0,-1,-1,2,3,1,2021,11.0,1,2,0,1,7,1,1,,3,21,-1,,2,2,0,1,10,650,1,, -1,1,0,1,50,6,3,2021,15:10,1,95,95487,2,1,0,6,Avenue Jacques Vogt,49.154365,2.269755,15,2,1
202100024566,157Â 749,B01,2,2,1,9,8,0,-1,-1, -1,-1,2021,43.0,2,2,0,0,1,1,1,,4,AVRON (RUE),0,,2,2,0,1,1,0,1,, -1,1,0,1,50,12,8,2021,22:00,5,93,93050,2,2,0,3,AVRON (RUE),48.85916,2.52421,22,3,2
202100037811,134Â 070,B01,1,1,1,4,2,0,-1,-1, -1,-1,2021,24.0,3,1,0,2,1,9,1,,4,MAGUY ROUBAUD (RUE),0,,1,2,0,1,(1),(1),1,, -1,1,0,1,50,28,5,2021,16:50,1,13,13209,2,1,0,3,MAGUY ROUBAUD (RUE),43.2724794344,5.4002255201,16,2,2
202100016167,172Â 742,B01,1,1,1,5,8,0,-1,-1, -1,-1,2021,11.0,1,1,0,0,8,1,5,,7,1532,0,,2,2,0,1,52,375,1,, -1,1,0,1,10,29,9,2021,13:45,1,38,38169,2,1,0,3,Boulevard Paul Langevin,45.19799,5.67154,13,2,2
202100039016,131Â 901,A01,1,1,2,5,1,-1,-1,0,0,-1,2021,66.0,1,2,0,2,3,5,1,,3,213,-1,,3,4,0,1,25,965,3,, -1,1,0,1,90,9,5,2021,17:15,1,44,44154,1,1,0,3,RD 213,47.242269,-2.15979,17,2,2
202100012257,179Â 816,B01,1,1,1,0,2,0,-1,-1, -1,-1,2021,21.0,3,1,0,2,7,1,1,,3,CHOISY(ROUTE DE),0,,3,4,0,1,0,0,1,, -1,1,0,1,50,18,10,2021,19:00,5,94,94028,2,9,0,3,CHOISY(ROUTE DE),48.78004,2.44449,19,2,2
202100005659,191Â 676,A01,10,3,2,3,0,-1,-1,4,3,1,2021,68.0,3,2,0,1,2,16,1,,4,AERODROME (AV DE L),0,,2,2,2,2,1,0,1,, -1,1,0,1,30,29,11,2021,15:15,1,94,94054,2,3,0,6,avenue de l'Aerodrome,48.74274,2.4002,15,2,1
202100044750,121Â 727,B01,1,1,1,1,2,6,-1,0,0,-1,2021,31.0,1,1,0,2,1,1,1,,3,1079,0,,2,2,0,1,19,350,1,, -1,1,0,1,80,26,3,2021,18:10,1,1,1115,1,3,0,2,Route de Bourg,46.254415,5.074906,18,2,2
202100040537,129Â 149,A01,1,1,2,5,1,-1,-1,0,0,-1,2021,60.0,2,2,13,0,1,14,1,,3,148,0,D,2,2,0,2,6,500,2,, -1,2,0,8,80,11,5,2021,08:00,1,201,201128,1,1,1,6,lieu dit la tarenchella,41.640764,9.008424,8,1,1
202100021348,163Â 493,B01,1,1,1,1,2,-1,-1,0,0,-1,2021,26.0,1,1,0,2,1,17,1,,3,461,-1,,1,2,0,2,61,215,1,, -1,1,3,1,90,2,9,2021,06:30,1,25,25321,1,1,0,3,PK 61 - RD 461 - SENS VLL VERS SUISSE,47.059057,6.689236,6,2,2
202100005401,192Â 140,A01,1,1,1,0,2,6,-1,-1, -1,-1,2021,29.0,2,1,0,2,7,1,1,,3,2,0,,2,2,0,1,0,0,1,, -1,1,0,1,50,30,11,2021,12:40,1,92,92012,2,1,0,3,JEAN JAURES (BOULEVARD) 63/215 - 70/208,48.8408370519,2.2273077071,12,2,2
202100001748,198Â 663,A01,10,3,1,9,0,-1,-1,3,3,1,2021,26.0,2,1,0,1,2,18,1,,4,RUE DROUOT,0,,1,1,0,1,(1),(1),1,, -1,1,0,1,30,22,12,2021,16:55,5,75,75109,2,3,0,6,RUE DROUOT,48.873266,2.340554,16,3,2
202100047893,116Â 129,C01,1,1,1,4,2,6,-1,0,0,-1,2021,43.0,2,1,0,2,1,2,1,,1,A4,0,,3,8,3,1,5,600,2,, -1,1,0,1,90,15,3,2021,11:15,1,75,75112,1,1,0,5,A4,48.825189,2.463736,11,4,4
202100004498,193Â 727,B01,1,1,2,5,0,-1,-1,0,0,-1,2021,77.0,1,1,0,2,7,12,5,,3,4,-1,,1,1,-1,1,44,(1),2,, -1,1,0,1,50,11,8,2021,18:15,1,74,74258,2,6,0,3,Av du Giffre,46.082355,6.72411,18,2,2
202100004549,193Â 644,B01,2,2,2,3,8,0,-1,-1, -1,-1,2021,41.0,2,2,0,2,8,1,1,,4,KARL MARX (AV),0,,2,2,0,1,0,0,4,, -1,2,0,1,50,5,12,2021,11:05,1,94,94076,2,6,1,3,KARL MARX (AV),48.78445,2.36432,11,3,2
202100017219,170Â 868,A01,10,3,2,3,0,-1,-1,1,3,1,2021,75.0,1,2,0,1,1,1,1,,3,432,0,D,2,2,0,2,(1),(1),1,, -1,1,0,1,50,24,9,2021,13:59,1,68,68090,2,1,1,6,18a Rue de la 1Ã¨re ArmÃ©e,47.498934,7.30822,13,2,1
202100001010,199Â 960,A01,2,2,2,9,1,0,-1,-1, -1,-1,2021,20.0,1,2,0,0,9,26,1,,1,MOULIN MARCILLE CHEMIN,0,,2,2,0,1,1,0,2,, -1,2,0,1,70,27,12,2021,17:35,2,49,49246,2,1,0,7,,47.4307098331,-0.5060319903,17,2,1
202100001993,198Â 234,B01,1,1,1,5,2,6,-1,-1, -1,-1,2021,24.0,3,1,0,2,3,1,1,,4,GARE D'EAU (DE LA)                  (QU),0,,2,4,1,1,(1),(1),1,, -1,1,0,1,50,20,12,2021,23:20,5,69,69389,2,2,0,3,GARE D'EAU (DE LA) (Q),45.7805637012,4.808986187,23,2,2
202100017576,170Â 207,A01,1,1,1,1,2,6,-1,0,0,-1,2021,48.0,2,1,0,2,1,17,1,,3,907,-1,D,2,2,0,2,60,900,1,, -1,1,0,1,70,23,9,2021,17:20,1,58,58214,1,1,0,3,D907,47.061447,3.108519,17,3,2
202100032800,143Â 146,A01,1,1,2,1,1,0,-1,-1, -1,-1,2021,29.0,1,2,0,2,2,14,1,,1,6,0,,3,6,0,1,29,899,1,, -1,1,0,1,110,23,6,2021,05:50,2,91,91659,1,1,0,2,AUTOROUTE A6,48.59161,2.44502,5,2,2
202100023807,159Â 067,A01,1,1,1,0,0,-1,-1,0,0,-1,2021,38.0,3,1,0,0,0,1,1,,4,,-1,,2,2,0,2,(1),(1),1,, -1,1,0,1,50,17,8,2021,19:30,3,971,97134,1,1,0,7,Route de Grand Croix,16.047694,-61.751268,19,1,1
202100041051,128Â 234,A01,2,2,1,5,1,-1,-1,-1, -1,-1,2021,17.0,2,2,0,2,1,5,1,,7,LAURENT BONNEVAY                    (BD),0,,1,1,0,2,11,500,2,, -1,2,3,1,50,6,5,2021,21:00,5,69,69259,2,1,1,1,LAURENT BONNEVAY                    (BD),45.7214,4.88375,21,3,2
202100045572,120Â 272,A01,10,3,2,1,8,8,-1,3,3,2,2021,27.0,1,2,0,1,1,1,1,,4,PAUL PRAS (AVENUE),0,,2,2,0,1,0,0,1,, -1,1,9,1,50,31,3,2021,13:45,1,64,64102,2,9,0,6,PAUL PRAS (AVENUE),43.48311,-1.47674,13,2,1
202100032625,143Â 446,A01,1,1,1,5,1,-1,-1,-1,0,-1,2021,20.0,2,2,9,0,1,12,1,,2,RN 184,0,,3,5,0,1,3,400,1,, -1,1,0,1,90,23,6,2021,15:00,1,95,95572,1,1,0,6,RN 184,49.03544,2.11634,15,1,1
202100018875,167Â 910,A01,1,1,1,2,1,-1,-1,0,0,-1,2021,19.0,2,2,2,0,0,0,1,,3,11,-1,,2,2,0,1,17,877,2,,7,2,0,8,90,15,9,2021,08:30,1,88,88167,1,1,1,6,5 Route Verte,48.137913,6.654126,8,1,1
202100005754,191Â 513,B01,4,2,2,0,3,0,-1,-1, -1,-1,2021,3.0,2,2,0,2,2,1,1,,4,GENERAL PATTON (AVENUE DU ),0,,2,2,0,2,0,0,1,, -1,2,0,1,50,28,11,2021,10:45,1,45,45234,2,1,0,3,GENERAL PATTON (AVENUE DU ),47.91518,1.90144,10,4,2
202100015391,174Â 196,A01,1,1,2,3,8,-1,-1,0,0,-1,2021,88.0,2,2,6,0,1,1,1,,3,930,-1,D,2,2,0,1,20,340,2,, -1,1,5,4,50,2,10,2021,13:46,1,47,47143,2,6,0,6,D930,44.173879,0.29206,13,1,1
202100006755,189Â 708,A01,1,1,1,4,1,-1,-1,0,0,-1,2021,37.0,1,5,2,0,1,14,1,,3,45,-1,,2,2,0,1,24,200,2,, -1,7,0,3,80,23,11,2021,21:45,3,71,71469,1,1,0,6,Route dÃ©partementale 45,46.293426,4.544064,21,1,1
202100028555,150Â 678,A01,2,2,2,0,1,5,-1,0,0,-1,2021,66.0,3,2,2,0,3,2,1,,3,941,-1,,2,2,0,2,(1),(1),1,, -1,1,0,3,80,18,7,2021,17:00,1,28,28322,1,1,1,6,Route Departementale 941,48.707943,0.922591,17,2,1
202100049982,112Â 400,A01,1,1,1,0,2,8,-1,-1, -1,-1,2021,42.0,2,1,12,0,1,14,1,,4,passamanty-MRony Manga ( rue ),0,,2,0,0,1,0,0,1,, -1,1,0,1,50,26,2,2021,19:44,5,976,97611,2,1,0,6,passamanty-MRony Manga ( rue ),-12.79872,45.20158,19,1,1
202100050346,111Â 709,A01,1,1,2,0,1,0,-1,-1, -1,-1,2021,58.0,1,2,0,0,8,1,1,,2,04 PK RN237 MOULIN JUSTICE RE,0,,3,4,0,1,4,592,1,, -1,1,0,3,90,24,2,2021,10:15,1,17,17200,1,1,0,7,04 PK RN237 MOULIN JUSTICE RE,46.17493,-1.17329,10,1,1
202100016519,172Â 100,A01,1,1,1,0,8,0,-1,-1, -1,-1,2021,48.0,3,1,0,2,1,17,3,,3,G.PERI (RUE)194 A 416 249 A 435 ,0,,2,2,0,1,0,0,1,, -1,1,0,1,50,24,9,2021,20:40,1,92,92036,2,1,0,3,G.PERI (RUE)194 A 416 249 A 435 ,48.913760247,2.2961150855,20,2,2
202100041755,126Â 973,A01,10,3,1,5,0,-1,-1,4,3,2,2021,31.0,1,2,0,1,3,26,1,,4,GAMBETTA (BOULEVARD)       43-34 A FIN,0,,-1,2,0,1,(1),(1),1,, -1,1,0,1,30,24,4,2021,21:10,5,38,38185,2,1,0,6,Boulevard Gambetta,45.18405,5.72611,21,3,1
202100041660,127Â 137,A01,4,2,2,5,1,0,-1,-1, -1,-1,2021,14.0,2,2,0,2,2,1,1,,4,RUE DU MARECHAL LECLERC,0,,-1,2,0,1,0,100,1,, -1,1,0,1,50,2,5,2021,15:50,1,91,91657,2,3,0,3,RUE DU MARECHAL LECLERC,48.71278,2.43174,15,5,2
202100019739,166Â 363,B01,1,1,1,1,0,0,-1,-1, -1,-1,2021,35.0,2,1,0,2,8,1,5,,3,LOUISON BOBET (AV),0,,1,3,2,1,1,0,1,, -1,1,0,5,50,8,9,2021,09:35,1,94,94033,2,9,0,3,Rue Pierre Grange,48.85105,2.49332,9,2,2
202100046397,118Â 839,B01,1,1,1,0,2,6,-1,-1, -1,-1,2021,46.0,1,1,0,2,7,17,1,,3,JEAN LOLIVE (AVENUE)(1/55 2/60),0,,3,4,1,1,0,1,1,, -1,1,0,1,50,27,3,2021,15:50,1,93,93055,2,1,0,3,JEAN LOLIVE (AVENUE)(1/55 2/60),48.89157,2.40498,15,2,2
202100013410,177Â 762,B01,1,1,1,5,8,0,-1,-1, -1,-1,2021,14.0,1,1,0,2,8,19,5,,3,SEMARD (RUE PIERRE),0,,1,2,0,1,0,1,1,, -1,1,6,1,50,12,10,2021,18:30,1,93,93008,2,9,0,3,SEMARD (RUE PIERRE),48.908647041,2.4454772472,18,2,2
202100026113,155Â 019,A01,3,2,2,5,1,-1,-1,-1,0,-1,2021,25.0,3,2,0,2,1,1,1,,4,GENERAL ARCHINARD (RUE DU),0,,1,1,0,1,(1),(1),1,, -1,1,0,1,50,31,7,2021,14:00,1,95,95680,2,1,0,3,GENERAL ARCHINARD (RUE DU),49.0074438945,2.3946064711,14,4,2
202100040495,129Â 223,A01,1,1,2,1,2,6,-1,0,0,-1,2021,38.0,1,1,0,2,1,18,1,,4,JUIN BOULEVARD MARECHAL,0,,2,3,0,1,(1),(1),1,, -1,1,0,1,50,9,5,2021,23:05,5,6,6027,2,1,0,3,JUIN BOULEVARD MARECHAL,43.658114,7.150896,23,2,2
202100042047,126Â 468,A01,1,1,1,0,8,0,-1,-1, -1,-1,2021,23.0,0,1,6,0,0,26,1,,3,NATIONALE (ROUTE),0,,2,2,0,1,0,600,2,, -1,1,9,8,80,24,4,2021,19:20,1,7,7116,1,1,0,7,NATIONALE (ROUTE),44.64701,4.3603,19,1,1
202100037138,135Â 309,A01,1,1,1,5,2,6,-1,-1, -1,-1,2021,28.0,1,1,0,2,4,2,1,,1,AUTOROUTE A21,0,,3,4,0,1,10,300,1,, -1,1,0,1,90,31,5,2021,17:30,1,62,62498,1,1,0,2,AUTOROUTE A21,50.44723,2.837968,17,2,2
202100036593,136Â 296,B01,1,1,1,5,1,0,-1,-1, -1,-1,2021,70.0,3,2,0,2,4,1,1,,4,DE GAULLE (AVENUE CHARLES),0,,3,4,1,1,0,1,1,, -1,2,9,1,50,2,6,2021,11:15,1,74,74012,2,2,1,2,DE GAULLE (AVENUE CHARLES),46.18627,6.24773,11,2,2
202100043109,124Â 618,A01,1,1,2,5,2,6,9,0,0,-1,2021,24.0,1,1,0,2,1,13,1,,2,102,-1,,2,3,0,2,70,500,3,, -1,1,0,1,90,23,4,2021,14:00,1,7,7153,1,1,0,1,RN102 ,44.668404,4.101003,14,2,2
202100046998,117Â 772,B01,1,1,1,0,1,-1,-1,0,0,-1,2021,33.0,1,5,0,2,1,1,1,,3,191,0,,2,2,0,1,88,850,3,, -1,1,9,1,50,24,3,2021,07:55,1,78,78368,2,1,0,2,11 route de rambouillet,48.89476,1.867751,7,2,2
202100010742,182Â 528,A01,10,3,2,1,0,-1,-1,4,3,1,2021,51.0,2,1,0,1,1,1,5,,4,BOULEVARD DE SEBASTOPOL,0,,2,4,1,1,(1),(1),1,, -1,1,-1,5,15,27,10,2021,12:40,1,75,75101,2,2,0,6,BOULEVARD DE SEBASTOPOL,48.860552,2.349354,12,2,1
202100028868,150Â 119,A01,1,1,1,1,1,0,-1,-1, -1,-1,2021,24.0,2,2,3,0,1,2,1,,2,RN 186,0,,1,2,0,1,1,0,1,, -1,1,3,3,90,15,7,2021,08:00,1,94,94065,1,9,0,6,RN 186,48.7549,2.345,8,1,1
202100008869,185Â 888,A01,1,1,2,0,1,-1,-1,0,0,-1,2021,85.0,2,2,0,2,3,1,1,,3,942,0,,2,2,0,1,16,100,3,, -1,9,9,1,90,8,11,2021,17:05,1,23,23001,1,1,0,3,RD 942,46.088172,2.054978,17,2,2
202100011386,181Â 369,B01,1,1,2,1,1,5,-1,0,0,-1,2021,26.0,1,2,0,2,1,1,1,,4,SAINT JEAN DU PIN,0,,2,2,0,2,0,0,1,, -1,1,0,1,30,23,10,2021,04:30,5,30,30007,2,1,0,1,SAINT JEAN DU PIN,44.1231,4.0608,4,2,2
202100012299,179Â 748,B01,1,1,1,5,1,-1,-1,0,0,-1,2021,21.0,2,2,0,2,1,1,1,,3,781,0,,2,2,0,1,5,835,1,, -1,1,0,1,80,5,10,2021,20:45,5,56,56094,1,1,0,5,Kernours,47.754703,-3.287573,20,3,3
202100014429,175Â 904,A01,10,3,1,0,0,-1,-1,5,3,1,2021,14.0,3,2,0,1,3,9,1,,3,BOIS L ABBE (R DU),0,,2,2,1,1,0,0,1,, -1,1,0,4,50,7,10,2021,16:35,1,94,94017,2,1,0,6,BOIS L ABBE (R DU),48.811,2.53972,16,2,1
202100016870,171Â 467,A01,2,2,2,4,1,0,-1,-1, -1,-1,2021,29.0,1,2,14,0,1,1,1,,4,,0,,2,1,1,1,(1),(1),1,, -1,9,9,1,30,21,9,2021,15:53,1,67,67482,2,1,0,6,GENERAL OFFENSTEIN (RUE DU),48.555537,7.752658,15,3,1
202100039167,131Â 614,B01,1,1,1,9,2,0,-1,-1, -1,-1,2021,43.0,2,1,0,2,4,2,1,,3,1,0,,2,2,0,1,0,0,3,, -1,2,0,1,50,19,5,2021,08:45,1,92,92024,2,6,0,4,CLICHY (QUAI DE) DE (8 A 60),48.91079,2.30555,8,3,3
202100046287,119Â 039,A01,1,1,1,2,2,6,-1,0,0,-1,2021,14.0,2,1,13,0,0,1,1,,3,993,0,D,2,2,0,1,16,800,1,, -1,1,0,8,90,29,3,2021,08:30,1,23,23114,1,1,0,7,Rierette,46.175521,2.37384,8,1,1
202100043243,124Â 365,A01,1,1,2,0,1,-1,-1,0,0,-1,2021,20.0,1,2,13,0,2,21,1,,3,473,-1,,2,2,0,1,(1),(1),1,, -1,1,0,3,80,20,4,2021,16:50,1,68,68208,1,1,0,7,Rue d'Hesingue,47.554229,7.459095,16,1,1
202100018081,169Â 311,B01,1,1,1,1,0,-1,-1,0,0,-1,2021,43.0,0,1,0,2,8,19,5,,4,,-1,,2,2,3,1,(1),(1),3,, -1,1,0,6,50,13,9,2021,08:15,1,38,38562,2,6,0,3,Vizille,45.082657,5.766149,8,2,2
202100033798,141Â 352,A01,1,1,2,0,1,0,-1,-1, -1,-1,2021,25.0,1,5,0,2,4,1,1,,2,VERSAILLES (ROUTE DE),0,,1,2,0,1,26,650,1,, -1,1,0,1,70,17,6,2021,18:00,1,78,78350,1,1,0,4,VERSAILLES (ROUTE DE),48.84952,2.10852,18,3,3
202100045814,119Â 864,A01,10,3,1,5,0,-1,-1,2,3,1,2021,42.0,1,2,0,1,3,15,1,,3,ALLENDE (AVE DU P. SALVADOR),0,,1,3,3,1,0,0,1,, -1,1,0,1,50,31,3,2021,21:20,5,93,93008,2,1,0,6,SALLE PABLO NERUDA,48.9060865289,2.4455673612,21,2,1
202100002448,197Â 396,A01,1,1,1,0,2,6,-1,0,0,-1,2021,70.0,1,1,0,2,2,17,1,,3,LIBERTE AV.DE LA,0,,2,2,0,1,18,465,1,, -1,1,0,1,50,16,12,2021,16:43,2,6,6155,2,1,0,3,LIBERTE AV.DE LA,43.56933,7.07562,16,2,2
202100023684,159Â 287,B01,1,1,1,4,2,0,-1,-1, -1,-1,2021,38.0,1,1,0,2,0,1,1,,2,13,-1,,1,-1,-1,1,23,141,1,, -1,1,3,1,-1,17,8,2021,19:10,1,78,78551,2,5,0,3,FOURQUEUX (DE),48.89239,2.08243,19,2,2
202100046460,118Â 738,B01,1,1,1,0,2,-1,-1,0,0,-1,2021,35.0,2,1,0,2,1,2,1,,2,1,0,,2,2,0,1,12,0,1,, -1,1,0,1,80,13,2,2021,11:10,1,973,97305,1,1,0,2,PK 12 RN.1,4.919136,-52.381901,11,2,2
202100031425,145Â 572,B01,1,1,2,9,8,0,-1,0,0,-1,2021,28.0,3,1,0,2,8,1,5,,4,AVENUE DU TREMBLAY,0,,2,6,2,1,(1),(1),1,, -1,1,0,5,50,1,7,2021,08:45,1,75,75112,2,4,0,3,AVENUE DU TREMBLAY,48.842043,2.449136,8,2,2
202100017682,170Â 016,B01,1,1,2,1,2,0,-1,0,0,-1,2021,47.0,1,0,0,2,8,1,3,,4,QUAI DES CELESTINS,0,,2,4,1,1,(1),(1),1,, -1,1,0,5,30,21,9,2021,13:00,1,75,75104,2,1,0,3,QUAI DES CELESTINS,48.852162643,2.3608944705,13,2,2
202100002889,196Â 607,A01,1,1,1,5,2,0,-1,-1,0,-1,2021,18.0,1,1,0,0,1,26,1,,3,GENERAL LECLERC (RUE DU),0,,1,1,0,1,0,0,1,, -1,1,0,1,30,14,12,2021,13:20,1,95,95288,2,1,0,7,GENERAL LECLERC (RUE DU),48.9852895737,2.35487625,13,1,1
202100051872,108Â 981,B01,1,1,1,1,2,8,-1,-1, -1,-1,2021,41.0,1,1,0,2,1,1,1,,2,RN2 (2),0,,2,2,0,1,(1),(1),1,, -1,1,0,1,80,10,2,2021,15:55,1,974,97416,1,1,0,3,RN2 (2),-21.35,55.50441,15,2,2
202100023699,159Â 256,B01,1,1,2,1,8,0,-1,-1, -1,-1,2021,56.0,2,0,0,2,7,1,3,,7,DOUMER PAUL RUE DU PRESIDENT,0,,2,2,0,1,(1),(1),1,, -1,2,5,1,50,17,8,2021,17:40,1,59,59009,2,6,1,3,DOUMER PAUL RUE DU PRESIDENT,50.6059,3.14725,17,2,2