Num_Acc,id_vehicule,num_veh,place,catu,sexe,trajet,secu1,secu2,secu3,locp,actp,etatp,year_acc,victim_age,senc,catv,obs,obsm,choc,manv,motor,occutc,catr,voie,v1,v2,circ,nbv,vosp,prof,pr,pr1,plan,lartpc,larrout,surf,infra,situ,vma,jour,mois,an,hrmn,lum,dep,com,agg_,int,atm,col,adr,lat,long,hour,nb_victim,nb_vehicules
202100030957,146Â 417,B01,2,2,1,5,1,0,-1,-1, -1,-1,2021,75.0,1,2,0,2,4,1,1,,1,AUTOROUTE A6B,0,,1,4,0,1,3,107,1,, -1,2,3,1,90,4,7,2021,09:26,1,94,94038,1,1,1,2,AUTOROUTE A6B,48.77194,2.34519,9,3,2
202100041748,126Â 986,A01,1,1,1,0,2,6,-1,-1, -1,-1,2021,49.0,2,1,3,0,3,1,1,,1,AUTOROUTE A10,0,,3,2,0,2,0,949,2,, -1,2,0,3,90,2,5,2021,13:40,1,91,91689,1,1,0,6,AUTOROUTE A10,48.73599,2.31764,13,1,1
202100022928,160Â 640,B01,1,1,1,9,2,0,-1,0,0,-1,2021,20.0,2,1,0,2,1,1,5,,4,RUE SAINT ANTOINE,0,,2,5,1,1,(1),(1),2,, -1,1,0,5,30,22,8,2021,18:50,1,75,75104,2,3,0,3,RUE SAINT ANTOINE,48.854758,2.362418,18,2,2
202100045693,120Â 067,B01,1,1,2,5,0,-1,-1,0,0,-1,2021,13.0,1,1,0,2,1,25,5,,3,201,0,,2,2,0,1,43,0,1,, -1,1,0,8,50,1,4,2021,15:30,1,68,68118,2,3,0,3,1 Rue des Noyers,47.739274,7.416527,15,2,2
202100002185,197Â 885,A01,10,3,1,3,0,-1,-1,3,3,1,2021,45.0,1,1,0,1,1,1,1,,3,419,0,D,2,2,0,1,9,250,1,, -1,1,0,1,50,20,12,2021,17:40,5,68,68068,2,1,0,6,10 Rue de BÃ¢le,47.629885,7.120057,17,2,1
202100039997,130Â 100,A01,1,1,1,5,8,-1,-1,0,0,-1,2021,49.0,2,2,13,0,2,1,1,,3,154,-1,,2,2,0,1,10,100,2,, -1,1,0,3,90,13,5,2021,23:30,3,3,3216,1,1,0,7,D154,46.20846,2.704557,23,1,1
202100050693,111Â 077,A01,1,1,1,5,2,6,-1,0,0,-1,2021,58.0,1,1,0,2,1,2,1,,3,940,0,,2,2,0,2,22,700,1,, -1,1,0,1,50,21,2,2021,15:40,1,18,18273,2,1,0,2,route de Chateauneuf,46.856303,2.305702,15,2,2
202100033378,142Â 105,B01,1,1,1,4,2,0,-1,-1, -1,-1,2021,24.0,1,1,0,2,8,1,5,,4,MASSENA                             (R ),0,,1,1,0,1,(1),(1),1,, -1,1,0,1,50,19,6,2021,12:45,1,69,69386,2,2,0,3,MASSENA (R),45.76817,4.85443,12,2,2
202100022368,161Â 666,A01,1,1,1,0,1,-1,-1,0,0,-1,2021,53.0,2,2,0,2,3,13,1,,3,CCD1,-1,,2,2,0,1,(1),(1),1,, -1,1,0,1,50,28,8,2021,14:30,1,976,97617,1,1,0,1,CCD1,-12.786836,45.111188,14,4,2
202100032230,144Â 149,A01,3,2,1,0,1,0,-1,-1, -1,-1,2021,13.0,1,2,0,0,9,16,1,,1,AUTOROUTE A103,0,,3,7,0,2,0,935,3,, -1,2,0,1,50,26,6,2021,00:05,3,93,93053,1,9,1,6,AUTOROUTE A103,48.88735,2.47498,0,3,1
202100019725,166Â 383,B01,1,1,1,2,2,0,-1,0,0,-1,2021,13.0,2,1,0,2,1,1,5,,4,RUE DARMESTETER,0,,2,2,1,1,(1),(1),1,, -1,2,0,5,30,10,9,2021,17:45,1,75,75113,2,3,1,3,RUE DARMESTETER,48.823387,2.375028,17,3,2
202100034013,140Â 962,A01,10,3,2,1,0,-1,-1,2,3,1,2021,57.0,2,1,0,1,1,1,5,,4,SERBIE (DE)                         (QU),0,,1,1,1,2,(1),(1),2,, -1,1,0,5,50,16,6,2021,13:05,1,69,69386,2,1,0,6,SERBIE (DE) (Q),45.7718699086,4.8408164423,13,2,1
202100030883,146Â 558,A01,2,2,2,5,1,-1,-1,0,0,-1,2021,60.0,1,2,0,2,4,1,1,,3,560,0,,2,2,0,1,12,494,1,, -1,1,0,1,70,3,7,2021,17:45,1,83,83087,1,1,0,2,Route Departementale 560,43.405765,5.818999,17,3,2
202100028512,150Â 750,A01,1,1,1,1,2,6,-1,-1, -1,-1,2021,49.0,1,1,0,2,3,21,1,,3,906,0,,2,2,0,2,0,0,1,, -1,1,0,1,50,17,7,2021,08:22,1,92,92020,2,1,0,7,PARIS AVENUE DE NÂ° IMPAIRS,48.80747,2.2944,8,2,2
202100053223,106Â 601,A01,1,1,1,5,1,0,-1,0,0,-1,2021,41.0,1,2,0,2,1,12,1,,3,CD 405,0,,-1,-1,0,1,1,0,1,, -1,1,0,1,50,29,1,2021,11:25,1,14,14118,2,6,0,3,Boulevard Yves Guillou,49.17178,-0.38468,11,2,2
202100000168,201Â 443,B01,1,1,1,0,1,0,-1,-1, -1,-1,2021,23.0,3,2,0,2,4,23,1,,4,CALAMEAU CHEMIN DE,0,,2,2,0,1,1,0,1,, -1,1,0,1,50,30,6,2021,13:55,1,13,13063,2,1,0,2,CALAMEAU CHEMIN DE,43.5842407498,4.9924215595,13,2,2
202100020374,165Â 220,A01,1,1,1,1,2,-1,-1,0,0,-1,2021,16.0,1,1,0,2,1,1,1,,3,16,-1,,2,2,0,1,2,740,1,, -1,1,0,1,30,6,9,2021,07:45,1,41,41200,2,1,0,6,2 Route d Herbault,47.754918,1.077194,7,3,3
202100012690,179Â 033,A01,10,3,1,5,0,-1,-1,4,3,1,2021,54.0,1,2,0,1,3,15,2,,4,VAILLANT (RUE EDOUARD) 1 A 25,0,,1,2,0,1,0,0,1,, -1,1,0,1,50,17,10,2021,08:33,2,93,93010,2,3,0,6,VAILLANT (RUE EDOUARD) 1 A 25,48.89522,2.48711,8,2,1
202100021877,162Â 527,B01,1,1,1,9,2,6,-1,0,0,-1,2021,54.0,3,1,0,2,1,1,1,,2,2001,-1,,2,2,0,1,(1),(1),1,, -1,1,0,1,50,30,8,2021,15:50,1,974,97415,2,3,0,3,Rue du GÃ©nÃ©ral de Gaulle,-21.05217,55.227995,15,2,2
202100012506,179Â 355,A01,10,3,2,0,0,-1,-1,2,3,1,2021,27.0,1,1,0,1,1,1,1,,3,992,0,,1,4,0,2,0,0,1,, -1,1,0,1,50,18,10,2021,07:10,5,92,92025,2,1,0,6,CHARLES DE GAULLE (BD),48.914384,2.229367,7,2,1
202100017408,170Â 512,B01,1,1,1,5,2,6,-1,-1, -1,-1,2021,64.0,0,1,1,9,1,0,1,,4,THOMAS BLANCHET                     (R ),0,,2,2,0,1,(1),(1),1,, -1,1,0,1,50,22,9,2021,10:15,1,69,69388,2,1,0,7,THOMAS BLANCHET                     (R ),45.7369885716,4.8830980312,10,1,1
202100045544,120Â 332,A01,1,1,1,1,2,6,-1,-1, -1,-1,2021,47.0,1,1,11,0,1,3,1,,7,STRASBOURG (DE)                     (RO),0,,2,3,0,2,2,200,1,, -1,1,0,1,50,1,4,2021,16:10,1,69,69034,2,3,0,6,STRASBOURG (DE) (RTE),45.7997253517,4.8768031597,16,1,1
202100038143,133Â 470,A01,10,3,2,5,0,-1,-1,3,3,1,2021,3.0,1,2,0,1,1,1,1,,4,MASSOUBRE (RUE ERNEST),0,,2,2,0,1,0,0,1,, -1,1,9,1,30,26,5,2021,17:25,2,988,98818,2,2,0,6,RUE ESNEST MASSOUBRE/RUE FRANCOIS ECORCHON,-22.28573,166.44517,17,2,1
202100040423,129Â 358,A01,1,1,2,5,2,6,-1,0,0,-1,2021,42.0,1,1,0,0,7,1,1,,3,618,-1,,2,2,0,2,11,275,3,, -1,1,0,1,80,8,5,2021,12:20,1,65,65141,1,1,0,7,RD 618,42.824818,0.41475,12,1,1
202100033732,141Â 470,B01,1,1,1,5,2,-1,-1,0,0,-1,2021,20.0,1,1,0,0,0,13,1,,2,1,-1,,2,2,0,1,54,300,1,, -1,1,0,1,60,17,6,2021,18:20,5,987,98752,1,1,0,7,PK 54 RT 1,-17.722055,-149.404653,18,2,2
202100038984,131Â 958,A01,1,1,1,1,2,6,-1,-1, -1,-1,2021,22.0,2,1,0,2,1,1,1,,3,VICTOR-HUGO (BD),0,,2,2,0,1,0,0,1,, -1,1,0,1,50,21,5,2021,08:00,1,93,93070,2,1,0,1,VICTOR-HUGO (BD),48.90425,2.32175,8,2,2
202100038822,132Â 228,A01,1,1,2,5,1,-1,-1,0,0,-1,2021,20.0,2,2,3,0,8,1,1,,2,122,-1,,2,3,0,1,84,700,2,, -1,2,0,1,80,22,5,2021,15:15,1,15,15192,1,1,1,6,RN122 - Les chazes,45.069884,2.718998,15,1,1
202100042976,124Â 853,B01,1,1,1,1,2,-1,-1,0,0,-1,2021,45.0,1,1,0,2,1,1,5,,7,17,-1,D,2,2,0,1,64,520,1,, -1,1,0,1,80,24,4,2021,07:45,1,13,13032,1,1,0,4,Route de Pelissanne,43.577904,5.336545,7,3,3
202100013290,177Â 984,B01,1,1,1,1,2,8,-1,-1, -1,-1,2021,64.0,1,1,0,2,1,17,1,,7,CAPELETTE (AVENUE DE LA),0,,2,2,0,1,0,0,1,, -1,1,0,1,50,14,10,2021,18:05,1,13,13210,2,3,0,3,CAPELETTE (AVENUE DE LA),43.28328,5.40146,18,3,2
202100024153,158Â 486,B01,1,1,1,3,1,0,-1,-1, -1,-1,2021,65.0,1,2,0,2,3,15,1,,4,ROGER SALENGRO (R),0,,2,2,0,2,0,0,2,, -1,1,0,1,30,14,8,2021,18:40,1,94,94033,2,3,0,3,ROGER SALENGRO (R),48.8483990616,2.4876254797,18,2,2
202100050239,111Â 913,B01,1,1,1,4,2,6,-1,-1, -1,-1,2021,28.0,0,1,0,2,1,1,1,,3,129,0,,2,2,0,2,0,0,1,, -1,1,0,1,50,25,2,2021,08:10,1,92,92020,2,9,0,3,ESTIENNE D'ORVES RUE D',48.7991729134,2.2867501708,8,2,2
202100024916,157Â 123,A01,10,3,1,0,0,-1,-1,4,3,1,2021,40.0,2,2,0,1,1,1,1,,3,986,0,,2,2,0,1,0,0,1,, -1,1,0,1,50,6,8,2021,19:30,1,92,92036,2,3,0,6,THOMAS EDISON (RUE),48.9337766433,2.3133891972,19,2,1
202100055691,102Â 314,B01,1,1,1,0,1,0,-1,-1, -1,-1,2021,45.0,-1,2,0,2,6,1,1,,3,STRATEGIQUE ROUTE,0,,2,2,0,1,1,1,1,, -1,7,0,1,50,9,1,2021,12:40,1,93,93015,2,1,0,3,STRATEGIQUE ROUTE,48.9225901774,2.560713612,12,2,2
202100053394,106Â 284,A01,1,1,2,9,1,-1,-1,0,0,-1,2021,72.0,3,2,0,2,1,9,1,,3,405,0,,2,3,0,1,5,48,1,, -1,2,5,1,90,29,1,2021,11:30,1,77,77367,1,2,1,3,D405,49.047179,2.997036,11,2,2
202100034796,139Â 515,A01,10,3,1,0,8,8,-1,5,9,1,2021,54.0,1,5,0,2,3,15,1,,3,DOCTEUR BAUER(RUE DU) :NÂ°  75 AU 129,0,,2,2,0,1,0,0,1,, -1,1,0,1,50,12,6,2021,17:45,1,93,93070,2,1,0,2,DOCTEUR BAUER(RUE DU) :NÂ°  75 AU 129,48.9074,2.34132,17,2,1
202100016691,171Â 794,A01,1,1,1,5,8,-1,-1,0,0,-1,2021,41.0,1,2,0,0,9,9,1,,3,14,-1,,2,2,0,1,0,200,2,, -1,1,0,1,80,25,9,2021,19:15,1,43,43074,1,3,0,7,intersection RN 2102 ET RD14,45.337381,3.362975,19,1,1
202100045925,119Â 665,B01,1,1,1,0,1,0,-1,-1, -1,-1,2021,23.0,1,2,0,2,3,1,1,,4,BATAILLE (RUE DE LA),0,,1,1,0,1,0,0,1,, -1,1,0,1,50,30,3,2021,13:40,1,72,72181,2,2,0,3,BATAILLE (RUE DE LA),47.99075,0.20765,13,2,2
202100010982,182Â 096,A01,1,1,1,1,2,-1,-1,0,0,-1,2021,52.0,1,1,0,2,1,17,1,,3,357,-1,,2,2,0,1,36,295,1,, -1,1,0,1,80,27,10,2021,07:55,2,72,72054,1,1,0,3,Les Parcs,48.005946,0.357785,7,2,2
202100000657,200Â 538,A01,10,3,2,5,0,-1,-1,3,3,1,2021,74.0,1,2,0,1,2,0,1,,3,SOUPIRS (ALLEE DES),0,,2,2,0,1,47,380,1,, -1,1,9,6,30,31,12,2021,11:15,1,46,46042,2,1,0,-1,SOUPIRS (ALLEE DES),44.44306,1.4337,11,2,1
202100022556,161Â 310,A01,1,1,1,0,0,-1,-1,0,0,-1,2021,19.0,3,1,0,0,0,0,5,,3,,-1,,2,2,1,1,36,100,1,,4,1,0,5,50,27,8,2021,07:00,2,7,7324,2,1,0,7,28 Avenue Marechal Foch,45.071276,4.8254093,7,1,1
202100023900,158Â 914,B01,1,1,1,0,2,0,-1,-1, -1,-1,2021,50.0,2,1,0,2,7,16,1,,4,TROIS FRERES CARASSO (RUE),0,,1,1,0,1,0,0,1,, -1,1,0,1,50,15,8,2021,10:50,1,13,13204,2,3,0,3,TROIS FRERES CARASSO (RUE),43.3043196653,5.399898069,10,2,2
202100029878,148Â 387,A01,10,3,2,3,0,-1,-1,2,3,1,2021,82.0,1,2,0,1,4,4,1,,3,,-1,,1,1,0,1,(1),(1),1,,4,1,0,1,50,7,7,2021,15:50,1,35,35179,2,3,0,6,Place des 4 Freres de Villele,48.514211,-1.89981,15,2,1
202100004965,192Â 914,A01,10,3,1,2,0,-1,-1,4,3,1,2021,13.0,1,2,0,1,7,1,1,,3,91,-1,,2,2,0,1,4,180,1,, -1,1,0,1,50,3,12,2021,13:45,1,39,39365,2,2,0,6,2 Rue Paul Koepfler,46.981409,5.603371,13,2,1
202100053431,106Â 209,B01,1,1,2,1,1,0,-1,-1, -1,-1,2021,50.0,3,1,0,2,4,1,2,,4,PL CHARLES STEBER,0,,1,2,0,1,0,0,1,, -1,2,0,1,50,27,1,2021,08:00,2,91,91345,2,1,1,2,PL CHARLES STEBER,48.69816,2.29438,8,2,2
202100044518,122Â 135,A01,10,3,2,3,0,-1,-1,2,3,1,2021,86.0,3,2,0,1,4,4,1,,4,,-1,,1,1,0,1,(1),(1),1,, -1,2,0,1,30,10,4,2021,16:00,1,91,91338,2,7,1,6,Place du General de Gaulle,48.645812,2.0764,16,3,1
202100044330,122Â 428,A01,1,1,2,9,8,-1,-1,0,0,-1,2021,43.0,2,2,13,0,1,14,1,,3,920,-1,,2,2,0,2,51,170,2,, -1,1,0,3,80,12,4,2021,19:30,2,18,18062,1,1,0,6,L'Etang Perron,46.984296,2.996285,19,1,1
202100044785,121Â 660,A01,10,3,1,5,0,-1,-1,1,B,1,2021,85.0,2,4,0,1,1,9,1,,2,VOIE RAPIDE SUD 3 (RN 338),0,,3,3,0,1,1,0,1,, -1,2,0,1,110,2,2,2021,23:50,3,76,76497,2,1,0,6,VOIE RAPIDE SUD 3 (RN 338),49.3890113723,1.0447857595,23,2,1
202100014764,175Â 323,A01,10,3,1,0,0,-1,-1,2,3,1,2021,37.0,1,2,0,1,1,16,1,,4,FEUILLAT                            (R ),0,,2,3,2,1,(1),(1),1,, -1,1,0,1,50,6,10,2021,23:45,5,69,69383,2,2,0,6,FEUILLAT (R),45.74979,4.87573,23,2,1
202100050573,111Â 288,A01,2,2,2,9,2,8,-1,-1, -1,-1,2021,23.0,1,1,0,2,1,1,1,,4,MARNE (AVENUE DE LA),0,,2,3,0,1,0,0,1,, -1,2,5,1,50,22,2,2021,07:40,2,64,64122,2,2,1,3,MARNE (AVENUE DE LA),43.4824,-1.54448,7,3,2
202100011609,180Â 974,B01,1,1,2,1,1,-1,-1,-1, -1,-1,2021,22.0,3,2,0,2,7,1,1,,6,LAGRUA (RUE),0,,-1,-1,0,1,(1),(1),1,, -1,1,0,1,30,22,10,2021,15:00,1,33,33529,2,1,0,3,Centre Commercial Cap OcÃ©an,44.635835,-1.153801,15,2,2
202100026498,154Â 335,A01,10,3,2,3,0,-1,-1,5,1,1,2021,70.0,2,1,0,1,2,25,3,,4,BOULEVARD BRUNE,0,,2,2,0,1,(1),(1),1,, -1,1,6,4,50,28,7,2021,16:35,1,75,75114,2,3,0,6,BOULEVARD BRUNE,48.826986,2.308865,16,2,1
202100029970,148Â 227,B01,1,1,1,0,2,0,-1,0,0,-1,2021,42.0,1,1,0,2,7,1,5,,7,ORADOU (RUE DE L'),0,,2,3,0,1,(1),(1),1,, -1,1,0,1,50,7,7,2021,23:08,5,63,63113,2,1,0,2,ORADOU (RUE DE L'),45.7648941468,3.1238318793,23,2,2
202100031947,144Â 638,A01,2,2,1,5,1,0,-1,-1, -1,-1,2021,23.0,1,2,0,2,4,2,1,,1,A86 INT,0,,3,7,0,1,41,299,1,, -1,1,0,1,90,28,6,2021,18:15,1,94,94028,1,1,0,2,A86 INT,48.77633,2.43091,18,3,2
202100044827,121Â 590,A01,1,1,2,0,2,0,-1,-1, -1,-1,2021,36.0,3,1,0,2,1,9,1,,4,AV DE GRANDE BRETAGNE,0,,2,1,3,1,(1),(1),1,, -1,1,5,1,50,7,4,2021,17:15,1,31,31555,2,1,0,3,AV DE GRANDE BRETAGNE,43.602735,1.408911,17,2,2
202100016925,171Â 367,A01,1,1,2,5,1,0,-1,-1, -1,-1,2021,18.0,1,2,4,0,8,1,1,,4,ALOUETTE (AVENUE),0,,3,4,0,1,(1),(1),3,, -1,1,0,1,50,24,9,2021,20:10,5,37,37261,2,1,0,3,ALOUETTE (AVENUE),47.3625889831,0.6958617831,20,4,1
202100040231,129Â 686,A01,1,1,1,0,1,7,-1,0, -1,-1,2021,29.0,1,2,15,0,1,16,1,,3,MOZART (ALLEE),0,,1,1,0,2,0,1,3,, -1,1,5,1,50,12,5,2021,01:50,5,93,93071,2,5,0,6,AllÃ©e Mozart / Avenue Robert Ballanger,48.9370593892,2.5312918425,1,1,1
202100042965,124Â 873,A01,1,1,1,1,2,6,9,0,0,-1,2021,28.0,1,1,0,2,1,13,1,,3,2,-1,,2,2,0,1,1,160,2,, -1,1,0,1,80,23,4,2021,17:45,1,31,31232,1,1,0,1,Route de Verdun,43.782323,1.284252,17,3,2
202100025694,155Â 759,A01,1,1,2,0,1,0,-1,-1, -1,-1,2021,54.0,2,2,13,0,1,1,1,,1,A7-Sens Marseille vers Lyon,0,,-1,1,0,2,270,0,1,, -1,2,0,1,90,4,8,2021,13:30,1,13,13071,1,1,1,7,A7-Sens Marseille vers Lyon,43.40709,5.33363,13,1,1
202100052868,107Â 214,B01,1,1,1,2,0,-1,-1,-1, -1,-1,2021,19.0,1,1,0,2,1,1,5,,3,EMILE ZOLA (AVENUE),0,,2,2,0,1,2,1,1,,"6,7",2,0,1,50,1,2,2021,07:50,2,79,79329,2,3,1,3,134 Avenue Emile Zola,46.99379,-0.20816,7,2,2
202100037573,134Â 501,B01,4,2,1,5,1,0,-1,-1, -1,-1,2021,3.0,0,2,0,2,6,1,1,,4,CPAM (RUE LAZARE CARNOT),0,,1,2,0,1,(1),(1),1,, -1,1,0,1,50,29,5,2021,21:15,1,76,76575,2,2,0,3,CPAM (RUE LAZARE CARNOT),49.38103,1.10745,21,5,2
202100012641,179Â 117,B01,1,1,1,0,2,-1,-1,-1, -1,-1,2021,20.0,2,1,0,2,2,0,1,,4,LEON BLUM      (Rue),0,,2,2,3,1,(1),(1),1,, -1,1,0,1,50,15,10,2021,20:30,5,69,69266,2,5,0,3,LEON BLUM (R),45.7602858286,4.9010280038,20,2,2
202100020708,164Â 615,A01,10,3,2,5,8,8,-1,3,3,1,2021,70.0,3,0,0,1,2,26,1,,4,AV DE JEREZ,0,,2,0,0,1,0,0,1,, -1,1,0,1,50,3,9,2021,09:00,1,13,13004,2,1,0,1,AV DE JEREZ,43.6658150622,4.6345687635,9,2,1
202100039087,131Â 765,A01,1,1,2,5,1,0,-1,-1, -1,-1,2021,72.0,1,2,0,2,1,1,1,,4,LANGUEDOC (AVENUE DU CD 88),0,,2,2,0,1,0,0,1,, -1,1,0,1,50,20,5,2021,15:00,1,66,66136,2,1,0,2,LANGUEDOC (AVENUE DU CD 88),42.72607,2.88755,15,2,2
202100015874,173Â 304,A01,2,2,1,0,1,0,-1,-1, -1,-1,2021,24.0,1,2,0,2,4,23,1,,2,PATRICK SAINT ELOI ( AVENUE ),0,,3,3,0,1,(1),(1),1,, -1,1,0,1,50,30,9,2021,17:13,1,971,97101,2,9,0,2,PATRICK SAINT ELOI ( AVENUE ),16.25427,-61.523,17,3,2
202100021750,162Â 754,A01,10,3,2,5,0,-1,-1,2,3,1,2021,81.0,2,2,0,1,1,1,1,,2,JEAN JAURES ( AVENUE ),0,,2,2,0,1,38,630,1,, -1,1,0,1,50,27,8,2021,10:05,1,5,5061,2,1,0,6,JEAN JAURES ( AVENUE ),44.55258,6.07188,10,2,1
202100026530,154Â 274,A01,1,1,1,0,1,-1,-1,0,0,-1,2021,29.0,1,2,0,0,1,26,1,,7,36,0,D,1,2,0,1,4,100,1,, -1,1,2,1,50,30,7,2021,09:07,1,69,69260,2,1,0,1,VERNAISON (DE) (PT),45.645923,4.816035,9,3,2
202100017505,170Â 334,A01,1,1,1,9,2,6,-1,0,0,-1,2021,26.0,1,1,0,2,1,1,1,,4,AVENUE GABRIEL,0,,3,1,0,1,(1),(1),1,, -1,1,0,1,30,22,9,2021,10:00,1,75,75108,2,3,0,3,AVENUE GABRIEL,48.869043,2.314753,10,2,2
202100005005,192Â 840,A01,1,1,2,0,1,4,-1,-1, -1,-1,2021,69.0,2,2,0,2,3,13,1,,2,RN 104,0,,1,2,0,1,44,902,1,, -1,2,0,2,110,3,12,2021,14:30,1,91,91549,1,1,0,4,RN 104,48.6266,2.34889,14,3,3
202100043040,124Â 740,A01,1,1,1,1,2,0,-1,-1, -1,-1,2021,39.0,1,1,0,0,7,1,1,,4,JOFFRES,0,,2,2,0,1,(1),(1),3,, -1,1,0,1,30,22,4,2021,18:20,1,17,17300,2,1,0,7,JOFFRES,46.15547,-1.1433,18,1,1
202100027643,152Â 306,A01,1,1,1,5,2,6,-1,0,0,-1,2021,23.0,1,1,0,2,8,13,1,,3,D211,-1,,2,2,0,1,43,290,1,, -1,1,0,1,80,17,7,2021,18:30,1,33,33122,1,1,0,1,,44.71158,-0.725741,18,3,2
202100000217,201Â 350,A01,1,1,2,5,2,-1,-1,-1, -1,-1,2021,51.0,3,1,16,0,1,1,5,,4,,-1,,2,-1,-1,2,(1),(1),2,, -1,9,0,1,90,14,7,2021,19:30,1,61,61159,1,1,0,7,,48.653846,0.410435,19,1,1
202100050976,110Â 565,A01,1,1,1,5,2,6,9,0,0,-1,2021,14.0,3,1,2,0,1,1,1,,4,,-1,,2,2,0,1,(1),(1),1,, -1,1,0,3,90,20,2,2021,14:10,1,15,15165,1,1,1,6,chemin communal,45.010372,2.157054,14,1,1
202100014289,176Â 159,A01,1,1,1,5,2,6,-1,0,0,-1,2021,62.0,1,1,0,0,8,23,1,,3,D34,-1,,2,2,0,1,16,167,1,, -1,1,0,1,50,10,10,2021,17:50,1,64,64324,2,3,0,7,7 Rue de la RÃ©publique,43.2211441209,-0.4779779333,17,1,1
202100039323,131Â 311,A01,1,1,1,5,2,0,-1,-1, -1,-1,2021,17.0,2,1,0,2,1,17,1,,3,AV DU GENERAL DE GAULLE ,0,,2,2,0,1,1,0,1,, -1,2,0,1,50,19,5,2021,19:25,1,94,94067,2,3,0,3,Avenue du GÃ©nÃ©ral de Gaulle,48.840156,2.417582,19,2,2
202100051978,108Â 795,A01,1,1,1,5,1,0,-1,-1,0,-1,2021,27.0,2,2,0,2,1,1,1,,1,AUTOROUTE A15,0,,3,9,0,1,21,0,1,, -1,1,0,1,90,9,2,2021,15:15,1,95,95572,1,1,0,2, A15,49.0310371904,2.1215077035,15,2,2
202100043475,123Â 949,B01,1,1,2,1,1,0,-1,-1, -1,-1,2021,30.0,3,2,0,2,3,0,1,,4,PASSERELLE,0,,-1,2,0,1,0,0,1,, -1,1,0,4,50,19,4,2021,08:30,1,93,93051,2,2,0,3,PASSERELLE,48.8470823263,2.5263780355,8,2,2
202100014392,175Â 985,A01,10,3,1,9,0,-1,-1,8,9,1,2021,94.0,0,2,0,1,4,4,1,,7,TRAVERSE DE LA FERIGOULO,0,,1,1,0,1,0,0,1,, -1,1,9,3,50,8,10,2021,10:50,1,13,13019,2,1,0,2,TRAVERSE DE LA FERIGOULO,43.46071,5.35399,10,2,1
202100035956,137Â 413,B01,1,1,1,1,0,-1,-1,0,0,-1,2021,57.0,1,1,0,2,1,1,3,,3,POMPADOUR(CARREFOUR),0,,3,2,0,1,1,0,1,, -1,1,0,1,50,7,6,2021,07:20,1,94,94028,2,9,0,1,Carrefour Pompadour,48.774345,2.439805,7,2,2
202100034949,139Â 234,A01,2,2,2,0,2,8,-1,-1, -1,-1,2021,63.0,1,1,0,2,1,21,1,,7,DE GAULLE (PROMENADE CHARLES),0,,1,2,0,1,18,120,1,, -1,1,0,1,50,5,6,2021,17:30,1,83,83129,2,1,0,2,DE GAULLE (PROMENADE CHARLES),43.111688,5.811964,17,3,2
202100023732,159Â 198,A01,2,2,2,0,2,8,-1,-1, -1,-1,2021,23.0,3,1,0,0,8,15,1,,3,,0,,2,2,0,1,1,200,2,, -1,1,0,1,80,17,8,2021,20:00,1,7,7231,1,1,0,7,,44.5908,4.39379,20,2,1
202100047812,116Â 291,B01,1,1,1,5,2,6,-1,-1, -1,-1,2021,34.0,2,1,0,2,1,1,1,,4,ROMAIN ROLLAND (BOULEVARD),0,,1,1,0,1,(1),(1),1,, -1,1,0,1,30,15,3,2021,15:00,1,13,13210,2,1,0,1,ROMAIN ROLLAND (BOULEVARD),43.274758,5.415506,15,2,2
202100007108,189Â 062,A01,10,3,1,9,0,-1,-1,9,3,1,2021,49.0,2,2,0,1,6,1,3,,1,AUTOROUTE A 63,0,,3,4,0,1,7,469,1,, -1,1,0,1,130,20,11,2021,19:00,3,33,33122,1,1,0,6,AUTOROUTE A 63,44.746393,-0.701343,19,6,3
202100038200,133Â 364,B01,1,1,2,5,1,8,-1,-1, -1,-1,2021,55.0,2,2,0,2,2,1,1,,4,JULES GUESDE (RUE),0,,-1,3,0,1,(1),(1),1,, -1,1,0,1,50,26,5,2021,13:52,1,10,10387,2,2,0,3,JULES GUESDE (RUE),48.294,4.0818,13,2,2
202100008545,186Â 463,A01,1,1,1,5,1,-1,-1,0,0,-1,2021,70.0,1,2,0,2,2,13,1,,3,4100,-1,,2,2,0,2,13,720,3,, -1,2,0,1,80,10,11,2021,11:37,1,4,4192,1,1,1,1,RD 4100,43.879877,5.703095,11,3,2
202100030551,147Â 149,A01,1,1,2,0,1,0,-1,0,0,-1,2021,26.0,2,2,0,2,8,26,1,,7,FLAUBERT (BD GUSTAVE),0,,2,4,0,1,(1),(1),1,, -1,1,5,1,50,4,7,2021,03:00,5,63,63113,2,2,0,3,FLAUBERT (BD GUSTAVE),45.76423,3.12549,3,2,2
202100035565,138Â 143,A01,1,1,1,4,2,6,-1,-1, -1,-1,2021,24.0,1,1,0,2,4,2,1,,3,CROISAT AMBROISE RD 29 BIS,0,,2,3,0,1,0,1,1,, -1,1,0,1,50,7,6,2021,18:30,1,93,93066,2,1,0,2,Rue Ambroise Croizat,48.9269,2.35555,18,3,2
202100015431,174Â 124,B01,1,1,1,1,0,-1,-1,0,0,-1,2021,56.0,2,1,0,2,7,1,5,,3,,0,,2,2,0,1,0,300,1,,5,1,0,1,50,4,10,2021,12:05,1,60,60450,2,3,0,1,Route de Crouy,49.223925,2.290885,12,2,2