Num_Acc,id_vehicule,num_veh,place,catu,sexe,trajet,secu1,secu2,secu3,locp,actp,etatp,year_acc,victim_age,senc,catv,obs,obsm,choc,manv,motor,occutc,catr,voie,v1,v2,circ,nbv,vosp,prof,pr,pr1,plan,lartpc,larrout,surf,infra,situ,vma,jour,mois,an,hrmn,lum,dep,com,agg_,int,atm,col,adr,lat,long,hour,nb_victim,nb_vehicules
202100026715,153Â 962,A01,2,2,2,5,2,6,9,0,0,-1,2021,40.0,2,1,13,0,8,1,1,,3,117,-1,,2,2,0,2,24,100,2,, -1,1,0,1,80,29,7,2021,17:20,1,11,11304,1,1,0,7,D117,42.879392,2.169698,17,2,1
202100030592,147Â 070,B01,2,2,1,5,2,0,-1,0,0,-1,2021,16.0,1,1,0,2,1,17,1,,2,MARECHAL FOCH ( AVENUE DU ),0,,2,3,0,1,70,617,1,, -1,1,0,1,50,3,7,2021,10:40,1,5,5061,2,1,0,3,MARECHAL FOCH ( AVENUE DU ),44.56398,6.08875,10,3,2
202100028144,151Â 397,A01,1,1,1,1,2,0,-1,0,0,-1,2021,23.0,2,1,0,2,1,21,1,,2,RN 814,0,,3,2,0,1,1,0,1,, -1,1,0,1,90,19,7,2021,08:55,1,14,14101,2,1,0,3,N814,49.184961,-0.425146,8,2,2
202100018488,168Â 585,A01,1,1,2,9,1,-1,-1,0,0,-1,2021,72.0,1,2,2,0,3,1,1,,3,952,-1,,2,2,0,1,16,600,1,, -1,1,0,3,80,17,9,2021,17:15,1,37,37171,1,1,0,6,Rue du Gros Ormeau,47.404231,0.887522,17,1,1
202100028998,149Â 896,A01,10,3,2,5,0,-1,-1,1,3,1,2021,76.0,1,2,0,1,2,0,0,,3,ROBESPIERRE (RUE),0,,1,1,0,1,82,0,1,, -1,1,0,6,10,14,7,2021,00:00,3,93,93006,2,1,1,6,Rue Robespierre,48.857781,2.421668,0,3,1
202100005344,192Â 235,B01,1,1,2,1,2,6,-1,0,0,-1,2021,23.0,1,1,0,2,7,1,1,,3,FERNAND MOUREAUX (BOULEVARD),0,,1,2,0,1,499,0,1,, -1,2,0,1,50,1,12,2021,17:00,2,14,14715,2,1,1,3,FERNAND MOUREAUX (BOULEVARD),49.36252,0.08579,17,2,2
202100006487,190Â 205,B01,1,1,1,1,2,0,-1,-1, -1,-1,2021,38.0,0,1,0,2,1,2,1,,3,908,0,,1,1,0,1,0,0,1,, -1,1,2,1,50,24,11,2021,14:15,1,92,92026,2,1,0,2,COURBEVOIE (PONT DE),48.89646,2.26456,14,2,2
202100014697,175Â 444,A01,1,1,1,5,2,6,-1,0,0,-1,2021,18.0,3,1,16,0,1,21,1,,4,,-1,,2,2,0,2,(1),(1),3,,4,1,0,3,50,8,10,2021,18:20,2,60,60516,2,4,0,7,Rue Michelet,49.4006896289,1.7953065633,18,2,2
202100032680,143Â 353,A01,2,2,2,0,2,0,-1,-1, -1,-1,2021,23.0,0,1,0,0,0,0,1,,4,ROY D'ESPAGNE (CHEMIN),0,,2,0,0,2,0,0,2,, -1,1,9,1,50,23,6,2021,18:00,1,13,13209,2,9,0,3,ROY D'ESPAGNE (CHEMIN),43.23538,5.39917,18,3,2
202100032053,144Â 459,B01,4,2,1,5,1,-1,-1,-1, -1,-1,2021,71.0,2,2,4,2,4,14,1,,1,42,0,,3,3,0,2,3,0,3,, -1,1,0,2,90,27,6,2021,00:00,3,69,69256,1,1,0,2,A42     0.560 A 4.020,45.7958301061,4.9280199409,0,4,2
202100020797,164Â 473,A01,1,1,2,0,8,-1,-1,0,0,-1,2021,68.0,3,2,1,0,2,1,1,,3,,0,,2,2,0,1,(1),(1),1,,4,1,0,1,50,4,9,2021,18:50,2,38,38344,2,1,0,6,27 Rue Gaston Monmousseau,45.360531,4.796174,18,1,1
202100016936,171Â 350,A01,1,1,1,0,2,-1,-1,-1, -1,-1,2021,46.0,3,1,12,0,1,26,1,,4,MAGUDAS (AVE DE),0,,3,5,0,1,(1),(1),1,, -1,1,0,1,50,24,9,2021,18:10,1,33,33162,2,1,0,6,Avenue de Magudas,44.85821,-0.66515,18,1,1
202100035706,137Â 889,B01,1,1,1,5,2,0,-1,-1, -1,-1,2021,79.0,1,1,0,2,4,9,6,,3,HOUCKE (AVENUE JULES),0,,1,2,0,1,(1),(1),2,, -1,1,0,1,50,6,6,2021,11:30,1,59,59431,1,6,0,2,BAILLY ZONE COMMERCIALE,50.68601,2.84273,11,2,2
202100007301,188Â 697,A01,1,1,1,0,2,8,-1,-1, -1,-1,2021,31.0,1,1,1,0,1,13,1,,4,JEAN MOULIN (BOULEVARD),0,,3,6,0,1,0,0,2,, -1,1,0,1,50,19,11,2021,05:30,5,13,13205,2,1,0,1,JEAN MOULIN (BOULEVARD),43.28707,5.40032,5,1,1
202100025852,155Â 477,A01,1,1,1,1,1,-1,-1,-1,0,-1,2021,55.0,2,5,4,0,7,1,1,,1,AUTOROUTE A15,0,,3,6,0,1,12,0,1,, -1,1,0,1,110,2,8,2021,07:00,1,95,95252,1,1,0,6,A15,48.98309,2.21899,7,1,1
202100009369,184Â 957,A01,1,1,2,1,1,-1,-1,0,0,-1,2021,23.0,3,2,0,2,8,15,1,,3,1504,0,,2,2,2,2,13,800,2,, -1,1,5,1,80,5,11,2021,17:00,2,73,73050,1,4,0,3,D1504,45.666973,5.854136,17,2,2
202100048006,115Â 930,A01,2,2,1,5,1,0,-1,-1, -1,-1,2021,15.0,1,2,4,0,3,1,1,,1,A13,0,,3,6,0,1,41,799,1,, -1,2,0,1,130,15,3,2021,08:15,1,78,78402,1,1,1,6,A13,48.965191,1.803552,8,2,1
202100011810,180Â 609,A01,1,1,2,5,1,0,-1,-1, -1,-1,2021,42.0,1,2,4,0,1,9,1,,3,RD 492 DU PONT BD HÃPITAL A ÃCHANGEUR CR,0,,1,2,0,1,3,754,2,, -1,2,5,1,70,20,10,2021,21:50,3,44,44184,1,6,1,6,RD 492 DU PONT BD HÃPITAL A ÃCHANGEUR CR,47.28582,-2.250032,21,1,1
202100034378,140Â 292,A01,1,1,2,9,2,6,9,0,0,-1,2021,16.0,2,1,13,0,0,1,1,,3,45,0,D,2,2,0,2,1,100,4,, -1,1,0,3,80,15,6,2021,16:10,1,88,88362,1,1,0,7,DÃ©partementale 45,48.397497,7.028632,16,1,1
202100053011,106Â 962,A01,1,1,1,5,2,6,9,0,0,-1,2021,34.0,2,1,0,0,0,21,1,,3,73,0,D,2,2,0,1,6,300,1,, -1,2,0,1,80,31,1,2021,11:00,1,87,87092,1,1,1,7,Larmat,45.673863,0.809684,11,1,1
202100033679,141Â 562,B01,1,1,1,0,8,0,-1,-1, -1,-1,2021,30.0,1,1,1,0,1,1,5,,3,908,0,,1,3,2,1,0,0,1,, -1,1,0,6,50,18,6,2021,20:30,1,92,92051,2,1,0,2,"BINEAU (BOULEVARD, NÂ°133 A 217 ET 134 A",48.8895616147,2.2726102173,20,4,2
202100021929,162Â 426,A01,10,3,1,5,0,-1,-1,1,5,3,2021,3.0,3,2,0,1,2,16,1,,4,PONT DE BARROY (ROUTE DU),0,,1,1,0,1,0,0,3,, -1,1,0,1,30,29,8,2021,20:50,1,47,47201,2,1,0,6,PONT DE BARROY (ROUTE DU),44.19532,0.59808,20,2,1
202100035973,137Â 382,A01,10,3,1,0,8,8,-1,9,B,1,2021,55.0,3,1,0,1,0,0,0,,4,,0,,2,2,0,1,0,0,1,, -1,1,0,1,50,23,5,2021,13:50,1,92,92025,2,1,0,6,JULES MICHELET (RUE),48.9320104629,2.2690406273,13,2,1
202100022776,160Â 888,A01,1,1,1,3,2,6,9,0,0,-1,2021,52.0,1,1,0,0,7,15,1,,7,723,0,D,2,2,0,1,43,693,2,, -1,8,0,1,80,17,4,2021,09:50,2,44,44172,1,6,0,7,Rond-Point des Bornes,47.275539,-1.467694,9,1,1
202100038357,133Â 073,A01,1,1,1,5,8,-1,-1,-1, -1,-1,2021,28.0,0,2,6,0,2,14,1,,4,SAINT SAUVEUR (RUE),0,,1,1,0,2,0,0,1,, -1,2,0,4,50,24,5,2021,19:20,1,50,50129,2,1,1,6,SAINT SAUVEUR (RUE),49.63212,-1.62742,19,1,1
202100005339,192Â 248,A01,2,2,2,3,1,0,-1,-1, -1,-1,2021,24.0,2,2,0,2,1,9,1,,4,,0,,2,2,0,2,(1),(1),1,, -1,2,5,1,50,1,12,2021,14:30,1,25,25056,2,3,1,3,DANTON RUE,47.2464101,6.0562605,14,3,2
202100001096,199Â 807,A01,1,1,1,5,1,-1,-1,0,0,-1,2021,25.0,1,2,0,2,1,13,1,,3,612,-1,,2,3,0,2,77,324,1,, -1,2,0,1,90,29,12,2021,22:15,3,81,81218,1,1,0,1,RD 612 PK 077.000,43.879954,2.173061,22,3,2
202100035763,137Â 782,B01,1,1,2,1,2,0,-1,0,0,-1,2021,59.0,1,1,0,2,1,1,5,,4,BOULEVARD SAINT MARTIN,0,,2,5,0,2,(1),(1),1,, -1,1,0,1,50,7,6,2021,18:50,1,75,75103,2,1,0,1,BOULEVARD SAINT MARTIN,48.868085,2.361453,18,2,2
202100004422,193Â 858,A01,10,3,2,3,0,-1,-1,1,3,1,2021,51.0,1,2,0,1,4,26,1,,3,"""PAUL VAILLANT COUTURIER (AVENUE """"DU 01",0,,2,3,0,1,0,1,1,, -1,2,0,1,50,6,12,2021,16:45,1,93,93007,2,1,1,6,"""PAUL VAILLANT COUTURIER (AVENUE """"DU 01",48.9245458436,2.463563095,16,2,1
202100051344,109Â 896,A01,1,1,1,9,2,6,-1,0,0,-1,2021,16.0,1,1,7,0,2,1,1,,3,17,-1,,2,2,0,1,25,715,2,, -1,9,0,3,80,16,2,2021,13:50,1,65,65128,1,3,0,6,D17 Route de Trie sur BaÃ¯se,43.190960732,0.3566747904,13,1,1
202100044281,122Â 515,A01,1,1,1,5,8,0,-1,-1, -1,-1,2021,18.0,2,1,0,2,1,19,5,,4,,0,,2,2,0,2,0,0,2,0,"6,4",1,0,1,50,9,4,2021,16:15,1,16,16102,2,3,0,3,Bd Denfert Rochereau,45.69801,-0.32773,16,2,2
202100014312,176Â 120,C01,1,1,1,0,8,-1,-1,-1, -1,-1,2021,59.0,3,0,0,2,1,0,3,,3,PRELEVET (AVENUE DE),0,,2,0,0,2,10,650,3,, -1,1,3,1,50,22,7,2021,08:00,1,74,74010,2,4,0,3,PRELEVET (AVENUE DE),45.89924,6.10275,8,2,2
202100048030,115Â 889,A01,1,1,1,5,1,0,-1,0,0,-1,2021,43.0,1,2,4,0,1,14,1,,4,ECHANGEUR BERCY,0,,1,2,0,2,(1),(1),3,, -1,2,0,1,50,13,3,2021,20:30,5,75,75112,2,1,1,6,ECHANGEUR BERCY,48.8267115795,2.3918280632,20,1,1
202100038180,133Â 401,A01,1,1,1,0,8,0,-1,-1, -1,-1,2021,22.0,3,2,0,2,1,17,1,,4,RUE PAUL CLAUDEL,0,,2,2,0,1,(1),(1),1,, -1,1,0,1,50,26,5,2021,03:05,5,38,38185,2,1,0,3,Rue Paul Claudel,45.1724,5.7365,3,4,2
202100009898,184Â 001,C01,1,1,1,5,1,-1,-1,-1, -1,-1,2021,35.0,1,2,0,2,4,1,1,,7,LA SEYNE A OLLIOULES (CHEMIN DE),0,,2,2,0,1,2,950,3,, -1,2,0,1,70,28,10,2021,17:15,1,83,83126,2,1,1,5,LA SEYNE A OLLIOULES (CHEMIN DE),43.11465,5.85677,17,5,3
202100004320,194Â 036,A01,2,2,1,0,1,-1,-1,0,0,-1,2021,36.0,2,2,0,2,2,1,1,,3,136,0,D,2,2,0,1,10,500,1,, -1,2,0,1,80,6,12,2021,17:15,3,60,60552,1,1,1,1,D136,49.218967,2.872659,17,3,2
202100007494,188Â 360,B01,1,1,2,1,2,-1,-1,0,0,-1,2021,56.0,2,1,0,2,1,1,1,,3,758,-1,D,2,2,0,1,13,1000,1,, -1,1,0,1,80,18,11,2021,14:30,1,44,44021,1,2,0,3,D758,47.06866,-1.905409,14,2,2
202100046865,118Â 006,B01,1,1,2,1,1,-1,-1,-1, -1,-1,2021,39.0,2,2,0,2,1,1,1,,4,LOUIS GIRARDET                      (R ),0,,2,2,1,2,(1),(1),1,, -1,1,0,1,50,23,3,2021,08:30,1,69,69199,2,1,0,1,LOUIS GIRARDET (R),45.7052484267,4.8554965111,8,2,2
202100051408,109Â 796,A01,1,1,2,0,1,-1,-1,-1, -1,-1,2021,33.0,1,2,0,2,1,1,1,,4,QUATORZE JUILLET,0,,2,2,0,1,(1),(1),1,, -1,1,0,1,50,15,2,2021,16:05,1,79,79191,2,2,0,3,50 Rue du 14 Juillet,46.32303,-0.45611,16,2,2
202100021497,163Â 210,B01,10,3,2,3,0,-1,-1,5,1,1,2021,60.0,1,1,12,2,8,18,1,,3,JULES PRINCET [CD115] (RUE),0,,2,0,0,1,0,0,1,, -1,1,9,4,50,31,8,2021,10:30,1,93,93005,2,9,0,3,Rue Jules Princet,48.938984,2.501507,10,3,2
202100014104,176Â 483,A01,1,1,2,0,1,0,-1,-1, -1,-1,2021,38.0,1,2,0,2,4,2,1,,1,AUTOROUTE A3,0,,3,6,0,1,9,399,1,, -1,1,0,1,110,10,10,2021,14:00,1,93,93010,1,1,0,2,AUTOROUTE A3,48.9185788468,2.4785404654,14,2,2
202100004284,194Â 101,B01,4,2,2,5,1,0,-1,0,0,-1,2021,28.0,1,2,0,2,4,1,1,,4,AVENUE DES CHAMPS ELYSEES,0,,-1,6,0,1,(1),(1),1,, -1,2,0,1,50,5,12,2021,23:42,5,75,75108,2,2,0,4,AVENUE DES CHAMPS ELYSEES,48.870108,2.306601,23,10,3
202100023954,158Â 815,A01,1,1,1,5,2,-1,-1,0,0,-1,2021,72.0,2,1,10,0,3,17,1,,3,113,-1,,2,2,0,2,7,(1),4,, -1,1,0,3,80,16,8,2021,18:15,1,64,64475,1,1,0,7,D113 PK 7,43.00824,-0.85187,18,1,1
202100013964,176Â 740,A01,10,3,2,1,0,-1,-1,1,3,1,2021,23.0,3,2,0,1,1,26,1,,3,,-1,,2,2,0,1,43,0,1,,4,1,0,1,50,12,10,2021,08:45,1,62,62474,2,2,1,6,rue du merle blanc,50.675785,1.649314,8,2,1
202100015927,173Â 194,A01,1,1,1,0,2,6,-1,-1, -1,-1,2021,55.0,3,1,0,2,1,2,1,,7,RN 96 (ROUTE NATIONALE ),0,,1,1,0,2,0,100,3,, -1,1,0,1,50,30,9,2021,10:15,1,13,13005,2,1,0,2,RN 96 (ROUTE NATIONALE ),43.30519,5.57258,10,3,3
202100002538,197Â 244,A01,1,1,1,5,1,5,-1,0,0,-1,2021,26.0,2,2,6,0,1,1,1,,3,622,0,D,2,2,0,1,4,95,1,, -1,1,0,3,80,19,12,2021,09:20,1,81,81142,1,1,0,6,Route DÃ©partementale N 622,43.523037,2.083529,9,1,1
202100000640,200Â 563,B01,1,1,1,9,1,8,-1,-1, -1,-1,2021,38.0,1,2,9,2,4,1,1,,3,909,0,,1,0,0,1,0,0,1,, -1,1,0,1,50,16,12,2021,21:40,5,92,92004,2,1,0,2,ARGENTEUIL AV D',48.9207907407,2.2788155079,21,2,2
202100035928,137Â 468,B01,1,1,1,9,8,0,-1,-1, -1,-1,2021,19.0,3,1,0,2,1,5,1,,4,MINERVE (AVENUE),0,,2,2,0,2,0,1,1,, -1,1,0,1,50,7,6,2021,23:00,5,13,13215,2,1,0,1,MINERVE (AVENUE),43.36711,5.35403,23,2,2
202100036904,135Â 737,A01,1,1,1,5,1,-1,-1,0,0,-1,2021,77.0,0,2,15,0,1,21,1,,3,985,0,B,-1,2,0,1,59,200,1,, -1,1,0,1,50,3,6,2021,09:45,1,58,58182,2,1,0,1,La Croix Rouge,46.981266,3.806827,9,3,2
202100055191,103Â 163,A01,10,3,2,3,0,-1,-1,1,3,1,2021,42.0,2,5,0,1,0,1,1,,4,ACADEMIE (RUE DE L'),0,,1,1,0,1,0,0,1,, -1,1,0,1,50,13,1,2021,15:15,1,13,13201,2,1,0,6,ACADEMIE (RUE DE L'),43.29553,5.380511,15,2,1
202100022806,160Â 841,A01,1,1,1,5,8,0,-1,-1, -1,-1,2021,33.0,1,1,0,0,1,26,1,,4,SAINT LAZARE,0,,2,2,0,1,1,0,1,, -1,1,0,1,50,22,8,2021,19:47,1,49,49007,2,1,0,7,SAINT LAZARE,47.48001,-0.56599,19,1,1
202100025451,156Â 173,B01,1,1,1,0,2,8,-1,0,0,-1,2021,17.0,1,1,0,0,4,1,1,,7,BLAYAC (RUE DU PROFESSEUR),0,,-1,4,0,1,14,275,1,, -1,2,9,1,70,4,8,2021,11:00,1,34,34172,2,1,1,2,BLAYAC (RUE DU PROFESSEUR),43.62485,3.82627,11,2,2
202100002708,196Â 932,A01,1,1,2,5,8,-1,-1,0,0,-1,2021,35.0,2,2,8,0,8,1,1,,3,61,-1,,2,2,0,1,21,400,3,, -1,1,0,3,80,18,12,2021,13:40,1,49,49138,1,1,0,6,RD 61,47.50578,-0.224447,13,1,1
202100023513,159Â 606,A01,2,2,2,5,2,6,-1,0,0,-1,2021,72.0,1,1,0,0,8,21,1,,3,4,-1,,2,2,0,1,50,570,1,, -1,1,0,1,80,19,8,2021,10:20,1,4,4079,1,1,0,7,RD 4,44.100037,6.023684,10,2,1
202100046430,118Â 787,A01,2,2,1,5,0,-1,-1,0,0,-1,2021,19.0,1,2,0,0,2,1,1,,3,42,-1,,2,2,0,1,7,900,1,, -1,1,0,3,80,28,3,2021,00:05,3,89,89264,1,1,0,7,Rd 42,48.16879,2.988732,0,2,1
202100019607,166Â 587,A01,10,3,2,3,0,-1,-1,4,3,1,2021,68.0,1,2,0,1,1,15,1,,4,,0,,1,1,0,1,(1),(1),1,, -1,2,0,1,50,10,9,2021,13:10,1,89,89387,2,2,1,6,JEAN JAURES (PLACE),48.199425,3.282632,13,2,1
202100043756,123Â 472,A01,1,1,2,0,1,8,-1,-1, -1,-1,2021,30.0,0,2,0,2,2,1,1,,4,CERBERE (DE),0,,2,2,0,1,(1),(1),1,, -1,1,0,1,50,15,4,2021,16:11,1,66,66136,2,3,0,3,CERBERE (DE),42.6836644451,2.9083916545,16,2,2
202100027292,152Â 945,A01,1,1,2,5,1,-1,-1,0,0,-1,2021,48.0,2,2,8,0,3,13,1,,3,31,-1,,2,2,0,1,13,500,2,, -1,2,0,3,70,25,7,2021,19:30,1,37,37230,1,1,0,6,D31,47.4911998862,1.0093032332,19,3,1
202100030226,147Â 736,B01,3,2,2,5,3,0,-1,0,0,-1,2021,7.0,1,2,0,2,4,23,1,,4,ALLEE DU BORD DE L EAU,0,,2,4,0,1,(1),(1),1,, -1,1,0,1,50,7,7,2021,06:50,1,75,75116,2,1,0,2,ALLEE DU BORD DE L EAU,48.853843,2.226273,6,5,2
202100033996,140Â 989,A01,10,3,2,0,0,-1,-1,6,3,1,2021,32.0,2,2,1,0,4,20,1,,3,MAURICE THOREZ (AV),0,,1,2,0,1,89,0,1,, -1,1,0,8,30,13,6,2021,22:10,5,94,94041,2,1,0,4,MAURICE THOREZ (AV),48.8172,2.3759,22,2,1
202100022873,160Â 731,A01,1,1,1,9,1,-1,-1,0,0,-1,2021,32.0,3,2,6,0,1,17,1,,3,D216,-1,,2,2,0,2,6,710,1,, -1,1,0,3,80,22,8,2021,09:30,1,73,73157,1,1,0,6,D216,45.183058,6.657742,9,3,1
202100014056,176Â 570,A01,1,1,1,5,1,-1,-1,0,0,-1,2021,63.0,3,2,0,0,2,14,1,,4,,0,,2,2,0,1,(1),(1),1,,4,1,0,1,80,10,10,2021,16:05,1,40,40305,2,1,0,7,Chemin du Loy,43.631565,-0.331082,16,1,1
202100035466,138Â 316,A01,1,1,2,5,1,8,-1,-1, -1,-1,2021,31.0,2,2,0,2,2,15,1,,4,ARCHE GUEDON (COURS DE L'),0,,2,2,0,1,0,0,2,, -1,1,0,1,50,8,6,2021,14:32,1,77,77468,2,3,0,6,ARCHE GUEDON (COURS DE L'),48.84948,2.64126,14,3,3
202100011287,181Â 560,A01,1,1,1,9,1,-1,-1,0,0,-1,2021,24.0,2,2,13,0,0,1,1,,3,50,-1,,2,2,0,1,14,600,2,, -1,1,0,3,80,25,10,2021,07:10,3,10,10061,1,1,0,7,D50,48.333245,4.389617,7,1,1
202100021803,162Â 648,A01,10,3,1,9,0,-1,-1,4,3,1,2021,66.0,0,2,0,1,3,15,2,,4,QUAI DE L OISE,0,,1,1,0,1,(1),(1),1,, -1,1,0,1,50,30,8,2021,14:50,1,75,75119,2,2,0,6,QUAI DE L OISE,48.888992,2.380106,14,2,1
202100025734,155Â 685,B01,2,2,1,0,1,0,-1,0,0,-1,2021,20.0,3,2,14,2,0,0,1,,7,CLEMENCEAU (BD GEORGES),0,,1,2,2,2,(1),(1),1,, -1,1,0,1,50,2,8,2021,21:37,5,54,54395,2,2,0,3,OUDINOT (RUE DU MAL),48.67567,6.18204,21,3,2
202100008560,186Â 435,C01,1,1,1,5,1,-1,-1,0,0,-1,2021,49.0,2,2,15,2,1,1,1,,3,9,-1,,2,2,0,3,4,830,2,,7,1,0,1,50,11,11,2021,17:30,5,57,57724,2,9,1,1,94 Rue de Thionville,49.271109,6.113248,17,3,2
202100047213,117Â 372,A01,1,1,1,4,8,-1,-1,-1, -1,-1,2021,35.0,1,1,0,2,1,17,1,,4,PAUL KRUGER      (Avenue),0,,2,2,0,1,(1),(1),3,, -1,1,0,1,50,20,3,2021,08:55,1,69,69266,2,1,0,1,PAUL KRUGER (AV),45.75588,4.8955,8,2,2
202100003017,196Â 383,A01,10,3,2,5,0,-1,-1,3,3,1,2021,52.0,1,2,0,1,1,1,1,,3,25,0,,2,2,0,4,41,780,1,, -1,2,2,1,50,15,12,2021,17:45,5,21,21292,2,1,1,6,Rue Pasteur,47.242284,5.225571,17,2,1
202100023009,160Â 498,A01,10,3,1,9,8,-1,-1,9,B,-1,2021,32.0,1,5,0,1,1,1,1,,4,BONNEL (DE)                         (R ),0,,1,3,2,1,(1),(1),1,, -1,1,0,1,50,2,8,2021,08:35,1,69,69383,2,1,0,6,BONNEL (DE) (R),45.7618,4.84796,8,2,1
202100007408,188Â 514,A01,1,1,1,5,2,6,-1,0,0,-1,2021,55.0,1,1,0,2,1,13,1,,3,112,-1,,2,2,0,1,14,850,3,, -1,1,0,1,80,19,11,2021,13:10,1,41,41155,1,3,0,3,Rue de Chambord,47.662678,1.533929,13,2,2
202100008898,185Â 835,A01,1,1,1,1,1,-1,-1,0,0,-1,2021,30.0,1,5,0,2,2,2,1,,1,1,-1,A,1,3,0,1,62,0,1,,"13,5",1,0,1,130,9,11,2021,05:40,3,60,60369,1,1,0,6,A1,49.351957,2.701417,5,1,1
202100018735,168Â 150,A01,1,1,2,5,1,5,-1,-1, -1,-1,2021,27.0,1,2,1,0,2,13,1,,3,VICTOR BASCH (RUE),0,,2,1,0,1,0,0,2,, -1,2,0,1,50,15,9,2021,12:40,1,91,91687,2,1,1,7,VICTOR BASCH (RUE),48.682711,2.380394,12,1,1
202100046157,119Â 261,A01,2,2,1,5,2,8,-1,-1, -1,-1,2021,16.0,2,1,0,2,1,5,1,,4,,0,,1,1,0,1,1,0,1,, -1,1,0,1,50,28,3,2021,19:00,1,92,92025,2,2,0,3,PRESIDENT SALVADOR ALLENDE (RUE DU),48.9190271678,2.2259733081,19,3,2
202100029732,148Â 645,A01,2,2,2,5,1,0,-1,-1, -1,-1,2021,26.0,1,2,0,2,8,13,1,,2,RN104,0,,1,2,0,1,23,700,1,, -1,1,0,1,90,10,7,2021,13:20,1,77,77122,1,1,0,6,RN104,48.6466701112,2.5861363461,13,2,1
202100001024,199Â 934,B01,1,1,2,0,8,-1,-1,0,0,-1,2021,23.0,2,1,0,2,1,1,3,,4,AVE DE VERDUN,0,,2,2,2,1,(1),(1),1,, -1,1,0,5,50,28,12,2021,16:15,1,33,33281,2,3,0,3,Avenue de Verdun,44.838746,-0.625943,16,2,2
202100011718,180Â 782,A01,2,2,2,3,2,-1,-1,0,0,-1,2021,37.0,2,1,0,2,1,1,1,,3,1,-1,,2,2,0,1,6,(1),1,, -1,1,0,1,50,21,10,2021,10:10,1,987,98715,2,1,0,2,"RT1 PK 6, face garage MIKLUS",-17.584522,-149.568578,10,4,3
202100014196,176Â 318,A01,1,1,1,1,2,6,-1,0,0,-1,2021,29.0,2,1,0,2,1,11,1,,4,BOULEVARD PERIPHERIQUE,0,,1,4,0,1,24,700,1,, -1,1,0,1,70,8,10,2021,15:30,1,75,75119,2,1,0,3,BOULEVARD PERIPHERIQUE,48.900223,2.382005,15,2,2
202100049758,112Â 801,B01,1,1,1,0,2,6,-1,0,0,-1,2021,50.0,0,1,0,2,1,1,1,,4,IVRY (ROUTE D'),0,,3,2,0,1,(1),(1),1,, -1,1,0,1,50,28,2,2021,12:30,1,27,27681,2,7,0,3,IVRY (ROUTE D'),49.08315,1.47769,12,2,2
202100025190,156Â 634,A01,2,2,1,5,1,-1,-1,0,0,-1,2021,20.0,1,2,2,0,2,1,1,,3,627,0,D,2,2,0,1,0,366,1,, -1,1,0,1,70,6,8,2021,23:00,3,31,31107,1,1,0,6,Route de Lancon,43.32531,1.218114,23,4,1
202100033197,142Â 424,A01,1,1,1,1,8,0,-1,-1, -1,-1,2021,34.0,1,2,0,2,6,2,1,,7,ALBI (RTE D) DU 1AU 243,0,,2,2,1,1,2,966,1,, -1,1,0,1,50,19,6,2021,09:50,1,31,31555,2,1,0,4,ALBI (RTE D) DU 1AU 243,43.63934,1.46588,9,4,4
202100046018,119Â 501,B01,1,1,1,5,8,-1,-1,0,0,-1,2021,72.0,2,1,0,2,8,13,5,,3,192,-1,,2,2,1,1,2,452,3,, -1,1,0,1,50,14,3,2021,12:00,1,44,44069,2,1,1,3,D192,47.296823,-2.393875,12,2,2
202100039033,131Â 876,A01,1,1,1,5,0,-1,-1,0,0,-1,2021,26.0,0,2,1,0,3,1,1,,3,39,-1,E,2,2,0,1,3,480,1,, -1,1,0,1,50,21,5,2021,21:05,5,34,34182,2,1,0,6,Avenue de Tourbes,43.421815,3.406695,21,1,1
202100011818,180Â 597,A01,1,1,2,2,8,0,-1,-1, -1,-1,2021,19.0,2,1,1,0,1,1,5,,4,CHATEAU (AVENUE FRANCOIS),0,,3,2,3,1,(1),(1),1,, -1,2,0,3,30,21,10,2021,16:40,1,35,35238,2,1,0,6,CHATEAU (AVENUE FRANCOIS),48.11109,-1.64914,16,1,1
202100034945,139Â 243,B01,2,2,2,0,2,-1,-1,-1, -1,-1,2021,23.0,2,1,0,2,7,1,1,,3,AERODROME (RUE DE L'),0,,2,2,0,1,55,400,2,, -1,1,0,1,50,11,6,2021,18:30,1,86,86194,1,6,0,3,Rue de lâAÃ©rodrome,46.584239,0.314905,18,3,2
202100008035,187Â 366,B01,1,1,1,2,2,4,-1,-1, -1,-1,2021,15.0,1,1,0,2,4,1,5,,3,RD 19,0,,2,2,0,1,2,400,1,, -1,1,0,1,70,15,11,2021,09:30,1,24,24037,2,1,0,2,RD 19,44.8341332792,0.5050063133,9,2,2
202100017868,169Â 681,A01,1,1,1,0,2,0,-1,-1, -1,-1,2021,34.0,3,1,0,2,1,1,1,,4,ENDOUME (RUE D'),0,,-1,4,0,2,0,0,1,, -1,1,9,1,30,18,9,2021,02:08,5,13,13207,2,9,0,6,ENDOUME (RUE D'),43.28985,5.36631,2,1,1
202100048488,115Â 091,A01,1,1,1,4,1,-1,-1,0,0,-1,2021,52.0,1,5,0,0,0,0,1,,3,1075,-1,,2,2,0,1,27,200,1,, -1,1,0,8,90,12,3,2021,09:00,1,5,5167,1,1,0,7,RD 1075 Pk 027+200,44.45914,5.725615,9,1,1