Num_Acc,id_vehicule,num_veh,place,catu,sexe,trajet,secu1,secu2,secu3,locp,actp,etatp,year_acc,victim_age,senc,catv,obs,obsm,choc,manv,motor,occutc,catr,voie,v1,v2,circ,nbv,vosp,prof,pr,pr1,plan,lartpc,larrout,surf,infra,situ,vma,jour,mois,an,hrmn,lum,dep,com,agg_,int,atm,col,adr,lat,long,hour,nb_victim,nb_vehicules
202100017792,169Â 813,B01,1,1,2,1,8,0,-1,-1, -1,-1,2021,31.0,1,1,0,2,8,1,3,,4,MARECHAL DE SAXE                    (R ),0,,2,4,2,1,(1),(1),1,, -1,2,0,1,50,20,9,2021,12:20,1,69,69386,2,2,1,6,MARECHAL DE SAXE (R),45.7679420718,4.8440587521,12,3,2
202100027721,152Â 163,B01,1,1,2,4,1,0,-1,-1, -1,-1,2021,27.0,1,2,0,2,4,2,1,,4,LEON BERARD,0,,2,3,0,1,0,0,1,, -1,1,0,1,50,21,7,2021,07:45,1,64,64445,2,1,0,4,LEON BERARD,43.311688,-0.3662,7,3,3
202100041405,127Â 592,Z01,10,3,1,9,0,-1,-1,2,9,1,2021,60.0,2,2,0,1,0,1,0,,4,RUE RIQUET,0,,1,1,0,1,(1),(1),1,, -1,2,0,1,50,4,5,2021,09:00,1,75,75119,2,2,1,6,RUE RIQUET,48.889688,2.368129,9,2,1
202100002467,197Â 363,B01,1,1,1,4,8,0,-1,0,0,-1,2021,18.0,2,1,0,2,1,1,5,,4,RUE SAINT MAUR,0,,1,1,2,1,(1),(1),1,, -1,1,-1,5,30,17,12,2021,16:10,1,75,75111,2,2,0,3,RUE SAINT MAUR,48.863058,2.379303,16,2,2
202100022013,162Â 287,E01,7,2,1,5,1,-1,-1,0,0,-1,2021,58.0,1,2,1,2,1,0,1,,1,8,0,A,1,3,0,1,175,500,1,, -1,1,0,1,110,28,8,2021,23:18,3,6,6004,1,1,0,4,a8 PK 175.500 voie sud,43.616582,7.115278,23,13,5
202100019938,165Â 994,A01,1,1,1,5,1,5,-1,0,0,-1,2021,24.0,2,2,0,2,1,13,1,,3,777,-1,,2,2,0,1,69,235,1,, -1,1,0,1,80,23,5,2021,17:45,1,35,35219,1,1,0,1,La Chesnais,47.807804,-1.96154,17,2,2
202100047653,116Â 575,B01,1,1,1,1,2,8,-1,0,0,-1,2021,48.0,2,1,0,2,5,1,5,,4,RUE DE CHARONNE,0,,2,2,0,2,(1),(1),1,, -1,2,0,1,50,17,3,2021,16:30,1,75,75111,2,1,1,3,RUE DE CHARONNE,48.85619,2.393264,16,2,2
202100035454,138Â 338,A01,10,3,1,5,0,-1,-1,2,3,1,2021,48.0,2,1,0,1,1,1,1,,4,ALBERT THOMAS                       (CO),0,,2,4,3,1,(1),(1),1,, -1,1,0,1,50,9,6,2021,14:00,1,69,69383,2,1,0,6,ALBERT THOMAS (CR),45.74785,4.86462,14,2,1
202100037287,135Â 022,A01,1,1,1,5,2,6,-1,0,0,-1,2021,65.0,1,1,0,2,7,15,1,,4,RUE ALPHONSE DAUDET,0,,1,1,1,1,(1),(1),2,, -1,1,0,1,50,31,5,2021,13:30,1,75,75114,2,3,0,3,RUE ALPHONSE DAUDET,48.826121,2.328882,13,2,2
202100006805,189Â 612,A01,1,1,1,1,2,0,-1,-1, -1,-1,2021,30.0,2,1,0,2,8,3,1,,1,AUTOROUTE A86,0,,-1,4,0,1,20,899,2,, -1,1,1,1,90,23,11,2021,07:30,4,93,93008,1,1,0,5,AUTOROUTE A86,48.91232,2.44071,7,4,4
202100042304,126Â 008,A01,1,1,1,5,1,0,-1,-1, -1,-1,2021,76.0,2,2,0,2,3,15,1,,4,ROYALE (AV.),0,,2,2,0,1,(1),(1),1,, -1,1,0,1,50,27,4,2021,22:33,3,60,60159,2,3,0,3,Avenue Royale,49.41521,2.83389,22,3,2
202100015952,173Â 153,A01,1,1,1,1,2,0,-1,0,0,-1,2021,36.0,2,1,0,2,1,17,1,,4,AVENUE PHILIPPE AUGUSTE,0,,2,2,0,1,(1),(1),1,, -1,1,0,1,30,30,9,2021,09:30,1,75,75111,2,1,0,3,AVENUE PHILIPPE AUGUSTE,48.854169,2.392334,9,2,2
202100041728,127Â 023,A01,2,2,1,5,1,9,-1,0,0,-1,2021,57.0,2,2,4,0,7,1,1,,1,6,0,,3,5,0,1,68,40,1,, -1,1,0,1,130,2,5,2021,16:15,1,77,77216,1,1,0,6,Autoroute A6 PK 068.700 sens province vers PARIS,48.300774,2.666711,16,3,1
202100043494,123Â 916,A01,1,1,1,5,2,6,9,0,0,-1,2021,15.0,2,1,0,2,1,13,1,,3,931,-1,,2,2,0,1,62,212,3,, -1,1,0,1,80,20,4,2021,16:18,1,32,32296,1,1,0,1,D931,43.776947,-0.030202,16,2,2
202100044576,122Â 039,A01,1,1,1,5,8,0,-1,-1, -1,-1,2021,19.0,2,1,0,2,1,15,3,,3,DENFERT ROCHEREAU RUE,0,,2,2,0,1,35,604,1,, -1,1,0,1,50,8,4,2021,16:10,1,17,17299,2,3,0,3,DENFERT ROCHEREAU RUE,45.94011,-0.96562,16,2,2
202100041353,127Â 693,B01,1,1,1,1,1,-1,-1,0,0,-1,2021,65.0,0,2,0,2,3,16,3,,7,1,-1,D,2,2,0,2,5,600,1,,"5,5",2,0,1,50,6,5,2021,10:20,1,69,69033,2,2,1,3,PETIT GUILLERMET (DU) (R),45.853053,4.87775,10,2,2
202100007467,188Â 403,A01,1,1,1,0,2,6,-1,-1, -1,-1,2021,61.0,1,1,14,0,1,1,1,,3,131,0,,2,3,0,1,0,0,1,, -1,1,0,1,50,15,11,2021,21:07,5,92,92035,2,1,0,6,Verdun 1916 ( avenue de ),48.9058709342,2.2358840704,21,1,1
202100045360,120Â 663,B01,1,1,2,0,2,8,-1,-1, -1,-1,2021,73.0,2,0,0,2,3,19,3,,3,AVENUE DE LA CORNICHE D'AZUR,0,,2,2,0,1,112,120,1,, -1,1,0,1,50,2,4,2021,17:20,1,83,83061,2,1,0,3,AVENUE DE LA CORNICHE D'AZUR,43.388348,6.724551,17,2,2
202100032650,143Â 407,A01,1,1,2,1,1,-1,-1,0,0,-1,2021,50.0,0,2,0,0,1,15,1,,4,TRENTE ET UN AOUT 1944 (RUE DU),0,,1,1,0,1,(1),(1),1,, -1,1,0,1,50,20,6,2021,08:30,1,80,80021,2,1,0,6,TRENTE ET UN AOUT 1944 (RUE DU),49.88277,2.32649,8,1,1
202100020775,164Â 505,A01,1,1,2,4,1,-1,-1,0,0,-1,2021,24.0,1,5,2,0,2,1,1,,3,973,-1,,2,2,0,4,4,0,3,, -1,1,0,1,80,6,9,2021,13:50,1,58,58287,1,1,0,6,D973,46.771196,3.954188,13,1,1
202100012863,178Â 733,A01,1,1,1,1,2,6,-1,0,0,-1,2021,50.0,1,1,0,2,1,3,1,,4,PORTE D ASNIERES,0,,-1,4,0,1,18,400,1,, -1,1,0,1,70,15,10,2021,17:10,1,75,75117,2,1,0,2,PORTE D ASNIERES,48.891371,2.300476,17,2,2
202100046671,118Â 347,A01,1,1,2,1,1,-1,-1,0,0,-1,2021,20.0,2,2,3,0,1,9,1,,3,1016,-1,,3,4,0,1,31,50,1,, -1,2,0,1,110,25,3,2021,09:30,1,60,60107,1,1,1,6,D1016,49.380145,2.436057,9,1,1
202100041618,127Â 213,B01,1,1,1,3,2,6,9,0,0,-1,2021,20.0,3,1,0,2,1,1,1,,3,,-1,,2,2,0,1,1,500,1,,4,1,9,1,50,2,5,2021,10:50,1,69,69019,2,9,0,3,PRES DE LA CLOCHE (DES) (R),46.1047109732,4.7461846918,10,2,2
202100051269,110Â 038,A01,1,1,2,1,2,8,-1,0,0,-1,2021,20.0,1,1,0,2,1,1,1,,4,GUIGNERETTE ( COTE DE LA ),0,,2,2,0,2,(1),(1),3,, -1,1,0,1,50,16,2,2021,18:00,1,81,81033,2,1,0,1,GUIGNERETTE ( COTE DE LA ),44.04239,2.12454,18,2,2
202100021427,163Â 351,B01,1,1,1,5,2,6,-1,-1, -1,-1,2021,24.0,1,1,0,2,1,1,1,,4,VANTEAUX (BOULEVARD DE),0,,3,4,0,1,0,0,1,, -1,1,5,1,50,29,8,2021,13:36,1,87,87085,2,2,0,6,VANTEAUX (BOULEVARD DE),45.82121,1.23015,13,2,2
202100050105,112Â 176,B01,1,1,1,1,2,6,-1,0,0,-1,2021,37.0,2,1,0,0,1,1,1,,2,7,0,,2,2,0,1,72,635,1,, -1,1,0,1,50,23,2,2021,08:15,1,26,26337,2,1,0,2,21 avenue du dauphinÃ©,44.703844,4.799411,8,2,2
202100022350,161Â 695,B01,1,1,1,5,2,-1,-1,0,0,-1,2021,30.0,1,1,0,2,1,1,5,,3,46,0,D,2,2,0,2,6,310,1,, -1,1,0,1,80,28,8,2021,19:09,1,5,5092,1,1,0,1,les blayes,44.484015,6.027868,19,2,2
202100051363,109Â 867,A01,1,1,1,1,2,6,9,0,0,-1,2021,39.0,1,1,0,0,0,2,1,,3,3,0,D,-1,2,0,1,2,250,2,, -1,1,9,1,80,17,2,2021,08:30,1,38,38565,1,6,0,7,Route de l'IsÃ¨re,45.27963,5.62432,8,1,1
202100010924,182Â 199,B01,1,1,1,5,1,-1,-1,0,0,-1,2021,20.0,2,2,12,2,3,1,1,,4,BRUXELLES (RUE DE),0,,2,2,0,2,(1),(1),2,, -1,1,0,1,50,24,10,2021,21:34,5,12,12202,2,1,0,1,BRUXELLES (RUE DE),44.35873,2.56246,21,2,2
202100042224,126Â 151,A01,1,1,1,4,1,0,-1,-1, -1,-1,2021,51.0,1,3,0,2,3,9,1,1.0,3,RESISTANCE (AVENUE DE LA),0,,2,3,0,1,0,1,1,, -1,1,0,1,50,28,4,2021,10:00,1,93,93062,2,1,0,3,RESISTANCE (AVENUE DE LA),48.8943060755,2.5133307082,10,2,2
202100005850,191Â 328,A01,1,1,1,5,1,-1,-1,-1,0,-1,2021,26.0,2,2,4,0,1,1,1,,2,RN 184,0,,3,4,0,4,3,500,1,, -1,2,0,1,90,28,11,2021,11:00,1,95,95572,1,1,1,6,RN 184,49.0355638582,2.1169312712,11,1,1
202100000950,200Â 052,B01,1,1,1,5,1,6,-1,-1, -1,-1,2021,23.0,1,1,0,2,8,1,1,,1,A7   22.950 A 25.770,0,,3,3,0,1,26,1,2,, -1,1,0,1,110,30,12,2021,16:50,2,38,38544,1,1,0,6,A7,45.54494,4.83889,16,4,4
202100024708,157Â 479,B01,1,1,1,9,1,0,-1,-1, -1,-1,2021,28.0,2,2,0,2,2,17,1,,4,986,0,,2,4,0,1,0,0,1,, -1,1,0,1,50,10,8,2021,14:50,1,92,92025,2,7,0,5,GABRIEL PERI (RUE),48.918242,2.23895,14,3,3
202100021695,162Â 856,A01,1,1,1,9,2,6,-1,0,0,-1,2021,19.0,1,1,0,2,1,1,1,,3,38,0,D,2,2,0,1,38,800,3,, -1,1,0,1,80,1,9,2021,10:15,1,55,55102,1,1,0,3,D38,49.20678,5.36023,10,2,2
202100018657,168Â 291,A01,2,2,1,5,1,-1,-1,0,0,-1,2021,18.0,3,2,2,0,0,14,1,,9,,0,,2,2,0,1,(1),(1),2,,4,1,0,3,80,15,9,2021,22:00,3,24,24520,2,1,0,6,Route de TamniÃ¨s,44.930825,1.201866,22,2,1
202100028125,151Â 431,B01,1,1,2,9,1,-1,-1,-1, -1,-1,2021,36.0,2,2,0,2,3,1,1,,4,COURLANCY (RUE DE),0,,2,2,0,1,(1),(1),1,, -1,1,0,1,50,19,7,2021,19:25,1,51,51454,2,1,0,1,Rue de Courlancy,49.2440018555,4.021019143,19,2,2
202100013778,177Â 082,B01,1,1,1,5,0,-1,-1,0,0,-1,2021,68.0,2,0,0,0,6,2,3,,3,974,0,,2,2,0,2,(1),(1),2,, -1,1,0,1,50,11,9,2021,17:30,1,54,54397,2,1,1,2,rue jean jaures,48.6181475918,6.105249525,17,2,2
202100001301,199Â 439,A01,1,1,2,9,1,0,-1,-1, -1,-1,2021,45.0,1,2,0,2,4,2,1,,4,RONSARD   (AVENUE),0,,2,2,0,1,1,0,1,, -1,2,0,1,50,26,12,2021,21:00,5,93,93032,2,3,0,2,RONSARD   (AVENUE),48.87443,2.56684,21,3,2
202100054833,103Â 788,A01,1,1,1,5,8,-1,-1,0,0,-1,2021,19.0,1,2,15,0,9,13,1,,3,103,0,,2,2,0,2,11,180,3,, -1,2,0,3,80,17,1,2021,15:15,1,33,33038,1,1,0,6,Route de Courbian,45.376359,-0.942586,15,1,1
202100040779,128Â 722,A01,1,1,1,0,2,0,-1,-1, -1,-1,2021,22.0,3,1,0,2,8,1,1,,3,909,0,,2,6,1,1,1,0,1,, -1,1,0,1,50,8,5,2021,11:00,1,92,92025,2,2,0,3,STALINGRAD (AV DE),48.93566,2.26095,11,3,2
202100022256,161Â 858,B01,1,1,1,1,2,0,-1,-1, -1,-1,2021,30.0,1,1,0,2,8,26,3,,4,CORDELLES,0,,2,2,0,1,1,0,1,, -1,1,0,1,50,27,8,2021,20:09,1,49,49267,2,3,0,3,CORDELLES,47.4666,-0.5124,20,2,2
202100015905,173Â 243,A01,1,1,2,0,1,0,-1,0,0,-1,2021,27.0,1,2,0,2,3,15,1,,3,,0,,2,2,0,1,40,0,1,, -1,2,0,1,50,29,9,2021,09:35,1,54,54549,2,1,1,3,PERI (RUE GABRIEL),48.63443,6.31973,9,2,2
202100008846,185Â 927,A01,1,1,1,5,2,6,-1,0,0,-1,2021,31.0,1,1,0,2,1,17,1,,4,AVENUE DE NOGENT,0,,2,2,0,1,(1),(1),1,, -1,1,0,1,30,8,11,2021,11:30,1,75,75112,2,1,0,3,AVENUE DE NOGENT,48.844307,2.441736,11,3,2
202100032886,142Â 982,B01,1,1,2,1,8,-1,-1,0, -1,-1,2021,19.0,0,1,0,2,8,1,3,,4,MONTAIGNE (DE 39 A 111 ET 32 A 96),0,,1,2,0,1,(1),(1),2,, -1,1,0,1,50,11,6,2021,09:33,1,29,29019,2,6,0,3,Boulevard Montaigne,48.40524,-4.47805,9,2,2
202100046347,118Â 927,A01,1,1,1,0,2,0,-1,-1, -1,-1,2021,16.0,2,1,0,2,1,1,1,,4,LARREA DOMINIQUE (RUE),0,,2,2,0,1,0,0,1,, -1,1,0,1,50,27,3,2021,18:15,1,64,64483,2,1,0,2,LARREA DOMINIQUE (RUE),43.399532,-1.63909,18,2,2
202100017726,169Â 943,A01,1,1,1,1,1,5,-1,0,0,-1,2021,27.0,2,2,0,2,1,12,1,,3,430,-1,,3,4,0,1,47,500,1,, -1,1,0,1,90,21,9,2021,16:50,1,68,68258,1,1,0,4,D430,47.826241,7.286049,16,3,3
202100015332,174Â 303,A01,1,1,1,5,1,0,-1,-1, -1,-1,2021,30.0,1,2,0,2,2,9,1,,1,A87N,0,,3,4,0,1,1,0,1,, -1,1,0,1,80,3,10,2021,15:08,1,49,49267,2,1,0,3,A87N,47.47786,-0.50158,15,2,2
202100021383,163Â 424,B01,1,1,1,0,2,6,-1,0,0,-1,2021,17.0,3,1,0,2,7,5,1,,3,124,0,,2,2,0,1,(1),(1),2,, -1,1,9,1,50,2,9,2021,16:00,1,38,38449,2,6,0,3,Rue du Limousin,45.638902,5.108213,16,2,2
202100046516,118Â 638,A01,1,1,1,5,8,0,-1,-1, -1,-1,2021,17.0,2,1,0,2,1,13,6,,4,NATIONALE RUE NÂ°RESTE IMPAIRS,0,,2,3,1,1,(1),(1),1,, -1,1,5,1,50,26,3,2021,17:45,1,59,59350,2,2,0,3,NATIONALE RUE NÂ°RESTE IMPAIRS,50.6326523472,3.0521677985,17,2,2
202100010846,182Â 339,B01,2,2,1,0,8,-1,-1,-1, -1,-1,2021,24.0,1,1,1,0,1,1,0,,4,,0,,2,3,3,1,(1),(1),1,, -1,2,0,1,50,26,10,2021,07:15,5,69,69383,2,1,0,6,LACASSAGNE                          (AV),45.75437,4.86676,7,2,1
202100044904,121Â 458,A01,10,3,2,0,0,-1,-1,3,3,1,2021,83.0,1,2,0,1,3,15,1,,4,VEYRIN PHILIPPE (RUE),0,,2,2,0,1,0,0,2,, -1,2,0,1,30,25,1,2021,10:50,1,64,64483,2,2,1,6,VEYRIN PHILIPPE (RUE),43.385532,-1.656498,10,2,1
202100010402,183Â 121,A01,1,1,2,5,1,-1,-1,0,0,-1,2021,91.0,2,2,1,2,9,14,1,,3,813,-1,,2,2,0,1,36,100,1,, -1,1,0,1,50,26,10,2021,15:10,1,82,82112,2,1,0,1,51 Avenue de Gascogne,44.1013720109,1.0736951675,15,4,2
202100042270,126Â 075,B01,1,1,1,1,1,-1,-1,0,0,-1,2021,29.0,1,2,9,0,4,1,1,,3,6,0,,2,2,0,1,7,440,1,, -1,1,0,1,50,22,4,2021,05:00,3,14,14047,2,2,0,2,Rue de Port-en-bessin,49.289467,-0.720318,5,2,2
202100029820,148Â 485,A01,1,1,1,9,2,6,-1,0,0,-1,2021,45.0,1,1,0,2,3,13,1,,4,PLACE DE LA PORTE MAILLOT,0,,1,4,0,1,(1),(1),2,, -1,1,8,1,50,9,7,2021,14:50,1,75,75117,2,7,0,3,PLACE DE LA PORTE MAILLOT,48.877547,2.283845,14,3,2
202100007332,188Â 646,A01,1,1,2,9,2,0,-1,0,0,-1,2021,56.0,2,0,0,0,0,21,3,,4,BOULEVARD SAINT MICHEL,0,,4,4,0,2,(1),(1),1,, -1,1,-1,6,30,17,11,2021,12:30,1,75,75105,2,5,0,7,BOULEVARD SAINT MICHEL,48.850354,2.342624,12,1,1
202100055996,101Â 797,A01,1,1,2,5,1,-1,-1,0,0,-1,2021,30.0,1,2,9,0,1,1,1,,3,61,0,,2,2,0,1,23,290,2,, -1,2,0,6,80,7,1,2021,04:15,3,78,78096,1,1,0,6,Rue Recoin,48.761165,1.64861,4,1,1
202100023174,160Â 194,A01,1,1,2,3,1,-1,-1,0,0,-1,2021,87.0,1,2,0,2,2,2,1,,3,785,-1,,2,2,0,1,93,550,1,, -1,1,0,1,80,12,8,2021,16:30,1,29,29171,1,1,0,2,Tremilieg,47.8349756251,-4.2950357624,16,2,2
202100035516,138Â 228,B01,1,1,2,5,1,0,-1,-1, -1,-1,2021,18.0,1,2,0,2,1,1,1,,4,CAMILLE BLANC (BOULEVARD),0,,2,2,0,2,0,0,1,, -1,1,0,1,50,9,6,2021,20:35,1,13,13209,2,1,0,2,CAMILLE BLANC (BOULEVARD),43.25258,5.40519,20,2,2
202100014437,175Â 892,B01,1,1,1,4,2,0,-1,-1, -1,-1,2021,20.0,1,1,0,2,1,1,1,,3,SADI CARNOT,0,,2,4,0,1,0,1,1,, -1,1,0,1,50,8,10,2021,21:30,5,93,93029,2,2,0,3,MAURICE NILES (PLACE),48.9270359362,2.4384373585,21,2,2
202100038415,132Â 974,A01,1,1,1,4,2,6,-1,-1, -1,-1,2021,25.0,2,1,0,0,0,21,1,,3,907,0,,3,2,1,2,0,0,2,, -1,1,0,1,50,25,5,2021,14:28,1,92,92064,2,1,0,7,DAILLY,48.84291,2.22093,14,1,1
202100044924,121Â 425,B01,1,1,1,0,1,0,-1,-1, -1,-1,2021,58.0,2,2,0,2,4,0,1,,3,RD 6382,0,,3,4,0,1,6,935,1,, -1,1,0,1,90,3,4,2021,17:45,1,76,76270,1,1,0,2,D6382,49.52722,0.15076,17,3,2
202100014731,175Â 379,B01,1,1,1,0,1,0,-1,-1, -1,-1,2021,36.0,1,2,0,2,4,23,1,,2,104,0,,1,2,0,1,39,200,1,, -1,1,0,1,70,7,10,2021,07:00,3,91,91521,1,1,0,4,RN 104,48.627972,2.40062,7,5,4
202100042442,125Â 757,A01,1,1,1,9,1,0,-1,-1, -1,-1,2021,16.0,3,2,8,2,1,19,1,,3,D.306,0,,2,3,0,1,8,308,1,, -1,1,5,1,70,26,4,2021,02:25,5,77,77495,2,3,0,3,D.306,48.5681,2.6261,2,5,2
202100028124,151Â 434,B01,2,2,2,5,1,8,-1,-1, -1,-1,2021,50.0,1,2,0,2,4,2,1,,2,165,0,,3,4,0,1,90,70,1,, -1,1,0,1,110,17,7,2021,17:25,1,56,56083,1,1,0,4,N165 sens Nantes/Brest,47.788434,-3.2770948,17,7,3
202100044243,122Â 584,A01,10,3,2,9,0,-1,-1,3,3,1,2021,26.0,2,2,0,1,1,19,1,,3,BOULEVARD DES HEROS,0,,1,2,0,1,(1),(1),1,, -1,1,0,1,50,12,4,2021,17:40,2,971,97101,2,9,0,6,BOULEVARD DES HEROS,16.2438,-61.53041,17,2,1
202100010001,183Â 822,A01,1,1,1,0,8,0,-1,-1, -1,-1,2021,45.0,1,1,0,2,1,13,1,,3,SECTION COCOYER,0,,2,2,0,2,(1),(1),1,, -1,1,0,1,70,30,10,2021,11:50,1,971,97113,1,1,0,1,SECTION COCOYER,16.23411,-61.48169,11,3,2
202100051638,109Â 389,C01,1,1,2,0,1,0,-1,-1, -1,-1,2021,33.0,2,2,0,2,4,1,1,,1,AUTOROUTE A1,0,,3,8,0,1,7,500,1,, -1,1,0,1,90,13,2,2021,16:15,1,93,93013,1,1,0,4,AUTOROUTE A1,48.93875,2.41626,16,4,4
202100040834,128Â 642,A01,1,1,1,5,0,-1,-1,0,0,-1,2021,43.0,3,1,6,0,1,1,1,,4,,-1,,2,2,0,1,(1),(1),1,,4,1,0,4,50,9,5,2021,15:35,1,77,77317,2,1,0,6,rue blaise pascal,48.61466,2.884898,15,1,1
202100055212,103Â 126,B01,1,1,2,1,8,0,-1,0,0,-1,2021,39.0,2,1,0,2,8,1,5,,4,AVENUE DAUMESNIL,0,,2,2,1,1,(1),(1),1,, -1,2,-1,5,50,13,1,2021,09:30,1,75,75112,2,2,1,3,AVENUE DAUMESNIL,48.844287,2.381566,9,2,2
202100021600,163Â 021,B01,1,1,1,0,8,0,-1,-1, -1,-1,2021,41.0,1,1,0,2,1,1,3,,4,TORCATIS (AVENUE LOUIS),0,,1,2,1,1,0,0,1,, -1,1,0,1,50,31,8,2021,11:05,1,66,66136,2,3,0,3,TORCATIS (AVENUE LOUIS),42.70322,2.88707,11,2,2
202100001038,199Â 909,B01,1,1,1,5,1,8,-1,0,0,-1,2021,26.0,1,2,0,2,8,16,1,,4,ARISTIDE BRIAND (AVENUE),0,,2,2,0,1,499,0,1,, -1,1,0,1,50,28,12,2021,14:20,1,14,14699,2,3,0,3,ARISTIDE BRIAND (AVENUE),49.346594,0.10082,14,2,2
202100037806,134Â 078,A01,2,2,2,5,1,0,-1,-1, -1,-1,2021,31.0,1,2,0,2,1,1,1,,2,RN 1021,0,,1,2,0,1,107,645,1,, -1,1,0,1,80,28,5,2021,14:20,1,24,24140,1,1,0,2,RN 1021,44.83969,0.5327,14,3,2
202100038289,133Â 205,B01,1,1,1,0,2,-1,-1,0,0,-1,2021,35.0,1,1,0,2,1,1,1,,3,,0,,2,2,0,1,(1),(1),1,,4,1,0,1,50,26,5,2021,13:45,1,68,68123,1,1,0,1,Route de Rouffach,48.002507,7.294579,13,2,2
202100040448,129Â 307,A01,1,1,2,0,1,-1,-1,-1, -1,-1,2021,40.0,0,2,9,0,9,14,1,,4,FRANCIS DE PRESSENSE                (AV),0,,2,3,0,2,(1),(1),1,, -1,2,2,1,50,10,5,2021,17:25,1,69,69259,2,1,1,6,FRANCIS DE PRESSENSE                (AV),45.7136611503,4.8733592033,17,1,1
202100032272,144Â 075,B01,2,2,2,3,1,0,-1,0,0,-1,2021,76.0,1,2,0,2,8,26,1,,4,ALBERTVILLE (RUE D'),0,,2,1,0,1,(1),(1),3,, -1,2,0,8,30,24,6,2021,11:00,1,54,54547,2,1,0,3,ALBERTVILLE (RUE D'),48.65522,6.18557,11,3,2
202100038621,132Â 605,A01,2,2,2,5,8,0,-1,-1, -1,-1,2021,18.0,2,2,8,0,7,1,1,,3,VALMONT ( ROUTE DE),0,,2,2,0,1,1,145,3,, -1,2,0,3,80,22,5,2021,19:10,1,76,76259,1,1,0,7,VALMONT ( ROUTE DE),49.759534,0.386707,19,2,1
202100034867,139Â 386,A01,1,1,1,5,2,6,9,0,0,-1,2021,53.0,2,1,13,0,1,1,1,,3,52,-1,,2,2,0,1,30,10,2,, -1,1,0,3,90,12,6,2021,12:50,1,48,48104,1,1,0,6,D52,44.637613,3.062557,12,1,1
202100016880,171Â 449,A01,1,1,1,2,2,6,-1,-1, -1,-1,2021,17.0,1,1,0,2,1,17,1,,3,MARCEL DASSAULT (BD),0,,2,3,0,1,12,955,1,, -1,1,0,1,70,22,9,2021,17:25,1,64,64122,1,1,0,3,MARCEL DASSAULT (BD),43.4606,-1.54709,17,2,2
202100046504,118Â 662,A01,10,3,2,0,0,-1,-1,3,3,2,2021,23.0,0,2,0,1,2,1,1,,4,LECLERC (AVENUE DU GENERAL),0,,2,3,0,1,(1),(1),1,, -1,1,0,1,50,26,3,2021,13:53,1,66,66136,2,1,0,6,LECLERC (AVENUE DU GENERAL),42.70154,2.89156,13,2,1
202100056057,101Â 684,A01,10,3,1,9,0,-1,-1,3,3,1,2021,23.0,1,2,0,1,1,1,1,,7,NORD AVENUE DU,0,,2,2,0,1,(1),(1),1,, -1,1,0,1,50,6,1,2021,18:50,5,13,13063,2,1,0,1,NORD AVENUE DU,43.6021175939,5.0068902969,18,2,1
202100009054,185Â 520,A01,1,1,1,5,1,-1,-1,-1,0,-1,2021,40.0,1,2,0,2,7,1,1,,1,AUTOROUTE A15,0,,-1,6,0,1,19,700,1,, -1,1,0,1,110,7,11,2021,13:00,1,95,95488,1,1,0,3,A15,49.02298,2.13455,13,2,2
202100041522,127Â 392,A01,1,1,2,9,2,6,-1,-1, -1,-1,2021,32.0,2,1,5,0,2,13,1,,3,BAYONNE (AVENUE DE),0,,2,4,0,1,9,0,1,, -1,1,0,1,30,3,5,2021,17:30,1,64,64024,2,1,0,7,BAYONNE (AVENUE DE),43.48257,-1.50565,17,1,1
202100011765,180Â 684,C01,1,1,2,1,1,0,-1,-1, -1,-1,2021,38.0,1,2,0,2,1,26,1,,2,JAURES (BOULEVARD JEAN),0,,3,2,2,1,(1),(1),1,, -1,1,0,1,50,20,10,2021,15:30,1,974,97411,1,1,0,4,JAURES (BOULEVARD JEAN),-20.89592,55.47367,15,4,3
202100029170,149Â 608,A01,10,3,1,1,0,-1,-1,2,3,1,2021,39.0,2,2,0,1,1,1,1,,4,LISBONNE (RUE DE),0,,2,3,0,1,1,0,1,, -1,2,0,1,50,13,7,2021,17:10,1,93,93064,2,1,1,3,LISBONNE (RUE DE),48.880899,2.472084,17,2,1
202100012948,178Â 592,A01,1,1,2,0,1,-1,-1,0,0,-1,2021,80.0,1,2,0,2,1,13,1,,3,35,-1,,2,2,0,2,2,800,1,, -1,1,0,1,90,16,10,2021,18:40,2,3,3018,1,1,0,1,RD35 - PR 002.800,46.25527,3.269989,18,3,2
202100027157,153Â 173,A01,2,2,2,5,2,6,-1,0,0,-1,2021,16.0,1,1,0,2,8,19,1,,3,D266,-1,,2,2,0,1,2,30,1,,4,1,0,1,50,26,7,2021,13:30,1,69,69053,1,3,0,3,MOULIN A VENT (DU) (RTE),46.2050429484,4.7244991915,13,4,2
202100025467,156Â 143,Z01,10,3,2,5,8,8,-1,4,3,2,2021,16.0,0,2,0,1,1,1,1,,4,DUNKERQUE  (BOULEVARD DE),0,,2,4,3,1,0,0,1,, -1,1,0,1,50,5,8,2021,19:05,1,13,13202,2,1,0,6,DUNKERQUE  (BOULEVARD DE),43.30513,5.36723,19,2,1
202100052983,107Â 009,B01,2,2,2,5,2,6,-1,0,0,-1,2021,54.0,2,1,0,2,1,1,1,,4,SAINT HILAIRE (TRAVERSE),0,,2,1,0,2,(1),(1),1,, -1,1,0,1,50,31,1,2021,13:50,1,6,6069,2,1,0,2,SAINT HILAIRE (TRAVERSE),43.65269,6.91473,13,3,2