Num_Acc,id_vehicule,num_veh,place,catu,sexe,trajet,secu1,secu2,secu3,locp,actp,etatp,year_acc,victim_age,senc,catv,obs,obsm,choc,manv,motor,occutc,catr,voie,v1,v2,circ,nbv,vosp,prof,pr,pr1,plan,lartpc,larrout,surf,infra,situ,vma,jour,mois,an,hrmn,lum,dep,com,agg_,int,atm,col,adr,lat,long,hour,nb_victim,nb_vehicules
202100019884,166Â 089,B01,1,1,1,9,2,4,-1,-1, -1,-1,2021,17.0,3,1,0,2,0,13,0,,4,PUPILLES DE LA NATION (AVENUE DES),0,,2,4,0,1,(1),(1),1,, -1,1,0,1,50,8,9,2021,17:40,1,15,15014,2,1,0,1,Avenue des Pupilles de la Nation,44.919,2.43878,17,2,2
202100000797,200Â 293,B01,1,1,1,4,2,6,-1,-1, -1,-1,2021,46.0,1,1,0,2,1,1,1,,4,,0,,1,1,0,1,0,0,1,, -1,1,0,1,50,31,12,2021,13:00,1,92,92044,2,3,0,3,Rue Paul Vaillant-Couturier,48.8937240776,2.277764082,13,2,2
202100055739,102Â 230,A01,1,1,1,4,2,6,-1,-1, -1,-1,2021,39.0,1,1,0,0,2,1,1,,1,A4,0,,1,3,0,2,4,599,2,, -1,9,0,1,90,9,1,2021,02:50,5,94,94069,1,1,0,7,A4,48.8165055136,2.4499449509,2,1,1
202100002071,198Â 095,A01,2,2,2,9,1,-1,-1,0,0,-1,2021,23.0,2,2,13,0,9,17,1,,2,80,0,,1,2,0,2,32,400,1,, -1,2,0,1,110,20,12,2021,18:45,3,71,71277,1,1,0,7,N80,46.737677,4.603312,18,2,1
202100037323,134Â 958,B01,1,1,2,5,2,4,-1,-1, -1,-1,2021,56.0,3,1,0,2,0,1,5,,3,992,0,,2,6,0,1,0,0,1,, -1,1,0,1,50,30,5,2021,19:45,1,92,92025,2,2,0,3,CHARLES DE GAULLE (BD),48.9180395151,2.2243076563,19,2,2
202100006642,189Â 914,B01,1,1,1,0,2,0,-1,0,0,-1,2021,24.0,1,1,0,2,1,1,1,,4,AUSTRASIE (BOULEVARD),0,,2,2,0,1,(1),(1),1,, -1,1,0,1,50,22,11,2021,14:10,1,54,54395,2,3,0,1,AUSTRASIE (BOULEVARD),48.69450797,6.1973970758,14,2,2
202100009011,185Â 610,B01,1,1,1,5,0,-1,-1,0,0,-1,2021,64.0,2,1,0,2,0,1,5,,3,652,-1,,2,2,0,1,118,(1),3,, -1,1,5,1,50,5,11,2021,16:50,2,40,40317,2,4,0,1,Avenue du GÃ©nÃ©ral de Gaulle,43.686884,-1.334799,16,2,2
202100025914,155Â 366,B01,1,1,1,5,2,-1,-1,0,0,-1,2021,26.0,1,1,0,0,5,0,5,,3,23,-1,,2,2,0,1,7,304,1,, -1,1,5,1,90,29,7,2021,09:35,1,72,72381,1,6,0,3,Les Tamaris,47.9284230391,0.1017340421,9,2,2
202100030016,148Â 138,B01,1,1,1,1,8,0,-1,0,0,-1,2021,47.0,2,1,0,2,2,1,5,,4,AVENUE DE LA PORTE DE VITRY,0,,2,4,0,1,(1),(1),1,, -1,1,0,1,50,8,7,2021,18:55,1,75,75113,2,1,0,3,AVENUE DE LA PORTE DE VITRY,48.821777,2.378684,18,2,2
202100051079,110Â 373,A01,1,1,1,4,2,6,-1,0,0,-1,2021,28.0,2,1,0,2,3,9,1,,4,RUE ORDENER,0,,2,4,1,1,(1),(1),1,, -1,1,0,1,50,17,2,2021,20:00,5,75,75118,2,1,0,3,RUE ORDENER,48.890273,2.359029,20,2,2
202100032273,144Â 073,A01,2,2,2,5,8,0,-1,-1, -1,-1,2021,18.0,1,1,0,2,8,26,1,,4,SAINTE CROIX PLACE,0,,2,2,0,1,1,0,1,, -1,2,0,1,30,25,6,2021,21:23,1,49,49007,2,1,0,3,SAINTE CROIX PLACE,47.470163,-0.554004,21,3,2
202100015695,173Â 612,A01,1,1,1,9,2,-1,-1,0,0,-1,2021,28.0,1,1,8,2,2,1,1,,2,2,0,N,2,2,0,1,(1),(1),2,,5,1,0,1,50,2,10,2021,11:45,1,971,97104,2,3,0,6,Rue du PÃ¨re Labat,16.020769,-61.746841,11,4,2
202100036929,135Â 695,A01,1,1,2,5,1,-1,-1,0,0,-1,2021,29.0,1,2,1,0,1,1,1,,2,2,-1,,3,4,0,1,1,500,1,, -1,1,0,2,110,3,6,2021,10:15,1,60,60341,1,1,0,6,Route nationale 2 ,49.0850855572,2.7311582563,10,1,1
202100008923,185Â 769,B01,1,1,2,0,1,8,-1,-1, -1,-1,2021,55.0,2,2,0,2,1,26,1,,3,RECHERCHANT(RUE ADRIEN),0,,3,2,0,1,(1),(1),3,, -1,1,0,1,50,6,11,2021,23:03,3,974,97416,1,1,0,3,RECHERCHANT(RUE ADRIEN),-21.28415,55.47964,23,2,2
202100043492,123Â 918,B01,1,1,1,1,1,-1,-1,0,0,-1,2021,54.0,2,2,7,0,8,1,1,,3,48,0,D,2,2,0,1,4,50,1,, -1,1,5,1,80,20,4,2021,13:20,1,80,80148,1,2,0,3,D48 / D190,50.016261,1.576173,13,2,2
202100014802,175Â 247,B01,1,1,2,2,8,0,-1,-1, -1,-1,2021,53.0,2,1,0,2,1,5,5,,3,BELLE JARDINIERE (AVENUE DE LA),0,,2,2,1,1,33,654,1,, -1,2,0,1,50,5,10,2021,12:25,1,41,41018,2,1,0,3,BELLE JARDINIERE (AVENUE DE LA),47.56776,1.32563,12,2,2
202100044159,122Â 738,B01,1,1,1,9,2,0,-1,0,0,-1,2021,48.0,1,1,0,2,2,17,1,,4,BOULEVARD SAINT MICHEL,0,,2,4,0,1,(1),(1),1,, -1,1,0,1,50,13,4,2021,12:40,1,75,75105,2,2,0,3,BOULEVARD SAINT MICHEL,48.841752,2.337761,12,2,2
202100014113,176Â 462,C01,2,2,2,5,1,8,-1,-1, -1,-1,2021,55.0,1,2,0,2,1,2,1,,1,A104,0,,-1,8,0,1,8,700,1,, -1,1,9,1,90,9,10,2021,12:40,1,77,77294,1,1,0,4,A104,48.973633,2.578754,12,4,3
202100009212,185Â 246,B01,1,1,1,0,8,0,-1,-1, -1,-1,2021,14.0,1,1,0,2,0,19,5,,3,FrÃ©dÃ©ric JALTON,0,,2,1,0,1,(1),(1),1,, -1,1,6,1,50,5,11,2021,19:43,5,971,97101,2,1,0,3,FrÃ©dÃ©ric JALTON,16.2795720542,-61.4978653193,19,2,2
202100020940,164Â 231,A01,1,1,2,5,2,6,-1,0,0,-1,2021,55.0,1,1,12,2,2,26,1,,3,4100,0,,1,1,0,1,24,930,2,, -1,1,0,4,70,5,9,2021,12:33,1,4,4088,1,6,0,6,RD 4100,43.952201,5.771481,12,3,2
202100044479,122Â 189,A01,1,1,1,1,2,0,-1,0,0,-1,2021,52.0,2,1,0,2,1,18,3,,4,RUE CARPEAUX,0,,2,2,0,1,(1),(1),1,, -1,2,0,1,30,10,4,2021,06:10,5,75,75118,2,4,1,3,RUE CARPEAUX,48.890973,2.331444,6,2,2
202100023999,158Â 741,A01,10,3,1,4,0,-1,-1,2,9,2,2021,49.0,1,1,0,1,1,21,1,,7,MARINE (BOULEVARD DE LA),0,,2,2,0,1,9,600,1,, -1,1,0,1,50,15,8,2021,18:15,1,83,83069,2,1,0,6,MARINE (BOULEVARD DE LA),43.093275,6.163566,18,2,1
202100018618,168Â 358,A01,10,3,2,0,0,-1,-1,3,3,1,2021,32.0,2,2,0,1,2,15,1,,3,DANTON (R),0,,1,2,0,1,1,0,1,, -1,2,0,1,50,15,9,2021,10:40,1,94,94043,2,2,1,6,Rue Danton,48.8123,2.35964,10,2,1
202100049396,113Â 465,A01,1,1,1,0,8,0,-1,0,0,-1,2021,72.0,1,1,0,2,1,19,5,,4,MALLARME RUE STEPHANE,0,,2,2,0,1,(1),(1),1,, -1,1,0,1,50,1,3,2021,17:30,1,25,25056,2,3,0,3,MALLARME RUE STEPHANE,47.243755,5.999399,17,2,2
202100017317,170Â 698,A01,1,1,1,3,1,-1,-1,0,0,-1,2021,56.0,1,2,2,0,1,1,1,,3,986,0,A,2,2,0,2,4,700,3,, -1,2,0,3,90,26,9,2021,10:05,1,63,63470,1,1,0,6,D986,45.881767,3.054344,10,1,1
202100006734,189Â 746,B01,1,1,2,1,8,0,-1,-1, -1,-1,2021,38.0,1,1,0,2,3,17,5,,3,HOCHE,0,,2,2,0,1,0,1,1,, -1,1,0,1,30,23,11,2021,09:05,1,93,93055,2,1,0,3,HOCHE,48.89402,2.40175,9,2,2
202100016554,172Â 040,A01,10,3,2,9,0,-1,-1,3,3,1,2021,14.0,1,2,0,1,2,1,1,,3,JEAN JAURES (AVENUE),0,,2,2,0,1,0,1,1,, -1,2,0,1,50,26,9,2021,21:15,5,93,93032,2,1,1,6,Avenue Jean JaurÃ¨s,48.88284,2.52628,21,3,1
202100031883,144Â 763,B01,2,2,1,5,1,8,-1,-1, -1,-1,2021,29.0,0,2,0,2,5,1,1,,2,ROUTE NATIONALE 568,0,,3,4,0,1,0,0,1,, -1,1,0,1,70,27,6,2021,14:30,1,13,13039,1,1,0,2,ROUTE NATIONALE 568,43.46089,4.92137,14,3,2
202100009498,184Â 732,A01,1,1,1,0,1,-1,-1,0,0,-1,2021,40.0,1,5,13,0,9,1,1,,3,980,-1,,2,2,0,1,5,500,1,, -1,1,0,1,90,10,9,2021,11:45,1,51,51425,1,1,0,7,D980,49.1322550383,3.6816370437,11,1,1
202100043404,124Â 078,A01,1,1,1,5,2,0,-1,-1, -1,-1,2021,20.0,2,1,0,2,1,1,1,,1,A4,0,,3,4,0,1,15,0,1,, -1,1,0,1,110,20,4,2021,21:05,3,93,93051,1,1,0,2,A4,48.8348602069,2.5787440762,21,2,2
202100007074,189Â 114,B01,1,1,1,1,2,6,-1,0,0,-1,2021,23.0,1,1,0,2,1,1,1,,3,1206,0,,2,2,0,1,11,300,1,, -1,2,0,1,80,21,11,2021,01:00,3,74,74309,1,1,1,1,D1206,46.115982,6.025942,1,2,2
202100049026,114Â 129,C01,1,1,1,5,2,-1,-1,0,0,-1,2021,58.0,2,1,0,2,1,0,1,,3,22,0,,2,2,0,2,34,500,3,, -1,1,0,1,80,6,3,2021,16:45,1,1,1297,1,1,0,5,D22,45.879231,5.08844,16,4,3
202100001718,198Â 720,A01,1,1,1,5,1,-1,-1,-1, -1,-1,2021,60.0,2,2,0,2,1,1,1,,3,SCHMITT (AVENUE RENE),0,,2,2,0,1,0,728,1,, -1,2,0,1,50,9,11,2021,13:50,1,50,50129,2,2,0,2,SCHMITT (AVENUE RENE),49.63323,-1.64857,13,2,2
202100046313,118Â 994,A01,1,1,1,1,2,6,-1,0,0,-1,2021,20.0,3,1,13,0,1,14,1,,4,,-1,,2,2,0,1,(1),(1),1,, -1,1,0,3,80,29,3,2021,15:20,1,40,40123,1,1,0,7,Avenue Hosseleyre,43.797088,-1.137214,15,1,1
202100021729,162Â 798,B01,1,1,1,4,2,7,9,0,0,-1,2021,37.0,2,1,0,2,1,1,1,,3,8,0,D,2,2,0,1,8,425,1,, -1,1,0,1,90,31,8,2021,15:00,1,61,61082,1,1,0,5,Le Vaujarry,48.598976,0.328345,15,3,3
202100037047,135Â 478,A01,1,1,1,5,2,6,-1,0,0,-1,2021,45.0,1,1,1,0,1,13,3,,4,BOULEVARD AUGUSTE BLANQUI,0,,1,2,0,2,(1),(1),1,, -1,1,0,1,50,1,6,2021,21:35,2,75,75113,2,1,0,6,BOULEVARD AUGUSTE BLANQUI,48.830055,2.348083,21,1,1
202100039586,130Â 824,A01,1,1,1,1,1,0,-1,-1, -1,-1,2021,19.0,1,2,13,0,1,1,1,,3,Champeau (Lieu dit),0,,-1,2,0,2,51,100,2,, -1,1,0,8,30,16,5,2021,15:14,1,19,19272,1,1,0,7,Champeau (Lieu dit),45.2741075937,1.7868768168,15,1,1
202100020728,164Â 576,A01,4,2,1,0,1,0,-1,-1, -1,-1,2021,0.0,0,2,1,0,2,26,1,,4,LOUIS BORDES (RUE),0,,2,2,0,1,0,0,1,, -1,1,0,1,50,5,9,2021,15:55,1,93,93072,2,1,0,3,LOUIS BORDES (RUE),48.954851,2.385827,15,4,2
202100041677,127Â 109,A01,1,1,2,5,1,0,-1,-1, -1,-1,2021,31.0,1,2,0,0,1,1,1,,4,CHUTES LAVI (AVENUE),0,,2,2,0,1,(1),(1),1,, -1,1,0,1,50,2,5,2021,17:30,1,13,13204,2,9,0,7,CHUTES LAVI (AVENUE),43.313005,5.397059,17,1,1
202100000959,200Â 036,A01,10,3,1,0,0,-1,-1,4,3,1,2021,82.0,1,0,0,1,0,26,1,,3,ROOSEVELT (BOULEVARD),0,,1,1,0,1,0,0,1,, -1,2,0,1,50,12,12,2021,14:50,1,2,2738,2,1,0,6,ROOSEVELT (BOULEVARD),49.6585,3.2983,14,2,1
202100035428,138Â 390,B01,1,1,1,1,2,8,-1,-1, -1,-1,2021,37.0,1,1,0,2,2,1,1,,1,A13,0,,1,4,0,1,11,699,1,, -1,1,2,1,110,10,6,2021,18:40,1,78,78524,1,1,0,3,A13,48.840877,2.110664,18,2,2
202100015201,174Â 535,B01,1,1,1,1,2,6,-1,-1, -1,-1,2021,47.0,1,1,0,2,7,3,1,,1,86,0,,-1,2,0,2,4,0,1,, -1,2,2,1,90,5,10,2021,18:10,1,92,92025,1,1,0,3,A86,48.9274239062,2.2374158506,18,2,2
202100002437,197Â 414,A01,1,1,1,1,2,6,-1,-1, -1,-1,2021,18.0,3,1,0,2,2,1,1,,4,PIERRE GUERRE (ROND-POINT),0,,1,1,0,1,1,0,1,, -1,1,0,1,50,17,12,2021,05:19,5,13,13208,2,6,0,3,PIERRE GUERRE (ROND-POINT),43.2503260991,5.3891859748,5,2,2
202100010962,182Â 132,B01,1,1,1,1,2,6,9,0,0,-1,2021,33.0,2,1,0,2,1,1,6,,3,981,0,D,2,2,0,1,16,600,1,, -1,1,9,1,-1,27,10,2021,11:00,1,30,30030,1,3,0,3,Hameau de BÃ©zut,44.056062,4.271901,11,2,2
202100015316,174Â 330,B01,1,1,1,5,8,0,-1,-1, -1,-1,2021,26.0,2,1,0,2,7,1,5,,4,RUE PAUL LAFARGUE,0,,2,2,0,1,0,0,1,, -1,1,0,1,50,2,10,2021,11:15,1,91,91027,2,2,0,3,RUE PAUL LAFARGUE,48.695921,2.382352,11,2,2
202100013510,177Â 579,B01,1,1,1,2,2,6,-1,-1, -1,-1,2021,17.0,2,1,0,2,2,17,1,,3,LOUIS DE FOIX (AVENUE),0,,2,2,0,3,0,495,2,, -1,1,0,1,50,13,10,2021,07:45,2,64,64102,2,1,1,3,LOUIS DE FOIX (AVENUE),43.51163,-1.46852,7,2,2
202100040567,129Â 104,B01,1,1,1,5,2,-1,-1,0,0,-1,2021,19.0,2,1,0,2,1,1,1,,2,,-1,,2,2,0,1,(1),(1),1,,5,1,0,1,50,10,5,2021,13:45,1,971,97134,2,2,0,3,Avenue du General de Gaulle,16.0598735216,-61.7667621374,13,5,2
202100044482,122Â 184,B01,1,1,1,4,2,0,-1,0,0,-1,2021,18.0,2,1,0,2,1,1,5,,4,AVENUE DU MAINE,0,,2,4,0,1,(1),(1),1,, -1,2,0,1,50,10,4,2021,21:35,5,75,75114,2,4,1,6,AVENUE DU MAINE,48.8385553098,2.3226102324,21,2,2
202100020845,164Â 384,B01,1,1,1,5,2,6,-1,-1, -1,-1,2021,51.0,2,1,0,2,7,1,1,,3,FOCH (AVENUE),0,,1,1,0,1,0,1,2,, -1,1,0,1,50,3,9,2021,20:35,2,52,52121,2,1,0,3,FOCH (AVENUE),48.11084,5.1326,20,3,2
202100007491,188Â 365,B01,1,1,1,1,2,6,-1,0,0,-1,2021,39.0,1,1,0,2,1,1,1,,3,115,0,D,2,2,1,1,3,305,1,, -1,2,0,1,90,18,11,2021,08:25,1,41,41051,1,3,0,3,Route d Amboise,47.355949,1.140089,8,2,2
202100030156,147Â 864,B01,1,1,1,5,2,0,-1,-1, -1,-1,2021,16.0,1,1,0,2,7,1,1,,4,BUISSON(BOULEVARD FERDINAND),0,,2,2,0,1,0,0,1,, -1,1,0,1,50,6,7,2021,12:15,1,83,83050,2,3,0,3,BUISSON(BOULEVARD FERDINAND),43.533529,6.469847,12,2,2
202100018110,169Â 246,B01,1,1,1,0,8,-1,-1,-1, -1,-1,2021,34.0,0,1,12,2,1,8,0,,4,VITTON                              (CO),0,,1,2,2,1,(1),(1),1,, -1,1,0,5,50,18,9,2021,22:40,5,69,69386,2,2,0,1,VITTON (CR),45.76997,4.85848,22,2,2
202100011142,181Â 817,A01,1,1,2,5,1,-1,-1,0,0,-1,2021,72.0,1,2,3,0,2,1,1,,1,20,0,A,3,4,0,1,74,775,1,, -1,1,0,3,130,25,10,2021,16:00,1,36,36101,1,1,0,6,,46.716739,1.596901,16,5,1
202100011807,180Â 614,A01,1,1,1,1,8,0,-1,-1, -1,-1,2021,18.0,1,1,0,0,1,26,5,,4,ROE,0,,1,1,0,2,1,0,1,, -1,1,0,1,30,19,10,2021,18:27,1,49,49007,2,1,0,7,ROE,47.47393,-0.55442,18,1,1
202100032098,144Â 375,B01,3,2,1,5,1,0,-1,-1, -1,-1,2021,10.0,2,2,0,2,1,1,0,,4,MONTARDON DE,0,,2,2,0,1,0,0,1,, -1,2,0,1,30,26,6,2021,20:25,1,64,64445,2,3,1,1,MONTARDON DE,43.3146,-0.3758,20,4,2
202100009798,184Â 180,A01,1,1,1,4,2,0,-1,0,0,-1,2021,28.0,1,1,12,0,1,12,1,,4,PORTE DE CHATILLON,0,,1,3,0,1,(1),(1),1,, -1,1,0,1,70,2,11,2021,16:30,1,75,75114,2,4,0,6,PORTE DE CHATILLON,48.822087,2.316511,16,1,1
202100042286,126Â 043,B01,2,2,1,5,2,-1,-1,-1, -1,-1,2021,33.0,1,1,0,2,1,1,1,,3,ZOLA (RUE EMILE),0,,2,2,0,1,1,350,1,, -1,1,0,1,50,27,4,2021,20:36,1,95,95585,2,1,0,1,ZOLA (RUE EMILE),48.985831,2.392962,20,3,2
202100040736,128Â 796,A01,10,3,2,0,0,-1,-1,3,3,1,2021,43.0,3,2,0,1,2,16,1,,4,TOLSTOI    (Cours),0,,1,3,3,1,(1),(1),1,, -1,1,0,1,50,8,5,2021,08:43,1,69,69266,2,6,0,6,TOLSTOI (CR),45.76369,4.87435,8,2,1
202100047532,116Â 801,B01,1,1,1,9,2,6,-1,0,0,-1,2021,56.0,2,1,0,2,1,1,1,,4,AVENUE HOCHE,0,,2,3,0,1,(1),(1),1,, -1,1,0,1,50,18,3,2021,11:45,1,75,75108,2,1,0,3,AVENUE HOCHE,48.876007,2.300407,11,2,2
202100042002,126Â 543,A01,8,2,1,5,8,0,-1,-1,0,-1,2021,64.0,2,3,0,2,3,1,1,2.0,3,GARE (AVENUE DE LA),0,,2,2,0,1,11,650,1,, -1,1,0,1,50,29,4,2021,17:00,1,95,95427,2,3,0,3,GARE (AVENUE DE LA),48.974939,2.342832,17,3,2
202100013036,178Â 448,B01,1,1,1,4,1,0,-1,-1, -1,-1,2021,48.0,2,2,0,2,1,2,1,,3,MONNET (RUE JEAN),0,,2,2,0,1,1,500,1,, -1,1,0,1,50,13,10,2021,17:31,1,87,87085,1,1,0,4,MONNET (RUE JEAN),45.86055,1.28557,17,3,3
202100035447,138Â 351,B01,1,1,1,5,2,2,-1,0,0,-1,2021,34.0,2,1,0,2,1,1,5,,4,PROMENADE ROGER LAROQUE,0,,2,2,1,2,0,0,1,, -1,1,0,1,50,9,6,2021,17:30,2,988,98818,2,1,0,3,PROMENADE ROGER LAROQUE/PARKING HAUTEUR PISCINE MUNICIPALE,-22.30756,166.45017,17,2,2
202100052726,107Â 489,A01,1,1,1,1,1,-1,-1,0,0,-1,2021,28.0,2,2,0,2,3,9,1,,3,51,-1,,2,2,0,2,6,800,3,, -1,2,9,1,80,4,2,2021,06:48,2,27,27464,1,2,1,1,RD 51/ RD 32,48.933989,1.113833,6,2,2
202100014598,175Â 621,A01,10,3,1,5,0,-1,-1,2,3,1,2021,59.0,2,2,0,1,3,9,1,,9,TROIS EVECHES (PLACE DES ),0,,1,2,0,1,(1),(1),1,, -1,1,5,1,30,30,9,2021,09:32,1,54,54528,2,7,0,6,TROIS EVECHES (PLACE DES ),48.67388,5.89015,9,2,1
202100028022,151Â 622,A01,1,1,1,5,2,6,-1,0,0,-1,2021,25.0,2,1,0,2,1,1,1,,3,152,-1,,2,2,0,1,5,200,1,,4,1,0,1,80,21,7,2021,17:40,1,14,14431,1,2,0,3,D152,49.077665,-0.088524,17,3,2
202100044115,122Â 818,B01,1,1,1,5,2,0,-1,-1, -1,-1,2021,20.0,1,1,0,2,1,1,1,,3,TIGRE (ROUTE DU),0,,2,1,0,1,1,400,1,, -1,1,0,1,50,12,4,2021,23:35,1,973,97309,2,3,0,6,TIGRE (ROUTE DU),4.9151865394,-52.3107743561,23,2,2
202100033379,142Â 103,A01,2,2,2,0,1,-1,-1,-1, -1,-1,2021,47.0,2,2,0,2,1,5,1,,7,312                                     ,0,,2,3,0,1,1,900,3,, -1,1,9,1,70,19,6,2021,08:40,1,69,69276,2,6,0,1,D312                                     ,45.67885,4.8503,8,4,2
202100020510,164Â 972,A01,1,1,2,3,1,-1,-1,-1,0,-1,2021,70.0,3,2,1,0,3,26,2,,6,ALENCON (RUE D'),0,,-1,-1,0,1,(1),(1),1,, -1,1,9,8,30,6,9,2021,12:25,1,61,61117,2,9,0,6,ALENCON (RUE D'),48.4327,0.06264,12,1,1
202100010819,182Â 392,B01,1,1,1,0,1,-1,-1,0,0,-1,2021,41.0,1,2,16,0,4,15,1,,3,313,0,D,2,2,0,1,56,200,1,, -1,1,0,1,80,24,10,2021,11:45,1,27,27412,1,3,0,2,D313,49.23868,1.119018,11,4,2
202100026030,155Â 154,A01,1,1,1,5,8,-1,-1,0,0,-1,2021,36.0,1,2,2,0,3,1,1,,3,54,0,D,2,2,0,2,26,100,1,, -1,1,0,3,80,1,8,2021,01:30,3,62,62361,1,1,0,6,D54,50.283447,2.30339,1,1,1
202100040328,129Â 519,B01,1,1,1,9,2,0,-1,-1, -1,-1,2021,17.0,3,1,0,2,7,1,1,,4,BUTTE AUX CAILLES (ROND POINT DE LA),0,,2,2,0,1,0,0,3,, -1,1,0,1,50,10,5,2021,08:00,1,64,64024,2,6,0,3,BUTTE AUX CAILLES (ROND POINT DE LA),43.49683,-1.50965,8,2,2
202100004571,193Â 608,B01,1,1,1,1,1,-1,-1,0,0,-1,2021,44.0,1,2,0,0,3,1,2,,3,939,-1,,2,2,0,1,195,760,1,, -1,2,0,1,80,6,12,2021,18:50,3,62,62858,1,1,1,1,D939,50.231476121,3.0062010884,18,2,2
202100031266,145Â 853,A01,1,1,1,5,2,6,-1,0,0,-1,2021,21.0,1,1,0,2,8,1,1,,3,82,0,,2,2,0,1,19,200,3,, -1,1,0,1,50,3,7,2021,02:00,3,202,202185,1,1,0,3,RD 82,42.663867,9.313617,2,2,2
202100018128,169Â 213,A01,10,3,2,0,0,-1,-1,3,3,1,2021,75.0,1,3,0,1,1,15,1,1.0,4,BELFORT (RUE DE),0,,2,3,3,1,(1),(1),1,, -1,1,5,1,50,18,9,2021,15:55,1,71,71076,2,3,0,6,BELFORT (RUE DE),46.78624,4.85725,15,2,1
202100024590,157Â 703,B01,1,1,2,0,1,0,-1,-1, -1,-1,2021,51.0,3,2,0,2,0,1,1,,3,RTE NATIONALE 20,0,,1,3,0,1,0,0,1,, -1,1,5,1,50,10,8,2021,18:45,1,91,91339,2,2,0,3,RUE DE LA DIVISION LECLERC,48.63501,2.26606,18,2,2
202100043338,124Â 198,B01,1,1,1,9,1,0,-1,-1, -1,-1,2021,34.0,0,2,0,2,1,1,1,,4,MARÃCHAL DE LATTRE (AVENUE),0,,2,2,0,1,0,0,1,, -1,1,0,1,50,20,4,2021,21:00,5,13,13209,2,1,0,1,MARÃCHAL DE LATTRE (AVENUE),43.2461395339,5.4175428512,21,6,2
202100042391,125Â 858,B01,1,1,1,4,1,-1,-1,0,0,-1,2021,22.0,1,4,0,2,2,1,1,,3,999,-1,N,2,2,0,1,1,908,1,, -1,1,0,1,80,27,4,2021,18:40,1,31,31584,1,1,0,5,Route de Montauban,43.866849,1.471918,18,3,3
202100027550,152Â 477,A01,10,3,2,0,0,-1,-1,3,3,2,2021,7.0,2,2,0,1,3,1,1,,4,CLEMENCEAU (BOULEVARD),0,,2,2,0,2,(1),(1),1,, -1,1,0,1,50,19,7,2021,12:25,1,19,19031,2,1,0,6,CLEMENCEAU (BOULEVARD),45.15358,1.53113,12,2,1
202100041019,128Â 296,B01,9,2,2,9,1,-1,-1,0,0,-1,2021,12.0,1,2,0,2,9,1,1,,3,612,-1,,2,2,0,2,26,400,1,, -1,1,0,1,80,7,5,2021,19:15,1,66,66217,1,1,0,1,D612,42.616465,2.805204,19,5,2
202100026209,154Â 848,A01,1,1,1,5,1,-1,-1,0,0,-1,2021,25.0,2,2,13,0,1,1,1,,3,763,-1,,3,4,0,1,26,570,2,, -1,1,0,8,110,1,8,2021,01:40,3,85,85197,1,1,0,6,D763,46.872938,-1.395087,1,2,1
202100000862,200Â 198,A01,2,2,2,5,1,0,-1,0,0,-1,2021,30.0,3,2,0,2,2,15,1,,4,PATTON (AVENUE DU GENERAL SIR GEORGES),0,,2,4,0,1,(1),(1),1,, -1,1,5,1,50,29,12,2021,12:50,1,35,35238,2,2,0,2,Avenue GÃ©nÃ©ral George S. Patton,48.12839,-1.66417,12,5,2
202100009460,184Â 793,A01,1,1,1,9,2,8,-1,0,0,-1,2021,59.0,1,1,12,0,0,1,1,,4,QUAI DE GRENELLE,0,,2,4,0,1,(1),(1),1,, -1,2,0,1,50,4,11,2021,20:00,5,75,75115,2,2,1,6,QUAI DE GRENELLE,48.84937,2.281565,20,1,1
202100035797,137Â 721,A01,1,1,1,5,2,9,-1,0,0,-1,2021,26.0,1,1,3,0,2,1,1,,3,17,0,D,2,2,0,2,5,0,2,, -1,1,0,1,80,8,6,2021,15:50,1,54,54378,1,1,0,6, RD17,49.4673710477,5.6469726564,15,1,1
202100036280,136Â 829,B01,2,2,2,9,1,0,-1,-1, -1,-1,2021,32.0,1,2,0,2,3,1,1,,4,AVENUE PAUL VERLAINE,0,,1,0,0,1,1,0,1,, -1,1,0,1,50,4,6,2021,11:52,1,93,93050,2,2,0,3,Avenue Paul Verlaine / Rue RenÃ© Char,48.868125,2.547909,11,3,2
202100030680,146Â 915,B01,2,2,1,0,1,5,-1,-1, -1,-1,2021,61.0,2,2,0,2,9,1,1,,2,RN12 EXT,0,,-1,2,0,1,31,770,1,, -1,1,0,1,110,4,7,2021,01:05,3,78,78208,1,1,0,2,RN12 EXT,48.7995,1.9852,1,3,2
202100002981,196Â 448,B01,1,1,2,0,8,0,-1,-1, -1,-1,2021,53.0,2,1,0,2,5,1,1,,3,ROSNY (AVENUE DE),0,,1,4,0,1,0,0,1,, -1,1,0,1,50,14,12,2021,19:40,5,93,93077,2,1,0,3,ROSNY (AVENUE DE),48.88176,2.49612,19,2,2
202100015251,174Â 448,A01,1,1,1,2,2,6,-1,0,0,-1,2021,15.0,1,1,0,2,1,2,1,,4,,-1,,2,2,0,2,(1),(1),1,,"5,5",1,0,1,50,4,10,2021,16:50,1,12,12300,2,1,0,2,Avenue Etienne Soulie,44.35613,2.038884,16,2,2
202100026791,153Â 833,C01,1,1,1,5,2,6,-1,-1, -1,-1,2021,35.0,2,1,0,2,8,16,1,,3,BROGNY (AVENUE DE) (SECTEUR 310),0,,2,4,1,1,0,0,1,, -1,1,0,1,50,27,7,2021,15:10,1,74,74010,2,3,0,3,BROGNY (AVENUE DE) (SECTEUR 310),45.91156,6.12589,15,2,2