Num_Acc,id_vehicule,num_veh,place,catu,sexe,trajet,secu1,secu2,secu3,locp,actp,etatp,year_acc,victim_age,senc,catv,obs,obsm,choc,manv,motor,occutc,catr,voie,v1,v2,circ,nbv,vosp,prof,pr,pr1,plan,lartpc,larrout,surf,infra,situ,vma,jour,mois,an,hrmn,lum,dep,com,agg_,int,atm,col,adr,lat,long,hour,nb_victim,nb_vehicules
202100036881,135Â 774,B01,1,1,1,1,1,-1,-1,0,0,-1,2021,50.0,2,2,0,2,3,0,1,,3,15,0,D,2,2,0,1,27,194,1,, -1,1,0,1,50,3,6,2021,09:15,1,31,31547,2,1,0,3,1065 Route de Toulouse,43.505681,1.322747,9,2,2
202100027302,152Â 928,A01,1,1,1,5,2,-1,-1,0,0,-1,2021,44.0,3,1,0,2,1,1,5,,6,,-1,,-1,0,0,1,(1),(1),1,,0,1,0,8,-1,23,7,2021,17:10,1,22,22143,2,1,0,3,Route de Saint-Cast,48.598774,-2.286701,17,2,2
202100034661,139Â 764,A01,1,1,1,9,2,6,-1,0,0,-1,2021,41.0,1,1,8,0,1,1,1,,4,,-1,,2,2,0,1,(1),(1),1,,4,1,0,1,50,11,6,2021,18:04,1,61,61063,2,1,0,7,za des cinq chemins,48.703211,-0.363675,18,1,1
202100050770,110Â 929,A01,10,3,2,1,0,-1,-1,3,3,1,2021,66.0,1,1,0,1,0,1,5,,4,BOULEVARD VOLTAIRE,0,,2,4,1,1,(1),(1),1,, -1,1,-1,5,50,20,2,2021,17:30,1,75,75111,2,2,0,6,BOULEVARD VOLTAIRE,48.856179,2.38283,17,2,1
202100049240,113Â 741,B01,1,1,2,9,1,0,-1,-1, -1,-1,2021,41.0,1,2,0,2,2,1,1,,3,MICHELET (BOULEVARD EDMOND),0,,3,4,0,1,2,125,1,, -1,1,0,1,70,3,3,2021,11:45,1,66,66136,1,1,0,3,MICHELET (BOULEVARD EDMOND),42.70062,2.88127,11,2,2
202100056195,101Â 444,B01,1,1,2,1,1,0,-1,0,0,-1,2021,40.0,2,2,0,2,5,16,1,,4,JEAN JAURES (BD) DE (1 A 45)   (2 A 54),0,,1,3,3,1,(1),(1),1,, -1,1,0,1,50,5,1,2021,06:25,5,75,75117,2,2,0,2,JEAN JAURES (BD) DE (1 A 45)   (2 A 54),48.896673,2.309577,6,2,2
202100011727,180Â 768,B01,1,1,1,0,0,-1,-1,0,0,-1,2021,42.0,1,1,0,0,8,1,5,,3,75,-1,,2,2,0,1,4,400,3,, -1,1,0,3,80,23,10,2021,17:00,1,55,55069,1,1,1,3,D75,48.84383,4.990776,17,2,2
202100037964,133Â 806,B01,2,2,1,0,1,0,-1,-1, -1,-1,2021,32.0,2,2,0,2,4,2,1,,2,ROUTE NATIONALE 1,0,,1,2,0,1,5,500,1,, -1,1,0,1,70,27,5,2021,13:25,1,972,97213,1,1,0,2,ROUTE NATIONALE 1,14.62013,-60.99388,13,3,2
202100054535,104Â 294,B01,1,1,1,4,1,0,-1,-1, -1,-1,2021,33.0,2,4,1,0,1,1,1,,1,7,0,,1,1,0,1,7,750,1,, -1,2,7,1,110,19,1,2021,03:55,5,38,38336,1,1,1,2,A7,45.47653,4.83452,3,2,2
202100010188,183Â 492,B01,1,1,1,1,2,8,-1,-1, -1,-1,2021,29.0,0,1,0,2,4,9,0,,3,906,0,,1,2,2,2,0,0,1,, -1,1,0,1,30,28,10,2021,18:22,2,92,92020,2,1,0,2,PARIS AVENUE DE NÂ°84 A FIN,48.806874,2.293398,18,2,2
202100050970,110Â 573,A01,1,1,1,3,1,5,-1,0,0,-1,2021,73.0,0,2,13,0,1,19,1,,3,10,0,D,2,2,0,1,7,600,1,, -1,1,0,8,80,19,2,2021,12:05,1,49,49041,1,2,0,6,D10,47.285918,0.05947,12,1,1
202100053929,105Â 350,B01,1,1,1,0,1,-1,-1,-1, -1,-1,2021,49.0,3,2,0,2,2,1,1,,4,,0,,2,6,1,1,(1),(1),1,, -1,2,0,1,50,22,1,2021,17:50,5,69,69290,1,2,1,3,TEMPS MODERNES (DES) (AV),45.7112,4.91233,17,6,2
202100037186,135Â 216,A01,1,1,1,5,8,0,-1,-1, -1,-1,2021,40.0,2,1,0,0,1,1,3,,4,BLANC LOUIS (BOULEVARD),0,,-1,4,0,1,0,0,1,, -1,1,0,1,50,30,5,2021,07:52,2,87,87085,2,1,0,7,BLANC LOUIS (BOULEVARD),45.82763,1.26086,7,1,1
202100049991,112Â 386,A01,10,3,1,0,0,-1,-1,0,0,-1,2021,22.0,2,2,0,1,3,15,1,,3,CHANZY (BOULEVARD),0,,1,3,0,1,(1),(1),1,, -1,1,0,8,50,8,2,2021,11:44,1,971,97120,2,9,0,6,CHANZY (BOULEVARD),16.24491,-61.539,11,2,1
202100046315,118Â 990,B01,1,1,2,1,2,-1,-1,0,0,-1,2021,41.0,0,1,0,2,1,1,1,,9,,0,,2,2,0,1,(1),(1),1,, -1,2,0,1,50,11,3,2021,06:20,3,44,44047,2,1,1,2,177 Boulevard de la LibÃ©ration,47.213888,-1.698825,6,2,2
202100045436,120Â 519,A01,1,1,1,0,8,0,-1,-1, -1,-1,2021,44.0,1,1,0,2,3,15,0,,4,PAUL VAILLANT COUTURIER (AV),0,,2,2,0,2,0,0,1,, -1,1,0,1,30,2,4,2021,20:50,5,94,94037,2,3,0,3,PAUL VAILLANT COUTURIER (AV),48.81678,2.333709,20,2,2
202100043706,123Â 565,A01,10,3,2,1,0,-1,-1,6,A,1,2021,38.0,3,5,1,1,1,2,1,,3,113,0,D,2,2,0,1,(1),(1),1,, -1,1,0,3,80,17,4,2021,12:10,1,13,13097,1,1,0,2,D113,43.638622,4.844027,12,2,1
202100010063,183Â 706,A01,1,1,1,1,1,-1,-1,0,0,-1,2021,58.0,3,2,16,0,0,1,1,,3,d151,-1,,2,2,0,1,(1),(1),3,, -1,1,0,1,50,31,10,2021,19:50,5,84,84137,2,1,0,7,D151,44.236514,5.084996,19,1,1
202100017089,171Â 083,A01,10,3,2,2,8,8,-1,3,3,2,2021,4.0,2,5,0,1,2,17,1,,3,HUIT MAI 1945 (AV DU),0,,2,2,0,1,1,0,1,, -1,1,0,1,50,23,9,2021,17:00,1,94,94058,2,1,0,6,HUIT MAI 1945 (AV DU),48.847355,2.508341,17,2,1
202100027221,153Â 060,A01,1,1,1,5,1,8,-1,-1, -1,-1,2021,28.0,3,2,6,0,1,15,1,,4,MARIE DE CHAMPAGNE (RUE),0,,2,2,0,1,0,0,1,, -1,2,0,4,50,23,7,2021,06:26,1,10,10387,2,1,1,6,MARIE DE CHAMPAGNE (RUE),48.3070003,4.059627,6,2,1
202100012831,178Â 788,A01,10,3,1,0,0,-1,-1,3,3,1,2021,20.0,1,2,0,1,1,1,1,,4,ZOLA (RUE EMILE),0,,2,2,0,1,(1),(1),1,, -1,1,0,1,50,16,10,2021,18:00,1,54,54304,2,1,0,6,ZOLA (RUE EMILE),48.6814245596,6.1566675633,18,2,1
202100001646,198Â 862,B01,1,1,2,4,1,-1,-1,0,0,-1,2021,48.0,1,2,0,2,7,19,1,,3,577,0,,2,3,0,1,19,150,1,, -1,2,0,1,70,25,12,2021,12:00,1,14,14061,1,3,0,3,D577,48.914025,-0.82464,12,3,2
202100022772,160Â 894,B01,1,1,1,5,1,4,-1,-1, -1,-1,2021,26.0,1,2,0,2,4,1,1,,1,86,0,,3,6,0,1,7,599,1,, -1,1,3,1,90,24,8,2021,19:00,1,92,92036,1,9,0,2,A86,48.9346421839,2.2815214445,19,3,2
202100051094,110Â 347,B01,1,1,1,0,8,0,-1,-1, -1,-1,2021,26.0,1,1,0,2,7,0,3,,3,"""LANDY RD 20, NR IMPAIRS 1 A 144""",0,,2,3,0,1,0,1,1,, -1,1,0,8,50,17,2,2021,10:13,1,93,93066,2,1,0,1,"""LANDY RD 20, NR IMPAIRS 1 A 144""",48.91536,2.35253,10,2,2
202100046534,118Â 606,B01,3,2,1,0,1,0,-1,-1, -1,-1,2021,38.0,0,2,0,2,1,16,1,,4,AV DU GENERAL EISENHOWER,0,,3,3,0,1,(1),(1),1,, -1,1,0,1,50,21,3,2021,10:40,1,31,31555,2,3,0,3,AV DU GENERAL EISENHOWER,43.56194,1.39085,10,5,2
202100038525,132Â 777,A01,1,1,1,1,1,0,-1,0,0,-1,2021,38.0,2,5,0,2,2,13,1,,4,PORTE DAUPHINE,0,,1,5,0,1,15,600,1,, -1,1,0,1,70,23,5,2021,06:50,1,75,75116,2,4,0,2,PORTE DAUPHINE,48.873692,2.275113,6,2,2
202100004241,194Â 170,A01,1,1,2,5,1,0,-1,-1, -1,-1,2021,21.0,2,2,6,0,1,14,1,,3,COMPAGNET (GIRATOIRE DE),0,,3,2,0,1,3,500,1,, -1,2,0,1,50,5,12,2021,16:15,1,64,64102,2,1,0,6,COMPAGNET (GIRATOIRE DE),43.4606030476,-1.4958196878,16,1,1
202100045401,120Â 578,A01,1,1,1,4,1,5,-1,0, -1,-1,2021,50.0,2,2,0,2,2,15,1,,4,ROQUE (RUE DE LA),0,,2,2,0,2,0,0,1,, -1,1,0,1,30,2,4,2021,18:40,1,30,30007,2,1,0,3,ROQUE (RUE DE LA),44.12675,4.07724,18,2,2
202100051886,108Â 954,A01,10,3,2,5,0,-1,-1,2,3,1,2021,5.0,3,2,0,1,2,1,1,,4,DAUDET (ALPHONSE),0,,2,2,0,1,(1),(1),1,, -1,1,0,1,50,10,2,2021,18:00,2,81,81004,2,1,0,6,DAUDET (ALPHONSE),43.9137530606,2.136236107,18,2,1
202100053944,105Â 327,A01,10,3,1,9,0,-1,-1,1,3,1,2021,24.0,3,2,0,1,3,17,1,,4,CORNES   RUE DE L'OUVRAGE A,0,,2,2,1,1,(1),(1),1,, -1,1,0,1,30,23,1,2021,18:35,5,17,17300,2,1,0,6,CORNES   RUE DE L'OUVRAGE A,46.15549,-1.14587,18,2,1
202100056293,101Â 274,B01,1,1,1,9,1,0,-1,-1, -1,-1,2021,26.0,1,2,0,2,3,15,1,,4,BARGUE  (BOULEVARD),0,,2,2,0,1,0,0,1,, -1,1,0,1,30,4,1,2021,14:20,1,93,93047,2,3,0,3,BARGUE  (BOULEVARD),48.903068552,2.5622028552,14,2,2
202100036005,137Â 327,B01,1,1,1,4,1,-1,-1,0,0,-1,2021,43.0,1,2,0,2,3,5,0,,3,104,0,D,2,2,0,1,55,400,1,, -1,1,0,1,80,8,6,2021,08:15,1,7,7343,1,1,0,1,D104 - PK55+400,44.547527,4.333087,8,2,2
202100040391,129Â 409,A01,10,3,1,5,0,-1,-1,2,3,2,2021,4.0,2,2,0,1,3,1,1,,4,1,0,,2,2,0,1,(1),(1),1,, -1,1,0,1,30,12,5,2021,13:10,1,6,6161,2,1,0,6,624 Avenue des Ferrayonnes,43.656224,7.130314,13,2,1
202100018295,168Â 921,B01,1,1,1,1,2,0,-1,-1, -1,-1,2021,34.0,1,1,0,2,1,1,1,,4,PREVOT (ERNEST),0,,1,2,0,1,(1),(1),1,, -1,1,0,1,50,14,9,2021,20:46,5,973,97302,2,1,0,3,PREVOT (ERNEST),4.933296155,-52.3328488469,20,2,2
202100038160,133Â 441,B01,1,1,2,0,1,0,-1,-1, -1,-1,2021,65.0,1,2,0,2,8,19,3,,2,RN 184,0,,1,3,0,1,12,700,1,, -1,1,5,1,50,26,5,2021,13:20,1,78,78551,1,2,0,5,RN 184,48.90994,2.07433,13,3,3
202100036320,136Â 769,A01,9,2,1,5,1,-1,-1,0,0,-1,2021,24.0,2,2,13,0,0,1,1,,3,28,-1,,2,2,0,2,(1),(1),2,, -1,1,0,1,-1,6,6,2021,14:30,1,54,54166,1,1,0,7,D28,49.008741,5.865905,14,3,1
202100027144,153Â 193,A01,1,1,1,4,1,-1,-1,0,0,-1,2021,45.0,2,5,4,0,3,9,1,,1,71,0,,3,4,0,2,177,500,1,, -1,2,3,1,130,25,7,2021,23:35,3,18,18279,1,4,0,6,A71,47.245438,2.067345,23,1,1
202100014167,176Â 370,A01,10,3,1,0,0,-1,-1,2,1,1,2021,25.0,1,2,0,2,8,16,1,,3,DOCTEUR SCHWEITZER (RUE DU),0,,1,2,0,1,1,948,2,, -1,1,0,1,50,9,10,2021,09:00,1,45,45004,2,6,0,6,Avenue du Docteur Schweitzer,48.00134,2.77135,9,2,1
202100017522,170Â 301,A01,1,1,1,9,2,8,-1,-1, -1,-1,2021,20.0,2,1,0,0,3,26,1,,3,9B,0,,3,0,3,1,0,0,1,, -1,1,0,1,50,22,9,2021,20:10,5,92,92026,2,1,0,7,GEORGES CLEMENCEAU,48.90274,2.27423,20,1,1
202100023001,160Â 513,A01,1,1,1,1,2,0,-1,-1, -1,-1,2021,48.0,3,1,0,2,1,9,3,,4,LABAT (RUE DU DOCTEUR),0,,-1,0,3,1,(1),(1),1,, -1,1,8,1,50,4,5,2021,13:10,1,82,82121,2,6,0,3,LABAT (RUE DU DOCTEUR),44.02718,1.34453,13,2,2
202100023404,159Â 782,A01,1,1,1,9,2,8,-1,-1, -1,-1,2021,43.0,2,1,0,2,1,1,1,,3,BADUEL (ROUTE DE),0,,2,2,0,1,2,100,1,, -1,1,9,1,50,18,8,2021,09:30,1,973,97302,2,9,0,2,BADUEL (ROUTE DE),4.9340515171,-52.3107161524,9,2,2
202100044366,122Â 367,A01,1,1,1,9,8,0,-1,-1, -1,-1,2021,96.0,1,2,0,2,2,15,1,,4,JOHN KENNEDY (BOULEVARD),0,,3,5,0,2,(1),(1),2,, -1,1,0,1,50,10,4,2021,12:30,1,21,21231,2,4,0,3,JOHN KENNEDY (BOULEVARD),47.3085488733,5.0308429576,12,2,2
202100037597,134Â 457,A01,1,1,1,1,2,8,-1,-1, -1,-1,2021,31.0,0,1,0,0,1,1,1,,4,BOUYALA D'ARNAUD (BOULEVARD),0,,2,2,0,1,0,0,1,, -1,1,0,1,30,29,5,2021,17:00,1,13,13212,2,1,0,7,BOUYALA D'ARNAUD (BOULEVARD),43.2968476834,5.4428048462,17,1,1
202100049221,113Â 772,A01,1,1,1,0,1,-1,-1,-1, -1,-1,2021,50.0,1,2,0,2,1,2,1,,4,JEAN MERMOZ                         (AV),0,,3,4,3,1,(1),(1),1,, -1,1,0,1,50,3,3,2021,11:45,1,69,69388,2,1,0,2,JEAN MERMOZ                         (AV),45.73541,4.87246,11,3,2
202100013995,176Â 687,B01,1,1,1,5,2,8,-1,-1, -1,-1,2021,37.0,1,0,0,2,1,2,3,,4,LECLERC (RUE DU GENERAL ),0,,2,2,0,1,(1),(1),1,, -1,1,0,1,50,10,10,2021,16:50,1,59,59017,2,1,0,6,LECLERC (RUE DU GENERAL ),50.68324,2.88756,16,2,2
202100031574,145Â 317,B01,1,1,2,1,1,0,-1,-1, -1,-1,2021,24.0,1,2,0,2,0,23,1,,1,VA007418 PONT JUMEAUX A620 Sortie 30,0,,1,4,0,1,5,413,1,, -1,1,9,1,90,29,6,2021,18:15,1,31,31555,1,1,0,4,VA007418 PONT JUMEAUX A620 Sortie 30,43.60847,1.41043,18,4,4
202100033761,141Â 425,B01,1,1,1,5,1,8,-1,-1, -1,-1,2021,58.0,1,2,0,2,4,2,1,,1,A13,0,,3,3,0,2,27,0,1,, -1,1,0,1,110,18,6,2021,15:55,1,78,78466,1,1,0,2,A13,48.931353,1.979135,15,3,2
202100037572,134Â 507,A01,1,1,2,0,1,8,-1,-1, -1,-1,2021,61.0,2,2,0,2,2,11,0,,3,CONTI (QUAI),0,,1,2,0,1,3,37,1,, -1,1,0,1,50,29,5,2021,11:30,1,78,78350,2,1,0,2,CONTI (QUAI),48.872872,2.121617,11,2,2
202100047761,116Â 376,A01,1,1,1,4,8,0,-1,-1, -1,-1,2021,35.0,3,2,1,2,7,1,1,,4,LAC (DU)                            (R ),0,,1,1,0,1,(1),(1),1,, -1,1,0,1,50,16,3,2021,10:30,1,69,69383,2,2,0,3,LAC (DU) (R),45.75671,4.85477,10,2,2
202100013648,177Â 315,A01,1,1,1,5,1,8,-1,-1, -1,-1,2021,19.0,3,2,1,0,3,1,3,,4,LURCAT (RUE JEAN),0,,1,1,0,2,(1),(1),1,, -1,1,0,1,50,10,10,2021,11:45,1,37,37261,2,1,0,6,LURCAT (RUE JEAN),47.4110787511,0.7052285355,11,1,1
202100039753,130Â 525,B01,1,1,1,0,1,-1,-1,0,0,-1,2021,56.0,2,2,0,2,8,1,1,,3,951,0,,2,3,0,2,36,640,1,, -1,2,0,1,90,11,5,2021,10:45,1,36,36172,1,1,1,3,CD 951,46.639301,1.379471,10,2,2
202100022810,160Â 835,B01,1,1,1,1,2,6,-1,-1, -1,-1,2021,17.0,2,1,0,2,1,1,1,,3,NATIONALE (ROUTE),0,,4,2,0,1,1,1004,1,, -1,1,0,1,50,21,8,2021,22:35,5,41,41212,2,4,0,3,NATIONALE (ROUTE),47.57313,1.35549,22,2,2
202100008457,186Â 621,B01,1,1,1,5,8,0,-1,-1, -1,-1,2021,34.0,3,1,0,2,1,19,3,,4,STOESSEL (BOULEVARD CHARLES),0,,2,3,2,1,(1),(1),1,, -1,1,0,5,50,10,11,2021,14:59,1,68,68224,2,3,0,1,STOESSEL (BOULEVARD CHARLES),47.74391,7.32613,14,4,2
202100052889,107Â 181,B01,1,1,1,0,8,-1,-1,-1, -1,-1,2021,43.0,1,2,0,2,1,2,1,,4,D113,0,,2,1,0,1,(1),(1),1,, -1,2,0,1,50,1,2,2021,16:40,1,33,33065,1,1,0,4,Voie rapide Bx-Latresne,44.80468,-0.51663,16,3,3
202100002141,197Â 961,A01,1,1,1,0,2,6,-1,-1, -1,-1,2021,24.0,2,1,0,9,3,17,1,,3,CYPRES (MONTEE DES),0,,2,2,0,3,39,525,1,, -1,1,0,1,70,18,12,2021,17:10,1,30,30243,1,2,0,3,CYPRES (MONTEE DES),44.09597,4.08009,17,3,2
202100010524,182Â 915,B01,1,1,1,9,2,0,-1,-1, -1,-1,2021,36.0,1,1,0,2,1,26,1,,4,GASNIER AVENUE,0,,2,2,0,1,1,0,1,, -1,1,0,1,50,27,10,2021,20:15,5,49,49007,2,3,0,1,GASNIER AVENUE,47.490762,-0.576138,20,2,2
202100035657,137Â 976,B01,2,2,1,0,1,0,-1,-1, -1,-1,2021,47.0,2,2,0,2,2,1,1,,1,15,0,,3,6,0,1,4,0,1,, -1,1,0,1,90,9,6,2021,15:30,1,92,92036,1,1,0,3,AUTOROUTE A15,48.93788,2.29767,15,3,2
202100053298,106Â 464,A01,1,1,1,5,0,-1,-1,0,0,-1,2021,30.0,1,0,0,0,7,1,3,,3,,-1,,2,2,0,1,(1),(1),1,, -1,1,5,1,50,29,1,2021,13:45,1,72,72154,2,6,0,3,Boulevard du QuÃ©bec,47.708029,-0.068391,13,2,2
202100015261,174Â 432,A01,1,1,1,5,0,-1,-1,0,0,-1,2021,58.0,2,2,0,0,3,0,1,,3,28,0,D,2,2,0,1,35,10,2,,"4,5",2,0,3,80,5,10,2021,00:00,3,79,79195,1,1,0,6,,46.945135,-0.541077,0,1,1
202100009834,184Â 118,A01,10,3,2,5,0,-1,-1,1,1,1,2021,19.0,2,2,0,1,2,2,1,,3,34,0,,2,2,0,1,28,400,1,, -1,2,0,1,80,3,11,2021,18:15,3,55,55166,1,1,1,6,D34,49.114585,5.386627,18,3,1
202100008028,187Â 381,B01,1,1,1,1,0,-1,-1,-1, -1,-1,2021,22.0,1,1,0,2,0,1,5,,4,BD DU PDT FRANKLIN ROOSEVELT,0,,2,4,0,2,(1),(1),1,, -1,1,1,1,50,11,11,2021,09:00,1,33,33522,2,1,0,6,Boulevard du PrÃ©sident Franklin Roosevelt,44.8206,-0.58192,9,2,2
202100018745,168Â 134,B01,1,1,2,0,8,0,-1,-1, -1,-1,2021,22.0,3,1,0,2,8,1,5,,4,BASSENS (AVENUE DE),0,,2,2,0,2,(1),(1),1,, -1,1,0,1,50,15,9,2021,13:25,1,73,73065,2,2,0,3,AV BASSENS POINCARRE RAYMOND (QUAI),45.56703,5.92973,13,2,2
202100027215,153Â 068,B01,1,1,1,5,2,0,-1,-1, -1,-1,2021,17.0,2,1,0,2,1,1,5,,4,,0,,2,2,0,1,(1),(1),1,, -1,1,0,1,50,24,7,2021,08:30,1,15,15014,2,1,0,3,Avenue de TronquiÃ¨res,44.907096,2.42889,8,3,2
202100042577,125Â 518,A01,10,3,1,0,0,-1,-1,4,3,2,2021,9.0,3,2,0,1,0,26,1,,4,AmitiÃ© des peuples,0,,1,2,0,1,(1),(1),1,, -1,1,0,1,50,19,4,2021,21:12,5,971,97120,2,1,0,6,AmitiÃ© des peuples,16.243,-61.5397,21,2,1
202100014198,176Â 313,A01,1,1,2,5,8,0,-1,0,0,-1,2021,49.0,1,1,0,2,8,15,5,,4,BOULEVARD RASPAIL,0,,2,4,1,2,(1),(1),1,, -1,1,0,1,30,9,10,2021,18:20,1,75,75106,2,2,0,3,BOULEVARD RASPAIL,48.84517,2.32854,18,2,2
202100010825,182Â 378,D01,1,1,1,1,1,-1,-1,-1, -1,-1,2021,37.0,2,2,0,2,4,1,1,,1,ROCADE A 630,0,,3,4,0,1,12,750,1,, -1,1,3,1,70,27,10,2021,14:10,1,33,33162,1,1,0,4,ROCADE A 630,44.86447,-0.65368,14,5,4
202100055481,102Â 679,A01,1,1,1,3,2,0,-1,-1, -1,-1,2021,24.0,1,1,0,0,0,1,1,,4,MOULIN BOULEVARD,0,,-1,2,0,1,1,0,1,, -1,1,0,1,50,11,1,2021,11:09,1,49,49007,2,6,0,7,MOULIN BOULEVARD,47.49206,-0.55097,11,2,1
202100043083,124Â 665,A01,10,3,1,5,0,-1,-1,3,3,2,2021,58.0,1,2,0,1,1,9,1,,3,21,0,D,2,2,0,1,14,900,1,, -1,1,6,1,50,30,3,2021,17:00,1,51,51388,2,1,0,7,Rue du GÃ©nÃ©ral Gouraud,49.136474,4.365048,17,2,1
202100015775,173Â 471,A01,1,1,2,2,2,0,-1,-1, -1,-1,2021,50.0,0,1,0,2,8,13,5,,4,,0,,2,1,0,1,0,0,1,, -1,1,0,1,30,1,10,2021,09:11,1,92,92076,2,1,0,3,SURESNES,48.845825,2.179968,9,2,2
202100009416,184Â 869,A01,1,1,2,5,1,-1,-1,0,0,-1,2021,73.0,0,2,0,2,3,15,1,,3,EUROPE (AVENUE DE L'),0,,2,3,0,1,(1),(1),1,, -1,1,0,1,50,2,11,2021,10:45,1,80,80021,2,2,0,3,EUROPE (AVENUE DE L'),49.90754,2.30194,10,2,2
202100047420,117Â 009,B01,2,2,2,0,1,-1,-1,0,0,-1,2021,76.0,1,2,0,0,8,9,1,,3,421,-1,D,2,2,0,1,0,400,1,, -1,1,0,1,40,19,3,2021,17:17,1,67,67437,2,2,0,3,Rue de Dettwiller,48.739805,7.371166,17,3,2
202100012057,180Â 158,B01,1,1,1,0,1,0,-1,-1, -1,-1,2021,46.0,0,2,0,2,3,1,1,,4,TROIS MARCHES (AV) / MIN RUNGIS,0,,1,2,0,1,1,0,1,, -1,1,5,1,50,20,10,2021,17:00,1,94,94065,2,1,0,3,Avenue des Trois Marches Min,48.758956,2.350894,17,3,2
202100013835,176Â 963,A01,1,1,1,0,1,0,-1,-1, -1,-1,2021,49.0,2,2,1,0,0,0,1,,3,ANTOINE DE SAINT EXUPERY,0,,2,2,0,1,3,1685,1,, -1,1,0,1,50,9,10,2021,04:20,5,76,76447,2,3,0,6,Avenue Antoine de Saint-ExupÃ©ry,49.54996,0.1764,4,1,1
202100016972,171Â 282,B01,1,1,1,0,0,-1,-1,0,0,-1,2021,16.0,3,1,0,2,1,5,5,,4,RICHEMOND (BOULEVARD),0,,1,2,1,1,1,0,1,, -1,1,0,5,50,22,9,2021,17:50,1,14,14118,2,9,0,3,RICHEMOND (BOULEVARD),49.19072,-0.3759,17,2,2
202100033305,142Â 238,A01,1,1,1,5,8,-1,-1,-1, -1,-1,2021,78.0,3,1,0,0,0,1,3,,4,GENERAL SARRAIL (DU)                (QU),0,,-1,0,0,1,(1),(1),1,, -1,9,0,3,15,14,6,2021,14:10,1,69,69386,2,1,0,7,GENERAL SARRAIL (DU) (Q),45.7677641999,4.8412519097,14,1,1
202100019154,167Â 392,B01,3,2,2,5,1,0,-1,-1, -1,-1,2021,86.0,2,2,0,2,7,1,1,,4,BOIS DE GRACE (BOULEVARD DU),0,,2,0,0,1,(1),(1),1,, -1,1,0,1,50,13,9,2021,18:30,1,77,77083,2,6,0,3,PYRAMIDES (AVENUE DES),48.85021,2.58519,18,4,2
202100052928,107Â 113,A01,1,1,1,5,0,-1,-1,0,0,-1,2021,16.0,1,1,0,2,1,15,5,,4,,-1,,2,2,2,1,(1),(1),1,, -1,1,0,1,50,2,2,2021,14:35,1,49,49063,2,1,0,1,40 Avenue de la Gare,47.349179,-0.747553,14,2,2
202100038364,133Â 062,Z01,10,3,2,0,8,8,-1,1,3,1,2021,16.0,3,1,0,1,2,16,1,,4,,0,,2,2,0,1,(1),(1),1,, -1,1,0,1,30,23,5,2021,20:20,1,38,38185,2,3,0,6,Avenue Washington,45.18146,5.74655,20,2,1
202100032608,143Â 490,A01,1,1,1,5,1,5,-1,0,0,-1,2021,53.0,1,2,15,0,2,1,1,,3,978,-1,,2,2,0,1,49,915,2,, -1,1,0,4,70,13,6,2021,12:45,1,19,19101,1,1,0,6,"Le CHAMBON, Avenue du MAS",45.249313,1.784205,12,1,1
202100001689,198Â 773,A01,1,1,1,0,1,0,-1,-1, -1,-1,2021,21.0,1,1,0,2,1,17,0,,4,DU CENTRE(CHEMIN),0,,2,2,0,1,0,0,1,, -1,1,0,1,50,21,12,2021,20:00,5,974,97409,2,1,0,3,DU CENTRE(CHEMIN),-20.9484,55.65773,20,2,2
202100019290,167Â 156,A01,1,1,1,5,6,2,-1,0,0,-1,2021,16.0,3,1,13,0,7,14,1,,3,768,-1,,2,2,0,1,(1),(1),1,, -1,2,0,3,80,25,7,2021,01:15,3,22,22286,1,1,1,7,44 Le Haut Boulay,48.520481,-2.383878,1,2,1
202100008307,186Â 875,A01,2,2,2,5,1,-1,-1,0,0,-1,2021,25.0,1,2,13,0,2,17,1,,2,20,-1,,2,3,0,2,72,181,3,, -1,2,0,3,90,11,11,2021,13:20,1,9,9318,1,1,1,6,RN 20,42.755623,1.770473,13,2,1
202100001216,199Â 599,A01,1,1,2,4,1,0,-1,-1, -1,-1,2021,35.0,1,2,0,2,7,16,1,,3,JEAN LOLIVE (AVENUE)(137/FIN ET 134/FIN),0,,-1,4,3,1,0,1,1,, -1,2,0,6,50,27,12,2021,16:00,1,93,93055,2,1,0,3,JEAN LOLIVE (AVENUE)(137/FIN ET 134/FIN),48.8932843803,2.4131453692,16,2,2
202100038092,133Â 576,A01,1,1,2,1,1,-1,-1,0,0,-1,2021,60.0,2,2,0,2,8,15,1,,3,64,0,,2,2,0,2,14,900,1,, -1,1,0,1,90,28,5,2021,10:10,1,3,3155,1,1,0,3,la platriÃ¨re,46.725297,2.875269,10,2,2
202100053083,106Â 842,A01,2,2,1,1,8,0,-1,0,0,-1,2021,27.0,3,1,12,0,1,13,1,,4,BOULEVARD DE PORT ROYAL,0,,1,1,0,1,(1),(1),1,, -1,1,0,1,50,30,1,2021,00:45,5,75,75113,2,3,0,6,BOULEVARD DE PORT ROYAL,48.838276,2.342064,0,2,1
202100001688,198Â 774,B01,5,2,1,0,1,0,-1,-1, -1,-1,2021,10.0,3,2,0,2,1,0,1,,4,LECLERC (DU MARECHAL),0,,1,8,0,1,0,0,1,, -1,2,0,1,50,22,12,2021,13:50,1,974,97411,2,2,1,3,LECLERC (DU MARECHAL),-20.8845,55.46568,13,5,2
202100056423,101Â 042,B01,1,1,1,1,2,6,-1,0,0,-1,2021,27.0,2,1,0,2,1,1,1,,4,RUE DE TOLBIAC,0,,2,3,0,1,(1),(1),1,, -1,1,0,1,50,1,1,2021,19:10,5,75,75113,2,1,0,3,RUE DE TOLBIAC,48.828627,2.373209,19,2,2