Num_Acc,id_vehicule,num_veh,place,catu,sexe,trajet,secu1,secu2,secu3,locp,actp,etatp,year_acc,victim_age,senc,catv,obs,obsm,choc,manv,motor,occutc,catr,voie,v1,v2,circ,nbv,vosp,prof,pr,pr1,plan,lartpc,larrout,surf,infra,situ,vma,jour,mois,an,hrmn,lum,dep,com,agg_,int,atm,col,adr,lat,long,hour,nb_victim,nb_vehicules
202100019095,167Â 508,D01,1,1,1,4,1,-1,-1,0,0,-1,2021,30.0,2,2,0,0,1,1,1,,3,642,-1,D,2,2,0,1,22,200,1,, -1,1,0,1,80,10,9,2021,16:00,1,59,59184,1,1,0,5,270 Route Nationale,50.730277,2.399567,16,5,4
202100008161,187Â 133,A01,1,1,1,5,1,-1,-1,0,0,-1,2021,19.0,0,2,0,0,6,9,1,,2,7,0,,2,2,0,1,21,375,1,, -1,1,5,1,80,14,11,2021,21:25,3,38,38114,1,3,0,3,Plateau de Louze N7,45.407987,4.81184,21,4,2
202100036971,135Â 615,B01,2,2,2,5,1,0,-1,-1, -1,-1,2021,65.0,2,2,0,2,3,0,3,,3,CHATEAU (RUE DU),0,,2,2,0,1,46,556,1,, -1,1,0,1,50,31,5,2021,23:35,5,77,77070,2,2,0,3,CHATEAU (RUE DU),48.78955,3.12406,23,3,2
202100052462,107Â 941,B01,1,1,2,5,2,0,-1,0,0,-1,2021,46.0,1,1,0,2,7,15,5,,4,RUE DU BAC,0,,2,2,1,1,0,0,1,, -1,1,0,1,50,5,2,2021,09:40,1,75,75107,2,2,0,3,RUE DU BAC,48.857713,2.32799,9,2,2
202100009304,185Â 070,A01,10,3,2,1,0,-1,-1,3,3,1,2021,29.0,2,5,0,1,1,1,1,,4,LYS.(AVENUE DES),0,,2,2,0,1,1,0,1,, -1,2,0,1,50,4,11,2021,17:30,5,94,94011,2,6,1,6,Avenue des Lys,48.77065,2.49435,17,2,1
202100020023,165Â 834,A01,1,1,1,4,1,8,-1,-1, -1,-1,2021,40.0,2,4,0,2,1,1,1,,1,A86 EXT,0,,3,8,0,1,39,900,1,, -1,1,0,1,90,9,9,2021,07:50,1,94,94028,1,1,0,2,A86 EXT,48.78347,2.44071,7,2,2
202100055173,103Â 194,A01,1,1,2,5,1,8,-1,-1, -1,-1,2021,22.0,2,2,0,2,2,15,1,,4,CHAZELLES ( COURS LOUIS  DE ),0,,2,4,0,1,(1),(1),1,, -1,1,5,1,30,12,1,2021,18:15,5,56,56121,2,3,0,3,CHAZELLES ( COURS LOUIS  DE ),47.75487,-3.36323,18,3,2
202100045478,120Â 445,B01,1,1,2,5,1,-1,-1,0,0,-1,2021,62.0,3,2,0,2,3,1,1,,4,VC2,0,,2,2,0,1,(1),(1),1,, -1,1,5,1,80,23,3,2021,18:50,1,29,29068,1,2,0,3,VC7- VC2 Lieu dit Le Rest,48.549562,-3.997736,18,2,2
202100047696,116Â 498,B01,1,1,2,0,8,0,-1,-1, -1,-1,2021,29.0,1,2,0,2,4,1,1,,1,A13,0,,3,6,0,1,36,400,1,, -1,2,0,1,130,17,3,2021,16:12,1,78,78238,1,1,1,4,A13,48.970584,1.875252,16,3,3
202100013307,177Â 958,A01,10,3,1,9,0,-1,-1,1,3,1,2021,59.0,1,2,0,1,1,9,1,,4,RUE DES SUISSES,0,,1,1,0,1,(1),(1),1,, -1,1,0,1,30,13,10,2021,18:00,1,75,75114,2,1,0,6,RUE DES SUISSES,48.831007,2.314735,18,2,1
202100041034,128Â 269,A01,2,2,2,5,1,0,-1,-1, -1,-1,2021,50.0,1,2,0,2,4,1,1,,1,A7-Sens Lyon vers Marseille,0,,1,3,0,2,271,0,1,, -1,1,0,1,90,5,5,2021,19:00,1,13,13106,1,1,0,2,A7-Sens Lyon vers Marseille,43.38921,5.35105,19,3,2
202100051644,109Â 377,A01,1,1,1,0,8,0,-1,-1, -1,-1,2021,21.0,2,5,0,2,7,1,1,,4,TONY GARNIER                        (AV),0,,3,6,0,1,(1),(1),1,, -1,5,0,1,50,12,2,2021,21:30,5,69,69387,2,1,1,3,TONY GARNIER (AV),45.7265842479,4.8324276836,21,3,2
202100000712,200Â 443,A01,7,2,2,5,1,-1,-1,0,0,-1,2021,10.0,2,2,13,0,2,1,1,,1,89,0,A,3,4,0,1,38,480,1,, -1,2,0,3,130,4,12,2021,18:55,3,33,33393,1,1,1,7,autorute A89,44.98869,-0.147543,18,4,1
202100046232,119Â 134,A01,1,1,1,1,2,0,-1,-1, -1,-1,2021,51.0,2,1,0,2,4,13,1,,4,SAINTE MARGUERITE (BOULEVARD),0,,2,4,0,1,(1),(1),1,, -1,1,0,1,50,28,3,2021,17:35,1,13,13209,2,1,0,2,SAINTE MARGUERITE (BOULEVARD),43.265397,5.408808,17,2,2
202100039966,130Â 150,B01,1,1,1,5,2,6,-1,-1, -1,-1,2021,39.0,1,1,0,2,4,2,1,,3,FOCH(AVENUE DU MARECHAL),0,,3,1,0,1,1,0,1,, -1,1,5,1,50,13,5,2021,14:10,1,94,94028,2,1,0,2,Avenue du MarÃ©chal Foch,48.78456,2.43656,14,2,2
202100041369,127Â 662,A01,1,1,1,4,1,-1,-1,0,0,-1,2021,28.0,1,2,0,2,5,17,1,,1,16,-1,A,3,4,0,1,133,550,1,, -1,1,0,1,130,6,5,2021,08:30,1,80,80024,1,1,0,2,autoroute A16 - PK 133+550,49.9477865164,2.2346806528,8,2,2
202100048151,115Â 678,B01,1,1,1,5,2,6,-1,0,0,-1,2021,41.0,2,1,0,0,0,21,1,,4,RUE RAYMOND LOSSERAND,0,,1,1,0,1,(1),(1),1,, -1,2,0,1,30,13,3,2021,13:30,1,75,75114,2,2,0,7,RUE RAYMOND LOSSERAND,48.832945,2.316251,13,1,1
202100051949,108Â 848,B01,2,2,2,5,1,-1,-1,0,0,-1,2021,43.0,2,2,0,0,8,15,1,,3,38,0,,2,2,0,1,(1),(1),1,, -1,1,0,1,80,10,2,2021,13:30,1,84,84116,1,1,0,3,D938 route de Nyons,44.266892,5.103385,13,3,2
202100050490,111Â 447,A01,10,3,1,5,0,-1,-1,4,3,1,2021,69.0,1,2,0,1,3,26,1,,3,CHARLES FREROT (R),0,,2,2,0,1,0,0,1,, -1,1,0,8,50,23,2,2021,14:00,1,94,94037,2,3,0,6,REPUBLIQUE (AV DE LA),48.81556,2.35111,14,2,1
202100013682,177Â 245,A01,1,1,1,9,8,0,-1,0,0,-1,2021,34.0,2,1,0,2,8,19,3,,4,AVENUE JEAN JAURES,0,,2,2,1,1,(1),(1),1,, -1,1,0,1,30,12,10,2021,18:50,1,75,75119,2,3,0,3,AVENUE JEAN JAURES,48.887004,2.386344,18,2,2
202100043634,123Â 681,B01,1,1,1,0,8,-1,-1,-1, -1,-1,2021,22.0,1,1,0,2,1,1,5,,4,AVE PASTEUR,0,,2,2,2,1,(1),(1),1,, -1,1,0,1,50,17,4,2021,14:30,1,33,33200,2,4,0,3,Avenue Pasteur,44.88097,-0.68593,14,2,2
202100044094,122Â 858,A01,4,2,2,5,1,-1,-1,0,0,-1,2021,47.0,2,2,4,2,3,11,1,,1,6,-1,,3,5,0,1,306,0,1,, -1,1,0,3,130,9,4,2021,17:40,1,21,21054,1,1,0,6,A6,47.005924,4.862866,17,4,2
202100000898,200Â 140,B01,1,1,1,4,2,6,-1,-1, -1,-1,2021,37.0,2,1,0,2,1,2,1,,4,,0,,2,2,3,1,0,0,1,, -1,1,0,1,50,30,12,2021,12:45,1,92,92062,2,1,0,3,BERTHELOT (RUE MARCELIN),48.8894804456,2.230836153,12,2,2
202100051909,108Â 914,A01,1,1,2,0,1,0,-1,0,0,-1,2021,20.0,2,2,7,0,1,2,1,,4,ALLENDE  BOULEVARD SALVADOR,0,,2,2,0,1,(1),(1),3,, -1,2,5,4,50,8,2,2021,20:10,5,25,25056,2,6,1,6,ALLENDE  BOULEVARD SALVADOR,47.217539,5.967521,20,1,1
202100029417,149Â 199,A01,1,1,2,5,1,0,-1,-1, -1,-1,2021,27.0,1,2,0,0,3,1,1,,3,ROUTE DE CHAZEAU,0,,2,2,0,1,(1),(1),2,, -1,1,0,4,70,10,7,2021,17:10,1,971,97101,1,1,0,6,ROUTE DE CHAZEAU,16.28757,-61.48233,17,1,1
202100003579,195Â 357,B01,1,1,1,2,2,6,-1,-1, -1,-1,2021,15.0,2,1,0,2,1,21,1,,3,MONTEES (RUE DES),0,,2,2,0,1,0,0,1,, -1,2,0,1,50,8,12,2021,07:48,2,87,87085,2,2,1,3,BELLAC (RUE DE),45.85064,1.24477,7,2,2
202100036435,136Â 580,A01,10,3,2,5,0,-1,-1,3,3,1,2021,85.0,2,2,0,1,2,15,1,,4,AVE ROGER COHE,0,,2,2,0,1,(1),(1),1,, -1,2,0,1,50,4,6,2021,11:20,1,33,33318,2,3,1,6,Avenue Roger CohÃ©,44.80787,-0.632173,11,2,1
202100009856,184Â 083,A01,9,2,1,0,1,3,-1,0,0,-1,2021,3.0,2,0,0,2,1,1,1,,3,3,-1,,2,2,0,1,4,781,1,, -1,1,0,1,90,2,11,2021,14:15,1,77,77235,1,1,0,2,D3,48.987581,3.069177,14,4,2
202100008308,186Â 873,A01,2,2,1,9,1,-1,-1,0,0,-1,2021,28.0,1,2,16,2,4,0,1,,3,134,0,R,2,2,0,1,86,900,3,, -1,1,0,1,70,13,11,2021,18:00,2,64,64506,1,1,0,2,Mail de Couret,43.05067,-0.601459,18,3,2
202100046408,118Â 819,A01,10,3,1,5,0,-1,-1,3,3,1,2021,72.0,2,2,0,1,1,1,1,,3,67,-1,,2,2,0,1,21,400,1,, -1,1,0,1,50,27,3,2021,10:40,1,26,26301,2,1,0,6,1170 Avenue General de Gaulle,45.120409,4.984381,10,2,1
202100013771,177Â 096,B01,1,1,1,1,2,-1,-1,0,0,-1,2021,55.0,1,1,0,2,8,21,1,,3,16,-1,,2,2,1,1,1,900,1,, -1,1,0,1,50,12,10,2021,13:50,1,973,97304,2,1,0,7,Route de l Espace,5.17471,-52.653469,13,2,2
202100053844,105Â 504,B01,2,2,1,5,1,-1,-1,-1, -1,-1,2021,13.0,2,2,8,2,7,1,1,,4,AVENUE DE MAGELLAN,0,,2,3,0,1,(1),(1),2,, -1,2,0,1,50,24,1,2021,14:20,1,33,33318,2,3,0,3,Avenue de Magellan,44.78467,-0.66351,14,3,2
202100032617,143Â 469,A01,1,1,1,0,1,0,-1,-1, -1,-1,2021,32.0,1,2,0,0,0,2,1,,2,104,0,,3,1,0,1,50,500,3,, -1,1,0,1,50,24,6,2021,14:15,1,91,91339,1,9,0,6,RN 104,48.62676,2.26187,14,1,1
202100039145,131Â 654,A01,1,1,1,9,8,0,-1,0,0,-1,2021,25.0,1,1,0,2,1,2,5,,4,RUE DE LA ROQUETTE,0,,2,2,0,2,(1),(1),1,, -1,1,0,1,30,20,5,2021,18:00,1,75,75111,2,3,0,2,RUE DE LA ROQUETTE,48.857991,2.38158,18,2,2
202100030951,146Â 432,B01,1,1,1,5,1,5,-1,0,0,-1,2021,38.0,0,2,0,2,3,1,1,,4,,-1,,2,2,0,2,(1),(1),2,,4,2,2,1,50,4,7,2021,19:56,2,62,62443,2,1,0,1,Boulevard de la Fosse 10,50.440582,2.653692,19,2,2
202100021767,162Â 719,B01,1,1,2,0,8,0,-1,0,0,-1,2021,52.0,0,1,0,2,1,1,3,,4,ANDRE (RUE DU LIEUTENANT),0,,2,2,0,1,(1),(1),1,, -1,1,0,1,50,27,8,2021,07:15,1,71,71076,2,2,0,3,ANDRE (RUE DU LIEUTENANT),46.79598,4.8544,7,2,2
202100050097,112Â 191,A01,2,2,1,5,2,-1,-1,0,0,-1,2021,35.0,0,6,15,0,3,1,1,,4,4,0,,-1,2,0,1,(1),(1),1,, -1,1,0,3,-1,27,2,2021,15:40,1,82,82004,1,1,0,6,Lieu dit costes haut,44.014436,0.952706,15,2,1
202100008227,187Â 006,B01,2,2,1,5,1,-1,-1,-1,0,-1,2021,61.0,2,2,0,2,4,2,1,,1,AUTOROUTE A15,0,,3,6,0,1,15,800,1,, -1,1,0,1,110,13,11,2021,19:00,3,95,95306,1,1,0,2, A15,49.00019,2.17385,19,5,2
202100015984,173Â 097,B01,1,1,1,5,2,-1,-1,0,0,-1,2021,55.0,2,1,12,2,4,2,5,,3,74,0,D,2,2,0,1,8,753,1,, -1,1,0,1,50,30,9,2021,19:30,2,44,44071,2,1,0,2,Rue du ChÃ¢teau,47.198337,-1.421378,19,2,2
202100029372,149Â 274,B01,2,2,2,5,1,9,-1,0,0,-1,2021,27.0,1,2,0,2,1,17,1,,2,2,0,,3,4,0,1,36,200,1,, -1,1,0,1,110,26,6,2021,18:45,1,2,2464,1,1,0,1,RN2,49.424042,3.410338,18,3,2
202100016686,171Â 803,B01,1,1,1,5,1,0,-1,-1, -1,-1,2021,24.0,2,2,0,2,4,2,1,,3,75,0,,3,3,1,1,0,0,1,, -1,2,0,1,50,26,9,2021,15:20,1,92,92060,2,1,1,4,CHARLES DE GAULLE (AVENUE) RD75 NÂ°1 A 35,48.7781925536,2.259521526,15,4,3
202100053393,106Â 286,A01,1,1,1,0,2,-1,-1,0,0,-1,2021,58.0,1,1,1,0,1,2,1,,3,209,-1,,2,2,0,3,(1),(1),1,, -1,1,0,1,50,28,1,2021,17:00,1,977,97701,1,1,1,2,COUPE GORGE,17.904977,-62.832291,17,2,2
202100054397,104Â 529,A01,1,1,1,4,1,-1,-1,0,0,-1,2021,24.0,2,4,0,2,1,1,1,,7,46,0,A,2,2,0,2,1,800,2,, -1,1,0,1,70,18,1,2021,09:00,1,13,13041,1,1,0,3,D46a,43.452763,5.493336,9,2,2
202100049448,113Â 376,A01,1,1,1,1,8,-1,-1,0,0,-1,2021,30.0,1,2,8,0,1,1,1,,3,21,-1,,2,2,0,1,14,450,1,, -1,1,0,8,70,4,3,2021,07:00,2,87,87158,1,1,0,7,Rue Victor Hugo,45.766657,0.966018,7,1,1
202100052439,107Â 979,A01,1,1,1,1,2,0,-1,-1, -1,-1,2021,58.0,1,1,0,2,1,17,1,,7,LARDENNE (AV DE),0,,2,2,0,1,2,224,1,, -1,1,0,1,50,4,2,2021,17:40,1,31,31555,2,1,0,3,LARDENNE (AV DE),43.59261,1.396,17,2,2
202100037869,133Â 972,A01,1,1,1,0,2,8,-1,-1, -1,-1,2021,36.0,1,1,0,2,1,11,1,,2,,0,,1,2,1,1,0,0,1,, -1,1,1,1,50,28,5,2021,13:45,1,92,92026,2,1,0,2,DEFENSE (ROND POINT DE LA),48.8909054051,2.2412806749,13,2,2
202100035431,138Â 384,A01,1,1,2,0,2,0,-1,-1, -1,-1,2021,38.0,2,1,0,2,1,3,0,,1,A13,0,,-1,3,0,1,9,0,1,, -1,1,0,1,110,10,6,2021,08:40,1,78,78158,1,1,0,3,A13,48.831589,2.146766,8,2,2
202100006460,190Â 249,A01,1,1,1,5,2,6,-1,0,0,-1,2021,26.0,3,1,0,2,1,1,1,,4,BOULEVARD PERIPHERIQUE,0,,1,2,0,1,(1),(1),1,, -1,1,0,1,70,23,11,2021,21:45,5,75,75117,2,4,0,2,BOULEVARD PERIPHERIQUE,48.880662,2.281865,21,2,2
202100054849,103Â 762,A01,2,2,1,0,8,0,-1,-1, -1,-1,2021,3.0,0,2,1,0,6,14,1,,4,,0,,1,1,0,1,(1),(1),1,, -1,2,0,1,30,15,1,2021,12:30,1,69,69259,2,1,1,6,VICTOR HUGO (R),45.70281,4.88507,12,2,1
202100028661,150Â 486,A01,1,1,2,0,2,0,-1,-1, -1,-1,2021,27.0,1,1,0,0,7,26,1,,4,DOLE RUE DE (entre 82 et 185),0,,2,2,2,1,(1),(1),1,, -1,2,0,1,50,16,7,2021,23:40,5,25,25056,2,1,0,7,DOLE RUE DE (entre 82 et 185),47.2297,5.9914,23,2,1
202100029675,148Â 752,A01,2,2,1,5,2,6,-1,0,0,-1,2021,17.0,1,1,0,2,3,19,1,,3,278,0,D,2,2,0,1,5,113,1,, -1,1,0,1,90,11,7,2021,11:15,1,3,3258,1,2,0,1,Rue de Vendat,46.182096,3.332173,11,5,2
202100033494,141Â 908,A01,1,1,1,5,2,-1,-1,0,0,-1,2021,28.0,2,1,13,0,1,0,1,,3,9,0,C,2,2,0,1,10,70,1,, -1,1,0,1,70,19,6,2021,20:00,3,973,97311,1,1,0,7,Route de Mana,5.553456,-53.933816,20,1,1
202100053713,105Â 723,B01,1,1,1,4,1,-1,-1,-1, -1,-1,2021,51.0,1,5,0,2,3,15,1,,4,LE CONTE (REU AUGUSTE),0,,2,2,0,1,0,0,1,, -1,1,0,1,50,22,1,2021,19:10,5,76,76481,1,3,0,2,Rue Auguste le Conte,49.55279,0.11392,19,2,2
202100044214,122Â 639,A01,10,3,1,5,0,-1,-1,1,3,2,2021,7.0,3,2,0,1,2,1,1,,4,,-1,,2,2,0,1,(1),(1),1,, -1,1,2,1,50,14,4,2021,17:30,1,38,38451,2,9,0,6,rue de l'Ã©glise,45.753778,5.21926,17,2,1
202100034520,140Â 025,A01,1,1,1,5,2,6,-1,0,0,-1,2021,63.0,2,1,0,0,0,0,5,,3,5.3,-1,,2,2,0,2,1,973,3,, -1,1,0,1,70,15,6,2021,13:00,1,68,68359,1,1,0,7,RD 5.3,47.84018,7.166305,13,1,1
202100035902,137Â 515,A01,1,1,1,1,1,8,-1,-1, -1,-1,2021,18.0,2,2,0,4,8,15,1,,7,Avenue Jean JaurÃ¨sDU GENERAL),0,,2,2,0,1,(1),(1),1,, -1,1,4,1,50,7,6,2021,18:30,1,59,59512,2,8,0,3,LE NOTRE (AVENUE),50.680718,3.166919,18,2,2
202100043501,123Â 906,A01,10,3,2,5,0,-1,-1,2,3,1,2021,64.0,1,2,0,1,1,1,1,,3,216,-1,,2,2,0,1,0,590,2,, -1,1,0,1,30,18,4,2021,09:45,1,12,12120,2,4,0,6,Place du 11 Novembre 1918,44.381156,2.823679,9,2,1
202100047940,116Â 046,A01,1,1,1,0,2,0,-1,-1, -1,-1,2021,20.0,1,1,4,0,1,1,1,,3,JOFFRE MARECHAL (QUAI),0,,1,1,0,1,41,1028,1,, -1,1,0,8,50,6,3,2021,05:00,5,34,34301,2,1,0,6,JOFFRE MARECHAL (QUAI),43.4116,3.694,5,1,1
202100014607,175Â 605,B01,1,1,1,1,1,0,-1,-1, -1,-1,2021,53.0,1,5,0,2,4,2,1,,2,RN157,0,,3,4,0,1,40,330,1,, -1,1,0,1,110,7,10,2021,06:50,3,35,35051,1,1,0,3,RN157,48.1144181502,-1.5582652688,6,2,2
202100009084,185Â 468,B01,1,1,2,5,8,8,-1,-1, -1,-1,2021,47.0,3,2,0,2,3,1,1,,3,STRASBOURG (ROUTE DE),0,,2,2,0,1,0,0,1,, -1,1,0,1,50,6,11,2021,23:15,5,67,67180,2,9,0,1,STRASBOURG (ROUTE DE),48.80938,7.78066,23,4,2
202100053215,106Â 617,B01,1,1,1,0,2,0,-1,-1, -1,-1,2021,39.0,1,1,0,2,7,1,1,,7,PONT NEUF,0,,2,3,0,1,1,0,1,, -1,2,0,1,50,27,1,2021,13:40,1,31,31555,2,1,1,3,PONT NEUF,43.59886,1.43653,13,2,2
202100021280,163Â 618,A01,1,1,2,5,8,8,8,0,0,-1,2021,75.0,2,1,0,2,1,1,5,,4,FAURE (AV. FELIX),0,,2,2,1,1,(1),(1),1,, -1,1,0,5,50,1,9,2021,19:20,1,6,6088,2,2,0,1,FAURE (AV. FELIX),43.698075,7.27279,19,2,2
202100031436,145Â 553,A01,10,3,2,9,0,-1,-1,4,3,1,2021,20.0,2,2,0,1,3,16,1,,3,,-1,,3,-1,-1,1,(1),(1),1,, -1,1,0,1,-1,1,7,2021,09:50,1,92,92036,2,3,0,6,RENIERS (AVENUE CHEMIN),48.9343459738,2.3200088739,9,2,1
202100043489,123Â 925,A01,1,1,1,3,2,-1,-1,0,0,-1,2021,59.0,3,1,0,0,0,1,1,,6,,0,,-1,-1,0,1,(1),(1),1,, -1,1,0,1,30,19,4,2021,18:15,1,56,56177,2,1,0,7,Rue AbbÃ© le MarÃ©chal,47.773152,-3.00401,18,1,1
202100045881,119Â 746,A01,1,1,1,0,1,0,-1,-1, -1,-1,2021,20.0,2,2,0,2,6,11,1,,1,AUTOROUTE A6A,0,,2,12,0,1,4,760,1,, -1,1,0,1,90,31,3,2021,18:00,1,94,94038,1,1,0,5,AUTOROUTE A6A,48.77563,2.34653,18,4,3
202100032264,144Â 093,A01,5,2,2,0,1,0,-1,-1, -1,-1,2021,19.0,2,2,0,2,2,21,1,,4,LEBAS (AVENUE JEAN),0,,1,1,0,1,(1),(1),1,, -1,1,0,1,50,25,6,2021,02:10,5,59,59512,2,1,0,2,LEBAS (AVENUE JEAN),50.6935145271,3.168639511,2,8,2
202100027352,152Â 831,A01,1,1,1,0,2,8,-1,-1, -1,-1,2021,26.0,1,1,16,0,0,0,1,,4,MOULIN (RUE DU VIEUX),0,,2,2,0,1,(1),(1),3,, -1,1,0,1,50,22,7,2021,13:35,1,56,56107,2,1,0,7,MOULIN (RUE DU VIEUX),47.72161,-3.38286,13,1,1
202100008766,186Â 069,A01,1,1,1,5,0,0,-1,-1, -1,-1,2021,33.0,2,1,15,0,1,25,3,,3,MARECHAL DE LATTRE DE TASSIGNY (AV),0,,2,0,0,1,1,0,1,, -1,1,9,4,50,9,11,2021,20:05,5,94,94073,2,1,0,6,Av du Mal de Lattre de Tassigny,48.75307,2.40553,20,1,1
202100022074,162Â 171,A01,10,3,2,9,0,-1,-1,1,3,2,2021,3.0,1,2,0,1,1,1,1,,3,THOMAS (RUE ALBERT) DU NÂ° 1 A 5 ET NÂ°2,0,,2,2,0,1,0,390,1,, -1,1,0,1,50,27,8,2021,20:20,1,51,51454,2,1,0,7,Rue Albert Thomas,49.2338178475,4.0485735575,20,2,1
202100040947,128Â 427,B01,1,1,1,1,2,6,-1,0,0,-1,2021,58.0,1,1,0,2,3,1,1,,4,RUE DE PRONY,0,,2,2,0,1,(1),(1),1,, -1,1,0,1,50,7,5,2021,14:30,1,75,75117,2,2,0,3,RUE DE PRONY,48.882219,2.304524,14,2,2
202100054124,105Â 003,A01,10,3,1,0,8,8,-1,4,3,2,2021,25.0,1,2,0,1,1,14,1,,3,989,0,,2,2,0,1,0,0,1,, -1,1,0,1,50,22,1,2021,12:10,1,92,92040,2,2,0,6,VICTOR CRESSON (AVENUE) DU 29 AU 77,48.8225719512,2.2679552436,12,2,1
202100029363,149Â 287,A01,1,1,1,5,0,-1,-1,0,0,-1,2021,24.0,3,1,0,2,1,1,3,,4,0,0,C,2,2,1,1,(1),(1),1,, -1,1,0,5,30,12,7,2021,11:30,1,56,56243,2,9,0,1,Route de l Hippodrome,47.623333,-2.731218,11,2,2
202100048309,115Â 406,B01,1,1,1,1,2,0,-1,-1, -1,-1,2021,44.0,1,1,0,2,7,1,1,,4,ERNEST RENAN (AVENUE),0,,2,1,0,1,0,0,1,, -1,1,0,1,30,12,3,2021,09:30,1,93,93048,2,3,0,3,ERNEST RENAN (AVENUE),48.8684,2.4427,9,2,2
202100038897,132Â 103,B01,1,1,1,0,1,8,-1,-1, -1,-1,2021,31.0,1,2,0,2,1,1,1,,2,RN 112 (ROCADE SUD),0,,2,2,0,1,37,0,1,, -1,1,0,1,90,21,5,2021,13:00,1,81,81065,1,1,0,5,RN 112 (ROCADE SUD),43.5687946,2.2637221,13,3,3
202100011831,180Â 575,A01,1,1,1,0,2,6,-1,-1, -1,-1,2021,19.0,2,1,1,0,7,14,1,,4,CAMAS (RUE DU),0,,1,1,0,4,0,0,2,, -1,1,0,1,50,20,10,2021,12:15,1,13,13205,2,1,0,6,CAMAS (RUE DU),43.29842,5.39243,12,1,1
202100043673,123Â 612,A01,1,1,1,0,2,6,9,0,0,-1,2021,26.0,1,1,0,0,1,1,1,,3,37,0,D,2,2,0,1,5,500,1,, -1,1,0,3,80,17,4,2021,16:40,1,60,60568,1,1,0,7,D37,49.417507,2.492738,16,1,1
202100022897,160Â 694,A01,5,2,2,5,1,0,-1,-1, -1,-1,2021,9.0,1,2,2,0,1,1,1,,2,JAURES (BOULEVARD JEAN),0,,1,3,0,2,(1),(1),2,, -1,1,0,1,50,22,8,2021,21:05,4,974,97411,2,1,0,6,JAURES (BOULEVARD JEAN),-20.8898,55.46374,21,5,1
202100038050,133Â 648,B01,1,1,1,1,0,0,-1,-1, -1,-1,2021,22.0,1,1,0,2,8,1,5,,3,AV DE FONTAINEBLEAU,0,,2,4,1,1,1,0,1,, -1,1,0,5,50,27,5,2021,21:15,5,94,94043,2,1,0,3,FONTAINEBLEAU (AV DE),48.812,2.36138,21,2,2
202100037320,134Â 963,A01,1,1,2,0,2,0,-1,-1, -1,-1,2021,25.0,1,1,0,0,0,1,1,,4,,0,,2,2,0,1,0,1,1,, -1,1,0,1,50,29,5,2021,18:20,1,92,92020,2,1,0,7,DIVISION LECLERC AVENUE DE LA,48.796857001,2.280510664,18,1,1
202100042438,125Â 765,A01,3,2,1,5,2,0,-1,-1, -1,-1,2021,21.0,3,1,0,0,8,21,1,,4,CHATRADES (rue des),0,,2,2,0,1,0,0,2,, -1,1,0,1,80,24,4,2021,19:00,1,87,87085,1,1,0,7,CHATRADES (rue des),45.85494,1.17131,19,2,1
202100001141,199Â 732,A01,1,1,2,0,1,0,-1,-1, -1,-1,2021,52.0,1,2,3,0,1,1,1,,1,AUTOROUTE A86,0,,-1,2,0,3,16,0,2,, -1,2,2,1,70,29,12,2021,13:45,1,93,93027,1,1,1,1,AUTOROUTE A86,48.92681,2.40337,13,1,1
202100024688,157Â 514,B01,1,1,2,0,1,-1,-1,0,0,-1,2021,59.0,2,2,0,2,1,1,1,,3,538,0,,2,2,0,1,49,115,3,, -1,1,0,1,80,12,8,2021,17:30,1,26,26064,2,1,0,1,Avenue de Romans,44.910435,5.019642,17,2,2
202100027858,151Â 924,A01,1,1,1,0,1,0,-1,-1, -1,-1,2021,35.0,1,2,0,2,4,1,3,,7,S10CM-Sens Marseille vers A.50 Aubagne,0,,3,1,0,2,0,100,1,, -1,1,3,1,50,21,7,2021,08:20,1,13,13210,1,1,0,2,S10CM-Sens Marseille vers A.50 Aubagne,43.28324,5.40039,8,2,2
202100041487,127Â 449,A01,3,2,2,0,2,8,-1,-1, -1,-1,2021,24.0,0,1,0,2,1,3,1,,4,MAZARGUES (AVENUE DE),0,,2,2,0,1,(1),(1),1,, -1,1,0,1,50,14,1,2021,14:30,1,13,13209,2,1,0,3,MAZARGUES (AVENUE DE),43.2484326738,5.3984887357,14,3,2
202100025409,156Â 239,B01,1,1,1,2,8,8,-1,-1, -1,-1,2021,17.0,3,1,0,2,8,1,5,,4,PELISSIER (RUE YVAN),0,,2,2,0,1,0,0,1,, -1,1,9,1,50,31,5,2021,17:35,1,11,11262,2,2,0,3,PELISSIER (RUE YVAN),43.17976,3.00398,17,2,2
202100013865,176Â 917,A01,1,1,1,9,8,-1,-1,-1, -1,-1,2021,30.0,2,2,9,0,2,14,1,,4,AIRS,0,,3,4,3,2,(1),(1),1,, -1,1,0,1,50,11,10,2021,03:53,5,33,33039,2,1,0,6,Boulevard Albert 1er,44.81234,-0.55781,3,1,1
202100019274,167Â 184,A01,1,1,1,0,2,-1,-1,0,0,-1,2021,84.0,2,1,0,2,0,0,6,,3,941,0,D,2,2,0,1,61,600,1,, -1,1,0,1,80,4,9,2021,19:00,2,87,87154,2,1,0,1,ZI du Pavillon,45.90415,0.931504,19,2,2
202100005335,192Â 255,A01,1,1,2,5,2,6,-1,0,0,-1,2021,17.0,0,1,12,0,1,1,5,,4,JOSEPHINE (RUE),0,,2,2,0,1,(1),(1),1,, -1,2,0,4,50,26,11,2021,14:25,1,27,27229,2,1,0,7,JOSEPHINE (RUE),49.023064,1.14063,14,1,1