Num_Acc,id_vehicule,num_veh,place,catu,sexe,trajet,secu1,secu2,secu3,locp,actp,etatp,year_acc,victim_age,senc,catv,obs,obsm,choc,manv,motor,occutc,catr,voie,v1,v2,circ,nbv,vosp,prof,pr,pr1,plan,lartpc,larrout,surf,infra,situ,vma,jour,mois,an,hrmn,lum,dep,com,agg_,int,atm,col,adr,lat,long,hour,nb_victim,nb_vehicules
202100001310,199Â 421,A01,2,2,2,5,1,-1,-1,0,0,-1,2021,69.0,1,2,3,2,1,2,1,,1,75,0,A,1,4,0,2,91,649,1,, -1,2,0,1,130,27,12,2021,14:10,1,15,15187,1,1,1,2,A75 PK 91+700,45.059953,3.11059,14,3,2
202100006932,189Â 376,A01,10,3,1,3,0,-1,-1,5,3,1,2021,89.0,2,2,0,1,1,26,1,,4,JUVENAL MAX (AV),0,,-1,1,0,1,0,0,1,, -1,2,9,8,10,21,11,2021,10:30,1,13,13001,2,9,1,3,JUVENAL MAX (AV),43.52506,5.43809,10,2,1
202100020911,164Â 274,A01,1,1,1,5,2,6,-1,0,0,-1,2021,45.0,1,1,15,0,1,0,1,,3,39,-1,,2,2,0,1,13,95,2,, -1,1,0,1,80,4,9,2021,22:40,3,76,76734,1,1,0,6,CD 39,49.614005,0.287983,22,2,1
202100011574,181Â 035,Z01,2,2,1,0,2,0,-1,-1, -1,-1,2021,17.0,2,1,0,2,0,1,0,,7,BOUVRY ROGER RUE,0,,2,4,1,1,(1),(1),1,, -1,1,0,1,50,16,10,2021,15:50,1,59,59560,2,2,0,3,FLANDRE RUE DES COMTESSES DE,50.54694,3.02693,15,3,2
202100004098,194Â 415,A01,10,3,2,9,0,-1,-1,9,5,1,2021,11.0,3,2,0,1,3,1,1,,4,ANCIEN QUAI MILITAIRE,0,,2,2,0,1,0,1,3,, -1,1,0,1,50,4,10,2021,16:55,1,5,5023,2,1,0,6,ANCIEN QUAI MILITAIRE,44.88694,6.63048,16,2,1
202100048226,115Â 552,A01,1,1,1,3,2,6,-1,-1, -1,-1,2021,30.0,0,1,0,2,1,0,0,,4,DOMER                               (R ),0,,1,1,0,1,(1),(1),1,, -1,2,0,1,50,11,3,2021,22:30,5,69,69387,2,2,1,3,DOMER (R),45.7473055972,4.8479866042,22,2,2
202100011771,180Â 669,A01,1,1,2,0,8,0,-1,-1, -1,-1,2021,44.0,3,1,0,2,1,21,0,,4,RUE DE LA COTE VALORGE,0,,2,2,0,2,9,0,1,, -1,1,0,1,50,21,10,2021,08:38,1,91,91103,1,1,0,5,RUE DE LA COTE VALORGE,48.610594,2.279988,8,3,3
202100055152,103Â 232,A01,1,1,1,5,8,0,-1,-1,0,-1,2021,75.0,3,5,9,2,1,14,1,,4,SARRAUT ALBERT (AVENUE),0,,2,2,0,1,(1),(1),1,, -1,1,0,4,50,8,1,2021,17:15,1,95,95280,2,1,0,6,17 Avenue Albert Sarraut,49.031933,2.458968,17,1,1
202100006087,190Â 921,B01,1,1,1,1,2,0,-1,-1, -1,-1,2021,31.0,1,1,0,2,7,26,3,,4,JULES VANZUPPE (R),0,,2,2,0,1,0,0,1,, -1,1,0,1,50,14,1,2021,09:30,1,94,94041,2,2,0,3,Rue Jules Vanzuppe,48.81927,2.39256,9,2,2
202100000629,200Â 582,A01,10,3,2,0,0,-1,-1,4,3,1,2021,15.0,3,2,0,1,2,2,1,,4,BOUTILLERIE AVENUE DE LA,0,,3,2,0,1,(1),(1),1,, -1,2,0,1,30,30,12,2021,18:00,5,59,59566,2,1,1,6,BOUTILLERIE AVENUE DE LA,50.62852,2.96928,18,3,1
202100034047,140Â 900,A01,1,1,1,5,8,0,-1,-1, -1,-1,2021,25.0,2,2,4,0,2,1,1,,4,CHEMIN DE FER (R DU),0,,2,2,0,1,(1),(1),1,, -1,1,0,1,50,16,5,2021,02:10,5,62,62413,2,1,0,7,CHEMIN DE FER (R DU),50.445509,2.887902,2,1,1
202100008955,185Â 708,Z01,10,3,1,5,0,-1,-1,1,3,1,2021,10.0,2,2,1,1,1,1,1,,4,HENRI BARBUSSE (RUE),0,,2,2,0,2,0,0,1,, -1,1,0,1,50,7,11,2021,12:10,1,13,13201,2,1,0,1,HENRI BARBUSSE (RUE),43.29831,5.37402,12,2,1
202100049356,113Â 538,B01,1,1,1,4,1,-1,-1,-1, -1,-1,2021,22.0,1,5,0,0,8,15,1,,7,HIPPODROME (DE L')                  (AV),0,,2,2,0,1,3,100,1,, -1,1,0,3,50,3,3,2021,18:15,2,69,69286,2,1,0,3,HIPPODROME (DE L')                  (AV),45.816744,4.88901,18,2,2
202100027098,153Â 276,A01,1,1,1,9,8,-1,-1,0,0,-1,2021,21.0,2,2,6,0,1,0,1,,3,44,0,,2,2,0,2,35,250,2,, -1,1,0,3,80,25,7,2021,08:30,2,45,45259,1,1,0,6,Le Moulin Borde,47.967464,2.429996,8,1,1
202100055530,102Â 590,B01,1,1,2,5,8,0,-1,0,0,-1,2021,36.0,1,1,0,2,3,1,5,,4,RUE LA FAYETTE,0,,2,4,1,2,(1),(1),1,, -1,1,-1,5,50,11,1,2021,10:20,1,75,75110,2,2,0,3,RUE DU FAUBOURG SAINT DENIS,48.879328,2.357094,10,2,2
202100039834,130Â 378,A01,1,1,1,0,8,0,-1,0,0,-1,2021,33.0,3,2,3,0,3,26,1,,3,,0,,2,2,0,3,1,419,3,, -1,1,0,1,50,15,5,2021,19:30,1,6,6104,2,1,0,6,MONLEON (AVENUE SYLVIO DE),43.756245,7.47816,19,1,1
202100028524,150Â 730,B01,1,1,1,5,2,-1,-1,0,0,-1,2021,23.0,1,1,0,2,0,1,1,,3,26,-1,,2,2,0,1,37,0,1,, -1,1,0,1,80,18,7,2021,12:00,1,74,74241,1,1,0,3,Rte de Marignier,46.135196,6.478554,12,4,2
202100024005,158Â 731,A01,10,3,1,5,0,-1,-1,2,3,1,2021,21.0,2,2,0,1,1,1,1,,4,GABRIEL PERI                        (AV),0,,2,2,3,1,(1),(1),1,, -1,1,0,1,50,14,8,2021,08:48,1,69,69256,2,1,0,6,GABRIEL PERI (AV),45.7714993485,4.9086919427,8,2,1
202100021749,162Â 755,A01,2,1,1,0,8,0,-1,0,0,-1,2021,30.0,2,1,0,1,0,1,1,,4,BAZIN,0,,2,2,0,1,(1),(1),1,, -1,1,0,1,50,28,8,2021,23:30,5,971,97101,2,9,0,6,BAZIN,16.27109,-61.49643,23,2,1
202100021555,163Â 109,B01,2,2,2,4,1,-1,-1,-1, -1,-1,2021,69.0,2,5,0,2,4,2,1,,1,ROCADE A 630,0,,3,6,0,1,32,725,1,, -1,1,0,1,90,1,9,2021,10:05,1,33,33039,1,1,0,2,ROCADE A 630,44.78844,-0.54111,10,3,2
202100010529,182Â 907,A01,10,3,1,5,0,-1,-1,3,3,1,2021,62.0,1,2,0,1,1,19,1,,4,JAURES (RUE JEAN),0,,1,2,0,1,(1),(1),1,, -1,1,6,1,30,28,10,2021,08:07,1,42,42187,2,4,0,6,Rue Jean JaurÃ¨s,46.03593,4.0704,8,2,1
202100023603,159Â 446,B01,1,1,1,5,2,6,-1,-1, -1,-1,2021,52.0,1,1,0,2,1,1,1,,7,ROUMANILLE (AVENUE JOSEPH),0,,2,2,0,1,0,0,1,, -1,1,0,1,50,18,8,2021,21:00,5,13,13028,2,3,0,3,ROUMANILLE (AVENUE JOSEPH),43.20076,5.62314,21,2,2
202100009676,184Â 413,A01,2,2,2,0,1,-1,-1,0,0,-1,2021,26.0,1,2,0,2,2,9,1,,1,63,-1,,3,3,0,1,156,400,1,, -1,1,0,1,130,31,10,2021,11:35,1,40,40036,1,9,0,2,A63,43.623634,-1.401384,11,4,2
202100055102,103Â 321,B01,8,2,2,5,1,-1,-1,0,0,-1,2021,31.0,2,2,0,2,3,1,1,,2,124,-1,,2,2,0,1,30,400,1,, -1,1,0,1,50,14,1,2021,15:30,1,32,32147,2,1,0,1,Boulevard du Nord,43.626792,0.878059,15,5,2
202100021233,163Â 702,A01,1,1,2,1,1,5,-1,-1, -1,-1,2021,51.0,1,2,0,2,1,26,1,,4,COURONNE (RUE DE LA),0,,2,2,0,4,(1),(1),1,, -1,1,0,1,50,2,9,2021,09:30,1,71,71153,2,1,0,2,COURONNE (RUE DE LA),46.80294,4.41527,9,3,2
202100011524,181Â 119,A01,1,1,1,9,2,8,-1,-1, -1,-1,2021,39.0,1,1,0,2,8,17,1,,2,ROUTE NATIONALE 1,0,,3,4,0,1,3,99,1,, -1,1,3,2,90,22,10,2021,17:30,2,973,97302,1,1,0,3,ROUTE NATIONALE 1,4.90287,-52.32451,17,2,2
202100030837,146Â 644,A01,1,1,1,5,2,8,-1,-1, -1,-1,2021,21.0,2,1,0,2,3,18,1,,7,GAMBETTA (BOULEVARD),0,,1,0,0,1,(1),(1),1,, -1,1,0,1,50,4,7,2021,22:32,5,59,59512,2,1,0,3,GAMBETTA (BOULEVARD),50.69245,3.18339,22,2,2
202100044845,121Â 557,B01,1,1,1,9,8,0,-1,-1, -1,-1,2021,48.0,1,4,0,2,7,24,3,,3,JEAN JAURES (R),0,,2,2,0,1,1,0,1,, -1,1,8,1,50,7,4,2021,00:10,5,94,94017,2,3,0,3,Rue Jean JaurÃ¨s,48.81596,2.50286,0,3,2
202100024848,157Â 242,A01,1,2,1,9,1,0,-1,-1, -1,-1,2021,50.0,1,2,0,2,3,20,1,,2,m'tsapere-Nationale 2 (route),0,,2,2,0,1,0,0,1,, -1,1,9,8,50,9,8,2021,14:30,1,976,97611,2,1,0,3,m'tsapere-Nationale 2 (route),-12.78709,45.22548,14,3,2
202100001235,199Â 564,A01,10,3,2,5,0,-1,-1,1,3,2,2021,16.0,2,2,0,1,2,1,1,,3,50,0,D,2,2,0,1,0,650,1,, -1,2,0,1,50,28,12,2021,19:00,3,90,90063,2,1,1,6,20 Rue sous les Roches,47.490645,6.9793,19,3,1
202100041059,128Â 216,B01,1,1,1,1,1,0,-1,-1, -1,-1,2021,31.0,1,5,0,2,1,26,1,,2,11 - RT,0,,2,4,0,1,1,0,1,, -1,1,0,1,90,6,5,2021,07:45,1,202,202120,1,1,0,4,11 - RT,42.64511,9.43978,7,4,4
202100000068,201Â 629,A01,1,1,1,5,0,-1,-1,0,0,-1,2021,37.0,1,2,13,0,3,1,1,,3,14,0,A,2,2,0,2,1,870,3,, -1,2,0,3,80,30,12,2021,22:15,3,21,21420,1,1,0,6,D14A,47.015463,4.569631,22,1,1
202100051035,110Â 445,A01,1,1,2,0,1,0,-1,-1, -1,-1,2021,31.0,3,2,0,2,1,26,1,,4,STADE (AVENUE DU),0,,2,2,0,4,(1),(1),1,, -1,1,0,1,30,18,2,2021,11:05,1,73,73029,2,1,0,2,STADE (AVENUE DU),45.561021,5.942025,11,3,2
202100026388,154Â 526,A01,1,1,1,5,1,-1,-1,0,0,-1,2021,65.0,2,2,2,0,1,1,1,,3,28,0,A,2,3,0,2,3,900,3,, -1,1,0,3,80,31,7,2021,14:00,1,95,95535,1,1,0,6,RD 28,49.055287,1.961156,14,1,1
202100018842,167Â 967,A01,1,1,1,5,8,-1,-1,0,0,-1,2021,30.0,2,2,0,2,1,13,1,,3,964,-1,,2,2,0,1,141,200,1,, -1,1,0,1,80,16,9,2021,14:00,1,55,55250,1,1,0,1,Route DÃ©partementale 964,49.552156,5.156102,14,2,2
202100043580,123Â 770,C01,1,1,1,9,2,6,-1,0,0,-1,2021,22.0,1,1,0,2,4,15,1,,3,90,0,D,2,2,0,1,6,300,1,, -1,1,0,1,80,17,4,2021,08:41,1,49,49050,1,4,0,2,L'Aunee Saulge,47.329439,-0.382381,8,3,3
202100027887,151Â 864,C01,1,1,1,5,1,0,-1,-1, -1,-1,2021,53.0,1,2,0,0,0,0,1,,3,D606,0,,2,3,0,1,28,0,2,, -1,1,0,1,90,4,7,2021,21:20,1,89,89387,1,1,0,5,D606,48.19744,3.31336,21,3,3
202100019900,166Â 059,A01,2,2,2,5,1,0,-1,0,0,-1,2021,11.0,1,2,0,2,1,1,2,,4,BOULEVARD LANNES,0,,2,4,0,1,(1),(1),1,, -1,1,0,1,50,8,9,2021,14:05,1,75,75116,2,3,0,4,BOULEVARD LANNES,48.865447,2.27061,14,7,4
202100055763,102Â 190,A01,10,3,2,1,0,-1,-1,3,3,1,2021,46.0,2,2,0,1,3,1,2,,3,744,0,,2,3,1,1,75,380,1,,"11,5",1,2,1,50,7,1,2021,19:18,5,79,79191,2,1,0,7,Rue de lâEspingole,46.32436,-0.46785,19,2,1
202100013018,178Â 477,A01,2,2,2,5,1,-1,-1,-1,0,-1,2021,27.0,2,2,0,2,6,2,1,,1,AUTOROUTE A15,0,,1,3,0,1,16,100,1,, -1,1,0,1,110,16,10,2021,05:30,3,95,95306,1,1,0,2, A15,49.0020597419,2.1709628262,5,3,2
202100031349,145Â 708,A01,1,1,1,5,2,6,-1,0,0,-1,2021,38.0,1,1,0,2,1,2,1,,3,111,-1,,2,2,0,2,10,500,1,,"5,5",1,0,1,80,2,7,2021,19:10,1,80,80222,1,1,0,2,D111,50.214262,1.818575,19,3,2
202100028899,150Â 067,A01,1,1,1,0,0,-1,-1,0,0,-1,2021,88.0,1,2,2,0,2,1,1,,3,949 b,-1,D,2,2,0,1,32,452,1,, -1,1,0,3,80,16,7,2021,08:45,1,79,79286,1,1,0,6,,46.645857,-0.635673,8,1,1
202100032480,143Â 716,A01,10,3,1,4,0,-1,-1,5,3,1,2021,58.0,2,1,0,1,2,25,5,,3,FRANCE (RUE ANATOLE),0,,1,1,0,2,(1),(1),1,, -1,1,9,4,30,22,6,2021,16:19,1,54,54483,2,1,0,6,FRANCE (RUE ANATOLE),48.63231,6.30694,16,2,1
202100003696,195Â 146,B01,4,2,1,0,8,0,-1,-1, -1,-1,2021,18.0,1,2,0,2,1,26,1,,4,SAINTE MARTHE (chemin),0,,2,2,0,2,0,0,3,, -1,2,0,1,50,10,12,2021,03:50,5,13,13214,2,1,1,1,SAINTE MARTHE (chemin),43.32032,5.39008,3,3,2
202100033496,141Â 904,B01,1,1,1,1,0,-1,-1,0,0,-1,2021,20.0,2,1,0,2,1,16,1,,2,4,-1,,2,2,0,1,(1),(1),2,, -1,1,0,1,80,14,6,2021,13:45,1,971,97125,2,3,0,1,rn 4,16.260104,-61.292497,13,2,2
202100044651,121Â 902,B01,1,1,1,4,1,1,-1,0,0,-1,2021,46.0,2,2,0,2,7,16,1,,4,BAIE DES DAMES (ROUTE DE LA),0,,2,2,0,1,0,0,1,, -1,1,0,1,50,8,4,2021,14:53,1,988,98818,2,2,0,3,ROUTE DE LA BAIE DES DAMES/RUE JULES DOLBEAU,-22.24406,166.44737,14,2,2
202100042598,125Â 480,A01,1,1,1,0,2,0,-1,-1, -1,-1,2021,25.0,1,1,0,0,0,0,1,,4,CAPELETTE (AVENUE DE LA),0,,2,1,0,1,(1),(1),3,, -1,1,2,1,50,25,4,2021,23:50,5,13,13210,2,1,0,7,CAPELETTE (AVENUE DE LA),43.281507,5.404849,23,1,1
202100031125,146Â 107,A01,1,1,1,0,1,-1,-1,-1, -1,-1,2021,21.0,1,2,0,2,1,1,1,,3,PLAGE (BD DE LA) DU 196 ET +,0,,1,2,0,1,(1),(1),1,, -1,1,0,1,50,3,7,2021,16:05,1,33,33009,2,1,0,2,PLAGE (BD DE LA) DU 196 ET +,44.66281,-1.17663,16,3,2
202100018199,169Â 079,A01,1,1,1,3,2,6,-1,-1, -1,-1,2021,30.0,1,1,0,2,3,18,1,,3,907,0,,2,6,1,1,0,0,1,, -1,1,0,1,50,18,9,2021,17:50,1,92,92012,2,2,0,3,REINE (ROUTE DE LA) 82/FIN - 107TER/FIN,48.8404716435,2.2316195425,17,2,2
202100047984,115Â 972,B01,1,1,1,3,1,-1,-1,0,0,-1,2021,89.0,2,2,0,2,2,15,1,,3,930,0,,2,2,0,1,36,800,1,, -1,1,0,1,50,16,3,2021,08:55,1,32,32107,2,3,0,3,18 Avenue d'Aquitaine,43.959125,0.367688,8,3,2
202100023003,160Â 509,A01,4,2,1,5,8,0,-1,0,0,-1,2021,23.0,1,2,0,2,8,19,1,,3,DEPARTEMENTALE 130,0,,2,2,0,3,5,900,1,, -1,1,5,1,80,26,4,2021,23:13,3,54,54542,1,2,0,3,DEPARTEMENTALE 613,49.2131,5.92216,23,4,2
202100008908,185Â 814,B01,1,1,1,0,1,0,-1,-1, -1,-1,2021,30.0,2,2,0,2,1,2,1,,1,A51-Sens Aix en Provence vers Marseille,0,,3,3,0,1,1,0,1,, -1,1,0,1,90,8,11,2021,14:30,1,13,13106,1,1,0,4,A51-Sens Aix en Provence vers Marseille,43.40303,5.35678,14,4,4
202100015426,174Â 134,A01,1,1,1,4,8,-1,-1,0,0,-1,2021,21.0,1,4,2,0,1,1,1,,3,D995,-1,,2,2,0,1,11,800,1,, -1,3,0,3,90,3,10,2021,18:15,2,3,3056,1,1,1,7,Route de Cusset,46.071969,3.558401,18,1,1
202100031535,145Â 392,A01,1,1,1,4,1,-1,-1,-1, -1,-1,2021,54.0,1,2,0,2,1,1,1,,2,ROUTE NATIONALE 230,0,,3,6,0,1,42,99,1,, -1,1,0,1,90,30,6,2021,09:45,1,33,33013,1,1,0,2,Rocade Rive Droite N230 -E26-,44.865917,-0.503898,9,2,2
202100023821,159Â 046,B01,1,1,2,5,0,-1,-1,0,0,-1,2021,71.0,3,1,0,2,8,26,5,,4,VC,-1,,2,2,0,1,(1),(1),1,, -1,2,0,1,50,17,8,2021,18:15,1,62,62793,2,1,1,3,38 Rue de la Mairie,50.406156,2.641612,18,2,2
202100027714,152Â 175,A01,1,1,1,0,1,0,-1,0,0,-1,2021,19.0,2,2,2,0,1,14,1,,2,RN 70 (ROUTE EXPRESS),0,,1,1,0,4,35,125,2,, -1,1,3,2,70,21,7,2021,20:10,1,71,71306,1,1,0,6,RN 70 (ROUTE EXPRESS),46.68687,4.35731,20,1,1
202100000040,201Â 690,A01,1,1,1,4,2,0,-1,-1, -1,-1,2021,42.0,1,1,16,0,1,26,1,,4,CHARLES DE GAULLE (AV),0,,-1,4,0,1,0,0,1,, -1,1,0,1,50,12,11,2021,21:25,5,987,98736,2,9,0,3,CHARLES DE GAULLE (AV),-17.527996,-149.548258,21,2,2
202100016897,171Â 421,B01,1,1,1,1,2,6,-1,-1, -1,-1,2021,26.0,1,1,0,2,1,1,1,,3,RD 561 VERS LOUVERNE,0,,-1,2,0,1,0,0,1,, -1,1,0,1,80,21,9,2021,21:25,3,53,53054,1,3,0,3,RD 561 VERS LOUVERNE,48.103359,-0.757489,21,2,2
202100033633,141Â 647,A01,1,1,2,5,2,0,-1,0,0,-1,2021,66.0,1,0,0,0,0,21,3,,4,PLACE CHARLES VALLIN,0,,1,1,0,1,(1),(1),3,, -1,2,0,1,50,18,6,2021,17:40,1,75,75115,2,7,0,7,PLACE CHARLES VALLIN,48.835598,2.302399,17,1,1
202100022417,161Â 568,A01,1,1,2,0,1,8,-1,-1, -1,-1,2021,40.0,1,2,0,2,4,23,1,,4,,0,,3,3,0,1,(1),(1),1,, -1,1,0,1,50,25,8,2021,13:35,1,67,67482,2,1,0,2,MARCHE GARE (RUE DU),48.596822,7.749808,13,3,2
202100047160,117Â 469,A01,10,3,1,5,0,0,0,9,9,1,2021,42.0,3,5,0,1,1,23,1,,6,,-1,,-1,-1,0,2,(1),(1),1,, -1,1,9,1,-1,21,3,2021,13:50,1,34,34186,1,1,0,6,Relais nautique d'Octon,43.650507,3.325235,13,1,1
202100005073,192Â 709,A01,10,3,2,3,0,-1,-1,1,3,2,2021,46.0,0,1,0,1,3,1,1,,6,BIR-HAKEIM (AVENUE DE),0,,-1,-1,0,1,(1),(1),1,, -1,2,0,1,30,1,12,2021,17:40,5,34,34198,1,1,1,6,BIR-HAKEIM (AVENUE DE),43.57174,3.94141,17,2,1
202100035463,138Â 322,A01,10,3,1,0,0,-1,-1,3,3,1,2021,74.0,0,5,0,1,1,16,1,,3,SAINT MARTIN (RUE),0,,2,2,0,1,0,0,1,, -1,1,5,1,50,8,6,2021,08:30,1,91,91223,2,3,0,6,SAINT MARTIN (RUE),48.42665,2.13906,8,2,1
202100038295,133Â 194,B01,1,1,1,5,2,-1,-1,0,0,-1,2021,23.0,3,1,0,2,3,0,1,,4,62,0,,1,2,0,1,(1),(1),1,, -1,1,0,1,50,27,5,2021,15:55,1,81,81105,2,1,0,3,Place du Jourdain,43.761949,1.989413,15,2,2
202100026991,153Â 467,A01,1,1,1,0,2,6,-1,0,0,-1,2021,17.0,3,1,0,2,1,13,1,,4,1,0,,2,2,0,1,(1),(1),2,, -1,1,0,1,80,27,7,2021,17:38,1,12,12148,1,1,0,1,Route de Sangayrac,44.472907,2.233411,17,2,2
202100032165,144Â 259,A01,1,1,1,5,2,6,9,0,0,-1,2021,38.0,3,1,0,0,0,1,1,,4,,-1,,2,2,0,2,(1),(1),1,, -1,1,0,6,-1,27,6,2021,13:15,1,42,42093,1,1,0,7,Rue de la Courroux,45.4963417102,4.589653071,13,1,1
202100011724,180Â 773,A01,10,3,2,5,0,-1,-1,3,3,1,2021,85.0,1,5,0,1,1,16,1,,4,7,0,X,2,2,0,1,(1),(1),1,, -1,1,0,6,50,22,10,2021,11:20,1,66,66037,2,3,0,6,Avenue des Floralies,42.695006,3.028831,11,2,1
202100004251,194Â 155,A01,10,3,1,0,0,-1,-1,1,3,1,2021,68.0,1,2,0,1,1,19,1,,3,VASNIER (BOULEVARD HENRI) COTE PAIR,0,,2,2,0,1,19,800,1,, -1,2,0,1,50,6,12,2021,17:35,5,51,51454,2,1,1,7,Boulevard Henry Vasnier,49.24532,4.04781,17,3,1
202100041075,128Â 187,A01,10,3,2,0,0,-1,-1,4,3,1,2021,31.0,3,2,0,1,1,15,1,,4,PRIEURE (DU),0,,2,2,0,1,(1),(1),1,, -1,2,0,1,50,6,5,2021,10:50,1,78,78551,2,2,1,6,PRIEURE (DU),48.89342,2.084586,10,2,1
202100021043,164Â 046,A01,10,3,2,9,0,-1,-1,3,3,1,2021,32.0,1,5,0,1,1,26,1,,4,BRETONNIERES BOULEVARD,0,,2,2,0,1,1,0,1,, -1,1,0,1,50,1,9,2021,08:19,1,49,49267,2,1,0,6,BRETONNIERES BOULEVARD,47.47802,-0.51437,8,2,1
202100009194,185Â 274,A01,1,1,1,5,1,0,-1,-1, -1,-1,2021,74.0,2,2,0,2,4,1,1,,4,CLERBOUT MARGUERITTE (RUE),0,,2,1,0,1,0,0,1,, -1,1,0,1,50,28,8,2021,01:10,5,2,2408,2,1,0,6,CLERBOUT MARGUERITTE (RUE),49.55256,3.59835,1,1,1
202100002392,197Â 506,B01,1,1,1,0,1,8,-1,-1, -1,-1,2021,77.0,1,2,0,2,4,2,1,,4,CALVAIRE (PLACE DU),0,,3,4,1,1,0,0,1,, -1,1,0,1,50,16,12,2021,18:45,5,67,67218,2,1,0,4,CALVAIRE (PLACE DU),48.53866,7.73366,18,7,6
202100029226,149Â 521,C01,7,2,2,0,1,-1,-1,0,0,-1,2021,47.0,2,2,0,2,4,23,1,,2,3,0,,3,4,0,1,11,400,1,, -1,2,0,1,110,13,7,2021,20:45,3,77,77196,1,1,1,6,route nationale 3,48.948605,2.750573,20,8,5
202100027390,152Â 754,A01,1,1,2,5,8,0,-1,0,0,-1,2021,25.0,2,1,0,2,0,1,3,,4,RUE DE LA CERISAIE,0,,1,1,2,1,(1),(1),1,, -1,1,0,1,50,23,7,2021,02:45,5,75,75104,2,3,0,6,RUE DE LA CERISAIE,48.851841292,2.3664914316,2,2,2
202100038023,133Â 695,A01,1,1,1,1,2,6,-1,0,0,-1,2021,17.0,1,1,0,2,1,13,1,,3,JEAN JAURES (RUE ),0,,2,2,0,1,1,0,1,, -1,1,0,1,50,26,5,2021,08:00,1,14,14167,2,1,0,1,D226,49.19941,-0.29344,8,2,2
202100014767,175Â 318,A01,10,3,1,2,0,-1,-1,3,3,1,2021,17.0,1,2,0,1,1,1,1,,4,PINEL                               (BD),0,,2,2,1,1,(1),(1),1,, -1,2,0,1,50,6,10,2021,13:30,1,69,69388,2,1,0,6,PINEL (BD),45.7246698557,4.8871028423,13,2,1
202100008843,185Â 933,A01,1,1,1,5,8,0,-1,0,0,-1,2021,23.0,1,1,0,2,1,2,5,,4,RUE DE LA POMPE,0,,2,2,0,1,(1),(1),1,, -1,1,0,1,30,8,11,2021,10:00,1,75,75116,2,1,0,2,RUE DE LA POMPE,48.858767,2.275033,10,3,2
202100048940,114Â 270,A01,1,1,2,5,1,0,-1,-1, -1,-1,2021,20.0,1,2,13,0,1,1,1,,3,RD 37,0,,3,4,0,1,6,800,3,, -1,1,0,1,90,6,3,2021,18:43,2,37,37122,2,1,0,7,RD 37,47.3320630982,0.6738854627,18,1,1
202100041949,126Â 638,A01,10,3,2,0,8,8,-1,2,3,1,2021,43.0,1,1,0,1,1,1,3,,3,REPUBLIQUE AVENUE DE LA,0,,1,2,0,1,1,1,1,, -1,1,0,1,50,29,4,2021,14:15,1,93,93006,2,1,0,6,REPUBLIQUE AVENUE DE LA,48.8608698917,2.4186248272,14,2,1
202100011051,181Â 968,A01,2,2,1,9,1,0,-1,-1, -1,-1,2021,18.0,3,2,2,0,1,15,1,,2,D 82,0,,3,4,0,1,1,0,2,, -1,1,5,8,50,25,10,2021,03:45,5,202,202037,1,6,0,6,D 82,42.59487,9.43908,3,2,1
202100024938,157Â 085,A01,1,1,1,5,2,-1,-1,0,0,-1,2021,16.0,1,1,13,0,9,1,1,,3,76,0,D,2,2,0,1,22,(1),1,, -1,1,0,1,80,9,8,2021,18:40,1,22,22181,1,1,0,7,Lieu Dit Kerauter,48.221785,-3.196507,18,1,1
202100049443,113Â 382,A01,1,1,1,1,2,6,-1,0,0,-1,2021,21.0,2,1,0,2,1,17,1,,3,201,0,,2,2,0,1,14,900,3,, -1,1,0,1,80,4,3,2021,08:45,1,68,68242,1,1,0,4,D201,47.981893,7.375581,8,3,3
202100007621,188Â 122,A01,10,3,1,3,0,-1,-1,2,B,1,2021,63.0,2,2,0,1,2,1,1,,4,SAINT GERMAIN (BOULEVARD DE),0,,2,4,0,2,(1),(1),1,, -1,2,0,1,50,17,11,2021,19:50,5,35,35115,2,1,0,6,SAINT GERMAIN (BOULEVARD DE),48.3621621862,-1.2086752653,19,2,1
202100007684,188Â 017,A01,1,1,1,1,2,6,-1,-1, -1,-1,2021,36.0,2,1,0,1,7,21,1,,4,LOUVEAU RUE,0,,2,2,0,1,0,1,1,, -1,1,0,1,50,17,11,2021,17:20,5,92,92020,2,1,0,7,LOUVEAU RUE,48.802747,2.294507,17,1,1
202100053651,105Â 832,A01,10,3,2,1,0,-1,-1,2,3,1,2021,63.0,1,2,0,0,2,0,1,,3,603,0,,2,2,0,1,34,300,1,, -1,2,0,1,50,27,1,2021,16:55,2,57,57155,2,1,0,6,42 avenue de la libÃ©ration,49.11302,6.401684,16,2,1
202100022949,160Â 603,A01,1,1,1,5,2,6,-1,0,0,-1,2021,54.0,2,1,0,2,2,1,1,,3,3,0,D,2,2,0,1,23,970,1,, -1,2,0,1,70,22,8,2021,07:30,1,59,59110,1,2,1,3,Route de la Colme,50.948845,2.313066,7,2,2
202100000769,200Â 340,A01,3,2,2,4,1,5,-1,0,0,-1,2021,39.0,3,2,0,2,2,1,1,,4,SAINT ANDRE (ROUTE DE),0,,2,3,0,1,(1),(1),1,, -1,1,0,1,50,31,12,2021,21:30,5,27,27229,2,2,0,3,SAINT ANDRE (ROUTE DE),49.01091,1.16601,21,6,2