Num_Acc,id_vehicule,num_veh,place,catu,sexe,trajet,secu1,secu2,secu3,locp,actp,etatp,year_acc,victim_age,senc,catv,obs,obsm,choc,manv,motor,occutc,catr,voie,v1,v2,circ,nbv,vosp,prof,pr,pr1,plan,lartpc,larrout,surf,infra,situ,vma,jour,mois,an,hrmn,lum,dep,com,agg_,int,atm,col,adr,lat,long,hour,nb_victim,nb_vehicules
202100030550,147Â 150,A01,1,1,2,5,1,0,-1,0,0,-1,2021,22.0,1,2,0,2,3,1,1,,4,REPUBLIQUE (AVENUE DE LA),0,,1,2,0,1,(1),(1),1,, -1,1,0,1,50,4,7,2021,14:17,1,63,63113,2,1,0,6,REPUBLIQUE (AVENUE DE LA),45.78244,3.09575,14,1,1
202100009696,184Â 372,A01,1,1,2,1,1,-1,-1,0,0,-1,2021,35.0,3,2,0,0,1,0,1,,4,,-1,,2,2,0,1,(1),(1),2,,4,2,0,3,80,4,11,2021,12:30,1,14,14658,1,1,1,7,Lieu Dit la Hersandiere (Mesnil-Clinchamps),48.832888,-0.961593,12,1,1
202100046290,119Â 035,B01,1,1,1,5,2,6,-1,0,0,-1,2021,49.0,2,1,0,2,1,1,1,,1,,-1,,3,2,-1,1,53,500,1,, -1,1,7,1,-1,26,3,2021,19:30,2,33,33002,1,2,0,3,DÃ©partementale 9,44.5126619807,-0.051881969,19,2,2
202100039611,130Â 786,Z01,10,3,2,4,8,8,-1,2,3,1,2021,50.0,1,1,0,1,1,1,5,,4,RUE DU FAUBOURG SAINT MARTIN,0,,2,2,1,2,(1),(1),1,, -1,1,0,5,50,17,5,2021,08:38,1,75,75110,2,2,0,6,RUE DU FAUBOURG SAINT MARTIN,48.873776,2.358316,8,2,1
202100047650,116Â 580,A01,10,3,2,5,0,-1,-1,4,3,1,2021,74.0,1,2,0,1,1,15,1,,4,RUE HAXO,0,,2,2,0,1,(1),(1),1,, -1,2,0,1,50,17,3,2021,17:00,1,75,75120,2,2,1,6,RUE HAXO,48.876004,2.40255,17,2,1
202100039980,130Â 129,B01,1,1,1,3,1,-1,-1,0,0,-1,2021,22.0,2,2,0,0,4,2,1,,1,26,0,,3,4,0,1,166,900,3,, -1,1,0,1,130,14,5,2021,17:45,1,2,2303,1,1,0,2,"autoroute A26, pk 166+900, sens Reims Calais",49.863756,3.236895,17,3,2
202100029529,149Â 010,B01,1,1,1,1,2,6,-1,0,0,-1,2021,61.0,1,1,0,2,2,16,1,,3,19,0,D,1,3,0,1,1,20,2,, -1,1,0,1,50,8,7,2021,11:30,1,91,91041,2,6,0,2,D19,48.573015,2.240868,11,2,2
202100029740,148Â 631,A01,10,3,2,0,0,-1,-1,2,3,1,2021,70.0,1,2,0,1,4,26,1,,4,VICTOR SCHOELCHER (RUE),0,,1,1,0,1,0,0,1,, -1,1,0,1,30,9,7,2021,13:15,1,972,97209,2,9,0,6,VICTOR SCHOELCHER (RUE),14.60367,-61.06987,13,2,1
202100043065,124Â 697,B01,1,1,2,0,2,0,-1,-1, -1,-1,2021,54.0,1,1,0,2,5,1,5,,4,AV DU MARECHAL LYAUTEY ,0,,1,1,0,1,1,0,1,, -1,2,5,1,30,21,4,2021,18:30,1,94,94068,2,6,1,3,MARECHAL LYAUTEY (AV DU),48.793326,2.486685,18,2,2
202100010408,183Â 113,B01,1,1,1,5,0,-1,-1,0,0,-1,2021,65.0,1,1,0,2,3,16,5,,3,53,0,D,1,1,0,1,3,917,1,, -1,1,5,1,50,28,10,2021,12:20,1,44,44029,2,6,0,3,boulevard pasteur,47.267433,-1.342027,12,2,2
202100001434,199Â 218,B01,4,2,2,3,1,-1,-1,-1,0,-1,2021,13.0,1,2,0,2,6,2,1,,3,RD 170 ,0,,3,4,0,1,16,799,1,, -1,2,0,1,70,25,12,2021,15:20,1,95,95277,1,1,1,2,RD 170 ,48.9775317373,2.4661302567,15,3,2
202100043961,123Â 100,A01,1,1,1,5,1,-1,-1,0,0,-1,2021,68.0,1,2,15,0,1,2,1,,3,20,0,,2,2,0,2,34,750,1,, -1,1,0,3,80,8,4,2021,20:30,5,42,42205,1,1,0,6,Route de la PelletiÃ¨re,45.68013,3.960443,20,1,1
202100041481,127Â 458,A01,1,1,1,1,1,0,-1,-1, -1,-1,2021,33.0,1,2,3,0,1,1,1,,1,A4,0,,3,3,0,1,18,0,2,, -1,2,0,3,90,4,5,2021,09:45,1,77,77337,1,1,0,7,A4,48.8298070006,2.6189959847,9,1,1
202100009509,184Â 716,A01,1,1,1,1,2,6,-1,0,0,-1,2021,17.0,1,1,5,0,7,1,1,,3,D18,-1,,2,2,0,1,21,425,1,, -1,2,9,1,50,2,11,2021,19:35,5,42,42162,2,1,1,6,404 Route de Pouilly,46.019257,3.982397,19,1,1
202100035965,137Â 396,A01,10,3,1,5,0,-1,-1,2,3,1,2021,15.0,1,2,0,1,1,1,1,,4,MONT VALERIEN,0,,2,2,0,1,0,0,1,, -1,1,9,1,30,6,6,2021,14:10,1,92,92064,2,3,0,6,MONT VALERIEN,48.8565,2.21525,14,2,1
202100011425,181Â 301,A01,1,1,1,4,2,6,-1,0,0,-1,2021,28.0,2,1,0,2,3,1,1,,4,BOULEVARD VOLTAIRE,0,,2,4,0,1,(1),(1),1,, -1,1,0,1,30,23,10,2021,01:00,5,75,75111,2,3,0,3,BOULEVARD VOLTAIRE,48.851609,2.390568,1,2,2
202100019258,167Â 207,A01,1,1,1,1,2,6,-1,0,0,-1,2021,50.0,2,1,0,2,3,13,1,,3,27,-1,,2,2,0,1,12,540,3,, -1,1,8,1,80,14,9,2021,08:45,1,39,39313,1,1,0,3,,46.69044,5.781308,8,2,2
202100007497,188Â 356,A01,1,1,1,0,2,6,9,0,0,-1,2021,46.0,1,1,0,0,0,1,1,,3,165,0,,2,2,0,1,2,(1),3,, -1,1,0,1,80,19,11,2021,17:05,2,84,84133,1,1,0,7,route de la bastidonne,43.726695,5.562589,17,1,1
202100021000,164Â 126,A01,1,1,1,1,8,-1,-1,-1, -1,-1,2021,43.0,0,1,9,1,0,1,5,,9,LECLERC                             (AV),0,,2,1,1,1,(1),(1),1,, -1,1,0,5,20,3,9,2021,12:45,1,69,69387,2,1,0,6,LECLERC (AV),45.73872,4.82512,12,1,1
202100053063,106Â 876,B01,2,2,2,5,1,-1,-1,0,0,-1,2021,24.0,2,2,0,2,1,1,1,,3,DIEULEFIT(Route de),0,,2,3,0,1,3,79,1,, -1,2,0,1,50,30,1,2021,18:10,5,26,26198,2,3,1,5,Route de Dieulefit,44.552052,4.766137,18,5,4
202100009044,185Â 541,A01,1,1,1,1,1,-1,-1,-1, -1,-1,2021,20.0,2,2,13,0,1,16,1,,1,ROCADE A 630,0,,1,1,0,1,23,10,3,, -1,2,3,1,50,7,11,2021,21:50,4,33,33318,1,1,1,6,Rocade Sud Ouest A630 -E14-,44.790092,-0.645369,21,1,1
202100006354,190Â 440,A01,2,2,1,5,1,-1,-1,0,0,-1,2021,32.0,1,2,0,0,7,13,1,,3,73,-1,,2,2,0,1,9,(1),2,, -1,1,0,3,80,25,11,2021,14:50,1,57,57087,1,1,0,7,D73,49.16803,6.620384,14,2,1
202100041298,127Â 790,B01,1,1,1,0,2,6,-1,-1, -1,-1,2021,28.0,1,1,0,2,1,1,1,,4,SAINT ANTOINE A SAINT JOSEPH (CHEMIN DE),0,,2,2,0,1,0,0,3,, -1,1,0,1,50,2,5,2021,18:30,1,13,13215,2,4,0,3,SAINT ANTOINE A SAINT JOSEPH (CHEMIN DE),43.356100467,5.3665738814,18,2,2
202100018863,167Â 931,B01,2,2,2,5,1,-1,-1,0,0,-1,2021,57.0,1,2,0,2,4,2,2,,1,A63,0,A,3,4,0,1,24,500,1,, -1,1,0,1,110,8,9,2021,18:00,1,33,33284,1,1,0,2,,44.635309,-0.844491,18,3,2
202100033461,141Â 958,A01,2,2,1,5,1,-1,-1,0,0,-1,2021,19.0,0,2,15,0,2,1,1,,3,208,-1,,2,2,0,1,7,531,2,, -1,1,0,3,80,20,6,2021,12:00,1,61,61091,1,1,0,7,la chesnaie,48.630235,-0.515424,12,2,1
202100042520,125Â 618,A01,2,2,2,5,1,-1,-1,0,0,-1,2021,20.0,1,2,15,0,1,13,1,,2,6,0,,2,2,0,2,(1),(1),3,, -1,1,0,4,50,25,4,2021,04:45,5,972,97217,2,1,0,6,Rue Nelson Mandela,14.474024,-60.862584,4,3,1
202100016006,173Â 057,A01,1,1,1,9,2,6,-1,0,0,-1,2021,15.0,1,1,0,2,1,19,1,,3,6,-1,,2,2,0,1,0,0,1,, -1,1,0,1,50,30,9,2021,18:55,1,72,72023,2,3,0,3,Rue Carnot,48.173599,0.239092,18,2,2
202100007557,188Â 234,A01,1,1,2,1,1,8,-1,-1, -1,-1,2021,32.0,2,2,13,0,3,1,1,,2,RN 449,0,,1,1,0,2,0,90,2,, -1,2,0,1,50,12,7,2021,07:40,1,91,91521,1,1,1,7,RN 449,48.63459,2.40586,7,1,1
202100010935,182Â 182,A01,1,1,1,1,2,0,-1,0,0,-1,2021,27.0,3,1,0,2,7,17,1,,4,PLACE DES CINQ MARTYRS DU LYCEE BUFFON,0,,2,2,0,1,(1),(1),1,, -1,1,8,1,50,25,10,2021,20:30,5,75,75114,2,1,0,3,PLACE DES CINQ MARTYRS DU LYCEE BUFFON,48.838183,2.317432,20,3,2
202100003505,195Â 481,B01,1,1,2,0,1,5,-1,-1, -1,-1,2021,60.0,1,2,0,2,4,1,1,,1,BDL,0,,1,2,0,1,1,0,3,, -1,1,0,1,70,10,12,2021,21:30,3,93,93027,1,1,0,4,BDL,48.92881,2.40306,21,3,3
202100032252,144Â 112,A01,10,3,2,1,8,8,-1,3,3,1,2021,58.0,0,1,0,1,7,0,5,,4,JEANNE D'ARC. RUE,0,,-1,2,0,1,(1),(1),1,, -1,1,-1,1,30,25,6,2021,13:25,1,76,76540,2,1,0,6,JEANNE D'ARC. RUE,49.44236,1.0907,13,2,1
202100003141,196Â 155,B01,1,1,2,2,2,6,-1,0,0,-1,2021,15.0,2,1,0,2,1,1,1,,3,GENERAL LECLERC (RUE DU),0,,1,1,1,1,0,0,1,, -1,2,0,1,30,7,12,2021,10:05,5,14,14366,2,1,1,3,Rue du GÃ©nÃ©ral Leclerc,49.1512,0.22434,10,2,2
202100022042,162Â 230,B01,10,3,1,0,0,-1,-1,6,3,1,2021,21.0,2,2,0,1,1,1,1,,2,118,0,,1,3,0,1,2,200,1,, -1,1,0,1,70,28,8,2021,00:17,3,92,92048,1,1,0,6,N118,48.8113020456,2.2129734665,0,4,1
202100009511,184Â 711,A01,1,1,1,0,1,-1,-1,0,0,-1,2021,45.0,2,2,0,2,1,2,1,,7,1082,-1,,2,2,0,2,60,475,1,, -1,1,0,1,80,3,11,2021,17:50,3,42,42097,1,1,0,4,M1082,45.492017,4.323544,17,4,3
202100001756,198Â 651,B01,1,1,1,5,8,0,-1,-1, -1,-1,2021,16.0,2,1,0,0,0,0,1,,3,JEAN-JAURES (BD),0,,2,2,1,1,0,1,1,, -1,1,0,5,50,22,12,2021,15:55,1,93,93070,2,1,0,3,JEAN-JAURES (BD),48.91477,2.3373,15,6,2
202100022759,160Â 920,B01,1,1,1,0,1,0,-1,-1, -1,-1,2021,25.0,1,1,0,2,6,1,1,,4,CITES (RUE DES)  125/134 =>,0,,2,2,0,1,0,0,1,, -1,1,0,1,50,24,8,2021,13:30,1,93,93001,2,1,0,2,CITES (RUE DES)  125/134 =>,48.91315,2.38867,13,2,2
202100047396,117Â 051,A01,1,1,1,9,8,0,-1,0,0,-1,2021,57.0,2,1,0,0,0,21,5,,4,BOULEVARD DU PALAIS,0,,2,4,3,1,(1),(1),1,, -1,1,-1,6,50,19,3,2021,14:10,1,75,75104,2,3,0,7,BOULEVARD DU PALAIS,48.8552829614,2.3458742304,14,1,1
202100027490,152Â 588,A01,10,3,2,1,0,-1,-1,2,3,1,2021,34.0,3,2,0,1,1,1,1,,4,14 JUILLET 1789(AVENUE DU),0,,-1,1,0,1,0,0,1,, -1,1,0,1,50,21,7,2021,08:25,1,974,97407,2,1,0,3,14 JUILLET 1789(AVENUE DU),-20.9325,55.2943,8,2,1
202100028609,150Â 576,B01,2,2,1,0,8,-1,-1,-1, -1,-1,2021,25.0,1,0,0,2,1,1,3,,4,JEAN MOULIN                         (QU),0,,1,3,2,1,(1),(1),1,, -1,2,0,5,50,16,7,2021,05:10,5,69,69381,2,3,1,3,JEAN MOULIN (Q),45.7662269065,4.8380747437,5,4,2
202100044048,122Â 941,A01,1,1,1,9,8,0,-1,0,0,-1,2021,37.0,2,1,0,2,3,15,3,,4,BOULEVARD DE LA CHAPELLE,0,,1,0,0,1,(1),(1),1,, -1,1,0,1,50,14,4,2021,19:15,2,75,75110,2,5,0,3,BOULEVARD DE LA CHAPELLE,48.8842449494,2.3615509275,19,2,2
202100052224,108Â 356,B01,2,1,1,0,2,0,-1,-1, -1,-1,2021,15.0,2,1,0,2,1,1,1,,7,LOUP (CHEMIN DE SAINT),0,,2,2,0,1,0,0,2,, -1,1,0,1,30,7,2,2021,18:10,1,13,13028,2,1,0,1,LOUP (CHEMIN DE SAINT),43.18,5.59,18,2,2
202100038397,133Â 003,B01,1,1,1,5,2,6,-1,0,0,-1,2021,30.0,2,1,0,2,1,2,1,,4,AVENUE FOCH,0,,2,1,0,1,(1),(1),2,, -1,2,5,1,50,22,5,2021,18:42,1,75,75116,2,3,1,3,AVENUE FOCH,48.872682,2.284575,18,5,2
202100006690,189Â 822,B01,1,1,1,9,8,0,-1,0,0,-1,2021,24.0,1,1,0,2,7,19,3,,2,VALEUSE (AVENUE DE LA),0,,-1,1,1,1,5,0,3,, -1,1,3,5,50,23,11,2021,16:04,1,14,14327,2,6,1,3,VALEUSE (AVENUE DE LA),49.20017,-0.34457,16,2,2
202100033184,142Â 449,A01,1,1,2,0,2,0,-1,-1, -1,-1,2021,47.0,2,1,0,2,1,1,1,,7,GIENS (ROUTE DE ),0,,2,2,0,1,5,340,1,, -1,1,0,1,50,19,6,2021,18:00,1,83,83069,1,1,0,2,GIENS (ROUTE DE ),43.06548,6.14722,18,2,2
202100053182,106Â 673,A01,10,3,1,1,0,-1,-1,2,3,1,2021,50.0,1,2,0,1,1,1,1,,7,MARNE. BOULEVARD DE LA,0,,2,4,3,1,22,500,1,, -1,1,-1,1,50,22,1,2021,18:15,5,76,76540,2,1,0,6,MARNE. BOULEVARD DE LA,49.44713,1.09401,18,2,1
202100001545,199Â 040,B01,9,2,2,5,1,-1,-1,0,0,-1,2021,75.0,2,2,4,0,4,2,1,,1,8,-1,,3,4,0,1,35,300,1,, -1,2,0,1,130,25,12,2021,06:16,3,13,13087,1,1,1,2,A8,43.476681,5.619209,6,4,2
202100012242,179Â 839,A01,10,3,2,5,0,-1,-1,2,3,1,2021,30.0,1,1,0,1,6,1,5,,4,QUAI SAINT MICHEL,0,,2,5,1,1,(1),(1),1,, -1,1,0,5,30,19,10,2021,17:25,1,75,75105,2,1,0,6,QUAI SAINT MICHEL,48.853507,2.345226,17,2,1
202100022442,161Â 523,B01,2,2,2,9,1,-1,-1,-1, -1,-1,2021,58.0,1,2,0,2,4,1,1,,2,LORIENT (DE),0,,3,4,0,1,2,554,1,, -1,1,0,1,50,26,8,2021,12:30,1,35,35238,2,1,0,2,LORIENT (DE),48.10674,-1.73031,12,3,2
202100039501,130Â 996,A01,1,1,2,2,1,-1,-1,0,0,-1,2021,19.0,2,2,0,2,3,13,1,,3,955,0,D,2,2,0,1,31,500,1,, -1,1,0,1,90,18,5,2021,18:08,1,61,61476,1,1,0,3,D955,48.350875,0.423132,18,2,2
202100019737,166Â 367,B01,1,1,1,3,1,0,-1,-1, -1,-1,2021,52.0,1,2,0,2,4,2,2,,3,LOUIS BLANC (AV),0,,2,2,0,1,1,0,1,, -1,1,0,1,30,10,9,2021,10:54,1,94,94068,2,3,0,2,LOUIS BLANC (AV),48.79028,2.49599,10,2,2
202100007415,188Â 504,A01,1,1,1,1,1,-1,-1,0,0,-1,2021,18.0,1,2,2,0,3,1,1,,3,,-1,,3,2,0,1,20,500,2,, -1,1,0,3,80,19,11,2021,16:30,1,33,33494,1,1,0,6,Route de Castelnau,44.956724,-0.832697,16,1,1
202100000890,200Â 155,B01,1,1,2,3,1,0,-1,-1, -1,-1,2021,69.0,2,2,0,2,3,1,1,,4,CHRISTOPHE COLOMB (R),0,,-1,2,0,1,0,1,1,, -1,2,0,1,50,29,12,2021,16:30,1,94,94054,2,1,1,1,Rue Christophe Colomb,48.75133,2.41742,16,2,2
202100005781,191Â 462,B01,1,1,2,1,2,6,-1,0,0,-1,2021,25.0,1,1,0,2,0,1,1,,4,AVENUE DE SEGUR,0,,3,1,0,1,(1),(1),1,, -1,2,0,1,30,28,11,2021,09:20,1,75,75107,2,2,1,3,AVENUE DE SEGUR,48.849744,2.308,9,2,2
202100055454,102Â 732,A01,1,1,2,0,1,0,-1,-1, -1,-1,2021,22.0,2,2,13,0,1,13,1,,3,RD 749 - ROUTE DE RICHELIEU,0,,2,2,0,1,11,520,1,, -1,7,0,3,80,10,1,2021,04:14,3,86,86066,1,1,0,6,Route de Richelieu,46.844068,0.506111,4,1,1
202100017063,171Â 125,A01,1,1,1,9,1,0,-1,0,0,-1,2021,50.0,1,2,0,2,3,9,1,,4,QUAI DE JEMMAPES,0,,1,2,0,1,(1),(1),1,, -1,1,0,1,30,24,9,2021,17:20,1,75,75110,2,1,0,3,QUAI DE JEMMAPES,48.876099,2.364767,17,2,2
202100019028,167Â 626,A01,1,1,2,9,2,0,-1,-1, -1,-1,2021,34.0,2,1,0,2,1,1,1,,4,,0,,3,-1,0,1,0,0,1,, -1,2,0,1,50,14,9,2021,18:20,1,92,92078,2,2,1,3,RENIERS (AVENUE CHEMIN),48.931738137,2.3218864202,18,2,2
202100036633,136Â 227,A01,1,1,1,3,1,-1,-1,0,0,-1,2021,94.0,1,2,9,0,3,14,1,,4,RAMADIER (AVENUE DU PDT PAUL),0,,1,1,0,1,(1),(1),2,, -1,1,5,4,50,3,6,2021,12:00,1,12,12100,2,6,0,6,RAMADIER (AVENUE DU PDT PAUL),44.54005,2.31086,12,1,1
202100024609,157Â 668,A01,10,3,1,5,0,-1,-1,2,3,1,2021,34.0,0,1,0,1,1,17,1,,4,LIBERTE (AVENUE DE LA,0,,2,2,0,1,(1),(1),1,, -1,1,0,1,50,10,8,2021,21:45,5,34,34172,2,1,0,6,LIBERTE (AVENUE DE LA,43.608873223,3.8419505954,21,2,1
202100046510,118Â 650,A01,2,2,1,0,8,0,-1,0,0,-1,2021,34.0,1,1,0,2,1,1,1,,4,SABLON (COURS),0,,2,4,0,1,(1),(1),1,, -1,1,0,1,50,21,3,2021,22:40,5,63,63113,2,2,0,3,SABLON (COURS),45.77356,3.09002,22,3,2
202100014190,176Â 329,B01,1,1,1,4,1,0,-1,-1, -1,-1,2021,30.0,1,2,0,2,4,23,2,,4,CANEBIERE     70 A FIN,0,,1,1,1,2,0,0,1,, -1,1,0,1,50,9,10,2021,01:45,5,13,13201,2,1,0,2,CANEBIERE     70 A FIN,43.29898,5.38509,1,3,2
202100041184,127Â 983,B01,2,2,2,4,1,-1,-1,0,0,-1,2021,44.0,3,2,13,0,7,19,1,,3,,-1,,-1,2,0,1,(1),(1),1,, -1,1,0,8,-1,7,5,2021,17:55,1,63,63061,1,2,0,7,RD 444,46.002566,3.258181,17,3,2
202100019829,166Â 191,A01,10,3,1,1,0,-1,-1,1,3,1,2021,48.0,1,2,0,1,2,15,1,,4,LORION (RUE LUC),0,,2,1,0,1,0,0,1,, -1,1,9,1,50,9,9,2021,07:49,1,974,97416,2,1,1,6,LORION (RUE LUC),-21.3339,55.4713,7,2,1
202100053410,106Â 252,B01,1,1,1,0,1,0,-1,-1, -1,-1,2021,27.0,2,2,0,2,6,2,1,,3,188,0,,2,2,0,1,6,0,1,, -1,2,0,1,90,28,1,2021,20:04,3,91,91661,1,1,0,2,RD 188 CHEVREUSE,48.696513,2.226893,20,2,2
202100045546,120Â 328,B01,1,1,1,0,8,0,-1,-1, -1,-1,2021,41.0,3,2,0,2,8,0,1,,4,CARAQUE,0,,2,2,0,2,(1),(1),2,, -1,1,0,1,50,27,3,2021,17:00,1,971,97101,1,1,0,3,CARAQUE,16.2623467784,-61.4892339706,17,2,2
202100022793,160Â 861,A01,1,1,1,0,2,-1,-1,0,0,-1,2021,26.0,0,1,0,2,1,1,5,,6,ANDRE DUROUCHEZ (RUE),0,,-1,-1,1,1,(1),(1),1,, -1,1,0,5,50,20,8,2021,18:15,1,80,80021,1,1,0,3,ANDRE DUROUCHEZ (RUE),49.9310495701,2.2780133666,18,2,2
202100010246,183Â 394,B01,1,1,1,5,2,6,-1,-1, -1,-1,2021,26.0,1,1,0,2,1,3,1,,1,86,0,,3,4,0,2,51,599,1,, -1,2,0,1,70,30,10,2021,17:00,1,94,94034,1,1,1,2,AUTOROUTE A86,48.76015,2.32107,17,2,2
202100043092,124Â 649,A01,1,1,1,5,1,-1,-1,0,0,-1,2021,75.0,2,2,0,0,4,2,1,,2,147,-1,,3,4,0,1,40,200,1,, -1,1,0,1,90,21,4,2021,12:30,1,86,86099,1,9,0,2,N147,46.491496,0.498246,12,2,2
202100044695,121Â 822,A01,1,1,1,1,1,0,-1,-1, -1,-1,2021,30.0,2,2,0,2,7,1,1,,2,ANCIENS COMBATTANTS D INDOCHINE,0,,1,2,0,1,0,0,1,, -1,1,0,1,80,2,4,2021,20:30,5,30,30189,2,1,0,3,ANCIENS COMBATTANTS D INDOCHINE,43.86907,4.32565,20,2,2
202100035703,137Â 893,B01,1,1,1,0,2,6,-1,-1, -1,-1,2021,14.0,3,1,0,2,1,1,1,,3,HENRI DE NAVARRE (AVENUE),0,,2,4,0,2,4,435,1,, -1,1,0,1,50,8,6,2021,08:25,1,64,64102,2,2,0,3,HENRI DE NAVARRE (AVENUE),43.49408,-1.45254,8,2,2
202100017026,171Â 184,A01,1,1,1,9,2,0,-1,0,0,-1,2021,35.0,2,1,0,2,1,1,3,,4,AVENUE JEAN JAURES,0,,2,4,0,1,(1),(1),1,, -1,1,0,1,30,23,9,2021,10:20,1,75,75119,2,3,0,3,AVENUE JEAN JAURES,48.886613,2.384834,10,2,2
202100029639,148Â 808,B01,1,1,2,0,1,0,-1,-1, -1,-1,2021,41.0,2,2,0,2,5,23,1,,3,986,0,,1,2,0,1,0,0,1,, -1,2,0,1,50,10,7,2021,11:20,1,92,92050,2,3,1,2,COMMUNE DE PARIS AVENUE DE LA,48.907511,2.212093,11,2,2
202100001819,198Â 548,A01,1,1,1,5,1,-1,-1,-1, -1,-1,2021,81.0,1,2,3,0,1,14,1,,1,A50,0,,3,7,0,1,63,500,1,, -1,1,3,1,90,21,12,2021,19:55,3,83,83126,1,1,0,6,A50,43.1201,5.84993,19,1,1
202100042273,126Â 068,A01,1,1,1,9,2,6,-1,-1, -1,-1,2021,60.0,2,1,3,0,2,0,1,,1,A55-Sens Martigues vers Marseille,0,,1,2,0,1,2,0,1,, -1,2,0,1,90,28,4,2021,09:10,1,13,13202,1,1,1,6,A55-Sens Martigues vers Marseille,43.31461,5.36552,9,1,1
202100009338,185Â 014,A01,1,1,1,0,2,6,9,0,0,-1,2021,58.0,2,1,8,2,1,1,1,,3,273,-1,D,2,2,0,1,6,808,2,, -1,1,0,1,80,5,11,2021,13:15,1,47,47265,1,1,0,1,Pressoire,44.488542,0.583354,13,2,2
202100000174,201Â 433,A01,1,1,2,5,1,-1,-1,0,0,-1,2021,19.0,2,2,0,0,9,13,1,,1,61,0,A,1,1,0,1,264,0,3,, -1,1,3,8,70,31,12,2021,16:10,1,31,31210,1,1,0,7,A 61 - PK 264.000,43.396021,1.694512,16,1,1
202100052279,108Â 260,A01,1,1,1,0,8,-1,-1,0,0,-1,2021,21.0,2,2,15,0,0,0,1,,3,606,0,,2,2,0,1,1,100,1,, -1,1,0,1,80,8,2,2021,03:20,3,11,11022,1,1,0,6,Route dÃ©partementale 606,43.271999,2.66957,3,1,1
202100000042,201Â 685,B01,2,2,2,5,0,-1,-1,-1, -1,-1,2021,69.0,1,2,0,2,3,1,1,,3,,-1,,2,2,0,1,5,793,1,, -1,1,0,1,70,30,7,2021,15:30,1,85,85001,2,1,0,1,Route de la Pointe,46.2992,-1.26346,15,3,2
202100025639,155Â 856,B01,1,1,1,0,2,0,-1,-1, -1,-1,2021,31.0,2,1,0,2,1,1,1,,3,BD DE STALINGRAD,0,,-1,0,0,1,0,1,1,, -1,1,0,1,50,2,8,2021,17:00,1,94,94022,2,1,0,3,Boulevard de Stalingrad,48.77283,2.39999,17,2,2
202100021376,163Â 439,D01,1,1,2,1,1,-1,-1,0,0,-1,2021,33.0,3,2,0,2,1,1,1,,3,228,0,D,2,2,0,1,3,93,1,, -1,1,0,1,90,2,9,2021,09:15,1,77,77382,1,1,0,6,D228,48.907628,2.888415,9,4,4
202100047949,116Â 029,A01,1,1,1,0,1,0,-1,-1, -1,-1,2021,23.0,1,2,8,0,2,1,1,,7,RN 96 (ROUTE NATIONALE ),0,,2,2,0,1,0,0,1,, -1,1,0,3,80,15,3,2021,10:20,1,13,13005,1,1,0,1,RN 96 (ROUTE NATIONALE ),43.32259,5.58874,10,1,1
202100047625,116Â 626,A01,10,3,1,0,0,-1,-1,3,3,1,2021,25.0,1,2,0,1,2,1,1,,3,NEUFCHATEL (RUE DE) DU NÂ° 1 A 121 (IMPAI,0,,2,2,0,1,0,400,1,, -1,1,0,1,50,17,3,2021,07:35,1,51,51454,2,1,0,7,Rue de Neufchatel,49.2735,4.02662,7,2,1
202100027679,152Â 238,A01,10,3,2,0,8,8,-1,5,3,1,2021,82.0,1,3,0,1,0,15,1,1.0,4,RUE DE LA GRANDE MONTAGNE,0,,2,0,0,2,(1),(1),2,, -1,1,-1,1,50,25,6,2021,08:40,1,77,77333,2,1,0,6,RUE DE LA GRANDE MONTAGNE,48.268533,2.699525,8,2,1
202100030766,146Â 767,B01,1,1,1,0,8,-1,-1,-1, -1,-1,2021,29.0,2,1,0,2,1,1,5,,4,BOURBONNAIS (DU)                    (R ),0,,1,1,0,2,(1),(1),1,, -1,1,0,4,50,28,6,2021,18:00,1,69,69389,2,1,0,3,BOURBONNAIS (DU) (R),45.77357,4.79423,18,2,2
202100009119,185Â 409,B01,1,1,1,1,2,0,-1,0,0,-1,2021,23.0,1,1,0,2,8,1,1,,4,AVENUE DE LA PORTE D IVRY,0,,2,4,0,1,(1),(1),1,, -1,1,0,1,30,6,11,2021,11:10,1,75,75113,2,3,0,3,AVENUE DE LA PORTE D IVRY,48.820272,2.371818,11,2,2
202100005230,192Â 432,B01,1,1,2,1,2,6,-1,-1, -1,-1,2021,54.0,1,1,0,2,8,1,1,,2,NAPOLEON COURS AVANT BEVERINI,0,,2,3,0,1,0,300,1,, -1,2,0,1,30,1,12,2021,06:30,5,201,201004,2,3,1,3,NAPOLEON COURS AVANT BEVERINI,41.919132999,8.7367999455,6,2,2
202100016052,172Â 959,A01,1,1,1,1,2,6,-1,-1,0,-1,2021,40.0,2,1,0,2,1,1,1,,1,AUTOROUTE A15,0,,3,8,0,1,9,0,1,, -1,1,0,1,90,30,9,2021,07:30,2,95,95582,1,1,0,5,A15,48.97082,2.24922,7,5,5
202100041692,127Â 084,A01,1,1,1,9,2,6,-1,0,0,-1,2021,34.0,1,1,0,1,7,1,1,,4,RUE LA FAYETTE,0,,1,3,1,1,(1),(1),1,, -1,2,8,1,50,2,5,2021,19:25,1,75,75109,2,2,0,6,RUE LA FAYETTE,48.87437,2.338172,19,2,1