Num_Acc,id_vehicule,num_veh,place,catu,sexe,trajet,secu1,secu2,secu3,locp,actp,etatp,year_acc,victim_age,senc,catv,obs,obsm,choc,manv,motor,occutc,catr,voie,v1,v2,circ,nbv,vosp,prof,pr,pr1,plan,lartpc,larrout,surf,infra,situ,vma,jour,mois,an,hrmn,lum,dep,com,agg_,int,atm,col,adr,lat,long,hour,nb_victim,nb_vehicules
202100017208,170Â 880,A01,1,1,1,9,2,6,-1,0,0,-1,2021,34.0,1,1,0,0,0,1,1,,3,906,0,,2,2,0,1,23,500,1,, -1,1,0,3,80,25,9,2021,16:45,1,71,71520,1,1,0,7,D 906 route de Lyon,46.741449,4.853296,16,1,1
202100023149,160Â 239,B01,1,1,1,9,2,0,-1,-1, -1,-1,2021,27.0,1,1,0,2,4,15,1,,3,992,0,,1,2,0,1,0,0,1,, -1,1,0,1,50,20,8,2021,23:35,5,92,92025,2,2,0,2,CHARLES DE GAULLE (BD),48.914526,2.228834,23,2,2
202100027989,151Â 676,B01,1,1,1,5,1,-1,-1,0,0,-1,2021,50.0,1,2,3,2,4,2,1,,1,61,-1,,3,4,0,1,306,500,1,, -1,1,0,1,130,16,7,2021,10:55,1,11,11254,1,1,0,5,A61 PK 306.500 sens TOULOUSE - NARBONNE,43.223879,2.164049,10,5,3
202100021619,162Â 988,A01,2,2,2,5,1,0,-1,-1, -1,-1,2021,28.0,3,2,0,2,4,1,1,,4,DUCLOS (AVENUE JACQUES),0,,2,2,0,1,(1),(1),1,, -1,1,0,1,50,30,8,2021,11:58,1,37,37233,2,1,0,4,DUCLOS (AVENUE JACQUES),47.3809656276,0.7333263925,11,6,3
202100026749,153Â 909,A01,2,2,1,5,1,5,-1,0,0,-1,2021,63.0,1,2,2,0,7,17,1,,3,43,0,D,2,2,0,1,21,900,1,, -1,1,0,3,80,8,7,2021,15:00,1,95,95169,1,1,0,6,RD 43,49.129492,1.887787,15,2,1
202100037533,134Â 578,B01,1,1,2,0,1,-1,-1,0,0,-1,2021,68.0,0,2,0,2,1,1,1,,3,648,0,,2,2,0,1,1,920,1,, -1,1,0,1,50,31,5,2021,09:50,1,27,27072,2,9,0,3,D648,49.104985,1.526467,9,2,2
202100038905,132Â 087,A01,1,1,2,0,1,0,-1,-1, -1,-1,2021,65.0,1,2,0,2,1,1,1,,3,RD810,0,,2,3,0,1,31,0,1,, -1,2,0,1,50,21,5,2021,11:50,1,64,64545,2,1,1,2,RD810,43.36093,-1.69977,11,2,2
202100046278,119Â 055,A01,1,1,2,9,1,-1,-1,0,0,-1,2021,20.0,3,2,13,2,2,19,1,,4, -,0, -,2,2,0,1,0,0,1,, -1,1,0,1,50,12,3,2021,22:30,3,50,50490,1,2,0,3,Chemin de Coutances,49.360732,-1.743471,22,4,2
202100051148,110Â 245,A01,1,1,1,5,2,6,-1,-1, -1,-1,2021,74.0,2,1,0,0,0,1,1,,3,TOPAZES(ALLEE DES),0,,2,2,0,2,(1),(1),1,, -1,1,0,1,50,16,2,2021,16:10,1,974,97411,2,1,0,7,TOPAZES(ALLEE DES),-20.89202,55.44488,16,1,1
202100004678,193Â 414,A01,1,1,1,5,1,-1,-1,-1, -1,-1,2021,24.0,2,2,0,2,2,19,1,,4,GAMBETTA                            (CO),0,,2,2,3,1,(1),(1),1,, -1,2,0,1,50,3,12,2021,23:40,5,69,69383,2,2,1,3,GAMBETTA (CR),45.75159,4.85372,23,2,2
202100029530,149Â 009,A01,2,2,1,5,1,-1,-1,0,0,-1,2021,15.0,1,2,13,0,7,0,1,,2,20,0,,2,2,0,1,112,0,1,, -1,1,0,3,80,11,7,2021,15:30,1,202,202079,1,1,0,7,Castello-di-Rostino,42.475191,9.260852,15,2,1
202100039441,131Â 104,A01,1,1,1,4,1,8,-1,-1, -1,-1,2021,26.0,2,5,0,2,8,1,1,,4,,0,,2,2,0,1,(1),(1),1,, -1,2,0,1,30,14,5,2021,21:20,1,56,56121,2,2,1,3,Rue de Lanveur,47.74305,-3.38901,21,2,2
202100046363,118Â 895,B01,1,1,1,5,2,0,-1,0,0,-1,2021,32.0,2,1,0,2,7,17,1,,4,BOULEVARD PERIPHERIQUE EXTERIEUR SUD,0,,1,3,0,1,(1),(1),1,, -1,1,1,1,70,27,3,2021,12:45,1,75,75114,2,4,0,3,BOULEVARD PERIPHERIQUE EXTERIEUR SUD,48.8246640194,2.3046140542,12,2,2
202100048944,114Â 263,B01,1,1,2,5,8,0,-1,-1, -1,-1,2021,52.0,2,1,0,2,1,19,3,,4,Av Danielle MITTERRAND,0,,3,2,0,1,(1),(1),1,, -1,1,6,1,50,6,3,2021,10:45,1,33,33039,2,1,0,2,Avenue Danielle Mitterrand,44.78612,-0.56345,10,2,2
202100008145,187Â 157,B01,1,1,1,4,8,0,-1,0,0,-1,2021,35.0,2,1,0,2,4,1,5,,4,PLACE SAINT GEORGES,0,,1,1,0,1,(1),(1),2,, -1,1,0,1,30,14,11,2021,20:00,5,75,75109,2,7,0,2,PLACE SAINT GEORGES,48.878307,2.337548,20,2,2
202100005450,192Â 053,B01,1,1,1,0,2,-1,-1,0,0,-1,2021,23.0,2,1,0,2,1,1,1,,3,24,0,D,2,2,0,1,20,390,1,, -1,1,0,1,-1,2,12,2021,12:30,1,34,34272,1,3,0,3,D 24,43.651409,4.104939,12,2,2
202100025604,155Â 917,A01,1,1,1,1,1,0,-1,-1, -1,-1,2021,40.0,0,2,8,0,1,1,0,,4,,0,,2,2,0,1,(1),(1),2,, -1,1,0,4,50,4,8,2021,02:10,5,45,45234,2,1,0,6,2 Rue Jousselin,47.90068,1.9308,2,1,1
202100033796,141Â 358,B01,4,2,1,0,1,0,-1,-1, -1,-1,2021,19.0,1,2,2,2,0,0,1,,7,BOULEVARD DE LA LIBERTÃ,0,,3,4,0,1,41,150,1,, -1,1,0,1,50,16,6,2021,10:00,1,83,83034,2,6,0,3,BOULEVARD DE LA LIBERTÃ,43.092656,6.076556,10,4,2
202100055793,102Â 137,A01,1,1,2,0,8,0,-1,-1, -1,-1,2021,23.0,2,2,0,2,5,12,1,,2,RN87,0,,3,4,0,1,0,725,1,, -1,1,0,1,90,8,1,2021,09:00,1,38,38185,1,1,0,3,Rocade Sud,45.15857,5.70907,9,2,2
202100036913,135Â 721,A01,1,1,1,5,2,6,9,0,0,-1,2021,22.0,2,1,12,0,2,1,1,,3,,-1,,1,2,0,1,12,(1),1,, -1,1,0,1,50,30,5,2021,15:30,1,85,85103,2,6,0,7,Rue du Moulin,46.540209,-1.614937,15,1,1
202100047475,116Â 904,B01,1,1,1,0,1,0,-1,-1, -1,-1,2021,24.0,1,2,0,2,8,15,1,,7,1,0,,2,3,3,1,0,1,1,, -1,1,0,1,50,18,3,2021,13:15,1,69,69034,2,3,0,3,GENERAL DE GAULLE                   (AV),45.81171,4.85908,13,2,2
202100030835,146Â 647,A01,2,2,1,5,1,-1,-1,-1, -1,-1,2021,33.0,1,2,6,0,1,14,1,,3,2EME D.B. (AVENUE DE LA),0,,2,2,0,1,1,440,1,, -1,2,0,4,50,4,7,2021,03:45,3,61,61006,2,6,0,6,2EME D.B. (AVENUE DE LA),48.733823,-0.034201,3,2,1
202100030356,147Â 501,B01,2,2,2,5,2,8,-1,-1, -1,-1,2021,21.0,3,1,0,2,1,2,1,,4,LANOY (R RENE),0,,2,4,0,1,(1),(1),1,, -1,1,0,1,50,10,6,2021,19:00,1,62,62498,2,1,0,3,LANOY (R RENE),50.433039,2.833931,19,6,2
202100020945,164Â 223,B01,2,2,2,5,1,-1,-1,0,0,-1,2021,66.0,2,2,3,0,4,2,1,,1,49,-1,,3,4,0,1,60,500,1,, -1,1,3,1,130,16,6,2021,18:45,1,26,26057,1,1,0,4,Autoroute A49,45.020277,5.043154,18,4,3
202100056456,100Â 987,B01,1,1,1,5,2,6,-1,0,0,-1,2021,17.0,3,1,0,2,1,1,1,,4,1,0,,2,2,0,1,(1),(1),1,, -1,1,0,1,30,3,1,2021,14:15,1,82,82124,2,2,0,3,Rue Pierre Bonhoure,44.009758,1.286645,14,2,2
202100045896,119Â 721,A01,1,1,1,1,2,6,-1,-1, -1,-1,2021,25.0,2,1,0,2,0,21,1,,3,ROSNY (AVENUE DE),0,,1,2,0,1,0,1,1,, -1,2,0,1,50,19,1,2021,09:00,1,93,93077,2,9,1,7,ROSNY (AVENUE DE),48.88295,2.4987,9,2,2
202100023281,160Â 002,B01,1,1,2,1,2,6,-1,-1, -1,-1,2021,26.0,1,1,0,2,4,13,1,,3,CHEVREL ( BOULEVARD DU DOCTEUR ),0,,2,2,0,2,15,149,1,, -1,1,2,1,50,18,8,2021,16:17,1,44,44055,2,1,0,2,CHEVREL ( BOULEVARD DU DOCTEUR ),47.289065,-2.3941778115,16,2,2
202100025949,155Â 298,B01,1,1,1,0,1,0,-1,-1, -1,-1,2021,44.0,1,5,0,2,4,1,1,,3,20,0,,3,2,0,1,2,0,1,, -1,1,0,1,50,2,8,2021,06:00,4,91,91377,2,1,0,2,RN20,48.71951,2.29887,6,2,2
202100023770,159Â 128,A01,1,1,1,5,2,-1,-1,0,0,-1,2021,52.0,1,1,0,0,2,16,5,,3,39,-1,,2,2,0,1,11,470,1,,4,1,0,1,80,15,8,2021,09:40,1,71,71318,1,4,0,7,805 Route de Varennes,46.5499592732,5.1706275317,9,1,1
202100000865,200Â 193,A01,10,3,1,0,0,-1,-1,2,3,1,2021,67.0,1,3,0,1,1,1,3,,4,JAURES (AVE JEAN),0,,2,4,3,1,(1),(1),1,, -1,2,4,1,30,27,12,2021,21:00,5,33,33119,2,1,1,6,Avenue Jean JaurÃ¨s,44.85752,-0.53177,21,2,1
202100002866,196Â 652,A01,1,1,2,2,1,-1,-1,0,0,-1,2021,40.0,1,2,0,2,3,10,2,,3,202,-1,,2,1,0,4,4,950,2,,3,2,0,1,50,16,12,2021,08:00,2,71,71071,2,4,0,3,DÃ©partementale 202 - Les Jumatis,46.280678,3.941361,8,4,2
202100022257,161Â 856,B01,1,1,1,9,2,0,-1,-1, -1,-1,2021,25.0,1,1,0,2,1,26,1,,4,RABELAIS,0,,2,2,0,1,1,0,1,, -1,1,0,1,50,27,8,2021,17:47,1,49,49007,2,3,0,3,RABELAIS,47.45994,-0.54584,17,2,2
202100052117,108Â 550,B01,1,1,1,0,2,8,-1,-1, -1,-1,2021,32.0,0,1,0,2,7,1,1,,4,JUIN (AVENUE DU MARECHAL),0,,2,2,0,1,(1),(1),1,, -1,1,0,1,50,5,2,2021,20:00,5,66,66136,2,1,0,3,JUIN (AVENUE DU MARECHAL),42.6879484371,2.8981770484,20,2,2
202100043601,123Â 736,B01,2,2,1,5,2,-1,-1,0,0,-1,2021,14.0,1,1,0,2,1,1,1,,3,982,-1,,2,2,0,1,67,294,1,, -1,1,0,1,80,19,4,2021,16:30,1,76,76533,1,1,0,3,D982,49.4957662453,0.2580553293,16,3,2
202100040777,128Â 725,A01,10,3,2,0,0,-1,-1,4,3,1,2021,79.0,1,2,0,1,6,20,1,,3,HENRI BARBUSSE (RUE) =>58/69,0,,1,1,0,1,0,1,1,, -1,1,0,1,50,8,5,2021,17:15,1,93,93001,2,2,0,6,Rue Henri Barbusse / Avenue de la RÃ©publique,48.906136,2.389631,17,3,1
202100021829,162Â 607,A01,1,1,1,5,2,-1,-1,0,0,-1,2021,19.0,2,0,0,0,3,0,3,,3,540,0,,-1,2,0,1,10,560,1,, -1,1,0,1,80,30,8,2021,21:30,3,26,26031,1,1,0,6,D540,44.554852,4.853994,21,1,1
202100018628,168Â 338,A01,1,1,1,4,2,6,-1,-1, -1,-1,2021,35.0,2,1,0,2,8,18,1,,3,7,0,,1,2,0,1,0,0,1,, -1,1,0,1,50,16,9,2021,13:30,1,92,92062,2,1,0,3,DE DION BOUTON (QUAI) DU 29 AU 65,48.8831330848,2.2486379743,13,2,2
202100000919,200Â 104,A01,1,1,1,5,2,6,-1,0,0,-1,2021,44.0,1,1,15,0,1,13,1,,3,13,0,B,2,2,0,2,1,600,3,,4,1,9,3,80,30,12,2021,18:00,3,66,66106,1,1,0,6,Traverse des Cluses,42.493357,2.823704,18,2,1
202100019435,166Â 896,A01,1,1,1,5,1,-1,-1,0,0,-1,2021,22.0,1,2,0,2,1,13,1,,3,385,-1,,2,2,0,1,16,838,1,, -1,1,0,1,50,12,9,2021,21:45,5,69,69107,2,1,0,5,CENTRALE (R),46.06537,4.492228,21,3,3
202100050566,111Â 307,A01,2,2,1,5,1,0,-1,-1, -1,-1,2021,21.0,2,2,13,0,2,15,1,,3,CHEMIN DE VILLENEUVE,0,,2,2,0,2,0,0,2,, -1,1,0,1,80,21,2,2021,03:25,3,83,83050,1,1,0,6,CHEMIN DE VILLENEUVE,43.51425,6.42023,3,2,1
202100014376,176Â 013,A01,10,3,2,5,0,-1,-1,1,3,1,2021,68.0,3,2,0,1,1,1,1,,4,RHIN ET DANUBE (AV.),0,,-1,2,0,1,(1),(1),1,, -1,1,0,1,50,7,10,2021,14:00,1,34,34032,2,3,0,6,RHIN ET DANUBE (AV.),43.35515,3.23697,14,2,1
202100034824,139Â 466,A01,1,1,1,5,1,-1,-1,0,0,-1,2021,57.0,1,2,13,0,2,14,1,,3,11,-1,,2,2,0,2,26,260,1,,"5,5",1,0,3,80,12,6,2021,23:00,3,85,85082,1,1,0,7,La Roseraie,46.873483,-0.94137,23,1,1
202100053372,106Â 321,A01,10,3,1,1,0,-1,-1,2,3,1,2021,55.0,1,2,0,1,2,1,1,,3,94,-1,,2,2,0,1,17,132,1,, -1,2,0,1,50,29,1,2021,07:30,5,62,62036,2,1,1,6,Rue d'Hesdin,50.446745,2.252149,7,2,1
202100035398,138Â 443,A01,1,1,1,0,8,-1,-1,0,0,-1,2021,30.0,1,2,17,0,1,1,1,,3,502,0,A,2,2,0,1,19,900,1,, -1,1,0,3,80,29,5,2021,17:40,1,69,69235,1,1,0,7,RD 502,45.531188,4.847867,17,1,1
202100003442,195Â 602,A01,1,1,1,9,1,0,-1,-1, -1,-1,2021,45.0,2,5,7,0,1,13,1,,4,PONT DE TOLBIAC,0,,2,5,0,1,(1),(1),1,, -1,1,0,1,30,10,12,2021,23:55,5,75,75113,2,2,0,6,PONT DE TOLBIAC,48.8325537,2.379768,23,1,1
202100052913,107Â 138,A01,1,1,1,1,2,0,-1,0,0,-1,2021,52.0,2,1,0,2,0,1,1,,4,RUE DE LA CROIX NIVERT,0,,2,2,0,1,(1),(1),1,, -1,2,0,1,50,1,2,2021,07:35,2,75,75115,2,3,1,7,RUE DE LA CROIX NIVERT,48.841169,2.291812,7,1,1
202100034536,139Â 999,B01,1,1,1,5,1,0,-1,-1, -1,-1,2021,70.0,1,2,0,2,6,1,1,,1,A50,0,,3,6,0,1,63,0,1,, -1,1,0,1,110,11,6,2021,17:15,1,83,83129,1,1,0,5,A50,43.1204644229,5.8431324448,17,4,3
202100008788,186Â 036,B01,1,1,1,5,2,6,-1,0,0,-1,2021,16.0,2,1,0,2,1,1,1,,3,80,-1,D,2,2,0,1,2,500,1,, -1,1,0,1,80,9,11,2021,18:50,3,51,51525,1,1,1,1,D80,48.9090372306,4.3989139795,18,2,2
202100001955,198Â 307,B01,1,1,2,9,1,-1,-1,0,0,-1,2021,66.0,2,2,0,2,2,1,1,,3,936,0,R,2,2,0,1,35,684,1,, -1,1,0,1,70,22,12,2021,17:45,2,30,30259,1,3,0,3,Route de NÃ®mes,44.073697,4.117427,17,2,2
202100034342,140Â 347,A01,1,1,1,1,2,-1,-1,0,0,-1,2021,17.0,2,1,0,2,1,1,1,,3,184,-1,,2,2,0,2,0,910,4,, -1,1,0,1,80,15,6,2021,17:25,1,71,71003,1,1,0,2,Route de Pussey,46.913715,4.987974,17,2,2
202100048560,114Â 951,B01,1,1,1,1,2,0,-1,0,0,-1,2021,29.0,1,1,0,2,1,1,1,,4,RUE DES VIGNOLES,0,,1,1,0,2,(1),(1),1,, -1,1,0,1,50,10,3,2021,09:10,1,75,75120,2,2,0,3,RUE DES VIGNOLES,48.853407,2.398443,9,2,2
202100028845,150Â 158,A01,1,1,1,9,2,6,-1,0,0,-1,2021,47.0,1,1,0,2,1,18,1,,4,MARCEL PAGNOL (AVENUE),0,,2,2,0,2,(1),(1),1,, -1,1,0,1,50,15,7,2021,18:00,1,6,6069,2,1,0,5,MARCEL PAGNOL (AVENUE),43.645364,6.944271,18,3,3
202100032631,143Â 436,A01,10,3,1,4,0,-1,-1,3,3,1,2021,62.0,2,5,0,1,1,1,1,,4,MARINE (QUAI DE LA),0,,3,2,0,1,(1),(1),1,, -1,1,6,1,20,21,6,2021,14:05,1,89,89024,2,1,0,6,MARINE (QUAI DE LA),47.79844,3.57442,14,2,1
202100047861,116Â 210,A01,1,1,1,9,0,-1,-1,0,0,-1,2021,37.0,2,2,0,0,9,1,1,,3,432,-1,,2,2,0,1,20,400,2,, -1,2,0,3,70,17,3,2021,03:30,3,68,68139,1,1,1,7,D432,47.601338,7.232308,3,1,1
202100045570,120Â 276,A01,1,1,1,1,2,6,-1,-1, -1,-1,2021,53.0,3,1,12,0,2,14,1,,4,REPUBLIQUE (PLACE DE LA),0,,2,3,3,1,0,0,3,, -1,1,0,6,50,31,3,2021,16:45,1,64,64102,2,1,0,7,REPUBLIQUE (PLACE DE LA),43.49569,-1.47003,16,1,1
202100006688,189Â 825,A01,1,1,1,5,2,6,-1,-1, -1,-1,2021,17.0,1,1,0,2,1,19,1,,4,BARA (RUE),0,,2,2,0,1,1,0,1,, -1,1,0,1,50,12,11,2021,13:35,1,18,18279,2,2,0,3,BARA (RUE),47.23356,2.04499,13,2,2
202100028684,150Â 449,A01,1,1,1,5,1,0,-1,0,0,-1,2021,19.0,2,2,0,2,1,1,1,,4,PLACE CHARLES MICHELS,0,,2,4,0,1,(1),(1),1,, -1,1,5,1,50,15,7,2021,05:15,5,75,75115,2,7,0,3,PLACE CHARLES MICHELS,48.8468,2.285713,5,9,2
202100011192,181Â 725,B01,1,1,1,1,1,0,-1,-1, -1,-1,2021,42.0,2,2,0,2,0,0,1,,3,RTE D ORLEANS RN 20,0,,1,3,0,1,(1),(1),1,, -1,1,0,1,50,24,10,2021,03:45,5,91,91425,2,1,0,2,RTE D ORLEANS RN 20,48.639072,2.267876,3,5,2
202100013058,178Â 404,A01,10,3,1,5,0,-1,-1,6,1,2,2021,65.0,2,2,0,1,2,1,1,,3,RTE DE CONDE,0,,2,2,0,1,(1),(1),1,, -1,1,0,3,90,10,10,2021,02:00,3,59,59526,1,1,0,6,RTE DE CONDE,50.4571260637,3.4717011452,2,2,1
202100022198,161Â 967,A01,9,2,2,5,8,-1,-1,0,0,-1,2021,16.0,2,2,16,0,3,21,1,,3,94,-1,,2,2,0,2,1,700,2,, -1,1,0,1,80,23,8,2021,18:35,1,60,60103,1,1,0,7,D94,49.4242561998,2.2603890223,18,5,1
202100023239,160Â 077,A01,10,3,1,5,0,-1,-1,2,3,1,2021,43.0,0,2,0,1,2,16,1,,4,BRIAND ( RUE ARISTIDE ),0,,2,0,0,1,(1),(1),2,, -1,1,0,1,50,19,8,2021,11:10,1,62,62126,2,1,0,6,BRIAND ( RUE ARISTIDE ),50.52727,2.70536,11,2,1
202100002058,198Â 115,A01,10,3,2,1,0,-1,-1,4,3,1,2021,39.0,2,1,0,1,1,1,1,,3,3,0,,3,6,0,2,1,0,1,, -1,1,0,1,50,20,12,2021,13:05,1,92,92073,2,9,0,6,DE GAULLE (AVENUE GENERAL CHARLES),48.87074,2.22453,13,2,1
202100047580,116Â 716,A01,10,3,1,3,0,-1,-1,1,2,1,2021,66.0,1,5,0,1,4,4,1,,4,10,-1,,1,1,0,2,(1),(1),1,, -1,1,0,1,30,19,3,2021,11:15,1,60,60612,2,1,0,6,Rue Vieille de Paris,49.203313,2.582404,11,3,1
202100017562,170Â 236,A01,10,3,1,2,0,-1,-1,2,3,1,2021,11.0,2,2,0,1,3,1,1,,3,124,0,,2,2,0,1,2,705,1,, -1,1,0,1,50,23,9,2021,07:50,2,27,27077,2,1,0,6,route dÃ©partementale 124,49.271214,0.782062,7,2,1
202100024182,158Â 440,B01,2,2,2,3,1,-1,-1,0,0,-1,2021,85.0,3,2,0,2,3,1,1,,6,,-1,,-1,-1,0,1,(1),(1),1,,5,1,0,1,50,15,8,2021,11:30,1,15,15120,2,1,0,3,Marsalou,45.214651,2.346606,11,3,2
202100033335,142Â 179,A01,1,1,1,0,8,0,-1,-1, -1,-1,2021,12.0,0,1,0,2,8,1,5,,7,GUESDE (RUE JULES),0,,2,2,1,1,(1),(1),1,, -1,1,0,1,50,14,6,2021,18:15,1,59,59299,2,2,0,3,GUESDE (RUE JULES),50.65766,3.192507,18,2,2
202100040910,128Â 500,A01,1,1,1,5,8,0,-1,0, -1,-1,2021,42.0,1,1,0,2,1,26,1,,4,PASTEUR,0,,-1,2,0,1,1,0,1,, -1,1,0,1,50,7,5,2021,12:25,1,49,49007,2,1,0,3,PASTEUR,47.47282,-0.53988,12,2,2
202100032454,143Â 767,A01,2,2,1,0,1,0,-1,-1, -1,-1,2021,24.0,1,2,0,2,1,9,1,,3,117,0,,1,2,0,1,0,0,2,, -1,1,0,8,50,24,6,2021,13:20,1,91,91549,1,9,0,2,RD 117,48.643479,2.334264,13,3,2
202100030317,147Â 571,A01,10,3,2,5,0,-1,-1,2,3,1,2021,44.0,2,1,0,1,2,1,3,,4,RUE MARBEUF,0,,1,1,1,1,(1),(1),1,, -1,1,0,5,30,6,7,2021,11:00,1,75,75108,2,3,0,6,RUE MARBEUF,48.869142,2.304514,11,2,1
202100024743,157Â 418,A01,10,3,1,0,0,-1,-1,6,1,1,2021,70.0,2,4,0,1,2,1,1,,7,RN 20 (ROUTE NATIONALE 20 LA SOURCE),0,,3,5,0,1,36,500,1,, -1,1,0,1,90,10,8,2021,01:15,3,45,45234,1,1,0,6,D2020-PR 36+500,47.8364,1.91619,1,2,1
202100010880,182Â 280,A01,1,1,1,0,1,0,-1,0,0,-1,2021,24.0,1,2,0,2,1,26,1,,7,MONT-DORE (AVENUE DU),0,,2,2,0,2,(1),(1),1,, -1,1,0,1,50,22,10,2021,23:35,5,63,63032,2,4,0,6,MONT-DORE (AVENUE DU),45.74739,3.07094,23,1,1
202100007955,187Â 510,B01,1,1,1,1,2,6,-1,-1, -1,-1,2021,21.0,1,1,0,2,1,3,1,,2,RN104,0,,1,3,0,1,5,200,1,, -1,1,0,1,90,15,11,2021,09:30,1,77,77373,1,1,0,2,RN104,48.7896238317,2.6178744351,9,2,2
202100009832,184Â 121,B01,1,1,1,5,2,-1,-1,0,0,-1,2021,43.0,0,1,0,2,1,1,1,,3,1,-1,,2,1,0,1,25,200,1,,3,1,0,1,80,23,10,2021,20:15,3,80,80694,1,2,0,1,D1,49.936237,2.604189,20,2,2
202100010270,183Â 349,A01,1,1,2,9,1,0,-1,-1, -1,-1,2021,20.0,2,2,0,2,3,9,1,,3,Jean Jaures (Avenue),0,,2,2,0,1,0,100,1,, -1,2,0,1,30,29,10,2021,22:10,5,91,91191,2,9,1,3,Jean Jaures (Avenue),48.713963,2.46226,22,3,2
202100042344,125Â 933,B01,1,1,1,9,8,0,-1,0,0,-1,2021,38.0,2,1,0,2,4,17,5,,4,AVENUE SIMON BOLIVAR,0,,2,2,0,2,(1),(1),3,, -1,1,0,1,50,27,4,2021,17:20,1,75,75119,2,1,0,2,AVENUE SIMON BOLIVAR,48.880704,2.373963,17,2,2
202100028513,150Â 747,A01,1,1,1,0,2,0,-1,-1, -1,-1,2021,24.0,1,1,0,2,7,1,1,,4,,0,,1,1,0,1,0,0,1,, -1,1,0,1,30,17,7,2021,20:05,1,92,92012,2,2,0,3,DANJOU (RUE) 17/FIN - 20/FIN,48.83219,2.24879,20,2,2
202100048415,115Â 217,B01,1,1,2,5,1,8,-1,-1, -1,-1,2021,29.0,1,2,0,2,1,1,1,,2,RN 151,0,,1,3,0,1,21,500,1,, -1,1,3,1,110,26,2,2021,20:17,4,18,18033,1,1,0,3,RN 151,47.04642,2.33772,20,2,2
202100033061,142Â 648,B01,1,1,1,5,2,0,-1,-1, -1,-1,2021,55.0,3,1,0,2,8,0,1,,7,CD 49,0,,2,3,0,1,0,0,1,, -1,1,0,1,50,20,6,2021,12:30,1,13,13056,1,1,0,3,CD 49,43.34028,5.0807,12,2,2
202100050011,112Â 351,B01,1,1,2,9,2,0,-1,-1, -1,-1,2021,49.0,2,1,0,2,1,25,5,,4,LOUISE DARRACQ (AVENUE),0,,1,1,0,1,0,0,1,, -1,1,0,4,50,26,2,2021,10:55,1,64,64102,2,1,0,3,LOUISE DARRACQ (AVENUE),43.49417,-1.48168,10,2,2
202100034297,140Â 435,A01,1,1,1,9,2,8,-1,-1, -1,-1,2021,27.0,2,1,0,2,1,17,1,,4,PONT DE VIVAUX (BOULEVARD),0,,2,2,0,1,(1),(1),1,, -1,1,0,1,50,23,2,2021,07:20,5,13,13210,2,1,0,3,PONT DE VIVAUX (BOULEVARD),43.280949,5.422103,7,2,2
202100025001,156Â 964,A01,10,3,2,5,0,-1,-1,2,3,2,2021,49.0,3,2,0,1,1,1,1,,4,KENNEDY PRESIDENT (BD DU),0,,3,4,0,1,(1),(1),1,, -1,1,0,1,50,7,8,2021,00:15,5,34,34032,2,1,0,6,KENNEDY PRESIDENT (BD DU),43.354841,3.239794,0,3,1
202100051545,109Â 562,A01,2,2,1,5,1,-1,-1,0,0,-1,2021,49.0,2,2,8,0,3,13,1,,3,35,0,D,2,2,0,3,9,700,1,, -1,1,0,1,50,15,2,2021,17:10,1,64,64148,2,1,0,7,d35,43.112881,-0.318968,17,4,1
202100044513,122Â 142,A01,1,1,2,5,1,-1,-1,0,0,-1,2021,30.0,2,2,3,0,0,1,1,,1,8,-1,,3,4,0,2,205,700,3,, -1,2,0,1,90,10,4,2021,19:15,1,6,6149,1,1,1,6,A8 PK205+700 SENS ITALIE- FRANCE,43.74415,7.349821,19,1,1
202100025258,156Â 506,A01,1,1,1,5,1,8,-1,-1, -1,-1,2021,40.0,2,5,2,0,3,13,1,,4,AVEYRON (ROUTE DE L'),0,,2,2,0,1,(1),(1),4,, -1,1,0,3,70,6,8,2021,18:25,1,82,82121,1,1,0,6,AVEYRON (ROUTE DE L'),44.0914585906,1.3214278221,18,3,1
202100001013,199Â 954,B01,1,1,1,0,2,0,-1,-1, -1,-1,2021,15.0,0,1,0,2,1,2,1,,4,EUROPE (RUE DE L'),0,,2,2,0,1,0,0,1,, -1,2,0,1,50,27,12,2021,18:00,5,45,45004,2,1,0,3,EUROPE (RUE DE L'),47.9786292612,2.7291959524,18,2,2
202100018153,169Â 165,A01,1,1,2,9,1,0,-1,0,0,-1,2021,55.0,3,2,0,2,3,26,1,,4,,0,,2,2,0,1,(1),(1),1,, -1,1,0,1,50,18,9,2021,10:30,1,25,25547,2,9,0,3,rue d'Epinal,47.516599,6.828026,10,3,2
202100000343,201Â 107,A01,1,1,1,0,1,8,-1,-1, -1,-1,2021,39.0,2,2,6,0,1,1,1,,7,N.4 CONTOURNEMENT-SUD,0,,1,3,0,1,44,799,1,, -1,1,2,3,70,29,10,2021,19:10,3,67,67482,1,1,0,6,M352,48.5710819152,7.7329641581,19,1,1
202100011396,181Â 349,A01,1,1,1,0,1,0,-1,-1, -1,-1,2021,50.0,2,2,0,2,3,13,1,,4,GUEY (BOULEVARD),0,,2,2,0,2,0,0,1,, -1,1,0,1,50,23,10,2021,18:30,2,13,13212,2,1,0,3,GUEY (BOULEVARD),43.30655,5.42234,18,3,2
202100030436,147Â 368,B01,1,1,1,0,8,0,-1,-1, -1,-1,2021,37.0,1,2,0,2,1,1,2,,3,FRANCE ANATOLE (BOULEVARD) NR AUTRES,0,,2,4,0,1,0,1,1,, -1,1,0,1,50,6,7,2021,04:30,5,93,93066,2,1,0,2,Boulevard Anatole France,48.9262,2.35143,4,2,2