Num_Acc,id_vehicule,num_veh,place,catu,sexe,trajet,secu1,secu2,secu3,locp,actp,etatp,year_acc,victim_age,senc,catv,obs,obsm,choc,manv,motor,occutc,catr,voie,v1,v2,circ,nbv,vosp,prof,pr,pr1,plan,lartpc,larrout,surf,infra,situ,vma,jour,mois,an,hrmn,lum,dep,com,agg_,int,atm,col,adr,lat,long,hour,nb_victim,nb_vehicules
202100038758,132Â 333,A01,1,1,1,0,1,8,-1,0,0,-1,2021,64.0,1,2,6,2,1,1,1,,4,DORMOY MARX RUE,0,,1,1,0,1,(1),(1),1,, -1,1,5,1,50,21,5,2021,15:49,1,29,29232,2,6,0,3,Rue Marx Dormoy,47.99118,-4.0727,15,2,2
202100045442,120Â 509,A01,10,3,1,0,0,-1,-1,4,3,1,2021,32.0,2,2,0,1,3,1,1,,3,MAXIME GORKI (BOULEVARD) DES NÂ°89 A ...,0,,3,6,3,1,0,1,1,, -1,1,5,1,50,2,4,2021,13:45,1,93,93072,2,3,0,6,MAXIME GORKI (BOULEVARD) DES NÂ°89 A ...,48.9465,2.38643,13,2,1
202100027053,153Â 360,A01,1,1,2,5,1,-1,-1,-1,0,-1,2021,23.0,1,2,0,2,6,2,1,,3,AV DE STALINGRAD,0,,3,4,0,1,8,300,1,, -1,1,0,1,50,25,7,2021,13:20,1,95,95268,2,2,0,2,RD 125,48.966493304,2.4093099728,13,2,2
202100025788,155Â 596,A01,10,3,1,5,0,-1,-1,5,3,1,2021,27.0,1,5,0,1,7,1,1,,3,PONT DE BEZONS,0,,3,8,3,2,0,0,1,, -1,1,2,1,50,2,8,2021,16:30,1,92,92050,2,1,0,6,PONT DE BEZONS,48.9202052399,2.220826149,16,2,1
202100025691,155Â 763,A01,7,2,2,5,3,-1,-1,0,0,-1,2021,2.0,2,2,13,0,1,6,1,,2,10,0,N,2,4,0,1,18,275,3,,7,1,3,3,110,5,8,2021,18:45,1,33,33553,1,9,0,6,,45.023333,-0.424315,18,3,1
202100001783,198Â 604,A01,1,1,1,5,8,-1,-1,0,0,-1,2021,17.0,2,2,2,0,1,0,1,,3,22,0,A,2,2,0,1,7,241,3,, -1,2,0,3,80,23,12,2021,23:05,3,44,44213,1,1,1,6,Route de Belligne,47.445403,-0.991731,23,2,1
202100016912,171Â 390,A01,1,1,1,4,8,0,-1,-1, -1,-1,2021,27.0,1,1,0,2,8,1,3,,4,,0,,2,2,3,1,(1),(1),1,, -1,1,0,6,30,24,9,2021,16:55,1,45,45234,2,2,0,3,Rue Jeanne dâArc,47.90141,1.90539,16,4,2
202100051277,110Â 019,A01,1,1,1,3,2,6,-1,-1, -1,-1,2021,55.0,1,1,0,5,0,21,1,,4,SABAOU (AVENUE DU),0,,2,2,0,2,0,0,1,, -1,1,9,1,50,16,2,2021,17:05,1,64,64122,2,1,0,7,SABAOU (AVENUE DU),43.4740064431,-1.5442121029,17,1,1
202100013950,176Â 765,A01,1,1,1,1,1,-1,-1,0,0,-1,2021,34.0,2,5,0,2,1,2,1,,1,35,0,A,3,4,0,1,236,650,1,, -1,1,0,1,130,11,10,2021,13:00,1,67,67194,1,1,0,2,"A.35, sens STRASBOURG-LAUTERBOURG, P.K. 236+650",48.7172667003,7.8753197193,13,2,2
202100007157,188Â 976,B01,2,2,2,0,1,0,-1,-1, -1,-1,2021,26.0,2,2,0,2,4,2,2,,2,11 - RT,0,,-1,4,0,1,1,0,1,, -1,1,0,1,70,19,11,2021,15:10,1,202,202120,2,1,0,2,11 - RT,42.64932,9.44054,15,3,2
202100004313,194Â 046,A01,1,1,2,0,2,0,-1,-1, -1,-1,2021,52.0,1,1,12,0,1,1,0,,3,908,0,,3,4,0,1,0,0,1,, -1,2,0,1,50,7,12,2021,21:15,5,92,92026,2,1,0,6,Boulevard de Verdun,48.8999574465,2.2612014413,21,1,1
202100018386,168Â 758,A01,10,3,1,5,0,-1,-1,1,3,1,2021,56.0,2,2,0,1,1,2,1,,4,,0,,2,4,0,2,(1),(1),1,, -1,1,0,1,50,18,9,2021,00:15,5,6,6088,2,1,0,1,GAMBETTA (A PARTIR DU NÂ° 63-74),43.705606,7.256106,0,4,2
202100035820,137Â 678,B01,1,1,2,5,1,-1,-1,0,0,-1,2021,26.0,2,2,0,2,4,1,1,,2,31,-1,,2,2,0,1,3,500,1,, -1,1,0,1,70,8,6,2021,18:15,1,60,60577,2,1,0,4,Route Nationale 31,49.4488811491,1.7995200245,18,3,3
202100033754,141Â 436,A01,4,2,2,0,1,0,-1,-1, -1,-1,2021,26.0,1,2,4,0,1,2,1,,1,A50-Sens Marseille vers Aubagne,0,,1,2,0,1,2,700,1,, -1,1,0,1,70,17,6,2021,20:40,1,13,13210,1,1,0,7,A50-Sens Marseille vers Aubagne,43.28506,5.42333,20,4,2
202100014723,175Â 397,A01,2,2,1,5,1,0,-1,-1, -1,-1,2021,61.0,2,2,0,2,2,17,1,,1,A51-Sens Aix en Provence vers Marseille,0,,-1,4,3,1,2,0,1,, -1,1,0,1,70,6,10,2021,16:10,1,13,13071,1,1,1,3,A51-Sens Aix en Provence vers Marseille,43.41036,5.36389,16,3,2
202100037546,134Â 550,A01,1,1,1,0,2,6,-1,-1, -1,-1,2021,40.0,1,1,0,2,7,14,1,,1,AUTOROUTE A6B,0,,3,4,0,1,1,799,1,, -1,1,0,1,70,30,5,2021,01:00,5,94,94003,1,1,0,6,AUTOROUTE A6B,48.8016451608,2.3434246537,1,1,1
202100039236,131Â 479,A01,1,1,2,1,1,0,-1,-1, -1,-1,2021,58.0,1,2,0,2,5,26,2,,1,AUTOROUTE A1,0,,3,6,0,1,37,0,1,, -1,1,0,1,130,19,5,2021,20:30,1,60,60241,1,1,0,2,AUTOROUTE A1,49.15947,2.59501,20,2,2
202100012757,178Â 917,A01,1,1,1,1,2,6,-1,0,0,-1,2021,46.0,1,1,0,2,4,3,1,,2,RN3,0,A,1,1,0,1,15,317,1,, -1,1,0,1,70,27,5,2021,18:15,1,77,77474,1,1,0,2,Trilbardou,48.957707,2.80323,18,2,2
202100051934,108Â 877,B01,1,1,2,5,8,0,-1,-1, -1,-1,2021,24.0,1,2,0,2,3,1,1,,3,JEAN JAURES (R),0,,2,4,0,1,1,0,1,, -1,5,0,1,50,9,2,2021,22:25,5,94,94046,2,3,1,1,Rue Jean JaurÃ¨s / Rue de Rome,48.79041,2.43513,22,2,2
202100017195,170Â 899,A01,1,1,1,4,8,-1,-1,0,0,-1,2021,52.0,1,5,0,6,2,1,1,,2,10,-1,,2,2,0,1,138,(1),1,,7,1,0,1,70,24,9,2021,04:50,4,202,202077,1,1,0,6,18 Corso,42.465002,9.494591,4,1,1
202100011869,180Â 505,A01,10,3,2,9,0,-1,-1,4,3,1,2021,62.0,2,1,12,2,8,17,1,,3,PARIS (RUE DE),0,,2,2,0,1,1,0,1,, -1,2,6,8,50,21,10,2021,15:51,1,93,93048,2,9,1,6,PARIS (RUE DE),48.8574493559,2.4324417114,15,2,1
202100033550,141Â 794,B01,1,1,2,0,1,0,-1,-1, -1,-1,2021,38.0,0,2,0,2,1,0,1,,7,CD 13,0,,2,0,0,2,1,500,1,, -1,2,0,1,70,18,6,2021,20:10,1,76,76319,1,1,0,5,CD 13,49.3654,1.01973,20,5,3
202100010313,183Â 272,A01,1,1,1,0,2,8,-1,0,0,-1,2021,26.0,1,1,0,2,1,1,1,,4,LEYGUES (BLVD GEORGES),0,,2,4,0,1,0,0,1,, -1,1,0,1,50,28,10,2021,17:30,1,47,47323,2,2,0,3,LEYGUES (BLVD GEORGES),44.407966,0.707706,17,2,2
202100013577,177Â 448,B01,1,1,2,4,1,1,-1,0,0,-1,2021,35.0,2,2,0,2,8,1,1,,4,AVENUE DE LA VICTOIRE H. LAFLEUR,0,,3,5,0,1,0,0,1,, -1,1,0,1,50,11,10,2021,14:40,1,988,98818,2,3,0,5,AVENUE FOCH/AVENUE DE LA VICTOIRE H. LAFLEUR,-22.27439,166.44279,14,3,3
202100001531,199Â 064,A01,1,1,1,5,2,6,-1,0,0,-1,2021,16.0,2,1,7,0,1,1,1,,3,12,-1,,2,2,0,2,(1),(1),2,, -1,2,0,8,50,26,12,2021,03:15,5,90,90041,2,1,1,6,D12,47.722267,6.914354,3,1,1
202100026736,153Â 930,A01,1,1,1,0,2,6,-1,0,0,-1,2021,63.0,2,1,16,0,7,1,1,,3,116,-1,,2,2,0,1,1,230,1,, -1,1,0,1,50,28,7,2021,16:15,1,30,30261,2,1,0,7,Route de VÃ©zÃ¨nobres,44.068871,4.201359,16,1,1
202100028766,150Â 307,A01,1,1,1,9,2,9,-1,0,0,-1,2021,19.0,2,1,0,0,7,1,1,,7,7,-1,N,3,2,0,1,67,950,1,, -1,1,0,1,50,17,7,2021,05:30,2,13,13109,2,1,0,6,Avenue Paul Jullien,43.508554,5.499891,5,1,1
202100037685,134Â 299,A01,1,1,1,5,2,6,-1,0,0,-1,2021,32.0,1,1,15,0,1,1,1,,3,5,0,D,2,2,0,1,0,600,2,, -1,1,0,8,50,29,5,2021,19:00,1,88,88238,2,1,0,7,30 Rue Jean Marulier,48.052595,6.113949,19,1,1
202100031132,146Â 094,A01,10,3,1,5,0,-1,-1,1,3,2,2021,6.0,3,2,0,1,2,1,1,,4,THALES (RUE OU PLACE),0,,2,2,0,1,0,0,1,, -1,1,0,1,50,27,6,2021,19:25,1,30,30189,2,1,0,6,THALES (RUE OU PLACE),43.82928,4.33296,19,2,1
202100014821,175Â 212,A01,1,1,1,1,2,6,-1,0,0,-1,2021,28.0,3,1,15,0,2,1,1,,3,VICTORIA (Square),0,,2,2,0,1,5,770,1,, -1,1,1,1,50,7,10,2021,00:53,5,6,6083,2,9,0,6,VICTORIA (Square),43.778807,7.506524,0,1,1
202100040724,128Â 819,A01,1,1,1,0,8,0,-1,-1, -1,-1,2021,60.0,3,2,6,0,1,13,1,,4,COLIBRI (RUE),0,,2,2,0,1,(1),(1),1,, -1,1,0,1,30,8,5,2021,10:40,1,972,97209,2,1,0,6,COLIBRI (RUE),14.60805,-61.05928,10,1,1
202100056058,101Â 683,A01,10,3,2,1,0,-1,-1,2,3,1,2021,61.0,3,2,0,1,1,1,1,,4,HENRI BARBUSSE (RUE),0,,2,2,0,2,(1),(1),1,, -1,1,9,1,50,5,1,2021,07:37,3,10,10321,2,4,0,6,HENRI BARBUSSE (RUE),48.2913,4.0348,7,2,1
202100000271,201Â 237,E01,10,3,1,-1,-1,-1,-1,6,2,1,2021,6.0,2,3,0,1,6,1,3,,4,,-1,,2,-1,-1,1,(1),(1),1,, -1,1,4,1,-1,12,7,2021,18:15,1,91,91207,2,8,0,6,allÃ©e des joncs,48.584327,2.228337,18,2,1
202100020074,165Â 744,B01,1,1,1,9,1,0,-1,-1, -1,-1,2021,50.0,1,2,0,2,3,26,1,,4,BOIS DE L'HOPITAL,0,,2,2,0,1,1,0,1,, -1,1,0,8,50,8,9,2021,15:09,1,49,49267,2,1,0,3,BOIS DE L'HOPITAL,47.47279,-0.45477,15,2,2
202100022409,161Â 587,A01,10,3,2,5,0,-1,-1,3,3,1,2021,76.0,2,2,0,1,1,15,1,,4,GAMBETTA (AV),0,,2,2,0,1,(1),0,1,, -1,1,0,1,50,25,8,2021,17:00,1,81,81004,2,2,0,6,GAMBETTA (AV),43.923643,2.147627,17,2,1
202100004857,193Â 109,B01,10,3,1,5,0,-1,-1,6,A,1,2021,39.0,2,2,0,1,1,1,1,,2,176,-1,,3,4,0,1,24,900,1,, -1,2,0,1,110,5,12,2021,01:40,3,35,35224,1,1,1,6,"RN 176, PK 24.900",48.544619,-1.858256,1,6,2
202100021673,162Â 893,B01,1,1,1,1,2,6,4,0,0,-1,2021,60.0,2,1,0,2,8,15,1,,3,835,0,D,2,2,0,1,11,100,1,, -1,1,0,1,70,31,8,2021,08:00,1,65,65304,2,4,0,3,373 Avenue de Tarbes,43.4586,0.03828,8,2,2
202100001753,198Â 655,A01,1,1,1,5,2,0,-1,-1, -1,-1,2021,22.0,2,1,0,2,1,3,3,,3,STALINGRAD (AV DE),0,,1,1,1,1,1,0,1,, -1,1,0,1,50,22,12,2021,12:10,1,94,94076,2,3,0,3,Avenue de Stalingrad,48.78397,2.36734,12,2,2
202100033111,142Â 566,A01,1,1,1,1,1,-1,-1,0,0,-1,2021,23.0,1,5,2,0,2,1,1,,3,149,0,D,2,2,0,1,19,700,1,, -1,1,0,3,80,21,6,2021,20:00,1,56,56060,1,1,0,6,La Chenais,47.732067,-2.182638,20,1,1
202100005155,192Â 561,B01,1,1,1,1,2,-1,-1,0,0,-1,2021,16.0,1,1,0,2,1,2,1,,3,326,-1,,2,2,0,2,4,170,3,, -1,1,0,1,90,2,12,2021,17:30,2,72,72381,1,1,0,2,D 326,47.93792,0.11581,17,2,2
202100041911,126Â 703,B01,1,1,1,4,1,0,-1,-1, -1,-1,2021,57.0,2,2,0,2,4,15,1,,3,Dr AimÃ© Audubert (Rue),0,,2,2,0,1,0,290,3,, -1,2,0,1,50,28,4,2021,08:25,1,19,19272,2,1,1,2,Dr AimÃ© Audubert (Rue),45.24991,1.76643,8,2,2
202100036953,135Â 646,B01,1,1,1,9,0,-1,-1,-1, -1,-1,2021,57.0,0,1,0,2,1,19,5,,4,VICTOR AUGAGNEUR                    (QU),0,,2,3,0,1,(1),(1),1,, -1,1,0,1,30,1,6,2021,17:05,1,69,69383,2,3,0,3,VICTOR AUGAGNEUR (QU),45.75725,4.84081,17,2,2
202100014034,176Â 618,A01,1,1,1,5,2,6,9,0,0,-1,2021,49.0,2,1,0,2,3,15,1,,3,152,0,D,2,2,0,1,8,59,1,, -1,1,0,1,50,10,10,2021,17:00,1,62,62787,2,3,0,1,Rue de l Eglise,50.497698,1.877686,17,2,2
202100048739,114Â 642,A01,1,1,2,1,2,9,-1,0,0,-1,2021,16.0,1,1,13,0,0,1,1,,3,,-1,,2,2,0,1,19,761,2,, -1,9,0,3,80,9,3,2021,14:00,1,85,85288,1,1,0,7,Zone Industrielle du PÃ¢tis,46.455569,-1.600935,14,1,1
202100053155,106Â 725,A01,1,1,1,0,2,6,9,-1, -1,-1,2021,30.0,2,1,0,2,7,17,1,,4,,0,,1,2,3,1,(1),(1),1,, -1,1,0,1,50,29,1,2021,18:55,5,69,69386,1,2,0,3,BELGES (DES) (BD),45.77068,4.85626,18,3,2
202100005197,192Â 484,B01,1,1,1,1,1,0,-1,-1, -1,-1,2021,41.0,1,2,0,2,4,2,1,,1,AUTOROUTE A1,0,,3,8,0,1,2,0,1,, -1,1,0,1,90,2,12,2021,18:30,3,93,93066,1,1,0,4,AUTOROUTE A1,48.92141,2.35741,18,3,3
202100052296,108Â 233,A01,10,3,2,5,0,-1,-1,1,3,1,2021,16.0,2,2,0,1,3,1,1,,4,NORMANDIE NIEMEN (RUE),0,,2,2,0,1,(1),(1),1,, -1,2,0,1,50,6,2,2021,15:00,1,86,86194,2,1,1,6,Rue Normandie Niemen,46.564647,0.338784,15,2,1
202100038573,132Â 699,A01,1,1,1,5,1,-1,-1,0,0,-1,2021,69.0,2,2,0,2,3,1,1,,3,82,-1,,2,2,0,1,0,0,1,, -1,3,5,1,80,21,5,2021,13:40,1,24,24079,1,2,1,3,D675 - D82,45.39188,0.651927,13,3,2
202100009797,184Â 182,A01,1,1,1,4,2,6,-1,0,0,-1,2021,30.0,1,1,0,2,1,1,1,,4,PORTE DE BAGNOLET,0,,1,4,0,1,30,300,1,, -1,1,0,1,70,2,11,2021,18:50,5,75,75120,2,1,0,2,PORTE DE BAGNOLET,48.860823,2.413832,18,2,2
202100031430,145Â 561,A01,1,1,1,0,2,6,-1,-1, -1,-1,2021,23.0,2,1,1,0,1,2,1,,3,MAXIME GORKI (BD),0,,2,4,2,1,1,0,1,, -1,1,0,5,50,1,7,2021,09:55,1,94,94076,2,1,0,7,MAXIME GORKI (BD),48.79639,2.36836,9,1,1
202100043820,123Â 354,D01,1,1,1,4,1,-1,-1,0,0,-1,2021,51.0,2,2,1,0,3,21,1,,1,A20,0,,3,4,0,2,146,300,2,, -1,1,0,1,130,15,4,2021,12:10,1,87,87014,1,1,0,4,A20  PR 146+300,46.129092,1.38196,12,4,4
202100034729,139Â 634,C01,1,1,1,1,2,0,-1,-1, -1,-1,2021,41.0,2,1,0,2,1,1,1,,1,86,0,,3,6,0,1,11,699,1,, -1,1,0,1,90,11,6,2021,18:00,1,92,92078,1,1,0,5,AUTOROUTE A86,48.9283084303,2.3316245851,18,3,3
202100036859,135Â 813,A01,1,1,2,1,1,0,-1,-1, -1,-1,2021,36.0,2,2,0,2,3,9,1,,3,CLEMENCEAU (AVENUE GEORGES),0,,3,4,0,1,0,0,1,, -1,1,0,1,50,2,6,2021,18:30,1,93,93078,2,1,0,3,CLEMENCEAU (AVENUE GEORGES),48.9553,2.56093,18,2,2
202100042852,125Â 070,B01,1,1,2,1,1,0,-1,-1, -1,-1,2021,49.0,2,2,0,2,3,15,1,,4,PASTEUR,0,,2,2,0,1,0,0,1,, -1,1,0,1,30,22,4,2021,17:20,1,64,64445,2,2,0,3,PASTEUR,43.30191,-0.37109,17,3,2
202100049907,112Â 530,B01,1,1,1,3,1,0,-1,-1, -1,-1,2021,63.0,0,1,0,2,8,19,0,,4,PRESIDENT JOHN KENNEDY (AVENUE),0,,2,2,0,1,1,0,1,, -1,1,0,1,50,27,2,2021,10:30,1,93,93050,2,2,1,3,PRESIDENT JOHN KENNEDY (AVENUE),48.8648109808,2.5259247651,10,2,2
202100017533,170Â 281,A01,10,3,1,3,0,-1,-1,2,3,1,2021,85.0,2,2,0,1,1,1,1,,3,674,0,,2,2,0,1,10,900,1,, -1,1,0,1,30,11,9,2021,10:40,1,14,14061,2,1,0,6,9 Rue de Vire (Campeaux),48.950581,-0.931579,10,2,1
202100016406,172Â 313,C01,1,1,1,1,2,-1,-1,0,0,-1,2021,49.0,3,1,0,2,8,1,1,,7,,-1,,2,2,0,1,(1),(1),3,, -1,1,0,1,70,28,9,2021,08:30,1,6,6059,1,1,0,5,RM 6007,43.720994,7.34333,8,4,4
202100019342,167Â 055,A01,1,1,2,5,1,0,-1,-1, -1,-1,2021,66.0,1,2,1,0,8,1,1,,4,BOURGEOIS (BOULEVARD LEON),0,,2,2,0,1,(1),(1),1,, -1,1,0,1,50,12,9,2021,17:10,1,35,35238,2,1,0,6,BOURGEOIS (BOULEVARD LEON),48.0990371449,-1.6532446945,17,1,1
202100038480,132Â 868,A01,1,1,2,1,1,-1,-1,0,0,-1,2021,43.0,2,2,0,2,1,11,1,,2,31,-1,,3,4,0,1,31,100,1,, -1,1,0,1,110,26,5,2021,16:30,1,60,60628,1,1,0,5,N31,49.425058,2.140832,16,7,4
202100009356,184Â 982,A01,1,1,1,5,1,-1,-1,0,0,-1,2021,21.0,2,2,2,0,1,19,1,,3,980,-1,,2,2,0,1,2,135,1,, -1,1,0,3,80,6,11,2021,02:00,3,8,8220,1,1,0,6,RD 980,49.308494,4.410303,2,1,1
202100048516,115Â 040,B01,1,1,1,5,2,0,-1,-1, -1,-1,2021,35.0,1,1,0,2,1,1,1,,4,ARMAND (AVE Z.A.C,0,,1,2,0,1,0,0,2,, -1,1,5,1,50,9,3,2021,12:45,1,87,87085,2,2,0,3,ARMAND (AVE Z.A.C,45.86721,1.26927,12,2,2
202100029131,149Â 681,A01,2,2,2,1,1,0,-1,-1, -1,-1,2021,29.0,3,5,0,0,0,1,1,,4,PROUDHON (AVENUE),0,,1,4,0,1,(1),(1),3,, -1,2,0,3,50,12,7,2021,08:45,1,37,37261,2,1,1,7,PROUDHON (AVENUE),47.3954623495,0.6750020385,8,2,1
202100046755,118Â 200,B01,1,1,1,5,0,-1,-1,-1, -1,-1,2021,20.0,2,1,0,2,1,1,1,,4,OEHMICHEN (RUE ETIENNE),0,,2,2,0,1,(1),(1),1,, -1,1,0,1,50,24,3,2021,14:50,1,51,51108,2,2,0,3,Rue Etienne Oehmichen,48.9493862988,4.3411262126,14,2,2
202100012021,180Â 223,B01,1,1,1,0,2,0,-1,0,0,-1,2021,35.0,1,1,0,2,1,1,1,,3,CHARLIEU (RUE DE ),0,,3,6,0,1,13,375,1,, -1,1,5,1,50,20,10,2021,07:50,1,42,42187,2,3,0,3,Rue de Charlieu,46.0565975284,4.0868322518,7,2,2
202100029664,148Â 769,A01,1,1,1,5,2,6,-1,0,0,-1,2021,29.0,2,1,0,0,7,1,1,,3,73,-1,,2,2,0,1,24,350,1,, -1,1,0,1,80,11,7,2021,19:00,1,63,63190,1,1,0,7,DÃ©partementale D73,45.5266226579,2.5567282128,19,1,1
202100043610,123Â 726,B01,1,1,1,9,2,0,-1,-1, -1,-1,2021,30.0,1,1,14,0,0,0,1,,4,BOULEVARD DES CITES,0,,2,1,0,1,(1),(1),1,, -1,1,8,1,50,17,4,2021,12:18,1,973,97302,2,3,0,3,CABASSOU (ROUTE DE),4.91926,-52.31763,12,2,2
202100009140,185Â 372,A01,2,2,2,5,1,-1,-1,0,0,-1,2021,32.0,2,2,0,2,1,2,1,,2,176,-1,,3,2,0,1,4,550,1,, -1,1,0,1,110,6,11,2021,14:40,1,22,22213,1,1,0,2,ROUTE NATIONALE,48.528951,-2.02996,14,5,2
202100031309,145Â 775,B01,1,1,1,0,1,0,-1,-1, -1,-1,2021,39.0,1,2,0,2,5,26,1,,3,HENRI BARBUSSE (AV),0,,1,1,0,2,1,0,1,, -1,1,0,1,50,2,7,2021,16:20,1,94,94081,2,1,0,2,Avenue Henri Barbusse,48.7899,2.3908,16,2,2
202100027495,152Â 580,A01,10,3,2,0,0,-1,-1,5,1,1,2021,53.0,3,1,0,1,1,25,3,,4,GUILLOTIERE (DE LA)                 (PT),0,,2,4,2,1,(1),(1),1,, -1,1,2,4,50,22,7,2021,18:00,1,69,69387,2,1,0,6,GUILLOTIERE (DE LA) (PT),45.7566673467,4.8385387659,18,2,1
202100053161,106Â 713,B01,1,1,1,0,8,0,-1,-1, -1,-1,2021,30.0,2,1,0,0,0,21,5,,4,,0,,2,3,2,1,(1),(1),1,, -1,2,0,5,50,28,1,2021,08:28,1,69,69388,2,1,1,7,ETATS UNIS (DES)                    (BD),45.73614,4.86243,8,2,2
202100035951,137Â 422,B01,1,1,1,0,2,0,-1,-1, -1,-1,2021,26.0,1,1,0,2,1,0,1,,4,DAUMESNIL (AV),0,,2,3,0,1,1,0,1,, -1,1,0,1,50,6,6,2021,21:50,2,94,94067,2,9,0,3,Avenue Daumesnil,48.834222,2.417011,21,2,2
202100050126,112Â 133,A01,2,2,2,3,1,5,-1,0,0,-1,2021,84.0,0,2,0,0,1,17,1,,4,,-1,,2,2,0,1,(1),(1),2,, -1,1,0,1,80,26,2,2021,16:00,1,27,27031,1,1,0,1,Route de Sacquenville,49.059681,1.100242,16,3,2
202100043894,123Â 208,A01,10,3,1,0,0,-1,-1,3,3,1,2021,57.0,2,2,0,1,2,19,1,,2,57,0,,2,2,0,1,70,900,1,, -1,1,0,1,50,15,4,2021,16:15,1,25,25462,2,5,0,6,ROCADE G.POMPIDOU (DU 7 AU 24),46.9005,6.3565,16,2,1
202100015699,173Â 608,A01,1,1,1,5,2,6,-1,0,0,-1,2021,49.0,1,1,2,0,2,1,1,,3,D30,0,A,2,2,0,1,22,903,1,, -1,1,0,1,50,2,10,2021,15:20,1,34,34002,2,1,0,7,Avenue du General de Gaulle,43.536649,3.429955,15,1,1
202100045171,120Â 990,B01,1,1,1,5,1,-1,-1,0,0,-1,2021,85.0,1,2,0,2,3,1,1,,3,971,0,,2,2,0,2,(1),(1),3,, -1,1,2,1,50,24,3,2021,15:30,1,71,71263,2,1,0,1,Rue de Bram,46.629006,5.219091,15,2,2
202100012101,180Â 086,A01,1,1,1,1,1,-1,-1,0,0,-1,2021,50.0,1,2,13,0,2,1,1,,3,834,0,,2,2,0,1,4,415,1,, -1,1,0,1,80,20,10,2021,07:15,2,64,64141,1,1,0,7,3171 route de Bordeaux,43.546658,-0.291728,7,1,1
202100026193,154Â 874,A01,1,1,1,5,2,-1,-1,0,0,-1,2021,49.0,2,1,8,0,1,1,5,,3,14,0,B,2,2,0,2,0,135,1,, -1,2,0,4,50,1,8,2021,13:50,1,68,68201,2,1,0,6,17 Route Joffre,47.776216,7.000034,13,1,1
202100037281,135Â 032,A01,1,1,1,1,2,6,-1,0,0,-1,2021,51.0,1,1,0,2,2,3,1,,4,PORTE DE GENTILLY,0,,1,3,0,1,3,300,1,, -1,1,0,1,70,31,5,2021,08:05,1,75,75113,2,1,0,5,PORTE DE GENTILLY,48.817174,2.350819,8,3,3
202100006828,189Â 574,A01,10,3,1,5,0,-1,-1,2,3,1,2021,33.0,-1,3,0,1,6,26,1,1.0,3,GALLIENI (BOULEVARD),0,,3,5,3,1,1,0,1,, -1,1,0,1,50,20,11,2021,20:00,5,93,93049,2,1,1,6,GALLIENI (BOULEVARD),48.85268,2.513,20,2,1
202100002609,197Â 118,A01,1,1,2,5,1,-1,-1,-1, -1,-1,2021,66.0,1,2,0,2,7,19,1,,3,METZ (AVENUE),0,,2,4,0,1,63,500,1,, -1,1,0,1,50,13,12,2021,08:45,1,51,51506,2,2,0,3,Avenue de Metz,48.9591,4.3838,8,2,2
202100053295,106Â 469,A01,10,3,2,9,0,-1,-1,3,3,1,2021,42.0,1,2,0,1,1,26,1,,3,30,0,D,2,2,0,3,3,10,4,, -1,2,0,1,50,29,1,2021,08:15,1,67,67300,2,1,1,6,40 rue de Saverne,48.545412,7.491547,8,2,1
202100056350,101Â 176,A01,2,2,1,0,1,0,-1,-1, -1,-1,2021,21.0,1,2,1,0,2,13,1,,4,,0,,2,2,0,1,1,0,1,, -1,1,0,4,50,3,1,2021,01:10,5,92,92007,2,1,0,6,PLUCHET (RUE ALPHONSE),48.7992,2.30032,1,2,1
202100025285,156Â 461,A01,1,1,2,9,1,0,-1,-1, -1,-1,2021,64.0,1,2,16,0,1,26,1,,1,A87N,0,,3,4,0,1,1,0,1,, -1,2,0,1,90,5,8,2021,19:10,1,49,49246,2,1,0,6,A87N,47.43885,-0.51096,19,1,1
202100002079,198Â 083,B01,1,1,1,4,1,-1,-1,0,0,-1,2021,35.0,1,5,0,0,1,1,1,,3,981,0,D,2,2,0,2,22,100,2,, -1,1,0,1,70,22,12,2021,10:55,1,60,60583,2,1,0,1,D981,49.396172,2.019467,10,2,2
202100005538,191Â 900,A01,10,3,1,9,0,-1,-1,1,A,2,2021,41.0,1,5,0,1,5,1,1,,4,RUE SAINT BERNARD,0,,2,2,0,1,(1),(1),1,, -1,1,0,1,30,30,11,2021,12:10,1,75,75111,2,3,0,6,RUE SAINT BERNARD,48.851166,2.381583,12,2,1
202100049905,112Â 533,B01,1,1,1,5,2,0,-1,-1, -1,-1,2021,15.0,0,1,0,2,6,1,5,,4,PLICHON.(RUE DU DOCTEUR),0,,-1,2,0,1,1,0,1,, -1,1,0,1,50,27,2,2021,09:35,1,94,94028,2,2,0,3,PLICHON.(RUE DU DOCTEUR),48.79435,2.46406,9,2,2
202100010219,183Â 443,A01,1,1,1,5,2,-1,-1,0,0,-1,2021,21.0,1,1,0,2,7,19,1,,3,,-1,,2,1,0,1,6,226,1,,"3,5",1,5,1,30,31,10,2021,15:45,1,85,85047,2,2,0,3,Route d Apremont,46.834934,-1.850227,15,3,2
202100008876,185Â 875,A01,1,1,2,9,1,-1,-1,0,0,-1,2021,23.0,2,2,6,0,1,2,1,,3,935,-1,,2,2,0,1,49,700,2,, -1,2,0,8,50,7,11,2021,21:30,5,65,65313,2,1,1,6,14 Rue des Pyrenees,43.175334,0.089084,21,1,1