Num_Acc,id_vehicule,num_veh,place,catu,sexe,trajet,secu1,secu2,secu3,locp,actp,etatp,year_acc,victim_age,senc,catv,obs,obsm,choc,manv,motor,occutc,catr,voie,v1,v2,circ,nbv,vosp,prof,pr,pr1,plan,lartpc,larrout,surf,infra,situ,vma,jour,mois,an,hrmn,lum,dep,com,agg_,int,atm,col,adr,lat,long,hour,nb_victim,nb_vehicules
202100048356,115Â 316,B01,2,2,1,0,1,0,-1,-1, -1,-1,2021,42.0,1,1,0,2,8,3,1,,1,86,0,,3,4,0,1,8,0,3,, -1,1,0,1,90,11,3,2021,18:35,5,92,92036,1,1,0,3,A86,48.9357640852,2.2872224731,18,3,2
202100040380,129Â 427,A01,1,1,1,0,2,0,-1,-1, -1,-1,2021,28.0,1,1,0,2,1,19,1,,3,SEINE (QUAI DE),0,,2,3,0,1,0,0,1,, -1,1,0,1,50,11,5,2021,17:21,1,93,93070,2,1,0,3,SEINE (QUAI DE),48.91466,2.31958,17,2,2
202100020482,165Â 025,A01,10,3,2,0,0,-1,-1,5,3,1,2021,67.0,1,5,0,1,2,16,1,,4,FRERES LUMIERE (DES)                (AV),0,,1,2,2,1,(1),(1),1,, -1,1,0,3,30,6,9,2021,11:05,1,69,69388,2,2,0,6,FRERES LUMIERE (DES) (AV),45.74564,4.86421,11,2,1
202100030208,147Â 772,B01,1,1,1,9,2,8,-1,-1, -1,-1,2021,52.0,1,1,0,2,7,26,1,,4,LIEUTAUD (COURS)      2 A 52,0,,2,2,0,1,0,0,1,, -1,1,0,1,50,6,7,2021,10:08,1,13,13201,2,3,0,3,LIEUTAUD (COURS)      2 A 52,43.29508,5.38179,10,2,2
202100021074,163Â 988,B01,1,1,2,0,2,0,-1,-1, -1,-1,2021,36.0,1,1,0,2,1,1,1,,4,CORSE (AVENUE DE LA),0,,2,3,3,1,0,0,1,, -1,1,5,1,50,2,9,2021,23:10,5,13,13207,2,2,0,5,CORSE (AVENUE DE LA),43.28985,5.3663,23,3,3
202100028064,151Â 550,B01,1,1,1,5,2,-1,-1,0,0,-1,2021,72.0,2,1,0,2,8,15,5,,3,836,0,D,2,2,0,1,9,555,1,, -1,1,0,1,50,21,7,2021,11:05,1,27,27114,2,2,0,1,Rue Lamartine,48.962222,1.427067,11,2,2
202100040768,128Â 739,B01,1,1,2,9,2,0,-1,0,0,-1,2021,24.0,1,1,0,2,7,1,5,,4,RUE MAUBLANC,0,,1,2,1,1,(1),(1),1,, -1,1,0,5,50,8,5,2021,18:15,1,75,75115,2,3,0,3,RUE MAUBLANC,48.839281,2.300388,18,2,2
202100029137,149Â 670,A01,1,1,2,0,2,-1,-1,-1, -1,-1,2021,19.0,1,1,0,2,1,7,1,,4,HUGO (CRS VICTOR) (74-164) PAIRS,0,,2,4,3,1,(1),(1),1,, -1,2,-1,1,50,13,7,2021,13:30,1,33,33063,2,3,1,3,Cours Victor Hugo,44.834989,-0.572069,13,2,2
202100036091,137Â 168,A01,1,1,1,5,2,6,-1,0,0,-1,2021,25.0,1,1,0,2,1,3,1,,4,PORTE D IVRY,0,,1,4,0,1,1,600,1,, -1,1,0,1,70,6,6,2021,19:20,1,75,75113,2,1,0,3,PORTE D IVRY,48.819197,2.371793,19,2,2
202100022471,161Â 465,B01,1,1,1,9,2,6,-1,0,0,-1,2021,47.0,2,1,0,2,5,1,1,,4,BOULEVARD DAVOUT,0,,2,6,3,1,(1),(1),1,, -1,1,0,1,30,26,8,2021,15:06,1,75,75120,2,2,0,3,BOULEVARD DAVOUT,48.853521,2.410793,15,2,2
202100028352,151Â 024,B01,9,2,1,5,1,-1,-1,0,0,-1,2021,22.0,1,2,0,2,3,1,1,,3,14,-1,,2,2,0,1,3,700,1,, -1,1,0,1,80,19,6,2021,16:30,1,83,83091,1,1,0,3,D14,43.226868032,6.1221144226,16,6,2
202100053486,106Â 111,A01,10,3,2,9,0,-1,-1,4,5,2,2021,6.0,2,1,0,1,6,2,1,,4,RUE DE SAINT QUENTIN,0,,1,2,0,2,(1),(1),1,, -1,2,0,1,50,27,1,2021,18:50,5,75,75110,2,2,1,6,RUE DE SAINT QUENTIN,48.878976,2.355754,18,2,1
202100032504,143Â 664,A01,1,1,1,5,2,8,-1,0,0,-1,2021,28.0,1,1,0,2,1,1,1,,3,DE GAULLE (AVENUE GENERAL),0,,2,3,0,1,72,676,1,, -1,1,5,1,30,24,6,2021,04:09,5,6,6083,2,3,0,3,DE GAULLE (AVENUE GENERAL),43.770311,7.493497,4,2,2
202100034691,139Â 717,A01,1,1,2,0,2,-1,-1,0,0,-1,2021,51.0,3,1,0,2,1,1,5,,4,2,-1,,2,2,0,1,(1),(1),3,, -1,1,0,1,50,14,6,2021,15:45,1,69,69027,2,6,0,3,PAUL BOVIER-LAPIERRE (R),45.674444,4.760426,15,2,2
202100022346,161Â 701,A01,1,1,1,5,2,6,-1,0,0,-1,2021,66.0,3,1,0,0,0,1,1,,4,,-1,,2,2,0,2,(1),(1),1,,4,1,0,3,80,28,8,2021,11:00,1,70,70248,1,1,0,7,Rue d Evette,47.660506,6.775067,11,1,1
202100043538,123Â 840,A01,1,1,1,0,2,0,-1,-1, -1,-1,2021,23.0,2,1,0,2,1,17,1,,3,RAVEL MAURICE (QUA)I,0,,2,2,0,1,0,300,1,, -1,1,0,1,30,18,4,2021,18:20,1,64,64189,2,1,0,1,RAVEL MAURICE (QUA)I,43.38631,-1.66818,18,2,2
202100041652,127Â 152,B01,1,1,1,0,2,0,-1,-1, -1,-1,2021,23.0,2,1,0,2,1,1,1,,4,JULES GUESDE                        (AV),0,,2,2,0,1,(1),(1),1,, -1,1,0,1,50,2,5,2021,17:15,1,69,69259,2,3,0,1,JULES GUESDE                        (AV),45.7165669473,4.8879406981,17,2,2
202100049377,113Â 501,B01,4,2,2,5,1,8,-1,-1, -1,-1,2021,15.0,1,2,0,2,1,1,1,,3,EPINAC (ROUTE D'),0,,2,2,0,1,26,800,3,, -1,1,0,1,80,2,3,2021,16:30,1,71,71413,1,3,0,3,EPINAC (ROUTE D'),46.823074863,4.4549197495,16,4,2
202100049809,112Â 714,B01,1,1,1,5,2,-1,-1,0,0,-1,2021,54.0,2,1,0,2,8,15,0,,3,30,0,D,2,2,0,1,18,550,1,, -1,1,0,1,80,25,2,2021,17:30,1,31,31587,1,1,0,3,1074 Route de Bouloc,43.782326,1.435624,17,2,2
202100050510,111Â 414,B01,2,2,1,4,1,-1,-1,0,0,-1,2021,47.0,3,5,0,2,2,15,1,,4,,-1,,2,2,0,1,(1),(1),1,, -1,1,0,1,80,23,2,2021,13:54,1,82,82025,1,2,0,3,Route de Montech,43.957835,1.286656,13,3,2
202100043440,124Â 011,B01,1,1,2,0,2,0,-1,-1, -1,-1,2021,24.0,1,1,0,2,5,0,3,,4,auriol,0,,-1,2,0,1,1,0,1,, -1,1,0,1,50,19,4,2021,07:31,2,49,49007,2,1,0,3,auriol,47.4925,-0.56537,7,2,2
202100054520,104Â 320,A01,1,1,1,0,1,-1,-1,0,0,-1,2021,37.0,1,5,13,0,1,13,1,,3,98,0,,2,2,0,1,47,800,1,, -1,2,0,3,80,19,1,2021,22:00,3,83,83079,1,1,1,7,CHEMIN DES POMMIERS CD 98,43.224442,6.506009,22,1,1
202100008103,187Â 254,A01,1,1,1,5,2,-1,-1,0,0,-1,2021,31.0,2,1,2,0,1,1,1,,2,2,0,,-1,2,0,1,31,500,2,, -1,1,0,3,40,14,11,2021,15:45,1,987,98722,1,1,0,1,RT - 2 - PK 31.500 C/MER district de Mahaena,-17.591429,-149.382126,15,1,1
202100042821,125Â 121,Z01,10,3,1,5,8,8,-1,5,9,1,2021,53.0,2,2,9,1,1,14,1,,4,MANET (ALLEE EDOUARD),0,,1,1,0,1,0,0,2,, -1,1,0,1,30,22,4,2021,20:17,1,87,87085,2,1,0,6,MANET (ALLEE EDOUARD),45.85501,1.27257,20,2,1
202100023304,159Â 960,A01,1,1,1,5,2,6,-1,-1, -1,-1,2021,64.0,1,1,0,2,7,26,5,,3,ECHENILLY (RUE),0,,1,2,1,1,1,450,2,, -1,1,0,1,50,20,8,2021,18:06,1,10,10333,2,6,1,3,ECHENILLY (RUE),48.27806,4.03841,18,2,2
202100032180,144Â 234,A01,1,1,1,5,1,9,-1,0,0,-1,2021,40.0,1,2,8,0,1,16,1,,3,960,-1,,-1,1,0,1,2,310,3,, -1,1,0,3,50,27,6,2021,01:40,3,2,2709,1,6,0,6,D960,50.022079,3.379176,1,1,1
202100021056,164Â 020,A01,1,1,2,0,2,6,-1,-1, -1,-1,2021,19.0,2,1,0,2,1,0,1,,7,NARBONNE (ROUTE DE),0,,2,3,3,1,2,1825,1,, -1,1,0,1,50,3,9,2021,18:20,1,31,31555,2,1,0,3,NARBONNE (ROUTE DE),43.56901,1.45651,18,2,2
202100000676,200Â 505,B01,1,1,1,9,2,6,-1,-1, -1,-1,2021,34.0,1,1,0,2,1,1,1,,4,JEAN JACQUES PRAT BOULEVARD,0,,2,2,0,1,0,0,1,, -1,1,0,1,50,10,6,2021,23:00,5,13,13047,2,1,0,1,JEAN JACQUES PRAT BOULEVARD,43.513,4.98796,23,2,2
202100000927,200Â 092,A01,1,1,1,9,8,-1,-1,0,0,-1,2021,26.0,2,2,8,0,3,1,1,,3,30,0,D,2,2,0,2,38,500,3,, -1,2,0,3,80,30,12,2021,21:37,3,85,85125,1,1,0,6,Treil Bois,46.616206,-0.686318,21,1,1
202100041953,126Â 630,A01,1,1,1,5,2,6,-1,-1, -1,-1,2021,24.0,2,1,0,2,1,3,1,,3,907,0,,-1,2,0,1,6,0,1,, -1,1,0,1,50,30,4,2021,14:05,1,92,92076,2,1,0,3,CAZES,48.8383914615,2.1643656492,14,3,2
202100003987,194Â 624,B01,1,1,1,5,1,0,-1,-1, -1,-1,2021,56.0,1,2,0,2,4,1,1,,3,RD941 (OUEST),0,,3,4,0,1,39,700,1,, -1,2,0,1,110,6,12,2021,07:42,2,87,87085,1,1,0,5,RD941 (OUEST),45.83697,1.19604,7,3,3
202100033050,142Â 665,A01,1,1,1,0,1,-1,-1,-1, -1,-1,2021,34.0,2,2,3,0,1,14,1,,2,RN136,0,,3,4,0,1,18,176,2,, -1,1,0,3,90,21,6,2021,10:00,1,35,35238,1,1,0,6,RN136,48.13875,-1.7,10,1,1
202100024200,158Â 415,A01,1,1,1,5,1,-1,-1,0,0,-1,2021,44.0,2,2,8,0,1,14,1,,3,1,0,A,2,2,0,1,27,200,2,, -1,1,0,3,90,14,8,2021,22:30,3,988,98814,1,1,0,6,RPI1 - LIFOU,-20.776759,167.211142,22,1,1
202100024275,158Â 279,A01,10,3,1,5,0,-1,-1,1,8,1,2021,49.0,1,2,0,1,3,1,1,,4,MOULIN (RUE JEAN),0,,1,2,0,2,(1),(1),1,, -1,1,0,1,50,12,8,2021,16:20,1,41,41018,2,1,0,6,MOULIN (RUE JEAN),47.58687,1.32703,16,2,1
202100009160,185Â 340,A01,1,1,1,5,2,6,-1,0,0,-1,2021,67.0,2,1,16,0,8,0,0,,3,2,-1,,3,4,0,4,14,496,2,, -1,1,0,3,70,7,11,2021,12:00,1,50,50426,1,1,0,7,DÃ©partemental 2,49.388072,-1.521714,12,1,1
202100032600,143Â 500,A01,1,1,1,0,1,-1,-1,0,0,-1,2021,20.0,1,2,0,2,1,1,1,,2,,-1,,-1,1,0,1,(1),(1),1,, -1,1,0,1,50,24,6,2021,19:00,1,971,97134,2,1,0,1,Route du Bouchu,16.065139,-61.761099,19,2,2
202100012823,178Â 800,B01,4,2,2,0,3,1,-1,-1, -1,-1,2021,1.0,1,2,0,0,4,23,1,,7,PAUL MARCELLIN                      (R ),0,,2,2,0,1,0,1,1,, -1,1,0,1,50,16,10,2021,23:30,5,69,69256,2,2,1,2,PAUL MARCELLIN (R),45.76801,4.9365,23,4,2
202100025447,156Â 178,B01,1,1,1,1,2,0,-1,0,0,-1,2021,38.0,2,1,0,2,1,1,1,,3,BLUM (AV. LEON),0,,2,4,0,1,44,320,1,, -1,2,5,1,50,4,8,2021,08:05,1,47,47001,2,2,1,2,BLUM (AV. LEON),44.20866,0.64231,8,2,2
202100028003,151Â 650,B01,1,1,1,5,0,-1,-1,0,0,-1,2021,15.0,3,1,0,2,1,1,0,,4,,-1,,2,1,0,2,(1),(1),2,,3,1,0,1,50,20,7,2021,21:30,2,76,76189,2,1,0,1,Route des Calvaires,49.807153,0.722415,21,2,2
202100016278,172Â 539,B01,1,1,1,5,1,-1,-1,0,0,-1,2021,90.0,2,2,0,2,3,1,1,,3,1089,-1,,2,3,0,2,50,0,2,, -1,2,0,1,90,29,9,2021,12:00,1,19,19070,1,1,1,1,LIEU DIT LA BARRIERE,45.432371,2.086372,12,3,2
202100030716,146Â 853,A01,10,3,1,0,0,-1,-1,3,3,2,2021,2.0,3,2,0,1,3,1,1,,4,POUDRIERE(RUE DE LA),0,,2,1,0,1,0,0,1,, -1,1,0,1,50,29,6,2021,17:20,1,974,97416,1,1,0,3,POUDRIERE(RUE DE LA),-21.3346656861,55.4565757513,17,3,1
202100023891,158Â 928,A01,1,1,1,5,2,0,-1,-1, -1,-1,2021,80.0,0,1,0,2,8,19,1,,4,RUE D AUBUISSON,0,,1,1,0,2,(1),(1),1,, -1,2,0,8,50,16,8,2021,09:45,1,31,31555,2,3,0,3,BD LAZARE CARNOT,43.60369,1.45084,9,2,2
202100046861,118Â 014,A01,1,1,2,0,1,8,-1,-1, -1,-1,2021,29.0,2,2,0,2,1,1,1,,4,mamoudzou centre-Jardin du collÃ¨ge(rue d,0,,2,0,0,1,0,0,1,, -1,1,0,1,50,23,3,2021,11:50,1,976,97611,2,1,0,2,mamoudzou centre-Jardin du collÃ¨ge(rue d,-12.77936,45.22491,11,2,2
202100032495,143Â 684,B01,1,1,1,5,2,0,-1,-1, -1,-1,2021,13.0,1,1,0,2,1,1,5,,3,BREST (RUE DE),0,,2,2,0,1,0,0,1,, -1,1,0,4,50,23,6,2021,16:45,1,22,22106,2,1,0,3,BREST (RUE DE),48.494802,-2.715247,16,2,2
202100030583,147Â 090,A01,1,1,1,0,1,0,-1,-1, -1,-1,2021,36.0,0,2,0,2,2,26,1,,4,SAINT JEAN DU DESERT (chemin),0,,-1,2,0,2,1,0,1,, -1,1,0,1,50,5,7,2021,15:30,1,13,13212,2,1,0,3,SAINT JEAN DU DESERT (chemin),43.2939620506,5.4112510763,15,2,2
202100007098,189Â 079,A01,1,1,1,5,1,-1,-1,0,0,-1,2021,25.0,1,2,2,0,8,1,1,,3,88,-1,,2,2,0,1,0,400,1,, -1,1,0,4,50,20,11,2021,23:30,5,69,69151,2,1,1,6,LOUVEIGNE (DE) (R),46.061034,4.605353,23,1,1
202100048794,114Â 552,B01,1,1,1,5,2,8,-1,-1, -1,-1,2021,73.0,1,0,0,2,8,2,0,,3,JULES AUFFRET (1/49 ET 2/54),0,,2,2,0,1,0,1,1,, -1,1,0,1,50,8,3,2021,15:36,1,93,93055,2,1,0,3,JULES AUFFRET (1/49 ET 2/54),48.89195,2.40979,15,2,2
202100011916,180Â 427,A01,10,3,2,5,0,-1,-1,1,B,1,2021,90.0,2,2,0,1,1,1,1,,4,,-1,,2,2,0,1,(1),(1),1,,4,1,0,1,50,22,10,2021,10:05,1,14,14654,2,1,1,6,11 Rue de la Vicomte,49.017513,-0.036241,10,2,1
202100051188,110Â 174,A01,10,3,2,5,0,-1,-1,4,3,1,2021,44.0,1,1,0,1,1,1,1,,4,AVENUE D ITALIE,0,,-1,6,1,1,(1),(1),1,, -1,2,0,1,50,16,2,2021,18:00,2,75,75113,2,3,1,6,AVENUE D ITALIE,48.823016,2.35827,18,2,1
202100042392,125Â 855,A01,1,1,1,1,1,-1,-1,0,0,-1,2021,56.0,2,2,7,2,1,1,1,,3,94,0,,2,2,0,1,16,150,1,, -1,1,0,1,80,27,4,2021,12:24,1,2,2667,1,2,0,3,D94,49.350354,3.214727,12,2,2
202100039567,130Â 863,B01,1,1,1,0,2,6,-1,-1, -1,-1,2021,35.0,2,1,0,2,1,1,1,,7,BERLIN (AVENUE DE),0,,2,3,1,1,0,0,1,, -1,1,0,1,50,14,5,2021,10:20,1,67,67447,2,4,0,3,BERLIN (AVENUE DE),48.60849,7.71805,10,2,2
202100021871,162Â 539,A01,1,1,1,5,0,-1,-1,0,0,-1,2021,34.0,1,2,6,0,1,1,2,,4,,-1,,1,2,0,1,(1),(1),2,,4,1,0,1,50,26,6,2021,04:15,3,30,30006,2,7,0,6,Place Albert Fontanieu,43.684989,4.209502,4,1,1
202100042687,125Â 330,A01,10,3,1,5,0,-1,-1,3,3,1,2021,20.0,3,2,0,1,0,26,0,,4,BERNARD (EMILE),0,,1,1,0,1,(1),(1),1,, -1,1,0,1,50,24,4,2021,15:20,1,35,35238,2,1,0,6,Rue Michel Servet,48.10264,-1.69467,15,2,1
202100052211,108Â 383,B01,1,1,1,1,2,6,-1,-1, -1,-1,2021,33.0,2,1,0,2,3,7,1,,4,JAURES 'AVENUE JEAN) DU NÂ° 1 NÂ° 59 ET DU,0,,2,3,3,1,(1),(1),1,, -1,1,0,1,50,7,2,2021,10:30,1,51,51454,2,1,0,3,Avenue Jean JaurÃ¨s,49.2579975897,4.0408140977,10,2,2
202100021225,163Â 721,C01,1,1,2,5,1,0,-1,-1, -1,-1,2021,19.0,1,2,0,2,4,23,1,,4,COMTE (RUE AUGUSTE),0,,2,2,0,1,0,0,1,, -1,1,0,1,50,31,8,2021,17:20,1,87,87085,2,1,0,4,COMTE (RUE AUGUSTE),45.87749,1.27484,17,5,3
202100013336,177Â 909,A01,1,1,1,0,2,8,-1,-1, -1,-1,2021,21.0,1,1,0,2,3,17,1,,3,914,0,,1,2,0,1,0,0,1,, -1,1,0,1,50,14,10,2021,18:39,1,92,92050,2,4,0,3,HEBERT CELESTIN RUE,48.89688,2.22403,18,2,2
202100003961,194Â 667,A01,10,3,2,0,0,-1,-1,3,1,2,2021,4.0,1,1,0,1,0,1,1,,4,RABAN (ROUTE DE),0,,2,2,3,1,(1),(1),1,, -1,1,0,1,50,7,12,2021,16:50,1,973,97302,2,1,0,6,RABAN (ROUTE DE),4.9280499284,-52.3138175905,16,2,1
202100031450,145Â 529,A01,1,1,1,5,2,-1,-1,0,0,-1,2021,58.0,2,1,0,0,9,1,5,,3,991,0,B,2,2,0,2,2,760,3,, -1,1,9,1,80,2,7,2021,14:45,1,73,73085,1,1,1,6,D991B Rte de la Chambotte,45.7907411158,5.8627933997,14,2,2
202100046610,118Â 454,B01,1,1,2,5,1,-1,-1,-1, -1,-1,2021,42.0,2,2,0,2,7,1,1,,4,NERUDA (RUE PABLO),0,,2,2,1,1,(1),(1),1,, -1,2,0,1,50,25,3,2021,12:40,1,33,33550,2,1,1,2,Rue Pablo Neruda,44.78589,-0.58145,12,2,2
202100040445,129Â 312,B01,2,2,2,9,2,0,-1,-1, -1,-1,2021,43.0,1,1,0,2,4,1,1,,4,MANGO (ROUTE),0,,2,1,0,1,(1),(1),1,, -1,1,0,1,50,10,5,2021,08:55,1,973,97302,2,1,0,2,MANGO (ROUTE),4.93147,-52.317,8,3,2
202100034011,140Â 965,B01,1,1,2,5,1,0,-1,-1, -1,-1,2021,60.0,1,2,0,2,3,1,1,,4,COMMUNE DE PARIS (AVENUE),0,,2,2,1,1,0,0,1,, -1,1,0,1,50,16,6,2021,18:55,5,974,97407,2,9,0,3,COMMUNE DE PARIS (AVENUE),-20.93586,55.29111,18,2,2
202100032720,143Â 282,A01,1,1,1,0,8,0,-1,-1, -1,-1,2021,24.0,3,5,9,0,3,1,1,,3,MERMOZ (AVENUE JEAN),0,,1,4,3,1,0,0,1,, -1,1,9,1,50,22,6,2021,23:00,5,93,93027,2,9,0,1,MERMOZ (AVENUE JEAN),48.932066,2.399415,23,1,1
202100031910,144Â 714,B01,1,1,1,9,2,6,-1,-1, -1,-1,2021,48.0,1,1,0,2,3,18,1,,3,CERISAIE (AV DE LA),0,,1,1,1,1,1,0,1,, -1,1,0,1,50,28,6,2021,11:00,1,94,94034,2,3,0,3,Avenue de la Cerisaie,48.75267,2.32953,11,2,2
202100015515,173Â 958,A01,1,1,1,0,2,0,-1,-1, -1,-1,2021,20.0,3,1,0,2,1,2,1,,3,RUE DU 21 AOUT,0,,2,2,0,1,0,52,1,, -1,1,0,1,50,2,10,2021,14:15,1,77,77458,2,1,0,2,D207,48.18553,2.73194,14,2,2
202100042402,125Â 838,A01,10,3,1,3,8,-1,-1,1,3,1,2021,53.0,3,1,0,1,1,1,1,,4,1,-1,A,2,2,0,1,(1),(1),1,, -1,1,0,1,-1,26,3,2021,10:45,1,976,97617,2,1,0,6,Route dÃ©partementale 1A,-12.789297,45.109209,10,2,1
202100000839,200Â 232,C01,1,1,1,0,2,8,-1,-1, -1,-1,2021,30.0,1,1,0,2,3,2,1,,2,ROUTE NATIONALE NÂ° 1,0,,1,2,0,1,0,0,1,, -1,1,0,1,110,30,12,2021,01:35,3,974,97407,1,1,0,5,ROUTE NATIONALE NÂ° 1,-20.949516,55.320464,1,3,3
202100005835,191Â 365,A01,1,1,1,1,1,-1,-1,0,0,-1,2021,63.0,2,2,8,0,1,1,1,,3,940,-1,,2,2,0,1,57,890,2,, -1,1,0,4,50,14,11,2021,23:30,5,62,62056,2,1,0,6,177 Rue Pierre de Wissant,50.82561,1.592449,23,1,1
202100041502,127Â 425,A01,1,1,1,5,2,6,-1,-1, -1,-1,2021,52.0,2,1,4,0,8,13,1,,2,BAIMBRIDGE (ROUTE DE),0,,3,3,0,2,(1),(1),1,, -1,1,0,1,90,2,5,2021,15:10,1,971,97101,1,1,0,6,BAIMBRIDGE (ROUTE DE),16.24947,-61.52824,15,1,1
202100011201,181Â 711,A01,1,1,1,5,8,-1,-1,-1, -1,-1,2021,35.0,2,2,1,0,2,14,1,,4,JEAN JACQUES ROUSSEAU               (R ),0,,2,2,0,1,(1),(1),1,, -1,1,0,1,30,23,10,2021,20:08,5,69,69290,2,3,0,6,JEAN JACQUES ROUSSEAU (R),45.7002581024,4.9458672662,20,1,1
202100025225,156Â 572,A01,2,1,1,5,1,0,-1,-1, -1,-1,2021,27.0,2,2,3,0,9,1,1,,1,A55-Sens Martigues vers Marseille,0,,-1,4,0,1,15,0,1,, -1,1,0,1,90,7,8,2021,08:45,1,13,13071,1,1,0,1,A55-Sens Martigues vers Marseille,43.397937,5.28698,8,1,1
202100042496,125Â 660,A01,10,3,2,5,0,-1,-1,4,3,1,2021,38.0,2,4,0,1,1,1,1,,4,AVENUE VICTOR HUGO,0,,-1,2,0,1,(1),(1),1,, -1,1,0,1,50,26,4,2021,10:40,1,75,75116,2,2,0,6,RUE DE LONGCHAMP,48.866955,2.278956,10,2,1
202100038246,133Â 281,A01,1,1,1,0,1,-1,-1,0,0,-1,2021,41.0,0,2,6,0,7,0,1,,3,977,0,R,2,2,0,1,(1),(1),1,, -1,1,0,3,80,12,5,2021,10:15,1,84,84126,1,1,0,7,D977,44.226933,5.011409,10,1,1
202100035453,138Â 339,A01,1,1,2,0,0,-1,-1,-1, -1,-1,2021,26.0,2,1,0,2,1,1,5,,4,GAMBETTA                            (CO),0,,1,4,1,1,(1),(1),1,, -1,1,2,1,50,9,6,2021,15:45,1,69,69383,2,2,0,3,GAMBETTA (CR),45.7562644102,4.8403546214,15,2,2
202100043162,124Â 518,B01,2,2,2,9,2,0,-1,-1, -1,-1,2021,21.0,1,1,0,2,2,0,1,,4,JURET PROMENADE,0,,-1,2,0,1,1,0,1,, -1,1,0,1,50,17,4,2021,16:47,1,49,49246,2,1,0,3,JURET PROMENADE,47.42583,-0.5249,16,3,2
202100053156,106Â 722,A01,1,1,2,0,1,-1,-1,-1, -1,-1,2021,30.0,1,2,0,2,8,16,1,,4,,0,,1,1,0,1,(1),(1),1,, -1,1,0,1,50,29,1,2021,17:20,2,69,69388,2,2,0,3,VILLON (DE) (R),45.7434173256,4.8653462778,17,3,2
202100039486,131Â 027,B01,1,1,2,0,1,0,-1,-1, -1,-1,2021,25.0,1,2,0,2,4,23,1,,3,"""PAUL VAILLANT COUTURIER (AVENUE """"DU 01",0,,2,2,0,1,0,1,1,, -1,1,0,1,50,18,5,2021,09:40,1,93,93007,2,1,0,2,"""PAUL VAILLANT COUTURIER (AVENUE """"DU 01",48.9263858449,2.4689412117,9,2,2
202100021177,163Â 809,A01,1,1,1,5,2,6,-1,0,0,-1,2021,23.0,2,1,4,0,1,1,1,,7,108,0,,2,2,2,3,55,(1),2,, -1,1,0,5,80,4,9,2021,16:00,1,21,21390,1,1,0,6,108,47.284036,4.979483,16,1,1
202100035587,138Â 106,B01,1,1,1,3,1,-1,-1,0,0,-1,2021,59.0,2,2,0,2,1,1,1,,3,,-1,,2,2,0,1,(1),(1),1,,4,1,0,1,50,10,6,2021,11:05,1,38,38425,2,1,0,1,Rue Jules Guesde,45.388264,4.782915,11,2,2
202100016470,172Â 186,A01,1,1,2,5,2,6,-1,-1, -1,-1,2021,18.0,1,1,0,2,1,2,1,,3,BAYONNE (AVENUE DE),0,,1,2,0,1,0,0,1,, -1,1,0,1,30,26,9,2021,21:25,5,64,64024,1,1,0,6,BAYONNE (AVENUE DE),43.4819,-1.5074,21,1,1
202100048630,114Â 834,B01,1,1,2,5,1,-1,-1,0,0,-1,2021,31.0,3,2,0,2,3,19,1,,3,1084,-1,,2,2,0,1,3,0,1,, -1,1,0,1,50,9,3,2021,19:30,5,1,1249,2,3,0,3,638 Grande Rue,45.822433,4.949164,19,2,2
202100021522,163Â 170,B01,1,1,1,5,2,-1,-1,0,0,-1,2021,76.0,2,1,0,2,1,1,5,,3,D9,-1,,2,2,0,1,68,635,1,, -1,1,5,1,70,1,9,2021,14:30,1,25,25320,1,2,0,3,Avenue de la Gare,46.787932,6.277742,14,2,2
202100000965,200Â 029,A01,10,3,2,9,0,-1,-1,1,3,1,2021,31.0,2,1,0,1,0,26,1,,2,,0,,2,2,0,1,0,0,1,, -1,1,0,1,50,28,12,2021,20:30,5,976,97611,2,1,0,6,mamoudzou centre-Commandant Passot (Plac,-12.78061,45.23342,20,2,1
202100046525,118Â 621,A01,1,1,2,0,1,0,-1,-1, -1,-1,2021,33.0,3,2,0,2,1,1,1,,4,ARBRISSEL,0,,2,2,0,1,1,0,1,, -1,1,0,1,50,26,3,2021,13:46,1,49,49007,2,2,0,3,ARBRISSEL,47.44623,-0.5695,13,2,2
202100024932,157Â 095,A01,1,1,2,1,1,-1,-1,0,0,-1,2021,29.0,2,2,17,0,1,14,1,,3,12,0,,2,2,0,2,0,241,2,, -1,9,0,3,80,10,8,2021,08:05,1,81,81175,1,1,0,6,grand champ - RD12,43.959175,1.585894,8,1,1
202100043439,124Â 015,B01,2,2,1,9,1,0,-1,-1, -1,-1,2021,13.0,1,2,0,2,1,0,1,,4,RAMON BOULEVARD,0,,-1,2,0,1,1,0,1,, -1,1,0,1,50,19,4,2021,14:05,1,49,49007,2,1,0,5,RAMON BOULEVARD,47.4878126757,-0.5422031879,14,5,4
202100047425,117Â 001,B01,2,2,2,5,1,-1,-1,0,0,-1,2021,24.0,1,2,0,2,8,1,1,,3,104,-1,,2,2,0,1,8,250,3,, -1,1,0,1,80,19,3,2021,16:15,1,11,11085,1,1,0,3,D104,43.178295,2.32486,16,3,2
202100044314,122Â 457,A01,10,3,2,5,0,-1,-1,4,3,1,2021,65.0,2,1,0,1,1,1,5,,3,DANIELLE CASANOVA (RUE)  59 =>,0,,2,2,0,1,0,1,1,, -1,1,0,1,50,12,4,2021,11:45,1,93,93001,2,1,0,6,DANIELLE CASANOVA (RUE)  59 =>,48.91733,2.39568,11,2,1