Num_Acc,id_vehicule,num_veh,place,catu,sexe,trajet,secu1,secu2,secu3,locp,actp,etatp,year_acc,victim_age,senc,catv,obs,obsm,choc,manv,motor,occutc,catr,voie,v1,v2,circ,nbv,vosp,prof,pr,pr1,plan,lartpc,larrout,surf,infra,situ,vma,jour,mois,an,hrmn,lum,dep,com,agg_,int,atm,col,adr,lat,long,hour,nb_victim,nb_vehicules
202100053242,106Â 559,A01,1,1,1,5,1,0,-1,0,0,-1,2021,71.0,1,2,14,0,1,13,1,,4,RUE DE LA CHAPELLE,0,,2,3,3,1,(1),(1),1,, -1,2,-1,6,50,28,1,2021,07:00,5,75,75118,2,1,1,6,RUE DE LA CHAPELLE,48.8946851722,2.3594373465,7,1,1
202100023851,158Â 993,A01,2,2,1,5,8,0,-1,-1,0,-1,2021,18.0,3,2,1,0,2,14,1,,4,MARAIS (RUE DES),0,,2,2,0,1,(1),(1),2,, -1,1,0,1,50,16,8,2021,23:30,5,95,95555,2,1,0,6,Rue des Marais,48.973686,2.281235,23,3,2
202100026432,154Â 451,A01,2,2,2,5,2,0,-1,-1, -1,-1,2021,20.0,3,1,0,0,7,1,1,,4,AV JEAN MERMOZ,0,,2,1,0,1,0,0,3,, -1,8,9,8,50,29,7,2021,17:50,1,91,91103,2,6,0,7,AV JEAN MERMOZ,48.6086,2.31247,17,2,1
202100010975,182Â 109,A01,10,3,1,5,0,-1,-1,2,9,1,2021,58.0,2,2,1,1,7,1,1,,4,,-1,,2,2,0,1,(1),(1),1,,"5,5",1,0,1,50,26,10,2021,18:00,2,39,39478,2,1,0,6,30 Avenue de la Gare,46.390983,5.860884,18,2,1
202100017991,169Â 468,A01,1,1,2,1,1,-1,-1,-1, -1,-1,2021,25.0,1,2,0,2,2,15,0,,3,RD 54,0,,2,2,0,2,14,230,2,, -1,1,0,1,70,26,8,2021,19:35,1,83,83050,1,1,0,1,RD 54,43.52392,6.525519,19,2,2
202100020868,164Â 346,B01,4,2,1,5,1,5,-1,0,0,-1,2021,0.0,0,2,0,2,4,1,1,,4,HORLOGE (RUE DE L'),0,,2,2,0,1,(1),(1),1,, -1,2,0,1,50,4,9,2021,17:20,1,27,27229,2,1,1,2,HORLOGE (RUE DE L'),49.0251366217,1.1509793225,17,3,2
202100050741,110Â 984,A01,1,1,1,3,2,6,-1,-1, -1,-1,2021,47.0,1,1,0,2,3,19,1,,4,SAINTE CROIX (AVENUE DE),0,,2,2,0,1,0,0,1,, -1,1,0,1,50,20,2,2021,16:10,1,64,64102,2,2,0,3,SAINTE CROIX (AVENUE DE),43.49997,-1.45611,16,2,2
202100033601,141Â 704,B01,1,1,1,2,2,6,-1,-1, -1,-1,2021,19.0,2,1,0,2,1,1,1,,4,RUE DU LIVEAU,0,,2,2,2,1,(1),(1),1,, -1,1,0,1,50,18,6,2021,07:10,1,33,33281,2,2,0,3,Rue du Liveau,44.84864,-0.64093,7,2,2
202100029944,148Â 277,A01,1,1,1,0,2,6,-1,-1, -1,-1,2021,63.0,0,1,0,2,1,17,1,,4,Z I LA JAMBETTE,0,,2,2,0,1,(1),(1),1,, -1,1,0,1,50,8,7,2021,11:00,1,972,97213,2,1,0,1,Z I LA JAMBETTE,14.61693,-61.03261,11,2,2
202100044863,121Â 526,B01,1,1,1,5,2,-1,-1,0,0,-1,2021,70.0,1,1,0,2,1,19,5,,3,773,-1,,2,2,0,1,20,500,3,, -1,1,5,1,80,8,4,2021,12:00,1,56,56033,1,2,0,3,RD 773,47.80939,-2.125034,12,2,2
202100030694,146Â 895,A01,1,1,1,1,2,0,-1,-1, -1,-1,2021,49.0,1,1,0,2,8,1,1,,3,ROUTE DEPARTEMENTALE 3,0,,1,2,0,2,6,0,1,, -1,1,0,1,500,30,1,2021,07:50,1,972,97213,1,1,0,3,ROUTE DEPARTEMENTALE 3,14.64859,-60.98881,7,2,2
202100043950,123Â 118,A01,1,1,1,0,0,-1,-1,0,0,-1,2021,24.0,1,1,0,0,4,1,5,,3,415,0,,2,3,0,1,24,950,1,, -1,1,0,1,80,15,4,2021,05:50,3,68,68161,1,1,0,2,D 415,48.111368,7.293801,5,2,2
202100007945,187Â 538,A01,1,1,1,1,2,6,-1,-1, -1,-1,2021,47.0,2,1,0,0,8,15,1,,1,86,0,,1,1,0,1,0,500,2,, -1,1,1,2,70,16,11,2021,10:00,1,92,92050,1,1,0,7,A86,48.9047320164,2.2079381347,10,1,1
202100031090,146Â 170,B01,2,2,1,1,8,0,-1,-1, -1,-1,2021,38.0,1,2,0,2,1,1,1,,4,REINE BLANCHE (RUE DE LA),0,,2,2,1,1,(1),(1),3,, -1,1,0,1,50,1,7,2021,07:50,1,45,45232,2,1,0,1,Rue de la Reine Blanche,47.87239,1.88589,7,5,2
202100001621,198Â 901,A01,10,3,2,5,0,-1,-1,3,3,1,2021,76.0,2,5,0,1,2,16,1,,4,AVENUE DE CLICHY,0,,2,3,0,2,(1),(1),1,, -1,1,0,1,30,23,12,2021,16:05,1,75,75117,2,3,0,6,AVENUE DE CLICHY,48.888033,2.324623,16,2,1
202100000864,200Â 195,B01,1,1,1,5,1,-1,-1,-1, -1,-1,2021,51.0,2,2,15,2,8,1,1,,4,RUE AMBROISE CROIZAT,0,,-1,2,3,1,(1),(1),1,, -1,1,4,1,30,30,12,2021,22:20,5,33,33039,2,2,0,3,Rue Ambroise Croizat,44.80763,-0.55134,22,4,2
202100018304,168Â 905,B01,1,1,2,1,1,0,-1,-1, -1,-1,2021,59.0,2,2,0,2,3,1,1,,3,AV CHARLES DE GAULLE,0,,2,1,0,1,0,0,3,, -1,1,0,1,30,17,9,2021,13:50,1,91,91103,2,1,0,1,AV CHARLES DE GAULLE,48.609,2.318,13,2,2
202100001997,198Â 228,A01,10,3,2,3,0,-1,-1,2,3,2,2021,75.0,1,2,0,1,1,1,2,,4,AVENUE FRÃDÃRIC MISTRAL,0,,3,1,0,3,0,0,1,, -1,1,0,1,30,17,12,2021,10:00,1,83,83118,2,3,1,6,AVENUE FRÃDÃRIC MISTRAL,43.42212,6.77107,10,3,1
202100002827,196Â 720,A01,10,3,2,3,0,-1,-1,3,3,3,2021,64.0,1,2,0,1,2,9,1,,3,955,-1,,2,2,0,1,11,630,1,, -1,2,0,1,50,8,12,2021,12:20,1,18,18233,2,1,0,6,Avenue de Fontenay,47.338935,2.838957,12,3,1
202100007589,188Â 174,B01,1,1,1,1,0,-1,-1,-1, -1,-1,2021,21.0,2,1,0,2,1,1,3,,7,LYON (DE)                               ,0,,2,3,1,1,3,800,1,, -1,1,0,5,50,17,11,2021,12:05,1,69,69271,2,1,0,1,LYON (DE) (RTE)                             ,45.7401140296,4.9525809288,12,2,2
202100013704,177Â 208,A01,1,1,1,1,0,0,-1,-1, -1,-1,2021,44.0,3,1,0,2,1,1,3,,4,FALKIRK(RUE),0,,2,2,0,1,1,0,1,, -1,1,0,1,50,11,10,2021,07:40,2,94,94028,2,1,0,3,Rue de Falkirk,48.77136,2.46046,7,2,2
202100037051,135Â 472,A01,10,3,1,5,0,-1,-1,2,5,1,2021,7.0,2,2,0,1,5,1,1,,4,RUE LAMBLARDIE,0,,1,1,0,1,(1),(1),1,, -1,1,0,1,50,1,6,2021,17:10,1,75,75112,2,1,0,6,RUE LAMBLARDIE,48.840361,2.397415,17,2,1
202100000247,201Â 281,A01,10,3,1,5,0,-1,-1,5,B,2,2021,41.0,2,2,0,1,1,14,1,,4,MOULIN (PLACE JEAN),0,,1,0,0,2,1,0,1,, -1,2,0,4,40,14,11,2021,02:30,5,59,59122,2,1,1,6,MOULIN (PLACE JEAN),50.174945698,3.2292988647,2,3,1
202100027041,153Â 379,B01,2,2,2,5,1,0,-1,-1, -1,-1,2021,42.0,2,2,14,2,1,26,1,,1,A104,0,,-1,2,0,1,11,699,3,, -1,2,0,1,90,25,7,2021,23:15,3,77,77294,1,1,0,6,A104,48.964742,2.610069,23,3,2
202100014512,175Â 770,A01,1,1,1,0,1,-1,-1,0,0,-1,2021,22.0,2,2,2,0,3,13,1,,3,30,-1,,2,2,0,1,11,500,2,, -1,1,0,3,80,9,10,2021,06:00,3,13,13066,1,1,0,6,D30,43.846051,4.898234,6,1,1
202100056472,100Â 957,A01,1,1,2,3,1,-1,-1,0,0,-1,2021,69.0,1,2,0,2,1,5,1,,2,8,-1,,2,2,0,1,(1),(1),1,, -1,1,0,1,-1,2,1,2021,18:15,3,971,97102,1,1,0,6,GuÃ©ry,16.451306,-61.478339,18,3,3
202100038423,132Â 963,A01,1,1,1,5,2,6,-1,-1, -1,-1,2021,20.0,1,1,15,0,1,13,1,,3,2,0,,2,2,0,2,0,0,2,, -1,2,9,4,50,25,5,2021,20:20,1,92,92023,2,1,0,6,GARDE (PLACE DU) S102,48.80319,2.2572,20,1,1
202100016003,173Â 063,A01,1,1,1,1,8,-1,-1,0,0,-1,2021,22.0,2,2,13,0,1,14,1,,3,93,0,,2,2,0,1,8,415,1,, -1,1,0,1,80,30,9,2021,18:15,1,2,2374,1,1,0,7,D93,49.906438,3.27384,18,1,1
202100042603,125Â 471,B01,1,1,2,5,8,0,-1,0,0,-1,2021,30.0,2,1,0,2,1,1,5,,4,AVENUE DAUMESNIL,0,,2,2,1,1,(1),(1),1,, -1,1,0,5,50,25,4,2021,10:45,1,75,75112,2,2,0,3,AVENUE DAUMESNIL,48.835891,2.405671,10,2,2
202100052990,106Â 999,A01,1,1,2,9,8,0,-1,0,0,-1,2021,48.0,1,1,0,2,4,1,5,,4,RUE DE SEVRES,0,,2,2,0,1,(1),(1),1,, -1,2,0,1,50,31,1,2021,17:30,2,75,75107,2,2,1,7,RUE DE SEVRES,48.846944,2.316871,17,1,1
202100011447,181Â 259,B01,1,1,1,0,2,6,-1,0,0,-1,2021,42.0,1,1,0,2,0,1,1,,3,111E1,-1,,2,2,0,1,2,476,1,, -1,1,0,1,50,23,10,2021,14:45,1,17,17010,2,6,0,3,AVENUE EDMOND GRASSET,46.107497,-1.105255,14,2,2
202100018420,168Â 702,A01,10,3,2,3,0,-1,-1,4,3,1,2021,58.0,1,2,0,1,3,15,0,,3,GABRIEL-PERI (AV),0,,3,2,0,1,0,0,1,, -1,1,6,6,50,17,9,2021,09:20,1,93,93070,2,9,0,1,GABRIEL-PERI (AV),48.909259,2.332905,9,2,1
202100043373,124Â 137,B01,1,1,1,1,2,4,-1,-1, -1,-1,2021,49.0,1,1,0,2,1,1,5,,3,19,0,,1,3,1,1,0,0,1,, -1,1,0,5,50,20,4,2021,17:15,1,92,92024,2,1,0,3,MARTRE (RUE) DE (59 A 109)   (58 A 120),48.9042372137,2.3049241304,17,2,2
202100021815,162Â 629,A01,2,2,1,0,2,0,-1,-1, -1,-1,2021,18.0,1,1,0,2,1,13,1,,3,FRANCOIS VINCENT RASPAIL (AV),0,,2,2,1,1,83,0,1,, -1,1,0,1,50,30,8,2021,22:15,5,94,94003,2,1,0,3,FRANCOIS VINCENT RASPAIL (AV),48.80795,2.34173,22,4,2
202100006839,189Â 558,A01,10,3,2,2,0,-1,-1,3,3,1,2021,12.0,1,2,0,1,1,1,1,,4,,0,,1,1,0,1,0,0,1,, -1,1,0,1,30,22,11,2021,13:20,1,92,92023,2,1,0,6,TROSY (RUE DU),48.8017750617,2.2618290782,13,2,1
202100012139,180Â 015,A01,1,1,1,0,2,0,-1,-1, -1,-1,2021,31.0,2,1,0,2,7,3,1,,1,AUTOROUTE A1,0,,3,4,0,1,2,0,1,, -1,1,0,1,90,20,10,2021,09:53,1,93,93066,1,1,1,3,AUTOROUTE A1,48.919966,2.357664,9,2,2
202100027537,152Â 506,B01,1,1,1,0,2,0,-1,-1, -1,-1,2021,32.0,2,1,0,2,1,2,1,,4,BOCAGE (RUE DU),0,,2,2,0,1,(1),(1),1,, -1,1,9,1,50,22,7,2021,18:35,1,37,37214,2,2,0,6,ENGERAND (RUE ROLAND),47.4105878442,0.6737419923,18,3,2
202100012373,179Â 598,B01,1,1,1,1,1,0,-1,-1, -1,-1,2021,48.0,1,5,0,2,1,12,1,,1,A86 INT,0,,-1,6,0,1,46,99,1,, -1,1,1,1,90,19,10,2021,13:25,1,94,94073,1,1,0,6,A86 INT,48.7619341283,2.3819786134,13,3,3
202100030601,147Â 054,B01,1,1,2,1,1,0,-1,0,0,-1,2021,58.0,1,2,0,2,5,1,1,,4,BOULEVARD HENRI IV,0,,-1,4,0,1,(1),(1),1,, -1,1,0,1,50,5,7,2021,10:10,1,75,75104,2,2,0,2,BOULEVARD HENRI IV,48.850825,2.361428,10,2,2
202100049042,114Â 092,A01,1,1,1,5,1,0,-1,-1, -1,-1,2021,53.0,2,2,0,2,4,2,1,,1,A4.W,0,,3,5,0,1,18,899,1,, -1,1,0,1,110,5,3,2021,09:00,1,77,77258,1,1,0,6,A4.W,48.83039,2.63015,9,3,3
202100020449,165Â 081,A01,1,1,1,5,2,8,-1,-1, -1,-1,2021,22.0,3,1,15,0,1,15,1,,4,SABLIERES PROLONGEE ( RUE DES ),0,,2,2,0,1,(1),(1),2,, -1,2,0,1,50,6,5,2021,03:20,5,62,62119,2,9,0,6,SABLIERES PROLONGEE ( RUE DES ),50.52549,2.654593,3,1,1
202100043318,124Â 231,Z01,10,3,2,5,8,8,-1,1,3,3,2021,30.0,3,2,0,1,0,0,1,,4,MITTELHAUSBERGEN (ROUTE DE),0,,2,2,0,1,0,0,1,, -1,1,4,1,50,17,4,2021,01:10,5,67,67482,2,8,0,6,MITTELHAUSBERGEN (ROUTE DE),48.59187,7.726097,1,2,1
202100045743,119Â 987,B01,1,1,1,1,8,0,-1,-1, -1,-1,2021,48.0,2,1,0,2,6,19,5,,4,COLMAR (AVENUE DE),0,,3,4,3,1,0,0,3,, -1,1,4,1,50,30,3,2021,17:15,1,67,67482,2,8,0,3,COLMAR (AVENUE DE),48.562808,7.752574,17,2,2
202100024417,158Â 039,B01,1,1,2,5,2,6,-1,0,0,-1,2021,56.0,3,1,0,2,8,1,1,,4,,-1,,2,2,0,1,(1),(1),2,,4,1,0,1,80,13,8,2021,17:09,1,85,85305,1,1,0,3,la loge,46.56249,-0.78166,17,2,2
202100048697,114Â 709,A01,1,1,1,1,2,6,-1,0,0,-1,2021,30.0,3,1,0,2,1,17,1,,4,AVENUE DE NOGENT,0,,2,2,1,1,(1),(1),1,, -1,1,0,1,50,9,3,2021,09:50,1,75,75112,2,2,0,3,AVENUE DE NOGENT,48.844286,2.442358,9,2,2
202100018347,168Â 831,B01,1,1,2,1,1,-1,-1,-1, -1,-1,2021,57.0,2,2,0,2,1,2,1,,3,NEUFCHATEL (RUE DE) DU NÂ° 123 A FIN (IMP,0,,2,2,0,1,1,32,1,, -1,1,0,1,50,17,9,2021,15:57,1,51,51454,2,2,0,3,Boulevard des Belges,49.2763001741,4.0269988606,15,3,2
202100012883,178Â 699,A01,1,1,2,9,1,0,-1,0,0,-1,2021,33.0,2,2,14,0,1,13,1,,4,QUAI HENRI IV,0,,1,2,0,2,(1),(1),1,, -1,1,0,1,30,16,10,2021,01:25,5,75,75104,2,1,0,6,QUAI HENRI IV,48.847386,2.364797,1,1,1
202100002945,196Â 510,C01,2,2,2,5,1,7,-1,0,0,-1,2021,69.0,3,2,0,2,1,1,1,,4,NATIONALE 13 (ROUTE),0,,1,2,0,1,(1),(1),1,, -1,2,0,1,70,14,12,2021,17:31,5,27,27229,1,1,0,5,NATIONALE 13 (ROUTE),49.01545,1.18125,17,5,4
202100017403,170Â 520,B01,1,1,2,0,2,8,-1,-1, -1,-1,2021,47.0,2,1,0,2,7,26,1,,4,BELIERS (ALLEE DES),0,,2,1,0,2,0,0,2,, -1,1,0,1,50,22,9,2021,10:45,1,974,97416,1,1,0,2,BELIERS (ALLEE DES),-21.29672,55.46783,10,2,2
202100028171,151Â 343,B01,1,1,1,5,1,0,-1,0,0,-1,2021,26.0,1,2,6,2,1,1,1,,4,RUE MORNAY,0,,2,1,0,1,(1),(1),1,, -1,1,0,1,50,19,7,2021,02:20,5,75,75104,2,2,0,2,RUE MORNAY,48.849514,2.365638,2,3,2
202100000761,200Â 352,A01,1,1,1,0,2,8,-1,-1, -1,-1,2021,21.0,2,1,0,2,3,17,1,,4,FABIEN ( AV. DU COLONEL ),0,,2,2,0,1,(1),(1),1,, -1,2,5,1,50,30,12,2021,17:55,5,56,56098,2,2,1,3,FABIEN ( AV. DU COLONEL ),47.76218,-3.33743,17,3,2
202100051791,109Â 124,A01,1,1,2,0,2,6,-1,-1, -1,-1,2021,62.0,3,1,0,2,8,13,1,,4,TOURASSE,0,,3,4,0,1,0,0,1,, -1,1,0,1,50,11,2,2021,14:15,1,64,64445,2,1,0,3,TOURASSE,43.31108,-0.36191,14,2,2
202100051513,109Â 619,B01,1,1,1,0,2,6,-1,-1, -1,-1,2021,34.0,0,1,0,2,1,1,1,,4,FÃLIX PYAT (RUE),0,,2,2,0,1,1,0,1,, -1,1,0,1,50,13,2,2021,16:45,1,13,13203,2,4,0,3,FÃLIX PYAT (RUE),43.3201609843,5.3743201435,16,2,2
202100004411,193Â 874,A01,10,3,2,2,0,-1,-1,3,3,1,2021,18.0,1,2,0,1,1,15,1,,4,EMILE ZOLA (AV),0,,1,1,0,1,18,0,1,, -1,2,0,1,30,6,12,2021,07:30,1,94,94068,2,2,0,1,EMILE ZOLA (AV),48.80328,2.48467,7,2,1
202100026208,154Â 849,B01,1,1,1,3,0,-1,-1,0,0,-1,2021,89.0,2,1,0,2,0,2,0,,3,,-1,,2,2,0,1,76,930,3,,5,1,0,1,50,31,7,2021,10:30,1,85,85234,2,6,0,2,Route de Challans,46.79577,-2.048328,10,2,2
202100032236,144Â 142,A01,10,3,1,3,0,-1,-1,3,3,1,2021,73.0,1,3,0,1,2,15,1,1.0,4,Alsace Lorraine (Avenue),0,,1,2,0,1,(1),(1),2,, -1,1,0,1,50,25,6,2021,09:22,1,19,19272,2,1,0,6,Alsace Lorraine (Avenue),45.26102,1.75715,9,2,1
202100033251,142Â 336,A01,1,1,1,5,2,6,9,0,0,-1,2021,62.0,1,1,0,0,7,1,1,,3,134,-1,D,2,2,0,2,3,800,3,, -1,1,0,1,80,20,6,2021,15:20,1,25,25551,1,1,0,7,D134,47.319538,6.868129,15,1,1
202100044706,121Â 803,A01,1,1,1,4,2,6,-1,0,0,-1,2021,24.0,2,1,0,0,2,1,1,,4,PORTE DE LA CHAPELLE,0,,1,4,0,1,22,800,1,, -1,1,0,1,70,8,4,2021,21:05,5,75,75118,2,1,0,7,PORTE DE LA CHAPELLE,48.901023,2.356188,21,1,1
202100002986,196Â 438,A01,1,1,1,0,1,-1,-1,0,0,-1,2021,34.0,0,2,0,2,3,14,1,,3,652,-1,,2,2,0,1,135,200,3,, -1,2,0,1,80,15,12,2021,20:00,3,40,40065,1,1,1,1,D652,43.610787,-1.432514,20,2,2
202100026315,154Â 653,B01,1,1,2,5,1,-1,-1,0, -1,-1,2021,25.0,1,2,0,2,3,1,1,,4,GARE (AVENUE DE LA),0,,2,2,0,2,(1),(1),1,, -1,1,9,1,50,30,7,2021,23:35,5,29,29039,2,1,0,1,Avenue de la Gare,47.87585,-3.91909,23,3,2
202100007260,188Â 780,B01,1,1,1,5,2,6,-1,-1, -1,-1,2021,56.0,2,1,0,2,1,1,1,,3,JUIN (V DU MARECHAL),0,,2,2,1,1,37,950,1,, -1,1,0,1,50,7,9,2021,13:35,1,40,40192,2,1,0,3,JUIN (V DU MARECHAL),43.9052411705,-0.474793911,13,2,2
202100004927,192Â 986,A01,1,1,1,1,2,6,-1,0,0,-1,2021,38.0,3,1,0,2,7,1,1,,4,QUAI FRANCOIS MITTERRAND,0,,1,4,3,1,(1),(1),1,, -1,2,0,1,30,3,12,2021,19:30,5,75,75101,2,2,1,3,QUAI FRANCOIS MITTERRAND,48.860118,2.333342,19,2,2
202100038824,132Â 226,A01,1,1,1,0,2,6,-1,0,0,-1,2021,48.0,2,1,0,0,7,1,1,,3,111,-1,,2,2,0,1,6,645,3,, -1,1,0,1,80,19,4,2021,13:30,1,26,26124,1,9,0,7,Route d' Etoile ,44.849936,4.893572,13,1,1
202100034432,140Â 186,A01,1,1,1,1,2,6,-1,-1, -1,-1,2021,60.0,3,1,0,2,2,1,1,,4,PLACE D AUTEUIL,0,,2,4,0,1,(1),(1),1,, -1,1,9,1,50,14,6,2021,04:37,2,75,75116,2,2,0,3,PLACE D AUTEUIL,48.847913,2.258922,4,2,2
202100006051,190Â 980,A01,2,2,1,5,8,-1,-1,0,0,-1,2021,17.0,1,5,16,0,9,14,1,,4,,-1,,2,2,0,1,(1),(1),3,, -1,2,2,8,50,28,11,2021,01:30,3,988,98807,1,1,1,7,Route de WERAP,-20.706585,164.943624,1,2,1
202100035500,138Â 256,A01,1,1,1,0,2,0,-1,-1, -1,-1,2021,60.0,1,1,9,2,1,7,1,,4,BOULEVARD LELASSEUR,0,,2,2,3,1,(1),(1),1,, -1,1,0,1,50,8,6,2021,14:00,1,44,44109,2,1,0,2,BOULEVARD LELASSEUR,47.23216,-1.56778,14,2,2
202100024547,157Â 784,B01,1,1,2,5,1,0,-1,0,0,-1,2021,57.0,2,2,0,2,8,1,1,,4,PORTE DE CLIGNANCOURT,0,,1,4,0,1,(1),(1),1,, -1,1,0,1,70,12,8,2021,18:20,1,75,75118,2,4,0,3,PORTE DE CLIGNANCOURT,48.900994,2.34146,18,4,2
202100044784,121Â 661,A01,1,1,1,0,1,0,-1,-1, -1,-1,2021,42.0,2,2,0,2,6,1,1,,1,AUTOROUTE A3,0,,1,2,0,3,7,849,2,, -1,1,3,1,70,7,4,2021,19:40,2,93,93010,1,1,0,2,AUTOROUTE A3,48.90493,2.4713,19,2,2
202100052898,107Â 165,B01,1,1,2,0,1,8,-1,-1, -1,-1,2021,35.0,3,2,0,2,3,1,1,,4,FLORIAN (AVENUE),0,,3,3,0,2,(1),(1),1,, -1,1,1,1,50,1,2,2021,19:50,5,13,13210,2,1,0,3,FLORIAN (impasse),43.285013,5.426259,19,2,2
202100015846,173Â 350,A01,1,1,1,0,2,6,-1,-1, -1,-1,2021,47.0,2,1,4,0,8,2,1,,1,ROCADE A 630,0,,3,4,0,1,25,500,4,, -1,1,3,1,70,1,10,2021,08:06,1,33,33318,1,1,0,7,ROCADE A 630,44.788013,-0.630476,8,1,1
202100024535,157Â 804,B01,1,1,1,0,8,0,-1,-1, -1,-1,2021,18.0,2,0,0,2,7,1,5,,3,LYON (RUE DE),0,,2,2,0,2,3,0,1,, -1,1,5,1,50,12,8,2021,17:45,1,13,13215,2,2,0,3,LYON (RUE DE),43.34239,5.3599,17,2,2
202100009688,184Â 388,A01,10,3,2,3,0,-1,-1,3,3,1,2021,73.0,3,2,0,1,1,19,1,,7,,-1,,2,2,0,1,(1),(1),1,,4,1,0,1,30,27,10,2021,16:45,1,6,6011,2,1,0,6,1 Avenue des HellÃ¨nes,43.705129,7.33369,16,2,1
202100053889,105Â 421,B01,1,1,2,0,1,-1,-1,0,0,-1,2021,49.0,1,2,0,2,1,1,1,,3,996,0,,2,2,0,1,30,800,2,, -1,2,0,1,80,25,1,2021,16:14,1,21,21250,1,4,1,1,,47.758036,4.794803,16,2,2
202100031048,146Â 244,B01,1,1,1,1,1,0,-1,-1, -1,-1,2021,33.0,1,2,0,2,1,16,1,,4,SEMARD (RUE PIERRE)_EST,0,,2,2,0,1,(1),(1),1,, -1,1,0,1,50,1,7,2021,21:16,1,60,60463,2,4,0,3,Rue Pierre SÃ©mard,49.27318,2.47421,21,2,2
202100026148,154Â 955,A01,1,1,1,0,2,0,-1,0,0,-1,2021,18.0,1,1,0,2,1,9,1,,4,GAUTHIER (R. ANTOINE),0,,1,1,0,2,(1),(1),1,, -1,2,0,1,30,31,7,2021,05:44,5,6,6088,2,2,0,3,GAUTHIER (R. ANTOINE),43.698673,7.283092,5,2,2
202100044320,122Â 448,B01,1,1,1,5,0,-1,-1,0,0,-1,2021,13.0,1,1,0,2,4,15,5,,3,238,-1,,2,2,0,2,(1),(1),1,, -1,1,0,1,50,12,4,2021,18:10,1,37,37074,2,3,0,2,3 rue des reaux,47.2476339248,0.1610974968,18,2,2
202100022842,160Â 783,A01,1,1,1,0,2,6,-1,0,0,-1,2021,47.0,0,1,3,0,8,0,1,,3,118,0,D,2,2,0,1,70,(1),3,, -1,1,0,3,50,24,8,2021,15:50,1,11,11008,1,1,0,6,D118,42.996714,2.252648,15,1,1
202100052921,107Â 125,B01,1,1,1,1,2,0,-1,-1, -1,-1,2021,31.0,1,1,0,2,8,1,1,,4,CLEMENCET (ALLEE),0,,1,1,0,1,0,0,1,, -1,1,0,1,50,1,2,2021,21:15,5,93,93062,2,2,0,3,CLEMENCET (ALLEE),48.88901,2.51502,21,2,2
202100014088,176Â 519,A01,1,1,2,5,1,-1,-1,0,0,-1,2021,34.0,2,2,0,2,2,13,1,,3,786,0,D,2,2,0,1,14,470,1,, -1,1,0,1,80,10,10,2021,12:25,1,22,22273,1,1,0,3,D786,48.5508873781,-2.5486907938,12,2,2
202100033999,140Â 985,A01,10,3,1,0,0,-1,-1,6,3,1,2021,74.0,2,2,0,1,1,1,1,,3,RTE NATIONALE 7,0,,1,2,0,1,15,0,1,, -1,1,3,1,50,15,6,2021,17:15,1,91,91228,2,1,0,6,RTE NATIONALE 7,48.63524,2.43487,17,2,1
202100006736,189Â 743,B01,1,1,1,1,2,6,-1,-1, -1,-1,2021,45.0,1,1,0,2,2,1,1,,3,boulevard AimÃ© CÃ©saire,0,,1,2,0,1,0,0,2,, -1,1,0,1,50,23,11,2021,17:49,5,92,92050,2,4,0,3,boulevard AimÃ© CÃ©saire,48.8933822778,2.2272768617,17,2,2
202100029126,149Â 690,A01,1,1,1,5,8,0,-1,-1, -1,-1,2021,16.0,2,2,9,0,9,0,1,,4,VAL-VERT (AVENUE DU),0,,2,2,0,1,(1),(1),1,, -1,2,0,1,50,13,7,2021,03:30,5,43,43157,2,1,0,7,22 Avenue du Val Vert,45.03243,3.88483,3,2,1
202100040104,129Â 912,B01,1,1,2,5,0,-1,-1,0,0,-1,2021,13.0,2,1,0,2,1,1,5,,3,26,-1,,2,2,0,1,10,230,1,,4,1,0,1,50,12,5,2021,16:10,1,45,45014,2,3,0,3,rue de la vallÃ©e,48.195981,2.383057,16,2,2
202100034084,140Â 839,A01,1,1,2,1,2,6,-1,0,0,-1,2021,53.0,1,1,0,2,3,1,0,,4,TUILIERES AVENUE DES,0,,2,3,0,1,(1),(1),1,, -1,1,0,1,50,15,6,2021,18:30,1,6,6027,2,1,0,2,TUILIERES AVENUE DES,43.665317,7.15452,18,2,2
202100020296,165Â 358,A01,10,3,1,0,0,-1,-1,1,5,3,2021,11.0,1,2,0,1,3,1,1,,7,AV JEAN CHAUBET,0,,2,2,0,4,37,537,1,, -1,1,0,1,50,6,9,2021,17:45,1,31,31555,2,1,0,6,AV JEAN CHAUBET,43.6051915478,1.4795333147,17,2,1
202100023640,159Â 368,A01,1,1,2,1,1,-1,-1,0,0,-1,2021,21.0,1,2,8,2,3,1,1,,3,2210,0,D,2,2,0,2,35,565,3,, -1,1,0,1,50,18,8,2021,17:48,1,6,6038,1,1,0,3,D2210,43.682358,6.97359,17,3,2
202100045298,120Â 753,A01,1,1,1,5,2,6,-1,0,0,-1,2021,18.0,1,1,12,0,1,1,1,,7,6098,-1,M,2,2,0,2,54,950,1,, -1,1,5,1,30,3,4,2021,14:45,1,6,6032,2,6,0,7,Avenue du Trois Septembre,43.721781,7.404501,14,1,1
202100001746,198Â 666,B01,1,1,1,9,2,0,-1,0,0,-1,2021,44.0,2,1,0,2,2,1,5,,4,AVENUE DAUMESNIL,0,,2,4,1,1,(1),(1),1,, -1,1,-1,5,30,22,12,2021,12:20,1,75,75112,2,2,0,3,AVENUE DAUMESNIL,48.844276,2.381581,12,3,2