Num_Acc,id_vehicule,num_veh,place,catu,sexe,trajet,secu1,secu2,secu3,locp,actp,etatp,year_acc,victim_age,senc,catv,obs,obsm,choc,manv,motor,occutc,catr,voie,v1,v2,circ,nbv,vosp,prof,pr,pr1,plan,lartpc,larrout,surf,infra,situ,vma,jour,mois,an,hrmn,lum,dep,com,agg_,int,atm,col,adr,lat,long,hour,nb_victim,nb_vehicules
202100047400,117Â 044,B01,1,1,1,1,8,0,-1,-1, -1,-1,2021,46.0,1,1,0,2,8,1,5,,3,REPUBLIQUE (AV DE LA),0,,1,2,0,1,1,0,1,, -1,1,0,1,50,19,3,2021,08:10,1,94,94046,2,2,0,3,Avenue de la RÃ©publique,48.802806,2.43402,8,2,2
202100024129,158Â 529,B01,1,1,1,0,8,0,-1,-1, -1,-1,2021,21.0,0,1,0,0,0,0,2,,4,RUE MEURIS,0,,2,2,0,2,(1),(1),1,, -1,1,0,1,30,14,8,2021,18:40,1,44,44109,2,2,0,3,RUE MEURIS,47.20847,-1.57404,18,2,2
202100032292,144Â 039,B01,1,1,1,4,8,0,-1,0,0,-1,2021,51.0,1,2,0,2,1,1,1,,2,RN12,0,,3,4,0,1,53,670,1,, -1,9,8,1,90,24,6,2021,02:30,5,22,22360,1,1,0,1,RN12,48.48861,-2.72045,2,2,2
202100014520,175Â 753,B01,1,1,1,5,2,6,-1,0,0,-1,2021,49.0,2,1,0,2,1,1,1,,3,56,-1,,2,2,0,2,4,0,1,, -1,1,0,1,80,9,10,2021,15:50,1,49,49294,1,1,0,5,TerriÃ¨res,47.486103,-0.650591,15,3,3
202100005669,191Â 664,B01,1,1,1,9,8,6,-1,-1, -1,-1,2021,21.0,-1,0,0,2,7,19,0,,3,ANDRE CITROEN (BOULEVARD),0,,2,4,0,1,(1),(1),3,, -1,1,5,1,50,29,11,2021,11:40,1,93,93005,2,1,0,3,ANDRE CITROEN (BOULEVARD),48.9588359368,2.4858318382,11,2,2
202100003183,196Â 079,A01,10,3,2,5,0,-1,-1,4,3,1,2021,81.0,2,2,0,1,2,1,3,,3,505,-1,,2,2,0,1,(1),(1),1,, -1,1,0,1,50,14,12,2021,18:13,5,68,68315,2,2,0,6,Rue des Archers,47.888841,7.227193,18,2,1
202100042721,125Â 271,A01,1,1,2,5,2,6,-1,-1, -1,-1,2021,24.0,1,1,7,0,1,1,1,,2,13,0,,1,2,1,1,0,0,1,, -1,1,0,1,50,24,4,2021,01:30,5,92,92051,2,1,0,6,"CHARLES DE GAULLE (AVENUE, NÂ°27 A 129)",48.8822563079,2.2680974007,1,1,1
202100017099,171Â 066,A01,1,1,1,0,1,0,-1,-1, -1,-1,2021,44.0,1,2,12,0,3,19,1,,3,RESISTANCE.(PLACE DE LA),0,,2,2,0,1,1,0,1,, -1,1,5,4,50,23,9,2021,16:04,1,94,94011,2,1,0,6,RESISTANCE.(PLACE DE LA),48.76657,2.48464,16,1,1
202100004902,193Â 029,A01,1,1,1,0,1,8,-1,-1, -1,-1,2021,34.0,2,2,4,2,2,2,1,,1,AUTOROUTE A3,0,,3,8,0,2,3,900,1,, -1,2,0,1,90,4,12,2021,02:49,4,93,93066,1,1,1,2,AUTOROUTE A3,48.9321804951,2.3704585433,2,2,2
202100035117,138Â 934,A01,2,2,1,0,1,-1,-1,0,0,-1,2021,21.0,2,2,2,0,1,1,1,,3,17,-1,,2,2,0,1,11,410,1,, -1,1,0,3,80,12,6,2021,15:25,1,82,82148,1,1,0,6,Route de Caussade,44.237128,1.60763,15,2,1
202100002791,196Â 777,B01,1,1,1,9,2,0,-1,0,0,-1,2021,42.0,1,1,0,2,4,15,1,,4,PLACE FERNAND FOREST,0,,2,6,0,1,(1),(1),1,, -1,1,0,1,30,15,12,2021,15:20,1,75,75115,2,2,0,2,PLACE FERNAND FOREST,48.849306,2.281676,15,2,2
202100047046,117Â 677,A01,10,3,2,0,0,-1,-1,3,3,2,2021,58.0,3,2,0,1,1,1,1,,4,baillet claude,0,,2,4,0,1,0,0,1,, -1,1,0,1,50,20,3,2021,17:30,1,30,30189,2,1,0,6,baillet claude,43.81044,4.36062,17,2,1
202100052702,107Â 526,A01,10,3,1,5,0,-1,-1,3,3,1,2021,49.0,1,2,0,1,1,0,1,,4,RAYMOND MARCHERON (RUE),0,,-1,2,0,1,0,0,1,, -1,2,0,8,50,31,1,2021,18:20,5,92,92075,2,1,1,6,RAYMOND MARCHERON (RUE),48.8189765566,2.2872041449,18,2,1
202100044101,122Â 845,A01,1,1,1,3,1,-1,-1,0,0,-1,2021,50.0,2,2,1,0,1,14,1,,2,10,0,N,3,4,-1,2,43,805,2,"2,5",14,1,0,2,110,15,4,2021,07:30,2,16,16078,1,1,0,2,,45.712259,0.176665,7,2,2
202100023487,159Â 646,A01,1,1,1,0,2,6,-1,0,0,-1,2021,44.0,2,1,0,2,1,17,1,,4,,0,,2,2,0,1,(1),(1),3,,5,1,0,1,70,20,8,2021,11:30,1,56,56251,1,1,0,1,Rue de la Madeleine (Theix),47.635899,-2.663777,11,2,2
202100040450,129Â 304,B01,1,1,1,0,2,-1,-1,-1, -1,-1,2021,51.0,2,1,0,0,0,1,5,,4,,0,,2,4,1,2,(1),(1),1,, -1,2,0,1,50,10,5,2021,13:20,1,69,69381,2,3,1,7,GENERAL GIRAUD (DU) (CR),45.76976,4.81693,13,2,2
202100051581,109Â 494,A01,10,3,2,0,8,-1,-1,1,3,2,2021,12.0,1,1,0,1,7,2,0,,4,BUIRETTE (RUE),0,,2,2,0,1,(1),(1),1,, -1,1,0,1,30,13,2,2021,17:10,1,51,51454,2,1,0,7,Rue Buirette,49.2544420398,4.0253155886,17,2,1
202100021747,162Â 758,B01,1,1,2,0,1,0,-1,-1, -1,-1,2021,20.0,1,2,0,2,4,0,1,,1,86,0,,3,7,0,1,7,800,1,, -1,1,0,1,90,30,8,2021,13:30,1,92,92036,1,1,0,2,AUTOROUTE A86,48.9352934024,2.2847740055,13,2,2
202100013766,177Â 104,A01,2,2,1,0,0,-1,-1,0,0,-1,2021,17.0,2,1,0,2,3,1,0,,4,,-1,,-1,1,0,2,(1),(1),1,, -1,1,0,1,-1,10,10,2021,15:55,1,987,98715,1,1,0,3,PK 5.5 SAINT HILAIRE - MONT-MARAU,-17.5794943,-149.582392,15,3,2
202100040826,128Â 653,A01,1,1,1,5,2,6,-1,0,0,-1,2021,35.0,2,1,0,9,9,1,1,,3,1,-1,D,2,2,0,1,26,250,1,, -1,1,0,3,80,8,5,2021,17:40,1,30,30344,1,1,0,7,D1,43.745565,4.209062,17,1,1
202100017866,169Â 685,A01,1,1,1,0,1,8,-1,-1, -1,-1,2021,24.0,0,2,0,2,6,1,1,,7,RABATAU (BOULEVARD),0,,2,4,0,1,0,0,1,, -1,1,0,1,50,20,9,2021,10:00,1,13,13210,2,3,0,3,RABATAU (BOULEVARD),43.27935,5.3993,10,4,2
202100008875,185Â 876,B01,1,1,1,0,6,2,-1,0,0,-1,2021,17.0,2,1,15,2,3,1,1,,3,23,-1,D,2,2,0,1,(1),(1),1,, -1,1,0,1,30,9,11,2021,15:20,1,67,67009,2,1,1,1,12 Rue Principale,48.929707,6.980299,15,3,2
202100052144,108Â 504,A01,10,3,2,5,8,8,-1,2,3,1,2021,27.0,1,1,0,1,1,1,5,,4,RUE DU FAUBOURG SAINT MARTIN,0,,2,2,0,1,(1),(1),1,, -1,2,0,1,50,8,2,2021,12:15,1,75,75110,2,1,1,6,RUE DU FAUBOURG SAINT MARTIN,48.879949,2.363745,12,2,1
202100051377,109Â 844,A01,1,1,2,0,2,6,-1,-1, -1,-1,2021,31.0,2,1,0,2,1,3,1,,1,A13,0,,1,3,0,3,46,900,1,, -1,1,0,1,110,16,2,2021,08:40,1,78,78291,1,1,1,2,A13,48.969809,1.73586,8,2,2
202100034048,140Â 899,A01,1,1,2,1,2,0,-1,0, -1,-1,2021,16.0,2,1,14,0,1,1,1,,4,EDOUARD BRANLY (RUE),0,,2,1,0,1,0,0,1,, -1,1,0,1,50,16,6,2021,10:55,1,61,61001,2,1,1,6,EDOUARD BRANLY (RUE),48.43638,0.10627,10,1,1
202100049022,114Â 134,A01,1,1,1,5,1,-1,-1,0,0,-1,2021,30.0,2,2,17,0,1,1,1,,3,985,-1,,2,2,0,1,46,400,2,, -1,1,0,3,80,7,3,2021,02:30,3,71,71106,1,1,0,6,rd 985 lieu dit chamoges,46.4768529107,4.2772714421,2,1,1
202100017936,169Â 563,B01,1,1,1,1,2,-1,-1,0,0,-1,2021,18.0,1,1,0,2,1,1,1,,3,160,0,D,2,2,0,1,(1),(1),1,, -1,1,0,1,-1,21,9,2021,07:20,2,85,85084,1,2,0,3,La Belle Entree,46.755582,-1.251953,7,2,2
202100013822,176Â 987,A01,4,2,2,5,1,8,-1,-1, -1,-1,2021,22.0,2,2,1,0,3,1,1,,3,C.De GAULLE (Rocade),0,,1,2,0,1,0,1,1,, -1,1,0,1,50,10,10,2021,03:25,5,84,84007,2,9,0,3,C.De GAULLE (Rocade),43.93402,4.83137,3,4,1
202100002498,197Â 309,A01,1,1,1,5,2,6,-1,0,0,-1,2021,30.0,1,1,13,0,2,1,1,,4,6,-1,,2,2,0,1,(1),(1),4,, -1,1,0,3,80,18,12,2021,12:00,1,56,56092,1,1,0,6,VC 6,48.041218,-2.840567,12,2,2
202100043330,124Â 211,A01,1,1,1,4,2,8,-1,0,0,-1,2021,29.0,1,1,0,2,1,19,1,,4,RABELAIS (RUE FRANCOIS ),0,,2,2,0,1,(1),(1),1,, -1,1,0,1,50,20,4,2021,20:15,1,42,42187,2,3,0,3,Rue Rabelais,46.04076,4.05637,20,2,2
202100020188,165Â 553,A01,10,3,1,2,0,-1,-1,3,3,2,2021,3.0,1,2,0,1,2,2,1,,3,,-1,,1,2,0,1,(1),(1),3,,5,1,0,1,50,6,9,2021,08:33,1,85,85092,2,9,0,6,Place de l Ouillette,46.463393,-0.79328,8,2,1
202100005703,191Â 607,B01,1,1,1,1,1,-1,-1,0,0,-1,2021,48.0,2,5,6,0,2,24,1,,3,201,0,D,2,2,0,2,10,0,1,, -1,1,0,3,80,29,11,2021,17:20,2,971,97126,1,1,0,2,section boisvins,15.955924,-61.238093,17,2,2
202100042110,126Â 359,B01,1,1,1,0,8,-1,-1,0,0,-1,2021,30.0,0,2,0,2,7,14,1,,3,,-1,,2,1,0,1,3,353,1,,"3,5",1,5,6,70,30,4,2021,18:54,1,6,6152,1,6,0,3,Route du Parc,43.616847,7.037298,18,2,2
202100035234,138Â 724,B01,1,1,1,0,2,0,-1,-1, -1,-1,2021,43.0,3,1,0,2,0,1,1,,4,TARASCON ( Avenue de),0,,2,2,0,1,0,9,1,, -1,1,0,1,50,9,6,2021,11:40,1,84,84007,2,1,0,7,TARASCON ( Avenue de),43.9273412,4.8094444,11,1,1
202100022818,160Â 821,B01,1,1,1,1,8,0,-1,0,0,-1,2021,20.0,3,1,0,2,0,0,3,,4,DIGUE DES FRANCAIS (TRAV. DE LA),0,,2,4,0,1,(1),(1),1,, -1,1,2,1,50,23,8,2021,21:00,5,6,6088,2,1,0,1,DIGUE DES FRANCAIS (TRAV. DE LA),43.676823,7.201484,21,2,2
202100018113,169Â 240,A01,1,1,1,0,1,8,-1,-1, -1,-1,2021,54.0,2,2,0,2,1,18,1,,1,AUTOROUTE A1,0,,2,6,0,1,4,0,1,, -1,1,0,1,90,18,9,2021,15:15,1,972,97213,2,1,0,2,AUTOROUTE A1,14.61804,-61.0321,15,3,2
202100008100,187Â 258,A01,1,1,2,9,1,-1,-1,0,0,-1,2021,20.0,1,2,0,6,3,1,1,,1,35,0,,3,4,0,1,112,200,1,, -1,1,0,1,130,15,11,2021,23:50,3,68,68309,1,1,0,6,A35,47.675603,7.466766,23,1,1
202100026780,153Â 852,A01,1,1,1,4,2,0,-1,-1, -1,-1,2021,24.0,2,1,0,2,1,2,3,,3,52,0,,2,0,0,2,0,100,1,, -1,2,0,1,50,27,7,2021,13:00,1,91,91691,2,1,1,2,GABRIEL PERI(RUE) DU NÂ°70 AU NÂ°122,48.70633,2.48825,13,2,2
202100010699,182Â 599,A01,1,1,2,0,1,0,-1,0,0,-1,2021,30.0,1,2,0,2,1,1,1,,7,AULNAT (RTE D),0,,2,2,0,1,(1),(1),1,, -1,1,0,1,50,26,10,2021,13:32,1,63,63164,2,1,0,2,AULNAT (RTE D),45.81208,3.15237,13,2,2
202100000870,200Â 185,A01,1,1,1,5,2,0,-1,-1, -1,-1,2021,28.0,3,6,0,0,0,0,1,,4,MARLOTTE   RUE EDMEE,0,,2,2,0,1,(1),(1),1,, -1,1,0,1,50,30,12,2021,18:30,5,17,17274,2,1,0,7,MARLOTTE   RUE EDMEE,46.16448,-1.09584,18,1,1
202100013186,178Â 175,A01,2,2,2,0,1,9,-1,0,0,-1,2021,22.0,1,2,9,0,2,2,1,,3,112,0,D,2,2,0,1,25,1,1,, -1,1,0,3,70,14,10,2021,23:10,3,27,27412,2,1,0,6,Rue Pasteur (Montaure),49.249417,1.084589,23,3,1
202100035307,138Â 595,A01,10,3,2,5,0,-1,-1,2,3,2,2021,5.0,1,2,0,1,8,1,1,,4,AVENUE DE MALAKOFF,0,,2,2,0,1,(1),(1),1,, -1,1,0,1,50,10,6,2021,17:20,1,75,75116,2,1,0,6,AVENUE DE MALAKOFF,48.8754878239,2.2838689687,17,3,1
202100053187,106Â 662,A01,1,1,1,1,1,8,-1,-1, -1,-1,2021,30.0,1,2,13,0,1,14,1,,4,VIGNES (RUE DES),0,,3,4,0,1,(1),(1),1,, -1,2,0,3,90,28,1,2021,16:10,1,67,67218,1,1,0,7,VIGNES (RUE DES),48.52047,7.7289,16,1,1
202100002579,197Â 176,B01,1,1,1,1,8,-1,-1,-1, -1,-1,2021,76.0,3,1,0,2,1,19,6,,4,JEAN MOULIN                         (QU),0,,2,3,3,1,(1),(1),2,, -1,2,0,1,50,16,12,2021,07:30,5,69,69382,2,4,1,1,JEAN MOULIN (Q),45.76595,4.83809,7,2,2
202100050193,111Â 997,A01,10,3,1,5,0,-1,-1,9,4,1,2021,74.0,3,0,0,1,4,20,1,,5,CHAPTAL ( QUAI MAX ),0,,2,2,0,1,0,0,1,, -1,1,9,8,30,25,2,2021,14:45,1,30,30007,2,1,0,6,CHAPTAL ( QUAI MAX ),44.1249,4.07082,14,2,1
202100006022,191Â 031,A01,1,1,1,9,8,-1,-1,0,0,-1,2021,48.0,2,2,13,0,2,26,1,,3,13,-1,,2,2,0,2,(1),(1),2,, -1,1,0,3,80,26,11,2021,18:05,3,84,84044,1,1,0,7,route de mollans sur ouveze,44.225766,5.147095,18,1,1
202100001591,198Â 964,B01,1,1,1,1,2,4,-1,-1, -1,-1,2021,55.0,2,1,0,2,4,15,5,,3,NOVEMBRE (RUE DU 11),0,,2,2,0,1,2,15,3,, -1,1,3,1,50,23,12,2021,07:55,2,64,64140,2,1,0,3,Rue du 11 Novembre,43.52868,-1.47939,7,2,2
202100023662,159Â 332,B01,1,1,2,5,0,-1,-1,0,0,-1,2021,70.0,3,1,0,2,1,1,3,,4,11,-1,C,2,2,0,1,(1),(1),1,, -1,2,0,1,50,7,8,2021,17:40,1,88,88344,2,1,1,2,Rue du Jus,48.366097,5.604975,17,2,2
202100000256,201Â 267,A01,1,1,1,0,1,0,-1,-1, -1,-1,2021,19.0,3,2,13,0,0,15,1,,4,GUILLEMOTTES(RUE DES),0,,2,2,0,2,0,0,2,, -1,2,0,1,50,13,11,2021,22:20,3,38,38544,2,1,1,7,GUILLEMOTTES(RUE DES),45.5360907444,4.8879256813,22,3,1
202100014483,175Â 821,A01,1,1,2,0,1,-1,-1,0,0,-1,2021,51.0,2,2,0,2,1,15,1,,4,,-1,,2,2,0,2,(1),(1),1,,"3,5",1,0,1,80,9,10,2021,11:10,1,29,29208,1,2,0,1,Lieu Dit Kerguerezen,48.50632,-4.662108,11,5,2
202100020244,165Â 453,A01,10,3,2,9,0,-1,-1,3,3,1,2021,68.0,0,1,0,1,1,1,5,,4,HENRI BARBUSSE (RUE),0,,-1,0,1,1,(1),(1),1,, -1,1,0,5,30,3,9,2021,13:50,1,80,80489,2,1,0,6,HENRI BARBUSSE (RUE),49.86947,2.35986,13,2,1
202100040912,128Â 495,B01,1,1,1,5,8,0,-1,0,0,-1,2021,71.0,3,1,0,2,9,18,5,,3,LACAPELETTE,0,,2,2,0,1,0,1,1,, -1,1,0,1,50,7,5,2021,15:55,1,47,47031,2,6,0,3,RIOLS (ALLEE DE),44.1800686559,0.6254972745,15,2,2
202100036215,136Â 955,A01,10,3,2,0,0,-1,-1,3,3,1,2021,31.0,1,2,0,1,3,15,1,,9,LORION (RUE LUC),0,,3,2,0,1,0,0,1,, -1,1,5,1,50,5,6,2021,07:40,1,974,97416,2,9,0,3,LORION (RUE LUC),-21.334,55.4712,7,2,1
202100004920,192Â 996,Z01,10,3,1,9,0,-1,-1,3,3,1,2021,29.0,1,1,0,1,1,1,0,,4,RUE EUGENE OUDINE,0,,2,2,0,4,(1),(1),1,, -1,2,0,1,30,3,12,2021,18:15,5,75,75113,2,3,1,6,RUE EUGENE OUDINE,48.826245,2.377587,18,2,1
202100043353,124Â 172,A01,1,1,1,9,2,6,-1,0,0,-1,2021,29.0,2,1,1,0,3,18,1,,4,RUE DE LISBONNE,0,,1,1,0,1,(1),(1),1,, -1,1,0,1,50,6,4,2021,09:05,1,75,75108,2,1,0,6,RUE DE LISBONNE,48.877829,2.317126,9,1,1
202100034454,140Â 145,B01,1,1,1,4,1,8,-1,-1, -1,-1,2021,20.0,1,2,0,2,3,1,1,,3,20,0,,2,2,0,1,0,0,1,, -1,1,0,1,50,11,6,2021,20:30,1,92,92036,2,2,0,3,LOUIS ROCHE (AVENUE) (1/45),48.923344,2.321315,20,2,2
202100004131,194Â 357,A01,10,3,1,0,0,-1,-1,2,3,1,2021,79.0,0,0,0,1,3,2,0,,4,BATELIERS (RUE DES),0,,-1,2,0,1,0,0,1,, -1,1,0,8,50,8,12,2021,09:50,1,93,93070,2,1,1,6,BATELIERS (RUE DES),48.9128875649,2.3270982611,9,2,1
202100000958,200Â 038,B01,1,1,1,0,2,0,-1,-1, -1,-1,2021,26.0,3,1,0,2,6,1,1,,4,GAMBETTA (COURS),0,,1,1,0,1,(1),(1),1,, -1,1,0,1,30,12,12,2021,17:51,4,34,34172,2,2,0,3,GAMBETTA (COURS),43.6063751535,3.8721720598,17,3,2
202100019087,167Â 526,A01,1,1,1,5,1,-1,-1,0,0,-1,2021,59.0,3,2,0,2,5,4,1,,3,109,-1,,2,2,0,1,(1),(1),1,, -1,1,0,1,50,14,9,2021,18:15,2,67,67031,2,1,0,3,Rue Principale,48.453414,7.46712,18,2,2
202100012541,179Â 297,A01,10,3,2,3,0,-1,-1,2,3,1,2021,74.0,3,2,0,1,3,20,1,,6,,-1,,2,1,0,1,(1),(1),1,,3,1,0,1,30,19,10,2021,11:40,1,58,58057,2,7,0,6,Place de l'Ã©glise,46.733004,3.183267,11,2,1
202100044307,122Â 468,A01,1,1,2,0,8,0,-1,-1, -1,-1,2021,26.0,1,2,0,2,0,19,1,,4,STADE DE FRANCE (AVENUE DU),0,,2,4,0,1,48,921,1,, -1,1,0,1,50,12,4,2021,14:00,1,93,93066,2,2,0,3,STADE DE FRANCE (AVENUE DU),48.92098,2.36151,14,2,2
202100052471,107Â 924,B01,1,1,1,3,8,0,-1,-1, -1,-1,2021,74.0,1,1,0,2,0,0,0,,3,PASTEUR S2  (AVENUE),0,,1,2,1,2,1,1,1,, -1,1,0,1,50,5,2,2021,11:55,1,93,93048,2,6,0,3,PASTEUR S2  (AVENUE),48.869153233,2.4325352778,11,2,2
202100042303,126Â 010,B01,1,1,1,0,1,0,-1,0,0,-1,2021,51.0,1,2,0,2,3,1,1,,7,,0,,3,4,0,1,(1),(1),1,, -1,1,0,1,50,19,4,2021,13:37,1,63,63113,2,2,0,3,CLEMENTEL (BD ETIENNE),45.8096622067,3.1094214517,13,2,2
202100045027,121Â 241,B01,1,1,1,5,0,-1,-1,0,0,-1,2021,21.0,1,1,0,2,0,1,5,,4,SEBASTOPOL,0,,2,2,0,1,(1),(1),3,, -1,1,5,1,30,5,4,2021,13:10,1,29,29019,2,6,0,3,Rue SÃ©bastopol,48.4016354766,-4.4671051204,13,2,2
202100044079,122Â 885,A01,1,1,1,5,2,6,-1,0,0,-1,2021,53.0,1,1,13,0,1,1,1,,3,202,-1,,2,2,0,1,0,846,3,, -1,9,0,3,80,14,4,2021,15:50,1,65,65341,1,1,0,7,D 202,43.301118,-0.017917,15,1,1
202100043133,124Â 575,B01,1,1,1,0,2,-1,-1,-1, -1,-1,2021,60.0,2,0,0,2,1,1,3,,4,PROFESSEUR PAUL SANTY (DU)   AL,0,,2,2,0,1,(1),(1),3,, -1,1,0,1,50,21,4,2021,09:05,1,69,69081,2,6,0,3,PROFESSEUR PAUL SANTY (DU) (AV),45.7737494097,4.7727334499,9,3,2
202100048480,115Â 107,A01,1,1,2,1,1,-1,-1,0,0,-1,2021,32.0,1,2,0,0,8,19,1,,3,43,0,,2,2,0,1,12,428,1,, -1,1,5,1,80,12,3,2021,07:00,2,85,85182,1,2,0,3,La Petite Auderie,46.757034,-0.868435,7,2,2
202100034210,140Â 599,B01,4,2,2,0,1,0,-1,-1, -1,-1,2021,17.0,1,2,0,2,0,0,1,,3,EUCALYPTUS (ROUTE DES),0,,2,2,0,2,(1),(1),2,, -1,2,0,1,50,13,6,2021,10:00,1,974,97411,1,1,1,3,EUCALYPTUS (ROUTE DES),-20.88769,55.43451,10,5,2
202100053538,106Â 021,A01,10,3,1,0,0,-1,-1,2,3,1,2021,57.0,0,2,0,1,2,1,1,,3,125,0,D,2,2,0,1,3,480,1,, -1,2,0,1,50,28,1,2021,16:15,1,38,38537,2,1,1,6,Rue des Alpes,45.632511,5.148211,16,2,1
202100044477,122Â 192,A01,10,3,2,5,0,-1,-1,4,3,3,2021,64.0,1,2,0,1,1,1,1,,4,AVENUE DE FLANDRE,0,,3,3,0,1,(1),(1),1,, -1,2,0,1,50,10,4,2021,15:02,1,75,75119,2,2,0,6,AVENUE DE FLANDRE,48.888394,2.374135,15,3,1
202100019471,166Â 833,B01,2,2,1,0,1,-1,-1,-1, -1,-1,2021,31.0,0,2,0,2,8,16,1,,7,JAURES. AVENUE JEAN,0,,2,2,0,1,63,300,1,, -1,1,-1,1,50,10,9,2021,21:17,5,76,76319,2,2,0,3,Avenue Jean JaurÃ¨s,49.34824,0.99269,21,3,2
202100026341,154Â 609,A01,3,2,2,0,8,0,-1,-1, -1,-1,2021,23.0,1,2,0,2,7,1,0,,3,PARIS (R DE),0,,-1,4,1,1,0,0,1,, -1,1,0,1,30,30,7,2021,00:23,5,94,94018,2,1,0,3,PARIS (R DE),48.82821,2.40328,0,4,2
202100009988,183Â 846,B01,4,2,2,0,1,0,-1,-1, -1,-1,2021,14.0,1,2,0,2,9,0,0,,1,AUTOROUTE A1,0,,3,6,0,1,31,600,1,, -1,1,0,1,110,1,11,2021,10:15,1,60,60494,1,1,0,4,AUTOROUTE A1,49.116991,2.555607,10,6,4
202100028127,151Â 428,B01,1,1,2,5,1,-1,-1,-1, -1,-1,2021,24.0,2,2,0,2,4,2,1,,3,MENDES FRANCE (BOULEVARD),0,,3,4,0,1,26,237,1,, -1,1,0,1,50,16,7,2021,14:35,1,50,50129,2,1,0,2,MENDES FRANCE (BOULEVARD),49.63442,-1.6257,14,2,2
202100025819,155Â 539,C01,1,1,1,5,1,-1,-1,0,0,-1,2021,37.0,2,2,0,2,1,2,1,,1,71,-1,,3,5,0,2,356,200,1,, -1,1,0,1,-1,1,8,2021,03:05,3,63,63311,1,1,0,4,A71 PR 356+200 SENS RIOM/PARIS,46.0464214752,3.1124632444,3,7,3
202100031959,144Â 618,A01,1,1,1,0,2,0,-1,-1, -1,-1,2021,60.0,2,1,15,0,1,0,1,,3,ROUTE DEPARTEMENTALE 13,0,,2,2,0,2,5,0,3,, -1,1,0,3,70,27,6,2021,01:20,5,972,97213,1,1,0,6,ROUTE DEPARTEMENTALE 13,14.6344,-61.01411,1,1,1
202100012155,179Â 996,A01,10,3,2,0,0,-1,-1,3,3,-1,2021,45.0,1,2,0,1,1,1,1,,4,VILLE HALLUARD (RUE DE LA),0,,2,2,0,1,(1),(1),1,, -1,1,0,1,50,13,10,2021,17:15,1,44,44184,2,3,0,6,VILLE HALLUARD (RUE DE LA),47.28496,-2.20667,17,2,1
202100036106,137Â 142,A01,2,2,1,9,2,8,-1,-1, -1,-1,2021,30.0,1,1,0,2,1,26,1,,3,MOULIN DE SAQUET (AV DU),0,,2,4,0,2,48,787,1,, -1,1,0,1,50,6,6,2021,00:40,5,94,94076,2,5,0,3,Avenue du Moulin de Saquet,48.78857,2.37533,0,3,2
202100025944,155Â 310,A01,1,1,1,5,1,-1,-1,0,0,-1,2021,51.0,2,2,0,2,4,19,1,,3,759,0,,2,2,0,2,4,350,4,, -1,2,0,1,50,3,8,2021,12:45,1,86,86026,1,1,1,2,Lieu Dit le Grand Poncay,47.065951,0.163659,12,2,2
202100051460,109Â 716,A01,10,3,1,0,0,-1,-1,4,3,1,2021,91.0,2,2,0,1,3,15,1,,3,19,0,,1,1,0,1,0,0,1,, -1,1,5,1,50,13,2,2021,09:51,1,92,92024,2,2,0,6,VICTOR HUGO (BD),48.8979192563,2.3112971988,9,2,1
202100034346,140Â 340,A01,1,1,1,5,2,-1,-1,0,0,-1,2021,73.0,2,1,0,0,4,23,6,,3,724,0,,2,2,0,1,47,200,1,, -1,1,0,1,80,16,6,2021,09:10,2,56,56204,2,1,1,1,La Ville Bretonne,47.918514,-2.727292,9,3,2
202100035931,137Â 463,A01,1,1,1,5,2,6,-1,0,0,-1,2021,53.0,2,1,3,0,9,17,1,,3,RD5 ANTOINE DE ST EXUPERY,0,,2,3,0,2,13,930,3,, -1,1,0,3,90,6,6,2021,18:45,1,12,12013,1,1,0,6,RD5 ANTOINE DE ST EXUPERY,44.51758,2.24406,18,1,1
202100047777,116Â 351,A01,10,3,2,3,0,-1,-1,3,3,1,2021,76.0,1,2,0,1,2,1,1,,4,,0,,1,2,0,1,(1),(1),1,, -1,1,0,1,50,15,3,2021,10:50,1,69,69264,2,1,0,6,PAUL BERT (R),45.98969,4.71586,10,2,1
202100042652,125Â 392,A01,2,2,2,0,8,-1,-1,0,0,-1,2021,26.0,1,2,8,0,1,1,1,,3,903,-1,,2,2,0,1,(1),(1),1,, -1,1,9,1,70,25,4,2021,20:13,1,74,74158,1,1,0,6,route du pays de la cÃ´te,46.248932,6.3324,20,2,1
202100049103,113Â 984,A01,3,2,1,9,1,0,-1,-1, -1,-1,2021,0.0,2,2,6,0,2,14,1,,4,HAGET (RUE),0,,2,2,0,1,0,0,1,, -1,1,0,1,30,5,3,2021,09:00,1,32,32013,2,1,0,6,HAGET (RUE),43.6523,0.5999,9,3,1
202100034118,140Â 775,B01,1,1,1,-1,2,-1,-1,-1, -1,-1,2021,29.0,-1,1,0,0,0,-1,-1,,3,CHANZY S3 (BOULEVARD),0,,1,1,1,1,1,0,1,, -1,1,9,5,50,16,6,2021,18:30,1,93,93048,2,1,0,3,CHANZY S3 (BOULEVARD),48.859241,2.425198,18,2,2
202100026880,153Â 669,B01,7,2,1,1,1,-1,-1,0,0,-1,2021,7.0,2,2,15,2,1,1,1,,3,D52,-1,,2,2,0,1,(1),(1),1,,4,1,0,1,50,27,7,2021,15:00,1,63,63071,2,2,0,3,Rue des Pres Verts,45.765607,2.900521,15,6,2
202100006913,189Â 410,B01,1,1,1,0,1,-1,-1,-1, -1,-1,2021,58.0,1,2,0,2,4,23,2,,4,JEAN JAURES      (Rue),0,,2,2,2,1,(1),(1),1,, -1,1,0,1,50,21,11,2021,04:08,5,69,69266,2,2,0,2,JEAN JAURES (R),45.7566,4.8791,4,2,2