Num_Acc,id_vehicule,num_veh,place,catu,sexe,trajet,secu1,secu2,secu3,locp,actp,etatp,year_acc,victim_age,senc,catv,obs,obsm,choc,manv,motor,occutc,catr,voie,v1,v2,circ,nbv,vosp,prof,pr,pr1,plan,lartpc,larrout,surf,infra,situ,vma,jour,mois,an,hrmn,lum,dep,com,agg_,int,atm,col,adr,lat,long,hour,nb_victim,nb_vehicules
202100000259,201Â 264,A01,1,1,1,5,1,0,-1,0,0,-1,2021,70.0,1,2,4,0,1,1,1,,3,PLAN (ROUTE DU) -D304-,0,,2,2,0,1,0,288,1,, -1,1,0,1,50,23,12,2021,18:44,5,6,6069,1,1,0,6,PLAN (ROUTE DU) -D304-,43.6521919,6.9475085,18,1,1
202100022437,161Â 533,C01,1,1,1,1,1,0,-1,-1, -1,-1,2021,27.0,2,2,0,2,4,2,1,,3,RD 213,0,,1,1,0,1,13,369,1,, -1,1,0,1,90,24,8,2021,17:29,1,44,44184,1,1,0,4,RD 213,47.28752,-2.24708,17,3,3
202100040942,128Â 438,B01,1,1,2,5,1,0,-1,-1, -1,-1,2021,52.0,1,2,0,2,6,1,1,,3,RD 6161 - Rocade Ouest,0,,2,2,0,2,(1),(1),3,, -1,1,0,1,70,7,5,2021,16:35,1,11,11069,2,1,0,2,RD 6161 - Rocade Ouest,43.22402,2.32738,16,2,2
202100051208,110Â 143,A01,1,1,2,1,1,-1,-1,0,0,-1,2021,29.0,1,2,0,0,7,2,1,,3,112,0,,2,2,0,1,7,600,1,, -1,1,0,8,80,18,2,2021,17:30,1,54,54108,1,1,0,6,D112,48.5778564333,6.2687301636,17,1,1
202100041446,127Â 519,A01,1,1,2,5,1,-1,-1,0,0,-1,2021,75.0,2,2,0,2,1,13,1,,3,250,-1,,2,2,0,1,15,10,1,, -1,1,0,1,30,5,5,2021,11:30,1,33,33492,2,3,0,1,119 avenue du gÃ©nÃ©ral de gaulle,45.139986,-0.410102,11,3,2
202100003365,195Â 748,B01,1,1,1,5,2,-1,-1,0,0,-1,2021,58.0,1,1,0,2,8,2,5,,3,408,0,,2,2,0,1,12,600,1,, -1,1,0,1,90,6,12,2021,13:45,1,77,77103,1,1,0,3,RD 408 pk 12+600 sens Nangis,48.543376,2.801256,13,2,2
202100019875,166Â 114,A01,1,1,1,5,8,-1,-1,-1, -1,-1,2021,21.0,1,1,0,2,3,1,5,,4,RUE JUDAIQUE,0,,1,1,1,1,(1),(1),1,, -1,2,0,1,50,8,9,2021,11:10,1,33,33063,2,3,1,3,Rue Judaique,44.84135,-0.58507,11,2,2
202100000539,200Â 742,A01,2,2,2,9,8,0,-1,-1, -1,-1,2021,35.0,3,2,8,0,1,16,1,,4,ALPHASIS (AVENUE D'),0,,2,2,0,1,(1),(1),3,, -1,1,0,4,50,9,11,2021,16:45,1,35,35278,2,6,0,6,ALPHASIS (AVENUE D'),48.1534,-1.69652,16,2,1
202100001789,198Â 595,A01,2,2,2,5,1,-1,-1,0,0,-1,2021,10.0,1,2,0,2,2,1,1,,3,125,0,,2,2,0,3,(1),(1),1,, -1,1,0,1,80,24,12,2021,13:30,1,50,50633,1,2,0,3,Route de Pepinvast,49.630469,-1.320881,13,4,2
202100036661,136Â 182,A01,1,1,2,0,1,0,-1,-1, -1,-1,2021,26.0,3,2,14,2,1,26,1,,3,BREMENT (RUE DE) 109 A 235 - 110 A ...,0,,3,2,0,1,0,1,1,, -1,1,0,1,50,27,5,2021,23:05,5,93,93053,2,3,0,3,Rue de BrÃ©ment / Rue de Montreuil Ã  Claye,48.88676,2.47034,23,2,2
202100025857,155Â 465,B01,1,1,2,5,8,-1,-1,0,0,-1,2021,52.0,2,1,0,0,4,23,1,,3,114,-1,,2,2,0,1,0,1,1,, -1,1,0,1,50,24,3,2021,12:10,1,38,38269,2,3,0,2,Rue du Breuil,44.906469,5.787842,12,2,2
202100038601,132Â 640,A01,2,2,2,5,2,8,-1,-1, -1,-1,2021,36.0,1,1,0,2,1,1,1,,4,ARAGO (FRANCOIS),0,,2,2,0,1,(1),(1),1,, -1,2,9,1,50,22,5,2021,19:20,5,973,97302,2,2,1,3,ARAGO (FRANCOIS),4.9387860494,-52.3317374289,19,3,2
202100047863,116Â 207,A01,1,1,1,1,2,6,9,0,0,-1,2021,37.0,0,1,0,2,1,0,1,,3,62,0,D,3,4,0,1,2,400,1,, -1,1,0,1,110,16,3,2021,16:10,1,34,34154,1,1,0,2,D62,43.552436,3.996449,16,2,2
202100019503,166Â 770,A01,10,3,2,5,0,-1,-1,3,3,1,2021,77.0,1,2,0,1,1,1,1,,4,ESPALION (ROUTE D'),0,,2,2,0,2,(1),(1),1,, -1,1,0,1,50,9,9,2021,15:00,1,12,12176,2,1,0,6,ESPALION (ROUTE D'),44.36603,2.58612,15,2,1
202100042804,125Â 148,A01,1,1,2,0,2,8,-1,-1, -1,-1,2021,51.0,1,1,0,0,8,1,1,,3,BADUEL (ROUTE DE),0,,2,2,0,1,3,500,1,, -1,2,0,1,50,23,4,2021,16:52,1,973,97302,2,1,1,7,BADUEL (ROUTE DE),4.9288986486,-52.2998392582,16,1,1
202100048039,115Â 873,A01,1,1,2,9,8,0,-1,0,0,-1,2021,45.0,2,1,1,0,7,14,1,,4,RUE DU FAUBOURG SAINT MARTIN,0,,2,2,0,1,(1),(1),1,, -1,2,0,1,50,14,3,2021,14:00,1,75,75110,2,3,0,6,RUE DU FAUBOURG SAINT MARTIN,48.879245,2.362901,14,1,1
202100030467,147Â 310,C01,1,1,1,3,1,-1,-1,0,0,-1,2021,90.0,0,2,0,2,8,19,1,,3,6,-1,,2,2,0,1,40,219,1,,7,1,0,1,80,6,7,2021,09:00,1,31,31135,2,2,0,4,126 Chemin des Vignes,43.22769,1.083205,9,3,3
202100041769,126Â 951,A01,10,3,2,9,0,-1,-1,2,3,1,2021,50.0,1,2,0,1,1,14,1,,4,PLANCHES (CHEMIN DES),0,,2,2,0,1,0,0,3,, -1,1,0,1,50,13,4,2021,12:40,1,61,61001,2,1,0,6,PLANCHES (CHEMIN DES),48.43207,0.07471,12,2,1
202100044915,121Â 439,B01,1,1,1,9,2,8,-1,-1, -1,-1,2021,20.0,3,1,0,2,1,17,1,,4,,0,,2,2,0,1,(1),(1),1,, -1,1,0,1,50,4,4,2021,18:25,1,85,85194,2,1,0,3,GAULLE (AVENUE CHARLES DE),46.50821,-1.76948,18,2,2
202100034679,139Â 737,A01,1,1,2,5,1,5,-1,0,0,-1,2021,54.0,0,2,12,2,1,5,1,,3,86,0,D,2,2,0,1,75,150,1,, -1,1,0,1,50,13,6,2021,18:00,1,7,7181,2,1,0,1,15 Quai Rene Revollat,44.759861,4.750814,18,2,2
202100017949,169Â 544,B01,1,1,2,3,1,-1,-1,0,0,-1,2021,24.0,1,2,0,2,4,2,1,,3,158,-1,,2,2,0,1,4,825,3,, -1,1,0,1,70,20,9,2021,10:30,1,89,89453,1,1,0,2,D158,47.792245,3.523739,10,2,2
202100047495,116Â 864,D01,1,1,2,5,1,0,-1,-1, -1,-1,2021,22.0,2,2,0,2,3,1,1,,3,GARE (RUE DE LA),0,,2,2,0,4,10,760,1,, -1,1,0,1,50,17,3,2021,17:15,1,57,57221,2,1,0,5,GARE (RUE DE LA),49.32824,6.11697,17,4,4
202100029557,148Â 957,A01,1,1,1,5,2,6,-1,0,0,-1,2021,29.0,1,1,0,2,3,3,1,,1,A4,0,,3,4,0,1,5,400,1,, -1,1,0,1,110,11,7,2021,17:15,1,75,75112,1,1,0,2,A4,48.82025,2.4606,17,2,2
202100008533,186Â 483,A01,1,1,1,5,1,-1,-1,0,0,-1,2021,76.0,0,2,2,0,2,1,1,,7,3,0,M,2,2,0,1,12,950,1,, -1,1,0,1,80,12,11,2021,10:15,1,42,42262,2,1,0,6,Route de Firminy,45.403561,4.188634,10,1,1
202100026269,154Â 746,B01,2,2,2,0,1,0,-1,-1, -1,-1,2021,19.0,3,2,0,2,3,1,1,,4,PONT SAINT COME (RUE DU),0,,2,2,0,1,(1),(1),1,, -1,1,2,1,50,30,7,2021,06:45,1,78,78401,2,9,0,1,PONT SAINT COME (RUE DU),49.00173,1.90789,6,3,2
202100013521,177Â 559,A01,1,1,2,5,2,6,-1,-1, -1,-1,2021,54.0,2,1,0,0,8,21,1,,3,RD 31 VERS LAVAL,0,,2,2,0,1,0,0,2,, -1,1,5,1,90,10,10,2021,17:50,1,53,53054,1,6,0,7,RD 31 VERS LAVAL,48.114989,-0.853804,17,1,1
202100020837,164Â 396,B01,1,1,1,5,2,6,-1,-1, -1,-1,2021,56.0,2,1,0,2,2,2,1,,3,LANDAU (ROND-POINT DE),0,,1,2,0,1,29,700,1,, -1,1,0,1,50,4,9,2021,08:15,1,67,67180,2,6,1,3,LANDAU (ROND-POINT DE),48.82178,7.79148,8,2,2
202100044134,122Â 786,B01,1,1,2,4,1,0,-1,-1, -1,-1,2021,44.0,1,2,0,2,4,15,1,,4,CONSEIL DES QUINZE (RUE DU),0,,2,4,1,1,0,0,1,, -1,1,0,1,50,9,4,2021,07:35,2,67,67482,2,3,0,2,CONSEIL DES QUINZE (RUE DU),48.590625,7.782041,7,2,2
202100027683,152Â 232,A01,1,1,1,1,1,8,-1,-1, -1,-1,2021,22.0,1,2,0,2,1,1,1,,2,RN3 (3),0,,1,3,0,2,62,0,1,, -1,1,0,1,110,21,7,2021,07:50,1,974,97416,1,1,0,2,RN3 (3),-21.33078,55.46822,7,2,2
202100035904,137Â 511,B01,1,1,1,5,2,8,-1,-1, -1,-1,2021,24.0,2,1,0,2,7,1,1,,4,HINGAIR ( CHEMIN DU ),0,,2,2,0,4,(1),(1),3,, -1,1,0,1,30,5,6,2021,15:55,1,56,56083,2,4,0,3,HINGAIR ( CHEMIN DU ),47.807,-3.28361,15,2,2
202100053556,105Â 989,A01,1,1,1,0,2,8,-1,-1, -1,-1,2021,46.0,1,1,0,2,1,1,1,,2,ROUTE NATIONALE 1,0,,1,1,0,1,3,500,1,, -1,1,0,1,90,26,1,2021,14:15,1,973,97302,1,1,0,2,ROUTE NATIONALE 1,4.90411,-52.32388,14,2,2
202100010296,183Â 300,A01,1,1,1,5,2,0,-1,-1, -1,-1,2021,33.0,3,0,0,2,1,5,1,,4,DUSOUICH (R),0,,1,1,0,1,(1),(1),1,, -1,1,0,1,50,19,10,2021,19:55,5,62,62498,2,3,0,3,DUSOUICH (R),50.437244,2.838592,19,2,2
202100038247,133Â 280,A01,1,1,2,0,1,-1,-1,0,0,-1,2021,60.0,2,2,4,0,3,11,1,,1,8,0,A,1,5,0,2,76,200,1,, -1,1,0,1,130,27,5,2021,11:00,1,83,83023,1,1,0,6,autoroute A8 pk 76+200,43.4192236431,6.0911462136,11,1,1
202100007082,189Â 101,A01,2,2,2,5,2,6,-1,0,0,-1,2021,33.0,3,6,0,0,2,16,1,,4,,-1,,2,1,0,1,(1),(1),3,,3,6,0,8,-1,21,11,2021,14:39,1,14,14241,1,1,1,7,Lieu Dit les Gouix,49.072507,-0.621269,14,2,1
202100012816,178Â 813,A01,1,1,1,0,2,6,-1,-1, -1,-1,2021,26.0,1,1,0,1,0,17,1,,4,RTE DES TEMPLIERS,0,,2,2,0,1,0,0,1,, -1,1,9,1,30,13,10,2021,18:00,1,91,91425,2,9,0,6,RTE DES TEMPLIERS,48.64732,2.26536,18,2,1
202100047779,116Â 347,B01,1,1,1,0,8,0,-1,-1, -1,-1,2021,48.0,2,1,0,2,2,1,5,,4,ROMAINS (ROUTE DES),0,,2,4,1,1,(1),(1),1,, -1,1,0,5,50,15,3,2021,07:45,1,67,67482,2,3,0,3,ROMAINS (ROUTE DES),48.579166,7.712935,7,2,2
202100000006,201Â 752,B01,1,1,1,2,0,-1,-1,0,0,-1,2021,12.0,2,1,0,0,5,1,5,,4,,-1,,2,2,0,1,(1),(1),1,,4,1,0,1,50,23,11,2021,11:10,1,68,68004,2,3,0,2,Rue Charles Edouard Amiot,47.614239,7.234336,11,2,2
202100033428,142Â 019,A01,10,3,1,5,0,-1,-1,2,3,1,2021,47.0,0,2,0,1,1,1,1,,4,CHAUSSEE LA MUETTE,0,,2,4,0,1,(1),(1),1,, -1,2,0,1,50,17,6,2021,23:30,5,75,75116,2,5,1,6,CHAUSSEE LA MUETTE,48.858314,2.272618,23,2,1
202100005492,191Â 977,B01,2,2,2,9,2,6,-1,-1, -1,-1,2021,13.0,2,1,0,2,4,1,1,,4,SAVOIES (RUE DES),0,,2,2,0,1,0,1,1,, -1,1,0,1,50,25,11,2021,20:15,5,74,74012,1,1,0,2,SAVOIES (RUE DES),46.18464,6.24286,20,3,2
202100027899,151Â 841,A01,1,1,1,0,2,0,-1,-1, -1,-1,2021,21.0,2,1,0,2,1,2,1,,4,LOUIS BLANC (QUAI),0,,2,2,0,1,0,0,1,, -1,1,0,1,50,19,7,2021,20:15,1,72,72181,2,1,0,2,LOUIS BLANC (QUAI),48.01143,0.19749,20,2,2
202100013504,177Â 591,B01,1,1,2,0,2,0,-1,-1, -1,-1,2021,16.0,2,1,0,2,8,1,0,,3,RD810,0,,2,3,0,1,28,200,1,, -1,1,5,1,50,13,10,2021,08:05,2,64,64545,2,1,0,1,RD810,43.37558,-1.67756,8,2,2
202100028449,150Â 863,A01,1,1,1,0,1,-1,-1,-1, -1,-1,2021,28.0,1,2,0,2,3,16,1,,4,JULES CARTERET                      (BD),0,,2,2,0,1,(1),(1),3,, -1,1,0,1,50,17,7,2021,06:20,1,69,69387,2,2,0,3,JULES CARTERET                      (BD),45.72586,4.84056,6,2,2
202100028436,150Â 887,B01,1,1,1,5,1,4,-1,-1, -1,-1,2021,37.0,2,2,4,2,4,2,1,,1,6B,0,,1,3,0,1,4,0,1,, -1,1,0,1,90,18,7,2021,16:00,1,94,94038,1,1,0,4,AUTOROUTE A6B,48.7821629733,2.3468914366,16,4,3
202100052710,107Â 515,B01,1,1,1,1,2,0,-1,-1, -1,-1,2021,28.0,1,1,0,2,4,1,1,,3,1,0,,2,2,0,1,0,0,1,, -1,1,0,8,50,2,2,2021,20:10,5,92,92012,2,1,0,2,QUATRE SEPTEMBRE (QUAI DU),48.84628,2.22697,20,2,2
202100024306,158Â 223,B01,2,2,1,1,1,0,-1,0,0,-1,2021,56.0,2,2,0,2,5,1,1,,4,PORTE DE CHARENTON,0,,1,4,0,1,34,200,1,, -1,1,0,1,70,13,8,2021,14:20,1,75,75112,2,4,0,5,PORTE DE CHARENTON,48.828999,2.400134,14,8,5
202100053686,105Â 773,A01,1,1,2,0,1,8,-1,-1, -1,-1,2021,29.0,1,2,0,2,5,1,1,,1,A7-Sens Lyon vers Marseille,0,,1,3,0,1,265,300,1,, -1,1,0,1,90,26,1,2021,10:00,1,13,13071,1,1,0,2,A7-Sens Lyon vers Marseille,43.4089836588,5.286102891,10,2,2
202100055218,103Â 117,A01,10,3,2,1,0,-1,-1,4,3,1,2021,30.0,2,3,0,1,1,15,3,1.0,4,RUE DE RIVOLI,0,,2,4,3,1,(1),(1),1,, -1,1,-1,6,50,12,1,2021,09:40,1,75,75101,2,3,0,6,RUE DE RIVOLI,48.86151,2.339149,9,2,1
202100046065,119Â 409,B01,2,2,1,0,1,0,-1,-1, -1,-1,2021,49.0,2,1,0,2,5,1,1,,2,RN4 - SECTION RIVIERA,0,,2,2,0,1,(1),(1),4,, -1,1,5,1,70,27,3,2021,20:20,5,971,97113,1,1,0,3,RN4 - SECTION RIVIERA,16.21759,-61.49429,20,3,2
202100048460,115Â 139,A01,1,1,1,0,2,-1,-1,0,0,-1,2021,66.0,1,1,0,2,2,2,1,,3,126,-1,,2,2,0,1,4,2,1,, -1,1,0,1,80,11,3,2021,15:45,1,40,40133,1,1,0,2,Route du Lac d'Yrieux,43.581887,-1.430862,15,2,2
202100044278,122Â 521,A01,1,1,1,9,2,-1,-1,-1, -1,-1,2021,27.0,2,1,0,2,1,1,1,,4,CRS DE LA MARNE,0,,2,3,3,2,(1),(1),1,, -1,1,0,1,50,12,4,2021,14:45,1,33,33063,2,3,0,3,Cours de la Marne,44.82983,-0.56804,14,2,2
202100049807,112Â 718,A01,1,1,1,5,2,6,-1,0,0,-1,2021,24.0,1,1,7,0,8,1,1,,2,164,-1,,2,2,0,1,19,200,4,, -1,1,8,1,50,28,2,2021,18:00,1,29,29102,1,1,0,6,N164 - Pont Ar Stang,48.2205823951,-3.736419726,18,1,1
202100016171,172Â 735,A01,1,1,1,1,2,8,-1,-1, -1,-1,2021,22.0,3,1,0,2,1,17,1,,4,MONTJOYEUX (AVENUE),0,,2,2,0,1,(1),(1),2,, -1,1,5,1,50,28,9,2021,07:25,1,37,37261,2,1,0,6,MONTJOYEUX (AVENUE),47.3605698107,0.7053723449,7,2,2
202100034304,140Â 419,A01,10,3,2,5,8,8,-1,6,3,2,2021,54.0,1,2,0,1,3,1,1,,2,RN 43,0,,1,2,0,1,0,0,1,, -1,1,3,1,70,15,6,2021,12:15,1,8,8105,2,1,1,6,RN 43,49.73716,4.71589,12,2,1
202100042766,125Â 203,A01,10,3,1,5,0,-1,-1,1,5,1,2021,11.0,2,5,0,1,2,1,1,,2,78,-1,,1,2,0,1,13,250,1,, -1,1,0,1,70,24,4,2021,20:10,2,95,95353,2,1,0,6,RN 1,49.0845523599,2.3134918031,20,2,1
202100046294,119Â 030,A01,1,1,1,4,8,-1,-1,0,0,-1,2021,25.0,1,5,4,0,0,0,1,,2,205,-1,,1,2,0,2,10,400,4,, -1,2,0,1,70,27,3,2021,08:25,1,74,74143,1,1,1,6,RN 205,45.898939,6.783435,8,1,1
202100052571,107Â 754,A01,10,3,1,2,0,-1,-1,3,5,2,2021,9.0,2,1,0,1,7,1,5,,4,RUE ALEXANDRE PARODI,0,,1,1,0,1,(1),(1),1,, -1,1,0,1,50,4,2,2021,13:40,1,75,75110,2,3,0,6,RUE ALEXANDRE PARODI,48.879798,2.365527,13,2,1
202100030363,147Â 490,B01,1,1,2,0,2,8,-1,0,0,-1,2021,25.0,1,1,0,2,8,0,1,,4,HEUBACH (RUE DE),0,,-1,2,0,1,(1),(1),1,, -1,1,0,1,50,5,7,2021,17:30,1,54,54304,2,1,0,3,HEUBACH (RUE DE),48.681815164,6.1481257793,17,2,2
202100013875,176Â 899,C01,1,1,2,0,1,0,-1,-1, -1,-1,2021,53.0,0,2,0,2,4,0,1,,3,RD700,0,,3,4,0,1,1,0,1,, -1,2,0,1,90,10,9,2021,08:45,1,22,22360,1,1,1,4,RD700,48.4837545433,-2.7653961166,8,3,3
202100018479,168Â 599,A01,1,1,1,0,1,-1,-1,0,0,-1,2021,25.0,2,2,0,2,1,2,1,,1,42,-1,,1,5,3,1,10,300,1,, -1,1,0,1,110,18,9,2021,06:45,1,1,1043,1,1,0,2,A42,45.823128,5.00004,6,2,2
202100048963,114Â 230,B01,1,1,1,9,2,8,-1,0,0,-1,2021,45.0,0,1,0,2,3,1,1,,4,PLACE DE LA CONCORDE,0,,2,0,0,1,(1),(1),1,, -1,1,0,1,50,6,3,2021,20:00,1,75,75108,2,7,0,3,PLACE DE LA CONCORDE,48.866589762,2.3219722509,20,2,2
202100011243,181Â 635,B01,1,1,1,5,2,0,-1,0,0,-1,2021,26.0,1,1,0,2,1,1,5,,4,BOULEVARD SAINT DENIS,0,,2,5,1,1,(1),(1),1,, -1,1,-1,5,30,24,10,2021,06:15,5,75,75110,2,2,0,3,BOULEVARD SAINT DENIS,48.869319,2.354299,6,2,2
202100045581,120Â 256,B01,1,1,1,0,2,0,-1,0,0,-1,2021,27.0,1,1,0,2,1,0,1,,4,MOTHE (RUE DE LA),0,,2,3,0,1,(1),(1),1,, -1,1,0,1,50,1,4,2021,18:20,1,54,54395,2,2,0,3,MOTHE (RUE DE LA),48.68993,6.20032,18,2,2
202100043047,124Â 729,A01,2,2,2,0,1,0,-1,-1, -1,-1,2021,35.0,1,2,8,0,1,26,1,,4,BERTHAUCOURT (RUE DE),0,,2,0,0,2,0,0,3,, -1,1,0,4,50,22,4,2021,02:00,5,8,8105,2,1,0,6,BERTHAUCOURT (RUE DE),49.76082,4.74111,2,2,1
202100021781,162Â 691,A01,1,1,1,9,2,6,-1,-1, -1,-1,2021,23.0,2,1,0,0,7,1,1,,3,CADRE NOIR (PONT DU) N 347,0,,1,1,0,2,21,700,3,, -1,1,3,1,50,28,8,2021,15:53,1,49,49328,2,1,0,7,CADRE NOIR (PONT DU) bretelle,47.26505,-0.09246,15,1,1
202100002306,197Â 665,A01,1,1,1,1,1,-1,-1,0,0,-1,2021,45.0,1,2,13,0,2,1,1,,3,66,-1,,2,2,0,4,1,20,3,, -1,7,0,3,80,20,12,2021,08:00,3,82,82113,1,1,1,6,"""Clairette""",44.169792,1.376011,8,1,1
202100030671,146Â 931,A01,1,1,1,5,2,-1,-1,0,0,-1,2021,61.0,3,1,0,0,3,1,1,,3,8,-1,,2,2,0,1,(1),(1),1,, -1,2,0,1,50,4,7,2021,10:15,1,22,22070,2,1,0,7,rue du marÃ©chal joffre,48.563811,-3.151998,10,1,1
202100016525,172Â 092,A01,10,3,2,3,0,-1,-1,3,3,2,2021,14.0,1,2,0,1,1,1,1,,4,FARADAY (RUE),0,,2,1,0,1,(1),(1),1,, -1,1,0,1,50,23,9,2021,17:25,1,52,52121,2,1,0,6,2 Rue Faraday,48.0911,5.13867,17,3,1
202100053744,105Â 671,A01,3,2,1,5,8,0,-1,0,0,-1,2021,2.0,2,3,0,0,0,7,1,3.0,4,AVENUE GAMBETTA,0,,2,3,3,2,(1),(1),1,, -1,1,-1,6,50,25,1,2021,17:00,1,75,75120,2,3,0,7,AVENUE GAMBETTA,48.86468,2.394555,17,3,1
202100030733,146Â 826,Z01,2,2,2,0,8,0,-1,-1, -1,-1,2021,26.0,2,1,0,0,0,0,1,,3,MADELEINE (ROUTE DE LA),0,,2,2,0,1,1,731,1,, -1,1,0,1,50,29,6,2021,07:55,1,973,97302,2,1,0,6,MADELEINE (ROUTE DE LA),4.9265827263,-52.3244739384,7,2,1
202100035912,137Â 498,B01,1,1,1,9,1,0,-1,-1, -1,-1,2021,42.0,1,2,0,2,2,1,1,,4,DROITS DE L'HOMME (AVENUE DES ),0,,3,4,0,1,(1),(1),1,, -1,1,0,1,50,7,6,2021,07:15,1,45,45234,2,3,0,3,Avenue des Droits de lâHomme,47.92322,1.9319,7,2,2
202100030376,147Â 468,A01,2,2,2,0,1,-1,-1,-1, -1,-1,2021,16.0,1,2,0,2,7,19,1,,4,MAGINOT (AVENUE SERGENT),0,,2,1,3,1,(1),(1),1,, -1,2,6,1,50,5,7,2021,11:59,1,35,35238,2,7,1,3,MAGINOT (AVENUE SERGENT),48.11,-1.66,11,3,2
202100011689,180Â 834,A01,10,3,2,0,0,-1,-1,4,3,1,2021,70.0,2,2,0,1,1,16,1,,3,42,-1,,2,1,0,1,5,400,3,, -1,1,0,1,50,21,10,2021,07:55,2,30,30060,2,6,0,6,RD 42,43.790058,4.387177,7,2,1
202100004770,193Â 258,B01,1,1,1,0,1,-1,-1,-1, -1,-1,2021,35.0,2,2,0,2,2,1,1,,4,AVE CARNOT,0,,3,2,0,2,(1),(1),2,, -1,2,0,1,50,3,12,2021,03:20,5,33,33119,2,1,0,1,Avenue Carnot,44.86295,-0.53,3,2,2
202100008319,186Â 857,A01,1,1,1,3,1,-1,-1,0,0,-1,2021,23.0,2,2,0,2,3,13,1,,3,177,0,,2,2,0,1,2,200,3,, -1,2,0,1,80,13,11,2021,12:00,1,78,78003,1,1,1,1,ROUTE DÃPARTEMENTALE D177,48.505886,1.824138,12,3,2
202100039133,131Â 677,A01,1,1,1,5,2,6,-1,0,0,-1,2021,65.0,1,1,0,2,3,3,1,,4,PORTE DE MONTREUIL,0,,1,4,0,1,31,300,1,, -1,1,0,1,70,20,5,2021,10:10,1,75,75120,2,1,0,5,PORTE DE MONTREUIL,48.851873,2.414958,10,3,3
202100028043,151Â 586,B01,1,1,1,5,1,-1,-1,0,0,-1,2021,75.0,3,2,0,2,1,26,1,,4,210,-1,,2,2,0,2,(1),(1),3,, -1,2,0,1,30,21,7,2021,06:15,1,977,97701,1,1,1,1,"Route de Flamand, quartier Terre neuve",17.91492,-62.855165,6,3,3
202100021621,162Â 984,B01,1,1,1,5,8,-1,-1,-1, -1,-1,2021,57.0,2,1,0,2,1,1,3,,4,ALBERT 1ER (BD),0,,3,2,2,1,(1),(1),3,, -1,1,0,1,50,31,8,2021,11:55,1,35,35238,2,1,0,3,ALBERT 1ER (BD),48.08962,-1.68313,11,3,2
202100016716,171Â 743,A01,1,1,1,5,2,6,-1,0,0,-1,2021,19.0,2,1,0,2,1,13,1,,3,D59,-1,,2,-1,0,1,8,900,1,, -1,2,0,1,50,26,9,2021,07:08,5,35,35297,2,4,1,1,rue louison Bobet,48.184829531,-2.1859121324,7,2,2
202100031406,145Â 615,C01,1,1,1,5,1,0,-1,-1, -1,-1,2021,96.0,1,2,0,2,3,9,1,,2,RN315 Y,0,,3,4,0,2,1,399,3,, -1,1,0,1,90,2,7,2021,13:20,1,92,92036,1,1,0,4,RN315 Y,48.9182648361,2.30736786,13,4,3
202100004224,194Â 199,A01,1,1,1,1,1,0,-1,-1, -1,-1,2021,19.0,2,2,0,2,1,13,1,,2,RN.147,0,,-1,2,0,1,65,750,3,, -1,1,0,1,80,6,12,2021,07:37,2,86,86158,1,1,0,1,N147,46.641685,0.291347,7,2,2
202100010429,183Â 080,B01,7,2,1,5,1,3,-1,0,0,-1,2021,9.0,1,2,4,0,5,1,1,,1,6,0,,3,5,0,1,60,645,1,, -1,2,0,1,130,29,10,2021,20:40,3,77,77477,1,1,1,3,"Autoroute A6, PK 060+800, dans le sens de circulation Paris/province",48.340363,2.5911,20,4,2
202100030313,147Â 579,A01,1,1,1,5,1,-1,-1,-1,0,-1,2021,21.0,2,2,0,2,1,21,1,,2,RN 184,0,,3,4,0,1,4,99,1,, -1,1,0,1,90,7,7,2021,14:00,1,95,95572,1,1,0,2,RN 184,49.03853,2.12434,14,2,2
202100023814,159Â 055,A01,10,3,1,9,0,-1,-1,1,1,1,2021,54.0,2,2,0,1,3,1,1,,3,974,-1,,2,1,0,3,24,800,1,, -1,1,0,1,80,17,8,2021,22:15,3,54,54123,1,1,0,6,RD.974,48.637971,6.13036,22,2,1
202100031190,145Â 984,B01,1,1,1,4,2,6,-1,0,0,-1,2021,34.0,1,1,0,2,1,17,1,,4,RUE FREMICOURT,0,,2,2,0,1,(1),(1),1,, -1,1,0,1,50,3,7,2021,16:41,1,75,75115,2,5,0,3,RUE FREMICOURT,48.847053,2.295932,16,4,2
202100014915,175Â 054,A01,1,1,1,1,2,-1,-1,0,0,-1,2021,17.0,3,1,2,0,0,0,1,,4,VC,-1,,2,2,0,1,(1),(1),1,, -1,1,0,3,30,25,8,2021,23:35,3,17,17219,1,1,0,7,Rue des Martyrs,45.792765,-1.123202,23,1,1
202100008164,187Â 127,A01,1,1,2,5,2,-1,-1,0,0,-1,2021,49.0,1,0,0,0,0,0,3,,3,6,-1,,2,2,0,1,41,700,1,, -1,1,0,4,50,13,11,2021,09:30,1,46,46148,2,1,0,7,Route de Cahors,44.341733,1.543289,9,1,1
202100055443,102Â 751,B01,1,1,1,0,2,6,-1,-1, -1,-1,2021,58.0,2,1,0,2,7,3,1,,2,11 - RT,0,,1,2,0,1,1,0,1,, -1,1,0,1,70,11,1,2021,12:19,1,202,202033,2,1,0,3,11 - RT,42.66698,9.44296,12,2,2
202100025891,155Â 408,A01,1,1,1,5,2,-1,-1,0,0,-1,2021,18.0,2,1,6,0,2,2,1,,3,154,0,D,2,2,0,1,4,346,1,, -1,1,0,1,70,3,8,2021,03:15,3,41,41262,1,1,0,6,Avenue des Ponts dâArian,47.542367,1.511357,3,1,1