Num_Acc,id_vehicule,num_veh,place,catu,sexe,trajet,secu1,secu2,secu3,locp,actp,etatp,year_acc,victim_age,senc,catv,obs,obsm,choc,manv,motor,occutc,catr,voie,v1,v2,circ,nbv,vosp,prof,pr,pr1,plan,lartpc,larrout,surf,infra,situ,vma,jour,mois,an,hrmn,lum,dep,com,agg_,int,atm,col,adr,lat,long,hour,nb_victim,nb_vehicules
202100005936,191Â 183,A01,2,2,1,5,1,0,-1,0,0,-1,2021,20.0,2,2,6,0,2,1,1,,3,REPUBLIQUE (AVENUE DE LA),0,,-1,2,0,2,0,(1),2,, -1,1,0,1,50,20,11,2021,22:20,5,54,54323,2,1,0,6,REPUBLIQUE (AVENUE DE LA),49.518105,5.76334,22,2,1
202100043548,123Â 822,B01,2,2,2,0,2,0,-1,-1, -1,-1,2021,33.0,2,1,0,2,1,1,1,,4,PRADO (AVENUE DU),0,,2,6,3,1,(1),(1),1,, -1,1,0,1,50,18,4,2021,16:25,1,13,13208,2,3,0,3,PRADO (AVENUE DU),43.26376,5.37764,16,3,2
202100012172,179Â 963,B01,1,1,1,0,2,6,-1,0,0,-1,2021,21.0,1,1,0,2,1,1,1,,4,BIANCAMARIA COLONEL ET CAPITAINE AVE,0,,2,2,0,2,(1),(1),1,, -1,1,0,1,50,19,10,2021,07:00,5,201,201004,2,3,0,3,BIANCAMARIA COLONEL ET CAPITAINE AVE,41.93297,8.73741,7,2,2
202100001794,198Â 590,A01,10,3,1,5,0,-1,-1,1,3,1,2021,50.0,1,2,0,1,2,1,1,,7,37,0,,3,2,0,1,5,261,1,, -1,2,2,1,90,23,12,2021,23:15,3,37,37050,1,1,1,6,,47.3274140172,0.6923988461,23,3,1
202100019935,165Â 999,A01,1,1,1,0,2,6,-1,-1, -1,-1,2021,52.0,2,1,0,2,7,17,1,,4,,0,,2,2,0,1,0,0,1,, -1,1,0,1,50,9,9,2021,10:00,1,92,92012,2,3,0,3,ANATOLE FRANCE (BOULEVARD) 1/4BIS,48.8510501646,2.2344883849,10,2,2
202100034397,140Â 255,B01,1,1,2,0,6,2,-1,0,0,-1,2021,25.0,3,1,0,2,2,1,1,,3,929,0,D,2,2,0,1,20,850,1,, -1,1,0,1,50,16,6,2021,15:35,1,60,60439,2,6,1,3,Avenue du 11 Novembre 1918,49.3101488324,2.3267111777,15,2,2
202100000475,200Â 857,A01,2,2,1,5,2,6,-1,-1, -1,-1,2021,14.0,1,1,0,2,1,17,1,,4,VOLTAIRE (BOULEVARD),0,,2,2,0,1,0,0,1,, -1,1,0,1,50,16,6,2021,13:22,1,19,19031,2,3,0,3,VOLTAIRE (BOULEVARD),45.1600699424,1.5406576395,13,3,2
202100035020,139Â 101,A01,10,3,1,3,0,-1,-1,3,3,1,2021,76.0,3,2,0,1,1,26,1,,4,EUZEBY (AVENUE ERNEST),0,,2,2,0,2,0,0,1,, -1,1,9,6,50,11,6,2021,09:05,1,30,30028,2,1,0,6,EUZEBY (AVENUE ERNEST),44.15502,4.61498,9,2,1
202100002886,196Â 611,A01,10,3,2,0,0,-1,-1,3,3,1,2021,49.0,3,2,0,1,2,1,1,,4,LOUP PENDU (DU)                     (AV),0,,2,2,0,1,(1),(1),1,, -1,1,9,1,50,13,12,2021,12:30,1,69,69286,2,1,0,6,LOUP PENDU (DU) (AV),45.8151265995,4.8876312375,12,2,1
202100028720,150Â 386,A01,1,1,1,5,1,-1,-1,0,0,-1,2021,20.0,2,2,2,0,7,14,1,,3,755,0,,2,2,0,2,35,300,3,, -1,1,0,3,80,16,7,2021,19:30,1,85,85242,1,1,1,6,La NarduciÃ¨re,46.851387,-0.953922,19,2,1
202100044758,121Â 713,A01,1,1,1,5,2,-1,-1,0,0,-1,2021,15.0,3,1,0,2,1,1,1,,4,,-1,,2,2,0,2,(1),(1),1,, -1,1,0,1,50,8,4,2021,18:50,1,88,88465,2,2,1,3,Rue Horace Koecklin,48.244822,6.42572,18,2,2
202100012693,179Â 027,B01,1,1,2,0,2,6,-1,-1, -1,-1,2021,30.0,1,1,0,2,1,1,1,,4,,0,,2,2,0,1,0,0,1,, -1,1,0,1,50,16,10,2021,19:40,5,92,92051,2,1,0,3,"VICTOR HUGO (BOULEVARD, NÂ° 9 A 49 ET 16",48.8872097178,2.2787913173,19,3,2
202100026492,154Â 345,Z01,10,3,1,5,8,8,-1,2,2,3,2021,14.0,1,1,0,1,1,1,0,,4,RUE JULIEN LACROIX,0,,2,2,0,2,(1),(1),1,, -1,1,0,1,30,29,7,2021,19:40,1,75,75120,2,2,0,6,RUE JULIEN LACROIX,48.87191,2.38271,19,2,1
202100032469,143Â 736,B01,1,1,1,4,1,-1,-1,-1, -1,-1,2021,31.0,3,2,0,2,1,1,1,,4,EUREXPO (PARC DES EXPOSITIONS)          ,0,,2,6,0,1,(1),(1),1,, -1,1,0,1,50,23,6,2021,09:20,1,69,69271,2,3,0,1,EUREXPO (PARC DES EXPOSITIONS) ,45.7258956853,4.9576663971,9,2,2
202100016087,172Â 890,A01,10,3,2,0,0,-1,-1,3,3,1,2021,11.0,2,2,0,1,3,1,2,,3,RAYMOND POINCARE(RUE),0,,2,2,0,2,0,100,1,, -1,2,0,1,50,29,9,2021,14:50,1,91,91691,2,1,0,6,RAYMOND POINCARE(RUE),48.71875,2.50021,14,4,1
202100014216,176Â 283,A01,10,3,1,5,0,-1,-1,2,3,1,2021,14.0,2,2,0,1,8,1,1,,3,HUIT MAI 1945 (AV DU),0,,2,2,0,1,0,0,1,, -1,1,9,1,50,9,10,2021,18:20,2,94,94058,2,1,0,3,HUIT MAI 1945 (AV DU),48.8488,2.50859,18,2,1
202100015338,174Â 293,A01,1,1,1,1,2,-1,-1,-1, -1,-1,2021,19.0,3,1,0,2,3,2,1,,4,LIBERATION (CRS DE LA),0,,3,2,0,1,(1),(1),1,, -1,2,0,1,50,3,10,2021,13:10,1,33,33522,2,1,1,2,Cours de la LibÃ©ration,44.8065,-0.59181,13,2,2
202100056168,101Â 489,B01,1,1,1,1,2,6,-1,-1, -1,-1,2021,50.0,3,1,0,2,2,2,1,,3,Route de Belle Croix,0,,2,2,0,1,4,823,1,, -1,1,0,1,80,5,1,2021,17:30,2,17,17142,1,3,0,3,Rue du Pont,46.1672,-1.09225,17,2,2
202100030713,146Â 858,A01,2,2,1,0,2,8,-1,-1, -1,-1,2021,16.0,2,1,0,0,2,21,1,,4,TERRE DES CHENES (CHEMIN),0,,-1,2,0,2,0,0,2,, -1,1,0,1,50,3,7,2021,16:55,1,974,97416,1,1,0,7,TERRE DES CHENES (CHEMIN),-21.31878,55.55051,16,2,1
202100041488,127Â 447,A01,10,3,1,0,0,-1,-1,2,1,1,2021,7.0,2,2,0,1,1,15,0,,3,LYAUTEY (DU MARECHAL),0,,2,2,0,1,22,183,1,, -1,1,0,1,50,10,3,2021,15:45,1,78,78551,2,3,0,6,LYAUTEY (DU MARECHAL),48.89498,2.09547,15,2,1
202100033613,141Â 683,A01,2,2,1,0,2,3,-1,-1, -1,-1,2021,4.0,2,1,0,2,8,15,5,,4,ARAGO (RUE),0,,2,2,0,2,(1),(1),1,, -1,1,0,1,50,18,6,2021,16:30,1,21,21231,2,4,0,3,3 Rue dâYork,47.3309957674,5.0590911054,16,3,2
202100035320,138Â 575,B01,1,1,1,9,2,0,-1,0,0,-1,2021,29.0,0,1,0,2,7,1,5,,4,RUE DE CHABROL,0,,2,2,0,2,(1),(1),1,, -1,1,0,1,30,10,6,2021,20:28,2,75,75110,2,2,0,3,RUE DE CHABROL,48.877359,2.349632,20,2,2
202100036983,135Â 593,A01,1,1,1,0,1,0,-1,-1, -1,-1,2021,40.0,1,2,0,2,8,1,1,,4,BAILLE GABRIEL,0,,2,2,0,1,0,0,1,, -1,1,0,1,50,1,6,2021,11:26,1,66,66136,2,3,0,3,BAILLE GABRIEL,42.71754,2.88934,11,2,2
202100043567,123Â 793,A01,1,1,1,0,2,6,-1,-1, -1,-1,2021,58.0,1,1,0,2,3,26,1,,3,ARAGON (AVENUE LOUIS),0,,1,0,0,1,0,0,1,, -1,1,0,1,50,7,4,2021,20:00,1,93,93008,2,1,0,3,ARAGON (AVENUE LOUIS),48.91392,2.438909,20,3,2
202100037518,134Â 603,B01,1,1,2,9,1,-1,-1,0,0,-1,2021,38.0,2,2,0,2,3,0,1,,3,147.7,-1,,-1,1,0,1,1,800,3,, -1,1,0,1,80,30,5,2021,19:30,1,28,28347,1,1,0,1,Le Cornet,48.839801,1.59394,19,2,2
202100017627,170Â 111,A01,1,1,2,0,2,8,-1,-1, -1,-1,2021,73.0,1,1,0,4,7,19,5,,4,JEAN WENGER VALENTIN (RUE),0,,3,6,1,1,0,0,1,, -1,1,4,6,50,20,9,2021,16:00,1,67,67482,2,8,0,3,JEAN WENGER VALENTIN (RUE),48.59964,7.75951,16,2,2
202100042059,126Â 448,A01,1,1,1,4,1,0,-1,0,0,-1,2021,22.0,2,5,0,2,1,2,1,,4,AVENUE DE MARIGNY,0,,2,3,0,1,(1),(1),1,, -1,1,0,1,30,29,4,2021,08:01,1,75,75108,2,4,0,2,AVENUE DE MARIGNY,48.86884,2.314626,8,2,2
202100031823,144Â 871,A01,2,2,1,0,1,-1,-1,-1, -1,-1,2021,32.0,3,2,0,2,1,1,1,,4,BIRMINGHAM (DE)                     (AV),0,,3,4,3,1,(1),(1),1,, -1,1,0,1,50,28,6,2021,16:50,1,69,69384,2,1,0,2,BIRMINGHAM (DE) (AV),45.77447,4.81354,16,4,2
202100053629,105Â 864,A01,1,1,1,9,2,0,-1,0,0,-1,2021,64.0,1,1,0,2,0,21,5,,4,AVENUE VICTORIA,0,,1,2,0,1,(1),(1),1,, -1,1,-1,5,30,26,1,2021,16:45,1,75,75101,2,2,0,7,AVENUE VICTORIA,48.857728,2.347792,16,1,1
202100040277,129Â 612,A01,1,1,1,5,2,6,9,0,0,-1,2021,29.0,1,1,2,0,8,1,1,,3,986,-1,,2,2,0,4,31,400,4,, -1,1,0,3,80,13,5,2021,17:00,1,30,30339,1,1,0,7,D986,44.086367,3.580781,17,2,1
202100035191,138Â 798,A01,1,1,2,0,8,0,-1,-1, -1,-1,2021,47.0,2,1,0,2,1,26,1,,2,RN12,0,,3,4,0,1,26,399,1,, -1,1,0,1,110,11,6,2021,13:25,1,78,78297,1,1,0,5,RN12,48.791367,2.056087,13,6,3
202100001747,198Â 665,B01,1,1,1,9,2,0,-1,0,0,-1,2021,32.0,2,1,0,2,1,19,3,,4,BOULEVARD VOLTAIRE,0,,2,2,1,1,(1),(1),1,, -1,1,0,1,30,22,12,2021,15:00,1,75,75111,2,4,0,3,BOULEVARD VOLTAIRE,48.85291,2.388499,15,2,2
202100006787,189Â 655,B01,1,1,1,1,1,0,-1,-1, -1,-1,2021,19.0,1,2,0,2,1,2,1,,1,A7-Sens Marseille vers Lyon,0,,1,3,0,2,278,0,3,, -1,1,0,1,90,23,11,2021,17:35,3,13,13215,1,1,0,4,A7-Sens Marseille vers Lyon,43.3428121566,5.3763828276,17,4,4
202100012792,178Â 857,A01,1,1,1,5,1,-1,-1,-1,0,-1,2021,51.0,1,2,0,2,2,1,1,,2,RN 184,0,,1,6,0,1,5,99,1,, -1,1,0,1,90,16,10,2021,20:15,3,95,95572,1,1,0,5,RN 184,49.04744,2.13217,20,3,3
202100004891,193Â 047,B01,1,1,1,5,2,6,-1,0,0,-1,2021,19.0,1,1,0,2,1,1,1,,3,261,-1,,2,2,0,1,4,150,1,, -1,1,0,1,70,20,10,2021,16:50,1,64,64304,1,9,0,3,Chemin de l Aiguette,43.493456,-1.395645,16,2,2
202100036647,136Â 203,B01,2,2,2,9,2,0,-1,0,0,-1,2021,28.0,1,1,0,2,4,11,1,,4,QUAI D ISSY LES MOULINEAUX,0,,1,2,0,1,(1),(1),1,, -1,1,0,1,50,3,6,2021,20:05,1,75,75115,2,1,0,2,QUAI D ISSY LES MOULINEAUX,48.836447,2.267481,20,3,2
202100023585,159Â 480,B01,2,2,1,4,1,0,-1,-1, -1,-1,2021,33.0,2,2,0,2,7,15,3,,4,,0,,3,2,3,1,(1),(1),1,, -1,1,5,1,50,18,8,2021,20:10,1,45,45234,2,3,0,3,Avenue de la Mouillere,47.8831548115,1.9094951749,20,5,2
202100002903,196Â 581,A01,10,3,1,3,8,-1,-1,9,1,1,2021,19.0,3,2,0,1,6,20,1,,9,DESGENETAIS LEON (PLACE),0,,-1,0,0,1,0,0,1,, -1,1,9,8,50,13,12,2021,17:10,2,76,76114,2,1,0,6,DESGENETAIS LEON (PLACE),49.57184,0.47084,17,2,1
202100026064,155Â 098,A01,1,1,2,1,0,-1,-1,0,0,-1,2021,18.0,2,1,0,2,7,1,5,,4,0,0,A,2,2,0,2,(1),(1),4,, -1,1,0,1,50,2,8,2021,09:30,1,17,17224,2,3,0,3,4bis Rue du Semblier,45.863223,-0.317338,9,2,2
202100009408,184Â 884,A01,10,3,1,2,8,8,-1,3,3,1,2021,11.0,1,1,0,1,1,1,1,,3,CHANZY (BOULEVARD),0,,3,4,0,1,(1),(1),1,, -1,1,0,8,50,4,11,2021,13:30,1,971,97120,2,1,0,6,CHANZY (BOULEVARD),16.2414,-61.53705,13,2,1
202100051658,109Â 354,B01,1,1,2,4,1,8,-1,-1, -1,-1,2021,53.0,1,5,0,2,4,1,0,,3,ROCADE SUD EST (RD 162),0,,4,5,0,1,8,668,1,, -1,7,0,1,50,12,2,2021,12:15,1,86,86214,1,1,1,2,Rocade Sud Est,46.55182,0.32122,12,2,2
202100026044,155Â 129,B01,1,1,1,5,1,-1,-1,0,0,-1,2021,28.0,1,2,0,2,3,1,1,,3,277,-1,,2,2,0,1,18,350,1,, -1,1,0,1,80,2,8,2021,15:30,1,61,61336,1,1,0,1,D277,48.282172,0.496144,15,4,2
202100046979,117Â 808,A01,1,1,1,5,2,-1,-1,0,0,-1,2021,52.0,2,1,0,0,1,1,1,,3,12,-1,,2,2,0,1,1,100,2,, -1,1,0,3,80,21,3,2021,14:40,1,81,81175,1,1,0,7,RD 12 vidalet 81630,43.95347,1.585862,14,1,1
202100010885,182Â 272,A01,10,3,2,5,8,8,-1,5,2,1,2021,13.0,3,2,0,1,1,16,1,,4,LAC (AVENUE DU),0,,2,4,0,1,(1),(1),1,, -1,1,0,1,30,25,10,2021,16:00,1,62,62617,2,1,0,6,LAC (AVENUE DU),50.476619,2.677968,16,2,1
202100028192,151Â 303,A01,1,1,1,1,2,6,9,0,0,-1,2021,24.0,2,1,0,2,1,2,1,,3,1089,0,D,2,2,0,1,1,910,1,, -1,1,0,1,50,19,7,2021,17:35,1,33,33478,2,1,0,2,La Place,45.011413,0.01194,17,2,2
202100004384,193Â 921,B01,1,1,1,0,2,4,-1,-1, -1,-1,2021,53.0,2,1,0,2,7,3,1,,1,A86 EXT,0,,-1,4,0,1,36,799,1,, -1,2,0,1,90,7,12,2021,19:00,3,94,94046,1,1,1,4,A86 EXT,48.8095837989,2.449221611,19,3,3
202100013885,176Â 878,B01,1,1,1,5,2,0,-1,0,0,-1,2021,47.0,2,1,0,2,3,1,1,,3,D942 A,0,,2,2,0,2,3,220,1,, -1,1,0,1,80,8,10,2021,12:34,1,5,5061,1,3,0,3,D942 A,44.54063,6.09112,12,2,2
202100002713,196Â 925,B01,1,1,1,0,1,0,-1,-1, -1,-1,2021,37.0,2,2,0,2,1,0,1,,1,A7-Sens Marseille vers Lyon,0,,-1,2,0,1,259,0,1,, -1,1,0,1,110,16,12,2021,19:15,1,13,13117,1,1,0,2,A7-Sens Marseille vers Lyon,43.454019,5.237458,19,2,2
202100016357,172Â 396,A01,1,1,2,9,2,0,-1,0,0,-1,2021,34.0,3,1,6,0,8,13,5,,4,BOULEVARD DE BERCY,0,,2,4,1,1,(1),(1),1,, -1,1,0,5,50,28,9,2021,16:50,1,75,75112,2,1,0,6,BOULEVARD DE BERCY,48.8395,2.384897,16,1,1
202100051594,109Â 471,A01,1,1,1,5,8,0,-1,0,0,-1,2021,14.0,1,1,0,2,1,1,5,,4,RUE DE CHARENTON,0,,2,2,0,1,(1),(1),1,, -1,1,0,1,30,13,2,2021,15:20,1,75,75112,2,3,0,3,RUE DE CHARENTON,48.841604,2.386948,15,2,2
202100046601,118Â 470,A01,1,1,1,0,1,0,-1,-1, -1,-1,2021,45.0,0,2,1,0,1,1,1,,6,,0,,-1,-1,0,1,(1),(1),1,, -1,1,0,1,-1,25,3,2021,17:30,1,45,45232,2,1,0,6,Rue Flandres Dunkerque,47.839708,1.913642,17,1,1
202100035353,138Â 515,B01,1,1,1,3,2,-1,-1,0,0,-1,2021,30.0,2,1,0,0,8,1,1,,7,4,0,D,2,2,0,1,36,96,1,, -1,1,0,1,50,9,6,2021,19:10,1,31,31022,2,1,0,3,422 Route de Fronton,43.662602,1.431077,19,2,2
202100025295,156Â 445,A01,1,1,2,0,2,6,-1,-1, -1,-1,2021,21.0,2,1,0,0,0,13,1,,2,PORTE ALMA,0,,1,1,0,2,43,189,3,, -1,1,3,1,50,6,8,2021,15:55,1,35,35238,1,1,0,7,PORTE ALMA,48.07949,-1.67625,15,1,1
202100000141,201Â 495,B01,1,1,1,0,2,0,-1,-1, -1,-1,2021,19.0,3,1,0,2,0,13,1,,4,BD DES LICES,0,,-1,2,0,1,0,0,1,, -1,1,0,1,50,1,10,2021,08:10,1,13,13004,2,1,0,3,BD DES LICES,43.6753115992,4.629412811,8,2,2
202100031877,144Â 775,B01,1,1,1,5,2,6,-1,-1, -1,-1,2021,53.0,1,1,0,2,1,1,1,,3,OCEAN (BD DE L'),0,,2,2,0,1,3,545,1,, -1,1,0,1,30,27,6,2021,23:50,5,33,33009,2,3,0,3,Boulevard Cote dâArgent,44.639403,-1.202239,23,2,2
202100025054,156Â 875,A01,1,1,1,5,2,-1,-1,0,0,-1,2021,65.0,1,1,0,5,2,0,5,,3,500,-1,,2,1,0,2,46,746,3,, -1,1,0,1,80,8,8,2021,09:10,1,43,43130,1,2,0,6,2 Chemin de la LevÃ©e de Blachon,45.061001,4.242249,9,1,1
202100000339,201Â 115,B01,3,2,1,5,3,-1,-1,-1, -1,-1,2021,1.0,2,2,0,2,4,2,1,,1,A43   0.550 A 3.353,0,,3,8,0,1,1,700,1,, -1,1,0,1,70,23,10,2021,16:00,1,69,69029,1,1,0,2,A43   0.550 A 3.353,45.7283597461,4.9031102657,16,3,2
202100016874,171Â 460,A01,10,3,1,3,0,-1,-1,3,3,2,2021,82.0,1,2,0,1,1,1,1,,4,MASSOT (PAUL),0,,2,2,0,1,(1),(1),1,, -1,1,0,6,30,22,9,2021,18:58,1,66,66136,2,3,0,6,MASSOT (PAUL),42.69492,2.8845,18,2,1
202100013037,178Â 445,B01,1,1,2,0,8,0,-1,-1, -1,-1,2021,62.0,2,1,0,2,7,1,3,,3,NOUAILLE (ROUTE DE),0,,1,2,0,1,4,715,4,, -1,1,0,1,50,14,10,2021,14:45,1,86,86194,2,6,0,3,Route de Nouaille,46.563809,0.365284,14,2,2
202100042563,125Â 547,A01,1,1,1,1,1,0,-1,-1, -1,-1,2021,58.0,2,5,13,2,4,1,1,,1,A7-Sens Marseille vers Lyon,0,,1,2,0,1,256,0,1,, -1,2,0,1,110,21,4,2021,12:37,1,13,13081,1,1,1,2,A7-Sens Marseille vers Lyon,43.47765,5.23924,12,2,2
202100049708,112Â 891,A01,10,3,2,-1,0,-1,-1,2,3,1,2021,69.0,1,2,0,1,3,15,1,,2,122,-1,,2,2,0,1,5,18,1,, -1,1,0,1,50,2,3,2021,10:30,1,15,15122,2,3,0,6,Rue Tour de Ville,44.711172,2.19755,10,2,1
202100004495,193Â 732,A01,1,1,1,0,2,6,-1,0,0,-1,2021,22.0,1,1,0,2,1,1,1,,3,902,0,D,2,2,0,2,39,550,2,, -1,1,0,1,50,9,7,2021,15:35,1,74,74134,2,3,0,3,1628 Rte des Grandes Alpes,46.153649,6.660971,15,2,2
202100030784,146Â 738,B01,1,1,1,1,1,0,-1,-1, -1,-1,2021,48.0,2,2,1,2,4,23,1,,3,35,0,,2,2,0,2,0,0,1,, -1,1,0,1,50,1,7,2021,15:45,1,91,91685,2,2,0,4,CHASSE (ROUTE),48.659733,2.306126,15,5,4
202100050932,110Â 636,B01,1,1,1,1,2,6,-1,0,0,-1,2021,27.0,2,1,0,2,3,7,1,,4,AVENUE DU GENERAL LECLERC,0,,1,5,0,1,(1),(1),1,, -1,2,0,1,50,19,2,2021,06:30,5,75,75114,2,7,0,3,AVENUE DU GENERAL LECLERC,48.833688,2.331891,6,2,2
202100050708,111Â 052,A01,2,2,1,5,1,5,-1,0,0,-1,2021,72.0,2,2,0,2,3,5,1,,2,141,0,N,2,2,0,1,83,410,1,0,7,1,0,1,80,21,2,2021,15:25,1,16,16234,1,1,0,1,Lieu-dit Les Branges,45.678923,-0.046574,15,3,2
202100026740,153Â 922,B01,1,1,1,0,2,-1,-1,0,0,-1,2021,49.0,1,1,0,2,1,1,1,,4,A,0,A,2,2,0,1,0,750,1,, -1,1,0,1,30,26,7,2021,19:10,1,6,6084,2,6,0,3,Chemin du Plan Sarrain,43.601333,6.950312,19,2,2
202100010065,183Â 703,B01,9,2,2,0,3,-1,-1,0,0,-1,2021,8.0,1,2,0,2,3,9,1,,3,D643,-1,,2,2,0,3,(1),(1),1,, -1,1,0,1,80,1,11,2021,17:45,3,54,54476,1,3,0,1,D643,49.4566880645,5.4782724382,17,5,2
202100013007,178Â 497,A01,2,2,1,5,0,-1,-1,-1, -1,-1,2021,22.0,1,2,4,0,2,1,1,,7,RD383   11.750 A 14.250,0,,3,6,0,1,12,399,1,, -1,1,0,1,70,14,10,2021,23:05,5,69,69259,1,1,0,6,D383   11.750 A 14.250,45.7187321818,4.8732552121,23,2,1
202100024373,158Â 116,A01,1,1,1,5,0,-1,-1,0,0,-1,2021,28.0,1,2,0,0,1,14,1,,3,13,0,D,2,2,0,1,8,60,2,, -1,1,0,8,80,13,8,2021,00:25,3,39,39299,1,1,0,7,,46.952885,5.363406,0,1,1
202100017020,171Â 195,A01,1,1,1,5,2,0,-1,0,0,-1,2021,42.0,2,1,0,0,1,1,5,,4,BOULEVARD MASSENA,0,,3,2,1,2,(1),(1),1,, -1,1,0,5,30,23,9,2021,10:39,1,75,75113,2,3,0,7,BOULEVARD MASSENA,48.823401,2.375032,10,1,1
202100012052,180Â 169,B01,1,1,1,9,8,0,-1,0,0,-1,2021,25.0,2,1,0,2,1,1,3,,4,PONT DES INVALIDES,0,,2,2,2,1,(1),(1),1,, -1,1,-1,5,30,20,10,2021,17:30,1,75,75107,2,2,0,3,PONT DES INVALIDES,48.862618,2.310387,17,2,2
202100008470,186Â 597,A01,1,1,2,0,1,0,-1,-1, -1,-1,2021,48.0,1,2,0,2,3,9,1,,4,BOULEVARD DE LA BAULE,0,,1,0,0,1,(1),0,2,, -1,1,0,1,50,10,11,2021,18:10,5,44,44162,2,6,0,3,Boulevard Charles Gautier,47.22488,-1.62176,18,3,2
202100054943,103Â 601,B01,2,2,1,0,8,0,-1,-1, -1,-1,2021,20.0,1,2,0,2,1,19,1,,4,EUGENIE    (ALLEE),0,,1,1,0,1,1,0,1,, -1,2,0,1,50,14,1,2021,19:25,5,93,93032,2,2,1,3,EUGENIE    (ALLEE),48.8865219266,2.5380134369,19,3,2
202100053529,106Â 035,A01,1,1,1,3,1,-1,-1,0,0,-1,2021,59.0,1,2,9,0,1,0,1,,4,24,-1,,2,2,0,2,11,540,2,, -1,1,0,8,50,28,1,2021,08:15,1,30,30147,2,1,0,6,Place du Portail d'AlÃ¨s,44.014338,4.05064,8,1,1
202100045248,120Â 842,A01,10,3,1,5,0,-1,-1,3,3,1,2021,62.0,2,1,0,1,3,17,3,,4,RUE DU PAS DE LA MULE,0,,1,2,0,1,(1),(1),1,, -1,1,0,1,30,3,4,2021,20:15,5,75,75104,2,7,0,6,RUE DU PAS DE LA MULE,48.8560645168,2.3665906572,20,2,1
202100007080,189Â 104,A01,1,1,1,5,1,-1,-1,0,0,-1,2021,25.0,2,2,5,0,1,1,1,,3,93,0,,2,2,0,1,27,290,1,, -1,1,0,1,80,21,11,2021,04:00,3,26,26183,1,1,1,6,Route du Diois,44.697473,5.137621,4,1,1
202100014806,175Â 241,A01,1,1,2,5,1,-1,-1,0,0,-1,2021,24.0,3,2,8,0,2,14,1,,4,CHATEAU RUE DU,0,,2,2,1,2,(1),(1),1,, -1,1,-1,1,50,6,10,2021,14:50,1,29,29232,2,1,0,6,Rue du Chateau,48.01075,-4.11404,14,1,1
202100025217,156Â 588,A01,2,2,2,5,2,-1,-1,0,0,-1,2021,39.0,1,1,15,0,2,1,1,,3,98,-1,A,2,2,1,1,59,500,3,, -1,1,0,1,70,8,8,2021,01:10,5,83,83065,2,1,0,7,Route Departementale 98a,43.262644,6.6045,1,2,1
202100037150,135Â 282,A01,1,1,1,1,1,0,-1,-1, -1,-1,2021,25.0,2,2,4,0,1,0,0,,1,A12 W,0,,-1,4,0,1,4,800,1,, -1,1,0,1,110,31,5,2021,22:30,3,78,78545,1,1,0,6,A12 W,48.81059,2.05613,22,1,1
202100035526,138Â 208,A01,1,1,1,4,2,0,-1,0,0,-1,2021,22.0,2,1,0,2,3,3,1,,4,PORTE DE MONTREUIL,0,,1,4,0,1,30,700,1,, -1,1,0,1,70,9,6,2021,12:15,1,75,75120,2,1,0,3,PORTE DE MONTREUIL,48.857224,2.414234,12,2,2
202100046177,119Â 229,B01,2,2,2,5,1,-1,-1,0,0,-1,2021,53.0,2,5,6,2,8,1,1,,3,D820,-1,W,2,2,0,1,45,600,1,, -1,1,0,1,50,29,3,2021,17:55,1,31,31574,2,3,0,3,1560 avenue de TOULOUSE,43.445776,1.421034,17,3,2
202100040000,130Â 094,A01,1,1,1,4,2,7,9,0,0,-1,2021,32.0,1,1,14,6,1,1,1,,3,113,0,A,2,2,0,2,23,500,1,, -1,1,0,1,80,1,5,2021,20:15,2,53,53271,1,1,0,6,RD 113,48.341917,-0.3,20,1,1
202100018204,169Â 068,B01,2,2,2,5,1,-1,-1,0,0,-1,2021,30.0,2,2,0,2,4,2,1,,1,A42     0.560 A 4.020,0,,3,4,0,1,1,175,1,, -1,1,0,1,90,18,9,2021,02:40,3,69,69256,1,1,0,2,A42     0.560 A 4.020,45.7901003464,4.9051916599,2,3,2
202100048273,115Â 463,B01,1,1,1,5,1,-1,-1,-1, -1,-1,2021,74.0,1,2,0,2,2,26,1,,4,MENDES-FRANCE (RUE PIERRE) (5-15),0,,2,3,2,1,(1),(1),1,, -1,1,0,1,50,12,3,2021,17:05,1,33,33249,2,1,0,2,Rue Pierre Mendes-France,44.879994,-0.516048,17,2,2
202100040527,129Â 165,A01,10,3,2,0,0,-1,-1,1,3,1,2021,66.0,3,2,0,1,4,4,1,,4,BENOIT FRACHON (MAIL),0,,2,1,0,1,0,0,1,, -1,2,0,1,30,10,5,2021,18:50,1,93,93001,2,1,1,6,Mail Benoit Frachon,48.914893,2.375593,18,2,1
202100041795,126Â 900,A01,1,1,1,0,1,-1,-1,-1, -1,-1,2021,35.0,1,2,14,0,1,9,1,,4,BARTHOU (BOULEVARD LOUIS) PAIR,0,,3,2,0,2,(1),(1),1,, -1,1,0,1,50,1,5,2021,04:45,5,51,51454,2,1,0,7,Boulevard Louis Barthou,49.2338783,4.0296667,4,1,1
202100017799,169Â 805,A01,1,1,1,1,2,6,-1,0,0,-1,2021,31.0,2,1,0,2,1,21,1,,2,T40,0,,1,4,0,1,0,20,1,, -1,1,0,1,90,20,9,2021,17:10,1,201,201004,1,1,0,2,T40,41.9319632449,8.8033614651,17,2,2