Num_Acc,id_vehicule,num_veh,place,catu,sexe,trajet,secu1,secu2,secu3,locp,actp,etatp,year_acc,victim_age,senc,catv,obs,obsm,choc,manv,motor,occutc,catr,voie,v1,v2,circ,nbv,vosp,prof,pr,pr1,plan,lartpc,larrout,surf,infra,situ,vma,jour,mois,an,hrmn,lum,dep,com,agg_,int,atm,col,adr,lat,long,hour,nb_victim,nb_vehicules
202100040600,129Â 043,B01,1,1,2,5,1,0,-1,-1, -1,-1,2021,23.0,3,2,0,2,2,1,1,,4,RUE DE VALORGE,0,,2,2,0,1,0,0,1,, -1,1,0,1,50,9,5,2021,22:45,5,91,91103,1,2,0,3,RUE DE VALORGE,48.615883,2.284256,22,3,2
202100003658,195Â 215,B01,1,1,1,5,2,0,-1,-1, -1,-1,2021,46.0,1,1,0,2,1,1,1,,4,VAILLANT (RUE EDOUARD),0,,2,2,0,1,(1),(1),1,, -1,2,0,1,50,9,12,2021,07:15,5,37,37261,2,3,0,3,VAILLANT (RUE EDOUARD),47.3849857472,0.7003475726,7,2,2
202100025516,156Â 060,A01,10,3,1,5,0,-1,-1,3,3,2,2021,81.0,2,1,0,1,1,17,1,,3,276,0,,2,2,0,1,0,452,1,, -1,2,0,1,50,5,8,2021,11:05,1,35,35049,2,1,1,6,11 Quai Duguay-Trouin,48.669801,-1.856942,11,3,1
202100022868,160Â 743,B01,1,1,1,4,1,-1,-1,0,0,-1,2021,48.0,2,4,0,2,3,1,0,,3,613,0,A,2,2,0,2,66,457,1,, -1,1,0,8,80,24,8,2021,15:55,1,34,34162,1,1,0,1,le trou du renard,43.460407,3.513055,15,2,2
202100013688,177Â 234,B01,2,2,2,9,1,0,-1,0,0,-1,2021,41.0,3,2,0,2,1,1,1,,4,BOULEVARD BERTHIER,0,,1,2,0,1,(1),(1),1,, -1,1,0,1,50,11,10,2021,11:25,1,75,75117,2,2,0,3,BOULEVARD BERTHIER,48.889873,2.303853,11,4,2
202100003055,196Â 303,B01,2,2,1,4,1,0,-1,-1, -1,-1,2021,34.0,1,5,0,2,4,2,1,,1,A86 INT,0,,1,3,0,1,46,700,3,, -1,1,0,1,90,13,12,2021,08:30,2,94,94073,1,1,0,4,A86 INT,48.7552508127,2.3826869869,8,5,4
202100050342,111Â 717,A01,1,1,2,5,2,8,-1,-1, -1,-1,2021,53.0,2,0,0,0,0,1,3,,4,REGNIER (RUE MATHURIN),0,,2,0,0,1,0,0,1,, -1,1,0,1,50,24,2,2021,17:40,1,28,28085,2,1,0,7,REGNIER (RUE MATHURIN),48.44262,1.48731,17,1,1
202100038042,133Â 662,B01,1,1,1,1,2,6,-1,0,0,-1,2021,39.0,1,1,0,2,1,1,1,,4,PLACE DE L OPERA,0,,1,-1,0,1,(1),(1),1,, -1,1,0,1,50,26,5,2021,19:20,1,75,75109,2,7,0,3,PLACE DE L OPERA,48.871152,2.332339,19,2,2
202100005392,192Â 154,B01,1,1,1,0,1,0,-1,-1, -1,-1,2021,46.0,2,1,0,2,1,0,0,,3,DE GAULLE (AV DU GENERAL) 58/49 - FIN,0,,3,4,0,1,1,0,1,, -1,2,0,1,50,1,12,2021,13:45,1,93,93064,2,1,1,3,DE GAULLE (AV DU GENERAL) 58/49 - FIN,48.87899,2.47849,13,2,2
202100021447,163Â 309,B01,1,1,1,5,-1,0,-1,-1, -1,-1,2021,16.0,1,1,0,2,4,15,5,,4,THIONVILLE (ROUTE DE),0,,2,2,0,1,0,0,1,, -1,1,0,1,50,31,8,2021,16:43,1,57,57757,2,1,0,2,THIONVILLE (ROUTE DE),49.35186,6.17947,16,2,2
202100017783,169Â 827,A01,10,3,1,5,0,0,0,2,3,1,2021,61.0,3,2,12,1,1,13,1,,4,TETEGHEM,0,,2,2,0,1,(1),(1),1,, -1,1,0,4,50,19,9,2021,11:55,1,59,59183,2,1,0,6,TETEGHEM,51.04234,2.42301,11,2,1
202100045555,120Â 311,B01,1,1,2,0,8,-1,-1,0,0,-1,2021,24.0,0,1,1,0,0,1,3,,4,ALSACE LORRAINE (BOULEVARD D'),0,,2,2,0,3,(1),(1),1,, -1,1,0,1,50,30,3,2021,13:30,1,80,80021,2,1,0,6,ALSACE LORRAINE (BOULEVARD D'),49.89302,2.30779,13,2,2
202100012120,180Â 048,A01,1,1,1,4,0,-1,-1,0,0,-1,2021,19.0,0,6,0,0,0,0,1,,3,249,-1,,2,2,0,1,9,0,1,, -1,1,0,1,80,20,10,2021,12:11,1,67,67451,1,1,0,7,D249,48.98713,8.019773,12,1,1
202100000660,200Â 534,B01,1,1,1,1,2,-1,-1,0,0,-1,2021,39.0,1,1,0,0,4,1,5,,3,35,-1,,2,2,0,1,6,544,1,, -1,1,0,1,50,31,12,2021,15:00,1,91,91458,1,1,0,2,CD 35,48.664593,2.213681,15,2,2
202100033961,141Â 061,B01,1,1,2,5,0,-1,-1,0,0,-1,2021,74.0,0,1,0,2,1,1,5,,3,468,0,D,2,2,2,1,134,350,4,, -1,1,0,5,50,14,6,2021,17:25,1,67,67194,2,3,1,3,rue haute vienne,48.73434,7.910703,17,2,2
202100024852,157Â 236,B01,1,1,1,0,8,0,-1,-1, -1,-1,2021,25.0,2,2,0,2,3,1,1,,2,REDOUTE (ROUTE DE LA),0,,2,2,0,1,0,0,3,, -1,1,0,1,50,8,8,2021,21:15,5,972,97209,1,1,0,1,REDOUTE (ROUTE DE LA),14.616188,-61.061675,21,2,2
202100026657,154Â 057,A01,10,3,1,0,0,-1,-1,2,5,1,2021,6.0,3,2,0,1,3,1,1,,4,RUE PROSPER MÃRIMÃE,0,,2,2,0,1,(1),(1),1,, -1,1,0,1,50,28,7,2021,18:30,1,38,38185,2,1,0,6,Rue Prosper MerimÃ©e,45.17389,5.72531,18,2,1
202100012356,179Â 632,A01,1,1,1,9,2,6,-1,0,0,-1,2021,29.0,2,1,0,2,5,1,1,,3,RD 444,0,,-1,0,0,1,0,200,1,, -1,1,0,1,70,18,10,2021,10:00,1,91,91377,1,1,0,2,RD 444,48.726681,2.24443,10,2,2
202100005278,192Â 351,A01,1,1,1,5,1,8,-1,0,0,-1,2021,94.0,1,2,0,2,1,5,1,,3,RD 2009,0,,3,4,0,1,24,0,1,, -1,1,3,1,110,27,11,2021,16:35,1,63,63300,1,1,0,1,RD 2009,45.87794,3.12674,16,3,2
202100025260,156Â 502,B01,1,1,1,5,2,8,-1,-1, -1,-1,2021,59.0,3,1,0,2,1,1,5,,4,LOUIS BREGUET (AVENUE),0,,1,2,0,1,(1),(1),1,, -1,1,0,1,50,1,8,2021,11:49,1,78,78640,2,1,0,2,LOUIS BREGUET (AVENUE),48.78118,2.1842,11,2,2
202100002953,196Â 493,A01,1,1,1,4,2,6,-1,-1, -1,-1,2021,35.0,1,1,0,2,1,1,1,,4,Corniche John FitzgÃ©rald Kennedy,0,,-1,3,0,1,0,0,1,, -1,1,0,1,50,14,12,2021,09:15,1,13,13207,2,1,1,1,Corniche John FitzgÃ©rald Kennedy,43.2776056736,5.3559519849,9,2,2
202100041486,127Â 451,A01,10,3,2,5,0,-1,-1,4,3,1,2021,69.0,3,2,0,1,3,15,1,,4,MAIL MARCEL CACHIN,0,,2,5,1,1,(1),(1),1,, -1,1,0,1,30,4,3,2021,08:45,1,38,38169,2,3,0,6,MAIL MARCEL CACHIN,45.19224,5.68763,8,2,1
202100003888,194Â 804,A01,1,1,1,9,2,-1,-1,0,0,-1,2021,23.0,2,1,0,2,1,2,5,,3,113,-1,,2,2,1,1,21,460,1,, -1,2,9,1,70,5,12,2021,11:40,1,49,49377,1,1,0,2,Route DÃ©partementale NÂ°113 (Soucelles),47.592019,-0.452939,11,2,2
202100047017,117Â 733,B01,1,1,1,1,8,-1,-1,-1, -1,-1,2021,29.0,3,1,0,2,1,19,3,,4,,0,,2,2,0,1,(1),(1),1,, -1,1,0,1,50,22,3,2021,12:30,1,69,69387,2,1,0,3,JEAN FRANCOIS RACLET (AV),45.7339422789,4.8414646213,12,2,2
202100031035,146Â 264,A01,1,1,2,0,2,6,-1,-1, -1,-1,2021,15.0,2,1,0,2,1,19,1,,3,DOUANE (QUAI DE LA),0,,2,2,0,1,2,790,4,, -1,1,0,1,50,28,6,2021,17:50,1,64,64140,2,1,0,3,DOUANE (QUAI DE LA),43.5225,-1.49001,17,2,2
202100000654,200Â 543,B01,1,1,2,5,1,0,-1,-1, -1,-1,2021,21.0,1,2,0,2,1,1,1,,3,ILLANGE (ROUTE D'),0,,2,2,0,1,26,950,1,, -1,2,2,1,50,28,12,2021,18:10,3,57,57757,2,1,1,5,ILLANGE (ROUTE D'),49.345,6.177,18,3,3
202100052404,108Â 040,A01,2,2,2,5,1,-1,-1,-1, -1,-1,2021,18.0,0,2,0,2,3,15,1,,4,ROCHELLE. RUE DE LA,0,,2,2,0,1,(1),(1),1,, -1,2,0,1,50,30,1,2021,16:10,1,76,76231,2,3,1,3,Rue de la Rochelle,49.2927967214,1.0012543597,16,3,2
202100015663,173Â 671,B01,1,1,1,0,2,6,-1,-1, -1,-1,2021,33.0,1,1,0,2,8,1,1,,3,406,0,,2,4,0,1,0,0,1,, -1,2,0,1,50,2,10,2021,16:09,1,92,92048,2,1,1,3,REPUBLIQUE (RUE DE LA) NÂ° 1 A 45,48.8073858163,2.2360019479,16,2,2
202100010207,183Â 462,A01,1,1,2,5,1,-1,-1,0,0,-1,2021,19.0,1,2,8,0,0,0,1,,3,153,-1,,2,2,0,1,4,(1),1,, -1,1,0,3,80,31,10,2021,03:00,3,49,49069,1,1,0,6,Le Patis (st Sauveur-de-Landemont),47.273195,-1.246991,3,1,1
202100052661,107Â 594,A01,2,2,1,5,8,0,-1,-1, -1,-1,2021,22.0,1,2,8,0,1,14,1,,4,REPUBLIQUE (RUE DE LA),0,,2,2,0,1,0,0,1,, -1,2,0,3,50,2,2,2021,20:50,5,67,67204,2,1,0,6,REPUBLIQUE (RUE DE LA),48.6213,7.75503,20,2,1
202100040617,129Â 011,C01,1,1,1,5,2,8,-1,-1, -1,-1,2021,44.0,1,1,0,2,1,2,1,,7,CD.559,0,,2,4,0,1,29,200,1,, -1,1,0,1,50,8,5,2021,17:25,1,13,13028,2,1,0,4,CD.559,43.19308,5.60264,17,4,3
202100005970,191Â 124,B01,1,1,1,0,0,0,-1,-1, -1,-1,2021,60.0,3,1,0,2,3,9,5,,4,JOFFRE   BOULEVARD (27-77 et 2-1),0,,2,2,0,1,(1),(1),1,, -1,2,5,1,50,26,11,2021,19:25,5,17,17300,2,2,1,3,JOFFRE   BOULEVARD (27-77 et 2-1),46.157956,-1.142325,19,2,2
202100002161,197Â 921,A01,2,2,2,5,1,0,-1,-1, -1,-1,2021,55.0,1,5,0,2,7,1,1,,4,TURGOT,0,,2,2,0,1,0,0,1,, -1,1,0,1,50,19,12,2021,21:07,5,93,93046,2,6,0,3,TURGOT,48.9151903591,2.5169872444,21,3,2
202100020149,165Â 614,A01,10,3,2,2,0,-1,-1,3,3,2,2021,12.0,1,2,0,1,1,1,1,,3,113,-1,,2,2,0,1,(1),(1),1,, -1,1,0,1,50,3,9,2021,08:05,1,80,80316,2,1,0,6,7 Rue de Villers,50.005133,2.264554,8,2,1
202100019190,167Â 326,A01,1,1,1,0,2,6,-1,-1, -1,-1,2021,24.0,2,1,2,2,1,21,1,,4,GOUFFE (COURS),0,,2,2,0,1,0,0,1,, -1,1,0,1,50,13,9,2021,08:25,1,13,13206,2,2,0,3,GOUFFE (COURS),43.2850931874,5.3915945217,8,2,2
202100000322,201Â 143,A01,1,1,1,4,0,-1,-1,-1, -1,-1,2021,30.0,2,1,0,2,7,1,5,,4,,-1,,1,2,2,1,(1),(1),1,, -1,-1,0,1,50,1,4,2021,18:30,1,33,33063,2,7,-1,3,Place Paul Doumer,44.85159,-0.57404,18,2,2
202100020779,164Â 501,A01,1,1,1,0,6,2,-1,0,0,-1,2021,48.0,0,6,0,0,9,1,1,,3,104,-1,,2,2,0,1,78,50,1,, -1,1,0,1,80,2,9,2021,18:05,2,7,7028,1,1,0,7,D104,44.390847,4.233899,18,1,1
202100036273,136Â 843,B01,2,2,2,5,1,0,-1,-1, -1,-1,2021,26.0,2,2,0,2,2,1,1,,2,186,0,,3,2,0,1,1,0,1,, -1,1,0,1,70,5,6,2021,18:00,1,94,94065,1,1,0,6,Route nationale 186,48.75337,2.36109,18,3,2
202100011668,180Â 866,B01,1,1,1,1,8,0,-1,-1, -1,-1,2021,53.0,1,1,0,2,1,1,1,,3,GENERAL DE GAULLE (AVENUE),0,,2,4,0,1,1,0,1,, -1,1,0,1,50,22,10,2021,06:00,5,93,93050,2,2,0,3,GENERAL DE GAULLE (AVENUE),48.858275972,2.5344776362,6,2,2
202100048307,115Â 409,A01,10,3,1,0,0,-1,-1,3,3,1,2021,31.0,3,2,0,1,0,2,0,,4,ENTREPOTS (RUE DES),0,,1,1,0,1,0,0,1,, -1,1,0,1,50,12,3,2021,11:15,1,93,93070,2,3,0,6,ENTREPOTS (RUE DES),48.90238,2.346,11,2,1
202100054350,104Â 610,B01,2,2,2,5,1,0,-1,0,0,-1,2021,51.0,2,2,0,2,4,2,1,,4,BOULEVARD PERIPHERIQUE,0,,1,4,0,1,11,600,1,, -1,1,1,1,70,20,1,2021,09:30,1,75,75116,2,1,0,4,BOULEVARD PERIPHERIQUE,48.8432330835,2.2543181078,9,4,3
202100047214,117Â 370,A01,1,1,1,5,2,6,-1,-1, -1,-1,2021,60.0,1,1,0,2,1,1,1,,4,BAB (BOULEVARD DU),0,,2,1,0,1,0,0,1,, -1,1,0,1,50,20,3,2021,14:40,1,64,64024,2,1,0,2,BAB (BOULEVARD DU),43.48807,-1.53577,14,2,2
202100021138,163Â 875,B01,1,1,1,5,1,-1,-1,0,0,-1,2021,29.0,2,2,13,2,1,1,1,,3,906,-1,,2,2,0,1,32,50,3,, -1,1,0,1,80,3,9,2021,21:25,3,63,63454,1,1,1,1,D906,45.637503,3.709452,21,2,2
202100030831,146Â 652,B01,2,2,2,5,8,0,-1,-1, -1,-1,2021,28.0,2,5,0,2,1,2,1,,4,ETIGNY D',0,,2,5,1,1,0,0,1,, -1,1,0,1,50,4,7,2021,21:15,2,64,64445,2,1,0,4,ETIGNY D',43.2966,-0.38601,21,5,3
202100025326,156Â 386,B01,1,1,1,5,2,6,-1,0,0,-1,2021,26.0,1,1,0,2,7,1,1,,4,PORTE DE BAGNOLET,0,,1,4,0,1,(1),(1),1,, -1,1,0,1,70,4,8,2021,14:55,1,75,75120,2,4,0,3,PORTE DE BAGNOLET,48.863502,2.413408,14,2,2
202100000072,201Â 622,A01,1,1,1,1,1,-1,-1,0,0,-1,2021,54.0,2,5,0,0,-1,1,1,,1,,-1,,1,3,-1,1,1,600,1,, -1,1,0,1,70,24,12,2021,06:50,3,59,59350,1,1,0,7,,50.616141,3.066322,6,1,1
202100015731,173Â 546,A01,5,2,2,5,1,0,-1,-1, -1,-1,2021,19.0,1,2,3,0,3,0,1,,2,RN104,0,,1,2,0,1,2,299,2,, -1,2,0,1,70,2,10,2021,22:05,4,77,77169,1,1,1,7,RN104,48.8139923741,2.627040126,22,4,1
202100051590,109Â 478,A01,2,2,1,0,0,-1,-1,-1, -1,-1,2021,18.0,1,1,0,2,1,26,1,,4,ROMAIN ROLLAND (BOULEVARD),0,,1,1,0,1,(1),(1),1,, -1,2,0,1,50,13,2,2021,02:07,5,13,13210,2,1,1,1,ROMAIN ROLLAND (BOULEVARD),43.2771961492,5.419887191,2,3,2
202100054340,104Â 630,A01,10,3,1,2,8,8,-1,4,3,1,2021,13.0,3,5,0,1,3,1,1,,7,JAN PALACH (AV ),0,,2,4,0,1,1,222,1,, -1,1,0,1,50,20,1,2021,12:25,1,13,13043,2,1,0,3,JAN PALACH (AV ),43.3881,5.23033,12,2,1
202100051699,109Â 281,A01,10,3,2,4,0,-1,-1,1,3,1,2021,38.0,1,1,0,1,1,1,1,,4,SAINT JUST (AVENUE DE),0,,2,2,0,1,(1),(1),1,, -1,2,0,1,50,12,2,2021,16:00,1,13,13204,2,1,1,6,SAINT JUST (AVENUE DE),43.3130417204,5.4020199977,16,2,1
202100027562,152Â 456,A01,1,1,1,4,2,6,-1,0,0,-1,2021,30.0,2,1,0,2,2,17,1,,4,PLACE SAINT GERMAIN DES PRES,0,,1,1,0,1,(1),(1),1,, -1,1,0,1,30,22,7,2021,09:30,1,75,75106,2,7,0,3,PLACE SAINT GERMAIN DES PRES,48.853792,2.333347,9,2,2
202100015169,174Â 594,A01,1,1,2,5,2,-1,-1,0,0,-1,2021,16.0,1,1,0,2,1,21,1,,3,64,-1,,2,2,0,2,6,820,2,, -1,2,0,1,50,6,10,2021,11:25,1,73,73154,2,1,0,1,D64,45.668581,6.339433,11,2,2
202100039046,131Â 840,B01,1,1,1,5,1,0,-1,-1, -1,-1,2021,65.0,1,2,0,2,1,1,1,,1,A13,0,,3,6,0,1,27,200,1,, -1,1,0,1,130,21,5,2021,09:15,1,78,78466,1,1,0,3,A13,48.932025,1.976676,9,2,2
202100002493,197Â 318,A01,1,1,1,5,1,-1,-1,0,0,-1,2021,55.0,1,2,13,0,3,1,1,,3,54,0,,2,2,0,1,3,110,1,, -1,1,0,3,90,18,12,2021,20:40,3,86,86070,1,1,0,6,D54,46.54656,0.671681,20,1,1
202100000883,200Â 167,A01,10,3,1,1,0,-1,-1,3,3,1,2021,28.0,1,2,0,1,1,1,1,,4,PERIER (LE CANNET),0,,3,4,0,2,123,0,1,, -1,1,0,1,50,30,12,2021,13:40,1,6,6030,2,2,0,6,PERIER (LE CANNET),43.566552,6.991535,13,2,1
202100015124,174Â 676,A01,1,1,1,0,2,6,-1,-1, -1,-1,2021,22.0,3,1,1,0,0,1,1,,3,GEORGES HALGOULT (R),0,,1,2,0,1,0,0,1,, -1,1,0,1,50,2,10,2021,07:05,2,94,94073,2,1,0,6,GEORGES HALGOULT (R),48.76169,2.40046,7,1,1
202100040097,129Â 923,A01,7,2,1,5,1,-1,-1,0,0,-1,2021,20.0,3,2,12,0,6,1,1,,4,,-1,,2,2,0,1,(1),(1),1,, -1,1,0,8,30,14,5,2021,19:55,1,25,25036,2,1,0,7,Rue du Pont,47.199292,5.961542,19,3,1
202100038378,133Â 040,A01,1,1,1,9,1,-1,-1,0,0,-1,2021,53.0,2,2,9,0,3,1,1,,4,LIBERATION AVENUE DE LA,0,,1,1,1,1,(1),(1),1,, -1,1,8,4,50,25,5,2021,09:50,1,29,29232,2,1,0,6,Avenue de la Liberation,47.99117,-4.07486,9,1,1
202100027162,153Â 167,A01,1,1,1,1,2,6,-1,0,0,-1,2021,52.0,3,1,0,6,1,1,6,,4,garen,0,A,2,2,0,1,(1),(1),1,, -1,1,0,1,70,26,7,2021,18:20,1,27,27191,1,1,0,6,Rue de la Garenne,49.11087,1.226553,18,1,1
202100047117,117Â 548,A01,10,3,1,0,0,-1,-1,3,5,1,2021,12.0,1,2,0,1,3,1,1,,4,AQUEDUCS (DES)                      (R ),0,,-1,1,0,1,(1),(1),1,, -1,1,0,1,50,21,3,2021,10:08,1,69,69385,2,1,0,6,AQUEDUCS (DES) (R),45.7581378204,4.7951691851,10,2,1
202100007044,189Â 164,A01,1,1,1,9,8,0,-1,0,0,-1,2021,29.0,2,1,0,0,0,1,5,,4,RUE DES COURONNES,0,,1,1,1,2,(1),(1),1,, -1,1,-1,5,30,20,11,2021,11:35,1,75,75120,2,4,0,7,RUE DES COURONNES,48.870539,2.388247,11,1,1
202100002278,197Â 711,B01,2,2,2,1,1,5,-1,-1, -1,-1,2021,59.0,2,2,0,2,2,1,1,,3,LEON BLUM (AV),0,,2,1,0,2,0,0,1,, -1,1,0,1,50,18,12,2021,17:30,5,94,94016,2,2,0,3,LEON BLUM (AV),48.78681,2.33729,17,3,2
202100032332,143Â 965,A01,1,1,1,1,2,6,-1,-1, -1,-1,2021,51.0,2,1,0,2,7,17,1,,3,REPUBLIQUE (AV DE LA),0,,2,2,0,1,1,0,1,, -1,1,0,1,30,25,6,2021,09:00,1,94,94046,2,1,0,3,Avenue de la RÃ©publique,48.8053,2.43982,9,2,2
202100030540,147Â 168,B01,1,1,1,1,2,8,-1,-1, -1,-1,2021,40.0,2,1,0,2,1,1,1,,3,AIX LES BAINS (AVENUE),0,,4,2,2,2,42,400,1,, -1,1,0,1,50,30,6,2021,13:20,1,73,73065,2,3,0,3,AIX LES BAINS (AVENUE),45.58291,5.92438,13,2,2
202100049690,112Â 921,A01,2,2,1,5,8,0,-1,-1, -1,-1,2021,49.0,1,2,11,0,1,1,1,,4,VIEUX CIMETIERE (ROUTE DU) BOIS S102,0,,2,2,0,2,0,0,1,, -1,1,0,1,30,1,3,2021,12:00,1,92,92023,2,6,0,6,VIEUX CIMETIERE (ROUTE DU) BOIS S102,48.7996196875,2.2601124644,12,2,1
202100006023,191Â 030,A01,10,3,2,3,0,-1,-1,3,3,1,2021,77.0,2,2,0,1,2,1,1,,3,938,0,D,2,2,0,1,4,900,1,, -1,1,0,1,50,27,11,2021,17:35,5,84,84137,2,1,0,6,Avenue des Choralies,44.241737,5.082679,17,2,1
202100000736,200Â 397,A01,10,3,1,9,0,-1,-1,3,3,1,2021,61.0,3,2,0,1,1,1,1,,6,LOUIS JOUVET                        (R ),0,,-1,0,0,1,(1),(1),1,, -1,1,0,1,30,23,12,2021,09:55,1,69,69259,2,1,1,6,LOUIS JOUVET (PC),45.7146798863,4.8769533634,9,2,1
202100029571,148Â 934,A01,1,1,1,0,2,-1,-1,-1, -1,-1,2021,39.0,2,1,0,2,1,1,1,,4,ST CLAIR (DE)                       (GR),0,,1,1,0,1,(1),(1),1,, -1,1,0,1,50,9,7,2021,20:10,1,69,69034,2,1,0,2,ST CLAIR (DE) (R) (GR),45.7869621066,4.8504301212,20,2,2
202100047134,117Â 516,A01,1,1,2,0,1,8,-1,-1, -1,-1,2021,30.0,3,2,0,2,3,15,1,,4,SADI-CARNOT (AVEN.) [DU NÂ° AU NÂ°],0,,3,2,0,1,(1),(1),1,, -1,1,0,1,50,21,3,2021,10:35,1,7,7102,2,9,0,3,SADI-CARNOT (AVEN.) [DU NÂ° AU NÂ°],44.93127,4.877687,10,2,2
202100050588,111Â 261,B01,1,1,1,0,2,8,-1,-1, -1,-1,2021,19.0,1,1,0,2,1,1,1,,4,AV STALINGRAD,0,,2,2,0,1,8,0,1,, -1,1,0,1,50,21,2,2021,10:10,1,13,13004,2,1,0,1,AV STALINGRAD,43.68351,4.63293,10,2,2
202100017168,170Â 948,E01,1,1,1,5,2,6,-1,0,0,-1,2021,44.0,1,1,0,2,1,1,5,,3,415,-1,,2,2,0,1,12,340,3,, -1,1,0,1,80,25,9,2021,09:30,1,88,88106,1,1,0,5,route dÃ©partementale 415,48.183471,6.97605,9,9,9
202100033691,141Â 540,A01,1,1,1,5,2,6,-1,0,0,-1,2021,32.0,2,1,0,2,1,17,1,,3,163,0,D,2,2,0,1,13,199,1,, -1,1,0,1,80,11,6,2021,19:00,1,35,35136,1,1,0,3,Lieu Dit Beauregard,47.92509,-1.543979,19,2,2
202100015331,174Â 304,A01,1,1,1,9,8,0,-1,-1, -1,-1,2021,20.0,1,1,0,0,0,26,1,,4,SAINT JACQUES,0,,2,2,0,1,1,0,1,, -1,1,0,1,50,3,10,2021,19:00,1,49,49007,2,1,0,7,SAINT JACQUES,47.4738,-0.56945,19,1,1
202100054948,103Â 593,B01,1,1,1,2,8,0,-1,-1, -1,-1,2021,15.0,1,1,0,2,7,19,5,,3,VERDUN (DE 62 A FIN),0,,2,4,3,1,0,0,1,, -1,1,0,1,50,15,1,2021,08:30,1,92,92026,2,1,0,3,VERDUN (DE 62 A FIN),48.903002,2.258247,8,2,2
202100037048,135Â 477,B01,1,1,1,1,2,6,-1,0,0,-1,2021,29.0,2,1,0,2,1,1,1,,4,RUE DE TOLBIAC,0,,2,3,3,1,(1),(1),1,, -1,1,0,1,50,1,6,2021,17:10,1,75,75113,2,3,0,3,RUE DE TOLBIAC,48.825935,2.352743,17,2,2
202100041185,127Â 981,A01,1,1,1,1,2,6,-1,0,0,-1,2021,17.0,1,1,6,0,1,21,1,,3,,0,,2,2,0,1,20,600,2,, -1,2,0,4,50,6,5,2021,13:30,1,61,61486,2,4,1,6,Rue Xavier-onfray,48.76352,-0.735826,13,1,1
202100008879,185Â 871,B01,1,1,2,5,1,-1,-1,0,0,-1,2021,37.0,1,2,0,2,1,1,1,,3,30,-1,,2,2,0,1,1,220,1,, -1,1,0,1,80,6,11,2021,13:25,1,39,39241,1,3,0,3,,46.647823,5.489345,13,4,2
202100046599,118Â 472,A01,10,3,2,0,0,-1,-1,2,3,1,2021,13.0,3,2,0,1,1,1,1,,4,SCHUMANN BOULEVARD,0,,2,1,0,1,1,0,1,, -1,1,0,1,50,24,3,2021,08:00,1,49,49007,2,1,0,6,SCHUMANN BOULEVARD,47.48939,-0.52691,8,2,1
202100001392,199Â 283,A01,2,2,1,5,0,-1,-1,0,0,-1,2021,18.0,3,1,12,0,3,1,1,,4,,-1,,2,2,0,1,(1),(1),1,,4,1,5,1,-1,27,12,2021,02:20,5,974,97404,2,6,0,3,Avenue Raymond Barre,-21.262647,55.362027,2,2,1
202100001936,198Â 336,A01,1,1,1,5,1,-1,-1,0,0,-1,2021,79.0,1,2,0,2,1,13,1,,3,919,-1,,2,2,0,1,17,900,1,, -1,1,0,1,-1,22,12,2021,18:15,3,80,80173,1,1,0,1,CD919 PK17+900,49.94051,2.354057,18,2,2
202100002766,196Â 823,A01,1,1,2,5,0,-1,-1,-1, -1,-1,2021,18.0,2,1,0,2,1,1,3,,4,BRIAND (CRS ARISTIDE),0,,2,4,1,1,(1),(1),1,, -1,1,0,1,50,16,12,2021,01:30,4,33,33063,2,2,0,3,Cours Aristide Briand,44.83185,-0.57726,1,3,2
202100055527,102Â 594,A01,1,1,1,4,2,6,-1,0,0,-1,2021,44.0,1,1,0,2,3,18,1,,4,AVENUE DE LA PORTE DE VITRY,0,,2,2,0,1,(1),(1),1,, -1,1,0,1,50,10,1,2021,21:20,5,75,75113,2,2,0,3,AVENUE DE LA PORTE DE VITRY,48.824038,2.377006,21,2,2
202100004154,194Â 320,A01,10,3,1,9,0,-1,-1,9,B,1,2021,23.0,2,2,0,1,2,1,1,,3,768,0,U,2,2,0,1,15,650,1,, -1,2,0,1,80,9,12,2021,07:30,3,56,56168,1,1,1,6,Zone d ActivitÃ© du Plasker,47.606178,-3.100247,7,2,1
202100000615,200Â 604,A01,1,1,1,5,1,5,-1,0,0,-1,2021,29.0,1,2,0,2,1,13,1,,2,MEZZAVIA ROUTE DE,0,,2,2,0,2,(1),(1),1,, -1,1,0,1,50,28,8,2021,00:45,5,201,201004,2,1,0,1,MEZZAVIA ROUTE DE,41.94762,8.76366,0,4,2
202100021425,163Â 357,B01,1,1,2,5,1,0,-1,-1, -1,-1,2021,24.0,2,2,0,2,1,1,1,,3,PARIS (RUE DE),0,,2,2,0,1,2,780,1,, -1,1,0,1,70,18,8,2021,22:05,3,89,89342,1,1,0,1,PARIS (RUE DE) ,48.21862,3.27334,22,2,2
202100026775,153Â 862,A01,1,1,1,0,1,0,-1,-1, -1,-1,2021,20.0,0,2,0,2,2,16,1,,7,MARCEL SEMBAT                       (BD),0,,1,3,0,1,3,900,1,, -1,1,0,1,50,27,7,2021,13:10,1,69,69259,2,9,0,7,D301,45.68333,4.88333,13,1,1
202100000189,201Â 404,B01,1,1,2,0,1,0,-1,-1, -1,-1,2021,40.0,3,2,0,2,4,23,1,,7,JEAN MOULIN BOULEVARD,0,,2,2,0,2,1,0,1,, -1,1,0,1,50,9,11,2021,13:55,1,13,13098,2,1,0,2,JEAN MOULIN BOULEVARD,43.44897,5.02002,13,3,3