Num_Acc,id_vehicule,num_veh,place,catu,sexe,trajet,secu1,secu2,secu3,locp,actp,etatp,year_acc,victim_age,senc,catv,obs,obsm,choc,manv,motor,occutc,catr,voie,v1,v2,circ,nbv,vosp,prof,pr,pr1,plan,lartpc,larrout,surf,infra,situ,vma,jour,mois,an,hrmn,lum,dep,com,agg_,int,atm,col,adr,lat,long,hour,nb_victim,nb_vehicules
202100033183,142Â 451,B01,1,1,1,1,2,0,-1,-1, -1,-1,2021,46.0,1,1,0,2,1,1,1,,4,DECUGIS (AVENUE ALFRED),0,,2,2,0,1,0,0,1,, -1,1,0,1,50,19,6,2021,18:30,1,83,83069,1,1,0,3,DECUGIS (AVENUE ALFRED),43.11602,6.14813,18,2,2
202100009281,185Â 110,A01,1,1,1,1,2,6,-1,0,0,-1,2021,32.0,1,1,0,2,1,2,1,,4,BOULEVARD PERIPHERIQUE,0,,1,4,0,1,1,600,1,, -1,1,0,1,70,3,11,2021,23:25,5,75,75113,2,1,0,2,BOULEVARD PERIPHERIQUE,48.819066,2.371901,23,2,2
202100013021,178Â 472,A01,1,1,1,0,1,0,-1,-1, -1,-1,2021,29.0,2,2,0,9,1,1,1,,1,A4,0,,1,5,0,1,2,299,1,, -1,1,0,1,90,16,10,2021,05:20,3,94,94018,1,1,0,6,A4,48.8176187265,2.4186579611,5,1,1
202100013340,177Â 903,B01,1,1,1,5,2,6,-1,-1, -1,-1,2021,20.0,1,1,0,2,1,1,1,,3,50,0,,1,2,0,2,0,1,1,, -1,1,0,1,50,14,10,2021,15:20,1,92,92049,2,2,0,3,BARBES RUE,48.817198,2.328802,15,2,2
202100030830,146Â 655,B01,1,1,1,0,8,-1,-1,-1, -1,-1,2021,35.0,1,2,0,2,4,23,1,,7,LYON (DE)                               ,0,,2,3,0,1,3,900,1,, -1,1,0,1,50,2,7,2021,12:30,1,69,69271,2,1,0,4,LYON (DE) (RTE),45.7403913897,4.9511647224,12,3,3
202100019184,167Â 337,B01,2,1,1,0,8,0,-1,0,0,-1,2021,19.0,3,1,0,0,0,0,0,,4,DE GAULLE (RUE DU GENERAL),0,,1,1,0,1,(1),(1),1,, -1,1,0,1,30,13,9,2021,16:55,1,27,27375,2,2,0,3,DE GAULLE (RUE DU GENERAL),49.21101,1.16987,16,2,2
202100029887,148Â 375,B01,2,2,2,0,2,6,-1,0,0,-1,2021,19.0,2,1,0,0,1,1,1,,3,,-1,,3,-1,-1,1,3,959,1,, -1,1,0,1,50,9,7,2021,23:30,5,6,6079,2,3,0,1,Avenue de Cannes,43.544905,6.937794,23,4,2
202100043796,123Â 398,B01,1,1,2,1,8,0,-1,0,0,-1,2021,50.0,1,0,0,2,8,1,3,,4,BOULEVARD ARAGO,0,,2,4,0,1,(1),(1),1,, -1,1,0,1,50,16,4,2021,12:05,1,75,75114,2,7,0,3,BOULEVARD ARAGO,48.834439,2.332686,12,2,2
202100017253,170Â 810,A01,1,1,1,5,8,-1,-1,0,0,-1,2021,68.0,3,2,0,4,7,1,1,,4,,-1,,2,2,0,1,(1),(1),1,,4,1,4,1,-1,24,9,2021,12:30,1,73,73124,1,8,0,3,CHEMIN DU MARAIS,45.650172,6.335995,12,2,2
202100025355,156Â 336,A01,1,1,2,4,1,-1,-1,0,0,-1,2021,30.0,3,6,2,0,1,1,1,,4,0,0,,2,2,0,4,(1),(1),4,, -1,2,0,3,80,6,8,2021,14:40,1,19,19075,1,1,0,6,Nirige,45.2655999316,1.9194062836,14,3,1
202100003447,195Â 594,A01,10,3,1,1,0,-1,-1,2,1,1,2021,47.0,2,2,1,1,0,13,1,,4,LAMOUROUX (IMP),0,,2,2,0,1,1,0,1,, -1,1,0,1,50,11,12,2021,11:50,1,94,94081,2,1,0,7,Allee Pierre Lamouroux,48.800131,2.381863,11,2,1
202100007267,188Â 767,B01,1,1,2,1,2,4,-1,-1, -1,-1,2021,29.0,0,0,1,0,1,1,3,,4,REDON (DE),0,,2,2,0,1,0,0,1,, -1,1,0,1,50,18,11,2021,18:05,5,35,35238,2,1,0,3,REDON (DE),48.1053628767,-1.6901190348,18,2,2
202100020517,164Â 961,B01,10,3,2,2,0,-1,-1,5,2,1,2021,16.0,0,2,0,1,1,1,1,,4,SCHUMAN (BOULEVARD ROBERT),0,,2,2,0,1,(1),(1),1,, -1,1,0,1,50,3,9,2021,15:55,1,50,50129,2,2,0,3,SCHUMAN (BOULEVARD ROBERT),49.63821,-1.62531,15,3,2
202100028745,150Â 346,C01,1,1,1,5,2,-1,-1,0,0,-1,2021,55.0,3,1,0,9,7,2,5,,4,,0,,2,2,0,1,(1),(1),1,,4,1,0,1,50,17,7,2021,11:45,1,85,85288,2,1,0,5,Rue du Porteau,46.464016,-1.690834,11,3,3
202100049613,113Â 059,B01,1,1,1,0,-1,0,-1,-1, -1,-1,2021,62.0,3,1,0,2,5,19,5,,3,8 MAI 1945 (AVENUE DU),0,,2,4,3,1,12,900,1,, -1,1,5,1,50,1,3,2021,16:16,1,77,77445,2,5,0,3,REGALLES (AVENUE DES),48.60346,2.55916,16,2,2
202100048691,114Â 718,B01,1,1,1,0,2,8,-1,0,0,-1,2021,53.0,2,1,1,0,1,2,1,,7,GRENOBLE (ROUTE DE),0,,1,3,0,1,(1),(1),1,, -1,1,0,1,50,9,3,2021,07:49,1,6,6088,2,1,0,2,GRENOBLE (ROUTE DE),43.6723,7.20204,7,2,2
202100007171,188Â 941,B01,1,1,1,0,8,0,-1,-1, -1,-1,2021,17.0,1,1,0,2,1,16,1,,3,VILLENEUVE (RUE EMILIE DE),0,,2,2,0,2,1,10,1,, -1,1,0,1,50,18,11,2021,07:40,2,81,81065,2,3,0,3,VITTOZ (BD.RAYMOND),43.602207,2.243584,7,2,2
202100009296,185Â 084,B01,1,1,1,1,2,6,-1,-1, -1,-1,2021,47.0,0,1,0,2,1,1,1,,4,COLONEL FABIEN (R DU),0,,2,2,0,2,1,0,1,, -1,2,0,1,50,5,11,2021,07:40,2,94,94003,2,3,0,3,Rue du Colonel Fabien,48.80112,2.33676,7,2,2
202100002681,196Â 985,A01,10,3,1,2,0,-1,-1,1,3,1,2021,11.0,2,5,0,1,2,1,1,,7,21,0,D,2,2,0,1,19,200,3,, -1,2,0,1,70,13,12,2021,08:10,3,35,35081,1,1,0,6,"RD 21, clairville",48.182477,-1.85302,8,2,1
202100029986,148Â 196,A01,1,1,1,5,2,6,-1,-1, -1,-1,2021,28.0,1,1,0,2,1,2,1,,4,ROOSEVELT (BD FRANKLIN),0,,2,2,0,1,(1),(1),1,, -1,2,0,1,50,7,7,2021,20:20,2,35,35238,2,1,1,2,ROOSEVELT (BD FRANKLIN),48.09784,-1.65622,20,2,2
202100022438,161Â 531,B01,3,2,1,9,1,0,-1,-1, -1,-1,2021,6.0,2,2,0,2,4,2,1,,2,BOULEVARD ALEXANDER FLEMING,0,,3,0,0,1,1,214,3,, -1,1,0,1,70,26,8,2021,17:30,1,44,44109,1,1,0,4,BOULEVARD ALEXANDER FLEMING,47.25798,-1.55406,17,4,3
202100024331,158Â 179,A01,1,1,1,5,2,0,-1,-1, -1,-1,2021,17.0,3,1,0,0,0,1,1,,4,JUSTICE (CHEMIN),0,,2,2,0,2,1,0,1,, -1,1,0,1,50,13,8,2021,23:30,5,92,92019,2,1,0,7,JUSTICE (CHEMIN),48.7666752144,2.2639567405,23,1,1
202100032768,143Â 202,A01,1,1,2,3,2,6,-1,0,0,-1,2021,46.0,3,1,0,0,8,15,1,,3,,0,,1,2,0,1,0,200,1,,4,1,0,1,50,19,6,2021,19:30,1,28,28348,2,1,0,7,Rue Cupidon,48.7663,1.196445,19,1,1
202100041704,127Â 065,A01,2,2,1,4,1,-1,-1,0,0,-1,2021,41.0,1,5,0,2,2,26,1,,1,7,0,,1,5,0,1,97,70,1,, -1,1,0,1,130,3,5,2021,07:49,1,26,26337,1,1,0,2,Autoroute 7 ,44.715941,4.785018,7,3,2
202100023185,160Â 175,A01,1,1,1,5,8,-1,-1,0,0,-1,2021,28.0,2,2,17,0,2,14,1,,3,3,-1,,2,2,0,1,20,400,1,, -1,1,0,3,80,22,8,2021,04:50,3,18,18057,1,1,0,6,D3,46.571444,2.218981,4,1,1
202100034092,140Â 825,A01,1,1,1,9,2,0,-1,0,0,-1,2021,35.0,1,1,0,2,1,18,5,,4,BOULEVARD DE COURCELLES,0,,1,1,0,1,(1),(1),1,, -1,1,0,1,30,16,6,2021,17:40,1,75,75117,2,1,0,3,BOULEVARD DE COURCELLES,48.88001,2.307152,17,2,2
202100020273,165Â 397,A01,10,3,1,5,8,8,-1,3,3,1,2021,34.0,2,2,0,1,1,19,1,,4,QUINT (RUE CHARLES),0,,2,2,0,1,(1),(1),1,, -1,1,0,1,50,7,9,2021,20:09,1,59,59512,2,1,0,6,QUINT (RUE CHARLES),50.6848657047,3.1712856889,20,2,1
202100051927,108Â 887,B01,2,2,1,4,8,0,-1,0,0,-1,2021,23.0,2,5,1,2,1,24,1,,4,RUE DU FAUBOURG SAINT ANTOINE,0,,2,4,2,2,(1),(1),1,, -1,5,0,1,50,10,2,2021,12:00,1,75,75111,2,1,1,2,RUE DU FAUBOURG SAINT ANTOINE,48.849886,2.3860341,12,2,2
202100030904,146Â 521,B01,1,1,1,5,0,-1,-1,0,0,-1,2021,13.0,3,1,0,2,3,19,6,,3,15,-1,E,2,2,0,2,1,703,2,,4,1,0,1,80,30,6,2021,18:30,1,31,31066,1,3,0,3,D15E,43.787903,1.573867,18,2,2
202100015328,174Â 307,A01,1,1,1,0,8,0,-1,-1, -1,-1,2021,28.0,2,2,1,0,8,1,1,,3,FORT MARDYCK - ROUTE,0,,2,1,0,4,1,0,3,, -1,1,0,1,50,3,10,2021,15:10,1,59,59183,2,1,0,6,FORT MARDYCK - ROUTE,51.0264214084,2.3121686287,15,3,1
202100042197,126Â 195,A01,1,1,1,1,1,0,-1,0,0,-1,2021,45.0,1,2,6,0,2,1,1,,3,AGUESSEAU (ROUTE D'),0,,2,2,0,1,499,0,3,, -1,1,0,1,70,28,4,2021,14:40,1,14,14715,2,1,0,6,D74,49.36487,0.10409,14,1,1
202100032694,143Â 327,A01,2,2,2,5,1,0,-1,0,0,-1,2021,45.0,2,2,0,2,1,2,1,,4,PORTE DES LILAS,0,,1,4,0,2,(1),(1),2,, -1,1,0,1,70,20,6,2021,18:00,1,75,75119,2,4,0,4,PORTE DES LILAS,48.880749,2.405164,18,4,3
202100007199,188Â 886,A01,1,1,1,9,1,8,-1,-1, -1,-1,2021,71.0,2,2,0,2,3,13,1,,3,RD263,0,,2,2,0,1,38,869,1,, -1,1,0,1,80,9,11,2021,13:25,1,67,67180,1,1,0,1,RD263,48.89578,7.8436,13,2,2
202100033637,141Â 642,B01,1,1,2,5,2,0,-1,0,0,-1,2021,63.0,1,0,0,2,4,23,3,,4,PLACE DENFERT ROCHEREAU,0,,1,7,0,1,(1),(1),1,, -1,2,8,1,50,18,6,2021,17:10,1,75,75114,2,7,1,2,PLACE DENFERT ROCHEREAU,48.833392,2.332647,17,2,2
202100034087,140Â 832,B01,1,1,1,5,2,8,-1,-1, -1,-1,2021,62.0,3,1,0,2,4,16,5,,4,GAMBETTA ( BOULEVARD ),0,,2,2,1,1,0,0,1,, -1,1,0,1,50,8,6,2021,14:51,1,2,2722,2,6,0,2,GAMBETTA ( BOULEVARD ),49.37645,3.3297,14,2,2
202100038353,133Â 079,A01,1,1,1,4,2,8,-1,-1, -1,-1,2021,26.0,1,1,1,0,2,14,3,,4,DE GAULLE ( AVE DU GENERAL ),0,,2,2,2,1,(1),(1),1,, -1,1,0,5,30,21,5,2021,20:38,1,56,56121,2,1,0,6,DE GAULLE ( AVE DU GENERAL ),47.74021,-3.37652,20,1,1
202100009630,184Â 493,A01,1,1,2,1,2,6,-1,-1, -1,-1,2021,48.0,1,1,0,0,0,1,1,,3,RABELAIS (BD),0,,3,2,0,1,0,0,1,, -1,1,0,1,30,2,11,2021,14:30,1,94,94068,2,1,0,7,RABELAIS (BD),48.80552,2.48228,14,1,1
202100046606,118Â 462,A01,2,2,2,0,2,8,-1,-1, -1,-1,2021,24.0,3,1,0,4,7,19,1,,4,AVENUE BENOÃT FRACHON,0,,2,4,3,1,(1),(1),1,, -1,1,5,1,30,25,3,2021,11:41,1,38,38421,2,2,0,3,Avenue Benoit Frachon,45.179,5.75532,11,3,2
202100049053,114Â 074,A01,1,1,1,5,8,0,-1,-1, -1,-1,2021,38.0,2,1,0,2,1,1,1,,4,JUDES TURIAF (AVENUE PROF.),0,,2,2,0,1,(1),(1),1,, -1,1,0,1,50,4,3,2021,18:40,5,972,97209,2,2,0,3,JUDES TURIAF (AVENUE PROF.),14.60811,-61.04981,18,2,2
202100050039,112Â 298,A01,1,1,1,1,2,8,-1,-1, -1,-1,2021,36.0,2,1,0,2,1,1,1,,3,BARBEZIEUX (AVENUE DE),0,,2,2,0,1,11,730,2,4,6,1,5,1,50,26,2,2021,08:02,2,16,16089,2,6,0,3,Av de Barbezieux,45.681407,-0.32858,8,2,2
202100036424,136Â 599,A01,10,3,1,2,0,-1,-1,3,3,2,2021,6.0,3,1,0,1,1,19,5,,4,ALLONNEAU(AUGUSTE) BOULEVARD,0,,2,2,0,1,1,0,1,, -1,1,0,1,50,3,6,2021,17:05,1,49,49007,2,1,0,6,ALLONNEAU(AUGUSTE) BOULEVARD,47.484,-0.5269,17,2,1
202100035120,138Â 928,A01,1,1,1,0,2,6,-1,0,0,-1,2021,24.0,3,1,0,2,1,17,1,,3,217,-1,,2,2,0,1,(1),(1),1,, -1,1,0,1,80,11,6,2021,18:30,1,47,47252,1,1,0,3,Rte de Sautoul,44.412706,0.602368,18,2,2
202100012988,178Â 525,A01,1,1,1,5,2,6,-1,0,0,-1,2021,17.0,3,1,0,0,8,1,1,,4,,0,,2,2,0,2,(1),(1),2,,3,9,0,1,50,16,10,2021,15:10,1,69,69140,2,3,0,7,BEAULIEU (DE) (MO),45.887458,4.701816,15,1,1
202100006925,189Â 389,B01,1,1,2,1,2,-1,-1,0,0,-1,2021,30.0,1,1,0,2,1,9,0,,4,JAURES JEAN (DE 44 A 108 ET 45 A 103),0,,-1,1,0,2,(1),(1),1,, -1,1,5,1,50,21,11,2021,16:00,1,29,29019,2,6,1,2,Rue Jean JaurÃ¨s,48.39296,-4.47928,16,2,2
202100055351,102Â 898,B01,2,2,2,9,1,0,-1,0,0,-1,2021,31.0,3,2,0,2,4,23,1,,4,AVENUE MARCEAU,0,,2,3,0,2,(1),(1),1,, -1,2,0,1,50,12,1,2021,13:00,1,75,75116,2,2,1,2,AVENUE MARCEAU,48.869674,2.298249,13,3,2
202100001804,198Â 575,A01,1,1,2,1,1,-1,-1,0,0,-1,2021,63.0,1,2,2,0,3,1,1,,3,12,-1,,2,2,0,1,34,200,2,, -1,7,0,1,80,22,12,2021,09:25,1,4,4041,1,1,0,6,RD 12,43.929457,5.960662,9,1,1
202100000200,201Â 383,A01,1,1,1,5,2,-1,-1,-1, -1,-1,2021,18.0,3,1,0,1,1,18,1,,4,CARNOT ( BOULEVARD ),0,,3,1,0,1,(1),(1),1,, -1,1,0,1,50,29,5,2021,18:00,1,62,62041,2,1,0,6,CARNOT ( BOULEVARD ),50.287639,2.773255,18,2,1
202100051677,109Â 324,A01,10,3,2,2,0,-1,-1,3,3,1,2021,57.0,1,2,0,1,1,15,1,,4,REPUBLIQUE (AVENUE DE LA),0,,2,2,0,1,(1),(1),1,, -1,1,0,1,30,12,2,2021,16:36,1,37,37214,2,1,1,6,REPUBLIQUE (AVENUE DE LA),47.40402948,0.6675481796,16,2,1
202100039460,131Â 074,B01,1,1,1,9,1,0,-1,-1, -1,-1,2021,47.0,1,2,0,2,4,1,1,,3,FRANCOIS MITTERAND ( AVENUE),0,,3,2,0,1,76,119,1,, -1,1,0,1,50,17,5,2021,06:40,1,31,31483,2,1,0,2,FRANCOIS MITTERAND ( AVENUE),43.11233,0.74622,6,2,2
202100003830,194Â 905,A01,10,3,2,2,0,-1,-1,4,5,1,2021,10.0,1,5,0,1,1,1,1,,4,BOULEVARD NEY,0,,1,2,1,1,(1),(1),1,, -1,1,8,1,50,9,12,2021,08:30,1,75,75118,2,1,0,6,BOULEVARD NEY,48.897967,2.341513,8,2,1
202100053541,106Â 016,B01,1,1,1,1,9,-1,-1,0,0,-1,2021,23.0,1,1,0,2,1,16,5,,3,93A,0,D,2,2,0,1,(1),(1),4,, -1,2,0,1,50,28,1,2021,08:05,2,59,59258,1,1,1,1,rue de la bertellerie,50.540197,3.220475,8,2,2
202100055472,102Â 691,A01,1,1,1,0,1,0,-1,0,0,-1,2021,19.0,1,2,6,0,1,1,1,,4,,0,,2,2,0,1,(1),(1),1,, -1,1,0,8,50,8,1,2021,20:00,4,63,63113,2,1,0,6,TROIS RESISTANTS (RUE DES),45.79518,3.0768,20,1,1
202100030635,147Â 000,A01,10,3,1,5,0,-1,-1,1,5,2,2021,12.0,2,2,0,1,3,26,1,,3,224,0,,2,1,0,2,0,800,1,, -1,1,0,1,80,5,7,2021,18:20,1,47,47030,1,1,0,6,D224,44.288807,0.870624,18,4,1
202100017943,169Â 553,A01,1,1,1,9,0,-1,-1,0,0,-1,2021,29.0,1,1,0,2,8,1,3,,3,27,-1,,2,2,0,2,12,250,1,, -1,1,0,1,50,20,9,2021,17:10,1,13,13011,2,1,0,1,departementale 27,43.740503,4.789824,17,3,2
202100033423,142Â 027,A01,1,1,2,9,2,0,-1,0,0,-1,2021,16.0,1,1,0,2,8,8,5,,4,RUE DE LA CHAPELLE,0,,2,4,3,1,(1),(1),1,, -1,1,0,6,50,18,6,2021,12:40,1,75,75118,2,4,0,3,RUE DE LA CHAPELLE,48.890849,2.359921,12,2,2
202100003414,195Â 655,B01,2,2,2,4,1,8,-1,-1, -1,-1,2021,36.0,0,5,4,0,5,0,1,,2,RN87,0,,3,4,0,1,1,591,1,, -1,2,0,1,90,11,12,2021,21:20,3,38,38151,1,1,1,5,RN87,45.15296,5.71687,21,7,4
202100004170,194Â 299,A01,1,1,2,1,2,6,-1,0,0,-1,2021,51.0,3,1,0,0,8,21,1,,4,,-1,,2,1,0,1,(1),(1),1,,3,2,0,1,80,7,12,2021,07:20,3,27,27112,1,1,0,7,Rue de la Couture,48.802454,0.887752,7,1,1
202100000084,201Â 603,A01,1,1,2,1,1,8,-1,-1, -1,-1,2021,48.0,1,2,0,2,3,1,1,,3,VICTOR GUICHARD (RUE),0,,2,2,0,1,0,600,1,, -1,1,5,1,50,18,12,2021,04:30,5,89,89387,2,2,0,3,VICTOR GUICHARD (RUE),48.20501,3.28493,4,2,2
202100053800,105Â 587,B01,1,1,1,1,1,5,-1,0,0,-1,2021,48.0,1,2,0,2,1,1,1,,3,978,-1,,2,2,0,1,25,700,1,, -1,7,0,1,80,26,1,2021,07:35,2,8,8468,1,1,0,1,RD 978,49.780211,4.46429,7,2,2
202100000920,200Â 103,A01,1,1,1,0,1,-1,-1,0,0,-1,2021,90.0,1,2,0,2,1,2,1,,3,994,-1,,2,2,0,1,45,735,1,, -1,1,0,1,50,30,12,2021,17:48,5,5,5179,2,3,0,2,Route de Gap,44.538552,5.837066,17,2,2
202100044662,121Â 882,A01,10,3,1,5,0,-1,-1,4,3,1,2021,67.0,1,5,0,1,2,15,1,,4,BRIAND (RUE ARISTIDE),0,,2,2,0,1,0,0,1,, -1,1,0,1,50,7,4,2021,10:15,1,87,87085,2,1,0,6,BRIAND (RUE ARISTIDE),45.84554,1.27728,10,2,1
202100051198,110Â 160,B01,1,1,1,0,2,0,-1,-1, -1,-1,2021,20.0,1,1,0,2,1,1,1,,4,R JULIETTE SAVAR,0,,-1,4,0,1,1,0,1,, -1,1,0,1,50,16,2,2021,13:35,1,94,94028,2,2,0,1,SAVAR.(RUE JULIETTE),48.77797,2.46671,13,2,2
202100026305,154Â 673,A01,1,1,2,5,1,8,-1,-1, -1,-1,2021,30.0,3,2,0,2,1,1,1,,7,GANCE (BOULEVARD ABEL),0,,2,3,0,2,7,0,1,, -1,1,0,1,50,30,7,2021,15:00,1,37,37261,2,1,0,2,GANCE (BOULEVARD ABEL),47.4089075539,0.7207900286,15,3,2
202100029235,149Â 503,A01,1,1,2,3,1,-1,-1,0,0,-1,2021,36.0,2,2,2,0,1,1,1,,3,536,-1,,2,2,0,1,36,900,1,, -1,1,0,3,80,13,7,2021,09:45,1,7,7156,1,1,0,6,Le Pradel,44.680921,4.283322,9,1,1
202100019584,166Â 626,B01,1,1,1,0,1,-1,-1,0,0,-1,2021,60.0,1,2,0,0,1,1,1,,3,D25E,0,E,2,2,0,1,4,777,1,, -1,1,0,1,-1,11,9,2021,15:50,1,34,34213,1,3,0,4,Avenue de SÃ¨te,43.474474,3.678349,15,3,3
202100017618,170Â 127,A01,10,3,1,2,0,-1,-1,3,3,2,2021,6.0,2,2,0,1,1,1,1,,4,BORRELY (RUE ALEXANDRE),0,,2,1,0,2,0,0,1,, -1,1,0,1,30,21,9,2021,17:45,1,83,83137,2,1,0,6,BORRELY (RUE ALEXANDRE),43.1319,5.93507,17,2,1
202100047689,116Â 513,A01,1,1,1,5,1,-1,-1,0,0,-1,2021,21.0,2,2,6,0,2,0,0,,3,,0,,2,2,0,1,9,965,1,, -1,1,0,3,80,17,3,2021,02:00,3,85,85087,1,1,0,6,D3,46.539307,-0.622294,2,1,1
202100027356,152Â 822,B01,1,1,2,1,1,-1,-1,-1, -1,-1,2021,53.0,1,2,0,2,4,2,1,,3,ABBAYE (RUE DE L'),0,,3,4,1,1,28,275,3,, -1,1,0,1,50,22,7,2021,09:05,1,50,50129,2,1,0,2,ABBAYE (RUE DE L'),49.64664,-1.64227,9,2,2
202100012058,180Â 156,B01,1,1,1,1,1,0,-1,-1, -1,-1,2021,41.0,2,2,0,2,2,1,1,,3,FONTAINEBLEAU (AV DE),0,,1,1,0,1,1,0,1,, -1,1,0,1,50,20,10,2021,12:40,1,94,94073,2,3,0,3,Avenue de Fontainebleau,48.74787,2.36934,12,2,2
202100028877,150Â 105,A01,1,1,2,0,2,8,-1,-1, -1,-1,2021,32.0,0,1,0,0,0,1,1,,4,DU PONANT (RUE),0,,2,0,0,1,0,0,1,, -1,1,0,1,30,13,7,2021,09:10,1,92,92078,2,1,0,7,DU PONANT (AVENUE),48.9440996409,2.3275889018,9,1,1
202100022207,161Â 951,B01,1,1,1,4,1,-1,-1,-1,0,-1,2021,36.0,1,5,0,2,4,2,1,,3,RD 170 ,0,,3,4,0,1,13,899,1,, -1,1,0,1,90,28,8,2021,08:00,1,95,95277,1,1,0,2,RD 170 ,48.97811,2.44749,8,2,2
202100015396,174Â 187,A01,1,1,1,5,1,-1,-1,0,0,-1,2021,30.0,2,2,0,2,4,26,1,,3,37,0,D,2,2,0,1,29,300,3,, -1,2,0,1,80,3,10,2021,18:00,2,58,58244,1,1,1,7,D37,47.042562,3.862832,18,2,2
202100028132,151Â 419,B01,1,1,1,4,2,8,-1,-1, -1,-1,2021,25.0,3,1,0,2,1,1,3,,4,DUPUIS (BOULEVARD DANIEL),0,,2,2,0,2,(1),(1),4,, -1,2,0,1,50,19,7,2021,21:05,2,41,41018,2,1,1,2,DUPUIS (BOULEVARD DANIEL),47.5818,1.32375,21,2,2
202100009773,184Â 226,A01,1,1,2,1,1,0,-1,-1, -1,-1,2021,22.0,0,2,0,2,1,1,1,,4,TILLON (AVENUE CHARLES),0,,3,5,2,1,0,0,1,, -1,2,0,1,50,2,11,2021,19:00,5,35,35238,2,9,1,3,TILLON (AVENUE CHARLES),48.12434,-1.71314,19,2,2
202100030021,148Â 129,B01,1,1,1,9,2,0,-1,0,0,-1,2021,25.0,2,1,0,2,1,1,5,,4,BOULEVARD DE MAGENTA,0,,3,2,1,2,(1),(1),1,, -1,1,5,5,50,8,7,2021,16:20,1,75,75110,2,5,0,3,BOULEVARD DE MAGENTA,48.874857,2.357288,16,2,2
202100042279,126Â 052,A01,1,1,1,5,1,0,-1,-1, -1,-1,2021,26.0,0,2,0,2,1,1,1,,4,ESPAGNE (ROUTE D'),0,,3,2,0,1,(1),(1),1,, -1,1,0,1,50,20,2,2021,15:42,1,66,66136,2,1,0,2,ESPAGNE (ROUTE D'),42.67949,2.89245,15,3,2
202100006358,190Â 434,A01,1,1,2,4,0,-1,-1,0,0,-1,2021,22.0,3,5,0,2,2,1,1,,4,00,2,X,2,2,0,1,(1),(1),1,, -1,1,0,1,50,26,11,2021,11:20,1,69,69273,2,1,0,2,Avenue de Montmartin,45.670399,4.921435,11,2,2
202100016079,172Â 904,A01,2,1,1,0,2,0,-1,-1, -1,-1,2021,46.0,1,1,0,2,1,2,1,,3,ROUTE DE BOULIQUI,0,,-1,0,0,1,(1),(1),3,, -1,1,0,1,50,27,9,2021,14:23,1,971,97101,1,1,0,2,ROUTE DE BOULIQUI,16.2580964432,-61.4552235603,14,2,2
202100036173,137Â 033,A01,1,1,1,0,2,-1,-1,0,0,-1,2021,44.0,0,1,0,2,1,2,1,,3,613,-1,D,2,2,0,4,50,400,1,, -1,1,0,1,90,7,6,2021,18:45,1,34,34213,1,1,0,2,Chemin des Moulieres,43.467949,3.672395,18,2,2
202100043179,124Â 479,B01,1,1,1,0,2,0,-1,-1, -1,-1,2021,23.0,1,1,0,2,1,2,1,,3,BARBEZIEUX (AVENUE DE),0,,2,2,0,1,1,0,1,0,"6,2",1,0,1,50,20,4,2021,14:00,1,16,16089,2,1,0,1,Lieu-Dit La Pointe Ã  Rullaud,45.668519,-0.326346,14,2,2
202100024167,158Â 461,A01,1,1,1,0,0,-1,-1,0,0,-1,2021,31.0,0,1,6,0,1,1,1,,3,337,-1,,2,2,0,1,5,300,1,,4,1,0,4,50,14,8,2021,20:45,2,80,80417,2,3,0,6,46 Rue de Lihons,49.847464,2.674898,20,1,1
202100048638,114Â 816,A01,1,1,2,9,1,-1,-1,-1, -1,-1,2021,30.0,2,2,4,0,9,0,1,,1,AUTOROUTE A 10,0,,1,2,0,1,530,879,1,, -1,1,9,1,50,10,3,2021,19:32,5,33,33143,1,1,0,6,,44.974786,-0.433319,19,1,1
202100038664,132Â 524,A01,1,1,1,9,8,0,-1,-1, -1,-1,2021,14.0,2,1,1,0,6,1,5,,4,,0,,1,1,0,2,0,0,3,, -1,1,0,4,50,23,5,2021,12:15,1,92,92040,2,1,0,6,DEFENSE (DE LA),48.8194699722,2.2615251424,12,1,1
202100053190,106Â 658,Z01,10,3,1,5,8,8,-1,2,1,1,2021,20.0,1,2,0,1,1,1,1,,4,CARREROT,0,,-1,1,0,1,0,0,1,, -1,2,0,1,50,29,1,2021,08:40,1,64,64335,2,1,1,6,CARREROT,43.3303,-0.42306,8,2,1
202100000326,201Â 137,A01,10,3,2,9,0,-1,-1,5,9,1,2021,75.0,0,3,0,1,1,1,3,,3,,-1,,2,2,1,1,23,350,1,, -1,1,4,4,50,19,2,2021,06:30,2,73,73011,2,8,0,6,D990  PN 21,45.6666896634,6.3703257092,6,2,1
202100036093,137Â 165,A01,1,1,1,5,2,8,-1,0,0,-1,2021,58.0,3,1,0,2,1,2,5,,4,ROUTE DES TRIBUNES,0,,2,2,1,1,(1),(1),1,, -1,1,-1,5,50,6,6,2021,10:28,1,75,75116,2,1,0,4,ROUTE DES TRIBUNES,48.860609,2.229851,10,3,3
202100000252,201Â 273,A01,10,3,1,2,0,-1,-1,3,B,1,2021,12.0,3,3,0,1,8,16,1,1.0,6,VERDANNES (ROUTE DES),0,,-1,-1,3,1,1,0,1,, -1,2,6,8,10,4,10,2021,07:48,1,74,74119,1,9,1,6,VERDANNES (ROUTE DES) ,46.39,6.58,7,2,1
202100031999,144Â 546,A01,10,3,1,-1,0,0,0,5,1,1,2021,33.0,1,2,0,2,6,26,1,,4,ROSNY (AVENUE),0,,1,1,0,1,1,0,1,, -1,1,9,1,30,26,6,2021,23:45,5,93,93049,2,9,0,5,Avenue de Rosny,48.871897,2.509142,23,4,3