Num_Acc,id_vehicule,num_veh,place,catu,sexe,trajet,secu1,secu2,secu3,locp,actp,etatp,year_acc,victim_age,senc,catv,obs,obsm,choc,manv,motor,occutc,catr,voie,v1,v2,circ,nbv,vosp,prof,pr,pr1,plan,lartpc,larrout,surf,infra,situ,vma,jour,mois,an,hrmn,lum,dep,com,agg_,int,atm,col,adr,lat,long,hour,nb_victim,nb_vehicules
202100017955,169Â 532,A01,1,1,1,4,1,-1,-1,0,0,-1,2021,39.0,3,4,0,0,0,13,1,,4,,0,,2,1,0,1,(1),(1),2,,3,1,0,1,80,21,9,2021,16:10,1,50,50099,1,1,0,7,Ld la Gallioterie,49.276219,-1.270616,16,2,1
202100049647,112Â 998,A01,2,2,2,5,2,8,-1,0,0,-1,2021,41.0,1,1,0,2,2,17,1,,3,PARIS (ROUTE DE),0,,2,2,0,4,4,25,1,, -1,1,0,1,50,28,2,2021,16:30,1,27,27375,2,3,0,3,PARIS (ROUTE DE),49.20697,1.18806,16,3,2
202100027468,152Â 630,A01,1,1,1,5,6,2,-1,0,0,-1,2021,37.0,1,1,0,0,1,1,1,,3,27,0,,2,2,0,2,18,800,2,, -1,1,0,3,80,23,7,2021,20:00,1,68,68247,1,1,0,7,D27,47.950314,7.001359,20,1,1
202100001793,198Â 591,A01,1,1,1,5,0,-1,-1,0,0,-1,2021,20.0,3,2,13,0,2,0,1,,4,5,-1,,2,2,0,1,(1),(1),1,, -1,1,0,3,80,22,12,2021,21:30,3,27,27389,1,1,0,7,Rte de Saint Aubin d Ecrosville,49.147384,0.977225,21,1,1
202100027028,153Â 403,B01,1,1,1,0,2,6,-1,0,0,-1,2021,20.0,2,1,0,2,1,1,1,,3,107,0,D,2,2,0,1,(1),(1),3,, -1,1,0,1,-1,26,7,2021,19:00,1,85,85003,1,2,0,3,RD 107,46.750152,-1.651751,19,2,2
202100021765,162Â 722,B01,1,1,2,0,1,0,-1,-1, -1,-1,2021,33.0,2,2,0,2,3,26,1,,3,CHAMPY-NESLE (BOULEVARD DU),0,,4,3,0,1,0,207,1,, -1,1,5,1,50,29,8,2021,19:50,1,77,77083,2,2,0,3,CHAMPY-NESLE (BOULEVARD DU),48.84839,2.57844,19,2,2
202100039750,130Â 531,C01,1,1,1,0,1,-1,-1,0,0,-1,2021,49.0,1,2,0,2,1,0,1,,3,D28,0,,2,2,0,1,18,450,1,, -1,1,0,1,80,17,5,2021,13:35,1,45,45124,1,1,1,4,D28,48.236308,2.49719,13,3,3
202100021864,162Â 553,A01,1,1,1,5,2,6,9,0,0,-1,2021,28.0,2,1,0,2,1,2,1,,3,557,0,,2,2,0,1,1,0,1,, -1,1,0,1,50,30,8,2021,11:15,1,83,83007,2,1,0,2,RD 557,43.619138,6.222821,11,2,2
202100024298,158Â 239,A01,10,3,2,9,0,-1,-1,1,3,1,2021,55.0,3,2,0,1,3,1,1,,4,ROCADE OUEST (RD 610),0,,3,2,0,1,14,800,2,, -1,1,0,1,110,12,8,2021,04:10,3,10,10362,2,1,0,6,ROCADE OUEST (RD 610),48.291998,4.032548,4,2,1
202100020276,165Â 393,A01,1,1,2,4,1,8,-1,-1, -1,-1,2021,54.0,2,2,0,2,8,9,1,,3,CROIZAT ( AVE AMBROISE ),0,,3,4,0,1,101,100,1,, -1,1,5,1,30,6,9,2021,11:45,1,56,56098,2,6,0,3,LANN-SEVELIN (ROND POINT DE),47.77748,-3.34463,11,2,2
202100007068,189Â 121,A01,1,1,1,5,1,-1,-1,0,0,-1,2021,73.0,2,2,0,2,1,13,1,,3,18,0,,2,3,0,2,3,100,2,, -1,2,0,1,80,19,11,2021,19:00,3,54,54151,1,1,0,1,D18,49.4945212738,5.7497549052,19,2,2
202100031896,144Â 743,A01,1,1,1,4,2,6,-1,0,0,-1,2021,44.0,2,1,0,2,8,2,1,,4,PORTE D IVRY,0,,1,4,0,1,1,700,1,, -1,1,0,1,70,28,6,2021,09:35,1,75,75113,2,1,0,6,PORTE D IVRY,48.81969,2.3737,9,2,2
202100004949,192Â 946,B01,9,2,2,0,8,-1,-1,0,0,-1,2021,8.0,3,2,0,2,1,1,1,,3,2,0,D,2,2,0,2,(1),(1),3,, -1,2,0,1,80,4,12,2021,13:43,1,22,22190,1,1,1,1,D2,48.51073,-2.081019,13,7,2
202100050477,111Â 468,A01,1,1,2,4,1,0,0,0,0,-1,2021,53.0,2,2,0,2,1,9,1,,4,MIMOSAS AVENUE DES,0,,2,2,0,1,(1),(1),1,, -1,1,0,1,30,22,2,2021,09:05,1,6,6027,2,1,0,3,MIMOSAS AVENUE DES,43.65911,7.17674,9,2,2
202100015129,174Â 667,A01,1,1,1,0,1,0,-1,-1, -1,-1,2021,42.0,3,2,0,2,1,2,1,,3,BOISSY (RTE DE),0,,1,2,0,1,0,0,1,, -1,2,0,1,50,1,10,2021,22:40,5,94,94011,1,1,1,2,BOISSY (RTE DE),48.7651284185,2.4915361404,22,2,2
202100029746,148Â 621,A01,1,1,1,5,2,8,-1,0,0,-1,2021,32.0,1,1,15,0,1,1,1,,3,ILES SANGUINAIRES ROUTE DES,0,,2,2,0,1,(1),(1),2,, -1,1,0,1,50,10,7,2021,01:30,5,201,201004,2,1,0,7,ILES SANGUINAIRES ROUTE DES,41.908,8.685,1,1,1
202100053335,106Â 386,A01,1,1,1,1,2,0,-1,-1, -1,-1,2021,28.0,0,1,0,1,1,1,5,,4,PAPU,0,,2,2,0,2,(1),(1),1,, -1,2,0,1,30,28,1,2021,08:50,1,35,35238,2,1,1,6,Rue Papu,48.111114,-1.69711,8,2,1
202100004440,193Â 825,B01,1,1,1,0,2,-1,-1,0,0,-1,2021,14.0,3,1,0,2,1,1,1,,4,,-1,,2,2,0,1,(1),(1),1,,4,2,0,1,50,6,12,2021,17:45,3,49,49331,2,1,1,1,Rue de Court Pivert,47.702928,-0.872197,17,2,2
202100023092,160Â 337,B01,1,1,1,0,0,-1,-1,-1, -1,-1,2021,45.0,0,1,0,0,0,0,0,,4,LECLERC                             (AV),0,,2,4,2,1,(1),(1),1,, -1,1,9,1,50,21,8,2021,23:15,2,69,69387,2,9,0,7,LECLERC (AV),45.73282,4.82378,23,1,1
202100019698,166Â 437,A01,10,3,2,5,0,-1,-1,3,3,2,2021,68.0,1,2,0,1,1,15,1,,4,COLIGNY   AVENUE,0,,-1,2,0,2,(1),(1),1,, -1,1,0,1,30,10,9,2021,16:59,1,17,17300,2,2,0,6,COLIGNY   AVENUE,46.16307,-1.16515,16,2,1
202100008979,185Â 665,A01,1,1,1,0,2,6,-1,-1, -1,-1,2021,22.0,2,1,12,0,2,14,1,,4,,0,,2,2,0,1,0,0,4,, -1,1,0,1,50,6,11,2021,22:47,5,92,92012,2,1,0,7,PIERRE LEFAUCHEUX (AVENUE),48.8256965819,2.2389335381,22,1,1
202100001835,198Â 517,A01,1,1,2,0,0,-1,-1,-1, -1,-1,2021,24.0,1,1,0,2,1,1,3,,4,FERDINAND BUISSON                   (R ),0,,1,1,2,1,(1),(1),1,, -1,1,0,1,30,21,12,2021,08:35,1,69,69383,2,2,0,3,FERDINAND BUISSON (R),45.7519961461,4.8960399628,8,3,2
202100041303,127Â 780,A01,10,3,1,0,0,-1,-1,4,3,1,2021,41.0,3,2,0,1,1,16,1,,4,BLANQUI (RUE),0,,2,2,0,2,0,0,1,, -1,2,0,1,50,4,5,2021,07:05,1,10,10387,2,2,1,6,BLANQUI (RUE),48.29094,4.07022,7,2,1
202100048590,114Â 904,B01,1,1,1,0,2,6,-1,-1, -1,-1,2021,37.0,2,1,0,2,8,1,1,,3,JOFFRE (AVENUE),0,,2,4,0,1,0,1,1,, -1,1,0,1,50,10,3,2021,10:00,1,93,93031,2,1,0,3,JOFFRE (AVENUE),48.95852,2.30104,10,2,2
202100009243,185Â 189,B01,1,1,1,0,2,0,-1,-1, -1,-1,2021,16.0,1,1,0,2,2,1,1,,4,VAL BARIZIEN (RUE DU),0,,2,1,0,1,0,1,1,, -1,1,0,1,50,4,11,2021,13:15,1,52,52121,2,1,0,3,VAL BARIZIEN (RUE DU),48.10486,5.13037,13,2,2
202100029656,148Â 782,B01,1,1,1,5,0,-1,-1,0,0,-1,2021,13.0,1,1,0,2,8,19,5,,2,5,-1,,2,2,0,2,(1),(1),1,, -1,1,0,1,50,10,7,2021,13:00,1,974,97414,2,1,0,3,233 route de cilaos,-21.270684,55.442934,13,2,2
202100021686,162Â 870,A01,1,1,1,5,1,-1,-1,0,0,-1,2021,26.0,1,2,3,0,8,1,1,,2,165,-1,,3,4,3,1,57,734,1,, -1,1,0,1,110,31,8,2021,16:57,1,44,44098,1,1,0,6,RN 165 PR 59+450,47.479972,-2.185678,16,1,1
202100056239,101Â 369,A01,1,1,2,5,1,0,-1,-1, -1,-1,2021,38.0,3,2,0,2,3,9,1,,3,25,0,,-1,2,0,1,0,0,1,, -1,1,0,1,50,4,1,2021,16:20,1,91,91027,2,2,0,3,RUE ANATOLE FRANCE,48.711053,2.382864,16,2,2
202100005160,192Â 553,B01,1,1,1,4,1,-1,-1,0,0,-1,2021,61.0,2,0,0,2,1,1,1,,3,918,-1,,1,2,0,1,113,360,3,, -1,7,0,1,80,3,12,2021,07:25,3,64,64029,1,1,0,1,Route de Lanne,43.113735,-0.741534,7,2,2
202100018024,169Â 410,A01,10,3,1,9,0,-1,-1,2,5,1,2021,23.0,2,5,0,1,3,1,1,,4,QUAI D AUSTERLITZ,0,,2,2,0,1,(1),(1),1,, -1,1,0,1,30,19,9,2021,00:50,5,75,75113,2,1,0,6,QUAI D AUSTERLITZ,48.84067,2.369643,0,2,1
202100041612,127Â 224,B01,1,1,1,0,2,6,-1,0,0,-1,2021,42.0,1,1,0,2,1,1,1,,3,98,0,A,1,2,0,1,62,30,1,, -1,1,0,1,30,4,5,2021,10:15,1,83,83119,2,9,0,2,D98a,43.268222,6.633071,10,2,2
202100033558,141Â 779,B01,1,1,2,0,8,-1,-1,-1, -1,-1,2021,26.0,0,1,0,2,0,0,5,,4,ROGER SALENGRO     (Avenue),0,,2,5,1,1,(1),(1),1,, -1,1,9,1,50,18,6,2021,17:00,1,69,69266,2,2,0,6,ROGER SALENGRO (AV),45.77638,4.87302,17,2,2
202100024625,157Â 643,B01,1,1,1,0,1,-1,-1,0,0,-1,2021,85.0,1,2,0,2,4,23,1,,2,EMILE DIDIER ( AV ),0,,2,2,0,1,70,970,1,, -1,1,0,1,50,10,8,2021,12:10,1,5,5061,2,4,0,2,EMILE DIDIER ( AV ),44.565342,6.092192,12,2,2
202100031324,145Â 749,A01,1,1,1,0,2,0,-1,-1, -1,-1,2021,20.0,0,1,0,2,1,9,1,,4,POSTES (CHEMIN DES),0,,2,2,0,1,0,0,2,, -1,1,0,1,50,2,7,2021,15:15,1,93,93014,2,6,0,3,Chemin des Postes / Allee de la Fosse Maussoin,48.9078,2.53203,15,2,2
202100033949,141Â 080,A01,1,1,1,5,2,-1,-1,0,0,-1,2021,74.0,2,0,0,0,8,13,3,,3,16,-1,,2,2,0,2,16,900,1,, -1,1,0,1,80,18,6,2021,13:40,1,74,74067,1,1,0,7,568 Rte des Creuses,45.879452,6.040882,13,1,1
202100048134,115Â 706,A01,1,1,1,5,1,-1,-1,-1, -1,-1,2021,21.0,2,2,8,0,9,14,1,,3,PERIERS (ROUTE DE),0,,2,2,0,2,2,76,4,, -1,2,9,3,70,12,3,2021,18:05,1,50,50002,1,1,1,7,PERIERS (ROUTE DE),49.118197,-1.148884,18,1,1
202100006390,190Â 374,B01,1,1,2,0,1,-1,-1,-1, -1,-1,2021,54.0,3,2,3,0,2,1,1,,7,MARYSE BASTIE                       (R ),0,,2,2,0,1,0,1,2,, -1,1,0,1,70,24,11,2021,14:20,1,69,69286,1,1,0,1,MARYSE BASTIE (R),45.82858,4.91027,14,2,2
202100046267,119Â 073,B01,1,1,1,5,2,8,-1,0,0,-1,2021,16.0,1,1,0,2,2,2,1,,3,,0,,2,2,0,1,1,374,1,, -1,1,0,1,50,28,3,2021,17:10,1,65,65025,2,1,0,2,70 Avenue Robert Coll,43.005189,-0.083937,17,2,2
202100043969,123Â 086,A01,1,1,2,1,1,-1,-1,0,0,-1,2021,53.0,1,2,6,0,2,1,1,,3,918,0,D,2,2,0,1,44,900,1,, -1,1,0,1,80,15,4,2021,22:30,3,64,64124,1,1,0,7,D 918,43.266722,-1.332382,22,1,1
202100050013,112Â 345,A01,1,1,1,1,0,-1,-1,0,0,-1,2021,24.0,1,1,1,2,1,17,1,,4,BLATIN (RUE),0,,2,1,3,1,(1),(1),1,, -1,1,0,1,50,25,2,2021,12:55,1,63,63113,2,1,0,4,BLATIN (RUE),45.77696,3.08008,12,3,3
202100010598,182Â 785,A01,1,1,1,5,2,-1,-1,0,0,-1,2021,40.0,2,1,0,2,1,1,1,,3,1113,-1,,2,2,0,2,8,800,1,, -1,1,0,1,50,29,10,2021,08:45,1,33,33352,2,3,0,1,D1113,44.580424,-0.02717,8,2,2
202100033405,142Â 056,Z01,10,3,1,5,0,-1,-1,5,3,2,2021,4.0,3,1,0,1,1,25,0,,4,RUE DE BONNE,0,,-1,0,0,1,0,0,1,, -1,1,6,8,30,19,6,2021,21:30,3,38,38185,2,2,0,3,RUE DE LA POSTE,45.18987,5.72699,21,2,1
202100010058,183Â 717,A01,2,2,1,0,2,0,-1,-1, -1,-1,2021,27.0,1,1,0,0,0,0,1,,3,920,0,,3,4,0,1,0,0,1,, -1,1,0,1,50,31,10,2021,02:29,5,92,92002,2,1,0,7,RAYMON ARON (AVENUE),48.7649,2.30958,2,2,1
202100002974,196Â 457,A01,10,3,1,3,0,-1,-1,1,3,1,2021,67.0,2,4,0,1,1,1,1,,3,AV JEAN ROSTAND,0,,3,4,0,1,1,0,1,, -1,1,9,1,50,14,12,2021,12:35,1,94,94011,2,1,0,6,Avenue Jean Rostand,48.76799,2.48734,12,2,1
202100008612,186Â 345,B01,1,1,1,9,2,6,-1,-1, -1,-1,2021,49.0,3,1,0,2,1,1,1,,4,GENERAL LECLERC (AV DU),0,,2,2,0,1,1,0,1,, -1,1,0,1,50,10,11,2021,15:30,1,94,94059,2,9,0,3,Avenue du GÃ©nÃ©ral Leclerc,48.81038,2.5669,15,2,2
202100039804,130Â 431,A01,1,1,2,0,8,0,-1,-1, -1,-1,2021,24.0,2,1,0,2,7,1,5,,4,FRANKLIN                            (R ),0,,1,1,0,1,(1),(1),1,, -1,2,0,1,30,15,5,2021,15:07,1,69,69382,2,2,1,1,FRANKLIN (R),45.7519,4.83109,15,2,2
202100050859,110Â 770,A01,1,1,1,5,2,8,-1,-1, -1,-1,2021,27.0,1,1,14,0,1,5,1,,4,VERDUN RECAMIER                     (VO),0,,2,2,3,1,(1),(1),1,, -1,1,9,6,50,19,2,2021,20:45,5,69,69382,2,1,0,7,VERDUN RECAMIER                     (VO),45.74884,4.830638,20,2,1
202100014908,175Â 067,B01,1,1,2,5,1,-1,-1,0,0,-1,2021,36.0,2,2,0,2,4,1,1,,2,205,0,,1,1,0,2,4,100,3,, -1,1,0,1,70,6,10,2021,19:00,2,202,202042,1,9,0,4,Borgo,42.570509,9.441547,19,4,3
202100046652,118Â 377,A01,10,3,2,3,0,-1,-1,2,3,1,2021,65.0,0,2,1,1,2,13,1,,4,PAUL VAILLANT COUTURIER (R),0,,2,2,0,1,1,0,1,, -1,2,8,1,50,25,3,2021,12:20,1,94,94073,2,1,1,6,PAUL VAILLANT COUTURIER (R),48.76265,2.39362,12,2,1
202100046139,119Â 288,B01,1,1,2,1,1,0,-1,0,0,-1,2021,50.0,1,2,0,2,4,2,1,,4,PLACE DU VINGT CINQ AOUT 1944,0,,1,2,0,1,(1),(1),1,, -1,1,0,1,50,29,3,2021,14:35,1,75,75114,2,7,0,2,PLACE DU VINGT CINQ AOUT 1944,48.8230502299,2.3254914126,14,2,2
202100027008,153Â 441,B01,1,1,1,5,2,6,9,0,0,-1,2021,26.0,1,1,0,2,1,17,1,,3,D10E,0,,2,2,0,1,66,0,1,, -1,1,0,1,80,23,7,2021,19:05,1,40,40075,1,3,0,2,Route de Bayonne,43.861631,-1.162813,19,2,2
202100011422,181Â 305,B01,1,1,1,4,2,6,-1,0,0,-1,2021,28.0,2,1,0,2,7,1,1,,4,AVENUE DE VERSAILLES,0,,2,6,0,1,(1),(1),1,, -1,1,0,1,30,23,10,2021,13:16,1,75,75116,2,2,0,3,AVENUE DE VERSAILLES,48.85128,2.278413,13,2,2
202100008087,187Â 278,A01,1,1,1,3,1,-1,-1,0,0,-1,2021,85.0,3,5,13,2,7,19,1,,3,7,-1,,2,2,0,1,67,640,1,,4,1,0,1,80,15,11,2021,09:10,1,86,86045,1,2,0,3,D7,46.409857,0.147307,9,2,2
202100008929,185Â 756,A01,1,1,1,5,2,6,-1,-1, -1,-1,2021,67.0,1,1,0,2,7,1,1,,4,ETATS UNIS (DES)                    (BD),0,,2,4,3,1,(1),(1),1,, -1,1,0,1,50,7,11,2021,14:00,1,69,69388,2,2,0,2,ETATS UNIS (DES) (BD),45.73713,4.8615,14,2,2
202100022443,161Â 521,B01,1,1,2,1,1,-1,-1,-1, -1,-1,2021,28.0,3,2,4,2,1,12,1,,4,ALLIES (BOULEVARD DES),0,,3,4,0,1,(1),(1),3,, -1,1,0,1,50,26,8,2021,08:35,1,35,35051,1,6,0,3,ALLIES (BOULEVARD DES),48.1028519753,-1.6101327538,8,2,2
202100050944,110Â 618,B01,1,1,1,0,2,0,-1,-1, -1,-1,2021,25.0,2,1,0,2,0,1,1,,3,R DE SUCY,0,,2,2,0,1,1,0,3,, -1,2,5,1,50,18,2,2021,22:00,5,94,94019,2,2,1,3,SUCY (R DE),48.790181,2.522425,22,3,2
202100040681,128Â 909,A01,1,1,2,0,1,-1,-1,0,0,-1,2021,38.0,0,2,0,2,2,19,1,,3,926,0,,2,2,0,1,12,310,1,, -1,1,0,1,80,7,5,2021,19:00,1,27,27137,1,3,0,1,D926,48.7507876993,0.7640440226,19,3,2
202100020805,164Â 459,A01,1,1,2,5,1,-1,-1,-1, -1,-1,2021,20.0,2,2,4,0,2,14,1,,1,AUTOROUTE A 10,0,,3,6,0,2,534,500,1,, -1,1,2,1,130,5,9,2021,20:15,5,33,33487,1,1,0,6,AUTOROUTE A 10,44.951328,-0.461209,20,3,1
202100034109,140Â 790,B01,1,1,2,1,1,0,-1,-1, -1,-1,2021,52.0,1,2,1,2,2,1,1,,4,EUGENE HENAFF (R),0,,2,2,0,1,1,0,1,, -1,1,0,1,50,16,6,2021,14:00,1,94,94081,2,1,0,1,Rue Eugene Henaff,48.79351,2.41219,14,2,2
202100036607,136Â 270,B01,1,1,1,5,2,8,-1,-1, -1,-1,2021,60.0,2,1,0,2,2,1,1,,4,EAU-COURANTE  ( BD DE L' ),0,,2,2,0,1,(1),(1),1,, -1,1,0,1,30,2,6,2021,13:40,1,56,56121,2,1,0,3,EAU-COURANTE  ( BD DE L' ),47.75348,-3.36652,13,2,2
202100028626,150Â 546,A01,1,1,2,0,2,6,-1,-1, -1,-1,2021,69.0,3,1,0,2,2,9,5,,4,BOIS BELIN (RUE DU),0,,1,2,1,1,0,0,1,, -1,1,5,1,50,16,7,2021,11:25,1,64,64024,2,6,0,3,BOIS BELIN (RUE DU),43.4932,-1.52785,11,2,2
202100051620,109Â 423,B01,1,1,2,5,1,-1,-1,0,0,-1,2021,42.0,1,2,0,2,2,1,1,,3,1,0,,2,2,0,1,44,929,1,, -1,1,5,1,50,13,2,2021,16:25,1,10,10209,2,2,0,3,54 Avenue du 28 AoÃ»t 1944,48.2513822485,4.2636085153,16,2,2
202100017105,171Â 055,B01,1,1,1,0,2,0,-1,-1, -1,-1,2021,25.0,3,1,0,2,7,2,1,,3,STRASBOURG (BD DE),0,,4,0,0,1,1,0,1,, -1,1,0,1,50,25,9,2021,21:20,5,94,94052,2,3,0,3,Boulevard de Strasbourg,48.84127,2.4828,21,2,2
202100051333,109Â 914,A01,2,1,1,4,2,6,-1,-1, -1,-1,2021,30.0,1,1,0,2,2,1,1,,3,GENERAL LECLERC (DU) DU 32 A 62,0,,1,3,0,1,0,0,1,, -1,2,0,1,30,16,2,2021,18:35,5,92,92040,2,3,1,3,GENERAL LECLERC (DU) DU 32 A 62,48.82477,2.27503,18,3,2
202100020091,165Â 712,A01,10,3,2,2,0,-1,-1,3,3,1,2021,12.0,3,2,0,1,2,1,1,,4,MARECHAL DE LATTRE DE TASSIGNY (RUE DU),0,,2,2,0,1,(1),(1),1,, -1,1,0,1,50,7,9,2021,13:25,1,10,10387,2,1,0,6,MARECHAL DE LATTRE DE TASSIGNY (RUE DU),48.304,4.09671,13,2,1
202100011972,180Â 319,B01,1,1,2,1,8,-1,-1,-1, -1,-1,2021,24.0,2,1,0,2,7,1,3,,4,FERDINAND BUISSON                   (R ),0,,1,1,2,1,(1),(1),1,, -1,1,0,1,50,20,10,2021,17:20,1,69,69383,2,2,1,3,FERDINAND BUISSON (R),45.74977,4.88975,17,2,2
202100047700,116Â 486,B01,1,1,1,5,1,0,-1,-1,0,-1,2021,49.0,2,2,0,2,7,1,1,,1,AUTOROUTE A3,0,,3,10,0,1,18,0,1,, -1,2,0,1,90,17,3,2021,15:30,1,95,95527,1,1,1,3, A3,48.986360496,2.5069879998,15,2,2
202100046994,117Â 782,A01,1,1,2,0,1,-1,-1,0,0,-1,2021,24.0,2,2,0,0,7,13,1,,3,D5,-1,,2,2,0,1,(1),(1),1,, -1,1,0,1,50,23,3,2021,12:45,1,74,74010,2,3,0,3,Rte de Vieugy,45.859621,6.07928,12,2,2
202100002862,196Â 662,B01,1,1,2,1,1,-1,-1,0,0,-1,2021,31.0,1,2,0,2,3,1,1,,3,50,-1,,3,2,0,1,3,827,1,, -1,1,0,3,90,16,12,2021,18:05,3,77,77185,1,2,0,3,D637,48.463802,2.555094,18,2,2
202100035906,137Â 508,A01,1,1,2,0,1,0,-1,0,0,-1,2021,23.0,1,2,1,0,3,1,1,,4,FRANCE (AVENUE ANATOLE),0,,1,2,2,1,(1),(1),1,, -1,1,0,1,50,7,6,2021,22:20,5,54,54395,2,1,0,3,FRANCE (AVENUE ANATOLE),48.68598,6.15858,22,2,2
202100048562,114Â 948,A01,1,1,1,9,2,0,-1,0,0,-1,2021,28.0,1,1,0,0,0,7,1,,4,AVENUE DE FLANDRE,0,,1,2,3,1,(1),(1),1,, -1,2,-1,6,50,10,3,2021,21:35,5,75,75119,2,2,1,7,AVENUE DE FLANDRE,48.890569998,2.3768772413,21,1,1
202100044901,121Â 462,B01,1,1,1,4,2,6,-1,-1, -1,-1,2021,51.0,1,1,0,2,1,3,1,,2,186,0,,3,4,0,1,48,500,1,, -1,1,0,1,90,7,4,2021,08:45,1,94,94065,1,1,0,2,A86 INT,48.7536127064,2.3611575387,8,2,2
202100026872,153Â 687,A01,1,1,1,0,1,0,-1,-1, -1,-1,2021,24.0,0,2,0,2,7,1,1,,3,VAILLANT (AVENUE EDOUARD),0,,-1,2,0,1,0,1,1,, -1,1,0,1,50,27,7,2021,08:20,1,93,93008,2,3,0,3,VAILLANT (AVENUE EDOUARD),48.91165,2.46491,8,2,2
202100013607,177Â 397,A01,10,3,2,0,0,-1,-1,3,3,1,2021,73.0,0,2,0,1,2,16,1,,4,RAVEL. BOULEVARD MAURICE,0,,2,3,3,1,0,0,3,, -1,1,4,1,50,12,10,2021,16:40,1,76,76322,2,3,0,6,RAVEL. BOULEVARD MAURICE,49.40716,1.04518,16,2,1
202100015386,174Â 206,B01,1,1,1,0,2,6,-1,0,0,-1,2021,36.0,1,1,0,2,1,1,1,,3,124,0,D,2,2,0,1,6,340,2,,"4,8",1,0,1,50,4,10,2021,08:45,1,79,79216,2,1,0,1,42 Rue Saint Martin,46.255439,-0.343932,8,2,2
202100021977,162Â 346,A01,1,1,1,5,1,-1,-1,0,0,-1,2021,23.0,1,2,13,0,2,0,1,,3,45,-1,,2,2,0,1,1,510,1,, -1,1,0,3,70,29,8,2021,20:45,2,89,89104,1,1,0,6,d45,47.799437,3.812142,20,1,1
202100017984,169Â 479,A01,1,1,1,0,1,-1,-1,-1, -1,-1,2021,35.0,3,2,6,2,1,5,1,,4,TUNNEL ROUTIER RUE TERME     (XX),0,,1,1,0,2,(1),(1),1,, -1,2,1,1,50,19,9,2021,02:47,5,69,69381,2,1,1,6,TERME (R),45.769808168,4.8309650341,2,1,1
202100033694,141Â 535,A01,1,1,1,5,2,6,9,0,0,-1,2021,61.0,2,1,0,2,6,2,1,,3,,0,,2,2,0,2,7,292,1,,5,1,0,1,90,19,6,2021,12:15,1,43,43071,1,1,0,2,lieu dit les fauchers,45.2752689666,3.8324046135,12,3,2
202100030475,147Â 298,A01,1,1,1,5,2,6,-1,0,0,-1,2021,17.0,1,1,8,0,0,1,1,,3,32,0,,2,2,0,1,61,650,1,, -1,1,0,1,30,6,7,2021,18:20,1,53,53250,2,1,0,6,Rue de Bretagne,47.965628,-1.046011,18,1,1
202100016146,172Â 780,A01,1,1,2,9,1,0,-1,-1, -1,-1,2021,55.0,3,2,0,2,1,1,1,,4,SAINT EXUPERY (BOULEVARD),0,,2,2,0,1,0,0,1,, -1,1,0,1,30,27,9,2021,18:00,1,58,58194,2,9,0,2,SAINT EXUPERY (BOULEVARD),47.00405,3.15627,18,2,2
202100020900,164Â 291,B01,1,1,1,5,2,6,9,0,0,-1,2021,44.0,2,1,0,2,1,2,1,,3,314,2,,2,2,0,1,1,400,1,, -1,1,0,1,80,4,9,2021,17:35,1,71,71087,1,2,0,3,sur RD 215  la tuilerie,46.567653,4.747446,17,2,2
202100036634,136Â 226,B01,2,2,2,1,1,8,-1,-1, -1,-1,2021,18.0,1,2,0,2,1,1,1,,3,VILLEMOUSTAUSSOU -ROUTE DE-,0,,2,2,0,2,1,0,1,, -1,1,5,1,80,2,6,2021,13:40,1,11,11069,1,3,0,3,VILLEMOUSTAUSSOU -ROUTE DE-,43.23272,2.36206,13,3,2
202100050304,111Â 781,B01,1,1,2,9,1,5,-1,-1, -1,-1,2021,61.0,2,2,0,2,6,9,1,,1,AUTOROUTE A1,0,,1,3,3,1,3,0,1,, -1,1,0,1,50,23,2,2021,12:05,1,972,97213,1,1,1,2,AUTOROUTE A1,14.61812,-61.02766,12,2,2
202100035846,137Â 626,A01,1,1,2,1,1,8,-1,-1, -1,-1,2021,52.0,2,2,0,2,4,23,1,,1,A50-Sens Aubagne vers Marseille,0,,1,3,0,1,8,0,1,, -1,1,0,1,90,8,6,2021,18:10,1,13,13211,1,1,0,4,A50-Sens Aubagne vers Marseille,43.28846,5.4981,18,4,4
202100053385,106Â 297,A01,1,1,1,9,1,-1,-1,0,0,-1,2021,53.0,1,2,8,0,1,1,1,,3,31,-1,,2,2,0,1,21,640,2,, -1,7,0,1,70,25,1,2021,12:25,1,27,27037,1,1,0,6,D31,49.08218,0.821904,12,1,1
202100053484,106Â 113,A01,10,3,2,4,0,-1,-1,2,3,1,2021,48.0,1,5,0,1,4,4,1,,4,RUE CORIOLIS,0,,1,2,1,2,(1),(1),1,, -1,2,0,1,50,27,1,2021,10:25,1,75,75112,2,1,1,6,RUE CORIOLIS,48.837322,2.389775,10,2,1
202100012776,178Â 886,A01,1,1,2,0,1,-1,-1,0,0,-1,2021,18.0,3,2,0,2,8,1,1,,3,975,0,,2,2,0,1,14,769,1,, -1,1,0,1,80,17,10,2021,18:50,2,50,50048,1,2,0,3,D975,48.868748,-1.173359,18,3,2