Num_Acc,id_vehicule,num_veh,place,catu,sexe,trajet,secu1,secu2,secu3,locp,actp,etatp,year_acc,victim_age,senc,catv,obs,obsm,choc,manv,motor,occutc,catr,voie,v1,v2,circ,nbv,vosp,prof,pr,pr1,plan,lartpc,larrout,surf,infra,situ,vma,jour,mois,an,hrmn,lum,dep,com,agg_,int,atm,col,adr,lat,long,hour,nb_victim,nb_vehicules
202100045944,119Â 630,B01,1,1,2,1,8,0,-1,-1, -1,-1,2021,47.0,1,1,0,2,7,19,5,,3,GANCE (BOULEVARD ABEL),0,,2,4,0,1,3,950,3,, -1,1,5,1,50,30,3,2021,08:58,1,37,37261,2,6,1,6,GANCE (BOULEVARD ABEL),47.4300468536,0.7050969796,8,2,2
202100054586,104Â 209,B01,1,1,1,0,8,8,-1,-1, -1,-1,2021,58.0,2,1,0,2,7,1,5,,4,MUSEE DU MOTEUR (ROND-POINT DU),0,,1,1,0,1,0,0,2,, -1,1,0,1,50,17,1,2021,15:40,1,49,49328,2,6,0,3,MUSEE DU MOTEUR (ROND-POINT DU),47.25217,-0.0873,15,2,2
202100038702,132Â 454,A01,1,1,1,9,1,-1,-1,0,0,-1,2021,34.0,1,2,0,0,0,13,1,,2,,0,,2,2,0,1,(1),(1),2,, -1,1,0,3,90,24,5,2021,12:30,1,988,98811,1,1,0,7,RT1 lieu dit la confiance,-21.047276,164.803956,12,1,1
202100027791,152Â 038,B01,1,1,1,0,2,6,-1,0,0,-1,2021,35.0,2,1,0,2,1,1,1,,3,924,0,,2,2,0,1,36,805,1,, -1,1,5,1,90,22,7,2021,12:00,1,41,41276,1,2,0,3,dÃ©partementale 924,47.6363,1.325223,12,3,2
202100024234,158Â 351,B01,1,1,2,9,2,8,-1,-1, -1,-1,2021,20.0,2,1,0,2,1,1,6,,3,MADELEINE (ROUTE DE LA),0,,2,2,0,1,2,150,2,, -1,1,9,1,50,13,8,2021,11:10,1,973,97302,2,4,0,1,MADELEINE (ROUTE DE LA),4.9206223351,-52.3217418195,11,2,2
202100016642,171Â 885,B01,1,1,2,5,8,-1,-1,0,0,-1,2021,65.0,1,1,0,2,1,9,5,,4,PALAY (RUE SIMIN),0,,2,2,0,1,(1),(1),1,, -1,1,0,1,50,26,9,2021,17:55,1,65,65440,2,6,0,3,PALAY (RUE SIMIN),43.23161,0.0615,17,2,2
202100048863,114Â 419,A01,1,1,1,5,2,8,-1,-1, -1,-1,2021,64.0,1,1,0,0,0,1,5,,3,C.D. 287 (VERS ST ROMAIN DE LERPS),0,,2,2,0,2,19,600,3,, -1,2,0,1,50,7,3,2021,12:50,1,7,7281,1,1,0,7,C.D. 287 (VERS ST ROMAIN DE LERPS),44.95213,4.82356,12,1,1
202100039851,130Â 348,A01,1,2,1,0,1,0,-1,-1, -1,-1,2021,27.0,0,2,0,2,7,15,1,,3,GAGNY (ALLEE DE),0,,4,4,0,1,0,1,1,, -1,2,0,1,50,15,5,2021,13:05,1,93,93014,2,2,1,3,AllÃ©e de Gagny / Allee du Chene Pointu,48.90161,2.5467,13,3,2
202100016552,172Â 042,B01,1,1,1,1,2,6,-1,-1, -1,-1,2021,53.0,2,1,0,2,0,0,1,,3,JEAN LOLIVE (AVENUE)(55/73.62/86),0,,3,2,1,1,0,1,1,, -1,2,0,1,50,27,9,2021,12:25,1,93,93055,2,1,1,3,Avenue Jean Lolive,48.89183,2.4066,12,2,2
202100043768,123Â 454,B01,1,1,1,0,1,0,-1,-1, -1,-1,2021,64.0,3,2,0,2,3,13,1,,4,VASCO DE GAMMA (BOULEVARD),0,,2,2,0,1,(1),(1),1,, -1,1,0,1,50,16,4,2021,16:20,1,51,51454,2,2,0,3,Boulevard Vasco de Gama,49.2281948249,4.0363302996,16,2,2
202100005573,191Â 839,A01,1,1,1,5,2,-1,-1,0,0,-1,2021,13.0,1,1,0,2,7,15,5,,3,943,-1,,2,2,0,1,7,0,1,, -1,1,0,1,50,30,11,2021,18:00,5,65,65304,2,1,0,1,Rue Darricau,43.469027,0.034654,18,2,2
202100016147,172Â 779,A01,10,3,1,5,0,-1,-1,3,3,1,2021,21.0,3,2,0,1,3,9,1,,4,MARVINGT (RUE MARIE),0,,2,2,2,1,(1),(1),1,, -1,2,-1,1,50,29,9,2021,22:15,5,54,54328,2,6,0,6,MARVINGT (RUE MARIE),48.62025,6.16771,22,2,1
202100024994,156Â 978,A01,3,2,1,0,1,0,-1,-1, -1,-1,2021,9.0,1,2,0,2,1,19,1,,1,Echangeur Autoroute A25 Pte d'Attas,0,,1,2,0,2,3,0,1,, -1,1,0,1,50,7,8,2021,09:15,1,59,59350,2,2,0,3,ARRAS RUE D,50.61663,3.06312,9,7,2
202100033037,142Â 690,A01,10,3,2,3,0,-1,-1,3,3,2,2021,3.0,1,2,0,1,1,1,2,,7,ALEXANDRE 1ER (RUE),0,,2,2,0,1,(1),(1),1,, -1,2,0,1,30,20,6,2021,19:15,1,54,54482,2,1,1,6,ALEXANDRE 1ER (RUE),48.7001931207,6.2035645545,19,3,1
202100003638,195Â 246,B01,1,1,1,0,2,6,-1,-1, -1,-1,2021,20.0,1,1,0,2,1,1,1,,4,CLEMENT (RUE JEAN-BAPTISTE) COTE PAIR,0,,2,2,0,2,(1),(1),1,, -1,2,0,1,50,9,12,2021,18:10,5,51,51454,2,3,0,3,Rue Jean Baptiste ClÃ©ment,49.2438535801,4.006485343,18,2,2
202100006982,189Â 287,A01,2,1,1,0,1,0,-1,-1, -1,-1,2021,36.0,1,2,4,0,3,21,1,,1,A50-Sens Aubagne vers Toulon,0,,1,3,0,3,28,0,3,, -1,1,0,1,110,21,11,2021,08:20,2,13,13085,1,1,0,6,A50-Sens Aubagne vers Toulon,43.26077,5.59113,8,1,1
202100000963,200Â 032,A01,10,3,2,3,0,-1,-1,3,3,1,2021,83.0,3,2,0,1,3,1,1,,4,BEZIN (BOULEVARD PAUL),0,,2,2,0,1,(1),(1),1,, -1,2,9,8,50,5,1,2021,08:25,4,59,59122,2,1,1,6,BEZIN (BOULEVARD PAUL),50.1726871,3.240283,8,2,1
202100024645,157Â 608,B01,1,1,1,4,2,6,-1,-1, -1,-1,2021,25.0,1,1,0,2,2,17,1,,3,VICTOR HUGO (BD),0,,2,4,0,1,0,0,1,, -1,1,0,1,50,10,8,2021,11:00,1,92,92024,2,3,0,3,VICTOR HUGO (BD),48.8988810419,2.3127839502,11,2,2
202100019971,165Â 937,B01,1,1,1,5,2,-1,-1,0,0,-1,2021,69.0,2,1,0,0,3,21,1,,3,133,0,D,2,2,0,1,39,220,1,, -1,1,0,1,80,7,9,2021,17:30,1,27,27677,1,3,0,7,D133,49.17517,1.048808,17,3,2
202100035277,138Â 645,B01,1,1,1,0,8,0,-1,-1, -1,-1,2021,52.0,1,2,0,2,8,12,0,,3,CONTE (AVENUE NICOLAS),0,,-1,0,0,1,0,0,1,, -1,1,0,1,50,10,6,2021,18:23,1,28,28085,2,1,0,3,CONTE (AVENUE NICOLAS),48.45597,1.54246,18,2,2
202100025498,156Â 087,B01,1,1,1,0,2,0,-1,-1, -1,-1,2021,29.0,2,1,0,2,3,1,1,,3,GABRIEL-PERI (AV),0,,2,2,0,1,(1),(1),1,, -1,1,5,1,50,4,8,2021,23:40,5,93,93070,2,2,0,3,GABRIEL-PERI (AV),48.9085,2.33265,23,2,2
202100035029,139Â 081,A01,1,1,1,1,2,0,-1,-1, -1,-1,2021,30.0,1,1,0,2,1,1,1,,7,COL DE LA GINESTE D559,0,,2,2,0,1,1,0,4,, -1,1,0,1,70,11,6,2021,17:15,1,13,13209,2,1,0,1,COL DE LA GINESTE D559,43.2466711774,5.4495412304,17,2,2
202100012930,178Â 623,A01,1,1,1,5,2,6,9,0,0,-1,2021,42.0,1,1,0,0,0,21,1,,3,29,-1,,2,2,0,1,27,450,2,, -1,1,0,1,90,16,10,2021,19:04,3,12,12266,1,1,0,7,Lieu-dit Prunhac,44.266546,2.880027,19,2,2
202100018344,168Â 836,C01,1,1,1,0,2,0,-1,0,0,-1,2021,34.0,1,1,0,2,4,23,1,,4,BAZIN (RUE HENRI) + (SENTIER),0,,1,2,2,1,(1),(1),1,, -1,1,0,1,50,15,9,2021,19:00,2,54,54395,2,1,0,4,BAZIN (RUE HENRI) + (SENTIER),48.69667,6.19368,19,3,3
202100000441,200Â 917,A01,2,2,2,5,1,-1,-1,0,0,-1,2021,18.0,2,2,0,0,3,13,1,,4,,-1,,2,2,0,1,(1),(1),1,,4,1,0,1,50,28,9,2021,19:35,4,38,38261,2,1,0,1,560 Chemin de Balmette,45.671961,5.46186,19,3,2
202100012839,178Â 774,A01,10,3,2,5,0,-1,-1,2,3,1,2021,72.0,1,3,0,1,2,1,3,,4,FRANCE (PLACE ANATOLE),0,,2,2,3,1,(1),(1),1,, -1,1,9,6,50,15,10,2021,17:00,1,37,37261,2,2,0,6,FRANCE (PLACE ANATOLE),47.396767957,0.6861933511,17,2,1
202100048750,114Â 623,A01,1,1,1,5,0,-1,-1,0,0,-1,2021,16.0,3,1,0,0,0,0,5,,4,,0,,2,1,0,2,(1),(1),1,, -1,1,0,6,30,10,3,2021,14:25,1,1,1262,2,1,0,7,Rue des Ecorchats,45.853326,5.053085,14,1,1
202100021065,164Â 006,B01,1,1,1,1,8,-1,-1,0,0,-1,2021,53.0,1,1,0,2,4,23,1,,3,PROVENCE AVENUE DE,0,,3,2,0,1,47,500,1,, -1,1,0,1,70,3,9,2021,19:30,1,26,26362,2,1,0,2,Avenue de Provence,44.912993,4.877865,19,2,2
202100008055,187Â 333,B01,1,1,1,5,8,0,-1,0,0,-1,2021,55.0,1,1,0,2,8,13,5,,4,BOULEVARD RASPAIL,0,,1,0,3,1,(1),(1),1,, -1,1,-1,6,30,15,11,2021,14:45,1,75,75107,2,4,0,3,BOULEVARD RASPAIL,48.854747,2.325931,14,2,2
202100056450,100Â 996,C01,2,2,2,5,1,-1,-1,0,0,-1,2021,26.0,1,2,0,2,1,1,1,,2,165,0,,3,4,0,1,91,600,1,, -1,2,0,1,110,3,1,2021,19:10,3,29,29053,1,1,0,5,RN 165 - PR: 091+600 en direction de Brest,48.3014477225,-4.1790758647,19,9,5
202100012854,178Â 750,B01,1,1,1,5,2,0,-1,-1, -1,-1,2021,79.0,2,1,0,2,4,15,5,,4,LYSIACK   AVENUE DU COMMANDANT,0,,3,4,2,1,(1),(1),1,, -1,1,0,1,30,16,10,2021,09:20,1,17,17028,2,1,1,2,LYSIACK   AVENUE DU COMMANDANT,46.137032,-1.126104,9,2,2
202100022232,161Â 905,B01,4,2,2,5,1,-1,-1,-1, -1,-1,2021,20.0,1,2,0,2,1,1,1,,7,VERDUN (DE)                         (AV),0,,2,3,2,1,9,900,1,, -1,1,0,1,50,27,7,2021,02:00,5,69,69282,2,2,0,1,VERDUN (DE) (AV),45.77947,4.99693,2,5,2
202100034211,140Â 597,A01,1,1,1,0,2,0,-1,-1, -1,-1,2021,22.0,3,1,0,2,1,2,1,,4,08 MARS(RUE DU),0,,2,2,0,1,0,0,1,, -1,1,0,1,50,14,6,2021,11:20,1,974,97407,2,1,0,6,08 MARS(RUE DU),-20.94075,55.29992,11,2,2
202100007544,188Â 258,B01,1,1,1,0,8,0,-1,-1, -1,-1,2021,28.0,2,2,0,2,6,1,1,,2,RN12,0,,1,3,0,1,24,399,1,, -1,1,0,1,90,17,11,2021,21:35,3,78,78646,1,1,0,2,RN12,48.793511,2.077882,21,2,2
202100035047,139Â 050,A01,2,2,1,5,1,8,-1,-1, -1,-1,2021,20.0,3,2,0,2,3,19,1,,6,PARIS (ROUTE DE),0,,2,0,0,1,29,1054,1,, -1,1,0,1,30,10,6,2021,21:25,2,1,1451,2,3,0,3,PARIS (ROUTE DE),46.235608,5.19766,21,3,2
202100017843,169Â 725,B01,1,1,2,0,2,0,-1,-1, -1,-1,2021,44.0,0,1,0,2,1,26,3,,4,BOULEVARD SALVADOR ALLENDE,0,,1,1,0,1,(1),0,1,, -1,1,0,1,50,20,9,2021,07:20,5,44,44162,2,6,0,3,BOULEVARD SALVADOR ALLENDE,47.21939,-1.62159,7,2,2
202100023512,159Â 607,B01,1,1,2,5,2,-1,-1,0,0,-1,2021,53.0,3,1,0,0,1,1,1,,3,704,-1,D,2,2,0,1,(1),(1),1,, -1,1,0,1,50,20,8,2021,10:00,1,24,24520,2,1,0,3,Route de l AbbÃ© Breuil,44.905239,1.20795,10,2,2
202100036520,136Â 431,A01,1,1,1,5,2,6,9,0,0,-1,2021,60.0,2,1,0,0,7,1,1,,3,514,0,,2,2,0,1,53,500,2,, -1,1,0,1,80,4,6,2021,18:25,1,14,14401,1,1,1,7,D514,49.332184,-0.670702,18,1,1
202100042747,125Â 231,A01,1,1,1,5,0,-1,-1,0,0,-1,2021,46.0,1,1,6,0,1,1,1,,4,,-1,,2,2,0,1,(1),(1),1,, -1,1,0,1,50,24,4,2021,17:30,1,25,25519,2,1,0,7,Chemin de Bief,47.318755,6.810733,17,1,1
202100029148,149Â 644,B01,1,1,2,4,1,0,-1,0,0,-1,2021,26.0,1,2,0,2,4,2,1,,4,PAGNOL (BOULEVARD MARCEL),0,,2,2,0,2,(1),(1),1,, -1,1,0,1,50,13,7,2021,11:55,1,6,6069,2,1,0,2,PAGNOL (BOULEVARD MARCEL),43.645362,6.944253,11,2,2
202100025582,155Â 949,A01,1,1,2,0,1,-1,-1,-1, -1,-1,2021,23.0,2,2,8,0,1,1,1,,7,BOUCLE (DE LA)                      (MO),0,,3,3,0,2,0,700,1,, -1,2,0,8,50,4,8,2021,01:40,5,69,69034,2,1,1,6,SOLDATS (DES) (MO),45.79538,4.85853,1,2,1
202100018236,169Â 011,A01,1,1,1,5,1,-1,-1,0,0,-1,2021,22.0,2,2,1,0,1,0,1,,3,,-1,,2,2,0,1,(1),(1),1,,5,1,0,4,50,19,9,2021,06:50,2,59,59349,2,1,0,6,79 Rue de la Republique,50.099615,3.379167,6,1,1
202100047783,116Â 339,A01,1,1,2,0,1,0,-1,-1, -1,-1,2021,36.0,1,2,0,2,1,1,1,,4,HONORE BARADAT,0,,2,2,0,1,0,0,1,, -1,1,0,1,30,16,3,2021,07:45,1,64,64445,2,2,0,3,HONORE BARADAT,43.3054,-0.36108,7,2,2
202100035236,138Â 721,A01,1,1,1,1,1,8,-1,-1, -1,-1,2021,49.0,2,2,0,2,1,13,1,,4,BOUILIBAYE (CHE DE),0,,2,2,0,1,0,0,1,, -1,1,0,1,30,9,6,2021,16:20,1,83,83129,2,1,0,3,BOUILIBAYE (CHE DE),43.091913,5.83552,16,2,2
202100040127,129Â 876,A01,1,1,1,5,2,-1,-1,0,0,-1,2021,49.0,1,1,0,2,1,1,1,,3,68,-1,,2,2,0,1,(1),(1),1,, -1,1,5,1,80,13,5,2021,16:30,1,22,22118,1,2,0,3,le perroquet vert,48.44671,-1.974449,16,3,2
202100045717,120Â 027,A01,1,1,1,1,1,-1,-1,-1,0,-1,2021,30.0,2,2,13,2,1,1,1,,1,AUTOROUTE A115,0,,3,6,0,2,6,0,1,, -1,1,0,1,70,31,3,2021,23:45,3,95,95607,1,1,0,7,A115,49.01364,2.21904,23,1,1
202100033833,141Â 282,A01,1,1,2,5,1,0,-1,-1, -1,-1,2021,30.0,1,2,15,0,2,1,1,,3,SAINT CHRISTOPHE (ROUTE DE),0,,2,2,0,2,3,330,4,, -1,1,0,3,80,12,6,2021,15:46,1,43,43251,2,1,0,6,SAINT CHRISTOPHE (ROUTE DE),45.0240941703,3.8594090939,15,1,1
202100008224,187Â 012,A01,1,1,1,5,1,8,-1,-1,0,-1,2021,32.0,1,2,0,2,1,1,2,,1,AUTOROUTE A15,0,,3,8,0,1,21,0,1,, -1,2,0,1,90,14,11,2021,06:00,3,95,95572,1,1,1,4,A15,49.03095,2.12216,6,3,3
202100034654,139Â 777,B01,1,1,1,5,9,-1,-1,0,0,-1,2021,41.0,3,1,0,2,0,1,6,,4,,-1,,2,2,0,1,(1),(1),1,,0,1,0,1,50,13,6,2021,09:05,1,79,79226,1,1,0,7,Chemin la Pierre de la Justice,46.560219,-0.443251,9,2,2
202100042062,126Â 442,A01,1,1,1,1,8,0,-1,0,0,-1,2021,40.0,2,0,0,0,0,1,3,,4,RUE DE RICHELIEU,0,,1,2,3,1,(1),(1),1,, -1,1,0,1,50,28,4,2021,11:00,1,75,75102,2,2,0,7,RUE DE RICHELIEU,48.87054,2.339371,11,1,1
202100014385,175Â 998,B01,1,1,1,0,2,6,-1,0,0,-1,2021,36.0,1,1,0,2,1,17,1,,4,JUIN BOULEVARD MARECHAL,0,,2,2,1,1,(1),(1),1,, -1,1,0,1,50,1,10,2021,16:30,1,26,26362,2,1,0,3,101 Boulevard MarÃ©chal Juin,44.91309,4.898001,16,2,2
202100000052,201Â 653,A01,10,3,2,2,0,-1,-1,1,3,1,2021,8.0,2,2,0,1,3,19,1,,4,BOBILLOT (RUE DU SERGENT),0,,2,2,0,1,(1),(1),1,, -1,1,9,1,50,4,10,2021,11:40,1,18,18279,2,1,0,6,BOBILLOT (RUE DU SERGENT),47.22966,2.04858,11,2,1
202100006749,189Â 718,A01,1,1,1,0,2,-1,-1,0,0,-1,2021,16.0,2,1,0,2,1,5,1,,3,D3,-1,,2,2,0,1,(1),(1),1,, -1,2,5,8,50,23,11,2021,18:20,5,59,59319,2,6,0,1,Route d Hondschoote,50.973802,2.439346,18,2,2
202100050958,110Â 593,C01,2,2,1,5,1,-1,-1,0,0,-1,2021,82.0,2,2,0,2,3,1,1,,3,59,-1,,2,1,0,1,2,400,3,, -1,1,0,1,80,19,2,2021,16:40,1,67,67073,1,1,0,5,D1059 - PR 002+400,48.281694,7.36202,16,5,3
202100033450,141Â 978,B01,1,1,1,5,2,6,9,0,0,-1,2021,37.0,1,1,0,2,1,1,1,,3,941,-1,,2,2,0,1,71,600,2,, -1,1,5,1,80,20,6,2021,18:05,1,28,28127,2,5,0,1,La Brosse,48.173319,1.269388,18,2,2
202100022130,162Â 075,B01,2,1,1,0,2,0,-1,-1, -1,-1,2021,39.0,2,1,0,0,0,1,3,,4,,0,,2,2,0,1,0,0,1,, -1,1,0,1,50,28,8,2021,12:12,1,92,92024,2,1,0,7,GUSTAVE EIFFEL (RUE),48.9043045185,2.2957386679,12,2,2
202100002969,196Â 467,A01,1,1,2,1,2,0,-1,0,0,-1,2021,36.0,2,1,0,2,1,1,1,,4,BOULEVARD DE LA CHAPELLE,0,,1,3,1,1,(1),(1),1,, -1,1,0,1,30,14,12,2021,21:05,5,75,75110,2,2,0,2,BOULEVARD DE LA CHAPELLE,48.88428,2.364641,21,2,2
202100015550,173Â 887,B01,1,1,2,5,1,8,-1,-1, -1,-1,2021,34.0,1,2,6,9,4,1,1,,4,BRIEY (RUE DE ),0,,2,2,1,1,0,0,1,, -1,1,0,1,50,30,9,2021,19:40,5,57,57751,2,1,0,2,BRIEY (RUE DE ),49.1528804,6.1384687,19,2,2
202100030865,146Â 590,B01,1,1,1,5,2,0,-1,-1, -1,-1,2021,18.0,2,1,0,2,0,0,1,,3,PARIS (AV DE),0,,2,4,2,1,1,0,1,, -1,1,0,5,70,4,7,2021,02:43,5,94,94076,2,2,0,3,Rue Dauphin,48.80569,2.36369,2,2,2
202100030529,147Â 192,A01,1,1,1,0,2,6,-1,-1, -1,-1,2021,48.0,1,1,0,2,7,7,1,,4,DOCTEUR GAILLETON (DU)              (QU),0,,1,3,3,1,(1),(1),1,, -1,1,0,8,50,5,7,2021,08:35,1,69,69382,2,9,0,3,DOCTEUR GAILLETON (DU) (Q),45.7514,4.8325,8,2,2
202100036643,136Â 209,B01,1,1,1,4,2,6,-1,0,0,-1,2021,33.0,1,1,0,2,2,17,1,,4,RUE ORDENER,0,,2,2,0,1,(1),(1),1,, -1,1,0,1,30,3,6,2021,10:15,1,75,75118,2,1,0,3,RUE ORDENER,48.891279,2.351166,10,2,2
202100015930,173Â 189,A01,10,3,2,5,8,8,-1,3,3,1,2021,60.0,1,2,0,1,1,15,1,,3,BOUVAT (QUAI JULES),0,,1,1,0,1,(1),(1),2,, -1,1,5,1,50,26,9,2021,10:00,1,7,7281,2,1,0,6,BOUVAT (QUAI JULES),44.94367,4.84138,10,2,1
202100028423,150Â 911,A01,1,1,2,0,0,-1,-1,0,0,-1,2021,64.0,3,1,0,2,3,9,5,,3,2,0,D,2,2,0,1,1,158,1,,"3,5",1,0,1,80,19,7,2021,08:45,1,22,22306,1,2,0,3,Le Cordon Blanc,48.363716,-1.970437,8,2,2
202100023871,158Â 957,A01,1,1,1,5,2,8,-1,-1, -1,-1,2021,64.0,1,1,1,0,3,13,1,,4,PRES (RUE DES),0,,2,2,0,1,(1),(1),3,, -1,1,0,1,50,14,8,2021,17:55,1,67,67267,2,1,0,6,PRES (RUE DES),48.55922,7.69161,17,1,1
202100024797,157Â 329,B01,1,1,1,5,2,6,-1,0,0,-1,2021,18.0,1,1,0,2,1,1,1,,3,D437,-1,,2,2,0,1,97,900,1,, -1,1,0,1,50,9,8,2021,15:40,1,25,25356,2,3,0,3,16 Rue du GÃ©nÃ©ral de Gaulle,47.252568,6.801615,15,2,2
202100026988,153Â 471,A01,1,1,2,5,1,-1,-1,0,0,-1,2021,24.0,2,2,0,2,1,5,1,,3,917,-1,,2,2,0,1,3,100,1,, -1,2,0,1,80,26,7,2021,17:25,1,80,80015,1,1,1,1,Route Departementale 917,49.957985,2.972574,17,2,2
202100011224,181Â 670,B01,1,1,1,0,2,6,-1,-1, -1,-1,2021,42.0,0,1,0,2,8,1,1,,3,,-1,,2,-1,-1,1,(1),(1),1,, -1,1,0,1,-1,24,10,2021,14:15,1,27,27375,2,7,1,3,CHAMP DE VILLE (PLACE DU),49.21024,1.16383,14,2,2
202100040141,129Â 846,B01,1,1,1,0,8,-1,-1,-1, -1,-1,2021,29.0,3,0,0,2,1,0,3,,4,CLAUDE BERNARD                      (QU),0,,1,3,1,1,(1),(1),1,, -1,1,0,5,50,12,5,2021,17:40,1,69,69387,2,9,0,3,CLAUDE BERNARD (Q),45.75298,4.83788,17,2,2
202100020881,164Â 324,A01,2,2,2,5,1,0,-1,0,0,-1,2021,23.0,3,2,0,2,7,1,1,,4,ROUTE DE SURESNES,0,,2,4,0,1,(1),(1),1,, -1,1,5,1,50,4,9,2021,15:00,1,75,75116,2,2,0,3,ROUTE DE SURESNES,48.865045,2.234443,15,3,2
202100008138,187Â 172,A01,1,1,1,0,1,-1,-1,0,0,-1,2021,20.0,1,2,0,2,8,19,1,,3,9,-1,,2,2,0,1,7,450,1,, -1,1,0,1,80,24,8,2021,17:12,1,60,60222,1,2,0,3,,49.469044,2.261918,17,3,2
202100016834,171Â 529,Y01,1,1,1,2,2,0,-1,-1, -1,-1,2021,19.0,1,1,0,2,3,1,5,,7,CUZIN (AVE FRANCOIS),0,,2,2,0,1,0,95,1,, -1,1,0,1,50,23,9,2021,14:00,1,83,83137,2,3,0,3,CUZIN (AVE FRANCOIS),43.121928,5.942842,14,2,2
202100038022,133Â 697,B01,2,2,1,5,2,6,-1,-1, -1,-1,2021,12.0,1,1,0,2,5,16,1,,9,PERI (PLACE GABRIEL),0,,1,1,0,1,1,0,2,, -1,1,0,1,50,27,5,2021,18:11,1,18,18279,2,6,0,3,PERI (PLACE GABRIEL),47.22486,2.06251,18,3,2
202100046568,118Â 529,B01,1,1,1,0,2,0,-1,-1, -1,-1,2021,40.0,3,1,0,2,1,0,0,,4,MARTINIERE (DE LA)                  (R ),0,,2,2,0,2,(1),(1),1,, -1,1,0,1,50,25,3,2021,18:30,1,69,69381,2,9,0,1,MARTINIERE (DE LA) (R),45.76816,4.83177,18,2,2
202100018838,167Â 974,A01,1,1,1,4,2,6,-1,0,0,-1,2021,40.0,1,1,8,2,0,1,1,,3,1205,0,D,2,2,0,1,0,0,1,, -1,2,6,1,50,15,9,2021,13:00,1,74,74208,2,3,1,3,Avenue de la Plaine,45.908963,6.705541,13,2,2
202100005246,192Â 406,A01,10,3,1,0,0,-1,-1,3,0,1,2021,31.0,3,2,0,1,1,1,1,,4,VIGNY (RUE ALFRED DE),0,,2,1,0,1,(1),(1),1,, -1,2,9,1,50,1,12,2021,07:20,3,86,86066,2,1,1,6,Rue Alfred de Vigny,46.805851,0.541428,7,2,1
202100047829,116Â 262,A01,10,3,2,9,0,-1,-1,4,3,1,2021,34.0,1,5,0,1,1,15,1,,4,RUE DOUDEAUVILLE,0,,1,1,0,2,(1),(1),1,, -1,2,0,1,50,16,3,2021,12:40,1,75,75118,2,5,1,6,RUE DOUDEAUVILLE,48.888405,2.348001,12,2,1
202100044727,121Â 767,B01,1,1,1,1,2,8,-1,-1, -1,-1,2021,22.0,1,1,0,2,7,17,1,,3,JAURES (AVENUE JEAN),0,,2,1,0,1,0,1,1,, -1,1,0,1,50,8,4,2021,07:05,1,93,93064,2,1,0,3,JAURES (AVENUE JEAN),48.86578,2.48736,7,2,2
202100012603,179Â 187,A01,1,1,1,0,1,0,-1,-1, -1,-1,2021,29.0,1,2,4,0,1,2,0,,1,AUTOROUTE A104,0,,1,3,0,1,3,599,1,, -1,2,0,1,70,18,10,2021,00:20,3,93,93078,1,1,1,6,AUTOROUTE A104,48.95872,2.52691,0,1,1
202100031747,145Â 010,B01,1,1,2,4,2,0,-1,-1, -1,-1,2021,41.0,1,1,1,0,8,2,0,,3,MECHES (RUE DES),0,,3,4,0,2,1,0,1,, -1,2,0,1,50,29,6,2021,09:00,1,94,94028,2,1,1,3,Rue des MÃ¨ches,48.79261,2.45857,9,2,2
202100053702,105Â 740,A01,4,2,1,4,1,8,-1,-1, -1,-1,2021,48.0,2,2,1,2,8,1,1,,3,ROUTE ROYALE,0,,2,3,0,2,1,0,1,, -1,1,0,1,50,24,1,2021,17:28,1,202,202033,2,2,0,3,ROUTE ROYALE,42.67616,9.43848,17,4,2
202100046335,118Â 948,A01,10,3,2,5,0,-1,-1,3,3,2,2021,57.0,3,4,0,1,1,15,1,,4,GRANDE RUE,0,,1,2,0,2,(1),(1),1,, -1,1,0,1,50,27,3,2021,15:00,1,95,95424,2,4,0,6,GRANDE RUE,48.9875842614,2.1897749042,15,3,1
202100053644,105Â 842,A01,10,3,2,2,0,-1,-1,3,3,1,2021,12.0,1,1,3,1,7,21,1,,3,CHARLES DE GAULLE (AVENUE) RD75 NÂ°1 A 35,0,,1,0,1,2,0,0,2,, -1,2,4,5,30,26,1,2021,08:50,1,92,92060,2,8,0,6,CHARLES DE GAULLE (AVENUE) RD75 NÂ°1 A 35,48.77939,2.26114,8,2,1
202100033382,142Â 098,A01,1,1,1,1,1,8,-1,-1, -1,-1,2021,51.0,1,2,0,2,4,23,1,,2,REDOUTE (ROUTE DE LA),0,,2,2,0,2,4,0,2,, -1,1,0,1,50,18,6,2021,21:00,5,972,97209,2,1,0,2,REDOUTE (ROUTE DE LA),14.63495,-61.05522,21,2,2
202100053010,106Â 964,A01,1,1,1,1,1,-1,-1,0,0,-1,2021,27.0,1,2,0,2,8,19,1,,3,142e2,-1,E,2,2,0,1,7,47,1,, -1,1,0,1,80,26,1,2021,08:40,2,17,17357,1,2,0,3,D142e2,45.394804,-0.293498,8,2,2
202100009876,184Â 051,A01,1,1,1,5,1,0,-1,-1, -1,-1,2021,45.0,1,2,4,2,3,5,2,,1,126,0,,1,1,0,2,5,500,3,, -1,2,3,1,70,1,11,2021,04:31,3,91,91477,1,9,0,1,AUTOROUTE A126,48.72372,2.24656,4,3,2
202100046854,118Â 028,A01,1,1,1,1,2,-1,-1,0,0,-1,2021,21.0,2,1,8,0,1,1,1,,3,919,-1,,2,2,0,2,27,550,1,, -1,1,2,1,80,25,3,2021,14:00,1,62,62073,1,1,0,6,D919,50.33534,2.841001,14,2,1
202100035685,137Â 926,A01,10,3,2,5,0,-1,-1,3,3,1,2021,52.0,1,2,0,1,1,1,1,,4,JAURES(BOULEVARD JEAN),0,,2,2,0,2,0,0,1,, -1,1,0,1,50,4,6,2021,09:35,1,83,83050,2,1,0,6,JAURES(BOULEVARD JEAN),43.536666,6.466575,9,2,1