Num_Acc,id_vehicule,num_veh,place,catu,sexe,trajet,secu1,secu2,secu3,locp,actp,etatp,year_acc,victim_age,senc,catv,obs,obsm,choc,manv,motor,occutc,catr,voie,v1,v2,circ,nbv,vosp,prof,pr,pr1,plan,lartpc,larrout,surf,infra,situ,vma,jour,mois,an,hrmn,lum,dep,com,agg_,int,atm,col,adr,lat,long,hour,nb_victim,nb_vehicules
202100012996,178Â 514,A01,1,1,1,3,2,6,-1,0,0,-1,2021,23.0,3,1,0,2,1,1,1,,4,,-1,,2,2,0,2,(1),(1),1,,4,1,0,1,50,15,10,2021,17:05,1,56,56007,2,3,1,3,Avenue President Wilson,47.668541,-2.977826,17,2,2
202100039222,131Â 512,A01,1,1,1,0,2,6,-1,-1, -1,-1,2021,53.0,1,1,0,2,1,13,1,,1,A55 - Sens Marseille vers Martigues,0,,-1,2,0,1,13,500,1,, -1,1,0,1,90,20,5,2021,17:45,1,13,13071,1,1,0,3,A55 - Sens Marseille vers Martigues,43.39821,5.29895,17,2,2
202100030875,146Â 570,A01,1,1,1,5,0,-1,-1,0,0,-1,2021,17.0,3,1,0,2,0,5,1,,9,,0,,2,2,0,2,(1),(1),2,,5,2,0,1,50,4,7,2021,10:50,1,49,49220,2,1,1,1,6 Rue Emile TrouvÃ©,47.73367,-0.416949,10,2,2
202100010606,182Â 772,A01,1,1,2,5,0,-1,-1,0,0,-1,2021,32.0,1,2,0,0,9,0,1,,3,23,0,D,2,2,0,1,11,200,3,, -1,1,0,3,70,28,10,2021,05:00,3,74,74009,1,1,1,7,d23,46.080688,6.053456,5,1,1
202100004746,193Â 298,A01,1,1,1,0,2,8,-1,-1, -1,-1,2021,37.0,2,1,0,0,8,15,1,,4,THOMAS ( ET  IMP. ALBERT ),0,,2,2,0,1,(1),(1),1,, -1,1,5,1,30,2,12,2021,15:35,1,56,56098,2,3,0,7,THOMAS ( ET  IMP. ALBERT ),47.7598,-3.34856,15,1,1
202100038373,133Â 046,A01,1,1,1,0,1,-1,-1,-1, -1,-1,2021,77.0,2,2,6,0,1,1,1,,4,DEJEAN (RUE ALFRED),0,,2,2,0,2,(1),(1),1,, -1,1,0,1,50,25,5,2021,16:05,1,33,33009,2,2,0,6,Rue Alfred Dejean,44.65708,-1.15498,16,1,1
202100035897,137Â 523,A01,10,3,2,5,0,-1,-1,9,1,1,2021,86.0,3,2,0,1,4,4,1,,4,MILIEU (CHEMIN DU ),0,,2,1,3,1,0,0,1,, -1,1,0,1,30,7,6,2021,15:15,1,61,61001,2,1,0,7,sentier du Milieu,48.439229999,0.07866,15,2,1
202100043000,124Â 810,B01,2,2,1,5,2,-1,-1,-1,0,-1,2021,18.0,3,1,0,2,1,1,1,,4,VALERY (AVEUE PAUL),0,,2,4,0,1,(1),(1),1,, -1,1,0,1,50,21,4,2021,22:15,5,95,95585,2,2,0,3,VALERY (AVEUE PAUL),48.97838,2.38547,22,3,2
202100001172,199Â 679,B01,1,1,1,5,1,-1,-1,-1, -1,-1,2021,58.0,1,2,0,2,6,1,1,,7,ARISTIDE BRIAND (D 518)             (R ),0,,2,5,0,1,4,400,1,, -1,2,0,1,50,26,12,2021,22:30,5,69,69290,2,2,1,3,ARISTIDE BRIAND (R)             (R ),45.69627,4.92609,22,3,2
202100045365,120Â 641,B01,1,1,1,3,2,0,-1,-1, -1,-1,2021,25.0,1,1,0,2,1,1,1,,4,CHARCOT (RUE J.B.),0,,2,2,0,2,0,1,2,, -1,1,0,1,50,1,4,2021,13:20,1,74,74298,2,3,0,3,CHARCOT (RUE J.B.),46.18837,6.25152,13,2,2
202100046977,117Â 810,A01,1,1,1,1,2,6,-1,0,0,-1,2021,58.0,2,1,0,0,8,17,1,,2,10,0,,2,2,0,1,77,300,1,, -1,1,0,1,80,23,3,2021,07:40,1,202,202342,1,1,0,7,Mignataja,41.941381,9.391631,7,2,2
202100034481,140Â 092,A01,1,1,1,5,2,6,-1,0,0,-1,2021,34.0,1,1,12,0,0,1,1,,3,49,-1,,2,2,0,1,45,300,2,, -1,1,0,1,50,14,6,2021,21:45,1,42,42334,2,1,0,6,47 Route du Pin Bouchin,45.852893,4.35697,21,1,1
202100015213,174Â 507,A01,10,3,2,0,8,8,-1,6,3,1,2021,24.0,2,5,0,1,2,1,1,,1,AUTOROUTE A1,0,,3,6,0,1,11,500,1,, -1,1,0,2,110,5,10,2021,03:10,3,93,93005,1,1,0,6,AUTOROUTE A1,48.9579,2.46301,3,2,1
202100028304,151Â 101,A01,4,2,1,0,8,0,-1,-1, -1,-1,2021,22.0,3,2,0,2,1,0,1,,7,ROVE (ROUTE DU),0,,2,2,0,2,1,0,3,, -1,1,0,1,50,18,7,2021,06:00,2,13,13216,2,9,0,1,ROVE (ROUTE DU),43.36072,5.28629,6,5,2
202100025250,156Â 522,A01,2,1,1,9,8,0,-1,-1, -1,-1,2021,30.0,2,1,0,2,1,19,5,,2,VIEUX BOURG,0,,1,1,0,2,(1),(1),1,, -1,1,0,1,50,18,6,2021,17:45,1,971,97101,2,6,0,3,VIEUX BOURG,16.25011,-61.52927,17,2,2
202100001425,199Â 233,A01,10,3,2,0,0,-1,-1,4,3,1,2021,35.0,2,2,0,1,2,1,1,,7,269,0,A,2,2,0,4,0,500,1,, -1,1,0,1,30,22,12,2021,20:15,5,38,38158,2,1,0,6,Avenue Teisseire,45.16146,5.754524,20,2,1
202100011053,181Â 965,B01,1,1,2,5,1,0,-1,-1, -1,-1,2021,34.0,1,2,0,2,1,1,1,,2,PALAIS ROYAL,0,,2,2,0,1,(1),(1),1,, -1,1,5,1,70,24,10,2021,16:50,1,971,97101,2,3,0,3,PALAIS ROYAL,16.2936412447,-61.4948773384,16,4,2
202100034831,139Â 451,A01,1,1,1,5,2,-1,-1,0,0,-1,2021,32.0,1,1,0,2,3,1,1,,3,918,0,,2,2,0,1,14,900,1,, -1,1,0,1,80,12,6,2021,18:10,1,65,65182,1,3,0,5,D918,42.979743,-0.166501,18,4,4
202100044551,122Â 081,B01,1,1,1,0,0,-1,-1,-1, -1,-1,2021,29.0,3,1,0,2,1,25,1,,4,BD GEORGES CLEMENCEAU 1,0,,3,1,1,1,(1),(1),1,, -1,1,0,1,30,4,4,2021,17:52,1,78,78361,2,2,0,3,BD GEORGES CLEMENCEAU 1,49.00201,1.68696,17,5,2
202100041594,127Â 254,A01,1,1,2,3,1,-1,-1,0,0,-1,2021,52.0,2,2,0,0,4,23,1,,3,11,0,,2,2,0,1,13,(1),1,,6,1,0,1,50,3,5,2021,15:30,1,22,22025,2,1,0,2,Rue du Docteur QuÃ©rÃ©,48.403822,-3.426533,15,2,2
202100039495,131Â 008,B01,1,1,2,5,8,-1,-1,0,0,-1,2021,11.0,3,1,0,2,2,25,5,,4,,-1,,-1,2,0,1,(1),(1),1,, -1,1,0,4,50,18,5,2021,18:55,1,67,67078,2,1,0,3,Place de l'Eglise,48.658927,7.427869,18,3,2
202100016997,171Â 239,B01,1,1,1,0,2,0,-1,0,0,-1,2021,53.0,1,1,0,2,1,3,1,,4,COUBERTIN (AVENUE PIERRE),0,,2,4,0,1,(1),(1),1,, -1,1,0,1,50,24,9,2021,18:45,2,6,6029,2,1,0,3,COUBERTIN (AVENUE PIERRE),43.55516,6.967014,18,2,2
202100009310,185Â 062,B01,1,1,1,0,2,6,-1,-1, -1,-1,2021,57.0,1,1,6,2,2,1,1,,4,THOMAS RUE DU LIEUTENANT,0,,1,2,0,1,1,0,1,, -1,2,0,1,30,4,11,2021,16:30,1,93,93006,2,1,1,3,THOMAS RUE DU LIEUTENANT,48.8598,2.4198,16,2,2
202100021039,164Â 053,B01,4,2,1,5,1,8,-1,-1, -1,-1,2021,16.0,3,2,0,2,1,1,1,,6,PRE L'EVEQUE ( ALLEE DU ),0,,-1,0,0,1,0,0,1,, -1,1,9,8,30,2,9,2021,01:25,3,55,55545,1,1,0,1,PRE L'EVEQUE ( ALLEE DU ),49.15491,5.37949,1,6,2
202100009749,184Â 273,A01,10,3,1,0,0,-1,-1,3,3,1,2021,18.0,3,2,0,1,2,26,1,,4,MONPLAISIR,0,,3,2,0,4,(1),(1),1,, -1,2,9,1,50,2,11,2021,19:00,5,69,69264,2,1,1,6,MONPLAISIR (R),45.98988,4.72275,19,2,1
202100044362,122Â 377,A01,1,1,1,5,1,0,-1,-1, -1,-1,2021,41.0,3,5,2,0,3,1,1,,4,MARNE (AVENUE DE LA ),0,,2,2,0,1,(1),(1),1,, -1,1,0,4,50,10,4,2021,15:30,1,42,42187,2,1,0,6,Avenue de la Marne,46.05509,4.08311,15,1,1
202100041231,127Â 904,A01,1,1,1,0,8,0,-1,-1, -1,-1,2021,26.0,1,1,0,2,0,26,1,,1,A86,0,,3,4,0,1,2,150,1,, -1,2,0,1,110,6,5,2021,09:55,1,92,92050,1,1,1,7,A86,48.915885359,2.2206609497,9,1,1
202100002028,198Â 167,A01,1,1,1,0,1,-1,-1,0,0,-1,2021,50.0,1,2,0,2,3,1,1,,3,VICTOR-HUGO (RUE),0,,1,1,0,1,499,0,1,, -1,1,0,1,50,20,12,2021,16:55,2,14,14220,2,2,0,3,MIRABEAU (RUE),49.36009,0.08028,16,4,2
202100031145,146Â 064,A01,2,2,2,0,1,0,-1,-1, -1,-1,2021,26.0,2,2,0,2,4,2,1,,3,PERROS (ROUTE DE),0,,2,2,0,1,54,(1),1,, -1,1,0,1,70,30,6,2021,18:10,1,22,22113,1,1,0,2,PERROS (ROUTE DE),48.74672,-3.44683,18,3,2
202100017399,170Â 532,A01,1,1,1,9,1,0,-1,-1, -1,-1,2021,23.0,2,2,0,2,2,14,1,,2,RN104,0,,-1,3,0,2,19,0,1,, -1,1,0,1,110,22,9,2021,15:00,1,77,77175,1,1,0,3,RN104,48.668529,2.612362,15,2,2
202100005309,192Â 299,A01,1,1,2,5,1,8,-1,-1, -1,-1,2021,26.0,3,2,15,0,2,14,1,,4,AMANDIERS (RUE DES),0,,2,1,0,1,(1),(1),1,, -1,2,0,4,30,1,12,2021,20:55,5,37,37122,2,1,0,6,AMANDIERS (RUE DES),47.3351073286,0.6598750502,20,1,1
202100000323,201Â 142,B01,1,1,1,-1,2,-1,-1,-1, -1,-1,2021,27.0,2,1,0,2,8,1,1,,3,,-1,,2,2,0,1,0,247,1,, -1,1,0,1,80,28,5,2021,19:40,1,33,33397,1,2,0,3,Avenue de Saint-Loubes,44.9217814079,-0.47603728,19,2,2
202100030010,148Â 150,B01,1,1,1,5,2,6,-1,0,0,-1,2021,29.0,2,1,0,2,3,18,1,,4,RUE AMPERE,0,,2,2,0,1,(1),(1),1,, -1,1,0,1,50,7,7,2021,21:15,2,75,75117,2,3,0,3,RUE AMPERE,48.8854,2.299482,21,2,2
202100052888,107Â 182,A01,10,3,1,5,0,-1,-1,2,3,1,2021,22.0,2,2,0,1,7,1,1,,4,ALLEE DE BOUTAUT,0,,3,4,0,1,(1),(1),1,, -1,1,0,1,50,1,2,2021,17:30,1,33,33075,2,1,0,6,AllÃ©e de Boutaut,44.87121,-0.57638,17,2,1
202100032933,142Â 896,A01,2,2,1,0,8,0,-1,-1, -1,-1,2021,53.0,1,2,0,2,4,4,1,,4,SOURCE (AVENUE DE LA),0,,1,1,0,1,0,0,1,, -1,1,0,1,50,20,6,2021,11:30,1,93,93029,2,1,0,2,Avenue de la Source,48.91782,2.450465,11,3,2
202100040065,129Â 981,B01,2,2,2,0,1,0,-1,-1, -1,-1,2021,80.0,2,2,0,2,7,1,6,,3,RANCY,0,,2,2,0,1,1,100,1,, -1,1,0,1,70,13,5,2021,16:20,1,3,3321,2,1,0,3,RANCY,46.53746,3.36248,16,3,2
202100051221,110Â 120,A01,1,1,1,9,0,-1,-1,0,0,-1,2021,80.0,0,6,0,0,0,0,1,,4,,-1,,2,1,0,1,(1),(1),3,, -1,1,0,8,50,17,2,2021,19:20,2,46,46033,2,1,0,7,"La RiviÃ¨re, Le Boulve",44.4198820151,1.1520626158,19,1,1
202100007169,188Â 944,A01,1,1,1,1,1,-1,-1,-1, -1,-1,2021,43.0,1,2,0,2,2,15,1,,3,MARSEILLE (ROUTE DE),0,,2,2,2,1,25,483,1,, -1,1,0,5,50,18,11,2021,07:00,1,83,83137,2,1,0,3,MARSEILLE (ROUTE DE),43.12868,5.88835,7,2,2
202100031668,145Â 148,A01,2,2,1,5,1,-1,-1,0,0,-1,2021,24.0,2,2,0,2,1,1,2,,3,6285,0,D,1,2,0,2,1,821,1,, -1,1,0,1,50,1,7,2021,04:15,5,6,6085,2,3,0,3,AVENUE DES ALLIES,43.582785,7.009578,4,3,2
202100056360,101Â 160,A01,1,1,2,1,1,-1,-1,0,0,-1,2021,28.0,1,2,2,0,1,1,1,,3,782,-1,,2,2,0,1,6,300,1,, -1,7,0,3,80,4,1,2021,05:05,3,29,29274,1,1,0,6,D782 -  Lieu dit Kergall,48.015901,-3.734955,5,1,1
202100014466,175Â 845,B01,1,1,1,1,1,-1,-1,0,0,-1,2021,32.0,1,2,0,2,3,13,1,,3,942,0,,2,2,0,3,(1),(1),3,, -1,1,0,1,80,9,10,2021,08:20,1,59,59533,1,1,1,1,D942,50.190824,3.399743,8,2,2
202100023266,160Â 028,A01,1,1,2,0,1,8,-1,-1, -1,-1,2021,37.0,1,2,0,2,3,13,1,,4,,0,,2,2,1,1,(1),(1),1,, -1,1,0,1,50,17,8,2021,22:45,5,67,67482,2,1,0,6,RHIN TORTU (RUE DU),48.545821,7.758215,22,2,2
202100041554,127Â 329,A01,10,3,2,5,0,-1,-1,0,0,-1,2021,85.0,1,5,0,1,1,15,1,,4,RUE FOURCROY,0,,1,2,0,1,(1),(1),1,, -1,1,0,1,30,3,5,2021,17:48,1,75,75117,2,2,0,6,RUE FOURCROY,48.880895,2.297544,17,2,1
202100051140,110Â 262,B01,1,1,1,4,1,0,-1,-1, -1,-1,2021,50.0,1,2,0,2,3,1,1,,2,AUTOROUTE A86,0,,-1,3,0,1,49,700,1,, -1,2,0,1,70,18,2,2021,19:15,5,94,94065,1,1,0,3,AUTOROUTE A86,48.755087,2.345115,19,2,2
202100004453,193Â 806,A01,1,1,1,5,1,-1,-1,0,0,-1,2021,41.0,3,2,13,0,1,13,1,,3,384,0,D,2,2,0,2,(1),(1),1,, -1,2,0,3,80,6,12,2021,22:30,3,40,40273,1,1,1,6,Route du SÃ©quÃ©,43.518634,-1.395674,22,1,1
202100023344,159Â 885,A01,7,2,2,5,1,-1,-1,0,0,-1,2021,19.0,1,2,13,0,0,1,1,,3,20,0,,2,2,0,1,21,200,3,, -1,1,0,3,80,20,8,2021,22:00,3,42,42019,1,1,0,6,Route de BoÃ«n,45.762164,4.004313,22,3,1
202100027326,152Â 877,A01,1,1,1,0,2,6,-1,-1, -1,-1,2021,45.0,1,1,0,2,7,17,1,,7,SOLDATS (DES)                       (MO),0,,1,1,0,2,1,500,1,, -1,1,0,1,50,23,7,2021,08:23,1,69,69034,2,1,0,3,SOLDATS (DES)                       (MO),45.7960075689,4.8580757444,8,2,2
202100036544,136Â 394,A01,10,3,2,2,0,-1,-1,1,3,2,2021,11.0,2,2,0,1,2,1,1,,3,82,-1,,2,2,0,2,10,800,2,, -1,1,0,1,80,4,6,2021,16:30,1,71,71250,1,1,0,6,Route de Macon,46.388633,4.803407,16,4,1
202100002686,196Â 973,A01,1,1,2,1,1,-1,-1,0,0,-1,2021,36.0,2,2,13,0,2,1,1,,3,108,-1,,2,1,0,1,2,500,1,, -1,8,0,3,80,18,12,2021,17:50,3,60,60622,1,1,1,7,D108,49.684985,1.97329,17,1,1
202100005070,192Â 715,A01,1,1,1,0,1,0,-1,-1, -1,-1,2021,31.0,0,2,0,2,1,15,1,,4,MESLIERS (RUE DES),0,,2,2,0,2,(1),(1),1,, -1,1,0,1,50,2,12,2021,14:10,1,35,35051,2,1,0,1,MESLIERS (RUE DES),48.10710403,-1.618005395,14,2,2
202100047267,117Â 273,B01,1,1,2,0,2,0,-1,-1, -1,-1,2021,41.0,1,1,0,2,1,17,1,,4,JEAN BAPTISTE CLEMENT (AVENUE) 49/FIN -,0,,2,3,0,1,0,0,1,, -1,1,0,1,50,20,3,2021,18:50,2,92,92012,2,2,0,3,JEAN BAPTISTE CLEMENT (AVENUE) 49/FIN -,48.8447411673,2.2344477475,18,2,2
202100020492,165Â 008,C01,1,1,2,0,1,0,-1,-1, -1,-1,2021,49.0,1,2,0,2,4,1,1,,3,RD 191,0,,2,2,0,1,38,500,1,, -1,1,0,1,80,3,9,2021,18:20,1,91,91223,1,1,0,4,RD 191,48.4424,2.13291,18,3,3
202100027854,151Â 929,A01,2,2,2,5,2,-1,-1,0,0,-1,2021,26.0,2,1,1,0,1,1,1,,4,,-1,,3,2,0,2,(1),(1),1,, -1,1,0,1,50,22,7,2021,00:20,5,69,69243,2,1,0,6,CHARLES DE GAULLE (AV),45.8981640392,4.4337551721,0,2,1
202100012833,178Â 785,A01,1,1,1,5,2,-1,-1,-1, -1,-1,2021,15.0,0,1,0,2,1,0,1,,4,COURTES MARTIN (CHEMIN),0,,-1,0,0,1,(1),(1),1,, -1,9,0,8,50,16,10,2021,17:30,1,51,51454,2,1,0,1,Rue Germaine Tillion,49.26662023,4.0756192803,17,2,2
202100025580,155Â 951,A01,10,3,2,0,0,-1,-1,2,3,1,2021,72.0,2,2,0,1,1,15,1,,4,GENERAL DE GAULLE (BLD DU),0,,1,2,0,1,0,0,1,, -1,1,0,1,30,4,8,2021,08:25,1,972,97209,2,1,0,6,GENERAL DE GAULLE (BLD DU),14.60763,-61.06884,8,2,1
202100008426,186Â 681,A01,1,1,1,5,0,-1,-1,0,0,-1,2021,21.0,2,5,15,0,1,1,1,,3,4,-1,,2,2,0,1,21,500,1,, -1,2,0,8,50,13,11,2021,01:50,3,2,2524,2,1,1,6,1 Route de Mezy,49.074516,3.495456,1,1,1
202100026990,153Â 469,A01,1,1,1,1,0,-1,-1,0,0,-1,2021,44.0,3,2,0,0,1,26,1,,4,,-1,,-1,2,0,1,0,0,3,,4,1,0,1,80,27,7,2021,13:45,1,55,55438,1,1,0,1,Chemin de Wallou,49.324605,5.076381,13,2,2
202100000578,200Â 669,B01,1,1,1,1,1,8,-1,-1, -1,-1,2021,42.0,0,2,0,2,3,9,0,,4,MONTFAVET (Route),0,,-1,2,0,1,0,100,1,, -1,1,0,1,50,22,12,2021,12:30,1,84,84007,2,1,0,5,MONTFAVET (Route),43.94185,4.82317,12,3,3
202100008517,186Â 509,A01,10,3,2,0,0,-1,-1,0,1,1,2021,49.0,3,5,0,1,3,20,0,,4,,0,,-1,0,0,1,0,0,1,, -1,1,6,8,30,11,11,2021,06:50,5,92,92007,2,1,0,6,FERRE (RUE LEO),48.7970253818,2.319086194,6,2,1
202100017519,170Â 306,B01,1,1,1,4,1,0,-1,-1, -1,-1,2021,37.0,2,0,1,2,0,0,1,,4,130,0,,2,2,0,1,0,0,1,, -1,1,0,1,30,22,9,2021,14:45,1,92,92075,2,1,0,6,RAYMOND MARCHERON (RUE),48.81891,2.28698,14,2,2
202100055489,102Â 666,A01,2,2,1,5,1,0,-1,-1, -1,-1,2021,17.0,2,2,0,2,2,10,1,,4,,0,,2,2,1,1,(1),(1),1,, -1,1,0,1,50,10,1,2021,17:41,5,37,37261,2,1,0,3,VAILLANT (RUE EDOUARD),47.3894259599,0.6951878071,17,3,2
202100013720,177Â 182,B01,1,1,1,0,0,-1,-1,0,0,-1,2021,48.0,0,1,0,2,8,25,5,,4,,0,,1,1,0,4,0,0,2,, -1,1,0,1,50,12,10,2021,18:14,2,92,92062,2,1,0,1,MONGE (RUE),48.88498,2.23559,18,2,2
202100018354,168Â 817,A01,1,1,2,1,2,0,-1,-1, -1,-1,2021,40.0,0,1,0,2,4,26,5,,7,BOULEVARD CHARLES DE GAULLE,0,,2,2,3,1,(1),0,3,, -1,1,0,1,50,17,9,2021,09:50,1,44,44162,2,1,0,2,BOULEVARD CHARLES DE GAULLE,47.21087,-1.62579,9,2,2
202100043402,124Â 084,A01,1,1,1,0,2,6,-1,-1, -1,-1,2021,21.0,2,1,1,0,7,1,1,,2,RN 104,0,,1,3,0,3,40,202,2,, -1,1,2,1,30,19,4,2021,17:22,1,91,91521,1,1,0,5,RN 104,48.63611,2.40298,17,3,3
202100047613,116Â 648,A01,2,2,1,5,1,-1,-1,-1, -1,-1,2021,25.0,2,2,0,2,1,15,1,,3,938 TER (ROUTE DEPARTEMENTALE),0,,2,3,3,1,80,436,1,,"11,5",1,5,1,80,17,3,2021,15:40,1,79,79259,1,2,0,1,,46.95384,-0.21508,15,4,2
202100046618,118Â 438,A01,3,2,2,5,3,0,-1,0,0,-1,2021,2.0,1,2,3,0,7,1,1,,2,ECHANGEUR NÂ° 9 ( PORTE DE BRETAGNE ),0,,3,4,0,1,1,0,1,, -1,1,0,1,130,24,3,2021,08:50,1,14,14101,2,1,0,6,N814,49.16681,-0.42892,8,2,1
202100049573,113Â 147,A01,1,1,2,1,1,0,-1,-1, -1,-1,2021,57.0,1,2,0,2,8,1,2,,1,A50-Sens Aubagne vers Marseille,0,,1,2,0,2,2,900,1,, -1,1,1,1,70,25,2,2021,08:30,1,13,13210,1,1,0,3,A50-Sens Aubagne vers Marseille,43.28603,5.43057,8,2,2
202100052910,107Â 142,A01,1,1,1,5,1,0,-1,0,0,-1,2021,31.0,3,2,11,0,1,13,2,,4,ROUTE DE LA PTE DES SABLONS A LA PTE MAI,0,,2,2,0,1,(1),(1),1,, -1,2,0,1,50,30,1,2021,22:45,5,75,75116,2,4,1,6,ROUTE DE LA PTE DES SABLONS A LA PTE MAI,48.8772503985,2.2704997845,22,1,1
202100005616,191Â 758,B01,1,1,2,1,1,-1,-1,-1, -1,-1,2021,30.0,2,2,0,2,4,2,1,,1,A42     0.560 A 4.020,0,,4,6,0,1,3,900,2,, -1,1,0,1,70,30,11,2021,18:30,3,69,69256,1,1,0,4,A42     0.560 A 4.020,45.80346,4.92634,18,4,4
202100030448,147Â 348,B01,1,1,1,9,2,8,-1,-1, -1,-1,2021,27.0,1,1,0,2,2,3,1,,3,PASTEUR (AVENUE LOUIS) NÂ° 1 A 39 ET 2 A,0,,2,2,0,1,0,0,1,, -1,1,0,1,50,6,7,2021,09:15,1,92,92007,2,3,0,3,PASTEUR (AVENUE LOUIS) NÂ° 1 A 39 ET 2 A,48.797106,2.317347,9,4,2
202100016205,172Â 671,B01,2,2,2,0,1,0,-1,-1, -1,-1,2021,47.0,1,2,0,2,4,2,1,,3,MAUPASSANT (Rue Guy de),0,,2,2,0,1,1,0,1,, -1,1,0,1,50,28,9,2021,08:34,1,22,22215,1,1,0,2,MAUPASSANT (Rue Guy de),48.49675,-2.76873,8,4,2
202100022615,161Â 191,A01,1,1,1,0,2,0,-1,0,0,-1,2021,55.0,1,1,0,0,1,19,1,,4,MICHELIN (AVENUE EDOUARD),0,,1,2,0,1,(1),(1),1,, -1,1,0,1,50,24,8,2021,22:00,5,63,63113,2,2,0,7,MICHELIN (AVENUE EDOUARD),45.78128,3.10433,22,1,1
202100000044,201Â 680,D01,4,2,1,5,0,-1,-1,0,0,-1,2021,22.0,1,2,14,0,1,1,1,,2,,-1,,3,4,0,1,7,190,1,, -1,1,8,1,70,24,10,2021,00:15,3,73,73179,1,1,0,4,N201,45.601635,5.892201,0,13,5
202100003225,196Â 006,A01,1,1,1,0,2,0,-1,-1, -1,-1,2021,23.0,1,1,0,2,7,0,0,,1,AUTOROUTE A86,0,,1,3,0,1,12,500,1,, -1,1,0,1,70,13,12,2021,21:50,3,93,93066,1,1,0,3,AUTOROUTE A86,48.92484,2.34064,21,2,2
202100054702,104Â 008,B01,1,1,1,0,1,0,-1,-1, -1,-1,2021,41.0,2,1,0,2,2,1,1,,3,VIC. HUGO(RUE)069A075 ET 080A088,0,,1,1,0,1,0,0,1,, -1,1,0,1,50,17,1,2021,17:20,2,92,92044,2,1,0,3,VIC. HUGO(RUE)069A075 ET 080A088,48.897178442,2.2953515424,17,2,2
202100003485,195Â 526,A01,1,1,1,4,1,-1,-1,0,0,-1,2021,59.0,1,4,13,9,2,14,1,,3,140,-1,,2,3,0,1,14,610,1,, -1,1,0,3,90,11,12,2021,11:35,1,37,37225,1,1,0,6,,47.354248,0.905685,11,1,1
202100023522,159Â 590,A01,1,1,1,5,8,-1,-1,0,0,-1,2021,61.0,0,0,6,0,1,13,1,,7,10,0,D,2,2,0,1,(1),(1),1,, -1,1,0,8,70,20,8,2021,13:00,1,13,13114,2,1,0,1,6173 Route de Berre,43.542171,5.273716,13,3,1
202100043251,124Â 350,A01,1,1,1,5,2,6,-1,0,0,-1,2021,16.0,3,1,0,2,1,1,1,,4,,0,,2,2,0,1,(1),(1),3,, -1,1,0,1,90,21,2,2021,11:30,1,3,3082,1,2,0,3,Rue de PÃ¨re Mathieu,46.2688338272,2.7319324116,11,6,2
202100002431,197Â 428,B01,1,1,1,5,2,6,-1,-1, -1,-1,2021,52.0,3,1,0,2,7,1,1,,4,BERRY (AVENUE DU),0,,1,2,0,2,0,0,1,, -1,1,5,1,50,15,12,2021,14:55,1,23,23096,2,6,0,3,BERRY (AVENUE DU),46.1776909245,1.8775463104,14,2,2
202100044220,122Â 631,B01,1,1,1,1,1,-1,-1,-1, -1,-1,2021,46.0,1,2,0,2,4,1,1,,1,ROCADE A 630,0,,1,1,0,4,28,320,1,, -1,1,3,1,50,13,4,2021,17:45,1,33,33550,1,1,0,2,ROCADE A 630,44.783685,-0.58831,17,2,2
202100035335,138Â 547,A01,10,3,2,5,0,-1,-1,3,3,2,2021,3.0,1,2,0,1,1,16,1,,3,GARIBALDI (R),0,,2,1,0,1,0,0,1,, -1,1,0,1,30,9,6,2021,11:00,1,94,94068,2,9,0,6,GARIBALDI (R),48.79808,2.48025,11,3,1
202100047985,115Â 968,A01,1,1,1,1,2,8,-1,0,0,-1,2021,21.0,1,1,0,2,1,0,1,,3,908,0,D,2,2,0,2,8,750,3,, -1,1,0,1,50,16,3,2021,07:35,2,55,55557,2,1,0,6,21 Rue de la Croix de Fresnes,49.128534,5.628064,7,2,2
202100027293,152Â 944,B01,1,1,2,5,1,-1,-1,0,0,-1,2021,21.0,0,2,0,2,8,16,1,,3,216,-1,,2,2,0,1,20,565,1,, -1,1,0,1,80,24,7,2021,21:20,2,77,77091,1,2,0,3,D216,48.74331,2.816309,21,4,2
202100040889,128Â 538,A01,1,1,2,0,2,6,-1,-1, -1,-1,2021,25.0,2,1,0,2,8,1,1,,7,CD 144 (RUE PAUL ELUARD),0,,2,4,0,1,8,650,1,, -1,1,0,1,70,7,5,2021,18:34,1,76,76705,2,1,0,6,CD 144 (RUE PAUL ELUARD),49.33025,1.08687,18,1,1
202100019186,167Â 334,A01,1,1,1,0,1,0,-1,-1, -1,-1,2021,51.0,0,2,13,0,9,2,1,,2,RN12,0,,3,4,0,1,1,0,1,, -1,1,0,1,90,13,9,2021,11:25,1,22,22106,1,1,0,7,RN12,48.496444707,-2.7243175509,11,1,1
202100001381,199Â 301,B01,1,1,1,4,2,6,-1,0,0,-1,2021,31.0,1,1,0,2,4,23,1,,4,BOULEVARD DE COURCELLES,0,,2,4,0,1,(1),(1),1,, -1,2,0,1,30,25,12,2021,20:55,5,75,75117,2,2,0,2,BOULEVARD DE COURCELLES,48.879547,2.304981,20,2,2
202100021913,162Â 460,B01,2,2,2,3,1,0,-1,-1, -1,-1,2021,24.0,1,2,0,2,9,1,1,,2,RN1,0,,1,2,0,1,40,0,1,, -1,2,0,1,110,29,8,2021,04:45,3,974,97416,1,1,1,3,RN1,-21.3328,55.4598,4,3,2