Num_Acc,id_vehicule,num_veh,place,catu,sexe,trajet,secu1,secu2,secu3,locp,actp,etatp,year_acc,victim_age,senc,catv,obs,obsm,choc,manv,motor,occutc,catr,voie,v1,v2,circ,nbv,vosp,prof,pr,pr1,plan,lartpc,larrout,surf,infra,situ,vma,jour,mois,an,hrmn,lum,dep,com,agg_,int,atm,col,adr,lat,long,hour,nb_victim,nb_vehicules
202100029289,149Â 410,A01,1,1,1,5,2,6,-1,-1, -1,-1,2021,21.0,1,1,8,0,2,26,1,,4,SEVIGNY (ROUTE DE) COTE  IMPAIR,0,,2,2,0,2,0,0,1,, -1,1,0,4,50,20,6,2021,15:15,1,61,61006,2,1,0,6,SEVIGNY (ROUTE DE) COTE  IMPAIR,48.75211,-0.02495,15,1,1
202100040093,129Â 927,A01,1,1,1,1,1,-1,-1,0,0,-1,2021,57.0,1,2,0,0,8,21,1,,3,668,0,,2,2,0,1,16,700,1,, -1,1,0,1,80,11,5,2021,13:15,1,47,47086,1,1,0,3,105 Route du Stade,44.669347,0.185879,13,3,2
202100012874,178Â 714,A01,1,1,1,5,2,6,-1,0,0,-1,2021,38.0,2,1,0,2,3,1,1,,4,BOULEVARD MASSENA,0,,3,2,1,2,(1),(1),1,, -1,1,0,1,30,16,10,2021,17:35,1,75,75113,2,3,0,3,BOULEVARD MASSENA,48.822666,2.372837,17,2,2
202100017714,169Â 961,A01,1,1,1,5,2,-1,-1,0,0,-1,2021,24.0,1,1,0,2,1,2,1,,3,12,0,A,2,2,0,1,12,279,1,, -1,1,0,1,80,19,9,2021,15:40,1,6,6037,1,1,0,2,Route Departementale 12,43.74105,6.881111,15,2,2
202100054731,103Â 962,A01,1,1,1,5,2,-1,-1,0,0,-1,2021,25.0,1,1,0,2,1,1,1,,2,2,-1,,2,2,0,1,66,400,1,, -1,1,0,1,50,17,1,2021,11:15,1,974,97419,2,1,0,2,RN2 - PK 66+400- Piton,-21.157254,55.823459,11,3,2
202100055893,101Â 970,A01,1,1,1,1,0,-1,-1,-1, -1,-1,2021,38.0,2,1,0,2,1,1,3,,4,,0,,2,2,2,1,(1),(1),1,, -1,1,0,1,50,7,1,2021,08:15,2,69,69383,2,2,0,1,Avenue Lacassagne,45.7526089167,4.8700080414,8,2,2
202100014905,175Â 073,A01,1,1,1,0,0,-1,-1,0,0,-1,2021,30.0,0,1,1,0,1,0,0,,4,,-1,,-1,1,0,2,(1),(1),2,,3,1,0,1,30,7,10,2021,04:10,5,978,97801,2,1,0,3,R FICHAUT,18.070054,-63.083552,4,1,1
202100052853,107Â 242,A01,1,1,1,1,2,6,-1,-1, -1,-1,2021,56.0,1,1,12,0,1,1,1,,1,AUTOROUTE A3,0,,3,8,0,1,3,0,1,, -1,2,1,1,90,1,2,2021,05:00,3,93,93063,1,1,1,7,AUTOROUTE A3,48.87846,2.44714,5,1,1
202100006811,189Â 602,A01,1,1,1,5,2,6,-1,0,0,-1,2021,40.0,1,1,4,2,2,3,1,,4,PORTE DE VINCENNES,0,,1,4,0,1,31,800,1,, -1,1,0,1,70,22,11,2021,18:25,2,75,75120,2,4,0,3,PORTE DE VINCENNES,48.848014,2.414664,18,2,2
202100038560,132Â 720,A01,7,2,1,5,1,-1,-1,0,0,-1,2021,19.0,2,2,13,0,1,14,1,,3,938,0,D,2,2,0,2,47,838,2,,"7,3",2,0,1,80,24,5,2021,18:00,1,79,79213,1,1,1,6,,46.600629,-0.229297,18,3,1
202100020913,164Â 271,A01,2,2,2,5,1,-1,-1,0,0,-1,2021,77.0,0,2,0,2,3,0,1,,3,938,3,,2,2,0,3,1,320,1,,6,1,0,1,90,5,9,2021,17:00,1,79,79123,1,2,1,3,,46.734145,-0.66991,17,4,2
202100045130,121Â 065,B01,1,1,2,2,1,-1,-1,0, -1,-1,2021,22.0,2,2,0,2,1,2,1,,3,MORBIHAN AVENUE DU,0,,3,4,0,1,1,500,1,, -1,1,0,1,110,2,4,2021,17:30,2,29,29232,1,1,0,2,Avenue du Morbihan,47.9780454032,-4.0240391134,17,3,2
202100042601,125Â 475,B01,1,1,1,5,8,0,-1,0,0,-1,2021,19.0,2,1,0,2,1,1,5,,4,RUE DE MENILMONTANT,0,,2,2,0,2,(1),(1),1,, -1,1,0,1,50,25,4,2021,02:40,5,75,75120,2,2,0,3,RUE DE MENILMONTANT,48.868307,2.38818,2,2,2
202100002860,196Â 665,B01,1,1,2,1,1,-1,-1,0,0,-1,2021,42.0,2,2,0,2,2,0,1,,2,01,0,N,3,4,0,1,(1),(1),1,, -1,1,0,1,90,14,12,2021,23:30,4,971,97103,2,1,0,1,Route Nationale N 1,16.254025,-61.550732,23,2,2
202100002453,197Â 388,A01,10,3,2,5,0,-1,-1,2,3,1,2021,75.0,2,1,0,1,1,1,1,,4,AVENUE DE LA PORTE DE SAINT OUEN,0,,2,3,0,2,(1),(1),1,, -1,1,0,1,30,17,12,2021,17:30,5,75,75118,2,1,0,6,AVENUE DE LA PORTE DE SAINT OUEN,48.898591,2.329327,17,2,1
202100007682,188Â 020,A01,1,1,1,0,2,0,-1,-1, -1,-1,2021,24.0,1,1,0,2,3,18,1,,3,LENINE VLADIMIR ILITCH AVENUE,0,,1,1,1,1,0,0,1,, -1,1,0,1,50,17,11,2021,19:30,5,92,92050,2,2,0,3,LENINE VLADIMIR ILITCH AVENUE,48.8879827025,2.1957694706,19,3,2
202100017810,169Â 785,A01,1,1,2,0,1,-1,-1,0,0,-1,2021,24.0,3,2,1,0,2,1,1,,4,ANDRE GEORGES (RUE ),0,,2,2,0,1,(1),(1),1,, -1,1,0,1,50,14,9,2021,14:20,1,80,80632,2,1,0,6,ANDRE GEORGES (RUE ),49.88297,2.25062,14,1,1
202100042728,125Â 261,A01,4,2,2,5,1,-1,-1,0,0,-1,2021,13.0,1,2,0,0,9,21,1,,3,54,-1,,2,2,0,3,3,50,2,, -1,1,0,3,80,24,4,2021,16:55,1,18,18258,1,1,0,7,Route DÃ©partementale 54,47.363261,2.827413,16,3,1
202100049336,113Â 574,B01,1,1,2,0,8,0,-1,-1, -1,-1,2021,81.0,1,2,0,2,8,1,1,,1,A50-Sens Marseille vers Aubagne,0,,-1,3,0,1,4,0,1,, -1,1,0,1,70,3,3,2021,14:30,1,13,13211,1,1,0,3,A50-Sens Marseille vers Aubagne,43.292643364,5.4771893193,14,2,2
202100002739,196Â 875,C01,1,1,1,1,1,-1,-1,-1,0,-1,2021,28.0,1,2,0,2,4,1,1,,3,REFUZNICKS (ROUTE DES),0,,2,3,0,1,5,390,1,, -1,1,0,1,70,14,12,2021,18:15,3,95,95585,2,1,0,4,REFUZNICKS (ROUTE DES),48.98446,2.38655,18,3,3
202100020719,164Â 594,A01,10,3,1,9,0,8,-1,2,4,1,2021,24.0,1,2,0,1,2,1,1,,4,RUE CHALIGNY,0,,2,2,0,1,(1),(1),1,, -1,1,0,1,50,5,9,2021,01:00,5,75,75112,2,1,0,6,RUE CHALIGNY,48.846065,2.383625,1,2,1
202100027493,152Â 583,A01,1,1,1,5,2,8,-1,-1, -1,-1,2021,40.0,3,1,0,0,0,0,1,,4,JACARANDAS (CITE),0,,2,2,0,1,(1),(1),1,, -1,1,0,1,30,21,7,2021,22:00,5,973,97302,2,1,0,7,JACARANDAS (CITE),4.92905704,-52.31106621,22,1,1
202100035529,138Â 203,B01,1,1,1,5,2,6,-1,0,0,-1,2021,27.0,1,1,0,2,4,2,1,,4,PORTE DE SAINT OUEN,0,,-1,4,0,1,20,900,1,, -1,1,0,1,70,8,6,2021,22:25,5,75,75118,2,1,0,2,PORTE DE SAINT OUEN,48.900616,2.330349,22,4,2
202100035782,137Â 747,B01,1,1,1,1,2,8,-1,-1, -1,-1,2021,22.0,3,1,0,2,0,0,1,,4,,0,,2,2,0,1,0,0,1,, -1,1,0,8,50,8,6,2021,09:30,1,92,92048,2,3,0,3,ABBE MAILLET (SQUARE DE L'),48.7890829721,2.2332622111,9,2,2
202100028450,150Â 861,B01,1,1,1,0,2,8,-1,-1, -1,-1,2021,43.0,1,1,0,2,4,1,1,,3,RD 41 (ROCADE),0,,1,4,0,1,2,599,2,, -1,1,0,1,60,17,7,2021,14:45,1,972,97209,2,1,0,3,RD 41 (ROCADE),14.61699,-61.05993,14,2,2
202100001511,199Â 094,A01,10,3,1,0,0,-1,-1,3,3,2,2021,42.0,2,2,0,1,1,19,1,,4,ANATOLE FRANCE,0,,2,2,0,1,0,0,1,, -1,1,0,1,50,23,12,2021,15:40,1,93,93029,2,1,0,6,ANATOLE FRANCE,48.9342208295,2.4559570156,15,2,1
202100006100,190Â 901,A01,10,3,2,5,8,8,-1,2,3,1,2021,75.0,1,1,1,1,1,17,3,,4,AVENUE DU MAINE,0,,2,4,0,1,(1),(1),1,, -1,2,0,1,30,26,11,2021,16:00,2,75,75114,2,3,1,6,AVENUE DU MAINE,48.829822,2.32606,16,2,1
202100019405,166Â 945,A01,2,2,2,5,2,6,-1,0,0,-1,2021,15.0,1,1,16,0,0,1,1,,3,D673,-1,,2,2,0,1,34,800,1,, -1,1,0,1,80,12,9,2021,18:15,1,46,46003,1,1,0,7,D673 PK 34+800,44.827113,1.716077,18,2,1
202100054687,104Â 034,A01,2,2,2,5,1,5,-1,0,0,-1,2021,21.0,3,2,0,2,1,1,1,,4,COURS DE VINCENNES,0,,2,2,0,1,(1),(1),1,, -1,2,0,1,50,17,1,2021,00:25,5,75,75120,2,2,1,3,COURS DE VINCENNES,48.848098,2.399136,0,3,2
202100044629,121Â 949,A01,2,2,1,0,1,-1,-1,0,0,-1,2021,22.0,1,2,2,0,1,1,1,,3,23,0, -,2,2,0,4,1,700,1,, -1,1,0,3,80,9,4,2021,20:00,1,50,50604,1,1,0,1,La Lague,49.546379,-1.84595,20,2,1
202100050631,111Â 188,B01,1,1,2,5,0,-1,-1,0,0,-1,2021,38.0,-1,1,0,2,0,19,5,,3,11,0,,2,2,1,1,0,750,1,, -1,1,0,1,50,21,2,2021,16:25,1,7,7055,2,9,1,3,D11,44.854644,4.838212,16,2,2
202100025098,156Â 793,A01,1,1,2,5,1,4,-1,-1, -1,-1,2021,34.0,1,2,0,2,4,23,1,,1,A4,0,,-1,6,0,1,3,799,1,, -1,1,0,1,90,8,8,2021,19:20,1,94,94069,1,1,0,2,A4,48.8173796932,2.4387983899,19,2,2
202100050833,110Â 819,A01,1,1,2,5,2,7,9,0,0,-1,2021,49.0,1,1,0,0,3,1,1,,3,4,0,B,2,2,0,1,58,888,1,, -1,1,0,8,80,20,2,2021,15:55,1,54,54588,1,1,0,7,Route nationale 4,48.6060710649,6.4350914957,15,1,1
202100021733,162Â 789,A01,2,2,2,0,1,0,-1,-1, -1,-1,2021,65.0,1,2,0,2,6,1,1,,1,A55-Sens Marseille vers Martigues,0,,1,2,0,1,16,451,1,, -1,1,0,2,110,31,8,2021,10:00,1,13,13088,1,1,0,2,A55-Sens Marseille vers Martigues,43.38419,5.23306,10,4,2
202100038027,133Â 689,A01,1,1,1,0,1,0,-1,-1, -1,-1,2021,56.0,3,2,0,2,0,15,1,,4,SAINTE BARBE (RUE),0,,2,4,0,1,(1),(1),1,, -1,1,0,1,50,27,5,2021,12:20,1,13,13201,2,2,0,3,SAINTE BARBE (RUE),43.30136,5.37393,12,2,2
202100054898,103Â 681,C01,1,1,2,5,1,0,-1,-1, -1,-1,2021,32.0,1,2,0,2,4,1,1,,3,37,0,,3,4,0,1,10,100,1,, -1,2,0,1,90,14,1,2021,14:30,1,37,37122,2,1,1,4,RD 37,47.3492548793,0.6461180197,14,4,4
202100029511,149Â 045,A01,1,1,1,5,2,6,-1,0,0,-1,2021,28.0,1,1,0,0,8,21,1,,3,111,-1,,2,2,0,1,15,150,1,,"5,5",1,0,1,80,11,7,2021,15:20,1,4,4176,1,1,0,7,RD 111,43.760537,6.148047,15,1,1
202100038352,133Â 080,A01,2,2,1,5,1,8,-1,-1, -1,-1,2021,19.0,1,2,2,0,2,13,1,,3,HO CHI MINH ( AV. ),0,,2,2,0,1,2,900,1,, -1,2,0,4,50,22,5,2021,08:10,1,56,56098,2,1,1,6,HO CHI MINH ( AV. ),47.77308,-3.33478,8,2,1
202100038510,132Â 807,A01,10,3,1,5,0,-1,-1,5,3,2,2021,9.0,1,2,0,1,4,20,1,,3,MITTERAND (BD FRANCOIS),0,,3,2,0,1,4,500,1,, -1,1,0,1,50,22,5,2021,19:27,1,95,95585,2,1,0,6,MITTERAND (BD FRANCOIS),48.9887265427,2.3773517124,19,2,1
202100003802,194Â 961,B01,2,2,1,0,1,5,-1,-1, -1,-1,2021,76.0,2,2,0,2,1,1,1,,1,A50-Sens Aubagne vers Marseille,0,,3,3,0,1,12,100,1,, -1,2,0,1,90,9,12,2021,16:00,2,13,13005,1,1,0,4,A50-Sens Aubagne vers Marseille,43.28685,5.53769,16,6,4
202100041579,127Â 278,A01,1,1,1,1,8,8,-1,-1, -1,-1,2021,38.0,1,1,0,0,3,21,1,,4,FAURE FELIX AVENUE,0,,1,1,0,1,0,0,1,, -1,1,0,1,30,3,5,2021,07:55,1,92,92050,2,1,0,7,FAURE FELIX AVENUE,48.883463953,2.2214430571,7,1,1
202100008983,185Â 661,A01,10,3,1,3,0,-1,-1,4,3,1,2021,82.0,1,2,0,1,1,1,1,,3,4,0,A,2,2,0,1,0,583,1,, -1,1,0,1,50,22,10,2021,16:10,1,83,83148,2,1,0,6,4 avenue du prÃ©sident Wilson,43.427171,6.431111,16,2,1
202100010321,183Â 258,A01,10,3,1,9,0,-1,-1,4,3,1,2021,47.0,3,5,0,1,1,15,1,,4,SOMME (AVE DE LA),0,,2,2,0,1,(1),(1),1,, -1,1,6,1,50,29,10,2021,16:20,1,33,33281,2,9,0,6,Avenue de la Somme,44.82955,-0.66216,16,2,1
202100050355,111Â 691,A01,1,1,1,0,2,0,-1,-1, -1,-1,2021,20.0,3,1,0,2,0,26,0,,4,FAUBOURG CRONCELS (RUE DU),0,,2,4,0,1,0,0,1,, -1,1,0,1,50,23,2,2021,17:15,1,10,10387,2,2,0,3,FAUBOURG CRONCELS (RUE DU),48.2772,4.08259,17,2,2
202100033484,141Â 923,B01,1,1,1,5,2,6,-1,0,0,-1,2021,19.0,1,1,0,2,3,1,1,,3,125,-1,C,2,2,0,1,38,650,1,, -1,1,0,1,50,19,6,2021,12:15,1,52,52093,2,1,0,2,Avenue Gambetta,47.803823,5.443811,12,2,2
202100042780,125Â 182,A01,1,1,1,5,2,6,9,0,0,-1,2021,23.0,1,1,12,0,7,1,1,,3,166,-1,D,2,2,0,2,4,400,2,, -1,1,0,3,90,25,4,2021,13:10,1,88,88321,1,1,0,7,D166,48.350631,5.715916,13,1,1
202100039053,131Â 827,A01,1,1,1,0,1,0,-1,-1, -1,-1,2021,20.0,3,2,0,2,3,15,1,,3,"""STALINGRAD (AVENUE), NR 88 A 114 BIS""",0,,2,2,1,1,0,1,1,, -1,1,0,1,50,20,5,2021,16:00,1,93,93066,2,7,0,3,88/114 Avenue de Stalingrad,48.947258,2.373564,16,2,2
202100033138,142Â 522,B01,1,1,1,0,1,-1,-1,0,0,-1,2021,24.0,2,2,0,0,4,0,1,,1,42,-1,,3,5,0,2,22,900,1,, -1,2,0,1,130,22,6,2021,07:00,1,1,1032,1,1,0,2,A42,45.864403,5.144863,7,2,2
202100020741,164Â 558,A01,1,1,1,5,2,6,-1,0,0,-1,2021,60.0,2,1,0,2,1,17,1,,3,204,0,,2,2,0,1,3,500,1,, -1,1,0,1,80,5,9,2021,17:39,1,63,63163,1,2,0,3,D204,45.764409,2.796214,17,2,2
202100048981,114Â 195,A01,1,1,1,5,2,8,-1,-1, -1,-1,2021,28.0,2,1,0,2,1,5,1,,3,HENRI BARBUSSE (AVENUE),0,,2,2,0,2,0,0,1,, -1,1,0,1,50,5,3,2021,22:10,5,92,92023,2,3,0,3,HENRI BARBUSSE (AVENUE),48.8083770205,2.2587633133,22,2,2
202100020257,165Â 426,A01,10,3,1,4,0,-1,-1,9,4,1,2021,29.0,2,2,0,1,2,16,1,,4,SAINT-HUBERT (IMPASSE),0,,2,2,0,2,0,0,3,, -1,1,0,1,50,6,9,2021,10:25,1,74,74305,2,1,0,6,SAINT-HUBERT (IMPASSE),46.2014336839,6.2597406242,10,2,1
202100016498,172Â 137,A01,1,1,1,5,2,8,-1,-1, -1,-1,2021,43.0,1,1,11,0,1,26,1,,4,FONTAINE (RUE DE LA),0,,2,2,0,1,(1),(1),1,, -1,1,0,4,50,26,9,2021,22:40,5,45,45004,2,6,0,6,Rue de la Fontaine,47.9763357691,2.7843300104,22,1,1
202100007117,189Â 045,A01,10,3,2,2,0,-1,-1,3,3,1,2021,20.0,1,2,0,1,2,1,1,,4,DROGOU COMMANDANT (DE 1 A 69 ET 2 A 76),0,,2,2,0,3,0,0,1,, -1,1,0,1,50,19,11,2021,07:40,2,29,29019,2,1,0,6,Rue du Commandant Drogou,48.404533,-4.496317,7,2,1
202100038959,131Â 999,A01,1,1,1,9,2,0,-1,0,0,-1,2021,38.0,1,1,0,2,7,17,1,,4,RUE DU DOCTEUR POTAIN,0,,1,1,0,2,(1),(1),1,, -1,2,0,1,50,20,5,2021,13:10,1,75,75119,2,2,0,3,RUE DU DOCTEUR POTAIN,48.878249,2.397925,13,2,2
202100048826,114Â 490,A01,1,1,1,0,1,-1,-1,0,0,-1,2021,55.0,2,2,2,0,0,1,1,,3,21,0,,2,2,0,2,2,500,1,, -1,1,0,8,80,6,3,2021,18:00,1,70,70279,1,1,0,6,D21,47.416102,5.606446,18,1,1
202100023645,159Â 359,B01,2,2,2,5,2,6,-1,0,0,-1,2021,22.0,2,1,0,2,8,1,1,,3,4085,-1,,2,2,0,1,82,650,3,, -1,1,0,1,80,19,8,2021,09:00,1,4,4204,1,1,0,3,RD 4085,43.929534,6.394279,9,3,2
202100011255,181Â 614,B01,2,2,2,5,2,6,-1,-1, -1,-1,2021,35.0,3,1,0,2,4,23,1,,3,907,0,,2,2,0,1,0,0,1,, -1,1,9,1,50,24,10,2021,12:50,1,92,92076,2,9,0,2,REPUBLIQUE,48.8375446408,2.15518713,12,3,2
202100041217,127Â 931,A01,1,1,2,0,0,-1,-1,0,0,-1,2021,69.0,3,1,6,0,3,0,5,,4,,0,,2,2,0,2,(1),(1),1,, -1,1,0,8,-1,7,5,2021,12:00,1,22,22070,2,1,0,7,Rue du Grand Trotrieux,48.560498,-3.15136,12,1,1
202100055341,102Â 911,A01,1,1,1,5,2,6,-1,0,0,-1,2021,21.0,3,1,12,0,1,1,1,,4,TUNNEL DU PAILLON,0,,1,2,0,1,(1),(1),3,, -1,1,1,1,50,10,1,2021,22:08,5,6,6088,2,1,0,7,TUNNEL DU PAILLON,43.7162,7.28236,22,2,1
202100045300,120Â 750,A01,1,1,1,5,0,-1,-1,0,0,-1,2021,16.0,1,1,0,0,0,1,5,,3,167,-1,,2,2,0,1,22,0,1,, -1,1,0,1,50,3,4,2021,18:15,1,14,14589,2,1,0,7,D167,49.003139,-0.30045,18,1,1
202100019680,166Â 470,A01,1,1,1,9,2,6,-1,-1, -1,-1,2021,69.0,3,1,0,2,3,15,1,,4,MOULIN JEAN (AV),0,,3,3,0,1,(1),(1),1,, -1,1,0,1,50,8,9,2021,11:30,1,34,34032,2,1,0,3,MOULIN JEAN (AV),43.3528066661,3.2329067588,11,2,2
202100018904,167Â 852,A01,1,1,1,0,8,0,-1,-1, -1,-1,2021,34.0,3,1,0,2,2,26,1,,4,DODU 1 (RUE JULIETTE),0,,1,-1,0,2,0,0,1,, -1,1,0,1,50,14,9,2021,15:00,1,974,97411,2,2,0,3,DODU 1 (RUE JULIETTE),-20.88133,55.45214,15,2,2
202100028988,149Â 910,A01,1,1,1,4,2,6,-1,0,0,-1,2021,22.0,2,1,0,0,6,1,1,,4,RUE DE LA CROIX NIVERT,0,,2,2,0,1,(1),(1),1,, -1,2,0,1,30,13,7,2021,17:05,1,75,75115,2,1,1,7,RUE DE LA CROIX NIVERT,48.839324,2.289889,17,1,1
202100016447,172Â 230,B01,1,1,2,1,1,0,-1,-1, -1,-1,2021,34.0,2,2,0,2,4,2,1,,3,AV JULES VALLES,0,,2,2,0,1,0,0,1,, -1,2,0,1,50,27,9,2021,11:20,1,91,91027,2,1,0,4,AV JULES VALLES,48.70195,2.37809,11,3,3
202100000104,201Â 565,B01,9,2,2,5,1,-1,-1,0,0,-1,2021,29.0,1,2,0,2,1,1,1,,3,1205,-1,,2,2,0,1,41,400,1,, -1,2,0,1,80,31,12,2021,15:55,1,74,74159,1,1,0,1,DEPARTEMENTALE 1205,46.037656,6.616291,15,4,2
202100020361,165Â 241,A01,10,3,2,4,0,-1,-1,2,3,1,2021,24.0,2,2,0,1,2,1,2,,4,BELLE FEUILLE (RUE DE LA),0,,1,1,0,1,0,0,1,, -1,1,0,1,50,6,9,2021,13:50,1,92,92012,2,1,0,6,BELLE FEUILLE (RUE DE LA),48.8354705533,2.2442471147,13,2,1
202100044108,122Â 832,A01,1,1,1,3,2,2,-1,-1, -1,-1,2021,18.0,1,1,0,2,2,15,1,,4,RUE HENRI SCHMIDT,0,,2,2,0,1,0,0,1,, -1,2,5,1,50,12,4,2021,15:10,1,988,98818,2,3,1,3,RUE HENRI SCHMIDT/ACCES STATION ESSENCE GEANT STE MARIE,-22.27625,166.45886,15,2,2
202100048254,115Â 496,A01,5,2,1,5,8,0,-1,-1, -1,-1,2021,18.0,1,2,6,0,1,16,1,,3,HUMBLOT IGNACE ( RUE ),0,,2,2,0,1,0,960,1,, -1,1,0,4,50,10,3,2021,00:15,5,62,62051,2,2,0,6,HUMBLOT IGNACE ( RUE ),50.517604,2.778909,0,6,1
202100002883,196Â 615,A01,1,1,1,9,2,6,-1,-1, -1,-1,2021,27.0,2,1,0,2,1,3,1,,2,ROUTE NATIONALE 1,0,,2,4,0,1,7,0,1,, -1,2,0,1,70,14,12,2021,08:00,1,972,97213,2,1,1,3,ROUTE NATIONALE 1,14.62513,-60.9821,8,2,2
202100043690,123Â 588,A01,1,1,1,9,1,-1,-1,0,0,-1,2021,44.0,0,2,1,0,1,13,1,,4,,-1,,2,2,0,1,(1),(1),1,, -1,1,0,1,50,17,4,2021,23:45,5,60,60701,2,1,0,6,390 Rue BrÃ»lÃ©e,49.5431680446,2.3591024982,23,3,1
202100053317,106Â 420,B01,2,2,1,0,8,0,-1,-1, -1,-1,2021,18.0,1,1,0,2,1,1,1,,3,MONTABO (ROUTE DE) 1,0,,2,2,0,1,2,750,1,, -1,1,0,1,50,28,1,2021,18:10,1,973,97302,2,1,0,1,MONTABO (ROUTE DE) 1,4.93802,-52.29897,18,3,2
202100005988,191Â 094,A01,1,1,2,9,1,0,-1,0,0,-1,2021,32.0,1,2,8,0,2,16,1,,4,RUE DE GUEBRIANT,0,,1,1,0,1,(1),(1),1,, -1,2,0,1,30,26,11,2021,21:00,5,75,75120,2,2,1,6,RUE DE GUEBRIANT,48.8729,2.40862,21,1,1
202100004426,193Â 851,A01,1,1,2,1,1,8,-1,-1, -1,-1,2021,24.0,1,2,0,2,1,1,1,,4,,0,,2,2,0,1,0,0,1,, -1,1,0,1,50,6,12,2021,09:35,1,92,92036,2,3,0,3,PORT CHARBONNIER (ROUTE DU),48.9377283819,2.2768065333,9,2,2
202100031041,146Â 255,A01,1,1,1,0,2,0,-1,0,0,-1,2021,32.0,1,1,0,2,1,2,1,,4,LAGARLAYE (RUE DE),0,,1,2,0,1,(1),(1),1,, -1,1,5,1,50,30,6,2021,12:38,1,63,63113,2,2,0,2,LAGARLAYE (RUE DE),45.77375,3.08236,12,2,2
202100005224,192Â 441,A01,1,1,1,9,2,0,-1,-1, -1,-1,2021,38.0,3,1,14,0,1,17,1,,4,SOLEIL LEVANT (BOULEVARD DU),0,,2,2,0,4,0,899,1,, -1,1,0,1,50,25,11,2021,20:33,5,972,97209,1,1,0,6,SOLEIL LEVANT (BOULEVARD DU),14.626794,-61.039519,20,1,1
202100000563,200Â 695,A01,10,3,2,9,0,-1,-1,4,3,2,2021,10.0,1,2,0,1,1,1,1,,4,SAINT LEONARD,0,,2,2,0,1,1,0,1,, -1,1,0,1,30,11,11,2021,18:22,5,49,49007,2,1,0,6,SAINT LEONARD,47.46331,-0.53715,18,2,1
202100013000,178Â 508,A01,1,1,1,5,0,-1,-1,0,0,-1,2021,22.0,1,1,0,2,1,5,1,,4,,-1,,2,2,0,2,(1),(1),1,,4,1,0,1,50,16,10,2021,17:50,1,62,62693,2,1,0,1,rue du moulin,50.437056,2.554096,17,2,2
202100022024,162Â 262,B01,1,1,2,3,1,-1,-1,0,0,-1,2021,28.0,1,2,6,2,2,15,1,,7,306,0,,3,4,3,2,45,100,1,, -1,1,0,6,-1,26,8,2021,16:45,1,69,69116,2,9,0,3,RD 306,45.820596,4.767643,16,2,2
202100023477,159Â 661,B01,1,1,1,5,2,6,-1,0,0,-1,2021,23.0,2,1,0,0,4,2,1,,1,8,-1,,3,5,0,2,132,950,1,, -1,1,7,1,110,19,8,2021,17:00,1,83,83061,1,1,0,4,A8,43.4691450021,6.7298754104,17,5,3
202100025886,155Â 415,A01,1,1,1,5,1,8,-1,-1, -1,-1,2021,37.0,1,2,1,2,2,13,1,,3,39,0,,2,2,0,1,0,0,1,, -1,1,0,1,50,31,7,2021,19:45,1,92,92063,2,1,0,1,SOLFERINO (BOULEVARD),48.87454,2.18361,19,2,2
202100042457,125Â 727,B01,1,1,1,1,8,-1,-1,0,0,-1,2021,22.0,2,1,0,2,0,1,5,,3,MAI (RUE DU 8),0,,2,2,0,1,3,670,1,, -1,1,0,1,50,4,3,2021,13:20,1,65,65047,2,3,0,3,MAI (RUE DU 8),43.2474453298,0.0869691802,13,2,2
202100049576,113Â 139,C01,1,1,2,1,1,0,-1,-1, -1,-1,2021,35.0,1,2,0,2,3,1,1,,1,AUTOROUTE A6,0,,3,3,0,2,25,399,1,, -1,1,0,1,110,2,3,2021,12:50,1,91,91228,1,1,0,5,AUTOROUTE A6,48.626,2.4162,12,3,3
202100022477,161Â 456,A01,2,2,2,5,1,0,-1,-1, -1,-1,2021,15.0,1,2,0,2,2,11,1,,4,JEAN MONNET (BD),0,,4,12,0,1,1,0,1,, -1,1,0,1,50,26,8,2021,21:25,5,94,94079,2,2,0,3,Boulevard Jean Monnet,48.83495,2.54713,21,3,2
202100047780,116Â 345,A01,2,2,1,5,8,0,-1,-1, -1,-1,2021,16.0,1,1,0,2,0,25,1,,4,PIERRE MENDES FRANCE (AVENUE),0,,3,6,2,1,(1),(1),1,, -1,2,4,5,50,13,3,2021,14:37,1,67,67447,2,8,0,7,PIERRE MENDES FRANCE (AVENUE),48.60413,7.75812,14,3,2
202100043953,123Â 112,A01,1,1,1,0,2,6,-1,0,0,-1,2021,19.0,1,1,13,0,1,0,1,,3,5,-1,,2,2,0,1,7,725,3,, -1,1,0,3,70,16,4,2021,16:14,1,6,6130,1,1,0,7,Route de Saint-cÃ©zaire,43.689062,6.829988,16,1,1
202100013325,177Â 929,B01,1,1,1,0,2,6,-1,-1, -1,-1,2021,34.0,1,1,0,2,4,2,1,,4,JEAN JAURES (R),0,,2,2,0,1,1,0,1,, -1,1,0,1,50,13,10,2021,08:10,1,94,94079,2,1,0,2,Rue Jean JaurÃ¨s,48.827,2.533,8,2,2
202100036531,136Â 417,A01,1,1,1,1,1,-1,-1,0,0,-1,2021,30.0,1,2,0,0,3,9,1,,3,,-1,,2,2,0,2,5,630,2,,4,1,5,1,70,4,6,2021,07:58,1,6,6018,1,3,0,1,Rue Albert Caquot,43.617334,7.059593,7,2,2