Num_Acc,id_vehicule,num_veh,place,catu,sexe,trajet,secu1,secu2,secu3,locp,actp,etatp,year_acc,victim_age,senc,catv,obs,obsm,choc,manv,motor,occutc,catr,voie,v1,v2,circ,nbv,vosp,prof,pr,pr1,plan,lartpc,larrout,surf,infra,situ,vma,jour,mois,an,hrmn,lum,dep,com,agg_,int,atm,col,adr,lat,long,hour,nb_victim,nb_vehicules
202100035405,138Â 434,A01,2,2,1,1,1,-1,-1,0,0,-1,2021,17.0,1,2,16,0,2,1,1,,4,,-1,,2,2,0,1,(1),(1),1,,4,1,0,3,30,8,6,2021,15:10,1,34,34127,2,1,0,6,Chemin de Sommieres,43.66032,4.073519,15,2,1
202100014628,175Â 566,A01,1,1,1,5,2,6,-1,0,0,-1,2021,48.0,2,1,0,0,0,3,1,,4,PORTE D AUBERVILLIERS,0,,1,4,0,1,24,500,1,, -1,1,0,1,70,6,10,2021,13:50,1,75,75119,2,1,0,7,PORTE D AUBERVILLIERS,48.900327,2.379367,13,1,1
202100035806,137Â 706,A01,1,1,1,1,0,-1,-1,0,0,-1,2021,21.0,2,1,0,2,0,9,5,,3,743,2,,2,2,0,1,2,170,1,,7,1,0,1,50,7,6,2021,17:00,1,79,79202,2,1,0,3,7 Rue de lâYser,46.63908,-0.240932,17,2,2
202100051310,109Â 956,B01,1,1,2,5,1,0,-1,0,0,-1,2021,24.0,2,2,0,2,3,1,1,,4,BOULEVARD PERIPHERIQUE EXTERIEUR NORD  ,0,,1,4,0,1,34,100,1,, -1,1,0,1,70,16,2,2021,11:15,1,75,75112,2,1,0,3,BOULEVARD PERIPHERIQUE EXTERIEUR NORD  ,48.830171,2.402188,11,2,2
202100039760,130Â 513,A01,10,3,1,5,0,-1,-1,1,3,1,2021,26.0,2,2,0,1,2,1,1,,1,8,-1,,3,5,0,1,18,900,3,, -1,2,0,1,90,16,5,2021,02:00,3,13,13001,1,9,1,6,A8,43.513102,5.437868,2,2,1
202100036615,136Â 258,B01,1,1,1,5,2,0,-1,-1, -1,-1,2021,64.0,1,1,0,2,1,1,5,,4,BERAUDIERE (RUE DE LA),0,,1,1,0,2,(1),(1),2,, -1,1,9,1,50,1,6,2021,10:45,1,42,42183,2,9,0,3,Rue de la BÃ©raudiÃ¨re,45.4144023094,4.3752567619,10,2,2
202100016304,172Â 492,A01,1,1,1,-1,1,-1,-1,0,0,-1,2021,52.0,2,4,3,0,3,2,1,,1,8,0,,1,4,0,2,202,0,1,, -1,1,2,1,110,30,9,2021,11:40,1,6,6149,1,1,0,6,"A8, PK 202.000 chaussÃ©e nord",43.732081,7.305479,11,1,1
202100039830,130Â 383,B01,1,1,2,1,1,0,-1,-1, -1,-1,2021,50.0,3,2,0,2,5,1,1,,4,PIERRE CHEVALIER (avenue),0,,2,0,0,1,1,0,1,, -1,1,0,1,50,15,5,2021,06:45,2,13,13212,2,2,0,3,PIERRE CHEVALIER (avenue),43.2953,5.4254,6,2,2
202100008782,186Â 048,A01,1,1,2,1,2,6,-1,-1, -1,-1,2021,27.0,1,1,0,0,0,1,1,,4,,0,,2,2,0,1,0,0,1,, -1,1,0,1,50,9,11,2021,08:45,1,92,92012,2,3,0,7,SEVRES (RUE DE) 1/55 - 2/40,48.83993183,2.22851976,8,1,1
202100001707,198Â 737,Z01,10,3,1,9,0,-1,-1,3,3,1,2021,73.0,2,2,0,1,8,1,0,,4,LILAS DES,0,,2,2,1,1,0,0,1,, -1,1,0,1,50,21,12,2021,18:40,5,64,64445,2,1,0,6,LILAS DES,43.32005,-0.33961,18,2,1
202100012583,179Â 226,A01,1,1,1,5,1,-1,-1,0,0,-1,2021,33.0,2,2,13,0,2,1,1,,3,99,0,,2,2,0,1,16,450,1,, -1,1,0,3,90,17,10,2021,04:00,3,14,14679,1,1,0,6,D99,49.232028,-0.753062,4,1,1
202100012408,179Â 525,B01,1,1,1,5,1,-1,-1,-1, -1,-1,2021,21.0,2,2,0,2,8,0,1,,4,BLEUETS (DES),0,,2,2,0,1,0,0,1,, -1,1,0,1,50,16,10,2021,18:00,1,76,76351,2,2,0,3,BLEUETS (DES),49.50792,0.15704,18,2,2
202100000395,200Â 995,A01,1,1,1,9,1,0,-1,-1, -1,-1,2021,39.0,3,2,14,0,2,0,1,,4,VERDUN.(AVENUE DE),0,,2,2,0,1,1,0,1,, -1,2,0,1,50,21,10,2021,01:20,5,94,94011,2,9,1,6,Avenue de Verdun,48.7695,2.48266,1,1,1
202100043196,124Â 449,B01,1,1,1,1,2,6,-1,0,0,-1,2021,38.0,2,1,0,2,8,1,1,,4,BOULEVARD BARBES,0,,2,6,1,1,(1),(1),1,, -1,1,0,1,50,21,4,2021,05:55,2,75,75118,2,2,0,3,BOULEVARD BARBES,48.888344,2.349588,5,2,2
202100052909,107Â 144,B01,1,1,1,9,2,0,-1,0,0,-1,2021,40.0,2,1,0,2,1,1,3,,4,RUE DU COMMANDANT L HERMINIER,0,,1,1,1,1,(1),(1),1,, -1,1,-1,5,50,1,2,2021,13:00,1,75,75120,2,2,0,3,RUE DU COMMANDANT L HERMINIER,48.846707,2.41588,13,2,2
202100029173,149Â 604,A01,2,2,1,0,1,0,-1,-1, -1,-1,2021,42.0,1,2,0,2,4,23,1,,3,JEAN JAURES  (AVE)  157 A 213,0,,2,4,3,1,0,1,1,, -1,2,0,1,50,13,7,2021,15:38,1,93,93001,2,1,1,2,JEAN JAURES  (AVE)  157 A 213,48.91203,2.40112,15,3,2
202100021481,163Â 244,A01,1,1,2,1,2,0,-1,0,0,-1,2021,38.0,1,1,0,0,1,1,5,,4,AVENUE DE LA PORTE DE VITRY,0,,2,4,1,1,(1),(1),1,, -1,1,0,5,30,1,9,2021,08:40,1,75,75113,2,1,0,7,AVENUE DE LA PORTE DE VITRY,48.823266,2.37763,8,1,1
202100040247,129Â 660,A01,1,1,2,5,2,6,9,0,0,-1,2021,22.0,1,1,4,0,8,1,1,,3,3,-1,,3,2,0,2,111,650,3,, -1,1,0,3,70,9,5,2021,16:15,1,51,51507,1,1,0,7,D3,49.102308,4.980412,16,1,1
202100047867,116Â 199,A01,10,3,1,5,0,-1,-1,1,5,2,2021,17.0,2,2,0,1,7,1,1,,3,51,0,D,1,1,0,1,17,200,2,0,"2,6",1,0,1,50,16,3,2021,11:45,1,16,16106,2,1,0,6,Rue des RÃ©collets,46.012883,0.671024,11,2,1
202100043337,124Â 201,B01,1,1,1,1,2,6,-1,0,0,-1,2021,43.0,2,1,0,2,1,1,1,,4,CHERON (AVENUE HENRI),0,,2,2,0,1,(1),(1),1,, -1,1,0,1,50,19,4,2021,18:45,1,14,14118,2,1,0,3,Avenue Henry ChÃ©ron,49.1739,-0.39102,18,2,2
202100016137,172Â 796,B01,1,1,1,0,2,0,-1,0,0,-1,2021,49.0,2,1,0,2,1,1,1,,7,LAFAYETTE (BD),0,,3,4,0,1,(1),(1),1,, -1,1,0,1,50,29,9,2021,07:55,1,63,63113,2,3,0,3,LAFAYETTE (BD),45.76502,3.10977,7,2,2
202100000453,200Â 897,A01,1,1,1,0,1,8,-1,-1, -1,-1,2021,22.0,2,2,4,0,1,13,1,,1,AUTOROUTE A1,0,,1,3,0,2,0,100,3,, -1,2,0,1,90,12,11,2021,17:15,2,972,97209,2,1,1,6,AUTOROUTE A1,14.614397,-61.049058,17,1,1
202100014967,174Â 952,A01,10,3,1,5,0,-1,-1,2,3,1,2021,72.0,1,2,0,1,1,1,1,,4,FAVALE - COURS,0,,2,2,0,2,1,0,3,, -1,2,0,1,50,4,10,2021,18:15,2,202,202033,2,1,1,6,FAVALE - COURS,42.69304,9.45045,18,2,1
202100012963,178Â 568,B01,1,1,1,1,1,-1,-1,0,0,-1,2021,47.0,1,2,3,0,4,1,1,,1,35,-1,,3,4,0,1,111,0,1,, -1,2,0,1,130,17,10,2021,05:20,3,68,68309,1,1,1,2,A35 - PK 111+000,47.670055,7.473643,5,3,2
202100011479,181Â 208,A01,1,1,1,0,2,-1,-1,0,0,-1,2021,35.0,0,1,15,0,0,0,1,,4,,-1,,2,1,0,1,(1),(1),1,,"5,5",1,0,1,50,24,10,2021,00:00,5,85,85288,2,6,0,6,Avenue des Sports,46.463984,-1.634485,0,1,1
202100029053,149Â 809,A01,2,1,2,5,1,-1,-1,0,0,-1,2021,42.0,2,2,5,0,1,1,1,,1,7,0,A,3,4,0,4,18,400,2,, -1,2,0,2,130,14,7,2021,13:43,1,38,38344,1,1,1,6,A7 - Pk 18+400 - S/N,45.370509,4.808214,13,1,1
202100050045,112Â 285,A01,10,3,1,5,0,-1,-1,1,3,3,2021,5.0,2,2,0,1,1,26,1,,9,PERGAUD LOUIS,0,,2,2,0,1,0,0,1,, -1,1,0,1,50,25,2,2021,16:19,1,11,11069,2,1,0,6,PERGAUD LOUIS,43.2092,2.3297,16,4,1
202100031153,146Â 046,A01,1,1,2,5,1,-1,-1,0,0,-1,2021,31.0,1,2,0,2,2,2,1,,2,ECHANGEUR NÂ° 02 ( MONTALIVET ),0,,2,4,3,1,1,0,1,, -1,1,0,1,90,2,7,2021,15:45,1,14,14437,2,1,0,4,N814,49.17959,-0.32263,15,3,3
202100031791,144Â 933,B01,1,1,1,0,1,-1,-1,0,0,-1,2021,81.0,1,2,9,0,8,15,1,,2,205,0,,2,2,0,1,1,300,1,, -1,1,0,1,80,30,6,2021,10:15,1,202,202148,1,1,0,3,Route territoriale 205 - Hors agglomÃ©ration,42.542279,9.442534,10,2,2
202100026178,154Â 904,A01,1,1,1,5,1,-1,-1,0,0,-1,2021,60.0,1,2,2,0,1,0,1,,3,144,0,,2,2,0,1,5,300,3,, -1,1,0,3,70,1,8,2021,15:12,1,62,62742,1,1,0,6,Rue de Montreuil,50.461206,1.677293,15,1,1
202100046648,118Â 384,B01,1,1,1,5,2,0,-1,0,0,-1,2021,30.0,1,1,0,2,4,1,5,,4,RUE SAINT ANTOINE,0,,2,4,1,1,(1),(1),1,, -1,1,-1,5,30,25,3,2021,16:00,1,75,75104,2,3,0,3,RUE SAINT ANTOINE,48.853948,2.364729,16,3,2
202100017535,170Â 276,B01,1,1,1,5,0,-1,-1,0,0,-1,2021,82.0,0,0,0,0,0,0,3,,4,,-1,,2,2,2,1,(1),(1),1,,5,1,0,1,-1,22,9,2021,17:20,1,91,91666,2,9,0,1,Rue de Villejust,48.674176,2.21985,17,2,2
202100044270,122Â 534,B01,1,1,1,9,2,0,-1,-1, -1,-1,2021,15.0,1,1,0,2,0,0,1,,4,SAUMUROISE IMPASSE ET RUE,0,,-1,2,0,1,1,0,1,, -1,1,0,1,50,12,4,2021,18:03,1,49,49007,2,1,0,3,SAUMUROISE IMPASSE ET RUE,47.4561616499,-0.5306938107,18,2,2
202100038501,132Â 824,A01,1,1,2,1,1,8,-1,-1, -1,-1,2021,27.0,2,2,0,2,1,2,1,,1,A4,0,,-1,8,0,1,3,299,1,, -1,1,0,1,90,25,5,2021,14:00,1,94,94069,1,1,0,4,A4,48.8174754142,2.4324596446,14,3,3
202100013587,177Â 431,A01,10,3,1,5,0,-1,-1,5,5,1,2021,89.0,3,3,0,1,7,26,3,1.0,4,ARSONVAL (D')                       (PL),0,,1,2,3,1,(1),(1),3,, -1,1,9,6,50,23,7,2021,12:00,1,69,69383,2,1,0,6,ARSONVAL (D')                       (PL),45.743139255,4.8784285784,12,2,1
202100005303,192Â 310,B01,1,1,1,0,1,5,-1,-1, -1,-1,2021,48.0,2,2,0,2,1,1,1,,3,,0,,2,4,0,1,16,150,1,, -1,2,0,1,90,30,11,2021,17:45,3,45,45068,1,1,1,5,D 2007-PR 16+150,48.02431,2.74031,17,3,3
202100034233,140Â 556,A01,1,1,2,0,8,0,-1,-1, -1,-1,2021,32.0,2,1,0,2,4,26,0,,3,SAINT GERMAIN (AVENUE DE),0,,1,1,0,1,9,930,1,, -1,1,0,1,50,15,6,2021,23:30,5,78,78372,2,1,0,2,SAINT GERMAIN (AVENUE DE),48.87749,2.0965,23,2,2
202100013705,177Â 205,B01,1,1,1,1,2,6,-1,-1, -1,-1,2021,21.0,1,1,0,2,2,1,1,,3,STALINGRAD (BD DE),0,,1,2,0,1,0,1,3,, -1,1,0,1,50,12,10,2021,17:50,1,94,94022,2,3,0,3,STALINGRAD (BD DE),48.76817,2.4032,17,2,2
202100018056,169Â 357,A01,10,3,2,5,0,-1,-1,3,3,2,2021,9.0,3,2,0,1,1,13,1,,4,4,0,A,1,1,0,1,(1),(1),1,, -1,1,9,1,50,14,9,2021,17:30,1,31,31517,2,9,0,6,2 rue pierre curie,43.32975,1.322318,17,2,1
202100044606,121Â 986,A01,1,1,1,0,8,0,-1,-1, -1,-1,2021,21.0,1,1,0,1,1,0,3,,4,EMILE ZOLA (R),0,,2,1,0,2,0,0,1,, -1,2,0,1,50,9,4,2021,19:00,2,94,94002,2,1,0,6,EMILE ZOLA (R),48.79932,2.42506,19,2,1
202100047542,116Â 786,B01,2,1,1,1,8,0,-1,-1, -1,-1,2021,28.0,1,1,0,2,3,1,1,,3,906,0,,2,2,0,1,0,1,1,, -1,2,0,1,50,17,3,2021,20:46,5,92,92020,2,9,1,1,PARIS AVENUE DE NÂ° IMPAIRS,48.8049540153,2.2900785721,20,2,2
202100041229,127Â 907,A01,1,1,1,0,1,0,-1,-1, -1,-1,2021,42.0,1,5,3,0,1,1,1,,2,N118,0,,3,4,0,1,5,800,1,, -1,2,0,8,110,6,5,2021,15:35,1,78,78640,1,1,0,6,N118,48.778848,2.222411,15,1,1
202100014099,176Â 497,A01,1,1,1,0,2,6,-1,-1, -1,-1,2021,27.0,2,1,0,0,0,21,1,,1,A13,0,,1,3,0,1,48,2500,1,, -1,1,0,1,130,10,10,2021,20:00,5,78,78531,1,1,0,7,A13,48.990337,1.64613,20,1,1
202100017689,170Â 002,A01,10,3,1,2,0,-1,-1,3,3,1,2021,15.0,1,0,0,1,1,1,0,,3,LIBERATION (RTE DE LA),0,,1,2,0,1,96,0,1,, -1,1,0,1,50,21,9,2021,09:57,1,94,94019,2,1,0,1,LIBERATION (RTE DE LA),48.8014270545,2.5408995152,9,2,1
202100018377,168Â 777,B01,1,1,1,1,8,0,-1,-1, -1,-1,2021,19.0,1,1,0,2,1,2,3,,3,VENDOME   RUE DU MOULIN  DE,0,,2,2,1,1,0,632,1,, -1,1,0,5,30,17,9,2021,16:41,1,17,17200,2,1,0,3,VENDOME   RUE DU MOULIN  DE,46.17804,-1.15336,16,2,2
202100024108,158Â 566,A01,10,3,2,5,0,-1,-1,1,3,2,2021,53.0,1,2,0,1,3,15,1,,4,PELTIER RUE DU DOCTEUR,0,,2,2,0,1,(1),(1),2,, -1,1,6,1,30,14,8,2021,22:10,5,17,17299,2,2,0,6,PELTIER RUE DU DOCTEUR,45.935845,-0.964446,22,2,1
202100047003,117Â 761,A01,1,1,1,1,1,0,-1,-1, -1,-1,2021,27.0,1,2,0,2,1,2,1,,1,6,0,,3,6,0,2,17,287,1,, -1,1,0,1,110,23,3,2021,17:20,1,91,91589,1,1,0,4,AUTOROUTE A6,48.67683,2.33894,17,3,3
202100026013,155Â 180,A01,10,3,1,0,0,-1,-1,1,3,2,2021,67.0,3,1,0,1,2,1,1,,3,"""STALINGRAD (AVENUE), NR 88 A 114 BIS""",0,,2,2,0,1,0,1,1,, -1,1,0,1,50,1,8,2021,17:40,1,93,93066,2,1,0,6,Avenue de Stalingrad,48.94603,2.3667,17,2,1
202100029157,149Â 629,A01,1,1,1,9,2,6,-1,0,0,-1,2021,35.0,2,1,0,2,1,7,1,,4,BOULEVARD RASPAIL,0,,2,4,3,1,(1),(1),1,, -1,2,0,6,50,13,7,2021,12:20,1,75,75114,2,4,1,3,BOULEVARD RASPAIL,48.840593,2.330122,12,2,2
202100037856,133Â 994,Z01,10,3,1,5,0,8,-1,1,5,2,2021,4.0,3,1,9,1,0,26,1,,5,TILLEULS (PL DES),0,,-1,0,0,1,1,0,1,, -1,1,0,8,10,28,5,2021,20:00,2,94,94004,2,1,0,6,Place des Tilleuls,48.75609,2.498415,20,2,1
202100039633,130Â 750,A01,1,1,1,5,2,-1,-1,0,0,-1,2021,25.0,1,1,0,2,1,1,1,,2,21,-1,,2,2,3,1,(1),(1),1,, -1,2,0,1,70,18,5,2021,17:00,1,65,65340,2,3,1,3,carrefour route de rabastens et et du bois cibat,43.267801,0.105096,17,2,2
202100003788,194Â 988,A01,2,2,2,5,1,-1,-1,0,0,-1,2021,68.0,2,2,0,2,1,1,1,,7,5,-1,,2,2,1,1,4,1810,1,, -1,1,0,1,90,25,8,2021,22:45,3,34,34134,1,1,0,1,CD 5,43.589452,3.806849,22,3,2
202100030611,147Â 037,A01,10,3,1,4,0,-1,-1,2,3,1,2021,30.0,1,2,0,1,6,26,1,,3,920,0,,1,1,0,1,0,0,1,, -1,1,0,1,50,5,7,2021,20:10,1,92,92049,2,1,0,6,BRIAND AVENUE ARISTIDE NÂ°2 A 114,48.8180912327,2.3254618049,20,2,1
202100016770,171Â 639,B01,2,2,1,5,1,0,-1,-1, -1,-1,2021,27.0,2,2,0,2,1,1,1,,3,CRET DU MAURE (AVENUE DU),0,,2,2,0,2,0,0,3,, -1,1,0,1,50,24,7,2021,00:15,5,74,74010,2,1,0,4,CRET DU MAURE (AVENUE DU),45.89541,6.126,0,7,3
202100028938,150Â 002,A01,1,1,1,1,2,6,9,0,0,-1,2021,39.0,1,1,0,2,1,26,1,,3,37,-1,,2,2,0,1,1,250,1,, -1,1,0,1,80,16,7,2021,15:55,1,50,50041,1,2,0,3,La Terrasse,49.642936,-1.802372,15,2,2
202100044573,122Â 044,B01,2,2,2,0,1,0,-1,-1, -1,-1,2021,27.0,0,2,0,2,3,1,1,,4,CHE DU SANG DE SERP,0,,2,2,0,1,(1),(1),1,, -1,1,0,1,50,5,4,2021,18:10,1,31,31555,2,3,0,3,CHE DU SANG DE SERP,43.619077,1.425814,18,3,2
202100005037,192Â 784,A01,10,3,1,0,0,-1,-1,3,3,1,2021,67.0,3,2,0,1,1,26,1,,4,BOURGOGNE (AVENUE DE),0,,-1,2,0,1,0,0,1,, -1,2,6,1,50,2,12,2021,10:20,1,91,91692,2,1,0,6,BOURGOGNE (AVENUE DE),48.68383,2.17667,10,2,1
202100023351,159Â 874,B01,1,1,1,1,2,-1,-1,0,0,-1,2021,23.0,1,1,0,2,1,1,1,,3,364A,-1,A,2,2,0,1,1,550,1,, -1,1,0,1,80,20,8,2021,21:30,3,70,70257,1,1,0,1,D364 A,47.493139,5.931501,21,2,2
202100044370,122Â 358,A01,1,1,1,4,1,0,-1,0,0,-1,2021,33.0,1,2,0,2,2,1,1,,4,QUAI VOLTAIRE,0,,1,5,0,1,(1),(1),1,, -1,2,0,1,50,11,4,2021,01:30,5,75,75107,2,2,1,3,QUAI VOLTAIRE,48.859545,2.32933,1,2,2
202100002501,197Â 304,A01,1,1,1,5,0,-1,-1,0,0,-1,2021,20.0,1,2,15,0,1,14,6,,3,101,0,,2,2,2,2,3,237,1,, -1,1,0,3,70,18,12,2021,22:30,5,56,56003,1,1,0,6,Route de la CÃ´te du Vincin,47.647147,-2.80542,22,1,1
202100053473,106Â 133,B01,10,3,2,5,0,-1,-1,5,1,2,2021,3.0,1,2,8,1,7,1,1,,4,BRUYS (RUE DE),0,,1,2,0,1,(1),(1),1,, -1,1,0,1,50,24,1,2021,17:50,2,13,13205,2,2,0,6,BRUYS (RUE DE),43.29461,5.38896,17,5,2
202100038891,132Â 115,A01,2,2,2,5,1,0,-1,-1, -1,-1,2021,85.0,1,2,0,2,1,1,1,,3,POISSOMPRE (FG DE),0,,2,2,0,1,0,920,1,, -1,1,0,1,50,20,5,2021,16:50,1,88,88160,2,2,0,1,POISSOMPRE (FG DE),48.18261,6.47218,16,3,2
202100022971,160Â 568,A01,1,1,2,5,1,-1,-1,0,0,-1,2021,35.0,1,2,0,2,3,13,1,,3,6086,-1,,2,2,0,1,40,50,1,, -1,1,0,1,80,23,8,2021,12:30,1,30,30212,1,1,0,1,D6086,43.9512,4.5674,12,7,2
202100024188,158Â 431,A01,2,2,2,0,1,-1,-1,0,0,-1,2021,19.0,3,2,8,0,8,1,1,,3,110.7,-1,,2,1,0,1,(1),(1),1,, -1,2,0,3,80,15,8,2021,01:30,3,28,28395,1,1,0,6,La Donnaisiere,48.289158,0.861563,1,2,1
202100023517,159Â 599,A01,1,1,1,5,2,6,-1,0,0,-1,2021,46.0,1,1,0,2,1,17,1,,3,29,-1,,2,2,0,3,9,100,1,, -1,1,0,1,80,15,8,2021,11:45,1,37,37047,1,1,0,3,,47.5038193873,0.6966108159,11,2,2
202100007618,188Â 127,B01,1,1,1,0,8,0,-1,-1, -1,-1,2021,25.0,3,1,0,2,1,1,5,,7,COURS JEAN JAURÃS,0,,2,3,1,1,(1),(1),1,, -1,2,5,1,30,18,11,2021,02:35,4,38,38185,2,2,1,3,COURS JEAN JAURÃS,45.19112,5.7202,2,2,2
202100018825,167Â 995,B01,1,1,1,0,1,0,-1,-1, -1,-1,2021,38.0,1,1,0,2,3,7,1,,3,BROSSOLETTE AVENUE PIERRE,0,,-1,2,1,1,0,1,1,, -1,1,0,1,50,14,9,2021,18:05,1,92,92046,2,9,0,3,BROSSOLETTE AVENUE PIERRE,48.8128291924,2.3015908005,18,2,2
202100002943,196Â 514,B01,1,1,1,2,2,0,-1,0,0,-1,2021,17.0,1,1,0,2,4,2,1,,3,SORET (RUE JULES),0,,2,1,0,1,9,1200,1,, -1,2,0,1,50,14,12,2021,08:20,2,27,27681,2,1,0,2,SORET (RUE JULES),49.09711,1.48967,8,2,2
202100008608,186Â 352,A01,10,3,2,5,0,-1,-1,3,3,2,2021,75.0,1,5,0,1,2,16,1,,3,GENERAL DE GAULLE (AV DU),0,,2,2,0,1,1,0,1,, -1,1,0,1,50,10,11,2021,14:40,1,94,94067,2,1,0,6,Avenue du GÃ©nÃ©ral de Gaulle,48.838798,2.417642,14,3,1
202100038216,133Â 335,A01,1,1,1,9,1,0,-1,0,0,-1,2021,23.0,2,2,0,2,3,1,1,,4,RUE DES POISSONNIERS,0,,2,2,0,1,(1),(1),1,, -1,2,0,1,50,26,5,2021,00:15,5,75,75118,2,3,1,1,RUE DES POISSONNIERS,48.892379,2.352213,0,2,2
202100044552,122Â 079,A01,10,3,2,5,0,-1,-1,4,5,2,2021,3.0,3,2,0,1,1,1,1,,3,JAURES(AVENUE JEAN),0,,2,2,0,1,0,515,1,, -1,1,9,1,30,8,4,2021,12:30,1,77,77152,2,3,0,6,JAURES(AVENUE JEAN),48.52667,2.6472,12,2,1
202100001776,198Â 619,A01,1,1,1,1,1,-1,-1,0,0,-1,2021,18.0,2,2,0,2,3,2,1,,3,929,-1,,2,2,0,2,56,636,3,, -1,1,0,1,70,23,12,2021,13:00,1,65,65006,1,1,0,5,D929,42.878881,0.346268,13,4,3
202100026270,154Â 743,A01,2,2,1,5,2,0,-1,-1, -1,-1,2021,17.0,3,1,0,2,8,16,1,,4,RUE LAVOISIER,0,,2,2,0,1,8,0,1,, -1,1,0,1,50,29,7,2021,18:25,1,77,77350,2,1,0,3,RUE LAVOISIER,48.76793,2.68249,18,4,2
202100015368,174Â 237,A01,1,1,2,3,1,0,-1,-1, -1,-1,2021,44.0,1,2,0,2,4,23,0,,3,THEOPHILE SUEUR (BOULEVARD),0,,2,2,0,1,0,1,1,, -1,2,0,1,30,3,10,2021,12:00,1,93,93048,2,1,1,6,Boulevard ThÃ©ophile Sueur,48.85951,2.466699,12,3,2
202100020682,164Â 666,A01,1,1,2,1,1,-1,-1,-1, -1,-1,2021,41.0,1,2,1,0,9,14,1,,4,RABASSON (CHEMIN DE),0,,2,2,0,1,0,0,3,, -1,1,0,1,30,5,9,2021,07:35,1,83,83062,2,1,0,6,RABASSON (CHEMIN DE),43.129453,6.025633,7,1,1
202100032114,144Â 349,B01,1,1,1,9,1,8,-1,-1, -1,-1,2021,46.0,2,2,3,2,6,1,1,,2,136,0,,3,4,0,1,8,894,1,, -1,2,0,1,90,26,6,2021,11:00,1,35,35238,1,1,1,3,PORTE DE NANTES,48.08079,-1.67256,11,2,2
202100022825,160Â 811,A01,1,1,1,1,1,0,-1,0,0,-1,2021,25.0,2,2,14,0,1,13,1,,4,AVENUE DU TRONE,0,,1,4,0,1,(1),(1),3,, -1,1,0,1,30,23,8,2021,09:10,1,75,75111,2,1,0,6,AVENUE DU TRONE,48.848433,2.398222,9,1,1
202100045463,120Â 471,A01,1,1,1,5,0,-1,-1,0,0,-1,2021,43.0,2,1,0,2,1,13,5,,3,6,-1,D,2,2,0,2,10,605,3,, -1,1,0,1,50,2,4,2021,19:00,3,974,97415,2,1,0,1,Rue Jean Albany,-21.077948,55.268097,19,2,2
202100024613,157Â 663,B01,1,1,2,5,1,-1,-1,0, -1,-1,2021,58.0,2,2,0,2,8,15,1,,4,TARENTE,0,,3,2,0,2,(1),(1),1,, -1,1,0,1,50,11,8,2021,14:56,1,29,29019,2,9,0,3,Avenue de Tarente,48.403081,-4.50639,14,2,2
202100026931,153Â 574,B01,4,2,1,5,1,0,-1,-1, -1,-1,2021,4.0,1,2,0,2,4,2,1,,2,RN 104,0,,1,3,0,1,46,0,1,, -1,2,0,1,110,27,7,2021,13:50,1,91,91549,1,1,1,2,RN 104,48.62584,2.33881,13,4,2
202100032522,143Â 633,A01,10,3,1,5,0,-1,-1,2,3,1,2021,12.0,1,2,0,1,3,1,2,,4,RUE DE DOUAI,0,,1,1,0,1,(1),(1),1,, -1,1,0,1,30,24,6,2021,14:56,1,75,75109,2,7,0,6,RUE DE DOUAI,48.883452,2.329877,14,2,1
202100016128,172Â 814,A01,1,1,1,0,1,-1,-1,-1, -1,-1,2021,22.0,3,2,0,2,0,20,1,,4,BONNEVAY  LAURENT   R,0,,2,2,0,1,(1),(1),1,, -1,1,0,1,50,29,9,2021,13:05,1,69,69264,2,1,0,1,BONNEVAY LAURENT (R),45.9832431826,4.7061065841,13,2,2
202100037549,134Â 544,B01,1,1,1,0,1,4,-1,-1, -1,-1,2021,49.0,2,2,0,2,4,2,1,,1,AUTOROUTE A1,0,,3,8,0,1,11,500,1,, -1,1,0,1,110,30,5,2021,18:30,1,93,93005,1,1,0,2,AUTOROUTE A1,48.9578,2.46266,18,2,2
202100047172,117Â 449,A01,1,1,2,3,1,-1,-1,0,0,-1,2021,64.0,1,2,0,2,2,1,1,,7,15,0,,2,2,1,2,9,250,2,, -1,1,0,1,50,22,3,2021,10:00,1,13,13051,2,3,0,1,D15,43.592436,5.121753,10,2,2
202100025663,155Â 807,B01,1,1,1,1,1,-1,-1,0,0,-1,2021,36.0,1,2,0,2,1,1,1,,3,78,0,D,2,2,0,1,8,635,1,, -1,1,0,1,80,5,8,2021,08:05,1,76,76058,1,2,0,3,RD78,49.9929101211,1.4039738616,8,2,2
202100025226,156Â 569,A01,2,2,1,5,2,6,-1,-1, -1,-1,2021,22.0,2,1,0,2,7,1,1,,1,A7-Sens Marseille vers Lyon,0,,3,3,0,1,267,500,1,, -1,1,3,1,90,6,8,2021,22:50,3,13,13071,1,1,0,3,A7-Sens Marseille vers Lyon,43.40361,5.30876,22,4,3
202100052339,108Â 164,A01,1,1,2,0,1,0,-1,-1, -1,-1,2021,30.0,2,2,0,2,2,1,1,,3,CHARLES DE GAULLE (BD),0,,3,4,0,1,0,0,1,, -1,1,0,1,50,6,2,2021,13:30,1,92,92025,2,5,0,3,CHARLES DE GAULLE (BD),48.9133003924,2.2306524235,13,2,2
202100020892,164Â 304,B01,1,1,1,9,2,0,-1,-1, -1,-1,2021,34.0,2,1,0,2,4,26,1,,3,JEAN LOLIVE (AVENUE)(107/135 ET 108/132),0,,1,1,0,1,0,0,1,, -1,1,0,1,50,4,9,2021,19:13,1,93,93055,2,1,0,5,JEAN LOLIVE (AVENUE)(107/135 ET 108/132),48.892681,2.410396,19,3,3