Num_Acc,id_vehicule,num_veh,place,catu,sexe,trajet,secu1,secu2,secu3,locp,actp,etatp,year_acc,victim_age,senc,catv,obs,obsm,choc,manv,motor,occutc,catr,voie,v1,v2,circ,nbv,vosp,prof,pr,pr1,plan,lartpc,larrout,surf,infra,situ,vma,jour,mois,an,hrmn,lum,dep,com,agg_,int,atm,col,adr,lat,long,hour,nb_victim,nb_vehicules
202100007774,187Â 855,B01,2,2,1,5,1,-1,-1,-1, -1,-1,2021,22.0,1,2,0,2,3,1,1,,3,PUYRAVEAU (ROUTE DE),0,,2,2,0,1,2,640,1,,6,1,0,1,80,15,11,2021,19:10,3,79,79265,1,1,0,1,,46.98653,-0.16588,19,3,2
202100009339,185Â 012,A01,1,1,1,5,2,6,9,0,0,-1,2021,56.0,1,1,5,0,7,14,1,,3,907,-1,,2,2,0,1,45,800,2,, -1,1,0,3,80,6,11,2021,14:45,1,34,34228,1,1,1,6,D907,43.412717,2.741609,14,1,1
202100050204,111Â 975,A01,10,3,1,0,0,-1,-1,2,3,1,2021,83.0,3,2,0,1,1,1,1,,4,MARECHAL LECLERC (RUE DU),0,,2,2,0,1,0,0,1,, -1,1,0,1,50,24,2,2021,14:38,1,10,10333,2,1,0,6,MARECHAL LECLERC (RUE DU),48.28194,4.05932,14,2,1
202100014892,175Â 092,A01,1,1,2,9,2,-1,-1,0,0,-1,2021,56.0,1,1,0,2,1,5,1,,3,5,0,D,2,2,0,1,5,620,3,, -1,2,0,1,80,25,9,2021,17:15,1,7,7058,1,1,1,1,Route de Valgorge,44.55208,4.28952,17,2,2
202100048288,115Â 439,A01,1,1,1,5,2,6,-1,0,0,-1,2021,36.0,1,1,0,2,1,1,1,,4,AVENUE DE LA PORTE D ASNIERES,0,,2,6,0,1,(1),(1),1,, -1,1,0,1,50,11,3,2021,21:00,2,75,75117,2,2,0,3,AVENUE DE LA PORTE D ASNIERES,48.892296,2.301014,21,2,2
202100012528,179Â 318,A01,1,1,1,5,2,6,9,0,0,-1,2021,31.0,2,1,0,2,1,17,1,,3,238,-1,,2,2,0,1,8,300,1,, -1,1,0,1,80,19,10,2021,10:25,1,33,33523,1,3,0,3,,44.744053,-0.274226,10,3,2
202100016605,171Â 953,A01,2,2,2,5,1,0,-1,-1, -1,-1,2021,19.0,1,2,0,0,7,0,1,,2,RN 104,0,,3,6,0,1,36,0,1,, -1,2,0,1,90,27,9,2021,11:35,1,91,91174,1,1,1,7,RN 104,48.61046,2.4441,11,2,1
202100030691,146Â 899,A01,10,3,2,0,0,-1,-1,8,A,1,2021,59.0,1,5,0,1,5,1,1,,3,RUE MICHEL DE GAILLARD,0,,2,0,0,1,0,0,1,, -1,1,0,1,50,30,6,2021,13:10,1,91,91345,2,1,0,6,RUE MICHEL DE GAILLARD,48.69821,2.29046,13,2,1
202100037381,134Â 852,B01,2,2,1,3,8,-1,-1,0,0,-1,2021,51.0,2,2,0,2,0,1,1,,3,503,0,,2,2,0,1,4,1030,1,, -1,1,5,1,80,31,5,2021,18:00,1,35,35228,1,2,0,3,La Ville Boterel,48.586842,-2.100202,18,3,2
202100041835,126Â 834,A01,1,1,1,5,1,-1,-1,0,0,-1,2021,20.0,1,2,13,0,2,13,1,,3,122,0,D,2,2,0,1,28,625,1,, -1,1,0,3,80,2,5,2021,10:10,1,41,41140,1,1,0,7,Bognon,47.45453,1.813602,10,2,1
202100007724,187Â 954,A01,1,1,1,4,1,-1,-1,0,0,-1,2021,48.0,2,4,0,0,8,16,1,,3,283,-1,,2,1,0,1,(1),(1),1,,4,1,5,1,50,18,11,2021,11:00,1,52,52269,2,3,0,7,Avenue Jean Lepetz,47.857928,5.344677,11,1,1
202100039307,131Â 338,B01,1,1,1,9,2,0,-1,-1, -1,-1,2021,33.0,0,1,0,2,2,17,1,,4,AUPHAN (RUE),0,,2,2,0,1,(1),(1),1,, -1,1,0,1,50,19,5,2021,08:40,1,13,13203,2,1,0,3,AUPHAN (RUE),43.316803,5.375696,8,2,2
202100016016,173Â 034,A01,2,2,1,9,3,-1,-1,0,0,-1,2021,3.0,1,2,13,0,1,16,1,,3,946,0,D,3,2,0,1,90,700,1,, -1,1,5,3,80,27,9,2021,17:35,1,8,8017,1,3,0,6,D946,49.2708894848,4.9960799216,17,2,1
202100053365,106Â 330,A01,1,1,1,1,2,6,-1,-1, -1,-1,2021,37.0,1,1,0,2,1,19,1,,3,PRÃSIDENT PAUL DOUMER (QUAI DU),0,,2,6,0,1,0,0,1,, -1,1,5,1,70,28,1,2021,18:30,3,92,92026,2,3,0,3,PRÃSIDENT PAUL DOUMER (QUAI DU),48.8900671882,2.2561722994,18,2,2
202100017733,169Â 929,A01,2,2,2,5,1,-1,-1,0,0,-1,2021,76.0,2,2,0,2,1,1,1,,3,rd21,0,,2,2,0,1,12,600,1,, -1,1,0,1,90,21,9,2021,20:30,3,53,53087,1,3,0,2,route dÃ©partementale 21,47.93927,-0.5129939318,20,3,2
202100018743,168Â 138,A01,1,1,2,0,1,-1,-1,-1, -1,-1,2021,30.0,2,2,7,0,2,14,1,,4,LENINGRAD (BD DE),0,,3,4,0,1,95,1000,1,, -1,2,0,4,50,14,9,2021,06:20,5,76,76351,2,1,1,6,LENINGRAD (BD DE),49.50005,0.17246,6,1,1
202100016288,172Â 518,B01,1,1,1,5,2,-1,-1,0,0,-1,2021,71.0,1,1,0,2,1,15,5,,3,352,0,,2,2,0,1,(1),(1),1,,5,1,0,1,50,11,9,2021,11:20,1,44,44097,2,3,0,3,Rue de Lozepienne,47.407691,-2.480813,11,2,2
202100032546,143Â 593,B01,1,1,1,5,2,6,-1,0,0,-1,2021,62.0,1,1,3,0,0,1,5,,3,53,0,,2,2,0,4,11,200,1,, -1,2,0,1,70,24,6,2021,13:50,1,26,26301,1,3,1,3,Route de Romans,45.119652,4.997272,13,2,2
202100023706,159Â 241,A01,1,1,1,0,2,0,-1,0,0,-1,2021,27.0,1,1,0,2,1,1,1,,4,MOUILLERON (RUE GABRIEL),0,,1,1,2,1,(1),(1),1,, -1,1,0,1,30,17,8,2021,11:40,1,54,54395,2,2,0,3,MOUILLERON (RUE GABRIEL),48.6844,6.1728,11,2,2
202100026326,154Â 635,A01,1,1,1,0,2,8,-1,0,0,-1,2021,21.0,3,1,0,2,1,17,1,,7,PRINCESSE GRACE DE MONACO (AVENUE),0,,2,2,0,1,(1),(1),1,, -1,1,0,1,50,30,7,2021,12:00,1,6,6159,2,9,0,3,PRINCESSE GRACE DE MONACO (AVENUE),43.695537,7.305057,12,2,2
202100016085,172Â 893,A01,2,2,2,0,8,0,-1,-1, -1,-1,2021,34.0,3,3,8,0,2,15,0,4.0,4,JOFFRE (AVENUE DU MARECHAL),0,,2,1,0,2,0,0,1,, -1,2,9,4,50,29,9,2021,08:09,1,91,91471,2,1,1,6,JOFFRE (AVENUE DU MARECHAL),48.69387,2.17718,8,4,1
202100037475,134Â 683,A01,1,1,1,1,2,-1,-1,0,0,-1,2021,35.0,0,1,15,0,1,1,1,,4,,-1,,-1,2,0,2,(1),(1),2,, -1,1,0,8,50,30,5,2021,21:50,3,83,83048,1,6,0,6,2219 Boulevard du Littoral,43.188548,6.580859,21,1,1
202100027285,152Â 957,A01,2,2,1,5,8,-1,-1,0,0,-1,2021,14.0,3,6,6,0,2,0,1,,4,,-1,,2,2,0,1,(1),(1),1,,4,1,0,8,80,24,7,2021,16:40,1,24,24122,1,1,0,7,Le SÃ©galat,44.808813,1.072813,16,2,1
202100014280,176Â 175,B01,1,1,1,5,2,6,-1,0,0,-1,2021,48.0,1,1,0,2,1,1,1,,3,7,-1,D,2,2,0,1,1,50,1,, -1,1,0,1,80,9,10,2021,16:50,1,13,13066,1,3,0,3,D7n,43.873295,4.914515,16,2,2
202100028927,150Â 025,A01,10,3,2,3,0,-1,-1,5,B,1,2021,27.0,3,2,1,1,3,1,1,,3,1,0,D,2,2,0,1,0,0,1,,5,1,0,3,50,16,7,2021,11:30,1,976,97617,2,1,0,1,Combani,-12.790092,45.133794,11,2,1
202100038343,133Â 094,A01,1,1,2,5,2,0,-1,-1, -1,-1,2021,55.0,1,1,0,0,2,1,5,,4,SOUHARA (RUE),0,,2,1,0,1,0,0,1,, -1,1,0,1,30,22,5,2021,20:00,1,64,64125,2,1,0,7,Impasse Hego Alde,43.4414648365,-1.5728420019,20,1,1
202100008121,187Â 213,A01,1,1,1,0,1,0,-1,-1, -1,-1,2021,22.0,2,1,0,2,1,3,1,,1,AUTOROUTE A1,0,,3,6,0,1,2,200,1,, -1,2,0,1,90,15,11,2021,19:00,5,93,93066,1,1,1,3,AUTOROUTE A1,48.9217312677,2.3573491055,19,2,2
202100037079,135Â 423,A01,2,2,1,0,1,0,-1,-1, -1,-1,2021,18.0,1,1,0,2,2,3,1,,3,1,0,,2,4,1,1,0,0,3,, -1,1,0,1,50,31,5,2021,18:40,1,92,92024,2,4,0,3,CLICHY (QUAI DE) DE (8 A 60),48.9084686793,2.3000178581,18,3,2
202100019565,166Â 659,A01,1,1,2,1,1,-1,-1,0,0,-1,2021,62.0,3,2,0,2,1,1,1,,3,2098,0,D,2,2,0,2,0,542,3,, -1,1,0,1,50,12,9,2021,15:10,1,6,6079,1,1,0,1,Boulevard du Bon Puits,43.522041,6.933344,15,2,2
202100021224,163Â 723,A01,1,1,1,0,8,8,-1,-1, -1,-1,2021,15.0,1,1,0,0,0,1,1,,3,CD63,0,,2,1,3,1,0,0,1,, -1,9,0,8,30,31,8,2021,20:00,1,91,91223,1,1,0,7,CD63,48.41585,2.19407,20,1,1
202100048531,115Â 006,B01,5,2,1,0,1,0,-1,-1, -1,-1,2021,14.0,2,2,0,2,1,1,1,,4,VALLEES DES,0,,2,2,0,1,0,0,1,, -1,1,0,1,50,7,3,2021,09:40,1,64,64284,2,2,0,3,VALLEES DES,43.29305,-0.38675,9,6,2
202100037028,135Â 513,B01,1,1,1,4,1,8,-1,-1, -1,-1,2021,53.0,2,2,0,2,4,2,1,,4,PEINTRES ROUX (AVENUE DES),0,,3,2,0,1,0,0,1,, -1,1,0,1,50,1,6,2021,12:05,1,13,13212,2,1,0,2,PEINTRES ROUX (AVENUE DES),43.3039692013,5.4726189977,12,2,2
202100015732,173Â 544,B01,2,2,2,5,1,0,-1,0,0,-1,2021,56.0,1,2,0,2,4,2,1,,1,A4,0,,1,4,0,1,5,400,1,, -1,2,0,1,90,2,10,2021,17:30,1,75,75112,1,1,1,2,A4,48.8199009001,2.459435463,17,3,2
202100049832,112Â 673,B01,1,1,1,5,2,6,-1,0,0,-1,2021,17.0,2,1,0,2,7,21,1,,3,109,-1,,2,2,1,1,18,10,2,, -1,1,0,1,50,28,2,2021,17:40,1,33,33474,2,3,0,3,Route de la Paloumeyre,44.671028,-0.483997,17,3,2
202100009849,184Â 094,A01,1,1,2,3,1,-1,-1,0,0,-1,2021,86.0,2,2,0,2,3,13,1,,3,42,-1,,2,2,0,2,10,200,3,, -1,2,0,1,80,2,11,2021,18:20,3,87,87032,1,1,1,1,Les Courrieres,45.661376,0.954587,18,2,2
202100023098,160Â 328,A01,4,2,2,5,1,0,-1,-1, -1,-1,2021,36.0,1,2,12,0,1,16,1,,4,RUE DU PEROU,0,,3,1,0,1,0,0,3,, -1,1,0,1,50,21,8,2021,02:50,4,91,91377,2,1,0,7,RUE DU PEROU,48.721671,2.300713,2,4,1
202100006714,189Â 782,A01,1,1,1,5,1,0,-1,0,0,-1,2021,32.0,2,2,6,0,1,16,1,,2,PROVENCE (AVENUE DE),0,,2,2,0,2,40,1,1,, -1,1,0,3,50,20,11,2021,03:55,5,5,5061,2,4,0,6,ST JEAN ( ROUTE DE ),44.53743,6.05291,3,1,1
202100028762,150Â 312,B01,1,1,1,5,0,-1,-1,0,0,-1,2021,82.0,1,1,0,0,1,16,0,,3,449,0,D,2,2,0,1,7,485,1,, -1,1,5,8,50,17,7,2021,12:20,1,91,91330,2,6,0,1,D449,48.527057,2.293046,12,2,2
202100028774,150Â 294,A01,1,1,1,9,2,-1,-1,0,0,-1,2021,44.0,0,1,0,0,8,0,1,,3,,-1,,2,2,0,1,2,930,1,,5,9,0,1,50,17,7,2021,04:00,3,27,27213,2,1,0,7,Rue du Chesnay,49.188232,1.544022,4,1,1
202100012295,179Â 757,A01,1,1,1,3,2,6,-1,0,0,-1,2021,50.0,1,1,0,2,1,2,1,,3,1,-1,,2,2,0,1,8,144,1,,5,1,0,1,80,19,10,2021,18:30,1,44,44086,1,3,0,2,La Grenetterie,47.6967,-1.589402,18,2,2
202100027258,152Â 996,A01,1,1,2,4,1,-1,-1,0,0,-1,2021,22.0,1,2,0,2,2,9,1,,3,09,0,D,2,1,0,1,88,300,1,,3,1,5,1,50,24,7,2021,15:10,1,51,51243,2,5,0,3,D9/D53,48.654541,3.934929,15,4,2
202100007690,188Â 008,A01,1,1,1,0,2,0,-1,-1, -1,-1,2021,26.0,2,1,0,0,7,26,1,,4,CHARLES DE GAULLE (AVENUE) - COTE PAIR,0,,2,2,0,1,0,0,1,, -1,1,0,1,50,16,11,2021,21:30,5,92,92012,2,1,0,7,CHARLES DE GAULLE (AVENUE) - COTE PAIR,48.8480489996,2.2371672842,21,1,1
202100028973,149Â 941,A01,2,2,1,4,1,0,-1,-1, -1,-1,2021,22.0,1,4,0,2,1,2,1,,2,35 PK RN11 NANTES ROCADE,0,,3,4,0,1,34,290,1,, -1,2,0,1,50,13,7,2021,10:32,1,17,17291,1,1,1,2,RN11,46.17457,-1.11213,10,3,2
202100052540,107Â 805,B01,1,1,1,0,8,-1,-1,-1, -1,-1,2021,12.0,3,1,0,2,7,1,5,,4,SCHWEITZER (RUE DU DOCTEUR),0,,2,2,0,1,(1),(1),1,, -1,1,5,1,50,4,2,2021,16:41,1,51,51454,2,3,0,3,Rue du Docteur Albert Schweitzer,49.280902064,4.0211311355,16,2,2
202100040929,128Â 461,A01,2,2,2,0,2,6,-1,-1, -1,-1,2021,17.0,2,1,0,2,1,1,1,,7,BD SILVIO TRENTIN,0,,2,3,0,1,0,300,1,, -1,1,0,1,50,7,5,2021,16:54,1,31,31555,2,1,0,3,Route de Bayonne,43.60946,1.35406,16,4,2
202100033927,141Â 117,A01,1,1,2,5,1,-1,-1,0,0,-1,2021,26.0,2,2,0,2,2,17,1,,3,943,0,R,2,2,0,1,48,245,2,, -1,1,0,1,80,16,6,2021,18:50,1,89,89345,1,1,0,2,D943,48.00517,3.668628,18,6,2
202100054527,104Â 310,A01,10,3,1,3,0,-1,-1,3,3,1,2021,87.0,2,2,0,1,2,1,1,,3,19,0,,2,2,0,1,21,800,1,, -1,1,0,8,50,18,1,2021,15:27,1,31,31395,2,1,1,6,30 Avenue Roger TissandiÃ©,43.458371,1.334442,15,2,1
202100023011,160Â 495,B01,1,1,1,0,2,6,-1,-1, -1,-1,2021,30.0,1,1,0,2,7,18,1,,1,AUTOROUTE A1,0,,3,6,0,1,2,0,1,, -1,1,0,1,90,2,8,2021,07:50,1,972,97213,1,1,0,7,AUTOROUTE A1,14.59904,-60.99946,7,2,2
202100055146,103Â 241,A01,10,3,2,9,0,-1,-1,4,3,1,2021,81.0,1,2,0,1,7,2,1,,2,JAURES (BLD 2 JEAN),0,,3,4,0,1,(1),(1),1,, -1,2,0,1,50,13,1,2021,09:30,1,974,97411,2,9,1,6,Boulevard Jean JaurÃ¨s,-20.892264,55.468394,9,2,1
202100005995,191Â 082,A01,1,1,1,5,2,6,-1,0,0,-1,2021,37.0,1,1,0,0,0,1,1,,4,AVENUE DE LA PORTE D ORLEANS,0,,2,7,0,1,(1),(1),1,, -1,2,0,1,30,27,11,2021,17:00,5,75,75114,2,1,1,7,AVENUE DE LA PORTE D ORLEANS,48.820911,2.325529,17,1,1
202100033841,141Â 268,B01,1,1,1,1,2,6,-1,0,0,-1,2021,30.0,0,1,0,2,7,17,1,,4,JETEE (L16 A M15,0,,1,0,0,1,(1),(1),3,, -1,1,0,1,50,17,6,2021,12:30,1,34,34003,1,1,0,3,Avenue de la JetÃ©e (L16 A M15,43.27813,3.51385,12,2,2
202100050424,111Â 566,A01,1,1,1,5,1,0,-1,-1,0,-1,2021,51.0,2,2,4,0,3,11,1,,2,RN 104,0,,3,4,0,1,18,200,1,, -1,1,0,1,110,24,2,2021,20:20,3,95,95241,1,1,0,6,RN 104,49.04611,2.4524,20,1,1
202100013652,177Â 309,B01,4,2,1,0,1,-1,-1,-1, -1,-1,2021,6.0,2,2,0,2,3,15,1,,4,RUE ALBERT DUPEYRON,0,,2,2,0,1,(1),(1),1,, -1,1,0,1,30,12,10,2021,08:30,1,33,33119,2,3,0,1,Rue Albert Dupeyron,44.85706,-0.53724,8,3,2
202100013828,176Â 977,B01,2,2,1,5,1,-1,-1,0,0,-1,2021,14.0,0,2,0,2,1,1,1,,4,ROUBAIX (BOULEVARD DE ),0,,2,4,0,1,(1),(1),1,, -1,1,0,1,50,9,10,2021,19:37,5,80,80021,2,1,0,1,ROUBAIX (BOULEVARD DE ),49.91548,2.30836,19,3,2
202100009915,183Â 967,B01,1,1,1,1,1,0,-1,0,0,-1,2021,50.0,1,2,0,2,7,1,1,,7,VERANY (BD J.B.),0,,1,3,0,1,(1),(1),1,, -1,2,0,1,50,1,11,2021,07:10,2,6,6088,2,2,1,3,VERANY (BD J.B.),43.71168,7.28433,7,2,2
202100043471,123Â 957,B01,1,1,1,0,2,6,-1,-1, -1,-1,2021,43.0,2,1,0,2,2,2,1,,3,AV DE CHOISY,0,,2,1,0,1,1,0,1,, -1,1,0,1,50,19,4,2021,16:10,1,94,94078,2,9,0,3,Avenue de Choisy,48.7544,2.428,16,2,2
202100045768,119Â 942,A01,1,1,1,0,2,-1,-1,-1, -1,-1,2021,16.0,2,1,0,2,1,1,1,,4,EIFFEL (RUE GUSTAVE) DU 02 AU 378,0,,2,2,1,1,(1),(1),1,, -1,1,-1,1,50,31,3,2021,17:40,1,33,33529,2,1,0,2,Avenue Gustave Eiffel,44.61064,-1.13179,17,2,2
202100054577,104Â 220,B01,1,1,2,0,1,0,-1,0,0,-1,2021,30.0,1,2,1,2,3,20,1,,4,,0,,2,2,0,1,(1),(1),1,, -1,1,0,1,50,14,1,2021,16:51,1,63,63113,2,1,0,3,ROUVIER (RUE),45.80668,3.11658,16,2,2
202100003518,195Â 459,D01,2,2,1,0,8,0,-1,-1, -1,-1,2021,48.0,2,2,0,2,4,23,1,,2,T40,0,,3,4,0,2,(1),(1),1,, -1,1,0,1,90,11,8,2021,10:30,1,201,201004,1,1,0,4,T40,41.92077,8.81826,10,7,4
202100030863,146Â 593,A01,1,1,1,9,2,6,-1,0,0,-1,2021,70.0,1,1,0,2,1,1,1,,4,RUE DE GRENELLE,0,,1,1,0,1,(1),(1),1,, -1,2,0,1,50,3,7,2021,10:48,1,75,75107,2,2,1,3,RUE DE GRENELLE,48.854996,2.32457,10,2,2
202100046067,119Â 407,A01,10,3,2,2,0,-1,-1,3,3,2,2021,8.0,1,2,1,1,1,1,1,,4,RONSARD (RUE),0,,2,2,0,1,(1),(1),1,, -1,1,0,8,50,29,3,2021,08:25,1,95,95060,2,1,0,6,RONSARD (RUE),49.0379459936,2.2093968855,8,2,1
202100050057,112Â 264,A01,1,1,1,1,8,0,-1,0,0,-1,2021,52.0,3,1,8,2,7,17,3,,4,VOIE GEORGES POMPIDOU,0,,2,2,1,1,(1),(1),1,, -1,1,-1,5,50,26,2,2021,08:50,1,75,75116,2,5,0,3,VOIE GEORGES POMPIDOU,48.858087,2.288352,8,2,2
202100055420,102Â 787,A01,1,1,2,5,1,0,-1,-1, -1,-1,2021,25.0,1,2,0,2,3,9,1,,2,RN 104 INT / RN 6 PARIS,0,,3,4,0,1,28,0,1,, -1,2,0,1,110,12,1,2021,08:50,1,91,91553,1,9,1,3,RN 104 INT / RN 6 PARIS,48.63152,2.50189,8,2,2
202100014859,175Â 151,B01,1,1,1,5,8,0,-1,-1, -1,-1,2021,29.0,1,1,0,2,3,0,5,,3,MARCEAU (AVENUE) NÂ° 1-27,0,,2,2,0,1,0,1,1,, -1,1,0,1,50,6,10,2021,11:00,1,93,93029,2,1,0,3,Avenue Marceau,48.928342,2.436177,11,3,2
202100011914,180Â 430,A01,1,1,1,0,1,-1,-1,0,0,-1,2021,57.0,2,2,2,0,9,0,1,,3,751,-1,D,2,2,0,1,46,152,2,, -1,1,5,1,80,22,10,2021,03:08,3,44,44131,2,6,0,7,dÃ©partementale 751,47.112269,-2.047534,3,1,1
202100009539,184Â 661,B01,1,1,2,0,1,-1,-1,0,0,-1,2021,52.0,1,2,0,2,3,1,1,,3,6015,0,D,2,3,0,1,53,150,1,, -1,1,0,1,80,5,11,2021,15:00,1,76,76718,1,1,0,5,D6015,49.615653,0.698243,15,3,3
202100054874,103Â 721,A01,1,1,1,0,1,0,-1,0,0,-1,2021,22.0,2,2,13,0,3,13,1,,2,RN 70 (ROUTE EXPRESS),0,,3,4,0,1,37,100,1,, -1,2,0,1,70,15,1,2021,12:45,1,71,71040,1,1,1,7,RN 70 (ROUTE EXPRESS),46.6936328717,4.3833307805,12,1,1
202100017269,170Â 785,A01,2,2,1,5,1,-1,-1,0,0,-1,2021,19.0,2,2,13,0,1,1,1,,3,751,-1,,2,2,0,1,27,0,1,, -1,1,0,3,80,25,9,2021,02:15,3,37,37156,1,1,0,6,route dÃ©partementale 751,47.40198,0.790114,2,2,1
202100005061,192Â 733,B01,1,1,1,0,2,0,-1,0,0,-1,2021,22.0,1,1,0,2,4,1,1,,4,BRIGACHTAL (AVENUE DE),0,,1,1,0,1,(1),(1),3,, -1,1,0,1,50,2,12,2021,12:45,1,54,54184,2,6,0,3,BRIGACHTAL (AVENUE DE),48.708,6.2436,12,2,2
202100006149,190Â 821,B01,2,2,1,5,1,-1,-1,0,0,-1,2021,28.0,1,2,2,0,0,1,1,,3,37,-1,,2,2,0,1,2,500,1,, -1,2,0,3,80,27,11,2021,02:05,3,43,43078,1,1,1,7,Route de Brives,45.028672,3.932365,2,6,2
202100045499,120Â 410,A01,2,2,2,0,2,-1,-1,0,0,-1,2021,50.0,2,1,0,2,6,18,1,,2,,0,,1,1,0,1,(1),(1),2,, -1,1,9,8,30,2,4,2021,07:00,1,976,97608,2,1,0,3,Boulevard des Crabes,-12.782141,45.25779,7,4,2
202100047799,116Â 314,B01,1,1,1,1,1,-1,-1,-1, -1,-1,2021,43.0,2,2,0,2,1,1,1,,3,CAZAUX (BD DE),0,,2,3,1,1,(1),(1),1,, -1,1,5,1,80,16,3,2021,07:50,1,33,33529,1,3,0,3,Boulevard de Cazaux,44.555395,-1.153818,7,2,2
202100034758,139Â 582,A01,1,1,1,1,1,-1,-1,-1, -1,-1,2021,46.0,1,2,1,0,2,2,1,,4,REPUBLIQUE CAUD (AVE DE LA),0,,1,2,1,1,(1),(1),1,, -1,1,-1,6,50,12,6,2021,12:56,1,33,33063,2,1,0,6,Avenue de la RÃ©publique,44.83938,-0.60998,12,1,1
202100036301,136Â 799,A01,1,1,1,5,2,6,-1,0,0,-1,2021,21.0,2,1,3,0,1,1,1,,3,3,-1,,2,2,0,1,11,100,3,, -1,1,2,8,80,5,6,2021,18:45,1,59,59641,1,9,0,6,Route de la Colme,50.9861093775,2.4748967728,18,2,1
202100025550,156Â 004,A01,10,3,2,3,0,-1,-1,1,3,1,2021,70.0,1,2,0,1,2,17,1,,4,,-1,,2,2,0,1,(1),(1),1,,7,1,0,3,50,5,8,2021,15:00,1,67,67474,2,1,0,6,1 Rue des Chenes,48.928015,7.896912,15,2,1
202100020132,165Â 639,B01,1,1,1,2,2,0,-1,-1, -1,-1,2021,11.0,3,1,0,2,8,19,5,,3,180,0,,2,2,0,1,0,0,1,, -1,1,0,1,50,8,9,2021,14:00,1,92,92064,2,3,0,3,PORTE JAUNE,48.84176,2.19923,14,2,2
202100005057,192Â 740,B01,1,1,1,0,2,6,-1,-1, -1,-1,2021,61.0,0,1,0,2,4,23,1,,7,FAUBOURG DE DOUAI NÂ° RESTE,0,,2,2,0,1,(1),(1),1,, -1,2,0,1,50,2,12,2021,17:15,5,59,59350,2,1,1,2,FAUBOURG DE DOUAI NÂ° RESTE,50.6115424639,3.0750944263,17,3,2
202100041896,126Â 730,B01,1,1,1,0,2,6,-1,-1, -1,-1,2021,51.0,2,1,0,0,0,0,1,,4,GUTENBERG (RUE),0,,2,2,0,1,(1),(1),1,, -1,1,0,1,50,29,4,2021,13:24,1,51,51454,2,1,0,3,Rue Gutenberg,49.2750510165,4.0025541377,13,2,2
202100055528,102Â 593,A01,1,1,1,4,2,6,-1,0,0,-1,2021,44.0,2,1,1,0,3,13,1,,4,RUE JEAN PIERRE TIMBAUD,0,,1,1,0,1,(1),(1),1,, -1,1,0,1,30,11,1,2021,14:05,1,75,75111,2,2,0,6,RUE JEAN PIERRE TIMBAUD,48.867656,2.37728,14,1,1
202100017400,170Â 526,B01,2,2,2,9,1,-1,-1,0,0,-1,2021,20.0,2,2,0,2,1,15,1,,3,1205,0,D,2,2,0,1,26,250,3,, -1,1,0,1,80,25,6,2021,15:15,1,74,74042,1,1,0,1,D1205,46.090395,6.376682,15,4,2
202100001613,198Â 914,A01,1,1,2,1,1,8,-1,-1, -1,-1,2021,51.0,1,2,0,2,1,19,1,,3,BUNAU VARILLA -AV-,0,,2,4,0,1,1,0,1,, -1,1,0,1,50,22,12,2021,09:45,1,11,11069,2,3,0,3,BUNAU VARILLA -AV-,43.207947,2.336726,9,2,2
202100024180,158Â 443,A01,1,1,1,5,2,6,-1,0,0,-1,2021,64.0,2,1,0,6,1,0,1,,3,518,0,,2,2,0,1,70,300,3,, -1,1,0,1,80,14,8,2021,06:15,2,38,38463,1,1,0,6,Route de Varacieux,45.191194,5.346984,6,1,1
202100026900,153Â 626,A01,2,2,1,5,0,-1,-1,0,0,-1,2021,20.0,2,2,13,0,1,1,1,,3,908,0,,2,2,0,2,60,380,3,, -1,2,0,8,80,28,7,2021,07:00,1,4,4006,1,1,1,6,RD 908,44.301554,6.582892,7,2,1
202100023631,159Â 380,A01,1,1,1,0,0,-1,-1,0,0,-1,2021,33.0,2,2,8,0,1,0,1,,4,,-1,,2,2,0,1,(1),(1),1,, -1,2,0,3,50,19,8,2021,08:00,1,56,56100,2,1,1,6,Chemin de Ker Yves,48.111339,-3.494618,8,1,1
202100019479,166Â 816,A01,1,1,1,5,2,6,-1,-1, -1,-1,2021,49.0,1,1,12,0,8,13,1,,3,BAYONNE (AVENUE DE),0,,3,2,3,1,9,355,1,, -1,1,0,1,30,11,9,2021,15:50,1,64,64024,2,1,0,7,BAYONNE (AVENUE DE),43.4813194361,-1.5106442571,15,2,1
202100008779,186Â 051,A01,10,3,1,0,0,-1,-1,2,3,1,2021,24.0,1,2,0,1,1,15,1,,4,110,0,,2,2,2,1,0,0,1,, -1,1,0,1,50,9,11,2021,18:35,5,92,92024,2,3,0,6,GENERAL LECLERC (BD DU) DE (61 A 9),48.9037660834,2.3121708765,18,2,1
202100024866,157Â 210,A01,10,3,2,5,0,-1,-1,3,3,1,2021,64.0,1,2,0,1,2,1,1,,4,PAYRA (JEAN),0,,1,2,0,1,0,0,1,, -1,2,0,1,50,7,8,2021,16:28,1,66,66136,2,1,1,6,PAYRA (JEAN),42.70281,2.89332,16,2,1
202100011330,181Â 476,B01,2,2,1,0,1,0,-1,-1, -1,-1,2021,33.0,1,2,4,2,6,11,2,,1,AUTOROUTE A86,0,,3,6,0,1,10,600,1,, -1,1,0,1,90,23,10,2021,09:20,1,92,92036,1,1,0,3,AUTOROUTE A86,48.935417355,2.3198823491,9,3,2
202100034508,140Â 044,B01,1,1,1,4,1,-1,-1,0,0,-1,2021,33.0,1,5,0,2,3,1,1,,3,806,0,,2,2,0,1,84,160,3,, -1,1,0,1,70,15,6,2021,08:50,1,48,48042,1,1,0,1,RD806 - Croux de Bayle,44.544125,3.504263,8,2,2