Num_Acc,id_vehicule,num_veh,place,catu,sexe,trajet,secu1,secu2,secu3,locp,actp,etatp,year_acc,victim_age,senc,catv,obs,obsm,choc,manv,motor,occutc,catr,voie,v1,v2,circ,nbv,vosp,prof,pr,pr1,plan,lartpc,larrout,surf,infra,situ,vma,jour,mois,an,hrmn,lum,dep,com,agg_,int,atm,col,adr,lat,long,hour,nb_victim,nb_vehicules
202100020717,164Â 598,B01,10,3,2,5,0,-1,-1,2,A,2,2021,39.0,1,2,0,2,8,24,1,,4,RUE PAULIN ENFERT,0,,1,1,0,1,(1),(1),1,, -1,1,0,1,30,4,9,2021,22:25,5,75,75113,2,3,0,6,RUE PAULIN ENFERT,48.818044,2.3628111,22,6,2
202100044067,122Â 909,A01,1,1,1,1,2,6,-1,0,0,-1,2021,69.0,3,6,0,2,2,9,1,,4,615,0,D,2,2,0,2,(1),(1),1,, -1,1,0,1,80,14,4,2021,17:15,1,60,60077,1,3,0,3,Rue de Lihus,49.575492,2.056096,17,3,2
202100018142,169Â 187,C01,3,2,2,0,1,-1,-1,-1, -1,-1,2021,11.0,1,2,0,2,1,1,1,,4,FREVILLE (AVENUE HENRI),0,,1,2,0,1,(1),(1),1,, -1,1,5,1,50,18,9,2021,20:40,2,35,35238,2,2,0,5,FREVILLE (AVENUE HENRI),48.0839,-1.67472,20,5,3
202100006606,189Â 982,B01,1,1,1,0,8,0,-1,-1, -1,-1,2021,18.0,3,1,0,2,2,2,5,,4,GAILLARDON  (RUE DE),0,,1,1,0,1,0,0,1,, -1,1,0,1,30,22,11,2021,07:40,1,77,77288,2,6,0,3,GAILLARDON  (RUE DE),48.5379,2.66524,7,2,2
202100031745,145Â 015,B01,1,1,1,0,2,0,-1,-1, -1,-1,2021,30.0,1,1,0,2,1,17,1,,3,GABRIEL PERI (AV),0,,2,0,0,1,1,0,1,, -1,1,0,1,50,29,6,2021,13:41,1,94,94044,2,1,0,3,Avenue Gabriel PÃ©ri,48.7547,2.48458,13,2,2
202100039829,130Â 385,A01,1,1,1,0,8,0,-1,-1, -1,-1,2021,20.0,1,2,0,0,0,9,0,,4,PORT (QUAI DU),0,,2,2,3,1,(1),(1),1,, -1,1,0,1,50,15,5,2021,03:15,5,13,13202,2,1,0,7,PORT (QUAI DU),43.2951,5.36355,3,1,1
202100040010,130Â 076,A01,10,3,2,3,0,-1,-1,3,3,1,2021,33.0,3,2,0,1,2,16,1,,4,,-1,,2,2,0,1,(1),(1),3,, -1,1,2,1,50,14,5,2021,17:45,2,1,1376,2,6,0,6,Avenue Maurice-Cusin (Pont),45.826138,4.981382,17,2,1
202100054257,104Â 773,A01,10,3,1,9,0,-1,-1,2,3,1,2021,70.0,0,2,0,1,1,1,1,,3,DIVISION LECLERC (AV),0,,2,2,0,1,0,1,1,, -1,1,0,1,50,20,1,2021,15:01,1,93,93079,2,1,0,6,DIVISION LECLERC (AV),48.9549450979,2.3440203579,15,2,1
202100051831,109Â 059,B01,1,1,2,3,1,4,-1,0,0,-1,2021,20.0,2,2,0,1,1,19,1,,3,MAXIME GORKI (BOULEVARD) DES NÂ°89 A ...,0,,2,2,3,1,0,1,1,, -1,1,6,1,50,11,2,2021,17:15,1,93,93072,2,1,0,6,MAXIME GORKI (BOULEVARD) DES NÂ°89 A ...,48.95622,2.38329,17,2,1
202100051832,109Â 058,B01,1,1,1,0,2,6,-1,-1, -1,-1,2021,37.0,1,1,0,2,7,18,1,,3,ARISTIDE BRIAND (AVENUE) COTE DES NÂ°1A87,0,,2,3,1,1,0,1,1,, -1,1,0,5,50,11,2,2021,18:10,2,93,93072,2,1,0,3,ARISTIDE BRIAND (AVENUE) COTE DES NÂ°1A87,48.96206,2.38068,18,3,2
202100027363,152Â 810,B01,1,1,1,1,2,-1,-1,-1, -1,-1,2021,36.0,3,1,0,2,1,1,3,,6,STATION DE METRO POTERIE (AUX ABORDS),0,,-1,-1,1,1,(1),(1),1,, -1,1,0,5,20,22,7,2021,18:10,1,35,35238,1,7,0,3,Parc relais La Poterie,48.08709,-1.64287,18,2,2
202100017902,169Â 620,A01,10,3,1,2,0,-1,-1,3,3,1,2021,6.0,1,2,0,1,8,1,1,,3,MONTROUGE (AVENUE DE),0,,-1,2,0,1,0,0,1,, -1,1,0,1,50,20,9,2021,09:05,1,92,92014,2,1,0,6,MONTROUGE (AVENUE DE),48.7860862544,2.3112112284,9,2,1
202100025708,155Â 732,B01,1,1,1,5,2,-1,-1,-1, -1,-1,2021,27.0,3,1,0,2,8,1,1,,4,JAYR                                (QU),0,,2,3,1,1,(1),(1),1,, -1,3,5,1,50,3,8,2021,17:05,1,69,69389,2,2,1,3,HIPPOLYTE JAYR (Q),45.78048,4.80898,17,2,2
202100043893,123Â 210,B01,1,1,1,1,1,0,-1,0,0,-1,2021,45.0,1,2,4,0,0,1,1,,2,RN 532,0,,3,4,0,1,10,400,1,, -1,1,0,1,110,15,4,2021,06:50,3,26,26004,1,1,0,6,RN 532,44.98681,4.98104,6,2,2
202100045354,120Â 672,A01,10,3,2,0,8,8,-1,0,9,1,2021,68.0,1,2,0,1,4,26,1,,3,DE GAULLE (AVENUE CHARLES),0,,-1,2,0,1,0,0,1,, -1,1,0,1,30,1,4,2021,16:45,1,91,91223,1,1,0,6,DE GAULLE (AVENUE CHARLES),48.423634,2.153209,16,2,1
202100011290,181Â 555,A01,1,1,2,1,1,-1,-1,0,0,-1,2021,26.0,1,2,13,2,1,19,1,,3,26,-1,,2,2,0,1,38,677,1,, -1,2,0,1,80,25,10,2021,09:20,1,27,27638,1,2,1,3,intersection D85 et D26,49.243849,0.919043,9,2,2
202100043742,123Â 498,A01,2,2,1,0,1,0,-1,-1, -1,-1,2021,74.0,1,2,0,2,3,1,1,,4,PLAGE (RUE DE LA),0,,2,2,0,1,(1),(1),1,, -1,1,0,1,50,15,4,2021,11:20,1,971,97113,1,1,0,1,PLAGE (RUE DE LA),16.21249,-61.4276,11,3,2
202100042954,124Â 891,A01,1,1,1,5,2,-1,-1,0,0,-1,2021,17.0,3,1,0,2,1,5,1,,4,,-1,,2,2,0,2,(1),(1),2,, -1,9,0,1,80,24,4,2021,11:50,1,79,79341,1,1,0,1,Vautebis,46.535123,-0.149925,11,2,2
202100023578,159Â 492,A01,1,1,1,0,1,0,-1,-1, -1,-1,2021,42.0,2,2,0,2,2,2,1,,3,ESPAGNE (AVENUE D'),0,,2,2,0,2,10,838,1,, -1,1,0,1,50,18,8,2021,17:20,1,64,64024,2,3,0,2,ESPAGNE (AVENUE D'),43.47479,-1.53061,17,2,2
202100028157,151Â 371,A01,10,3,2,5,0,-1,-1,4,3,1,2021,73.0,1,2,0,1,3,15,1,,4,CELESTINS (AVENUE DES),0,,2,2,0,1,0,0,1,, -1,1,0,1,50,3,7,2021,10:35,1,3,3310,2,2,0,6,CELESTINS (AVENUE DES),46.12338,3.42871,10,2,1
202100023897,158Â 918,A01,1,1,1,9,2,6,-1,0,0,-1,2021,22.0,3,1,0,0,0,26,0,,4,LONDE (QUAI DE LA),0,,2,1,0,1,1,0,1,, -1,1,0,1,50,15,8,2021,05:00,5,14,14118,2,1,0,7,Quai de la Londe,49.18358,-0.35428,5,1,1
202100010435,183Â 070,A01,1,1,1,1,1,5,-1,0,0,-1,2021,20.0,1,2,0,0,0,1,1,,7,45,-1,A,2,2,0,1,(1),(1),1,, -1,2,0,8,-1,30,10,2021,05:47,3,13,13007,1,1,1,6,D45a,43.330095,5.682807,5,1,1
202100035682,137Â 932,B01,1,1,1,1,2,6,-1,-1, -1,-1,2021,62.0,1,1,0,2,4,2,1,,4,JEAN JAURES (RUE),0,,2,3,0,4,(1),(1),1,, -1,1,0,1,50,7,6,2021,09:10,1,86,86194,2,1,0,2,Rue Jean Jaures,46.578514,0.350388,9,2,2
202100032059,144Â 445,A01,2,2,2,0,8,0,-1,-1, -1,-1,2021,32.0,1,2,0,2,9,2,1,,2,RN12,0,,3,6,0,2,20,0,2,, -1,2,0,1,110,27,6,2021,11:32,1,78,78117,1,1,1,4,RN12,48.788417,2.137377,11,8,4
202100055488,102Â 667,B01,4,2,2,0,1,0,-1,-1, -1,-1,2021,72.0,3,2,0,2,4,1,1,,4,MARECHAL JUIN (BD),0,,2,4,3,2,(1),(1),1,, -1,1,0,1,50,10,1,2021,19:59,5,37,37261,2,1,0,6,MARECHAL JUIN (BD),47.4050126828,0.7028739453,19,5,2
202100032589,143Â 521,B01,7,2,2,3,1,-1,-1,0,0,-1,2021,24.0,2,2,0,0,4,1,1,,3,8043,-1,,2,2,0,1,12,400,1,, -1,1,0,1,50,17,6,2021,18:35,1,8,8067,2,1,0,2,Route Nationale,49.6215,5.186973,18,4,2
202100046500,118Â 668,B01,4,2,1,5,1,0,-1,-1, -1,-1,2021,20.0,3,2,0,2,8,1,0,,3,R.N 105,0,,2,2,0,1,20,690,1,, -1,1,0,8,80,25,3,2021,16:00,1,77,77487,1,2,0,3,MADELEINE (CHEMIN DE LA),48.5364,2.70341,16,4,2
202100000083,201Â 605,A01,10,3,2,5,-1,-1,-1,3,3,1,2021,69.0,3,1,0,1,1,1,1,,4,,-1,,2,3,2,1,(1),(1),1,, -1,1,0,1,50,22,7,2021,18:00,1,35,35288,2,1,0,6,Rue de la Marne,48.636283,-2.009181,18,2,1
202100037803,134Â 086,B01,10,3,2,5,0,-1,-1,3,3,1,2021,62.0,1,2,0,1,1,1,1,,4,,0,,1,1,0,1,(1),(1),1,, -1,1,0,1,50,28,5,2021,12:10,1,29,29039,2,1,0,6,Quai Carnot,47.87591,-3.9142,12,3,2
202100041877,126Â 770,A01,2,2,2,0,1,5,-1,-1, -1,-1,2021,19.0,1,2,0,2,3,1,1,,3,RTE DE FONTAINEBLEAU,0,,1,2,0,1,(1),(1),1,, -1,1,0,1,50,29,4,2021,11:55,1,91,91027,2,2,0,3,RTE DE FONTAINEBLEAU,48.71612,2.37101,11,3,2
202100028203,151Â 280,A01,1,1,1,5,2,6,9,0,0,-1,2021,34.0,2,1,0,0,4,1,1,,3,993,0,,2,2,0,1,16,500,1,, -1,1,0,1,90,18,7,2021,12:15,1,12,12253,1,1,0,2,D993,44.161123,2.806465,12,2,2
202100045575,120Â 268,B01,1,1,1,1,2,0,-1,0,0,-1,2021,44.0,2,1,0,2,1,5,1,,4,CHAMBRETTES (RUE DES),0,,2,2,0,1,(1),(1),1,, -1,1,0,1,50,31,3,2021,17:29,1,63,63113,2,2,0,3,CHAMBRETTES /Meuniers,45.7673,3.10465,17,2,2
202100054179,104Â 900,A01,10,3,1,3,0,-1,-1,5,1,1,2021,56.0,2,1,0,1,4,25,5,,4,HUGO (RUE),0,,1,1,0,1,0,0,1,, -1,1,0,4,50,15,1,2021,18:26,2,974,97407,2,1,0,2,HUGO (RUE),-20.93652,55.30388,18,2,1
202100025741,155Â 673,A01,1,1,2,4,1,0,-1,-1, -1,-1,2021,24.0,2,2,0,2,3,19,1,,4,PIERRE DE MONTESQUIOU (AVENUE),0,,2,2,0,1,0,0,1,, -1,1,0,1,50,3,8,2021,12:30,1,32,32013,2,4,0,3,PIERRE DE MONTESQUIOU (AVENUE),43.63,0.5872,12,2,2
202100036255,136Â 874,A01,10,3,1,5,0,-1,-1,3,3,2,2021,8.0,2,2,0,1,3,0,0,,4,ANDRE ZENATTI (AVENUE),0,,2,2,0,1,1,0,1,, -1,1,0,1,50,5,6,2021,17:30,1,13,13208,2,1,0,1,ANDRE ZENATTI (AVENUE),43.246277,5.38821,17,2,1
202100038243,133Â 285,A01,10,3,1,5,0,-1,-1,3,3,-1,2021,11.0,1,1,0,1,4,26,1,,4,,0,,1,3,0,3,0,0,1,, -1,1,4,1,50,26,5,2021,09:20,1,92,92060,2,8,0,6,EDOUARD HERRIOT (AVENUE) RD60,48.7823242932,2.258194685,9,2,1
202100010104,183Â 643,A01,1,1,1,3,1,-1,-1,0,0,-1,2021,24.0,3,2,0,2,8,0,1,,4,,-1,,2,2,0,1,(1),(1),1,,5,1,0,1,30,30,10,2021,19:05,5,60,60139,2,1,0,1,Chemin Herbu,49.161389,2.245288,19,2,2
202100022884,160Â 715,A01,1,1,1,1,1,0,-1,0,0,-1,2021,26.0,1,2,13,5,1,1,1,,1,Autoroute A 33,0,,3,4,0,1,13,899,1,, -1,1,0,1,130,2,8,2021,01:20,3,54,54483,1,1,0,6,Autoroute A 33,48.61674,6.28375,1,1,1
202100005254,192Â 391,A01,1,1,2,0,1,5,-1,-1, -1,-1,2021,37.0,2,2,0,2,1,13,1,,3,,0,,2,2,0,1,7,0,1,, -1,2,0,1,50,1,12,2021,15:42,1,78,78401,2,1,0,1,TESSANCOURT (RUE DE),49.007749,1.905115,15,2,2
202100048583,114Â 913,A01,1,1,1,0,2,6,-1,-1, -1,-1,2021,28.0,1,1,0,0,1,1,1,,4,VICTOR HUGO (AV),0,,2,2,0,1,1,0,1,, -1,1,0,1,30,9,3,2021,14:55,1,94,94033,2,1,0,7,VICTOR HUGO (AV),48.85904,2.47447,14,1,1
202100003519,195Â 455,A01,1,1,1,5,2,6,-1,-1, -1,-1,2021,51.0,1,1,0,2,1,3,1,,4,CAMPI LOUIS BD,0,,2,1,0,1,(1),(1),1,, -1,1,0,1,50,3,8,2021,17:20,1,201,201004,2,1,0,3,CAMPI LOUIS BD,41.94406,8.75534,17,3,2
202100023063,160Â 394,C01,1,1,1,0,1,8,-1,-1, -1,-1,2021,24.0,1,2,0,2,8,0,1,,4,MIMARD ETIENNE A PARTIR NÃ¸ 29-36,0,,2,2,0,2,(1),(1),1,, -1,1,0,1,50,28,7,2021,21:53,5,42,42218,2,2,0,5,Rue Etienne Mimard,45.43887,4.39705,21,5,3
202100023247,160Â 064,B01,1,1,1,0,2,0,-1,-1, -1,-1,2021,31.0,1,1,0,2,8,1,0,,3,CABASSOU (ROUTE DE),0,,2,2,2,1,0,500,1,, -1,1,0,1,50,20,8,2021,12:05,1,973,97302,2,2,0,3,CABASSOU (ROUTE DE),4.9192068929,-52.3176090718,12,2,2
202100003257,195Â 942,A01,10,3,1,0,0,-1,-1,3,3,1,2021,68.0,1,2,0,1,2,1,1,,3,PLAN (ROUTE DU) -D304-,0,,2,2,0,1,1,649,1,, -1,1,0,1,50,12,12,2021,18:40,5,6,6069,2,1,0,6,PLAN (ROUTE DU) -D304-,43.643064,6.956587,18,2,1
202100031168,146Â 022,B01,1,1,1,0,1,0,-1,-1, -1,-1,2021,90.0,1,2,0,2,5,1,1,,4,MARIUS CHALVE AVENUE,0,,2,2,0,1,136,0,1,, -1,1,0,1,50,2,7,2021,15:25,1,13,13063,2,1,0,3,MARIUS CHALVE AVENUE,43.5792,4.99962,15,2,2
202100011752,180Â 708,A01,10,3,1,9,0,-1,-1,5,9,1,2021,86.0,2,0,0,1,1,0,3,,4,YVES FARGES                         (BD),0,,-1,1,0,1,(1),(1),1,, -1,1,0,4,50,21,10,2021,11:20,1,69,69387,2,1,0,6,YVES FARGES (BD),45.73978,4.83115,11,2,1
202100020507,164Â 980,B01,1,1,1,9,1,0,-1,-1, -1,-1,2021,22.0,1,2,0,2,1,2,1,,3,SOULT (AVENUE MARECHAL),0,,3,4,0,3,8,750,1,, -1,1,0,1,50,6,9,2021,21:23,5,64,64102,2,1,0,4,SOULT (AVENUE MARECHAL),43.48393,-1.49968,21,3,3
202100040332,129Â 511,A01,10,3,1,0,0,-1,-1,1,3,1,2021,17.0,2,1,0,2,1,26,1,,4,MITTERRAND (BD FRANCOIS),0,,2,2,0,1,(1),(1),1,, -1,1,0,1,50,7,5,2021,16:56,1,63,63113,2,1,0,6,MITTERRAND (BD FRANCOIS),45.77093,3.08779,16,4,3
202100028511,150Â 751,A01,1,1,1,5,2,8,-1,-1, -1,-1,2021,35.0,3,0,0,0,0,0,3,,9,SABLEE (ROUTE),0,,-1,0,0,1,0,0,1,, -1,1,0,8,30,17,7,2021,19:00,1,92,92022,2,1,0,7,SABLEE (ROUTE),48.7999547738,2.2005003691,19,1,1
202100052345,108Â 148,B01,1,1,1,5,2,-1,-1,0,0,-1,2021,81.0,3,1,0,2,7,1,5,,4,,-1,,1,2,0,2,(1),(1),1,, -1,1,5,1,50,6,2,2021,16:15,1,29,29260,2,6,0,3,Boulevard du Ponant,48.437963972,-4.6152134668,16,2,2
202100035556,138Â 156,A01,10,3,2,5,0,-1,-1,3,3,1,2021,64.0,1,4,0,1,2,1,1,,3,LOUIS BLANC (AV),0,,2,2,0,1,1,0,1,, -1,1,0,1,30,8,6,2021,16:00,1,94,94068,2,2,0,6,Avenue Louis Blanc,48.796227,2.500311,16,2,1
202100012915,178Â 645,B01,1,1,1,0,2,6,-1,0,0,-1,2021,31.0,1,1,0,2,1,17,1,,3,1005,0,D,2,3,0,2,12,600,2,, -1,1,0,1,80,15,10,2021,18:10,1,74,74263,1,3,0,1,Avenue de Geneve,46.331988,6.377918,18,3,2
202100012162,179Â 985,A01,1,1,1,5,2,0,-1,-1, -1,-1,2021,29.0,2,1,9,0,1,11,1,,4,ARDON (RAMPE D'),0,,2,2,0,2,0,0,1,, -1,1,0,4,50,12,6,2021,21:40,1,2,2408,2,1,0,6,ARDON (RAMPE D'),49.559839,3.627279,21,1,1
202100014000,176Â 679,A01,10,3,1,5,0,-1,-1,2,4,1,2021,3.0,2,2,0,1,0,2,1,,4,RUE FERNAND FAVRE,0,,1,1,0,1,(1),(1),1,, -1,1,0,1,50,10,10,2021,18:20,1,33,33119,2,1,0,6,Rue Fernand Favre,44.85441,-0.53539,18,2,1
202100018545,168Â 485,A01,1,1,1,0,8,0,-1,-1, -1,-1,2021,50.0,0,1,7,0,0,26,5,,4,PARADIS (RUE DU),0,,-1,2,0,1,(1),(1),1,, -1,1,0,4,50,15,9,2021,13:17,1,71,71076,2,1,0,6,PARADIS (RUE DU),46.7941963129,4.8493047363,13,1,1
202100006248,190Â 628,B01,1,1,1,9,1,5,-1,-1, -1,-1,2021,35.0,1,2,0,6,4,9,1,,3,ROUTE DEPARTEMENTALE 917,0,,-1,2,0,1,27,860,1,, -1,1,0,1,70,25,11,2021,19:55,3,41,41269,1,1,0,2,ROUTE DEPARTEMENTALE 917,47.76693,1.09356,19,2,2
202100027570,152Â 443,B01,1,1,1,1,1,0,-1,0,0,-1,2021,36.0,3,5,0,2,1,2,1,,4,QUAI DE LA RAPEE,0,,1,3,0,2,(1),(1),3,, -1,1,1,1,50,22,7,2021,06:45,1,75,75112,2,1,0,2,QUAI DE LA RAPEE,48.843667,2.369891,6,3,2
202100029147,149Â 646,A01,1,1,1,9,1,0,-1,0,0,-1,2021,49.0,2,2,0,2,3,16,6,,4,CHEVALIER (AVENUE MAURICE),0,,2,2,0,2,(1),(1),1,, -1,1,0,1,50,13,7,2021,13:50,1,6,6069,2,9,0,3,CHEVALIER (AVENUE MAURICE),43.626516,6.937647,13,2,2
202100035409,138Â 427,A01,1,1,1,5,8,-1,-1,0,0,-1,2021,32.0,0,2,15,0,3,0,1,,4,,0,,2,2,0,1,(1),(1),2,, -1,1,0,3,80,11,5,2021,19:00,1,13,13067,1,1,0,6,Route de Bazarde,43.795063,5.040311,19,1,1
202100053932,105Â 345,A01,10,3,2,0,0,-1,-1,3,3,1,2021,18.0,1,5,0,1,1,1,1,,2,356,0,,1,1,0,1,(1),(1),3,, -1,2,0,8,50,14,1,2021,14:20,1,59,59350,2,4,1,6,CORDONNIER RUE DENIS,50.62315,3.08341,14,2,1
202100053308,106Â 443,B01,1,1,1,0,2,6,-1,-1, -1,-1,2021,27.0,1,1,0,2,3,3,1,,1,A86,0,,3,4,0,1,4,0,1,, -1,2,0,1,90,29,1,2021,18:10,4,92,92025,1,1,1,3,A86,48.9274172419,2.2374022007,18,2,2
202100046495,118Â 678,A01,1,1,1,5,2,8,-1,-1, -1,-1,2021,65.0,2,1,0,0,0,1,5,,4,CASSEAUX (AVE DES) (VC),0,,2,2,0,2,0,0,1,, -1,1,0,1,50,25,3,2021,15:18,1,87,87085,2,1,0,7,CASSEAUX (AVE DES) (VC),45.84,1.28415,15,1,1
202100038762,132Â 327,B01,1,1,2,0,8,0,-1,0,0,-1,2021,70.0,1,1,0,2,1,16,5,,4,PORTE DE L'EAU (PLACE DE LA),0,,1,0,0,1,(1),(1),1,, -1,1,0,1,50,21,5,2021,12:05,1,27,27375,2,6,0,1,PORTE DE L'EAU (PLACE DE LA),49.21545,1.17216,12,3,2
202100031795,144Â 927,A01,1,1,1,0,1,-1,-1,0,0,-1,2021,37.0,1,2,0,0,9,1,1,,3,1093,0,D,2,2,0,1,28,0,3,, -1,2,0,8,80,29,6,2021,21:00,1,63,63213,1,1,0,7,lieu dit Les Bordes,45.845722,3.28017,21,1,1
202100010724,182Â 559,A01,1,1,2,9,2,6,-1,-1, -1,-1,2021,19.0,2,1,0,9,2,26,1,,4,JUILLET (AVENUE DU 14),0,,2,7,0,1,(1),(1),1,, -1,1,9,3,50,27,10,2021,15:10,1,18,18279,2,9,0,3,JUILLET (AVENUE DU 14),47.21558,2.0649,15,2,2
202100020522,164Â 953,A01,10,3,2,9,8,8,-1,9,9,1,2021,80.0,1,5,0,1,4,4,1,,4,AIGUILLERIE,0,,1,1,0,1,1,0,1,, -1,1,0,1,50,6,9,2021,15:22,1,49,49007,2,1,0,6,AIGUILLERIE,47.47085,-0.5534,15,2,1
202100012715,178Â 988,A01,1,1,1,5,2,6,9,0,0,-1,2021,66.0,1,1,13,2,3,13,1,,3,15,-1,,2,2,0,2,19,750,2,, -1,1,0,1,80,17,10,2021,18:00,1,33,33316,1,1,0,1,,44.732546,0.088821,18,2,2
202100000918,200Â 105,A01,10,3,2,9,0,-1,-1,1,A,2,2021,31.0,2,2,0,1,3,5,1,,3,693,-1,,2,2,0,1,5,170,1,, -1,2,0,1,50,25,12,2021,20:10,5,2,2422,2,1,0,6,1 Rue du 8 Mai 1945,49.921019,3.627028,20,3,1
202100039015,131Â 903,B01,9,2,2,2,0,-1,-1,0,0,-1,2021,12.0,1,3,0,2,3,1,1,16.0,3,RD201,-1,,2,2,0,1,60,980,1,, -1,2,0,1,50,21,5,2021,16:35,1,68,68042,2,1,1,1,Avenue Nathan Katz,47.595738,7.501538,16,15,2
202100037297,135Â 002,A01,1,1,1,5,8,0,-1,0,0,-1,2021,41.0,1,0,0,2,1,1,3,,4,RUE DU TEMPLE,0,,2,6,1,1,(1),(1),1,, -1,1,0,1,50,31,5,2021,14:20,1,75,75103,2,3,0,2,RUE DU TEMPLE,48.867139,2.363065,14,2,2
202100003282,195Â 896,A01,1,1,1,0,1,-1,-1,0,0,-1,2021,54.0,3,2,0,2,1,1,1,,4,,-1,,2,3,0,2,(1),(1),2,,"11,4",1,5,1,50,10,12,2021,15:00,1,79,79174,2,3,0,1,Route de Limoges (Melle),46.222781,-0.139271,15,2,2
202100032959,142Â 844,A01,1,1,1,5,2,-1,-1,0,0,-1,2021,30.0,3,1,0,2,1,1,1,,4,,0,,2,1,0,1,(1),(1),1,,3,1,0,1,80,22,6,2021,18:00,1,34,34140,1,2,0,3,Chemin de Masacy,43.3875862528,3.1772951782,18,2,2
202100026404,154Â 497,B01,1,1,1,0,8,0,-1,-1, -1,-1,2021,25.0,1,1,0,2,0,2,3,,1,A50-Sens Marseille vers Aubagne,0,,-1,2,0,4,16,100,3,, -1,1,0,1,90,30,7,2021,03:46,3,13,13005,1,1,0,6,A50-Sens Marseille vers Aubagne,43.28004,5.5832,3,2,2
202100004410,193Â 876,B01,1,1,1,9,2,0,-1,-1, -1,-1,2021,21.0,3,1,0,2,1,1,1,,3,CRETEIL (BD DE),0,,2,2,0,1,0,0,1,, -1,2,0,1,30,6,12,2021,15:40,2,94,94068,2,1,1,1,CRETEIL (BD DE),48.79799,2.49259,15,2,2
202100024001,158Â 738,A01,10,3,1,3,0,-1,-1,3,3,1,2021,30.0,3,2,0,1,2,19,1,,3,KENNEDY (AVENUE),0,,3,4,0,1,1,841,1,, -1,1,4,1,80,14,8,2021,16:30,1,76,76476,1,8,0,6,KENNEDY (AVENUE),49.4823642033,0.5546164513,16,2,1
202100002697,196Â 951,C01,1,1,1,1,2,6,-1,0,0,-1,2021,48.0,2,1,0,2,4,23,1,,3,700,0,,2,2,0,2,38,500,1,, -1,1,0,1,80,17,12,2021,17:50,3,22,22171,1,1,0,5,D 700 PR 38.500,48.420322,-2.822789,17,5,5
202100035349,138Â 522,B01,1,1,1,1,2,6,-1,-1, -1,-1,2021,26.0,1,1,0,2,8,17,1,,3,50,0,,2,4,1,3,0,1,1,, -1,1,0,1,50,10,6,2021,14:05,1,92,92049,2,1,0,3,BARBES RUE,48.8170374748,2.3316389322,14,2,2
202100051313,109Â 950,Z01,4,2,2,5,1,8,-1,0,0,-1,2021,17.0,2,2,1,0,1,13,1,,4,AVENUE DU DOCTEUR ARNOLD NETTER,0,,2,3,0,1,(1),(1),1,, -1,2,0,1,50,15,2,2021,03:57,5,75,75112,2,1,0,6,AVENUE DU DOCTEUR ARNOLD NETTER,48.842358,2.405105,3,6,1
202100044453,122Â 232,A01,4,2,1,0,1,0,-1,-1, -1,-1,2021,21.0,1,2,6,0,1,15,1,,7,927,0,,2,2,0,1,5,100,1,, -1,2,0,4,50,10,4,2021,00:55,5,76,76402,2,3,1,6,RN 27 (ROUTE DE DIEPPE),49.52394,1.04157,0,5,1
202100046092,119Â 366,B01,1,1,1,0,2,-1,-1,-1, -1,-1,2021,46.0,0,1,0,2,3,1,5,,4,VOISIN (RUE GABRIEL),0,,2,3,2,1,(1),(1),1,, -1,1,0,1,50,29,3,2021,17:36,1,51,51454,2,2,0,3,Rue Gabriel Voisin,49.2353177287,4.0699014642,17,2,2
202100007468,188Â 401,B01,1,1,1,0,2,6,-1,-1, -1,-1,2021,27.0,2,1,0,2,2,0,1,,3,BOURNARD (RUE DU),0,,2,2,0,2,0,0,3,, -1,1,0,1,50,18,11,2021,01:29,5,92,92025,2,1,0,1,BOURNARD (RUE DU),48.92352,2.25955,1,3,2
202100011551,181Â 071,B01,3,2,1,5,3,0,-1,-1, -1,-1,2021,1.0,1,2,0,2,4,2,1,,4,NANTES (AVENUE DE),0,,-1,2,0,2,(1),(1),1,, -1,2,0,1,50,20,10,2021,11:45,1,86,86194,2,1,1,2,Avenue de Nantes,46.589508,0.329711,11,4,2
202100046448,118Â 756,C01,1,1,1,5,2,-1,-1,0,0,-1,2021,51.0,2,1,0,2,7,1,5,,4,,-1,,2,2,0,1,(1),(1),1,, -1,1,0,1,50,27,3,2021,12:40,1,45,45272,2,1,0,4,951 Rue de Gautray,47.811847,1.952643,12,3,3
202100053409,106Â 255,A01,1,1,2,9,1,-1,-1,-1, -1,-1,2021,38.0,2,2,4,2,5,1,1,,7,383,0,,3,3,0,1,8,0,1,, -1,2,0,1,70,27,1,2021,20:00,5,69,69029,1,1,1,2,RD383,45.74764,4.90695,20,2,2
202100001704,198Â 742,A01,10,3,1,0,0,-1,-1,1,3,1,2021,26.0,1,2,0,1,1,1,1,,4,LOHOBIAGUE JOANNES (AVENUE),0,,2,2,0,1,0,0,1,, -1,1,0,1,50,22,12,2021,15:50,1,64,64483,2,1,0,6,Avenue Lohobiague,43.39578,-1.65811,15,2,1
202100018520,168Â 529,B01,1,1,2,0,1,0,-1,-1, -1,-1,2021,23.0,2,2,0,0,6,20,1,,4,SOURCE (RUE DE LA),0,,2,2,0,1,0,0,1,, -1,1,0,1,30,16,9,2021,09:45,1,974,97411,2,1,0,2,SOURCE (RUE DE LA),-20.89018,55.44816,9,4,2
202100032626,143Â 445,B01,1,1,1,0,1,0,-1,-1, -1,-1,2021,46.0,1,2,0,2,4,2,1,,1,AUTOROUTE A86,0,,3,3,0,1,26,399,1,, -1,1,0,1,90,23,6,2021,11:30,1,93,93064,1,1,0,2,AUTOROUTE A86,48.88304,2.4706,11,2,2