Num_Acc,id_vehicule,num_veh,place,catu,sexe,trajet,secu1,secu2,secu3,locp,actp,etatp,year_acc,victim_age,senc,catv,obs,obsm,choc,manv,motor,occutc,catr,voie,v1,v2,circ,nbv,vosp,prof,pr,pr1,plan,lartpc,larrout,surf,infra,situ,vma,jour,mois,an,hrmn,lum,dep,com,agg_,int,atm,col,adr,lat,long,hour,nb_victim,nb_vehicules
202100044390,122Â 331,B01,1,1,1,5,1,-1,-1,0,0,-1,2021,67.0,2,2,0,2,1,1,1,,3,341,0,D,2,2,0,1,2,37,1,, -1,1,0,1,80,11,4,2021,16:30,1,62,62075,1,3,0,1,rd 341,50.718844,1.735261,16,6,2
202100000079,201Â 610,B01,1,1,1,4,1,0,-1,-1, -1,-1,2021,34.0,1,0,0,2,1,1,1,,3,ROCADE (RUE DE LA ........),-1,,2,2,-1,1,65,0,1,, -1,1,0,1,50,21,12,2021,11:55,1,62,62757,2,3,0,3,CORMETTES (RUE DES ..)+CAVES COTE ROCADE,50.759778,2.222591,11,2,2
202100023173,160Â 197,B01,1,1,1,5,2,6,-1,0,0,-1,2021,22.0,1,1,0,2,1,1,1,,3,67,0,,2,2,0,1,34,500,1,, -1,1,0,1,80,21,8,2021,22:55,3,29,29282,1,2,0,3,Intersection D67/C4,48.3805303207,-4.7120189667,22,2,2
202100028211,151Â 269,B01,1,1,1,1,2,6,-1,0,0,-1,2021,42.0,0,1,0,2,7,1,1,,3,40,-1,,2,2,0,1,(1),(1),1,,4,1,0,1,50,20,7,2021,08:44,1,38,38022,2,2,0,3,Avenue Perriollat,45.634627,5.56111,8,2,2
202100027605,152Â 380,A01,1,1,1,1,8,-1,-1,0,0,-1,2021,28.0,3,1,0,2,8,9,1,,3,939,0,D,2,2,0,1,127,150,1,,5,1,5,1,50,22,7,2021,23:00,5,62,62647,2,3,0,3,D939,50.379014,2.101607,23,2,2
202100020521,164Â 954,A01,10,3,2,9,0,-1,-1,3,3,1,2021,30.0,1,2,0,1,1,26,1,,4,VAUBAN AVENUE,0,,2,2,0,1,1,0,1,, -1,1,0,1,50,1,9,2021,18:52,1,49,49007,2,1,0,6,VAUBAN AVENUE,47.45999,-0.55859,18,2,1
202100033936,141Â 102,B01,1,1,2,5,0,-1,-1,0,0,-1,2021,38.0,1,1,0,2,8,1,5,,3,307,-1,,2,2,0,1,33,944,1,, -1,1,0,1,50,17,6,2021,11:45,1,72,72176,2,9,0,3,2 Avenue de la LibÃ©ration,47.6475056811,0.1529760363,11,2,2
202100052269,108Â 277,A01,1,1,1,5,1,5,-1,0,0,-1,2021,52.0,0,5,5,0,1,0,1,,4,0,0,,2,2,0,2,(1),(1),1,, -1,2,0,8,50,8,2,2021,08:05,1,24,24352,1,1,0,6,La Grande Clavelie,45.221385,0.332674,8,1,1
202100047103,117Â 576,A01,1,1,1,1,2,6,-1,0,0,-1,2021,40.0,3,1,0,0,3,15,1,,4,,0,,2,2,0,1,(1),(1),1,, -1,1,5,1,50,23,3,2021,08:35,1,69,69072,2,3,0,7,MOULIN CARRON (DU) (CHM),45.807149,4.764799,8,1,1
202100015693,173Â 617,B01,1,1,1,5,2,-1,-1,0,0,-1,2021,20.0,1,1,0,2,1,1,1,,2,9,-1,,2,2,0,1,(1),(1),1,, -1,1,5,1,50,3,10,2021,15:00,1,971,97112,2,2,0,3,Beaurenon,15.880173,-61.310481,15,2,2
202100018332,168Â 857,A01,3,2,1,5,1,0,-1,-1, -1,-1,2021,20.0,3,2,15,0,1,0,1,,4,VAUBAN BOULEVARD NÂ° RESTE,0,,3,2,1,1,(1),(1),1,, -1,1,8,5,50,6,8,2021,04:15,5,59,59350,2,1,0,7,VAUBAN BOULEVARD NÂ° RESTE,50.6361,3.05057,4,3,1
202100022639,161Â 151,A01,10,3,2,5,0,-1,-1,3,3,1,2021,72.0,3,1,0,1,0,1,1,,3,GAULLE (PLACE DU GENERAL),0,,2,2,0,1,(1),(1),1,, -1,1,0,1,50,24,8,2021,16:09,1,24,24138,2,6,0,6,GAULLE (PLACE DU GENERAL),45.18533,0.6995,16,2,1
202100027827,151Â 975,A01,2,2,1,5,8,-1,-1,0,0,-1,2021,16.0,0,1,13,0,1,1,1,,4,,-1,,2,1,0,1,(1),(1),2,,3,1,0,3,50,22,7,2021,16:10,1,3,3128,2,1,0,7,route du camping,46.382672,2.449034,16,2,1
202100011457,181Â 240,A01,2,2,1,1,1,-1,-1,0,0,-1,2021,20.0,1,2,13,0,1,1,1,,3,109,0,,2,2,0,1,1,280,1,, -1,1,0,3,80,22,10,2021,17:00,1,82,82189,1,1,0,6,D 109,44.178957,1.277193,17,3,1
202100045856,119Â 786,B01,1,1,1,5,6,-1,-1,0,0,-1,2021,45.0,1,1,0,2,4,2,5,,3,12,0,D,1,1,0,1,15,850,2,, -1,1,5,1,30,1,4,2021,09:45,1,90,90052,2,6,0,2,ZAC du Mont Jean,47.737386,6.835594,9,2,2
202100032269,144Â 080,B01,1,1,2,5,2,8,-1,-1, -1,-1,2021,72.0,2,1,0,2,4,1,5,,4,,0,,2,2,0,1,(1),(1),1,, -1,1,0,1,30,24,6,2021,14:10,1,56,56121,2,3,0,2,Avenue Ãtienne-FranÃ§ois de Choiseul,47.75118,-3.35802,14,2,2
202100055121,103Â 284,A01,1,1,1,2,0,-1,-1,0,0,-1,2021,12.0,3,1,0,2,1,19,3,,4,,-1,,2,2,0,1,(1),(1),1,, -1,1,0,1,50,15,1,2021,13:44,1,84,84092,2,9,0,3,Avenue Guillaume de Fargis,43.95724,4.858752,13,2,2
202100019572,166Â 647,A01,1,1,1,4,0,-1,-1,0,0,-1,2021,50.0,2,4,13,0,1,0,1,,3,35,-1,,2,2,0,1,0,500,1,, -1,1,0,1,80,11,9,2021,14:00,1,27,27680,1,1,0,7,RD 35,48.920991,0.434732,14,1,1
202100006332,190Â 472,A01,10,3,1,9,0,-1,-1,5,9,1,2021,85.0,3,2,0,1,4,20,1,,4,,0,,3,2,0,1,(1),(1),1,,4,2,0,4,50,26,11,2021,13:40,1,29,29217,2,1,1,6,42 Rue des AbbÃ©s Tanguy,47.856373,-3.756702,13,2,1
202100023075,160Â 372,A01,1,1,1,0,8,0,-1,0,0,-1,2021,44.0,1,1,16,0,8,1,1,,4,FERRY (JULES),0,,2,2,0,1,0,0,1,, -1,1,0,1,50,24,7,2021,02:30,3,22,22278,2,1,0,7,FERRY (JULES),48.4989411249,-2.771365642,2,1,1
202100043866,123Â 258,B01,3,2,1,0,1,-1,-1,-1, -1,-1,2021,16.0,2,2,0,2,2,0,1,,3,RD 982,0,,1,1,0,1,70,1857,2,, -1,2,0,1,50,12,4,2021,18:45,1,76,76341,2,6,1,3,RD 982,49.50441,0.19583,18,4,2
202100009367,184Â 961,B01,1,1,1,1,2,6,-1,0,0,-1,2021,29.0,3,1,0,2,1,1,1,,7,,-1,,4,2,0,1,(1),(1),1,,4,1,8,1,50,2,11,2021,08:15,1,6,6065,2,1,0,1,89 route de gatiÃ¨re,43.719127,7.179267,8,2,2
202100046553,118Â 557,B01,1,1,1,4,1,4,-1,-1, -1,-1,2021,22.0,2,2,0,2,8,1,1,,1,A42   9.500 A 9.720,0,,3,6,0,1,9,620,1,, -1,1,7,1,90,9,3,2021,16:30,1,1,1043,1,1,0,5,A42   9.500 A 9.720,45.82028,4.9924,16,3,3
202100052248,108Â 312,B01,1,1,1,5,1,-1,-1,-1,0,-1,2021,27.0,1,2,0,2,4,2,1,,2,RN 104,0,,3,4,0,1,23,700,1,, -1,2,0,1,110,7,2,2021,19:45,3,95,95527,1,1,1,2,RN 104,49.0270424864,2.515069453,19,2,2
202100049657,112Â 980,B01,1,1,1,1,2,6,-1,0,0,-1,2021,62.0,2,1,0,2,8,1,1,,4,ECHANGEUR BERCY,0,,1,2,0,4,(1),(1),1,, -1,1,0,1,50,1,3,2021,11:00,1,75,75112,2,4,0,3,ECHANGEUR BERCY,48.8278710002,2.3887270689,11,2,2
202100017221,170Â 866,A01,10,3,1,9,0,-1,-1,2,3,2,2021,26.0,2,2,0,1,2,1,1,,3,773,-1,,2,2,0,1,12,0,2,, -1,1,9,1,50,25,9,2021,10:15,1,44,44161,2,9,0,6,Rue du Docteur Praux,47.51771,-2.037629,10,2,1
202100034068,140Â 867,A01,1,1,2,5,1,-1,-1,0, -1,-1,2021,19.0,1,2,13,0,1,13,1,,3,GUTENBERG BOULEVARD,0,,-1,1,0,2,0,200,2,, -1,2,9,3,50,16,6,2021,22:30,2,29,29232,2,6,1,6,Rond Point Guttemberg,47.98033,-4.07916,22,1,1
202100024312,158Â 210,A01,10,3,1,1,0,-1,-1,0,0,-1,2021,55.0,1,2,0,1,1,1,2,,4,BOULEVARD DE LA VILLETTE,0,,2,7,1,1,(1),(1),1,, -1,1,0,1,50,13,8,2021,06:51,2,75,75119,2,2,0,6,BOULEVARD DE LA VILLETTE,48.882383,2.37041,6,2,1
202100032637,143Â 426,A01,1,1,1,4,8,-1,-1,-1, -1,-1,2021,25.0,2,1,0,2,4,2,0,,4,JEAN JAURES                         (AV),0,,2,4,3,1,(1),(1),1,, -1,1,0,1,50,23,6,2021,10:50,1,69,69387,2,2,0,2,JEAN JAURES                         (AV),45.7473141509,4.8431666493,10,2,2
202100000223,201Â 341,C01,2,2,2,0,1,0,-1,-1, -1,-1,2021,58.0,1,2,0,0,4,23,1,,4,ALEX. FLEMING (BOULEVARD),0,,3,5,0,1,0,0,1,, -1,1,0,1,50,13,11,2021,09:00,1,13,13204,2,1,0,2,ALEX. FLEMING (BOULEVARD),43.3165335731,5.396128774,9,4,3
202100024418,158Â 035,A01,1,1,1,5,2,-1,-1,0,0,-1,2021,24.0,2,1,7,0,1,0,1,,3,6,-1,,2,2,0,2,23,385,2,, -1,1,0,3,50,13,8,2021,04:10,5,27,27377,2,1,0,6,Boulevard du General de Gaulle,49.401067,1.48147,4,1,1
202100006181,190Â 767,A01,1,1,2,5,1,-1,-1,0,0,-1,2021,69.0,3,2,13,0,1,9,1,,4,,0,,2,1,0,1,(1),(1),1,,3,1,0,3,80,26,11,2021,18:45,3,81,81117,1,1,0,6,Chemin de Nartigou,43.797963,1.99316,18,1,1
202100055997,101Â 795,B01,1,1,1,1,1,-1,-1,0,0,-1,2021,28.0,2,2,0,2,4,1,1,,3,42,0,,2,2,0,1,14,400,2,, -1,1,0,1,80,8,1,2021,18:25,3,30,30258,1,1,0,6,Route de Nimes,43.71586,4.41948,18,6,4
202100000586,200Â 652,B01,1,1,1,5,2,-1,-1,0,0,-1,2021,43.0,1,1,0,2,1,1,5,,3,113,0,,1,2,0,1,28,800,1,, -1,1,0,1,70,4,12,2021,09:35,1,78,78466,1,6,0,3,Route de Quarante Sous.,48.923944,1.995472,9,2,2
202100052479,107Â 913,A01,10,3,1,2,0,-1,-1,1,1,1,2021,13.0,1,2,0,1,8,22,1,,4,STALINGRAD (AVENUE DE),0,,-1,2,0,1,1,0,1,, -1,1,0,1,50,5,2,2021,08:15,1,94,94003,2,1,0,6,STALINGRAD (AVENUE DE),48.8061583131,2.3183391988,8,2,1
202100003944,194Â 696,B01,1,1,1,4,1,0,-1,-1, -1,-1,2021,32.0,1,2,0,2,4,2,1,,1,A4,0,,3,4,0,1,7,500,1,, -1,1,0,1,90,9,12,2021,19:00,3,94,94017,1,1,0,2,A4,48.8292770022,2.4819539624,19,2,2
202100032603,143Â 496,A01,1,1,2,1,1,-1,-1,0,0,-1,2021,19.0,1,2,13,9,9,1,1,,3,263,0,D,2,2,0,2,2,400,3,, -1,9,0,3,50,24,6,2021,21:30,2,30,30139,1,1,0,7,RD 263,44.131933,3.401449,21,1,1
202100031901,144Â 732,A01,10,3,1,1,0,-1,-1,5,8,1,2021,51.0,2,3,9,1,5,1,1,1.0,4,RUE DAMREMONT,0,,1,2,0,1,(1),(1),1,, -1,1,0,1,50,28,6,2021,08:40,1,75,75118,2,1,0,6,RUE DAMREMONT,48.893267,2.336116,8,2,1
202100028488,150Â 795,A01,6,2,1,5,1,0,-1,0,0,-1,2021,20.0,2,2,1,0,7,1,1,,7,,0,,2,2,0,1,(1),(1),2,, -1,1,0,1,50,17,7,2021,01:15,5,6,6027,2,1,0,6,GAUDE AVENUE DE LA,43.66714,7.15265,1,5,1
202100034165,140Â 691,A01,1,1,1,5,1,-1,-1,0,0,-1,2021,48.0,0,2,0,0,0,1,1,,4,13,-1,,2,2,0,1,(1),(1),1,, -1,1,0,3,80,4,6,2021,18:54,1,37,37113,1,1,0,7,Moizay,46.9263315153,0.774393564,18,2,1
202100004476,193Â 768,B01,1,1,1,5,1,-1,-1,-1, -1,-1,2021,57.0,2,2,0,2,4,2,1,,2,ROUTE NATIONALE 230,0,,1,2,0,2,35,0,1,, -1,2,3,1,70,4,12,2021,16:07,1,33,33065,1,1,1,4,ROUTE NATIONALE 230,44.80991,-0.52389,16,3,3
202100016598,171Â 966,B01,1,1,2,1,2,9,-1,0,0,-1,2021,52.0,1,1,0,2,1,1,1,,3,558,0,,2,2,0,2,23,800,3,, -1,1,0,1,70,28,9,2021,04:30,3,83,83068,1,1,0,1,Route Departementale 558,43.2895532935,6.4943835189,4,2,2
202100015703,173Â 604,A01,1,1,2,5,1,-1,-1,0,0,-1,2021,49.0,3,2,6,0,1,1,1,,4,2,-1,,2,2,0,2,(1),(1),2,, -1,1,2,1,80,2,10,2021,19:45,3,74,74155,1,1,0,6,Rte du Col des Arces,46.27776,6.508391,19,1,1
202100000915,200Â 108,A01,1,1,2,1,1,5,-1,0,0,-1,2021,28.0,1,2,10,0,1,14,1,,3,101,0,D,3,2,0,1,13,315,1,,"5,5",2,9,1,50,28,12,2021,17:30,5,41,41251,2,1,1,6,D101,47.645615,2.169092,17,1,1
202100034710,139Â 680,A01,4,2,1,5,1,0,-1,-1, -1,-1,2021,10.0,1,2,0,2,4,2,1,,1,A55-Sens Marseille vers Martigues,0,,1,2,0,1,23,500,1,, -1,1,0,1,110,13,6,2021,13:35,1,13,13033,1,1,0,2,A55-Sens Marseille vers Martigues,43.37332,5.19209,13,9,3
202100036882,135Â 772,A01,1,1,1,5,1,-1,-1,0,0,-1,2021,53.0,2,2,13,0,4,1,1,,1,11,-1,,3,3,0,1,56,800,1,,"13,5",1,0,3,130,2,6,2021,20:35,1,28,28085,1,1,0,6,Autouroute A11 PK 056+800,48.434629,1.521676,20,1,1
202100031442,145Â 544,A01,1,1,1,0,2,6,-1,-1, -1,-1,2021,36.0,1,1,0,0,0,1,1,,4,VILLENEUVE (RUE) DE (55 A 87BIS),0,,2,2,0,1,0,0,1,, -1,1,0,1,30,30,6,2021,10:00,1,92,92024,2,1,0,7,VILLENEUVE (RUE) DE (55 A 87BIS),48.9060913101,2.3128339648,10,1,1
202100037746,134Â 199,A01,1,1,1,5,2,-1,-1,-1,0,-1,2021,31.0,1,1,8,0,1,26,1,,3,ARSONVAL (RUE D'),0,,3,2,0,1,1,0,1,, -1,1,0,4,50,21,5,2021,22:30,5,95,95277,2,1,0,6,RD 970,48.9866752083,2.4597000065,22,1,1
202100023221,160Â 111,B01,2,2,2,5,1,-1,-1,0,0,-1,2021,30.0,2,2,0,2,1,1,1,,3,728,-1,,2,2,0,1,34,400,1,, -1,1,0,1,80,22,8,2021,09:45,1,17,17219,2,1,0,1,Route DÃ©partementale N 728,45.824598,-1.08946,9,3,2
202100012570,179Â 244,A01,1,1,1,5,2,6,-1,0,0,-1,2021,15.0,1,1,0,0,9,9,1,,3,201,-1,,2,2,0,1,51,840,3,, -1,1,0,1,50,17,10,2021,13:45,1,68,68309,2,6,0,7,D201,47.668386,7.44121,13,1,1
202100013267,178Â 026,B01,1,1,1,5,2,4,-1,-1, -1,-1,2021,39.0,2,1,0,2,2,1,5,,4,BERGSON (RUE HENRI),0,,2,2,2,1,(1),(1),1,, -1,1,0,1,30,13,10,2021,14:00,1,37,37214,2,1,0,3,BERGSON (RUE HENRI),47.4121442112,0.6595250219,14,2,2
202100049653,112Â 986,A01,1,1,1,5,2,8,-1,-1, -1,-1,2021,17.0,1,1,0,2,1,1,1,,3,ITAM (BOULEVARD),0,,-1,2,0,1,0,100,1,, -1,1,0,1,50,10,2,2021,16:40,1,13,13108,2,1,0,1,ITAM (BOULEVARD),43.8064662105,4.6578073529,16,2,2
202100024333,158Â 177,A01,1,1,1,5,2,6,9,0,0,-1,2021,41.0,2,1,0,2,1,1,1,,3,52,0,D,2,2,0,1,0,200,3,, -1,1,0,1,50,13,8,2021,14:40,1,35,35176,2,1,0,1,Rue de la Margaterie,47.822625,-1.802561,14,3,2
202100007698,187Â 994,A01,1,1,2,1,1,-1,-1,0,0,-1,2021,23.0,2,2,10,0,3,1,6,,1,28,0,,3,4,0,1,162,400,1,, -1,1,0,1,130,17,11,2021,11:30,1,61,61497,1,1,0,6,autoroute A 28,48.479171,0.121901,11,1,1
202100048700,114Â 705,A01,10,3,2,2,8,8,-1,2,9,1,2021,13.0,1,1,0,1,1,21,5,,4,RUE MONCEY,0,,1,1,0,1,(1),(1),1,, -1,1,0,1,30,9,3,2021,15:50,1,75,75109,2,3,0,6,RUE MONCEY,48.880051,2.330656,15,2,1
202100010282,183Â 329,A01,1,1,1,5,4,-1,-1,-1, -1,-1,2021,79.0,2,1,0,2,1,1,5,,4,BARBIER (QUAI YVES),0,,2,2,1,1,(1),(1),3,, -1,1,0,4,30,24,9,2021,12:25,1,70,70550,2,1,0,3,BARBIER (QUAI YVES),47.61953,6.149,12,2,2
202100011207,181Â 701,B01,1,1,1,0,8,0,-1,-1, -1,-1,2021,20.0,3,1,0,2,2,1,3,,7,CARREL ARMAND RUE,0,,3,4,3,1,(1),(1),1,, -1,1,0,6,30,6,10,2021,16:00,1,59,59350,2,1,0,3,CARREL ARMAND RUE,50.6167698333,3.0740342325,16,2,2
202100050629,111Â 191,B01,1,1,1,1,2,6,9,0,0,-1,2021,54.0,2,1,0,2,1,1,1,,3,3,0,D,2,2,0,3,19,27,1,, -1,1,0,1,50,19,2,2021,08:25,1,6,6038,2,9,0,3,Route d'Opio,43.67627,6.97549,8,2,2
202100053722,105Â 708,A01,1,1,1,0,1,8,-1,-1, -1,-1,2021,20.0,0,2,8,0,1,1,1,,4,LANGEVIN (BOULEVARD PAUL),0,,2,2,0,1,0,0,1,, -1,1,0,1,50,23,1,2021,21:07,5,66,66136,2,1,0,6,LANGEVIN (BOULEVARD PAUL),42.68346,2.87566,21,1,1
202100012342,179Â 674,A01,1,1,1,0,1,-1,-1,0,0,-1,2021,81.0,2,2,6,0,8,15,1,,3,972,-1,,2,2,0,1,32,150,1,, -1,1,0,1,80,19,10,2021,16:45,1,50,50446,1,2,0,3,La Boulaye,49.120565,-1.028793,16,3,2
202100045718,120Â 026,A01,1,1,1,0,2,6,-1,-1, -1,-1,2021,48.0,1,1,14,0,7,1,1,,1,A104,0,,3,6,0,1,9,699,1,, -1,9,0,1,70,1,4,2021,09:10,1,77,77294,1,1,0,7,A104,48.9753545688,2.5843539086,9,1,1
202100038613,132Â 616,A01,10,3,1,5,0,-1,-1,4,3,1,2021,43.0,1,2,0,1,1,2,1,,3,RUE LOUIS JACQUES MEZARD,0,,2,2,0,1,0,0,1,, -1,1,0,1,50,22,5,2021,13:15,1,91,91589,2,1,0,6,RUE LOUIS JACQUES MEZARD,48.676567,2.353023,13,2,1
202100029382,149Â 257,A01,1,1,1,5,2,6,9,0,0,-1,2021,47.0,2,1,15,0,1,1,1,,4,,-1,,2,2,0,1,(1),(1),3,,4,1,0,4,50,12,7,2021,00:45,3,17,17486,2,1,0,7,Boulevard d Antioche,46.020595,-1.354866,0,1,1
202100001316,199Â 406,A01,1,1,1,0,1,-1,-1,0,0,-1,2021,38.0,2,2,2,0,7,1,1,,3,25,-1,,2,2,0,1,31,483,1,, -1,2,0,1,80,28,12,2021,10:00,1,44,44048,1,1,0,6,RD 25,47.377023,-1.278625,10,1,1
202100039000,131Â 928,B01,1,1,1,5,2,0,-1,-1, -1,-1,2021,29.0,2,1,0,2,1,1,1,,3,131,0,,2,2,0,1,0,0,1,, -1,2,9,1,50,21,5,2021,18:50,1,92,92035,2,7,1,3,National ( boulevard ),48.9068423437,2.2387942672,18,2,2
202100026865,153Â 699,A01,1,1,1,0,1,0,-1,-1, -1,-1,2021,40.0,0,2,12,2,2,21,1,,3,MARC CHAGALL (BOULEVARD),0,,3,4,0,1,0,1,1,, -1,1,0,1,50,24,7,2021,10:20,1,93,93005,2,1,0,3,Boulevard Marc Chagall,48.953076,2.50152,10,6,2
202100003409,195Â 663,B01,1,1,1,0,2,0,-1,-1, -1,-1,2021,37.0,3,1,0,2,1,1,1,,4,KERVILER(AVENUE RENE DE),0,,2,2,0,2,(1),(1),2,, -1,2,0,1,50,7,12,2021,12:40,1,56,56260,2,2,1,3,KERVILER(AVENUE RENE DE),47.6421,-2.7552,12,2,2
202100006549,190Â 093,A01,10,3,1,9,8,8,-1,1,3,1,2021,87.0,1,2,0,1,1,26,1,,3,DUGAZON,0,,2,2,0,1,(1),(1),3,, -1,1,0,1,70,21,11,2021,16:15,2,971,97101,1,1,1,6,PETIT PEROU,16.25149,-61.51656,16,2,1
202100048607,114Â 873,B01,1,1,1,5,0,-1,-1,0,0,-1,2021,20.0,2,1,1,0,1,2,5,,3,1205,-1,D,2,2,0,1,53,300,1,, -1,1,0,1,30,11,3,2021,11:30,1,74,74256,2,1,0,2,Rte du Fayet,45.932916,6.632749,11,2,2
202100007161,188Â 969,C01,1,1,1,2,1,-1,-1,-1,0,-1,2021,42.0,3,2,0,2,1,23,1,,3,PARIS (RUE DE),0,,3,2,0,1,4,250,1,, -1,1,0,1,50,9,11,2021,16:40,1,95,95680,2,4,0,5,PARIS (RUE DE),49.0064424926,2.3830170778,16,6,4
202100028808,150Â 225,A01,1,1,1,5,2,6,-1,-1, -1,-1,2021,46.0,1,1,1,2,1,1,1,,4,CRONSTADT (DE),0,,3,4,0,1,0,0,1,, -1,1,0,1,50,13,7,2021,23:59,5,76,76351,2,1,0,6,CRONSTADT (DE),49.504742,0.116111,23,2,2
202100054804,103Â 834,A01,2,2,1,5,0,-1,-1,0,0,-1,2021,39.0,2,2,2,0,1,13,1,,7,97,-1,,2,2,0,1,40,576,2,, -1,1,0,3,80,15,1,2021,01:30,3,35,35024,1,1,0,6,La Petite Hublais,48.184101,-1.612139,1,2,1
202100050421,111Â 572,B01,1,1,2,0,1,0,-1,-1, -1,-1,2021,24.0,1,2,0,2,1,1,1,,1,A55-Sens Marseille vers Martigues,0,,1,2,0,1,32,900,1,, -1,1,0,1,110,23,2,2021,20:41,3,13,13026,1,1,0,5,A55-Sens Marseille vers Martigues,43.400302,5.099628,20,3,3
202100039662,130Â 698,A01,1,1,1,5,0,-1,-1,0,0,-1,2021,40.0,2,2,6,0,5,1,1,,3,207,0,D,2,2,0,1,21,480,1,, -1,2,0,3,50,16,5,2021,06:45,2,33,33097,2,1,1,7,,45.077305,-1.053683,6,1,1
202100052972,107Â 029,B01,2,2,2,5,1,0,-1,-1, -1,-1,2021,15.0,2,5,0,2,1,1,1,,3,DOCTEUR SCHWEITZER (RUE DU),0,,2,2,0,1,2,300,1,, -1,2,0,1,50,31,1,2021,12:50,1,45,45004,2,1,1,2,Avenue du Docteur Schweitzer,48.001898,2.775759,12,4,2
202100036641,136Â 214,B01,1,1,1,4,1,0,-1,0,0,-1,2021,39.0,2,5,0,2,4,1,0,,3,EYSSAGNIERES ( ROUTE DES ),0,,2,2,0,1,0,720,2,, -1,1,0,1,50,2,6,2021,11:50,1,5,5061,2,1,0,4,EYSSAGNIERES ( ROUTE DES ),44.55089,6.05515,11,3,3
202100046507,118Â 654,B01,1,1,1,0,2,6,-1,-1, -1,-1,2021,74.0,1,1,0,2,6,1,1,,3,8 MAI 1945 DU,0,,2,2,0,1,7,830,1,, -1,1,0,1,50,26,3,2021,13:55,1,64,64284,2,1,0,3,8 MAI 1945 DU,43.2816,-0.38739,13,2,2
202100008897,185Â 836,A01,1,1,1,5,0,-1,-1,0,0,-1,2021,57.0,3,6,0,0,9,1,1,,4,,-1,,2,2,0,2,(1),(1),1,,3,7,0,1,50,8,11,2021,09:20,1,73,73296,1,1,0,7,MontÃ©e du Sarrasin,45.511369,6.921684,9,1,1
202100036185,137Â 014,B01,1,1,1,2,2,-1,-1,0,0,-1,2021,18.0,3,1,0,2,1,1,1,,4,,-1,,1,2,0,1,(1),(1),1,,"5,5",1,0,1,50,4,6,2021,13:00,1,22,22070,2,1,0,3,Rue Saint Nicolas,48.560065,-3.148313,13,2,2
202100030605,147Â 047,A01,1,1,1,9,8,0,-1,-1, -1,-1,2021,39.0,3,2,0,2,4,20,1,,3,GENERAL DE GAULLE (AV DU),0,,2,3,0,1,0,0,1,, -1,2,0,1,50,5,7,2021,00:40,5,94,94017,2,1,0,2,GENERAL DE GAULLE (AV DU),48.82374,2.49613,0,2,2
202100005933,191Â 188,A01,10,3,2,0,0,-1,-1,4,3,1,2021,27.0,1,2,0,1,3,15,1,,4,SAINT LEON (RUE ET EGLISE),0,,1,2,2,1,(1),(1),1,, -1,1,0,1,50,25,11,2021,20:42,5,54,54395,2,2,0,6,SAINT LEON (RUE ET EGLISE),48.6884107651,6.1732763774,20,2,1
202100028331,151Â 055,B01,1,1,1,0,1,0,-1,-1, -1,-1,2021,34.0,3,2,0,2,9,2,1,,3,COURNEUVE (ROUTE),0,,1,2,1,1,0,9,1,, -1,1,0,1,50,18,7,2021,16:22,1,93,93066,2,1,0,4,COURNEUVE (ROUTE),48.932963,2.37404,16,3,3
202100054780,103Â 876,Z01,10,3,1,5,0,-1,-1,3,3,3,2021,5.0,2,2,0,1,7,1,2,,4,RUE DE L ABBE ROUSSELOT,0,,1,1,0,1,(1),(1),1,, -1,5,0,1,30,16,1,2021,12:21,1,75,75117,2,3,1,6,RUE DE L ABBE ROUSSELOT,48.889928,2.300144,12,5,1
202100028580,150Â 632,A01,1,1,2,5,1,-1,-1,0,0,-1,2021,73.0,1,2,0,2,4,23,1,,7,44,-1,D,2,2,2,1,26,360,1,, -1,1,0,1,-1,16,7,2021,14:45,1,35,35047,2,4,1,2,Avenue Alphonse Legault,48.025826,-1.733458,14,2,2
202100014064,176Â 556,A01,1,1,1,5,0,-1,-1,0,0,-1,2021,36.0,3,1,12,0,0,1,3,,4,,-1,,3,2,0,1,(1),(1),1,, -1,1,0,4,50,10,10,2021,22:05,5,66,66172,2,1,0,7,29 Boulevard du Canigou,42.717156,2.844756,22,1,1
202100016190,172Â 698,B01,1,1,1,5,2,6,-1,-1, -1,-1,2021,44.0,2,1,0,2,3,1,1,,4,AV MAURICE HAURIOU,0,,2,2,0,1,(1),(1),1,, -1,1,5,1,50,29,9,2021,15:30,1,31,31555,2,3,0,3,AV MAURICE HAURIOU,43.59351,1.4425,15,2,2
202100041916,126Â 695,A01,1,1,1,0,8,0,-1,-1, -1,-1,2021,35.0,3,2,6,0,1,0,1,,9,DES PINS (allÃ©e),0,,2,2,0,2,0,0,3,, -1,1,9,1,30,30,4,2021,14:35,1,13,13209,2,1,0,1,DES PINS (allÃ©e),43.25497,5.41521,14,1,1
202100050662,111Â 127,A01,1,1,1,5,2,6,-1,0,0,-1,2021,49.0,1,1,0,0,0,1,1,,2,,-1,,3,2,0,1,(1),(1),2,, -1,1,5,1,50,22,2,2021,18:40,1,974,97404,1,1,0,7,Route des Sables,-21.279022,55.362377,18,1,1