Num_Acc,id_vehicule,num_veh,place,catu,sexe,trajet,secu1,secu2,secu3,locp,actp,etatp,year_acc,victim_age,senc,catv,obs,obsm,choc,manv,motor,occutc,catr,voie,v1,v2,circ,nbv,vosp,prof,pr,pr1,plan,lartpc,larrout,surf,infra,situ,vma,jour,mois,an,hrmn,lum,dep,com,agg_,int,atm,col,adr,lat,long,hour,nb_victim,nb_vehicules
202100042246,126Â 116,A01,1,1,1,5,0,-1,-1,0,0,-1,2021,19.0,0,1,0,2,1,5,1,,4,,0,,2,2,0,1,(1),(1),1,,4,1,9,1,30,27,4,2021,16:00,1,44,44101,2,6,0,3,Rue Salvador Allende,47.184875,-1.687517,16,3,2
202100018226,169Â 027,B01,2,2,2,5,2,6,-1,0,0,-1,2021,15.0,1,1,0,2,3,2,1,,3,895,0,D,2,2,0,1,0,544,1,, -1,2,0,1,80,18,9,2021,23:30,3,35,35085,1,1,1,2,D895,48.403006,-1.758655,23,3,2
202100014439,175Â 889,A01,10,3,1,0,0,-1,-1,3,B,1,2021,4.0,3,2,0,1,1,26,0,,4,EDGARD QUINET (RUE),0,,1,1,0,1,0,0,1,, -1,1,0,1,30,8,10,2021,17:00,1,93,93001,2,1,0,1,EDGARD QUINET (RUE),48.91641,2.37738,17,2,1
202100041854,126Â 812,A01,2,2,1,5,1,-1,-1,0,0,-1,2021,85.0,1,2,4,0,3,1,1,,1,13,-1,,1,5,0,1,125,850,1,, -1,1,0,1,130,1,5,2021,13:00,1,27,27580,1,1,0,6,A13,49.353616,0.885,13,3,1
202100042364,125Â 903,B01,1,1,1,0,2,6,-1,-1, -1,-1,2021,22.0,2,1,0,2,1,1,1,,3,R PIERRE ET MARIE CURIE ,0,,1,4,1,2,1,0,1,, -1,1,9,1,50,26,4,2021,19:00,1,94,94041,2,2,0,3,PIERRE ET MARIE CURIE (R),48.81528,2.3756,19,2,2
202100034306,140Â 416,B01,1,1,1,5,2,6,-1,-1, -1,-1,2021,15.0,2,1,0,2,1,2,1,,4,POMPIDOU (AV.GEORGES),0,,2,2,0,1,(1),(1),1,, -1,1,0,1,50,14,6,2021,14:50,1,4,4112,2,1,0,2,Av Georges Pompidou,43.8251,5.78345,14,2,2
202100000708,200Â 448,A01,1,1,2,3,1,-1,-1,0,0,-1,2021,73.0,2,2,16,0,3,14,1,,3,674,0,,2,2,0,2,39,600,3,, -1,2,0,8,80,30,12,2021,10:30,1,57,57239,1,1,0,7,D674,48.992052,6.792737,10,1,1
202100026454,154Â 414,Z01,10,3,2,9,0,-1,-1,5,9,1,2021,68.0,3,1,0,1,1,26,1,,9,CALVAIRE ( PLACE DU ),0,,-1,-1,3,1,(1),(1),1,, -1,1,0,6,-1,28,7,2021,18:05,1,56,56083,2,1,0,6,CALVAIRE ( PLACE DU ),47.80584,-3.27209,18,2,1
202100041659,127Â 138,A01,1,1,1,4,2,6,-1,-1, -1,-1,2021,19.0,2,1,0,0,3,15,1,,3,AV PIERRE BROSSOLETTE,0,,4,2,0,2,0,0,2,, -1,1,0,1,50,2,5,2021,21:45,5,91,91161,2,9,0,7,AV PIERRE BROSSOLETTE,48.70745,2.311575,21,1,1
202100000240,201Â 294,B01,2,2,2,5,2,6,-1,0,0,-1,2021,26.0,1,1,0,2,3,7,1,,4,BOULEVARD POISSONNIERE,0,,2,3,1,1,(1),(1),1,, -1,1,-1,6,30,20,11,2021,04:35,5,75,75109,2,2,0,3,BOULEVARD POISSONNIERE,48.870688,2.347917,4,4,2
202100026045,155Â 127,A01,1,1,1,5,2,4,6,0,0,-1,2021,28.0,1,1,0,0,7,1,1,,3,12.2,0,A,2,2,0,2,2,300,3,, -1,2,0,1,80,28,7,2021,12:00,1,42,42059,1,1,1,7,Route du Premier Pont,45.646733,4.366057,12,1,1
202100013071,178Â 378,B01,1,1,2,0,1,8,-1,-1, -1,-1,2021,27.0,1,2,0,2,7,15,1,,4,SCORFF ( BD DU ),0,,3,4,3,1,(1),(1),1,, -1,1,5,1,30,12,10,2021,18:32,1,56,56121,2,6,0,3,SCORFF ( BD DU ),47.76224,-3.36672,18,2,2
202100039327,131Â 304,A01,1,1,2,5,1,0,-1,-1, -1,-1,2021,22.0,2,2,1,2,3,1,1,,4,MONTAIGUT(BOULVARD DU),0,,2,1,0,1,0,0,1,, -1,1,0,1,50,18,5,2021,14:45,1,94,94028,2,1,0,1,MONTAIGUT(BOULVARD DU),48.7912216003,2.4446511269,14,2,2
202100001224,199Â 582,A01,10,3,1,5,0,-1,-1,3,B,1,2021,78.0,1,4,0,1,0,9,1,,3,794,0,D,2,2,0,4,(1),(1),1,, -1,2,0,1,50,29,12,2021,11:20,1,22,22172,2,6,0,6,1 Rue de l Abbaye,48.521042,-2.23097,11,2,1
202100023510,159Â 610,A01,2,2,1,5,1,-1,-1,0,0,-1,2021,13.0,1,2,3,0,1,14,1,,2,10,0,N,3,4,0,1,22,520,2,"6,5",14,1,0,2,110,19,8,2021,19:40,2,16,16140,1,1,0,6,Lieu-dit Les Grandes Versennes,45.893899,0.190914,19,2,1
202100039858,130Â 336,A01,1,1,1,5,0,-1,-1,0,0,-1,2021,39.0,3,1,0,0,0,1,3,,4,,0,,2,2,0,1,(1),(1),1,, -1,1,0,1,50,16,5,2021,17:20,1,33,33205,2,1,0,7,Lieu Dit Brouquet,44.626886,-0.381474,17,1,1
202100019570,166Â 649,B01,1,1,1,5,2,6,-1,0,0,-1,2021,40.0,2,1,0,2,1,1,1,,3,32,-1,,2,2,0,2,14,800,3,, -1,1,0,1,70,11,9,2021,18:00,1,45,45307,1,1,0,1,52 Rue de Bretagne,48.066917,2.885317,18,2,2
202100023262,160Â 035,A01,2,2,1,0,2,0,-1,-1, -1,-1,2021,28.0,1,1,0,2,1,26,1,,4,CUGNOT NICOLAS (BD),0,,1,2,0,1,0,0,1,, -1,1,0,1,70,20,8,2021,20:37,1,72,72181,2,1,0,2,CUGNOT NICOLAS (BD),47.98972,0.22682,20,3,2
202100024023,158Â 705,A01,1,1,2,5,1,8,-1,0,0,-1,2021,79.0,1,2,11,0,3,13,1,,4,AVENUE DU GENERAL LECLERC,0,,2,4,0,1,(1),(1),1,, -1,1,0,1,50,13,8,2021,23:23,5,75,75114,2,3,0,6,AVENUE DU GENERAL LECLERC,48.832235,2.330599,23,1,1
202100025267,156Â 490,C01,1,1,2,0,1,0,-1,-1, -1,-1,2021,35.0,1,2,0,2,4,2,1,,4,ALLONNES PONT ROUGE (RTE D'),0,,3,2,0,1,0,0,1,, -1,1,0,1,50,6,8,2021,15:20,1,72,72181,1,1,0,4,ALLONNES PONT ROUGE (RTE D'),47.97583,0.166,15,3,3
202100017469,170Â 400,C01,1,1,1,1,1,0,-1,0,0,-1,2021,60.0,3,2,0,2,8,1,1,,4,DELAMARE (RUE ABBE),0,,2,2,0,1,(1),(1),3,, -1,1,2,1,70,22,9,2021,18:30,1,27,27351,1,1,0,5,DELAMARE (RUE ABBE),49.23634,1.18662,18,5,3
202100040988,128Â 355,B01,1,1,1,2,0,-1,-1,0,0,-1,2021,16.0,0,1,15,2,4,2,5,,3,337,0,D,2,2,0,1,14,200,1,, -1,1,0,1,50,7,5,2021,16:45,1,80,80186,2,1,1,2,Rue de Picardie,49.819036,2.793376,16,3,2
202100016786,171Â 609,A01,10,3,1,1,0,-1,-1,2,9,1,2021,47.0,0,2,0,1,8,17,1,,4,VIENNE (DE)                         (RO),0,,3,2,2,1,(1),(1),1,, -1,1,0,1,50,24,9,2021,17:30,1,69,69259,2,1,0,6,VIENNE (DE) (RTE),45.7233927781,4.8541358113,17,2,1
202100041398,127Â 605,B01,1,1,2,0,8,-1,-1,-1, -1,-1,2021,54.0,1,2,0,0,0,0,1,,2,RN346   29.300 A 34.350,0,,3,5,0,1,34,200,1,, -1,1,0,1,90,4,3,2021,07:25,1,69,69275,1,1,0,3,RN346,45.75977,4.98519,7,2,2
202100029868,148Â 403,B01,1,1,1,1,0,-1,-1,0,0,-1,2021,19.0,2,0,0,2,7,26,3,,3,151,-1,,1,1,0,1,5,400,1,, -1,1,5,1,50,9,7,2021,12:00,1,51,51662,2,6,0,3,Avenue de Rethel,49.297511,4.130049,12,2,2
202100053853,105Â 484,A01,1,1,1,5,2,6,-1,0,0,-1,2021,20.0,1,1,0,2,1,3,1,,4,PORTE DE CHARENTON,0,,1,4,0,1,34,200,1,, -1,2,0,1,70,23,1,2021,16:35,2,75,75112,2,1,1,2,PORTE DE CHARENTON,48.8295945563,2.4009899251,16,2,2
202100047592,116Â 688,A01,1,1,1,0,1,0,-1,-1, -1,-1,2021,20.0,2,2,4,0,1,2,1,,1,AUTOROUTE A104,0,,3,9,0,1,3,700,2,, -1,2,0,1,90,18,3,2021,19:00,3,93,93078,1,1,1,6,AUTOROUTE A104,48.95828,2.52924,19,1,1
202100008135,187Â 179,B01,1,1,1,1,2,0,-1,-1, -1,-1,2021,44.0,2,1,0,2,1,3,1,,1,A4,0,,3,4,0,1,5,400,3,, -1,1,0,1,90,15,11,2021,08:10,1,75,75112,1,1,0,2,A4,48.8217469678,2.4622035027,8,2,2
202100018125,169Â 216,A01,10,3,1,5,0,-1,-1,8,5,1,2021,2.0,3,2,0,1,2,14,1,,4,AV DE TYRESO,0,,2,2,0,1,(1),(1),1,, -1,1,0,1,50,18,9,2021,19:10,1,77,77445,2,1,0,6,AV DE TYRESO,48.58371,2.58318,19,2,1
202100046321,118Â 980,B01,1,1,2,5,1,-1,-1,-1, -1,-1,2021,53.0,2,2,0,2,4,1,1,,1,A89 539.050 A 541.188,0,,3,4,0,1,540,500,1,, -1,1,0,1,110,28,3,2021,07:10,2,69,69250,1,1,0,2,A89,45.82019,4.721046,7,2,2
202100025727,155Â 697,B01,2,2,1,0,1,0,-1,-1, -1,-1,2021,56.0,2,5,0,2,2,1,1,,4,ALLEES (RUE DES),0,,-1,2,0,1,13,0,1,, -1,1,9,1,50,3,8,2021,18:30,1,64,64260,2,6,0,3,ALLEES (RUE DES),43.35536,-1.77425,18,3,2
202100021508,163Â 194,A01,1,1,1,5,2,-1,-1,0,0,-1,2021,17.0,1,1,9,0,1,26,1,,3,4,0,D,2,2,0,1,(1),(1),1,, -1,1,0,1,50,2,9,2021,06:40,5,95,95487,2,1,0,6,Rue Corentin Quideau,49.145816,2.258223,6,1,1
202100056284,101Â 291,A01,10,3,1,5,0,-1,-1,2,3,1,2021,74.0,1,1,0,1,1,5,5,,4,COULMIERS (R DE),0,,1,1,0,2,1,0,1,, -1,1,0,1,30,4,1,2021,18:15,5,94,94052,2,1,0,6,COULMIERS (R DE),48.8419964227,2.4915860965,18,2,1
202100035099,138Â 960,B01,2,2,1,0,1,0,-1,-1, -1,-1,2021,54.0,1,2,0,2,1,1,1,,4,,0,,2,3,1,2,1,0,1,, -1,1,5,1,50,11,6,2021,12:10,1,92,92007,2,2,0,3,MEUNIERS (RUE DES),48.7976320253,2.3095321655,12,3,2
202100008300,186Â 885,B01,1,1,1,5,2,-1,-1,0,0,-1,2021,44.0,1,1,0,2,1,26,1,,3,311,0,D,2,1,0,2,17,980,1,, -1,2,0,1,90,14,11,2021,14:15,1,72,72137,2,9,1,3,le buisson,48.4063289717,0.1900076864,14,4,2
202100010813,182Â 401,A01,10,3,2,0,0,-1,-1,3,3,1,2021,85.0,2,2,0,1,0,16,1,,3,30,0,D,2,2,0,1,7,800,1,, -1,1,0,1,50,27,10,2021,18:00,1,69,69052,2,3,0,6,LOZANNE (DE) (RTE),45.8749522221,4.7098141291,18,2,1
202100040078,129Â 957,B01,2,2,2,5,2,0,-1,-1, -1,-1,2021,17.0,2,1,0,2,8,1,1,,3,985,0,,2,2,1,2,0,0,2,, -1,1,0,1,50,12,5,2021,18:50,1,92,92064,2,9,0,3,GENERAL LECLERC,48.8414036394,2.2071127346,18,3,2
202100056401,101Â 085,A01,10,3,1,5,0,0,0,2,A,1,2021,51.0,2,2,1,1,1,21,1,,4,MULHOUSE (BOULEVARD DE),0,,2,2,0,1,(1),(1),1,, -1,1,0,5,50,1,1,2021,19:45,5,59,59512,2,1,0,6,MULHOUSE (BOULEVARD DE),50.68722,3.19751,19,2,1
202100020618,164Â 772,A01,1,1,1,9,2,6,-1,0,0,-1,2021,37.0,2,1,0,0,0,1,1,,3,81,-1,,2,2,0,2,4,430,2,, -1,1,0,1,-1,6,9,2021,17:30,1,63,63096,2,2,0,7,D81,45.748727,3.301188,17,1,1
202100014256,176Â 209,A01,1,1,2,1,1,-1,-1,0,0,-1,2021,45.0,1,2,2,0,1,0,1,,3,137,-1,,2,2,0,1,(1),(1),1,, -1,1,0,8,90,10,10,2021,06:45,2,3,3275,1,3,1,6,intersection D137 / D34,46.513544,3.229964,6,1,1
202100027365,152Â 802,B01,1,1,1,0,2,6,-1,-1, -1,-1,2021,31.0,3,1,12,2,6,1,1,,4,RUE BERGEON,0,,1,1,0,1,(1),(1),1,, -1,1,0,1,20,23,7,2021,13:15,1,33,33063,2,2,0,3,Rue Bergeon,44.82969,-0.56918,13,2,2
202100018846,167Â 957,A01,1,1,1,9,1,-1,-1,0,0,-1,2021,82.0,1,2,0,2,1,5,1,,3,RD10,-1,,2,2,0,1,35,950,1,, -1,1,0,1,80,14,9,2021,16:00,1,29,29077,1,1,0,5,Lieu Dit Kervezel,48.622258,-4.420366,16,3,3
202100004903,193Â 027,B01,1,1,2,0,1,0,-1,-1, -1,-1,2021,23.0,1,2,0,2,4,23,1,,1,15,0,,3,8,0,1,5,800,1,, -1,2,0,1,110,4,12,2021,02:45,3,92,92036,1,1,1,2,AUTOROUTE A15,48.9492053212,2.2806984183,2,2,2
202100008940,185Â 736,B01,1,1,1,0,1,-1,-1,-1, -1,-1,2021,42.0,1,2,0,2,4,2,1,,4,PROVENCE (DE)                       (R ),0,,2,4,0,1,(1),(1),1,, -1,1,0,1,50,7,11,2021,19:50,5,69,69290,2,3,0,2,PROVENCE (DE) (R),45.69413,4.9235,19,2,2
202100022771,160Â 897,B01,1,1,1,0,2,6,-1,-1, -1,-1,2021,60.0,1,1,0,2,6,11,1,,1,86,0,,1,5,0,1,0,500,1,, -1,1,1,1,70,24,8,2021,18:40,1,92,92050,1,1,0,3,A86,48.9044290792,2.2078710794,18,3,2
202100015098,174Â 718,A01,1,1,2,1,1,-1,-1,-1, -1,-1,2021,29.0,2,2,0,2,1,1,1,,3,D907,0,,2,2,0,2,9,790,3,, -1,2,0,1,80,5,10,2021,06:30,3,4,4112,1,1,0,1,RD 907,43.8421,5.75135,6,2,2
202100017037,171Â 168,A01,1,1,1,9,2,6,-1,0,0,-1,2021,31.0,1,1,0,0,0,21,1,,4,RUE DE LA CONVENTION,0,,2,2,0,2,(1),(1),1,, -1,1,0,1,30,24,9,2021,01:15,5,75,75115,2,1,0,7,RUE DE LA CONVENTION,48.837639,2.295544,1,1,1
202100031017,146Â 293,B01,2,2,2,0,1,8,-1,-1, -1,-1,2021,46.0,2,2,0,2,1,1,1,,4,,0,,3,4,0,1,(1),(1),2,, -1,1,5,1,50,27,6,2021,15:45,1,67,67482,2,3,0,3,MONTAGNE VERTE (RUE DE LA),48.57032,7.73809,15,3,2
202100026317,154Â 649,B01,1,1,1,1,2,-1,-1,0,0,-1,2021,24.0,1,1,0,2,1,1,1,,4,PONTANIOU,0,,2,2,0,1,(1),(1),1,, -1,1,5,1,50,30,7,2021,15:50,1,29,29019,2,9,0,1,Rue de Pontaniou,48.38904,-4.499656,15,2,2
202100055948,101Â 879,A01,1,1,1,5,2,6,-1,-1, -1,-1,2021,45.0,3,1,0,2,1,2,1,,2,PARIS (R DE),0,,3,4,0,1,1,0,1,, -1,2,0,1,50,7,1,2021,11:40,1,94,94078,2,1,1,2,PARIS (R DE),48.73781,2.44696,11,2,2
202100019649,166Â 523,B01,1,1,2,5,1,-1,-1,-1, -1,-1,2021,32.0,2,2,0,2,4,1,1,,7,BOURGTHEROULDE. RUE DE,0,,2,2,0,2,7,30,3,, -1,1,0,1,50,9,9,2021,19:40,1,76,76231,2,6,0,2,BOURGTHEROULDE. RUE DE,49.28882,0.98829,19,2,2
202100011007,182Â 052,A01,10,3,1,3,0,-1,-1,4,3,1,2021,84.0,1,2,0,1,2,16,1,,7,,-1,,2,2,0,1,5,0,1,,5,1,0,1,50,26,10,2021,09:40,1,69,69204,2,2,0,6,MARECHAL JOFFRE (PL),45.6945548589,4.7927641869,9,2,1
202100032321,143Â 985,A01,1,1,1,4,8,8,-1,0,0,-1,2021,24.0,2,2,0,2,7,1,2,,4,RUE DE VAUGIRARD,0,,1,1,1,1,(1),(1),1,, -1,1,0,1,50,24,6,2021,01:40,5,75,75115,2,2,0,3,RUE DE VAUGIRARD,48.842993,2.312783,1,2,2
202100008705,186Â 177,A01,1,1,1,5,2,8,-1,-1, -1,-1,2021,34.0,1,1,0,2,0,17,1,,4,ROMAINS (ROUTE DES),0,,2,4,1,1,0,0,1,, -1,1,0,1,50,6,11,2021,14:12,1,67,67482,2,1,0,3,ROMAINS (ROUTE DES),48.5780433158,7.7057370543,14,2,2
202100006108,190Â 887,A01,1,1,2,0,1,0,-1,-1, -1,-1,2021,40.0,1,2,0,2,1,15,0,,4,CAMILLE DESMOULINS (R),0,,-1,2,0,1,39,0,1,, -1,1,0,1,50,24,11,2021,09:15,1,94,94076,2,1,0,1,Rue Camille Desmoulins,48.795173,2.3479,9,2,2
202100014490,175Â 809,B01,9,2,1,1,1,-1,-1,0,0,-1,2021,21.0,2,2,0,2,7,1,1,,3,904,-1,,2,2,0,1,39,293,3,, -1,1,0,1,80,9,10,2021,06:15,3,54,54073,1,1,0,3,route dÃ©partementale 904,48.6307033944,5.9087669844,6,4,2
202100051987,108Â 783,A01,3,2,2,0,8,0,-1,-1, -1,-1,2021,25.0,1,2,0,2,1,9,1,,3,BADUEL (ROUTE DE),0,,2,2,0,1,4,300,1,, -1,1,0,1,50,9,2,2021,14:45,1,973,97302,2,3,0,1,BADUEL (ROUTE DE),4.9284,-52.29349,14,5,2
202100008186,187Â 094,A01,1,1,1,9,1,-1,-1,0,0,-1,2021,45.0,2,2,0,2,6,1,1,,3,12,2,B,2,2,0,2,17,600,3,, -1,2,0,1,80,13,11,2021,19:20,3,68,68182,1,1,1,3,D12b,47.510549,7.48641,19,3,2
202100028717,150Â 390,A01,1,1,1,5,1,-1,-1,0,0,-1,2021,67.0,2,2,14,0,8,1,1,,3,17,-1,,2,2,0,1,4,500,1,, -1,2,0,1,50,2,7,2021,10:30,1,972,97227,2,1,1,6,Quartier Epinay,14.508687,-60.925369,10,1,1
202100016796,171Â 593,A01,1,1,1,1,2,6,-1,-1, -1,-1,2021,32.0,1,1,6,0,8,13,1,,4,PERIPHERIQUE NORD (TUNNEL DE CALUIRE(BD),0,,1,2,0,1,(1),(1),1,, -1,1,1,4,70,23,9,2021,08:00,1,69,69034,2,1,0,6,CALUIRE (DE) (TU),45.78825,4.85657,8,1,1
202100043579,123Â 773,A01,1,1,1,5,2,6,-1,0,0,-1,2021,27.0,1,1,0,0,0,0,0,,3,107,-1,,2,2,0,1,1,55,1,, -1,1,0,4,50,18,4,2021,20:10,2,71,71014,2,1,0,7,Rue Antoine Clement,46.965186,4.313368,20,1,1
202100016532,172Â 076,A01,10,3,1,9,0,-1,-1,2,3,1,2021,32.0,2,1,0,1,1,1,1,,4,RUE DU CHEMIN DE FER,0,,2,2,0,1,(1),(1),1,, -1,2,0,1,30,27,9,2021,18:05,1,75,75119,2,1,0,6,RUE DU CHEMIN DE FER,48.8996790975,2.3891969106,18,2,1
202100037271,135Â 053,B01,1,1,1,0,8,0,-1,0,0,-1,2021,45.0,1,1,0,2,0,0,1,,4,REDON (BOULEVARD DU),0,,2,0,0,1,(1),(1),1,, -1,1,0,1,50,3,5,2021,10:00,1,13,13209,2,1,0,3,REDON (BOULEVARD DU),43.249547,5.422467,10,2,2
202100039655,130Â 710,A01,4,2,2,5,3,-1,-1,0,0,-1,2021,2.0,2,2,0,2,1,0,1,,1,6,-1,,3,5,0,1,56,300,4,, -1,2,0,1,130,17,5,2021,07:30,1,77,77339,1,1,1,6,Autoroute A6 PK 056+300 sens province vers Paris,48.374953,2.562046,7,4,2
202100022645,161Â 142,A01,2,2,1,4,8,0,-1,-1, -1,-1,2021,18.0,1,5,0,2,6,15,1,,4,MADRAGUE VILLE (chemin de la),0,,2,2,0,1,0,0,1,, -1,1,0,1,50,25,8,2021,05:40,5,13,13215,2,3,0,3,MADRAGUE VILLE (chemin de la),43.33445,5.35809,5,3,2
202100036930,135Â 694,B01,1,1,1,4,1,-1,-1,0,0,-1,2021,21.0,1,5,0,2,4,1,1,,3,D1330,-1,,2,2,0,1,0,20,1,, -1,1,0,1,80,3,6,2021,13:15,1,60,60028,1,1,0,2,RD 330,49.215323,2.556837,13,2,2
202100051989,108Â 779,B01,1,1,1,4,1,8,-1,-1, -1,-1,2021,43.0,1,2,0,2,6,24,3,,3,ROUTE DEPARTEMENTALE 15 A,0,,2,2,0,1,0,150,1,, -1,1,0,1,50,9,2,2021,18:00,4,972,97213,2,1,0,2,ROUTE DEPARTEMENTALE 15 A,14.61047,-61.00324,18,2,2
202100032362,143Â 916,B01,1,1,1,5,2,6,-1,0,0,-1,2021,51.0,2,1,0,2,1,2,1,,3,241,0,D,2,2,0,1,0,843,1,, -1,1,0,1,50,26,6,2021,11:58,1,6,6161,1,1,0,3,D241,43.635485,7.128856,11,2,2
202100052260,108Â 293,A01,1,1,2,3,8,-1,-1,0,0,-1,2021,82.0,1,2,0,2,8,10,1,,2,25,-1,,2,3,0,2,10,300,1,, -1,1,0,1,90,8,2,2021,13:00,1,80,80639,1,1,0,3,N25,49.934815,2.307301,13,2,2
202100020799,164Â 471,B01,1,1,1,1,2,6,-1,0,0,-1,2021,30.0,1,1,0,2,1,1,1,,3,812,-1,,2,2,0,3,39,380,1,,3,1,5,1,70,6,9,2021,18:00,1,35,35152,1,3,0,3,Les Sevailles,48.228729,-1.479099,18,2,2
202100056296,101Â 269,B01,2,2,2,5,1,0,-1,-1, -1,-1,2021,67.0,1,2,0,2,1,1,1,,4,CHATEAU (AVENUE DU) NÂ° 1 A 81,0,,2,2,0,2,0,0,1,, -1,2,0,1,30,4,1,2021,17:10,2,92,92051,2,1,0,1,CHATEAU (AVENUE DU) NÂ° 1 A 81,48.8867515702,2.2623445989,17,3,2
202100029644,148Â 802,A01,1,1,1,5,1,-1,-1,0,0,-1,2021,39.0,2,2,0,2,3,13,1,,3,1083,0,,2,2,0,2,7,800,1,, -1,1,0,1,80,11,7,2021,10:45,1,1,1248,1,1,0,5,Route de Bourg-En-Bresse,45.912351,4.940653,10,3,3
202100040347,129Â 485,A01,2,2,2,5,2,6,-1,-1, -1,-1,2021,14.0,2,1,0,2,7,21,1,,3,ROUGET DE LISLE,0,,2,2,0,1,0,0,1,, -1,1,0,1,50,11,5,2021,15:22,1,32,32013,2,1,0,2,ROUGET DE LISLE,43.64562,0.59105,15,3,2
202100020196,165Â 539,A01,1,1,1,4,2,6,-1,-1, -1,-1,2021,36.0,2,1,0,0,0,0,1,,1,AUTOROUTE A16,0,,1,5,0,1,125,300,3,, -1,1,0,1,110,6,9,2021,17:55,1,59,59155,1,1,0,7,AUTOROUTE A16,51.0188080059,2.4037373142,17,1,1
202100026756,153Â 896,B01,1,1,1,0,2,-1,-1,0,0,-1,2021,16.0,2,1,0,0,1,1,1,,3,933,0,D,2,2,0,1,22,600,1,, -1,1,5,1,80,19,7,2021,17:40,1,47,47326,1,3,0,3,D933,44.506101,0.272518,17,2,2
202100006103,190Â 897,A01,10,3,2,5,0,-1,-1,4,3,1,2021,79.0,3,2,0,1,3,15,1,,4,BOULEVARD DES INVALIDES,0,,1,3,0,1,(1),(1),2,, -1,2,5,1,30,26,11,2021,15:54,1,75,75107,2,2,0,6,BOULEVARD DES INVALIDES,48.851831,2.314517,15,2,1
202100038529,132Â 769,A01,4,2,2,5,3,0,-1,0,0,-1,2021,0.0,2,2,0,2,6,22,1,,4,AVENUE DU GENERAL MICHEL BIZOT,0,,2,2,0,1,(1),(1),1,, -1,2,0,1,50,24,5,2021,11:30,1,75,75112,2,4,1,3,AVENUE DU GENERAL MICHEL BIZOT,48.837713,2.403823,11,3,2
202100027362,152Â 811,A01,1,1,1,5,8,-1,-1,-1, -1,-1,2021,19.0,1,5,3,0,1,17,1,,2,PORTE ALMA,0,,3,4,0,3,10,400,3,, -1,1,0,1,90,23,7,2021,04:30,3,35,35206,1,1,0,6,RN 136,48.079225,-1.692513,4,1,1
202100039376,131Â 218,A01,1,1,1,1,2,6,-1,0,0,-1,2021,35.0,1,1,0,1,1,1,1,,2,10,0,T,2,2,0,2,27,300,1,,7,1,0,1,50,20,5,2021,14:10,1,201,201247,2,1,0,6,Avenue de Bastia,41.612442,9.279349,14,2,1
202100015094,174Â 726,B01,1,1,1,4,1,0,-1,-1, -1,-1,2021,52.0,3,2,0,2,3,1,1,,4,JUIN (RUE MARECHAL),0,,1,1,0,1,(1),(1),1,, -1,2,0,1,50,5,10,2021,09:05,1,7,7281,2,2,0,3,JUIN (RUE MARECHAL),44.9496822837,4.8470445774,9,2,2
202100007656,188Â 065,B01,1,1,1,5,8,0,-1,0,0,-1,2021,14.0,1,1,0,2,8,19,5,,4,RUE DE DANTZIG,0,,2,2,0,2,(1),(1),1,, -1,1,0,1,30,17,11,2021,15:50,1,75,75115,2,2,0,3,RUE DE DANTZIG,48.833501,2.29869,15,2,2
202100018513,168Â 541,A01,1,1,1,0,2,6,-1,-1, -1,-1,2021,24.0,1,1,4,0,9,2,1,,7,ROUTE DEPARTEMENTALE 652,0,,3,2,0,1,13,45,1,, -1,1,0,1,90,16,9,2021,07:10,2,59,59378,1,1,0,6,ROUTE DEPARTEMENTALE 652,50.68499,3.100351,7,1,1
202100014491,175Â 808,A01,1,1,2,1,1,-1,-1,0,0,-1,2021,80.0,0,2,3,0,3,1,1,,3,2210,-1,,2,2,0,1,22,687,1,, -1,1,0,3,70,7,10,2021,00:30,3,6,6148,1,1,0,6,1475 Route de Grasse,43.709941,7.051412,0,1,1
202100053121,106Â 783,B01,1,1,1,5,8,-1,-1,0,0,-1,2021,34.0,2,1,0,2,7,17,1,,2,7,-1,,2,2,0,1,(1),(1),1,, -1,1,0,1,50,29,1,2021,23:10,5,978,97801,1,1,0,3,Rn7 - Quartier OrlÃ©ans,18.07138,-63.033548,23,2,2
202100002509,197Â 290,A01,1,1,2,5,1,-1,-1,0,0,-1,2021,92.0,1,2,2,0,3,0,1,,3,96,0,,2,2,1,1,13,500,2,, -1,1,0,3,80,16,12,2021,15:57,1,46,46312,1,1,0,6,RD 96 PK 13 +500,44.982259,1.621113,15,1,1
202100033443,141Â 992,B01,1,1,1,0,2,8,-1,-1, -1,-1,2021,33.0,1,1,0,2,8,9,1,,4,JEAN JAURES (BOULEVARD) 63/215 - 70/208,0,,1,2,0,1,0,0,1,, -1,2,9,1,50,19,6,2021,21:00,1,92,92012,2,1,0,3,JEAN JAURES (BOULEVARD) 63/215 - 70/208,48.8394753551,2.2401809692,21,2,2
202100011301,181Â 537,A01,10,3,1,5,0,-1,-1,6,1,1,2021,21.0,3,2,0,1,3,13,1,,4,RM1,0,,2,2,0,1,(1),(1),1,, -1,1,0,3,90,9,10,2021,18:00,2,988,98814,2,1,0,6,Tribu de Traput,-20.933064,167.311016,18,2,1
202100048538,114Â 992,B01,1,1,2,4,1,0,-1,-1, -1,-1,2021,30.0,1,2,0,2,0,1,1,,4,DARSES - CHAUSSEE,0,,3,2,0,1,(1),(1),1,, -1,1,0,1,50,10,3,2021,13:15,1,59,59183,2,3,0,1,DARSES - CHAUSSEE,51.04109,2.34693,13,2,2