Num_Acc,id_vehicule,num_veh,place,catu,sexe,trajet,secu1,secu2,secu3,locp,actp,etatp,year_acc,victim_age,senc,catv,obs,obsm,choc,manv,motor,occutc,catr,voie,v1,v2,circ,nbv,vosp,prof,pr,pr1,plan,lartpc,larrout,surf,infra,situ,vma,jour,mois,an,hrmn,lum,dep,com,agg_,int,atm,col,adr,lat,long,hour,nb_victim,nb_vehicules
202100014444,175Â 881,A01,1,1,1,1,2,6,-1,-1, -1,-1,2021,54.0,1,1,0,2,1,2,1,,3,907,0,,2,2,0,2,0,0,1,, -1,1,0,1,50,8,10,2021,18:00,1,92,92064,2,1,0,2,GOUNOD,48.842841,2.211969,18,2,2
202100056109,101Â 588,A01,1,1,1,3,1,-1,-1,0,0,-1,2021,64.0,1,2,0,2,2,19,1,,3,D59,-1,,2,1,0,1,(1),(1),1,, -1,2,5,1,70,6,1,2021,16:35,1,91,91661,1,2,0,3,Avenue de la Plesse,48.703432,2.254146,16,2,2
202100038231,133Â 308,A01,1,1,2,1,1,0,-1,-1, -1,-1,2021,43.0,1,2,0,4,3,15,1,,4,SAULES (VOI DES),0,,2,4,3,1,0,1,1,, -1,1,0,6,30,26,5,2021,18:30,1,94,94054,2,2,0,3,SAULES (VOI DES),48.74761,2.41781,18,2,2
202100017267,170Â 788,B01,1,1,1,4,1,-1,-1,0,0,-1,2021,48.0,3,2,0,2,8,1,1,,3,,-1,,2,2,0,1,(1),(1),1,,4,1,0,1,50,24,9,2021,11:25,1,87,87116,2,3,0,3,4 Avenue du Stade,46.140043,1.040086,11,2,2
202100050789,110Â 899,A01,1,1,2,5,1,-1,-1,0,0,-1,2021,76.0,1,2,0,2,1,2,1,,1,31,-1,,3,5,0,1,66,970,1,, -1,1,0,1,130,20,2,2021,11:35,1,21,21638,1,1,0,2,A31,47.512688,5.195777,11,2,2
202100042275,126Â 065,A01,1,1,1,1,1,-1,-1,-1, -1,-1,2021,23.0,1,2,4,2,3,13,1,,7,M6   455.000 A 455.614,0,,3,6,0,1,455,200,2,, -1,1,0,1,70,20,4,2021,00:10,5,69,69382,1,1,0,2,M6,45.75087,4.82267,0,2,2
202100020833,164Â 406,A01,1,1,2,3,1,0,-1,-1, -1,-1,2021,68.0,1,2,0,2,3,9,1,,3,50,0,,3,2,0,1,0,0,1,, -1,2,0,1,50,4,9,2021,16:00,1,91,91421,2,1,1,3,JEAN JAURES (AVENUE),48.71778,2.445,16,2,2
202100021963,162Â 370,A01,1,1,1,1,1,0,-1,-1, -1,-1,2021,47.0,1,2,1,0,3,13,2,,3,986,0,,2,2,0,1,0,0,1,, -1,1,0,1,50,29,8,2021,04:55,5,92,92050,2,1,0,6,REPUBLIQUE AVENUE DE LA,48.9126897503,2.2248440981,4,1,1
202100052315,108Â 205,B01,1,1,1,2,8,0,-1,-1, -1,-1,2021,21.0,2,1,0,2,1,19,5,,4,SAINT MAURICE DE SAURET (AVENUE),0,,2,2,0,1,(1),(1),2,, -1,1,0,1,50,5,2,2021,17:30,1,34,34172,2,1,0,3,SAINT MAURICE DE SAURET (AVENUE),43.6204070215,3.8927329112,17,2,2
202100044411,122Â 299,A01,2,2,2,5,1,-1,-1,0,0,-1,2021,28.0,1,2,2,0,4,4,1,,1,VE 2,-1,,3,4,0,1,5,300,2,, -1,2,0,3,90,11,4,2021,21:00,3,988,98805,1,1,1,6,VE2 PK5+300 Sens NOUMEA PAITA,-22.18988,166.44077,21,2,1
202100048407,115Â 233,A01,10,3,1,2,0,-1,-1,4,3,1,2021,14.0,1,5,0,1,1,16,1,,4,BOULEVARD DE DOULON,0,,2,2,2,1,(1),(1),1,, -1,2,0,1,50,11,3,2021,07:50,1,44,44109,2,1,1,6,BOULEVARD DE DOULON,47.22502,-1.5215,7,2,1
202100012649,179Â 103,A01,10,3,2,0,8,8,-1,3,3,1,2021,41.0,2,2,0,1,1,9,0,,7,BOUDERIEZ MARCEL RUE,0,,2,2,0,1,(1),(1),1,, -1,1,0,1,50,29,8,2021,21:20,2,59,59009,2,1,0,6,BOUDERIEZ MARCEL RUE,50.6175515104,3.1473724544,21,2,1
202100008713,186Â 160,A01,1,1,1,5,2,-1,-1,-1, -1,-1,2021,34.0,1,1,0,2,1,1,-1,,3,,-1,,2,2,-1,1,22,570,1,,4,1,0,1,-1,8,11,2021,07:40,1,62,62727,2,6,0,3,D 188,50.4735029393,2.5915074348,7,2,2
202100001053,199Â 877,A01,1,1,1,4,2,6,-1,0,0,-1,2021,35.0,1,1,0,0,0,1,1,,4,PLACE VALHUBERT,0,,2,5,0,1,(1),(1),1,, -1,2,0,1,30,29,12,2021,11:00,1,75,75105,2,7,0,7,PLACE VALHUBERT,48.844319,2.364921,11,1,1
202100053006,106Â 972,A01,1,1,1,5,2,6,-1,0,0,-1,2021,33.0,1,1,15,0,7,1,1,,4,,-1,,2,2,0,2,(1),(1),3,, -1,2,0,4,50,31,1,2021,11:30,1,61,61181,2,1,0,6,18 Rue des Lilas,48.785131,0.302075,11,1,1
202100037941,133Â 849,A01,1,1,1,4,1,0,-1,-1, -1,-1,2021,72.0,1,2,0,2,4,1,1,,1,A50-Sens Marseille vers Aubagne,0,,3,3,0,1,3,799,1,, -1,1,0,1,90,27,5,2021,07:05,1,13,13211,1,1,0,4,A50-Sens Marseille vers Aubagne,43.28736,5.43907,7,3,3
202100052794,107Â 356,B01,2,2,2,5,1,0,-1,-1, -1,-1,2021,30.0,1,2,0,2,1,0,0,,3,BOUYCHERES (COURS),0,,2,2,0,1,49,690,1,, -1,1,0,1,50,22,1,2021,16:10,1,9,9122,2,1,0,4,BOUYCHERES (COURS),42.9663534849,1.6094348431,16,4,3
202100023981,158Â 768,A01,1,1,1,0,2,6,-1,-1, -1,-1,2021,27.0,1,1,0,0,0,1,1,,1,A13,0,,3,6,0,1,4,699,1,, -1,1,0,1,90,16,8,2021,15:30,1,92,92064,1,1,0,7,A13,48.8397442438,2.2019797335,15,1,1
202100030805,146Â 700,B01,1,1,2,9,1,0,-1,-1, -1,-1,2021,26.0,2,2,0,2,1,1,1,,4,AQUITAINE (RUE D'),0,,2,2,0,1,0,0,1,, -1,2,5,1,50,29,6,2021,17:50,1,87,87085,2,2,1,3,ISLE (RUE D'),45.82471,1.23458,17,3,2
202100036551,136Â 383,A01,1,1,1,5,1,-1,-1,0,0,-1,2021,46.0,1,2,0,9,1,1,1,,3,34,0,,2,2,0,1,23,500,1,, -1,2,0,8,80,4,6,2021,21:30,2,64,64325,1,1,1,7,D34,43.163299,-0.457467,21,1,1
202100018949,167Â 773,A01,10,3,2,0,0,-1,-1,4,3,1,2021,13.0,1,2,0,1,2,2,1,,2,POMMERY (BOULEVARD),0,,2,4,0,1,19,510,1,, -1,2,0,1,50,14,9,2021,18:12,1,51,51454,2,2,1,7,Boulevard Pommery,49.25605622,4.0554148975,18,2,1
202100032287,144Â 047,A01,2,2,1,5,3,0,-1,-1, -1,-1,2021,1.0,1,2,0,2,1,2,1,,7,RTE D AGDE,0,,-1,1,0,1,23,267,1,, -1,1,0,1,50,25,6,2021,21:15,1,31,31555,2,1,0,2,RTE D AGDE,43.625,1.4751,21,6,2
202100052604,107Â 694,B01,1,1,1,5,2,6,-1,0,0,-1,2021,29.0,2,1,0,2,1,1,1,,3,588,0,,2,2,0,2,23,650,1,, -1,1,0,1,50,5,2,2021,16:00,1,43,43110,2,1,0,3,Route de Champagnac,45.313803,3.434496,16,2,2
202100039769,130Â 499,A01,10,3,1,0,0,-1,-1,3,3,1,2021,15.0,1,2,0,1,2,1,1,,3,7,0,D,2,2,0,1,(1),(1),3,, -1,1,0,1,50,17,5,2021,17:15,1,84,84004,2,6,0,3,Route de Carpentras,44.091107,5.030451,17,2,1
202100012618,179Â 158,A01,1,1,1,1,2,8,-1,-1, -1,-1,2021,46.0,1,1,1,0,1,1,1,,2,ROUTE NATIONALE 1,0,,1,2,1,1,3,0,1,, -1,1,0,5,90,17,10,2021,20:45,5,973,97302,1,1,0,2,ROUTE NATIONALE 1,4.90651,-52.32286,20,2,2
202100003031,196Â 365,A01,1,1,2,0,1,0,-1,-1, -1,-1,2021,27.0,1,2,0,2,8,21,1,,1,A7-Sens Lyon vers Marseille,0,,1,3,0,1,276,500,1,, -1,1,0,1,90,14,12,2021,14:00,1,13,13215,1,1,0,6,A7-Sens Lyon vers Marseille,43.35022,5.36845,14,2,1
202100023126,160Â 277,A01,10,3,1,5,0,-1,-1,4,9,2,2021,5.0,1,2,0,1,3,1,1,,4,DUGOMMIER (BOULEVARD)     1 A 29,0,,2,4,0,1,0,0,1,, -1,1,5,1,50,21,8,2021,21:25,5,13,13201,2,2,0,3,DUGOMMIER (BOULEVARD)     1 A 29,43.29779,5.38102,21,4,1
202100054723,103Â 975,A01,10,3,2,5,0,-1,-1,2,3,1,2021,70.0,2,4,0,0,6,9,1,,3,997,0,,2,2,0,1,10,550,2,, -1,1,0,1,50,18,1,2021,09:40,1,23,23032,2,4,0,6,D917,46.3512105845,2.2134232521,9,2,1
202100017894,169Â 637,A01,1,1,1,0,2,6,-1,-1, -1,-1,2021,19.0,0,1,0,2,1,1,1,,3,406,0,,-1,0,0,1,0,0,1,, -1,1,0,1,50,20,9,2021,14:00,1,92,92048,2,1,0,1,MARCEL ALLEGOT (RUE),48.822142515,2.2262147069,14,2,2
202100013477,177Â 645,B01,1,1,2,-1,1,-1,-1,-1, -1,-1,2021,30.0,2,2,0,2,1,1,1,,3,,-1,,2,-1,0,1,(1),(1),1,, -1,1,0,1,-1,8,1,2021,19:45,4,83,83086,1,1,0,6,Route de FrÃ©jus,43.4680252239,6.5909309382,19,2,2
202100043655,123Â 642,B01,1,1,1,5,2,8,-1,-1, -1,-1,2021,21.0,1,1,0,2,1,19,1,,4,CENTENAIRE (AV DU),0,,2,3,0,1,0,0,1,, -1,1,0,1,30,17,4,2021,04:55,5,94,94068,2,2,0,3,CENTENAIRE (AV DU),48.8029298981,2.510279417,4,2,2
202100045053,121Â 198,A01,1,1,1,0,2,6,9,0,0,-1,2021,49.0,1,1,0,0,7,0,1,,3,211,-1,,2,2,0,1,3,250,1,, -1,1,0,1,50,4,4,2021,12:07,1,63,63278,2,1,0,7,PR 003+250,45.924468,3.159288,12,1,1
202100021118,163Â 907,A01,1,1,1,4,2,6,-1,-1, -1,-1,2021,22.0,2,1,0,2,1,17,1,,3,407,0,,2,2,0,1,0,0,1,, -1,1,0,1,50,3,9,2021,11:20,1,92,92077,2,1,0,3,SEVRES (RUE DE),48.8264814396,2.1909597993,11,2,2
202100015661,173Â 674,A01,2,2,2,0,1,0,-1,-1, -1,-1,2021,74.0,2,2,6,2,1,1,1,,4,CHATAIGNERAIE (RUE DE LA),0,,2,1,0,2,0,0,1,, -1,1,0,1,30,2,10,2021,12:00,1,92,92072,2,1,0,2,CHATAIGNERAIE (RUE DE LA),48.81808,2.20477,12,3,2
202100022143,162Â 056,B01,1,1,1,0,2,6,-1,0,0,-1,2021,52.0,2,1,0,0,1,1,1,,3,999,0,D,2,2,0,1,8,215,1,, -1,1,0,1,50,26,8,2021,18:30,2,30,30135,2,3,0,3,D 999,43.830367,4.563712,18,2,2
202100003591,195Â 333,A01,10,3,1,2,0,-1,-1,4,5,2,2021,8.0,3,2,0,1,1,15,1,,3,,0,,2,2,0,1,1,835,1,, -1,2,0,1,70,7,12,2021,16:55,2,78,78354,2,2,1,6,AVENUE DE L EUROPE,48.978589,1.693508,16,2,1
202100004340,194Â 002,A01,1,1,1,1,1,-1,-1,0,0,-1,2021,26.0,1,2,0,2,3,13,1,,3,28,-1,,2,2,0,1,2,510,1,, -1,2,0,1,90,8,12,2021,05:24,3,53,53062,1,1,0,1,"RD 28, PR 02.510",47.837012,-0.670209,5,2,2
202100005674,191Â 656,A01,5,2,1,0,2,6,-1,-1, -1,-1,2021,36.0,1,1,0,2,7,1,1,,3,7,0,,4,2,0,1,0,0,1,, -1,1,0,1,50,27,10,2021,23:30,5,92,92004,2,1,0,3,DOCTEUR DERVAUX  ( QUAI DU ),48.9112160968,2.2983902693,23,3,2
202100020305,165Â 342,B01,1,1,1,0,1,0,-1,0,0,-1,2021,20.0,1,2,0,2,4,1,1,,3,CD NÂ° 515 (ROUTE DE OUISTREHAM),0,,3,4,0,1,1,0,1,, -1,1,0,1,90,7,9,2021,08:18,1,14,14327,1,1,0,4,CD NÂ° 515 (ROUTE DE OUISTREHAM),49.1996,-0.32688,8,3,3
202100054275,104Â 743,A01,10,3,2,3,0,-1,-1,3,3,1,2021,34.0,2,2,0,1,1,1,1,,3,247,-1,,2,2,0,1,6,870,1,, -1,1,9,1,50,20,1,2021,16:10,1,44,44069,1,9,0,6,D247,47.327079,-2.412808,16,2,1
202100027634,152Â 324,A01,9,2,1,5,1,-1,-1,0,0,-1,2021,20.0,2,2,8,0,0,1,1,,3,16,-1,D,2,2,0,1,4,844,3,, -1,1,0,8,80,23,7,2021,18:20,1,36,36021,1,1,0,6,,46.969374,1.987174,18,5,1
202100041181,127Â 988,A01,1,1,1,5,2,6,-1,0,0,-1,2021,18.0,2,1,0,2,1,1,1,,3,03,0,,3,2,0,2,0,450,1,, -1,1,0,1,50,25,4,2021,18:30,1,201,201032,2,1,0,3,Route Departementale 3,41.923295,8.821614,18,2,2
202100044773,121Â 683,A01,1,1,1,4,1,-1,-1,0,0,-1,2021,28.0,2,6,0,2,7,19,1,,3,35,-1,D,2,2,0,2,5,500,1,, -1,1,0,1,80,8,4,2021,13:05,1,29,29294,1,9,0,3,Lieu-Dit Keropartz,48.401147,-4.13094,13,2,2
202100041603,127Â 240,A01,1,1,1,5,2,6,-1,0,0,-1,2021,22.0,2,1,0,0,7,1,1,,3,6,0,,2,2,0,4,31,570,2,, -1,1,0,3,80,4,5,2021,18:45,1,4,4166,1,1,0,7,RD 6,43.829852,6.043779,18,1,1
202100004054,194Â 499,A01,10,3,1,5,0,-1,-1,3,3,1,2021,19.0,2,2,0,1,1,1,1,,4,HUGO (AVENUE VICTOR),0,,2,2,0,1,(1),(1),1,, -1,2,0,1,50,7,12,2021,18:20,5,37,37122,2,1,1,6,HUGO (AVENUE VICTOR),47.3510471126,0.6637394428,18,2,1
202100051967,108Â 817,B01,2,2,1,9,8,-1,-1,0,0,-1,2021,35.0,1,1,0,2,3,18,1,,3,2,0,D,2,2,0,1,7,500,1,, -1,1,0,1,50,10,2,2021,18:00,2,973,97309,2,9,0,3,Route de Montjoly,4.915395,-52.2751,18,3,2
202100002088,198Â 066,A01,1,1,2,1,1,-1,-1,0,0,-1,2021,22.0,2,2,0,2,3,0,1,,3,102,0,D,2,2,0,2,10,900,3,, -1,1,0,1,80,21,12,2021,09:35,1,85,85021,1,1,1,5,D102,47.045622,-1.257913,9,3,3
202100003834,194Â 898,A01,10,3,1,4,0,-1,-1,2,9,1,2021,41.0,2,5,0,1,5,1,1,,4,RUE RAFFET,0,,2,2,0,1,(1),(1),1,, -1,1,0,1,30,9,12,2021,11:11,1,75,75116,2,2,0,6,RUE RAFFET,48.852725,2.262502,11,2,1
202100015537,173Â 912,A01,1,1,1,1,2,6,-1,-1, -1,-1,2021,20.0,2,1,0,2,8,9,1,,4,PITCHOT (RUE DE),0,,-1,2,0,2,0,0,1,, -1,2,5,1,50,1,10,2021,23:23,5,64,64122,1,6,1,3,PITCHOT (RUE DE),43.46604,-1.53707,23,2,2
202100002963,196Â 476,A01,1,1,2,5,2,6,-1,0,0,-1,2021,32.0,1,1,0,2,8,3,1,,4,PORTE DE MONTREUIL,0,,1,4,0,1,29,900,1,, -1,1,0,1,70,13,12,2021,16:00,1,75,75120,2,1,0,3,PORTE DE MONTREUIL,48.864257,2.413279,16,2,2
202100030523,147Â 203,A01,10,3,2,5,0,-1,-1,8,9,3,2021,22.0,2,2,0,1,1,26,1,,6,Parking de l'eglise St Jean Baptiste,0,,-1,1,0,1,0,0,1,, -1,1,0,8,30,4,7,2021,15:59,1,988,98818,2,1,0,6,RUE TARAGNAT,-22.2714,166.4526,15,7,1
202100027617,152Â 359,A01,1,1,1,5,2,6,-1,0,0,-1,2021,51.0,1,1,0,2,1,1,1,,3,33,0,D,2,2,0,1,0,900,1,, -1,1,0,1,80,22,7,2021,18:30,2,55,55085,1,1,0,1,D 33,48.830222,5.707687,18,2,2
202100010830,182Â 368,A01,1,1,1,1,2,6,-1,-1, -1,-1,2021,53.0,2,1,0,2,7,3,1,,1,6B,0,,3,3,0,1,4,896,1,, -1,1,0,1,90,27,10,2021,08:05,1,94,94038,1,1,0,5,AUTOROUTE A6B,48.774025289,2.3462096537,8,3,3
202100020477,165Â 033,B01,1,1,2,4,1,8,-1,0,0,-1,2021,48.0,1,2,0,2,4,1,1,,2,GOURNIER (Avenue de),0,,2,3,0,1,92,60,1,, -1,1,0,1,70,27,5,2021,17:40,1,26,26198,2,1,0,4,7 Avenue de Gournier,44.53369,4.73341,17,3,3
202100014046,176Â 591,B01,1,1,1,5,1,-1,-1,0,0,-1,2021,62.0,2,2,0,2,8,1,1,,3,976,-1,,2,2,0,1,46,260,1,, -1,1,0,1,90,10,10,2021,07:00,3,41,41229,1,1,1,1,D976,47.301741,1.351029,7,4,2
202100005156,192Â 560,A01,10,3,1,0,8,-1,-1,2,3,1,2021,62.0,3,5,0,1,2,1,1,,4,,-1,,2,2,0,2,(1),(1),2,,4,7,0,1,30,3,12,2021,18:00,5,6,6094,2,1,1,6,17 avenue de l'adrech,44.089812,6.944261,18,2,1
202100025872,155Â 440,B01,2,2,2,9,2,6,-1,0,0,-1,2021,25.0,2,1,0,2,4,23,1,,4,ROUTE DE SEVRES A NEUILLY,0,,3,4,0,1,(1),(1),1,, -1,1,0,1,50,1,8,2021,22:07,5,75,75116,2,3,0,2,ROUTE DE SEVRES A NEUILLY,48.87536,2.249577,22,3,2
202100030295,147Â 615,A01,1,1,1,4,1,-1,-1,0,0,-1,2021,19.0,3,5,0,2,3,13,1,,4,,-1,,2,2,0,1,(1),(1),4,,7,1,0,1,50,8,7,2021,08:50,1,44,44026,2,1,0,1,Avenue Syrma,47.278734,-1.475194,8,2,2
202100001453,199Â 185,B01,1,1,1,5,2,0,-1,-1, -1,-1,2021,54.0,1,1,0,2,1,1,6,,3,MALROUX (AV. AUGUSTIN),0,,2,2,0,4,27,422,3,, -1,2,0,1,30,23,12,2021,15:10,1,81,81033,2,4,0,1,MALROUX (AV. AUGUSTIN),44.02705,2.12863,15,3,2
202100023438,159Â 726,A01,1,1,2,0,8,0,-1,-1, -1,-1,2021,65.0,1,2,8,0,2,1,1,,3,RENNES (RUE DE),0,,2,2,0,1,0,0,1,, -1,1,0,1,50,22,7,2021,10:20,1,22,22106,2,1,0,7,RENNES (RUE DE),48.4940843936,-2.7127510076,10,1,1
202100018099,169Â 268,A01,1,1,1,9,2,6,-1,-1, -1,-1,2021,22.0,2,1,0,2,1,3,1,,1,A4.W,0,,-1,4,0,1,19,700,1,, -1,1,0,1,110,19,9,2021,19:11,1,77,77258,1,1,0,3,A4.W,48.831368,2.641637,19,2,2
202100000439,200Â 920,A01,1,1,2,1,2,6,-1,0,0,-1,2021,57.0,2,1,0,2,1,1,1,,3,51,0,D,2,2,0,1,42,200,1,,4,1,0,1,80,29,9,2021,12:55,1,38,38307,1,2,0,3,route dÃ©partementale 51,45.400771,5.068356,12,5,2
202100053169,106Â 695,A01,1,1,2,5,2,0,-1,-1, -1,-1,2021,19.0,1,1,0,0,7,9,1,,4,VALOINE (ROND-POINT DE LA),0,,1,2,0,2,0,0,3,, -1,2,5,1,50,27,1,2021,15:38,1,87,87085,2,2,1,7,VALOINE (ROND-POINT DE LA),45.80372,1.27779,15,2,1
202100012566,179Â 253,A01,1,1,2,9,1,-1,-1,0,0,-1,2021,21.0,2,2,0,2,3,1,0,,7,610,-1,D,1,2,0,1,0,619,2,, -1,1,0,1,50,18,10,2021,19:45,3,34,34327,1,9,0,3,Route DÃ©partementale 610,43.658162,3.96306,19,2,2
202100033222,142Â 380,A01,2,2,1,5,1,0,-1,-1, -1,-1,2021,33.0,1,2,1,2,8,13,1,,4,HALAGE (QU DE),0,,1,1,0,1,1,0,1,, -1,1,0,4,30,20,6,2021,15:30,1,94,94077,2,1,0,6,Quai du Halage,48.72508,2.435248,15,2,1
202100021075,163Â 986,A01,2,2,1,5,1,0,-1,-1, -1,-1,2021,19.0,3,2,8,0,1,1,1,,7,D.51,0,,2,1,0,2,0,0,2,, -1,2,0,3,80,3,9,2021,20:00,2,13,13047,1,1,0,1,D.51,43.48394,4.96601,20,2,1
202100000365,201Â 055,B01,1,1,1,5,2,4,-1,-1, -1,-1,2021,35.0,3,1,0,2,1,2,5,,7,JEAN MONNET (RUE ),0,,2,2,0,1,1,233,1,, -1,1,8,1,50,25,1,2021,10:10,1,13,13054,2,2,0,3,JEAN MONNET (RUE ),43.4029,5.21648,10,2,2
202100016446,172Â 233,B01,2,2,2,4,1,0,-1,-1, -1,-1,2021,29.0,1,2,0,0,4,1,1,,4,AV CHARLES DE GAULLE,0,,2,2,0,2,0,0,1,, -1,1,0,1,50,27,9,2021,15:30,1,91,91589,2,1,0,2,AV CHARLES DE GAULLE,48.678582,2.346676,15,3,2
202100049224,113Â 767,A01,1,1,1,4,2,6,-1,-1,0,-1,2021,51.0,1,1,0,2,1,19,1,,3,SOUVENIR FRANCAIS (PLACE DU),0,,1,2,3,1,1,700,1,, -1,1,5,1,50,4,3,2021,16:50,1,95,95277,2,6,0,3,SOUVENIR FRANCAIS (PLACE DU),48.993096963,2.4545659514,16,2,2
202100021858,162Â 563,B01,1,1,1,5,2,6,-1,0,0,-1,2021,38.0,1,1,0,0,1,2,1,,3,119,0,D,3,2,0,1,13,750,1,, -1,1,0,1,110,31,8,2021,07:30,1,38,38180,1,1,0,2,D119,45.360649,5.306654,7,3,2
202100054542,104Â 281,A01,1,1,1,0,2,6,-1,-1, -1,-1,2021,30.0,2,1,0,2,2,2,1,,1,AUTOROUTE A6A,0,,3,6,0,1,3,250,1,, -1,2,0,1,90,18,1,2021,12:21,1,94,94038,2,1,0,2,AUTOROUTE A6A,48.77738,2.3461,12,2,2
202100035196,138Â 788,A01,1,1,1,0,2,0,-1,-1, -1,-1,2021,21.0,2,1,0,2,1,2,1,,1,AUTOROUTE A1,0,,3,8,0,1,9,100,1,, -1,1,0,1,90,11,6,2021,06:40,1,93,93007,1,1,0,2,AUTOROUTE A1,48.94429,2.43717,6,2,2
202100016435,172Â 256,A01,1,1,2,4,1,0,-1,-1, -1,-1,2021,29.0,2,2,0,2,6,2,1,,1,A4,0,,1,4,0,1,6,599,1,, -1,1,0,1,110,28,9,2021,11:45,1,94,94042,1,1,0,3,A4,48.8273,2.4691,11,2,2
202100055575,102Â 516,A01,1,1,2,1,1,-1,-1,0,0,-1,2021,35.0,2,2,13,0,2,1,1,,4,,-1,,2,2,0,1,(1),(1),1,, -1,7,0,1,70,2,1,2021,09:35,1,51,51019,1,1,0,7,Rue de la Charme,49.208065,4.424433,9,1,1
202100030482,147Â 286,A01,1,1,2,5,1,-1,-1,0,0,-1,2021,25.0,1,5,7,0,2,14,1,,3,44,-1,,-1,2,0,2,8,750,1,, -1,1,0,1,70,6,7,2021,21:00,2,95,95151,1,1,0,6,D44,49.057853,2.269578,21,1,1
202100005609,191Â 779,B01,1,1,1,9,8,-1,-1,0,0,-1,2021,62.0,1,2,0,0,4,1,1,,2,249,0,N,3,4,0,2,21,380,3,, -1,1,0,1,110,30,11,2021,22:30,3,49,49332,1,1,0,2,N 249 pk 21+400,47.07455,-0.943923,22,2,2
202100001248,199Â 529,B01,1,1,1,3,1,-1,-1,-1, -1,-1,2021,65.0,1,2,0,2,4,1,1,,2,RN98,0,,3,4,0,1,10,699,1,, -1,1,0,1,50,23,12,2021,19:05,5,83,83069,1,1,0,2,RN98,43.113342,6.12497,19,2,2
202100030204,147Â 779,B01,1,1,1,0,2,0,-1,-1, -1,-1,2021,23.0,2,1,0,2,1,5,3,,4,SAINTE (RUE),0,,1,1,0,1,0,0,1,, -1,1,0,1,50,7,7,2021,13:15,1,13,13207,2,2,0,3,SAINTE (RUE),43.2917076023,5.371789952,13,2,2
202100021131,163Â 886,A01,2,2,1,0,0,-1,-1,0,0,-1,2021,16.0,2,2,0,0,2,1,1,,3,4,0,D,-1,2,0,1,(1),(1),2,, -1,1,0,3,50,2,9,2021,22:15,3,41,41007,2,1,0,6,12 Rue de GÃ¢tine,47.642364,0.892347,22,2,1
202100021375,163Â 440,A01,1,1,1,1,2,6,-1,0,0,-1,2021,38.0,0,1,0,2,1,2,1,,7,96,-1,,2,2,0,1,(1),(1),2,, -1,1,0,1,80,3,9,2021,11:00,1,13,13040,2,1,0,2,D96,43.471219,5.544941,11,2,2
202100037926,133Â 875,A01,1,1,1,5,2,-1,-1,0,0,-1,2021,51.0,2,1,13,0,1,1,1,,3,54,0,,2,2,0,2,7,900,3,, -1,1,0,1,50,28,5,2021,18:02,1,71,71526,2,1,0,7,D54,46.296551,4.713306,18,1,1
202100015684,173Â 637,A01,1,1,1,5,2,6,-1,0,0,-1,2021,51.0,1,1,0,2,1,17,1,,3,942,0,D,2,2,0,1,39,300,1,, -1,1,0,1,90,3,10,2021,15:50,1,5,5074,1,1,0,3,D942,44.473188,6.075383,15,2,2
202100032161,144Â 266,A01,1,1,1,5,2,6,-1,0,0,-1,2021,15.0,3,1,0,0,7,26,1,,9,,-1,,-1,1,3,1,(1),(1),1,, -1,6,0,6,-1,26,6,2021,15:30,1,28,28337,2,1,0,7,Rue Jean Moulin,48.415655,1.359794,15,1,1
202100012005,180Â 254,B01,1,1,1,1,2,6,-1,-1, -1,-1,2021,17.0,2,1,0,2,1,1,1,,4,DIDIER DAURAT,0,,2,3,1,1,0,0,1,, -1,1,0,1,50,20,10,2021,08:55,1,64,64445,1,3,0,3,DIDIER DAURAT,43.32584,-0.37959,8,2,2
202100025922,155Â 350,B01,1,1,1,1,2,6,-1,0,0,-1,2021,23.0,1,1,1,0,1,12,1,,3,820,0,,3,4,0,1,41,49,1,, -1,1,0,1,70,3,8,2021,13:50,1,31,31421,1,1,0,2,route departementale 820,43.484174,1.400692,13,2,2
202100045148,121Â 032,A01,1,1,1,9,2,6,-1,-1, -1,-1,2021,32.0,2,1,0,2,2,1,1,,3,AV DE STALINGRAD,0,,1,3,2,1,(1),(1),1,, -1,1,0,5,50,4,4,2021,21:30,5,94,94076,2,1,0,3,STALINGRAD (AV DE),48.78405,2.36724,21,2,2
202100042340,125Â 940,A01,2,2,2,9,1,0,-1,0,0,-1,2021,19.0,2,2,4,0,1,1,1,,3,VEYNES ( ROUTE DE ),0,,2,2,0,2,65,580,2,, -1,2,0,1,50,26,4,2021,11:14,1,5,5061,1,1,0,6,VEYNES ( ROUTE DE ),44.54892,6.03803,11,2,1
202100000643,200Â 559,A01,3,2,1,5,1,-1,-1,0,0,-1,2021,8.0,0,2,2,0,1,13,1,,3,533,0,,2,2,0,2,34,550,2,, -1,2,0,3,80,31,12,2021,16:15,2,7,7216,1,1,0,6,Col des Fans,44.9555107,4.6842527,16,3,1
202100000894,200Â 148,B01,1,1,1,9,2,0,-1,-1, -1,-1,2021,16.0,2,1,0,2,1,1,1,,4,HENRI BARBUSSE (AVE) NÂ°2-124,0,,2,4,0,1,0,0,1,, -1,1,0,1,50,29,12,2021,22:30,5,93,93029,2,2,0,3,HENRI BARBUSSE (AVE) NÂ°2-124,48.92189,2.44467,22,2,2
202100017265,170Â 791,A01,2,2,1,5,1,-1,-1,0,0,-1,2021,18.0,2,2,2,0,1,1,1,,3,137,-1,,2,2,0,1,19,0,1,, -1,2,0,3,90,26,9,2021,07:10,2,17,17250,1,1,0,6,Lieu Dit Combe des Treuils,45.499745,-0.564959,7,2,1
202100028593,150Â 609,B01,1,1,1,1,1,-1,-1,-1,0,-1,2021,28.0,2,2,0,2,7,1,1,,1,AUTOROUTE A15,0,,3,6,0,1,18,200,1,, -1,1,0,1,110,16,7,2021,18:30,1,95,95488,1,1,0,3,A15,49.01343,2.14822,18,2,2