Num_Acc,id_vehicule,num_veh,place,catu,sexe,trajet,secu1,secu2,secu3,locp,actp,etatp,year_acc,victim_age,senc,catv,obs,obsm,choc,manv,motor,occutc,catr,voie,v1,v2,circ,nbv,vosp,prof,pr,pr1,plan,lartpc,larrout,surf,infra,situ,vma,jour,mois,an,hrmn,lum,dep,com,agg_,int,atm,col,adr,lat,long,hour,nb_victim,nb_vehicules
202100006525,190Â 140,B01,1,1,1,5,0,-1,-1,0,0,-1,2021,55.0,1,1,0,0,8,15,5,,3,408,-1,,2,2,0,1,11,174,1,, -1,1,2,1,90,24,11,2021,17:15,2,77,77453,1,3,0,3,D408,48.5463949976,2.7833057843,17,2,2
202100007848,187Â 709,A01,1,1,1,1,2,0,-1,0,0,-1,2021,31.0,1,1,0,2,3,1,3,,4,AVENUE JEAN JAURES,0,,2,4,0,1,(1),(1),1,, -1,1,0,1,30,16,11,2021,05:30,5,75,75119,2,4,0,3,AVENUE JEAN JAURES,48.888783,2.393064,5,2,2
202100000751,200Â 371,A01,10,3,2,5,0,-1,-1,3,3,1,2021,68.0,0,0,0,1,0,0,0,,4,SEGHERS (rue Pierre),0,,-1,2,0,1,0,100,1,, -1,1,0,1,50,29,12,2021,17:32,1,84,84007,2,1,0,6,SEGHERS (rue Pierre),43.927331,4.838182,17,2,1
202100022225,161Â 917,B01,1,1,1,1,1,0,-1,-1, -1,-1,2021,25.0,2,2,0,2,4,2,1,,3,Route de Parthenay,0,,2,2,0,1,33,335,1,, -1,1,0,1,50,26,8,2021,18:10,1,86,86194,2,1,0,2,Route de Parthenay,46.601179,0.317349,18,2,2
202100018861,167Â 935,A01,1,1,1,4,1,-1,-1,0,0,-1,2021,53.0,2,4,0,0,8,1,1,,1,A28,-1,,3,4,0,3,78,0,2,, -1,1,0,3,130,16,9,2021,01:00,3,72,72124,1,1,0,7,A28 - PK 78,47.8284819983,0.3064477444,1,1,1
202100012099,180Â 090,A01,1,1,1,0,1,-1,-1,0,0,-1,2021,70.0,2,2,0,0,9,14,1,,3,8,0,F,2,2,0,4,10,1,1,, -1,1,0,3,-1,20,10,2021,14:30,1,9,9029,1,1,0,7,D8f,42.777614,1.377926,14,1,1
202100049287,113Â 661,A01,1,1,1,9,8,0,-1,0,0,-1,2021,31.0,1,1,0,2,1,5,5,,4,PLACE SAINT GERVAIS,0,,1,1,0,1,(1),(1),2,, -1,1,0,1,50,3,3,2021,19:30,5,75,75104,2,7,0,1,PLACE SAINT GERVAIS,48.855828,2.354146,19,2,2
202100050159,112Â 063,A01,1,1,2,2,1,-1,-1,-1, -1,-1,2021,40.0,1,2,0,2,3,13,1,,4,COTEAUX (RUE DES HAUTS) POMPOIS,0,,2,2,0,1,(1),(1),2,, -1,1,0,1,50,25,2,2021,07:55,2,79,79300,2,4,0,1,Rue des Hauts Coteaux,47.00975,-0.24873,7,3,2
202100039794,130Â 452,B01,1,1,1,5,1,0,-1,-1, -1,-1,2021,34.0,2,2,0,2,9,2,2,,2,RN104,0,,3,4,0,1,13,699,1,, -1,1,0,2,90,16,5,2021,16:15,1,77,77450,1,1,0,6,RN104,48.7193293662,2.5987937246,16,3,3
202100019091,167Â 518,B01,1,1,1,5,2,-1,-1,0,0,-1,2021,16.0,1,1,0,2,1,1,1,,3,93,-1,,2,2,0,1,18,720,1,, -1,1,0,1,50,11,6,2021,13:50,1,65,65072,2,2,0,3,Rue du 11 Novembre,43.29083,0.072972,13,2,2
202100015073,174Â 763,B01,1,1,2,1,8,0,-1,-1, -1,-1,2021,21.0,3,1,0,2,7,0,3,,4,RUE PAULE RAYMONDIS,0,,2,2,0,1,(1),(1),3,, -1,2,0,1,50,5,10,2021,11:45,1,31,31555,2,6,1,3,RUE PAULE RAYMONDIS,43.638435,1.482087,11,2,2
202100002872,196Â 641,A01,1,1,1,0,8,0,-1,-1, -1,-1,2021,26.0,2,2,0,2,1,3,1,,1,86,0,,-1,3,0,1,2,150,1,, -1,1,0,1,90,15,12,2021,18:00,2,92,92050,1,1,0,3,A86,48.915885359,2.2206609497,18,2,2
202100001792,198Â 592,A01,10,3,1,5,0,-1,-1,1,1,1,2021,74.0,2,4,0,1,2,1,1,,3,619,-1,,2,2,0,2,111,890,1,, -1,1,9,8,90,20,12,2021,07:20,2,10,10250,1,1,0,6,"Pr 112, RD 619",48.258527,4.674597,7,2,1
202100055427,102Â 774,A01,1,1,1,1,2,6,-1,-1,0,-1,2021,25.0,2,1,0,2,8,3,1,,1,15,0,,3,8,0,1,12,300,1,, -1,2,0,1,110,12,1,2021,08:50,2,95,95252,1,1,1,5,A15,48.9852350074,2.2141367197,8,4,4
202100039140,131Â 663,A01,1,1,2,9,8,0,-1,0,0,-1,2021,43.0,1,1,0,2,6,15,5,,4,RUE D AVRON,0,,2,2,0,1,(1),(1),1,, -1,1,0,1,50,20,5,2021,21:15,2,75,75120,2,2,0,2,RUE D AVRON,48.852703,2.406109,21,2,2
202100033316,142Â 218,A01,2,2,2,5,1,0,-1,-1, -1,-1,2021,55.0,1,2,11,0,1,1,1,,4,ANDRE MALRAUX (VOIE),0,,3,4,2,3,(1),(1),2,, -1,1,0,1,50,12,6,2021,01:45,4,86,86194,2,1,0,6,Voie AndrÃ© Malraux,46.584538,0.354116,1,2,1
202100051970,108Â 813,A01,1,1,2,1,1,-1,-1,0,0,-1,2021,23.0,2,2,13,0,9,2,1,,3,D2371,-1,,2,3,0,2,21,4243,2,, -1,7,0,3,80,11,2,2021,08:25,1,3,3219,1,1,0,6,D2371,46.327001585,2.9030881657,8,1,1
202100055975,101Â 837,B01,1,1,1,1,2,6,-1,0,0,-1,2021,17.0,1,1,0,2,7,15,1,,3,79,0,,2,3,0,1,56,558,1,, -1,7,5,1,50,8,1,2021,07:25,4,76,76493,2,3,0,1,Route de Saint Valery,49.850707,0.630406,7,2,2
202100043361,124Â 160,A01,1,1,1,1,1,0,-1,-1, -1,-1,2021,32.0,2,2,0,2,5,1,1,,4,VALMY (RUE DE),0,,2,2,0,1,1,0,1,, -1,1,0,1,50,20,4,2021,18:10,1,93,93048,2,2,0,3,VALMY (RUE DE),48.85076,2.41827,18,2,2
202100001900,198Â 400,A01,1,1,2,3,1,0,-1,0,0,-1,2021,36.0,1,2,2,0,2,21,1,,3,SEMARD (AVENUE PIERRE),0,,2,2,0,2,22,532,1,, -1,1,0,1,50,21,12,2021,15:00,1,6,6069,2,1,0,6,SEMARD (AVENUE PIERRE),43.656367,6.927351,15,1,1
202100001334,199Â 374,A01,9,2,1,0,1,-1,-1,0,0,-1,2021,21.0,2,2,5,0,1,1,1,,3,23,0,,2,2,0,1,6,300,2,, -1,1,0,3,80,28,12,2021,11:15,1,66,66145,1,1,0,6,D23,42.634081,2.818047,11,3,1
202100043459,123Â 978,B01,1,1,2,9,1,0,-1,-1, -1,-1,2021,54.0,2,2,0,2,4,2,1,,3,LIBERATION (AVENUE DE LA),0,,2,2,0,1,10,705,1,, -1,1,0,1,50,19,4,2021,09:00,1,6,6069,2,1,0,2,LIBERATION (AVENUE DE LA),43.647663,6.916041,9,2,2
202100007930,187Â 566,A01,1,1,1,4,1,8,-1,-1, -1,-1,2021,45.0,2,2,6,2,4,1,1,,1,A7-Sens Marseille vers Lyon,0,,1,3,0,1,277,0,1,, -1,1,0,1,90,16,11,2021,19:45,3,13,13215,1,1,0,2,A7-Sens Marseille vers Lyon,43.34782,5.37119,19,2,2
202100023041,160Â 436,A01,10,3,1,9,0,-1,-1,1,3,1,2021,35.0,2,2,0,1,3,1,1,,3,RD 6382,0,,3,4,0,1,4,800,1,, -1,2,0,1,70,23,7,2021,22:30,3,76,76351,1,1,1,6,RD 6382G,49.52453,0.17891,22,2,1
202100042884,125Â 010,A01,1,1,2,4,1,0,-1,0,0,-1,2021,32.0,1,2,0,2,2,1,1,,4,MENDES FRANCE (AVENUE PIERRE),0,,2,3,1,2,(1),(1),1,, -1,1,0,1,50,20,4,2021,10:55,1,27,27681,2,3,0,3,MENDES FRANCE (AVENUE PIERRE),49.08996,1.4834,10,2,2
202100049704,112Â 896,A01,1,1,1,4,1,-1,-1,0,0,-1,2021,52.0,1,4,8,0,1,1,1,,3,124,-1,,2,2,0,2,53,700,2,, -1,1,0,3,80,1,3,2021,14:05,1,47,47216,1,1,0,6,lieudit le Colombier,44.517531,0.33946,14,1,1
202100001659,198Â 841,A01,1,1,2,5,1,-1,-1,0,0,-1,2021,21.0,2,2,3,0,1,1,1,,1,A64,-1,A,3,4,0,1,113,600,1,, -1,1,0,2,130,25,12,2021,11:05,1,64,64021,1,1,0,6,A64 PK 113.600,43.304101,-0.23876,11,3,1
202100023237,160Â 081,A01,1,1,1,1,1,0,-1,-1, -1,-1,2021,21.0,2,2,0,5,1,1,1,,2,RN 104,0,,3,3,0,1,41,830,1,, -1,1,0,2,110,21,8,2021,04:50,3,91,91086,1,1,0,6,RN 104,48.624068,2.378904,4,1,1
202100007538,188Â 273,B01,1,1,1,1,2,0,-1,-1, -1,-1,2021,28.0,1,1,0,2,1,1,1,,1,A507 sens Marseille - Aubagne,0,,1,3,0,1,6,500,1,, -1,1,1,1,70,17,11,2021,08:00,1,13,13055,1,1,0,2,A507 sens Marseille - Aubagne,43.3095335648,5.4248671532,8,2,2
202100032408,143Â 845,B01,1,1,2,0,1,-1,-1,0,0,-1,2021,62.0,3,2,0,2,1,5,1,,3,13,-1,,2,2,0,2,(1),(1),1,, -1,1,0,1,80,25,6,2021,15:20,1,202,202173,1,1,0,1,Route de Muro,42.55242,8.927373,15,2,2
202100012321,179Â 711,B01,1,1,2,9,1,-1,-1,0,0,-1,2021,71.0,1,2,4,0,9,1,1,,1,49,-1,,3,4,0,1,13,500,3,, -1,1,0,1,130,19,10,2021,18:33,2,38,38310,1,1,0,3,autoroute A 49 - PK 013.500,45.250903,5.504494,18,5,2
202100022521,161Â 374,A01,1,1,1,5,1,-1,-1,0,0,-1,2021,27.0,3,2,6,0,1,0,1,,4,,-1,,2,2,0,1,(1),(1),3,,4,1,0,3,80,26,8,2021,22:30,3,44,44006,1,1,0,6,Route de la Cle des Champs,47.438422,-2.377456,22,1,1
202100028965,149Â 952,A01,2,2,1,0,1,0,-1,-1, -1,-1,2021,30.0,0,2,2,0,7,1,1,,4,GARSTEDT. RUE DE,0,,-1,2,0,2,(1),(1),3,, -1,1,0,4,50,14,7,2021,06:00,1,76,76410,2,1,0,6,GARSTEDT. RUE DE,49.481518,1.033961,6,2,1
202100054331,104Â 646,A01,10,3,2,1,8,8,-1,2,3,1,2021,23.0,1,2,0,1,3,1,1,,4,SEGUIN MARC RUE,0,,1,2,0,1,(1),(1),2,, -1,2,0,1,50,7,1,2021,19:10,5,42,42207,2,1,0,6,Rue Marc Seguin,45.47313,4.51718,19,2,1
202100017945,169Â 550,A01,1,1,1,5,1,-1,-1,0,0,-1,2021,33.0,1,2,2,0,1,1,1,,3,80,-1,,2,2,0,1,13,600,1,, -1,2,0,1,80,18,9,2021,18:15,1,37,37110,1,1,1,6,D80,47.324981,1.083881,18,1,1
202100036401,136Â 636,A01,1,1,1,1,2,6,-1,-1, -1,-1,2021,38.0,1,1,0,0,0,1,3,,3,BIARRITZ (AVENUE DE),0,,2,2,0,2,3,620,1,, -1,2,0,1,50,4,6,2021,17:50,1,64,64125,2,1,1,7,BIARRITZ (AVENUE DE),43.4462392467,-1.5825502574,17,1,1
202100030123,147Â 934,B01,1,1,1,5,1,-1,-1,-1, -1,-1,2021,68.0,1,2,4,2,6,2,1,,2,RN346   29.300 A 34.350,0,,3,4,0,2,32,950,1,, -1,1,0,1,90,8,7,2021,14:00,1,69,69275,1,1,0,3,EST (ROC),45.77154,4.98483,14,2,2
202100008660,186Â 264,A01,1,1,1,1,1,-1,-1,0,0,-1,2021,44.0,2,2,0,0,1,1,1,,3,110,0,,2,2,0,1,26,800,1,,4,7,0,3,80,11,11,2021,05:06,3,55,55552,1,1,0,7,D110,49.509047,5.335429,5,1,1
202100020330,165Â 296,A01,10,3,2,9,0,-1,-1,5,2,1,2021,49.0,2,1,0,1,1,25,5,,4,BOULEVARD PONIATOWSKI,0,,2,4,0,1,(1),(1),1,, -1,1,0,4,50,7,9,2021,15:00,1,75,75112,2,1,0,6,BOULEVARD PONIATOWSKI,48.830075,2.392533,15,2,1
202100045051,121Â 202,B01,2,2,2,5,2,-1,-1,0,0,-1,2021,29.0,1,1,0,2,1,2,1,,3,,0,,2,2,0,1,(1),(1),1,, -1,1,0,1,50,3,4,2021,14:45,1,11,11203,2,3,0,2,avenue de l'Ã©galitÃ©,43.207651,2.760513,14,7,2
202100038186,133Â 389,B01,1,1,1,4,1,-1,-1,-1, -1,-1,2021,41.0,2,2,0,2,6,2,1,,2,RN136,0,,3,4,0,1,10,280,3,, -1,2,0,1,90,26,5,2021,07:05,2,35,35206,1,1,1,2,RN136,48.07917,-1.69091,7,2,2
202100001029,199Â 926,B01,1,1,1,0,1,-1,-1,-1, -1,-1,2021,51.0,2,2,0,2,1,1,1,,4,TOUR D'AUVERGNE RUE DE LA,0,,2,2,0,2,(1),(1),3,, -1,2,0,1,50,28,12,2021,20:05,3,29,29232,2,1,1,1,Rue de la Tour dâAuvergne,47.98812,-4.07624,20,2,2
202100020060,165Â 767,A01,1,1,1,0,2,6,-1,-1, -1,-1,2021,69.0,2,1,0,2,1,16,1,,7,SEYNE (ROUTE DE LA),0,,2,2,1,1,1,880,1,, -1,1,0,1,50,8,9,2021,10:30,1,83,83126,1,1,0,3,SEYNE (ROUTE DE LA),43.12052,5.85261,10,3,2
202100056110,101Â 584,A01,1,1,2,0,1,-1,-1,0,0,-1,2021,42.0,2,2,0,0,3,5,1,,3,976,0,D,2,2,0,1,(1),(1),1,, -1,1,0,1,80,7,1,2021,16:30,1,84,84138,1,1,0,1,D976,44.3558715516,4.9671098265,16,3,2
202100020732,164Â 570,A01,2,2,1,5,0,-1,-1,0,0,-1,2021,16.0,3,1,1,0,1,1,1,,4,,-1,,2,2,0,2,(1),(1),2,,5,1,0,3,50,6,9,2021,15:40,1,974,97415,2,1,0,2,49 Rue Auguste Vinson,-21.027619,55.267882,15,2,1
202100026063,155Â 099,A01,1,1,1,5,1,-1,-1,0,0,-1,2021,85.0,2,2,2,0,1,15,1,,4,00,0,C,2,2,0,1,0,0,1,0,"4,3",2,0,3,50,1,8,2021,13:35,1,16,16236,2,3,1,6,Chemin de la Croix Ronde,45.566181,0.122263,13,1,1
202100013455,177Â 689,A01,1,1,2,0,1,-1,-1,0,0,-1,2021,65.0,3,2,6,0,1,1,1,,3,295,-1,D,2,2,0,2,0,470,3,, -1,9,0,1,-1,14,10,2021,14:50,1,7,7334,1,1,0,7,D 295,44.413348,4.157279,14,1,1
202100042490,125Â 670,A01,1,1,2,3,1,0,-1,-1, -1,-1,2021,24.0,1,2,0,2,1,15,1,,4,COMMANDANT COUSTEAU (RUE DU),0,,2,2,0,1,(1),(1),1,, -1,1,0,1,50,25,4,2021,11:06,1,10,10333,2,3,0,3,COMMANDANT COUSTEAU (RUE DU),48.273972,4.055201,11,3,2
202100041406,127Â 590,B01,1,1,1,4,2,6,-1,0,0,-1,2021,22.0,2,1,0,2,1,1,1,,4,BOULEVARD BARBES,0,,2,2,0,2,(1),(1),1,, -1,1,0,1,50,4,5,2021,11:30,1,75,75118,2,2,0,3,BOULEVARD BARBES,48.888354,2.34957,11,2,2
202100027942,151Â 759,B01,1,1,1,0,2,0,-1,-1, -1,-1,2021,35.0,2,1,0,2,8,0,1,,4,SAINT JUST (AVENUE DE),0,,2,2,0,1,0,0,1,, -1,1,0,1,50,20,7,2021,08:20,1,13,13204,2,2,0,3,SAINT JUST (AVENUE DE),43.31395,5.40264,8,2,2
202100004691,193Â 390,A01,10,3,1,5,0,-1,-1,5,9,2,2021,16.0,3,2,0,1,7,1,1,,9,CENTRE HOSPITALIER,0,,3,2,0,1,(1),(1),1,, -1,2,9,8,30,4,12,2021,10:10,1,971,97101,1,9,1,6,CENTRE HOSPITALIER,16.2386348788,-61.5264429152,10,2,1
202100024899,157Â 152,A01,1,1,2,1,8,0,-1,0,0,-1,2021,34.0,1,1,0,0,0,1,5,,4,BOULEVARD DE LA VILLETTE,0,,-1,1,1,1,(1),(1),1,, -1,2,0,5,50,9,8,2021,12:50,1,75,75110,2,1,0,7,BOULEVARD DE LA VILLETTE,48.881074,2.370093,12,1,1
202100048943,114Â 265,A01,1,1,2,0,1,-1,-1,-1, -1,-1,2021,59.0,2,2,8,0,1,26,1,,4,AVE DE L'HIPPODROME,0,,2,3,3,1,(1),(1),1,, -1,1,9,6,50,6,3,2021,21:33,5,33,33069,2,9,0,6,Avenue de lâHippodrome,44.87588,-0.62386,21,1,1
202100051587,109Â 484,B01,1,1,1,5,2,6,-1,0, -1,-1,2021,28.0,1,1,0,2,1,3,1,,4,GOUESNOU (DE 43 A 219 ET 38 A 212),0,,2,2,0,1,(1),(1),1,, -1,1,0,1,50,13,2,2021,17:15,1,29,29019,2,1,0,3,Rue de Gouesnou,48.4118096764,-4.468515457,17,2,2
202100001775,198Â 621,A01,1,1,2,5,1,-1,-1,0,0,-1,2021,21.0,1,2,0,2,1,1,1,,2,20,0,,2,2,0,2,76,400,1,, -1,1,0,1,80,23,12,2021,17:34,2,202,202074,1,1,0,1,RT 20 PK 076.400,42.2635264803,9.1692066185,17,3,2
202100024840,157Â 255,A01,1,1,1,0,1,0,-1,-1, -1,-1,2021,71.0,2,1,3,0,1,2,1,,1,AUTOROUTE A3,0,,3,6,0,1,12,300,1,, -1,2,0,1,110,10,8,2021,07:20,1,93,93005,1,1,1,6,AUTOROUTE A3,48.94472,2.47699,7,1,1
202100017083,171Â 095,A01,1,1,1,1,1,0,-1,-1, -1,-1,2021,35.0,1,2,0,9,4,23,1,,2,PARIS (R DE),0,,3,2,0,1,0,0,1,, -1,1,0,1,50,25,9,2021,14:30,1,94,94078,2,7,0,2,PARIS (R DE),48.74578,2.44664,14,2,2
202100015204,174Â 527,A01,1,1,1,4,1,0,-1,-1, -1,-1,2021,19.0,2,4,0,2,1,2,1,,1,A86 INT,0,,1,3,0,1,59,360,1,, -1,2,0,1,90,5,10,2021,09:50,1,78,78640,1,1,1,4,A86 INT,48.7775,2.22023,9,3,3
202100016254,172Â 577,B01,1,1,1,0,0,0,-1,-1, -1,-1,2021,24.0,1,1,0,2,1,1,5,,3,STALINGRAD (BD DE),0,,3,4,0,1,1,0,1,, -1,1,0,5,50,27,9,2021,18:35,2,94,94041,2,1,0,3,Boulevard de Stalingrad,48.80541,2.3764,18,2,2
202100015933,173Â 184,B01,2,2,1,5,2,0,-1,-1, -1,-1,2021,17.0,1,1,0,2,7,17,1,,3,PLAN (ROUTE DU) -D304-,0,,2,2,0,1,0,298,1,, -1,1,0,1,50,30,9,2021,16:35,1,6,6069,1,1,0,3,PLAN (ROUTE DU) -D304-,43.652132,6.947605,16,3,2
202100034129,140Â 760,A01,1,1,1,5,2,6,-1,-1, -1,-1,2021,25.0,1,1,0,2,7,17,1,,3,50,0,,2,2,0,1,0,0,1,, -1,1,0,1,30,16,6,2021,17:15,1,92,92040,2,3,0,3,GAMBETTA (BOULEVARD),48.82754,2.27622,17,2,2
202100023192,160Â 162,A01,2,2,2,5,1,-1,-1,0,0,-1,2021,21.0,2,2,2,0,0,0,1,,1,A64,-1,,3,4,0,1,99,300,1,, -1,1,0,3,130,22,8,2021,07:00,2,64,64335,1,1,0,6,A64 PK 99.300,43.344063,-0.39701,7,2,1
202100011219,181Â 678,A01,2,2,1,5,1,0,-1,-1, -1,-1,2021,38.0,1,2,8,0,0,0,1,,7,,0,,2,2,0,1,5,800,2,, -1,1,0,3,50,24,10,2021,02:15,5,35,35051,2,1,0,6,MORAND (ROUTE DU CHENE),48.099554,-1.608151,2,2,1
202100016373,172Â 367,B01,2,2,1,5,8,8,-1,-1, -1,-1,2021,26.0,1,1,0,2,1,1,1,,3,LIBERATION PLACE DE LA,0,,2,2,0,1,1,0,1,, -1,1,0,1,50,27,9,2021,21:50,5,93,93046,2,9,0,3,LIBERATION PLACE DE LA,48.9227,2.5443,21,4,2
202100055733,102Â 244,A01,1,1,2,0,1,0,-1,-1, -1,-1,2021,28.0,2,2,0,2,3,26,1,,1,A55-Sens Marseille vers Martigues,0,,1,2,0,1,30,400,1,, -1,1,0,1,90,9,1,2021,20:15,2,13,13026,1,1,0,3,A55-Sens Marseille vers Martigues,43.4018107796,5.1164617398,20,2,2
202100047679,116Â 529,A01,1,1,1,5,1,-1,-1,0,0,-1,2021,76.0,2,5,13,0,2,1,1,,3,13,0,,2,2,0,1,42,377,1,, -1,1,0,1,80,13,3,2021,09:50,1,72,72248,1,1,0,7,D13,47.81984,0.422856,9,1,1
202100023284,159Â 998,A01,1,1,1,5,8,0,-1,0,0,-1,2021,39.0,1,1,0,0,1,1,3,,4,FLAHAULT (AVENUE CHARLES,0,,2,4,1,1,(1),(1),1,, -1,1,0,1,50,20,8,2021,02:00,5,34,34172,2,1,0,7,FLAHAULT (AVENUE CHARLES,43.62613,3.86022,2,1,1
202100056004,101Â 778,A01,1,1,1,3,2,6,9,0,0,-1,2021,60.0,1,1,0,2,1,3,1,,3,263,0,D,2,2,0,1,19,300,1,, -1,1,0,1,70,8,1,2021,18:25,3,76,76099,1,1,0,1,Route de la Pierre,49.55683,0.85675,18,2,2
202100025029,156Â 914,A01,1,1,1,4,1,-1,-1,0,0,-1,2021,59.0,1,4,14,0,3,13,6,,3,43,0,,2,2,0,1,5,500,1,, -1,1,0,3,80,9,8,2021,10:43,1,57,57629,1,1,0,6,D43,48.779353,7.053129,10,1,1
202100045671,120Â 103,A01,1,1,1,5,2,-1,-1,0,0,-1,2021,53.0,1,1,0,0,0,13,5,,3,4,-1,,-1,1,0,1,54,80,1,, -1,1,0,6,-1,1,4,2021,16:00,1,34,34111,1,1,0,7,D4 PK54+80,43.961407,3.706083,16,1,1
202100015904,173Â 245,B01,1,1,2,1,1,0,-1,0,0,-1,2021,26.0,1,2,0,2,3,1,1,,7,FLEVILLE (ROUTE DE),0,,2,2,0,1,(1),(1),1,, -1,1,0,1,50,30,9,2021,13:55,1,54,54328,2,2,0,3,FLEVILLE (ROUTE DE),48.6220325691,6.1794655542,13,2,2
202100054134,104Â 984,A01,2,2,1,5,2,-1,-1,0,0,-1,2021,15.0,0,1,0,2,2,15,1,,3,25,-1,,2,2,0,1,22,80,1,, -1,1,5,1,80,23,1,2021,17:50,1,49,49192,1,2,0,3,Intersection RD25/ D65,47.015364,-0.744234,17,3,2
202100042352,125Â 919,A01,1,1,1,5,8,0,-1,0,0,-1,2021,38.0,2,1,0,2,7,1,5,,4,AVENUE EMILE ZOLA,0,,2,2,0,1,(1),(1),1,, -1,1,0,1,50,27,4,2021,17:15,1,75,75115,2,2,0,3,AVENUE EMILE ZOLA,48.846879,2.292414,17,2,2
202100033500,141Â 898,A01,1,1,1,9,1,-1,-1,0,0,-1,2021,91.0,1,2,2,0,1,0,1,,3,99,-1,,2,2,0,1,3,900,1,, -1,2,0,8,80,10,5,2021,17:50,1,67,67345,1,9,1,6,D99,48.796956,7.881188,17,1,1
202100008826,185Â 965,A01,1,1,2,0,1,0,-1,-1, -1,-1,2021,25.0,2,2,0,2,1,1,1,,1,10,0,,-1,3,0,1,5,0,1,, -1,1,0,1,90,9,11,2021,18:15,3,91,91136,1,1,0,2,AUTOROUTE A10,48.71348,2.27671,18,2,2
202100016647,171Â 875,A01,10,3,2,0,0,-1,-1,3,3,2,2021,55.0,0,2,0,1,2,1,1,,4,ROUTE DE PARIS,0,,2,4,3,1,(1),(1),1,, -1,1,0,1,50,26,9,2021,18:50,1,44,44109,2,1,0,6,ROUTE DE PARIS,47.25008,-1.51967,18,3,1
202100007388,188Â 552,C01,10,3,1,4,4,-1,-1,1,9,3,2021,58.0,2,2,14,1,1,1,1,,2,70,-1,,3,4,0,1,43,800,1,, -1,2,0,2,110,19,11,2021,22:35,3,71,71412,1,1,1,5,N70,46.725095,4.451265,22,8,3
202100008591,186Â 374,A01,1,1,2,1,2,6,-1,0,0,-1,2021,33.0,2,1,0,0,7,3,1,,4,PORTE DE PASSY,0,,1,3,0,1,13,800,3,, -1,1,0,1,50,9,11,2021,09:00,1,75,75116,2,1,0,7,PORTE DE PASSY,48.859496,2.262727,9,1,1
202100055967,101Â 848,B01,1,1,2,1,1,0,-1,-1, -1,-1,2021,45.0,1,2,0,2,3,1,1,,4,MARIUS AUFAN(RUE) 69+ ET 80+,0,,1,1,1,1,0,0,1,, -1,2,0,1,50,7,1,2021,07:10,5,92,92044,2,2,1,3,MARIUS AUFAN(RUE) 69+ ET 80+,48.89493,2.28093,7,2,2
202100005481,191Â 993,A01,10,3,1,5,0,-1,-1,5,1,2,2021,77.0,3,2,8,1,2,16,1,,4,COUSSAYE (RUE DE LA),0,,2,2,0,1,(1),(1),1,, -1,1,0,4,50,29,11,2021,10:30,1,95,95210,2,1,0,6,COUSSAYE (RUE DE LA),48.9645642617,2.3045467745,10,2,1
202100032835,143Â 084,A01,1,1,1,9,1,-1,-1,0,0,-1,2021,20.0,0,2,0,2,2,1,1,,4,SAINT ROCH (RUE),0,,2,3,0,1,(1),(1),1,, -1,1,0,1,50,17,6,2021,15:17,1,80,80021,2,2,0,3,SAINT ROCH (RUE),49.89609,2.28625,15,2,2
202100008052,187Â 339,Z01,10,3,1,4,8,8,-1,2,3,1,2021,57.0,1,1,0,1,1,5,5,,4,AVENUE DE LA REPUBLIQUE,0,,1,1,1,1,(1),(1),1,, -1,2,-1,5,30,15,11,2021,15:40,1,75,75111,2,3,1,6,AVENUE DE LA REPUBLIQUE,48.866641,2.367358,15,2,1
202100046868,118Â 001,A01,1,1,2,1,1,8,-1,-1, -1,-1,2021,21.0,2,2,1,0,1,1,1,,4,NELSON MANDELA (BOULEVARD),0,,2,2,0,1,(1),(1),1,, -1,1,0,1,30,23,3,2021,05:50,2,972,97209,2,1,0,6,NELSON MANDELA (BOULEVARD),14.6068,-61.05214,5,1,1
202100054552,104Â 262,A01,1,1,1,5,2,6,-1,-1, -1,-1,2021,29.0,1,1,0,2,1,1,1,,4,,0,,1,3,0,1,(1),(1),1,, -1,2,0,1,50,18,1,2021,14:13,1,69,69382,2,3,0,2,DOCTEUR GAILLETON (DU) (Q),45.7501986174,4.8315420956,14,2,2
202100007126,189Â 034,B01,1,1,1,0,8,8,-1,-1, -1,-1,2021,56.0,1,1,0,2,4,0,5,,3,LAGRANGE  AVENUE LEO,0,,3,2,1,1,11,1200,2,, -1,1,5,1,50,9,11,2021,08:30,1,25,25056,2,6,0,2,LAGRANGE  AVENUE LEO,47.24279,6.00763,8,2,2
202100045173,120Â 987,A01,1,1,1,5,2,6,9,0,0,-1,2021,15.0,1,1,0,2,3,13,1,,3,598,-1,,2,2,0,1,6,460,2,, -1,1,0,1,80,4,4,2021,17:00,1,12,12090,1,1,0,1,Lieu dit LA GARDE - RD598,44.392549,2.473319,17,4,2
202100001090,199Â 815,A01,1,1,1,5,2,0,-1,-1, -1,-1,2021,14.0,0,1,0,2,5,1,1,,3,50,0,,3,1,0,1,0,0,1,, -1,2,2,1,50,29,12,2021,17:40,5,92,92012,2,5,1,2,ISSY (PONT D'),48.8309312499,2.2581772506,17,2,2
202100053231,106Â 583,B01,1,1,1,0,8,0,-1,-1, -1,-1,2021,28.0,0,2,0,2,4,1,1,,4,CARNOT (AVENUE),0,,2,2,0,1,0,0,1,, -1,1,8,1,50,25,1,2021,09:25,1,11,11262,2,1,0,2,CARNOT (AVENUE),43.19453,3.01032,9,2,2