Num_Acc,id_vehicule,num_veh,place,catu,sexe,trajet,secu1,secu2,secu3,locp,actp,etatp,year_acc,victim_age,senc,catv,obs,obsm,choc,manv,motor,occutc,catr,voie,v1,v2,circ,nbv,vosp,prof,pr,pr1,plan,lartpc,larrout,surf,infra,situ,vma,jour,mois,an,hrmn,lum,dep,com,agg_,int,atm,col,adr,lat,long,hour,nb_victim,nb_vehicules
202100040520,129Â 177,A01,1,1,1,1,2,6,-1,0,0,-1,2021,28.0,2,1,0,2,3,3,1,,2,7,0,,-1,0,0,1,(1),(1),1,, -1,1,3,8,70,7,5,2021,18:45,1,91,91479,2,1,0,2,DE L'AEROPORT ( AVENUE),48.73415,2.365846,18,2,2
202100017621,170Â 123,A01,2,2,2,5,2,-1,-1,-1, -1,-1,2021,20.0,1,1,0,2,0,0,3,,3,LOUIS BLERIOT,0,,2,3,2,1,3,402,1,, -1,1,0,1,50,20,9,2021,21:40,3,76,76351,2,2,0,2,LOUIS BLERIOT,49.53048,0.09503,21,4,2
202100053495,106Â 095,A01,1,1,1,0,2,0,-1,-1, -1,-1,2021,24.0,1,1,0,2,0,17,1,,4,AV AUGUSTE RODIN,0,,2,2,0,1,1,0,1,, -1,1,0,1,50,26,1,2021,09:30,1,94,94079,2,1,0,3,AUGUSTE RODIN (AV),48.833,2.551,9,2,2
202100052007,108Â 748,B01,1,1,1,3,2,6,-1,-1, -1,-1,2021,69.0,1,1,0,2,4,23,1,,4,VERDUN(AVENUE DE),0,,2,2,0,2,(1),(1),2,, -1,1,0,1,50,8,2,2021,14:40,1,56,56260,2,1,0,2,VERDUN(AVENUE DE),47.66249,-2.73931,14,2,2
202100045974,119Â 575,A01,2,2,1,1,2,6,-1,0,0,-1,2021,58.0,1,1,0,2,6,18,1,,4,AVENUE DES TERNES,0,,2,6,0,1,(1),(1),1,, -1,1,0,1,50,30,3,2021,09:05,1,75,75117,2,3,0,3,AVENUE DES TERNES,48.880352,2.286801,9,3,2
202100021042,164Â 047,A01,10,3,1,5,0,-1,-1,1,5,1,2021,20.0,1,2,0,1,1,26,1,,4,BARRE CITE ET RUE,0,,2,2,0,1,1,0,1,, -1,1,0,1,50,3,9,2021,19:22,1,49,49007,2,1,0,6,BARRE CITE ET RUE,47.47208,-0.59019,19,2,1
202100003135,196Â 164,A01,10,3,2,5,0,-1,-1,3,3,1,2021,83.0,1,2,0,1,3,1,1,,4,MANOUVRIER (AVENUE),0,,2,2,0,2,0,0,1,, -1,1,0,1,50,13,12,2021,15:50,1,23,23096,2,1,0,6,MANOUVRIER (AVENUE),46.1694194549,1.875679493,15,2,1
202100013686,177Â 239,B01,1,1,1,9,8,0,-1,0,0,-1,2021,10.0,1,1,0,2,1,17,3,,4,RUE LEIBNIZ,0,,2,1,0,1,(1),(1),1,, -1,1,0,1,30,11,10,2021,08:30,1,75,75118,2,2,0,3,RUE LEIBNIZ,48.895976,2.330887,8,2,2
202100032488,143Â 699,B01,1,1,1,1,2,8,-1,-1, -1,-1,2021,58.0,1,1,0,2,1,1,1,,4,AVENUE DES EAUX BLANCHES,0,,2,2,0,1,(1),(1),1,, -1,1,0,1,30,23,6,2021,09:25,1,34,34301,1,1,0,3,AVENUE DES EAUX BLANCHES,43.41907,3.71068,9,2,2
202100054638,104Â 125,A01,1,1,1,1,1,-1,-1,0,0,-1,2021,23.0,1,2,0,2,1,1,1,,3,30,0,,2,2,0,2,2,855,1,0,"5,6",1,0,1,70,19,1,2021,12:45,1,16,16064,1,1,0,1,la BouliniÃ¨re,45.944406,0.866375,12,2,2
202100021561,163Â 098,B01,1,1,1,1,1,4,-1,-1, -1,-1,2021,60.0,2,5,0,2,5,2,1,,1,AUTOROUTE A6,0,,3,6,0,2,18,760,1,, -1,1,0,1,110,1,9,2021,06:40,3,91,91434,1,1,0,2,AUTOROUTE A6,48.66845,2.35409,6,2,2
202100052828,107Â 295,A01,2,2,1,9,0,-1,-1,0,0,-1,2021,4.0,2,4,17,0,2,14,1,,3,30,0,,2,2,0,1,60,100,1,, -1,2,0,3,80,3,2,2021,10:30,1,18,18030,1,1,0,6,Le Pre des Noues,47.549466,2.556401,10,3,1
202100023633,159Â 378,A01,1,1,2,1,1,-1,-1,0,0,-1,2021,20.0,1,2,0,0,3,2,1,,3,116,-1,D,2,2,0,1,(1),(1),1,, -1,1,0,3,80,16,8,2021,14:20,1,80,80213,1,1,0,7,D116,49.820196,2.38914,14,1,1
202100049286,113Â 662,A01,1,1,2,2,2,6,-1,0,0,-1,2021,58.0,3,1,0,0,0,1,5,,4,PLACE DE LA CONCORDE,0,,-1,0,0,1,(1),(1),1,, -1,1,0,1,50,3,3,2021,09:15,1,75,75108,2,7,0,7,PLACE DE LA CONCORDE,48.865675,2.321806,9,1,1
202100011474,181Â 216,A01,1,1,1,5,1,-1,-1,0,0,-1,2021,23.0,2,2,0,2,7,19,1,,3,29,0,,2,2,0,1,6,700,2,, -1,1,0,1,-1,24,10,2021,13:15,1,72,72122,1,1,0,3,Route dÃ©partementale 29,48.07438,0.560946,13,2,2
202100034921,139Â 286,A01,1,1,1,0,2,6,-1,-1, -1,-1,2021,46.0,1,1,0,2,1,13,1,,2,cavani-Manguiers (les),0,,2,0,0,2,0,0,1,, -1,1,0,1,50,11,6,2021,13:50,1,976,97611,2,1,0,1,cavani-Manguiers (les),-12.78533,45.22633,13,2,2
202100000720,200Â 421,A01,1,1,1,5,1,0,-1,-1, -1,-1,2021,25.0,2,2,4,0,8,9,1,,1,A13,0,,1,1,0,2,37,645,3,, -1,1,0,1,70,31,12,2021,21:13,3,78,78029,1,9,0,6,A13,48.967722,1.857437,21,2,1
202100034303,140Â 420,B01,1,1,1,1,8,0,-1,-1, -1,-1,2021,24.0,3,1,0,2,8,1,3,,4,PREMIER RAM (RUE DU),0,,2,2,1,1,0,0,4,, -1,1,6,1,50,15,6,2021,12:45,1,10,10387,2,9,0,3,PREMIER RAM (RUE DU),48.29253,4.0735,12,3,2
202100035964,137Â 397,B01,1,1,1,4,2,6,-1,-1, -1,-1,2021,24.0,3,1,0,2,7,19,1,,3,907,0,,1,1,0,1,0,0,2,, -1,1,5,1,50,7,6,2021,16:45,1,92,92064,2,7,0,3,PLACE CLEMENCEAU,48.8414968192,2.2218371789,16,2,2
202100010718,182Â 570,A01,2,2,1,0,8,0,-1,-1, -1,-1,2021,20.0,1,2,0,2,3,18,1,,1,VA007418 PONT JUMEAUX A620 Sortie 30,0,,1,4,0,1,4,804,1,, -1,1,0,1,90,26,10,2021,12:45,1,31,31555,2,9,0,3,VA007418 PONT JUMEAUX A620 Sortie 30,43.61101,1.41548,12,4,2
202100025504,156Â 078,A01,1,1,1,5,8,0,-1,-1, -1,-1,2021,41.0,1,2,6,0,7,26,1,,4,VERDIER AVENUE NÂ°25 A 79,0,,2,2,0,1,0,0,1,, -1,2,5,4,50,5,8,2021,21:30,5,92,92049,2,1,1,6,VERDIER AVENUE NÂ°25 A 79,48.81538,2.31737,21,1,1
202100013864,176Â 918,A01,1,1,1,5,2,-1,-1,-1, -1,-1,2021,20.0,2,1,1,0,1,1,1,,4,RUE ANDRE MALRAUX,0,,2,2,0,1,(1),(1),1,, -1,1,0,1,50,11,10,2021,06:30,5,33,33075,2,1,0,6,Rue AndrÃ© Malraux,44.88307,-0.59979,6,1,1
202100047378,117Â 085,B01,1,1,1,5,8,0,-1,-1, -1,-1,2021,22.0,2,1,1,0,1,26,3,,4,VERNE JULES -AVENUE-,0,,2,2,0,3,5,0,1,, -1,2,0,1,50,19,3,2021,09:30,1,11,11069,2,9,1,6,VERNE JULES -AVENUE-,43.211,2.3305,9,2,2
202100007393,188Â 543,A01,1,1,1,5,1,-1,-1,0,0,-1,2021,24.0,1,2,0,0,0,17,1,,3,71,-1,,2,2,0,1,2,535,2,, -1,2,0,1,80,19,11,2021,22:04,3,44,44174,1,1,1,7,D71,47.049215,-1.743063,22,1,1
202100016319,172Â 469,A01,1,1,1,5,2,6,9,0,0,-1,2021,31.0,1,1,0,2,1,17,1,,3,4096,-1,,2,2,0,1,21,700,1,,4,1,0,1,80,29,9,2021,21:05,3,4,4242,1,2,0,3,RD 4096,43.893478,5.874778,21,5,2
202100009788,184Â 199,B01,1,1,1,5,2,-1,-1,-1, -1,-1,2021,31.0,2,1,0,2,1,0,0,,4,SARTRE   AVENUE JEAN-PAUL,0,,2,2,1,1,(1),(1),1,, -1,2,0,8,50,1,11,2021,17:25,2,17,17300,2,9,1,1,SARTRE   AVENUE JEAN-PAUL,46.15296,-1.13691,17,2,2
202100005628,191Â 726,C01,1,1,2,1,1,0,-1,-1, -1,-1,2021,34.0,2,2,0,2,4,2,1,,1,A104,0,,1,3,0,2,23,300,1,, -1,1,0,1,90,29,11,2021,18:30,3,77,77372,1,1,0,4,A104,48.8769189703,2.6687860297,18,3,3
202100003672,195Â 193,A01,1,1,1,0,2,6,-1,-1, -1,-1,2021,31.0,3,1,0,2,7,17,1,,4,CHEM DU PHARE,0,,3,4,1,1,(1),(1),1,, -1,2,9,1,50,9,12,2021,09:00,1,33,33281,2,6,1,3,CHEM DU PHARE,44.85069,-0.69278,9,2,2
202100053132,106Â 768,A01,1,1,1,5,2,6,9,0,0,-1,2021,40.0,1,1,0,0,8,16,1,,3,2,0,,-1,2,0,1,4,800,3,, -1,2,0,1,50,5,1,2021,12:05,1,61,61234,2,6,0,7,RD 2 - PK 004+800,48.457523,0.036103,12,1,1
202100005477,191Â 998,B01,1,1,2,1,2,-1,-1,-1, -1,-1,2021,48.0,2,1,0,2,1,17,1,,4,,0,,2,2,0,1,(1),(1),1,, -1,1,0,1,50,9,11,2021,08:20,1,69,69202,2,1,0,1,VALIOUD (AV),45.7429,4.8072,8,3,2
202100027608,152Â 375,A01,1,1,1,4,0,-1,-1,0,0,-1,2021,17.0,1,4,2,0,1,1,1,,3,181,-1,D,2,2,0,1,18,120,1,, -1,1,0,3,80,23,7,2021,10:38,1,56,56222,1,1,0,6,La Mare au Sel,47.802226,-2.764294,10,1,1
202100037814,134Â 064,B01,1,1,1,0,2,6,-1,-1, -1,-1,2021,18.0,1,1,12,2,1,1,0,,7,ROSE (AVENUE DE LA),0,,3,9,0,1,1,100,1,, -1,1,0,1,50,28,5,2021,08:45,1,13,13213,2,2,0,3,ROSE (AVENUE DE LA),43.32635,5.42152,8,2,2
202100031207,145Â 957,B01,1,1,1,0,8,0,-1,-1, -1,-1,2021,35.0,2,1,14,0,1,1,1,,3,VICTOR-HUGO (BD),0,,2,3,0,1,0,0,1,, -1,1,0,1,50,3,7,2021,15:20,1,93,93070,2,2,0,1,VICTOR-HUGO (BD),48.9073,2.32632,15,2,2
202100023417,159Â 762,B01,1,1,2,0,2,6,-1,-1, -1,-1,2021,15.0,2,1,0,2,3,2,1,,3,MAIGNON (GIRATOIRE DE),0,,1,2,0,1,3,1,2,, -1,1,0,1,50,19,8,2021,14:45,1,64,64102,2,6,0,3,MAIGNON (GIRATOIRE DE),43.46578,-1.49464,14,2,2
202100023479,159Â 656,A01,1,1,2,1,2,-1,-1,0,0,-1,2021,46.0,0,1,0,0,5,1,1,,3,836,-1,D,2,2,0,1,0,1,1,, -1,1,0,1,50,20,8,2021,17:30,1,27,27355,2,3,0,3,Rue de Garennes,48.883189,1.458778,17,3,2
202100011322,181Â 497,B01,2,2,2,0,1,0,-1,-1, -1,-1,2021,75.0,2,2,0,2,4,2,1,,1,AUTOROUTE A10,0,,1,3,0,1,1,49,1,, -1,1,0,2,90,24,10,2021,19:20,3,92,92002,1,1,0,4,AUTOROUTE A10,48.7368422947,2.3178362846,19,5,4
202100031615,145Â 241,B01,1,1,1,5,8,0,-1,0, -1,-1,2021,18.0,3,1,0,2,8,1,1,,3,STALINGRAD AV.,0,,2,4,1,1,1,0,1,, -1,2,0,1,50,29,6,2021,21:15,5,93,93006,2,1,1,3,Avenue de Stalingrad,48.871,2.43081,21,2,2
202100028276,151Â 153,A01,2,2,2,0,1,0,-1,-1, -1,-1,2021,47.0,1,2,0,9,1,1,2,,3,RD 41 (ROCADE),0,,1,6,0,4,3,500,3,, -1,1,0,1,70,18,7,2021,13:25,1,972,97209,1,1,0,6,RD 41 (ROCADE),14.61642,-61.07456,13,3,2
202100027256,153Â 000,A01,8,2,1,5,1,-1,-1,0,0,-1,2021,19.0,3,2,6,0,1,13,1,,4,,-1,,2,2,0,1,(1),(1),3,,4,1,0,3,50,23,7,2021,20:30,2,57,57540,2,1,0,6,36 Route de Bois de Chene du Haut,48.762037,7.271943,20,5,1
202100005679,191Â 646,B01,9,2,1,2,9,-1,-1,0,0,-1,2021,3.0,2,2,0,2,2,1,1,,3,47,0,D,2,2,0,1,7,700,1,, -1,2,0,1,80,29,11,2021,17:10,3,42,42231,1,2,0,3,Route de Saint Forgeux,46.094558,3.941646,17,3,2
202100022413,161Â 578,B01,1,1,1,9,2,0,-1,0,0,-1,2021,52.0,0,1,0,2,1,1,1,,4,JEAN LAVILLE (RUE),0,,2,2,0,1,1,0,1,, -1,1,0,1,50,25,8,2021,16:40,1,71,71306,2,1,0,3,JEAN LAVILLE (RUE),46.67291,4.37112,16,2,2
202100004769,193Â 259,A01,10,3,2,0,0,-1,-1,3,3,1,2021,15.0,1,2,0,1,1,1,1,,4,ARES (AVE D),0,,2,2,0,1,(1),(1),1,, -1,2,0,1,50,3,12,2021,18:30,5,33,33063,2,1,1,6,Avenue d'ArÃ¨s,44.8385644657,-0.6172026849,18,2,1
202100014643,175Â 539,A01,1,1,2,1,1,0,-1,-1, -1,-1,2021,47.0,2,5,0,2,1,26,1,,3,GENERAL GALLIENI - PONT DE JOINVILLE (AV,0,,1,1,0,1,1,0,1,, -1,2,2,1,50,5,10,2021,10:00,1,94,94042,2,1,1,2,Avenue du GÃ©nÃ©ral GalliÃ©ni,48.8202211402,2.4713745116,10,2,2
202100043772,123Â 445,A01,1,1,1,0,2,-1,-1,-1, -1,-1,2021,30.0,2,1,0,2,1,1,1,,4,THOMAS (RUE ALBERT),0,,2,2,0,1,(1),(1),1,, -1,1,0,1,50,16,4,2021,22:30,5,33,33039,2,1,0,2,Rue Albert Thomas,44.79678,-0.565693,22,2,2
202100052045,108Â 686,B01,4,2,2,4,1,0,-1,-1, -1,-1,2021,23.0,3,2,0,2,1,1,1,,3,GALLIENI (BD),0,,2,2,0,1,1,0,1,, -1,1,0,1,30,9,2,2021,09:10,1,94,94033,2,2,0,3,GALLIENI (BD),48.8487,2.4777,9,4,2
202100024768,157Â 379,A01,10,3,2,5,0,-1,-1,2,4,1,2021,20.0,2,2,0,1,2,1,1,,4,RUE DE TOLBIAC,0,,2,4,0,1,(1),(1),1,, -1,1,0,1,50,10,8,2021,14:18,1,75,75113,2,1,0,6,RUE DE TOLBIAC,48.830156,2.376015,14,2,1
202100019504,166Â 768,A01,1,1,1,5,2,0,-1,0,0,-1,2021,22.0,3,1,0,2,7,19,6,,4,LA FONTAINE (RUE),0,,1,1,0,1,(1),(1),1,, -1,1,0,1,50,11,9,2021,01:30,5,10,10387,2,7,0,3,LA FONTAINE (RUE),48.2956,4.08158,1,2,2
202100041301,127Â 784,C01,4,2,1,0,1,0,-1,-1, -1,-1,2021,3.0,1,2,0,2,1,1,1,,3,ROCADE OUEST (RD 610),0,,3,4,0,1,16,100,1,, -1,2,0,1,100,4,5,2021,16:48,1,10,10081,1,1,1,4,ROCADE OUEST (RD 610),48.3068429523,4.0226697922,16,6,3
202100030180,147Â 823,A01,1,1,2,9,8,0,-1,-1, -1,-1,2021,23.0,1,2,0,2,0,9,1,,1,A87N,0,,2,2,0,1,1,0,1,, -1,1,0,1,50,6,7,2021,17:48,1,49,49323,2,1,0,2,A87N,47.495343,-0.498744,17,2,2
202100008408,186Â 704,A01,2,2,2,5,1,8,-1,0,0,-1,2021,17.0,1,2,8,0,9,13,1,,3,42,-1,,2,2,0,1,15,80,1,, -1,1,9,3,70,13,11,2021,01:00,5,45,45332,1,1,0,6,2272 Route de Montargis,47.8838564023,2.6496919692,1,2,1
202100051057,110Â 411,A01,10,3,1,5,0,-1,-1,2,3,1,2021,82.0,1,5,0,1,3,15,1,,4,GRIGNARD VICTOR (RUE),0,,2,2,0,1,(1),(1),1,, -1,1,0,1,50,17,2,2021,09:10,1,34,34032,2,1,0,6,GRIGNARD VICTOR (RUE),43.36195,3.23487,9,2,1
202100014253,176Â 214,A01,2,2,2,5,1,-1,-1,0,0,-1,2021,16.0,2,2,6,0,3,1,1,,3,16,-1,,2,2,0,2,31,400,2,, -1,1,0,4,50,10,10,2021,10:10,1,68,68094,2,1,1,6,Rue de Hagenthal,47.544967,7.446783,10,2,1
202100054301,104Â 700,A01,1,1,1,0,1,0,-1,-1, -1,-1,2021,45.0,1,2,0,2,1,2,1,,1,AUTOROUTE A126,0,,3,2,0,1,2,200,1,, -1,1,0,1,90,20,1,2021,18:40,3,91,91136,1,1,0,4,AUTOROUTE A126,48.7119480154,2.2901880741,18,8,5
202100028234,151Â 226,D01,1,1,1,1,1,-1,-1,0,0,-1,2021,38.0,1,5,1,2,1,1,1,,1,36,0,A,3,4,0,1,27,400,1,, -1,2,9,1,130,16,7,2021,16:55,1,90,90080,1,9,1,5,autoroute A36,47.660835,6.948402,16,6,6
202100047576,116Â 723,A01,1,1,1,5,2,6,9,0,0,-1,2021,52.0,2,1,0,2,1,13,1,,7,42,-1,D,2,2,0,2,4,600,1,, -1,1,0,1,50,19,3,2021,16:40,1,69,69116,2,1,0,1,GENERAL DE GAULLE (AV),45.8365283811,4.7714487841,16,2,2
202100030335,147Â 540,A01,1,1,1,1,2,8,-1,-1,0,-1,2021,34.0,3,1,1,0,1,1,1,,4,CHE DE BONNEUIL,0,,2,2,0,1,(1),(1),1,, -1,1,0,1,90,6,7,2021,19:20,1,95,95268,1,1,0,6,CHEMIN DE BONNEUIL,48.965769,2.41454,19,1,1
202100019953,165Â 969,A01,1,1,1,5,1,-1,-1,0,0,-1,2021,18.0,1,2,2,0,1,1,1,,3,40,-1,,2,2,0,1,48,400,1,, -1,2,0,3,80,9,9,2021,19:53,2,46,46012,1,1,1,6,lescoles,44.801209,1.85537,19,1,1
202100033525,141Â 845,B01,1,1,1,1,2,6,-1,-1, -1,-1,2021,39.0,1,1,0,2,1,3,1,,1,A4,0,,3,4,0,1,13,100,1,, -1,1,0,1,110,18,6,2021,18:05,1,93,93051,1,1,0,3,A4,48.8362965033,2.5533127785,18,2,2
202100008187,187Â 092,B01,2,2,2,9,8,-1,-1,0,0,-1,2021,0.0,3,2,0,2,1,2,1,,3,111,0,D,2,2,0,1,(1),(1),1,, -1,1,0,1,90,12,11,2021,16:30,1,38,38422,1,1,0,6,Route d Uriage,45.13828,5.82623,16,4,3
202100042051,126Â 460,B01,1,1,1,1,2,6,-1,0,0,-1,2021,24.0,1,1,1,2,9,17,1,,4,RUE MONGE,0,,2,2,0,1,(1),(1),1,, -1,1,0,1,30,29,4,2021,08:31,1,75,75105,2,1,0,3,RUE MONGE,48.845435,2.352066,8,2,2
202100031779,144Â 955,B01,1,1,1,5,2,6,-1,0,0,-1,2021,21.0,3,1,0,2,1,1,1,,4,,-1,,2,2,0,1,(1),(1),1,,5,1,0,1,50,29,6,2021,15:50,1,26,26191,1,1,0,3,325 A Rue Noe et Celie Poncet,44.545757,4.796267,15,2,2
202100021395,163Â 404,A01,5,2,2,0,1,0,-1,-1, -1,-1,2021,21.0,2,2,4,0,6,1,1,,2,RN12 EXT,0,,1,1,0,1,31,600,3,, -1,1,0,1,50,2,9,2021,20:00,2,78,78208,1,1,0,6,RN12 EXT,48.799208,1.986633,20,3,1
202100033301,142Â 244,A01,1,1,1,0,8,-1,-1,-1, -1,-1,2021,32.0,2,1,0,2,1,5,5,,4,BERTHELOT                           (AV),0,,1,4,3,1,(1),(1),1,, -1,1,0,6,50,14,6,2021,22:45,2,69,69387,2,3,0,1,BERTHELOT (AV),45.7407,4.85602,22,4,2
202100012551,179Â 280,B01,1,1,1,1,2,-1,-1,0,0,-1,2021,55.0,1,1,0,2,1,1,1,,3,86,0,D,2,2,0,1,63,962,1,, -1,1,0,1,80,19,10,2021,14:00,1,7,7240,2,3,0,3,D86,44.845479,4.818867,14,2,2
202100041822,126Â 854,A01,1,1,2,9,8,0,-1,-1, -1,-1,2021,16.0,1,1,0,2,1,19,3,,3,CHOISY(ROUTE DE),0,,3,6,3,1,0,0,1,, -1,1,0,1,50,1,5,2021,18:00,1,94,94028,2,1,0,3,Route de Choisy,48.7876,2.4507,18,2,2
202100054879,103Â 712,B01,1,1,1,0,1,0,-1,-1, -1,-1,2021,73.0,1,2,0,2,4,1,1,,4,JOFFRE (AVENUE DU MARECHAL CD 88),0,,-1,3,0,1,0,0,1,, -1,1,0,1,50,14,1,2021,11:10,1,66,66136,2,1,0,2,JOFFRE (AVENUE DU MARECHAL CD 88),42.71782,2.88735,11,2,2
202100046549,118Â 573,D01,1,1,2,5,1,0,-1,-1, -1,-1,2021,24.0,1,2,0,2,0,0,1,,1,A50-Sens Marseille vers Aubagne,0,,1,3,0,1,9,500,1,, -1,1,0,1,90,23,3,2021,18:10,1,13,13211,1,1,0,4,A50-Sens Marseille vers Aubagne,43.28641,5.50841,18,5,4
202100049611,113Â 064,A01,1,1,2,0,1,-1,-1,0,0,-1,2021,68.0,0,2,0,2,3,1,1,,4,DURY (BOULEVARD DE),0,,2,6,0,1,(1),(1),1,, -1,1,0,1,50,27,2,2021,17:00,1,80,80021,2,2,0,3,DURY (BOULEVARD DE),49.8799291652,2.2908961773,17,2,2
202100010554,182Â 865,Z01,10,3,1,9,8,8,-1,2,3,1,2021,21.0,2,1,0,1,7,5,1,,4,RUE PAJOL,0,,2,2,0,1,(1),(1),1,, -1,1,0,1,30,28,10,2021,15:30,1,75,75118,2,1,0,6,RUE PAJOL,48.888151,2.361476,15,2,1
202100017700,169Â 983,A01,2,2,1,0,2,0,-1,-1, -1,-1,2021,19.0,3,1,0,2,7,1,1,,4,MIDINETTES (DES),0,,1,1,0,1,0,0,1,, -1,1,0,1,50,21,9,2021,19:00,2,93,93029,2,1,0,3,MIDINETTES (DES),48.9198565063,2.4610656605,19,3,2
202100054029,105Â 169,A01,1,1,2,0,1,8,-1,-1, -1,-1,2021,28.0,2,2,0,2,8,1,1,,2,11 - RT,0,,1,2,0,2,1,0,1,, -1,1,9,1,70,21,1,2021,16:50,1,202,202120,1,1,0,3,11 - RT,42.6500167617,9.4405293361,16,3,2
202100039874,130Â 314,A01,1,1,1,0,2,-1,-1,0,0,-1,2021,39.0,0,1,1,0,1,26,1,,7,D6007,-1,,3,3,0,2,(1),(1),1,, -1,1,0,1,50,15,5,2021,20:45,2,6,6032,2,1,0,6,D6007,43.725778,7.398777,20,1,1
202100051160,110Â 226,B01,1,1,1,0,2,0,-1,-1, -1,-1,2021,42.0,1,1,0,2,4,1,1,,3,PATTON GENERAL RTE BAUGE A CHEMIN RONDE,0,,3,4,0,2,0,0,2,, -1,1,0,1,70,17,2,2021,12:05,1,72,72181,2,1,0,2,PATTON GENERAL RTE BAUGE A CHEMIN RONDE,47.99559,0.17258,12,2,2
202100011973,180Â 318,A01,1,1,2,0,8,-1,-1,-1, -1,-1,2021,27.0,2,2,0,2,0,0,1,,4,VERLET HANUS                        (R ),0,,1,1,0,1,(1),(1),1,, -1,1,0,1,50,20,10,2021,10:45,1,69,69383,2,2,0,3,VERLET HANUS (R),45.75796,4.85004,10,3,2
202100051954,108Â 839,A01,1,1,2,0,1,5,-1,0,0,-1,2021,24.0,1,2,0,2,1,1,1,,3,87,0,,2,2,0,1,18,665,1,, -1,1,0,1,50,11,2,2021,09:55,1,76,76113,2,1,0,1,199 Rue Saint-martin,49.52133,1.3553,9,2,2
202100010870,182Â 296,A01,1,1,2,9,1,8,-1,-1, -1,-1,2021,20.0,1,2,0,2,4,2,1,,4,MITTELHAUSBERGEN (ROUTE DE),0,,2,3,0,1,0,0,1,, -1,1,0,1,50,25,10,2021,17:05,1,67,67482,2,3,0,2,MITTELHAUSBERGEN (ROUTE DE),48.59777,7.71453,17,3,2
202100011544,181Â 082,B01,1,1,2,0,8,0,-1,-1, -1,-1,2021,52.0,1,2,0,2,4,23,1,,4,AV DU GAL LECLERC,0,,2,2,0,1,0,100,1,, -1,1,0,1,50,22,10,2021,15:20,1,91,91114,2,1,0,4,AV DU GAL LECLERC,48.688698,2.494467,15,4,3
202100021315,163Â 552,B01,1,1,1,0,8,0,-1,-1, -1,-1,2021,23.0,3,1,0,2,3,0,3,,3,JAURES (AVENUE JEAN),0,,3,4,0,1,0,0,1,, -1,1,0,1,50,2,9,2021,09:25,1,93,93008,2,1,0,3,JAURES (AVENUE JEAN),48.90056,2.44151,9,2,2
202100053144,106Â 749,A01,1,1,2,0,1,8,-1,-1, -1,-1,2021,23.0,1,2,0,0,0,1,1,,1,A13,0,,3,4,0,1,1,899,1,, -1,2,0,1,70,30,1,2021,09:00,1,92,92012,2,1,1,6,A13,48.84853,2.22862,9,1,1
202100042739,125Â 241,B01,1,1,1,5,2,-1,-1,0,0,-1,2021,17.0,3,1,0,2,1,1,1,,3,8,-1,D,2,2,0,2,28,300,3,, -1,1,0,1,50,25,4,2021,16:30,1,69,69066,2,3,0,3,CHAUFFAILLES (DE) (R),46.105509,4.327884,16,3,2
202100036737,136Â 040,B01,1,1,2,1,1,-1,-1,-1, -1,-1,2021,47.0,2,2,0,2,4,1,1,,2,ROUTE NATIONALE 230,0,,3,6,0,1,38,0,3,, -1,1,0,1,90,2,6,2021,04:30,5,33,33167,1,1,0,4,ROUTE NATIONALE 230,44.82969,-0.50249,4,4,3
202100032797,143Â 154,A01,1,1,1,4,1,-1,-1,-1, -1,-1,2021,68.0,2,2,4,0,7,14,1,,1,ROCADE A 630,0,,3,6,0,1,19,660,1,, -1,1,0,1,90,23,6,2021,07:35,1,33,33318,1,1,0,6,ROCADE A 630,44.811722,-0.671599,7,3,1
202100039450,131Â 091,A01,1,1,2,1,8,0,-1,-1, -1,-1,2021,25.0,1,1,0,9,1,26,6,,4,SAINT MICHEL BOULEVARD,0,,-1,2,0,1,1,0,1,, -1,2,0,1,50,17,5,2021,08:56,1,49,49007,2,1,1,7,SAINT MICHEL BOULEVARD,47.47353,-0.54243,8,1,1
202100020428,165Â 126,C01,2,2,2,9,1,0,-1,-1, -1,-1,2021,28.0,1,2,0,2,4,2,1,,1,A51-Sens Marseille vers Aix en Provence,0,,1,3,0,1,2,500,1,, -1,1,0,1,90,7,9,2021,15:25,1,13,13071,1,1,0,4,A51-Sens Marseille vers Aix en Provence,43.4141,5.36481,15,7,4
202100001174,199Â 676,B01,2,2,1,0,1,8,-1,-1, -1,-1,2021,10.0,2,2,0,2,8,1,1,,4,CLEMENCEAU (BOULEVARD),0,,3,2,3,1,0,0,1,, -1,2,0,1,50,26,12,2021,14:45,1,67,67482,2,3,1,3,CLEMENCEAU (BOULEVARD),48.59195,7.75296,14,5,2
202100007588,188Â 175,A01,1,1,1,0,8,-1,-1,-1, -1,-1,2021,47.0,0,1,0,0,2,15,1,,7,DROITS DE L'HOMME (DES)             (BD),0,,1,3,0,1,1,200,1,, -1,1,5,1,70,17,11,2021,13:10,1,69,69029,2,2,0,3,35EME REGIMENT D'AVIATION (DU) (R),45.73354,4.93173,13,2,2
202100010477,182Â 996,B01,2,2,2,5,1,0,-1,0,0,-1,2021,28.0,1,2,0,2,0,15,1,,2,T21,0,,4,2,0,1,(1),(1),2,, -1,1,0,1,50,28,10,2021,16:00,1,201,201004,2,6,0,3,T21,41.92961,8.76144,16,3,2
202100040059,129Â 992,A01,1,1,1,9,2,6,-1,-1, -1,-1,2021,21.0,1,1,0,0,0,21,1,,7,PLOMBIERES (BOULEVARD DES),0,,-1,2,0,1,1,200,1,, -1,1,0,1,50,13,5,2021,21:00,5,13,13203,2,1,0,7,PLOMBIERES (BOULEVARD DES),43.3166,5.3822,21,1,1