Num_Acc,id_vehicule,num_veh,place,catu,sexe,trajet,secu1,secu2,secu3,locp,actp,etatp,year_acc,victim_age,senc,catv,obs,obsm,choc,manv,motor,occutc,catr,voie,v1,v2,circ,nbv,vosp,prof,pr,pr1,plan,lartpc,larrout,surf,infra,situ,vma,jour,mois,an,hrmn,lum,dep,com,agg_,int,atm,col,adr,lat,long,hour,nb_victim,nb_vehicules
202100009207,185Â 253,A01,1,1,1,5,8,-1,-1,-1, -1,-1,2021,35.0,3,0,0,0,0,1,5,,4,ANTIQUAILLE (DE L')                 (R ),0,,2,2,0,2,(1),(1),2,, -1,1,0,1,50,5,11,2021,14:00,1,69,69385,2,1,0,7,ANTIQUAILLE (DE L') (R),45.7590193305,4.8213229776,14,1,1
202100008147,187Â 154,A01,1,1,1,5,2,8,-1,0,0,-1,2021,23.0,3,1,0,1,1,1,1,,4,PLACE CHARLES DE GAULLE,0,,1,4,0,1,(1),(1),2,, -1,2,0,1,30,14,11,2021,02:45,5,75,75108,2,7,1,6,PLACE CHARLES DE GAULLE,48.873526,2.295833,2,3,1
202100015004,174Â 884,B01,2,2,2,0,1,-1,-1,-1, -1,-1,2021,36.0,1,2,0,2,3,1,1,,4,ROGER SALENGRO     (Avenue),0,,2,4,0,1,(1),(1),1,, -1,2,5,1,50,4,10,2021,20:45,5,69,69266,2,2,1,1,ROGER SALENGRO (AV),45.781,4.884,20,3,2
202100005833,191Â 368,A01,1,1,1,5,2,6,-1,0,0,-1,2021,35.0,0,0,0,0,0,0,1,,4,,-1,,2,2,0,1,(1),(1),1,,4,1,0,8,80,26,7,2021,19:41,1,33,33284,1,1,0,7,Route de Lagnet,44.621867,-0.875264,19,1,1
202100055254,103Â 057,A01,1,1,1,5,2,-1,-1,0,0,-1,2021,67.0,1,1,0,2,1,15,1,,3,3,0,,2,2,0,1,40,750,2,, -1,2,0,1,50,13,1,2021,10:00,1,33,33097,2,3,0,3,36 Route de Lacanau,45.074271,-1.04493,10,2,2
202100026564,154Â 217,B01,2,2,2,5,1,-1,-1,0,0,-1,2021,81.0,2,2,0,2,4,1,1,,1,16,-1,A,2,4,0,1,103,0,1,, -1,1,0,1,-1,30,7,2021,12:22,1,60,60082,1,1,0,3,,49.6939448832,2.2310410738,12,3,2
202100031949,144Â 633,A01,2,2,2,5,1,8,-1,0,0,-1,2021,21.0,1,2,0,2,4,1,1,,1,A4,0,,3,4,0,2,5,200,1,, -1,1,0,1,90,27,6,2021,21:45,2,75,75112,1,1,0,2,A4,48.81928,2.45883,21,3,2
202100024151,158Â 490,B01,1,1,1,5,2,6,-1,0,0,-1,2021,52.0,1,1,0,2,2,1,1,,4,RUE DU QUATRE SEPTEMBRE,0,,1,3,0,1,(1),(1),1,, -1,1,8,1,50,14,8,2021,12:15,1,75,75102,2,2,0,3,RUE DU QUATRE SEPTEMBRE,48.869537,2.336797,12,4,2
202100014205,176Â 301,A01,1,1,1,5,2,6,-1,0,0,-1,2021,18.0,2,1,0,0,7,21,1,,4,AVENUE DU GENERAL LECLERC,0,,2,5,0,1,(1),(1),1,, -1,1,0,1,50,9,10,2021,17:05,1,75,75114,2,2,0,7,AVENUE DU GENERAL LECLERC,48.830078,2.328795,17,1,1
202100053783,105Â 612,A01,9,2,1,2,1,-1,-1,0,0,-1,2021,10.0,1,2,15,9,1,21,1,,3,75,0,D,2,2,0,2,12,370,1,, -1,7,0,3,50,26,1,2021,08:35,2,65,65389,2,1,1,6,D75,43.072685,0.485539,8,3,1
202100048138,115Â 700,A01,1,1,1,4,1,-1,-1,-1, -1,-1,2021,20.0,1,2,13,0,1,18,1,,4,INDUSTRIE (BD DE L') DU 01 ET +,0,,2,2,1,1,(1),(1),1,, -1,1,0,3,50,12,3,2021,21:15,5,33,33529,2,1,0,6,Boulevard de lâIndustrie,44.61328,-1.12806,21,1,1
202100024679,157Â 533,A01,9,2,2,5,1,-1,-1,0,0,-1,2021,21.0,2,2,0,0,9,1,1,,2,1,-1,,2,2,0,1,117,500,2,,7,1,0,3,80,12,8,2021,08:25,1,973,97312,1,1,0,7,nationnale 1,5.380867,-52.979808,8,5,1
202100006707,189Â 792,B01,1,1,1,1,1,0,-1,-1, -1,-1,2021,20.0,2,2,0,2,1,1,1,,4,LAKANAL (AVENUE),0,,2,2,0,2,0,0,1,, -1,1,5,1,50,22,11,2021,19:00,5,9,9122,2,2,0,3,LAKANAL (AVENUE),42.9556150444,1.6007114947,19,2,2
202100023419,159Â 760,A01,1,1,1,0,2,6,-1,-1, -1,-1,2021,18.0,1,1,0,0,1,26,1,,4,BERNARD (CHEMIN DE SAINT),0,,-1,2,0,1,0,0,1,, -1,1,0,1,30,19,8,2021,08:20,1,64,64102,2,1,0,7,BERNARD (CHEMIN DE SAINT),43.50788,-1.48777,8,1,1
202100033641,141Â 634,A01,1,1,1,5,2,0,-1,0,0,-1,2021,31.0,1,1,0,2,7,1,1,,4,RUE OBERKAMPF,0,,1,2,0,2,(1),(1),1,, -1,1,0,1,50,18,6,2021,14:55,1,75,75111,2,2,0,5,RUE OBERKAMPF,48.866356,2.380261,14,3,3
202100009008,185Â 616,A01,1,1,1,5,1,-1,-1,0,0,-1,2021,39.0,2,2,2,0,1,13,1,,3,976,-1,,2,2,0,1,2,300,1,, -1,2,0,3,90,7,11,2021,20:15,3,18,18082,1,1,0,6,Les rossignols,46.948402,3.04538,20,1,1
202100015236,174Â 470,B01,1,1,2,5,1,0,-1,-1, -1,-1,2021,60.0,1,2,0,2,3,1,1,,4,ANATOLE FRANCE (AV),0,,2,2,0,1,1,0,1,, -1,1,0,1,30,3,10,2021,16:30,1,94,94022,2,1,0,1,Avenue Anatole France,48.75637,2.41349,16,2,2
202100001513,199Â 091,A01,1,1,1,5,2,6,-1,-1, -1,-1,2021,29.0,2,1,0,0,3,1,1,,3,7,0,,1,2,0,1,0,0,1,, -1,2,0,1,50,24,12,2021,14:00,1,92,92072,2,1,1,7,TROYON (RUE),48.8264877649,2.2266277671,14,1,1
202100017241,170Â 830,A01,1,1,1,5,2,6,-1,0,0,-1,2021,33.0,1,1,0,2,0,13,1,,3,985,0,D,3,2,0,2,78,100,1,, -1,1,0,1,80,25,9,2021,13:10,1,58,58276,1,1,0,3,D985,46.867131,3.883688,13,2,2
202100027664,152Â 272,A01,4,2,2,0,1,0,-1,-1, -1,-1,2021,2.0,1,2,0,2,7,17,1,,1,AUTOROUTE A5A,0,,3,8,0,1,3,500,1,, -1,1,0,1,110,22,7,2021,18:25,1,77,77251,1,1,0,2,AUTOROUTE A5A,48.61318,2.56665,18,3,2
202100047854,116Â 222,A01,1,1,1,3,1,-1,-1,0,0,-1,2021,43.0,1,2,0,2,1,5,1,,3,140,-1,,2,2,0,1,6,620,1,, -1,1,0,1,50,17,3,2021,17:40,1,72,72350,2,1,0,6,les fresnes,47.8832142917,0.275576592,17,4,3
202100041362,127Â 673,A01,10,3,2,5,0,-1,-1,2,3,2,2021,71.0,2,2,0,1,3,15,1,,3,R18,-1,,1,1,0,1,0,2,1,, -1,2,0,1,50,6,5,2021,15:00,1,45,45203,2,3,1,6,37 rue des Cordeliers,47.8279596362,1.6974670294,15,2,1
202100027088,153Â 299,B01,1,1,2,9,2,6,-1,0,0,-1,2021,44.0,2,1,0,2,2,17,1,,4,RUE SAINT DIDIER,0,,1,1,0,1,(1),(1),1,, -1,1,0,1,50,24,7,2021,14:00,1,75,75116,2,3,0,3,RUE SAINT DIDIER,48.866859,2.284289,14,2,2
202100039324,131Â 310,B01,1,1,1,1,2,8,-1,-1, -1,-1,2021,22.0,0,1,0,2,8,1,1,,2,MELUN (AV DE),0,,3,4,0,1,1,0,1,, -1,1,0,1,50,19,5,2021,19:03,1,94,94078,2,1,0,3,MELUN (AV DE),48.72118,2.44294,19,2,2
202100009437,184Â 830,A01,2,2,1,9,3,-1,-1,-1, -1,-1,2021,1.0,2,5,0,2,1,2,1,,2,RN136,0,,3,4,0,1,15,0,1,, -1,2,0,1,90,3,11,2021,19:00,5,35,35238,1,1,1,2,RN136,48.11411,-1.71902,19,5,2
202100028479,150Â 807,B01,1,1,1,0,2,0,-1,-1, -1,-1,2021,39.0,2,1,0,2,1,1,1,,4,MICHELET (BOULEVARD),0,,2,4,3,1,0,0,1,, -1,1,0,1,50,17,7,2021,21:00,1,13,13209,2,1,0,3,MICHELET (BOULEVARD),43.2612587135,5.3976859848,21,6,2
202100003718,195Â 104,A01,10,3,2,5,0,-1,-1,4,3,1,2021,77.0,1,1,0,1,1,15,1,,4,RUE BROCA,0,,1,1,0,2,(1),(1),1,, -1,2,0,1,30,10,12,2021,15:00,1,75,75105,2,2,0,6,RUE BROCA,48.839021,2.349235,15,2,1
202100045514,120Â 387,B01,1,1,1,5,2,6,-1,0,0,-1,2021,29.0,3,1,0,2,1,0,1,,3,12,0,D,2,2,0,4,(1),(1),3,, -1,1,0,1,80,3,4,2021,16:30,1,22,22213,1,1,0,1,Le Bouillon,48.502005,-1.998246,16,2,2
202100016155,172Â 763,A01,10,3,2,9,0,-1,-1,9,3,1,2021,32.0,1,2,0,1,1,1,1,,4,ROI RENE BOULEVARD,0,,1,1,0,1,1,0,1,, -1,1,0,1,30,28,9,2021,11:44,1,49,49007,2,1,0,6,ROI RENE BOULEVARD,47.4668,-0.55431,11,2,1
202100048453,115Â 150,A01,1,1,1,0,8,8,-1,-1, -1,-1,2021,33.0,1,5,8,0,7,26,1,,4,L'encyclopÃ©die ( rue de ),0,,2,2,0,1,1,0,1,, -1,2,0,8,50,11,3,2021,08:25,1,93,93066,2,9,1,3,L'encyclopÃ©die ( rue de ),48.9097587174,2.3624416674,8,2,2
202100011756,180Â 702,B01,1,1,2,5,1,0,-1,-1, -1,-1,2021,50.0,1,2,0,2,1,1,1,,2,BEAUVOIR (ROUTE DE),0,,-1,2,0,1,47,700,1,, -1,1,0,1,80,20,8,2021,13:30,1,86,86157,2,1,0,3,Route de Beauvoir,46.536697,0.425766,13,2,2
202100042820,125Â 122,A01,1,1,1,5,2,4,-1,-1, -1,-1,2021,76.0,2,1,0,0,0,1,6,,3,CHEMIN DEPARTEMENTAL NÂ°101,0,,2,2,0,1,33,0,2,, -1,1,0,3,50,17,2,2021,14:05,1,88,88160,1,1,0,7,,48.132448,6.435033,14,1,1
202100004800,193Â 199,A01,1,1,2,0,2,0,-1,0,0,-1,2021,50.0,0,1,0,2,3,7,1,,7,,0,,1,3,0,1,(1),(1),1,, -1,1,0,4,50,3,12,2021,16:55,2,6,6088,2,1,0,3,ANGLAIS (DU NÂ° 1 AU NÂ° 43),43.69456,7.25989,16,4,2
202100022598,161Â 220,A01,10,3,2,0,0,-1,-1,1,3,1,2021,66.0,2,5,0,1,5,4,1,,4,POITOU (ALLEE DU),0,,2,2,0,1,0,0,1,, -1,1,0,1,50,25,8,2021,09:42,1,87,87065,2,1,0,6,POITOU (ALLEE DU),45.812,1.32958,9,2,1
202100035498,138Â 259,A01,10,3,2,1,0,-1,-1,3,3,1,2021,56.0,2,2,0,1,3,5,1,,4,JEAN JAURES (Avenue)  ,0,,2,2,0,1,0,0,1,, -1,1,9,1,50,9,6,2021,08:54,1,47,47031,2,1,0,3,JEAN JAURES (Rue)  ,44.17764,0.63989,8,3,2
202100028655,150Â 494,A01,10,3,1,0,0,-1,-1,2,3,1,2021,38.0,1,2,0,1,0,0,0,,4,LAURIERS  (RUE),0,,-1,2,0,1,0,0,1,, -1,1,0,1,50,5,7,2021,19:05,1,30,30189,2,1,0,6,LAURIERS  (RUE),43.81641,4.3493,19,2,1
202100044856,121Â 538,B01,1,1,1,4,1,0,-1,-1, -1,-1,2021,36.0,1,1,0,2,4,15,1,,3,6,0,,1,2,0,1,0,0,2,, -1,1,0,1,50,7,4,2021,10:40,1,92,92026,2,6,0,2,VICTOR HUGO (PLACE,48.8921696681,2.2537511208,10,2,2
202100038014,133Â 711,A01,1,1,1,5,2,0,-1,-1, -1,-1,2021,40.0,1,1,0,0,0,0,1,,7,COMPANS (AV DU GENERAL),0,,2,2,0,1,42,632,1,, -1,1,0,1,50,27,5,2021,19:25,1,31,31069,2,1,0,7,COMPANS (AV DU GENERAL),43.62694,1.39833,19,1,1
202100005696,191Â 618,A01,10,3,2,3,0,-1,-1,2,3,1,2021,75.0,1,2,0,1,3,1,1,,3,834,-1,,2,2,0,1,(1),(1),1,, -1,1,2,1,50,30,11,2021,12:30,1,40,40001,2,1,0,1,Rue du 13 Juin,43.704181,-0.261773,12,2,1
202100042366,125Â 900,B01,1,1,2,1,2,0,-1,-1, -1,-1,2021,32.0,2,1,0,2,7,1,3,,3,JEAN JAURES (R),0,,-1,2,0,1,1,0,1,, -1,1,2,1,50,27,4,2021,20:40,2,94,94022,2,9,0,3,JEAN JAURES (R),48.765204,2.408051,20,2,2
202100041525,127Â 387,A01,1,1,1,4,2,0,-1,0,0,-1,2021,22.0,2,1,0,2,1,1,3,,4,FONTGIEVE (RUE),0,,2,3,0,1,(1),(1),1,, -1,1,0,1,50,29,4,2021,22:48,5,63,63113,2,2,0,3,FONTGIEVE (RUE),45.78073,3.07667,22,2,2
202100012934,178Â 617,B01,1,1,2,5,1,-1,-1,0,0,-1,2021,80.0,2,2,0,0,3,1,1,,3,83,-1,,2,4,0,1,2,880,3,, -1,1,0,1,110,14,10,2021,16:14,1,68,68011,1,1,0,4,D83,47.749561,7.150544,16,4,3
202100054591,104Â 200,B01,1,1,2,1,1,-1,-1,-1, -1,-1,2021,34.0,1,5,0,2,4,1,1,,3,RD 905  COTE PEAGE,0,,3,4,0,1,11,320,1,, -1,2,0,1,90,15,1,2021,17:45,3,39,39150,1,1,0,2,,47.055,5.44014,17,2,2
202100026973,153Â 497,A01,1,1,1,1,1,-1,-1,0,0,-1,2021,33.0,1,2,0,2,1,13,1,,2,83,0,N,2,2,0,1,18,900,1,, -1,1,0,1,80,27,7,2021,12:29,1,25,25631,1,1,0,5,RN 83 - PR 018+100,47.15288,5.940342,12,4,3
202100051874,108Â 977,B01,2,1,1,0,2,0,-1,-1, -1,-1,2021,51.0,2,1,0,2,1,15,1,,4,VERGES(AVENUE),0,,2,2,0,1,0,0,1,, -1,1,0,1,50,10,2,2021,08:30,1,974,97407,2,6,0,3,VERGES(AVENUE),-20.93993,55.30563,8,2,2
202100005105,192Â 649,B01,1,1,1,1,2,6,-1,0,0,-1,2021,19.0,2,1,0,2,1,1,1,,4,BOULEVARD DE COURCELLES,0,,2,6,0,1,(1),(1),1,, -1,2,0,1,30,1,12,2021,21:10,5,75,75108,2,2,1,3,BOULEVARD DE COURCELLES,48.879547,2.305004,21,2,2
202100039667,130Â 681,C01,1,1,1,1,1,0,-1,-1, -1,-1,2021,58.0,2,2,0,2,4,2,1,,1,6,0,,1,3,0,1,21,684,1,, -1,2,2,1,110,17,5,2021,13:41,1,91,91286,1,1,1,4,AUTOROUTE A6,48.653267,2.381317,13,4,4
202100046744,118Â 217,B01,2,1,2,0,1,0,-1,-1, -1,-1,2021,62.0,1,2,0,2,2,24,1,,4,RIBAY (RUE DU),0,,2,2,0,1,0,0,1,, -1,1,0,1,50,23,3,2021,17:00,1,72,72181,2,1,0,3,RIBAY (RUE DU),48.01437,0.15864,17,2,2
202100050826,110Â 831,A01,1,1,2,0,2,-1,-1,0,0,-1,2021,42.0,1,1,1,0,0,0,1,,3,,-1,,2,2,0,1,61,591,1,, -1,1,0,1,50,19,2,2021,10:10,1,17,17434,2,1,0,6,Rue Audry de Puyravault,46.109085,-0.755281,10,1,1
202100051708,109Â 266,B01,1,1,1,9,2,6,-1,0,0,-1,2021,32.0,2,1,0,2,7,1,1,,4,AVENUE DE LA PORTE DE LA PLAINE,0,,2,2,1,1,(1),(1),1,, -1,1,0,1,50,12,2,2021,09:50,1,75,75115,2,2,0,2,AVENUE DE LA PORTE DE LA PLAINE,48.83084,2.292306,9,2,2
202100038550,132Â 735,B01,10,3,2,5,0,-1,-1,3,3,1,2021,90.0,3,2,0,1,4,1,1,,3,2562,-1,,2,2,0,1,6,561,1,, -1,1,0,1,50,24,5,2021,15:40,1,6,6095,2,1,0,6,68 Avenue de Boutiny,43.64339,6.882082,15,3,2
202100028274,151Â 158,Z01,2,2,1,5,2,0,-1,-1, -1,-1,2021,20.0,1,1,0,2,0,15,1,,3,MONTABO (ROUTE DE) 2,0,,2,1,0,1,3,0,1,, -1,1,0,1,50,17,7,2021,12:41,1,973,97302,2,1,0,3,MONTABO (ROUTE DE) 2,4.936430189,-52.2966070176,12,3,2
202100013600,177Â 410,A01,1,1,1,5,2,0,-1,-1, -1,-1,2021,25.0,2,1,1,0,2,1,1,,4,GRAND-TREUIL (RUE DU),0,,2,2,0,2,0,0,1,, -1,1,0,1,50,8,10,2021,14:12,1,87,87085,2,1,0,6,GRAND-TREUIL (RUE DU),45.84514,1.27117,14,1,1
202100025534,156Â 031,A01,1,1,1,1,1,-1,-1,0,0,-1,2021,21.0,2,2,13,0,1,1,1,,3,113,-1,D,2,2,0,4,22,700,1,, -1,2,0,1,80,5,8,2021,18:20,1,53,53271,1,1,0,7,D113,48.344855,-0.316479,18,1,1
202100019757,166Â 329,B01,2,2,2,0,2,9,6,0,0,-1,2021,53.0,0,1,0,0,1,0,1,,3,46,-1,,2,2,0,1,6,810,1,,4,1,0,1,80,11,9,2021,16:38,1,38,38199,1,2,0,3,MontÃ©e de la Vieille Eglise,45.478053,4.905342,16,4,2
202100028794,150Â 249,B01,1,1,1,0,1,-1,-1,-1, -1,-1,2021,53.0,2,2,0,2,1,0,1,,7,LAURENT BONNEVAY                    (BD),0,,-1,4,0,1,12,100,1,, -1,2,0,1,90,15,7,2021,07:30,1,69,69259,1,9,0,1,LAURENT BONNEVAY                    (BD),45.71949,4.87961,7,2,2
202100006281,190Â 567,B01,1,1,1,5,2,0,-1,-1, -1,-1,2021,12.0,3,1,0,2,1,25,3,,4,REMPARTS ( RUE DES ),0,,1,1,0,1,(1),(1),2,, -1,1,6,1,30,25,11,2021,13:40,1,1,1053,2,3,0,3,REMPARTS ( RUE DES ),46.20684,5.22575,13,2,2
202100010432,183Â 075,A01,1,1,1,3,1,-1,-1,0,0,-1,2021,88.0,1,2,0,0,4,23,1,,3,191,-1,,2,2,0,1,93,208,1,, -1,2,5,1,50,29,10,2021,13:05,1,78,78033,2,3,1,2,D191,48.928611,1.847522,13,2,2
202100053384,106Â 299,A01,1,1,2,1,1,-1,-1,0,0,-1,2021,42.0,1,2,0,2,1,13,1,,3,953,-1,,2,2,0,1,3,650,1,, -1,2,0,1,80,29,1,2021,07:15,2,21,21336,1,1,1,1,D 953 - PK 3+650,47.863261,4.354982,7,2,2
202100001703,198Â 743,A01,1,1,1,0,1,-1,-1,-1, -1,-1,2021,65.0,2,2,0,2,3,17,1,,4,,0,,2,2,0,1,(1),(1),1,, -1,1,0,1,50,22,12,2021,14:45,1,69,69256,2,1,0,4,8 MAI 1945 (DU) (AV),45.78867,4.90872,14,3,3
202100048401,115Â 241,B01,2,2,1,0,2,0,-1,-1, -1,-1,2021,33.0,2,1,0,2,1,9,1,,4,ARTOIS RUE  NÂ°2 - 114,0,,2,4,0,1,(1),(1),1,, -1,1,0,1,30,11,3,2021,17:45,1,59,59350,2,2,1,3,ARTOIS RUE  NÂ°2 - 114,50.62282,3.06126,17,3,2
202100041020,128Â 295,A01,1,1,1,0,2,6,-1,0,0,-1,2021,59.0,2,1,0,2,1,5,1,,3,13,0,D,2,2,0,2,18,643,2,, -1,1,5,1,50,8,5,2021,11:20,1,34,34199,1,4,0,1,D13,43.46374,3.409672,11,2,2
202100033507,141Â 888,A01,1,1,1,5,2,6,-1,0,0,-1,2021,15.0,1,1,0,0,4,2,1,,3,187,0,,-1,1,0,1,14,65,2,, -1,1,0,1,50,20,6,2021,20:15,1,62,62014,2,6,0,2,Avenue de l Europe,50.637432,2.409412,20,2,2
202100016092,172Â 881,A01,1,1,2,5,1,0,-1,-1, -1,-1,2021,60.0,0,2,0,5,9,26,1,,4,CAVES(RUE DES),0,,2,2,0,1,(1),(1),1,, -1,1,0,3,80,25,9,2021,16:55,1,89,89354,1,1,0,6,CAVES(RUE DES),48.20123,3.24966,16,1,1
202100002780,196Â 797,A01,1,1,2,9,8,0,-1,-1, -1,-1,2021,45.0,2,2,0,0,9,13,1,,3,CÃTE DE LASCANAUX (RN120),0,,-1,2,0,2,2,178,2,, -1,1,0,8,90,12,12,2021,13:41,1,15,15267,1,1,0,7,CÃTE DE LASCANAUX (RN120),44.92318,2.40171,13,1,1
202100002423,197Â 448,B01,1,1,1,9,2,0,-1,-1, -1,-1,2021,51.0,3,1,0,2,0,1,1,,4,LECLERC PHILIPPE MARECHAL (PROMENADE),0,,2,2,0,1,(1),(1),1,, -1,1,0,1,30,15,12,2021,07:35,2,34,34301,2,1,0,5,Promenade Marechal Leclerc,43.392484,3.689311,7,7,4
202100013109,178Â 312,B01,1,1,1,9,2,0,-1,0,0,-1,2021,28.0,2,1,0,2,4,13,5,,4,AVENUE DE L HIPPODROME,0,,2,2,0,1,(1),(1),1,, -1,1,0,1,50,14,10,2021,09:40,1,75,75116,2,2,0,2,AVENUE DE L HIPPODROME,48.857831,2.250269,9,2,2
202100048348,115Â 337,A01,1,1,2,1,1,-1,-1,-1, -1,-1,2021,27.0,1,2,0,2,1,1,1,,1,A46S   40.883 A 43.680,0,,3,4,0,1,42,299,1,, -1,1,0,1,90,12,3,2021,18:00,1,69,69290,1,1,0,4,A46S,45.6909024662,4.9663058018,18,3,3
202100055385,102Â 845,A01,10,3,1,2,0,-1,-1,0,3,1,2021,10.0,1,2,0,1,2,1,1,,4,,-1,,2,2,0,1,(1),(1),3,, -1,2,0,1,-1,12,1,2021,16:15,1,57,57097,2,9,0,6,Rue des Erables,49.177872,6.491656,16,2,1
202100019446,166Â 878,B01,1,1,1,0,2,6,-1,-1, -1,-1,2021,27.0,1,1,0,2,1,3,1,,1,AUTOROUTE A86,0,,3,5,0,2,22,750,1,, -1,1,0,1,90,12,9,2021,19:30,1,93,93008,1,1,0,3,AUTOROUTE A86,48.90618,2.46022,19,2,2
202100005320,192Â 279,A01,2,2,2,1,1,0,-1,-1, -1,-1,2021,25.0,2,5,0,2,1,1,1,,4,MITTERAND (MAIL FRANCOIS),0,,3,3,3,1,(1),(1),1,, -1,2,0,1,50,30,11,2021,08:00,2,35,35238,2,1,1,2,MITTERAND (MAIL FRANCOIS),48.1100771549,-1.6862627417,8,3,2
202100012610,179Â 171,B01,1,1,1,5,2,6,-1,0,0,-1,2021,68.0,1,1,0,2,1,1,1,,1,41,-1,,2,3,0,2,137,500,1,, -1,2,0,1,110,15,7,2021,14:50,1,74,74006,1,1,1,3,A41,45.985095,6.128585,14,2,2
202100000263,201Â 252,A01,1,1,1,5,2,6,-1,-1, -1,-1,2021,35.0,1,1,0,2,1,1,1,,7,LECLERCAVENUE GENERAL,0,,2,2,0,1,0,0,1,, -1,1,0,1,50,29,7,2021,07:50,1,6,6027,2,3,0,3,LECLERCAVENUE GENERAL,43.658371,7.16343,7,2,2
202100011763,180Â 687,B01,1,1,1,0,2,6,-1,-1, -1,-1,2021,31.0,1,1,0,2,7,1,1,,2,RN2 (2),0,,2,2,0,1,(1),(1),1,, -1,1,0,1,80,21,10,2021,18:00,2,974,97416,1,1,0,3,RN2 (2),-21.34969,55.50396,18,2,2
202100016998,171Â 237,A01,1,1,1,4,2,6,-1,0,0,-1,2021,17.0,1,1,0,2,1,1,1,,7,PUGETS AVENUE DES,0,,2,2,0,1,(1),(1),1,, -1,1,0,1,50,24,9,2021,20:20,5,6,6123,2,3,0,3,PUGETS AVENUE DES,43.677437,7.188599,20,2,2
202100040722,128Â 822,B01,1,1,1,5,2,-1,-1,-1, -1,-1,2021,24.0,2,1,0,2,1,7,5,,4,LACASSAGNE                          (AV),0,,1,3,3,1,(1),(1),1,, -1,1,0,1,50,8,5,2021,14:35,1,69,69383,2,2,0,1,LACASSAGNE (AV),45.7528,4.86966,14,2,2
202100005043,192Â 771,A01,1,1,1,0,1,-1,-1,0,0,-1,2021,42.0,0,2,0,0,1,1,1,,3,RD 934,0,,3,4,0,1,(1),(1),1,, -1,1,0,1,90,29,11,2021,21:45,4,80,80131,1,1,0,7,RD 934,49.8516,2.4042,21,1,1
202100032714,143Â 293,B01,1,1,2,1,1,0,-1,-1, -1,-1,2021,33.0,1,2,0,2,4,2,1,,3,BRY (RTE DE),0,,2,2,0,1,1,0,1,, -1,1,0,1,50,22,6,2021,18:50,1,94,94079,2,1,0,2,Route de Bry,48.83164,2.53395,18,2,2
202100035646,137Â 997,B01,1,1,1,9,1,-1,-1,-1, -1,-1,2021,58.0,2,2,0,2,4,2,1,,1,A46S   49.160 A 53.980,0,,3,4,0,1,49,300,1,, -1,1,0,1,90,19,4,2021,15:55,1,69,69281,1,1,0,4,A46 ,45.6445,4.9107,15,3,3
202100032769,143Â 201,A01,1,1,1,4,1,-1,-1,0,0,-1,2021,55.0,2,2,0,0,0,14,1,,1,A28,-1,,3,4,0,2,125,900,2,, -1,1,0,3,130,23,6,2021,16:50,1,72,72290,1,1,0,7,"pk 125+900, A28",48.165495,0.142468,16,1,1
202100044569,122Â 050,A01,1,1,1,5,2,0,-1,-1, -1,-1,2021,16.0,3,1,0,2,1,2,6,,4,MIVOIE (ROUTE DE),0,,2,2,0,1,(1),(1),1,, -1,1,0,1,50,9,4,2021,11:50,1,35,35281,2,2,0,2,Rue de la Jaunais de Mivoie,48.069101,-1.703725,11,2,2
202100009218,185Â 236,B01,1,1,1,0,2,0,-1,-1, -1,-1,2021,22.0,1,1,0,2,5,2,1,,3,RUE GALVANI,0,,-1,2,0,1,0,0,1,, -1,1,0,1,50,5,11,2021,13:00,1,91,91377,2,1,0,5,RUE GALVANI,48.73333,2.28333,13,3,3
202100038815,132Â 237,B01,1,1,1,5,2,6,-1,0,0,-1,2021,56.0,2,1,0,2,3,1,1,,3,988,-1,,2,2,0,2,25,550,3,, -1,1,0,1,80,23,5,2021,13:15,1,12,12219,1,1,0,1,D988,44.456318,2.903207,13,2,2
202100056144,101Â 525,A01,10,3,1,5,0,-1,-1,4,3,1,2021,22.0,1,2,0,1,1,15,1,,4,LA WANTZENAU (ROUTE DE),0,,2,2,0,1,(1),(1),1,, -1,1,0,1,50,4,1,2021,18:05,5,67,67482,2,3,0,6,Route de la Wantzenau & Rue de lâIll,48.61126,7.78105,18,2,1
202100002770,196Â 814,A01,10,3,1,0,0,-1,-1,1,1,1,2021,33.0,1,4,0,1,1,26,1,,2,RN124,0,,3,4,0,1,10,366,1,, -1,1,0,1,90,15,12,2021,04:49,3,31,31149,1,1,0,6,RN124,43.60635,1.30937,4,2,1
202100019908,166Â 045,B01,1,1,2,9,2,6,-1,0,0,-1,2021,30.0,1,1,0,2,2,1,1,,4,QUAI DE BERCY,0,,3,3,0,1,(1),(1),1,, -1,1,0,1,50,9,9,2021,09:25,1,75,75112,2,4,0,3,QUAI DE BERCY,48.8322178128,2.384176152,9,2,2
202100007905,187Â 609,B01,1,1,2,1,1,-1,-1,0,0,-1,2021,34.0,1,2,0,2,4,23,1,,3,810,-1,,2,2,0,1,(1),(1),1,, -1,1,0,1,80,15,11,2021,08:15,1,27,27563,1,1,1,5,Route de Quillebeuf,49.374329,0.52596,8,3,3
202100044426,122Â 275,C01,2,2,2,5,1,-1,-1,-1, -1,-1,2021,30.0,1,2,0,2,4,1,1,,1,ROCADE A 630,0,,3,4,0,1,11,310,1,, -1,1,8,1,70,11,4,2021,14:55,1,33,33162,1,1,0,4,,44.874992,-0.635565,14,6,3