Num_Acc,id_vehicule,num_veh,place,catu,sexe,trajet,secu1,secu2,secu3,locp,actp,etatp,year_acc,victim_age,senc,catv,obs,obsm,choc,manv,motor,occutc,catr,voie,v1,v2,circ,nbv,vosp,prof,pr,pr1,plan,lartpc,larrout,surf,infra,situ,vma,jour,mois,an,hrmn,lum,dep,com,agg_,int,atm,col,adr,lat,long,hour,nb_victim,nb_vehicules
202100015957,173Â 145,B01,1,1,1,4,2,0,-1,0,0,-1,2021,67.0,3,1,0,2,7,1,1,,4,PLACE DU CHATELET,0,,1,3,2,1,(1),(1),1,, -1,1,0,1,30,30,9,2021,13:00,1,75,75101,2,7,0,3,PLACE DU CHATELET,48.857182,2.347333,13,3,2
202100023028,160Â 466,B01,1,1,1,1,2,7,-1,-1, -1,-1,2021,49.0,2,1,0,2,1,1,1,,4,GARIBALDI (AVENUE),0,,4,3,0,1,0,0,1,, -1,1,0,1,50,23,7,2021,00:25,5,87,87085,2,3,0,3,GARIBALDI (AVENUE),45.8339137,1.2607138,0,3,2
202100038287,133Â 210,A01,1,1,1,5,2,6,-1,0,0,-1,2021,39.0,1,1,13,0,1,13,1,,7,559,-1,,2,2,0,3,18,800,4,, -1,1,0,3,70,23,5,2021,16:55,1,13,13022,1,1,0,1,route de la gineste,43.225537,5.531659,16,1,1
202100045985,119Â 558,A01,1,1,2,1,8,0,-1,0,0,-1,2021,24.0,2,1,0,0,0,1,5,,4,BOULEVARD DE SEBASTOPOL,0,,2,5,1,1,(1),(1),1,, -1,1,-1,5,50,30,3,2021,14:50,1,75,75101,2,3,0,7,BOULEVARD DE SEBASTOPOL,48.862951,2.350645,14,1,1
202100044082,122Â 881,A01,1,1,2,5,1,-1,-1,0,0,-1,2021,59.0,1,2,13,0,1,3,1,,3,933,-1,,2,2,0,1,14,0,1,, -1,1,0,3,80,14,4,2021,11:45,1,71,71261,1,1,0,7,Route dÃ©partementale 933,46.591927,4.986546,11,1,1
202100027119,153Â 240,A01,1,1,1,5,0,-1,-1,0,0,-1,2021,65.0,2,2,2,0,9,1,1,,3,48,0,,2,2,0,1,3,200,3,, -1,1,0,3,70,25,7,2021,11:50,1,38,38310,1,1,0,7,Route de Tullins,45.270524,5.479807,11,1,1
202100039920,130Â 232,A01,10,3,2,5,0,-1,-1,3,3,1,2021,42.0,1,2,0,1,2,16,1,,7,TRAITE DE L'ELYSEE (ROND POINT),0,,1,2,0,1,18,700,3,, -1,1,5,1,50,8,5,2021,15:30,1,83,83129,2,6,0,6,TRAITE DE L'ELYSEE (ROND POINT),43.10696,5.81443,15,2,1
202100025766,155Â 629,B01,1,1,2,5,1,0,-1,0,0,-1,2021,62.0,1,2,0,2,6,2,1,,4,BOULEVARD PERIPHERIQUE INTERIEUR SUD,0,,1,4,0,1,1,600,3,, -1,1,0,1,70,3,8,2021,20:15,1,75,75113,2,1,0,3,BOULEVARD PERIPHERIQUE INTERIEUR SUD,48.819197,2.371793,20,2,2
202100051757,109Â 188,A01,1,1,1,0,2,6,-1,0,0,-1,2021,34.0,0,1,0,2,1,17,1,,4,,-1,,2,2,0,1,(1),(1),1,, -1,1,0,1,50,13,2,2021,16:30,1,974,97408,2,1,0,1,Chemin Moulin Joli,-20.957794,55.32625,16,2,2
202100043343,124Â 188,B01,1,1,1,1,2,6,-1,0,0,-1,2021,30.0,3,1,0,2,1,1,1,,7,ST JEANNET ROUTE DE,0,,2,2,0,2,(1),(1),3,, -1,1,0,1,50,20,4,2021,07:05,1,6,6123,1,3,0,3,TOUR CARREE CHEMIN DE LA,43.698798,7.17384,7,2,2
202100036559,136Â 367,A01,1,1,2,0,1,0,-1,-1, -1,-1,2021,33.0,1,2,0,2,1,2,1,,1,A5502G-sens Martigues vers A7-Marseille,0,,1,2,0,1,0,800,1,, -1,1,0,1,110,1,6,2021,17:45,1,13,13071,1,1,0,2,A5502G-sens Martigues vers A7-Marseille,43.39888,5.29201,17,2,2
202100005215,192Â 453,A01,10,3,1,5,0,-1,-1,2,3,1,2021,40.0,1,2,0,1,2,1,1,,4,RUE AUGUSTE BENEBIG,0,,2,2,0,2,0,0,1,, -1,2,0,1,50,2,12,2021,06:15,1,988,98818,2,1,1,6,RUE AUGUSTE BENEBIG,-22.26879,166.45951,6,2,1
202100004352,193Â 978,A01,10,3,1,5,0,-1,-1,3,3,2,2021,70.0,1,2,0,1,1,1,1,,3,10,0,,2,2,0,1,20,465,1,,"5,5",1,0,1,50,6,12,2021,09:18,1,68,68338,2,3,0,6,Route des Trois Epis,48.085815,7.270385,9,2,1
202100048132,115Â 708,A01,2,2,1,5,1,0,-1,-1, -1,-1,2021,18.0,3,2,12,0,9,10,1,,6,chemin de l'estanquet,0,,-1,0,0,1,0,0,1,, -1,1,9,8,10,13,3,2021,18:30,1,64,64102,2,1,0,7,32 Chemin de Lestanquet,43.48012,-1.48684,18,2,1
202100030755,146Â 782,A01,2,2,2,0,1,0,-1,-1, -1,-1,2021,32.0,1,2,4,0,1,1,1,,2,ROUTE NATIONALE 5,0,,2,7,0,1,0,100,1,, -1,1,0,1,70,2,7,2021,22:45,5,972,97213,1,1,0,6,ROUTE NATIONALE 5,14.59667,-60.99641,22,2,1
202100045398,120Â 584,A01,1,1,1,5,8,0,-1,-1, -1,-1,2021,27.0,1,1,0,2,1,19,3,,4,GRAMMONT (AVENUE DE),0,,2,4,0,1,(1),(1),1,, -1,1,0,1,50,1,4,2021,15:44,1,37,37261,2,1,0,6,GRAMMONT (AVENUE DE),47.3764261029,0.694379735,15,2,2
202100025763,155Â 635,A01,1,1,1,1,2,6,-1,0,0,-1,2021,32.0,3,1,0,0,2,9,1,,4,PLACE AUGUSTE BARON,0,,2,3,0,1,(1),(1),3,, -1,1,5,1,50,3,8,2021,08:30,1,75,75119,2,7,0,7,PLACE AUGUSTE BARON,48.900103,2.388273,8,1,1
202100021309,163Â 562,B01,1,1,2,0,8,0,-1,-1, -1,-1,2021,25.0,1,2,0,2,4,1,1,,4,CHAPIT RE ( RUE DU),0,,1,1,0,3,2,500,1,, -1,1,2,1,50,2,9,2021,17:50,1,77,77291,2,1,1,2,CHAPIT RE ( RUE DU),49.00457,2.581,17,2,2
202100004126,194Â 366,A01,1,1,1,1,2,0,-1,-1, -1,-1,2021,36.0,1,1,0,2,3,11,1,,3,BD DE STALINGRAD ,0,,1,2,0,1,1,0,1,, -1,1,0,1,50,8,12,2021,19:25,5,94,94073,2,1,0,3,Boulevard de Stalingrad,48.77249,2.40011,19,2,2
202100043239,124Â 370,B01,1,1,1,5,2,-1,-1,0,0,-1,2021,15.0,2,1,0,2,1,15,1,,3,64,0,D,2,2,0,2,21,450,2,, -1,1,0,1,80,21,4,2021,17:00,1,63,63271,1,3,0,3,Lieu dit GUESLES,45.916938,3.555096,17,2,2
202100046274,119Â 061,A01,1,1,1,5,2,6,-1,0,0,-1,2021,21.0,0,1,13,0,3,1,1,,4,71,-1,,2,2,0,1,(1),(1),2,, -1,1,0,8,50,28,3,2021,16:15,1,31,31311,2,1,0,6,19 Route des Vins,43.813045,1.539922,16,1,1
202100042028,126Â 501,A01,2,2,2,0,1,0,-1,-1, -1,-1,2021,8.0,0,2,0,2,1,19,1,,4,QUEBEC (BOULEVARD DE),0,,2,3,0,1,(1),(1),1,, -1,1,0,1,50,29,4,2021,16:50,1,45,45234,2,3,0,3,Boulevard de Quebec,47.9147039684,1.9020684636,16,4,2
202100008428,186Â 677,B01,1,1,2,1,1,0,-1,-1, -1,-1,2021,33.0,1,2,0,2,7,14,1,,1,A50-Sens Marseille vers Aubagne,0,,3,2,0,1,3,0,1,, -1,1,0,1,90,12,11,2021,17:00,1,13,13210,1,1,0,3,A50-Sens Marseille vers Aubagne,43.28603,5.42661,17,3,2
202100020409,165Â 157,A01,8,2,2,5,0,-1,-1,0,0,-1,2021,21.0,1,2,15,0,1,1,1,,3,5E3,-1,,2,2,0,1,4,300,1,, -1,1,0,3,70,6,9,2021,02:50,3,33,33214,1,1,0,6,Les Andrauts,44.95464,-1.014926,2,2,1
202100010523,182Â 917,B01,1,1,1,1,8,0,-1,-1, -1,-1,2021,45.0,1,1,0,2,2,1,5,,4,BLANCHERAIE AVENUE,0,,2,2,0,1,1,0,1,, -1,1,0,1,50,28,10,2021,08:17,1,49,49007,2,1,0,3,BLANCHERAIE AVENUE,47.46661,-0.56191,8,2,2
202100032025,144Â 504,B01,1,1,2,5,0,-1,-1,0,0,-1,2021,19.0,2,2,0,2,2,1,1,,3,26,-1,B,2,2,0,2,1,20,1,, -1,1,0,1,50,28,6,2021,18:00,1,1,1301,2,3,0,3,730 Route de MÃ©zÃ©riat,46.246562,5.116974,18,2,2
202100003962,194Â 666,A01,2,2,2,0,1,-1,-1,-1, -1,-1,2021,16.0,3,2,0,4,7,26,2,,4,THIERS                              (AV),0,,2,4,3,1,(1),(1),1,, -1,2,4,6,50,8,12,2021,18:45,5,69,69386,2,8,1,3,THIERS (AV),45.7651610264,4.8619826138,18,6,2
202100055840,102Â 061,A01,2,2,1,4,2,6,-1,-1, -1,-1,2021,22.0,2,1,0,2,3,1,3,,2,AV DU GENERAL LECLERC,0,,3,4,0,2,0,0,2,, -1,2,3,1,50,8,1,2021,13:40,1,94,94004,2,1,0,3,GENERAL LECLERC (AV DU),48.7527008057,2.5065498352,13,3,2
202100054481,104Â 381,B01,1,1,1,9,2,8,-1,-1, -1,-1,2021,60.0,1,1,0,2,7,1,1,,3,ARISTIDE BRIAND (R),0,,1,1,0,1,1,0,2,, -1,2,0,1,50,19,1,2021,08:15,1,94,94019,2,9,1,3,ARISTIDE BRIAND (R),48.79223,2.53258,8,2,2
202100003573,195Â 366,B01,1,1,1,5,2,4,-1,-1, -1,-1,2021,42.0,2,1,0,2,1,1,5,,4,CHARLES DE GAULLE(RUE),0,,-1,1,0,1,0,0,1,, -1,2,0,1,50,8,12,2021,18:00,2,91,91122,2,1,1,1,CHARLES DE GAULLE(RUE),48.69522,2.15751,18,2,2
202100050936,110Â 630,A01,1,1,1,1,2,0,-1,0,0,-1,2021,56.0,3,0,0,0,7,1,3,,4,PORT DE LA RAPEE,0,,-1,1,0,1,(1),(1),1,, -1,2,0,1,30,19,2,2021,08:40,1,75,75112,2,1,0,7,PORT DE LA RAPEE,48.8394120962,2.3747398617,8,1,1
202100011885,180Â 481,A01,10,3,1,3,0,-1,-1,3,3,1,2021,71.0,2,2,0,1,1,1,1,,3,794,0,D,2,2,0,2,5,800,2,, -1,1,9,1,50,14,10,2021,11:00,1,22,22048,2,9,1,6,18 Rue de l Arguenon,48.481438,-2.169403,11,2,1
202100056106,101Â 596,A01,1,1,1,1,1,-1,-1,0,0,-1,2021,47.0,2,2,0,2,3,13,1,,3,31,0,,2,2,0,2,48,130,3,, -1,2,0,1,80,7,1,2021,08:15,2,53,53125,1,1,1,1,Route dÃ©partementale 31,48.504688,-1.065685,8,2,2
202100012452,179Â 453,A01,1,1,1,5,8,-1,-1,-1, -1,-1,2021,66.0,1,1,0,2,4,1,5,,4,AVE DU MAL DE LATTRE DE TASSIGNY CAUD.,0,,2,2,2,1,(1),(1),1,, -1,1,0,5,50,18,10,2021,11:20,1,33,33063,2,1,0,2,Avenue du MarÃ©chal de Lattre de Tassigny,44.85632,-0.61785,11,2,2
202100015203,174Â 530,C01,3,2,2,9,1,8,-1,-1, -1,-1,2021,44.0,2,2,0,2,4,2,1,,1,A13,0,,1,3,0,1,6,99,1,, -1,2,0,1,90,5,10,2021,12:35,1,92,92047,1,1,0,4,A13,48.8360747161,2.183497178,12,4,3
202100016992,171Â 247,B01,8,2,2,3,8,0,-1,-1, -1,-1,2021,54.0,3,3,0,2,2,1,1,2.0,4,KLEBER (RUE),0,,2,2,0,1,(1),(1),1,, -1,1,0,1,50,24,9,2021,13:25,1,10,10387,2,1,1,3,KLEBER (RUE),48.30262,4.08321,13,3,2
202100052207,108Â 390,A01,1,1,2,5,8,5,-1,-1, -1,-1,2021,27.0,2,2,7,0,1,13,1,,2,GENERAL DE GAULLE (BLD DU),0,,3,4,0,1,0,400,1,, -1,1,0,1,50,6,2,2021,04:44,5,972,97209,2,4,0,6,GENERAL DE GAULLE (BLD DU),14.60786,-61.0692,4,1,1
202100001397,199Â 273,A01,1,1,2,5,1,-1,-1,0,0,-1,2021,55.0,1,2,13,0,1,1,1,,2,24,0,,3,4,0,1,18,818,1,, -1,2,0,3,110,27,12,2021,10:45,1,56,56165,1,1,0,6,RN 24,47.920167,-2.357168,10,1,1
202100015841,173Â 360,A01,1,1,1,0,2,0,-1,-1, -1,-1,2021,65.0,2,1,0,0,3,0,1,,1,A51-Sens Marseille vers Aix en Provence,0,,1,1,0,1,10,342,1,, -1,1,0,1,70,1,10,2021,14:15,1,13,13015,1,1,0,7,A51-Sens Marseille vers Aix en Provence,43.467468,5.407419,14,1,1
202100055387,102Â 843,A01,1,1,1,3,1,-1,-1,0,0,-1,2021,44.0,0,2,6,0,3,1,1,,4,,-1,,2,2,0,1,(1),(1),1,, -1,2,0,3,50,12,1,2021,17:55,5,60,60562,2,1,1,6,56 Rue de Sacy le Petit,49.352542,2.550619,17,1,1
202100047450,116Â 951,B01,1,1,2,4,1,-1,-1,0,0,-1,2021,42.0,0,2,0,2,3,1,1,,7,59,0,B,2,2,0,2,(1),(1),4,, -1,2,0,1,50,19,3,2021,10:45,1,13,13015,2,1,1,1,Boulevard pierre de brossolette,43.45714,5.412912,10,2,2
202100042206,126Â 182,A01,1,1,1,1,2,6,-1,0,0,-1,2021,40.0,3,1,14,0,1,1,1,,7,GARE AVENUE DE LA,0,,1,2,0,1,(1),(1),1,, -1,1,9,1,50,15,4,2021,09:00,1,6,6027,2,1,0,2,GARE AVENUE DE LA,43.66085,7.14864,9,2,2
202100040120,129Â 887,B01,1,1,1,5,2,6,-1,0,0,-1,2021,16.0,0,1,0,0,1,18,1,,7,908,-1,,2,2,0,2,22,300,1,, -1,1,0,1,50,20,4,2021,07:20,1,13,13073,2,1,0,2,Le Terme,43.385316,5.559345,7,2,2
202100027108,153Â 258,A01,10,3,1,5,0,-1,-1,6,9,1,2021,20.0,1,2,1,1,3,14,1,,1,4,-1,,1,2,3,1,139,0,1,, -1,2,1,2,130,26,7,2021,14:35,1,51,51631,1,1,1,6,A4,49.206194,4.012048,14,4,1
202100016451,172Â 224,A01,2,2,2,5,1,8,-1,-1, -1,-1,2021,22.0,2,2,0,2,1,9,1,,4,GEORGES GUYNEMER (RUE),0,,2,1,0,2,(1),(1),1,, -1,1,0,1,50,25,9,2021,10:20,1,86,86194,2,1,0,3,Rue Georges Guynemer,46.577563,0.322326,10,3,2
202100014404,175Â 958,B01,1,1,1,4,2,6,-1,0,0,-1,2021,52.0,1,1,0,2,1,2,1,,4,RUE DE LEVIS,0,,2,2,0,1,(1),(1),1,, -1,1,0,1,30,8,10,2021,17:05,1,75,75117,2,1,0,2,RUE DE LEVIS,48.884191,2.312853,17,2,2
202100000504,200Â 802,B01,1,1,2,0,1,0,-1,-1, -1,-1,2021,57.0,3,2,0,0,4,2,1,,3,GRANDE CHARTREUSE (AVENUE DE LA),0,,2,2,0,2,34,20,1,, -1,2,0,1,50,13,11,2021,20:00,5,73,73065,2,6,0,4,BELLEVUE (BOULEVARD DE),45.5590414666,5.9222423745,20,3,3
202100023269,160Â 024,A01,1,1,1,0,2,0,-1,-1, -1,-1,2021,43.0,2,1,0,2,2,17,1,,3,CHANTACO (AVENUE DE ),0,,2,2,0,1,2,0,1,, -1,1,0,1,70,19,8,2021,17:50,1,64,64483,2,1,0,3,7 allÃ©e des fleurs,43.3900591184,-1.6538742185,17,2,2
202100021795,162Â 667,A01,1,1,2,5,1,0,-1,-1, -1,-1,2021,22.0,3,2,0,2,2,2,1,,4,SARTRE   AVENUE JEAN-PAUL,0,,2,3,0,1,(1),(1),1,, -1,1,0,1,50,30,8,2021,14:08,1,17,17300,2,1,0,4,SARTRE   AVENUE JEAN-PAUL,46.15642,-1.12781,14,7,3
202100050846,110Â 798,B01,1,1,1,0,1,0,-1,-1, -1,-1,2021,41.0,1,2,0,2,6,1,1,,1,AUTOROUTE A5A,0,,3,6,0,1,5,599,1,, -1,1,0,1,110,19,2,2021,21:35,3,77,77384,1,1,0,2,AUTOROUTE A5A,48.60404,2.5917,21,2,2
202100019635,166Â 544,A01,10,3,2,9,0,-1,-1,1,3,1,2021,43.0,0,2,0,1,1,1,1,,3,ROUEN (RUE DE),0,,-1,3,0,1,(1),(1),1,, -1,1,0,1,50,27,8,2021,13:15,1,80,80021,2,1,0,6,ROUEN (RUE DE),49.88696,2.27848,13,2,1
202100025856,155Â 467,A01,1,1,1,5,2,-1,-1,0,0,-1,2021,14.0,3,6,0,0,0,0,1,,4,,-1,,2,1,0,1,(1),(1),1,, -1,9,0,8,-1,24,3,2021,17:00,1,38,38095,1,1,0,7,Chemin des Taillis,45.14176,5.24975,17,1,1
202100015468,174Â 051,A01,1,1,1,5,8,0,-1,-1, -1,-1,2021,23.0,2,1,0,0,1,26,1,,4,PERE FAVRON(RUE DU),0,,2,3,3,1,0,0,1,, -1,1,9,1,30,2,10,2021,00:57,5,974,97416,2,1,0,7,PERE FAVRON(RUE DU),-21.3375,55.46609,0,1,1
202100013941,176Â 781,A01,1,1,1,0,1,-1,-1,0,0,-1,2021,41.0,2,5,0,2,7,10,1,,3,1006,0,,2,2,0,1,11,290,1,, -1,1,0,1,80,9,10,2021,15:50,1,73,73105,1,1,0,3,D1006 - 2853 Route de Lyon,45.464812,5.736656,15,2,2
202100016057,172Â 947,A01,10,3,2,0,0,0,0,4,3,2,2021,79.0,2,1,0,1,1,17,1,,4,DELATTRE DE TASSIGNY (ALLEE),0,,2,2,0,2,(1),(1),1,, -1,1,0,1,50,29,9,2021,09:42,1,6,6083,2,1,0,3,DELATTRE DE TASSIGNY (ALLEE),43.78723,7.49363,9,3,2
202100031638,145Â 202,B01,1,1,1,0,0,-1,-1,0,0,-1,2021,17.0,1,1,0,2,6,1,6,,2,5,-1,,2,2,0,2,(1),(1),1,, -1,1,0,1,50,30,6,2021,14:00,1,974,97414,2,1,0,2,Rue Pente Nicole,-21.260706,55.438679,14,2,2
202100035837,137Â 645,A01,1,1,2,0,0,-1,-1,0,0,-1,2021,87.0,3,1,0,2,1,19,5,,4,,-1,,2,2,1,1,(1),(1),1,,4,1,0,1,50,8,6,2021,16:20,1,67,67131,2,3,0,3,Rue du Tramway,48.481588,7.724526,16,2,2
202100032241,144Â 134,A01,1,1,2,5,1,0,-1,-1, -1,-1,2021,20.0,2,2,0,2,1,7,1,,4,,0,,2,2,3,1,(1),(1),1,, -1,1,0,1,50,25,6,2021,18:20,1,69,69383,2,2,0,1,LACASSAGNE (AV),45.74585,4.88761,18,2,2
202100022555,161Â 312,A01,1,1,1,0,2,6,-1,0,0,-1,2021,50.0,1,1,0,2,1,5,1,,3,518,0,,2,2,0,2,5,500,2,, -1,1,0,1,-1,27,8,2021,15:30,1,26,26117,1,1,0,1,Route des Grands Goulets,45.03476,5.382528,15,3,2
202100037156,135Â 266,A01,10,3,2,0,0,-1,-1,-1,9,1,2021,12.0,3,2,8,1,6,23,1,,6,BUXEROLLES (RUE DE),0,,-1,-1,0,1,0,0,1,, -1,1,0,1,30,12,4,2021,10:27,1,87,87085,2,1,0,6,BUXEROLLES (RUE DE),45.868281,1.26483,10,1,1
202100007782,187Â 841,A01,1,1,1,0,1,-1,-1,-1, -1,-1,2021,76.0,3,2,0,2,1,2,1,,4,RIOTTIER  ROUTE DE,0,,2,2,0,1,(1),(1),1,, -1,1,0,1,50,16,11,2021,11:50,1,69,69264,1,1,0,1,RIOTTIER (DE) (RTE),45.9796050874,4.7337770462,11,2,2
202100020929,164Â 246,A01,2,2,2,5,1,-1,-1,0,0,-1,2021,28.0,1,2,15,0,3,0,0,,3,D6,0,,2,2,0,1,66,250,1,, -1,1,0,3,50,5,9,2021,03:00,5,70,70176,2,1,0,6,grande rue,47.891644,6.620893,3,3,1
202100024119,158Â 548,B01,1,1,1,1,8,0,-1,-1, -1,-1,2021,40.0,1,2,0,9,3,1,1,,2,CROIX DE NOAILLES,0,,-1,2,0,1,16,585,1,, -1,1,0,1,70,12,8,2021,09:45,1,78,78551,1,2,0,1,CROIX DE NOAILLES,48.93948,2.09578,9,3,2
202100053795,105Â 594,A01,1,1,2,1,1,-1,-1,0,0,-1,2021,27.0,0,2,0,0,2,2,1,,3,26,0,D,2,2,0,1,26,290,3,, -1,7,0,8,80,26,1,2021,08:30,1,60,60531,1,9,1,7,D26,49.4449137982,2.6941915492,8,1,1
202100032106,144Â 362,B01,2,2,2,0,1,-1,-1,-1, -1,-1,2021,51.0,0,5,0,2,4,1,0,,4,JAURES (AVENUE JEAN) DU NÂ° 74 A FIN (PAI,0,,3,2,3,1,(1),(1),1,, -1,1,0,1,50,26,6,2021,07:45,1,51,51454,2,1,0,2,Avenue Jean JaurÃ¨s,49.2617058792,4.0511799149,7,3,2
202100023931,158Â 856,A01,2,2,2,5,1,5,-1,0,0,-1,2021,85.0,3,2,4,2,2,1,1,,3,D910,-1,,2,2,0,1,(1),(1),2,, -1,1,9,1,80,16,8,2021,13:35,1,28,28388,2,1,0,1,"D910, rue nationale",48.382514,1.446751,13,3,2
202100024160,158Â 476,B01,1,1,1,5,2,6,-1,0,0,-1,2021,60.0,2,1,6,0,2,13,1,,3,938,0,D,2,2,0,1,8,200,1,, -1,1,0,1,80,15,8,2021,12:10,1,84,84069,1,3,0,3,D938,44.196811,5.117188,12,2,2
202100003576,195Â 362,B01,1,1,1,5,1,0,-1,-1, -1,-1,2021,34.0,1,2,0,2,3,1,1,,4,LIBERATION (AVENUE DE LA),0,,2,3,0,2,0,0,1,, -1,2,5,1,50,8,12,2021,23:30,5,87,87085,2,2,0,3,GARIBALDI (AVENUE),45.83445,1.26093,23,2,2
202100022741,160Â 949,A01,1,1,2,5,2,6,-1,0,0,-1,2021,23.0,2,1,0,2,1,2,1,,3,LIBERATION ( BD DE LA ),0,,1,2,0,1,69,730,1,, -1,1,0,1,50,21,8,2021,20:15,1,5,5061,2,1,0,6,LIBERATION ( BD DE LA ),44.56025,6.07669,20,3,3
202100015704,173Â 602,B01,1,1,1,1,0,-1,-1,0,0,-1,2021,52.0,1,1,0,2,8,19,5,,3,909,-1,D,2,2,0,1,20,0,1,, -1,1,9,8,-1,1,10,2021,12:40,1,74,74280,2,9,0,5,Av d Annecy,45.884902,6.318963,12,3,3
202100049168,113Â 865,A01,1,1,1,5,2,6,-1,0,0,-1,2021,41.0,2,1,0,2,1,13,1,,3,59,0,B,2,2,0,2,0,550,3,, -1,1,0,1,80,6,3,2021,16:30,1,57,57529,1,1,0,5,D59b,49.418567,6.013062,16,6,4
202100052496,107Â 887,B01,2,2,2,0,1,-1,-1,0,0,-1,2021,88.0,1,2,0,2,1,9,1,,3,905,-1,,2,2,0,2,61,320,3,, -1,1,0,1,80,5,2,2021,17:50,5,1,1372,1,3,0,3,D904,45.86137,5.67858,17,3,2
202100021393,163Â 407,A01,1,1,2,0,1,0,-1,-1, -1,-1,2021,23.0,2,2,0,0,9,1,1,,2,RN 104,0,,1,2,0,1,45,299,1,, -1,1,0,1,110,1,9,2021,20:45,3,91,91549,1,1,0,7,RN 104,48.62609,2.34302,20,1,1
202100030880,146Â 563,A01,1,1,1,5,2,-1,-1,0,0,-1,2021,61.0,1,1,0,0,0,1,5,,2,2,-1,,2,2,1,1,(1),(1),1,, -1,1,0,5,50,3,7,2021,08:50,1,974,97410,2,1,0,7,RN2 pont des marsouins,-21.040627,55.712636,8,1,1
202100049531,113Â 222,A01,1,1,1,1,8,0,-1,0,0,-1,2021,62.0,2,1,0,1,3,1,5,,4,BOULEVARD VOLTAIRE,0,,2,2,1,1,(1),(1),1,, -1,1,-1,5,30,2,3,2021,10:45,1,75,75111,2,4,0,6,BOULEVARD VOLTAIRE,48.860984,2.374798,10,2,1
202100030799,146Â 711,B01,1,1,2,1,8,0,-1,-1, -1,-1,2021,51.0,2,1,0,9,1,25,3,,3,191,0,,2,2,0,1,0,0,3,, -1,1,0,4,50,2,7,2021,16:10,1,91,91223,2,1,0,1,MAI 1945 (AVENUE DU 8),48.43733,2.16317,16,2,2
202100040319,129Â 534,A01,10,3,1,5,0,-1,-1,6,1,1,2021,47.0,0,2,8,1,1,1,1,,4,MANASSES BARBIER (RUE),0,,2,2,0,1,(1),(1),4,, -1,9,0,1,30,8,5,2021,07:40,1,80,80131,1,1,1,6,MANASSES BARBIER (RUE),49.8500394642,2.377038002,7,3,1
202100029895,148Â 363,A01,1,1,1,5,1,-1,-1,0,0,-1,2021,69.0,1,2,4,0,3,9,1,,1,404,-1,,3,4,0,1,14,950,1,, -1,1,0,1,110,10,7,2021,16:35,1,1,1031,1,1,0,6,,46.243675,5.621824,16,1,1
202100011944,180Â 374,B01,1,1,1,0,2,6,-1,-1, -1,-1,2021,46.0,1,1,0,2,1,3,1,,1,AUTOROUTE A6,0,,1,3,0,1,10,600,1,, -1,2,0,1,110,21,10,2021,18:45,2,91,91689,1,1,0,2,AUTOROUTE A6,48.72863,2.31406,18,2,2
202100019509,166Â 758,A01,1,1,1,9,2,0,-1,0,0,-1,2021,31.0,1,1,0,2,1,1,1,,4,QUAI DE L HORLOGE,0,,1,2,0,1,(1),(1),1,, -1,1,0,1,30,10,9,2021,23:56,5,75,75101,2,2,0,3,QUAI DE L HORLOGE,48.856197,2.346485,23,4,2
202100052424,108Â 006,B01,1,1,2,0,2,0,-1,0,0,-1,2021,52.0,2,1,0,2,4,1,5,,7,RD 126,0,,2,2,0,1,1,722,1,, -1,1,0,1,70,4,2,2021,18:00,4,54,54025,1,1,0,2,RD 126,48.65985,6.25061,18,2,2
202100000082,201Â 607,B01,1,1,1,0,2,0,-1,-1, -1,-1,2021,17.0,2,1,0,2,1,17,1,,4,CARNOT (AVENUE),0,,-1,3,0,2,(1),(1),1,, -1,1,0,1,50,14,12,2021,16:35,1,78,78172,2,2,0,3,CARNOT (AVENUE),48.995974,2.094474,16,3,2
202100012599,179Â 193,A01,1,1,1,5,2,6,-1,-1, -1,-1,2021,36.0,1,1,0,2,3,3,1,,1,AUTOROUTE A6A,0,,3,6,0,1,0,370,1,, -1,1,0,1,50,18,10,2021,12:15,1,94,94003,1,1,0,4,AUTOROUTE A6A,48.81302,2.33612,12,3,3
202100000020,201Â 726,B01,1,1,1,5,2,6,-1,-1, -1,-1,2021,35.0,2,1,0,2,4,2,1,,3,AV FRANCOIS MITTERRAND,0,,3,5,0,1,56,0,1,, -1,1,0,1,50,24,10,2021,13:15,1,91,91027,2,1,0,2,AV FRANCOIS MITTERRAND,48.7042539233,2.3720598221,13,2,2
202100022968,160Â 572,A01,2,2,2,5,0,-1,-1,0,0,-1,2021,32.0,3,6,0,0,7,15,1,,9,,0,,-1,1,0,1,(1),(1),1,, -1,6,0,8,50,22,8,2021,20:00,1,27,27011,1,1,0,7,chemin de la mare robert,49.219062,0.908593,20,2,1
202100006936,189Â 368,A01,1,1,1,1,2,6,-1,0,0,-1,2021,35.0,2,1,0,2,3,3,1,,4,PORTE DE VINCENNES,0,,1,4,0,1,32,400,1,, -1,1,0,1,70,20,11,2021,17:45,5,75,75112,2,1,0,3,PORTE DE VINCENNES,48.84225,2.413863,17,2,2
202100004036,194Â 528,B01,2,2,2,3,1,-1,-1,-1, -1,-1,2021,24.0,1,2,0,2,7,1,1,,3,PAIX (BOULEVARD DE LA),0,,2,3,0,1,18,860,1,, -1,1,0,1,50,8,12,2021,15:45,1,51,51454,2,3,0,3,Boulevard de la Paix,49.25217,4.04159,15,3,2