Num_Acc,id_vehicule,num_veh,place,catu,sexe,trajet,secu1,secu2,secu3,locp,actp,etatp,year_acc,victim_age,senc,catv,obs,obsm,choc,manv,motor,occutc,catr,voie,v1,v2,circ,nbv,vosp,prof,pr,pr1,plan,lartpc,larrout,surf,infra,situ,vma,jour,mois,an,hrmn,lum,dep,com,agg_,int,atm,col,adr,lat,long,hour,nb_victim,nb_vehicules
202100032337,143Â 956,A01,1,1,1,1,1,0,-1,-1, -1,-1,2021,27.0,2,2,1,0,3,5,1,,3,MAURICE BERTEAUX (AV),0,,3,2,0,1,1,0,1,, -1,1,0,1,30,22,6,2021,04:20,5,94,94059,2,1,0,6,Avenue Maurice Berteaux,48.81398,2.56537,4,1,1
202100029251,149Â 472,B01,1,1,1,0,1,0,-1,-1, -1,-1,2021,34.0,1,2,0,2,6,1,1,,1,86,0,,3,10,0,1,9,0,1,, -1,2,0,1,110,13,7,2021,18:10,1,92,92036,1,1,0,2,AUTOROUTE A86,48.9383700387,2.3001401108,18,2,2
202100037734,134Â 219,A01,1,1,1,0,8,0,-1,-1, -1,-1,2021,18.0,3,1,0,0,0,0,0,,4,MANGO (CITE),0,,-1,1,0,1,(1),(1),1,, -1,1,0,1,50,28,5,2021,12:05,1,973,97302,2,1,0,7,MANGO (CITE),4.9309192532,-52.3149572611,12,1,1
202100037143,135Â 298,A01,1,1,1,4,1,0,-1,-1, -1,-1,2021,40.0,1,5,0,2,1,2,1,,1,AUTOROUTE A86,0,,1,2,0,1,51,583,1,, -1,1,1,1,70,1,6,2021,09:55,1,94,94034,1,1,0,2,AUTOROUTE A86,48.76003,2.32099,9,2,2
202100011634,180Â 927,B01,1,1,1,5,2,6,-1,0,0,-1,2021,25.0,2,1,0,2,3,11,1,,4,BOULEVARD SERURIER,0,,1,3,0,1,(1),(1),3,, -1,2,0,1,50,22,10,2021,20:00,5,75,75119,2,2,0,3,BOULEVARD SERURIER,48.88949,2.395792,20,2,2
202100009588,184Â 568,A01,1,1,2,0,2,8,-1,-1, -1,-1,2021,42.0,2,1,0,9,1,1,1,,4,,0,,2,2,0,1,(1),(1),1,, -1,1,0,1,30,3,11,2021,08:25,1,56,56121,2,1,0,6,Rue de Lanveur,47.74437,-3.39495,8,1,1
202100007580,188Â 191,B01,1,1,1,9,1,0,-1,-1, -1,-1,2021,48.0,3,2,0,2,4,2,1,,3,Route DÃ©partementale 619,0,,2,2,0,1,53,440,1,, -1,1,0,1,90,17,11,2021,21:30,3,77,77532,1,1,1,2,D619,48.560641,3.226972,21,2,2
202100046208,119Â 171,B01,1,1,1,0,1,-1,-1,-1, -1,-1,2021,20.0,2,2,0,2,8,17,1,,7,FRERES PERRET                       (AV),0,,2,2,0,1,1,50,1,, -1,1,0,1,70,28,3,2021,19:00,1,69,69199,1,1,0,3,FRERES PERRET (DES) (AV),45.68634,4.84686,19,2,2
202100052517,107Â 847,B01,1,1,1,1,2,6,-1,-1, -1,-1,2021,29.0,1,1,0,2,3,3,1,,4,BOUCLE (DE LA)                      (MO),0,,3,3,2,2,(1),(1),1,, -1,1,0,1,50,4,2,2021,07:40,2,69,69384,2,1,0,3,BOUCLE (DE LA) (MO),45.7814660805,4.8392884537,7,2,2
202100030593,147Â 069,A01,3,2,2,5,1,0,-1,-1, -1,-1,2021,18.0,1,2,8,2,7,15,1,,3,,0,,2,3,0,1,32,645,1,, -1,1,0,1,50,5,7,2021,19:05,1,1,1053,2,2,0,3,MAGINOT ( AVENUE) COTE PAIR,46.20983,5.22734,19,3,2
202100005059,192Â 736,A01,2,2,2,5,2,8,-1,-1, -1,-1,2021,19.0,2,1,0,2,1,1,1,,4,CHAZELLES ( COURS LOUIS  DE ),0,,2,4,0,1,(1),(1),1,, -1,1,0,1,30,1,12,2021,18:15,5,56,56121,2,2,0,3,CHAZELLES ( COURS LOUIS  DE ),47.75372,-3.36236,18,3,2
202100047358,117Â 120,A01,10,3,2,4,0,-1,-1,6,9,3,2021,54.0,1,5,14,1,5,16,1,,4,CRAUSTE (RUE MARGUERITE),0,,2,2,2,1,(1),(1),3,, -1,2,8,8,50,19,3,2021,09:15,1,33,33063,2,6,1,6,Rue Corps Franc Pommies,44.83631,-0.58706,9,2,1
202100035503,138Â 250,B01,1,1,1,0,1,8,-1,-1, -1,-1,2021,34.0,3,2,0,2,8,1,1,,4,RUE SULLY,0,,2,2,0,1,(1),(1),1,, -1,1,0,1,30,9,6,2021,08:00,1,38,38185,2,2,0,3,Rue Sully,45.18559,5.70805,8,4,2
202100015610,173Â 773,A01,1,1,1,5,2,6,-1,0,0,-1,2021,34.0,1,1,0,0,7,16,1,,3,FERNAND MOUREAUX (BOULEVARD),0,,3,1,0,1,0,0,3,, -1,2,0,1,30,28,9,2021,23:30,5,14,14715,2,4,1,7,FERNAND MOUREAUX (BOULEVARD),49.365411,0.081537,23,1,1
202100035351,138Â 519,B01,1,1,1,5,2,8,-1,-1, -1,-1,2021,29.0,2,1,0,2,1,1,5,,3,GARDES (ROUTE DES) NÂ° 5 A 51,0,,-1,2,0,2,0,0,1,, -1,1,0,1,50,10,6,2021,19:45,1,92,92048,2,2,0,3,GARDES (ROUTE DES) NÂ° 5 A 51,48.8188247793,2.2346502542,19,3,2
202100019176,167Â 356,B01,1,1,1,5,8,0,-1,-1, -1,-1,2021,8.0,3,1,0,4,3,26,3,,4,ZAMENHOF (RUE LEJZER),0,,2,2,3,2,(1),(1),1,, -1,1,4,6,20,13,9,2021,21:35,5,34,34172,2,8,0,3,ZAMENHOF (RUE LEJZER),43.61581,3.82585,21,2,2
202100007762,187Â 885,A01,10,3,2,5,0,-1,-1,2,2,2,2021,74.0,1,2,0,1,1,1,1,,3,CASANOVA (AVENUE DANIELLE),0,,2,2,0,1,2,0,1,, -1,1,0,1,30,14,11,2021,15:45,1,95,95555,2,1,0,6,CASANOVA (AVENUE DANIELLE),48.9722256274,2.2889605506,15,2,1
202100018834,167Â 981,A01,1,1,1,1,1,-1,-1,0,0,-1,2021,39.0,2,2,13,0,2,1,1,,3,53,0,,2,2,0,1,26,394,1,, -1,1,8,3,80,16,9,2021,07:30,1,35,35343,1,3,0,6,La Roche Verrion,47.850945,-1.578807,7,1,1
202100018235,169Â 012,A01,2,2,2,5,1,-1,-1,0,0,-1,2021,19.0,1,2,13,0,2,1,1,,3,27,-1,,1,2,0,3,5,500,3,, -1,1,0,3,80,17,9,2021,22:30,3,51,51305,1,1,0,7,D27,49.252964,3.880266,22,2,1
202100013219,178Â 111,A01,1,1,1,5,2,6,-1,-1,0,-1,2021,21.0,1,1,0,2,1,21,1,,3,JOFFRE (BOULEVARD),0,,-1,2,0,1,5,350,1,, -1,1,0,1,50,14,10,2021,09:00,1,95,95176,2,3,0,3,THIERS PROLONGEE (RUE),48.9634412952,2.2008995156,9,2,2
202100050610,111Â 224,B01,1,1,1,1,1,-1,-1,0,0,-1,2021,24.0,1,2,0,2,2,1,1,,3,8,-1,,2,2,0,1,31,640,4,, -1,1,0,1,80,23,2,2021,13:20,1,37,37178,1,1,0,1,,47.1359321419,0.3746970892,13,2,2
202100041255,127Â 857,B01,1,1,1,5,2,0,-1,-1,0,-1,2021,31.0,2,1,0,2,2,17,1,,3,RN 1 SENS PROVINCE-PARIS,0,,3,4,0,1,2,200,1,, -1,1,0,1,90,4,5,2021,22:40,3,95,95539,1,1,0,2,RD 301,48.993239795,2.3606443405,22,2,2
202100000106,201Â 561,A01,1,1,2,0,1,8,-1,-1, -1,-1,2021,28.0,3,2,0,2,4,23,1,,4,DEPORTES (ROUTE DES ),0,,2,2,0,1,0,1,1,, -1,7,0,1,50,10,12,2021,19:30,5,74,74118,2,6,1,2,DEPORTES (ROUTE DES ),46.18047,6.22976,19,2,2
202100043106,124Â 626,B01,1,1,1,5,0,-1,-1,0,0,-1,2021,49.0,2,1,0,2,1,1,5,,3,70,0,D,2,2,0,1,3,940,1,, -1,1,0,1,80,23,4,2021,15:50,1,41,41008,1,1,0,3,D70,47.741217,1.543268,15,2,2
202100008569,186Â 419,B01,1,1,1,5,2,6,-1,0,0,-1,2021,16.0,2,1,0,2,1,1,1,,3,111,0,D,2,2,0,2,11,100,2,, -1,1,0,1,50,10,11,2021,21:15,3,85,85302,2,1,0,1,La Roche Molive,46.958765,-0.985336,21,2,2
202100010738,182Â 533,B01,1,1,1,9,2,0,-1,0,0,-1,2021,60.0,1,1,0,2,4,2,5,,4,AVENUE DU PRESIDENT WILSON,0,,3,6,3,2,(1),(1),1,, -1,1,-1,6,50,27,10,2021,19:35,5,75,75116,2,2,0,2,AVENUE DU PRESIDENT WILSON,48.863921,2.2905,19,2,2
202100050928,110Â 644,A01,1,1,2,1,2,6,-1,0,0,-1,2021,53.0,2,1,0,2,7,1,3,,4,RUE DE CRIMEE,0,,-1,1,0,2,(1),(1),1,, -1,1,0,1,30,19,2,2021,16:35,1,75,75119,2,3,0,3,RUE DE CRIMEE,48.884171,2.384292,16,3,2
202100041570,127Â 295,B01,2,1,1,4,2,6,-1,-1, -1,-1,2021,28.0,2,1,1,0,2,3,1,,3,JEAN LOLIVE (AVENUE)(1/55 2/60),0,,-1,1,1,1,0,0,1,, -1,1,0,1,50,2,5,2021,18:15,1,93,93055,2,1,0,3,JEAN LOLIVE (AVENUE)(1/55 2/60),48.89136,2.4026,18,2,2
202100039857,130Â 337,A01,2,2,1,5,8,-1,-1,0,0,-1,2021,25.0,1,2,13,0,1,13,1,,3,2160,0,,2,2,0,1,49,950,2,, -1,1,0,3,80,16,5,2021,00:10,5,45,45243,1,1,0,6,D2160-PR 49 + 950,47.993666,2.453991,0,2,1
202100028624,150Â 550,A01,1,1,1,5,2,6,-1,-1, -1,-1,2021,41.0,1,1,14,0,1,14,1,,4,SEMPAU (CHEMIN),0,,2,2,0,2,0,0,1,, -1,1,0,1,20,17,7,2021,01:15,3,64,64125,2,1,0,6,Chemin Sempau,43.4478,-1.55841,1,1,1
202100032597,143Â 508,A01,2,2,2,5,1,-1,-1,0,0,-1,2021,64.0,2,2,0,2,1,2,1,,1,9,-1,,3,4,0,1,69,500,1,, -1,1,0,1,130,24,6,2021,10:05,1,30,30344,1,1,0,2,"Autoroute A9, Point kilomÃ©trique 069.500",43.748653,4.207377,10,4,2
202100055449,102Â 741,A01,1,1,1,4,1,0,-1,-1, -1,-1,2021,33.0,1,2,0,1,1,1,1,,3,1ERE ARMEE (AVENUE),0,,3,2,0,2,0,0,1,, -1,1,0,1,30,11,1,2021,07:30,5,91,91286,2,1,0,6,1ERE ARMEE (AVENUE),48.65234,2.3955,7,2,1
202100055127,103Â 274,B01,8,2,2,9,3,-1,-1,0,0,-1,2021,1.0,2,2,0,2,3,1,1,,3,531,0,,2,2,0,2,43,200,3,, -1,5,0,1,80,15,1,2021,08:30,1,38,38205,1,1,1,1,Route de Grenoble,45.15085,5.6006,8,3,2
202100047795,116Â 321,A01,10,3,2,0,8,8,-1,5,9,1,2021,79.0,2,2,0,1,1,15,1,,7,,0,,2,2,1,1,60,875,1,, -1,1,0,4,50,16,3,2021,12:10,1,38,38169,2,1,0,6,Avenue Aristide Briand,45.18957,5.69257,12,2,1
202100055930,101Â 904,B01,1,1,1,5,1,0,-1,-1, -1,-1,2021,22.0,3,2,0,2,4,0,1,,4,JAURES JEAN (avenue),0,,2,0,0,1,(1),(1),2,, -1,1,0,1,50,5,1,2021,16:00,1,13,13077,2,1,0,2,JAURES JEAN (avenue),43.4109265527,4.9789463883,16,2,2
202100025360,156Â 330,A01,4,2,2,5,1,-1,-1,0,0,-1,2021,29.0,2,2,0,2,3,13,1,,3,840,-1,,2,2,0,2,27,450,4,, -1,2,0,1,90,7,8,2021,13:50,1,12,12016,1,1,1,5,RD840 ,44.509131,2.362018,13,6,3
202100040794,128Â 695,A01,1,1,2,5,1,-1,-1,0,0,-1,2021,19.0,2,2,8,0,1,1,1,,3,340,-1,,2,2,0,1,3,(1),3,, -1,1,0,3,80,7,5,2021,16:25,1,67,67136,1,1,0,6,D340,48.874101,7.135845,16,3,1
202100015353,174Â 268,B01,1,1,1,4,8,0,-1,0,0,-1,2021,33.0,1,2,0,2,4,23,1,,4,RUE GODEFROY CAVAIGNAC,0,,1,2,2,1,(1),(1),1,, -1,2,0,1,30,3,10,2021,00:30,5,75,75111,2,1,1,2,RUE GODEFROY CAVAIGNAC,48.856233,2.38051,0,5,2
202100055571,102Â 521,A01,1,1,1,5,2,6,9,0,0,-1,2021,23.0,1,1,0,0,8,1,1,,3,793,-1,,2,2,0,1,10,(1),1,, -1,1,0,1,50,8,1,2021,14:55,1,22,22020,2,3,0,7,38 Rue de Brondineuf,48.313081,-2.264015,14,1,1
202100013584,177Â 436,A01,10,3,1,2,0,-1,-1,4,3,1,2021,12.0,1,3,0,1,2,1,1,1.0,4,JEAN JAURES                         (AV),0,,1,2,3,1,(1),(1),1,, -1,1,0,1,50,12,10,2021,16:05,1,69,69387,2,2,0,6,JEAN JAURES (AV),45.7482779484,4.843685925,16,2,1
202100011950,180Â 363,A01,1,1,1,0,1,4,-1,-1, -1,-1,2021,19.0,2,2,4,0,8,1,1,,1,AUTOROUTE A86,0,,1,6,0,2,18,100,2,, -1,2,0,1,70,21,10,2021,16:50,1,93,93027,1,1,0,6,AUTOROUTE A86,48.92848,2.41263,16,1,1
202100013874,176Â 900,A01,10,3,2,3,0,-1,-1,3,3,1,2021,79.0,2,2,0,1,2,1,1,,4,LECLERC (AVENUE DU GENERAL),0,,2,2,0,1,0,0,1,, -1,1,0,1,50,11,10,2021,16:55,1,22,22360,2,2,0,6,LECLERC (AVENUE DU GENERAL),48.4887152724,-2.7273559486,16,2,1
202100008071,187Â 306,A01,1,1,1,0,2,0,-1,-1, -1,-1,2021,31.0,1,1,0,0,1,15,1,,3,VICTOR HUGO (BD),0,,2,4,1,1,0,0,1,, -1,2,0,1,30,15,11,2021,18:15,5,92,92024,2,3,1,7,VICTOR HUGO (BD),48.89886,2.31278,18,1,1
202100055446,102Â 746,B01,1,1,1,5,2,0,-1,-1, -1,-1,2021,38.0,2,1,0,2,3,1,1,,3,117,0,,2,2,0,4,0,0,1,, -1,1,0,1,50,11,1,2021,12:45,1,91,91345,2,9,0,3,RTE DE CORBEIL,48.68118,2.31337,12,2,2
202100036736,136Â 041,A01,1,1,1,5,2,6,-1,-1, -1,-1,2021,27.0,1,1,0,2,1,1,1,,1,A89 543.943 A 544.897 LYON/CLERM,0,,1,2,0,1,544,0,3,, -1,1,9,1,70,3,6,2021,17:20,1,69,69116,1,1,0,2,A89 543.943 A 544.897 LYON/CLERM,45.83792,4.75378,17,2,2
202100023403,159Â 783,B01,1,1,1,9,2,8,-1,-1, -1,-1,2021,45.0,3,1,0,2,1,1,1,,4,LALLOUETTE,0,,1,1,0,1,(1),(1),1,, -1,1,0,1,50,18,8,2021,10:45,1,973,97302,2,1,0,3,LALLOUETTE,4.9404797221,-52.3302471545,10,2,2
202100011707,180Â 807,B01,1,1,1,5,2,6,-1,0,0,-1,2021,20.0,2,1,0,2,4,15,1,,3,79,0,,2,2,0,1,16,(1),1,, -1,1,0,1,80,22,10,2021,21:00,3,14,14191,1,1,0,3,Route de Caen,49.320283,-0.453765,21,2,2
202100033923,141Â 125,A01,1,1,2,5,1,-1,-1,0,0,-1,2021,84.0,1,2,2,0,9,1,1,,2,165,0,,3,4,0,1,107,120,1,, -1,1,0,3,110,17,6,2021,14:45,1,56,56078,1,1,0,6,N165 sens Nantes/Brest,47.815734,-3.463204,14,1,1
202100004295,194Â 081,A01,1,1,2,1,1,0,-1,0,0,-1,2021,58.0,1,2,0,2,6,13,1,,4,SOUTERRAIN QUAI DE LA RAPEE,0,,1,3,0,2,(1),(1),1,, -1,2,0,1,50,6,12,2021,06:00,5,75,75112,2,1,1,3,SOUTERRAIN QUAI DE LA RAPEE,48.84371,2.370041,6,2,2
202100023596,159Â 461,D01,1,1,2,0,1,0,-1,-1, -1,-1,2021,48.0,2,2,0,2,1,1,1,,2,RN12,0,,2,4,0,1,1,0,1,, -1,1,0,1,90,16,8,2021,11:45,1,22,22187,2,1,0,4,RN12,48.53151,-2.756592,11,6,4
202100000496,200Â 817,A01,10,3,1,5,0,-1,-1,1,3,1,2021,43.0,1,3,0,1,2,1,3,,9,THOLOZE (RUE),0,,-1,0,0,1,(1),(1),1,, -1,1,4,6,1,7,6,2021,16:00,1,59,59606,2,8,0,6,THOLOZE (RUE),50.3610386221,3.520206213,16,2,1
202100008433,186Â 664,A01,10,3,1,0,0,-1,-1,3,3,1,2021,57.0,1,5,0,1,1,1,1,,4,BANK (BOULEVARD),0,,3,4,0,1,0,0,1,, -1,1,9,1,50,10,11,2021,06:10,1,974,97416,2,1,0,1,BANK (BOULEVARD),-21.33074,55.47467,6,2,1
202100011302,181Â 536,A01,1,1,1,5,2,-1,-1,0,0,-1,2021,24.0,2,1,0,1,1,1,1,,4,,-1,,1,2,0,1,(1),(1),1,,5,1,0,1,50,22,10,2021,19:00,3,971,97128,2,1,0,6,Rue AbbÃ© GrÃ©goire,16.2267207698,-61.3830265403,19,2,1
202100004520,193Â 695,A01,10,3,2,0,0,-1,-1,2,3,1,2021,66.0,3,5,0,1,3,15,1,,4,PRESIDENT POINCARE,0,,2,2,0,1,(1),(1),1,, -1,2,0,1,30,4,12,2021,13:08,1,59,59183,2,9,0,6,PRESIDENT POINCARE,51.0352862531,2.3802137375,13,2,1
202100032576,143Â 542,A01,1,1,1,5,8,-1,-1,0,0,-1,2021,43.0,1,2,13,0,1,1,1,,3,104,0,,2,2,0,1,17,300,1,, -1,1,0,1,80,24,6,2021,23:15,3,18,18004,1,1,0,6,Les Delas,47.224028,2.267877,23,1,1
202100038883,132Â 126,A01,1,1,1,0,1,-1,-1,-1, -1,-1,2021,67.0,3,2,14,0,2,1,1,,4,QUARANTAINE (DE LA)                 (R ),0,,1,1,0,1,(1),(1),1,, -1,2,0,1,50,21,5,2021,19:30,1,69,69385,2,1,1,7,QUARANTAINE (DE LA) (R),45.7530721537,4.8223512585,19,1,1
202100040644,128Â 964,A01,1,1,1,5,1,-1,-1,0,0,-1,2021,26.0,1,2,6,0,1,7,1,,3,D813,0,D,2,2,3,2,35,800,1,, -1,2,2,6,50,9,5,2021,19:50,2,31,31446,2,1,1,6,Boulevard FranÃ§ois Mitterrand (Pont),43.54772,1.479753,19,1,1
202100002983,196Â 443,A01,10,3,1,0,0,-1,-1,5,2,1,2021,28.0,3,2,0,1,3,9,1,,4,,0,,1,1,1,2,1,0,1,, -1,1,0,5,30,14,12,2021,07:45,2,92,92073,2,1,0,6,TUILERIE (RUE DE LA),48.862442,2.214934,7,3,2
202100001145,199Â 726,B01,1,1,1,1,2,6,-1,-1, -1,-1,2021,24.0,2,1,0,2,2,3,1,,1,A4,0,,3,4,0,1,9,300,1,, -1,2,1,1,90,29,12,2021,10:35,1,94,94017,1,1,1,2,A4,48.8276543997,2.5065243244,10,2,2
202100054895,103Â 687,A01,10,3,1,9,0,-1,-1,3,3,1,2021,20.0,3,2,0,1,2,1,1,,4,BEAUSSIER BOULEVARD,0,,3,4,0,1,1,0,1,, -1,2,0,1,50,14,1,2021,18:00,5,49,49007,2,2,1,6,BEAUSSIER BOULEVARD,47.4717,-0.5999,18,2,1
202100011185,181Â 736,A01,1,1,1,0,2,6,-1,-1, -1,-1,2021,32.0,2,1,0,2,1,3,1,,1,AUTOROUTE A3,0,,1,3,0,1,0,100,1,, -1,1,3,1,90,25,10,2021,14:00,1,93,93006,1,1,0,2,AUTOROUTE A3,48.86627,2.41461,14,2,2
202100012012,180Â 239,A01,10,3,1,5,0,-1,-1,4,3,1,2021,84.0,1,2,0,1,1,9,1,,7,METZ (BOULEVARD DE),0,,2,2,0,1,(1),(1),1,, -1,2,0,1,50,20,10,2021,10:03,1,59,59512,2,1,1,6,METZ (BOULEVARD DE),50.702744,3.182172,10,2,1
202100020582,164Â 841,B01,2,2,1,0,2,6,-1,-1, -1,-1,2021,30.0,1,1,0,2,8,1,1,,3,SAINT LEU (ROUTE),0,,2,4,1,1,0,0,1,, -1,1,0,5,50,6,9,2021,18:26,1,93,93079,2,9,0,3,Route de Saint-Leu,48.95477,2.334142,18,3,2
202100047484,116Â 887,A01,1,1,1,0,8,0,-1,-1, -1,-1,2021,16.0,1,1,0,2,1,19,5,,4,23 NOVEMBRE (AVENUE DU),0,,3,3,2,1,(1),(1),1,, -1,2,0,1,50,17,3,2021,07:30,1,67,67447,2,3,1,3,23 NOVEMBRE (AVENUE DU),48.60688,7.7305,7,2,2
202100045072,121Â 166,A01,10,3,1,5,0,-1,-1,2,2,1,2021,46.0,3,2,0,1,7,1,1,,4,,-1,,1,1,0,2,(1),(1),1,, -1,1,0,1,50,3,4,2021,17:45,1,53,53062,2,3,0,6,Grande Rue,47.828974,-0.704761,17,2,1
202100038847,132Â 190,A01,1,1,1,5,2,6,9,0,0,-1,2021,32.0,0,1,0,2,1,1,1,,7,7,0,N,2,2,0,1,31,900,1,, -1,1,0,1,50,12,5,2021,14:55,1,13,13053,2,1,1,3,Pont Royal,43.712627,5.189785,14,2,2
202100037049,135Â 475,B01,1,1,1,5,2,6,-1,0,0,-1,2021,27.0,3,1,0,2,1,3,1,,4,QUAI DE BERCY,0,,-1,3,0,2,(1),(1),1,, -1,1,0,1,50,1,6,2021,18:15,1,75,75112,2,1,0,3,QUAI DE BERCY,48.834509,2.380911,18,2,2
202100020393,165Â 186,A01,1,1,1,1,2,6,-1,0,0,-1,2021,30.0,3,1,0,2,1,1,1,,3,66,-1,,2,2,0,3,(1),(1),1,, -1,1,0,1,50,6,9,2021,19:45,2,50,50082,2,2,0,1,Rue Pierre Marie,49.470014,-1.641051,19,2,2
202100036279,136Â 830,B01,1,1,1,9,8,0,-1,-1, -1,-1,2021,48.0,2,1,0,2,0,0,1,,3,CROISAT AMBROISE RD 29 BIS,0,,2,2,0,2,0,1,1,, -1,2,1,1,50,4,6,2021,17:00,5,93,93066,2,9,1,2,Rue Ambroise Croizat,48.9324169904,2.3489259542,17,2,2
202100027346,152Â 841,A01,1,1,1,0,2,0,-1,0,0,-1,2021,33.0,0,1,0,2,1,1,1,,4,BOURGOGNE (RUE DE),0,,-1,2,0,1,(1),(1),1,, -1,1,0,1,50,23,7,2021,21:00,5,71,71306,2,2,0,3,BOURGOGNE (RUE DE),46.671148,4.376747,21,2,2
202100035284,138Â 633,A01,2,2,2,5,1,0,-1,-1, -1,-1,2021,25.0,1,2,0,2,4,2,1,,4,JEAN MOULIN (BOULEVARD),0,,2,6,0,1,0,0,1,, -1,1,0,1,50,10,6,2021,21:40,2,13,13210,2,1,0,2,JEAN MOULIN (BOULEVARD),43.28653,5.39957,21,3,2
202100026644,154Â 081,B01,2,2,1,0,1,8,-1,-1, -1,-1,2021,18.0,1,2,0,2,5,1,1,,4,GUIEYSSE (RUE  PAUL ),0,,2,2,0,1,(1),(1),1,, -1,1,0,1,50,27,7,2021,23:09,4,56,56121,2,3,0,3,GUIEYSSE (RUE  PAUL ),47.75712,-3.36781,23,3,2
202100047312,117Â 199,A01,1,1,2,4,1,8,-1,-1, -1,-1,2021,42.0,2,2,0,2,4,1,1,,1,A7-Sens Marseille vers Lyon,0,,-1,3,0,1,266,0,1,, -1,2,0,1,90,19,3,2021,11:05,1,13,13071,1,1,1,2,A7-Sens Marseille vers Lyon,43.413515,5.280638,11,2,2
202100012855,178Â 747,B01,1,1,2,0,2,0,-1,-1, -1,-1,2021,45.0,1,0,0,2,1,22,3,,4,CARNOT   AVENUE,0,,2,4,1,1,(1),(1),1,, -1,1,0,5,50,15,10,2021,17:57,1,17,17300,2,1,0,3,CARNOT   AVENUE,46.1651,-1.18516,17,2,2
202100037387,134Â 838,C01,1,1,1,1,2,6,-1,-1, -1,-1,2021,32.0,2,1,0,2,4,1,1,,7,RD383   7.640 A 11.044,0,,3,3,0,1,8,100,1,, -1,1,0,1,70,28,5,2021,17:30,1,69,69029,1,1,0,4,RD383   7.640 A 11.044,45.745248495,4.9062756298,17,4,4
202100035772,137Â 768,Y01,1,1,1,5,8,0,-1,0,0,-1,2021,43.0,2,1,0,2,1,19,0,,3,MARTYRS DE LA DEPORTATION (RUE),0,,2,2,0,1,0,1,1,, -1,1,0,1,50,7,6,2021,16:05,1,93,93050,2,1,0,3,Rue Martyrs de la Deportation,48.8564,2.52631,16,2,2
202100048013,115Â 920,B01,1,1,1,5,2,-1,-1,-1, -1,-1,2021,40.0,1,1,0,2,2,1,1,,4,BERTHELOT                           (AV),0,,1,2,3,1,(1),(1),1,, -1,1,0,1,50,14,3,2021,21:05,5,69,69387,2,1,0,3,BERTHELOT (AV),45.7426900661,4.8497020253,21,2,2
202100035505,138Â 248,A01,1,1,1,1,1,0,-1,-1, -1,-1,2021,33.0,1,2,0,2,7,19,1,,2,LORIENT (DE),0,,3,4,3,1,2,387,1,, -1,1,0,1,50,9,6,2021,11:40,1,35,35238,2,1,0,3,LORIENT (DE),48.10681,-1.72808,11,4,2
202100042997,124Â 816,A01,1,1,2,0,2,8,-1,-1, -1,-1,2021,39.0,3,1,0,0,8,1,1,,4,CESAIRE (CITE),0,,2,-1,0,1,(1),(1),1,, -1,1,0,1,50,21,4,2021,13:12,1,973,97302,2,1,0,7,CESAIRE (CITE),4.9307479981,-52.3229084807,13,1,1
202100013339,177Â 906,B01,1,1,1,9,8,0,-1,0,0,-1,2021,75.0,1,1,1,0,1,1,5,,3,63A,0,,2,2,0,1,0,1,1,, -1,1,0,1,50,14,10,2021,18:40,2,92,92020,2,1,0,3,EXUPERY AVENUE SAINT,48.80909,2.29839,18,3,2
202100038420,132Â 968,A01,1,1,1,4,2,8,-1,-1, -1,-1,2021,33.0,1,1,0,2,1,18,1,,4,,0,,2,2,0,1,0,0,1,, -1,1,0,1,50,24,5,2021,19:40,1,92,92036,2,4,0,3,FELICIE (RUE),48.9327323028,2.2970022261,19,2,2
202100012511,179Â 346,A01,10,3,1,3,0,-1,-1,2,3,1,2021,74.0,1,2,0,1,3,1,1,,3,1089,-1,,2,2,0,1,3,48,1,, -1,1,0,1,50,19,10,2021,09:15,2,33,33478,2,1,1,6,,45.013004,-0.002315,9,2,1
202100003278,195Â 904,B01,1,1,1,5,2,6,-1,0,0,-1,2021,32.0,2,1,7,0,8,1,1,,3,98,-1,,2,2,0,1,16,249,1,, -1,2,0,1,80,13,12,2021,21:20,3,60,60027,1,2,1,1,D1324,49.230728,2.810698,21,2,2
202100019996,165Â 891,C01,1,1,1,1,2,6,-1,0,0,-1,2021,25.0,2,1,0,2,9,17,1,,3,306,-1,,3,2,2,1,28,20,1,, -1,1,0,1,80,10,9,2021,17:40,1,69,69009,2,1,0,5,VILLEFRANCHE (DE) (RTE),45.953555,4.714948,17,3,3
202100048220,115Â 562,A01,1,1,1,5,2,2,-1,0,0,-1,2021,16.0,1,1,0,2,1,2,5,,4,PROMENADE ROGER LAROQUE,0,,3,4,0,1,0,0,1,, -1,1,8,1,50,8,3,2021,11:00,1,988,98818,2,1,0,2,PROMENADE ROGER LAROQUE,-22.3028,166.44322,11,2,2
202100001386,199Â 292,A01,1,1,1,9,2,0,-1,-1, -1,-1,2021,27.0,1,1,0,2,1,7,1,,3,PARC (RUE DU),0,,2,4,3,1,0,1,1,, -1,2,0,1,50,24,12,2021,19:05,5,93,93053,2,3,1,3,PARC (RUE DU),48.89547,2.44364,19,2,2
202100047767,116Â 364,A01,10,3,1,2,0,-1,-1,6,4,1,2021,14.0,1,2,0,1,2,16,1,,7,THOMAS (AVENUE AMBROISE),0,,2,2,0,1,11,560,2,, -1,1,5,1,30,15,3,2021,17:10,1,83,83069,2,2,0,6,ROUBAUD (CHEMIN DU),43.114039,6.133871,17,2,1