Num_Acc,id_vehicule,num_veh,place,catu,sexe,trajet,secu1,secu2,secu3,locp,actp,etatp,year_acc,victim_age,senc,catv,obs,obsm,choc,manv,motor,occutc,catr,voie,v1,v2,circ,nbv,vosp,prof,pr,pr1,plan,lartpc,larrout,surf,infra,situ,vma,jour,mois,an,hrmn,lum,dep,com,agg_,int,atm,col,adr,lat,long,hour,nb_victim,nb_vehicules
202100053277,106Â 502,B01,1,1,1,5,0,-1,-1,0,0,-1,2021,22.0,1,1,0,2,2,1,5,,3,1113,-1,,2,2,0,1,(1),(1),2,, -1,2,0,1,50,27,1,2021,16:10,1,33,33327,2,6,1,3,Cours du MarÃ©chal Foch,44.656894,-0.36639,16,2,2
202100014954,174Â 977,A01,1,1,1,0,1,-1,-1,-1, -1,-1,2021,38.0,1,2,0,4,1,1,1,,4,VILLETTE (DE LA)                    (R ),0,,2,4,0,1,(1),(1),1,, -1,2,5,1,30,4,10,2021,20:20,2,69,69383,2,2,1,3,VILLETTE (DE LA) (R),45.76291,4.86194,20,3,2
202100033805,141Â 336,B01,1,1,1,4,2,4,-1,-1, -1,-1,2021,28.0,1,1,0,2,8,1,5,,4,ROSES (DES)                         (BD),0,,2,2,0,1,(1),(1),1,, -1,1,0,1,50,17,6,2021,09:45,1,69,69290,2,2,1,3,GARIBALDI (R),45.6851,4.94565,9,2,2
202100015776,173Â 469,B01,2,1,1,0,2,0,-1,-1, -1,-1,2021,24.0,0,1,1,2,0,0,0,,3,7,0,,-1,0,0,1,0,0,1,, -1,1,0,8,50,30,9,2021,09:36,1,92,92062,2,9,0,3,DE DION BOUTON (QUAI) DU 29 AU 65,48.8843064254,2.2498530149,9,2,2
202100004744,193Â 301,A01,10,3,2,9,0,-1,-1,2,3,1,2021,60.0,2,2,0,1,3,15,1,,3,779B,0,,1,2,0,1,0,1,2,, -1,1,0,1,50,4,12,2021,21:50,5,56,56260,2,3,0,6,MADELEINE(PLACE DE LA),47.65904,-2.7719037,21,2,1
202100048843,114Â 455,A01,1,1,1,1,2,6,-1,-1, -1,-1,2021,31.0,1,1,0,2,1,26,1,,3,HERRIOT (AVE EDOUARD),0,,2,2,0,2,25,750,1,, -1,1,5,1,50,6,3,2021,16:15,1,83,83137,2,3,0,3,HERRIOT (AVE EDOUARD),43.128555,5.891795,16,2,2
202100048469,115Â 125,A01,1,1,1,9,1,-1,-1,0,0,-1,2021,21.0,2,2,1,0,8,26,1,,9,,-1,,2,2,0,1,(1),(1),1,, -1,1,0,1,50,11,3,2021,17:40,1,80,80410,2,1,1,6,Rue du Marais,49.747469,3.060883,17,1,1
202100011426,181Â 298,B01,1,1,1,1,2,6,-1,0,0,-1,2021,24.0,3,1,0,2,7,1,1,,4,RUE LA BOETIE,0,,1,2,0,2,(1),(1),1,, -1,1,0,1,30,23,10,2021,14:40,1,75,75108,2,2,0,3,RUE LA BOETIE,48.874181,2.317537,14,2,2
202100036489,136Â 478,A01,1,1,1,0,2,8,-1,-1, -1,-1,2021,30.0,3,1,0,2,1,1,1,,4,ANATOLE SIGONNEAU (RUE),0,,2,2,0,1,0,0,1,, -1,1,0,1,50,4,6,2021,22:24,4,93,93007,2,1,0,1,ANATOLE SIGONNEAU (RUE),48.9533,2.45909,22,2,2
202100021761,162Â 729,A01,10,3,2,0,0,-1,-1,2,3,2,2021,55.0,1,2,0,1,1,1,1,,7,FRONT DE MER (BOULEVARD),0,,2,2,0,1,11,90,1,, -1,1,0,1,30,30,8,2021,16:10,1,83,83069,2,1,0,6,FRONT DE MER (BOULEVARD),43.1038708195,6.1741447449,16,2,1
202100020623,164Â 763,C01,1,1,1,1,2,6,-1,0,0,-1,2021,51.0,1,1,0,2,1,1,1,,3,113,0,,2,2,0,1,14,120,1,, -1,1,0,1,80,6,9,2021,18:15,1,47,47252,1,3,0,5,Colombier Bas,44.384993,0.579856,18,3,3
202100047657,116Â 568,B01,1,1,1,1,2,6,-1,-1, -1,-1,2021,62.0,2,1,0,2,8,1,1,,3,CANADIENS (AV DES),0,,-1,4,0,1,1,0,1,, -1,2,5,1,50,17,3,2021,07:35,2,94,94042,2,1,1,3,CANADIENS (AV DES),48.82028,2.46724,7,2,2
202100035589,138Â 101,A01,1,1,1,1,2,6,-1,0,0,-1,2021,50.0,1,1,0,9,1,1,1,,1,4,-1,,1,2,3,1,36,300,3,, -1,1,8,1,130,10,6,2021,08:00,1,77,77141,1,9,0,7,A4 Pk 36+300,48.863843,2.848372,8,1,1
202100039198,131Â 559,A01,2,2,2,5,9,-1,-1,0,0,-1,2021,15.0,1,2,13,0,3,1,1,,3,1,0,A,-1,1,0,2,0,300,2,, -1,9,0,3,50,20,5,2021,21:45,2,31,31020,1,1,0,6,Chemin forestier RAOUX,43.008863,0.841224,21,2,1
202100056046,101Â 703,B01,1,1,2,3,1,0,-1,-1, -1,-1,2021,74.0,1,2,0,2,4,1,1,,4,MENDES FRANCE AVENUE PIERRE,0,,-1,2,0,1,1,0,1,, -1,2,0,1,50,4,1,2021,17:57,5,49,49015,2,1,1,2,MENDES FRANCE AVENUE PIERRE,47.505312,-0.587901,17,2,2
202100032400,143Â 858,A01,2,2,2,5,1,-1,-1,0,0,-1,2021,29.0,1,2,0,2,7,17,1,,2,106,-1,,3,4,0,1,24,400,1,, -1,1,0,1,110,25,6,2021,20:00,1,30,30046,1,1,0,3,N106,43.991333,4.192228,20,5,2
202100042347,125Â 929,B01,1,1,1,9,8,-1,-1,0,0,-1,2021,36.0,2,1,0,2,8,1,5,,4,RUE LEGENDRE,0,,1,2,2,1,(1),(1),1,, -1,1,0,5,30,27,4,2021,15:35,1,75,75117,2,5,0,3,RUE LEGENDRE,48.883268,2.312745,15,2,2
202100005347,192Â 229,A01,1,1,1,5,8,0,-1,-1, -1,-1,2021,31.0,0,2,0,2,2,20,1,,4,GUIBAL (RUE),0,,2,2,0,1,0,0,1,, -1,1,0,1,50,1,12,2021,16:10,1,13,13203,2,1,0,3,GUIBAL (RUE),43.3075173101,5.387180322,16,2,2
202100023440,159Â 722,A01,1,1,1,1,2,6,-1,-1, -1,-1,2021,22.0,1,1,0,2,1,1,1,,4,PLATANES CO (BOULEVARD DES),0,,2,1,0,1,0,0,1,, -1,1,0,1,30,19,8,2021,20:20,2,13,13209,2,1,0,1,PLATANES CO (BOULEVARD DES),43.27306,5.40826,20,2,2
202100012104,180Â 078,B01,1,1,2,5,1,-1,-1,0,0,-1,2021,79.0,0,2,0,2,8,19,1,,2,12,0,,3,2,0,1,23,0,1,, -1,1,0,1,110,21,10,2021,09:40,1,28,28405,1,9,0,3,RN 12 intersection RD 311-4,48.743526,1.291001,9,2,2
202100043247,124Â 359,A01,1,1,1,5,0,-1,-1,0,0,-1,2021,15.0,0,1,0,2,1,9,5,,4,Rue du SacrÃ© Coeur,-1,,2,2,0,1,9,500,1,,5,1,9,1,50,20,4,2021,17:20,1,29,29108,2,2,0,3,Rue du SacrÃ© Coeur,48.001054,-4.335641,17,2,2
202100008717,186Â 152,B01,1,1,1,0,0,0,-1,-1, -1,-1,2021,22.0,1,1,0,2,8,0,3,,4,KIOSQUE (RUE DU),0,,2,2,0,1,(1),(1),1,, -1,1,0,1,50,5,11,2021,17:15,2,59,59178,2,1,0,3,KIOSQUE (RUE DU),50.36416,3.07892,17,2,2
202100022168,162Â 021,A01,1,1,1,4,1,-1,-1,0,0,-1,2021,40.0,1,2,0,2,7,1,1,,3,163,-1,,2,2,0,1,(1),(1),1,, -1,1,0,1,80,27,8,2021,07:50,1,10,10078,1,2,0,3,D81,48.220391,4.422056,7,2,2
202100054286,104Â 722,A01,2,2,2,2,8,-1,-1,0,0,-1,2021,12.0,2,3,16,0,7,1,1,13.0,3,61,-1,,2,2,0,1,6,800,1,, -1,2,0,3,80,22,1,2021,08:15,2,35,35301,1,1,0,7,D61 - SAINT-M'HERVON,48.223022,-2.0541,8,8,1
202100050591,111Â 255,B01,1,1,1,0,1,8,-1,-1, -1,-1,2021,37.0,3,2,0,0,0,0,1,,4,AVENIR (PONT DE L'),0,,2,2,0,1,(1),(1),1,, -1,1,0,8,50,10,2,2021,18:35,1,11,11262,2,1,0,6,AVENIR (PONT DE L'),43.17984,3.01734,18,2,2
202100052063,108Â 656,A01,1,1,2,9,1,-1,-1,0,0,-1,2021,24.0,1,2,0,0,4,2,1,,3,1005,-1,,2,2,0,1,14,0,1,, -1,1,0,1,50,5,2,2021,12:25,1,74,74263,2,1,0,2,Av de Bonnatrait,46.333982,6.390561,12,2,2
202100037410,134Â 794,A01,1,1,1,0,2,8,-1,-1, -1,-1,2021,59.0,1,1,0,2,8,1,1,,2,GENERAL DE GAULLE (BLD DU),0,,1,4,3,1,0,60,1,, -1,1,0,1,50,30,5,2021,11:55,1,972,97209,2,1,0,3,GENERAL DE GAULLE (BLD DU),14.6074288389,-61.0716462135,11,2,2
202100013231,178Â 090,A01,10,3,1,5,0,-1,-1,1,3,1,2021,8.0,0,2,0,1,1,1,1,,4,ANEMONES. RUE DES,0,,2,2,0,2,0,0,1,, -1,1,0,1,50,14,10,2021,16:50,1,76,76575,2,1,0,6,ANEMONES. RUE DES,49.3919030356,1.0914553373,16,2,1
202100010517,182Â 927,A01,10,3,1,5,0,-1,-1,3,3,2,2021,4.0,3,2,0,1,1,26,1,,4,DUNKERQUE RUE DE,0,,2,2,0,1,(1),(1),1,, -1,1,9,1,50,28,10,2021,17:30,1,59,59220,2,3,0,6,DUNKERQUE RUE DE,50.59886,3.07236,17,3,1
202100037526,134Â 588,A01,1,1,1,5,2,6,-1,0,0,-1,2021,50.0,2,1,12,0,1,16,1,,3,52,0,,1,1,0,1,12,150,1,, -1,1,0,3,80,29,5,2021,19:55,1,57,57303,1,6,0,6,"Route dÃ©partement 52, route de Maizieres",49.222077,6.193915,19,1,1
202100018688,168Â 240,A01,1,1,1,0,1,-1,-1,0,0,-1,2021,21.0,2,2,0,2,1,17,1,,7,34,0,,2,2,0,1,18,162,3,, -1,1,0,1,80,17,9,2021,16:15,1,35,35066,1,1,0,1,D34,48.040753,-1.691666,16,2,2
202100021321,163Â 543,A01,1,1,2,0,2,0,-1,-1, -1,-1,2021,28.0,2,1,0,2,1,2,1,,3,7,0,,2,4,0,1,0,0,1,, -1,1,0,1,50,2,9,2021,16:30,1,92,92004,2,3,0,2,DOCTEUR DERVAUX  ( QUAI DU ),48.9083976439,2.2927938662,16,2,2
202100021195,163Â 774,A01,1,1,1,1,2,6,-1,-1, -1,-1,2021,47.0,1,1,0,2,1,3,1,,1,Autoroute A31,0,,-1,5,0,2,327,799,1,, -1,1,0,1,110,3,9,2021,07:06,2,57,57343,1,1,0,2,Autoroute A31,49.32778,6.18549,7,2,2
202100047349,117Â 134,A01,1,1,1,-1,0,-1,-1,-1, -1,-1,2021,74.0,3,2,14,0,0,1,-1,,4,,-1,,1,-1,-1,1,(1),(1),3,, -1,1,0,1,-1,18,3,2021,18:26,2,49,49353,2,1,0,6,QUATORZE JUILLET,47.44631,-0.5016,18,1,1
202100009742,184Â 287,A01,10,3,1,3,0,-1,-1,3,3,1,2021,59.0,2,2,0,1,0,1,1,,2,ROCADE RN88 NORD,0,,1,1,0,1,32,67,3,, -1,1,0,1,50,2,11,2021,18:15,5,81,81004,2,6,0,6,ROCADE RN88 NORD,43.95206,2.15484,18,3,2
202100054104,105Â 037,A01,1,1,2,5,8,0,-1,0,0,-1,2021,64.0,1,1,0,0,2,1,3,,4,RUE DE RIVOLI,0,,2,4,1,1,(1),(1),1,, -1,1,0,1,50,22,1,2021,12:20,1,75,75101,2,3,0,7,RUE DE RIVOLI,48.864407,2.330132,12,1,1
202100044949,121Â 386,B01,1,1,1,9,8,-1,-1,-1, -1,-1,2021,25.0,2,1,0,2,1,1,5,,4,BRAY (RUE DE),0,,2,2,2,1,(1),(1),1,, -1,1,0,5,50,6,4,2021,12:15,1,35,35051,1,9,0,3,BRAY (RUE DE),48.10768,-1.61801,12,2,2
202100011809,180Â 611,B01,1,1,1,5,2,6,-1,-1, -1,-1,2021,62.0,1,1,0,2,1,0,1,,4,,0,,2,3,0,1,(1),(1),1,, -1,1,5,1,50,21,10,2021,12:45,1,45,45234,2,2,0,1,Rue Eugene Vignat,47.91288,1.91249,12,2,2
202100054735,103Â 955,A01,10,3,2,2,0,-1,-1,4,3,1,2021,13.0,1,2,0,1,3,1,1,,7,70,-1,,3,4,3,1,33,(1),1,, -1,2,0,1,50,18,1,2021,12:00,1,21,21540,2,1,0,6,avenue colonel prat,47.3297150815,5.074255134,12,2,1
202100033934,141Â 106,B01,1,1,2,5,0,-1,-1,0,0,-1,2021,68.0,2,1,0,2,3,2,5,,3,992,0,,2,2,0,1,4,0,2,, -1,1,0,1,80,1,6,2021,16:00,1,1,1193,1,3,0,3,D992,45.640568,5.644087,16,2,2
202100021797,162Â 662,B01,1,1,2,5,0,0,-1,0,0,-1,2021,6.0,1,1,0,2,1,19,5,,2,COMMANDANT DUMONT ( AVENUE),0,,2,3,0,2,37,80,1,, -1,1,0,1,50,27,8,2021,15:00,1,5,5061,2,1,0,6,COMMANDANT DUMONT ( AVENUE),44.5626788952,6.0839626862,15,2,2
202100044745,121Â 736,B01,9,2,2,3,3,1,-1,0,0,-1,2021,2.0,2,2,0,2,1,1,1,,3,8,0,,2,2,0,3,26,100,1,, -1,2,0,3,80,9,4,2021,16:30,1,2,2323,1,1,1,1,d8,49.91897,3.358598,16,5,2
202100023435,159Â 732,A01,1,1,2,5,1,-1,-1,-1,0,-1,2021,33.0,1,2,0,0,9,1,1,,2,RN 165,0,,2,4,0,1,49,700,1,, -1,1,0,3,110,19,8,2021,04:10,3,29,29051,1,1,0,7,RN 165,48.0026685558,-4.0551104347,4,2,1
202100013347,177Â 891,A01,1,1,1,0,1,-1,-1,0,0,-1,2021,45.0,0,2,0,2,1,2,1,,3,1032,-1,D,3,4,0,1,8,750,1,, -1,1,0,1,110,14,10,2021,17:30,1,60,60636,1,1,0,2,D1032,49.488568,2.873684,17,2,2
202100038182,133Â 398,A01,1,1,2,5,2,6,-1,-1, -1,-1,2021,21.0,3,1,0,2,1,1,1,,4,ANTRAIN (D') DE 0 A 43 ET 80,0,,-1,0,0,1,(1),(1),1,, -1,1,0,1,50,26,5,2021,17:30,1,35,35238,2,9,0,3,ANTRAIN (D') DE 0 A 43 ET 80,48.11835,-1.67606,17,2,2
202100055298,102Â 977,A01,10,3,2,9,0,-1,-1,3,3,1,2021,66.0,2,2,0,1,3,1,1,,3,33,0,,2,2,0,1,(1),(1),1,, -1,2,0,1,50,12,1,2021,08:20,2,59,59033,2,3,1,6,HOTEL DE VILLE (RUE DE L'),50.19971,3.8342,8,2,1
202100023559,159Â 527,B01,1,1,1,0,2,6,-1,-1, -1,-1,2021,32.0,1,1,0,0,4,0,1,,4,FRERES LUMIERE (DES)                (AV),0,,1,1,2,1,(1),(1),1,, -1,1,0,1,50,19,8,2021,00:20,5,69,69388,2,1,0,2,FRERES LUMIERE (DES) (AV),45.74515,4.86613,0,4,2
202100036205,136Â 973,B01,1,1,1,5,1,8,-1,-1, -1,-1,2021,81.0,2,2,0,2,4,2,1,,1,A13,0,,1,4,0,2,48,900,1,, -1,1,1,1,110,6,6,2021,10:45,1,78,78362,1,1,0,2,A13,48.977759,1.711932,10,2,2
202100046429,118Â 788,A01,1,1,1,5,2,6,-1,0,0,-1,2021,41.0,1,1,0,0,7,16,1,,4,,-1,,2,1,0,2,(1),(1),1,,4,1,0,1,50,28,3,2021,14:55,1,71,71584,2,5,0,7,2 Rue du Champ Colon,46.4439318507,4.8554296419,14,1,1
202100006064,190Â 962,C01,1,1,2,1,1,-1,-1,0,0,-1,2021,59.0,1,2,0,2,1,17,1,,4,,-1,,2,2,0,1,(1),(1),1,,5,2,5,1,50,26,11,2021,15:30,1,33,33032,2,3,1,5,Rue du MarÃ©chal Foch,44.903938,-0.50433,15,3,3
202100015844,173Â 354,A01,2,2,2,5,1,8,-1,-1, -1,-1,2021,18.0,2,2,0,2,3,2,1,,1,A42 4.329 A 5.760   LYON/GEN,0,,3,4,0,1,(1),(1),1,, -1,1,0,1,90,25,9,2021,19:30,2,1,1275,1,1,0,2,A42 4.329 A 5.760   LYON/GEN,45.8121,4.9413,19,4,2
202100021635,162Â 953,A01,2,2,2,9,2,0,-1,-1, -1,-1,2021,32.0,2,1,0,2,1,1,1,,4,PRADO (AVENUE DU),0,,2,6,3,1,0,0,1,, -1,1,0,1,50,30,8,2021,14:10,1,13,13208,2,3,0,3,PRADO (AVENUE DU),43.2638204744,5.3778341359,14,3,2
202100025714,155Â 720,B01,3,2,2,5,3,0,-1,-1, -1,-1,2021,2.0,1,2,0,2,4,2,1,,2,CASSEAUX (AVENUE DES) RD,0,,4,5,0,1,0,0,1,, -1,2,0,1,50,1,8,2021,01:27,5,87,87085,2,3,1,2,GAGNANT (AVENUE JEAN),45.83322,1.2751,1,4,2
202100000110,201Â 556,A01,2,2,1,0,2,0,-1,-1, -1,-1,2021,15.0,3,1,0,2,8,13,1,,4,REPUBLIQUE (AVENUE DE LA),0,,3,4,0,2,0,0,1,, -1,1,0,1,50,18,12,2021,15:20,1,74,74010,2,1,0,3,REPUBLIQUE (AVENUE DE LA),45.9085,6.1029,15,3,2
202100056478,100Â 948,A01,1,1,1,5,1,-1,-1,0,0,-1,2021,20.0,0,2,2,2,5,19,1,,3,,0,D,2,2,0,1,6,828,1,, -1,1,0,1,80,1,1,2021,20:05,2,35,35149,1,2,0,3,carrefour des quatres vents,47.973203,-1.847945,20,5,2
202100014979,174Â 931,A01,1,1,2,4,1,0,-1,-1, -1,-1,2021,49.0,1,3,0,2,2,1,1,1.0,4,GARIBALDI (AVENUE),0,,4,3,0,1,0,0,1,, -1,1,0,1,50,1,10,2021,15:43,1,87,87085,2,3,0,3,GARIBALDI (AVENUE),45.83521,1.26053,15,2,2
202100010256,183Â 371,A01,1,1,1,4,1,0,-1,-1, -1,-1,2021,24.0,2,5,3,0,1,21,1,,1,AUTOROUTE A86,0,,3,7,0,1,18,200,1,, -1,2,0,3,90,30,10,2021,05:00,3,93,93027,1,1,1,6,AUTOROUTE A86,48.92792,2.41255,5,1,1
202100038511,132Â 806,A01,10,3,1,0,0,-1,-1,5,3,1,2021,86.0,1,2,0,1,1,25,1,,4,8 MAI 1945 (AVENUE DU),0,,2,2,0,1,0,0,1,, -1,1,9,1,50,24,5,2021,18:30,1,83,83062,2,1,0,6,8 MAI 1945 (AVENUE DU),43.12071,6.00515,18,2,1
202100014165,176Â 374,A01,1,1,1,0,2,6,-1,-1, -1,-1,2021,19.0,2,1,0,2,1,1,1,,7,BERTHELOT (RUE MARCELIN BERTHELOT),0,,2,2,0,1,0,0,1,, -1,1,0,1,50,8,10,2021,12:15,1,45,45147,2,1,0,3,BERTHELOT (RUE MARCELIN BERTHELOT),47.92372,1.91441,12,2,2
202100024805,157Â 316,A01,10,3,2,5,0,-1,-1,5,1,2,2021,33.0,1,2,12,1,2,14,1,,3,975,0,,2,2,0,1,15,960,1,, -1,1,0,4,50,22,6,2021,14:17,1,45,45018,2,1,0,6,Le Vau,48.117062,2.482953,14,2,1
202100025614,155Â 899,B01,1,1,1,5,2,0,-1,-1, -1,-1,2021,15.0,2,1,1,0,7,1,5,,4,GAULLE (AVENUE CHARLES DE),0,,2,2,0,1,(1),(1),1,, -1,1,0,1,50,2,8,2021,12:15,1,15,15014,2,1,0,6,GAULLE (AVENUE CHARLES DE),44.91435,2.43348,12,2,2
202100036287,136Â 818,A01,10,3,2,3,0,-1,-1,3,3,1,2021,87.0,2,2,8,1,5,20,1,,3,60,0,,1,1,0,1,0,0,1,, -1,1,0,1,30,5,6,2021,11:15,1,92,92071,2,1,0,6,HOUDAN (RUE),48.7774649521,2.2946995497,11,2,1
202100018856,167Â 943,A01,1,1,1,5,2,6,9,0,0,-1,2021,22.0,3,1,10,0,0,1,1,,3,104,-1,,2,2,0,3,26,380,1,, -1,1,0,8,80,29,8,2021,15:40,1,7,7230,1,1,0,6,Col de l'Escrinet (Col de montagne),44.717874,4.492797,15,1,1
202100055835,102Â 071,A01,10,3,1,9,8,8,-1,4,3,2,2021,14.0,2,2,0,1,1,1,1,,3,GALLIENI (BD),0,,2,2,0,1,1,0,1,, -1,2,0,1,50,7,1,2021,18:20,5,94,94033,2,1,1,6,GALLIENI (BD),48.84886,2.47764,18,2,1
202100034924,139Â 281,B01,1,1,2,5,0,-1,-1,-1, -1,-1,2021,16.0,2,1,0,2,2,15,3,,4,FELIX FAURE                         (AV),0,,2,4,0,1,(1),(1),1,, -1,1,0,1,50,11,6,2021,17:10,1,69,69383,2,2,0,3,FELIX FAURE (AV),45.7546587175,4.8676085472,17,2,2
202100003583,195Â 348,B01,2,1,1,1,2,6,-1,-1, -1,-1,2021,32.0,2,1,0,2,7,16,1,,4,PINAY (AVENUE ANTOINE),0,,4,2,0,1,0,0,2,, -1,1,0,1,50,9,12,2021,13:30,1,84,84087,2,6,0,3,PINAY (AVENUE ANTOINE),44.12871,4.7979,13,2,2
202100048970,114Â 215,A01,1,1,2,5,1,0,-1,-1, -1,-1,2021,65.0,-1,2,0,2,5,2,1,,3,BALLANGER (BD ROBERT),0,,1,2,0,1,0,1,2,, -1,1,0,1,50,6,3,2021,18:20,2,93,93078,2,6,0,2,BALLANGER (BD ROBERT),48.961,2.55532,18,2,2
202100034511,140Â 039,A01,2,2,1,1,8,-1,-1,0,0,-1,2021,69.0,2,5,3,0,2,0,1,,1,54,0,A,3,2,0,1,2,300,2,, -1,1,0,2,130,14,6,2021,21:00,3,30,30189,1,1,0,7,Autoroute A54 point kilomÃ©trique 2.300 sens 2,43.806396,4.370563,21,3,1
202100004820,193Â 167,B01,1,1,1,4,8,0,-1,0,0,-1,2021,44.0,2,1,0,2,1,1,1,,4,QUAI BRANLY,0,,2,7,0,1,(1),(1),1,, -1,2,0,1,30,4,12,2021,02:50,5,75,75107,2,3,1,3,QUAI BRANLY,48.857471,2.291043,2,2,2
202100029660,148Â 775,A01,1,1,1,5,2,-1,-1,0,0,-1,2021,21.0,2,1,0,0,0,17,1,,4,,-1,,2,2,1,1,(1),(1),1,,4,1,-1,1,80,11,7,2021,17:00,1,33,33540,1,1,0,7,Dune de Ginestras (Pic),45.308338,-1.137171,17,1,1
202100045076,121Â 161,A01,1,1,1,4,1,-1,-1,0,0,-1,2021,56.0,1,4,3,0,8,19,1,,2,102,-1,,3,3,0,1,17,600,1,, -1,1,0,3,80,6,4,2021,11:15,1,7,7247,1,1,0,7,RN102,44.589502,4.554169,11,1,1
202100025544,156Â 014,A01,1,1,1,5,1,-1,-1,0,0,-1,2021,79.0,1,2,0,2,3,13,1,,3,125,-1,,2,2,0,2,36,220,2,, -1,2,0,1,80,5,8,2021,17:40,1,17,17431,1,1,1,3,Route de Nieul,45.772754,-0.775234,17,2,2
202100015656,173Â 683,B01,1,1,1,0,2,0,-1,-1, -1,-1,2021,14.0,1,1,0,2,7,9,0,,4,FREDY (AVENUE DE),0,,2,2,0,1,0,0,1,, -1,2,0,1,50,2,10,2021,19:00,2,93,93077,2,9,1,3,FREDY (AVENUE DE),48.88043,2.51907,19,2,2
202100009046,185Â 537,A01,2,2,1,0,1,4,-1,-1, -1,-1,2021,37.0,1,2,0,2,1,2,2,,1,AUTOROUTE A86,0,,1,2,0,1,51,99,1,, -1,1,1,1,70,7,11,2021,16:35,1,94,94034,1,1,0,2,AUTOROUTE A86,48.75719,2.32983,16,5,2
202100030948,146Â 437,A01,1,1,1,1,8,-1,-1,0,0,-1,2021,19.0,1,2,6,0,1,1,1,,3,919,0,,2,2,0,1,19,500,3,, -1,1,0,3,80,2,7,2021,04:35,3,76,76672,1,1,1,7,Route de Gaillefontaine,49.6154885042,1.5539555526,4,1,1
202100011921,180Â 418,B01,2,2,1,3,1,-1,-1,0,0,-1,2021,56.0,2,2,0,2,2,1,1,,3,144,-1,,2,2,0,1,3,700,1,, -1,1,0,1,70,20,10,2021,15:40,1,27,27316,1,1,0,6,Route de Bourg-Achard,49.373889,0.746496,15,3,2
202100007250,188Â 796,B01,1,1,1,5,2,6,-1,-1, -1,-1,2021,49.0,1,1,0,2,1,1,1,,4,,0,,2,2,0,2,(1),(1),1,, -1,8,0,1,50,19,11,2021,17:30,5,45,45285,2,2,0,3,ORLEANS (ROUTE D'ORLEANS),47.89603,1.86034,17,2,2
202100000733,200Â 401,A01,1,1,1,0,8,0,-1,-1, -1,-1,2021,45.0,2,1,12,0,2,26,1,,2,BALATA (ROUTE DE),0,,2,2,0,2,(1),(1),1,, -1,1,0,4,30,25,12,2021,08:00,1,972,97209,2,1,0,7,BALATA (ROUTE DE),14.6188,-61.0705,8,1,1
202100032679,143Â 354,A01,1,1,1,1,1,8,-1,-1, -1,-1,2021,19.0,0,2,2,0,3,13,1,,4,FONDEREAUX (CHEMIN DES),0,,2,2,0,1,1,0,1,, -1,1,0,3,50,18,6,2021,15:45,1,18,18279,2,1,0,1,FONDEREAUX (CHEMIN DES),47.21,2.11,15,1,1
202100016862,171Â 480,B01,1,1,1,4,2,-1,-1,-1, -1,-1,2021,20.0,1,1,0,2,8,1,1,,7,GENAS (DE)                          (RO),0,,3,6,0,1,0,1,1,, -1,1,0,1,50,23,9,2021,13:05,1,69,69029,2,1,0,3,GENAS (DE) (RTE),45.75108,4.90714,13,2,2
202100047933,116Â 058,A01,1,1,1,0,1,-1,-1,-1, -1,-1,2021,52.0,1,2,3,0,8,1,1,,2,R N 13,0,,3,4,0,1,51,731,1,, -1,1,0,1,90,12,3,2021,18:45,1,50,50203,1,1,0,6,R N 13,49.59391,-1.59553,18,5,1
202100003004,196Â 405,A01,1,1,1,0,1,-1,-1,0,0,-1,2021,19.0,1,2,0,2,8,1,1,,3,37,-1,,2,2,0,1,(1),(1),1,, -1,2,0,1,80,15,12,2021,22:15,3,18,18013,1,2,1,3,Route dÃ©partementale 6,46.774344,2.608338,22,2,2
202100017881,169Â 661,B01,1,1,1,5,2,6,-1,-1, -1,-1,2021,41.0,1,1,0,2,8,1,1,,3,PARIS (AV DE),0,,2,4,1,1,1,0,1,, -1,1,0,1,50,17,9,2021,20:20,5,94,94080,2,9,0,3,Avenue de Paris,48.84549,2.42869,20,2,2
202100017281,170Â 762,B01,1,1,1,5,2,6,-1,0,0,-1,2021,22.0,2,1,4,0,3,2,1,,1,352,0,A,1,1,0,1,9,7,3,, -1,1,3,1,50,25,9,2021,18:00,1,67,67101,1,1,0,3,Autoroute A352,48.5198520551,7.499917745,18,2,2
202100055563,102Â 536,B01,1,1,1,5,2,6,-1,0,0,-1,2021,17.0,0,1,5,2,1,1,1,,4,,0,,2,2,0,2,(1),(1),1,, -1,1,0,1,50,10,1,2021,18:00,2,974,97422,2,1,0,1,Rue du Docteur CharriÃ©res,-21.258939,55.5111,18,2,2
202100013703,177Â 210,A01,1,1,2,1,1,0,-1,-1, -1,-1,2021,58.0,3,2,7,0,6,2,1,,3,MECHES.(RUE DES),0,,3,4,0,1,0,0,1,, -1,1,5,1,50,12,10,2021,07:20,2,94,94028,2,1,0,2,MECHES.(RUE DES),48.79287,2.45922,7,2,2
202100045281,120Â 782,A01,1,1,1,5,2,6,-1,0,0,-1,2021,18.0,1,1,2,0,1,1,1,,2,10,-1,,2,2,0,1,131,50,1,, -1,1,0,3,50,4,4,2021,06:30,1,202,202242,2,1,0,6,RT 10,42.400263,9.531004,6,1,1
202100011565,181Â 050,A01,8,2,2,5,8,0,-1,-1, -1,-1,2021,69.0,2,3,0,2,0,21,2,2.0,4,ALSACE LORRAINE D',0,,2,1,3,1,0,0,1,, -1,1,5,1,50,22,10,2021,11:30,1,64,64445,2,9,0,7,ALSACE LORRAINE D',43.3045,-0.36816,11,2,1