Num_Acc,id_vehicule,num_veh,place,catu,sexe,trajet,secu1,secu2,secu3,locp,actp,etatp,year_acc,victim_age,senc,catv,obs,obsm,choc,manv,motor,occutc,catr,voie,v1,v2,circ,nbv,vosp,prof,pr,pr1,plan,lartpc,larrout,surf,infra,situ,vma,jour,mois,an,hrmn,lum,dep,com,agg_,int,atm,col,adr,lat,long,hour,nb_victim,nb_vehicules
202100000289,201Â 208,B01,1,1,1,5,1,5,-1,-1, -1,-1,2021,18.0,1,2,0,2,3,1,1,,4,PAUL VAILLANT COUTURIER RUE,0,,-1,2,0,1,1,0,1,, -1,1,0,1,50,17,6,2021,16:40,1,13,13063,2,1,0,3,PAUL VAILLANT COUTURIER RUE,43.5817,5.00265,16,2,2
202100030252,147Â 691,A01,1,1,1,0,2,0,-1,-1, -1,-1,2021,31.0,1,1,0,2,1,1,1,,3,7,0,,1,2,0,1,0,0,1,, -1,1,0,1,70,7,7,2021,12:30,1,92,92026,2,1,0,3,MARECHAL JOFFRE (QUAI DU),48.90286,2.28331,12,2,2
202100036839,135Â 848,A01,1,1,1,1,2,6,-1,0,0,-1,2021,34.0,1,1,0,2,1,1,1,,4,BOULEVARD GENERAL MARTIAL VALIN,0,,2,4,0,1,(1),(1),1,, -1,1,0,1,50,1,6,2021,21:35,2,75,75115,2,2,0,3,BOULEVARD GENERAL MARTIAL VALIN,48.836162,2.278344,21,2,2
202100034100,140Â 811,A01,1,1,2,5,2,0,-1,0,0,-1,2021,46.0,1,1,0,0,0,21,5,,4,QUAI DE VALMY,0,,1,2,1,2,(1),(1),1,, -1,1,0,5,30,16,6,2021,19:30,1,75,75110,2,3,0,7,QUAI DE VALMY,48.874223,2.362863,19,1,1
202100054078,105Â 084,A01,1,1,2,5,1,8,-1,0,0,-1,2021,60.0,0,2,1,2,1,1,1,,4,,0,,3,2,0,1,(1),(1),1,, -1,1,5,1,70,22,1,2021,15:20,1,27,27229,2,3,0,2,NATIONALE 13 (ROUTE),49.01567,1.17892,15,2,2
202100016111,172Â 845,B01,1,1,1,0,0,-1,-1,-1, -1,-1,2021,29.0,1,1,0,2,0,1,3,,3,PAUL RAOULT (AVENUE),0,,-1,1,1,1,5,192,1,, -1,1,-1,1,50,29,9,2021,10:40,1,78,78440,2,3,0,3,PAUL RAOULT (AVENUE),48.98852,1.91253,10,2,2
202100045183,120Â 974,A01,2,2,2,5,1,-1,-1,0,0,-1,2021,27.0,2,2,13,0,3,1,1,,3,982,0,A,2,2,0,1,20,100,3,, -1,1,0,3,80,4,4,2021,19:30,1,30,30147,1,1,0,7,D982,44.019727,4.054095,19,2,1
202100019654,166Â 513,A01,1,1,2,5,1,-1,-1,-1, -1,-1,2021,67.0,2,2,1,2,6,13,1,,4,PAUL KRUGER      (Avenue),0,,2,2,0,1,(1),(1),1,, -1,1,0,1,50,9,9,2021,12:20,1,69,69266,2,1,0,1,PAUL KRUGER (AV),45.75458,4.90283,12,2,2
202100011989,180Â 285,C01,1,1,2,9,1,-1,-1,-1, -1,-1,2021,27.0,2,2,0,2,1,2,1,,7,AEROPORT (AVENUE DE L'),0,,2,2,0,1,1,450,1,, -1,1,0,1,70,20,10,2021,12:50,1,83,83069,1,9,0,4,AEROPORT (AVENUE DE L'),43.0977,6.1343,12,4,4
202100029792,148Â 537,A01,10,3,2,5,0,-1,-1,2,5,1,2021,10.0,2,2,0,1,2,1,1,,4,,0,,2,2,0,1,(1),(1),1,, -1,1,0,1,50,17,6,2021,18:25,1,36,36044,2,1,0,6,21 Rue du 11 Novembre 1918,46.8058440635,1.7042917013,18,2,1
202100050206,111Â 972,A01,1,1,2,5,2,0,-1,-1, -1,-1,2021,56.0,2,1,0,2,4,26,1,,4,PASSAU RUE DE,0,,1,2,0,1,(1),(1),1,, -1,1,0,1,50,23,2,2021,09:25,1,6,6027,2,3,0,2,PASSAU RUE DE,43.66392,7.1524,9,2,2
202100054452,104Â 430,B01,1,1,2,1,1,-1,-1,0, -1,-1,2021,26.0,0,2,0,0,1,1,1,,4,HARTELOIRE (RUE),0,,2,0,0,2,(1),(1),1,, -1,2,5,1,50,19,1,2021,08:40,1,29,29019,2,2,1,3,Rue de lâHarteloire,48.39352,-4.49231,8,2,2
202100007597,188Â 160,A01,1,1,1,2,2,-1,-1,0,0,-1,2021,15.0,2,1,1,0,1,14,1,,4,CLEMENT (RUE VICTOR),0,,2,2,0,1,(1),(1),1,, -1,2,0,1,50,17,11,2021,09:05,1,65,65440,2,1,1,6,CLEMENT (RUE VICTOR),43.23837,0.060558,9,1,1
202100028550,150Â 686,A01,1,1,1,5,2,6,-1,0,0,-1,2021,68.0,1,1,11,0,1,17,1,,3,974,-1,,2,2,0,1,3,550,1,, -1,1,0,1,90,18,7,2021,17:15,1,21,21412,1,3,0,3,D974,46.953953,4.766049,17,3,2
202100023447,159Â 712,B01,1,1,2,1,2,6,0,0,0,-1,2021,35.0,1,1,0,2,1,0,0,,3,LIBERTE AV.DE LA,0,,2,2,0,1,16,256,1,, -1,1,0,1,50,19,8,2021,19:15,1,6,6155,2,3,0,3,LIBERTE AV.DE LA,43.5722,7.0843,19,2,2
202100035860,137Â 586,B01,2,1,1,0,2,6,-1,-1, -1,-1,2021,31.0,1,1,0,2,8,3,1,,1,AUTOROUTE A1,0,,3,9,0,1,11,399,1,, -1,1,0,1,110,8,6,2021,10:00,1,93,93005,1,1,0,3,AUTOROUTE A1,48.95723,2.46153,10,2,2
202100012952,178Â 585,A01,1,1,1,9,0,-1,-1,0,0,-1,2021,25.0,1,2,7,0,1,1,1,,3,33,-1,,2,2,0,1,2,300,1,, -1,1,0,3,-1,16,10,2021,22:34,3,72,72363,1,1,1,6,Lieu dit bonneveau,48.09343,0.51191,22,1,1
202100049129,113Â 936,B01,1,1,1,9,2,8,-1,0,0,-1,2021,37.0,3,1,0,2,0,18,1,,4,AVENUE DE LA PORTE DES LILAS,0,,1,2,0,1,(1),(1),1,, -1,2,0,1,50,4,3,2021,14:55,1,75,75120,2,5,1,3,AVENUE DE LA PORTE DES LILAS,48.877605,2.40835,14,2,2
202100013880,176Â 889,A01,1,1,1,0,8,0,-1,-1, -1,-1,2021,27.0,2,5,0,2,3,1,1,,4,ANCIENNE ROUTE DES ALPES (RTE),0,,2,3,1,2,0,0,1,, -1,1,0,1,50,11,10,2021,12:10,1,13,13001,2,1,0,3,ANCIENNE ROUTE DES ALPES (RTE),43.5490594226,5.4569818425,12,3,2
202100040560,129Â 114,A01,1,1,1,5,0,-1,-1,0,0,-1,2021,44.0,1,2,2,0,1,0,1,,3,206,0,D,2,2,0,1,1,1494,2,, -1,1,0,3,80,10,5,2021,20:00,1,17,17322,1,1,0,6,lieu dit La maisonnette,46.266884,-0.82891,20,1,1
202100003835,194Â 897,Z01,10,3,2,5,8,8,-1,2,1,1,2021,65.0,2,1,0,1,1,1,3,,4,RUE DE LOURMEL,0,,1,1,2,1,(1),(1),1,, -1,1,-1,5,30,9,12,2021,16:55,5,75,75115,2,5,0,6,RUE DE LOURMEL,48.850727,2.292359,16,2,1
202100048230,115Â 544,A01,1,1,2,5,1,8,-1,-1, -1,-1,2021,71.0,3,2,0,2,1,1,1,,4,MORNE TORUDU - CHAUVEL (CHEMIN),0,,2,2,0,3,(1),(1),3,, -1,1,0,1,50,11,3,2021,13:20,1,971,97101,1,1,0,1,MORNE TORUDU - CHAUVEL (CHEMIN),16.23242,-61.5214,13,2,2
202100033696,141Â 532,B01,1,1,1,5,2,-1,-1,0,0,-1,2021,47.0,2,1,0,2,1,1,5,,3,23,-1,,2,2,0,2,35,100,3,, -1,1,0,1,80,18,6,2021,18:25,1,88,88349,1,3,0,3,Le Rudlin,48.119526,7.041845,18,2,2
202100002348,197Â 585,A01,1,1,1,0,1,8,-1,-1, -1,-1,2021,25.0,2,2,0,2,1,2,1,,1,AUTOROUTE A3,0,,3,10,0,1,6,699,1,, -1,1,0,1,70,17,12,2021,20:55,3,93,93053,1,1,0,5,AUTOROUTE A3,48.8958375835,2.4707170752,20,3,3
202100027984,151Â 685,B01,1,1,2,1,2,8,-1,-1, -1,-1,2021,56.0,0,1,0,2,0,0,1,,3,SELLIER (BOULEVARD HENRI),0,,3,0,0,2,1,0,1,, -1,1,0,1,50,20,7,2021,19:15,1,92,92073,2,1,0,2,SELLIER (BOULEVARD HENRI),48.8654287463,2.2194635868,19,2,2
202100007876,187Â 664,B01,1,1,1,0,2,8,-1,-1, -1,-1,2021,39.0,1,1,0,2,1,1,1,,3,20,0,,2,2,0,1,0,0,1,, -1,1,0,1,50,9,11,2021,11:00,1,92,92036,2,1,0,3,LOUIS ROCHE (AVENUE) (46/148),48.9257088871,2.316827774,11,2,2
202100014405,175Â 950,A01,1,1,1,5,1,0,-1,0,0,-1,2021,53.0,2,2,0,2,1,1,1,,4,AVENUE DES TERNES,0,,2,4,0,1,(1),(1),1,, -1,1,0,1,30,7,10,2021,17:40,1,75,75117,2,2,0,4,AVENUE DES TERNES,48.878643,2.294226,17,9,8
202100055735,102Â 239,A01,1,1,1,5,1,0,-1,-1, -1,-1,2021,29.0,1,2,4,2,1,2,1,,1,AUTOROUTE A6,0,,1,4,0,2,13,199,2,, -1,1,0,1,110,9,1,2021,12:30,1,91,91161,1,1,0,2,AUTOROUTE A6,48.701,2.309756,12,3,2
202100002176,197Â 899,B01,1,1,2,5,1,-1,-1,0,0,-1,2021,70.0,1,2,0,2,3,1,1,,2,30,-1,,2,2,0,1,3,600,1,, -1,1,5,1,70,21,12,2021,08:25,1,202,202050,1,6,0,1,T30,42.549966,8.782926,8,3,2
202100053952,105Â 314,B01,1,1,1,0,1,0,-1,-1, -1,-1,2021,21.0,2,2,15,2,5,1,1,,9,JOSEPH TOURNON RUE,0,,1,1,0,1,0,0,1,, -1,2,0,1,50,22,1,2021,17:20,2,13,13047,2,2,1,3,JOSEPH TOURNON RUE,43.5117840978,4.9862111763,17,2,2
202100042615,125Â 453,A01,1,1,1,0,1,0,-1,-1, -1,-1,2021,37.0,0,1,0,2,1,2,1,,3,106,0,,1,2,0,1,1,0,1,, -1,1,2,1,50,24,4,2021,23:40,3,92,92025,2,3,0,3,PAUL BERT (RUE),48.9308595032,2.2445422411,23,2,2
202100011685,180Â 841,A01,1,1,1,5,1,-1,-1,0,0,-1,2021,30.0,1,2,0,2,3,5,1,,1,6,0,,3,5,0,1,387,600,1,, -1,1,0,1,130,23,10,2021,05:20,3,71,71105,1,1,0,5,a6 pk 387+600 sens lyon/paris,46.316999,4.798172,5,6,3
202100021257,163Â 662,A01,1,1,1,5,1,8,-1,-1, -1,-1,2021,24.0,1,2,14,0,2,15,1,,4,,0,,2,2,0,1,(1),(1),1,, -1,1,0,1,50,2,9,2021,02:10,5,45,45302,2,6,0,6,Rue du Faubourg Bannier,47.93398,1.89482,2,1,1
202100041529,127Â 377,C01,1,1,1,0,1,-1,-1,-1, -1,-1,2021,33.0,2,2,0,2,4,1,1,,4,BREBANT (AVENUE) DU 1 A 86,0,,2,2,2,1,(1),(1),1,, -1,1,2,1,50,3,5,2021,16:15,1,51,51454,2,1,0,4,Avenue BrÃ©bant,49.2591182599,4.0095763764,16,3,3
202100051913,108Â 908,B01,5,2,2,0,3,8,-1,-1, -1,-1,2021,2.0,3,2,0,2,7,6,1,,4,FELIX GOUIN AVENUE,0,,2,2,0,1,1,0,1,, -1,1,0,1,50,10,2,2021,10:45,1,13,13047,2,9,0,3,FELIX GOUIN AVENUE,43.49065,4.98615,10,4,2
202100045057,121Â 190,A01,2,2,2,5,2,6,-1,0,0,-1,2021,50.0,2,1,0,2,1,2,1,,3,118,-1,,2,2,0,1,56,120,1,, -1,1,0,1,80,5,4,2021,15:30,1,11,11289,1,1,0,2,D118,43.092428,2.229538,15,4,2
202100047241,117Â 316,A01,1,1,1,1,2,6,-1,0,0,-1,2021,47.0,2,1,8,0,1,6,1,,3,GRASSE RTE DE,0,,1,0,0,2,3,692,1,, -1,1,0,1,50,20,3,2021,19:20,3,6,6004,1,6,0,6,GRASSE RTE DE,43.601653,7.083633,19,1,1
202100032360,143Â 919,A01,2,2,1,9,2,0,-1,-1, -1,-1,2021,21.0,1,1,0,2,7,17,1,,4,SUISSES (VOIE DES),0,,2,0,0,1,1,0,1,, -1,1,0,1,50,25,6,2021,20:10,1,92,92007,2,3,0,3,SUISSES (VOIE DES),48.8017914108,2.3001547593,20,3,2
202100030284,147Â 635,A01,1,1,1,5,2,6,-1,0,0,-1,2021,21.0,0,1,13,0,7,1,1,,3,612,0,,2,2,0,1,(1),(1),1,, -1,1,0,3,80,7,7,2021,16:55,1,50,50101,1,1,0,7,La Rue,49.651783,-1.443822,16,1,1
202100048558,114Â 953,A01,1,1,1,0,8,0,-1,-1, -1,-1,2021,33.0,2,2,0,2,1,19,0,,7,MARIUS CHALVE AVENUE,0,,2,1,0,1,0,0,1,, -1,1,0,8,50,10,3,2021,11:20,1,13,13063,2,3,0,3,FRATERNITE RUE DE LA,43.57795,4.99873,11,2,2
202100012637,179Â 124,A01,1,1,1,0,1,0,-1,-1, -1,-1,2021,34.0,2,2,0,2,0,15,0,,3,,-1,,2,-1,-1,1,1,100,1,, -1,1,0,1,-1,17,10,2021,20:14,5,78,78643,2,3,0,1,JAURES RUE JEAN,48.978057,1.995954,20,2,2
202100038474,132Â 878,B01,1,1,1,2,2,-1,-1,0,0,-1,2021,17.0,2,1,0,2,8,15,1,,4,,0,,2,2,0,1,(1),(1),1,, -1,1,0,1,50,26,5,2021,08:18,1,33,33051,2,1,0,1,Rue Jean JaurÃ¨s,44.640189,-0.97138,8,2,2
202100009308,185Â 065,A01,10,3,2,9,8,8,-1,9,B,-1,2021,19.0,1,2,0,1,1,14,1,,3,PONT DE L'ILE SAINT DENIS,0,,2,4,3,1,0,1,1,, -1,1,2,6,50,5,11,2021,19:10,5,93,93039,2,1,0,6,PONT DE L'ILE SAINT DENIS,48.9357937711,2.3396571687,19,2,1
202100043070,124Â 689,B01,1,1,1,1,2,8,-1,-1, -1,-1,2021,53.0,1,1,0,2,1,1,1,,2,NATIONALE 19,0,,-1,2,0,1,0,0,1,, -1,1,0,1,50,21,4,2021,12:40,1,94,94075,2,3,0,3,LIEUTENANT DAGORNO (R DU),48.72719,2.53103,12,2,2
202100018025,169Â 408,B01,1,1,2,9,1,0,-1,0,0,-1,2021,55.0,1,2,0,2,4,2,1,,4,AVENUE DE NOGENT,0,,2,2,0,1,(1),(1),1,, -1,1,0,1,50,18,9,2021,12:55,1,75,75112,2,1,0,4,AVENUE DE NOGENT,48.841446,2.45081,12,3,3
202100009942,183Â 923,A01,1,1,1,0,1,-1,-1,0,0,-1,2021,23.0,1,2,4,0,3,1,1,,1,8,-1,,3,4,0,1,104,500,1,, -1,1,0,1,130,2,11,2021,15:00,1,83,83148,1,1,0,6,Autoroute A8,43.407916,6.416016,15,2,1
202100044107,122Â 834,A01,1,1,1,5,1,0,-1,-1,0,-1,2021,71.0,2,5,1,0,2,1,1,,1,AUTOROUTE A115,0,,3,4,0,1,5,0,1,, -1,1,0,1,90,14,4,2021,18:00,1,95,95491,1,1,0,2, A115,49.0098975066,2.2315088628,18,2,2
202100028155,151Â 376,A01,1,1,1,9,1,0,-1,0,0,-1,2021,21.0,2,2,0,2,1,1,1,,3,LUYE ( ROUTE DE LA ),0,,2,2,0,1,1,780,1,, -1,1,0,1,50,16,7,2021,16:31,1,5,5061,2,1,0,4,LUYE ( ROUTE DE LA ),44.53172,6.06109,16,4,3
202100043798,123Â 394,B01,1,1,1,5,2,0,-1,0,0,-1,2021,53.0,1,1,0,2,8,1,3,,4,RUE DU FAUBOURG SAINT DENIS,0,,2,3,0,1,(1),(1),1,, -1,1,0,1,50,15,4,2021,22:45,5,75,75110,2,2,0,3,RUE DU FAUBOURG SAINT DENIS,48.879546,2.357214,22,2,2
202100016336,172Â 438,B01,1,1,2,2,1,-1,-1,-1, -1,-1,2021,19.0,1,2,0,2,4,2,1,,1,ROCADE A 630,0,,3,6,0,1,25,27,1,, -1,2,0,1,90,29,9,2021,08:40,1,33,33318,1,1,1,2,ROCADE A 630,44.788981,-0.622697,8,2,2
202100053425,106Â 218,B01,1,1,1,1,2,0,-1,-1, -1,-1,2021,53.0,2,1,0,2,6,1,1,,3,RD 41 (ROCADE),0,,3,5,0,4,3,700,1,, -1,1,0,1,60,27,1,2021,08:00,1,972,97209,1,1,0,3,RD 41 (ROCADE),14.6166,-61.0717,8,2,2
202100043903,123Â 194,B01,1,1,2,9,2,0,-1,0,0,-1,2021,29.0,3,1,0,2,4,23,1,,7,NICE AVENUE DE (RN7),0,,1,3,0,1,(1),(1),1,, -1,1,0,1,50,13,4,2021,18:00,1,6,6027,2,1,0,2,NICE AVENUE DE (RN7),43.659432,7.167785,18,3,2
202100009684,184Â 396,A01,1,1,1,5,1,-1,-1,0,0,-1,2021,30.0,2,2,0,2,3,13,1,,2,1,-1,,2,3,3,4,(1),(1),1,,"10,5",1,0,1,80,3,11,2021,14:00,1,971,97114,1,1,0,1,N1,16.122305,-61.577747,14,4,2
202100032986,142Â 786,A01,1,1,2,1,1,0,-1,-1, -1,-1,2021,57.0,1,2,7,0,3,14,1,,1,Autoroute A31,0,,3,4,0,1,338,399,1,, -1,1,0,3,110,9,7,2021,07:45,1,57,57672,1,1,0,6,Autoroute A31,49.38071,6.10635,7,1,1
202100019862,166Â 137,B01,1,1,1,0,2,6,-1,-1, -1,-1,2021,30.0,2,1,0,2,1,1,1,,4,ECURIES (RUE DES),0,,2,2,0,1,0,0,1,, -1,1,0,1,50,9,9,2021,12:20,1,49,49328,2,3,0,3,ECURIES (RUE DES),47.26628,-0.08477,12,2,2
202100002785,196Â 788,B01,1,1,1,5,2,0,-1,0,0,-1,2021,68.0,3,1,0,2,1,1,6,,4,CROISETTE (BOULEVARD DE LA),0,,3,2,0,1,(1),(1),1,, -1,1,0,1,50,15,12,2021,10:00,1,6,6029,2,1,0,3,CROISETTE (BOULEVARD DE LA),43.55159,7.01642,10,2,2
202100024856,157Â 227,A01,2,2,1,0,1,0,-1,-1, -1,-1,2021,37.0,1,2,8,0,1,1,1,,2,ALLEE DU 173Â° R.I.A.,0,,1,2,0,1,1,0,1,, -1,1,0,1,50,8,8,2021,05:45,1,202,202033,2,1,0,1,ALLEE DU 173Â° R.I.A.,42.70113,9.45239,5,2,1
202100035731,137Â 844,B01,1,1,2,0,1,0,-1,-1, -1,-1,2021,38.0,3,2,0,0,0,0,1,,3,BRIVE (ROUTE DE ),0,,2,2,0,1,68,500,1,, -1,2,0,1,80,4,6,2021,15:30,1,24,24053,2,1,1,6,BRIVE (ROUTE DE ),45.13326,0.81881,15,2,2
202100010131,183Â 590,A01,10,3,1,5,0,-1,-1,3,3,2,2021,15.0,1,2,0,1,1,1,1,,4,IRENE JOLIOT CURIE                  (BD),0,,2,3,3,1,(1),(1),1,, -1,1,0,1,50,30,10,2021,13:20,1,69,69259,2,2,0,6,IRENE JOLIOT CURIE                  (BD),45.72422,4.87145,13,2,1
202100054342,104Â 627,A01,10,3,1,0,8,8,-1,2,3,1,2021,80.0,2,2,0,1,1,3,0,,4,VISTE (AVENUE DE LA),0,,2,2,0,2,(1),(1),1,, -1,1,0,1,50,19,1,2021,11:25,1,13,13215,2,1,0,6,VISTE (AVENUE DE LA),43.355,5.3572,11,2,1
202100033653,141Â 613,B01,1,1,1,1,2,6,-1,-1, -1,-1,2021,45.0,2,1,0,2,7,17,1,,3,JEAN COMPAGNON (QU),0,,1,2,0,1,1,0,1,, -1,1,0,1,50,18,6,2021,16:05,1,94,94041,2,1,0,3,Quai Jean Compagnon,48.82014,2.39649,16,2,2
202100012750,178Â 928,A01,7,2,2,5,0,-1,-1,0,0,-1,2021,22.0,0,2,13,0,0,14,1,,2,3,0,R,2,2,0,1,0,0,1,, -1,1,0,3,70,18,10,2021,02:24,3,988,98808,1,1,0,7,NÃ©kouÃ© (Tribu),-21.253734,165.604515,2,3,1
202100017655,170Â 061,A01,1,1,1,5,2,6,-1,-1, -1,-1,2021,22.0,1,1,0,2,2,17,1,,4,MARNE (DE LA) (BD),0,,2,2,0,1,(1),(1),2,, -1,1,0,1,50,21,9,2021,05:00,3,17,17306,2,3,0,3,MARNE (DE LA) (BD),45.626915,-1.009079,5,2,2
202100028215,151Â 260,B01,1,1,1,5,2,-1,-1,0,0,-1,2021,71.0,3,1,0,2,4,19,5,,3,2,0,,2,2,0,2,45,60,1,, -1,1,0,1,80,19,7,2021,12:45,1,1,1334,1,2,0,3,intersection D2 et route de la petite moussiÃ¨re,46.2208207689,4.9234011769,12,2,2
202100026559,154Â 224,A01,1,1,2,9,8,-1,-1,0,0,-1,2021,31.0,1,2,0,0,0,21,1,,3,944,0,,2,2,0,1,67,100,3,, -1,2,0,3,70,12,7,2021,16:20,1,18,18159,1,1,1,7,D944,47.356562,2.169212,16,1,1
202100049080,114Â 031,B01,2,2,2,0,1,0,-1,0,0,-1,2021,24.0,1,2,0,2,4,2,1,,4,REPUBLIQUE (AVENUE DE LA),0,,3,2,0,1,(1),(1),1,, -1,1,0,1,50,2,3,2021,11:59,1,63,63113,2,1,0,4,REPUBLIQUE (AVENUE DE LA),45.78698,3.105,11,4,3
202100021025,164Â 080,A01,1,1,1,2,2,8,-1,-1, -1,-1,2021,16.0,2,1,0,2,1,18,1,,4,TRESPOEY DE,0,,2,2,0,1,0,0,1,, -1,2,0,1,50,3,9,2021,08:45,1,64,64445,2,3,1,3,TRESPOEY DE,43.29838,-0.35768,8,2,2
202100032394,143Â 870,A01,2,2,2,5,1,-1,-1,0,0,-1,2021,17.0,3,2,6,0,2,1,0,,4,,0,,2,1,0,1,(1),(1),1,,4,1,2,1,80,25,6,2021,19:20,1,1,1457,1,9,0,6,Route de Bezememe,46.2202618704,5.0089877844,19,2,1
202100008167,187Â 122,B01,2,2,1,1,1,-1,-1,0,0,-1,2021,19.0,1,5,0,2,1,1,1,,3,982,-1,,2,2,0,1,59,420,1,, -1,2,0,1,70,15,11,2021,08:00,1,30,30067,1,1,1,1,D982,44.035985,4.543619,8,3,2
202100052370,108Â 104,B01,1,1,1,-1,0,-1,-1,-1, -1,-1,2021,78.0,0,1,0,2,0,0,-1,,4,,-1,,2,-1,-1,1,(1),(1),4,, -1,-1,0,1,-1,6,2,2021,11:06,1,988,98818,2,1,0,3,RUE JULES GARNIER,-22.29071,166.44242,11,2,2
202100023714,159Â 228,B01,1,1,2,9,8,0,-1,-1, -1,-1,2021,27.0,2,1,0,2,1,7,5,,4,CRS VICTOR HUGO,0,,2,2,3,1,(1),(1),1,, -1,1,-1,5,50,17,8,2021,09:00,1,33,33063,2,1,0,3,Cours Victor Hugo,44.83496,-0.57047,9,2,2
202100024824,157Â 283,A01,1,1,2,0,1,-1,-1,0,0,-1,2021,47.0,3,2,2,0,1,21,1,,4,,0,,2,2,0,1,(1),(1),1,,4,2,0,3,80,3,8,2021,17:20,1,33,33322,1,1,1,6,AllÃ©e de Geneste,44.944025,-0.678803,17,1,1
202100037050,135Â 473,A01,10,3,2,5,0,-1,-1,5,1,1,2021,67.0,0,1,0,1,7,26,3,,4,RUE DE L AMBROISIE,0,,-1,0,3,2,(1),(1),1,, -1,1,6,8,10,1,6,2021,18:05,1,75,75112,2,1,0,6,RUE DE L AMBROISIE,48.834719,2.384874,18,2,1
202100006262,190Â 598,A01,1,1,1,5,1,0,-1,-1, -1,-1,2021,42.0,1,2,0,2,1,13,1,,3,KERMARIA SULARD (ROUTE DE),0,,2,2,0,2,0,0,3,, -1,1,0,1,70,25,11,2021,17:10,2,22,22113,1,1,0,1,KERMARIA SULARD (ROUTE DE),48.7468173906,-3.4230651845,17,2,2
202100030281,147Â 638,B01,1,1,1,3,2,6,-1,0,0,-1,2021,36.0,1,1,0,2,1,1,1,,3,900,-1,,2,2,0,1,48,708,1,, -1,1,9,6,80,8,7,2021,15:10,1,66,66063,1,4,0,3,intersection d900/d13 pk 48+260,42.491482,2.83164,15,2,2
202100009911,183Â 975,B01,1,1,1,5,2,0,-1,-1, -1,-1,2021,49.0,1,1,0,2,1,1,1,,4,,0,,2,2,0,2,(1),(1),1,, -1,2,0,1,50,1,11,2021,15:45,1,25,25056,2,3,1,3,DANTON RUE,47.24638,6.056155,15,2,2
202100052882,107Â 190,A01,1,1,1,4,2,8,-1,-1, -1,-1,2021,19.0,1,1,14,0,1,1,3,,4,RUE DE LA VALLEE ,0,,1,1,0,1,(1),(1),1,, -1,2,0,1,50,30,1,2021,18:55,3,41,41295,2,1,1,7,RUE DE LA VALLEE ,47.573,1.37742,18,1,1
202100033635,141Â 644,A01,1,1,2,5,2,0,-1,0,0,-1,2021,64.0,3,1,0,0,0,1,5,,4,BOULEVARD GARIBALDI,0,,3,3,1,1,(1),(1),1,, -1,1,0,5,50,18,6,2021,10:15,1,75,75115,2,7,0,7,BOULEVARD GARIBALDI,48.847967,2.30185,10,1,1
202100027629,152Â 336,B01,1,1,1,5,2,6,-1,0,0,-1,2021,17.0,2,1,0,0,4,15,1,,3,483,-1,,2,2,0,1,0,160,1,, -1,1,0,1,50,22,7,2021,18:55,1,26,26330,2,1,0,2,265 Avenue des Pins,45.290592,4.953766,18,2,2
202100011485,181Â 200,A01,9,2,1,5,1,-1,-1,0,0,-1,2021,12.0,1,2,0,2,3,1,2,,2,59,0,N,2,2,0,1,3,360,1,, -1,1,0,1,80,24,10,2021,14:55,1,88,88182,1,1,0,1,RN 159,48.28864,7.07011,14,7,2
202100038279,133Â 222,A01,1,1,1,5,2,-1,-1,0,0,-1,2021,31.0,1,1,13,0,1,2,1,,1,13,0,A,3,5,0,1,87,700,1,, -1,1,0,3,130,27,5,2021,21:30,2,27,27005,1,1,0,7,A13 PK 087+700 vers ROUEN,49.170194,1.250768,21,1,1
202100031667,145Â 152,A01,1,1,1,5,1,-1,-1,0,0,-1,2021,33.0,3,2,13,0,0,1,1,,4,,0,,2,2,0,1,(1),(1),1,,4,1,0,3,80,27,6,2021,22:19,3,88,88310,1,1,0,7,Chemin latÃ©ral,48.03488,5.990059,22,1,1
202100022238,161Â 891,A01,1,1,1,5,2,6,-1,-1, -1,-1,2021,20.0,2,1,0,0,1,1,1,,4,MARINES (AVENUE DES ALLEES),0,,2,2,0,1,0,0,1,, -1,1,0,1,30,28,8,2021,02:15,5,64,64102,2,1,0,7,MARINES (AVENUE DES ALLEES),43.497627,-1.485508,2,1,1
202100031366,145Â 683,B01,1,1,1,1,2,6,-1,0,0,-1,2021,30.0,1,1,0,2,1,1,1,,3,937,-1,,2,2,0,2,(1),(1),1,, -1,1,0,1,50,2,7,2021,17:05,1,2,2173,2,1,0,3,Rue de la ChaussÃ©e (Pont),49.60989,3.220062,17,2,2
202100016310,172Â 484,B01,1,1,1,0,0,-1,-1,0,0,-1,2021,43.0,2,1,0,2,1,13,1,,3,128,0,D,2,2,0,3,(1),(1),2,, -1,1,0,1,90,28,9,2021,14:05,1,971,97122,1,1,0,1,Belin,16.419805,-61.492066,14,2,2
202100026210,154Â 847,A01,1,1,1,5,2,-1,-1,0,0,-1,2021,17.0,0,1,0,0,3,0,1,,4,1,0,V,2,2,0,1,(1),(1),2,, -1,1,0,1,50,1,8,2021,05:50,3,85,85084,2,1,0,7,Bois Roulin (Les Essarts),46.76504,-1.24986,5,1,1
202100007892,187Â 634,A01,1,1,2,5,8,-1,-1,0,0,-1,2021,33.0,1,2,2,0,1,0,0,,3,951,-1,,2,2,0,2,6,700,3,, -1,2,0,3,70,16,11,2021,22:17,3,23,23207,1,1,0,7,La Malcote,46.2683724905,1.5568828583,22,1,1
202100034501,140Â 055,B01,1,1,1,5,4,-1,-1,0,0,-1,2021,64.0,1,1,0,2,1,1,5,,3,30,0,D,2,2,0,2,20,545,1,0,6,1,0,1,50,14,6,2021,08:55,1,16,16106,2,3,1,1,rue de Lesterps,46.014612,0.675549,8,2,2