Num_Acc,id_vehicule,num_veh,place,catu,sexe,trajet,secu1,secu2,secu3,locp,actp,etatp,year_acc,victim_age,senc,catv,obs,obsm,choc,manv,motor,occutc,catr,voie,v1,v2,circ,nbv,vosp,prof,pr,pr1,plan,lartpc,larrout,surf,infra,situ,vma,jour,mois,an,hrmn,lum,dep,com,agg_,int,atm,col,adr,lat,long,hour,nb_victim,nb_vehicules
202100014007,176Â 665,B01,1,1,1,5,2,0,-1,-1, -1,-1,2021,36.0,1,1,0,2,4,23,1,,4,PRADO (AVENUE DU),0,,2,6,3,1,0,0,1,, -1,1,0,1,50,9,10,2021,21:50,5,13,13206,2,1,0,2,PRADO (AVENUE DU),43.283,5.384,21,3,2
202100056020,101Â 749,A01,10,3,1,5,0,-1,-1,1,3,1,2021,56.0,2,2,0,2,7,1,1,,3,MARTIN LUTHER KING (RUE),0,,2,2,0,2,0,0,2,, -1,1,0,1,50,6,1,2021,08:20,1,972,97209,2,1,0,6,MARTIN LUTHER KING (RUE),14.60905,-61.07442,8,2,1
202100041852,126Â 814,A01,2,2,1,5,8,-1,-1,0,0,-1,2021,39.0,2,2,3,0,0,1,1,,1,311,-1,,3,4,0,1,31,770,2,, -1,1,3,8,90,2,5,2021,01:06,3,21,21263,1,1,0,6,Autoroute A311 Pk 31.770,47.269147,5.036384,1,2,1
202100031256,145Â 875,A01,2,2,2,5,1,-1,-1,0,0,-1,2021,73.0,2,2,0,2,2,2,1,,1,63,0,A,3,3,0,1,101,0,1,, -1,1,0,1,130,2,7,2021,11:52,1,40,40152,1,1,0,2,A 63 - PK 101,43.979985,-1.049559,11,3,2
202100047259,117Â 287,B01,10,3,2,5,0,-1,-1,1, -1,2,2021,3.0,1,2,0,1,1,2,1,,4,LESAULT,0,,1,1,0,1,0,0,1,, -1,1,0,8,30,20,3,2021,16:29,1,93,93055,2,1,0,6,LESAULT,48.890221234,2.408739934,16,2,1
202100021290,163Â 599,B01,1,1,1,1,2,0,-1,0,0,-1,2021,22.0,1,1,0,2,2,5,1,,4,AVENUE DU GENERAL LECLERC,0,,2,5,0,1,(1),(1),1,, -1,1,0,1,50,2,9,2021,15:30,1,75,75114,2,4,0,3,AVENUE DU GENERAL LECLERC,48.828795,2.327733,15,2,2
202100011496,181Â 175,B01,1,1,1,1,2,-1,-1,0,0,-1,2021,15.0,2,1,0,2,7,1,1,,4,27,0,C,2,2,0,1,(1),(1),1,, -1,1,0,1,30,22,10,2021,06:55,5,67,67339,2,3,0,3,Rue de l Avenir,48.896327,7.911567,6,2,2
202100053009,106Â 967,A01,1,1,1,1,1,-1,-1,0,0,-1,2021,36.0,1,2,6,0,0,1,0,,3,900,-1,,2,2,0,1,(1),(1),1,, -1,1,0,1,80,31,1,2021,22:15,3,84,84020,1,1,0,7,d900,43.864307,5.300678,22,1,1
202100016916,171Â 383,A01,1,1,1,4,8,-1,-1,-1, -1,-1,2021,37.0,1,2,8,0,1,9,1,,4,BLEUETS RUE DES),0,,2,1,0,1,(1),(1),2,, -1,1,0,1,50,25,9,2021,00:25,5,45,45004,2,1,0,6,436 Rue des Bleuets,47.98653,2.73067,0,1,1
202100016097,172Â 866,A01,1,1,1,0,2,0,-1,-1, -1,-1,2021,16.0,1,1,0,2,1,14,1,,4,PRUNEAU (AVE GENERAL),0,,2,3,3,1,0,0,3,, -1,1,0,6,50,29,9,2021,19:07,2,83,83137,2,2,0,3,PRUNEAU (AVE GENERAL),43.119259,5.95021,19,2,2
202100045496,120Â 415,B01,1,1,1,5,1,-1,-1,0,0,-1,2021,55.0,1,2,2,2,8,1,1,,7,D7,0,N,2,2,0,2,45,800,1,, -1,1,0,1,-1,2,4,2021,21:50,5,13,13091,2,2,0,3,Henri Barbusse,43.623083,5.295796,21,3,2
202100036959,135Â 636,A01,1,1,2,9,1,8,-1,-1, -1,-1,2021,41.0,3,2,0,2,6,20,1,,4,GABRIEL PERI (AVENUE),0,,2,2,0,1,0,0,1,, -1,1,0,1,50,27,5,2021,13:05,1,91,91549,2,1,0,3,GABRIEL PERI (AVENUE),48.65241,2.31548,13,2,2
202100012121,180Â 047,B01,1,1,1,0,2,6,-1,0,0,-1,2021,25.0,1,1,0,2,1,17,1,,3,907,0,D,2,2,0,2,(1),(1),1,, -1,1,0,1,80,19,10,2021,18:10,1,74,74094,1,1,0,3,Route de Taninges,46.182824,6.282305,18,3,2
202100046297,119Â 026,A01,1,1,1,5,2,-1,-1,0,0,-1,2021,17.0,2,1,0,2,1,17,1,,9,,-1,,2,2,0,2,(1),(1),1,, -1,1,0,1,50,28,3,2021,12:00,1,974,97422,2,1,0,2,26 Rue Albert FrÃ©javille,-21.283786,55.509221,12,2,2
202100010406,183Â 116,A01,1,1,2,9,1,-1,-1,0,0,-1,2021,26.0,3,2,1,0,2,1,1,,3,,-1,,2,2,0,1,7,20,2,,5,2,0,1,50,30,10,2021,00:45,3,49,49223,2,1,0,6,7 Rampe d ÃrignÃ©,47.405773,-0.526018,0,1,1
202100055818,102Â 097,B01,2,2,2,3,2,0,-1,-1, -1,-1,2021,18.0,3,1,0,2,8,1,1,,4,VICTOR HUGO (RUE),0,,2,2,0,1,(1),(1),1,, -1,1,9,1,30,8,1,2021,18:00,5,10,10325,2,9,0,1,VICTOR HUGO (RUE),48.2666,4.062,18,3,2
202100001681,198Â 789,B01,1,1,2,5,1,0,-1,-1, -1,-1,2021,21.0,2,2,0,2,8,9,1,,1,A4,0,,3,4,0,1,14,899,1,, -1,1,0,1,110,23,12,2021,16:30,2,93,93051,1,1,0,3,A4,48.83526,2.57629,16,2,2
202100011202,181Â 709,A01,1,1,1,4,2,6,-1,0,0,-1,2021,31.0,2,1,0,2,1,1,1,,4,CRONSTADT (RUE DE),0,,2,2,0,1,(1),(1),3,, -1,1,5,1,50,24,10,2021,19:55,4,65,65440,2,4,0,3,CRONSTADT (RUE DE),43.22875,0.07268,19,3,2
202100032736,143Â 256,A01,1,1,1,5,2,6,-1,0,0,-1,2021,25.0,1,1,0,2,1,2,1,,2,176,0,N,3,4,0,2,5,800,1,, -1,1,0,1,110,24,6,2021,13:25,1,22,22190,1,1,0,2,RN 176 - PR : 06+200,48.516178,-2.038865,13,3,2
202100021435,163Â 331,Z01,10,3,2,0,8,8,-1,5,9,3,2021,51.0,1,1,0,1,1,25,5,,4,KEPLER (RUE),0,,2,2,0,1,0,0,3,, -1,1,9,4,50,31,8,2021,11:25,1,67,67482,2,1,0,6,KEPLER (RUE),48.605216,7.720806,11,2,1
202100011055,181Â 961,A01,1,1,1,5,2,6,-1,-1,0,-1,2021,22.0,1,1,0,2,7,1,1,,3,FRANCES(AVENUE DES),0,,3,2,0,1,1,80,3,, -1,1,0,1,50,25,10,2021,21:31,5,95,95424,2,6,0,3,FRANCES(AVENUE DES),49.00069,2.20631,21,2,2
202100045114,121Â 098,A01,10,3,1,0,0,-1,-1,1,2,1,2021,76.0,3,2,0,1,1,1,1,,4,SECTION LEROUX,0,,-1,1,0,3,(1),(1),1,, -1,1,0,1,50,3,4,2021,11:50,1,971,97113,1,1,0,6,SECTION LEROUX,16.24499,-61.46689,11,2,1
202100053048,106Â 899,A01,1,1,1,1,2,7,-1,-1, -1,-1,2021,24.0,1,1,12,0,3,1,1,,7,MONT RIBOUDET. AVENUE DU,0,,1,8,3,1,16,500,1,, -1,2,-1,1,50,30,1,2021,22:45,5,76,76540,2,1,1,6,Avenue du Mont Riboudet,49.4453,1.07317,22,1,1
202100007248,188Â 800,A01,1,1,1,0,8,0,-1,0,0,-1,2021,50.0,1,2,0,2,7,1,1,,4,MALRAUX (RUE ANDRE),0,,2,2,0,1,0,0,1,, -1,2,0,1,50,13,11,2021,18:10,5,47,47323,2,2,1,3,MALRAUX (RUE ANDRE),44.41136,0.728395,18,2,2
202100017841,169Â 729,A01,1,1,1,5,2,6,-1,-1, -1,-1,2021,55.0,0,1,0,2,1,2,1,,3,BOUIN (RUE JEAN),0,,2,1,0,1,0,0,1,, -1,1,0,1,50,18,9,2021,17:00,1,50,50602,2,1,0,2,BOUIN (RUE JEAN),49.63475,-1.58629,17,2,2
202100020472,165Â 041,A01,10,3,2,2,0,-1,-1,2,3,1,2021,10.0,2,2,0,1,3,1,1,,4,EGALITE (DE L')                     (R ),0,,2,0,0,1,(1),(1),1,, -1,1,0,1,50,3,5,2021,08:15,1,69,69256,2,1,0,6,EGALITE (DE L') (R),45.78559,4.92405,8,2,1
202100023923,158Â 873,SB01,1,1,1,0,2,8,-1,-1, -1,-1,2021,18.0,1,1,0,2,1,0,1,,3,991,0,,2,2,1,1,0,0,1,, -1,1,0,1,50,14,8,2021,13:00,1,92,92063,2,2,0,3,COLMAR (AVENUE DE),48.887187485,2.1795214713,13,2,2
202100018642,168Â 316,A01,2,2,1,5,2,-1,-1,0,0,-1,2021,14.0,1,1,8,0,7,1,1,,3,234,0,D,2,2,0,1,1,714,1,, -1,1,0,3,50,15,9,2021,18:19,1,62,62281,2,1,0,6,Route de Saint-Leonard,50.699054,1.643443,18,2,1
202100015259,174Â 436,A01,1,1,1,0,8,-1,-1,0,0,-1,2021,38.0,2,2,13,0,9,1,1,,3,308,-1,,2,2,0,2,11,750,2,, -1,2,0,3,80,4,10,2021,15:55,1,74,74183,1,1,1,7,Route de Sommand,46.145964,6.515868,15,1,1
202100004474,193Â 771,A01,1,1,1,5,1,-1,-1,-1, -1,-1,2021,53.0,1,2,4,0,1,14,1,,1,ROCADE A 630,0,,1,2,0,2,0,519,2,, -1,4,3,1,70,6,12,2021,20:30,5,33,33249,1,1,1,6,ROCADE A 630,44.884657,-0.511607,20,1,1
202100019287,167Â 160,A01,1,1,1,1,2,6,-1,0,0,-1,2021,58.0,1,1,0,2,2,17,1,,3,306,-1,,3,2,0,1,29,500,1,, -1,1,0,1,50,13,9,2021,07:50,1,69,69009,2,9,0,3,VILLEFRANCHE (DE) (RTE),45.941195,4.716123,7,2,2
202100019944,165Â 982,A01,1,1,1,0,1,-1,-1,0,0,-1,2021,69.0,1,2,0,2,3,1,1,,3,817,-1,,2,2,0,1,59,700,1,, -1,1,0,1,50,9,9,2021,09:00,1,64,64396,2,2,0,1,RD 817,43.444873,-0.673422,9,2,2
202100011000,182Â 064,C01,1,1,2,5,8,-1,-1,0,0,-1,2021,52.0,1,1,0,0,4,2,5,,3,36,0,D,2,2,0,1,4,0,1,, -1,1,0,1,80,26,10,2021,20:00,3,13,13096,1,1,0,2,D38,43.463853,4.396119,20,3,3
202100039092,131Â 755,B01,1,1,1,5,8,0,-1,-1, -1,-1,2021,30.0,2,1,0,2,1,17,1,,3,,0,,2,2,3,2,16,352,1,, -1,1,0,1,50,19,5,2021,18:20,1,64,64125,2,1,0,3,CUMBA (AVENUE),43.44674,-1.57914,18,2,2
202100037010,135Â 546,A01,10,3,1,0,0,-1,-1,1,3,1,2021,10.0,2,2,0,1,8,2,1,,4,LOUISVILLE (AVENUE DE),0,,2,2,0,1,(1),(1),1,, -1,1,0,1,50,31,5,2021,18:15,1,34,34172,2,1,0,6,LOUISVILLE (AVENUE DE),43.62253,3.81544,18,2,1
202100020226,165Â 482,B01,2,2,2,5,1,-1,-1,-1, -1,-1,2021,47.0,2,2,0,2,3,1,1,,4,VAUBAN                              (R ),0,,1,1,2,1,(1),(1),1,, -1,1,0,1,30,8,9,2021,01:45,5,69,69386,2,2,0,3,VAUBAN (R),45.7648,4.84277,1,5,2
202100020123,165Â 656,B01,1,1,1,5,8,0,-1,-1, -1,-1,2021,16.0,3,1,0,2,1,19,3,,4,CHARLES SCHMIDT(RUE) : APRES 49,0,,2,2,1,1,0,0,1,, -1,1,0,1,50,8,9,2021,17:10,1,93,93070,2,1,0,3,CHARLES SCHMIDT(RUE) : APRES 49,48.9031,2.33386,17,3,2
202100024041,158Â 672,B01,1,1,1,5,2,-1,-1,0,0,-1,2021,52.0,1,1,0,0,8,1,5,,3,D938,0,,2,2,0,1,17,0,4,, -1,1,0,1,80,15,8,2021,12:46,1,84,84008,1,3,0,3,D938,44.143541,5.10533,12,2,2
202100023208,160Â 138,A01,1,1,1,1,2,-1,-1,0,0,-1,2021,17.0,1,1,0,2,1,17,1,,3,211,0,,2,2,0,1,(1),(1),1,, -1,1,0,1,50,21,8,2021,12:45,1,68,68021,2,1,0,2,86 Rue de la Gare,47.6351,7.490804,12,2,2
202100055059,103Â 395,B01,1,1,1,5,8,0,-1,-1, -1,-1,2021,10.0,1,1,0,2,1,19,5,,4,ARC EN CIEL AVENUE DE L',0,,-1,2,0,1,(1),(1),1,, -1,1,0,1,50,14,1,2021,17:00,2,13,13063,2,1,0,3,ARC EN CIEL AVENUE DE L',43.598181,5.00893,17,3,2
202100053453,106Â 172,A01,10,3,2,2,0,-1,-1,3,3,1,2021,15.0,2,2,0,1,3,1,1,,3,COURAYE (RUE),0,,2,2,0,2,32,1120,1,, -1,2,0,1,50,27,1,2021,09:00,1,50,50218,2,1,1,6,COURAYE (RUE),48.83755,-1.59156,9,2,1
202100007073,189Â 115,A01,2,2,1,5,8,-1,-1,0,0,-1,2021,13.0,1,6,2,0,0,1,1,,3,27,-1,,2,2,0,1,6,340,3,, -1,9,0,3,80,21,11,2021,15:50,1,56,56081,1,1,0,6,Kerandraon,48.086399,-3.6380276,15,2,1
202100002221,197Â 820,B01,1,1,1,5,2,6,-1,-1, -1,-1,2021,25.0,2,1,0,2,2,21,1,,1,A4,0,,3,8,0,1,7,0,1,, -1,1,0,1,90,19,12,2021,15:50,1,94,94042,1,1,0,2,A4,48.8285410714,2.4757609509,15,2,2
202100016028,173Â 009,A01,1,1,1,1,2,-1,-1,0,0,-1,2021,39.0,1,1,12,0,0,12,1,,3,670,-1,,-1,2,0,1,(1),(1),2,, -1,2,0,1,50,29,9,2021,08:10,1,33,33243,2,6,1,3,Place Jean Moulin,44.91869,-0.24208,8,2,2
202100029946,148Â 274,A01,3,2,1,0,1,-1,-1,-1, -1,-1,2021,41.0,3,2,8,0,1,1,1,,7,CENTRE ECHANGE LYON PERRACHE ,0,,2,2,0,1,(1),(1),1,, -1,1,1,6,10,8,7,2021,11:50,1,69,69382,2,1,0,6,M6,45.7492337436,4.8266217113,11,3,1
202100041164,128Â 021,B01,2,2,1,0,1,0,-1,-1, -1,-1,2021,24.0,1,2,0,2,1,2,1,,4,,0,,1,1,0,1,0,0,1,, -1,2,9,1,50,6,5,2021,01:16,5,92,92049,2,9,0,3,GINOUX AVENUE HENRI AUTRES NÂ°,48.81122,2.31843,1,3,2
202100020769,164Â 515,A01,1,1,2,5,1,-1,-1,0,0,-1,2021,25.0,1,2,9,0,1,11,1,,3,529,-1,,2,2,2,1,25,860,1,, -1,1,9,4,50,5,9,2021,20:39,5,38,38499,2,1,0,6,1532 Route du Chevalement,44.927223,5.776999,20,3,1
202100023335,159Â 900,A01,1,1,1,5,1,-1,-1,0,0,-1,2021,68.0,2,2,2,0,1,1,1,,3,33,-1,,2,2,0,1,4,750,1,, -1,2,0,3,-1,21,8,2021,17:45,1,51,51505,1,1,1,7,D33,49.303552,4.25173,17,1,1
202100037551,134Â 540,A01,1,1,1,9,1,0,-1,-1, -1,-1,2021,33.0,2,2,0,2,1,2,1,,1,A4.W,0,,-1,4,0,1,20,399,1,, -1,1,0,1,110,29,5,2021,20:00,1,77,77146,1,1,0,6,A4.W,48.83204,2.65147,20,4,2
202100052843,107Â 263,A01,1,1,2,9,1,-1,-1,0,0,-1,2021,60.0,1,2,0,0,4,2,1,,3,1420,-1,,2,2,0,1,32,500,1,, -1,2,0,1,90,1,2,2021,08:40,1,67,67188,1,1,1,4,D1420,48.522805,7.369267,8,6,4
202100006375,190Â 399,B01,1,1,1,1,2,6,-1,-1,0,-1,2021,37.0,1,1,0,2,4,2,1,,1,AUTOROUTE A15,0,,3,8,0,1,23,100,1,, -1,1,0,1,110,24,11,2021,15:50,1,95,95500,1,1,0,2,AUTOROUTE A15,49.0362438425,2.0951705806,15,2,2
202100051058,110Â 410,A01,1,1,1,4,1,-1,-1,-1, -1,-1,2021,41.0,1,2,7,2,2,1,1,,4,SCHUMAN (RUE ROBERT),0,,2,2,0,1,(1),(1),1,, -1,1,5,1,50,18,2,2021,16:05,1,33,33063,2,2,0,3,Rue Pierre Trebod,44.85825,-0.58433,16,2,2
202100041044,128Â 246,A01,1,1,1,0,2,6,-1,-1, -1,-1,2021,27.0,1,1,0,2,1,3,1,,1,AUTOROUTE A86,0,,3,6,0,1,23,0,1,, -1,1,0,1,90,7,5,2021,16:37,1,93,93008,1,1,0,2,AUTOROUTE A86,48.90581,2.46241,16,2,2
202100025698,155Â 750,A01,1,1,1,0,8,0,-1,-1, -1,-1,2021,50.0,1,4,0,2,7,12,1,,1,AUTOROUTE A3,0,,3,10,0,1,6,199,1,, -1,1,2,1,90,4,8,2021,10:15,1,93,93010,1,1,0,3,AUTOROUTE A3,48.89115,2.47342,10,2,2
202100001382,199Â 299,A01,10,3,2,5,0,-1,-1,4,3,1,2021,70.0,1,1,0,1,0,16,1,,4,BOULEVARD BESSIERES,0,,1,2,0,1,(1),(1),1,, -1,2,0,1,30,24,12,2021,19:50,5,75,75117,2,2,1,6,BOULEVARD BESSIERES,48.894328,2.313818,19,2,1
202100005082,192Â 693,A01,2,2,1,5,8,0,-1,0,0,-1,2021,19.0,1,1,0,2,1,1,1,,3,PROVENCE AVENUE DE,0,,2,2,0,1,47,550,1,, -1,1,0,1,50,8,11,2021,20:30,5,26,26362,2,2,0,2,Avenue de Provence,44.912881,4.878024,20,3,2
202100009897,184Â 004,B01,4,2,1,0,1,8,-1,-1, -1,-1,2021,8.0,1,2,14,0,4,23,1,,4,AV ARISTIDE BRIAND,0,,-1,2,0,1,0,0,1,, -1,1,0,1,50,28,10,2021,11:55,1,91,91479,2,1,0,4,AV ARISTIDE BRIAND,48.71054,2.35814,11,4,3
202100026365,154Â 568,A01,1,1,1,5,2,-1,-1,0,0,-1,2021,44.0,2,1,0,2,1,5,1,,3,977,2,,2,2,0,2,55,950,3,, -1,1,0,1,80,31,7,2021,15:25,1,21,21238,1,1,0,1,D977bis,47.287599,4.694252,15,2,2
202100021128,163Â 891,A01,2,2,1,5,1,-1,-1,0,0,-1,2021,20.0,1,2,0,2,3,15,1,,3,2,0,,2,2,0,1,21,0,1,, -1,1,5,1,80,3,9,2021,20:17,3,86,86239,1,3,0,3,Route dÃ©partementale 2,46.611818,0.692782,20,3,2
202100001358,199Â 335,A01,1,1,1,5,1,0,-1,-1, -1,-1,2021,49.0,2,2,4,2,3,1,1,,1,AUTOROUTE A1,0,,3,6,0,1,36,700,1,, -1,2,0,1,130,25,12,2021,11:20,1,60,60631,1,1,1,3,AUTOROUTE A1,49.1558464804,2.590178369,11,2,2
202100029963,148Â 239,A01,1,1,1,3,1,-1,-1,-1, -1,-1,2021,78.0,1,2,1,0,2,1,1,,4,GREUZE    (Rue),0,,2,2,0,1,(1),(1),1,, -1,1,0,1,50,8,7,2021,16:25,1,69,69266,2,1,0,6,GREUZE (R),45.77039,4.89365,16,2,1
202100010262,183Â 362,A01,10,3,1,2,0,-1,-1,1,5,3,2021,13.0,1,2,0,1,8,1,1,,4,AV GAY LUSSAC,0,,2,1,0,1,0,0,1,, -1,1,0,1,30,22,10,2021,16:30,1,91,91521,2,1,0,6,AV GAY LUSSAC,48.64227,2.41327,16,2,1
202100035546,138Â 170,A01,1,1,1,5,2,0,-1,0,0,-1,2021,67.0,2,1,0,2,1,2,3,,4,RUE DE SAINT PETERSBOURG,0,,2,3,0,2,(1),(1),1,, -1,1,0,1,30,9,6,2021,10:35,1,75,75108,2,4,0,2,RUE DE SAINT PETERSBOURG,48.87997,2.324161,10,2,2
202100017288,170Â 750,A01,10,3,2,9,0,-1,-1,9,9,1,2021,46.0,0,2,6,1,1,15,1,,4,0,0,O,2,2,0,1,(1),(1),2,, -1,1,0,4,50,23,9,2021,15:20,1,971,97103,2,1,0,6,Rue josÃ©phine Baker,16.256842,-61.578691,15,2,1
202100035030,139Â 079,A01,1,1,1,3,1,0,-1,-1, -1,-1,2021,20.0,3,2,0,2,3,20,1,,9,SAINT ANTOINE (AVENUE DE),0,,1,1,0,1,0,0,1,, -1,1,9,8,30,11,6,2021,17:30,1,13,13215,2,1,0,3,SAINT ANTOINE (AVENUE DE),43.36307,5.34859,17,2,2
202100012724,178Â 975,A01,1,1,1,5,0,-1,-1,0,0,-1,2021,28.0,3,2,2,0,1,2,1,,4,,-1,,2,2,0,2,(1),(1),2,,4,1,0,3,50,16,10,2021,21:30,3,29,29023,2,1,0,6,Route de la Grande GrÃªve,48.66044,-3.923955,21,2,1
202100042175,126Â 234,B01,2,2,1,0,1,0,-1,-1, -1,-1,2021,58.0,3,2,0,2,3,19,1,,7,JAURES JEAN RUE DU 130 AU 252,0,,2,2,0,1,(1),(1),1,, -1,1,5,1,50,27,4,2021,12:10,1,59,59009,2,2,0,3,JAURES JEAN RUE DU 130 AU 252,50.665667,3.141087,12,4,2
202100028084,151Â 509,A01,1,1,1,0,2,6,-1,-1, -1,-1,2021,29.0,2,1,0,2,1,3,0,,1,AUTOROUTE A1,0,,3,8,0,1,0,200,1,, -1,1,0,1,90,19,7,2021,09:15,1,93,93066,1,1,0,2,AUTOROUTE A1,48.90341,2.35857,9,2,2
202100001543,199Â 044,A01,1,1,1,5,1,-1,-1,0,0,-1,2021,42.0,2,2,3,0,3,1,1,,1,62,0,A,3,3,0,1,199,500,1,, -1,1,0,1,130,25,12,2021,21:04,3,82,82028,1,1,0,3,A 62 pk 199.500,43.86324,1.318545,21,3,2
202100027411,152Â 718,A01,5,2,2,5,0,-1,-1,0,0,-1,2021,51.0,3,2,16,0,0,26,1,,9,,-1,,2,2,0,3,(1),(1),2,, -1,1,0,3,80,23,7,2021,12:20,1,973,97362,1,1,0,7,route de Loka,3.818631,-54.160988,12,3,1
202100022900,160Â 690,A01,10,3,1,5,0,-1,-1,1,3,1,2021,10.0,1,2,0,1,3,1,1,,3,ESCOUVRIER (RUE DE L'),0,,2,2,0,2,0,80,1,, -1,1,0,1,50,22,8,2021,14:50,1,95,95585,2,1,0,6,Rue de lâEscouvrier,48.9938,2.3886,14,3,1
202100011570,181Â 042,A01,4,2,1,9,1,-1,-1,-1, -1,-1,2021,19.0,2,2,0,0,9,13,1,,3,D.501,0,,-1,2,0,1,0,397,1,, -1,1,0,1,90,22,10,2021,20:00,3,61,61497,1,1,0,7,D.501,48.4567,0.10319,20,4,1
202100052846,107Â 259,A01,1,1,2,0,1,-1,-1,0,0,-1,2021,72.0,2,2,0,2,9,3,1,,3,7,-1,,3,2,0,1,4,700,1,, -1,2,0,1,70,2,2,2021,08:30,1,14,14125,2,1,0,4,D7,49.2300416586,-0.371389089,8,6,5
202100056115,101Â 577,A01,10,3,1,0,0,-1,-1,4,3,-1,2021,28.0,0,2,0,1,3,1,1,,3,829,-1,,2,2,0,1,(1),(1),1,, -1,2,0,1,50,6,1,2021,18:10,5,67,67028,2,1,1,6,Rue de Strasbourg,48.371964,7.592533,18,2,1
202100002158,197Â 927,A01,1,1,1,0,1,0,-1,-1, -1,-1,2021,46.0,2,2,0,2,2,15,1,,3,CLEMENCEAU (AVENUE GEORGES),0,,2,6,0,1,0,0,1,, -1,1,5,1,50,19,12,2021,12:45,1,93,93078,2,2,0,5,CLEMENCEAU (AVENUE GEORGES),48.95824,2.55829,12,7,4
202100019302,167Â 133,A01,2,2,1,0,1,0,-1,-1, -1,-1,2021,19.0,2,2,0,2,1,9,1,,2,ROUTE NATIONALE 356,0,,1,0,0,1,(1),(1),1,, -1,1,9,8,30,9,5,2021,20:40,1,59,59378,1,1,0,4,ROUTE NATIONALE 356,50.6548388911,3.1070280075,20,4,3
202100020526,164Â 948,A01,10,3,1,5,0,-1,-1,9,B,-1,2021,59.0,2,2,0,1,3,1,1,,4,VICTOR HUGO RUE,0,,1,2,0,1,(1),(1),1,, -1,1,0,1,50,2,9,2021,19:35,1,42,42207,2,9,0,6,Rue Victor Hugo,45.47445,4.51429,19,3,1
202100051971,108Â 812,B01,1,1,2,3,1,-1,-1,0,0,-1,2021,39.0,1,2,0,2,1,1,1,,3,,0,,2,2,0,1,5,37,1,, -1,1,0,1,80,10,2,2021,15:30,1,85,85070,1,1,0,1,D82,46.74023,-1.79177,15,2,2
202100053070,106Â 861,A01,1,2,1,5,-1,0,-1,-1, -1,-1,2021,22.0,1,2,9,2,1,13,1,,4,EUROPE (AV),0,,1,3,0,1,1,0,1,, -1,1,5,8,50,30,1,2021,06:00,5,13,13001,2,9,0,3,EUROPE (AV),43.524375,5.431535,6,3,2
202100040047,130Â 015,A01,1,1,1,5,8,0,-1,-1, -1,-1,2021,23.0,1,2,0,9,1,26,1,,4,ROMANERIE BOULEVARD,0,,-1,2,0,1,1,0,1,, -1,1,0,1,50,13,5,2021,15:24,1,49,49267,2,6,0,6,ROMANERIE BOULEVARD,47.48257,-0.50338,15,1,1
202100028456,150Â 850,A01,1,1,2,0,1,0,-1,-1, -1,-1,2021,34.0,1,2,8,2,5,26,1,,4,DOTHEMARE,0,,2,2,0,1,(1),(1),1,, -1,1,0,1,50,16,7,2021,09:35,1,971,97101,2,2,0,3,DOTHEMARE,16.27017,-61.50958,9,2,2
202100017736,169Â 922,B01,1,1,2,4,1,-1,-1,0,0,-1,2021,48.0,2,2,0,2,3,21,1,,3,6,-1,,2,2,0,2,17,200,3,, -1,1,0,1,80,21,9,2021,13:10,1,30,30320,1,1,0,1,pk 17 D6,44.116852,4.29709,13,2,2
202100056486,100Â 933,A01,1,1,1,0,1,0,-1,-1, -1,-1,2021,81.0,2,2,0,2,1,1,1,,1,13,0,,3,6,0,1,6,300,1,, -1,1,0,1,110,1,1,2021,18:15,1,92,92047,1,1,0,4,A13,48.83577,2.18069,18,7,3
202100030862,146Â 595,C01,1,1,1,9,2,0,-1,0,0,-1,2021,17.0,1,1,0,2,1,2,1,,4,AVENUE DES CHAMPS ELYSEES,0,,2,8,0,2,(1),(1),1,, -1,1,0,1,50,3,7,2021,19:10,1,75,75108,2,7,1,4,AVENUE DES CHAMPS ELYSEES,48.873138,2.297096,19,3,3
202100027869,151Â 898,A01,10,3,1,0,8,8,-1,3,3,1,2021,14.0,3,2,0,1,3,1,1,,4,RUE MAURICE DODERO,0,,2,2,1,1,(1),(1),1,, -1,1,0,1,30,20,7,2021,09:50,1,38,38185,2,1,0,6,RUE MAURICE DODERO,45.16369,5.7306,9,2,1
202100000820,200Â 255,A01,10,3,1,9,8,8,-1,0,9,1,2021,17.0,3,4,0,1,0,16,1,,4,PASCAL (RUE),0,,2,2,0,1,(1),(1),3,, -1,2,0,1,50,20,12,2021,04:26,5,62,62548,2,6,1,6,PASCAL (RUE),50.941122,1.939791,4,2,1
202100027825,151Â 977,A01,2,2,1,5,2,-1,-1,0,0,-1,2021,16.0,1,1,0,2,1,2,1,,3,813,0,D,2,2,0,1,0,825,1,, -1,1,0,1,50,22,7,2021,18:05,1,2,2810,2,1,0,5,D813,49.239765,3.072567,18,4,3
202100020055,165Â 778,A01,10,3,1,1,0,-1,-1,2,3,2,2021,40.0,1,2,0,1,1,15,1,,4,REVOLUTION (AVENUE DE LA),0,,4,3,0,1,0,0,1,, -1,1,0,1,50,7,9,2021,10:15,1,87,87085,2,2,0,6,REVOLUTION (AVENUE DE LA),45.82592,1.25774,10,2,1
202100039348,131Â 266,A01,1,1,1,1,1,-1,-1,0,0,-1,2021,40.0,0,2,0,2,4,1,1,,7,433,-1,D,2,2,1,1,(1),(1),1,, -1,2,0,1,50,19,5,2021,12:25,1,69,69088,2,3,0,2,LAMARTINE (Q),45.833286,4.845626,12,2,2