Num_Acc,id_vehicule,num_veh,place,catu,sexe,trajet,secu1,secu2,secu3,locp,actp,etatp,year_acc,victim_age,senc,catv,obs,obsm,choc,manv,motor,occutc,catr,voie,v1,v2,circ,nbv,vosp,prof,pr,pr1,plan,lartpc,larrout,surf,infra,situ,vma,jour,mois,an,hrmn,lum,dep,com,agg_,int,atm,col,adr,lat,long,hour,nb_victim,nb_vehicules
202100000668,200Â 520,A01,1,1,1,5,2,6,-1,0,0,-1,2021,22.0,2,1,0,2,1,1,1,,3,558,-1,,-1,2,0,2,19,300,2,, -1,1,0,1,70,30,12,2021,11:50,1,83,83063,1,1,0,3,rd 558,43.3127405678,6.4712691307,11,2,2
202100039107,131Â 729,A01,1,1,2,5,1,8,-1,-1, -1,-1,2021,61.0,3,2,0,2,2,12,1,,4,ARC EN CIEL ( ROND POINT DE L'),0,,1,2,0,1,(1),(1),2,, -1,2,0,1,50,19,5,2021,08:25,1,37,37233,2,6,0,3,ARC EN CIEL ( ROND POINT DE L'),47.3921394375,0.7253188448,8,2,2
202100034586,139Â 894,A01,1,1,1,0,1,0,-1,0,0,-1,2021,67.0,2,2,0,2,1,13,1,,3,ROUTE DE SAINT GERVAIS,0,,2,2,0,1,1,0,2,, -1,1,0,1,80,12,6,2021,13:15,1,30,30028,1,1,0,1,ROUTE DE SAINT GERVAIS,44.17921,4.60939,13,2,2
202100005695,191Â 620,A01,1,1,1,5,1,-1,-1,0,0,-1,2021,52.0,1,2,0,2,3,13,1,,3,980,0,,2,2,0,2,35,900,3,, -1,2,0,1,90,30,11,2021,17:25,3,21,21272,1,1,1,1,RD980,47.439467,4.311125,17,2,2
202100032039,144Â 480,A01,1,1,1,5,2,6,-1,0,0,-1,2021,27.0,1,1,0,2,8,17,1,,3,936,0,,2,2,0,1,50,600,1,, -1,1,0,1,80,6,6,2021,16:20,1,24,24226,1,1,0,6,Route de Bergerac,44.853469,0.014434,16,2,2
202100031812,144Â 895,A01,1,1,1,0,2,0,-1,-1, -1,-1,2021,52.0,2,1,0,2,7,3,1,,1,AUTOROUTE A86,0,,3,8,0,1,12,500,1,, -1,1,0,1,90,28,6,2021,20:00,1,93,93066,1,1,0,3,AUTOROUTE A86,48.92641,2.33773,20,2,2
202100017212,170Â 876,A01,1,1,1,5,2,6,-1,0,0,-1,2021,38.0,1,1,9,0,3,14,1,,2,,-1,,2,2,0,1,(1),(1),1,,4,1,9,1,50,25,9,2021,10:50,1,55,55573,2,3,0,6,Rue Mazelin,48.691994,5.616331,10,1,1
202100005196,192Â 486,C01,1,1,2,0,1,0,-1,-1, -1,-1,2021,25.0,1,2,0,2,4,2,1,,1,A12 Y,0,,1,3,0,1,6,0,1,, -1,2,1,1,110,1,12,2021,19:41,3,78,78073,1,1,1,5,A12 Y,48.801717,2.046779,19,3,3
202100030133,147Â 915,B01,1,1,1,0,2,8,-1,-1, -1,-1,2021,33.0,1,1,0,2,8,3,1,,1,86,0,,3,4,0,1,6,949,1,, -1,1,0,1,90,8,7,2021,09:25,1,92,92025,1,1,0,3,A86,48.9337646787,2.2726945731,9,2,2
202100014537,175Â 720,A01,2,2,2,5,1,0,-1,-1, -1,-1,2021,34.0,1,2,0,2,1,2,1,,1,A4,0,,-1,5,0,1,2,500,1,, -1,1,0,1,90,8,10,2021,21:00,3,94,94069,1,1,0,4,A4,48.8176026373,2.4211764336,21,7,3
202100037675,134Â 313,B01,2,2,2,0,2,6,9,0,0,-1,2021,23.0,1,1,15,2,3,1,1,,3,4,-1,,2,2,0,1,31,800,1,, -1,1,0,1,80,29,5,2021,15:40,1,7,7115,1,1,0,6,route dÃ©partementale 4,44.477524,4.333312,15,3,2
202100035318,138Â 579,A01,1,1,1,9,2,2,-1,0,0,-1,2021,17.0,1,1,1,2,1,1,1,,4,ROUTE SAINT HUBERT,0,,1,1,0,1,(1),(1),1,, -1,1,0,1,50,10,6,2021,20:40,1,75,75112,2,1,0,3,ROUTE SAINT HUBERT,48.827307,2.449919,20,2,2
202100038481,132Â 864,A01,9,2,2,5,1,-1,-1,0,0,-1,2021,16.0,2,2,16,0,0,1,1,,3,113,-1,,2,2,0,1,26,105,2,, -1,1,0,3,80,23,5,2021,21:15,2,62,62318,1,1,0,7,CD 113,50.518456,1.670833,21,4,1
202100048906,114Â 340,B01,2,2,2,5,1,-1,-1,0,0,-1,2021,60.0,1,2,0,2,1,17,1,,3,D677,-1,,1,2,0,4,48,4,1,, -1,1,0,1,110,7,3,2021,15:30,1,10,10015,1,9,0,3,D677,48.421405,4.115667,15,4,2
202100032823,143Â 108,B01,1,1,2,4,8,0,-1,-1, -1,-1,2021,34.0,1,1,0,2,1,1,0,,4,,0,,2,2,0,1,0,100,1,, -1,1,0,1,50,22,6,2021,10:55,1,91,91657,2,2,0,3,AV DE LA CONCORDE,48.70501,2.42448,10,2,2
202100052383,108Â 079,B01,1,1,2,0,1,0,-1,-1, -1,-1,2021,47.0,3,2,0,2,4,2,0,,3,CAPITAINE THEN,0,,2,1,0,1,1,0,1,, -1,1,5,1,50,5,2,2021,14:30,1,202,202033,2,6,0,4,CAPITAINE THEN,42.67466,9.43791,14,3,3
202100030079,148Â 020,C01,1,1,1,5,0,-1,-1,0,0,-1,2021,26.0,2,1,0,9,1,1,5,,3,19,0,D,2,2,0,2,0,0,2,, -1,1,0,1,80,8,7,2021,09:25,1,84,84017,1,1,0,6,D19,44.135415,5.166631,9,3,3
202100041867,126Â 788,A01,10,3,1,5,0,-1,-1,4,3,1,2021,75.0,1,5,0,1,1,15,1,,2,JAURES (BOULEVARD JEAN),0,,3,3,1,1,(1),(1),1,, -1,1,0,1,50,30,4,2021,17:05,1,974,97411,2,3,0,6,JAURES (BOULEVARD JEAN),-20.8899,55.46398,17,2,1
202100010892,182Â 260,B01,1,1,1,5,1,8,-1,-1, -1,-1,2021,43.0,2,2,0,2,4,1,1,,3,465,0,,3,4,0,1,0,810,1,, -1,2,0,1,70,25,10,2021,08:40,1,56,56121,2,1,0,4,PÃ©nÃ©trante de Lorient D465,47.76216,-3.38175,8,3,3
202100056280,101Â 296,A01,1,1,1,4,2,6,-1,0,0,-1,2021,34.0,1,1,0,0,0,16,1,,4,BOULEVARD MASSENA,0,,3,2,0,2,(1),(1),1,, -1,2,0,1,50,4,1,2021,11:14,1,75,75113,2,3,1,7,BOULEVARD MASSENA,48.823392,2.375021,11,1,1
202100049036,114Â 106,A01,1,1,1,5,2,6,-1,-1,0,-1,2021,45.0,1,1,0,0,9,14,1,,1,AUTOROUTE A115,0,,3,6,0,2,9,484,1,, -1,1,0,1,50,6,3,2021,17:50,2,95,95060,1,1,0,6,AUTOROUTE A115,49.0390931325,2.1918720641,17,1,1
202100031566,145Â 331,B01,1,1,2,1,1,0,-1,-1, -1,-1,2021,37.0,3,2,0,2,4,1,1,,4,VALLES (JULES),0,,1,2,0,1,0,0,1,, -1,1,0,1,50,30,6,2021,18:50,1,35,35238,2,1,0,2,VALLES (JULES),48.10303,-1.71369,18,2,2
202100000284,201Â 217,A01,10,3,1,0,0,-1,-1,2,3,1,2021,21.0,1,1,0,1,7,1,1,,4,UNIVERSITE (DE L')                  (R ),0,,1,3,1,1,(1),(1),1,, -1,2,0,1,50,16,9,2021,08:15,1,69,69387,2,1,0,6,UNIVERSITE (DE L') (R),45.750021,4.84053,8,2,1
202100030638,146Â 995,B01,1,1,1,5,2,6,-1,0,0,-1,2021,25.0,1,1,0,2,1,2,1,,3,5,0,B,2,2,0,4,2,666,2,, -1,1,0,1,50,5,7,2021,18:30,1,31,31174,2,1,0,2,Pujos,43.033192,0.821217,18,3,2
202100034017,140Â 955,B01,1,1,1,0,1,5,-1,-1, -1,-1,2021,70.0,1,2,0,2,3,26,1,,3,ROUTE DEPARTEMENTALE 13,0,,-1,2,0,4,6,500,3,, -1,1,0,1,80,15,6,2021,14:00,1,972,97213,1,1,0,3,ROUTE DEPARTEMENTALE 13,14.63426,-61.01495,14,2,2
202100046717,118Â 263,B01,1,1,1,4,2,4,-1,-1, -1,-1,2021,27.0,2,1,0,2,7,3,1,,1,A4,0,,3,4,0,1,10,300,1,, -1,2,0,1,110,25,3,2021,07:45,1,94,94017,1,1,1,3,A4,48.8264762717,2.5200291693,7,3,2
202100041604,127Â 239,B01,2,2,1,5,1,-1,-1,0,0,-1,2021,25.0,1,2,0,0,4,1,1,,3,4,-1,,2,2,0,2,43,600,1,, -1,1,0,1,80,3,5,2021,16:00,1,4,4200,1,1,0,2,RD 4,44.146616,5.982141,16,3,2
202100031405,145Â 616,A01,1,1,1,5,2,6,-1,-1, -1,-1,2021,32.0,2,1,0,2,6,3,1,,1,86,0,,3,6,0,1,2,99,1,, -1,1,0,1,90,2,7,2021,16:45,1,92,92050,1,1,0,3,A86,48.9154227847,2.2202196256,16,6,2
202100042823,125Â 117,B01,1,1,1,1,2,6,-1,-1, -1,-1,2021,56.0,1,1,0,2,7,1,1,,4,CLADEL (RUE LEON),0,,2,2,0,1,(1),(1),1,, -1,1,0,1,50,23,4,2021,09:15,1,82,82121,2,1,0,3,CLADEL (RUE LEON),44.02247,1.35865,9,2,2
202100046768,118Â 175,B01,1,1,1,0,2,0,-1,-1, -1,-1,2021,25.0,1,1,0,2,3,0,1,,4,AMPERE (BOULEVARD),0,,1,2,0,1,(1),(1),1,, -1,1,5,1,30,24,3,2021,10:20,1,13,13215,2,6,0,3,AMPERE (BOULEVARD),43.33951,5.3726,10,2,2
202100015292,174Â 378,A01,1,1,1,1,2,6,-1,0,0,-1,2021,57.0,1,1,0,6,3,1,1,,3,626,-1,,2,2,0,1,51,100,1,, -1,1,0,1,80,23,8,2021,07:05,1,32,32013,1,1,0,6,D626,43.628745,0.633924,7,1,1
202100002249,197Â 763,A01,10,3,1,5,0,-1,-1,8,5,3,2021,7.0,3,2,0,1,1,1,1,,6,PAYS-BAS (AVENUE DES),0,,-1,0,0,1,(1),(1),1,, -1,1,0,1,30,18,12,2021,14:20,1,35,35238,2,1,0,6,Avenue des Pays-Bas,48.08933,-1.65977,14,2,1
202100002781,196Â 795,A01,1,1,1,1,2,0,-1,-1, -1,-1,2021,31.0,1,1,0,2,1,1,1,,4,JEAN MARTIN (RUE),0,,1,2,0,1,0,0,1,, -1,1,0,6,50,15,12,2021,08:30,1,13,13205,2,2,0,3,JEAN MARTIN (RUE),43.2957909103,5.4021990322,8,3,2
202100002757,196Â 840,B01,1,1,1,0,8,0,-1,0,0,-1,2021,53.0,2,1,0,2,8,19,5,,3,LACOUR (BD EDOUARD),0,,2,2,0,1,0,700,1,, -1,1,0,1,50,13,12,2021,14:57,1,47,47001,2,1,0,3,LACOUR (BD EDOUARD),44.197565,0.626939,14,2,2
202100054623,104Â 149,A01,1,1,2,9,1,-1,-1,0,0,-1,2021,51.0,3,2,15,9,1,1,1,,4,0,0,,2,2,0,2,(1),(1),1,, -1,2,0,3,80,18,1,2021,17:35,3,63,63326,1,1,0,6,Route de Neuville,45.698931211,2.8776615858,17,1,1
202100033185,142Â 447,B01,1,1,1,2,2,6,-1,-1, -1,-1,2021,17.0,1,1,0,2,1,1,1,,4,LAGRAVERE (RUE),0,,1,1,0,1,(1),(1),1,, -1,1,0,1,50,20,6,2021,08:45,1,82,82121,2,3,0,3,DELTHIL (RUE CAMILLE),44.021,1.36475,8,2,2
202100037115,135Â 358,A01,1,1,1,5,2,6,-1,0,0,-1,2021,47.0,1,1,13,0,3,2,1,,3,26,-1,,2,2,0,1,17,900,1,, -1,1,0,8,80,1,6,2021,22:11,3,28,28289,1,1,0,6,route dÃ©partementale 26,48.618442,1.459508,22,1,1
202100042774,125Â 190,B01,1,1,1,0,2,6,9,0,0,-1,2021,30.0,1,1,0,2,1,2,1,,3,948,0,D,2,2,0,1,(1),(1),1,, -1,1,0,1,50,25,4,2021,14:45,1,91,91179,2,2,0,1,Rue de Milly,48.566277,2.481406,14,2,2
202100042809,125Â 140,B01,1,1,1,3,8,-1,-1,-1, -1,-1,2021,30.0,1,1,0,2,3,1,5,,4,VITTON                              (CO),0,,2,4,1,1,(1),(1),1,, -1,1,0,1,50,23,4,2021,17:15,1,69,69386,2,2,0,1,VITTON (CR),45.770097443,4.8596745729,17,2,2
202100056006,101Â 775,A01,1,1,2,1,1,4,-1,-1, -1,-1,2021,57.0,2,2,0,2,8,2,1,,1,A50-Sens Aubagne vers Marseille,0,,1,3,0,1,2,500,1,, -1,1,0,1,90,6,1,2021,06:53,2,13,13210,1,1,0,3,A50-Sens Aubagne vers Marseille,43.284822077,5.4168915281,6,2,2
202100017970,169Â 503,A01,1,1,1,1,2,6,-1,-1,0,-1,2021,26.0,2,1,0,2,7,1,1,,3,RD 170,0,,3,4,0,1,1,500,1,, -1,2,0,1,70,20,9,2021,07:30,2,95,95582,1,1,1,3,RD 170,48.9666859939,2.2729039192,7,2,2
202100027749,152Â 107,A01,2,2,2,5,2,6,-1,-1, -1,-1,2021,38.0,1,1,0,2,6,23,1,,4,DAMES (BOULEVARD DES),0,,2,2,1,2,0,0,1,, -1,1,0,1,50,21,7,2021,11:15,1,13,13202,2,2,0,2,DAMES (BOULEVARD DES),43.30288,5.36772,11,3,2
202100026350,154Â 595,B01,1,1,2,0,1,0,-1,-1, -1,-1,2021,50.0,1,2,0,2,4,23,1,,3,LIBERATION PLACE DE LA,0,,2,6,0,1,0,0,1,, -1,1,0,1,50,30,7,2021,14:02,1,93,93046,2,1,0,2,LIBERATION PLACE DE LA,48.92338,2.54548,14,2,2
202100001536,199Â 057,A01,1,1,1,5,1,-1,-1,0,0,-1,2021,67.0,1,2,13,0,9,1,1,,3,10,-1,A,2,2,0,1,10,0,1,,7,2,0,3,80,25,12,2021,15:00,1,85,85267,1,1,1,7,Vienne,46.349201,-1.085088,15,1,1
202100010355,183Â 198,A01,1,1,2,9,8,0,-1,0,0,-1,2021,21.0,1,1,12,0,1,14,3,,4,RUE DES MARTYRS,0,,1,2,0,1,(1),(1),1,, -1,1,0,1,30,29,10,2021,02:20,5,75,75109,2,3,0,6,RUE DES MARTYRS,48.879947,2.340268,2,1,1
202100001298,199Â 445,B01,2,2,2,5,8,6,-1,0,0,-1,2021,46.0,2,1,0,2,1,1,1,,4,PLACE DE LA BASTILLE,0,,2,2,0,1,(1),(1),1,, -1,2,0,1,30,26,12,2021,15:38,1,75,75104,2,7,0,3,PLACE DE LA BASTILLE,48.853263,2.368602,15,4,2
202100051767,109Â 167,B01,3,2,1,0,3,0,-1,-1, -1,-1,2021,1.0,1,2,0,2,5,1,1,,2,186,0,,3,3,0,1,49,580,1,, -1,1,0,1,70,12,2,2021,14:10,1,94,94065,1,1,0,3,AUTOROUTE A86,48.7548646202,2.3465137766,14,3,2
202100032363,143Â 915,A01,1,1,2,5,1,-1,-1,0,0,-1,2021,20.0,2,2,16,0,0,17,1,,3,1314,0,A,-1,2,0,1,30,707,1,, -1,1,0,1,70,24,6,2021,17:30,1,76,76280,1,1,0,7,D1314,49.826557,1.41082,17,3,1
202100021078,163Â 981,A01,2,2,2,0,1,0,0,0,0,-1,2021,28.0,1,2,15,2,1,1,3,,3,SEMARD (AVENUE PIERRE),0,,2,2,0,2,22,729,2,, -1,1,0,1,50,3,9,2021,12:06,1,6,6069,2,1,0,3,SEMARD (AVENUE PIERRE),43.65603,6.92508,12,3,2
202100012651,179Â 100,B01,2,2,1,0,1,0,-1,-1, -1,-1,2021,20.0,1,2,0,2,1,1,0,,4,HAUT RHELE (RUE DU ),0,,2,2,0,1,0,0,1,, -1,1,0,1,30,17,10,2021,18:30,2,57,57480,2,1,0,1,HAUT RHELE (RUE DU ),49.09684,6.13596,18,4,2
202100001111,199Â 782,B01,1,1,1,0,1,-1,-1,0,0,-1,2021,21.0,1,2,0,2,1,1,1,,3,37,-1,,2,2,0,1,7,500,1,, -1,1,3,1,80,23,11,2021,09:00,1,67,67205,1,1,0,1,D37,48.677885,7.77581,9,2,2
202100022606,161Â 205,B01,2,2,1,0,1,-1,-1,-1, -1,-1,2021,18.0,2,2,0,2,4,1,1,,7,PARILLY (DE)                        (BD),0,,2,2,3,1,2,800,1,, -1,1,0,1,50,25,8,2021,18:15,1,69,69290,2,1,0,2,PARILLY (DE)                        (BD),45.71474,4.90584,18,3,2
202100041171,128Â 007,A01,1,1,1,4,1,-1,-1,0,0,-1,2021,58.0,2,4,1,0,1,12,1,,1,9,-1,,1,4,0,1,279,200,1,, -1,2,0,2,90,5,5,2021,18:20,1,66,66137,1,1,0,4,A9 PK 279+200,42.474206,2.859809,18,3,3
202100015033,174Â 836,A01,1,1,1,1,2,8,-1,-1, -1,-1,2021,34.0,2,1,3,0,8,13,1,,2,165,0,,3,8,0,1,97,85,1,, -1,2,0,1,90,4,10,2021,08:15,2,56,56036,1,1,1,6,RN 165 sens Brest/Nantes,47.77599,-3.36368,8,1,1
202100051818,109Â 077,A01,1,1,1,5,2,6,-1,0,0,-1,2021,26.0,2,1,0,2,2,9,1,,4,PORTE DE MONTREUIL,0,,1,4,0,1,(1),(1),1,, -1,2,0,1,70,11,2,2021,18:40,5,75,75120,2,4,0,2,PORTE DE MONTREUIL,48.856321,2.414137,18,2,2
202100027901,151Â 837,B01,1,1,2,0,8,0,-1,0,0,-1,2021,53.0,3,1,0,2,8,1,0,,3,,0,,2,2,1,1,0,190,3,, -1,1,5,5,50,20,7,2021,09:00,1,71,71270,2,6,0,3,Cours Moreau,46.30836,4.83201,9,2,2
202100019126,167Â 435,A01,1,1,1,5,2,0,-1,-1, -1,-1,2021,53.0,2,1,0,2,1,3,1,,1,A4.W,0,,1,3,0,1,17,300,1,, -1,1,0,1,110,13,9,2021,08:30,1,77,77083,1,1,0,6,A4.W,48.8306668858,2.6087313197,8,4,4
202100010922,182Â 202,B01,1,1,2,5,2,6,-1,-1, -1,-1,2021,67.0,1,1,0,2,7,16,1,,7,D.5,0,,2,4,0,2,1,0,3,, -1,1,0,1,50,25,10,2021,17:20,1,13,13047,1,6,0,7,D.5,43.4794714688,4.9963362897,17,1,1
202100025889,155Â 410,A01,1,1,1,1,2,6,-1,0,0,-1,2021,17.0,3,1,13,0,1,1,1,,4,,0,,1,1,0,2,(1),(1),1,,3,1,2,8,50,2,8,2021,12:45,1,11,11032,1,1,0,6,Chemin du Cimetiere,43.112834,2.055554,12,1,1
202100010646,182Â 707,A01,1,1,1,5,2,-1,-1,0,0,-1,2021,16.0,1,1,0,2,1,9,1,,3,627,-1,,2,2,0,4,23,900,1,, -1,1,0,1,80,28,10,2021,15:05,1,9,9209,1,4,0,1,route de Sainte Croix Volvestre - rd 627,42.993776,1.161885,15,2,2
202100046508,118Â 653,A01,1,1,2,0,2,6,-1,-1, -1,-1,2021,16.0,1,1,0,0,7,26,1,,4,MINERVA (AVENUE DE),0,,2,2,0,1,0,0,1,, -1,2,0,1,50,26,3,2021,07:46,1,64,64024,2,6,0,7,giratoire du parc montaury,43.48039,-1.5093,7,1,1
202100021268,163Â 640,A01,1,1,2,1,1,8,-1,0, -1,-1,2021,20.0,2,2,0,2,1,2,1,,2,RN 165,0,,3,4,0,1,53,200,1,, -1,1,0,1,110,1,9,2021,08:50,1,29,29232,1,1,0,2,N165 - Bretelle Gourvilly,48.02275,-4.08397,8,2,2
202100049216,113Â 780,A01,2,2,1,0,2,0,-1,-1, -1,-1,2021,25.0,3,1,0,2,1,1,1,,4,SAINT ANTOINE (CHEMIN),0,,2,2,0,1,(1),(1),1,, -1,1,0,1,50,4,3,2021,13:00,1,973,97302,2,1,0,3,SAINT ANTOINE (CHEMIN),4.93135,-52.29767,13,3,2
202100007084,189Â 097,A01,2,2,2,5,2,6,-1,0,0,-1,2021,55.0,1,1,0,0,8,1,1,,3,952,0,,2,2,0,2,21,900,3,, -1,7,0,1,80,20,11,2021,12:30,1,4,4144,1,1,0,7,RD 952,43.788058,6.375568,12,2,1
202100000069,201Â 627,A01,1,1,1,-1,0,-1,-1,-1, -1,-1,2021,52.0,2,2,0,2,3,5,1,,4,,0,,2,2,1,1,(1),(1),1,, -1,2,0,1,50,26,10,2021,06:40,5,60,60057,2,9,0,5,Rue de Calais,49.43862,2.08271,6,2,2
202100023508,159Â 612,A01,1,1,1,5,2,6,-1,0,0,-1,2021,65.0,3,1,13,0,1,1,1,,4,,-1,,2,1,0,1,(1),(1),1,,3,1,0,8,70,19,8,2021,19:35,1,18,18036,1,1,0,6,La Corbinerie,47.152614,2.135291,19,1,1
202100032015,144Â 519,A01,1,1,2,5,1,-1,-1,0,0,-1,2021,19.0,1,2,0,0,1,13,1,,2,40,0,T,2,2,0,2,16,980,3,, -1,1,0,1,50,25,6,2021,02:00,4,201,201085,2,1,0,1,lieu dit gabella,41.918397,8.912144,2,5,2
202100041339,127Â 716,A01,10,3,1,9,0,-1,-1,6,3,1,2021,12.0,3,2,0,1,8,1,1,,3,992,0,,1,1,0,1,1,0,1,, -1,1,0,1,50,5,5,2021,08:55,1,92,92025,2,1,0,6,CHARLES DE GAULLE (BD),48.9136641443,2.2298555461,8,2,1
202100002660,197Â 027,B01,1,1,1,0,1,0,-1,-1, -1,-1,2021,48.0,1,2,0,2,4,26,1,,4,PASTEUR (BD) 1 A 63,0,,-1,1,0,1,1,0,1,, -1,1,0,1,50,16,12,2021,15:20,1,93,93057,1,1,0,5,PASTEUR (BD) 1 A 63,48.8999612361,2.5090079777,15,3,3
202100008994,185Â 638,A01,1,1,1,5,1,-1,-1,0,0,-1,2021,34.0,1,2,2,0,2,1,1,,3,438,0,,3,2,0,1,29,166,3,, -1,1,0,3,50,7,11,2021,23:20,5,61,61081,2,1,0,6,Le Bourg Chailloue,48.655125,0.193934,23,1,1
202100026405,154Â 494,A01,2,2,1,5,1,0,-1,-1, -1,-1,2021,24.0,2,2,0,2,4,1,1,,1,A55-Sens Martigues vers Marseille,0,,1,2,0,1,22,0,3,, -1,1,0,1,110,29,7,2021,17:20,1,13,13033,1,1,0,2,A55-Sens Martigues vers Marseille,43.37813,5.20358,17,3,2
202100039784,130Â 471,A01,4,2,2,5,1,0,-1,-1, -1,-1,2021,2.0,1,2,0,2,1,2,1,,2,RN 118,0,,3,4,0,1,5,500,1,, -1,2,0,1,110,16,5,2021,14:30,1,91,91064,1,1,0,2,RN 118,48.74202,2.18609,14,6,2
202100049706,112Â 894,A01,1,1,1,0,8,-1,-1,0,0,-1,2021,25.0,2,2,16,0,0,13,1,,3,164,0,R,2,2,0,1,10,677,2,, -1,1,0,3,70,27,2,2021,22:00,3,44,44107,1,1,0,7,Le Pont Esnault,47.425242,-1.301751,22,1,1
202100033684,141Â 555,A01,1,1,1,4,2,8,-1,-1, -1,-1,2021,30.0,1,1,0,2,1,2,1,,3,986,0,,2,4,0,1,0,0,1,, -1,1,0,1,50,17,6,2021,17:40,1,92,92036,2,1,0,2,GENEAL DE GAULLE (AVENUE) (1/41),48.934282013,2.3176445067,17,2,2
202100011608,180Â 976,B01,1,1,1,0,2,6,-1,-1, -1,-1,2021,31.0,1,1,0,2,4,23,1,,3,DE GAULLE ( AVE CHARLES) 01 AU 85,0,,2,2,0,1,(1),(1),1,, -1,1,0,1,50,22,10,2021,18:15,1,33,33529,2,1,0,6,DE GAULLE ( AVE CHARLES) 01 AU 85,44.63303,-1.14471,18,2,2
202100010810,182Â 408,B01,1,1,1,5,2,-1,-1,0,0,-1,2021,17.0,1,1,0,2,1,1,5,,3,913,0,D,2,1,0,2,(1),(1),1,, -1,1,0,1,80,28,10,2021,17:15,2,54,54196,1,2,0,6,D913,48.559944,6.1852812762,17,3,3
202100035593,138Â 097,A01,9,2,1,1,1,-1,-1,0,0,-1,2021,29.0,2,5,2,0,5,13,0,,3,37,-1,,2,2,0,1,39,200,2,, -1,1,0,8,80,10,6,2021,18:00,1,85,85013,1,1,0,6,dÃ©partementale 37,46.914583,-1.134918,18,4,1
202100013598,177Â 415,B01,1,1,2,5,1,8,-1,-1, -1,-1,2021,60.0,1,2,0,2,3,1,1,,3,,0,,2,2,0,2,88,190,1,, -1,1,0,1,80,9,10,2021,00:05,3,89,89024,1,1,0,1,R.N.6,47.788497,3.601574,0,2,2
202100023386,159Â 816,A01,1,1,1,5,2,-1,-1,0,0,-1,2021,17.0,2,1,0,2,1,5,5,,3,964,0,D,2,2,0,4,(1),(1),3,, -1,1,0,1,50,20,8,2021,18:30,1,59,59659,2,9,0,1,Rue de Verdun,50.018129,4.023904,18,2,2
202100026374,154Â 552,B01,1,1,2,5,0,-1,-1,0,0,-1,2021,17.0,1,1,0,2,5,1,5,,3,13,0,D,2,2,0,1,9,30,1,, -1,1,0,1,80,30,7,2021,21:30,3,39,39299,1,1,0,2,,46.94634,5.355685,21,2,2
202100020761,164Â 526,B01,1,1,1,5,2,-1,-1,0,0,-1,2021,70.0,2,1,12,0,0,2,5,,3,978,0,D,2,2,0,1,4,300,1,, -1,1,0,1,50,4,9,2021,18:10,1,63,63302,2,6,0,7,D978,45.711098,3.155866,18,2,2
202100033195,142Â 428,B01,1,1,1,5,8,0,-1,0,0,-1,2021,35.0,2,1,0,2,7,1,5,,4,LANGUEDOC (BD DU),0,,2,2,0,1,(1),(1),1,, -1,1,0,1,50,18,6,2021,21:00,1,34,34032,2,1,0,6,LANGUEDOC (BD DU),43.36371,3.23901,21,2,2
202100032449,143Â 776,A01,10,3,1,5,0,-1,-1,5,3,1,2021,9.0,3,4,0,1,1,1,0,,4,VOLTAIRE (RUE),0,,1,1,0,1,(1),(1),1,, -1,1,0,1,50,24,6,2021,19:40,1,95,95680,2,1,0,6,VOLTAIRE (RUE),49.00079,2.41386,19,2,1
202100025774,155Â 617,A01,10,3,1,5,0,-1,-1,2,3,1,2021,33.0,1,2,0,1,2,1,1,,4,PLACE DE LA REPUBLIQUE,0,,2,5,0,1,(1),(1),1,, -1,2,0,1,50,2,8,2021,20:55,1,75,75103,2,3,1,6,PLACE DE LA REPUBLIQUE,48.867342,2.363347,20,2,1
202100025465,156Â 146,A01,1,1,1,0,1,0,-1,-1, -1,-1,2021,54.0,3,2,13,0,1,5,1,,2,ROUTE NATIONALE 569,0,,2,2,0,1,0,0,1,, -1,1,0,1,80,3,8,2021,22:20,3,13,13039,1,1,0,7,ROUTE NATIONALE 569,43.46529,4.93004,22,1,1
202100004454,193Â 805,B01,1,1,1,0,1,-1,-1,0,0,-1,2021,29.0,2,2,0,2,1,1,1,,7,751,-1,,2,2,0,1,49,500,1,, -1,9,5,1,70,4,12,2021,18:25,3,37,37099,1,2,1,1,297 Bois Tireau,47.2930212922,0.5344086885,18,4,2
202100008507,186Â 529,B01,1,1,1,0,2,0,-1,-1, -1,-1,2021,41.0,1,1,0,2,2,14,1,,3,MOULIN DE SAQUET (AV DU),0,,2,4,3,2,6,0,1,, -1,1,9,1,50,11,11,2021,17:47,5,94,94081,2,1,0,3,Avenue du Moulin de Saquet,48.79238,2.38564,17,2,2
202100053051,106Â 896,Z01,10,3,2,1,8,8,-1,2,3,2,2021,58.0,2,5,0,1,6,26,0,,4,MASUREL RUE,0,,1,1,0,1,(1),(1),1,, -1,2,0,1,30,29,1,2021,15:00,1,59,59350,2,2,1,6,MASUREL RUE,50.63894,3.06212,15,2,1
202100011805,180Â 617,B01,1,1,2,5,8,0,-1,-1, -1,-1,2021,67.0,1,1,0,2,4,2,5,,4,PATTON AVENUE,0,,2,2,0,1,1,0,1,, -1,1,0,1,50,20,10,2021,14:34,1,49,49007,2,1,0,2,PATTON AVENUE,47.47355,-0.58569,14,2,2
202100005483,191Â 990,B01,1,1,2,1,8,8,-1,-1, -1,-1,2021,50.0,3,1,12,0,1,2,5,,4,RUE DE LA LONGUERAIE,0,,1,1,0,1,0,100,3,, -1,2,5,1,50,29,11,2021,06:00,5,91,91657,2,2,0,6,RUE DE LA LONGUERAIE,48.716169,2.43724,6,2,2