Num_Acc,id_vehicule,num_veh,place,catu,sexe,trajet,secu1,secu2,secu3,locp,actp,etatp,year_acc,victim_age,senc,catv,obs,obsm,choc,manv,motor,occutc,catr,voie,v1,v2,circ,nbv,vosp,prof,pr,pr1,plan,lartpc,larrout,surf,infra,situ,vma,jour,mois,an,hrmn,lum,dep,com,agg_,int,atm,col,adr,lat,long,hour,nb_victim,nb_vehicules
202100032334,143Â 961,A01,1,1,1,1,2,6,-1,-1, -1,-1,2021,34.0,1,1,0,2,5,18,1,,9,Rue du Limousin,0,,1,1,0,1,1,0,1,, -1,1,7,8,30,25,6,2021,05:17,2,94,94065,2,9,0,2,Rue du Limousin,48.75547,2.3623,5,2,2
202100013068,178Â 384,A01,1,1,2,9,2,8,-1,-1, -1,-1,2021,22.0,2,1,0,2,1,13,1,,3,CD 724,0,,3,4,0,1,97,57,1,, -1,1,0,1,50,14,10,2021,17:45,1,56,56083,2,1,0,3,Toul Douar,47.7963,-3.30153,17,2,2
202100044977,121Â 335,B01,1,1,2,2,2,0,-1,0,0,-1,2021,20.0,1,1,0,2,1,1,5,,4,BOULEVARD DE SEBASTOPOL,0,,1,3,1,1,(1),(1),1,, -1,1,-1,5,50,6,4,2021,08:45,1,75,75101,2,2,0,3,BOULEVARD DE SEBASTOPOL,48.858524,2.348228,8,2,2
202100023805,159Â 070,B01,1,1,1,9,1,6,-1,0,0,-1,2021,24.0,3,1,0,2,1,1,1,,2,2002,-1,,2,2,0,2,(1),(1),1,, -1,1,0,1,50,16,8,2021,17:15,1,974,97402,2,3,0,1,route nationale 2002,-21.002832,55.691561,17,2,2
202100028682,150Â 453,A01,10,3,2,5,0,-1,-1,4,3,1,2021,37.0,2,1,0,1,7,1,3,,4,AVENUE FOCH,0,,1,1,0,1,(1),(1),1,, -1,1,0,1,50,16,7,2021,10:00,1,75,75116,2,2,0,6,AVENUE FOCH,48.873586,2.292795,10,2,1
202100006341,190Â 457,A01,1,1,1,5,2,-1,-1,0,0,-1,2021,15.0,1,1,6,0,1,21,1,,4,,0,,2,2,0,2,(1),(1),1,,4,1,0,8,50,24,11,2021,17:45,5,21,21115,2,1,0,6,4 Rue Saint Laurent,47.820179,4.559305,17,1,1
202100016045,172Â 972,A01,1,1,1,0,2,6,-1,-1, -1,-1,2021,21.0,2,1,0,2,8,3,1,,1,A86,0,,3,4,0,1,8,600,1,, -1,1,0,1,90,30,9,2021,17:30,1,92,92036,1,1,0,4,A86,48.9373756521,2.2943117859,17,3,3
202100006670,189Â 862,B01,1,1,1,0,2,6,-1,-1, -1,-1,2021,21.0,1,1,0,2,1,1,1,,2,RD1250 (BONNEVAL - LA HUME) - Z.A.,0,,2,2,0,1,41,450,1,, -1,1,0,1,80,23,11,2021,10:50,1,33,33529,2,1,0,5,RD1250 (BONNEVAL - LA HUME) - Z.A.,44.61776,-1.1336,10,3,3
202100037292,135Â 013,A01,1,1,2,5,8,0,-1,0,0,-1,2021,39.0,3,1,0,2,7,19,5,,4,ROUTE DE CEINTURE DU LAC DAUMESNIL,0,,2,4,0,1,(1),(1),1,, -1,1,0,1,50,31,5,2021,12:00,1,75,75112,2,3,0,5,ROUTE DE CEINTURE DU LAC DAUMESNIL,48.827463,2.419385,12,3,3
202100020601,164Â 807,A01,1,1,1,5,8,-1,-1,0,0,-1,2021,36.0,1,2,0,2,1,13,1,,3,826,0,D,2,2,0,2,22,170,1,, -1,1,0,1,80,24,8,2021,20:10,1,31,31082,1,1,0,1,D826,43.597223,1.697935,20,4,2
202100053654,105Â 827,B01,10,3,2,5,0,-1,-1,6,2,1,2021,61.0,2,2,13,1,2,1,1,,3,246,-1,,2,2,0,2,2,350,1,, -1,5,0,3,80,27,1,2021,09:15,1,67,67346,1,1,1,1,RD246-PR2+350,48.955611,8.067613,9,3,2
202100006394,190Â 367,B01,1,1,1,4,2,0,-1,-1, -1,-1,2021,20.0,1,1,0,2,6,17,1,,3,REPUBLIQUE (AVENUE DE LA),0,,2,2,0,1,0,100,1,, -1,1,0,1,30,23,11,2021,20:00,5,91,91421,2,3,0,3,REPUBLIQUE (AVENUE DE LA),48.7062,2.45695,20,2,2
202100005042,192Â 772,B01,1,1,1,0,2,-1,-1,0,0,-1,2021,37.0,0,1,0,2,7,1,0,,4,DELPECH (RUE),0,,2,2,0,1,(1),(1),1,, -1,1,0,1,50,29,11,2021,16:10,1,80,80021,2,1,0,3,DELPECH (RUE),49.88771,2.29691,16,2,2
202100001368,199Â 320,A01,1,1,1,0,1,8,-1,-1, -1,-1,2021,20.0,1,2,2,0,7,14,1,,3,SENTIER DE VALNAY,0,,2,2,0,1,0,0,2,, -1,2,0,3,80,25,12,2021,18:20,3,91,91223,1,1,0,7,SENTIER DE VALNAY,48.42511,2.11332,18,1,1
202100036745,136Â 023,B01,1,1,1,1,2,6,-1,-1, -1,-1,2021,60.0,2,1,0,2,1,2,1,,1,A4,0,,3,3,0,1,8,0,1,, -1,1,0,1,90,2,6,2021,16:18,1,94,94017,1,1,0,2,A4,48.83028,2.49575,16,2,2
202100012870,178Â 721,A01,1,1,1,9,1,0,-1,0,0,-1,2021,46.0,1,2,4,0,1,15,2,,4,BOULEVARD THIERRY DE MARTEL,0,,2,2,0,1,(1),(1),2,, -1,1,8,1,50,16,10,2021,05:30,5,75,75116,2,3,0,6,BOULEVARD THIERRY DE MARTEL,48.875535,2.27907,5,1,1
202100021665,162Â 906,A01,10,3,1,0,0,-1,-1,4,3,1,2021,18.0,1,2,0,1,1,15,1,,3,COUBRON (ALLEE DE),0,,2,3,0,1,0,1,2,, -1,1,0,1,50,31,8,2021,17:00,1,93,93014,2,9,0,6,COUBRON (ALLEE DE),48.91178,2.54995,17,2,1
202100051673,109Â 330,A01,1,1,1,1,8,0,-1,-1, -1,-1,2021,17.0,3,1,0,0,0,1,5,,4,GANDHI,0,,2,2,1,1,1,0,1,, -1,2,0,5,50,12,2,2021,10:15,1,49,49267,2,1,0,7,GANDHI,47.46999,-0.51919,10,1,1
202100022008,162Â 295,A01,1,1,1,4,8,-1,-1,0,0,-1,2021,37.0,2,4,7,0,7,14,1,,1,29,-1,A,-1,2,0,1,205,100,1,, -1,1,0,2,90,30,8,2021,08:15,1,80,80107,1,1,0,7,Autoroute A29 - Point KilomÃ©trique 205.100 dans le sens SAINT-QUENTIN vers AMIENS,49.857077,2.419932,8,1,1
202100056216,101Â 409,A01,10,3,2,5,0,-1,-1,1,A,1,2021,47.0,2,2,0,1,2,1,1,,2,7,0,N,2,2,0,1,7,(1),1,, -1,1,5,1,80,6,1,2021,17:50,3,84,84078,1,9,0,1,Route Nationale 7,44.262109,4.704723,17,3,1
202100029867,148Â 404,A01,1,1,1,9,2,6,-1,0,0,-1,2021,25.0,2,1,0,0,0,0,1,,3,30,0,,2,2,0,1,35,500,1,, -1,1,0,8,80,9,7,2021,19:05,1,51,51439,1,1,0,7,Rue de la Gare,49.3238323999,4.1483227879,19,1,1
202100002061,198Â 111,A01,10,3,2,0,0,-1,-1,3,3,1,2021,3.0,1,2,0,1,3,2,1,,4,GABRIEL PERI (RUE),0,,2,2,0,1,0,0,1,, -1,1,0,1,30,18,12,2021,19:10,5,92,92025,2,3,0,6,GABRIEL PERI (RUE),48.918064,2.238547,19,4,1
202100016566,172Â 020,B01,1,1,1,5,1,-1,-1,0,0,-1,2021,21.0,1,2,0,2,1,2,1,,3,12,0,D,2,2,0,1,13,162,1,, -1,1,0,1,50,26,9,2021,08:00,2,31,31547,2,1,0,2,3730 route de saint lys Les Aujoulets,43.503523,1.259673,8,2,2
202100038864,132Â 158,A01,1,1,2,0,1,-1,-1,-1, -1,-1,2021,46.0,2,2,0,2,1,1,1,,2,ROUTE NATIONALE 89,0,,3,4,0,2,48,0,3,, -1,2,0,1,90,22,5,2021,11:15,1,33,33013,1,1,1,4,,44.866349,-0.478344,11,4,3
202100024112,158Â 560,A01,2,2,2,5,1,-1,-1,-1, -1,-1,2021,20.0,1,2,8,2,5,1,1,,4,CREQUI (DE)                         (R ),0,,1,1,2,1,(1),(1),1,, -1,1,0,1,50,14,8,2021,13:10,1,69,69386,2,2,0,3,CREQUI (DE) (R),45.76696,4.846415,13,3,2
202100011697,180Â 823,B01,1,1,1,5,1,-1,-1,0,0,-1,2021,89.0,1,2,0,2,1,13,1,,3,911,-1,,2,3,0,2,46,168,2,, -1,1,0,1,90,22,10,2021,18:45,1,12,12185,1,1,0,1,D911,44.273668,2.727227,18,3,2
202100053442,106Â 192,A01,10,3,1,0,0,-1,-1,3,3,2,2021,16.0,1,2,0,1,3,15,1,,4,UNIVERSITE (RUE DE L ),0,,2,3,0,1,0,0,1,, -1,1,0,1,50,26,1,2021,21:00,5,67,67482,2,3,0,6,UNIVERSITE (RUE DE L ),48.584313,7.761369,21,2,1
202100024143,158Â 503,A01,1,1,2,5,8,0,-1,-1, -1,-1,2021,14.0,2,1,0,2,1,1,3,,4,CAMILLE DESMOULMINS (RUE,0,,2,2,0,4,(1),(1),1,, -1,1,0,1,50,14,8,2021,18:45,1,10,10265,2,2,0,3,11 NOVEMBRE (RUE DU),48.30211,4.04727,18,2,2
202100039919,130Â 234,B01,1,1,1,5,8,0,-1,-1, -1,-1,2021,39.0,2,2,0,2,0,5,1,,3,15EME CORPS (AVE DU),0,,2,2,0,1,27,820,1,, -1,1,0,1,50,14,5,2021,20:15,1,83,83137,2,3,0,1,15EME CORPS (AVE DU),43.12827,5.91655,20,2,2
202100014364,176Â 036,B01,1,1,2,0,1,-1,-1,-1, -1,-1,2021,60.0,3,2,0,2,3,1,1,,4,DOUMER (BOULEVARD PAUL),0,,2,2,0,1,(1),(1),2,, -1,1,0,1,30,8,10,2021,14:12,1,51,51454,2,2,0,1,Boulevard Paul Doumer,49.2467999543,4.0298945752,14,3,2
202100027036,153Â 389,B01,2,2,2,5,1,8,-1,-1, -1,-1,2021,45.0,1,2,0,2,2,1,1,,1,86,0,,3,4,0,1,75,99,3,, -1,2,1,1,70,26,7,2021,10:20,1,92,92063,1,1,1,3,A86,48.8723901573,2.1569627523,10,3,2
202100005348,192Â 226,A01,1,1,1,0,8,8,-1,-1, -1,-1,2021,17.0,2,1,0,2,1,17,1,,4,CENTRALE (RUE),0,,2,2,0,2,0,0,1,, -1,1,0,1,50,1,12,2021,11:35,1,13,13213,2,4,0,3,CENTRALE (RUE),43.35202,5.43752,11,3,3
202100018661,168Â 283,A01,2,2,1,0,1,-1,-1,0,0,-1,2021,66.0,2,2,0,2,4,23,1,,2,1029,-1,,3,4,0,2,5,200,1,, -1,1,2,1,90,16,9,2021,15:40,1,76,76489,1,1,0,2,N1029,49.464443,0.274572,15,3,2
202100021129,163Â 889,A01,1,1,1,5,0,-1,-1,0,0,-1,2021,12.0,3,1,0,2,8,19,5,,3,994,0,D,2,1,0,1,4,200,1,, -1,1,0,1,50,4,9,2021,16:30,1,51,51326,2,2,0,3,Rue du GÃ©nÃ©ral de Gaulle,49.112324,4.309537,16,2,2
202100018959,167Â 753,A01,1,1,2,0,1,0,-1,-1, -1,-1,2021,78.0,1,2,0,2,3,13,1,,3,MONET (BD JEAN DE LA),0,,2,3,0,2,11,340,2,, -1,1,0,1,70,13,9,2021,15:30,1,35,35115,1,1,0,3,MONET (BD JEAN DE LA),48.36856,-1.195304,15,2,2
202100011863,180Â 518,B01,1,1,1,1,1,8,-1,-1, -1,-1,2021,47.0,1,2,0,2,4,2,1,,3,FFI (ALL DES),0,,1,2,0,1,1,0,1,, -1,2,2,1,50,21,10,2021,16:30,1,94,94004,2,1,1,4,Allee des F F I,48.75559,2.50725,16,3,3
202100005967,191Â 131,B01,1,1,1,5,2,6,-1,0,0,-1,2021,15.0,0,1,0,2,3,1,5,,4,BUFFARDIERE (BOULEVARD DE LA),0,,2,2,0,1,(1),(1),1,, -1,2,0,1,50,27,11,2021,13:45,1,27,27229,2,1,1,3,BUFFARDIERE (BOULEVARD DE LA),49.02155,1.14083,13,2,2
202100023548,159Â 548,A01,1,1,1,5,2,-1,-1,0,0,-1,2021,65.0,2,1,0,2,1,17,1,,3,930,0,,2,2,0,1,(1),(1),1,, -1,1,0,1,80,19,8,2021,16:40,1,59,59097,1,1,0,2,D930,50.1444158122,3.0533891916,16,2,2
202100012004,180Â 255,B01,1,1,2,1,2,6,-1,-1, -1,-1,2021,36.0,1,1,0,2,1,1,1,,4,ERCKMAN CHATRIAN,0,,2,2,0,1,0,0,1,, -1,1,0,1,50,20,10,2021,12:50,1,64,64348,1,3,0,3,ERCKMAN CHATRIAN,43.32781,-0.39392,12,2,2
202100020329,165Â 298,B01,1,1,1,5,2,0,-1,0,0,-1,2021,19.0,1,1,0,2,1,1,3,,4,QUAI D AUSTERLITZ,0,,2,3,1,2,(1),(1),1,, -1,1,9,1,30,7,9,2021,19:00,1,75,75113,2,1,0,3,QUAI D AUSTERLITZ,48.843009,2.36625,19,2,2
202100052753,107Â 432,A01,1,1,1,4,2,0,-1,-1,0,-1,2021,45.0,2,1,0,2,3,15,1,,3,PONT (PLACE DU),0,,2,3,0,1,16,800,1,, -1,1,0,1,50,1,2,2021,21:33,5,95,95500,2,7,0,3,PONT (PLACE DU),49.0484666131,2.1013566896,21,2,2
202100005707,191Â 602,A01,10,3,2,5,0,-1,-1,3,3,2,2021,59.0,0,2,0,1,8,1,1,,4,,-1,,2,2,0,2,(1),(1),1,,6,1,0,1,50,30,11,2021,14:30,1,84,84138,2,1,0,6,Avenue Charles de Gaulle,44.3842,4.987605,14,3,1
202100030909,146Â 512,A01,2,2,2,5,1,-1,-1,0,0,-1,2021,10.0,1,2,0,2,3,13,1,,3,936,-1,,2,2,0,2,60,600,3,, -1,2,0,1,80,3,7,2021,12:30,1,1,1426,1,1,1,1,rd936,46.237932,5.377019,12,6,2
202100036753,136Â 009,B01,1,1,2,0,1,-1,-1,-1, -1,-1,2021,20.0,2,2,0,2,2,1,1,,4,MARIUS VIVIER MERLE                 (BD),0,,1,4,0,1,(1),(1),1,, -1,1,0,1,50,2,6,2021,21:45,5,69,69383,2,1,0,2,MARIUS VIVIER MERLE                 (BD),45.75539,4.85902,21,2,2
202100031994,144Â 557,A01,1,1,1,1,2,6,-1,0,0,-1,2021,27.0,2,1,0,0,7,1,1,,4,BOULEVARD BEAUMARCHAIS,0,,2,4,3,1,(1),(1),1,, -1,2,0,1,50,27,6,2021,12:00,1,75,75103,2,1,1,7,BOULEVARD BEAUMARCHAIS,48.8596,2.36733,12,1,1
202100043491,123Â 921,A01,1,1,1,5,2,6,-1,0,0,-1,2021,26.0,2,1,0,0,6,23,1,,3,149,0,,2,2,0,1,42,269,1,, -1,1,0,1,50,20,4,2021,15:10,1,76,76549,2,3,0,2,route de l'ancienne forge,49.759498,0.927218,15,2,2
202100048501,115Â 064,A01,10,3,2,0,0,-1,-1,1,3,1,2021,82.0,0,3,0,1,1,1,0,,4,SAINT DISDILLE (AVENUE DE),0,,2,0,0,1,1,0,1,, -1,9,4,6,100,4,1,2021,16:30,1,74,74281,2,8,0,6,SAINT DISDILLE (AVENUE DE),46.38437,6.50449,16,2,1
202100008926,185Â 763,A01,10,3,1,0,0,-1,-1,0,3,1,2021,34.0,1,1,0,1,7,1,1,,4,MANGO (ROUTE),0,,2,2,0,1,(1),(1),1,, -1,1,9,1,50,7,11,2021,19:51,5,973,97302,2,1,0,6,MANGO (ROUTE),4.9301389463,-52.3157991171,19,2,1
202100007094,189Â 083,A01,10,3,1,5,0,-1,-1,2,3,1,2021,52.0,1,2,0,1,0,1,1,,2,,-1,,2,2,0,2,(1),(1),1,,5,1,6,1,50,17,11,2021,20:00,4,971,97134,2,1,0,6,Boulevard des Habissois Souverains,16.057887,-61.768296,20,2,1
202100001740,198Â 677,A01,1,1,1,1,2,6,-1,0,0,-1,2021,55.0,1,1,0,2,1,1,1,,4,RUE BOURET,0,,1,1,0,2,(1),(1),1,, -1,1,0,1,30,21,12,2021,20:40,5,75,75119,2,1,0,1,RUE BOURET,48.880748,2.376098,20,2,2
202100020511,164Â 971,A01,1,1,2,0,1,8,-1,-1, -1,-1,2021,43.0,2,2,0,2,3,13,1,,7,RD 112,0,,2,2,0,1,(1),(1),1,, -1,1,0,1,50,6,9,2021,14:45,1,59,59650,2,1,0,3,RD 112,50.7240342957,3.1911849976,14,2,2
202100032356,143Â 926,B01,1,1,1,4,8,0,-1,-1, -1,-1,2021,20.0,2,1,0,2,2,1,3,,3,COMMUNE DE PARIS AVENUE DE LA,0,,1,3,0,1,0,0,1,, -1,1,0,1,50,25,6,2021,13:15,1,92,92050,2,3,0,3,COMMUNE DE PARIS AVENUE DE LA,48.905541,2.208934,13,2,2
202100029501,149Â 061,A01,1,1,2,5,2,6,9,0,0,-1,2021,50.0,3,1,0,0,1,16,1,,4,,-1,,2,2,0,2,(1),(1),3,,5,9,0,1,90,12,7,2021,12:15,1,15,15084,1,3,1,7,6 Cazillac,44.750898,2.466083,12,1,1
202100056120,101Â 570,A01,1,1,1,0,8,4,-1,-1, -1,-1,2021,49.0,2,2,4,0,0,17,1,,1,A51-Sens Aix en Provence vers Marseille,0,,1,2,0,1,4,500,1,, -1,2,0,1,90,2,1,2021,09:38,1,13,13019,1,1,0,6,A51-Sens Aix en Provence vers Marseille,43.42649,5.38069,9,1,1
202100000016,201Â 733,A01,1,1,1,4,1,-1,-1,0,0,-1,2021,37.0,1,4,1,0,1,1,1,,3,15,-1,,2,2,0,1,24,700,1,, -1,2,0,8,50,28,12,2021,16:30,1,21,21349,2,1,1,6,12 Route d Autun,47.194432,4.271381,16,1,1
202100036284,136Â 822,A01,10,3,2,0,0,-1,-1,4,1,1,2021,12.0,3,2,0,1,3,26,2,,4,,0,,2,2,0,2,0,0,1,, -1,1,0,1,50,2,6,2021,12:40,1,92,92062,2,1,0,6,REPUBLIQUE (RUE DE LA) DU 157 AU 175,48.8840770148,2.2317031515,12,2,1
202100045667,120Â 110,C01,1,1,1,0,1,0,-1,-1, -1,-1,2021,46.0,1,2,6,2,0,1,1,,3,109,0,,1,1,0,1,0,0,1,, -1,1,0,1,50,1,4,2021,17:20,1,92,92036,2,4,0,5,BAS ( RUE DES ),48.9158219754,2.295852167,17,4,4
202100048450,115Â 155,A01,10,3,1,0,8,8,-1,3,3,1,2021,29.0,1,2,0,1,1,15,1,,3,GABRIEL-PERI (AV),0,,2,2,0,1,0,1,1,, -1,2,0,1,50,10,3,2021,19:00,2,93,93070,2,3,1,6,EDOUARD-VAILLANT(RUE),48.90362,2.33115,19,2,1
202100053552,105Â 996,B01,1,1,2,0,1,0,-1,-1, -1,-1,2021,31.0,2,2,0,2,4,1,1,,4,RECHERCHANT(RUE ADRIEN),0,,2,2,0,1,0,0,1,, -1,1,0,1,50,26,1,2021,12:35,1,974,97416,2,1,0,2,RECHERCHANT(RUE ADRIEN),-21.28338,55.47728,12,2,2
202100048479,115Â 108,A01,1,1,1,5,1,-1,-1,0,0,-1,2021,73.0,2,2,1,0,2,1,1,,4,1,0,A,2,2,0,1,0,0,1,"3,7",0,1,0,1,50,9,3,2021,17:00,1,16,16073,2,1,1,2,Rue de la Montagne Verte,45.2757661,0.051798,17,1,1
202100038202,133Â 360,A01,1,1,1,0,1,5,-1,-1, -1,-1,2021,20.0,2,2,8,0,1,16,1,,4,JACQUIN (RUE),0,,2,0,0,1,(1),(1),1,, -1,1,0,4,50,25,5,2021,13:50,1,10,10387,2,9,0,6,JACQUIN (RUE),48.30444,4.08404,13,1,1
202100001275,199Â 483,B01,2,2,2,5,1,0,-1,-1, -1,-1,2021,21.0,2,2,0,2,1,21,1,,3,SARTENE ANCIENNE ROUTE,0,,2,2,0,1,1,500,4,, -1,2,0,1,50,25,12,2021,17:15,3,201,201004,2,1,1,1,SARTENE ANCIENNE ROUTE,41.9305608627,8.7795795695,17,4,2
202100047539,116Â 791,A01,10,3,2,5,8,8,-1,4,3,1,2021,71.0,0,4,0,1,7,16,1,,3,STALINGRAD (AVENUE DE) COTE DES NÂ°51 AU,0,,2,4,0,1,0,1,1,, -1,2,0,1,50,18,3,2021,12:50,1,93,93072,2,1,1,6,STALINGRAD (AVENUE DE) COTE DES NÂ°51 AU,48.9480716713,2.377077278,12,2,1
202100053878,105Â 441,B01,1,1,1,4,0,-1,-1,0,0,-1,2021,31.0,2,2,0,2,1,15,1,,7,433,-1,,2,4,0,1,7,500,1,, -1,2,0,1,50,24,1,2021,17:55,5,69,69168,2,5,1,1,261 PIERRE DUPONT (Q),45.84481,4.835079,17,4,2
202100052720,107Â 498,A01,1,1,2,0,0,-1,-1,0,0,-1,2021,25.0,2,2,2,0,9,1,1,,3,933,0,D,2,2,0,1,19,578,1,, -1,1,0,3,80,3,2,2021,19:50,3,47,47301,1,1,0,6,Tardy,44.527338,0.288928,19,1,1
202100033948,141Â 081,A01,1,1,1,4,1,-1,-1,0,0,-1,2021,67.0,1,4,0,0,6,1,1,,1,28,-1,,3,2,0,1,138,700,1,, -1,1,0,1,130,17,6,2021,20:30,1,72,72078,1,1,0,6,a28,48.281811,0.156245,20,1,1
202100037745,134Â 200,B01,1,1,1,5,2,8,-1,-1,0,-1,2021,37.0,3,1,0,2,3,1,1,,4,RODIN (ALLEE AUGUSTE),0,,2,2,0,1,(1),(1),1,, -1,1,0,1,50,29,5,2021,23:00,5,95,95585,2,9,0,3,RODIN (ALLEE AUGUSTE),48.97791,2.38531,23,2,2
202100026130,154Â 985,A01,2,2,1,0,8,0,-1,0,0,-1,2021,20.0,3,1,9,0,1,26,1,,4,CHARLES III (RUE),0,,-1,1,1,1,(1),(1),1,, -1,1,0,6,50,31,7,2021,21:45,5,54,54395,2,1,0,6,CHARLES III (RUE),48.69,6.19526,21,2,1
202100013199,178Â 144,A01,1,1,1,0,1,4,-1,-1, -1,-1,2021,82.0,1,2,0,2,1,2,1,,1,13,0,,3,3,0,1,7,599,1,, -1,1,0,1,110,14,10,2021,06:18,5,92,92047,1,1,0,2,A13,48.8337781136,2.1637831213,6,2,2
202100024093,158Â 594,A01,7,2,1,5,1,-1,-1,0,0,-1,2021,23.0,2,2,0,0,1,1,1,,3,1,-1,,-1,2,0,2,4,600,3,,"5,5",1,0,1,70,15,8,2021,17:45,1,53,53119,1,1,0,7,ROUTE DE LAVAL,48.033998,-0.758507,17,4,1
202100038028,133Â 687,A01,10,3,2,5,0,-1,-1,4,3,1,2021,60.0,1,2,0,1,1,15,1,,4,SAKAKINI (BOULEVARD),0,,2,2,0,1,0,0,1,, -1,1,0,1,50,27,5,2021,10:05,1,13,13204,2,1,0,3,SAKAKINI (BOULEVARD),43.29813,5.40115,10,2,1
202100003254,195Â 946,A01,1,1,2,5,8,0,-1,-1, -1,-1,2021,25.0,2,2,12,0,2,1,1,,4,SAINT MARTIN RUE DES,0,,2,2,0,2,(1),(1),1,, -1,7,0,1,50,12,12,2021,01:10,5,25,25056,2,1,0,6,SAINT MARTIN RUE DES,47.24302,5.99587,1,1,1
202100037356,134Â 894,A01,1,1,1,5,2,6,-1,0,0,-1,2021,52.0,1,1,0,2,1,13,1,,3,952,0,,2,2,0,2,28,0,3,, -1,1,0,1,80,25,5,2021,17:00,1,4,4144,1,1,0,3,RD 952,43.767406,6.311388,17,2,2
202100013136,178Â 264,B01,1,1,1,1,1,5,-1,-1, -1,-1,2021,58.0,-1,2,0,2,8,1,0,,3,GAGARINE (BOULEVARD),0,,2,4,1,2,0,1,3,, -1,1,0,4,50,15,10,2021,18:05,1,93,93014,2,1,0,3,GAGARINE (BOULEVARD),48.9056170804,2.5404392207,18,2,2
202100056482,100Â 942,B01,1,1,1,5,2,-1,-1,0,0,-1,2021,35.0,0,0,0,2,1,15,5,,7,39,-1,D,2,2,0,1,(1),(1),1,, -1,2,0,1,50,3,1,2021,14:10,1,59,59011,2,3,1,3,Rue de Touraine,50.519989,2.932127,14,2,2
202100053386,106Â 296,A01,1,1,1,1,1,-1,-1,0,0,-1,2021,50.0,1,2,8,0,2,1,1,,3,22.1,-1,,2,2,0,1,8,(1),1,, -1,7,0,3,80,25,1,2021,03:55,3,28,28276,1,1,0,6,D22.1,48.271483,1.899304,3,1,1
202100026033,155Â 148,A01,1,1,1,5,1,-1,-1,0,0,-1,2021,36.0,2,2,0,2,3,13,1,,3,900,0,,2,2,0,1,40,500,4,, -1,1,0,1,80,2,8,2021,12:15,1,4,4205,1,1,0,1,RD 900,44.345044,6.372789,12,4,2
202100035737,137Â 834,B01,1,1,1,0,8,0,-1,-1, -1,-1,2021,21.0,3,1,0,2,1,19,5,,4,ROVARCH (AVENUE PIERRE),0,,2,4,0,1,0,0,1,, -1,1,6,6,50,7,6,2021,16:55,1,13,13028,2,1,0,3,ROVARCH (AVENUE PIERRE),43.17146,5.60585,16,2,2
202100028667,150Â 474,A01,1,1,1,0,2,0,-1,-1, -1,-1,2021,55.0,2,1,0,2,1,26,1,,4,EDMOND ROSTAND (RUE),0,,1,1,0,1,0,0,1,, -1,1,0,1,50,15,7,2021,11:25,1,13,13206,2,1,0,2,EDMOND ROSTAND (RUE),43.28247,5.38275,11,2,2
202100005868,191Â 302,B01,2,2,2,9,2,0,-1,-1, -1,-1,2021,43.0,1,1,0,2,1,1,1,,3,MADELEINE (ROUTE DE LA),0,,2,2,0,1,2,700,1,, -1,1,0,1,50,26,11,2021,14:25,1,973,97302,2,1,0,3,MADELEINE (ROUTE DE LA),4.9166551697,-52.3213484288,14,3,2
202100041941,126Â 653,A01,1,1,2,0,1,0,-1,-1, -1,-1,2021,29.0,2,2,0,2,1,0,1,,3,AV DE BOISSY,0,,2,4,0,1,1,0,1,, -1,1,0,1,50,28,4,2021,18:15,1,94,94011,2,1,0,2,Avenue de Boissy,48.76307,2.49411,18,2,2
202100008119,187Â 216,A01,1,1,1,1,2,6,-1,-1, -1,-1,2021,23.0,2,1,0,2,2,3,1,,1,A12 W,0,,3,4,0,1,3,299,1,, -1,2,0,1,110,15,11,2021,18:15,3,78,78242,1,1,1,3,A12 W,48.82036,2.068639,18,6,2
202100020165,165Â 591,A01,1,1,1,4,1,-1,-1,0,0,-1,2021,54.0,1,4,3,2,6,26,1,,1,71,0,A,2,2,0,2,359,700,3,, -1,1,8,1,50,9,9,2021,01:15,3,63,63181,1,9,0,5,A 71 PR 359+700-basculement,46.016266,3.118551,1,4,3
202100011638,180Â 920,A01,1,1,1,9,1,0,-1,0,0,-1,2021,25.0,3,2,2,0,2,14,1,,4,ROUTE D AUTEUIL AUX LACS,0,,2,2,0,2,(1),(1),1,, -1,1,0,1,30,22,10,2021,08:25,1,75,75116,2,1,0,6,ROUTE D AUTEUIL AUX LACS,48.85042,2.25292,8,1,1
202100031755,145Â 000,B01,5,2,2,0,2,0,-1,-1, -1,-1,2021,2.0,1,1,0,2,1,1,0,,3,PROGRES (RUE DU),0,,1,1,2,1,6,0,1,, -1,2,9,5,30,29,6,2021,19:25,2,93,93048,2,1,1,3,PROGRES (RUE DU),48.85197,2.42293,19,3,2
202100033082,142Â 610,B01,1,1,1,5,2,0,-1,0,0,-1,2021,25.0,2,0,0,2,7,1,3,,4,AVENUE DE VILLIERS,0,,2,2,0,1,(1),(1),1,, -1,1,0,1,50,21,6,2021,19:25,1,75,75117,2,1,0,3,AVENUE DE VILLIERS,48.881802,2.314197,19,2,2
202100041264,127Â 841,A01,10,3,2,5,0,-1,-1,-1, -1,-1,2021,20.0,1,2,0,1,1,9,1,,4,CHARLES HERNU       (Place),0,,2,2,1,1,(1),(1),1,, -1,1,0,1,30,5,5,2021,13:15,1,69,69266,2,1,0,6,CHARLES HERNU (PL),45.7703254098,4.8629426379,13,2,1