Num_Acc,id_vehicule,num_veh,place,catu,sexe,trajet,secu1,secu2,secu3,locp,actp,etatp,year_acc,victim_age,senc,catv,obs,obsm,choc,manv,motor,occutc,catr,voie,v1,v2,circ,nbv,vosp,prof,pr,pr1,plan,lartpc,larrout,surf,infra,situ,vma,jour,mois,an,hrmn,lum,dep,com,agg_,int,atm,col,adr,lat,long,hour,nb_victim,nb_vehicules
202100037608,134Â 437,B01,1,1,1,9,2,6,-1,0,0,-1,2021,41.0,2,1,0,2,8,1,1,,4,RUE D AUBERVILLIERS,0,,1,1,0,1,(1),(1),1,, -1,1,0,1,50,29,5,2021,10:15,1,75,75119,2,3,0,3,RUE D AUBERVILLIERS,48.887331,2.367062,10,2,2
202100025879,155Â 427,A01,1,1,1,0,8,0,-1,-1, -1,-1,2021,22.0,1,1,0,2,1,17,1,,4,LAENNEC (RUE),0,,2,2,0,2,1,0,2,, -1,1,0,1,50,1,8,2021,21:15,1,93,93064,2,9,0,3,Rue LaÃ«nnec,48.878085,2.497837,21,2,2
202100024430,158Â 013,B01,1,1,2,5,1,-1,-1,0,0,-1,2021,44.0,2,2,0,2,3,1,1,,3,102,-1,,2,2,0,2,29,900,1,, -1,1,0,1,50,14,8,2021,09:05,1,42,42279,2,1,0,3,Av Mellet Mandard,45.505493,4.262247,9,2,2
202100016945,171Â 335,A01,1,1,2,0,1,-1,-1,-1, -1,-1,2021,24.0,1,2,0,2,1,1,1,,2,RD 1250 (BONNEVAL -LA HUME) - STADE,0,,2,3,0,1,41,640,1,, -1,1,0,1,70,23,9,2021,14:56,1,33,33529,1,1,0,2,,44.6173,-1.136,14,2,2
202100050456,111Â 510,C01,1,1,2,0,1,0,-1,0,0,-1,2021,38.0,1,2,0,2,4,2,1,,7,SAULXURES (AVENUE DE),0,,2,2,0,2,(1),(1),1,, -1,1,0,1,50,23,2,2021,16:40,1,54,54184,2,1,0,4,SAULXURES (AVENUE DE),48.7071348415,6.2448315607,16,3,3
202100049310,113Â 619,A01,1,1,2,1,0,-1,-1,0,0,-1,2021,57.0,1,1,0,2,1,0,5,,6,94,-1,,-1,-1,0,1,(1),(1),1,, -1,1,0,6,50,1,2,2021,11:45,1,41,41059,2,9,0,3,Avenue de la Paix,47.423462,1.439184,11,2,2
202100013565,177Â 473,A01,1,1,1,9,1,0,-1,-1, -1,-1,2021,32.0,1,1,0,0,0,21,1,,1,86,0,,-1,4,0,1,0,250,1,, -1,1,0,1,110,12,10,2021,08:55,1,92,92050,1,1,0,7,A86,48.903506681,2.2061786056,8,1,1
202100022492,161Â 426,B01,1,1,1,1,2,6,-1,0,0,-1,2021,40.0,1,1,0,2,1,17,1,,3,D20,0,,2,2,0,2,38,500,1,,4,1,0,1,50,26,8,2021,16:00,1,57,57428,2,3,0,2,Rue du Wenheck,49.098838,6.738439,16,2,2
202100036546,136Â 391,A01,2,2,1,5,2,6,9,0,0,-1,2021,14.0,1,1,13,0,1,10,1,,7,,-1,,-1,1,0,1,(1),(1),1,,3,1,0,3,80,5,6,2021,15:45,1,38,38328,1,1,0,6,160 CHEMIN DE MAUPAS,45.250899,5.724121,15,2,1
202100035019,139Â 103,B01,1,1,1,0,8,0,-1,-1, -1,-1,2021,28.0,1,1,0,2,9,26,5,,4,AV DE RANGUEIL,0,,-1,2,0,1,(1),(1),2,, -1,1,0,1,50,9,6,2021,20:40,2,31,31555,2,1,0,3,AV DE RANGUEIL,43.5743472127,1.4576638038,20,2,2
202100012787,178Â 866,A01,1,1,1,1,2,6,-1,-1, -1,-1,2021,22.0,2,1,0,2,1,3,1,,2,RN346   34.850 A 36.215,0,,3,4,0,3,35,275,1,, -1,1,0,1,90,12,10,2021,18:10,1,69,69271,1,1,0,2,N346   34.850 A 36.215,45.7504970901,4.986576587,18,2,2
202100047038,117Â 692,A01,1,1,1,1,1,0,-1,-1, -1,-1,2021,31.0,2,5,0,0,1,0,1,,4,ALLEVILLE (RUE D'),0,,2,2,0,1,(1),(1),2,, -1,1,0,1,50,20,3,2021,05:40,2,45,45285,2,1,0,2,Rue dâAlleville,47.9209,1.86236,5,2,2
202100044226,122Â 614,A01,1,1,1,0,1,0,-1,-1, -1,-1,2021,42.0,2,5,0,2,4,2,1,,1,AUTOROUTE A104,0,,3,8,0,1,1,200,1,, -1,1,0,1,110,12,4,2021,12:50,1,93,93078,1,1,0,5,AUTOROUTE A104,48.97062,2.50103,12,7,7
202100006380,190Â 390,B01,2,2,2,5,8,0,-1,-1,0,-1,2021,17.0,2,2,0,2,1,1,1,,3,ROUTE DE BOISVINS,0,,2,2,0,2,(1),(1),2,, -1,1,0,1,50,25,9,2021,20:30,5,971,97101,1,1,0,1,ROUTE DE BOISVINS,16.2670433286,-61.476541258,20,3,2
202100015187,174Â 564,B01,1,1,1,5,2,-1,-1,0,0,-1,2021,74.0,1,1,0,0,4,0,5,,3,84,-1,,2,2,0,2,28,481,3,, -1,1,0,1,80,4,10,2021,11:45,1,81,81187,1,1,0,2,Route de Saint-Paul Cap de Joux,43.703149,2.004109,11,2,2
202100051643,109Â 379,B01,1,1,2,0,1,0,-1,-1, -1,-1,2021,55.0,1,2,14,2,6,19,1,,3,MANDELA  (BOULEVARD),0,,3,2,0,1,0,1,1,, -1,1,0,1,30,12,2,2021,14:10,1,973,97302,2,2,0,3,MANDELA  (BOULEVARD),4.93994,-52.32667,14,2,2
202100017933,169Â 569,A01,8,2,1,4,8,-1,-1,0,0,-1,2021,39.0,2,5,13,0,1,1,1,,3,142,-1,,2,2,0,2,11,100,1,, -1,1,0,1,80,21,9,2021,13:40,1,10,10022,1,1,0,6,D142,48.016611,4.322906,13,7,1
202100027393,152Â 748,B01,1,1,1,1,2,6,-1,-1, -1,-1,2021,45.0,3,1,0,2,3,1,1,,4,CORNEILLES (BD DES),0,,2,2,0,1,1,0,1,, -1,1,0,1,30,23,7,2021,16:15,1,94,94068,2,2,0,3,Boulevard des Corneilles,48.78579,2.49215,16,2,2
202100035566,138Â 142,A01,10,3,2,2,0,-1,-1,3,3,2,2021,5.0,2,2,0,1,2,15,1,,3,VERDUN (RUE DE),0,,1,1,0,1,1,0,1,, -1,1,0,1,50,8,6,2021,16:20,1,93,93064,2,3,0,3,VERDUN (RUE DE),48.87696,2.48029,16,2,1
202100035362,138Â 501,A01,10,3,2,5,0,-1,-1,1,3,1,2021,90.0,2,2,0,1,2,21,2,,3,32,-1,,2,2,0,2,19,800,1,, -1,1,0,1,50,10,6,2021,20:15,1,32,32155,2,1,0,6,ROUTE DEPARTEMENTALE 32,43.770141,-0.182927,20,2,1
202100009531,184Â 674,A01,1,1,1,0,1,-1,-1,0,0,-1,2021,78.0,1,2,8,0,3,0,1,,3,1075,0,A,2,2,0,1,40,160,1,, -1,1,0,3,90,5,11,2021,12:40,1,5,5053,1,1,0,6,route dÃ©partementale 1075,44.352984,5.765972,12,2,1
202100018522,168Â 525,A01,2,2,1,0,8,-1,-1,-1, -1,-1,2021,14.0,1,1,0,2,1,26,1,,7,URBAIN SUD                              ,0,,1,1,0,2,64,100,1,, -1,2,3,1,70,16,9,2021,21:00,5,69,69276,2,1,0,2,URBAIN SUD (BD)                             ,45.68683,4.86189,21,3,2
202100011595,181Â 001,A01,1,1,1,0,1,0,-1,-1, -1,-1,2021,38.0,3,2,8,0,1,13,1,,7,RD 37,0,,1,1,0,2,(1),(1),3,, -1,1,9,8,50,22,10,2021,18:50,5,37,37122,2,9,0,6,RD 37,47.3407123145,0.6601271778,18,1,1
202100003892,194Â 797,A01,10,3,1,5,0,-1,-1,1,3,1,2021,74.0,1,2,0,1,1,1,1,,3,125,0,,2,2,2,1,24,170,1,, -1,2,0,1,70,8,12,2021,18:50,3,35,35040,1,1,1,6,La Grande Porte,48.14171,-1.917458,18,2,1
202100048076,115Â 811,B01,1,1,2,1,0,-1,-1,0,0,-1,2021,51.0,0,1,0,0,4,1,5,,3,840,-1,D,2,1,0,1,0,1,2,, -1,1,5,1,-1,15,3,2021,15:00,1,27,27679,2,6,0,2,D840,48.738181,0.920164,15,2,2
202100054359,104Â 595,B01,1,1,1,4,2,6,-1,0,0,-1,2021,40.0,1,1,0,2,7,1,1,,4,RUE DE LA LEGION ETRANGERE,0,,2,4,0,1,(1),(1),1,, -1,1,0,1,50,20,1,2021,16:50,1,75,75114,2,1,0,3,RUE DE LA LEGION ETRANGERE,48.820942,2.324439,16,2,2
202100008568,186Â 421,B01,2,2,2,0,1,-1,-1,0,0,-1,2021,35.0,1,2,0,2,1,1,0,,3,148,-1,,2,2,0,2,31,950,4,, -1,1,0,1,80,11,11,2021,16:25,1,86,86237,1,1,0,1,D148,46.147251,0.244161,16,3,2
202100032296,144Â 030,B01,1,1,1,5,2,8,-1,-1, -1,-1,2021,57.0,0,1,0,2,1,0,0,,4,REDON (BOULEVARD DU),0,,2,2,0,2,0,0,2,, -1,1,0,1,50,25,6,2021,17:30,1,13,13209,2,1,0,1,REDON (BOULEVARD DU),43.25133,5.42169,17,2,2
202100049125,113Â 942,B01,1,1,1,4,2,6,-1,0,0,-1,2021,31.0,1,1,0,2,7,1,1,,4,PORTE D ORLEANS,0,,1,3,0,1,(1),(1),1,, -1,1,0,1,70,5,3,2021,08:40,1,75,75114,2,4,0,3,PORTE D ORLEANS,48.8196106772,2.3279155622,8,2,2
202100030399,147Â 428,A01,1,1,2,5,2,6,-1,0,0,-1,2021,34.0,1,1,0,2,1,1,1,,7,,0,,3,6,0,1,(1),(1),1,, -1,1,0,1,50,6,7,2021,15:30,1,6,6088,2,1,1,4,ANGLAIS (DU NÂ° 45 AU NÂ° 112),43.692039,7.249394,15,3,3
202100055077,103Â 364,A01,10,3,2,1,0,-1,-1,4,3,1,2021,26.0,2,3,0,1,2,1,1,1.0,4,MARNE (QU DE),0,,2,0,0,1,1,0,1,, -1,2,2,1,5,12,1,2021,17:10,5,94,94042,2,1,1,6,MARNE (QU DE),48.828783,2.4702,17,2,1
202100026906,153Â 617,A01,1,1,1,5,1,-1,-1,0,0,-1,2021,28.0,2,2,0,2,1,5,1,,2,106,0,N,2,2,0,1,77,200,1,, -1,1,0,1,80,27,7,2021,22:10,3,48,48016,1,1,0,1,N106,44.47853,3.463059,22,2,2
202100015969,173Â 126,B01,1,1,1,0,2,8,-1,-1, -1,-1,2021,32.0,1,1,0,2,8,0,1,,3,109,0,,2,5,0,1,0,0,1,, -1,1,0,1,50,28,9,2021,15:00,1,92,92036,2,4,0,3,GABRIEL PERI (AVENUE) (2/58),48.9158080373,2.2958904505,15,2,2
202100008475,186Â 588,B01,1,1,2,5,2,6,-1,-1, -1,-1,2021,24.0,1,1,0,2,0,1,1,,7,HALLOUVRY (RUE D'),0,,2,2,0,1,8,300,1,, -1,1,5,1,50,10,11,2021,19:25,5,35,35055,2,6,0,7,HALLOUVRY (RUE D'),48.09047,-1.61569,19,2,2
202100020084,165Â 723,B01,1,1,2,1,1,5,-1,-1, -1,-1,2021,44.0,2,2,0,2,1,1,1,,3,VIALENC (BOULEVARD DU),0,,3,4,0,1,0,547,1,, -1,1,0,1,50,8,9,2021,18:20,1,15,15014,2,2,0,1,VIALENC (BOULEVARD DU),44.91803,2.42891,18,2,2
202100054704,104Â 005,A01,1,1,1,5,2,6,-1,0,0,-1,2021,22.0,1,1,6,0,1,14,1,,4,,-1,,2,2,0,2,(1),(1),1,0,"2,9",1,0,3,50,17,1,2021,12:30,1,16,16229,2,3,0,6,Rue du Fer a Cheval,46.074135,0.102825,12,1,1
202100015512,173Â 973,A01,1,1,2,9,1,-1,-1,0,0,-1,2021,54.0,0,2,0,2,1,1,1,,4,FRANKLIN ROOSEVELT (RUE),0,,2,2,0,2,(1),(1),1,, -1,1,0,1,50,27,9,2021,16:40,1,80,80021,2,1,0,4,FRANKLIN ROOSEVELT (RUE),49.91531,2.29442,16,3,3
202100013638,177Â 338,B01,1,1,2,1,2,8,-1,-1, -1,-1,2021,37.0,2,1,0,2,7,1,5,,4,MARNE ( AV DE LA ),0,,2,2,0,1,(1),(1),1,, -1,1,0,1,30,12,10,2021,07:00,5,56,56121,2,3,0,3,MARNE ( AV DE LA ),47.74388,-3.36814,7,2,2
202100042053,126Â 457,A01,1,1,1,4,2,6,-1,-1, -1,-1,2021,31.0,1,1,12,0,1,13,1,,4,BOULEVARD MALESHERBES,0,,1,1,0,1,(1),(1),1,, -1,1,0,1,50,29,4,2021,19:50,2,75,75117,2,7,0,6,BOULEVARD MALESHERBES,48.883423,2.309441,19,1,1
202100026815,153Â 791,B01,1,1,1,1,8,0,-1,-1, -1,-1,2021,21.0,2,1,0,2,7,1,5,,4,CESSART (ROND-POINT),0,,1,1,0,1,0,0,2,, -1,1,0,1,50,26,7,2021,07:50,1,49,49328,2,6,0,3,CESSART (ROND-POINT),47.26134,-0.07668,7,2,2
202100019083,167Â 532,A01,1,1,2,3,1,-1,-1,0,0,-1,2021,81.0,3,2,6,0,2,15,1,,4,,-1,,2,1,0,2,(1),(1),2,,"3,5",1,0,1,50,14,9,2021,11:00,1,68,68102,2,3,0,6,5 Rue de la Grotte,47.882629,7.056575,11,1,1
202100033280,142Â 286,A01,1,1,1,5,1,-1,-1,0,0,-1,2021,23.0,1,2,3,0,3,0,1,,1,1,0,A,3,3,0,1,115,292,1,,"13,5",1,0,8,130,21,6,2021,17:00,1,80,80447,1,1,0,6,Autoroute A1 pk 115+292,49.816131,2.82045,17,1,1
202100044412,122Â 297,A01,2,2,2,5,1,-1,-1,0,0,-1,2021,21.0,1,2,13,2,7,13,1,,7,231,0,,2,2,0,2,9,605,2,, -1,1,0,1,80,11,4,2021,17:45,1,35,35059,1,1,0,1,Les Quatre Vents,48.169924,-1.749224,17,5,2
202100028670,150Â 469,A01,1,1,1,0,1,0,-1,-1, -1,-1,2021,53.0,3,2,8,0,3,15,1,,4,GENERAL PATTON (NATIONALE),0,,1,2,0,1,(1),(1),2,, -1,1,5,4,50,16,7,2021,22:45,5,10,10387,2,6,0,7,GENERAL PATTON (NATIONALE),48.29489,4.06771,22,1,1
202100003570,195Â 370,Z01,10,3,2,5,0,-1,-1,4,3,2,2021,16.0,1,2,0,1,1,26,0,,3,JAURES (AVENUE JEAN),0,,2,2,0,1,1,170,1,, -1,1,0,1,50,10,12,2021,16:27,1,95,95018,2,1,0,6,Boulevard du General Leclerc,48.9396035959,2.2284221649,16,2,1
202100031530,145Â 404,B01,1,1,1,5,1,0,-1,-1, -1,-1,2021,35.0,1,2,0,2,1,2,1,,1,A507 sens Marseille - Aubagne,0,,1,3,0,1,3,213,1,, -1,1,0,1,70,30,6,2021,19:20,1,13,13055,1,1,0,2,A507 sens Marseille - Aubagne,43.33776,5.38489,19,2,2
202100054383,104Â 555,A01,6,2,1,0,3,-1,-1,0,0,-1,2021,1.0,1,5,3,0,1,1,1,,1,71,-1,,3,4,0,1,141,347,1,, -1,2,0,1,110,21,1,2021,18:10,3,41,41161,1,1,1,6,A71 PK 143+150 sens 1,47.553505,2.008953,18,3,1
202100034474,140Â 101,B01,1,1,2,0,0,-1,-1,0,0,-1,2021,65.0,0,1,0,2,1,26,5,,3,8,-1,,2,2,0,1,24,771,1,, -1,1,0,1,50,15,6,2021,19:15,1,76,76035,2,5,0,1,Rue de Normandie,49.76753,1.75273,19,2,2
202100024949,157Â 065,A01,10,3,2,3,0,-1,-1,3,3,1,2021,77.0,1,2,0,1,2,1,1,,3,19,0,D,2,2,0,1,(1),(1),1,, -1,1,0,1,50,5,8,2021,16:10,1,90,90033,2,1,0,1,Faubourg de Belfort,47.512882,7.001005,16,2,1
202100051245,110Â 085,B01,1,1,1,4,2,4,6,0,0,-1,2021,54.0,1,1,0,2,1,1,1,,3,670,0,,2,2,0,1,5,840,1,, -1,1,0,1,50,18,2,2021,10:10,1,33,33219,2,2,0,3,,44.971198,-0.382498,10,2,2
202100050083,112Â 215,A01,1,1,1,4,2,0,-1,-1, -1,-1,2021,37.0,3,1,12,0,3,21,1,,4,PAVE DE MEUDON (ROUTE DU)  (4),0,,1,2,1,1,0,0,1,, -1,1,9,1,50,26,2,2021,21:50,3,92,92022,2,1,0,6,PAVE DE MEUDON (ROUTE DU)  (4),48.80394,2.19913,21,1,1
202100029320,149Â 354,A01,10,3,2,5,0,-1,-1,3,3,1,2021,64.0,1,1,0,1,1,1,1,,4,AVENUE DE VILLIERS,0,,1,1,0,1,(1),(1),1,, -1,2,0,1,50,12,7,2021,10:20,1,75,75117,2,4,1,6,AVENUE DE VILLIERS,48.881461,2.316022,10,2,1
202100009050,185Â 529,B01,1,1,2,0,1,0,-1,-1, -1,-1,2021,30.0,2,2,0,2,6,1,1,,2,RN12,0,,3,6,0,1,23,399,1,, -1,1,0,1,110,6,11,2021,23:00,4,78,78646,1,1,0,2,RN12,48.792283,2.091662,23,5,2
202100039802,130Â 435,B01,1,1,2,0,1,8,-1,-1, -1,-1,2021,35.0,1,2,0,2,4,2,1,,4,Z I LA JAMBETTE,0,,2,2,0,1,5,599,1,, -1,1,0,1,50,15,5,2021,11:30,1,972,97213,2,1,0,2,Z I LA JAMBETTE,14.6161149735,-61.0340023045,11,3,2
202100015055,174Â 795,A01,10,3,2,0,0,-1,-1,3,3,1,2021,16.0,1,2,0,1,2,15,1,,7,IRVOY (RUE)            13 A FIN,0,,-1,2,0,1,0,0,2,, -1,2,1,1,50,4,10,2021,07:40,5,38,38185,2,9,1,3,IRVOY (RUE)            13 A FIN,45.1811,5.7138,7,2,1
202100027034,153Â 393,A01,1,1,1,1,2,6,-1,0,0,-1,2021,25.0,1,1,0,2,1,2,1,,1,Autoroute A 31,0,,-1,4,0,1,269,500,1,, -1,1,0,1,110,26,7,2021,07:00,1,54,54157,1,1,0,2,Autoroute A 31,48.83911,6.09114,7,2,2
202100028312,151Â 087,B01,1,1,2,1,1,0,-1,-1, -1,-1,2021,23.0,2,2,0,2,1,17,1,,2,RCEA-  RN 145,0,,1,4,0,1,14,500,1,, -1,1,9,1,110,17,7,2021,09:23,1,3,3262,1,1,0,1,RCEA-  RN 145,46.376083,2.593658,9,2,2
202100031085,146Â 181,A01,1,1,1,9,8,0,-1,-1, -1,-1,2021,63.0,1,2,0,2,3,26,1,,4,RAMON BOULEVARD,0,,3,4,0,1,1,0,1,, -1,2,0,1,50,28,6,2021,17:34,1,49,49007,2,1,0,1,RAMON BOULEVARD,47.48644,-0.53702,17,2,2
202100037754,134Â 181,B01,1,1,2,1,1,0,-1,-1, -1,-1,2021,26.0,1,2,0,2,4,1,1,,4,IASSY (AVENUE DE),0,,2,2,0,1,(1),(1),1,, -1,1,0,1,50,27,5,2021,17:05,1,86,86194,2,1,0,4,Avenue de Iassy,46.574009,0.39114,17,3,3
202100043770,123Â 449,B01,2,2,2,0,1,0,-1,0,0,-1,2021,31.0,2,2,0,2,4,23,1,,7,GAMBETTA (RUE),0,,2,0,0,2,16,350,1,, -1,1,0,1,50,16,4,2021,17:15,1,42,42183,2,1,0,2,Rue Gambetta,45.40516,4.37579,17,3,2
202100027686,152Â 227,B01,10,3,1,5,0,-1,-1,5,3,1,2021,3.0,3,2,0,1,0,0,3,,4,RUE RENE MICHEL,0,,-1,1,0,1,0,0,1,, -1,1,0,1,50,21,7,2021,13:25,1,974,97407,2,1,0,6,RUE RENE MICHEL,-20.9376,55.2933,13,2,1
202100009368,184Â 960,B01,1,1,2,1,0,-1,-1,0,0,-1,2021,58.0,1,1,0,0,7,1,5,,4,,-1,,2,2,0,1,(1),(1),1,,6,2,0,1,50,5,11,2021,07:30,2,68,68287,2,3,1,3,4 Rue du Nord,47.960373,7.305756,7,2,2
202100030134,147Â 913,A01,1,1,1,0,2,6,-1,-1, -1,-1,2021,22.0,1,1,0,2,1,0,1,,1,AUTOROUTE A3,0,,3,8,0,1,1,600,1,, -1,1,0,1,90,8,7,2021,20:20,1,93,93048,1,1,0,3,AUTOROUTE A3,48.87082,2.43176,20,2,2
202100021308,163Â 564,B01,1,1,2,1,1,0,-1,-1, -1,-1,2021,26.0,3,2,0,2,6,1,1,,3,GENERAL GALLIENI (RUE DU),0,,2,2,0,2,0,0,1,, -1,1,0,1,50,1,9,2021,07:50,2,94,94079,2,9,0,3,GENERAL GALLIENI (RUE DU),48.82566,2.54051,7,2,2
202100044473,122Â 199,A01,1,1,1,4,2,6,-1,0,0,-1,2021,25.0,2,1,0,2,3,3,1,,4,ECHANGEUR MAILLOT,0,,1,3,0,1,(1),(1),3,, -1,1,0,1,50,9,4,2021,13:35,1,75,75116,2,1,0,2,ECHANGEUR MAILLOT,48.877585,2.279427,13,2,2
202100032345,143Â 944,A01,1,1,1,0,1,0,-1,-1, -1,-1,2021,29.0,3,1,14,0,0,5,1,,4,BOIS SAINT MARTIN (AVENUE),0,,2,2,0,1,0,0,1,, -1,1,0,1,50,25,6,2021,16:20,1,93,93051,2,1,0,6,Avenue du Bois Saint Martin,48.82264,2.57688,16,1,1
202100037308,134Â 984,A01,10,3,2,5,0,-1,-1,3,3,1,2021,69.0,1,0,0,1,3,9,0,,4,REPUBLIQUE,0,,2,2,0,1,0,0,1,, -1,1,0,1,50,31,5,2021,11:40,1,93,93051,2,3,0,6,Rue de la RÃ©publique / Avenue Aristide Briand,48.846286679,2.5531690121,11,2,1
202100005452,192Â 048,B01,1,1,2,4,1,-1,-1,0,0,-1,2021,21.0,0,2,0,2,1,1,1,,7,D6,0,,1,1,0,2,12,240,1,, -1,1,0,1,110,1,12,2021,14:30,1,13,13041,1,1,0,2,D6,43.448993,5.447824,14,4,4
202100045763,119Â 951,A01,1,1,1,1,2,8,-1,-1, -1,-1,2021,23.0,3,1,0,2,1,1,1,,7,VOISIN (BOULEVARD ANDRE-GEORGES),0,,3,4,0,1,(1),(1),1,, -1,1,0,1,50,30,3,2021,18:04,1,37,37214,1,1,0,6,VOISIN (BOULEVARD ANDRE-GEORGES),47.4275414408,0.6585402489,18,2,2
202100010991,182Â 082,A01,1,1,1,5,1,-1,-1,0,0,-1,2021,82.0,3,2,0,2,3,15,1,,3,303,-1,,2,2,0,4,(1),(1),3,, -1,1,5,8,80,26,10,2021,18:15,1,24,24042,1,3,0,1,D 939 - gare de biras,45.297154,0.659931,18,2,2
202100049669,112Â 958,A01,2,2,1,5,8,0,-1,-1, -1,-1,2021,15.0,1,1,0,2,1,15,3,,4,MARECHAL JOFFRE (AV DU),0,,2,2,0,1,1,0,1,, -1,1,0,1,30,28,2,2021,15:45,1,94,94058,2,3,0,3,MARECHAL JOFFRE (AV DU),48.84041,2.51014,15,3,2
202100009653,184Â 453,B01,1,1,1,5,1,-1,-1,0,0,-1,2021,71.0,3,2,0,2,3,13,1,,3,d794,-1,,-1,2,0,1,(1),(1),1,, -1,2,5,1,80,3,11,2021,19:10,3,22,22323,1,2,1,5,la rochette,48.537237,-2.297396,19,4,3
202100043234,124Â 377,A01,1,1,1,1,2,6,-1,0,0,-1,2021,32.0,1,1,13,0,1,1,1,,3,110,-1,,2,2,0,2,9,300,3,, -1,1,0,3,80,21,4,2021,19:40,1,56,56014,1,1,0,6,Pont Callec,47.991932,-3.343492,19,1,1
202100036861,135Â 808,A01,10,3,1,5,0,-1,-1,5,5,2,2021,6.0,3,2,0,1,2,21,1,,4,VOLTA,0,,2,2,0,1,0,0,1,, -1,1,0,1,50,2,6,2021,17:00,1,93,93066,2,1,0,6,Rue Volta,48.923735,2.340046,17,2,1
202100040243,129Â 665,A01,1,1,1,4,1,-1,-1,0,0,-1,2021,25.0,1,2,0,0,4,1,1,,1,61,-1,,3,4,0,1,294,500,1,, -1,1,0,1,-1,12,5,2021,16:15,1,11,11281,1,1,0,2,A61 - PK 294.500,43.261034,2.02348,16,4,2
202100007229,188Â 833,B01,1,1,1,0,2,0,-1,0,0,-1,2021,26.0,3,1,0,2,4,23,1,,7,AGINCOURT  (ANCIENNE ROUTE D'),0,,2,2,0,2,(1),(1),1,, -1,1,0,3,80,18,11,2021,23:35,3,54,54184,2,1,0,2,AGINCOURT  (ANCIENNE ROUTE D'),48.7153900892,6.2416129756,23,2,2
202100001655,198Â 846,A01,10,3,1,0,8,-1,-1,3,3,1,2021,85.0,0,2,0,1,2,1,1,,3,31,-1,E,2,2,0,1,(1),(1),1,, -1,1,0,1,50,21,12,2021,10:29,1,24,24067,2,1,0,6,Avenue de la LibÃ©ration,44.91352,0.924783,10,2,1
202100045694,120Â 065,A01,1,1,1,5,8,-1,-1,0,0,-1,2021,72.0,2,2,13,0,1,26,1,,3,2007,0,,2,2,0,1,34,50,2,, -1,1,0,3,90,1,4,2021,17:15,1,45,45257,1,6,0,6,Lieu dit Les motteux,47.865695,2.738514,17,1,1
202100034646,139Â 789,A01,1,1,1,5,2,-1,-1,0,0,-1,2021,27.0,0,1,3,0,1,1,1,,2,02,-1,,1,1,0,2,41,800,2,, -1,1,3,3,70,14,6,2021,22:00,3,974,97410,1,1,0,6,Route Nationale 2,-21.028846,55.704921,22,1,1
202100045191,120Â 962,B01,1,1,1,0,2,4,-1,0,0,-1,2021,59.0,2,1,0,2,1,5,5,,3,28,0,D,2,2,0,1,3,500,1,, -1,1,0,1,80,5,4,2021,12:30,1,11,11192,1,1,0,1,ROUTE DEPATEMENTALE 28,43.299119,2.051525,12,2,2
202100016657,171Â 856,B01,2,2,2,0,2,8,-1,-1, -1,-1,2021,40.0,0,1,0,2,3,1,1,,4,PRESIDENT KENNEDY (AV ),0,,2,2,0,1,1,233,1,, -1,1,9,1,50,25,9,2021,18:15,1,13,13054,2,7,0,1,PRESIDENT KENNEDY (AV ),43.41751,5.2218,18,3,2
202100026567,154Â 211,A01,1,1,1,5,2,6,-1,0,0,-1,2021,21.0,3,1,14,0,8,1,1,,4,,-1,,3,2,2,1,(1),(1),1,,5,1,4,1,50,28,7,2021,21:10,5,69,69043,2,8,0,6,GARE (DE LA) (RTE),45.698866,4.763281,21,1,1
202100031071,146Â 204,B01,1,1,1,0,8,-1,-1,-1, -1,-1,2021,59.0,2,1,0,2,1,1,5,,4,LIBERATION (RUE DE LA),0,,2,2,0,1,(1),(1),1,, -1,1,0,1,50,2,7,2021,08:40,1,51,51474,2,1,0,2,Rue de la Liberation,49.262101,3.985604,8,2,2
202100054806,103Â 830,B01,1,1,1,5,2,9,-1,0,0,-1,2021,24.0,2,1,0,2,1,1,5,,4,,-1,,2,2,0,2,(1),(1),1,, -1,1,0,1,50,15,1,2021,15:00,1,51,51662,2,3,0,3, Place Chante Reine,49.2947566128,4.1249895544,15,2,2
202100050197,111Â 991,B01,1,1,1,9,1,0,-1,-1, -1,-1,2021,30.0,2,2,0,2,7,1,1,,4,FERRARI (RUE),0,,1,1,0,1,0,0,1,, -1,1,0,1,50,25,2,2021,15:25,1,13,13205,2,2,0,3,FERRARI (RUE),43.292892627,5.3929338832,15,2,2
202100050302,111Â 786,A01,1,1,2,1,8,-1,-1,-1, -1,-1,2021,30.0,2,1,0,2,1,26,3,,4,RABELAIS                            (R ),0,,-1,1,0,1,(1),(1),1,, -1,1,0,1,50,24,2,2021,13:20,1,69,69383,2,2,0,3,RABELAIS (R),45.76279,4.84613,13,2,2
202100041812,126Â 871,B01,1,1,1,1,2,0,-1,0,0,-1,2021,31.0,2,1,0,2,3,1,1,,4,PLACE DU NICARAGUA,0,,1,2,0,1,(1),(1),1,, -1,1,0,1,50,1,5,2021,20:20,2,75,75117,2,7,0,3,PLACE DU NICARAGUA,48.88524,2.307116,20,2,2
202100022499,161Â 413,A01,1,1,1,0,1,-1,-1,0,0,-1,2021,22.0,1,2,13,0,1,1,1,,3,981,-1,,2,2,0,1,34,50,1,, -1,1,0,3,80,26,8,2021,09:30,1,30,30286,1,1,0,7,Route de Remoulins,43.984817,4.459827,9,1,1