Num_Acc,id_vehicule,num_veh,place,catu,sexe,trajet,secu1,secu2,secu3,locp,actp,etatp,year_acc,victim_age,senc,catv,obs,obsm,choc,manv,motor,occutc,catr,voie,v1,v2,circ,nbv,vosp,prof,pr,pr1,plan,lartpc,larrout,surf,infra,situ,vma,jour,mois,an,hrmn,lum,dep,com,agg_,int,atm,col,adr,lat,long,hour,nb_victim,nb_vehicules
202100019536,166Â 712,B01,1,1,1,5,0,-1,-1,0,0,-1,2021,11.0,3,1,0,2,7,1,5,,4,,-1,,2,2,1,1,(1),(1),1,,4,1,9,5,-1,11,9,2021,19:05,1,51,51649,2,1,0,3,Rue du 8 Mai 1945,48.716921,4.590113,19,2,2
202100029888,148Â 373,A01,1,1,1,3,2,6,-1,0,0,-1,2021,25.0,1,1,0,2,1,9,1,,3,11,0,D,2,2,0,1,0,900,1,,"5,5",1,0,1,50,9,7,2021,17:25,1,64,64371,2,6,0,2,Boulevard des PyrÃ©nÃ©es,43.224747,-0.888321,17,3,2
202100029296,149Â 397,A01,1,1,2,5,1,-1,-1,-1, -1,-1,2021,64.0,2,2,6,0,1,14,1,,2,LUCET (RUE),0,,3,4,0,2,(1),(1),4,, -1,2,0,3,40,10,7,2021,16:20,1,50,50203,2,1,0,6,LUCET (RUE),49.62213,-1.61342,16,1,1
202100022028,162Â 256,A01,1,1,1,1,2,6,-1,0,0,-1,2021,37.0,1,1,7,0,2,17,1,,3,812,0,,2,2,0,2,26,165,2,, -1,1,0,3,70,25,8,2021,06:45,2,35,35282,1,1,0,6,Le Patis Buret,48.302866,-1.356492,6,1,1
202100032824,143Â 106,B01,1,1,2,1,2,8,-1,-1, -1,-1,2021,45.0,1,1,0,2,8,1,3,,2,VAULABELLE (BOULEVARD) NÂ° PAIRS,0,,2,2,0,1,35,190,2,, -1,1,5,1,50,17,6,2021,20:25,1,89,89024,2,4,0,3,VAULABELLE (BOULEVARD) NÂ° PAIRS,47.79484,3.57901,20,3,2
202100006627,189Â 945,B01,1,1,2,0,8,0,-1,-1, -1,-1,2021,20.0,2,1,0,2,1,1,5,,4,FRERES CAMORS DES,0,,-1,2,0,1,0,0,1,, -1,1,0,1,30,23,11,2021,13:26,1,64,64445,2,3,0,3,FRERES CAMORS DES,43.31137,-0.36893,13,2,2
202100055939,101Â 893,A01,10,3,2,5,0,-1,-1,4,3,1,2021,76.0,2,2,0,1,8,1,1,,4,AVENUE DE FLANDRE,0,,3,3,0,1,(1),(1),1,, -1,1,0,1,50,7,1,2021,16:05,1,75,75119,2,2,0,6,AVENUE DE FLANDRE,48.894317,2.381732,16,2,1
202100027921,151Â 800,A01,1,1,1,0,8,0,-1,-1, -1,-1,2021,18.0,2,2,15,0,8,26,1,,4,MASSENET,0,,2,2,0,2,(1),(1),1,, -1,2,0,4,50,15,7,2021,23:30,5,42,42189,2,1,1,6,Rue Massenet,45.4293685048,4.3174518943,23,1,1
202100026267,154Â 748,A01,1,1,1,0,2,8,-1,-1, -1,-1,2021,17.0,0,1,0,0,0,0,1,,4,RUE DE LA MARE DES BELLES FILLES ,0,,2,2,0,1,0,0,1,, -1,1,0,1,50,30,7,2021,05:57,3,91,91223,2,1,0,7,RUE DE LA MARE DES BELLES FILLES ,48.40174,2.12642,5,1,1
202100037982,133Â 769,B01,1,1,1,1,2,8,-1,-1, -1,-1,2021,52.0,2,1,0,2,1,0,1,,4,RENE CASSIN (RUE),0,,2,2,0,1,(1),(1),1,, -1,1,0,1,50,26,5,2021,11:10,1,71,71445,1,1,0,3,RENE CASSIN (RUE),46.7725371694,4.8682812572,11,2,2
202100049519,113Â 239,A01,1,1,1,1,8,0,-1,-1, -1,-1,2021,19.0,1,1,1,0,1,1,5,,4,DENFERT ROCHEREAU,0,,2,2,0,1,0,0,1,, -1,1,0,1,50,2,3,2021,08:35,1,2,2738,2,1,1,6,DENFERT ROCHEREAU,49.65848,3.29224,8,1,1
202100054037,105Â 156,A01,10,3,2,5,0,-1,-1,3,3,1,2021,56.0,2,3,0,1,0,1,1,1.0,4,PIERRE SEMARD (avenue),0,,2,3,0,1,0,0,1,, -1,1,0,1,50,21,1,2021,14:10,1,84,84007,2,1,0,6,PIERRE SEMARD (avenue),43.93992,4.82041,14,2,1
202100011648,180Â 904,A01,1,1,1,1,2,8,-1,-1, -1,-1,2021,43.0,3,1,0,2,1,1,3,,3,PIERRE MENDES FRANCE (AV),0,,2,4,1,1,1,0,1,, -1,1,0,8,30,22,10,2021,08:30,2,94,94042,2,1,0,3,PIERRE MENDES FRANCE (AV),48.81223,2.459,8,2,2
202100034046,140Â 903,C01,2,2,2,0,1,0,-1,0,0,-1,2021,7.0,1,2,0,2,4,19,1,,7,PASTEUR (AVENUE),0,,2,2,0,1,(1),(1),1,, -1,1,0,1,50,15,6,2021,16:25,1,63,63075,2,1,0,4,PASTEUR (AVENUE),45.77381,3.07291,16,4,3
202100045692,120Â 068,A01,1,1,1,5,8,-1,-1,0,0,-1,2021,77.0,1,2,3,0,2,1,1,,1,62,-1,A,3,5,0,1,201,300,1,, -1,1,0,2,130,2,4,2021,14:35,1,31,31202,1,1,0,6,A62 pk 201.300,43.844451,1.324196,14,2,1
202100032374,143Â 897,A01,9,2,1,2,1,3,-1,0,0,-1,2021,6.0,0,2,6,0,1,1,1,,4,,-1,,2,2,0,2,(1),(1),3,,5,1,0,4,50,25,6,2021,17:30,1,59,59037,2,1,0,6,38 Rue du 8 Mai 1945,50.195824,3.373983,17,2,1
202100007052,189Â 151,B01,1,1,1,4,2,0,-1,-1, -1,-1,2021,27.0,2,1,0,2,3,2,1,,3,HUIT MAI 1945 (AV DU),0,,2,1,0,1,1,0,1,, -1,1,0,1,20,17,11,2021,12:40,1,94,94058,2,9,0,3,Avenue du 8 Mai 1945,48.85015,2.50952,12,2,2
202100029269,149Â 446,B01,1,1,2,5,1,8,-1,-1, -1,-1,2021,50.0,2,2,0,2,1,1,1,,2,Morne Salines,0,,2,2,0,2,(1),(1),1,, -1,1,0,1,70,11,7,2021,17:50,1,971,97113,1,1,0,1,Morne Salines,16.209,-61.44217,17,2,2
202100010631,182Â 734,A01,1,1,1,5,2,6,-1,0,0,-1,2021,72.0,1,1,0,0,8,1,5,,3,928,-1,D,2,2,1,1,17,100,1,, -1,1,0,5,50,28,10,2021,12:25,1,95,95394,2,1,0,6,2 Avenue Marcel Perrin,49.069315,2.179375,12,2,1
202100034045,140Â 904,B01,1,1,1,5,2,6,-1,-1, -1,-1,2021,17.0,1,1,0,2,1,1,1,,4,GUYNEMER (AVENUE),0,,2,2,0,1,0,0,1,, -1,1,0,1,50,14,6,2021,17:25,1,64,64024,2,1,0,3,GUYNEMER (AVENUE),43.49768,-1.53842,17,2,2
202100011411,181Â 323,B01,2,2,2,5,1,0,-1,0,0,-1,2021,26.0,1,2,0,2,4,23,1,,4,PORTE D AUTEUIL,0,,1,2,0,2,(1),(1),1,, -1,1,1,1,50,22,10,2021,02:00,5,75,75116,2,4,0,2,PORTE D AUTEUIL,48.84454,2.25535,2,3,2
202100018174,169Â 125,A01,1,1,2,5,2,0,-1,0,0,-1,2021,41.0,1,1,0,2,3,1,5,,4,RUE PHILIPPE DE CHAMPAGNE,0,,2,2,1,1,(1),(1),1,, -1,1,0,5,30,18,9,2021,19:40,2,75,75113,2,3,0,3,RUE PHILIPPE DE CHAMPAGNE,48.832861,2.35554,19,2,2
202100035288,138Â 626,Z01,10,3,2,0,0,-1,-1,2,9,2,2021,4.0,1,2,0,1,0,1,0,,7,LÃON D' ASTROS (RUE),0,,1,1,0,1,1,0,1,, -1,1,0,1,30,10,6,2021,10:45,1,13,13213,2,1,0,3,LÃON D' ASTROS (RUE),43.33378,5.43636,10,2,1
202100002178,197Â 895,A01,1,1,2,1,1,-1,-1,0,0,-1,2021,61.0,2,2,13,0,1,1,1,,3,20,-1,,2,2,0,1,10,454,1,, -1,7,0,3,80,21,12,2021,09:10,2,82,82144,1,1,1,6,D20,44.167107,1.324486,9,1,1
202100008531,186Â 486,A01,1,1,1,4,0,-1,-1,0,0,-1,2021,35.0,2,4,0,0,9,1,1,,3,81,-1,,2,2,0,1,21,420,1,, -1,1,0,1,80,9,11,2021,18:00,2,49,49061,1,1,0,6,CD 81,47.640526,-1.047757,18,1,1
202100028814,150Â 216,B01,1,1,2,9,1,0,-1,-1, -1,-1,2021,44.0,1,2,0,2,4,1,1,,3,JULIEN PANCHOT (AVENUE),0,,2,2,0,1,0,0,1,, -1,1,0,1,50,13,7,2021,18:21,1,66,66136,2,1,0,2,JULIEN PANCHOT (AVENUE),42.68361,2.86365,18,2,2
202100044812,121Â 616,B01,1,1,1,5,2,8,-1,-1, -1,-1,2021,53.0,2,1,0,2,1,1,1,,4,PIOCHE (AVENUE-IMPASSE DE),0,,2,2,0,2,0,0,1,, -1,1,0,1,30,6,4,2021,14:15,1,64,64122,2,1,0,1,PIOCHE (AVENUE-IMPASSE DE),43.4695,-1.5591,14,2,2
202100023497,159Â 630,A01,1,1,2,1,2,6,-1,0,0,-1,2021,22.0,1,1,0,0,0,1,1,,3,40,-1,,2,2,0,2,12,900,3,, -1,2,0,1,80,9,8,2021,21:35,3,29,29167,1,1,1,7,Kerbiguet,47.96908,-4.279711,21,1,1
202100000461,200Â 881,B01,1,1,1,0,2,8,-1,-1, -1,-1,2021,18.0,2,1,0,2,1,3,1,,3,ROUTE DU STILETTO,0,,2,2,0,2,0,400,1,, -1,1,0,1,50,9,11,2021,16:23,1,201,201004,2,1,0,3,ROUTE DU STILETTO,41.94649,8.76464,16,2,2
202100016776,171Â 626,A01,1,1,2,1,1,0,-1,-1, -1,-1,2021,27.0,2,2,0,2,3,1,1,,4,GOLF (ALLEE DU),0,,2,2,0,2,0,0,2,, -1,1,0,1,30,22,9,2021,07:00,1,974,97411,1,1,0,1,GOLF (ALLEE DU),-20.876919,55.421795,7,4,2
202100005290,192Â 330,A01,10,3,1,3,0,-1,-1,4,3,1,2021,51.0,2,2,0,1,3,1,1,,4,PLAPPEVILLE (ROUTE DE ),0,,-1,0,0,1,0,0,1,, -1,2,0,1,50,30,11,2021,07:20,5,57,57049,2,2,1,6,PLAPPEVILLE (ROUTE DE ),49.1280991,6.1468129,7,2,1
202100012132,180Â 027,B01,1,1,2,0,0,-1,-1,0,0,-1,2021,25.0,3,1,0,2,8,26,5,,7,955,-1,,-1,1,0,1,(1),(1),3,, -1,2,9,1,50,21,10,2021,14:10,1,59,59523,2,6,0,3,rue de lille,50.585764,3.167281,14,2,2
202100008225,187Â 010,A01,1,1,2,5,1,-1,-1,-1,0,-1,2021,31.0,1,2,0,2,1,1,1,,2,RN 104,0,,3,4,0,1,10,0,1,, -1,2,0,1,110,13,11,2021,12:55,1,95,95028,1,1,1,2,RN 104,49.060161,2.355538,12,2,2
202100055338,102Â 917,B01,1,1,1,1,1,0,-1,-1, -1,-1,2021,66.0,2,2,0,2,8,1,1,,4,JEAN BAPTISTE COLBERT (RUE),0,,2,2,0,2,(1),(1),1,, -1,1,0,1,50,11,1,2021,18:03,5,10,10081,2,2,0,5,JEAN BAPTISTE COLBERT (RUE),48.3132,4.0237,18,3,3
202100000863,200Â 196,A01,10,3,1,5,0,-1,-1,3,3,1,2021,69.0,1,2,0,1,2,2,1,,4,FAUCHEUX (BD JACQUES),0,,2,2,2,2,(1),(1),1,, -1,2,5,1,30,29,12,2021,08:35,2,35,35115,2,1,1,6,FAUCHEUX (BD JACQUES),48.35573,-1.20252,8,2,1
202100048115,115Â 745,B01,1,1,1,1,8,4,-1,-1, -1,-1,2021,48.0,2,2,0,2,6,23,1,,1,A4,0,,-1,4,0,1,7,500,1,, -1,2,0,1,90,13,3,2021,21:20,3,94,94017,1,1,1,4,A4,48.83008,2.48698,21,3,3
202100043697,123Â 577,A01,1,1,1,5,0,-1,-1,0,0,-1,2021,28.0,1,2,13,0,0,14,1,,3,42,0,D,2,2,0,1,9,150,1,, -1,1,0,3,90,18,4,2021,11:55,1,48,48018,1,1,0,6,D42,44.521869,3.420278,11,1,1
202100015863,173Â 322,B01,1,1,1,5,1,-1,-1,-1, -1,-1,2021,37.0,3,2,0,2,3,26,1,,4,MAURICE FLANDIN                     (R ),0,,2,2,1,1,(1),(1),1,, -1,1,0,4,50,30,9,2021,11:30,1,69,69383,2,1,0,3,MAURICE FLANDIN (R),45.7596896398,4.8629733606,11,2,2
202100009269,185Â 129,A01,3,2,1,1,8,0,-1,-1, -1,-1,2021,41.0,2,3,0,2,8,13,2,3.0,7,SAINT LOUP (BOULEVARD DE),0,,2,3,0,1,0,0,1,, -1,1,0,1,50,5,11,2021,08:37,1,13,13211,2,1,0,3,SAINT LOUP (BOULEVARD DE),43.285,5.44248,8,4,2
202100035161,138Â 859,A01,1,1,1,5,2,6,-1,0,0,-1,2021,22.0,2,1,0,2,1,1,1,,4,,0,,2,2,1,1,(1),(1),1,,4,1,5,1,50,12,6,2021,12:44,1,66,66171,2,3,0,1,Rue Jouy D Arnaud,42.639334,3.028557,12,2,2
202100045011,121Â 272,A01,1,1,1,1,1,0,-1,-1, -1,-1,2021,40.0,2,2,0,2,0,1,1,,1,A13,0,,3,6,0,1,39,200,1,, -1,1,0,1,130,6,4,2021,07:40,2,78,78217,1,1,0,2,A13,48.963179,1.838708,7,2,2
202100030241,147Â 708,A01,10,3,1,0,0,-1,-1,5,3,1,2021,44.0,1,2,0,1,7,1,1,,3,GROUPE MANOUCHIAN (AV DU),0,,3,4,3,1,0,0,1,, -1,1,0,8,50,7,7,2021,17:40,1,94,94081,2,2,0,6,JEAN PIERRE TIMBAUD (R),48.78732,2.40657,17,2,1
202100036797,135Â 934,A01,10,3,1,0,0,-1,-1,0,5,1,2021,14.0,3,2,0,1,2,1,2,,4,BOULEVARD WINSTON CHURCHILL,0,,3,2,3,1,(1),(1),1,, -1,1,0,1,50,2,6,2021,08:50,1,44,44162,2,1,0,6,BOULEVARD WINSTON CHURCHILL,47.20688,-1.6132,8,2,1
202100021831,162Â 604,A01,1,1,2,9,1,-1,-1,0,0,-1,2021,35.0,3,2,13,0,1,1,1,,3,RPN7,0,,2,2,0,3,10,604,2,, -1,1,0,3,90,29,8,2021,10:00,1,988,98812,2,1,0,6,"Lieu-dit ""Les 3 creek""",-20.464872,164.331763,10,1,1
202100053891,105Â 418,A01,1,1,1,0,1,-1,-1,0,0,-1,2021,22.0,2,2,3,0,0,0,1,,1,89,0,,1,4,0,1,35,720,1,, -1,1,0,1,130,20,1,2021,19:30,3,33,33393,1,9,0,7,,44.979948,-0.179729,19,2,1
202100021718,162Â 817,A01,10,3,1,3,0,-1,-1,1,2,1,2021,67.0,0,2,0,1,3,15,1,,2,101,0,R,2,2,0,1,1,500,1,, -1,1,0,1,40,30,8,2021,08:30,1,987,98714,2,1,0,6,RT 101,-16.505965,-151.751747,8,2,1
202100052838,107Â 274,A01,2,2,2,9,1,5,-1,0,0,-1,2021,36.0,1,5,3,2,1,14,1,,1,7,-1,,1,3,0,1,202,700,1,, -1,1,0,1,130,2,2,2021,14:27,1,13,13018,1,1,0,2,Autoroute 7 PK 202+700 sens LYON/MARSEILLE,43.875082,4.94668,14,2,1
202100013843,176Â 948,A01,1,1,2,0,1,0,-1,0,0,-1,2021,38.0,2,2,0,2,7,14,1,,4,,0,,1,2,0,1,(1),(1),1,, -1,1,0,1,50,5,10,2021,10:53,1,63,63113,2,1,0,3,COTE BLATIN (BD),45.76937,3.09086,10,2,2
202100015314,174Â 334,A01,5,2,1,0,8,0,-1,-1, -1,-1,2021,22.0,2,2,1,2,9,0,1,,3,GENERAL LECLER(RUE),0,,2,2,0,1,0,0,1,, -1,2,0,1,50,2,10,2021,20:08,5,91,91691,2,1,1,1,GENERAL LECLER(RUE),48.715381,2.476237,20,4,2
202100023128,160Â 274,A01,1,1,1,3,2,0,-1,0,0,-1,2021,32.0,3,1,1,0,1,2,1,,3,,0,,1,2,0,1,75,320,1,, -1,1,8,1,30,21,8,2021,16:20,1,6,6083,2,1,0,2,"FRANCE (AVENUE PORTE DE, NÂ°1 A 51)",43.783482,7.514631,16,2,2
202100000483,200Â 840,B01,2,2,2,5,1,-1,-1,0,0,-1,2021,49.0,1,2,0,2,3,1,1,,3,9,-1,,2,2,0,1,(1),(1),2,, -1,1,0,1,50,25,12,2021,10:15,1,972,97226,1,1,0,1,quartier les anglais,14.438374,-60.86686,10,3,2
202100003427,195Â 629,B01,1,1,1,0,1,8,-1,-1, -1,-1,2021,54.0,1,2,0,2,9,23,1,,7,POILUS (AVENUE DES),0,,2,2,0,1,0,0,1,, -1,1,0,1,50,11,12,2021,14:00,1,13,13212,2,1,0,5,POILUS (AVENUE DES),43.317,5.46,14,7,5
202100052492,107Â 895,A01,1,1,1,5,1,-1,-1,0,0,-1,2021,82.0,2,5,0,2,3,13,1,,3,267,-1,,2,2,0,2,2,900,2,, -1,2,0,1,80,30,1,2021,12:30,1,63,63086,1,1,0,1,BARDANT,45.637192,3.660582,12,3,2
202100018207,169Â 063,B01,1,1,1,0,2,0,-1,-1, -1,-1,2021,32.0,2,1,0,2,7,1,1,,1,AUTOROUTE A6,0,,2,6,0,1,19,799,1,, -1,1,0,1,110,18,9,2021,18:00,1,91,91687,1,1,0,3,AUTOROUTE A6,48.6636,2.36635,18,2,2
202100051985,108Â 786,A01,1,1,1,0,8,0,-1,-1, -1,-1,2021,24.0,1,1,0,2,1,9,1,,3,BADUEL (ROUTE DE),0,,2,2,0,1,4,0,1,, -1,1,0,1,50,9,2,2021,17:45,1,973,97302,2,1,0,1,BADUEL (ROUTE DE),4.92934,-52.29653,17,2,2
202100023495,159Â 632,A01,2,2,2,5,2,-1,-1,0,0,-1,2021,17.0,2,1,0,2,7,1,1,,3,,-1,,2,2,0,1,7,375,1,,5,2,5,1,50,19,8,2021,22:20,2,44,44069,2,2,1,3,Rue Aristide Briand,47.331755,-2.431031,22,3,2
202100011952,180Â 360,B01,1,1,1,0,2,6,-1,-1, -1,-1,2021,22.0,2,1,0,2,7,3,1,,1,AUTOROUTE A3,0,,3,8,0,1,12,699,1,, -1,1,0,1,90,20,10,2021,17:36,1,93,93005,1,1,0,3,AUTOROUTE A3,48.94616,2.47622,17,2,2
202100001227,199Â 577,A01,2,2,2,5,1,-1,-1,0,0,-1,2021,40.0,1,2,2,0,1,1,1,,3,18,0,D,2,2,0,1,38,40,1,, -1,2,9,8,80,29,12,2021,07:04,2,54,54067,1,2,1,6,D18,49.4294540449,5.6862241012,7,2,1
202100048900,114Â 351,B01,1,1,2,1,1,-1,-1,0,0,-1,2021,60.0,2,2,0,2,3,15,1,,1,,-1,,1,-1,-1,1,(1),(1),2,, -1,1,5,1,-1,8,3,2021,06:43,2,27,27340,1,3,0,3,D313,49.367181,0.814297,6,2,2
202100042271,126Â 071,B01,1,1,1,5,1,-1,-1,0,0,-1,2021,27.0,1,2,0,0,7,26,1,,4,,0,,2,2,0,1,(1),(1),1,,4,1,0,1,50,29,4,2021,12:37,1,60,60462,2,1,0,3,36 Rue de Boncourt,49.325629,2.197909,12,2,2
202100020357,165Â 246,B01,2,2,2,0,1,8,-1,-1, -1,-1,2021,29.0,1,2,0,2,8,1,1,,3,7,0,,2,4,0,1,0,0,1,, -1,1,0,1,50,5,9,2021,14:00,1,92,92036,2,2,0,3,GRESILLONS (QUAI DES),48.9210336185,2.3252191583,14,3,2
202100038579,132Â 684,A01,7,2,1,5,3,-1,-1,0,0,-1,2021,6.0,2,2,0,2,8,10,1,,3,910,-1,,2,2,0,1,5,100,1,, -1,2,0,1,70,24,5,2021,20:20,2,28,28425,1,1,1,3,DÃ©partementale 910,48.502858,1.716383,20,5,2
202100033579,141Â 745,A01,10,3,1,0,0,-1,-1,2,9,1,2021,29.0,0,3,0,1,2,26,1,1.0,4,MAISON BLANCHE (RUE) DU NÂ° 75 A FIN ET N,0,,1,2,0,2,(1),(1),1,, -1,1,9,3,50,18,6,2021,14:00,1,51,51454,2,1,0,7,Rue de la Maison Blanche,49.2387682515,4.0306144953,14,2,1
202100049045,114Â 086,A01,10,3,1,0,0,-1,-1,2,3,1,2021,72.0,1,2,0,1,1,15,1,,4,OCEAN (BOULEVARD DE L'),0,,2,2,0,1,(1),(1),1,, -1,1,0,1,50,3,3,2021,07:45,1,974,97411,2,2,0,6,OCEAN (BOULEVARD DE L'),-20.88147,55.45702,7,2,1
202100007235,188Â 822,B01,1,1,1,0,1,-1,-1,-1, -1,-1,2021,29.0,3,5,0,2,9,2,1,,4,KENNEDY (AVENUE DU PRESIDENT),0,,1,1,0,1,(1),(1),3,, -1,1,0,1,50,19,11,2021,16:35,1,51,51454,2,1,0,4,Avenue du PrÃ©sident Kennedy,49.2334687259,4.0070258081,16,3,3
202100029708,148Â 695,A01,2,2,1,5,1,-1,-1,0,0,-1,2021,19.0,1,2,2,0,0,17,1,,3,1006,-1,,2,2,0,1,60,460,1,, -1,1,0,3,80,9,7,2021,18:20,1,73,73089,1,1,0,6,RD 1006,45.539009612,6.1326765681,18,4,1
202100043379,124Â 122,B01,1,1,1,5,2,-1,-1,0,0,-1,2021,13.0,2,1,0,2,8,19,5,,7,23,-1,,3,2,1,1,58,356,1,, -1,1,0,1,50,20,4,2021,17:44,1,31,31157,2,6,0,3,Route de Toulouse,43.545399,1.350932,17,2,2
202100017382,170Â 567,B01,1,1,1,0,2,6,-1,-1, -1,-1,2021,59.0,1,1,0,2,1,3,1,,1,AUTOROUTE A3,0,,3,4,0,2,5,300,2,, -1,1,0,1,90,23,9,2021,18:10,1,93,93064,1,1,0,2,AUTOROUTE A3,48.88386,2.46944,18,2,2
202100005606,191Â 783,A01,2,2,2,3,1,-1,-1,0,0,-1,2021,56.0,1,2,0,0,1,1,1,,3,215,-1,,2,2,0,2,0,360,2,, -1,1,0,1,80,27,11,2021,17:20,3,6,6015,1,1,0,1,Route des Escaillouns,43.828087,7.347182,17,5,2
202100032058,144Â 446,A01,4,2,1,0,1,0,-1,-1, -1,-1,2021,20.0,1,2,4,0,1,9,1,,1,A12 Y,0,,3,8,0,1,0,800,1,, -1,1,0,2,90,27,6,2021,15:00,1,78,78043,1,1,0,6,A12 Y,48.840979,2.093563,15,3,1
202100052613,107Â 676,A01,1,1,1,5,1,-1,-1,0,0,-1,2021,62.0,2,2,13,0,2,1,1,,3,765,0,D,2,2,0,4,24,250,2,, -1,2,0,3,80,5,2,2021,16:55,1,29,29004,1,1,0,6,D765 - Rue du Moulin Rozhuel,47.936156,-3.72503,16,2,1
202100033491,141Â 912,A01,7,2,2,5,1,-1,-1,0,0,-1,2021,64.0,2,2,4,0,2,1,1,,1,6,0,,3,4,0,2,67,600,1,, -1,3,0,2,130,19,6,2021,17:25,1,77,77520,1,1,1,6,"Autoroute A6, PK 67+600 sens LYON - PARIS",48.30866,2.652254,17,4,1
202100047355,117Â 126,B01,1,1,1,0,2,6,-1,-1, -1,-1,2021,29.0,1,1,0,2,7,9,1,,4,RUE CAMILLE GODARD,0,,2,2,0,1,(1),(1),1,, -1,1,5,1,30,19,3,2021,18:00,1,33,33063,2,2,0,3,Rue Camille Godard,44.85503,-0.5821,18,2,2
202100029110,149Â 714,B01,1,1,1,0,1,0,-1,-1, -1,-1,2021,29.0,2,5,0,2,4,1,1,,3,AQUITAINE (AVENUE DE L'),0,,2,4,0,2,5,315,1,, -1,2,0,1,50,12,7,2021,18:15,1,64,64102,2,1,0,4,AQUITAINE (AVENUE DE L'),43.48826,-1.45963,18,3,3
202100051041,110Â 436,B01,1,1,1,5,2,6,-1,-1, -1,-1,2021,17.0,2,1,0,2,1,2,1,,3,BAYONNE (AVENUE DE),0,,3,5,3,1,9,0,1,, -1,1,0,6,30,18,2,2021,18:05,2,64,64024,2,1,0,3,BAYONNE (AVENUE DE),43.48245,-1.50613,18,2,2
202100032450,143Â 775,A01,10,3,1,5,0,-1,-1,2,3,1,2021,19.0,3,2,0,1,3,1,1,,4,BASTIDE (RUE ET COUR DE LA),0,,1,1,0,1,(1),(1),1,, -1,1,0,1,30,24,6,2021,15:45,1,95,95127,2,1,0,6,Rue de la Bastide,49.04945,2.03288,15,2,1
202100001624,198Â 897,A01,1,1,1,4,2,6,-1,0,0,-1,2021,25.0,2,1,0,2,2,16,1,,4,PLACE CHARLES DE GAULLE,0,,1,8,0,1,(1),(1),2,, -1,1,0,1,30,21,12,2021,19:45,5,75,75116,2,7,0,3,PLACE CHARLES DE GAULLE,48.873742,2.294055,19,2,2
202100039031,131Â 880,B01,1,1,1,5,2,-1,-1,0,0,-1,2021,32.0,2,1,0,2,1,0,5,,3,D59,-1,,2,2,1,2,(1),(1),1,, -1,1,0,1,50,21,5,2021,11:50,1,91,91661,2,2,0,3,Avenue de la Plesse,48.700967,2.252465,11,2,2
202100036993,135Â 572,A01,10,3,2,5,0,-1,-1,3,3,1,2021,83.0,2,2,0,1,4,4,3,,4,TOULHARS (BOULEVARD DE),0,,1,1,0,1,(1),(1),1,, -1,1,0,1,30,29,5,2021,16:14,1,56,56107,2,1,0,6,TOULHARS (BOULEVARD DE),47.70738,-3.38165,16,2,1
202100002098,198Â 046,A01,1,1,1,5,2,-1,-1,0,0,-1,2021,24.0,1,1,0,2,1,1,1,,3,39,-1,,2,2,0,4,14,375,1,, -1,1,0,1,50,22,12,2021,17:24,5,66,66227,2,3,1,3,D39,42.639436,2.911613,17,2,2
202100033091,142Â 595,A01,10,3,1,2,0,-1,-1,5,3,1,2021,15.0,2,2,0,1,3,1,1,,4,GAMBETTA (AV),0,,2,2,0,1,1,0,1,, -1,1,0,1,50,21,6,2021,15:00,1,94,94046,2,1,0,6,Avenue Gambetta,48.8099347241,2.444050312,15,2,1
202100014717,175Â 408,A01,1,1,2,0,1,-1,-1,0,0,-1,2021,22.0,1,2,3,2,8,19,1,,3,919,0,D,2,2,0,1,16,644,1,, -1,1,0,1,70,7,10,2021,19:20,2,76,76420,2,2,0,3,rte de rouen,49.604353327,1.4862053096,19,2,2
202100049574,113Â 143,A01,2,2,2,0,8,0,-1,-1, -1,-1,2021,23.0,1,2,0,2,0,23,1,,1,A515CM-sortie Gardanne/Bouc Bel Air,0,,-1,2,0,1,0,100,1,, -1,1,0,1,70,1,3,2021,15:50,1,13,13015,1,1,0,4,A515CM-sortie Gardanne/Bouc Bel Air,43.4294400224,5.3921966567,15,4,3
202100006818,189Â 589,A01,1,1,2,1,8,0,-1,0,0,-1,2021,32.0,2,1,0,2,8,1,3,,4,RUE DE PICPUS,0,,2,2,0,1,(1),(1),1,, -1,1,0,1,30,22,11,2021,08:50,1,75,75112,2,2,0,3,RUE DE PICPUS,48.842711,2.397462,8,2,2
202100056272,101Â 312,B01,1,1,1,5,1,8,-1,-1, -1,-1,2021,63.0,1,5,0,2,4,15,1,,3,RTE DE TARASCON,0,,2,1,0,1,44,600,1,, -1,5,0,1,80,4,1,2021,10:25,1,13,13004,1,9,1,5,RTE DE TARASCON,43.726807,4.641627,10,4,4
202100021637,162Â 949,B01,1,1,2,0,8,0,-1,-1, -1,-1,2021,51.0,3,1,0,2,8,19,0,,4,RAYMOND FILIPPI AVENUE,0,,1,2,0,1,1,0,1,, -1,1,0,1,50,31,8,2021,12:00,1,13,13047,2,9,0,3,RAYMOND FILIPPI AVENUE,43.4981181311,4.9815748455,12,2,2
202100039212,131Â 532,A01,1,1,1,0,1,-1,-1,0,0,-1,2021,35.0,1,2,0,2,1,13,1,,3,111,0,D,2,2,0,1,4,600,1,,"5,5",1,0,1,80,20,5,2021,21:30,2,68,68095,1,1,0,1,D111,48.097702,7.446585,21,2,2
202100017404,170Â 519,C01,1,1,1,1,1,0,-1,-1, -1,-1,2021,48.0,1,2,0,2,1,2,1,,4,ANCIENNE RN 1,0,,2,2,0,1,0,0,3,, -1,1,9,8,90,22,9,2021,09:45,1,974,97416,1,1,0,4,ANCIENNE RN 1,-21.3245,55.4455,9,3,3