Num_Acc,id_vehicule,num_veh,place,catu,sexe,trajet,secu1,secu2,secu3,locp,actp,etatp,year_acc,victim_age,senc,catv,obs,obsm,choc,manv,motor,occutc,catr,voie,v1,v2,circ,nbv,vosp,prof,pr,pr1,plan,lartpc,larrout,surf,infra,situ,vma,jour,mois,an,hrmn,lum,dep,com,agg_,int,atm,col,adr,lat,long,hour,nb_victim,nb_vehicules
202100022685,161Â 064,A01,10,3,1,0,0,-1,-1,1,3,1,2021,53.0,1,1,0,1,1,1,1,,4,TONNER (AVENUE FRANCIS),0,,2,2,0,1,(1),(1),1,, -1,1,0,1,30,24,8,2021,10:25,1,6,6029,2,1,0,6,TONNER (AVENUE FRANCIS),43.549442,6.979366,10,2,1
202100030213,147Â 761,B01,1,1,2,5,1,0,-1,-1, -1,-1,2021,39.0,2,2,0,2,1,1,1,,3,RD 131 (ROUTE D'HAUTERIVE),0,,2,2,0,1,2,600,1,, -1,1,0,1,70,2,7,2021,19:20,1,3,3001,1,1,0,1,Route dâHauterive,46.09756,3.43127,19,3,2
202100037305,134Â 988,B01,1,1,1,0,2,0,-1,-1, -1,-1,2021,50.0,2,1,0,2,8,2,5,,3,VILLENEUVE (R DE),0,,2,0,0,1,1,0,1,, -1,1,0,1,50,31,5,2021,18:46,1,94,94071,2,5,0,3,VILLENEUVE (R DE),48.7677,2.50845,18,2,2
202100047182,117Â 425,A01,1,1,1,0,2,6,-1,0,0,-1,2021,67.0,1,1,0,2,1,2,1,,3,37,0,,2,2,0,2,8,578,1,, -1,1,0,1,50,22,3,2021,17:30,1,69,69094,2,3,0,5,BORDEAUX (DE) (RTE),45.7392170067,4.6889224648,17,3,3
202100048147,115Â 685,A01,1,1,1,4,2,6,-1,0,0,-1,2021,28.0,2,1,0,2,2,1,3,,4,RUE DE LA REUNION,0,,1,1,0,2,(1),(1),1,, -1,2,0,1,30,12,3,2021,20:45,5,75,75120,2,2,0,3,RUE DE LA REUNION,48.855247,2.401472,20,2,2
202100035072,139Â 006,B01,3,2,2,9,3,0,-1,0,0,-1,2021,9.0,1,2,0,2,4,2,1,,4,QUAI DES TUILERIES,0,,1,3,0,1,(1),(1),1,, -1,1,0,1,50,10,6,2021,12:00,1,75,75101,2,1,0,2,QUAI DES TUILERIES,48.863221,2.323038,12,4,2
202100038844,132Â 195,A01,9,2,1,0,1,3,-1,0,0,-1,2021,2.0,2,2,0,2,1,15,1,,1,,-1,,2,-1,-1,1,24,100,1,, -1,1,3,1,80,23,5,2021,11:45,1,13,13033,1,3,0,1,D9,43.372518,5.185115,11,8,2
202100040417,129Â 367,A01,1,1,1,5,2,6,-1,0,0,-1,2021,66.0,2,1,3,0,1,0,1,,1,9,0,A,1,2,0,1,54,150,1,, -1,1,3,1,-1,12,5,2021,07:00,1,30,30189,1,9,0,6,bretelle de sortie A9 pk 54.150 diorection Orange,43.810778,4.349095,7,1,1
202100008420,186Â 688,A01,1,1,2,5,1,-1,-1,0,0,-1,2021,19.0,2,2,13,0,1,1,1,,3,13,0,D,2,2,0,1,31,200,3,, -1,2,0,3,80,13,11,2021,08:45,1,81,81131,1,1,0,7,d13,43.8919804,1.9895341,8,1,1
202100017656,170Â 060,A01,1,1,1,5,2,8,-1,-1, -1,-1,2021,56.0,1,1,0,0,8,1,1,,4,DENFERT-ROCHEREAU   AVENUE (59),0,,2,2,0,1,(1),(1),1,, -1,1,5,1,50,20,9,2021,17:30,1,17,17300,2,9,0,7,DENFERT-ROCHEREAU   AVENUE (59),46.1652088652,-1.1924612853,17,1,1
202100041889,126Â 744,B01,1,1,1,0,2,0,-1,-1, -1,-1,2021,54.0,3,1,0,2,1,1,5,,7,REPUBLIQUE AV DE LA (NÂ°829-931),0,,2,-1,1,1,(1),(1),1,, -1,1,5,5,50,30,4,2021,18:35,1,59,59378,2,5,0,3,REPUBLIQUE AV DE LA (NÂ°829-931),50.66215,3.09627,18,2,2
202100028889,150Â 085,B01,1,1,1,1,2,-1,-1,0,0,-1,2021,18.0,1,1,0,2,3,1,1,,3,145,-1,,2,2,0,1,5,900,1,,4,1,0,1,-1,16,7,2021,20:45,2,91,91390,2,3,0,2,Rue de Chartres,48.312528,2.075939,20,2,2
202100012941,178Â 604,A01,10,3,1,5,0,-1,-1,3,3,1,2021,72.0,1,2,0,1,3,1,1,,3,784,-1,,2,2,0,1,31,600,1,, -1,1,6,6,30,16,10,2021,14:30,1,29,29003,2,1,0,6,Rue Victor Hugo,48.023853,-4.540102,14,2,1
202100008054,187Â 336,B01,1,1,2,9,8,0,-1,0,0,-1,2021,31.0,2,1,0,2,1,1,5,,4,BOULEVARD MALESHERBES,0,,1,2,1,1,(1),(1),1,, -1,2,-1,5,50,15,11,2021,17:50,5,75,75108,2,2,1,3,BOULEVARD MALESHERBES,48.876647,2.3177,17,2,2
202100053232,106Â 580,B01,1,1,2,1,1,0,-1,-1, -1,-1,2021,30.0,3,2,0,2,4,1,1,,4,PRESIDENT RENE COTY,0,,3,4,0,1,0,0,1,, -1,1,0,1,50,28,1,2021,19:29,5,10,10081,2,1,0,5,PRESIDENT RENE COTY,48.32177,4.03391,19,3,3
202100025116,156Â 759,B01,2,2,2,4,1,-1,-1,-1, -1,-1,2021,33.0,1,2,0,2,6,1,1,,3,NEUFCHATEL (RUE DE) DU NÂ° 123 A FIN (IMP,0,,2,2,0,1,1,50,1,, -1,1,0,1,50,8,8,2021,01:00,5,51,51454,2,2,0,3,Rue de Neufchatel,49.2762933184,4.0268715885,1,3,2
202100018662,168Â 281,B01,1,1,1,4,1,-1,-1,0,0,-1,2021,61.0,1,5,3,2,6,24,1,,1,64,0,,1,2,0,2,152,700,1,, -1,2,0,2,130,16,9,2021,15:15,1,65,65272,1,1,1,5,A64- PK 152+800,43.197343,0.1949,15,4,3
202100006939,189Â 365,A01,1,1,1,5,2,6,-1,0,0,-1,2021,60.0,2,1,0,2,8,5,1,,4,AVENUE KLEBER,0,,2,4,0,1,(1),(1),1,, -1,1,0,1,30,20,11,2021,20:30,5,75,75116,2,1,0,3,AVENUE KLEBER,48.871724,2.293519,20,2,2
202100005179,192Â 524,A01,1,1,1,0,1,-1,-1,0,0,-1,2021,46.0,0,2,2,0,1,1,1,,4,6,0,C,2,2,0,4,(1),(1),3,, -1,1,0,3,-1,3,12,2021,11:00,1,32,32029,1,1,0,6,Crucq de Bas,43.596964,0.455165,11,1,1
202100045198,120Â 949,A01,9,2,1,5,0,-1,-1,0,0,-1,2021,21.0,3,2,0,0,9,1,1,,4,,-1,,2,2,0,1,(1),(1),2,, -1,1,0,3,80,5,4,2021,00:15,3,80,80721,1,1,0,7,rue de l'amboise,50.170783,1.644924,0,3,1
202100041593,127Â 256,A01,1,1,1,1,1,-1,-1,0,0,-1,2021,23.0,2,2,0,2,3,13,1,,3,466,-1,,2,2,0,1,20,200,1,,4,1,0,1,50,30,4,2021,16:30,1,68,68201,2,9,0,5,2 Route de Mulhouse,47.768346,7.006067,16,3,3
202100013283,177Â 996,B01,1,1,1,5,2,0,-1,-1, -1,-1,2021,74.0,0,1,0,2,4,0,5,,4,AERODROME (RUE DE L'),0,,2,2,0,1,1,0,1,, -1,1,0,1,50,13,10,2021,09:00,1,22,22113,2,6,0,3,AERODROME (RUE DE L'),48.7463448143,-3.4666628837,9,2,2
202100007184,188Â 912,A01,10,3,2,5,0,-1,-1,4,3,1,2021,49.0,3,2,0,1,1,1,1,,4,LENINGRAD (BD DE),0,,2,5,0,1,0,0,1,, -1,1,0,1,50,18,11,2021,10:00,1,76,76351,2,2,0,6,LENINGRAD (BD DE),49.494261,0.138414,10,2,1
202100016545,172Â 055,A01,10,3,1,0,0,-1,-1,4,3,1,2021,50.0,1,1,0,1,6,1,1,,3,GENERAL DE GAULLE (AV DU),0,,3,4,0,1,0,0,1,, -1,2,0,1,50,27,9,2021,09:25,1,94,94046,2,1,1,3,GENERAL DE GAULLE (AV DU),48.8151,2.4204,9,2,1
202100052373,108Â 097,A01,2,2,2,0,3,8,-1,-1, -1,-1,2021,8.0,2,2,8,2,2,1,1,,3,D28 LIGNE DES BAMBOUS,0,,2,2,0,1,4,555,1,, -1,1,5,1,50,5,2,2021,16:20,1,974,97416,1,3,1,3,SAVIGNY (CHEMIN EDOUARD),-21.29951,55.49073,16,3,2
202100013953,176Â 760,A01,2,2,2,5,1,-1,-1,0,0,-1,2021,76.0,2,0,0,2,7,17,1,,2,4,-1,,3,4,0,2,30,0,3,, -1,1,0,1,110,11,10,2021,11:55,1,57,57614,1,1,0,3,"N4, point routier 030+000",48.756684,7.206999,11,3,2
202100036314,136Â 778,A01,1,1,1,5,2,6,-1,0,0,-1,2021,19.0,1,1,0,0,8,1,1,,3,74,0,D,2,2,0,2,1,0,1,, -1,2,0,1,80,4,6,2021,17:30,1,55,55434,1,1,0,7,D74,48.607149,5.701818,17,1,1
202100054775,103Â 884,C01,2,2,1,4,8,0,-1,0,0,-1,2021,27.0,2,2,0,2,4,1,1,,4,PORTE D ASNIERES,0,,1,4,0,1,18,400,1,, -1,2,0,1,70,14,1,2021,08:30,2,75,75117,2,1,0,4,PORTE D ASNIERES,48.891517,2.300389,8,4,3
202100039076,131Â 790,B01,1,1,2,5,1,0,-1,-1, -1,-1,2021,56.0,2,2,0,2,2,1,1,,1,AUTOROUTE A20,0,,1,1,0,2,189,500,1,, -1,2,5,1,70,19,5,2021,11:04,1,87,87065,1,3,1,3,RD 704A,45.79825,1.29565,11,5,2
202100054732,103Â 960,A01,1,1,1,0,2,-1,-1,0,0,-1,2021,23.0,1,1,0,2,1,2,1,,2,2,0,R,3,4,0,1,8,600,1,, -1,1,0,1,90,15,1,2021,16:30,1,974,97418,1,1,0,2,N2,-20.899474,55.523738,16,2,2
202100027022,153Â 413,A01,10,3,1,0,0,-1,-1,3,3,1,2021,43.0,1,2,0,1,3,9,1,,3,31,0,,2,2,0,4,10,810,3,, -1,1,3,1,50,26,7,2021,19:50,1,57,57521,1,9,0,6,Route de Sarreguemines,49.179847,6.918686,19,2,1
202100022141,162Â 061,B01,7,2,2,5,1,-1,-1,0,0,-1,2021,47.0,3,2,0,0,8,23,1,,3,21,0,,3,2,0,1,0,17,3,, -1,1,0,1,50,25,8,2021,19:50,1,77,77440,2,3,0,3,D603,48.948347,3.073066,19,5,2
202100021897,162Â 491,A01,1,1,1,9,1,-1,-1,-1, -1,-1,2021,23.0,2,2,0,2,1,2,1,,1,AUTOROUTE A 63,0,,3,4,0,1,6,219,1,, -1,1,0,1,90,30,8,2021,18:55,1,33,33122,1,1,0,4,AUTOROUTE A 63,44.753867,-0.689427,18,6,3
202100024498,157Â 873,A01,10,3,2,5,0,-1,-1,5,B,2,2021,35.0,1,2,15,1,2,25,1,,4,RUE DES MICOCOULIERS,0,,2,2,0,1,0,0,1,, -1,1,0,4,50,12,8,2021,21:45,5,83,83061,2,6,0,6,RUE DES MICOCOULIERS,43.42333,6.753049,21,5,1
202100013959,176Â 749,A01,1,1,2,1,1,-1,-1,0,0,-1,2021,62.0,0,2,6,0,1,0,1,,4,,-1,,2,1,0,1,(1),(1),3,,3,1,0,1,80,12,10,2021,13:45,1,66,66164,2,1,0,6,chemin de tuchan,42.782772,2.874706,13,1,1
202100044689,121Â 831,A01,10,3,1,5,0,-1,-1,2,3,2,2021,5.0,0,2,0,1,2,1,1,,4,STUART (BOULEVARD MARIE),0,,3,2,3,1,(1),(1),1,, -1,1,0,1,50,24,3,2021,18:30,1,45,45234,2,1,0,6,Boulevard Marie Stuart,47.91107,1.93128,18,2,1
202100008497,186Â 544,A01,10,3,2,2,8,8,-1,2,3,1,2021,25.0,2,1,0,1,1,2,1,,4,BOULEVARD SAINT MICHEL,0,,2,4,1,1,(1),(1),1,, -1,1,0,1,30,10,11,2021,08:08,1,75,75105,2,1,0,6,BOULEVARD SAINT MICHEL,48.842118,2.33797,8,2,1
202100027956,151Â 729,A01,1,1,2,5,2,0,-1,0,0,-1,2021,33.0,1,1,0,2,2,13,5,,4,BOULEVARD MALESHERBES,0,,2,4,0,1,(1),(1),1,, -1,1,0,1,50,20,7,2021,21:00,1,75,75117,2,2,0,3,BOULEVARD MALESHERBES,48.880857,2.312545,21,2,2
202100006660,189Â 881,C01,1,1,1,4,1,0,-1,0,0,-1,2021,37.0,3,2,1,2,5,0,1,,7,FAYOL (BOULEVARD),0,,2,2,0,2,3,500,1,, -1,1,0,4,50,23,11,2021,19:30,5,42,42095,1,1,0,5,Boulevard Fayol,45.38907,4.29523,19,4,3
202100039273,131Â 401,B01,1,1,1,1,0,-1,-1,-1, -1,-1,2021,38.0,2,1,0,2,1,1,0,,4,TOLSTOI    (Cours),0,,2,3,3,1,(1),(1),1,, -1,1,0,1,50,4,5,2021,20:05,1,69,69266,2,4,0,3,TOLSTOI (CR),45.76137,4.88333,20,2,2
202100008707,186Â 173,B01,1,1,2,5,1,0,-1,-1, -1,-1,2021,47.0,1,2,0,2,4,1,1,,3,PERTHUS (DU),0,,2,2,0,1,28,50,1,, -1,1,0,1,80,5,11,2021,14:48,1,66,66136,1,1,0,2,PERTHUS (DU),42.6526,2.881,14,2,2
202100014130,176Â 430,A01,1,1,1,0,2,6,-1,-1, -1,-1,2021,48.0,0,1,12,0,0,0,-1,,4,MARTYRS DE LA RESISTANCE (DES)      (AV),0,,2,2,0,2,(1),(1),2,, -1,1,0,1,50,9,10,2021,22:00,5,69,69259,2,1,0,6,MARTYRS DE LA RESISTANCE (DES) (R),45.69034,4.8669,22,1,1
202100009654,184Â 450,B01,1,1,2,1,0,-1,-1,0,0,-1,2021,39.0,3,1,0,0,7,11,5,,4,,-1,,2,2,0,1,(1),(1),1,,4,1,0,1,50,28,10,2021,17:15,1,31,31022,2,4,0,3,Avenue du Parc,43.674899657,1.4324254293,17,2,2
202100040690,128Â 894,B01,1,1,1,1,2,6,9,0,0,-1,2021,56.0,1,1,0,2,1,1,1,,2,5,0,,2,2,0,1,(1),(1),1,, -1,1,0,1,50,9,5,2021,14:00,1,971,97116,2,1,0,3,Rue du Cimetiere,16.329298,-61.461087,14,2,2
202100056197,101Â 442,B01,1,1,1,5,2,0,-1,-1, -1,-1,2021,28.0,1,1,0,2,1,1,1,,3,DIVISION LECLERC (53 A 217 - 58 A 186),0,,3,1,0,2,0,0,1,, -1,1,0,1,50,4,1,2021,20:00,5,92,92002,2,2,0,3,DIVISION LECLERC (53 A 217 - 58 A 186),48.746116,2.303527,20,2,2
202100000204,201Â 374,B01,1,1,2,3,2,-1,-1,0,0,-1,2021,62.0,2,0,0,2,7,1,3,,3,415,-1,,2,1,0,1,4,770,3,, -1,1,0,1,50,5,10,2021,14:20,1,88,88445,2,6,0,3,Giratoire RD415,48.237358,6.952071,14,2,2
202100026826,153Â 769,B01,1,1,1,5,2,8,-1,-1, -1,-1,2021,23.0,1,1,0,2,1,0,1,,4,STRASBOURG (BD DE) DU 2AU 66,0,,2,4,3,1,(1),(1),1,, -1,1,0,1,50,26,7,2021,18:50,1,31,31555,2,9,0,4,STRASBOURG (BD DE) DU 2AU 66,43.6066132308,1.4477866888,18,3,3
202100007675,188Â 031,A01,10,3,1,5,0,-1,-1,2,3,1,2021,78.0,3,4,0,1,0,15,0,,4,PLATEAU (RUE DU),0,,2,2,0,1,0,0,1,, -1,1,5,1,50,17,11,2021,10:45,1,93,93077,2,3,0,6,PLATEAU (RUE DU),48.87907,2.49707,10,2,1
202100037204,135Â 180,B01,1,1,1,1,2,6,-1,-1, -1,-1,2021,31.0,1,1,0,2,1,1,1,,4,ACACIAS (RUE DES) NÂ°18 A 58 ET 5 A 51,0,,2,2,0,1,(1),(1),3,, -1,1,0,1,50,31,5,2021,13:30,1,71,71153,2,2,0,3,ACACIAS (RUE DES) NÂ°18 A 58 ET 5 A 51,46.7926375287,4.4309653072,13,2,2
202100045732,120Â 007,A01,1,1,1,4,2,8,-1,-1, -1,-1,2021,21.0,1,1,0,0,0,16,3,,4,GARENNE (DE LA)                     (R ),0,,2,1,0,1,(1),(1),1,, -1,2,0,1,50,26,3,2021,19:35,5,69,69385,2,3,1,7,GARENNE (DE LA) (R),45.7499812114,4.7811833024,19,1,1
202100017664,170Â 049,A01,10,3,2,2,0,-1,-1,2,3,1,2021,14.0,2,2,0,1,3,0,6,,7,MARÃCHAL DE LATTRE (AVENUE),0,,2,-1,0,1,0,0,1,, -1,1,0,1,50,21,9,2021,07:45,1,13,13209,2,1,0,3,MARÃCHAL DE LATTRE (AVENUE),43.24591,5.42086,7,2,1
202100031355,145Â 697,A01,1,1,1,5,0,-1,-1,0,0,-1,2021,54.0,3,1,0,0,0,1,5,,9,CH,0,C,2,2,1,1,0,0,1,, -1,1,0,5,20,3,7,2021,11:30,1,55,55245,1,1,0,6,Lac de la Madine,48.9379838696,5.7247942686,11,1,1
202100003954,194Â 682,A01,10,3,1,5,0,-1,-1,2,3,1,2021,79.0,1,0,0,1,7,1,5,,4,MARNE (AVENUE DE LA),0,,2,2,0,1,0,0,1,, -1,1,0,5,30,26,7,2021,15:20,1,64,64122,2,1,0,6,MARNE (AVENUE DE LA),43.4842860323,-1.5554760396,15,3,2
202100031898,144Â 737,A01,1,1,1,9,2,6,-1,0,0,-1,2021,21.0,3,1,0,2,1,1,1,,4,AVENUE DE WAGRAM,0,,2,4,0,3,(1),(1),1,, -1,2,0,1,50,27,6,2021,03:42,5,75,75108,2,3,1,3,AVENUE DE WAGRAM,48.875442,2.296247,3,2,2
202100002657,197Â 034,B01,1,1,1,0,2,8,-1,-1, -1,-1,2021,30.0,1,1,15,0,4,23,1,,3,BREMENT (RUE DE),0,,1,1,0,1,1,0,1,, -1,1,0,1,50,15,12,2021,23:35,5,93,93064,2,1,0,4,BREMENT (RUE DE),48.8870290359,2.4680179183,23,3,3
202100051844,109Â 034,A01,10,3,2,3,0,-1,-1,1,1,1,2021,68.0,3,2,0,1,2,16,1,,6,,-1,,-1,-1,0,1,(1),(1),1,, -1,1,0,8,-1,11,2,2021,16:50,1,32,32459,2,1,0,6,Au Haut RÃ©gÃ©,43.868685,0.391946,16,2,1
202100026043,155Â 130,A01,1,1,1,0,8,-1,-1,0,0,-1,2021,33.0,1,2,0,0,1,1,1,,3,37,0, -,2,2,0,4,12,0,3,, -1,1,0,3,80,29,7,2021,23:30,3,63,63162,1,1,0,7,RD37,45.537242,3.60755,23,1,1
202100022128,162Â 078,A01,5,2,1,5,2,8,-1,-1, -1,-1,2021,6.0,2,1,0,0,6,1,6,,4,ETIENNE DOLET (RUE),0,,2,1,0,1,0,0,1,, -1,1,0,1,30,28,8,2021,10:55,1,92,92046,2,1,0,7,ETIENNE DOLET (RUE),48.8164805186,2.2973200679,10,2,1
202100020655,164Â 709,A01,1,1,1,1,8,-1,-1,0,0,-1,2021,42.0,3,1,0,2,1,1,5,,4,,-1,,2,2,0,1,(1),(1),2,,4,1,0,1,50,1,9,2021,17:50,1,33,33483,2,1,0,3,11 Route de Birac,44.895428,-0.362416,17,2,2
202100010108,183Â 639,A01,1,1,2,5,1,0,-1,-1, -1,-1,2021,30.0,3,2,0,0,9,1,1,,1,A51-Sens Aix en Provence vers Marseille,0,,-1,1,0,1,16,500,3,, -1,2,3,1,50,30,10,2021,11:25,1,13,13001,1,1,1,7,A51-Sens Aix en Provence vers Marseille,43.514017,5.42695,11,1,1
202100001163,199Â 696,A01,10,3,2,0,0,-1,-1,2,1,1,2021,56.0,2,2,0,1,2,0,1,,3,HUIT MAI 1945 (AVENUE DU),0,,2,2,0,2,0,0,1,, -1,2,0,1,50,26,12,2021,18:07,5,91,91477,2,1,1,6,HUIT MAI 1945 (AVENUE DU),48.70766,2.2406,18,2,1
202100036262,136Â 862,A01,2,2,2,5,1,0,-1,0,0,-1,2021,22.0,2,2,0,2,5,12,1,,4,PORTE DE LA CHAPELLE,0,,1,4,0,1,23,800,1,, -1,1,1,1,70,3,6,2021,22:40,5,75,75118,2,1,0,3,PORTE DE LA CHAPELLE,48.900802,2.369807,22,4,2
202100027240,153Â 027,B01,1,1,1,1,2,6,-1,-1, -1,-1,2021,29.0,2,1,0,2,1,1,1,,4,PORT RUE DU,0,,2,2,0,1,0,0,1,, -1,2,0,1,50,24,7,2021,19:54,1,92,92050,2,1,1,3,PORT RUE DU,48.8944289598,2.176293536,19,2,2
202100024649,157Â 597,A01,1,1,2,5,2,-1,-1,0,0,-1,2021,17.0,1,1,0,2,1,19,1,,4,,-1,,1,1,0,1,(1),(1),1,,3,1,0,1,30,3,8,2021,06:50,2,40,40304,2,2,0,3,Avenue du Touring Club,43.657227,-1.429081,6,3,2
202100040825,128Â 654,A01,1,1,1,0,1,-1,-1,0,0,-1,2021,34.0,0,2,2,0,1,1,1,,4,,-1,,2,2,0,1,(1),(1),2,, -1,1,0,3,70,8,5,2021,18:30,1,88,88447,1,1,0,7,Route des Graviers,47.956008,6.745343,18,1,1
202100050425,111Â 562,A01,1,1,1,0,1,0,-1,-1, -1,-1,2021,25.0,1,2,0,2,1,2,1,,1,AUTOROUTE A3,0,,3,8,0,1,9,199,1,, -1,1,0,1,110,24,2,2021,17:00,1,93,93010,1,1,0,4,AUTOROUTE A3,48.9165,2.47816,17,4,4
202100026518,154Â 299,B01,2,2,1,5,2,6,-1,-1, -1,-1,2021,25.0,2,1,0,2,1,1,1,,3,913,0,,2,4,2,1,0,0,1,, -1,1,5,1,50,29,7,2021,00:09,5,92,92050,2,3,0,3,CLEMENCEAU GEORGES AVENUE NÂ°IMPAIR,48.88573,2.21922,0,3,2
202100050297,111Â 799,C01,1,1,1,1,2,6,-1,-1, -1,-1,2021,56.0,2,1,0,2,1,1,1,,1,A4.W,0,,3,4,0,1,17,100,1,, -1,1,0,1,110,25,2,2021,08:30,1,77,77083,1,1,0,4,A4.W,48.8310075078,2.6062787316,8,5,5
202100026318,154Â 648,A01,10,3,2,0,0,-1,-1,-1,4,1,2021,78.0,3,2,1,0,1,16,1,,6,RESISTANCE (PLACE DE LA ),0,,2,0,0,1,1,0,3,, -1,1,0,8,50,30,7,2021,17:25,1,18,18279,2,1,1,1,RESISTANCE (PLACE DE LA ),47.22361,2.0722,17,2,1
202100040236,129Â 677,A01,10,3,1,5,0,-1,-1,4,3,2,2021,6.0,1,4,0,1,5,1,0,,3,"GENERAL LECLERC (BOULEVARD DU, NÂ° 1 A 27",0,,2,4,0,1,0,0,1,, -1,1,0,1,50,12,5,2021,15:10,1,92,92051,2,1,0,6,"GENERAL LECLERC (BOULEVARD DU, NÂ° 1 A 27",48.8901868021,2.2608044744,15,2,1
202100028151,151Â 384,B01,1,1,1,9,2,6,-1,-1, -1,-1,2021,44.0,3,1,0,2,1,1,1,,4,LECLERC (AVENUE DU GENERAL),0,,3,2,0,1,(1),(1),1,, -1,1,9,1,50,18,7,2021,20:15,1,11,11262,2,9,0,3,LECLERC (AVENUE DU GENERAL),43.17648,2.99399,20,2,2
202100036612,136Â 264,B01,1,1,1,0,8,0,-1,-1, -1,-1,2021,63.0,1,0,0,2,0,1,3,,4,COURS JOHN KENNEDY,0,,2,2,2,1,(1),0,1,, -1,2,0,1,30,3,6,2021,11:00,1,44,44109,2,1,0,3,COURS JOHN KENNEDY,47.21531,-1.54779,11,2,2
202100020049,165Â 789,B01,4,2,2,9,1,0,-1,-1, -1,-1,2021,9.0,2,2,0,0,4,2,1,,3,PALAIS ROYAL,0,,2,2,0,1,(1),(1),1,, -1,1,0,1,70,8,9,2021,11:00,1,971,97101,2,1,0,2,PALAIS ROYAL,16.28425,-61.49493,11,3,2
202100016837,171Â 524,B01,1,1,2,3,1,-1,-1,-1, -1,-1,2021,52.0,3,2,0,2,8,1,1,,4,EUROPE (BD DE L'),0,,3,4,0,1,0,0,1,, -1,1,0,1,50,11,9,2021,18:00,1,83,83126,2,1,0,3,EUROPE (BD DE L'),43.11207,5.85926,18,2,2
202100007054,189Â 147,A01,1,1,1,4,2,6,-1,-1, -1,-1,2021,27.0,2,1,0,2,1,2,1,,3,VICTOR HUGO (AV),0,,1,1,0,1,53,0,1,, -1,1,0,1,50,20,11,2021,18:25,5,94,94022,2,1,0,3,Avenue Victor Hugo,48.76742,2.41585,18,2,2
202100030368,147Â 480,B01,1,1,1,9,2,0,-1,-1, -1,-1,2021,39.0,0,1,0,0,0,1,5,,7,FOSSE ( QUAI DE LA ),0,,1,1,1,1,(1),(1),1,, -1,1,0,1,30,6,7,2021,15:05,1,44,44109,2,1,0,3,FOSSE ( QUAI DE LA ),47.21034,-1.56303,15,2,2
202100014368,176Â 029,A01,10,3,1,5,0,-1,-1,1,3,1,2021,15.0,1,2,0,1,1,1,0,,4,HEURTELOUP (BOULEVARD),0,,1,2,0,1,(1),(1),1,, -1,1,0,1,50,8,10,2021,20:45,5,37,37261,2,1,0,6,HEURTELOUP (BOULEVARD),47.3912044567,0.6968679537,20,2,1
202100002023,198Â 174,B01,1,1,1,0,0,-1,-1,-1, -1,-1,2021,72.0,0,1,0,2,3,26,5,,4,,0,,2,2,0,1,(1),(1),1,, -1,1,0,1,50,18,12,2021,15:12,1,45,45068,2,1,0,1,Rue Saint-Just,48.00777,2.72004,15,2,2
202100033144,142Â 513,A01,2,2,1,5,1,-1,-1,0,0,-1,2021,51.0,2,2,13,2,1,17,1,,1,13,0,,1,5,0,3,53,180,1,, -1,2,0,1,110,22,6,2021,13:20,1,78,78531,1,1,1,2,A13 Point kilomÃ©trique 054.00,48.998296,1.613574,13,4,2
202100032189,144Â 223,A01,10,3,2,5,0,-1,-1,2,3,1,2021,79.0,1,4,0,1,7,19,1,,3,589,0,,2,2,0,1,14,500,1,, -1,1,0,1,50,25,6,2021,10:45,1,43,43234,2,3,0,6,Cours du Docteur Gervais,44.959579,3.547632,10,2,1
202100050999,110Â 515,B01,1,1,1,9,5,1,-1,0,0,-1,2021,69.0,1,2,0,2,1,1,1,,3,,0,,2,2,0,1,33,957,1,, -1,1,0,1,80,20,2,2021,07:15,2,85,85178,1,1,0,1,D6,46.75821,-1.528087,7,2,2
202100024097,158Â 588,B01,2,2,2,0,2,6,-1,-1, -1,-1,2021,22.0,1,1,0,2,5,17,1,,1,A507 sens Marseille - Aubagne,0,,3,4,0,2,7,670,1,, -1,1,1,1,70,15,8,2021,18:55,1,13,13055,1,1,0,2,A507 sens Marseille - Aubagne,43.29673,5.4246,18,4,2
202100039788,130Â 464,B01,2,2,2,5,1,0,-1,-1, -1,-1,2021,39.0,2,5,3,2,8,12,1,,2,118,0,,1,3,0,2,10,199,2,, -1,2,0,1,110,15,5,2021,20:07,1,91,91471,1,1,1,3,RN 118,48.71212,2.18361,20,3,2
202100013238,178Â 078,A01,10,3,2,0,0,-1,-1,3,3,1,2021,18.0,1,2,0,1,1,17,2,,4,KENNEDY (BD JOHN-FITZGERALD),0,,3,4,0,1,(1),(1),1,, -1,1,0,1,50,14,10,2021,11:39,1,66,66136,2,1,0,6,KENNEDY (BD JOHN-FITZGERALD),42.68709,2.9061,11,2,1
202100028793,150Â 250,B01,1,1,1,4,8,0,-1,-1, -1,-1,2021,52.0,3,0,0,2,1,1,3,,4,,0,,2,3,1,1,(1),(1),1,, -1,2,2,1,50,15,7,2021,21:00,2,69,69387,2,2,1,3,GUILLOTIERE (DE LA)                 (PT),45.7561484528,4.840275988,21,2,2
202100029052,149Â 811,B01,1,1,1,5,2,7,-1,0,0,-1,2021,29.0,2,1,0,2,1,1,1,,7,559,-1,A,2,2,0,2,8,500,3,, -1,1,0,1,80,14,7,2021,15:15,1,13,13023,1,1,0,1,RD 559A le pas d'ouillier,43.233885,5.591011,15,3,2