Num_Acc,id_vehicule,num_veh,place,catu,sexe,trajet,secu1,secu2,secu3,locp,actp,etatp,year_acc,victim_age,senc,catv,obs,obsm,choc,manv,motor,occutc,catr,voie,v1,v2,circ,nbv,vosp,prof,pr,pr1,plan,lartpc,larrout,surf,infra,situ,vma,jour,mois,an,hrmn,lum,dep,com,agg_,int,atm,col,adr,lat,long,hour,nb_victim,nb_vehicules
202100041025,128Â 287,C01,1,1,1,5,2,-1,-1,0,0,-1,2021,86.0,1,1,0,2,8,0,0,,3,72,-1,,2,2,0,4,28,585,3,, -1,1,0,1,80,26,4,2021,14:30,1,57,57550,1,1,0,3,Rue de Saint-avold,49.1505981173,6.6671778701,14,2,2
202100055286,102Â 997,A01,10,3,2,0,0,-1,-1,3,3,1,2021,42.0,1,2,0,1,1,1,1,,7,BOURGTHEROULDE. RUE DE,0,,2,2,0,2,6,200,1,, -1,1,0,1,50,11,1,2021,10:50,1,76,76231,2,1,0,6,Rue Bourgtheroulde,49.28865,0.99598,10,2,1
202100026048,155Â 123,A01,1,1,1,0,1,-1,-1,0,0,-1,2021,71.0,2,2,2,0,3,13,1,,3,933,-1,,2,2,0,1,18,140,1,, -1,1,0,3,80,1,8,2021,19:40,1,47,47301,1,1,0,6,Tardy,44.530137,0.29125,19,1,1
202100032762,143Â 211,B01,1,1,1,2,2,6,-1,0,0,-1,2021,15.0,2,1,0,2,7,1,1,,3,613,-1,,2,2,0,1,9,500,1,, -1,1,0,1,90,23,6,2021,13:00,1,14,14303,1,1,0,3,D613,49.144601,0.302049,13,2,2
202100037140,135Â 306,A01,2,2,2,5,1,0,-1,-1, -1,-1,2021,88.0,2,2,3,0,1,1,1,,1,AUTOROUTE A10,0,,3,4,0,1,1,500,1,, -1,1,0,3,110,1,6,2021,19:45,1,91,91363,1,1,0,6,AUTOROUTE A10,48.659338,2.184365,19,2,1
202100033658,141Â 603,E01,1,1,2,3,1,8,-1,-1, -1,-1,2021,22.0,2,2,0,2,1,23,1,,3,MITRY [CD115] (ROUTE DE),0,,1,2,0,1,0,0,1,, -1,1,0,1,50,17,6,2021,15:09,1,93,93005,2,4,0,3,MITRY [CD115] (ROUTE DE),48.94372,2.50694,15,6,6
202100043960,123Â 101,A01,1,1,1,9,2,6,9,0,0,-1,2021,17.0,3,1,0,2,2,13,1,,4,,-1,,2,2,0,1,(1),(1),2,, -1,1,0,1,80,14,4,2021,13:00,1,49,49228,1,1,0,1,la cigogne,47.48064,0.159892,13,2,2
202100052251,108Â 307,A01,1,1,1,5,1,0,-1,-1,0,-1,2021,58.0,1,2,3,0,1,14,1,,1,AUTOROUTE A15,0,,3,12,0,3,7,400,1,, -1,2,0,1,110,6,2,2021,18:05,3,95,95018,1,1,1,6,AUTOROUTE A15,48.9607191984,2.2703658172,18,1,1
202100001329,199Â 384,A01,1,1,1,0,1,-1,-1,-1, -1,-1,2021,32.0,1,2,3,2,2,14,1,,1,1,0,A,1,3,0,2,55,600,1,,"13,5",2,0,1,130,28,12,2021,01:19,3,60,60541,1,9,1,3,Autoroute A1 - PK 55+600 sens PARIS/LILLE,49.294121,2.690685,1,2,2
202100009702,184Â 363,A01,1,1,1,1,1,-1,-1,-1, -1,-1,2021,28.0,1,5,0,2,5,11,1,,7,RD383   7.640 A 11.044,0,,2,5,0,2,9,840,1,, -1,2,0,1,70,3,11,2021,06:40,5,69,69029,1,1,1,5,RD383   7.640 A 11.044,45.73196,4.89957,6,4,3
202100009917,183Â 964,A01,1,1,1,9,2,6,-1,0,0,-1,2021,29.0,1,1,4,0,1,1,1,,4,AVENUE DU GENERAL LECLERC,0,,2,2,1,1,(1),(1),1,, -1,1,8,1,50,1,11,2021,06:04,3,75,75114,2,3,0,6,AVENUE DU GENERAL LECLERC,48.831211,2.329784,6,1,1
202100040773,128Â 731,B01,1,1,1,9,8,0,-1,0,0,-1,2021,48.0,1,1,0,2,1,1,5,,4,BOULEVARD DE SEBASTOPOL,0,,1,4,1,1,(1),(1),1,, -1,1,0,5,50,8,5,2021,18:15,1,75,75101,2,3,0,3,BOULEVARD DE SEBASTOPOL,48.862935,2.350715,18,3,2
202100020836,164Â 398,A01,1,1,1,0,2,-1,-1,-1, -1,-1,2021,53.0,0,1,0,2,1,1,1,,4,JAURES. RUE JEAN,0,,2,2,0,1,0,0,1,, -1,1,0,1,50,4,9,2021,16:05,1,76,76231,2,3,0,3,JAURES. RUE JEAN,49.290653,1.009748,16,2,2
202100001698,198Â 753,B01,1,1,1,0,2,8,-1,0,0,-1,2021,44.0,1,1,0,2,1,3,1,,3,ROUTE DU STILETTO,0,,2,2,0,2,0,0,1,, -1,1,0,1,50,21,12,2021,12:20,1,201,201004,2,1,0,3,ROUTE DU STILETTO,41.94619,8.76346,12,2,2
202100038675,132Â 505,A01,1,1,1,5,2,6,-1,0,0,-1,2021,43.0,1,1,13,0,1,1,1,,3,38,-1,,2,2,0,1,3,250,2,, -1,1,0,3,80,23,5,2021,14:50,1,71,71336,1,1,0,7,Route de l'Abergement,46.731257,4.981956,14,1,1
202100056462,100Â 979,A01,7,2,1,5,0,-1,-1,0,0,-1,2021,38.0,1,2,8,0,1,1,1,,3,62,-1,,2,2,0,1,31,875,2,, -1,2,0,3,70,3,1,2021,02:30,3,31,31107,2,1,0,6,Route de Longages,43.310116,1.224632,2,3,1
202100048941,114Â 268,A01,1,1,2,1,1,-1,-1,-1, -1,-1,2021,21.0,2,2,2,2,1,2,1,,4,FREBARDIERE (RUE DE LA),0,,2,2,0,2,(1),(1),3,, -1,1,0,1,50,5,3,2021,16:00,1,35,35051,2,1,0,3,FREBARDIERE (RUE DE LA),48.1033839108,-1.6319991263,16,2,2
202100055350,102Â 900,A01,10,3,2,1,0,-1,-1,3,3,1,2021,26.0,2,1,0,1,1,17,1,,4,RUE DE ROME,0,,2,2,0,1,(1),(1),1,, -1,2,0,1,30,12,1,2021,08:30,2,75,75117,2,2,1,6,RUE DE ROME,48.8840260144,2.3185175657,8,2,1
202100008562,186Â 431,B01,1,1,1,2,6,2,-1,0,0,-1,2021,15.0,1,1,3,2,8,19,1,,3,532,-1,,2,2,0,1,21,87,1,, -1,1,5,1,70,13,10,2021,06:55,5,26,26088,1,3,0,3,Route Louis Pasteur,45.035647,5.086284,6,2,2
202100053367,106Â 328,A01,10,3,2,3,0,-1,-1,2,3,1,2021,84.0,3,2,0,1,4,20,1,,4,0,0,,2,2,0,2,0,0,1,, -1,1,0,1,50,28,1,2021,10:55,1,83,83072,2,1,0,6,1 Avenue de Toulon,43.492934,6.358113,10,2,1
202100027724,152Â 158,A01,2,2,2,5,1,0,-1,-1, -1,-1,2021,17.0,3,2,1,0,0,0,1,,4,PETITPREZ ELIE RUE,0,,2,1,0,1,(1),(1),1,, -1,1,0,1,30,21,7,2021,17:30,1,59,59350,2,1,0,6,PETITPREZ ELIE RUE,50.64457,2.99096,17,2,1
202100029900,148Â 355,A01,1,1,1,0,8,-1,-1,0,0,-1,2021,29.0,1,5,0,0,1,2,1,,1,A10,-1,,3,4,0,1,72,200,1,, -1,1,0,2,-1,29,6,2021,14:30,1,28,28367,1,1,0,2,"A10 sens PARIS-Province, PK 072+200, commune de DAMBRON",48.143862,1.855499,14,3,2
202100019609,166Â 585,A01,10,3,2,1,0,-1,-1,4,3,1,2021,25.0,1,2,0,1,3,1,1,,7,LENINE. BOULEVARD,0,,3,5,0,1,7,800,1,, -1,1,-1,1,70,10,9,2021,06:45,5,76,76575,1,2,0,6,LENINE. BOULEVARD,49.3812558274,1.1099462025,6,2,1
202100022715,160Â 996,B01,4,2,1,5,1,0,-1,-1, -1,-1,2021,15.0,1,2,0,2,4,1,1,,2,RN136,0,,3,8,0,1,9,76,1,, -1,1,3,1,90,24,8,2021,17:30,1,35,35238,1,1,0,2,RN136,48.08079,-1.67488,17,3,2
202100038116,133Â 533,A01,1,1,2,0,2,6,-1,0,0,-1,2021,54.0,2,1,0,2,1,1,1,,3,117,-1,,2,2,0,3,47,800,2,, -1,1,5,1,70,26,5,2021,14:00,1,9,9269,1,3,0,3,Col Del Bouich,42.993293,1.547726,14,2,2
202100027506,152Â 559,A01,1,1,1,5,8,0,-1,-1, -1,-1,2021,58.0,2,1,0,0,7,1,5,,4,LE BAIL (RUE JEAN),0,,2,2,0,1,0,0,1,, -1,1,0,1,50,21,7,2021,19:53,1,87,87085,2,1,0,7,LE BAIL (RUE JEAN),45.8386241525,1.2278613902,19,1,1
202100030582,147Â 091,A01,10,3,2,0,0,-1,-1,3,3,2,2021,36.0,1,1,0,1,1,21,0,,4,Corniche John FitzgÃ©rald Kennedy,0,,2,2,0,1,0,0,1,, -1,1,0,1,50,5,7,2021,22:40,5,13,13207,2,1,0,3,Corniche John FitzgÃ©rald Kennedy,43.28105,5.3516,22,2,1
202100039908,130Â 255,A01,1,1,1,5,2,0,-1,-1, -1,-1,2021,16.0,2,1,0,2,1,1,1,,4,JULES GUESDE                        (AV),0,,2,2,0,1,(1),(1),1,, -1,1,0,1,50,14,5,2021,14:30,1,69,69259,2,1,0,2,JULES GUESDE (AV),45.71447,4.88818,14,2,2
202100015485,174Â 025,A01,10,3,2,9,0,-1,-1,3,3,1,2021,18.0,1,2,0,1,3,17,1,,3,CHANZY (BOULEVARD),0,,1,2,0,1,(1),(1),1,, -1,1,0,8,50,1,10,2021,16:40,1,971,97120,2,2,0,6,CHANZY (BOULEVARD),16.24111,-61.53558,16,2,1
202100034942,139Â 248,B01,1,1,1,5,8,0,-1,-1, -1,-1,2021,49.0,1,1,0,2,1,1,5,,3,D74,0,,2,2,0,1,6,699,1,, -1,1,0,1,80,11,6,2021,08:25,1,87,87075,1,1,0,1,D74,45.79526,1.20172,8,2,2
202100010122,183Â 612,B01,1,1,2,5,1,-1,-1,-1,0,-1,2021,40.0,1,2,0,2,4,2,1,,1,AUTOROUTE A15,0,,1,0,0,1,8,500,1,, -1,2,0,1,90,30,10,2021,04:30,3,95,95582,1,1,1,4,A15,48.9661269472,2.2572009594,4,4,4
202100033904,141Â 158,A01,10,3,2,9,0,-1,-1,3,3,1,2021,29.0,2,2,0,1,3,15,1,,4,PICASSO PABLO AVENUE,0,,2,2,0,2,0,0,1,, -1,1,0,1,50,17,6,2021,13:45,1,92,92050,2,3,0,6,PICASSO PABLO AVENUE,48.8886045074,2.2229343653,13,2,1
202100039139,131Â 664,A01,1,1,1,4,2,6,-1,0,0,-1,2021,28.0,1,1,0,2,1,2,1,,4,BOULEVARD RASPAIL,0,,2,4,0,1,(1),(1),1,, -1,1,0,1,50,19,5,2021,19:50,1,75,75106,2,1,0,2,BOULEVARD RASPAIL,48.850338,2.327074,19,2,2
202100034093,140Â 823,A01,1,1,1,5,2,0,-1,0,0,-1,2021,64.0,1,1,0,2,8,1,5,,4,RUE DE LONGCHAMP,0,,2,2,0,1,(1),(1),1,, -1,1,0,1,50,16,6,2021,12:20,1,75,75116,2,1,0,3,RUE DE LONGCHAMP,48.868024,2.275858,12,2,2
202100055589,102Â 494,B01,2,2,2,3,1,-1,-1,0,0,-1,2021,54.0,2,2,0,2,2,1,1,,3,D 817,0,D,2,2,0,1,83,1040,1,, -1,1,0,1,70,12,1,2021,09:30,1,31,31585,1,1,0,1,D817,43.11874,0.659266,9,3,2
202100024610,157Â 667,A01,10,3,1,0,0,-1,-1,2,9,1,2021,45.0,1,2,0,1,4,20,1,,4,,0,,2,2,2,1,(1),(1),1,, -1,1,0,1,50,11,8,2021,09:10,1,33,33063,2,1,0,6,TOULOUSE (RTE DE) (1-51) IMPAIRS,44.81296,-0.57348,9,2,1
202100032244,144Â 128,B01,1,1,2,5,1,-1,-1,-1, -1,-1,2021,20.0,1,2,0,2,2,1,1,,4,GENERAL LECLERC                     (AV),0,,2,4,2,1,(1),(1),1,, -1,1,0,1,50,22,6,2021,19:45,1,69,69286,2,1,0,2,GENERAL LECLERC (AV),45.81422,4.89903,19,3,2
202100004562,193Â 621,B01,1,1,2,4,8,0,-1,-1, -1,-1,2021,26.0,3,1,1,2,8,1,5,,3,989,0,,1,3,1,1,0,0,1,, -1,2,0,8,30,5,12,2021,13:00,1,92,92040,2,3,1,3,ERNEST RENAN,48.8289404366,2.2825692594,13,2,2
202100013460,177Â 680,B01,7,2,2,5,1,-1,-1,0,0,-1,2021,29.0,1,2,0,0,4,2,1,,1,42,0,,1,2,0,1,50,103,1,, -1,1,0,1,90,14,10,2021,14:30,1,1,1304,1,1,0,2,autoroute A42,46.047256,5.325612,14,4,2
202100029262,149Â 456,A01,10,3,1,0,0,-1,-1,5,3,2,2021,4.0,3,2,0,1,3,24,1,,4,mamoudzou centre-Haladi Selemani ( rue ),0,,2,2,0,1,1,0,1,, -1,1,0,1,50,12,7,2021,12:18,1,976,97611,2,1,0,6,mamoudzou centre-Haladi Selemani ( rue ),-12.78103,45.23057,12,2,1
202100000385,201Â 016,B01,1,1,1,0,2,0,-1,-1, -1,-1,2021,74.0,1,0,0,2,2,9,3,,3,LYCEE (BOULEVARD DU)(BROGNY A PARMELAN),0,,2,2,0,1,0,0,1,, -1,1,5,1,30,11,10,2021,14:25,1,74,74010,2,2,0,3,LYCEE (BOULEVARD DU)(BROGNY A PARMELAN),45.9058728408,6.129107058,14,2,2
202100036326,136Â 759,A01,1,1,1,5,2,-1,-1,0,0,-1,2021,45.0,2,1,0,2,1,14,1,,1,,-1,,2,2,-1,1,(1),(1),3,, -1,1,0,1,-1,6,6,2021,18:15,1,14,14203,1,4,0,3,D400,49.230546,-0.086351,18,5,2
202100036886,135Â 766,A01,1,1,1,5,2,6,-1,0,0,-1,2021,24.0,1,1,2,0,7,1,1,,3,29,0,,2,2,0,1,10,500,3,, -1,1,0,3,90,2,6,2021,18:15,1,12,12157,1,1,0,6,D29,44.341767,2.740595,18,1,1
202100023182,160Â 180,A01,1,1,2,5,1,-1,-1,0,0,-1,2021,26.0,2,2,13,0,1,1,1,,3,49,0,,2,2,0,2,28,0,1,, -1,1,0,3,80,22,8,2021,00:45,3,83,83015,1,1,0,7,Rd49 PK28,43.705065812,6.1999976669,0,3,1
202100005932,191Â 189,B01,1,1,1,4,2,0,-1,0,0,-1,2021,20.0,1,1,0,2,8,1,1,,7,METZ (RUE DE),0,,2,2,2,1,(1),(1),1,, -1,2,0,1,50,26,11,2021,19:00,5,54,54395,2,2,1,1,METZ (RUE DE),48.70027,6.17236,19,2,2
202100041783,126Â 925,B01,1,1,2,5,2,8,-1,-1, -1,-1,2021,58.0,1,1,0,2,1,1,1,,3,AV DU MAL FOCH,0,,2,2,0,1,32,299,1,, -1,1,0,1,50,1,5,2021,17:30,1,77,77390,1,6,0,1,AV DU MAL FOCH,48.79018,2.68812,17,2,2
202100014497,175Â 798,B01,1,1,1,5,0,-1,-1,0,0,-1,2021,58.0,1,4,0,2,8,15,1,,3,131,-1,,2,2,0,1,19,425,1,, -1,1,0,1,80,9,10,2021,10:25,1,53,53007,1,3,0,2,Lieu-dit la carie,48.090941,-0.666287,10,3,2
202100036364,136Â 699,A01,10,3,2,2,0,-1,-1,2,3,3,2021,18.0,2,5,0,1,1,1,1,,4,MACE (ROUTE GABRIEL),0,,2,2,0,2,0,0,1,, -1,1,0,1,50,4,6,2021,17:46,2,974,97411,2,1,0,1,MACE (ROUTE GABRIEL),-20.91409,55.49609,17,5,1
202100053577,105Â 952,A01,10,3,2,9,0,-1,-1,2,3,1,2021,12.0,3,2,0,1,3,1,1,,4,VERDUN (AVENUE DE),0,,4,3,0,1,0,1,1,, -1,1,0,1,50,26,1,2021,08:45,1,74,74012,2,9,0,6,VERDUN (AVENUE DE),46.18579,6.24254,8,2,1
202100015296,174Â 371,A01,1,1,1,5,2,6,-1,-1, -1,-1,2021,23.0,1,1,0,2,7,12,1,,1,A55-Sens Marseille vers Martigues,0,,1,4,0,1,6,500,1,, -1,1,0,1,70,26,9,2021,19:25,3,13,13216,1,1,0,3,A55-Sens Marseille vers Martigues,43.35631,5.3468,19,2,2
202100007096,189Â 081,A01,10,3,1,5,0,-1,-1,3,3,1,2021,75.0,1,2,0,1,1,1,1,,3,RD8,0,,2,2,0,1,5,(1),1,, -1,1,0,8,50,20,11,2021,08:50,1,57,57474,2,6,0,6,rue des ponts,49.25934,6.158797,8,2,1
202100026165,154Â 928,B01,1,1,1,5,8,0,-1,-1, -1,-1,2021,40.0,3,2,0,2,9,1,1,,4,JEAN JAURES (AVENUE),0,,2,2,0,1,0,0,1,, -1,1,0,1,50,31,7,2021,18:00,1,93,93005,2,2,0,3,Avenue Jean JaurÃ¨s / Avenue des Friches,48.921696,2.504071,18,2,2
202100029021,149Â 857,A01,1,1,1,4,1,-1,-1,0,0,-1,2021,37.0,1,4,0,2,3,21,1,,2,80,-1,,3,4,0,3,38,150,1,, -1,2,0,1,110,15,7,2021,11:10,1,71,71187,1,1,1,2,RN 80 PR 38+200,46.748823,4.508064,11,2,2
202100042429,125Â 779,A01,1,1,1,0,1,0,-1,-1, -1,-1,2021,59.0,2,2,3,0,1,1,1,,3,RD 41 (ROCADE),0,,3,4,0,1,1,299,1,, -1,1,2,1,60,25,4,2021,10:25,1,972,97209,2,1,0,6,RD 41 (ROCADE),14.61661,-61.06031,10,1,1
202100046957,117Â 842,A01,1,1,1,1,2,6,-1,-1, -1,-1,2021,27.0,2,1,0,2,1,17,1,,3,AV LOUIS ARAGON,0,,3,2,0,1,1,0,1,, -1,1,0,1,50,23,3,2021,17:25,1,94,94076,2,9,0,3,Avenue Louis Aragon,48.787908,2.373496,17,3,2
202100044857,121Â 537,A01,1,1,1,5,2,-1,-1,0,0,-1,2021,34.0,3,1,0,0,1,1,1,,4,,-1,,2,2,0,1,(1),(1),1,, -1,1,0,1,50,27,3,2021,15:11,1,31,31511,1,1,0,7,chemin Madame,43.64302,1.643899,15,2,1
202100001529,199Â 068,B01,1,1,1,5,1,-1,-1,0,0,-1,2021,54.0,2,2,0,2,3,1,1,,3,971,-1,D,2,2,0,2,5,800,2,, -1,2,0,1,80,26,12,2021,10:05,1,29,29240,1,1,0,1,D791 - Lieu Dit Kergo Vraz,48.282629,-4.248308,10,4,2
202100037534,134Â 576,B01,1,1,1,5,2,-1,-1,0,0,-1,2021,61.0,3,1,0,2,7,15,1,,3,84,0,,2,2,0,1,3,200,1,, -1,1,0,1,80,31,5,2021,18:20,1,80,80499,1,2,0,3,route dÃ©partementale 84,49.746918,2.473919,18,2,2
202100034636,139Â 806,B01,1,1,1,5,2,-1,-1,0,0,-1,2021,77.0,1,1,0,0,4,2,5,,3,52,-1,,2,2,0,1,9,400,1,, -1,1,0,1,80,13,6,2021,06:40,2,26,26140,1,1,0,2,145 Chemin de la Croix,45.117374,5.101491,6,2,2
202100042421,125Â 797,A01,2,2,1,0,1,0,-1,-1, -1,-1,2021,20.0,2,2,3,2,2,1,1,,1,A4,0,,1,3,0,1,6,400,1,, -1,1,0,8,90,27,4,2021,19:05,1,94,94042,1,1,0,6,A4,48.82734,2.46857,19,2,1
202100017862,169Â 693,B01,1,1,1,2,2,6,-1,0,0,-1,2021,17.0,3,1,0,2,1,1,1,,4,JUIN (BOULEVARD MARECHAL),0,,3,2,0,1,1,0,1,, -1,1,0,1,50,20,9,2021,13:30,1,14,14118,2,1,0,3,JUIN (BOULEVARD MARECHAL),49.2104,-0.3676,13,2,2
202100026886,153Â 658,A01,1,1,2,5,2,6,-1,0,0,-1,2021,38.0,2,1,10,0,1,1,1,,3,921,-1,,2,2,0,1,11,750,2,, -1,1,0,3,80,28,7,2021,11:50,1,65,65145,1,1,0,6,Rd921 PK 11-750,42.916387,-0.038248,11,1,1
202100016135,172Â 799,A01,10,3,2,2,8,8,-1,4,5,1,2021,11.0,1,2,0,1,3,1,1,,4,SERGENT BERNES CAMBOT DU,0,,2,3,1,1,0,0,1,, -1,1,0,1,30,27,9,2021,07:55,1,64,64445,2,2,0,6,SERGENT BERNES CAMBOT DU,43.30494,-0.37052,7,2,1
202100053618,105Â 880,A01,10,3,2,3,0,-1,-1,2,3,2,2021,12.0,2,2,0,1,1,1,1,,4,LYON (RUE DE),0,,2,2,0,1,(1),(1),1,, -1,1,9,1,50,26,1,2021,11:00,1,13,13215,2,1,0,6,LYON (RUE DE),43.33014,5.36509,11,2,1
202100036029,137Â 286,B01,1,1,1,0,0,-1,-1,0,0,-1,2021,62.0,2,1,0,2,8,1,5,,3,6,0,,2,2,0,1,2,701,1,, -1,1,0,5,50,7,6,2021,18:45,1,64,64422,2,1,0,6,Rue LÃ©on Jouhaux,43.198966,-0.612069,18,3,2
202100017069,171Â 116,B01,1,1,1,1,2,0,-1,0,0,-1,2021,29.0,2,1,0,2,1,1,5,,4,RUE DE DUNKERQUE,0,,2,2,1,1,(1),(1),1,, -1,1,0,5,30,23,9,2021,06:45,2,75,75109,2,1,0,3,RUE DE DUNKERQUE,48.881722,2.347613,6,2,2
202100049436,113Â 396,A01,1,1,2,0,1,-1,-1,0,0,-1,2021,36.0,1,2,0,2,8,15,1,,3,50,-1,A,2,2,0,1,13,250,1,, -1,1,0,1,80,2,3,2021,12:00,1,59,59323,1,9,0,3,D50a,50.3238142523,3.6323547363,12,2,2
202100033242,142Â 349,A01,1,1,1,1,2,6,-1,0,0,-1,2021,33.0,3,1,0,2,8,23,1,,3,,0,,2,1,0,1,9,888,1,,"3,5",1,0,1,80,18,6,2021,08:50,1,78,78192,1,2,0,3,Rue des Brossets,48.931797,1.621706,8,2,2
202100035304,138Â 600,A01,1,1,2,1,2,0,-1,0,0,-1,2021,32.0,1,1,0,2,7,1,5,,4,RUE DE MEAUX,0,,1,2,0,1,(1),(1),1,, -1,1,0,1,50,10,6,2021,09:14,1,75,75119,2,2,0,3,RUE DE MEAUX,48.881259,2.373251,9,2,2
202100005901,191Â 240,A01,1,1,1,1,2,-1,-1,-1, -1,-1,2021,16.0,1,1,0,2,1,5,1,,3,TOURNAN (ROUTE DE ),0,,2,2,0,1,28,636,1,, -1,1,0,1,50,26,11,2021,09:00,1,77,77243,2,1,0,1,D10,48.86435,2.71885,9,3,2
202100003209,196Â 035,A01,10,3,1,2,0,-1,-1,1,3,1,2021,16.0,1,5,0,1,2,1,1,,3,306,0,D,2,2,0,2,29,0,1,, -1,2,0,1,50,15,12,2021,07:30,3,69,69009,2,9,1,6,VILLEFRANCHE (DE) (RTE),45.945307,4.714412,7,2,1
202100035584,138Â 111,A01,10,3,2,5,0,-1,-1,6,9,3,2021,30.0,3,2,0,1,0,1,1,,4,,0,,2,2,0,2,(1),(1),4,,4,1,0,3,50,6,6,2021,17:40,1,1,1378,2,6,0,6,Chemin du Zonchet,45.808689,5.181604,17,2,1
202100056324,101Â 219,A01,1,1,1,1,2,2,-1,0,0,-1,2021,42.0,1,1,0,2,1,1,1,,4,693,0,,2,2,0,2,0,0,1,, -1,1,0,1,50,3,1,2021,11:28,1,988,98818,2,3,0,2,RUE ARNOLD DALY/RUE MILLOT,-22.2743,166.47698,11,2,2
202100019588,166Â 618,A01,1,1,1,5,2,6,-1,0,0,-1,2021,15.0,1,1,0,0,6,15,1,,4,,0,,2,2,0,1,(1),(1),1,,6,1,0,1,50,12,9,2021,15:51,1,70,70026,2,3,0,4,Rue des Giranaux,47.458668,5.601772,15,3,3
202100036747,136Â 020,A01,10,3,2,0,0,-1,-1,9,3,1,2021,71.0,3,2,0,1,0,26,1,,3,GRANDE (RUE),0,,-1,2,0,1,0,0,1,, -1,1,0,1,50,15,5,2021,11:08,1,52,52534,2,1,1,2,GRANDE (RUE),48.6666,4.8998,11,2,1
202100016513,172Â 109,A01,2,2,1,5,2,0,-1,-1, -1,-1,2021,15.0,1,1,0,2,3,15,1,,4,FÃLIX FREGIER (RUE),0,,2,2,0,1,0,0,1,, -1,1,5,1,50,25,9,2021,15:30,1,13,13207,2,2,0,3,FÃLIX FREGIER (RUE),43.28778,5.35367,15,4,2
202100029210,149Â 543,A01,1,1,1,1,2,6,-1,0,0,-1,2021,27.0,2,1,0,2,8,2,1,,3,2,0,,2,2,0,1,44,500,1,, -1,1,0,1,80,13,7,2021,20:15,1,1,1334,1,1,0,3,D2,46.2167821576,4.9272682518,20,2,2
202100032389,143Â 876,A01,1,1,1,5,2,-1,-1,0,0,-1,2021,32.0,0,1,0,0,0,1,1,,9,,-1,,2,2,0,1,(1),(1),2,,5,2,0,1,50,25,6,2021,22:30,5,2,2173,2,1,1,7,Rue des Grands Navoirs,49.606721,3.226325,22,1,1
202100010628,182Â 737,B01,2,2,2,0,1,-1,-1,0,0,-1,2021,22.0,1,2,0,2,1,1,1,,3,923,0,,2,3,0,1,31,500,2,, -1,1,0,1,90,28,10,2021,12:44,1,28,28071,1,1,1,1,D923,48.407967,1.096659,12,4,2
202100037165,135Â 254,B01,2,2,2,4,1,8,-1,-1, -1,-1,2021,31.0,2,2,0,2,4,1,1,,4,kaweni-Magimbini ( rue ),0,,2,0,0,2,0,0,2,, -1,1,0,1,50,31,5,2021,13:50,1,976,97611,2,1,0,2,kaweni-Magimbini ( rue ),-12.7769,45.22592,13,3,2
202100045611,120Â 204,B01,1,1,2,9,8,7,-1,-1, -1,-1,2021,29.0,3,2,0,2,3,1,1,,4,BELVAL CHEMIN DE,0,,2,2,0,1,1000,0,1,, -1,1,0,1,80,1,4,2021,17:45,1,13,13063,1,1,0,1,BELVAL CHEMIN DE,43.5833,5.0,17,2,2
202100016133,172Â 803,A01,1,1,1,1,0,-1,-1,-1, -1,-1,2021,32.0,2,1,0,2,1,17,3,,4,NOBEL (QUAI ALFRED),0,,1,2,1,1,0,0,1,, -1,1,0,1,50,24,9,2021,18:11,1,66,66136,2,1,0,3,NOBEL (QUAI ALFRED),42.69698,2.88727,18,2,2
202100034930,139Â 271,A01,1,1,1,0,2,8,-1,-1, -1,-1,2021,27.0,1,1,0,9,1,13,1,,3,DEPARTEMENTALE 28,0,,3,2,0,2,4,500,4,, -1,1,0,1,50,10,6,2021,12:45,1,972,97213,1,1,0,7,DEPARTEMENTALE 28,14.63253,-60.96285,12,2,2
202100004038,194Â 523,B01,1,1,1,1,2,6,-1,-1, -1,-1,2021,50.0,1,1,0,2,1,0,1,,3,SEMARD (AVE PIERRE),0,,4,3,0,2,1,700,1,, -1,2,9,1,50,7,12,2021,16:55,5,51,51108,2,4,0,1,Avenue Pierre Semard,48.94573,4.34149,16,2,2
202100014686,175Â 461,A01,1,1,1,2,2,-1,-1,0,0,-1,2021,17.0,2,1,0,2,2,13,1,,3,996,-1,,2,2,0,1,(1),(1),1,, -1,1,0,1,50,6,10,2021,16:50,1,63,63178,2,1,0,3,913 Route de Perrier,45.543509,3.226724,16,2,2
202100043500,123Â 907,A01,1,1,1,5,2,-1,-1,0,0,-1,2021,45.0,3,1,0,0,0,14,1,,4,vc,0,,2,2,0,1,(1),(1),3,, -1,9,0,1,50,18,4,2021,17:15,1,49,49359,1,1,0,7,Rue des Vignes,47.216639,-0.187052,17,1,1
202100012994,178Â 517,B01,1,1,2,1,0,-1,-1,0,0,-1,2021,23.0,3,1,0,2,1,23,5,,4,,-1,,2,2,0,1,(1),(1),1,,5,1,0,3,80,15,10,2021,09:05,1,14,14758,1,1,1,1,rue de cambes,49.240098,-0.40084,9,2,2
202100054854,103Â 752,A01,2,2,1,0,1,0,-1,-1, -1,-1,2021,19.0,3,2,0,0,9,1,1,,4,DUCHESNES 1,0,,2,1,0,1,(1),(1),1,, -1,1,0,1,50,15,1,2021,12:00,1,972,97213,1,1,0,6,DUCHESNES 1,14.65664,-60.97233,12,2,1