Num_Acc,id_vehicule,num_veh,place,catu,sexe,trajet,secu1,secu2,secu3,locp,actp,etatp,year_acc,victim_age,senc,catv,obs,obsm,choc,manv,motor,occutc,catr,voie,v1,v2,circ,nbv,vosp,prof,pr,pr1,plan,lartpc,larrout,surf,infra,situ,vma,jour,mois,an,hrmn,lum,dep,com,agg_,int,atm,col,adr,lat,long,hour,nb_victim,nb_vehicules
202100002154,197Â 936,A01,10,3,1,5,0,-1,-1,3,3,2,2021,7.0,1,2,0,1,3,1,1,,4,AVENUE DU PRESIDENT WILSON,0,,1,3,3,3,(1),(1),1,, -1,2,0,1,50,18,12,2021,17:10,2,75,75116,2,3,0,6,AVENUE DU PRESIDENT WILSON,48.864953,2.29589,17,2,1
202100000140,201Â 497,B01,1,1,1,1,2,6,-1,-1, -1,-1,2021,43.0,2,1,0,2,1,1,1,,3,POMPIDOU (AVENUE GEORGES),0,,2,2,0,1,0,0,1,, -1,1,0,1,50,18,11,2021,09:15,1,19,19031,2,1,0,3,POMPIDOU (AVENUE GEORGES),45.15785,1.55356,9,2,2
202100050266,111Â 872,B01,1,1,1,9,2,6,-1,0,0,-1,2021,38.0,1,1,0,2,1,1,1,,3,26,0,D,2,2,0,4,1,655,1,, -1,1,0,1,80,25,2,2021,17:45,1,40,40209,1,3,0,1,rue du 8 mai 1945,43.555033,-1.430916,17,2,2
202100048924,114Â 305,A01,1,1,2,0,8,8,-1,-1, -1,-1,2021,37.0,1,1,0,2,7,1,5,,4,GARIBALDI                           (R ),0,,1,3,0,1,(1),(1),1,, -1,1,0,1,50,6,3,2021,15:30,1,69,69386,2,2,0,3,GARIBALDI (R),45.76931,4.85039,15,2,2
202100003786,194Â 994,D01,2,2,2,5,1,-1,-1,0,0,-1,2021,40.0,1,2,14,0,1,1,1,,1,9,-1,,3,5,0,1,132,0,2,, -1,2,0,1,130,10,12,2021,06:15,3,34,34157,1,1,1,4,A9 PK 132,43.448588,3.580577,6,8,5
202100022155,162Â 040,A01,1,1,1,0,1,-1,-1,0,0,-1,2021,45.0,0,2,2,0,1,14,1,,9,,-1,,2,2,0,2,(1),(1),3,,4,1,0,3,80,28,8,2021,19:30,1,44,44072,1,1,0,6,Rue de la Claie,47.458316,-2.293954,19,1,1
202100023588,159Â 474,A01,1,1,1,5,2,8,-1,-1, -1,-1,2021,65.0,3,0,0,0,7,15,5,,7,SAINTE CROIX ROUTE DE,0,,2,2,0,2,11,850,2,, -1,2,0,1,70,13,8,2021,11:25,1,42,42053,1,1,0,7,Route de Sainte Croix,45.49763,4.62995,11,1,1
202100005644,191Â 700,B01,1,1,2,2,0,0,-1,0,0,-1,2021,14.0,2,0,0,2,1,1,3,,4,RUE COYPEL,0,,1,1,0,1,(1),(1),1,, -1,1,6,1,30,29,11,2021,08:15,1,75,75113,2,3,0,3,RUE COYPEL,48.833186,2.354376,8,2,2
202100036302,136Â 798,A01,2,2,2,0,1,-1,-1,0,0,-1,2021,30.0,2,2,0,2,1,5,1,,3,6580,-1,,2,2,2,1,23,700,1,, -1,1,0,1,80,6,6,2021,06:20,2,30,30209,1,1,0,1,D6580,43.990746,4.744313,6,3,2
202100029880,148Â 385,A01,5,2,1,5,1,-1,-1,0,0,-1,2021,21.0,1,2,0,2,8,19,1,,3,338,-1,,2,2,0,1,12,450,1,, -1,1,5,1,80,9,7,2021,21:50,3,2,2746,1,3,0,3,D1044 direction LAON,49.674641,3.349468,21,6,2
202100007873,187Â 667,A01,1,1,1,4,8,0,-1,-1, -1,-1,2021,36.0,1,5,0,2,3,1,1,,4,QUATORZE JUILLET (AV. DU),0,,2,2,0,1,1,0,1,, -1,1,0,1,50,16,11,2021,07:15,1,93,93057,2,2,0,3,QUATORZE JUILLET (AV. DU),48.915983,2.492164,7,2,2
202100025554,155Â 997,A01,1,1,1,5,2,6,9,0,0,-1,2021,36.0,2,1,0,2,1,1,1,,3,25,-1,,2,2,0,1,0,1697,2,,3,1,5,1,80,6,8,2021,15:40,1,17,17452,1,2,0,3,D25,45.759724,-1.158822,15,4,2
202100014942,174Â 995,A01,1,1,1,5,2,6,-1,0,0,-1,2021,30.0,2,1,3,2,8,17,1,,3,22,0,D,2,2,0,2,48,0,2,, -1,1,0,1,80,26,7,2021,20:14,1,74,74063,1,1,0,3,CD22 PK48,46.278146,6.828228,20,2,2
202100015119,174Â 684,A01,1,1,2,9,8,0,-1,0,0,-1,2021,40.0,1,1,0,0,0,1,5,,4,RUE VIEILLE DU TEMPLE,0,,1,0,0,1,(1),(1),1,, -1,2,0,1,30,5,10,2021,18:50,2,75,75104,2,3,1,7,RUE VIEILLE DU TEMPLE,48.858449,2.358485,18,1,1
202100032007,144Â 532,B01,1,1,1,1,2,8,-1,-1, -1,-1,2021,34.0,2,1,0,2,2,1,1,,4,JEAN MOULIN (RUE),0,,2,2,0,1,0,0,1,, -1,2,0,1,50,27,6,2021,13:00,1,92,92002,2,1,1,3,JEAN MOULIN (RUE),48.75329,2.30587,13,2,2
202100003460,195Â 565,A01,1,1,2,5,0,-1,-1,0,0,-1,2021,21.0,1,2,13,0,1,14,1,,3,D96,0,D,2,2,0,1,4,900,1,, -1,1,0,3,70,11,12,2021,22:00,3,57,57321,1,1,0,6,D96d,48.68171,7.075796,22,1,1
202100002272,197Â 723,A01,1,1,1,9,8,0,-1,0,0,-1,2021,23.0,3,1,0,2,1,1,3,,4,RUE DU FAUBOURG SAINT ANTOINE,0,,2,4,1,1,(1),(1),1,, -1,1,0,1,30,18,12,2021,01:05,5,75,75111,2,2,0,5,RUE DU FAUBOURG SAINT ANTOINE,48.851292,2.376134,1,4,3
202100009128,185Â 394,B01,1,1,1,5,2,0,-1,-1, -1,-1,2021,23.0,3,1,0,2,7,26,1,,9,ROBERT BREMOND (RUE),0,,-1,0,0,1,0,0,1,, -1,1,9,8,50,6,11,2021,01:40,3,93,93005,1,9,0,6,ROBERT BREMOND (RUE),48.96001,2.46767,1,3,3
202100022803,160Â 845,A01,2,2,1,5,1,8,-1,-1, -1,-1,2021,24.0,1,2,2,0,1,14,1,,4,KERVARIC (ROND POINT DE ),0,,-1,2,0,1,(1),(1),2,, -1,1,5,4,30,21,8,2021,16:28,1,56,56121,2,6,0,6,KERVARIC (ROND POINT DE ),47.74808,-3.3893,16,2,1
202100004670,193Â 429,A01,1,1,1,9,8,0,-1,-1, -1,-1,2021,22.0,1,2,0,0,0,0,6,,2,RN2 SENS STE SUZANNE ST BENOIT,0,,1,2,0,1,30,0,1,, -1,1,0,1,110,5,12,2021,03:30,3,974,97409,1,1,0,6,RN2 SENS STE SUZANNE ST BENOIT,-20.95862,55.65758,3,1,1
202100018190,169Â 094,B01,1,1,1,5,2,4,-1,-1, -1,-1,2021,41.0,2,1,0,2,1,1,5,,4,BRUYERES (AV DES),0,,2,2,0,1,1,0,1,, -1,1,0,1,50,18,9,2021,09:50,1,94,94048,2,1,0,1,Avenue des BruyÃ¨res,48.738235,2.55351,9,2,2
202100052924,107Â 120,A01,10,3,2,0,0,-1,-1,4,3,1,2021,77.0,-1,2,0,1,0,-1,-1,,4,DE LA REPUBLIQUE (AVENUE),0,,2,2,0,1,0,0,1,, -1,2,0,1,50,1,2,2021,10:15,1,93,93007,2,3,1,6,DE LA REPUBLIQUE (AVENUE),48.936561268,2.4651352841,10,2,1
202100034813,139Â 482,A01,1,1,1,0,2,6,-1,-1, -1,-1,2021,34.0,3,1,0,2,1,1,1,,3,992,0,,3,8,0,1,1,0,1,, -1,1,0,1,50,11,6,2021,17:55,1,92,92025,2,1,0,2,CHARLES DE GAULLE (BD),48.9101366651,2.2350807488,17,2,2
202100032645,143Â 416,A01,1,1,2,0,1,8,-1,-1, -1,-1,2021,28.0,0,2,8,2,1,1,1,,3,PERNES ROUTE DE,0,,2,2,0,1,0,0,1,, -1,1,0,1,80,11,6,2021,16:50,1,84,84080,1,1,0,3,PERNES ROUTE DE,44.02315,5.02054,16,2,2
202100051551,109Â 551,A01,1,1,2,0,1,-1,-1,0,0,-1,2021,47.0,1,2,0,2,1,2,1,,1,8,-1,A,3,3,3,1,63,500,1,, -1,1,0,1,130,15,2,2021,08:40,1,83,83140,1,1,0,2,Autoroute A8 - PK 63+500,43.428817,5.943984,8,2,2
202100025638,155Â 858,A01,1,1,1,0,1,0,-1,-1, -1,-1,2021,32.0,2,2,0,4,7,15,1,,3,STALINGRAD (BD DE),0,,-1,0,0,1,1,0,1,, -1,1,4,8,50,4,8,2021,17:20,1,94,94073,2,8,0,3,STALINGRAD (BD DE),48.77064,2.40139,17,2,2
202100046068,119Â 406,B01,1,1,2,0,1,0,-1,-1, -1,-1,2021,35.0,1,2,0,2,6,1,1,,4,GRASSE(ROUTE VIEILLE  DE),0,,2,2,0,2,0,0,4,, -1,1,0,1,50,29,3,2021,20:50,5,83,83050,2,1,0,2,GRASSE(ROUTE VIEILLE  DE),43.542568,6.487419,20,2,2
202100018078,169Â 318,A01,1,1,1,9,1,-1,-1,0,0,-1,2021,57.0,1,2,0,2,1,13,1,,3,74,-1,,2,2,0,1,22,380,1,, -1,1,0,1,90,20,9,2021,10:00,1,52,52102,1,1,0,1,D74,47.890507,5.368195,10,2,2
202100005758,191Â 504,A01,1,1,1,1,1,0,-1,-1, -1,-1,2021,31.0,2,2,4,0,5,26,1,,1,12 LES IZARDS (PERIPH EST A62),0,,3,6,0,1,227,162,1,, -1,1,0,1,90,28,8,2021,06:40,2,31,31555,2,1,0,2,12 LES IZARDS (PERIPH EST A62),43.64677,1.44911,6,2,2
202100019945,165Â 981,A01,1,1,2,5,1,-1,-1,0,0,-1,2021,20.0,2,2,4,0,1,2,1,,1,75,0,A,1,2,0,1,279,490,4,, -1,2,9,2,-1,10,9,2021,06:40,2,34,34036,1,1,1,6,A75 PK 279+000,43.694823,3.34286,6,1,1
202100030541,147Â 166,A01,1,1,1,4,1,8,-1,-1, -1,-1,2021,38.0,1,4,0,0,0,1,1,,3,R.D 290,0,,2,2,0,1,5,845,2,, -1,2,0,3,80,5,7,2021,06:40,1,71,71540,1,1,1,7,D290,46.7710162908,4.4713549057,6,1,1
202100034358,140Â 323,A01,1,1,1,5,2,6,9,0,0,-1,2021,21.0,1,1,13,0,0,1,1,,3,D40,-1,,2,2,0,3,17,8,3,, -1,1,0,3,80,15,6,2021,20:15,1,44,44153,1,9,0,6,La Basse Morinais,47.691977,-1.449578,20,1,1
202100027267,152Â 985,A01,1,1,1,0,1,-1,-1,0,0,-1,2021,20.0,1,2,0,2,1,13,1,,3,723,-1,,2,3,0,2,52,700,1,, -1,2,0,1,80,24,7,2021,18:30,1,44,44028,1,9,1,1,D723,47.336703,-1.356786,18,2,2
202100038145,133Â 466,B01,1,1,1,0,8,0,-1,-1, -1,-1,2021,26.0,2,1,0,2,1,1,1,,3,BADUEL (ROUTE DE),0,,2,2,0,1,2,0,1,, -1,1,0,1,50,26,5,2021,09:00,1,973,97302,2,1,0,5,BADUEL (ROUTE DE),4.9348513268,-52.3119025827,9,3,3
202100044870,121Â 515,A01,2,2,2,5,1,-1,-1,0,0,-1,2021,19.0,1,2,13,0,1,13,1,,4,,-1,,2,2,0,2,(1),(1),3,, -1,1,0,3,50,14,3,2021,00:30,3,12,12090,1,1,0,6,RUE DES ROUTIERS,44.368995,2.533283,0,2,1
202100021599,163Â 022,B01,2,2,1,0,1,8,-1,-1, -1,-1,2021,11.0,1,2,0,0,4,2,1,,4,DESNOYE (BOULEVARD DR. JOSEPH),0,,2,2,0,1,0,0,1,, -1,1,0,1,50,31,8,2021,13:00,1,66,66136,2,1,0,2,DESNOYE (BOULEVARD DR. JOSEPH),42.7089415915,2.8858550638,13,3,2
202100032357,143Â 924,B01,4,2,1,4,1,5,-1,-1, -1,-1,2021,28.0,3,2,0,2,6,2,1,,3,989,0,,1,1,0,1,0,0,1,, -1,2,0,1,50,25,6,2021,22:10,5,92,92040,2,5,1,3,Avenue Victor Cresson,48.8239649113,2.2728341818,22,4,2
202100039659,130Â 704,A01,1,1,2,2,1,-1,-1,0,0,-1,2021,65.0,2,2,0,2,3,13,1,,3,486,-1,,-1,2,0,1,(1),(1),3,, -1,1,0,1,50,17,5,2021,17:45,1,71,71372,2,4,0,1,route du bourg,46.187002,4.740043,17,4,2
202100051278,110Â 017,B01,1,1,2,1,1,4,-1,-1, -1,-1,2021,36.0,1,2,0,2,2,1,1,,4,QUATORZE AVRIL (AVENUE DU),0,,2,2,0,1,2,725,1,, -1,1,0,1,50,16,2,2021,18:13,1,64,64102,2,3,0,3,QUATORZE AVRIL (AVENUE DU),43.5039495899,-1.4502006769,18,2,2
202100041656,127Â 144,C01,1,1,2,0,1,0,-1,-1, -1,-1,2021,65.0,1,2,4,2,4,2,1,,1,AUTOROUTE (A1),0,,3,6,0,1,2,200,1,, -1,1,0,1,90,1,5,2021,11:10,1,972,97213,1,1,0,5,AUTOROUTE (A1),14.61802,-61.02954,11,3,3
202100003736,195Â 074,B01,1,1,1,1,2,8,-1,-1, -1,-1,2021,33.0,2,1,0,2,4,23,3,,3,GENERAL DE GAULLE (PL DU),0,,1,3,0,1,1,0,2,, -1,1,5,1,50,9,12,2021,20:00,5,94,94033,2,6,0,2,Place du General de Gaulle,48.8522,2.4854,20,2,2
202100009872,184Â 057,A01,2,2,1,5,1,0,-1,-1, -1,-1,2021,50.0,2,2,0,2,1,1,1,,1,10,0,,3,4,0,2,10,17,1,, -1,1,0,1,90,2,11,2021,18:03,2,91,91661,1,1,0,4,AUTOROUTE A10,48.69547,2.23451,18,4,3
202100006204,190Â 720,A01,1,1,2,0,2,6,-1,0,0,-1,2021,19.0,2,1,0,2,7,19,1,,6,ROY (CHEMIN DU),0,,-1,-1,0,1,0,0,1,, -1,1,9,1,50,17,7,2021,09:45,1,14,14699,2,3,0,3,Chemin du Roy,49.34481,0.09833,9,2,2
202100039576,130Â 845,A01,10,3,1,0,0,-1,-1,0,0,-1,2021,43.0,3,5,0,1,0,0,0,,4,RAZES (RUE DES),0,,1,1,0,1,(1),(1),1,, -1,1,9,1,30,17,5,2021,16:33,1,42,42095,2,6,0,6,Rue des Razes,45.3841491777,4.2858301159,16,2,1
202100028259,151Â 180,B01,1,1,1,5,2,6,-1,-1, -1,-1,2021,24.0,1,1,0,2,1,1,1,,1,10,0,,1,3,0,1,3,200,1,, -1,1,0,1,90,19,7,2021,11:20,1,91,91377,1,1,0,2,AUTOROUTE A10,48.7229811815,2.2972054481,11,2,2
202100001824,198Â 539,B01,1,1,1,1,2,4,-1,-1, -1,-1,2021,36.0,1,1,0,2,2,2,1,,1,AUTOROUTE A6,0,,1,3,0,2,13,300,2,, -1,1,0,1,110,22,12,2021,16:50,3,91,91161,1,1,0,4,AUTOROUTE A6,48.70492,2.30617,16,3,3
202100019688,166Â 453,B01,1,1,2,0,8,0,-1,-1, -1,-1,2021,59.0,0,1,0,2,8,19,5,,4,ALLENDE SALVADOR (RUE),0,,2,4,1,1,0,0,1,, -1,1,0,1,50,7,9,2021,16:30,1,30,30189,2,1,0,3,ALLENDE SALVADOR (RUE),43.8246,4.37,16,2,2
202100028475,150Â 818,B01,1,1,2,1,1,0,-1,-1, -1,-1,2021,44.0,2,2,8,0,5,23,1,,7,MINIMES (AV DES) DU 1AU 178,0,,2,4,0,1,0,8,1,, -1,1,0,1,50,17,7,2021,08:20,1,31,31555,2,1,0,2,MINIMES (AV DES) DU 1AU 178,43.61635,1.43717,8,2,2
202100050872,110Â 749,B01,1,1,1,0,2,6,-1,-1, -1,-1,2021,46.0,2,1,0,2,8,16,1,,7,THOMAS (AVENUE AMBROISE),0,,2,2,0,1,12,360,1,, -1,1,5,1,50,19,2,2021,15:05,1,83,83069,2,7,0,3,THOMAS (AVENUE AMBROISE),43.114356,6.134366,15,2,2
202100029962,148Â 240,B01,1,1,1,1,2,-1,-1,-1, -1,-1,2021,33.0,1,1,0,2,2,1,1,,4,LEON BLUM      (Rue),0,,2,4,0,1,281,0,1,, -1,2,0,1,50,8,7,2021,19:00,1,69,69266,2,1,1,2,LEON BLUM (R),45.760688848,4.9065307081,19,3,2
202100028940,149Â 999,A01,1,1,1,5,1,8,-1,-1, -1,-1,2021,36.0,1,2,9,0,1,1,1,,1,Tunnel Prado CarÃ©nage,0,,1,3,0,1,2,275,2,, -1,1,1,1,50,15,7,2021,21:10,1,13,13206,2,1,0,1,Tunnel Prado CarÃ©nage,43.2820120582,5.3940979149,21,1,1
202100045010,121Â 274,A01,1,1,1,1,1,4,-1,-1, -1,-1,2021,25.0,2,5,0,2,1,2,1,,1,13,0,,3,6,0,1,6,349,1,, -1,1,0,1,90,6,4,2021,07:50,2,92,92047,1,1,0,2,A13,48.8356238797,2.1802820185,7,2,2
202100026954,153Â 531,B01,1,1,1,1,2,6,-1,-1, -1,-1,2021,33.0,2,1,0,2,2,1,1,,2,PARIS (R DE),0,,-1,0,0,1,1,0,1,, -1,1,5,1,50,26,7,2021,17:15,1,94,94078,2,3,0,3,Rue de Paris,48.7355781165,2.4468451738,17,2,2
202100019720,166Â 391,A01,10,3,1,2,0,-1,-1,3,3,1,2021,10.0,2,1,0,1,2,17,1,,4,BOULEVARD MALESHERBES,0,,2,4,0,1,(1),(1),1,, -1,1,0,1,50,10,9,2021,18:05,1,75,75117,2,3,0,6,BOULEVARD MALESHERBES,48.88472,2.307817,18,2,1
202100027358,152Â 818,A01,2,2,2,5,2,-1,-1,-1, -1,-1,2021,18.0,2,1,0,2,1,1,1,,4,NEYMAN (BOULEVARD JEAN DE),0,,2,3,0,2,(1),(1),1,, -1,1,0,1,50,22,7,2021,22:15,2,44,44184,2,2,0,3,NEYMAN (BOULEVARD JEAN DE),47.27721,-2.23378,22,3,2
202100018678,168Â 255,A01,10,3,2,3,0,-1,-1,2,1,1,2021,64.0,2,2,0,1,2,21,1,,4,,-1,,1,1,0,1,(1),(1),1,,4,2,0,1,30,16,9,2021,11:10,1,68,68298,2,1,0,6,56 Rue Saint Louis,48.244739,7.182983,11,2,1
202100002875,196Â 630,B01,1,1,1,1,2,6,-1,-1, -1,-1,2021,50.0,2,1,0,2,3,3,1,,2,RN19 .W,0,,3,3,0,1,17,500,1,, -1,1,1,1,90,15,12,2021,08:40,2,94,94004,1,1,0,2,RN19 .W,48.753,2.512,8,2,2
202100029829,148Â 470,A01,1,1,1,9,2,0,-1,0,0,-1,2021,44.0,2,1,0,0,0,1,1,,4,BOULEVARD DE MAGENTA,0,,2,4,0,1,(1),(1),1,, -1,1,0,1,50,9,7,2021,17:15,1,75,75110,2,4,0,7,BOULEVARD DE MAGENTA,48.879504,2.35322,17,1,1
202100015197,174Â 543,B01,1,1,1,5,1,0,-1,-1, -1,-1,2021,63.0,2,2,0,2,4,1,1,,1,AUTOROUTE A6,0,,2,6,0,1,38,180,1,, -1,2,0,1,130,5,10,2021,16:46,1,91,91037,1,1,1,2,AUTOROUTE A6,48.532918,2.500758,16,2,2
202100046152,119Â 268,A01,10,3,1,2,0,-1,-1,1,3,2,2021,17.0,0,2,0,1,0,0,-1,,3,JAURES (AVENUE JEAN),0,,-1,2,1,1,0,1,1,, -1,1,0,5,50,29,3,2021,13:10,1,93,93027,2,1,0,6,JAURES (AVENUE JEAN),48.923234,2.405742,13,2,1
202100005908,191Â 228,B01,1,1,2,0,1,0,-1,0,0,-1,2021,30.0,0,2,0,2,1,1,1,,4,DETTEY (RUE),0,,2,2,0,1,(1),(1),1,, -1,1,0,1,50,27,11,2021,10:00,1,71,71306,1,2,0,3,LANGRES (RUE DE),46.6834492633,4.3445285839,10,2,2
202100024684,157Â 524,A01,1,1,2,5,2,6,-1,0,0,-1,2021,36.0,2,1,0,0,1,1,1,,3,559,-1,,2,2,0,1,104,200,1,, -1,1,0,1,30,12,8,2021,09:15,1,83,83107,2,1,0,2,Corniche des Issambres,43.341833585,6.6929622513,9,2,2
202100015049,174Â 810,A01,2,2,2,0,2,0,-1,-1, -1,-1,2021,19.0,1,1,0,2,7,1,1,,4,PLACE SOPHIE TREBUCHET,0,,2,2,0,1,(1),(1),1,, -1,1,0,1,30,5,10,2021,22:00,5,44,44109,2,1,0,3,PLACE SOPHIE TREBUCHET,47.2206,-1.54572,22,3,2
202100019995,165Â 892,A01,1,1,1,1,2,-1,-1,0,0,-1,2021,44.0,2,1,11,9,1,1,1,,3,35,-1,,3,2,0,1,7,415,1,, -1,1,5,8,50,9,9,2021,21:20,5,1,1313,2,6,0,6,D35,46.246313,6.081571,21,1,1
202100008499,186Â 541,A01,10,3,2,9,0,-1,-1,4,3,1,2021,58.0,2,2,0,1,2,5,1,,4,PLACE ALBERT KAHN,0,,3,2,0,1,(1),(1),1,, -1,1,0,1,30,11,11,2021,13:10,1,75,75118,2,7,0,6,PLACE ALBERT KAHN,48.895683,2.346305,13,3,2
202100003201,196Â 047,B01,2,2,2,0,1,-1,-1,0,0,-1,2021,80.0,1,2,0,0,1,17,1,,1,1,0,A,1,3,0,2,74,700,1,,"13,5",1,0,1,130,15,12,2021,17:40,3,60,60424,1,1,0,2,A1,49.465063,2.707003,17,3,2
202100056213,101Â 413,B01,1,1,2,5,1,8,-1,0,0,-1,2021,75.0,1,2,0,2,4,1,1,,1,520,0,A,1,2,0,1,2,0,1,, -1,1,9,1,130,5,1,2021,15:55,1,13,13007,1,1,0,2,A520 pk 002.000,43.365828,5.641522,15,2,2
202100055513,102Â 617,A01,1,1,2,5,1,0,-1,0,0,-1,2021,42.0,1,2,6,0,1,1,1,,9,MIMOSAS (TRAVERSE DES),0,,-1,0,0,2,0,0,1,, -1,1,6,8,10,10,1,2021,18:30,5,6,6069,2,1,0,7,MIMOSAS (TRAVERSE DES),43.66253,6.92278,18,1,1
202100048165,115Â 655,A01,1,1,1,0,2,6,-1,-1, -1,-1,2021,24.0,1,1,0,2,1,2,1,,3,907,0,,-1,2,0,1,101,0,1,, -1,1,0,1,50,13,3,2021,14:10,1,92,92076,2,1,0,2,REPUBLIQUE,48.8374262692,2.1537494659,14,2,2
202100010339,183Â 223,A01,10,3,2,2,0,-1,-1,2,3,2,2021,8.0,1,2,0,1,1,1,3,,4,TOUR-Y-VAL (RUE DE),0,,2,0,0,2,0,0,1,, -1,1,0,1,50,22,10,2021,13:15,1,2,2691,2,1,0,6,TOUR-Y-VAL (RUE DE),49.83996,3.28807,13,2,1
202100050205,111Â 973,B01,1,1,1,0,1,0,0,0,0,-1,2021,37.0,2,2,0,2,4,2,1,,7,PLAGE BOULEVARD DE LA,0,,3,4,0,1,(1),(1),1,, -1,1,9,1,50,24,2,2021,16:10,1,6,6027,2,1,0,2,PLAGE BOULEVARD DE LA,43.65281,7.15504,16,2,2
202100008406,186Â 708,B01,1,1,1,5,1,-1,-1,0,0,-1,2021,66.0,2,2,0,2,1,2,1,,1,4,0,A,3,4,0,2,264,300,2,, -1,2,0,1,110,13,11,2021,11:30,1,55,55237,1,1,1,2,A4,49.118932,5.543777,11,7,2
202100023114,160Â 294,B01,1,1,1,5,2,0,-1,-1, -1,-1,2021,41.0,1,1,0,2,1,26,1,,4,DEUX CROIX BOULEVARD,0,,2,2,0,1,1,0,1,, -1,1,0,1,50,21,8,2021,10:36,1,49,49007,2,2,0,2,DEUX CROIX BOULEVARD,47.47458,-0.52952,10,2,2
202100038676,132Â 504,B01,1,1,1,5,2,6,9,0,0,-1,2021,14.0,0,1,0,2,7,1,1,,4,,-1,,2,1,0,1,(1),(1),1,, -1,1,0,1,50,23,5,2021,19:20,1,51,51027,2,3,0,3,Rue des Guisettes,49.032225067,4.6872545136,19,2,2
202100008422,186Â 685,B01,1,1,1,2,1,-1,-1,0,0,-1,2021,18.0,1,2,0,2,3,16,1,,3,125,0,,2,2,0,3,0,480,1,, -1,2,5,1,50,12,11,2021,18:00,5,27,27016,2,2,0,1,Rue Henri RÃ©my,49.2496515208,1.4362409444,18,6,2
202100020001,165Â 882,B01,1,1,2,9,2,-1,-1,0,0,-1,2021,53.0,3,1,0,0,1,15,1,,4,,-1,,2,2,0,1,(1),(1),1,,5,2,0,1,50,9,9,2021,16:10,1,33,33483,2,9,1,2,Avenue Lagraula,44.909301,-0.382612,16,2,2
202100051211,110Â 139,A01,1,1,1,0,0,-1,-1,0,0,-1,2021,19.0,1,1,0,2,1,13,1,,3,35,0,A,2,2,0,2,3,100,1,, -1,1,0,1,50,18,2,2021,14:00,1,972,97221,2,1,0,1,Route Morne Glouglou,14.54551,-60.94532,14,2,2
202100041032,128Â 275,B01,2,2,1,5,1,0,-1,-1, -1,-1,2021,17.0,1,2,0,2,5,2,1,,1,A7-Sens Lyon vers Marseille,0,,1,3,0,1,281,0,1,, -1,1,0,1,90,6,5,2021,18:20,1,13,13203,1,1,0,4,A7-Sens Lyon vers Marseille,43.3058948345,5.3751859182,18,6,4
202100056098,101Â 608,A01,10,3,1,2,0,-1,-1,1,3,1,2021,14.0,0,2,0,1,3,16,1,,4,01,0,,2,2,0,1,(1),(1),1,, -1,2,0,1,50,7,1,2021,08:50,1,25,25304,2,3,0,6,1 RUE DU CANAL,47.446114,6.882956,8,2,1
202100004282,194Â 104,A01,10,3,2,0,0,-1,-1,3,3,2,2021,9.0,1,2,0,1,3,0,1,,6,DONADEI EUGENE AVENUE,0,,-1,-1,0,1,(1),(1),1,, -1,1,0,1,30,4,12,2021,14:00,1,6,6123,2,1,0,6,DONADEI EUGENE AVENUE,43.658677,7.195366,14,2,1
202100049756,112Â 805,A01,1,1,1,0,2,0,-1,-1, -1,-1,2021,50.0,1,1,0,2,1,2,1,,7,PONT(NEUF) CD 108,0,,2,2,0,1,1,900,3,, -1,1,0,1,50,28,2,2021,17:45,1,42,42270,2,1,0,2,Route des Gorges,45.3965566902,4.2352759127,17,2,2
202100022151,162Â 044,A01,1,1,1,5,8,-1,-1,0,0,-1,2021,84.0,3,0,13,0,9,10,1,,9,,-1,,2,2,0,2,(1),(1),4,, -1,9,0,8,-1,27,8,2021,15:25,1,12,12198,1,1,0,6,GrillÃ¨re,44.295546,2.21058,15,1,1
202100018704,168Â 207,B01,1,1,2,9,2,6,-1,-1, -1,-1,2021,34.0,1,1,0,2,5,1,1,,1,86,0,,1,4,0,1,0,600,1,, -1,2,0,1,70,15,9,2021,19:30,5,92,92050,1,1,0,3,A86,48.9050775731,2.2089573741,19,2,2
202100055034,103Â 441,B01,1,1,2,0,1,8,-1,-1, -1,-1,2021,22.0,2,2,0,2,2,1,1,,4,VENDEE (RUE DE LA ),0,,2,2,0,1,0,0,1,, -1,2,0,1,50,13,1,2021,19:00,5,49,49099,2,3,0,3,VENDEE (RUE DE LA ),47.05171,-0.89084,19,2,2
202100028662,150Â 484,A01,1,1,2,5,1,0,-1,-1, -1,-1,2021,25.0,2,2,0,2,1,2,1,,2,RN12,0,,2,4,0,1,1,0,1,, -1,2,0,1,90,7,7,2021,20:50,1,22,22187,2,1,1,2,RN12,48.5270531372,-2.7528991615,20,2,2
202100008329,186Â 839,A01,2,2,1,5,1,-1,-1,0,0,-1,2021,20.0,2,2,16,0,7,1,1,,3,139,0,,2,2,0,1,14,200,1,, -1,2,0,1,80,13,11,2021,17:30,2,79,79049,1,1,1,6,Route de Boisme Terves (Saint-Sauveur),46.805421,-0.462756,17,2,1
202100034580,139Â 904,B01,1,1,1,0,8,0,-1,-1, -1,-1,2021,67.0,1,0,1,0,1,1,3,,4,BELLAMY ( RUE PAUL ),0,,2,2,3,1,(1),(1),1,, -1,1,0,1,30,13,6,2021,11:40,1,44,44109,2,1,0,3,BELLAMY ( RUE PAUL ),47.22087,-1.555414,11,2,2
202100021041,164Â 049,A01,1,1,1,0,2,0,-1,0,0,-1,2021,42.0,1,1,0,9,1,5,3,,4,MOLITOR (RUE),0,,1,2,2,3,(1),(1),1,, -1,1,-1,1,50,3,9,2021,14:00,1,54,54395,2,1,0,3,MOLITOR (RUE),48.6859980951,6.1974511296,14,2,2