Num_Acc,id_vehicule,num_veh,place,catu,sexe,trajet,secu1,secu2,secu3,locp,actp,etatp,year_acc,victim_age,senc,catv,obs,obsm,choc,manv,motor,occutc,catr,voie,v1,v2,circ,nbv,vosp,prof,pr,pr1,plan,lartpc,larrout,surf,infra,situ,vma,jour,mois,an,hrmn,lum,dep,com,agg_,int,atm,col,adr,lat,long,hour,nb_victim,nb_vehicules
202100004687,193Â 397,A01,1,1,2,5,1,-1,-1,-1, -1,-1,2021,81.0,2,2,9,0,1,17,1,,4,GEORGES CLEMENCEAU                  (QU),0,,2,2,0,1,(1),(1),1,, -1,2,0,1,50,2,12,2021,10:45,1,69,69034,2,9,1,6,CLEMENCEAU (Q),45.80285,4.84244,10,1,1
202100048997,114Â 172,A01,1,1,1,4,1,-1,-1,0,0,-1,2021,31.0,2,2,1,0,1,1,1,,3,216,-1,,2,2,0,1,1,0,1,, -1,1,0,3,50,6,3,2021,15:05,1,71,71120,2,1,0,6,Route de Saint-Germain,46.204581,4.346284,15,1,1
202100037937,133Â 855,A01,1,1,1,4,1,-1,-1,0,0,-1,2021,30.0,1,5,0,2,8,19,1,,3,712,-1,,2,2,0,1,57,900,3,, -1,1,0,1,80,28,5,2021,14:40,1,29,29181,1,2,0,3,Lieu-dit Kerhamon,48.463891,-4.228953,14,2,2
202100018071,169Â 333,B01,1,1,2,5,2,6,9,0,0,-1,2021,35.0,1,1,0,2,7,21,1,,2,30,-1,,2,2,0,2,55,500,1,, -1,1,0,1,80,19,9,2021,17:10,1,202,202223,1,1,0,6,30,42.524629,9.186008,17,2,2
202100007681,188Â 021,A01,10,3,1,9,0,-1,-1,4,3,1,2021,11.0,1,2,0,1,2,21,2,,4,GRAVIERS (RUE DES),0,,2,2,0,1,0,0,1,, -1,2,0,1,50,15,11,2021,19:00,3,92,92051,2,1,1,6,GRAVIERS (RUE DES),48.8825496783,2.2637441754,19,2,1
202100024921,157Â 115,A01,1,1,1,5,1,-1,-1,0,0,-1,2021,63.0,1,5,0,0,1,0,1,,3,RPN7,-1,,2,2,0,2,2,25,4,, -1,1,0,8,-1,8,8,2021,15:45,1,988,98812,1,1,0,6,RPN7 - lieu dit LA BOUVERIE,-20.498557,164.277315,15,1,1
202100020376,165Â 216,A01,1,1,1,9,2,-1,-1,0,0,-1,2021,28.0,1,1,0,0,0,1,1,,3,980,0,D,2,2,0,1,56,600,2,, -1,1,0,1,50,7,9,2021,19:48,1,51,51440,2,1,0,7,Rue de Vouziers,49.2966843546,4.3231510222,19,1,1
202100001684,198Â 784,A01,1,1,2,1,1,-1,-1,0, -1,-1,2021,22.0,2,2,0,2,7,1,1,,4,KEROURVOIS ROUTE DE,0,,2,8,0,1,(1),(1),1,, -1,1,5,3,50,28,5,2021,16:54,1,29,29051,1,6,0,3,Route de Kerourvois,48.0045,-4.0586,16,2,2
202100047217,117Â 364,A01,10,3,1,0,0,-1,-1,4,3,2,2021,1.0,2,2,0,1,3,16,1,,7,DUNKERQUE AVENUE,0,,2,2,0,1,(1),(1),1,, -1,2,5,1,50,17,3,2021,14:00,1,59,59350,2,9,1,6,DUNKERQUE AVENUE,50.64464,3.0132,14,4,1
202100002069,198Â 100,A01,7,2,2,5,1,5,-1,0,0,-1,2021,14.0,2,2,0,2,1,13,1,,3,907,0,A,2,2,0,1,1,500,3,, -1,1,0,1,80,22,12,2021,15:45,1,74,74311,1,1,0,4,lieu dit les carriÃ¨res RD 907,46.156225,6.370418,15,5,3
202100017199,170Â 892,A01,1,1,1,5,1,-1,-1,0,0,-1,2021,24.0,2,2,0,2,3,17,1,,3,953,-1,,2,2,0,3,24,800,1,, -1,2,0,1,80,25,9,2021,23:30,3,32,32370,1,1,1,1,D953,43.897011,0.752274,23,2,2
202100023100,160Â 325,A01,2,2,2,5,2,6,-1,-1, -1,-1,2021,70.0,1,1,0,2,1,1,1,,7,MARINE (BOULEVARD DE LA),0,,2,2,0,1,9,460,1,, -1,1,0,1,50,21,8,2021,18:10,1,83,83069,1,1,0,2,MARINE (BOULEVARD DE LA),43.0921980958,6.1626648903,18,3,2
202100025328,156Â 382,B01,1,1,1,1,2,0,-1,0,0,-1,2021,20.0,2,1,0,2,8,1,1,,4,RUE DES PYRENEES,0,,2,3,1,1,(1),(1),1,, -1,1,0,1,50,6,8,2021,07:10,1,75,75120,2,2,0,3,RUE DES PYRENEES,48.869956,2.3945,7,2,2
202100039366,131Â 235,A01,1,1,1,5,2,-1,-1,0,0,-1,2021,39.0,3,1,0,0,0,1,1,,4,,-1,,2,1,0,1,0,0,1,,3,1,0,1,50,17,5,2021,16:30,1,30,30212,2,1,0,7,L'Ile Basse,43.943179,4.568499,16,1,1
202100017432,170Â 465,B01,1,1,1,9,8,-1,-1,-1, -1,-1,2021,27.0,2,1,1,0,3,0,1,,4,PIERRE VOYANT    (Rue),0,,2,2,2,1,(1),(1),1,, -1,1,0,8,50,22,9,2021,23:15,5,69,69266,2,2,0,1,PIERRE VOYANT (R),45.767,4.90059,23,2,2
202100045509,120Â 395,B01,1,1,2,0,1,-1,-1,0,0,-1,2021,61.0,2,2,0,2,3,1,1,,2,7,0,,2,2,0,1,29,850,3,, -1,1,0,1,50,2,4,2021,18:10,1,26,26347,2,1,0,1,86 Avenue du President Roosevelt,45.064041,4.857754,18,4,2
202100005222,192Â 444,A01,1,1,1,0,2,-1,-1,-1, -1,-1,2021,21.0,0,0,0,0,0,0,3,,4,LACASSAGNE                          (AV),0,,1,1,3,1,(1),(1),1,, -1,2,0,1,50,8,11,2021,00:25,5,69,69383,2,1,0,7,LACASSAGNE (AV),45.7514,4.87246,0,1,1
202100024506,157Â 856,A01,1,1,1,0,8,-1,-1,-1, -1,-1,2021,23.0,0,1,0,2,1,5,5,,4,JEAN BAPTISTE EYRIES,0,,2,2,1,1,0,0,1,, -1,1,0,1,50,11,8,2021,11:45,1,76,76351,2,2,0,3,JEAN BAPTISTE EYRIES,49.49753,0.11555,11,2,2
202100039120,131Â 701,A01,1,1,1,5,2,0,-1,0,0,-1,2021,54.0,3,1,0,0,2,26,1,,4,SAINT-THERESE (PL.),0,,1,1,0,1,(1),(1),3,, -1,1,0,1,50,25,4,2021,15:35,1,22,22278,2,7,0,7,SAINT-THERESE (PL.),48.5065809746,-2.7506750819,15,1,1
202100056273,101Â 309,B01,1,1,1,0,1,0,-1,0,0,-1,2021,29.0,2,2,0,2,2,21,1,,3,LUYE ( ROUTE DE LA ),0,,2,2,0,1,3,470,2,, -1,2,0,1,80,2,1,2021,15:41,1,5,5061,1,4,0,3,LUYE ( ROUTE DE LA ),44.51778,6.06426,15,4,2
202100033914,141Â 142,A01,1,1,1,5,1,-1,-1,0,0,-1,2021,22.0,1,2,2,0,1,1,1,,3,110,0,,-1,2,0,1,16,300,2,,4,1,0,8,80,17,6,2021,15:00,1,63,63388,1,1,0,7,D110,46.017592,2.761495,15,1,1
202100000699,200Â 465,A01,1,1,1,5,2,6,-1,-1, -1,-1,2021,20.0,2,1,13,2,3,1,1,,3,MORRE ROUTE DE,0,,2,2,0,2,1,350,3,, -1,2,0,1,80,31,12,2021,17:43,3,25,25056,1,1,0,3,MORRE ROUTE DE,47.22536,6.04724,17,2,2
202100054187,104Â 890,A01,10,3,1,5,0,-1,-1,1,3,1,2021,19.0,1,5,0,1,2,21,1,,4,RUE DANTON,0,,2,2,0,1,0,100,1,, -1,2,0,1,50,22,1,2021,01:20,3,91,91201,2,1,1,6,RUE DANTON,48.68138,2.40516,1,2,1
202100036869,135Â 797,A01,10,3,1,0,0,-1,-1,4,1,1,2021,81.0,1,1,0,1,2,0,1,,2,"CHARLES DE GAULLE (AVENUE, NÂ° 18 A 116)",0,,2,8,1,1,0,0,1,, -1,1,0,1,50,1,6,2021,18:40,1,92,92051,2,1,0,6,"CHARLES DE GAULLE (AVENUE, NÂ° 18 A 116)",48.8812020915,2.2724801302,18,2,1
202100001454,199Â 184,A01,1,1,1,0,1,-1,-1,-1, -1,-1,2021,65.0,3,2,1,0,1,1,1,,7,SAUSSAYE. RUE DE LA,0,,2,2,0,2,2,200,1,, -1,2,0,1,50,24,12,2021,19:45,5,76,76231,2,1,1,7,SAUSSAYE. RUE DE LA,49.27353,0.9975,19,1,1
202100051744,109Â 204,B01,1,1,1,3,2,-1,-1,0,0,-1,2021,17.0,2,1,0,2,1,1,1,,3,D61,-1,,2,2,0,1,15,366,1,, -1,1,0,1,50,13,2,2021,09:30,1,44,44188,2,1,0,3,Rue de Plaisance,47.034716,-1.638401,9,2,2
202100047895,116Â 124,A01,10,3,2,0,0,-1,-1,2,3,1,2021,34.0,2,1,0,1,1,1,1,,4,m'tsapere-Boubouni (rue),0,,2,0,0,1,0,0,1,, -1,1,0,1,50,16,1,2021,11:20,1,976,97611,2,1,0,6,m'tsapere-Boubouni (rue),-12.79047,45.2203,11,2,1
202100031913,144Â 707,B01,4,2,2,5,1,0,-1,-1, -1,-1,2021,26.0,2,2,0,2,2,1,1,,3,CLEMENCEAU (AVENUE GEORGES),0,,3,4,0,1,0,1,1,, -1,1,0,1,50,28,6,2021,18:45,1,93,93078,2,2,0,1,Avenue Georges ClÃ©menceau / Avenue Charles de Gaulle,48.95816,2.55837,18,4,2
202100037943,133Â 844,A01,1,1,1,0,1,0,-1,-1, -1,-1,2021,29.0,2,2,0,2,9,2,1,,2,ROUTE NATIONALE 356,0,,3,5,0,1,0,100,3,, -1,1,0,1,90,27,5,2021,19:00,1,59,59350,1,1,0,6,ROUTE NATIONALE 356,50.6179213769,3.0819225311,19,1,1
202100011284,181Â 566,A01,1,1,1,5,2,-1,-1,0,0,-1,2021,83.0,1,1,0,2,0,0,5,,3,03,-1,,2,2,0,1,4,200,1,, -1,1,0,1,80,24,10,2021,16:15,1,70,70356,1,1,0,3,D3,47.379871,5.933454,16,2,2
202100006507,190Â 170,A01,1,1,1,5,2,-1,-1,0,0,-1,2021,61.0,1,1,0,2,8,1,5,,3,45,-1,,2,2,0,2,0,690,1,, -1,1,0,1,80,23,11,2021,16:10,2,72,72334,1,1,1,4,Les ruelles,48.173184,-0.12248,16,4,3
202100004966,192Â 913,A01,1,1,1,9,1,-1,-1,0,0,-1,2021,75.0,1,2,6,0,1,1,2,,3,4,-1,,2,2,0,1,1,139,1,, -1,1,2,3,80,30,11,2021,15:45,1,31,31517,1,1,1,6,131 avenue des pyrÃ©nÃ©es,43.320323,1.322796,15,1,1
202100005496,191Â 968,A01,1,1,2,2,1,-1,-1,0,0,-1,2021,26.0,2,2,0,2,1,13,1,,3,MITTERRAND (AVENUE FRANCOIS),0,,2,2,0,1,45,512,1,, -1,7,2,1,70,29,11,2021,07:55,1,65,65417,2,1,0,1,MITTERRAND (AVENUE FRANCOIS),43.21802,0.10877,7,4,2
202100052188,108Â 426,B01,1,1,1,0,2,-1,-1,0,0,-1,2021,67.0,1,1,0,2,1,1,1,,3,114,-1,,2,2,0,1,(1),(1),1,, -1,1,0,1,80,8,2,2021,07:25,1,971,97117,1,1,0,2,D114,16.302722,-61.366324,7,2,2
202100008239,186Â 986,A01,1,1,1,5,2,8,-1,-1, -1,-1,2021,18.0,0,1,14,0,1,2,1,,4,08 MARS(RUE DU),0,,2,2,0,1,0,0,1,, -1,1,0,1,50,14,11,2021,01:25,5,974,97407,2,1,0,6,08 MARS(RUE DU),-20.939736,55.300264,1,1,1
202100009150,185Â 356,A01,10,3,1,0,0,-1,-1,3,1,1,2021,65.0,1,2,0,1,2,1,1,,3,6113,-1,,-1,1,0,1,62,500,1,, -1,1,0,1,80,6,11,2021,04:00,3,11,11288,1,1,0,6,D6113,43.25122,2.278504,4,2,1
202100043663,123Â 627,B01,1,1,1,9,2,8,-1,-1, -1,-1,2021,27.0,2,1,0,2,2,17,1,,4,EDGAR DEGAS (RUE),0,,2,2,0,1,0,0,1,, -1,1,0,1,50,17,4,2021,15:30,1,93,93005,2,2,1,3,EDGAR DEGAS (RUE),48.9562267692,2.4959796983,15,2,2
202100024736,157Â 429,A01,2,2,1,0,1,0,-1,0,0,-1,2021,17.0,3,2,0,0,8,15,3,,4,SAINT MICHEL (AVENUE),0,,3,3,0,1,(1),(1),1,, -1,1,0,1,50,10,8,2021,17:00,1,54,54339,2,2,0,7,SAINT MICHEL (AVENUE),48.7049920549,6.195287928,17,2,1
202100019715,166Â 400,B01,1,1,1,5,2,0,-1,0,0,-1,2021,53.0,3,1,0,2,3,1,5,,7,POMPIDOU GEORGES BOULEVARD,0,,2,2,0,1,(1),(1),2,, -1,1,0,1,30,10,9,2021,11:02,1,6,6123,2,6,0,3,AICARD AVENUE,43.682965,7.188716,11,2,2
202100016888,171Â 435,B01,1,1,1,0,2,0,-1,-1, -1,-1,2021,29.0,3,0,1,9,3,26,3,,7,DUNKERQUE AVENUE DE,0,,2,2,0,1,(1),(1),1,, -1,1,0,1,50,23,9,2021,14:30,1,59,59350,2,1,0,3,DUNKERQUE AVENUE DE,50.64578,2.99055,14,2,2
202100043412,124Â 066,B01,1,1,2,0,1,8,-1,-1, -1,-1,2021,36.0,2,2,1,2,8,1,1,,4,CATAYEE (JUSTIN),0,,-1,1,0,1,(1),(1),1,, -1,1,0,1,50,19,4,2021,08:20,1,973,97302,2,2,0,6,CATAYEE (JUSTIN),4.9422596619,-52.331285784,8,3,3
202100003372,195Â 732,A01,2,2,1,5,8,-1,-1,0,0,-1,2021,38.0,0,2,2,0,1,0,1,,3,6113,0,D,2,3,0,1,87,195,1,, -1,1,0,1,80,12,12,2021,22:10,3,11,11356,1,1,0,6,D6113,43.295223,2.01178,22,2,1
202100039615,130Â 781,B01,1,1,2,5,1,0,-1,-1, -1,-1,2021,26.0,1,2,0,2,4,2,1,,3,LE FOLL (AV),0,,2,2,0,2,(1),(1),3,, -1,1,0,1,50,17,5,2021,19:30,1,94,94077,2,1,0,2,LE FOLL (AV),48.7285434284,2.4336104695,19,4,2
202100013378,177Â 821,C01,1,1,1,4,1,0,-1,0,0,-1,2021,23.0,1,5,0,2,1,11,1,,1,A4,0,,-1,8,0,1,5,500,2,, -1,1,0,1,90,13,10,2021,06:20,3,75,75112,1,1,0,4,A4,48.82208,2.46278,6,5,5
202100035891,137Â 534,A01,1,1,2,0,1,0,-1,-1, -1,-1,2021,21.0,0,2,0,2,1,1,1,,4,LILAS,0,,1,2,0,1,0,0,1,, -1,1,0,1,50,6,6,2021,16:00,1,66,66136,2,3,0,3,LILAS,42.68463,2.88207,16,2,2
202100047970,115Â 995,A01,1,1,1,4,1,8,-1,-1, -1,-1,2021,32.0,2,5,0,2,1,2,1,,3,68,0,,2,2,0,1,1,0,1,, -1,1,0,1,50,15,3,2021,12:35,1,92,92020,2,1,0,4,BROSSOLETTE RUE PIERRE AUTRES NÂ°,48.8017707533,2.2745245412,12,3,3
202100048566,114Â 942,A01,1,1,1,1,2,0,-1,0,0,-1,2021,18.0,1,1,1,2,1,1,1,,4,RUE CORTAMBERT,0,,1,1,0,1,(1),(1),1,, -1,1,0,1,30,9,3,2021,21:25,5,75,75116,2,2,0,3,RUE CORTAMBERT,48.860145,2.27812,21,3,2
202100003557,195Â 387,B01,1,1,1,1,8,-1,-1,-1, -1,-1,2021,31.0,1,1,0,2,7,26,5,,4,LAFAYETTE                           (CO),0,,1,1,3,1,(1),(1),1,, -1,2,5,6,50,9,12,2021,06:45,5,69,69383,2,2,1,3,LAFAYETTE (CR),45.763618566,4.8580411077,6,2,2
202100010412,183Â 107,A01,1,1,1,1,0,-1,-1,0,0,-1,2021,64.0,1,2,2,0,2,1,1,,3,560,0,,2,2,0,1,38,0,1,, -1,1,0,3,-1,29,10,2021,15:00,1,83,83012,1,1,0,6,RD 560,43.5528922371,5.9974837303,15,1,1
202100039179,131Â 591,A01,1,1,2,5,1,-1,-1,0,0,-1,2021,19.0,2,2,13,0,9,1,1,,3,150,-1,,2,2,0,1,5,830,1,, -1,1,0,3,90,20,5,2021,15:50,1,19,19105,1,1,0,7,La bitarelle,45.1036860585,1.6326971054,15,4,1
202100055435,102Â 764,A01,1,1,1,5,1,0,-1,-1, -1,-1,2021,29.0,1,2,1,0,2,1,1,,4,FLAMBOYANTS (RUE DES),0,,2,2,0,1,0,0,1,, -1,2,0,1,50,9,1,2021,23:50,5,973,97302,2,1,1,7,FLAMBOYANTS (RUE DES),4.9228694885,-52.3208902627,23,3,1
202100045983,119Â 560,A01,1,1,2,1,2,0,-1,0,0,-1,2021,53.0,3,1,12,0,0,14,5,,4,PLACE DE LA CONCORDE,0,,2,4,1,1,(1),(1),1,, -1,1,-1,5,50,29,3,2021,21:15,5,75,75108,2,7,0,6,PLACE DE LA CONCORDE,48.864334813,2.3204702139,21,1,1
202100026730,153Â 940,A01,9,2,1,5,1,-1,-1,0,0,-1,2021,24.0,3,2,2,0,1,13,1,,4,,-1,,2,2,0,1,(1),(1),1,,4,1,0,3,80,21,7,2021,01:39,3,40,40217,1,1,0,6,Route de Lahitte,44.354895,-1.09476,1,3,1
202100040937,128Â 447,A01,10,3,2,0,0,-1,-1,9,B,1,2021,60.0,3,0,0,1,1,26,1,,4,LYON (RUE DE),0,,3,0,0,1,(1),(1),1,, -1,2,0,1,50,7,5,2021,08:15,1,13,13215,2,3,0,6,LYON (RUE DE),43.3296453593,5.3653879522,8,2,1
202100050676,111Â 106,A01,9,2,1,5,8,-1,-1,0,0,-1,2021,20.0,1,2,13,0,8,1,0,,3,62,0,D,2,2,0,1,9,468,1,, -1,1,0,8,80,21,2,2021,16:30,1,76,76455,1,1,0,6,D62,49.475779,1.421957,16,4,1
202100010538,182Â 891,A01,1,1,2,1,2,6,-1,-1, -1,-1,2021,21.0,2,1,0,2,2,21,1,,4,PENEROFF ( QUAI),0,,1,1,0,1,(1),(1),1,, -1,1,0,1,50,28,10,2021,16:30,1,29,29039,2,1,0,2,Quai Peneroff,47.871926,-3.917335,16,2,2
202100004179,194Â 284,A01,9,2,1,5,8,-1,-1,0,0,-1,2021,23.0,1,2,1,0,7,1,1,,3,35,0,,2,2,0,1,34,200,2,, -1,1,0,1,50,9,12,2021,00:40,3,18,18207,2,1,0,6,119 Rue des Lavoirs,46.982668,2.252551,0,4,1
202100053597,105Â 915,A01,1,1,1,0,1,8,-1,-1, -1,-1,2021,30.0,1,2,7,0,2,9,1,,4,,0,,2,2,0,1,(1),(1),1,, -1,1,0,4,30,25,1,2021,08:25,5,45,45068,2,1,0,6,36 Rue Paul PainlevÃ©,48.031417,2.742323,8,1,1
202100039998,130Â 097,A01,7,2,2,3,1,-1,-1,0,0,-1,2021,1.0,3,2,0,2,1,19,1,,3,130,-1,,2,2,0,1,(1),(1),1,, -1,1,0,1,80,15,5,2021,17:45,1,50,50400,1,2,0,3,carrefour de la D69 et D130,49.396675,-1.419683,17,7,2
202100041155,128Â 037,B01,1,1,1,0,1,0,-1,-1, -1,-1,2021,24.0,0,2,0,2,3,1,1,,3,ARISTIDE BRIAND AVENUE,0,,3,4,0,1,1,0,1,, -1,2,0,1,50,6,5,2021,13:15,1,93,93046,2,9,1,3,Avenue Aristide Briand,48.915199,2.528498,13,2,2
202100021430,163Â 346,A01,10,3,1,0,8,8,-1,3,3,1,2021,67.0,1,2,0,1,1,15,1,,4,BRIAND (AVENUE ARISTIDE),0,,1,2,0,1,(1),0,2,, -1,1,0,1,30,1,9,2021,15:20,1,83,83069,2,1,0,6,BRIAND (AVENUE ARISTIDE),43.1206473745,6.1311943351,15,2,1
202100045733,120Â 006,A01,10,3,2,0,0,-1,-1,3,3,1,2021,64.0,0,1,0,1,1,26,1,,4,ACHILLE PERETTI RUE,0,,-1,1,0,2,(1),(1),1,, -1,1,0,1,50,1,3,2021,17:55,1,201,201004,2,1,0,6,ACHILLE PERETTI RUE,41.93781,8.74367,17,2,1
202100051126,110Â 290,A01,10,3,1,3,0,-1,-1,2,3,1,2021,69.0,2,4,0,1,3,19,1,,3,,-1,,1,1,0,1,8,450,1,, -1,1,0,1,50,19,2,2021,10:15,1,31,31582,2,1,0,6,Rue de la RÃ©publique,43.399238,1.71647,10,2,1
202100030364,147Â 488,A01,10,3,2,5,0,-1,-1,6,1,1,2021,57.0,3,2,0,1,1,1,1,,4,RUE DES CITES STE CLAIRE,0,,2,2,0,4,(1),(1),1,, -1,1,0,3,40,4,7,2021,17:10,1,54,54521,2,1,0,6,Cite Place Ste Claire,49.46703,5.91324,17,2,1
202100049777,112Â 766,A01,10,3,2,5,0,-1,-1,2,3,1,2021,55.0,2,1,0,1,5,1,5,,4,RUE FRANCOIS MIRON,0,,1,1,2,1,(1),(1),1,, -1,1,-1,5,30,27,2,2021,17:40,1,75,75104,2,2,0,6,RUE FRANCOIS MIRON,48.855528,2.357761,17,3,1
202100011438,181Â 278,B01,1,1,1,-1,0,-1,-1,-1, -1,-1,2021,53.0,3,1,14,2,2,2,1,,3,BARBUSSE (AVENUE HENRI) A30,0,,2,2,0,1,0,1,1,, -1,1,0,1,50,23,10,2021,16:11,1,93,93008,2,9,0,3,BARBUSSE (AVENUE HENRI) A30,48.90626,2.42304,16,2,2
202100016332,172Â 446,A01,7,2,1,5,1,-1,-1,0,0,-1,2021,18.0,3,2,0,0,9,0,1,,3,121,0,D,2,2,0,1,10,800,1,, -1,1,0,8,80,30,9,2021,01:00,3,60,60010,1,1,0,7,D121,49.2222828644,2.1005816458,1,4,1
202100050079,112Â 221,A01,10,3,2,0,0,-1,-1,2,1,1,2021,34.0,1,2,0,1,2,20,1,,6,CREDOS (SQUARE DES),0,,-1,1,0,2,0,0,1,, -1,1,0,8,30,26,2,2021,13:23,1,93,93031,1,9,0,6,CREDOS (SQUARE DES),48.9548320772,2.2997394619,13,2,1
202100006235,190Â 658,B01,1,1,1,0,2,0,-1,-1, -1,-1,2021,63.0,3,1,0,2,1,1,1,,4,BOIS BELIN (RUE DU),0,,2,2,0,1,0,0,1,, -1,2,0,1,50,25,11,2021,12:10,1,64,64024,2,1,1,3,BOIS BELIN (RUE DU),43.493,-1.51707,12,2,2
202100037911,133Â 899,B01,1,1,1,5,2,6,-1,0,0,-1,2021,49.0,2,1,0,2,3,1,1,,3,214,0,,2,2,0,2,5,600,2,, -1,1,0,1,80,28,5,2021,10:45,1,7,7080,1,1,0,1,lieu dit Malleval,45.061942,4.429223,10,2,2
202100010821,182Â 389,A01,10,3,1,0,0,-1,-1,4,3,1,2021,37.0,3,2,0,1,1,15,1,,4,,-1,,-1,2,0,1,(1),(1),1,,4,1,0,1,30,27,10,2021,07:05,5,59,59670,2,1,0,6,Rue Marcel Sembat,50.5497414671,2.9176922143,7,2,1
202100050767,110Â 935,B01,1,1,2,9,2,6,-1,0,0,-1,2021,22.0,1,1,0,2,3,1,1,,4,QUAI DE GRENELLE,0,,2,5,1,1,(1),(1),1,, -1,1,0,1,50,20,2,2021,13:15,1,75,75115,2,3,0,5,QUAI DE GRENELLE,48.8526,2.286181,13,3,3
202100054149,104Â 959,A01,7,2,2,5,8,-1,-1,0,0,-1,2021,8.0,1,2,0,2,3,1,1,,3,34,-1,,2,2,0,1,37,0,1,, -1,2,0,1,80,22,1,2021,18:00,3,58,58092,1,1,0,1,Chaumes d'Aron,47.180182,3.516607,18,5,2
202100033569,141Â 762,B01,1,1,1,5,8,0,-1,-1, -1,-1,2021,19.0,0,1,0,2,8,1,5,,4,DE GAULLE  (BOULEVARD DU GENERAL),0,,1,2,0,1,(1),(1),1,, -1,1,0,1,50,18,6,2021,20:00,1,59,59512,2,1,0,1,DE GAULLE  (BOULEVARD DU GENERAL),50.684182,3.171377,20,5,2
202100028647,150Â 509,A01,1,1,1,0,1,0,-1,-1, -1,-1,2021,38.0,1,2,0,2,3,13,1,,3,ROUTE DE CORNEILHAN (RD.154),0,,2,2,0,3,3,369,3,, -1,1,0,1,80,15,7,2021,06:57,1,34,34032,1,1,0,5,ROUTE DE CORNEILHAN (RD.154),43.3759,3.20559,6,3,3
202100037646,134Â 366,A01,1,1,1,5,0,-1,-1,0,0,-1,2021,53.0,2,1,0,0,4,2,5,,3,,-1,,1,1,0,1,(1),(1),2,, -1,1,0,1,50,28,5,2021,17:55,1,59,59462,2,6,0,2,Place Jean-Baptiste Coget,50.516995,3.017898,17,2,2
202100029203,149Â 554,B01,9,2,2,5,1,-1,-1,0,0,-1,2021,67.0,2,2,0,2,2,1,1,,3,901,0,,2,2,0,1,23,200,3,, -1,2,2,1,90,13,7,2021,16:30,1,12,12138,1,1,1,1,RD901,44.490256,2.448417,16,3,2
202100017121,171Â 031,A01,10,3,2,0,0,-1,-1,4,3,1,2021,30.0,2,2,0,1,3,1,1,,3,ARISTIDE BRIAND (BOULEVARD),0,,2,2,1,2,0,1,1,, -1,1,0,1,30,23,9,2021,19:20,2,93,93048,2,1,0,6,Boulevard Aristide Briand,48.877615,2.457068,19,2,1
202100026516,154Â 304,B01,1,1,1,0,2,0,-1,-1, -1,-1,2021,18.0,2,1,0,2,1,1,1,,4,MAURICE BARRES (BOULEVARD),0,,2,4,0,1,0,0,1,, -1,1,0,1,30,28,7,2021,11:59,1,92,92051,2,9,0,3,MAURICE BARRES (BOULEVARD),48.8796892051,2.2643731211,11,2,2
202100027016,153Â 425,A01,1,1,1,0,0,-1,-1,0,0,-1,2021,31.0,1,2,2,0,7,0,1,,2,3,0,,2,2,0,1,51,0,1,, -1,1,0,3,110,26,7,2021,13:40,1,988,98808,1,1,0,6,NÃ©divin (Tribu),-21.28787,165.559303,13,4,1
202100001055,199Â 874,A01,10,3,1,5,0,-1,-1,3,3,1,2021,84.0,1,5,0,1,2,16,1,,4,PLACE EMILE LANDRIN,0,,1,1,0,1,(1),(1),3,, -1,2,0,1,30,29,12,2021,09:45,1,75,75120,2,4,1,6,PLACE EMILE LANDRIN,48.864166,2.399893,9,2,1
202100014635,175Â 554,B01,1,1,2,9,2,0,-1,0,0,-1,2021,16.0,2,1,0,2,1,1,5,,4,AVENUE DE CHOISY,0,,2,3,0,1,(1),(1),1,, -1,1,0,1,30,7,10,2021,15:55,1,75,75113,2,3,0,3,AVENUE DE CHOISY,48.829028,2.357702,15,2,2
202100006139,190Â 837,A01,1,1,1,5,1,5,-1,0,0,-1,2021,26.0,3,2,2,0,3,1,1,,4,,-1,,2,2,0,1,(1),(1),3,,"3,5",2,0,3,80,26,11,2021,23:30,3,89,89364,1,1,1,6,Route de Nanchevres,47.470462,3.772393,23,2,1
202100045513,120Â 389,A01,10,3,1,0,0,-1,-1,2,3,2,2021,4.0,3,2,0,1,5,1,1,,4,,-1,,1,1,0,1,(1),(1),1,, -1,1,0,1,20,3,4,2021,10:15,1,56,56007,2,1,0,6,Place de la Republique,47.666334,-2.983308,10,2,1
202100026070,155Â 086,A01,1,1,2,0,1,-1,-1,0,0,-1,2021,55.0,1,2,0,0,1,0,1,,1,A16,0,,3,4,0,1,93,900,1,, -1,2,0,3,130,2,8,2021,12:48,1,60,60299,1,1,1,6,"Autoroute A16, pk 093.900 sens PARIS-BOULOGNE",49.6175219746,2.2092781694,12,1,1
202100042094,126Â 390,A01,1,1,1,1,2,6,-1,0,0,-1,2021,44.0,1,1,0,2,3,9,1,,2,12,0,N,3,4,0,1,28,0,1,, -1,1,0,1,110,29,4,2021,13:15,1,61,61404,1,9,0,3,RN 12 - PK 28,48.533203,0.511465,13,2,2
202100002381,197Â 527,A01,10,3,2,1,0,-1,-1,3,3,1,2021,54.0,2,2,0,1,2,1,1,,3,NOTRE-DAME-DE LORETTE (RUE DE),0,,2,2,0,2,30,156,1,, -1,2,0,1,50,17,12,2021,17:52,5,88,88160,2,1,1,6,NOTRE-DAME-DE LORETTE (RUE DE),48.17473,6.43435,17,2,1