Num_Acc,id_vehicule,num_veh,place,catu,sexe,trajet,secu1,secu2,secu3,locp,actp,etatp,year_acc,victim_age,senc,catv,obs,obsm,choc,manv,motor,occutc,catr,voie,v1,v2,circ,nbv,vosp,prof,pr,pr1,plan,lartpc,larrout,surf,infra,situ,vma,jour,mois,an,hrmn,lum,dep,com,agg_,int,atm,col,adr,lat,long,hour,nb_victim,nb_vehicules
202100018556,168Â 464,A01,1,1,2,4,2,6,-1,-1, -1,-1,2021,45.0,1,1,0,2,3,21,1,,4,LELEU ( RUE DU DOCTEUR ),0,,2,2,0,2,(1),(1),1,, -1,1,0,1,50,11,9,2021,14:00,1,62,62119,2,1,0,1,LELEU ( RUE DU DOCTEUR ),50.534453,2.643311,14,2,2
202100014325,176Â 098,A01,10,3,1,5,8,8,-1,5,5,1,2021,8.0,3,1,0,1,1,25,3,,5,TOUTES RUES,0,,-1,0,0,1,1,0,1,, -1,1,6,8,1,8,10,2021,17:15,1,202,202033,2,1,0,1,TOUTES RUES,42.70006,9.45123,17,2,1
202100042968,124Â 868,A01,1,1,1,5,2,6,-1,0,0,-1,2021,18.0,1,1,0,5,7,21,1,,3,83,0,,2,2,0,1,5,900,1,, -1,1,0,1,50,23,4,2021,16:45,1,70,70245,2,1,0,6,Les Chavannes,47.88818,6.376767,16,1,1
202100029525,149Â 019,A01,1,1,2,5,0,-1,-1,0,0,-1,2021,27.0,3,2,14,0,1,13,1,,4,,0,,2,1,0,1,(1),(1),1,,3,1,0,3,50,11,7,2021,20:55,2,45,45210,2,1,0,6,Chemin des Gravissants,47.862881,2.820944,20,1,1
202100024788,157Â 340,A01,1,1,1,0,1,-1,-1,0,0,-1,2021,70.0,1,2,0,2,8,1,2,,3,403,-1,,2,2,0,1,70,662,1,, -1,1,0,1,80,11,8,2021,08:35,1,77,77355,1,2,0,6,Intersection D209 / D403,48.486967,3.212251,8,8,3
202100056260,101Â 333,A01,1,1,2,1,2,0,-1,-1, -1,-1,2021,23.0,2,1,0,2,1,1,1,,4,,0,,2,2,1,1,(1),(1),1,, -1,2,0,1,50,4,1,2021,13:00,1,37,37261,2,1,0,6,198 Rue Auguste Chevallier,47.3765852567,0.679333739,13,5,2
202100049661,112Â 972,A01,1,1,1,1,2,6,-1,0,0,-1,2021,39.0,3,1,0,2,1,1,1,,4,AVENUE DE NEW YORK,0,,1,2,0,2,(1),(1),1,, -1,1,1,1,50,24,2,2021,13:24,1,75,75116,2,1,0,2,AVENUE DE NEW YORK,48.8584799404,2.288787961,13,2,2
202100020255,165Â 430,B01,2,2,1,0,2,6,-1,-1, -1,-1,2021,16.0,2,1,0,2,1,26,1,,3,ETREMBIERES (ROUTE D'),0,,2,2,0,1,0,1,3,, -1,1,2,1,50,7,9,2021,11:25,1,74,74012,2,3,0,3,ETREMBIERES (ROUTE D'),46.18367,6.23089,11,3,2
202100046636,118Â 404,A01,1,1,1,4,2,6,-1,0,0,-1,2021,31.0,1,1,0,2,7,7,1,,4,AVENUE JEAN JAURES,0,,4,4,3,1,(1),(1),1,, -1,1,-1,6,50,24,3,2021,21:10,5,75,75119,2,2,0,3,AVENUE JEAN JAURES,48.885923,2.382206,21,2,2
202100048448,115Â 159,B01,1,1,1,2,8,0,-1,-1, -1,-1,2021,16.0,1,1,0,2,1,1,5,,3,CAMILLE MOUQUET (R),0,,2,2,0,1,0,0,1,, -1,2,0,1,30,11,3,2021,08:15,1,94,94018,2,3,0,3,GRAVELLE (AV DE),48.82527,2.4097,8,2,2
202100021601,163Â 018,B01,1,1,1,5,1,8,-1,-1, -1,-1,2021,25.0,2,2,4,2,1,17,1,,3,R D 900,0,,3,4,0,1,25,460,1,, -1,1,0,1,70,30,8,2021,20:15,1,66,66136,1,1,0,1,R D 900,42.6790037978,2.8727652133,20,2,2
202100016345,172Â 417,A01,10,3,1,5,0,-1,-1,3,3,2,2021,7.0,2,1,0,1,0,26,1,,3,ARGENTEUIL AV D',0,,2,2,0,1,0,0,1,, -1,2,9,1,50,27,9,2021,13:20,1,92,92004,2,3,1,6,ARGENTEUIL AV D',48.9112901352,2.2853654623,13,2,1
202100050577,111Â 281,A01,1,1,1,0,1,0,-1,0,0,-1,2021,24.0,2,2,2,0,1,1,1,,3,CD181,0,,2,3,0,2,3,0,3,, -1,2,0,1,70,16,2,2021,22:41,3,57,57591,1,1,1,6,RD181,49.2395,6.06728,22,1,1
202100009655,184Â 448,A01,1,1,1,5,2,-1,-1,0,0,-1,2021,41.0,1,1,0,0,7,1,1,,2,RN2,-1,,2,2,0,2,(1),(1),1,, -1,1,0,1,50,3,11,2021,20:25,3,974,97412,2,2,0,7,Rue RaphaÃ«l Babet,-21.380761,55.614569,20,1,1
202100034025,140Â 943,B01,2,2,2,3,1,8,-1,-1, -1,-1,2021,73.0,2,2,0,2,7,1,1,,4,,0,,1,1,0,1,(1),(1),1,, -1,1,0,1,50,11,6,2021,19:25,1,89,89387,2,2,0,3,BELLOCIER (RUE),48.19734,3.27127,19,3,2
202100054206,104Â 857,A01,2,2,2,0,2,6,-1,-1, -1,-1,2021,19.0,1,1,0,0,1,9,1,,1,A87N,0,,2,4,0,1,1,0,3,, -1,2,0,1,70,21,1,2021,05:40,3,49,49267,2,1,1,7,A87N,47.4667091633,-0.5161959704,5,2,1
202100043082,124Â 666,A01,10,3,2,5,0,-1,-1,2,3,1,2021,69.0,1,5,0,1,1,1,1,,9,,-1,,1,1,0,1,(1),(1),2,, -1,1,0,1,50,23,4,2021,10:45,1,84,84137,2,9,0,1,Cours Taulignan,44.241763,5.077009,10,2,1
202100004697,193Â 378,B01,3,2,1,2,1,-1,-1,-1,0,-1,2021,8.0,3,2,0,2,3,21,1,,4,RUE JEAN MOULIN,0,,2,2,0,1,(1),(1),1,, -1,2,0,1,50,3,12,2021,09:45,1,95,95268,2,3,1,3,Rue Jean Moulin,48.961879777,2.4122312665,9,3,2
202100053633,105Â 860,B01,2,2,2,9,2,6,-1,-1, -1,-1,2021,31.0,1,1,0,2,8,1,1,,3,AV PRESIDENT JOHN FITZGERALD KENNEDY ,0,,1,2,0,1,1,0,1,, -1,1,0,1,50,26,1,2021,11:00,1,94,94078,2,1,0,3,PRESIDENT JOHN FITZGERALD KENNEDY (AV DU,48.73412,2.46315,11,3,2
202100003348,195Â 779,A01,1,1,1,1,1,-1,-1,0,0,-1,2021,26.0,1,2,0,2,1,13,1,,3,611,0,,2,2,0,1,18,500,1,, -1,2,0,1,90,11,12,2021,18:30,3,86,86139,1,1,1,1,D611,46.431281,0.103062,18,2,2
202100035542,138Â 179,B01,1,1,1,4,2,6,-1,0,0,-1,2021,58.0,2,1,0,2,1,2,1,,4,RUE DES JARDINIERS,0,,1,1,0,2,(1),(1),1,, -1,1,0,1,50,9,6,2021,11:40,1,75,75112,2,1,0,2,RUE DES JARDINIERS,48.834333,2.396228,11,2,2
202100055548,102Â 565,A01,10,3,1,0,0,-1,-1,1,3,1,2021,75.0,0,2,0,1,1,26,1,,4,HENRI DUNANT (AVENUE),0,,2,0,0,1,0,0,1,, -1,1,0,1,50,11,1,2021,18:35,5,93,93071,2,1,0,6,HENRI DUNANT (AVENUE),48.9379252906,2.5225627665,18,2,1
202100046708,118Â 286,A01,1,1,1,0,1,0,-1,-1, -1,-1,2021,21.0,1,2,14,0,9,0,1,,1,A55-Sens Martigues vers Marseille,0,,1,3,0,1,13,0,1,, -1,8,0,1,90,24,3,2021,14:30,1,13,13071,1,1,0,6,A55-Sens Martigues vers Marseille,43.396243,5.298855,14,1,1
202100039841,130Â 366,A01,1,1,2,9,1,0,-1,0,0,-1,2021,54.0,2,2,1,0,2,14,1,,4,RUE D ALESIA,0,,2,1,0,2,(1),(1),1,, -1,2,0,1,50,15,5,2021,12:30,1,75,75114,2,1,1,6,RUE D ALESIA,48.826611,2.340749,12,1,1
202100014128,176Â 434,B01,1,1,1,0,8,-1,-1,-1, -1,-1,2021,47.0,2,1,0,2,8,19,5,,4,GAMBETTA                            (CO),0,,1,2,3,1,(1),(1),1,, -1,1,0,1,50,10,10,2021,00:15,5,69,69383,2,2,0,3,GAMBETTA (CR),45.7539512998,4.8469099402,0,2,2
202100017692,169Â 996,A01,10,3,1,0,0,-1,-1,2,3,3,2021,16.0,1,2,0,1,3,1,1,,4,GARCIA CHRISTINO,0,,1,1,0,1,0,1,1,, -1,1,0,1,50,20,9,2021,14:55,1,93,93066,2,2,0,6,Rue Cristino Garcia / Passage Boise,48.916538,2.363,14,2,1
202100053596,105Â 916,A01,10,3,1,2,0,-1,-1,3,3,2,2021,8.0,1,2,0,1,1,1,1,,4,,0,,2,0,0,1,(1),(1),1,, -1,1,6,1,50,26,1,2021,08:15,1,45,45004,2,1,0,6,552 Rue de la CheminÃ©e Peynault,47.99759,2.75884,8,2,1
202100019455,166Â 862,A01,1,1,1,5,2,6,9,0,0,-1,2021,55.0,0,1,0,0,0,1,1,,3,285,0,A,2,2,0,2,3,8,3,, -1,1,0,1,80,27,5,2021,16:20,1,38,38075,1,1,0,7,D285a,45.478535,5.935458,16,1,1
202100009519,184Â 697,B01,1,1,2,0,8,-1,-1,0,0,-1,2021,27.0,3,2,0,2,3,1,1,,4,,-1,,2,2,0,1,(1),(1),1,,4,1,0,1,-1,5,11,2021,08:40,1,1,1069,2,1,0,1,Chemin des Buclanes,46.153943,5.262194,8,2,2
202100013452,177Â 694,A01,1,1,1,5,0,-1,-1,0,0,-1,2021,48.0,0,1,0,0,4,1,5,,3,3,0,,2,2,0,1,0,100,3,, -1,1,0,1,90,13,10,2021,19:40,3,60,60029,1,1,0,2,Route de Villotran,49.357869,1.983637,19,2,2
202100043849,123Â 294,A01,2,2,2,0,1,0,-1,-1, -1,-1,2021,34.0,1,2,0,2,2,2,1,,1,AUTOROUTE A6,0,,3,6,0,3,17,729,1,, -1,1,0,1,110,16,4,2021,14:45,1,91,91589,1,1,0,2,AUTOROUTE A6,48.6738,2.3428,14,3,2
202100055546,102Â 568,A01,1,1,1,2,2,6,-1,-1, -1,-1,2021,19.0,0,1,0,0,3,0,0,,3,MARX DORMOY (AV),0,,-1,3,0,1,1,0,1,, -1,2,0,1,50,11,1,2021,08:05,5,94,94017,2,3,0,6,MARX DORMOY (AV),48.8063,2.53004,8,2,2
202100047545,116Â 781,A01,1,1,1,0,2,8,-1,-1, -1,-1,2021,44.0,1,1,0,0,0,1,5,,3,,-1,,2,-1,-1,1,(1),(1),2,, -1,8,0,1,-1,18,3,2021,17:30,1,92,92004,2,3,0,7,CHANZY ( RUE DE ),48.9098081991,2.2726544738,17,1,1
202100044789,121Â 653,A01,10,3,1,9,0,-1,-1,1,3,1,2021,57.0,3,2,0,1,3,15,1,,4,LECLERC (DU MARECHAL),0,,1,1,3,1,0,0,1,, -1,1,6,6,30,6,4,2021,08:05,1,974,97411,2,2,0,6,LECLERC (DU MARECHAL),-20.87959,55.45161,8,3,1
202100051080,110Â 371,A01,1,1,2,1,2,6,-1,0,0,-1,2021,39.0,2,1,0,0,0,21,1,,4,RUE GALVANI,0,,1,1,0,1,(1),(1),1,, -1,2,0,1,50,17,2,2021,09:10,1,75,75117,2,2,0,7,RUE GALVANI,48.883984,2.290875,9,1,1
202100041868,126Â 787,C01,4,2,1,4,1,0,0,-1, -1,-1,2021,49.0,1,4,0,2,4,1,1,,4,OASIS (ROCADE DE L'),0,,2,2,0,2,0,0,1,, -1,1,0,1,50,30,4,2021,13:00,1,974,97411,2,1,0,4,Rocade de lâOasis,-20.89866,55.46728,13,5,3
202100052048,108Â 680,A01,1,1,1,1,2,6,-1,-1, -1,-1,2021,39.0,1,1,0,2,7,2,1,,4,GARENNE (R DE LA),0,,2,2,0,2,1,0,1,, -1,1,0,1,50,9,2,2021,14:05,1,94,94034,2,3,0,3,GARENNE (R DE LA),48.75882,2.32694,14,2,2
202100054528,104Â 306,A01,1,1,1,0,2,-1,-1,0,0,-1,2021,18.0,1,1,0,2,1,17,1,,4,Avenue du GÃ©nÃ©ral de Gaulle,-1,,2,2,0,1,(1),(1),1,, -1,1,0,1,30,19,1,2021,13:00,1,33,33056,2,3,0,3,Avenue du GÃ©nÃ©ral de Gaulle,44.911556,-0.636912,13,2,2
202100015580,173Â 835,C01,3,2,1,9,1,8,-1,-1, -1,-1,2021,40.0,2,2,0,2,4,2,1,,4,BERANGER (BOULEVARD),0,,2,4,0,1,(1),(1),1,, -1,1,0,1,50,30,9,2021,17:20,1,37,37261,2,1,0,4,BERANGER (BOULEVARD),47.3891968251,0.682411537,17,5,3
202100048688,114Â 725,B01,1,1,1,1,1,8,-1,-1, -1,-1,2021,43.0,1,2,0,2,0,24,3,,4,VERDOUBLE (RUE DU),0,,2,2,0,1,(1),(1),1,, -1,1,0,1,50,6,3,2021,11:20,1,11,11262,2,1,0,6,VERDOUBLE (RUE DU),43.18278,2.97776,11,2,2
202100056396,101Â 094,B01,1,1,2,0,1,5,-1,-1, -1,-1,2021,33.0,2,2,0,2,3,21,1,,4,PONT DE LA MENOGE,0,,2,2,0,1,0,1,3,, -1,2,2,1,50,1,1,2021,16:25,1,74,74298,1,1,1,1,PONT DE LA MENOGE,46.17,6.26618,16,5,2
202100035954,137Â 417,B01,1,1,1,2,0,0,-1,-1, -1,-1,2021,17.0,1,1,0,0,0,0,5,,3,MARECHAL LECLERC (BD DU),0,,1,1,1,2,1,0,3,, -1,1,9,1,50,7,6,2021,18:05,1,94,94042,2,9,0,3,Boulevard du MarÃ©chal Leclerc,48.813006,2.468433,18,2,2
202100052433,107Â 990,B01,1,1,1,1,2,8,-1,-1, -1,-1,2021,46.0,1,1,0,2,1,1,1,,3,BRIENNON (RT DE),0,,2,2,0,1,13,900,1,, -1,1,0,1,50,5,2,2021,07:05,5,42,42127,2,3,0,3,Route de Briennon,46.0697909658,4.0738033578,7,2,2
202100011674,180Â 857,A01,10,3,1,5,0,-1,-1,5,1,1,2021,53.0,1,2,0,1,2,26,1,,4,GAMBETTA (AVENUE),0,,2,1,0,1,0,0,1,, -1,1,0,1,50,21,10,2021,22:35,5,93,93007,2,1,0,6,GAMBETTA (AVENUE),48.9358942391,2.4789458513,22,2,1
202100044127,122Â 799,A01,1,1,1,0,2,6,-1,-1, -1,-1,2021,23.0,1,1,3,0,9,0,1,,3,GEORGES POMPIDOU,0,,2,2,0,1,42,599,1,,"7,8",1,0,1,80,10,4,2021,10:15,3,79,79191,2,1,0,6,Boulevard Georges Pompidou,46.29728,-0.47294,10,1,1
202100030746,146Â 802,B01,2,2,2,5,1,-1,-1,-1, -1,-1,2021,76.0,2,2,0,2,4,9,1,,7,CHARLES DE GAULLE                   (AV),0,,3,4,3,1,(1),(1),1,, -1,1,0,1,50,30,6,2021,15:35,1,69,69259,2,9,0,4,CHARLES DE GAULLE (AV),45.71303,4.89871,15,5,3
202100041241,127Â 884,B01,1,1,1,5,8,0,-1,0,0,-1,2021,30.0,1,1,0,0,8,13,5,,3,MELLENNE (A.),0,,2,2,0,1,(1),(1),1,, -1,1,0,1,50,4,5,2021,21:30,5,60,60665,2,3,0,3,Rue AndrÃ© Mellenne,49.414,2.8,21,2,2
202100035893,137Â 530,A01,2,2,1,5,2,8,-1,-1, -1,-1,2021,17.0,1,1,0,2,1,17,1,,4,CORPS FRANC POMMIES ET 49 RI DU,0,,2,3,1,1,0,0,1,, -1,1,0,1,50,7,6,2021,10:30,1,64,64445,2,1,0,3,CORPS FRANC POMMIES ET 49 RI DU,43.30717,-0.3359,10,3,2
202100038303,133Â 177,B01,1,1,1,5,2,6,-1,-1, -1,-1,2021,43.0,1,1,0,2,1,1,1,,1,TVPCM-Sens Saint Victor vers Les Ports,0,,1,2,0,1,1,809,1,, -1,1,1,1,50,23,5,2021,16:50,1,13,13202,1,1,0,2,TVPCM-Sens Saint Victor vers Les Ports,43.31314,5.36816,16,2,2
202100038828,132Â 221,A01,2,2,2,5,2,6,-1,0,0,-1,2021,59.0,2,1,0,6,1,1,1,,2,85,-1,,2,2,0,1,68,140,3,, -1,1,0,1,80,23,5,2021,17:15,1,4,4055,1,1,0,6,RN 85,43.98027,6.305219,17,2,1
202100034380,140Â 286,B01,1,1,1,1,2,-1,-1,0,0,-1,2021,53.0,1,1,0,2,1,1,1,,3,1201,0,,3,2,0,2,(1),(1),1,, -1,1,0,1,50,15,6,2021,23:05,5,74,74010,2,1,0,2,163 Av d Aix les Bains (Seynod),45.883564,6.098612,23,2,2
202100042202,126Â 186,B01,1,1,1,5,2,0,-1,-1, -1,-1,2021,29.0,1,1,0,2,7,1,5,,3,ROBERT GALLEY (RUE),0,,1,2,1,1,(1),(1),1,, -1,1,0,1,50,27,4,2021,19:01,1,10,10387,2,6,0,3,ROBERT GALLEY (RUE),48.28998,4.06776,19,2,2
202100008297,186Â 891,A01,1,1,2,5,1,-1,-1,0,0,-1,2021,67.0,1,2,13,0,8,1,1,,3,38,-1,D,-1,2,0,1,33,900,2,, -1,2,0,1,70,13,11,2021,12:00,1,29,29126,1,1,0,6,D38 - Lieu Dit Coat Saliou,48.552953,-4.404913,12,1,1
202100003609,195Â 294,B01,2,2,1,5,1,0,-1,-1, -1,-1,2021,43.0,1,2,0,2,4,1,1,,4,,0,,2,2,0,1,(1),(1),1,, -1,1,0,1,30,8,12,2021,08:20,1,66,66136,2,1,0,2,ALDUY (Paul),42.6775820697,2.905164957,8,3,2
202100033364,142Â 131,B01,1,1,1,0,2,6,-1,-1, -1,-1,2021,34.0,3,1,0,2,1,21,1,,4,LYON (RUE DE),0,,2,2,0,1,(1),(1),1,, -1,1,0,1,50,14,6,2021,08:45,1,13,13215,2,1,0,3,LYON (RUE DE),43.32396,5.36744,8,2,2
202100050102,112Â 182,B01,1,1,1,1,2,-1,-1,0,0,-1,2021,27.0,2,1,0,2,1,2,1,,3,986,-1,,3,2,0,1,54,42,1,, -1,1,0,1,90,26,2,2021,18:30,1,34,34192,1,1,0,2,D 986,43.538675,3.899809,18,2,2
202100050743,110Â 981,A01,1,1,1,3,1,-1,-1,-1, -1,-1,2021,71.0,2,2,14,0,3,1,1,,4,DRUART (RUE EMILE),0,,2,2,0,1,(1),(1),1,, -1,1,0,8,50,20,2,2021,09:50,1,51,51454,2,1,0,7,Rue Emile Druart,49.2705686665,4.0002805524,9,1,1
202100019501,166Â 773,B01,1,1,1,1,2,8,-1,-1, -1,-1,2021,27.0,2,1,0,2,1,1,1,,4,LAFON (RUE),0,,1,2,0,2,0,0,1,, -1,1,9,1,30,11,9,2021,06:45,2,13,13206,2,9,0,3,LAFON (RUE),43.2915049531,5.3818081929,6,4,2
202100009453,184Â 806,A01,1,1,1,4,1,0,-1,-1, -1,-1,2021,56.0,1,5,0,0,9,1,1,,3,ROCADE OUEST (RD 610),0,,1,1,0,2,0,0,2,, -1,2,0,3,50,3,11,2021,08:48,1,10,10333,2,1,1,6,ROCADE OUEST (RD 610),48.26943,4.05029,8,4,1
202100035281,138Â 639,B01,1,1,1,3,8,0,-1,-1, -1,-1,2021,81.0,3,1,0,2,1,16,5,,4,DE GAULLE (BOULEVARD DU GAL),0,,2,2,0,1,(1),(1),1,, -1,1,0,1,50,9,6,2021,12:20,1,17,17461,2,2,0,1,DE GAULLE (BOULEVARD DU GAL),45.647882,-1.061269,12,2,2
202100008468,186Â 601,A01,1,1,1,5,2,0,-1,-1, -1,-1,2021,59.0,1,1,0,2,2,17,1,,4,WICHITA (AVENUE DE),0,,2,2,0,1,0,0,1,, -1,1,0,1,50,10,11,2021,13:50,1,45,45234,2,1,0,3,WICHITA (AVENUE DE),47.91235,1.92664,13,2,2
202100021019,164Â 092,B01,1,1,1,0,8,0,-1,-1, -1,-1,2021,60.0,3,1,0,2,0,1,5,,4,HUGO VICTOR (RUE) HORS JARDIN PUBLIQUE,0,,2,3,0,1,0,0,1,, -1,1,5,1,50,3,9,2021,22:25,5,72,72181,2,1,0,1,HUGO VICTOR (RUE) HORS JARDIN PUBLIQUE,47.99948,0.19975,22,2,2
202100025995,155Â 215,A01,2,2,1,5,1,0,-1,-1, -1,-1,2021,23.0,1,2,0,2,1,2,1,,2,33 PK RN11 NANTES ROCADE,0,,3,4,0,1,34,171,1,, -1,1,0,1,70,1,8,2021,14:27,1,17,17291,1,1,0,2,33 PK RN11 NANTES ROCADE,46.17494,-1.11075,14,3,2
202100013151,178Â 240,B01,1,1,1,4,1,-1,-1,0,0,-1,2021,54.0,1,5,0,2,3,1,1,,3,930,0,D,2,1,0,3,22,500,1,, -1,1,0,1,80,8,10,2021,11:45,1,60,60365,1,3,0,1,,49.5945505057,2.0318062595,11,2,2
202100040875,128Â 562,A01,1,1,1,1,2,6,-1,-1, -1,-1,2021,61.0,1,1,0,2,0,26,1,,2,SAMPIERO CORSO - AV,0,,3,4,0,2,1,0,1,, -1,1,9,6,50,7,5,2021,13:55,1,202,202033,2,1,0,3,SAMPIERO CORSO - AV,42.66702,9.4428,13,2,2
202100050873,110Â 743,A01,4,2,1,0,8,0,-1,-1, -1,-1,2021,20.0,2,2,12,0,1,26,1,,2,RN1338,0,,1,3,0,1,8,900,2,, -1,2,0,1,50,17,2,2021,00:25,4,76,76540,2,6,0,7,RN1338,49.4375174753,1.0665643215,0,3,1
202100043028,124Â 763,A01,10,3,1,0,0,-1,-1,2,3,1,2021,77.0,1,2,0,1,4,4,1,,4,CLOS NEUF (RUE DU),0,,2,2,0,1,(1),(1),1,, -1,1,0,1,50,22,4,2021,14:35,1,45,45285,2,1,0,6,Rue du Clos Neuf,47.906116,1.876014,14,2,1
202100023474,159Â 666,A01,1,1,1,9,2,6,-1,0,0,-1,2021,23.0,1,1,0,0,3,1,1,,3,131,0,,2,2,0,1,22,885,2,, -1,8,0,1,80,18,8,2021,16:45,1,38,38051,1,1,0,7,D131,45.318901,4.91709,16,1,1
202100006895,189Â 445,B01,2,2,1,0,1,0,-1,-1, -1,-1,2021,34.0,1,2,0,2,3,2,1,,1,AUTOROUTE A86,0,,3,6,0,1,24,899,1,, -1,1,0,1,90,22,11,2021,01:30,3,93,93010,1,1,0,5,AUTOROUTE A86,48.889,2.47426,1,5,3
202100035513,138Â 233,A01,1,1,2,5,2,6,-1,-1, -1,-1,2021,58.0,1,1,0,2,1,1,1,,2,116 PK RN137 ROCHEFORT JUSTICE,0,,3,4,0,1,11,681,1,, -1,1,0,1,90,9,6,2021,17:01,1,17,17300,1,1,0,2,116 PK RN137 ROCHEFORT JUSTICE,46.16856,-1.12072,17,2,2
202100005173,192Â 532,A01,1,1,1,9,8,-1,-1,0,0,-1,2021,40.0,1,2,13,0,1,21,1,,3,174,-1,,2,2,0,2,3,0,1,, -1,2,0,1,80,3,12,2021,15:25,1,95,95355,1,1,1,6,RD 174,49.157005,1.831489,15,1,1
202100025322,156Â 395,A01,1,1,1,1,2,0,-1,0,0,-1,2021,25.0,2,1,0,2,2,1,1,,2,JEAN JAURES ( AVENUE ),0,,2,2,0,1,38,910,1,, -1,1,0,1,50,5,8,2021,15:25,1,5,5061,2,3,0,3,JEAN JAURES ( AVENUE ),44.5506750764,6.069525776,15,2,2
202100028061,151Â 554,B01,2,2,1,5,2,-1,-1,0,0,-1,2021,21.0,1,1,0,2,1,1,1,,3,211,-1,D,2,2,0,1,7,590,2,, -1,1,2,1,50,20,7,2021,19:00,1,33,33322,1,1,0,1,allÃ©e Montesquieu,44.961792,-0.649545,19,3,2
202100019934,166Â 002,A01,1,1,1,9,2,8,-1,-1, -1,-1,2021,18.0,2,1,1,2,2,17,1,,3,50,0,,2,2,0,1,0,0,1,, -1,1,0,1,50,9,9,2021,17:15,1,92,92012,2,1,0,3,REPUBLIQUE (BOULEVARD DE LA) 5/77BIS - 6,48.83289,2.24717,17,2,2
202100051746,109Â 201,A01,1,1,1,1,1,-1,-1,0,0,-1,2021,24.0,2,2,2,0,1,1,1,,3,13,0,,2,2,0,1,53,800,1,, -1,5,0,3,80,12,2,2021,13:45,1,72,72376,1,1,0,6,"RD 13, PK 53+800",47.877879,0.522744,13,1,1
202100030370,147Â 477,A01,10,3,1,5,0,-1,-1,3,3,1,2021,30.0,2,2,0,1,2,1,1,,4,BERANGER (BOULEVARD),0,,2,4,0,1,(1),(1),1,, -1,1,0,1,50,6,7,2021,10:55,1,37,37261,2,1,0,6,BERANGER (BOULEVARD),47.3884177345,0.6768014432,10,2,1
202100054098,105Â 047,A01,1,1,1,4,2,6,-1,0,0,-1,2021,40.0,3,1,0,2,1,18,3,,4,AVENUE DE LA PORTE DE VINCENNES,0,,2,6,1,2,(1),(1),1,, -1,1,0,1,50,22,1,2021,11:20,1,75,75120,2,2,0,3,AVENUE DE LA PORTE DE VINCENNES,48.846705,2.415874,11,2,2
202100051030,110Â 455,A01,10,3,2,0,0,-1,-1,5,1,1,2021,55.0,1,5,0,1,4,4,1,,4,FREPPEL (RUE MONSEIGNEUR ),0,,2,1,0,2,0,0,1,, -1,1,0,8,50,17,2,2021,14:25,1,83,83137,2,1,0,6,FREPPEL (RUE MONSEIGNEUR ),43.11097,5.95229,14,2,1
202100031401,145Â 627,A01,1,1,1,1,1,-1,-1,-1, -1,-1,2021,35.0,2,2,0,2,1,13,1,,2,ROUTE NATIONALE 230,0,,3,6,0,1,36,160,2,, -1,1,0,1,90,2,7,2021,16:00,1,33,33167,1,1,0,2,Rocade Rive Droite N230,44.819491,-0.5200031,16,3,2
202100055355,102Â 891,A01,1,1,1,4,2,0,-1,0,0,-1,2021,32.0,2,1,0,2,0,1,1,,4,AVENUE DU GENERAL LECLERC,0,,2,4,0,1,(1),(1),1,, -1,2,0,1,50,12,1,2021,12:40,1,75,75114,2,1,1,6,AVENUE DU GENERAL LECLERC,48.830515,2.329165,12,2,2
202100029361,149Â 290,A01,1,1,1,5,2,6,9,0,0,-1,2021,27.0,1,1,0,6,1,1,1,,3,203,0,,2,2,0,1,2,300,1,, -1,1,0,1,80,12,7,2021,01:10,3,56,56207,1,1,0,6,Kernestic,47.93192,-3.016848,1,1,1
202100037082,135Â 417,B01,3,2,1,9,1,-1,-1,0,0,-1,2021,71.0,2,2,0,0,1,1,1,,3,9,-1,D,2,2,0,1,18,825,1,, -1,1,0,1,80,1,6,2021,14:05,1,33,33254,1,2,0,3,,44.548261,-0.0346,14,4,2
202100044265,122Â 544,A01,1,1,1,5,8,0,-1,-1, -1,-1,2021,22.0,3,1,1,0,1,26,0,,6,ROTONDE AVENUE DE LA,0,,-1,0,0,1,(1),(1),1,, -1,1,0,1,50,11,4,2021,17:05,1,59,59350,1,1,0,6,ROTONDE AVENUE DE LA,50.6418061142,3.0043738751,17,1,1
202100004389,193Â 909,B01,1,1,2,1,1,4,-1,-1, -1,-1,2021,34.0,1,2,0,2,4,1,1,,2,RN406.Y,0,,1,2,0,1,4,0,4,, -1,2,0,1,70,6,12,2021,10:10,1,94,94044,1,1,1,2,RN406.Y,48.7580324619,2.470953226,10,2,2
202100004729,193Â 324,B01,1,1,2,0,8,-1,-1,-1, -1,-1,2021,27.0,1,2,1,2,2,15,1,,7,JEAN JAURES                         (AV),0,,2,2,0,1,3,500,1,, -1,1,0,1,50,3,12,2021,16:50,5,69,69275,2,1,0,3,JEAN JAURES (AV),45.7702445459,4.9547481537,16,3,2
202100048191,115Â 614,A01,1,1,1,5,2,6,-1,0,0,-1,2021,59.0,1,1,2,0,1,13,1,,3,46,-1,,2,2,0,2,2,870,3,, -1,1,0,3,80,14,3,2021,14:00,1,18,18156,1,1,0,6,RD 46,47.268499,2.595799,14,1,1
202100033231,142Â 366,A01,1,1,1,5,2,6,-1,0,0,-1,2021,59.0,2,1,13,0,1,1,1,,3,749,0,,2,2,0,2,7,895,1,, -1,1,0,1,80,20,6,2021,10:40,1,86,86275,1,1,0,6,Lieu-dit La MorniÃ¨re,46.871936,0.480566,10,1,1