Num_Acc,id_vehicule,num_veh,place,catu,sexe,trajet,secu1,secu2,secu3,locp,actp,etatp,year_acc,victim_age,senc,catv,obs,obsm,choc,manv,motor,occutc,catr,voie,v1,v2,circ,nbv,vosp,prof,pr,pr1,plan,lartpc,larrout,surf,infra,situ,vma,jour,mois,an,hrmn,lum,dep,com,agg_,int,atm,col,adr,lat,long,hour,nb_victim,nb_vehicules
202100013960,176Â 747,B01,1,1,1,1,2,6,-1,0,0,-1,2021,39.0,2,1,0,2,2,17,1,,3,905,0,D,2,2,1,1,113,970,1,, -1,1,0,1,50,12,10,2021,13:10,1,21,21038,2,2,0,3,Avenue du General de Gaulle,47.188925,5.396765,13,2,2
202100009527,184Â 682,A01,1,1,1,0,8,-1,-1,0,0,-1,2021,24.0,1,2,0,2,1,13,1,,2,1,0,A,2,2,0,1,266,40,1,, -1,1,0,1,90,4,11,2021,20:15,3,988,98811,1,1,0,5,RT1,-21.093469,164.887061,20,5,3
202100035477,138Â 297,A01,10,3,1,0,0,-1,-1,3,3,1,2021,14.0,1,2,0,1,1,1,1,,4,DESNOYE (BOULEVARD DR. JOSEPH),0,,3,3,0,1,(1),(1),1,, -1,1,0,1,50,9,6,2021,08:15,1,66,66136,2,6,0,6,DESNOYE (BOULEVARD DR. JOSEPH),42.7058501412,2.8847882152,8,2,1
202100033711,141Â 505,A01,1,1,1,5,2,6,-1,0,0,-1,2021,17.0,2,1,0,2,1,19,1,,3,71,0,D,2,2,0,1,0,0,1,, -1,1,5,1,50,19,6,2021,15:40,1,38,38457,2,2,0,3,Route de la Cote Saint Andre,45.329326,5.266571,15,3,2
202100000523,200Â 764,A01,1,1,1,5,1,8,-1,-1, -1,-1,2021,27.0,2,2,4,0,3,13,1,,2,165,0,,1,2,0,2,98,278,3,, -1,2,3,3,70,29,12,2021,09:35,1,56,56185,1,1,0,6,N165 bretelle Ã©changeur,47.7712,-3.37773,9,1,1
202100033489,141Â 914,A01,9,2,2,5,8,-1,-1,0,0,-1,2021,20.0,2,3,1,0,2,1,1,12.0,1,62,0,A,3,4,0,3,78,662,3,, -1,1,0,1,100,27,5,2021,15:10,1,47,47159,1,1,0,2,PK 78+662,44.39675,0.192089,15,13,2
202100043284,124Â 296,B01,1,1,1,1,1,-1,-1,0,0,-1,2021,49.0,2,2,0,2,5,1,1,,3,306,-1,,2,2,0,3,31,175,1,, -1,1,0,1,90,2,4,2021,14:38,1,72,72110,1,1,0,6,D306,47.743248,-0.142533,14,4,4
202100041710,127Â 054,A01,1,1,2,1,1,-1,-1,0,0,-1,2021,22.0,1,2,2,0,2,21,1,,3,220,0,,2,2,0,1,8,240,1,, -1,1,0,3,80,3,5,2021,12:00,1,39,39189,1,1,0,6,,47.077291,5.393028,12,1,1
202100002709,196Â 931,A01,10,3,2,3,0,-1,-1,3,3,1,2021,91.0,1,2,0,1,1,1,1,,3,,0,,2,2,0,1,6,640,1,,7,1,0,1,50,18,12,2021,11:39,1,35,35228,2,1,1,6,Rue de Dinan,48.579393,-2.058831,11,2,1
202100048274,115Â 461,A01,10,3,1,0,0,-1,-1,2,3,1,2021,84.0,1,2,0,1,1,15,1,,3,TALABOT (BOULEVARD),0,,1,2,0,1,0,0,1,, -1,1,0,1,50,12,3,2021,16:25,1,30,30189,2,2,0,6,TALABOT (BOULEVARD),43.8384372571,4.3724750876,16,2,1
202100033825,141Â 295,B01,1,1,1,5,0,-1,-1,0, -1,-1,2021,49.0,0,1,0,2,7,19,5,,4,COURCELLES (RUE DE) DU 1 AU 97 ET 2 A 22,0,,2,2,0,1,(1),(1),1,, -1,1,5,1,50,16,6,2021,22:35,5,51,51454,2,3,0,3,Rue de Courcelles,49.25764,4.02194,22,2,2
202100005499,191Â 962,B01,8,2,2,1,8,0,-1,0,0,-1,2021,21.0,2,3,0,2,1,1,1,2.0,4,RENOUX (PLACE),0,,2,4,0,1,(1),(1),1,, -1,1,0,1,50,27,11,2021,10:38,1,63,63113,2,2,0,3,RENOUX (PLACE),45.77578,3.08547,10,3,2
202100011453,181Â 246,A01,1,1,1,5,8,-1,-1,0,0,-1,2021,25.0,0,1,0,0,0,1,1,,9,,-1,,-1,2,0,1,(1),(1),1,,4,6,0,8,-1,24,10,2021,12:00,1,76,76709,1,1,0,3,rue worms route de la marre pigeonniere,49.4800038175,0.8181484043,12,2,2
202100031570,145Â 323,Z01,10,3,1,9,0,-1,-1,1,3,1,2021,79.0,3,2,0,1,0,4,1,,6,MAGELLAN (AVE DE),0,,-1,-1,0,1,(1),(1),1,, -1,1,0,1,30,28,6,2021,08:50,1,33,33318,2,9,0,6,Parking HÃ´pital Haut-LÃ©vÃªque,44.7881,-0.65812,8,2,1
202100051801,109Â 107,B01,1,1,2,1,1,-1,-1,0,0,-1,2021,52.0,2,2,0,2,1,2,1,,3,CORAY ROUTE DE,0,,2,2,0,3,8,400,3,, -1,1,5,1,80,11,2,2021,07:10,3,29,29051,1,3,0,2,D15 - Route de Coray,48.02437,-3.98001,7,3,2
202100039025,131Â 889,B01,1,1,1,5,1,-1,-1,0,0,-1,2021,19.0,1,2,0,2,3,21,1,,3,14,0,D,2,2,0,1,34,625,1,0,5,1,0,1,80,22,5,2021,09:25,1,16,16276,1,1,0,1,D14,45.416688,-0.190925,9,2,2
202100056282,101Â 293,A01,1,1,1,1,8,0,-1,0,0,-1,2021,66.0,1,0,12,0,1,13,3,,4,RUE FRANCOIS 1ER,0,,1,2,1,2,(1),(1),1,, -1,1,-1,5,50,4,1,2021,15:20,1,75,75108,2,1,0,6,RUE FRANCOIS 1ER,48.867805,2.305084,15,1,1
202100037193,135Â 200,A01,10,3,1,2,0,-1,-1,2,3,2,2021,8.0,3,2,1,1,2,17,1,,4,SABINETTES (RUE DES),0,,1,1,0,1,(1),(1),1,, -1,1,0,1,30,4,5,2021,16:30,1,78,78146,2,1,0,3,SABINETTES (RUE DES),48.899706,2.145451,16,3,2
202100001154,199Â 710,A01,10,3,1,9,0,-1,-1,6,1,2,2021,19.0,1,2,0,2,1,13,1,,3,MONTABO (ROUTE DE) 1,0,,2,2,2,1,2,100,2,, -1,2,0,1,50,26,12,2021,19:30,5,973,97302,2,1,1,6,MONTABO (ROUTE DE) 1,4.9412687438,-52.3031281829,19,4,2
202100020556,164Â 885,A01,1,1,1,1,2,0,-1,0,0,-1,2021,50.0,2,1,0,2,2,1,1,,4,BOULEVARD DU MONTPARNASSE,0,,2,6,0,1,(1),(1),1,, -1,1,0,1,30,6,9,2021,10:30,1,75,75106,2,3,0,3,BOULEVARD DU MONTPARNASSE,48.841545,2.331144,10,2,2
202100021787,162Â 682,B01,1,1,2,4,1,-1,-1,-1, -1,-1,2021,40.0,2,2,0,2,4,1,1,,2,RN 12,0,,2,4,0,1,63,800,1,, -1,1,0,1,90,30,8,2021,18:35,1,35,35238,1,1,0,2,RN 12,48.125699,-1.722986,18,3,2
202100055391,102Â 836,A01,10,3,2,5,0,-1,-1,1,9,2,2021,44.0,1,2,0,1,4,4,1,,4,788,-1,,-1,1,0,1,(1),(1),1,, -1,1,9,8,-1,11,1,2021,13:00,1,29,29019,2,1,0,6,148 Rue de Gouesnou,48.418247856,-4.4680125895,13,2,1
202100014013,176Â 653,B01,1,1,1,9,2,0,-1,0,0,-1,2021,31.0,2,1,0,2,1,1,5,,4,BOULEVARD DAVOUT,0,,3,2,0,1,(1),(1),1,, -1,1,0,1,30,10,10,2021,13:30,1,75,75120,2,4,0,3,BOULEVARD DAVOUT,48.856284,2.409986,13,2,2
202100053627,105Â 867,B01,1,1,1,1,8,0,-1,0,0,-1,2021,44.0,1,1,0,2,1,1,1,,4,AVENUE DAUMESNIL,0,,2,2,0,1,(1),(1),1,, -1,1,0,1,50,26,1,2021,09:00,1,75,75112,2,1,0,3,AVENUE DAUMESNIL,48.837769,2.400536,9,2,2
202100042888,125Â 003,A01,1,1,2,3,1,8,-1,-1, -1,-1,2021,34.0,3,2,15,0,1,16,1,,4,Mulatet (Lieu dit),0,,2,2,0,2,(1),(1),3,, -1,1,0,8,50,21,4,2021,17:20,1,19,19272,2,1,0,7,Mulatet (Lieu dit),45.2407303224,1.7384417669,17,1,1
202100052691,107Â 543,A01,1,1,1,1,2,6,-1,0,0,-1,2021,38.0,1,1,0,2,7,5,1,,4,RUE DU PERE CORENTIN,0,,1,3,1,1,(1),(1),1,, -1,2,-1,5,50,3,2,2021,07:45,4,75,75114,2,3,1,3,RUE DU PERE CORENTIN,48.8241,2.327785,7,2,2
202100026969,153Â 504,A01,1,1,1,5,2,0,-1,-1, -1,-1,2021,20.0,1,1,1,0,7,19,1,,4,CHANDON (AVENUE) (62/110),0,,2,2,0,1,0,0,1,, -1,1,0,1,50,25,7,2021,06:30,2,92,92036,2,1,0,6,CHANDON (AVENUE) (62/110),48.9210183468,2.3016973432,6,1,1
202100027951,151Â 737,A01,2,2,1,5,2,6,-1,0,0,-1,2021,8.0,2,1,0,2,1,2,1,,4,PORTE DE LA CHAPELLE,0,,1,4,0,1,23,300,1,, -1,1,0,1,70,19,7,2021,19:00,2,75,75118,2,1,0,2,PORTE DE LA CHAPELLE,48.900887,2.362974,19,3,2
202100010852,182Â 329,A01,10,3,1,3,8,8,-1,3,3,1,2021,16.0,1,2,0,1,8,11,0,,4,AV DE LA CONCORDE,0,,2,2,0,1,0,100,1,, -1,1,0,1,50,26,10,2021,11:30,1,91,91657,2,3,0,6,AV DE LA CONCORDE,48.7046,2.42278,11,2,1
202100042427,125Â 782,A01,1,1,1,0,2,8,-1,-1, -1,-1,2021,17.0,3,1,0,2,4,26,1,,4,PARIS (RUE DE),0,,2,2,0,1,0,0,1,, -1,1,9,1,30,25,4,2021,12:50,1,974,97411,2,1,0,2,Rue de Paris,-20.88192,55.44971,12,2,2
202100007754,187Â 895,A01,10,3,2,0,0,-1,-1,2,3,1,2021,60.0,2,2,0,1,1,15,3,,3,CHATEAUBOEUF (ROUTE DE),0,,2,4,0,1,(1),(1),1,, -1,2,0,1,50,15,11,2021,18:10,5,972,97209,2,1,1,6,CHATEAUBOEUF (ROUTE DE),14.6155,-61.0508,18,2,1
202100007326,188Â 657,A01,1,1,1,3,1,8,-1,-1, -1,-1,2021,58.0,3,2,0,2,1,13,1,,4,FRANCK ( RUE ANNE ),0,,2,2,0,1,0,0,3,, -1,2,0,1,30,17,11,2021,18:35,3,3,3098,2,1,0,1,FRANCK ( RUE ANNE ),46.35771,2.621,18,3,2
202100033312,142Â 224,A01,10,3,2,5,0,-1,-1,3,3,2,2021,27.0,3,2,0,1,1,26,1,,4,JAURES JEAN (RUE),0,,2,2,0,2,(1),(1),1,, -1,1,0,1,50,14,6,2021,20:00,1,95,95019,2,1,1,6,Rue Jean JaurÃ¨s,48.99539,2.41965,20,3,1
202100032764,143Â 209,A01,1,1,1,5,8,-1,-1,0,0,-1,2021,51.0,2,2,13,0,7,0,1,,3,557,0,,2,2,0,1,13,435,1,, -1,1,0,3,80,23,6,2021,18:45,1,83,83149,1,1,0,6,D557,43.556378,6.301732,18,1,1
202100054056,105Â 122,A01,4,2,1,4,8,0,-1,-1, -1,-1,2021,46.0,1,2,0,2,6,1,1,,4,ARRAS RUE D,0,,1,2,0,1,(1),(1),1,, -1,1,2,1,50,12,1,2021,18:50,5,59,59350,2,3,0,3,ARRAS RUE D,50.61663,3.06301,18,5,2
202100025752,155Â 652,A01,10,3,2,0,0,-1,-1,3,3,2,2021,7.0,3,2,0,1,1,1,1,,4,AOSTE (RUE D'),0,,2,2,0,1,(1),(1),1,, -1,1,9,1,50,1,8,2021,19:00,1,11,11262,2,1,0,6,AOSTE (RUE D'),43.192502,3.015585,19,2,1
202100023853,158Â 990,A01,10,3,1,0,0,-1,-1,3,3,2,2021,3.0,3,2,0,1,1,1,1,,4,BD GEORGES MICHEL,0,,2,2,0,1,0,0,3,, -1,1,0,1,50,14,8,2021,19:00,1,91,91174,2,1,0,6,BD GEORGES MICHEL,48.60764,2.47038,19,3,1
202100011070,181Â 936,B01,1,1,1,5,2,8,-1,-1, -1,-1,2021,11.0,1,1,0,2,4,1,5,,4,ROMAINS (ROUTE DES),0,,2,5,1,1,0,0,1,, -1,1,0,1,50,22,10,2021,19:30,5,67,67482,2,3,0,6,ROMAINS (ROUTE DES),48.578,7.70409,19,2,2
202100001846,198Â 499,B01,1,1,1,0,8,0,-1,-1, -1,-1,2021,17.0,3,1,0,2,7,19,0,,4,PEICAL(ROUTE DU),0,,2,2,0,2,0,0,1,, -1,1,0,5,30,18,12,2021,11:35,1,83,83141,2,9,0,1,PEICAL(ROUTE DU),43.490984,6.49712,11,2,2
202100052890,107Â 178,B01,1,1,1,9,2,-1,-1,-1, -1,-1,2021,28.0,2,1,0,2,1,17,1,,4,,0,,2,2,2,1,(1),(1),1,, -1,1,0,1,50,19,1,2021,17:15,1,33,33063,2,4,0,3,Rue Pasteur,44.8463,-0.61929,17,2,2
202100009377,184Â 943,B01,2,2,1,1,1,0,-1,-1, -1,-1,2021,25.0,1,2,0,2,9,17,1,,1,A55-Sens Marseille vers Martigues,0,,1,2,0,1,36,0,1,, -1,1,0,1,90,3,11,2021,08:30,1,13,13056,1,1,0,3,A55-Sens Marseille vers Martigues,43.39404,5.05355,8,3,2
202100009401,184Â 897,B01,1,1,2,0,1,8,-1,-1, -1,-1,2021,51.0,2,2,0,2,4,1,1,,2,ROUTE NATIONALE 1,0,,3,4,0,1,1,200,4,, -1,2,0,1,90,4,11,2021,09:06,1,973,97302,1,1,1,2,ROUTE NATIONALE 1,4.91981,-52.33056,9,2,2
202100015195,174Â 547,A01,1,1,2,5,1,0,-1,-1, -1,-1,2021,50.0,2,2,0,2,4,26,1,,2,RN88,0,,3,4,0,2,45,200,1,, -1,2,3,1,110,19,9,2021,04:40,3,42,42044,1,1,0,2,RN88,45.39518,4.33598,4,2,2
202100005546,191Â 889,A01,3,2,1,9,1,0,-1,0,0,-1,2021,49.0,2,2,0,2,5,1,1,,4,RUE CHARLES V,0,,1,1,0,1,(1),(1),1,, -1,1,0,1,30,30,11,2021,16:25,1,75,75104,2,2,0,3,RUE CHARLES V,48.852653,2.363333,16,3,2
202100008130,187Â 189,A01,2,2,2,5,-1,6,-1,-1, -1,-1,2021,50.0,1,1,0,2,8,1,1,,1,A4,0,,3,6,0,2,22,900,1,, -1,2,0,1,110,15,11,2021,16:30,3,77,77121,1,1,0,6,A4,48.83114,2.6843,16,3,2
202100028168,151Â 348,A01,1,1,1,9,1,0,-1,0,0,-1,2021,29.0,2,2,0,2,4,2,1,,4,BOULEVARD DU TEMPLE,0,,2,4,0,1,(1),(1),1,, -1,1,0,1,50,19,7,2021,18:15,1,75,75111,2,3,0,2,BOULEVARD DU TEMPLE,48.863759,2.366325,18,3,2
202100045652,120Â 136,Z01,1,1,2,0,8,0,-1,-1, -1,-1,2021,17.0,0,1,9,2,0,25,0,,4,LANGUEDOC,0,,2,1,0,1,0,0,1,, -1,1,0,4,30,30,3,2021,11:20,1,93,93066,2,9,0,6,LANGUEDOC,48.9258739146,2.3726027339,11,1,1
202100003975,194Â 644,B01,1,1,1,1,0,-1,-1,-1, -1,-1,2021,28.0,3,1,0,2,1,1,5,,4,PEROLLIER (DU)                          ,0,,1,2,0,1,(1),(1),1,, -1,2,5,1,50,7,12,2021,09:25,1,69,69081,2,6,1,3,PEROLLIER (DU) (RDPT),45.78634,4.78308,9,2,2
202100028196,151Â 294,A01,10,3,1,5,0,-1,-1,2,3,1,2021,69.0,3,5,0,1,2,1,1,,2,1,0,A,2,2,0,1,(1),(1),1,,5,1,0,1,50,19,7,2021,06:30,2,974,97413,2,1,0,1,Rue du General Lambert,-21.166629,55.287645,6,2,1
202100024187,158Â 432,A01,1,1,1,5,1,-1,-1,0,0,-1,2021,77.0,3,2,1,0,2,1,1,,4,,-1,,2,2,0,2,(1),(1),1,, -1,1,0,3,80,14,8,2021,22:20,3,24,24240,1,1,0,6,route du saut,44.887446,0.892344,22,1,1
202100042068,126Â 430,B01,1,1,2,0,1,0,-1,-1, -1,-1,2021,26.0,1,2,0,2,1,1,1,,3,GROS BOIS (AV DE),0,,2,2,0,1,0,0,1,, -1,1,0,1,50,27,4,2021,22:20,5,94,94048,2,3,0,3,TUILERIE (R DE LA),48.7283199309,2.5397394598,22,2,2
202100005915,191Â 217,A01,10,3,1,0,0,-1,-1,2,6,1,2021,48.0,1,2,0,1,1,1,1,,4,MONTANT (RUE DU),0,,2,2,0,1,(1),(1),1,, -1,1,0,1,30,25,11,2021,17:39,2,63,63032,2,1,0,6,MONTANT (RUE DU),45.75246,3.09721,17,2,1
202100022065,162Â 187,A01,1,1,1,0,2,6,-1,-1, -1,-1,2021,22.0,1,1,0,0,7,1,1,,7,AMFREVILLE. ROUTE D',0,,2,2,0,1,18,400,2,, -1,1,0,1,80,28,8,2021,15:20,1,76,76429,1,1,0,7,AMFREVILLE. ROUTE D',49.3981,1.1424,15,1,1
202100041039,128Â 256,A01,1,1,2,5,1,-1,-1,-1, -1,-1,2021,22.0,2,2,4,2,9,1,1,,2,RN346   38.960 A 40.883,0,,3,6,0,2,40,0,1,, -1,1,0,1,90,30,4,2021,18:55,1,69,69290,1,1,0,6,EST (ROC),45.7121728479,4.9687814713,18,2,2
202100022532,161Â 354,A01,1,1,1,5,2,-1,-1,0,0,-1,2021,52.0,2,1,0,2,3,13,5,,3,925,-1,,2,2,0,2,40,440,4,, -1,1,0,1,50,26,8,2021,17:50,1,73,73308,1,1,0,3,RD925,45.6898113281,6.4114165425,17,2,2
202100014933,175Â 018,A01,10,3,2,0,0,-1,-1,4,3,2,2021,79.0,3,2,0,1,2,1,1,,4,RUE PAUL CLAUDEL,0,,2,2,0,1,(1),(1),1,, -1,2,0,1,50,5,10,2021,19:55,5,38,38185,2,1,1,6,RUE PAUL CLAUDEL,45.17204,5.7351,19,3,1
202100006045,190Â 990,B01,1,1,1,5,8,-1,-1,0,0,-1,2021,16.0,2,1,0,2,1,17,1,,3,760,-1,,2,2,0,1,60,930,1,, -1,1,0,1,80,28,11,2021,15:40,1,85,85008,1,1,0,2,D760,46.656491,-1.483734,15,2,2
202100035389,138Â 456,A01,1,1,1,5,2,-1,-1,0,0,-1,2021,45.0,1,1,0,0,7,1,5,,3,941,0,,2,2,0,1,37,0,1,, -1,1,0,1,80,11,6,2021,10:00,1,28,28071,1,1,0,7,D941,48.410634,1.06596,10,1,1
202100001222,199Â 587,A01,1,1,1,5,2,6,-1,-1, -1,-1,2021,24.0,1,1,0,2,1,1,1,,3,19,0,,1,3,1,1,0,0,1,, -1,2,0,1,50,27,12,2021,00:56,5,92,92024,2,2,1,3,MARTRE DE (4 A 54),48.9009178188,2.3080489039,0,2,2
202100036152,137Â 066,B01,2,2,1,5,1,-1,-1,0,0,-1,2021,23.0,0,2,0,0,4,15,1,,3,932,-1,,2,2,0,3,37,800,1,, -1,1,9,1,80,6,6,2021,19:25,1,60,60291,1,2,1,2,D932,49.6657816302,3.0544481275,19,3,2
202100015817,173Â 402,A01,1,1,1,5,2,6,9,0,0,-1,2021,30.0,1,1,0,0,8,1,1,,3,64,-1,,2,2,0,1,31,930,1,, -1,1,0,1,80,2,10,2021,10:45,1,1,1001,1,1,0,7,,46.162694,4.933981,10,1,1
202100033374,142Â 112,A01,1,1,1,5,2,0,-1,-1, -1,-1,2021,20.0,3,1,0,0,0,26,1,,4,PICASSO(RUE),0,,2,1,0,1,0,0,1,, -1,1,0,1,50,18,6,2021,17:10,1,974,97407,2,9,0,7,PICASSO(RUE),-20.95006,55.2963,17,1,1
202100029591,148Â 893,B01,1,1,2,5,1,0,-1,0,0,-1,2021,19.0,1,2,0,2,9,1,1,,4,AIGUILLETTES (BD 1 A 3),0,,3,2,0,1,(1),(1),1,, -1,1,0,1,50,29,6,2021,22:22,5,54,54547,2,1,0,3,AIGUILLETTES (BD 1 A 3),48.66674,6.16601,22,2,2
202100048879,114Â 386,A01,1,1,1,5,1,-1,-1,0,0,-1,2021,37.0,3,2,0,0,0,1,1,,7,6,0,D,2,2,0,1,83,50,2,, -1,2,0,8,80,7,3,2021,18:00,1,42,42283,1,1,1,7,Route des Vignes,45.551158,4.548447,18,1,1
202100000661,200Â 532,A01,1,1,1,5,1,5,-1,0,0,-1,2021,20.0,2,2,0,2,1,2,1,,1,10,0,A,3,3,0,1,159,747,1,,10,2,0,1,130,8,12,2021,04:29,3,41,41223,1,1,1,2,A10,47.616173,1.203475,4,2,2
202100041703,127Â 067,B01,1,1,2,1,1,-1,-1,0,0,-1,2021,48.0,0,2,0,2,8,19,1,,4,,0,,2,1,0,1,(1),(1),1,, -1,1,0,1,80,29,4,2021,16:45,1,27,27421,1,2,0,3,Rue du Chateau d'Eau,48.905829,1.333508,16,2,2
202100032972,142Â 821,B01,1,1,1,5,0,-1,-1,0,0,-1,2021,19.0,3,1,0,2,8,11,0,,4,,-1,,2,1,0,2,(1),(1),1,,3,1,0,1,50,22,6,2021,11:00,1,971,97103,2,1,0,3,Chemin de Calvaire,16.238904,-61.621714,11,2,2
202100039508,130Â 983,A01,1,1,2,5,0,-1,-1,0,0,-1,2021,57.0,1,1,5,0,2,1,5,,3,1,-1,,2,2,0,2,23,100,2,, -1,1,0,1,80,10,5,2021,09:30,1,84,84148,1,1,1,7,departementale 1,44.076811,5.263052,9,1,1
202100036597,136Â 286,C01,1,1,2,3,8,0,-1,-1, -1,-1,2021,34.0,2,1,0,0,0,1,3,,3,,0,,2,2,1,1,(1),(1),1,, -1,1,0,5,50,2,6,2021,10:45,1,71,71270,2,1,0,4,Avenue Charles de Gaulle,46.3147708404,4.8362453096,10,3,3
202100050438,111Â 541,B01,1,1,1,0,2,6,-1,0,0,-1,2021,32.0,0,1,0,2,7,2,1,,4,NAPOLEON III AVENUE PAIR,0,,-1,2,0,3,(1),(1),1,, -1,1,0,1,50,23,2,2021,15:50,1,201,201004,2,4,0,3,Avenue Napoleon III,41.9258666088,8.7344022295,15,2,2
202100028471,150Â 824,A01,10,3,1,5,0,-1,-1,5,9,1,2021,37.0,1,2,0,1,1,1,1,,4,GIRAUD (AVENUE DU DOYEN GASTON),0,,1,2,0,1,(1),(1),1,, -1,1,0,1,50,17,7,2021,02:15,5,34,34172,2,1,0,6,GIRAUD (AVENUE DU DOYEN GASTON),43.63357,3.8501,2,2,1
202100018725,168Â 168,A01,10,3,2,0,0,-1,-1,3,3,1,2021,66.0,1,2,0,1,1,1,1,,3,CARNOT (AVENUE) NÂ° IMPAIRS,0,,1,1,0,2,24,610,2,, -1,1,9,8,50,22,6,2021,16:42,1,19,19275,2,9,0,6,CARNOT (AVENUE) NÂ° IMPAIRS,45.5504567168,2.3126047983,16,2,1
202100024691,157Â 510,A01,1,1,1,5,2,6,-1,0,0,-1,2021,16.0,1,1,0,9,0,2,1,,3,58,0,D,2,2,0,2,8,525,2,, -1,1,0,1,50,11,8,2021,14:25,1,19,19146,2,9,0,3,D58,45.3126776949,1.7701774835,14,2,2
202100036054,137Â 240,B01,1,1,1,0,2,6,-1,-1, -1,-1,2021,56.0,2,1,0,2,7,1,1,,7,AEROPORT (AVENUE DE L'),0,,2,2,0,1,1,330,1,, -1,1,0,1,70,6,6,2021,11:04,1,83,83069,2,1,0,3,AEROPORT (AVENUE DE L'),43.0972,6.13468,11,2,2
202100051393,109Â 819,A01,10,3,1,0,0,-1,-1,2,3,1,2021,47.0,3,2,0,1,1,1,1,,4,A.LEGER,0,,2,1,0,1,(1),(1),1,, -1,1,0,1,50,15,2,2021,07:30,1,971,97120,2,9,1,6,A.LEGER,16.24293,-61.53449,7,3,1
202100022652,161Â 131,A01,2,2,1,0,2,0,-1,0,0,-1,2021,17.0,3,1,14,0,1,26,1,,7,PLAGE BOULEVARD DE LA,0,,1,2,0,1,(1),(1),1,, -1,2,0,1,50,24,8,2021,18:25,1,6,6027,2,1,1,6,PLAGE BOULEVARD DE LA,43.650159,7.151129,18,4,3
202100007576,188Â 201,A01,1,1,1,0,2,8,-1,-1, -1,-1,2021,36.0,1,1,0,2,1,18,1,,3,R.D.20,0,,3,4,0,1,35,0,1,, -1,1,9,1,90,16,11,2021,14:15,1,91,91223,1,1,0,3,R.D.20,48.4392,2.17254,14,2,2
202100006089,190Â 919,A01,1,1,1,0,2,6,-1,-1, -1,-1,2021,35.0,1,1,0,0,0,1,1,,4,FranÃ§ois MITTERAND,0,,2,2,0,1,2,0,2,, -1,1,0,1,50,10,1,2021,21:40,5,94,94041,2,1,0,7,FranÃ§ois MITTERAND,48.824,2.3875,21,1,1
202100034986,139Â 160,A01,10,3,2,0,0,-1,-1,2,3,1,2021,8.0,2,2,0,1,2,1,1,,4,RACINE (RUE),0,,2,2,0,1,(1),(1),1,, -1,1,0,1,50,11,6,2021,19:00,1,59,59599,2,1,0,6,RACINE (RUE),50.736385245,3.1453578483,19,2,1
202100052701,107Â 528,A01,1,1,2,4,8,0,-1,-1, -1,-1,2021,37.0,0,3,0,2,1,26,1,1.0,9,ROBERT BREMOND (RUE),0,,2,2,0,1,0,0,1,, -1,2,0,1,50,3,2,2021,09:30,1,93,93005,1,8,0,3,ROBERT BREMOND (RUE),48.9574805878,2.4635463196,9,2,2
202100016626,171Â 916,A01,4,2,1,5,1,-1,-1,-1, -1,-1,2021,24.0,1,2,0,2,5,1,1,,4,MARECHAL FOCH (DU)                  (AV),0,,2,3,3,1,(1),(1),1,, -1,2,0,1,50,26,9,2021,05:20,5,69,69386,2,2,0,3,MARECHAL FOCH (AV),45.77247,4.8431,5,7,2
202100000987,199Â 989,B01,1,1,1,0,2,6,-1,-1, -1,-1,2021,59.0,2,1,0,2,0,1,1,,4,PABLO NERUDA,0,,2,2,0,1,0,0,1,, -1,1,0,1,50,21,12,2021,16:50,1,76,76447,2,3,0,3,PABLO NERUDA,49.54847,0.17285,16,2,2
202100023471,159Â 669,A01,1,1,1,0,2,0,-1,-1, -1,-1,2021,30.0,2,1,0,0,7,21,1,,4,,0,,2,2,0,1,69,0,1,, -1,1,0,1,50,18,8,2021,18:50,1,92,92012,2,2,0,7,VICTOR HUGO (AVENUE) 49/FIN - 60/FIN,48.8372938567,2.2457486566,18,1,1
202100023367,159Â 849,A01,1,1,1,5,2,-1,-1,0,0,-1,2021,64.0,3,1,0,0,8,1,1,,3,,-1,,3,4,0,1,(1),(1),1,, -1,1,0,1,50,20,8,2021,19:15,1,11,11262,2,1,0,7,Avenue des Cigales,43.165389,3.173515,19,2,2
202100035172,138Â 839,B01,1,1,2,5,1,-1,-1,0,0,-1,2021,27.0,2,2,0,2,2,1,1,,3,67,0,,2,2,0,1,14,276,1,, -1,1,0,1,80,11,6,2021,19:25,1,26,26096,1,2,0,4,Route de Saint Donat,45.073702,4.935367,19,9,4
202100030020,148Â 130,A01,1,1,2,9,2,0,-1,0,0,-1,2021,28.0,1,1,0,2,8,19,5,,4,BOULEVARD RICHARD LENOIR,0,,3,2,0,1,(1),(1),1,, -1,1,0,1,50,7,7,2021,22:15,5,75,75111,2,2,0,3,BOULEVARD RICHARD LENOIR,48.866191,2.369675,22,2,2
202100018991,167Â 686,B01,1,1,1,9,2,0,-1,0,0,-1,2021,27.0,1,1,0,2,1,1,1,,4,AVENUE FOCH,0,,2,6,0,1,(1),(1),1,, -1,1,5,1,50,14,9,2021,00:10,5,75,75116,2,7,0,3,AVENUE FOCH,48.873588,2.292807,0,2,2
202100021012,164Â 103,A01,10,3,2,1,8,8,-1,5,9,1,2021,25.0,2,2,9,2,2,14,1,,4,CURIE (RUE PIERRE),0,,2,0,0,1,(1),(1),1,, -1,1,0,4,50,2,9,2021,17:15,1,78,78490,2,1,1,6,CURIE (RUE PIERRE),48.801023,1.981517,17,3,1