Num_Acc,id_vehicule,num_veh,place,catu,sexe,trajet,secu1,secu2,secu3,locp,actp,etatp,year_acc,victim_age,senc,catv,obs,obsm,choc,manv,motor,occutc,catr,voie,v1,v2,circ,nbv,vosp,prof,pr,pr1,plan,lartpc,larrout,surf,infra,situ,vma,jour,mois,an,hrmn,lum,dep,com,agg_,int,atm,col,adr,lat,long,hour,nb_victim,nb_vehicules
202100029140,149Â 662,B01,1,1,1,0,1,8,-1,-1, -1,-1,2021,22.0,1,2,0,0,4,26,1,,7,AV DES ETATS UNIS,0,,1,1,0,1,19,821,2,, -1,1,5,1,50,13,7,2021,03:25,5,31,31555,2,9,0,2,AV DES ETATS UNIS,43.65258,1.42484,3,4,2
202100026946,153Â 548,A01,1,1,1,9,2,6,-1,0,0,-1,2021,22.0,1,1,0,2,5,1,3,,4,BOULEVARD DU MONTPARNASSE,0,,2,2,0,1,(1),(1),1,, -1,2,0,1,50,25,7,2021,11:55,1,75,75115,2,1,1,2,BOULEVARD DU MONTPARNASSE,48.845926,2.31834,11,2,2
202100008333,186Â 832,B01,2,2,2,3,1,-1,-1,0,0,-1,2021,17.0,3,2,0,2,1,1,1,,3,162,0,,2,2,1,1,(1),(1),1,, -1,2,0,1,80,13,11,2021,23:30,5,60,60589,2,1,0,1,Route Departementale 162,49.230969,2.458101,23,4,2
202100046787,118Â 141,A01,1,1,1,1,2,0,-1,0,0,-1,2021,29.0,2,1,0,0,0,1,3,,4,BOULEVARD MASSENA,0,,3,4,0,2,(1),(1),1,, -1,1,0,1,50,24,3,2021,06:10,2,75,75113,2,4,0,7,BOULEVARD MASSENA,48.822681,2.372855,6,1,1
202100054598,104Â 189,B01,1,1,1,9,1,0,-1,-1, -1,-1,2021,64.0,1,2,0,2,3,1,1,,4,MIREILLE LAUZE (Bd),0,,2,3,0,1,(1),(1),1,, -1,1,0,1,50,18,1,2021,14:00,1,13,13211,2,1,0,3,MIREILLE LAUZE (Bd),43.28866,5.4362,14,2,2
202100014222,176Â 271,B01,4,2,2,5,1,0,-1,-1, -1,-1,2021,10.0,2,2,0,0,0,9,1,,2,VILLENEUVE LE ROI (PONT DE),0,,2,5,0,1,0,1,1,, -1,1,9,8,50,9,10,2021,18:30,1,94,94078,1,3,0,3,pont de villeneuve le roi,48.72768,2.44542,18,3,2
202100043016,124Â 782,A01,1,1,1,5,1,5,-1,-1, -1,-1,2021,76.0,1,2,1,0,1,1,1,,4,ALLEES MARINES (AVENUE DES),0,,2,2,0,1,(1),(1),1,, -1,1,0,1,50,22,4,2021,16:40,1,64,64102,2,1,0,7,ALLEES MARINES (AVENUE DES),43.49907,-1.48894,16,1,1
202100017357,170Â 617,B01,1,1,1,5,1,4,-1,-1, -1,-1,2021,39.0,1,5,0,2,3,1,1,,1,AUTOROUTE A6B,0,,1,2,0,1,8,800,1,, -1,1,3,1,90,25,9,2021,17:50,1,91,91689,1,1,0,3,AUTOROUTE A6B,48.74137,2.31934,17,2,2
202100044503,122Â 154,A01,1,1,1,0,1,-1,-1,0,0,-1,2021,24.0,2,2,0,0,0,0,1,,4,18,0,C,2,2,0,1,0,0,1,, -1,2,0,3,80,10,4,2021,08:45,1,80,80443,1,2,1,7,D18,49.867596,1.90527,8,1,1
202100053358,106Â 347,A01,1,1,2,9,1,0,-1,-1, -1,-1,2021,44.0,2,2,0,2,1,2,1,,3,R JEAN LE GALLEU,0,,1,2,0,1,1,0,1,, -1,2,0,1,50,27,1,2021,16:00,1,94,94041,2,1,0,2,JEAN LE GALLEU (R),48.81,2.37,16,2,2
202100010478,182Â 994,A01,1,1,1,1,2,6,-1,-1,0,-1,2021,21.0,2,1,0,2,2,1,1,,3,REPUBLIQUE (AVENUE DE LA),0,,2,2,0,1,13,350,1,, -1,1,0,1,30,28,10,2021,17:30,1,95,95060,2,3,0,5,REPUBLIQUE (AVENUE DE LA),49.04042,2.20928,17,3,3
202100056258,101Â 338,A01,1,1,1,0,1,0,-1,-1, -1,-1,2021,37.0,1,2,7,0,2,14,1,,3,BRETON (RUE DU),0,,2,2,0,2,33,621,2,, -1,2,0,1,70,2,1,2021,12:55,1,50,50416,1,1,0,6,BRETON (RUE DU),49.654,-1.7062,12,1,1
202100007290,188Â 715,A01,2,2,1,5,1,0,-1,-1, -1,-1,2021,21.0,1,2,7,0,1,1,1,,4,RIBOT (AVENUE),0,,2,3,0,1,0,0,1,, -1,1,5,1,50,14,11,2021,05:35,5,19,19031,2,3,0,6,RIBOT (AVENUE),45.1646314544,1.5025895834,5,2,1
202100008791,186Â 033,A01,1,1,1,0,1,-1,-1,0,0,-1,2021,37.0,1,2,6,2,2,1,1,,3,487,0,D,2,2,0,1,4,500,4,, -1,1,9,4,50,10,11,2021,00:00,5,42,42052,2,1,0,6,35 Rue Dorian,46.154965,4.163588,0,1,1
202100007323,188Â 661,A01,2,2,2,0,1,0,-1,0,0,-1,2021,14.0,3,5,15,0,1,0,1,,4,CANNES (ROUTE DE)  -RD 6085-,0,,2,2,0,1,(1),(1),1,, -1,1,0,4,50,11,11,2021,13:30,1,6,6069,2,1,0,7,CANNES (ROUTE DE)  -RD 6085-,43.627418,6.960166,13,2,1
202100008180,187Â 103,A01,1,1,1,5,1,-1,-1,0,0,-1,2021,35.0,1,2,2,0,3,1,1,,3,604,-1,,2,2,0,1,5,(1),1,, -1,2,0,3,80,15,11,2021,09:10,1,55,55447,1,1,1,6,Rd 604,48.642026,5.062058,9,1,1
202100007294,188Â 709,B01,2,2,2,2,1,-1,-1,0,0,-1,2021,13.0,2,2,0,2,1,1,1,,4,LUCIEN-BARRIERE (AVENUE),0,,3,2,0,1,499,0,1,, -1,1,0,1,50,19,11,2021,08:50,1,14,14220,2,3,0,3,Avenue Lucien BarriÃ¨re,49.3598,0.06996,8,3,2
202100024352,158Â 150,A01,1,1,2,5,1,-1,-1,0,0,-1,2021,80.0,1,2,8,0,3,19,1,,3,316,0,D,2,2,0,1,19,400,1,, -1,1,0,3,80,12,8,2021,12:00,1,95,95149,1,1,0,6,RD 316,49.131394,2.433128,12,1,1
202100048594,114Â 898,A01,1,1,1,0,2,6,-1,-1, -1,-1,2021,29.0,2,1,0,2,3,1,1,,4,,0,,2,2,0,2,0,0,1,, -1,2,0,1,50,10,3,2021,19:45,5,92,92062,2,1,1,3,WALLACE (BD RICHARD) DU 17 AU 91 ET DU 3,48.8823024557,2.2346899752,19,2,2
202100011991,180Â 281,A01,1,1,2,0,1,8,-1,-1, -1,-1,2021,76.0,1,2,1,0,1,13,1,,4,CHAPALAIN JEAN YVES (BD),0,,2,2,0,1,0,0,1,, -1,1,0,1,50,19,10,2021,13:19,1,72,72181,2,1,0,6,CHAPALAIN JEAN YVES (BD),47.9717,0.2286,13,1,1
202100024706,157Â 483,A01,10,3,2,5,0,-1,-1,2,3,2,2021,21.0,0,2,0,1,1,1,0,,4,BOURGES (DE) (RUE),0,,2,2,0,1,0,0,1,, -1,1,0,1,50,9,8,2021,19:30,2,21,21231,2,3,0,6,BOURGES (DE) (RUE),47.3204308999,5.0044842031,19,2,1
202100019121,167Â 447,A01,1,1,1,1,1,4,-1,-1,0,-1,2021,55.0,2,2,4,2,1,9,1,,1,AUTOROUTE A1,0,,3,8,0,1,28,400,1,, -1,1,0,1,130,14,9,2021,06:20,3,95,95580,1,1,0,5, A1,49.09128,2.55045,6,3,3
202100005030,192Â 797,A01,10,3,1,0,0,-1,-1,2,3,1,2021,52.0,2,2,0,1,2,23,1,,4,DOCTEUR GAILLETON (DU)              (QU),0,,1,7,3,1,(1),(1),1,, -1,2,0,1,50,2,12,2021,11:57,1,69,69382,2,1,1,6,DOCTEUR GAILLETON (DU) (Q),45.75296,4.83377,11,2,1
202100028256,151Â 187,A01,1,1,1,4,1,0,-1,-1, -1,-1,2021,46.0,1,2,0,2,1,2,1,,1,A50,0,,3,6,0,1,63,0,1,, -1,1,0,1,110,16,7,2021,16:30,1,83,83129,1,1,0,4,A50,43.1206210783,5.8429957461,16,10,3
202100002269,197Â 727,A01,10,3,1,5,0,-1,-1,2,3,1,2021,29.0,2,3,0,1,2,1,1,1.0,4,AVENUE KLEBER,0,,2,3,3,1,(1),(1),1,, -1,1,0,1,30,18,12,2021,14:00,1,75,75116,2,1,0,6,AVENUE KLEBER,48.86853,2.29119,14,2,1
202100036030,137Â 284,B01,1,1,2,1,1,-1,-1,0,0,-1,2021,26.0,2,2,0,2,3,1,1,,3,1113,0,,2,2,0,1,20,600,1,, -1,1,0,1,80,2,6,2021,14:30,1,33,33080,1,3,0,3,Avenue de Toulouse,44.730912,-0.532209,14,2,2
202100024961,157Â 045,A01,1,1,1,1,2,6,9,0,0,-1,2021,42.0,1,1,0,2,1,1,1,,2,4,0,,2,2,0,1,(1),(1),1,, -1,1,0,1,80,3,8,2021,17:40,2,971,97125,1,9,0,2,Belle AllÃ©e,16.258917,-61.298271,17,2,2
202100049106,113Â 979,B01,1,1,1,5,1,8,-1,-1, -1,-1,2021,80.0,2,2,0,2,4,2,1,,3,RD921,0,,2,2,0,1,3,980,2,, -1,1,0,1,80,5,3,2021,14:25,1,31,31483,1,1,0,2,RD921,43.09282,0.72396,14,2,2
202100013524,177Â 554,A01,1,1,1,1,8,0,-1,-1, -1,-1,2021,42.0,1,1,0,2,1,26,5,,4,MONTESQUIEU PASSAGE,0,,2,2,0,1,1,0,1,, -1,1,0,1,50,12,10,2021,06:17,5,49,49007,2,1,0,3,MONTESQUIEU PASSAGE,47.47344,-0.57961,6,2,2
202100039764,130Â 507,A01,1,1,1,5,0,-1,-1,0,0,-1,2021,27.0,3,1,6,0,1,1,1,,4, ---,0, -,2,2,0,2,0,0,2,, -1,1,0,1,70,16,5,2021,17:06,1,978,97801,2,1,0,7,"Baie rouge, 207 Lot les Terres Basses",18.068682,-63.121286,17,1,1
202100037454,134Â 713,A01,1,1,2,5,8,0,-1,0,0,-1,2021,26.0,1,1,0,0,1,13,5,,4,RUE SAINT DENIS,0,,2,1,3,1,(1),(1),1,, -1,1,6,1,30,30,5,2021,07:50,1,75,75101,2,2,0,7,RUE SAINT DENIS,48.858799,2.347458,7,1,1
202100018234,169Â 013,B01,1,1,1,5,2,-1,-1,0,0,-1,2021,49.0,1,1,0,2,1,1,1,,3,903,0,D,2,2,0,2,74,50,1,, -1,1,5,1,70,18,9,2021,11:30,1,74,74005,1,2,0,3,D903,46.341114,6.46201,11,2,2
202100043466,123Â 965,B01,1,1,1,9,2,6,-1,0,0,-1,2021,28.0,2,1,0,2,0,1,1,,4,BOULEVARD PASTEUR,0,,2,2,0,1,(1),(1),1,, -1,1,0,1,50,19,4,2021,19:20,1,75,75115,2,2,0,3,BOULEVARD PASTEUR,48.8415118607,2.3140370119,19,2,2
202100028830,150Â 190,A01,10,3,2,0,0,-1,-1,4,3,2,2021,64.0,1,1,0,1,1,1,5,,4,LIBERTE (BD DE LA),0,,3,1,2,1,(1),(1),1,,"3,5",1,0,8,50,15,7,2021,15:50,1,35,35238,2,9,0,6,LIBERTE (BD DE LA),48.10739,-1.6803,15,2,1
202100047993,115Â 954,A01,1,1,1,4,2,6,9,0,0,-1,2021,34.0,2,1,0,0,0,0,1,,3,130,-1,,2,2,0,1,0,535,1,, -1,2,0,1,-1,16,3,2021,17:25,1,77,77195,1,1,1,6,D130,48.581217,2.779203,17,1,1
202100007627,188Â 111,B01,1,1,1,5,2,-1,-1,-1, -1,-1,2021,39.0,2,1,0,2,1,9,1,,4,QUAI DESCHAMPS,0,,2,4,0,1,(1),(1),1,, -1,1,0,1,50,16,11,2021,14:20,1,33,33063,2,1,0,3,QUAI DESCHAMPS,44.8343,-0.55136,14,2,2
202100019056,167Â 579,A01,1,1,1,5,2,6,7,0,0,-1,2021,66.0,0,1,3,0,2,1,1,,7,2565,-1,,2,2,0,1,14,100,2,, -1,1,0,3,50,14,9,2021,18:10,1,6,6151,1,1,0,6,M2565,43.941579,7.283469,18,1,1
202100031583,145Â 299,A01,10,3,2,5,0,-1,-1,1,3,2,2021,4.0,2,2,0,1,1,1,1,,4,LOUIS MORIN (RUE),0,,2,2,0,1,(1),(1),1,, -1,1,0,1,50,29,6,2021,18:20,1,10,10387,2,1,0,6,LOUIS MORIN (RUE),48.3042,4.0907,18,2,1
202100054975,103Â 547,A01,10,3,2,0,0,-1,-1,1,3,1,2021,67.0,1,2,0,1,3,1,1,,2,1,-1,,2,2,0,1,17,0,1,, -1,2,0,1,80,5,1,2021,05:30,3,973,97305,1,1,1,6,Route Nationale 1,4.941765,-52.413325,5,2,1
202100018612,168Â 367,Z01,10,3,2,2,0,8,-1,2,3,1,2021,21.0,1,1,0,1,1,1,3,,4,RUE DES PETITES ECURIES,0,,2,2,0,1,(1),(1),1,, -1,1,0,1,30,16,9,2021,08:40,1,75,75110,2,3,0,6,RUE DES PETITES ECURIES,48.873393,2.352656,8,2,1
202100055784,102Â 153,A01,1,1,1,0,1,0,-1,0,0,-1,2021,20.0,1,2,0,2,1,15,1,,4,,0,,2,3,3,1,(1),(1),1,, -1,1,-1,1,50,8,1,2021,21:00,5,54,54395,2,3,0,3,PINCHARD (AVENUE - TAMARIS),48.703,6.15459,21,2,2
202100046275,119Â 060,A01,1,1,1,5,0,-1,-1,0,0,-1,2021,31.0,1,1,0,0,0,1,1,,9,,-1,,-1,2,0,1,(1),(1),1,, -1,9,0,8,50,28,3,2021,16:45,1,2,2032,1,1,0,7,Rue d'Haubenizel,49.778219,3.118921,16,1,1
202100044295,122Â 486,B01,1,1,1,9,2,0,-1,0,0,-1,2021,18.0,2,1,0,2,5,1,1,,4,AVENUE JEAN JAURES,0,,2,2,0,1,(1),(1),1,, -1,1,2,1,50,12,4,2021,08:20,1,75,75119,2,1,0,3,AVENUE JEAN JAURES,48.886847,2.385744,8,2,2
202100035774,137Â 764,A01,1,1,1,1,2,8,-1,-1, -1,-1,2021,29.0,0,1,0,2,7,1,1,,3,BOUCHER RUE ALEXANDRE,0,,2,2,0,2,1,0,1,, -1,1,9,1,50,8,6,2021,11:25,1,93,93074,2,2,0,3,Rue Alexandre Boucher / RD933,48.93346,2.56686,11,2,2
202100032138,144Â 304,B01,3,2,2,5,1,0,-1,0,0,-1,2021,35.0,1,2,0,2,4,2,2,,4,SOUTERRAIN BERCY,0,,3,3,0,2,(1),(1),1,, -1,2,0,1,50,26,6,2021,14:40,1,75,75112,2,1,1,2,SOUTERRAIN BERCY,48.831078,2.385436,14,4,2
202100024206,158Â 406,A01,1,1,1,1,2,6,-1,0,0,-1,2021,25.0,1,1,0,2,1,2,1,,3,61,-1,,2,2,0,1,1,0,1,, -1,1,0,1,-1,15,8,2021,11:30,1,83,83068,1,1,0,2,RD 61,43.2683837509,6.5528176652,11,2,2
202100026805,153Â 812,A01,1,1,1,0,1,0,-1,0,0,-1,2021,35.0,1,2,0,2,1,2,1,,7,POURLIAT (ROND-POINT DU),0,,3,4,0,1,(1),(1),1,, -1,1,0,1,50,22,7,2021,14:37,1,63,63032,2,6,0,2,POURLIAT (ROND-POINT DU),45.74747,3.09479,14,2,2
202100031340,145Â 722,A01,1,1,1,5,2,-1,-1,0,0,-1,2021,25.0,1,1,0,0,8,15,1,,3,148,-1,,2,2,0,2,7,100,2,, -1,1,0,3,-1,29,5,2021,16:30,1,68,68044,1,1,0,7,D148,48.159034,7.074848,16,1,1
202100049232,113Â 754,A01,10,3,2,2,8,8,-1,2,3,2,2021,14.0,2,1,0,1,1,1,0,,4,ALERY (AVENUE D'),0,,2,2,3,1,0,0,1,, -1,1,0,1,30,3,3,2021,12:25,1,74,74010,2,1,0,6,ALERY (AVENUE D'),45.899,6.1184,12,2,1
202100030052,148Â 066,A01,1,1,2,0,2,8,-1,-1, -1,-1,2021,34.0,1,1,0,2,1,18,1,,3,1,0,,2,2,0,1,0,0,1,, -1,1,9,5,50,8,7,2021,18:30,1,92,92012,2,4,0,3,QUATRE SEPTEMBRE (QUAI DU),48.8452257406,2.2266758382,18,2,2
202100000336,201Â 121,B01,1,1,2,0,1,-1,-1,0,0,-1,2021,48.0,2,2,0,2,3,13,1,,3,240,0,D,2,2,0,1,1,865,1,, -1,1,0,1,80,8,10,2021,14:00,1,74,74225,1,1,0,1,D240,45.826108,5.964891,14,2,2
202100012819,178Â 807,A01,10,3,2,0,0,-1,-1,4,3,2,2021,5.0,3,2,0,1,1,16,1,,4,ROTHSCHILD (RUE DE  ),0,,2,0,0,1,1,0,3,, -1,1,0,1,30,16,10,2021,17:05,1,77,77181,2,9,0,6,ROTHSCHILD (RUE DE  ),48.8264787929,2.7059938933,17,3,1
202100006944,189Â 358,A01,2,2,2,5,1,0,-1,0,0,-1,2021,17.0,1,2,0,2,2,1,1,,4,RUE SAINT DOMINIQUE,0,,2,3,0,1,(1),(1),1,, -1,1,0,1,30,21,11,2021,19:18,5,75,75107,2,2,0,3,RUE SAINT DOMINIQUE,48.859946,2.313106,19,3,2
202100014183,176Â 342,A01,10,3,1,9,0,-1,-1,1,9,1,2021,45.0,1,2,0,1,2,1,1,,4,THIERS (BOULEVARD),0,,2,2,0,1,0,0,1,, -1,1,0,1,50,9,10,2021,04:20,5,21,21231,2,2,0,6,THIERS (BOULEVARD),47.3232170843,5.0501060456,4,2,1
202100008777,186Â 053,A01,10,3,1,0,0,-1,-1,2,3,1,2021,59.0,1,2,9,1,3,26,1,,4,,0,,2,2,0,1,0,0,1,, -1,1,6,1,50,9,11,2021,11:37,1,92,92026,2,1,0,6,JEAN-PIERRE TIMBAUD,48.8998428371,2.2501990199,11,2,1
202100045040,121Â 219,A01,1,1,2,9,1,8,-1,-1, -1,-1,2021,57.0,1,2,1,0,3,26,1,,4,R CLAUDE TROTTIN,0,,3,2,0,1,1,0,1,, -1,2,9,8,50,5,4,2021,16:00,1,94,94079,2,1,0,6,CLAUDE TROTIN (R),48.82772,2.54395,16,1,1
202100005848,191Â 331,A01,2,2,1,0,1,0,-1,-1, -1,-1,2021,25.0,1,2,0,2,1,1,1,,1,A13,0,,1,3,0,1,35,99,1,, -1,2,0,1,130,28,11,2021,09:00,1,78,78090,1,1,1,2,A13,48.970585,1.893133,9,3,2
202100010998,182Â 068,B01,1,1,1,5,2,-1,-1,0,0,-1,2021,80.0,1,1,0,2,1,0,1,,3,2211,-1,A,2,2,0,1,3,450,4,, -1,1,0,1,80,26,10,2021,14:40,1,6,6002,1,1,0,1,D2211a,43.878812,6.792577,14,2,2
202100011327,181Â 483,C01,4,2,2,0,1,0,-1,-1, -1,-1,2021,0.0,1,2,0,2,4,1,1,,1,AUTOROUTE A104,0,,3,6,0,1,5,300,1,, -1,1,0,1,110,24,10,2021,17:00,1,93,93078,1,1,0,4,AUTOROUTE A104,48.9629669714,2.5486509873,17,5,4
202100009516,184Â 703,A01,1,1,1,1,1,-1,-1,0,0,-1,2021,55.0,2,5,8,0,3,13,1,,3,463,0,,2,2,0,1,27,175,2,, -1,1,0,3,80,4,11,2021,05:55,3,35,35069,1,1,0,6,D463,48.042555,-1.446495,5,1,1
202100032575,143Â 543,A01,1,1,1,5,1,-1,-1,0,0,-1,2021,26.0,1,2,6,0,3,13,1,,3,D21,0,D,2,2,0,1,0,0,3,, -1,1,5,1,50,25,6,2021,01:10,5,64,64256,2,4,0,7,Route de l Arberoue,43.389464,-1.302738,1,1,1
202100013139,178Â 261,B01,1,1,1,9,8,0,-1,-1, -1,-1,2021,14.0,0,1,0,2,1,1,3,,4,SCHACHER (AL.),0,,2,2,0,1,1,0,1,, -1,1,0,1,30,15,10,2021,13:10,1,93,93057,2,1,0,3,SCHACHER (AL.),48.9154955162,2.5086511444,13,2,2
202100030745,146Â 803,A01,10,3,2,9,0,-1,-1,2,5,1,2021,19.0,2,2,0,1,2,2,1,,4,CHARLES DE GAULLE                   (QU),0,,1,3,2,1,(1),(1),1,, -1,1,0,6,50,30,6,2021,18:15,1,69,69386,2,1,0,6,CHARLES DE GAULLE (Q),45.78147,4.8465,18,3,2
202100004892,193Â 044,A01,1,1,2,0,1,-1,-1,0,0,-1,2021,37.0,3,2,0,2,1,2,1,,3,700,-1,,2,2,0,1,(1),(1),1,, -1,2,0,1,80,3,12,2021,19:10,3,22,22171,1,1,1,4,D700,48.412917,-2.822735,19,5,3
202100026443,154Â 432,B01,1,1,1,4,2,8,-1,-1, -1,-1,2021,20.0,2,1,0,2,1,1,1,,4,VOSGES (AVENUE DES),0,,2,3,0,1,0,0,1,, -1,1,0,1,50,28,7,2021,22:15,5,67,67482,2,3,0,3,VOSGES (AVENUE DES),48.58754,7.7586,22,2,2
202100043333,124Â 206,A01,10,3,1,5,0,-1,-1,4,4,1,2021,8.0,1,1,0,1,1,1,1,,4,AVE D'EYSINES CAUD,0,,2,3,2,1,(1),(1),1,, -1,1,5,1,50,20,4,2021,16:55,1,33,33069,2,2,0,6,Avenue dâEysines,44.8543392601,-0.5984374497,16,2,1
202100017774,169Â 845,A01,1,1,1,1,2,6,-1,-1, -1,-1,2021,32.0,2,1,0,0,8,21,1,,1,A13,0,,-1,4,0,1,10,300,1,, -1,1,0,1,110,21,9,2021,07:25,1,78,78126,1,1,0,7,A13,48.835996,2.128887,7,1,1
202100048405,115Â 235,A01,10,3,1,2,0,-1,-1,1,3,2,2021,15.0,3,2,0,1,2,1,1,,4,PREVERT (RUE JACQUES),0,,2,2,0,2,(1),(1),4,, -1,2,0,1,50,11,3,2021,08:00,1,51,51454,2,1,1,7,Rue Jacques PrÃ©vert,49.219,4.03199,8,2,1
202100007846,187Â 713,A01,1,1,1,4,8,6,-1,0,0,-1,2021,21.0,1,1,0,2,8,3,1,,4,BOULEVARD PERIPHERIQUE,0,,1,3,0,1,12,700,1,, -1,1,1,1,70,15,11,2021,13:20,1,75,75116,2,1,0,5,BOULEVARD PERIPHERIQUE,48.852422,2.252586,13,3,3
202100029458,149Â 128,A01,1,1,1,1,1,-1,-1,0,0,-1,2021,22.0,1,2,16,0,9,1,1,,3,25,0,D,2,2,0,1,36,0,2,, -1,2,0,3,80,12,7,2021,08:00,1,8,8032,1,1,0,7,pk 36 D25,49.362085,4.342132,8,1,1
202100036939,135Â 673,B01,2,2,1,5,1,-1,-1,-1,0,-1,2021,35.0,2,2,0,2,4,1,1,,3,RD 170,0,,3,7,0,1,0,699,1,, -1,1,0,1,90,1,6,2021,18:40,1,95,95582,1,1,0,4,RD 170,48.96366,2.2666,18,4,3
202100050508,111Â 418,B01,1,1,1,5,0,-1,-1,0,0,-1,2021,25.0,2,1,0,2,1,5,5,,3,110,-1,,2,2,0,2,0,350,1,, -1,1,0,1,80,23,2,2021,21:30,3,38,38115,1,1,0,3,D110,44.984729,5.647509,21,2,2
202100044586,122Â 020,A01,1,1,1,9,1,0,-1,-1, -1,-1,2021,25.0,0,2,15,2,8,19,1,,3,LENT ( ROUTE DE ),0,,2,2,0,1,11,520,1,, -1,1,0,1,80,6,4,2021,16:55,1,1,1289,1,2,0,3,LENT ( ROUTE DE ),46.16505,5.2206,16,3,2
202100045741,119Â 991,B01,5,2,2,4,1,-1,-1,-1, -1,-1,2021,30.0,2,5,0,2,5,1,1,,4,CIMETIERE LEONARD   R,0,,2,2,0,1,(1),(1),1,, -1,1,0,1,50,31,3,2021,18:50,1,69,69264,2,2,0,3,LEONARD CIMETIERE (R),45.98066,4.73112,18,3,2
202100040688,128Â 896,A01,2,2,1,5,0,-1,-1,0,0,-1,2021,23.0,1,1,0,0,0,0,1,,2,,-1,,2,2,0,1,5,600,1,, -1,2,0,3,60,9,5,2021,02:23,3,987,98745,1,1,1,7,Murifenua,-16.600452,-151.540233,2,2,1
202100044839,121Â 567,B01,1,1,2,9,8,0,-1,0,0,-1,2021,40.0,1,1,0,2,8,18,5,,4,PLACE DE LA REPUBLIQUE,0,,2,6,0,1,(1),(1),1,, -1,1,0,1,50,7,4,2021,08:45,1,75,75103,2,3,0,3,PLACE DE LA REPUBLIQUE,48.8673377785,2.3633641762,8,2,2
202100022665,161Â 107,B01,1,1,1,5,2,6,-1,0,0,-1,2021,66.0,1,1,0,2,2,1,1,,4,AVENUE CLAUDE VELLEFAUX,0,,2,2,0,2,(1),(1),1,, -1,1,0,1,50,25,8,2021,11:05,1,75,75110,2,3,0,3,AVENUE CLAUDE VELLEFAUX,48.874081,2.370343,11,2,2
202100031447,145Â 535,A01,1,1,1,1,1,9,-1,0,0,-1,2021,25.0,2,2,0,2,1,13,1,,3,124,0,A,2,2,0,2,23,800,3,, -1,1,0,1,80,29,6,2021,14:55,1,47,47033,1,1,0,1,1581 Route de Cancon,44.537112,0.66964,14,2,2
202100015245,174Â 456,A01,1,1,1,0,2,8,-1,-1, -1,-1,2021,44.0,1,1,0,0,1,1,1,,4,63,0,,2,2,0,1,0,0,1,, -1,1,0,1,50,1,10,2021,00:10,5,92,92020,2,1,0,7,REPUBLIQUE AV. NÂ°27 A 105 ET 26 A 178,48.8039497979,2.2977653146,0,1,1
202100024409,158Â 054,B01,1,1,1,0,0,-1,-1,0,0,-1,2021,59.0,3,4,0,2,1,0,0,,4,,0,C,2,2,0,1,22,78,1,, -1,1,0,1,80,14,8,2021,17:25,1,16,16242,1,2,0,3,,46.011527,0.327728,17,3,2
202100021706,162Â 841,A01,1,1,1,0,1,-1,-1,0,0,-1,2021,65.0,1,2,0,2,1,3,1,,2,12,0,,2,2,0,2,43,930,1,, -1,1,0,1,80,1,9,2021,15:48,1,53,53147,1,1,0,1,ROUTE NATIONALE 12,48.308721,-0.64778,15,2,2
202100027439,152Â 676,A01,1,1,1,5,0,-1,-1,0,0,-1,2021,12.0,2,1,0,2,1,13,5,,3,608,0,D,2,2,0,2,0,500,2,, -1,1,0,1,50,23,7,2021,20:40,1,64,64490,2,1,0,1,Le Hameau d Exave,43.23736,-1.310817,20,2,2
202100053131,106Â 769,A01,1,1,1,9,1,-1,-1,0,0,-1,2021,19.0,1,2,2,0,1,21,1,,3,139,0,,2,2,0,1,3,853,1,, -1,2,0,3,80,30,1,2021,11:00,1,79,79049,1,1,0,6,,46.810135,-0.465782,11,1,1
202100056381,101Â 122,A01,1,1,1,9,2,0,-1,-1, -1,-1,2021,27.0,1,1,0,2,1,0,1,,3,20,0,,3,4,0,1,1,873,1,, -1,1,0,1,50,1,1,2021,22:30,5,91,91377,2,1,0,3,RN20,48.71915,2.29881,22,2,2
202100040395,129Â 403,A01,1,1,1,2,2,6,9,0,0,-1,2021,14.0,2,1,0,2,1,13,1,,3,102,-1,E,2,2,0,2,0,712,2,, -1,1,0,1,90,12,5,2021,08:09,1,19,19006,1,1,0,1,RD 102E,45.574722,2.207544,8,2,2
202100029303,149Â 384,A01,2,2,1,1,1,-1,-1,-1, -1,-1,2021,59.0,0,2,2,0,1,1,1,,4,TEMPLE-DE-BLOSNE (RUE DU),0,,2,2,0,1,(1),(1),1,, -1,2,0,1,50,12,7,2021,09:00,1,35,35281,2,1,1,6,TEMPLE-DE-BLOSNE (RUE DU),48.090198,-1.695026,9,2,1
202100044083,122Â 880,A01,1,1,2,1,1,-1,-1,0,0,-1,2021,43.0,2,2,0,2,3,1,1,,3,33,-1,,2,2,0,1,18,(1),2,, -1,1,0,1,70,12,4,2021,08:50,1,22,22264,1,1,0,1,Croas Ar Roc'h - Pommerit jaudy,48.751587,-3.242705,8,2,2
202100017663,170Â 051,B01,1,1,1,9,2,0,-1,-1, -1,-1,2021,38.0,2,1,0,2,2,1,1,,4,LIEUTAUD (COURS),0,,2,2,0,2,0,0,1,, -1,1,0,1,50,21,9,2021,08:10,1,13,13206,2,2,0,3,LIEUTAUD (COURS),43.2891,5.38408,8,2,2
202100029542,148Â 988,A01,1,1,1,5,1,0,-1,-1, -1,-1,2021,20.0,2,2,2,0,1,13,1,,1,A55-Sens Martigues vers Marseille,0,,1,2,0,1,9,621,3,, -1,1,0,3,110,11,7,2021,16:35,1,13,13071,1,1,0,7,A55-Sens Martigues vers Marseille,43.41465,5.28496,16,1,1