Num_Acc,id_vehicule,num_veh,place,catu,sexe,trajet,secu1,secu2,secu3,locp,actp,etatp,year_acc,victim_age,senc,catv,obs,obsm,choc,manv,motor,occutc,catr,voie,v1,v2,circ,nbv,vosp,prof,pr,pr1,plan,lartpc,larrout,surf,infra,situ,vma,jour,mois,an,hrmn,lum,dep,com,agg_,int,atm,col,adr,lat,long,hour,nb_victim,nb_vehicules
202100030012,148Â 147,B01,1,1,1,9,2,6,-1,0,0,-1,2021,26.0,3,1,0,2,7,9,1,,4,PLACE DE LA PORTE MAILLOT,0,,1,4,0,1,(1),(1),3,, -1,1,0,1,50,8,7,2021,10:00,1,75,75116,2,7,0,3,PLACE DE LA PORTE MAILLOT,48.877005,2.283502,10,2,2
202100035393,138Â 451,A01,1,1,1,5,2,6,9,0,0,-1,2021,72.0,1,1,13,0,2,1,1,,3,D986,-1,,2,2,0,2,17,100,2,, -1,1,0,3,90,11,6,2021,17:45,1,48,48146,1,1,0,6,Route de Mende (Sainte-Enimie),44.372199,3.41089,17,1,1
202100022757,160Â 923,A01,10,3,1,1,0,-1,-1,4,3,1,2021,26.0,1,2,0,1,1,19,1,,3,MEAUX RUE DE,0,,2,0,0,1,1,0,1,, -1,1,0,1,50,24,8,2021,13:30,1,93,93074,2,2,1,6,ILE DE FRANCE RUE DE L',48.93,2.574,13,2,1
202100039117,131Â 708,A01,10,3,1,5,0,-1,-1,3,3,1,2021,73.0,1,5,0,1,3,15,1,,4,,0,,2,2,0,1,(1),(1),1,, -1,1,0,1,50,20,5,2021,14:44,1,25,25462,2,3,0,6,REPUBLIQUE DE LA,46.90215,6.35825,14,2,1
202100028165,151Â 355,A01,1,1,1,4,8,0,-1,0,0,-1,2021,35.0,2,0,0,2,1,5,3,,4,RUE DE LA TOUR,0,,1,1,0,1,(1),(1),1,, -1,1,0,1,50,19,7,2021,17:30,1,75,75116,2,3,0,3,RUE DE LA TOUR,48.861748,2.278335,17,2,2
202100030018,148Â 135,B01,1,1,1,9,8,0,-1,0,0,-1,2021,30.0,1,1,0,2,8,1,5,,4,BOULEVARD VOLTAIRE,0,,2,-1,1,1,(1),(1),1,, -1,1,0,5,30,8,7,2021,10:45,1,75,75111,2,2,0,3,BOULEVARD VOLTAIRE,48.859758,2.376842,10,2,2
202100010365,183Â 180,A01,1,1,2,0,1,0,-1,-1, -1,-1,2021,41.0,2,2,0,2,1,15,1,,3,STALINGRAD (BD DE),0,,3,4,1,1,0,1,1,, -1,2,2,1,50,29,10,2021,20:00,5,94,94073,2,2,1,3,Boulevard de Stalingrad,48.77065,2.40133,20,6,2
202100034750,139Â 594,B01,1,1,2,0,1,0,-1,-1, -1,-1,2021,46.0,2,2,0,2,4,2,1,,3,SOULT (AVENUE MARECHAL),0,,3,4,0,1,7,855,1,, -1,1,0,1,50,12,6,2021,15:45,1,64,64102,2,1,0,4,SOULT (AVENUE MARECHAL),43.4867,-1.48705,15,4,4
202100023073,160Â 377,A01,1,1,1,4,1,0,-1,0,0,-1,2021,45.0,3,2,14,0,1,9,1,,4,DE GAULLE (BOULEVARD),0,,2,2,0,1,(1),(1),1,, -1,1,5,1,50,2,8,2021,03:40,3,27,27562,2,6,0,6,DE GAULLE (BOULEVARD),49.09756,1.45756,3,1,1
202100046793,118Â 131,Z01,10,3,2,5,8,8,-1,4,3,1,2021,74.0,1,1,0,1,1,1,5,,4,RUE DE TURBIGO,0,,1,2,1,1,(1),(1),1,, -1,1,-1,5,50,24,3,2021,12:55,2,75,75103,2,2,0,6,RUE DE TURBIGO,48.8654593987,2.3560798849,12,2,1
202100046134,119Â 298,A01,2,2,1,5,2,6,-1,0,0,-1,2021,20.0,1,1,0,2,7,1,1,,4,PORTE D AUTEUIL,0,,-1,4,0,1,12,400,1,, -1,1,0,1,70,28,3,2021,19:50,5,75,75116,2,4,0,2,PORTE D AUTEUIL,48.8494580729,2.2522240877,19,3,2
202100029613,148Â 853,A01,2,2,1,0,2,8,-1,-1, -1,-1,2021,20.0,1,1,0,2,3,26,1,,3,,0,,2,2,0,1,51,130,1,, -1,1,0,1,50,9,7,2021,16:20,1,7,7281,2,1,0,3,ONZE NOVEMBRE (AVENUE DU),44.94756,4.84462,16,3,2
202100009099,185Â 442,B01,1,1,1,0,2,-1,-1,-1, -1,-1,2021,17.0,2,1,0,2,1,1,1,,4,QUAI NUMA SENSINE,0,,2,4,0,1,(1),(1),1,, -1,1,0,1,50,23,10,2021,13:20,1,33,33249,2,1,0,2,Quai Numa Sensine,44.87605,-0.53524,13,2,2
202100052559,107Â 773,Z01,10,3,2,3,0,-1,-1,9,3,1,2021,69.0,1,2,0,1,1,2,1,,4,CATALANS (RUE DES),0,,-1,2,0,1,(1),(1),1,, -1,1,0,1,50,3,2,2021,17:20,2,13,13207,2,3,0,6,CATALANS (RUE DES),43.290585,5.355955,17,2,1
202100014926,175Â 033,A01,1,1,1,1,1,4,-1,-1,0,-1,2021,37.0,2,2,4,0,1,1,1,,1,AUTOROUTE A115,0,,1,2,0,4,1,0,3,, -1,2,0,1,50,5,10,2021,22:20,3,95,95582,1,1,1,6, A115,48.97465,2.24234,22,1,1
202100010254,183Â 373,B01,1,1,1,0,1,0,-1,-1, -1,-1,2021,45.0,1,2,0,2,4,1,1,,1,AUTOROUTE A3,0,,3,3,0,1,12,0,1,, -1,2,0,1,110,29,10,2021,19:45,1,93,93005,1,1,1,2,AUTOROUTE A3,48.9427982611,2.4781036377,19,2,2
202100039183,131Â 586,A01,10,3,1,5,0,-1,-1,3,3,1,2021,20.0,1,2,0,0,1,1,1,,7,1,-1,,3,2,0,1,35,300,3,, -1,1,0,1,50,20,5,2021,16:00,1,31,31150,2,6,0,6,5 Route de Mondonville,43.654351,1.323863,16,2,1
202100047442,116Â 965,A01,2,2,1,5,0,-1,-1,0,0,-1,2021,24.0,2,2,13,0,3,14,1,,2,3,0,A,2,2,0,1,37,730,3,, -1,1,0,3,110,20,3,2021,05:30,2,988,98808,1,1,0,6,RT3 Tribu de Karovin,-21.298851,165.470377,5,5,1
202100031815,144Â 889,A01,1,1,2,5,1,0,-1,-1, -1,-1,2021,20.0,1,2,14,2,1,1,1,,1,A4,0,,1,4,0,1,26,0,1,, -1,2,0,1,130,29,6,2021,03:00,3,77,77058,1,9,0,2,A4,48.8288424019,2.7271864718,3,3,2
202100019194,167Â 319,B01,1,1,1,0,8,0,-1,-1, -1,-1,2021,46.0,1,5,0,2,4,2,1,,3,ESPAGNE (ROUTE D'),0,,-1,2,0,1,38,50,1,, -1,1,0,1,50,13,9,2021,10:45,1,9,9122,1,1,0,4,ESPAGNE (ROUTE D'),42.950701,1.624784,10,4,3
202100051027,110Â 462,A01,4,2,1,5,1,0,-1,0,0,-1,2021,21.0,3,2,7,0,1,14,1,,4,CHEMIN DES AULNES,0,,2,2,0,1,(1),(1),2,, -1,1,0,3,50,17,2,2021,11:41,1,88,88424,2,1,0,6,CHEMIN DES AULNES,48.26518,6.96547,11,4,1
202100030402,147Â 423,A01,10,3,1,0,0,-1,-1,2,3,1,2021,85.0,1,2,0,1,1,9,1,,4,PAOUTE (ROUTE ET TRAVERSE DE LA),0,,2,1,0,1,(1),(1),1,, -1,1,0,1,50,6,7,2021,15:00,1,6,6069,2,1,0,6,PAOUTE (ROUTE ET TRAVERSE DE LA),43.633611,6.957644,15,2,1
202100030919,146Â 493,A01,1,1,1,0,2,6,-1,0,0,-1,2021,34.0,3,1,12,0,8,13,1,,3, -81,0,D,2,2,0,1,(1),(1),1,, -1,2,0,4,50,21,6,2021,15:00,1,40,40312,2,3,1,7,Square Albert Mora,43.541547,-1.483483,15,1,1
202100002554,197Â 216,A01,1,1,1,9,1,-1,-1,-1, -1,-1,2021,22.0,1,2,14,0,1,14,1,,1,ROCADE A 630,0,,3,6,0,1,25,380,1,, -1,1,3,1,90,17,12,2021,09:50,1,33,33318,1,1,0,6,Rocade Sud Ouest A630 -E15-,44.78812,-0.630913,9,1,1
202100056267,101Â 320,Z01,10,3,1,0,8,8,-1,9,B,1,2021,20.0,3,2,0,1,0,26,0,,6,BLUM (PLACE LEON),0,,-1,-1,0,1,(1),(1),1,, -1,2,9,8,30,3,1,2021,15:57,1,25,25580,2,1,0,6,BLUM (PLACE LEON),47.4538,6.82644,15,2,1
202100050093,112Â 197,B01,1,1,1,0,2,6,-1,0,0,-1,2021,55.0,0,1,0,2,7,2,1,,3,6007,0,,2,2,1,1,28,266,1,, -1,1,0,1,50,26,2,2021,14:30,1,6,6161,2,1,0,3,2686 Route Departementale 6007,43.625805,7.131933,14,2,2
202100041825,126Â 847,A01,4,2,2,0,1,0,-1,-1, -1,-1,2021,37.0,-1,2,0,2,3,21,1,,3,FRANCE ANATOLE (BOULEVARD) NR AUTRES,0,,2,2,0,1,0,1,1,, -1,2,0,1,50,1,5,2021,17:15,1,93,93066,2,1,1,5,Boulevard Anatole France,48.91923,2.34264,17,5,3
202100023761,159Â 145,A01,1,1,1,5,2,-1,-1,0,0,-1,2021,60.0,1,1,0,2,7,1,5,,7,6,-1,,2,2,0,1,15,500,2,, -1,1,5,1,50,17,8,2021,17:00,1,69,69279,2,6,0,3,LYON (DE) (RTE),45.7997676594,5.0597459078,17,2,2
202100016587,171Â 983,A01,2,2,2,5,2,6,-1,0,0,-1,2021,54.0,2,1,12,0,7,1,1,,2,202,0,,2,2,0,1,0,150,1,, -1,1,9,1,30,25,9,2021,17:20,1,4,4022,2,1,0,7,RN 202,43.95294,6.367355,17,2,1
202100005133,192Â 602,A01,1,1,1,0,1,-1,-1,0,0,-1,2021,60.0,1,2,0,2,1,2,1,,1,83,-1,,1,4,0,1,2,0,1,, -1,2,0,1,110,2,12,2021,15:45,1,44,44014,1,1,1,2,A 83 PK 2.000,47.11741,-1.49432,15,2,2
202100000933,200Â 083,A01,1,1,1,5,1,-1,-1,0,0,-1,2021,63.0,1,2,13,0,1,1,1,,3,24,0,D,2,2,0,1,11,500,1,, -1,2,0,3,80,30,12,2021,09:50,1,973,97309,1,1,0,7,NATIONALE 4,4.879445,-52.295029,9,3,2
202100014071,176Â 547,B01,1,1,1,5,2,-1,-1,0,0,-1,2021,65.0,3,1,0,0,8,1,5,,9,10,0,,2,2,0,1,(1),(1),1,, -1,1,0,1,70,10,10,2021,10:25,1,45,45346,2,1,0,6,Route des Caduels,47.944446,2.278113,10,3,3
202100048248,115Â 507,B01,1,1,1,1,2,8,-1,0,0,-1,2021,22.0,1,1,0,2,9,1,1,,3,BRIAND (AVENUE ARISTIDE),0,,2,3,0,1,0,370,1,, -1,2,0,1,50,8,3,2021,10:45,1,65,65440,2,3,1,3,BRIAND (AVENUE ARISTIDE),43.21854,0.05774,10,2,2
202100013183,178Â 181,B01,1,1,1,0,2,-1,-1,0,0,-1,2021,22.0,2,1,8,2,1,19,1,,3,386,0,,-1,2,1,1,16,134,3,, -1,1,9,1,30,8,10,2021,11:50,1,69,69136,2,9,0,3,LYON (DE) (RTE),45.6126235023,4.7703418945,11,2,2
202100009337,185Â 015,A01,1,1,1,5,0,-1,-1,0,0,-1,2021,27.0,3,2,2,0,1,0,1,,4,,-1,,2,2,0,2,(1),(1),3,,"3,5",1,0,3,50,5,11,2021,23:55,3,12,12032,1,1,0,6,Chemin du Lezert,44.27757,2.363139,23,2,1
202100027613,152Â 369,B01,2,2,1,5,1,-1,-1,0,0,-1,2021,30.0,1,2,0,2,1,1,1,,3,999,-1,,2,2,0,1,60,415,1,, -1,1,0,1,90,23,7,2021,18:56,1,81,81279,1,1,0,1,D999,43.92037,1.656489,18,3,2
202100023846,159Â 003,B01,1,1,2,9,8,-1,-1,-1, -1,-1,2021,58.0,1,1,0,2,3,1,5,,4,FRERES LUMIERE (DES)                (AV),0,,1,1,2,1,(1),(1),1,, -1,1,0,1,50,16,8,2021,13:05,1,69,69388,2,3,0,3,FRERES LUMIERE (DES) (AV),45.74587,4.86361,13,2,2
202100046221,119Â 151,A01,1,1,1,0,8,0,-1,-1, -1,-1,2021,19.0,1,0,0,0,0,16,0,,4,AV AUGUSTE RENOIR,0,,2,2,0,1,1,0,3,, -1,9,0,1,50,28,3,2021,16:50,1,77,77390,2,6,0,7,AV AUGUSTE RENOIR,48.79475,2.65984,16,1,1
202100028330,151Â 057,A01,10,3,1,9,0,-1,-1,3,3,1,2021,47.0,2,2,0,1,1,1,1,,4,GENERAL JOINVILLE,0,,1,2,1,1,0,0,3,, -1,1,0,1,50,18,7,2021,13:00,1,93,93066,2,1,0,1,GENERAL JOINVILLE,48.93553,2.3674,13,2,1
202100048846,114Â 450,A01,1,1,1,5,2,6,-1,-1, -1,-1,2021,19.0,1,1,0,2,1,2,1,,3,ROOSEVELT FRANKLIN AVENUE,0,,3,3,0,1,18,390,3,, -1,1,5,1,50,6,3,2021,14:15,1,73,73008,2,6,0,2,D1201 Av Franklin Roosevelt,45.6970042594,5.9076428516,14,3,2
202100019368,167Â 010,A01,10,3,1,5,0,-1,-1,2,4,1,2021,9.0,2,2,0,1,3,1,2,,4,RUE EDMOND ROUSSE,0,,2,2,0,1,(1),(1),1,, -1,1,0,1,30,12,9,2021,18:00,1,75,75114,2,1,0,6,RUE EDMOND ROUSSE,48.8230109995,2.3242173499,18,2,1
202100013066,178Â 388,A01,1,1,2,5,2,8,-1,-1, -1,-1,2021,35.0,1,1,0,2,1,2,5,,4,CHAZELLES ( COURS LOUIS  DE ),0,,2,4,3,1,(1),(1),1,, -1,1,0,1,30,14,10,2021,09:15,1,56,56121,2,3,0,2,CHAZELLES ( COURS LOUIS  DE ),47.75481,-3.3635,9,2,2
202100033517,141Â 864,A01,1,1,1,0,2,0,-1,-1, -1,-1,2021,34.0,1,1,0,2,3,2,1,,1,AUTOROUTE A86,0,,3,8,0,1,27,500,1,, -1,1,0,1,90,18,6,2021,21:00,1,93,93064,1,1,0,3,AUTOROUTE A86,48.87506,2.47875,21,2,2
202100031069,146Â 207,A01,10,3,2,0,0,-1,-1,5,1,1,2021,11.0,2,5,0,1,2,25,1,,6,BLUM (AVENUE LEON),0,,-1,0,0,1,(1),(1),1,, -1,1,0,4,50,2,7,2021,20:10,1,51,51454,2,9,0,7,Avenue LÃ©on Blum,49.2265,4.01141,20,3,1
202100008601,186Â 362,A01,1,1,1,1,2,0,-1,0,0,-1,2021,41.0,2,1,0,2,8,21,1,,4,RUE DE MONTEMPOIVRE,0,,1,1,0,1,(1),(1),1,, -1,1,0,1,30,10,11,2021,09:45,1,75,75112,2,1,0,7,RUE DE MONTEMPOIVRE,48.840382,2.40831,9,1,1
202100025733,155Â 686,A01,10,3,1,3,0,-1,-1,2,3,1,2021,70.0,3,2,0,1,1,1,1,,7,RD 570,0,,2,2,0,1,(1),(1),1,, -1,1,0,1,70,3,8,2021,11:37,1,54,54265,2,1,0,6,RM 570,48.6443087944,6.1819177866,11,2,1
202100017501,170Â 343,B01,1,1,2,1,2,0,-1,0,0,-1,2021,45.0,2,1,0,2,8,1,5,,4,BOULEVARD DIDEROT,0,,2,3,0,1,(1),(1),1,, -1,1,0,1,30,22,9,2021,11:15,1,75,75112,2,2,1,3,BOULEVARD DIDEROT,48.846774,2.381749,11,2,2
202100055001,103Â 496,B01,1,1,2,1,1,0,-1,-1,0,-1,2021,32.0,1,2,0,2,2,1,1,,3,170,0,,3,4,0,1,1,700,1,, -1,1,0,1,70,14,1,2021,09:05,1,95,95582,2,1,0,3,RD 170,48.96861,2.27489,9,2,2
202100032179,144Â 235,A01,1,1,1,5,2,-1,-1,0,0,-1,2021,46.0,2,1,6,0,1,1,1,,3,946,0,,2,2,0,1,25,800,3,, -1,1,0,3,50,27,6,2021,12:00,1,2,2379,2,1,0,6,Rue de Guise,49.820054,3.643904,12,1,1
202100020419,165Â 143,A01,10,3,1,9,0,-1,-1,1,9,1,2021,58.0,2,2,0,1,3,1,1,,3,907,-1,,2,3,0,2,3,900,1,, -1,1,0,1,80,2,9,2021,22:55,3,74,74094,1,1,0,6,D 907 CRANVES SALES,46.176458,6.30332,22,2,1
202100037301,134Â 995,A01,10,3,2,1,0,-1,-1,2,3,2,2021,49.0,1,1,15,2,4,19,1,,3,BD MAXIME GORKI ,0,,2,0,0,1,1,0,1,, -1,1,0,1,50,31,5,2021,15:00,1,94,94076,2,1,0,6,MAXIME GORKI (BD),48.78768,2.36785,15,2,1
202100011793,180Â 634,A01,1,1,2,1,1,0,-1,-1, -1,-1,2021,38.0,2,2,0,2,1,2,1,,3,DÃ©partementale  617,0,,3,2,0,1,2,285,1,, -1,1,0,1,70,21,10,2021,08:15,1,66,66136,1,1,0,2,DÃ©partementale  617,42.70947,2.91462,8,2,2
202100004006,194Â 582,A01,10,3,1,0,0,-1,-1,2,3,1,2021,75.0,3,2,0,1,3,1,1,,4,,0,,2,2,0,1,(1),(1),1,, -1,1,0,1,30,7,12,2021,17:30,5,71,71076,2,1,0,6,IMPASSE DU PARADIS,46.7931,4.85322,17,2,1
202100035482,138Â 289,A01,2,2,2,0,2,0,-1,-1, -1,-1,2021,16.0,2,1,0,2,1,1,1,,3,CHANTACO (AVENUE DE ),0,,2,3,0,1,1,0,1,, -1,1,0,1,50,9,6,2021,12:35,1,64,64483,2,1,0,2,CHANTACO (AVENUE DE ),43.38731,-1.6533,12,3,2
202100043981,123Â 068,A01,1,1,1,0,1,-1,-1,0,0,-1,2021,32.0,1,2,0,0,9,1,1,,3,83,-1,,3,4,0,1,33,400,1,, -1,1,0,3,110,15,4,2021,14:50,1,68,68123,1,1,0,7,D83,48.009075,7.302668,14,1,1
202100002345,197Â 592,A01,1,1,1,5,-1,6,-1,-1, -1,-1,2021,42.0,1,1,13,0,1,14,1,,1,AUTOROUTE A5A,0,,1,2,0,1,0,500,2,, -1,1,0,1,90,17,12,2021,19:55,3,77,77251,1,1,0,6,AUTOROUTE A5A,48.6261729017,2.5390565473,19,1,1
202100027375,152Â 783,A01,1,1,2,0,1,0,-1,-1, -1,-1,2021,65.0,1,2,1,0,3,1,1,,4,EDOUARD VAILLANT (RUE),0,,1,1,0,1,(1),(1),1,, -1,1,0,1,50,23,7,2021,13:04,1,10,10357,2,1,1,6,EDOUARD VAILLANT (RUE),48.30121,4.09902,13,1,1
202100004490,193Â 743,B01,1,1,1,1,1,4,-1,-1, -1,-1,2021,55.0,1,2,0,2,1,2,1,,2,RN104,0,,3,6,0,1,19,0,1,, -1,2,0,1,90,6,12,2021,09:00,1,77,77175,1,1,0,2,RN104,48.6685920044,2.6121797906,9,2,2
202100014313,176Â 119,A01,10,3,2,0,0,-1,-1,3,3,1,2021,29.0,2,1,0,1,3,17,1,,4,FIER (BOULEVARD DU)),0,,2,2,0,1,0,0,1,, -1,2,0,1,50,8,7,2021,14:28,1,74,74010,2,1,1,6,FIER (BOULEVARD DU)),45.91913,6.11851,14,2,1
202100055838,102Â 065,B01,1,1,1,0,1,0,-1,-1, -1,-1,2021,46.0,1,2,0,2,4,23,1,,3,MAURICE BERTEAUX (AV),0,,2,2,0,1,(1),(1),1,, -1,1,0,1,50,8,1,2021,15:29,1,94,94059,2,1,0,2,MAURICE BERTEAUX (AV),48.8081596251,2.5700422695,15,2,2
202100034773,139Â 558,B01,1,1,1,0,1,0,-1,-1, -1,-1,2021,29.0,1,2,0,2,4,2,1,,3,RD 660,0,,3,4,0,1,3,450,1,, -1,1,0,1,90,12,6,2021,08:57,1,10,10362,1,9,0,2,RD 660,48.30153,4.0244,8,2,2
202100030780,146Â 744,A01,10,3,2,5,0,-1,-1,3,3,1,2021,33.0,1,2,0,1,1,1,1,,3,AV DE STALINGRAD,0,,2,4,0,1,0,550,1,, -1,1,0,1,50,28,6,2021,20:10,2,95,95268,2,1,0,6,AV DE STALINGRAD,48.9633613715,2.404230237,20,2,1
202100021581,163Â 057,A01,2,2,1,0,1,-1,-1,-1, -1,-1,2021,26.0,1,2,9,0,2,21,1,,4,ALBERT EINSTEIN                     (R ),0,,2,2,0,1,(1),(1),1,, -1,1,0,4,50,31,8,2021,09:45,1,69,69259,2,4,0,6,ALBERT EINSTEIN (R),45.69742,4.87689,9,2,1
202100049166,113Â 871,A01,1,1,1,1,2,6,-1,0,0,-1,2021,17.0,2,1,1,0,1,2,1,,3,813,-1,,4,3,3,1,79,990,1,, -1,1,0,1,80,5,3,2021,14:00,1,47,47233,1,1,0,2,Route de Bordeaux,44.525472,0.105035,14,2,2
202100031075,146Â 195,B01,1,1,1,0,2,6,-1,-1, -1,-1,2021,37.0,2,1,0,2,1,1,1,,3,LE GRAND GRIS CAILLOU,0,,2,2,0,1,1,370,3,, -1,1,9,1,80,1,7,2021,13:10,1,50,50537,1,1,0,1,LE GRAND GRIS CAILLOU,49.04824,-1.42164,13,2,2
202100012153,179Â 999,B01,1,1,1,0,0,-1,-1,-1, -1,-1,2021,21.0,3,1,0,2,2,3,1,,4,CIMAISE RUE DE LA,0,,2,2,0,1,(1),(1),1,, -1,1,0,1,50,13,10,2021,18:30,1,59,59009,2,1,0,3,CIMAISE RUE DE LA,50.64677,3.15084,18,2,2
202100051206,110Â 146,A01,1,1,2,4,1,-1,-1,0,0,-1,2021,51.0,1,2,13,0,7,14,1,,3,93,-1,,2,2,0,1,21,405,1,, -1,1,0,1,80,16,2,2021,06:40,3,35,35136,1,1,0,7,Lieu Dit le Petit Brulon,47.930426,-1.520391,6,1,1
202100042424,125Â 788,B01,2,2,2,5,1,1,-1,0,0,-1,2021,19.0,1,2,0,2,4,23,1,,1,NORMANDIE N-E-1 (ROUTE PROVINCIALE DU),0,,3,4,0,1,0,0,1,, -1,1,0,1,70,23,4,2021,17:02,1,988,98818,1,1,0,2,VE1 SENS SUD/NORD,-22.24936,166.45235,17,6,2
202100009734,184Â 304,A01,10,3,2,1,0,-1,-1,4,3,1,2021,61.0,1,5,0,1,3,26,1,,3,PARIS   AVENUE DE,0,,3,4,0,1,4,500,1,, -1,2,0,1,50,2,11,2021,07:50,2,95,95598,2,1,1,6,Avenue de Paris,48.987882,2.294228,7,2,1
202100039336,131Â 287,B01,6,2,1,5,1,-1,-1,0,0,-1,2021,10.0,1,5,0,2,1,1,1,,2,42,-1,,2,2,0,1,32,200,1,, -1,1,0,1,80,19,5,2021,16:45,1,62,62308,1,1,0,1,Route Nationale 42,50.718257,1.94185,16,4,2
202100042718,125Â 276,A01,10,3,1,5,0,-1,-1,0,0,-1,2021,33.0,1,2,0,2,1,1,1,,3,FRANCE (AV. ANATOLE) DE 58 A 72,0,,-1,2,0,1,0,1,1,, -1,1,2,1,50,24,4,2021,14:40,1,93,93010,2,1,0,6,FRANCE (AV. ANATOLE) DE 58 A 72,48.8913087248,2.496508956,14,2,1
202100006843,189Â 552,A01,1,1,1,5,2,6,-1,0,0,-1,2021,20.0,1,1,0,0,0,1,1,,3,,-1,,1,2,0,1,20,750,1,,5,1,0,1,50,22,11,2021,22:34,5,95,95313,2,1,0,7,13 Grande Rue,49.112681,2.214346,22,2,1
202100036592,136Â 298,B01,1,1,2,0,2,0,-1,-1, -1,-1,2021,42.0,0,1,0,0,2,1,1,,4,EVIAN (AVENUE D'),0,,1,2,0,1,0,1,3,, -1,1,9,1,50,2,6,2021,16:55,1,74,74281,2,6,0,3,EVIAN (AVENUE D'),46.37807,6.49027,16,2,2
202100038285,133Â 213,A01,1,1,1,1,1,-1,-1,0,0,-1,2021,62.0,1,2,16,0,9,1,1,,3,155,2,D,2,2,0,2,4,300,2,, -1,1,0,3,80,26,5,2021,16:10,1,30,30090,1,1,0,7,d155,44.376463,3.976707,16,1,1
202100030814,146Â 686,B01,2,2,1,0,2,-1,-1,-1, -1,-1,2021,16.0,1,1,0,2,7,14,1,,7,CD 46 DE 1930 A FIN (VALETTE),0,,2,2,0,2,9,500,1,, -1,1,0,3,70,28,6,2021,17:40,1,83,83137,2,1,0,3,CD 46 DE 1930 A FIN (VALETTE),43.14908,5.97406,17,3,2
202100005237,192Â 419,A01,1,1,2,4,1,0,-1,-1, -1,-1,2021,29.0,2,2,0,2,1,1,1,,4,FAISANDERIE (AVENUE DE LA),0,,2,2,0,1,0,0,1,, -1,1,0,1,50,30,11,2021,09:50,1,91,91434,2,2,0,3,FAISANDERIE (AVENUE DE LA),48.649895,2.343083,9,2,2
202100032092,144Â 386,B01,1,1,1,5,2,0,-1,-1, -1,-1,2021,25.0,1,1,0,0,4,1,1,,3,SCHWEISGUTH (RUE DU GENERAL),0,,3,2,0,1,15,410,1,, -1,1,9,1,50,26,6,2021,21:20,1,78,78015,2,1,0,2,SCHWEISGUTH (RUE DU GENERAL),48.99,2.068,21,4,2
202100040577,129Â 090,A01,1,1,1,5,2,6,-1,0,0,-1,2021,47.0,1,1,0,0,0,1,1,,3,234,0,,2,2,0,1,4,9,2,, -1,1,0,1,80,4,5,2021,15:15,1,76,76250,1,1,0,7,Route du Ponant,49.5623516583,0.3032083984,15,1,1
202100051543,109Â 564,A01,1,1,1,9,0,-1,-1,0,0,-1,2021,41.0,3,2,13,0,2,1,1,,4,,-1,,2,2,0,1,(1),(1),1,, -1,1,0,3,50,13,2,2021,19:30,3,14,14020,1,1,0,6,Rue du Marais,49.134237,-0.173153,19,1,1
202100038973,131Â 976,A01,1,1,1,9,2,8,-1,0,0,-1,2021,31.0,3,1,0,0,1,26,5,,4,QUAI HENRI IV,0,,-1,1,0,1,(1),(1),1,, -1,1,1,1,50,21,5,2021,19:30,1,75,75104,2,1,0,7,QUAI HENRI IV,48.847367,2.364763,19,1,1
202100039656,130Â 709,A01,1,1,1,5,2,-1,-1,0,0,-1,2021,25.0,1,1,12,0,7,1,1,,2,211,0,R,2,2,0,2,(1),(1),2,, -1,1,0,4,50,15,5,2021,22:45,3,977,97701,2,1,0,3,route de grand fond,17.90074,-62.818483,22,1,1
202100024664,157Â 566,B01,1,1,2,5,1,-1,-1,0,0,-1,2021,64.0,2,2,0,2,3,1,1,,1,,-1,,2,2,-1,1,(1),(1),2,, -1,1,3,1,-1,12,8,2021,11:00,1,14,14203,1,3,0,3,D400 ,49.23049,-0.086389,11,2,2
202100050920,110Â 659,B01,1,1,1,5,1,0,-1,-1, -1,-1,2021,27.0,1,2,0,0,4,2,1,,2,ROUTE NATIONALE 20,0,,1,4,0,1,22,429,1,, -1,1,0,1,110,19,2,2021,13:55,1,9,9225,1,1,0,2,ROUTE NATIONALE 20,43.094561,1.633565,13,2,2
202100051888,108Â 952,A01,1,1,1,0,1,-1,-1,-1, -1,-1,2021,53.0,1,2,15,0,1,1,1,,4,,0,,1,1,0,1,(1),(1),1,, -1,2,0,1,50,10,2,2021,18:10,5,69,69266,2,1,1,7,PEROU (DU) (R),45.77709,4.87829,18,1,1
202100005939,191Â 178,A01,10,3,2,2,0,-1,-1,3,3,1,2021,19.0,1,2,0,1,1,1,1,,4,CLEMENCEAU (AVENUE GEORGES),0,,2,2,1,1,(1),(1),1,, -1,2,0,1,30,26,11,2021,17:45,5,51,51454,2,1,1,7,Avenue Georges ClÃ©menceau,49.25148,4.04702,17,2,1
202100051819,109Â 076,A01,1,1,1,1,2,6,-1,0,0,-1,2021,41.0,1,1,0,0,0,21,1,,4,PORTE DES LILAS,0,,1,4,0,1,28,300,1,, -1,1,1,1,70,9,2,2021,15:30,1,75,75119,2,1,0,7,PORTE DES LILAS,48.878061,2.408447,15,1,1
202100018719,168Â 178,A01,10,3,2,3,8,8,-1,1,3,1,2021,76.0,3,5,1,1,6,26,0,,6,VOULX (ROUTE DE),0,,-1,0,0,1,(1),(1),1,, -1,1,9,8,30,11,9,2021,17:20,1,89,89387,2,1,0,6,VOULX (ROUTE DE),48.20429,3.2649,17,2,1
202100002260,197Â 742,B01,4,2,1,5,1,0,-1,-1, -1,-1,2021,3.0,1,2,0,2,4,2,1,,2,20 (R.N.) COTE SUD DU TUNNEL,0,,-1,2,0,1,41,0,1,, -1,1,0,1,80,17,12,2021,17:45,5,9,9207,2,1,0,2,20 (R.N.) COTE SUD DU TUNNEL,42.941696,1.623226,17,4,2