Num_Acc,id_vehicule,num_veh,place,catu,sexe,trajet,secu1,secu2,secu3,locp,actp,etatp,year_acc,victim_age,senc,catv,obs,obsm,choc,manv,motor,occutc,catr,voie,v1,v2,circ,nbv,vosp,prof,pr,pr1,plan,lartpc,larrout,surf,infra,situ,vma,jour,mois,an,hrmn,lum,dep,com,agg_,int,atm,col,adr,lat,long,hour,nb_victim,nb_vehicules
202100016656,171Â 857,A01,1,1,2,5,8,0,-1,-1, -1,-1,2021,75.0,3,1,0,2,4,26,6,,4,BREGUET (RUE LOUIS),0,,1,2,0,1,(1),(1),2,, -1,1,0,1,50,21,9,2021,16:07,1,16,16089,2,6,0,3,BREGUET (RUE LOUIS),45.6789291954,-0.3112944961,16,2,2
202100024176,158Â 449,A01,1,1,1,5,0,-1,-1,0,0,-1,2021,36.0,2,1,0,0,7,1,0,,4,,-1,,-1,1,0,1,(1),(1),1,, -1,1,0,1,50,14,8,2021,20:30,2,25,25325,2,9,0,7,Rue du Faubourg,47.257782,6.466382,20,1,1
202100044616,121Â 970,A01,2,2,2,5,8,0,-1,-1, -1,-1,2021,9.0,1,1,0,2,2,12,5,,3,EDOUARD VAILLANT (AVENUE) DEBUT/56 - COT,0,,3,3,0,1,0,0,1,, -1,1,0,1,50,8,4,2021,13:10,1,92,92012,2,3,0,3,EDOUARD VAILLANT (AVENUE) DEBUT/56 - COT,48.8355320216,2.249442637,13,3,2
202100001691,198Â 768,B01,2,2,2,0,1,-1,-1,-1, -1,-1,2021,30.0,3,2,0,2,4,2,1,,4,PIERRE SEMARD                       (AV),0,,2,3,2,2,(1),(1),1,, -1,1,2,1,50,22,12,2021,18:45,5,69,69259,2,1,0,5,PIERRE SEMARD (AV),45.7102673861,4.8755049706,18,4,3
202100016623,171Â 921,B01,1,1,1,0,1,0,-1,-1, -1,-1,2021,74.0,1,2,0,2,6,1,2,,2,JAURES (BOULEVARD JEAN),0,,3,4,0,1,(1),(1),1,, -1,1,0,1,70,26,9,2021,11:45,1,974,97411,2,3,0,2,JAURES (BOULEVARD JEAN),-20.88874,55.44725,11,3,2
202100014646,175Â 534,B01,1,1,1,0,8,0,-1,-1, -1,-1,2021,35.0,1,2,1,0,8,23,1,,3,GEORGES GUYNEMER (R),0,,2,2,0,2,0,0,1,, -1,2,0,1,50,5,10,2021,19:30,2,94,94033,2,2,1,3,GEORGES GUYNEMER (R),48.84777,2.48784,19,2,2
202100021692,162Â 861,A01,1,1,1,5,2,6,9,0,0,-1,2021,28.0,3,1,16,0,1,1,1,,3,45,-1,,2,2,0,4,8,220,4,, -1,1,0,3,70,31,8,2021,19:30,1,76,76419,1,1,0,7,D45,49.396438,0.881251,19,1,1
202100037352,134Â 902,B01,1,1,1,5,1,-1,-1,0,0,-1,2021,71.0,1,2,0,2,3,1,1,,3,624,0,D,2,2,0,1,26,700,1,, -1,1,0,1,50,31,5,2021,09:25,1,9,9264,2,1,0,1,25 Avenue des Ecoliers,43.018337,1.610764,9,2,2
202100028366,151Â 001,A01,1,1,1,5,2,6,-1,0,0,-1,2021,58.0,2,1,13,0,8,1,1,,3,602,-1,,2,2,0,2,5,700,1,, -1,1,0,3,80,18,7,2021,16:50,1,65,65022,1,1,0,7,RD 602- Route du Bergons,43.010091,-0.162293,16,1,1
202100055611,102Â 449,A01,1,1,1,0,2,0,-1,-1, -1,-1,2021,38.0,2,1,0,2,1,3,1,,1,A13,0,,3,6,0,1,6,699,1,, -1,2,0,1,110,11,1,2021,09:20,1,92,92047,1,1,0,4,A13,48.8350835791,2.1757683191,9,3,3
202100012350,179Â 646,A01,1,1,1,1,1,-1,-1,-1, -1,-1,2021,57.0,2,2,14,0,1,2,1,,1,AUTOROUTE A10,0,,3,6,0,1,540,200,1,, -1,1,0,1,110,19,10,2021,07:15,5,33,33397,1,1,0,6,AUTOROUTE A10,44.906723,-0.491555,7,3,2
202100028801,150Â 239,B01,1,1,1,5,1,0,-1,-1, -1,-1,2021,21.0,1,5,0,2,2,1,1,,4,ARGENTIERS (RUE DES),0,,2,2,0,1,0,0,1,, -1,2,0,1,50,14,7,2021,10:39,1,87,87085,2,2,0,3,FOUCAUD (AVENUE),45.82957,1.25144,10,2,2
202100019003,167Â 669,B01,1,1,2,9,2,0,-1,0,0,-1,2021,27.0,2,1,0,2,7,1,5,,4,RUE DU FAUBOURG POISSONNIERE,0,,2,2,1,2,(1),(1),3,, -1,2,0,5,30,14,9,2021,19:10,2,75,75110,2,4,1,3,RUE DU FAUBOURG POISSONNIERE,48.883183,2.349837,19,2,2
202100031773,144Â 968,A01,2,2,2,5,1,5,-1,0,0,-1,2021,70.0,2,2,15,0,2,14,1,,3,902,-1,D,2,2,1,1,(1),(1),2,, -1,1,0,3,70,29,6,2021,14:40,1,74,74085,1,1,0,6,2183 Rte de Saint Gervais,45.841048,6.72922,14,4,1
202100010717,182Â 571,A01,10,3,1,5,8,8,-1,2,3,1,2021,46.0,2,2,0,1,4,26,1,,4,RUE DES RENFORTS,0,,2,1,0,1,(1),(1),1,, -1,1,0,1,50,27,10,2021,08:00,2,31,31555,2,1,0,6,RUE DES RENFORTS,43.59377,1.44329,8,2,1
202100050271,111Â 859,A01,1,1,1,4,1,-1,-1,0,0,-1,2021,40.0,1,4,3,0,3,1,1,,1,36,0,,3,4,0,1,117,600,1,, -1,1,0,1,130,26,2,2021,10:45,1,68,68253,1,1,0,6,A36 pk 117.600,47.780816,7.492767,10,2,2
202100024412,158Â 050,A01,1,1,1,5,2,-1,-1,0,0,-1,2021,18.0,2,1,0,2,1,1,1,,3,706,-1,D,2,2,0,1,11,100,3,, -1,1,0,1,80,13,8,2021,20:00,2,24,24443,1,1,0,1,D706,45.019291,1.079814,20,3,2
202100019632,166Â 547,B01,1,1,1,1,2,8,-1,-1, -1,-1,2021,17.0,2,1,0,2,1,1,1,,3,RD 30,0,,2,2,0,1,28,100,1,, -1,1,0,1,80,9,9,2021,22:45,3,86,86158,1,1,0,1,RD30,46.62815,0.26485,22,2,2
202100023055,160Â 409,B01,1,1,1,5,1,8,-1,-1, -1,-1,2021,21.0,3,2,0,2,8,9,1,,3,PIERRE EMILE GASPARD,0,,1,1,0,2,0,0,1,, -1,1,0,1,50,22,7,2021,00:35,5,58,58194,2,3,0,3,PIERRE EMILE GASPARD,46.9867,3.1527,0,4,2
202100021087,163Â 962,B01,1,1,2,5,2,0,-1,0,0,-1,2021,24.0,1,1,0,2,2,1,5,,4,AVENUE DE VILLIERS,0,,2,2,0,1,(1),(1),1,, -1,1,0,1,30,3,9,2021,01:00,5,75,75117,2,1,0,3,AVENUE DE VILLIERS,48.884578,2.300219,1,2,2
202100029593,148Â 890,A01,1,1,1,9,1,5,-1,0,0,-1,2021,51.0,1,2,0,0,4,0,1,,4,BARANGE BOULEVARD,0,,3,2,0,1,1,0,1,, -1,2,0,1,70,10,7,2021,14:52,1,49,49007,2,1,1,7,BARANGE BOULEVARD,47.4650162134,-0.5704696476,14,1,1
202100025525,156Â 044,A01,1,1,1,5,8,-1,-1,0,0,-1,2021,51.0,2,5,0,2,1,17,1,,4,,0,,2,2,0,1,0,0,1,,4,2,5,1,50,5,8,2021,20:30,1,14,14556,2,3,1,3,Colonel Jacques W Ostiguy,49.127968,-0.379315,20,4,2
202100009976,183Â 871,A01,2,2,2,5,1,-1,-1,0,0,-1,2021,19.0,2,2,2,0,3,1,1,,1,34,-1,,1,1,0,2,19,900,2,, -1,2,3,3,130,1,11,2021,22:00,3,8,8142,1,9,0,6,A.34 Bretelle de sortie nÂ°03 Ã©changeur 05,49.714269,4.881063,22,2,1
202100008729,186Â 131,B01,1,1,2,0,1,-1,-1,-1, -1,-1,2021,48.0,2,2,0,2,1,1,1,,4,ST FRANCOIS XAVIER (AV) 02 AU 30,0,,1,1,0,1,(1),(1),1,, -1,1,0,1,50,8,11,2021,04:50,5,33,33009,2,2,0,3,ST FRANCOIS XAVIER (AV) 02 AU 30,44.640224,-1.202022,4,3,2
202100012906,178Â 660,A01,10,3,1,9,0,-1,-1,1,3,1,2021,8.0,3,2,0,1,2,1,1,,4,,-1,,3,2,0,1,(1),(1),1,,4,1,0,1,30,15,10,2021,16:54,1,22,22206,2,1,0,6,Rue du College,48.539327,-2.980857,16,2,1
202100005910,191Â 226,B01,1,1,2,9,1,0,-1,-1, -1,-1,2021,32.0,1,2,0,2,1,1,1,,4,LANGUEDOC (AVENUE DU CD 88),0,,2,2,0,1,(1),(1),1,, -1,2,0,1,50,24,11,2021,15:57,1,66,66136,2,1,1,1,LANGUEDOC (AVENUE DU CD 88),42.72485,2.88724,15,2,2
202100035407,138Â 431,B01,1,1,1,5,2,-1,-1,0,0,-1,2021,55.0,3,1,0,2,4,1,5,,3,28,-1,,2,2,0,1,(1),(1),1,, -1,1,0,3,80,11,6,2021,20:00,1,84,84119,1,1,0,2,Route de Pernes,43.959835,4.941165,20,2,2
202100000216,201Â 352,A01,3,2,2,5,1,0,-1,-1, -1,-1,2021,63.0,1,2,0,2,1,15,1,,3,SAINT-OMER (ROUTE DE...............),0,,2,2,0,1,10,50,1,, -1,2,0,1,80,15,12,2021,17:50,3,62,62225,2,2,0,5,SAINT-OMER (ROUTE DE...............),50.76484,2.3808,17,9,3
202100046261,119Â 086,A01,1,1,1,5,0,-1,-1,0,0,-1,2021,56.0,0,6,2,0,1,0,0,,4,,-1,,-1,1,0,1,(1),(1),1,, -1,9,0,8,-1,28,3,2021,16:50,1,84,84037,1,1,0,6,Ancien Chemin de Caderousse Ã  Avignon,44.052592,4.804636,16,1,1
202100039827,130Â 388,A01,1,1,1,5,1,0,-1,-1, -1,-1,2021,20.0,1,2,13,0,1,26,1,,3,RD 9 ,0,,2,2,0,2,43,600,2,, -1,2,0,8,90,14,5,2021,02:05,3,19,19272,1,1,1,6,RD 9 ,45.27337,1.79021,2,1,1
202100055019,103Â 465,A01,1,1,1,1,2,6,-1,-1, -1,-1,2021,23.0,2,1,0,0,8,1,1,,4,BRIAND (RUE ARISTIDE),0,,2,2,0,1,0,0,1,, -1,2,0,1,50,13,1,2021,14:53,1,87,87085,2,1,1,7,BRIAND (RUE ARISTIDE),45.8562,1.2841,14,1,1
202100032704,143Â 309,B01,1,1,1,1,2,6,-1,0,0,-1,2021,41.0,2,1,0,2,2,1,1,,4,BOULEVARD DIDEROT,0,,2,4,0,1,(1),(1),1,, -1,1,0,1,50,23,6,2021,06:25,2,75,75112,2,2,0,3,BOULEVARD DIDEROT,48.84734,2.386792,6,2,2
202100035917,137Â 485,Y01,2,2,1,0,8,0,-1,-1, -1,-1,2021,8.0,3,1,0,2,0,1,3,,4,VENTRE (ROND-POINT JULES),0,,1,2,0,1,(1),(1),2,, -1,1,5,1,30,2,6,2021,16:55,1,34,34172,2,6,0,3,JULES VENTRE (ROND-POINT),43.61842,3.86337,16,3,2
202100013935,176Â 792,B01,1,1,1,0,0,-1,-1,0,0,-1,2021,28.0,1,1,0,2,1,1,5,,4,,-1,,2,1,0,1,(1),(1),3,,5,1,0,1,30,12,10,2021,14:30,1,29,29220,2,6,0,3,Rue du Petit Train,47.866413,-4.229304,14,2,2
202100033903,141Â 159,A01,1,1,1,5,2,8,-1,-1, -1,-1,2021,40.0,2,1,2,0,1,18,1,,3,39,0,,2,4,0,2,0,0,2,, -1,1,0,1,50,16,6,2021,19:40,1,92,92063,2,1,0,6,HOPITAL STELL (BOULEVARD DE L'),48.8787114297,2.1864777803,19,1,1
202100036749,136Â 015,A01,10,3,2,1,0,-1,-1,2,7,1,2021,63.0,2,2,0,1,1,17,1,,4,AVENUE BONAPARTE,0,,2,2,0,1,0,0,1,, -1,1,5,1,50,3,6,2021,07:45,1,988,98818,2,3,0,6,AVENUE BONAPARTE/Rue ThÃ©ophile BETFORT,-22.23345,166.46649,7,2,1
202100050085,112Â 211,B01,1,1,1,1,2,8,-1,-1, -1,-1,2021,28.0,2,1,0,2,1,1,1,,3,986,0,,3,4,3,2,0,0,2,, -1,2,9,1,50,26,2,2021,06:40,3,92,92025,2,9,1,3,BOURNARD (RUE DU),48.9232124456,2.2566832602,6,2,2
202100016100,172Â 862,A01,1,1,2,5,1,-1,-1,-1, -1,-1,2021,22.0,1,2,7,2,1,15,1,,4,ESCARTEFIGUE (CORNICHE DU 2 A 422,0,,2,2,0,1,0,0,1,, -1,1,0,1,50,28,9,2021,19:02,1,83,83137,2,1,0,1,ESCARTEFIGUE (CORNICHE DU 2 A 422,43.13544,5.93271,19,3,2
202100039014,131Â 904,A01,2,2,1,5,2,-1,-1,0,0,-1,2021,38.0,0,1,0,0,1,1,0,,3,125,0,D,2,2,0,1,2,843,3,, -1,1,0,8,80,22,5,2021,19:10,1,34,34319,1,1,0,7,RD125,43.535607,3.309288,19,2,1
202100047332,117Â 161,A01,10,3,2,1,0,-1,-1,2,3,1,2021,59.0,1,2,0,1,1,1,1,,4,JEUX OLYMPIQUES (AVENUE DES),0,,3,2,2,1,(1),(1),1,, -1,1,-1,1,50,19,3,2021,10:35,1,73,73011,2,1,1,6,JEUX OLYMPIQUES (AVENUE DES),45.6621566195,6.3729677537,10,2,1
202100027331,152Â 868,B01,1,1,2,0,2,0,-1,-1, -1,-1,2021,22.0,3,1,0,2,1,15,1,,4,ROGER PERRIAUD (PLACE),0,,-1,7,0,1,0,0,1,, -1,1,0,1,30,23,7,2021,09:40,1,91,91549,2,6,0,1,ROGER PERRIAUD (PLACE),48.64092,2.32604,9,2,2
202100019886,166Â 086,A01,1,1,1,5,2,8,-1,-1, -1,-1,2021,18.0,3,1,0,2,1,2,1,,7,ROUSSEAU JEAN-JACQUES (bld),0,,2,2,1,1,0,0,1,, -1,1,0,1,30,4,9,2021,12:20,1,13,13026,2,1,0,2,ROUSSEAU JEAN-JACQUES (bld),43.3893,5.16381,12,2,2
202100027023,153Â 412,A01,1,1,1,5,2,-1,-1,0,0,-1,2021,69.0,1,1,0,0,0,1,5,,4,23,-1,,2,2,0,2,2,100,1,, -1,1,0,1,80,27,7,2021,09:40,1,74,74136,1,1,0,7,Rte de la Culaz,45.966454,6.423815,9,1,1
202100022095,162Â 129,A01,10,3,2,5,0,-1,-1,1,3,1,2021,71.0,0,2,0,1,2,0,3,,4,HAMBOURG (BOULEVARD),0,,2,-1,0,2,0,0,1,, -1,1,0,1,50,28,8,2021,15:20,1,13,13208,2,1,0,3,HAMBOURG (BOULEVARD),43.2510770678,5.3880052222,15,2,1
202100042853,125Â 068,B01,1,1,1,5,2,8,-1,-1, -1,-1,2021,73.0,3,1,0,2,5,2,5,,4,LA NEGRESSE (CARREFOUR DE LA),0,,1,2,0,2,0,0,2,, -1,1,5,1,50,23,4,2021,12:30,1,64,64122,2,6,0,3,LA NEGRESSE (CARREFOUR DE LA),43.46028,-1.54792,12,2,2
202100046517,118Â 637,A01,1,1,1,0,1,0,-1,0,0,-1,2021,52.0,1,2,14,0,1,1,1,,4,ROBIN (RUE DU BOIS),0,,2,2,0,1,(1),(1),1,, -1,1,0,1,30,23,3,2021,09:55,1,54,54025,2,1,0,6,ROBIN (RUE DU BOIS),48.6665403825,6.2448098883,9,1,1
202100047410,117Â 025,A01,1,1,1,1,2,8,-1,-1, -1,-1,2021,19.0,2,1,0,2,1,17,1,,4,,0,,2,2,0,1,0,0,1,, -1,1,0,1,50,17,3,2021,11:54,1,92,92063,2,3,0,3,POMPIDOU (AVENUE DU PRESIDENT),48.87223,2.19258,11,2,2
202100050337,111Â 725,A01,1,1,1,5,2,6,-1,-1, -1,-1,2021,17.0,2,1,0,2,1,2,1,,3,CAZAUX (BD DE),0,,2,2,0,1,2,425,1,, -1,1,0,1,50,24,2,2021,17:35,1,33,33529,2,1,0,2,Boulevard de Cazaux,44.6131619819,-1.1349030804,17,3,2
202100006081,190Â 932,A01,1,1,1,0,8,8,-1,0,0,-1,2021,33.0,2,2,0,2,0,0,1,,1,AUTOROUTE A86,0,,3,4,0,2,18,100,2,, -1,2,0,1,90,27,11,2021,00:45,3,93,93027,1,1,0,5,AUTOROUTE A86,48.9284,2.4127,0,5,3
202100049977,112Â 410,A01,2,2,2,0,1,0,-1,-1, -1,-1,2021,22.0,1,2,0,2,2,21,1,,1,AUTOROUTE A3,0,,3,6,0,1,10,0,1,, -1,1,0,1,110,27,2,2021,00:45,3,93,93007,1,1,0,2,AUTOROUTE A3,48.92342,2.48073,0,3,2
202100038381,133Â 032,B01,1,1,1,5,2,0,-1,-1, -1,-1,2021,15.0,1,1,0,2,7,1,0,,4,CHATELETS (RUE DES),0,,2,2,0,1,1,0,1,, -1,2,0,1,50,19,5,2021,16:30,1,22,22215,2,1,0,3,CHATELETS (RUE DES),48.4681340389,-2.7948188782,16,2,2
202100019803,166Â 252,A01,1,1,1,9,1,-1,-1,0,0,-1,2021,24.0,1,2,3,2,7,13,1,,2,330,-1,,2,2,0,2,6,300,1,, -1,1,0,1,80,10,9,2021,20:40,3,60,60213,1,1,0,3,N330,49.113076214,2.7200222612,20,4,2
202100020875,164Â 335,A01,10,3,2,9,0,-1,-1,3,3,1,2021,28.0,3,2,0,1,1,0,1,,7,PAGNOL (AVENUE MARCEL),0,,2,3,0,2,0,0,3,, -1,1,0,1,50,3,8,2021,13:30,1,13,13005,2,6,0,6,PAGNOL (AVENUE MARCEL),43.29545,5.57288,13,2,1
202100043153,124Â 536,A01,1,1,1,0,2,6,-1,-1, -1,-1,2021,33.0,2,1,0,2,2,1,1,,7,EGALITE RUE DE L,0,,2,2,0,1,(1),(1),1,, -1,1,0,1,30,21,4,2021,17:10,1,59,59350,2,1,1,3,EGALITE RUE DE L,50.63129,3.00226,17,2,2
202100015715,173Â 576,A01,2,2,1,5,1,0,-1,-1, -1,-1,2021,31.0,2,2,4,0,1,16,1,,1,AUTOROUTE A5A,0,,1,3,0,2,2,500,3,, -1,2,3,1,50,2,10,2021,18:10,1,77,77251,1,1,1,6,AUTOROUTE A5A,48.6180219631,2.5551232951,18,2,1
202100043602,123Â 735,A01,1,1,1,1,1,-1,-1,0,0,-1,2021,21.0,1,2,0,0,9,1,1,,2,2,-1,,3,4,0,1,8,300,1,, -1,1,0,1,110,19,4,2021,04:35,3,60,60446,1,1,0,7,Nanteuil-le-Haudouin,49.1320125434,2.7964181572,4,1,1
202100030407,147Â 415,Z01,10,3,2,5,0,-1,-1,2,3,1,2021,5.0,1,2,0,1,1,1,0,,4,RUE ARCHEREAU,0,,1,1,0,1,(1),(1),1,, -1,1,0,1,50,6,7,2021,17:30,1,75,75119,2,1,0,6,RUE ARCHEREAU,48.891612,2.374422,17,2,1
202100051201,110Â 152,A01,1,1,1,4,2,6,-1,-1, -1,-1,2021,32.0,1,1,1,2,2,17,1,,4,MITRY [CD115] (ROUTE DE),0,,-1,4,0,1,0,1,1,, -1,1,0,1,50,17,2,2021,14:45,1,93,93005,2,3,0,5,MITRY [CD115] (ROUTE DE),48.94262,2.50557,14,3,3
202100007817,187Â 773,A01,10,3,1,2,0,-1,-1,1,5,1,2021,17.0,2,2,0,1,2,19,1,,4,AVE LEON DUGUIT,0,,2,2,0,1,(1),(1),1,, -1,1,0,1,50,16,11,2021,09:45,1,33,33318,2,1,0,6,Avenue LÃ©on Duguit,44.8002,-0.61021,9,2,1
202100020272,165Â 398,B01,1,1,1,0,2,0,-1,0,0,-1,2021,72.0,1,1,1,0,1,2,5,,4,LAMARTINE (RUE),0,,1,2,0,1,(1),(1),1,, -1,1,0,1,50,1,9,2021,10:37,1,63,63113,2,1,0,6,LAMARTINE (RUE),45.77771,3.08089,10,2,2
202100034725,139Â 645,C01,1,1,2,5,1,-1,-1,-1,0,-1,2021,27.0,1,2,0,2,4,2,1,,1,AUTOROUTE A3,0,,3,8,0,1,15,500,1,, -1,1,0,1,90,13,6,2021,20:30,1,95,95277,1,1,0,4,AUTOROUTE A3,48.9702428126,2.483022809,20,3,3
202100034368,140Â 306,A01,1,1,2,1,1,-1,-1,0,0,-1,2021,48.0,2,2,2,0,8,1,1,,3,8,-1,,-1,2,0,1,6,630,3,, -1,1,0,3,80,16,6,2021,07:20,2,64,64120,1,1,0,7,ROUTE D'IHOLDY,43.299072,-1.084943,7,1,1
202100053291,106Â 476,A01,2,2,2,5,1,-1,-1,0,0,-1,2021,66.0,1,2,4,0,3,17,1,,1,4,-1,,3,4,0,4,236,600,1,, -1,2,2,1,130,30,1,2021,11:00,1,55,55567,1,1,1,7,Autoroute A4,49.0886512552,5.1845169069,11,2,1
202100008847,185Â 926,A01,10,3,1,4,0,-1,-1,1,2,1,2021,53.0,1,5,0,1,3,1,1,,4,ALLEE DE BERCY,0,,-1,2,0,1,(1),(1),1,, -1,1,0,1,30,8,11,2021,08:35,1,75,75112,2,1,0,6,ALLEE DE BERCY,48.843238,2.374567,8,2,1
202100039332,131Â 293,A01,1,1,1,0,1,5,-1,-1, -1,-1,2021,44.0,1,2,8,2,9,16,0,,4,BOURDONS   (CHEMIN DES),0,,2,2,0,1,1,0,1,, -1,1,0,1,30,18,5,2021,09:30,1,93,93032,2,2,0,3,BOURDONS   (CHEMIN DES),48.88817,2.5293,9,2,2
202100031865,144Â 800,A01,1,1,2,5,1,-1,-1,-1, -1,-1,2021,76.0,0,2,1,0,1,1,1,,4,NOTRE DAME DU VOEU (PLACE),0,,1,1,0,1,(1),(1),3,, -1,2,0,1,30,25,6,2021,09:40,1,50,50129,2,7,1,6,NOTRE DAME DU VOEU (PLACE),49.63628,-1.62902,9,1,1
202100048362,115Â 307,A01,10,3,2,5,0,-1,-1,2,3,1,2021,5.0,2,5,0,1,1,1,1,,4,RUE EUGENE LEVESQUE,0,,2,2,3,1,1,0,1,, -1,1,0,1,50,10,3,2021,10:48,1,988,98818,2,1,0,6,RUE DU REVEREND PERE DE MIJOLLA,-22.23173,166.46,10,2,1
202100052801,107Â 341,A01,1,1,1,9,2,6,-1,0,0,-1,2021,20.0,3,1,0,2,8,1,1,,4,PORTE DE MONTMARTRE,0,,2,4,0,1,(1),(1),1,, -1,1,0,1,50,2,2,2021,17:35,1,75,75118,2,5,0,3,PORTE DE MONTMARTRE,48.901109,2.335124,17,2,2
202100033413,142Â 043,B01,1,1,1,5,2,6,-1,-1, -1,-1,2021,47.0,2,1,0,2,1,2,1,,4,PRADO (AVENUE DU),0,,2,3,0,1,1,0,1,, -1,1,5,1,50,19,6,2021,23:29,5,13,13208,2,2,0,3,PRADO (AVENUE DU),43.2804,5.3869,23,2,2
202100025362,156Â 325,A01,1,1,1,5,2,-1,-1,0,0,-1,2021,29.0,0,6,2,0,0,2,1,,4,,-1,,-1,2,0,3,(1),(1),1,,4,1,0,8,-1,5,8,2021,18:40,1,47,47082,1,1,0,6,Le Fau,44.253576,0.84496,18,1,1
202100053003,106Â 976,A01,10,3,2,5,0,-1,-1,1,6,1,2021,83.0,3,2,0,1,6,4,1,,4,,-1,,2,2,0,1,(1),(1),1,, -1,2,0,1,50,29,1,2021,18:20,2,56,56254,1,1,1,6,Le Grand Villeneuve,47.801813,-2.595187,18,2,1
202100008676,186Â 230,B01,2,2,1,5,2,0,-1,-1, -1,-1,2021,30.0,1,1,0,2,3,9,1,,2,MARINGOUINS (ROND-POINT),0,,1,2,0,1,3,0,2,, -1,1,0,1,50,8,11,2021,12:28,1,973,97302,1,6,0,3,MARINGOUINS (ROND-POINT),4.90758,-52.32267,12,3,2
202100016511,172Â 113,A01,1,1,2,1,1,9,-1,-1, -1,-1,2021,30.0,0,2,0,2,2,1,1,,4,ANDRE BARDON (rue),0,,1,4,0,1,0,0,1,, -1,1,0,1,50,27,9,2021,08:40,1,13,13210,2,1,0,3,ANDRE BARDON (rue),43.2833701852,5.4266676633,8,2,2
202100040300,129Â 567,A01,10,3,1,5,0,-1,-1,1,1,2,2021,3.0,3,2,0,1,2,1,1,,6,BICENTENAIRE.(AVENUE DU),0,,-1,0,0,1,1,0,1,, -1,1,0,1,10,19,2,2021,16:00,1,94,94011,2,9,0,6,BICENTENAIRE.(AVENUE DU),48.7647,2.48805,16,2,1
202100012148,180Â 004,A01,10,3,1,0,0,-1,-1,2,3,1,2021,69.0,1,0,0,1,1,26,1,,3,BD LEGITIMUS,0,,1,2,0,1,(1),(1),1,, -1,1,0,1,50,15,10,2021,19:10,5,971,97120,2,1,0,6,BD LEGITIMUS,16.24371,-61.53445,19,2,1
202100036162,137Â 053,A01,1,1,1,1,0,-1,-1,0,0,-1,2021,44.0,2,2,17,0,3,1,1,,3,40,0,D,2,2,0,1,(1),(1),2,, -1,1,0,1,80,4,6,2021,05:00,2,30,30062,1,1,0,7,D40,43.7799,4.1958,5,3,1
202100008841,185Â 939,B01,1,1,2,9,8,0,-1,0,0,-1,2021,46.0,2,0,0,2,1,1,3,,4,AVENUE GAMBETTA,0,,2,2,1,2,(1),(1),1,, -1,1,0,5,30,8,11,2021,08:50,1,75,75120,2,5,0,3,AVENUE GAMBETTA,48.865013,2.395526,8,2,2
202100007566,188Â 218,B01,1,1,1,1,2,-1,-1,-1, -1,-1,2021,37.0,1,1,0,2,1,1,1,,4,JACQUES MONOD                           ,0,,2,2,0,1,(1),(1),1,, -1,1,0,1,50,17,11,2021,07:25,2,69,69276,2,9,0,3,JACQUES MONOD (R)   ,45.6732,4.85018,7,2,2
202100009978,183Â 869,A01,1,1,1,5,2,6,-1,0,0,-1,2021,31.0,1,1,0,2,1,15,1,,7,306,0,D,2,2,0,1,44,800,1,, -1,1,2,1,50,29,10,2021,13:00,1,69,69072,2,2,0,2,PORTE DE LYON (DE LA) (AV),45.821383,4.763893,13,2,2
202100032669,143Â 369,A01,10,3,1,9,0,-1,-1,5,9,1,2021,45.0,1,5,9,1,1,14,1,,4,TILLON (AVENUE CHARLES),0,,2,4,0,1,(1),(1),1,, -1,1,5,4,50,23,6,2021,17:00,1,35,35238,2,3,0,6,TILLON (AVENUE CHARLES),48.12475,-1.70318,17,2,1
202100015085,174Â 743,A01,1,1,1,5,2,6,-1,-1, -1,-1,2021,19.0,3,1,0,2,2,12,1,,4,ELIE WIESEL (BD),0,,2,6,3,1,0,0,1,, -1,1,0,1,50,5,10,2021,19:15,2,13,13210,2,1,0,3,ELIE WIESEL (BD),43.2723692953,5.4228145095,19,2,2
202100013274,178Â 015,A01,10,3,1,0,0,-1,-1,2,3,1,2021,25.0,1,2,0,1,1,1,1,,4,HUGO (CRS VICTOR) (1-139) IMPAIRS,0,,2,4,3,2,(1),(1),1,, -1,1,0,1,50,13,10,2021,18:35,1,33,33063,2,1,0,6,Cours Victor Hugo,44.83584,-0.56753,18,2,1
202100050423,111Â 567,A01,1,1,1,5,1,-1,-1,-1, -1,-1,2021,27.0,1,2,4,0,2,16,1,,1,A42     0.560 A 4.020,0,,1,2,0,1,4,0,3,, -1,1,0,1,70,16,2,2021,11:30,1,69,69256,1,1,0,6,A42,45.8041391177,4.9261402804,11,1,1
202100017763,169Â 870,A01,4,2,1,9,1,0,-1,-1, -1,-1,2021,0.0,2,2,0,2,6,2,1,,1,Sens Aubagne vers Marseille,0,,1,3,0,1,7,599,1,, -1,1,0,1,90,21,9,2021,17:55,1,13,13211,1,1,0,2,Sens Aubagne vers Marseille,43.2929243949,5.4764163494,17,4,2
202100008740,186Â 113,B01,1,1,1,0,8,0,-1,-1, -1,-1,2021,18.0,3,1,0,2,1,5,0,,4,GEORGES POMPIDOU (RUE),0,,3,2,1,1,0,0,1,, -1,2,0,5,50,7,11,2021,11:22,1,10,10387,2,3,1,1,GEORGES POMPIDOU (RUE),48.2869,4.07935,11,2,2
202100025876,155Â 433,A01,10,3,1,1,0,-1,-1,4,3,1,2021,33.0,1,2,0,1,2,16,1,,3,AV GALLIENI,0,,3,4,0,1,1,0,1,, -1,1,0,1,50,2,8,2021,04:35,5,94,94067,2,2,0,6,Avenue Gallieni,48.84658,2.41647,4,2,1