Num_Acc,id_vehicule,num_veh,place,catu,sexe,trajet,secu1,secu2,secu3,locp,actp,etatp,year_acc,victim_age,senc,catv,obs,obsm,choc,manv,motor,occutc,catr,voie,v1,v2,circ,nbv,vosp,prof,pr,pr1,plan,lartpc,larrout,surf,infra,situ,vma,jour,mois,an,hrmn,lum,dep,com,agg_,int,atm,col,adr,lat,long,hour,nb_victim,nb_vehicules
202100000060,201Â 641,B01,1,1,1,0,1,-1,-1,0,0,-1,2021,27.0,0,2,0,2,3,1,0,,7,21,-1,,2,2,0,1,0,0,1,, -1,1,5,1,80,5,8,2021,07:20,1,13,13014,1,1,0,1,Route Departementale 21f,43.490027,5.199258,7,2,2
202100048018,115Â 911,A01,1,1,1,5,8,0,-1,-1,0,-1,2021,19.0,3,1,1,0,5,1,5,,4,COUTURES (RUE DES),0,,1,1,0,1,(1),(1),1,, -1,2,0,1,50,18,2,2021,18:00,2,95,95428,2,2,1,3,COUTURES (RUE DES),48.9708837172,2.315325737,18,2,2
202100008589,186Â 378,A01,1,1,1,1,2,6,-1,0,0,-1,2021,57.0,2,1,0,2,3,3,1,,4,PORTE DE CHARENTON,0,,1,4,0,1,33,900,1,, -1,1,1,1,70,10,11,2021,07:15,2,75,75112,2,1,0,3,PORTE DE CHARENTON,48.831344,2.404078,7,2,2
202100012061,180Â 152,A01,10,3,2,2,0,-1,-1,2,9,1,2021,14.0,1,2,0,1,2,26,0,,3,BRY (RTE DE),0,,2,2,0,1,0,0,1,, -1,1,0,1,50,19,10,2021,17:20,1,94,94079,2,1,0,1,BRY (RTE DE),48.8311,2.53525,17,2,1
202100048022,115Â 907,A01,10,3,1,5,0,-1,-1,8,5,3,2021,7.0,3,1,0,1,1,1,1,,4,GRAND BOIS (DU)                     (CH),0,,-1,0,0,1,(1),(1),1,, -1,1,6,8,10,14,3,2021,17:15,1,69,69256,2,1,0,6,GRAND BOIS (DU) (CHM),45.78253,4.91106,17,2,1
202100012573,179Â 241,A01,1,1,1,1,1,-1,-1,0,0,-1,2021,23.0,2,2,0,0,9,1,1,,2,4,-1,,3,4,0,1,27,400,1,, -1,1,0,8,110,18,10,2021,05:15,3,54,54269,1,1,0,7,Route Nationale 4,48.5989124596,6.3898855457,5,1,1
202100030092,147Â 991,A01,1,1,1,0,8,-1,-1,0,0,-1,2021,55.0,1,2,2,0,1,1,1,,3,97,-1,,2,2,0,1,15,70,2,, -1,1,0,3,80,8,7,2021,22:15,2,37,37162,1,1,0,6,lieu dit la LyÃ©,47.0981092601,0.9173853905,22,1,1
202100019560,166Â 669,A01,1,1,2,5,1,-1,-1,0,0,-1,2021,20.0,2,2,3,0,3,1,1,,3,525,0,A,2,2,0,2,0,300,3,, -1,1,0,3,80,11,9,2021,19:15,1,38,38163,1,1,0,6,D525a,45.379025,6.090267,19,1,1
202100030610,147Â 038,B01,2,2,1,5,1,8,-1,-1, -1,-1,2021,73.0,2,2,0,2,4,23,1,,3,991,0,,3,4,0,1,0,0,1,, -1,1,0,1,50,1,7,2021,18:15,1,92,92063,2,1,0,2,COLMAR (AVENUE DE),48.8875657687,2.1849247813,18,3,2
202100050863,110Â 762,A01,10,3,1,5,0,-1,-1,1,3,1,2021,7.0,3,2,0,1,1,1,3,,4,LEON JOUHAUX  RUE,0,,1,1,0,2,(1),(1),1,, -1,1,0,1,30,14,2,2021,10:20,1,95,95598,2,1,0,6,LEON JOUHAUX  RUE,48.986914,2.307514,10,2,1
202100008811,185Â 997,A01,10,3,2,5,0,-1,-1,1,2,1,2021,76.0,3,2,0,1,0,1,1,,4,,-1,,2,2,0,1,(1),(1),1,,4,1,0,1,50,8,11,2021,16:25,2,1,1397,1,1,0,6,Chemin du Moulin,46.3159004397,6.1172242463,16,2,1
202100053502,106Â 080,B01,1,1,1,1,8,0,-1,-1, -1,-1,2021,23.0,1,1,0,2,0,1,5,,3,HENRI BARBUSSE (RUE)  111 =>,0,,1,1,0,1,0,1,1,, -1,1,0,1,50,26,1,2021,22:15,5,93,93001,2,9,0,3,HENRI BARBUSSE (RUE)  111 =>,48.9049,2.3894,22,2,2
202100035095,138Â 966,A01,1,1,1,4,2,8,-1,-1, -1,-1,2021,27.0,2,1,0,0,0,13,1,,3,76,0,,1,2,0,1,0,0,1,, -1,1,0,1,30,11,6,2021,13:12,1,92,92040,2,1,0,7,GUYNEMER,48.8297201958,2.2770769298,13,1,1
202100028374,150Â 990,B01,1,1,1,3,0,-1,-1,0,0,-1,2021,13.0,3,1,0,0,6,15,5,,3,1082,0,D,2,2,0,1,49,700,1,, -1,1,0,1,50,17,7,2021,06:05,2,42,42323,2,1,0,3,Avenue du GÃ©nÃ©ral de Gaulle,45.561202,4.277158,6,2,2
202100034609,139Â 850,A01,10,3,2,3,0,-1,-1,4,3,1,2021,54.0,0,1,0,2,1,1,5,,4,RUE RIQUET,0,,1,2,1,1,(1),(1),1,, -1,1,0,5,50,13,6,2021,14:15,1,75,75119,2,2,0,6,RUE RIQUET,48.889251,2.371275,14,2,1
202100016851,171Â 499,A01,5,2,2,0,1,0,-1,-1, -1,-1,2021,6.0,1,2,1,0,1,5,2,,4,LETOUZE (RUE DE),0,,1,1,0,1,0,0,1,, -1,1,0,1,50,25,9,2021,16:00,1,72,72181,2,1,0,6,LETOUZE (RUE DE),47.98724,0.20816,16,3,1
202100004661,193Â 444,A01,10,3,1,3,0,-1,-1,-1,9,1,2021,66.0,0,2,0,1,3,1,1,,9,PASTEUR (AVENUE),0,,-1,0,0,1,0,0,1,, -1,1,9,8,30,4,12,2021,18:35,5,24,24037,2,9,0,6,PASTEUR (AVENUE),44.85822,0.492,18,2,1
202100024538,157Â 800,A01,1,1,1,5,2,8,-1,-1, -1,-1,2021,47.0,2,1,14,0,1,1,1,,7,BARRIELES CHEMIN DES,0,,2,2,0,2,0,0,3,, -1,1,9,1,50,13,8,2021,01:20,5,13,13063,2,1,0,6,BARRIELES CHEMIN DES,43.57781,5.01126,1,1,1
202100039906,130Â 257,B01,1,1,1,3,1,1,-1,0,0,-1,2021,67.0,2,5,0,2,4,23,1,,4,18 JUIN (RUE DU),0,,2,2,0,1,0,0,1,, -1,1,0,1,50,14,5,2021,14:30,1,988,98818,2,3,0,4,RUE DU 18 JUIN/RUE AUGIAS,-22.26877,166.46353,14,4,4
202100031162,146Â 033,A01,1,1,1,1,2,6,-1,-1, -1,-1,2021,50.0,2,1,12,0,0,1,1,,4,ELIE WIESEL (BD),0,,1,2,0,2,4,599,3,, -1,1,1,1,50,2,7,2021,19:34,5,13,13210,2,1,0,6,ELIE WIESEL (BD),43.28257,5.42677,19,1,1
202100052353,108Â 137,A01,1,1,1,0,1,-1,-1,0,0,-1,2021,51.0,1,2,2,0,0,1,1,,3,603,0,,2,2,0,1,34,700,3,, -1,2,0,3,80,7,2,2021,03:15,3,77,77415,1,1,1,6,dÃ©partementale 603,48.951856,3.054548,3,1,1
202100052191,108Â 421,A01,10,3,1,1,0,-1,-1,3,3,1,2021,23.0,3,2,0,1,3,1,0,,4,922,0,D,1,1,0,1,(1),(1),1,, -1,1,0,1,50,9,2,2021,19:07,5,95,95392,2,1,0,6,62 grande rue,49.077155,2.205935,19,2,1
202100015907,173Â 238,A01,1,1,1,9,2,0,-1,-1, -1,-1,2021,64.0,1,1,0,2,1,26,5,,4,MEIGNANNE,0,,2,2,0,1,1,0,1,, -1,1,0,1,50,29,9,2021,19:14,1,49,49007,2,1,0,2,MEIGNANNE,47.4786,-0.56973,19,2,2
202100011954,180Â 354,A01,1,1,2,5,1,4,-1,-1, -1,-1,2021,42.0,1,2,0,2,2,12,1,,1,A86 INT,0,,3,3,0,1,42,200,2,, -1,2,0,1,90,21,10,2021,10:00,1,94,94022,1,1,0,4,A86 INT,48.7767878581,2.4174608997,10,3,3
202100030773,146Â 755,A01,1,1,1,0,2,8,-1,-1, -1,-1,2021,19.0,0,1,1,2,8,1,1,,6,BAS DU FORT,0,,-1,-1,0,1,(1),(1),1,, -1,1,0,1,30,1,7,2021,14:30,1,971,97113,2,2,0,3,BAS DU FORT,16.21844,-61.51608,14,2,2
202100025212,156Â 599,D01,1,1,2,5,1,-1,-1,0,0,-1,2021,42.0,2,2,14,0,9,0,1,,1,9,0,A,3,3,0,1,217,100,1,, -1,1,0,1,130,7,8,2021,23:10,3,11,11188,1,1,0,6,Autoroute A9 - PK 217.100 - sens PERPIGNAN / NARBONNE,42.954491,2.9706,23,15,4
202100021339,163Â 510,B01,1,1,2,5,1,-1,-1,0,0,-1,2021,39.0,2,2,0,2,3,1,1,,3,D.26,-1,,2,2,0,1,(1),(1),1,, -1,1,0,1,80,2,9,2021,18:15,1,11,11067,1,2,0,3,Avenue de LÃ©zignan,43.218981,2.845947,18,3,2
202100005587,191Â 817,A01,10,3,2,0,0,-1,-1,1,3,1,2021,70.0,1,2,0,1,1,1,1,,3,748,-1,,2,2,0,2,58,840,1,,"6,4",1,0,1,80,1,12,2021,19:00,3,79,79007,1,2,0,7,,46.577407,-0.415624,19,2,1
202100015609,173Â 777,A01,10,3,2,3,0,-1,-1,3,3,2,2021,91.0,2,2,0,1,1,1,1,,4,HEDDE (AVENUE DANIEL),0,,3,2,0,1,(1),(1),1,, -1,1,0,1,30,30,9,2021,14:58,1,17,17306,2,1,0,6,HEDDE (AVENUE DANIEL),45.62876,-1.03209,14,3,1
202100034375,140Â 296,A01,1,1,1,5,2,5,6,0,0,-1,2021,36.0,1,1,0,0,7,1,1,,3,109,0,,2,2,0,1,13,375,2,, -1,1,0,1,80,15,6,2021,20:00,1,28,28029,1,1,0,7,D109,48.163352,1.820576,20,1,1
202100007159,188Â 973,B01,2,2,2,0,2,8,-1,-1, -1,-1,2021,11.0,2,1,0,2,1,17,1,,3,PALAIS ROYAL,0,,2,1,0,1,(1),(1),1,, -1,1,0,1,70,18,11,2021,07:10,1,971,97101,1,1,0,3,PALAIS ROYAL,16.28405,-61.49488,7,3,2
202100019291,167Â 154,A01,1,1,2,1,1,-1,-1,0,0,-1,2021,46.0,1,2,0,2,1,5,1,,3,178,0,,2,2,0,2,15,390,1,, -1,2,0,1,80,14,9,2021,05:40,3,35,35015,1,1,1,1,Lieu Dit la Peignerie,48.149818,-1.197928,5,2,2
202100046660,118Â 364,A01,10,3,2,5,0,-1,-1,9,2,1,2021,77.0,3,1,0,1,1,1,5,,4,AISNE (QUAI DE ),0,,2,2,1,1,0,0,1,, -1,1,9,5,30,24,3,2021,15:47,1,93,93055,2,9,1,6,AISNE (QUAI DE ),48.8953757314,2.4055257781,15,2,1
202100012626,179Â 143,A01,10,3,2,5,8,-1,-1,3,3,1,2021,62.0,2,1,0,1,1,17,0,,4,EUROPE (DE L')                      (AV),0,,1,1,0,1,(1),(1),1,, -1,1,6,1,50,16,10,2021,17:30,1,69,69286,2,1,0,6,EUROPE (DE L') (AV),45.81475,4.89505,17,2,1
202100048396,115Â 250,B01,1,1,1,0,1,8,-1,-1, -1,-1,2021,23.0,3,2,0,2,1,1,1,,4,PLANTOUN (AVENUE),0,,2,2,0,2,0,0,2,, -1,2,0,1,30,11,3,2021,18:10,1,64,64102,2,3,1,3,PLANTOUN (AVENUE),43.496639,-1.456187,18,2,2
202100039037,131Â 870,B01,1,1,1,0,2,6,-1,0,0,-1,2021,54.0,0,1,0,2,8,19,1,,3,86,-1,,2,2,0,1,37,950,1,, -1,1,5,1,50,20,5,2021,09:15,1,7,7324,2,2,0,2,Avenue de NÃ®mes,45.059392,4.841495,9,2,2
202100001414,199Â 248,B01,1,1,1,1,0,-1,-1,0,0,-1,2021,19.0,1,1,0,0,4,1,5,,3,323,-1,D,3,4,0,1,30,400,1,, -1,2,5,1,90,27,12,2021,08:03,2,49,49323,1,6,0,2,D323,47.49743,-0.49299,8,2,2
202100003091,196Â 236,A01,10,3,2,5,0,-1,-1,3,3,2,2021,38.0,1,2,0,1,1,2,1,,4,GAULLE (CHARLES DE) ( R ),0,,2,2,0,1,(1),(1),1,, -1,1,6,1,50,13,12,2021,17:55,5,69,69096,2,1,0,6,CHARLES DE GAULLE (R),45.60738,4.78357,17,2,1
202100009719,184Â 328,A01,10,3,1,0,0,-1,-1,4,1,3,2021,0.0,1,2,0,1,2,9,1,,3,MALADRERIE AV DE LA,0,,2,2,0,1,16,665,1,, -1,2,0,1,30,1,11,2021,18:25,5,78,78498,2,2,0,6,MALADRERIE AV DE LA,48.920489,2.032035,18,2,1
202100034301,140Â 425,B01,1,1,2,4,1,0,-1,-1, -1,-1,2021,53.0,2,2,0,2,4,15,1,,9,JUIN MARECHAL,0,,2,2,0,1,(1),(1),1,, -1,1,0,1,50,15,6,2021,14:03,1,11,11069,2,1,0,2,JUIN MARECHAL,43.20936,2.38004,14,2,2
202100034099,140Â 812,Z01,10,3,1,5,0,0,-1,2,3,1,2021,22.0,1,1,0,1,1,1,0,,4,BOULEVARD DE LA BASTILLE,0,,1,1,0,1,(1),(1),1,, -1,1,0,1,50,16,6,2021,16:10,1,75,75112,2,1,0,6,BOULEVARD DE LA BASTILLE,48.847136,2.367256,16,2,1
202100042595,125Â 485,B01,1,1,1,1,8,0,-1,0, -1,-1,2021,33.0,1,1,0,2,1,13,5,,4,LIBERATION AVENUE DE LA,0,,2,2,0,1,(1),(1),1,, -1,1,8,1,50,23,4,2021,13:40,1,29,29232,2,1,0,1,Avenue de la Liberation,47.99253,-4.08247,13,3,2
202100007787,187Â 830,A01,1,1,2,0,1,8,-1,-1, -1,-1,2021,90.0,1,2,1,0,1,14,1,,4,SOUVENIR (RUE DU),0,,2,2,0,2,(1),(1),1,, -1,1,0,1,30,9,11,2021,10:50,1,67,67267,2,1,1,6,SOUVENIR (RUE DU),48.55414,7.6822,10,1,1
202100027988,151Â 678,A01,1,1,2,9,0,-1,-1,0,0,-1,2021,24.0,2,2,2,0,1,1,1,,3,D4,-1,,2,2,0,1,4,100,1,, -1,1,0,3,-1,18,7,2021,06:39,2,1,1156,1,1,0,6,D4,45.9140127981,5.1445010304,6,1,1
202100020350,165Â 257,B01,1,1,1,0,1,0,-1,-1, -1,-1,2021,28.0,3,2,0,2,2,1,1,,3,MEDERIC (AVENUE),0,,2,0,0,1,0,0,1,, -1,1,0,1,50,7,9,2021,12:30,1,93,93051,2,2,0,3,Avenue MÃ©dÃ©ric / Boulevard du Ru de Nesles,48.83034,2.58493,12,2,2
202100047630,116Â 616,B01,1,1,1,-1,0,-1,-1,-1, -1,-1,2021,39.0,1,1,0,2,1,1,5,,4,LOUIS BLANC (PLACE),0,,2,2,0,1,0,0,2,, -1,1,0,1,50,16,3,2021,13:00,1,32,32013,2,3,0,3,LOUIS BLANC (PLACE),43.64703,0.58746,13,2,2
202100004939,192Â 963,A01,1,1,1,5,1,0,-1,-1, -1,-1,2021,36.0,-1,2,0,2,6,17,1,,3,SUZANNE LENGLEN (AVENUE),0,,-1,3,0,1,0,1,1,, -1,1,0,1,50,3,12,2021,01:55,3,93,93005,2,1,0,2,SUZANNE LENGLEN (AVENUE),48.9519268185,2.5130657779,1,2,2
202100003394,195Â 693,A01,1,1,2,1,1,8,-1,-1, -1,-1,2021,41.0,2,2,0,2,1,1,1,,1,AUTOROUTE A1,0,,2,6,0,1,4,0,1,, -1,1,0,1,90,10,12,2021,20:00,5,972,97213,2,1,0,4,AUTOROUTE A1,14.61814,-61.0334,20,7,3
202100051427,109Â 769,A01,1,1,1,5,2,8,-1,-1, -1,-1,2021,40.0,2,1,16,0,8,1,1,,4,DUNANT (RUE  HENRI ),0,,2,2,0,2,(1),(1),1,, -1,7,0,1,30,12,2,2021,09:30,1,56,56121,2,1,0,7,DUNANT (RUE  HENRI ),47.75113,-3.37629,9,1,1
202100050016,112Â 341,B01,1,1,1,5,2,0,-1,-1, -1,-1,2021,68.0,1,1,0,2,1,1,5,,3,MARECHAL JUIN,0,,2,4,0,1,(1),(1),1,, -1,1,0,1,30,25,2,2021,13:40,1,58,58194,2,3,0,3,MARECHAL JUIN,47.00436,3.1538,13,2,2
202100018576,168Â 431,B01,1,1,2,5,2,0,-1,-1, -1,-1,2021,84.0,2,1,0,2,8,2,5,,4,PAILHOU (PLACE GASTON),0,,1,1,0,1,(1),(1),3,, -1,1,0,1,50,15,9,2021,08:50,1,37,37261,2,1,0,6,PAILHOU (PLACE GASTON),47.3926382075,0.6805434536,8,2,2
202100053046,106Â 903,A01,1,1,1,5,2,8,-1,-1, -1,-1,2021,34.0,1,1,0,2,1,26,3,,2,GERMAIN ST RUF (AVENUE ),0,,2,2,0,2,(1),(1),2,, -1,1,5,1,50,27,1,2021,20:30,5,971,97107,2,4,0,3,GERMAIN ST RUF (AVENUE ),16.05181,-61.56279,20,2,2
202100003345,195Â 784,A01,1,1,1,5,1,-1,-1,0,0,-1,2021,19.0,1,2,0,2,3,13,1,,3,840,-1,,2,2,0,1,44,930,2,, -1,2,0,1,70,12,12,2021,18:55,3,12,12130,1,1,0,1,route dÃ©partementale 840 PENCHOT,44.582586,2.198725,18,4,2
202100052556,107Â 778,Z01,10,3,2,2,8,8,-1,4,3,-1,2021,12.0,2,1,0,1,0,1,0,,4,LIEUTAUD (COURS),0,,2,2,0,2,0,0,1,, -1,1,0,1,50,4,2,2021,18:00,5,13,13206,2,2,0,6,LIEUTAUD (COURS),43.2882,5.3845,18,2,1
202100016216,172Â 649,B01,2,2,1,9,8,0,-1,-1, -1,-1,2021,24.0,3,2,0,2,3,9,1,,7,CARGO RHIN FIDELI (RUE),0,,2,4,0,2,0,0,4,, -1,1,3,1,50,29,9,2021,15:00,1,13,13202,2,3,0,3,CARGO RHIN FIDELI (RUE),43.32693,5.35655,15,3,2
202100046015,119Â 507,A01,1,1,2,1,1,-1,-1,0,0,-1,2021,19.0,2,2,0,0,3,15,1,,3,60,0,A,2,2,0,1,0,1,3,, -1,1,0,1,50,31,3,2021,13:50,1,89,89134,1,3,0,1,D606,47.474688,4.018174,13,2,2
202100004248,194Â 160,A01,1,1,1,0,1,0,-1,0,0,-1,2021,43.0,1,2,8,0,1,16,1,,4,CYFFLE (RUE),0,,2,3,0,1,(1),(1),1,, -1,1,0,1,50,5,12,2021,06:18,5,54,54395,2,2,0,6,CYFFLE (RUE),48.68656,6.18069,6,1,1
202100036316,136Â 776,A01,1,1,1,5,2,6,-1,0,0,-1,2021,53.0,3,1,0,2,7,1,1,,4,,-1,,2,2,0,1,(1),(1),1,,4,1,0,1,80,6,6,2021,10:50,1,35,35259,1,1,1,3,Ste Anne,48.602661,-1.664976,10,2,2
202100026117,155Â 011,A01,1,1,1,1,1,0,-1,-1, -1,-1,2021,20.0,1,2,0,2,2,19,1,,2,RN104,0,,1,1,0,1,0,0,1,, -1,1,0,1,90,30,7,2021,14:10,1,91,91103,2,4,0,3,CD 133,48.62441,2.29749,14,2,2
202100053835,105Â 521,B01,2,2,1,0,1,0,-1,-1, -1,-1,2021,37.0,2,2,0,2,7,1,1,,4,Boulevard Constantin Descat,0,,2,1,2,1,(1),(1),1,, -1,2,5,1,50,23,1,2021,23:35,5,59,59599,2,2,1,3,DESCAT (BOULEVARD CONSTANTIN),50.6998,3.1561,23,3,2
202100037780,134Â 130,B01,1,1,2,1,8,-1,-1,-1, -1,-1,2021,50.0,0,2,0,2,4,2,1,,4,MONNET (AVENUE JEAN),0,,2,2,0,2,(1),(1),1,, -1,1,0,1,50,28,5,2021,10:20,1,51,51058,2,1,0,4,Avenue Jean Monnet,49.213799,4.006048,10,3,3
202100027750,152Â 106,A01,2,2,1,0,2,8,-1,-1, -1,-1,2021,18.0,0,1,0,2,1,0,1,,4,CHARLES LIVON (BOULEVARD),0,,3,4,0,1,0,0,1,, -1,1,0,1,50,20,7,2021,23:14,5,13,13206,2,1,0,1,CHARLES LIVON (BOULEVARD),43.29202,5.37896,23,3,2
202100052519,107Â 843,A01,10,3,1,5,0,-1,-1,2,3,1,2021,19.0,1,2,0,1,3,1,1,,4,LABUSSIERE (AVENUE EMILE),0,,2,2,0,2,0,0,1,, -1,1,0,1,50,3,2,2021,14:07,1,87,87085,2,1,0,6,LABUSSIERE (AVENUE EMILE),45.84449,1.25111,14,2,1
202100010906,182Â 235,A01,10,3,1,0,0,-1,-1,2,2,1,2021,11.0,1,2,0,1,1,1,1,,4,JANIN JULES (BD) JUSQU'AUX NÃ¸ 27-32,0,,2,2,0,1,(1),(1),1,, -1,1,0,1,50,28,9,2021,20:45,5,42,42218,2,1,0,6,Boulevard Jules Janin,45.4485582255,4.3902667246,20,2,1
202100010458,183Â 028,A01,1,1,1,0,2,6,-1,-1, -1,-1,2021,47.0,2,1,0,0,0,1,1,,1,AUTOROUTE A6,0,,1,3,0,1,20,600,1,, -1,2,0,1,110,29,10,2021,13:40,1,91,91687,1,1,1,7,AUTOROUTE A6,48.6591,2.37405,13,1,1
202100009846,184Â 098,A01,10,3,1,5,0,-1,-1,3,3,1,2021,63.0,2,2,0,1,2,2,1,,3,905,0,,2,2,0,1,25,100,1,, -1,1,9,8,50,1,11,2021,11:00,1,21,21663,2,1,0,2,34 Avenue de Dijon,47.538829,4.461683,11,3,2
202100002516,197Â 279,A01,10,3,2,5,0,-1,-1,1,1,2,2021,46.0,2,2,0,1,1,1,1,,3,944,0,D,2,2,1,1,(1),(1),1,, -1,1,0,1,50,18,12,2021,08:50,1,58,58145,2,1,0,6,Avenue du 8 Mai 1945,47.284326,3.820147,8,2,1
202100044630,121Â 948,A01,10,3,1,3,0,-1,-1,1,3,1,2021,80.0,3,2,0,1,4,4,1,,4,0,0,C,1,1,0,2,0,0,1,0,"2,4",1,0,1,50,9,4,2021,12:08,1,16,16028,2,1,0,6,rue Victor Hugo,45.471722,-0.154329,12,2,1
202100012692,179Â 029,B01,4,2,2,0,1,0,-1,-1, -1,-1,2021,56.0,2,2,0,2,4,0,0,,3,7,0,,1,4,0,1,0,0,1,, -1,1,0,1,50,17,10,2021,15:30,1,92,92062,2,1,0,2,DE DION BOUTON (QUAI) DU 29 AU 65,48.8836326602,2.2492682934,15,4,2
202100015800,173Â 426,A01,9,2,1,5,1,-1,-1,0,0,-1,2021,11.0,2,2,0,2,3,9,1,,3,172,-1,,2,2,0,1,5,195,1,,"7,3",2,5,1,80,2,10,2021,19:00,2,79,79161,1,2,1,3,Route de Parthenay,46.942879,-0.203419,19,5,2
202100008172,187Â 114,B01,1,1,2,5,1,-1,-1,0,0,-1,2021,36.0,2,2,0,2,8,1,1,,3,966,0,A,2,2,0,1,7,800,1,, -1,1,0,1,90,14,11,2021,19:00,3,51,51088,1,1,0,3,D966,49.334449,4.032991,19,3,2
202100056384,101Â 117,B01,3,2,1,5,1,0,-1,-1, -1,-1,2021,3.0,2,2,0,2,4,2,1,,1,AUTOROUTE A3,0,,3,8,0,1,8,0,1,, -1,1,0,1,90,3,1,2021,19:20,4,93,93010,1,1,0,2,AUTOROUTE A3,48.91486,2.47746,19,4,2
202100019183,167Â 338,A01,1,1,1,1,1,0,-1,0,0,-1,2021,34.0,2,2,0,2,8,16,1,,3,PARIS (AVENUE DE),0,,2,2,0,1,1,570,1,, -1,1,0,1,50,13,9,2021,22:10,5,27,27681,2,2,0,3,PARIS (AVENUE DE),49.08506,1.49876,22,2,2
202100010474,183Â 002,B01,2,2,1,0,1,-1,-1,-1, -1,-1,2021,18.0,1,0,0,2,5,2,0,,4,ST CYR (DE)                         (R ),0,,2,0,0,1,(1),(1),1,, -1,1,0,1,50,28,10,2021,00:15,5,69,69389,2,1,0,2,ST CYR (DE) (R),45.78359,4.80797,0,3,2
202100027841,151Â 950,A01,10,3,1,5,0,-1,-1,6,1,3,2021,34.0,1,0,0,1,1,1,0,,3,32,-1,,2,2,0,1,3,100,1,, -1,1,0,3,80,21,7,2021,22:20,3,11,11262,1,1,0,6,D32,43.170851,3.034952,22,2,1
202100017956,169Â 531,A01,1,1,1,5,2,6,9,0,0,-1,2021,21.0,1,1,12,0,7,9,1,,3,33,0,,1,1,0,1,0,0,1,, -1,1,3,1,50,20,9,2021,22:30,3,14,14630,1,6,0,6,D33,49.253843,-0.649062,22,1,1
202100019159,167Â 383,B01,1,1,1,5,1,8,-1,-1, -1,-1,2021,26.0,2,2,0,2,5,1,1,,4,,0,,2,2,0,1,(1),(1),1,, -1,1,0,1,50,11,9,2021,00:28,5,67,67482,2,3,0,5,RIETH (RUE DU),48.60092,7.71493,0,4,3
202100049634,113Â 022,B01,1,1,1,5,2,6,-1,-1, -1,-1,2021,29.0,1,1,0,2,1,1,1,,4,REPUBLIQUE AVENUE DE LA,0,,2,3,1,1,(1),(1),1,, -1,1,0,1,50,28,2,2021,19:00,5,59,59350,2,2,0,3,REPUBLIQUE AVENUE DE LA,50.635834,3.009483,19,2,2
202100042463,125Â 716,B01,1,1,1,5,2,0,-1,-1, -1,-1,2021,33.0,2,1,0,2,7,1,5,,4,CHENAILLER DIT COLONEL MAURICE ( AV. ),0,,2,2,0,2,0,0,1,, -1,1,0,1,50,24,4,2021,17:50,1,56,56121,2,3,0,3,CHENAILLER DIT COLONEL MAURICE ( AV. ),47.73657,-3.39032,17,2,2
202100047966,116Â 002,B01,1,1,2,3,8,0,-1,-1, -1,-1,2021,25.0,1,2,0,2,4,15,1,,4,AUGUSTE RENOIR (RUE),0,,2,2,0,1,0,0,1,, -1,1,0,1,50,15,3,2021,10:40,1,93,93005,2,1,0,2,AUGUSTE RENOIR (RUE),48.9579945138,2.4950445109,10,2,2
202100056309,101Â 248,A01,10,3,1,3,0,-1,-1,3,3,1,2021,69.0,3,5,0,1,1,1,1,,4,Rue du Pont-de-Bois,-1,,2,2,0,1,(1),(1),1,, -1,2,0,1,50,5,1,2021,08:30,2,29,29260,2,1,1,6,Rue du Pont-de-Bois,48.433428,-4.620714,8,2,1
202100005666,191Â 668,A01,1,1,1,4,1,0,-1,-1, -1,-1,2021,34.0,1,5,3,2,1,14,1,,3,PERI (BOULEVARD GABRIEL)  0 - 37 / 42,0,,1,2,0,1,1,0,1,, -1,7,0,4,50,29,11,2021,06:50,5,93,93064,2,1,0,6,PERI (BOULEVARD GABRIEL)  0 - 37 / 42,48.877812415,2.4745416641,6,1,1
202100026438,154Â 441,A01,1,1,1,0,2,0,-1,-1, -1,-1,2021,29.0,1,1,0,2,2,11,0,,2,GENERAL LECLERC (AVENUE DU),0,,1,2,0,1,21,360,1,, -1,1,0,1,50,29,7,2021,20:20,1,78,78481,2,1,0,3,GENERAL LECLERC (AVENUE DU),48.887,2.10066,20,2,2
202100025687,155Â 769,A01,1,1,2,5,1,-1,-1,0,0,-1,2021,77.0,1,2,0,4,3,15,1,,3,141,-1,,2,2,0,1,0,360,1,, -1,2,4,1,50,5,8,2021,09:45,1,68,68292,2,8,1,3,Passage Ã  niveau,47.869127,7.036604,9,2,2
202100013782,177Â 074,B01,1,1,2,1,0,-1,-1,0,0,-1,2021,55.0,2,1,0,2,7,1,5,,4,,-1,,2,2,0,1,(1),(1),1,,4,1,0,1,50,13,10,2021,09:30,1,29,29057,1,3,0,3,Route de Port la ForÃªt,47.896471,-3.970699,9,2,2
202100042627,125Â 430,B01,1,1,1,5,2,6,9,0,0,-1,2021,64.0,3,1,0,2,0,0,1,,4,,-1,,2,2,0,2,(1),(1),2,, -1,1,5,1,50,24,4,2021,16:40,1,974,97414,2,9,0,3,Bel Air,-21.292733,55.408956,16,2,2
202100006593,190Â 012,A01,1,1,2,9,1,-1,-1,0,0,-1,2021,69.0,0,2,0,2,8,20,1,,3,THUILLIER DELAMBRE (RUE),0,,2,0,0,1,(1),(1),1,, -1,2,0,1,50,19,11,2021,11:47,1,80,80674,2,1,1,3,THUILLIER DELAMBRE (RUE),49.90205,2.326,11,2,2
202100020579,164Â 847,P01,1,1,2,5,0,-1,-1,0,0,-1,2021,58.0,3,1,0,2,0,0,5,,4,BREVANNES (R DE),0,,2,2,0,2,1,0,1,, -1,1,0,1,50,6,9,2021,18:40,1,94,94004,2,1,0,6,BREVANNES (R DE),48.75001,2.50502,18,2,2