Num_Acc,id_vehicule,num_veh,place,catu,sexe,trajet,secu1,secu2,secu3,locp,actp,etatp,year_acc,victim_age,senc,catv,obs,obsm,choc,manv,motor,occutc,catr,voie,v1,v2,circ,nbv,vosp,prof,pr,pr1,plan,lartpc,larrout,surf,infra,situ,vma,jour,mois,an,hrmn,lum,dep,com,agg_,int,atm,col,adr,lat,long,hour,nb_victim,nb_vehicules
202100040499,129Â 215,B01,1,1,2,4,1,0,-1,0,0,-1,2021,25.0,1,2,0,2,4,23,1,,4,PORTE DAUPHINE,0,,1,4,0,1,15,200,1,, -1,1,0,1,70,10,5,2021,15:00,1,75,75116,2,1,0,4,PORTE DAUPHINE,48.870483,2.272529,15,3,3
202100008516,186Â 510,A01,1,1,1,5,2,6,-1,-1, -1,-1,2021,30.0,1,1,0,2,1,2,1,,3,909,0,,2,3,3,1,0,0,1,, -1,1,0,1,50,11,11,2021,14:50,1,92,92044,2,1,0,2,VIC. HUGO(RUE)001A067 ET002A078,48.8950478298,2.2974662483,14,2,2
202100010985,182Â 092,A01,1,1,2,5,1,-1,-1,0,0,-1,2021,60.0,2,2,0,2,3,1,1,,3,40,-1,,2,2,0,1,9,830,1,, -1,1,0,1,80,26,10,2021,15:30,1,50,50487,1,2,0,3,D40 - PK9+830 VILLIERS LE PRE,48.533445,-1.390007,15,3,2
202100046117,119Â 330,A01,1,1,1,5,1,8,-1,-1, -1,-1,2021,24.0,1,2,15,0,1,14,1,,3,AUDINCOURT (ROUTE D'),0,,2,4,0,2,1,775,2,, -1,1,0,4,50,27,3,2021,19:40,5,25,25388,2,1,0,6,AUDINCOURT (ROUTE D'),47.49773,6.80668,19,1,1
202100049541,113Â 204,A01,1,1,1,4,2,6,-1,-1, -1,-1,2021,37.0,2,1,0,2,1,2,1,,3,"""LANDY RD 20, NR IMPAIRS 1 A 144""",0,,2,2,0,1,0,1,1,, -1,1,0,1,50,1,3,2021,13:30,1,93,93066,2,1,0,2,"""LANDY RD 20, NR IMPAIRS 1 A 144""",48.9153425166,2.3538885448,13,2,2
202100022699,161Â 032,A01,1,1,2,5,2,6,-1,-1, -1,-1,2021,54.0,2,1,0,1,1,13,1,,3,AVENUE DE LA CORNICHE D'AZUR,0,,3,1,1,1,114,800,1,, -1,1,2,1,50,24,8,2021,11:20,1,83,83061,2,1,0,6,AVENUE DE LA CORNICHE D'AZUR,43.41173,6.72509,11,3,2
202100050842,110Â 806,B01,1,1,2,1,8,4,-1,-1, -1,-1,2021,43.0,1,2,0,2,8,2,1,,1,A46S   40.883 A 43.680,0,,3,7,0,1,41,0,2,, -1,1,0,1,90,20,2,2021,14:30,1,69,69290,1,1,0,3,A46S,45.70227,4.9659,14,2,2
202100016674,171Â 823,A01,1,1,1,9,1,0,-1,0,0,-1,2021,30.0,1,2,0,2,1,2,1,,4,AVENUE DE LA GRANDE ARMEE,0,,2,8,0,1,(1),(1),1,, -1,1,0,1,50,25,9,2021,06:04,5,75,75117,2,1,0,2,AVENUE DE LA GRANDE ARMEE,48.876951,2.285051,6,4,2
202100055124,103Â 279,A01,1,1,1,2,1,-1,-1,0,0,-1,2021,53.0,2,2,0,2,1,1,1,,3,67,-1,,2,2,0,1,28,940,1,, -1,2,0,1,50,14,1,2021,11:45,1,70,70026,2,1,1,1,Avenue Jean-jaurÃ¨s,47.463328,5.583388,11,5,2
202100052643,107Â 628,A01,1,1,1,5,1,0,-1,-1,0,-1,2021,20.0,2,2,4,0,1,1,1,,1,AUTOROUTE A115,0,,3,4,0,2,10,0,2,, -1,2,0,1,70,4,2,2021,12:00,1,95,95060,1,1,1,6, A115,49.0431419212,2.1880276998,12,1,1
202100010378,183Â 159,A01,10,3,1,0,0,-1,-1,4,4,1,2021,10.0,1,2,0,1,3,0,6,,3,DANIELLE CASANOVA (RUE)  59 =>,0,,2,3,3,1,0,1,1,, -1,2,0,1,50,29,10,2021,12:20,1,93,93001,2,9,1,6,DANIELLE CASANOVA (RUE)  59 =>,48.9237047472,2.3692381382,12,2,1
202100019379,166Â 991,A01,1,1,1,5,8,0,-1,-1, -1,-1,2021,21.0,1,1,0,2,7,21,1,,3,FRIEDBERG (BD DE),0,,2,2,0,1,0,0,1,, -1,1,0,1,50,12,9,2021,16:47,1,94,94079,2,1,0,1,FRIEDBERG (BD DE),48.83,2.54,16,2,2
202100021247,163Â 679,B01,2,2,2,5,1,8,-1,-1, -1,-1,2021,21.0,2,2,0,2,8,1,1,,4,PATRIE (RUE DE LA ),0,,1,1,0,2,(1),(1),1,, -1,1,0,1,30,27,8,2021,23:45,5,56,56121,2,2,0,3,PATRIE (RUE DE LA ),47.74844,-3.36197,23,3,2
202100035206,138Â 770,B01,2,2,2,4,1,-1,-1,-1,0,-1,2021,41.0,1,2,0,2,4,2,1,,1,AUTOROUTE A3,0,,3,-1,0,1,16,700,1,, -1,1,0,1,90,10,6,2021,10:45,1,95,95277,1,1,0,3,AUTOROUTE A3,48.97826,2.49497,10,3,2
202100037679,134Â 307,A01,1,1,1,5,1,-1,-1,0,0,-1,2021,71.0,1,2,2,0,1,1,1,,3,518,-1,,2,2,0,1,1,250,2,, -1,1,0,3,80,29,5,2021,19:30,1,4,4163,1,1,0,6,RD 518,44.109713,5.512197,19,1,1
202100041097,128Â 152,B01,1,1,1,0,2,-1,-1,-1, -1,-1,2021,57.0,3,1,0,9,1,1,5,,4,GERBERT (RUE),0,,2,3,1,1,(1),(1),1,, -1,1,9,5,50,6,5,2021,07:55,1,51,51454,2,1,0,6,Rue Gerbert,49.25036,4.03935,7,2,2
202100010138,183Â 576,B01,1,1,1,4,8,-1,-1,-1, -1,-1,2021,23.0,3,1,0,2,1,1,5,,4,LA FAYETTE. RUE,0,,1,1,3,1,0,0,1,, -1,1,-1,1,30,30,10,2021,21:40,5,76,76540,2,2,0,3,LA FAYETTE. RUE,49.43251,1.0895,21,2,2
202100013993,176Â 691,B01,1,1,1,5,2,-1,-1,-1, -1,-1,2021,57.0,3,1,0,2,1,1,1,,3,,-1,,2,-1,-1,1,98,55,1,, -1,1,0,1,-1,9,10,2021,18:50,1,76,76217,2,2,0,3,AVENUE JEAN JAURES,49.915051727,1.0747497529,18,2,2
202100032030,144Â 495,B01,9,2,1,0,1,-1,-1,0,0,-1,2021,20.0,2,2,0,2,2,1,1,,3,39,0,,2,2,0,1,0,950,1,, -1,1,0,1,80,24,6,2021,00:30,3,60,60236,2,2,0,3,D39,49.681958,3.046024,0,7,2
202100003312,195Â 847,A01,1,1,1,0,1,-1,-1,0,0,-1,2021,79.0,1,2,0,2,2,15,0,,3,53,0,D,2,2,0,1,9,300,1,, -1,1,0,1,90,8,12,2021,13:20,1,72,72167,1,1,0,1,Lieu Dit la Houssaye,47.785502,-0.268419,13,2,2
202100052796,107Â 352,A01,10,3,2,5,0,-1,-1,3,3,1,2021,79.0,1,2,0,1,1,1,1,,3,CHOMERAC (AVENUE DE )  DU 33 AU 41,0,,-1,1,0,2,0,400,1,, -1,1,0,1,50,19,1,2021,14:35,1,7,7186,2,6,0,6,CHOMERAC (AVENUE DE )  DU 33 AU 41,44.73245,4.59817,14,2,1
202100051424,109Â 772,A01,10,3,1,0,0,-1,-1,2,3,1,2021,95.0,1,2,0,1,5,23,1,,4,ADOUR (AVENUE DE L'),0,,2,2,0,1,0,0,1,, -1,1,0,1,50,15,2,2021,12:50,1,64,64024,2,3,0,6,ADOUR (AVENUE DE L'),43.51351,-1.5004,12,2,1
202100020847,164Â 382,B01,2,2,2,5,8,0,-1,-1, -1,-1,2021,16.0,1,1,0,2,2,26,1,,4,COUBERTIN BOULEVARD,0,,2,2,0,1,1,0,1,, -1,1,0,1,30,4,9,2021,20:30,2,49,49007,2,1,0,3,COUBERTIN BOULEVARD,47.45997,-0.53281,20,3,2
202100011214,181Â 686,A01,1,1,2,5,1,0,-1,-1, -1,-1,2021,20.0,1,2,0,2,9,18,1,,7,RN 60,0,,1,2,0,1,1,0,1,, -1,1,0,1,70,24,10,2021,13:16,1,45,45147,1,1,0,5,RN 60,47.9394,1.9131,13,3,3
202100055769,102Â 177,A01,10,3,2,3,0,-1,-1,3,3,2,2021,70.0,3,2,0,1,6,4,1,,6,,0,,-1,-1,0,1,(1),(1),1,, -1,1,0,8,10,8,1,2021,11:10,1,69,69029,2,1,0,6,8 MAI 1945 (DU) (AV),45.72759,4.91545,11,2,1
202100027549,152Â 485,A01,1,1,1,1,1,5,-1,0,0,-1,2021,58.0,2,2,0,2,1,14,1,,3,BLANCHE (CH. DE LA VOIE) LOUVIERS A LACS,0,,2,10,0,1,10,130,1,, -1,1,5,8,50,22,7,2021,05:00,2,27,27701,2,9,0,3,BLANCHE (CH. DE LA VOIE) LOUVIERS A LACS,49.27375,1.20409,5,2,2
202100029742,148Â 627,A01,1,1,1,0,1,5,-1,-1, -1,-1,2021,21.0,2,2,4,2,9,1,1,,1,AUTOROUTE (A1),0,,1,4,0,4,0,100,2,, -1,1,3,1,50,8,7,2021,22:00,3,972,97209,1,1,0,3,AUTOROUTE (A1),14.61142,-61.0509,22,5,2
202100029507,149Â 053,A01,1,1,1,5,2,-1,-1,0,0,-1,2021,64.0,2,1,0,2,2,15,5,,3,201,0,C,2,2,0,2,5,125,3,, -1,1,0,1,80,12,7,2021,11:50,1,73,73312,1,2,0,1,D201c,45.663347,6.311126,11,2,2
202100011200,181Â 712,A01,10,3,1,3,0,-1,-1,4,3,1,2021,87.0,2,2,0,1,2,15,1,,7,,0,,2,2,3,1,0,300,1,, -1,1,0,1,50,24,10,2021,09:30,1,69,69029,2,3,0,6,CHRISTIAN LACOUTURE (R),45.75008,4.91145,9,2,1
202100014027,176Â 630,A01,2,2,1,4,1,0,-1,-1, -1,-1,2021,35.0,2,2,0,2,1,1,1,,4,FRANCIS MARTIN (R),0,,2,2,0,1,1,0,1,, -1,1,0,1,50,9,10,2021,17:30,1,94,94078,2,1,0,4,Rue Francis Martin,48.73736,2.45249,17,4,3
202100028255,151Â 189,A01,1,1,1,5,1,0,-1,-1, -1,-1,2021,20.0,2,2,0,2,4,1,1,,1,A7-Sens Marseille vers Lyon,0,,1,3,0,1,276,0,1,, -1,1,0,1,90,19,7,2021,16:25,1,13,13215,1,1,0,2,A7-Sens Marseille vers Lyon,43.36023,5.36228,16,2,2
202100043755,123Â 474,A01,10,3,2,3,0,-1,-1,9,9,1,2021,68.0,0,5,0,1,2,15,1,,6,BALE (RUE DE),0,,-1,-1,0,1,(1),(1),1,, -1,5,6,8,20,11,1,2021,08:50,1,68,68224,2,9,0,6,BALE (RUE DE),47.7485363475,7.3504704237,8,2,1
202100050860,110Â 769,A01,1,1,1,9,1,0,-1,-1, -1,-1,2021,63.0,2,2,0,2,6,9,1,,2,D 82,0,,4,4,0,1,(1),(1),2,, -1,1,9,1,50,19,2,2021,09:30,1,202,202037,2,6,0,5,D 82,42.62289,9.43737,9,4,3
202100033831,141Â 285,B01,1,1,1,0,1,0,-1,-1, -1,-1,2021,37.0,1,2,0,2,4,1,1,,4,BOULEVARD FRANCOIS MITTERRAND,0,,2,2,2,1,(1),(1),1,, -1,1,0,1,50,17,6,2021,15:02,1,44,44162,2,1,0,2,BOULEVARD FRANCOIS MITTERRAND,47.21171,-1.6487,15,2,2
202100008174,187Â 110,A01,1,1,1,5,1,-1,-1,0,0,-1,2021,25.0,2,2,8,0,1,1,1,,4,2,0,C,2,2,0,1,(1),(1),1,, -1,1,0,3,80,13,11,2021,02:25,3,82,82093,1,1,0,6,Migou,43.915296,1.078752,2,1,1
202100002163,197Â 917,A01,1,1,1,5,1,0,-1,-1, -1,-1,2021,76.0,2,2,15,0,2,1,1,,3,39,0,,2,2,0,1,1,0,1,, -1,1,0,4,50,19,12,2021,17:55,5,92,92073,2,1,0,6,JAURES (AVENUE JEAN),48.8625438086,2.2106257081,17,1,1
202100037574,134Â 500,A01,10,3,2,0,0,-1,-1,6,2,1,2021,47.0,2,2,0,2,3,21,1,,3,RD 915,0,,-1,2,0,1,78,274,1,, -1,1,5,1,80,29,5,2021,09:50,1,76,76565,1,3,0,2,RD 915,49.88892,1.08401,9,4,2
202100049153,113Â 895,A01,1,1,1,1,2,8,-1,-1, -1,-1,2021,45.0,1,1,0,2,1,1,1,,3,990,0,,3,3,0,1,0,0,2,, -1,1,5,1,50,3,3,2021,19:30,5,92,92050,2,2,0,3,NATIONAL (BOULEVARD),48.8915,2.1775,19,2,2
202100012621,179Â 151,B01,2,1,1,0,2,0,-1,-1, -1,-1,2021,35.0,2,1,0,2,1,2,0,,2,ROUTE NATIONALE 5,0,,1,6,0,1,1,0,1,, -1,1,0,1,70,17,10,2021,18:35,2,972,97213,1,1,0,2,ROUTE NATIONALE 5,14.5962,-60.9898,18,2,2
202100039352,131Â 258,B01,1,1,1,5,2,6,-1,0,0,-1,2021,18.0,2,1,0,2,8,15,1,,3,840,-1,,2,2,0,1,49,550,1,, -1,2,0,1,80,15,5,2021,11:30,1,12,12030,1,4,1,3,Bouillac,44.572593,2.154254,11,2,2
202100000541,200Â 740,C01,1,1,1,1,1,0,-1,-1, -1,-1,2021,35.0,1,2,0,2,1,2,1,,1,VA007331 A620,0,,1,3,0,1,15,528,2,, -1,1,2,1,90,12,11,2021,18:10,4,31,31555,1,1,0,4,VA007331 A620,43.57437,1.4693,18,3,3
202100049979,112Â 406,A01,2,2,2,0,3,0,-1,-1, -1,-1,2021,1.0,1,2,0,2,1,1,1,,1,AUTOROUTE A3,0,,3,8,0,1,0,699,1,, -1,2,0,1,90,26,2,2021,11:00,1,93,93006,1,1,1,2,AUTOROUTE A3,48.86594,2.42147,11,3,2
202100053919,105Â 367,A01,1,1,2,1,1,0,-1,-1, -1,-1,2021,51.0,2,2,16,0,4,2,1,,3,MADELEINE (ROUTE DE LA),0,,1,1,0,1,1,750,2,, -1,2,0,1,50,23,1,2021,19:25,3,973,97302,2,6,0,2,MADELEINE (ROUTE DE LA),4.92498,-52.32393,19,2,2
202100043362,124Â 158,A01,10,3,1,0,0,-1,-1,3,3,1,2021,62.0,1,2,0,1,4,4,0,,4,PARIS (RUE DE),0,,2,2,0,1,1,0,2,, -1,1,0,1,50,20,4,2021,09:50,1,93,93048,2,1,0,6,PARIS (RUE DE),48.8560650686,2.4248278532,9,2,1
202100029484,149Â 089,A01,1,1,2,5,1,-1,-1,0,0,-1,2021,18.0,2,2,2,0,1,1,1,,3,D229,0,,2,2,0,1,6,385,3,, -1,9,0,3,80,11,7,2021,18:00,1,47,47162,1,1,0,6,Lieu-dit Garry,44.348558,0.861139,18,3,1
202100025122,156Â 749,A01,1,1,2,5,8,0,-1,-1, -1,-1,2021,26.0,3,0,6,0,1,16,1,,4,AV LARRIEU THIBAUD,0,,2,1,0,1,(1),(1),1,, -1,1,0,4,50,7,8,2021,12:08,1,31,31555,2,1,0,6,AV LARRIEU THIBAUD,43.5531572373,1.407194666,12,2,1
202100027918,151Â 807,C01,1,1,2,0,1,0,-1,-1, -1,-1,2021,61.0,2,2,16,2,3,1,1,,7,BLOIS (ROUTE DE BLOIS),0,,2,0,0,1,66,700,1,, -1,1,0,1,70,20,7,2021,20:10,1,45,45075,1,2,0,4,Route de Blois,47.88216,1.81671,20,4,3
202100011164,181Â 775,A01,1,1,1,4,1,-1,-1,0,0,-1,2021,46.0,2,4,0,0,3,16,1,,3,33,0,,2,1,0,1,31,100,1,,3,1,0,3,80,25,10,2021,14:55,1,53,53042,1,3,0,7,La ReculÃ©e,48.40754,-0.746748,14,1,1
202100049572,113Â 149,B01,1,1,2,9,1,0,-1,-1, -1,-1,2021,43.0,1,2,0,2,4,23,1,,1,A51-Sens Marseille vers Aix en Provence,0,,1,3,0,1,2,0,1,, -1,1,0,1,90,2,3,2021,14:30,1,13,13106,1,1,0,2,A51-Sens Marseille vers Aix en Provence,43.4056482913,5.3613632014,14,4,2
202100012474,179Â 411,A01,1,1,1,9,2,0,-1,0,0,-1,2021,41.0,1,1,6,2,2,1,1,,4,RUE CLAVEL,0,,1,1,0,1,(1),(1),1,, -1,1,0,1,30,17,10,2021,22:40,5,75,75119,2,2,0,6,RUE FESSART,48.876785,2.383892,22,5,2
202100040651,128Â 956,B01,1,1,1,3,2,-1,-1,0,0,-1,2021,76.0,2,1,0,2,2,17,1,,3,990,-1,,2,2,0,2,68,700,1,, -1,1,0,1,90,10,5,2021,14:00,1,23,23140,1,1,0,3,RD 990,45.927274,2.189991,14,2,2
202100038400,132Â 999,B01,1,1,1,4,2,6,-1,0,0,-1,2021,45.0,2,1,0,2,1,1,1,,4,AVENUE DE LA REPUBLIQUE,0,,2,4,1,1,(1),(1),1,, -1,1,0,6,50,25,5,2021,19:15,1,75,75111,2,4,0,3,AVENUE DE LA REPUBLIQUE,48.866504,2.367999,19,2,2
202100042899,124Â 985,A01,1,1,1,5,2,8,-1,-1, -1,-1,2021,70.0,2,0,0,0,0,26,5,,3,C.D. 533 (VERS LE PUY),0,,2,2,0,2,54,100,1,, -1,1,0,1,80,23,4,2021,17:15,1,7,7281,1,1,0,7,,44.934735,4.817376,17,1,1
202100020218,165Â 497,B01,1,1,1,1,2,0,-1,-1, -1,-1,2021,26.0,2,1,0,2,2,17,1,,3,D.346,0,,2,2,0,1,5,234,1,, -1,1,0,1,70,1,6,2021,18:20,1,77,77067,1,1,0,3,D.346,48.55871,2.59863,18,2,2
202100016487,172Â 156,B01,1,1,1,0,1,0,-1,0,0,-1,2021,75.0,1,2,0,2,6,1,1,,4,AIGUILLETTES  (BD 5A A 17A),0,,2,4,0,1,(1),(1),1,, -1,1,0,1,50,26,9,2021,14:15,1,54,54578,2,3,0,3,AIGUILLETTES  (BD 5A A 17A),48.6688401171,6.161065441,14,2,2
202100015144,174Â 640,B01,1,1,1,1,1,8,-1,-1, -1,-1,2021,44.0,2,2,0,2,4,23,1,,3,GENERAL DE GAULLE (AVENUE) (PAIRS),0,,1,3,0,1,0,0,2,, -1,1,0,1,50,1,10,2021,16:40,1,92,92036,2,6,0,2,GENERAL DE GAULLE (AVENUE) (PAIRS),48.9344869782,2.3196011782,16,2,2
202100025462,156Â 152,A01,1,1,2,5,2,6,-1,-1, -1,-1,2021,41.0,1,1,0,2,5,15,1,,3,AUNIS AVENUE D',0,,1,2,0,1,84,373,2,, -1,1,0,1,50,28,7,2021,20:00,1,17,17449,2,6,0,3,AUNIS AVENUE D',45.95081,-0.93004,20,2,2
202100024049,158Â 658,A01,9,2,1,5,3,-1,-1,0,0,-1,2021,7.0,1,2,17,0,3,13,1,,3,929,0,,2,2,0,1,10,700,1,, -1,1,0,3,90,15,8,2021,18:07,1,65,65261,1,1,0,6,route d'auch,43.2383732343,0.4935460159,18,2,1
202100046008,119Â 518,A01,10,3,2,0,0,-1,-1,1,3,2,2021,74.0,3,2,0,1,1,1,1,,9,,-1,,2,2,0,2,(1),(1),1,, -1,2,0,1,50,31,3,2021,05:45,2,974,97422,2,1,1,3,Rue du Docteur Henri Roussel,-21.281057,55.513967,5,2,1
202100006386,190Â 379,B01,1,1,1,0,2,0,-1,-1, -1,-1,2021,35.0,2,1,0,2,1,1,1,,3,MAHAULT,0,,2,2,0,1,0,100,1,, -1,1,0,1,70,24,11,2021,08:00,1,972,97213,2,3,0,3,MAHAULT,14.6231,-61.006,8,2,2
202100051562,109Â 529,A01,1,1,1,5,1,0,-1,-1,0,-1,2021,35.0,1,2,0,2,1,1,1,,1,AUTOROUTE A3,0,,3,-1,0,1,15,649,1,, -1,1,0,1,90,13,2,2021,18:30,3,95,95277,1,1,0,4,AUTOROUTE A3,48.97153,2.48495,18,4,3
202100019954,165Â 966,C01,1,1,2,1,1,-1,-1,0,0,-1,2021,22.0,2,2,0,2,1,1,1,,3,7,0,,2,2,0,1,69,500,1,, -1,1,0,1,80,10,9,2021,07:20,2,86,86045,1,1,0,5,D7,46.393701,0.154968,7,3,3
202100002078,198Â 084,A01,10,3,1,0,0,-1,-1,3,3,1,2021,44.0,3,5,0,1,1,15,1,,4,,-1,,2,2,0,1,(1),(1),1,,5,1,0,1,50,21,12,2021,06:43,5,14,14181,2,1,0,6,Rue des FrÃ¨res LumiÃ¨re,49.153801,-0.312515,6,2,1
202100017497,170Â 349,A01,10,3,2,4,0,-1,-1,4,3,3,2021,50.0,1,0,0,1,7,1,3,,4,BOULEVARD AUGUSTE BLANQUI,0,,3,3,1,2,(1),(1),1,, -1,1,0,5,30,22,9,2021,13:41,1,75,75113,2,3,0,6,BOULEVARD AUGUSTE BLANQUI,48.829933,2.348481,13,3,1
202100004803,193Â 195,B01,1,1,2,1,2,0,-1,0,0,-1,2021,52.0,3,1,0,2,1,13,1,,4,TUILIERES AVENUE DES,0,,2,2,0,2,(1),(1),1,, -1,1,0,1,50,3,12,2021,07:50,1,6,6027,2,1,0,2,TUILIERES AVENUE DES,43.670354,7.163208,7,2,2
202100014264,176Â 199,A01,9,2,2,0,8,-1,-1,0,0,-1,2021,6.0,2,2,2,0,0,1,1,,3,175,0,D,2,2,0,4,11,700,2,, -1,1,0,3,80,10,10,2021,15:00,1,16,16068,1,1,0,6,Chavagnac,45.873999,0.426879,15,5,1
202100022896,160Â 695,A01,1,1,1,0,2,6,-1,-1, -1,-1,2021,18.0,1,1,1,0,4,1,1,,3,RD 117,0,,2,2,0,1,35,0,3,, -1,1,0,3,50,14,4,2021,13:10,1,9,9207,1,1,0,6,RD 117,42.92482,1.63597,13,1,1
202100052301,108Â 225,B01,1,1,1,5,2,0,-1,-1, -1,-1,2021,37.0,1,1,0,2,1,1,5,,4,MONTREAL (RUE DE),0,,3,4,1,1,0,0,1,, -1,1,0,5,50,6,2,2021,10:20,1,74,74305,2,1,0,3,MONTREAL (RUE DE),46.20287,6.27573,10,2,2
202100033740,141Â 459,B01,1,1,2,3,0,-1,-1,0,0,-1,2021,68.0,1,1,0,2,1,1,5,,4,VC,0,,2,2,0,1,0,0,1,, -1,1,0,1,50,18,6,2021,09:15,1,84,84054,2,3,0,3,Chemin du Bosquet,43.911907,5.067916,9,2,2
202100042872,125Â 035,B01,2,2,1,9,-1,0,-1,-1, -1,-1,2021,15.0,1,1,0,2,0,0,1,,4,MENDES FRANCE AVENUE PIERRE,0,,-1,2,0,1,1,0,1,, -1,1,0,1,50,23,4,2021,13:22,1,49,49015,2,6,0,3,MENDES FRANCE AVENUE PIERRE,47.49937,-0.58298,13,3,2
202100001852,198Â 487,A01,1,1,2,0,1,0,-1,0,0,-1,2021,61.0,1,2,0,0,1,9,1,,3,STADE (RUE DU),0,,2,2,0,1,1,950,1,, -1,1,0,3,50,21,12,2021,13:40,1,71,71499,1,1,0,7,Rue du Stade,46.651975,4.31544,13,1,1
202100037133,135Â 323,A01,2,2,1,5,1,4,-1,-1, -1,-1,2021,24.0,1,2,4,0,1,1,1,,1,A7-Sens Marseille vers Lyon,0,,1,3,0,3,274,0,1,, -1,1,0,1,90,30,5,2021,23:50,3,13,13215,1,1,0,6,A7-Sens Marseille vers Lyon,43.37755,5.35807,23,2,1
202100009566,184Â 609,C01,1,1,1,5,2,8,-1,-1, -1,-1,2021,23.0,2,1,0,2,0,0,1,,3,SOLESMES (ROUTE DE),0,,2,2,0,2,331,0,2,, -1,1,0,1,80,31,5,2021,18:05,1,59,59122,1,1,1,5,SOLESMES (ROUTE DE),50.1788652689,3.2606137238,18,6,3
202100048885,114Â 378,A01,6,2,1,0,8,-1,-1,0,0,-1,2021,49.0,1,5,0,0,0,0,1,,2,12,-1,,3,4,0,1,89,700,1,, -1,1,0,8,110,7,3,2021,17:00,1,35,35184,1,1,0,7,N12,48.202804,-2.032339,17,3,1
202100035364,138Â 499,A01,1,1,1,5,2,-1,-1,0,0,-1,2021,72.0,1,1,0,0,0,2,5,,3,25,-1,,2,2,0,1,33,300,1,, -1,2,0,3,80,9,6,2021,17:00,1,71,71490,1,1,1,7,Route de Gueugnon,46.543602,4.111397,17,1,1
202100036585,136Â 318,B01,1,1,1,1,2,6,-1,-1,0,-1,2021,54.0,3,1,0,2,1,9,1,,4,EAUBONNE  RUE D',0,,2,2,0,1,(1),(1),1,, -1,1,0,1,50,2,6,2021,08:00,1,95,95598,2,1,1,1,Rue dâEaubonne,48.99025,2.298429,8,2,2
202100006112,190Â 879,A01,2,2,1,0,1,0,-1,-1, -1,-1,2021,29.0,1,2,0,2,7,1,1,,3,PAUL VAILLANT COUTURIER (BD),0,,3,4,0,1,1,0,1,, -1,1,0,1,50,26,11,2021,13:10,1,94,94038,2,1,0,6,Bd Paul Vaillant Couturier,48.77457,2.3396,13,3,2
202100035789,137Â 732,A01,1,1,1,5,2,6,-1,0,0,-1,2021,26.0,2,1,8,0,0,1,1,,3,D137,0,B,1,1,0,3,105,826,3,, -1,1,3,3,70,8,6,2021,17:57,1,17,17094,1,6,0,7,pk 3 D137b9,46.063254,-1.063515,17,1,1
202100004274,194Â 117,A01,10,3,1,1,0,-1,-1,6,9,1,2021,23.0,2,2,0,1,1,1,1,,3,PERCHES RUE DES,0,,2,2,0,1,49,983,1,, -1,2,0,1,80,6,12,2021,19:20,3,17,17415,1,1,0,6,PERCHES RUE DES,45.71058,-0.65362,19,2,1
202100042257,126Â 096,A01,1,1,1,5,1,-1,-1,0,0,-1,2021,85.0,3,2,6,2,1,1,1,,4,,-1,,2,1,0,2,(1),(1),3,,3,2,0,3,50,29,4,2021,11:15,1,11,11076,2,1,1,6,23 Rue du 11 Novembre,43.319922,1.953346,11,3,2
202100003360,195Â 757,A01,1,1,1,0,1,-1,-1,0,0,-1,2021,20.0,2,2,6,0,8,13,1,,3,49,-1,,2,2,0,1,17,425,1,, -1,2,0,8,70,13,12,2021,09:45,1,27,27138,1,1,0,6,D49,48.996603,0.560458,9,2,1
202100018724,168Â 169,A01,1,1,1,1,2,6,-1,-1, -1,-1,2021,54.0,3,1,0,2,1,11,1,,4,BETHUNE (RTE DE),0,,2,3,0,1,(1),(1),1,, -1,1,0,1,50,9,7,2021,16:25,1,62,62498,2,1,0,3,BETHUNE (RTE DE),50.44359,2.80202,16,2,2
202100007398,188Â 535,A01,1,1,1,1,1,-1,-1,0,0,-1,2021,24.0,2,2,0,2,1,2,1,,3,972,-1,,2,2,0,1,(1),(1),1,, -1,1,0,1,70,19,11,2021,19:00,5,50,50044,1,1,0,2,D972,49.073782,-1.34737,19,2,2
202100019621,166Â 566,A01,1,1,1,0,2,6,-1,-1, -1,-1,2021,20.0,2,1,0,2,1,1,1,,4,BERTONE                             (PL),0,,1,1,2,1,(1),(1),1,, -1,1,0,1,50,10,9,2021,23:40,5,69,69384,2,7,0,3,BERTONE (PL),45.77758,4.83483,23,2,2
202100005140,192Â 590,A01,1,1,1,0,1,-1,-1,0,0,-1,2021,22.0,2,2,3,2,1,17,1,,1,36,-1,,3,4,0,4,66,600,3,, -1,2,0,1,130,2,12,2021,21:30,3,25,25524,1,1,1,2,Autoroute A.36 au PK066+600 dans le sens BESANCON/MULHOUSE,47.428648,6.663142,21,2,2
202100025184,156Â 645,A01,1,1,1,5,2,-1,-1,0,0,-1,2021,16.0,2,1,8,0,1,1,1,,4,,-1,,2,2,0,2,(1),(1),1,,"5,5",2,0,1,50,7,8,2021,13:30,1,42,42204,2,1,1,6,Rue Chevalier,45.422514,4.064925,13,1,1
202100036754,136Â 007,B01,2,2,1,5,2,-1,-1,-1, -1,-1,2021,20.0,2,1,0,2,1,1,1,,4,FRANKLIN ROOSEVELT                  (CO),0,,1,2,2,1,(1),(1),1,, -1,1,0,1,50,2,6,2021,20:40,2,69,69386,2,1,0,3,FRANKLIN ROOSEVELT (CR),45.76912,4.84815,20,3,2