Num_Acc,id_vehicule,num_veh,place,catu,sexe,trajet,secu1,secu2,secu3,locp,actp,etatp,year_acc,victim_age,senc,catv,obs,obsm,choc,manv,motor,occutc,catr,voie,v1,v2,circ,nbv,vosp,prof,pr,pr1,plan,lartpc,larrout,surf,infra,situ,vma,jour,mois,an,hrmn,lum,dep,com,agg_,int,atm,col,adr,lat,long,hour,nb_victim,nb_vehicules
202100044905,121Â 456,A01,1,1,1,1,8,0,-1,-1, -1,-1,2021,33.0,1,1,0,2,8,26,5,,2,JAURES (BOULEVARD JEAN),0,,2,7,1,2,(1),(1),1,, -1,1,0,1,70,6,4,2021,06:45,1,974,97411,2,6,0,3,JAURES (BOULEVARD JEAN),-20.89335,55.4706,6,2,2
202100002238,197Â 784,B01,1,1,1,5,1,8,-1,-1, -1,-1,2021,34.0,2,2,0,2,7,1,1,,3,PRINCE (RUE DU ),0,,2,2,0,1,30,985,1,, -1,2,0,1,50,18,12,2021,20:05,3,62,62737,2,2,1,3,PRINCE (RUE DU ),50.445476,2.692004,20,2,2
202100044560,122Â 067,B01,1,1,2,0,1,8,-1,-1, -1,-1,2021,40.0,3,2,0,2,4,2,1,,4,ETCHECOPAR (ALLEE),0,,2,1,0,1,0,0,1,, -1,1,0,1,50,9,4,2021,15:00,1,64,64024,2,1,0,2,ETCHECOPAR (ALLEE),43.46455,-1.53209,15,2,2
202100029436,149Â 163,Z01,10,3,2,0,0,-1,-1,2,3,1,2021,18.0,1,1,0,1,1,2,1,,4,MENDES FRANCE (AVENUE),0,,2,6,0,1,1,0,1,, -1,1,0,1,50,11,7,2021,04:00,5,13,13208,2,1,0,1,MENDES FRANCE (AVENUE),43.2555039459,5.3764447443,4,2,1
202100051521,109Â 602,B01,1,1,1,1,8,0,-1,0,0,-1,2021,34.0,3,1,0,2,1,5,5,,4,RUE DE LA VILLE L EVEQUE,0,,1,1,0,1,(1),(1),1,, -1,1,0,1,30,13,2,2021,13:45,1,75,75108,2,2,0,3,RUE DE LA VILLE L EVEQUE,48.871162,2.321642,13,3,2
202100027883,151Â 873,B01,1,1,1,1,8,-1,-1,-1,0,-1,2021,45.0,1,1,0,2,7,1,5,,3,REFUZNICKS (ROUTE DES),0,,2,4,0,1,5,0,1,, -1,1,0,1,50,20,7,2021,07:35,1,95,95585,2,1,0,3,REFUZNICKS (ROUTE DES),48.98505,2.38305,7,2,2
202100018123,169Â 222,B01,1,1,1,5,2,6,-1,-1, -1,-1,2021,31.0,1,1,0,2,9,1,1,,3,AV MARCEL SEMBAT,0,,2,3,0,1,0,0,1,, -1,1,5,1,30,18,9,2021,08:50,1,91,91027,2,1,0,5,AV MARCEL SEMBAT,48.70601,2.37221,8,3,3
202100024816,157Â 298,A01,2,2,2,9,1,-1,-1,0,0,-1,2021,19.0,2,2,2,0,8,1,1,,3,562,-1,,2,2,0,1,68,0,2,, -1,1,0,5,80,11,8,2021,06:29,2,83,83055,1,1,0,6,RD 562,43.5961782301,6.6944093852,6,2,1
202100020415,165Â 148,A01,1,1,1,5,2,6,-1,0,0,-1,2021,23.0,2,1,0,0,0,17,1,,3,994,0,,2,2,0,1,7,533,1,, -1,1,0,1,90,7,9,2021,19:55,1,5,5091,1,1,0,7,D994,44.397294,5.501393,19,1,1
202100025540,156Â 021,B01,2,2,2,5,1,-1,-1,0,0,-1,2021,37.0,1,2,3,0,4,2,1,,1,71,0,A,3,4,0,1,331,850,1,, -1,1,0,1,130,6,8,2021,03:00,3,3,3175,1,1,0,2,A71 PK 331+850,46.240325,3.094411,3,4,2
202100052223,108Â 360,C01,1,1,2,0,1,8,-1,-1, -1,-1,2021,22.0,3,2,0,2,4,2,1,,4,RADOLFZELL AVENUE DE,0,,2,2,0,2,1,0,1,, -1,1,2,1,50,6,2,2021,17:45,5,13,13047,2,1,1,4,RADOLFZELL AVENUE DE,43.4992376568,4.9882900996,17,8,4
202100009998,183Â 827,B01,2,2,2,0,1,-1,-1,-1, -1,-1,2021,44.0,1,2,0,2,5,23,1,,4,DOCTEUR GAILLETON (DU)              (QU),0,,1,4,0,1,(1),(1),1,, -1,2,0,1,50,31,10,2021,02:00,5,69,69382,2,1,1,2,DOCTEUR GAILLETON (DU) (Q),45.752101,4.832837,2,4,2
202100038880,132Â 129,Y01,1,1,1,0,2,8,-1,0,0,-1,2021,25.0,2,1,0,2,7,1,5,,4,ROUTE DEPARTEMENTALE 3,0,,1,2,0,1,0,0,1,, -1,1,0,1,50,21,5,2021,15:36,1,972,97213,1,1,0,3,ROUTE DEPARTEMENTALE 3,14.59806,-60.99724,15,2,2
202100023457,159Â 695,A01,1,1,1,4,2,6,-1,0,0,-1,2021,27.0,2,1,0,0,1,1,1,,4,ROUTE DE SEVRES A NEUILLY,0,,2,4,0,1,(1),(1),1,, -1,9,0,1,50,18,8,2021,17:10,1,75,75116,2,1,0,7,ROUTE DE SEVRES A NEUILLY,48.866548,2.241803,17,2,1
202100006068,190Â 956,A01,1,1,1,0,1,-1,-1,0,0,-1,2021,26.0,2,2,13,0,1,2,1,,3,963,0,D,2,2,0,1,(1),(1),1,, -1,2,0,3,80,28,11,2021,02:57,3,59,59012,1,1,1,7,D963,50.002498,4.094467,2,1,1
202100013511,177Â 577,A01,10,3,2,0,0,-1,-1,4,3,1,2021,18.0,3,2,0,1,1,1,1,,4,MIRAMBEAU (ROUTE DE),0,,2,2,0,1,0,0,1,, -1,1,0,1,30,13,10,2021,07:40,5,64,64024,2,1,1,6,Avenue de Maignon,43.48022,-1.50893,7,2,1
202100017851,169Â 711,A01,1,1,1,1,2,6,-1,-1, -1,-1,2021,35.0,1,1,0,2,1,1,1,,3,CAZAUX (BD DE),0,,3,4,1,1,8,670,1,, -1,2,-1,1,90,20,9,2021,08:20,1,33,33529,1,1,1,2,,44.56179,-1.15051,8,2,2
202100045323,120Â 719,B01,1,1,1,5,2,6,-1,0,0,-1,2021,41.0,1,1,0,2,1,1,1,,3,5,-1,,2,2,0,2,9,60,1,, -1,1,0,1,80,30,3,2021,13:40,1,83,83037,1,1,0,4,DÃ©partementale 5,43.372733,5.973849,13,3,3
202100043819,123Â 358,A01,1,1,1,5,0,-1,-1,0,0,-1,2021,14.0,1,1,0,9,1,0,5,,4,,-1,,2,2,0,2,(1),(1),1,, -1,1,0,1,50,17,4,2021,15:20,1,36,36034,2,1,0,6,40 Rue de Safran,47.257996,1.653689,15,1,1
202100033789,141Â 374,B01,3,2,2,1,2,0,-1,-1,0,-1,2021,53.0,1,1,0,2,9,12,1,,2,JACQUES DUCLOS (BOULEVARD),0,,3,4,0,1,2,400,3,, -1,1,9,1,70,8,6,2021,17:45,1,95,95218,2,1,0,3,RN 184,49.0310544619,2.1049118042,17,3,2
202100044566,122Â 055,B01,1,1,2,5,2,0,-1,0,0,-1,2021,89.0,1,1,0,2,3,19,5,,4,JAURES ( BOULEVARD JEAN ),0,,-1,0,1,1,1,0,1,, -1,1,5,5,50,9,4,2021,17:40,1,53,53130,2,1,0,3,JAURES ( BOULEVARD JEAN ),48.064795,-0.790202,17,2,2
202100009967,183Â 884,B01,1,1,1,4,1,-1,-1,0,0,-1,2021,48.0,2,4,0,2,1,1,1,,1,63,0,,3,6,0,1,42,900,1,, -1,1,0,1,90,27,10,2021,11:50,1,33,33042,1,1,0,2,,44.475604,-0.826758,11,2,2
202100027469,152Â 629,A01,1,1,1,5,1,-1,-1,0,0,-1,2021,72.0,1,2,0,2,3,1,1,,3,160,0,D,2,2,0,2,1,600,3,, -1,1,0,1,80,23,7,2021,09:40,1,74,74160,1,1,0,3,D160,45.873032,6.41696,9,3,2
202100051019,110Â 474,B01,1,1,1,1,8,-1,-1,-1, -1,-1,2021,30.0,1,1,0,2,8,1,5,,4,ARTAUD                              (R ),0,,1,1,0,1,(1),(1),1,, -1,1,0,1,20,18,2,2021,08:20,1,69,69384,2,2,0,3,ARTAUD (R),45.7809477486,4.8366073966,8,2,2
202100038207,133Â 351,A01,1,1,1,9,2,6,-1,0,0,-1,2021,15.0,2,1,0,0,0,1,1,,4,MALCOMBE ( ROUTE DE ),0,,-1,2,0,2,0,1,2,, -1,1,0,1,50,25,5,2021,13:00,1,5,5061,2,1,0,7,MALCOMBE ( ROUTE DE ),44.55779,6.0544,13,1,1
202100012450,179Â 458,B01,1,1,1,2,2,0,-1,-1, -1,-1,2021,10.0,3,1,0,2,7,19,5,,4,BERNARD (CLAUDE),0,,2,2,0,1,(1),(1),1,, -1,1,0,8,30,18,10,2021,08:10,2,35,35238,2,1,0,3,BERNARD (CLAUDE),48.10506,-1.69353,8,2,2
202100009091,185Â 455,A01,1,1,2,0,1,0,-1,-1, -1,-1,2021,23.0,1,2,8,0,2,1,1,,4,BATE (RUE DE LA),0,,2,2,0,2,0,0,2,, -1,1,0,8,70,6,11,2021,20:45,3,45,45235,1,1,0,6,BATE (RUE DE LA),47.932029,1.816912,20,1,1
202100036225,136Â 936,A01,1,1,1,0,1,0,-1,-1, -1,-1,2021,69.0,1,2,0,2,3,13,1,,3,Jean Jaures (Avenue),0,,2,0,0,1,0,0,1,, -1,1,0,1,30,5,6,2021,13:45,1,91,91191,2,1,0,5,Jean Jaures (Avenue),48.71382,2.46233,13,5,3
202100033710,141Â 507,B01,1,1,1,1,1,-1,-1,0,0,-1,2021,53.0,1,2,0,2,3,1,1,,3,1532,0,,2,2,0,1,26,200,1,, -1,1,0,1,80,19,6,2021,11:40,1,38,38338,1,1,0,1,RD 1532,45.212505,5.488551,11,2,2
202100011630,180Â 934,A01,1,1,2,1,2,6,-1,0,0,-1,2021,29.0,1,1,0,2,3,3,1,,4,PORTE DE CHARENTON,0,,1,4,0,1,34,100,1,, -1,1,0,1,70,21,10,2021,12:30,1,75,75112,2,1,0,2,PORTE DE CHARENTON,48.830276,2.402037,12,2,2
202100043429,124Â 032,Z01,10,3,1,0,8,8,-1,5,9,2,2021,5.0,1,1,0,1,0,1,5,,4,EUROPE (AVENUE DE L ),0,,4,1,0,2,0,0,1,, -1,1,9,6,20,16,4,2021,12:10,1,67,67482,2,1,0,6,EUROPE (AVENUE DE L ),48.59482,7.77341,12,2,1
202100043686,123Â 593,A01,1,1,1,0,2,6,-1,0,0,-1,2021,54.0,0,1,0,0,0,1,1,,3,2566,0,A,2,2,0,1,3,588,3,, -1,1,0,1,80,17,4,2021,16:50,1,6,6136,1,1,0,7,Route Departemental 2566A,43.857663,7.448121,16,1,1
202100031827,144Â 864,B01,1,1,1,0,1,0,-1,-1, -1,-1,2021,57.0,3,1,0,2,8,2,1,,4,,0,,2,1,0,1,0,0,1,, -1,1,5,1,30,28,6,2021,12:35,1,91,91549,2,6,0,3,LIERS (RUE DE),48.62922,2.33605,12,2,2
202100026857,153Â 714,A01,1,1,1,1,2,6,-1,0,0,-1,2021,44.0,2,1,0,2,1,1,1,,4,QUAI DU LOUVRE,0,,1,4,0,1,(1),(1),1,, -1,2,5,1,50,27,7,2021,15:00,1,75,75101,2,3,1,2,QUAI DU LOUVRE,48.85904,2.339863,15,2,2
202100053678,105Â 788,A01,10,3,1,5,0,-1,-1,5,6,1,2021,70.0,3,2,0,1,2,15,0,,7,468,0,D,2,2,0,1,(1),(1),1,, -1,1,0,4,30,21,1,2021,07:35,5,67,67378,2,1,0,6,24 rue du GÃ©nÃ©ral LECLERC,48.470176,7.724043,7,2,1
202100000856,200Â 208,B01,4,2,2,5,1,0,-1,-1, -1,-1,2021,35.0,3,2,0,2,4,2,1,,7,PERRIN JEAN RUE,0,,2,3,0,1,(1),(1),1,, -1,1,2,1,50,30,12,2021,18:50,5,59,59350,2,1,0,2,PERRIN JEAN RUE,50.62158,3.0876,18,5,2
202100004569,193Â 611,A01,10,3,1,5,4,-1,-1,9,2,1,2021,62.0,1,1,0,1,2,1,1,,3,3,-1,,2,2,0,1,(1),(1),3,, -1,1,0,3,-1,5,12,2021,18:15,1,974,97414,1,1,0,3,route hubert de lisle,-21.262976,55.451952,18,2,1
202100024358,158Â 141,B01,1,1,2,5,8,-1,-1,0,0,-1,2021,24.0,2,2,0,2,7,15,1,,3,81,0,D,2,2,0,1,3,500,1,, -1,1,5,1,70,14,8,2021,05:30,5,201,201006,1,6,0,3,Rond point U SERENU,41.980581,8.777926,5,3,2
202100054442,104Â 447,B01,1,1,1,5,2,0,-1,-1, -1,-1,2021,33.0,1,1,0,2,1,1,5,,4,PINGUET GUINDON (RUE),0,,1,1,2,1,(1),(1),1,, -1,1,0,1,50,19,1,2021,13:30,1,37,37261,2,1,0,1,PINGUET GUINDON (RUE),47.4140815867,0.6842483018,13,2,2
202100033783,141Â 382,A01,10,3,1,2,0,-1,-1,5,1,1,2021,15.0,2,4,4,1,7,14,1,,4,CHOULANS (DE)                       (CH),0,,3,4,0,2,(1),(1),2,, -1,1,0,4,50,16,6,2021,07:25,1,69,69385,2,1,0,6,CHOULANS (DE) (MO),45.75224,4.81936,7,2,1
202100036892,135Â 754,B01,2,2,2,0,1,-1,-1,0,0,-1,2021,21.0,1,2,0,0,3,1,1,,3,168,-1,,2,2,0,1,60,480,1,,"7,7",1,0,1,80,1,6,2021,18:30,1,79,79351,1,2,0,3,,46.439365,-0.560925,18,3,2
202100018475,168Â 607,A01,1,1,1,5,2,6,9,0,0,-1,2021,25.0,2,1,0,0,0,1,1,,3,6,0,D,2,2,0,1,5,850,3,, -1,9,0,3,80,18,9,2021,18:30,1,28,28357,1,1,0,7,D6,48.536965,1.578013,18,1,1
202100008947,185Â 723,Z01,10,3,2,5,8,8,-1,2,3,1,2021,87.0,1,2,0,1,2,26,1,,3,MENDES FRANCE - BOULEVARD,0,,2,2,0,1,50,0,1,, -1,1,0,1,50,6,11,2021,12:30,1,59,59183,2,1,0,7,MENDES FRANCE - BOULEVARD,51.0399323811,2.4055460257,12,2,1
202100051443,109Â 744,B01,2,1,1,2,0,-1,-1,-1, -1,-1,2021,16.0,2,1,0,2,1,0,0,,7,EOURES (ROUTE D'),0,,2,2,1,2,0,0,1,, -1,1,0,1,50,11,2,2021,18:45,2,13,13005,2,1,0,1,EOURES (ROUTE D'),43.3077738403,5.5503831321,18,2,2
202100052102,108Â 576,A01,1,1,1,0,0,-1,-1,-1, -1,-1,2021,20.0,1,1,0,2,6,1,5,,4,VICTOR AUGAGNEUR                    (QU),0,,1,3,0,1,(1),(1),1,, -1,1,0,1,50,8,2,2021,17:00,1,69,69383,2,2,0,3,VICTOR AUGAGNEUR (Q),45.75624,4.84039,17,2,2
202100040999,128Â 334,B01,1,1,1,5,2,-1,-1,0,0,-1,2021,51.0,1,1,0,9,3,1,5,,2,94,-1,,2,2,0,1,77,755,1,, -1,1,0,3,80,7,5,2021,14:18,1,5,5017,1,1,0,3,RN94 - PK 77-755,44.5739,6.171312,14,2,2
202100029493,149Â 074,B01,1,1,1,0,2,6,-1,0,0,-1,2021,17.0,3,1,0,2,1,1,1,,6,,0,,-1,-1,0,2,(1),(1),1,,5,1,0,1,50,11,7,2021,20:45,1,44,44003,2,2,0,3,Boulevard de la Prairie,47.374276,-1.196802,20,2,2
202100026287,154Â 707,B01,1,1,1,5,2,6,-1,-1, -1,-1,2021,55.0,1,1,0,2,8,1,1,,4,SAINT EXUPERY (AVENUE. 220 A ...),0,,3,2,1,1,(1),(1),1,, -1,1,0,1,50,29,7,2021,19:05,1,62,62193,2,9,0,3,SAINT EXUPERY (AVENUE. 220 A ...),50.94684,1.91367,19,2,2
202100028826,150Â 195,A01,1,1,1,1,1,0,-1,-1, -1,-1,2021,23.0,1,2,8,0,1,1,1,,4,Rue TrÃ©mollet,0,,2,2,0,2,(1),(1),1,, -1,2,0,4,50,16,7,2021,00:25,5,42,42095,2,1,1,6,Rue TrÃ©mollet,45.38344,4.28171,0,1,1
202100026960,153Â 519,A01,1,1,1,5,2,6,-1,-1, -1,-1,2021,32.0,0,1,0,2,1,1,1,,4,PAUL ELUARD (R),0,,1,2,0,1,0,375,1,, -1,1,0,1,50,25,7,2021,19:10,1,94,94018,2,2,0,3,Rue Paul Eluard,48.819873,2.410154,19,2,2
202100014812,175Â 227,B01,1,1,1,0,0,-1,-1,0,0,-1,2021,16.0,1,1,0,2,1,2,5,,4,RETHEL (BOULEVARD DE),0,,2,2,1,1,1,0,1,, -1,2,0,5,50,5,10,2021,13:50,1,14,14118,2,1,1,3,RETHEL (BOULEVARD DE),49.17064,-0.333,13,2,2
202100034776,139Â 550,A01,1,1,1,4,2,6,-1,0,0,-1,2021,48.0,1,1,0,2,3,2,1,,4,QUAI D IVRY,0,,1,4,0,1,0,300,1,, -1,1,2,1,70,12,6,2021,09:25,1,75,75113,2,1,0,2,QUAI D IVRY,48.825791,2.386589,9,2,2
202100009620,184Â 508,A01,10,3,2,9,0,-1,-1,4,3,1,2021,24.0,2,2,0,1,1,15,1,,4,AVENUE ERNEST REYER,0,,2,2,0,1,(1),(1),1,, -1,1,0,1,30,2,11,2021,19:48,5,75,75114,2,2,0,6,AVENUE ERNEST REYER,48.822657,2.322664,19,2,1
202100054297,104Â 705,B01,1,1,1,5,2,-1,-1,0,0,-1,2021,55.0,1,1,0,0,4,2,5,,3,145,0,D,2,2,0,1,(1),(1),3,, -1,1,0,1,70,22,1,2021,16:25,1,59,59258,1,1,0,2,d145,50.526919,3.239679,16,2,2
202100055052,103Â 408,B01,1,1,1,0,1,0,-1,-1, -1,-1,2021,44.0,1,5,0,2,1,1,1,,3,1000,0,,4,3,0,2,1,800,1,0,"10,5",1,0,1,70,14,1,2021,16:15,1,16,16015,1,1,0,6,Boulevard de Bigorre,45.62939,0.13829,16,3,3
202100002522,197Â 269,A01,1,1,1,0,1,-1,-1,0,0,-1,2021,18.0,2,2,0,2,7,1,1,,3,47,0,,2,2,0,2,13,5,3,, -1,7,0,1,80,17,12,2021,16:30,1,43,43137,1,1,0,1,Le Regard,45.266392,4.159849,16,2,2
202100000118,201Â 542,A01,1,1,1,2,2,6,-1,-1, -1,-1,2021,17.0,3,1,0,1,2,17,1,,4,CHASSEURS (RUE DU 16 EME),0,,2,2,0,1,0,0,1,, -1,2,9,1,50,10,11,2021,07:45,2,21,21054,2,1,1,6,CHASSEURS (RUE DU 16 EME),47.02926,4.85145,7,2,1
202100015935,173Â 180,A01,10,3,1,3,0,-1,-1,3,3,1,2021,72.0,3,2,0,1,2,1,1,,4,GEORGES POMPIDOU ( BD),0,,1,1,0,1,0,1,1,, -1,1,6,8,50,29,9,2021,18:24,1,5,5061,2,1,0,6,GEORGES POMPIDOU ( BD),44.555196,6.076422,18,3,1
202100042814,125Â 130,A01,1,1,1,0,8,0,-1,-1, -1,-1,2021,28.0,1,1,0,2,1,2,1,,2,RN4 - SECTION RIVIERA,0,,2,2,0,1,(1),(1),1,, -1,1,0,1,70,22,4,2021,08:40,1,971,97113,1,1,0,2,RN4 - SECTION RIVIERA,16.21773,-61.49067,8,2,2
202100028058,151Â 560,A01,10,3,2,5,0,-1,-1,3,3,2,2021,22.0,2,2,0,1,3,1,1,,3,306,0,D,1,2,0,1,30,300,1,, -1,1,0,8,30,21,7,2021,18:12,2,69,69009,2,1,1,6,FRERES GIRAUDET (DES) (PL),45.935848,4.721825,18,2,1
202100010379,183Â 158,A01,10,3,2,5,0,-1,-1,4,3,1,2021,83.0,1,2,0,1,1,1,1,,3,SALENGRO (AVENUE ROGER),0,,2,4,1,1,0,0,1,, -1,1,0,1,50,28,10,2021,16:25,1,92,92022,2,1,1,6,SALENGRO (AVENUE ROGER),48.81763,2.19644,16,2,1
202100027690,152Â 221,B01,1,1,1,5,8,-1,-1,-1, -1,-1,2021,32.0,1,2,0,2,1,1,1,,4,TONY GARNIER                        (AV),0,,2,6,0,1,(1),(1),1,, -1,1,0,1,50,20,7,2021,12:22,1,69,69387,2,2,0,3,TONY GARNIER (AV),45.72653,4.83074,12,4,2
202100025873,155Â 439,B01,4,2,1,5,1,8,-1,0,0,-1,2021,32.0,2,2,0,2,5,23,1,,4,ROUTE DE LA MUETTE A NEUILLY,0,,1,2,0,1,(1),(1),2,, -1,1,0,1,50,31,7,2021,22:45,5,75,75116,2,3,0,2,ROUTE DE LA MUETTE A NEUILLY,48.864571252,2.2664827108,22,5,2
202100010137,183Â 578,A01,1,1,2,0,1,0,-1,-1, -1,-1,2021,43.0,1,2,0,2,1,1,1,,3,AV FRANCOIS MITTERRAND,0,,-1,1,0,2,0,0,1,, -1,2,1,1,50,30,10,2021,14:20,1,91,91027,2,1,1,2,AV FRANCOIS MITTERRAND,48.71301,2.37119,14,2,2
202100023227,160Â 100,C01,2,2,2,5,1,-1,-1,0,0,-1,2021,53.0,2,2,0,2,1,1,1,,3,1017,0,D,2,2,0,1,6,230,1,, -1,1,0,1,80,22,8,2021,11:45,1,80,80467,1,3,0,3,D1017,49.675099,2.766967,11,5,2
202100043062,124Â 703,A01,10,3,2,5,0,-1,-1,2,1,2,2021,29.0,1,1,0,1,8,1,5,,4,BOULEVARD DE MAGENTA,0,,2,6,2,1,(1),(1),1,, -1,1,-1,5,50,21,4,2021,13:55,1,75,75110,2,1,0,6,BOULEVARD DE MAGENTA,48.869627,2.362034,13,3,1
202100046103,119Â 351,A01,2,2,1,0,1,0,-1,-1, -1,-1,2021,18.0,2,2,13,0,1,16,1,,7,ÃCHANGEUR DU RONDEAU,0,,1,1,0,1,3,500,3,, -1,1,3,8,70,29,3,2021,23:25,3,38,38151,1,1,0,7,Echangeur du Rondeau,45.15904,5.70222,23,2,1
202100028579,150Â 634,B01,1,1,1,5,2,6,-1,0,0,-1,2021,21.0,1,1,0,2,1,1,1,,3,141,0,,2,2,0,4,(1),(1),1,,4,1,0,1,80,17,7,2021,17:00,1,14,14068,1,2,0,2,D141,49.243936,-0.330494,17,3,2
202100016639,171Â 889,A01,1,1,1,0,2,6,-1,-1, -1,-1,2021,23.0,1,1,16,0,7,1,1,,7,DARNETAL. ROUTE DE,0,,2,2,0,1,9,100,1,, -1,2,0,1,80,26,9,2021,03:30,5,76,76429,1,6,0,7,DARNETAL. ROUTE DE,49.4123172891,1.1544024758,3,1,1
202100018412,168Â 713,B01,1,1,1,1,0,-1,-1,-1, -1,-1,2021,35.0,1,1,0,2,1,26,1,,3,VALENTON (AV DE),0,,1,2,0,1,1,0,1,, -1,1,0,1,50,17,9,2021,08:10,1,94,94044,2,6,0,3,Avenue de Valenton,48.74247,2.49119,8,2,2
202100017072,171Â 111,A01,1,1,2,5,2,0,-1,0,0,-1,2021,56.0,2,0,12,2,1,13,3,,4,ROND POINT CHAMPS ELYSEES,0,,2,8,1,2,(1),(1),1,, -1,1,0,5,50,23,9,2021,20:25,5,75,75108,2,7,0,6,ROND POINT CHAMPS ELYSEES,48.8688656098,2.3099139776,20,1,1
202100001306,199Â 429,A01,1,1,2,5,1,-1,-1,0,0,-1,2021,31.0,1,2,10,0,8,13,1,,3,981,-1,,2,2,0,1,45,400,1,, -1,2,2,1,80,27,12,2021,16:35,2,71,71145,1,1,0,6,Route de Cluny,46.5364328659,4.6858385195,16,2,1
202100015305,174Â 353,E01,2,2,2,0,1,0,-1,-1, -1,-1,2021,30.0,2,2,0,2,1,0,1,,1,13,0,,1,3,0,1,6,0,1,, -1,2,0,1,110,3,10,2021,02:55,3,92,92047,1,1,1,5,A13,48.8364383711,2.1847164237,2,8,5
202100031576,145Â 312,A01,1,1,2,5,1,5,-1,0,0,-1,2021,30.0,0,2,9,0,1,1,3,,4,JAURES (RUE JEAN),0,,2,2,0,1,(1),(1),1,, -1,2,0,1,50,29,6,2021,10:30,1,27,27299,2,1,1,7,JAURES (RUE JEAN),49.04992,1.16225,10,1,1
202100019608,166Â 586,A01,10,3,1,-1,0,-1,-1,3,3,1,2021,70.0,0,2,0,1,1,26,0,,4,PAUL DEMANGE (PLACE),0,,2,1,0,1,(1),(1),1,, -1,1,0,1,50,10,9,2021,11:20,1,78,78418,2,9,0,6,PAUL DEMANGE (PLACE),48.906537,2.150983,11,2,1
202100014068,176Â 551,A01,10,3,2,5,0,-1,-1,2,3,1,2021,57.0,1,1,0,1,1,1,1,,2,RN7,-1,,2,2,0,1,(1),(1),1,, -1,2,0,1,50,10,10,2021,21:10,5,978,97801,2,1,1,6,rue de hollande,18.06883,-63.083271,21,2,1
202100044294,122Â 488,B01,1,1,1,9,8,8,-1,0,0,-1,2021,33.0,1,1,0,2,8,19,5,,4,RUE DE CRIMEE,0,,1,1,0,1,(1),(1),1,, -1,1,0,1,50,12,4,2021,08:50,1,75,75119,2,3,0,3,RUE DE CRIMEE,48.888552,2.379224,8,2,2
202100024692,157Â 509,A01,1,1,1,5,2,-1,-1,0,0,-1,2021,23.0,1,1,1,0,1,0,1,,3,25,-1,,2,2,0,3,9,(1),2,, -1,1,0,3,70,11,8,2021,14:00,1,17,17452,1,1,0,6,D25,45.757186,-1.219069,14,1,1
202100044178,122Â 706,A01,1,1,2,3,1,0,-1,-1, -1,-1,2021,30.0,1,2,1,0,2,14,1,,3,GALLIENI (AV.) DE 132 A 186,0,,3,3,0,1,1,0,1,, -1,1,0,1,50,13,4,2021,12:25,1,93,93010,2,1,0,6,GALLIENI (AV.) DE 132 A 186,48.9062280967,2.4836552045,12,2,1
202100054886,103Â 700,A01,1,1,2,0,1,0,-1,-1, -1,-1,2021,86.0,1,2,0,2,2,19,1,,4,BAHINOS (ROUTE DE),0,,2,2,0,1,0,0,1,, -1,2,0,1,50,13,1,2021,18:45,5,64,64024,2,2,1,3,BAHINOS (ROUTE DE),43.49285,-1.51777,18,2,2
202100018015,169Â 427,A01,2,2,2,5,1,0,-1,0,0,-1,2021,20.0,1,2,0,2,1,2,1,,4,PORTE DE CHARENTON,0,,1,4,0,1,34,0,1,, -1,1,1,1,70,18,9,2021,14:10,1,75,75112,2,1,0,4,BD PERIPHERIQUE INTERIEUR,48.830927,2.402991,14,5,3
202100050439,111Â 539,A01,10,3,2,5,0,-1,-1,3,5,3,2021,13.0,1,2,0,1,8,1,1,,3,FRANCES(AVENUE DES),0,,3,2,1,1,0,350,1,, -1,1,0,1,50,19,2,2021,16:30,1,95,95424,2,1,0,6,FRANCES(AVENUE DES),48.9956963477,2.2017139849,16,2,1
202100009716,184Â 332,A01,1,1,1,0,2,8,-1,-1, -1,-1,2021,45.0,2,1,0,0,7,21,1,,1,AUTOROUTE A3,0,,3,6,0,1,7,500,1,, -1,2,0,1,90,3,11,2021,10:00,1,93,93010,1,1,0,7,AUTOROUTE A3,48.90156,2.47004,10,1,1
202100014006,176Â 668,B01,1,1,1,4,2,0,-1,-1, -1,-1,2021,31.0,1,1,0,2,4,15,1,,4,DE ROUX (BD ET IMPASSE),0,,2,2,0,2,0,0,1,, -1,1,0,1,50,9,10,2021,23:15,5,13,13204,2,1,0,2,DE ROUX (BD ET IMPASSE),43.306,5.406,23,2,2
202100054923,103Â 636,A01,10,3,2,9,0,-1,-1,3,3,1,2021,41.0,1,5,0,1,6,4,1,,4,RUE DUBAN,0,,2,2,0,1,(1),(1),1,, -1,1,0,1,50,15,1,2021,10:45,1,75,75116,2,4,0,6,RUE DUBAN,48.857734,2.277563,10,2,1
202100005817,191Â 396,A01,1,1,1,5,2,6,-1,0,0,-1,2021,15.0,2,1,0,2,7,1,1,,3,243,-1,,2,2,0,1,11,250,1,, -1,1,0,1,-1,28,11,2021,15:05,1,53,53189,1,1,0,3,La Petite Basse Cour,48.498372,-0.507356,15,3,2
202100051128,110Â 288,A01,1,1,2,9,1,-1,-1,0,0,-1,2021,53.0,1,2,3,2,2,14,1,,1,13,-1,,3,4,0,1,130,220,1,, -1,1,0,2,130,19,2,2021,17:00,1,27,27340,1,1,0,3,A13,49.364238,0.828652,17,3,2
202100032534,143Â 617,Y01,1,1,2,0,0,-1,-1,0,0,-1,2021,22.0,1,1,0,2,0,0,3,,3,LECLERC (AVENU DE LA DIVISION),0,,3,4,3,1,0,1,1,, -1,2,0,1,50,23,6,2021,09:20,1,93,93013,2,1,1,1,Avenue de la Division Leclerc,48.9300077269,2.4207419157,9,2,2