Num_Acc,id_vehicule,num_veh,place,catu,sexe,trajet,secu1,secu2,secu3,locp,actp,etatp,year_acc,victim_age,senc,catv,obs,obsm,choc,manv,motor,occutc,catr,voie,v1,v2,circ,nbv,vosp,prof,pr,pr1,plan,lartpc,larrout,surf,infra,situ,vma,jour,mois,an,hrmn,lum,dep,com,agg_,int,atm,col,adr,lat,long,hour,nb_victim,nb_vehicules
202100045805,119Â 879,A01,10,3,1,1,0,-1,-1,2,3,1,2021,26.0,3,2,0,1,2,1,0,,3,RHIN ET DANUBE(RUE DU),0,,3,4,0,1,0,0,1,, -1,1,0,1,50,30,3,2021,16:05,1,94,94011,2,1,0,3,RHIN ET DANUBE(RUE DU),48.77179,2.49019,16,2,1
202100012547,179Â 287,A01,10,3,2,3,0,-1,-1,3,3,1,2021,79.0,1,2,0,1,2,2,1,,3,900,0,,2,2,0,1,1,679,1,, -1,1,0,1,50,1,7,2021,14:15,1,50,50236,2,7,0,6,Place du General de Gaulle,49.290412,-1.544003,14,2,1
202100003548,195Â 403,A01,1,1,2,3,8,-1,-1,-1, -1,-1,2021,66.0,3,1,0,1,1,25,3,,4,FRANCIS DE PRESSENSE                (AV),0,,2,2,2,1,(1),(1),1,, -1,2,0,4,50,10,12,2021,17:50,5,69,69259,2,1,0,6,FRANCIS DE PRESSENSE                (AV),45.72098,4.86723,17,2,1
202100016411,172Â 303,A01,1,1,1,0,8,-1,-1,0,0,-1,2021,24.0,1,2,2,0,7,13,1,,3,613,0,,2,3,0,1,72,420,1,, -1,2,0,3,90,29,9,2021,03:15,3,27,27248,1,1,1,6,Route departementale 613,49.151889,0.561097,3,1,1
202100024177,158Â 447,B01,1,1,1,0,6,-1,-1,0,0,-1,2021,39.0,3,1,0,2,1,1,5,,4,,-1,,2,2,0,1,(1),(1),1,,4,1,0,1,30,13,8,2021,20:20,1,25,25058,2,3,0,3,4 rue du stade,47.204908,5.995054,20,2,2
202100040898,128Â 525,B01,1,1,1,9,8,0,-1,-1, -1,-1,2021,23.0,1,1,0,2,0,0,0,,3,RD 200_VACHETTE EXCLUS_CARREFOUR FAIDHER,0,,2,4,0,1,19,0,1,, -1,1,5,1,50,8,5,2021,21:18,1,60,60463,2,2,0,3,carrefour Faidher,49.28366,2.46498,21,2,2
202100033837,141Â 274,A01,1,1,2,9,1,0,-1,-1, -1,-1,2021,85.0,3,2,0,2,3,13,1,,4,PAS NOTRE-DAME (RUE DU),0,,2,2,0,1,(1),(1),1,, -1,1,0,1,50,15,6,2021,21:10,1,37,37261,2,1,0,3,PAS NOTRE-DAME (RUE DU),47.4118877522,0.6962229203,21,2,2
202100052293,108Â 238,A01,10,3,1,0,0,-1,-1,2,3,-1,2021,12.0,3,2,0,1,2,26,1,,4,MARECHAL LECLERC,0,,2,2,0,1,(1),(1),1,, -1,1,0,1,50,3,2,2021,12:30,1,971,97101,2,9,0,6,MARECHAL LECLERC,16.2574,-61.52963,12,2,1
202100039256,131Â 440,B01,1,1,2,0,8,-1,-1,-1, -1,-1,2021,20.0,3,1,0,2,1,1,3,,4,GARIBALDI  (R ),0,,2,2,1,1,(1),(1),1,, -1,2,0,5,30,19,5,2021,16:45,1,69,69387,2,1,1,3,GARIBALDI (R),45.75026,4.85389,16,2,2
202100049492,113Â 288,B01,2,2,2,5,1,0,-1,-1, -1,-1,2021,41.0,2,2,0,2,3,1,1,,3,ANNOEULLIN (ROUTE D'),0,,2,2,0,1,1,900,1,, -1,1,0,1,80,17,2,2021,15:45,1,62,62215,1,1,0,5,ANNOEULLIN (ROUTE D'),50.50758,2.94791,15,4,3
202100045007,121Â 278,A01,2,2,2,5,0,-1,-1,0,0,-1,2021,41.0,2,2,13,0,2,1,1,,3,4,-1,,2,2,0,1,27,530,1,, -1,1,0,3,50,6,4,2021,20:20,2,2,2213,2,9,0,6,Le Libera,49.03114,3.525619,20,4,1
202100035769,137Â 772,A01,10,3,2,9,0,-1,-1,3,3,1,2021,52.0,3,2,0,1,1,16,1,,4,ARDOUIN (AV),0,,1,1,0,1,1,0,1,, -1,1,0,8,50,8,6,2021,09:00,1,94,94059,2,1,0,6,Avenue Ardouin,48.8074475813,2.5756716728,9,2,1
202100022462,161Â 485,A01,10,3,2,0,0,-1,-1,3,3,2,2021,60.0,1,5,0,1,1,1,1,,3,VILLOTE (ALLEES DE),0,,1,4,0,1,(1),(1),1,, -1,1,0,1,30,26,8,2021,10:25,1,9,9122,2,1,0,6,VILLOTE (ALLEES DE),42.96356,1.607167,10,2,1
202100035510,138Â 238,A01,10,3,1,0,0,-1,-1,9,1,2,2021,67.0,3,2,0,1,2,21,1,,4,DELACROIX (RUE EUGENE),0,,2,0,0,1,0,0,1,, -1,1,6,1,20,5,6,2021,15:20,1,28,28085,2,1,0,3,DELACROIX (RUE EUGENE),48.44434,1.48453,15,2,1
202100019350,167Â 044,A01,4,2,2,5,1,0,-1,-1, -1,-1,2021,20.0,1,2,0,2,9,19,1,,3,,0,,-1,2,0,1,1,0,2,, -1,1,9,1,30,12,9,2021,20:05,1,14,14271,1,6,0,3,HARCOURT (ROUTE D'),49.13352,-0.37752,20,5,2
202100002897,196Â 593,A01,10,3,2,5,0,-1,-1,3,3,2,2021,66.0,3,2,0,1,1,26,1,,4,RUE DE LA GARONNE,0,,2,2,0,1,0,0,3,, -1,1,5,1,50,8,12,2021,15:50,1,83,83118,2,6,0,6,RUE DE LA GARONNE,43.4250205857,6.7639651895,15,2,1
202100010940,182Â 171,B01,1,1,2,9,8,0,-1,0,0,-1,2021,42.0,2,1,0,2,0,21,3,,4,BOULEVARD DE SEBASTOPOL,0,,1,3,2,1,(1),(1),1,, -1,1,-1,5,30,25,10,2021,20:35,2,75,75102,2,2,0,6,BOULEVARD DE SEBASTOPOL,48.867031,2.352976,20,2,2
202100005722,191Â 574,A01,1,1,2,0,1,0,-1,-1, -1,-1,2021,23.0,1,2,0,2,2,9,1,,1,AUTOROUTE A6,0,,1,4,0,1,13,800,2,, -1,1,0,1,110,29,11,2021,11:45,1,91,91161,1,1,0,3,AUTOROUTE A6,48.7018,2.3081,11,3,2
202100039737,130Â 552,A01,1,1,1,0,0,-1,-1,0,0,-1,2021,20.0,1,1,0,2,1,0,1,,9,,-1,,1,1,0,1,(1),(1),1,, -1,1,0,1,30,16,5,2021,10:35,1,6,6161,1,4,0,3,14 AllÃ©e de la Tour de la Madone,43.634673,7.113137,10,2,2
202100049290,113Â 656,A01,4,2,2,5,8,0,-1,-1, -1,-1,2021,33.0,2,2,0,2,1,2,1,,3,MAXIME GORKI (BOULEVARD) DES NÂ°1 AU 87,0,,3,5,3,1,0,1,1,, -1,2,0,1,50,4,3,2021,21:20,5,93,93072,2,1,1,2,MAXIME GORKI (BOULEVARD) DES NÂ°1 AU 87,48.9481400368,2.3862178413,21,4,2
202100007849,187Â 706,A01,1,1,1,1,2,6,-1,0,0,-1,2021,30.0,2,1,0,2,2,17,1,,4,AVENUE JEAN JAURES,0,,2,2,0,1,(1),(1),1,, -1,1,0,1,30,16,11,2021,06:19,5,75,75119,2,2,0,3,AVENUE JEAN JAURES,48.887783,2.389279,6,2,2
202100046887,117Â 962,A01,10,3,2,5,0,-1,-1,8,2,1,2021,85.0,3,5,0,1,4,26,1,,9,HAVRE. QUAI (BAS) DU,0,,2,1,3,1,38,0,1,, -1,2,6,6,10,16,3,2021,11:55,1,76,76540,2,1,1,7,HAVRE. QUAI (BAS) DU,49.43925,1.08598,11,2,1
202100054363,104Â 589,A01,2,2,1,4,1,0,-1,-1, -1,-1,2021,48.0,1,5,0,2,2,1,1,,4,CORNEILLES (BD DES),0,,2,2,0,1,0,0,1,, -1,2,5,1,50,19,1,2021,11:10,1,94,94068,2,2,1,3,CORNEILLES (BD DES),48.785,2.492,11,3,2
202100002793,196Â 775,A01,1,1,2,5,8,0,-1,0,0,-1,2021,33.0,3,1,0,0,0,25,3,,4,QUAI BRANLY,0,,2,5,1,1,(1),(1),1,, -1,1,0,4,30,14,12,2021,23:10,2,75,75107,2,1,0,7,QUAI BRANLY,48.858517,2.292757,23,2,1
202100048783,114Â 569,A01,1,1,1,9,2,0,-1,0,0,-1,2021,56.0,1,1,0,2,1,1,1,,4,RUE DU BOCCADOR,0,,2,2,0,2,(1),(1),1,, -1,1,0,1,50,8,3,2021,12:35,1,75,75108,2,2,0,3,RUE DU BOCCADOR,48.867239,2.301949,12,2,2
202100027006,153Â 446,A01,1,1,1,0,8,-1,-1,0,0,-1,2021,37.0,1,2,0,2,1,13,1,,3,974,-1,,2,2,0,1,9,800,1,, -1,1,0,1,70,26,7,2021,22:15,3,21,21492,1,1,0,1,D974,47.009527,4.80934,22,3,2
202100022725,160Â 979,A01,1,1,1,0,2,6,-1,0,0,-1,2021,30.0,1,1,0,2,2,17,1,,3,CHATILLON ST JEAN (ROUTE DE),0,,2,1,0,1,2,480,1,, -1,1,0,1,80,13,8,2021,18:45,1,26,26281,1,3,1,3,1856 Route de Chatillon Saint Jean,45.063644,5.088755,18,2,2
202100007386,188Â 555,A01,10,3,1,0,0,-1,-1,4,3,1,2021,31.0,2,5,0,1,1,19,1,,2,21,0,,2,2,0,1,31,900,1,, -1,1,0,1,50,19,11,2021,20:00,5,32,32286,2,1,0,6,Route d Agen,43.793549,0.630504,20,2,1
202100055177,103Â 188,A01,1,1,2,1,8,0,-1,-1, -1,-1,2021,23.0,1,1,0,0,0,1,5,,4,ESTIENNE D'ORVES BOULEVARD,0,,-1,2,0,1,1,0,1,, -1,1,0,1,50,12,1,2021,17:09,2,49,49007,2,1,0,7,ESTIENNE D'ORVES BOULEVARD,47.4597530994,-0.5204636418,17,1,1
202100012907,178Â 657,A01,1,1,1,9,1,-1,-1,0,0,-1,2021,32.0,2,2,0,2,1,0,1,,3,10,-1,,2,2,3,1,110,200,2,,7,1,0,1,70,16,10,2021,06:50,5,33,33253,1,1,1,5,84 Route de Saint-Macaire,44.612429,-0.30044,6,3,3
202100051772,109Â 158,CA01,10,3,2,0,8,8,-1,1,2,1,2021,18.0,1,2,0,1,1,26,1,,3,ENTRE DEUX (CHEMIN) CD26,0,,2,2,0,2,0,0,1,, -1,1,2,1,50,11,2,2021,16:30,1,974,97416,1,1,0,6,ENTRE DEUX (CHEMIN) CD26,-21.2767446678,55.4662907124,16,2,1
202100025298,156Â 440,A01,1,1,1,5,2,6,-1,-1, -1,-1,2021,36.0,1,1,0,2,0,0,1,,4,RUE DES VIGNES,0,,1,1,0,1,(1),(1),1,, -1,1,0,1,50,6,8,2021,19:25,1,33,33063,2,2,0,3,Rue du Hamel,44.83155,-0.56602,19,2,2
202100034928,139Â 275,B01,2,2,2,0,2,0,-1,-1, -1,-1,2021,33.0,1,1,0,2,5,1,1,,4,CREQUI (DE)                         (R ),0,,1,2,0,1,(1),(1),1,, -1,1,0,1,50,11,6,2021,09:00,1,69,69383,2,2,0,6,CREQUI (DE) (R),45.76034,4.84766,9,2,1
202100010507,182Â 942,A01,1,1,2,5,2,0,-1,-1, -1,-1,2021,54.0,3,0,0,2,1,26,3,,3,BAYONNE DE,0,,2,4,0,1,0,0,3,, -1,1,9,1,50,27,10,2021,16:50,1,64,64129,2,6,0,3,65 Route de Bayonne,43.30489,-0.40188,16,2,2
202100030606,147Â 045,B01,1,1,1,1,1,0,-1,-1, -1,-1,2021,42.0,1,2,0,2,0,0,1,,3,LAMAZE DOCTEUR,0,,2,8,0,2,0,1,1,, -1,2,0,1,50,5,7,2021,07:45,1,93,93066,1,1,1,2,LAMAZE DOCTEUR,48.93582,2.37219,7,2,2
202100028599,150Â 596,A01,10,3,2,5,0,-1,-1,3,3,1,2021,18.0,1,2,0,1,1,1,1,,3,D 802,0,,2,2,0,1,0,0,1,, -1,1,0,1,70,16,7,2021,12:50,1,64,64237,1,1,0,6,D 802,43.279015,-0.375759,12,2,1
202100042794,125Â 166,A01,3,2,1,9,1,0,-1,-1, -1,-1,2021,9.0,1,2,0,2,1,1,1,,1,6,0,,3,7,0,1,28,0,1,, -1,1,0,1,110,24,4,2021,08:00,1,91,91340,1,1,0,1,AUTOROUTE A6,48.60739,2.43548,8,3,2
202100024355,158Â 146,A01,1,1,1,5,2,6,-1,0,0,-1,2021,55.0,2,1,0,0,0,14,1,,3,79,0,D,2,2,0,1,27,574,2,, -1,1,0,3,80,13,8,2021,18:30,1,76,76291,1,1,0,7,D79,49.710446,0.338806,18,1,1
202100018578,168Â 426,B01,1,1,1,1,2,0,-1,-1, -1,-1,2021,40.0,1,1,0,2,8,1,1,,7,AV DU GENERAL EISENHOWER,0,,2,5,0,2,0,949,1,, -1,1,0,1,50,16,9,2021,17:32,1,31,31555,2,9,0,3,AV DU GENERAL EISENHOWER,43.55888,1.39861,17,2,2
202100001590,198Â 966,B01,1,1,1,1,2,6,-1,-1, -1,-1,2021,51.0,2,1,0,2,1,1,1,,3,MARTYRS DU PONT LONG DES,0,,2,2,2,1,30,790,1,, -1,1,0,1,50,22,12,2021,08:00,2,64,64445,2,3,0,3,Avenue des Martyrs du Pont-Long,43.34507,-0.37977,8,2,2
202100027598,152Â 392,B01,1,1,2,3,2,-1,-1,0,0,-1,2021,72.0,2,1,0,2,4,15,5,,3,65,-1,,2,2,0,1,58,760,1,, -1,1,0,1,90,23,7,2021,11:30,1,52,52365,1,2,0,2,D65,48.063992,4.946852,11,2,2
202100034097,140Â 816,A01,1,1,1,1,2,0,-1,0,0,-1,2021,36.0,1,1,0,2,1,1,5,,4,BOULEVARD ARAGO,0,,2,4,1,2,(1),(1),1,, -1,1,0,5,30,15,6,2021,18:05,1,75,75113,2,2,0,3,BOULEVARD ARAGO,48.835632,2.348287,18,2,2
202100033842,141Â 266,B01,1,1,1,0,8,-1,-1,-1, -1,-1,2021,22.0,2,1,0,2,1,1,1,,4,TIVOLI (AVE DE),0,,2,2,0,1,(1),(1),1,, -1,2,0,1,50,17,6,2021,21:00,4,33,33069,2,2,1,3,Avenue de Tivoli,44.8705755458,-0.5982824929,21,2,2
202100045324,120Â 717,B01,1,1,2,3,1,-1,-1,0,0,-1,2021,37.0,3,2,0,2,4,1,1,,3,943,0,,2,2,0,1,29,176,1,, -1,1,0,1,70,3,4,2021,15:00,1,89,89206,1,1,0,4,D943,47.971422,3.431275,15,3,3
202100052944,107Â 087,A01,1,1,1,4,1,-1,-1,0,0,-1,2021,39.0,2,4,0,2,1,2,1,,1,63,-1,,3,4,0,1,27,920,1,, -1,2,0,1,90,2,2,2021,11:11,1,33,33284,1,1,0,2,,44.605398,-0.849119,11,2,2
202100008463,186Â 611,B01,1,1,1,0,2,0,-1,-1, -1,-1,2021,18.0,1,1,0,2,0,0,1,,7,XX EME CORPS AMERICAIN,0,,2,2,0,1,0,0,1,, -1,1,0,1,50,10,11,2021,19:35,5,57,57463,2,2,0,3,XX EME CORPS AMERICAIN,49.10009,6.16233,19,2,2
202100041038,128Â 259,B01,2,2,2,5,2,6,-1,-1, -1,-1,2021,59.0,1,1,0,2,4,1,1,,1,A570,0,,3,4,0,1,0,787,1,, -1,1,0,1,110,4,5,2021,14:55,1,83,83062,1,1,0,2,A570,43.140224,6.038904,14,3,2
202100041127,128Â 095,B01,2,2,2,5,1,0,-1,-1, -1,-1,2021,20.0,3,2,0,2,5,2,1,,2,RN 102,0,,2,2,0,1,41,500,1,, -1,1,0,1,80,6,5,2021,08:20,1,7,7019,1,1,0,2,RN 102,44.62917,4.3807,8,3,2
202100004469,193Â 780,A01,2,2,1,1,1,-1,-1,0,0,-1,2021,50.0,2,2,4,0,0,2,1,,1,,-1,A,3,0,0,2,55,50,1,,0,4,0,1,130,6,12,2021,15:35,1,62,62894,1,1,1,6,A16,50.75826,1.632219,15,2,1
202100026398,154Â 508,B01,2,2,2,5,1,-1,-1,0,0,-1,2021,33.0,2,2,0,2,1,1,1,,3,20,-1,,2,2,0,1,12,863,3,, -1,1,0,1,80,30,7,2021,15:20,1,1,1202,1,1,0,1,D20 PK 12+920,45.856752,5.302899,15,3,2
202100029376,149Â 266,B01,1,1,1,9,2,6,-1,0,0,-1,2021,41.0,2,1,0,2,1,1,1,,3,405,-1,,2,2,0,1,0,280,1,, -1,1,0,1,50,20,7,2021,14:55,1,7,7181,2,3,0,1,Avenue Jean JaurÃ¨s,44.746246,4.748395,14,2,2
202100001396,199Â 274,A01,7,2,2,5,1,-1,-1,0,0,-1,2021,17.0,1,2,2,0,1,1,1,,3,7,0,D,-1,2,0,1,38,148,1,, -1,2,9,3,80,26,12,2021,22:50,3,62,62712,1,2,1,6,D7,50.224916,2.680374,22,4,1
202100029048,149Â 815,A01,1,1,1,5,2,-1,-1,0,0,-1,2021,38.0,1,1,3,0,2,1,1,,3,620,0,,2,2,0,1,30,30,2,, -1,1,0,3,80,15,7,2021,00:40,3,11,11426,1,1,0,6,cd 620 villegly,43.276038,2.426471,0,1,1
202100008370,186Â 770,B01,1,1,1,4,2,6,-1,0,0,-1,2021,36.0,1,1,0,2,1,18,1,,4,RUE DE LA VICTOIRE,0,,1,2,2,1,(1),(1),1,, -1,1,0,1,30,12,11,2021,12:05,1,75,75109,2,2,0,3,RUE DE LA VICTOIRE,48.875267,2.332331,12,2,2
202100005470,192Â 009,A01,10,3,1,3,0,0,0,3,3,1,2021,73.0,1,2,0,1,2,1,1,,3,1205,-1,,2,2,3,1,22,500,1,, -1,1,9,6,50,7,9,2021,14:40,1,74,74042,2,1,0,6,Pl de l Hotel de Ville,46.077391,6.408237,14,2,1
202100016059,172Â 944,A01,10,3,1,0,0,-1,-1,3,3,1,2021,62.0,1,2,0,1,3,15,1,,7,LANGEVIN (RUE PAUL),0,,1,1,0,2,0,20,2,, -1,1,0,1,30,28,9,2021,08:30,1,42,42183,2,7,0,6,Rue Paul Langevin,45.4039950682,4.3672347106,8,2,1
202100006409,190Â 346,A01,1,1,1,4,1,0,-1,-1, -1,-1,2021,36.0,2,4,0,2,1,5,1,,3,RD 621,0,,2,2,0,1,(1),(1),1,, -1,1,0,1,90,10,11,2021,15:40,1,59,59334,1,1,0,3,RD 621,50.3949762024,3.0385378003,15,2,2
202100024751,157Â 406,B01,10,3,1,5,0,-1,-1,2,3,1,2021,39.0,0,2,0,2,4,23,0,,4,LAC (RTE DU),0,,2,2,0,1,(1),(1),1,, -1,1,0,1,30,10,8,2021,19:25,1,33,33529,2,1,0,2,Route du Lac,44.52731,-1.17088,19,3,2
202100038991,131Â 942,A01,10,3,1,2,0,-1,-1,4,3,1,2021,11.0,1,2,0,1,1,19,1,,3,BRANLY BD EDOUARD,0,,2,2,0,1,0,0,1,, -1,1,0,1,50,20,5,2021,08:45,1,93,93063,2,2,0,1,BRANLY BD EDOUARD,48.87322,2.44013,8,2,1
202100042481,125Â 688,A01,2,2,2,0,1,8,-1,-1, -1,-1,2021,48.0,2,2,0,2,4,23,0,,4,,0,,3,4,0,1,(1),(1),1,, -1,1,0,1,50,26,4,2021,16:52,1,25,25056,2,1,0,2,CHURCHILL BD WINSTON,47.25008,6.00458,16,3,2
202100015689,173Â 625,A01,2,2,1,5,1,-1,-1,0,0,-1,2021,20.0,0,2,0,0,9,1,1,,3,9,0,,2,2,0,1,(1),(1),3,, -1,2,0,1,70,25,9,2021,19:20,2,28,28378,1,1,1,7,D9,48.279844,0.851057,19,2,1
202100038158,133Â 445,A01,1,1,1,1,2,8,-1,-1, -1,-1,2021,31.0,2,1,0,2,3,17,1,,7,GASQUET (AVE JOSEPH DE 1408 A FIN,0,,3,2,0,1,32,790,1,, -1,1,8,1,50,26,5,2021,07:10,1,83,83137,2,3,0,1,BLANCHARD (IMP DU DOCTEUR),43.12204,5.97352,7,2,2
202100014639,175Â 546,A01,1,1,1,1,2,6,-1,0,0,-1,2021,20.0,2,1,0,2,1,17,1,,4,BOULEVARD DE LA VILLETTE,0,,3,2,0,1,(1),(1),1,, -1,1,0,1,30,7,10,2021,16:00,1,75,75110,2,2,0,3,BOULEVARD DE LA VILLETTE,48.882624,2.369965,16,3,2
202100044084,122Â 878,A01,1,1,1,5,0,-1,-1,0,0,-1,2021,16.0,2,1,0,2,8,19,1,,4,,-1,,2,2,0,1,(1),(1),1,, -1,1,0,1,50,15,4,2021,15:32,1,39,39491,2,2,0,3,,46.399085,5.790406,15,2,2
202100035839,137Â 641,B01,1,1,2,5,2,-1,-1,0,0,-1,2021,13.0,3,1,0,0,8,19,5,,7,,-1,,2,3,0,1,(1),(1),1,,9,1,0,1,30,8,6,2021,18:00,1,69,69204,2,2,0,3,8 MAI 1945 (DU) (AV),45.698012,4.794631,18,2,2
202100018982,167Â 703,A01,1,1,1,9,2,0,-1,0,0,-1,2021,26.0,2,1,0,2,9,1,1,,4,BOULEVARD PONIATOWSKI,0,,3,2,0,1,(1),(1),1,, -1,1,0,1,50,13,9,2021,00:15,5,75,75112,2,1,0,4,BOULEVARD PONIATOWSKI,48.830712,2.395276,0,6,3
202100024757,157Â 395,B01,1,1,1,0,1,0,-1,-1, -1,-1,2021,29.0,1,5,8,2,1,1,1,,4,PEYSONNEL (RUE),0,,1,1,1,1,0,0,1,, -1,1,0,1,50,9,8,2021,05:15,2,13,13202,2,2,0,3,PEYSONNEL (RUE),43.31136,5.37046,5,2,2
202100015501,173Â 993,A01,1,1,2,5,8,0,-1,-1, -1,-1,2021,48.0,3,1,0,2,1,2,3,,4,THOMAS (AVENUE ALBERT),0,,2,2,0,1,0,0,1,, -1,1,0,1,50,30,9,2021,18:08,1,87,87085,2,1,0,2,THOMAS (AVENUE ALBERT),45.83642,1.24267,18,2,2
202100020580,164Â 845,A01,1,1,1,5,2,8,-1,-1, -1,-1,2021,33.0,1,1,0,2,1,13,1,,4,VAILLANT COUTURIER (R),0,,2,2,0,1,1,0,1,, -1,1,0,1,50,1,9,2021,21:30,3,94,94002,2,1,0,1,VAILLANT COUTURIER (R),48.80422,2.41998,21,2,2
202100018404,168Â 728,A01,1,1,1,5,2,0,-1,0,0,-1,2021,16.0,2,1,0,2,7,5,5,,4,AVENUE DE VERSAILLES,0,,1,3,3,1,(1),(1),1,, -1,1,0,6,30,16,9,2021,13:00,1,75,75116,2,4,0,1,AVENUE DE VERSAILLES,48.8395749791,2.2626918162,13,2,2
202100029354,149Â 299,A01,2,2,2,5,1,-1,-1,0,0,-1,2021,17.0,1,2,6,0,2,1,1,,7,94,0,,2,2,0,2,22,631,1,, -1,1,0,3,80,7,7,2021,15:15,1,31,31163,1,1,0,6,D94,43.579108,1.601509,15,2,1
202100047483,116Â 889,A01,10,3,1,5,0,-1,-1,8,3,1,2021,82.0,3,2,0,1,4,20,1,,4,FAVRE (RUE),0,,2,2,0,1,(1),(1),1,, -1,2,0,1,-1,22,1,2021,16:00,1,73,73065,2,1,1,6,FAVRE (RUE),45.5668,5.92065,16,2,1
202100022285,161Â 798,B01,1,1,1,4,2,0,-1,-1, -1,-1,2021,40.0,3,1,0,2,8,1,3,,4,LAZARE CARNOT (RUE),0,,2,2,0,1,(1),(1),1,, -1,1,0,1,50,26,8,2021,11:15,1,10,10081,2,1,0,3,LAZARE CARNOT (RUE),48.31496,4.051234,11,2,2
202100040754,128Â 762,B01,7,2,2,0,1,0,-1,-1, -1,-1,2021,80.0,0,3,0,2,1,1,1,2.0,4,MITTERRAND FRANCOIS (AVENUE),0,,2,5,3,1,0,0,1,, -1,1,5,1,50,6,5,2021,09:10,1,30,30189,2,6,0,3,MITTERRAND FRANCOIS (AVENUE),43.8115,4.3667,9,3,2
202100019683,166Â 463,A01,1,1,1,1,2,6,-1,-1, -1,-1,2021,24.0,3,1,0,2,1,1,1,,4,MAGUDAS (AVE DE),0,,2,2,2,1,(1),(1),1,, -1,1,0,1,50,10,9,2021,06:45,5,33,33281,2,9,0,3,Avenue de Magudas,44.8572300001,-0.65897,6,2,2
202100011035,181Â 994,B01,2,2,1,0,8,6,-1,-1, -1,-1,2021,34.0,2,1,0,2,7,1,1,,1,AUTOROUTE A86,0,,1,3,0,1,28,200,1,, -1,2,0,1,90,25,10,2021,08:50,1,93,93064,1,1,1,5,AUTOROUTE A86,48.86718,2.48166,8,4,3
202100035013,139Â 115,B01,1,1,1,5,2,6,-1,-1, -1,-1,2021,27.0,2,1,0,2,4,3,1,,2,NORMANDIE (PORTE DE),0,,3,6,0,1,25,264,1,, -1,1,0,1,90,11,6,2021,17:08,1,35,35051,1,1,0,2,NORMANDIE (PORTE DE),48.14928,-1.61099,17,2,2
202100003451,195Â 587,A01,2,2,1,5,1,8,-1,-1, -1,-1,2021,20.0,1,2,1,2,2,18,1,,3,AV DE VERSAILLES,0,,3,4,0,1,1,0,1,, -1,1,0,1,50,10,12,2021,22:25,5,94,94073,2,1,0,3,Avenue de Versailles,48.75774,2.39007,22,3,2
202100003023,196Â 377,A01,1,1,1,5,1,-1,-1,0,0,-1,2021,78.0,3,2,15,0,3,1,1,,4,,0,,2,1,0,1,(1),(1),3,,3,2,0,1,90,16,12,2021,16:20,1,3,3008,1,1,0,6,lieu dit riboulet,46.030875,3.569967,16,1,1
202100039939,130Â 198,B01,4,2,1,5,1,0,-1,-1, -1,-1,2021,6.0,2,2,0,2,3,1,1,,4,STUART (BOULEVARD MARIE),0,,3,2,0,1,(1),(1),1,, -1,1,0,1,50,14,5,2021,15:25,1,45,45234,2,3,0,3,Boulevard Marie Stuart,47.912552,1.915658,15,6,2
202100028526,150Â 728,B01,2,2,2,0,1,-1,-1,0,0,-1,2021,47.0,1,2,0,0,3,15,1,,2,10,0,T,2,2,0,1,51,50,3,,7,1,0,1,80,17,7,2021,17:26,1,201,201092,1,1,0,3,RT10,41.727543,9.401943,17,3,2
202100048334,115Â 358,A01,9,2,1,5,1,-1,-1,0,0,-1,2021,20.0,2,2,13,0,0,0,1,,3,534,-1,,2,2,0,1,27,400,4,, -1,1,0,8,80,12,3,2021,23:45,3,7,7129,1,1,0,7,route dÃ©partementale 534,44.995014,4.601676,23,3,1
202100010808,182Â 412,A01,1,1,2,0,1,-1,-1,0,0,-1,2021,72.0,1,2,0,2,2,1,1,,3,1,-1,D,2,2,0,1,4,750,1,,7,1,0,1,90,27,10,2021,15:00,1,88,88104,1,1,1,2,D1,48.307926,5.690024,15,2,2
202100013113,178Â 305,A01,1,1,1,5,8,0,-1,0,0,-1,2021,24.0,3,1,0,0,1,21,3,,4,PLACE LACHAMBEAUDIE,0,,1,2,3,1,(1),(1),2,, -1,1,0,1,30,15,10,2021,06:50,5,75,75112,2,7,0,7,PLACE LACHAMBEAUDIE,48.835901,2.386498,6,1,1
202100007847,187Â 710,Z01,10,3,2,9,8,8,-1,4,3,1,2021,30.0,3,5,0,1,1,16,0,,4,RUE DE LA CROIX SAINT SIMON,0,,2,2,0,1,(1),(1),1,, -1,1,0,1,30,16,11,2021,08:20,1,75,75120,2,4,0,6,RUE DE LA CROIX SAINT SIMON,48.85584,2.410089,8,2,1
202100041946,126Â 644,A01,1,1,1,0,2,8,-1,-1, -1,-1,2021,38.0,1,1,0,2,3,18,1,,3,KENNEDY (AVENUE DU PRESIDENT),0,,2,2,0,1,1,0,1,, -1,1,0,1,50,30,4,2021,20:00,1,93,93064,2,1,0,3,KENNEDY (AVENUE DU PRESIDENT),48.87821,2.48857,20,2,2
202100051574,109Â 509,A01,1,1,1,5,1,-1,-1,0,0,-1,2021,53.0,2,2,0,2,1,10,1,,2,21,0,,2,0,0,2,37,573,1,, -1,1,0,1,80,13,2,2021,15:46,1,65,65286,1,1,0,3,Route de Tarbes,43.11867,-0.03085,15,5,2
202100008833,185Â 951,A01,1,1,1,0,2,8,-1,-1, -1,-1,2021,48.0,2,1,0,9,1,12,1,,1,AUTOROUTE A86,0,,1,2,0,1,9,0,1,, -1,1,9,1,90,9,11,2021,09:45,1,92,92036,1,9,0,6,AUTOROUTE A86,48.9385170499,2.300017589,9,1,1