Num_Acc,id_vehicule,num_veh,place,catu,sexe,trajet,secu1,secu2,secu3,locp,actp,etatp,year_acc,victim_age,senc,catv,obs,obsm,choc,manv,motor,occutc,catr,voie,v1,v2,circ,nbv,vosp,prof,pr,pr1,plan,lartpc,larrout,surf,infra,situ,vma,jour,mois,an,hrmn,lum,dep,com,agg_,int,atm,col,adr,lat,long,hour,nb_victim,nb_vehicules
202100004094,194Â 422,B01,1,1,1,0,2,0,-1,-1, -1,-1,2021,22.0,3,0,0,2,1,1,3,,4,SAINT VINCENT RUE,0,,2,1,0,1,0,0,1,, -1,1,0,1,50,6,12,2021,12:10,1,9,9225,2,1,0,2,SAINT VINCENT RUE,43.11175,1.60795,12,2,2
202100006213,190Â 704,B01,1,1,1,0,8,-1,-1,-1, -1,-1,2021,58.0,3,1,0,2,1,0,3,,4,AMBROISE CROIZAT                    (BD),0,,1,2,0,1,(1),(1),1,, -1,1,0,6,50,24,11,2021,17:15,2,69,69259,2,9,0,1,AMBROISE CROIZAT (BD),45.70239,4.88774,17,2,2
202100025310,156Â 416,A01,10,3,1,0,0,-1,-1,2,3,2,2021,4.0,1,1,0,1,5,1,1,,7,MADRAGUE VILLE (chemin de la),0,,2,2,0,1,0,0,1,, -1,1,0,1,50,6,8,2021,17:25,1,13,13215,2,1,0,3,MADRAGUE VILLE (chemin de la),43.32136,5.36494,17,2,1
202100046374,118Â 877,A01,1,1,2,9,1,0,-1,0,0,-1,2021,55.0,3,2,11,0,9,1,1,,4,ALLEE DU BORD DE L EAU,0,,2,4,0,1,(1),(1),1,, -1,1,0,1,50,25,3,2021,20:55,5,75,75116,2,3,0,6,ALLEE DU BORD DE L EAU,48.852872,2.226322,20,1,1
202100010007,183Â 814,A01,4,2,2,0,1,-1,-1,-1, -1,-1,2021,29.0,1,2,0,2,1,2,1,,7,PAIX (AVENUE DE LA),0,,3,2,0,1,9,260,3,, -1,2,0,1,30,31,10,2021,14:45,1,83,83062,2,6,0,2,PAIX (AVENUE DE LA),43.12918,6.01191,14,7,2
202100053103,106Â 812,A01,1,1,1,0,2,6,9,0,0,-1,2021,25.0,2,1,3,0,0,1,1,,7,2089,0,,2,2,0,1,70,800,2,, -1,2,0,3,80,31,1,2021,11:12,1,63,63345,1,1,0,7,D2089 PK 70+800,45.7063663266,3.0332496223,11,1,1
202100043102,124Â 633,A01,1,1,1,9,1,-1,-1,0,0,-1,2021,35.0,2,2,13,0,1,1,1,,3,1250,0,D,2,2,0,1,14,433,1,, -1,1,0,3,70,22,4,2021,16:00,1,33,33122,1,1,0,6,55 Av du Mal de Lattre de Tassigny,44.770594,-0.715892,16,1,1
202100050709,111Â 050,B01,1,1,1,3,2,6,-1,0,0,-1,2021,57.0,1,1,0,2,1,2,1,,3,613,0,,2,2,0,2,(1),(1),1,, -1,1,0,1,50,22,2,2021,15:30,1,14,14663,2,2,0,2,Boulevard Winston Churchill,49.284653,-0.695711,15,3,2
202100019289,167Â 157,A01,1,1,2,5,2,6,-1,0,0,-1,2021,17.0,2,1,0,2,1,2,1,,3,1250,0,D,2,1,0,1,24,650,1,, -1,1,0,1,50,12,9,2021,18:50,1,33,33555,2,1,0,2,1 Boulevard des Girondins Crx d Hins,44.712335,-0.816277,18,2,2
202100000374,201Â 041,A01,10,3,1,0,-1,-1,-1,2,B,1,2021,71.0,3,3,0,1,1,1,6,,4,,-1,,2,-1,-1,1,(1),(1),-1,, -1,-1,4,-1,50,24,3,2021,09:16,2,57,57757,2,8,-1,6,,49.359758,6.210473,9,2,1
202100045869,119Â 766,A01,10,3,2,2,0,-1,-1,3,3,1,2021,15.0,0,3,0,1,2,1,1,1.0,4,,-1,,2,2,0,3,(1),(1),1,, -1,1,0,1,30,26,3,2021,07:45,1,89,89206,2,1,0,6,7 Boulevard de Godalming,47.976243,3.422302,7,2,1
202100034265,140Â 494,A01,1,1,1,5,2,6,-1,-1, -1,-1,2021,60.0,2,1,0,2,1,2,1,,3,DUPUY (AVENUE CHARLES),0,,2,2,0,1,59,390,1,, -1,1,0,1,50,14,6,2021,15:50,1,43,43041,2,1,0,2,26 Avenue Charles Dupuy,45.04745,3.92501,15,2,2
202100030972,146Â 386,B01,1,1,2,0,1,0,-1,-1, -1,-1,2021,27.0,1,5,0,2,3,0,1,,1,AUTOROUTE A1,0,,3,6,0,2,2,900,3,, -1,2,2,1,70,4,7,2021,06:10,3,93,93066,1,1,1,5,AUTOROUTE A1,48.9287391267,2.3587736587,6,4,3
202100003189,196Â 069,B01,1,1,2,5,8,-1,-1,0,0,-1,2021,37.0,2,2,0,2,2,1,1,,3,49,-1,,2,2,0,1,5,580,1,, -1,7,0,1,50,14,12,2021,20:41,5,25,25627,2,1,0,6,2 grande rue,46.902731,6.044937,20,2,2
202100002276,197Â 715,A01,10,3,2,3,0,-1,-1,2,1,2,2021,70.0,2,2,0,1,2,1,1,,4,R PAUL BERT ,0,,1,1,0,1,1,0,1,, -1,1,0,1,30,18,12,2021,10:25,1,94,94052,2,1,0,6,Rue Paul Bert,48.8399,2.48108,10,2,1
202100035554,138Â 159,B01,1,1,1,5,8,0,-1,0,0,-1,2021,33.0,1,1,0,2,7,1,5,,4,RUE DE TURBIGO,0,,1,4,1,1,(1),(1),1,, -1,1,0,1,30,8,6,2021,09:55,1,75,75103,2,2,0,3,RUE DE TURBIGO,48.865459,2.356117,9,2,2
202100007960,187Â 502,A01,10,3,1,5,0,-1,-1,2,3,1,2021,55.0,1,2,0,1,1,1,1,,4,CHAMPIGNY (R DE),0,,-1,2,0,1,1,0,1,, -1,1,0,1,50,14,11,2021,16:00,1,94,94071,2,1,0,6,Rue de Champigny,48.7728691767,2.510612011,16,2,1
202100038602,132Â 637,A01,2,2,2,5,1,-1,-1,-1, -1,-1,2021,26.0,1,2,9,2,6,14,1,,4,TONY GARNIER                        (AV),0,,3,6,0,1,(1),(1),1,, -1,1,0,3,50,23,5,2021,21:50,5,69,69387,2,1,0,2,TONY GARNIER                        (AV),45.72635,4.83474,21,3,2
202100023104,160Â 313,A01,1,1,1,5,2,6,-1,-1, -1,-1,2021,61.0,2,1,0,2,2,2,1,,2,CANADIENS (AVENUE DES)  RN27,0,,3,4,0,1,48,800,1,, -1,1,0,1,50,21,8,2021,11:20,1,76,76217,2,1,0,2,Avenue des Canadiens,49.908,1.077,11,4,2
202100049093,114Â 001,A01,1,1,1,9,1,8,-1,-1, -1,-1,2021,44.0,1,2,0,2,1,13,2,,3,ROCADE SUD (RD 824),0,,2,2,0,1,34,0,1,, -1,1,0,1,80,26,2,2021,19:30,3,40,40281,1,1,0,1,ROCADE SUD (RD 824),43.87126,-0.51839,19,2,2
202100048095,115Â 784,A01,1,1,2,3,1,5,-1,0,0,-1,2021,64.0,1,2,2,0,1,0,1,,3,117,-1,,2,2,0,2,72,345,2,, -1,1,0,1,50,2,3,2021,12:00,1,9,9246,2,1,0,7,D117,42.994376,1.278298,12,1,1
202100053411,106Â 251,A01,1,1,2,0,1,0,-1,-1, -1,-1,2021,37.0,1,2,0,2,1,2,1,,1,AUTOROUTE A86,0,,3,4,0,3,53,0,1,, -1,1,0,1,70,28,1,2021,14:05,1,92,92002,1,1,0,6,AUTOROUTE A86,48.761,2.295,14,1,1
202100040158,129Â 817,A01,1,1,1,0,2,6,-1,-1, -1,-1,2021,21.0,1,1,0,2,1,1,1,,3,FRANS ROUTE DE,0,,2,3,0,1,58,900,1,, -1,1,0,1,50,12,5,2021,15:20,1,69,69264,2,1,0,2,D504,45.98396,4.74186,15,2,2
202100017189,170Â 908,B01,1,1,1,5,1,-1,-1,0,0,-1,2021,19.0,2,2,0,2,1,1,1,,3,31,-1,,2,1,0,1,9,0,1,, -1,1,0,1,90,21,9,2021,21:45,4,19,19286,1,1,0,1,rd 31,45.331353186,1.3935239711,21,3,2
202100046669,118Â 349,A01,1,1,1,5,1,-1,-1,0,0,-1,2021,32.0,1,2,1,0,7,1,1,,3,69,0,,2,2,0,1,22,600,1,, -1,1,5,4,-1,25,3,2021,19:40,4,44,44077,2,1,0,6,20 Rue de la PiÃ©ta,47.517518,-1.474569,19,1,1
202100044485,122Â 179,B01,1,1,1,1,2,6,-1,0,0,-1,2021,42.0,2,1,0,2,2,17,1,,4,BOULEVARD VOLTAIRE,0,,2,2,0,1,(1),(1),1,, -1,2,0,1,50,10,4,2021,15:30,1,75,75111,2,1,1,3,BOULEVARD VOLTAIRE,48.853946,2.386613,15,2,2
202100055677,102Â 335,B01,1,1,1,9,2,6,-1,0,0,-1,2021,26.0,2,1,0,2,2,1,1,,4,RUE DE BELLEVILLE,0,,2,2,0,2,(1),(1),1,, -1,1,0,1,50,9,1,2021,19:15,5,75,75119,2,2,0,3,RUE DE BELLEVILLE,48.87554,2.399226,19,2,2
202100017724,169Â 946,A01,1,1,1,5,7,2,-1,0,0,-1,2021,20.0,1,1,3,0,7,16,1,,3,751,0,,2,2,0,1,108,815,3,, -1,1,0,1,-1,21,9,2021,16:30,1,49,49069,1,1,0,7,D751,47.311988,-1.308854,16,1,1
202100001677,198Â 799,A01,1,1,1,0,2,6,-1,-1, -1,-1,2021,25.0,2,1,0,2,8,18,1,,1,AUTOROUTE A3,0,,-1,9,0,1,0,500,3,, -1,1,0,1,70,23,12,2021,11:20,1,93,93006,1,1,0,3,AUTOROUTE A3,48.86598,2.41625,11,2,2
202100032305,144Â 013,A01,10,3,2,3,0,-1,-1,3,3,1,2021,64.0,2,4,0,1,1,1,1,,3,GANNAT (ROUTE DE),0,,3,1,0,2,15,930,1,, -1,1,0,1,50,22,6,2021,15:00,1,3,3023,2,1,0,6,GANNAT (ROUTE DE),46.12693,3.39569,15,2,1
202100053116,106Â 790,B01,1,1,2,5,1,-1,-1,0,0,-1,2021,63.0,1,2,0,2,3,1,1,,3,1092,0,,2,2,0,2,31,850,2,, -1,2,0,1,80,31,1,2021,08:50,2,38,38074,1,1,1,5,departementale 1092,45.23655,5.444273,8,3,3
202100005446,192Â 059,A01,1,1,1,5,1,-1,-1,0,0,-1,2021,80.0,2,2,16,0,0,1,0,,2,2,-1,,2,2,0,2,10,0,2,, -1,2,0,1,50,1,12,2021,10:10,1,987,98725,2,1,1,6,Les Hauts de Mahinarama,-17.542975,-149.476001,10,1,1
202100018777,168Â 077,A01,1,1,1,4,1,0,-1,-1, -1,-1,2021,23.0,3,2,0,0,3,1,1,,4,ARAGON (MAIL LOUIS),0,,1,1,0,1,(1),(1),3,, -1,1,9,1,50,15,9,2021,14:15,1,31,31069,2,1,0,6,ARAGON (MAIL LOUIS),43.64433,1.37857,14,1,1
202100018516,168Â 535,B01,1,1,2,4,1,0,-1,-1, -1,-1,2021,32.0,1,2,0,2,4,2,1,,1,A86 INT,0,,3,6,0,1,45,799,1,, -1,1,0,1,90,17,9,2021,12:00,1,94,94073,1,1,0,2,A86 INT,48.76259,2.38129,12,2,2
202100005507,191Â 951,A01,1,1,1,5,1,0,-1,-1, -1,-1,2021,26.0,2,2,0,2,2,2,1,,3,VILLEDIEU LES POELES (ROUTE),0,,2,2,0,1,29,318,1,, -1,2,0,1,80,29,11,2021,20:05,5,50,50218,1,1,0,2,VILLEDIEU LES POELES (ROUTE),48.8375,-1.53972,20,3,2
202100026878,153Â 673,A01,1,1,1,5,2,6,-1,0,0,-1,2021,23.0,2,1,0,2,1,1,1,,7,268,0,D,3,2,0,1,2,0,2,, -1,1,0,1,80,21,7,2021,18:00,1,13,13078,1,3,0,3,D268,43.403224,4.788054,18,2,2
202100003436,195Â 613,B01,1,1,2,1,8,0,-1,0,0,-1,2021,51.0,1,0,0,2,8,1,3,,4,BOULEVARD DE MENILMONTANT,0,,2,3,1,1,(1),(1),1,, -1,1,-1,5,30,11,12,2021,07:45,2,75,75120,2,7,0,3,BOULEVARD DE MENILMONTANT,48.862935,2.387526,7,2,2
202100051750,109Â 197,A01,1,1,1,1,1,-1,-1,0,0,-1,2021,31.0,1,2,2,0,1,14,1,,2,21,-1,,2,2,0,1,42,300,3,, -1,2,0,3,80,12,2,2021,18:55,3,24,24521,1,1,0,6,Adoux,45.258214,0.860968,18,1,1
202100038598,132Â 646,B01,2,2,1,0,2,0,-1,-1, -1,-1,2021,23.0,3,1,0,2,1,1,1,,4,VILLELE (RUE JEAN DE),0,,2,2,0,1,0,0,1,, -1,1,0,1,30,22,5,2021,20:40,5,974,97411,2,1,0,1,VILLELE (RUE JEAN DE),-20.8917,55.4878,20,3,2
202100050582,111Â 272,A01,10,3,2,2,0,-1,-1,3,3,1,2021,17.0,2,2,0,1,1,9,2,,4,RUE DU LOGEY,0,,2,2,0,1,(1),(1),1,, -1,1,0,1,50,5,2,2021,17:30,1,33,33281,2,6,0,6,Rue du Logey,44.8384392055,-0.6616754821,17,2,1
202100015086,174Â 741,A01,2,2,2,5,8,0,-1,-1, -1,-1,2021,19.0,3,2,4,0,1,1,1,,4,ALEX DELABRE (BOULEVARD),0,,2,2,0,1,0,0,4,, -1,1,0,1,50,5,10,2021,07:00,2,13,13208,1,1,0,6,ALEX DELABRE (BOULEVARD),43.2147810688,5.3486120365,7,4,1
202100047793,116Â 323,A01,10,3,1,5,0,-1,-1,2,3,1,2021,3.0,3,2,0,1,2,1,1,,4,,0,,1,1,0,1,(1),(1),1,, -1,1,0,1,30,15,3,2021,18:05,1,45,45234,2,1,0,6,Rue Jacquard,47.91587,1.90455,18,2,1
202100034709,139Â 683,A01,1,1,1,5,2,6,-1,0,0,-1,2021,47.0,2,1,14,0,1,0,1,,3,,-1,,2,2,1,1,(1),(1),1,,5,1,0,1,50,13,6,2021,20:14,1,59,59126,2,1,0,6,rue de douai,50.312113,3.117549,20,1,1
202100010785,182Â 461,B01,1,1,1,0,2,6,-1,0,0,-1,2021,65.0,2,1,0,2,1,1,1,,3,2,-1,,2,2,0,3,58,892,1,, -1,1,5,1,70,27,10,2021,15:40,1,44,44128,1,2,0,3,Butte de Lance,47.537558,-1.927285,15,2,2
202100017658,170Â 056,B01,2,2,2,2,1,0,-1,-1, -1,-1,2021,17.0,1,2,0,2,1,0,1,,4,LAVOISIER (RUE),0,,2,2,0,1,(1),(1),1,, -1,1,0,1,50,20,9,2021,13:45,2,15,15014,2,1,0,1,Rue Lavoisier,44.900191,2.43489,13,3,2
202100050427,111Â 559,B01,1,1,1,0,8,0,-1,-1, -1,-1,2021,66.0,1,1,0,2,1,19,5,,2,LANCASTEL (BOULEVARD),0,,1,3,0,1,(1),(1),1,, -1,1,0,1,70,23,2,2021,12:09,1,974,97411,2,1,0,3,LANCASTEL (BOULEVARD),-20.88595,55.48135,12,2,2
202100007418,188Â 499,A01,1,1,1,1,2,6,9,0,0,-1,2021,33.0,1,1,0,0,0,2,1,,3,82,-1,,2,2,0,3,7,0,3,, -1,1,5,1,50,9,11,2021,21:20,3,60,60533,2,6,0,7,,49.530974,2.729373,21,1,1
202100034969,139Â 193,B01,1,1,1,0,8,0,-1,-1, -1,-1,2021,23.0,2,1,0,2,3,15,5,,4,MEINAU (ROUTE DE LA),0,,2,2,0,1,0,0,1,, -1,1,0,1,50,10,6,2021,08:18,1,67,67482,2,3,0,3,MEINAU (ROUTE DE LA),48.553186,7.746996,8,2,2
202100002533,197Â 253,A01,1,1,1,5,2,6,-1,0,0,-1,2021,38.0,1,1,12,0,1,1,1,,7,1,0,,2,2,0,1,3,950,1,,7,7,0,3,80,19,12,2021,10:35,1,13,13085,1,1,0,6,Route de Cassis,43.245003,5.568255,10,1,1
202100011058,181Â 955,A01,1,1,1,1,2,0,-1,-1, -1,-1,2021,20.0,1,1,0,2,1,2,1,,4,BAC (RUE THEODORE),0,,2,2,0,1,0,0,1,, -1,2,0,1,50,25,10,2021,08:52,1,87,87085,2,1,1,2,BAC (RUE THEODORE),45.83766,1.26505,8,2,2
202100001842,198Â 507,A01,1,1,1,0,1,0,-1,-1, -1,-1,2021,19.0,1,2,15,0,1,0,1,,3,BD ARISTIDE BRIAND,0,,-1,1,0,1,0,0,2,, -1,1,0,1,50,21,12,2021,23:20,5,91,91589,2,1,0,7,BD ARISTIDE BRIAND,48.68538,2.34599,23,3,1
202100007013,189Â 221,B01,1,1,1,9,2,4,-1,-1, -1,-1,2021,31.0,2,1,0,2,1,1,5,,4,PIERRE BONNARD,0,,2,1,0,1,0,0,1,, -1,1,0,1,50,20,11,2021,19:40,3,64,64445,2,3,0,1,PIERRE BONNARD,43.31012,-0.36085,19,2,2
202100000412,200Â 969,A01,10,3,2,9,0,-1,-1,9,3,1,2021,101.0,0,3,0,1,9,1,-1,,4,,-1,,2,2,0,1,(1),(1),1,, -1,1,4,8,30,13,1,2021,08:10,2,33,33490,2,8,1,6,Rue Mirambeau,45.4334281,-1.046693,8,2,1
202100043560,123Â 804,B01,2,2,1,0,8,0,-1,-1, -1,-1,2021,34.0,2,1,0,2,7,1,1,,2,PIERRE SEMARD (PL),0,,2,2,0,2,1,0,1,, -1,1,0,1,50,18,4,2021,20:20,2,94,94078,2,1,0,3,Place Pierre Semard,48.730388,2.446915,20,3,2
202100014476,175Â 830,A01,1,1,1,5,2,-1,-1,0,0,-1,2021,33.0,2,1,13,0,1,15,1,,3,907,0,D,2,2,0,2,46,200,2,, -1,1,0,3,90,9,10,2021,15:30,1,34,34228,1,1,0,6,D907,43.411298,2.746131,15,1,1
202100042977,124Â 850,B01,1,1,1,1,2,-1,-1,0,0,-1,2021,30.0,1,1,0,2,1,1,1,,7,568,-1,,2,2,0,2,54,400,1,, -1,1,0,1,80,23,4,2021,17:15,1,13,13088,2,1,0,5,Route N 568,43.372391,5.229777,17,5,3
202100045765,119Â 947,B01,10,3,1,0,8,8,-1,2,3,1,2021,20.0,3,1,0,1,1,1,1,,4,RENOUVIER (BOULEVARD),0,,2,2,0,1,(1),(1),1,, -1,1,0,1,50,27,3,2021,17:40,1,34,34172,1,1,0,6,RENOUVIER (BOULEVARD),43.60377,3.86781,17,2,1
202100024091,158Â 597,A01,1,1,1,5,2,-1,-1,0,0,-1,2021,47.0,1,1,8,0,1,1,1,,3,136,0,D,2,2,0,1,1,350,1,, -1,1,0,3,80,15,8,2021,13:00,1,17,17307,1,1,0,7,69 Route du Mortier,45.695003,-0.908808,13,1,1
202100006192,190Â 743,A01,2,2,2,5,1,-1,-1,-1, -1,-1,2021,63.0,1,5,0,2,1,2,1,,2,ROUTE NATIONALE 230,0,,3,6,0,1,42,959,1,, -1,1,0,1,90,23,11,2021,12:30,1,33,33249,1,1,0,5,ROUTE NATIONALE 230,44.87335,-0.50659,12,4,3
202100001629,198Â 890,A01,10,3,2,1,0,-1,-1,4,3,1,2021,20.0,2,2,0,1,3,13,1,,3,GENERAL LECLERC (AV DU),0,,1,2,0,1,1,0,1,, -1,1,0,1,50,23,12,2021,11:10,1,94,94046,2,1,0,6,Avenue du GÃ©nÃ©ral Leclerc,48.80262,2.44688,11,2,1
202100039005,131Â 918,A01,1,1,1,1,1,-1,-1,0,0,-1,2021,38.0,2,2,8,0,3,0,1,,3,954,0,,2,2,0,2,24,150,4,, -1,2,5,1,-1,22,5,2021,05:00,2,57,57097,1,6,1,6,D954,49.195503,6.515837,5,1,1
202100042054,126Â 455,B01,2,2,2,5,2,6,-1,0,0,-1,2021,26.0,1,1,0,2,5,1,1,,4,AVENUE NIEL,0,,1,1,0,1,(1),(1),1,, -1,1,0,1,50,29,4,2021,16:50,1,75,75117,2,4,0,3,AVENUE NIEL,48.881976,2.295912,16,3,2
202100055995,101Â 799,A01,1,1,2,0,1,-1,-1,0,0,-1,2021,27.0,1,2,13,2,3,15,1,,3,436,0,,2,2,0,2,5,460,1,, -1,2,5,1,50,8,1,2021,16:20,1,77,77141,2,4,0,3,Route de Melun,48.864376,2.855233,16,4,2
202100047078,117Â 619,A01,10,3,2,2,0,-1,-1,3,3,1,2021,13.0,3,5,0,1,2,1,1,,3,950,0,A,2,2,0,1,(1),(1),1,, -1,1,0,1,50,22,3,2021,17:15,1,84,84056,2,1,1,1,D950a,44.1169309509,4.879699945,17,2,1
202100052677,107Â 571,B01,1,1,1,1,1,-1,-1,-1, -1,-1,2021,37.0,2,2,0,2,5,1,2,,4,RUE PEYRONNET,0,,1,1,2,1,(1),(1),1,, -1,1,5,1,50,4,2,2021,00:02,5,33,33063,2,2,0,3,Cours de la Marne,44.82818,-0.56076,0,5,2
202100021403,163Â 391,C01,1,1,1,4,8,0,-1,-1, -1,-1,2021,59.0,1,5,0,2,1,0,1,,2,RN104,0,,-1,2,0,1,3,799,1,, -1,1,0,1,90,2,9,2021,15:30,1,77,77373,1,1,0,6,RN104,48.80115,2.62549,15,3,3
202100047713,116Â 459,A01,1,1,2,0,1,-1,-1,-1, -1,-1,2021,30.0,1,2,2,2,9,17,1,,4,GARIBALDI                           (R ),0,,1,3,3,1,(1),(1),1,, -1,1,0,1,50,8,3,2021,05:45,5,69,69386,2,2,0,3,GARIBALDI  (R),45.76739,4.85074,5,2,2
202100015627,173Â 740,A01,10,3,2,2,8,8,-1,2,4,1,2021,11.0,2,2,0,1,2,0,0,,4,VICTOR HUGO (RUE),0,,2,2,0,1,(1),(1),1,, -1,1,0,1,50,1,10,2021,17:54,1,10,10387,2,1,0,6,VICTOR HUGO (RUE),48.294016,4.068195,17,2,1
202100025331,156Â 375,B01,1,1,1,9,8,0,-1,0,0,-1,2021,33.0,2,1,0,2,1,1,5,,4,RUE DES POISSONNIERS,0,,2,2,0,1,(1),(1),1,, -1,1,5,1,50,6,8,2021,01:04,5,75,75118,2,2,0,3,RUE DES POISSONNIERS,48.891185,2.351618,1,2,2
202100037052,135Â 470,B01,1,1,2,9,2,8,-1,0,0,-1,2021,56.0,1,1,0,2,6,20,1,,4,RUE DES VINAIGRIERS,0,,1,1,0,1,(1),(1),1,, -1,1,0,1,50,1,6,2021,18:30,1,75,75110,2,1,0,2,RUE DES VINAIGRIERS,48.873201,2.360021,18,2,2
202100027953,151Â 734,A01,2,2,1,5,1,0,-1,0,0,-1,2021,29.0,1,2,0,0,1,15,1,,4,RUE DES BOULANGERS,0,,1,1,0,2,(1),(1),3,, -1,1,0,1,50,19,7,2021,03:40,5,75,75105,2,5,0,6,RUE DES BOULANGERS,48.846541,2.351642,3,2,1
202100005944,191Â 170,B01,1,1,1,0,1,5,-1,-1, -1,-1,2021,45.0,1,2,0,2,2,0,1,,3,MERMOZ (RUE JEAN),0,,2,2,0,1,0,0,1,, -1,1,0,1,50,26,11,2021,07:40,2,45,45338,2,9,0,3,MERMOZ (RUE JEAN),47.9808,2.72313,7,2,2
202100004925,192Â 988,B01,1,1,1,1,8,0,-1,0,0,-1,2021,62.0,2,1,1,0,1,1,5,,4,BOULEVARD DE MAGENTA,0,,1,4,1,1,(1),(1),1,, -1,2,0,5,30,3,12,2021,10:45,1,75,75110,2,3,1,2,BOULEVARD DE MAGENTA,48.87184,2.360026,10,3,2
202100040756,128Â 760,A01,2,2,1,9,1,0,-1,-1, -1,-1,2021,14.0,1,2,11,0,1,1,1,,1,AYGALADES (AVENUE DES),0,,-1,2,0,2,276,500,3,, -1,1,0,1,50,8,5,2021,21:20,5,13,13215,2,1,0,1,A7,43.3532324895,5.3651797771,21,3,2
202100024022,158Â 708,C01,2,2,1,9,1,0,-1,0,0,-1,2021,26.0,1,2,0,2,1,2,1,,4,BOULEVARD PERIPHERIQUE EXTERIEUR SUD,0,,1,3,0,1,(1),(1),1,, -1,1,0,1,70,15,8,2021,16:45,1,75,75114,2,4,0,4,BD PERIPHERIQUE EXTERIEUR SUD,48.819286,2.32889,16,5,3
202100007268,188Â 765,B01,1,1,2,0,2,0,-1,-1, -1,-1,2021,41.0,0,1,0,2,1,1,5,,4,BRAY (RUE DE),0,,3,2,1,1,0,0,2,, -1,1,5,1,50,18,11,2021,07:30,5,35,35051,2,6,0,3,BRAY (RUE DE),48.10885,-1.60873,7,2,2
202100016099,172Â 863,A01,10,3,1,5,8,8,-1,3,3,1,2021,84.0,2,2,0,1,3,1,1,,4,TREMOLIERE (AVE),0,,2,1,0,1,0,0,1,, -1,1,0,1,50,29,9,2021,09:45,1,83,83144,2,1,0,6,TREMOLIERE (AVE),43.1366642739,5.981228071,9,3,1
202100009599,184Â 550,B01,1,1,2,1,1,-1,-1,-1, -1,-1,2021,20.0,2,2,0,2,2,1,1,,4,MAGUDAS (AVE DE),0,,2,3,1,1,(1),(1),1,, -1,2,5,1,50,3,11,2021,06:55,5,33,33281,2,2,1,3,Avenue de Magudas,44.85657,-0.65331,6,2,2
202100024678,157Â 534,A01,1,1,1,5,0,-1,-1,0,0,-1,2021,20.0,0,2,8,0,7,13,1,,4,,-1,,2,2,0,1,(1),(1),1,, -1,1,0,4,30,12,8,2021,09:30,1,988,98827,2,1,1,6,Village de NÃ©poui,-21.329286,164.994553,9,2,1
202100002024,198Â 173,A01,1,1,1,0,8,0,-1,-1, -1,-1,2021,22.0,2,2,6,0,3,26,1,,4,FOCH MARECHAL (RUE),0,,2,2,0,2,(1),(1),1,, -1,2,5,4,50,15,12,2021,12:50,1,42,42184,2,2,1,6,Rue MarÃ©chal Foch,46.03979,4.04997,12,1,1
202100048867,114Â 412,A01,2,2,2,5,1,0,-1,0,0,-1,2021,85.0,1,2,0,2,3,11,3,,4,BOULEVARD PERIPHERIQUE,0,,1,6,0,1,(1),(1),1,, -1,1,0,1,70,7,3,2021,12:20,1,75,75118,2,4,0,2,BOULEVARD PERIPHERIQUE,48.9006744054,2.3649414097,12,3,2
202100008268,186Â 934,A01,1,1,1,5,2,0,-1,-1, -1,-1,2021,21.0,1,1,12,0,1,17,1,,3,ALOUETTES (R DES),0,,-1,0,0,1,0,0,1,, -1,1,0,1,50,13,11,2021,01:10,5,94,94073,2,1,0,7,ALOUETTES (R DES),48.7507718106,2.3699717414,1,1,1
202100013147,178Â 247,A01,1,1,1,9,2,6,-1,-1, -1,-1,2021,60.0,3,1,0,0,0,1,1,,3,HENRI BARBUSSE (AV),0,,2,2,1,1,0,0,1,, -1,1,0,1,50,15,10,2021,18:20,2,92,92025,2,1,0,7,HENRI BARBUSSE (AV),48.918705,2.252646,18,1,1
202100031007,146Â 310,B01,1,1,1,5,8,-1,-1,-1, -1,-1,2021,54.0,1,1,0,2,7,1,5,,2,R.N. 19,0,,1,1,0,1,40,600,2,, -1,1,5,1,50,21,6,2021,10:25,1,70,70550,1,6,0,3,ROCADE OUEST - RD 457,47.6413452135,6.1478349566,10,2,2
202100037437,134Â 739,A01,2,2,2,0,1,0,-1,-1, -1,-1,2021,61.0,1,2,0,2,1,1,1,,4,LOUBIERE (RUE DE LA),0,,4,1,0,1,(1),(1),1,, -1,1,9,1,30,30,5,2021,13:30,1,13,13205,2,2,0,1,LOUBIERE (RUE DE LA),43.290502,5.389111,13,5,2
202100049423,113Â 419,B01,8,2,2,5,8,0,-1,-1, -1,-1,2021,29.0,3,3,0,2,3,1,1,4.0,4,AUGUSTE RODIN (AV),0,,2,2,0,1,1,0,1,, -1,1,0,1,50,3,3,2021,09:10,1,94,94079,2,1,0,6,AUGUSTE RODIN (AV),48.8333,2.55117,9,5,2
202100056287,101Â 284,A01,1,1,2,9,0,-1,-1,0,0,-1,2021,39.0,3,1,0,2,0,19,3,,4,DE SERRES (RUE OLIVIER),0,,1,1,1,1,0,0,1,, -1,2,5,1,50,4,1,2021,14:40,1,93,93073,2,3,0,3,DE SERRES (RUE OLIVIER),48.94707,2.57274,14,2,2
202100021822,162Â 617,B01,1,1,1,5,2,6,-1,-1, -1,-1,2021,24.0,1,1,1,0,7,2,1,,3,PAUL VAILLANT COUTURIER (RUE),0,,1,2,0,1,1,0,1,, -1,1,0,1,50,28,8,2021,12:55,1,93,93032,2,1,0,3,PAUL VAILLANT COUTURIER (RUE),48.86601,2.5633,12,2,2