Num_Acc,id_vehicule,num_veh,place,catu,sexe,trajet,secu1,secu2,secu3,locp,actp,etatp,year_acc,victim_age,senc,catv,obs,obsm,choc,manv,motor,occutc,catr,voie,v1,v2,circ,nbv,vosp,prof,pr,pr1,plan,lartpc,larrout,surf,infra,situ,vma,jour,mois,an,hrmn,lum,dep,com,agg_,int,atm,col,adr,lat,long,hour,nb_victim,nb_vehicules
202100028984,149Â 916,A01,10,3,1,9,0,-1,-1,4,3,1,2021,23.0,1,1,0,1,1,1,1,,4,BOULEVARD BEAUMARCHAIS,0,,2,4,3,1,(1),(1),1,, -1,2,0,6,50,13,7,2021,21:53,2,75,75111,2,3,0,6,BOULEVARD BEAUMARCHAIS,48.860663,2.367332,21,3,2
202100017134,171Â 009,A01,10,3,1,0,0,-1,-1,3,3,2,2021,38.0,1,2,0,1,1,1,0,,3,PASTEUR (AVENUE),0,,2,2,0,1,0,1,1,, -1,1,0,1,50,25,9,2021,18:25,1,93,93007,2,1,0,6,PASTEUR (AVENUE),48.94015,2.47094,18,2,1
202100053249,106Â 548,A01,1,1,1,1,2,6,-1,0,0,-1,2021,46.0,2,1,14,0,0,1,1,,4,BOULEVARD DE MAGENTA,0,,3,2,0,1,(1),(1),1,, -1,2,9,1,50,28,1,2021,23:46,5,75,75110,2,5,1,6,BOULEVARD DE MAGENTA,48.8785352863,2.3540523732,23,1,1
202100035631,138Â 027,B01,2,2,1,0,1,-1,-1,0,0,-1,2021,33.0,3,2,2,0,6,9,1,,3,5,0,D,2,2,0,1,76,0,1,, -1,1,0,1,70,9,6,2021,15:40,1,13,13100,1,2,0,3,D5,43.809714,4.816223,15,3,2
202100051395,109Â 817,B01,4,2,2,3,1,0,-1,0,0,-1,2021,68.0,3,2,0,2,5,1,1,,4,FINOSELLO CHEMIN,0,,2,2,0,2,(1),(1),1,, -1,2,9,1,50,13,2,2021,10:12,1,201,201004,2,1,1,3,FINOSELLO CHEMIN,41.94185,8.74659,10,4,2
202100028337,151Â 045,A01,2,2,2,3,1,-1,-1,0,0,-1,2021,64.0,2,2,13,0,7,21,1,,3,56,0,D,2,2,0,1,3,950,1,, -1,1,0,3,80,17,7,2021,09:30,1,35,35064,1,1,0,6,D56,47.703293,-1.935396,9,2,1
202100014456,175Â 861,B01,1,1,1,1,2,9,-1,0,0,-1,2021,41.0,1,1,0,2,1,1,5,,3,982,0,D,2,2,0,2,8,850,1,, -1,1,0,1,80,8,10,2021,07:50,1,51,51122,1,3,0,1,D982/D60,48.7734701904,4.6787756681,7,2,2
202100009649,184Â 459,A01,10,3,2,5,0,-1,-1,4,3,2,2021,57.0,1,2,0,1,1,2,0,,3,913,0,,3,2,0,1,0,0,1,, -1,1,9,8,50,3,11,2021,16:45,2,92,92063,2,9,0,6,DOUMER (AVENUE PAUL) EST,48.87947,2.17935,16,2,1
202100034148,140Â 724,A01,2,2,1,4,1,-1,-1,0,0,-1,2021,25.0,1,2,1,0,2,14,1,,3,19,0,A,2,2,0,1,4,710,1,, -1,1,0,1,70,16,6,2021,10:55,1,19,19191,1,1,1,6,la draperie,45.095258069,1.4264815562,10,2,1
202100031708,145Â 080,A01,1,1,1,4,8,0,-1,-1, -1,-1,2021,21.0,2,5,6,0,1,9,1,,2,118 PK RN137 ROCHEFORT JUSTICE,0,,2,5,0,1,114,660,1,, -1,2,2,1,90,29,6,2021,09:20,1,17,17028,1,1,0,6,118 PK RN137 ROCHEFORT JUSTICE,46.14266,-1.10688,9,1,1
202100037570,134Â 510,B01,4,2,2,0,1,0,-1,-1, -1,-1,2021,17.0,1,2,0,2,4,23,1,,7,1ERE DFL (AVENUE),0,,2,2,0,1,41,0,1,, -1,1,0,1,50,28,5,2021,18:20,1,83,83034,2,1,0,2,1ERE DFL (AVENUE),43.092771,6.074657,18,4,2
202100040835,128Â 641,A01,1,1,1,5,2,6,-1,0,0,-1,2021,35.0,1,1,1,0,1,26,5,,3,4,0,D,2,2,0,1,3,375,1,, -1,1,0,1,50,9,5,2021,09:35,1,95,95039,2,1,0,6,22 Rue de Pontoise,49.0696085427,2.1406134646,9,1,1
202100025048,156Â 883,A01,2,2,1,5,1,-1,-1,0,0,-1,2021,17.0,3,2,2,0,2,1,1,,4,aucun,0, -,2,2,0,2,0,900,1,, -1,6,0,3,80,7,8,2021,19:20,1,54,54238,1,1,0,7,Chemin communal,48.411257,6.234848,19,2,1
202100006940,189Â 363,A01,2,2,1,9,1,0,-1,0,0,-1,2021,20.0,3,2,0,0,9,1,2,,4,AVENUE DE L HIPPODROME,0,,2,2,0,1,(1),(1),1,, -1,2,0,1,50,21,11,2021,01:00,5,75,75116,2,1,1,7,AVENUE DE L HIPPODROME,48.861238,2.239737,1,2,1
202100041017,128Â 301,A01,1,1,1,5,2,6,-1,0,0,-1,2021,22.0,1,1,0,2,1,1,1,,3,91,0,D,2,2,0,1,17,850,1,, -1,1,0,1,30,7,5,2021,18:55,1,78,78193,2,3,0,3,Grande Rue,48.704989,1.985972,18,2,2
202100003068,196Â 277,A01,10,3,1,2,0,-1,-1,4,5,1,2021,7.0,1,2,0,1,1,1,1,,4,MAURICE RAVEL                       (AV),0,,2,2,0,1,(1),(1),1,, -1,2,0,1,50,29,11,2021,11:45,1,69,69286,2,1,0,6,MAURICE RAVEL (AV),45.81669,4.89648,11,2,1
202100004934,192Â 973,A01,10,3,1,2,0,-1,-1,3,3,2,2021,6.0,1,1,0,1,1,17,1,,3,FOSSE AUX BERGERS (RUE DE LA),0,,2,2,0,1,0,0,4,, -1,2,0,1,50,3,12,2021,11:30,1,93,93077,2,1,1,6,FOSSE AUX BERGERS (RUE DE LA),48.88722,2.49502,11,2,1
202100033371,142Â 116,A01,10,3,1,3,0,-1,-1,9,0,-1,2021,82.0,2,2,0,1,1,26,1,,3,Boulevard MarÃ©chal Juin,0,,2,2,0,1,60,0,1,, -1,1,0,1,50,14,6,2021,08:35,1,78,78361,2,6,1,6,Boulevard MarÃ©chal Juin,48.99592,1.689615,8,2,1
202100050824,110Â 834,A01,1,1,1,5,8,-1,-1,0,0,-1,2021,72.0,1,2,2,0,1,0,1,,3,807,0,,2,2,0,1,1,950,4,, -1,1,0,3,80,21,2,2021,09:45,1,4,4155,1,1,0,6,RD 807 - Avant le hameau de CHANOLLES,44.154553,6.416933,9,1,1
202100037665,134Â 332,A01,1,1,1,9,0,-1,-1,0,0,-1,2021,68.0,1,5,2,0,1,14,1,,3,627,-1,,2,2,0,1,50,650,1,, -1,1,0,3,80,30,5,2021,13:00,1,31,31375,1,1,0,6,D627 - Lieu dit laborie,43.223613,1.212595,13,1,1
202100053996,105Â 234,A01,10,3,1,5,0,-1,-1,9,5,2,2021,5.0,1,2,0,1,0,1,0,,3,312,-1,,2,2,0,1,4,550,1,, -1,2,0,1,50,24,1,2021,15:00,1,27,27260,2,3,0,6,D312,49.396686,0.427462,15,2,1
202100000744,200Â 386,A01,3,2,2,9,3,-1,-1,-1, -1,-1,2021,0.0,2,2,1,0,4,1,1,,7,ROUTE DE STRASBOURG D 483           (RO),0,,2,2,0,2,4,900,1,, -1,1,0,1,50,31,12,2021,11:00,1,69,69286,2,1,0,4,STRASBOURG (DE) (RTE),45.81954,4.89443,11,4,3
202100008679,186Â 225,B01,10,3,1,9,0,-1,-1,3,3,2,2021,3.0,0,1,0,1,1,26,-1,,4,FRANCIS DE PRESSENSE                (AV),0,,2,2,2,1,(1),(1),1,, -1,1,6,1,50,8,11,2021,16:55,1,69,69259,2,9,0,6,FRANCIS DE PRESSENSE (AV),45.72032,4.86778,16,3,1
202100003233,195Â 991,C01,4,2,2,0,1,8,-1,-1, -1,-1,2021,12.0,1,2,0,2,6,1,1,,2,AEROPORT (ROND POINT DE L'),0,,3,6,0,1,(1),(1),4,, -1,1,0,1,30,12,12,2021,17:45,5,972,97213,1,6,0,5,AEROPORT (ROND POINT DE L'),14.598398,-61.000904,17,5,3
202100014161,176Â 381,A01,10,3,1,5,0,-1,-1,5,9,1,2021,21.0,2,2,14,1,1,14,1,,4,FROMENTIN(RUE DU LIEUTENANT FRANCOIS),0,,2,2,0,2,(1),(1),1,, -1,1,0,4,30,9,10,2021,12:20,1,56,56260,2,1,0,6,Rue du Lt Francois Fromentin,47.64898,-2.76686,12,2,1
202100052185,108Â 431,A01,10,3,1,0,0,-1,-1,5,3,3,2021,13.0,2,2,0,1,1,1,1,,4,11,-1,,2,2,0,1,(1),(1),1,, -1,2,9,8,50,8,2,2021,17:30,2,69,69027,2,6,1,6,GENERAL DE GAULLE (DU) (R),45.67537,4.764671,17,2,1
202100018022,169Â 413,A01,1,1,1,5,2,0,-1,0,0,-1,2021,22.0,2,1,0,2,1,19,3,,4,RUE DE VAUGIRARD,0,,2,4,3,1,(1),(1),1,, -1,1,0,6,30,18,9,2021,12:10,1,75,75115,2,3,0,3,RUE DE VAUGIRARD,48.836907,2.295821,12,4,2
202100050398,111Â 608,A01,1,1,1,1,1,-1,-1,0,0,-1,2021,37.0,1,2,6,2,7,17,1,,3,212,0,,2,2,0,1,15,950,1,, -1,1,5,1,80,24,2,2021,13:45,1,72,72344,1,1,0,3,Rue d'Arnage,47.913538,0.162515,13,2,2
202100007283,188Â 733,A01,1,1,1,2,8,-1,-1,0,0,-1,2021,15.0,1,1,0,4,1,19,5,,4,SAINT EXUPERY (DE 17 A 45 ET 22 A 86),0,,-1,0,0,1,(1),(1),1,, -1,1,0,1,30,18,11,2021,18:00,1,29,29019,2,1,0,6,Rue Saint-ExupÃ©ry,48.3887,-4.50466,18,2,2
202100036915,135Â 716,A01,1,1,1,1,0,-1,-1,0,0,-1,2021,28.0,3,2,0,4,2,9,1,,4,PN22,-1,,2,2,0,2,(1),(1),1,, -1,1,4,6,50,2,6,2021,08:00,1,88,88510,2,8,1,3,Passage Ã  niveau,48.095,5.774968,8,2,2
202100045204,120Â 935,A01,10,3,2,3,0,-1,-1,6,1,1,2021,65.0,1,2,0,1,7,1,1,,4,COUBERTIN ( BD PIERRE DE ),0,,-1,2,2,1,(1),(1),1,, -1,1,0,8,30,17,3,2021,11:34,1,44,44109,2,9,0,6,COUBERTIN ( BD PIERRE DE ),47.2282575444,-1.5870019198,11,2,1
202100052182,108Â 434,B01,2,2,2,0,1,5,-1,0,0,-1,2021,58.0,2,2,0,0,3,1,1,,3,D4,-1,,2,2,0,2,26,300,4,, -1,1,0,1,80,8,2,2021,10:35,1,74,74221,1,1,0,1,route de la colombiÃ¨re,46.011225,6.529891,10,3,2
202100052484,107Â 906,A01,1,1,2,1,1,-1,-1,0,0,-1,2021,22.0,1,2,15,0,1,1,1,,3,1,0,,2,2,0,1,7,800,1,, -1,2,0,3,80,6,2,2021,07:30,2,54,54462,1,1,1,6,DÃ©partementale 1,48.581824,6.347501,7,1,1
202100006908,189Â 422,B01,1,1,1,1,1,4,-1,-1, -1,-1,2021,35.0,1,2,0,2,4,2,1,,3,AV FRANCOIS MITTERRAND,0,,1,2,0,1,0,0,1,, -1,1,1,1,70,20,11,2021,11:25,1,91,91027,2,1,0,4,AV FRANCOIS MITTERRAND,48.699278,2.371853,11,5,4
202100050759,110Â 950,A01,2,2,2,5,2,6,-1,-1, -1,-1,2021,31.0,2,1,8,2,1,17,1,,4,GAMBETTA (A PARTIR DU NÂ° 63-74),0,,2,4,0,2,(1),(1),1,, -1,1,0,1,50,20,2,2021,14:03,1,6,6088,2,1,0,3,GAMBETTA (A PARTIR DU NÂ° 63-74),43.70805,7.25607,14,4,2
202100039863,130Â 329,A01,1,1,1,5,1,-1,-1,0,0,-1,2021,38.0,3,2,2,0,2,1,1,,4,113,0,,-1,2,0,1,(1),(1),1,, -1,2,0,3,80,15,5,2021,22:15,3,77,77303,1,1,1,6,1 Bois Guyot,48.851953,3.443724,22,1,1
202100002193,197Â 874,B01,1,1,1,5,2,6,-1,0,0,-1,2021,56.0,0,1,0,2,1,0,1,,4,0,0,,2,2,0,2,(1),(1),1,, -1,2,9,8,-1,18,12,2021,16:25,1,43,43222,1,9,0,1,Belmont,45.1696635842,3.4363496304,16,2,2
202100012865,178Â 730,A01,10,3,2,9,0,-1,-1,2,5,1,2021,16.0,1,2,0,1,5,1,1,,4,RUE DE MENILMONTANT,0,,2,2,0,3,(1),(1),1,, -1,1,0,1,30,16,10,2021,20:00,5,75,75120,2,2,0,6,RUE DE MENILMONTANT,48.870085,2.399753,20,2,1
202100009461,184Â 792,A01,1,1,1,1,8,0,-1,0,0,-1,2021,49.0,2,1,0,0,0,1,5,,4,BOULEVARD VICTOR,0,,1,1,1,1,(1),(1),1,, -1,2,-1,5,30,4,11,2021,17:00,2,75,75115,2,3,1,7,BOULEVARD VICTOR,48.832699,2.288363,17,1,1
202100007346,188Â 623,B01,1,1,1,9,2,0,-1,0,0,-1,2021,32.0,1,1,0,2,8,1,5,,4,RUE DE SEVRES,0,,2,2,0,1,(1),(1),1,, -1,1,0,1,30,18,11,2021,10:50,1,75,75107,2,3,0,3,RUE DE SEVRES,48.84982,2.32329,10,2,2
202100015855,173Â 333,A01,10,3,1,9,0,-1,-1,9,9,1,2021,38.0,3,2,0,1,1,24,1,,6,,0,,-1,-1,0,2,(1),(1),1,, -1,1,9,8,10,30,9,2021,14:22,1,66,66136,2,1,0,6,AGASSE PASCAL MARIE,42.69491,2.86551,14,2,1
202100052595,107Â 712,B01,1,1,1,5,2,0,-1,-1, -1,-1,2021,57.0,1,1,0,2,1,1,1,,3,920,0,,2,6,0,1,0,1,1,, -1,1,9,1,50,4,2,2021,10:33,1,92,92049,2,1,0,3,BRIAND AVENUE ARISTIDE AUTRES NÂ°,48.8148615399,2.3257595301,10,2,2
202100022464,161Â 480,B01,1,1,2,5,1,0,-1,0,0,-1,2021,60.0,1,2,0,2,4,2,1,,3,PEGOMAS (ROUTE DE),0,,2,2,0,1,13,798,3,, -1,1,0,1,50,26,8,2021,13:15,1,6,6069,2,1,0,2,PEGOMAS (ROUTE DE),43.64153,6.93675,13,3,2
202100001483,199Â 137,B01,1,1,1,1,2,6,-1,-1, -1,-1,2021,27.0,1,1,0,2,1,1,1,,4,PLYMOUTH (DE 89 A 135 ET 54 A 118),0,,2,2,0,1,(1),(1),1,, -1,1,5,1,50,23,12,2021,19:56,5,29,29019,2,3,0,1,PLYMOUTH (DE 89 A 135 ET 54 A 118),48.385975,-4.532991,19,2,2
202100034900,139Â 329,C01,1,1,1,5,2,6,-1,0,0,-1,2021,53.0,2,1,0,2,1,1,1,,3,947,-1,,2,2,0,2,10,500,3,, -1,1,2,1,50,12,6,2021,16:30,1,64,64430,2,1,1,5,290 Avenue de Magret,43.4796,-0.780024,16,3,3
202100005058,192Â 738,B01,2,2,2,9,1,0,-1,-1, -1,-1,2021,67.0,2,2,0,2,3,1,1,,3,RD 955,0,,2,2,0,2,95,300,3,, -1,2,0,1,70,2,12,2021,14:10,1,57,57630,1,1,1,1,RD 955,48.71802,7.04237,14,3,2
202100033204,142Â 412,A01,2,2,2,9,1,-1,-1,0,0,-1,2021,25.0,2,2,0,2,3,14,1,,4,PORTE D ORLEANS,0,,1,3,0,1,(1),(1),1,, -1,1,0,1,70,18,6,2021,22:35,5,75,75114,2,4,0,3,PORTE D ORLEANS,48.819085,2.329623,22,4,2
202100028008,151Â 642,A01,1,1,1,1,1,-1,-1,0,0,-1,2021,24.0,1,2,4,0,2,2,1,,3,2,0,D,2,2,0,1,(1),(1),2,, -1,1,8,1,80,21,7,2021,06:45,2,33,33395,1,1,0,6,Chenal du Lazaret (Buse),45.232009,-0.747719,6,1,1
202100040135,129Â 858,A01,1,1,1,1,2,6,-1,-1, -1,-1,2021,22.0,2,1,0,2,1,12,1,,1,A86 EXT,0,,3,3,0,1,38,599,1,, -1,1,0,1,90,12,5,2021,19:20,1,94,94028,1,1,0,6,A86 EXT,48.79425,2.44205,19,1,1
202100000224,201Â 333,A01,10,3,2,3,0,-1,-1,3,3,1,2021,92.0,1,2,0,1,1,9,1,,4,,0,,1,1,0,1,(1),(1),1,, -1,1,0,1,30,9,11,2021,16:50,1,6,6030,1,1,0,6,MESANGES (ALLEE DES),43.57489,7.022578,16,2,1
202100018878,167Â 906,A01,1,1,1,1,2,6,9,0,0,-1,2021,26.0,2,1,0,2,1,17,1,,3,978,-1,,3,2,0,1,27,700,1,, -1,1,0,1,80,16,9,2021,19:35,1,85,85218,1,1,0,3,5 Rue de l OcÃ©an,46.645798,-1.634485,19,2,2
202100004722,193Â 337,A01,1,1,1,0,2,-1,-1,-1, -1,-1,2021,23.0,0,1,0,0,7,14,1,,4,WINSTON CHURCHILL,0,,3,4,0,1,0,0,1,, -1,2,0,1,50,3,12,2021,03:00,5,76,76351,2,1,1,7,WINSTON CHURCHILL,49.49327,0.13467,3,1,1
202100042894,124Â 994,A01,1,1,1,3,2,6,-1,-1, -1,-1,2021,18.0,2,1,0,0,0,1,1,,3,GOUT HENRI -AV. NÂ° IMPAIRS A PARTIR DU N,0,,2,2,0,1,(1),(1),1,, -1,1,0,1,50,22,4,2021,18:10,1,11,11069,2,1,0,7,GOUT HENRI -AV. NÂ° IMPAIRS A PARTIR DU N,43.21083,2.34275,18,1,1
202100011059,181Â 953,B01,1,1,1,5,2,8,-1,-1, -1,-1,2021,28.0,1,1,0,2,1,17,1,,3,AMIS DE LA NATURE (ROUTE DES),0,,2,2,0,1,57,270,1,, -1,1,9,1,50,23,10,2021,16:30,1,85,85194,2,1,0,3,AMIS DE LA NATURE (ROUTE DES),46.54778,-1.80503,16,2,2
202100014746,175Â 351,B01,1,1,1,1,1,0,-1,-1, -1,-1,2021,47.0,2,2,0,2,6,1,1,,1,A86.EXT,0,,3,3,0,1,31,500,1,, -1,1,1,1,90,7,10,2021,05:00,5,94,94052,1,1,0,3,A86.EXT,48.83491,2.49378,5,2,2
202100003945,194Â 693,A01,1,1,1,4,1,8,-1,-1, -1,-1,2021,20.0,2,4,0,2,1,2,1,,1,A104.EXT,0,,3,4,0,1,19,700,1,, -1,1,0,1,90,9,12,2021,10:50,1,77,77517,1,1,0,6,A104.EXT,48.9032,2.6474,10,1,1
202100052402,108Â 044,A01,10,3,1,0,0,-1,-1,4,3,1,2021,17.0,0,2,0,1,1,1,1,,4,SAINT JULIEN. RUE,0,,2,2,0,1,(1),(1),1,, -1,2,0,1,30,11,1,2021,18:15,2,76,76540,2,3,1,6,Rue Saint-Julien,49.4255271445,1.073525828,18,2,1
202100044777,121Â 675,A01,1,1,1,0,1,0,-1,-1, -1,-1,2021,25.0,2,2,3,0,1,9,1,,1,AUTOROUTE A25,0,,3,4,0,1,41,500,1,, -1,1,0,1,110,7,4,2021,07:30,1,59,59189,1,1,0,6,AUTOROUTE A25,50.796222,2.611743,7,1,1
202100018551,168Â 474,B01,2,2,2,0,1,0,-1,-1, -1,-1,2021,60.0,1,2,0,2,3,1,1,,4,HANDIABAITA (CHEMIN D'),0,,2,2,0,1,(1),0,1,, -1,2,0,1,50,16,9,2021,11:50,1,64,64545,2,1,1,1,HANDIABAITA (CHEMIN D'),43.381186,-1.700828,11,3,2
202100032569,143Â 553,A01,1,1,2,9,2,4,6,0,0,-1,2021,48.0,1,1,0,2,1,13,1,,3,400,-1,,2,2,0,1,2,270,3,, -1,1,0,1,70,25,6,2021,10:30,1,54,54306,1,1,0,1,D400,48.683155069,5.7772421838,10,2,2
202100032992,142Â 777,C01,2,2,2,0,1,0,-1,-1, -1,-1,2021,29.0,2,2,0,2,8,1,1,,1,AUTOROUTE A6,0,,1,4,0,1,26,100,1,, -1,2,3,1,90,20,6,2021,22:00,1,91,91228,1,1,1,5,AUTOROUTE A6,48.62194,2.42324,22,7,3
202100010905,182Â 236,A01,10,3,1,1,0,-1,-1,2,2,1,2021,52.0,0,2,0,1,1,1,1,,4,TERRENOIRE (DE) A PARTIR NÃ¸ 34-41,0,,2,2,0,1,(1),(1),2,, -1,1,0,4,50,20,10,2021,06:30,5,42,42218,2,1,0,6,Rue de Terrenoire,45.43328,4.41576,6,2,1
202100024481,157Â 906,A01,1,1,1,0,1,0,-1,-1, -1,-1,2021,21.0,1,2,1,2,1,2,1,,1,AUTOROUTE A1,0,,1,7,0,1,5,400,1,, -1,1,0,1,70,13,8,2021,03:00,5,93,93027,1,1,0,2,AUTOROUTE A1,48.93377,2.38922,3,2,2
202100050818,110Â 845,B01,1,1,1,5,0,-1,-1,0,0,-1,2021,31.0,2,0,0,0,4,13,3,,3,13,0,D,3,2,0,1,15,950,1,, -1,1,0,1,90,20,2,2021,19:00,3,43,43216,1,1,1,2,Pierre Brune,45.1397386423,3.7883602655,19,2,2
202100036304,136Â 795,A01,1,1,1,5,2,-1,-1,0,0,-1,2021,54.0,1,1,0,2,7,17,1,,3,339,0,D,2,2,0,1,22,905,1,, -1,1,0,1,80,5,6,2021,17:30,1,62,62490,1,1,0,3,D339,50.295865,2.582688,17,2,2
202100030580,147Â 094,A01,10,3,2,5,0,-1,-1,3,3,1,2021,77.0,0,2,0,1,3,15,1,,4,FOUCAULD (AVENUE PERE CHARLES DE),0,,1,1,0,1,1,0,1,, -1,2,9,1,50,5,7,2021,18:05,1,14,14118,2,1,1,6,Avenue PÃ¨re Charles de Foucauld,49.16136,-0.36199,18,2,1
202100029830,148Â 468,A01,1,1,1,9,2,0,-1,0,0,-1,2021,29.0,3,1,0,2,3,19,3,,4,RUE DU FAUBOURG SAINT MARTIN,0,,2,3,0,1,(1),(1),1,, -1,1,0,1,30,9,7,2021,14:55,1,75,75110,2,3,0,3,RUE DU FAUBOURG SAINT MARTIN,48.875863,2.360268,14,2,2
202100048719,114Â 676,B01,1,1,1,1,2,0,-1,-1, -1,-1,2021,45.0,2,1,0,0,0,1,1,,3,986,0,,1,3,0,1,0,0,1,, -1,1,0,1,50,9,3,2021,05:20,5,92,92050,2,4,0,7,PERRIN JEAN RUE,48.9080981842,2.2129753232,5,2,2
202100040239,129Â 672,A01,2,2,1,0,2,0,-1,-1, -1,-1,2021,17.0,1,1,0,0,0,0,1,,3,ALPHONSE LE GALLO (QUAI) 1/34,0,,1,2,0,2,0,0,1,, -1,1,1,1,50,12,5,2021,19:45,1,92,92012,2,1,0,7,ALPHONSE LE GALLO (QUAI) 1/34,48.8410777844,2.2251963923,19,2,1
202100002896,196Â 594,A01,10,3,2,5,0,-1,-1,4,3,1,2021,75.0,1,3,0,1,2,9,0,1.0,4,FABIEN (AVE COLONEL),0,,1,1,3,1,0,0,1,, -1,1,0,1,50,14,12,2021,11:20,1,83,83137,2,1,0,6,FABIEN (AVE COLONEL),43.122629,5.940292,11,2,1
202100045519,120Â 378,A01,1,1,1,5,2,6,-1,-1, -1,-1,2021,55.0,2,1,0,2,1,2,1,,1,A46S   40.883 A 43.680,0,,1,1,0,2,41,500,3,, -1,1,3,1,70,1,4,2021,18:00,1,69,69290,1,1,0,2,A46,45.70007,4.96687,18,6,2
202100022664,161Â 109,B01,1,1,1,9,1,0,-1,0,0,-1,2021,24.0,3,2,0,2,0,23,1,,4,QUAI DE BERCY,0,,1,2,1,1,(1),(1),1,, -1,1,0,1,50,25,8,2021,11:50,1,75,75112,2,3,0,2,QUAI DE BERCY,48.8334,2.38225,11,2,2
202100027796,152Â 029,A01,1,1,1,5,2,8,-1,0,0,-1,2021,42.0,2,1,12,0,1,1,1,,3,13,-1,,2,2,0,1,12,24,3,, -1,1,0,1,50,20,7,2021,23:45,4,35,35056,2,1,0,6,5 rue chateaubriand,48.384081,-1.822996,23,1,1
202100011545,181Â 080,A01,1,1,1,0,2,6,-1,-1, -1,-1,2021,17.0,2,1,0,2,1,17,1,,3,REPUBLIQUE (AVENUE DE LA),0,,2,2,0,1,0,100,1,, -1,1,0,1,30,22,10,2021,15:10,1,91,91421,2,3,0,3,REPUBLIQUE (AVENUE DE LA),48.70409,2.46065,15,3,2
202100024845,157Â 246,A01,10,3,2,3,0,-1,-1,3,1,1,2021,81.0,1,1,0,1,1,3,1,,7,DE GAULLE (AV CHARLES),0,,3,2,0,1,4,880,1,, -1,1,0,1,50,6,8,2021,16:25,1,83,83126,2,1,0,6,DE GAULLE (AV CHARLES),43.08117,5.88684,16,2,1
202100003712,195Â 114,A01,1,1,1,9,1,-1,-1,0,0,-1,2021,55.0,2,2,0,2,3,9,1,,2,CARREFOUR DE L'EUROPE,0,,1,2,0,1,38,291,2,, -1,2,5,1,50,9,12,2021,10:19,1,5,5061,2,6,0,3,CARREFOUR DE L'EUROPE,44.55483,6.07499,10,2,2
202100053685,105Â 774,A01,1,1,2,5,1,-1,-1,0,0,-1,2021,21.0,1,2,17,0,1,21,1,,3,105,0,D,2,2,0,1,10,360,3,, -1,2,0,3,70,24,1,2021,16:55,1,33,33022,1,1,1,6,47 Route de Castelnau,45.033073,-0.768479,16,1,1
202100034143,140Â 732,B01,1,1,1,5,2,-1,-1,0,0,-1,2021,71.0,3,1,0,2,1,1,5,,4,,0,,2,2,0,1,(1),(1),1,,"5,5",1,8,1,30,15,6,2021,09:30,1,1,1143,2,1,0,3,390 Rue d ArbÃ¨re,46.347774,6.128126,9,2,2
202100022418,161Â 567,A01,1,1,1,0,8,0,-1,-1, -1,-1,2021,50.0,1,1,0,2,1,25,3,,4,PAYRA (JEAN),0,,1,2,0,1,(1),(1),1,, -1,1,0,1,50,26,8,2021,14:14,1,66,66136,2,3,0,3,PAYRA (JEAN),42.7022200938,2.8932824358,14,2,2
202100028796,150Â 246,B01,1,1,1,1,2,6,-1,-1, -1,-1,2021,57.0,2,1,0,2,6,2,1,,3,ROSSINI PASCAL BD,0,,2,2,0,1,10,145,1,, -1,1,0,1,50,15,7,2021,07:20,1,201,201004,2,6,0,2,ROSSINI PASCAL BD,41.91717,8.7347,7,2,2
202100034396,140Â 256,B01,1,1,1,0,2,-1,-1,0,0,-1,2021,56.0,2,1,0,2,3,13,1,,3,3,-1,D,2,2,0,1,1,615,1,, -1,1,0,1,-1,16,6,2021,07:10,1,27,27653,1,1,0,1,D3,49.17664,1.54506,7,2,2
202100004507,193Â 715,A01,1,1,2,5,8,-1,-1,-1, -1,-1,2021,50.0,2,1,0,0,1,1,5,,4,LAFAYETTE                           (CO),0,,2,3,3,1,(1),(1),1,, -1,2,0,5,50,5,12,2021,12:00,1,69,69383,2,1,1,6,LAFAYETTE (CR),45.76362,4.85556,12,1,1
202100033910,141Â 148,A01,1,1,1,9,2,8,-1,-1, -1,-1,2021,41.0,2,1,0,2,0,15,1,,4,,0,,1,0,0,1,0,0,1,, -1,1,0,1,50,17,6,2021,07:00,2,92,92004,2,2,0,7,GEORGES GUYNEMER (RUE) ),48.9151576115,2.2898313403,7,1,1
202100007119,189Â 042,A01,10,3,2,5,0,-1,-1,9,B,1,2021,81.0,1,5,0,1,1,1,1,,3,REINE (ROUTE DE LA) 39/107 BIS,0,,2,4,0,1,0,0,1,, -1,1,0,8,50,19,11,2021,19:00,5,92,92012,2,1,0,6,REINE (ROUTE DE LA) 39/107 BIS,48.8392,2.24563,19,2,1
202100004297,194Â 078,B01,1,1,1,9,2,0,-1,0,0,-1,2021,47.0,1,1,0,2,1,1,3,,4,PLACE DE LA MADELEINE,0,,1,3,0,1,(1),(1),2,, -1,1,0,1,30,6,12,2021,14:16,1,75,75108,2,7,0,1,PLACE DE LA MADELEINE,48.869982,2.32525,14,2,2
202100055529,102Â 592,A01,1,1,1,4,8,0,-1,0,0,-1,2021,22.0,1,1,0,1,1,1,5,,4,AVENUE LEDRU ROLLIN,0,,2,2,0,1,(1),(1),1,, -1,1,0,1,50,10,1,2021,19:50,5,75,75111,2,4,0,6,AVENUE LEDRU ROLLIN,48.8545127779,2.3780304193,19,2,1