Num_Acc,id_vehicule,num_veh,place,catu,sexe,trajet,secu1,secu2,secu3,locp,actp,etatp,year_acc,victim_age,senc,catv,obs,obsm,choc,manv,motor,occutc,catr,voie,v1,v2,circ,nbv,vosp,prof,pr,pr1,plan,lartpc,larrout,surf,infra,situ,vma,jour,mois,an,hrmn,lum,dep,com,agg_,int,atm,col,adr,lat,long,hour,nb_victim,nb_vehicules
202100021612,163Â 002,B01,1,1,1,5,2,8,-1,-1, -1,-1,2021,64.0,1,1,0,2,7,1,5,,4,NANCY (RUE DE),0,,2,2,0,1,0,0,2,, -1,1,0,1,50,30,8,2021,15:50,1,49,49099,2,4,0,3,NANCY (RUE DE),47.05738,-0.84796,15,2,2
202100055669,102Â 348,B01,1,1,1,9,2,-1,-1,0,0,-1,2021,17.0,2,1,0,2,1,5,5,,2,7,0,,2,3,0,1,92,549,1,, -1,1,0,1,70,8,1,2021,16:50,1,26,26198,2,1,0,3,18  Avenue de Gournier,44.5326,4.7392,16,2,2
202100046742,118Â 220,A01,10,3,1,9,0,-1,-1,5,1,1,2021,48.0,1,2,0,1,1,16,1,,4,HAIE. RUE DE LA,0,,2,2,0,1,(1),(1),1,, -1,2,0,4,50,13,3,2021,09:30,1,76,76108,2,1,1,7,HAIE. RUE DE LA,49.4652310612,1.112713775,9,2,1
202100005874,191Â 292,A01,1,1,1,0,2,-1,-1,-1, -1,-1,2021,48.0,1,1,7,2,4,23,1,,7,AMBROISE CROIZAT                    (BD),0,,3,5,3,1,1,600,1,, -1,1,0,1,50,26,11,2021,14:55,1,69,69259,2,3,0,2,AMBROISE CROIZAT (BD),45.70678,4.88745,14,2,2
202100046258,119Â 090,A01,1,1,1,5,2,6,9,0,0,-1,2021,27.0,3,1,3,0,2,1,1,,3,129,-1,,2,2,0,4,7,750,3,, -1,1,0,3,70,28,3,2021,19:00,2,47,47145,1,1,1,6,Belloc,44.133435,0.67177,19,1,1
202100037698,134Â 279,B01,1,1,1,1,2,6,-1,0,0,-1,2021,21.0,1,1,0,2,1,17,1,,3,559,0,D,2,2,0,1,91,900,1,, -1,1,0,1,70,29,5,2021,17:45,1,83,83068,2,1,0,3,Route du Littoral,43.286006,6.599522,17,2,2
202100025340,156Â 360,Z01,8,2,1,0,8,0,-1,-1, -1,-1,2021,36.0,1,3,12,0,0,26,0,2.0,3,DIVISION LECLERC (AV DE LA),0,,2,2,0,1,0,0,1,, -1,1,0,3,50,6,8,2021,17:00,1,94,94016,2,1,0,7,DIVISION LECLERC (AV DE LA),48.78641,2.32935,17,2,1
202100010925,182Â 197,B01,1,1,2,1,1,0,-1,-1, -1,-1,2021,45.0,1,2,0,2,4,0,1,,3,ROCADE OUEST (RD 610),0,,1,1,0,1,(1),(1),1,, -1,1,0,1,50,25,10,2021,07:48,1,10,10333,2,1,0,2,ROCADE OUEST (RD 610),48.2706,4.0489,7,2,2
202100041400,127Â 600,B01,1,1,1,9,2,6,-1,0,0,-1,2021,37.0,2,1,0,2,8,18,1,,4,RUE D AUBERVILLIERS,0,,2,5,1,1,(1),(1),1,, -1,1,5,1,50,4,5,2021,13:39,1,75,75119,2,2,0,3,RUE D AUBERVILLIERS,48.895276,2.371984,13,2,2
202100012186,179Â 935,A01,10,3,2,2,0,-1,-1,4,3,2,2021,10.0,1,2,0,1,2,1,1,,4,PRES VERTS (AVENUE DES),0,,2,1,1,1,1,0,1,, -1,1,0,8,50,19,10,2021,17:10,1,74,74281,2,2,1,6,PRES VERTS (AVENUE DES),46.37724,6.49063,17,2,1
202100046277,119Â 058,B01,2,1,1,5,2,-1,-1,0,0,-1,2021,52.0,2,1,0,2,4,15,5,,3,909,0,A,2,2,0,1,54,160,3,, -1,1,0,1,90,28,3,2021,16:40,1,15,15108,1,3,1,2,La Baraque Neuve (Saint-Just),44.898641,3.226896,16,2,2
202100035746,137Â 810,A01,1,1,1,1,8,0,-1,0,0,-1,2021,44.0,1,1,0,2,8,1,5,,4,RUE DES PYRENEES,0,,2,2,0,2,(1),(1),1,, -1,1,0,1,30,8,6,2021,17:55,1,75,75120,2,1,0,3,RUE DES PYRENEES,48.871831,2.392047,17,2,2
202100046718,118Â 262,A01,1,1,1,1,2,6,-1,-1, -1,-1,2021,35.0,2,1,0,2,2,1,1,,1,A86.INT,0,,-1,3,0,1,30,200,1,, -1,1,0,1,90,24,3,2021,07:45,1,94,94033,1,1,0,6,A86.INT,48.84917,2.49047,7,1,1
202100042507,125Â 639,A01,1,1,1,1,8,0,-1,0,0,-1,2021,47.0,1,1,0,0,0,1,5,,4,RUE D ABOUKIR,0,,1,1,1,1,(1),(1),1,, -1,1,0,1,30,26,4,2021,08:00,1,75,75102,2,2,0,7,RUE D ABOUKIR,48.868587,2.34973,8,1,1
202100004673,193Â 424,B01,1,1,2,0,1,8,-1,-1, -1,-1,2021,45.0,2,2,0,2,3,1,1,,4,MIRZA (ROND-POINT),0,,2,2,0,1,(1),(1),3,, -1,2,0,1,50,3,12,2021,17:51,2,973,97302,2,6,1,1,MIRZA (ROND-POINT),4.93232,-52.32602,17,2,2
202100047803,116Â 308,A01,10,3,2,0,0,-1,-1,2,3,1,2021,65.0,3,1,0,1,1,1,1,,4,THANARON QUAI,0,,2,2,0,1,(1),(1),1,, -1,1,0,1,50,3,3,2021,13:35,1,26,26058,2,1,0,6,5 Quai Thannaron,44.939284,4.890761,13,2,1
202100050617,111Â 214,A01,1,1,1,5,6,2,-1,0,0,-1,2021,17.0,2,1,1,0,1,1,1,,3,,-1,,2,2,0,2,61,612,1,, -1,1,0,8,50,22,2,2021,23:45,3,85,85065,2,1,0,1,156 Rue des Rosiers,46.887849,-1.252398,23,2,2
202100044769,121Â 688,A01,1,1,1,4,1,-1,-1,0,0,-1,2021,54.0,1,4,6,0,3,1,1,,3,D1006,-1,,2,2,0,1,34,700,3,, -1,1,0,4,50,9,4,2021,12:30,1,38,38509,2,1,0,6,D1006,45.563748,5.443913,12,1,1
202100012134,180Â 024,B01,10,3,1,0,8,8,-1,6,3,1,2021,59.0,2,4,0,1,3,21,1,,1,A12 W,0,,3,6,0,1,6,300,1,, -1,1,0,1,90,12,10,2021,10:54,1,78,78073,1,1,0,6,A12 W,48.80226,2.04774,10,2,1
202100031866,144Â 797,C01,1,1,2,5,1,0,-1,-1, -1,-1,2021,31.0,1,2,0,2,4,23,1,,7,RN 60,0,,3,4,0,1,95,850,1,, -1,2,0,1,70,28,6,2021,11:30,1,45,45147,1,1,0,4,D2060-PR 95 + 850,47.93434,1.9306,11,5,5
202100029076,149Â 773,A01,2,2,1,0,8,0,-1,-1, -1,-1,2021,41.0,3,1,0,2,0,15,1,,4,RABAN (ROUTE DE),0,,-1,2,0,1,(1),(1),1,, -1,1,0,1,50,13,7,2021,09:55,1,973,97302,2,1,0,7,RABAN (ROUTE DE),4.9260793346,-52.313497033,9,3,2
202100029719,148Â 672,B01,1,1,2,5,2,0,-1,-1, -1,-1,2021,26.0,1,1,0,2,1,2,1,,1,A50-Sens Marseille vers Aubagne,0,,1,3,0,1,10,0,1,, -1,1,0,1,90,9,7,2021,20:00,1,13,13070,1,1,0,2,A50-Sens Marseille vers Aubagne,43.28557,5.51288,20,3,2
202100022996,160Â 525,B01,1,1,2,0,1,4,-1,-1, -1,-1,2021,63.0,2,2,0,2,3,1,1,,1,AUTOROUTE A3,0,,3,6,0,1,8,699,1,, -1,1,0,1,110,22,8,2021,16:15,1,93,93010,1,1,0,3,AUTOROUTE A3,48.91198,2.47606,16,2,2
202100043339,124Â 196,A01,1,1,1,0,2,0,-1,-1, -1,-1,2021,61.0,1,1,0,2,3,18,1,,7,FRANÃOISE DUPARC (BOULEVARD),0,,2,4,0,1,2,100,1,, -1,1,8,1,50,20,4,2021,14:15,1,13,13204,2,1,0,3,FRANÃOISE DUPARC (BOULEVARD),43.3050088522,5.4008570066,14,2,2
202100020282,165Â 382,B01,1,1,2,9,1,0,-1,-1, -1,-1,2021,32.0,1,2,0,2,1,1,1,,4,SAINT JACQUES,0,,2,2,0,1,1,0,1,, -1,1,0,1,50,7,9,2021,19:42,1,49,49007,2,2,0,1,SAINT JACQUES,47.47383,-0.5755,19,2,2
202100002177,197Â 896,B01,1,1,1,5,2,-1,-1,0,0,-1,2021,60.0,0,1,0,0,4,2,5,,3,3,-1,D,2,2,0,2,(1),(1),1,, -1,1,0,1,80,21,12,2021,14:10,1,80,80205,1,1,0,2,D3,50.001982,2.034925,14,2,2
202100020633,164Â 744,A01,10,3,1,5,0,-1,-1,1,A,1,2021,38.0,3,2,0,1,2,1,2,,3,73,-1,,2,2,0,1,(1),(1),1,, -1,1,0,1,80,7,9,2021,18:55,1,50,50568,1,1,0,6,Route de la Brasardiere,49.003452,-1.426919,18,3,1
202100030597,147Â 062,B01,2,2,1,5,1,0,-1,0,0,-1,2021,42.0,1,2,0,2,0,16,1,,4,RUE DE LA CHAPELLE,0,,3,3,3,1,(1),(1),1,, -1,2,0,6,50,4,7,2021,13:15,1,75,75118,2,2,1,3,RUE DE LA CHAPELLE,48.898532,2.359384,13,4,2
202100028874,150Â 110,A01,1,1,1,4,2,0,-1,-1, -1,-1,2021,18.0,1,1,0,2,1,11,1,,3,MEAUX RUE DE,0,,2,2,0,1,0,1,1,, -1,1,0,1,50,15,7,2021,15:10,1,93,93074,2,1,0,6,Rue de Meaux,48.936384,2.581437,15,1,1
202100001541,199Â 049,B01,1,1,1,5,0,-1,-1,0,0,-1,2021,14.0,1,1,0,2,8,15,3,,3,1,-1,,2,2,0,1,5,400,1,,7,1,0,1,70,26,12,2021,14:00,1,973,97309,2,1,0,3,1741 Route de Montjoly,4.92339,-52.28304,14,2,2
202100034353,140Â 329,B01,1,1,2,5,1,-1,-1,0,0,-1,2021,22.0,1,2,0,2,7,1,1,,3,62,2,A,2,2,0,1,0,95,1,, -1,1,0,1,50,15,6,2021,19:00,1,86,86177,2,6,0,3,Rue de la Croix Berthon,46.684276,0.25791,19,2,2
202100020879,164Â 328,A01,1,1,1,5,1,0,-1,0,0,-1,2021,91.0,1,2,0,2,3,11,1,,4,PORTE MAILLOT,0,,1,2,0,1,(1),(1),2,, -1,1,1,1,50,4,9,2021,13:50,1,75,75116,2,4,0,3,ECHANGEUR MAILLOT,48.877829,2.279689,13,2,2
202100022843,160Â 782,A01,1,1,2,1,1,-1,-1,0,0,-1,2021,34.0,1,2,13,0,1,1,1,,3,328,0,,2,2,0,1,2,65,2,, -1,1,0,3,80,23,8,2021,14:00,1,71,71436,1,1,0,6,10 Lieu Dit la Galoche,46.7225648121,4.5163459829,14,1,1
202100032660,143Â 388,A01,1,1,2,0,2,6,-1,-1, -1,-1,2021,35.0,3,1,0,9,8,15,1,,4,BAHINOS (ROND POINT DE),0,,-1,2,0,1,0,0,2,, -1,2,0,1,50,23,6,2021,19:30,1,64,64024,2,6,1,7,BAHINOS (ROND POINT DE),43.49414,-1.51816,19,1,1
202100046730,118Â 243,B01,1,1,1,0,8,-1,-1,-1, -1,-1,2021,33.0,1,1,0,2,1,1,1,,4,BARTHELEMY BUYER                    (AV),0,,2,2,0,1,(1),(1),1,, -1,1,0,1,50,24,3,2021,11:26,1,69,69389,2,3,0,3,BARTHELEMY BUYER (AV),45.7634,4.80051,11,2,2
202100047655,116Â 572,B01,1,1,1,4,1,0,-1,0,0,-1,2021,50.0,2,2,1,2,3,1,2,,4,RUE DE BRETAGNE,0,,1,1,0,1,(1),(1),1,, -1,1,0,1,30,17,3,2021,07:45,1,75,75103,2,2,0,3,RUE DE BRETAGNE,48.862885,2.362556,7,3,2
202100030822,146Â 672,A01,10,3,2,0,0,-1,-1,2,3,2,2021,73.0,0,5,0,1,2,1,1,,4,RIMBAUD ( RUE EMILE ),0,,1,1,0,1,(1),0,1,, -1,1,0,1,50,29,6,2021,18:00,1,83,83069,2,1,0,6,RIMBAUD ( RUE EMILE ),43.08074,6.15557,18,3,1
202100023409,159Â 773,B01,1,1,2,0,1,-1,-1,0,0,-1,2021,36.0,0,2,0,2,2,1,1,,3,RD 1029 (ROUTE DE ST QUENTIN),0,,1,1,0,1,(1),(1),2,, -1,2,0,1,50,17,8,2021,22:25,5,80,80379,1,1,1,3,RD 1029 (ROUTE DE ST QUENTIN),49.86785,2.37431,22,2,2
202100032224,144Â 159,A01,1,1,1,9,2,6,-1,-1, -1,-1,2021,39.0,1,1,0,0,0,1,1,,2,449,0,,1,1,0,2,0,100,3,, -1,1,0,3,70,26,6,2021,17:20,1,91,91521,1,1,0,6,RN 449,48.6282,2.40033,17,1,1
202100025584,155Â 946,A01,2,2,2,0,2,0,-1,-1, -1,-1,2021,7.0,3,1,6,0,1,0,1,,6,DOTHEMARE,0,,-1,-1,0,1,(1),(1),1,, -1,1,0,8,30,3,8,2021,11:50,1,971,97101,1,1,0,6,DOTHEMARE,16.27146,-61.51524,11,2,1
202100034318,140Â 392,A01,1,1,1,9,2,6,-1,-1, -1,-1,2021,34.0,1,1,0,2,4,18,1,,4,ANATOLE FRANCE (AV),0,,2,2,0,1,1,0,1,, -1,1,0,1,30,14,6,2021,15:55,1,94,94022,2,1,0,2,Avenue Anatole France,48.75603,2.41441,15,2,2
202100008526,186Â 491,A01,1,1,1,5,1,-1,-1,0,0,-1,2021,23.0,2,2,2,0,2,1,1,,3,43,0,D,2,2,0,1,48,174,1,, -1,1,9,8,80,8,11,2021,19:00,3,40,40307,1,1,0,6,D43,44.347376,-0.555711,19,1,1
202100026054,155Â 112,A01,7,2,1,5,3,-1,-1,0,0,-1,2021,4.0,1,2,14,2,1,6,1,,3,775,-1,,2,2,0,2,27,413,1,, -1,1,9,1,30,31,7,2021,09:40,1,44,44067,2,1,0,1,Rue de ChÃ¢teaubriant,47.627451,-1.82895,9,5,2
202100006025,191Â 024,A01,2,2,2,9,2,-1,-1,0,0,-1,2021,19.0,2,1,0,2,1,17,1,,3,7,0,,2,2,0,1,78,331,1,, -1,1,0,1,80,28,11,2021,18:00,5,83,83086,1,1,0,5,Route d Aix En Provence,43.464188,6.535111,18,5,4
202100003357,195Â 762,B01,1,1,2,4,1,-1,-1,0,0,-1,2021,71.0,0,2,0,2,3,1,1,,3,,-1,,2,2,0,3,(1),(1),2,, -1,2,0,1,80,11,12,2021,13:00,1,40,40226,1,1,0,1,2135 Route de Puyol,43.591306,-0.393732,13,2,2
202100050908,110Â 681,A01,1,1,1,1,2,6,-1,-1, -1,-1,2021,23.0,1,1,0,2,1,16,1,,2,ROCADE G.POMPIDOU (DU 25 A LA FIN),0,,1,2,0,1,68,700,2,, -1,1,5,1,50,19,2,2021,17:50,2,25,25462,2,6,0,3,ROCADE G.POMPIDOU (DU 25 A LA FIN),46.91072,6.33262,17,2,2
202100053895,105Â 412,A01,1,1,1,0,8,-1,-1,0,0,-1,2021,21.0,0,2,13,9,1,1,1,,2,RT2,-1,,2,2,0,1,(1),(1),1,, -1,1,9,3,70,24,1,2021,23:30,3,986,98613,1,1,0,7,Mat 'utu   RT2,-13.278229,-176.196681,23,1,1
202100036901,135Â 741,A01,1,1,1,5,2,6,-1,0,0,-1,2021,16.0,1,1,0,2,1,5,1,,3,21,-1,D,-1,2,0,1,17,234,2,, -1,1,0,1,50,2,6,2021,18:55,2,44,44096,2,3,1,3,Rue Cornouaille Parking,47.435788,-1.228613,18,2,2
202100037992,133Â 751,B01,1,1,1,0,2,0,0,-1, -1,-1,2021,66.0,2,0,0,2,8,1,3,,3,EDOUARD VII,0,,2,2,2,1,30,510,1,, -1,1,0,1,50,27,5,2021,10:25,1,64,64348,2,1,0,3,avenue des Martyrs du Pont Long,43.3479,-0.38004,10,2,2
202100034701,139Â 697,B01,1,1,1,5,2,-1,-1,0,0,-1,2021,64.0,1,1,0,2,2,5,1,,3,19,-1,,2,2,0,2,10,800,3,, -1,1,0,1,80,14,6,2021,15:25,1,42,42168,1,1,0,1,Route du Mas,45.425489,4.676152,15,2,2
202100051571,109Â 516,A01,10,3,2,5,0,-1,-1,1,3,1,2021,28.0,1,2,0,1,3,1,1,,3,ESTIENNES D'ORVES (AVENUE D'),0,,2,2,0,1,(1),(1),1,, -1,1,0,1,50,13,2,2021,13:54,1,91,91326,2,1,0,6,ESTIENNES D'ORVES (AVENUE D'),48.69054,2.38076,13,3,1
202100040597,129Â 050,B01,3,2,1,0,1,0,-1,-1, -1,-1,2021,0.0,2,2,0,0,4,23,1,,4,BIRMINGHAM (DE)                     (AV),0,,1,3,3,1,(1),(1),1,, -1,1,0,1,50,8,5,2021,12:44,1,69,69384,2,1,0,2,BIRMINGHAM (DE)                     (AV),45.77468,4.81249,12,4,2
202100038532,132Â 764,B01,1,1,2,5,8,0,-1,0,0,-1,2021,18.0,2,1,0,2,4,2,3,,4,COURS ALBERT 1ER,0,,2,2,1,1,(1),(1),1,, -1,2,0,5,25,24,5,2021,16:40,1,75,75108,2,3,1,2,COURS ALBERT 1ER,48.864874,2.30791,16,2,2
202100053576,105Â 953,A01,10,3,1,2,0,-1,-1,3,3,1,2021,17.0,2,2,0,1,1,1,1,,7,LECLERC. AVENUE DU GENERAL,0,,2,2,0,1,61,200,1,, -1,1,-1,1,50,26,1,2021,08:00,5,76,76319,2,1,0,6,Avenue du General Leclerc,49.36518,1.01392,8,2,1
202100018831,167Â 986,A01,1,1,1,1,1,-1,-1,0,0,-1,2021,52.0,1,2,0,2,1,13,1,,3,49,0,D,2,2,0,1,4,800,2,, -1,1,0,1,80,15,9,2021,09:50,1,35,35289,1,1,0,1,Frileux,47.859817,-1.82415,9,5,2
202100048747,114Â 628,A01,1,1,1,5,0,-1,-1,0,0,-1,2021,21.0,2,1,0,2,3,2,0,,3,108,-1,,2,2,0,4,(1),(1),3,, -1,9,0,1,50,9,3,2021,21:13,3,971,97116,2,1,0,3,D108 - route de Brion,16.323867,-61.458115,21,2,2
202100008181,187Â 102,A01,1,1,2,5,8,-1,-1,0,0,-1,2021,39.0,0,2,2,0,1,1,1,,3,162,-1,,2,2,0,2,16,570,3,, -1,1,0,3,80,14,11,2021,14:10,1,49,49046,1,1,0,6,D162,47.186286,-0.008004,14,1,1
202100037816,134Â 060,A01,10,3,2,5,0,-1,-1,1,3,2,2021,40.0,1,2,0,1,1,1,1,,3,RD 6009 NARBONNE - PERPIGNAN,0,,3,2,0,1,0,0,1,, -1,1,0,1,90,27,5,2021,00:20,3,11,11262,2,1,0,6,RD 6009 NARBONNE - PERPIGNAN,43.168046,2.983199,0,3,1
202100017164,170Â 958,B01,1,1,1,5,2,6,-1,0,0,-1,2021,52.0,1,1,0,2,8,1,5,,3,45,0,D,2,2,0,2,28,105,1,, -1,1,0,1,80,26,9,2021,17:25,1,31,31573,1,1,0,3,d45,43.685564,1.67048,17,2,2
202100020059,165Â 769,A01,1,1,1,5,2,6,-1,-1, -1,-1,2021,16.0,1,1,0,0,0,26,1,,7,THOUAR MONTEE,0,,2,2,0,4,2,0,2,, -1,1,0,1,30,8,9,2021,17:30,1,83,83062,2,1,0,7,THOUAR MONTEE,43.1315758758,6.0101410698,17,2,1
202100002290,197Â 694,B01,1,1,1,0,2,8,-1,-1, -1,-1,2021,26.0,3,1,0,2,8,1,1,,3,9,0,,-1,1,0,1,0,0,1,, -1,1,5,1,50,18,12,2021,00:15,5,92,92026,2,2,0,3,BAUDIN,48.8951210105,2.2500769794,0,4,2
202100000286,201Â 212,C01,1,1,1,5,1,-1,-1,0,0,-1,2021,23.0,1,2,0,2,8,1,1,,2,165,-1,,3,4,0,1,14,555,1,, -1,1,0,1,110,30,12,2021,13:15,1,56,56004,1,1,0,5,N165 sens Nantes/Brest,47.538963,-2.417142,13,3,3
202100030861,146Â 598,B01,2,2,2,5,2,6,-1,0,0,-1,2021,48.0,2,1,0,2,1,1,3,,4,PLACE DE LA CONCORDE,0,,1,8,0,1,(1),(1),1,, -1,2,0,1,50,4,7,2021,16:14,1,75,75108,2,7,1,3,PLACE DE LA CONCORDE,48.865857,2.319891,16,4,2
202100029653,148Â 786,A01,1,1,1,0,2,6,-1,0,0,-1,2021,74.0,1,1,12,0,2,1,1,,3,4,0,,1,1,0,1,(1),(1),1,, -1,1,9,1,30,10,7,2021,21:55,5,46,46201,2,1,0,7,47 Boulevard Jacques Chapou,44.337378,1.207836,21,1,1
202100042179,126Â 228,A01,10,3,1,5,0,-1,-1,2,5,2,2021,3.0,3,2,0,1,3,1,1,,4,LAUZUN (RUE PHILIPPE),0,,1,1,0,1,0,0,1,, -1,1,0,1,50,25,4,2021,17:58,1,47,47001,2,1,0,6,LAUZUN (RUE PHILIPPE),44.20346,0.628019,17,2,1
202100044639,121Â 931,A01,1,1,1,5,2,6,-1,0,0,-1,2021,38.0,2,1,2,2,1,0,0,,3,112,0,D,2,2,0,1,84,600,1,, -1,1,0,1,80,10,4,2021,16:27,1,81,81140,1,1,0,2,D112,43.691785,1.774571,16,2,2
202100003038,196Â 349,A01,2,2,2,5,1,-1,-1,-1, -1,-1,2021,36.0,2,2,0,2,2,13,1,,1,AUTOROUTE A 63,0,,3,4,0,1,7,937,1,, -1,1,0,1,110,14,12,2021,15:18,1,33,33122,1,1,0,2,,44.743667,-0.705607,15,3,2
202100036921,135Â 706,B01,9,2,1,5,1,-1,-1,0,0,-1,2021,33.0,1,2,3,0,4,2,1,,1,7,-1,,2,3,0,1,208,741,1,, -1,1,0,1,130,3,6,2021,13:35,1,13,13076,1,1,0,2,Autoroute A7 PK 208+740 Sens LYON/MARSEILLE,43.83277,5.006397,13,4,2
202100006056,190Â 975,A01,10,3,2,5,0,-1,-1,4,3,1,2021,67.0,3,2,0,1,0,1,1,,3,1516,0,,2,4,0,1,(1),(1),1,, -1,1,0,1,50,27,11,2021,17:25,5,38,38509,2,9,0,6,61 Boulevard Gambetta,45.566504,5.449054,17,3,1
202100043185,124Â 468,A01,1,1,1,1,2,8,-1,-1, -1,-1,2021,35.0,1,1,0,2,0,21,1,,7,7 RMENT DE TIRAILLEURS ALGERIENS (AVENUE,0,,2,5,1,2,0,500,1,, -1,1,0,1,50,21,4,2021,07:45,1,13,13002,2,1,0,7,7 RMENT DE TIRAILLEURS ALGERIENS (AVENUE,43.338241338,5.476103097,7,2,2
202100052397,108Â 051,A01,10,3,2,3,0,-1,-1,9,B,1,2021,74.0,3,5,0,1,4,4,1,,6,PICOT (AVE DU COLONEL),0,,-1,-1,0,1,0,0,1,, -1,1,9,8,10,5,2,2021,10:15,1,83,83137,2,1,0,6,PICOT (AVE DU COLONEL),43.12555,5.95836,10,2,1
202100049043,114Â 090,B01,1,1,1,1,1,4,-1,-1, -1,-1,2021,25.0,1,2,0,2,1,1,1,,3,613,0,,2,2,0,1,0,0,1,, -1,1,5,1,80,4,1,2021,20:29,3,30,30189,1,2,0,3,MAS DE CHEYLON,43.80512,4.33663,20,2,2
202100047094,117Â 591,A01,2,2,2,5,1,-1,-1,0,0,-1,2021,20.0,1,2,2,0,8,13,1,,4,,-1,D,1,1,0,2,(1),(1),3,, -1,1,0,3,50,21,3,2021,15:00,1,62,62628,2,1,0,6,Rue Jean Monnet,50.431332,2.865517,15,2,1
202100022758,160Â 922,B01,1,1,1,0,1,0,-1,-1, -1,-1,2021,56.0,2,2,0,2,8,15,1,,4,MICHEL LOUISE RUE,0,,2,2,0,1,1,0,1,, -1,1,0,1,30,23,8,2021,20:00,2,93,93006,2,1,0,3,Rue Louise Michel,48.8781167924,2.4327539207,20,2,2
202100054407,104Â 504,A01,1,1,1,0,2,0,-1,-1, -1,-1,2021,63.0,2,1,0,2,1,1,1,,1,AUTOROUTE A3,0,,3,8,0,1,1,0,1,, -1,1,0,1,70,20,1,2021,16:00,1,93,93006,1,1,0,2,AUTOROUTE A3,48.8669,2.4253,16,2,2
202100047044,117Â 681,B01,1,1,1,1,2,-1,-1,-1, -1,-1,2021,49.0,1,1,0,2,4,1,1,,4,BD JOLIOT-CURIE,0,,3,4,0,1,(1),(1),3,, -1,1,0,1,50,22,3,2021,15:45,1,33,33063,2,3,0,2,Boulevard Joliot-Curie,44.837645,-0.548276,15,2,2
202100037527,134Â 587,A01,1,1,1,5,2,6,-1,0,0,-1,2021,27.0,1,1,0,2,1,2,1,,3,906,-1,,3,2,0,1,20,0,3,, -1,1,0,1,90,30,5,2021,18:45,1,3,3235,1,1,0,2,RD 906 PK 20,46.247449,3.517513,18,2,2
202100051370,109Â 857,A01,1,1,1,1,2,0,-1,-1, -1,-1,2021,24.0,2,1,0,0,7,1,1,,1,A51-Sens Aix en Provence vers Marseille,0,,1,3,0,1,16,0,1,, -1,1,0,1,90,15,2,2021,07:30,2,13,13001,1,1,0,7,A51-Sens Aix en Provence vers Marseille,43.5237,5.4265,7,1,1
202100043267,124Â 326,A01,2,2,1,5,2,6,-1,0,0,-1,2021,18.0,1,1,0,2,4,26,1,,1,8,-1,,3,4,0,2,200,800,1,, -1,1,1,1,110,22,4,2021,16:15,1,6,6149,1,1,0,3,autoroute A8 PK 200.800 tunnel du paillon sens france italie,43.732333,7.295158,16,3,2
202100045774,119Â 930,A01,1,1,1,1,1,8,-1,-1, -1,-1,2021,19.0,0,2,13,0,9,13,1,,3,VALLABREGUES ( RD 81 ROUTE DE),0,,2,2,0,1,1,49,3,, -1,1,0,1,80,29,3,2021,12:15,1,13,13108,1,1,0,7,VALLABREGUES ( RD 81 ROUTE DE),43.8246041635,4.6485269103,12,1,1
202100037513,134Â 614,A01,1,1,2,5,1,-1,-1,0,0,-1,2021,41.0,1,2,5,0,1,1,1,,1,26,0,A,1,2,0,1,138,100,1,, -1,1,0,3,130,30,5,2021,16:40,1,59,59377,1,1,0,6,A26 - PK 138+100,50.120193,3.155565,16,1,1
202100014275,176Â 183,B01,2,2,1,5,1,-1,-1,0,0,-1,2021,26.0,2,5,0,2,3,1,1,,2,1,0,,2,2,0,2,(1),(1),3,, -1,1,0,1,70,9,10,2021,19:30,3,988,98821,1,3,0,1,RT1 non loin du Pont de la tontouta,-21.98086,166.19599,19,4,2
202100052198,108Â 407,A01,2,2,2,5,1,0,-1,-1, -1,-1,2021,18.0,2,2,12,0,3,26,1,,1,A507 sens Aubagne- Marseille,0,,3,3,0,1,1,506,3,, -1,1,1,1,70,8,2,2021,20:10,5,13,13055,1,1,1,7,A507 sens Aubagne- Marseille,43.32993,5.39015,20,2,1
202100042773,125Â 192,A01,1,1,1,0,5,1,-1,0,0,-1,2021,43.0,1,2,0,0,0,12,1,,3,20,-1,,3,4,0,2,26,400,1,, -1,1,0,1,90,24,4,2021,18:00,1,91,91132,1,1,0,7,N20,48.511139,2.202166,18,1,1
202100001987,198Â 247,A01,1,1,1,0,2,6,-1,-1, -1,-1,2021,52.0,2,1,0,2,3,1,1,,2,2,0,,2,2,0,1,0,0,1,, -1,1,0,1,50,20,12,2021,15:58,1,976,97611,2,1,0,3,mgombani-Mahabou (rond point),-12.77973,45.23277,15,2,2
202100006918,189Â 401,A01,10,3,2,5,0,-1,-1,4,3,2,2021,87.0,1,2,0,1,1,1,1,,4,POISSONNERIE,0,,2,2,0,1,1,0,1,, -1,2,0,1,30,21,11,2021,19:46,5,49,49007,2,1,1,6,POISSONNERIE,47.4727,-0.55709,19,4,1
202100035985,137Â 361,B01,1,1,1,5,0,-1,-1,0,0,-1,2021,69.0,2,1,0,2,5,1,5,,3,1,0,,2,2,0,1,67,200,1,,"5,5",1,0,8,50,8,6,2021,09:30,1,51,51030,2,3,0,1,Route d Epernay,49.046634,4.089924,9,2,2
202100015306,174Â 348,B01,1,1,1,4,1,-1,-1,-1,0,-1,2021,58.0,1,5,0,2,1,1,1,,2,RN 184,0,,3,4,0,1,4,0,1,, -1,1,0,1,90,4,10,2021,10:15,1,95,95572,1,1,0,2,RN 184,49.038206,2.124044,10,2,2