Num_Acc,id_vehicule,num_veh,place,catu,sexe,trajet,secu1,secu2,secu3,locp,actp,etatp,year_acc,victim_age,senc,catv,obs,obsm,choc,manv,motor,occutc,catr,voie,v1,v2,circ,nbv,vosp,prof,pr,pr1,plan,lartpc,larrout,surf,infra,situ,vma,jour,mois,an,hrmn,lum,dep,com,agg_,int,atm,col,adr,lat,long,hour,nb_victim,nb_vehicules
202100025974,155Â 252,B01,2,2,2,0,1,0,-1,-1, -1,-1,2021,65.0,1,2,0,2,3,1,1,,3,RIVE (AVENUE DE LA) RD 1005,0,,2,2,0,2,0,0,3,, -1,1,0,1,70,1,8,2021,13:15,1,74,74218,1,1,0,1,RIVE (AVENUE DE LA) RD 1005,46.38674,6.52115,13,3,2
202100035901,137Â 516,B01,1,1,1,1,8,0,-1,-1, -1,-1,2021,33.0,2,1,0,2,8,19,5,,7,BETHUNE (RUE DE),0,,1,4,0,1,(1),(1),1,, -1,1,9,5,50,7,6,2021,07:15,1,59,59599,2,6,0,1,BETHUNE (RUE DE),50.724836,3.132341,7,2,2
202100029109,149Â 717,B01,2,2,2,5,2,6,-1,-1, -1,-1,2021,16.0,2,1,0,2,1,1,1,,4,PAUL BERT (PLACE),0,,2,2,0,1,0,0,1,, -1,1,0,1,30,13,7,2021,23:10,5,64,64102,2,1,0,3,Place Paul Bert,43.49017,-1.47086,23,3,2
202100033092,142Â 594,A01,2,2,1,9,8,0,-1,-1, -1,-1,2021,31.0,2,2,9,0,2,2,1,,3,REPUBLIQUE (AV DE LA),0,,2,2,0,1,0,0,1,, -1,1,0,1,50,20,6,2021,05:09,1,94,94076,2,1,0,1,REPUBLIQUE (AV DE LA),48.78698,2.35281,5,2,1
202100040177,129Â 783,B01,1,1,1,5,8,-1,-1,-1, -1,-1,2021,15.0,2,1,1,0,1,0,5,,3,ROOSEVELT F. (RUE DU PRESIDENT),0,,2,2,1,2,0,100,1,, -1,1,0,1,50,12,5,2021,15:01,1,51,51454,2,1,0,3,Rue du Pdt Franklin Roosevelt,49.26258,4.02756,15,2,2
202100002955,196Â 490,A01,10,3,2,0,0,-1,-1,9,2,1,2021,21.0,2,2,0,1,0,26,1,,6,Avenue du Souvenir FranÃ§ais,0,,-1,-1,0,1,1,0,1,, -1,1,9,8,20,10,12,2021,11:10,1,11,11069,2,1,0,6,SOUVENIR FRANCAIS -AVENUE-,43.20878,2.38252,11,2,1
202100037994,133Â 748,B01,1,1,1,0,2,0,-1,0,0,-1,2021,28.0,1,1,0,2,1,17,1,,4,,0,,1,2,0,1,(1),(1),1,, -1,1,0,1,50,26,5,2021,20:05,1,63,63113,2,4,0,2,FRANCE (RUE ANATOLE),45.77957,3.11589,20,2,2
202100040457,129Â 292,A01,1,1,1,5,8,0,-1,-1, -1,-1,2021,11.0,1,1,0,2,1,9,5,,4,PUY REJEAUD (RUE DU),0,,2,2,0,1,0,0,2,, -1,1,0,1,50,8,5,2021,18:53,1,87,87085,2,3,0,3,PUY REJEAUD (RUE DU),45.84411,1.22373,18,2,2
202100050248,111Â 900,A01,1,1,1,5,8,-1,-1,0,0,-1,2021,75.0,1,1,0,0,0,1,5,,3,147,0,D,2,2,0,3,11,170,1,, -1,1,0,1,80,26,2,2021,12:00,1,56,56224,1,1,0,7,D147 LEZERAN,47.794061,-2.314548,12,1,1
202100011719,180Â 781,A01,3,2,1,5,8,-1,-1,0,0,-1,2021,32.0,1,2,0,2,6,5,1,,2,1,-1,,2,2,0,1,64,600,1,,7,1,0,1,90,22,10,2021,19:30,3,973,97304,1,1,0,1,RN1-PK 55+800,5.121037,-52.741241,19,9,2
202100051776,109Â 148,B01,1,1,2,1,1,8,-1,-1, -1,-1,2021,43.0,1,2,0,2,7,1,1,,3,MONTABO (ROUTE DE) 2,0,,2,2,0,3,2,800,1,, -1,2,5,1,50,11,2,2021,17:30,1,973,97302,2,3,1,3,MONTABO (ROUTE DE) 2,4.938166087,-52.2991651297,17,2,2
202100043013,124Â 785,A01,10,3,1,0,0,-1,-1,4,3,1,2021,60.0,1,2,0,1,1,15,1,,4,VAL SAINT GREGOIRE (RUE DU),0,,2,2,0,1,1,0,1,, -1,1,0,8,50,30,3,2021,12:37,1,68,68066,2,9,0,6,VAL SAINT GREGOIRE (RUE DU),48.08186,7.34453,12,2,1
202100021445,163Â 313,B01,1,1,1,1,2,0,-1,-1, -1,-1,2021,37.0,2,1,0,2,2,0,1,,4,BAILLY ALBERT RUE,0,,2,2,0,1,(1),(1),1,, -1,1,0,1,30,1,9,2021,10:20,1,59,59378,2,1,0,3,BAILLY ALBERT RUE,50.68833,3.109377,10,2,2
202100055036,103Â 437,B01,5,2,1,0,1,0,-1,-1, -1,-1,2021,11.0,1,2,0,2,4,23,1,,7,BERTHELOT (RUE MARCELIN BERTHELOT),0,,2,2,0,1,5,25,1,, -1,2,0,1,50,14,1,2021,17:52,5,45,45147,2,1,1,2,274 Rue Marcelin Berthelot,47.93859,1.91884,17,6,2
202100037587,134Â 474,B01,1,1,1,0,2,0,-1,0,0,-1,2021,47.0,1,1,0,2,8,1,1,,7,POINCARE (RUE RAYMOND 1-29-2-30),0,,1,3,0,1,(1),(1),1,, -1,1,0,1,50,29,5,2021,17:03,1,54,54395,2,1,0,3,POINCARE (RUE RAYMOND 1-29-2-30),48.6900441761,6.1718239893,17,3,2
202100037289,135Â 019,B01,1,1,1,5,2,6,-1,0,0,-1,2021,22.0,3,1,0,2,7,1,1,,4,QUAI DE LA GARE,0,,2,4,0,1,(1),(1),1,, -1,1,0,1,50,31,5,2021,18:30,1,75,75113,2,2,0,3,QUAI DE LA GARE,48.837572,2.373653,18,4,2
202100033000,142Â 759,A01,1,1,2,5,1,-1,-1,-1,0,-1,2021,24.0,2,2,4,0,1,1,1,,1,AUTOROUTE A15,0,,3,5,0,2,7,0,2,, -1,2,0,1,5,22,6,2021,12:00,1,95,95018,1,1,1,6,A15,48.95646,2.27472,12,1,1
202100051789,109Â 126,A01,10,3,2,0,0,-1,-1,3,3,1,2021,37.0,1,2,0,1,1,1,1,,7,GENERAL LECLERC (RUE DU),0,,2,1,0,1,(1),(1),1,, -1,1,4,1,50,9,2,2021,08:15,1,67,67365,2,8,0,6,GENERAL LECLERC (RUE DU),48.55143,7.71124,8,2,1
202100018369,168Â 794,B01,1,1,1,5,8,0,-1,-1, -1,-1,2021,72.0,1,1,0,2,1,1,5,,4,BRIAND (RUE ARISTIDE),0,,2,2,0,1,0,0,1,, -1,1,0,1,30,4,9,2021,13:20,1,28,28085,2,3,0,2,BRIAND (RUE ARISTIDE),48.4466,1.52103,13,2,2
202100036516,136Â 436,A01,1,1,1,5,2,6,-1,0,0,-1,2021,17.0,1,1,0,2,1,2,1,,3,,-1,,2,2,0,1,17,800,1,, -1,1,0,4,50,5,6,2021,18:20,1,2,2399,2,1,0,3,14 Rue de Verdun,49.446491,3.892132,18,2,2
202100002598,197Â 138,B01,1,1,2,5,2,6,-1,-1, -1,-1,2021,54.0,1,1,0,2,7,15,1,,4,ROGER SALENGRO     (Avenue),0,,2,2,3,1,(1),(1),1,, -1,2,0,6,50,16,12,2021,14:30,1,69,69266,2,2,1,3,ROGER SALENGRO (AV),45.7797930693,4.8821957409,14,2,2
202100022691,161Â 052,A01,1,1,2,9,1,8,-1,-1, -1,-1,2021,65.0,2,2,0,0,1,1,1,,4,CASE NEGRE (RUE),0,,2,2,0,1,3,400,1,, -1,1,0,1,50,24,8,2021,08:50,1,972,97213,2,1,0,6,CASE NEGRE (RUE),14.62189,-60.98957,8,1,1
202100033811,141Â 324,B01,4,2,1,5,3,8,-1,-1, -1,-1,2021,0.0,2,2,0,2,1,1,1,,4,ALSACE LORRAINE D',0,,2,4,0,1,0,0,1,, -1,1,0,1,50,16,6,2021,14:50,1,64,64445,2,1,0,3,ALSACE LORRAINE D',43.304,-0.37,14,5,2
202100055140,103Â 251,A01,1,1,2,0,1,8,-1,-1, -1,-1,2021,78.0,2,2,0,2,1,1,1,,2,RN12 EXT,0,,3,6,0,1,37,500,1,, -1,1,0,1,90,14,1,2021,10:00,1,78,78321,1,1,0,2,RN12 EXT,48.797113,1.908986,10,3,2
202100049402,113Â 452,B01,1,1,1,4,2,0,-1,-1, -1,-1,2021,19.0,1,1,0,2,2,0,1,,7,SAINT MENET (MONTEE),0,,2,0,0,1,8,100,2,, -1,1,0,1,50,3,3,2021,12:00,1,13,13211,2,1,0,3,SAINT MENET (AVENUE),43.29026,5.49236,12,2,2
202100050867,110Â 757,B01,1,1,2,5,2,8,-1,-1, -1,-1,2021,19.0,3,1,0,2,1,17,1,,4,SAUNIERS (RUE DES),0,,2,0,0,1,(1),(1),1,, -1,1,0,1,50,18,2,2021,18:30,2,85,85194,2,1,0,6,SAUNIERS (RUE DES),46.49952,-1.79894,18,2,2
202100045493,120Â 419,A01,1,1,1,5,0,-1,-1,0,0,-1,2021,23.0,3,5,2,0,1,1,1,,4,sans,0,C,2,2,0,1,(1),(1),2,, -1,1,0,3,80,2,4,2021,22:14,3,88,88441,1,1,0,6,chemin communal de sans vallois jÃ©sonville,48.153873,6.107154,22,2,1
202100054348,104Â 614,B01,1,1,1,1,2,6,-1,0,0,-1,2021,60.0,2,1,0,2,3,3,1,,4,BOULEVARD PERIPHERIQUE,0,,1,4,0,1,16,800,1,, -1,1,0,1,70,20,1,2021,17:45,5,75,75117,2,1,0,3,BOULEVARD PERIPHERIQUE,48.8827,2.283359,17,2,2
202100003901,194Â 783,A01,10,3,1,2,0,-1,-1,3,3,1,2021,13.0,0,2,0,1,2,1,1,,4,,0,,2,2,0,1,(1),(1),1,,4,2,0,1,50,8,12,2021,08:00,2,21,21154,2,1,1,6,4 Rue de Seine,47.8617954585,4.5761251938,8,2,1
202100005528,191Â 915,A01,1,1,1,2,1,-1,-1,-1, -1,-1,2021,23.0,2,2,7,0,9,1,1,,3,D907,0,,2,2,0,2,9,155,2,, -1,2,0,8,80,25,11,2021,09:15,1,4,4112,1,1,1,7,RD 907,43.8408,5.74486,9,1,1
202100019744,166Â 353,B01,2,2,1,9,1,0,-1,-1, -1,-1,2021,58.0,1,2,1,0,2,1,1,,4,MOULIN NEUF (RUE DU),0,,2,2,0,1,0,0,1,, -1,1,0,1,50,10,9,2021,15:20,1,93,93072,2,3,0,3,MOULIN NEUF (RUE DU),48.9518,2.39268,15,3,2
202100005267,192Â 370,A01,10,3,1,0,0,-1,-1,3,3,1,2021,21.0,1,2,0,1,2,1,1,,4,ROMAINS (ROUTE DES),0,,3,4,3,1,0,0,1,, -1,1,0,1,50,29,11,2021,08:40,1,67,67482,2,1,0,6,ROMAINS (ROUTE DES),48.579738,7.716917,8,2,1
202100034185,140Â 646,B01,1,1,1,5,1,-1,-1,0,0,-1,2021,78.0,1,2,0,2,1,1,1,,3,38,0,E,2,2,0,1,1,450,1,, -1,1,5,1,-1,16,6,2021,16:50,1,31,31048,1,6,0,1,Le Pigne,43.450199,1.629557,16,3,2
202100026901,153Â 625,A01,1,1,1,5,1,-1,-1,0,0,-1,2021,21.0,1,2,5,2,3,13,1,,3,758,0,D,2,2,0,1,9,300,1,, -1,1,0,1,-1,28,7,2021,15:35,1,85,85029,1,1,0,1,Le Pre Greneze,46.947827,-2.024542,15,2,2
202100006528,190Â 135,A01,2,2,2,5,2,-1,-1,0,0,-1,2021,49.0,2,1,0,2,1,1,1,,3,120,0,,2,2,0,2,1,20,1,, -1,1,0,1,80,24,11,2021,14:20,1,69,69024,1,4,0,3,11 NOVEMBRE 1918 (DU) (R),45.916169,4.577329,14,3,2
202100054840,103Â 776,A01,1,1,1,1,1,0,-1,-1, -1,-1,2021,30.0,2,2,0,2,1,2,1,,1,A86.EXT,0,,1,2,0,1,30,0,1,, -1,1,0,1,90,15,1,2021,07:30,5,94,94033,1,1,0,2,A86.EXT,48.85653,2.489,7,2,2
202100037969,133Â 795,B01,1,1,2,3,2,8,-1,-1, -1,-1,2021,49.0,3,1,0,2,8,0,1,,6,AV JEAN MOULIN,0,,-1,0,0,1,0,100,1,, -1,1,9,8,30,27,5,2021,11:50,1,91,91097,2,9,0,2,AV JEAN MOULIN,48.68177,2.53541,11,2,2
202100007651,188Â 073,B01,1,1,1,9,2,6,-1,0,0,-1,2021,58.0,1,1,0,2,4,23,1,,4,QUAI SAINT MICHEL,0,,1,3,3,1,(1),(1),1,, -1,2,0,1,30,17,11,2021,08:40,1,75,75105,2,5,1,2,QUAI SAINT MICHEL,48.853751,2.344285,8,2,2
202100035221,138Â 744,A01,10,3,1,1,0,-1,-1,2,1,2,2021,29.0,3,2,0,1,1,1,1,,4,L'EGLISE,0,,1,1,0,4,(1),(1),1,, -1,1,0,1,50,9,6,2021,10:50,1,95,95428,2,1,0,6,Rue de lâEglise,48.985341,2.319594,10,2,1
202100009689,184Â 387,A01,1,1,1,1,1,-1,-1,0,0,-1,2021,28.0,1,2,2,0,1,1,2,,3,28,-1,,2,2,0,3,1,594,2,, -1,2,0,3,80,4,11,2021,08:35,1,55,55369,1,1,1,6,D28,48.808277,5.211725,8,1,1
202100020418,165Â 144,A01,1,1,1,4,1,-1,-1,0,0,-1,2021,43.0,3,4,13,0,2,1,1,,4,,-1,,2,1,0,2,(1),(1),1,,3,1,0,1,50,6,9,2021,11:30,1,63,63077,2,1,0,7,Chemin des Combes,45.576009,2.922288,11,1,1
202100047962,116Â 007,A01,10,3,1,0,0,-1,-1,2,3,1,2021,19.0,0,2,0,1,2,1,1,,3,REPUBLIQUE (R DE LA),0,,1,2,3,1,0,0,1,, -1,2,0,1,30,15,3,2021,09:30,1,94,94018,2,1,1,3,REPUBLIQUE (R DE LA),48.82256,2.41715,9,2,1
202100025669,155Â 797,B01,1,1,2,1,1,-1,-1,0,0,-1,2021,22.0,1,2,0,0,6,15,1,,3,1,0,D,2,2,0,2,4,450,1,,5,2,0,1,80,5,8,2021,08:00,1,58,58189,1,1,0,2,D1,47.242561,3.070861,8,2,2
202100010405,183Â 117,A01,2,2,2,0,1,-1,-1,0,0,-1,2021,40.0,2,5,13,0,2,1,1,,3,78,0,,2,2,0,1,13,981,1,, -1,2,0,3,70,30,10,2021,11:10,1,76,76435,1,1,0,7,D78,49.9668875276,1.4559657289,11,2,1
202100032613,143Â 479,C01,1,1,2,0,1,0,-1,-1, -1,-1,2021,25.0,2,2,0,2,2,2,1,,1,A50-Sens Aubagne vers Marseille,0,,1,3,0,1,10,500,1,, -1,1,0,1,90,23,6,2021,09:00,1,13,13070,1,1,0,2,A50-Sens Aubagne vers Marseille,43.2853,5.5152,9,3,3
202100021991,162Â 326,A01,1,1,1,5,1,-1,-1,0,0,-1,2021,33.0,1,2,13,0,3,16,1,,3,28,0,E,2,2,0,1,4,958,3,, -1,9,0,3,80,29,8,2021,20:20,2,31,31033,1,1,0,6,D28e,43.339997,1.470948,20,1,1
202100039378,131Â 214,A01,1,1,1,2,2,-1,-1,0,0,-1,2021,22.0,3,1,0,2,2,0,1,,4,0,0,A,-1,2,0,1,0,0,1,, -1,1,0,1,50,19,5,2021,17:15,1,84,84092,2,9,0,3,Route de MoriÃ©res,43.951818,4.849321,17,2,2
202100040082,129Â 950,A01,1,1,1,4,2,6,-1,-1, -1,-1,2021,30.0,2,1,0,2,1,2,1,,3,ARISTIDE BRIAND (AVENUE),0,,1,1,1,1,0,0,1,, -1,1,0,1,50,13,5,2021,20:10,2,92,92002,2,1,0,2,ARISTIDE BRIAND (AVENUE),48.75936,2.30732,20,2,2
202100010990,182Â 084,B01,1,1,1,0,1,-1,-1,0,0,-1,2021,61.0,1,5,0,2,1,1,1,,3,933,-1,S,2,2,0,2,36,300,1,, -1,1,0,1,80,27,10,2021,13:45,1,40,40069,1,1,0,1,D933s,43.596244,-0.646906,13,3,2
202100048198,115Â 604,A01,1,1,2,0,1,-1,-1,0,0,-1,2021,22.0,2,2,3,0,7,1,1,,1,320,0,,3,4,0,1,13,200,1,, -1,7,0,2,110,13,3,2021,16:30,1,57,57659,1,1,1,6,autoroute A320,49.201995,6.949217,16,1,1
202100048417,115Â 213,A01,1,1,1,1,1,0,-1,0,0,-1,2021,21.0,1,2,0,9,7,21,1,,3,CAUMONT (ROUTE DE ),0,,2,2,0,1,1,0,1,, -1,1,0,1,50,8,3,2021,10:15,1,14,14137,1,1,0,6,Route de Caumont,49.18313,-0.46277,10,1,1
202100007980,187Â 469,A01,10,3,1,2,0,-1,-1,3,3,2,2021,7.0,2,2,0,1,8,26,1,,3,BD VOLTAIRE,0,,2,1,0,1,0,0,1,, -1,1,0,1,30,15,11,2021,08:15,1,91,91021,2,4,0,6,BD VOLTAIRE,48.58908,2.25243,8,2,1
202100014715,175Â 412,B01,1,1,1,5,2,6,-1,0,0,-1,2021,55.0,3,1,0,2,1,1,1,,4,,-1,,2,2,0,1,(1),(1),1,,5,1,0,1,50,8,10,2021,11:45,1,14,14762,2,3,0,3,Avenue de Bischwiller,48.856661,-0.872877,11,2,2
202100024877,157Â 194,B01,1,1,1,0,1,-1,-1,-1, -1,-1,2021,50.0,1,2,0,2,4,2,1,,4,ARNOULD (BOULEVARD CHARLES),0,,2,2,1,2,(1),(1),2,, -1,2,0,2,50,5,8,2021,18:41,1,51,51454,2,1,0,2,Boulevard Charles Arnould,49.2602407449,4.0089207888,18,4,2
202100004259,194Â 141,B01,2,2,2,5,1,0,-1,-1, -1,-1,2021,21.0,0,2,0,2,1,1,1,,4,VILLERBON (RUE DE),0,,2,2,0,1,(1),(1),2,, -1,1,0,1,50,4,12,2021,21:05,5,41,41047,2,1,0,1,VILLERBON (RUE DE),47.60389,1.34795,21,3,2
202100029640,148Â 807,A01,10,3,1,5,0,-1,-1,3,3,2,2021,8.0,1,1,0,1,1,26,1,,3,BRIAND AVENUE ARISTIDE NÂ°2 A 114,0,,3,6,1,1,0,1,1,, -1,1,0,1,50,10,7,2021,12:15,1,92,92049,2,3,0,6,BRIAND AVENUE ARISTIDE NÂ°2 A 114,48.81747,2.32545,12,2,1
202100041974,126Â 592,A01,1,1,1,5,0,-1,-1,0,0,-1,2021,30.0,1,1,2,0,1,0,1,,3,522,-1,,2,2,0,1,(1),(1),2,, -1,1,0,1,80,30,4,2021,08:00,1,201,201114,1,1,0,6,D522,41.516127,9.135923,8,1,1
202100028859,150Â 133,A01,10,3,2,3,0,-1,-1,2,3,1,2021,31.0,1,0,0,1,8,1,3,,4,QUAI DE LA GARE,0,,2,5,1,1,(1),(1),1,, -1,1,0,5,50,15,7,2021,19:00,1,75,75113,2,1,0,6,QUAI DE LA GARE,48.836926,2.374206,19,2,1
202100038206,133Â 352,A01,1,1,2,5,1,8,-1,0,0,-1,2021,67.0,2,2,0,2,1,1,1,,4,METIERS ( RUE DES ),0,,2,2,0,2,0,1,1,, -1,1,0,1,50,25,5,2021,14:34,1,5,5061,2,1,0,2,METIERS ( RUE DES ),44.56359,6.0956,14,3,2
202100050430,111Â 555,B01,1,1,1,0,2,0,-1,-1, -1,-1,2021,34.0,1,1,0,2,1,1,1,,3,MADELEINE (ROUTE DE LA),0,,2,2,0,1,1,600,1,, -1,1,0,1,50,22,2,2021,11:25,1,973,97302,2,1,0,3,MADELEINE (ROUTE DE LA),4.92717,-52.32478,11,2,2
202100047550,116Â 774,A01,1,1,1,9,0,-1,-1,0,0,-1,2021,18.0,3,2,2,0,3,1,1,,4,,-1,,2,2,0,1,(1),(1),3,, -1,1,9,3,-1,19,3,2021,09:30,1,33,33385,1,1,0,6,Bois Pertuis,45.072733,-0.013261,9,1,1
202100055003,103Â 493,A01,1,1,1,4,1,0,-1,-1,0,-1,2021,46.0,2,4,16,0,1,26,1,,1,15,0,,1,1,0,2,12,609,2,, -1,2,3,1,50,13,1,2021,23:40,3,95,95252,1,1,1,6, A15,48.98656,2.21174,23,1,1
202100054346,104Â 620,A01,1,1,1,3,2,0,-1,0,0,-1,2021,47.0,1,1,0,2,2,1,1,,7,SAUVAIGO PIERRE AVENUE,0,,2,2,0,1,0,0,1,, -1,1,5,1,50,19,1,2021,19:20,5,6,6123,2,3,0,3,SAUVAIGO PIERRE AVENUE,43.665564,7.18669,19,2,2
202100017280,170Â 764,A01,2,2,1,5,8,-1,-1,0,0,-1,2021,25.0,2,2,0,2,1,2,1,,1,42,0,,1,5,0,1,14,400,1,, -1,1,0,1,110,26,9,2021,11:37,1,1,1049,1,1,0,2,A42 sens GENEVE / LYON pk 014+400,45.839799,5.048395,11,3,2
202100050697,111Â 069,B01,2,2,1,5,2,6,9,0,0,-1,2021,20.0,0,1,0,2,1,1,1,,3,90,0,,2,2,0,1,21,500,1,, -1,1,0,1,50,21,2,2021,14:20,1,27,27227,1,2,0,3,Route de Routot,49.385128,0.659834,14,3,2
202100040900,128Â 519,B01,1,1,1,0,2,8,-1,-1, -1,-1,2021,58.0,1,1,0,2,7,1,1,,3,DRION (BOULEVARD),0,,2,2,0,1,(1),(1),1,, -1,1,0,1,50,30,4,2021,13:40,1,59,59008,2,3,0,3,DRION (BOULEVARD),50.32631,3.24885,13,2,2
202100008385,186Â 743,A01,1,1,1,9,1,-1,-1,0,0,-1,2021,69.0,3,2,0,2,7,15,0,,3,740,0,D,2,2,0,1,14,610,1,,6,1,0,1,80,12,11,2021,15:05,1,16,16136,1,3,0,3,Le Treuil,46.023161,0.168958,15,3,2
202100036766,135Â 987,A01,10,3,1,0,0,-1,-1,1,3,1,2021,13.0,1,2,0,1,3,26,1,,3,MARCEAU BAILLIOTI(RUE),0,,2,2,0,2,0,100,1,, -1,1,0,1,50,2,6,2021,19:10,1,91,91691,2,1,0,6,MARCEAU BAILLIOTI(RUE),48.70972,2.49139,19,2,1
202100008919,185Â 778,B01,1,1,1,5,8,0,-1,-1, -1,-1,2021,37.0,1,1,0,2,1,1,1,,3,BROGNY (AVENUE DE) (SECTEUR 110),0,,2,2,0,1,0,0,1,, -1,1,0,1,50,30,5,2021,14:10,1,74,74010,2,1,0,1,BROGNY (AVENUE DE) (SECTEUR 110),45.9204,6.12561,14,4,2
202100023785,159Â 108,A01,1,1,1,5,2,-1,-1,0,0,-1,2021,21.0,2,1,6,0,3,2,5,,3,3,-1,,2,2,0,2,19,797,4,, -1,1,0,1,50,17,8,2021,13:45,1,6,6038,1,1,0,7,Route de Gourdon,43.683484,6.973121,13,2,2
202100024255,158Â 313,A01,1,1,1,0,2,6,-1,-1, -1,-1,2021,45.0,2,1,0,0,7,26,1,,3,DE GAULLE (av. du GÃ©nÃ©ral),0,,2,2,0,2,8,500,1,, -1,1,0,1,30,13,8,2021,12:35,1,69,69115,2,6,0,7,GENERAL DE GAULLE (DU) (AV),45.97323,4.70752,12,1,1
202100010623,182Â 745,B01,1,1,1,5,2,4,-1,0,0,-1,2021,96.0,1,1,0,2,1,1,5,,3,25,-1,,2,2,0,2,19,850,1,, -1,1,0,1,80,28,10,2021,14:40,1,90,90044,1,3,1,3,D25,47.709233,6.965686,14,2,2
202100038940,132Â 024,A01,1,1,1,1,2,6,-1,-1, -1,-1,2021,24.0,1,1,0,2,1,5,1,,4,DOCTEUR SIM. SEDAN (RUE),0,,2,0,0,1,0,0,1,, -1,1,0,1,50,21,5,2021,00:05,5,13,13205,2,3,0,4,DOCTEUR SIM. SEDAN (RUE),43.29489,5.39805,0,5,3
202100005093,192Â 669,B01,1,1,1,0,1,0,-1,0,0,-1,2021,40.0,3,2,0,2,0,0,1,,7,CANNES AVENUE DE (RN7),0,,1,2,0,1,1,0,1,, -1,1,3,1,70,2,12,2021,12:22,1,6,6027,2,4,0,2,CANNES AVENUE DE (RN7),43.66373,7.14882,12,2,2
202100029983,148Â 201,A01,1,1,1,4,2,6,-1,-1, -1,-1,2021,29.0,2,1,0,2,1,1,1,,4,GRAMMONT (AVENUE DE),0,,2,4,3,1,(1),(1),1,, -1,1,0,1,50,8,7,2021,11:01,1,37,37261,2,1,0,6,GRAMMONT (AVENUE DE),47.3826893765,0.6919633171,11,2,2
202100026669,154Â 038,B01,2,2,2,5,1,0,-1,-1, -1,-1,2021,20.0,1,2,0,2,4,23,1,,4,SARTRE   AVENUE JEAN-PAUL,0,,2,3,0,1,(1),(1),1,, -1,2,5,1,50,27,7,2021,12:06,1,17,17300,2,2,1,2,SARTRE   AVENUE JEAN-PAUL,46.15611,-1.11859,12,3,2
202100006101,190Â 900,Z01,10,3,2,5,8,8,-1,4,3,1,2021,78.0,2,1,0,1,1,19,3,,4,BOULEVARD DE COURCELLES,0,,2,4,0,1,(1),(1),1,, -1,2,0,1,30,26,11,2021,14:55,1,75,75108,2,2,1,6,BOULEVARD DE COURCELLES,48.879127,2.303122,14,2,1
202100009677,184Â 412,B01,1,1,2,5,1,-1,-1,0,0,-1,2021,34.0,2,2,0,2,1,1,1,,7,69,-1,,2,2,0,1,3,500,1,, -1,1,0,1,80,3,11,2021,21:30,3,13,13044,1,1,0,1,D69,43.616815,5.030558,21,2,2
202100035909,137Â 504,B01,1,1,2,1,2,6,-1,-1, -1,-1,2021,21.0,2,1,0,2,1,16,1,,3,ZA DE LA MARE,0,,1,1,0,2,1,0,1,, -1,1,3,1,50,7,6,2021,12:40,1,50,50147,2,3,0,3,DE LA MARE,49.06845,-1.4233,12,2,2
202100018921,167Â 821,B01,1,1,1,0,2,0,-1,-1, -1,-1,2021,56.0,1,1,0,2,1,1,1,,4,BOULEVARD DE LA LIBÃRATION,0,,1,2,0,1,0,0,1,, -1,1,0,1,30,13,9,2021,09:30,1,83,83061,2,1,0,3,BOULEVARD DE LA LIBÃRATION,43.42391,6.75713,9,2,2
202100045753,119Â 968,B01,2,2,2,5,1,0,-1,-1, -1,-1,2021,56.0,2,2,6,2,1,10,1,,4,DIX MARS (D DU),0,,2,2,0,1,(1),(1),1,, -1,1,2,1,50,25,3,2021,17:35,1,62,62628,1,1,0,1,DIX MARS (D DU),50.431723,2.88439,17,5,2
202100003185,196Â 077,A01,1,1,1,1,1,-1,-1,0,0,-1,2021,32.0,1,2,3,0,2,1,1,,3,240,0,,2,2,0,4,11,65,2,, -1,2,2,1,50,9,12,2021,23:15,3,62,62075,1,1,0,6,Rue de la Bouverie,50.707316,1.675146,23,1,1
202100033648,141Â 622,A01,1,1,2,9,2,0,-1,0,0,-1,2021,38.0,1,1,0,0,0,1,5,,4,BOULEVARD DES INVALIDES,0,,2,4,0,1,(1),(1),1,, -1,1,0,1,50,18,6,2021,15:50,1,75,75107,2,3,0,7,BOULEVARD DES INVALIDES,48.853677,2.314746,15,1,1
202100024241,158Â 338,A01,1,1,1,4,2,0,-1,-1, -1,-1,2021,33.0,1,1,0,2,7,1,0,,3,COUR DE FRANCE (AVENUE DE LA),0,,1,3,0,1,0,0,1,, -1,1,0,1,50,13,8,2021,22:20,5,91,91326,2,1,0,3,COUR DE FRANCE (AVENUE DE LA),48.69796,2.37194,22,2,2
202100043983,123Â 064,A01,1,1,1,5,0,-1,-1,0,0,-1,2021,24.0,1,2,6,0,1,13,1,,3,131,0,,2,2,0,1,12,650,1,, -1,1,0,3,80,15,4,2021,21:30,3,38,38556,1,1,0,6,Route d'Assieu,45.38745,4.84937,21,1,1
202100017364,170Â 600,A01,1,1,1,1,2,6,-1,-1, -1,-1,2021,29.0,1,1,0,2,3,3,1,,2,RN 104,0,,1,2,0,1,57,0,1,, -1,1,0,1,110,23,9,2021,09:15,1,91,91363,1,1,0,3,RN 104,48.64614,2.19227,9,2,2
202100004108,194Â 394,A01,1,1,1,9,8,0,-1,0,0,-1,2021,16.0,3,2,1,2,1,14,1,,4,PLACE FRANCOIS 1ER,0,,1,3,0,1,(1),(1),2,, -1,2,0,1,30,7,12,2021,20:56,5,75,75108,2,7,1,3,PLACE FRANCOIS 1ER,48.8661380745,2.3075956106,20,6,2
202100051892,108Â 947,B01,1,1,2,1,1,0,-1,-1, -1,-1,2021,33.0,2,2,0,2,1,1,1,,4,CLAVERIE,0,,2,2,0,1,0,0,1,, -1,1,9,1,50,9,2,2021,07:20,5,64,64129,2,2,0,3,CLAVERIE,43.3,-0.3905,7,2,2