Num_Acc,id_vehicule,num_veh,place,catu,sexe,trajet,secu1,secu2,secu3,locp,actp,etatp,year_acc,victim_age,senc,catv,obs,obsm,choc,manv,motor,occutc,catr,voie,v1,v2,circ,nbv,vosp,prof,pr,pr1,plan,lartpc,larrout,surf,infra,situ,vma,jour,mois,an,hrmn,lum,dep,com,agg_,int,atm,col,adr,lat,long,hour,nb_victim,nb_vehicules
202100049549,113Â 189,A01,1,1,1,1,1,-1,-1,0,0,-1,2021,41.0,1,5,8,0,1,2,1,,3,4,0,,2,2,0,1,16,100,3,, -1,1,0,3,80,2,3,2021,19:00,3,37,37155,1,1,0,7,Le sentier,47.621789109,0.8192255182,19,1,1
202100037882,133Â 949,A01,10,3,2,5,0,-1,-1,9,2,1,2021,5.0,3,2,0,1,5,4,1,,9,,0,,-1,2,0,1,(1),(1),1,, -1,1,0,8,-1,28,5,2021,19:00,1,86,86070,1,1,0,6,Pouzioux,46.51308,0.689456,19,2,1
202100021605,163Â 012,A01,2,2,2,0,1,0,-1,0,0,-1,2021,56.0,1,2,1,0,9,1,1,,7,PASTEUR (AVENUE),0,,2,2,0,1,(1),(1),1,, -1,1,0,1,50,30,8,2021,16:55,1,63,63075,2,1,0,6,PASTEUR (AVENUE),45.7751709741,3.0696983635,16,2,1
202100018830,167Â 989,B01,2,2,1,2,1,0,-1,-1, -1,-1,2021,15.0,1,2,0,2,4,1,1,,3,60,0,,1,1,2,2,0,0,3,, -1,2,0,1,30,14,9,2021,14:15,1,92,92071,2,1,0,2,VICTOR HUGO (AVENUE),48.7767301156,2.3135702312,14,3,2
202100028578,150Â 637,B01,1,1,1,4,1,-1,-1,0,0,-1,2021,28.0,2,2,0,0,1,1,1,,2,,-1,,3,-1,-1,1,(1),(1),1,, -1,1,5,1,-1,17,7,2021,21:05,2,50,50099,1,2,1,1,D913,49.336239,-1.262966,21,5,2
202100039034,131Â 875,B01,1,1,1,3,2,6,-1,0,0,-1,2021,55.0,1,1,0,2,1,18,1,,3,1075,-1,,2,2,0,1,32,600,1,, -1,1,0,3,90,22,5,2021,09:55,1,5,5166,1,1,0,3,RD 1075,44.412724,5.724692,9,2,2
202100020486,165Â 018,A01,10,3,1,9,0,-1,-1,2,1,1,2021,67.0,1,2,0,1,2,2,1,,4,ROYALE                              (R ),0,,1,1,2,1,(1),(1),1,, -1,1,0,1,30,6,9,2021,15:20,1,69,69381,2,1,0,6,ROYALE (R),45.77193,4.83724,15,2,1
202100034581,139Â 902,B01,1,1,1,4,2,6,-1,-1, -1,-1,2021,21.0,3,1,8,0,6,1,1,,4,VERN (DE),0,,2,2,3,1,(1),(1),1,, -1,1,5,1,50,13,6,2021,21:00,1,35,35238,2,2,1,3,VERN (DE),48.09808,-1.65566,21,3,2
202100049380,113Â 495,B01,1,1,2,0,1,0,-1,-1, -1,-1,2021,44.0,1,2,0,2,4,0,1,,4,ALSACE LORRAINE D',0,,-1,2,0,1,0,0,1,, -1,1,0,1,50,3,3,2021,08:05,1,64,64445,2,1,0,2,ALSACE LORRAINE D',43.303194,-0.363286,8,2,2
202100008765,186Â 070,A01,1,1,2,0,1,0,-1,-1, -1,-1,2021,55.0,1,2,0,2,8,1,1,,4,GABRIEL PERI (R),0,,1,1,0,1,0,0,1,, -1,1,0,1,50,9,11,2021,18:10,5,94,94046,2,1,0,3,GABRIEL PERI (R),48.8148,2.4379,18,1,1
202100038384,133Â 028,A01,10,3,1,5,8,8,-1,3,3,1,2021,74.0,2,2,0,1,1,15,0,,4,LIBERTE (BOULEVARD DE LA),0,,1,2,0,2,0,0,2,, -1,1,0,1,30,20,5,2021,11:30,1,13,13201,2,2,0,3,LIBERTE (BOULEVARD DE LA),43.300718302,5.3806597613,11,2,1
202100053343,106Â 370,A01,1,1,2,5,2,6,-1,0,0,-1,2021,66.0,2,1,0,2,8,19,1,,3,MADONE (AVENUE DE LA),0,,3,4,0,1,72,425,1,, -1,1,0,1,50,28,1,2021,09:50,1,6,6083,2,3,0,3,MADONE (AVENUE DE LA),43.768819,7.491149,9,5,2
202100026667,154Â 042,B01,1,1,1,0,1,8,-1,-1, -1,-1,2021,25.0,3,2,0,2,4,2,1,,4,CASSIN (RUE RENE),0,,3,4,0,1,0,0,1,, -1,1,0,1,70,23,7,2021,18:05,1,30,30007,2,1,0,2,CASSIN (RUE RENE),44.10833,4.10262,18,2,2
202100020727,164Â 577,A01,1,1,1,4,2,8,-1,-1, -1,-1,2021,25.0,1,1,0,2,1,2,1,,3,CARRIERES (QU DES),0,,2,2,0,2,0,375,1,, -1,1,0,1,30,5,9,2021,12:30,1,94,94018,2,1,0,2,Quai des Carrieres,48.81793,2.417167,12,2,2
202100037980,133Â 772,B01,1,1,2,0,0,-1,-1,-1, -1,-1,2021,51.0,1,1,1,0,2,1,5,,4,COMTE VERT (AVENUE DU),0,,2,2,0,1,(1),(1),1,, -1,1,0,1,50,27,5,2021,07:30,1,73,73065,2,1,0,3,COMTE VERT (AVENUE DU),45.5703546899,5.9152953847,7,2,2
202100001921,198Â 360,A01,1,1,1,0,1,0,-1,-1, -1,-1,2021,56.0,3,2,0,2,1,16,1,,4,VOLTAIRE (RUE),0,,1,1,0,1,0,0,1,, -1,1,0,1,50,21,12,2021,12:30,1,93,93027,2,1,0,3,VOLTAIRE (RUE),48.924181763,2.4123626947,12,2,2
202100005346,192Â 232,B01,1,1,1,4,2,6,-1,0,0,-1,2021,28.0,1,1,0,2,1,1,1,,3,SIETTES (RUE DES),0,,2,2,0,2,1,0,1,, -1,1,0,1,50,29,11,2021,17:25,3,14,14327,2,1,0,3,D143,49.19038,-0.33398,17,2,2
202100047573,116Â 729,B01,1,1,1,1,2,6,-1,0,0,-1,2021,52.0,0,1,0,0,1,0,1,,4,,-1,,2,2,0,1,(1),(1),2,, -1,1,5,1,50,12,3,2021,07:15,1,42,42005,2,1,0,3,Rue Denis Papin,45.519823,4.280075,7,2,2
202100017027,171Â 183,A01,1,1,1,9,2,0,-1,0,0,-1,2021,48.0,2,1,0,2,7,1,1,,4,BOULEVARD NEY,0,,3,3,0,1,(1),(1),1,, -1,1,0,1,50,25,9,2021,14:30,1,75,75118,2,1,0,3,BOULEVARD NEY,48.897786,2.340258,14,3,2
202100046224,119Â 146,A01,10,3,2,5,0,-1,-1,3,3,1,2021,67.0,3,2,0,1,2,1,1,,4,HENRY HENON (PONT),0,,2,2,0,1,(1),(1),1,, -1,1,2,1,30,28,3,2021,15:10,1,62,62193,2,1,1,6,HENRY HENON (PONT),50.96162,1.8476,15,2,1
202100028026,151Â 617,A01,1,1,1,9,1,-1,-1,0,0,-1,2021,30.0,0,2,0,0,3,1,1,,3,916,0,D,2,2,0,2,14,0,2,, -1,1,0,1,80,20,7,2021,21:25,2,60,60653,1,1,0,3,D916,49.480652,2.455841,21,2,2
202100028726,150Â 379,B01,2,2,2,5,1,-1,-1,0,0,-1,2021,89.0,1,5,0,2,1,1,1,,3,929,-1,,2,2,0,1,7,800,1,, -1,1,0,1,90,15,7,2021,15:09,1,65,65148,1,1,0,1,RD 929,43.26371,0.504963,15,4,2
202100047843,116Â 240,A01,1,1,1,9,2,6,-1,-1, -1,-1,2021,44.0,2,1,0,2,1,1,1,,3,R CHARLES DE GAULLE,0,,3,3,1,2,1,0,1,, -1,1,0,1,50,15,3,2021,18:00,1,94,94002,2,5,0,1,Rue Charles de Gaulle / Quai Pierre Cosmi,48.81456,2.41192,18,2,2
202100042685,125Â 332,A01,2,2,1,5,1,0,-1,-1, -1,-1,2021,20.0,1,2,0,2,1,1,1,,3,RAMON BOULEVARD,0,,-1,2,0,1,1,0,1,, -1,1,0,1,50,24,4,2021,18:45,1,49,49007,2,2,0,3,RAMON BOULEVARD,47.48567,-0.5333,18,4,2
202100039658,130Â 706,B01,1,1,1,9,1,-1,-1,0,0,-1,2021,56.0,2,2,0,2,1,2,1,,1,7,0,A,3,5,0,2,35,200,1,, -1,2,0,1,130,14,5,2021,08:55,1,26,26002,1,1,0,2,A7 - PK 32.500,45.23737,4.846441,8,3,2
202100003913,194Â 762,A01,1,1,1,0,2,6,-1,0,0,-1,2021,33.0,1,1,0,0,1,1,1,,3,7,-1,,2,2,0,3,(1),(1),1,,5,1,0,1,80,18,5,2021,17:10,1,83,83107,1,3,0,3,RÃ©sidence Only Roc (Construction),43.427897,6.669334,17,2,2
202100052363,108Â 116,B01,1,1,1,0,1,-1,-1,-1, -1,-1,2021,44.0,1,2,0,2,4,1,1,,2,346,0,,3,6,0,1,40,200,1,, -1,2,0,1,90,2,2,2021,06:35,5,69,69290,1,1,1,2,RN346,45.710486,4.968137,6,2,2
202100030659,146Â 951,A01,1,1,1,0,2,0,-1,0,0,-1,2021,24.0,0,1,0,2,0,0,1,,4,,-1,,2,2,0,1,(1),(1),1,,4,1,0,1,50,5,7,2021,15:05,1,974,97415,2,1,0,6,Rue du GÃ©nÃ©ral de Gaulle,-21.051417,55.225702,15,2,2
202100053752,105Â 659,B01,1,1,1,5,2,6,-1,0,0,-1,2021,33.0,1,1,0,2,7,15,1,,4,BOULEVARD BEAUMARCHAIS,0,,2,4,0,1,(1),(1),1,, -1,1,0,1,50,25,1,2021,16:30,1,75,75103,2,4,0,3,BOULEVARD BEAUMARCHAIS,48.857602,2.368063,16,3,2
202100048949,114Â 255,Z01,10,3,1,0,8,8,-1,2,3,1,2021,66.0,1,2,0,1,0,0,0,,4,SAINT PIERRE (RUE),0,,1,1,0,1,0,0,1,, -1,1,0,1,50,6,3,2021,09:30,1,13,13205,2,1,0,6,SAINT PIERRE (RUE),43.29254,5.39165,9,2,1
202100013287,177Â 989,B01,1,1,1,5,1,-1,-1,0,0,-1,2021,78.0,2,2,0,2,3,1,1,,3,CABOURG (ROUTE DE),0,,2,4,0,2,1,0,4,, -1,1,0,1,70,13,10,2021,21:05,5,14,14437,2,9,0,1,D513,49.180699,-0.326762,21,3,2
202100043998,123Â 032,B01,1,1,2,1,1,0,-1,-1, -1,-1,2021,34.0,2,2,0,2,4,1,1,,1,A4,0,,3,5,0,1,2,200,1,, -1,1,0,1,90,14,4,2021,06:30,3,94,94018,1,1,0,4,A4,48.8176262494,2.4173841935,6,3,3
202100031821,144Â 876,B01,1,1,2,1,1,8,-1,-1, -1,-1,2021,20.0,1,2,0,2,4,2,1,,3,RD 41 (ROCADE),0,,2,4,0,1,1,600,1,, -1,1,0,1,60,28,6,2021,08:09,1,972,97209,1,1,0,2,RD 41 (ROCADE),14.61535,-61.06161,8,2,2
202100005651,191Â 688,B01,1,1,2,1,2,6,-1,0,0,-1,2021,43.0,1,1,0,2,3,1,1,,4,RUE SAINT DOMINIQUE,0,,1,1,2,1,(1),(1),1,, -1,1,0,5,30,29,11,2021,08:10,1,75,75107,2,2,0,3,RUE SAINT DOMINIQUE,48.859965,2.314838,8,2,2
202100030714,146Â 857,A01,10,3,1,3,0,-1,-1,9,3,1,2021,77.0,3,0,0,1,1,26,1,,4,LENORMAND(CHEMIN),0,,2,2,0,1,1,0,1,, -1,1,0,1,30,1,7,2021,16:55,1,974,97416,1,1,0,1,LENORMAND(CHEMIN),-21.27975,55.47133,16,2,1
202100031376,145Â 664,A01,2,2,2,5,2,-1,-1,0,0,-1,2021,45.0,2,1,0,0,0,1,1,,3,RD 4,0,,2,2,0,2,25,720,2,, -1,1,0,1,80,10,6,2021,19:30,1,7,7330,1,1,0,7,RD 4,44.409382,4.419036,19,2,1
202100005489,191Â 982,A01,1,1,1,0,2,6,-1,0,0,-1,2021,47.0,0,1,0,0,0,15,1,,4,MARECHAL JOFFRE (PLACE DU),0,,1,1,0,4,(1),(1),2,, -1,2,0,1,50,25,11,2021,17:30,5,80,80021,2,1,0,7,MARECHAL JOFFRE (PLACE DU),49.88734,2.30349,17,1,1
202100013635,177Â 344,B01,1,1,1,0,8,0,-1,-1, -1,-1,2021,31.0,3,1,0,2,0,0,5,,4,BLERIOT LOUIS RUE,0,,4,5,3,1,(1),(1),1,, -1,1,9,6,50,11,10,2021,18:40,1,59,59648,2,9,0,3,BLERIOT LOUIS RUE,50.58892,3.03958,18,2,2
202100054408,104Â 503,B01,1,1,1,5,2,6,-1,-1, -1,-1,2021,24.0,2,1,0,2,1,1,1,,2,104,0,,-1,6,0,1,19,581,1,, -1,2,0,1,90,20,1,2021,18:00,2,77,77122,1,1,0,2,RN104,48.66244,2.61362,18,2,2
202100035736,137Â 836,A01,1,1,1,0,1,0,-1,-1, -1,-1,2021,25.0,3,0,0,2,1,17,1,,2,RN 1569,0,,-1,2,0,1,12,0,1,, -1,1,0,1,80,8,6,2021,20:20,1,13,13047,1,9,0,1,RN 1569,43.5517989729,4.9582533232,20,2,2
202100036908,135Â 728,B01,1,1,2,5,1,5,-1,0,0,-1,2021,28.0,1,2,0,2,3,15,1,,4,1,0,A,2,2,0,3,(1),(1),3,, -1,1,0,1,50,3,6,2021,12:20,1,7,7064,2,3,0,1,Route d'Aric Industrie,44.910701,4.435258,12,2,2
202100011691,180Â 831,A01,1,1,1,5,2,6,9,0,0,-1,2021,55.0,1,1,13,0,3,17,1,,3,907,-1,,2,2,0,3,21,0,3,, -1,1,0,3,80,23,10,2021,16:20,1,74,74183,1,1,0,7,D907,46.129583,6.507318,16,1,1
202100034907,139Â 314,A01,1,1,1,0,2,6,-1,-1, -1,-1,2021,59.0,2,1,0,2,1,3,1,,1,AUTOROUTE A3,0,,3,7,0,1,3,900,1,, -1,1,0,1,9,12,6,2021,19:00,1,93,93053,1,1,0,5,AUTOROUTE A3,48.88236,2.45672,19,3,3
202100013157,178Â 230,A01,1,1,1,1,2,6,-1,0,0,-1,2021,15.0,1,1,0,2,7,15,1,,3,681,-1,,2,2,0,1,15,600,1,, -1,1,0,1,80,14,10,2021,17:35,1,71,71313,1,3,1,3,D681,46.938279,4.219286,17,2,2
202100040455,129Â 295,B01,1,1,1,0,8,0,-1,-1, -1,-1,2021,36.0,3,1,0,2,7,0,5,,4,MONTBELIARD (ROUTE DE),0,,-1,1,0,1,1,0,2,, -1,1,5,1,50,9,5,2021,10:00,1,90,90001,2,9,0,3,MONTBELIARD (ROUTE DE),47.600628,6.862487,10,3,3
202100037341,134Â 920,A01,1,1,1,3,1,-1,-1,0,0,-1,2021,58.0,1,2,2,0,1,14,1,,3,468,-1,,2,2,0,1,11,200,1,, -1,1,0,3,80,31,5,2021,08:50,1,39,39128,1,1,0,6,,46.978393,5.377164,8,1,1
202100047028,117Â 711,A01,10,3,2,9,0,-1,-1,0,0,-1,2021,70.0,0,2,0,1,1,1,1,,4,JACOBINS (RUE DES),0,,-1,2,0,1,(1),(1),1,, -1,1,0,1,30,19,3,2021,12:03,1,80,80021,2,1,0,6,JACOBINS (RUE DES),49.89168,2.2996,12,2,1
202100016975,171Â 278,A01,10,3,1,5,0,-1,-1,0,3,-1,2021,1.0,2,2,0,1,3,26,1,,4,ALLEES DE CRAPONNE,0,,2,2,0,1,0,0,1,, -1,1,0,1,30,1,9,2021,15:20,1,13,13103,2,1,0,3,ALLEES DE CRAPONNE,43.63764,5.09925,15,2,1
202100051362,109Â 868,A01,1,1,1,1,1,-1,-1,0,0,-1,2021,28.0,1,2,0,2,1,17,1,,3,74,-1,,2,2,0,1,26,(1),2,, -1,1,0,1,90,16,2,2021,19:19,3,52,52037,1,1,0,1,D74,47.908245,5.401604,19,2,2
202100052606,107Â 686,A01,7,2,1,1,1,-1,-1,0,0,-1,2021,23.0,2,2,0,2,1,2,1,,2,12,-1,,3,4,0,1,63,600,1,, -1,1,0,1,110,3,2,2021,17:00,1,29,29095,1,1,0,4,RN 12 - PK 63+600,48.4546851636,-4.3720597029,17,9,6
202100053303,106Â 455,A01,2,2,1,4,1,-1,-1,-1, -1,-1,2021,21.0,2,5,0,2,2,2,1,,1,47,0,,3,4,0,1,5,800,1,, -1,1,0,1,90,26,1,2021,08:50,1,69,69091,1,1,0,2,A47,45.57905,4.72834,8,3,2
202100001430,199Â 222,A01,2,2,2,5,1,-1,-1,-1, -1,-1,2021,22.0,1,2,0,2,2,26,2,,1,ROCADE A 630,0,,3,8,0,1,4,580,1,, -1,1,3,1,70,25,12,2021,04:05,5,33,33063,1,1,0,2,Rocade Nord A630 -E4-,44.884087,-0.557897,4,5,2
202100014858,175Â 153,A01,10,3,1,5,0,-1,-1,2,3,1,2021,26.0,2,1,0,1,7,26,1,,3,GENERAL DE GAULE (PLACE DU),0,,1,1,0,2,1,0,1,, -1,2,0,1,50,5,10,2021,23:05,5,93,93048,2,1,0,6,Place du GÃ©nÃ©ral de Gaulle,48.867901,2.434348,23,2,1
202100055900,101Â 956,B01,1,1,1,0,1,8,-1,-1, -1,-1,2021,47.0,1,2,0,2,4,2,1,,3,611,0,,3,4,0,1,30,250,1,6,14,1,0,1,110,7,1,2021,12:25,1,79,79081,2,1,0,2,Route de Paris,46.34514,-0.3689,12,2,2
202100012580,179Â 231,B01,1,1,2,1,1,-1,-1,0,0,-1,2021,53.0,1,2,0,0,4,15,1,,3,820,-1,,2,2,0,1,1,700,1,, -1,1,0,1,80,13,10,2021,18:35,1,9,9282,1,3,0,2,RD 820,43.254518,1.563985,18,2,2
202100031622,145Â 230,A01,1,1,1,1,2,0,-1,-1, -1,-1,2021,20.0,1,1,0,2,1,1,1,,4,,0,,1,2,0,1,0,0,1,, -1,1,0,1,50,30,6,2021,13:50,1,92,92044,2,2,0,3,ARISTIDE BRIAND(RUE)51A83  54A96,48.8929447306,2.2895842418,13,2,2
202100051765,109Â 172,A01,2,2,2,5,1,-1,-1,-1, -1,-1,2021,56.0,2,2,0,2,3,13,1,,1,ROCADE A 630,0,,3,8,0,2,0,390,2,, -1,2,3,1,90,12,2,2021,16:00,1,33,33249,1,1,1,3,Rocade Rive Droite A630,44.884537,-0.512542,16,3,2
202100039019,131Â 897,A01,1,1,2,5,8,-1,-1,0,0,-1,2021,54.0,2,2,2,0,1,0,1,,3,41,-1,A,2,2,0,2,0,487,2,, -1,1,9,8,50,22,5,2021,11:35,1,31,31080,2,9,0,6,Boulevard Raymond Bergougnan,43.287968,0.647684,11,1,1
202100025583,155Â 948,A01,1,1,2,0,2,0,-1,-1, -1,-1,2021,49.0,1,1,0,2,8,13,1,,3,PATRICK SAINT ELOI ( AVENUE ),0,,2,1,0,1,(1),(1),1,, -1,1,0,1,50,4,8,2021,14:40,1,971,97101,2,1,0,3,PATRICK SAINT ELOI ( AVENUE ),16.24727,-61.53332,14,2,2
202100010485,182Â 982,A01,1,1,1,4,2,8,-1,-1, -1,-1,2021,42.0,2,1,0,2,1,1,3,,4,GRAND RUE (RUE),0,,1,1,0,2,(1),(1),1,, -1,1,0,1,30,27,10,2021,12:05,1,86,86194,2,2,0,3,Grand Rue,46.58264,0.34568,12,2,2
202100000260,201Â 261,A01,1,1,1,1,1,-1,-1,-1, -1,-1,2021,59.0,1,2,0,0,0,1,1,,1,,-1,,3,-1,-1,1,14,200,1,, -1,1,0,1,-1,10,2,2021,20:50,3,91,91161,1,1,0,2,AUTOROUTE A6,48.69974,2.311845,20,2,2
202100040951,128Â 419,B01,1,1,1,4,2,6,-1,0,0,-1,2021,25.0,2,1,0,2,1,1,1,,4,RUE DU DEPART,0,,2,4,0,1,(1),(1),1,, -1,1,0,1,50,7,5,2021,20:40,2,75,75114,2,1,0,3,RUE DU DEPART,48.842244,2.323006,20,3,2
202100003475,195Â 542,B01,1,1,2,5,1,-1,-1,0,0,-1,2021,23.0,2,2,0,2,4,2,1,,3,613,-1,,2,2,0,1,52,500,1,, -1,2,0,1,50,4,12,2021,22:00,5,14,14057,2,1,0,2,D613,49.12634,-0.210645,22,2,2
202100035868,137Â 572,A01,1,1,1,0,2,6,-1,-1, -1,-1,2021,33.0,1,1,0,2,7,1,1,,4,PROFESSEUR GRIGNARD (DU)            (R ),0,,1,1,0,1,(1),(1),1,, -1,1,0,1,50,7,6,2021,09:05,1,69,69387,2,2,0,3,PROFESSEUR GRIGNARD (DU) (R),45.74799,4.8364,9,2,2
202100041462,127Â 495,A01,1,1,1,1,1,-1,-1,0,0,-1,2021,46.0,1,2,13,0,1,1,1,,3,408,-1,,2,2,0,1,17,0,1,, -1,1,0,3,90,5,5,2021,20:00,1,77,77044,1,1,0,7,rd 408,48.546231,2.856059,20,1,1
202100055475,102Â 687,A01,10,3,2,0,0,-1,-1,4,3,1,2021,18.0,2,0,0,1,3,15,1,,7,617,0,,2,2,0,1,(1),(1),1,, -1,1,0,1,50,11,1,2021,15:45,1,59,59378,2,3,0,6,NATIONALE RUE,50.66553,3.07627,15,2,1
202100014861,175Â 149,A01,1,1,1,4,2,6,-1,-1, -1,-1,2021,22.0,1,1,0,2,3,1,3,,3,ESTIENNE (AL. ROBERT),0,,2,2,0,1,1,0,1,, -1,1,0,1,50,6,10,2021,22:40,4,93,93057,2,2,0,1,ESTIENNE (AL. ROBERT),48.90646,2.5119,22,2,2
202100031723,145Â 056,A01,1,1,1,5,8,-1,-1,-1, -1,-1,2021,20.0,1,2,0,2,2,1,1,,4,LAVANDES (BOULEVARD DES),0,,2,2,0,4,(1),(1),2,, -1,1,0,1,50,28,6,2021,13:00,1,4,4112,2,4,0,3,Inter bd des Lavandes / Rue Leon MureLAVANDES (BOULEVARD DES),43.8313851711,5.7785399518,13,3,2
202100002926,196Â 541,A01,10,3,2,1,0,-1,-1,3,3,1,2021,35.0,0,2,0,1,1,1,1,,4,SIMON (RUE),0,,2,2,2,1,(1),(1),1,, -1,1,0,1,30,13,12,2021,12:16,1,51,51454,2,1,0,7,Rue Simon,49.2433364322,4.0401014686,12,2,1
202100033592,141Â 721,A01,1,1,1,0,8,0,-1,-1, -1,-1,2021,24.0,3,1,0,2,7,1,5,,4,RUE DU BOURGAMON,0,,-1,2,0,1,(1),(1),1,, -1,1,0,1,30,17,6,2021,19:10,1,38,38421,2,1,0,3,Rue du Bourgamon,45.16507,5.76117,19,2,2
202100000312,201Â 161,B01,1,1,1,0,2,0,-1,-1, -1,-1,2021,52.0,3,1,0,2,1,1,1,,7,ROVE (AV DU ),0,,1,1,0,2,0,0,1,, -1,1,0,1,70,2,7,2021,18:30,1,13,13043,1,1,1,3,ROVE (AV DU ),43.38303,5.22039,18,2,2
202100029116,149Â 706,A01,10,3,1,3,0,-1,-1,1,3,1,2021,53.0,3,2,0,1,4,4,1,,4,CURIE (AV. PIERRE ET MARIE),0,,2,1,0,1,(1),(1),1,, -1,2,0,1,30,12,7,2021,11:40,1,60,60159,2,1,0,6,Avenue Pierre et Marie Curie,49.39546,2.79322,11,2,1
202100012702,179Â 014,B01,1,1,1,5,2,6,-1,0,0,-1,2021,14.0,2,1,0,2,2,1,1,,3,559,-1,,2,2,0,1,75,670,1,,4,1,0,1,50,16,10,2021,15:00,1,83,83036,2,3,0,3,Departemental 559,43.174211,6.533464,15,2,2
202100025305,156Â 427,A01,1,1,1,4,2,6,-1,-1, -1,-1,2021,31.0,2,1,0,2,3,7,1,,4,CHASLES (BOULEVARD),0,,2,2,3,1,0,0,1,, -1,1,0,6,30,15,7,2021,19:10,1,28,28085,2,3,0,3,CHASLES (BOULEVARD),48.44198,1.48437,19,3,2
202100042324,125Â 970,A01,10,3,2,5,0,-1,-1,1,2,3,2021,3.0,1,4,0,1,4,4,1,,4,HENT ROAZHON RUE,0,,2,2,0,1,(1),(1),1,, -1,1,0,1,30,27,4,2021,11:30,1,29,29232,2,1,0,6,Hent Roazhon,47.98198,-4.08778,11,2,1
202100036769,135Â 983,A01,1,1,2,1,2,6,-1,-1, -1,-1,2021,47.0,1,1,0,0,8,1,1,,4,LECLERC (AVENUE DU GENERAL),0,,2,6,0,2,0,0,2,, -1,1,5,1,50,1,6,2021,17:22,1,87,87085,2,2,0,7,LECLERC (AVENUE DU GENERAL),45.8511,1.26401,17,1,1
202100010176,183Â 512,B01,1,1,1,5,1,0,-1,-1, -1,-1,2021,36.0,1,2,0,2,7,1,1,,4,COTONOU.(RUE DE),0,,2,2,0,2,0,0,1,, -1,2,0,1,50,30,10,2021,20:00,5,94,94028,2,2,1,3,Rue de Cotonou,48.76882,2.47017,20,2,2
202100015077,174Â 757,B01,1,1,1,4,1,8,-1,0,0,-1,2021,48.0,2,5,0,2,4,23,1,,4,HENT GLAZ RUE,0,,2,2,0,1,(1),(1),2,, -1,2,0,1,50,4,10,2021,08:50,1,29,29232,2,1,0,2,Hent Glaz,47.99746,-4.08397,8,3,2
202100021304,163Â 574,B01,1,1,2,2,0,0,-1,-1, -1,-1,2021,15.0,2,1,0,2,1,1,5,,3,PARIS (AV DE),0,,1,2,0,1,1,0,1,, -1,1,0,4,50,2,9,2021,11:15,1,94,94076,2,9,0,3,PARIS (AV DE),48.801555,2.364934,11,2,2
202100050634,111Â 181,A01,1,1,1,3,2,-1,-1,0,0,-1,2021,29.0,0,1,0,0,1,0,1,,3,,-1,,2,2,0,1,44,1800,1,, -1,1,0,1,50,23,2,2021,16:00,1,27,27065,2,1,0,1,Av du 46 Royal Marine Commando,49.341657,0.358263,16,2,2
202100010002,183Â 820,A01,10,3,1,5,0,-1,-1,2,3,2,2021,9.0,3,2,0,1,2,1,1,,4,MARAT (RUE),0,,2,2,0,2,(1),(1),1,, -1,2,0,1,30,31,10,2021,18:50,5,95,95019,2,1,1,6,MARAT (RUE),48.9843,2.42202,18,2,1
202100019489,166Â 800,B01,1,1,1,9,8,0,-1,-1, -1,-1,2021,61.0,1,1,0,2,3,0,1,,4,GESLIN,0,,2,2,0,1,1,0,1,, -1,1,0,1,50,11,9,2021,12:30,1,49,49007,2,1,0,3,GESLIN,47.48181,-0.51292,12,2,2
202100052994,106Â 993,B01,1,1,2,5,2,6,-1,-1, -1,-1,2021,32.0,1,1,0,2,0,15,1,,3,SEMAT ROGER,0,,2,4,0,1,0,1,1,, -1,2,0,1,50,30,1,2021,23:30,5,93,93066,2,2,1,6,SEMAT ROGER,48.9478439097,2.3572523053,23,2,2
202100032043,144Â 475,A01,1,1,1,5,2,-1,-1,0,0,-1,2021,30.0,1,1,0,0,4,1,1,,3,22,0,D,2,2,0,3,0,300,1,, -1,1,0,1,80,27,6,2021,15:00,1,971,97121,1,1,0,7,Morphy,16.24102,-61.795397,15,1,1
202100028953,149Â 972,A01,1,1,1,5,1,-1,-1,-1,0,-1,2021,21.0,2,2,9,0,1,14,1,,2,RN 184,0,,3,7,0,1,10,380,1,, -1,1,0,1,90,14,7,2021,19:00,1,95,95256,1,1,0,6,RN 184,49.0540257214,2.2002321482,19,1,1
202100047916,116Â 084,B01,2,2,1,9,1,0,-1,-1, -1,-1,2021,20.0,3,2,0,2,8,1,1,,4,ONZE NOVEMBRE ( QUAI DU),0,,2,2,0,1,(1),(1),1,, -1,2,5,1,50,15,3,2021,12:10,1,73,73065,2,4,1,3,ONZE NOVEMBRE ( QUAI DU),45.5675716199,5.9376275539,12,3,2
202100039812,130Â 416,B01,1,1,1,0,8,0,-1,-1, -1,-1,2021,22.0,2,1,0,2,0,0,5,,4,CLOS FLEURY (RUE DU),0,,2,2,1,1,0,1,1,, -1,1,0,5,50,14,5,2021,17:40,1,74,74012,2,7,0,3,CLOS FLEURY (RUE DU),46.19222,6.232,17,3,2
202100004506,193Â 716,A01,10,3,1,5,0,-1,-1,4,3,1,2021,84.0,0,1,0,1,1,26,1,,4,ROBERT REYNIER                      (R ),0,,2,2,2,1,(1),(1),1,, -1,1,0,1,30,5,12,2021,16:35,2,69,69199,2,3,0,6,ROBERT REYNIER (R),45.7080471919,4.8611497879,16,2,1
202100002984,196Â 442,A01,10,3,2,9,0,-1,-1,4,3,3,2021,51.0,1,5,0,1,1,15,1,,4,,0,,1,2,1,1,0,0,1,, -1,2,0,1,50,21,10,2021,14:20,1,92,92044,2,2,1,6,MATHILDE GIRAULT (RUE),48.8958183823,2.2830212116,14,2,1