Num_Acc,id_vehicule,num_veh,place,catu,sexe,trajet,secu1,secu2,secu3,locp,actp,etatp,year_acc,victim_age,senc,catv,obs,obsm,choc,manv,motor,occutc,catr,voie,v1,v2,circ,nbv,vosp,prof,pr,pr1,plan,lartpc,larrout,surf,infra,situ,vma,jour,mois,an,hrmn,lum,dep,com,agg_,int,atm,col,adr,lat,long,hour,nb_victim,nb_vehicules
202100007069,189Â 119,A01,1,1,1,0,2,-1,-1,0,0,-1,2021,33.0,2,1,0,2,1,17,1,,3,807,0,,2,2,0,1,(1),(1),1,, -1,1,0,1,50,19,11,2021,12:15,1,26,26325,2,1,0,3,2bis Av du Docteur Lucien Steinberg,45.295028,4.812731,12,2,2
202100038694,132Â 465,A01,1,1,1,5,2,-1,-1,0,0,-1,2021,42.0,3,1,1,0,8,0,0,,4,,-1,,2,2,0,1,(1),(1),1,, -1,1,0,1,50,23,5,2021,18:20,1,27,27487,1,1,0,1,Chemin des Vaux,49.36313,1.335359,18,2,2
202100011334,181Â 467,A01,2,2,2,5,1,0,-1,-1, -1,-1,2021,26.0,1,2,0,0,4,23,1,,1,A86 INT,0,,1,3,0,1,46,0,1,, -1,1,1,1,90,23,10,2021,19:30,5,94,94073,1,1,0,6,A86 INT,48.7634311379,2.3812866211,19,3,2
202100026414,154Â 481,B01,1,1,1,5,8,0,-1,-1, -1,-1,2021,15.0,0,1,0,4,1,26,5,,4,BLUM. RUE LEON,0,,2,2,3,1,(1),(1),1,, -1,1,4,8,30,29,7,2021,15:00,1,76,76681,2,2,0,1,BLUM. RUE LEON,49.42153,1.08918,15,2,2
202100002893,196Â 601,A01,10,3,2,2,0,-1,-1,4,5,3,2021,19.0,2,2,0,1,7,16,1,,4,PLATON (RUE),0,,2,2,0,1,0,0,1,, -1,1,0,1,50,10,12,2021,13:01,1,87,87085,2,3,0,6,PLATON (RUE),45.8365,1.24258,13,2,1
202100038538,132Â 753,A01,1,1,1,5,2,6,-1,-1, -1,-1,2021,47.0,2,1,0,2,1,3,1,,2,PARIS (RTE DE),0,,2,2,0,1,1,0,1,, -1,1,0,1,80,23,5,2021,19:00,1,94,94070,1,1,0,3,Route de Paris,48.720241,2.565897,19,2,2
202100038129,133Â 507,D01,2,2,2,5,1,-1,-1,-1,0,-1,2021,21.0,1,2,0,2,4,2,1,,2,RN 184,0,,3,4,0,1,6,119,1,, -1,1,0,1,90,27,5,2021,19:00,1,95,95572,1,1,0,4,RN 184,49.050096,2.143364,19,5,4
202100021685,162Â 871,A01,1,1,1,5,2,-1,-1,0,0,-1,2021,64.0,3,1,0,0,0,0,5,,4,,0,,2,1,0,1,(1),(1),1,,3,1,0,8,80,14,8,2021,12:55,1,59,59083,1,1,0,7,Rue de la Gare,50.90192,2.415937,12,1,1
202100012992,178Â 520,A01,10,3,2,2,0,-1,-1,3,3,1,2021,12.0,3,2,0,1,1,1,1,,4,,-1,,2,2,2,1,(1),(1),1,,4,1,6,1,50,11,10,2021,12:15,1,69,69069,2,2,0,6,VOIE ROMAINE,45.749487,4.730977,12,2,1
202100022273,161Â 824,B01,1,1,1,0,2,6,-1,-1, -1,-1,2021,26.0,1,1,0,2,3,0,1,,4,DIDEROT BOULEVARD,0,,-1,1,0,1,(1),(1),1,, -1,1,0,1,50,27,8,2021,15:10,1,25,25056,2,3,0,3,DIDEROT BOULEVARD,47.24222,6.03344,15,2,2
202100046930,117Â 887,B01,1,1,1,1,1,0,-1,0,0,-1,2021,41.0,1,2,0,2,1,1,1,,3,PARIS (AVENUE DE),0,,2,1,0,1,1,570,1,, -1,1,0,1,50,23,3,2021,07:55,1,27,27681,2,2,0,3,Avenue de I'le de France,49.08508,1.4987,7,2,2
202100020910,164Â 275,A01,1,1,1,5,2,6,-1,0,0,-1,2021,16.0,0,1,0,0,2,16,1,,4,,-1,,2,1,0,1,(1),(1),3,,3,1,0,1,80,3,9,2021,16:23,1,76,76408,2,1,0,7,Route des Hortensias,49.61153,0.359588,16,1,1
202100000435,200Â 928,A01,1,1,2,1,1,-1,-1,-1,0,-1,2021,28.0,2,2,0,2,1,1,1,,1,AUTOROUTE A15,0,,3,6,0,1,24,100,1,, -1,1,0,1,90,30,6,2021,09:00,1,95,95127,1,1,0,2, A15,49.0406586712,2.0819080787,9,2,2
202100004488,193Â 746,A01,1,1,1,0,1,8,-1,-1, -1,-1,2021,29.0,2,5,4,0,2,1,1,,2,RN406.W,0,,1,2,0,1,4,500,3,, -1,2,0,1,70,6,12,2021,21:35,3,94,94044,1,1,1,6,RN406.W,48.7574,2.4764,21,1,1
202100016651,171Â 866,B01,2,2,1,5,1,0,-1,-1, -1,-1,2021,50.0,3,2,0,2,4,23,1,,4,PONT GABRIEL PERI,0,,2,2,0,3,(1),(1),1,, -1,1,2,1,50,26,9,2021,11:10,1,31,31555,2,1,0,5,Pont de Constantine,43.60652,1.45615,11,10,4
202100035971,137Â 386,B01,1,1,1,0,1,0,-1,-1, -1,-1,2021,18.0,1,1,0,2,1,7,1,,3,908,0,,2,4,1,1,0,0,1,, -1,1,0,1,50,31,5,2021,08:30,1,92,92026,2,3,0,3,VERDUN (DE 62 A FIN),48.90127,2.25995,8,2,2
202100004057,194Â 496,A01,1,1,1,1,2,6,-1,-1, -1,-1,2021,31.0,1,1,0,2,8,1,1,,4,PAUL VERLAINE (RUE),0,,2,1,1,1,(1),(1),1,, -1,1,9,1,30,8,12,2021,13:20,1,35,35055,2,1,0,1,PAUL VERLAINE (RUE),48.08972,-1.60801,13,2,2
202100043972,123Â 080,A01,2,2,2,3,1,-1,-1,0,0,-1,2021,77.0,1,2,0,2,3,19,1,,7,826,0,D,2,4,3,1,5,200,1,, -1,1,5,6,50,16,4,2021,17:15,1,31,31044,2,6,0,3,d 826 route de castres - rond point de Nollet,43.592871,1.505615,17,3,2
202100005775,191Â 471,B01,1,1,1,9,1,0,-1,0,0,-1,2021,54.0,1,5,0,2,3,1,1,,4,AVENUE DE LA PORTE D AUBERVILLIERS,0,,2,2,0,1,(1),(1),2,, -1,2,0,1,30,28,11,2021,09:30,1,75,75118,2,7,1,1,AVENUE DE LA PORTE D AUBERVILLIERS,48.901392,2.370253,9,2,2
202100056153,101Â 511,A01,10,3,1,5,0,-1,-1,1,5,1,2021,8.0,2,2,0,1,1,1,1,,4,MARTINE(RUE ACHILLE),0,,1,1,0,2,(1),(1),1,, -1,1,0,1,50,4,1,2021,18:50,5,56,56260,2,1,0,6,MARTINE (RUE ACHILLE),47.66861521,-2.74705678,18,2,1
202100027504,152Â 563,A01,1,1,1,9,2,6,-1,-1, -1,-1,2021,39.0,2,1,0,2,1,5,1,,3,152,0,,1,1,0,1,0,0,3,, -1,1,0,1,50,21,7,2021,23:30,5,91,91103,2,1,0,1,RUE D'ESTIENNE D'ORVES,48.60767,2.3039,23,2,2
202100032325,143Â 979,B01,1,1,2,9,2,0,-1,0,0,-1,2021,21.0,1,1,0,2,8,15,3,,4,BOULEVARD BARBES,0,,2,4,0,1,(1),(1),1,, -1,1,5,1,50,25,6,2021,20:04,2,75,75118,2,2,0,3,BOULEVARD BARBES,48.89156,2.349624,20,2,2
202100031783,144Â 949,A01,1,1,1,1,2,-1,-1,0,0,-1,2021,45.0,1,1,10,0,7,0,1,,2,1,0,O,2,2,0,1,35,0,1,, -1,1,0,3,60,25,6,2021,16:00,1,987,98734,2,1,0,6,PK 35.000 RT1,-17.758823,-149.515493,16,1,1
202100005089,192Â 676,B01,1,1,2,0,8,0,-1,0,0,-1,2021,37.0,1,1,0,2,0,1,3,,3,ROBERT GALLEY (RUE),0,,1,2,2,1,0,0,2,, -1,1,9,1,50,1,12,2021,15:30,1,10,10333,2,7,0,3,ROBERT GALLEY (RUE),48.289,4.067,15,2,2
202100025200,156Â 619,A01,2,2,1,1,2,6,-1,0,0,-1,2021,15.0,1,1,13,0,1,13,1,,3,69,-1,,2,2,0,1,1,165,3,, -1,1,0,3,80,7,8,2021,22:15,3,18,18230,1,1,0,6,RD 69 PK 1 + 850,46.662073,2.291336,22,2,1
202100011472,181Â 220,A01,8,2,2,5,0,-1,-1,0,0,-1,2021,15.0,0,2,13,0,1,0,1,,3,33,-1,,2,2,0,1,(1),(1),2,, -1,2,0,8,80,24,10,2021,06:00,3,58,58299,1,1,1,6,D233,47.452934,3.439965,6,3,1
202100051779,109Â 144,A01,10,3,2,1,0,-1,-1,4,3,1,2021,21.0,1,2,0,1,3,1,1,,4,SIDOINE APPOLINAIRE                 (AV),0,,2,3,0,1,(1),(1),1,, -1,1,0,1,50,8,2,2021,08:50,1,69,69389,2,2,0,6,SIDOINE APPOLINAIRE (AV),45.7736,4.7952,8,2,1
202100005122,192Â 623,A01,10,3,2,0,0,-1,-1,4,3,2,2021,31.0,-1,2,0,1,1,16,2,,3,"JULES GUESDES  (RUE, DU 2 AU 96 ET DE 1",0,,2,4,0,2,1,0,1,, -1,2,0,1,50,1,12,2021,23:55,5,93,93032,2,3,0,6,MONTGUICHET  (CHEMIN DE),48.87932,2.54668,23,2,1
202100015944,173Â 163,B01,1,1,1,9,2,6,-1,0,0,-1,2021,41.0,2,1,0,0,4,23,1,,4,AVENUE DE LA GRANDE ARMEE,0,,2,4,0,1,(1),(1),1,, -1,1,0,1,30,30,9,2021,09:25,1,75,75116,2,3,0,2,AVENUE DE LA GRANDE ARMEE,48.874827,2.291727,9,2,2
202100005004,192Â 842,B01,1,1,1,1,2,6,-1,-1, -1,-1,2021,25.0,1,1,0,2,1,3,1,,1,AUTOROUTE A6B,0,,3,3,0,1,4,210,1,, -1,2,0,1,90,3,12,2021,18:15,3,94,94038,1,1,1,3,AUTOROUTE A6B,48.7804,2.34619,18,2,2
202100022115,162Â 097,A01,1,1,1,5,1,0,-1,0,0,-1,2021,38.0,1,2,1,0,2,14,1,,4,BOULEVARD DE LA BASTILLE,0,,1,2,1,1,(1),(1),1,, -1,1,0,1,50,27,8,2021,23:30,5,75,75112,2,4,0,6,BOULEVARD DE LA BASTILLE,48.850041,2.368571,23,1,1
202100044372,122Â 355,A01,10,3,2,5,0,-1,-1,2,3,1,2021,54.0,1,0,0,1,6,20,0,,3,GABIN.(RUE JEAN),0,,1,1,0,1,0,0,1,, -1,1,0,1,50,11,4,2021,16:15,1,94,94028,2,1,0,2,GABIN.(RUE JEAN),48.78311,2.44748,16,2,1
202100005942,191Â 173,A01,10,3,2,5,0,-1,-1,8,9,1,2021,73.0,3,5,0,1,6,4,1,,3,656,0,,2,2,0,1,43,1000,1,, -1,2,0,1,30,26,11,2021,10:30,1,47,47001,2,3,0,6,VAL PRE (RUE),44.21081,0.64631,10,2,1
202100004761,193Â 271,A01,10,3,1,1,0,-1,-1,3,3,1,2021,61.0,0,2,0,1,1,15,1,,4,GINGUENE,0,,1,1,2,1,(1),(1),1,, -1,2,0,1,30,3,12,2021,18:35,5,35,35238,2,2,1,6,GINGUENE,48.09943,-1.67556,18,2,1
202100011038,181Â 986,B01,1,1,1,5,2,6,-1,-1, -1,-1,2021,31.0,2,1,0,2,2,1,1,,1,A86 EXT,0,,3,8,0,1,36,500,1,, -1,1,0,1,90,17,10,2021,20:20,3,94,94046,1,1,0,3,A86 EXT,48.8129273331,2.4489557692,20,2,2
202100024715,157Â 468,A01,10,3,2,3,0,-1,-1,1,3,1,2021,40.0,2,2,0,1,1,1,1,,4,FRANTZ FANON (AVENUE),0,,1,1,0,1,0,0,1,, -1,1,0,1,50,10,8,2021,09:10,1,972,97209,2,1,0,6,FRANTZ FANON (AVENUE),14.60525,-61.08446,9,2,1
202100041828,126Â 843,B01,1,1,2,0,8,0,-1,-1, -1,-1,2021,22.0,1,2,0,2,4,2,1,,3,VAILLANT COUTURIER (AVENUE PAUL),0,,2,4,0,1,0,1,1,, -1,1,0,1,50,1,5,2021,20:00,1,93,93008,2,1,0,2,VAILLANT COUTURIER (AVENUE PAUL),48.90556,2.46533,20,2,2
202100036191,137Â 005,B01,1,1,1,9,2,6,-1,-1, -1,-1,2021,30.0,2,1,3,2,3,17,1,,1,A50-Sens Aubagne vers Marseille,0,,3,2,0,3,14,800,2,, -1,1,0,1,90,5,6,2021,16:15,1,13,13005,1,1,0,2,A50-Sens Aubagne vers Marseille,43.2858,5.56926,16,3,2
202100018853,167Â 947,A01,1,1,1,1,1,-1,-1,0,0,-1,2021,59.0,0,2,16,0,9,1,1,,4,,0,,2,1,0,1,(1),(1),1,,3,2,0,3,50,16,9,2021,06:00,3,14,14011,1,1,1,7,Les Buis (anctoville) (Anctoville),49.104128,-0.691216,6,1,1
202100012588,179Â 218,B01,1,1,2,0,0,-1,-1,0,0,-1,2021,16.0,3,1,0,2,1,19,5,,3,,-1,,-1,1,1,1,5,80,1,,4,1,0,1,50,18,10,2021,18:40,5,60,60141,2,3,0,3,Avenue du GÃ©nÃ©ral Leclerc,49.1776394589,2.4552766979,18,2,2
202100023203,160Â 146,A01,2,2,2,5,2,-1,-1,0,0,-1,2021,61.0,1,1,0,2,1,5,1,,3,614,0,,2,2,0,2,4,400,2,, -1,1,0,1,80,20,8,2021,17:15,1,66,66164,1,9,0,1,D614,42.7545471362,2.8657086566,17,3,2
202100009253,185Â 168,A01,1,1,2,1,1,0,-1,-1, -1,-1,2021,19.0,1,2,3,0,1,1,1,,2,RN 136,0,,3,4,0,1,25,799,1,, -1,2,0,1,90,5,11,2021,08:45,2,35,35051,1,1,0,6,RN 136,48.150102,-1.604421,8,1,1
202100012843,178Â 768,A01,1,1,1,0,1,-1,-1,-1, -1,-1,2021,41.0,1,2,0,2,1,1,1,,4,RUE DE LA MISSION DU HAUT BRION,0,,3,6,1,1,(1),(1),2,, -1,1,0,1,50,16,10,2021,05:00,5,33,33522,2,1,0,2,RUE DE LA MISSION DU HAUT BRION,44.81772,-0.60179,5,2,2
202100006506,190Â 173,A01,10,3,1,0,0,-1,-1,6,2,1,2021,62.0,1,2,0,1,7,0,1,,3,21,-1,,2,2,0,1,1,770,1,, -1,1,0,3,80,24,11,2021,10:45,1,72,72050,1,1,1,6,La Groie de Vaumichel,47.980838,-0.213938,10,2,1
202100019128,167Â 433,A01,10,3,2,0,0,-1,-1,3,3,1,2021,66.0,1,2,0,1,1,26,1,,3,PAYS DE GAVOT (ROUTE DU)  RD11,0,,-1,1,0,2,0,1,3,, -1,1,0,8,50,13,9,2021,10:00,1,74,74218,1,1,0,6,PAYS DE GAVOT (ROUTE DU)  RD11,46.38679,6.54637,10,2,1
202100007270,188Â 759,A01,1,1,1,9,2,0,-1,-1, -1,-1,2021,19.0,1,1,0,2,3,17,1,,4,MONTASINOS (RUE DE,0,,2,1,0,2,(1),(1),1,, -1,1,0,1,50,18,11,2021,08:50,1,34,34172,2,3,0,5,MONTASINOS (RUE DE),43.6289525766,3.8807486863,8,3,3
202100038360,133Â 069,A01,1,1,1,0,2,8,-1,-1, -1,-1,2021,34.0,1,1,0,2,8,1,1,,4,AVENUE DE LA LIBERATION,0,,3,2,1,1,(1),(1),1,, -1,1,0,5,50,25,5,2021,23:30,5,44,44143,2,1,0,3,AVENUE DE LA LIBERATION,47.193086,-1.546772,23,2,2
202100055070,103Â 373,B01,1,1,1,4,8,0,-1,0,0,-1,2021,55.0,1,1,0,2,1,1,5,,4,RUE LACAZE,0,,2,2,2,2,(1),(1),1,, -1,1,0,1,50,14,1,2021,09:40,1,75,75114,2,1,0,3,RUE LACAZE,48.824907,2.330667,9,2,2
202100005228,192Â 436,A01,1,1,2,0,1,0,-1,-1, -1,-1,2021,29.0,2,2,4,0,3,1,1,,2,CHAUVEL,0,,1,4,0,3,(1),(1),1,, -1,2,0,3,90,1,12,2021,06:45,2,971,97101,1,1,0,7,CHAUVEL,16.2406615541,-61.5227293968,6,1,1
202100019851,166Â 154,A01,2,2,2,9,1,-1,-1,0,0,-1,2021,20.0,3,2,2,0,1,8,1,,4,ESPAGNE (AVENUE D'),0,,2,2,3,1,(1),(1),2,, -1,1,0,6,50,7,9,2021,21:35,5,80,80021,2,1,0,6,ESPAGNE (AVENUE D'),49.8713634964,2.2862815686,21,3,1
202100008857,185Â 907,B01,1,1,1,0,2,5,-1,-1, -1,-1,2021,32.0,3,1,0,2,1,1,1,,3,182,0,,3,2,0,1,0,0,1,, -1,1,0,1,70,8,11,2021,18:00,5,92,92076,2,1,0,3,JARDY,48.82762,2.15149,18,2,2
202100004325,194Â 028,A01,1,1,2,5,1,-1,-1,0,0,-1,2021,86.0,1,2,0,2,2,15,1,,3,611,0,,2,2,0,1,17,800,1,, -1,2,0,1,70,4,12,2021,16:20,1,86,86139,1,9,1,3,D611,46.426918,0.122614,16,3,2
202100040169,129Â 801,A01,10,3,2,3,0,-1,-1,9,3,1,2021,69.0,2,2,0,1,2,16,1,,4,BERTHELOT ( RUE MARCELLIN ),0,,2,2,0,1,(1),(1),3,, -1,1,0,1,50,29,4,2021,12:15,1,62,62119,2,1,0,6,BERTHELOT ( RUE MARCELLIN ),50.53266,2.644298,12,2,1
202100024861,157Â 219,B01,1,1,1,0,1,-1,-1,0,0,-1,2021,33.0,0,2,0,2,1,1,1,,4,ALEXANDRE DUMAS (RUE),0,,1,1,0,1,(1),(1),1,, -1,1,0,1,50,7,8,2021,06:35,2,80,80021,2,2,0,3,ALEXANDRE DUMAS (RUE),49.87559,2.28118,6,2,2
202100052542,107Â 802,B01,1,1,1,5,2,-1,-1,-1, -1,-1,2021,29.0,2,1,0,2,1,1,1,,3,PARIS (AVENUE DE),0,,2,2,1,1,(1),(1),1,, -1,2,0,1,50,31,1,2021,17:45,2,50,50129,2,1,1,3,PARIS (AVENUE DE),49.62909,-1.61813,17,2,2
202100038825,132Â 224,B01,1,1,2,5,2,8,8,0,0,-1,2021,53.0,2,1,0,2,8,1,5,,3,,-1,,2,1,0,2,8,804,2,,3,1,0,1,50,23,5,2021,13:15,1,6,6079,1,1,0,3,Rue Capitaine de Corvette Marche,43.518859,6.939722,13,2,2
202100022706,161Â 012,A01,1,1,1,5,8,0,-1,-1, -1,-1,2021,9.0,3,1,0,2,1,19,5,,4,BUROS DE,0,,2,2,0,1,0,0,1,, -1,1,0,1,30,23,8,2021,17:05,1,64,64445,2,1,0,3,BUROS DE,43.32331,-0.3465,17,2,2
202100005423,192Â 103,B01,1,1,1,0,1,-1,-1,0,0,-1,2021,75.0,0,2,0,2,1,1,1,,3,619,0,D,2,2,0,2,95,330,2,, -1,5,0,1,80,30,11,2021,14:31,1,70,70248,1,1,1,1,60 Rue de Belfort,47.651086,6.761205,14,2,2
202100030916,146Â 499,B01,1,1,2,5,1,-1,-1,0,0,-1,2021,23.0,1,2,0,2,3,0,1,,2,88,0,,2,2,0,1,33,0,1,, -1,1,8,1,90,2,7,2021,22:00,3,43,43268,1,9,0,5,RN 88,45.144039,4.109863,22,3,3
202100049804,112Â 723,A01,2,2,2,3,1,-1,-1,0,0,-1,2021,61.0,1,2,0,0,1,1,1,,3,14,-1,D,2,2,0,1,12,750,1,, -1,1,0,1,80,25,2,2021,15:00,1,25,25186,1,2,0,3,D14,47.313995,5.942091,15,3,2
202100027839,151Â 953,A01,1,1,1,4,1,-1,-1,0,0,-1,2021,20.0,2,4,0,0,2,1,1,,1,6,-1,,3,4,0,3,199,800,1,, -1,1,0,3,90,21,7,2021,15:30,1,89,89339,1,1,0,7,,47.584356,3.92463,15,1,1
202100035114,138Â 938,A01,1,1,1,5,1,-1,-1,0,0,-1,2021,21.0,3,2,8,0,1,1,1,,4,,-1,,2,2,0,1,(1),(1),3,,0,1,0,3,80,12,6,2021,01:00,3,79,79321,1,1,0,6,Route des Bois Bilazais,46.942908,-0.119724,1,1,1
202100001610,198Â 919,B01,2,1,1,0,2,6,-1,-1, -1,-1,2021,28.0,1,1,0,2,1,0,1,,7,OLIVES (AVENUE DES),0,,2,3,0,1,0,0,1,, -1,1,0,1,50,23,12,2021,18:30,5,13,13213,2,1,0,3,OLIVES (AVENUE DES),43.32907,5.43102,18,2,2
202100047080,117Â 616,B01,1,1,1,5,2,6,-1,0,0,-1,2021,44.0,1,1,0,2,1,1,1,,3,14,0,,2,2,0,1,18,100,1,, -1,1,0,1,80,23,3,2021,09:10,1,83,83043,1,1,0,1,Route des Maures,43.235999,6.286775,9,2,2
202100014570,175Â 664,B01,1,1,1,0,2,6,-1,-1, -1,-1,2021,36.0,3,1,0,2,3,1,1,,4,SAINT GERMAIN (DE),0,,1,0,0,2,(1),(1),1,, -1,1,0,1,30,7,10,2021,08:37,1,78,78481,2,1,0,3,SAINT GERMAIN (DE),48.894419,2.101199,8,2,2
202100040237,129Â 675,B01,1,1,2,0,8,0,-1,-1, -1,-1,2021,8.0,2,1,1,0,1,1,5,,3,911,0,,1,3,3,1,0,0,1,, -1,1,0,6,50,12,5,2021,16:00,1,92,92024,2,1,0,3,JEAN JAURES (BD) DE 47 A 109)   (56 A 14,48.9020485809,2.3045727611,16,2,2
202100038006,133Â 725,Z01,10,3,1,2,8,8,-1,3,3,1,2021,16.0,3,2,0,1,2,1,0,,4,RAVIER (RUE A.),0,,2,2,0,1,(1),(1),1,, -1,1,0,6,50,27,5,2021,08:45,1,38,38185,2,1,0,6,Rue Auguste Ravier,45.1822,5.7387,8,2,1
202100018677,168Â 256,B01,1,1,2,1,1,-1,-1,0,0,-1,2021,64.0,1,2,13,0,8,1,1,,3,31,-1,,2,2,0,1,6,600,2,, -1,1,0,1,70,16,9,2021,16:15,1,89,89083,1,2,0,3,D31,47.844713,3.490246,16,2,2
202100034816,139Â 479,B01,1,1,1,5,1,0,-1,-1, -1,-1,2021,26.0,2,2,0,2,2,1,1,,3,SULLY PRUDHOMME (AVENUE),0,,3,4,0,2,0,0,2,, -1,1,0,1,50,12,6,2021,14:00,1,92,92002,2,1,0,3,SULLY PRUDHOMME (AVENUE),48.7636762747,2.2917249799,14,2,2
202100014381,176Â 005,A01,1,1,1,4,2,6,-1,0, -1,-1,2021,34.0,1,1,0,2,1,1,1,,4,KERMENGUY,0,,2,2,0,1,(1),(1),1,, -1,1,0,1,30,8,10,2021,19:04,1,29,29019,2,3,0,3,Rue de Kermenguy,48.403908,-4.500316,19,2,2
202100023283,160Â 000,B01,1,1,2,1,8,-1,-1,-1, -1,-1,2021,32.0,1,1,0,2,3,2,0,,4,ANTRAIN (D') DE 43 ET 80 A FIN,0,,2,2,0,1,(1),(1),1,, -1,1,5,1,50,20,8,2021,17:20,1,35,35238,2,3,0,3,Rue dâAntrain,48.12062,-1.67204,17,2,2
202100009723,184Â 323,A01,2,2,2,5,2,-1,-1,0,0,-1,2021,16.0,2,1,0,2,0,15,1,,3,,-1,,2,2,0,1,4,430,1,,5,2,0,1,50,23,1,2021,15:15,1,43,43224,2,2,1,7,Rue de Saint-didier,45.249645,4.239693,15,3,2
202100019069,167Â 557,B01,1,1,1,1,2,6,-1,0,0,-1,2021,63.0,1,1,0,2,1,2,1,,2,2,-1,,2,2,0,2,2,800,1,, -1,1,0,1,80,15,9,2021,06:50,1,973,97307,2,1,0,1,RN2 PK2.8,4.866296,-52.334543,6,2,2
202100053867,105Â 460,A01,1,1,2,5,1,-1,-1,0,0,-1,2021,61.0,1,2,0,2,3,1,1,,3,21,0,,2,2,0,2,(1),(1),3,, -1,2,0,1,80,24,1,2021,15:15,1,50,50066,1,4,1,1,Route de Saint Pair,48.777747,-1.539111,15,2,2
202100048664,114Â 768,B01,1,1,1,0,8,0,-1,-1, -1,-1,2021,17.0,2,1,0,2,1,1,3,,4,WASSELONNE (RUE DE),0,,1,2,0,1,0,0,1,, -1,1,0,1,50,8,3,2021,10:20,1,67,67482,2,3,0,3,WASSELONNE (RUE DE),48.5792123743,7.7333433149,10,3,2
202100030703,146Â 878,A01,1,1,1,4,8,-1,-1,0,0,-1,2021,20.0,3,2,0,4,0,19,1,,4,VC,0,,2,2,0,1,(1),(1),1,, -1,2,4,6,50,17,3,2021,19:45,4,1,1043,2,8,0,1,Chemin des Baterses,45.8296156768,4.987500608,19,2,2
202100002696,196Â 954,B01,1,1,1,3,2,-1,-1,0,0,-1,2021,25.0,1,1,0,0,1,0,1,,2,1,-1,,2,1,0,2,6,900,3,, -1,1,0,1,40,12,12,2021,19:00,5,987,98715,2,9,0,3,PK6.900 RT1 face Ã  la rÃ©sidence Fanatea,-17.584522,-149.568578,19,2,2
202100009425,184Â 851,B01,1,1,2,0,1,0,-1,-1, -1,-1,2021,68.0,2,2,0,2,3,1,1,,7,HAUBOURDIN RUE D,0,,2,2,0,2,(1),(1),1,, -1,1,0,1,50,3,11,2021,13:05,1,59,59195,2,1,0,1,HAUBOURDIN RUE D,50.62336,2.96163,13,2,2
202100013689,177Â 233,A01,1,1,1,9,2,6,-1,0,0,-1,2021,57.0,1,1,0,2,6,15,1,,4,ROUTE DES MOULINS,0,,2,2,0,1,(1),(1),1,, -1,1,0,1,50,11,10,2021,07:15,2,75,75116,2,2,0,3,ROUTE DES MOULINS,48.865084,2.234472,7,2,2
202100021535,163Â 150,C01,2,2,2,3,1,-1,-1,0,0,-1,2021,82.0,2,2,0,2,1,1,1,,3,982,-1,,2,2,0,1,23,150,1,, -1,1,0,1,70,2,9,2021,08:00,1,30,30068,1,1,0,5,Route des CÃ©vennes,44.023287,4.091903,8,4,3
202100014361,176Â 040,A01,1,1,1,5,8,0,-1,-1, -1,-1,2021,34.0,2,1,0,2,1,26,3,,4,ASIE (CHAUSSEE D') - IMPAIR,0,,1,1,0,1,0,0,1,, -1,2,0,1,30,6,10,2021,17:59,1,57,57672,2,1,1,1,ASIE (CHAUSSEE D') - IMPAIR,49.3639687,6.1469658,17,2,2
202100055870,102Â 016,A01,1,1,2,3,1,-1,-1,0,0,-1,2021,55.0,2,2,13,0,9,1,1,,3,,-1,,2,2,0,2,(1),(1),2,, -1,2,0,3,80,7,1,2021,16:05,1,53,53185,1,1,0,6,Le Haut St Julien (PrÃ©-en-Pail),48.429337,-0.189129,16,1,1
202100029637,148Â 811,B01,1,1,1,0,2,0,-1,-1, -1,-1,2021,19.0,2,1,0,2,1,1,1,,4,MOULIN JEAN (AVE) NR 10 A 20 ET  13 A 17,0,,2,2,0,1,0,0,1,, -1,1,0,1,50,10,7,2021,15:30,1,93,93066,2,4,0,2,MOULIN JEAN (AVE) NR 10 A 20 ET  13 A 17,48.94035,2.36348,15,2,2
202100012711,178Â 995,B01,1,1,1,5,1,-1,-1,0,0,-1,2021,24.0,1,2,0,2,3,21,1,,3,411,0,,2,2,0,3,20,392,1,, -1,1,0,1,80,15,10,2021,20:20,3,77,77019,1,1,0,1,D411,48.391399,3.157089,20,2,2
202100026683,154Â 012,A01,10,3,1,5,0,-1,-1,3,3,1,2021,64.0,2,1,0,1,1,1,3,,4,RUE BAUDRICOURT,0,,1,1,0,1,(1),(1),1,, -1,1,8,1,30,28,7,2021,20:25,1,75,75113,2,1,0,6,RUE BAUDRICOURT,48.825764,2.362983,20,2,1
202100027656,152Â 286,A01,1,1,1,5,0,-1,-1,0,0,-1,2021,16.0,3,1,15,0,1,1,1,,4,,-1,,2,1,0,1,(1),(1),2,,3,1,0,3,50,23,7,2021,17:00,1,76,76160,2,1,0,7,Rue de l Eglise,49.552754,0.82349,17,1,1
202100021848,162Â 577,A01,1,1,1,5,2,6,-1,0,0,-1,2021,35.0,3,1,0,2,3,1,1,,3,191,0,,2,2,0,2,9,500,4,, -1,1,0,1,80,30,8,2021,20:50,2,49,49067,1,1,0,1,RD 191,47.655878,-0.659909,20,3,2
202100045609,120Â 207,A01,10,3,1,1,0,-1,-1,4,3,1,2021,67.0,0,2,0,1,3,16,1,,4,HORTICULTUR (RUE DE L'),0,,2,2,0,1,(1),(1),3,, -1,1,0,1,50,1,4,2021,09:00,1,13,13209,2,1,0,6,HORTICULTUR (RUE DE L'),43.256836,5.410208,9,2,1