Num_Acc,id_vehicule,num_veh,place,catu,sexe,trajet,secu1,secu2,secu3,locp,actp,etatp,year_acc,victim_age,senc,catv,obs,obsm,choc,manv,motor,occutc,catr,voie,v1,v2,circ,nbv,vosp,prof,pr,pr1,plan,lartpc,larrout,surf,infra,situ,vma,jour,mois,an,hrmn,lum,dep,com,agg_,int,atm,col,adr,lat,long,hour,nb_victim,nb_vehicules
202100053466,106Â 147,B01,1,1,2,0,0,-1,-1,0,0,-1,2021,62.0,1,1,0,2,8,1,5,,4,DIDEROT (RUE),0,,2,1,0,1,(1),(1),1,, -1,1,0,1,50,27,1,2021,14:44,1,26,26281,2,1,0,3, 19 Rue Diderot,45.053809,5.046135,14,2,2
202100034492,140Â 074,A01,1,1,1,9,2,-1,-1,0,0,-1,2021,45.0,1,1,8,0,1,1,0,,9,,-1,,1,2,0,1,(1),(1),1,,4,1,0,1,-1,14,6,2021,22:00,5,6,6032,1,1,0,6,5 Avenue Raymond Gramaglia,43.720485,7.391593,22,1,1
202100011450,181Â 252,A01,1,1,1,9,8,-1,-1,0,0,-1,2021,34.0,2,1,0,2,1,17,1,,2,5,0,,2,2,0,1,22,200,3,, -1,1,0,1,80,23,10,2021,22:30,3,972,97227,1,1,0,6,Pointe Fusette,14.469074,-60.914243,22,4,3
202100009153,185Â 351,B01,1,1,1,5,2,-1,-1,0,0,-1,2021,26.0,2,1,3,2,1,13,1,,3,D609,0,,2,2,0,1,25,715,3,, -1,1,0,3,-1,6,11,2021,14:50,1,34,34142,1,1,0,3,Route de Montpellier,43.72168,3.324067,14,2,2
202100006882,189Â 472,A01,1,1,1,5,1,-1,-1,0,0,-1,2021,75.0,3,2,0,0,2,12,1,,3,1075,-1,,1,3,0,1,(1),(1),2,, -1,1,0,8,50,22,11,2021,18:00,5,38,38565,1,6,0,3,rd 1075,45.295162,5.628777,18,2,2
202100025069,156Â 844,A01,1,1,2,5,1,-1,-1,0,0,-1,2021,19.0,1,2,6,0,1,21,1,,3,5,-1,,1,2,0,3,(1),(1),3,, -1,1,0,3,70,8,8,2021,11:20,1,971,97117,2,1,0,7,Route de Lacroix,16.321311,-61.392276,11,2,2
202100035678,137Â 939,Z01,10,3,1,5,8,8,-1,1,3,1,2021,7.0,1,2,0,1,2,9,0,,4,LIBERTE (AVENUE DE LA),0,,3,1,0,1,0,0,3,, -1,1,0,1,30,8,6,2021,20:00,1,91,91549,1,1,0,6,LIBERTE (AVENUE DE LA),48.64207,2.34617,20,2,1
202100039975,130Â 136,A01,10,3,1,0,0,-1,-1,4,3,1,2021,15.0,2,5,0,1,1,7,1,,3,VIC. HUGO(RUE)115A149 ET 148A178,0,,1,2,2,1,0,0,1,, -1,2,0,1,50,14,5,2021,18:37,1,92,92044,2,5,0,6,VIC. HUGO(RUE)115A149 ET 148A178,48.8982917937,2.2943669558,18,2,1
202100028943,149Â 993,A01,1,1,1,5,1,-1,-1,-1, -1,-1,2021,23.0,1,2,0,2,7,1,1,,1,AUTOROUTE A 10,0,,-1,1,-1,1,530,599,1,, -1,1,9,1,30,15,7,2021,14:40,1,33,33366,1,9,0,5,,44.978006,-0.431411,14,4,4
202100044647,121Â 912,A01,2,2,2,0,1,0,-1,-1, -1,-1,2021,2.0,1,2,0,2,4,0,1,,1,AUTOROUTE A3,0,,3,10,0,1,7,0,1,, -1,1,0,1,70,9,4,2021,14:00,1,93,93053,1,1,0,3,AUTOROUTE A3,48.89754,2.46977,14,3,2
202100045342,120Â 692,B01,1,1,1,5,1,0,-1,-1, -1,-1,2021,60.0,1,2,0,2,3,1,1,,3,SAINT-FRANCOIS (BOULEVARD),0,,2,2,0,2,1,380,3,, -1,2,0,1,50,31,3,2021,16:30,1,974,97411,2,1,0,1,Boulevard de Saint FranÃ§ois,-20.90011,55.46373,16,2,2
202100036300,136Â 800,B01,1,1,1,0,2,6,-1,0,0,-1,2021,30.0,2,1,14,0,0,21,1,,3,15,-1,D,2,2,0,1,2,296,3,,"6,6",1,5,1,30,5,6,2021,15:21,1,79,79163,2,3,0,3,Rue des Anciens Artisans,46.15359,0.082242,15,2,2
202100013296,177Â 975,A01,10,3,1,2,0,-1,-1,2,3,1,2021,17.0,3,1,0,1,1,2,1,,7,,0,,2,2,0,2,(1),(1),1,, -1,1,0,1,50,14,10,2021,17:20,1,6,6088,2,1,0,6,JOLY (CORNICHE ANDRE DE),43.701784,7.294649,17,2,1
202100004148,194Â 330,A01,1,1,2,5,1,9,-1,0,0,-1,2021,52.0,1,2,2,0,7,12,1,,3,900,-1,,3,4,0,1,15,210,1,, -1,1,0,3,110,9,12,2021,15:00,1,66,66141,1,1,0,6,RD 900,42.760105,2.897494,15,1,1
202100008960,185Â 702,A01,1,1,1,9,8,0,-1,-1, -1,-1,2021,42.0,1,2,0,2,1,5,1,,3,CLEMENCEAU (RUE G. DU 1-2 AU16-17),0,,2,1,0,2,12,274,1,, -1,1,0,1,50,6,11,2021,18:55,5,1,1283,2,2,0,5,CLEMENCEAU (RUE G. DU 1-2 AU16-17),46.2554,5.65385,18,9,3
202100006457,190Â 253,A01,10,3,1,5,0,-1,-1,5,1,1,2021,71.0,2,2,6,1,1,20,1,,4,RUE MALAR,0,,2,2,0,1,(1),(1),1,, -1,1,0,4,30,24,11,2021,18:20,2,75,75107,2,2,0,6,RUE MALAR,48.861702,2.305464,18,2,1
202100042533,125Â 599,A01,1,1,1,5,2,-1,-1,0,0,-1,2021,16.0,1,1,0,2,1,1,1,,3,67,0,,2,2,0,2,34,60,2,, -1,1,2,1,70,26,4,2021,18:05,1,1,1266,1,1,0,1,Route de Cuet,46.325413,5.114184,18,2,2
202100052544,107Â 799,B01,1,1,2,1,8,0,-1,-1, -1,-1,2021,21.0,3,1,0,2,7,0,5,,4,FERCHAUD (RUE HENRI),0,,2,2,0,1,(1),(1),1,, -1,1,0,1,50,4,2,2021,09:20,1,45,45302,2,6,0,3,Rue Henri Ferchaud,47.929482047,1.8915119613,9,2,2
202100032757,143Â 221,A01,10,3,2,0,0,-1,-1,3,3,1,2021,61.0,1,2,0,1,2,1,1,,4,,-1,,2,2,0,1,(1),(1),1,,"5,5",2,0,8,50,23,6,2021,16:50,1,38,38269,2,1,1,6,Avenue Chion Ducollet,44.904332,5.786844,16,2,1
202100042706,125Â 295,A01,1,1,1,9,2,6,-1,0,0,-1,2021,31.0,1,1,0,2,7,17,1,,4,BOULEVARD RASPAIL,0,,3,1,0,1,(1),(1),1,, -1,1,0,1,50,24,4,2021,15:55,1,75,75107,2,3,0,3,BOULEVARD RASPAIL,48.852399,2.326569,15,2,2
202100049246,113Â 730,A01,1,1,1,1,2,6,-1,-1, -1,-1,2021,54.0,2,1,0,2,3,1,1,,3,FURNES - ROUTE,0,,2,5,2,1,(1),(1),1,, -1,1,0,5,50,2,3,2021,17:00,1,59,59155,2,1,0,2,FURNES - ROUTE,51.033,2.3988,17,2,2
202100015565,173Â 863,A01,10,3,1,5,0,-1,-1,9,B,1,2021,85.0,1,5,0,1,4,4,1,,4,VILAR PLACE,0,,2,2,0,1,1,0,1,, -1,1,0,1,50,30,9,2021,15:26,1,49,49007,2,1,0,6,VILAR PLACE,47.44566,-0.56245,15,2,1
202100021687,162Â 869,A01,2,2,2,0,2,-1,-1,0,0,-1,2021,65.0,0,1,4,0,1,1,1,,5,VNF,-1,,2,2,0,1,(1),(1),1,, -1,1,9,1,-1,1,9,2021,16:20,1,67,67106,1,1,0,6,route de la VNF,48.741163,7.964616,16,2,1
202100023445,159Â 714,A01,10,3,2,0,0,-1,-1,3,3,1,2021,61.0,3,2,0,1,1,1,1,,4,MISTRAL (BOULEVARD FREDERIC),0,,2,2,0,1,0,0,1,, -1,1,9,1,50,18,8,2021,14:15,1,11,11262,2,1,0,6,MISTRAL (BOULEVARD FREDERIC),43.18567,3.00143,14,2,1
202100029399,149Â 230,B01,1,1,1,1,2,-1,-1,0,0,-1,2021,30.0,2,1,0,2,1,17,1,,3,6,0,N,2,3,0,1,36,890,1,, -1,2,0,1,90,12,7,2021,18:40,1,69,69055,1,2,1,3,112 Route Nationale 6,45.8790494274,4.746453166,18,2,2
202100029325,149Â 344,A01,1,1,1,5,2,6,-1,0,0,-1,2021,65.0,2,1,0,2,1,1,1,,4,RUE LINOIS,0,,2,2,0,1,(1),(1),1,, -1,2,0,1,50,12,7,2021,09:20,1,75,75115,2,3,1,3,RUE LINOIS,48.848524,2.282883,9,2,2
202100049489,113Â 293,A01,1,1,1,0,2,6,-1,-1, -1,-1,2021,21.0,1,1,0,2,3,15,1,,3,,-1,,2,2,-1,1,1,150,1,, -1,1,5,1,-1,2,3,2021,17:35,1,64,64102,2,2,0,3,MAUBEC (RUE),43.50359,-1.46787,17,2,2
202100044466,122Â 210,A01,1,1,1,1,1,0,-1,-1, -1,-1,2021,22.0,3,2,7,0,3,1,1,,7,CD 9 ESTROUBLANS,0,,3,2,0,1,20,200,1,, -1,3,0,1,90,10,4,2021,22:15,3,13,13117,2,1,1,7,CD 9 ESTROUBLANS,43.42761,5.2557,22,1,1
202100006971,189Â 303,A01,3,2,2,5,1,-1,-1,0,0,-1,2021,71.0,1,2,7,2,7,13,2,,1,9,-1,A,3,3,0,1,61,600,1,, -1,1,8,1,90,21,11,2021,15:40,1,30,30036,1,1,0,3,A9 - PK 61+600,43.7737898496,4.2819857597,15,4,2
202100032849,143Â 051,A01,1,1,1,0,2,0,-1,-1, -1,-1,2021,42.0,1,1,0,2,1,1,1,,3,R D 900,0,,3,2,0,3,25,2105,1,, -1,1,0,1,50,21,6,2021,08:00,1,66,66136,1,1,0,2,R D 900,42.674035,2.887313,8,2,2
202100032748,143Â 236,A01,1,1,1,9,2,6,-1,0,0,-1,2021,18.0,2,1,0,2,1,6,1,,3,2089,-1,,3,2,0,1,19,545,1,, -1,2,0,1,50,23,6,2021,15:50,1,63,63430,2,1,1,5,73 Avenue LÃ©o Lagrange,45.8468151929,3.527631551,15,3,3
202100001309,199Â 424,B01,1,1,2,-1,1,8,8,0,0,-1,2021,29.0,2,2,0,2,7,1,1,,1,750,0,A,1,2,0,1,32,940,1,, -1,2,0,1,130,28,12,2021,08:30,1,34,34239,1,1,1,5,A750,43.655907,3.520949,8,3,3
202100023273,160Â 017,A01,1,1,2,0,1,0,-1,0,0,-1,2021,24.0,1,2,0,2,7,15,1,,4,AIGUILLETTES  (BD 5A A 17A),0,,4,5,0,1,(1),(1),1,, -1,1,0,1,50,21,8,2021,01:00,5,54,54578,2,2,0,3,AIGUILLETTES  (BD 5A A 17A),48.67025,6.15826,1,2,2
202100010187,183Â 493,A01,1,1,1,0,2,0,-1,-1, -1,-1,2021,33.0,2,1,0,2,1,2,1,,3,62,0,,2,4,0,1,0,0,1,, -1,2,0,1,50,30,10,2021,17:20,1,92,92049,2,1,1,2,DORMOY AVENUE MARX NÂ°102 A FIN,48.8110669391,2.3037332296,17,2,2
202100027763,152Â 082,B01,1,1,1,1,2,6,-1,0,0,-1,2021,27.0,2,1,0,2,5,1,1,,4,BOULEVARD PERIPHERIQUE EXTERIEUR SUD,0,,1,4,0,1,1,400,1,, -1,1,0,1,70,21,7,2021,19:20,1,75,75113,2,1,0,3,BOULEVARD PERIPHERIQUE EXTERIEUR SUD,48.819874,2.374335,19,2,2
202100035326,138Â 564,A01,1,1,1,5,2,0,-1,0,0,-1,2021,31.0,1,1,0,2,1,2,1,,4,BOULEVARD HAUSSMANN,0,,1,3,0,1,(1),(1),1,, -1,1,0,1,50,9,6,2021,23:40,5,75,75108,2,1,0,2,BOULEVARD HAUSSMANN,48.874567,2.321214,23,2,2
202100003884,194Â 810,A01,10,3,2,5,0,-1,-1,2,A,1,2021,90.0,1,2,0,1,1,1,1,,3,24,-1,,2,2,0,1,(1),(1),1,, -1,2,0,1,50,10,12,2021,18:30,5,63,63195,2,1,1,6,24 Avenue du Docteur Corny,45.823847,3.383973,18,2,1
202100047177,117Â 439,A01,2,2,1,5,1,-1,-1,0,0,-1,2021,20.0,2,2,4,2,1,17,1,,2,1,-1,,3,4,0,1,(1),(1),1,, -1,1,0,1,110,21,3,2021,18:30,3,971,97107,1,1,0,2,N1,16.034069,-61.572865,18,7,2
202100022447,161Â 513,A01,1,1,1,4,1,-1,-1,-1, -1,-1,2021,58.0,3,3,6,0,1,1,1,1.0,4,RUE DU MOULINEAU,0,,2,2,0,1,(1),(1),1,, -1,1,0,1,50,26,8,2021,08:30,1,33,33162,2,1,0,6,Rue du Moulineau,44.87381,-0.664635,8,1,1
202100032949,142Â 860,A01,1,1,1,0,2,6,-1,0,0,-1,2021,39.0,1,1,0,0,4,0,1,,3,105,-1,,3,2,0,1,3,900,1,, -1,2,0,1,90,22,6,2021,22:58,4,17,17414,1,1,0,2,D105,46.208631,-1.136495,22,2,2
202100028556,150Â 677,A01,9,2,2,5,1,-1,-1,0,0,-1,2021,43.0,2,2,3,2,1,2,1,,1,A49,-1,,1,4,0,1,13,200,1,, -1,1,0,1,130,17,7,2021,17:30,1,38,38450,1,1,0,2,A49,45.294792,5.554774,17,6,3
202100009428,184Â 846,B01,1,1,1,4,2,0,-1,0,0,-1,2021,38.0,1,1,0,2,4,2,3,,4,VINGTIEME CORPS (AVENUE DU),0,,1,2,0,1,(1),(1),1,, -1,1,0,1,50,4,11,2021,20:20,5,54,54395,2,1,0,2,VINGTIEME CORPS (AVENUE DU),48.6959236639,6.1959437281,20,2,2
202100052140,108Â 511,B01,1,1,1,4,8,0,-1,0,0,-1,2021,34.0,3,1,0,2,1,17,1,,4,AVENUE DE LA PORTE DE LA CHAPELLE,0,,1,2,0,2,(1),(1),1,, -1,1,0,1,50,8,2,2021,22:05,5,75,75118,2,2,0,3,AVENUE DE LA PORTE DE LA CHAPELLE,48.901554,2.359098,22,2,2
202100001734,198Â 689,A01,1,1,2,5,1,0,-1,-1, -1,-1,2021,75.0,1,2,0,2,1,1,1,,3,MONTREAL -ROUTE DE -,0,,1,2,0,1,1,0,1,, -1,1,5,1,50,22,12,2021,09:30,1,11,11069,2,2,0,3,MONTREAL -ROUTE DE -,43.211285789,2.3264998198,9,2,2
202100051686,109Â 308,A01,1,1,1,0,2,0,-1,-1, -1,-1,2021,37.0,3,1,0,2,1,1,1,,4,TRESPEAUX (CHEMIN DE),0,,2,2,0,1,0,0,1,, -1,1,0,1,50,11,2,2021,09:30,1,30,30007,2,2,0,5,TRESPEAUX (CHEMIN DE),44.11707,4.10639,9,3,3
202100030045,148Â 080,B01,1,1,1,0,2,5,-1,-1, -1,-1,2021,46.0,1,1,0,2,1,2,1,,3,BRIAND (AV. ARISTIDE) 2 A 132,0,,3,7,0,1,1,0,1,, -1,1,0,1,50,8,7,2021,19:30,1,93,93057,2,1,0,3,BRIAND (AV. ARISTIDE) 2 A 132,48.90782,2.49411,19,2,2
202100023566,159Â 514,B01,1,1,2,4,1,0,-1,-1, -1,-1,2021,38.0,1,2,0,2,3,15,1,,4,COUTURES (AVENUE DES),0,,2,2,0,2,0,0,2,, -1,1,0,1,50,17,8,2021,11:56,1,87,87085,2,1,0,3,COUTURES (AVENUE DES),45.83494,1.27245,11,2,2
202100019926,166Â 014,A01,10,3,1,2,0,-1,-1,9,A,2,2021,10.0,2,2,1,1,1,1,0,,3,GALLIENI (AV.) DE 188 A 230,0,,3,2,0,2,(1),(1),1,, -1,1,0,1,50,9,9,2021,08:25,1,93,93010,2,1,0,6,GALLIENI (AV.) DE 188 A 230,48.907108,2.48925,8,2,1
202100020469,165Â 046,B01,1,1,1,9,1,0,-1,-1, -1,-1,2021,36.0,1,0,0,2,0,0,1,,7,MARNE AVENUE DE LA,0,,2,4,0,1,(1),(1),1,, -1,1,5,1,50,13,5,2021,20:30,1,59,59378,1,2,0,3,MARNE AVENUE DE LA,50.67952,3.1148,20,2,2
202100006338,190Â 464,B01,1,1,1,0,2,6,-1,0,0,-1,2021,58.0,3,1,0,2,1,1,1,,3,9,0,D,2,2,0,1,6,226,1,, -1,1,5,1,50,26,11,2021,14:50,1,6,6090,1,3,0,1,Avenue de la Republique,43.589368,6.936433,14,2,2
202100013770,177Â 097,A01,7,2,1,0,0,-1,-1,0,0,-1,2021,35.0,1,2,2,0,2,0,1,,2,1,-1,,2,2,0,1,253,500,2,,7,1,0,3,70,13,10,2021,11:55,1,973,97311,1,1,0,7,Avenue Gaston Monnerville,5.4869053814,-53.9962341786,11,3,1
202100020998,164Â 129,B01,1,1,1,0,2,-1,-1,-1, -1,-1,2021,22.0,2,1,0,2,8,1,1,,4,CLAUDE BERNARD                      (QU),0,,1,3,2,1,(1),(1),1,, -1,1,0,1,50,3,9,2021,13:45,1,69,69387,2,3,0,3,CLAUDE BERNARD (Q),45.75471,4.83928,13,2,2
202100000026,201Â 715,A01,2,2,2,5,2,6,9,0,0,-1,2021,49.0,1,1,0,2,7,3,1,,1,6,-1,,3,4,0,1,234,500,1,, -1,1,0,1,130,26,12,2021,15:00,1,21,21073,1,1,0,5,A6 PK 234.500 sens PARIS-LYON,47.439351,4.300622,15,9,3
202100009926,183Â 948,A01,1,1,1,5,2,6,-1,0,0,-1,2021,52.0,1,1,0,2,8,18,1,,4,AVENUE FOCH,0,,2,4,0,2,(1),(1),1,, -1,2,0,1,30,31,10,2021,11:55,1,75,75116,2,1,1,3,AVENUE FOCH,48.873571,2.292331,11,4,2
202100003981,194Â 636,A01,1,1,2,1,2,8,-1,-1, -1,-1,2021,35.0,3,1,0,2,1,1,1,,4,DUMAY DELILLE (BOULEVARD),0,,1,1,0,1,0,100,1,, -1,2,0,1,50,7,12,2021,09:05,1,91,91421,2,1,0,6,DUMAY DELILLE (BOULEVARD),48.699002,2.466536,9,2,2
202100022654,161Â 124,B01,2,2,1,9,1,0,-1,0,0,-1,2021,19.0,1,2,0,2,1,1,1,,4,AVENUE DE FLANDRE,0,,1,2,0,1,(1),(1),1,, -1,1,0,1,50,25,8,2021,00:20,5,75,75119,2,7,0,3,AVENUE DE FLANDRE,48.884178,2.368597,0,3,2
202100049146,113Â 911,B01,1,1,1,1,2,6,-1,-1, -1,-1,2021,33.0,2,1,0,2,1,3,1,,2,MARECHAL DE LATTRE DE TASSIGNY (AV),0,,1,2,0,1,19,0,1,, -1,1,0,1,50,5,3,2021,08:40,1,94,94004,1,1,0,4,Avenue du GÃ©nÃ©ral Leclerc,48.73888,2.51665,8,3,3
202100023979,158Â 772,B01,2,2,1,5,1,-1,-1,-1, -1,-1,2021,74.0,1,2,0,2,4,1,1,,1,AUTOROUTE A 10,0,,3,6,0,2,532,600,1,, -1,1,2,1,130,15,8,2021,08:25,1,33,33143,1,1,0,2,,44.962131,-0.443088,8,5,2
202100050559,111Â 317,B01,1,1,1,0,2,-1,-1,-1, -1,-1,2021,33.0,1,1,0,2,3,26,3,,4,BELLECOMBE (DE)                     (R ),0,,1,4,0,1,(1),(1),1,, -1,1,0,1,50,20,2,2021,11:50,1,69,69386,2,2,0,3,BELLECOMBE (DE) (R),45.76816,4.86317,11,2,2
202100000338,201Â 117,B01,1,1,1,1,2,6,-1,-1,0,-1,2021,48.0,1,1,0,2,7,1,1,,3,PARIS (RUE DE),0,,3,4,0,2,1,0,1,, -1,1,0,1,50,29,12,2021,19:20,5,95,95680,2,1,0,3,PARIS (RUE DE),49.0081617344,2.3832768202,19,2,2
202100052523,107Â 837,A01,10,3,2,2,8,8,-1,3,3,2,2021,12.0,2,2,0,1,2,1,1,,7,FONTAN (AVE DU DOCTEUR),0,,-1,2,0,1,1,500,1,, -1,1,0,1,30,3,2,2021,12:15,1,83,83137,2,1,0,6,FONTAN (AVE DU DOCTEUR),43.13106,5.9196,12,3,1
202100001311,199Â 418,C01,2,2,2,5,1,-1,-1,0,0,-1,2021,67.0,2,2,0,2,3,1,1,,3,,0,,2,2,0,2,10,400,1,, -1,2,0,1,80,27,12,2021,15:30,1,32,32033,1,3,1,5,D34,43.669866,0.338463,15,4,3
202100036290,136Â 813,B01,2,2,2,5,1,-1,-1,0,0,-1,2021,27.0,2,2,0,0,6,1,1,,1,A9,0,A,1,3,0,2,228,700,1,, -1,1,0,1,130,6,6,2021,13:10,1,66,66190,1,1,0,2,autoroute A9 PK 228+700 sens Perpignan- Narbonne,42.867283,2.98193,13,4,2
202100030477,147Â 293,A01,1,1,1,5,2,6,-1,0,0,-1,2021,61.0,1,1,0,2,1,0,1,,3,939,0,,2,2,0,1,6,150,1,, -1,1,0,1,80,25,6,2021,16:20,1,17,17212,1,3,0,5,D939,45.835049,-0.210736,16,4,3
202100054097,105Â 050,B01,1,1,2,1,2,0,-1,0,0,-1,2021,65.0,1,1,0,2,0,1,5,,4,RUE MADAME,0,,1,2,0,1,(1),(1),1,, -1,1,0,1,50,22,1,2021,13:05,1,75,75106,2,1,0,2,RUE MADAME,48.847517,2.331608,13,2,2
202100038957,132Â 003,A01,10,3,2,5,0,-1,-1,4,3,1,2021,20.0,1,1,0,1,0,1,1,,4,QUAI DES GRANDS AUGUSTINS,0,,1,2,0,1,(1),(1),1,, -1,1,0,1,50,20,5,2021,13:10,1,75,75106,2,2,0,6,QUAI DES GRANDS AUGUSTINS,48.853922,2.344122,13,2,1
202100050330,111Â 738,A01,10,3,2,2,8,-1,-1,3,3,2,2021,9.0,1,2,0,1,2,2,1,,4,TAITTINGER (RUE PIERRE),0,,2,2,0,1,(1),(1),1,, -1,1,0,1,30,24,2,2021,16:40,1,51,51454,2,1,0,7,Rue Pierre Taittinger,49.2369097662,4.0047423459,16,2,1
202100031092,146Â 167,A01,1,1,1,9,2,8,-1,-1, -1,-1,2021,33.0,0,1,0,2,3,17,1,,4,MAUVES ( BD DE LA PRAIRIE),0,,3,2,3,1,(1),(1),1,, -1,1,0,1,70,2,7,2021,16:25,1,44,44109,1,1,0,3,MAUVES ( BD DE LA PRAIRIE),47.22507,-1.49729,16,2,2
202100020981,164Â 165,B01,2,2,2,0,1,0,-1,-1, -1,-1,2021,67.0,1,2,0,2,4,2,1,,1,A12 Y,0,,1,4,0,1,4,0,1,, -1,1,0,1,110,4,9,2021,13:20,1,78,78545,1,1,0,4,A12 Y,48.816426,2.062916,13,4,3
202100035594,138Â 096,B01,1,1,2,1,1,-1,-1,0,0,-1,2021,49.0,1,2,0,2,3,1,1,,4,,0,,2,2,0,1,(1),(1),1,,7,1,0,1,30,10,6,2021,18:00,1,30,30256,2,1,0,6,1 Route de Barjac,44.184043,4.579684,18,2,2
202100010232,183Â 421,B01,1,1,2,0,1,-1,-1,0,0,-1,2021,27.0,0,2,1,0,2,0,1,,3,5,0,,2,3,0,1,22,800,2,, -1,2,0,1,50,31,10,2021,06:45,5,42,42147,2,1,0,1,Boulevard LachÃ¨ze,45.604962,4.06594,6,2,2
202100011033,182Â 000,A01,1,1,1,0,2,6,-1,-1, -1,-1,2021,30.0,1,1,0,2,0,0,1,,1,AUTOROUTE A3,0,,1,3,0,1,6,500,1,, -1,1,0,1,90,25,10,2021,18:10,1,93,93010,1,1,0,2,AUTOROUTE A3,48.89182,2.4732,18,2,2
202100029651,148Â 788,A01,2,2,2,0,1,-1,-1,0,0,-1,2021,44.0,2,2,12,0,1,0,1,,2,2,0,,2,2,0,2,36,500,2,, -1,1,0,1,70,9,7,2021,20:35,3,972,97218,1,1,0,6,Plateau Sable,14.767047,-61.147338,20,2,1
202100018316,168Â 885,A01,2,2,2,0,2,-1,-1,-1, -1,-1,2021,30.0,0,1,0,2,1,13,1,,7,SAINT JEAN. ROUTE DE,0,,2,2,0,2,6,800,2,, -1,1,0,1,80,17,9,2021,12:20,1,76,76366,1,1,0,1,SAINT JEAN. ROUTE DE,49.5100982686,1.0230374336,12,3,2
202100013932,176Â 797,A01,10,3,1,5,0,-1,-1,2,9,1,2021,70.0,1,2,0,1,1,16,1,,3,813,0,,2,2,0,1,21,840,1,, -1,1,0,4,50,8,10,2021,18:28,2,47,47069,2,4,0,6,D813,44.221999,0.560067,18,2,1
202100025155,156Â 691,B01,1,1,1,5,2,0,-1,0, -1,-1,2021,20.0,2,1,0,2,1,9,1,,3,MERMOZ (AVENUE JEAN),0,,2,2,0,1,0,1,1,, -1,1,0,1,50,7,8,2021,15:30,1,93,93027,2,5,0,3,Avenue Jean Mermoz / Rue Nungesser,48.9327447694,2.412166357,15,2,2
202100003120,196Â 189,A01,1,1,2,4,8,0,-1,-1, -1,-1,2021,62.0,1,2,0,2,8,26,1,,4,MONPLAISIR BOULEVARD,0,,2,2,0,1,1,0,1,, -1,1,0,1,50,13,12,2021,11:59,1,49,49007,2,1,0,3,MONPLAISIR BOULEVARD,47.49114,-0.52906,11,2,2
202100044449,122Â 238,A01,1,1,2,1,8,0,-1,-1, -1,-1,2021,39.0,1,2,1,0,2,1,1,,3,RENE CASSIN (RUE),0,,1,1,0,1,0,100,1,, -1,2,0,1,30,10,4,2021,06:40,5,91,91421,2,1,1,3,RENE CASSIN (RUE),48.700571,2.46478,6,1,1
202100002961,196Â 480,B01,1,1,1,5,2,6,-1,0,0,-1,2021,38.0,2,1,0,2,3,1,1,,4,PORTE DE SEVRES,0,,1,3,0,1,8,900,1,, -1,1,0,1,70,14,12,2021,12:05,1,75,75115,2,4,0,3,PORTE DE SEVRES,48.832646,2.279841,12,4,2
202100012989,178Â 524,A01,1,1,1,1,1,-1,-1,0,0,-1,2021,47.0,1,2,0,2,1,2,1,,3,,0,,-1,1,0,2,(1),(1),3,,"3,5",1,0,8,50,16,10,2021,16:00,1,69,69009,2,1,1,1,EUROPE (DE L') (AV),45.949001,4.712641,16,2,2
202100043252,124Â 349,A01,1,1,1,5,2,-1,-1,0,0,-1,2021,83.0,1,1,0,0,1,3,5,,3,570,-1,,4,2,0,1,73,200,1,, -1,1,0,1,50,22,4,2021,15:50,1,54,54238,2,1,0,7,7 Rue de Nancy,48.4081878552,6.2547826776,15,1,1
202100021057,164Â 019,A01,1,1,2,0,8,0,-1,-1, -1,-1,2021,25.0,1,1,8,0,1,25,3,,7,RUE DU FAUBOURG BONNEFOY,0,,2,2,0,1,1,541,1,, -1,1,0,4,50,2,9,2021,17:40,1,31,31555,2,1,0,7,RUE DU FAUBOURG BONNEFOY,43.62636,1.45903,17,1,1
202100003546,195Â 406,A01,10,3,2,4,0,-1,-1,1,3,1,2021,24.0,1,1,0,1,1,17,1,,3,BADUEL (ROUTE DE),0,,2,2,0,1,2,200,1,, -1,1,0,1,50,9,12,2021,13:15,1,973,97302,2,1,0,6,BADUEL (ROUTE DE),4.93467,-52.31161,13,2,1
202100013417,177Â 750,B01,1,1,2,2,1,0,-1,-1, -1,-1,2021,12.0,1,0,0,2,1,19,0,,3,PASTEUR,0,,3,3,0,1,0,0,1,, -1,1,0,1,50,13,10,2021,10:07,1,92,92064,2,1,0,3,PASTEUR,48.84232,2.20668,10,2,2
202100030219,147Â 749,C01,1,1,2,9,8,0,-1,0,0,-1,2021,16.0,3,1,0,2,8,19,3,,4,QUAI DE GESVRES,0,,1,4,0,1,(1),(1),1,, -1,1,0,1,50,6,7,2021,21:06,2,75,75104,2,2,0,5,QUAI DE GESVRES,48.856074,2.350672,21,5,3
202100044052,122Â 935,A01,1,1,1,1,2,0,-1,0,0,-1,2021,30.0,2,1,12,0,1,14,5,,4,RUE SAINT ANTOINE,0,,2,4,1,1,(1),(1),1,, -1,1,-1,5,30,14,4,2021,12:00,1,75,75104,2,4,0,6,RUE SAINT ANTOINE,48.855067603,2.3616632115,12,1,1
202100043527,123Â 859,A01,1,1,2,1,1,-1,-1,0,0,-1,2021,21.0,1,2,2,0,9,1,1,,3,,-1,,2,2,0,1,15,575,1,, -1,1,0,3,80,20,4,2021,12:50,1,85,85129,1,1,0,6,Les Brosses,46.866206,-1.451762,12,1,1