Num_Acc,id_vehicule,num_veh,place,catu,sexe,trajet,secu1,secu2,secu3,locp,actp,etatp,year_acc,victim_age,senc,catv,obs,obsm,choc,manv,motor,occutc,catr,voie,v1,v2,circ,nbv,vosp,prof,pr,pr1,plan,lartpc,larrout,surf,infra,situ,vma,jour,mois,an,hrmn,lum,dep,com,agg_,int,atm,col,adr,lat,long,hour,nb_victim,nb_vehicules
202100041364,127Â 669,A01,2,2,2,5,1,-1,-1,0,0,-1,2021,71.0,1,2,0,2,2,17,1,,3,2076,-1,,2,2,0,1,75,100,1,, -1,1,0,1,90,5,5,2021,15:00,1,18,18141,1,1,0,3,Route de Bourges,47.140074,2.251704,15,4,2
202100038629,132Â 589,A01,2,2,2,5,1,0,-1,-1, -1,-1,2021,21.0,2,2,6,0,1,1,1,,4,COLOMBIER (RUE),0,,2,2,0,1,(1),(1),1,, -1,1,0,8,50,23,5,2021,20:31,1,37,37261,2,2,0,7,COLOMBIER (RUE),47.4137746488,0.7017790675,20,2,1
202100010041,183Â 748,A01,2,2,2,9,1,0,-1,0,0,-1,2021,26.0,1,2,0,4,7,15,2,,4,BOULEVARD LEFEBVRE,0,,2,4,0,2,(1),(1),1,, -1,2,0,1,50,31,10,2021,12:48,1,75,75115,2,7,1,4,BOULEVARD LEFEBVRE,48.8323993837,2.2889462113,12,4,3
202100015407,174Â 164,B01,1,1,1,1,2,-1,-1,0,0,-1,2021,39.0,1,1,0,2,3,1,1,,3,9,0,,2,2,0,1,4,700,1,, -1,1,0,1,90,28,9,2021,11:30,1,37,37133,1,2,0,3,Lieu dit Les brosses,47.1082074699,1.1463413303,11,2,2
202100011264,181Â 602,A01,1,1,1,0,1,-1,-1,0,0,-1,2021,34.0,1,2,2,0,1,1,1,,3,28,0,G,2,2,0,1,0,750,1,, -1,1,0,3,80,23,10,2021,18:05,2,1,1075,1,1,0,6,Route de Messimy,46.046697,4.784074,18,1,1
202100040533,129Â 156,A01,1,1,1,1,2,6,-1,-1, -1,-1,2021,44.0,2,1,1,2,3,21,1,,3,69,0,,2,2,0,1,0,0,1,, -1,1,0,1,30,10,5,2021,16:30,1,92,92040,2,1,0,6,GALLIENI (BOULEVARD),48.8322961266,2.2671572782,16,1,1
202100040582,129Â 078,A01,1,1,2,0,1,0,-1,-1, -1,-1,2021,21.0,1,2,0,2,6,12,1,,1,AUTOROUTE A86,0,,3,2,0,1,1,0,3,, -1,2,0,1,70,10,5,2021,06:30,1,94,94034,1,1,0,3,AUTOROUTE A86,48.7579,2.3356,6,2,2
202100004494,193Â 733,A01,2,2,2,5,2,6,-1,0,0,-1,2021,24.0,2,1,10,0,7,9,1,,3,907,-1,,2,2,0,1,21,329,1,, -1,1,0,3,80,31,7,2021,11:20,1,74,74183,1,1,0,6,Route DÃ©partementale 907,46.129843,6.512554,11,2,1
202100019596,166Â 606,A01,4,2,1,5,1,-1,-1,0,0,-1,2021,18.0,1,2,4,0,9,1,1,,3,940,0,,2,2,0,2,40,705,2,, -1,1,0,8,90,11,9,2021,18:00,1,19,19101,1,1,0,6,Route de beaulieu,45.2448468788,1.7708997641,18,4,1
202100030142,147Â 896,A01,10,3,1,0,0,-1,-1,3,2,1,2021,83.0,3,2,0,1,3,15,1,,4,RUE ANDRÃ MAGINOT,0,,1,1,0,1,0,0,1,, -1,1,0,1,30,7,7,2021,10:30,1,38,38185,2,9,0,3,RUE ANDRÃ MAGINOT,45.181993984,5.725016892,10,2,1
202100002132,197Â 982,A01,1,1,2,5,2,6,-1,-1, -1,-1,2021,43.0,1,1,6,0,3,26,1,,4,LOUISON BOBET (RUE),0,,1,1,0,3,0,0,1,, -1,1,0,4,30,19,12,2021,17:10,2,64,64122,2,1,0,7,Rue Louison Bobet,43.4871892372,-1.5552762151,17,1,1
202100001097,199Â 805,B01,1,1,2,5,1,-1,-1,0,0,-1,2021,78.0,2,2,4,2,3,2,1,,3,767,-1,,3,4,0,1,37,0,2,, -1,2,0,3,110,4,12,2021,08:15,3,22,22004,1,1,1,7,RD767 PR37+000,48.6180674405,-3.3061981185,8,4,3
202100018281,168Â 947,B01,1,1,1,3,2,6,-1,0,0,-1,2021,59.0,1,1,0,2,1,1,1,,3,47,0,,2,2,0,1,1,1100,2,, -1,1,0,1,50,18,9,2021,17:00,1,50,50516,2,1,0,3,66 Avenue du Rocher,48.675519,-1.329133,17,2,2
202100043938,123Â 137,B01,1,1,1,0,8,0,-1,-1, -1,-1,2021,29.0,2,1,1,0,1,1,5,,3,50,0,,2,4,2,1,0,0,1,, -1,1,0,5,30,15,4,2021,11:20,1,92,92040,2,1,0,3,VOLTAIRE (BOULEVARD),48.8264833725,2.2797998786,11,2,2
202100029788,148Â 543,A01,1,1,1,0,8,0,-1,-1, -1,-1,2021,49.0,3,1,0,2,1,1,3,,7,AVENUE GÃNÃRAL DE GAULLE,0,,3,1,1,1,0,0,1,, -1,1,0,5,50,9,7,2021,17:00,1,38,38151,2,1,0,6,AVENUE GÃNÃRAL DE GAULLE,45.13964,5.71389,17,1,1
202100000597,200Â 634,A01,10,3,1,5,0,-1,-1,3,3,1,2021,51.0,1,2,0,1,1,1,2,,4,GENERAL LECLERC (RUE DU),0,,2,2,2,1,(1),(1),1,,9,1,-1,1,50,22,11,2021,18:20,5,89,89387,2,1,0,6,GENERAL LECLERC (RUE DU),48.2038,3.27911,18,2,1
202100045320,120Â 724,B01,1,1,1,5,2,-1,-1,0,0,-1,2021,52.0,0,1,0,2,7,1,1,,2,113,-1,,3,2,3,1,0,238,1,, -1,1,5,1,80,4,4,2021,17:00,1,34,34145,1,3,0,3,Avenue du Vidourle,43.691739,4.162391,17,2,2
202100046163,119Â 251,A01,1,1,1,5,2,-1,-1,0,0,-1,2021,48.0,1,1,0,2,3,11,0,,3,956,-1,,3,4,0,1,(1),(1),1,, -1,1,0,1,90,26,3,2021,10:15,1,41,41031,1,1,0,2,rd 956,47.539637,1.406937,10,4,2
202100008967,185Â 688,B01,1,1,1,1,8,0,-1,0,0,-1,2021,25.0,1,0,0,2,1,1,3,,4,AVENUE DE LA PORTE DE VITRY,0,,2,2,1,1,(1),(1),1,, -1,1,-1,5,30,6,11,2021,16:10,1,75,75113,2,3,0,3,AVENUE DE LA PORTE DE VITRY,48.82297,2.377809,16,2,2
202100013047,178Â 423,A01,1,1,1,0,8,-1,-1,-1, -1,-1,2021,18.0,3,0,0,2,0,17,6,,4,MAURICE THOREZ                      (AV),0,,2,2,0,1,(1),(1),1,, -1,1,0,1,50,15,10,2021,19:05,5,69,69256,2,3,0,3,MAURICE THOREZ (AV),45.782410868,4.9127817165,19,3,2
202100021903,162Â 476,A01,1,1,1,0,-1,-1,-1,-1, -1,-1,2021,27.0,2,1,0,2,1,3,1,,1,AUTOROUTE A3,0,,3,6,0,1,9,800,1,, -1,1,0,1,110,30,8,2021,18:00,1,93,93007,1,1,0,2,AUTOROUTE A3,48.92051,2.47969,18,2,2
202100036268,136Â 849,A01,1,1,2,9,2,0,-1,0,0,-1,2021,26.0,2,1,0,2,1,1,5,,4,AVENUE PHILIPPE AUGUSTE,0,,2,2,0,1,(1),(1),1,, -1,1,0,1,50,5,6,2021,17:50,1,75,75111,2,1,0,3,AVENUE PHILIPPE AUGUSTE,48.852828,2.393164,17,2,2
202100004452,193Â 807,A01,8,2,2,5,0,-1,-1,0,0,-1,2021,52.0,1,2,2,0,2,1,1,,3,,0,D,2,2,0,1,24,400,1,, -1,2,0,3,80,6,12,2021,03:30,3,36,36204,1,1,0,6,,46.809775,1.175387,3,3,1
202100007638,188Â 093,B01,1,1,1,4,1,0,-1,-1, -1,-1,2021,36.0,3,2,0,2,3,1,1,,2,RD 1569,0,,2,0,0,1,1,0,1,, -1,1,0,1,80,17,11,2021,14:50,1,13,13047,1,3,0,3,RD 1569,43.5002511539,4.9665336885,14,3,2
202100011753,180Â 707,A01,10,3,1,2,0,-1,-1,2,3,-1,2021,4.0,0,2,0,1,1,1,1,,4,COMMERCE (RUE DU),0,,2,2,0,1,(1),(1),1,, -1,1,0,1,50,21,10,2021,16:15,1,86,86194,2,1,0,6,Rue du Commerce,46.566184,0.350389,16,2,1
202100008542,186Â 469,A01,10,3,1,0,0,-1,-1,2,B,1,2021,49.0,1,2,0,1,0,1,1,,3,,-1,,2,2,0,1,7,480,1,,5,1,0,1,50,4,11,2021,18:45,2,72,72191,2,6,1,6,33 av du 14 juiet,47.76399,0.27508,18,2,1
202100005407,192Â 131,A01,1,1,1,4,1,-1,-1,0,0,-1,2021,19.0,2,5,0,2,1,2,1,,1,31,0,,3,4,0,1,72,0,1,, -1,2,0,1,130,29,11,2021,01:55,3,21,21599,1,1,0,2,A31,47.605237,5.196785,1,2,2
202100010777,182Â 473,A01,1,1,1,0,1,-1,-1,0,0,-1,2021,73.0,1,2,4,0,1,26,1,,3,906,-1,,1,2,0,1,59,400,2,, -1,1,0,1,80,27,10,2021,19:20,3,71,71591,1,6,0,7,Route DÃ©partementale 906,46.443572,4.8836,19,1,1
202100016401,172Â 320,B01,1,1,1,5,2,6,-1,0,0,-1,2021,68.0,2,1,0,2,6,1,1,,3,29,-1,D,2,2,0,1,23,204,1,, -1,1,0,1,90,29,9,2021,13:14,1,61,61199,1,2,0,2,D29-D239,48.786014,-0.161576,13,2,2
202100053374,106Â 318,A01,1,1,1,5,0,-1,-1,0,0,-1,2021,43.0,2,2,15,0,3,14,1,,3,D993,0,,2,2,0,2,3,800,3,, -1,2,2,8,80,28,1,2021,16:55,1,57,57374,1,1,1,6,D993,48.608785,7.032897,16,1,1
202100041370,127Â 659,B01,1,1,1,3,2,-1,-1,0,0,-1,2021,52.0,2,1,0,2,1,1,1,,7,54,0,D,2,2,0,4,3,706,3,, -1,1,0,1,80,6,5,2021,13:50,1,31,31506,1,1,0,4,Route de Lauzerville,43.560778,1.54918,13,3,3
202100051841,109Â 040,B01,1,1,1,4,1,-1,-1,0,0,-1,2021,46.0,1,2,0,2,2,1,1,,3,1083,-1,,2,2,0,1,12,600,1,, -1,1,0,1,80,12,2,2021,07:35,2,67,67115,1,3,0,3,Croisement RD 1083 et RD 210,48.313042,7.506269,7,3,2
202100005382,192Â 170,A01,10,3,2,5,0,-1,-1,3,3,1,2021,12.0,2,5,0,1,2,5,1,,4,RUE DU CHEVALERET,0,,2,2,0,1,(1),(1),1,, -1,2,0,1,30,1,12,2021,11:22,1,75,75113,2,1,0,6,RUE DU CHEVALERET,48.828501,2.376494,11,2,1
202100052097,108Â 585,A01,1,1,2,5,1,0,-1,-1, -1,-1,2021,34.0,2,2,0,2,6,1,1,,1,A4,0,,-1,8,0,1,7,300,1,, -1,1,0,1,90,9,2,2021,14:15,1,94,94017,1,1,0,6,A4,48.8290973818,2.4795805419,14,2,2
202100042247,126Â 114,A01,1,1,1,5,2,6,-1,0,0,-1,2021,42.0,3,1,13,0,1,1,1,,4,3,-1,,2,2,0,1,(1),(1),3,, -1,1,0,3,70,28,4,2021,15:25,1,29,29257,1,1,0,6,Rue Tevenn Ar Reut,48.56462,-4.614365,15,1,1
202100004048,194Â 509,A01,1,1,1,5,8,0,-1,-1, -1,-1,2021,21.0,1,2,0,0,1,26,1,,4,BARANGE BOULEVARD,0,,1,1,0,1,1,0,3,, -1,2,0,1,50,5,12,2021,02:48,5,49,49007,2,1,0,7,BARANGE BOULEVARD,47.46396,-0.57073,2,1,1
202100025836,155Â 510,C01,1,1,2,5,1,-1,-1,0,0,-1,2021,57.0,2,2,0,2,4,23,1,,3,21,-1,,2,2,0,1,20,(1),1,,4,2,5,1,80,4,8,2021,11:30,1,22,22198,1,3,0,5,"CD21, PR20",48.759428,-3.495466,11,6,5
202100051636,109Â 397,C01,1,1,1,0,1,0,-1,-1, -1,-1,2021,31.0,2,2,0,2,4,1,1,,1,AUTOROUTE A6A,0,,1,3,0,1,5,894,2,, -1,1,0,1,90,12,2,2021,14:50,1,94,94021,1,1,0,4,AUTOROUTE A6A,48.7650247315,2.3429737146,14,4,4
202100013553,177Â 494,A01,1,1,1,5,2,0,-1,0,0,-1,2021,72.0,2,1,0,0,0,9,5,,3,LUYE ( ROUTE DE LA ),0,,2,2,0,1,3,470,1,, -1,9,0,1,80,12,10,2021,14:15,1,5,5061,1,1,0,7,LUYE ( ROUTE DE LA ),44.5177,6.0644,14,1,1
202100009908,183Â 982,A01,1,1,2,9,1,-1,-1,-1, -1,-1,2021,48.0,1,2,9,2,4,23,1,,4,RUE LUCIEN FAURE,0,,3,6,3,1,(1),(1),1,, -1,2,9,1,50,1,11,2021,12:57,1,33,33063,2,1,1,2,Rue Lucien Faure,44.86372,-0.55776,12,2,2
202100036161,137Â 054,A01,1,1,1,5,1,-1,-1,0,0,-1,2021,51.0,2,2,0,0,0,1,1,,2,154,-1,,2,2,0,1,24,600,1,, -1,1,0,3,90,7,6,2021,19:40,1,28,28426,1,1,0,7,Route Nationale 154,48.25719,1.74675,19,1,1
202100047728,116Â 434,Z01,10,3,1,5,0,-1,-1,3,3,1,2021,56.0,1,2,0,1,1,1,1,,4,CLEMENCEAU (BOULEVARD),0,,2,3,0,1,(1),(1),1,, -1,1,0,1,50,6,3,2021,09:24,1,66,66136,2,1,0,6,CLEMENCEAU (BOULEVARD),42.70079,2.89164,9,2,1
202100007820,187Â 767,B01,1,1,2,1,1,0,-1,-1, -1,-1,2021,41.0,3,2,0,2,6,9,1,,4,BD SILVIO TRENTIN,0,,2,2,0,1,(1),(1),1,, -1,2,5,1,50,16,11,2021,19:15,5,31,31555,2,2,1,3,BD SILVIO TRENTIN,43.6256,1.43109,19,2,2
202100013560,177Â 482,A01,10,3,1,0,0,-1,-1,1,3,1,2021,38.0,1,2,0,1,1,1,1,,2,ROUTE NATIONALE 227,0,,-1,4,0,1,8,800,3,, -1,2,0,1,90,12,10,2021,23:30,5,59,59009,1,1,0,6,ROUTE NATIONALE 227,50.64239,3.14451,23,2,1
202100045568,120Â 278,A01,1,1,1,1,2,6,-1,-1, -1,-1,2021,43.0,1,1,0,2,1,17,3,,4,FORSTHEIM (ROUTE DE),0,,2,2,0,1,0,1,1,, -1,1,9,1,30,1,4,2021,14:45,1,67,67180,2,1,0,6,FORSTHEIM (ROUTE DE),48.83312,7.77167,14,2,2
202100054059,105Â 116,B01,1,1,2,1,1,8,-1,-1, -1,-1,2021,39.0,2,2,0,2,1,1,1,,4,MAURICE (RUE  JEAN-MARIE ),0,,2,2,0,1,(1),(1),1,, -1,2,0,1,50,21,1,2021,21:20,5,56,56098,2,2,1,3,MAURICE (RUE  JEAN-MARIE ),47.75615,-3.34061,21,2,2
202100055148,103Â 238,A01,10,3,2,0,0,-1,-1,1,3,1,2021,80.0,0,2,0,1,3,1,1,,4,,0,,3,2,2,1,(1),(1),1,, -1,2,5,1,50,12,1,2021,14:45,1,69,69388,2,2,1,6,FRANCIS DE PRESSENSE (AV),45.7275471423,4.8619866371,14,2,1
202100012396,179Â 550,A01,1,1,2,0,1,0,-1,-1, -1,-1,2021,24.0,1,2,0,2,1,13,1,,3,RTE DE MASSY,0,,-1,2,0,1,0,0,1,, -1,2,2,8,50,18,10,2021,20:57,4,91,91161,1,1,1,1,RTE DE MASSY,48.71205,2.30828,20,2,2
202100042543,125Â 583,B01,1,1,1,0,2,6,-1,0,0,-1,2021,19.0,0,1,0,2,1,17,1,,9,,-1,,2,2,0,1,(1),(1),1,, -1,1,0,1,50,24,3,2021,17:55,1,40,40312,2,1,0,3,44 Avenue du 1er Mai,43.536642,-1.496662,17,2,2
202100029927,148Â 307,B01,5,2,2,5,1,-1,-1,-1, -1,-1,2021,46.0,2,2,0,2,4,2,1,,1,ROCADE A 630,0,,-1,6,0,1,4,500,1,, -1,1,0,1,70,9,7,2021,20:30,1,33,33063,1,1,0,2,ROCADE A 630,44.88093,-0.54228,20,5,2
202100030672,146Â 930,A01,1,1,2,1,2,6,-1,-1, -1,-1,2021,43.0,2,1,0,0,0,1,1,,1,A7-Sens Marseille vers Lyon,0,,1,2,0,1,274,0,1,, -1,1,0,1,50,5,7,2021,17:00,1,13,13215,1,1,0,7,A7-Sens Marseille vers Lyon,43.37528,5.36054,17,1,1
202100009950,183Â 911,A01,1,1,1,5,1,-1,-1,0,0,-1,2021,25.0,1,2,2,0,1,13,1,,3,,-1,,2,2,0,1,9,804,1,, -1,2,0,1,80,1,11,2021,20:50,3,82,82136,1,1,1,6,Chemin du Clos de Jeannou,43.902871,1.380458,20,1,1
202100016603,171Â 956,A01,1,1,1,4,1,0,-1,-1, -1,-1,2021,25.0,1,5,0,2,1,2,1,,1,AUTOROUTE A22,0,,3,4,0,1,22,364,1,, -1,1,0,1,110,24,9,2021,08:40,1,59,59426,1,1,0,2,AUTOROUTE A22,50.7483975102,3.1439039283,8,2,2
202100027086,153Â 302,B01,1,1,1,1,2,0,-1,0,0,-1,2021,29.0,2,1,0,0,1,1,1,,4,AVENUE DE LA PORTE DE LA VILLETTE,0,,3,6,0,1,(1),(1),1,, -1,2,0,1,50,25,7,2021,13:00,1,75,75119,2,7,1,3,AVENUE DE LA PORTE DE LA VILLETTE,48.899626,2.387693,13,2,2
202100049416,113Â 429,A01,10,3,1,5,8,8,-1,2,3,1,2021,71.0,2,5,0,1,5,4,1,,4,RUE VILLEDO,0,,1,1,0,1,(1),(1),1,, -1,1,0,1,50,2,3,2021,16:25,1,75,75101,2,1,0,6,RUE VILLEDO,48.866279,2.336244,16,2,1
202100029630,148Â 823,B01,3,2,1,5,1,0,-1,-1, -1,-1,2021,19.0,3,2,0,2,7,11,1,,4,ARCOS.(RUE RENE),0,,1,2,0,2,1,0,1,, -1,1,0,1,50,10,7,2021,20:45,2,94,94028,2,9,0,3,Rue RenÃ© Arcos,48.777856,2.465683,20,4,2
202100035942,137Â 440,A01,1,1,1,5,2,0,-1,0,0,-1,2021,22.0,1,0,0,2,1,1,3,,4,BOULEVARD MACDONALD,0,,2,5,1,1,(1),(1),1,, -1,1,5,5,50,7,6,2021,18:30,1,75,75119,2,3,0,3,BOULEVARD MACDONALD,48.898778,2.374141,18,3,2
202100022959,160Â 586,A01,1,1,1,5,1,-1,-1,0,0,-1,2021,26.0,2,2,13,0,0,0,1,,7,55,0,M,2,2,0,2,0,250,1,, -1,1,0,1,80,19,8,2021,17:00,1,6,6042,1,1,0,6,M55,43.980579,7.139933,17,1,1
202100011755,180Â 705,A01,10,3,2,2,0,-1,-1,3,3,2,2021,10.0,3,2,0,1,1,16,1,,4,COLLYBIES (RUE DES),0,,2,2,0,1,0,0,1,, -1,1,0,1,30,18,10,2021,08:20,1,77,77326,2,3,0,6,COLLYBIES (RUE DES),48.5805326318,2.5593297202,8,4,1
202100041294,127Â 798,B01,1,1,2,0,2,0,-1,-1, -1,-1,2021,39.0,1,1,0,2,3,1,5,,4,GAULLE BOULEVARD CHARLES,0,,3,1,2,1,(1),(1),1,, -1,2,0,5,50,5,5,2021,08:10,1,25,25056,2,1,0,3,GAULLE BOULEVARD CHARLES,47.23,6.01,8,2,2
202100028744,150Â 347,A01,2,2,2,5,2,6,-1,0,0,-1,2021,51.0,1,1,0,2,1,17,1,,3,907,-1,,2,2,0,3,40,950,2,, -1,1,0,1,80,17,7,2021,15:30,1,4,4084,1,1,0,3,RD 907,43.933205,6.155509,15,4,2
202100031988,144Â 569,A01,10,3,2,5,0,-1,-1,1,1,2,2021,51.0,0,2,0,1,2,2,1,,4,,0,,2,1,0,1,(1),(1),1,, -1,1,0,1,30,26,6,2021,17:05,1,1,1053,1,1,0,6,Chemin du Moulin des Loups,46.217592,5.262255,17,2,1
202100046732,118Â 240,B01,1,1,1,5,8,0,-1,-1, -1,-1,2021,14.0,1,1,0,2,0,0,5,,3,20,0,,3,3,0,2,0,0,1,, -1,1,5,1,50,24,3,2021,15:50,1,91,91425,2,9,0,3,RTE D ORLEANS RN 20,48.63991,2.26807,15,2,2
202100014479,175Â 826,A01,1,1,2,5,2,-1,-1,0,0,-1,2021,18.0,0,1,13,0,1,0,1,,3,72,0,,2,2,0,1,(1),(1),1,, -1,1,0,3,80,8,10,2021,22:30,3,22,22101,1,1,0,7,Porz Ru,48.7475743525,-3.318454743,22,2,1
202100047549,116Â 775,A01,1,1,2,0,1,-1,-1,0,0,-1,2021,38.0,2,2,2,0,9,21,1,,1,28,-1,,3,4,0,1,15,500,1,, -1,1,0,3,130,19,3,2021,20:00,3,80,80446,1,1,0,6,autoroute A28,50.0267617454,1.7360588984,20,1,1
202100012027,180Â 212,A01,10,3,1,0,0,-1,-1,2,3,1,2021,50.0,3,2,0,1,2,1,1,,6,POTEZ (RUE HENRY),0,,2,2,0,1,0,0,1,, -1,1,6,1,10,19,10,2021,09:45,1,28,28134,2,1,0,1,POTEZ (RUE HENRY),48.75122,1.35078,9,3,1
202100025238,156Â 544,B01,1,1,1,0,1,0,-1,-1, -1,-1,2021,44.0,1,5,0,2,4,2,1,,2,N12Y,0,,-1,2,0,1,29,200,1,, -1,1,0,1,110,6,8,2021,13:15,1,78,78073,1,1,0,2,N12Y,48.797159,2.019518,13,3,2
202100008152,187Â 147,A01,10,3,1,5,0,-1,-1,4,3,1,2021,74.0,3,2,0,1,2,16,1,,3,PASTEUR (BD),0,,-1,1,0,1,0,0,1,, -1,1,0,1,50,14,11,2021,12:00,1,94,94034,2,9,0,6,PASTEUR (BD),48.75756,2.31631,12,2,1
202100021883,162Â 518,A01,1,1,1,1,2,6,-1,0,0,-1,2021,15.0,2,1,12,0,8,11,1,,3,561,0,,2,2,0,1,7,1,1,, -1,1,5,3,30,31,8,2021,08:00,1,83,83104,2,1,0,6,Avenue du RÃ©al des Andrieux,43.607874,5.763853,8,1,1
202100040046,130Â 016,B01,1,1,2,0,1,0,-1,0,0,-1,2021,71.0,1,2,0,2,1,1,1,,4,TOLSTOI (BOULEVARD),0,,2,2,0,1,(1),(1),1,, -1,1,0,1,50,13,5,2021,18:51,1,54,54526,2,1,0,3,TOLSTOI (BOULEVARD),48.68141,6.21604,18,2,2
202100043119,124Â 601,B01,4,2,1,3,3,-1,-1,-1, -1,-1,2021,4.0,1,2,4,2,6,2,1,,1,A42     0.560 A 4.020,0,,3,4,0,1,1,200,1,, -1,1,0,1,70,21,4,2021,12:20,1,69,69256,1,1,0,2,A42,45.7901639117,4.9061404797,12,4,2
202100049780,112Â 761,A01,2,2,2,0,1,0,-1,-1, -1,-1,2021,24.0,1,2,4,0,1,1,1,,4,CHAPIT RE ( RUE DU),0,,1,1,0,1,0,0,2,, -1,1,0,1,30,27,2,2021,12:50,1,93,93073,2,1,0,6,CHAPIT RE ( RUE DU),49.0028833603,2.5368793539,12,2,1
202100023527,159Â 583,A01,1,1,1,1,1,-1,-1,0,0,-1,2021,19.0,3,2,6,0,3,1,1,,3,,-1,,2,2,0,2,(1),(1),2,,4,1,0,1,50,20,8,2021,04:45,3,28,28015,2,1,0,6,Rue du Champ de Foire,48.464193,1.776561,4,1,1
202100055771,102Â 174,A01,10,3,2,2,0,-1,-1,1,3,1,2021,16.0,2,1,1,1,1,17,1,,7,386,0,,2,2,0,1,16,800,1,, -1,1,0,1,50,7,1,2021,12:45,1,69,69096,2,1,0,6,D386,45.60836,4.77243,12,2,1
202100029393,149Â 241,A01,1,1,1,9,2,6,9,0,0,-1,2021,56.0,2,1,0,2,7,1,1,,3,6086,0,D,2,2,0,1,51,580,1,, -1,1,0,1,50,12,7,2021,15:35,1,30,30039,2,3,0,3,D6086,43.879509,4.483114,15,4,2
202100054856,103Â 749,A01,10,3,2,0,0,-1,-1,2,3,1,2021,59.0,2,2,0,1,2,16,1,,3,BOULEVARD DES HEROS,0,,1,2,0,1,(1),(1),1,, -1,2,0,1,50,15,1,2021,06:21,2,971,97101,2,1,1,6,BOULEVARD DES HEROS,16.25163,-61.52116,6,2,1
202100004607,193Â 541,A01,10,3,2,2,0,-1,-1,3,3,2,2021,50.0,3,2,0,1,3,0,1,,7,M941,-1,,2,2,2,1,(1),(1),1,, -1,2,6,1,30,6,12,2021,16:40,2,59,59146,2,1,1,6,100 Route nationale,50.610516,3.207611,16,4,1
202100013669,177Â 276,A01,1,1,1,4,1,0,-1,-1, -1,-1,2021,25.0,2,5,0,2,1,2,1,,2,LESCUDILLIERS (BOULEVARD DE),0,,3,4,0,1,48,50,1,, -1,1,0,1,50,12,10,2021,09:45,1,15,15014,2,1,0,2,Boulevard de Lescudilliers,44.9138477931,2.4323706329,9,2,2
202100034082,140Â 842,B01,3,2,2,0,1,0,-1,-1, -1,-1,2021,28.0,2,2,0,0,3,1,1,,4,MARCHETTI (RUE),0,,1,1,0,1,(1),(1),2,, -1,1,0,1,50,15,6,2021,21:00,5,13,13202,2,3,0,3,JOLIETTE (QUAI DE LA),43.3010777704,5.3642302752,21,4,2
202100036937,135Â 677,A01,10,3,1,4,0,-1,-1,6,A,1,2021,39.0,1,2,1,1,2,14,1,,1,AUTOROUTE A6,0,,1,3,0,1,12,880,1,, -1,1,0,2,110,2,6,2021,16:35,1,91,91161,1,1,0,3,AUTOROUTE A6,48.70866,2.30662,16,2,1
202100021901,162Â 481,B01,1,1,2,0,1,0,-1,-1, -1,-1,2021,32.0,2,2,0,2,4,0,0,,1,AUTOROUTE A6A,0,,1,2,0,2,2,230,1,, -1,1,0,1,70,30,8,2021,12:00,1,94,94016,1,1,0,2,AUTOROUTE A6A,48.7976866097,2.3436401344,12,2,2
202100008079,187Â 293,A01,1,1,1,5,0,-1,-1,0,0,-1,2021,67.0,1,2,0,0,7,1,1,,3,153,-1,,2,2,0,1,7,40,1,, -1,1,0,3,80,16,11,2021,15:00,1,56,56149,1,1,0,6,KERHANDY,47.597902,-2.44935,15,1,1
202100015829,173Â 380,B01,1,1,1,0,1,-1,-1,0,0,-1,2021,42.0,2,2,0,2,3,13,1,,3,201,-1,,2,1,0,1,17,500,1,, -1,2,0,1,90,1,10,2021,20:15,3,77,77381,1,1,1,3,D201,48.615076,2.975428,20,3,2
202100038691,132Â 474,A01,1,1,2,0,1,-1,-1,0,0,-1,2021,77.0,1,2,0,2,1,2,1,,3,900,0,,2,2,0,1,(1),(1),1,, -1,1,0,1,50,23,5,2021,13:40,1,50,50267,2,9,0,2,Route des Marais,49.222993,-1.532882,13,3,2
202100008852,185Â 916,A01,1,1,1,4,8,0,-1,-1, -1,-1,2021,27.0,2,1,0,2,5,2,5,,3,JEAN JAURES (AV),0,,2,2,0,2,0,0,1,, -1,1,0,1,50,8,11,2021,11:40,1,94,94037,2,1,0,2,Avenue Jean JaurÃ¨s,48.81338,2.35106,11,2,2
202100045960,119Â 600,Z01,10,3,1,5,0,-1,-1,4,3,1,2021,57.0,1,2,0,1,1,1,1,,4,RADOLFZELL AVENUE DE,0,,2,2,0,1,(1),(1),1,, -1,1,9,1,50,30,3,2021,08:45,1,13,13047,2,1,0,6,RADOLFZELL AVENUE DE,43.499158,4.98746,8,2,1
202100028194,151Â 299,A01,1,1,1,5,2,6,-1,0,0,-1,2021,18.0,1,1,0,2,1,17,1,,3,4,2,,2,2,0,1,22,555,1,, -1,1,0,1,50,19,7,2021,18:40,1,68,68260,2,1,0,5,D4b,47.885574,7.272192,18,3,3
202100004583,193Â 582,B01,1,1,2,5,1,-1,-1,0,0,-1,2021,24.0,0,2,0,2,1,0,1,,3,1090,0,D,2,2,0,1,13,830,1,, -1,2,0,1,80,5,12,2021,20:20,3,73,73162,1,1,1,1,D1090,45.610255,6.287999,20,3,2
202100026770,153Â 870,A01,1,1,2,1,1,-1,-1,0,0,-1,2021,50.0,1,2,0,2,1,1,1,,7,15,0,,2,2,0,1,30,0,1,, -1,1,0,1,80,27,4,2021,16:40,1,13,13082,1,1,0,1,1736 Route de Lambesc,43.665425,5.319602,16,2,2
202100024050,158Â 656,B01,1,1,1,5,1,-1,-1,0,0,-1,2021,33.0,2,2,0,2,3,13,1,,3,294,0,,2,2,0,2,1,500,1,, -1,1,0,1,50,9,8,2021,14:00,1,71,71520,2,1,0,1,Rue Louis VerchÃ¨re,46.7346945818,4.8374078983,14,2,2