Num_Acc,id_vehicule,num_veh,place,catu,sexe,trajet,secu1,secu2,secu3,locp,actp,etatp,year_acc,victim_age,senc,catv,obs,obsm,choc,manv,motor,occutc,catr,voie,v1,v2,circ,nbv,vosp,prof,pr,pr1,plan,lartpc,larrout,surf,infra,situ,vma,jour,mois,an,hrmn,lum,dep,com,agg_,int,atm,col,adr,lat,long,hour,nb_victim,nb_vehicules
202100038513,132Â 802,A01,1,1,1,5,8,0,-1,-1, -1,-1,2021,17.0,2,1,0,2,8,1,5,,7,LIBERATION (AVE DE LA),0,,2,2,0,2,12,470,1,, -1,2,0,1,50,24,5,2021,06:35,2,83,83144,2,1,1,2,LIBERATION (AVE DE LA),43.1425337978,5.9952724783,6,2,2
202100048722,114Â 669,B01,1,1,2,0,1,0,-1,-1, -1,-1,2021,25.0,1,2,0,2,1,15,1,,4,CHARLES DE GAULLE (AVENUE) COTE IMPAIR,0,,2,2,0,1,0,0,1,, -1,1,0,1,30,8,3,2021,07:05,2,92,92012,2,2,0,3,CHARLES DE GAULLE (AVENUE) COTE IMPAIR,48.84836,2.23724,7,2,2
202100036114,137Â 126,A01,1,1,1,5,2,6,-1,-1, -1,-1,2021,35.0,1,1,1,2,1,18,1,,4,GENERAL ROGUET (RUE DU) DE (1 A 57)   (2,0,,2,2,0,1,0,0,1,, -1,1,0,1,50,6,6,2021,17:15,1,92,92024,2,1,0,5,GENERAL ROGUET (RUE DU) DE (1 A 57)   (2,48.9053232644,2.3129296686,17,3,3
202100001266,199Â 498,A01,2,2,1,5,1,0,-1,-1, -1,-1,2021,19.0,1,2,0,2,7,1,1,,2,RAMBAUD (LEOPOLD),0,,1,3,0,1,(1),(1),1,, -1,1,0,1,70,26,12,2021,01:45,5,974,97411,2,2,0,3,RAMBAUD (LEOPOLD),-20.88571,55.47321,1,3,2
202100020699,164Â 630,B01,1,1,1,0,1,0,-1,-1, -1,-1,2021,47.0,2,1,0,2,0,1,1,,3,ECOLES (RUE DES),0,,2,4,0,1,0,0,1,, -1,2,9,1,50,4,9,2021,17:40,1,28,28218,2,9,0,7,ECOLES (RUE DES),48.4410949041,1.4631236096,17,2,2
202100026393,154Â 516,A01,1,1,1,5,2,-1,-1,0,0,-1,2021,41.0,1,1,0,0,2,0,1,,3,27,0,D,2,2,0,2,23,700,2,, -1,1,0,1,70,30,7,2021,16:00,1,68,68171,1,1,0,7,D27,47.942927,6.978879,16,1,1
202100011229,181Â 660,B01,2,2,2,5,1,0,-1,0,0,-1,2021,22.0,2,2,0,2,5,12,1,,4,BOULEVARD PERIPHERIQUE,0,,1,4,0,1,32,0,1,, -1,1,0,1,70,24,10,2021,14:30,1,75,75112,2,1,0,3,BOULEVARD PERIPHERIQUE,48.845831,2.414445,14,3,2
202100036441,136Â 568,A01,1,1,1,0,2,6,-1,-1, -1,-1,2021,63.0,1,1,5,2,7,17,1,,3,Route DÃ©partementale 437,0,,2,2,0,2,20,1150,3,, -1,1,0,1,80,4,6,2021,16:45,1,25,25204,1,1,0,3,Route DÃ©partementale 437,46.93664,6.37091,16,2,2
202100046486,118Â 693,A01,10,3,2,0,0,-1,-1,3,3,1,2021,38.0,1,2,0,1,2,1,1,,4,JAURES (BOULEVARD JEAN),0,,1,0,0,1,0,0,1,, -1,1,0,1,70,26,3,2021,08:00,1,974,97411,2,1,0,6,JAURES (BOULEVARD JEAN),-20.89969,55.48013,8,2,1
202100030195,147Â 798,B01,1,1,2,5,1,-1,-1,-1, -1,-1,2021,56.0,1,2,0,2,3,1,1,,4,BLAISE JACQUES,0,,2,2,0,2,(1),(1),1,, -1,1,0,1,50,7,7,2021,16:15,1,29,29019,2,2,0,3,Rue Jacques Blaise,48.372756,-4.539122,16,2,2
202100050259,111Â 882,A01,1,1,1,1,1,-1,-1,0,0,-1,2021,31.0,1,2,0,2,1,13,0,,3,64,-1,,2,2,0,2,6,180,3,, -1,1,0,1,50,25,2,2021,18:00,1,73,73154,2,1,0,1,D64 Rte de la Foret,45.665582,6.345007,18,2,2
202100034910,139Â 309,C01,1,1,1,0,1,0,-1,-1, -1,-1,2021,44.0,1,2,0,2,4,1,1,,1,AUTOROUTE A1,0,,3,8,0,2,8,0,1,, -1,1,0,1,70,11,6,2021,17:00,1,93,93013,1,1,0,4,AUTOROUTE A1,48.94024,2.42362,17,3,3
202100010927,182Â 194,SA01,1,1,1,0,2,6,-1,0,0,-1,2021,15.0,1,1,12,0,2,1,1,,3,,0,,2,2,0,1,56,716,3,, -1,1,0,1,50,26,10,2021,23:30,5,6,6104,2,1,0,7,FRANCE (AVENUE DE),43.753306,7.445747,23,1,1
202100019538,166Â 709,B01,1,1,2,5,1,-1,-1,0,0,-1,2021,27.0,1,2,0,2,4,2,1,,1,83,-1,,3,4,3,1,89,0,1,, -1,1,0,1,130,12,9,2021,10:20,1,85,85158,1,1,0,2,A83,46.481493,-0.947683,10,3,2
202100004120,194Â 378,A01,1,1,1,5,2,6,-1,0,0,-1,2021,27.0,3,1,0,2,8,9,1,,4,BOULEVARD DE BELLEVILLE,0,,2,2,0,1,(1),(1),1,, -1,1,0,1,30,8,12,2021,19:15,5,75,75111,2,2,0,3,BOULEVARD DE BELLEVILLE,48.866999,2.382838,19,2,2
202100048996,114Â 174,B01,1,1,1,5,1,-1,-1,0,0,-1,2021,49.0,2,2,2,2,1,1,1,,3,928,0,D,2,2,0,4,9,900,1,, -1,1,5,1,50,6,3,2021,16:40,1,82,82125,2,2,0,3,Avenue de Montauban,43.959828,1.237802,16,3,2
202100010202,183Â 468,A01,1,1,1,5,2,6,-1,0,0,-1,2021,16.0,1,1,0,0,0,13,1,,7,45,0,D,2,2,0,1,3,200,1,, -1,1,0,1,80,30,10,2021,20:30,3,76,76020,1,9,0,7,Route de Bourg Achard,49.441484,0.888576,20,1,1
202100016612,171Â 945,A01,1,1,2,0,1,0,-1,-1, -1,-1,2021,32.0,2,2,0,2,1,0,1,,1,AUTOROUTE A3,0,,1,3,0,1,13,250,1,, -1,2,0,1,110,27,9,2021,13:40,1,93,93005,1,1,0,6,AUTOROUTE A3,48.95436,2.47356,13,1,1
202100028145,151Â 395,B01,1,1,1,0,8,0,-1,-1, -1,-1,2021,33.0,1,0,0,2,1,1,3,,4,PHOCEENS (RUE DES),0,,1,1,0,1,0,0,1,, -1,1,0,1,50,19,7,2021,17:00,1,13,13202,2,3,0,2,EVECHE (RUE DE L'),43.30252,5.36739,17,2,2
202100009794,184Â 186,A01,2,2,2,5,2,0,0,0,0,-1,2021,33.0,1,1,0,2,1,21,1,,3,,0,,1,1,0,1,5,415,1,, -1,1,0,1,50,2,11,2021,23:00,5,6,6083,2,4,0,3,GREVILLE (RUE HENRI),43.777024,7.502889,23,3,2
202100054035,105Â 158,A01,10,3,2,0,0,-1,-1,3,3,1,2021,94.0,1,2,9,1,2,2,1,,3,PAGE (AVENUE CAMILLE),0,,2,2,0,1,(1),(1),1,, -1,1,9,1,50,13,1,2021,13:40,1,86,86066,2,1,0,6,Avenue Camille PagÃ©,46.802739,0.528582,13,3,1
202100014341,176Â 073,A01,1,1,2,3,1,0,-1,-1, -1,-1,2021,27.0,2,2,8,0,3,13,1,,4,RUE DES CHAUDINS,0,,-1,2,0,1,0,0,1,, -1,1,0,4,50,8,10,2021,17:50,1,77,77333,2,1,0,1,RUE DES CHAUDINS,48.26168,2.7035,17,1,1
202100032601,143Â 498,B01,2,2,2,9,1,-1,-1,0,0,-1,2021,59.0,2,2,6,2,2,26,1,,3,9,0,,2,2,0,1,5,810,1,, -1,1,9,1,80,20,6,2021,16:08,1,77,77193,1,2,0,3,intersection RD9 et RD 127A,49.054882,2.847841,16,3,2
202100016396,172Â 326,A01,1,1,1,1,1,-1,-1,0,0,-1,2021,53.0,1,2,0,2,3,18,1,,2,137,0,,3,4,0,1,35,600,1,, -1,1,0,1,110,26,9,2021,12:45,1,35,35363,1,1,0,3,RN 137  point kilomÃ¨trique 35+600 vers rennes,48.022367,-1.690435,12,2,2
202100016761,171Â 661,B01,1,1,2,0,1,0,-1,-1, -1,-1,2021,62.0,1,2,0,2,4,2,1,,1,AUTOROUTE A6,0,,-1,3,0,1,24,379,1,, -1,2,0,1,110,26,9,2021,14:05,1,91,91228,1,1,1,4,AUTOROUTE A6,48.615589,2.429778,14,4,4
202100024090,158Â 598,A01,1,1,1,5,2,-1,-1,0,0,-1,2021,55.0,1,1,0,2,1,2,5,,3,918,-1,,2,2,0,2,53,50,1,, -1,1,0,1,80,15,8,2021,10:30,1,65,65123,1,1,0,2,hameau de gripp,42.945456,0.220606,10,2,2
202100044452,122Â 234,B01,1,1,1,5,2,0,-1,-1, -1,-1,2021,61.0,1,1,1,0,7,1,5,,3,SAINT-NAUPHARY D 999 (ROUTE DE),0,,2,2,0,1,14,630,1,, -1,1,0,1,80,10,4,2021,14:20,1,82,82121,2,1,0,3,SAINT-NAUPHARY D 999 (ROUTE DE),43.99198,1.38954,14,2,2
202100028869,150Â 118,A01,1,1,1,0,1,0,-1,-1, -1,-1,2021,46.0,2,2,0,2,4,23,1,,3,BOISSY.(AVENUE DE),0,,2,4,0,1,1,0,1,, -1,1,0,1,50,14,7,2021,14:30,1,94,94011,2,1,0,2,Avenue de Boissy,48.76393,2.49312,14,2,2
202100044510,122Â 146,A01,1,1,1,5,0,-1,-1,0,0,-1,2021,29.0,1,2,0,0,0,1,1,,3,730,-1,,2,2,0,1,37,800,2,, -1,1,0,3,90,11,4,2021,07:00,3,17,17317,1,1,0,7,Le Moulin de Barret,45.431049,-0.666293,7,1,1
202100017158,170Â 971,A01,1,1,1,1,2,6,9,0,0,-1,2021,34.0,1,1,0,2,1,13,1,,3,1504,0,,2,2,0,2,9,840,3,, -1,1,0,1,80,25,9,2021,08:05,2,73,73245,1,1,0,3,RD 1504,45.693426,5.829771,8,2,2
202100005167,192Â 542,A01,10,3,1,9,0,-1,-1,3,3,1,2021,65.0,2,2,0,1,1,1,1,,3,D4,-1,,2,2,0,1,1,947,1,, -1,1,0,1,50,3,12,2021,08:35,1,6,6018,1,1,0,6,Route de la Mer,43.621938,7.107334,8,2,1
202100050881,110Â 728,A01,1,1,1,0,2,0,-1,-1, -1,-1,2021,15.0,3,1,0,2,1,1,1,,6,LOUIS SALLENAVE,0,,-1,0,0,1,0,0,1,, -1,1,9,8,30,19,2,2021,15:10,1,64,64445,2,9,0,3,LOUIS SALLENAVE,43.3165,-0.36012,15,2,2
202100002048,198Â 133,A01,10,3,2,1,0,-1,-1,5,9,1,2021,43.0,3,1,0,1,1,25,5,,4,BOULEVARD DE LA TOUR MAUBOURG,0,,-1,0,0,1,(1),(1),1,, -1,1,0,4,30,20,12,2021,09:56,1,75,75107,2,4,0,6,BOULEVARD DE LA TOUR MAUBOURG,48.856338,2.309819,9,2,1
202100001361,199Â 331,A01,1,1,1,5,1,0,-1,-1, -1,-1,2021,21.0,1,2,0,2,6,2,1,,4,DU CENTRE(CHEMIN),0,,2,2,0,1,0,0,1,, -1,1,9,1,50,25,12,2021,00:15,5,974,97409,2,1,0,2,DU CENTRE(CHEMIN),-20.9423,55.65383,0,2,2
202100032833,143Â 088,A01,1,1,1,0,1,-1,-1,0,0,-1,2021,34.0,2,2,0,2,3,11,1,,2,ROCADE NORD EST RN 25,0,,1,2,0,1,5,599,1,, -1,1,0,1,110,19,6,2021,08:20,1,80,80674,1,1,0,2,ROCADE NORD EST RN 25,49.90583,2.34862,8,2,2
202100031240,145Â 901,B01,1,1,2,1,2,-1,-1,0,0,-1,2021,39.0,1,1,0,2,1,1,5,,3,53,-1,,2,2,0,2,9,900,1,, -1,2,0,3,80,29,6,2021,19:30,2,38,38389,1,1,0,1,Route de Lafayette,45.562336,5.072207,19,2,2
202100047734,116Â 424,B01,1,1,1,0,2,0,-1,0,0,-1,2021,35.0,2,1,0,2,3,1,1,,4,BLATIN (RUE),0,,1,2,0,1,(1),(1),1,, -1,1,0,1,50,5,3,2021,18:34,1,63,63075,2,2,0,3,BLATIN/berthelot,45.7763,3.07322,18,2,2
202100002366,197Â 553,A01,2,2,2,0,8,0,-1,-1, -1,-1,2021,18.0,2,1,6,0,1,1,1,,3,MOUTTE (ROUTE DE),0,,2,2,0,2,0,0,1,, -1,1,0,1,30,16,12,2021,21:41,5,972,97209,2,1,0,6,MOUTTE (ROUTE DE),14.61885,-61.05593,21,2,1
202100038093,133Â 574,A01,1,1,2,5,1,-1,-1,0,0,-1,2021,47.0,1,2,15,2,7,19,1,,3,1084,-1,,2,2,0,1,73,480,4,, -1,1,0,3,50,28,5,2021,18:15,1,1,1269,2,1,0,3,Les Battoirs,46.14237,5.618273,18,3,2
202100006535,190Â 117,A01,1,1,2,1,1,-1,-1,-1, -1,-1,2021,20.0,2,2,4,0,2,2,1,,1,ROCADE A 630,0,,1,1,0,2,4,800,3,, -1,2,3,1,50,24,11,2021,21:30,5,33,33063,1,1,1,7,ROCADE A 630,44.88447,-0.55989,21,1,1
202100011757,180Â 699,A01,1,1,1,5,2,-1,-1,-1, -1,-1,2021,17.0,2,1,0,2,1,1,1,,3,VINCENDERIE ( RUE DE LA ),0,,2,2,0,1,17,145,1,, -1,1,0,1,50,21,8,2021,20:15,1,86,86194,2,1,0,2,Rue de la Vincenderie,46.593539,0.340447,20,2,2
202100030872,146Â 577,B01,1,1,2,5,8,0,-1,-1, -1,-1,2021,36.0,3,1,0,2,0,0,5,,3,9,0,,2,2,3,1,0,0,1,, -1,1,0,1,50,4,7,2021,20:15,2,92,92036,2,3,0,3,OLYMPE DE GOUGES (RUE),48.9200993574,2.315056175,20,2,2
202100054582,104Â 213,A01,1,1,1,5,2,8,-1,-1, -1,-1,2021,49.0,2,1,12,0,1,13,1,,3,162E,0,,2,2,0,1,2,560,1,, -1,2,0,1,30,17,1,2021,05:40,4,56,56162,1,1,1,6,KERGOAT,47.73283,-3.48495,5,1,1
202100026226,154Â 822,A01,1,1,1,0,1,-1,-1,0,0,-1,2021,55.0,2,5,0,2,3,5,1,,3,,0,,2,2,0,1,27,0,1,,4,2,2,1,50,31,7,2021,21:30,5,30,30258,2,1,1,1,Boulevard Chanzy,43.673036,4.434636,21,3,2
202100004890,193Â 050,A01,1,1,1,5,1,-1,-1,0,0,-1,2021,27.0,1,2,0,2,1,5,1,,3,30,0,D,2,2,0,1,22,500,3,, -1,2,0,1,50,5,12,2021,05:45,5,69,69190,2,1,0,1,MARCEL MERIEUX (R),45.768455,4.699525,5,3,2
202100046802,118Â 115,A01,1,1,1,0,1,0,-1,-1, -1,-1,2021,52.0,1,2,0,2,8,1,1,,3,GRANDE RUE,0,,2,2,0,1,9,369,1,, -1,1,0,1,50,24,3,2021,12:45,1,93,93077,2,2,0,3,GRANDE RUE,48.88259,2.51822,12,2,2
202100026930,153Â 576,A01,1,1,2,0,1,0,-1,-1, -1,-1,2021,19.0,1,2,4,2,3,1,1,,2,104,0,,3,2,0,2,40,799,2,, -1,2,0,1,50,27,7,2021,17:15,1,91,91521,1,1,1,3,RN 104,48.63607,2.4021,17,2,2
202100048938,114Â 272,A01,1,1,1,9,2,0,-1,-1, -1,-1,2021,17.0,1,1,0,2,1,19,0,,7,R.D. 288,0,,2,3,0,1,2,400,1,, -1,1,0,1,50,5,3,2021,14:05,1,42,42207,2,1,0,3,Boulevard du Gier,45.48175,4.52488,14,2,2
202100034752,139Â 591,A01,10,3,2,5,8,8,-1,9,B,2,2021,54.0,1,2,0,1,1,26,2,,4,MAUROIS,0,,1,1,0,1,1,0,1,, -1,1,0,1,50,12,6,2021,14:38,1,49,49007,2,1,0,6,MAUROIS,47.448,-0.5623,14,2,1
202100023940,158Â 839,A01,1,1,1,4,1,-1,-1,0,0,-1,2021,20.0,2,5,0,2,3,13,1,,3,919,-1,,2,2,0,2,2,770,1,, -1,1,0,1,90,16,8,2021,12:20,1,61,61456,1,1,0,5,D919,48.785986,0.633645,12,3,3
202100043393,124Â 100,A01,1,1,2,1,1,-1,-1,0,0,-1,2021,39.0,1,2,4,0,3,17,1,,3,1206,0,R,3,4,0,1,(1),(1),1,, -1,1,0,1,110,20,4,2021,18:30,1,74,74158,1,1,0,7,D1206,46.259986,6.320829,18,1,1
202100046138,119Â 291,B01,1,1,2,9,8,0,-1,0,0,-1,2021,7.0,2,1,0,2,1,19,5,,4,BOULEVARD NEY,0,,1,1,0,1,(1),(1),1,, -1,1,0,1,50,28,3,2021,19:15,1,75,75118,2,2,0,3,BOULEVARD NEY,48.897799,2.337434,19,2,2
202100040360,129Â 461,A01,1,1,1,1,1,8,-1,0,0,-1,2021,28.0,2,2,0,2,8,0,1,,3,BAUDOIN (AVENUE YVES EMMAUEL)  -D2085-,0,,2,2,0,2,0,489,3,, -1,1,0,1,50,11,5,2021,16:25,1,6,6069,2,1,0,3,BAUDOIN (AVENUE YVES EMMAUEL)  -D2085-,43.657715,6.918747,16,2,2
202100014696,175Â 447,A01,1,1,2,2,1,-1,-1,0,0,-1,2021,20.0,0,2,0,2,1,13,1,,3,11,0,,2,2,0,1,20,500,1,,"5,5",1,0,1,50,8,10,2021,17:30,1,60,60183,2,1,0,1,Rue d Amiens,49.697846,2.172025,17,2,2
202100027208,153Â 081,A01,2,2,2,0,1,-1,-1,-1, -1,-1,2021,19.0,2,2,2,0,4,11,1,,7,,0,,3,4,0,1,42,10,1,, -1,2,5,1,90,24,7,2021,16:10,1,35,35051,2,6,1,6,Giratoire des douz'arÃ´mes,48.154758,-1.624566,16,2,1
202100033052,142Â 662,B01,1,1,1,4,8,0,-1,-1, -1,-1,2021,32.0,2,0,0,2,7,1,3,,4,VOLCLAIR (BD LOUIS),0,,3,2,2,1,(1),(1),1,, -1,2,5,1,50,20,6,2021,20:45,2,35,35238,2,2,1,3,VOLCLAIR (BD LOUIS),48.088459,-1.667633,20,2,2
202100012415,179Â 514,A01,10,3,2,5,0,-1,-1,8,5,3,2021,9.0,3,2,0,1,6,20,3,,4,HASLINGER (PLACE),0,,-1,1,0,1,(1),(1),1,, -1,1,0,8,50,9,10,2021,17:27,2,68,68066,2,1,0,6,HASLINGER (PLACE),48.08206,7.35853,17,3,1
202100037774,134Â 142,A01,1,1,1,5,1,0,-1,0,0,-1,2021,71.0,1,2,0,4,8,9,1,,4,GAULLE (RUE DE),0,,2,2,0,1,(1),(1),1,, -1,1,4,1,50,27,5,2021,10:44,1,57,57306,2,8,0,3,GAULLE (RUE DE),49.3308,6.06376,10,2,2
202100048917,114Â 321,B01,1,1,1,5,1,8,-1,-1, -1,-1,2021,20.0,2,2,0,2,1,2,1,,1,13,0,,3,6,0,1,5,300,1,, -1,1,0,1,90,7,3,2021,15:15,1,92,92064,1,1,0,4,A13,48.8388738592,2.1936046998,15,5,3
202100018021,169Â 414,A01,2,2,2,5,1,0,-1,0,0,-1,2021,23.0,1,2,2,0,3,14,1,,4,AVENUE DE LOWENDAL,0,,2,4,0,1,(1),(1),1,, -1,1,0,1,30,19,9,2021,15:20,1,75,75115,2,2,0,6,AVENUE DE LOWENDAL,48.848826,2.302463,15,2,1
202100029115,149Â 707,A01,1,1,1,9,1,0,-1,-1, -1,-1,2021,20.0,2,2,0,2,3,14,1,,2,Route Nationale 31,0,,2,2,0,1,(1),(1),1,, -1,2,0,3,80,13,7,2021,10:35,1,60,60159,1,1,1,6,Route Nationale 31,49.423516002,2.8582863806,10,1,1
202100001151,199Â 715,B01,1,1,1,9,2,7,-1,-1, -1,-1,2021,33.0,3,1,0,2,8,17,1,,2,ANCIENNE RN 1,0,,2,2,0,1,(1),(1),1,, -1,1,0,1,70,27,12,2021,14:30,1,974,97416,1,1,0,3,ANCIENNE RN 1,-21.3134910455,55.4386746883,14,2,2
202100043897,123Â 204,B01,1,1,1,1,2,8,-1,-1, -1,-1,2021,42.0,1,1,0,2,4,23,1,,4,LAZARET (QUAI DU),0,,1,2,0,1,(1),(1),1,, -1,1,0,1,50,15,4,2021,17:35,1,13,13202,2,9,0,2,LAZARET (QUAI DU),43.308975,5.366408,17,2,2
202100035958,137Â 409,A01,10,3,2,0,8,8,-1,4,3,1,2021,26.0,3,1,0,1,2,1,1,,3,LEVANT (BD),0,,3,4,0,1,0,1,1,, -1,1,0,1,50,7,6,2021,09:30,1,93,93051,2,1,0,6,Boulevard du Levant,48.8397,2.54969,9,2,1
202100009211,185Â 247,A01,1,1,1,5,1,-1,-1,-1, -1,-1,2021,22.0,3,2,12,0,1,26,1,,4,,0,,1,3,0,1,(1),(1),1,, -1,2,0,1,50,5,11,2021,05:20,4,69,69081,1,1,0,6,VALVERT (DU) (RDPT) ,45.77097,4.788,5,5,1
202100055049,103Â 413,A01,10,3,2,2,0,-1,-1,3,3,1,2021,17.0,1,2,0,1,8,1,1,,3,RD786,0,,3,4,0,1,20,0,1,, -1,2,5,1,70,12,1,2021,18:00,5,22,22187,1,6,1,6,RD786,48.54871,-2.79364,18,2,1
202100045808,119Â 875,B01,1,1,1,5,0,-1,-1,0,0,-1,2021,9.0,3,1,0,0,0,0,0,,4,VAL DU MOULIN (ALLEE DU),0,,-1,2,0,1,0,0,1,, -1,1,0,1,30,31,3,2021,18:36,1,93,93072,2,1,0,3,VAL DU MOULIN (ALLEE DU),48.9539331418,2.3904931849,18,2,2
202100011476,181Â 213,B01,1,1,1,3,0,-1,-1,0,0,-1,2021,72.0,1,1,0,2,8,2,5,,3,443,0,,2,2,0,1,77,600,1,, -1,1,0,3,80,23,10,2021,14:10,1,10,10063,1,1,0,3,D443,48.36362,4.532547,14,2,2
202100010103,183Â 645,A01,1,1,1,5,2,6,-1,0,0,-1,2021,53.0,3,1,0,0,8,1,1,,4,,-1,,1,1,0,2,(1),(1),1,,5,1,0,1,50,31,10,2021,15:15,1,35,35004,2,1,0,7,17 Rue de Pontorson,48.461223,-1.484249,15,1,1
202100024473,157Â 925,B01,1,1,2,0,1,-1,-1,0,0,-1,2021,57.0,2,2,0,0,4,23,1,,3,643,0,,3,2,0,4,(1),(1),1,, -1,1,0,1,50,21,7,2021,11:20,1,59,59139,2,9,0,5,D643,50.131247,3.423713,11,3,3
202100001823,198Â 541,A01,4,2,2,0,1,0,-1,-1, -1,-1,2021,8.0,1,2,0,2,2,2,1,,3,RD 444,0,,1,2,0,3,2,299,1,, -1,1,0,1,70,22,12,2021,17:15,2,91,91312,1,1,0,2,RD 444,48.7445,2.2224,17,4,2
202100046990,117Â 788,A01,1,1,1,1,2,6,-1,0,0,-1,2021,16.0,2,1,0,2,1,1,1,,3,939,-1,,2,2,0,2,38,654,3,, -1,1,0,1,50,24,3,2021,18:20,1,17,17465,2,1,0,1,Route de l'OcÃ©an,45.971555,-0.563554,18,2,2
202100038244,133Â 284,A01,2,2,2,5,1,-1,-1,0,0,-1,2021,17.0,2,2,6,0,1,14,1,,3,2,0,D,2,2,0,1,37,681,1,, -1,2,0,8,50,26,5,2021,01:10,3,51,51134,2,1,1,7,Grande Rue,48.6814112439,4.5477586744,1,2,1
202100029283,149Â 420,C01,4,2,1,0,8,-1,-1,-1, -1,-1,2021,18.0,2,2,1,2,1,0,1,,4,PABLO PICASSO                       (AV),0,,2,2,2,1,(1),(1),1,, -1,1,0,1,50,9,7,2021,19:40,1,69,69256,2,2,0,1,PABLO PICASSO (AV),45.7755939015,4.9174005296,19,3,2
202100028644,150Â 514,A01,1,1,1,5,1,0,-1,-1, -1,-1,2021,20.0,3,2,8,0,1,1,1,,4,BEDAUX (AVENUE CHARLES),0,,2,0,0,1,(1),(1),1,, -1,1,0,1,50,15,7,2021,17:10,1,37,37261,2,1,0,6,BEDAUX (AVENUE CHARLES),47.377335123,0.669554472,17,1,1
202100003817,194Â 932,A01,1,1,1,0,2,6,-1,-1, -1,-1,2021,30.0,2,1,0,2,4,0,1,,1,13,0,,-1,3,0,1,7,400,1,, -1,2,0,1,110,10,12,2021,06:50,3,92,92047,1,1,1,6,A13,48.8339754444,2.1664687519,6,1,1
202100006284,190Â 563,B01,1,1,1,9,1,0,-1,0,0,-1,2021,36.0,1,2,0,2,8,15,1,,4,RUE DE VAUGIRARD,0,,2,2,0,1,(1),(1),1,, -1,1,0,1,30,25,11,2021,11:00,1,75,75106,2,2,0,3,RUE DE VAUGIRARD,48.847821,2.329563,11,2,2
202100024419,158Â 034,A01,1,1,1,5,2,-1,-1,0,0,-1,2021,66.0,1,1,11,0,1,1,1,,3,613,-1,,2,2,0,1,76,130,1,, -1,1,0,4,50,10,8,2021,10:10,1,27,27208,2,1,0,6,ROUTE DE PARIS,49.14938,0.510333,10,1,1
202100019602,166Â 596,B01,1,1,2,5,1,0,-1,-1, -1,-1,2021,52.0,1,2,3,2,3,1,1,,1,10,0,,3,6,0,1,1,350,1,, -1,1,0,1,110,11,9,2021,06:50,1,92,92002,1,1,0,3,AUTOROUTE A10,48.7339941782,2.31336236,6,2,2
202100010782,182Â 466,B01,3,2,1,5,1,-1,-1,0,0,-1,2021,12.0,1,2,0,2,3,1,1,,3,35,0,,2,2,0,2,4,647,4,, -1,2,0,1,90,28,10,2021,18:45,2,34,34142,1,1,0,1,D35,43.729305,3.280149,18,5,2
202100005810,191Â 407,B01,1,1,2,5,1,-1,-1,0,0,-1,2021,37.0,1,2,0,2,4,1,1,,3,518,-1,,2,2,0,1,18,900,1,,4,2,0,1,80,26,11,2021,10:45,1,38,38035,1,4,0,4,CD518,45.509339,5.084095,10,3,3
202100014829,175Â 199,B01,1,1,1,3,2,6,-1,0,0,-1,2021,33.0,2,1,0,2,1,1,3,,4,BOULEVARD SAINT GERMAIN,0,,1,3,0,1,(1),(1),1,, -1,1,0,1,30,6,10,2021,11:00,1,75,75105,2,2,0,3,BOULEVARD SAINT GERMAIN,48.849503,2.352864,11,2,2
202100052465,107Â 935,B01,1,1,2,0,8,0,-1,0,0,-1,2021,14.0,0,1,0,2,0,19,3,,4,R DE LA GALAISE,0,,2,2,0,1,1,0,1,, -1,1,0,1,50,5,2,2021,13:25,1,94,94073,2,1,0,1,GALAISE (R DE LA),48.76407,2.38399,13,2,2
202100016700,171Â 775,A01,1,1,2,5,2,-1,-1,0,0,-1,2021,62.0,1,1,0,2,7,15,5,,3,135,0,,2,2,0,1,12,243,3,, -1,1,5,1,80,20,9,2021,15:15,1,30,30356,1,6,0,3,Mas de Peyre,43.825061,4.419615,15,2,2
202100024094,158Â 592,B01,1,1,1,5,2,6,9,0,0,-1,2021,69.0,2,1,0,2,1,1,1,,3,1,-1,,2,2,0,1,0,0,1,,"5,5",1,5,1,70,15,8,2021,17:33,1,61,61341,1,2,0,3,"Lieu dit ""la croix gaillard"" intersection RD 438 RD 1",48.500441,0.123253,17,2,2
202100028629,150Â 539,B01,1,1,1,0,2,8,-1,-1, -1,-1,2021,34.0,1,1,0,2,6,1,1,,7,LILLE (RUE DE)MENIN A 8 MAI 1945,0,,2,2,0,1,(1),(1),1,, -1,1,0,1,50,16,7,2021,14:15,1,59,59508,2,1,0,3,LILLE (RUE DE)MENIN A 8 MAI 1945,50.755293,3.120721,14,2,2
202100018911,167Â 841,A01,1,1,1,5,2,6,-1,-1, -1,-1,2021,55.0,1,1,0,0,0,1,1,,4,PASTEUR                             (R ),0,,2,2,2,1,(1),(1),1,, -1,1,0,1,50,13,9,2021,11:15,1,69,69034,2,1,0,7,PASTEUR (R),45.79098,4.84267,11,2,1
202100036935,135Â 683,A01,1,1,1,0,2,6,-1,-1, -1,-1,2021,34.0,2,1,0,2,4,2,1,,2,ROUTE NATIONALE 356,0,,3,6,0,1,3,500,1,, -1,1,0,1,90,1,6,2021,16:55,1,59,59378,1,1,0,4,ROUTE NATIONALE 356,50.658821,3.112781,16,3,3