Num_Acc,id_vehicule,num_veh,place,catu,sexe,trajet,secu1,secu2,secu3,locp,actp,etatp,year_acc,victim_age,senc,catv,obs,obsm,choc,manv,motor,occutc,catr,voie,v1,v2,circ,nbv,vosp,prof,pr,pr1,plan,lartpc,larrout,surf,infra,situ,vma,jour,mois,an,hrmn,lum,dep,com,agg_,int,atm,col,adr,lat,long,hour,nb_victim,nb_vehicules
202100010692,182Â 610,A01,1,1,1,9,8,0,-1,-1, -1,-1,2021,31.0,2,2,0,2,1,13,1,,3,D 210,0,,2,2,0,1,10,600,1,, -1,1,0,1,90,26,10,2021,20:29,3,77,77079,1,1,0,1,D210,48.4194,2.82635,20,2,2
202100017047,171Â 153,A01,1,1,1,5,8,2,-1,0,0,-1,2021,35.0,2,1,0,2,1,13,5,,4,RUE VERCINGETORIX,0,,1,3,1,1,(1),(1),1,, -1,1,0,5,30,23,9,2021,21:05,5,75,75114,2,1,0,1,RUE VERCINGETORIX,48.8323754823,2.3109386134,21,2,2
202100005894,191Â 255,B01,1,1,1,1,2,0,-1,-1, -1,-1,2021,38.0,2,1,0,2,1,1,1,,4,QUATRE SEPTEMBRE (BD DU),0,,2,2,0,1,0,0,1,, -1,1,0,1,50,20,11,2021,14:15,1,83,83126,2,9,0,3,QUATRE SEPTEMBRE (BD DU),43.1038943195,5.871886611,14,3,2
202100033686,141Â 550,B01,1,1,1,5,2,0,-1,-1, -1,-1,2021,62.0,2,1,0,2,1,1,1,,3,1,0,,2,2,0,1,0,0,1,, -1,1,0,1,50,18,6,2021,15:50,1,92,92024,2,1,0,3,CLICHY (QUAI DE) DE (8 A 60),48.90484,2.29275,15,2,2
202100047708,116Â 470,B01,1,1,1,2,2,0,-1,-1, -1,-1,2021,18.0,1,1,0,2,1,3,1,,3,BADUEL (ROUTE DE),0,,2,1,0,1,2,900,1,, -1,1,0,1,50,8,3,2021,07:34,1,973,97302,2,1,0,3,BADUEL (ROUTE DE),4.9303134716,-52.3046822844,7,2,2
202100036853,135Â 822,A01,10,3,2,1,0,-1,-1,3,1,1,2021,51.0,2,5,0,1,8,22,1,,3,LENINE (R),0,,1,2,0,1,1,0,1,, -1,1,0,1,50,2,6,2021,12:10,1,94,94041,2,1,0,6,LENINE (R),48.81566,2.39345,12,2,1
202100012369,179Â 608,B01,1,1,1,0,2,6,-1,-1, -1,-1,2021,66.0,2,1,0,2,8,11,3,,1,15,0,,3,8,0,1,5,300,1,, -1,1,0,1,90,18,10,2021,16:00,1,92,92036,1,1,0,2,AUTOROUTE A15,48.9452569232,2.2843730158,16,2,2
202100053892,105Â 417,B01,9,2,2,4,1,-1,-1,0,0,-1,2021,35.0,2,2,0,2,2,1,1,,1,A 131,0,A,1,4,0,1,31,300,1,, -1,1,3,1,130,25,1,2021,12:10,1,76,76305,1,1,0,3,Autoroute A 131. PK 031.300,49.495202,0.248634,12,4,2
202100038553,132Â 730,A01,2,2,2,5,2,6,-1,0,0,-1,2021,19.0,2,1,6,0,1,2,1,,3,339,0,,2,2,0,1,0,288,1,, -1,1,0,4,50,25,5,2021,20:40,2,62,62361,2,3,0,6,47 Rue du GÃ©nÃ©ral de Gaulle,50.276423,2.29559,20,2,1
202100054136,104Â 981,A01,10,3,1,5,0,-1,-1,3,3,1,2021,47.0,2,2,0,1,1,1,1,,3,,-1,,2,2,0,3,19,500,1,, -1,2,5,1,-1,23,1,2021,10:40,1,60,60176,2,6,1,6,Avenue de Levallois Perret,49.23056,2.884689,10,2,1
202100036695,136Â 124,A01,1,1,1,0,2,-1,-1,0,0,-1,2021,24.0,3,1,0,2,1,13,1,,4,,0,,2,2,0,2,(1),(1),1,,4,2,0,1,80,3,6,2021,08:55,1,22,22127,1,4,0,1,Calvaire Kermacon,48.791867,-3.115418,8,2,2
202100041688,127Â 091,A01,1,1,1,4,2,6,-1,0,0,-1,2021,26.0,1,1,0,2,1,2,1,,4,BOULEVARD DE LA BASTILLE,0,,1,2,0,1,(1),(1),1,, -1,2,0,1,50,1,5,2021,09:35,1,75,75112,2,3,1,2,BOULEVARD DE LA BASTILLE,48.848793,2.367999,9,2,2
202100038923,132Â 059,A01,1,1,2,1,1,-1,-1,-1, -1,-1,2021,34.0,2,2,0,2,4,1,1,,2,RN136,0,,3,4,0,1,19,764,1,, -1,1,0,1,90,21,5,2021,08:20,1,35,35278,1,1,0,2,RN136,48.14131,-1.67918,8,2,2
202100015132,174Â 662,A01,10,3,1,5,8,8,-1,2,3,1,2021,58.0,1,2,0,1,3,15,1,,4,"""LANDY RD 20, NR IMPAIRS 1 A 144""",0,,2,2,0,1,0,1,1,, -1,1,0,1,50,5,10,2021,15:30,1,93,93066,2,3,0,6,Rue du Landy / Rue de la Procession,48.915426,2.362984,15,2,1
202100001973,198Â 276,B01,1,1,2,1,1,0,-1,-1, -1,-1,2021,53.0,2,2,0,2,8,1,1,,1,A7-Sens Marseille vers Lyon,0,,3,3,0,2,265,0,3,, -1,1,0,1,110,20,12,2021,12:35,1,13,13071,1,1,0,3,A7-Sens Marseille vers Lyon,43.41765,5.27517,12,2,2
202100014564,175Â 673,B01,1,1,1,9,2,8,-1,-1, -1,-1,2021,51.0,3,1,0,2,1,1,1,,3,LECLERC (AVENUE),0,,2,3,0,1,0,0,1,, -1,1,5,1,50,5,10,2021,16:50,1,90,90010,2,1,0,3,LECLERC (AVENUE),47.63634,6.83766,16,2,2
202100028742,150Â 351,B01,1,1,1,5,2,-1,-1,0,0,-1,2021,21.0,2,1,0,2,1,0,1,,2,21,-1,,2,2,0,1,97,200,1,, -1,1,0,1,80,16,7,2021,23:45,3,24,24224,1,1,0,1,Peyssonnat,44.9182,0.560989,23,4,2
202100016281,172Â 533,B01,1,1,2,5,1,-1,-1,0,0,-1,2021,85.0,3,2,0,2,1,1,1,,4,,0,,2,2,0,1,(1),(1),2,, -1,1,0,1,50,29,9,2021,11:45,1,56,56094,1,1,0,1,Lieu Dit Branjouan,47.774817,-3.235779,11,2,2
202100036906,135Â 731,A01,1,1,1,3,2,-1,-1,0,0,-1,2021,48.0,3,1,0,0,8,15,1,,6,,-1,,-1,-1,0,1,(1),(1),1,, -1,1,0,8,-1,2,6,2021,18:40,1,50,50082,2,1,0,7,39 Route de Valognes,49.476462,-1.621299,18,1,1
202100015238,174Â 466,A01,4,2,2,0,8,8,-1,-1, -1,-1,2021,78.0,2,3,0,9,1,26,3,,4,BRISE ECHALAS,0,,1,1,3,2,0,0,1,, -1,2,4,6,30,3,10,2021,11:08,1,93,93066,2,1,1,3,Rue Brise Echalas,48.938205,2.345665,11,3,2
202100010635,182Â 727,B01,1,1,1,1,2,6,-1,0,0,-1,2021,15.0,1,1,0,0,1,1,1,,4,431,-1,,2,2,0,1,22,525,1,, -1,1,0,1,50,28,10,2021,09:00,1,37,37003,2,1,0,2,1 avenue anatole france,47.4187019123,0.9826507385,9,2,2
202100004869,193Â 089,A01,2,2,1,5,8,-1,-1,0,0,-1,2021,48.0,3,2,13,0,1,1,1,,3,140,-1,,2,2,0,1,(1),(1),1,, -1,2,0,3,80,4,12,2021,15:45,1,28,28351,1,1,1,1,rue de chateauneuf,48.582222,1.209226,15,2,1
202100039575,130Â 847,B01,1,1,1,0,1,0,-1,-1, -1,-1,2021,23.0,1,2,0,2,1,1,1,,7,TOUR DE VARAN (RUE DE LA),0,,2,2,0,1,24,400,1,, -1,1,0,1,50,17,5,2021,16:35,1,42,42095,2,1,0,3,Rue de la Tour de Varan,45.3927,4.28892,16,3,2
202100028732,150Â 369,B01,1,1,1,5,2,6,-1,0,0,-1,2021,17.0,2,1,0,2,1,13,1,,3,2,-1,,2,2,0,2,9,820,2,, -1,1,0,1,80,17,7,2021,10:57,1,12,12247,1,1,0,1,D2,44.409658,3.023257,10,3,2
202100006254,190Â 618,A01,10,3,1,9,0,-1,-1,3,0,1,2021,71.0,3,2,0,1,3,1,1,,4,GROS MALHON (AVENUE),0,,2,2,0,2,(1),(1),1,, -1,2,0,1,50,25,11,2021,08:15,2,35,35238,2,1,1,6,GROS MALHON (AVENUE),48.1246,-1.68189,8,2,1
202100001880,198Â 432,A01,1,1,1,5,2,6,-1,-1, -1,-1,2021,16.0,1,1,0,0,0,1,1,,4,METZ,0,,2,2,0,1,0,0,1,, -1,2,0,1,50,21,12,2021,16:54,1,32,32013,2,1,1,7,METZ,43.64275,0.58444,16,1,1
202100018255,168Â 986,A01,1,1,2,1,1,-1,-1,0,0,-1,2021,57.0,1,2,13,0,1,1,1,,3,11,-1,B,2,2,0,2,1,400,3,,"5,5",1,0,3,80,17,9,2021,06:30,2,10,10063,1,1,0,6,D11b,48.370021,4.517119,6,1,1
202100040024,130Â 056,A01,10,3,2,0,0,-1,-1,5,1,1,2021,81.0,0,2,0,1,5,20,2,,6,HENRY BARBUSSE (RUE)(IMPAIRS),0,,-1,-1,0,1,0,0,1,, -1,1,6,4,50,12,5,2021,19:05,1,92,92078,2,1,0,6,HENRY BARBUSSE (RUE)(IMPAIRS),48.9363041847,2.332790941,19,2,1
202100055226,103Â 105,A01,1,1,1,5,1,0,-1,-1, -1,-1,2021,57.0,2,2,8,0,1,13,1,,3,GENERAL DE GAULLE (AVENUE),0,,1,1,0,1,1,0,3,, -1,2,0,1,50,13,1,2021,10:20,1,93,93050,2,3,1,6,GENERAL DE GAULLE (AVENUE),48.85715,2.53086,10,1,1
202100008593,186Â 371,B01,1,1,2,1,1,0,-1,0,0,-1,2021,46.0,1,2,0,1,4,23,1,,4,AVENUE DES GOBELINS,0,,2,2,0,1,(1),(1),1,, -1,1,0,1,30,10,11,2021,15:30,1,75,75105,2,3,0,6,AVENUE DES GOBELINS,48.838035,2.350997,15,3,2
202100029715,148Â 681,A01,9,2,2,0,1,-1,-1,0,0,-1,2021,33.0,3,2,0,2,7,19,1,,3,52,-1,,2,2,0,2,(1),(1),1,,4,2,0,1,-1,10,7,2021,22:00,3,22,22012,1,2,0,3,D52,48.584507,-2.431111,22,4,2
202100020534,164Â 935,A01,2,2,2,9,1,0,-1,-1, -1,-1,2021,14.0,2,2,0,2,1,2,2,,4,VITRE (BLD DE),0,,3,2,0,2,(1),(1),1,, -1,1,0,1,50,6,9,2021,15:30,1,35,35238,2,1,0,2,VITRE (BLD DE),48.1204041235,-1.6507771235,15,3,2
202100048232,115Â 542,B01,3,2,1,5,1,0,-1,-1, -1,-1,2021,19.0,3,2,0,2,1,1,1,,4,REGIMENT NORMANDIE-NIEMEN (AVENUE DU),0,,2,2,0,1,0,0,1,, -1,1,0,1,50,12,3,2021,21:12,5,91,91103,2,9,1,1,RUE JEAN JAURES,48.6075,2.309462,21,4,2
202100008708,186Â 170,A01,1,1,1,0,2,0,-1,-1, -1,-1,2021,34.0,2,1,0,2,1,1,1,,4,SALIE,0,,2,2,1,1,0,0,1,, -1,1,0,1,50,8,11,2021,16:55,1,64,64348,2,3,0,2,SALIE,43.335526123,-0.3808093071,16,2,2
202100022902,160Â 686,B01,2,1,1,5,2,0,-1,-1, -1,-1,2021,73.0,3,1,0,2,7,1,5,,4,LIBERTE (AVENUE DE LA),0,,1,1,0,1,0,0,2,, -1,1,0,1,50,22,8,2021,09:50,1,91,91549,2,6,0,3,LIBERTE (AVENUE DE LA),48.6424,2.34735,9,2,2
202100028237,151Â 218,B01,1,1,1,5,1,-1,-1,0,0,-1,2021,53.0,2,2,0,2,6,1,1,,1,36,0,,3,4,0,1,213,0,1,, -1,1,0,1,130,11,7,2021,17:15,1,21,21708,1,1,0,2,A 36 PK 213 sens MULHOUSE vers BEAUNE,47.045914,4.982901,17,3,2
202100011161,181Â 781,A01,1,1,1,5,2,6,-1,0,0,-1,2021,51.0,2,1,0,0,8,17,1,,3,31,0,,2,2,0,2,29,719,1,, -1,1,0,1,80,24,10,2021,17:25,2,43,43192,1,1,0,7,D31,44.84943,3.759261,17,1,1
202100005983,191Â 103,C01,3,2,2,5,1,0,-1,-1, -1,-1,2021,23.0,2,2,0,2,4,1,1,,2,RN 1569 LA TRANSHUMANCE,0,,3,2,0,2,4,0,1,, -1,1,0,1,90,26,11,2021,18:07,3,13,13063,1,1,0,4,RN 1569 LA TRANSHUMANCE,43.60516,5.00735,18,7,3
202100052681,107Â 564,A01,1,1,1,0,2,6,-1,0,0,-1,2021,68.0,0,1,6,0,1,17,5,,4,MONDUIT (RUE HENRI),0,,2,2,0,2,(1),(1),2,, -1,2,0,1,50,2,2,2021,13:22,1,27,27229,2,3,1,6,MONDUIT (RUE HENRI),49.0292429,1.1428976,13,1,1
202100003801,194Â 965,B01,2,2,2,5,1,8,-1,-1, -1,-1,2021,23.0,1,2,0,2,1,0,1,,1,A55 - Sens Marseille vers Martigues,0,,1,2,0,2,13,800,2,, -1,1,0,1,90,10,12,2021,01:10,3,13,13071,1,1,0,2,A55 - Sens Marseille vers Martigues,43.39968,5.2933,1,3,2
202100049506,113Â 262,B01,1,1,1,5,2,0,-1,0,0,-1,2021,80.0,1,1,0,2,6,1,5,,3,GUINGAMP (ROUTE DE),0,,2,2,0,1,1,0,1,, -1,1,0,1,50,1,3,2021,15:15,1,22,22113,2,1,0,2,GUINGAMP (ROUTE DE),48.724299,-3.435497,15,2,2
202100025594,155Â 931,A01,10,3,1,5,8,8,-1,2,3,1,2021,12.0,1,2,0,1,1,9,0,,4,,0,,2,0,0,1,(1),(1),1,, -1,1,0,1,50,24,2,2021,12:25,1,69,69256,2,3,0,6,ROMAIN ROLLAND (R),45.75864,4.93115,12,2,1
202100023057,160Â 406,A01,1,1,1,5,2,8,-1,-1, -1,-1,2021,12.0,1,1,12,0,2,14,5,,4,LOCUNEL (RUE  DE ),0,,2,2,0,1,(1),(1),1,, -1,1,0,1,30,30,7,2021,20:27,1,56,56098,2,1,0,6,LOCUNEL (RUE  DE ),47.75424,-3.32859,20,1,1
202100000818,200Â 257,A01,10,3,2,9,0,-1,-1,9,3,3,2021,6.0,3,1,0,1,1,21,1,,4,m'tsapere-MosquÃ©e Maevantana (ruelle ),0,,2,2,0,2,0,0,1,, -1,1,9,1,50,21,12,2021,09:20,1,976,97611,2,1,0,7,m'tsapere-MosquÃ©e Maevantana (ruelle ),-12.78761,45.21874,9,2,1
202100046151,119Â 270,B01,1,1,1,0,1,0,-1,-1, -1,-1,2021,37.0,1,2,0,2,1,20,1,,3,HENRI BARBUSSE (AVE) NÂ°2-124,0,,2,2,0,1,0,1,1,, -1,1,0,1,50,28,3,2021,23:05,5,93,93029,2,1,0,1,HENRI BARBUSSE (AVE) NÂ°2-124,48.91928,2.45006,23,2,2
202100037343,134Â 917,A01,1,1,2,5,1,-1,-1,0,0,-1,2021,51.0,2,2,6,0,1,1,1,,4,,-1,,2,2,0,1,0,500,1,,4,1,5,1,-1,31,5,2021,18:25,1,29,29158,2,3,0,6,Rue Jean JaurÃ¨s - D53,47.816129,-4.37226,18,1,1
202100039027,131Â 885,A01,8,2,1,5,0,-1,-1,0,0,-1,2021,20.0,2,2,13,0,1,1,1,,3,766,-1,,2,2,0,1,53,0,1,, -1,1,0,1,90,22,5,2021,09:30,1,37,37084,1,1,0,6,LA HAUTE FORET DE CHATEAU LA VALLIERE,47.5424162394,0.3709902763,9,3,1
202100039365,131Â 236,A01,10,3,2,5,0,-1,-1,3,3,1,2021,79.0,2,2,0,1,6,4,1,,4,979,0,D,1,2,0,1,0,0,1,, -1,1,9,1,50,20,5,2021,12:25,1,30,30133,2,1,0,6,85 Quai Colbert,43.538387,4.140047,12,2,1
202100035489,138Â 276,A01,1,1,1,0,2,6,-1,-1, -1,-1,2021,49.0,2,1,0,2,1,13,1,,4,MARNE,0,,2,2,0,1,0,0,3,, -1,1,0,1,50,28,5,2021,10:30,1,57,57630,2,1,0,3,MARNE,48.73409,7.05228,10,2,2
202100026923,153Â 590,B01,1,1,2,3,1,-1,-1,0,0,-1,2021,41.0,3,2,0,2,8,1,1,,3,9,0,,2,2,0,2,(1),(1),1,,4,1,0,1,80,21,7,2021,10:50,1,22,22272,1,2,0,3,D9,48.565703,-3.108294,10,3,2
202100017766,169Â 863,C01,1,1,2,1,1,0,-1,-1, -1,-1,2021,34.0,2,2,0,2,1,1,1,,1,A7-Sens Lyon vers Marseille,0,,1,3,0,1,266,0,1,, -1,1,0,1,110,17,9,2021,18:00,1,13,13071,1,1,0,2,A7-Sens Lyon vers Marseille,43.406311,5.291863,18,3,3
202100052172,108Â 453,A01,1,1,2,1,8,-1,-1,0,0,-1,2021,50.0,1,2,0,2,1,1,1,,3,16,-1,,2,2,0,1,22,500,1,, -1,5,0,1,80,9,2,2021,08:30,1,68,68158,1,1,1,1,D16,47.598748,7.364262,8,2,2
202100039010,131Â 911,B01,1,1,1,0,8,-1,-1,0,0,-1,2021,68.0,2,2,0,0,4,15,1,,3,935,0,,2,2,0,1,24,1320,1,, -1,1,0,1,80,22,5,2021,11:00,1,65,65130,1,1,0,2,pk 24+320,43.600439,-0.018969,11,4,2
202100024017,158Â 715,A01,1,1,2,5,1,0,-1,-1, -1,-1,2021,20.0,1,2,2,0,3,14,1,,3,RESISTANCE (AVENUE DE LA),0,,3,4,0,3,3,0,1,, -1,1,5,3,70,31,7,2021,03:30,5,22,22113,2,6,0,7,RESISTANCE (AVENUE DE LA),48.746679242,-3.4614993116,3,1,1
202100012631,179Â 135,A01,1,1,2,5,2,6,-1,-1, -1,-1,2021,42.0,3,1,0,2,1,26,1,,4,TIRAILLEURS SENEGALAIS (AVE DES),0,,2,2,0,1,0,0,1,, -1,1,0,1,50,17,10,2021,16:50,1,83,83137,2,1,0,2,TIRAILLEURS SENEGALAIS (AVE DES),43.110256,5.931972,16,2,2
202100024738,157Â 427,A01,1,1,1,5,2,8,-1,0,0,-1,2021,63.0,1,6,8,0,7,26,1,,4,RUE BOUTET DE MONVEL,0,,2,2,0,1,(1),(1),1,, -1,1,0,4,30,7,8,2021,01:45,5,54,54329,2,1,0,6,RUE BOUTET DE MONVEL,48.6007,6.49203,1,1,1
202100035232,138Â 727,A01,1,1,2,5,8,0,-1,-1, -1,-1,2021,17.0,1,1,3,0,7,1,1,,1,BRACHAUD (AVENUE DE),0,,2,2,0,1,177,210,2,, -1,1,0,1,50,8,6,2021,19:13,1,87,87085,2,1,0,6,BRACHAUD (AVENUE DE),45.87634,1.28752,19,1,1
202100048907,114Â 337,A01,2,2,2,5,1,-1,-1,0,0,-1,2021,65.0,2,2,0,2,3,15,1,,3,422,-1,,2,2,0,1,18,850,1,, -1,1,0,1,50,7,3,2021,17:50,1,67,67348,2,3,0,1,47 Rue du General Leclerc,48.470972,7.494269,17,4,2
202100029839,148Â 455,A01,1,1,1,1,2,6,-1,-1, -1,-1,2021,34.0,1,1,0,2,1,2,1,,3,STRASBOURG (BD DE),0,,2,2,0,2,1,0,1,, -1,1,0,1,50,9,7,2021,12:30,1,94,94052,2,1,0,2,Boulevard de Strasbourg,48.845107,2.488953,12,2,2
202100034715,139Â 671,B01,2,2,1,0,1,0,-1,-1, -1,-1,2021,11.0,2,2,0,2,5,12,1,,1,A47,0,,1,4,0,1,20,10,1,, -1,1,8,1,70,12,6,2021,20:10,1,42,42123,1,1,0,4,A47,45.5152,4.5785,20,6,4
202100047036,117Â 695,A01,10,3,2,5,0,-1,-1,5,3,1,2021,29.0,3,2,0,1,1,26,1,,7,"AbbÃ© Pierre, rue",0,,2,2,0,1,(1),(1),1,, -1,1,0,1,50,22,3,2021,10:10,1,59,59636,1,6,0,6,"AbbÃ© Pierre, rue",50.69598,3.06048,10,2,1
202100037861,133Â 987,B01,2,1,1,0,1,0,-1,-1, -1,-1,2021,25.0,1,1,0,2,1,0,1,,3,DIX NEUF MARS   (RUE DU),0,,2,2,0,2,1,0,1,, -1,1,9,1,50,28,5,2021,09:00,1,93,93032,2,3,0,3,Rue du 19 Mars 1962 / Avenue des Dahlias,48.894993,2.542833,9,2,2
202100044534,122Â 116,A01,1,1,1,5,1,8,-1,-1, -1,-1,2021,19.0,2,2,13,0,9,26,1,,1,A104,0,,3,4,0,1,10,399,1,, -1,2,0,3,90,10,4,2021,18:15,1,77,77294,1,1,0,6,A104,48.97123,2.59517,18,1,1
202100054311,104Â 680,A01,10,3,1,0,0,-1,-1,3,3,2,2021,28.0,2,2,0,1,1,1,1,,4,AV DE VERRIERES,0,,2,2,0,4,0,0,1,, -1,1,0,1,50,20,1,2021,12:20,1,91,91377,2,1,0,6,AV DE VERRIERES,48.735718,2.27355,12,3,1
202100002905,196Â 579,B01,1,1,1,4,1,0,-1,0,0,-1,2021,35.0,2,2,0,2,8,1,1,,3,,0,,2,3,0,2,50,515,1,, -1,1,5,1,70,14,12,2021,12:40,1,71,71309,1,9,1,3,R.N.80,46.79915,4.38428,12,2,2
202100015824,173Â 388,A01,1,1,1,4,2,6,-1,0,0,-1,2021,50.0,2,1,0,0,7,1,1,,1,8,-1,,3,4,0,2,186,500,3,, -1,1,3,1,50,1,10,2021,09:35,1,6,6088,1,1,0,7,"A8, bretelle d'entrÃ©e 51 sens NICE -CANNES",43.675283,7.195905,9,1,1
202100006546,190Â 096,A01,10,3,2,0,0,-1,-1,3,3,1,2021,30.0,3,2,0,1,1,1,1,,4,DURAND GEORGES (AV) NÂ° IMP 199 AU NÂ° 311,0,,3,2,2,1,0,0,1,, -1,1,0,1,50,23,11,2021,14:00,1,72,72181,2,1,0,6,DURAND GEORGES (AV) NÂ° IMP 199 AU NÂ° 311,47.9755,0.21498,14,2,1
202100050945,110Â 615,B01,1,1,1,1,1,0,-1,-1, -1,-1,2021,50.0,2,2,0,2,5,2,1,,3,GENERAL DE GAULLE (AV DU),0,,2,4,0,1,1,0,1,, -1,1,0,1,50,19,2,2021,19:15,5,94,94017,2,5,0,4,GENERAL DE GAULLE (AV DU),48.82479,2.50015,19,4,3
202100016802,171Â 582,B01,1,1,1,1,2,0,-1,-1, -1,-1,2021,42.0,1,1,0,2,4,26,5,,3,PETIT PEROU,0,,-1,2,0,2,(1),(1),1,, -1,1,0,8,70,3,9,2021,20:35,5,971,97101,1,9,0,6,PETIT PEROU,16.2531362408,-61.5143389595,20,3,2
202100050014,112Â 344,A01,10,3,1,5,8,8,-1,1,5,1,2021,10.0,1,2,0,1,3,19,1,,4,RAVEL MAURICE RUE,0,,1,1,2,1,(1),(1),1,, -1,1,0,1,30,26,2,2021,17:56,1,59,59350,2,1,0,6,RAVEL MAURICE RUE,50.6295142147,3.0854116536,17,2,1
202100004699,193Â 375,B01,1,1,1,1,8,-1,-1,-1,0,-1,2021,33.0,2,1,0,2,1,17,5,,3,AVENUE DE LA DIVISION LECLERC,0,,2,2,0,1,3,380,1,, -1,1,0,1,50,3,12,2021,09:30,1,95,95598,2,1,0,3,Avenue du GÃ©nÃ©ral Leclerc,48.979658353,2.3039209843,9,2,2
202100011196,181Â 717,A01,1,1,1,5,2,6,-1,-1, -1,-1,2021,41.0,2,1,12,0,1,1,1,,4,VIEUX FOURNEAU,0,,2,2,0,1,(1),(1),2,,3,1,0,4,50,25,10,2021,00:21,5,79,79191,2,1,0,7,Rue du Vieux-Fourneau,46.33143,-0.45965,0,1,1
202100003877,194Â 820,B01,1,1,1,5,2,6,-1,0,0,-1,2021,17.0,2,1,0,0,1,1,1,,3,560,-1,,2,2,0,2,18,310,1,, -1,2,1,1,50,8,12,2021,18:30,5,83,83116,2,1,0,3,D560,43.446816,5.860439,18,2,2
202100037986,133Â 762,A01,1,1,2,5,1,-1,-1,-1, -1,-1,2021,39.0,3,2,0,0,1,26,1,,9,PLAGE AV DE LA,0,,2,2,0,1,(1),(1),1,, -1,1,0,1,50,16,3,2021,17:00,2,69,69264,2,1,0,7,PLAGE (DE LA) (AV),45.98363,4.74821,17,3,1
202100053447,106Â 182,B01,1,1,2,9,1,8,-1,-1, -1,-1,2021,37.0,3,0,0,2,3,0,0,,4,,0,,2,2,0,1,(1),(1),1,, -1,1,0,1,50,27,1,2021,15:30,1,59,59426,2,3,0,3,TOURCOING (RUE DE),50.751047,3.151655,15,2,2
202100038800,132Â 261,A01,1,1,1,5,2,6,-1,0,0,-1,2021,31.0,1,1,0,0,6,1,1,,3,53,0,D,2,2,0,3,4,800,1,, -1,1,0,1,80,23,5,2021,17:00,1,54,54117,1,1,0,7,D53,48.4422196636,6.0666525372,17,1,1
202100019450,166Â 869,B01,1,1,2,0,1,-1,-1,0,0,-1,2021,56.0,0,2,14,2,1,1,1,,3,KOUTIALA (AVENUE DE,0,,2,2,1,2,34,450,1,, -1,1,0,1,50,9,9,2021,13:10,1,61,61001,1,1,0,2,KOUTIALA (AVENUE DE,48.42544,0.07805,13,3,2
202100036527,136Â 423,A01,1,1,1,1,2,-1,-1,0,0,-1,2021,49.0,2,1,2,0,7,0,1,,3,85,0,D,2,2,0,1,9,420,1,, -1,1,0,3,50,4,6,2021,22:45,4,27,27638,2,1,0,6,RUE FRANCOIS MITTERAND,49.256084,0.926387,22,1,1
202100003659,195Â 212,B01,1,1,2,5,2,0,-1,-1, -1,-1,2021,24.0,3,1,0,2,1,16,5,,4,VAILLANT COUTURIER (RUE PAUL),0,,2,2,0,1,(1),(1),1,, -1,2,0,1,50,9,12,2021,09:30,1,37,37233,2,1,0,3,VAILLANT COUTURIER (RUE PAUL),47.3945000308,0.7112360001,9,2,2
202100024578,157Â 725,B01,1,1,1,5,2,6,-1,-1, -1,-1,2021,41.0,2,1,0,2,7,3,1,,1,AUTOROUTE A6,0,,1,4,0,1,28,299,1,, -1,1,0,1,110,12,8,2021,12:05,1,91,91340,1,1,0,3,AUTOROUTE A6,48.60382,2.43721,12,2,2
202100042478,125Â 692,B01,1,1,1,0,8,0,-1,0,0,-1,2021,15.0,3,1,0,2,8,0,0,,4,FALAISES (ROUTE DES) NATION A ANDELLE,0,,2,2,0,1,(1),(1),1,, -1,1,0,1,50,26,4,2021,18:20,1,27,27701,2,1,0,3,FALAISES (ROUTE DES) NATION A ANDELLE,49.272736,1.22085,18,2,2
202100046317,118Â 986,B01,10,3,1,5,0,-1,-1,6,1,1,2021,29.0,2,2,0,1,1,26,1,,1,A55-Sens Martigues vers Marseille,0,,-1,2,0,1,22,0,1,, -1,1,0,2,110,28,3,2021,18:24,1,13,13033,1,1,0,1,A55-Sens Martigues vers Marseille,43.38,5.20819,18,5,2
202100044717,121Â 785,B01,1,1,2,9,2,0,-1,0,0,-1,2021,27.0,1,1,0,2,5,19,5,,4,PONT D AUSTERLITZ,0,,1,4,0,1,(1),(1),1,, -1,1,2,1,50,8,4,2021,13:20,1,75,75105,2,1,0,3,PONT D AUSTERLITZ,48.844786,2.365939,13,2,2
202100012054,180Â 164,A01,1,1,1,5,2,0,-1,-1, -1,-1,2021,24.0,2,1,0,2,1,13,1,,3,FOCH (AV),0,,2,2,0,1,1,0,1,, -1,1,0,1,30,19,10,2021,22:30,5,94,94068,2,1,0,1,Avenue Foch,48.7986,2.50114,22,4,2
202100047340,117Â 147,A01,10,3,2,0,0,-1,-1,5,4,1,2021,40.0,1,2,1,1,1,20,1,,4,BRAILLE (RUE LOUIS),0,,2,2,2,1,(1),(1),1,, -1,1,0,8,50,19,3,2021,17:00,1,59,59512,2,1,0,6,BRAILLE (RUE LOUIS),50.67674,3.19344,17,2,1
202100035315,138Â 584,B01,2,2,2,5,1,0,-1,0,0,-1,2021,20.0,2,2,0,2,4,23,1,,4,AVENUE DE CHOISY,0,,2,3,0,1,(1),(1),1,, -1,1,0,1,50,10,6,2021,18:15,1,75,75113,2,3,0,2,AVENUE DE CHOISY,48.827262,2.359087,18,3,2
202100031635,145Â 207,A01,1,1,1,1,1,-1,-1,0,0,-1,2021,36.0,1,2,0,2,1,13,1,,3,929,-1,,2,2,0,2,35,125,1,, -1,1,0,1,70,1,7,2021,05:20,2,95,95052,1,1,0,1,RD 922,49.145952,2.307065,5,4,2