Num_Acc,id_vehicule,num_veh,place,catu,sexe,trajet,secu1,secu2,secu3,locp,actp,etatp,year_acc,victim_age,senc,catv,obs,obsm,choc,manv,motor,occutc,catr,voie,v1,v2,circ,nbv,vosp,prof,pr,pr1,plan,lartpc,larrout,surf,infra,situ,vma,jour,mois,an,hrmn,lum,dep,com,agg_,int,atm,col,adr,lat,long,hour,nb_victim,nb_vehicules
202100032713,143Â 294,B01,2,2,2,9,8,8,-1,-1, -1,-1,2021,29.0,2,2,0,2,4,7,1,,3,CHOISY(ROUTE DE),0,,1,2,3,1,1,0,1,, -1,2,0,1,50,20,6,2021,20:30,1,94,94028,2,1,1,2,Route de Choisy,48.780803,2.444843,20,3,2
202100024817,157Â 296,A01,1,1,2,1,1,-1,-1,0,0,-1,2021,21.0,3,2,0,2,1,2,1,,3,,-1,,2,1,0,1,(1),(1),1,,3,1,0,1,80,28,6,2021,07:45,1,13,13027,1,2,0,2,dÃ©partementale D28,43.871307,4.818943,7,2,2
202100018625,168Â 345,A01,1,1,1,2,2,8,-1,-1, -1,-1,2021,17.0,3,1,0,2,7,17,1,,4,ILLUSTRATION (AVENUE DE L'),0,,-1,2,0,1,0,0,1,, -1,1,0,1,50,16,9,2021,12:55,1,93,93008,2,9,0,3,ILLUSTRATION (AVENUE DE L'),48.911919,2.41708,12,2,2
202100011562,181Â 057,B01,1,1,2,9,1,-1,-1,0,0,-1,2021,34.0,1,2,0,2,4,1,1,,3,FORGES (AVENUE DES),0,,3,2,0,1,0,654,1,, -1,1,0,1,50,22,10,2021,11:40,1,65,65440,2,3,0,4,FORGES (AVENUE DES),43.23876,0.08602,11,3,3
202100042813,125Â 131,A01,1,1,1,1,2,6,-1,-1, -1,-1,2021,21.0,1,1,0,2,1,1,1,,4,PIERRE BRUNIER                      (R ),0,,2,2,0,1,(1),(1),1,, -1,1,0,1,50,19,4,2021,20:00,1,69,69034,2,2,0,3,PIERRE BRUNIER (R),45.78645,4.82989,20,2,2
202100039232,131Â 490,C01,1,1,1,0,8,0,-1,-1, -1,-1,2021,34.0,1,2,0,0,4,0,1,,1,86,0,,3,4,0,1,2,200,1,, -1,1,0,1,90,20,5,2021,15:00,1,92,92050,1,1,0,4,A86,48.9162740461,2.2212873621,15,4,4
202100023086,160Â 348,C01,1,1,2,0,1,0,-1,-1, -1,-1,2021,26.0,0,2,0,2,4,2,1,,4,JEAN PAUL SARTRE (AVENUE),0,,3,2,0,1,0,0,1,, -1,1,0,1,70,26,7,2021,08:30,1,13,13213,2,1,0,4,JEAN PAUL SARTRE (AVENUE),43.3217159202,5.4174342946,8,3,3
202100014524,175Â 746,B01,1,1,1,1,2,6,-1,-1, -1,-1,2021,27.0,1,1,0,2,2,3,1,,1,A50-Sens Marseille vers Aubagne,0,,1,3,0,1,0,600,1,, -1,1,0,1,90,5,10,2021,18:30,2,13,13210,1,1,0,3,A50-Sens Marseille vers Aubagne,43.28398,5.40339,18,2,2
202100010549,182Â 871,A01,1,1,1,1,2,6,-1,0,0,-1,2021,62.0,1,1,0,0,1,1,1,,4,VALLOMBROSA (BOULEBARD),0,,2,4,0,2,(1),(1),2,, -1,1,0,1,50,28,10,2021,07:45,2,6,6029,2,1,0,7,VALLOMBROSA (BOULEBARD),43.5516996423,7.0061076432,7,1,1
202100033760,141Â 427,A01,1,1,1,1,1,4,-1,-1, -1,-1,2021,40.0,1,4,0,2,0,26,1,,1,AUTOROUTE A86,0,,2,1,0,2,50,500,3,, -1,2,0,1,50,18,6,2021,00:20,4,94,94034,1,9,0,6,AUTOROUTE A86,48.75898,2.33856,0,1,1
202100019308,167Â 116,C01,5,2,1,0,1,0,-1,-1, -1,-1,2021,4.0,2,2,0,2,4,0,1,,1,AUTOROUTE A3,0,,1,0,0,1,10,699,1,, -1,1,0,1,90,12,9,2021,22:30,3,93,93005,1,1,0,2,AUTOROUTE A3,48.92822,2.48115,22,7,3
202100019869,166Â 127,B01,1,1,1,5,2,6,-1,-1, -1,-1,2021,29.0,3,1,0,2,7,16,1,,4,RD 956,0,,3,4,0,1,(1),(1),1,, -1,1,0,1,50,7,9,2021,09:05,1,41,41212,1,6,0,3,PATTE D'OIE (rond point),47.56178,1.37253,9,2,2
202100004584,193Â 580,A01,1,1,1,5,0,-1,-1,0,0,-1,2021,23.0,1,2,2,0,8,14,1,,3,443,-1,,2,2,0,1,68,900,1,, -1,2,0,3,80,5,12,2021,23:00,4,10,10005,1,1,1,6,,48.289532,4.514694,23,1,1
202100011806,180Â 615,A01,1,1,1,4,2,0,-1,-1, -1,-1,2021,26.0,1,1,0,0,7,26,3,,4,MILLOT BOULEVARD JACQUES,0,,2,2,0,1,1,0,1,, -1,2,0,1,50,20,10,2021,09:02,1,49,49007,2,1,1,7,MILLOT BOULEVARD JACQUES,47.45421,-0.53412,9,1,1
202100030379,147Â 462,A01,1,1,1,0,1,-1,-1,-1, -1,-1,2021,51.0,1,2,12,0,1,1,1,,2,RD 1250 (BONNEVAL -LA HUME) - STADE,0,,2,2,0,1,40,776,1,, -1,1,5,1,50,6,7,2021,22:50,5,33,33529,2,6,0,6,,44.618512,-1.125434,22,1,1
202100011359,181Â 426,A01,1,1,1,5,1,-1,-1,-1,0,-1,2021,19.0,1,5,0,2,1,9,1,,3,PIERRE SEMARD (AVENUE),0,,2,2,0,1,6,650,1,, -1,1,0,1,50,23,10,2021,07:20,5,95,95680,2,1,0,3,PIERRE SEMARD (AVENUE),49.0013099487,2.4073511404,7,3,2
202100040713,128Â 840,B01,1,1,1,0,2,6,-1,-1, -1,-1,2021,34.0,1,1,0,2,2,3,1,,1,AUTOROUTE A86,0,,3,8,0,1,22,299,1,, -1,1,1,1,90,9,5,2021,18:00,1,93,93008,1,1,0,5,AUTOROUTE A86,48.90761,2.45329,18,3,3
202100036220,136Â 948,B01,1,1,1,1,2,-1,-1,-1, -1,-1,2021,33.0,1,1,0,2,1,1,5,,4,,0,,2,3,3,1,(1),(1),1,, -1,1,0,1,50,5,6,2021,14:15,1,69,69383,2,1,0,1,LAFAYETTE (CR),45.7636148237,4.8571720719,14,2,2
202100054548,104Â 270,A01,10,3,2,5,0,-1,-1,2,3,2,2021,48.0,1,1,0,1,1,1,1,,4,293,0,,1,1,0,2,0,0,2,, -1,2,5,1,50,8,1,2021,12:00,1,988,98818,2,2,0,6,RUE DU DOCTEUR GUEGAN/RUE EUGENE PORCHERON,-22.27557,166.44476,12,2,1
202100048299,115Â 421,A01,10,3,2,2,0,-1,-1,4,3,1,2021,20.0,1,2,0,1,0,0,1,,4,CHARLES INFROIT (R),0,,2,2,0,1,1,0,1,, -1,1,0,1,50,12,3,2021,09:15,1,94,94081,2,1,0,6,CHARLES INFROIT (R),48.79552,2.39163,9,2,1
202100025221,156Â 581,A01,7,2,1,9,1,-1,-1,0,0,-1,2021,19.0,3,2,2,0,1,0,0,,4,10,0,,2,2,0,1,(1),(1),1,, -1,1,0,3,-1,7,8,2021,22:20,3,87,87035,1,1,0,6,Route des Landes,45.82853,1.546111,22,4,1
202100048265,115Â 477,B01,1,1,1,9,2,6,-1,-1, -1,-1,2021,18.0,0,1,0,2,8,1,1,,4,BOURGOINS (RUE DES),0,,2,2,0,1,(1),(1),1,, -1,1,0,1,50,12,3,2021,16:06,1,45,45004,2,3,0,3,Rue des Bourgoins,47.99813,2.77038,16,3,2
202100053091,106Â 830,A01,4,2,2,3,3,0,-1,-1, -1,-1,2021,9.0,1,2,8,0,1,18,1,,3,126,0,,1,2,0,1,0,0,2,, -1,1,5,8,50,30,1,2021,14:40,1,94,94034,2,9,0,6,STALINGRAD (AV DE),48.7577,2.32945,14,3,1
202100011975,180Â 313,A01,10,3,1,0,0,-1,-1,2,3,1,2021,93.0,3,2,0,1,3,1,0,,3,ROUTE ROYALE,0,,2,2,0,2,1,0,1,, -1,1,0,1,50,20,10,2021,09:10,1,202,202033,2,1,0,1,ROUTE ROYALE,42.67946,9.42919,9,2,1
202100039779,130Â 485,A01,1,1,2,3,8,-1,-1,0,0,-1,2021,26.0,2,2,13,0,3,1,1,,3,137,-1,D,2,2,0,2,8,100,3,, -1,2,0,3,80,17,5,2021,17:45,1,60,60439,1,1,1,6,d 137,49.318185,2.301421,17,1,1
202100023859,158Â 980,B01,1,1,1,1,1,0,-1,-1, -1,-1,2021,74.0,3,2,0,2,1,1,1,,7,VILLETTE ( CHEMIN DE LA ),0,,2,2,0,1,4,700,1,, -1,1,0,1,50,15,8,2021,06:15,2,83,83069,2,1,0,1,VILLETTE ( CHEMIN DE LA ),43.1083966694,6.1236032555,6,2,2
202100034455,140Â 142,B01,1,1,1,5,2,8,-1,-1, -1,-1,2021,19.0,1,1,0,2,1,1,1,,3,60,0,,2,2,0,1,1,0,1,, -1,1,0,1,50,14,6,2021,11:55,1,92,92071,2,1,0,2,HOUDAN (RUE),48.7790574772,2.2805857658,11,2,2
202100026759,153Â 890,B01,1,1,1,4,0,-1,-1,0,0,-1,2021,54.0,2,4,0,2,1,26,1,,1,A57,0,,1,1,0,1,2,599,1,, -1,1,3,1,50,28,7,2021,06:30,2,83,83144,1,1,0,6,A57,43.13349,5.98476,6,2,2
202100028932,150Â 017,B01,1,1,1,0,2,6,-1,0,0,-1,2021,49.0,2,1,0,2,1,1,1,,3,08,-1,,2,2,0,2,10,150,1,, -1,1,0,1,70,15,7,2021,11:25,1,83,83107,1,9,0,3,Route du Col du Bougnon,43.361097,6.673357,11,2,2
202100034337,140Â 356,A01,1,1,2,9,1,-1,-1,0,0,-1,2021,61.0,1,2,0,2,7,19,1,,3,929,0,D,2,1,0,4,29,900,1,, -1,1,0,1,50,16,6,2021,10:23,1,80,80615,2,2,0,3,D929,50.019104,2.68815,10,3,2
202100048823,114Â 495,A01,1,1,1,9,1,-1,-1,0,0,-1,2021,61.0,1,2,0,2,3,13,1,,3,751,-1,,3,4,0,1,11,800,1,, -1,1,0,1,30,8,3,2021,16:50,1,37,37003,2,1,0,2,Quai du GÃ©nÃ©ral de Gaulle,47.4119085261,0.979303236,16,3,2
202100008066,187Â 314,A01,10,3,2,2,0,-1,-1,3,3,1,2021,12.0,1,2,0,1,1,1,1,,3,PAVE NEUF (AVENUE),0,,1,2,0,1,0,0,1,, -1,1,0,1,50,15,11,2021,13:35,1,93,93051,2,1,0,1,PAVE NEUF (AVENUE),48.84012,2.55968,13,2,1
202100035595,138Â 094,B01,2,2,2,5,1,-1,-1,0,0,-1,2021,82.0,2,2,0,2,2,15,1,,7,613,-1,,2,2,0,1,35,(1),1,, -1,1,5,1,80,9,6,2021,19:24,1,34,34295,1,3,0,3,Pont de Barre - D613,43.564751,3.803673,19,3,2
202100052069,108Â 646,A01,1,1,1,1,1,-1,-1,0,0,-1,2021,44.0,2,2,6,0,1,1,2,,3,19,0,,2,2,0,2,16,500,1,, -1,1,0,3,80,9,2,2021,07:40,1,1,1216,1,1,0,6,RIX,45.737114,5.516403,7,1,1
202100023157,160Â 227,B01,2,2,2,5,1,-1,-1,0,0,-1,2021,30.0,2,2,0,0,4,2,1,,1,10,-1,,3,3,0,1,150,722,1,,10,1,0,1,130,22,8,2021,13:45,1,41,41018,1,1,0,2,"A10, PK 151.000, vers PARIS",47.617331,1.322651,13,5,2
202100046801,118Â 117,A01,10,3,1,0,0,-1,-1,3,5,2,2021,5.0,1,2,0,1,1,2,1,,3,JEAN-JAURES (BD),0,,3,2,0,1,0,1,1,, -1,1,0,1,50,24,3,2021,18:28,1,93,93070,2,1,0,6,JEAN-JAURES (BD),48.913101135,2.3351097107,18,2,1
202100007881,187Â 654,A01,1,1,1,5,2,6,-1,0,0,-1,2021,52.0,2,1,8,0,1,14,1,,3,82,-1,,2,2,0,1,26,200,2,, -1,2,0,3,80,16,11,2021,12:45,1,35,35128,1,1,0,7,D82,48.266409,-1.718422,12,1,1
202100029066,149Â 790,A01,1,1,1,0,2,6,-1,-1, -1,-1,2021,42.0,2,1,0,2,8,1,1,,1,AUTOROUTE A1,0,,3,4,0,1,1,0,1,, -1,2,1,1,90,13,7,2021,21:45,5,93,93066,1,1,1,3,AUTOROUTE A1,48.9103,2.35794,21,2,2
202100055438,102Â 761,B01,1,1,2,5,8,0,-1,-1, -1,-1,2021,27.0,1,1,0,2,0,15,0,,4,PIERRE DELORE                       (R ),0,,2,4,1,1,(1),(1),1,, -1,1,8,1,30,10,1,2021,02:00,5,69,69388,2,3,0,2,PIERRE DELORE (R),45.73401,4.85789,2,2,2
202100030437,147Â 367,A01,1,1,2,0,1,0,-1,-1, -1,-1,2021,40.0,2,2,0,2,4,2,1,,3,JEAN LOLIVE (AVENUE)(137/FIN ET 134/FIN),0,,-1,3,0,1,0,1,1,, -1,1,0,1,50,6,7,2021,18:40,1,93,93055,2,1,0,2,JEAN LOLIVE (AVENUE)(137/FIN ET 134/FIN),48.893017,2.412419,18,2,2
202100049114,113Â 963,B01,1,1,1,9,2,0,-1,-1, -1,-1,2021,16.0,3,1,1,2,1,18,1,,6,LIBERATION   RUE DE LA,0,,-1,-1,0,1,(1),(1),1,, -1,1,0,1,30,5,3,2021,12:50,1,17,17291,2,9,0,3,LIBERATION   RUE DE LA,46.17654,-1.11423,12,2,2
202100025956,155Â 286,B01,2,2,1,5,1,0,-1,-1, -1,-1,2021,0.0,2,2,0,2,4,1,1,,1,A86 EXT,0,,1,2,0,1,43,700,1,, -1,1,0,1,50,2,8,2021,18:30,1,94,94022,1,1,0,4,A86 EXT,48.7733811508,2.4011395508,18,4,3
202100015619,173Â 756,A01,1,1,1,5,1,0,-1,-1, -1,-1,2021,20.0,1,2,0,2,1,1,1,,7,CENTRAL (BOULEVARD),0,,3,4,0,1,0,0,1,, -1,1,0,1,50,30,9,2021,17:40,1,13,13214,2,1,0,4,CENTRAL (BOULEVARD),43.34649,5.38173,17,3,3
202100018020,169Â 415,A01,10,3,2,9,0,-1,-1,4,3,1,2021,26.0,3,2,0,1,1,1,1,,4,AVENUE DE MALAKOFF,0,,2,3,0,1,(1),(1),1,, -1,2,0,1,30,19,9,2021,19:50,3,75,75116,2,2,1,6,AVENUE DE MALAKOFF,48.87317,2.284439,19,2,1
202100030721,146Â 846,B01,1,1,1,1,2,8,-1,-1, -1,-1,2021,25.0,3,1,0,2,8,15,1,,4,ROSTAND (RUE EDMOND),0,,-1,2,0,1,0,0,1,, -1,1,0,1,30,29,6,2021,14:40,1,974,97411,2,2,0,3,ROSTAND (RUE EDMOND),-20.88674,55.46781,14,2,2
202100044024,122Â 986,B01,1,1,1,0,1,0,-1,-1, -1,-1,2021,30.0,1,2,0,2,4,0,1,,4,PORTET BOULEVARD,0,,-1,2,0,1,1,0,1,, -1,1,0,1,50,14,4,2021,10:04,1,49,49007,2,1,0,5,PORTET BOULEVARD,47.45197,-0.56337,10,3,3
202100025139,156Â 720,B01,1,1,1,1,2,6,-1,0,0,-1,2021,20.0,2,1,0,2,1,0,1,,3,RD6007,0,,2,2,0,1,16,921,1,, -1,1,0,1,70,6,8,2021,05:28,2,6,6155,1,9,0,1,RD6007,43.557904,7.062935,5,2,2
202100044788,121Â 654,A01,10,3,1,0,8,8,-1,2,3,1,2021,50.0,1,2,0,1,1,9,1,,3,MACE (ROUTE GABRIEL),0,,2,1,0,2,1,973,1,, -1,1,9,1,50,7,4,2021,16:35,1,974,97411,2,6,0,6,MACE (ROUTE GABRIEL),-20.91944,55.49411,16,2,1
202100023969,158Â 792,A01,10,3,1,9,0,-1,-1,1,4,1,2021,79.0,2,2,0,1,7,1,1,,3,,-1,,2,2,0,1,14,970,3,,3,1,0,1,30,15,8,2021,16:30,1,5,5058,2,1,0,6,pallon,44.737722993,6.566520707,16,2,1
202100014451,175Â 868,B01,1,1,1,0,2,0,-1,-1, -1,-1,2021,19.0,0,1,0,2,1,16,3,,3,992,0,,1,1,0,1,0,0,3,, -1,1,0,1,50,6,10,2021,17:40,1,92,92025,2,1,0,3,CHARLES DE GAULLE (BD),48.91421,2.229568,17,2,2
202100045918,119Â 680,B01,2,2,2,2,1,0,-1,-1, -1,-1,2021,25.0,3,2,0,2,2,1,1,,4,HOMERE (RUE),0,,-1,2,0,1,0,0,1,, -1,1,0,1,50,29,3,2021,17:09,1,87,87085,2,2,0,3,MONTARAUDS (RUE DES),45.87231,1.2914,17,3,2
202100000065,201Â 633,A01,10,3,2,5,0,-1,-1,9,9,1,2021,0.0,0,1,0,1,1,26,3,,9,LILATTES,0,,-1,1,3,1,0,0,1,, -1,1,6,6,5,27,10,2021,17:00,1,38,38053,2,1,0,2,LILATTES,45.59,5.272,17,2,1
202100044780,121Â 670,B01,1,1,1,1,1,0,-1,-1, -1,-1,2021,24.0,1,5,0,2,3,2,1,,1,A13,0,,3,6,0,1,11,300,1,, -1,1,0,1,110,7,4,2021,21:20,5,78,78524,1,1,0,3,A13,48.839946,2.116492,21,2,2
202100012901,178Â 668,A01,10,3,2,0,0,-1,-1,2,3,1,2021,28.0,1,2,0,1,1,15,1,,3,986,0,,-1,5,0,1,1,0,1,, -1,1,0,1,50,16,10,2021,11:20,1,92,92025,2,2,0,6,JULIEN GALLE (RUE),48.9233187071,2.25836467,11,2,1
202100017900,169Â 624,A01,1,1,1,4,2,0,-1,-1, -1,-1,2021,39.0,1,1,0,2,8,1,1,,4,102,0,,2,2,0,1,0,0,1,, -1,2,0,1,50,20,9,2021,04:00,5,92,92012,2,2,1,3,CHATEAU (RUE DU) 1/125 - 2/136,48.84452,2.25145,4,2,2
202100040460,129Â 285,B01,1,1,1,1,2,6,-1,-1, -1,-1,2021,21.0,1,1,0,2,1,1,1,,7,CUZIN (AVE FRANCOIS),0,,2,2,0,1,0,210,1,, -1,1,0,1,50,4,5,2021,22:45,5,83,83137,2,3,0,3,CUZIN (AVE FRANCOIS),43.12226,5.94399,22,2,2
202100032536,143Â 613,Y01,1,1,1,4,0,-1,-1,0,0,-1,2021,28.0,2,1,0,2,8,19,3,,3,,-1,,3,-1,-1,1,(1),(1),1,, -1,1,0,1,-1,24,6,2021,17:55,1,92,92050,2,2,0,6,STALINGRAD RUE DE,48.8946198967,2.1929714084,17,2,2
202100042119,126Â 343,A01,1,1,1,0,1,-1,-1,0,0,-1,2021,58.0,1,5,0,2,1,13,1,,3,951,-1,,2,2,0,1,18,129,1,, -1,2,0,1,80,30,4,2021,16:15,1,41,41129,1,1,1,5,D951,47.65248,1.46911,16,4,3
202100017358,170Â 614,A01,1,1,1,5,1,0,-1,-1, -1,-1,2021,27.0,1,2,3,0,1,13,1,,1,AUTOROUTE A6,0,,1,3,0,1,34,900,1,, -1,1,0,1,110,25,9,2021,10:25,1,91,91179,1,9,0,6,RN 337,48.5573715648,2.4920940399,10,2,2
202100001524,199Â 074,B01,2,2,2,5,1,-1,-1,-1, -1,-1,2021,67.0,2,2,6,2,3,1,1,,3,13,-1,,2,2,0,1,47,438,1,, -1,2,0,1,50,26,12,2021,14:55,1,61,61494,2,4,1,3,route de falaise,48.844748,0.028936,14,4,2
202100016523,172Â 094,B01,2,2,2,1,1,0,-1,-1, -1,-1,2021,25.0,3,2,0,0,0,0,1,,3,MAGENTA (BOULEVARD),0,,2,2,0,1,1,165,1,, -1,1,0,1,50,24,9,2021,16:10,1,77,77186,2,3,0,6,D417,48.40159,2.69665,16,4,2
202100007383,188Â 562,B01,1,1,1,5,2,6,-1,0,0,-1,2021,17.0,1,1,0,2,1,1,1,,3,275,0,,2,2,0,2,4,950,1,, -1,1,0,1,80,19,11,2021,17:30,3,51,51569,1,2,0,3,D275,49.257361,3.959049,17,3,2
202100033407,142Â 053,A01,1,1,1,9,8,0,-1,-1, -1,-1,2021,28.0,1,1,3,0,1,13,1,,1,A621 (SEPT DENIERS-ANCELY),0,,3,4,0,2,1,0,3,, -1,1,0,1,90,19,6,2021,23:10,3,31,31555,2,1,0,6,A621 (SEPT DENIERS-ANCELY),43.624493,1.407698,23,2,1
202100036070,137Â 209,A01,1,1,1,5,2,0,-1,-1, -1,-1,2021,50.0,3,1,0,0,0,1,5,,4,BALENT (CHEMIN DU),0,,2,1,0,2,0,0,4,, -1,1,0,1,80,6,6,2021,10:20,1,32,32013,1,1,0,7,BALENT (CHEMIN DU),43.64777,0.62626,10,1,1
202100016144,172Â 784,B01,1,1,2,3,1,0,-1,-1, -1,-1,2021,71.0,3,2,1,2,3,15,1,,4,MASSENET (RUE JULES),0,,2,2,0,1,(1),(1),1,, -1,1,0,1,50,27,9,2021,17:50,1,59,59122,2,3,0,3,Rue Jules Massenet,50.1656,3.25923,17,2,2
202100022620,161Â 181,B01,1,1,1,0,1,0,-1,0,0,-1,2021,52.0,1,2,0,2,4,2,0,,4,MALZEVILLE (Rue de),0,,2,2,0,1,(1),(1),1,, -1,1,0,1,50,25,8,2021,18:30,1,54,54395,2,1,0,2,MALZEVILLE (Rue de),48.7047221159,6.1833720468,18,2,2
202100019661,166Â 502,A01,10,3,1,5,0,-1,-1,3,3,1,2021,21.0,2,2,0,1,1,1,1,,4,PORT-A-BATEAUX (DU),0,,2,3,0,1,(1),(1),1,, -1,1,2,1,30,10,9,2021,19:35,2,60,60159,2,1,0,6,Rue du Port Ã  Bateaux,49.4168646533,2.8179720483,19,2,1
202100001572,199Â 001,B01,1,1,1,0,2,6,-1,-1, -1,-1,2021,29.0,2,1,0,2,2,1,1,,4,DOCTEUR GEORGES LEVY (DU)           (AV),0,,2,2,2,1,(1),(1),1,, -1,1,0,1,50,23,12,2021,16:20,1,69,69259,2,1,0,3,DOCTEUR GEORGES LEVY (DU) (AV),45.71934,4.85552,16,2,2
202100044954,121Â 379,B01,1,1,1,5,2,-1,-1,0,0,-1,2021,80.0,3,1,0,2,1,1,5,,4,BOROSSI PAUL RUE,0,,-1,1,0,1,(1),(1),3,, -1,1,0,1,50,6,4,2021,09:30,1,29,29232,2,6,0,3,Rue Paul Borrossi,47.9872744275,-4.1273725033,9,2,2
202100026143,154Â 965,B01,5,2,1,0,8,0,-1,-1, -1,-1,2021,19.0,2,2,0,2,8,1,1,,4,PIERRE PUGET (COURS),0,,1,2,0,2,0,0,1,, -1,1,0,1,50,31,7,2021,06:15,2,13,13206,2,2,0,3,PIERRE PUGET (COURS),43.29024,5.37594,6,5,2
202100049135,113Â 926,A01,1,1,1,1,8,0,-1,0,0,-1,2021,25.0,2,1,1,0,1,14,5,,4,BOULEVARD JULES FERRY,0,,1,1,0,1,(1),(1),1,, -1,2,0,1,50,5,3,2021,01:20,5,75,75111,2,1,0,6,BOULEVARD JULES FERRY,48.867151,2.368229,1,1,1
202100051456,109Â 721,A01,1,1,1,5,2,6,-1,-1, -1,-1,2021,50.0,2,1,0,0,7,23,1,,4,ANATOLE FRANCE (AV),0,,2,2,2,1,0,1,1,, -1,1,0,1,30,15,2,2021,13:00,1,94,94022,2,1,0,7,ANATOLE FRANCE (AV),48.76327,2.41066,13,1,1
202100009221,185Â 231,B01,1,1,1,4,1,0,-1,-1, -1,-1,2021,25.0,1,4,0,2,1,1,1,,2,R.N 77,0,,2,2,0,1,5,30,4,, -1,2,0,1,70,30,10,2021,04:52,3,89,89263,1,1,0,1,R.N 77,47.83827,3.59796,4,2,2
202100048806,114Â 529,A01,1,1,1,5,2,6,-1,0,0,-1,2021,59.0,1,1,0,2,1,1,1,,3,2,-1,,2,2,0,1,9,400,1,, -1,1,0,1,70,9,3,2021,14:50,1,59,59110,1,3,0,1,D2,50.956017,2.272968,14,2,2
202100046049,119Â 444,A01,1,1,2,0,1,0,-1,-1, -1,-1,2021,25.0,1,2,0,0,1,1,1,,1,A5502D-Sens Marseille vers A55-Martigues,0,,-1,2,0,1,1,500,1,, -1,1,0,1,90,29,3,2021,13:30,1,13,13071,1,1,0,7,A5502D-Sens Marseille vers A55-Martigues,43.398064,5.297929,13,3,1
202100011647,180Â 906,B01,1,1,2,5,1,0,-1,-1, -1,-1,2021,28.0,1,2,0,2,3,1,1,,2,HENRI BARBUSSE (AV),0,,2,5,0,1,1,0,1,, -1,1,0,1,50,22,10,2021,21:10,5,94,94074,2,1,0,2,Avenue Henri Barbusse,48.76381,2.44195,21,2,2
202100043921,123Â 164,A01,1,1,1,0,8,0,-1,-1, -1,-1,2021,54.0,3,2,0,2,1,1,0,,2,HUIT MAI 1945 (AV DU),0,,1,2,0,1,1,0,1,, -1,1,0,1,50,15,4,2021,05:07,5,94,94078,2,1,0,2,HUIT MAI 1945 (AV DU),48.7272,2.4453,5,2,2
202100034641,139Â 797,A01,2,2,1,5,1,-1,-1,0,0,-1,2021,17.0,1,2,0,0,9,0,1,,3,1,2,,2,2,0,1,44,300,1,,"5,5",1,0,1,80,13,6,2021,19:42,1,68,68231,1,1,0,7,D1b,48.012851,7.530881,19,4,1
202100028529,150Â 722,A01,1,1,1,5,2,6,-1,0,0,-1,2021,33.0,1,1,0,0,1,1,1,,3,28,0,,2,2,0,1,23,920,1,,4,1,0,1,50,18,7,2021,12:00,1,71,71310,2,2,0,7,Rue du Bois Bretoux,46.737522,4.477589,12,1,1
202100047068,117Â 636,B01,2,2,1,9,8,0,-1,-1, -1,-1,2021,34.0,2,1,0,2,2,17,1,,3,909,0,,2,2,0,1,0,0,1,, -1,1,0,1,50,22,3,2021,15:15,1,92,92004,2,1,0,3,ARGENTEUIL AV D',48.91048,2.28583,15,3,2
202100004718,193Â 342,A01,1,1,1,0,1,0,-1,-1, -1,-1,2021,76.0,1,2,8,0,2,0,1,,3,CLAYE  (RUE DE  ),0,,-1,2,0,2,8,187,1,, -1,2,0,4,50,3,12,2021,13:40,1,77,77464,2,1,1,6,D418,48.887444,2.703544,13,1,1
202100018274,168Â 957,B01,1,1,1,5,2,6,9,0,0,-1,2021,54.0,2,1,0,2,1,1,1,,3,11,-1,,2,2,0,1,10,480,3,,4,1,0,1,50,18,9,2021,15:45,1,74,74127,2,4,0,1,Rte de Theozia,46.358637,6.547445,15,2,2
202100029049,149Â 814,A01,1,1,1,5,2,6,-1,0,0,-1,2021,55.0,2,1,10,0,1,2,1,,3,,0,,3,2,0,1,3,270,3,,4,1,9,8,50,14,7,2021,22:30,5,83,83112,2,1,0,7,boulevard du MarÃ©chal Juin,43.1814606058,5.7034170628,22,1,1
202100006685,189Â 833,B01,2,2,1,0,1,0,-1,-1, -1,-1,2021,65.0,2,2,0,2,5,2,1,,2,OUEST BOULEVARD,0,,3,6,0,1,8,1190,1,, -1,1,0,6,90,23,11,2021,18:10,3,25,25056,1,1,0,2,OUEST BOULEVARD,47.26741,6.00333,18,3,2
202100056470,100Â 962,B01,1,1,1,5,1,-1,-1,0,0,-1,2021,27.0,1,2,0,0,1,1,1,,2,5,0, -,2,2,0,1,10,0,3,, -1,1,0,1,80,3,1,2021,00:10,3,971,97116,1,1,0,1,Route Pierre Monnerville,16.315853,-61.48122,0,2,2
202100026520,154Â 296,A01,1,1,1,5,1,-1,-1,0,0,-1,2021,57.0,1,2,0,2,0,2,1,,3,901,0,D,2,2,0,1,10,0,1,, -1,1,0,1,80,29,7,2021,20:56,1,60,60403,1,1,0,4,D901,49.502973,2.020197,20,4,3
202100042146,126Â 290,A01,1,1,1,1,2,0,-1,-1, -1,-1,2021,23.0,1,1,0,2,1,1,1,,1,AUTOROUTE A3,0,,3,8,0,1,1,200,1,, -1,1,1,1,90,29,4,2021,15:45,1,93,93006,1,1,0,2,AUTOROUTE A3,48.86778,2.42781,15,2,2
202100052568,107Â 758,A01,10,3,2,1,0,-1,-1,4,3,1,2021,56.0,1,2,0,1,2,1,1,,4,AVENUE D IENA,0,,2,4,0,1,(1),(1),1,, -1,2,0,1,50,3,2,2021,08:15,1,75,75116,2,2,1,6,AVENUE D IENA,48.869532,2.295729,8,2,1