Num_Acc,id_vehicule,num_veh,place,catu,sexe,trajet,secu1,secu2,secu3,locp,actp,etatp,year_acc,victim_age,senc,catv,obs,obsm,choc,manv,motor,occutc,catr,voie,v1,v2,circ,nbv,vosp,prof,pr,pr1,plan,lartpc,larrout,surf,infra,situ,vma,jour,mois,an,hrmn,lum,dep,com,agg_,int,atm,col,adr,lat,long,hour,nb_victim,nb_vehicules
202100051218,110Â 125,B01,1,1,2,3,1,-1,-1,0,0,-1,2021,62.0,1,2,0,2,1,13,1,,3,113,0,E,2,2,0,2,0,870,1,, -1,1,0,1,80,18,2,2021,15:45,1,76,76758,1,1,0,4,D113e,49.61789,0.78882,15,3,3
202100007921,187Â 584,A01,10,3,2,9,0,-1,-1,1,3,1,2021,52.0,1,2,0,1,1,1,1,,3,817,-1,,3,4,0,1,4,817,1,, -1,1,9,1,90,16,11,2021,18:40,3,31,31395,1,1,0,6,D817,43.490946,1.342564,18,2,1
202100003105,196Â 215,B01,1,1,1,9,2,0,-1,0,0,-1,2021,17.0,3,1,0,2,1,1,1,,4,HERMITAGE (RUE DE L'),0,,2,2,0,1,(1),(1),1,, -1,1,0,1,50,11,12,2021,14:10,1,63,63113,2,3,0,3,HERMITAGE (RUE DE L'),45.76425,3.12787,14,2,2
202100009937,183Â 930,B01,1,1,1,0,1,0,-1,-1, -1,-1,2021,52.0,1,5,12,2,3,1,1,,4,GENERAL DE GAULLE (RUE DU),0,,2,2,0,1,0,0,1,, -1,2,0,1,50,1,11,2021,17:10,1,93,93047,2,3,1,3,GENERAL DE GAULLE (RUE DU),48.8993356434,2.5595596433,17,2,2
202100045522,120Â 373,A01,1,1,2,0,1,0,-1,-1, -1,-1,2021,27.0,1,2,0,2,3,16,1,,3,RD188 PROVINCE / A10 PROVINCE,0,,3,2,0,1,10,0,1,, -1,1,0,1,70,2,4,2021,16:05,1,91,91136,1,1,0,3,RD188 PROVINCE / A10 PROVINCE,48.716574,2.267613,16,2,2
202100011269,181Â 594,A01,1,1,1,5,2,6,-1,0,0,-1,2021,16.0,3,1,0,2,3,1,1,,9,,0,,2,2,0,2,(1),(1),3,,3,1,0,1,80,23,10,2021,16:35,1,56,56057,1,1,0,3,Kermaguer,48.073083,-3.516341,16,2,2
202100047671,116Â 543,A01,10,3,1,4,4,-1,-1,1,1,1,2021,33.0,1,4,0,1,0,1,1,,1,6,0,,1,5,0,1,403,300,2,, -1,1,0,1,130,18,3,2021,09:15,1,71,71481,1,1,0,6,A6,46.185803,4.772165,9,4,2
202100051837,109Â 046,B01,1,1,1,1,2,0,-1,-1, -1,-1,2021,25.0,1,1,0,2,4,1,3,,3,986,0,,1,3,0,1,0,0,3,, -1,1,5,1,50,11,2,2021,07:28,1,92,92036,2,1,0,2,PIERRE TIMBAUD (RUE) (PAIRS),48.9333662494,2.3005922854,7,2,2
202100010812,182Â 402,B01,1,1,1,5,8,-1,-1,0,0,-1,2021,14.0,3,1,0,2,7,19,1,,4,,0,,2,2,0,1,(1),(1),1,,4,1,0,1,30,27,10,2021,17:05,1,69,69242,2,3,0,3,PERRIERS (DES) (RTE),46.130267,4.762643,17,2,2
202100019629,166Â 552,B01,1,1,2,1,2,4,-1,-1, -1,-1,2021,55.0,1,1,0,2,8,1,0,,3,AV DU 18 AVRIL,0,,2,2,0,1,0,0,1,, -1,1,5,1,30,10,9,2021,07:45,1,91,91027,2,2,0,3,AV DU 18 AVRIL,48.70135,2.38617,7,2,2
202100006830,189Â 572,A01,1,1,2,5,1,0,-1,-1, -1,-1,2021,24.0,2,2,0,2,5,23,1,,3,BRIAND ( AV. ARISTIDE) 1 A29,0,,3,3,0,1,0,1,1,, -1,1,0,1,50,21,11,2021,00:25,5,93,93057,2,1,0,2,BRIAND ( AV. ARISTIDE) 1 A29,48.9078580366,2.4934124401,0,2,2
202100009156,185Â 346,A01,1,1,1,5,0,-1,-1,0,0,-1,2021,88.0,2,2,0,2,1,13,1,,3,23,0,,2,2,0,1,0,162,1,, -1,1,0,1,80,7,11,2021,06:50,2,31,31028,1,1,0,1,D23,43.222882,0.876342,6,3,2
202100019879,166Â 106,B01,1,1,1,5,2,6,-1,-1, -1,-1,2021,33.0,1,1,0,2,3,1,1,,3,CD 786 MORLAIX A DINARD (ROUTE DE),0,,2,3,0,1,15,0,1,, -1,1,9,1,70,9,9,2021,11:55,1,29,29151,1,1,0,1,D786 - Coat Menguy,48.59657333,-3.8132214546,11,2,2
202100048446,115Â 162,A01,1,1,1,4,2,8,-1,-1, -1,-1,2021,30.0,1,1,0,2,9,1,0,,4,avenue Franklin Roosevelt,0,,2,2,0,1,1,0,1,, -1,2,0,1,50,11,3,2021,19:20,5,94,94073,2,1,0,3,avenue Franklin Roosevelt,48.76683,2.40034,19,3,2
202100001287,199Â 463,B01,1,1,1,0,2,0,-1,-1, -1,-1,2021,21.0,1,1,0,2,7,17,3,,4,BOULEVARD DU MASSACRE,0,,2,2,2,1,(1),0,1,, -1,2,0,1,50,26,12,2021,18:50,5,44,44109,2,1,1,3,BOULEVARD DU MASSACRE,47.22295,-1.6027,18,2,2
202100035458,138Â 328,A01,10,3,2,5,0,-1,-1,5,B,2,2021,40.0,2,1,0,2,1,21,1,,3,GENERAL LECLERC (AVENUE DU),0,,2,2,0,1,7,500,1,, -1,1,0,1,50,9,6,2021,15:40,1,95,95574,2,1,0,5,GENERAL LECLERC (AVENUE DU),49.00305,2.2619,15,7,3
202100014436,175Â 894,B01,1,1,1,0,2,6,-1,-1, -1,-1,2021,24.0,-1,1,0,2,2,17,1,,3,STALINGRAD AV.,0,,2,2,0,1,1,0,1,, -1,1,5,1,50,8,10,2021,09:30,1,93,93006,2,2,0,3,STALINGRAD AV.,48.8711365121,2.4311127652,9,2,2
202100031031,146Â 271,A01,1,1,1,0,2,6,-1,-1, -1,-1,2021,18.0,1,1,0,2,1,1,1,,3,SOULT (AVENUE MARECHAL),0,,3,4,0,1,0,0,1,, -1,1,0,1,50,2,7,2021,18:57,1,64,64102,2,1,0,2,SOULT (AVENUE MARECHAL),43.48715,-1.48557,18,2,2
202100026864,153Â 702,A01,1,1,1,9,1,0,-1,-1, -1,-1,2021,22.0,3,2,0,2,1,26,0,,3,BALLANGER (BD ROBERT),0,,3,4,0,1,0,1,1,, -1,2,5,1,50,27,7,2021,21:50,2,93,93078,2,2,1,2,Boulevard Robert Ballanger / Avenue Jean Fourgeaud,48.96021,2.55306,21,2,2
202100009085,185Â 466,C01,1,1,1,5,0,0,-1,-1, -1,-1,2021,58.0,0,1,0,2,1,26,3,,4,BOSSUET (Rue),0,,2,2,0,1,(1),(1),1,, -1,1,0,1,50,1,11,2021,09:45,1,62,62193,2,3,0,3,BOSSUET (Rue),50.954041,1.872014,9,2,2
202100044872,121Â 510,A01,1,1,2,1,1,-1,-1,0,0,-1,2021,57.0,2,2,16,0,2,1,1,,3,110,0,D,2,2,0,2,1,460,2,, -1,1,0,3,80,8,4,2021,03:20,3,47,47217,1,1,0,7,RD 110,44.206896,0.799577,3,1,1
202100036024,137Â 296,A01,1,1,2,5,1,-1,-1,0,0,-1,2021,86.0,2,2,4,0,9,1,1,,2,116,0,,2,4,0,3,24,110,2,, -1,1,0,1,110,8,6,2021,14:20,1,66,66088,1,1,0,7,N116,42.662936,2.602515,14,1,1
202100021618,162Â 991,B01,2,2,2,9,1,8,-1,-1, -1,-1,2021,16.0,3,2,0,2,7,1,1,,4,CLOCHEVILLE (RUE DE),0,,1,1,0,1,(1),(1),1,, -1,1,0,1,30,31,8,2021,22:00,5,37,37261,2,2,0,3,CLOCHEVILLE (RUE DE),47.3909384148,0.6838463205,22,3,2
202100007569,188Â 213,A01,2,2,2,0,2,8,-1,0, -1,-1,2021,26.0,1,1,0,2,1,2,1,,1,AUTOROUTE A1,0,,2,4,0,1,6,0,1,, -1,1,0,1,90,17,11,2021,14:00,1,972,97213,2,1,0,2,AUTOROUTE A1,14.60421,-61.00224,14,4,2
202100033313,142Â 222,B01,1,1,1,5,8,-1,-1,-1,0,-1,2021,18.0,2,1,12,2,1,1,5,,3,MONTMORENCY (ROUTE DE),0,,2,2,0,1,1,550,1,, -1,1,0,1,50,14,6,2021,21:27,2,95,95574,2,1,0,1,RD 144,49.0071342347,2.2714394331,21,2,2
202100016954,171Â 321,A01,10,3,2,5,0,-1,-1,3,3,1,2021,80.0,0,2,0,2,1,1,0,,4,Rue de Lyon,0,,2,2,0,1,(1),(1),1,, -1,1,0,1,50,25,9,2021,17:45,1,29,29019,2,2,1,6,Rue de Lyon,48.3892138148,-4.4896276601,17,2,1
202100005445,192Â 060,A01,10,3,1,5,0,-1,-1,4,0,1,2021,40.0,1,2,0,1,1,1,1,,3,922,-1,D,2,2,0,1,52,350,1,, -1,1,0,1,50,1,12,2021,20:00,5,95,95250,2,1,0,6,230 Avenue Henri Barbusse,49.094442,2.502067,20,2,1
202100036200,136Â 982,A01,1,1,1,0,2,6,-1,-1, -1,-1,2021,59.0,1,1,0,2,3,12,1,,1,AUTOROUTE A86,0,,1,3,0,1,49,700,1,, -1,1,0,1,90,6,6,2021,13:05,1,94,94065,1,1,0,2,AUTOROUTE A86,48.75483,2.34645,13,2,2
202100012868,178Â 724,B01,1,1,1,1,2,6,-1,0,0,-1,2021,55.0,2,1,0,2,1,1,1,,4,ROUTE DE LA PTE DAUPHINE A LA PTE DES SA,0,,3,2,0,1,(1),(1),1,, -1,1,0,1,50,16,10,2021,17:00,1,75,75116,2,1,0,3,ROUTE DE LA PTE DAUPHINE A LA PTE DES SA,48.874406,2.271366,17,2,2
202100050263,111Â 876,A01,2,2,1,5,1,-1,-1,0,0,-1,2021,18.0,2,2,13,0,9,1,1,,3,75,0,,2,2,0,2,7,163,1,, -1,1,0,1,80,26,2,2021,15:30,1,36,36189,1,1,0,6,Le Coudray,46.550534,1.811559,15,4,1
202100031557,145Â 350,A01,1,1,1,4,1,0,-1,-1, -1,-1,2021,25.0,2,5,1,0,1,1,1,,3,RD 492 DU PONT BD HÃPITAL A ÃCHANGEUR CR,0,,2,2,0,1,0,0,1,, -1,1,0,1,80,23,6,2021,14:00,1,44,44184,1,1,0,4,RD 492 DU PONT BD HÃPITAL A ÃCHANGEUR CR,47.28178,-2.24903,14,3,3
202100026784,153Â 846,A01,1,1,2,0,2,0,-1,-1, -1,-1,2021,22.0,3,1,0,2,1,18,1,,4,pont de l'europe,0,,2,2,0,1,0,9,1,, -1,1,0,1,70,16,7,2021,18:40,1,84,84007,2,1,0,2,pont de l'europe,43.94452,4.79473,18,3,2
202100051419,109Â 781,B01,2,2,2,0,1,8,-1,-1, -1,-1,2021,20.0,0,2,8,2,1,0,1,,4,DALBIEZ (AVENUE VICTOR),0,,2,2,0,1,(1),(1),1,, -1,1,0,1,50,13,2,2021,18:05,1,66,66136,2,9,0,3,DALBIEZ (AVENUE VICTOR),42.6844650165,2.8820688995,18,3,2
202100030666,146Â 940,A01,1,1,1,5,2,6,9,0,0,-1,2021,57.0,2,1,0,0,9,0,1,,3,902,0,D,2,2,0,2,69,80,3,, -1,1,0,3,80,4,7,2021,09:00,1,73,73047,1,1,0,7,D902 Col de l'Iseran (Col de montagne),45.392574,7.045305,9,1,1
202100004136,194Â 350,A01,10,3,2,9,8,8,-1,3,3,1,2021,19.0,3,3,0,1,2,16,1,1.0,3,57,0,,1,1,0,1,0,0,3,, -1,2,0,1,50,8,12,2021,09:50,1,92,92048,2,6,1,6,MORANE SAULNIER (AVENUE),48.7865103885,2.2234654427,9,2,1
202100046608,118Â 458,A01,2,2,1,0,8,0,-1,-1, -1,-1,2021,20.0,2,2,6,0,1,1,1,,4,KOENING (AVENUE MARECHAL),0,,2,2,0,1,(1),(1),2,, -1,1,0,4,50,24,3,2021,21:10,5,34,34198,2,1,0,6,KOENING (AVENUE MARECHAL),43.5583866152,3.9549436096,21,2,1
202100026987,153Â 473,B01,10,3,1,5,0,-1,-1,5,1,3,2021,17.0,1,2,6,1,4,16,1,,3,55,0,D,2,2,0,1,8,450,1,, -1,1,0,1,50,27,7,2021,13:50,1,201,201008,2,1,0,6,D55 / FACE RESIDENCE LES FLOTS BLEUS,41.859226,8.791562,13,3,2
202100031899,144Â 735,A01,2,2,1,4,2,0,-1,0,0,-1,2021,24.0,1,1,0,2,1,1,1,,4,BOULEVARD DE CHARONNE,0,,1,1,0,1,(1),(1),1,, -1,2,0,1,50,28,6,2021,02:15,5,75,75120,2,2,0,3,BOULEVARD DE CHARONNE,48.848849,2.399328,2,3,2
202100038933,132Â 037,A01,1,1,2,0,1,-1,-1,0,0,-1,2021,33.0,1,2,0,2,1,1,1,,3,AGUSTE-DECAENS (RUE),0,,1,2,0,1,0,0,1,, -1,1,0,1,50,20,5,2021,16:25,1,14,14220,2,9,0,3,D677,49.35264,0.09033,16,2,2
202100019493,166Â 790,B01,1,1,1,0,1,-1,-1,-1, -1,-1,2021,19.0,1,2,0,2,2,15,1,,4,BD JOLIOT-CURIE,0,,3,6,0,1,(1),(1),1,, -1,1,5,1,50,11,9,2021,00:40,5,33,33063,2,3,0,5,Boulevard Joliot-Curie,44.84219,-0.54253,0,3,3
202100049052,114Â 076,A01,10,3,1,9,0,-1,-1,2,3,1,2021,64.0,3,2,0,1,2,1,1,,4,JEAN-JACQUES ROUSSEAU (RUE),0,,1,1,0,1,0,0,1,, -1,1,0,1,50,5,3,2021,05:58,2,972,97209,2,1,0,6,JEAN-JACQUES ROUSSEAU (RUE),14.61242,-61.07054,5,2,1
202100023405,159Â 779,A01,1,1,1,5,1,7,-1,-1, -1,-1,2021,26.0,2,2,0,2,3,15,1,,4,VIEUX CHEMIN CALIFORNIE (RUE DU),0,,-1,2,0,1,0,0,1,, -1,1,0,1,60,19,8,2021,13:29,1,972,97213,1,1,0,3,VIEUX CHEMIN CALIFORNIE (RUE DU),14.62075,-61.01801,13,2,2
202100020604,164Â 796,B01,1,1,1,1,2,-1,-1,0,0,-1,2021,31.0,2,1,0,2,1,21,1,,3,907,-1,,2,2,0,1,22,25,1,, -1,1,0,1,-1,6,9,2021,16:45,1,58,58086,1,1,0,2,Route de Nevers,47.373971,2.922374,16,2,2
202100007749,187Â 902,A01,4,2,1,9,1,8,-1,-1, -1,-1,2021,11.0,3,2,0,2,2,26,1,,4,TAMATAVE (BOULEVARD),0,,2,2,0,1,0,0,1,, -1,1,0,1,50,14,11,2021,20:25,3,974,97407,2,3,0,3,TAMATAVE (BOULEVARD),-20.93,55.301,20,5,2
202100022765,160Â 906,A01,1,1,1,1,1,-1,-1,-1, -1,-1,2021,25.0,2,2,4,0,9,26,1,,1,A7   13.970 A 15.270,0,,3,6,0,1,15,250,1,, -1,1,0,1,110,24,8,2021,12:15,1,69,69294,1,1,0,6,A7,45.6271922002,4.8164034375,12,1,1
202100000545,200Â 730,B01,1,1,1,4,1,-1,-1,0,0,-1,2021,27.0,2,5,0,0,2,0,1,,3,909,-1,D,2,2,0,2,41,400,1,, -1,9,9,1,90,16,12,2021,16:45,2,74,74083,1,1,1,5,D909,45.890785,6.654174,16,3,3
202100009107,185Â 429,A01,1,1,1,0,1,-1,-1,0,0,-1,2021,28.0,1,2,0,2,1,13,1,,3,BAYEUX (ROUTE DE ),0,,2,2,0,1,1,0,1,, -1,1,0,1,50,6,11,2021,14:40,1,14,14137,2,1,0,1,BAYEUX (ROUTE DE ),49.18895,-0.41866,14,3,2
202100039622,130Â 767,B01,1,1,1,5,2,8,-1,-1, -1,-1,2021,20.0,1,1,0,2,1,19,1,,3,109,0,,2,2,0,1,0,0,1,, -1,1,0,1,50,15,5,2021,21:15,2,92,92036,2,1,0,3,GABRIEL PERI (AVENUE) (60/134),48.9230043719,2.2947692871,21,2,2
202100031381,145Â 657,B01,1,1,1,5,2,6,-1,0,0,-1,2021,29.0,2,1,13,2,8,17,1,,3,459,-1,,2,2,0,2,37,800,1,, -1,1,0,1,80,2,7,2021,15:40,1,88,88526,1,1,0,3,Col de Sainte Marie,48.245325,7.130781,15,2,2
202100023066,160Â 390,B01,2,2,2,5,2,6,-1,-1, -1,-1,2021,50.0,2,1,0,2,1,1,1,,4,,0,,2,2,0,1,(1),(1),1,, -1,1,5,1,70,18,7,2021,20:45,1,36,36202,1,2,0,3,Avenue de Tours,46.8248483795,1.6464471817,20,3,2
202100037493,134Â 653,A01,1,1,1,2,0,-1,-1,0,0,-1,2021,12.0,3,1,0,2,8,19,5,,3,34,0,D,2,2,0,2,68,850,1,, -1,1,0,1,50,31,5,2021,15:47,1,58,58151,2,1,0,3,50 Avenue de la Republique,46.89066,3.466916,15,2,2
202100011642,180Â 914,A01,10,3,2,1,0,-1,-1,4,3,1,2021,46.0,1,5,0,1,3,15,1,,4,RUE DE PATAY,0,,2,2,3,2,(1),(1),1,, -1,1,0,1,30,22,10,2021,14:10,1,75,75113,2,2,0,6,RUE DE PATAY,48.825578,2.374615,14,2,1
202100020448,165Â 082,A01,1,1,2,5,2,8,-1,-1, -1,-1,2021,22.0,1,1,6,0,9,1,1,,4,MANIEZ (R ALEXANDRE),0,,2,2,0,1,(1),(1),1,, -1,1,0,1,50,25,5,2021,17:45,1,62,62528,2,1,0,7,MANIEZ (R ALEXANDRE),50.456498,2.789685,17,1,1
202100017038,171Â 166,A01,10,3,2,5,0,-1,-1,2,3,1,2021,70.0,1,1,0,1,1,1,5,,4,RUE DE VAUGIRARD,0,,2,4,1,1,(1),(1),1,, -1,1,0,5,30,23,9,2021,10:35,1,75,75115,2,3,0,6,RUE DE VAUGIRARD,48.840893,2.305873,10,2,1
202100003645,195Â 237,A01,10,3,2,1,8,8,-1,3,3,1,2021,42.0,1,1,0,1,0,0,1,,4,ONZE NOVEMBRE 1918 AVENUE,0,,2,2,0,1,1,0,1,, -1,1,0,1,50,9,12,2021,12:54,1,49,49007,2,1,0,6,ONZE NOVEMBRE 1918 AVENUE,47.47097,-0.54578,12,2,1
202100019014,167Â 650,B01,1,1,2,9,1,0,-1,-1, -1,-1,2021,47.0,2,2,0,2,4,2,1,,3,RU DE GIRONDE (AV DU),0,,1,1,0,2,1,0,1,, -1,2,0,1,50,14,9,2021,13:00,1,94,94074,2,2,1,2,Avenue du RÃ» de Gironde,48.74727,2.46205,13,2,2
202100001452,199Â 188,B01,1,1,2,0,1,0,-1,-1, -1,-1,2021,76.0,3,2,0,2,5,1,1,,4,CLOUERE (RUE DE LA),0,,2,2,0,1,(1),(1),1,, -1,1,0,1,50,23,12,2021,15:00,1,86,86194,2,1,0,3,Rue de la Clouere,46.591282,0.3584,15,2,2
202100019297,167Â 141,A01,1,1,1,4,1,-1,-1,-1, -1,-1,2021,63.0,2,4,13,0,9,26,1,,1,AUTOROUTE A 63,0,,1,2,0,2,0,256,3,, -1,1,3,1,50,13,9,2021,14:40,1,33,33318,1,1,0,6,Autoroute A63,44.7885,-0.62204,14,1,1
202100015147,174Â 635,A01,1,1,1,0,2,6,-1,0,0,-1,2021,21.0,2,1,0,2,1,23,1,,4,,-1,,2,2,0,1,(1),(1),3,,4,1,0,1,50,30,9,2021,13:55,1,37,37119,2,1,0,1,La boucherie,47.1256878336,0.4286337644,13,2,2
202100002571,197Â 188,A01,10,3,2,1,0,-1,-1,3,3,1,2021,21.0,1,2,0,1,1,26,1,,4,DE GAULLE (AVENUE),0,,2,2,0,1,(1),(1),1,, -1,2,0,1,50,16,12,2021,17:30,1,973,97302,2,2,1,6,DE GAULLE (AVENUE),4.9398545925,-52.3273455799,17,2,1
202100041033,128Â 271,B01,2,2,2,0,1,0,-1,-1, -1,-1,2021,19.0,2,2,0,2,8,11,1,,1,A55-Sens Martigues vers Marseille,0,,1,3,0,1,37,500,1,, -1,1,2,1,70,6,5,2021,14:30,1,13,13056,1,1,0,3,A55-Sens Martigues vers Marseille,43.40592,5.0391,14,3,2
202100020818,164Â 432,A01,1,1,1,0,1,0,-1,-1, -1,-1,2021,25.0,2,2,4,2,1,14,1,,1,AUTOROUTE A3,0,,3,4,0,1,5,300,3,, -1,1,0,1,90,5,9,2021,08:15,1,93,93053,1,1,0,2,AUTOROUTE A3,48.88443,2.47035,8,3,2
202100011791,180Â 638,Z01,10,3,1,1,0,-1,-1,3,3,1,2021,52.0,2,5,0,1,1,1,1,,4,SINNE (RUE DE LA),0,,2,2,0,1,(1),(1),1,, -1,1,0,1,50,21,10,2021,16:37,1,68,68224,2,1,0,6,SINNE (RUE DE LA),47.744,7.335,16,2,1
202100050883,110Â 724,B01,1,1,1,5,2,0,-1,-1, -1,-1,2021,12.0,1,1,0,2,8,13,5,,3, 724,0,,2,2,0,1,101,740,1,, -1,1,0,1,30,18,2,2021,14:30,1,56,56098,2,1,0,6,CROIZAT ( AVE AMBROISE ),47.77272,-3.34778,14,2,2
202100049074,114Â 041,A01,10,3,2,5,0,-1,-1,3,3,1,2021,46.0,1,2,0,1,3,26,1,,3,HERRIOT (AVENUE EDOUARD),0,,1,4,0,1,76,400,1,, -1,1,0,1,50,5,3,2021,18:15,4,71,71270,2,1,0,6,HERRIOT (AVENUE EDOUARD),46.29999,4.82891,18,2,1
202100009743,184Â 286,A01,10,3,1,0,0,-1,-1,3,3,1,2021,18.0,0,2,0,1,1,1,1,,3,SAINT FUSCIEN (RUE),0,,2,2,0,1,(1),(1),1,, -1,1,0,1,30,29,10,2021,14:00,1,80,80021,2,1,0,6,SAINT FUSCIEN (RUE),49.87428,2.30655,14,2,1
202100032568,143Â 555,A01,10,3,1,2,0,-1,-1,9,3,-1,2021,10.0,3,2,0,1,0,0,1,,3,172,0,,2,2,0,2,(1),(1),1,, -1,1,0,1,50,11,6,2021,12:20,1,58,58134,2,1,0,6,Rue Paul Vaillant Couturier,46.927513,3.262532,12,2,1
202100011342,181Â 455,A01,10,3,1,0,0,-1,-1,3,1,2,2021,72.0,3,2,0,1,1,1,1,,4,CHAMPETIER DE RIBES,0,,-1,-1,0,1,0,0,1,, -1,1,0,1,50,23,10,2021,14:00,1,64,64445,2,1,0,6,CHAMPETIER DE RIBES,43.30407,-0.37766,14,3,1
202100007168,188Â 946,Z01,10,3,2,1,8,8,-1,3,3,1,2021,50.0,3,5,0,1,2,1,1,,4,DEMOCRATIE (BD DE LA),0,,2,2,0,1,0,0,1,, -1,1,0,1,50,18,11,2021,16:00,1,83,83137,2,1,0,6,DEMOCRATIE (BD DE LA),43.12639,5.94001,16,2,1
202100007885,187Â 645,B01,1,1,2,1,0,-1,-1,0,0,-1,2021,33.0,2,1,0,2,7,0,5,,3,106,0,,2,2,1,1,1,200,1,, -1,1,0,1,50,27,10,2021,17:00,1,68,68269,2,1,0,3,Route de GuÃ©mar,48.191854,7.336341,17,2,2
202100037162,135Â 258,A01,10,3,1,3,0,-1,-1,2,3,1,2021,71.0,2,2,0,1,3,1,1,,2,JEAN JAURES ( AVENUE ),0,,2,2,0,1,39,350,1,, -1,1,0,1,50,28,5,2021,11:14,1,5,5061,1,1,0,7,JEAN JAURES ( AVENUE ),44.54774,6.06595,11,2,1
202100003088,196Â 240,A01,2,2,1,5,2,6,-1,-1, -1,-1,2021,15.0,1,1,1,0,1,0,1,,4,,0,,2,2,0,1,(1),(1),2,, -1,9,0,1,50,11,12,2021,22:45,5,71,71153,2,1,0,6,Rue Edith Cavell,46.7979947614,4.422654785,22,2,1
202100030927,146Â 480,A01,1,1,1,5,1,-1,-1,0,0,-1,2021,83.0,2,2,4,0,3,0,1,,1,64,0,A,-1,4,0,1,253,71,1,, -1,1,0,1,130,7,6,2021,12:10,1,31,31107,1,1,0,6,A64,43.315578,1.209957,12,1,1
202100010663,182Â 671,B01,1,1,1,0,1,0,-1,-1, -1,-1,2021,43.0,2,2,0,2,4,2,1,,1,AUTOROUTE A1,0,,3,6,0,1,207,100,1,, -1,1,0,1,90,27,10,2021,14:10,1,59,59343,1,1,0,5,AUTOROUTE A1,50.589656,3.096583,14,3,3
202100001254,199Â 521,A01,2,2,1,5,2,6,-1,-1, -1,-1,2021,25.0,1,1,0,0,1,0,1,,1,13,0,,1,2,0,1,2,400,1,, -1,2,2,1,70,27,12,2021,04:00,5,92,92064,1,1,1,6,A13,48.8475688239,2.224608293,4,2,1
202100048984,114Â 190,A01,1,1,1,5,2,6,-1,0,0,-1,2021,47.0,1,1,0,0,8,1,1,,3,10,-1,,2,2,0,1,23,500,1,, -1,1,0,1,50,6,3,2021,09:25,1,86,86112,2,1,0,7,Avenue Marcel Giraud,46.232322,0.687815,9,1,1
202100031777,144Â 959,B01,1,1,1,9,2,-1,-1,0,0,-1,2021,17.0,3,1,0,2,7,15,1,,3,88,0,,2,2,0,1,(1),(1),1,, -1,1,0,1,80,30,6,2021,09:15,1,22,22131,1,4,0,3,Milin Creis,48.5332555392,-3.4680694342,9,2,2
202100021967,162Â 363,A01,1,1,1,5,2,6,-1,0,0,-1,2021,29.0,1,1,0,2,8,1,1,,3,766,-1,,3,4,0,1,10,(1),1,, -1,1,0,1,90,30,8,2021,08:55,1,22,22239,1,1,0,2,La Croix Guessant,48.339535,-2.106199,8,2,2
202100000045,201Â 676,A01,10,3,1,2,0,-1,-1,3,3,1,2021,12.0,1,1,0,1,1,1,1,,3,JEAN JAURES (AVE) 55 A 129,0,,2,7,3,1,0,0,1,, -1,1,0,1,50,17,6,2021,09:28,1,93,93001,2,1,0,1,JEAN JAURES (AVE) 55 A 129,48.90633,2.394949,9,2,1
202100033034,142Â 695,B01,1,1,1,1,2,8,-1,-1, -1,-1,2021,31.0,2,1,0,2,3,1,5,,7,FAUBOURG DE BETHUNE RUE,0,,2,2,1,1,(1),(1),1,, -1,1,9,1,50,4,6,2021,09:05,1,59,59350,2,2,0,3,FAUBOURG DE BETHUNE RUE,50.61751,3.02664,9,2,2
202100036604,136Â 275,B01,1,1,1,1,2,8,-1,-1, -1,-1,2021,49.0,3,1,0,2,1,1,1,,7,CD 925,0,,2,2,0,1,(1),(1),1,, -1,1,0,1,50,3,6,2021,17:05,1,59,59560,1,1,1,1,CD 925,50.53689,3.02797,17,2,2
202100006666,189Â 869,A01,1,1,1,2,0,-1,-1,-1, -1,-1,2021,14.0,1,1,0,2,8,15,5,,4,RUE BLUMEREL,0,,2,2,0,1,(1),(1),1,, -1,1,0,1,50,22,11,2021,17:00,1,33,33522,2,3,0,3,Rue Blumerel,44.80314,-0.58269,17,2,2
202100023725,159Â 209,B01,1,1,1,5,2,0,-1,-1, -1,-1,2021,15.0,1,1,0,2,8,19,5,,4,PARADIS (RUE),0,,1,2,0,2,0,0,1,, -1,1,5,1,50,17,8,2021,13:10,1,13,13206,2,2,0,3,PARADIS (RUE),43.2831989163,5.3810997142,13,2,2
202100014952,174Â 979,A01,10,3,1,2,0,-1,-1,3,3,1,2021,16.0,3,2,9,1,1,1,1,,4,MARCEL SEMBAT                       (BD),0,,2,2,2,1,(1),(1),1,, -1,1,0,1,30,5,10,2021,10:00,1,69,69259,2,1,0,6,MARCEL SEMBAT (BD),45.7163881151,4.8827080372,10,2,1
202100024720,157Â 460,A01,1,1,1,0,2,8,-1,-1, -1,-1,2021,29.0,1,1,0,2,1,2,1,,3,20,0,,2,4,0,1,0,0,1,, -1,1,0,1,50,10,8,2021,16:35,1,91,91433,1,1,0,2,R.D. 20,48.46332,2.18025,16,2,2
202100037102,135Â 383,B01,1,1,1,5,2,-1,-1,0,0,-1,2021,23.0,2,1,0,2,1,13,1,,3,37,0,D,-1,2,0,2,4,600,3,, -1,1,0,1,80,1,6,2021,12:25,1,6,6150,1,9,0,1,Avenue de Cap d'Ail,43.73426,7.396201,12,3,2
202100000236,201Â 305,B01,1,1,1,0,2,-1,-1,-1, -1,-1,2021,35.0,1,1,1,2,2,17,1,,4,,-1,,2,2,-1,1,(1),(1),1,, -1,1,0,1,50,30,5,2021,11:35,1,73,73065,2,1,0,3,111 Avenue de Turin,45.569173549,5.9315761864,11,2,2