Num_Acc,id_vehicule,num_veh,place,catu,sexe,trajet,secu1,secu2,secu3,locp,actp,etatp,year_acc,victim_age,senc,catv,obs,obsm,choc,manv,motor,occutc,catr,voie,v1,v2,circ,nbv,vosp,prof,pr,pr1,plan,lartpc,larrout,surf,infra,situ,vma,jour,mois,an,hrmn,lum,dep,com,agg_,int,atm,col,adr,lat,long,hour,nb_victim,nb_vehicules
202100035369,138Â 485,A01,1,1,2,3,1,-1,-1,0,0,-1,2021,71.0,1,2,8,0,1,1,1,,3,976,-1,,2,2,0,1,36,406,1,, -1,1,0,3,90,10,6,2021,15:10,1,41,41043,1,1,0,6,Route Nationale - D 976,47.276885,1.458435,15,1,1
202100048911,114Â 331,A01,10,3,1,9,0,-1,-1,6,1,1,2021,61.0,2,2,0,1,2,2,1,,3,961,-1,,2,2,0,2,(1),(1),1,, -1,1,0,1,80,7,3,2021,20:00,3,59,59053,1,1,0,6,150 Route d'Avesnes,50.2784204928,3.8134232908,20,2,1
202100019663,166Â 500,B01,1,1,1,5,8,8,-1,-1, -1,-1,2021,17.0,3,1,0,0,1,1,5,,4,LIBERTE BVD NÂ°2 - 90-51 - 145,0,,1,4,3,1,(1),(1),1,, -1,1,0,6,50,10,9,2021,21:25,5,59,59350,2,1,0,3,LIBERTE BVD NÂ°2 - 90-51 - 145,50.6330266762,3.0594080687,21,2,2
202100032777,143Â 185,B01,1,1,1,5,2,6,-1,0,0,-1,2021,24.0,3,1,0,2,7,1,1,,3,,-1,,2,1,0,3,(1),(1),2,,3,1,0,1,50,24,6,2021,12:43,1,977,97701,1,1,0,3,RT212 Ã  l'oeuf,17.907774,-62.846882,12,2,2
202100004863,193Â 097,A01,1,1,1,9,1,-1,-1,0,0,-1,2021,34.0,2,2,3,2,7,1,1,,2,57,0,,2,2,0,1,68,180,1,, -1,2,0,1,80,4,12,2021,23:53,3,70,70447,1,1,1,1,RN 57,47.439351,6.073723,23,3,2
202100051598,109Â 463,A01,1,1,1,4,8,0,-1,0,0,-1,2021,39.0,3,1,0,2,2,1,5,,4,RUE SAINT MARTIN,0,,1,3,0,1,(1),(1),1,, -1,1,0,1,50,13,2,2021,12:20,1,75,75103,2,3,0,3,RUE SAINT MARTIN,48.868426,2.355281,12,2,2
202100012307,179Â 735,B01,1,1,1,1,0,-1,-1,0,0,-1,2021,35.0,2,1,0,2,4,1,5,,4,,0,,2,1,0,1,(1),(1),2,,"3,5",2,5,1,50,18,10,2021,13:10,1,29,29061,2,6,1,2,Boulevard Gabriel Lippmann,48.42596,-4.457416,13,2,2
202100023468,159Â 675,B01,10,3,1,9,0,-1,-1,2,3,1,2021,34.0,2,1,0,1,0,17,0,,3,992,0,,1,2,0,1,0,0,1,, -1,1,0,1,50,19,8,2021,17:40,1,92,92025,2,1,0,6,CHARLES DE GAULLE (BD),48.9161314158,2.2269045647,17,3,2
202100008124,187Â 205,A01,1,1,1,1,2,6,-1,-1,0,-1,2021,26.0,1,1,0,0,9,26,1,,2,RN 104,0,,3,4,0,1,14,0,1,, -1,1,0,1,110,15,11,2021,08:20,1,95,95365,1,1,1,7,RN 104,49.066049,2.405666,8,1,1
202100021152,163Â 852,A01,10,3,1,5,0,-1,-1,1,3,1,2021,6.0,2,2,0,1,3,1,1,,3,54,-1,,2,2,0,1,8,700,1,, -1,1,0,1,50,4,9,2021,11:20,1,43,43241,2,9,0,6,Agizoux,44.950517,3.889836,11,2,1
202100045242,120Â 855,B01,1,1,1,4,2,6,-1,0,0,-1,2021,25.0,2,1,0,2,8,1,1,,4,RUE DE VAUGIRARD,0,,1,2,0,1,(1),(1),1,, -1,1,0,1,30,3,4,2021,21:20,5,75,75115,2,2,0,5,RUE DE VAUGIRARD,48.838316,2.298447,21,3,3
202100003373,195Â 731,B01,1,1,1,1,2,-1,-1,0,0,-1,2021,51.0,1,1,0,2,1,1,1,,3,610,-1,,2,3,0,1,20,450,1,, -1,1,5,1,80,13,12,2021,07:57,2,11,11190,1,2,1,3,departementale 610,43.243733,2.662189,7,2,2
202100028558,150Â 672,A01,1,1,2,0,8,-1,-1,0,0,-1,2021,54.0,2,2,4,0,1,1,1,,7,353,-1,,3,4,0,1,(1),(1),1,, -1,1,5,3,70,18,7,2021,03:50,3,67,67152,1,6,0,6,D401,48.522471,7.666435,3,1,1
202100012498,179Â 367,A01,10,3,2,0,0,-1,-1,2,3,1,2021,68.0,0,2,0,1,2,2,3,,4,JARDINS  (RUE DES),0,,-1,2,0,1,0,0,1,, -1,1,0,1,30,18,10,2021,15:05,1,93,93047,2,1,0,6,JARDINS  (RUE DES),48.8992760368,2.5749193314,15,2,1
202100050870,110Â 752,B01,1,1,1,0,2,0,-1,-1, -1,-1,2021,30.0,0,1,0,2,8,1,3,,4,PIERRE SEMARD (avenue),0,,2,2,0,1,0,9,1,, -1,1,0,1,50,9,2,2021,20:05,5,84,84007,2,1,0,1,PIERRE SEMARD (avenue),43.93939,4.82134,20,2,2
202100002257,197Â 749,A01,1,1,1,0,2,0,-1,-1, -1,-1,2021,50.0,1,1,0,2,4,1,1,,4,GEMENOS (ROUTE DE CD2),0,,2,2,0,1,0,0,1,, -1,1,0,1,50,17,12,2021,18:15,5,13,13042,2,4,0,3,GEMENOS (ROUTE DE CD2),43.2973882516,5.6229558672,18,2,2
202100049440,113Â 388,A01,1,1,1,5,1,-1,-1,0,0,-1,2021,66.0,2,2,0,0,0,1,1,,3,1001,-1,,2,2,0,1,2,700,1,, -1,1,0,8,80,28,2,2021,18:25,2,80,80315,1,1,0,7,D1001,49.7341839182,2.2547642217,18,1,1
202100003588,195Â 338,B01,1,1,1,0,2,0,-1,-1, -1,-1,2021,55.0,1,1,0,2,0,17,0,,3,DE GAULLE CHARLES (AVENUE),0,,-1,2,0,1,0,110,1,, -1,1,0,1,50,4,12,2021,15:50,1,78,78126,2,1,0,3,DE GAULLE CHARLES (AVENUE),48.84673,2.135494,15,2,2
202100014389,175Â 990,B01,1,1,1,0,2,6,-1,-1, -1,-1,2021,15.0,0,1,0,2,7,9,1,,4,SEURRE (ROUTE DE),0,,-1,0,0,1,0,0,1,, -1,1,0,1,50,8,10,2021,16:28,1,21,21054,2,6,1,3,SEURRE (ROUTE DE),47.01975,4.84722,16,2,2
202100003495,195Â 503,A01,1,1,1,5,1,-1,-1,0,0,-1,2021,45.0,3,2,0,2,3,13,1,,7,,-1,,2,2,0,1,(1),(1),1,, -1,1,0,1,-1,11,12,2021,18:45,3,13,13053,1,1,1,1,D7n,43.729007,5.153317,18,8,3
202100019375,166Â 999,A01,1,1,1,5,2,0,-1,0,0,-1,2021,22.0,3,1,12,0,7,14,5,,4,QUAI D ORSAY,0,,1,3,1,1,(1),(1),1,, -1,1,5,5,30,11,9,2021,13:30,1,75,75107,2,3,0,6,QUAI D ORSAY,48.862637,2.31906,13,1,1
202100043771,123Â 447,B01,1,1,1,4,2,0,-1,-1, -1,-1,2021,29.0,2,1,0,2,8,1,1,,4,ARMORIQUE (BD D'),0,,-1,6,0,1,(1),(1),1,, -1,1,5,1,50,16,4,2021,19:30,1,35,35238,2,2,0,3,ARMORIQUE (BD D'),48.1285,-1.6641,19,3,2
202100035770,137Â 770,B01,1,1,1,5,1,0,-1,-1, -1,-1,2021,20.0,0,2,1,2,7,1,1,,4,JEAN MOULIN (R),0,,3,1,0,2,1,0,1,, -1,1,0,1,50,8,6,2021,18:50,1,94,94071,2,1,0,3,JEAN MOULIN (R),48.774991,2.513172,18,2,2
202100036835,135Â 856,B01,1,1,2,4,2,0,-1,0,0,-1,2021,19.0,2,1,0,2,3,1,5,,4,RUE CARDINET,0,,-1,2,0,1,(1),(1),1,, -1,1,0,1,50,2,6,2021,19:00,1,75,75117,2,3,0,3,RUE CARDINET,48.890239,2.31722,19,2,2
202100032510,143Â 656,A01,10,3,2,5,0,-1,-1,3,3,1,2021,87.0,1,1,0,1,1,16,1,,4,RUE DE LA TERRASSE,0,,1,1,0,1,(1),(1),1,, -1,1,0,1,30,24,6,2021,12:25,1,75,75117,2,2,0,6,RUE DE LA TERRASSE,48.881949,2.313541,12,2,1
202100033768,141Â 413,A01,10,3,1,0,0,-1,-1,2,3,1,2021,2.0,1,5,0,1,1,2,1,,4,PONSARDIN (RUE),0,,1,1,0,1,(1),(1),1,, -1,1,0,1,50,17,6,2021,18:15,1,51,51454,2,1,0,7,Rue Ponsardin,49.2523118177,4.0400626249,18,2,1
202100019089,167Â 522,A01,3,2,1,5,1,-1,-1,0,0,-1,2021,13.0,2,2,6,0,2,1,1,,3,531,-1,,2,2,0,1,(1),(1),2,, -1,1,0,3,70,15,9,2021,15:30,1,38,38548,1,1,0,6,435 Route des Geymonds,45.083328,5.553696,15,2,1
202100007341,188Â 632,B01,1,1,2,1,2,8,-1,0,0,-1,2021,39.0,1,0,0,2,0,21,3,,4,AVENUE D ITALIE,0,,2,1,1,1,(1),(1),1,, -1,1,-1,5,30,19,11,2021,11:10,1,75,75113,2,3,0,7,AVENUE D ITALIE,48.820409,2.359091,11,2,2
202100028701,150Â 417,A01,1,1,1,4,2,0,-1,-1, -1,-1,2021,21.0,2,1,0,2,1,2,1,,3,JAURES (AVENUE JEAN),0,,-1,2,0,1,1,0,1,, -1,1,0,1,50,16,7,2021,22:55,5,93,93064,2,2,0,1,JAURES (AVENUE JEAN),48.864178,2.488192,22,2,2
202100056180,101Â 469,Z01,10,3,2,5,8,8,-1,3,3,1,2021,42.0,2,2,0,1,4,4,1,,4,RUE DE SOFIA,0,,1,1,0,2,(1),(1),1,, -1,2,0,1,50,4,1,2021,19:40,5,75,75118,2,3,1,6,RUE DE SOFIA,48.884486,2.349481,19,2,1
202100055598,102Â 476,A01,2,2,1,4,1,-1,-1,0,0,-1,2021,40.0,1,2,13,0,2,1,1,,1,5,0,,3,5,0,2,181,700,1,, -1,5,0,3,110,12,1,2021,11:45,1,10,10426,1,1,1,6,Autoroute A5 Melun Langres,48.115354,4.757423,11,2,1
202100031497,145Â 456,A01,1,1,1,5,2,-1,-1,0,0,-1,2021,49.0,1,1,0,0,8,1,1,,2,211,-1,,2,2,0,2,(1),(1),1,, -1,1,0,1,50,1,7,2021,19:40,3,977,97701,2,1,0,7,"rt211, grand fond",17.900423,-62.819889,19,1,1
202100038494,132Â 835,A01,1,1,1,0,2,6,-1,-1, -1,-1,2021,41.0,1,1,0,2,1,1,1,,1,AUTOROUTE A86,0,,3,7,0,1,13,0,1,, -1,1,0,1,90,25,5,2021,10:15,1,93,93066,1,1,0,2,AUTOROUTE A86,48.92256,2.34809,10,2,2
202100034755,139Â 587,A01,1,1,1,5,2,6,-1,-1, -1,-1,2021,23.0,2,1,0,0,0,1,1,,2,RN 87,0,,1,2,0,2,11,125,3,, -1,1,3,1,90,11,6,2021,23:15,3,38,38229,1,1,0,7,A41,45.20544,5.78691,23,1,1
202100022864,160Â 749,A01,10,3,2,0,0,-1,-1,6,1,1,2021,35.0,1,2,0,1,2,21,1,,2,5,0,,2,2,0,1,(1),(1),1,, -1,1,0,1,80,23,8,2021,11:41,1,971,97125,2,1,0,6,RN5,16.269278,-61.278412,11,2,1
202100045863,119Â 774,B01,1,1,1,0,1,-1,-1,0,0,-1,2021,49.0,2,2,0,2,3,1,1,,3,,0,,2,2,0,2,22,900,2,, -1,1,0,1,80,1,4,2021,08:50,1,88,88294,1,9,0,1,DÃ©partementale 6,48.250669,6.352179,8,2,2
202100029078,149Â 770,A01,10,3,2,5,0,-1,-1,2,3,1,2021,51.0,3,2,0,1,4,20,1,,4,JULES GRANDCLEMENT                  (PL),0,,2,2,3,1,(1),(1),1,, -1,2,0,6,30,13,7,2021,12:00,1,69,69259,2,1,1,6,JULES GRANDCLEMENT (PL),45.71905,4.88783,12,2,1
202100036952,135Â 648,B01,4,2,2,4,1,-1,-1,-1, -1,-1,2021,46.0,2,2,0,2,7,1,1,,4,RAULIN                              (R ),0,,1,1,2,1,(1),(1),1,, -1,1,0,1,50,1,6,2021,15:55,1,69,69387,2,2,0,3,RAULIN (R),45.74665,4.83443,15,5,2
202100023760,159Â 147,B01,1,1,1,5,8,-1,-1,0,0,-1,2021,72.0,2,1,0,2,1,1,5,,3,904,-1,,2,2,0,1,44,770,1,, -1,1,0,1,80,17,8,2021,10:00,1,1,1092,1,1,0,5,D904,45.963982,5.258272,10,3,3
202100015235,174Â 472,A01,10,3,1,2,0,-1,-1,2,3,1,2021,10.0,1,2,0,1,1,1,1,,4,VERDUN (R DE),0,,2,2,0,1,0,0,1,, -1,1,0,1,50,4,10,2021,13:20,1,94,94076,2,1,0,6,Rue de Verdun,48.791,2.35365,13,2,1
202100006544,190Â 099,B01,1,1,1,-1,8,-1,-1,-1, -1,-1,2021,18.0,2,1,0,2,8,15,1,,3,,-1,,2,-1,-1,1,3,282,1,, -1,1,0,1,80,1,7,2021,21:45,2,61,61222,2,3,0,3,,48.75836,-0.64776,21,2,2
202100005374,192Â 180,A01,1,1,1,1,2,6,-1,0,0,-1,2021,20.0,1,1,0,2,1,2,1,,4,PONT SAINT MICHEL,0,,2,5,0,1,(1),(1),1,, -1,1,2,1,30,30,11,2021,02:22,5,75,75101,2,2,0,2,PONT SAINT MICHEL,48.854339,2.344903,2,3,2
202100007144,189Â 000,B01,1,1,2,1,2,-1,-1,-1, -1,-1,2021,51.0,2,1,0,2,7,2,0,,4,DUGUESCLIN  (R),0,,1,1,2,1,(1),(1),1,, -1,1,0,1,50,18,11,2021,18:15,4,69,69386,2,2,0,3,DUGUESCLIN (R),45.76707,4.84765,18,2,2
202100025410,156Â 237,B01,1,1,1,1,2,2,-1,0,0,-1,2021,57.0,2,1,0,2,4,23,1,,4,RUE BOULARI,0,,3,2,0,1,0,0,1,, -1,1,0,1,50,6,8,2021,07:05,1,988,98818,2,3,0,2,RUE BOULARI/ROUTE DE L'ANSE VATA,-22.3017,166.44506,7,2,2
202100029447,149Â 145,B01,1,1,1,5,2,6,-1,0,0,-1,2021,21.0,1,1,0,2,3,23,1,,4,AVENUE DES CHAMPS ELYSEES,0,,2,8,0,1,(1),(1),1,, -1,1,0,1,50,10,7,2021,20:50,1,75,75108,2,3,0,3,AVENUE DES CHAMPS ELYSEES,48.873088,2.297255,20,2,2
202100035532,138Â 196,A01,10,3,1,5,0,-1,-1,2,4,1,2021,83.0,1,4,0,1,7,1,1,,4,RUE LA FAYETTE,0,,1,2,1,1,(1),(1),1,, -1,1,0,1,30,8,6,2021,14:56,1,75,75109,2,1,0,6,RUE LA FAYETTE,48.874881,2.340162,14,2,1
202100055839,102Â 063,A01,1,1,1,2,2,0,-1,-1, -1,-1,2021,17.0,2,1,0,2,1,1,1,,4,GRANDE RUE PIERRE MENDES-FRANCE - PL JEA,0,,2,2,0,2,0,0,1,, -1,2,0,1,50,7,1,2021,08:07,1,94,94053,2,1,0,1,GRANDE RUE PIERRE MENDES-FRANCE - PL JEA,48.76625,2.54046,8,2,2
202100026265,154Â 751,B01,1,1,2,5,2,-1,-1,-1,0,-1,2021,53.0,1,1,0,2,6,1,5,,3,VICTOR BORDIER(BOULEVARD),0,,3,4,1,1,7,450,1,, -1,1,5,1,50,30,7,2021,15:30,1,95,95424,2,6,0,3,RD 14,48.9927377478,2.1984251924,15,2,2
202100042952,124Â 895,B01,1,1,1,5,2,-1,-1,0,0,-1,2021,65.0,2,1,0,2,7,1,5,,3,60,0,,2,2,0,1,7,300,1,, -1,1,5,1,50,24,4,2021,12:00,1,51,51149,2,2,0,3,Rue Hubert Boullez,48.9002,4.440612,12,2,2
202100050752,110Â 964,A01,10,3,1,0,0,-1,-1,3,3,2,2021,4.0,1,2,0,1,1,15,1,,4,NATIONAL (BOULEVARD),0,,1,2,0,1,0,0,1,, -1,1,0,1,50,19,2,2021,22:10,5,13,13203,2,2,0,3,NATIONAL (BOULEVARD),43.30984,5.379,22,5,1
202100047023,117Â 721,A01,1,1,1,0,2,6,-1,-1, -1,-1,2021,61.0,0,1,0,2,2,2,1,,4,CESAR FRANCK (RUE),0,,2,8,0,1,0,0,2,, -1,1,0,1,50,22,3,2021,13:20,1,91,91477,2,2,0,3,CESAR FRANCK (RUE),48.71762,2.24045,13,2,2
202100040067,129Â 979,B01,1,1,1,9,8,0,-1,0,0,-1,2021,54.0,3,1,0,2,1,24,1,,4,BOULEVARD MACDONALD,0,,3,4,0,1,(1),(1),1,, -1,1,0,1,50,13,5,2021,11:45,1,75,75119,2,1,0,2,BOULEVARD MACDONALD,48.898759,2.375586,11,2,2
202100044903,121Â 459,A01,10,3,1,0,0,-1,-1,3,3,1,2021,63.0,1,2,0,1,1,1,1,,3,ITHURRALDE ANDRE (AVENUE),0,,2,2,0,2,25,0,1,, -1,2,0,1,50,4,2,2021,08:45,2,64,64483,2,1,1,6,ITHURRALDE ANDRE (AVENUE),43.394374,-1.649574,8,2,1
202100006019,191Â 036,A01,1,1,1,0,8,0,-1,-1, -1,-1,2021,31.0,3,1,0,2,1,0,5,,3,920,0,,-1,1,1,1,0,0,1,, -1,2,0,5,50,27,11,2021,10:44,1,92,92071,2,9,1,3,GENERAL LECLERC (AVENUE DU),48.7755712663,2.3137378693,10,2,2
202100022623,161Â 176,B01,1,1,1,0,2,6,-1,-1, -1,-1,2021,23.0,1,1,0,2,4,2,1,,3,TORIGNI,0,,2,2,0,2,19,1200,1,, -1,1,0,1,50,25,8,2021,17:45,1,50,50502,2,1,0,2,TORIGNI,49.106615,-1.069526,17,2,2
202100047652,116Â 577,A01,1,1,2,9,2,0,-1,0,0,-1,2021,54.0,2,1,0,0,3,15,5,,4,BOULEVARD DE VAUGIRARD,0,,1,2,3,1,(1),(1),1,, -1,2,0,1,50,17,3,2021,09:15,1,75,75115,2,1,1,7,BOULEVARD DE VAUGIRARD,48.841464,2.318598,9,1,1
202100040136,129Â 854,A01,1,1,1,5,8,8,-1,0,0,-1,2021,73.0,2,1,0,2,2,1,5,,4,RUE MAURICE MEUNIER,0,,2,2,1,1,0,0,1,, -1,1,5,5,50,13,5,2021,09:00,1,988,98818,1,6,0,3,VOIE DE DEGAGEMENT EST/RUE DE PRONY,-22.27091,166.46982,9,2,2
202100039004,131Â 919,A01,1,1,1,5,2,6,-1,0,0,-1,2021,48.0,2,1,0,2,1,1,1,,3,18,0,,2,2,0,1,23,950,2,, -1,1,0,1,50,22,5,2021,14:30,1,42,42120,2,1,0,2,304 Route d'Ouches,45.9994599582,3.9806256741,14,3,2
202100010300,183Â 294,B01,1,1,1,0,8,0,-1,-1, -1,-1,2021,21.0,1,1,0,2,7,1,5,,3,FERRER (RUE FRANCISCO),0,,2,2,0,1,(1),(1),1,, -1,1,0,1,50,27,10,2021,07:40,2,59,59178,2,6,0,3,FERRER (RUE FRANCISCO),50.3974,3.1039,7,2,2
202100045222,120Â 891,B01,1,1,1,5,8,0,-1,-1, -1,-1,2021,83.0,1,1,0,0,0,26,5,,4,D'ALENCON (RUE ),0,,2,2,0,1,(1),0,1,, -1,1,0,1,50,3,4,2021,18:55,1,61,61077,2,9,0,7,D'ALENCON (RUE ),48.43956,0.12368,18,1,1
202100034995,139Â 142,B01,1,1,1,1,2,6,-1,-1, -1,-1,2021,34.0,1,1,0,2,1,2,5,,4,SAYEN (RUE ROBERT),0,,2,2,0,2,(1),(1),1,, -1,1,0,1,30,11,6,2021,17:30,1,51,51454,2,1,0,3,Rue Robert Sayen,49.21178,4.02647,17,2,2
202100022117,162Â 094,A01,1,1,2,5,2,0,-1,0,0,-1,2021,28.0,1,1,0,0,0,1,3,,4,BOULEVARD DE MAGENTA,0,,2,4,1,1,(1),(1),1,, -1,1,0,5,50,28,8,2021,18:20,1,75,75110,2,2,0,7,BOULEVARD DE MAGENTA,48.87483,2.357397,18,1,1
202100038372,133Â 048,A01,1,1,1,0,1,-1,-1,-1, -1,-1,2021,25.0,2,2,0,2,2,1,1,,4,AVE DE LABARDE,0,,2,2,0,1,(1),(1),1,, -1,1,0,1,80,25,5,2021,10:50,1,33,33063,1,3,0,2,Avenue de Labarde,44.906812137,-0.5557611401,10,2,2
202100049442,113Â 385,A01,10,3,2,0,0,-1,-1,3,3,1,2021,82.0,1,5,0,1,3,1,1,,3,9,0,D,2,2,0,1,73,627,1,, -1,1,9,1,50,3,3,2021,14:45,1,34,34079,2,1,0,6,Avenue de Montpellier,43.63262,3.439187,14,2,1
202100049405,113Â 445,A01,1,1,1,1,2,6,-1,0,0,-1,2021,53.0,2,1,0,2,1,17,1,,7,ST JEANNET ROUTE DE,0,,2,2,0,1,6,250,2,, -1,1,0,1,50,3,3,2021,07:30,1,6,6123,2,9,0,1,ST JEANNET ROUTE DE,43.70961,7.17044,7,2,2
202100007730,187Â 941,A01,1,1,1,2,2,6,-1,0,0,-1,2021,15.0,1,1,0,2,5,17,1,,3,760,0,D,2,2,0,1,82,456,1,, -1,1,0,1,50,18,11,2021,08:45,1,85,85250,2,2,1,3,Avenue des Sables,46.564198,-1.714981,8,2,2
202100025742,155Â 671,B01,1,1,1,0,1,-1,-1,-1, -1,-1,2021,32.0,1,2,0,2,4,2,1,,1,VA007313 LE CHAPITRE A64 Sortie 38,0,,1,3,0,1,284,357,1,, -1,1,0,1,90,31,8,2021,00:20,5,31,31555,1,9,0,2,VA007313 LE CHAPITRE A64 Sortie 38,43.545244,1.401195,0,3,2
202100040063,129Â 986,B01,1,1,1,1,8,0,-1,-1, -1,-1,2021,38.0,2,2,0,2,1,1,1,,2,20 (R.N.) COTE NORD DU TUNNEL,0,,2,2,0,1,37,0,1,, -1,2,2,1,70,30,4,2021,05:30,3,9,9013,1,1,1,3,20 (R.N.) COTE NORD DU TUNNEL,42.977308,1.622367,5,3,2
202100030321,147Â 566,B01,1,1,1,1,2,0,-1,-1, -1,-1,2021,20.0,1,1,0,2,1,1,1,,4,CHATEL (JEAN),0,,1,0,0,1,0,0,1,, -1,1,0,1,50,6,7,2021,09:30,1,974,97411,2,2,0,3,CHATEL (JEAN),-20.88358,55.45166,9,2,2
202100033747,141Â 447,B01,7,2,2,5,1,-1,-1,0,0,-1,2021,17.0,2,2,0,2,8,1,1,,3,94,-1,,2,2,0,1,34,200,1,, -1,1,0,1,80,19,6,2021,17:05,1,26,26377,1,1,0,1,D94,44.309457,5.040376,17,5,2
202100052027,108Â 713,B01,1,1,1,4,2,0,-1,-1, -1,-1,2021,32.0,3,1,0,2,7,1,1,,2,RN 569,0,,2,2,0,1,0,0,1,, -1,1,0,1,80,9,2,2021,09:10,1,13,13047,1,1,0,3,RN 569,43.54193,4.95654,9,3,2
202100041140,128Â 070,B01,1,1,1,9,2,6,-1,0,0,-1,2021,60.0,1,1,0,2,3,1,1,,4,RUE DU LIEUVIN,0,,2,2,0,2,(1),(1),1,, -1,2,0,1,50,6,5,2021,12:00,1,75,75115,2,2,1,3,RUE DU LIEUVIN,48.83162,2.305965,12,2,2
202100023476,159Â 663,A01,10,3,1,5,0,-1,-1,4,3,1,2021,13.0,2,1,0,1,3,1,1,,3,,0,,2,2,0,1,28,50,1,,5,1,0,1,50,19,8,2021,18:00,1,95,95313,2,1,0,6,RD 922,49.112924,2.225563,18,2,1
202100008934,185Â 749,A01,1,1,1,0,1,0,-1,-1, -1,-1,2021,41.0,1,2,2,0,1,1,1,,2,TOULOUSE RN 126 (RTE DE),0,,3,4,0,1,51,300,1,, -1,1,0,3,90,7,11,2021,03:40,3,81,81065,2,1,0,6,TOULOUSE RN 126 (RTE DE),43.5892120076,2.1953909396,3,1,1
202100017306,170Â 718,A01,1,1,1,1,2,6,-1,0,0,-1,2021,36.0,2,1,2,0,3,1,1,,3,562,-1,,2,2,0,2,77,800,1,, -1,1,0,1,80,17,9,2021,05:40,3,83,83081,1,1,0,6,D 562,43.5974551873,6.7992871408,5,1,1
202100028754,150Â 324,A01,1,1,1,5,2,6,-1,0,0,-1,2021,63.0,2,1,0,2,7,2,1,,1,8,-1,,3,4,0,2,194,0,3,, -1,1,0,1,90,17,7,2021,09:45,1,6,6088,1,1,0,6,A8 PK 194+000 NORD,43.7223325283,7.2226953506,9,3,2
202100052461,107Â 942,B01,1,1,1,5,2,5,-1,0,0,-1,2021,28.0,3,1,0,2,3,1,1,,4,PLACE DE L OPERA,0,,4,11,0,1,(1),(1),1,, -1,1,0,1,50,5,2,2021,17:17,1,75,75109,2,2,0,3,PLACE DE L OPERA,48.870695,2.332524,17,2,2
202100009040,185Â 550,B01,1,1,1,3,1,0,-1,-1, -1,-1,2021,42.0,1,2,0,2,4,1,1,,1,A7-Sens Marseille vers Lyon,0,,-1,3,0,1,265,299,1,, -1,1,0,3,110,5,11,2021,12:46,1,13,13071,1,1,0,2,A7-Sens Marseille vers Lyon,43.41429,5.27968,12,3,2
202100013611,177Â 390,A01,10,3,1,5,0,-1,-1,5,5,2,2021,6.0,1,2,0,1,2,1,1,,4,CORNICHE (BD DE LA) SUPERIEUR NÂ°20,0,,2,2,0,1,0,0,1,, -1,1,0,1,50,7,10,2021,18:20,1,74,74281,2,1,1,6,CORNICHE (BD DE LA) SUPERIEUR NÂ°20,46.370557,6.470524,18,2,1
202100043117,124Â 603,A01,1,1,1,0,1,0,-1,-1, -1,-1,2021,25.0,1,2,0,0,1,26,1,,1,A55-Sens Martigues vers Marseille,0,,1,2,0,1,21,500,1,, -1,1,0,3,90,21,4,2021,20:06,1,13,13033,1,1,0,6,A55-Sens Martigues vers Marseille,43.3805,5.21286,20,1,1
202100045873,119Â 758,A01,1,1,1,4,1,-1,-1,0,0,-1,2021,51.0,0,5,0,2,3,13,1,,3,,-1,,2,2,0,1,(1),(1),1,, -1,1,0,1,80,1,4,2021,15:00,1,38,38449,1,1,0,1,Rue de la Fuly,45.630977,5.101712,15,2,2
202100015450,174Â 089,A01,1,1,2,5,1,-1,-1,-1,0,-1,2021,30.0,1,2,4,0,1,13,1,,1,AUTOROUTE A15,0,,3,8,0,1,7,0,1,, -1,1,0,1,110,3,10,2021,14:00,1,95,95018,1,1,0,6,A15,48.958979,2.2737,14,1,1
202100021696,162Â 854,A01,1,1,1,1,0,-1,-1,0,0,-1,2021,51.0,2,5,2,0,1,1,1,,3,708,-1,,2,2,0,2,8,500,2,, -1,1,0,3,80,31,8,2021,17:30,1,47,47086,1,1,0,6,Taminage,44.686817,0.206745,17,1,1
202100034925,139Â 279,A01,10,3,2,9,0,-1,-1,3,3,2,2021,66.0,2,1,0,1,1,17,1,,4,MARIUS BERLIET                      (R ),0,,2,3,3,1,(1),(1),1,, -1,1,0,1,50,11,6,2021,15:50,1,69,69388,2,1,0,6,MARIUS BERLIET (R),45.74122,4.86195,15,2,1
202100045845,119Â 809,B01,1,1,1,1,0,-1,-1,0,0,-1,2021,46.0,3,1,0,2,1,1,5,,4,0,0,,2,2,0,1,0,0,3,, -1,1,0,1,50,1,4,2021,18:05,1,55,55132,2,1,0,1,Rue Derriere l'Isle,48.611698,5.084911,18,2,2
202100038840,132Â 200,A01,1,1,1,5,0,-1,-1,0,0,-1,2021,28.0,3,1,8,0,1,13,1,,4,VC,-1,,2,2,0,1,(1),(1),3,, -1,1,0,1,30,22,5,2021,22:37,5,95,95371,2,1,0,6,11 Rue Jean JaurÃ©s,49.090158,2.51905,22,1,1
202100039638,130Â 739,A01,1,1,1,1,2,6,-1,0,0,-1,2021,53.0,1,1,0,0,4,1,1,,3,118,-1,,3,4,0,1,53,100,1,, -1,1,0,1,110,17,5,2021,17:30,1,11,11090,1,1,0,2,D118,43.104876,2.251554,17,2,2
202100036596,136Â 290,A01,1,1,2,0,1,0,-1,-1, -1,-1,2021,21.0,1,2,0,2,1,19,1,,2,RN 70 (ROUTE EXPRESS),0,,1,1,0,1,31,870,1,, -1,1,3,1,50,3,6,2021,08:55,1,71,71306,1,3,0,3,Rue de Chez Lecuyer,46.66329,4.3358,8,3,2