Num_Acc,id_vehicule,num_veh,place,catu,sexe,trajet,secu1,secu2,secu3,locp,actp,etatp,year_acc,victim_age,senc,catv,obs,obsm,choc,manv,motor,occutc,catr,voie,v1,v2,circ,nbv,vosp,prof,pr,pr1,plan,lartpc,larrout,surf,infra,situ,vma,jour,mois,an,hrmn,lum,dep,com,agg_,int,atm,col,adr,lat,long,hour,nb_victim,nb_vehicules
202100038328,133Â 127,B01,1,1,2,5,1,0,-1,-1, -1,-1,2021,46.0,2,2,0,2,4,23,1,,4,CHENIEUX (RUE FRANCOIS),0,,2,2,0,1,0,0,1,, -1,2,0,1,50,25,5,2021,12:18,1,87,87085,2,1,1,2,CHENIEUX (RUE FRANCOIS),45.83427,1.25579,12,3,2
202100010887,182Â 269,A01,1,1,1,0,2,8,-1,-1, -1,-1,2021,27.0,2,1,0,2,1,1,1,,4,GAND (RUE DE),0,,2,2,0,1,(1),(1),1,, -1,2,0,1,50,26,10,2021,18:00,2,59,59599,2,1,1,3,GAND (RUE DE),50.72673,3.15753,18,2,2
202100026278,154Â 725,A01,1,1,1,0,2,6,-1,-1, -1,-1,2021,45.0,1,1,0,2,8,21,1,,3,LANDAU (ROND-POINT DE),0,,1,2,0,1,(1),(1),2,, -1,1,5,1,50,25,7,2021,11:45,1,67,67180,2,6,0,7,LANDAU (ROND-POINT DE),48.82219,7.79197,11,1,1
202100007901,187Â 617,B01,9,2,2,5,1,-1,-1,0,0,-1,2021,20.0,2,2,0,2,3,0,1,,2,57,0,N,2,2,0,1,66,100,2,, -1,1,8,1,50,29,9,2021,00:57,3,70,70326,1,1,0,1,RN 57,47.456822,6.083164,0,4,2
202100035387,138Â 460,A01,1,1,1,2,2,6,-1,0,0,-1,2021,16.0,2,1,0,2,1,1,1,,3,,-1,,2,1,0,1,51,33,1,, -1,1,8,1,80,10,6,2021,09:00,1,85,85086,1,1,0,2,Le Quarteron,46.87618,-1.72803,9,2,2
202100055143,103Â 247,A01,1,1,1,9,1,0,-1,-1, -1,-1,2021,39.0,1,2,0,0,9,16,1,,1,104,0,,-1,1,0,2,25,149,3,, -1,1,0,1,50,13,1,2021,21:55,4,77,77438,1,1,0,6,A104,48.8614277045,2.6672387494,21,1,1
202100040252,129Â 654,A01,1,1,1,5,1,-1,-1,0,0,-1,2021,18.0,1,2,10,0,8,1,1,,3,48,-1,,2,2,0,3,10,750,3,, -1,1,0,3,80,13,5,2021,04:30,3,11,11156,1,1,0,6,D48,43.321119,2.251725,4,1,1
202100017837,169Â 735,A01,2,2,1,5,1,8,-1,-1, -1,-1,2021,30.0,2,2,13,0,1,14,1,,3,MOULIN DU TER (RUE DU ),0,,2,2,0,2,2,0,3,, -1,1,0,3,50,19,9,2021,08:40,1,56,56162,2,1,0,6,MOULIN DU TER (RUE DU ),47.73506,-3.40309,8,2,1
202100048109,115Â 756,B01,1,1,1,5,2,6,-1,-1, -1,-1,2021,59.0,2,1,0,2,1,1,1,,1,6A,0,,1,3,0,1,6,0,1,, -1,1,0,1,90,14,3,2021,16:45,1,94,94021,1,1,0,3,AUTOROUTE A6A,48.7601,2.3385,16,2,2
202100051782,109Â 138,B01,2,2,1,0,1,0,-1,-1, -1,-1,2021,22.0,2,2,0,2,9,1,1,,3,R.D.20,0,,3,4,0,2,38,500,1,, -1,7,0,1,90,10,2,2021,11:35,1,91,91223,1,1,0,3,R.D.20,48.42279,2.13786,11,5,2
202100012112,180Â 060,A01,1,1,2,5,1,-1,-1,0,0,-1,2021,19.0,2,2,4,0,3,1,1,,1,1,-1,A,3,3,0,1,50,0,1,,"13,5",1,0,1,130,20,10,2021,21:30,3,60,60100,1,1,1,6,A1,49.2538158341,2.6825318783,21,4,2
202100044029,122Â 976,B01,1,1,1,1,8,0,-1,0,0,-1,2021,31.0,0,0,0,2,8,19,3,,4,TRIAIRE SERGENT (BOULEVARD),0,,1,2,0,1,0,0,1,, -1,1,5,8,50,13,4,2021,19:30,1,30,30189,2,1,0,6,TRIAIRE SERGENT (BOULEVARD),43.82841,4.36011,19,2,2
202100014620,175Â 581,B01,1,1,1,1,2,6,-1,-1, -1,-1,2021,53.0,3,1,0,2,7,1,1,,4,PAGNOL (AVENUE MARCEL),0,,2,2,0,1,0,100,1,, -1,1,0,1,50,7,10,2021,07:45,1,13,13005,2,3,0,3,PAGNOL (AVENUE MARCEL),43.29586,5.56954,7,2,2
202100026016,155Â 175,A01,1,1,1,0,2,0,-1,-1, -1,-1,2021,37.0,2,1,0,2,1,1,1,,3,1,0,,-1,2,0,1,0,0,3,, -1,1,9,1,50,1,8,2021,18:35,1,92,92044,2,1,0,2,CHARLES PASQUA (QUAI) 32 A 58,48.900182,2.282531,18,2,2
202100020714,164Â 603,A01,1,1,1,5,2,0,-1,0,0,-1,2021,34.0,1,1,0,2,3,15,1,,4,AVENUE DE LA PORTE DE SAINT CLOUD,0,,2,8,0,1,(1),(1),1,, -1,2,0,1,50,5,9,2021,02:45,5,75,75116,2,2,1,3,AVENUE DE LA PORTE DE SAINT CLOUD,48.8386833532,2.2539836168,2,3,2
202100029047,149Â 816,A01,1,1,1,1,2,9,-1,0,0,-1,2021,33.0,1,1,0,2,1,26,1,,3,110,0,,2,2,0,1,9,40,1,,"5,5",1,0,1,70,14,7,2021,20:50,1,78,78385,1,3,0,2,2 Chemin Departemental 110,48.956467,1.592749,20,2,2
202100033611,141Â 686,B01,1,1,2,0,2,8,-1,0,0,-1,2021,65.0,3,1,0,2,1,1,1,,4,ROCHELLE (Chemin de la ),0,,2,7,0,2,(1),(1),4,, -1,1,5,1,50,18,6,2021,09:40,1,26,26198,2,2,0,3,26 Rue Benjamin Franklin,44.57587,4.7558,9,2,2
202100034971,139Â 188,B01,1,1,1,5,8,-1,-1,0,0,-1,2021,16.0,1,1,0,2,0,1,5,,3,Rue Massey,0,,2,2,0,1,42,645,1,, -1,1,5,1,50,11,6,2021,07:57,1,65,65440,2,9,0,3,ALSACE LORRAINE (AVENUE),43.239594,0.073825,7,2,2
202100007940,187Â 548,B01,1,1,2,9,1,8,-1,-1, -1,-1,2021,56.0,1,2,0,2,8,1,1,,2,RN 104,0,,3,3,0,1,37,0,3,, -1,1,0,1,50,16,11,2021,19:15,3,91,91340,1,1,0,3,RN 104,48.60964,2.43965,19,2,2
202100009424,184Â 853,Z01,10,3,1,0,0,-1,-1,1,B,1,2021,21.0,3,2,0,2,1,17,0,,7,ARBRISSEAU RUE DE L   NÂ°IMPAIR,0,,2,2,0,1,(1),(1),1,, -1,2,0,1,50,4,11,2021,06:40,5,59,59220,2,1,1,6,ARBRISSEAU RUE DE L   NÂ°IMPAIR,50.591324845,3.070439987,6,2,1
202100045644,120Â 149,A01,10,3,2,2,0,-1,-1,4,3,1,2021,19.0,1,1,0,1,3,1,0,,3,MAXIME GORKI (BD),0,,2,2,1,1,1,0,1,, -1,1,0,1,20,1,4,2021,12:30,1,94,94076,2,1,0,6,MAXIME GORKI (BD),48.78717,2.36783,12,2,1
202100022657,161Â 120,A01,1,1,1,9,8,0,-1,0,0,-1,2021,20.0,1,5,7,0,1,14,1,,4,BOULEVARD DU BOIS LE PRETRE,0,,1,2,1,2,(1),(1),1,, -1,1,0,1,50,25,8,2021,06:00,5,75,75117,2,7,0,6,BOULEVARD DU BOIS LE PRETRE,48.899017,2.321543,6,1,1
202100029291,149Â 407,A01,2,2,2,5,1,8,-1,-1, -1,-1,2021,69.0,2,2,0,2,8,19,1,,3,D162,0,,2,2,0,1,6,420,1,, -1,1,0,1,70,11,7,2021,17:55,1,56,56162,1,2,0,3,Route du Fort BloquÃ©,47.73789,-3.45789,17,3,2
202100053793,105Â 596,A01,10,3,2,5,0,-1,-1,2,3,1,2021,81.0,3,2,0,1,2,20,1,,6,,-1,,-1,-1,0,1,(1),(1),1,, -1,1,0,1,30,22,1,2021,09:25,1,14,14456,2,1,0,6,Rue Rembrandt Bugatti (Moult),49.118988,-0.185748,9,2,1
202100005780,191Â 464,A01,1,1,1,5,2,0,-1,0,0,-1,2021,70.0,1,1,0,2,2,1,1,,4,RUE LA FAYETTE,0,,1,2,1,1,(1),(1),1,, -1,1,0,1,30,28,11,2021,14:15,1,75,75109,2,2,0,3,RUE LA FAYETTE,48.874412,2.338217,14,2,2
202100055991,101Â 804,B01,1,1,2,9,1,-1,-1,0,0,-1,2021,69.0,2,2,0,2,1,1,1,,3,D700,-1,D,2,2,0,1,34,200,1,, -1,1,0,1,70,7,1,2021,18:45,3,22,22277,1,3,0,3,RD 700 - Lieu-Dit Lanvia,48.386554,-2.835674,18,3,2
202100003077,196Â 261,B01,1,1,1,0,2,0,-1,-1, -1,-1,2021,26.0,1,1,0,2,1,1,1,,4,PONT ACHARD (BOULEVARD),0,,2,4,0,4,(1),(1),1,, -1,1,0,1,50,11,12,2021,20:15,5,86,86194,2,1,0,3,Boulevard Pont Achard,46.577534,0.33114,20,2,2
202100022566,161Â 288,B01,1,1,1,5,2,6,-1,-1, -1,-1,2021,47.0,2,1,0,0,5,1,1,,7,RD383   7.640 A 11.044,0,,3,6,0,1,8,399,1,, -1,1,0,1,70,22,8,2021,16:15,1,69,69029,1,1,0,3,PERIPHERIQUE LAURENT BONNEVAY (BD),45.7493628368,4.9073364609,16,2,2
202100021543,163Â 132,B01,1,1,1,2,2,-1,-1,0,0,-1,2021,21.0,2,1,0,2,1,15,1,,7,745,-1,D,1,1,1,1,(1),(1),1,, -1,1,0,1,30,1,9,2021,14:55,1,67,67118,2,3,1,3,21 rue d'oberhausbergen,48.582069,7.687249,14,2,2
202100036437,136Â 576,B01,1,1,1,0,1,-1,-1,0,0,-1,2021,24.0,2,2,0,0,7,1,1,,4,GOUESNOU (DE 43 A 219 ET 38 A 212),0,,1,1,0,1,(1),(1),1,, -1,1,5,1,50,4,6,2021,19:10,1,29,29019,2,6,0,3,Rue de Gouesnou,48.41444,-4.46841,19,2,2
202100028468,150Â 830,A01,1,1,1,5,1,0,-1,-1, -1,-1,2021,25.0,3,2,0,2,1,5,1,,7,AVENUE ESCLANGON,0,,3,4,0,1,0,0,1,, -1,1,0,1,50,17,7,2021,05:30,4,38,38179,2,1,0,1,AVENUE ESCLANGON,45.18115,5.78039,5,2,2
202100004010,194Â 574,A01,1,1,1,0,1,8,-1,-1, -1,-1,2021,52.0,1,2,0,2,1,13,1,,4,JEAN MENTELIN (RUE),0,,2,2,0,1,0,0,1,, -1,1,0,1,50,4,12,2021,15:05,1,67,67482,2,1,0,1,JEAN MENTELIN (RUE),48.57565,7.70451,15,2,2
202100049920,112Â 509,A01,10,3,1,5,0,-1,-1,1,5,1,2021,13.0,2,2,0,1,2,1,1,,3,980,0,,2,2,0,2,43,200,1,, -1,1,0,1,50,28,2,2021,15:00,1,51,51052,2,1,0,7,Rue de Reims,49.270163787,4.1461375831,15,2,1
202100054816,103Â 815,A01,1,1,2,0,1,-1,-1,0,0,-1,2021,32.0,2,2,2,0,8,2,1,,3,938,0,D,-1,2,0,2,29,30,2,, -1,1,0,3,80,17,1,2021,11:40,1,60,60495,1,1,0,6,route dÃ©partementale 938,49.5227634845,2.4492256989,11,1,1
202100017207,170Â 882,A01,2,2,1,5,8,-1,-1,0,0,-1,2021,33.0,1,2,0,2,3,1,1,,3,41,0,,2,1,0,3,30,890,1,,3,2,0,1,80,25,9,2021,19:25,2,71,71218,1,2,1,3,"Lieu-dit ""Chante-Alouette""",46.3213379589,4.3949833582,19,4,2
202100000552,200Â 716,B01,1,1,1,5,2,0,-1,-1, -1,-1,2021,50.0,2,1,0,2,1,1,5,,3,ROOSEVELT FRANKLIN AVENUE,0,,3,4,2,1,19,440,1,, -1,1,0,1,50,13,6,2021,17:33,1,73,73008,2,2,1,3,D1201 Av Franklin Roosevelt,45.70594,5.91066,17,2,2
202100041927,126Â 675,B01,1,1,2,5,2,0,-1,0,0,-1,2021,31.0,2,1,0,2,1,1,5,,4,RUE FONDARY,0,,1,1,1,1,(1),(1),1,, -1,1,0,5,50,30,4,2021,11:08,1,75,75115,2,1,0,3,RUE FONDARY,48.846479,2.297378,11,2,2
202100024560,157Â 759,A01,1,1,1,0,2,6,-1,-1, -1,-1,2021,61.0,3,1,0,0,0,2,1,,4,CIRCUIT CAROLE,0,,2,4,0,1,0,0,1,, -1,1,0,1,50,12,8,2021,17:40,1,93,93073,1,1,0,7,Avenue Carole,48.9797,2.526,17,1,1
202100025159,156Â 683,A01,1,1,1,5,1,-1,-1,0,0,-1,2021,40.0,1,5,2,0,1,13,1,,3,911,-1,,2,2,0,1,99,780,1,, -1,1,0,3,90,8,8,2021,04:00,3,12,12159,1,1,0,6,352 Impasse du Serayol,44.336327,2.080257,4,1,1
202100053468,106Â 144,B01,1,1,2,1,1,0,-1,0,0,-1,2021,26.0,1,2,0,2,1,1,1,,4,,0,,3,4,0,1,1,0,1,, -1,1,0,1,50,27,1,2021,14:50,1,14,14118,2,1,0,4,Boulevard Yves Guillou,49.177,-0.36722,14,5,3
202100023950,158Â 823,A01,1,1,2,5,2,-1,-1,0,0,-1,2021,37.0,1,1,6,2,1,0,5,,3,8,0,,2,2,0,2,28,610,1,, -1,1,0,1,30,17,8,2021,18:30,1,1,1036,2,1,0,1,CHAMPDOSSIN - BELMONT LUTHEZIEU,45.875706,5.664804,18,2,2
202100018577,168Â 429,A01,1,1,2,1,1,-1,-1,-1, -1,-1,2021,21.0,1,5,0,2,1,1,1,,4,ROCHESTER (AVENUE DE),0,,2,2,0,1,(1),(1),1,, -1,1,0,1,50,16,9,2021,09:40,1,35,35238,2,1,0,4,ROCHESTER (AVENUE DE),48.12792,-1.65901,9,3,3
202100040337,129Â 504,A01,1,1,1,1,2,6,-1,-1, -1,-1,2021,44.0,0,1,0,0,1,15,3,,4,STALINGRAD (PLACE),0,,1,2,0,2,(1),(1),1,, -1,1,-1,1,30,10,5,2021,07:50,1,51,51454,2,7,0,7,Place Stalingrad,49.25147,4.02334,7,1,1
202100023359,159Â 862,A01,1,1,1,5,1,-1,-1,0,0,-1,2021,23.0,0,5,2,0,3,1,1,,3,533,-1,,2,2,0,1,16,550,3,, -1,1,0,3,80,20,8,2021,19:45,2,7,7079,1,1,0,6,,44.98721,4.543447,19,1,1
202100040249,129Â 657,A01,2,2,2,5,2,6,9,0,0,-1,2021,41.0,2,1,0,0,7,1,1,,3,15,0,D,2,2,0,2,24,750,2,, -1,2,0,1,80,13,5,2021,16:15,1,81,81309,1,1,1,7,D15,44.083,1.801419,16,2,1
202100017135,171Â 008,A01,10,3,1,0,0,-1,-1,3,3,2,2021,6.0,1,1,15,0,7,26,3,,4,LOUIS ARAGON (ALLEE),0,,1,1,0,1,0,0,1,, -1,1,0,1,30,23,9,2021,19:10,1,93,93001,2,1,0,3,LOUIS ARAGON (ALLEE),48.913407,2.378885,19,2,1
202100016538,172Â 067,B01,1,1,1,1,2,8,-1,0,0,-1,2021,29.0,2,1,0,2,1,1,5,,4,PLACE VALHUBERT,0,,2,3,0,1,(1),(1),2,, -1,1,0,1,30,27,9,2021,00:15,5,75,75113,2,7,0,3,PLACE VALHUBERT,48.8442337908,2.3647702631,0,2,2
202100023352,159Â 872,A01,1,1,1,5,8,-1,-1,0,0,-1,2021,27.0,1,2,2,0,3,0,1,,3,133,-1,,2,2,0,4,7,980,3,, -1,1,0,3,-1,21,8,2021,06:40,1,26,26360,1,1,0,6,67 Route de Saint Paul,44.410999,4.805961,6,3,1
202100052013,108Â 735,A01,1,1,1,4,1,0,-1,-1, -1,-1,2021,32.0,0,5,0,2,2,15,1,,4,GENERAL LECLERC(AV),0,,2,2,1,1,0,0,1,, -1,1,0,1,50,9,2,2021,09:38,1,38,38544,2,1,0,3,GENERAL LECLERC(AV),45.50838,4.86004,9,2,2
202100050227,111Â 932,A01,1,1,2,5,8,0,-1,-1, -1,-1,2021,56.0,3,1,0,0,0,0,6,,4,GAMBETTA (AV),0,,2,2,0,1,1,0,1,, -1,1,0,1,30,25,2,2021,14:20,1,94,94077,2,1,0,7,GAMBETTA (AV),48.72888,2.42835,14,1,1
202100011149,181Â 801,B01,1,1,1,5,0,-1,-1,0,0,-1,2021,13.0,2,1,0,2,1,0,5,,3,113,-1,D,2,2,0,1,3,500,1,, -1,1,0,1,50,16,10,2021,17:18,2,49,49307,2,3,0,3,Rue (grande) (brain-sur-Authion),47.447975,-0.409477,17,2,2
202100033513,141Â 873,A01,1,1,1,0,1,4,-1,-1, -1,-1,2021,28.0,2,2,4,2,0,26,1,,2,104,0,,2,8,0,2,32,299,1,, -1,1,0,1,90,18,6,2021,23:45,3,91,91553,1,1,0,6,RN 104,48.62988,2.4838,23,1,1
202100002599,197Â 136,B01,1,1,2,2,8,-1,-1,-1, -1,-1,2021,18.0,3,2,0,2,2,1,6,,4,PAUL MARCELLIN                      (R ),0,,2,2,1,1,(1),(1),3,, -1,2,0,5,50,16,12,2021,08:00,1,69,69256,2,1,1,3,PAUL MARCELLIN (R),45.7761315016,4.9315524101,8,2,2
202100046154,119Â 265,A01,1,1,1,0,2,6,-1,-1, -1,-1,2021,65.0,3,1,0,0,0,26,1,,3,3,0,,2,3,0,2,1,0,1,, -1,1,0,1,50,29,3,2021,20:05,5,92,92073,2,1,0,7,ROOSVELT (AVENUE FRANKLIN),48.8732752003,2.2214001417,20,1,1
202100039652,130Â 715,A01,2,2,2,5,1,-1,-1,0,0,-1,2021,27.0,1,2,6,0,1,1,1,,3,28,0,D,2,2,0,1,14,0,1,, -1,2,0,4,50,17,5,2021,07:34,1,67,67340,2,1,1,6,06 rue de niederbronn,48.9398229127,7.6070841572,7,2,1
202100017081,171Â 097,A01,1,1,1,1,2,0,-1,0,0,-1,2021,49.0,2,1,4,0,2,14,1,,4,BOULEVARD SAINT MARTIN,0,,2,4,0,3,(1),(1),1,, -1,1,0,1,30,23,9,2021,22:30,5,75,75103,2,1,0,6,BOULEVARD SAINT MARTIN,48.868574,2.358206,22,1,1
202100040793,128Â 697,B01,1,1,1,5,2,-1,-1,0,0,-1,2021,47.0,2,1,0,2,1,5,5,,3,D902,-1,,2,2,0,2,86,100,4,, -1,1,0,1,80,9,5,2021,16:45,1,74,74236,1,1,0,1,1180 Av du Mont Paccard,45.902439,6.711608,16,2,2
202100014062,176Â 561,A01,10,3,1,0,0,-1,-1,6,1,2,2021,27.0,1,2,0,1,2,2,1,,3,N4,-1,,2,2,0,1,10,0,1,, -1,1,0,3,90,9,10,2021,23:35,3,973,97309,1,1,0,6,Route de la Matourienne,4.874506,-52.302657,23,2,1
202100000603,200Â 626,A01,1,1,1,5,8,0,-1,-1, -1,-1,2021,26.0,1,2,12,0,3,13,1,,3,GENERAL DE GAULLE (AV DU) NÂ°440 A 544 ET,0,,3,2,0,1,0,0,1,, -1,1,0,4,50,22,8,2021,08:10,2,92,92023,2,1,0,6,GENERAL DE GAULLE (AV DU) NÂ°440 A 544 ET,48.77855,2.23453,8,2,1
202100036681,136Â 147,B01,1,1,1,5,2,6,9,0,0,-1,2021,32.0,1,1,0,2,1,1,1,,3,429,0,,2,2,0,1,9,500,1,, -1,1,5,1,50,4,6,2021,14:05,1,68,68315,2,2,1,1,92 Route de Guebwiller,47.888867,7.227201,14,2,2
202100038269,133Â 239,B01,1,1,1,0,2,6,-1,0,0,-1,2021,21.0,2,1,0,2,0,1,1,,3,120,-1,,2,2,0,2,(1),(1),3,, -1,1,0,1,50,26,5,2021,17:51,1,9,9328,2,1,0,1,60 Route des CÃ´tes,42.794662,1.689656,17,2,2
202100029185,149Â 583,B01,1,1,1,5,1,6,-1,-1, -1,-1,2021,25.0,2,1,0,2,1,16,1,,3,986,0,,1,0,3,1,0,0,1,, -1,1,0,6,50,11,7,2021,22:00,2,92,92004,2,2,0,3,REDOUTE ( AVENUE DE LA  ),48.9295549677,2.2818463504,22,2,2
202100041928,126Â 673,A01,10,3,2,5,0,-1,-1,5,1,1,2021,77.0,2,1,0,1,1,25,5,,4,AVENUE REILLE,0,,2,2,0,2,(1),(1),1,, -1,1,0,4,50,30,4,2021,15:30,1,75,75114,2,3,0,6,AVENUE REILLE,48.824471,2.338349,15,2,1
202100012514,179Â 342,A01,7,2,1,5,1,-1,-1,0,0,-1,2021,19.0,2,2,8,0,7,13,1,,3,,-1,,2,1,0,2,26,600,1,,3,1,0,3,50,18,10,2021,19:30,5,972,97216,2,1,0,6,19 Rue Bellevue,14.81527,-61.028371,19,3,1
202100002954,196Â 492,B01,10,3,2,5,0,-1,-1,3,3,1,2021,72.0,1,2,0,2,4,16,1,,3,IENA -ALLEE D'- NÂ° IMPAIRS JUSQU'AU 51,0,,1,2,0,1,1,0,1,, -1,1,0,1,50,14,12,2021,16:43,1,11,11069,2,3,0,2,IENA -ALLEE D'- NÂ° IMPAIRS JUSQU'AU 51,43.2141,2.345,16,3,2
202100039375,131Â 219,B01,1,1,1,2,0,-1,-1,0,0,-1,2021,13.0,1,1,0,2,1,0,5,,3,,-1,,2,1,1,1,1,2,3,,4,1,0,5,30,20,5,2021,08:00,1,91,91461,2,1,0,6,Rue de la Maison Rouge,48.595504,2.227435,8,2,2
202100025916,155Â 362,A01,1,1,2,5,1,-1,-1,0,0,-1,2021,68.0,1,2,0,2,3,1,1,,3,972,0,,2,2,0,1,(1),(1),1,, -1,1,0,1,80,2,8,2021,18:15,1,50,50483,1,1,0,5,Rue de la Mer,49.104114,-1.18162,18,5,3
202100013241,178Â 073,B01,1,1,1,9,2,8,-1,-1, -1,-1,2021,19.0,2,1,0,2,1,1,1,,4,PRESIDENT PIERRE ANGOT DU,0,,2,2,0,1,0,0,1,, -1,1,0,1,50,14,10,2021,07:35,2,64,64445,2,3,0,3,PRESIDENT PIERRE ANGOT DU,43.3197842405,-0.3672909737,7,2,2
202100029096,149Â 739,A01,10,3,2,3,0,-1,-1,3,3,2,2021,76.0,1,2,0,1,1,1,1,,7,PARIS. ROUTE DE,0,,2,2,0,1,12,500,1,, -1,1,0,1,50,13,7,2021,15:00,1,76,76429,2,1,0,7,PARIS. ROUTE DE,49.4161,1.13381,15,3,1
202100041923,126Â 683,B01,1,1,1,3,1,0,-1,0,0,-1,2021,34.0,2,2,0,2,3,23,1,,7,COLLE AVENUE DE LA,0,,4,3,0,2,(1),(1),1,, -1,1,0,1,50,28,4,2021,10:00,1,6,6027,2,9,0,1,COLLE AVENUE DE LA,43.66173,7.127568,10,2,2
202100023822,159Â 045,A01,1,1,2,0,1,0,-1,-1, -1,-1,2021,29.0,1,2,0,2,4,1,1,,1,A51-Sens Aix en Provence vers Marseille,0,,3,3,0,1,3,500,1,, -1,1,0,1,90,17,8,2021,18:50,1,13,13019,1,1,0,2,A51-Sens Aix en Provence vers Marseille,43.4255055108,5.3774814604,18,3,2
202100021620,162Â 985,B01,1,1,1,5,2,6,-1,-1, -1,-1,2021,55.0,3,1,0,2,1,1,1,,4,CHURCHILL (BOULEVARD WINSTON),0,,3,4,0,1,(1),(1),1,, -1,1,0,1,50,30,8,2021,14:14,1,37,37261,2,2,0,6,CHURCHILL (BOULEVARD WINSTON),47.3731255903,0.6891396903,14,2,2
202100035266,138Â 662,A01,1,1,1,0,2,0,-1,-1, -1,-1,2021,44.0,1,1,0,2,2,3,1,,7,MENDES FRANCE (AVENUE PRESIDENT PIERRE,0,,3,2,0,1,2,175,1,, -1,1,0,1,70,9,6,2021,18:15,1,34,34172,2,1,0,4,MENDES FRANCE (AVENUE PRESIDENT PIERRE,43.6075,3.92367,18,3,3
202100035873,137Â 562,B01,1,1,1,0,1,0,-1,-1, -1,-1,2021,40.0,1,2,0,2,3,15,1,,3,PERRIN (SECTEUR),0,,-1,2,0,1,(1),(1),1,, -1,1,0,1,50,7,6,2021,08:20,1,971,97101,1,1,0,3,PERRIN (SECTEUR),16.29887,-61.51127,8,4,2
202100038528,132Â 771,B01,1,1,1,1,2,6,-1,0,0,-1,2021,19.0,3,1,0,2,1,17,1,,4,AVENUE PAUL DOUMER,0,,-1,2,0,1,(1),(1),1,, -1,2,0,1,50,24,5,2021,14:00,1,75,75116,2,3,1,3,AVENUE PAUL DOUMER,48.861317,2.28418,14,2,2
202100042416,125Â 807,C01,1,1,1,4,1,0,-1,-1, -1,-1,2021,31.0,2,2,0,2,1,1,1,,2,RN 118,0,,3,3,0,2,10,100,1,, -1,1,0,1,110,27,4,2021,09:50,1,91,91471,1,1,0,5,RN 118,48.71243,2.18251,9,3,3
202100041234,127Â 897,A01,1,1,2,5,1,-1,-1,-1,0,-1,2021,22.0,1,2,0,2,1,1,1,,2,RN 104,0,,3,5,0,1,4,400,1,, -1,2,0,1,90,6,5,2021,16:00,1,95,95042,1,1,1,5,RN 104,49.05673,2.2929,16,3,3
202100035432,138Â 382,A01,1,1,1,5,2,6,-1,-1, -1,-1,2021,25.0,1,1,0,2,1,2,1,,1,A12 Y,0,,3,6,0,2,6,70,1,, -1,1,0,1,90,9,6,2021,19:15,1,78,78073,1,1,0,2,A12 Y,48.80104,2.0461,19,2,2
202100021925,162Â 434,B01,1,1,1,5,2,0,-1,-1, -1,-1,2021,27.0,3,1,0,2,1,0,5,,7,HIPPODROME AV DE L NÂ°237 AU389,0,,2,1,1,1,(1),(1),1,, -1,2,0,1,50,29,8,2021,09:15,1,59,59328,2,1,1,3,HIPPODROME AV DE L NÂ°237 AU389,50.64488,3.02841,9,2,2
202100009858,184Â 079,A01,1,1,2,3,1,-1,-1,0,0,-1,2021,70.0,2,2,0,2,1,1,1,,3,64,-1,,2,2,0,1,4,674,1,, -1,1,8,1,50,3,11,2021,09:00,1,34,34299,1,1,0,2,CD64,43.278736,3.285856,9,2,2
202100013316,177Â 944,B01,1,1,1,9,2,6,-1,0,0,-1,2021,45.0,3,1,0,2,8,19,5,,4,QUAI DE L HOTEL DE VILLE,0,,2,4,1,1,(1),(1),1,, -1,1,-1,5,30,14,10,2021,08:20,1,75,75104,2,2,0,3,QUAI DE L HOTEL DE VILLE,48.855347,2.352838,8,2,2
202100033117,142Â 559,A01,7,2,1,0,1,-1,-1,0,0,-1,2021,21.0,3,2,2,0,3,0,1,,4,,-1,,-1,2,0,2,(1),(1),3,,4,2,0,3,50,22,6,2021,01:45,3,55,55258,1,1,1,7,Fort de Gironville (ChÃ¢teau),48.787326,5.670885,1,3,1
202100053591,105Â 924,B01,1,1,2,1,1,-1,-1,-1, -1,-1,2021,30.0,1,2,0,2,3,1,1,,3,JOLIOT CURIE (RUE),0,,2,2,0,1,0,120,1,, -1,1,5,1,50,25,1,2021,14:15,1,50,50129,2,2,0,3,JOLIOT CURIE (RUE),49.6297,-1.64244,14,2,2
202100038347,133Â 087,A01,1,1,1,0,2,0,-1,0,0,-1,2021,28.0,2,1,0,2,1,1,1,,4,BLATIN (RUE),0,,1,2,0,1,(1),(1),1,, -1,1,0,1,50,24,5,2021,21:50,2,63,63113,2,2,0,3,BLATIN/ Bonnabaud,45.77683,3.07868,21,2,2
202100008728,186Â 132,A01,10,3,1,0,0,-1,-1,3,3,1,2021,28.0,1,2,0,1,1,1,1,,4,SCHWEITZER (AVE DU DOCTEUR ALBERT),0,,3,2,2,1,(1),(1),1,, -1,1,0,1,50,4,11,2021,17:25,1,33,33318,2,2,0,6,Avenue du Docteur Albert Schweitzer,44.80284,-0.61338,17,2,1
202100014690,175Â 455,A01,2,2,1,5,8,-1,-1,0,0,-1,2021,18.0,1,2,0,2,1,13,1,,3,32,0,,2,2,0,2,14,200,1,, -1,2,0,1,80,4,10,2021,12:45,1,34,34221,1,1,1,1,RD 32,43.7189200782,3.6236657189,12,3,2
202100010730,182Â 551,A01,10,3,2,0,0,-1,-1,5,9,1,2021,61.0,2,1,8,1,2,1,1,,4,FRANÃOISE DUPARC (BOULEVARD),0,,2,5,3,1,(1),(1),1,, -1,1,0,4,50,27,10,2021,12:30,1,13,13204,2,1,0,6,FRANÃOISE DUPARC (BOULEVARD),43.3052647711,5.4008747946,12,2,1