Num_Acc,id_vehicule,num_veh,place,catu,sexe,trajet,secu1,secu2,secu3,locp,actp,etatp,year_acc,victim_age,senc,catv,obs,obsm,choc,manv,motor,occutc,catr,voie,v1,v2,circ,nbv,vosp,prof,pr,pr1,plan,lartpc,larrout,surf,infra,situ,vma,jour,mois,an,hrmn,lum,dep,com,agg_,int,atm,col,adr,lat,long,hour,nb_victim,nb_vehicules
202100040110,129Â 903,A01,2,2,2,5,1,-1,-1,0,0,-1,2021,36.0,1,2,9,0,1,1,1,,3,111,0,A,2,2,0,2,0,400,3,, -1,1,0,3,50,13,5,2021,18:00,1,4,4176,2,1,0,6,RD 111 A,43.760727,6.149935,18,2,1
202100004590,193Â 572,A01,1,1,1,5,1,9,-1,0,0,-1,2021,73.0,2,2,17,0,3,0,1,,1,A65,-1,,1,4,0,4,140,400,1,, -1,2,0,2,110,6,12,2021,15:40,1,64,64073,1,9,1,6,A 65 PK 140.400 sens PAU / LANGON,43.434068,-0.419326,15,1,1
202100017500,170Â 345,B01,10,3,1,5,0,-1,-1,3,3,2,2021,73.0,2,2,0,1,4,23,1,,4,AVENUE DAUMESNIL,0,,2,6,0,2,(1),(1),1,, -1,1,0,1,30,22,9,2021,19:15,2,75,75112,2,4,0,6,AVENUE DAUMESNIL,48.838907669,2.3974414253,19,4,2
202100037881,133Â 951,A01,1,1,1,0,2,6,-1,0,0,-1,2021,25.0,1,1,0,2,1,15,1,,2,2,0,N,2,2,0,1,(1),(1),1,, -1,1,0,1,50,28,5,2021,13:20,1,974,97412,2,1,0,3,322 Rue RaphaÃ«l Babet,-21.379266,55.62404,13,2,2
202100013216,178Â 115,A01,1,1,1,5,2,6,-1,-1, -1,-1,2021,16.0,1,1,0,2,1,1,1,,4,TOUTES RUES,0,,2,2,0,1,0,0,4,, -1,1,2,1,30,14,10,2021,15:30,1,202,202037,2,1,0,3,TOUTES RUES,42.62164,9.44358,15,2,2
202100037463,134Â 700,B01,1,1,1,4,8,0,-1,-1, -1,-1,2021,34.0,2,1,0,2,1,15,0,,3,909,0,,-1,2,0,2,0,0,3,, -1,1,0,1,50,30,5,2021,21:30,2,92,92024,2,4,0,3,PIERRE BEREGOVOY (RUE),48.9009600911,2.2925537825,21,2,2
202100055409,102Â 805,A01,1,1,2,1,1,-1,-1,0,0,-1,2021,34.0,2,2,9,0,1,1,1,,3,13,2,,2,2,0,1,4,650,2,, -1,7,0,3,50,13,1,2021,00:20,5,68,68171,2,1,1,6,16 Grand Rue,47.924845,6.968606,0,1,1
202100025186,156Â 642,A01,1,1,1,5,2,6,-1,0,0,-1,2021,61.0,2,1,0,0,7,13,1,,3,437,0,D,2,2,0,2,4,830,3,, -1,2,0,1,80,8,8,2021,10:10,1,39,39478,1,1,0,7,,46.424069,5.857884,10,1,1
202100043128,124Â 583,B01,1,1,2,0,1,8,-1,-1, -1,-1,2021,56.0,3,2,0,2,7,1,1,,4,MANDELA  (BOULEVARD),0,,1,2,0,1,(1),(1),1,, -1,1,0,1,50,21,4,2021,07:25,1,973,97302,2,3,0,3,MANDELA  (BOULEVARD),4.94127,-52.3269,7,2,2
202100039657,130Â 708,A01,10,3,1,9,0,-1,-1,1,3,2,2021,16.0,3,5,0,1,2,14,1,,4,,-1,,2,2,0,1,(1),(1),1,, -1,1,0,1,50,17,5,2021,12:10,1,45,45252,2,1,0,6,Rue Louise Michel,48.185553,2.250411,12,2,1
202100015938,173Â 176,B01,1,1,1,3,2,6,-1,-1, -1,-1,2021,44.0,3,1,0,2,2,9,1,,4,CENTRE COMMERCIAL DES PORTES D'AVERMES,0,,2,2,0,1,(1),(1),1,, -1,1,0,1,50,30,9,2021,19:20,2,3,3013,2,6,1,3,CENTRE COMMERCIAL DES PORTES D'AVERMES,46.59047,3.322182,19,2,2
202100007005,189Â 237,A01,1,1,1,5,2,8,-1,-1, -1,-1,2021,15.0,1,1,0,2,1,21,1,,4,AV DE L ERMITAGE,0,,2,2,0,1,0,100,1,, -1,1,0,1,50,20,11,2021,16:50,1,91,91114,2,9,0,2,AV DE L ERMITAGE,48.689259,2.491143,16,2,2
202100026693,153Â 999,B01,1,1,1,1,0,0,-1,-1, -1,-1,2021,22.0,2,1,0,2,8,25,3,,3,CARRIERES (QU DES),0,,2,3,0,1,1,0,1,, -1,2,0,4,30,27,7,2021,18:05,1,94,94018,2,1,0,3,Quai des Carrieres,48.81953,2.40669,18,2,2
202100018778,168Â 074,A01,2,2,1,5,1,0,-1,-1, -1,-1,2021,19.0,1,2,2,0,9,14,1,,3,GRANDOU (AVENUE MICHEL),0,,2,2,0,1,3,100,1,, -1,1,0,4,50,10,9,2021,04:45,5,24,24557,2,1,0,6,GRANDOU (AVENUE MICHEL),45.19038,0.74122,4,3,1
202100044722,121Â 775,B01,1,1,1,1,2,8,-1,-1, -1,-1,2021,33.0,1,1,0,2,4,1,5,,3,AV DU GENERAL GALLIENI ,0,,2,4,2,1,1,0,1,, -1,1,0,5,30,8,4,2021,15:40,1,94,94042,2,1,0,3,Avenue du GÃ©nÃ©ral GalliÃ©ni,48.820085,2.476883,15,3,2
202100012625,179Â 145,A01,1,1,1,5,2,-1,-1,-1, -1,-1,2021,22.0,1,1,0,2,1,1,1,,4,GENERAL DE GAULLE                   (BD),0,,2,2,0,2,(1),(1),1,, -1,1,0,1,50,13,10,2021,16:45,1,69,69149,2,2,0,3,FRANCISQUE JOMARD (R),45.7176,4.79062,16,2,2
202100037142,135Â 302,A01,1,1,2,0,1,0,-1,-1, -1,-1,2021,20.0,2,2,0,2,5,12,1,,1,6,0,,3,8,0,1,28,459,1,, -1,1,0,1,90,1,6,2021,09:13,1,91,91340,1,1,0,5,AUTOROUTE A6,48.60411,2.43695,9,4,4
202100047910,116Â 097,A01,10,3,2,0,8,8,-1,3,3,1,2021,78.0,3,2,0,1,2,1,1,,4,,0,,2,2,0,1,0,100,1,, -1,1,0,1,30,15,3,2021,17:56,1,91,91691,2,1,0,6,CHARLE DE GAULLE(RUE),48.71038,2.48077,17,2,1
202100038273,133Â 235,B01,1,1,1,0,2,-1,-1,0,0,-1,2021,54.0,1,1,0,2,1,1,1,,3,840,-1,,2,2,0,1,45,200,1,, -1,1,0,1,80,27,5,2021,14:30,1,27,27428,1,1,0,1,RD 840,49.132767,0.906308,14,2,2
202100014217,176Â 281,A01,10,3,1,5,0,-1,-1,5,1,1,2021,51.0,1,2,0,2,7,17,1,,3,GENERAL LECLERC (AV DU),0,,3,4,0,1,0,0,1,, -1,1,0,1,50,9,10,2021,18:30,1,94,94046,2,1,0,6,GENERAL LECLERC (AV DU),48.8141,2.42528,18,4,2
202100012392,179Â 559,A01,1,1,1,5,2,-1,-1,-1,0,-1,2021,16.0,3,1,9,0,1,25,1,,4,AV DIVISION LECLERC,0,,1,1,0,1,(1),(1),1,, -1,1,0,4,30,18,10,2021,12:35,1,95,95268,2,9,0,7,AV DIVISION LECLERC,48.96707,2.40317,12,1,1
202100047737,116Â 421,B01,1,1,2,5,2,0,-1,-1, -1,-1,2021,58.0,3,0,0,2,1,0,3,,4,SALENGRO (R ROGER),0,,2,2,0,1,(1),(1),1,, -1,2,0,1,50,30,1,2021,16:00,1,62,62528,2,3,1,3,SALENGRO (R ROGER),50.446639,2.802198,16,2,2
202100041135,128Â 079,A01,1,1,1,4,2,6,-1,0,0,-1,2021,20.0,1,1,0,2,1,17,3,,4,RUE DE CRIMEE,0,,2,2,0,2,(1),(1),1,, -1,2,0,1,50,6,5,2021,13:30,1,75,75119,2,1,1,2,RUE DE CRIMEE,48.883529,2.384966,13,2,2
202100026676,154Â 022,B01,1,1,1,5,1,0,-1,0,0,-1,2021,65.0,1,2,0,2,8,1,1,,4,PORTE DE VINCENNES,0,,1,4,0,1,32,0,1,, -1,1,0,1,70,25,7,2021,22:30,3,75,75112,2,7,0,1,PORTE DE VINCENNES,48.845831,2.414209,22,3,2
202100031020,146Â 289,A01,10,3,2,5,0,-1,-1,3,3,1,2021,18.0,1,2,0,1,1,1,1,,4,GRANDE BRETAGNE (AVENUE DE),0,,2,2,0,1,(1),(1),1,, -1,1,0,1,50,30,6,2021,17:04,1,66,66136,2,1,0,6,GRANDE BRETAGNE (AVENUE DE),42.6994519169,2.8826370835,17,2,1
202100014572,175Â 660,A01,1,1,1,0,8,0,-1,-1, -1,-1,2021,53.0,3,1,0,2,1,17,0,,3,D21B,0,,2,2,0,2,6,426,1,, -1,1,0,1,50,7,10,2021,18:00,1,77,77059,2,1,0,3,D217B,48.85017,2.66357,18,2,2
202100054135,104Â 982,A01,10,3,1,3,0,-1,-1,2,3,1,2021,21.0,3,2,0,1,3,2,1,,4,,0,,2,2,0,1,(1),(1),1,, -1,1,0,1,50,22,1,2021,17:40,2,51,51559,2,1,0,7,Ruelle des Deux Avenues,49.1280100533,4.5355767679,17,2,1
202100051273,110Â 024,B01,1,1,2,0,1,8,-1,-1, -1,-1,2021,32.0,1,2,0,2,8,1,1,,3,R D 900,0,,3,4,0,1,25,545,1,, -1,1,0,1,90,15,2,2021,15:14,1,66,66136,1,1,0,3,R D 900,42.67939,2.87349,15,2,2
202100010820,182Â 390,A01,1,1,1,1,8,-1,-1,0,0,-1,2021,26.0,1,2,0,0,1,1,1,,3,153,-1,,2,2,0,1,17,250,2,, -1,1,0,3,80,27,10,2021,21:00,3,60,60528,1,1,0,7,D153,49.243282,1.874585,21,1,1
202100029989,148Â 189,B01,1,1,1,0,1,-1,-1,-1, -1,-1,2021,70.0,2,2,0,2,1,15,1,,4,RUE DES GAROSSES,0,,2,2,0,2,(1),(1),1,, -1,1,0,1,50,6,7,2021,14:35,1,33,33249,2,3,0,5,Rue des Garosses,44.8764199563,-0.5179394896,14,3,3
202100037712,134Â 257,A01,1,1,1,5,8,-1,-1,0,0,-1,2021,32.0,1,2,6,0,3,1,1,,3,932,-1,,2,2,0,2,(1),(1),3,, -1,1,0,1,50,30,5,2021,02:10,5,59,59412,2,1,0,6,29 ChaussÃ©e Brunehaut,50.121111,3.542506,2,1,1
202100052960,107Â 054,A01,1,1,1,4,8,-1,-1,-1, -1,-1,2021,26.0,2,5,0,2,2,17,1,,1,46,0,,3,4,0,2,42,299,1,, -1,2,0,1,90,1,2,2021,04:00,3,69,69290,1,1,1,2,A46S,45.6926798037,4.9683762789,4,2,2
202100042532,125Â 600,B01,1,1,1,5,8,-1,-1,0,0,-1,2021,87.0,3,2,0,2,1,19,1,,3,24,-1,,2,2,0,3,11,950,1,, -1,1,0,3,80,26,4,2021,18:58,1,29,29217,1,2,0,3,Lieu-dit Ker Eol,47.865839,-3.764083,18,3,2
202100010681,182Â 626,B01,2,2,2,0,1,0,-1,-1, -1,-1,2021,32.0,1,2,0,2,8,1,1,,3,CATAYEE (JUSTIN),0,,2,2,0,1,1,500,1,, -1,1,0,1,50,27,10,2021,14:45,1,973,97302,2,1,0,6,CATAYEE (JUSTIN),4.92863,-52.32534,14,3,2
202100000808,200Â 277,A01,2,2,1,0,8,-1,-1,-1, -1,-1,2021,21.0,2,2,3,2,2,11,1,,1,A43   0.550 A 3.353,0,,2,7,0,1,1,700,1,, -1,2,0,1,70,29,12,2021,05:55,3,69,69029,1,1,0,2,A43,45.7284104229,4.9025447575,5,3,2
202100016966,171Â 295,B01,1,1,1,5,2,8,-1,0,0,-1,2021,66.0,2,1,0,2,8,1,0,,4,,0,,2,2,0,1,0,0,1,, -1,1,0,1,50,22,9,2021,16:30,1,14,14487,2,1,0,6,VALLEE (ROUTE),49.19247,0.22249,16,2,2
202100013634,177Â 345,B01,1,1,1,0,0,0,-1,-1, -1,-1,2021,55.0,3,1,0,2,1,1,3,,4,NATIONALE (RUE),0,,2,2,0,1,(1),(1),1,, -1,2,0,6,50,12,10,2021,17:20,1,59,59599,2,1,1,3,NATIONALE (RUE),50.7245447897,3.1536691332,17,2,2
202100034204,140Â 608,A01,1,1,2,4,2,6,-1,0,0,-1,2021,34.0,3,1,0,1,1,17,1,,4,AVENUE DE L HIPPODROME,0,,2,3,0,1,(1),(1),1,, -1,1,0,1,50,15,6,2021,09:35,1,75,75116,2,1,0,6,AVENUE DE L HIPPODROME,48.858381,2.256647,9,2,1
202100014254,176Â 212,B01,1,1,1,5,2,-1,-1,0,0,-1,2021,15.0,3,1,0,2,1,1,1,,3,0,0,A,2,2,0,2,0,0,1,, -1,1,5,1,50,8,10,2021,18:20,1,22,22251,1,3,0,3,Rue des Grands Clos (Pordic),48.571763,-2.823757,18,2,2
202100052233,108Â 340,B01,1,1,1,5,2,0,-1,-1, -1,-1,2021,24.0,2,1,0,2,1,1,1,,3,GABRIEL-PERI (AV),0,,2,2,0,2,0,1,1,, -1,2,0,1,50,6,2,2021,22:50,5,93,93070,2,3,1,3,GABRIEL-PERI (AV),48.9024149906,2.3306250572,22,2,2
202100021299,163Â 582,B01,1,1,2,1,2,0,-1,0,0,-1,2021,26.0,1,1,0,2,1,17,5,,4,BOULEVARD MASSENA,0,,3,2,1,1,(1),(1),1,, -1,1,0,5,30,2,9,2021,10:15,1,75,75113,2,2,0,3,BOULEVARD MASSENA,48.8193400865,2.3619745459,10,2,2
202100023485,159Â 649,A01,1,1,1,3,1,-1,-1,0,0,-1,2021,38.0,2,2,13,2,2,1,1,,3,939,0,,2,2,0,3,199,240,1,, -1,1,0,1,80,20,8,2021,16:00,1,62,62081,1,2,0,3,D939,50.220028,3.051174,16,2,2
202100008128,187Â 195,C01,1,1,1,4,1,4,-1,-1, -1,-1,2021,26.0,1,2,0,2,4,2,1,,1,A4.Y,0,,3,6,0,1,20,400,1,, -1,2,0,1,110,15,11,2021,19:20,2,77,77146,1,1,1,6,A4.Y,48.8321,2.654,19,4,4
202100005001,192Â 849,A01,1,1,2,1,1,-1,-1,-1, -1,-1,2021,21.0,2,2,0,2,2,1,0,,1,A6   442.500 A 445.030,0,,3,6,0,1,444,299,1,, -1,1,0,1,130,2,12,2021,17:50,5,69,69116,1,1,0,4,A6   442.500 A 445.030,45.83406,4.75899,17,3,3
202100031997,144Â 550,A01,2,2,2,5,8,0,-1,-1, -1,-1,2021,17.0,3,5,0,2,1,17,1,,4,LIVRY (AVENUE DE),0,,2,2,0,1,0,0,1,, -1,2,0,1,50,27,6,2021,22:50,5,93,93071,2,9,1,3,Avenue de Livry,48.934164542,2.5354532897,22,3,2
202100032091,144Â 388,B01,2,2,2,9,1,0,-1,-1, -1,-1,2021,26.0,2,2,1,2,2,21,1,,2,TOULOUSE RN 126 (RTE DE),0,,3,4,0,1,51,575,1,, -1,1,0,1,90,26,6,2021,10:50,1,81,81065,1,1,0,3,TOULOUSE RN 126 (RTE DE),43.590255,2.199896,10,3,2
202100016309,172Â 485,A01,2,2,1,5,2,-1,-1,0,0,-1,2021,38.0,1,1,6,0,8,0,1,,2,6,-1,,2,2,0,2,(1),(1),3,, -1,1,0,3,50,29,9,2021,19:15,5,971,97122,2,1,0,6,Lalanne,16.414598,-61.519006,19,2,1
202100021751,162Â 753,A01,10,3,1,0,0,-1,-1,1,3,1,2021,13.0,1,2,0,1,1,1,1,,2,BANK (BOULEVARD),0,,-1,2,0,1,42,0,1,, -1,1,0,1,50,30,8,2021,16:05,1,974,97416,2,1,0,6,BANK (BOULEVARD),-21.3306082277,55.4742479322,16,2,1
202100026449,154Â 422,B01,1,1,1,0,2,0,-1,-1, -1,-1,2021,52.0,2,1,0,2,1,1,1,,4,EMPEREUR (ALLEE DE L'),0,,2,2,0,2,0,0,1,, -1,1,0,1,50,28,7,2021,18:05,1,64,64024,2,4,0,3,EMPEREUR (ALLEE DE L'),43.51705,-1.50357,18,2,2
202100016091,172Â 883,B01,1,1,2,0,1,0,-1,-1, -1,-1,2021,30.0,2,2,0,2,4,23,1,,3,NATIONALE 7 (ROUTE),0,,1,2,0,1,0,0,1,, -1,1,5,1,50,28,9,2021,15:45,1,91,91286,2,9,0,2,NATIONALE 7 (ROUTE),48.667024,2.395832,15,2,2
202100012441,179Â 473,A01,10,3,1,3,0,-1,-1,3,3,1,2021,73.0,2,2,0,1,2,2,1,,3,PATTON (AVENUE),0,,2,2,0,1,(1),(1),1,, -1,1,0,1,50,18,10,2021,09:10,1,54,54273,2,1,1,6,PATTON (AVENUE),49.16115,5.87326,9,2,1
202100037529,134Â 584,A01,1,1,1,0,1,-1,-1,0,0,-1,2021,29.0,0,2,3,0,2,0,1,,1,7,0,A,3,6,0,1,12,900,1,, -1,1,0,1,130,30,5,2021,03:45,5,69,69296,1,1,0,6,A7,45.6434446849,4.8289190182,3,1,1
202100052876,107Â 198,A01,10,3,1,9,0,-1,-1,3,3,1,2021,14.0,0,2,0,1,7,1,1,,4,JOFFRE (AVENUE DU MARECHAL CD 88),0,,2,3,3,1,0,0,1,, -1,1,0,1,50,1,2,2021,17:00,1,66,66136,2,1,0,6,JOFFRE (AVENUE DU MARECHAL CD 88),42.71175,2.89017,17,2,1
202100029818,148Â 489,B01,1,1,2,9,8,0,-1,0,0,-1,2021,30.0,1,1,0,2,4,2,5,,4,QUAI DE CONTI,0,,2,5,1,1,(1),(1),1,, -1,1,0,5,50,8,7,2021,23:23,5,75,75106,2,3,0,2,QUAI DE CONTI,48.857862,2.336231,23,2,2
202100055320,102Â 946,B01,1,1,1,1,1,0,-1,-1, -1,-1,2021,53.0,2,2,0,2,4,2,1,,2,PORTE D'ANGERS,0,,3,4,0,1,7,315,1,, -1,1,0,1,90,12,1,2021,07:50,2,35,35238,1,1,0,2,PORTE D'ANGERS,48.0815,-1.6512,7,2,2
202100047288,117Â 237,B01,9,2,2,1,1,-1,-1,0,0,-1,2021,32.0,3,2,0,2,1,0,1,,3,792,0,,2,2,0,1,(1),(1),1,, -1,1,0,1,50,19,3,2021,22:30,3,22,22046,2,1,0,1,Route de Collinee (Saint-Gilles-du-MenÃ©),48.24888,-2.548469,22,5,2
202100020491,165Â 010,B01,1,1,2,1,1,0,-1,-1, -1,-1,2021,54.0,2,2,0,2,1,16,1,,3,AV MARCEL SEMBAT,0,,2,2,0,1,0,0,1,, -1,1,0,1,30,6,9,2021,07:20,1,91,91027,2,9,0,3,AV MARCEL SEMBAT,48.70803,2.37991,7,2,2
202100027546,152Â 492,B01,1,1,2,5,0,-1,-1,-1, -1,-1,2021,21.0,2,1,0,2,7,1,5,,4,LECLERC (BD DU MAL) DU 01 ET +,0,,-1,1,1,1,(1),(1),1,, -1,1,0,5,30,22,7,2021,13:55,1,33,33009,2,1,0,3,Boulevard MarÃ©chal Leclerc,44.65924,-1.16453,13,3,2
202100051423,109Â 773,A01,1,1,2,0,2,0,-1,-1, -1,-1,2021,51.0,2,1,0,0,8,2,1,,4,MAIGNON (GIRATOIRE DE),0,,2,2,0,1,0,0,2,, -1,1,0,1,50,15,2,2021,13:35,1,64,64102,2,6,0,7,MAIGNON (GIRATOIRE DE),43.46618,-1.49456,13,1,1
202100054637,104Â 126,A01,1,1,1,5,1,-1,-1,0,0,-1,2021,87.0,1,2,7,0,3,1,1,,3,32,-1,,2,2,0,1,3,240,2,, -1,1,0,3,50,18,1,2021,16:30,1,9,9223,2,6,1,6,RD32,42.8802957935,1.2156103824,16,1,1
202100002602,197Â 130,A01,10,3,2,0,0,-1,-1,5,2,1,2021,75.0,1,5,0,1,4,20,1,,4,FRANÃOIS MITTERRAND (ALLEE),0,,2,2,0,1,0,0,3,, -1,1,0,4,30,15,12,2021,11:40,1,67,67218,2,1,0,6,FRANÃOIS MITTERRAND (ALLEE),48.52683,7.70719,11,2,1
202100048192,115Â 613,A01,9,2,1,4,1,-1,-1,0,0,-1,2021,27.0,1,4,13,0,1,1,1,,3,11,-1,,2,2,0,2,1,200,3,, -1,2,0,3,80,13,3,2021,15:55,1,10,10287,1,1,1,7,Route de BrÃ©vonnes,48.36269,4.352828,15,6,1
202100041881,126Â 763,B01,1,1,2,1,1,0,-1,-1, -1,-1,2021,35.0,2,2,0,2,1,1,1,,3,ROCADE OUEST (RD 910),0,,2,6,0,1,55,910,1,, -1,1,5,1,70,29,4,2021,18:15,1,86,86194,1,2,0,3,Rocade Nord Ouest,46.578866,0.315119,18,2,2
202100007864,187Â 682,A01,10,3,2,2,8,8,-1,3,3,1,2021,13.0,1,2,0,1,1,15,0,,4,DIDEROT,0,,1,1,0,1,0,0,1,, -1,1,0,1,50,16,11,2021,16:55,2,93,93066,2,2,0,6,DIDEROT,48.93544,2.37868,16,2,1
202100035223,138Â 740,A01,1,1,1,4,2,6,-1,-1,0,-1,2021,25.0,3,1,0,2,1,1,1,,4,JULES CESAR (CHAUSSEE),0,,2,2,0,1,(1),(1),1,, -1,1,0,1,50,10,6,2021,13:15,1,95,95476,2,1,0,1,ChaussÃ©e Jules CÃ©sar,49.0554319237,2.0564818382,13,2,2
202100050471,111Â 477,B01,1,1,2,0,1,0,-1,-1, -1,-1,2021,31.0,2,2,0,2,1,2,1,,4,EPITAPHE CHEMIN DE L',0,,2,2,0,1,(1),(1),1,, -1,1,0,1,50,23,2,2021,16:17,1,25,25056,2,1,0,5,EPITAPHE CHEMIN DE L',47.248706,5.996548,16,3,3
202100027934,151Â 775,A01,1,1,2,1,1,8,-1,0,0,-1,2021,59.0,1,2,0,2,3,1,1,,3,CHATEAUNEUF (Route de),0,,2,2,0,1,2,200,1,, -1,1,0,1,70,5,7,2021,19:10,1,26,26198,2,1,0,3,135 Route de Chateauneuf,44.53052,4.73644,19,2,2
202100014703,175Â 430,B01,1,1,1,4,1,-1,-1,0,0,-1,2021,30.0,1,4,0,2,3,1,1,,1,1,0,A,1,3,0,3,156,200,1,,"13,5",1,0,1,130,8,10,2021,05:00,4,62,62259,1,1,0,2,A1,50.188509,2.872903,5,3,2
202100043060,124Â 706,A01,1,1,1,9,1,0,-1,0,0,-1,2021,27.0,1,2,0,2,6,11,2,,4,QUAI DE LA RAPEE,0,,1,3,3,1,(1),(1),2,, -1,1,0,1,50,22,4,2021,19:45,1,75,75112,2,2,0,3,QUAI DE LA RAPEE,48.845849,2.367636,19,2,2
202100048338,115Â 353,A01,1,1,1,0,0,-1,-1,0,0,-1,2021,32.0,1,2,16,0,9,1,1,,2,3,0,,2,2,0,1,45,280,3,, -1,1,0,3,110,13,3,2021,15:50,1,988,98808,1,1,0,7,Tribu de Medaouya,-21.291594,165.512418,15,1,1
202100056358,101Â 163,A01,1,1,1,5,1,-1,-1,0,0,-1,2021,49.0,0,2,15,0,1,1,1,,4,VC,0,,2,2,0,1,(1),(1),1,, -1,1,0,1,80,3,1,2021,21:05,3,46,46231,1,1,0,6,Lieu Dit Inganels,44.495373,1.115777,21,1,1
202100046770,118Â 169,A01,1,1,1,1,2,0,-1,-1, -1,-1,2021,37.0,1,1,0,2,1,0,1,,7,L'ENJOLRAS (AVE DE),0,,2,2,0,1,9,100,1,, -1,1,0,1,50,23,3,2021,18:05,2,13,13075,2,3,0,3,L'ENJOLRAS (AVE DE),43.3376,5.45281,18,2,2
202100039826,130Â 390,A01,2,2,1,9,1,5,-1,-1, -1,-1,2021,23.0,2,2,0,2,1,1,1,,3,CARNOT (AVENUE) NÂ° IMPAIRS,0,,2,2,0,1,24,600,1,, -1,2,5,1,50,15,5,2021,15:50,1,19,19275,2,1,1,5,CARNOT (AVENUE) NÂ° IMPAIRS,45.5506928458,2.3128576071,15,7,3
202100043659,123Â 635,B01,1,1,2,5,1,0,-1,-1, -1,-1,2021,34.0,3,2,0,2,2,15,1,,3,FOCH(AVENUE DU MARECHAL),0,,2,2,0,1,0,0,1,, -1,1,0,1,50,17,4,2021,10:15,1,94,94028,2,3,0,3,FOCH(AVENUE DU MARECHAL),48.78761,2.43589,10,2,2
202100047374,117Â 093,B01,1,1,1,0,8,0,-1,-1, -1,-1,2021,58.0,0,1,0,2,0,0,1,,4,BARRY (BOULEVARD),0,,2,2,0,1,(1),(1),1,, -1,2,0,1,50,19,3,2021,08:45,1,13,13213,2,1,1,3,BARRY (BOULEVARD),43.3192377161,5.4115030945,8,2,2
202100021227,163Â 718,A01,1,1,1,5,1,0,-1,-1, -1,-1,2021,21.0,2,2,12,0,9,1,1,,3,LIBERATION (AVENUE DE LA),0,,3,2,0,2,5,500,1,, -1,1,0,1,50,30,8,2021,19:55,1,87,87065,2,1,0,6,LIBERATION (AVENUE DE LA),45.81166,1.34175,19,1,1
202100027172,153Â 144,B01,4,2,2,5,3,0,-1,-1, -1,-1,2021,3.0,2,2,0,2,6,2,1,,1,6,0,,1,3,0,1,10,500,1,, -1,2,0,1,110,25,7,2021,15:15,1,91,91689,1,1,1,2,AUTOROUTE A6,48.729,2.314,15,4,2
202100029865,148Â 408,B01,1,1,1,0,2,6,-1,0,0,-1,2021,42.0,2,1,0,2,7,1,1,,3,4,0,,2,2,0,1,12,300,2,, -1,1,0,1,80,9,7,2021,19:35,1,68,68366,1,6,0,3,D4,48.109845,7.43871,19,2,2
202100013169,178Â 208,A01,1,1,1,0,2,6,-1,0,0,-1,2021,58.0,1,1,0,0,0,1,1,,3,108,-1,,2,2,0,1,(1),(1),1,, -1,1,0,1,50,14,10,2021,13:55,1,85,85288,2,1,0,7,Rue du Chai,46.471785,-1.604503,13,1,1
202100002706,196Â 934,B01,1,1,1,4,8,-1,-1,0,0,-1,2021,58.0,1,5,0,0,4,23,1,,2,10,0,N,3,2,0,1,41,800,1,,"10,5",1,0,5,110,17,12,2021,19:54,3,16,16078,1,9,0,2,ROUTE NATIONALE 10,45.730419,0.188055,19,2,2
202100007826,187Â 757,A01,1,1,2,5,1,5,-1,0,0,-1,2021,49.0,0,2,0,2,1,1,1,,4,POTIER (CHEMIN),0,,2,2,0,1,(1),(1),1,, -1,1,0,1,50,9,11,2021,08:40,1,27,27229,2,1,0,4,POTIER (CHEMIN),49.0023976,1.1284504,8,4,4
202100021273,163Â 631,B01,1,1,1,5,2,6,-1,-1, -1,-1,2021,27.0,1,1,0,0,0,0,0,,4,LIBERTE (BOULEVARD DE LA),0,,1,3,0,2,0,0,1,, -1,1,0,1,50,2,9,2021,02:30,5,13,13201,2,2,0,3,LIBERTE (BOULEVARD DE LA),43.30093,5.38245,2,2,2
202100028362,151Â 007,A01,1,1,1,9,2,6,-1,0,0,-1,2021,70.0,2,1,0,0,0,1,1,,2,30,-1,,2,2,0,2,10,600,1,, -1,1,0,1,70,19,7,2021,10:00,1,202,202150,1,1,0,7,T30,42.590184,8.836441,10,2,2
202100038720,132Â 419,B01,1,1,1,5,1,-1,-1,-1, -1,-1,2021,23.0,2,2,0,2,8,1,1,,7,M7   0.000 A 2.278,0,,1,3,0,4,2,0,3,, -1,1,0,1,70,14,3,2021,15:10,1,69,69382,1,1,0,2,M7,45.73199,4.81663,15,3,2
202100033560,141Â 777,B01,2,2,1,0,1,0,-1,-1, -1,-1,2021,18.0,2,2,0,2,1,1,1,,4,JULIEN PANCHOT (AVENUE),0,,2,2,0,1,0,0,1,, -1,1,0,1,50,17,6,2021,18:36,1,66,66136,2,1,0,3,JULIEN PANCHOT (AVENUE),42.68829,2.87486,18,3,2
202100052284,108Â 252,A01,1,1,1,5,1,-1,-1,0,0,-1,2021,18.0,2,2,8,0,1,1,1,,3,22,-1,,2,2,0,1,13,(1),2,, -1,2,0,3,80,7,2,2021,20:50,3,74,74287,1,1,0,6,Rte du Val d'Hermone,46.298258,6.53061,20,1,1
202100044003,123Â 022,B01,1,1,2,1,1,0,-1,-1, -1,-1,2021,28.0,1,2,1,2,4,2,1,,3,BEAUSEJOUR JAMBETTE (ROUTE DE ),0,,2,2,0,1,(1),(1),1,, -1,1,0,1,60,13,4,2021,08:57,1,972,97209,1,1,0,2,BEAUSEJOUR JAMBETTE (ROUTE DE ),14.62756,-61.04045,8,2,2