Num_Acc,id_vehicule,num_veh,place,catu,sexe,trajet,secu1,secu2,secu3,locp,actp,etatp,year_acc,victim_age,senc,catv,obs,obsm,choc,manv,motor,occutc,catr,voie,v1,v2,circ,nbv,vosp,prof,pr,pr1,plan,lartpc,larrout,surf,infra,situ,vma,jour,mois,an,hrmn,lum,dep,com,agg_,int,atm,col,adr,lat,long,hour,nb_victim,nb_vehicules
202100011067,181Â 942,B01,2,2,2,5,1,0,-1,-1, -1,-1,2021,74.0,2,2,0,2,3,1,1,,3,R.N.80,0,,2,2,0,2,43,845,3,, -1,1,5,1,50,24,10,2021,10:10,1,71,71540,1,1,0,1,D680,46.7674,4.45135,10,3,2
202100010085,183Â 675,A01,1,1,1,0,8,-1,-1,0,0,-1,2021,59.0,1,2,0,2,6,13,1,,3,,0,,2,2,0,1,8,36,2,,"5,5",3,0,1,70,30,10,2021,13:22,1,64,64256,2,1,1,3,D21,43.400018,-1.312757,13,3,2
202100016653,171Â 863,A01,1,1,2,5,2,8,-1,0,0,-1,2021,17.0,1,1,0,0,7,26,1,,4,avenue des mÃ©tiers,0,,2,2,0,1,(1),(1),1,, -1,2,0,1,70,26,9,2021,17:20,1,27,27701,2,1,0,7,avenue des mÃ©tiers,49.237495,1.1712543,17,1,1
202100039484,131Â 030,B01,1,1,1,1,8,0,-1,-1, -1,-1,2021,34.0,3,1,0,0,1,25,3,,3,GENERAL LECLERC(AVE DU)89/FIN ET 122/FIN,0,,3,1,3,1,0,0,1,, -1,1,5,1,50,18,5,2021,11:44,1,93,93055,2,9,0,3,GENERAL LECLERC(AVE DU)89/FIN ET 122/FIN,48.8991499155,2.4081301689,11,2,2
202100008915,185Â 785,A01,1,1,1,0,1,4,-1,-1, -1,-1,2021,31.0,2,2,4,2,3,18,1,,1,AUTOROUTE A1,0,,1,3,0,1,4,500,1,, -1,1,0,1,90,8,11,2021,05:15,3,93,93066,1,1,0,6,AUTOROUTE A1,48.9330286156,2.3763868249,5,2,2
202100040841,128Â 633,B01,1,1,2,5,1,-1,-1,0,0,-1,2021,54.0,3,2,0,2,3,16,1,,3,2,0,D,2,2,0,1,8,0,1,,4,1,0,1,80,9,5,2021,11:01,1,83,83127,1,3,0,3,D2,43.2873,5.883849,11,3,2
202100007733,187Â 935,A01,1,1,1,1,2,6,9,0,0,-1,2021,57.0,0,1,0,6,2,0,1,,3,609,0,D,2,2,0,2,10,700,1,, -1,2,0,1,80,17,11,2021,18:15,3,60,60010,1,1,0,6,D609,49.207,2.150145,18,1,1
202100017273,170Â 779,B01,1,1,2,1,2,6,9,0,0,-1,2021,25.0,1,1,0,2,1,1,1,,3,43,-1,,2,2,0,1,8,45,1,, -1,1,0,1,90,24,9,2021,17:15,1,88,88467,1,3,0,3,D43,47.9767427637,6.7272564769,17,3,2
202100041390,127Â 622,B01,1,1,2,1,1,0,-1,-1, -1,-1,2021,50.0,1,2,0,2,5,2,1,,1,AUTOROUTE A6,0,,3,3,0,3,17,700,1,, -1,1,0,1,90,5,5,2021,07:40,1,91,91589,1,1,0,2,AUTOROUTE A6,48.67389,2.34264,7,2,2
202100027742,152Â 123,B01,2,2,1,0,2,6,-1,-1, -1,-1,2021,24.0,3,1,0,2,7,1,1,,4,INDUSTRIE (BD DE L') DU 01 ET +,0,,2,2,0,1,(1),(1),1,, -1,1,0,1,50,21,7,2021,18:55,1,33,33529,2,2,0,3,Boulevard de lâIndustrie,44.614526,-1.1277484,18,4,2
202100017757,169Â 882,B01,1,1,1,5,0,-1,-1,0,0,-1,2021,58.0,1,1,0,2,4,2,5,,3,32,0,D,2,2,0,1,35,750,1,, -1,1,0,1,80,31,8,2021,12:35,1,24,24405,1,1,0,2,D32,44.912745,0.667784,12,3,3
202100013132,178Â 273,A01,1,1,1,1,1,0,-1,-1, -1,-1,2021,22.0,-1,2,0,2,1,1,0,,3,Route Nationale 3,0,,1,4,0,1,1,0,1,, -1,1,0,1,110,15,10,2021,17:00,1,93,93074,2,1,0,6,Route Nationale 3,48.93384,2.58546,17,1,1
202100024826,157Â 281,A01,1,1,2,5,2,-1,-1,0,0,-1,2021,71.0,1,0,0,0,0,11,3,,3,,-1,,2,2,0,3,(1),(1),1,,4,1,0,1,50,11,8,2021,19:00,1,14,14047,2,3,0,7,D96,49.275827,-0.719819,19,1,1
202100012734,178Â 956,B01,1,1,2,0,2,9,7,0,0,-1,2021,42.0,2,1,0,2,1,2,1,,3,619,0,,2,2,0,2,85,750,1,, -1,1,0,1,90,17,10,2021,17:55,1,10,10238,1,3,0,3,Route Departementale 619,48.242339,4.349427,17,2,2
202100013016,178Â 482,B01,2,2,1,0,2,0,-1,-1, -1,-1,2021,22.0,2,1,0,2,0,0,0,,1,15,0,,3,4,0,1,5,0,1,, -1,1,2,1,90,16,10,2021,15:20,1,92,92036,1,1,0,3,AUTOROUTE A15,48.9435578314,2.2873807879,15,3,2
202100040645,128Â 963,A01,1,1,2,1,1,-1,-1,0,0,-1,2021,50.0,2,2,0,0,9,0,1,,3,38,0,,2,2,0,1,38,500,1,, -1,1,0,8,80,29,4,2021,16:50,1,57,57210,1,1,0,7,pk 038.500,48.851331,6.983163,16,2,1
202100042574,125Â 523,A01,2,2,1,5,1,0,-1,-1, -1,-1,2021,22.0,1,2,10,0,2,14,1,,2,ROUTE NATIONALE 5,0,,1,2,0,1,6,0,1,, -1,1,0,1,90,25,4,2021,03:55,3,972,97207,1,1,0,6,ROUTE NATIONALE 5,14.5586304256,-60.9729208052,3,2,1
202100035582,138Â 116,A01,2,2,2,5,1,0,-1,-1, -1,-1,2021,14.0,1,2,0,2,2,17,1,,3,920,0,,1,2,1,1,1,0,1,, -1,1,0,1,50,9,6,2021,18:00,1,92,92071,2,1,0,5,GENERAL LECLERC (AVENUE DU),48.7759530671,2.313850522,18,4,3
202100038584,132Â 678,A01,2,2,2,5,1,-1,-1,0,0,-1,2021,27.0,2,2,0,2,1,17,1,,3,1075,-1,,2,2,0,1,33,950,1,, -1,1,0,1,90,25,5,2021,13:00,1,5,5021,1,3,0,3,Les GrÃ¨s,44.400138,5.733951,13,3,2
202100017775,169Â 844,A01,1,1,1,0,2,6,-1,-1, -1,-1,2021,27.0,1,1,0,2,7,3,1,,1,AUTOROUTE A86,0,,3,4,0,1,22,700,1,, -1,1,0,1,90,21,9,2021,18:30,1,93,93008,1,1,0,3,AUTOROUTE A86,48.9064862649,2.4580740315,18,2,2
202100032371,143Â 901,B01,2,2,2,0,1,-1,-1,0,0,-1,2021,18.0,1,2,0,2,9,1,0,,3,17,0,D,-1,2,0,1,12,40,1,, -1,1,0,3,80,21,5,2021,18:30,1,83,83031,1,1,0,3,Route Thoronet D17,43.402152,6.358158,18,3,2
202100040679,128Â 912,A01,1,1,1,5,2,-1,-1,0,0,-1,2021,21.0,0,1,8,0,1,1,1,,4,,-1,,2,2,0,1,(1),(1),2,,4,2,0,3,50,9,5,2021,19:30,1,85,85047,2,1,1,6,42 Rue de la PoctiÃ¨re,46.844362,-1.863993,19,1,1
202100006131,190Â 847,A01,10,3,1,2,0,-1,-1,2,3,1,2021,16.0,1,2,0,1,1,1,1,,2,77,-1,,2,2,0,1,30,950,1,, -1,2,0,1,50,26,11,2021,10:00,1,10,10340,2,1,1,6,route de TROYES,48.2579842733,4.0307859023,10,2,1
202100008298,186Â 890,A01,1,1,1,5,0,-1,-1,0,0,-1,2021,66.0,2,2,0,2,3,13,1,,3,19,0,D,2,2,0,1,10,450,1,, -1,2,0,1,80,14,11,2021,19:30,3,38,38546,1,1,0,5,Les Culees,45.643396,5.4304,19,4,3
202100040831,128Â 646,A01,1,1,1,1,2,-1,-1,0,0,-1,2021,33.0,1,1,8,0,1,14,1,,2,01,-1,,2,2,0,1,19,100,1,, -1,1,0,8,60,8,5,2021,23:00,5,987,98733,2,1,0,1,PK 19.100 RT1 en direction de PAPARA (Face Ã  la Station MOBIL),-17.669417,-149.592413,23,1,1
202100011197,181Â 716,A01,10,3,1,5,0,-1,-1,5,9,2,2021,49.0,0,2,1,1,1,20,1,,7,NEUFCHATEL. ROUTE DE (RN 28),0,,2,2,3,1,1,1000,1,, -1,1,-1,4,50,24,10,2021,11:35,1,76,76108,2,1,0,6,NEUFCHATEL. ROUTE DE (RN 28),49.45869,1.10868,11,2,1
202100035738,137Â 832,B01,1,1,1,5,0,0,-1,0,0,-1,2021,22.0,1,1,0,2,1,1,1,,4,ROSIERS (AVENUE DES),0,,2,2,0,1,(1),(1),1,, -1,1,0,1,50,2,6,2021,20:30,2,12,12176,2,1,0,3,ROSIERS (AVENUE DES),44.36404,2.58781,20,2,2
202100014311,176Â 123,B01,1,1,1,5,2,0,-1,-1, -1,-1,2021,67.0,2,1,0,2,0,21,0,,3,SEMNOZ (ROUTE DU),0,,2,2,0,2,0,0,2,, -1,1,0,1,50,29,7,2021,12:40,1,74,74010,2,4,0,1,SEMNOZ (ROUTE DU),45.8915,6.13273,12,2,2
202100050903,110Â 691,B01,3,2,2,2,3,-1,-1,-1, -1,-1,2021,9.0,1,2,0,2,2,1,1,,4,ROUILLEN AVENUE,0,,2,2,0,1,2,0,1,, -1,1,9,1,50,19,2,2021,17:40,1,29,29051,2,3,0,3,D15 - Avenue du Rouillen ,47.9996932597,-4.0512889624,17,3,2
202100024282,158Â 267,B01,1,1,1,1,2,-1,-1,-1, -1,-1,2021,35.0,1,1,0,2,0,1,1,,4,D936,0,,2,4,0,1,(1),(1),1,, -1,1,0,1,50,10,8,2021,06:48,2,33,33013,2,9,0,3,Avenue de Branne,44.84293,-0.50035,6,2,2
202100014605,175Â 607,B01,1,1,2,5,8,0,-1,-1, -1,-1,2021,33.0,3,1,0,2,7,25,3,,4,MAGINOT (AV. ANDRE),0,,2,2,1,1,(1),(1),1,, -1,1,9,5,50,6,10,2021,16:48,1,37,37261,2,1,0,3,MAGINOT (AV. ANDRE),47.4103004187,0.6828840282,16,2,2
202100047208,117Â 383,B01,1,1,1,5,1,0,-1,-1,0,-1,2021,35.0,1,2,0,2,3,1,1,,3,FLANDRES (RUE DE),0,,1,1,0,1,0,300,1,, -1,1,0,1,50,20,3,2021,15:03,1,95,95088,2,1,0,3,Route de Flandres,48.9599435432,2.4483618364,15,2,2
202100053285,106Â 487,A01,1,1,1,5,1,-1,-1,0,0,-1,2021,24.0,0,2,13,0,3,0,1,,3,22,0,,2,2,0,1,3,50,3,, -1,2,0,3,80,29,1,2021,23:00,3,60,60180,1,1,1,6,RD 22,49.5430103189,1.9396662711,23,1,1
202100019167,167Â 367,B01,1,1,2,5,1,0,-1,-1, -1,-1,2021,74.0,1,2,0,2,1,1,1,,3,LAMENDIN (R ARTHUR),0,,2,2,0,1,19,660,1,, -1,1,0,1,50,29,8,2021,10:30,1,62,62250,2,1,0,1,LAMENDIN (R ARTHUR),50.4537,2.94955,10,2,2
202100051063,110Â 400,A01,4,2,2,5,1,5,-1,0,0,-1,2021,17.0,0,2,0,2,2,1,1,,4,EIFFEL (PONT),0,,-1,2,0,1,(1),(1),1,, -1,1,2,1,50,18,2,2021,16:52,1,27,27229,2,2,0,3,EIFFEL (PONT),49.01889,1.1549,16,4,2
202100048588,114Â 908,A01,10,3,2,0,0,-1,-1,1,3,1,2021,55.0,3,5,0,1,4,4,3,,4,PARC (RUE DU),0,,1,1,0,1,0,0,1,, -1,1,0,1,50,10,3,2021,10:05,1,93,93059,2,1,0,6,PARC (RUE DU),48.9614266022,2.3656010628,10,2,1
202100030173,147Â 835,A01,2,2,2,5,1,0,-1,-1, -1,-1,2021,58.0,1,2,0,2,2,1,1,,4,DE LA POTERNE (ALLEE),0,,2,4,0,1,0,0,1,, -1,1,5,1,50,6,7,2021,11:05,1,64,64102,2,1,0,3,19 AllÃ©es Paulmy,43.49097,-1.48126,11,3,2
202100003753,195Â 048,B01,1,1,1,9,2,0,-1,-1, -1,-1,2021,64.0,2,1,0,2,2,1,1,,3,,0,,2,2,1,1,1,0,1,, -1,1,0,1,30,9,12,2021,17:15,5,92,92025,2,3,0,3,EUROPE (AV DE L'),48.926162,2.24295,17,2,2
202100027271,152Â 977,A01,1,1,1,5,0,-1,-1,0,0,-1,2021,59.0,1,1,0,2,7,13,1,,3,522,0,,2,2,0,2,10,530,3,, -1,2,0,1,90,25,7,2021,12:15,1,15,15038,1,1,1,3,D522,45.414662,2.639559,12,2,2
202100027851,151Â 934,A01,1,1,1,0,2,-1,-1,0,0,-1,2021,34.0,1,1,0,2,1,1,1,,3,997,-1,,2,2,0,1,(1),(1),1,, -1,1,0,1,50,22,7,2021,20:10,2,55,55435,2,1,0,1,1 Rue du Roncier,48.746721,5.0307,20,2,2
202100005660,191Â 675,A01,1,1,1,5,1,0,-1,-1, -1,-1,2021,48.0,1,2,1,2,2,2,1,,3,GEORGES MELIES (BD),0,,2,4,0,1,1,0,1,, -1,1,0,1,50,28,11,2021,22:35,3,94,94079,2,1,0,6,Boulevard Georges MÃ©liÃ¨s,48.83455,2.53523,22,1,1
202100034425,140Â 196,A01,10,3,2,5,8,8,-1,3,3,1,2021,53.0,2,2,0,1,1,16,1,,4,VICTOR HUGO (AVENUE) 49/FIN - 60/FIN,0,,2,2,0,1,0,0,1,, -1,1,0,1,50,14,6,2021,11:15,1,92,92012,2,2,0,6,VICTOR HUGO (AVENUE) 49/FIN - 60/FIN,48.83973,2.24718,11,2,1
202100022197,161Â 968,B01,1,1,1,5,9,-1,-1,0,0,-1,2021,36.0,0,1,0,0,3,1,0,,3,1016,-1,,2,2,1,1,6,450,1,, -1,2,0,1,50,29,8,2021,15:20,1,60,60141,2,1,1,3,Avenue du MarÃ©chal Joffre,49.189575,2.462755,15,3,2
202100043990,123Â 050,C01,1,1,2,3,1,0,-1,-1, -1,-1,2021,48.0,1,2,0,2,1,2,1,,1,A507 sens Marseille - Aubagne,0,,4,2,0,2,3,164,1,, -1,1,0,1,70,14,4,2021,18:37,1,13,13055,1,1,0,4,A507 sens Marseille - Aubagne,43.33,5.4073,18,4,3
202100016325,172Â 459,A01,1,1,1,0,2,6,-1,0,0,-1,2021,26.0,2,1,0,2,1,17,1,,3,919,-1,,2,2,0,1,74,100,1,, -1,1,0,1,80,25,8,2021,11:25,1,67,67458,1,1,0,3,D919,48.814653,7.766631,11,2,2
202100028081,151Â 513,A01,1,1,1,0,1,0,-1,-1, -1,-1,2021,48.0,1,2,0,2,4,2,1,,1,86,0,,3,6,0,1,11,399,1,, -1,1,0,1,90,20,7,2021,14:00,1,92,92078,1,1,0,4,AUTOROUTE A86,48.9294615368,2.327973188,14,3,3
202100024210,158Â 400,A01,1,1,1,5,2,6,9,0,0,-1,2021,27.0,2,1,7,0,3,1,1,,3,908,-1,,2,2,0,1,57,800,2,, -1,1,0,3,80,15,8,2021,11:35,1,55,55258,1,1,0,6,RD 908,48.774267,5.69372,11,1,1
202100030101,147Â 973,B01,1,1,2,0,1,-1,-1,0,0,-1,2021,40.0,2,2,0,2,3,1,1,,2,3,-1,,2,2,0,2,42,700,3,, -1,1,0,1,80,9,7,2021,15:30,1,974,97422,1,1,0,1,"RN3, PK 42+700",-21.235087,55.541736,15,8,4
202100003568,195Â 373,A01,10,3,1,1,0,-1,-1,3,3,1,2021,35.0,1,2,0,1,2,9,1,,3,CUIRASSIERS (AVENUE 12EME REGIMENT,0,,1,1,0,4,0,900,1,, -1,2,5,4,50,10,12,2021,06:55,5,95,95277,2,6,1,6,Rue Berthelot,48.98524,2.4598,6,2,1
202100042525,125Â 610,A01,1,1,2,5,8,-1,-1,0,0,-1,2021,27.0,1,2,2,0,3,0,1,,3,118,0,D,2,2,0,1,81,769,1,, -1,2,0,3,50,27,4,2021,00:00,3,11,11063,2,1,1,6,avenue du languedoc,42.920229,2.211814,0,1,1
202100005501,191Â 960,A01,10,3,1,3,0,-1,-1,3,3,2,2021,60.0,1,2,0,1,7,1,1,,4,,0,,2,2,0,1,(1),(1),1,, -1,2,0,1,50,22,11,2021,18:40,5,60,60665,1,1,1,6,Avenue de lâEurope,49.408996,2.778855,18,2,1
202100038707,132Â 449,A01,1,1,1,5,2,6,9,0,0,-1,2021,55.0,1,1,2,0,9,1,1,,3,,0,,2,2,0,2,21,800,3,, -1,1,0,1,80,23,5,2021,18:35,1,73,73098,1,1,0,1,D913 Route du Revard,45.667802,5.977716,18,2,2
202100047281,117Â 247,A01,1,1,1,0,1,5,-1,0,0,-1,2021,23.0,1,2,0,0,0,1,1,,3,11,0,D,2,2,0,1,21,240,1,, -1,1,0,1,80,21,3,2021,12:46,1,56,56047,1,1,0,7,Bellevue,48.03158,-2.758287,12,2,1
202100041010,128Â 314,B01,1,1,1,1,2,6,-1,0,0,-1,2021,18.0,0,1,0,2,2,1,1,,4,NEANT,0,M,2,2,0,1,0,0,1,, -1,2,0,1,50,6,5,2021,08:40,1,91,91085,2,2,1,5,Rue de la Fontaine,48.556589,2.211959,8,3,3
202100015942,173Â 167,B01,1,1,1,9,8,0,-1,0,0,-1,2021,40.0,2,1,1,0,8,1,5,,4,RUE DOUDEAUVILLE,0,,1,1,2,1,(1),(1),1,, -1,1,0,1,30,30,9,2021,14:10,1,75,75118,2,1,0,3,RUE DOUDEAUVILLE,48.888982,2.35901,14,3,2
202100052806,107Â 332,B01,1,1,1,1,8,0,-1,0,0,-1,2021,33.0,1,1,0,2,8,15,5,,4,RUE SAINT ANTOINE,0,,3,4,0,1,(1),(1),1,, -1,2,0,1,50,2,2,2021,07:45,5,75,75104,2,3,1,3,RUE SAINT ANTOINE,48.853702,2.365651,7,2,2
202100045359,120Â 664,A01,10,3,1,0,0,-1,-1,2,3,1,2021,12.0,2,2,0,1,2,1,1,,4,DENIS (AVENUE ALPHONSE),0,,2,2,1,2,0,0,1,, -1,1,0,1,30,2,4,2021,16:55,1,83,83069,2,1,1,6,DENIS (AVENUE ALPHONSE),43.12099,6.13436,16,2,1
202100033943,141Â 089,A01,1,1,1,5,2,9,6,0,0,-1,2021,45.0,1,1,10,0,1,14,1,,3,120,-1,,2,2,0,1,42,100,2,, -1,1,0,3,80,17,6,2021,18:00,1,7,7276,1,1,0,6,dÃ©partementale 120 - PR 42+100,44.90463,4.482551,18,1,1
202100050661,111Â 129,A01,1,1,1,5,2,8,-1,-1, -1,-1,2021,30.0,1,1,0,2,1,1,1,,3,SEVRES (RUE DE),0,,2,2,0,1,0,0,1,, -1,1,0,1,50,21,2,2021,20:45,5,92,92077,2,2,0,3,SEVRES (RUE DE),48.826011957,2.1981760286,20,2,2
202100007928,187Â 569,A01,1,1,1,1,8,-1,-1,0,0,-1,2021,43.0,3,2,0,0,1,1,1,,3,1,-1,,2,2,0,1,(1),(1),1,,7,1,0,1,80,16,11,2021,17:10,2,80,80156,1,1,0,7,DÃ©partementale 1,49.900771,2.426069,17,1,1
202100032367,143Â 909,A01,1,1,2,5,2,-1,-1,0,0,-1,2021,10.0,2,1,0,2,8,16,5,,3,768,0,D,2,2,0,2,1,50,1,, -1,1,0,1,50,23,6,2021,13:30,1,67,67383,2,3,0,3,Rue Principale,48.665546,7.476384,13,2,2
202100014854,175Â 159,A01,1,1,2,1,1,0,-1,-1, -1,-1,2021,30.0,3,2,0,2,1,2,1,,3,BALLANGER (BD ROBERT),0,,-1,2,0,1,0,0,1,, -1,1,0,1,50,6,10,2021,18:00,1,93,93078,2,9,0,4,BALLANGER (BD ROBERT),48.96115,2.55488,18,3,3
202100055670,102Â 345,B01,1,1,2,0,1,0,-1,-1, -1,-1,2021,30.0,1,2,0,2,2,19,1,,7,LONDRES (AVENUE DE),0,,3,2,0,1,1,233,1,, -1,1,5,1,50,8,1,2021,22:00,4,13,13117,2,2,0,3,,43.423061,5.237512,22,3,2
202100020277,165Â 392,B01,4,2,1,0,1,0,-1,0,0,-1,2021,64.0,1,3,0,9,7,1,1,3.0,4,BLANDAN (IMPASSE ET RUE DU SGT),0,,1,2,3,1,(1),(1),1,, -1,1,0,1,50,7,9,2021,18:09,1,54,54395,2,1,0,3,BLANDAN (IMPASSE ET RUE DU SGT),48.67263,6.17241,18,4,2
202100043875,123Â 245,A01,10,3,2,5,8,8,-1,3,3,2,2021,42.0,2,2,0,1,1,1,1,,3,Nations (Avenue),0,,2,2,0,1,0,375,1,, -1,2,0,1,50,14,4,2021,14:37,1,57,57757,2,1,1,6,Nations (Avenue),49.35433,6.18083,14,3,1
202100048224,115Â 556,B01,2,2,1,4,8,-1,-1,-1, -1,-1,2021,35.0,2,2,0,2,2,1,1,,4,MARIUS BERLIET                      (R ),0,,1,2,3,1,(1),(1),1,, -1,1,0,1,50,12,3,2021,21:25,5,69,69388,2,2,0,3,MARIUS BERLIET (R),45.73904,4.86657,21,4,2
202100010561,182Â 854,A01,1,1,1,1,2,0,-1,0,0,-1,2021,34.0,2,1,0,2,4,2,3,,4,RUE CAMBRONNE,0,,2,1,0,1,(1),(1),1,, -1,1,0,1,30,28,10,2021,06:30,3,75,75115,2,1,0,2,RUE CAMBRONNE,48.843087,2.302552,6,2,2
202100000605,200Â 623,B01,1,1,2,0,1,0,-1,0,0,-1,2021,49.0,1,2,0,2,1,1,1,,1,,-1,,3,4,-1,1,(1),(1),3,, -1,1,3,1,-1,29,12,2021,08:15,1,63,63113,2,4,0,1,POMPIDOU (BD GEORGES),45.80755,3.13178,8,2,2
202100000885,200Â 165,B01,1,1,1,9,2,0,-1,0,0,-1,2021,34.0,1,1,0,2,1,2,1,,4,BOULEVARD MACDONALD,0,,2,4,0,1,(1),(1),1,, -1,2,0,1,50,30,12,2021,10:39,1,75,75119,2,4,0,3,BOULEVARD MACDONALD,48.89733,2.392603,10,2,2
202100040703,128Â 864,B01,1,1,1,5,1,0,-1,-1, -1,-1,2021,23.0,1,2,0,2,1,13,1,,1,A507 sens Marseille - Aubagne,0,,1,4,0,1,8,569,1,, -1,1,1,1,70,7,5,2021,21:30,5,13,13055,1,1,0,2,A507 sens Marseille - Aubagne,43.2881164243,5.4246497154,21,3,2
202100000540,200Â 741,A01,2,2,1,3,1,0,-1,-1, -1,-1,2021,69.0,1,2,15,0,1,19,1,,4,GRAFF (AVENUE GEORGES),0,,2,2,0,1,(1),(1),2,, -1,1,9,1,50,9,11,2021,17:34,2,35,35238,2,3,0,6,GRAFF (AVENUE GEORGES),48.08559,-1.69187,17,2,1
202100050949,110Â 608,A01,10,3,2,0,0,-1,-1,3,3,1,2021,31.0,1,2,0,0,2,26,0,,4,BATELIERS (RUE DES),0,,2,2,0,1,0,0,1,, -1,2,0,8,50,18,2,2021,17:00,1,93,93070,2,1,1,6,BATELIERS (RUE DES),48.91251,2.32745,17,2,1
202100032731,143Â 264,A01,1,1,2,5,1,-1,-1,0,0,-1,2021,18.0,2,2,15,0,0,0,1,,3,12,0,D,2,2,0,1,8,300,1,, -1,2,0,1,80,20,6,2021,17:20,1,63,63311,1,1,1,7,D12,46.041266,3.131458,17,2,1
202100054498,104Â 358,A01,10,3,2,5,0,-1,-1,6,1,2,2021,64.0,2,2,0,1,2,1,1,,3,109,-1,,2,2,0,1,24,400,1,, -1,1,0,1,80,19,1,2021,17:00,2,36,36162,1,1,1,6,,47.1411682342,1.6512451808,17,3,1
202100036419,136Â 605,A01,3,2,2,5,1,-1,-1,-1, -1,-1,2021,23.0,1,2,14,0,3,1,1,,3,LIBERATION (AV DE LA),0,,2,2,0,1,0,0,1,, -1,1,9,1,50,28,5,2021,21:20,1,50,50218,2,1,0,6,LIBERATION (AV DE LA),48.84159,-1.59196,21,3,1
202100004118,194Â 380,A01,10,3,2,2,0,-1,-1,4,3,1,2021,15.0,1,1,0,1,1,1,3,,4,QUAI D AUSTERLITZ,0,,3,3,0,1,(1),(1),1,, -1,1,0,1,30,8,12,2021,17:52,4,75,75113,2,2,0,6,QUAI D AUSTERLITZ,48.837572,2.373683,17,2,1
202100054184,104Â 894,B01,1,1,2,0,8,0,-1,-1, -1,-1,2021,45.0,1,2,0,2,6,23,1,,3,RD 41 (ROCADE),0,,3,5,0,3,1,600,1,, -1,2,3,1,60,20,1,2021,20:45,3,972,97209,2,9,0,2,RD 41 (ROCADE),14.6131285055,-61.0648602247,20,2,2
202100010773,182Â 479,B01,1,1,1,1,1,-1,-1,0,0,-1,2021,24.0,2,5,0,2,1,0,1,,3,743,-1,D,2,3,0,1,19,415,1,,"10,8",1,0,1,80,28,10,2021,17:15,1,79,79066,1,1,0,2,,46.478477,-0.360532,17,2,2
202100041452,127Â 512,A01,1,1,1,1,1,9,-1,0,0,-1,2021,29.0,2,5,11,0,1,1,1,,4,,-1,,2,2,0,2,(1),(1),1,,4,1,9,1,50,4,5,2021,22:15,5,2,2095,2,1,0,6,100 Rue Jean JaurÃ¨s,49.986772,3.447218,22,1,1
202100012801,178Â 837,A01,1,1,1,1,2,6,-1,-1, -1,-1,2021,29.0,1,1,0,2,4,1,1,,1,A86 INT,0,,3,4,0,1,39,500,1,, -1,1,0,1,90,17,10,2021,01:10,3,94,94028,1,1,0,2,A86 INT,48.78689,2.43995,1,1,1
202100045594,120Â 230,A01,1,1,2,9,2,6,-1,-1, -1,-1,2021,47.0,3,1,0,2,1,13,1,,4,DUCLOS (AVENUE JACQUES),0,,2,0,0,1,(1),(1),1,, -1,1,0,1,50,30,3,2021,14:20,1,37,37233,2,2,0,6,DUCLOS (AVENUE JACQUES),47.3784929701,0.7190465333,14,2,2
202100006849,189Â 538,A01,10,3,1,9,0,-1,-1,1,1,1,2021,84.0,2,2,0,1,2,2,1,,3,901,0,,2,2,0,1,22,850,1,, -1,1,0,1,90,21,11,2021,19:00,3,19,19094,1,1,0,6,Les prades,45.333617,1.320832,19,2,1
202100032621,143Â 454,Z01,10,3,1,0,8,8,-1,9,B,1,2021,59.0,2,0,0,1,0,26,0,,1,AUTOROUTE A3,0,,3,7,0,1,8,300,1,, -1,1,0,1,110,24,6,2021,00:50,3,93,93010,1,1,0,6,AUTOROUTE A3,48.9089551424,2.4737470043,0,4,3
202100040297,129Â 570,A01,10,3,1,0,0,-1,-1,4,3,1,2021,86.0,1,2,0,1,0,26,0,,4,SADI CARNOT (BOULEVARD),0,,3,4,0,1,(1),(1),1,, -1,1,9,1,50,11,2,2021,10:30,1,6,6030,2,9,1,6,SADI CARNOT (BOULEVARD),43.572744,7.016206,10,2,1
202100043197,124Â 446,A01,1,1,1,4,2,6,-1,0,0,-1,2021,21.0,1,1,0,2,1,18,1,,4,AVENUE NIEL,0,,2,2,0,1,(1),(1),1,, -1,1,0,1,50,20,4,2021,09:20,1,75,75117,2,2,0,3,AVENUE NIEL,48.882937,2.296382,9,2,2
202100038250,133Â 275,A01,1,1,2,0,1,-1,-1,0,0,-1,2021,30.0,3,2,0,0,1,13,1,,9,203,0,D,2,2,0,2,0,0,3,, -1,1,0,1,50,26,5,2021,18:30,1,74,74076,2,4,0,1,Chemin de Buaz,45.99573,6.040756,18,2,2
202100039251,131Â 451,B01,1,1,2,5,8,0,-1,-1, -1,-1,2021,53.0,3,1,0,2,1,15,5,,4,HUBERT DE LISLE(BOULEVARD),0,,2,2,0,1,0,0,2,, -1,1,5,1,50,19,5,2021,15:15,1,974,97416,2,6,0,3,DONAT (AVENUE LUC),-21.3385,55.4586,15,2,2
202100026466,154Â 393,B01,1,1,2,1,8,0,-1,0,0,-1,2021,46.0,3,1,0,2,3,1,3,,4,ALBERTINI ENSEIGNE (AVENUE DE L'),0,,2,3,0,1,(1),(1),1,, -1,1,0,1,50,25,7,2021,15:15,1,34,34032,2,1,0,3,Avenue Enseigne Albertini,43.345949362,3.2263891797,15,2,2
202100011442,181Â 270,B01,1,1,1,0,2,6,-1,-1, -1,-1,2021,38.0,1,1,0,2,2,1,1,,4,110,0,,2,4,0,1,0,0,1,, -1,1,0,1,50,23,10,2021,18:15,1,92,92024,2,1,0,3,GENERAL LECLERC (BD DU) (9 A 59)   (4 A,48.9002654139,2.3173186183,18,2,2