Num_Acc,id_vehicule,num_veh,place,catu,sexe,trajet,secu1,secu2,secu3,locp,actp,etatp,year_acc,victim_age,senc,catv,obs,obsm,choc,manv,motor,occutc,catr,voie,v1,v2,circ,nbv,vosp,prof,pr,pr1,plan,lartpc,larrout,surf,infra,situ,vma,jour,mois,an,hrmn,lum,dep,com,agg_,int,atm,col,adr,lat,long,hour,nb_victim,nb_vehicules
202100047673,116Â 538,B01,1,1,1,5,2,-1,-1,0,0,-1,2021,15.0,3,1,0,2,1,3,1,,4,,-1,,2,-1,-1,1,(1),(1),1,, -1,1,0,1,-1,17,3,2021,16:07,1,74,74112,2,3,0,3,45 Rte de Bromines,45.940153,6.070907,16,3,2
202100044345,122Â 406,A01,1,1,2,9,1,-1,-1,0,0,-1,2021,24.0,1,2,0,0,1,1,1,,2,444,-1,,3,4,0,1,4,180,1,, -1,1,0,3,110,9,4,2021,01:00,3,44,44047,1,1,0,7,N444,47.241687,-1.668023,1,1,1
202100017181,170Â 924,A01,10,3,1,9,8,-1,-1,1,1,2,2021,0.0,3,2,0,1,2,1,1,,4,,-1,,2,2,0,1,(1),(1),1,,4,1,0,1,50,24,9,2021,08:45,1,85,85065,2,1,1,6,Chemin de la Plante,46.894352,-1.257741,8,3,1
202100050485,111Â 455,B01,1,1,1,1,2,6,-1,0,0,-1,2021,35.0,1,1,1,2,2,1,1,,4,BOULEVARD DE LA BASTILLE,0,,1,2,0,1,(1),(1),1,, -1,1,0,1,50,23,2,2021,08:50,1,75,75112,2,4,0,3,BOULEVARD DE LA BASTILLE,48.846435,2.366876,8,2,2
202100049792,112Â 744,A01,1,1,1,4,1,-1,-1,0,0,-1,2021,53.0,1,5,0,2,1,12,1,,1,85,0,,3,2,0,3,65,300,1,, -1,1,0,1,130,1,3,2021,13:15,1,37,37232,1,1,0,2,,47.2911738562,0.2847406268,13,2,2
202100025019,156Â 931,A01,2,2,2,5,2,6,-1,0,0,-1,2021,25.0,1,1,0,2,8,1,1,,4,AVENUE DU MAINE,0,,1,2,0,2,(1),(1),1,, -1,2,0,1,30,8,8,2021,12:50,1,75,75114,2,3,1,7,AVENUE DU MAINE,48.840048,2.321693,12,3,2
202100040643,128Â 965,B01,2,2,2,5,2,6,9,0,0,-1,2021,19.0,2,1,0,2,3,1,1,,3,60,-1,,2,2,0,1,66,450,1,, -1,1,0,1,80,8,5,2021,17:50,1,71,71075,1,1,1,3,Lieu Dit les Vignes,46.60186,3.855587,17,3,2
202100008093,187Â 269,A01,1,1,1,1,1,-1,-1,0,0,-1,2021,22.0,2,2,2,0,3,1,1,,3,82,0,,2,2,0,2,1,600,2,, -1,2,0,3,80,16,11,2021,06:45,3,4,4094,1,1,0,6,RD 82,43.791985,5.848809,6,1,1
202100024429,158Â 016,A01,1,1,2,5,1,-1,-1,0,0,-1,2021,23.0,2,2,0,2,1,15,1,,4,61,-1,,2,3,0,1,(1),(1),1,, -1,1,5,1,50,13,8,2021,15:30,1,69,69244,2,2,0,1,11 NOVEMBRE 1918 (DU) (AV),45.76405,4.760245,15,2,2
202100014842,175Â 180,A01,10,3,1,1,0,-1,-1,4,3,1,2021,37.0,2,2,0,1,7,16,2,,4,BOULEVARD VICTOR,0,,1,0,0,1,(1),(1),1,, -1,1,0,1,50,6,10,2021,09:30,1,75,75115,2,2,0,6,BOULEVARD VICTOR,48.834283,2.283949,9,2,1
202100014753,175Â 341,A01,10,3,2,5,8,8,-1,3,3,1,2021,81.0,2,2,0,1,3,1,1,,4,LECLERC (BOULEVARD DU MARECHAL),0,,2,2,0,2,0,0,1,, -1,1,6,1,30,6,7,2021,10:35,1,35,35115,2,1,0,6,LECLERC (BOULEVARD DU MARECHAL),48.35463,-1.20089,10,2,1
202100030526,147Â 197,A01,1,1,1,0,1,-1,-1,-1, -1,-1,2021,27.0,2,2,0,2,8,15,1,,4,,0,,2,2,0,1,(1),(1),1,, -1,1,0,1,50,5,7,2021,17:25,1,69,69387,2,1,0,3,ARTILLERIE (DE L') (BD),45.7314209857,4.8422997752,17,2,2
202100008024,187Â 388,B01,2,2,2,5,1,0,-1,-1, -1,-1,2021,27.0,2,2,0,2,4,2,1,,2,EST (ROCADE),0,,3,4,0,1,0,950,1,, -1,1,0,1,90,15,11,2021,19:10,3,35,35051,1,1,0,4,EST (ROCADE),48.113548,-1.579854,19,6,4
202100024814,157Â 302,B01,2,2,1,5,2,6,-1,0,0,-1,2021,18.0,1,1,0,2,7,9,1,,3,6,-1,,2,2,0,1,(1),(1),1,, -1,1,5,1,30,10,8,2021,23:35,5,29,29233,2,6,0,3,Rue Thiers,47.8739491864,-3.5500516891,23,3,2
202100022941,160Â 615,A01,2,2,2,1,8,-1,-1,0,0,-1,2021,25.0,2,2,12,0,2,1,1,,3,559,0,,2,2,0,2,80,512,3,, -1,1,0,1,50,23,8,2021,01:50,5,83,83048,2,1,0,1,Boulevard Saint Raphael,43.198114,6.564197,1,4,2
202100047511,116Â 836,A01,10,3,1,2,0,-1,-1,2,3,1,2021,14.0,2,5,0,1,3,1,1,,4,PRADO (AVENUE DU),0,,2,6,3,1,0,0,1,, -1,1,0,1,50,18,3,2021,17:30,1,13,13208,2,1,0,3,PRADO (AVENUE DU),43.26541962,5.3802530169,17,2,1
202100033122,142Â 552,A01,10,3,2,5,0,-1,-1,3,3,1,2021,94.0,2,2,0,1,3,1,1,,3,633,-1,D,2,2,0,1,0,649,1,, -1,1,0,1,50,21,6,2021,09:45,1,31,31080,2,1,0,6,Avenue Charles Suran,43.285892,0.650725,9,2,1
202100018722,168Â 173,B01,1,1,1,4,1,0,-1,-1, -1,-1,2021,29.0,1,5,1,2,4,24,1,,3,ALSACE LORRAINE (BD D),0,,3,4,3,2,1,0,1,, -1,2,0,6,50,15,9,2021,15:00,1,94,94058,2,1,1,2,Boulevard dâAlsace-Lorraine,48.85095,2.50462,15,2,2
202100049794,112Â 741,A01,2,2,1,5,1,-1,-1,0,0,-1,2021,21.0,2,2,8,2,1,13,1,,3,959,-1,,2,2,0,1,10,900,3,, -1,1,0,1,50,28,2,2021,18:40,5,59,59331,2,9,0,1,Faubourg de France,50.119553,3.69786,18,3,2
202100031429,145Â 562,A01,2,2,1,5,2,0,-1,-1, -1,-1,2021,17.0,2,1,0,2,3,2,1,,3,ARISTIDE BRIAND (AV),0,,3,4,1,1,1,0,1,, -1,1,0,5,50,1,7,2021,18:10,1,94,94016,2,1,0,6,Avenue Aristide Briand,48.79897,2.32311,18,3,2
202100027571,152Â 440,B01,1,1,1,5,8,0,-1,0,0,-1,2021,30.0,1,1,0,2,3,1,5,,4,BOULEVARD DE BELLEVILLE,0,,2,2,1,1,(1),(1),1,, -1,1,0,1,50,21,7,2021,23:15,5,75,75111,2,2,0,3,BOULEVARD DE BELLEVILLE,48.868896,2.380431,23,2,2
202100000609,200Â 617,A01,10,3,2,5,0,-1,-1,0,3,2,2021,73.0,1,1,0,9,7,21,1,,3,VARLET (RUE GEORGES),0,,2,2,0,1,0,0,1,, -1,1,0,1,50,31,12,2021,15:00,1,28,28218,2,1,0,3,VARLET (RUE GEORGES),48.438,1.46203,15,2,1
202100025265,156Â 494,B01,1,1,1,0,2,6,-1,-1, -1,-1,2021,20.0,1,1,0,2,9,1,0,,4,FLORISSANT (AVENUE),0,,2,2,0,1,0,1,1,, -1,1,0,1,50,5,8,2021,21:55,5,74,74012,2,1,0,2,FLORISSANT (AVENUE),46.1966,6.2413,21,3,2
202100030790,146Â 726,A01,10,3,1,5,0,-1,-1,3,3,1,2021,71.0,1,2,0,1,1,1,1,,4,ETIGNY D',0,,2,2,0,2,(1),(1),1,, -1,1,0,1,50,3,7,2021,18:05,1,64,64445,2,1,0,6,Rue dâÃtigny,43.29603,-0.38228,18,2,1
202100019991,165Â 898,A01,2,2,1,2,2,6,-1,0,0,-1,2021,9.0,2,1,0,0,1,1,1,,4,,-1,,2,2,0,1,(1),(1),3,,4,2,0,1,50,10,9,2021,08:20,1,71,71481,2,1,0,7,Rue des Chanillons,46.194244,4.779949,8,2,1
202100027194,153Â 108,A01,1,1,1,0,1,-1,-1,-1, -1,-1,2021,21.0,3,2,9,0,1,26,0,,4,SIDOINE APPOLINAIRE                 (AV),0,,2,1,0,2,(1),(1),1,, -1,1,0,1,50,24,7,2021,22:05,5,69,69389,2,2,0,7,SIDOINE APPOLINAIRE                 (AV),45.7652,4.8014,22,1,1
202100041510,127Â 412,A01,1,1,1,0,2,6,-1,-1, -1,-1,2021,24.0,1,1,0,2,1,1,1,,7,KENNEDY (AVENUE J.)NÂ° IMPAIRS > ST VICTO,0,,2,0,0,2,0,300,1,, -1,1,0,1,50,23,4,2021,12:15,1,83,83129,2,1,0,3,Avenue du President John Kennedy,43.1076,5.81707,12,2,2
202100046927,117Â 891,A01,4,2,1,5,1,-1,-1,-1, -1,-1,2021,21.0,0,2,8,0,1,26,1,,4,POULL AR HORRED,0,,2,1,0,1,(1),(1),1,, -1,1,0,1,50,23,3,2021,15:25,1,29,29019,1,6,0,6,Chemin de Poull ar Horred,48.3817832726,-4.5462808013,15,2,1
202100010794,182Â 444,A01,1,1,1,1,0,-1,-1,0,0,-1,2021,33.0,1,2,13,0,3,1,1,,3,110,-1,,2,2,0,2,18,800,4,,4,1,0,1,80,26,10,2021,19:00,3,21,21311,1,1,0,7,D 110,47.003542,5.236353,19,1,1
202100049755,112Â 806,P01,1,1,2,0,0,0,0,0,0,-1,2021,30.0,1,1,16,9,3,2,5,,4,JACQUET EUGENE RUE NÂ°IMPAIRS,0,,2,2,1,1,(1),(1),2,, -1,1,0,5,50,27,2,2021,19:50,5,59,59350,2,9,0,3,JACQUET EUGENE RUE NÂ°IMPAIRS,50.6381276311,3.07928022,19,2,2
202100053693,105Â 757,B01,1,1,1,1,2,6,-1,-1,0,-1,2021,33.0,2,1,0,2,2,3,1,,1,115,0,,3,6,0,1,1,100,1,, -1,1,0,1,90,25,1,2021,07:40,3,95,95582,1,1,0,3,A115,48.98152,2.24098,7,2,2
202100032873,143Â 006,A01,1,1,1,0,1,-1,-1,-1, -1,-1,2021,36.0,0,2,2,0,3,1,1,,4,DRUART (RUE EMILE),0,,2,2,0,1,(1),(1),1,, -1,1,0,1,50,22,6,2021,05:00,2,51,51454,2,1,0,7,Rue Emile Druart,49.26966,4.00017,5,1,1
202100032892,142Â 965,A01,2,2,1,0,1,0,-1,-1, -1,-1,2021,27.0,1,2,1,0,7,14,1,,4,MENDES FRANCE (AVENUE),0,,-1,2,0,1,0,0,1,, -1,1,0,1,50,18,6,2021,02:00,5,13,13208,2,1,0,2,MENDES FRANCE (AVENUE),43.2551601348,5.3763052694,2,4,3
202100045273,120Â 796,B01,1,1,1,5,2,6,-1,0,0,-1,2021,36.0,2,1,0,2,1,17,1,,3,933,-1,,2,2,0,1,62,800,1,, -1,1,0,1,80,4,4,2021,16:10,1,1,1157,1,2,0,3,933,46.024299,4.75267,16,2,2
202100051404,109Â 804,B01,1,1,1,2,1,8,-1,0,0,-1,2021,58.0,1,2,0,2,8,15,1,,3,MONTPLAISIR ( ROUTE DE ),0,,2,2,0,1,24,497,1,, -1,2,0,1,50,11,2,2021,08:15,1,81,81257,2,3,0,3,MONTPLAISIR ( ROUTE DE ),43.9308130516,2.2032274998,8,4,2
202100053436,106Â 201,A01,10,3,1,0,0,-1,-1,3,3,1,2021,70.0,1,2,0,1,1,1,1,,3,JOHN KENNEDY (AVENUE),0,,3,4,1,1,2,85,1,, -1,1,0,1,50,22,1,2021,12:00,1,86,86194,2,1,0,6,Avenue John Kennedy,46.586938,0.365016,12,2,1
202100037893,133Â 930,B01,9,2,2,5,1,-1,-1,0,0,-1,2021,13.0,2,2,0,0,5,1,1,,3,978,0,D,2,2,0,2,24,500,1,, -1,1,5,1,80,29,5,2021,15:10,1,71,71014,1,3,0,2,D978,46.948068,4.343319,15,5,2
202100006920,189Â 399,B01,1,1,1,5,1,0,-1,-1, -1,-1,2021,52.0,0,2,0,2,4,1,1,,4,FOUGERES (ROUTE DE),0,,2,2,0,1,(1),(1),1,, -1,2,9,1,50,21,11,2021,20:30,5,35,35051,2,1,1,2,FOUGERES (ROUTE DE),48.13551,-1.62605,20,2,2
202100041157,128Â 033,B01,1,1,1,3,2,0,-1,-1, -1,-1,2021,17.0,1,1,0,2,1,1,1,,3,SAINT LEU (ROUTE),0,,2,2,2,1,0,1,1,, -1,2,0,1,50,6,5,2021,17:10,1,93,93079,2,1,1,1,Route de Saint-Leu,48.951398,2.339216,17,3,2
202100026640,154Â 087,B01,1,1,2,0,1,0,-1,0,0,-1,2021,26.0,1,2,0,2,7,19,1,,7,FLAUBERT (BD GUSTAVE),0,,-1,4,0,1,(1),(1),1,, -1,1,0,1,50,27,7,2021,23:00,5,63,63113,2,6,0,3,FLAUBERT (BD GUSTAVE),45.76456,3.12555,23,4,2
202100028429,150Â 901,B01,1,1,2,5,1,0,-1,-1, -1,-1,2021,67.0,1,2,0,2,1,1,1,,1,A7-Sens Lyon vers Marseille,0,,1,3,0,1,274,0,1,, -1,1,0,2,90,17,7,2021,09:20,1,13,13215,1,1,0,2,A7-Sens Lyon vers Marseille,43.3692815724,5.3608748317,9,2,2
202100035879,137Â 553,A01,1,1,1,1,2,6,-1,-1,0,-1,2021,29.0,2,1,0,2,1,3,1,,3,RUE LUCIEN SAMPAIX,0,,2,2,0,3,2,400,1,, -1,1,0,1,50,7,6,2021,09:15,1,95,95063,2,2,0,3,RUE LUCIEN SAMPAIX,48.93755,2.20714,9,2,2
202100005319,192Â 281,B01,1,1,1,1,2,4,-1,-1, -1,-1,2021,43.0,2,1,0,2,2,15,5,,4,SAINT-LAURENT (DE),0,,1,0,0,1,0,0,1,, -1,2,9,1,50,30,11,2021,07:57,5,35,35238,2,6,1,3,SAINT-LAURENT (DE),48.13847,-1.65315,7,2,2
202100013975,176Â 721,B01,1,1,2,5,1,4,-1,0,0,-1,2021,31.0,2,2,0,2,4,23,1,,1,A4,0,,1,4,0,1,5,200,1,, -1,1,0,1,90,10,10,2021,22:45,3,75,75112,1,1,0,6,A4,48.8233480941,2.4628150463,22,3,2
202100013090,178Â 343,A01,1,1,1,5,1,0,-1,-1, -1,-1,2021,26.0,1,2,3,0,3,13,1,,1,ECHANGEUR ST MARTIN ( A624-RD 901),0,,1,2,0,2,1,601,3,, -1,1,3,1,70,15,10,2021,02:20,4,31,31555,1,1,0,7,ECHANGEUR ST MARTIN ( A624-RD 901),43.61087,1.3841,2,1,1
202100030695,146Â 893,B01,1,1,1,0,2,8,-1,-1, -1,-1,2021,29.0,2,1,0,2,8,17,1,,7,ROUTE NATIONALE 97,0,,3,2,0,1,9,200,1,, -1,1,0,1,70,26,3,2021,18:37,2,83,83062,1,1,0,3,ROUTE NATIONALE 97,43.14993,6.03268,18,2,2
202100054015,105Â 197,B01,1,1,1,0,1,0,-1,-1, -1,-1,2021,20.0,1,2,0,2,1,1,1,,2,104,0,,2,2,0,3,43,799,3,, -1,2,0,3,30,23,1,2021,11:45,1,91,91235,1,1,1,7,RN 104,48.625,2.354,11,1,1
202100022671,161Â 095,B01,1,1,1,1,2,0,-1,-1, -1,-1,2021,25.0,2,1,0,2,1,1,1,,3,HENRI BARBUSSE (AVE) NÂ°2-124,0,,2,2,0,1,0,1,1,, -1,1,0,1,50,23,8,2021,18:00,1,93,93029,2,1,0,3,Avenue Henri Barbusse,48.9200682492,2.451826036,18,2,2
202100037852,134Â 001,B01,1,1,1,4,1,0,-1,-1, -1,-1,2021,38.0,3,5,0,2,7,24,1,,4,POMPADOUR(ROUTE DE LA),0,,1,1,0,1,1,0,3,, -1,2,0,1,30,18,5,2021,18:30,1,94,94028,2,9,0,2,Route de la Pompadour,48.7674,2.4673,18,2,2
202100040882,128Â 550,A01,10,3,2,5,0,-1,-1,2,3,1,2021,63.0,1,2,0,1,3,1,1,,3,ESTREES (BOULEVARD GABRIELLE D'),0,,2,2,0,1,18,250,1,, -1,1,0,1,30,7,5,2021,12:05,1,86,86066,2,1,0,6,Boulevard dâEstrÃ©es,46.80585,0.52927,12,2,1
202100019067,167Â 560,A01,1,1,1,5,2,-1,-1,0,0,-1,2021,43.0,1,1,3,0,0,17,1,,3,6,-1,D,2,2,0,1,(1),(1),2,, -1,1,0,1,80,11,9,2021,22:30,3,8,8391,1,1,0,7,D6,49.776608,4.942818,22,1,1
202100009332,185Â 025,A01,10,3,1,3,0,-1,-1,2,3,1,2021,11.0,2,2,0,1,2,1,1,,3,656,0,,2,2,0,1,16,202,1,, -1,2,0,1,50,3,11,2021,13:15,1,57,57556,2,1,0,6,20 Rue Robert Schuman,49.055888,6.927631,13,2,1
202100035028,139Â 082,B01,1,1,1,5,1,0,-1,-1, -1,-1,2021,20.0,3,2,0,2,8,1,1,,7,RN 568 CLM,0,,3,4,0,1,0,0,1,, -1,1,0,1,90,5,6,2021,16:10,1,13,13026,1,1,0,3,RN 568 CLM,43.39243,5.15518,16,3,2
202100040207,129Â 728,A01,3,2,2,5,1,0,-1,-1, -1,-1,2021,30.0,2,2,0,1,2,1,1,,7,CROZET (AVENUE LOUIS ),0,,2,2,0,1,12,100,1,, -1,2,0,1,30,10,5,2021,17:40,1,13,13028,2,1,1,6,CROZET (AVENUE LOUIS ),43.1809,5.598,17,3,1
202100044283,122Â 511,A01,10,3,1,5,0,-1,-1,1,9,1,2021,42.0,3,2,0,1,6,4,1,,6,ROMAIN ROLLAND (BOULEVARD),0,,-1,0,0,1,(1),(1),1,, -1,1,9,1,30,12,4,2021,16:00,1,13,13210,2,1,0,6,ROMAIN ROLLAND (BOULEVARD),43.27354,5.41343,16,2,1
202100002325,197Â 636,E01,2,2,1,1,1,-1,-1,0,0,-1,2021,28.0,1,5,0,2,1,1,1,,1,13,-1,,3,3,0,2,98,600,1,, -1,1,0,1,130,17,12,2021,06:20,3,27,27701,1,1,0,5,Autoroute A.13 (PK 098.500),49.248927,1.176052,6,5,4
202100020212,165Â 504,A01,10,3,1,4,0,-1,-1,5,A,1,2021,47.0,2,2,1,0,3,13,1,,4,LOTI (BD PIERRE),0,,1,1,0,1,(1),(1),1,, -1,1,0,4,50,7,9,2021,09:30,1,33,33009,2,1,0,6,Boulevard Pierre loti,44.65346,-1.14582,9,2,1
202100001160,199Â 700,A01,1,1,2,4,2,-1,-1,-1, -1,-1,2021,19.0,1,1,0,0,8,1,3,,4,JOLIOT CURIE                        (R ),0,,2,2,0,2,(1),(1),1,, -1,2,0,1,50,26,12,2021,20:30,5,69,69385,2,1,1,7,JOLIOT CURIE (R),45.7543617389,4.7838056087,20,1,1
202100008810,185Â 999,A01,2,2,1,0,0,-1,-1,0,0,-1,2021,4.0,3,1,0,2,2,1,3,,4,,-1,,1,2,0,1,(1),(1),2,,4,1,5,1,50,10,11,2021,18:45,5,1,1376,2,6,0,3,Place d ArmÃ©nie,45.825859,4.981386,18,3,2
202100032430,143Â 804,A01,1,1,2,0,1,0,-1,-1, -1,-1,2021,75.0,2,2,0,2,4,1,1,,2,104,0,,1,3,0,1,38,299,1,, -1,1,0,1,90,25,6,2021,12:00,1,91,91228,1,1,0,2,RN 104,48.614548,2.430568,12,3,2
202100041267,127Â 837,A01,1,1,2,1,8,-1,-1,0,0,-1,2021,21.0,3,1,0,2,1,9,5,,4,FERRE (PLACE),0,,-1,1,0,1,(1),(1),2,, -1,2,5,1,50,5,5,2021,08:34,1,65,65440,2,6,1,3,FERRE (PLACE),43.2283801177,0.0758276618,8,2,2
202100018480,168Â 598,A01,1,1,1,5,2,6,-1,0,0,-1,2021,40.0,2,1,15,0,1,16,1,,1,35,0,A,3,4,0,1,317,100,3,, -1,1,3,1,50,18,9,2021,00:20,3,67,67108,1,9,0,6,A35,48.524268,7.611514,0,1,1
202100018946,167Â 777,A01,1,1,2,5,1,8,-1,-1, -1,-1,2021,25.0,1,2,1,0,1,14,1,,3,JAURES (RUE  JEAN ),0,,2,2,0,1,102,735,1,, -1,1,0,3,50,13,9,2021,23:21,5,56,56098,2,1,0,6,JAURES (RUE  JEAN ),47.76682,-3.35606,23,1,1
202100044369,122Â 361,A01,1,1,1,5,2,6,-1,0,0,-1,2021,19.0,2,1,0,2,2,15,1,,4,RUE D ALESIA,0,,2,3,0,1,(1),(1),1,, -1,1,0,1,50,11,4,2021,20:45,3,75,75114,2,2,0,1,RUE D ALESIA,48.831823,2.314166,20,2,2
202100048505,115Â 058,A01,10,3,2,2,0,-1,-1,1,3,1,2021,23.0,3,1,0,1,1,1,5,,4,CLAUDE BERNARD                      (QU),0,,2,2,1,1,(1),(1),1,, -1,1,0,5,-1,10,3,2021,12:50,1,69,69387,2,1,0,6,CLAUDE BERNARD (Q),45.7508469538,4.8359751105,12,2,1
202100042994,124Â 821,A01,1,1,2,0,1,0,-1,-1, -1,-1,2021,46.0,2,2,0,0,9,26,1,,1,A64 - BORDELONGUE,0,,3,4,0,1,286,62,1,, -1,1,0,1,90,21,2,2021,11:00,1,31,31555,1,1,1,7,A64 - BORDELONGUE,43.55795,1.41304,11,1,1
202100020706,164Â 617,A01,10,3,1,5,0,-1,-1,2,3,1,2021,77.0,3,2,0,1,1,15,1,,4,PEIRES RUE DES,0,,-1,2,0,1,1,0,1,, -1,1,9,1,50,5,9,2021,09:00,1,13,13047,2,1,1,6,PEIRES RUE DES,43.4946724088,4.9758790533,9,2,1
202100002996,196Â 421,A01,8,2,1,0,0,-1,-1,0,0,-1,2021,19.0,1,2,8,0,2,0,1,,3,29,0,D,2,2,0,1,0,530,1,, -1,1,0,4,50,16,12,2021,00:15,5,41,41106,2,1,0,6,60ter Rue Ernest Gaugiran,47.600746,2.03181,0,4,1
202100019481,166Â 814,A01,10,3,1,5,0,-1,-1,4,3,1,2021,40.0,2,2,0,1,1,1,1,,3,REPUBLIQUE (BOULEVARD DE LA),0,,2,2,0,1,1,895,1,, -1,1,0,1,50,11,9,2021,23:30,5,61,61001,2,9,0,6,REPUBLIQUE (BOULEVARD DE LA),48.42719,0.09302,23,2,1
202100018740,168Â 142,A01,1,1,2,5,1,5,-1,-1, -1,-1,2021,32.0,2,2,2,0,1,14,1,,3,PIERRE BROSSOLETTE (BOULEVARD),0,,2,2,0,1,20,250,3,, -1,2,0,1,50,15,9,2021,15:30,1,78,78481,2,1,1,6,PIERRE BROSSOLETTE (BOULEVARD),48.89524,2.10598,15,2,1
202100029959,148Â 247,B01,1,1,2,3,1,0,-1,-1, -1,-1,2021,49.0,1,2,0,2,4,1,1,,4,EUROPE (AVENUE DE L'),0,,2,2,0,2,0,1,1,, -1,2,0,1,50,8,7,2021,17:45,1,74,74012,2,1,1,4,EUROPE (AVENUE DE L'),46.17731,6.23877,17,3,3
202100026502,154Â 328,B01,1,1,2,5,2,0,-1,0,0,-1,2021,35.0,2,1,0,2,3,13,5,,4,RUE DU HAVRE,0,,2,4,1,1,(1),(1),1,, -1,1,0,1,50,29,7,2021,17:05,1,75,75109,2,1,0,3,RUE DU HAVRE,48.87512,2.3267,17,2,2
202100042383,125Â 871,B01,1,1,1,5,2,6,-1,0,0,-1,2021,41.0,3,1,0,2,1,1,1,,4,1,-1,,2,2,0,1,(1),(1),1,, -1,1,0,1,90,27,4,2021,17:15,1,23,23245,1,2,0,3,voie communale 1 et voie communale 45,46.21006,1.837023,17,2,2
202100011011,182Â 046,A01,1,1,2,9,1,-1,-1,0,0,-1,2021,83.0,3,2,1,0,1,1,1,,4,,-1,,2,1,0,1,(1),(1),1,,3,6,0,1,80,26,10,2021,09:40,1,14,14658,1,1,1,6,Bocagnerie -Msl Clinchamps (Mesnil-Clinchamps),48.848732,-0.963629,9,1,1
202100055008,103Â 485,A01,1,1,1,0,8,0,-1,-1, -1,-1,2021,45.0,1,1,0,2,1,15,5,,4,PAVE(RUE),0,,2,2,0,4,0,0,1,, -1,1,0,1,50,14,1,2021,11:50,1,974,97416,2,1,0,3,PAVE(RUE),-21.34164,55.48216,11,2,2
202100020744,164Â 551,A01,1,1,1,5,2,-1,-1,0,0,-1,2021,39.0,2,1,7,0,3,1,1,,3,144,0,,2,2,0,1,10,400,1,, -1,1,5,1,50,4,9,2021,23:30,5,62,62261,2,6,0,6,Avenue FranÃ§ois Godin,50.487172,1.622643,23,1,1
202100048614,114Â 865,A01,10,3,1,5,0,-1,-1,3,3,1,2021,7.0,2,5,0,1,7,1,1,,4,57,0,,2,2,0,2,4,570,1,, -1,1,5,1,50,11,3,2021,16:45,1,29,29065,2,3,0,6,Route de Plogastel,48.018048,-4.268108,16,2,1
202100015598,173Â 802,A01,1,1,2,1,1,-1,-1,0,0,-1,2021,23.0,2,2,3,0,2,1,1,,2,RN165 (VE),0,,1,1,0,2,33,900,3,, -1,2,3,1,70,2,10,2021,19:30,2,29,29039,1,1,1,6,N165 - Echangeur de Coat Conq,47.925025055,-3.8969429182,19,1,1
202100032240,144Â 135,A01,10,3,2,0,0,-1,-1,8,3,1,2021,54.0,3,5,0,1,4,4,1,,9,COCOTIERS (AVENUE DES),0,,-1,0,0,1,0,0,1,, -1,1,1,8,30,25,6,2021,11:30,1,974,97411,2,1,0,2,COCOTIERS (AVENUE DES),-20.89349,55.46208,11,2,1
202100005015,192Â 820,A01,10,3,2,0,0,-1,-1,4,3,1,2021,70.0,3,0,0,1,1,19,3,,4,,0,,3,2,0,1,0,0,1,, -1,1,4,1,50,2,12,2021,09:30,1,92,92026,2,8,0,6,BERTHELOT,48.8975016845,2.2395674139,9,2,1
202100031712,145Â 073,B01,1,1,1,0,2,0,-1,-1, -1,-1,2021,58.0,0,1,0,2,1,2,1,,7,POMME (BOULEVARD DE LA ),0,,2,3,1,1,0,0,1,, -1,1,0,1,50,29,6,2021,06:30,1,13,13211,2,3,0,2,ROUGUIERE (ALLÃE DE LA ),43.29332,5.45501,6,3,2
202100024808,157Â 312,A01,1,1,2,4,1,-1,-1,0,0,-1,2021,46.0,1,2,13,0,3,1,1,,3,30.2,-1,,2,2,0,1,14,50,1,, -1,9,0,8,80,10,8,2021,10:25,1,28,28282,1,1,0,7,D30.2,48.336522,1.142818,10,1,1
202100007813,187Â 781,A01,10,3,1,2,0,-1,-1,3,3,1,2021,12.0,1,2,0,1,2,1,1,,4,GUILLEMOTTES(RUE DES),0,,2,2,0,2,(1),(1),1,, -1,1,0,1,50,16,11,2021,08:30,1,38,38544,2,1,0,6,Rue des Guillemottes,45.53479,4.88642,8,2,1
202100043241,124Â 367,B01,1,1,1,1,1,-1,-1,0,0,-1,2021,56.0,2,2,5,2,3,13,1,,3,924,0,,2,2,0,2,54,650,2,, -1,1,0,1,90,21,4,2021,17:10,1,61,61486,1,1,0,1,Lieu Dit la Brigaudiere,48.76156,-0.681924,17,2,2
202100012741,178Â 942,C01,1,1,1,1,1,-1,-1,0,0,-1,2021,18.0,1,2,1,0,4,1,1,,1,16,-1,,3,4,0,2,59,880,1,, -1,1,0,1,130,18,10,2021,08:05,2,60,60030,1,1,0,4,A16 pk 58+880 sens PARIS-BOULOGNE,49.3280970576,2.0949854849,8,6,4
202100048618,114Â 858,B01,1,1,2,1,1,-1,-1,0,0,-1,2021,50.0,1,2,0,2,4,15,1,,3,824,0,,2,2,0,1,8,200,1,, -1,1,0,1,80,9,3,2021,16:15,1,40,40080,1,3,0,2,RD 824,43.753729,-0.295719,16,2,2
202100047480,116Â 894,B01,1,1,1,5,2,6,-1,-1, -1,-1,2021,23.0,0,1,0,2,1,1,1,,7,DIEPPE. ROUTE DE (RN 27),0,,2,2,0,1,0,950,1,, -1,1,0,1,30,7,3,2021,15:45,1,76,76474,2,1,0,3,Route de Dieppe,49.48995,1.04931,15,2,2