Num_Acc,id_vehicule,num_veh,place,catu,sexe,trajet,secu1,secu2,secu3,locp,actp,etatp,year_acc,victim_age,senc,catv,obs,obsm,choc,manv,motor,occutc,catr,voie,v1,v2,circ,nbv,vosp,prof,pr,pr1,plan,lartpc,larrout,surf,infra,situ,vma,jour,mois,an,hrmn,lum,dep,com,agg_,int,atm,col,adr,lat,long,hour,nb_victim,nb_vehicules
202100010070,183Â 695,A01,1,1,2,3,1,-1,-1,0,0,-1,2021,41.0,2,2,13,0,7,1,1,,2,10,0,T,2,2,0,1,37,300,2,,7,2,0,3,80,1,11,2021,12:20,1,201,201139,1,1,1,6,RT10,41.686398,9.321867,12,1,1
202100027300,152Â 931,A01,7,2,1,5,8,-1,-1,0,0,-1,2021,32.0,2,2,13,0,2,1,1,,3,6,0,D,2,2,0,1,15,278,1,, -1,1,0,1,50,25,7,2021,05:05,3,81,81046,2,3,0,6,Route de Graulhet,43.8466947427,1.9807912409,5,3,1
202100017411,170Â 506,B01,1,1,1,0,1,0,-1,0,0,-1,2021,80.0,1,2,0,2,6,1,1,,3,ALATA ROUTE,0,,-1,2,0,1,0,500,1,, -1,1,0,1,50,22,9,2021,11:40,1,201,201004,2,2,0,3,ALATA ROUTE,41.93452,8.73671,11,2,2
202100028015,151Â 633,B01,1,1,1,5,2,-1,-1,0,0,-1,2021,72.0,0,1,0,2,1,1,5,,4,,-1,,2,1,0,2,(1),(1),2,,3,1,0,1,50,20,7,2021,07:30,2,34,34215,2,1,0,1,Rue des Rouvieres,43.61424,3.51695,7,2,2
202100028078,151Â 520,A01,1,1,2,0,8,0,-1,-1, -1,-1,2021,20.0,2,2,3,0,0,21,1,,2,RN 104,0,,1,3,0,1,33,0,1,, -1,1,0,1,90,20,7,2021,15:30,1,91,91553,1,1,0,6,RN 104,48.6261,2.4739,15,1,1
202100044702,121Â 809,A01,10,3,2,5,0,-1,-1,2,3,1,2021,78.0,1,2,0,1,2,9,1,,4,CANAC (CHEMIN DE ),0,,2,2,0,3,(1),(1),1,, -1,1,5,1,50,1,4,2021,09:26,1,12,12176,2,4,0,6,CANAC (CHEMIN DE ),44.362707,2.587058,9,2,1
202100034111,140Â 788,Y01,2,2,2,0,8,0,-1,-1, -1,-1,2021,32.0,1,1,0,2,6,18,3,,3,LAITIERES (R DES),0,,2,2,0,1,1,0,1,, -1,1,0,1,50,16,6,2021,18:30,1,94,94080,2,1,0,3,LAITIERES (R DES),48.84645,2.4199,18,4,2
202100052336,108Â 169,A01,3,2,2,0,1,0,-1,-1, -1,-1,2021,3.0,2,2,0,2,1,1,1,,3,PARIS (RUE DE),0,,2,2,0,1,1,1,1,, -1,2,0,1,50,6,2,2021,17:35,2,93,93048,2,2,1,3,PARIS (RUE DE),48.8547230393,2.4175274477,17,5,2
202100055106,103Â 312,A01,1,1,2,0,1,-1,-1,0,0,-1,2021,74.0,0,2,0,2,1,13,1,,3,911,-1,,2,1,0,1,9,1,1,, -1,1,0,1,80,15,1,2021,18:30,3,47,47070,1,1,0,3,D911,44.474212,0.921581,18,2,2
202100053276,106Â 504,A01,10,3,2,5,0,-1,-1,2,3,1,2021,73.0,3,2,0,1,1,0,1,,4,,-1,,2,2,0,1,(1),(1),1,, -1,2,0,1,50,29,1,2021,16:00,1,80,80016,2,1,1,6,Rue Gallieni,50.001098,2.649223,16,2,1
202100002523,197Â 267,A01,1,1,1,0,0,-1,-1,0,0,-1,2021,18.0,1,2,6,0,1,1,1,,3,31,-1,D,2,2,0,4,23,70,1,, -1,2,0,3,70,19,12,2021,07:00,5,53,53096,1,1,1,6,23 Avenue de la LibÃ©ration,48.306078,-0.938858,7,1,1
202100051585,109Â 486,B01,1,1,1,4,2,8,-1,-1, -1,-1,2021,21.0,2,1,0,2,8,26,1,,4,RUE PUECH DU TEIL ,0,,2,1,0,2,0,0,1,, -1,1,0,1,50,13,2,2021,19:20,5,30,30189,2,3,0,3,BELLINI (RUE),43.82527,4.3411,19,2,2
202100028778,150Â 284,A01,2,2,2,5,1,0,-1,-1, -1,-1,2021,61.0,1,2,0,2,4,9,1,,1,A7-Sens Lyon vers Marseille,0,,1,1,0,1,272,830,1,, -1,1,0,6,50,13,7,2021,15:50,1,13,13106,1,1,0,2,A7-Sens Lyon vers Marseille,43.3906881539,5.3509865221,15,4,3
202100012897,178Â 674,B01,1,1,1,0,2,8,-1,-1, -1,-1,2021,28.0,2,1,0,2,3,1,1,,3,SAINT LEU (ROUTE DE) 1 Ã  157,0,,2,2,1,1,0,1,1,, -1,1,0,1,50,16,10,2021,14:10,1,93,93031,2,3,0,3,SAINT LEU (ROUTE DE) 1 Ã  157,48.9499861629,2.3410417322,14,2,2
202100000505,200Â 800,A01,1,1,1,0,2,8,-1,-1, -1,-1,2021,37.0,1,1,0,2,1,1,1,,4,SOLEURE (RUE DE),0,,1,1,0,1,0,0,1,, -1,2,0,1,30,31,10,2021,22:30,5,67,67482,2,3,1,2,SOLEURE (RUE DE),48.57749,7.75478,22,2,2
202100041727,127Â 025,B01,1,1,1,5,1,-1,-1,0,0,-1,2021,31.0,2,2,4,0,4,1,1,,1,4,0,,1,2,0,1,473,0,1,, -1,2,0,1,90,3,4,2021,20:45,3,67,67506,1,1,0,2,autoroute A4 Pk 473 STRASBOURG / PARIS,48.6675171741,7.7368050814,20,2,2
202100032538,143Â 610,B01,1,1,2,5,8,0,-1,-1, -1,-1,2021,63.0,2,1,0,2,1,25,3,,4,128,0,,1,1,0,1,0,1,1,, -1,1,0,4,50,24,6,2021,22:00,2,92,92049,2,1,0,3,GINOUX AV. HENRI NÂ°1 A 95 ET 2 A 104,48.818598,2.322812,22,2,2
202100005648,191Â 692,B01,1,1,2,5,2,0,-1,0,0,-1,2021,19.0,3,1,0,2,8,19,5,,4,BOULEVARD DE CLICHY,0,,1,2,3,1,(1),(1),1,, -1,1,0,6,30,29,11,2021,15:00,1,75,75109,2,1,0,3,BOULEVARD DE CLICHY,48.884202,2.330423,15,2,2
202100036244,136Â 895,B01,1,1,1,5,2,8,-1,-1, -1,-1,2021,42.0,1,1,0,2,1,1,1,,4,HEURTELOUP (BOULEVARD),0,,1,3,0,1,(1),(1),1,, -1,1,0,1,50,5,6,2021,14:00,1,37,37261,2,1,0,6,HEURTELOUP (BOULEVARD),47.3904363099,0.6897515059,14,2,2
202100053567,105Â 969,B01,1,1,1,5,2,8,-1,-1,0,-1,2021,31.0,3,1,0,2,1,1,1,,4,GUILLOT (BOULEVARD MARCEAU),0,,2,2,0,1,(1),(1),1,, -1,1,0,1,50,26,1,2021,14:53,1,95,95018,1,3,0,1,GUILLOT (BOULEVARD MARCEAU),48.95515,2.252688,14,2,2
202100000193,201Â 397,A01,2,2,2,9,1,-1,-1,0,0,-1,2021,74.0,2,2,0,2,3,1,1,,3,32,0,D,-1,2,0,1,15,600,3,, -1,2,0,1,80,17,12,2021,13:50,1,74,74073,1,1,0,1,d32,46.34632,6.631236,13,6,2
202100040330,129Â 515,B01,4,2,2,0,1,0,-1,0,0,-1,2021,17.0,0,2,0,2,4,2,1,,7,MOULIN (BD JEAN),0,,2,4,0,1,(1),(1),1,, -1,1,0,1,50,10,5,2021,07:39,1,63,63113,2,2,0,2,MOULIN (BD JEAN)/Parlette,45.77692,3.11769,7,5,2
202100032166,144Â 255,A01,1,1,1,5,2,6,-1,0,0,-1,2021,26.0,2,1,0,2,1,5,1,,3,D922,-1,Z,2,2,0,1,44,750,3,, -1,1,0,1,50,27,6,2021,16:50,1,95,95352,2,1,0,3,RD 922Z,49.115856,2.414685,16,2,2
202100047408,117Â 028,A01,1,1,1,1,2,8,-1,-1, -1,-1,2021,27.0,1,1,0,2,1,2,1,,3,MARCEL DASSAULT,0,,2,2,0,1,0,0,1,, -1,1,0,1,50,19,3,2021,14:20,1,92,92064,2,3,0,2,MARCEL DASSAULT,48.856641696,2.2232843935,14,2,2
202100012065,180Â 147,A01,10,3,1,2,0,-1,-1,2,7,1,2021,15.0,2,2,0,1,3,1,1,,4,LE ROY DES BARRES,0,,2,2,0,1,0,1,1,, -1,2,0,1,50,20,10,2021,09:20,1,93,93066,2,1,0,6,LE ROY DES BARRES,48.9288227963,2.3669334253,9,2,1
202100032672,143Â 364,A01,10,3,1,0,0,-1,-1,1,3,1,2021,72.0,1,5,0,1,4,20,1,,6,RUE CIBOULETTE,0,,-1,-1,0,1,(1),(1),1,, -1,1,0,1,30,23,6,2021,10:00,1,33,33318,2,1,0,6,Rue de lâEstragon,44.7987,-0.6442,10,2,1
202100018400,168Â 735,A01,1,1,1,5,8,0,-1,0,0,-1,2021,45.0,2,1,0,2,1,25,5,,4,AVENUE STEPHANE MALLARME,0,,2,0,0,1,(1),(1),1,, -1,1,0,4,30,17,9,2021,19:45,1,75,75117,2,3,0,1,AVENUE STEPHANE MALLARME,48.886505,2.292861,19,2,2
202100055279,103Â 010,B01,1,1,1,4,1,8,-1,-1, -1,-1,2021,38.0,2,2,0,2,4,2,2,,3,63,0,,2,2,0,2,(1),(1),1,, -1,1,5,1,50,11,1,2021,15:50,1,91,91223,1,6,0,2,CD63,48.42244,2.17949,15,3,2
202100046575,118Â 517,A01,1,1,1,5,2,0,-1,-1, -1,-1,2021,40.0,1,1,0,2,8,18,1,,4,REPUBLIQUE (RUE DE LA),0,,2,2,0,1,0,0,1,, -1,1,0,1,50,23,3,2021,15:13,1,87,87048,2,1,0,2,REPUBLIQUE (RUE DE LA),45.79224,1.23396,15,2,2
202100005302,192Â 312,B01,1,1,1,1,2,6,-1,-1, -1,-1,2021,56.0,2,1,0,2,7,1,1,,7,CHARTRES (RUE DE),0,,2,2,0,1,1,0,1,, -1,2,0,1,50,1,12,2021,07:45,5,45,45234,2,1,1,3,CHARTRES (RUE DE),47.8475,1.93547,7,2,2
202100008287,186Â 904,A01,1,1,1,0,1,-1,-1,0,0,-1,2021,79.0,1,2,1,0,1,1,1,,1,75,0,A,3,4,0,1,329,777,1,, -1,1,0,2,130,14,11,2021,01:30,3,34,34032,1,1,0,2,A75 pk 329+600,43.368454,3.280499,1,2,2
202100014631,175Â 561,B01,2,2,1,4,2,6,-1,0,0,-1,2021,27.0,2,1,0,2,4,2,1,,4,RUE DE ROME,0,,2,3,0,1,(1),(1),1,, -1,1,0,1,30,7,10,2021,14:00,1,75,75117,2,2,0,2,RUE DE ROME,48.884027,2.318508,14,4,2
202100013255,178Â 047,B01,6,2,2,0,8,0,-1,0,0,-1,2021,97.0,1,3,0,2,8,1,1,5.0,4,QUATRE EGLISES (RUE,0,,2,3,3,1,(1),(1),1,, -1,1,0,1,30,7,10,2021,19:31,5,54,54395,2,2,0,7,QUATRE EGLISES (RUE,48.6865,6.18423,19,6,2
202100001466,199Â 166,B01,1,1,1,9,8,0,-1,-1, -1,-1,2021,15.0,1,1,0,2,1,1,5,,4,VILLESICARD,0,,2,2,0,1,1,0,1,, -1,1,0,1,50,23,12,2021,11:21,1,49,49246,2,1,0,3,VILLESICARD,47.44536,-0.52689,11,2,2
202100053150,106Â 736,A01,1,1,1,0,2,0,-1,-1, -1,-1,2021,32.0,1,1,1,0,1,2,1,,1,AUTOROUTE A86,0,,3,6,0,1,11,699,1,, -1,1,0,1,70,29,1,2021,21:30,3,92,92078,1,1,0,2,AUTOROUTE A86,48.9281997009,2.3314316539,21,2,2
202100016127,172Â 815,A01,1,1,1,0,2,-1,-1,-1, -1,-1,2021,30.0,1,1,0,2,8,18,1,,4,FRANKLIN ROOSEVELT                  (AV),0,,2,2,0,1,(1),(1),1,, -1,1,0,5,50,18,9,2021,19:10,2,69,69275,2,1,0,3,FRANKLIN ROOSEVELT (AV),45.74679,4.93344,19,2,2
202100017415,170Â 500,C01,1,1,2,0,1,0,-1,-1, -1,-1,2021,49.0,2,2,0,2,3,2,0,,4,PLESSIS (CHEMIN DU),0,,4,4,0,1,(1),(1),1,, -1,1,0,1,50,22,9,2021,16:30,1,91,91286,2,1,1,5,PLESSIS (CHEMIN DU),48.651502,2.385304,16,3,3
202100027026,153Â 407,A01,1,1,1,5,2,-1,-1,0,0,-1,2021,17.0,3,1,0,2,1,1,1,,4,,-1,,2,2,0,2,(1),(1),1,, -1,1,2,1,50,24,7,2021,11:00,1,1,1032,1,1,0,3,1637 Route de Chanes,45.8575634993,5.1388147698,11,2,2
202100001437,199Â 214,A01,2,2,1,5,3,0,-1,-1, -1,-1,2021,4.0,1,2,3,2,1,26,1,,1,A86.EXT,0,,1,2,0,1,37,0,1,, -1,2,1,1,70,25,12,2021,00:25,5,94,94046,1,1,0,6,A86.EXT,48.8085628803,2.4490578633,0,2,1
202100000526,200Â 760,B01,1,1,1,4,2,6,-1,-1, -1,-1,2021,40.0,1,1,0,2,3,21,1,,7,BD FERDINAND DE LESSEPS,0,,1,1,0,1,1,0,1,, -1,1,0,1,50,26,12,2021,02:11,5,13,13203,2,9,0,3,BD FERDINAND DE LESSEPS,43.3213,5.3731,2,2,2
202100036298,136Â 804,B01,2,2,2,5,1,-1,-1,0,0,-1,2021,51.0,1,5,13,2,7,1,1,,2,137,0,,3,4,0,1,39,140,1,, -1,1,3,1,110,5,6,2021,21:40,1,35,35066,1,9,0,3,RN137,48.043716,-1.684746,21,3,2
202100055219,103Â 115,A01,1,1,1,9,2,6,-1,-1, -1,-1,2021,32.0,1,1,0,2,1,13,1,,4,CHAMPIGNY (BD DE),0,,2,3,0,1,0,0,1,, -1,2,0,1,30,12,1,2021,10:00,1,94,94068,2,3,1,3,CHAMPIGNY (BD DE),48.80873,2.50948,10,2,2
202100025679,155Â 782,A01,1,1,1,3,2,-1,-1,0,0,-1,2021,66.0,2,1,4,0,3,13,1,,1,8,-1,,3,5,0,1,185,900,3,, -1,1,0,1,90,5,8,2021,11:50,1,6,6088,1,1,0,6,A8- PK 185+900 NORD,43.6688732722,7.2001521879,11,1,1
202100016512,172Â 111,A01,1,1,1,5,1,5,-1,-1, -1,-1,2021,56.0,1,2,0,2,3,0,1,,4,BOUYALA D'ARNAUD (BOULEVARD),0,,2,1,1,1,0,0,3,, -1,1,0,1,50,26,9,2021,21:45,3,13,13212,2,1,0,2,BOUYALA D'ARNAUD (BOULEVARD),43.2968476834,5.4426975579,21,2,2
202100007122,189Â 039,A01,10,3,2,1,0,-1,-1,3,3,1,2021,49.0,2,2,0,1,3,1,1,,4,RUE DU 8 MAI 1945,0,,2,2,0,1,(1),(1),1,, -1,1,0,1,30,17,11,2021,13:50,1,33,33119,2,3,0,6,Rue du 8 Mai 1945,44.852,-0.51159,13,2,1
202100028634,150Â 530,B01,1,1,2,0,1,0,-1,0,0,-1,2021,47.0,1,2,0,2,4,26,1,,7,LIBERATION (AVENUE DE LA),0,,3,2,0,1,(1),(1),1,, -1,1,0,1,50,16,7,2021,07:55,1,54,54395,2,3,0,2,LIBERATION (AVENUE DE LA),48.69727,6.15624,7,2,2
202100043294,124Â 275,A01,10,3,2,0,0,-1,-1,1,3,1,2021,55.0,1,1,0,1,1,17,1,,4,GEORGES POMPIDOU ( BD),0,,2,3,0,1,0,1,1,, -1,1,0,1,50,15,2,2021,11:56,1,5,5061,2,1,0,6,GEORGES POMPIDOU ( BD),44.5592602466,6.0838723183,11,2,1
202100001200,199Â 625,A01,1,1,2,9,1,8,-1,-1, -1,-1,2021,62.0,1,5,0,2,3,19,1,,4,DE LATTRE DE TASSIGNY (AV),0,,4,3,0,2,(1),(1),1,, -1,2,0,1,50,27,12,2021,17:35,5,13,13001,2,9,1,3,DE LATTRE DE TASSIGNY (AV),43.53436,5.43621,17,2,2
202100017005,171Â 225,A01,1,1,1,1,2,6,-1,0,0,-1,2021,35.0,1,1,0,2,1,12,1,,4,PORTE DOREE,0,,1,4,0,1,33,600,1,, -1,1,0,1,70,24,9,2021,16:30,1,75,75112,2,1,0,3,BD PERIPHERIQUE INTERIEUR,48.833191,2.406946,16,2,2
202100009614,184Â 520,A01,1,1,1,1,2,6,-1,0,0,-1,2021,30.0,1,1,0,2,8,3,1,,4,BOULEVARD PERIPHERIQUE,0,,1,4,0,1,26,900,1,, -1,1,0,1,70,3,11,2021,19:45,5,75,75119,2,1,0,4,BOULEVARD PERIPHERIQUE,48.887361,2.396807,19,3,3
202100025486,156Â 109,A01,1,1,1,0,1,0,-1,-1, -1,-1,2021,28.0,2,2,0,2,1,1,1,,3,JEAN JAURES (R),0,,2,4,0,1,1,0,1,, -1,1,8,1,50,5,8,2021,20:00,1,94,94046,2,9,0,4,Rue Jean JaurÃ¨s,48.7947,2.4343,20,3,3
202100032033,144Â 489,B01,1,1,1,5,2,-1,-1,0,0,-1,2021,61.0,2,1,0,2,1,1,5,,3,6,-1,,-1,2,0,2,(1),(1),4,, -1,1,0,1,-1,15,6,2021,08:10,1,24,24255,1,1,1,1,Route de Callabout,44.938777,1.121252,8,2,2
202100023452,159Â 703,A01,1,1,2,5,2,0,-1,0,0,-1,2021,69.0,1,1,0,2,0,15,5,,4,RUE CLAUDE BERNARD,0,,2,2,0,2,(1),(1),1,, -1,1,0,1,30,18,8,2021,13:20,1,75,75105,2,2,0,3,RUE CLAUDE BERNARD,48.840275,2.346033,13,2,2
202100051379,109Â 841,A01,1,1,2,5,1,0,-1,-1,0,-1,2021,63.0,2,2,4,0,5,1,1,,1,AUTOROUTE A15,0,,3,8,0,2,9,0,3,, -1,1,0,1,110,15,2,2021,18:15,2,95,95582,1,1,0,6,A15,48.96852,2.25127,18,1,1
202100051809,109Â 093,A01,10,3,2,3,0,-1,-1,1,3,1,2021,80.0,1,1,1,0,1,1,6,,4,JEAN DE BERNARDY (RUE),0,,-1,1,0,1,0,0,1,, -1,1,0,1,50,11,2,2021,09:25,1,13,13201,2,1,0,3,JEAN DE BERNARDY (RUE),43.3027913828,5.3896565314,9,2,1
202100037948,133Â 835,B01,2,2,1,0,1,0,-1,-1, -1,-1,2021,39.0,1,2,0,2,4,1,1,,1,AUTOROUTE A86,0,,3,6,0,1,28,200,1,, -1,1,0,1,90,28,5,2021,19:30,1,93,93064,1,1,0,2,AUTOROUTE A86,48.86796,2.48188,19,3,2
202100054733,103Â 958,A01,9,2,2,5,1,-1,-1,0,0,-1,2021,22.0,2,2,0,0,4,1,1,,3,11,0,D,2,2,1,1,1,100,1,, -1,2,0,1,50,17,1,2021,21:35,5,973,97311,2,3,1,2,Rue Joseph Symphorien,5.491085,-54.032248,21,4,2
202100014841,175Â 181,Z01,10,3,2,5,8,8,-1,4,3,1,2021,82.0,2,1,0,1,0,1,0,,4,RUE DE VOUILLE,0,,2,2,0,1,(1),(1),1,, -1,1,0,1,30,6,10,2021,15:00,1,75,75115,2,2,0,6,RUE DE VOUILLE,48.833878,2.308103,15,2,1
202100042549,125Â 573,A01,1,1,1,3,1,-1,-1,0,0,-1,2021,22.0,1,2,0,0,1,17,1,,2,3,0,R,-1,2,0,1,3697,0,1,, -1,1,0,1,70,27,4,2021,08:45,1,976,97607,1,1,0,1,Route nationale 3-HAJANGUA,-12.872137,45.208697,8,2,2
202100007683,188Â 018,A01,1,1,1,0,1,0,-1,-1, -1,-1,2021,38.0,1,2,6,0,1,1,1,,4,,0,,2,2,0,1,0,0,1,, -1,2,0,8,50,17,11,2021,09:00,1,92,92050,2,2,0,6,GARCHES RUE DE,48.8780223736,2.2048682069,9,1,1
202100009518,184Â 700,B01,2,2,2,5,1,-1,-1,0,0,-1,2021,73.0,1,2,0,2,1,1,1,,2,209,0,N,2,2,0,1,32,250,1,, -1,1,0,1,80,5,11,2021,15:05,1,3,3029,1,1,0,1,N209,46.228938,3.432734,15,3,2
202100012115,180Â 056,B01,1,1,1,1,1,5,-1,0,0,-1,2021,21.0,2,2,0,2,1,1,1,,7,610,-1,,2,2,0,1,8,566,1,, -1,1,0,1,80,21,10,2021,19:50,3,34,34227,1,1,0,1,D610,43.708757,4.027133,19,2,2
202100048048,115Â 860,A01,1,1,1,4,1,0,-1,-1, -1,-1,2021,29.0,1,2,1,2,1,1,1,,3,JEAN CHARCOT [CD115] (RUE),0,,-1,4,0,1,0,1,1,, -1,2,0,8,50,13,3,2021,23:30,5,93,93005,2,1,1,3,JEAN CHARCOT [CD115] (RUE),48.9330762053,2.4893204504,23,2,2
202100043076,124Â 678,B01,1,1,1,5,2,8,-1,-1, -1,-1,2021,75.0,1,1,0,2,8,1,5,,4,ROOSEVELT (BOULEVARD FRANKLIN),0,,2,2,0,1,0,0,1,, -1,1,5,1,50,12,4,2021,10:55,1,92,92063,2,6,0,3,ROOSEVELT (BOULEVARD FRANKLIN),48.8799409228,2.1681033075,10,2,2
202100049570,113Â 152,B01,1,1,1,5,0,-1,-1,0,0,-1,2021,18.0,3,1,0,2,2,9,5,,4,166,-1,D,2,2,0,1,(1),(1),1,, -1,1,0,1,70,28,2,2021,16:30,1,22,22327,1,2,0,1,D166,48.492812,-2.041778,16,2,2
202100021839,162Â 590,A01,1,1,1,5,2,6,-1,0,0,-1,2021,17.0,1,1,0,6,2,2,1,,3,1420,-1,,2,2,0,1,13,950,1,, -1,1,0,1,80,27,8,2021,21:40,3,67,67066,1,1,0,6,D1420,48.436618,7.183299,21,1,1
202100009593,184Â 559,A01,10,3,1,1,0,-1,-1,1,3,1,2021,20.0,2,3,0,1,1,1,1,1.0,4,CHANZY (RUE),0,,1,1,3,1,(1),(1),1,, -1,2,0,1,30,3,11,2021,08:40,5,51,51454,2,1,1,7,Rue Chanzy,49.2536359604,4.0307948918,8,2,1
202100040507,129Â 199,Z01,2,2,2,1,2,0,-1,0,0,-1,2021,19.0,2,1,0,2,7,17,0,,4,RUE ORDENER,0,,2,4,0,1,(1),(1),1,, -1,1,0,1,50,10,5,2021,16:15,1,75,75118,2,2,0,3,RUE ORDENER,48.89199,2.351622,16,3,2
202100027187,153Â 121,B01,1,1,1,1,2,0,-1,-1, -1,-1,2021,55.0,1,1,0,2,1,1,1,,2,MACE (BOULEVARD GABRIEL),0,,2,2,0,1,(1),(1),1,, -1,1,0,1,50,24,7,2021,13:20,1,974,97411,2,9,0,3,MACE (BOULEVARD GABRIEL),-20.872314,55.450382,13,3,2
202100041397,127Â 608,B01,3,2,2,0,3,0,-1,-1, -1,-1,2021,0.0,2,2,0,2,4,2,1,,1,AUTOROUTE A1,0,,3,8,0,1,1,500,1,, -1,1,1,1,90,4,5,2021,17:55,1,93,93066,1,1,0,4,AUTOROUTE A1,48.91482,2.35753,17,4,3
202100036781,135Â 963,A01,1,1,1,0,2,6,-1,-1, -1,-1,2021,17.0,3,1,0,2,1,2,1,,4,BARRE (PROMENADE DE LA),0,,3,2,0,1,0,0,1,, -1,1,0,1,50,2,6,2021,15:05,1,64,64024,2,1,0,2,BARRE (PROMENADE DE LA),43.50346,-1.52661,15,2,2
202100006505,190Â 175,B01,1,1,1,4,1,-1,-1,0,0,-1,2021,21.0,1,4,0,0,8,15,1,,3,160,-1,,2,2,0,1,34,700,1,, -1,1,0,1,80,24,11,2021,10:17,1,85,85084,1,1,0,3,D160,46.779513,-1.215529,10,2,2
202100020354,165Â 251,A01,1,1,1,0,8,0,-1,-1, -1,-1,2021,40.0,1,1,0,2,2,1,5,,3,180,0,,2,2,0,1,0,0,1,, -1,1,0,1,50,7,9,2021,16:10,1,92,92064,2,6,0,3,SUISSES,48.8547091065,2.198035419,16,2,2
202100043359,124Â 162,A01,2,2,1,0,2,6,-1,-1, -1,-1,2021,20.0,2,1,0,2,7,15,1,,4,CARNOT (BOULEVARD),0,,1,2,0,1,0,1,1,, -1,1,8,1,50,19,4,2021,20:00,1,93,93066,2,2,0,3,CARNOT (BOULEVARD),48.93853,2.35634,20,3,2
202100025272,156Â 481,A01,1,1,1,3,2,-1,-1,0,0,-1,2021,28.0,1,1,0,0,7,1,1,,2,KENNEDY (BOULEVARD DU PRESIDENT JOHN),0,,-1,2,0,1,22,324,3,, -1,1,0,1,50,6,8,2021,08:40,1,65,65440,2,1,0,7,KENNEDY (BOULEVARD DU PRESIDENT JOHN),43.219434,0.080335,8,1,1
202100051866,108Â 992,A01,1,1,1,0,1,-1,-1,0,0,-1,2021,30.0,1,2,6,0,9,1,1,,3,1084,0,,2,2,0,1,14,300,1,, -1,1,0,8,50,10,2,2021,16:30,1,1,1142,2,1,0,6,1910 route de geneve,45.850729,5.086026,16,1,1
202100039221,131Â 517,A01,2,2,2,0,1,-1,-1,0,0,-1,2021,60.0,1,2,0,2,1,21,1,,3,12,-1,,2,2,0,1,16,450,1,, -1,2,0,1,80,21,5,2021,16:45,1,60,60317,1,1,1,1,,49.331345,2.311871,16,3,2
202100009764,184Â 245,A01,1,1,2,5,1,0,-1,0,0,-1,2021,81.0,1,2,0,2,1,16,1,,4,BOUFFLERS (AVENUE) DE 2 AU 72),0,,2,2,0,1,(1),(1),1,, -1,1,0,1,50,1,11,2021,18:15,2,54,54395,2,3,0,2,BOUFFLERS (AVENUE) DE 2 AU 72),48.6892239954,6.1616117751,18,3,2
202100054449,104Â 436,B01,1,1,1,0,2,0,-1,-1, -1,-1,2021,38.0,1,1,0,2,2,3,1,,4,RUE DES FRERES LION,0,,2,3,0,1,(1),(1),1,, -1,1,0,1,50,18,1,2021,19:55,5,31,31555,2,1,0,3,18 Rue des FrÃ¨res Lion,43.60025,1.45247,19,2,2
202100022308,161Â 759,B01,1,1,1,0,2,0,-1,-1, -1,-1,2021,32.0,2,1,0,2,4,1,1,,4,R DU PORT,0,,2,2,0,1,1,0,1,, -1,1,0,1,50,27,8,2021,18:50,1,94,94028,2,1,0,2,Rue du Port,48.79969,2.46612,18,2,2
202100053574,105Â 956,B01,1,1,1,2,2,6,-1,-1, -1,-1,2021,17.0,1,1,1,2,1,1,1,,3,THOMAS (AV ALBERT),0,,2,2,0,1,24,195,1,, -1,1,0,1,50,26,1,2021,07:58,2,81,81004,2,1,0,3,THOMAS (AV ALBERT),43.93659,2.14681,7,2,2
202100010014,183Â 799,B01,1,1,1,0,2,0,-1,-1, -1,-1,2021,32.0,3,1,0,2,1,1,5,,4,COMMANDANT RENE MOUCHOTTE DU,0,,2,2,1,1,0,0,1,, -1,2,0,5,50,30,10,2021,17:35,1,64,64132,2,1,1,3,COMMANDANT RENE MOUCHOTTE DU,43.302742,-0.319609,17,2,2
202100013672,177Â 271,A01,2,2,2,1,2,6,-1,-1, -1,-1,2021,41.0,2,1,0,2,4,2,1,,4,MARÃCHAL JUIN (BOULEVARD),0,,2,6,0,4,153,0,2,, -1,1,0,1,50,12,10,2021,19:50,5,13,13204,2,1,0,2,MARÃCHAL JUIN (BOULEVARD),43.31247,5.40411,19,3,2
202100025923,155Â 346,A01,1,1,1,1,8,-1,-1,0,0,-1,2021,53.0,1,2,4,0,3,1,1,,2,184,0,N,1,2,0,2,14,200,2,, -1,8,0,1,90,28,6,2021,21:51,2,95,95678,1,1,0,5,RN184,49.072615,2.239988,21,3,3
202100052186,108Â 430,B01,1,1,2,5,1,-1,-1,0,0,-1,2021,60.0,2,2,0,2,3,26,1,,2,2,0,N,2,3,0,2,84,200,1,, -1,1,0,1,80,7,2,2021,19:40,3,971,97103,1,1,0,1,Route Nationale 02,16.257856,-61.604075,19,2,2
202100036804,135Â 920,A01,10,3,1,5,0,-1,-1,2,3,1,2021,12.0,0,2,0,1,2,26,1,,4,RUE DU LOT,0,,3,2,0,1,(1),(1),1,, -1,1,0,1,50,2,6,2021,17:30,1,31,31555,2,1,0,6,RUE DU LOT,43.58089,1.40887,17,2,1
202100052289,108Â 245,A01,1,1,1,0,1,-1,-1,-1, -1,-1,2021,50.0,1,2,12,0,3,0,1,,4,,0,,2,5,3,1,(1),(1),1,, -1,2,9,1,50,7,2,2021,02:20,5,69,69383,2,1,1,7,GARIBALDI (R),45.75691,4.85273,2,1,1
202100048366,115Â 300,A01,1,1,1,0,2,6,-1,-1, -1,-1,2021,44.0,1,1,0,2,7,17,1,,4,BOEUF (CHEMIN) (1),0,,2,2,0,1,0,0,2,, -1,1,0,1,30,11,3,2021,08:20,1,974,97416,2,2,0,3,BOEUF (CHEMIN) (1),-21.28955,55.46469,8,2,2