Num_Acc,id_vehicule,num_veh,place,catu,sexe,trajet,secu1,secu2,secu3,locp,actp,etatp,year_acc,victim_age,senc,catv,obs,obsm,choc,manv,motor,occutc,catr,voie,v1,v2,circ,nbv,vosp,prof,pr,pr1,plan,lartpc,larrout,surf,infra,situ,vma,jour,mois,an,hrmn,lum,dep,com,agg_,int,atm,col,adr,lat,long,hour,nb_victim,nb_vehicules
202100046367,118Â 888,B01,1,1,1,5,8,0,-1,0,0,-1,2021,33.0,2,0,0,2,1,1,3,,4,RUE DU CAPITAINE TARRON,0,,1,2,1,2,(1),(1),1,, -1,1,-1,5,50,27,3,2021,16:37,1,75,75120,2,4,0,5,RUE DU CAPITAINE TARRON,48.865388,2.40871,16,4,3
202100021745,162Â 762,A01,2,2,2,5,2,-1,-1,-1,0,-1,2021,52.0,1,1,0,2,1,3,1,,1,AUTOROUTE A15,0,,3,10,0,1,7,400,1,, -1,1,0,1,110,30,8,2021,18:45,1,95,95018,1,1,0,3,A15,48.9613,2.26925,18,3,2
202100012033,180Â 201,A01,1,1,2,1,1,8,-1,-1, -1,-1,2021,41.0,2,2,0,2,1,17,1,,4,CAILLOLS (AVENUE DES),0,,2,2,0,1,0,0,3,, -1,1,0,1,50,20,10,2021,07:20,2,13,13212,2,1,0,1,CAILLOLS (AVENUE DES),43.3038524945,5.4357341007,7,2,2
202100032817,143Â 117,B01,1,1,1,9,2,0,-1,-1, -1,-1,2021,29.0,1,1,0,2,1,9,1,,1,AUTOROUTE (A1),0,,1,4,0,2,0,699,1,, -1,1,0,8,90,20,6,2021,22:00,3,972,97209,1,1,0,3,AUTOROUTE (A1),14.61794,-61.03833,22,2,2
202100013925,176Â 810,A01,9,2,1,5,1,-1,-1,0,0,-1,2021,5.0,1,2,6,0,2,14,1,,3,348,-1,D,2,2,0,2,2,40,1,, -1,1,2,1,-1,11,10,2021,00:00,3,40,40200,1,1,0,6,Avenue Antoine Duluc,44.410769,-0.75266,0,3,1
202100054869,103Â 728,A01,2,2,1,5,1,0,-1,-1, -1,-1,2021,42.0,1,2,0,0,9,1,1,,3,50,0,,2,2,0,1,1,746,2,, -1,2,0,8,80,15,1,2021,00:30,3,77,77053,1,1,1,7,CD 50,48.68219,2.5971,0,2,1
202100002682,196Â 983,B01,1,1,2,0,1,-1,-1,0,0,-1,2021,24.0,1,2,0,2,4,1,1,,3,61,-1,,2,2,0,2,11,150,1,, -1,1,0,1,-1,17,12,2021,11:30,1,35,35184,1,1,0,5,Route Departementale 61,48.207826,-2.045705,11,3,3
202100019815,166Â 226,A01,1,1,1,0,2,6,-1,-1, -1,-1,2021,25.0,1,1,0,2,1,3,1,,2,315,0,,1,2,0,1,3,200,1,, -1,1,1,2,70,10,9,2021,12:30,1,92,92036,1,1,0,2,RN315 W,48.9318301185,2.3021185398,12,2,2
202100049276,113Â 679,A01,1,1,2,9,8,0,-1,0,0,-1,2021,31.0,2,1,0,2,4,1,5,,4,RUE ORDENER,0,,2,2,1,1,(1),(1),1,, -1,1,-1,5,50,4,3,2021,18:50,5,75,75118,2,1,0,2,RUE ORDENER,48.893448,2.337662,18,2,2
202100039619,130Â 771,A01,2,1,1,5,2,8,-1,-1, -1,-1,2021,25.0,2,1,0,2,1,13,5,,3,GRANDE RUE,0,,3,4,0,1,0,0,1,, -1,2,0,5,30,16,5,2021,11:20,1,92,92064,2,1,1,1,GRANDE RUE,48.8265322782,2.219083051,11,2,2
202100037141,135Â 304,A01,3,2,1,0,1,0,-1,-1, -1,-1,2021,46.0,2,2,0,0,4,0,1,,2,104,0,,1,2,0,1,47,299,1,, -1,1,0,1,90,1,6,2021,14:50,1,91,91570,1,1,0,2,RN 104,48.625,2.316195,14,4,2
202100023970,158Â 791,A01,2,2,2,9,1,-1,-1,0,0,-1,2021,17.0,3,2,6,0,2,1,1,,4,,-1,,2,2,0,1,(1),(1),1,,4,2,2,1,80,17,8,2021,00:14,3,70,70455,1,1,0,6,Rue de l AÃ©rodrome,47.688352,6.536726,0,2,1
202100004753,193Â 286,B01,1,1,2,5,2,6,-1,0,0,-1,2021,47.0,3,1,0,2,4,23,1,,4,GAILLARD (AV. ET PONT DE),0,,2,2,0,2,0,0,1,, -1,2,0,1,50,4,12,2021,06:34,5,47,47001,2,2,1,2,GAILLARD (AV. ET PONT DE),44.2122,0.62868,6,2,2
202100043840,123Â 315,B01,1,1,1,0,2,6,-1,0,0,-1,2021,32.0,1,1,0,2,1,0,1,,3,62,0,D,2,2,0,1,0,0,1,, -1,1,0,1,60,30,3,2021,12:40,1,29,29234,1,1,0,1,Lieu Dit Cortiou,47.8617808581,-3.5021395665,12,2,2
202100032689,143Â 337,A01,1,1,1,0,8,0,-1,0,0,-1,2021,21.0,0,1,0,0,9,1,3,,4,BOUTONS D'OR ( RUE DES ),0,,-1,2,0,2,0,1,1,, -1,9,0,1,50,22,6,2021,10:15,1,5,5061,2,1,0,7,BOUTONS D'OR ( RUE DES ),44.54619,6.06158,10,1,1
202100040109,129Â 904,A01,1,1,1,9,1,-1,-1,0,0,-1,2021,24.0,2,2,6,0,2,13,1,,3,112,0,,2,2,0,3,58,300,2,, -1,2,0,4,50,13,5,2021,20:50,2,21,21317,2,1,1,6,15 Route de Gemeaux,47.513498,5.112893,20,2,1
202100020304,165Â 344,A01,10,3,2,2,0,-1,-1,5,1,1,2021,17.0,2,2,8,1,3,15,1,,4,,0,,2,2,0,1,1,0,3,, -1,1,5,4,50,7,9,2021,10:08,1,14,14118,2,6,0,6,Boulevard Raymond PoincarÃ©,49.1675,-0.3368,10,1,1
202100009276,185Â 118,A01,2,2,1,9,1,0,-1,0,0,-1,2021,21.0,1,2,0,2,1,13,4,,4,,0,,1,2,2,1,(1),(1),1,, -1,1,0,1,50,5,11,2021,04:50,5,6,6088,2,1,0,1,FAURE (AV. FELIX),43.697689,7.271251,4,3,2
202100054824,103Â 803,A01,10,3,2,5,0,-1,-1,3,3,2,2021,14.0,1,2,0,1,2,1,1,,2,4,-1,,3,4,0,1,(1),(1),1,, -1,1,0,1,50,16,1,2021,19:30,5,971,97128,2,1,0,6,Boulevard Hegesipe Ibene,16.224523,-61.379521,19,2,1
202100047463,116Â 925,B01,1,1,2,1,1,0,-1,-1,0,-1,2021,41.0,1,2,0,2,4,2,1,,2,RN 184,0,,3,6,0,1,12,500,1,, -1,1,0,1,90,19,3,2021,18:30,1,95,95392,1,1,0,2,RN 184,49.06798,2.21814,18,2,2
202100035370,138Â 484,A01,1,1,1,4,1,-1,-1,0,0,-1,2021,59.0,1,3,0,0,8,13,1,4.0,3,792,0,D,2,2,0,2,0,0,1,, -1,1,0,3,80,10,6,2021,08:50,1,22,22183,1,1,0,7,Lieu Dit Launay,48.203726,-2.581658,8,4,1
202100041388,127Â 628,A01,2,2,1,0,1,-1,-1,-1, -1,-1,2021,60.0,2,2,0,2,1,2,1,,1,ROCADE A 630,0,,3,6,0,2,3,645,1,, -1,1,2,1,70,3,5,2021,16:40,1,33,33063,1,1,0,4,Rocade Nord A630,44.881432,-0.545258,16,5,4
202100037541,134Â 559,B01,2,2,2,5,1,-1,-1,-1, -1,-1,2021,57.0,1,5,13,2,6,1,1,,1,A6   437.840 A 439.400,0,,3,4,0,1,438,200,1,, -1,1,0,1,130,30,5,2021,16:40,1,69,69125,1,1,0,3,A6   437.840 A 439.400,45.881138,4.7387814,16,3,2
202100036513,136Â 440,B01,1,1,1,5,2,-1,-1,0,0,-1,2021,41.0,0,1,0,2,1,0,5,,4,,-1,,2,2,0,1,(1),(1),1,, -1,1,0,1,50,4,6,2021,16:50,1,38,38167,2,1,0,1,Route du Pilon,45.467786,5.321363,16,2,2
202100000829,200Â 245,A01,10,3,1,5,0,-1,-1,3,5,1,2021,63.0,2,2,0,1,2,15,1,,4,DURAN (CHEMIN DE),0,,2,2,0,1,0,0,1,, -1,1,0,1,50,16,12,2021,12:55,1,32,32013,2,1,0,7,DURAN (CHEMIN DE),43.65726,0.58586,12,2,1
202100049214,113Â 784,B01,1,1,2,0,2,6,-1,-1, -1,-1,2021,26.0,1,1,0,2,1,3,1,,2,ROUTE NATIONALE NÂ° 1,0,,1,2,0,1,(1),(1),1,, -1,1,0,1,90,4,3,2021,17:27,1,974,97407,1,1,0,2,ROUTE NATIONALE NÂ° 1,-20.95311,55.31561,17,2,2
202100053356,106Â 350,A01,1,1,1,0,1,0,-1,-1, -1,-1,2021,56.0,1,2,0,2,1,0,1,,2,R DE PARIS,0,,2,4,0,1,1,0,1,, -1,2,0,1,50,28,1,2021,14:20,1,94,94078,2,1,0,2,Rue de Paris,48.745175,2.446523,14,2,2
202100047973,115Â 989,B01,1,1,1,0,2,6,-1,-1, -1,-1,2021,20.0,2,1,0,2,2,2,1,,3,DIVISION LECLERC (AVENUE DE LA),0,,2,2,0,2,0,0,1,, -1,2,8,1,50,15,3,2021,18:30,2,92,92019,2,1,1,3,DIVISION LECLERC (AVENUE DE LA),48.7673421598,2.2531871876,18,2,2
202100036687,136Â 137,A01,1,1,1,3,1,-1,-1,0,0,-1,2021,79.0,1,2,6,0,1,1,1,,3,43,0,D,2,2,0,2,8,800,1,, -1,1,0,3,80,3,6,2021,12:20,1,51,51070,1,1,0,7,D43,48.843212,3.617919,12,1,1
202100030715,146Â 854,B01,1,1,2,0,1,8,-1,-1, -1,-1,2021,22.0,1,2,0,2,4,1,1,,2,,0,,1,2,0,1,(1),(1),3,, -1,1,0,1,90,1,7,2021,15:00,1,974,97416,1,1,0,2,RN1 (ROUTE NATIONALE),-21.30103,55.42455,15,2,2
202100008010,187Â 415,B01,2,2,2,5,1,0,-1,0,0,-1,2021,59.0,1,2,0,2,4,2,1,,7,STRASBOURG (AVENUE DE),0,,2,2,3,1,(1),(1),1,, -1,1,-1,1,50,9,11,2021,18:20,5,54,54395,2,1,0,2,STRASBOURG (AVENUE DE),48.68085,6.19409,18,3,2
202100042869,125Â 039,A01,10,3,2,0,0,-1,-1,3,3,1,2021,73.0,3,2,0,1,1,16,1,,4,CHAILLOT (RUE),0,,1,1,0,1,(1),(1),1,, -1,1,0,1,50,23,4,2021,12:32,1,51,51454,2,6,0,7,Rue AndrÃ© Chaillot,49.2878680619,4.0241630699,12,2,1
202100041595,127Â 253,A01,1,1,1,1,2,6,9,0,0,-1,2021,51.0,2,1,0,2,1,17,1,,3,820,-1,W,2,2,0,1,46,150,1,, -1,1,0,1,50,4,5,2021,07:30,1,31,31574,2,1,0,3,990 Avenue de Toulouse,43.441339,1.423668,7,2,2
202100040477,129Â 255,A01,1,1,1,0,2,0,-1,0,0,-1,2021,19.0,1,1,0,2,1,1,5,,4,Marcel BROT (Rue et Rond-Point ),0,,2,3,0,1,(1),(1),1,, -1,1,0,1,50,9,5,2021,09:55,1,54,54395,2,2,0,3,Marcel BROT (Rue et Rond-Point ),48.6867299549,6.2011174389,9,2,2
202100039819,130Â 403,B01,1,1,2,5,8,-1,-1,-1, -1,-1,2021,20.0,0,1,0,0,0,0,5,,4,GAMBETTA (RUE) DU NÂ°1 AU 57 ET DU NÂ° 2 A,0,,2,2,0,2,(1),(1),1,, -1,2,0,1,50,15,5,2021,15:20,1,51,51454,2,3,1,1,Rue Gambetta,49.2464578404,4.0393157317,15,2,2
202100036890,135Â 759,B01,1,1,1,4,1,-1,-1,0,0,-1,2021,36.0,2,2,0,0,7,1,1,,3,43,0,,2,2,0,1,5,572,2,, -1,1,0,1,70,3,6,2021,10:00,1,59,59164,1,9,0,3,D86,50.155656,3.579756,10,2,2
202100027058,153Â 351,A01,10,3,1,5,0,-1,-1,5,5,2,2021,2.0,3,2,0,1,0,26,1,,4,ALL CHARLES BAUDELAIRE,0,,2,1,0,1,0,0,3,, -1,1,0,4,50,25,7,2021,16:45,1,77,77373,2,1,0,6,ALL CHARLES BAUDELAIRE,48.80011,2.61393,16,3,1
202100024184,158Â 438,A01,1,1,1,5,2,6,-1,0,0,-1,2021,71.0,1,1,0,2,0,1,1,,2,57,0,N,2,2,0,2,1,50,1,, -1,2,0,1,70,15,8,2021,16:30,1,70,70245,1,3,1,3,route nationale 57 PK 001.050,47.926731,6.429394,16,3,2
202100019849,166Â 158,B01,1,1,1,4,2,6,-1,-1, -1,-1,2021,82.0,1,1,0,2,4,2,1,,3,NEGREPELISSE (AVENUE DE),0,,2,2,0,1,62,484,1,, -1,1,0,1,50,9,9,2021,06:25,5,82,82121,2,1,0,2,NEGREPELISSE (AVENUE DE),44.03209,1.38452,6,2,2
202100018219,169Â 038,B01,1,1,2,5,1,-1,-1,0,0,-1,2021,73.0,1,2,16,2,1,1,0,,3,114,0,D,2,2,0,1,98,800,4,, -1,1,0,1,80,17,9,2021,17:30,1,17,17183,1,2,0,3,Intersection D114 et D 241,45.604851,-0.810413,17,2,2
202100031677,145Â 134,A01,1,1,1,1,2,-1,-1,0,0,-1,2021,30.0,1,1,11,9,8,6,1,,3,97,0,,3,4,0,1,1015,50,1,, -1,1,0,1,50,30,6,2021,16:30,1,91,91461,2,6,0,6,D97,48.600367,2.235187,16,1,1
202100037914,133Â 895,A01,1,1,1,1,2,-1,-1,0,0,-1,2021,43.0,1,1,6,0,8,1,1,,3,,-1,,2,2,0,1,46,126,3,, -1,1,0,4,50,28,5,2021,18:45,1,85,85255,2,1,0,6,17 Rue Georges ClÃ©menceau,46.354638,-1.247768,18,2,1
202100013074,178Â 372,A01,10,3,2,1,0,-1,-1,3,3,1,2021,36.0,1,2,0,1,1,19,1,,4,NOTRE DAME DE L EPINE (RUE),0,,1,1,0,1,(1),(1),1,, -1,1,6,1,50,14,10,2021,12:05,1,51,51454,2,1,0,7,Rue Notre Dame de lâEpine,49.257523779,4.0353308227,12,4,1
202100038980,131Â 966,A01,10,3,2,5,0,-1,-1,3,5,2,2021,7.0,1,2,0,1,1,1,1,,2,AV GENERAL LECLERC ,0,,2,2,0,4,1,0,2,, -1,1,6,1,50,21,5,2021,18:40,1,94,94044,2,1,0,6,Avenue du GÃ©nÃ©ral Leclerc,48.7462759557,2.510740757,18,2,1
202100017813,169Â 779,A01,10,3,1,5,0,-1,-1,3,3,1,2021,62.0,1,2,0,1,2,1,1,,4,SENETTE RUE DE LA,0,,2,2,0,1,(1),(1),1,, -1,2,0,1,50,20,9,2021,06:40,3,78,78123,2,1,1,6,SENETTE RUE DE LA,48.938306,2.035625,6,2,1
202100034532,140Â 005,A01,1,1,1,5,1,-1,-1,0,0,-1,2021,23.0,2,2,1,0,2,1,1,,4,,0,,2,2,0,1,(1),(1),1,,4,1,0,3,50,13,6,2021,22:15,5,60,60103,2,1,0,6,68 Rue RenÃ© Coty,49.406547,2.238464,22,1,1
202100032097,144Â 377,A01,2,2,2,3,1,-1,-1,0,0,-1,2021,65.0,1,2,14,2,1,13,1,,3,ESPAGNE (BOULEVARD D'),0,,3,2,0,1,3,572,1,, -1,1,1,1,50,26,6,2021,16:26,1,65,65286,2,1,0,1,ESPAGNE (BOULEVARD D'),43.08392,-0.04433,16,3,2
202100012309,179Â 731,B01,1,1,1,1,2,6,-1,0,0,-1,2021,51.0,2,1,0,2,1,1,1,,3,20,-1,D,2,2,0,1,1,877,1,,4,1,0,1,80,14,10,2021,19:00,1,31,31232,1,3,1,1,D 20,43.7704,1.333846,19,2,2
202100050793,110Â 891,B01,2,2,2,5,2,6,-1,0,0,-1,2021,27.0,1,1,0,2,1,1,1,,3,114,-1,,2,2,0,1,12,800,4,, -1,1,0,1,50,20,2,2021,13:50,1,28,28337,2,1,0,3,Rue de Beauce,48.412194,1.385071,13,3,2
202100013681,177Â 246,A01,1,1,2,1,2,6,-1,0,0,-1,2021,35.0,1,1,0,2,7,17,1,,4,AVENUE JEAN JAURES,0,,2,0,0,2,(1),(1),1,, -1,1,0,1,50,12,10,2021,19:35,5,75,75119,2,3,0,3,AVENUE JEAN JAURES,48.888775,2.39306,19,2,2
202100001821,198Â 545,A01,1,1,2,5,1,-1,-1,-1, -1,-1,2021,31.0,1,2,0,2,2,2,1,,1,AUTOROUTE A 63,0,,3,4,0,1,7,99,1,, -1,1,0,1,110,22,12,2021,17:20,2,33,33122,1,1,0,4,AUTOROUTE A 63,44.748625,-0.697759,17,3,3
202100010687,182Â 618,B01,3,2,2,5,1,-1,-1,-1,0,-1,2021,55.0,1,2,0,2,4,1,1,,3,GENERAL LECLERC   AVENUE DU,0,,2,2,0,1,3,450,1,, -1,1,0,1,50,27,10,2021,17:09,1,95,95598,2,1,0,2,GENERAL LECLERC   AVENUE DU,48.98038,2.30319,17,3,2
202100010797,182Â 437,A01,1,1,1,0,2,6,9,0,0,-1,2021,40.0,2,1,0,0,7,1,1,,3,,-1,,-1,1,0,1,9,743,1,,"3,5",1,0,1,80,27,10,2021,19:00,3,34,34320,1,3,0,3,D111,43.6637827676,3.7237268686,19,3,2
202100002747,196Â 856,A01,10,3,2,5,0,-1,-1,4,3,1,2021,20.0,0,2,0,1,1,1,1,,4,ARISTIDE BRIAND,0,,2,2,0,1,0,0,1,, -1,1,0,1,50,13,12,2021,19:20,5,76,76351,2,2,0,6,ARISTIDE BRIAND,49.5,0.1393,19,2,1
202100034179,140Â 656,A01,7,2,2,5,0,-1,-1,0,0,-1,2021,18.0,1,2,0,0,2,14,1,,4,,0,,2,2,0,3,(1),(1),2,,4,1,0,1,80,16,6,2021,12:30,1,71,71342,1,1,1,7,Route de l Aerodrome,46.45806,4.128703,12,5,1
202100033521,141Â 854,B01,1,1,2,0,2,6,-1,-1, -1,-1,2021,28.0,1,1,0,2,8,3,1,,1,AUTOROUTE A86,0,,3,8,0,1,22,0,1,, -1,1,1,1,90,18,6,2021,18:00,1,93,93008,1,1,0,3,AUTOROUTE A86,48.90864,2.44952,18,2,2
202100003440,195Â 605,A01,2,2,2,2,1,0,-1,0,0,-1,2021,12.0,3,2,0,2,2,15,1,,4,PONT DU GARIGLIANO,0,,2,0,0,1,(1),(1),1,, -1,1,0,1,30,10,12,2021,20:50,5,75,75115,2,2,0,3,PONT DU GARIGLIANO,48.838717,2.269763,20,3,2
202100051613,109Â 433,A01,10,3,2,2,0,-1,-1,4,3,1,2021,14.0,1,1,0,1,1,1,1,,3,d813,-1,,1,1,0,1,36,150,1,, -1,2,0,1,50,12,2,2021,08:15,1,31,31446,2,1,1,6,D813,43.549285,1.479171,8,2,1
202100040523,129Â 174,A01,1,1,2,1,1,8,-1,-1, -1,-1,2021,31.0,1,2,0,2,1,2,1,,2,PARIS (RTE DE),0,,2,4,0,1,1,0,1,, -1,2,0,1,50,10,5,2021,07:25,1,94,94070,2,1,1,4,Route de Paris,48.71835,2.569193,7,3,3
202100000983,199Â 999,B01,1,1,2,5,8,0,-1,-1, -1,-1,2021,56.0,1,1,0,2,8,19,5,,4,SILENCIEUSE (RUE),0,,2,2,0,1,0,0,1,, -1,1,0,1,30,18,12,2021,14:00,1,77,77169,2,3,0,3,SILENCIEUSE (RUE),48.8076,2.62073,14,2,2
202100029338,149Â 324,B01,1,1,1,3,1,8,-1,-1, -1,-1,2021,29.0,3,2,0,2,1,15,1,,4,D'AMBOILE (R),0,,2,2,0,1,1,0,1,, -1,1,0,1,50,11,7,2021,20:10,1,94,94019,2,9,0,3,Rue dâAmboile,48.79049,2.53194,20,2,2
202100054034,105Â 160,B01,2,2,1,2,1,0,-1,-1, -1,-1,2021,11.0,2,2,0,2,1,1,1,,3,D 4,0,,2,2,0,3,21,155,3,, -1,2,2,1,50,21,1,2021,17:15,1,86,86133,1,1,1,1,D4,46.534576,0.324367,17,3,2
202100007869,187Â 675,B01,1,1,2,0,2,6,-1,-1, -1,-1,2021,41.0,1,1,0,2,0,0,0,,4,BENFLEET RUE DE,0,,2,2,0,1,1,0,1,, -1,2,0,1,50,16,11,2021,00:05,5,93,93063,2,2,1,3,BENFLEET RUE DE,48.88063,2.43701,0,2,2
202100018288,168Â 935,A01,10,3,2,3,0,-1,-1,9,A,1,2021,69.0,0,2,0,1,0,20,1,,6,LEGER (RUE FERNAND LEGER),0,,-1,-1,0,1,(1),(1),2,, -1,2,0,8,30,14,9,2021,17:35,1,45,45147,2,1,1,6,Rue Fernand Leger,47.93665,1.91251,17,2,1
202100016763,171Â 657,B01,1,1,1,5,8,0,-1,-1, -1,-1,2021,26.0,1,2,0,2,6,23,1,,1,A13,0,,1,3,0,1,30,600,1,, -1,1,0,2,130,25,9,2021,23:55,3,78,78206,1,1,0,3,A13,48.95116,1.94288,23,2,2
202100029002,149Â 891,A01,10,3,1,0,0,-1,-1,1,3,-1,2021,72.0,2,1,0,1,0,1,1,,4,JEAN JAURES (BOULEVARD) 1/61 - COTE IMPA,0,,2,2,0,1,0,0,1,, -1,1,0,1,50,14,7,2021,16:55,1,92,92012,2,1,0,6,JEAN JAURES (BOULEVARD) 1/61 - COTE IMPA,48.8407916219,2.2394181209,16,2,1
202100025343,156Â 355,B01,1,1,2,5,1,0,-1,-1, -1,-1,2021,59.0,1,2,0,2,3,1,1,,4,JULIEN GRIMAU (RUE),0,,2,2,0,1,0,0,1,, -1,1,0,1,50,6,8,2021,21:20,5,93,93007,2,2,0,3,JULIEN GRIMAU (RUE),48.941,2.45879,21,2,2
202100008855,185Â 910,A01,1,1,1,1,2,6,-1,-1, -1,-1,2021,50.0,-1,1,0,2,1,26,1,,3,CROISAT AMBROISE RD 29 BIS,0,,2,4,0,1,0,1,1,, -1,1,0,1,50,8,11,2021,11:20,1,93,93066,2,1,0,3,CROISAT AMBROISE RD 29 BIS,48.92589,2.35609,11,2,2
202100049663,112Â 969,A01,10,3,1,5,8,8,-1,4,3,2,2021,41.0,1,2,0,1,1,15,1,,4,BOULEVARD KELLERMANN,0,,2,4,0,1,(1),(1),1,, -1,1,0,1,50,1,3,2021,10:30,1,75,75113,2,2,0,6,BOULEVARD KELLERMANN,48.819128,2.359452,10,2,1
202100040923,128Â 472,A01,1,1,1,3,1,8,-1,-1, -1,-1,2021,69.0,1,2,1,0,3,5,1,,9,BUNEL (RUE JACOB),0,,1,1,0,1,(1),(1),1,, -1,1,0,8,50,5,5,2021,10:00,1,37,37261,2,9,0,7,BUNEL (RUE JACOB),47.3760399152,0.6893182075,10,1,1
202100045949,119Â 621,A01,2,2,2,0,1,0,-1,-1, -1,-1,2021,36.0,0,5,0,2,1,19,1,,7,RTE DE SEYSSES,0,,2,2,0,1,34,856,1,, -1,1,0,1,50,27,3,2021,03:15,5,31,31555,2,3,0,3,RTE DE SEYSSES,43.55089,1.39406,3,4,2
202100005395,192Â 150,A01,1,1,2,0,1,0,-1,-1, -1,-1,2021,28.0,-1,2,0,2,1,1,1,,3,ANDRE CITROEN (BOULEVARD),0,,-1,1,0,1,0,1,1,, -1,2,0,1,50,1,12,2021,08:05,2,93,93005,2,1,1,2,ANDRE CITROEN (BOULEVARD),48.9588760885,2.4858797436,8,2,2
202100005791,191Â 442,A01,1,1,1,5,2,6,-1,0,0,-1,2021,17.0,1,1,0,2,6,2,1,,3,316,0,,2,2,0,1,8,550,1,, -1,2,0,1,80,28,11,2021,20:00,3,95,95395,1,1,1,5,RD 316,49.042158,2.396693,20,4,3
202100012284,179Â 771,A01,1,1,1,5,1,-1,-1,0,0,-1,2021,81.0,1,2,0,2,3,13,1,,3,40,0,T,2,2,0,2,42,550,3,, -1,1,0,1,80,19,10,2021,19:30,3,201,201211,1,1,0,1,RT 40,41.78421,8.980882,19,2,2
202100000076,201Â 615,A01,2,2,1,5,2,8,-1,-1, -1,-1,2021,22.0,2,1,0,0,0,26,1,,4,GAVOT (AVENUE DE)  CD11,0,,2,2,0,2,1,0,1,, -1,1,0,1,50,7,4,2021,01:39,5,74,74119,2,1,0,7,GAVOT (AVENUE DE)  CD11,46.38904,6.57928,1,2,1
202100019160,167Â 380,A01,1,1,2,5,1,-1,-1,0,0,-1,2021,29.0,2,2,0,2,3,15,1,,4,MAQUIS DE PAYOLLE (RUE DU),0,,2,2,0,1,(1),(1),1,, -1,1,0,1,50,13,9,2021,10:10,1,65,65440,2,2,0,3,SEPTEMBRE (RUE DU IV),43.228829,0.083079,10,2,2
202100049259,113Â 710,A01,10,3,2,0,0,-1,-1,2,3,3,2021,35.0,1,2,0,1,1,1,1,,4,RUE ELIE FAURE,0,,2,2,0,1,(1),(1),1,, -1,1,9,1,30,3,3,2021,12:30,1,33,33249,2,1,0,6,Rue Elie Faure,44.86824,-0.52013,12,2,1
202100011186,181Â 735,A01,1,1,1,0,2,8,-1,-1, -1,-1,2021,47.0,2,1,0,2,8,1,1,,1,AUTOROUTE A3,0,,3,6,0,1,5,400,1,, -1,2,0,1,90,25,10,2021,06:00,3,93,93064,1,1,1,6,AUTOROUTE A3,48.88485,2.47114,6,1,1
202100011235,181Â 650,B01,1,1,1,4,2,6,-1,0,0,-1,2021,49.0,3,1,0,2,2,1,1,,4,AVENUE DE NEW YORK,0,,2,6,0,1,(1),(1),1,, -1,1,1,1,30,24,10,2021,20:00,5,75,75116,2,3,0,3,AVENUE DE NEW YORK,48.862166,2.293124,20,2,2
202100007352,188Â 611,A01,1,1,1,1,0,0,-1,-1, -1,-1,2021,41.0,2,1,0,2,0,0,5,,3,25 AOUT 1944 (BD DU),0,,2,2,0,1,1,0,1,, -1,2,0,1,30,19,11,2021,07:30,5,94,94033,2,6,0,3,Rue de Bir-Hakeim,48.84387,2.47915,7,2,2
202100018942,167Â 786,B01,1,1,1,0,2,0,-1,0,0,-1,2021,65.0,1,1,0,2,1,9,5,,4,PREVOST (RUE ABBE),0,,2,2,0,1,(1),(1),1,, -1,1,0,1,50,11,9,2021,11:34,1,63,63113,2,2,0,3,PREVOST/ dr Hospital,45.7932,3.08674,11,2,2
202100021457,163Â 290,B01,1,1,1,1,8,-1,-1,-1, -1,-1,2021,52.0,3,1,0,2,0,2,5,,4,DE LESSEPS (FERDINAND),0,,-1,1,0,1,(1),(1),1,, -1,1,5,1,30,1,9,2021,08:00,1,35,35238,2,6,0,3,DE LESSEPS (FERDINAND),48.10173,-1.70725,8,2,2
202100047169,117Â 455,B01,1,1,1,5,2,6,-1,0,0,-1,2021,17.0,1,1,0,2,1,1,1,,3,,-1,,2,-1,-1,1,(1),(1),1,, -1,1,0,1,-1,20,3,2021,18:50,2,85,85090,2,3,0,3,Rue Amiral Alquier,46.83318,-0.859669,18,2,2
202100049742,112Â 832,A01,10,3,1,0,0,-1,-1,2,3,1,2021,76.0,3,2,0,1,1,16,1,,4,RENE HUBERT GAMESS (BOULEVARD),0,,2,2,0,1,0,0,1,, -1,1,0,1,30,28,2,2021,11:40,1,972,97209,2,1,0,6,RENE HUBERT GAMESS (BOULEVARD),14.63238,-61.06776,11,2,1
202100003813,194Â 937,A01,1,1,1,5,1,0,-1,-1, -1,-1,2021,33.0,1,2,3,0,3,13,1,,1,AUTOROUTE A10,0,,3,4,0,1,13,0,1,, -1,2,0,1,110,10,12,2021,08:30,2,91,91661,1,1,1,7,AUTOROUTE A10,48.697576,2.240432,8,1,1
202100017833,169Â 741,A01,10,3,1,0,0,-1,-1,3,3,1,2021,15.0,3,2,0,0,2,9,6,,4,VERTE RUE,0,,3,1,0,1,(1),(1),3,, -1,1,6,8,50,20,9,2021,16:50,1,59,59009,2,1,0,6,VERTE RUE,50.62023,3.12639,16,2,1
202100021628,162Â 966,B01,1,1,1,1,1,0,-1,-1, -1,-1,2021,43.0,1,2,3,2,4,2,1,,2,RN12,0,,3,4,0,1,58,299,1,, -1,1,0,1,90,30,8,2021,18:15,1,22,22187,1,1,0,4,RN12,48.52823,-2.75402,18,4,4
202100026557,154Â 227,B01,1,1,1,0,2,6,-1,0,0,-1,2021,41.0,3,1,0,0,0,1,1,,3,116,-1,,3,2,0,2,(1),(1),3,, -1,1,0,1,80,21,7,2021,18:00,1,50,50178,1,1,0,7,Village le Pied Sablon,49.676993,-1.473541,18,2,2