Num_Acc,id_vehicule,num_veh,place,catu,sexe,trajet,secu1,secu2,secu3,locp,actp,etatp,year_acc,victim_age,senc,catv,obs,obsm,choc,manv,motor,occutc,catr,voie,v1,v2,circ,nbv,vosp,prof,pr,pr1,plan,lartpc,larrout,surf,infra,situ,vma,jour,mois,an,hrmn,lum,dep,com,agg_,int,atm,col,adr,lat,long,hour,nb_victim,nb_vehicules
202100004424,193Â 855,A01,10,3,1,0,0,-1,-1,4,3,1,2021,52.0,2,5,0,1,1,1,1,,3,WILSON (AVENUE DU PRESIDENT),0,,1,2,0,1,1,0,1,, -1,2,0,1,50,6,12,2021,08:30,1,93,93066,2,8,1,1,WILSON (AVENUE DU PRESIDENT),48.9188164542,2.3577810241,8,3,2
202100055380,102Â 853,Z01,10,3,2,0,0,-1,-1,4,3,1,2021,53.0,1,2,0,1,1,16,0,,3,FOCH MARECHAL (AVENUE DU),0,,2,2,0,1,1,0,1,, -1,1,0,1,50,5,1,2021,08:02,5,92,92032,2,2,0,6,FOCH MARECHAL (AVENUE DU),48.7923568826,2.2988102274,8,2,1
202100048784,114Â 567,A01,10,3,2,5,0,-1,-1,3,5,1,2021,38.0,1,1,0,1,1,1,1,,4,RUE DE LISBONNE,0,,2,2,0,1,(1),(1),1,, -1,1,0,1,50,8,3,2021,09:00,1,75,75108,2,2,0,6,RUE DE LISBONNE,48.877435,2.308189,9,2,1
202100025282,156Â 464,A01,1,1,2,1,2,0,-1,-1, -1,-1,2021,23.0,1,1,0,0,1,26,5,,4,DAVIERS BOULEVARD,0,,2,2,0,1,1,0,1,, -1,1,0,1,50,3,8,2021,11:00,1,49,49007,2,1,0,7,DAVIERS BOULEVARD,47.4792,-0.559,11,1,1
202100035719,137Â 866,B01,1,1,2,1,2,-1,-1,-1, -1,-1,2021,42.0,1,1,1,0,1,2,6,,4,TURENNE (RUE ),0,,1,1,2,1,(1),(1),1,, -1,1,0,5,30,8,6,2021,10:00,1,33,33063,2,1,0,3,Rue Turenne,44.84873,-0.59265,10,2,2
202100054516,104Â 326,A01,1,1,1,5,8,-1,-1,0,0,-1,2021,26.0,1,2,4,2,6,1,1,,1,8,-1,,3,3,3,1,20,600,1,, -1,1,9,1,90,18,1,2021,08:27,1,13,13001,1,1,0,3,A 8 - Nice - FrÃ©jus - Pont de L'Arc (Embranchement d'autoroute),43.511958,5.4566,8,2,2
202100036147,137Â 073,A01,1,1,2,0,1,-1,-1,0,0,-1,2021,61.0,1,2,0,2,3,16,1,,3,301,-1,,2,2,0,4,40,130,1,, -1,1,0,1,90,7,6,2021,17:20,1,72,72276,1,3,0,3,le terras,48.282493,0.46914,17,2,2
202100026893,153Â 636,B01,1,1,2,5,1,-1,-1,0,0,-1,2021,22.0,0,2,0,2,3,2,1,,3,,-1,,2,-1,-1,1,43,200,1,, -1,2,0,1,50,28,7,2021,00:30,5,70,70473,2,6,1,3,Rue Edouard Herriot,47.8084376281,6.3831889591,0,6,2
202100020209,165Â 507,A01,10,3,1,0,0,-1,-1,5,3,1,2021,20.0,3,3,0,1,1,1,3,,4,BONIE (RUE DES FRERES),0,,-1,0,3,1,(1),(1),1,, -1,1,0,6,50,8,9,2021,01:20,5,33,33063,2,1,0,6,Rue des FrÃ¨res Bonie,44.83662,-0.58036,1,2,1
202100051963,108Â 823,A01,1,1,1,2,2,-1,-1,0,0,-1,2021,17.0,2,1,0,2,8,1,0,,9,13,0,S,2,2,0,2,1,1,2,, -1,1,0,1,50,11,2,2021,07:35,1,6,6150,2,1,0,3,Chemin du Serrier 13,43.743208,7.393531,7,2,2
202100014574,175Â 658,A01,10,3,2,5,0,-1,-1,4,3,1,2021,84.0,0,2,0,1,3,15,1,,4,FELIX FAURE,0,,2,2,0,1,0,0,1,, -1,2,0,1,50,6,10,2021,09:10,1,76,76351,2,4,0,6,FELIX FAURE,49.5017,0.11644,9,2,1
202100022675,161Â 088,B01,1,1,1,9,1,0,-1,-1, -1,-1,2021,54.0,3,2,0,2,2,1,1,,4,,0,,2,2,0,1,0,0,1,, -1,1,0,1,50,25,8,2021,15:15,1,92,92035,2,2,0,3,JOFFRE ( DE 52 A FIN ET DE 61 A FIN ),48.90298,2.24578,15,3,2
202100038961,131Â 996,A01,1,1,1,1,2,6,-1,0,0,-1,2021,57.0,3,1,0,2,4,1,1,,4,RUE DUFRENOY,0,,2,2,0,1,(1),(1),1,, -1,1,0,1,50,21,5,2021,14:50,1,75,75116,2,3,0,2,RUE DUFRENOY,48.866547,2.272309,14,2,2
202100029854,148Â 430,B01,1,1,2,1,2,0,-1,-1, -1,-1,2021,45.0,2,0,0,2,8,1,3,,3,992,0,,1,2,0,2,0,0,1,, -1,1,9,5,50,9,7,2021,07:45,1,92,92050,2,1,0,3,HAVRE BOULEVARD DU,48.9196963141,2.2215396166,7,2,2
202100014610,175Â 599,A01,10,3,1,0,0,-1,-1,3,3,1,2021,21.0,2,2,0,1,1,1,1,,4,SALAUN PENQUER,0,,1,2,0,1,(1),(1),3,, -1,1,5,1,50,7,10,2021,23:04,5,29,29019,2,6,0,6,Avenue Salaun Penquer,48.38335,-4.48555,23,2,1
202100043177,124Â 485,A01,1,1,2,0,1,0,-1,-1, -1,-1,2021,53.0,1,2,0,1,5,16,1,,4,ABERYSTWYTH (RD-PT),0,,-1,2,0,1,(1),(1),3,, -1,1,5,1,50,2,4,2021,18:25,1,22,22278,2,6,0,2,ABERYSTWYTH (RD-PT),48.4974620866,-2.7518606186,18,2,2
202100056426,101Â 037,A01,1,1,2,5,8,0,-1,0,0,-1,2021,24.0,3,1,0,0,0,26,3,,4,PLACE DE LA CONCORDE,0,,1,3,1,1,(1),(1),1,, -1,1,-1,5,50,2,1,2021,16:15,1,75,75108,2,7,0,7,PLACE DE LA CONCORDE,48.864816,2.322129,16,1,1
202100011481,181Â 204,B01,1,1,1,5,2,6,9,0,0,-1,2021,43.0,2,1,0,2,2,17,1,,3,950,0,D,2,2,0,1,18,1044,1,, -1,1,0,1,80,24,10,2021,15:50,1,17,17288,1,3,0,3,D950,45.94877,-0.462981,15,3,2
202100051519,109Â 605,A01,1,1,1,1,8,0,-1,0,0,-1,2021,33.0,1,1,0,2,1,15,5,,4,RUE DE MENILMONTANT,0,,2,2,0,2,(1),(1),1,, -1,1,0,1,50,14,2,2021,21:23,5,75,75120,2,3,0,3,RUE DE MENILMONTANT,48.867542,2.385094,21,2,2
202100031174,146Â 010,B01,1,1,2,9,1,0,-1,-1, -1,-1,2021,20.0,3,2,0,2,6,1,1,,4,QUATORZE JUILLET (RUE DU),0,,3,2,0,1,(1),(1),1,, -1,2,0,1,50,1,7,2021,19:10,1,10,10387,2,3,0,3,QUATORZE JUILLET (RUE DU),48.2941,4.07783,19,2,2
202100028621,150Â 554,B01,1,1,2,0,2,0,-1,-1, -1,-1,2021,52.0,1,1,0,2,4,1,1,,4,WILSON (BOULEVARD THOMAS),0,,2,2,0,1,0,0,1,, -1,1,0,1,50,16,7,2021,12:49,1,66,66136,2,1,0,2,WILSON (BOULEVARD THOMAS),42.70198,2.89934,12,2,2
202100027967,151Â 711,A01,10,3,2,9,0,-1,-1,4,3,3,2021,27.0,2,1,0,1,1,7,3,,4,BOULEVARD DE MAGENTA,0,,2,4,3,1,(1),(1),1,, -1,1,5,6,50,20,7,2021,18:08,1,75,75110,2,2,0,6,BOULEVARD DE MAGENTA,48.87854,2.354072,18,2,1
202100045617,120Â 194,A01,1,1,1,1,2,6,-1,0,0,-1,2021,19.0,1,1,0,2,1,1,1,,4,GLYCINES AVENUE DES,0,,-1,1,0,1,(1),(1),1,, -1,1,9,1,50,1,4,2021,18:30,1,6,6123,2,9,0,3,GLYCINES AVENUE DES,43.659387,7.181884,18,2,2
202100041735,127Â 011,A01,1,1,1,0,1,-1,-1,0,0,-1,2021,47.0,2,2,13,0,2,0,1,,3,9,-1,,2,2,0,4,24,220,1,, -1,1,0,3,80,3,5,2021,17:45,1,10,10130,1,1,0,7,9,48.614305,4.23237,17,1,1
202100047058,117Â 654,A01,10,3,1,9,0,-1,-1,3,3,2,2021,35.0,2,2,0,1,1,1,1,,4,BOULEVARD DIDEROT,0,,2,2,0,1,(1),(1),1,, -1,1,0,1,50,21,3,2021,19:45,4,75,75112,2,2,0,6,BOULEVARD DIDEROT,48.847606,2.389075,19,2,1
202100048578,114Â 921,B01,3,2,2,1,1,0,-1,0,0,-1,2021,57.0,1,2,0,2,1,15,1,,4,QUAI FRANCOIS MITTERRAND,0,,1,5,0,1,(1),(1),1,, -1,1,0,1,50,7,3,2021,18:45,5,75,75101,2,7,0,3,QUAI FRANCOIS MITTERRAND,48.860118,2.333332,18,3,2
202100027881,151Â 876,A01,10,3,1,0,0,-1,-1,1,3,1,2021,22.0,1,1,1,1,1,7,1,,4,JULES COURMONT                      (QU),0,,1,3,3,1,(1),(1),1,, -1,1,0,6,50,19,7,2021,19:35,1,69,69382,2,1,0,6,JULES COURMONT (Q),45.76226,4.83811,19,2,1
202100055337,102Â 919,A01,10,3,1,2,0,-1,-1,3,3,2,2021,8.0,3,1,0,1,0,1,1,,4,ROVARCH (AVENUE PIERRE),0,,2,4,0,1,0,0,1,, -1,2,0,1,50,12,1,2021,08:10,1,13,13028,2,1,0,6,ROVARCH (AVENUE PIERRE),43.191935,5.616829,8,2,1
202100048101,115Â 772,A01,1,1,2,5,1,0,-1,-1, -1,-1,2021,22.0,1,2,4,0,2,14,1,,1,A52-Sens Pont de l'Etoile vers Toulon,0,,3,2,0,1,21,149,1,, -1,1,0,1,110,14,3,2021,09:10,1,13,13005,1,1,0,6,A52-Sens Pont de l'Etoile vers Toulon,43.314818,5.590734,9,1,1
202100007078,189Â 106,A01,1,1,1,5,1,-1,-1,0,0,-1,2021,27.0,2,5,0,2,3,1,1,,3,8,-1,,2,2,0,1,13,200,1,, -1,1,0,1,80,21,11,2021,08:45,2,68,68140,1,1,1,1,Rue d Oberhergheim,47.92062,7.435555,8,2,2
202100040608,129Â 027,B01,1,1,1,1,2,0,-1,-1, -1,-1,2021,65.0,1,1,0,2,1,0,1,,4,CHAPEAU DE GENDARME,0,,-1,2,0,1,1,0,1,, -1,2,0,1,50,9,5,2021,20:50,5,49,49007,2,1,0,2,CHAPEAU DE GENDARME,47.45079,-0.5561,20,2,2
202100028997,149Â 897,A01,1,1,1,0,1,0,-1,-1, -1,-1,2021,88.0,1,2,12,0,2,0,1,,4,PRESIDENT WILSON (AVENUE DU),0,,2,2,0,1,1,0,1,, -1,1,0,1,50,13,7,2021,22:40,5,93,93048,2,1,1,6,Avenue du PrÃ©sident Wilson,48.857869,2.440212,22,1,1
202100000093,201Â 583,A01,10,3,2,5,0,-1,-1,3,3,1,2021,70.0,2,2,0,1,3,19,1,,3,MENDIG (Rue),0,,2,1,0,1,0,0,1,, -1,1,6,1,50,31,12,2021,11:00,1,91,91691,2,1,1,6,MENDIG (Rue),48.709581,2.481405,11,2,1
202100002447,197Â 398,B01,1,1,1,0,8,0,-1,0,0,-1,2021,24.0,1,1,0,2,1,1,1,,4,,0,,2,2,0,2,(1),(1),1,, -1,1,0,1,50,17,12,2021,23:22,5,6,6004,2,1,0,3,SELLA AV.ANDRE,43.5522,7.13538,23,2,2
202100015138,174Â 651,A01,1,1,2,4,8,0,-1,-1, -1,-1,2021,46.0,1,1,0,0,8,14,5,,4,,0,,2,2,2,1,0,0,1,, -1,2,0,3,50,5,10,2021,09:40,1,92,92046,2,1,1,7,TOUR (RUE DE LA),48.82272,2.3044,9,1,1
202100032829,143Â 097,A01,1,1,2,5,1,0,-1,-1, -1,-1,2021,57.0,1,2,1,2,8,9,1,,4,ISLE (RUE D'),0,,2,2,0,1,0,0,1,, -1,2,0,1,50,19,6,2021,18:07,1,87,87085,2,3,1,4,ISLE (RUE D'),45.824707,1.23458,18,2,2
202100002054,198Â 122,B01,1,1,2,5,1,0,-1,-1, -1,-1,2021,22.0,2,2,0,2,8,1,1,,3,MONTFERMEIL (ALLEE DE),0,,2,2,0,1,0,0,1,, -1,1,0,1,50,19,12,2021,01:30,5,93,93014,2,1,0,5,MONTFERMEIL (ALLEE DE),48.89918,2.54199,1,3,3
202100026545,154Â 248,A01,1,1,1,5,0,-1,-1,0,0,-1,2021,23.0,1,2,16,0,0,2,0,,3,27E1,0,D,2,2,0,1,8,79,2,, -1,1,0,1,80,30,7,2021,20:20,1,34,34012,1,1,0,7,D27e1,43.704108,3.667621,20,1,1
202100008492,186Â 552,B01,1,1,2,0,8,5,-1,-1, -1,-1,2021,23.0,3,2,9,2,4,24,0,,4,Corniche John FitzgÃ©rald Kennedy,0,,2,3,0,1,0,0,2,, -1,2,0,1,50,11,11,2021,06:10,5,13,13207,2,1,0,1,Corniche John FitzgÃ©rald Kennedy,43.27352,5.36292,6,3,2
202100016806,171Â 577,A01,2,2,2,5,8,-1,-1,-1,0,-1,2021,15.0,3,1,0,0,9,1,1,,4,GASSIEN ALEXANDRE (AVENUE),0,,2,2,0,1,(1),(1),1,, -1,1,0,1,50,23,9,2021,16:20,1,95,95277,2,1,0,7,Avenue Alexandre Gassien,49.000256,2.42751,16,2,1
202100041113,128Â 123,B01,1,1,1,4,2,0,-1,-1, -1,-1,2021,49.0,2,0,0,2,3,10,3,,4,ARENES,0,,2,0,0,1,0,0,1,, -1,1,0,1,50,27,4,2021,17:55,1,30,30189,2,1,0,6,ARENES,43.8343,4.3605,17,2,2
202100022944,160Â 611,A01,1,1,1,5,0,-1,-1,0,0,-1,2021,88.0,1,2,0,0,1,1,1,,3,47,0,,2,2,0,1,8,350,1,, -1,1,0,3,80,23,8,2021,18:15,1,42,42233,1,1,0,7,Route de Saint Germain,46.080465,3.936839,18,1,1
202100018147,169Â 175,Z01,10,3,1,9,0,-1,-1,1,3,1,2021,19.0,1,2,0,1,1,26,0,,4,SAINT SIMON (RTE DE) DU 276 AU 389,0,,2,3,2,1,(1),(1),1,, -1,1,9,1,50,18,9,2021,02:00,5,31,31555,2,1,0,6,SAINT SIMON (RTE DE) DU 276 AU 389,43.590814867,1.4179551601,2,2,1
202100024669,157Â 555,A01,1,1,1,9,1,-1,-1,0,0,-1,2021,37.0,0,2,0,2,3,1,1,,3,710,0,D,2,2,0,2,(1),(1),3,, -1,2,0,1,90,12,8,2021,14:05,1,24,24404,1,1,1,1,D710,44.996285,0.887983,14,3,2
202100006073,190Â 947,B01,1,1,2,0,8,0,-1,-1, -1,-1,2021,25.0,1,2,0,2,4,1,1,,1,AUTOROUTE A6B,0,,1,4,0,1,7,500,1,, -1,2,0,1,110,27,11,2021,12:25,1,94,94034,1,1,1,2,AUTOROUTE A6B,48.75379,2.33163,12,2,2
202100000363,201Â 062,A01,2,2,2,3,2,6,-1,-1, -1,-1,2021,14.0,3,1,12,0,3,13,1,,4,FELIX TURI (BD ),0,,2,1,0,1,1,233,3,, -1,1,0,4,30,5,5,2021,19:50,2,13,13102,2,1,0,3,FELIX TURI (BD ),43.4157589297,5.2459273836,19,2,1
202100022354,161Â 690,A01,1,1,1,9,1,-1,-1,0,0,-1,2021,22.0,3,2,0,0,0,1,0,,4,,-1,,2,2,0,1,(1),(1),3,,5,1,0,8,80,26,8,2021,20:10,1,36,36088,1,1,0,7,Rue Ferdinand de Lesseps,46.961001,1.984798,20,1,1
202100052689,107Â 550,B01,1,1,1,1,2,6,-1,-1, -1,-1,2021,34.0,2,1,0,2,1,1,1,,4,RUE DE LA POMPE,0,,2,2,0,1,(1),(1),1,, -1,2,0,1,50,3,2,2021,14:18,1,75,75116,2,1,1,3,RUE DE LA POMPE,48.866234,2.279894,14,2,2
202100040751,128Â 768,A01,1,1,1,0,8,-1,-1,-1, -1,-1,2021,26.0,1,5,0,2,5,9,0,,4,CARNOT (AVE ),0,,2,5,0,1,(1),(1),1,, -1,1,0,1,50,7,5,2021,20:45,1,33,33119,2,6,0,3,Avenue Carnot,44.8656,-0.51373,20,2,2
202100048203,115Â 593,A01,1,1,1,5,2,-1,-1,0,0,-1,2021,16.0,1,1,0,2,2,15,1,,3,248,-1,,2,2,0,1,1,(1),3,, -1,1,0,1,50,13,3,2021,17:40,1,14,14737,2,3,0,3,Place de lâEglise,48.91682,-0.17944,17,2,2
202100035040,139Â 061,A01,1,1,1,1,2,6,-1,-1, -1,-1,2021,30.0,2,1,0,2,1,1,1,,3,RD 6161 - Rocade Ouest,0,,1,2,0,1,(1),(1),1,, -1,1,5,1,50,11,6,2021,15:10,1,11,11069,2,1,0,3,RD 6161 - Rocade Ouest,43.2021,2.3142,15,2,2
202100008518,186Â 508,B01,1,1,1,1,1,7,-1,0,0,-1,2021,24.0,1,2,0,2,8,13,1,,3,94,0,,2,2,0,1,2,0,2,, -1,2,0,1,80,11,11,2021,17:20,3,57,57629,1,1,1,3,D 94 - PK 002.000,48.784282,7.077341,17,2,2
202100038333,133Â 112,B01,1,1,1,0,8,8,-1,-1, -1,-1,2021,33.0,2,1,0,2,4,2,0,,3,LECLERC (AVENUE DU MARECHAL),0,,1,1,0,1,0,1,1,, -1,1,0,1,50,21,5,2021,06:04,1,74,74012,2,6,0,1,LECLERC (AVENUE DU MARECHAL),46.18963,6.24929,6,2,2
202100016662,171Â 845,A01,2,2,1,0,2,0,-1,-1, -1,-1,2021,16.0,3,1,0,2,1,1,1,,4,GEORGES POMPIDOU (RUE),0,,1,2,0,1,(1),(1),1,, -1,1,0,1,50,23,9,2021,17:29,1,10,10387,2,1,0,2,GEORGES POMPIDOU (RUE),48.30123,4.09793,17,3,2
202100048336,115Â 356,A01,1,1,2,5,1,-1,-1,0,0,-1,2021,83.0,1,2,0,2,1,15,1,,2,106,0,N,2,2,0,1,51,200,1,, -1,2,0,1,80,13,3,2021,10:30,1,48,48075,1,4,0,1,N106,44.362704,3.566308,10,2,2
202100027123,153Â 234,B01,1,1,1,5,2,6,9,0,0,-1,2021,64.0,0,1,0,2,1,1,1,,3,172,-1,,2,2,0,1,(1),(1),1,, -1,1,0,1,50,24,7,2021,17:00,1,58,58134,2,1,0,3,Rue Paul Vaillant Couturier,46.922848,3.268419,17,6,2
202100033605,141Â 699,A01,10,3,1,4,0,-1,-1,2,1,1,2021,55.0,1,5,0,1,3,1,1,,4,POMME (RUE DE LA) DU 1AU 42,0,,1,1,0,1,(1),(1),1,, -1,1,6,1,30,18,6,2021,13:15,1,31,31555,2,1,0,6,POMME (RUE DE LA) DU 1AU 42,43.6039,1.44407,13,2,1
202100056009,101Â 768,A01,1,1,1,5,1,-1,-1,-1, -1,-1,2021,88.0,1,2,0,2,1,2,1,,1,630,0,,3,6,0,1,15,300,1,, -1,1,0,1,90,7,1,2021,07:45,3,33,33281,1,1,0,4,ROCADE A 630,44.8474606673,-0.6697700632,7,3,3
202100002492,197Â 319,B01,1,1,1,5,1,-1,-1,0,0,-1,2021,31.0,2,2,0,2,3,23,1,,3,653,-1,D,2,2,0,4,129,710,1,, -1,1,5,6,50,17,12,2021,20:10,5,46,46201,2,2,0,3,Croisement D28 / D653,44.34377,1.209151,20,2,2
202100000882,200Â 168,A01,10,3,2,0,8,8,-1,9,2,2,2021,81.0,2,5,0,1,4,4,1,,4,SUISSE (R. DE),0,,1,1,0,1,(1),(1),1,, -1,1,9,8,20,30,12,2021,10:30,1,6,6088,2,9,0,6,SUISSE (R. DE),43.703115,7.264484,10,5,1
202100004544,193Â 653,B01,4,2,2,5,8,0,-1,0,0,-1,2021,40.0,2,2,0,2,6,1,1,,4,RUE DE PONTHIEU,0,,1,1,0,1,(1),(1),1,, -1,1,0,1,30,5,12,2021,02:45,5,75,75108,2,2,0,3,RUE DE PONTHIEU,48.870212,2.311055,2,3,2
202100036277,136Â 833,A01,1,1,1,0,1,0,-1,-1, -1,-1,2021,24.0,2,2,0,2,1,2,1,,2,NATIONALE 19,0,,2,2,0,2,1,0,1,, -1,1,0,1,80,5,6,2021,13:50,1,94,94048,1,1,0,4,Route Nationale 19,48.7275296527,2.5413179398,13,3,3
202100044724,121Â 772,A01,10,3,1,9,0,-1,-1,4,3,1,2021,47.0,2,2,0,1,1,1,1,,3,PL DE VERDUN,0,,2,0,3,1,1,0,1,, -1,1,0,1,50,8,4,2021,12:55,1,94,94042,2,1,0,6,Place de Verdun,48.82004,2.4734,12,2,1
202100030250,147Â 694,B01,1,1,1,0,2,6,-1,-1, -1,-1,2021,44.0,1,1,0,2,3,1,1,,4,,0,,-1,4,0,2,0,0,1,, -1,1,8,1,30,7,7,2021,18:10,1,92,92048,2,2,0,3,BELGIQUE (RUE DE LA),48.8084874144,2.2479697827,18,2,2
202100010867,182Â 302,A01,1,1,1,0,2,0,-1,-1, -1,-1,2021,24.0,2,1,0,2,1,2,5,,3,LATTRE DE TASSIGNY AVENUE DE L',0,,3,3,2,1,18,340,1,, -1,1,0,1,50,25,10,2021,08:15,1,73,73008,2,6,0,2,D1201 Boulevard MarÃ©chal de Lattre de Tassigny,45.69656,5.90738,8,2,2
202100025931,155Â 330,A01,1,1,1,5,1,-1,-1,0,0,-1,2021,39.0,3,2,0,2,7,9,1,,3,749,-1,,2,2,0,2,58,300,1,,4,2,0,1,80,3,8,2021,13:25,1,37,37004,1,2,1,3,,47.1307715109,0.2978777254,13,3,2
202100033447,141Â 985,A01,1,1,2,0,1,-1,-1,0,0,-1,2021,46.0,1,2,0,2,1,1,1,,3,D2,-1,,2,2,0,1,13,390,1,, -1,1,0,1,80,30,5,2021,20:45,1,1,1045,1,2,0,3,D2,45.963173,5.040364,20,2,2
202100042124,126Â 333,A01,1,1,2,0,2,6,-1,0,0,-1,2021,33.0,2,1,0,2,1,17,1,,3,559,0,,2,2,0,1,91,900,1,,4,1,5,1,70,27,4,2021,08:40,1,83,83068,2,3,0,3,Route du Littoral,43.286121,6.599779,8,2,2
202100012011,180Â 240,B01,1,1,1,1,0,0,-1,-1, -1,-1,2021,19.0,0,1,0,9,7,1,3,,4,PARIS (RUE DE),0,,2,2,0,1,(1),(1),1,, -1,2,0,1,50,20,10,2021,08:00,5,59,59599,2,2,1,1,PARIS (RUE DE),50.72001,3.14268,8,2,2
202100008104,187Â 253,A01,1,1,2,5,1,-1,-1,0,0,-1,2021,31.0,2,2,0,2,3,1,1,,2,1,-1,,2,2,0,1,42,500,1,,7,2,0,1,80,15,11,2021,22:45,3,973,97305,1,1,1,1,pk42.500 RN1,5.068545,-52.59181,22,3,2
202100014079,176Â 532,A01,1,1,1,3,1,-1,-1,0,0,-1,2021,24.0,1,2,0,2,2,1,1,,3,214,0,,2,2,0,3,1,100,1,, -1,1,0,1,80,7,10,2021,18:45,2,9,9282,1,1,0,3,d214,43.240935,1.585808,18,4,2
202100041746,126Â 992,B01,2,2,1,5,1,0,-1,-1, -1,-1,2021,33.0,1,2,0,2,7,1,1,,1,A50-Sens Marseille vers Aubagne,0,,1,3,0,1,26,500,1,, -1,1,0,1,90,30,4,2021,07:40,1,13,13005,1,1,0,4,A50-Sens Marseille vers Aubagne,43.272986,5.588748,7,6,4
202100051288,110Â 000,B01,1,1,1,0,1,0,-1,-1, -1,-1,2021,36.0,1,2,0,2,3,1,1,,4,ROBESPIERRE,0,,2,2,0,1,(1),(1),1,, -1,1,0,1,50,9,2,2021,17:30,1,42,42218,2,2,0,5,Rue Robespierre,45.41376,4.39601,17,3,3
202100043008,124Â 796,B01,1,1,2,1,8,0,-1,-1, -1,-1,2021,62.0,3,1,0,0,0,0,2,,3,PETIT CLAMART (RUE DU),0,,2,2,0,1,(1),(1),1,, -1,1,0,4,50,21,4,2021,13:45,1,78,78640,2,1,0,3,PETIT CLAMART (RUE DU),48.78208,2.22618,13,2,2
202100032418,143Â 827,A01,10,3,2,5,0,-1,-1,3,3,1,2021,68.0,1,2,0,1,2,1,1,,3,6,-1,,2,2,0,1,1,510,1,, -1,1,0,8,50,25,6,2021,12:06,1,64,64422,1,6,0,6,D6,43.195368,-0.600407,12,2,1
202100026050,155Â 120,A01,1,1,1,5,2,-1,-1,0,0,-1,2021,29.0,3,1,0,2,1,1,1,,4,,-1,,2,2,0,1,(1),(1),1,, -1,1,0,1,80,1,8,2021,19:10,1,22,22013,1,2,0,3,KERLEIN,48.496232,-3.187859,19,2,2
202100021996,162Â 317,A01,1,1,1,5,2,6,-1,0,0,-1,2021,46.0,2,1,0,0,2,1,1,,3,7,-1,,2,2,0,1,25,200,2,, -1,8,0,1,-1,28,8,2021,18:30,1,43,43268,1,1,0,6,Lieu Dit les Cayres,45.127199,4.157542,18,1,1
202100021216,163Â 737,A01,10,3,2,9,0,-1,-1,1,3,2,2021,24.0,0,5,0,1,1,1,1,,4,,-1,,2,2,0,2,(1),(1),2,,4,1,0,1,80,29,5,2021,12:30,1,74,74136,1,1,0,6,3208 Rte du Col des Annes,45.949874,6.492265,12,2,1
202100042090,126Â 395,A01,10,3,1,5,0,-1,-1,1,1,1,2021,26.0,2,4,0,1,5,17,1,,3,145,0,,2,2,0,2,14,800,3,, -1,1,0,1,50,20,4,2021,18:45,1,32,32116,2,1,0,6,D145 - PK 14.800,43.3381490535,0.43688019,18,3,1
202100046474,118Â 716,A01,1,1,2,1,1,-1,-1,0,0,-1,2021,27.0,2,2,2,0,2,1,1,,3,158,-1,,3,4,0,1,29,300,1,, -1,2,0,3,110,27,3,2021,04:10,3,14,14160,1,1,0,6,D158,49.062563,-0.291352,4,1,1
202100043282,124Â 299,A01,1,1,1,5,2,6,-1,0,0,-1,2021,61.0,1,1,0,9,0,1,5,,3,101,-1,,2,2,0,1,3,810,1,, -1,1,0,1,80,20,4,2021,16:00,1,26,26250,1,1,0,3,Route des 7 Chemins,45.032652,4.892993,16,2,2
202100049432,113Â 403,B01,1,1,1,1,2,8,-1,-1, -1,-1,2021,41.0,3,1,0,2,1,1,1,,3,2,0,,3,1,0,1,0,0,1,, -1,1,5,1,30,3,3,2021,16:43,1,92,92060,2,2,0,3,PAUL LANGEVIN (AVENUE) (RD 2),48.7822,2.25315,16,2,2
202100038037,133Â 669,B01,1,1,2,2,2,0,-1,0,0,-1,2021,24.0,2,1,0,2,2,1,3,,4,RUE DE VOUILLE,0,,2,2,0,1,(1),(1),1,, -1,1,0,1,50,27,5,2021,15:35,1,75,75115,2,3,0,3,RUE DE VOUILLE,48.834341,2.306464,15,5,2
202100023433,159Â 736,A01,1,1,1,5,2,0,-1,0,0,-1,2021,33.0,2,1,0,2,1,1,1,,4,TOULOUSE (AVENUE DE,0,,2,4,3,1,(1),(1),1,, -1,1,0,6,50,18,8,2021,14:15,1,34,34172,2,1,0,2,TOULOUSE (AVENUE DE,43.59185,3.85835,14,2,2
202100052229,108Â 345,B01,1,1,1,4,2,0,-1,0,0,-1,2021,47.0,1,1,0,2,8,12,1,,4,AVENUE DENFERT ROCHEREAU,0,,2,3,3,1,(1),(1),1,, -1,2,-1,6,50,7,2,2021,19:20,5,75,75114,2,2,1,2,AVENUE DENFERT ROCHEREAU,48.838618,2.336626,19,2,2
202100033886,141Â 190,A01,1,1,1,9,2,0,-1,-1, -1,-1,2021,18.0,1,1,0,2,8,13,1,,3,CHARLES GIDE (AV),0,,2,2,0,2,1,0,1,, -1,1,0,1,30,15,6,2021,15:00,1,94,94043,2,1,0,3,Avenue Charles Gide,48.806977,2.353682,15,2,2
202100029197,149Â 564,A01,1,1,1,5,1,-1,-1,0,0,-1,2021,22.0,2,2,0,2,3,13,1,,3,223,0,,2,2,0,2,26,25,3,, -1,1,0,1,70,6,7,2021,15:40,1,63,63128,1,1,0,1,D223,45.914609482,3.3790052272,15,3,2
202100006124,190Â 856,B01,1,1,1,0,2,0,-1,-1, -1,-1,2021,56.0,3,1,0,2,7,1,6,,3,PAIX (AVENUE DE LA),0,,3,2,0,1,0,0,1,, -1,2,0,1,30,26,11,2021,19:45,5,92,92046,2,2,1,3,PAIX (AVENUE DE LA),48.8142144813,2.278265655,19,2,2