Num_Acc,id_vehicule,num_veh,place,catu,sexe,trajet,secu1,secu2,secu3,locp,actp,etatp,year_acc,victim_age,senc,catv,obs,obsm,choc,manv,motor,occutc,catr,voie,v1,v2,circ,nbv,vosp,prof,pr,pr1,plan,lartpc,larrout,surf,infra,situ,vma,jour,mois,an,hrmn,lum,dep,com,agg_,int,atm,col,adr,lat,long,hour,nb_victim,nb_vehicules
202100007913,187Â 596,A01,10,3,2,2,0,-1,-1,3,3,1,2021,13.0,1,2,0,1,2,17,1,,3,26,0,D,2,2,0,1,(1),(1),1,, -1,2,0,1,30,16,11,2021,08:15,2,91,91376,2,3,1,6,Route d Evry,48.559605,2.311779,8,2,1
202100013461,177Â 677,A01,1,1,1,5,2,6,-1,0,0,-1,2021,16.0,1,1,0,2,5,17,1,,3,916,0,,2,2,0,1,6,645,1,, -1,1,0,1,70,13,10,2021,16:55,1,66,66195,1,1,0,3,D916,42.68425,2.807312,16,2,2
202100011331,181Â 474,A01,1,1,1,5,1,0,-1,-1, -1,-1,2021,30.0,1,2,0,0,0,1,1,,1,A104,0,,3,6,0,1,21,700,1,, -1,1,0,1,90,24,10,2021,18:10,2,77,77372,1,1,0,6,A104,48.8914,2.6671,18,1,1
202100027768,152Â 074,A01,1,1,1,4,1,0,-1,0,0,-1,2021,28.0,3,5,2,0,1,14,1,,4,ALLEE THOMY THIERRY,0,,-1,0,0,1,(1),(1),1,, -1,1,6,1,10,20,7,2021,13:40,1,75,75107,2,3,0,6,ALLEE THOMY THIERRY,48.856318,2.295155,13,1,1
202100012568,179Â 248,B01,1,1,1,1,2,6,-1,0,0,-1,2021,24.0,2,1,0,2,1,17,1,,7,56,-1,C,2,2,1,4,3,250,1,, -1,1,0,1,-1,25,8,2021,08:25,1,13,13087,1,1,0,2,D56c,43.504802,5.622129,8,2,2
202100024890,157Â 166,A01,10,3,1,5,0,-1,-1,3,3,1,2021,83.0,3,2,0,1,1,16,1,,4,,0,,2,2,0,3,(1),(1),1,, -1,1,0,1,50,9,8,2021,09:30,1,6,6069,2,3,0,6,DUNANT (AVENUE HENRI),43.650559,6.921404,9,2,1
202100032414,143Â 835,A01,1,1,1,5,2,6,9,0,0,-1,2021,64.0,1,1,4,0,0,17,1,,3,902,-1,D,2,2,0,2,93,100,2,, -1,1,0,1,80,19,6,2021,10:20,1,73,73290,1,1,0,6,D902,45.294241,6.924477,10,1,1
202100046404,118Â 827,B01,1,1,1,4,2,6,-1,-1, -1,-1,2021,25.0,2,1,0,2,1,1,1,,4,,0,,2,2,0,1,0,0,1,, -1,1,0,1,50,10,3,2021,12:50,1,92,92051,2,1,0,3,"VILLIERS (RUE DE, NÂ° 21 A 59)",48.8876933691,2.2822889686,12,2,2
202100053700,105Â 744,A01,10,3,2,9,0,-1,-1,3,3,1,2021,64.0,3,2,0,1,3,15,1,,4,,0,,2,4,3,1,(1),(1),1,, -1,1,0,1,50,25,1,2021,08:20,1,69,69388,2,2,0,6,JEAN MERMOZ (AV),45.7349339389,4.8739234031,8,2,1
202100050404,111Â 600,A01,1,1,1,5,2,6,-1,0,0,-1,2021,21.0,2,1,0,0,0,1,1,,3,711,-1,,2,2,0,2,35,200,2,, -1,1,0,3,80,24,2,2021,20:30,3,87,87033,1,1,0,7,RD 711 PK 35+200,45.999794,1.095457,20,1,1
202100044032,122Â 970,A01,1,1,1,5,2,6,-1,-1, -1,-1,2021,25.0,3,1,0,2,8,18,1,,4,REPUBLIQUE   BOULEVARD DE LA,0,,2,4,2,2,(1),(1),1,, -1,1,0,5,50,14,4,2021,17:38,1,17,17300,2,2,0,3,REPUBLIQUE   BOULEVARD DE LA,46.138771,-1.14813,17,2,2
202100055207,103Â 135,A01,1,1,1,9,2,0,-1,0,0,-1,2021,26.0,2,1,0,2,1,1,3,,4,AVENUE GAMBETTA,0,,2,2,2,2,(1),(1),1,, -1,2,0,1,50,13,1,2021,10:50,1,75,75120,2,7,1,3,AVENUE GAMBETTA,48.864673,2.394523,10,2,2
202100031718,145Â 064,A01,10,3,1,2,0,-1,-1,3,5,2,2021,7.0,2,2,0,1,2,1,1,,4,PIERRE BROSSOLETTE (RUE),0,,1,1,0,2,(1),(1),1,, -1,1,9,1,30,28,6,2021,13:42,1,10,10362,2,1,0,6,PIERRE BROSSOLETTE (RUE),48.2934,4.0566,13,2,1
202100002094,198Â 054,A01,1,1,1,5,0,-1,-1,0,0,-1,2021,11.0,3,1,0,2,8,19,5,,3,106,0,D,2,2,0,2,22,500,1,, -1,1,0,1,70,21,12,2021,17:30,2,49,49292,1,2,0,1,D106 Lieu Dit le Petit Beauvais ST AUBIN DE LUIGNE106,47.332868,-0.653413,17,2,2
202100046444,118Â 766,A01,1,1,1,1,2,6,-1,0,0,-1,2021,18.0,3,1,0,2,3,16,1,,3,50,0,,2,2,0,1,(1),(1),1,, -1,1,0,1,80,28,3,2021,12:50,1,38,38287,2,3,0,1,504 Chemin du Devey,45.424811,5.484769,12,2,2
202100004110,194Â 392,A01,10,3,2,5,0,-1,-1,3,3,1,2021,66.0,1,2,0,1,1,1,1,,4,RUE DE L ANCIENNE COMEDIE,0,,2,2,0,1,(1),(1),1,, -1,1,0,1,30,8,12,2021,12:10,1,75,75106,2,5,0,6,RUE DE L ANCIENNE COMEDIE,48.853676,2.3388,12,2,1
202100013857,176Â 928,B01,1,1,2,1,8,4,-1,-1, -1,-1,2021,51.0,1,1,0,2,1,1,5,,4,MAIL MARCEL CACHIN,0,,2,2,1,1,(1),(1),1,, -1,1,0,8,30,11,10,2021,07:50,2,38,38169,2,1,0,3,MAIL MARCEL CACHIN,45.1931,5.68748,7,2,2
202100036580,136Â 328,A01,1,1,1,5,1,8,-1,-1, -1,-1,2021,22.0,2,2,0,2,9,14,1,,1,AUTOROUTE A1,0,,3,5,3,1,4,0,1,, -1,1,0,6,90,31,5,2021,19:59,5,972,97213,1,1,0,6,AUTOROUTE A1,14.61711,-61.0166,19,1,1
202100009751,184Â 270,B01,1,1,1,0,1,8,-1,-1, -1,-1,2021,20.0,2,2,0,2,2,0,1,,4,PAUL ELUARD (RUE),0,,1,2,1,1,0,0,1,, -1,1,0,1,50,29,10,2021,20:20,5,67,67482,2,3,0,1,COLETTE (RUE),48.58753,7.69951,20,2,2
202100034732,139Â 631,A01,1,1,1,0,2,0,-1,-1, -1,-1,2021,20.0,1,1,0,2,1,9,1,,4,PRINCE HINOI (AVENUE),0,,1,2,0,1,0,0,1,, -1,1,9,1,50,11,6,2021,18:23,5,987,98735,2,1,0,2,PRINCE HINOI (AVENUE),-17.534,-149.56105,18,2,2
202100002331,197Â 622,B01,2,2,2,5,1,-1,-1,0,0,-1,2021,29.0,1,2,0,2,4,1,1,,3,1075,-1,,2,2,0,1,34,435,1,, -1,1,5,1,90,20,12,2021,14:10,1,5,5021,1,3,0,4,Plateau des GrÃ¨s,44.396696,5.73644,14,7,3
202100037942,133Â 846,B01,4,2,1,5,1,0,-1,-1, -1,-1,2021,27.0,2,2,0,2,6,1,1,,1,A57,0,,3,2,0,1,2,0,1,, -1,1,8,1,70,27,5,2021,22:15,3,83,83137,1,1,0,2,A57,43.12933,5.977538,22,4,2
202100041457,127Â 504,A01,1,1,2,3,1,-1,-1,0,0,-1,2021,92.0,2,2,0,2,9,1,1,,3,114,0,,2,2,0,2,63,100,1,, -1,1,0,1,80,30,4,2021,09:30,1,17,17397,1,2,0,6,D114,45.860697,-0.660483,9,2,2
202100038796,132Â 265,B01,1,1,2,1,8,0,-1,-1, -1,-1,2021,35.0,1,2,0,2,2,9,1,,4,WALDECK ROUSSEAU (RUE),0,,1,2,0,1,0,0,1,, -1,1,0,1,50,22,5,2021,10:20,1,93,93005,2,1,0,3,Rue Waldeck-Rousseau,48.927999,2.482035,10,2,2
202100023852,158Â 991,B01,2,2,2,5,1,0,-1,-1, -1,-1,2021,28.0,1,2,0,2,1,1,1,,3,BD JOHN KENNEDY,0,,1,2,0,1,(1),(1),1,, -1,1,0,1,50,14,8,2021,21:00,2,91,91174,2,3,0,3,BD JOHN KENNEDY,48.586837,2.476947,21,4,2
202100012261,179Â 808,B01,1,1,1,0,1,0,-1,-1, -1,-1,2021,32.0,3,2,0,2,1,1,1,,3,EMILE COSSONNEAU (AVE),0,,1,2,0,1,0,1,1,, -1,1,5,1,30,19,10,2021,18:08,1,93,93051,2,4,0,5,EMILE COSSONNEAU (AVE),48.84991,2.57668,18,3,3
202100033845,141Â 262,B01,1,1,2,0,1,0,-1,-1, -1,-1,2021,20.0,1,2,0,2,7,2,1,,2,MONTPELLIER (ROUTE DE),0,,1,2,0,1,0,0,1,, -1,1,0,1,50,15,6,2021,21:25,2,30,30189,2,6,0,3,MONTPELLIER (ROUTE DE),43.8075,4.325,21,2,2
202100023278,160Â 007,A01,1,1,2,1,1,5,-1,-1, -1,-1,2021,20.0,1,2,0,0,3,13,1,,3,MARNE,0,,2,2,0,2,2,768,4,, -1,1,0,1,50,17,8,2021,04:40,5,50,50147,2,1,0,7,MARNE,49.04514,-1.44921,4,1,1
202100030980,146Â 366,B01,1,1,2,1,1,-1,-1,0,0,-1,2021,42.0,0,2,0,2,6,1,1,,3,BAPAUME (BOULEVARD DE),0,,2,5,0,1,(1),(1),1,, -1,1,0,1,50,28,6,2021,12:14,1,80,80021,2,2,0,3,BAPAUME (BOULEVARD DE),49.87894,2.30524,12,2,2
202100049700,112Â 901,A01,2,2,2,5,1,-1,-1,0,0,-1,2021,66.0,2,2,0,0,4,15,1,,3,744,-1,,2,2,0,2,3,621,1,,7,1,0,1,80,1,3,2021,16:12,1,79,79207,1,1,0,2,,46.891009,-0.742457,16,3,2
202100050410,111Â 591,A01,1,1,1,1,2,6,-1,0,0,-1,2021,51.0,2,1,0,0,6,23,1,,7,1082,0,D,1,2,0,1,62,800,1,, -1,1,5,1,50,24,2,2021,15:55,1,42,42092,1,2,0,2,Avenue Albert Raimond,45.482094,4.349948,15,2,2
202100014019,176Â 641,B01,1,1,2,5,8,0,-1,0,0,-1,2021,50.0,2,1,0,2,4,19,5,,4,BOULEVARD MASSENA,0,,2,4,0,1,(1),(1),1,, -1,1,0,1,30,9,10,2021,10:45,1,75,75113,2,2,0,3,BOULEVARD MASSENA,48.819285,2.36202,10,2,2
202100017939,169Â 559,A01,1,1,1,2,0,-1,-1,0,0,-1,2021,13.0,2,1,0,2,1,19,5,,7,49,0,,2,2,0,2,2,130,1,,4,1,0,1,30,16,9,2021,10:50,1,37,37139,2,2,0,1,Avenue Louis-Charles d Albert Duc de Luynes,47.3901996306,0.5469410894,10,2,2
202100004139,194Â 346,A01,10,3,2,5,0,-1,-1,1,9,1,2021,58.0,3,1,0,1,0,14,6,,3,75,0,,1,0,1,1,0,0,1,, -1,1,0,5,50,8,12,2021,13:10,1,92,92032,2,1,0,6,LANGEVIN PAUL (AVENUE),48.7834965729,2.289083004,13,2,1
202100030432,147Â 376,A01,2,2,1,0,2,6,-1,-1, -1,-1,2021,20.0,1,1,0,2,3,1,1,,3,ROGER SALENGRO (AV),0,,-1,2,0,1,1,0,1,, -1,1,0,1,30,6,7,2021,12:55,1,94,94017,2,1,0,3,ROGER SALENGRO (AV),48.818739,2.489787,12,3,2
202100014282,176Â 170,A01,1,1,1,5,0,-1,-1,0,0,-1,2021,37.0,1,1,0,0,9,0,1,,3,,0,,2,2,0,1,(1),(1),3,,4,1,0,1,50,9,10,2021,22:30,5,68,68163,2,1,0,7,30 rue de l'artisanat,47.677517,7.500669,22,1,1
202100030125,147Â 929,A01,1,1,1,0,2,6,-1,-1, -1,-1,2021,50.0,1,1,0,2,1,2,1,,1,AUTOROUTE A2,0,,3,4,0,1,61,900,1,, -1,1,0,1,110,7,7,2021,17:20,1,59,59383,1,1,0,2,AUTOROUTE A2,50.338311,3.540221,17,3,2
202100018348,168Â 829,B01,1,1,1,0,2,-1,-1,-1, -1,-1,2021,20.0,0,1,0,2,1,1,1,,4,LEMARESQUIER (RUE AUGUSTIN),0,,2,2,0,1,(1),(1),1,, -1,1,0,1,50,16,9,2021,19:20,1,50,50602,2,2,0,3,LEMARESQUIER (RUE AUGUSTIN),49.64761,-1.57824,19,2,2
202100045562,120Â 291,A01,2,2,1,0,1,0,-1,-1, -1,-1,2021,10.0,1,2,6,0,3,1,1,,4,BUDAPEST (RUE DE),0,,2,2,0,2,0,0,1,, -1,1,0,1,50,1,4,2021,19:30,1,72,72181,2,1,0,6,BUDAPEST (RUE DE),48.01874,0.2064,19,3,1
202100010612,182Â 764,A01,1,1,1,2,2,6,-1,0,0,-1,2021,31.0,2,1,0,2,2,1,1,,3,30,0,D,2,2,0,2,8,200,4,, -1,1,0,1,80,29,10,2021,17:10,2,25,25132,1,1,0,3,RD 30 - PK 7+850 sens POULIGNEY-LUSANS vers CHATILLON GUYOTTE,47.332526,6.181784,17,2,2
202100052962,107Â 050,B01,1,1,2,0,1,0,-1,-1, -1,-1,2021,34.0,2,2,0,2,4,2,1,,1,AUTOROUTE A 21,0,,3,4,0,1,43,299,2,, -1,2,0,1,110,31,1,2021,15:44,1,59,59501,1,1,1,2,AUTOROUTE A 21,50.374148,3.245434,15,2,2
202100015418,174Â 146,A01,1,1,1,9,2,-1,-1,0,0,-1,2021,15.0,2,1,0,2,1,15,1,,3,768,-1,,2,2,0,3,0,665,2,, -1,1,0,1,50,3,10,2021,22:05,5,201,201247,2,3,0,1,D768,41.584578,9.280915,22,3,2
202100024602,157Â 680,B01,1,1,1,0,2,6,-1,-1, -1,-1,2021,53.0,1,1,0,2,7,1,5,,7,RD157B,0,,1,4,0,1,0,0,1,, -1,1,0,1,70,11,8,2021,21:50,3,57,57487,1,1,0,3,RD157B,49.09824,6.11789,21,5,2
202100056422,101Â 045,B01,1,1,1,4,2,6,-1,0,0,-1,2021,29.0,1,1,0,2,7,17,3,,4,RUE DE SEVRES,0,,2,2,0,1,(1),(1),1,, -1,1,0,1,50,2,1,2021,14:00,1,75,75107,2,3,0,3,RUE DE SEVRES,48.846111,2.314248,14,2,2
202100011054,181Â 963,A01,1,1,2,0,1,5,-1,0,0,-1,2021,21.0,2,2,8,0,1,9,1,,4,CAMPI LOUIS BD,0,,1,2,0,2,(1),(1),3,, -1,2,9,8,50,25,10,2021,02:45,5,201,201004,2,6,1,7,CAMPI LOUIS BD,41.9422282228,8.7501606607,2,1,1
202100037612,134Â 428,A01,1,1,1,5,8,0,-1,0,0,-1,2021,51.0,3,1,0,2,1,5,5,,4,ROUTE DE LA MUETTE A NEUILLY,0,,1,1,0,1,(1),(1),2,, -1,1,0,1,50,28,5,2021,16:50,1,75,75116,2,4,0,1,ROUTE DE LA MUETTE A NEUILLY,48.864518,2.266512,16,2,2
202100049473,113Â 328,B01,1,1,1,1,2,6,-1,-1, -1,-1,2021,23.0,1,1,0,2,8,0,1,,4,MARECHAL FOCH (DU)                  (PL),0,,2,2,0,1,(1),(1),2,, -1,1,0,1,50,1,3,2021,07:05,1,69,69034,2,6,0,3,MARECHAL FOCH (DU)                  (PL),45.79791,4.85148,7,2,2
202100003092,196Â 235,A01,2,2,2,5,1,8,-1,-1, -1,-1,2021,27.0,1,2,1,0,1,14,1,,7,SCHIRMECK (ROUTE DE),0,,2,2,0,1,(1),(1),1,, -1,1,0,1,50,13,12,2021,04:15,4,67,67482,2,1,0,6,SCHIRMECK (ROUTE DE),48.57107,7.71176,4,2,1
202100023276,160Â 011,B01,1,1,1,0,2,-1,-1,-1, -1,-1,2021,21.0,1,1,0,2,4,15,0,,3,MONSEIGNEUR BEJOT (RUE),0,,2,2,0,1,3,200,1,, -1,1,0,1,80,20,8,2021,12:17,1,51,51055,1,1,0,2,D966,49.2976633694,4.0288951993,12,2,2
202100032149,144Â 284,B01,1,1,2,5,1,0,-1,-1, -1,-1,2021,31.0,2,2,0,2,4,0,1,,3,L'HIPPODROME (AV DE),0,,2,2,0,1,1,0,3,, -1,2,0,1,50,25,6,2021,21:15,2,94,94019,2,1,1,2,Avenue de L Hippodrome,48.8003528939,2.5704789162,21,2,2
202100051261,110Â 053,B01,1,1,1,1,2,0,-1,-1, -1,-1,2021,33.0,1,1,0,2,1,1,1,,7,ROUTE DE GENEVE                     (RO),0,,2,4,2,1,2,550,1,, -1,1,0,1,50,16,2,2021,06:59,2,69,69286,2,3,0,3,ROUTE DE GENEVE (RTE),45.80801,4.91097,6,2,2
202100011864,180Â 515,A01,3,2,1,5,3,0,-1,-1, -1,-1,2021,5.0,1,5,0,2,7,15,1,,2,MARECHAL DE LATTRE DE TASSIGNY (AV),0,,2,4,0,1,1,0,1,, -1,1,0,1,50,20,10,2021,19:30,5,94,94075,2,3,0,3,Avenue du Mal de Lattre de Tassigny,48.727457,2.531126,19,3,2
202100003882,194Â 813,A01,1,1,1,9,1,-1,-1,0,0,-1,2021,54.0,2,2,2,0,1,13,1,,3,115,0,D,2,2,0,1,19,800,1,, -1,2,0,3,80,10,12,2021,12:45,1,82,82026,1,1,1,6,D115,44.064617,1.680339,12,1,1
202100028795,150Â 247,A01,1,1,1,4,8,0,-1,-1, -1,-1,2021,45.0,1,5,0,0,4,26,1,,4,RAVINE VILAINE (CHEMIN DEPARTEMENTAL DE),0,,2,2,0,2,0,0,1,, -1,1,0,1,50,14,7,2021,21:20,5,972,97209,2,1,1,7,Route de Ravine Vilaine,14.63669,-61.06318,21,1,1
202100044450,122Â 237,A01,10,3,1,0,0,-1,-1,2,3,1,2021,21.0,3,2,0,1,0,1,1,,4,SERPENTE (RUE DE LA),0,,-1,2,0,1,0,0,4,, -1,4,0,1,50,10,4,2021,20:50,5,91,91286,2,1,1,6,SERPENTE (RUE DE LA),48.64994,2.37458,20,2,1
202100027212,153Â 074,B01,1,1,1,9,8,0,-1,-1, -1,-1,2021,22.0,3,1,0,9,1,1,5,,4,RUE DE GAILLAC,0,,2,2,3,1,0,0,1,, -1,1,0,1,50,23,7,2021,08:30,1,31,31555,2,1,0,3,RUE DE GAILLAC,43.623922,1.474807,8,2,2
202100047731,116Â 429,A01,10,3,2,5,0,-1,-1,5,1,1,2021,58.0,1,2,0,1,2,14,1,,4,MOULIN (BOULEVARD JEAN),0,,2,2,0,1,(1),(1),3,, -1,1,0,4,50,7,3,2021,18:10,1,65,65440,2,1,0,6,MOULIN (BOULEVARD JEAN),43.220467842,0.0587886572,18,3,1
202100043999,123Â 027,A01,1,1,1,0,2,6,-1,-1, -1,-1,2021,27.0,2,1,0,2,7,17,1,,2,m'tsapere-Nationale 2 (route),0,,2,0,0,1,0,0,1,, -1,1,0,1,50,14,4,2021,14:10,1,976,97611,1,9,0,5,m'tsapere-Nationale 2 (route),-12.79124,45.22275,14,3,3
202100032975,142Â 816,A01,1,1,1,5,2,6,-1,0,0,-1,2021,68.0,1,1,0,0,8,1,1,,3,9,-1,,2,2,0,2,4,500,2,, -1,9,0,1,80,23,6,2021,10:30,1,1,1185,1,1,0,7,RD 9,45.97588,5.631845,10,1,1
202100020901,164Â 290,A01,1,1,1,5,0,-1,-1,0,0,-1,2021,23.0,1,1,15,0,1,0,1,,3,813,-1,,2,3,0,1,(1),(1),1,, -1,1,0,4,50,5,9,2021,01:05,5,31,31446,2,1,0,6,Avenue Tolosane,43.545536,1.475199,1,1,1
202100047041,117Â 688,B01,1,1,1,5,2,6,-1,-1, -1,-1,2021,50.0,1,1,0,2,7,1,1,,3,TERCIS (ROUTE DE),0,,2,3,0,1,(1),(1),1,, -1,1,0,1,70,11,3,2021,15:30,1,40,40088,2,3,0,3,TERCIS (ROUTE DE),43.68604,-1.0783,15,2,2
202100018311,168Â 891,A01,1,1,1,9,2,0,-1,-1, -1,-1,2021,17.0,1,1,0,2,1,1,1,,3,JOHN KENNEDY (AVENUE),0,,3,5,3,1,1,940,1,, -1,1,0,1,50,17,9,2021,09:30,1,86,86194,2,1,0,3,Avenue John Kennedy,46.587926,0.363668,9,2,2
202100039481,131Â 035,A01,1,1,1,0,8,0,-1,-1, -1,-1,2021,15.0,2,1,0,2,1,1,5,,4,PAUL HOCHART (R),0,,-1,1,0,1,1,0,1,, -1,2,0,8,50,18,5,2021,17:36,1,94,94038,2,9,1,6,Rue Paul Hochart,48.774352,2.354493,17,2,2
202100003344,195Â 785,A01,1,1,1,0,1,-1,-1,0,0,-1,2021,67.0,2,2,14,0,1,1,1,,3,257,-1,,2,2,0,1,10,350,1,, -1,2,0,1,80,10,12,2021,18:10,3,32,32016,1,1,1,6,CD 257,43.562987,1.083173,18,1,1
202100053333,106Â 388,A01,1,1,1,1,2,0,-1,-1, -1,-1,2021,28.0,2,1,0,2,3,1,1,,4,ROUSSEAU (RUE JEAN JACQUES),0,,-1,2,0,1,(1),(1),1,, -1,1,0,1,50,28,1,2021,21:00,5,42,42187,2,2,0,3,Rue Jean-Jacques Rousseau,46.0377721212,4.0566753186,21,2,2
202100007151,188Â 986,B01,1,1,1,1,1,-1,-1,-1, -1,-1,2021,55.0,3,2,0,2,1,1,1,,4,FOUR A CHAUX (DU)                   (R ),0,,1,1,0,1,(1),(1),1,, -1,1,0,1,50,19,11,2021,19:39,5,69,69389,2,3,0,1,DOCKS (DES) (R),45.78539,4.81055,19,2,2
202100029351,149Â 304,A01,1,1,1,5,8,-1,-1,0,0,-1,2021,21.0,1,2,0,2,1,13,1,,3,2060,-1,,2,2,0,1,45,910,1,, -1,2,0,1,80,12,7,2021,17:45,1,45,45017,1,1,0,1,D2060-PR 45 + 910,47.97033,2.506793,17,2,2
202100030947,146Â 438,A01,1,1,1,0,1,-1,-1,0,0,-1,2021,35.0,2,2,2,0,3,16,1,,3,915,0,,2,2,0,3,35,170,3,, -1,2,0,3,70,5,7,2021,05:30,2,76,76678,1,1,0,6,Route de la CavÃ©e,49.632336,1.480166,5,1,1
202100005363,192Â 199,A01,10,3,1,2,0,-1,-1,3,3,1,2021,12.0,1,2,0,1,0,1,1,,4,Avenue Georges CLEMENCEAU,0,,3,4,1,1,(1),(1),1,, -1,1,0,8,50,29,11,2021,12:20,1,7,7102,2,6,0,6,Avenue Georges CLEMENCEAU,44.932518,4.869656,12,2,1
202100014823,175Â 210,A01,1,1,1,2,2,8,-1,0,0,-1,2021,16.0,2,1,0,2,1,11,1,,4,SAINT CLAUDE CH.DE,0,,2,2,0,1,(1),(1),1,, -1,1,0,1,50,6,10,2021,14:05,1,6,6004,2,1,0,2,SAINT CLAUDE CH.DE,43.599626,7.100152,14,2,2
202100047528,116Â 810,A01,1,1,1,1,2,6,-1,0,0,-1,2021,26.0,1,1,0,2,8,1,1,,4,BOULEVARD DE L HOPITAL,0,,1,2,0,2,(1),(1),1,, -1,1,0,1,50,18,3,2021,00:30,5,75,75113,2,4,0,3,BOULEVARD DE L HOPITAL,48.835933,2.358747,0,2,2
202100003222,196Â 012,A01,1,1,1,0,2,6,-1,-1, -1,-1,2021,24.0,1,1,0,0,2,1,1,,2,RN 118,0,,1,2,0,2,0,899,1,, -1,1,0,1,90,11,12,2021,22:50,3,91,91064,1,1,0,6,RN 118,48.751238,2.222435,22,1,1
202100043350,124Â 177,A01,10,3,1,9,0,-1,-1,3,4,1,2021,22.0,2,2,1,1,2,1,1,,4,RUE NICOLO,0,,1,4,0,1,(1),(1),1,, -1,1,0,1,50,20,4,2021,14:40,1,75,75116,2,2,0,6,RUE NICOLO,48.86015,2.278107,14,2,1
202100017864,169Â 688,B01,1,1,2,5,1,0,-1,-1, -1,-1,2021,44.0,3,2,0,2,3,21,1,,4,EMMANUEL ALLARD (RUE),0,,1,1,0,1,0,0,1,, -1,1,0,1,50,20,9,2021,12:15,1,13,13211,2,1,0,3,EMMANUEL ALLARD (RUE),43.2899725213,5.4405796134,12,2,2
202100020005,165Â 876,A01,10,3,2,5,0,-1,-1,3,3,1,2021,62.0,2,2,0,1,3,1,1,,3,RD939,0,,2,2,0,1,5,400,1,, -1,1,6,1,50,10,9,2021,16:45,1,62,62318,2,1,0,6,Route d Hilbert,50.511271,1.645111,16,2,1
202100050877,110Â 734,A01,1,1,2,1,8,0,-1,-1, -1,-1,2021,20.0,0,1,0,2,2,19,3,,3,REPUBLIQUE (RUE DE LA),0,,2,2,0,1,25,60,1,, -1,1,0,1,30,19,2,2021,05:45,5,73,73011,2,4,0,3,D990 R de la RÃ©publique,45.67515,6.38874,5,2,2
202100011424,181Â 302,A01,10,3,2,3,0,-1,-1,2,3,1,2021,82.0,2,1,0,1,1,1,1,,4,RUE DE LA GLACIERE,0,,1,2,0,1,(1),(1),1,, -1,1,0,1,30,22,10,2021,16:22,1,75,75113,2,1,0,6,RUE DE LA GLACIERE,48.826963,2.342031,16,2,1
202100007717,187Â 965,A01,1,1,1,5,2,-1,-1,0,0,-1,2021,24.0,1,1,0,2,1,17,1,,2,2,-1,,2,2,0,1,(1),(1),1,, -1,1,0,1,70,17,11,2021,15:55,1,971,97129,1,3,0,3,Nolivier,16.297855,-61.670943,15,2,2
202100043534,123Â 847,A01,10,3,2,0,0,-1,-1,9,2,1,2021,59.0,3,5,0,1,4,26,1,,5,ACAJOU PROLONGEE,0,,2,1,0,1,(1),(1),3,, -1,1,0,1,20,16,4,2021,07:20,1,972,97213,2,1,0,6,ACAJOU PROLONGEE,14.6268,-61.0151,7,2,1
202100004568,193Â 613,B01,1,1,1,5,1,-1,-1,0,0,-1,2021,32.0,2,2,0,0,1,0,1,,3,1201,-1,,2,2,0,2,24,6,2,, -1,2,0,1,80,4,12,2021,19:24,3,74,74010,1,1,1,1,RD1201,45.951239,6.11917,19,5,2
202100030013,148Â 144,A01,1,1,1,1,2,6,-1,0,0,-1,2021,36.0,3,1,0,2,8,1,1,,4,ROUTE DE LA MUETTE A NEUILLY,0,,3,2,0,1,(1),(1),1,, -1,1,0,1,50,8,7,2021,06:15,1,75,75116,2,2,0,3,ROUTE DE LA MUETTE A NEUILLY,48.864501,2.266503,6,2,2
202100049282,113Â 669,A01,10,3,1,2,0,-1,-1,2,5,1,2021,14.0,1,5,0,1,2,1,1,,4,RUE MERCOEUR,0,,1,1,0,2,(1),(1),1,, -1,1,0,1,50,4,3,2021,12:20,1,75,75111,2,1,0,6,RUE MERCOEUR,48.857468,2.384268,12,2,1
202100000637,200Â 568,A01,1,1,1,1,1,-1,-1,0,0,-1,2021,22.0,1,2,2,0,1,1,1,,3,131,0,C,-1,2,0,1,1,235,3,, -1,1,0,3,50,27,12,2021,17:20,3,38,38003,1,1,0,6,D131c,45.347513,4.847295,17,3,1
202100035847,137Â 623,A01,1,1,2,0,1,0,-1,-1, -1,-1,2021,25.0,1,2,0,2,4,1,1,,1,A7-Sens Lyon vers Marseille,0,,1,3,0,1,270,0,1,, -1,1,0,1,110,8,6,2021,17:00,1,13,13071,1,1,0,2,A7-Sens Lyon vers Marseille,43.40378,5.34301,17,3,2
202100041277,127Â 822,A01,10,3,1,1,0,-1,-1,5,9,1,2021,59.0,3,2,15,1,4,20,1,,4,PROVENCE RUE DE,0,,2,2,0,1,(1),(1),1,, -1,1,0,4,50,15,4,2021,22:05,5,59,59410,2,1,0,6,PROVENCE RUE DE,50.6476253513,3.1181500486,22,2,1
202100053426,106Â 217,A01,1,1,1,1,2,6,-1,-1, -1,-1,2021,40.0,2,1,0,0,8,2,1,,1,AUTOROUTE (A1),0,,3,6,3,2,0,300,1,, -1,1,0,1,90,27,1,2021,07:15,1,972,97209,1,1,0,2,AUTOROUTE (A1),14.61529,-61.04578,7,2,2
202100046443,118Â 767,A01,1,1,1,5,1,-1,-1,0,0,-1,2021,19.0,3,2,6,0,0,1,1,,4,,-1,,2,2,0,1,(1),(1),1,, -1,1,0,8,80,28,3,2021,17:50,1,29,29267,1,1,0,6,Lieu Dit Lesren,48.165009,-3.90665,17,1,1