Num_Acc,id_vehicule,num_veh,place,catu,sexe,trajet,secu1,secu2,secu3,locp,actp,etatp,year_acc,victim_age,senc,catv,obs,obsm,choc,manv,motor,occutc,catr,voie,v1,v2,circ,nbv,vosp,prof,pr,pr1,plan,lartpc,larrout,surf,infra,situ,vma,jour,mois,an,hrmn,lum,dep,com,agg_,int,atm,col,adr,lat,long,hour,nb_victim,nb_vehicules
202100016465,172Â 197,B01,10,3,1,5,0,-1,-1,5,1,2,2021,19.0,1,2,0,2,8,1,1,,3,COLMAR (AVENUE DE),0,,2,2,0,1,(1),(1),1,, -1,1,0,1,50,27,9,2021,13:45,1,68,68224,2,2,0,6,COLMAR (AVENUE DE),47.75496,7.33644,13,6,2
202100025590,155Â 938,A01,1,1,1,5,8,0,-1,-1, -1,-1,2021,32.0,2,1,0,0,7,1,5,,4,BASTIE (AVENUE MARYSE),0,,1,1,0,2,0,0,4,, -1,2,0,8,30,3,8,2021,12:15,1,87,87113,1,1,1,7,BASTIE (AVENUE MARYSE),45.88137,1.32946,12,1,1
202100030857,146Â 604,A01,1,1,1,5,1,0,-1,0,0,-1,2021,33.0,1,2,0,2,2,17,2,,4,RUE D ALESIA,0,,2,3,0,1,(1),(1),1,, -1,2,0,1,50,4,7,2021,09:30,1,75,75114,2,1,1,6,RUE D ALESIA,48.830824,2.318318,9,1,1
202100049883,112Â 573,A01,3,2,1,5,1,0,-1,-1, -1,-1,2021,19.0,2,2,0,0,9,14,1,,2,ROCADE 14-15,0,,3,4,0,1,22,310,1,, -1,1,0,3,90,27,2,2021,02:00,3,35,35238,1,1,0,7,ROCADE 14-15,48.14213,-1.6453,2,5,1
202100042125,126Â 332,A01,1,1,2,5,2,-1,-1,0,0,-1,2021,29.0,1,1,0,2,1,1,5,,3,182,0,D,2,2,0,2,5,730,1,, -1,1,0,1,50,29,4,2021,18:05,1,89,89289,2,1,0,3,34 Rue du Pilori,47.95391,3.368113,18,2,2
202100005832,191Â 370,A01,2,2,2,5,1,-1,-1,0,0,-1,2021,68.0,2,2,7,2,2,1,1,,3,D651,0,,2,2,0,1,32,35,1,, -1,2,5,1,80,27,11,2021,02:12,3,33,33436,1,2,1,3,Route de Louchats,44.521356,-0.626822,2,4,2
202100002874,196Â 635,B01,1,1,1,0,1,6,-1,-1, -1,-1,2021,39.0,2,1,0,2,4,2,0,,1,AUTOROUTE A86,0,,3,2,0,1,26,899,1,, -1,1,0,1,90,13,12,2021,08:10,1,93,93064,1,1,0,4,AUTOROUTE A86,48.8787695858,2.4763536005,8,5,5
202100044096,122Â 855,A01,1,1,1,5,2,6,9,0,0,-1,2021,50.0,1,1,13,0,1,1,1,,3,901,0,,2,2,0,1,(1),(1),1,, -1,1,0,1,80,15,4,2021,11:30,1,84,84132,1,1,0,7,D901,43.92479,4.976184,11,1,1
202100017452,170Â 431,A01,2,2,1,5,8,0,-1,-1, -1,-1,2021,38.0,1,2,1,0,2,14,1,,4,MULSANT (RUE),0,,2,2,0,1,(1),(1),1,, -1,1,0,1,50,22,9,2021,21:20,5,42,42187,2,1,0,6,Rue Mulsant,46.0394180652,4.0547480732,21,2,1
202100030797,146Â 714,A01,10,3,2,3,0,-1,-1,2,3,1,2021,71.0,3,5,0,1,2,15,1,,6,AV FRANCOIS MITTERRAND,0,,-1,0,3,1,0,0,1,, -1,2,9,2,50,29,6,2021,11:30,1,91,91027,1,9,0,6,AV FRANCOIS MITTERRAND,48.71351,2.37328,11,2,1
202100000707,200Â 450,A01,8,2,2,5,0,-1,-1,0,0,-1,2021,15.0,3,2,2,0,2,1,1,,4,,-1,,2,2,0,1,(1),(1),2,,4,1,0,3,50,30,12,2021,21:00,3,44,44051,1,9,0,6,Croquemais,47.650499,-1.690594,21,3,1
202100004173,194Â 295,B01,1,1,2,0,1,-1,-1,0,0,-1,2021,73.0,2,2,0,2,3,1,1,,7,286,0,D,2,2,0,3,24,550,4,, -1,1,0,1,80,8,12,2021,11:10,1,35,35208,1,1,0,1,Les VolardiÃ¨res,47.985599,-1.660631,11,2,2
202100002478,197Â 341,A01,10,3,2,9,0,-1,-1,2,3,1,2021,14.0,2,5,0,1,7,26,1,,3,HUGO (AVENUE VICTOR),0,,3,2,0,4,0,0,1,, -1,1,0,1,50,17,12,2021,18:30,5,93,93027,2,1,0,3,HUGO (AVENUE VICTOR),48.92,2.38,18,2,1
202100054069,105Â 099,A01,1,1,2,1,1,8,-1,-1, -1,-1,2021,22.0,2,2,0,2,3,2,1,,4,TROIS CROIX (BD DES),0,,3,4,0,2,(1),(1),1,, -1,2,0,1,50,22,1,2021,17:10,1,35,35238,2,1,1,2,TROIS CROIX (BD DES),48.12737,-1.68573,17,3,2
202100026674,154Â 028,A01,10,3,1,5,0,-1,-1,1,3,1,2021,4.0,3,2,0,1,2,1,1,,4,,0,,2,2,0,1,(1),(1),1,, -1,1,0,1,50,28,7,2021,12:35,1,1,1053,2,1,0,6,BAUDIN (AVENUE ALPHONSE),46.20052,5.21768,12,3,1
202100012729,178Â 966,A01,1,1,1,5,1,-1,-1,0,0,-1,2021,84.0,1,2,2,0,1,1,1,,3,40,-1,,1,2,0,1,10,175,1,, -1,1,0,3,70,18,10,2021,11:30,1,54,54369,1,1,0,6,D40,48.8032455333,6.1161446566,11,1,1
202100012158,179Â 992,A01,10,3,1,0,0,-1,-1,5,9,1,2021,24.0,1,2,12,1,1,15,1,,4,BURNET CHEMIN DES,0,,-1,2,0,1,(1),(1),2,, -1,1,8,4,30,12,10,2021,12:40,1,73,73008,2,6,0,6,BURNET CHEMIN DES,45.669944776,5.9115991295,12,3,1
202100002046,198Â 135,A01,1,1,1,9,8,0,-1,0,0,-1,2021,64.0,1,1,0,2,1,1,5,,4,BOULEVARD VOLTAIRE,0,,4,4,1,1,(1),(1),2,, -1,1,-1,5,30,20,12,2021,13:45,1,75,75111,2,4,0,3,BOULEVARD VOLTAIRE,48.862383,2.372528,13,2,2
202100052763,107Â 415,B01,1,1,2,0,2,0,-1,-1, -1,-1,2021,51.0,2,1,0,2,7,1,0,,4,BEARN DE,0,,2,2,0,1,0,0,1,, -1,1,0,1,30,2,2,2021,17:40,1,64,64445,1,1,0,3,BEARN DE,43.30134,-0.35599,17,2,2
202100029102,149Â 730,B01,1,1,1,1,2,-1,-1,-1, -1,-1,2021,50.0,1,1,0,2,0,0,5,,3,FRANS ROUTE DE,0,,1,4,1,1,57,900,1,, -1,1,0,1,50,13,7,2021,13:40,1,69,69264,2,3,0,3,FRANS (DE) (RTE),45.98496,4.73167,13,2,2
202100045407,120Â 566,B01,1,1,2,5,8,0,-1,0,0,-1,2021,44.0,1,1,0,2,7,17,3,,4,RETHEL (BOULEVARD DE),0,,1,2,0,1,1,0,1,, -1,1,5,1,50,2,4,2021,15:30,1,14,14118,2,6,0,3,Boulevard de Rethel,49.16966,-0.33366,15,2,2
202100016839,171Â 521,A01,10,3,1,0,0,-1,-1,3,3,1,2021,74.0,1,2,1,1,1,16,1,,4,BROSSET (AVENUE 1ERE DIVISION),0,,2,2,0,1,0,0,1,, -1,1,0,1,50,24,9,2021,09:15,1,83,83069,2,1,0,6,BROSSET (AVENUE 1ERE DIVISION),43.121043143,6.1381201469,9,2,1
202100017471,170Â 396,A01,1,1,1,1,2,8,-1,-1, -1,-1,2021,45.0,2,1,0,2,0,1,1,,3,KERMARIA SULARD (ROUTE DE),0,,2,2,0,1,1,0,3,, -1,1,0,1,80,22,9,2021,08:55,1,22,22113,1,1,0,3,KERMARIA SULARD (ROUTE DE),48.75149,-3.41641,8,2,2
202100004145,194Â 336,A01,1,1,1,5,1,-1,-1,0,0,-1,2021,82.0,2,2,0,2,1,17,1,,3,415,0,,2,2,0,1,36,100,1,, -1,1,0,1,80,8,12,2021,09:30,1,68,68331,1,3,0,3,D415,48.04521,7.465811,9,4,2
202100029908,148Â 343,B01,1,1,1,5,8,-1,-1,0,0,-1,2021,81.0,2,0,0,2,8,15,3,,2,94,0,N,2,2,0,1,129,411,2,, -1,1,0,1,80,10,7,2021,17:30,1,5,5052,1,3,0,3,RN94,44.669076,6.61845,17,3,2
202100055668,102Â 349,B01,1,1,1,4,2,6,-1,-1, -1,-1,2021,39.0,2,1,0,2,8,1,1,,2,LORIENT (DE),0,,2,3,3,1,0,337,1,, -1,1,0,6,50,9,1,2021,16:15,1,35,35238,2,3,0,3,LORIENT (DE),48.10713,-1.72066,16,3,2
202100015657,173Â 682,B01,1,1,1,9,2,0,-1,-1, -1,-1,2021,36.0,1,1,0,2,2,17,1,,3,JEAN LOLIVE (AVENUE)(137/FIN ET 134/FIN),0,,2,2,0,1,0,0,1,, -1,2,0,1,50,1,10,2021,22:57,5,93,93055,2,9,1,3,Avenue Jean Lolive,48.8928671858,2.4120247364,22,2,2
202100043614,123Â 717,B01,2,2,2,5,1,0,-1,-1, -1,-1,2021,30.0,3,2,0,2,3,9,1,,4,RUE DE LORMOY,0,,4,2,0,1,0,0,1,, -1,1,0,1,30,16,4,2021,18:35,1,91,91347,2,1,0,1,RUE DE LORMOY,48.638502,2.290032,18,3,2
202100033002,142Â 757,A01,1,1,1,0,2,6,-1,-1, -1,-1,2021,53.0,2,1,0,2,1,3,1,,1,A4,0,,3,3,3,1,14,399,1,, -1,1,0,1,110,22,6,2021,07:40,1,93,93051,1,1,0,2,A4,48.83534,2.57026,7,2,2
202100013671,177Â 272,B01,1,1,1,5,2,0,-1,-1, -1,-1,2021,36.0,2,1,0,2,6,0,1,,4,Corniche John FitzgÃ©rald Kennedy,0,,2,2,0,1,0,0,1,, -1,1,0,1,50,12,10,2021,19:30,5,13,13207,2,1,0,3,Corniche John FitzgÃ©rald Kennedy,43.289,5.354,19,2,2
202100045673,120Â 098,A01,1,1,1,1,2,-1,-1,0,0,-1,2021,36.0,2,1,12,0,1,17,1,,3,188,0,,2,2,0,1,6,100,1,, -1,1,0,1,70,31,3,2021,13:20,1,62,62473,1,1,0,6,cd 188,50.600809,2.447151,13,1,1
202100031562,145Â 338,A01,1,1,2,9,1,0,-1,-1, -1,-1,2021,85.0,1,2,0,2,8,16,1,,4,MAGINOT (AV. ANDRE),0,,2,2,1,1,(1),(1),1,, -1,2,0,1,50,28,6,2021,15:21,1,37,37261,2,1,1,3,MAGINOT (AV. ANDRE),47.416604868,0.6901296973,15,2,2
202100027587,152Â 414,A01,1,1,1,0,8,0,-1,-1, -1,-1,2021,55.0,0,1,0,2,1,1,0,,3,PAUL VAILLANT COUTURIER (BOULEVARD),0,,-1,1,0,1,1,0,2,, -1,1,0,1,50,22,7,2021,16:45,1,93,93048,2,9,0,3,Bd Paul Vaillant Couturier,48.866204,2.444529,16,2,2
202100043271,124Â 317,A01,1,1,1,0,1,-1,-1,0,0,-1,2021,62.0,1,5,2,0,3,0,1,,3,206,0,D,2,2,0,1,2,400,2,, -1,1,0,3,80,22,4,2021,13:40,1,971,97112,1,1,0,6,Cocoyers Folle Anse,15.9459930032,-61.3251506855,13,2,1
202100030060,148Â 052,A01,1,1,1,5,2,6,-1,0,0,-1,2021,26.0,1,1,0,2,1,17,1,,3,924,0,,2,2,0,1,3,0,1,, -1,1,0,1,80,8,7,2021,16:00,1,28,28389,1,1,0,1,RD 924,48.036143,1.348357,16,2,2
202100015410,174Â 159,A01,1,1,2,9,1,-1,-1,0,0,-1,2021,25.0,2,2,3,0,2,1,1,,1,89,-1,,3,3,3,1,500,750,1,, -1,2,0,1,130,3,10,2021,16:00,1,42,42209,1,1,1,6,A89,45.866921,4.264546,16,1,1
202100023591,159Â 471,B01,1,1,1,0,2,8,-1,-1, -1,-1,2021,66.0,2,1,0,2,1,1,0,,4,PAPU,0,,1,1,0,2,(1),(1),1,, -1,1,0,1,30,18,8,2021,07:20,2,35,35238,2,9,0,3,Rue PAPU,48.11112,-1.69695,7,2,2
202100033819,141Â 309,A01,10,3,1,9,0,-1,-1,2,3,1,2021,19.0,3,2,0,1,1,1,1,,7,FAUBOURG D'ARRAS RUE,0,,2,1,0,1,(1),(1),1,, -1,1,9,1,30,15,6,2021,18:45,1,59,59350,2,1,0,6,FAUBOURG D'ARRAS RUE,50.609657124,3.0604353547,18,2,1
202100010929,182Â 192,A01,1,1,1,5,2,6,-1,0,0,-1,2021,40.0,2,1,0,0,7,3,1,,4,PORTE DE SEVRES,0,,1,3,0,1,8,700,1,, -1,2,0,1,70,25,10,2021,08:15,1,75,75115,2,1,1,7,PORTE DE SEVRES,48.831424,2.282854,8,1,1
202100025678,155Â 783,A01,2,2,1,0,2,6,-1,0,0,-1,2021,20.0,3,1,15,0,1,17,1,,4,,-1,,2,2,0,1,(1),(1),2,,4,1,0,3,70,5,8,2021,18:26,1,33,33090,2,1,0,6,Chemin de Camparian,44.748813,-0.652742,18,2,1
202100022340,161Â 708,A01,10,3,2,5,0,-1,-1,3,3,2,2021,11.0,1,2,0,1,3,1,1,,3,126,0,D,2,2,0,1,17,840,1,, -1,1,0,1,50,27,8,2021,16:30,1,25,25196,2,3,0,6,26 Rue d Audincourt,47.475955,6.889742,16,2,1
202100014294,176Â 151,A01,1,1,2,5,1,-1,-1,0,0,-1,2021,44.0,2,2,7,0,9,1,1,,3,915,0,D,2,2,0,1,38,804,1,, -1,1,0,1,80,10,10,2021,03:30,3,76,76678,1,1,1,7,D915,49.640138,1.432952,3,1,1
202100028183,151Â 320,A01,1,1,2,0,1,0,-1,-1, -1,-1,2021,64.0,3,2,0,0,4,2,1,,3,RAOUL DUFY (AVENUE),0,,2,4,0,1,0,1,1,, -1,1,0,1,50,19,7,2021,14:36,1,93,93005,2,1,0,2,Avenue Raoul Dufy,48.95548,2.50841,14,2,2
202100052277,108Â 264,B01,1,1,2,5,1,-1,-1,0,0,-1,2021,26.0,1,5,0,0,8,15,1,,3,912,-1,,2,2,0,1,11,130,2,, -1,1,5,1,70,8,2,2021,10:47,1,78,78443,1,4,0,3,D912,48.803846,1.865863,10,2,2
202100053429,106Â 211,A01,10,3,1,2,0,-1,-1,2,3,1,2021,18.0,3,2,0,1,2,1,1,,4,JARDIN PUBLIC (RUE DU),0,,2,2,0,1,0,0,1,, -1,1,0,1,50,27,1,2021,10:50,1,91,91549,2,1,0,6,JARDIN PUBLIC (RUE DU),48.64869,2.31826,10,2,1
202100030663,146Â 946,A01,1,1,1,3,0,-1,-1,0,0,-1,2021,56.0,1,1,0,2,8,2,5,,3,6,-1,,2,2,0,2,1,700,1,, -1,2,2,1,80,6,7,2021,11:00,1,71,71283,1,1,1,3,D6,46.710843,4.93155,11,2,2
202100048486,115Â 096,A01,1,1,1,0,1,-1,-1,0,0,-1,2021,40.0,2,2,0,2,7,13,1,,3,2152,0,,2,2,0,1,79,500,1,, -1,2,0,1,80,11,3,2021,19:00,2,45,45024,1,9,1,3,D2152-PR 79 + 500,47.817005,1.678596,19,3,2
202100047195,117Â 406,A01,1,1,1,0,1,0,-1,-1, -1,-1,2021,20.0,1,2,4,0,3,26,1,,1,A13,0,,3,6,0,1,30,0,1,, -1,1,0,1,130,21,3,2021,09:15,1,78,78206,1,1,0,6,A13,48.946854,1.947665,9,2,1
202100022265,161Â 842,A01,2,2,2,4,1,0,-1,-1, -1,-1,2021,21.0,2,2,0,2,2,8,1,,4,TOULOUSE (AVENUE DE,0,,2,2,3,2,(1),(1),1,, -1,1,0,1,50,27,8,2021,18:10,1,34,34172,2,3,0,3,Avenue de Toulouse,43.5952,3.86196,18,3,2
202100042105,126Â 369,B01,1,1,1,1,2,-1,-1,0,0,-1,2021,39.0,2,1,0,2,2,1,1,,4,,-1,,2,2,0,1,(1),(1),1,, -1,1,0,8,50,29,4,2021,05:40,5,43,43230,2,2,0,3,Lotissement les Marronniers,45.1501015672,3.9134824669,5,2,2
202100019020,167Â 642,A01,1,1,1,1,2,6,-1,-1, -1,-1,2021,37.0,1,1,8,0,1,1,1,,3,COUSIN DE MERICOURT (AV),0,,3,1,0,1,1,0,1,, -1,1,0,1,30,13,9,2021,14:00,1,94,94016,2,1,0,6,Avenue Cousin de MÃ©ricourt,48.79865,2.33279,14,1,1
202100010464,183Â 020,B01,1,1,2,0,1,0,-1,-1, -1,-1,2021,50.0,2,2,0,2,6,1,1,,1,A86.EXT,0,,1,3,0,1,32,200,1,, -1,2,1,1,90,29,10,2021,12:35,1,94,94052,1,1,1,2,A86.EXT,48.8379348271,2.4939608574,12,2,2
202100019223,167Â 269,A01,10,3,2,0,0,-1,-1,2,3,1,2021,76.0,2,4,0,1,3,15,1,,3,VAILLANT-COUTURIER (AVENUE PAUL),0,,1,2,0,1,0,0,2,, -1,1,5,1,50,13,9,2021,11:30,1,93,93027,2,6,0,6,Avenue Paul Vaillant Couturier / Avenue LÃ©nine,48.92057,2.41066,11,2,1
202100008978,185Â 666,A01,1,2,1,5,1,0,0,-1, -1,-1,2021,19.0,3,2,0,2,1,1,1,,4,,0,,2,2,0,1,0,0,1,, -1,1,0,1,50,7,11,2021,18:05,5,92,92019,2,1,0,6,MONNET CLAUDE (RUE),48.77086,2.28507,18,2,1
202100008999,185Â 633,A01,1,1,2,5,1,-1,-1,0,0,-1,2021,83.0,1,2,0,2,1,13,1,,3,904,0,D,2,2,0,1,23,900,1,, -1,1,0,1,70,8,11,2021,08:45,1,54,54449,2,3,1,6,d914,48.5732601181,6.4800801853,8,5,3
202100018819,168Â 005,B01,1,1,1,9,1,0,-1,-1, -1,-1,2021,40.0,1,2,0,2,4,2,0,,4,HARDY  (BOULEVARD),0,,2,2,0,2,0,0,1,, -1,2,0,1,50,14,9,2021,09:30,1,93,93047,2,1,1,4,Boulevard Hardy,48.90643,2.56954,9,3,3
202100030803,146Â 705,A01,1,1,1,5,1,0,-1,-1, -1,-1,2021,29.0,1,2,3,0,1,1,1,,3,RD941 (OUEST),0,,3,4,0,1,38,0,1,, -1,2,0,1,110,29,6,2021,14:11,1,87,87085,1,1,1,6,RD941 (OUEST),45.83485,1.21829,14,1,1
202100004158,194Â 315,A01,1,1,1,4,1,-1,-1,0,0,-1,2021,29.0,1,5,2,0,1,1,1,,3,600,0,D,2,2,0,2,13,558,3,, -1,2,0,3,80,9,12,2021,08:00,2,81,81045,1,1,1,6,Cote de Gasc,44.069392,1.9331,8,2,1
202100015250,174Â 450,A01,1,1,1,0,1,-1,-1,0,0,-1,2021,37.0,1,2,6,0,1,0,1,,3,8,0,D,2,2,0,2,(1),(1),3,, -1,1,0,3,70,5,10,2021,00:53,5,974,97415,1,1,0,6,Fleurimont,-21.034078,55.27756,0,1,1
202100047518,116Â 826,A01,2,2,1,3,1,-1,-1,-1, -1,-1,2021,85.0,1,2,8,2,1,2,1,,3,DEPARTEMENTALE 4096,0,,1,2,0,1,12,1038,1,, -1,1,0,1,50,17,3,2021,17:15,1,4,4112,2,1,0,2,RD 4096,43.83803,5.80518,17,3,2
202100055773,102Â 172,B01,1,1,1,4,1,8,-1,-1, -1,-1,2021,48.0,1,5,0,2,5,2,1,,4,,0,,2,2,0,1,0,0,1,, -1,1,0,1,50,8,1,2021,12:10,1,67,67482,2,1,0,2,Rue de Lausanne,48.5758640464,7.7563975377,12,2,2
202100046711,118Â 280,A01,1,1,1,4,1,0,-1,-1, -1,-1,2021,29.0,2,5,0,2,4,1,1,,1,A507 sens Aubagne- Marseille,0,,1,3,0,1,2,723,1,, -1,1,1,1,70,24,3,2021,07:40,1,13,13055,1,1,0,2,A507 sens Aubagne- Marseille,43.3299,5.4031,7,2,2
202100034514,140Â 034,B01,1,1,1,5,2,4,-1,0,0,-1,2021,47.0,2,1,0,2,4,2,5,,3,88,-1,,2,2,0,1,2,700,1,, -1,1,0,1,80,15,6,2021,06:15,2,45,45049,1,1,0,4,D88-PR 2 + 700,47.856739,2.352256,6,3,3
202100026581,154Â 192,A01,9,2,1,4,0,-1,-1,0,0,-1,2021,48.0,2,2,2,0,1,1,1,,3,268,0,,2,3,0,1,9,500,1,, -1,2,0,3,90,30,7,2021,08:10,1,13,13004,1,1,1,1,D268,43.473594,4.846516,8,4,1
202100009642,184Â 472,B01,1,1,1,0,1,0,-1,-1, -1,-1,2021,39.0,1,1,14,0,2,17,1,,4,CARNOT RUE SADI,0,,1,1,0,2,1,0,1,, -1,1,0,1,30,3,11,2021,10:30,1,93,93006,2,1,0,3,CARNOT RUE SADI,48.87266,2.42168,10,2,2
202100016330,172Â 449,A01,2,2,2,0,2,6,-1,0,0,-1,2021,47.0,2,1,0,0,0,1,1,,3,137,0,,2,2,0,1,12,800,1,, -1,1,0,1,80,29,9,2021,20:30,3,60,60116,1,1,0,7,D137,49.317583,2.378916,20,2,1
202100026719,153Â 956,A01,1,1,1,1,2,-1,-1,0,0,-1,2021,54.0,3,1,0,2,8,19,1,,3,347,0,D,2,1,0,1,42,294,1,, -1,1,0,1,80,29,7,2021,19:35,1,49,49180,1,2,0,3,D347,47.404965,-0.148187,19,5,2
202100055976,101Â 835,A01,1,1,2,0,1,-1,-1,0,0,-1,2021,39.0,2,2,17,0,2,14,1,,3,161,-1,,2,2,0,1,13,300,2,, -1,1,0,3,80,8,1,2021,18:55,3,32,32038,1,1,0,6,D161,43.64026,1.000365,18,1,1
202100043285,124Â 291,A01,1,1,1,5,2,6,-1,0,0,-1,2021,45.0,3,1,0,2,1,1,1,,4,,-1,,2,2,0,1,(1),(1),1,, -1,1,0,1,30,22,4,2021,16:55,1,27,27458,2,3,0,1,Rue de la Salle,49.324188,1.219987,16,2,2
202100031239,145Â 902,A01,1,1,1,1,1,-1,-1,0,0,-1,2021,40.0,2,2,2,0,8,1,1,,3,15,0,D,2,2,0,1,11,100,1,, -1,2,0,1,80,4,7,2021,08:30,1,29,29049,1,1,0,6,Tachen Coadic,48.031257,-3.944671,8,1,1
202100052693,107Â 540,A01,1,1,1,9,2,6,-1,0,0,-1,2021,53.0,1,1,0,2,1,2,1,,4,PONT ALEXANDRE III,0,,2,6,0,1,(1),(1),1,, -1,2,0,1,50,3,2,2021,07:40,5,75,75107,2,2,1,2,PONT ALEXANDRE III,48.862832,2.313442,7,2,2
202100041382,127Â 639,B01,1,1,1,0,1,-1,-1,0,0,-1,2021,23.0,3,2,6,2,3,0,1,,3,2,-1,,2,2,0,2,(1),(1),1,, -1,1,2,1,70,4,5,2021,17:00,1,22,22339,1,9,0,2,D2,48.468653,-2.060119,17,3,2
202100053321,106Â 414,B01,2,2,2,0,1,-1,-1,-1, -1,-1,2021,27.0,1,2,0,2,7,2,1,,4,,0,,1,4,2,1,(1),(1),1,, -1,2,0,1,50,28,1,2021,18:30,5,69,69387,2,2,1,3,GARIBALDI (R),45.7439763988,4.8477649158,18,3,2
202100052283,108Â 253,B01,1,1,1,4,1,-1,-1,0,0,-1,2021,25.0,2,5,0,2,3,14,1,,2,4,0,N,3,2,0,1,36,950,1,, -1,2,0,1,110,8,2,2021,12:30,1,54,54260,1,1,1,3,HÃ©rimÃ©nil RN4,48.569679,6.509356,12,3,2
202100013780,177Â 077,B01,1,1,1,5,2,-1,-1,0,0,-1,2021,16.0,0,1,0,2,1,1,1,,3,54,2,D,2,2,0,1,(1),(1),1,, -1,1,0,1,50,12,10,2021,19:00,2,38,38348,2,1,0,1,116 Avenue de la Vieille Borne,45.588422,5.311309,19,2,2
202100027189,153Â 118,A01,2,2,2,5,1,0,-1,-1, -1,-1,2021,20.0,1,2,0,2,1,2,1,,2,ROUTE NATIONALE NÂ° 1,0,,1,2,0,1,(1),(1),1,, -1,1,0,1,110,24,7,2021,12:30,1,974,97407,1,1,0,2,ROUTE NATIONALE NÂ° 1,-20.9538,55.31465,12,7,2
202100008491,186Â 553,A01,10,3,1,0,0,-1,-1,1,3,1,2021,51.0,3,2,0,1,3,1,1,,4,CHAMP DE MARS   AVENUE DU,0,,1,2,0,1,(1),(1),1,, -1,1,0,1,30,9,11,2021,20:16,5,17,17300,2,1,0,6,CHAMP DE MARS   AVENUE DU,46.16933,-1.14775,20,2,1
202100003732,195Â 079,B01,1,1,2,4,8,0,-1,0,0,-1,2021,36.0,1,1,0,2,6,19,5,,4,RUE DE MONCEAU,0,,1,1,2,1,(1),(1),1,, -1,2,0,1,30,10,12,2021,12:00,1,75,75108,2,3,0,3,RUE DE MONCEAU,48.876708,2.308607,12,2,2
202100051706,109Â 269,B01,1,1,2,9,2,0,-1,0,0,-1,2021,39.0,1,1,0,2,1,1,5,,4,BOULEVARD DE LA VILLETTE,0,,1,0,1,1,(1),(1),2,, -1,1,-1,5,50,12,2,2021,12:56,1,75,75119,2,2,0,2,BOULEVARD DE LA VILLETTE,48.884052,2.368846,12,2,2
202100051680,109Â 318,A01,1,1,2,0,1,-1,-1,-1, -1,-1,2021,44.0,1,2,0,2,8,1,2,,4,AVE SADI CARNOT,0,,2,2,0,1,(1),(1),1,, -1,2,0,1,50,11,2,2021,19:50,5,33,33069,2,2,0,3,Avenue Sadi Carnot,44.86386,-0.59035,19,4,2
202100019309,167Â 114,D01,2,2,2,0,8,0,-1,-1, -1,-1,2021,27.0,1,2,0,2,4,1,0,,1,AUTOROUTE A1,0,,3,8,0,1,2,0,1,, -1,1,0,1,90,12,9,2021,03:15,5,93,93066,1,1,0,4,AUTOROUTE A1,48.92057,2.35738,3,7,4
202100049016,114Â 145,A01,1,1,1,5,0,-1,-1,0,0,-1,2021,18.0,0,2,2,0,3,1,1,,4,,-1,,2,2,0,4,(1),(1),1,, -1,1,0,3,-1,7,3,2021,03:25,3,85,85217,1,1,0,6,La LiniÃ¨re,46.949621,-1.280293,3,4,1
202100041636,127Â 179,B01,1,1,1,0,1,0,-1,-1, -1,-1,2021,35.0,2,2,0,2,8,1,1,,4,,0,,2,2,0,1,1,0,1,, -1,1,0,1,50,8,2,2021,18:00,5,92,92025,2,2,0,3,E.VAILLANT > 2 A112   1 A 87 (RUE),48.9167005523,2.2378018498,18,2,2
202100030532,147Â 187,C01,1,1,2,5,1,0,-1,-1, -1,-1,2021,23.0,2,2,0,2,4,1,1,,2,RN520,0,,2,2,0,1,1,82,1,, -1,2,0,1,70,3,7,2021,12:35,1,87,87085,1,1,0,4,RN520,45.89087,1.27847,12,7,5
202100003504,195Â 484,A01,1,1,1,0,1,0,-1,-1, -1,-1,2021,30.0,1,2,0,2,1,2,1,,1,AUTOROUTE A86,0,,3,3,0,1,12,0,1,, -1,1,0,1,90,11,12,2021,10:15,1,93,93039,1,1,0,2,AUTOROUTE A86,48.926742,2.336321,10,2,2
202100044962,121Â 365,A01,1,1,1,5,1,0,-1,-1, -1,-1,2021,59.0,1,2,0,2,3,15,1,,4,FERNAND PAURIOL (RUE),0,,2,2,0,1,(1),(1),1,, -1,1,0,1,50,6,4,2021,22:20,5,13,13205,2,2,0,3,BAILLE (BOULEVARD),43.287964,5.391452,22,2,2
202100034262,140Â 498,A01,1,1,2,4,2,6,-1,-1, -1,-1,2021,18.0,1,1,0,2,1,26,1,,3,MENDES FRANCE (CONTRE ALLEE),0,,1,1,0,1,(1),(1),1,, -1,1,0,1,50,14,6,2021,20:00,1,50,50129,2,3,0,3,MENDES FRANCE (CONTRE ALLEE),49.6346,-1.62709,20,2,2
202100054020,105Â 183,B01,1,1,1,0,1,0,-1,-1, -1,-1,2021,45.0,1,2,0,2,4,2,1,,1,AUTOROUTE A3,0,,3,11,0,1,2,0,1,, -1,2,0,1,90,23,1,2021,11:15,1,93,93048,1,1,1,2,AUTOROUTE A3,48.87313,2.4359,11,2,2
202100033905,141Â 156,B01,1,1,1,1,2,8,-1,-1, -1,-1,2021,38.0,1,1,0,2,4,23,1,,3,986,0,,1,1,0,1,0,0,2,, -1,1,0,1,50,16,6,2021,07:30,1,92,92050,2,3,0,2,RENAN ERNEST RUE,48.89275,2.18733,7,2,2
202100033748,141Â 446,A01,1,1,2,5,2,-1,-1,0,0,-1,2021,26.0,1,1,8,0,0,0,1,,3,518,-1,,2,2,0,1,24,740,1,, -1,1,0,3,-1,19,6,2021,17:40,1,26,26290,1,1,0,6,Les Berts,44.911511,5.426899,17,1,1