Num_Acc,id_vehicule,num_veh,place,catu,sexe,trajet,secu1,secu2,secu3,locp,actp,etatp,year_acc,victim_age,senc,catv,obs,obsm,choc,manv,motor,occutc,catr,voie,v1,v2,circ,nbv,vosp,prof,pr,pr1,plan,lartpc,larrout,surf,infra,situ,vma,jour,mois,an,hrmn,lum,dep,com,agg_,int,atm,col,adr,lat,long,hour,nb_victim,nb_vehicules
202100011992,180Â 279,A01,1,1,1,4,2,8,-1,-1, -1,-1,2021,25.0,2,1,0,2,7,1,1,,4,LIBERATION (AV DE LA) NÂ° IMP 147 ET+,0,,2,2,1,1,0,0,1,, -1,1,0,1,50,19,10,2021,21:49,5,72,72181,2,3,0,3,LIBERATION (AV DE LA) NÂ° IMP 147 ET+,48.0059888891,0.1889437436,21,2,2
202100015164,174Â 606,A01,1,1,1,0,2,6,-1,0,0,-1,2021,42.0,2,1,0,0,6,23,1,,3,27,-1,,3,2,0,1,9,50,3,, -1,2,0,3,80,6,10,2021,06:35,3,72,72112,1,1,0,2,DÃ©partementale 27 PK 9,48.244004,0.25733,6,2,2
202100048533,115Â 003,A01,1,1,1,4,8,0,-1,-1, -1,-1,2021,26.0,3,1,0,2,1,2,5,,4,MONTAURY (ROND POINT DU PARC),0,,2,2,0,1,0,0,2,, -1,1,0,1,50,8,3,2021,18:05,1,64,64024,2,6,0,2,MONTAURY (ROND POINT DU PARC),43.48037,-1.50912,18,2,2
202100040371,129Â 444,A01,10,3,1,5,8,8,-1,3,3,1,2021,70.0,2,1,0,1,1,1,5,,4,RUE D AMSTERDAM,0,,2,2,1,2,(1),(1),1,, -1,1,0,5,50,11,5,2021,17:40,1,75,75109,2,3,0,6,RUE D AMSTERDAM,48.881267,2.327084,17,2,1
202100033736,141Â 465,A01,1,1,1,9,0,-1,-1,0,0,-1,2021,18.0,3,1,0,2,1,26,3,,6,,-1,,-1,-1,0,1,(1),(1),1,,4,1,0,1,20,16,6,2021,12:42,1,45,45297,2,1,0,3,"parking SUPER U, rue de savoie",47.7807336326,2.3755374849,12,2,2
202100019210,167Â 291,B01,1,1,2,5,1,0,-1,0,0,-1,2021,44.0,2,2,0,2,4,2,1,,4,QUAI DES TUILERIES,0,,1,5,0,1,(1),(1),1,, -1,1,0,1,30,13,9,2021,17:45,1,75,75101,2,3,0,2,QUAI AIME CESAIRE,48.860925,2.330066,17,3,2
202100055804,102Â 118,A01,1,1,1,0,1,0,-1,-1, -1,-1,2021,60.0,1,2,4,0,9,1,1,,1,VA007331 A620,0,,4,3,0,1,11,244,1,, -1,1,0,1,90,7,1,2021,15:25,1,31,31555,2,1,0,6,VA007331 A620,43.56913,1.42153,15,1,1
202100042101,126Â 375,B01,1,1,1,5,8,-1,-1,0,0,-1,2021,56.0,1,2,0,0,3,1,1,,3,73,-1,,2,2,0,2,6,575,1,, -1,1,0,1,90,30,4,2021,15:35,1,72,72028,1,1,0,1,D73,47.7666617617,0.4033756254,15,2,2
202100025859,155Â 463,A01,10,3,2,2,0,-1,-1,3,3,1,2021,14.0,2,2,0,1,3,0,1,,7,269,0,A,1,2,1,1,5,400,3,, -1,1,0,5,50,29,3,2021,09:00,1,38,38158,2,6,1,6,Rue Francois Quesnay,45.14844,5.73556,9,2,1
202100046325,118Â 968,A01,1,1,2,0,1,0,-1,-1, -1,-1,2021,42.0,2,2,0,0,0,1,1,,1,A13,0,,3,4,0,1,3,299,2,, -1,1,2,1,70,28,3,2021,09:00,1,92,92064,1,1,0,7,A13,48.8397194355,2.219539694,9,1,1
202100017709,169Â 967,A01,1,1,1,1,8,-1,-1,0,0,-1,2021,42.0,1,2,2,0,1,1,1,,3,206,-1,,2,2,0,1,2,540,1,, -1,1,0,3,80,22,9,2021,12:40,1,62,62905,1,1,0,6,D206,50.756075,2.184048,12,1,1
202100037253,135Â 090,B01,1,1,1,0,8,0,-1,-1, -1,-1,2021,61.0,3,1,0,2,1,1,1,,4,SUISSE (BD DE) DU 7AU 162,0,,2,3,1,1,(1),(1),1,, -1,1,0,1,50,4,5,2021,08:00,1,31,31555,2,1,0,3,SUISSE (BD DE) DU 7AU 162,43.615959,1.42149,8,2,2
202100000777,200Â 326,A01,1,1,2,5,1,0,-1,0,0,-1,2021,41.0,1,2,0,2,6,23,1,,4,PORTE DOREE,0,,1,4,0,1,33,700,1,, -1,2,0,1,70,30,12,2021,02:50,5,75,75112,2,1,1,2,PORTE DOREE,48.832615,2.4059,2,3,2
202100018227,169Â 025,B01,2,2,2,5,1,-1,-1,0,0,-1,2021,66.0,1,2,8,2,2,1,1,,3,920,0,D,2,2,0,1,16,132,2,, -1,1,0,1,90,18,9,2021,10:10,1,12,12079,1,4,1,1,le claux,44.547562,2.711349,10,3,2
202100017673,170Â 031,B01,1,1,1,1,2,0,-1,0,0,-1,2021,32.0,1,1,0,2,8,1,5,,4,PORTE DE PANTIN,0,,2,5,1,1,(1),(1),1,, -1,1,0,5,30,21,9,2021,09:21,1,75,75119,2,2,0,3,AVENUE DE LA PORTE DE PANTIN,48.8898824096,2.3966277761,9,2,2
202100054967,103Â 560,A01,10,3,1,5,0,-1,-1,1,3,1,2021,71.0,3,2,0,1,3,0,1,,4,,-1,,2,2,0,2,(1),(1),1,, -1,2,0,1,50,15,1,2021,17:45,5,43,43152,2,1,0,6,Tressac,45.0697467965,3.8655450845,17,2,1
202100036227,136Â 932,A01,10,3,1,0,0,-1,-1,1,4,2,2021,4.0,0,2,0,1,1,1,1,,6,ARTOIS (ALLEE D'),0,,-1,-1,0,1,0,0,1,, -1,1,0,1,30,5,6,2021,19:30,1,91,91687,2,1,0,6,ARTOIS (ALLEE D'),48.66923,2.35951,19,2,1
202100042528,125Â 606,B01,1,1,1,5,0,-1,-1,0,0,-1,2021,17.0,3,1,0,2,1,19,5,,4,,-1,,3,-1,-1,1,(1),(1),1,, -1,1,0,1,-1,24,4,2021,19:00,1,49,49180,2,2,0,3,Place du Champ de Foire,47.375729,-0.110783,19,2,2
202100048898,114Â 354,A01,1,1,2,3,1,5,-1,0,0,-1,2021,37.0,1,2,0,2,8,15,1,,7,826,-1,,2,2,3,1,5,154,2,, -1,1,5,6,50,5,3,2021,16:27,1,31,31044,2,6,0,3,Rond-point Nollet,43.590677,1.511214,16,2,2
202100045750,119Â 974,A01,1,1,1,0,2,8,-1,-1, -1,-1,2021,38.0,1,1,0,2,1,1,1,,4,MAIGNON (ROUTE DE),0,,3,2,0,1,0,0,1,, -1,1,0,1,30,29,3,2021,14:55,1,64,64024,2,1,0,2,MAIGNON (ROUTE DE),43.47937,-1.50645,14,2,2
202100022370,161Â 663,A01,10,3,1,0,0,-1,-1,6,2,1,2021,58.0,2,1,0,1,1,1,1,,2,RN3,0,N,2,2,0,1,5,600,2,, -1,1,0,3,70,28,8,2021,17:10,1,976,97607,1,1,0,6,RN3- TSARARANO,-12.868398,45.202225,17,2,1
202100023042,160Â 434,B01,1,1,1,3,8,0,-1,-1, -1,-1,2021,64.0,3,1,0,2,1,2,5,,4,VERDUN (AVENUE DE),0,,3,1,0,1,0,1,1,, -1,1,0,8,50,15,7,2021,17:55,1,74,74012,2,1,0,6,VERDUN (AVENUE DE),46.19416,6.2454,17,2,2
202100004977,192Â 893,A01,1,1,1,5,1,-1,-1,0,0,-1,2021,65.0,1,2,4,0,1,1,1,,1,A13,-1,,3,3,0,1,143,100,1,, -1,2,0,1,130,3,12,2021,14:25,1,27,27227,1,1,1,6,A 13 - PK 143.100,49.37406,0.652109,14,1,1
202100027301,152Â 930,A01,1,1,2,3,1,-1,-1,0,0,-1,2021,79.0,2,2,6,0,2,14,1,,3,15,0,D,2,2,0,1,17,100,1,, -1,2,0,3,80,24,7,2021,14:49,1,9,9108,1,1,1,6,D15,43.032604,1.32926,14,1,1
202100010241,183Â 404,B01,3,2,2,0,1,0,-1,-1, -1,-1,2021,51.0,2,2,0,2,1,0,1,,1,A7-Sens Marseille vers Lyon,0,,1,3,0,1,265,0,1,, -1,1,0,1,90,29,10,2021,18:30,1,13,13071,1,1,0,2,A7-Sens Marseille vers Lyon,43.41254,5.281375,18,6,3
202100046541,118Â 591,A01,1,1,1,5,8,0,-1,-1, -1,-1,2021,14.0,0,1,0,2,3,25,5,,4,MAURIAC (RUE),0,,-1,0,0,1,(1),(1),1,, -1,1,0,4,50,26,3,2021,14:50,1,13,13210,2,1,0,3,MAURIAC (RUE),43.2732303377,5.4202821621,14,2,2
202100041304,127Â 779,A01,10,3,2,0,0,0,0,4,3,1,2021,75.0,1,3,0,1,2,21,1,1.0,4,FLIREY (AV. DE),0,,2,3,0,2,(1),(1),3,, -1,1,0,1,50,4,5,2021,16:30,1,6,6088,2,1,0,6,FLIREY (AV. DE),43.721793,7.275183,16,2,1
202100036218,136Â 951,A01,2,2,1,0,1,-1,-1,-1, -1,-1,2021,35.0,1,2,0,2,8,1,1,,4,DUGUESCLIN  (R),0,,1,1,0,1,(1),(1),1,, -1,1,0,1,30,5,6,2021,15:20,1,69,69386,2,2,0,3,DUGUESCLIN (R),45.76979,4.84713,15,4,2
202100051499,109Â 649,B01,1,1,2,1,1,0,-1,-1, -1,-1,2021,23.0,2,2,3,0,0,0,1,,1,Autoroute A30,0,,3,4,0,1,22,750,1,, -1,7,0,1,110,9,2,2021,07:10,3,57,57096,1,1,0,5,Autoroute A30,49.3924875,5.9551383,7,7,6
202100011705,180Â 812,B01,1,1,1,5,2,6,-1,0,0,-1,2021,46.0,2,1,0,2,1,1,5,,3,3,-1,,2,2,0,2,19,805,4,, -1,1,0,1,50,23,10,2021,09:15,1,6,6038,1,1,0,3,Route de Gourdon,43.683511,6.973223,9,2,2
202100051827,109Â 066,A01,1,1,1,1,2,6,-1,-1, -1,-1,2021,27.0,1,1,1,0,2,1,1,,3,GENERAL DE GAULLE (AV DU),0,,2,4,0,1,1,0,1,, -1,2,0,1,50,11,2,2021,12:15,1,94,94046,2,1,0,2,Avenue du GÃ©nÃ©ral de Gaulle,48.80814,2.4246,12,2,2
202100044896,121Â 470,A01,1,1,1,5,2,-1,-1,0,0,-1,2021,22.0,3,1,0,2,1,1,1,,9,1,0,,2,2,0,2,0,0,1,, -1,1,0,1,50,7,4,2021,09:40,1,978,97801,2,1,0,1,R JEAN-LUC HAMLET,18.066061,-63.073947,9,3,2
202100015755,173Â 507,B01,1,1,1,9,2,0,-1,-1, -1,-1,2021,26.0,2,1,0,2,1,17,1,,3,LOUIS BLANC (AV),0,,2,2,0,1,0,0,1,, -1,1,0,1,30,1,10,2021,14:20,1,94,94068,2,2,0,3,LOUIS BLANC (AV),48.79208,2.49714,14,2,2
202100009440,184Â 824,A01,10,3,1,0,0,-1,-1,2,B,1,2021,88.0,3,2,0,1,0,15,1,,4,RUE JULES AMILHAU,0,,2,2,0,1,0,0,2,, -1,1,0,1,50,4,11,2021,16:55,1,31,31555,2,1,1,6,RUE JULES AMILHAU,43.58281,1.41672,16,2,1
202100045255,120Â 830,A01,10,3,1,9,0,-1,-1,9,9,2,2021,29.0,3,2,0,1,6,26,1,,4,ABBESSES  (CHEMIN D'ACCES AUX),0,,2,2,0,2,1,0,3,, -1,1,8,1,50,3,4,2021,16:00,1,93,93032,2,9,0,2,ABBESSES  (CHEMIN D'ACCES AUX),48.87702,2.55735,16,3,2
202100043701,123Â 572,A01,1,1,1,5,8,-1,-1,0,0,-1,2021,39.0,3,2,2,0,1,1,1,,4,3,-1,R,2,2,0,1,(1),(1),1,, -1,1,0,3,80,18,4,2021,04:20,3,988,98804,1,1,0,6,Route de NonhouÃ©,-21.529022,165.956585,4,1,1
202100044031,122Â 972,B01,1,1,2,1,1,0,-1,0,0,-1,2021,55.0,1,2,0,2,1,1,1,,4,VIEUX CHATEAU (RUE DU),0,,1,1,0,1,(1),(1),1,, -1,1,0,1,50,14,4,2021,06:55,2,27,27681,2,2,0,3,VIEUX CHATEAU (RUE DU),49.0963,1.47861,6,2,2
202100054858,103Â 747,A01,1,1,1,0,1,8,-1,-1, -1,-1,2021,41.0,2,2,0,2,2,15,1,,3,AMEDEE ABARRE - SALLE D'ASILE (RUE),0,,2,2,0,1,(1),(1),2,, -1,1,0,1,50,14,1,2021,17:00,1,971,97101,1,9,0,3,AMEDEE ABARRE - SALLE D'ASILE (RUE),16.26124,-61.50464,17,4,2
202100050121,112Â 143,B01,1,1,1,5,2,6,9,0,0,-1,2021,29.0,1,1,0,2,1,1,1,,3,624,-1,,2,2,0,3,19,0,1,, -1,1,0,1,80,27,2,2021,17:15,2,11,11430,1,1,1,1,DÃ©partementale 624,43.2880070857,1.9028019903,17,2,2
202100008041,187Â 356,B01,2,2,2,0,2,0,-1,0,0,-1,2021,17.0,1,1,0,2,1,1,1,,4,BAREL (RUE MAX),0,,1,1,0,1,(1),(1),1,, -1,1,0,1,50,13,11,2021,00:00,5,6,6083,2,2,0,3,REPUBLIQUE (RUE DE LA),43.775329,7.501851,0,4,2
202100015758,173Â 502,B01,1,1,1,1,2,0,-1,-1, -1,-1,2021,45.0,2,1,0,2,1,15,5,,3,EMILE ZOLA (R),0,,2,2,0,2,0,0,2,, -1,1,0,1,50,28,9,2021,07:45,1,94,94033,2,2,0,1,EMILE ZOLA (R),48.85731,2.47081,7,2,2
202100015060,174Â 789,A01,10,3,2,5,8,8,-1,8,3,1,2021,63.0,3,2,0,1,3,20,1,,6,La Ville Biais (rue de ),0,,-1,0,0,1,(1),(1),1,, -1,2,0,8,20,1,10,2021,12:30,1,35,35241,2,1,1,6,La Ville Biais (rue de ),48.61477,-2.0571,12,2,1
202100042450,125Â 741,B01,1,1,2,5,1,-1,-1,-1, -1,-1,2021,63.0,1,2,0,2,3,9,1,,4,TOLSTOI    (Cours),0,,1,2,3,1,(1),(1),1,, -1,1,0,6,50,26,4,2021,16:15,1,69,69266,2,5,0,3,TOLSTOI (CR),45.7616857873,4.882047132,16,2,2
202100054605,104Â 177,B01,1,1,2,1,0,-1,-1,0,0,-1,2021,31.0,3,1,0,2,1,19,5,,4,BOULEVARD DIDEROT,0,,1,2,3,1,(1),(1),1,, -1,1,0,1,30,18,1,2021,19:35,5,75,75112,2,3,0,3,BOULEVARD DIDEROT,48.845528,2.371146,19,2,2
202100039456,131Â 082,A01,1,1,1,1,2,-1,-1,-1, -1,-1,2021,22.0,2,1,0,2,1,1,5,,4,DANTON,0,,2,2,0,2,(1),(1),1,, -1,1,0,1,30,18,5,2021,08:45,1,35,35238,2,1,0,2,DANTON,48.1182,-1.65409,8,3,2
202100022262,161Â 847,A01,10,3,1,0,0,-1,-1,4,3,1,2021,76.0,2,2,0,1,2,15,1,,4,CENTRE AERE (RUE DU),0,,1,2,0,1,(1),(1),1,, -1,1,0,1,50,26,8,2021,10:00,1,40,40279,2,1,0,6,CENTRE AERE (RUE DU),43.727899107,-1.062734127,10,2,1
202100020241,165Â 457,A01,1,1,1,0,2,6,-1,-1, -1,-1,2021,17.0,1,1,0,2,1,1,1,,3,LABAT (RUE DU DOCTEUR),0,,2,-1,0,1,0,330,1,, -1,1,0,1,50,7,9,2021,15:40,1,82,82121,2,2,0,3,LABAT (RUE DU DOCTEUR),44.0225825771,1.348347648,15,2,2
202100035456,138Â 336,A01,1,1,1,0,2,8,-1,-1, -1,-1,2021,68.0,2,1,0,2,4,1,1,,2,RN1 ROCADE DE CHAUVEL,0,,1,2,0,2,(1),(1),1,, -1,2,9,1,90,8,6,2021,17:00,1,971,97101,1,3,1,2,RN1 ROCADE DE CHAUVEL,16.23367,-61.52358,17,3,2
202100032765,143Â 208,B01,1,1,2,5,1,-1,-1,0,0,-1,2021,25.0,1,2,0,2,3,13,1,,4,00,0,,2,2,0,2,0,0,1,0,"4,2",1,0,1,80,23,6,2021,12:10,1,16,16276,1,1,0,1,Lieu-Dit Chardavoine,45.424984,-0.208011,12,2,2
202100016600,171Â 961,A01,1,1,1,0,1,-1,-1,0,0,-1,2021,18.0,1,2,0,2,1,13,1,,3,15,-1,,2,2,0,2,14,100,3,, -1,2,0,1,50,27,9,2021,14:30,1,59,59341,2,1,1,3,Rue de CrÃ¨vecoeur,50.099458,3.270246,14,2,2
202100022500,161Â 411,B01,1,1,1,5,2,-1,-1,0,0,-1,2021,16.0,3,1,0,2,1,1,1,,4,,-1,,2,1,0,1,(1),(1),2,,3,1,0,1,50,24,8,2021,17:10,1,30,30308,1,1,0,1,Chemin du Perret,43.980371,4.430988,17,2,2
202100046318,118Â 984,B01,1,1,2,0,1,0,-1,-1, -1,-1,2021,40.0,1,2,0,2,1,2,1,,1,A55-Sens Marseille vers Martigues,0,,1,2,0,1,24,399,1,, -1,1,0,1,110,28,3,2021,16:15,1,13,13026,1,1,0,2,A55-Sens Marseille vers Martigues,43.37393,5.18131,16,2,2
202100000845,200Â 222,A01,10,3,2,5,0,-1,-1,1,3,1,2021,76.0,2,2,0,1,4,4,2,,4,GROLEE                              (R ),0,,1,2,0,1,(1),(1),1,, -1,2,0,1,50,29,12,2021,15:50,1,69,69382,2,1,0,6,GROLEE (R),45.763,4.8366,15,2,1
202100028110,151Â 457,A01,1,1,2,0,1,0,-1,-1, -1,-1,2021,20.0,1,2,1,2,2,26,1,,4,NEGRIER GENERAL (BD) NÂ° PAIRS,0,,2,2,0,1,0,0,1,, -1,1,0,1,50,18,7,2021,11:10,1,72,72181,2,1,0,6,NEGRIER GENERAL (BD) NÂ° PAIRS,48.00974,0.20706,11,3,2
202100021602,163Â 017,A01,1,1,1,0,2,8,-1,-1, -1,-1,2021,19.0,2,1,1,2,1,2,1,,4,BOURRAT BOULEVARD JEAN,0,,-1,2,0,1,(1),(1),1,, -1,1,0,1,50,30,8,2021,18:35,1,66,66136,2,1,0,2,BOURRAT BOULEVARD JEAN,42.7012805455,2.9007750201,18,2,2
202100037322,134Â 960,B01,1,1,1,0,1,0,-1,-1, -1,-1,2021,53.0,2,1,0,2,0,0,5,,3,986,0,,-1,2,0,1,137,0,1,, -1,1,0,1,50,31,5,2021,12:10,1,92,92009,2,1,1,3,AGENT SARRE (AV DE L'),48.9261469679,2.2712546368,12,2,2
202100024630,157Â 631,B01,1,1,2,5,2,0,-1,0,0,-1,2021,19.0,1,1,0,2,8,13,5,,4,RUE DE CLICHY,0,,1,2,3,2,(1),(1),1,, -1,1,0,6,50,10,8,2021,23:15,5,75,75109,2,3,0,3,RUE DE CLICHY,48.878136,2.330116,23,2,2
202100047158,117Â 472,B01,1,1,1,4,8,-1,-1,0,0,-1,2021,40.0,2,4,0,4,7,23,1,,3,2113,0,,2,2,0,1,253,(1),1,, -1,1,4,6,50,22,3,2021,10:00,1,11,11122,2,8,1,3,D2113,43.184793,2.588396,10,2,2
202100038322,133Â 141,A01,10,3,2,2,0,-1,-1,1,3,1,2021,18.0,1,2,0,1,1,1,1,,3,RAVINE VILAINE (CHEMIN DEPARTEMENTAL DE),0,,2,2,0,1,0,600,1,, -1,1,0,1,50,25,5,2021,07:00,1,972,97209,1,1,0,6,RAVINE VILAINE (CHEMIN DEPARTEMENTAL DE),14.6311055419,-61.0598230362,7,2,1
202100025780,155Â 608,A01,1,1,2,4,1,0,-1,-1, -1,-1,2021,28.0,1,2,0,2,4,1,3,,3,BALLANGER (BD ROBERT),0,,3,4,0,1,0,0,1,, -1,1,5,1,50,3,8,2021,15:40,1,93,93078,2,2,0,2,BALLANGER (BD ROBERT),48.95746,2.54496,15,2,2
202100036973,135Â 610,A01,1,1,2,0,8,-1,-1,-1, -1,-1,2021,60.0,2,1,0,0,0,1,3,,3,CAVEE VERTE (RUE DE LA),0,,2,5,2,1,4,800,1,, -1,1,0,1,50,1,6,2021,09:20,1,76,76351,2,5,0,7,Rue de la CavÃ©e Verte,49.50552,0.1149,9,1,1
202100030559,147Â 136,B01,1,1,1,5,0,-1,-1,0,0,-1,2021,44.0,2,1,0,2,2,1,5,,3,,0,,2,2,0,1,(1),(1),3,, -1,1,0,1,50,16,6,2021,17:00,1,54,54342,2,3,0,6,RUE JOFFRE,49.28264,5.89663,17,2,2
202100023078,160Â 365,B01,1,1,2,5,1,0,-1,-1, -1,-1,2021,21.0,1,2,0,2,1,1,1,,4,GUITON   AVENUE JEAN (343-371),0,,2,2,0,1,(1),(1),1,, -1,1,0,1,50,2,8,2021,19:00,1,17,17300,2,1,0,5,GUITON   AVENUE JEAN (343-371),46.16074,-1.18939,19,3,3
202100023939,158Â 842,A01,1,1,2,5,2,6,-1,0,0,-1,2021,60.0,2,1,13,0,2,1,1,,3,906,-1,,2,2,0,4,27,650,2,, -1,1,0,3,-1,16,8,2021,16:25,1,63,63003,1,1,0,7,Cleurettes Nord,45.579167,3.73753,16,1,1
202100002630,197Â 080,A01,10,3,2,2,0,-1,-1,3,3,1,2021,14.0,0,2,0,1,2,1,1,,4,CROIX ROUGE (AVENUE),0,,2,2,0,1,0,0,1,, -1,1,0,1,50,16,12,2021,07:45,1,13,13213,2,1,0,3,CROIX ROUGE (AVENUE),43.3331261614,5.4376428137,7,2,1
202100055117,103Â 292,A01,1,1,1,4,1,-1,-1,0,0,-1,2021,24.0,2,5,0,2,1,17,1,,3,3,-1,,2,2,0,1,3,95,1,, -1,2,2,1,70,15,1,2021,07:55,2,38,38565,1,1,1,5,D3,45.271383,5.622318,7,3,3
202100014986,174Â 918,B01,1,1,1,5,2,6,-1,-1, -1,-1,2021,28.0,1,1,0,2,1,1,1,,4,QUINZIEME CORPS (RUE DU),0,,2,2,0,1,(1),0,1,, -1,1,0,1,50,5,10,2021,21:50,5,83,83069,2,3,0,1,QUINZIEME CORPS (RUE DU),43.12194,6.14086,21,2,2
202100032693,143Â 331,A01,1,1,1,1,2,6,-1,0,0,-1,2021,48.0,1,1,0,2,2,3,1,,4,BOULEVARD PERIPHERIQUE,0,,1,4,0,1,0,400,1,, -1,1,0,1,70,23,6,2021,07:20,1,75,75113,2,1,0,3,BOULEVARD PERIPHERIQUE,48.825357,2.385388,7,2,2
202100010928,182Â 193,A01,1,1,1,1,2,6,-1,0,0,-1,2021,48.0,1,1,0,0,7,12,1,,4,BOULEVARD PERIPHERIQUE,0,,1,3,0,1,4,800,1,, -1,1,0,1,70,26,10,2021,19:11,2,75,75114,2,1,0,7,BOULEVARD PERIPHERIQUE,48.818788,2.331743,19,1,1
202100048795,114Â 550,A01,1,1,1,1,2,0,-1,-1, -1,-1,2021,23.0,3,1,0,2,3,26,1,,4,SAIGNE (RUE),0,,1,1,0,1,1,0,1,, -1,1,0,1,30,7,3,2021,16:30,1,93,93048,2,3,0,3,SOLIDARITE (RUE DE LA),48.8529604417,2.4420647379,16,2,2
202100042471,125Â 704,B01,2,2,1,5,8,0,-1,-1, -1,-1,2021,15.0,3,1,0,2,1,1,1,,4,AVENUE ANDRÃ DONINI,0,,2,2,0,1,(1),(1),1,, -1,2,0,1,50,26,4,2021,15:00,1,38,38151,2,2,1,3,Avenue Andre Donini,45.15002,5.69949,15,3,2
202100043695,123Â 579,A01,1,1,1,5,2,6,9,0,0,-1,2021,47.0,1,1,0,0,8,15,1,,3,104,0,D,2,1,0,2,15,150,2,, -1,1,0,3,80,18,4,2021,10:50,1,30,30341,1,1,0,7,D104,43.627,4.2502,10,1,1
202100040563,129Â 110,A01,10,3,2,0,0,-1,-1,6,B,1,2021,58.0,3,2,0,1,2,1,1,,4,,-1,,3,2,0,1,(1),(1),1,, -1,1,0,3,50,3,5,2021,07:45,1,24,24370,2,1,0,6,Rue du Grand Cordon,44.844353,0.149799,7,2,1
202100008056,187Â 332,Z01,10,3,2,1,8,8,-1,4,3,1,2021,56.0,2,5,0,1,2,16,0,,4,RUE DE BRETAGNE,0,,1,3,0,1,(1),(1),1,, -1,1,0,1,30,12,11,2021,07:45,1,75,75103,2,2,0,6,RUE CHARLOT,48.862866,2.362575,7,2,1
202100023978,158Â 775,B01,1,1,1,5,1,-1,-1,-1, -1,-1,2021,22.0,2,2,0,2,4,2,1,,1,AUTOROUTE A 10,0,,3,6,0,1,537,952,1,, -1,1,0,1,130,16,8,2021,19:00,1,33,33397,1,1,0,5,,44.92211,-0.474558,19,6,3
202100019054,167Â 582,A01,1,1,1,5,1,9,-1,0,0,-1,2021,34.0,1,5,6,0,1,1,1,,4,,-1,,2,2,0,1,(1),(1),1,,4,2,0,4,50,15,9,2021,00:15,3,2,2360,2,1,1,6,10 Rue de Proviseux (Guignicourt),49.437076,3.969461,0,1,1
202100009770,184Â 233,B01,1,1,2,2,1,0,-1,-1, -1,-1,2021,28.0,1,2,0,2,4,2,1,,7,AVENUE EDMOND ESMONIN,0,,3,-1,3,1,1,650,1,, -1,1,0,1,50,2,11,2021,20:00,5,38,38185,2,2,0,2,AVENUE EDMOND ESMONIN,45.15951,5.72437,20,2,2
202100036142,137Â 082,A01,1,1,1,5,2,-1,-1,0,0,-1,2021,70.0,3,1,0,2,4,17,5,,4,1,0,C,2,2,0,2,(1),(1),2,, -1,1,0,1,80,6,6,2021,10:00,1,29,29218,1,1,0,4,Lieu Dit Lesverrien,48.046074,-4.522988,10,3,3
202100035784,137Â 742,B01,1,1,1,1,2,6,-1,-1, -1,-1,2021,36.0,2,1,0,2,3,0,1,,3,989,0,,2,2,1,1,0,0,1,, -1,1,0,1,30,8,6,2021,09:09,1,92,92040,2,9,0,3,VERDUN (AVENUE DE) DU 116 AU 150,48.8180818028,2.2512515449,9,2,2
202100035543,138Â 177,B01,1,1,1,4,2,0,-1,0,0,-1,2021,29.0,0,1,0,2,1,1,5,,4,AVENUE DE LA REPUBLIQUE,0,,2,5,1,1,(1),(1),1,, -1,1,0,5,50,9,6,2021,18:30,1,75,75111,2,4,0,3,AVENUE DE LA REPUBLIQUE,48.86585,2.371575,18,2,2
202100043935,123Â 142,A01,2,1,1,5,2,6,-1,-1, -1,-1,2021,4.0,3,1,13,0,1,26,0,,9,,0,,-1,0,0,2,0,0,1,, -1,6,9,1,20,15,4,2021,11:50,1,92,92064,2,9,0,6,PARC SAINT CLOUD,48.83327,2.19745,11,1,1
202100041165,128Â 020,A01,1,1,1,4,2,6,-1,-1, -1,-1,2021,46.0,2,1,0,2,2,18,1,,4,,0,,1,1,0,1,0,0,1,, -1,2,0,1,50,6,5,2021,09:27,1,92,92044,2,1,1,5,RIVAY(RUE)73A95 ET 62A94,48.8968773161,2.2873489559,9,3,3
202100023672,159Â 307,D01,1,1,1,0,2,6,-1,-1, -1,-1,2021,57.0,1,1,14,2,9,2,1,,2,LANCASTEL (BOULEVARD),0,,2,4,0,1,(1),(1),1,, -1,1,0,1,70,17,8,2021,19:30,2,974,97411,2,1,0,4,LANCASTEL (BOULEVARD),-20.876523,55.455549,19,4,4
202100052054,108Â 672,A01,1,1,1,1,2,6,-1,-1, -1,-1,2021,36.0,2,1,0,2,5,26,1,,3,FOCH (AVENUE),0,,2,2,0,1,0,1,1,, -1,1,5,1,50,9,2,2021,19:00,5,93,93033,2,6,0,3,FOCH (AVENUE),48.86367,2.57543,19,2,2
202100001028,199Â 928,A01,10,3,2,0,0,-1,-1,1,3,1,2021,51.0,1,2,0,1,2,16,1,,4,PL DES PRADETTES,0,,2,2,0,1,(1),(1),3,, -1,2,5,1,30,28,12,2021,18:18,5,31,31555,2,1,1,6,PL DES PRADETTES,43.5817,1.38861,18,2,1
202100007466,188Â 404,A01,1,1,2,0,2,6,-1,-1, -1,-1,2021,21.0,1,1,8,2,0,23,0,,3,69,0,,2,2,0,1,0,0,1,, -1,1,9,4,30,18,11,2021,17:50,5,92,92040,2,1,0,6,GALLIENI (BOULEVARD),48.82821,2.2675,17,1,1
202100042102,126Â 373,A01,1,1,1,5,2,6,-1,0,0,-1,2021,15.0,1,1,0,2,0,1,1,,4,69,-1,,2,2,0,1,0,1,3,, -1,2,0,1,30,29,4,2021,15:35,1,5,5040,2,3,1,3,route du grand logis,44.546243,6.276852,15,2,2