Num_Acc,id_vehicule,num_veh,place,catu,sexe,trajet,secu1,secu2,secu3,locp,actp,etatp,year_acc,victim_age,senc,catv,obs,obsm,choc,manv,motor,occutc,catr,voie,v1,v2,circ,nbv,vosp,prof,pr,pr1,plan,lartpc,larrout,surf,infra,situ,vma,jour,mois,an,hrmn,lum,dep,com,agg_,int,atm,col,adr,lat,long,hour,nb_victim,nb_vehicules
202100043786,123Â 417,A01,1,1,1,5,2,6,-1,0,0,-1,2021,30.0,2,1,0,2,4,2,1,,4,PORTE DE VINCENNES,0,,1,4,0,1,32,400,1,, -1,1,0,1,70,16,4,2021,00:50,5,75,75112,2,1,0,4,PORTE DE VINCENNES,48.84225,2.413863,0,3,3
202100023589,159Â 473,A01,1,1,1,1,1,-1,-1,-1, -1,-1,2021,23.0,2,5,13,0,0,0,0,,2,PORTE DE LORIENT,0,,1,1,0,2,0,130,3,, -1,1,3,3,90,18,8,2021,19:35,1,35,35238,2,9,0,6,PORTE DE LORIENT,48.10685,-1.71766,19,1,1
202100018505,168Â 556,A01,10,3,1,9,0,-1,-1,1,3,2,2021,5.0,2,2,0,1,2,1,1,,4,,0,,1,2,0,2,(1),(1),1,,5,1,0,1,50,18,9,2021,17:10,1,59,59139,2,1,0,6,"49, rue VOLTAIRE",50.129088,3.408889,17,2,1
202100033384,142Â 094,A01,1,1,2,1,8,-1,-1,-1, -1,-1,2021,43.0,1,0,0,2,3,15,3,,4,SARRA (DE LA)                       (R ),0,,2,2,0,1,(1),(1),1,, -1,1,5,1,30,18,6,2021,07:30,1,69,69149,2,2,0,3,SARRA (DE LA) (R),45.7103677795,4.8021654089,7,2,2
202100028117,151Â 444,A01,1,1,1,5,2,6,-1,-1, -1,-1,2021,41.0,1,1,1,0,1,15,1,,4,FONTAINE LABORDE (ALLEE DE),0,,1,1,0,2,0,0,2,, -1,1,0,1,30,19,7,2021,02:40,5,64,64024,2,1,0,7,FONTAINE LABORDE (ALLEE DE),43.5014916581,-1.5311041305,2,1,1
202100027938,151Â 767,B01,1,1,2,1,1,8,-1,-1, -1,-1,2021,37.0,3,2,0,2,1,15,1,,4,REDON (BOULEVARD DU),0,,2,2,0,1,1,0,1,, -1,1,0,1,50,20,7,2021,19:10,1,13,13209,2,9,0,1,REDON (BOULEVARD DU),43.24957,5.42279,19,2,2
202100029953,148Â 262,B01,1,1,1,5,2,6,-1,-1, -1,-1,2021,23.0,1,1,0,2,1,1,1,,4,GENERAL DE GAULLE (RUE DU),0,,2,2,0,1,(1),(1),1,, -1,1,0,1,30,2,7,2021,19:05,1,89,89387,2,2,0,1,GENERAL DE GAULLE (RUE DU),48.19449,3.28351,19,2,2
202100038696,132Â 461,B01,1,1,1,5,1,-1,-1,0,0,-1,2021,36.0,1,2,0,2,3,1,1,,3,32,-1,,2,2,0,1,3,360,1,, -1,1,0,1,80,22,5,2021,19:10,1,37,37211,1,2,0,3,D32,47.2426958818,0.8094693515,19,4,2
202100035350,138Â 520,B01,1,1,1,4,1,0,-1,-1, -1,-1,2021,22.0,1,1,0,2,1,15,0,,3,PERI RUE GABRIEL AUTRES NÂ°,0,,2,3,0,1,0,1,1,, -1,1,5,1,50,9,6,2021,14:10,1,92,92049,2,3,0,1,REPUBLIQUE AVENUE DE LA NÂ°2 A 90,48.8185068839,2.3196333647,14,2,2
202100004144,194Â 337,B01,1,1,1,1,1,-1,-1,0,0,-1,2021,66.0,2,5,0,2,3,1,1,,3,2020,-1,,2,2,0,1,(1),(1),1,, -1,1,5,1,90,8,12,2021,07:52,1,28,28391,1,2,0,3,Carrefour RD 141/RD2020,48.200794,1.934431,7,2,2
202100031458,145Â 516,B01,1,1,1,5,2,-1,-1,0,0,-1,2021,52.0,3,1,0,2,1,9,5,,3,919,0,D,2,2,0,1,(1),(1),1,, -1,1,0,1,50,2,7,2021,10:30,1,62,62878,2,3,0,3,2 Rue de la Bassure,50.27848,2.666878,10,2,2
202100046827,118Â 076,A01,1,1,1,1,2,6,-1,0,0,-1,2021,21.0,2,1,0,0,8,1,1,,3,238,0,,2,2,0,1,2,820,2,, -1,1,0,1,90,24,3,2021,18:15,1,61,61358,1,1,0,7,Route DÃ©partementale 238,48.73759,0.015342,18,1,1
202100026091,155Â 052,A01,1,1,1,5,1,-1,-1,0,0,-1,2021,53.0,1,2,0,0,1,17,1,,3,114,-1,,2,2,0,2,(1),(1),1,, -1,1,0,1,80,1,8,2021,19:17,1,59,59558,1,1,0,7,D114,50.241699,3.460267,19,1,1
202100027025,153Â 408,A01,2,2,2,4,1,-1,-1,0,0,-1,2021,25.0,3,2,8,2,6,21,1,,7,105,0,F,1,1,0,1,0,500,1,, -1,1,5,1,50,27,7,2021,14:32,1,38,38382,2,5,0,3,Avenue de San Marino,45.239982,5.666199,14,3,2
202100017515,170Â 314,A01,10,3,2,5,0,-1,-1,1,5,1,2021,10.0,2,2,0,1,1,26,2,,4,LUCIEN SALLES (AVENUE),0,,2,2,0,1,0,0,1,, -1,1,0,1,50,22,9,2021,19:00,1,93,93051,2,1,0,1,LUCIEN SALLES (AVENUE),48.82362,2.57624,19,2,1
202100004462,193Â 790,A01,1,1,1,0,5,1,-1,0,0,-1,2021,51.0,2,2,11,0,1,1,1,,3,6086,0,D,3,4,0,1,55,33,3,, -1,1,5,1,90,21,11,2021,07:30,1,30,30156,1,6,0,6,Route d Avignon,43.866116,4.444162,7,1,1
202100035425,138Â 395,A01,1,1,1,5,1,0,-1,-1, -1,-1,2021,51.0,2,2,4,0,3,26,1,,1,AUTOROUTE A6A,0,,3,6,0,2,6,800,1,, -1,1,0,1,130,10,6,2021,19:00,1,94,94034,1,1,0,6,AUTOROUTE A6A,48.75859,2.33678,19,1,1
202100003632,195Â 257,B01,1,1,1,0,2,6,-1,0,0,-1,2021,40.0,1,1,0,2,8,1,1,,4,FOCH (AVENUE 18 ET 9 A FIN),0,,1,3,3,1,(1),(1),1,, -1,1,-1,1,50,9,12,2021,07:40,2,54,54395,2,3,0,3,FOCH (AVENUE 18 ET 9 A FIN),48.68698,6.16861,7,2,2
202100012885,178Â 697,A01,10,3,2,3,0,-1,-1,2,3,2,2021,79.0,2,1,0,1,1,0,3,,3,FONTAINEBLEAU (AV DE),0,,1,1,3,1,0,0,1,, -1,1,0,5,30,16,10,2021,12:50,1,94,94043,2,1,0,6,Avenue de Fontainebleau,48.812336,2.361597,12,2,1
202100032470,143Â 734,B01,1,1,1,0,2,6,-1,-1, -1,-1,2021,65.0,2,1,0,2,1,1,1,,4,MICHAEL FARADAY (RUE),0,,2,2,0,1,0,0,1,, -1,1,0,1,50,23,6,2021,17:30,1,67,67365,2,3,0,3,MICHAEL FARADAY (RUE),48.537783,7.695201,17,2,2
202100027734,152Â 140,A01,1,1,1,0,1,0,-1,0,0,-1,2021,46.0,3,2,8,0,1,1,1,,4,ECOLE (RUE DE L'),0,,-1,2,0,1,0,0,1,, -1,1,0,1,50,20,7,2021,22:35,5,47,47031,2,1,0,6,ECOLE (RUE DE L'),44.16565,0.63439,22,1,1
202100010286,183Â 322,A01,1,1,1,0,1,-1,-1,-1, -1,-1,2021,20.0,2,2,0,2,3,19,1,,4,EDMOND ROSTAND                      (R ),0,,2,6,0,2,(1),(1),1,, -1,1,0,1,50,29,10,2021,09:30,1,69,69290,2,2,0,3,EDOUARD HERRIOT (BD),45.69436,4.94116,9,2,2
202100005408,192Â 129,A01,1,1,1,5,1,-1,-1,0,0,-1,2021,19.0,2,2,0,0,3,16,1,,3,44,-1,,2,2,0,1,5,1100,3,, -1,1,0,3,80,11,11,2021,00:43,3,1,1166,1,6,0,6,D44,46.006263,4.767981,0,1,1
202100048458,115Â 143,B01,2,2,2,0,1,0,-1,-1, -1,-1,2021,55.0,1,2,0,2,4,23,1,,3,REPUBLIQUE,0,,-1,2,2,1,57,0,1,, -1,1,0,1,50,11,3,2021,17:50,1,92,92064,2,1,0,2,REPUBLIQUE,48.84514,2.21288,17,3,2
202100023696,159Â 260,A01,1,1,2,5,1,-1,-1,0,0,-1,2021,19.0,2,2,1,0,2,14,1,,4,MAI (RUE DU 8),0,,2,2,0,1,(1),(1),1,, -1,1,0,1,50,17,8,2021,12:30,1,65,65417,2,1,0,6,MAI (RUE DU 8),43.223787,0.10613,12,1,1
202100026370,154Â 558,B01,1,1,1,5,2,6,-1,0,0,-1,2021,58.0,1,1,0,2,1,1,1,,3,973,-1,,2,3,0,2,59,160,1,,3,1,5,1,70,31,7,2021,12:10,1,71,71530,2,3,0,3,Rue du Lavoir,46.9829831828,4.429259385,12,2,2
202100042512,125Â 631,B01,1,1,2,0,1,0,-1,-1, -1,-1,2021,20.0,2,2,0,2,7,1,1,,4,CHAPIT RE ( RUE DU),0,,1,1,0,1,0,0,1,, -1,1,0,1,50,25,4,2021,03:52,5,93,93005,2,2,0,3,Rue Diderot,48.9218647871,2.4813437462,3,2,2
202100008498,186Â 543,A01,10,3,1,5,0,-1,-1,3,3,1,2021,21.0,3,2,0,1,1,9,1,,4,PLACE DE LA PORTE DE MONTREUIL,0,,4,4,1,1,(1),(1),3,, -1,1,0,1,30,11,11,2021,12:00,1,75,75120,2,7,1,6,PLACE DE LA PORTE DE MONTREUIL,48.853527,2.413588,12,2,1
202100027895,151Â 851,A01,1,1,2,2,1,8,-1,-1, -1,-1,2021,23.0,0,2,0,2,1,13,1,,4,ROCADE 12,0,,2,2,0,1,(1),(1),1,, -1,1,0,1,50,8,7,2021,08:30,1,78,78621,1,1,0,5,ROCADE 12,48.79295,1.98459,8,3,3
202100005559,191Â 861,B01,2,2,2,0,8,0,-1,-1, -1,-1,2021,47.0,3,2,0,2,1,1,1,,4,MEDERIC (RUE),0,,1,1,0,2,1,0,1,, -1,1,0,1,50,30,11,2021,14:12,1,93,93049,2,2,0,3,MEDERIC (RUE),48.868001832,2.5033396425,14,3,2
202100019922,166Â 021,A01,2,2,2,0,8,0,-1,-1, -1,-1,2021,21.0,3,2,0,2,7,1,1,,4,DANIELLE CASANOVA (RUE),0,,1,1,0,1,1,0,1,, -1,1,0,1,50,8,9,2021,22:30,5,93,93049,2,2,0,3,Avenue Danielle Casanova / Rue Pasteur,48.85831,2.50204,22,3,2
202100013539,177Â 524,A01,10,3,2,5,0,-1,-1,4,3,1,2021,81.0,2,2,0,1,1,15,2,,4,SAINT MARTIN (DE 1 A 3 ET 2 A 4),0,,2,2,0,1,(1),(1),1,, -1,1,5,1,50,13,10,2021,15:50,1,29,29019,2,2,0,6,Rue Saint-Martin,48.394619,-4.479254,15,2,1
202100005331,192Â 261,A01,1,1,1,1,2,8,-1,-1, -1,-1,2021,24.0,2,1,4,0,1,13,1,,3,POULGUINAN BOULEVARD DE,0,,3,4,0,1,(1),(1),3,, -1,2,0,1,70,29,11,2021,19:04,3,29,29232,2,1,0,7,Boulevard de Poulguinan,47.98344,-4.11861,19,1,1
202100024457,157Â 959,B01,1,1,1,5,0,-1,-1,0,0,-1,2021,17.0,0,1,0,0,1,0,3,,3,392,0,D,2,2,0,1,(1),(1),1,, -1,1,0,4,50,12,8,2021,15:10,1,67,67101,2,1,0,3,84 Grand Rue,48.524403,7.491667,15,2,2
202100033720,141Â 489,B01,1,1,2,5,1,-1,-1,0,0,-1,2021,27.0,1,2,0,2,4,23,1,,3,13,-1,,2,2,0,1,4,800,1,, -1,1,0,1,80,18,6,2021,17:17,1,45,45193,1,1,1,4,La Chevrie,47.807988,2.059293,17,3,3
202100014407,175Â 946,B01,1,1,1,5,8,0,-1,0,0,-1,2021,73.0,2,1,0,2,1,1,5,,4,AVENUE FELIX FAURE,0,,2,2,0,1,(1),(1),1,, -1,1,0,1,30,7,10,2021,19:30,5,75,75115,2,1,0,3,AVENUE FELIX FAURE,48.839053,2.282826,19,2,2
202100005181,192Â 520,A01,1,1,2,2,1,-1,-1,0,0,-1,2021,38.0,2,2,0,2,3,13,1,,3,233,0,,2,2,0,1,(1),(1),1,, -1,2,0,1,80,30,11,2021,16:55,2,80,80212,1,1,1,1,D233,49.918473,2.522017,16,4,3
202100032649,143Â 409,B01,1,1,1,9,1,-1,-1,0,0,-1,2021,51.0,0,2,0,2,3,1,1,,4,BEAUVILLE CENTRE (BOULEVARD),0,,2,2,0,1,(1),(1),1,, -1,1,0,1,50,20,6,2021,12:07,1,80,80021,2,1,0,3,BEAUVILLE CENTRE (BOULEVARD),49.89855,2.31212,12,3,2
202100030097,147Â 981,B01,1,1,1,1,1,-1,-1,0,0,-1,2021,40.0,1,2,0,2,3,0,1,,1,A26,0,,3,4,0,1,260,100,1,, -1,1,2,1,130,8,7,2021,19:25,1,51,51118,1,1,0,4,A26,49.270269,3.960614,19,3,3
202100004824,193Â 160,A01,2,2,1,5,2,6,-1,-1, -1,-1,2021,16.0,2,1,0,2,1,1,1,,2,PARIS (R DE),0,,3,4,0,1,1,0,1,, -1,2,0,1,50,4,12,2021,10:30,1,94,94078,2,5,1,3,Rue de Paris,48.735582,2.446676,10,4,2
202100001088,199Â 820,A01,1,1,1,1,1,0,-1,-1, -1,-1,2021,26.0,1,2,0,2,1,1,1,,3,BOULEVARD DE LA DEFENSE,0,,1,3,0,2,0,0,1,, -1,2,0,1,50,27,12,2021,09:10,1,92,92050,2,3,1,2,BOULEVARD DE LA DEFENSE,48.8986138113,2.221185565,9,2,2
202100039165,131Â 618,B01,2,1,1,9,8,0,-1,-1, -1,-1,2021,18.0,1,1,0,2,8,1,6,,3,72,0,,2,2,0,1,0,1,1,, -1,2,0,1,50,19,5,2021,15:06,1,92,92020,2,1,1,3,VANVES BOULEVARD DE NÂ° PAIRS,48.80993,2.28259,15,2,2
202100002805,196Â 755,A01,10,3,1,2,0,-1,-1,2,3,1,2021,11.0,2,2,0,1,1,2,1,,3,PAUL DOUMER (AV),0,,-1,2,0,2,1,0,1,, -1,1,0,1,30,15,12,2021,08:00,5,94,94003,2,1,0,6,Avenue Paul Doumer,48.80638,2.33733,8,3,1
202100013687,177Â 237,A01,1,1,1,9,2,6,-1,0,0,-1,2021,27.0,1,1,0,2,1,17,1,,4,AVENUE DES TERNES,0,,3,2,0,2,(1),(1),1,, -1,1,0,1,30,12,10,2021,18:15,1,75,75117,2,5,0,3,AVENUE DES TERNES,48.880347,2.286768,18,2,2
202100029359,149Â 292,A01,1,1,2,5,1,-1,-1,0,0,-1,2021,20.0,2,2,13,0,9,14,1,,1,75,-1,,3,4,0,1,225,160,1,, -1,2,0,2,130,13,7,2021,02:28,3,12,12084,1,1,1,6,Autoroute A75 ,44.0520301098,3.0474181473,2,2,1
202100039722,130Â 579,A01,1,1,1,1,2,0,-1,0,0,-1,2021,46.0,0,1,0,0,0,1,3,,4,RUE BEAUBOURG,0,,1,2,0,1,(1),(1),1,, -1,2,0,1,50,16,5,2021,13:25,1,75,75103,2,2,1,7,RUE BEAUBOURG,48.86428,2.355169,13,1,1
202100050596,111Â 248,A01,1,1,1,1,1,5,-1,-1, -1,-1,2021,35.0,2,2,0,2,3,1,1,,2,HUIT MAI 1945 (AV DU),0,,3,2,0,1,1,0,1,, -1,1,2,1,50,22,2,2021,10:33,1,94,94078,2,1,0,3,HUIT MAI 1945 (AV DU),48.726951,2.445114,10,2,2
202100054463,104Â 410,A01,1,1,1,4,2,6,-1,-1, -1,-1,2021,19.0,3,1,0,2,7,1,1,,4,ESPAGNE (AVENUE D'),0,,1,1,0,1,0,0,1,, -1,1,0,1,70,15,1,2021,18:55,5,11,11262,2,1,1,7,ESPAGNE (AVENUE D'),43.1668207315,2.9872405529,18,1,1
202100034229,140Â 562,A01,1,1,1,0,8,-1,-1,0,0,-1,2021,30.0,0,1,0,0,0,1,1,,4,GENERAL DE GAULLE (AVENUE DE ),0,,2,0,0,1,(1),(1),2,, -1,1,0,1,50,14,6,2021,03:00,5,80,80021,2,1,0,7,GENERAL DE GAULLE (AVENUE DE ),49.9048484603,2.3013353348,3,2,1
202100043837,123Â 322,B01,2,2,2,0,1,-1,-1,0,0,-1,2021,85.0,2,2,0,2,1,1,1,,2,2002,0,N,2,2,2,1,23,500,4,, -1,2,9,1,70,17,4,2021,09:35,1,974,97420,1,1,0,3,route nationale 2002,-20.924405,55.627041,9,5,2
202100020394,165Â 183,B01,1,1,1,5,1,-1,-1,0,0,-1,2021,57.0,0,2,0,2,1,1,1,,3,999,0,E,2,2,0,2,(1),(1),1,, -1,1,0,1,80,7,9,2021,11:35,1,50,50639,1,1,0,4,Rue Flandres Dunkerque,48.847773,-1.213549,11,3,3
202100011918,180Â 424,A01,1,1,2,4,1,-1,-1,0,0,-1,2021,21.0,1,4,2,0,3,1,1,,3,579,0,,2,2,0,1,8,500,2,, -1,1,0,3,90,22,10,2021,11:15,1,14,14578,1,1,0,6,D579,49.3499,0.19564,11,1,1
202100008253,186Â 960,B01,1,1,1,4,2,6,-1,0,0,-1,2021,33.0,2,1,0,2,7,17,1,,4,QUAI D ORSAY,0,,2,4,1,1,(1),(1),1,, -1,1,0,1,30,12,11,2021,15:26,1,75,75107,2,3,0,3,QUAI D ORSAY,48.8629032145,2.3152506351,15,3,2
202100013148,178Â 246,A01,10,3,1,1,8,8,-1,3,3,1,2021,25.0,2,2,15,1,1,6,0,,4,986,0,,3,4,3,1,0,0,1,, -1,1,6,8,50,15,10,2021,08:25,1,92,92025,2,1,0,6,GABRIEL PERI (RUE),48.9182,2.238866,8,2,1
202100016962,171Â 305,A01,1,1,1,2,8,0,-1,0,0,-1,2021,11.0,3,1,0,2,8,26,5,,4,MONOD (Rue Gustave),0,,2,1,0,1,(1),(1),1,, -1,1,0,1,50,23,9,2021,14:38,1,26,26198,2,3,0,3,52 Rue Gustave Monod,44.545504,4.740669,14,2,2
202100018782,168Â 068,A01,10,3,1,0,0,-1,-1,1,3,1,2021,41.0,2,2,0,1,1,2,1,,4,MENDES FRANCE (AVENUE),0,,2,6,0,1,0,0,1,, -1,1,0,1,50,15,9,2021,20:00,2,13,13208,2,1,0,7,MENDES FRANCE (AVENUE),43.26093,5.37514,20,2,1
202100024724,157Â 451,B01,1,1,1,0,8,0,-1,-1, -1,-1,2021,30.0,1,1,0,2,1,1,3,,4,PIFFAULT PIERRE (AV) BESSEMER A MONNIER,0,,2,2,0,1,0,0,1,, -1,1,0,1,50,10,8,2021,13:55,1,72,72181,2,9,0,3,PIFFAULT PIERRE (AV) BESSEMER A MONNIER,47.97859,0.17,13,2,2
202100049355,113Â 539,A01,1,1,1,1,1,0,-1,-1, -1,-1,2021,39.0,2,5,0,9,1,14,1,,1,AUTOROUTE A1,0,,1,2,0,1,6,900,1,, -1,1,0,1,90,3,3,2021,03:40,5,972,97213,2,1,0,6,AUTOROUTE A1,14.5995037367,-60.999898911,3,1,1
202100035788,137Â 733,B01,1,1,1,1,2,6,-1,-1, -1,-1,2021,50.0,1,1,0,2,2,1,1,,4,,0,,4,1,0,1,0,0,1,, -1,1,0,1,50,8,6,2021,08:15,1,92,92002,2,1,0,3,BACONNETS (RUE DES),48.7406425016,2.2977287516,8,2,2
202100002532,197Â 254,A01,2,2,1,5,1,-1,-1,0,0,-1,2021,18.0,1,2,6,0,2,1,1,,3,620,-1,,2,2,0,2,34,300,1,, -1,1,0,3,80,19,12,2021,05:15,3,11,11429,1,1,0,3,CD620,43.243972,2.384677,5,2,1
202100040564,129Â 108,A01,2,2,2,5,1,-1,-1,0,0,-1,2021,49.0,1,2,0,2,1,13,1,,1,709,-1,A,2,5,0,1,1,0,1,, -1,4,7,1,70,10,5,2021,13:00,1,34,34022,1,1,1,2,A709,43.670253,4.010851,13,3,2
202100021606,163Â 011,B01,1,1,1,1,2,6,-1,-1, -1,-1,2021,23.0,1,1,0,2,1,2,1,,4,SAINT EXUPERY (AVENUE. 220 A ...),0,,2,0,0,1,(1),(1),1,, -1,1,0,1,50,30,8,2021,07:50,1,62,62193,2,3,0,3,SAINT EXUPERY (AVENUE. 220 A ...),50.946393,1.897767,7,2,2
202100047146,117Â 495,B01,1,1,1,4,2,8,-1,-1, -1,-1,2021,30.0,1,1,0,2,4,1,1,,3,DORMOY AVENUE MARX NÂ°2 A 100,0,,2,4,0,1,0,1,1,, -1,1,0,1,50,21,3,2021,20:00,5,92,92049,2,1,0,2,DORMOY AVENUE MARX NÂ°2 A 100,48.8099853454,2.3199874163,20,2,2
202100015063,174Â 782,A01,10,3,1,0,0,-1,-1,2,3,1,2021,49.0,0,2,0,1,1,15,1,,4,DUNANT (HENRY),0,,1,1,0,1,(1),(1),2,, -1,2,0,1,50,5,10,2021,08:50,1,35,35238,2,1,0,6,DUNANT (HENRY),48.13043,-1.6589,8,2,1
202100030867,146Â 585,A01,10,3,2,3,0,-1,-1,3,3,1,2021,75.0,3,2,0,1,7,1,1,,4,ARISTIDE BRIAND (AVENUE),0,,2,2,0,2,0,0,1,, -1,1,0,1,50,4,7,2021,13:10,1,93,93051,2,1,0,6,Avenue Aristide Briand,48.84841,2.5526,13,2,1
202100004287,194Â 095,A01,1,1,1,1,1,0,-1,0,0,-1,2021,22.0,2,5,0,2,5,1,1,,4,AVENUE JEAN JAURES,0,,2,3,1,1,(1),(1),1,, -1,2,0,1,50,7,12,2021,07:50,5,75,75119,2,3,0,2,AVENUE JEAN JAURES,48.888481,2.39193,7,2,2
202100042993,124Â 822,A01,1,1,1,1,2,6,-1,-1,0,-1,2021,29.0,1,1,0,2,1,1,1,,1,AUTOROUTE A15,0,,3,9,0,1,8,0,1,, -1,1,0,1,110,23,4,2021,18:45,1,95,95582,1,1,0,6,A15,48.9640412225,2.263425232,18,1,1
202100037111,135Â 366,A01,1,1,1,5,2,-1,-1,0,0,-1,2021,69.0,1,1,0,2,1,1,5,,7,125,-1,,2,2,0,2,33,355,3,, -1,1,5,1,50,22,5,2021,17:35,1,35,35131,1,2,0,3,D125,48.130097,-1.805143,17,2,2
202100033932,141Â 109,A01,1,1,1,5,6,2,-1,0,0,-1,2021,64.0,3,1,16,0,0,1,1,,3,285,0,A,2,2,0,2,(1),(1),3,, -1,1,0,8,70,16,6,2021,11:30,1,38,38075,1,1,0,7,D285a,45.479279,5.935847,11,1,1
202100044491,122Â 170,B01,1,1,1,4,2,0,-1,-1, -1,-1,2021,28.0,1,1,14,2,1,17,1,,3,HUIT MAI 1945,0,,2,2,0,1,0,0,1,, -1,2,0,1,50,10,4,2021,14:50,1,93,93050,2,1,1,3,HUIT MAI 1945,48.86,2.53,14,2,2
202100029190,149Â 573,A01,10,3,2,3,0,-1,-1,3,3,1,2021,78.0,1,2,0,1,1,1,1,,4,2508,-1,,2,2,1,1,(1),(1),1,, -1,2,0,1,50,13,7,2021,12:45,1,74,74182,2,1,1,6,RUE DU NANT,45.917594,6.088389,12,2,1
202100011701,180Â 818,A01,7,2,1,9,0,-1,-1,0,0,-1,2021,18.0,3,2,8,0,2,1,1,,4,,-1,,2,2,0,1,(1),(1),1,,5,1,0,1,30,23,10,2021,03:19,5,44,44154,2,6,0,6,Avenue du MarÃ©chal Foch,47.239669,-2.169057,3,4,1
202100011798,180Â 627,A01,1,1,1,5,2,8,-1,-1, -1,-1,2021,20.0,1,1,0,2,3,26,1,,4,VICTOR HUGO (BOULEVARD),0,,2,2,0,1,(1),(1),1,, -1,1,0,1,50,21,10,2021,20:45,5,62,62193,2,1,0,3,VICTOR HUGO (BOULEVARD),50.9432,1.87163,20,2,2
202100009014,185Â 606,B01,10,3,1,1,0,-1,-1,5,2,3,2021,23.0,2,2,0,1,7,1,1,,3,,0,,2,2,0,4,(1),(1),1,,4,1,0,1,50,8,11,2021,17:15,2,48,48092,2,2,0,3,avenue du 19 mars 1962,44.559205,3.291913,17,5,2
202100013655,177Â 303,B01,1,1,1,2,8,0,-1,-1, -1,-1,2021,11.0,3,1,0,9,8,19,0,,4,AV DE GRANDE BRETAGNE,0,,2,4,1,1,(1),(1),1,, -1,1,0,1,50,12,10,2021,13:00,1,31,31555,2,1,0,3,AV DE GRANDE BRETAGNE,43.59851,1.41861,13,2,2
202100042631,125Â 424,A01,1,1,1,9,2,6,9,0,0,-1,2021,19.0,1,1,7,0,1,1,1,,3,7,0,D,1,1,0,1,44,0,1,, -1,1,0,3,80,26,4,2021,15:40,1,83,83057,1,1,0,6,Dn7,43.381511,6.185668,15,1,1
202100036174,137Â 032,A01,10,3,2,0,0,-1,-1,1,3,1,2021,61.0,3,5,0,1,1,1,1,,4,,-1,,1,1,0,1,(1),(1),2,,3,1,0,1,30,7,6,2021,07:40,1,83,83099,1,6,0,6,Chemin du Carreou,43.451318,6.684443,7,2,1
202100016342,172Â 423,B01,1,1,1,1,2,6,-1,-1, -1,-1,2021,43.0,1,1,0,2,1,1,1,,1,A104,0,,-1,5,0,1,14,50,1,, -1,1,0,1,90,29,9,2021,18:00,1,77,77514,1,1,0,2,A104,48.94942,2.62877,18,2,2
202100035695,137Â 907,A01,1,1,1,1,2,8,-1,-1, -1,-1,2021,29.0,2,1,0,2,1,7,1,,4,,0,,3,4,3,1,(1),(1),1,, -1,1,0,1,50,8,6,2021,16:00,1,66,66136,2,3,0,3,ARGELES SUR MER AVENUE D',42.684,2.90922,16,2,2
202100027260,152Â 993,A01,1,1,1,5,0,-1,-1,0,0,-1,2021,54.0,2,2,0,0,2,14,1,,3,150,-1,,2,2,0,1,1,650,1,, -1,1,0,3,80,24,7,2021,18:00,1,71,71318,1,1,0,7,route de sainte croix,46.555954,5.184259,18,1,1
202100048367,115Â 299,A01,1,1,1,0,2,6,-1,-1, -1,-1,2021,65.0,3,1,12,0,1,11,1,,4,DIGUE (ROUTE),0,,-1,4,0,2,0,0,1,, -1,1,0,1,50,11,3,2021,13:30,1,974,97411,2,9,0,1,DIGUE (ROUTE),-20.8924,55.47114,13,1,1
202100033953,141Â 073,A01,10,3,2,2,0,-1,-1,9,3,1,2021,12.0,3,3,0,1,5,26,1,1.0,4,,0,,1,1,0,2,(1),(1),1,,3,1,0,1,30,15,6,2021,16:10,1,95,95370,2,1,1,6,Sente des Gradins (Chemin),49.149019,1.985639,16,2,1
202100048457,115Â 144,A01,1,1,2,3,8,0,-1,-1, -1,-1,2021,31.0,2,2,0,2,2,26,1,,3,PREFET CHALEIL (CD44) (RUE DU),0,,2,2,0,1,0,1,1,, -1,1,5,1,50,11,3,2021,09:00,1,93,93005,2,2,0,3,PREFET CHALEIL (CD44) (RUE DU),48.9400207317,2.5047978424,9,2,2
202100001923,198Â 357,A01,1,1,1,0,2,6,-1,-1, -1,-1,2021,33.0,0,1,0,0,8,1,0,,3,993,0,,1,1,0,1,0,0,2,, -1,9,1,1,50,21,12,2021,12:45,1,92,92062,2,1,0,7,BOULEVARD CIRCULAIRE,48.891414,2.234208,12,1,1
202100013845,176Â 945,A01,10,3,2,5,0,-1,-1,2,3,1,2021,69.0,2,2,0,1,2,1,1,,4,CLOCHE (RUE DE LA),0,,1,1,0,1,(1),(1),1,, -1,1,0,1,50,11,10,2021,09:35,1,59,59599,2,1,0,6,CLOCHE (RUE DE LA),50.72281,3.16356,9,2,1
202100045487,120Â 432,A01,1,1,1,5,8,-1,-1,0,0,-1,2021,44.0,3,2,13,0,1,1,1,,4,,-1,,2,2,0,1,(1),(1),1,, -1,1,0,1,80,3,4,2021,05:45,3,50,50232,1,1,0,6,La fauvisiÃ¨re,49.121495,-1.307395,5,1,1
202100002659,197Â 029,A01,1,1,1,9,1,0,-1,-1, -1,-1,2021,29.0,2,2,0,2,3,1,1,,3,MONTFERMEIL (ALLEE DE),0,,2,3,1,1,0,1,1,, -1,1,0,1,50,15,12,2021,23:20,5,93,93014,2,1,0,3,MONTFERMEIL (ALLEE DE),48.8993097826,2.5414466858,23,2,2