Num_Acc,id_vehicule,num_veh,place,catu,sexe,trajet,secu1,secu2,secu3,locp,actp,etatp,year_acc,victim_age,senc,catv,obs,obsm,choc,manv,motor,occutc,catr,voie,v1,v2,circ,nbv,vosp,prof,pr,pr1,plan,lartpc,larrout,surf,infra,situ,vma,jour,mois,an,hrmn,lum,dep,com,agg_,int,atm,col,adr,lat,long,hour,nb_victim,nb_vehicules
202100042867,125Â 043,A01,2,2,2,9,2,8,-1,-1, -1,-1,2021,16.0,1,1,0,2,7,17,1,,4,DE GAULLE ( AV. GENERAL ),0,,2,2,0,1,(1),(1),1,, -1,1,0,1,50,22,4,2021,19:25,1,56,56098,2,3,0,3,DE GAULLE ( AV. GENERAL ),47.76253,-3.33304,19,4,2
202100008798,186Â 023,A01,10,3,2,2,0,-1,-1,3,3,1,2021,16.0,1,1,0,1,1,1,1,,4,,-1,,1,2,0,1,(1),(1),1,,5,1,0,1,50,9,11,2021,12:40,1,53,53147,2,1,0,6,place des halles,48.303272,-0.620851,12,2,1
202100018434,168Â 677,B01,1,1,1,0,8,0,-1,-1, -1,-1,2021,16.0,0,1,0,2,0,19,5,,3,180,0,,2,2,0,1,0,0,1,, -1,1,0,1,50,13,9,2021,15:54,1,92,92063,2,6,0,3,LECLERC DE HAUTECLOQUE (AVENUE DU MARECH,48.8587268774,2.1901524067,15,2,2
202100040630,128Â 988,B01,1,1,1,9,2,6,-1,-1, -1,-1,2021,33.0,1,1,0,2,2,2,1,,3,STRASBOURG (BD DE),0,,2,2,0,1,0,0,1,, -1,2,0,1,50,9,5,2021,18:45,1,94,94052,2,9,0,3,STRASBOURG (BD DE),48.8358,2.4746,18,2,2
202100015234,174Â 473,B01,1,1,2,5,0,0,-1,-1, -1,-1,2021,46.0,1,1,0,2,1,1,5,,3,REPUBLIQUE (AV DE LA),0,,2,2,0,1,1,0,1,, -1,1,0,1,50,4,10,2021,12:30,1,94,94046,2,2,0,1,Avenue de la RÃ©publique,48.8028,2.43405,12,2,2
202100042445,125Â 747,B01,1,1,2,3,1,0,-1,-1, -1,-1,2021,55.0,3,2,0,2,1,1,1,,4,JULES GUESDE (RUE),0,,2,2,0,1,(1),(1),2,, -1,1,0,1,50,23,4,2021,11:40,1,76,76351,2,2,0,3,JULES GUESDE (RUE),49.51,0.1184,11,2,2
202100048655,114Â 787,D01,3,2,2,0,1,0,-1,-1, -1,-1,2021,1.0,1,2,1,0,4,24,1,,4,CONFLUENT (ROUTE),0,,1,2,0,1,0,9,1,, -1,1,0,1,50,7,3,2021,17:30,1,84,84007,2,1,0,5,CONFLUENT (ROUTE),43.92401,4.784021,17,7,4
202100010540,182Â 886,A01,1,1,2,3,1,0,-1,-1, -1,-1,2021,21.0,1,2,0,2,3,15,1,,3,CHOPARD RUE ALEXIS,0,,1,2,0,1,37,0,1,, -1,1,0,1,50,29,10,2021,23:30,5,25,25056,2,2,0,3,CHOPARD RUE ALEXIS,47.249066,6.03126,23,2,2
202100026509,154Â 316,A01,2,2,2,5,2,0,-1,-1, -1,-1,2021,23.0,1,1,4,0,3,17,1,,3,GENERAL DE GAULLE (AV DU),0,,2,4,0,1,1,0,1,, -1,1,0,1,50,11,7,2021,02:35,5,94,94017,2,1,0,6,Avenue du GÃ©nÃ©ral de Gaulle,48.826239,2.505272,2,2,1
202100023916,158Â 884,B01,1,1,2,4,2,0,-1,-1, -1,-1,2021,30.0,2,1,0,2,7,25,3,,4,R DE VERDUN,0,,2,2,0,1,1,0,1,, -1,1,0,4,50,16,8,2021,15:20,1,94,94047,2,1,0,3,Rue de Verdun,48.70595,2.55342,15,2,2
202100000695,200Â 472,A01,10,3,2,0,0,-1,-1,3,1,2,2021,67.0,0,2,0,1,3,15,1,,7,COMBATTANTS AFN 52 62 (AV DES ),0,,2,2,0,1,0,0,1,, -1,1,0,1,50,12,3,2021,17:00,1,13,13054,2,6,1,6,COMBATTANTS AFN 52 62 (AV DES ),43.41153,5.21893,17,3,1
202100038722,132Â 416,A01,1,1,2,5,1,0,-1,-1, -1,-1,2021,60.0,2,2,0,0,9,2,1,,1,AUTOROUTE A6,0,,-1,3,0,1,32,703,1,, -1,1,0,1,110,23,5,2021,15:50,1,91,91179,1,1,0,7,AUTOROUTE A6,48.57303,2.46774,15,1,1
202100009201,185Â 262,B01,1,1,1,3,2,6,-1,-1, -1,-1,2021,26.0,1,1,0,2,8,1,1,,4,VIABERT (DE LA)                     (R ),0,,1,1,0,1,(1),(1),1,, -1,1,0,1,50,5,11,2021,22:30,5,69,69386,2,2,0,3,VIABERT (DE LA) (R),45.76633,4.86575,22,2,2
202100041278,127Â 821,A01,2,2,1,4,1,8,-1,-1, -1,-1,2021,49.0,3,2,12,0,2,14,1,,4,SCORFF ( BD DU ),0,,1,1,0,1,(1),(1),2,, -1,1,5,1,30,3,5,2021,20:40,2,56,56121,2,6,0,6,SCORFF ( BD DU ),47.76099,-3.36578,20,2,1
202100011369,181Â 403,B01,1,1,1,2,2,0,-1,-1, -1,-1,2021,17.0,2,1,0,2,1,1,1,,4,CHARRETTE (CHEMIN DE LA),0,,2,2,2,1,(1),(1),1,, -1,1,0,1,50,22,10,2021,12:10,1,73,73011,2,3,0,3,CHARRETTE (CHEMIN DE LA),45.6627972166,6.3652843677,12,2,2
202100046437,118Â 775,A01,2,2,2,5,1,-1,-1,0,0,-1,2021,24.0,3,2,2,0,2,14,1,,4,,-1,,2,2,0,1,(1),(1),3,, -1,1,0,3,80,27,3,2021,21:30,3,39,39046,1,1,0,6,,46.3206,5.898038,21,2,1
202100000121,201Â 538,A01,1,1,2,5,2,6,-1,-1, -1,-1,2021,19.0,1,1,0,2,1,1,1,,4,PARIS (AVENUE DE),0,,2,2,0,1,(1),(1),1,, -1,1,0,1,50,30,11,2021,18:15,5,19,19031,2,1,0,2,PARIS (AVENUE DE),45.164111,1.53233,18,2,2
202100039416,131Â 145,B01,1,1,1,9,2,8,-1,-1, -1,-1,2021,52.0,2,1,0,2,1,1,1,,4,Section Port Blanc,0,,2,2,0,2,(1),(1),1,, -1,1,0,1,70,18,5,2021,15:33,1,971,97113,1,1,0,1,Section Port Blanc,16.23364,-61.45596,15,2,2
202100010771,182Â 482,B01,2,2,2,5,1,-1,-1,0,0,-1,2021,61.0,1,2,0,0,4,2,1,,3,317,-1,,3,4,0,2,6,500,1,, -1,1,0,1,90,28,10,2021,12:00,1,95,95612,1,1,0,2,RD 317,49.0041253063,2.4885207895,12,3,2
202100042297,126Â 020,A01,10,3,1,0,0,-1,-1,3,3,1,2021,64.0,0,5,0,1,1,15,1,,4,LECLERC (AVENUE DU GENERAL),0,,1,2,0,1,(1),(1),1,, -1,2,0,1,50,27,4,2021,10:40,1,66,66136,2,3,1,6,LECLERC (AVENUE DU GENERAL),42.70182,2.89179,10,2,1
202100047608,116Â 655,B01,1,1,1,9,2,0,-1,-1, -1,-1,2021,22.0,1,1,0,2,2,1,1,,4,LIBERATION (AVENUE DE LA),0,,2,3,0,1,0,0,1,, -1,1,0,1,50,14,3,2021,20:28,5,87,87085,2,2,0,6,LIBERATION (AVENUE DE LA),45.83348,1.25772,20,2,2
202100035355,138Â 512,B01,1,1,1,3,1,-1,-1,0,0,-1,2021,55.0,2,2,0,2,3,1,1,,2,7,-1,,2,2,0,1,6,350,1,, -1,1,0,1,-1,17,4,2021,09:30,1,26,26002,1,1,0,1,12 Lotissement le Ravicole,45.239831,4.81974,9,2,2
202100049154,113Â 893,A01,1,1,1,5,2,8,-1,-1, -1,-1,2021,59.0,2,1,0,2,7,25,1,,4,,0,,3,3,3,1,0,0,1,, -1,1,6,4,50,2,3,2021,19:05,5,92,92063,2,1,0,3,FOUILLEUSE (AVENUE DE),48.8624379582,2.1954423934,19,2,2
202100022172,162Â 013,B01,1,1,1,5,2,6,9,0,0,-1,2021,55.0,2,1,15,2,1,1,1,,3,146,0,D,3,2,0,1,7,800,1,, -1,1,5,1,50,29,8,2021,11:45,1,40,40046,2,1,0,3,Avenue de la Plage,44.439855,-1.238977,11,2,2
202100049727,112Â 861,A01,1,1,1,5,1,-1,-1,0,0,-1,2021,22.0,2,2,7,2,7,19,1,,3,50,0,D,2,2,0,1,13,50,1,, -1,1,0,1,80,2,3,2021,12:40,1,62,62861,1,2,0,3,La Gueule d'Ours,50.377791,2.850448,12,2,2
202100035165,138Â 851,A01,1,1,1,5,2,-1,-1,0,0,-1,2021,51.0,2,1,0,2,1,17,1,,7,76,0,D,2,2,0,1,2,700,1,, -1,1,0,1,50,12,6,2021,18:10,1,83,83047,2,1,0,2,1145 Avenue Jean Monnet,43.118926,6.068078,18,2,2
202100015908,173Â 236,B01,1,1,1,1,2,0,-1,-1, -1,-1,2021,16.0,1,1,0,2,4,2,1,,3,HUGO VICTOR RUE,0,,2,2,0,1,1,0,1,, -1,1,0,1,50,29,9,2021,14:04,1,49,49246,2,1,0,4,HUGO VICTOR RUE,47.42753,-0.52701,14,4,4
202100020471,165Â 042,A01,10,3,2,5,0,-1,-1,5,9,1,2021,76.0,0,2,0,1,1,9,1,,7,DE GAULLE RUE DU GENERAL,0,,-1,2,0,1,(1),(1),1,, -1,1,0,4,50,10,5,2021,17:50,1,59,59368,2,1,0,6,DE GAULLE RUE DU GENERAL,50.655997,3.073892,17,2,1
202100006987,189Â 272,A01,1,1,2,5,1,4,-1,-1, -1,-1,2021,27.0,2,2,0,2,1,2,1,,1,A13,0,,3,4,0,1,10,699,1,, -1,1,3,1,110,20,11,2021,18:10,5,78,78126,1,1,0,2,A13,48.837966,2.123762,18,2,2
202100014615,175Â 591,A01,1,1,1,5,8,0,-1,-1, -1,-1,2021,23.0,1,1,0,2,1,2,3,,4,CARNOT   AVENUE,0,,2,4,1,1,(1),(1),1,, -1,1,0,1,50,7,10,2021,15:00,1,17,17300,2,1,0,2,CARNOT   AVENUE,46.1645,-1.17994,15,2,2
202100020202,165Â 523,B01,1,1,1,1,2,0,-1,-1, -1,-1,2021,23.0,2,1,0,2,3,3,0,,2,RN12,0,,1,3,0,1,23,200,1,, -1,1,0,1,110,8,9,2021,08:40,1,78,78646,1,1,0,3,RN12,48.792043,2.094368,8,2,2
202100007643,188Â 085,A01,1,1,1,1,2,0,-1,-1, -1,-1,2021,51.0,3,1,0,0,1,1,5,,4,NOES (RUE DES),0,,2,2,0,1,0,0,1,, -1,2,0,1,50,16,11,2021,06:20,5,10,10387,2,1,1,7,NOES (RUE DES),48.29893,4.05496,6,1,1
202100042827,125Â 111,A01,1,1,1,0,2,6,-1,-1, -1,-1,2021,28.0,1,1,0,2,1,2,1,,3,VIEUX CHEMIN DE MANTES,0,,1,2,0,1,24,380,1,, -1,1,0,1,50,23,4,2021,16:30,1,78,78133,2,1,0,2,VIEUX CHEMIN DE MANTES,48.905738,2.050132,16,2,2
202100010201,183Â 469,A01,10,3,2,5,0,-1,-1,1,1,1,2021,42.0,1,2,0,1,1,1,1,,2,165,-1,,3,4,0,1,96,136,1,, -1,1,0,1,90,30,10,2021,22:40,3,56,56098,1,1,0,6,N165 sens Nantes/Brest,47.778631,-3.351527,22,2,1
202100020213,165Â 503,A01,10,3,2,2,0,-1,-1,3,3,1,2021,18.0,2,2,0,1,1,1,1,,7,LEBLEU (RUE JULES ),0,,2,2,0,1,(1),(1),1,, -1,1,0,1,50,6,9,2021,16:45,1,59,59017,2,1,0,6,LEBLEU (RUE JULES ),50.6868352773,2.8704424202,16,2,1
202100015968,173Â 128,B01,1,1,1,0,2,6,-1,-1, -1,-1,2021,60.0,1,1,0,2,2,1,1,,3,VIC. HUGO(RUE)001A067 ET002A078,0,,2,6,3,1,0,0,1,, -1,1,0,1,50,30,9,2021,16:18,1,92,92044,2,1,0,3,VIC. HUGO(RUE)001A067 ET002A078,48.8941761279,2.2986052697,16,2,2
202100052455,107Â 952,B01,1,1,1,5,2,0,-1,0,0,-1,2021,70.0,2,1,0,2,1,1,1,,4,PLACE DE BRETEUIL,0,,1,1,0,1,(1),(1),2,, -1,1,0,1,50,4,2,2021,17:30,2,75,75107,2,7,0,3,PLACE DE BRETEUIL,48.847403,2.312104,17,2,2
202100009617,184Â 512,A01,1,1,1,1,2,6,-1,0,0,-1,2021,55.0,1,1,0,1,1,1,1,,4,RUE NAVIER,0,,2,3,0,1,(1),(1),1,, -1,2,0,1,30,3,11,2021,09:05,1,75,75117,2,2,0,6,RUE NAVIER,48.895866,2.32302,9,2,1
202100011995,180Â 274,B01,1,1,2,9,1,8,-1,-1, -1,-1,2021,20.0,2,2,0,2,1,1,1,,4,HERRIOT (AVENUE EDOUARD),0,,3,2,2,1,(1),(1),1,, -1,1,5,1,50,20,10,2021,15:50,1,71,71076,2,3,0,3,Avenue Edouard Herriot,46.7969292398,4.8684360087,15,2,2
202100028345,151Â 034,A01,1,1,1,0,2,-1,-1,0,0,-1,2021,28.0,1,6,9,0,0,1,1,,3,D208,-1,,2,2,0,1,(1),(1),1,, -1,1,0,4,50,18,7,2021,21:00,2,68,68367,2,1,0,6,3 Rue de la Foret,48.06147,7.480086,21,1,1
202100049984,112Â 395,B01,1,1,1,1,1,8,-1,-1, -1,-1,2021,29.0,3,2,0,2,1,1,1,,4,RUE THEODORE DROUET,0,,2,2,0,1,0,0,1,, -1,1,0,1,50,25,2,2021,07:15,1,974,97407,1,1,0,5,RUE THEODORE DROUET,-20.94909,55.31728,7,3,3
202100031772,144Â 970,A01,1,1,1,5,2,-1,-1,0,0,-1,2021,67.0,1,1,0,2,1,0,1,,3,951,0,,-1,2,0,1,69,500,1,, -1,2,0,1,50,30,6,2021,12:15,1,51,51113,2,6,1,3,D951/D933,48.8808387772,3.7758059757,12,2,2
202100025047,156Â 884,A01,1,1,1,1,2,-1,-1,0,0,-1,2021,24.0,2,1,0,2,1,13,1,,3,57,-1,D,2,2,0,2,11,104,2,, -1,1,0,1,90,9,8,2021,07:30,1,15,15017,1,1,0,1,d57,44.934051,2.646254,7,2,2
202100053733,105Â 694,A01,1,1,1,5,1,-1,-1,-1, -1,-1,2021,23.0,0,2,8,0,2,1,1,,4,MOULIN (RUE JEAN),0,,2,1,0,1,(1),(1),1,, -1,2,0,3,50,23,1,2021,09:40,1,50,50173,2,1,1,6,MOULIN (RUE JEAN),49.65539,-1.67513,9,1,1
202100048617,114Â 860,A01,1,1,1,2,2,6,-1,0,0,-1,2021,16.0,0,1,0,0,6,2,1,,3,8,0,D,2,2,0,1,55,545,1,, -1,1,0,8,80,8,3,2021,17:50,1,36,36088,1,1,0,7,,46.94269,2.014119,17,1,1
202100049172,113Â 860,A01,1,1,1,9,1,-1,-1,0,0,-1,2021,61.0,2,2,0,2,2,0,1,,3,106,-1,,2,2,0,1,20,480,1,, -1,1,0,1,80,5,3,2021,13:15,1,79,79126,1,2,0,3,,46.17801,-0.366449,13,2,2
202100036553,136Â 380,A01,1,1,1,5,8,-1,-1,0,0,-1,2021,24.0,2,2,0,0,0,1,1,,3,,-1,,2,2,0,1,7,900,1,, -1,1,0,8,80,4,6,2021,21:50,2,44,44168,1,1,0,7,RD 50,47.37804,-2.1976,21,1,1
202100056192,101Â 449,A01,10,3,1,2,0,-1,-1,3,3,1,2021,14.0,2,2,0,1,1,1,1,,3,ANATOLE FRANCE  (BLD) IMPAIR,0,,2,2,0,1,0,1,1,, -1,2,0,1,50,5,1,2021,12:25,1,93,93001,2,2,1,6,ANATOLE FRANCE  (BLD) IMPAIR,48.9163180592,2.3815694881,12,2,1
202100019554,166Â 681,B01,1,1,1,0,2,6,-1,0,0,-1,2021,48.0,2,1,0,2,1,1,1,,3,201,-1,,-1,2,0,1,27,900,1,, -1,1,0,1,80,11,9,2021,18:50,1,68,68082,1,3,0,3,4 Les Octrois,47.861992,7.37166,18,3,2
202100017313,170Â 703,A01,1,1,1,5,2,6,-1,0,0,-1,2021,28.0,2,1,0,0,8,1,1,,3,431,-1,D,2,2,0,2,21,0,2,, -1,1,0,3,70,25,9,2021,15:30,1,68,68342,1,1,0,7,D 431,47.840238,7.150297,15,2,1
202100051961,108Â 828,B01,1,1,1,5,1,-1,-1,0,0,-1,2021,25.0,1,2,0,2,2,1,1,,3,788,0,,2,2,0,2,40,200,3,, -1,1,0,1,80,8,2,2021,16:45,1,29,29160,1,1,0,1,D788 - Kergrac'h,48.518637,-4.402878,16,3,2
202100012157,179Â 994,B01,1,1,1,0,2,6,-1,-1, -1,-1,2021,40.0,2,1,0,2,6,1,1,,3,DOCTEUR DERVAUX  ( QUAI DU ),0,,3,0,0,1,0,0,1,, -1,1,0,1,70,13,10,2021,18:05,2,92,92004,2,1,0,3,DOCTEUR DERVAUX  ( QUAI DU ),48.9060219469,2.2897798011,18,2,2
202100041706,127Â 061,A01,1,1,1,4,1,-1,-1,0,0,-1,2021,35.0,2,4,0,2,1,2,1,,2,145,-1,,1,2,0,1,28,500,1,, -1,1,0,1,110,3,5,2021,08:55,1,23,23082,1,1,0,2,N145,46.221044,1.693279,8,2,2
202100029276,149Â 432,A01,10,3,2,0,0,-1,-1,9,3,1,2021,75.0,3,2,0,1,5,20,0,,6,BENATIER (RUE JOSEPH),0,,-1,-1,0,1,0,0,1,, -1,1,9,8,30,9,7,2021,12:45,1,85,85194,2,9,0,6,BENATIER (RUE JOSEPH),46.50399,-1.79951,12,2,1
202100007123,189Â 037,B01,1,1,2,1,1,0,-1,-1, -1,-1,2021,38.0,1,2,0,2,4,23,1,,7,7 RMENT DE TIRAILLEURS ALGERIENS (AVENUE,0,,2,2,1,1,0,0,1,, -1,1,9,1,50,17,11,2021,17:45,2,13,13002,2,1,0,2,7 RMENT DE TIRAILLEURS ALGERIENS (AVENUE,43.3382,5.47879,17,2,2
202100009043,185Â 542,A01,1,1,2,1,1,8,-1,-1, -1,-1,2021,54.0,2,2,4,0,2,14,1,,7,Autoroute A.35,0,,3,3,0,1,308,399,1,, -1,1,0,1,90,6,11,2021,11:05,1,67,67365,1,1,0,6,M35,48.53403,7.69944,11,1,1
202100045591,120Â 236,A01,1,1,1,5,2,0,-1,-1, -1,-1,2021,58.0,1,1,12,0,1,14,1,,2,88 (ROUTE NATIONALE),0,,2,2,0,1,64,0,2,, -1,1,5,1,50,31,3,2021,17:10,1,43,43157,1,1,0,7,Route Nationale 88,45.0000292431,3.8741876666,17,1,1
202100002086,198Â 070,B01,2,2,2,3,1,-1,-1,0,0,-1,2021,25.0,1,2,0,2,1,1,1,,3,82,0,D,2,2,0,2,5,950,2,, -1,1,0,1,80,21,12,2021,18:05,3,4,4094,1,1,0,1,RD 82 Le creve coeur,43.773248,5.876076,18,3,2
202100034768,139Â 566,A01,1,1,1,1,2,6,-1,0,0,-1,2021,41.0,1,1,8,0,1,14,1,,3,HONFLEUR (ROUTE D'HONFLEUR),0,,2,2,0,2,1,0,2,, -1,1,0,3,70,11,6,2021,20:00,1,14,14699,1,9,0,7,D62,49.34542,0.10424,20,1,1
202100006951,189Â 344,A01,10,3,2,0,0,-1,-1,3,3,1,2021,40.0,2,2,0,1,3,1,1,,4,,0,,2,2,0,1,0,0,1,, -1,2,0,1,50,21,11,2021,13:15,1,92,92012,2,1,1,6,JEAN JAURES (BOULEVARD) 217/FIN - 210/FI,48.82543,2.24816,13,2,1
202100018418,168Â 705,B01,1,1,1,1,2,6,-1,-1, -1,-1,2021,44.0,1,1,0,2,4,23,1,,3,MOULIN(RUE JEAN),0,,2,2,0,1,1,0,1,, -1,2,9,8,50,15,9,2021,09:10,1,94,94028,2,9,1,2,MOULIN(RUE JEAN),48.77655,2.45845,9,2,2
202100021547,163Â 124,A01,1,1,2,3,9,-1,-1,0,0,-1,2021,26.0,0,1,0,2,1,25,1,,9,,-1,,2,2,0,1,(1),(1),1,,4,1,9,4,50,1,9,2021,15:30,1,38,38382,2,1,0,3,1 Rue de PrÃ©dieu,45.222845,5.687866,15,2,2
202100003099,196Â 226,B01,1,1,1,3,0,-1,-1,0,0,-1,2021,54.0,2,1,0,2,0,5,3,,4,PRADEAU (PROMENADE DU),0,,3,2,1,1,(1),(1),1,, -1,1,0,1,50,13,12,2021,10:25,1,65,65440,2,3,0,3,PRADEAU (PROMENADE DU),43.23245,0.06631,10,2,2
202100009558,184Â 622,A01,1,1,2,1,1,8,-1,-1, -1,-1,2021,44.0,2,2,0,2,6,1,1,,1,AUTOROUTE A86,0,,1,6,0,1,27,799,1,, -1,2,0,1,90,4,11,2021,08:45,1,93,93064,1,1,1,2,AUTOROUTE A86,48.87656,2.47824,8,2,2
202100020224,165Â 485,A01,1,1,2,5,2,0,-1,-1, -1,-1,2021,17.0,1,1,0,2,8,9,1,,2,SACRE COEUR (RD POINT) -RIV. DES GALETS ,0,,2,2,0,1,(1),(1),1,, -1,1,0,1,50,5,9,2021,18:10,2,974,97407,2,6,0,3,SACRE COEUR (RD POINT) -RIV. DES GALETS ,-20.956122,55.3121924,18,2,2
202100006223,190Â 685,C01,3,2,2,5,3,0,-1,-1, -1,-1,2021,6.0,2,2,0,2,1,1,1,,3,NEXON (ROUTE DE),0,,2,2,0,2,5,500,1,, -1,1,0,1,70,22,11,2021,13:20,1,87,87048,1,3,0,4,NEXON (ROUTE DE),45.78023,1.22169,13,4,3
202100051777,109Â 146,B01,3,2,2,0,1,-1,-1,-1, -1,-1,2021,20.0,2,2,0,2,3,1,1,,4,LENINE                              (BD),0,,2,2,0,1,(1),(1),1,, -1,1,0,1,50,11,2,2021,18:10,5,69,69259,2,5,0,3,LENINE (BD),45.69083,4.86607,18,5,2
202100005245,192Â 408,A01,1,1,1,9,2,8,-1,-1, -1,-1,2021,17.0,3,1,0,2,1,2,1,,4,GUILLAUME BOUCHET (RUE),0,,2,2,0,1,(1),(1),1,, -1,2,0,1,50,29,11,2021,12:18,1,86,86194,2,1,0,2,Rue Guillaume Bouchet,46.560695,0.313244,12,2,2
202100019207,167Â 296,A01,10,3,2,9,0,-1,-1,4,3,2,2021,40.0,2,1,0,1,8,1,5,,4,RUE DE VAUGIRARD,0,,2,3,1,1,(1),(1),1,, -1,1,0,5,30,13,9,2021,09:00,1,75,75115,2,2,0,6,RUE DE VAUGIRARD,48.844441,2.317707,9,2,1
202100032181,144Â 233,A01,2,2,2,5,1,9,-1,0,0,-1,2021,18.0,1,2,5,0,0,1,1,,3,21,-1,,2,2,0,1,8,90,1,, -1,2,2,1,80,27,6,2021,06:12,2,2,2442,2,1,0,7,D21,49.235646,3.522878,6,2,1
202100039428,131Â 123,A01,1,1,1,1,1,0,-1,-1, -1,-1,2021,35.0,1,0,6,0,1,14,1,,3,MOULIN (CHEMIN DU),0,,2,2,0,1,53,345,3,, -1,1,0,4,70,18,5,2021,16:45,1,77,77172,2,4,0,1,MOULIN (CHEMIN DU),48.36028,2.97073,16,1,1
202100035418,138Â 409,A01,1,1,1,1,2,6,-1,0,0,-1,2021,45.0,2,1,15,0,9,1,1,,3,708,-1,,2,2,0,1,4,820,2,, -1,1,0,1,80,10,6,2021,19:25,1,33,33369,1,4,0,6,,44.801517,0.225896,19,1,1
202100052761,107Â 417,A01,1,1,2,3,1,0,-1,-1, -1,-1,2021,80.0,1,2,0,2,3,11,0,,3,SOULTZ(ROUTE DE),0,,2,4,0,1,50,0,1,, -1,1,0,1,50,1,2,2021,10:09,1,68,68376,2,1,0,5,Rue de Soultz,47.80041,7.31237,10,3,3
202100050344,111Â 714,B01,1,1,1,9,2,8,-1,-1, -1,-1,2021,61.0,1,1,0,2,1,2,0,,2,OUEST BOULEVARD,0,,3,4,0,1,13,200,1,, -1,1,0,1,50,22,2,2021,17:50,2,25,25056,2,1,0,2,OUEST BOULEVARD,47.2238,5.9789,17,2,2
202100000184,201Â 413,A01,1,1,1,5,1,-1,-1,0,0,-1,2021,20.0,1,2,2,0,3,1,1,,3,974,-1,,2,3,0,2,18,200,1,, -1,1,0,3,50,22,9,2021,00:30,5,21,21606,2,1,0,6,D974,47.070027,4.873091,0,1,1
202100044698,121Â 816,B01,1,1,1,5,2,8,-1,-1, -1,-1,2021,28.0,2,1,0,2,8,1,5,,4,Charles de Gaulle (Av),0,,2,2,0,1,(1),(1),1,, -1,1,0,1,30,30,3,2021,18:14,1,19,19272,2,1,0,3,Charles de Gaulle (Av),45.26835,1.76991,18,2,2
202100035074,139Â 003,B01,1,1,2,0,1,0,-1,-1, -1,-1,2021,26.0,2,2,0,2,8,9,1,,3,ROUGET DE L ISLE (AV),0,,3,2,0,1,1,0,1,, -1,1,0,8,50,10,6,2021,15:05,1,94,94081,2,1,0,3,Avenue Rouget de Lisle,48.78274,2.39389,15,2,2
202100037791,134Â 112,A01,1,1,1,1,2,8,-1,-1, -1,-1,2021,31.0,3,1,0,0,8,26,1,,4,MARNE (CARREFOUR DE LA),0,,2,4,0,1,(1),(1),1,, -1,1,5,1,50,28,5,2021,02:50,5,37,37261,2,5,0,7,MARNE (CARREFOUR DE LA),47.4235605611,0.6980247989,2,1,1
202100012552,179Â 279,A01,2,2,2,0,2,6,-1,0,0,-1,2021,51.0,2,1,0,6,1,1,1,,7,751,0,,2,2,0,1,50,0,1,, -1,1,0,1,90,10,10,2021,19:00,1,37,37099,1,1,0,6,Route dÃ©partementale 751,47.2917798589,0.531441623,19,2,1
202100005472,192Â 006,A01,2,2,1,5,8,0,-1,-1, -1,-1,2021,17.0,2,2,1,2,7,26,1,,4,BOUTARAINES (CHE DES),0,,2,2,0,1,1,0,1,, -1,1,5,4,50,1,1,2021,23:20,5,94,94079,2,1,0,6,20 Chemin des Boutaraines,48.82411,2.530774,23,3,1
202100038695,132Â 463,A01,1,1,1,5,1,-1,-1,0,0,-1,2021,33.0,1,2,2,0,2,1,1,,3,988,-1,,2,2,0,1,16,500,2,, -1,1,0,3,90,23,5,2021,15:30,1,23,23037,1,1,0,6,RD 988,46.007902,2.416665,15,2,1
202100055825,102Â 085,A01,10,3,1,5,0,-1,-1,4,3,1,2021,73.0,2,2,0,1,3,1,1,,4,BOULEVARD ORNANO,0,,2,4,3,1,(1),(1),1,, -1,1,0,1,50,8,1,2021,12:45,1,75,75118,2,2,0,6,BOULEVARD ORNANO,48.893661,2.347954,12,2,1
202100001170,199Â 682,A01,1,1,1,0,2,0,-1,-1, -1,-1,2021,16.0,0,1,0,0,0,9,1,,4,REPUBLIQUE (RUE DE LA),0,,2,2,0,1,(1),(1),1,, -1,1,0,1,50,11,12,2021,14:15,1,71,71306,2,1,0,7,REPUBLIQUE (RUE DE LA),46.67637,4.36528,14,1,1
202100040366,129Â 450,B01,1,1,2,5,8,0,-1,0,0,-1,2021,23.0,1,1,0,2,8,17,5,,4,RUE D AVRON,0,,2,2,0,1,(1),(1),1,, -1,1,0,1,50,9,5,2021,13:10,1,75,75120,2,3,0,3,RUE D AVRON,48.853181,2.408812,13,2,2
202100036055,137Â 235,B01,1,1,1,0,2,8,-1,-1, -1,-1,2021,16.0,2,1,0,2,1,1,1,,3,VERDUN (AVENUE DE),0,,2,3,0,1,26,835,1,, -1,1,0,1,50,6,6,2021,17:55,1,77,77475,2,1,0,2,VERDUN (AVENUE DE),48.95797,2.95269,17,2,2
202100055315,102Â 954,A01,1,1,1,1,2,8,-1,-1, -1,-1,2021,47.0,1,1,0,2,1,1,5,,4,RUE DES VINGT TOISES,0,,2,2,0,1,(1),(1),3,, -1,1,0,1,50,12,1,2021,11:00,1,38,38423,2,1,0,6,Les Vingt Toises,45.21221,5.69022,11,1,1
202100032089,144Â 390,A01,1,1,2,5,2,8,-1,-1, -1,-1,2021,44.0,3,1,5,0,1,13,1,,4,ROUTE DES GOLFS,0,,2,2,0,1,0,0,3,, -1,1,0,1,50,25,6,2021,18:10,1,83,83118,2,1,0,6,ROUTE DES GOLFS,43.44944,6.83929,18,1,1
202100004666,193Â 435,A01,1,1,1,5,8,0,-1,-1, -1,-1,2021,35.0,3,1,0,2,1,13,1,,4,PETIT FRERE(CHEMIN),0,,2,2,0,2,1,0,2,, -1,1,0,1,30,4,12,2021,18:34,2,974,97416,1,1,0,1,PETIT FRERE(CHEMIN),-21.27455,55.49244,18,2,2