Num_Acc,id_vehicule,num_veh,place,catu,sexe,trajet,secu1,secu2,secu3,locp,actp,etatp,year_acc,victim_age,senc,catv,obs,obsm,choc,manv,motor,occutc,catr,voie,v1,v2,circ,nbv,vosp,prof,pr,pr1,plan,lartpc,larrout,surf,infra,situ,vma,jour,mois,an,hrmn,lum,dep,com,agg_,int,atm,col,adr,lat,long,hour,nb_victim,nb_vehicules
202100003474,195Â 544,A01,9,2,2,9,1,-1,-1,0,0,-1,2021,53.0,0,2,2,0,1,26,1,,4,,0,,2,1,0,1,(1),(1),3,,3,1,0,4,30,11,12,2021,10:15,1,6,6079,1,1,0,1,Corniche du Grand Duc,43.541137,6.916687,10,3,1
202100049586,113Â 117,A01,1,1,1,0,2,6,-1,-1, -1,-1,2021,44.0,1,1,0,2,1,2,1,,1,A4,0,,1,4,0,1,8,0,1,, -1,1,0,1,90,2,3,2021,19:00,1,94,94017,1,1,0,2,A4,48.82869,2.47834,19,2,2
202100023757,159Â 152,A01,1,1,1,5,0,-1,-1,0,0,-1,2021,41.0,2,1,0,0,0,1,5,,3,23,-1,,2,2,0,2,25,450,1,, -1,1,0,1,80,15,8,2021,16:00,1,14,14764,1,1,0,7,D23,48.885503,-0.415184,16,1,1
202100052106,108Â 571,A01,10,3,2,2,0,-1,-1,3,3,2,2021,8.0,1,1,0,1,7,21,1,,3,RUE J B DE LA SALLE,0,,2,2,0,1,0,0,1,, -1,1,0,6,30,8,2,2021,08:20,2,91,91027,2,1,0,6,RUE J B DE LA SALLE,48.70635,2.3842,8,4,1
202100037762,134Â 163,B01,1,1,1,1,8,-1,-1,-1, -1,-1,2021,22.0,2,1,0,2,8,1,3,,4,FRATERNITE (DE LA)                  (R ),0,,2,2,0,1,(1),(1),1,, -1,1,4,5,50,28,5,2021,20:45,1,69,69275,2,8,1,3,FRATERNITE (DE LA) (R),45.77241,4.95674,20,2,2
202100005940,191Â 177,A01,1,1,1,0,2,-1,-1,-1, -1,-1,2021,37.0,0,1,0,2,1,17,1,,4,DORIGNY (RUE),0,,2,2,0,1,(1),(1),1,, -1,1,0,1,50,26,11,2021,07:20,5,51,51454,2,3,0,2,Rue du Champ de Mars,49.26404,4.0411,7,2,2
202100025458,156Â 160,B01,2,2,1,9,2,6,-1,-1, -1,-1,2021,16.0,1,1,0,2,1,2,1,,4,LÃON JOUHAUX(AVENUE),0,,2,2,0,1,5,700,1,, -1,2,0,1,50,4,8,2021,15:15,1,70,70285,2,3,1,2,LÃON JOUHAUX(AVENUE),47.57999,6.76515,15,3,2
202100026574,154Â 202,A01,1,1,1,5,2,-1,-1,0,0,-1,2021,15.0,3,1,0,2,1,0,1,,3,,-1,,2,2,0,2,(1),(1),1,, -1,1,0,1,50,29,7,2021,13:20,1,28,28015,2,1,0,1,Chemin d'equillemont,48.472587,1.767018,13,2,2
202100045282,120Â 781,A01,2,2,1,5,1,-1,-1,0,0,-1,2021,18.0,2,2,2,0,1,1,1,,3,53,-1,,2,2,0,1,3,31,1,, -1,1,0,1,80,4,4,2021,03:15,3,49,49311,1,1,0,6,D53 PR2+529,47.38638,-0.070746,3,2,1
202100052525,107Â 834,B01,1,1,2,0,4,-1,-1,-1, -1,-1,2021,34.0,2,1,0,2,1,1,6,,4,JACQUES BUJAULT (AVENUE),0,,1,4,3,2,(1),(1),1,, -1,1,0,1,30,4,2,2021,16:35,1,79,79191,2,3,0,3,9 Avenue Jacques Bujault,46.322276,-0.45928,16,2,2
202100045179,120Â 979,A01,1,1,1,5,2,9,-1,0,0,-1,2021,33.0,1,1,13,0,2,1,1,,3,936,-1,,-1,2,0,1,111,600,2,, -1,1,0,3,80,4,4,2021,18:15,1,64,64094,1,1,0,7,D936,43.464071,-1.249781,18,1,1
202100047370,117Â 100,A01,1,1,1,0,1,0,-1,-1, -1,-1,2021,30.0,0,2,0,2,6,26,0,,4,ROSE (AVENUE DE LA),0,,1,0,0,2,1,0,1,, -1,1,0,1,50,19,3,2021,18:30,2,13,13213,2,1,0,2,ROSE (AVENUE DE LA),43.33115,5.41814,18,2,2
202100054972,103Â 552,A01,1,1,1,0,8,-1,-1,0,0,-1,2021,21.0,1,2,0,2,1,2,1,,1,61,-1,A,3,4,0,1,259,113,1,, -1,1,0,1,110,16,1,2021,08:14,1,31,31374,1,1,0,2,Autoroute A61 - PK 259+700 - Sens TOULOUSE/NARBONNE,43.421975,1.64782,8,2,2
202100049055,114Â 072,A01,1,1,1,0,2,0,-1,-1, -1,-1,2021,50.0,1,1,10,0,7,26,1,,3,RD 41 (ROCADE),0,,3,4,0,2,6,0,3,, -1,1,0,1,60,4,3,2021,00:40,3,972,97209,1,1,0,6,RD 41 (ROCADE),14.60652,-61.08733,0,1,1
202100018695,168Â 227,A01,2,2,1,0,8,0,-1,-1, -1,-1,2021,32.0,2,2,13,0,0,1,1,,1,A55-Sens Martigues vers Marseille,0,,1,3,0,4,13,0,1,, -1,1,0,3,110,15,9,2021,22:15,3,13,13071,1,1,0,6,A55-Sens Martigues vers Marseille,43.38599,5.30914,22,2,1
202100019103,167Â 487,A01,1,1,1,1,2,6,-1,-1, -1,-1,2021,36.0,2,1,0,2,8,1,1,,1,A7-Sens Marseille vers Lyon,0,,1,2,0,1,278,0,1,, -1,1,0,1,70,14,9,2021,07:15,1,13,13215,1,1,0,3,A7-Sens Marseille vers Lyon,43.343532,5.375912,7,2,2
202100017928,169Â 578,A01,1,1,1,9,2,4,6,0,0,-1,2021,61.0,1,1,13,0,1,1,1,,3,57,-1,,2,2,0,1,18,500,2,, -1,1,0,8,80,20,9,2021,17:30,1,29,29174,1,3,0,6,pennanguer,47.919592,-4.284153,17,1,1
202100023567,159Â 512,B01,1,1,2,0,2,8,-1,-1, -1,-1,2021,18.0,3,1,0,2,8,1,1,,4,AV POMPIDOU,0,,2,2,0,1,0,0,1,, -1,1,0,1,50,16,8,2021,15:45,1,85,85194,2,1,0,6,AV POMPIDOU,46.4998,-1.78005,15,2,2
202100036020,137Â 305,B01,1,1,1,0,2,-1,-1,0,0,-1,2021,26.0,2,1,0,2,2,17,0,,2,6,0,N,2,2,0,1,(1),(1),1,, -1,1,0,1,80,6,6,2021,16:00,1,971,97119,1,3,0,3,route nationale 6,16.384966,-61.483049,16,2,2
202100019199,167Â 308,B01,1,1,1,9,2,0,-1,0,0,-1,2021,49.0,1,1,0,2,1,1,1,,4,AVENUE CORENTIN CARIOU,0,,2,3,0,1,(1),(1),1,, -1,1,0,1,30,13,9,2021,12:53,1,75,75119,2,1,0,3,AVENUE CORENTIN CARIOU,48.895532,2.383231,12,2,2
202100034468,140Â 116,C01,1,1,2,1,1,-1,-1,0,0,-1,2021,36.0,2,2,0,2,1,2,1,,1,,-1,,3,1,0,1,27,400,1,, -1,1,0,1,90,14,6,2021,08:10,1,63,63404,1,1,0,4,"a75, PK 27+400 sens Sud/Nord",45.573347,3.245215,8,5,4
202100033492,141Â 911,A01,1,1,2,5,8,-1,-1,0,0,-1,2021,38.0,1,2,16,0,1,1,1,,3,27,-1,,2,2,0,2,14,700,4,, -1,1,0,8,80,19,6,2021,19:53,1,11,11398,1,1,0,7,D27 - PR 014+700,42.926263,2.926912,19,1,1
202100052581,107Â 738,A01,10,3,2,0,0,-1,-1,2,3,1,2021,48.0,1,1,0,1,7,1,5,,4,PREVOYANCE (R DE LA),0,,1,1,1,1,0,0,1,, -1,1,0,1,50,4,2,2021,09:15,1,94,94080,2,1,0,6,PREVOYANCE (R DE LA),48.84885,2.42083,9,2,1
202100013179,178Â 189,A01,1,1,1,0,1,-1,-1,0,0,-1,2021,55.0,1,2,0,2,3,15,1,,3,859,0,D,2,2,0,1,(1),(1),1,, -1,1,0,1,50,14,10,2021,21:00,3,201,201247,2,1,0,3,Route de Sotta,41.592093,9.213828,21,2,2
202100046080,119Â 385,A01,10,3,1,0,0,-1,-1,3,3,1,2021,13.0,1,2,0,1,1,1,1,,4,,0,,2,2,0,1,(1),(1),1,, -1,1,0,1,50,24,3,2021,12:46,1,63,63032,2,1,0,6,PARC (AVENUE DU),45.754102596,3.0968950468,12,2,1
202100000407,200Â 975,B01,4,2,1,0,3,8,-1,-1, -1,-1,2021,0.0,0,2,0,2,4,9,1,,7,RD9,0,,1,2,0,2,0,0,1,, -1,2,5,1,50,12,11,2021,10:00,1,13,13001,2,6,1,2,RD9,43.50432,5.39546,10,3,2
202100050360,111Â 680,B01,1,1,2,1,2,0,-1,0,0,-1,2021,52.0,1,1,0,2,2,1,5,,4,AVENUE DE WAGRAM,0,,2,2,0,1,(1),(1),1,, -1,1,0,1,50,24,2,2021,17:30,2,75,75117,2,4,0,3,AVENUE DE WAGRAM,48.8821916483,2.3011690378,17,2,2
202100016211,172Â 660,B01,1,1,1,0,2,6,-1,-1, -1,-1,2021,51.0,2,1,0,2,1,1,1,,4,PASCAL   RUE BLAISE,0,,2,2,1,1,(1),(1),1,, -1,2,0,1,30,27,9,2021,09:42,1,17,17274,2,3,0,3,PASCAL   RUE BLAISE,46.15852,-1.1131,9,2,2
202100026245,154Â 786,B01,1,1,1,5,1,0,-1,-1, -1,-1,2021,38.0,1,2,0,2,1,23,1,,1,A7-Sens Lyon vers Marseille,0,,1,2,0,1,271,500,1,, -1,1,0,1,90,27,7,2021,19:30,1,13,13106,1,1,0,5,A7-Sens Lyon vers Marseille,43.39588,5.3504,19,3,3
202100025521,156Â 052,B01,1,1,1,5,2,6,-1,0,0,-1,2021,76.0,1,1,0,0,9,17,1,,3,943,0,D,2,2,0,1,10,5,1,, -1,1,0,8,80,28,6,2021,10:15,1,84,84020,1,1,0,3,D943 Col du pointu,43.864798,5.301752,10,2,2
202100017776,169Â 841,A01,1,1,1,0,2,6,-1,-1, -1,-1,2021,32.0,1,1,0,2,7,3,1,,1,AUTOROUTE A3,0,,3,6,0,1,11,399,1,, -1,1,0,1,110,21,9,2021,17:25,1,93,93007,1,1,0,3,AUTOROUTE A3,48.937444,2.480087,17,2,2
202100008488,186Â 557,A01,1,1,1,0,1,0,-1,-1, -1,-1,2021,34.0,2,2,0,2,9,17,1,,3,ETRACHES LES,0,,2,2,0,2,18,200,1,, -1,1,0,1,80,10,11,2021,17:15,3,25,25462,1,1,0,3,ETRACHES LES,46.94014,6.42858,17,2,2
202100040387,129Â 414,A01,10,3,2,0,0,-1,-1,2,3,1,2021,12.0,2,2,0,1,1,1,1,,4,ARTHUR CHEVALIER (RUE),0,,2,2,0,1,0,0,1,, -1,1,0,1,50,11,5,2021,12:34,1,93,93005,2,1,0,6,ARTHUR CHEVALIER (RUE),48.927189,2.508655,12,2,1
202100029037,149Â 831,A01,1,1,2,0,1,-1,-1,0,0,-1,2021,36.0,0,2,0,2,3,13,1,,3,32,-1,,2,2,0,1,(1),(1),1,, -1,1,0,1,50,10,6,2021,09:30,1,40,40126,2,1,0,1,Route de Dax,43.702269,-0.935715,9,2,2
202100031549,145Â 366,B01,1,1,1,0,1,0,-1,-1, -1,-1,2021,58.0,2,2,4,2,4,2,1,,1,AUTOROUTE A86,0,,3,4,0,1,17,500,2,, -1,2,0,1,50,30,6,2021,09:35,1,93,93027,1,1,0,6,AUTOROUTE A86,48.92672,2.4033,9,2,2
202100028051,151Â 571,A01,10,3,1,5,0,-1,-1,0,2,1,2021,47.0,0,2,0,1,2,5,0,,3,D179,0,D,2,2,0,1,(1),(1),1,, -1,1,0,1,80,21,7,2021,13:00,1,84,84118,1,1,0,1,Chemin des Geais,43.937338,5.400724,13,2,1
202100035416,138Â 414,B01,1,1,1,0,2,-1,-1,0,0,-1,2021,22.0,0,1,0,2,1,1,0,,4,,0,,2,2,0,1,(1),(1),1,,4,1,0,1,50,10,6,2021,13:50,1,64,64422,2,9,0,4,rue de la pistole,43.1850382957,-0.6193924704,13,4,4
202100000085,201Â 597,A01,2,2,1,5,1,0,-1,-1, -1,-1,2021,41.0,1,2,5,0,1,0,1,,2,RN7 ,0,,1,1,0,1,45,575,1,, -1,1,3,1,90,26,12,2021,01:00,3,26,26170,1,1,1,6,RN7 DEV PLV,44.91743,4.94071,1,2,1
202100034638,139Â 801,B01,1,1,1,5,2,-1,-1,0,0,-1,2021,53.0,2,1,0,2,1,1,5,,3,914,0,,2,2,0,2,4,370,2,, -1,1,9,1,50,13,6,2021,10:35,1,73,73091,2,9,0,3,D914 - route du bord du lac,45.795162,5.818162,10,2,2
202100030620,147Â 021,A01,1,1,1,5,2,6,-1,0,0,-1,2021,15.0,1,1,11,0,1,1,1,,3,468,-1,,2,2,0,1,14,450,2,, -1,2,0,4,30,5,7,2021,10:29,1,68,68144,2,1,1,6,13 Rue Principale,47.760319,7.504204,10,1,1
202100011266,181Â 599,A01,1,1,1,1,1,-1,-1,0,0,-1,2021,26.0,1,2,13,0,3,21,1,,3,163,0,D,2,2,0,1,1,200,1,, -1,1,0,1,80,23,10,2021,23:00,3,58,58086,1,1,0,7,D163,47.38474,2.9644846916,23,1,1
202100027455,152Â 651,A01,1,1,1,0,1,-1,-1,0,0,-1,2021,22.0,1,2,0,2,3,1,1,,3,1,-1,,2,2,0,1,6,500,1,,7,1,0,1,50,23,7,2021,22:23,5,973,97309,2,1,0,3,582 Route de Montjoly,4.916075,-52.275676,22,2,2
202100025570,155Â 966,A01,1,1,1,1,8,-1,-1,-1, -1,-1,2021,21.0,1,1,0,2,4,1,5,,4,VAL CLAIR (RUE),0,,2,0,1,1,(1),(1),2,, -1,2,0,5,50,13,7,2021,07:30,1,51,51454,2,1,1,2,Rue du Val Clair,49.2228,4.10443,7,2,2
202100052245,108Â 317,B01,1,1,2,0,1,0,-1,-1, -1,-1,2021,46.0,2,2,0,2,8,0,1,,1,A12 W,0,,3,4,0,1,7,0,1,, -1,2,0,1,70,7,2,2021,15:00,1,78,78423,1,1,1,3,A12 W,48.793498,2.040668,15,3,2
202100015654,173Â 688,Z01,1,1,1,0,8,0,-1,-1, -1,-1,2021,37.0,2,1,0,2,3,2,5,,3,JAURES (AVENUE JEAN),0,,2,1,0,1,0,1,1,, -1,2,0,1,50,2,10,2021,18:50,2,93,93064,2,1,1,3,JAURES (AVENUE JEAN),48.86762,2.48642,18,2,2
202100034629,139Â 814,A01,10,3,1,5,0,-1,-1,1,3,1,2021,10.0,2,2,0,1,3,1,1,,4,HARDY  (BOULEVARD),0,,2,2,0,2,0,0,1,, -1,1,0,1,50,13,6,2021,13:55,1,93,93047,2,1,0,6,Boulevard Hardy,48.90674,2.57096,13,2,1
202100007763,187Â 883,B01,1,1,1,1,8,8,-1,0,0,-1,2021,23.0,3,1,0,2,0,19,3,,4,rue Charles de Gaulle,0,,2,2,0,1,(1),(1),1,, -1,2,0,1,30,17,11,2021,00:55,5,88,88383,2,2,1,3,RUE JANNY,48.016569,6.592572,0,2,2
202100030852,146Â 615,B01,3,2,1,5,1,0,-1,-1, -1,-1,2021,31.0,2,2,0,2,2,1,2,,3,DRAGUIGNAN (ROUTE DE) - D2562-,0,,4,3,0,2,9,605,1,, -1,1,5,1,50,4,7,2021,13:45,1,6,6069,2,3,0,3,DRAGUIGNAN (ROUTE DE) - D2562-,43.640952,6.910413,13,4,2
202100047008,117Â 751,A01,1,1,1,5,1,0,-1,-1,0,-1,2021,66.0,2,2,0,0,9,1,1,,1,AUTOROUTE A115,0,,3,5,0,1,10,0,1,, -1,1,0,1,90,23,3,2021,15:30,1,95,95060,1,1,0,7,A115,49.04308,2.18809,15,1,1
202100026385,154Â 531,B01,1,1,2,5,1,-1,-1,0,0,-1,2021,48.0,2,2,4,2,6,23,1,,1,75,-1,,1,1,0,1,4,500,1,, -1,1,3,8,90,29,7,2021,17:00,1,63,63272,1,4,0,5,bretelle de sortie NÂ°3 - A75 pk 4+500,45.736725,3.151853,17,5,3
202100009815,184Â 152,B01,2,1,1,0,2,0,-1,-1, -1,-1,2021,60.0,1,1,0,2,8,0,0,,3,KENNEDY (AVENUE DU PRESIDENT),0,,2,2,1,1,1,0,1,, -1,1,0,1,50,2,11,2021,18:15,5,93,93064,2,8,0,3,KENNEDY (AVENUE DU PRESIDENT),48.8788531865,2.4902591204,18,2,2
202100044735,121Â 752,B01,1,1,1,5,2,-1,-1,0,0,-1,2021,22.0,2,1,0,0,0,5,1,,3,100,0,D,2,2,0,1,16,412,1,, -1,1,0,1,50,8,4,2021,13:45,1,76,76204,2,1,1,7,133 route de montreuil,49.7383580259,1.1473980546,13,2,2
202100015047,174Â 813,A01,1,1,1,0,1,0,-1,-1, -1,-1,2021,20.0,1,2,0,2,1,0,1,,7,,0,,3,4,0,1,89,930,1,, -1,2,0,1,110,5,10,2021,15:00,1,45,45284,1,1,1,2,D2060-89+930,47.9208000365,1.9981976152,15,2,2
202100008992,185Â 643,A01,9,2,2,5,1,-1,-1,0,0,-1,2021,33.0,1,2,0,2,4,1,1,,3,936,-1,,2,2,0,1,47,(1),1,, -1,1,0,1,80,5,11,2021,21:30,3,33,33108,1,1,0,2,Lieu Dit le Mounan D936,44.858732,-0.016828,21,4,2
202100048144,115Â 691,B01,1,1,1,5,8,0,-1,0,0,-1,2021,56.0,1,0,0,2,7,0,3,,4,CALIFORNIE (AV.) (DU 23-25 AU 199-210),0,,2,4,3,1,(1),(1),1,, -1,1,4,6,50,13,3,2021,15:50,1,6,6088,2,1,0,1,CALIFORNIE (AV.) (DU 23-25 AU 199-210),43.68158,7.23136,15,2,2
202100053349,106Â 361,A01,10,3,2,1,0,-1,-1,4,3,1,2021,65.0,2,1,0,1,1,1,1,,4,AVENUE PIERRE 1ER DE SERBIE,0,,3,2,0,1,(1),(1),1,, -1,2,0,1,50,27,1,2021,19:45,5,75,75116,2,7,1,6,AVENUE PIERRE 1ER DE SERBIE,48.864878,2.294112,19,2,1
202100016812,171Â 568,B01,1,1,1,1,2,6,-1,-1, -1,-1,2021,37.0,2,1,0,2,7,1,1,,3,,0,,2,2,0,1,0,0,1,, -1,1,0,1,80,24,9,2021,17:25,1,91,91216,1,1,0,3,BALLAINVILLIERS (RUE),48.67178,2.30413,17,2,2
202100035034,139Â 073,A01,10,3,2,4,0,-1,-1,5,3,1,2021,25.0,2,1,0,1,1,25,1,,4,CATALANS (RUE DES),0,,1,2,0,1,0,0,1,, -1,1,0,4,50,10,6,2021,22:45,5,13,13207,2,1,0,3,CATALANS (RUE DES),43.29075,5.35602,22,2,1
202100017831,169Â 747,A01,1,1,1,0,1,0,-1,0,0,-1,2021,36.0,1,2,0,2,1,2,2,,7,QUINET (BD EDGAR),0,,3,4,0,1,(1),(1),1,, -1,1,0,1,50,16,9,2021,17:03,1,63,63113,2,1,0,2,QUINET (BD EDGAR),45.80521,3.12376,17,2,2
202100044820,121Â 602,A01,1,1,1,0,8,0,-1,-1, -1,-1,2021,46.0,3,1,0,2,1,19,5,,4,MARIANNE BOULEVARD,0,,2,2,0,1,1,0,1,, -1,1,0,1,50,6,4,2021,15:30,1,49,49007,2,1,0,3,MARIANNE BOULEVARD,47.45252,-0.52436,15,2,2
202100012480,179Â 399,C01,1,1,1,9,2,0,-1,0,0,-1,2021,40.0,1,0,0,2,8,1,3,,4,PLACE DE LA CHAPELLE,0,,1,1,0,1,(1),(1),1,, -1,1,0,1,30,18,10,2021,11:05,1,75,75118,2,7,0,4,PLACE DE LA CHAPELLE,48.884826,2.358444,11,3,3
202100014398,175Â 973,C01,2,2,2,5,1,0,-1,0,0,-1,2021,52.0,2,2,0,2,4,23,1,,4,ORIENT (BOULEVARD  DE L' ),0,,2,2,0,1,0,1,1,, -1,1,0,1,50,7,10,2021,16:38,1,5,5061,2,6,0,4,Boulevard dâOrient,44.56421,6.10034,16,4,3
202100008523,186Â 500,A01,1,1,1,0,1,-1,-1,0,0,-1,2021,55.0,2,2,0,0,4,23,1,,3,767,0,,3,4,0,2,34,800,1,, -1,2,0,1,110,12,11,2021,11:50,1,22,22004,1,1,1,2,D767,48.614754,-3.283045,11,2,2
202100043205,124Â 432,A01,10,3,2,5,0,-1,-1,2,1,1,2021,60.0,2,1,0,1,1,1,5,,4,RUE D AMSTERDAM,0,,2,2,1,2,(1),(1),1,, -1,1,0,1,50,21,4,2021,12:30,1,75,75108,2,1,0,6,RUE D AMSTERDAM,48.882447,2.327131,12,2,1
202100052700,107Â 530,A01,1,1,1,1,1,5,-1,-1, -1,-1,2021,43.0,2,2,0,2,2,1,1,,4,VERDUN (RUE DE),0,,2,2,0,1,0,0,1,, -1,1,0,1,50,28,1,2021,14:50,1,93,93027,2,1,0,3,VERDUN (RUE DE),48.93118,2.41469,14,2,2
202100052200,108Â 404,A01,1,1,1,5,1,0,-1,-1, -1,-1,2021,38.0,1,2,0,2,4,2,1,,1,AUTOROUTE A1,0,,3,3,0,1,186,600,1,, -1,2,0,1,110,2,2,2021,15:55,1,62,62274,1,1,0,5,AUTOROUTE A1,50.432204,2.979226,15,3,3
202100026773,153Â 865,B01,1,1,1,5,1,0,-1,-1, -1,-1,2021,50.0,2,2,0,2,1,1,1,,4,LORION(RUE LUC),0,,3,3,0,2,0,0,1,, -1,1,9,1,50,27,7,2021,17:30,1,974,97416,2,2,0,3,LORION(RUE LUC),-21.33208,55.47188,17,6,2
202100025841,155Â 495,A01,1,1,2,1,1,0,-1,-1, -1,-1,2021,36.0,2,2,0,2,6,1,1,,1,A51-Sens Aix en Provence vers Marseille,0,,-1,4,0,1,4,0,1,, -1,1,0,1,90,2,5,2021,16:45,1,13,13019,1,1,0,2,A51-Sens Aix en Provence vers Marseille,43.4241,5.37457,16,2,2
202100043415,124Â 058,C01,1,1,1,0,1,-1,-1,-1, -1,-1,2021,56.0,3,2,0,0,4,2,1,,4,COMMUNE DE PARIS (DE LA)            (R ),0,,2,2,0,1,(1),(1),1,, -1,1,0,1,50,19,4,2021,16:15,1,69,69149,2,9,0,4,COMMUNE DE PARIS (DE LA) (R),45.7173717429,4.8056280613,16,3,3
202100006183,190Â 764,A01,1,1,1,5,0,-1,-1,0,0,-1,2021,27.0,1,5,8,0,2,1,1,,3,755,-1,,2,2,0,1,14,800,2,, -1,2,0,3,80,26,11,2021,23:10,3,85,85119,1,1,1,6,RD755 Pk 14+800,46.973869,-1.130261,23,1,1
202100036208,136Â 967,A01,1,1,1,0,1,0,-1,-1, -1,-1,2021,23.0,1,2,4,0,3,9,1,,1,AUTOROUTE A86,0,,3,8,0,2,22,799,1,, -1,1,3,1,50,5,6,2021,23:40,4,93,93008,1,1,0,6,AUTOROUTE A86,48.9065,2.45796,23,1,1
202100040766,128Â 743,A01,1,1,1,1,2,6,-1,0,0,-1,2021,24.0,3,1,0,0,0,1,1,,4,PORTE DE CHAMPERRET,0,,1,3,0,1,17,500,1,, -1,1,0,1,70,8,5,2021,05:00,5,75,75117,2,4,0,7,PORTE DE CHAMPERRET,48.884777,2.286325,5,1,1
202100027646,152Â 302,A01,7,2,2,0,1,-1,-1,0,0,-1,2021,66.0,2,2,15,0,1,1,1,,3,23,0,D,2,2,0,2,20,484,2,, -1,1,0,3,80,22,7,2021,13:00,1,971,97118,1,1,0,6,Route de la Traversee,16.204666,-61.634626,13,3,1
202100031689,145Â 115,B01,1,1,1,5,2,6,-1,0,0,-1,2021,30.0,1,1,0,2,2,1,1,,3,38,0,,2,2,0,1,16,515,1,, -1,1,5,1,80,1,7,2021,18:30,1,85,85035,1,3,0,6,174 Rue de la Grande Sauzaie,46.65374,-1.89503,18,3,3
202100000257,201Â 266,A01,1,1,1,0,1,0,-1,0,0,-1,2021,40.0,2,2,6,0,1,13,1,,3,,0,,2,2,0,2,9,174,3,, -1,1,0,3,50,23,11,2021,00:01,5,6,6069,1,1,0,6,DRAGUIGNAN (ROUTE DE) - D2562-,43.64291,6.90871,0,1,1
202100035043,139Â 056,A01,1,1,1,9,2,6,-1,0,0,-1,2021,28.0,1,1,2,0,1,14,1,,4,MASSEBOEUF (CHEMIN),0,,1,1,0,2,(1),(1),3,, -1,1,0,3,50,11,6,2021,22:45,3,6,6069,2,1,0,6,MASSEBOEUF (CHEMIN),43.64038,6.96609,22,1,1
202100054269,104Â 752,B01,1,1,1,4,1,-1,-1,0,0,-1,2021,31.0,1,5,0,2,3,1,1,,3,982,2,E,2,2,0,1,0,460,3,, -1,2,0,1,80,21,1,2021,17:00,3,51,51507,1,1,1,1,D982E2,49.083431,4.881706,17,3,2
202100001296,199Â 448,A01,1,1,1,5,2,0,-1,0,0,-1,2021,16.0,2,1,14,0,1,1,1,,4,BOULEVARD DE MAGENTA,0,,2,6,1,1,(1),(1),1,, -1,2,0,1,30,26,12,2021,22:05,5,75,75110,2,2,0,6,BOULEVARD DE MAGENTA,48.878518,2.354054,22,1,1
202100051822,109Â 072,A01,10,3,2,9,0,-1,-1,3,3,1,2021,26.0,1,2,1,1,1,1,1,,4,RUE DE JAVEL,0,,-1,1,0,1,(1),(1),1,, -1,1,0,1,50,11,2,2021,09:45,1,75,75115,2,3,0,6,RUE DE JAVEL,48.845134,2.283091,9,2,1
202100019281,167Â 171,B01,1,1,1,9,2,-1,-1,0,0,-1,2021,21.0,0,1,0,2,1,5,1,,3,401,0,,2,2,0,1,8,25,1,, -1,1,0,1,50,12,9,2021,20:55,5,77,77153,2,2,0,3,D401,49.053452,2.675514,20,5,2
202100024978,157Â 012,A01,1,1,1,1,2,6,-1,-1, -1,-1,2021,24.0,2,1,0,0,0,1,1,,1,AUTOROUTE A6B,0,,3,3,0,1,5,800,4,, -1,1,0,1,50,9,8,2021,11:20,1,94,94021,1,1,0,7,AUTOROUTE A6B,48.75962,2.33859,11,1,1
202100017697,169Â 988,B01,1,1,1,1,1,5,-1,-1, -1,-1,2021,21.0,3,2,0,2,1,0,1,,3,PAUL VAILLANT COUTURIER (RUE),0,,-1,0,0,1,1,0,1,, -1,1,5,1,50,21,9,2021,08:00,1,93,93032,2,2,0,3,PAUL VAILLANT COUTURIER (RUE),48.87692,2.54915,8,2,2
202100039215,131Â 527,A01,1,1,1,5,6,2,-1,0,0,-1,2021,18.0,2,1,0,0,1,13,1,,3,D18,0,,2,2,0,1,(1),(1),1,, -1,1,0,3,80,19,5,2021,21:20,3,69,69019,1,1,0,7,D18,46.1141866048,4.7277420759,21,1,1
202100056231,101Â 381,B01,1,1,1,1,2,2,-1,-1, -1,-1,2021,30.0,2,1,0,2,5,16,1,,4,694,0,,2,2,0,3,(1),0,2,, -1,1,5,1,50,4,1,2021,07:39,1,988,98818,2,6,0,3,RUE ARMAND OHLEN/RUE SUZANNE ULM,-22.25692,166.46242,7,2,2
202100052399,108Â 049,B01,1,1,1,0,2,-1,-1,0,0,-1,2021,18.0,0,1,0,2,5,1,3,,4,SAINT QUENTIN (BOULEVARD),0,,1,1,0,1,(1),(1),1,, -1,1,0,1,50,1,2,2021,18:10,5,80,80021,2,1,0,2,SAINT QUENTIN (BOULEVARD),49.87894,2.30349,18,2,2
202100001639,198Â 873,A01,4,2,2,0,8,0,-1,-1, -1,-1,2021,43.0,-1,3,8,2,2,26,1,2.0,3,SALENGRO (AVENUE ROGER),0,,1,3,0,1,0,1,1,, -1,1,0,1,50,23,12,2021,16:10,1,93,93027,2,1,0,3,SALENGRO (AVENUE ROGER),48.93058,2.38557,16,3,2
202100031925,144Â 681,B01,1,1,1,4,2,0,-1,-1, -1,-1,2021,26.0,1,1,0,2,0,1,1,,3,MARECHAL DE LATTRE DE TASSIGNY (AVENUE),0,,3,6,0,1,0,0,1,, -1,1,0,1,50,28,6,2021,10:15,1,92,92012,2,2,0,3,MARECHAL DE LATTRE DE TASSIGNY (AVENUE),48.841230038,2.2253205551,10,2,2