Num_Acc,id_vehicule,num_veh,place,catu,sexe,trajet,secu1,secu2,secu3,locp,actp,etatp,year_acc,victim_age,senc,catv,obs,obsm,choc,manv,motor,occutc,catr,voie,v1,v2,circ,nbv,vosp,prof,pr,pr1,plan,lartpc,larrout,surf,infra,situ,vma,jour,mois,an,hrmn,lum,dep,com,agg_,int,atm,col,adr,lat,long,hour,nb_victim,nb_vehicules
202100046491,118Â 686,A01,2,2,1,2,8,-1,-1,-1,0,-1,2021,16.0,3,1,0,2,1,19,3,,4,PIERREFITTE (RUE DE),0,,2,2,0,2,(1),(1),2,, -1,1,0,1,50,19,3,2021,07:50,1,95,95427,2,2,0,3,GENERAL DE GAULLE (AVENUE DU),48.97380642,2.3491537571,7,3,2
202100039828,130Â 386,A01,1,1,2,1,1,-1,-1,0,0,-1,2021,33.0,1,2,0,2,1,1,1,,4,GUILLOU (BOULEVARD YVES),0,,3,4,0,1,1,0,1,, -1,1,0,1,50,15,5,2021,16:25,1,14,14118,2,3,0,3,Boulevard Yves Guillou,49.17671,-0.3683,16,2,2
202100014681,175Â 470,B01,1,1,2,1,1,-1,-1,0,0,-1,2021,22.0,2,2,0,2,3,1,1,,3,558,-1,,2,2,0,1,6,800,1,, -1,1,0,1,80,8,10,2021,07:30,2,83,83031,1,1,0,1,RD 558 PR 6+800,43.355001,6.410866,7,2,2
202100042181,126Â 226,A01,10,3,2,5,0,-1,-1,3,3,1,2021,48.0,1,2,0,1,8,1,1,,3,RD 492 DU RP SARRELOUIS AU PONT BD HÃPIT,0,,2,2,3,1,1,0,1,, -1,1,0,1,50,28,4,2021,08:50,1,44,44184,1,1,0,6,RD 492 DU RP SARRELOUIS AU PONT BD HÃPIT,47.2672517241,-2.2540640831,8,2,1
202100056129,101Â 551,B01,1,1,1,1,2,6,-1,-1, -1,-1,2021,31.0,2,1,0,2,2,3,1,,1,A4,0,,3,8,0,1,12,300,2,, -1,1,0,1,110,6,1,2021,08:50,1,93,93051,1,1,0,5,A4,48.83659,2.54138,8,4,4
202100040528,129Â 164,A01,2,2,2,5,8,0,-1,-1, -1,-1,2021,16.0,0,1,12,0,1,1,5,,4,61,0,,2,4,2,1,0,0,1,, -1,1,0,1,30,10,5,2021,14:15,1,92,92075,2,1,0,7,PASTEUR (RUE),48.82465,2.29266,14,2,1
202100002399,197Â 492,A01,10,3,1,3,0,-1,-1,5,1,2,2021,62.0,1,2,0,1,3,13,1,,4,MONGE (GASPARD),0,,2,2,0,1,0,0,3,, -1,1,0,4,50,16,12,2021,14:15,1,60,60159,1,1,0,6,Rue Gaspard Monge,49.39645,2.78818,14,2,1
202100011568,181Â 044,A01,2,2,1,5,2,0,-1,-1, -1,-1,2021,15.0,3,1,1,0,1,21,1,,6,HAMBOUM (CHEMIN DE),0,,-1,-1,0,1,0,0,2,, -1,1,0,2,30,22,10,2021,18:45,1,64,64102,1,1,0,3,HAMBOUM (CHEMIN DE),43.4977505637,-1.4600149541,18,3,2
202100032874,143Â 005,B01,1,1,1,5,1,-1,-1,-1, -1,-1,2021,19.0,2,2,0,2,5,2,1,,3,PARIS (AVENUE DE) NÂ°27 A 89 ET NÂ°32 A 12,0,,2,2,1,2,34,1600,1,, -1,1,0,1,50,21,6,2021,16:00,1,51,51454,2,1,0,3,Avenue de Paris,49.24839,4.01115,16,2,2
202100016164,172Â 748,B01,1,1,1,0,2,0,-1,-1, -1,-1,2021,13.0,0,1,0,0,0,1,5,,4,ERDRE ( RTE CHAPELLE SUR),0,,2,2,2,1,0,0,1,, -1,1,0,1,50,28,9,2021,13:15,1,44,44109,2,1,0,3,ERDRE ( RTE CHAPELLE SUR),47.25948,-1.57501,13,2,2
202100054642,104Â 119,A01,1,1,1,5,8,-1,-1,0,0,-1,2021,64.0,3,2,16,0,2,1,1,,4,RC1,0,A,2,2,0,1,0,0,1,, -1,1,0,3,90,17,1,2021,17:00,1,988,98820,1,1,0,7,mouli,-20.722521,166.409526,17,1,1
202100044008,123Â 013,A01,1,1,1,4,2,6,-1,-1, -1,-1,2021,55.0,1,1,0,2,2,17,1,,2,JEAN JAURES (AVENUE),0,,2,2,0,1,0,340,1,, -1,1,0,1,50,2,4,2021,14:25,1,89,89024,2,2,0,3,JEAN JAURES (AVENUE),47.79914,3.5803,14,2,2
202100025998,155Â 209,B01,1,1,1,5,2,0,-1,-1, -1,-1,2021,19.0,1,1,0,2,8,0,1,,4,LOUIS FRANGIN (RUE),0,,2,2,0,2,0,0,1,, -1,1,0,1,50,1,8,2021,20:30,2,13,13205,2,1,0,3,LOUIS FRANGIN (RUE),43.29507,5.40671,20,2,2
202100029836,148Â 460,A01,1,1,1,2,2,0,-1,-1, -1,-1,2021,20.0,2,1,13,0,4,2,1,,3,GUY MOQUET (AV),0,,1,2,0,1,1,0,1,, -1,1,0,1,50,9,7,2021,16:50,1,94,94074,2,1,0,7,Avenue Guy MÃ´quet,48.73991,2.47338,16,1,1
202100027696,152Â 208,B01,1,1,1,0,2,0,-1,-1, -1,-1,2021,21.0,2,1,0,2,1,1,1,,2,RN05,0,,1,2,0,1,(1),(1),1,, -1,1,9,1,50,20,7,2021,16:50,1,971,97101,2,9,0,3,RN05,16.25415,-61.52361,16,2,2
202100008504,186Â 533,A01,1,1,1,5,2,6,-1,0,0,-1,2021,22.0,1,1,0,2,1,7,1,,4,RUE DE RIVOLI,0,,-1,3,3,1,(1),(1),1,, -1,1,-1,6,30,11,11,2021,18:10,5,75,75101,2,3,0,3,RUE DE RIVOLI,48.862181,2.337016,18,3,2
202100032705,143Â 307,A01,1,1,2,9,2,0,-1,0,0,-1,2021,24.0,2,1,0,0,0,21,3,,4,RUE DU CHATEAU D EAU,0,,2,2,0,1,(1),(1),1,, -1,1,0,1,30,23,6,2021,10:05,1,75,75110,2,1,0,7,RUE DU CHATEAU D EAU,48.870796,2.358989,10,1,1
202100040535,129Â 154,C01,2,2,1,9,1,0,-1,-1, -1,-1,2021,46.0,1,2,0,2,4,1,1,,3,1,0,,2,2,0,1,0,0,1,, -1,2,0,1,30,10,5,2021,19:49,1,92,92024,2,1,0,4,CLICHY (QUAI DE) DE (8 A 60),48.9045475127,2.2921836376,19,4,3
202100005591,191Â 811,A01,10,3,2,0,0,-1,-1,2,3,1,2021,79.0,1,2,0,1,1,9,1,,3,2009,0,,2,2,0,1,29,900,1,, -1,2,0,1,50,1,12,2021,10:00,1,3,3254,2,9,1,6,83 Boulevard Ledru Rollin,46.309614,3.288841,10,2,1
202100027547,152Â 489,B01,1,1,2,1,1,0,-1,-1, -1,-1,2021,56.0,2,2,0,2,4,1,1,,1,33 A LALANDE (PEAGE NORD),0,,3,6,0,1,0,376,1,, -1,1,0,1,90,22,7,2021,07:35,1,31,31555,1,1,0,5,33 A LALANDE (PEAGE NORD),43.65024,1.42222,7,3,3
202100011482,181Â 203,A01,10,3,1,5,0,-1,-1,1,3,2,2021,25.0,1,2,0,1,2,21,1,,4,84,0,,2,2,0,1,22,580,1,, -1,1,0,1,50,24,10,2021,17:30,1,37,37211,2,1,0,6,4 Rue de la PrimaudiÃ¨re,47.2293534568,0.7631675315,17,3,1
202100038015,133Â 710,B01,1,1,1,5,2,6,-1,-1, -1,-1,2021,25.0,1,1,0,2,4,1,1,,1,VA008432 LANGLADE A620 Sortie 25,0,,1,3,0,1,11,505,1,, -1,1,0,1,90,27,5,2021,14:15,1,31,31555,2,1,0,2,VA008432 LANGLADE A620 Sortie 25,43.56965,1.42423,14,2,2
202100009448,184Â 813,A01,1,1,1,5,2,8,-1,-1, -1,-1,2021,43.0,0,1,15,0,7,1,1,,4,DENFERT ROCHEREAU RUE COLONEL PIERRE,0,,1,1,0,1,0,0,1,, -1,2,6,1,30,30,10,2021,03:45,5,13,13056,2,1,1,7,DENFERT ROCHEREAU RUE COLONEL PIERRE,43.40838,5.05472,3,1,1
202100003174,196Â 093,A01,1,1,1,4,1,8,-1,-1, -1,-1,2021,33.0,1,2,0,2,6,15,1,,1,86,0,,1,2,0,2,8,0,2,, -1,1,3,1,50,11,12,2021,08:50,1,92,92036,2,2,0,3,PIERRE DE COUBERTIN PROLONGE,48.9358413218,2.2797060013,8,2,2
202100041788,126Â 914,A01,1,1,1,5,0,-1,-1,0,0,-1,2021,22.0,1,1,0,2,1,17,1,,4,BOUCHAYE (RUE AIME),0,,2,2,0,1,(1),(1),1,, -1,1,0,1,50,30,4,2021,16:25,1,65,65417,2,1,0,3,BOUCHAYE (RUE AIME),43.217732,0.102513,16,2,2
202100044195,122Â 677,A01,1,1,2,9,0,-1,-1,0,0,-1,2021,54.0,1,2,3,0,2,2,0,,3,111,-1,,2,2,0,1,19,490,1,, -1,1,2,3,50,14,4,2021,18:50,1,41,41209,2,9,0,6,Rd 111,47.843997,1.111548,18,1,1
202100022924,160Â 646,A01,10,3,2,9,0,-1,-1,3,3,1,2021,31.0,0,2,0,1,8,1,1,,4,AVENUE KLEBER,0,,2,3,0,1,(1),(1),1,, -1,1,0,1,50,20,8,2021,14:00,1,75,75116,2,3,0,6,AVENUE KLEBER,48.871269,2.293249,14,2,1
202100010854,182Â 326,A01,10,3,2,3,0,-1,-1,3,3,1,2021,61.0,2,2,0,1,1,16,1,,3,BONTE (RUE),0,,-1,2,0,1,0,0,1,, -1,1,0,1,50,22,10,2021,15:40,1,91,91521,2,1,0,6,BONTE (RUE),48.65847,2.41235,15,2,1
202100036035,137Â 275,A01,1,1,1,0,2,6,-1,0,0,-1,2021,34.0,1,1,0,2,2,17,1,,3,1017,0,D,2,2,0,1,11,500,1,, -1,1,0,1,50,8,6,2021,17:20,1,60,60612,2,2,1,3,Avenue de CompiÃ¨gne,49.211237,2.593047,17,2,2
202100011120,181Â 857,B01,1,1,1,0,8,0,-1,-1, -1,-1,2021,40.0,2,1,0,2,3,1,3,,3,POMPADOUR(CARREFOUR),0,,1,1,0,1,1,0,2,, -1,2,5,1,50,25,10,2021,07:50,5,94,94028,2,9,1,3,Carrefour de Pompadour,48.77412,2.43894,7,3,2
202100018779,168Â 073,A01,2,2,1,5,1,0,-1,-1, -1,-1,2021,23.0,2,2,2,0,1,21,1,,3,PALMYRE (AVENUE DE LA),0,,2,2,0,4,12,470,4,, -1,2,0,3,70,15,9,2021,02:30,3,17,17380,1,1,1,7,PALMYRE (AVENUE DE LA),45.66249,-1.11822,2,2,1
202100043564,123Â 797,A01,10,3,2,5,0,-1,-1,4,3,2,2021,13.0,3,1,0,1,0,26,1,,4,GALLIENI (AVENUE),0,,2,2,3,1,0,0,1,, -1,1,4,6,50,14,4,2021,18:00,1,93,93053,2,9,0,6,GALLIENI (AVENUE),48.9002,2.4652,18,4,1
202100004208,194Â 232,A01,1,1,1,1,1,0,-1,-1, -1,-1,2021,39.0,2,5,0,2,1,2,1,,2,N186,0,,3,2,0,1,48,500,1,, -1,1,0,1,90,8,12,2021,19:45,5,94,94065,1,1,0,4,A86 EXT,48.7535043338,2.3613490863,19,3,3
202100000778,200Â 324,B01,1,1,2,9,2,0,-1,0,0,-1,2021,57.0,1,1,0,2,1,13,3,,4,RUE DU CHERCHE MIDI,0,,1,1,2,1,(1),(1),1,, -1,1,0,1,30,31,12,2021,13:42,1,75,75106,2,3,0,3,RUE DU CHERCHE MIDI,48.847565,2.322783,13,3,2
202100005075,192Â 706,A01,1,1,2,0,1,-1,-1,-1, -1,-1,2021,50.0,2,2,0,2,1,2,1,,4,CRS VICTOR HUGO,0,,2,2,0,2,(1),(1),1,, -1,1,0,1,30,2,12,2021,13:50,1,33,33039,2,1,0,2,Cours Victor Hugo,44.81173,-0.56448,13,4,2
202100016814,171Â 564,A01,2,1,1,1,2,6,-1,-1, -1,-1,2021,23.0,2,1,0,2,2,19,1,,3,RTE DE MONTLHERY,0,,2,2,0,4,0,0,1,, -1,1,0,1,50,23,9,2021,16:47,1,91,91347,2,3,0,3,RTE DE MONTLHERY,48.63524,2.28567,16,2,2
202100052521,107Â 841,A01,3,2,2,5,1,8,-1,-1, -1,-1,2021,56.0,3,2,0,2,1,9,1,,4,NORTHAMPTON (AVENUE DE),0,,2,4,3,1,(1),(1),1,, -1,1,0,1,50,3,2,2021,16:25,1,86,86194,2,3,0,3,Avenue de Northampton,46.57893,0.37898,16,4,2
202100055987,101Â 814,A01,1,1,1,5,1,-1,-1,0,0,-1,2021,22.0,2,2,0,2,8,13,1,,3,35,-1,,2,2,0,2,16,800,3,, -1,1,0,1,80,8,1,2021,16:00,1,64,64353,1,1,0,1,9 route de lourdes,43.091221,-0.382494,16,2,2
202100051083,110Â 366,A01,10,3,1,9,0,-1,-1,3,3,2,2021,22.0,1,2,0,1,1,1,1,,4,COURS DE VINCENNES,0,,1,0,0,1,(1),(1),1,, -1,2,0,1,30,18,2,2021,16:30,1,75,75112,2,1,1,6,COURS DE VINCENNES,48.846827,2.410052,16,2,1
202100050015,112Â 342,B01,1,1,1,0,8,0,-1,-1, -1,-1,2021,22.0,1,1,0,2,0,0,3,,7,DOREZ BARTHELEMY PLACE,0,,-1,3,0,1,(1),(1),1,, -1,1,0,8,50,11,2,2021,16:00,1,59,59350,2,9,0,6,DOREZ BARTHELEMY PLACE,50.618519,3.050459,16,2,2
202100028519,150Â 737,A01,1,1,2,5,2,6,9,0,0,-1,2021,54.0,2,1,0,0,1,1,1,,3,42,-1,A,2,2,0,2,10,150,3,, -1,1,0,3,-1,18,7,2021,12:20,1,83,83019,1,1,0,7,Route de Cabasson,43.12011,6.324606,12,1,1
202100027496,152Â 579,A01,10,3,2,3,0,-1,-1,1,3,1,2021,16.0,2,1,0,1,1,5,5,,4,,0,,1,1,2,1,(1),(1),1,, -1,1,0,5,50,22,7,2021,17:30,1,69,69383,2,1,0,6,PAUL BERT (R),45.75571,4.84435,17,2,1
202100004446,193Â 816,A01,1,1,1,5,2,6,9,0,0,-1,2021,55.0,3,6,2,0,1,1,1,,4,,0,,-1,1,0,1,(1),(1),2,, -1,6,0,8,-1,5,12,2021,11:15,1,3,3161,1,1,1,6,La Faye,46.187013,2.661384,11,1,1
202100051162,110Â 223,B01,1,1,1,0,8,8,-1,-1, -1,-1,2021,66.0,0,1,1,0,8,21,0,,4,LANGUEDOC (AVENUE DU CD 88),0,,2,2,0,1,(1),(1),1,, -1,1,0,1,50,16,2,2021,14:22,1,66,66136,2,1,0,7,LANGUEDOC (AVENUE DU CD 88),42.73107,2.88934,14,2,2
202100049516,113Â 244,A01,3,2,1,0,2,0,-1,-1, -1,-1,2021,30.0,3,1,0,0,7,0,1,,4,LA FONTAINE (RUE),0,,1,1,0,1,(1),(1),1,, -1,1,0,1,50,2,3,2021,17:30,1,10,10387,2,1,0,7,LA FONTAINE (RUE),48.29735,4.08011,17,2,1
202100022116,162Â 096,B01,1,1,1,9,2,0,-1,0,0,-1,2021,37.0,2,1,0,2,3,16,1,,4,AVENUE PARMENTIER,0,,2,2,0,1,(1),(1),1,, -1,2,0,1,30,28,8,2021,11:40,1,75,75111,2,2,1,3,AVENUE PARMENTIER,48.8668776825,2.3733601174,11,2,2
202100048514,115Â 044,B01,1,1,1,1,8,0,-1,-1, -1,-1,2021,33.0,2,2,0,0,4,1,1,,3,GOURGAUD(AVENUE),0,,2,2,0,1,0,100,1,, -1,1,0,1,50,10,3,2021,07:15,1,91,91691,2,9,0,2,GOURGAUD(AVENUE),48.73255,2.51224,7,3,2
202100005916,191Â 216,A01,1,1,1,0,8,0,-1,0,0,-1,2021,32.0,3,1,0,2,1,1,5,,7,CLAUSSAT (AVENUE JOSEPH),0,,2,2,0,1,(1),(1),1,, -1,1,0,1,50,25,11,2021,20:00,5,63,63075,2,1,0,3,CLAUSSAT (AVENUE JOSEPH),45.78039,3.06295,20,2,2
202100018432,168Â 679,B01,1,1,2,1,2,4,-1,0,0,-1,2021,48.0,3,1,0,2,8,23,3,,3,VERDUN (AVENUE DE),0,,4,1,2,1,0,0,1,, -1,1,4,1,50,17,9,2021,19:10,1,92,92078,2,2,0,3,VERDUN (AVENUE) (PAIRS 2 A 38),48.9355679124,2.3359492242,19,2,2
202100055544,102Â 572,A01,10,3,2,3,0,-1,-1,5,9,1,2021,79.0,2,2,0,1,2,20,1,,3,LIBERATION - CAR DE PINCE-VENT (AV DE LA,0,,-1,0,0,1,1,0,1,, -1,1,6,4,50,11,1,2021,15:10,1,94,94019,2,1,0,6,LIBERATION - CAR DE PINCE-VENT (AV DE LA,48.79993,2.543609,15,2,1
202100025827,155Â 525,A01,2,2,2,0,1,-1,-1,0,0,-1,2021,25.0,1,2,4,0,1,1,1,,3,117,-1,,2,2,0,1,5,305,1,, -1,1,0,3,80,4,8,2021,01:00,3,66,66164,1,1,0,7,RD117,42.75749,2.856617,1,2,1
202100040907,128Â 505,B01,1,1,1,0,8,-1,-1,-1, -1,-1,2021,48.0,1,1,0,2,7,1,5,,3,MAURIAC (AVENUE FRANCOIS),0,,1,1,1,1,11,0,2,, -1,1,0,8,50,7,5,2021,07:35,1,51,51454,2,6,0,3,Avenue FranÃ§ois Mauriac,49.23373,3.99941,7,2,2
202100013926,176Â 809,A01,1,1,1,1,2,6,9,0,0,-1,2021,60.0,1,1,0,6,1,1,1,,3,674,0,,2,2,0,1,56,500,1,, -1,1,0,1,70,11,10,2021,04:30,3,57,57197,1,9,1,6,Rue de Nancy,49.061523,6.984478,4,1,1
202100009725,184Â 318,B01,2,2,2,0,2,0,-1,-1, -1,-1,2021,33.0,2,1,0,2,7,1,1,,3,MADELEINE (ROUTE DE LA),0,,2,1,0,1,3,800,1,, -1,1,0,1,50,2,11,2021,16:38,1,973,97302,2,1,0,3,MADELEINE (ROUTE DE LA),4.90967,-52.32158,16,3,2
202100050804,110Â 868,A01,1,1,1,0,0,-1,-1,0,0,-1,2021,82.0,2,2,6,0,3,13,1,,3,921,0,,2,2,0,1,23,585,1,, -1,1,0,4,50,19,2,2021,13:30,1,12,12119,2,1,0,6,23 AllÃ©e de l'Amicale,44.683749,2.849123,13,1,1
202100041803,126Â 885,A01,1,1,1,0,1,0,-1,-1, -1,-1,2021,23.0,2,2,0,2,3,18,1,,7,LITTORAL (CHEMIN DU),0,,1,2,0,2,0,0,1,, -1,1,0,1,50,30,4,2021,22:39,5,13,13215,2,1,0,3,LITTORAL (CHEMIN DU),43.3475442079,5.3437609089,22,4,2
202100026155,154Â 941,A01,1,1,1,5,2,0,-1,0,0,-1,2021,20.0,1,1,0,2,8,2,1,,4,AVENUE DU GENERAL LECLERC,0,,2,2,0,1,(1),(1),1,, -1,1,0,1,50,31,7,2021,10:45,1,75,75114,2,2,0,2,AVENUE DU GENERAL LECLERC,48.829591,2.328375,10,2,2
202100041232,127Â 902,A01,1,1,2,4,1,0,-1,-1, -1,-1,2021,25.0,1,2,0,2,4,2,1,,1,AUTOROUTE A3,0,,3,6,0,2,2,0,1,, -1,2,8,1,70,6,5,2021,18:30,1,93,93048,1,1,1,2,AUTOROUTE A3,48.8732,2.43592,18,2,2
202100056224,101Â 397,A01,1,1,2,5,1,0,-1,-1, -1,-1,2021,27.0,2,2,0,2,4,1,1,,1,A507 sens Aubagne- Marseille,0,,1,4,0,3,3,599,1,, -1,1,0,1,70,4,1,2021,17:45,5,13,13055,1,9,0,2,A507 sens Aubagne- Marseille,43.3295690892,5.4129123696,17,2,2
202100017903,169Â 619,A01,10,3,1,5,0,-1,-1,3,3,1,2021,23.0,1,1,0,1,1,1,1,,3,EUROPE (AVENUE),0,,4,2,0,1,0,0,1,, -1,1,0,1,50,20,9,2021,13:20,1,92,92009,2,9,0,6,EUROPE (AVENUE),48.90651,2.25955,13,2,1
202100021269,163Â 637,A01,10,3,1,9,8,8,-1,2,3,1,2021,45.0,1,2,0,1,2,1,1,,4,ORIELS (RUE DES),0,,2,2,0,2,0,0,1,, -1,1,0,1,30,2,9,2021,08:40,1,28,28134,2,1,0,1,ORIELS (RUE DES),48.73868,1.39135,8,2,1
202100006325,190Â 482,A01,10,3,2,5,0,-1,-1,6,1,2,2021,52.0,0,2,0,1,1,14,1,,3,54,-1,,-1,2,0,1,(1),(1),1,, -1,1,0,3,50,26,11,2021,06:00,2,974,97410,1,1,0,2,Chemin du Cratere,-21.049211,55.702714,6,2,1
202100010073,183Â 692,B01,1,1,1,5,1,-1,-1,0,0,-1,2021,33.0,2,2,0,0,4,15,1,,3,52,0,,2,2,0,1,22,800,1,, -1,1,0,1,80,31,10,2021,11:30,1,68,68041,1,9,0,2,ROUTE DÃPARTEMENTALE 52,47.884733,7.553895,11,3,2
202100008592,186Â 373,A01,1,1,1,9,2,6,-1,0,0,-1,2021,27.0,3,1,12,0,3,13,1,,4,PLACE DE VERDUN,0,,1,3,0,1,(1),(1),2,, -1,1,0,1,30,10,11,2021,00:50,5,75,75117,2,7,0,6,PLACE DE VERDUN,48.878649,2.280002,0,1,1
202100052098,108Â 584,A01,1,1,1,1,2,0,-1,-1, -1,-1,2021,29.0,2,1,0,0,7,1,1,,2,RN104,0,,3,2,0,1,0,600,3,, -1,7,0,1,90,9,2,2021,06:30,3,77,77258,1,1,0,7,RN104,48.8246281212,2.6157410559,6,1,1
202100012249,179Â 828,A01,10,3,1,2,0,-1,-1,2,4,1,2021,12.0,1,2,0,1,2,1,1,,4,AVENUE EMILE ZOLA,0,,2,2,0,1,(1),(1),1,, -1,1,0,1,30,19,10,2021,15:50,1,75,75115,2,1,0,6,AVENUE EMILE ZOLA,48.846377,2.282629,15,2,1
202100016619,171Â 928,A01,10,3,2,5,0,-1,-1,2,3,1,2021,58.0,0,2,0,1,1,26,1,,4,MAUDUECH (RUE RENE),0,,-1,2,0,1,0,0,3,, -1,2,0,1,50,16,9,2021,17:30,1,83,83050,2,4,1,6,MAUDUECH (RUE RENE),43.53526,6.46362,17,2,1
202100011210,181Â 694,A01,1,1,2,1,8,0,-1,-1, -1,-1,2021,30.0,3,1,0,2,1,19,3,,3,STRASBOURG (bld),0,,2,2,0,1,28,394,1,, -1,1,0,1,70,23,10,2021,18:40,1,50,50502,2,1,0,3,STRASBOURG (bld),49.0993,-1.08444,18,2,2
202100015556,173Â 879,B01,1,1,1,1,2,0,-1,0,0,-1,2021,26.0,1,1,0,2,7,1,1,,7,RD 83,0,,2,2,0,1,(1),(1),1,, -1,1,0,1,50,1,10,2021,17:30,1,54,54439,2,3,0,3,RD 83,48.70559,6.25925,17,2,2
202100012866,178Â 728,A01,1,1,1,9,8,0,-1,0,0,-1,2021,40.0,1,1,0,2,7,15,5,,4,AVENUE DE LA PORTE DE CLIGNANCOURT,0,,2,5,0,1,(1),(1),1,, -1,1,0,1,30,16,10,2021,16:15,1,75,75118,2,3,0,2,AVENUE DE LA PORTE DE CLIGNANCOURT,48.899337,2.344059,16,2,2
202100055931,101Â 903,A01,10,3,1,5,0,-1,-1,4,3,-1,2021,76.0,1,2,0,1,1,1,1,,4,FONDERE (RUE),0,,1,2,1,1,0,0,1,, -1,1,0,1,50,7,1,2021,10:00,1,13,13204,2,1,0,3,FONDERE (RUE),43.3019,5.40045,10,2,1
202100014373,176Â 020,A01,1,1,1,0,2,6,-1,-1, -1,-1,2021,27.0,2,1,0,2,1,26,1,,2,ROCADE 11-12,0,,3,4,0,1,11,500,1,, -1,1,0,1,90,8,10,2021,13:45,1,35,35281,1,1,0,2,ROCADE 11-12,48.086801,-1.700668,13,3,2
202100014087,176Â 520,A01,1,1,1,5,2,6,-1,0,0,-1,2021,30.0,2,1,6,0,4,1,1,,3,787,0,,2,2,0,2,(1),(1),1,, -1,1,0,1,50,9,10,2021,18:20,1,22,22161,2,1,0,6,Rue de l Armor,48.566008,-3.144203,18,1,1
202100032889,142Â 972,B01,1,1,1,1,2,0,-1,-1, -1,-1,2021,40.0,1,1,0,2,5,1,5,,4,LAFAYETTE RUE,0,,2,2,0,1,(1),(1),2,, -1,2,0,1,50,22,6,2021,06:50,1,25,25056,2,6,1,3,LAFAYETTE RUE,47.2172,5.96772,6,2,2
202100047678,116Â 530,A01,1,1,2,3,1,-1,-1,0,0,-1,2021,70.0,1,2,17,0,1,1,2,,3,20,-1,,2,2,0,1,26,127,1,, -1,1,0,3,70,17,3,2021,16:00,1,34,34218,1,1,0,6,DÃ©partementale 20,43.443821,2.999407,16,1,1
202100029091,149Â 746,A01,10,3,2,9,0,-1,-1,5,8,1,2021,62.0,0,3,0,1,1,23,3,1.0,4,STENDHAL (RUE),0,,2,2,0,1,(1),(1),1,, -1,1,0,1,50,10,7,2021,19:04,1,80,80021,2,1,0,6,STENDHAL (RUE),49.9081927855,2.3168063164,19,2,1
202100018149,169Â 173,A01,1,1,2,5,1,-1,-1,0, -1,-1,2021,71.0,3,2,13,0,3,13,2,,3,RD 70 (route dÃ©partementale),0,,2,0,0,1,1,500,1,, -1,1,0,8,80,18,9,2021,16:15,1,29,29039,1,2,0,7,KERFEST ( CHEMIN DE),47.91095358,-3.904008865,16,1,1
202100002526,197Â 262,A01,1,1,1,3,2,-1,-1,0,0,-1,2021,31.0,1,1,0,0,7,1,1,,3,30,0,,2,2,0,1,10,800,2,, -1,1,9,1,50,18,12,2021,11:40,1,28,28120,2,1,0,7,2 Rue de Senonches,48.665833,1.077585,11,1,1
202100036758,135Â 999,A01,1,1,1,4,2,8,-1,-1, -1,-1,2021,39.0,1,1,9,0,7,12,1,,1,Bretelle sortie A1,0,,3,1,3,1,1,100,1,, -1,1,9,1,70,1,6,2021,18:45,5,972,97209,2,1,0,6,Bretelle sortie A1,14.61384485,-61.0500812531,18,1,1
202100055866,102Â 023,A01,1,1,1,2,2,6,-1,0,0,-1,2021,16.0,1,1,15,0,0,17,1,,4,,-1,,2,2,0,1,(1),(1),1,, -1,1,0,1,50,8,1,2021,17:40,5,63,63178,2,1,0,7,Boulevard Jules Cibrand,45.545267,3.250778,17,2,2
202100026194,154Â 873,A01,1,1,1,5,1,-1,-1,0,0,-1,2021,19.0,3,2,13,0,2,1,1,,4,,-1,,2,2,0,4,(1),(1),2,,5,1,0,3,-1,31,7,2021,07:20,2,29,29268,1,1,0,6,Lieu-dit Veuleury,48.462436,-4.300665,7,1,1
202100037503,134Â 633,A01,1,1,1,5,1,5,-1,0,0,-1,2021,30.0,2,2,0,2,2,13,1,,2,12,-1,,2,2,0,1,28,600,1,, -1,1,0,1,80,30,5,2021,12:50,1,27,27679,1,1,0,1,rn 12 pk 28.600,48.721639,0.887682,12,2,2
202100055920,101Â 922,A01,10,3,2,5,0,-1,-1,4,3,1,2021,34.0,3,2,0,1,2,1,1,,4,EIFFEL (AVENUE GUSTAVE),0,,2,3,0,1,(1),(1),1,, -1,1,0,1,50,6,1,2021,11:15,1,37,37261,2,1,0,6,EIFFEL (AVENUE GUSTAVE),47.4241894486,0.6973033317,11,2,1
202100013758,177Â 118,A01,1,1,1,5,2,6,-1,0,0,-1,2021,46.0,2,1,0,0,0,1,1,,3,908,-1,,2,2,0,1,60,380,2,, -1,1,0,3,80,5,10,2021,11:24,1,4,4006,1,1,0,7,RD 908,44.301754,6.582956,11,1,1
202100027050,153Â 365,A01,2,2,2,5,1,-1,-1,-1, -1,-1,2021,86.0,3,2,6,0,1,19,1,,4,,0,,2,2,0,1,(1),(1),1,, -1,1,0,4,50,25,7,2021,16:15,1,69,69388,2,1,0,6,NUNGESSER ET COLI (R),45.741,4.879,16,2,1
202100029841,148Â 451,B01,1,1,1,0,1,0,-1,-1, -1,-1,2021,47.0,2,2,0,2,3,1,1,,3,PAUL ANDRIEUX (R),0,,2,3,1,1,1,0,1,, -1,1,0,1,50,9,7,2021,19:00,1,94,94041,2,1,0,1,Rue Paul Andrieux,48.81205,2.36675,19,2,2
202100046391,118Â 848,B01,1,1,1,0,2,6,-1,-1, -1,-1,2021,47.0,3,1,0,2,8,1,1,,3,GENERAL DE GAULLE (AV DU),0,,2,2,0,1,1,0,1,, -1,1,0,1,50,26,3,2021,12:35,1,94,94073,2,3,0,6,Rue du FossÃ© Bazin,48.7681,2.37318,12,1,1