Num_Acc,id_vehicule,num_veh,place,catu,sexe,trajet,secu1,secu2,secu3,locp,actp,etatp,year_acc,victim_age,senc,catv,obs,obsm,choc,manv,motor,occutc,catr,voie,v1,v2,circ,nbv,vosp,prof,pr,pr1,plan,lartpc,larrout,surf,infra,situ,vma,jour,mois,an,hrmn,lum,dep,com,agg_,int,atm,col,adr,lat,long,hour,nb_victim,nb_vehicules
202100019431,166Â 904,A01,2,2,2,5,2,6,-1,0,0,-1,2021,57.0,2,1,0,0,8,1,1,,3,256,0,,-1,2,0,2,7,100,2,, -1,1,0,1,80,12,9,2021,17:15,1,71,71297,1,1,0,7,Runchy,46.893516,4.259691,17,2,1
202100001980,198Â 260,A01,1,1,1,4,1,-1,-1,-1,0,-1,2021,52.0,2,4,16,0,7,26,1,,1,AUTOROUTE A1,0,,3,6,0,1,18,200,1,, -1,1,0,3,110,21,12,2021,20:46,3,95,95527,1,1,0,7,AUTOROUTE A1,49.002818,2.524141,20,1,1
202100011517,181Â 131,A01,1,1,1,0,1,0,-1,-1, -1,-1,2021,32.0,1,2,0,2,1,1,1,,1,A13Y,0,,3,2,0,1,14,399,1,, -1,1,0,1,110,22,10,2021,13:30,1,78,78043,1,1,0,4,A13Y,48.84757,2.07683,13,3,3
202100049769,112Â 778,B01,2,2,1,9,2,0,-1,0,0,-1,2021,32.0,2,1,0,2,1,1,1,,4,RUE JOSEPH LIOUVILLE,0,,2,2,0,1,(1),(1),1,, -1,1,0,1,50,27,2,2021,21:50,5,75,75115,2,3,0,3,RUE JOSEPH LIOUVILLE,48.84506,2.297445,21,3,2
202100015351,174Â 272,B01,1,1,1,5,2,0,-1,-1, -1,-1,2021,16.0,3,1,0,2,7,1,1,,4,,0,,2,7,0,1,(1),(1),1,, -1,1,0,1,50,3,10,2021,13:55,1,1,1053,2,6,0,3,SAINT ROCH (RUE),46.193488,5.224897,13,2,2
202100005074,192Â 708,B01,1,1,1,4,2,6,-1,-1, -1,-1,2021,49.0,1,1,0,2,3,1,1,,4,ALL DES TONNES,0,,2,2,0,1,(1),(1),1,, -1,2,0,1,30,2,12,2021,18:10,5,33,33075,2,3,1,3,AllÃ©e des Tonnes,44.87246,-0.58611,18,2,2
202100023894,158Â 923,B01,1,1,1,0,1,0,-1,-1, -1,-1,2021,29.0,3,2,0,2,8,26,1,,4,CENDRILLES (DES),0,,2,2,0,1,(1),(1),1,, -1,1,0,1,30,16,8,2021,10:10,1,17,17306,2,2,0,3,CENDRILLES (DES),45.648174,-1.034186,10,2,2
202100015449,174Â 092,C01,1,1,2,0,1,0,-1,-1, -1,-1,2021,25.0,1,2,0,2,2,1,1,,1,AUTOROUTE A1,0,,3,10,0,1,2,0,1,, -1,2,0,1,90,3,10,2021,12:00,1,93,93066,1,1,1,4,AUTOROUTE A1,48.92,2.3575,12,3,3
202100033394,142Â 076,A01,1,1,1,5,2,-1,-1,0,0,-1,2021,31.0,2,1,12,0,3,13,1,,2,MITTERRAND (AVENUE FRANCOIS),0,,2,2,0,1,20,81,1,, -1,1,0,1,50,20,6,2021,01:30,5,65,65417,2,1,0,6,MITTERRAND (AVENUE FRANCOIS),43.232744,0.092418,1,1,1
202100016695,171Â 783,B01,1,1,1,5,1,-1,-1,0,0,-1,2021,39.0,2,2,0,2,6,17,1,,2,12,-1,,3,4,3,1,22,350,1,, -1,1,0,1,110,26,9,2021,20:35,3,22,22185,1,9,0,2,RN.12,48.375366,-2.358182,20,2,2
202100050282,111Â 835,A01,1,1,1,3,2,6,-1,0,0,-1,2021,17.0,2,1,0,2,6,1,1,,3,958,0,D,2,2,0,1,19,500,1,, -1,1,0,1,50,26,2,2021,10:25,1,59,59571,2,1,0,5,Rue Georges ClÃ©menceau,50.185936,3.497144,10,3,3
202100000482,200Â 843,A01,1,1,1,5,2,6,9,0,0,-1,2021,35.0,3,1,0,2,1,17,1,,3,6089,-1,D,2,2,0,1,(1),(1),1,, -1,1,0,1,80,30,12,2021,13:25,1,24,24449,1,1,0,3,Claud de l Oiseau,45.020452,0.2317,13,3,2
202100020171,165Â 579,A01,8,2,1,4,0,-1,-1,0,0,-1,2021,57.0,1,4,16,0,7,1,1,,1,2,0,,2,4,0,1,13,161,1,, -1,1,8,3,130,21,6,2021,08:10,1,62,62731,1,1,0,7,A2,50.07856,3.024331,8,2,1
202100051702,109Â 276,B01,2,1,1,5,2,6,-1,-1, -1,-1,2021,23.0,1,1,0,2,1,1,1,,7,MERMOZ (RUE JEAN),0,,2,2,0,1,0,0,1,, -1,2,0,1,30,12,2,2021,19:20,5,13,13005,2,2,1,1,MERMOZ (RUE JEAN),43.2871059968,5.573547553,19,2,2
202100029369,149Â 279,A01,1,1,1,3,8,-1,-1,0,0,-1,2021,43.0,1,2,2,0,3,1,1,,3,2,0,D,2,2,0,1,4,300,1,, -1,1,0,3,90,12,7,2021,14:00,1,34,34051,1,1,0,7,D2,43.6047489885,3.4781490979,14,1,1
202100028893,150Â 077,A01,9,2,2,0,1,-1,-1,0,0,-1,2021,30.0,1,2,0,0,2,1,1,,2,176,-1,N,3,4,0,1,19,200,1,, -1,1,0,3,110,16,7,2021,17:43,1,22,22388,1,1,0,7,RN176 PR019+200,48.438084,-2.141111,17,4,1
202100017493,170Â 355,B01,1,1,1,4,2,0,-1,0,0,-1,2021,47.0,1,1,0,2,4,23,1,,4,AVENUE DE VERSAILLES,0,,1,4,0,1,(1),(1),1,, -1,1,0,1,30,22,9,2021,00:55,5,75,75116,2,4,0,2,AVENUE DE VERSAILLES,48.8381831218,2.2582026453,0,2,2
202100000172,201Â 437,A01,1,1,1,0,2,6,-1,-1, -1,-1,2021,15.0,2,1,1,2,9,17,1,,4,GRAILLE (AVENUE JEAN),0,,1,1,0,1,0,0,1,, -1,1,0,1,50,19,10,2021,11:15,1,13,13028,2,1,0,5,GRAILLE (AVENUE JEAN),43.1798272072,5.5977528749,11,2,2
202100041597,127Â 249,A01,1,1,2,5,1,-1,-1,0,0,-1,2021,19.0,1,2,13,0,0,1,1,,3,619,-1,,2,2,0,2,90,580,2,, -1,1,0,3,80,4,5,2021,11:40,1,70,70120,1,1,0,6,rd 619 - Le ban,47.677106,6.716037,11,1,1
202100020089,165Â 714,A01,1,1,2,1,1,8,-1,-1, -1,-1,2021,59.0,0,2,9,0,2,1,1,,7,MILLIERE (BOULEVARD DE LA ),0,,2,2,0,1,0,0,1,, -1,1,0,1,50,8,9,2021,06:10,5,13,13211,2,1,0,1,MILLIERE (BOULEVARD DE LA ),43.283,5.493,6,1,1
202100027367,152Â 798,B01,1,1,1,0,8,0,-1,-1, -1,-1,2021,10.0,3,1,0,2,4,26,6,,4,BOISSIER DE SAUVAGE (quai),0,,3,4,0,1,0,0,1,, -1,1,0,1,50,23,7,2021,22:00,5,30,30007,2,1,0,3,BOISSIER DE SAUVAGE (quai),44.1267,4.07395,22,2,2
202100053821,105Â 545,A01,4,2,2,0,1,0,-1,-1, -1,-1,2021,19.0,2,2,3,0,0,1,1,,1,AUTOROUTE A86,0,,3,8,0,3,15,100,3,, -1,7,2,1,90,24,1,2021,04:45,3,93,93001,1,1,0,6,AUTOROUTE A86,48.92122,2.37432,4,4,1
202100032596,143Â 509,A01,1,1,2,5,1,-1,-1,0,0,-1,2021,22.0,2,2,0,2,0,0,1,,1,8,-1,,3,4,0,2,196,520,2,, -1,1,1,1,90,25,6,2021,15:27,1,6,6088,1,1,0,5,A8 PK 196.520 NORD,43.734678,7.253122,15,3,3
202100006804,189Â 617,B01,1,1,1,5,2,6,-1,-1,0,-1,2021,28.0,2,1,0,2,7,9,1,,1,AUTOROUTE A15,0,,3,10,0,1,7,199,1,, -1,1,0,1,110,23,11,2021,09:05,1,95,95018,1,1,0,3, A15,48.9599262817,2.2713712872,9,2,2
202100006961,189Â 322,A01,1,1,1,1,1,-1,-1,0,0,-1,2021,25.0,2,2,0,2,3,17,1,,3,64,0,,2,2,0,1,7,925,1,, -1,1,0,1,80,22,11,2021,19:15,3,70,70171,1,1,0,1,D64,47.889039,6.301174,19,5,2
202100047306,117Â 210,A01,10,3,2,1,0,-1,-1,2,3,1,2021,55.0,1,2,0,1,1,1,1,,3,171,-1,,-1,2,0,1,9,190,1,, -1,1,6,1,30,20,3,2021,18:15,1,26,26004,2,1,1,6,5 Avenue du Vivarais,44.974058,5.0264503,18,2,1
202100007529,188Â 292,A01,1,1,1,5,2,-1,-1,0,0,-1,2021,74.0,0,1,6,0,1,1,5,,4,,-1,,-1,2,0,1,(1),(1),1,,4,1,0,1,50,18,11,2021,16:00,1,22,22081,2,1,0,7,Rue de la Mare Noire,48.485197,-2.6402,16,1,1
202100026330,154Â 629,B01,1,1,2,9,2,0,-1,0,0,-1,2021,21.0,2,1,0,2,1,1,3,,4,RUE DE VAUGIRARD,0,,1,3,1,1,(1),(1),1,, -1,1,0,5,30,29,7,2021,17:45,1,75,75115,2,1,0,3,RUE DE VAUGIRARD,48.840539,2.304715,17,2,2
202100048521,115Â 028,C01,1,1,1,4,1,0,-1,-1, -1,-1,2021,33.0,1,2,0,2,4,23,1,,4,ESTIENNE D'ORVES (BD D'),0,,3,4,0,1,0,0,1,, -1,1,0,1,70,9,3,2021,18:30,1,72,72181,2,1,0,5,ESTIENNE D'ORVES (BD D'),47.97957,0.19398,18,3,3
202100048541,114Â 986,B01,1,1,1,1,2,6,-1,-1, -1,-1,2021,60.0,3,0,0,2,3,19,3,,4,POMPIDOU(AVENUE GEORGES),0,,2,4,1,1,(1),(1),1,, -1,1,5,5,50,10,3,2021,07:45,1,56,56260,2,1,0,3,POMPIDOU (AVENUE GEORGES),47.66568,-2.77032,7,2,2
202100021836,162Â 596,B01,1,1,1,0,2,6,-1,0,0,-1,2021,48.0,1,1,0,2,8,0,1,,3,332,0,D,2,2,0,2,21,0,4,, -1,1,0,1,50,31,8,2021,13:20,1,60,60176,2,9,0,3,Route de Compiegne,49.238951578,2.8882092078,13,2,2
202100004113,194Â 388,A01,1,1,1,9,2,6,-1,0,0,-1,2021,46.0,1,1,12,0,1,14,1,,4,AVENUE DE VERSAILLES,0,,2,2,0,1,(1),(1),1,, -1,2,8,1,30,27,11,2021,17:40,5,75,75116,2,1,1,6,AVENUE DE VERSAILLES,48.840366,2.264345,17,1,1
202100029928,148Â 304,B01,1,1,2,5,1,-1,-1,-1, -1,-1,2021,33.0,2,2,0,2,1,2,1,,2,ROUTE NATIONALE 89,0,,3,5,0,1,49,683,1,, -1,1,3,1,50,7,7,2021,11:35,1,33,33013,1,9,0,3,Route Nationale 89,44.868833,-0.499702,11,2,2
202100019175,167Â 357,A01,1,1,1,0,1,0,-1,-1, -1,-1,2021,34.0,3,2,1,0,2,1,1,,4,RENNES (RUE DE),0,,2,4,1,1,0,0,1,, -1,1,0,1,50,13,9,2021,11:00,1,35,35051,2,1,0,6,RENNES (RUE DE),48.11442,-1.60471,11,1,1
202100047898,116Â 119,A01,1,1,2,0,2,0,-1,-1, -1,-1,2021,41.0,1,1,0,2,1,9,1,,2,MARINGOUINS (ROND-POINT),0,,1,2,0,1,3,0,3,, -1,1,0,1,50,15,3,2021,11:45,1,973,97302,1,6,0,3,MARINGOUINS (ROND-POINT),4.90777,-52.32248,11,2,2
202100042630,125Â 426,B01,1,1,2,5,2,-1,-1,0,0,-1,2021,50.0,0,1,0,2,1,15,-1,,4,0,0,,2,2,0,2,(1),(1),3,, -1,1,0,1,50,26,4,2021,12:15,1,69,69133,1,1,0,1,TOUR (DE LA) (COT),45.633665261,4.7907040791,12,2,2
202100029245,149Â 484,A01,1,1,2,0,1,-1,-1,-1, -1,-1,2021,29.0,1,2,4,0,2,14,1,,1,ROCADE A 630,0,,1,2,0,2,0,389,2,, -1,2,3,1,50,13,7,2021,15:55,1,33,33249,1,1,1,7,ROCADE A 630,44.884669,-0.513288,15,1,1
202100054473,104Â 395,B01,1,1,1,1,2,6,-1,0,0,-1,2021,48.0,2,1,0,2,3,1,1,,4,RUE JEAN NICOT,0,,1,-1,0,1,(1),(1),1,, -1,1,0,1,50,19,1,2021,17:00,2,75,75107,2,1,0,3,RUE JEAN NICOT,48.860578,2.307313,17,2,2
202100028076,151Â 524,B01,1,1,1,0,2,6,-1,-1, -1,-1,2021,55.0,1,1,0,2,1,3,1,,1,86,0,,1,2,0,1,53,678,1,, -1,1,0,1,70,20,7,2021,19:00,1,92,92002,1,1,0,2,AUTOROUTE A86,48.7617,2.2984,19,2,2
202100027978,151Â 694,A01,10,3,2,0,0,-1,-1,5,A,-1,2021,32.0,1,1,1,1,1,25,1,,4,EUGENE GIVORS (R),0,,2,2,0,1,1,0,1,, -1,1,0,4,50,20,7,2021,15:25,1,94,94038,2,1,0,6,Rue EugÃ¨ne Givors,48.78322,2.33111,15,2,1
202100046090,119Â 371,A01,1,1,1,1,2,8,-1,-1, -1,-1,2021,17.0,2,1,0,2,1,1,1,,4,,0,,2,2,0,1,(1),(1),1,, -1,1,0,1,50,26,3,2021,13:10,1,56,56121,2,2,0,3,Rue de Carnel,47.74026,-3.36878,13,2,2
202100050732,111Â 004,B01,3,2,1,0,1,-1,-1,-1, -1,-1,2021,6.0,3,2,0,2,6,1,1,,4,PERRACHE                            (QU),0,,2,2,0,1,(1),(1),1,, -1,1,0,1,50,20,2,2021,15:30,1,69,69382,2,1,0,4,PERRACHE (Q),45.7413007231,4.8241050725,15,6,3
202100043245,124Â 362,A01,2,2,1,5,8,-1,-1,0,0,-1,2021,22.0,3,2,2,0,0,0,1,,4,,-1,,-1,2,0,1,(1),(1),1,, -1,1,0,3,80,21,4,2021,19:45,1,44,44081,1,1,0,7,La CrochetiÃ¨re,46.87648,-1.586268,19,3,1
202100033891,141Â 181,B01,3,2,1,1,8,0,-1,-1, -1,-1,2021,23.0,1,2,0,2,7,23,2,,3,GABRIEL-PERI (AV),0,,2,2,2,1,0,0,1,, -1,1,0,1,50,16,6,2021,11:35,1,93,93070,2,1,0,2,GABRIEL-PERI (AV),48.909372,2.332969,11,3,2
202100056455,100Â 989,A01,1,1,1,5,1,-1,-1,0,0,-1,2021,53.0,2,2,2,0,1,1,1,,3,936,-1,,2,2,0,1,23,520,2,, -1,9,0,1,70,1,1,2021,19:05,3,80,80825,1,1,0,6,D936,49.9594075089,1.8430694944,19,1,1
202100017013,171Â 205,B01,2,2,1,4,1,0,-1,0,0,-1,2021,50.0,2,2,0,2,8,1,1,,4,PORTE DE MONTREUIL,0,,1,4,0,1,30,800,1,, -1,1,0,1,70,22,9,2021,03:00,5,75,75120,2,4,0,3,BD PERIPHERIQUE EXTERIEUR,48.8521142048,2.4150773106,3,3,2
202100034663,139Â 762,A01,1,1,1,5,0,-1,-1,0,0,-1,2021,13.0,3,1,0,2,1,13,5,,4,D34,0,D,2,2,0,2,(1),(1),1,, -1,1,0,1,30,9,6,2021,16:36,1,44,44036,2,1,0,1,Rue du Faubourg Saint-Michel,47.718259,-1.36984,16,2,2
202100022963,160Â 580,B01,1,1,2,5,2,4,-1,0,0,-1,2021,62.0,0,0,0,2,4,2,3,,3,33,-1,,2,2,0,3,(1),(1),2,, -1,1,0,1,80,22,8,2021,20:30,2,50,50185,1,1,0,2,RD 33 - PK 14.600,48.858849,-1.278126,20,2,2
202100016400,172Â 321,A01,1,1,1,5,1,-1,-1,0,0,-1,2021,56.0,2,5,2,0,2,2,1,,3,85,-1,,2,2,0,2,24,0,2,, -1,1,0,3,50,25,9,2021,19:00,1,81,81288,2,1,0,6,Route de Dourgne,43.458285,2.077618,19,1,1
202100040133,129Â 860,A01,1,1,2,5,1,-1,-1,-1,0,-1,2021,26.0,1,2,3,0,2,14,1,,2,RN 104,0,,3,4,0,1,1,100,1,, -1,2,0,1,110,13,5,2021,19:50,1,95,95061,1,1,1,6,RN 104,49.06826,2.2533,19,1,1
202100051284,110Â 008,A01,1,1,1,1,8,0,-1,-1, -1,-1,2021,33.0,3,1,0,2,1,1,1,,4,MONPROFIT PLACE,0,,2,2,0,1,1,0,1,, -1,1,0,1,50,15,2,2021,04:34,4,49,49007,2,7,0,3,MONPROFIT PLACE,47.47426,-0.567097,4,2,2
202100007305,188Â 690,B01,1,1,1,1,1,0,-1,-1, -1,-1,2021,28.0,1,2,0,2,4,2,1,,7,JEAN MOULIN (AVENUE),0,,-1,2,0,1,0,0,1,, -1,1,0,1,50,18,11,2021,09:40,1,13,13002,2,1,0,2,JEAN MOULIN (AVENUE),43.3635,5.49602,9,2,2
202100033148,142Â 509,A01,3,2,2,0,3,-1,-1,0,0,-1,2021,7.0,2,2,13,0,1,1,1,,3,486,-1,,2,2,0,1,35,400,2,, -1,2,0,3,80,21,6,2021,18:50,1,25,25384,1,1,1,7,D486,47.459724,6.314521,18,2,1
202100023392,159Â 806,A01,1,1,1,0,2,6,-1,-1, -1,-1,2021,19.0,1,1,0,2,7,3,1,,1,AUTOROUTE A3,0,,3,8,0,1,15,0,1,, -1,1,0,1,70,20,8,2021,17:30,1,93,93005,1,1,0,5,AUTOROUTE A3,48.96794,2.47952,17,3,3
202100036889,135Â 761,B01,1,1,1,5,2,-1,-1,0,0,-1,2021,45.0,2,1,0,0,4,1,1,,3,643,-1,,2,2,0,1,(1),(1),1,, -1,1,5,1,80,2,6,2021,19:30,1,59,59432,1,6,0,5,D960,50.151861,3.263744,19,3,3
202100032016,144Â 518,A01,1,1,1,5,8,-1,-1,0,0,-1,2021,38.0,0,1,0,0,0,0,1,,4,,-1,,2,2,0,2,(1),(1),1,,5,2,0,1,50,27,6,2021,18:30,1,80,80512,2,3,1,7,Residence des Etangs,50.077179,1.813769,18,1,1
202100038820,132Â 230,A01,1,1,1,5,8,-1,-1,0,0,-1,2021,17.0,3,1,14,0,1,1,1,,4,/,-1,,2,2,0,2,(1),(1),3,, -1,2,0,1,50,22,5,2021,14:55,1,3,3294,2,1,1,6,Rue de la Croix Saint Marc,46.205628,3.192746,14,1,1
202100017606,170Â 150,A01,1,1,1,0,1,8,-1,-1, -1,-1,2021,23.0,3,5,0,2,5,19,1,,4,LACAZE (DE L'AMIRAL),0,,1,2,0,1,0,0,1,, -1,1,0,1,50,19,9,2021,12:50,1,974,97411,2,2,0,3,LACAZE (DE L'AMIRAL),-20.87653,55.44823,12,2,2
202100041560,127Â 317,A01,10,3,1,9,0,-1,-1,1,2,1,2021,54.0,1,5,0,1,4,4,1,,4,RUE AMELIE,0,,1,1,0,1,(1),(1),1,, -1,1,0,1,30,3,5,2021,11:58,1,75,75107,2,1,0,6,RUE AMELIE,48.858521,2.307632,11,2,1
202100010942,182Â 167,A01,1,1,1,5,8,0,-1,-1, -1,-1,2021,36.0,3,2,14,0,2,9,1,,4,LORRAINE (RUE DE),0,,1,1,0,1,1,0,4,, -1,1,5,3,50,26,10,2021,21:35,5,94,94021,2,6,0,6,Rue de Lorraine,48.76338,2.35513,21,1,1
202100035211,138Â 761,A01,10,3,1,0,0,-1,-1,4,3,1,2021,19.0,3,1,0,1,1,3,1,,4,CHATEL (JEAN),0,,1,2,0,1,0,0,1,, -1,1,0,8,50,10,6,2021,13:40,1,974,97411,2,9,0,1,CHATEL (JEAN),-20.88263,55.45153,13,3,1
202100052527,107Â 826,A01,1,1,2,0,1,-1,-1,-1, -1,-1,2021,73.0,2,2,0,2,3,0,1,,3,LENINGRAD (BD DE),0,,3,4,0,1,95,1000,1,, -1,1,0,1,50,3,2,2021,17:15,1,76,76351,2,1,0,2,LENINGRAD (BD DE),49.50026,0.17335,17,3,2
202100039783,130Â 474,D01,2,2,2,5,1,-1,-1,-1, -1,-1,2021,28.0,1,2,0,2,4,2,1,,2,ROUTE NATIONALE 230,0,,3,6,0,1,43,0,1,, -1,1,0,1,90,16,5,2021,18:40,1,33,33249,1,1,0,4,ROUTE NATIONALE 230,44.873664,-0.506719,18,7,5
202100043907,123Â 187,B01,1,1,1,1,2,0,-1,0,0,-1,2021,43.0,2,1,0,2,4,21,5,,4,AVENUE DU GENERAL LECLERC,0,,2,4,0,1,(1),(1),1,, -1,1,0,1,50,15,4,2021,09:30,1,75,75114,2,3,0,3,AVENUE DU GENERAL LECLERC,48.833253,2.331536,9,3,2
202100043992,123Â 048,A01,1,1,1,5,1,-1,-1,-1, -1,-1,2021,45.0,2,2,0,2,1,2,1,,1,AUTOROUTE A 62,0,,3,6,0,1,0,500,1,, -1,1,0,1,70,28,3,2021,18:30,1,33,33550,1,1,0,4,AUTOROUTE A 62,44.774208,-0.55622,18,6,5
202100001903,198Â 394,A01,1,1,1,1,2,6,-1,0,0,-1,2021,44.0,1,1,14,0,1,14,1,,4,BOULEVARD DIDEROT,0,,2,3,0,1,(1),(1),1,, -1,1,0,1,30,21,12,2021,19:45,5,75,75112,2,1,0,6,BOULEVARD DIDEROT,48.847065,2.384276,19,1,1
202100015297,174Â 370,A01,1,1,1,4,1,0,-1,-1, -1,-1,2021,25.0,2,2,3,2,2,14,1,,7,Autoroute A.35,0,,3,3,0,1,306,200,1,, -1,2,0,1,90,27,9,2021,22:20,3,67,67218,2,1,1,4,M35,48.54971,7.73112,22,3,3
202100029561,148Â 950,A01,10,3,2,5,-1,-1,-1,2,3,3,2021,17.0,1,2,0,1,1,1,1,,3,,-1,,2,2,0,2,2,818,1,, -1,2,0,1,50,17,3,2021,13:35,1,48,48095,2,1,1,6,Avenue du 11 Novembre,44.525429,3.479882,13,3,1
202100002146,197Â 950,B01,1,1,1,0,1,0,-1,-1, -1,-1,2021,25.0,2,2,0,2,5,23,2,,4,PRADO (AVENUE DU),0,,3,3,3,1,0,0,1,, -1,1,0,1,50,19,12,2021,06:05,5,13,13206,2,1,0,2,PRADO (AVENUE DU),43.28535,5.38414,6,2,2
202100031597,145Â 276,B01,1,1,1,5,2,6,-1,0,0,-1,2021,61.0,1,1,0,2,4,23,1,,4,AVENUE PARMENTIER,0,,2,2,0,1,(1),(1),1,, -1,2,0,1,30,30,6,2021,17:00,1,75,75111,2,2,1,2,AVENUE PARMENTIER,48.866665,2.373501,17,2,2
202100041904,126Â 716,A01,1,1,1,1,2,-1,-1,-1, -1,-1,2021,22.0,3,1,0,2,2,13,1,,4,HAIE-DES-COGNETS (BOUL DE LA),0,,2,2,0,1,(1),(1),3,, -1,1,0,1,30,30,4,2021,17:20,1,35,35047,1,1,0,7,La Perelle,48.06599,-1.74998,17,2,2
202100004146,194Â 334,A01,1,1,1,5,1,-1,-1,0,0,-1,2021,53.0,2,2,0,0,1,1,1,,1,84,0,A,3,4,0,1,127,860,1,, -1,1,0,1,130,9,12,2021,07:45,2,35,35310,1,1,0,2,A84 Pk 127+800,48.3302193238,-1.3030434251,7,2,2
202100053390,106Â 291,A01,10,3,1,9,0,-1,-1,1,5,1,2021,2.0,3,2,0,1,1,26,1,,4,,-1,,2,2,0,1,0,0,1,, -1,9,0,1,10,26,1,2021,14:00,1,987,98738,2,1,0,1,Serv. Ly  Waut,-17.616819,-149.613088,14,2,1
202100035394,138Â 450,A01,1,1,1,0,2,6,9,0,0,-1,2021,33.0,1,1,0,6,1,1,1,,3,18,-1,,2,2,0,4,6,780,1,, -1,1,0,1,80,10,6,2021,22:06,2,88,88496,1,1,0,6,rue division leclerc,48.223508,5.815061,22,1,1
202100003581,195Â 352,B01,1,1,1,5,1,0,-1,-1, -1,-1,2021,61.0,1,2,0,2,1,0,1,,1,AUTOROUTE A20,0,,3,4,0,1,186,100,1,, -1,2,0,1,110,7,12,2021,19:36,3,87,87085,1,1,1,3,AUTOROUTE A20,45.80732,1.29782,19,2,2
202100014751,175Â 343,A01,10,3,1,-1,0,-1,-1,2,3,1,2021,62.0,3,2,0,1,0,15,1,,4,CHOPIN (QUAI),0,,3,1,0,2,(1),(1),2,, -1,1,5,1,50,11,5,2021,13:10,1,26,26281,2,1,0,6,4 Quai Dauphin,45.042249,5.04855,13,2,1
202100005349,192Â 225,Z01,10,3,2,0,8,8,-1,4,3,1,2021,55.0,1,2,0,1,1,26,0,,4,LOUBON (RUE),0,,2,2,0,1,0,0,1,, -1,1,0,1,50,1,12,2021,10:15,1,13,13203,2,1,0,1,LOUBON (RUE),43.31127,5.37813,10,2,1
202100012241,179Â 840,A01,1,1,1,1,2,6,-1,0,0,-1,2021,56.0,2,1,0,2,1,21,1,,4,PORTE DE CLIGNANCOURT,0,,1,4,0,1,22,200,1,, -1,1,0,1,70,19,10,2021,08:00,1,75,75118,2,1,0,3,PORTE DE CLIGNANCOURT,48.901134,2.348011,8,2,2
202100009079,185Â 477,A01,10,3,1,1,0,-1,-1,1,3,2,2021,25.0,2,2,0,1,2,15,1,,4,SATIE. RUE ERIK,0,,2,2,0,1,0,0,1,, -1,1,0,1,30,5,11,2021,18:30,5,76,76322,2,1,0,6,SATIE. RUE ERIK,49.40703,1.04593,18,2,1
202100055490,102Â 663,A01,1,1,1,5,8,0,-1,-1, -1,-1,2021,38.0,1,1,0,2,1,5,5,,4,,0,,1,1,0,1,(1),(1),1,, -1,1,0,1,50,10,1,2021,11:00,1,37,37261,2,2,0,6,SEBASTOPOL (RUE),47.3874575015,0.6849817336,11,2,2
202100054356,104Â 599,A01,10,3,1,9,0,-1,-1,2,4,1,2021,27.0,2,1,0,1,3,17,1,,4,RUE DE LA CONVENTION,0,,2,2,0,1,(1),(1),1,, -1,1,0,1,50,20,1,2021,14:50,1,75,75115,2,1,0,6,RUE DE LA CONVENTION,48.836641254,2.2984682141,14,2,1
202100026470,154Â 385,A01,1,1,2,0,2,6,-1,-1, -1,-1,2021,69.0,2,1,0,2,1,19,1,,4,LIBERATION (AVE),0,,2,3,0,2,(1),(1),1,, -1,1,5,1,50,29,7,2021,13:20,1,33,33009,2,2,0,3,Cours Desbiey,44.65665,-1.16029,13,2,2
202100004156,194Â 317,A01,10,3,2,0,0,-1,-1,4,3,1,2021,14.0,1,2,0,1,2,1,1,,2,50,-1,,3,2,0,1,0,100,1,, -1,2,6,1,50,8,12,2021,18:00,5,202,202096,2,1,1,6,T50,42.3041898535,9.1589713089,18,2,1
202100031676,145Â 136,B01,1,1,2,5,2,-1,-1,0,0,-1,2021,14.0,1,1,0,2,7,15,1,,4,,-1,,2,2,0,1,(1),(1),1,,4,1,0,1,50,10,6,2021,14:38,1,33,33199,2,3,0,3,Cours de la Marne,44.633043,-1.055664,14,2,2
202100018622,168Â 351,B01,1,1,1,0,8,0,-1,-1, -1,-1,2021,54.0,3,1,0,2,8,13,5,,4,STALINGRAD AV.,0,,3,2,0,1,0,0,1,, -1,2,0,1,50,15,9,2021,16:00,1,93,93006,2,1,1,3,STALINGRAD AV.,48.87,2.42,16,2,2
202100001774,198Â 622,A01,9,2,2,9,8,-1,-1,0,0,-1,2021,16.0,1,2,6,0,6,1,1,,3,108,0,D,2,2,0,1,20,50,4,, -1,2,2,1,80,24,12,2021,07:45,2,79,79216,1,2,0,6,,46.252486,-0.322385,7,3,1
202100025268,156Â 487,B01,1,1,1,0,2,0,-1,-1, -1,-1,2021,52.0,2,1,0,2,7,1,1,,3,DAVAYE (ROUTE DE),0,,1,1,0,1,0,650,2,, -1,1,5,1,50,4,8,2021,12:50,1,71,71105,2,6,0,3,Rond-point du Caron,46.3023540097,4.7948504951,12,2,2
202100029725,148Â 661,A01,1,1,1,5,1,0,-1,-1, -1,-1,2021,25.0,2,2,0,2,1,14,1,,1,A6A,0,,1,3,0,2,1,600,1,, -1,1,0,1,70,10,7,2021,06:25,1,94,94003,1,1,0,2,AUTOROUTE A6A,48.8026,2.342,6,2,2
202100031181,146Â 000,A01,10,3,1,5,0,-1,-1,3,5,2,2021,16.0,2,2,0,1,1,16,1,,4,SIDI BRAHIM (AVENUE),0,,2,2,0,4,(1),(1),3,, -1,1,0,1,50,2,7,2021,19:15,1,6,6069,2,1,1,6,SIDI BRAHIM (AVENUE),43.651234,6.926209,19,4,1
202100008342,186Â 813,A01,1,1,1,5,1,-1,-1,-1,0,-1,2021,23.0,2,2,0,2,1,1,1,,1,AUTOROUTE A115,0,,3,4,0,1,9,199,1,, -1,1,0,1,90,13,11,2021,01:05,3,95,95060,1,1,0,2,A115,49.03491,2.19642,1,2,2