Num_Acc,id_vehicule,num_veh,place,catu,sexe,trajet,secu1,secu2,secu3,locp,actp,etatp,year_acc,victim_age,senc,catv,obs,obsm,choc,manv,motor,occutc,catr,voie,v1,v2,circ,nbv,vosp,prof,pr,pr1,plan,lartpc,larrout,surf,infra,situ,vma,jour,mois,an,hrmn,lum,dep,com,agg_,int,atm,col,adr,lat,long,hour,nb_victim,nb_vehicules
202100016979,171Â 271,B01,1,1,1,0,2,0,-1,-1, -1,-1,2021,38.0,1,1,0,2,2,1,1,,4,FRANÃOISE DUPARC (BOULEVARD),0,,2,4,0,1,0,0,1,, -1,1,0,1,50,25,9,2021,14:55,1,13,13204,2,1,0,3,FRANÃOISE DUPARC (BOULEVARD),43.30342,5.40092,14,2,2
202100054468,104Â 402,A01,10,3,2,9,0,-1,-1,3,3,1,2021,13.0,2,2,0,1,3,21,1,,4,RUE DES POISSONNIERS,0,,2,2,0,1,(1),(1),1,, -1,2,0,1,50,19,1,2021,12:10,1,75,75118,2,3,0,6,RUE DES POISSONNIERS,48.897958,2.352525,12,3,1
202100008106,187Â 249,B01,1,1,1,1,2,-1,-1,0,0,-1,2021,16.0,0,1,0,0,0,0,1,,3,15,0,,2,2,0,1,1,148,1,, -1,1,0,1,50,12,11,2021,19:00,3,6,6048,2,1,0,3,1049 d15,43.790144,7.331137,19,2,2
202100043890,123Â 217,B01,2,2,1,0,1,-1,-1,0, -1,-1,2021,43.0,3,2,0,2,8,1,1,,4,CEZANNE,0,,3,1,0,1,(1),(1),1,, -1,1,5,1,30,15,4,2021,17:45,1,29,29019,2,2,0,3,Rue Corot,48.414243,-4.471726,17,3,2
202100054831,103Â 791,B01,1,1,1,1,1,-1,-1,0,0,-1,2021,33.0,2,2,6,2,1,1,1,,3,15,-1,,3,4,3,1,31,500,1,, -1,2,5,1,-1,15,1,2021,06:45,5,31,31433,1,1,0,1,D15 PK 32+400,43.538,1.369498,6,2,2
202100012377,179Â 590,A01,1,1,2,0,2,6,-1,-1, -1,-1,2021,41.0,3,1,0,2,2,3,1,,4,PROVIDENCE (BOULEVARD DE LA),0,,2,2,0,1,0,0,1,, -1,1,0,1,50,18,10,2021,17:00,1,974,97411,2,3,0,3,PROVIDENCE (BOULEVARD DE LA),-20.89357,55.45678,17,2,2
202100011233,181Â 653,A01,1,1,1,5,2,6,-1,0,0,-1,2021,25.0,1,1,0,2,2,1,1,,4,BOULEVARD BARBES,0,,2,4,1,1,(1),(1),1,, -1,1,-1,5,30,24,10,2021,00:55,5,75,75118,2,3,0,3,BOULEVARD BARBES,48.888351,2.349604,0,3,2
202100039302,131Â 346,A01,1,1,1,1,2,6,-1,-1, -1,-1,2021,49.0,1,1,11,2,3,2,1,,7,MARÃCHAL DE LATTRE (AVENUE),0,,2,2,1,1,5,500,1,, -1,1,0,1,50,19,5,2021,21:15,5,13,13209,2,1,0,3,MARÃCHAL DE LATTRE (AVENUE),43.245888,5.41722,21,2,2
202100046220,119Â 152,A01,10,3,1,5,0,-1,-1,4,3,2,2021,2.0,0,2,0,1,3,9,1,,3,PAUL RAOULT (AVENUE),0,,1,1,0,1,5,120,1,, -1,1,0,1,50,28,3,2021,13:27,1,78,78440,2,3,0,6,MAURICE BELLONTE (ALLEE),48.98853,1.91256,13,3,1
202100030298,147Â 609,A01,1,1,1,0,1,-1,-1,0,0,-1,2021,40.0,1,2,0,2,1,26,1,,3,116,-1,,2,2,0,1,(1),(1),1,, -1,1,0,1,80,7,7,2021,20:00,5,971,97125,1,1,0,1,d 116,16.276539,-61.32077,20,2,2
202100041698,127Â 076,A01,10,3,1,0,0,-1,-1,2,2,3,2021,13.0,1,2,14,1,2,9,6,,3,8 MAI 45 (AVENUE DU 1 AU 182),0,,1,1,1,1,0,1,1,, -1,1,8,1,30,2,5,2021,11:20,1,93,93007,2,1,0,6,8 MAI 45 (AVENUE DU 1 AU 182),48.9530644365,2.4423444271,11,2,1
202100012803,178Â 833,A01,3,2,2,5,1,0,-1,-1, -1,-1,2021,90.0,3,2,0,2,3,9,1,,4,CHATEL (JEAN),0,,1,2,0,1,0,0,1,, -1,1,0,1,30,16,10,2021,15:45,1,974,97411,2,2,0,3,CHATEL (JEAN),-20.88097,55.45065,15,3,2
202100015058,174Â 791,B01,1,1,2,5,1,8,-1,-1, -1,-1,2021,55.0,2,2,0,2,4,2,1,,4,ATELIERS (RUE DES),0,,2,3,0,1,(1),0,1,, -1,1,0,1,50,3,10,2021,19:45,2,37,37233,2,1,0,2,ATELIERS (RUE DES),47.385538,0.712369,19,2,2
202100005555,191Â 870,B01,1,1,2,5,8,0,-1,-1, -1,-1,2021,62.0,2,1,1,0,1,1,5,,3,PARIS (R DE),0,,2,4,2,1,0,0,1,, -1,2,0,5,30,30,11,2021,10:45,1,94,94018,2,1,0,6,PARIS (R DE),48.82275,2.41177,10,3,2
202100013182,178Â 183,B01,1,1,1,5,2,6,-1,0,0,-1,2021,55.0,1,1,0,2,7,1,5,,3,1075,0,D,2,2,0,1,71,800,1,, -1,1,0,1,70,15,10,2021,15:50,1,38,38061,1,9,0,1,2022 Route de Grenoble,45.316317,5.62205,15,2,2
202100046609,118Â 455,B01,1,1,1,5,1,-1,-1,-1, -1,-1,2021,63.0,1,2,0,2,4,23,1,,4,TOULOUSE (RTE DE),0,,2,5,3,1,(1),(1),1,, -1,1,0,1,50,25,3,2021,15:00,1,33,33550,2,1,0,4,Route de Toulouse,44.779534194,-0.5661924948,15,3,3
202100024263,158Â 299,A01,2,2,1,0,2,0,-1,-1, -1,-1,2021,32.0,3,1,0,2,3,17,1,,4,THIERS (RUE),0,,2,2,0,1,0,0,1,, -1,1,0,1,30,13,8,2021,09:50,1,64,64102,2,1,0,3,THIERS (RUE),43.49306,-1.47556,9,3,2
202100002887,196Â 610,A01,1,1,2,1,1,-1,-1,-1, -1,-1,2021,32.0,1,2,0,2,8,1,1,,4,CHOULANS (DE)                       (CH),0,,2,2,0,2,(1),(1),1,, -1,1,0,1,50,13,12,2021,22:20,5,69,69385,2,2,0,3,CHOULANS (DE) (MO),45.75617,4.81542,22,2,2
202100025576,155Â 957,A01,10,3,1,3,0,-1,-1,3,3,1,2021,61.0,1,2,0,1,1,19,1,,4,LORION (RUE LUC),0,,1,2,0,4,0,0,1,, -1,1,0,1,30,3,8,2021,10:50,1,974,97416,2,1,0,6,LORION (RUE LUC),-21.33126,55.47212,10,2,1
202100031433,145Â 557,B01,1,1,1,0,8,0,-1,-1, -1,-1,2021,18.0,1,1,0,2,4,13,5,,3,WILSON (AV. DU PRESIDENT) 1 A 69,0,,1,1,0,1,1,0,1,, -1,1,0,1,50,1,7,2021,20:30,1,93,93057,2,1,0,3,WILSON (AV. DU PRESIDENT) 1 A 69,48.905119,2.510555,20,2,2
202100014070,176Â 549,A01,1,1,1,5,0,-1,-1,0,0,-1,2021,62.0,2,1,0,0,0,1,6,,3,25,0,,2,2,0,2,0,250,3,, -1,1,0,3,50,10,10,2021,19:30,2,45,45191,1,1,0,7,D25-PR0+250,48.284792,2.416563,19,1,1
202100003288,195Â 887,A01,1,1,2,4,1,9,-1,0,0,-1,2021,58.0,2,2,0,2,2,15,1,,3,1044,0,,2,2,0,1,40,650,2,, -1,2,5,1,80,14,12,2021,08:46,1,2,2746,1,9,1,3,DÃ©partemental 1044,49.674748,3.349451,8,3,2
202100020386,165Â 198,A01,1,1,1,4,1,-1,-1,0,0,-1,2021,34.0,3,5,0,2,3,9,1,,3,266,0,D,2,2,0,1,3,805,1,, -1,1,0,1,80,7,9,2021,12:40,1,44,44220,1,2,0,3,La Barre de Vue (ChÃ©mÃ©rÃ©),47.17569,-1.899991,12,2,2
202100017829,169Â 751,B01,2,2,1,0,1,0,-1,0,0,-1,2021,21.0,1,2,0,2,7,1,1,,7,EUROPE (PASSERELLE DU CARREFOUR DE L'),0,,3,4,0,1,(1),(1),1,, -1,1,0,1,50,17,9,2021,00:30,5,63,63075,2,5,0,3,EUROPE (PASSERELLE DU CARREFOUR DE L'),45.7751229511,3.0628470182,0,3,2
202100012464,179Â 427,B01,2,2,2,1,2,6,-1,-1, -1,-1,2021,56.0,1,1,0,2,3,2,1,,4,PARADIS (RUE),0,,2,3,0,2,0,0,1,, -1,1,0,1,50,18,10,2021,19:15,2,13,13208,2,1,0,1,PARADIS (RUE),43.27715,5.38364,19,3,2
202100039524,130Â 952,A01,1,1,2,5,0,-1,-1,0,0,-1,2021,19.0,3,1,0,2,1,17,1,,4,000,0,,2,2,0,1,0,0,3,, -1,1,0,1,50,19,5,2021,10:45,1,978,97801,2,1,0,1,R DE SANDY GROUND,18.063679,-63.090684,10,3,2
202100039847,130Â 354,A01,1,1,1,1,2,6,-1,-1, -1,-1,2021,46.0,1,1,0,2,8,1,1,,3,BD MAXIME GORKI ,0,,2,2,0,1,1,0,1,, -1,2,9,1,50,15,5,2021,18:35,1,94,94076,2,2,1,2,MAXIME GORKI (BD),48.79271,2.36933,18,3,2
202100035167,138Â 848,A01,1,1,1,0,2,6,-1,0,0,-1,2021,22.0,3,1,0,2,1,13,1,,4,0,0,A,2,2,0,1,(1),(1),3,, -1,1,0,1,80,11,6,2021,11:33,1,54,54437,1,1,0,3,Rue de Flavigny,48.551799272,6.1561363944,11,2,2
202100042440,125Â 763,A01,1,1,2,0,2,-1,-1,0,0,-1,2021,72.0,0,1,0,2,1,5,3,,4,CHEMIN DES RUELLES,0,,1,2,0,1,(1),(1),1,, -1,1,0,1,50,19,4,2021,17:11,1,80,80725,1,2,0,3,CHEMIN DES RUELLES,49.8704969806,2.2390651703,17,2,2
202100000437,200Â 923,B01,1,1,1,0,1,-1,-1,0,0,-1,2021,22.0,0,2,0,2,8,13,1,,7,1075,-1,,2,2,0,1,(1),(1),3,, -1,1,2,1,50,30,9,2021,18:55,2,38,38317,2,1,0,3,D1075,45.1212041,5.696894,18,2,2
202100055582,102Â 505,A01,1,1,1,5,1,-1,-1,0,0,-1,2021,69.0,2,2,13,0,1,1,1,,3,737,-1,,2,2,0,2,26,(1),2,"6,8", -1,7,0,3,80,11,1,2021,09:30,1,79,79064,1,1,0,6,,46.20324,-0.094285,9,1,1
202100034415,140Â 217,A01,1,1,2,0,1,0,-1,-1, -1,-1,2021,31.0,1,2,14,0,1,1,1,,1,A13,0,,1,4,0,1,44,520,1,, -1,1,0,1,130,14,6,2021,22:00,4,78,78402,1,1,0,6,A13,48.9648,1.7671,22,1,1
202100002535,197Â 250,A01,2,2,2,5,2,-1,-1,0,0,-1,2021,13.0,1,1,0,2,1,5,1,,3,538,-1,,2,2,0,2,139,510,2,, -1,1,5,1,50,18,12,2021,19:45,5,26,26220,2,6,0,1,Draye de Meyne,44.358965,5.140686,19,3,2
202100012515,179Â 340,A01,1,1,2,9,1,-1,-1,0,0,-1,2021,51.0,1,2,0,2,1,2,1,,3,7,0,,2,2,0,1,78,800,1,, -1,1,0,1,70,18,10,2021,16:15,1,83,83086,1,1,0,2,1100 route d'aix,43.4674465738,6.5486159921,16,2,2
202100031454,145Â 524,B01,1,1,1,5,1,5,-1,0,0,-1,2021,70.0,1,2,0,2,3,1,1,,2,1,-1,,-1,2,0,1,51,300,3,,5,1,0,1,80,29,6,2021,12:30,1,972,97203,1,1,0,1,route nationale 1,14.850227,-61.091151,12,5,2
202100013240,178Â 074,B01,1,1,2,3,1,-1,-1,0,0,-1,2021,55.0,0,2,0,2,8,16,1,,4,KLEBER (RUE),0,,2,2,0,1,0,0,1,, -1,1,0,1,50,14,10,2021,11:10,1,65,65440,2,9,0,3,KLEBER (RUE),43.248272,0.075483,11,2,2
202100043741,123Â 500,A01,1,1,1,0,8,0,-1,-1, -1,-1,2021,46.0,1,2,2,2,1,9,1,,4,COUR BOUCARD,0,,2,2,0,2,(1),(1),1,, -1,1,0,1,50,9,4,2021,08:18,1,971,97101,1,3,0,3,DE BONNIER (ROUTE),16.26065,-61.48734,8,2,2
202100040962,128Â 399,A01,1,1,1,0,2,0,-1,-1, -1,-1,2021,43.0,2,1,0,2,1,1,1,,3,FONTAINEBLEAU (AV DE),0,,2,3,1,1,1,0,1,, -1,1,0,5,50,7,5,2021,19:20,1,94,94043,2,1,0,3,FONTAINEBLEAU (AV DE),48.815343,2.360756,19,2,2
202100055437,102Â 762,A01,1,1,1,5,2,-1,-1,-1, -1,-1,2021,18.0,2,1,14,0,1,17,1,,4,,0,,2,3,2,1,(1),(1),1,, -1,1,9,1,50,11,1,2021,19:30,4,69,69387,2,3,0,6,YVES FARGES (BD),45.74043,4.83174,19,1,1
202100002851,196Â 685,A01,1,1,1,9,1,-1,-1,0,0,-1,2021,59.0,2,2,3,2,5,13,1,,3,82,0,,2,2,0,2,3,650,4,, -1,1,0,1,80,17,12,2021,12:45,1,4,4094,1,1,0,1,RD 82,43.789193,5.864763,12,3,2
202100012889,178Â 690,B01,1,1,1,0,2,6,-1,-1, -1,-1,2021,47.0,1,1,0,2,4,2,1,,3,VILLENEUVE (R DE),0,,2,1,0,1,1,0,1,, -1,1,0,1,50,16,10,2021,13:32,1,94,94071,2,1,0,2,Rue de Villeneuve,48.765248,2.51066,13,2,2
202100054453,104Â 429,A01,1,1,2,3,1,5,-1,0,0,-1,2021,70.0,1,2,0,2,1,1,1,,3,64,0,E,-1,2,0,1,1,60,1,, -1,1,0,1,80,18,1,2021,17:25,2,27,27562,1,3,0,5,D 64,49.08722,1.43534,17,3,3
202100046622,118Â 431,A01,1,1,1,0,2,8,-1,-1, -1,-1,2021,37.0,0,1,0,2,1,13,1,,4,DES TERMES (ROUTE) RD 908,0,,2,2,0,2,1,0,2,, -1,1,0,1,70,24,3,2021,09:30,1,13,13002,1,1,0,1,DES TERMES (ROUTE) RD 908,43.3846154485,5.5531306125,9,2,2
202100044912,121Â 445,B01,1,1,1,0,8,0,-1,-1, -1,-1,2021,16.0,1,1,0,2,0,0,5,,2,RN4 - SECTION RIVIERA,0,,3,6,0,1,(1),(1),2,, -1,1,5,1,50,26,3,2021,21:21,5,971,97113,1,9,0,6,RN4 - SECTION RIVIERA,16.21354,-61.47755,21,2,2
202100000123,201Â 535,A01,1,1,1,5,1,1,-1,-1, -1,-1,2021,22.0,1,2,3,0,2,1,1,,2,RN165 (VE),0,,3,2,0,1,35,800,1,, -1,1,0,1,110,18,12,2021,10:00,1,29,29039,1,1,0,6,N165 - Concarneau,47.936681,-3.91198,10,1,1
202100015323,174Â 314,A01,1,1,1,9,1,-1,-1,-1, -1,-1,2021,84.0,3,2,0,2,3,15,1,,3,D.501,0,,2,2,0,1,0,800,1,, -1,2,0,1,80,1,10,2021,16:15,1,61,61497,1,3,1,3,D.501,48.4538,0.10718,16,2,2
202100054815,103Â 818,C01,2,2,2,5,1,5,-1,0,0,-1,2021,75.0,1,2,0,2,1,2,1,,2,122,0,,2,2,0,1,75,871,3,, -1,2,0,1,80,16,1,2021,11:40,1,15,15236,1,1,0,5,RN 122 PK 76+000,45.010326,2.67089,11,5,3
202100022230,161Â 909,B01,1,1,1,3,8,-1,-1,-1, -1,-1,2021,23.0,2,2,2,2,0,1,1,,4,DES PARCS(allÃ©e),0,,2,2,1,1,(1),(1),1,, -1,1,0,1,50,27,8,2021,13:15,1,69,69290,2,9,0,1,DES PARCS (ALL),45.7089,4.93731,13,2,2
202100056442,101Â 010,A01,1,1,1,0,2,0,-1,-1, -1,-1,2021,23.0,2,1,0,2,1,1,1,,3,REPUBLIQUE (BOULEVARD DE LA) 5/77BIS - 6,0,,2,6,0,1,0,0,1,, -1,1,0,1,50,2,1,2021,14:40,1,92,92012,2,2,0,3,REPUBLIQUE (BOULEVARD DE LA) 5/77BIS - 6,48.83107,2.25723,14,2,2
202100031274,145Â 841,B01,1,1,1,5,2,6,-1,0,0,-1,2021,62.0,3,1,0,2,1,1,1,,2,85,-1,,2,2,0,1,64,(1),1,, -1,1,0,1,80,2,7,2021,09:58,1,38,38203,1,1,0,3,N85,45.020474,5.77486,9,2,2
202100010029,183Â 771,A01,1,1,1,5,1,0,-1,-1, -1,-1,2021,28.0,3,2,4,0,1,21,1,,7,D9,0,,1,4,0,1,0,0,3,, -1,2,0,1,90,30,10,2021,19:05,3,13,13019,1,1,1,7,D9,43.46538,5.3399,19,1,1
202100024667,157Â 558,A01,10,3,2,9,0,-1,-1,9,9,2,2021,59.0,3,2,0,1,4,4,1,,6,Place,-1,,-1,-1,3,1,(1),(1),1,, -1,1,6,8,-1,11,8,2021,08:50,1,10,10033,2,1,0,6,5 Rue du Jard,48.235657,4.701982,8,3,1
202100012372,179Â 600,B01,1,1,1,1,1,0,-1,-1, -1,-1,2021,36.0,2,2,0,0,0,0,1,,1,A104,0,,3,4,0,1,17,0,1,, -1,1,0,1,90,19,10,2021,15:15,1,77,77363,1,1,0,6,A104,48.92545,2.6293,15,2,2
202100047569,116Â 740,B01,1,1,1,4,1,-1,-1,0,0,-1,2021,41.0,2,2,0,2,2,1,1,,1,A9,0,A,1,4,0,1,123,759,3,, -1,1,3,1,130,12,1,2021,09:55,1,34,34213,1,9,0,2,autoroute A9 sens sud - bretelle de sortie 33,43.479954,3.673768,9,2,2
202100008373,186Â 765,A01,10,3,1,1,0,-1,-1,3,3,1,2021,35.0,3,2,0,1,1,9,1,,3,ARISTIDE BRIAND (AVENUE) COTE DES NÂ°1A87,0,,1,1,0,1,0,1,1,, -1,1,9,1,30,12,11,2021,16:10,1,93,93072,2,6,0,1,ARISTIDE BRIAND (AVENUE) COTE DES NÂ°1A87,48.96309,2.37725,16,2,1
202100026499,154Â 333,A01,1,1,1,1,2,6,-1,0,0,-1,2021,29.0,1,1,0,2,1,2,1,,4,BOULEVARD VOLTAIRE,0,,2,2,0,1,(1),(1),1,, -1,1,0,1,50,29,7,2021,00:05,5,75,75111,2,1,0,2,BOULEVARD VOLTAIRE,48.854417,2.385796,0,2,2
202100038533,132Â 762,A01,10,3,2,5,0,-1,-1,2,3,2,2021,34.0,2,2,0,1,2,15,2,,4,RUE BENARD,0,,1,1,0,1,(1),(1),1,, -1,2,0,1,50,24,5,2021,10:35,1,75,75114,2,2,0,6,RUE BENARD,48.831768,2.32198,10,2,1
202100044066,122Â 911,B01,1,1,2,9,2,8,-1,-1, -1,-1,2021,48.0,1,1,0,2,1,1,6,,3,1,0,,2,4,1,1,0,0,1,, -1,1,0,5,50,14,4,2021,19:15,1,92,92012,2,1,0,3,QUATRE SEPTEMBRE (QUAI DU),48.8516701573,2.2264695168,19,2,2
202100010856,182Â 323,A01,1,1,2,5,2,0,-1,-1, -1,-1,2021,17.0,2,1,0,0,8,16,1,,4,QUEUILLE (PLACE HENRI),0,,1,2,0,1,0,0,3,, -1,2,5,1,50,25,10,2021,16:03,1,87,87085,2,2,1,7,QUEUILLE (PLACE HENRI),45.81524,1.26942,16,1,1
202100035445,138Â 355,A01,10,3,2,5,0,-1,-1,2,1,1,2021,80.0,3,5,0,1,8,15,1,,6,GENERAL DE GAULLE DU,0,,-1,0,0,1,0,0,1,, -1,1,0,1,20,9,6,2021,18:00,1,64,64373,2,1,0,6,GENERAL DE GAULLE DU,43.28037,-0.36044,18,2,1
202100034294,140Â 439,A01,1,1,1,0,2,8,-1,-1, -1,-1,2021,42.0,0,1,0,2,1,2,1,,4,JULES CANTINI (AVENUE),0,,2,2,0,1,0,0,1,, -1,1,0,1,50,14,6,2021,18:30,1,13,13206,2,2,0,3,JULES CANTINI (AVENUE),43.2839844875,5.3873106794,18,2,2
202100026910,153Â 609,A01,1,1,1,4,1,-1,-1,0,0,-1,2021,68.0,2,4,3,0,3,2,1,,1,1,0,A,3,6,0,2,75,500,1,,"13,5",1,8,8,110,28,7,2021,14:00,1,60,60408,1,1,0,7,A1 - PK 75+500 Lille/Paris,49.4764269288,2.7115616214,14,1,1
202100009078,185Â 478,A01,1,1,1,0,2,0,-1,-1, -1,-1,2021,17.0,0,1,0,2,1,1,1,,4,EUROPE. BOULEVARD DE L',0,,2,4,0,1,0,0,1,, -1,1,4,1,50,6,11,2021,19:30,5,76,76540,2,2,0,3,EUROPE. BOULEVARD DE L',49.4282,1.08098,19,2,2
202100000444,200Â 910,A01,1,1,1,5,2,6,9,0,0,-1,2021,25.0,2,1,3,0,9,1,1,,3,76,0,A,2,2,0,2,0,897,2,, -1,1,0,1,80,21,9,2021,14:50,1,73,73067,1,1,0,7,D76 A Route des Attignours,45.365961,6.290397,14,1,1
202100003587,195Â 341,B01,1,1,1,3,2,6,-1,-1, -1,-1,2021,25.0,2,1,0,2,1,1,1,,4,IRLANDE (RUE D'),0,,2,2,0,1,(1),(1),3,, -1,1,0,1,50,9,12,2021,11:25,1,82,82121,2,2,0,3,IRLANDE (RUE D'),43.98659,1.33379,11,2,2
202100056226,101Â 394,A01,1,1,2,0,1,0,-1,-1, -1,-1,2021,24.0,1,2,0,2,4,1,1,,1,A7-Sens Marseille vers Lyon,0,,3,2,0,1,264,500,1,, -1,2,0,1,90,4,1,2021,18:00,5,13,13071,1,1,0,2,A7-Sens Marseille vers Lyon,43.416277,5.276429,18,2,2
202100016318,172Â 470,A01,1,1,2,5,2,5,6,0,0,-1,2021,30.0,2,1,0,0,7,1,1,,3,4085,0,,2,2,0,2,102,380,3,, -1,1,0,1,80,30,9,2021,13:10,1,4,4039,1,1,0,7,RD 4085,43.844099,6.541758,13,1,1
202100007481,188Â 381,B01,1,1,1,4,1,-1,-1,0,0,-1,2021,52.0,2,4,0,2,3,1,1,,2,4,-1,,2,2,0,1,49,294,1,, -1,1,0,1,80,19,11,2021,12:30,1,51,51594,1,1,0,1,N4,48.743257,4.105604,12,2,2
202100017611,170Â 140,B01,1,1,2,1,0,-1,-1,-1, -1,-1,2021,33.0,2,1,0,2,1,1,3,,4,PROFESSEUR BEAUVISAGE (DU)  (R ),0,,-1,1,2,1,(1),(1),1,, -1,1,0,1,50,21,9,2021,07:30,1,69,69388,2,1,0,3,PROFESSEUR BEAUVISAGE (DU)  (R),45.7289603903,4.8663203485,7,2,2
202100030823,146Â 670,B01,1,1,1,0,8,0,-1,-1, -1,-1,2021,62.0,1,1,0,2,8,1,5,,4,VILLEBOURBON (QUAI),0,,1,1,0,2,(1),(1),3,, -1,1,0,1,30,1,7,2021,11:10,1,82,82121,2,2,0,3,VILLEBOURBON (QUAI),44.0170871467,1.3479568809,11,2,2
202100004625,193Â 497,A01,1,1,1,5,1,0,-1,-1, -1,-1,2021,56.0,3,2,4,0,1,0,1,,1,AUTOROUTE A86,0,,1,1,0,2,50,779,2,, -1,2,0,1,50,5,12,2021,11:45,1,94,94034,1,1,1,7,AUTOROUTE A86,48.75815,2.3353,11,1,1
202100038413,132Â 977,A01,1,1,1,0,8,0,-1,0, -1,-1,2021,22.0,1,1,0,2,1,1,1,,3,PARIS RUE DE,0,,2,2,0,1,1,0,1,, -1,2,6,1,30,25,5,2021,21:35,5,93,93045,2,1,1,1,Rue de Paris,48.88,2.41694,21,2,2
202100030636,146Â 998,B01,1,1,1,5,1,-1,-1,0,0,-1,2021,20.0,1,2,0,2,1,1,1,,3,125,0,D,2,2,0,1,3,972,1,, -1,2,2,1,80,5,7,2021,19:30,1,35,35302,1,1,1,1,D125,48.188253,-2.169585,19,2,2
202100045152,121Â 023,B01,1,1,1,9,8,0,-1,-1, -1,-1,2021,40.0,0,1,0,2,0,26,5,,4,PARIS (RUE DE),0,,1,1,0,1,0,0,1,, -1,1,0,1,30,4,4,2021,13:40,1,93,93059,2,2,0,3,PARIS (RUE DE),48.9664147593,2.3611538738,13,2,2
202100024732,157Â 436,A01,10,3,2,0,0,-1,-1,8,3,1,2021,44.0,3,2,0,1,4,4,1,,6,SAINT ALYRE (RUE),0,,-1,0,0,1,(1),(1),1,, -1,1,9,8,30,9,8,2021,11:10,1,63,63113,2,1,0,6,SAINT ALYRE (RUE),45.78651,3.08117,11,2,1
202100037498,134Â 642,A01,2,2,1,4,1,-1,-1,0,0,-1,2021,22.0,2,5,0,2,2,17,1,,3,46,-1,,2,2,0,1,(1),(1),1,, -1,1,0,1,-1,28,5,2021,10:20,1,40,40287,1,1,0,5,D46,44.444229,-1.071339,10,5,3
202100052086,108Â 617,B01,1,1,1,4,1,-1,-1,0,0,-1,2021,26.0,1,2,0,2,8,1,1,,3,959,0,,2,2,0,2,6,990,3,, -1,5,0,1,50,10,2,2021,09:50,1,89,89206,2,1,1,3,,47.97362,3.398209,9,2,2
202100028553,150Â 682,A01,2,2,2,5,1,-1,-1,0,0,-1,2021,26.0,1,2,15,0,1,5,1,,3,675,-1,,2,2,0,3,34,170,2,, -1,1,0,4,50,17,7,2021,06:15,2,27,27467,2,1,0,6,Rue de l Etang,49.353095,0.492759,6,2,1
202100004374,193Â 940,B01,1,1,2,1,1,8,-1,-1, -1,-1,2021,41.0,1,2,0,2,6,1,1,,1,A13,0,,3,4,0,1,11,520,1,, -1,2,0,1,110,7,12,2021,09:15,1,78,78524,1,1,0,2,A13,48.84031,2.11363,9,2,2
202100029954,148Â 260,A01,1,1,1,0,2,8,-1,-1, -1,-1,2021,24.0,3,1,0,2,1,13,1,,4,Ortimont  ( rue d' ),0,,2,2,0,1,0,0,3,, -1,1,0,1,50,7,7,2021,21:25,1,88,88413,2,1,0,1,Ortimont  ( rue d' ),48.299351,6.937498,21,2,2
202100023743,159Â 176,B01,1,1,1,4,2,6,-1,0,0,-1,2021,28.0,2,1,0,2,1,1,1,,4,RUE D ALESIA,0,,2,3,0,1,(1),(1),1,, -1,1,0,1,50,17,8,2021,17:56,1,75,75114,2,5,0,3,RUE D ALESIA,48.830552,2.3193,17,4,2
202100055752,102Â 206,B01,1,1,1,0,2,8,-1,-1, -1,-1,2021,23.0,2,1,0,2,1,1,1,,3,CHAZEAU,0,,-1,2,0,1,(1),(1),3,, -1,1,0,1,70,8,1,2021,09:00,1,971,97101,1,3,0,3,Route de Chazeau,16.28871,-61.4731,9,2,2
202100011189,181Â 730,A01,1,1,1,0,1,-1,-1,0,0,-1,2021,20.0,1,2,2,0,1,13,1,,3,230,-1,,2,2,0,2,2,50,2,, -1,1,0,3,80,27,6,2021,14:25,1,7,7096,1,1,0,1,Le mareton,44.844429,4.541645,14,2,1
202100020238,165Â 463,A01,1,1,2,5,1,0,-1,-1, -1,-1,2021,19.0,1,2,8,0,1,14,1,,4,BEL AIR (BOULEVARD DE),0,,3,4,0,2,0,0,1,, -1,1,0,1,50,3,9,2021,19:55,1,87,87085,2,1,0,6,BEL AIR (BOULEVARD DE),45.81996,1.24935,19,1,1
202100051493,109Â 664,A01,10,3,1,5,0,-1,-1,1,3,1,2021,53.0,2,2,0,1,3,1,1,,7,943,-1,,2,2,0,1,(1),(1),1,, -1,2,0,1,50,30,1,2021,09:40,1,63,63141,2,1,0,6,1 Avenue de Pontgibaud,45.797945237,3.0523716274,9,2,1
202100045623,120Â 185,A01,10,3,2,5,0,-1,-1,4,3,1,2021,71.0,1,5,0,1,7,16,1,,4,BOULEVARD DE DOUAUMONT,0,,1,1,0,1,(1),(1),1,, -1,1,0,1,50,1,4,2021,11:30,1,75,75117,2,2,0,6,BOULEVARD DE DOUAUMONT,48.896659,2.309585,11,2,1
202100012222,179Â 873,A01,10,3,1,0,0,-1,-1,3,3,1,2021,72.0,2,2,0,1,1,1,1,,4,VOISINS (RUE DES FRERES),0,,2,2,0,2,0,0,1,, -1,1,0,1,50,14,10,2021,09:30,1,18,18033,2,3,0,3,VOISINS (RUE DES FRERES),47.06974,2.37799,9,2,1
202100029105,149Â 725,B01,1,1,1,1,8,0,-1,-1, -1,-1,2021,25.0,2,1,0,2,2,19,5,,4,BRUMATH (ROUTE DE),0,,3,2,2,1,0,0,1,, -1,1,2,1,50,10,7,2021,18:30,1,67,67482,2,1,0,3,BRUMATH (ROUTE DE),48.59694,7.74197,18,2,2