Num_Acc,id_vehicule,num_veh,place,catu,sexe,trajet,secu1,secu2,secu3,locp,actp,etatp,year_acc,victim_age,senc,catv,obs,obsm,choc,manv,motor,occutc,catr,voie,v1,v2,circ,nbv,vosp,prof,pr,pr1,plan,lartpc,larrout,surf,infra,situ,vma,jour,mois,an,hrmn,lum,dep,com,agg_,int,atm,col,adr,lat,long,hour,nb_victim,nb_vehicules
202100055215,103Â 122,B01,1,1,1,5,8,0,-1,0,0,-1,2021,18.0,2,1,0,2,0,1,5,,4,RUE D AMSTERDAM,0,,2,2,1,2,(1),(1),1,, -1,2,0,1,50,13,1,2021,09:00,1,75,75108,2,3,1,3,RUE D AMSTERDAM,48.87711,2.326913,9,2,2
202100056379,101Â 127,B01,1,2,2,0,1,0,-1,-1, -1,-1,2021,55.0,2,2,0,2,4,1,1,,1,6,0,,3,6,0,1,29,250,1,, -1,1,0,1,110,3,1,2021,16:00,2,91,91340,1,1,0,2,AUTOROUTE A6,48.59668,2.44195,16,3,2
202100036961,135Â 633,A01,10,3,2,3,0,-1,-1,9,4,1,2021,76.0,3,2,0,1,4,20,1,,6,PLACE SEMARD,0,,-1,0,0,1,(1),(1),1,, -1,2,0,1,50,26,5,2021,16:00,1,88,88413,2,7,1,7,PLACE SEMARD,48.28217,6.94853,16,2,1
202100017582,170Â 197,B01,1,1,2,5,1,-1,-1,0,0,-1,2021,37.0,2,2,0,2,1,1,1,,3,238,-1,E,2,2,0,1,1,500,1,, -1,1,0,1,80,22,9,2021,16:25,1,17,17146,1,1,0,1,D238e1,45.910055,-0.977161,16,2,2
202100012669,179Â 070,B01,4,2,1,9,1,0,-1,0,0,-1,2021,49.0,1,2,0,2,3,1,1,,4,RUE ROUVET,0,,1,1,0,1,(1),(1),1,, -1,1,0,1,30,17,10,2021,16:45,1,75,75119,2,2,0,3,RUE ROUVET,48.893445,2.384607,16,4,2
202100028489,150Â 793,B01,1,1,1,9,2,8,-1,0,0,-1,2021,41.0,1,1,0,2,1,1,1,,3,LIBERTE AV.DE LA,0,,2,2,0,1,19,260,1,, -1,1,0,1,50,17,7,2021,10:20,1,6,6155,2,3,0,1,LIBERTE AV.DE LA,43.572249,7.084288,10,2,2
202100012938,178Â 608,B01,1,1,1,5,2,6,-1,0,0,-1,2021,16.0,1,1,0,2,1,1,1,,3,132,0,D,2,2,0,1,7,324,1,, -1,1,0,1,50,15,10,2021,18:10,1,44,44015,2,1,0,1,56 Le Guesny,47.441327,-1.710903,18,2,2
202100041699,127Â 075,B01,1,1,1,0,2,8,-1,-1, -1,-1,2021,28.0,3,1,0,2,7,1,1,,4,JEANNE D'ARC (AVENUE),0,,4,2,0,1,0,0,2,, -1,1,5,1,50,2,5,2021,16:45,1,93,93005,2,6,0,3,JEANNE D'ARC (AVENUE),48.93,2.50187,16,2,2
202100020570,164Â 864,B01,1,1,1,5,2,6,-1,0,0,-1,2021,25.0,2,1,0,2,5,1,1,,4,AVENUE DAUMESNIL,0,,2,4,0,1,(1),(1),1,, -1,1,0,1,30,5,9,2021,12:30,1,75,75112,2,2,0,3,AVENUE DAUMESNIL,48.84663,2.376715,12,2,2
202100020529,164Â 942,A01,1,1,1,0,-1,0,-1,-1, -1,-1,2021,27.0,1,1,0,4,3,26,5,,4,RUE DES PALETTES,0,,-1,2,0,1,0,0,1,, -1,1,4,6,180,6,9,2021,07:15,1,38,38179,2,1,0,3,chemin du Marais,45.1877483367,5.807333537,7,2,2
202100052020,108Â 725,B01,1,1,1,0,2,0,-1,-1, -1,-1,2021,25.0,1,1,0,2,1,17,1,,4,PL AUGUSTIN LAFOURCADE,0,,2,2,0,1,(1),(1),1,, -1,1,0,1,50,4,2,2021,19:20,5,31,31555,2,1,0,3,Grande-Rue Saint Michel,43.59205,1.44463,19,2,2
202100045178,120Â 980,A01,1,1,1,5,0,-1,-1,0,0,-1,2021,54.0,2,2,1,0,1,13,1,,3,788,-1,,2,2,0,1,22,500,3,, -1,1,0,4,50,4,4,2021,22:08,5,29,29111,2,1,0,6,49 Rue du GÃ©nÃ©ral de Gaulle,48.579394,-4.211508,22,1,1
202100024474,157Â 924,A01,1,1,1,5,8,-1,-1,0,0,-1,2021,39.0,0,2,1,0,2,1,1,,7,7,0,M,2,2,0,1,(1),(1),1,, -1,1,0,1,50,13,8,2021,19:50,1,59,59250,2,1,0,6,Rue Faidherbe,50.584156,2.88684,19,1,1
202100036768,135Â 985,B01,1,1,1,5,2,0,-1,-1, -1,-1,2021,79.0,3,1,0,2,0,0,0,,4,ANCIEN THEATRE (RUE DE L'),0,,2,2,0,1,1,0,1,, -1,2,0,1,50,2,6,2021,17:15,1,90,90010,2,1,1,3,ANCIEN THEATRE (RUE DE L'),47.63746,6.86276,17,2,2
202100006512,190Â 165,A01,9,2,1,5,1,-1,-1,0,0,-1,2021,18.0,3,2,6,0,1,14,1,,4,,-1,,2,2,0,1,(1),(1),2,,4,1,0,8,-1,25,11,2021,01:25,5,7,7010,2,9,0,6,Rue de la Lombardiere,45.251251,4.689667,1,3,1
202100014303,176Â 136,A01,1,1,1,0,1,0,-1,-1, -1,-1,2021,61.0,1,2,0,2,1,2,1,,1,AUTOROUTE A1,0,,3,6,0,1,34,0,1,, -1,1,0,2,130,8,10,2021,23:40,3,60,60494,1,1,0,2,AUTOROUTE A1,49.1386929284,2.5687451096,23,2,2
202100032407,143Â 846,B01,1,1,1,5,0,-1,-1,0,0,-1,2021,11.0,0,1,0,2,1,16,5,,4,,-1,,2,2,0,1,(1),(1),1,,"5,5",1,0,1,50,25,6,2021,18:30,1,973,97311,2,1,0,3,Rue Jean-Claude Isaac,5.4701752597,-54.0339730807,18,2,2
202100026859,153Â 711,A01,1,1,1,5,8,0,-1,0,0,-1,2021,40.0,2,1,0,0,2,1,3,,4,RUE DE RIVOLI,0,,2,3,1,1,(1),(1),1,, -1,2,0,5,50,26,7,2021,14:40,1,75,75101,2,3,1,7,RUE DE RIVOLI,48.864645,2.329301,14,1,1
202100005595,191Â 806,A01,10,3,2,5,0,-1,-1,1,3,1,2021,90.0,1,2,0,1,1,1,1,,4,,0,,1,2,0,1,(1),(1),1,,4,2,6,1,30,30,11,2021,17:20,5,14,14342,2,1,1,6,2 Rue des Religieuses,49.318374,-1.101792,17,2,1
202100046592,118Â 485,B01,1,1,1,5,1,8,-1,-1, -1,-1,2021,68.0,1,2,0,2,8,1,1,,4,ECUREUILS DES,0,,2,2,0,1,0,0,1,, -1,1,9,1,50,25,3,2021,17:40,1,64,64445,2,2,0,3,JEAN MERMOZ,43.32083,-0.37906,17,2,2
202100047747,116Â 404,A01,10,3,1,3,0,-1,-1,1,3,1,2021,33.0,1,2,0,1,1,1,1,,3,CABOURG (ROUTE DE),0,,2,2,0,1,1,0,1,, -1,1,0,1,50,5,3,2021,08:50,1,14,14437,2,1,0,6,Route de Cabourg,49.18312,-0.31673,8,2,1
202100003865,194Â 842,A01,10,3,1,2,0,-1,-1,9,5,1,2021,15.0,1,2,0,1,2,17,1,,3,4Z,0,D,2,2,0,1,18,200,1,, -1,1,0,1,30,9,12,2021,13:40,1,95,95487,2,1,0,6,122 Rue Jean Catelas,49.157225,2.28455,13,2,1
202100031257,145Â 873,B01,2,2,1,5,1,-1,-1,0,0,-1,2021,14.0,2,2,0,2,4,1,1,,7,69,0,,2,2,0,1,6,0,1,, -1,1,0,1,80,1,7,2021,23:45,3,13,13044,1,1,0,5,D69,43.617973,5.033561,23,4,3
202100044061,122Â 920,B01,4,2,1,9,0,-1,-1,-1, -1,-1,2021,17.0,1,1,0,2,1,1,1,,4,FRANCOIS ARAGO (RUE),0,,-1,1,0,1,1,0,1,, -1,1,0,1,50,14,4,2021,16:55,1,93,93048,2,2,0,3,FRANCOIS ARAGO (RUE),48.8531508026,2.4278394185,16,4,2
202100034450,140Â 152,A01,10,3,1,2,0,-1,-1,3,3,2,2021,5.0,1,2,0,1,1,1,0,,4,ALTRINCHAM (RUE),0,,2,2,0,1,0,0,1,, -1,1,0,1,50,14,6,2021,13:45,1,93,93007,2,1,0,6,ALTRINCHAM (RUE),48.94802,2.4497,13,2,1
202100036415,136Â 611,A01,10,3,2,0,8,-1,-1,1,5,1,2021,11.0,1,2,0,1,1,1,1,,4,COURLANCY (RUE DE),0,,2,2,0,1,(1),(1),1,, -1,1,0,1,50,4,6,2021,11:35,1,51,51454,2,1,0,7,Rue de Courlancy,49.24769,4.01485,11,2,1
202100016521,172Â 097,A01,10,3,1,0,0,-1,-1,2,3,1,2021,13.0,1,2,0,1,1,26,0,,4,,0,,2,2,0,1,0,0,1,, -1,1,6,8,50,24,9,2021,16:55,1,91,91161,2,1,0,6,RUE DE GRAVIGNY,48.695297,2.308085,16,2,1
202100023919,158Â 879,A01,1,1,1,9,8,0,-1,0, -1,-1,2021,24.0,1,0,0,2,1,5,6,,4,CAILLOTS (RUE DES),0,,1,1,0,2,1,0,1,, -1,1,0,1,30,16,8,2021,17:00,1,93,93048,2,1,0,1,Rue des Caillots,48.86665,2.44244,17,2,2
202100008025,187Â 385,B01,1,1,2,4,1,0,-1,-1, -1,-1,2021,39.0,2,2,0,2,4,1,2,,2,RN136,0,,3,4,0,1,5,750,1,, -1,1,0,1,90,15,11,2021,09:00,1,35,35238,1,1,0,2,RN136,48.08846,-1.63306,9,2,2
202100044431,122Â 265,A01,1,1,2,5,1,-1,-1,-1,0,-1,2021,74.0,1,2,4,0,1,1,1,,1,AUTOROUTE A15,0,,3,6,0,1,22,0,3,, -1,2,0,1,50,11,4,2021,08:40,1,95,95572,1,1,1,6,A15,49.0329954298,2.1081355477,8,1,1
202100016302,172Â 495,A01,1,1,1,0,1,-1,-1,0,0,-1,2021,61.0,2,2,2,0,1,1,1,,1,A11,-1,,1,4,0,1,214,500,1,, -1,1,0,3,130,30,9,2021,00:30,3,72,72022,1,1,0,6,A11 pk 214.500 sens ANGERS vers LE MANS,47.782928,-0.195608,0,1,1
202100003322,195Â 827,A01,3,2,1,5,8,-1,-1,-1,0,-1,2021,6.0,2,2,4,0,7,14,1,,2,RN 184,0,,3,4,0,1,5,500,2,, -1,2,0,1,90,11,12,2021,20:30,3,95,95572,1,1,1,6,RN 184,49.04859,2.1348,20,3,1
202100045791,119Â 900,A01,10,3,1,5,0,-1,-1,3,3,1,2021,70.0,2,2,0,1,2,15,1,,4,RUE LEGENDRE,0,,1,1,0,1,(1),(1),1,, -1,1,0,1,50,31,3,2021,10:05,1,75,75117,2,2,0,6,RUE LEGENDRE,48.88913,2.322751,10,2,1
202100016053,172Â 953,B01,1,1,1,0,1,0,-1,-1, -1,-1,2021,44.0,2,5,0,2,4,1,1,,1,AUTOROUTE A1,0,,-1,8,0,1,4,599,1,, -1,2,0,1,90,29,9,2021,08:10,1,93,93066,1,1,1,4,AUTOROUTE A1,48.933231262,2.3775453112,8,3,3
202100036899,135Â 744,A01,1,1,1,5,2,-1,-1,0,0,-1,2021,89.0,3,1,14,0,0,1,5,,4,,-1,,2,2,0,1,(1),(1),1,, -1,1,0,1,80,2,6,2021,10:00,1,25,25559,1,1,0,6,Le Trou de Chaux,47.259784,6.855791,10,1,1
202100053849,105Â 494,A01,6,2,2,0,1,8,-1,-1, -1,-1,2021,82.0,0,2,0,2,8,2,1,,4,VALBARELLE (BOULEVARD DE LA ),0,,2,2,0,1,(1),(1),1,, -1,1,0,1,50,24,1,2021,12:20,1,13,13211,2,1,0,3,VALBARELLE (BOULEVARD DE LA ),43.2876,5.4488,12,3,2
202100051422,109Â 774,B01,1,1,1,9,2,8,-1,-1, -1,-1,2021,33.0,2,0,0,2,7,1,3,,4,COLONEL GLOXIN DU,0,,2,2,0,1,0,0,1,, -1,1,0,1,50,15,2,2021,13:30,1,64,64445,2,3,0,3,COLONEL GLOXIN DU,43.2904280458,-0.382976532,13,2,2
202100005484,191Â 989,A01,1,1,1,4,1,0,-1,-1, -1,-1,2021,32.0,1,2,8,0,1,14,1,,4,SCHUMAN (BOULEVARD ROBERT),0,,3,4,0,1,1,0,1,, -1,7,0,1,50,29,11,2021,03:35,5,87,87085,2,1,1,6,SCHUMAN (BOULEVARD ROBERT),45.86864,1.27818,3,2,1
202100049762,112Â 793,A01,10,3,2,5,0,-1,-1,9,B,2,2021,13.0,3,5,0,1,1,1,1,,4,ROMANETTE (RUE),0,,2,2,0,1,0,0,1,, -1,1,0,1,50,26,2,2021,13:30,1,2,2408,2,1,0,6,ROMANETTE (RUE),49.5499,3.6135,13,3,1
202100028099,151Â 477,B01,1,1,1,5,1,-1,-1,-1,0,-1,2021,19.0,2,2,0,2,8,11,1,,3,RN 1 SENS PARIS- PROVINCE,0,,3,4,0,1,4,700,1,, -1,1,0,1,90,19,7,2021,15:05,1,95,95489,1,1,0,3,RD 301,49.0144670214,2.352039814,15,2,2
202100030810,146Â 693,B01,1,1,1,1,2,8,-1,-1, -1,-1,2021,65.0,3,1,0,2,1,9,5,,4,,0,,2,2,0,1,(1),(1),1,, -1,1,5,1,50,24,6,2021,18:25,1,85,85194,1,2,0,3,BERNARD (RUE JEAN),46.51406,-1.75313,18,2,2
202100043889,123Â 220,A01,1,1,1,0,2,-1,-1,0,0,-1,2021,24.0,1,1,0,2,2,21,0,,4,COLLET YVES (DE 27 ET 28 A FIN),0,,1,2,0,1,(1),(1),1,, -1,1,0,1,50,15,4,2021,20:00,1,29,29019,2,1,0,3,Rue Yves Collet,48.392617,-4.479419,20,2,2
202100012719,178Â 982,B01,2,2,1,3,1,-1,-1,0,0,-1,2021,83.0,1,2,0,2,1,1,1,,3,55,0,D,2,2,0,1,29,150,1,, -1,1,0,1,80,21,9,2021,11:30,1,49,49307,1,2,0,3,D55,47.414422,-0.311603,11,3,2
202100006346,190Â 451,A01,1,1,1,5,2,6,-1,0,0,-1,2021,38.0,1,1,0,2,1,13,1,,2,5,-1,,2,2,0,2,23,200,1,, -1,1,0,1,80,25,11,2021,08:30,1,974,97424,1,1,0,1,Route Nationale 5,-21.146652,55.467063,8,2,2
202100016017,173Â 033,A01,1,1,1,5,2,6,-1,0,0,-1,2021,40.0,1,1,5,0,3,13,1,,3,34,-1,,2,2,0,1,5,800,4,, -1,2,0,3,80,30,9,2021,17:15,1,88,88371,1,1,0,6,Etang de la Morte,48.060779,6.513541,17,1,1
202100054851,103Â 758,B01,2,2,2,9,1,-1,-1,-1, -1,-1,2021,22.0,3,2,0,2,4,1,1,,4,,0,,2,2,0,2,(1),(1),1,, -1,2,0,1,50,15,1,2021,11:30,1,69,69259,2,1,1,4,BERLIET (PT),45.7031862405,4.8951515872,11,4,3
202100014058,176Â 568,A01,1,1,2,5,1,-1,-1,0,0,-1,2021,78.0,1,2,0,2,7,19,1,,3,6154,0,D,2,2,0,1,3,470,1,, -1,1,0,1,80,10,10,2021,12:20,1,27,27378,1,2,0,3,route dÃ©partementale 6154,48.799938,1.190128,12,3,2
202100020234,165Â 467,B01,1,1,1,0,2,6,-1,-1, -1,-1,2021,24.0,1,1,0,2,2,16,1,,4,GORDINI ( RUE AMEDEE),0,,1,4,0,1,0,0,2,, -1,1,5,1,50,6,9,2021,18:34,1,87,87085,2,6,0,3,GORDINI ( RUE AMEDEE),45.894,1.28107,18,2,2
202100042307,126Â 001,A01,1,1,1,4,2,6,-1,-1, -1,-1,2021,36.0,1,1,0,2,7,17,1,,3,CERNAY (RUE DE ) DU NÂ° 39 A FIN ET DU NÂ°,0,,2,2,0,2,35,750,1,, -1,1,0,1,50,27,4,2021,18:05,1,51,51454,2,2,0,3,Rue de Cernay,49.2578456132,4.0529589635,18,2,2
202100042870,125Â 037,B01,1,1,1,1,2,8,-1,-1, -1,-1,2021,18.0,2,1,0,2,3,1,1,,3,TROIS PROVINCES (AVENUE DES ),0,,2,3,0,1,2,660,1,, -1,1,3,1,70,23,4,2021,11:30,1,49,49099,1,3,0,3,TROIS PROVINCES (AVENUE DES ),47.05979,-0.92529,11,2,2
202100037481,134Â 672,B01,7,2,1,5,3,-1,-1,0,0,-1,2021,2.0,1,2,0,0,1,1,1,,3,974,0,,2,2,0,1,66,500,2,, -1,1,8,1,80,28,5,2021,10:30,1,71,71391,1,1,0,1,Route du Canal,46.81537,4.591132,10,5,2
202100025739,155Â 676,B01,1,1,1,0,2,6,-1,0,0,-1,2021,57.0,1,1,0,2,1,21,1,,3,BESSAN (ROUTE DE),0,,2,2,0,1,4,442,1,, -1,1,0,1,80,31,7,2021,12:30,1,34,34032,1,3,0,3,BESSAN (ROUTE DE),43.352817,3.269073,12,4,2
202100023465,159Â 681,B01,1,1,1,4,2,0,-1,-1, -1,-1,2021,21.0,3,1,0,2,1,7,1,,3,CHAMPEAUX RUE DES,0,,1,1,0,1,1,0,1,, -1,1,0,1,50,18,8,2021,21:00,2,93,93006,2,4,0,3,CHAMPEAUX RUE DES,48.86445,2.41673,21,2,2
202100025138,156Â 723,B01,1,1,1,0,1,0,-1,0,0,-1,2021,21.0,2,2,0,2,1,1,1,,7,VESPINS ROUTE DES,0,,2,3,0,1,(1),(1),1,, -1,1,0,1,50,7,8,2021,17:00,1,6,6123,2,1,0,3,VESPINS ROUTE DES,43.66031,7.18006,17,3,2
202100003076,196Â 263,A01,1,1,1,4,1,0,-1,-1, -1,-1,2021,60.0,1,5,13,0,9,1,1,,3,RD941 (OUEST),0,,3,4,0,1,41,900,1,, -1,7,0,1,110,11,12,2021,08:14,1,87,87201,1,1,0,6,RD941 (OUEST),45.84606,1.17282,8,2,1
202100008257,186Â 954,A01,1,1,1,9,2,0,-1,0,0,-1,2021,44.0,1,1,0,2,2,1,1,,4,RUE DE LA CHAPELLE,0,,2,4,3,1,(1),(1),1,, -1,2,-1,6,30,13,11,2021,14:20,1,75,75118,2,7,1,5,RUE DE LA CHAPELLE,48.895,2.359403,14,3,3
202100052973,107Â 027,A01,10,3,1,0,0,-1,-1,8,3,1,2021,19.0,1,3,0,1,1,1,1,1.0,4,,0,,1,1,0,1,1,0,1,, -1,1,0,1,30,31,1,2021,09:56,1,44,44109,2,1,0,6,PLACE PIERRE MENDES FRANCE,47.20852,-1.6112,9,2,1
202100028534,150Â 715,A01,1,1,1,5,2,6,-1,0,0,-1,2021,15.0,3,1,0,2,3,1,1,,4,,0,,2,2,0,1,(1),(1),1,,4,1,0,1,50,17,7,2021,16:10,1,34,34293,2,1,0,1,Chemin du Redoundel,43.604891,2.701663,16,2,2
202100015149,174Â 631,A01,1,1,2,4,1,-1,-1,0,0,-1,2021,29.0,2,2,0,0,8,2,1,,3,41,-1,D,2,2,0,1,6,900,1,,4,1,0,1,80,25,9,2021,09:35,1,38,38238,1,2,0,3,Route des Cerisiers,45.493347,5.046756,9,2,2
202100056469,100Â 965,B01,8,2,2,5,1,-1,-1,0,0,-1,2021,13.0,2,2,0,2,1,1,1,,3,1091,-1,,2,2,1,2,14,500,1,, -1,5,0,1,80,1,1,2021,11:20,1,38,38212,1,1,1,1,D1091,45.08246,5.897126,11,7,2
202100007487,188Â 373,B01,1,1,2,1,1,-1,-1,0,0,-1,2021,54.0,2,2,0,2,1,1,1,,3,958,0,D,2,2,0,1,71,508,2,,5,1,5,1,80,19,11,2021,08:30,1,82,82124,1,3,1,4,Chemin de Montagne,44.022736,1.253817,8,3,3
202100029858,148Â 423,A01,1,1,1,0,1,0,-1,-1, -1,-1,2021,45.0,0,2,0,2,1,9,6,,4,,0,,-1,0,0,1,0,0,1,, -1,1,0,1,50,8,7,2021,20:45,1,92,92025,2,1,0,3,ESTIENNE D'ORVES (RUE),48.914975,2.242046,20,2,2
202100007642,188Â 086,A01,10,3,1,0,0,-1,-1,3,3,1,2021,50.0,3,2,0,1,2,16,2,,4,GEORGES POMPIDOU (RUE),0,,1,1,0,1,(1),(1),1,, -1,2,0,1,70,16,11,2021,09:20,1,10,10387,2,1,1,7,GEORGES POMPIDOU (RUE),48.2872384503,4.0793824196,9,2,1
202100033077,142Â 618,A01,10,3,1,1,0,-1,-1,2,3,1,2021,28.0,1,1,0,1,1,1,1,,4,AVENUE DE FLANDRE,0,,3,2,0,1,(1),(1),1,, -1,1,0,1,50,21,6,2021,11:05,1,75,75119,2,1,0,6,AVENUE DE FLANDRE,48.892031,2.378761,11,2,1
202100023310,159Â 949,A01,10,3,1,5,0,-1,-1,3,3,2,2021,28.0,3,1,0,1,1,1,3,,4,RUE DE TURBIGO,0,,2,4,1,1,(1),(1),1,, -1,1,0,5,50,20,8,2021,21:30,5,75,75103,2,4,0,6,RUE DE TURBIGO,48.865646,2.356917,21,2,1
202100020763,164Â 523,A01,1,1,1,5,2,-1,-1,0,0,-1,2021,14.0,2,1,12,0,0,21,1,,3,10,0,D,2,2,0,1,15,523,2,,"5,5",1,5,1,50,3,9,2021,14:20,1,61,61345,2,6,0,7,ZA Saint-Marc Nord (Zone commerciale),48.426759,0.789744,14,1,1
202100035488,138Â 278,A01,10,3,2,0,0,-1,-1,3,3,1,2021,33.0,3,2,0,1,3,1,1,,3,MARECHAL JUIN,0,,2,3,0,1,0,0,1,, -1,1,0,1,50,8,6,2021,11:50,1,58,58194,2,1,0,1,MARECHAL JUIN,46.99959,3.15601,11,2,1
202100036966,135Â 624,B01,1,1,2,9,1,0,-1,-1, -1,-1,2021,26.0,0,2,0,2,4,1,1,,4,QUATORZE JUILLET 1789 (AVENUE DU),0,,-1,2,0,1,(1),(1),1,, -1,1,0,1,50,28,5,2021,15:41,1,80,80021,2,1,0,2,QUATORZE JUILLET 1789 (AVENUE DU),49.87524,2.28188,15,2,2
202100024245,158Â 331,B01,1,1,2,9,2,8,-1,-1, -1,-1,2021,57.0,2,1,0,2,2,12,1,,3,Route DÃ©partementale 910,0,,2,1,0,1,51,99,2,, -1,1,5,1,50,13,8,2021,14:25,1,86,86194,2,9,0,3,Route DÃ©partementale 910,46.613639,0.348378,14,2,2
202100029350,149Â 305,B01,1,1,1,0,1,0,-1,-1, -1,-1,2021,20.0,1,2,0,2,6,15,1,,4,,0,,2,2,0,2,0,0,1,, -1,1,0,1,50,12,7,2021,22:10,5,92,92023,2,1,0,3,JEAN BAPTISTE CLEMENT (AVENUE),48.80022,2.26758,22,2,2
202100037357,134Â 893,A01,1,1,1,5,2,6,-1,0,0,-1,2021,32.0,0,1,13,0,1,0,1,,3,93,-1,,2,2,0,1,12,390,1,, -1,1,0,1,50,27,5,2021,22:00,5,27,27133,2,1,0,6,103 Quai de Seine,49.382209,0.915127,22,1,1
202100002297,197Â 682,A01,2,2,2,9,8,0,-1,-1, -1,-1,2021,17.0,2,2,1,0,0,0,1,,4,,0,,1,1,0,1,0,0,1,, -1,2,0,1,30,18,12,2021,09:00,1,92,92007,2,1,0,6,FABIEN (RUE DU COLONEL),48.8075270428,2.3172569275,9,2,1
202100024281,158Â 268,B01,1,1,2,1,8,-1,-1,-1, -1,-1,2021,21.0,1,0,0,2,1,1,3,,4,CITE DASVIN DE BOISMARIN,0,,1,1,2,1,(1),(1),1,, -1,1,0,1,30,12,8,2021,13:10,1,33,33063,2,3,0,3,CitÃ© Dasvin de Boismarin,44.85027,-0.54485,13,2,2
202100032610,143Â 486,A01,2,2,2,5,1,-1,-1,0,0,-1,2021,31.0,2,2,0,2,7,1,1,,3,37,0,D,2,2,0,1,5,700,1,, -1,1,0,1,90,24,6,2021,20:00,1,72,72025,1,1,0,3,Le Petit Bel Air (CrÃ©-sur-Loir),47.645018,-0.120548,20,3,2
202100003137,196Â 162,A01,2,2,1,0,1,0,-1,-1, -1,-1,2021,40.0,2,2,0,2,3,19,1,,2,D 6,0,,1,1,0,1,1,0,2,, -1,1,3,1,70,13,12,2021,18:10,3,22,22187,1,2,0,3,D 6,48.5420640282,-2.8348132968,18,5,2
202100042155,126Â 272,A01,2,2,1,1,8,-1,-1,-1, -1,-1,2021,52.0,1,2,14,2,1,1,1,,4,COMBATTANTS EN AFN 1952-1962 (DES)  (AV),0,,1,1,0,2,(1),(1),1,, -1,1,9,1,30,27,4,2021,18:50,1,69,69286,2,3,0,2,COMBATTANTS EN AFRIQUE DU NORD 1952-1962 (DES) (AV),45.81614,4.89297,18,3,2
202100016585,171Â 985,A01,1,1,1,5,1,-1,-1,0,0,-1,2021,82.0,2,2,0,2,1,1,1,,3,934,0,,2,2,0,1,7,200,1,, -1,1,8,1,50,27,9,2021,10:25,1,40,40234,1,2,0,3,Route de Bordeaux,43.965641,-0.314988,10,2,2
202100033920,141Â 130,B01,2,2,2,5,1,-1,-1,0,0,-1,2021,21.0,1,2,8,2,0,26,1,,3,939,0,D,1,2,0,1,167,120,3,, -1,2,0,1,50,17,6,2021,21:00,2,62,62415,2,9,1,3,D939,50.332258,2.641246,21,3,2
202100045930,119Â 655,A01,1,1,2,2,8,0,-1,-1, -1,-1,2021,19.0,1,1,0,2,1,19,5,,4,ATHENES (PLACE D ),0,,3,2,3,1,(1),(1),1,, -1,1,0,1,25,29,3,2021,18:50,1,67,67482,2,3,0,3,ATHENES (PLACE D ),48.578994,7.768202,18,2,2
202100020909,164Â 277,A01,2,2,2,5,8,-1,-1,0,0,-1,2021,67.0,2,2,0,2,1,1,1,,3,775,-1,,2,2,0,2,43,300,4,, -1,1,0,1,70,5,9,2021,17:40,1,56,56255,1,1,0,1,Lieu Dit Kerbourho - RD 775 - PK 43+300,47.69621,-2.62824,17,7,2
202100005262,192Â 376,A01,2,2,1,0,2,-1,-1,-1, -1,-1,2021,28.0,3,1,8,0,1,1,1,,4,PIERRE BROSSOLETTE                  (AV),0,,2,2,0,1,(1),(1),1,, -1,2,0,3,50,29,11,2021,09:50,1,69,69029,2,3,1,6,PIERRE BROSSOLETTE (AV),45.74281,4.91966,9,2,1
202100029225,149Â 523,A01,10,3,2,5,0,-1,-1,3,3,2,2021,47.0,2,1,0,1,1,16,1,,3,6,2,D,1,1,0,1,(1),(1),3,, -1,1,5,1,50,11,7,2021,21:15,1,33,33214,2,1,0,6,,45.001493,-1.198039,21,2,1
202100002796,196Â 771,A01,10,3,1,9,0,-1,-1,2,3,1,2021,45.0,1,1,0,1,0,1,5,,4,BOULEVARD VOLTAIRE,0,,2,4,1,1,(1),(1),1,, -1,1,-1,5,30,15,12,2021,16:00,1,75,75111,2,1,0,6,BOULEVARD VOLTAIRE,48.861269,2.374304,16,2,1
202100009459,184Â 795,A01,1,1,2,4,2,6,-1,0,0,-1,2021,32.0,2,1,0,2,5,1,1,,4,BOULEVARD DE PORT ROYAL,0,,2,4,0,1,(1),(1),1,, -1,2,0,1,30,4,11,2021,17:23,3,75,75105,2,2,1,3,BOULEVARD DE PORT ROYAL,48.837694,2.345507,17,2,2
202100003737,195Â 071,B01,1,1,1,9,1,0,-1,-1, -1,-1,2021,31.0,1,2,0,2,4,2,1,,3,AV DU GENERAL DE GAULLERAL DE),0,,3,3,0,2,1,0,1,, -1,1,0,1,50,9,12,2021,16:30,2,94,94028,2,1,0,2,Avenue du GÃ©nÃ©ral de Gaulle,48.787501,2.446649,16,3,2
202100041442,127Â 525,A01,1,1,1,5,2,6,-1,0,0,-1,2021,66.0,0,1,0,2,8,9,1,,2,RN3,-1,,2,2,0,4,(1),(1),4,,4,1,0,1,50,2,5,2021,09:00,1,974,97422,2,3,0,3,rn3,-21.275481,55.525471,9,2,2
202100009958,183Â 897,B01,1,1,1,1,8,-1,-1,0,0,-1,2021,60.0,2,5,0,2,1,1,1,,3,53,-1,A,2,2,0,1,5,215,1,, -1,1,0,1,80,29,10,2021,19:15,3,38,38189,1,1,1,1,D53a,45.611733,5.052423,19,2,2
202100017323,170Â 686,A01,1,1,1,0,1,-1,-1,0,0,-1,2021,58.0,1,2,0,2,3,1,1,,3,1084,-1,,2,3,0,2,4,280,1,, -1,1,0,1,50,24,9,2021,20:45,5,1,1249,2,1,0,3,1920 Grande Rue,45.826117,4.964151,20,2,2