Num_Acc,id_vehicule,num_veh,place,catu,sexe,trajet,secu1,secu2,secu3,locp,actp,etatp,year_acc,victim_age,senc,catv,obs,obsm,choc,manv,motor,occutc,catr,voie,v1,v2,circ,nbv,vosp,prof,pr,pr1,plan,lartpc,larrout,surf,infra,situ,vma,jour,mois,an,hrmn,lum,dep,com,agg_,int,atm,col,adr,lat,long,hour,nb_victim,nb_vehicules
202100049736,112Â 845,C01,2,2,1,5,1,0,-1,-1, -1,-1,2021,47.0,1,2,0,2,3,1,1,,3,CABASSOU (ROUTE DE),0,,2,2,0,1,1,0,1,, -1,1,0,1,50,27,2,2021,22:15,5,973,97302,2,1,0,5,CABASSOU (ROUTE DE),4.91746,-52.31301,22,7,3
202100012676,179Â 058,A01,2,2,1,9,1,0,-1,0,0,-1,2021,51.0,2,3,0,1,3,1,2,2.0,4,AVENUE MARC SANGNIER,0,,1,1,0,1,(1),(1),1,, -1,1,0,1,30,17,10,2021,16:30,1,75,75114,2,7,0,6,AVENUE MARC SANGNIER,48.826692,2.304891,16,3,1
202100009209,185Â 251,B01,1,1,1,1,8,-1,-1,-1, -1,-1,2021,61.0,-1,1,0,2,1,1,1,,7,BRIGNAIS (DE)      D 42             (RO),0,,2,3,0,2,(1),(1),3,, -1,1,5,1,50,3,11,2021,08:05,1,69,69202,2,2,0,3,LIBERATION (DE LA) (RTE),45.72303,4.78025,8,2,2
202100054523,104Â 316,A01,10,3,1,2,0,-1,-1,3,4,1,2021,14.0,1,1,0,1,1,1,1,,4,,0,,2,2,0,1,(1),(1),1,, -1,1,0,1,50,20,1,2021,12:10,1,42,42005,2,1,1,6,Rue Lamartine,45.527998,4.264557,12,2,1
202100015373,174Â 228,A01,1,1,1,1,2,6,-1,0,0,-1,2021,33.0,1,1,0,2,2,17,1,,2,1,0,A,2,2,0,1,(1),(1),1,,7,1,0,1,50,4,10,2021,07:25,1,974,97415,2,3,0,3,Chaussee Royale,-20.999767,55.283589,7,2,2
202100046589,118Â 491,A01,1,1,1,4,1,8,-1,-1, -1,-1,2021,51.0,2,5,0,2,1,15,1,,4,INDUSTRIE (RUE DE L ),0,,2,2,0,1,(1),(1),1,, -1,1,0,1,50,24,3,2021,10:50,1,67,67218,2,1,0,3,INDUSTRIE (RUE DE L ),48.53618,7.7324,10,2,2
202100054118,105Â 014,A01,1,1,1,0,2,6,-1,-1, -1,-1,2021,29.0,-1,1,0,2,4,26,0,,3,GALLIENI (AV.) DE 1 A 109,0,,1,3,0,1,0,1,1,, -1,1,0,1,50,22,1,2021,15:30,1,93,93010,2,9,0,2,GALLIENI (AV.) DE 1 A 109,48.9056135437,2.4770425492,15,2,2
202100027620,152Â 353,B01,1,1,1,5,0,-1,-1,0,0,-1,2021,17.0,3,1,0,2,1,13,5,,4,,-1,,2,2,0,1,(1),(1),1,,4,1,0,1,50,22,7,2021,19:45,2,42,42243,2,1,1,1,Le Bourg,45.848215,3.996454,19,2,2
202100054992,103Â 514,B01,5,2,1,0,1,0,-1,-1, -1,-1,2021,10.0,2,2,0,2,4,1,1,,1,AUTOROUTE A6A,0,,3,6,0,1,3,250,1,, -1,1,0,1,90,15,1,2021,13:00,1,94,94038,1,1,0,2,AUTOROUTE A6A,48.77732,2.34649,13,4,2
202100033333,142Â 181,A01,2,2,1,5,2,0,-1,-1, -1,-1,2021,54.0,1,1,11,0,1,1,1,,3,RD 75,0,,2,2,0,1,(1),(1),1,, -1,1,0,1,90,11,6,2021,23:30,4,59,59383,1,1,0,7,RD 75,50.355437,3.560109,23,2,1
202100047758,116Â 380,A01,2,2,1,0,2,8,-1,-1, -1,-1,2021,18.0,1,1,0,2,1,17,1,,3,VIRGILE (AVENUE),0,,2,2,0,1,0,50,1,, -1,1,0,1,50,16,3,2021,13:45,1,973,97302,2,1,0,2,VIRGILE (AVENUE),4.94173,-52.32088,13,3,2
202100053212,106Â 622,B01,2,2,2,1,8,-1,-1,-1, -1,-1,2021,21.0,2,1,0,2,1,1,1,,4,QUAI DE BRAZZA,0,,2,2,0,1,(1),(1),1,, -1,1,0,8,50,29,1,2021,11:40,1,33,33063,2,2,0,3,Quai de Brazza,44.85208,-0.5571,11,3,2
202100004161,194Â 311,A01,10,3,2,5,0,0,0,1,3,1,2021,30.0,2,2,0,1,3,1,1,,3,87,-1,,2,2,0,1,16,789,1,, -1,2,0,1,-1,5,11,2021,18:00,2,31,31232,1,1,0,6,3430 Route de Larra,43.752195,1.252479,18,2,1
202100050194,111Â 996,A01,1,1,2,5,1,5,-1,0,0,-1,2021,25.0,0,2,8,0,1,13,1,,4,QUATORZE JUILLET (BOULEVARD),0,,-1,4,0,1,(1),(1),1,, -1,1,0,1,50,24,2,2021,11:10,1,27,27229,2,1,0,1,QUATORZE JUILLET (BOULEVARD),49.01198,1.16842,11,1,1
202100002312,197Â 657,B01,2,2,1,5,1,-1,-1,0,0,-1,2021,22.0,1,2,0,2,2,1,1,,3,678,0,D,2,2,0,1,2,600,1,, -1,2,0,1,90,19,12,2021,19:50,3,39,39171,1,1,1,1,,46.670693,5.451804,19,3,2
202100010449,183Â 044,A01,1,1,2,0,1,0,-1,-1, -1,-1,2021,28.0,2,2,0,2,4,0,1,,1,A7-Sens Marseille vers Lyon,0,,1,3,0,1,276,0,1,, -1,1,0,1,90,29,10,2021,16:30,1,13,13215,1,1,0,2,A7-Sens Marseille vers Lyon,43.358262,5.362681,16,2,2
202100046844,118Â 044,B01,1,1,1,5,2,-1,-1,0,0,-1,2021,52.0,1,1,0,2,8,1,5,,3,D 64,-1,,2,2,0,1,9,600,1,, -1,1,0,1,90,24,3,2021,12:42,1,34,34329,1,1,0,2,D 64,43.250611,3.257189,12,2,2
202100033249,142Â 339,A01,1,1,1,0,2,6,-1,0,0,-1,2021,68.0,1,1,0,2,2,17,1,,3,933,-1,,2,2,0,1,40,500,1,, -1,1,0,1,80,19,6,2021,18:18,1,47,47285,1,1,0,2,D933,44.426923,0.12777,18,2,2
202100019865,166Â 132,A01,1,1,1,1,1,0,-1,-1, -1,-1,2021,33.0,1,2,0,2,3,2,3,,4,MONPROFIT PLACE,0,,3,2,0,1,1,0,1,, -1,1,0,1,50,9,9,2021,07:48,1,49,49007,2,1,0,2,MONPROFIT PLACE,47.474,-0.567,7,2,2
202100003417,195Â 649,A01,1,1,1,5,1,-1,-1,-1, -1,-1,2021,53.0,1,5,11,0,2,0,1,,4,GOURMELEN ETIENNE RUE,0,,2,2,0,2,(1),(1),1,, -1,2,5,1,30,11,12,2021,04:00,3,29,29232,2,9,1,6,Rue Etienne Gourmelen,47.998149,-4.090605,4,1,1
202100012666,179Â 077,B01,1,1,1,5,1,0,-1,-1, -1,-1,2021,40.0,3,2,0,2,1,23,1,,3,JEU DU MAIL AVENUE DU,0,,2,4,0,1,30,157,3,, -1,1,0,1,50,17,10,2021,07:22,5,9,9225,2,4,0,3,JEU DU MAIL AVENUE DU,43.122767,1.602556,7,3,2
202100002056,198Â 118,A01,10,3,1,0,0,-1,-1,2,3,1,2021,18.0,1,5,0,1,2,1,1,,3,POLISSARD (RUE AUGUSTE),0,,2,2,0,1,1,0,1,, -1,1,0,1,50,20,12,2021,12:25,1,93,93010,2,1,0,6,POLISSARD (RUE AUGUSTE),48.904156949,2.480412942,12,2,1
202100051031,110Â 454,A01,10,3,1,2,0,-1,-1,3,3,1,2021,11.0,0,2,0,1,1,1,1,,4,PARIS (RUE DE),0,,-1,2,0,3,0,0,1,, -1,2,0,1,50,15,2,2021,17:35,1,80,80021,2,1,1,3,PARIS (RUE DE),49.88782,2.28923,17,2,1
202100026965,153Â 510,A01,1,1,1,0,8,0,-1,-1, -1,-1,2021,23.0,1,0,0,2,7,1,3,,3,GALLIENI (BOULEVARD),0,,2,4,0,1,1,0,1,, -1,1,0,1,50,26,7,2021,16:15,1,93,93049,2,3,0,3,Boulevard GalliÃ©ni / Rue Edgar Quinet,48.85281,2.51321,16,2,2
202100002273,197Â 720,A01,10,3,1,9,0,-1,-1,2,3,1,2021,37.0,2,1,0,1,1,1,1,,4,AVENUE PARMENTIER,0,,2,2,0,1,(1),(1),1,, -1,1,0,1,30,18,12,2021,09:45,1,75,75110,2,1,0,6,AVENUE PARMENTIER,48.870374,2.370763,9,2,1
202100014973,174Â 941,A01,1,1,1,0,1,8,-1,0,0,-1,2021,35.0,2,2,0,2,1,13,1,,2,T20,0,,2,1,0,1,7,0,3,, -1,1,0,1,90,3,10,2021,16:45,1,201,201004,1,1,0,1,T20,41.9393,8.8045,16,2,2
202100001890,198Â 418,A01,1,1,2,0,1,5,-1,0,0,-1,2021,24.0,1,2,6,2,2,21,1,,4,GRANDE DELLE (BOULEVARD DE LA),0,,2,2,0,1,1,0,1,, -1,1,0,1,50,21,12,2021,09:00,1,14,14327,2,1,0,3,Boulevard de la Grande Delle,49.20848,-0.33525,9,2,2
202100005204,192Â 469,A01,4,2,1,5,8,-1,-1,-1,0,-1,2021,16.0,3,2,1,0,3,26,1,,4,ALEXIS VARAGNE ( RUE),0,,2,2,0,1,(1),(1),1,, -1,2,0,1,50,1,12,2021,21:48,5,95,95680,2,1,1,2,ALEXIS VARAGNE ( RUE),49.0015318773,2.4141705036,21,5,2
202100023938,158Â 844,B01,2,2,2,5,1,-1,-1,0,0,-1,2021,36.0,1,2,0,2,3,1,1,,3,118,0,D,2,2,0,1,72,850,2,, -1,1,0,1,70,16,8,2021,19:00,1,11,11209,1,1,0,5,D118,42.969833,2.25938,19,7,3
202100022148,162Â 048,A01,1,1,1,5,1,-1,-1,0,0,-1,2021,78.0,3,2,13,0,3,1,1,,3,109,0,,2,2,0,2,(1),(1),3,, -1,1,0,8,80,27,8,2021,15:45,1,202,202242,1,1,0,6,D109 - E Murelle,42.392411,9.497702,15,1,1
202100016392,172Â 332,A01,1,1,1,2,2,-1,-1,0,0,-1,2021,18.0,2,1,0,2,8,1,1,,3,922,0,D,2,2,0,1,(1),(1),1,,"5,5",2,0,1,50,29,9,2021,07:55,1,41,41194,2,2,1,3,boulevard du marÃ©chal lyautey,47.361407,1.739246,7,2,2
202100012313,179Â 725,A01,4,2,2,5,8,-1,-1,0,0,-1,2021,19.0,2,2,3,0,3,21,1,,3,12,-1,D,2,2,0,1,24,600,1,, -1,1,0,4,80,19,10,2021,23:20,3,60,60393,1,1,0,6,D12,49.278584,2.371252,23,4,1
202100014157,176Â 387,A01,1,1,1,0,0,-1,-1,0,0,-1,2021,42.0,1,2,1,0,5,4,1,,4,BONPAIN (RUE DE L'ABBE),0,,2,2,0,1,(1),(1),1,, -1,1,0,1,50,9,10,2021,11:12,1,59,59656,2,2,0,6,BONPAIN (RUE DE L'ABBE),50.77207,3.04102,11,1,1
202100052274,108Â 270,B01,1,1,1,5,1,-1,-1,0,0,-1,2021,28.0,1,2,0,0,3,1,1,,3,1205,0,D,2,2,0,1,31,669,2,, -1,1,0,1,80,7,2,2021,17:25,2,74,74169,1,6,0,1,D1205,46.063539,6.540046,17,3,2
202100045677,120Â 092,A01,1,1,1,5,2,6,-1,0,0,-1,2021,20.0,3,1,0,0,0,1,1,,4,01,0,C,2,2,0,1,(1),(1),1,,"3,4",1,0,1,80,1,4,2021,20:30,3,79,79236,1,1,0,7,Puy Thareau,46.77387,-0.701462,20,1,1
202100043761,123Â 464,A01,1,1,1,0,2,6,-1,-1, -1,-1,2021,27.0,3,1,0,0,1,26,1,,4,ETCHECOPAR (ALLEE),0,,2,3,0,1,0,0,4,, -1,1,0,1,50,16,4,2021,12:40,1,64,64024,2,1,0,7,ETCHECOPAR (ALLEE),43.46477,-1.52949,12,1,1
202100036950,135Â 651,B01,2,2,1,1,1,8,-1,-1, -1,-1,2021,28.0,1,5,0,0,4,0,1,,2,LITTORAL (ROUTE 1 DU),0,,2,4,0,1,(1),(1),1,, -1,1,0,1,90,31,5,2021,07:30,2,974,97411,1,1,0,2,LITTORAL (ROUTE 1 DU),-20.8927290542,55.3795543979,7,3,2
202100010053,183Â 727,A01,10,3,2,5,0,-1,-1,9,B,2,2021,6.0,1,2,0,1,7,21,0,,4,COTE DU NORD (RUE DE LA),0,,2,2,0,1,1,0,1,, -1,2,6,1,50,31,10,2021,20:15,5,93,93048,2,1,1,3,COTE DU NORD (RUE DE LA),48.8622888708,2.4732945939,20,4,2
202100045453,120Â 489,A01,1,1,1,0,2,0,-1,-1, -1,-1,2021,24.0,2,1,0,2,9,17,1,,3,JEAN JAURES (AVE) 55 A 129,0,,2,4,1,1,0,1,1,, -1,1,0,1,50,2,4,2021,12:03,1,93,93001,2,1,0,5,JEAN JAURES (AVE) 55 A 129,48.9066117165,2.395259589,12,3,3
202100037161,135Â 259,A01,10,3,1,5,0,-1,-1,2,3,1,2021,3.0,1,2,0,1,1,9,1,,4,CROISETTE (BOULEVARD DE),0,,2,4,0,1,(1),(1),1,, -1,1,0,1,30,31,5,2021,20:00,1,6,6029,2,9,0,6,CROISETTE (BOULEVARD DE),43.546233,7.033128,20,2,1
202100017802,169Â 799,A01,2,2,2,0,1,0,-1,-1, -1,-1,2021,27.0,0,2,9,2,3,9,1,,4,GRIBELETTE (BOULEVARD DE LA),0,,2,1,0,1,0,0,2,, -1,1,9,8,30,20,9,2021,16:10,1,91,91434,2,6,0,3,GRIBELETTE (BOULEVARD DE LA),48.64595,2.351886,16,4,2
202100035805,137Â 708,B01,1,1,1,0,0,-1,-1,0,0,-1,2021,10.0,3,1,0,2,1,0,5,,3,,-1,,2,1,3,1,(1),(1),3,,3,1,0,6,50,8,6,2021,17:00,1,67,67066,2,3,0,3,Rue de la Gare,48.478339857,7.2149464488,17,2,2
202100028270,151Â 164,A01,1,1,2,0,1,0,-1,-1, -1,-1,2021,23.0,1,2,4,0,1,1,1,,2,RAMBAUD (LEOPOLD),0,,3,2,0,2,(1),(1),2,, -1,2,0,1,90,18,7,2021,20:30,5,974,97411,1,1,1,6,RAMBAUD (LEOPOLD),-20.88567,55.49629,20,1,1
202100007978,187Â 472,A01,1,1,1,5,1,-1,-1,-1,0,-1,2021,21.0,3,2,11,0,9,21,1,,4,EGUILLETTE (AVENUE DE L'),0,,2,2,0,1,(1),(1),2,, -1,2,0,4,50,14,11,2021,06:10,5,95,95572,1,6,1,6,Avenue de lâEguillette,49.04913,2.1271,6,5,1
202100011131,181Â 838,B01,1,1,2,0,1,0,-1,-1, -1,-1,2021,46.0,0,1,0,0,0,0,0,,4,,0,,1,2,3,1,0,0,1,, -1,2,5,1,50,25,10,2021,08:55,2,92,92044,2,2,1,7,ARISTIDE BRIAND(RUE)85 +  ET  98+,48.8936,2.29114,8,2,2
202100002403,197Â 484,B01,1,1,1,2,2,6,-1,-1, -1,-1,2021,17.0,1,1,0,2,1,1,1,,4,LE KEM (CHEMIN) - PAIR,0,,2,2,0,1,0,0,1,, -1,1,0,1,50,14,12,2021,08:00,2,57,57672,2,1,0,3,LE KEM (CHEMIN) - PAIR,49.36601,6.13856,8,2,2
202100021342,163Â 503,A01,1,1,1,5,0,-1,-1,0,0,-1,2021,89.0,3,1,0,2,6,1,3,,4,,-1,,2,2,0,1,(1),(1),1,,4,1,0,1,30,3,9,2021,09:35,1,89,89167,2,2,0,3,Route d Orleans,47.861085,3.44276,9,2,2
202100007950,187Â 521,B01,1,1,1,1,2,6,-1,-1, -1,-1,2021,20.0,1,1,0,2,1,3,1,,1,A104,0,,-1,4,0,1,11,700,1,, -1,1,0,1,90,16,11,2021,19:40,3,77,77294,1,1,0,3,A104,48.96485,2.60961,19,2,2
202100028409,150Â 934,A01,9,2,2,9,1,-1,-1,0,0,-1,2021,24.0,1,2,3,0,2,0,1,,2,12,-1,,3,4,0,1,45,150,1,, -1,1,0,8,110,18,7,2021,09:45,1,78,78389,1,9,0,7,N12,48.801154,1.810513,9,5,1
202100038358,133Â 072,A01,1,1,1,0,2,6,-1,-1, -1,-1,2021,34.0,1,1,12,0,1,1,1,,4,BRETONNERIE (RUE DE LA),0,,-1,1,0,1,(1),(1),2,, -1,2,0,1,50,26,5,2021,00:30,5,45,45234,2,1,1,6,Rue de la Bretonnerie,47.90615,1.9027,0,1,1
202100024407,158Â 057,A01,1,1,1,5,2,-1,-1,0,0,-1,2021,45.0,1,1,0,2,1,1,1,,2,77,-1,,2,2,0,4,17,408,1,, -1,1,0,1,70,13,8,2021,07:25,1,10,10116,2,1,0,3,Route Nationale,48.14786,4.011641,7,2,2
202100023007,160Â 501,A01,1,1,1,5,2,0,-1,-1, -1,-1,2021,36.0,2,1,0,2,1,21,1,,4,mamoudzou centre-Haladi Selemani ( rue ),0,,2,2,0,2,0,0,1,, -1,1,0,1,50,2,8,2021,13:55,1,976,97611,2,1,0,2,mamoudzou centre-Haladi Selemani ( rue ),-12.77971,45.22787,13,2,2
202100008036,187Â 365,A01,2,2,1,5,2,6,-1,0,0,-1,2021,24.0,1,1,0,2,1,1,1,,4,BERNIERES (RUE DE),0,,2,3,0,1,1,0,1,, -1,1,0,1,50,9,11,2021,16:25,1,14,14118,2,1,0,2,BERNIERES (RUE DE),49.18235,-0.35923,16,3,2
202100029724,148Â 662,A01,1,1,1,5,1,-1,-1,-1, -1,-1,2021,27.0,2,2,0,2,1,2,1,,1,AUTOROUTE A 62,0,,3,4,0,1,4,199,1,, -1,1,0,1,130,10,7,2021,02:55,3,33,33080,1,1,0,2,AUTOROUTE A 62,44.73749,-0.53403,2,2,2
202100031276,145Â 837,A01,1,1,2,5,2,6,-1,0,0,-1,2021,17.0,2,1,0,6,0,0,1,,3,164,-1,,2,2,0,1,4,740,2,,6,2,0,1,80,4,7,2021,08:50,1,79,79049,1,3,1,7,,46.881975,-0.496037,8,1,1
202100002517,197Â 277,B01,1,1,1,5,2,4,-1,0,0,-1,2021,61.0,2,1,0,2,4,2,5,,3,145,-1,,2,2,0,1,8,521,1,, -1,1,0,1,80,18,12,2021,16:35,1,72,72054,1,1,0,2,Les Bruyeres,48.002583,0.331564,16,2,2
202100000513,200Â 781,A01,1,1,1,0,2,0,-1,-1, -1,-1,2021,59.0,3,1,10,0,1,0,1,,7,COL DE LA GINESTE D559,0,,2,2,0,4,1,0,2,, -1,1,0,3,50,8,6,2021,11:35,1,13,13209,1,1,0,6,COL DE LA GINESTE D559,43.2400472246,5.4570285739,11,1,1
202100013149,178Â 245,B01,1,1,1,1,2,6,-1,-1, -1,-1,2021,25.0,2,1,0,2,8,1,1,,3,906,0,,1,4,0,1,0,0,1,, -1,1,0,1,50,15,10,2021,09:20,1,92,92019,2,1,0,3,GENERAL LECLERC (PLACE DU - aucun nÂ°),48.77667,2.23043,9,2,2
202100002563,197Â 200,A01,1,1,1,1,8,0,-1,-1, -1,-1,2021,39.0,1,1,0,2,0,0,1,,1,A4.Y,0,,-1,3,0,1,16,200,1,, -1,1,0,1,90,17,12,2021,17:40,3,77,77169,1,1,0,6,A4.Y,48.83298,2.59458,17,1,1
202100048880,114Â 385,A01,2,2,2,5,1,-1,-1,0,0,-1,2021,40.0,1,4,0,0,7,15,1,,3,RD35,0,,2,2,0,1,(1),(1),2,, -1,1,5,1,50,24,2,2021,15:30,1,91,91275,1,6,0,7,rond Point St Clair,48.672231,2.152119,15,2,1
202100020821,164Â 427,B01,1,1,1,0,8,0,-1,-1, -1,-1,2021,41.0,2,2,4,2,1,16,1,,1,15,0,,-1,2,0,1,4,199,3,, -1,2,3,1,50,5,9,2021,04:10,3,92,92036,1,1,1,3,AUTOROUTE A15,48.9390027228,2.2956647869,4,2,2
202100022446,161Â 515,A01,1,1,1,4,2,6,-1,-1, -1,-1,2021,24.0,1,1,0,2,1,1,1,,4,RUE DE LA MISSION DU HAUT BRION,0,,2,2,0,1,(1),(1),2,, -1,1,0,1,50,26,8,2021,08:40,1,33,33522,2,1,0,1,Avenue de la Mission Haut-Brion,44.812609,-0.605825,8,2,2
202100026484,154Â 358,A01,1,1,1,5,2,6,-1,0,0,-1,2021,21.0,2,1,0,2,7,1,1,,4,CHATAIGNIERS (CITE DES),0,,2,2,0,2,(1),(1),1,, -1,1,0,1,30,25,7,2021,15:20,1,12,12013,2,3,0,3,CHATAIGNIERS (CITE DES),44.5307816545,2.2622837126,15,2,2
202100017058,171Â 135,B01,1,1,1,9,2,0,-1,0,0,-1,2021,36.0,2,1,0,2,1,5,5,,4,RUE LECOURBE,0,,2,3,0,1,(1),(1),1,, -1,1,0,1,30,24,9,2021,17:30,1,75,75115,2,3,0,3,RUE LECOURBE,48.841287,2.298214,17,2,2
202100034877,139Â 372,B01,7,2,1,9,0,-1,-1,0,0,-1,2021,16.0,1,2,0,2,1,2,1,,2,RT2,0,A,2,2,0,3,13,0,2,, -1,1,0,1,50,11,6,2021,18:35,3,987,98725,2,1,0,1,RT2 OROFARA pointe tapahi,-17.5068980543,-149.4940464199,18,4,2
202100038272,133Â 236,A01,10,3,1,4,0,-1,-1,6,9,1,2021,67.0,3,1,0,1,8,1,1,,3,1,-1,,2,2,0,1,(1),(1),2,, -1,1,0,3,30,23,5,2021,08:00,1,40,40051,2,1,0,6,Place du Marsan,43.889477,-0.391317,8,3,1
202100027736,152Â 137,A01,1,1,2,0,8,0,-1,-1, -1,-1,2021,50.0,0,1,0,2,1,13,1,,4,PONT DE PIRMIL,0,,2,4,2,1,(1),(1),1,, -1,1,0,1,50,21,7,2021,23:30,5,44,44109,2,2,0,3,PONT DE PIRMIL,47.19808,-1.54281,23,2,2
202100015811,173Â 412,A01,1,1,1,5,1,-1,-1,0,0,-1,2021,44.0,1,2,13,0,3,0,1,,3,35,-1,,2,2,0,2,14,273,1,, -1,1,0,1,-1,1,10,2021,18:20,1,34,34144,1,1,0,7,D35,43.711378,3.204575,18,1,1
202100014680,175Â 472,A01,1,1,1,1,2,6,-1,0,0,-1,2021,29.0,1,1,0,6,1,0,1,,3,1005,-1,,2,2,0,1,11,100,1,, -1,1,0,1,80,6,10,2021,23:40,3,74,74263,1,1,0,6,D1005,46.330195,6.369034,23,1,1
202100017786,169Â 824,A01,1,1,2,0,8,0,-1,-1, -1,-1,2021,22.0,2,2,0,0,3,16,1,,4,DE GAULLE (BD DU GENERAL),0,,2,0,0,1,(1),(1),3,, -1,1,5,1,50,21,7,2021,02:10,5,78,78172,2,1,0,7,DE GAULLE (BD DU GENERAL),49.007054,2.121254,2,1,1
202100010153,183Â 550,B01,4,2,2,5,1,8,-1,0,0,-1,2021,4.0,2,2,0,2,1,1,1,,4,PALAVAS (AVENUE DE),0,,1,2,3,2,(1),(1),1,, -1,2,5,1,30,30,10,2021,09:30,1,34,34172,2,3,1,3,PALAVAS (AVENUE DE),43.60185,3.88466,9,3,2
202100045169,120Â 995,A01,4,2,1,5,1,3,-1,0,0,-1,2021,3.0,1,2,0,0,9,1,1,,4,250,-1,,2,2,0,1,(1),(1),2,, -1,1,0,3,80,2,4,2021,19:10,1,33,33382,1,1,0,7,Lieu Dit Rabut,45.127005,-0.517771,19,2,1
202100036128,137Â 105,B01,1,1,2,0,1,-1,-1,0,0,-1,2021,34.0,1,2,0,0,7,15,1,,3,946,-1,,2,2,0,1,59,500,1,, -1,1,5,1,80,7,6,2021,17:31,1,8,8490,1,3,0,3,D946/D977,49.398833,4.715828,17,2,2
202100041879,126Â 767,B01,1,1,2,5,1,0,-1,-1, -1,-1,2021,79.0,1,2,0,2,3,1,1,,4,BARBES (RUE ARMAND),0,,2,2,0,1,0,0,1,, -1,1,0,1,50,29,4,2021,15:21,1,87,87085,2,3,0,3,BARBES (RUE ARMAND),45.83732,1.26182,15,2,2
202100029762,148Â 588,A01,4,2,1,0,8,-1,-1,-1, -1,-1,2021,9.0,1,2,0,2,6,1,1,,4,PAUL TESTE                          (R ),0,,2,2,3,1,(1),(1),1,, -1,1,0,1,50,9,7,2021,18:35,1,69,69256,2,1,0,2,PAUL TESTE (R),45.77278,4.91291,18,4,2
202100033526,141Â 844,A01,10,3,2,3,0,-1,-1,3,3,1,2021,75.0,1,2,16,1,4,19,1,,4,avenue des frais fonds,0,,1,1,0,1,(1),(1),1,, -1,2,9,1,50,18,6,2021,10:30,1,62,62525,2,9,0,6,avenue des frais fonds,50.735526,2.273656,10,2,1
202100027329,152Â 871,A01,1,1,2,5,8,0,-1,-1, -1,-1,2021,44.0,2,2,6,0,1,14,1,,3,RUE DU MESNIL,0,,2,2,0,1,0,0,1,, -1,1,0,4,50,23,7,2021,15:30,1,91,91552,2,1,0,6,RUE DU MESNIL,48.59612,2.27389,15,1,1
202100003302,195Â 865,A01,1,1,1,0,1,-1,-1,0,0,-1,2021,84.0,1,2,0,2,1,5,1,,7,27,0,D,1,1,0,2,23,651,1,, -1,1,0,8,30,13,12,2021,17:30,2,34,34202,2,1,0,5,Avenue de la Gare,43.583557,3.76068,17,3,3
202100036429,136Â 592,A01,1,1,1,0,8,0,-1,-1, -1,-1,2021,64.0,2,1,0,2,1,1,5,,4,MAGINOT (AV. ANDRE),0,,2,2,0,1,(1),(1),1,, -1,2,0,1,50,4,6,2021,15:09,1,37,37261,1,1,1,6,MAGINOT (AV. ANDRE),47.41373,0.68671,15,3,2
202100043485,123Â 931,B01,1,1,1,0,2,6,-1,0,0,-1,2021,37.0,2,1,0,2,1,1,1,,7,901,0,M,2,2,0,1,10,590,1,, -1,1,0,1,70,19,4,2021,07:50,1,6,6033,2,3,0,3,1ERE AVENUE 7EME RUE,43.780258,7.213919,7,2,2
202100010116,183Â 624,A01,1,1,2,5,1,-1,-1,-1,0,-1,2021,26.0,1,2,4,0,1,13,1,,1,AUTOROUTE A15,0,,1,1,0,2,21,299,3,, -1,2,3,1,50,30,10,2021,20:00,3,95,95572,1,1,1,6,A15,49.03404,2.11284,20,1,1
202100025455,156Â 165,A01,1,1,2,0,1,5,-1,-1, -1,-1,2021,33.0,1,2,0,2,2,1,1,,4,FERRY (BOULEVARD JULES),0,,2,1,0,1,(1),(1),1,, -1,1,0,1,50,5,8,2021,20:15,2,27,27375,2,3,0,3,FERRY (BOULEVARD JULES),49.21101,1.16546,20,2,2
202100012639,179Â 119,B01,1,1,2,1,1,0,-1,-1, -1,-1,2021,39.0,0,2,0,0,0,0,0,,3,CHAMP DE COURSES (RUE DU),0,,-1,2,0,1,1,251,1,, -1,1,0,1,50,17,10,2021,07:20,5,76,76545,2,3,0,3,CHAMP DE COURSES (RUE DU),49.90845,1.08769,7,4,2
202100000877,200Â 177,A01,1,1,2,1,1,4,-1,-1, -1,-1,2021,31.0,1,2,3,0,1,14,1,,3,ELOISE ET ABELARD (RUE),0,,1,1,0,3,0,100,3,, -1,2,0,1,50,30,12,2021,10:12,1,10,10115,2,1,0,6,ELOISE ET ABELARD (RUE),48.3157291141,4.1172981262,10,1,1
202100031131,146Â 096,B01,1,1,2,5,1,8,-1,-1, -1,-1,2021,79.0,1,2,0,2,8,1,1,,3,D 9  ROUTE DE LA SERRE DE NEROUS,0,,2,2,0,2,19,650,2,, -1,2,0,1,80,11,5,2021,11:50,1,31,31483,1,1,1,1,D 9  ROUTE DE LA SERRE DE NEROUS,43.12964,0.70761,11,2,2
202100036318,136Â 773,A01,1,1,1,0,0,-1,-1,0,0,-1,2021,52.0,3,5,2,0,1,1,1,,4,,-1,,2,1,0,2,(1),(1),3,,3,2,0,8,80,6,6,2021,04:20,3,38,38099,1,1,0,6,Chemin de Saint Appolinard,45.183595,5.279263,4,1,1
202100055762,102Â 191,A01,1,1,1,0,2,-1,-1,0,0,-1,2021,29.0,0,1,0,2,7,1,5,,4,GEORGES GUYNEMER (RUE),0,,2,2,0,1,(1),(1),1,, -1,2,0,1,50,7,1,2021,17:59,5,80,80021,2,3,1,3,GEORGES GUYNEMER (RUE),49.91007,2.30049,17,2,2
202100052204,108Â 395,A01,2,2,2,0,8,0,-1,-1, -1,-1,2021,18.0,3,1,0,2,1,26,1,,4,ROBERT VIGNON (RUE),0,,2,2,0,1,(1),(1),1,, -1,2,0,1,50,6,2,2021,22:30,5,973,97302,2,2,1,5,CESAIRE (CITE),4.93089,-52.32252,22,4,3