Num_Acc,id_vehicule,num_veh,place,catu,sexe,trajet,secu1,secu2,secu3,locp,actp,etatp,year_acc,victim_age,senc,catv,obs,obsm,choc,manv,motor,occutc,catr,voie,v1,v2,circ,nbv,vosp,prof,pr,pr1,plan,lartpc,larrout,surf,infra,situ,vma,jour,mois,an,hrmn,lum,dep,com,agg_,int,atm,col,adr,lat,long,hour,nb_victim,nb_vehicules
202100039640,130Â 735,A01,1,1,1,1,2,-1,-1,0,0,-1,2021,44.0,0,1,2,0,1,0,1,,3,37,0,D,2,2,0,1,5,915,1,, -1,2,0,1,80,17,5,2021,06:00,3,89,89332,1,1,1,6,D37,48.308117,3.071753,6,1,1
202100047517,116Â 827,A01,10,3,1,0,0,-1,-1,2,3,1,2021,52.0,1,5,0,1,2,1,1,,2,JEAN JAURES ( AVENUE ),0,,2,2,0,1,38,792,1,, -1,1,0,1,50,3,2,2021,14:37,1,5,5061,2,1,0,6,JEAN JAURES ( AVENUE ),44.5514684021,6.0704924629,14,2,1
202100002913,196Â 565,A01,10,3,2,9,0,-1,-1,4,3,1,2021,16.0,0,2,0,2,1,1,1,,4,CHANTERANNE (RUE DE),0,,2,2,0,1,(1),(1),1,, -1,1,0,1,50,13,12,2021,19:53,5,63,63113,2,1,0,6,CHANTERANNE (RUE DE),45.78728,3.09827,19,2,1
202100034137,140Â 743,B01,1,1,1,0,2,0,-1,-1, -1,-1,2021,24.0,2,1,0,2,1,17,1,,3,19,0,,2,4,0,1,0,0,1,, -1,1,0,1,50,13,6,2021,23:50,5,92,92036,2,3,0,3,BAS ( RUE DES ),48.9191165847,2.290260646,23,2,2
202100012194,179Â 921,B01,1,1,1,0,8,0,-1,-1, -1,-1,2021,44.0,2,1,0,2,4,1,0,,4,PAIX,0,,2,2,0,1,0,0,1,, -1,1,0,1,50,19,10,2021,13:30,1,64,64445,2,1,0,2,PAIX,43.3185717566,-0.3455489874,13,2,2
202100047227,117Â 343,B01,1,1,2,3,1,-1,-1,0, -1,-1,2021,50.0,1,2,0,2,3,0,1,,4,BLUM LEON,0,,2,2,0,4,(1),(1),1,, -1,1,5,1,50,20,3,2021,15:35,1,29,29019,2,2,0,3,Boulevard LÃ©on Blum,48.4088529625,-4.4853174276,15,2,2
202100029414,149Â 202,A01,1,1,1,5,2,0,-1,-1, -1,-1,2021,43.0,2,1,0,0,8,1,1,,4,PEPINIERE (CHEMIN DE LA),0,,2,1,0,1,0,0,1,, -1,1,0,1,30,11,7,2021,15:00,1,974,97411,2,1,0,7,PEPINIERE (CHEMIN DE LA),-20.89652,55.43894,15,1,1
202100012594,179Â 205,B01,2,2,1,5,1,0,-1,-1, -1,-1,2021,25.0,1,2,0,0,3,1,1,,1,A507 sens Aubagne- Marseille,0,,-1,3,0,2,10,0,1,, -1,1,0,1,50,17,10,2021,21:10,3,13,13055,1,1,0,2,A507 sens Aubagne- Marseille,43.3245,5.42278,21,4,2
202100003010,196Â 396,A01,1,1,1,1,2,-1,-1,0,0,-1,2021,32.0,2,1,0,2,1,1,1,,2,RT 01,0,R,2,2,1,1,16,200,1,, -1,1,0,1,60,16,12,2021,06:25,1,987,98738,1,1,0,3,PK 16.200 RT 01,-17.6409603007,-149.6074073017,6,2,2
202100048426,115Â 198,B01,1,1,2,3,1,0,-1,-1, -1,-1,2021,39.0,1,2,0,0,4,23,1,,4,CHARLES BALTET (RUE),0,,2,2,0,1,0,0,1,, -1,1,0,1,50,10,3,2021,10:50,1,10,10333,2,1,0,2,CHARLES BALTET (RUE),48.28231,4.05905,10,4,2
202100046032,119Â 476,B01,1,1,1,0,2,6,-1,0,0,-1,2021,57.0,3,1,0,2,2,1,1,,4,,0,,2,2,0,1,(1),(1),1,, -1,1,0,1,50,31,3,2021,11:50,1,45,45039,2,3,0,3,Allee des Fauvettes,47.789178,2.378148,11,3,2
202100018483,168Â 593,A01,1,1,1,5,0,-1,-1,0,0,-1,2021,23.0,2,5,0,0,9,1,1,,4,1,-1,,2,2,0,1,0,250,1,, -1,1,0,3,-1,18,9,2021,01:20,3,988,98811,2,1,0,7,RM1- lieu dit tiombola,-21.05111,164.86352,1,2,1
202100026356,154Â 584,B01,2,2,2,5,1,-1,-1,0,0,-1,2021,71.0,2,2,0,2,3,1,1,,3,37,-1,,2,2,0,1,3,742,1,, -1,2,5,1,80,28,6,2021,12:30,1,35,35002,1,2,1,3,La Croix de la Lande,47.996286,-1.515328,12,3,2
202100030342,147Â 525,C01,2,2,1,9,1,8,-1,-1, -1,-1,2021,68.0,3,2,0,2,1,26,1,,3,11 NOVEMBRE (AVENUE DU),0,,4,7,3,1,4,522,1,, -1,1,0,1,50,5,7,2021,17:30,1,86,86194,2,2,0,5,Avenue du 11 Novembre,46.56733,0.36581,17,8,4
202100052950,107Â 072,A01,1,1,1,2,2,6,-1,0,0,-1,2021,18.0,1,1,0,2,1,13,1,,3,26,-1,,2,2,0,2,7,830,2,, -1,1,0,1,50,2,2,2021,15:30,1,974,97403,1,1,0,1,rd26,-21.260401,55.465218,15,2,2
202100052365,108Â 110,A01,1,1,2,5,1,-1,-1,-1, -1,-1,2021,47.0,1,2,0,2,3,18,1,,1,AUTOROUTE A 10,0,,3,6,0,1,530,799,1,, -1,2,0,1,130,6,2,2021,13:15,1,33,33143,1,1,1,4,AUTOROUTE A 10,44.976442,-0.432722,13,3,3
202100031577,145Â 310,B01,1,1,2,5,1,0,-1,-1, -1,-1,2021,50.0,2,2,0,2,1,0,1,,3,PELISSOUX (ROUTE DES),0,,2,2,0,1,60,950,1,, -1,1,0,1,80,30,6,2021,13:35,1,24,24145,1,2,0,3,PELISSOUX (ROUTE DES),44.86522,0.55306,13,2,2
202100004318,194Â 040,B01,1,1,1,0,8,-1,-1,0,0,-1,2021,23.0,0,0,0,0,0,0,0,,4,1,0,N,2,2,0,1,(1),(1),1,,5,1,0,1,50,7,12,2021,07:20,1,972,97214,2,9,0,1,Rue Victor Schoelcher,14.832534,-61.054949,7,3,2
202100003980,194Â 638,B01,1,1,1,0,8,4,-1,-1, -1,-1,2021,23.0,3,0,0,2,1,1,3,,4,AV DE VERDUN,0,,2,2,0,2,0,0,1,, -1,2,0,1,50,7,12,2021,18:30,5,91,91021,2,3,1,1,AV DE VERDUN,48.580738,2.241554,18,2,2
202100011213,181Â 690,A01,1,1,1,0,2,6,-1,-1, -1,-1,2021,21.0,0,1,0,2,1,19,1,,4,POIRIER ROND (RUE DU ),0,,2,2,0,1,0,0,1,, -1,1,0,1,50,24,10,2021,16:31,1,45,45234,2,2,0,3,POIRIER ROND (RUE DU ),47.91487,1.9219,16,3,2
202100048776,114Â 581,B01,1,1,1,3,2,8,-1,0,0,-1,2021,45.0,2,1,0,2,7,17,1,,4,BOULEVARD ARAGO,0,,2,2,1,1,(1),(1),1,, -1,1,0,1,50,8,3,2021,16:15,1,75,75113,2,3,0,3,BOULEVARD ARAGO,48.836231,2.350108,16,2,2
202100041376,127Â 648,A01,1,1,1,5,2,6,-1,0,0,-1,2021,34.0,1,1,4,2,2,1,1,,3,2204,-1,,1,1,0,1,11,270,2,, -1,1,9,1,30,7,4,2021,11:55,1,6,6048,2,6,0,3,Pointe de Blausasc,43.781265,7.337435,11,2,2
202100055236,103Â 087,A01,1,1,1,5,1,-1,-1,0,0,-1,2021,80.0,1,2,0,2,3,15,1,,7,35,0,,2,2,0,1,2,200,2,, -1,1,5,1,50,13,1,2021,11:50,1,13,13078,2,3,0,1,Carrefour des Enfores RD35/RD268,43.403232648,4.7880976444,11,2,2
202100017995,169Â 462,A01,1,1,1,9,2,6,-1,-1, -1,-1,2021,17.0,1,1,0,2,1,13,1,,4,MAC JEAN (AV) NÂ° IMP 107 ET plus,0,,2,2,0,1,0,0,1,, -1,1,0,1,50,19,9,2021,17:36,1,72,72181,2,1,0,2,MAC JEAN (AV) NÂ° IMP 107 ET plus,47.97856,0.22718,17,2,2
202100005823,191Â 384,A01,1,1,1,1,2,-1,-1,0,0,-1,2021,30.0,0,1,0,2,1,16,1,,2,311,-1,,2,2,0,1,(1),(1),1,, -1,1,0,1,60,27,11,2021,16:00,1,987,98744,1,2,0,1,Vitaria,-22.449383,-151.376823,16,2,2
202100032153,144Â 278,A01,1,1,1,9,2,6,-1,-1, -1,-1,2021,36.0,0,1,0,2,0,26,6,,3,HUGO (AV. VICTOR),0,,-1,2,0,1,1,0,1,, -1,1,9,8,50,26,6,2021,18:50,1,93,93057,2,9,0,3,HUGO (AV. VICTOR),48.909829,2.513962,18,1,1
202100007780,187Â 844,B01,2,2,1,5,8,-1,-1,-1, -1,-1,2021,27.0,0,2,0,2,1,1,1,,7,JAURES. RUE JEAN,0,,2,3,0,1,0,800,1,, -1,2,0,1,50,14,11,2021,03:20,5,76,76231,2,2,1,1,HENRI. RUE,49.290696,1.009738,3,5,2
202100030670,146Â 932,A01,1,1,1,1,1,-1,-1,0,0,-1,2021,43.0,3,2,13,0,1,13,1,,4,,-1,,2,2,0,1,(1),(1),1,,4,1,0,1,80,5,7,2021,18:00,1,49,49023,1,1,0,6,Rue du Commerce (andrezÃ©),47.178731,-0.962779,18,1,1
202100037419,134Â 772,A01,10,3,1,0,0,-1,-1,2,3,1,2021,2.0,3,2,0,1,2,26,1,,4,GODART JUSTIN  (R),0,,2,2,0,1,(1),(1),1,, -1,1,0,1,50,30,5,2021,19:20,1,69,69264,2,1,0,6,GODART JUSTIN (R),45.98205391,4.73884812,19,2,1
202100013894,176Â 864,A01,1,1,1,1,2,6,-1,0,0,-1,2021,48.0,2,1,0,1,3,1,1,,4,AVENUE D ITALIE,0,,2,2,2,1,(1),(1),1,, -1,1,0,1,30,11,10,2021,18:15,1,75,75113,2,2,0,6,AVENUE D ITALIE,48.822215,2.358524,18,3,1
202100026876,153Â 678,A01,1,1,2,5,1,-1,-1,0,0,-1,2021,59.0,1,2,0,2,3,0,1,,3,6,-1,,2,2,0,1,(1),(1),1,, -1,1,0,1,70,9,6,2021,14:30,1,22,22112,1,1,0,1,D6,48.6499441389,-3.010318278,14,2,2
202100023586,159Â 478,A01,1,1,1,1,8,0,-1,-1, -1,-1,2021,44.0,3,1,0,2,1,19,5,,4,ROI (QUAI DU),0,,2,2,0,1,(1),(1),1,, -1,2,0,1,50,18,8,2021,14:20,1,45,45234,2,1,0,3,Quai du Roi,47.89888,1.92049,14,2,2
202100037272,135Â 052,A01,1,1,1,0,2,0,-1,-1, -1,-1,2021,43.0,1,1,0,2,7,17,1,,4,BLUM NR IMPAIRS JUSQUAU 1429,0,,2,2,0,1,1,0,1,, -1,1,0,1,50,31,5,2021,12:45,1,11,11069,2,1,0,3,BLUM NR IMPAIRS JUSQUAU 1429,43.2239010741,2.3537098628,12,2,2
202100055877,102Â 000,A01,1,1,2,3,1,-1,-1,0,0,-1,2021,26.0,1,2,0,2,1,2,1,,3,4096,-1,,2,2,0,1,20,570,1,, -1,1,0,1,80,9,1,2021,12:20,1,4,4242,1,9,0,4,RD 4096,43.885599,5.863792,12,5,3
202100022967,160Â 573,B01,2,2,2,5,2,6,-1,0,0,-1,2021,48.0,1,1,0,2,8,1,1,,3,900,0, -,2,2,0,2,19,380,2,, -1,1,0,1,80,22,8,2021,11:25,1,4,4024,1,1,0,3,RD 900,44.208973,6.368551,11,3,2
202100056042,101Â 713,B01,1,1,1,4,1,8,-1,-1, -1,-1,2021,47.0,2,2,0,2,1,1,1,,4,DJIBAOU (RUE  JEAN-MARIE ),0,,2,2,0,1,(1),(1),1,, -1,7,0,1,50,5,1,2021,10:14,1,56,56098,2,1,0,1,DJIBAOU (RUE  JEAN-MARIE ),47.77596,-3.3592,10,2,2
202100055977,101Â 833,B01,1,1,1,2,0,-1,-1,0,0,-1,2021,14.0,3,1,0,2,8,0,5,,3,103,0,D,2,2,0,2,35,720,1,, -1,2,5,1,50,8,1,2021,07:55,2,89,89460,2,2,1,1,,48.335242,3.064156,7,2,2
202100028910,150Â 053,A01,1,1,1,1,2,6,9,0,0,-1,2021,17.0,2,1,0,2,0,5,1,,3,59,0,D,2,2,0,2,2,500,3,, -1,1,0,1,80,15,7,2021,13:35,1,44,44064,1,1,1,1,Route de Saint-Fiacre,47.102469,-1.311193,13,2,2
202100009083,185Â 471,A01,1,1,1,5,8,-1,-1,-1, -1,-1,2021,17.0,2,1,0,2,3,1,3,,4,EMILE ZOLA                          (R ),0,,2,2,3,1,(1),(1),1,, -1,1,0,1,50,5,11,2021,14:00,1,69,69256,2,2,0,3,EMILE ZOLA (R),45.77737,4.9197,14,2,2
202100004016,194Â 561,C01,1,1,2,0,1,0,-1,0,0,-1,2021,57.0,3,2,0,2,4,2,1,,7,BREZET (AVENUE),0,,3,4,0,1,(1),(1),1,, -1,1,0,1,50,8,12,2021,09:17,1,63,63113,2,1,0,4,BREZET (AVENUE),45.7795,3.12807,9,3,3
202100039192,131Â 572,A01,1,1,1,0,2,6,-1,0,0,-1,2021,17.0,1,1,0,2,2,17,1,,3,48,0,,2,2,0,1,(1),(1),2,, -1,1,0,1,50,21,5,2021,16:45,1,14,14514,2,3,0,3,Avenue de la LibÃ©ration,49.281118,0.186789,16,2,2
202100004700,193Â 374,A01,1,1,1,9,1,0,-1,-1, -1,-1,2021,20.0,2,5,8,0,0,26,1,,3,CORBEIL (ROUTE DE),0,,1,0,0,1,0,0,2,, -1,1,0,1,50,4,12,2021,05:52,3,91,91549,2,9,0,7,CORBEIL (ROUTE DE),48.63926,2.33279,5,1,1
202100010715,182Â 573,A01,1,1,1,0,2,-1,-1,-1, -1,-1,2021,26.0,1,1,0,2,1,1,1,,4,,0,,3,4,0,1,(1),(1),1,, -1,1,0,1,50,24,10,2021,03:32,5,33,33063,2,1,0,2,Quai Louis XVIII,44.84355,-0.57019,3,2,2
202100001726,198Â 703,A01,10,3,2,1,0,-1,-1,3,3,1,2021,53.0,1,2,0,1,1,9,1,,4,LATECOERE RUE PIERRE,0,,2,2,0,1,(1),(1),1,, -1,1,0,1,50,18,12,2021,05:30,5,26,26362,2,6,0,6,55 Rue Pierre LatÃ©coÃ¨re,44.921701,4.92081,5,2,1
202100036264,136Â 856,A01,1,1,1,9,8,0,-1,0,0,-1,2021,19.0,1,1,0,2,2,9,5,,4,BOULEVARD MACDONALD,0,,2,2,0,1,(1),(1),1,, -1,1,0,1,50,5,6,2021,19:00,1,75,75119,2,1,0,3,BOULEVARD MACDONALD,48.898821,2.372939,19,2,2
202100033058,142Â 652,Z01,10,3,2,9,8,8,-1,3,3,2,2021,6.0,2,2,0,1,0,0,1,,4,RUE DU LOT,0,,2,2,0,1,(1),(1),1,, -1,1,0,1,50,21,6,2021,13:50,1,31,31555,2,1,0,6,RUE DU LOT,43.58014,1.4116,13,2,1
202100038136,133Â 487,B01,3,2,2,5,1,-1,-1,-1,0,-1,2021,13.0,2,2,0,2,4,2,1,,2,RN 104,0,,3,4,0,1,6,0,1,, -1,1,0,1,90,26,5,2021,12:20,1,95,95042,1,1,0,2,RN 104,49.06176,2.31468,12,4,2
202100001635,198Â 881,A01,10,3,1,1,0,-1,-1,4,3,1,2021,53.0,1,2,0,1,2,1,1,,3,LAGNY (RUE DE),0,,2,2,0,1,1,0,1,, -1,1,0,1,50,23,12,2021,14:40,1,93,93048,2,1,0,6,LAGNY (RUE DE),48.8490865818,2.4242224228,14,3,1
202100001676,198Â 801,A01,1,1,2,9,1,-1,-1,-1,0,-1,2021,28.0,1,5,4,0,1,14,1,,1,AUTOROUTE A15,0,,1,1,0,2,15,0,3,, -1,1,3,1,50,23,12,2021,12:40,1,95,95306,1,1,0,6,A15,48.9958373785,2.1804642677,12,1,1
202100034449,140Â 153,B01,1,1,1,0,2,6,-1,-1, -1,-1,2021,34.0,3,1,0,2,8,9,1,,3,PABLO NERUDA (ROND-POINT),0,,-1,2,0,1,0,1,1,, -1,1,0,1,50,14,6,2021,21:15,1,93,93007,2,5,0,3,PABLO NERUDA (ROND-POINT),48.9498970434,2.467022743,21,2,2
202100014893,175Â 091,A01,1,1,1,5,0,-1,-1,0,0,-1,2021,23.0,2,1,0,2,3,1,5,,3,734,0,,2,2,0,1,16,700,1,, -1,1,0,1,80,6,10,2021,21:00,3,17,17385,1,1,0,1,Route Rd 734,45.954969,-1.335483,21,2,2
202100052703,107Â 525,A01,10,3,2,1,0,-1,-1,3,3,1,2021,48.0,1,2,0,1,2,1,1,,4,DEUX GARES (RUE DES),0,,2,2,0,2,0,0,1,, -1,2,0,1,50,27,1,2021,09:09,1,92,92063,2,1,1,6,DEUX GARES (RUE DES),48.8874116912,2.1703482736,9,2,1
202100002715,196Â 917,A01,1,1,1,1,1,0,-1,-1, -1,-1,2021,43.0,2,2,0,2,4,2,1,,1,A7-Sens Marseille vers Lyon,0,,-1,3,0,1,264,500,1,, -1,1,0,1,90,15,12,2021,07:05,3,13,13071,1,1,0,2,A7-Sens Marseille vers Lyon,43.41873,5.27288,7,2,2
202100000254,201Â 270,A01,10,3,1,5,0,-1,-1,8,2,1,2021,53.0,0,1,0,1,4,21,1,,9,JULES PHILIPPE (QUAI),0,,-1,0,3,1,0,0,1,, -1,1,0,6,30,19,9,2021,19:10,1,74,74010,2,1,0,6,JULES PHILIPPE (QUAI),45.90031,6.1284,19,3,1
202100044766,121Â 693,A01,1,1,1,1,0,-1,-1,0,0,-1,2021,17.0,1,1,0,2,1,19,0,,7,20,-1,,2,2,0,1,8,0,1,, -1,1,0,1,50,8,4,2021,16:20,1,6,6075,2,1,0,1,1174 Route de la Roquette,43.849705,7.223518,16,2,2
202100044309,122Â 465,A01,1,1,1,1,2,6,-1,-1, -1,-1,2021,49.0,-1,1,0,2,1,1,3,,3,STAINS (ROUTE DE),0,,1,4,0,2,0,0,1,, -1,1,2,1,50,12,4,2021,18:45,1,93,93053,2,1,0,5,STAINS (ROUTE DE),48.9046272403,2.4702135266,18,3,3
202100044160,122Â 737,A01,10,3,2,3,0,-1,-1,2,3,1,2021,89.0,2,1,0,1,1,1,5,,4,RUE DE LA DUEE,0,,2,2,1,2,(1),(1),1,, -1,1,-1,5,50,13,4,2021,08:40,1,75,75120,2,1,0,6,RUE DE LA DUEE,48.871165,2.396543,8,2,1
202100006461,190Â 247,A01,10,3,2,5,0,-1,-1,1,3,1,2021,93.0,2,2,0,1,6,4,1,,4,BOULEVARD DE GRENELLE,0,,1,1,0,1,(1),(1),1,, -1,1,0,1,30,24,11,2021,16:20,1,75,75115,2,4,0,6,BOULEVARD DE GRENELLE,48.849794,2.296007,16,2,1
202100000490,200Â 829,A01,10,3,2,0,0,-1,-1,2,3,1,2021,74.0,3,2,0,1,3,15,1,,9,NIMES (ROUTE DE),0,,2,1,0,1,1,0,1,, -1,2,0,1,50,30,10,2021,08:50,1,30,30028,2,1,1,6,NIMES (ROUTE DE),44.15341,4.6175,8,2,1
202100020138,165Â 629,A01,2,2,2,9,1,-1,-1,0,0,-1,2021,80.0,3,2,0,2,3,15,1,,3,1,-1,,2,2,0,1,14,265,1,,6,2,0,3,80,8,9,2021,16:30,1,86,86007,2,3,1,1,carrefour de la D1 et du C1,46.846532,0.534564,16,3,2
202100038101,133Â 558,A01,1,1,1,5,2,6,-1,0,0,-1,2021,17.0,3,1,0,0,0,1,1,,9,,0,,2,2,0,2,(1),(1),1,, -1,1,0,3,50,28,5,2021,15:00,1,64,64256,2,1,0,7,Route de Bonloc,43.37349,-1.274951,15,1,1
202100022661,161Â 113,A01,1,1,2,5,2,6,-1,0,0,-1,2021,21.0,2,1,0,0,0,21,1,,4,BOULEVARD DE L HOPITAL,0,,2,4,1,2,(1),(1),1,, -1,1,0,1,50,25,8,2021,18:20,1,75,75113,2,1,0,7,BOULEVARD DE L HOPITAL,48.837535,2.36004,18,1,1
202100051103,110Â 331,B01,1,1,1,4,2,8,-1,-1, -1,-1,2021,20.0,1,1,0,2,1,17,1,,4,MOULIN DE CAGE (RUE DU),0,,2,2,0,1,0,0,1,, -1,1,0,1,50,17,2,2021,17:14,1,92,92036,2,1,0,3,MOULIN DE CAGE (RUE DU),48.9287642991,2.3122339343,17,2,2
202100044102,122Â 843,A01,1,1,1,0,8,-1,-1,0,0,-1,2021,34.0,1,2,0,2,1,2,1,,2,2,-1,,2,2,0,1,17,300,1,, -1,1,0,1,70,14,4,2021,16:17,1,60,60079,1,1,0,2,Route nationale 2,49.181675,2.890091,16,2,2
202100052520,107Â 842,A01,1,1,1,1,8,0,-1,-1, -1,-1,2021,58.0,1,1,0,1,1,18,5,,4,QUINET (RUE EDGAR),0,,2,2,0,1,0,0,1,, -1,2,0,1,50,3,2,2021,07:50,5,87,87085,2,1,1,6,QUINET (RUE EDGAR),45.8227,1.24003,7,2,1
202100013425,177Â 736,B01,1,1,1,2,2,0,-1,-1, -1,-1,2021,16.0,1,1,12,2,6,15,1,,3,MARTRE (RUE) DE (59 A 109)   (58 A 120),0,,1,3,1,1,0,0,1,, -1,1,0,1,50,13,10,2021,17:40,1,92,92024,2,3,0,3,MARTRE (RUE) DE (59 A 109)   (58 A 120),48.9017158431,2.3073620469,17,2,2
202100030623,147Â 017,A01,1,1,1,4,1,-1,-1,0,0,-1,2021,37.0,2,4,3,0,2,1,1,,2,42,-1,,3,4,3,1,41,70,2,, -1,1,0,1,110,6,7,2021,11:15,1,62,62230,1,1,1,7,route nationale 42,50.742009,1.833928,11,1,1
202100010332,183Â 232,A01,1,1,1,0,1,0,-1,-1, -1,-1,2021,41.0,3,2,0,2,6,1,1,,7,CARGO RHIN FIDELI (RUE),0,,1,2,0,2,0,0,1,, -1,1,0,1,50,29,10,2021,15:45,1,13,13202,2,1,0,2,CARGO RHIN FIDELI (RUE),43.32728,5.35752,15,3,2
202100009587,184Â 569,B01,1,1,1,0,2,6,-1,-1, -1,-1,2021,19.0,0,1,0,2,1,1,1,,4,LANGUEDOC (AVENUE DU CD 88),0,,2,2,0,1,(1),(1),1,, -1,1,0,1,50,2,11,2021,08:02,1,66,66136,2,3,0,3,LANGUEDOC (AVENUE DU CD 88),42.72212,2.88645,8,2,2
202100031623,145Â 228,B01,1,1,1,0,2,0,-1,-1, -1,-1,2021,54.0,1,1,0,2,8,1,3,,4,BASSIN NÂ°6 (ROUTE DU),0,,2,2,0,1,0,0,1,, -1,1,0,1,50,29,6,2021,17:45,1,92,92036,2,6,0,3,BASSIN NÂ°6 (ROUTE DU),48.941696477,2.2949194908,17,2,2
202100035568,138Â 138,B01,2,2,2,0,8,0,-1,-1, -1,-1,2021,13.0,1,1,0,2,7,9,5,,3,GAGNY (ALLEE DE),0,,2,2,0,1,0,1,1,, -1,1,0,1,50,9,6,2021,18:00,1,93,93014,2,2,0,2,AllÃ©e de Gagny / AllÃ©e de Coubron,48.911436,2.549524,18,4,2
202100011239,181Â 642,A01,1,1,1,9,2,6,-1,0,0,-1,2021,40.0,1,1,0,2,7,18,1,,4,RUE DE LA CONVENTION,0,,2,3,3,2,(1),(1),1,, -1,1,-1,6,30,24,10,2021,03:45,5,75,75115,2,3,0,3,RUE DE LA CONVENTION,48.835951,2.300857,3,2,2
202100033044,142Â 676,A01,10,3,1,5,0,-1,-1,4,3,2,2021,74.0,1,2,0,1,1,26,1,,4,BRESSIGNY,0,,1,1,0,1,1,0,1,, -1,1,0,1,30,21,6,2021,14:53,1,49,49007,2,1,0,6,BRESSIGNY,47.4662717251,-0.5474674793,14,3,1
202100044313,122Â 458,A01,10,3,1,0,0,-1,-1,9,B,-1,2021,10.0,1,2,0,1,2,1,1,,4,WALDECK ROCHET (RUE),0,,2,2,0,1,0,0,1,, -1,1,0,1,50,12,4,2021,18:45,1,93,93001,2,1,0,6,WALDECK ROCHET (RUE),48.9105511567,2.3675039609,18,2,1
202100022421,161Â 561,A01,1,1,1,1,1,-1,-1,0,0,-1,2021,55.0,2,5,15,0,1,14,1,,4,VAUSSENAT (RUE),0,,2,2,0,1,(1),(1),1,, -1,1,0,4,50,26,8,2021,10:35,1,65,65440,2,4,0,6,VAUSSENAT (RUE),43.2261,0.0748,10,1,1
202100018669,168Â 268,A01,2,2,2,5,0,-1,-1,0,0,-1,2021,62.0,2,2,13,0,2,1,1,,3,5,3,E,2,2,0,1,3,457,1,, -1,1,0,3,80,17,9,2021,08:30,1,33,33214,1,1,0,6,,44.948672,-1.006043,8,2,1
202100027522,152Â 529,B01,1,1,1,5,2,0,-1,-1, -1,-1,2021,52.0,1,1,0,2,1,1,1,,4,PANCHOT (AVENUE JULIEN),0,,2,2,0,1,0,0,1,, -1,1,0,1,50,21,7,2021,18:04,1,66,66136,2,1,0,3,PANCHOT (AVENUE JULIEN),42.6919,2.88363,18,2,2
202100039049,131Â 834,A01,1,1,1,0,1,0,-1,-1, -1,-1,2021,37.0,1,2,0,2,1,26,1,,1,15,0,,3,8,0,1,4,0,3,, -1,1,0,8,90,20,5,2021,19:50,1,92,92036,1,1,0,2,AUTOROUTE A15,48.93793,2.29795,19,2,2
202100008804,186Â 008,A01,1,1,1,5,1,-1,-1,0,0,-1,2021,67.0,2,2,1,0,3,13,1,,4,,-1,,2,2,0,1,(1),(1),1,,"5,5",1,0,3,50,10,11,2021,11:30,1,37,37163,2,1,0,6,3 avenue du centre,47.4239441104,0.9748644715,11,1,1
202100056227,101Â 393,A01,1,1,1,0,1,-1,-1,-1, -1,-1,2021,34.0,1,2,0,2,0,0,1,,2,230,0,,3,6,0,1,42,377,1,, -1,1,0,1,90,5,1,2021,17:40,5,33,33013,1,1,0,4,ROUTE NATIONALE 230,44.868492,-0.504497,17,3,3
202100029980,148Â 206,A01,10,3,1,5,0,-1,-1,3,3,2,2021,8.0,1,2,0,1,1,1,1,,4,LALO (RUE EDOUARD LALO),0,,2,2,0,1,(1),(1),1,, -1,1,0,1,30,8,7,2021,10:00,1,45,45234,2,3,0,6,Rue Edouard Lalo,47.91081,1.92775,10,2,1
202100006622,189Â 954,B01,1,1,1,0,8,0,-1,-1, -1,-1,2021,49.0,2,1,0,2,1,1,5,,4,KRUTENAU (RUE DE LA),0,,2,2,1,1,0,0,1,, -1,1,0,1,50,19,11,2021,08:35,1,67,67482,2,3,0,3,KRUTENAU (RUE DE LA),48.58061,7.75739,8,2,2
202100020325,165Â 305,A01,3,2,2,9,1,8,-1,0,0,-1,2021,32.0,3,2,0,2,3,1,1,,4,QUAI D ISSY LES MOULINEAUX,0,,1,2,0,1,(1),(1),1,, -1,1,5,1,50,6,9,2021,23:00,5,75,75115,2,2,0,3,QUAI D ISSY LES MOULINEAUX,48.83458,2.266937,23,7,2
202100021014,164Â 101,B01,1,1,1,5,2,0,-1,-1, -1,-1,2021,50.0,1,1,0,2,1,1,1,,3,RUE CHARLES PATHE,0,,-1,2,0,1,30,605,1,, -1,1,0,1,30,2,9,2021,20:37,3,77,77114,2,3,0,1,D216,48.722751,2.653853,20,2,2
202100004540,193Â 661,A01,1,1,2,9,2,0,-1,0,0,-1,2021,40.0,3,1,0,2,1,1,1,,4,AVENUE DE SAINT MANDE,0,,2,4,0,2,(1),(1),1,, -1,2,0,1,30,5,12,2021,00:05,5,75,75112,2,1,0,3,AVENUE DE SAINT MANDE,48.844823,2.404071,0,2,2
202100011990,180Â 282,B01,1,1,1,5,2,8,-1,-1, -1,-1,2021,54.0,2,1,0,2,7,0,1,,7,ALMANARRE (ROUTE DE L'),0,,2,2,0,2,45,870,1,, -1,1,0,1,50,19,10,2021,12:39,1,83,83069,2,3,0,1,ALMANARRE (ROUTE DE L'),43.0847911602,6.1099755764,12,2,2
202100050453,111Â 518,B01,1,1,1,9,1,-1,-1,0,0,-1,2021,50.0,3,2,0,2,3,26,1,,4,OURS (CHEMIN DE L'),0,,1,1,0,1,(1),(1),3,, -1,1,0,1,50,19,2,2021,17:35,1,65,65226,1,6,0,3,OURS (CHEMIN DE L'),43.238635,0.009841,17,2,2