Num_Acc,id_vehicule,num_veh,place,catu,sexe,trajet,secu1,secu2,secu3,locp,actp,etatp,year_acc,victim_age,senc,catv,obs,obsm,choc,manv,motor,occutc,catr,voie,v1,v2,circ,nbv,vosp,prof,pr,pr1,plan,lartpc,larrout,surf,infra,situ,vma,jour,mois,an,hrmn,lum,dep,com,agg_,int,atm,col,adr,lat,long,hour,nb_victim,nb_vehicules
202100049889,112Â 563,B01,1,1,2,5,1,-1,-1,-1, -1,-1,2021,35.0,0,2,0,2,4,2,1,,4,PRIGENT TANGUY (RP CARREFOUR A RUE MESNO,0,,2,2,0,1,(1),(1),1,, -1,1,0,1,50,27,2,2021,18:07,1,29,29019,2,6,0,2,RP - Rue de Mesnos,48.390783,-4.537411,18,2,2
202100001608,198Â 926,B01,1,1,1,9,2,6,-1,0,0,-1,2021,16.0,3,1,0,2,1,26,1,,4,CLEMENCEAU AVENUE GEORGES,0,,2,-1,0,1,(1),(1),1,, -1,1,0,1,50,23,12,2021,12:48,1,26,26362,2,1,0,3,Avenue Georges ClÃ©menceau,44.936491,4.898527,12,2,2
202100045574,120Â 270,B01,1,1,1,1,2,0,-1,0,0,-1,2021,27.0,1,1,0,2,8,1,1,,7,,0,,3,8,0,1,(1),(1),1,, -1,1,5,1,50,31,3,2021,21:18,5,63,63113,2,5,0,3,FOREST /ClÃ©mentel,45.79987,3.11212,21,2,2
202100012181,179Â 945,A01,7,2,2,5,1,0,-1,-1, -1,-1,2021,59.0,3,2,0,2,6,19,1,,3,D 605,0,,2,2,0,1,20,692,1,, -1,1,0,1,90,14,10,2021,16:45,1,77,77487,1,3,0,3,D605,48.53637,2.70341,16,5,2
202100044627,121Â 952,A01,1,1,1,5,2,-1,-1,0,0,-1,2021,58.0,1,1,0,0,8,15,5,,3,27,0,,2,2,0,1,(1),(1),1,, -1,1,0,1,80,9,4,2021,17:30,1,84,84009,1,3,0,3,intersection D27/D42,43.786579,5.645224,17,2,2
202100025656,155Â 822,A01,1,1,1,0,2,6,-1,0,0,-1,2021,25.0,1,1,0,2,1,2,1,,3,955a,-1,,2,2,0,1,(1),(1),1,, -1,1,0,1,80,4,8,2021,14:50,1,58,58086,1,1,0,5,D955a,47.421438,2.930431,14,4,4
202100042906,124Â 973,A01,10,3,1,9,0,-1,-1,2,3,1,2021,50.0,3,2,0,1,1,1,2,,4,AVENUE DU POLYGONE,0,,2,2,0,1,(1),(1),1,, -1,1,0,1,50,22,4,2021,13:10,1,75,75112,2,1,0,6,AVENUE DU POLYGONE,48.836629,2.431537,13,3,1
202100055076,103Â 365,A01,10,3,2,5,0,-1,-1,3,3,1,2021,89.0,2,2,0,1,1,16,1,,3,BAC (AV DU),0,,2,2,0,1,1,0,1,, -1,2,0,1,30,12,1,2021,17:15,5,94,94068,2,1,1,6,Avenue du Bac,48.79277,2.51661,17,2,1
202100025072,156Â 839,A01,5,2,1,1,8,-1,-1,0,0,-1,2021,55.0,1,2,13,0,1,0,1,,3,d24,-1,,2,2,0,1,19,898,1,, -1,1,0,3,80,9,8,2021,12:30,1,34,34272,1,1,0,7,D24,43.650037,4.09874,12,8,1
202100041759,126Â 965,A01,1,1,1,1,8,0,-1,0,0,-1,2021,29.0,1,1,14,0,1,16,3,,4,BOULEVARD MONTMARTRE,0,,2,2,1,1,(1),(1),1,, -1,1,-1,5,50,20,4,2021,19:40,1,75,75102,2,3,0,6,BOULEVARD MONTMARTRE,48.871712,2.341606,19,1,1
202100037916,133Â 893,A01,1,1,1,5,2,-1,-1,0,0,-1,2021,80.0,2,1,13,0,2,1,5,,3,996,-1,,2,2,0,2,3,85,2,, -1,1,0,3,90,29,5,2021,11:00,1,48,48176,1,1,0,6,D 996,44.191559,3.23616,11,1,1
202100032378,143Â 891,A01,1,1,1,0,1,-1,-1,0,0,-1,2021,20.0,1,5,0,6,1,1,1,,3,165,-1,,2,2,0,1,15,200,3,,6,1,0,1,80,25,6,2021,23:00,3,79,79197,1,1,0,6,,46.689199,-0.103555,23,1,1
202100036946,135Â 659,A01,1,1,2,9,1,0,-1,0,0,-1,2021,32.0,2,2,1,0,1,14,1,,4,RUE DU CHEVALERET,0,,1,1,0,1,(1),(1),1,, -1,1,0,1,50,29,3,2021,08:11,1,75,75113,2,1,0,6,RUE DU CHEVALERET,48.833699,2.368778,8,1,1
202100051383,109Â 835,A01,10,3,2,5,0,-1,-1,5,1,1,2021,52.0,2,2,0,1,8,16,2,,4,,-1,,2,2,-1,1,(1),(1),1,, -1,1,-1,1,50,15,2,2021,09:41,1,988,98818,2,3,0,6,SORTIE DU PARKING STATION ESSENCE/ROUTE DE L'ANSE-VATA,-22.29869,166.44478,9,2,1
202100007818,187Â 772,A01,1,1,2,9,2,-1,-1,-1, -1,-1,2021,53.0,1,1,0,2,4,1,5,,4,AVE ROGER CHAUMET,0,,2,2,2,1,(1),(1),2,, -1,1,0,1,50,15,11,2021,10:55,1,33,33318,2,3,0,3,Avenue Roger Chaumet,44.7975,-0.64157,10,2,2
202100013548,177Â 504,B01,1,1,1,0,0,0,-1,0,0,-1,2021,12.0,3,1,0,2,8,19,5,,9,MARIE DE CHAMPAGNE (RUE),0,,2,2,0,1,(1),(1),1,, -1,1,0,1,50,12,10,2021,17:25,1,10,10387,2,1,0,3,MARIE DE CHAMPAGNE (RUE),48.30414,4.0615,17,3,2
202100044271,122Â 533,B01,1,1,1,0,2,0,-1,-1, -1,-1,2021,46.0,1,1,0,2,1,1,1,,4,DESSAUX (RUE ANDRE DESSAUX),0,,2,3,0,1,(1),(1),1,, -1,1,0,1,50,12,4,2021,13:01,1,45,45147,2,2,0,3,Rue AndrÃ© Dessaux,47.92096,1.90231,13,2,2
202100011576,181Â 031,A01,1,1,1,4,2,8,-1,-1, -1,-1,2021,22.0,2,1,0,2,2,15,1,,3,JAURES (RUE  JEAN ),0,,2,2,0,1,102,985,1,, -1,1,0,1,50,21,10,2021,19:35,5,56,56098,2,3,0,3,JAURES (RUE  JEAN ),47.76533,-3.35852,19,2,2
202100016009,173Â 047,A01,1,1,2,5,1,-1,-1,0,0,-1,2021,71.0,2,2,0,2,1,1,1,,3,736,0,D,2,2,0,2,25,650,1,, -1,1,0,1,90,1,10,2021,13:25,1,16,16207,1,3,0,3,Carrefour D737 - D736,45.865867,0.011029,13,3,2
202100029463,149Â 120,A01,2,2,2,5,1,-1,-1,0,0,-1,2021,52.0,1,2,0,5,2,1,1,,2,12,-1,D,3,2,0,1,36,500,1,, -1,1,0,1,110,12,7,2021,00:30,3,22,22093,1,1,0,7,RN12 PR 36+500,48.455648,-2.501664,0,3,1
202100050493,111Â 441,A01,2,2,2,1,2,6,-1,-1, -1,-1,2021,47.0,0,1,0,2,1,26,1,,2,GENERAL LECLERC (AV),0,,2,2,0,2,0,0,1,, -1,1,0,1,50,23,2,2021,18:50,5,94,94004,2,1,0,2,GENERAL LECLERC (AV),48.7475,2.51015,18,3,2
202100002203,197Â 856,C01,1,1,1,5,1,-1,-1,0,0,-1,2021,29.0,2,2,0,2,1,1,1,,3,11,-1,D,2,2,0,2,9,300,1,, -1,1,0,1,90,20,12,2021,12:30,1,88,88028,1,1,0,5,D11,48.153046,6.558001,12,7,3
202100028296,151Â 117,A01,1,1,2,5,1,0,-1,-1, -1,-1,2021,65.0,1,2,8,0,3,13,1,,6,CORPS FRANC POMMIES (AVENUE DU),0,,-1,-1,0,1,0,0,1,, -1,1,0,8,30,18,7,2021,08:50,1,32,32013,1,1,0,6,CORPS FRANC POMMIES (AVENUE DU),43.63054,0.58127,8,1,1
202100003011,196Â 394,B01,1,1,2,0,1,-1,-1,0,0,-1,2021,78.0,2,5,0,2,5,1,1,,1,714,0,A,1,1,0,2,2,560,1,, -1,2,3,1,70,16,12,2021,19:30,3,3,3031,1,1,0,3,A714 - sortie nÂ°35,46.38497,2.694016,19,3,2
202100005086,192Â 682,A01,1,1,1,0,2,0,-1,-1, -1,-1,2021,64.0,1,1,3,0,8,13,1,,4,ARENC (QUAI D'),0,,1,2,0,1,0,0,1,, -1,1,0,1,50,30,11,2021,21:20,5,13,13202,2,1,0,3,ARENC (QUAI D'),43.3152913496,5.3650252656,21,1,1
202100002360,197Â 564,B01,6,2,1,0,1,0,-1,-1, -1,-1,2021,1.0,1,2,0,2,6,1,1,,2,GALMOT (AVENUE),0,,1,2,0,1,0,50,1,, -1,1,9,1,50,17,12,2021,08:54,1,973,97302,2,1,0,2,GALMOT (AVENUE),4.9309368903,-52.3296863437,8,4,2
202100021887,162Â 511,A01,1,1,1,1,2,6,9,0,0,-1,2021,31.0,1,1,0,2,7,2,1,,3,728,-1,,3,2,0,1,36,813,1,, -1,1,5,1,80,30,8,2021,18:00,1,17,17219,1,2,0,3,Route de Bourcefranc,45.830982,-1.115026,18,3,2
202100022533,161Â 353,A01,9,2,1,4,0,-1,-1,0,0,-1,2021,53.0,1,5,8,0,1,14,1,,3,2076,0,,2,2,0,1,6,830,1,, -1,1,0,3,90,16,8,2021,07:10,2,18,18242,1,1,0,6,La Garde,46.831822,2.963476,7,4,1
202100050387,111Â 630,A01,2,2,1,5,2,6,9,0,0,-1,2021,22.0,2,1,0,2,1,17,1,,3,730,0,D,2,2,0,1,12,885,1,, -1,1,5,1,80,24,2,2021,13:10,1,17,17131,1,1,1,3,D730,45.58877,-0.863253,13,3,2
202100045470,120Â 459,B01,1,1,1,5,1,-1,-1,0,0,-1,2021,42.0,2,2,0,2,1,1,1,,3,152,-1,,2,2,0,1,12,770,1,, -1,1,0,1,70,2,4,2021,16:45,1,56,56078,1,3,0,1,D152 - LE FORT DU LOCH,47.749229,-3.5087,16,3,2
202100025320,156Â 398,A01,10,3,2,5,0,-1,-1,3,3,1,2021,82.0,3,5,0,1,2,1,1,,7,LECLERC GENERAL AVENUE,0,,2,2,0,1,(1),(1),1,, -1,1,0,1,50,6,8,2021,13:45,1,6,6123,2,1,0,6,LECLERC GENERAL AVENUE,43.674821,7.189102,13,2,1
202100041939,126Â 655,A01,1,1,1,9,1,0,-1,-1, -1,-1,2021,24.0,2,2,4,0,2,0,1,,3,AV VERSAILLES ,0,,1,2,0,1,1,0,1,, -1,1,0,1,50,30,4,2021,13:55,1,94,94073,2,1,0,6,Avenue de Versailles,48.75648,2.38748,13,1,1
202100047133,117Â 518,A01,10,3,1,0,0,-1,-1,6,3,1,2021,83.0,2,2,0,1,1,1,1,,3,BUNAU VARILLA -AV-,0,,2,2,0,1,(1),(1),1,, -1,1,0,1,50,21,3,2021,10:50,1,11,11069,2,1,0,6,BUNAU VARILLA -AV-,43.21074,2.34105,10,2,1
202100036562,136Â 359,B01,1,1,1,5,2,6,-1,-1, -1,-1,2021,28.0,1,1,0,2,8,1,1,,1,A515CD-Gardanne vers A51-Marseille,0,,1,2,0,1,1,100,1,, -1,1,0,1,90,25,5,2021,19:10,1,13,13015,1,1,0,3,A515CD-Gardanne vers A51-Marseille,43.42894,5.407224,19,2,2
202100045972,119Â 579,A01,1,1,1,9,2,0,-1,0,0,-1,2021,32.0,3,1,0,2,1,15,1,,4,AVENUE LEON GAUMONT,0,,2,2,0,1,(1),(1),1,, -1,1,0,1,50,30,3,2021,21:30,5,75,75120,2,2,0,3,AVENUE LEON GAUMONT,48.849251,2.416188,21,2,2
202100020192,165Â 546,B01,1,1,2,9,8,-1,-1,-1, -1,-1,2021,23.0,2,2,0,2,3,13,1,,7,M6   453.400 A 455.000,0,,1,2,0,1,454,0,1,, -1,1,1,1,70,27,7,2021,23:30,5,69,69385,1,1,0,3,M6   453.400 A 455.000,45.7584638582,4.812156558,23,2,2
202100037749,134Â 193,A01,1,1,1,0,1,8,-1,-1, -1,-1,2021,26.0,1,2,16,0,9,1,1,,3,RD 191,0,,2,2,0,1,0,0,1,, -1,1,0,1,90,27,5,2021,18:20,1,91,91223,1,1,0,6,RD 191,48.4365,2.164604,18,1,1
202100025674,155Â 787,A01,1,1,1,0,2,6,9,0,0,-1,2021,46.0,3,1,0,0,7,1,1,,3,43,-1,,2,2,0,1,(1),(1),3,, -1,2,0,1,80,5,8,2021,18:15,1,24,24504,1,1,0,7,La Sonnerie,45.200225,0.379254,18,1,1
202100046282,119Â 049,A01,10,3,1,2,0,-1,-1,2,3,1,2021,10.0,2,2,0,1,3,1,1,,3,2152,0,,2,2,0,1,34,120,1,, -1,1,0,1,50,29,3,2021,08:30,1,45,45095,2,1,0,6,42 grande rue,48.071025,2.133569,8,2,1
202100013851,176Â 938,A01,1,1,1,5,2,8,-1,-1, -1,-1,2021,29.0,3,1,13,0,2,14,1,,4,RD160,0,,2,2,0,1,0,0,2,, -1,1,0,3,50,10,10,2021,15:40,1,49,49099,1,1,0,7,,47.02313,-0.9244,15,1,1
202100035025,139Â 090,B01,1,1,1,5,8,0,-1,-1, -1,-1,2021,71.0,3,1,0,0,4,16,5,,4,ROCHEFORT (DE)  (AVENUE),0,,1,1,0,1,(1),(1),1,, -1,1,0,1,30,9,6,2021,17:13,1,17,17306,2,6,0,2,ROCHEFORT (DE)  (AVENUE),45.63891,-1.02509,17,2,2
202100048665,114Â 766,B01,1,1,1,5,1,0,-1,-1, -1,-1,2021,87.0,1,2,0,2,3,9,1,,4,COQUELICOTS (DES),0,,1,1,0,1,(1),(1),3,, -1,1,0,1,50,9,3,2021,12:40,1,66,66136,2,1,0,3,COQUELICOTS (DES),42.70543,2.90187,12,2,2
202100029657,148Â 778,A01,1,1,1,5,2,-1,-1,0,0,-1,2021,48.0,2,1,0,2,1,17,1,,3,559,-1,,2,2,0,1,54,300,1,, -1,1,0,1,50,11,7,2021,14:45,1,83,83019,2,1,0,5,930 Avenue Lou Mistraou,43.1411122005,6.3499760117,14,3,3
202100021026,164Â 078,B01,1,1,2,5,8,0,-1,-1, -1,-1,2021,75.0,1,1,1,0,1,1,5,,4,COMMANDANT RENE MOUCHOTTE DU,0,,2,4,1,1,0,0,1,, -1,1,0,5,50,2,9,2021,14:25,1,64,64132,1,1,0,6,COMMANDANT RENE MOUCHOTTE DU,43.303,-0.32294,14,2,2
202100031065,146Â 214,A01,1,1,1,0,1,0,-1,0,0,-1,2021,32.0,1,2,6,0,1,26,1,,4,TOMBLAINE (RUE DE),0,,2,0,0,1,(1),(1),1,, -1,1,2,4,50,2,7,2021,17:50,1,54,54526,2,9,0,6,TOMBLAINE (RUE DE),48.68774,6.20593,17,1,1
202100020042,165Â 802,B01,1,1,2,4,8,-1,-1,-1, -1,-1,2021,52.0,2,1,0,2,1,17,3,,4,FRERES LUMIERE (DES)                (AV),0,,1,2,2,1,(1),(1),1,, -1,1,0,5,50,8,9,2021,16:20,1,69,69388,2,1,0,3,FRERES LUMIERE (DES) (AV),45.7452049118,4.8658860122,16,2,2
202100010109,183Â 638,A01,1,1,1,9,1,-1,-1,-1, -1,-1,2021,20.0,1,2,0,2,1,2,1,,1,AUTOROUTE A 10,0,,3,6,0,1,542,200,1,, -1,2,0,1,90,31,10,2021,16:00,1,33,33096,1,1,1,4,Autoroute A10,44.890751,-0.502531,16,5,3
202100004157,194Â 316,A01,1,1,1,4,1,-1,-1,0,0,-1,2021,36.0,1,5,13,0,1,2,1,,3,32,0,D,2,2,0,1,40,500,2,, -1,2,0,3,80,9,12,2021,08:00,2,80,80649,1,1,1,7,dÃ©partemantale 32,50.331929,1.59276,8,1,1
202100021004,164Â 119,B01,1,1,1,0,2,0,-1,-1, -1,-1,2021,15.0,1,1,0,2,1,1,1,,4,PAUL DOUMER(RUE),0,,2,2,0,1,0,100,1,, -1,1,0,1,50,3,9,2021,12:25,1,91,91691,2,4,0,3,PAUL DOUMER(RUE),48.7162,2.50293,12,2,2
202100049079,114Â 033,A01,10,3,1,3,0,-1,-1,3,3,1,2021,48.0,3,2,0,1,4,4,1,,6,BAYONNE (AVENUE DE),0,,-1,0,0,1,(1),(1),1,, -1,1,0,1,2,5,3,2021,14:45,1,64,64125,2,1,0,6,BAYONNE (AVENUE DE),43.4479626156,-1.5742850304,14,2,1
202100004626,193Â 496,A01,1,1,2,5,1,0,-1,-1, -1,-1,2021,22.0,2,2,4,0,1,13,1,,1,AUTOROUTE A86,0,,1,2,0,1,51,299,1,, -1,2,1,1,50,5,12,2021,10:25,1,94,94034,1,1,1,7,AUTOROUTE A86,48.7588400587,2.3244097572,10,1,1
202100031421,145Â 580,B01,1,1,1,1,2,0,-1,0,0,-1,2021,31.0,1,1,0,2,1,7,5,,4,AVENUE DE LA PORTE DE CLICHY,0,,2,2,3,1,(1),(1),1,, -1,1,0,6,50,1,7,2021,18:45,1,75,75117,2,1,0,2,AVENUE DE LA PORTE DE CLICHY,48.895639,2.31139,18,2,2
202100047435,116Â 977,A01,1,1,1,0,8,-1,-1,0,0,-1,2021,26.0,2,2,3,0,3,6,1,,3,675,0,,2,2,0,1,54,800,1,, -1,7,2,1,80,20,3,2021,06:50,2,87,87154,1,1,0,6,Le Pont Ã  la Planche,45.922143,0.93799,6,1,1
202100006413,190Â 331,B01,1,1,1,0,8,-1,-1,-1, -1,-1,2021,32.0,1,1,0,2,2,1,5,,4,SCHUMAN (AVENUE ROBERT),0,,2,2,0,1,(1),(1),1,, -1,1,0,1,50,24,11,2021,14:20,1,51,51454,2,3,0,3,Avenue Robert Schuman,49.23165,4.01122,14,2,2
202100038841,132Â 199,A01,3,2,1,5,0,-1,-1,0,0,-1,2021,46.0,2,2,0,0,1,0,1,,2,1,-1,,2,2,0,2,91,800,1,, -1,1,0,1,110,22,5,2021,19:30,3,988,98802,1,1,0,7,RT1 BOULOUPARIS,-21.840089,165.905979,19,3,1
202100020997,164Â 132,A01,1,1,1,1,2,6,-1,-1, -1,-1,2021,26.0,3,1,0,2,1,2,1,,4,MONTGOLFIER                         (R ),0,,1,3,0,1,(1),(1),1,, -1,2,0,1,30,3,9,2021,19:20,1,69,69386,2,1,1,2,MONTGOLFIER (R),45.77234,4.85348,19,2,2
202100050663,111Â 126,A01,10,3,2,5,0,-1,-1,0,2,3,2021,48.0,3,2,0,1,1,1,1,,9,,0,,2,1,0,2,(1),(1),3,, -1,9,0,8,-1,21,2,2021,12:35,1,83,83086,1,1,0,6,Piste l'Argile - G109 (Chemin),43.539112,6.620869,12,4,1
202100011226,181Â 664,B01,1,1,1,0,1,8,-1,-1, -1,-1,2021,23.0,2,2,0,2,1,1,1,,2,MOURET HENRI (AV),0,,2,5,0,1,(1),(1),1,, -1,1,0,1,50,24,10,2021,02:00,5,13,13001,2,2,0,3,EUROPE (AV),43.52365,5.43708,2,4,2
202100002114,198Â 015,A01,1,1,2,5,1,-1,-1,-1,0,-1,2021,21.0,2,2,4,0,3,21,1,,2,RN 184,0,,1,1,0,3,2,500,3,, -1,8,3,1,70,20,12,2021,08:20,3,95,95572,1,1,0,6,RN 184,49.0321236731,2.1058773994,8,1,1
202100028485,150Â 799,A01,10,3,1,5,0,-1,-1,9,B,2,2021,71.0,3,2,0,1,2,1,1,,4,VILLOTE (PARKING DE),0,,-1,1,0,1,0,0,1,, -1,1,9,8,20,16,7,2021,17:45,1,9,9122,2,1,0,6,VILLOTE (PARKING DE),42.963604,1.60553,17,2,1
202100005846,191Â 343,A01,1,1,1,0,1,0,-1,-1, -1,-1,2021,55.0,2,2,4,0,3,1,1,,1,AUTOROUTE A10,0,,1,2,0,1,4,199,3,, -1,2,0,1,70,28,11,2021,06:45,3,91,91377,1,1,1,7,AUTOROUTE A10,48.71372,2.28974,6,1,1
202100049628,113Â 032,A01,1,1,1,3,1,-1,-1,0,0,-1,2021,85.0,2,2,0,2,2,15,1,,3,DEPARTEMENTALE 94 (ROUTE),0,,2,2,0,2,2,29,1,, -1,1,0,1,80,1,3,2021,09:33,1,65,65226,1,3,0,3,DEPARTEMENTALE 94 (ROUTE),43.216837,0.016201,9,2,2
202100053857,105Â 478,A01,10,3,2,5,0,-1,-1,3,3,1,2021,57.0,0,0,0,1,0,0,0,,4,HENRI JANIN (R),0,,1,1,0,1,0,0,1,, -1,2,6,1,50,24,1,2021,14:40,1,94,94078,2,9,1,1,HENRI JANIN (R),48.7316708094,2.4496507645,14,2,1
202100050691,111Â 082,A01,1,1,1,0,1,-1,-1,0,0,-1,2021,23.0,2,2,0,2,3,13,1,,3,918,-1,,2,2,0,2,4,850,1,, -1,2,0,1,70,22,2,2021,14:50,1,64,64065,1,3,1,1,D918,43.358535,-1.632779,14,4,2
202100047681,116Â 526,A01,1,1,1,1,1,-1,-1,0,0,-1,2021,43.0,1,2,0,2,3,13,1,,3,1,0,D,2,2,0,3,50,153,3,, -1,1,0,1,80,18,3,2021,07:35,1,36,36196,1,1,0,3,D1 - Pk 50 +153,46.477694,1.43584,7,2,2
202100038071,133Â 609,A01,1,1,1,1,2,-1,-1,0,0,-1,2021,26.0,1,1,0,2,3,1,1,,1,57,-1,A,3,4,0,1,9,600,2,, -1,1,0,1,110,27,5,2021,18:00,1,83,83054,1,1,0,2,autoroute A57,43.1633959911,6.0510953673,18,2,2
202100042522,125Â 615,A01,1,1,1,0,2,6,-1,0,0,-1,2021,18.0,0,1,6,9,0,13,1,,4,,0,,2,2,0,2,(1),(1),1,, -1,1,0,1,50,27,3,2021,11:35,1,79,79202,2,1,0,6,35 Rue de la Citadelle,46.650147,-0.251637,11,1,1
202100051752,109Â 194,A01,1,1,1,5,2,6,9,0,0,-1,2021,16.0,3,1,2,0,1,0,1,,4,,-1,,2,2,0,2,(1),(1),1,, -1,1,0,3,80,13,2,2021,17:15,1,27,27051,1,1,0,6,Cote Saint Aubin,49.074119,0.793301,17,1,1
202100026015,155Â 176,A01,2,2,1,5,8,0,-1,-1, -1,-1,2021,45.0,3,2,0,2,2,19,1,,4,ALTRINCHAM (RUE),0,,2,2,0,1,0,0,1,, -1,1,5,1,50,1,8,2021,16:00,1,93,93007,2,1,0,3,ALTRINCHAM (RUE),48.94754,2.4476,16,4,2
202100017694,169Â 993,B01,1,1,1,0,2,0,-1,-1, -1,-1,2021,36.0,3,1,0,2,1,1,1,,3,PARIS (RUE DE),0,,3,6,0,1,0,1,1,, -1,1,9,1,50,19,9,2021,23:15,3,93,93053,2,9,0,3,Rue de Paris,48.9020968029,2.4610233307,23,2,2
202100043978,123Â 072,A01,1,1,1,4,1,-1,-1,0,0,-1,2021,48.0,2,4,0,0,9,1,1,,1,7,0,A,1,1,0,1,235,0,1,, -1,1,0,1,130,15,4,2021,19:20,1,13,13103,1,1,0,7,Autoroute A7 PK 235+000 sens Sud / Nord,43.626896,5.128813,19,1,1
202100032044,144Â 474,A01,9,2,2,5,8,-1,-1,0,0,-1,2021,16.0,2,2,2,0,9,21,1,,3,25,0,,2,2,0,2,14,28,2,, -1,2,0,3,80,28,6,2021,01:30,3,45,45225,1,1,1,6,D25- PR 14 + 28,48.1656874049,2.3750695094,1,5,1
202100045507,120Â 398,A01,1,1,1,5,2,6,9,0,0,-1,2021,17.0,1,1,0,9,9,2,0,,3,143,0,,2,2,0,2,8,150,2,, -1,1,0,1,80,2,4,2021,15:08,1,67,67122,1,1,0,6,D143,48.644076,7.339748,15,2,2
202100037927,133Â 873,B01,2,2,2,5,2,6,-1,0,0,-1,2021,23.0,2,1,0,2,1,1,1,,7,968,0,,2,2,0,1,4,700,1,, -1,1,5,1,70,28,5,2021,21:30,2,21,21106,1,2,0,3,M968,47.240536,5.104158,21,3,2
202100029396,149Â 234,A01,1,1,1,1,1,-1,-1,0,0,-1,2021,44.0,2,2,13,0,6,1,1,,3,60,0,,2,2,0,1,18,100,3,, -1,2,0,3,80,12,7,2021,09:35,1,42,42066,1,1,1,6,Route de Montbrison,45.735594,4.178227,9,1,1
202100005240,192Â 414,A01,1,1,2,2,1,0,-1,-1, -1,-1,2021,27.0,2,2,0,2,6,10,1,,4,CARNOT (BOULEVARD),0,,4,3,3,1,0,0,1,, -1,2,0,1,50,30,11,2021,08:51,1,87,87085,2,1,0,3,CARNOT (BOULEVARD),45.83274,1.25963,8,2,2
202100006735,189Â 744,B01,1,1,1,0,2,0,-1,-1, -1,-1,2021,47.0,1,1,0,2,1,2,1,,3,MARECHAL LECLERCQ (AVENUE) COTE PAIR,0,,-1,2,0,1,1,0,1,, -1,1,0,1,50,23,11,2021,09:12,1,93,93050,2,3,0,3,MARECHAL LECLERCQ (AVENUE) COTE PAIR,48.8594540353,2.5373362005,9,2,2
202100038264,133Â 254,B01,1,1,2,5,1,-1,-1,0,0,-1,2021,36.0,2,2,0,2,3,1,1,,3,116,0,,2,2,0,2,8,250,3,, -1,1,0,1,80,26,5,2021,17:10,1,44,44212,1,1,0,1,D116,47.165997,-1.252184,17,2,2
202100046323,118Â 973,C01,2,2,1,1,1,0,-1,-1, -1,-1,2021,18.0,2,2,0,2,4,23,1,,7,Autoroute A.35,0,,1,4,0,1,303,100,1,, -1,1,0,1,90,26,3,2021,16:00,1,67,67482,1,1,0,4,M35,48.57641,7.72754,16,5,4
202100010381,183Â 152,B01,1,1,1,9,1,0,-1,-1, -1,-1,2021,38.0,1,1,1,0,1,2,5,,4,PERIER RUE NÂ°1 A 33 ET 2 A 26,0,,2,2,0,1,0,0,1,, -1,1,0,1,50,28,10,2021,17:50,1,92,92049,2,1,0,3,PERIER RUE NÂ°1 A 33 ET 2 A 26,48.813519,2.318269,17,2,2
202100037859,133Â 990,A01,10,3,1,5,0,-1,-1,3,3,1,2021,17.0,2,2,0,1,1,1,1,,3,MARECHAL LECLERC AVENUE,0,,3,4,0,1,0,0,1,, -1,1,0,6,50,28,5,2021,18:40,1,93,93046,2,1,0,6,MARECHAL LECLERC AVENUE,48.9208378572,2.5407407283,18,2,1
202100020046,165Â 795,B01,1,1,1,4,1,8,-1,-1, -1,-1,2021,40.0,3,5,0,2,4,1,1,,3,ST FLORENT-ANCIENNE RT DE,0,,2,2,0,2,1,0,1,, -1,1,0,1,50,8,9,2021,16:15,1,202,202033,1,1,0,2,ST FLORENT-ANCIENNE RT DE,42.69256,9.4393,16,2,2
202100012997,178Â 513,A01,10,3,1,0,0,-1,-1,5,9,1,2021,77.0,3,2,0,1,4,4,1,,3,68,0,D,-1,2,0,2,4359,500,1,, -1,1,0,4,80,15,10,2021,14:41,1,22,22259,2,9,0,6,Le Champ Han,48.46192,-2.092434,14,2,1
202100034560,139Â 945,C01,4,2,2,0,8,0,-1,-1, -1,-1,2021,29.0,2,2,0,2,4,2,1,,7,AEROPORT (AVENUE DE L'),0,,2,2,0,1,1,530,1,, -1,1,0,1,70,13,6,2021,13:10,1,83,83069,2,1,0,4,AEROPORT (AVENUE DE L'),43.09885,6.13345,13,8,3
202100015438,174Â 114,A01,1,1,2,1,1,0,-1,-1, -1,-1,2021,24.0,2,2,0,2,8,1,1,,1,A55-Sens Marseille vers Martigues,0,,-1,3,0,1,6,0,2,, -1,1,0,1,90,28,9,2021,16:00,1,13,13216,1,1,0,3,A55-Sens Marseille vers Martigues,43.34503,5.34636,16,2,2
202100028029,151Â 612,A01,3,2,1,5,0,-1,-1,0,0,-1,2021,21.0,1,2,13,0,9,13,1,,3,62,0,D,2,2,0,3,5,25,3,0,"4,7",1,0,3,80,20,7,2021,22:15,3,16,16085,1,1,0,6,,45.8552,0.431438,22,3,1
202100041126,128Â 098,B01,1,1,1,0,2,0,-1,-1, -1,-1,2021,17.0,3,1,0,2,1,1,1,,4,BOURIETTE AVENUE DE LA,0,,2,2,0,1,0,0,1,, -1,1,0,1,30,6,5,2021,13:50,1,9,9225,2,1,0,3,BOURIETTE AVENUE DE LA,43.11218,1.62993,13,2,2