Num_Acc,id_vehicule,num_veh,place,catu,sexe,trajet,secu1,secu2,secu3,locp,actp,etatp,year_acc,victim_age,senc,catv,obs,obsm,choc,manv,motor,occutc,catr,voie,v1,v2,circ,nbv,vosp,prof,pr,pr1,plan,lartpc,larrout,surf,infra,situ,vma,jour,mois,an,hrmn,lum,dep,com,agg_,int,atm,col,adr,lat,long,hour,nb_victim,nb_vehicules
202100038440,132Â 935,A01,1,1,1,5,1,-1,-1,0,0,-1,2021,50.0,1,2,13,0,1,1,1,,3,37,-1,,2,2,0,2,51,940,1,, -1,1,0,1,-1,25,5,2021,20:30,1,31,31341,2,1,0,6,1000 Route de Daux,43.713267,1.285077,20,1,1
202100006502,190Â 179,A01,2,2,2,5,1,-1,-1,0,0,-1,2021,74.0,1,2,8,0,1,1,1,,3,606,-1,,2,3,0,1,47,750,3,,"11,5",1,0,3,70,24,11,2021,11:10,1,89,89018,2,1,0,6,38 Rue de Bourgogne,48.041697,3.326552,11,2,1
202100027979,151Â 693,B01,1,1,1,1,8,0,-1,-1, -1,-1,2021,47.0,1,1,0,2,1,26,3,,3,POMPADOUR(ROUTE DE LA),0,,1,2,0,1,1,0,2,, -1,1,0,1,50,20,7,2021,09:34,1,94,94028,2,9,0,3,POMPADOUR(ROUTE DE LA),48.76674,2.47161,9,2,2
202100030535,147Â 179,A01,2,2,2,5,2,-1,-1,0,0,-1,2021,20.0,0,1,0,2,7,21,1,,4,ALPHONSE FIQUET (PLACE),0,,2,4,0,2,(1),(1),1,, -1,1,0,1,50,2,7,2021,21:28,2,80,80021,2,1,0,7,ALPHONSE FIQUET (PLACE),49.8906,2.30625,21,2,1
202100015028,174Â 846,A01,1,1,2,5,1,0,-1,-1, -1,-1,2021,76.0,1,2,6,0,1,26,1,,4,MICHELET (RUE),0,,2,2,0,1,(1),(1),1,, -1,1,0,1,50,29,9,2021,15:00,1,59,59646,2,1,0,6,MICHELET (RUE),50.6698983305,3.1309747696,15,1,1
202100001534,199Â 060,A01,1,1,2,3,1,-1,-1,0,0,-1,2021,26.0,1,2,13,0,0,1,1,,3,710,-1,,2,2,0,1,87,500,3,, -1,1,0,3,80,24,12,2021,17:30,2,24,24217,1,1,0,7,rd 710,44.943547,0.901426,17,1,1
202100039641,130Â 734,A01,1,1,2,1,1,-1,-1,0,0,-1,2021,19.0,2,2,16,0,1,1,1,,3,943,-1,,2,2,0,1,24,100,3,, -1,2,0,3,80,17,5,2021,21:30,3,63,63381,1,1,0,6,route dÃ©partementale 943,45.85741,2.91039,21,1,1
202100022441,161Â 525,B01,1,1,1,5,2,-1,-1,-1, -1,-1,2021,14.0,1,1,1,0,1,1,5,,4,CHALAIS (SQUARE DES HAUTES),0,,2,2,1,1,(1),(1),1,, -1,1,0,5,50,26,8,2021,14:15,1,35,35238,2,1,0,3,CHALAIS (SQUARE DES HAUTES),48.0910596326,-1.678604815,14,2,2
202100005125,192Â 619,Y01,1,1,1,2,0,-1,-1,0,0,-1,2021,10.0,3,1,0,2,8,19,5,,4,PRESSENCE (RUE FRANCIS DE),0,,2,2,0,1,0,0,1,, -1,1,0,1,30,2,12,2021,08:15,1,92,92062,2,1,0,3,Rue Francis de PressensÃ©,48.8762447454,2.2358813882,8,2,2
202100035132,138Â 907,A01,1,1,1,1,1,-1,-1,0,0,-1,2021,31.0,1,2,0,0,8,13,1,,3,985,0,U,2,2,0,2,64,0,2,, -1,1,0,1,80,11,6,2021,19:53,1,58,58219,1,1,0,6,L Echalotte,46.936653,3.823827,19,1,1
202100047095,117Â 590,A01,1,1,1,1,2,6,-1,0,0,-1,2021,21.0,0,1,0,0,0,1,1,,4,,-1,,2,2,0,3,(1),(1),1,, -1,1,0,1,50,23,3,2021,07:25,1,974,97422,2,1,0,7,Impasse des Cypres,-21.196521,55.533376,7,1,1
202100017193,170Â 902,A01,10,3,1,0,0,-1,-1,3,3,1,2021,56.0,2,5,0,1,3,1,1,,3,D938,-1,,2,2,0,1,(1),(1),1,, -1,1,0,1,50,23,9,2021,15:50,1,79,79202,2,1,1,7,50 Avenue Pierre Mendes-France,46.647257,-0.247001,15,2,1
202100008636,186Â 306,A01,10,3,2,0,0,-1,-1,9,1,1,2021,75.0,0,2,0,1,6,4,1,,6,,0,,-1,-1,0,1,(1),(1),1,,4,1,9,8,-1,2,11,2021,10:10,1,49,49176,2,1,0,6,Avenue Phileas Fogg,47.622917,-0.717351,10,2,1
202100043934,123Â 143,A01,10,3,2,5,0,-1,-1,4,3,3,2021,11.0,2,2,0,1,2,1,2,,3,SELLIER (BOULEVARD HENRI),0,,1,3,0,1,0,0,1,, -1,1,0,1,50,15,4,2021,13:05,1,92,92073,2,1,0,6,SELLIER (BOULEVARD HENRI),48.8655616965,2.2196245193,13,4,1
202100011408,181Â 330,A01,1,1,1,5,2,6,-1,0,0,-1,2021,30.0,1,1,0,2,2,12,1,,4,BOULEVARD PERIPHERIQUE,0,,1,4,0,1,29,0,1,, -1,1,1,1,70,23,10,2021,14:50,1,75,75120,2,1,0,2,BOULEVARD PERIPHERIQUE,48.872376,2.412504,14,2,2
202100048973,114Â 209,B01,2,2,2,0,1,0,-1,-1, -1,-1,2021,53.0,1,2,0,2,4,1,1,,3,GABRIEL PERI (AVENUE),0,,2,2,0,2,0,0,1,, -1,1,0,1,50,6,3,2021,11:15,1,93,93059,2,4,0,2,GABRIEL PERI (AVENUE),48.9635750367,2.3542284966,11,3,2
202100007938,187Â 551,B01,1,1,2,1,1,-1,-1,-1, -1,-1,2021,51.0,1,2,0,2,6,1,1,,1,AUTOROUTE A 10,0,,3,6,0,1,537,0,1,, -1,1,0,1,130,16,11,2021,07:50,1,33,33003,1,1,0,3,AUTOROUTE A 10,44.92763,-0.47124,7,2,2
202100007592,188Â 168,A01,1,1,1,0,2,6,-1,-1, -1,-1,2021,18.0,2,1,0,2,3,1,1,,1,SEMM (RUE DE LA),0,,1,3,0,1,66,600,2,, -1,2,3,6,80,10,11,2021,17:55,3,68,68066,1,3,1,3,SEMM (RUE DE LA),48.06801,7.38486,17,2,2
202100036868,135Â 798,A01,10,3,2,9,0,-1,-1,5,2,1,2021,62.0,3,1,0,1,1,26,5,,3,83,0,,2,0,1,2,0,0,1,, -1,1,9,5,25,2,6,2021,10:50,1,92,92046,2,1,0,6,Charles de gaulle,48.8216368732,2.297641933,10,2,1
202100013443,177Â 706,A01,10,3,2,2,0,-1,-1,3,3,1,2021,13.0,1,2,0,1,1,1,0,,3,,-1,,2,2,0,1,0,235,1,,5,1,0,1,50,13,10,2021,08:15,1,47,47049,2,1,0,6,Avenue Saint-Jean,44.442413,0.625035,8,2,1
202100022721,160Â 986,A01,1,1,1,0,2,-1,-1,-1, -1,-1,2021,33.0,1,1,0,2,1,13,1,,4,RUE LEO SAIGNAT,0,,2,2,0,1,(1),(1),3,, -1,1,0,1,50,24,8,2021,18:15,1,33,33063,2,1,0,1,Rue LÃ©o Saignat,44.82706,-0.60083,18,2,2
202100022299,161Â 773,B01,1,1,2,5,8,0,-1,0,0,-1,2021,21.0,1,1,0,2,1,1,5,,4,AVENUE D ITALIE,0,,2,4,1,1,(1),(1),1,, -1,1,0,5,50,27,8,2021,22:20,5,75,75113,2,3,0,3,AVENUE D ITALIE,48.825131,2.357576,22,3,2
202100012761,178Â 909,A01,2,2,1,5,1,-1,-1,0,0,-1,2021,27.0,2,2,17,0,1,0,1,,4,0,0,O,2,2,0,2,(1),(1),1,, -1,1,0,3,70,16,10,2021,18:10,1,78,78090,1,1,0,6,Rue de Flins,48.966782,1.889077,18,2,1
202100001720,198Â 716,A01,10,3,1,5,0,-1,-1,4,3,1,2021,72.0,1,2,0,1,3,26,1,,4,PENITENTES,0,,1,1,0,1,1,0,1,, -1,1,0,1,30,14,12,2021,23:54,5,49,49007,2,1,0,6,PENITENTES,47.47515,-0.56406,23,2,1
202100007786,187Â 832,A01,1,1,1,0,2,8,-1,-1, -1,-1,2021,43.0,1,1,0,2,1,1,1,,4,NEUHOF (ROUTE),0,,3,3,0,1,0,0,1,, -1,1,0,1,50,10,11,2021,06:10,5,67,67482,2,3,0,3,NEUHOF (ROUTE),48.54618,7.76561,6,2,2
202100035439,138Â 367,B01,1,1,1,5,2,6,-1,-1, -1,-1,2021,16.0,1,1,0,2,4,2,1,,1,A86 INT,0,,3,9,0,1,36,599,1,, -1,1,0,1,90,10,6,2021,19:50,1,94,94046,1,1,0,2,A86 INT,48.81076,2.44891,19,2,2
202100008933,185Â 750,A01,1,1,1,5,2,6,-1,-1, -1,-1,2021,44.0,1,6,12,0,1,14,1,,3,449,0,,2,2,0,1,0,0,1,, -1,2,0,1,80,7,11,2021,09:15,1,91,91457,1,9,0,6,N 449,48.5734,2.25906,9,1,1
202100032340,143Â 951,A01,10,3,1,5,0,-1,-1,2,5,2,2021,9.0,2,2,0,1,2,1,1,,4,TOULON (R DE),0,,1,1,0,1,48,784,1,, -1,1,0,1,50,24,6,2021,17:10,1,94,94002,2,1,0,6,Rue de Toulon,48.78429,2.42979,17,2,1
202100018552,168Â 473,A01,1,1,2,2,8,0,-1,-1, -1,-1,2021,22.0,3,1,0,2,1,19,5,,6,CONDORCET,0,,-1,0,0,1,0,0,1,, -1,2,0,1,30,16,9,2021,12:10,1,64,64445,2,1,1,3,CONDORCET,43.3158130049,-0.3621116281,12,2,2
202100019631,166Â 550,A01,1,1,1,0,1,8,-1,-1, -1,-1,2021,37.0,1,2,0,2,1,13,1,,3,R.D.20,0,,2,2,0,1,0,0,1,, -1,1,0,1,50,9,9,2021,14:55,1,91,91223,2,1,0,1,R.D.20,48.42871,2.15784,14,2,2
202100028586,150Â 623,B01,1,1,1,5,1,0,-1,-1, -1,-1,2021,33.0,1,2,0,2,1,1,1,,1,A50-Sens Marseille vers Aubagne,0,,1,4,0,2,26,318,1,, -1,1,0,1,110,16,7,2021,02:07,3,13,13005,1,1,0,3,A50-Sens Marseille vers Aubagne,43.274421,5.588676,2,2,2
202100046251,119Â 101,B01,2,2,2,0,1,0,-1,-1, -1,-1,2021,41.0,1,2,0,0,8,1,1,,3,AV DE LA CERISAIE,0,,2,2,0,1,1,0,1,, -1,1,0,1,50,28,3,2021,18:30,1,94,94034,2,2,1,3,Avenue de la Cerisaie,48.753793,2.326345,18,4,2
202100049346,113Â 554,B01,1,1,1,1,2,6,-1,-1, -1,-1,2021,32.0,2,1,4,2,7,0,1,,1,86,0,,3,6,0,1,43,99,1,, -1,1,0,1,90,3,3,2021,07:50,1,94,94022,1,1,0,3,A86 EXT,48.77402,2.40695,7,2,2
202100000116,201Â 545,A01,10,3,2,5,0,-1,-1,2,3,1,2021,24.0,2,2,0,1,1,1,1,,3,LYON (AVENUE DE),0,,2,2,0,1,3,650,1,, -1,2,0,1,50,16,11,2021,17:30,5,42,42187,2,1,1,6,Avenue de Lyon,46.0379431,4.077361,17,2,1
202100014227,176Â 259,B01,1,1,1,0,8,0,-1,-1, -1,-1,2021,34.0,-1,1,0,2,7,1,3,,3,WILSON (AVENUE DU PRESIDENT),0,,1,2,0,1,0,1,1,, -1,1,0,1,50,9,10,2021,14:10,1,93,93066,2,2,0,3,WILSON (AVENUE DU PRESIDENT),48.9181767613,2.3579439878,14,2,2
202100053482,106Â 117,B01,1,1,1,9,2,6,-1,0,0,-1,2021,34.0,1,1,0,2,8,1,1,,4,ROUTE DE SURESNES,0,,2,4,0,1,(1),(1),1,, -1,2,0,1,50,27,1,2021,00:45,5,75,75116,2,2,1,3,ROUTE DE SURESNES,48.865043,2.234447,0,2,2
202100001355,199Â 339,A01,2,2,1,0,1,4,-1,-1, -1,-1,2021,20.0,2,2,3,0,1,1,1,,1,AUTOROUTE A1,0,,-1,2,0,2,6,0,3,, -1,2,2,1,50,26,12,2021,10:10,1,93,93027,1,1,1,6,AUTOROUTE A1,48.92703,2.40287,10,2,1
202100050429,111Â 556,A01,2,2,2,0,2,8,-1,-1, -1,-1,2021,31.0,1,1,0,0,7,1,1,,3,MONTABO (ROUTE DE) 1,0,,2,2,0,1,1,500,2,, -1,2,0,1,50,23,2,2021,15:15,1,973,97302,2,1,1,7,MONTABO (ROUTE DE) 1,4.94445,-52.31014,15,2,1
202100041601,127Â 242,A01,1,1,1,5,1,-1,-1,0,0,-1,2021,20.0,1,2,2,0,2,1,1,,3,955,-1,,2,2,0,1,17,100,2,, -1,1,0,3,80,4,5,2021,19:45,2,83,83044,1,1,0,6,RD955,43.69087,6.507273,19,1,1
202100009000,185Â 629,B01,1,1,1,5,2,-1,-1,0,0,-1,2021,46.0,2,1,0,2,1,1,5,,3,130A,-1,,2,2,0,1,7,0,1,, -1,1,0,1,80,13,10,2021,17:00,1,14,14740,1,1,0,1,1795 Route des Monts,49.005073,0.396569,17,2,2
202100020971,164Â 183,B01,1,1,1,5,2,6,-1,0,0,-1,2021,22.0,2,1,0,2,2,1,1,,3,,-1,,2,2,0,1,63,850,1,,4,1,0,1,50,5,9,2021,17:00,1,62,62806,2,3,0,3,Route du Chatelet,50.866398,1.629663,17,2,2
202100020012,165Â 857,B01,1,1,1,4,2,6,-1,-1, -1,-1,2021,42.0,2,1,0,2,8,3,1,,1,AUTOROUTE A6,0,,-1,6,0,1,22,0,1,, -1,1,0,1,110,9,9,2021,16:40,1,91,91286,1,1,0,4,AUTOROUTE A6,48.64906,2.38533,16,3,3
202100033839,141Â 272,B01,1,1,2,1,2,-1,-1,-1, -1,-1,2021,44.0,1,0,0,2,9,1,3,,4,TAILLIS (ROND-POINT DU),0,,1,1,2,1,(1),(1),2,, -1,2,5,1,50,17,6,2021,08:15,1,35,35051,2,6,0,3,Rond-point du Taillis,48.114074,-1.620255,8,2,2
202100016062,172Â 941,B01,1,1,1,0,2,8,-1,-1, -1,-1,2021,29.0,2,1,0,2,8,1,1,,3,EBOUE (ROCADE FELIX),0,,2,2,0,1,1,900,1,, -1,1,0,1,50,5,5,2021,21:30,5,973,97302,2,3,0,3,EBOUE (ROCADE FELIX),4.9295489054,-52.3151085377,21,2,2
202100002735,196Â 880,A01,1,1,1,0,2,8,-1,-1, -1,-1,2021,41.0,2,1,0,2,1,3,1,,1,AUTOROUTE A1,0,,2,4,0,1,3,0,1,, -1,1,0,1,90,15,12,2021,11:40,1,972,97213,2,1,0,2,AUTOROUTE A1,14.618046,-61.032829,11,3,2
202100018440,168Â 666,A01,10,3,2,0,0,-1,-1,2,9,1,2021,56.0,3,2,0,1,4,20,1,,4,,0,,2,1,0,2,0,0,1,, -1,1,0,1,50,16,9,2021,15:20,1,92,92025,2,1,0,6,REINE HENRIETTE (RUE DE LA),48.9251749152,2.2493266314,15,2,1
202100052516,107Â 848,A01,10,3,2,0,0,-1,-1,4,3,1,2021,63.0,1,1,0,1,0,1,1,,4,PECHERIE (DE LA)                    (QU),0,,1,2,3,1,(1),(1),1,, -1,1,0,1,50,4,2,2021,14:00,1,69,69381,2,3,0,6,PECHERIE (DE LA) (Q),45.76597,4.83086,14,2,1
202100027730,152Â 146,Z01,10,3,2,9,8,8,-1,1,9,1,2021,74.0,1,1,0,1,7,14,1,,4,PINEAU (RUE DE),0,,1,1,0,2,0,0,1,, -1,1,0,1,50,14,7,2021,15:20,1,49,49099,2,1,0,6,PINEAU (RUE DE),47.06486,-0.88051,15,2,1
202100012329,179Â 697,A01,10,3,2,9,0,-1,-1,1,3,1,2021,72.0,2,1,0,1,1,1,5,,4,,-1,,1,2,0,1,(1),(1),1,,4,1,0,1,30,19,10,2021,13:15,1,13,13014,2,1,0,1,Rue Pasteur,43.474836,5.168665,13,2,1
202100021588,163Â 043,B01,1,1,1,5,2,6,-1,-1, -1,-1,2021,17.0,1,1,0,2,6,17,1,,3,AV FRANCOIS MITTERRAND,0,,1,2,0,1,0,0,1,, -1,2,0,1,50,30,8,2021,13:00,1,91,91027,2,1,1,2,AV FRANCOIS MITTERRAND,48.714347,2.371216,13,2,2
202100027805,152Â 013,A01,1,1,1,0,1,-1,-1,0,0,-1,2021,57.0,2,2,2,0,9,0,1,,3,955,-1,,2,2,0,1,(1),(1),2,, -1,1,0,3,80,21,7,2021,19:55,1,59,59571,1,1,0,7,D955,50.16681,3.494596,19,1,1
202100036710,136Â 092,B01,1,1,1,5,0,-1,-1,0,0,-1,2021,83.0,1,0,0,2,7,1,3,,3,,0,D,2,2,0,1,2,90,1,, -1,1,0,1,50,4,6,2021,18:30,1,33,33005,2,6,0,3,giratoire D215/ D3E8,44.752699,-1.078232,18,2,2
202100015160,174Â 613,B01,1,1,1,0,2,-1,-1,0,0,-1,2021,59.0,1,1,0,9,1,1,1,,3,178,-1,,2,2,0,1,23,471,1,, -1,1,0,1,80,6,10,2021,15:00,1,44,44099,1,1,0,1,D178,47.594675,-1.383896,15,3,2
202100034611,139Â 847,B01,1,1,1,5,2,0,-1,0,0,-1,2021,18.0,2,1,0,2,1,1,1,,4,AVENUE DE VILLIERS,0,,2,2,0,1,(1),(1),1,, -1,1,0,1,30,13,6,2021,03:40,5,75,75117,2,2,0,3,AVENUE DE VILLIERS,48.885133,2.295746,3,3,2
202100027633,152Â 325,B01,1,1,1,0,8,-1,-1,0,0,-1,2021,18.0,1,1,0,2,1,21,1,,3,18,0,,2,2,0,1,5,300,1,,4,1,0,1,50,20,7,2021,18:30,1,45,45098,2,1,0,3,Rue Louis XI,47.819314,1.755584,18,2,2
202100035764,137Â 780,A01,10,3,2,3,0,-1,-1,4,3,1,2021,65.0,1,2,0,0,5,22,0,,4,GENERAL LECLERC - CAR DE LA RESISTANCE (,0,,1,2,0,1,0,0,1,, -1,1,0,1,50,8,6,2021,19:25,1,94,94046,2,1,0,6,Avenue du GÃ©nÃ©ral Leclerc,48.81537,2.420839,19,2,1
202100009919,183Â 961,A01,1,1,1,9,8,0,-1,0,0,-1,2021,36.0,1,1,0,0,0,1,3,,4,QUAI DE CONTI,0,,1,3,1,1,(1),(1),1,, -1,1,-1,5,30,1,11,2021,01:20,5,75,75106,2,7,0,7,QUAI DE CONTI,48.857666,2.337171,1,1,1
202100041069,128Â 198,A01,1,1,2,5,1,0,-1,-1, -1,-1,2021,31.0,1,2,13,0,7,14,1,,4,COURRIERES (AVENUE DES),0,,2,2,0,2,0,0,3,, -1,2,0,1,50,5,5,2021,08:01,1,87,87075,2,1,1,6,COURRIERES (AVENUE DES),45.81675,1.20932,8,1,1
202100011970,180Â 324,B01,1,1,1,4,2,-1,-1,-1, -1,-1,2021,52.0,3,1,0,2,2,5,1,,4,FRERES LAFRANCHI (DES)                  ,0,,1,2,0,1,(1),(1),1,, -1,1,0,1,50,20,10,2021,23:00,5,69,69259,2,3,1,3,FRERES LANFRANCHI (DES) (R),45.71315,4.87675,23,2,2
202100008260,186Â 947,B01,1,1,2,9,2,0,-1,0,0,-1,2021,47.0,1,1,0,2,3,1,1,,4,PLACE DENFERT ROCHEREAU,0,,1,3,0,1,(1),(1),2,, -1,2,0,1,30,13,11,2021,15:10,1,75,75114,2,7,1,3,PLACE DENFERT ROCHEREAU,48.834986,2.331804,15,2,2
202100023171,160Â 200,A01,9,2,1,5,1,-1,-1,0,0,-1,2021,8.0,0,2,0,2,1,26,1,,3,18E5,-1,D,3,2,0,1,2,200,1,, -1,1,5,1,50,20,8,2021,18:26,1,34,34300,2,3,0,3,D18e5,43.390166,3.314186,18,5,2
202100049490,113Â 291,A01,1,1,1,2,2,6,-1,-1, -1,-1,2021,48.0,2,1,0,2,8,21,1,,3,,-1,,2,1,-1,2,3,370,3,, -1,1,0,1,50,2,3,2021,16:27,1,64,64102,2,3,0,3,GRAND BASQUE (CHEMIN DU),43.50155,-1.44548,16,2,2
202100051730,109Â 226,A01,1,1,2,9,1,0,-1,-1, -1,-1,2021,60.0,1,2,1,0,4,2,1,,4,LOUISE MICHEL (RUE),0,,-1,2,1,1,0,0,1,, -1,1,0,1,50,12,2,2021,16:33,1,93,93005,2,1,0,6,LOUISE MICHEL (RUE),48.93095,2.50492,16,1,1
202100032729,143Â 268,A01,1,1,1,9,8,-1,-1,0,0,-1,2021,46.0,0,1,13,0,0,1,1,,3,100,0,,2,2,0,2,0,240,4,,7,1,0,1,80,24,6,2021,06:30,3,974,97415,1,1,0,7,D100,-21.07506,55.230235,6,2,2
202100039707,130Â 607,B01,1,1,1,9,2,0,-1,0,0,-1,2021,36.0,2,1,0,2,4,23,1,,4,RUE D AVRON,0,,2,2,0,1,(1),(1),1,, -1,2,0,1,30,16,5,2021,14:15,1,75,75120,2,3,1,4,RUE D AVRON,48.851533,2.399547,14,3,3
202100030077,148Â 024,B01,1,1,1,4,2,6,5,0,0,-1,2021,36.0,1,1,0,2,7,1,1,,3,784,-1,,1,1,0,1,(1),(1),1,, -1,1,5,1,70,9,7,2021,08:55,1,29,29167,1,6,0,3,D784 - Lieu Dit Kerandoare,47.999467,-4.271214,8,2,2
202100021314,163Â 555,A01,2,2,2,5,8,0,-1,-1, -1,-1,2021,30.0,1,2,0,2,6,2,2,,3,GALLIENI (AV.) CONFORAMA 53,0,,1,3,0,1,1,0,1,, -1,1,0,1,50,2,9,2021,18:10,1,93,93010,2,1,0,2,GALLIENI (AV.) CONFORAMA 53,48.90547,2.4761,18,4,2
202100051933,108Â 879,B01,1,1,1,9,2,6,-1,-1, -1,-1,2021,18.0,1,1,9,2,1,0,1,,3,STALINGRAD (AV DE),0,,3,2,2,1,1,0,1,, -1,1,9,5,50,9,2,2021,17:00,2,94,94076,2,2,0,2,Rue Daniel FÃ©ry,48.78404,2.36727,17,2,2
202100042584,125Â 504,A01,1,1,2,5,2,0,-1,-1, -1,-1,2021,59.0,2,1,12,1,8,13,3,,9,MAIGNON (ROUTE DE),0,,2,4,1,1,0,0,1,, -1,1,0,5,20,25,4,2021,16:10,1,64,64024,2,1,0,6,MAIGNON (ROUTE DE),43.4753,-1.50142,16,2,1
202100018855,167Â 944,A01,1,1,2,3,1,-1,-1,0,0,-1,2021,80.0,2,2,4,0,8,1,1,,3,920,0,D,2,2,0,1,4,0,1,, -1,2,0,3,80,16,9,2021,14:55,1,64,64116,1,1,1,7,D920,43.1189271707,-0.4399037361,14,1,1
202100029348,149Â 309,A01,1,1,1,0,2,6,-1,-1, -1,-1,2021,29.0,1,1,0,0,0,1,1,,4,,0,,2,2,0,1,0,0,3,, -1,1,5,1,30,11,7,2021,21:05,5,92,92024,2,6,0,7,CLAUDE DEBUSSY (AVENUE),48.9103698909,2.312938571,21,1,1
202100004529,193Â 679,A01,2,2,1,0,1,0,-1,-1, -1,-1,2021,25.0,2,2,13,0,1,14,1,,3,104 ( ROUTE DEPÃRTEMENTALE ),0,,2,3,0,1,47,700,1,, -1,9,0,1,80,4,12,2021,07:00,3,7,7231,1,1,0,6,104 ( ROUTE DEPÃRTEMENTALE ),44.58579,4.38543,7,2,1
202100023095,160Â 333,A01,1,1,1,0,1,0,-1,-1, -1,-1,2021,51.0,2,2,0,2,1,1,1,,1,AUTOROUTE (A1),0,,2,8,3,1,0,100,1,, -1,1,0,1,90,20,8,2021,20:30,5,972,97209,1,1,0,2,AUTOROUTE (A1),14.61446,-61.04967,20,3,2
202100017558,170Â 243,B01,2,2,1,5,2,-1,-1,0,0,-1,2021,18.0,1,1,0,2,1,1,1,,3,739,0,D,2,2,0,1,29,940,1,0,"5,4",1,0,1,50,23,9,2021,10:15,1,16,16206,2,3,0,1,intersection boulevard Gambetta - rue des bouviers,45.8757,0.176605,10,3,2
202100041363,127Â 672,A01,1,1,1,5,2,6,9,0,0,-1,2021,55.0,1,1,0,2,8,1,1,,3,918,0,D,3,2,0,1,77,200,3,, -1,1,0,1,50,6,5,2021,11:10,1,64,64538,2,1,0,3,Rd 918,43.158745,-1.246337,11,2,2
202100017170,170Â 942,A01,1,1,1,4,2,6,9,0,0,-1,2021,39.0,3,1,0,0,2,1,1,,3,134,-1,,2,2,0,1,(1),(1),1,, -1,1,0,8,80,23,9,2021,15:50,1,28,28102,1,1,1,7,D134,48.540915,1.392099,15,1,1
202100036213,136Â 958,A01,10,3,1,5,0,-1,-1,2,5,1,2021,2.0,2,2,0,1,1,1,1,,4,DEGAS,0,,3,2,0,1,(1),(1),1,, -1,1,0,1,30,4,6,2021,19:50,1,29,29019,2,1,0,6,Rue Degas,48.41316,-4.47337,19,2,1
202100024847,157Â 244,A01,2,2,1,5,1,-1,-1,0,0,-1,2021,56.0,3,2,0,0,1,0,1,,3,111.2,-1,,2,2,0,1,2,500,2,, -1,1,0,3,50,21,3,2021,16:15,1,28,28012,1,1,0,7,Rue du Murier,48.091829,1.121142,16,2,1
202100008272,186Â 927,B01,2,2,2,1,1,0,-1,-1, -1,-1,2021,33.0,1,2,0,2,2,1,1,,3,JEAN JAURES (AVENUE),0,,3,2,0,1,1,1,1,, -1,2,0,1,50,13,11,2021,08:00,1,93,93032,2,1,1,5,JEAN JAURES (AVENUE),48.8832578933,2.5282118742,8,6,3
202100020976,164Â 173,A01,1,1,2,5,1,-1,-1,-1, -1,-1,2021,67.0,2,2,4,0,3,13,1,,1,ROCADE A 630,0,,3,6,0,1,28,386,1,, -1,2,0,1,90,3,9,2021,23:35,5,33,33550,1,1,0,6,ROCADE A 630,44.783264,-0.587612,23,1,1
202100033759,141Â 428,A01,1,1,1,1,1,8,-1,-1, -1,-1,2021,61.0,1,2,3,0,2,1,1,,2,RN 104,0,,1,3,0,2,36,700,3,, -1,2,0,1,70,18,6,2021,06:45,1,91,91340,1,1,1,6,RN 104,48.6087,2.4352,6,1,1
202100042374,125Â 884,B01,1,1,1,1,2,6,-1,-1, -1,-1,2021,29.0,3,1,0,2,1,17,1,,4,LEOPOLD RECHOSSIERE (RUE)  => 13/50,0,,-1,2,0,1,0,0,1,, -1,1,0,1,50,27,4,2021,13:00,1,93,93001,2,1,0,3,LEOPOLD RECHOSSIERE (RUE)  => 13/50,48.9145260131,2.3899260246,13,2,2
202100047385,117Â 069,A01,4,2,2,4,1,0,-1,0,0,-1,2021,23.0,2,2,0,2,3,1,1,,4,AVENUE DU TRONE,0,,2,4,0,1,(1),(1),1,, -1,1,0,1,50,19,3,2021,16:37,1,75,75111,2,7,0,3,AVENUE DU TRONE,48.848176,2.399089,16,4,2
202100007360,188Â 597,B01,2,2,2,3,8,0,-1,-1, -1,-1,2021,49.0,1,2,0,2,4,2,1,,3,CLEMENCEAU (AVENUE GEORGES),0,,1,2,0,1,0,1,1,, -1,1,0,1,50,19,11,2021,09:00,1,93,93078,2,1,0,2,CLEMENCEAU (AVENUE GEORGES),48.95992,2.55685,9,3,2
202100029506,149Â 054,A01,1,1,1,5,2,-1,-1,0,0,-1,2021,36.0,0,6,0,0,7,1,1,,4,,-1,,-1,2,0,1,(1),(1),2,, -1,1,0,1,-1,6,6,2021,10:30,1,64,64504,1,1,0,7,Saint-PÃ©e-sur-Nivelle,43.333729,-1.578225,10,1,1
202100031663,145Â 158,A01,1,1,1,5,1,-1,-1,0,0,-1,2021,67.0,0,2,15,0,1,11,1,,4,,-1,,2,2,0,1,(1),(1),1,,4,1,0,8,-1,1,7,2021,17:40,1,17,17337,1,1,0,7,Route de l'hermitage,45.961092,-1.37004,17,2,1
202100048656,114Â 783,A01,10,3,1,2,0,-1,-1,3,B,1,2021,12.0,2,2,0,0,1,9,1,,7,REPUBLIQUE (RUE DE LA),0,,2,1,0,1,1,150,1,, -1,1,9,1,30,8,3,2021,16:35,1,83,83090,2,9,0,6,REPUBLIQUE (RUE DE LA),43.1378323259,5.8473029514,16,2,1
202100025503,156Â 079,Z01,10,3,1,5,0,-1,-1,3,3,2,2021,20.0,1,2,0,1,2,1,1,,4,24,0,,2,2,0,1,0,0,1,, -1,1,0,1,50,5,8,2021,14:50,1,92,92050,2,2,0,6,PROVINCES FRANCAISES BD DES,48.9011247414,2.2166565389,14,2,1
202100042378,125Â 879,A01,1,1,2,1,2,6,-1,-1, -1,-1,2021,26.0,1,1,15,0,1,13,1,,4,,0,,1,1,0,1,0,0,1,, -1,1,0,1,50,27,4,2021,08:00,1,92,92035,2,1,0,6,Joffre ( avenue ),48.9091782328,2.2422596812,8,1,1