Num_Acc,id_vehicule,num_veh,place,catu,sexe,trajet,secu1,secu2,secu3,locp,actp,etatp,year_acc,victim_age,senc,catv,obs,obsm,choc,manv,motor,occutc,catr,voie,v1,v2,circ,nbv,vosp,prof,pr,pr1,plan,lartpc,larrout,surf,infra,situ,vma,jour,mois,an,hrmn,lum,dep,com,agg_,int,atm,col,adr,lat,long,hour,nb_victim,nb_vehicules
202100030406,147Â 416,A01,1,1,2,9,8,0,-1,0,0,-1,2021,34.0,2,1,0,2,4,15,5,,4,RUE DE CRIMEE,0,,1,1,1,1,(1),(1),1,, -1,1,2,5,50,6,7,2021,20:00,1,75,75119,2,3,0,2,RUE DE CRIMEE,48.888552,2.379226,20,2,2
202100052637,107Â 639,B01,1,1,2,1,1,8,-1,0,0,-1,2021,40.0,2,2,0,0,4,2,1,,1,Autoroute A 31,0,,3,4,0,1,271,0,1,, -1,4,0,1,110,3,2,2021,08:00,3,54,54072,1,1,1,2,Autoroute A 31,48.852902,6.088999,8,2,2
202100028505,150Â 762,A01,2,2,1,5,2,8,-1,-1, -1,-1,2021,25.0,2,1,0,2,8,15,1,,3,VERDUN (BD DE),0,,2,2,0,1,1,0,1,, -1,1,0,1,50,17,7,2021,23:00,5,94,94033,2,1,0,3,Boulevard de Verdun,48.85348,2.46999,23,3,2
202100030062,148Â 049,A01,1,1,1,5,2,-1,-1,0,0,-1,2021,61.0,1,1,0,5,1,0,5,,3,106.1,-1,,2,2,0,1,0,500,1,, -1,1,0,1,50,8,7,2021,12:00,1,28,28104,2,1,0,6,27 rue jean moulin,48.484951,1.591392,12,1,1
202100053448,106Â 180,B01,1,1,1,1,8,0,-1,-1, -1,-1,2021,43.0,1,1,0,2,7,0,3,,7,GAULLE (AVENUE DU GENERAL DE),0,,1,1,0,1,(1),(1),1,, -1,2,0,1,50,27,1,2021,13:50,1,59,59090,2,6,0,3,GAULLE (AVENUE DU GENERAL DE),50.71963,3.10966,13,2,2
202100052174,108Â 449,A01,1,1,2,5,1,5,-1,0,0,-1,2021,40.0,1,2,0,2,1,2,1,,3,77,0,D,2,2,0,1,7,100,1,, -1,1,5,1,80,9,2,2021,13:00,1,31,31118,1,2,0,3,Route de Bouloc,43.78898,1.386579,13,2,2
202100012159,179Â 991,A01,10,3,2,9,0,-1,-1,5,3,1,2021,66.0,3,2,0,1,2,1,1,,4,GENOT (RUE DU LIEUTENANT Y.),0,,2,2,0,1,0,1,1,, -1,1,9,8,50,7,10,2021,17:50,1,74,74133,2,9,0,6,GENOT (RUE DU LIEUTENANT Y.),46.18352,6.19672,17,2,1
202100021079,163Â 979,A01,1,1,1,0,2,0,-1,0,0,-1,2021,17.0,3,1,0,2,1,11,1,,7,PAGNOL MARCEL BOULEVARD,0,,1,2,0,1,0,0,2,, -1,1,0,1,50,3,9,2021,18:00,1,6,6123,2,3,0,3,PAGNOL MARCEL BOULEVARD,43.67341,7.18981,18,2,2
202100010954,182Â 147,A01,10,3,2,9,8,8,-1,4,3,1,2021,33.0,1,2,0,1,1,1,1,,3,AULAGNIER ( QUAI ),0,,2,0,0,1,0,0,1,, -1,1,0,1,50,25,10,2021,19:17,5,92,92004,2,3,0,6,AULAGNIER ( QUAI ),48.9174035277,2.3198881745,19,2,1
202100022553,161Â 314,A01,1,1,1,0,0,-1,-1,0,0,-1,2021,64.0,0,2,6,0,1,0,1,,4,,0,,2,2,0,2,(1),(1),4,,4,1,0,3,50,18,8,2021,00:00,5,73,73303,2,1,0,6,Avenue Jules Bianco,45.750382,6.4191,0,1,1
202100000209,201Â 364,A01,1,1,1,0,1,0,-1,-1, -1,-1,2021,22.0,1,2,9,0,1,13,1,,7,GEORGES POMPIDOU (AV ),0,,2,1,0,1,0,9,1,, -1,1,0,3,80,10,4,2021,00:15,5,13,13043,1,1,0,1,GEORGES POMPIDOU (AV ),43.38537,5.21817,0,4,1
202100009324,185Â 037,A01,1,1,1,9,8,0,-1,-1, -1,-1,2021,16.0,0,1,0,0,0,26,0,,4,,0,,1,2,0,3,0,0,3,, -1,1,1,1,50,5,11,2021,13:00,1,92,92026,2,9,0,7,COUPOLE-REGNAULT (PARKINGS),48.8947151206,2.2433459759,13,1,1
202100046641,118Â 395,A01,1,1,1,1,2,6,-1,0,0,-1,2021,31.0,1,1,0,2,1,18,1,,4,AVENUE DE LA REPUBLIQUE,0,,2,4,1,1,(1),(1),1,, -1,1,-1,5,50,25,3,2021,14:48,1,75,75111,2,4,0,3,AVENUE DE LA REPUBLIQUE,48.86648,2.368146,14,2,2
202100040529,129Â 163,B01,2,2,2,5,8,0,-1,-1, -1,-1,2021,72.0,1,2,0,2,7,1,1,,3,7,0,,3,4,0,1,0,0,1,, -1,1,0,1,50,10,5,2021,16:51,1,92,92072,2,7,0,3,MANUFACTURE NATIONALE (PLACE DE LA),48.82919,2.22408,16,3,2
202100046234,119Â 129,B01,2,2,2,5,2,8,-1,-1, -1,-1,2021,22.0,1,1,0,2,1,2,1,,4,MARÃCHAL JUIN (BOULEVARD),0,,3,4,0,1,70,0,1,, -1,1,0,1,50,27,3,2021,20:15,5,13,13204,2,1,0,3,MARÃCHAL JUIN (BOULEVARD),43.31191,5.404,20,3,2
202100044545,122Â 095,A01,1,1,1,5,8,0,-1,-1, -1,-1,2021,22.0,2,1,0,2,3,13,5,,3,SAINT-MICHEL (RUE),0,,2,2,0,2,0,585,1,, -1,1,0,1,50,9,4,2021,18:20,1,88,88160,2,1,0,3,SAINT-MICHEL (RUE),48.1775,6.45669,18,2,2
202100018453,168Â 645,A01,1,1,1,5,1,-1,-1,0,0,-1,2021,38.0,2,2,0,2,3,1,1,,3,944,-1,,2,2,0,1,3,200,1,, -1,1,0,1,90,17,9,2021,20:40,3,51,51171,1,1,0,1,D944,49.3691096714,3.9263050124,20,3,2
202100003342,195Â 787,A01,1,1,1,9,2,-1,-1,0,0,-1,2021,46.0,1,1,0,0,8,1,1,,3,19,0,D,2,2,0,1,8,200,1,, -1,1,0,3,80,12,12,2021,00:15,3,82,82082,2,1,0,7,D19,44.27336,1.790729,0,1,1
202100029580,148Â 918,A01,10,3,1,5,0,-1,-1,6,B,3,2021,30.0,1,2,1,1,2,1,1,,2,RN 184,0,,2,3,0,1,14,590,1,, -1,1,0,1,50,10,7,2021,22:40,3,78,78551,1,1,0,6,RN 184,48.92328,2.0869,22,4,1
202100007135,189Â 017,B01,2,2,2,2,1,0,-1,-1, -1,-1,2021,37.0,2,2,0,2,3,1,1,,4,VIGIE (CHEMIN DE LA),0,,2,2,0,1,0,0,2,, -1,1,0,1,30,12,11,2021,15:16,1,974,97411,1,9,0,3,VIGIE (CHEMIN DE LA),-20.8830659089,55.4297985949,15,3,2
202100053492,106Â 101,B01,1,1,1,0,2,0,-1,-1, -1,-1,2021,46.0,0,1,0,2,1,1,0,,4,JEAN JAURES (R),0,,1,1,1,1,0,0,1,, -1,1,0,5,30,27,1,2021,17:00,1,94,94046,2,1,0,1,JEAN JAURES (R),48.78957,2.435357,17,2,2
202100026689,154Â 004,A01,1,1,1,9,2,6,-1,0,0,-1,2021,40.0,2,1,0,2,8,21,1,,4,QUAI DE LA MEGISSERIE,0,,1,3,3,1,(1),(1),1,, -1,2,0,1,50,27,7,2021,18:30,1,75,75101,2,7,1,7,QUAI DE LA MEGISSERIE,48.857321,2.346847,18,1,1
202100015673,173Â 653,A01,1,1,1,5,2,6,-1,0,0,-1,2021,20.0,1,1,0,2,1,13,1,,3,82,-1,,2,2,0,1,1,0,3,, -1,1,0,1,80,2,10,2021,15:40,1,67,67547,1,1,0,1,"RD 82, PR 1",48.272197,7.598441,15,5,2
202100051195,110Â 163,B01,3,2,2,9,1,0,-1,-1, -1,-1,2021,5.0,2,2,1,0,4,23,1,,3,REPUBLIQUE (AV DE LA),0,,2,2,0,1,1,0,1,, -1,1,0,1,50,17,2,2021,19:00,5,94,94046,2,1,0,2,REPUBLIQUE (AV DE LA),48.80498,2.4393,19,3,2
202100020355,165Â 249,A01,1,1,2,1,8,0,-1,-1, -1,-1,2021,56.0,1,1,12,0,0,21,5,,4,ARNOUX AVENUE MAURICE AUTRES NÂ°,0,,1,1,2,1,0,0,1,, -1,1,0,1,50,7,9,2021,10:45,1,92,92049,2,1,0,7,ARNOUX AVENUE MAURICE AUTRES NÂ°,48.81569,2.31121,10,1,1
202100033544,141Â 813,A01,1,1,1,5,8,0,-1,-1, -1,-1,2021,47.0,2,1,12,0,1,26,3,,4,BEAUBLANC (BOULEVARD DE),0,,3,4,0,1,6,0,1,, -1,1,0,1,50,16,6,2021,10:40,1,87,87085,2,1,0,7,BEAUBLANC (BOULEVARD DE),45.8457,1.2425,10,1,1
202100007719,187Â 961,B01,1,1,1,5,2,-1,-1,0,0,-1,2021,43.0,2,1,0,2,1,1,1,,3,,-1,,2,2,0,1,2,680,1,, -1,1,0,1,50,17,11,2021,20:15,4,37,37091,2,6,0,3,18 Av du Colonel Jacques Soufflet,47.3356637867,0.9904915094,20,2,2
202100025334,156Â 369,A01,1,1,1,9,1,0,-1,0,0,-1,2021,22.0,2,2,4,0,1,13,1,,4,RUE DE VAUGIRARD,0,,1,3,0,1,(1),(1),1,, -1,1,0,1,50,5,8,2021,11:40,1,75,75115,2,2,0,6,RUE DE VAUGIRARD,48.836094,2.293967,11,1,1
202100024935,157Â 091,B01,2,2,1,5,1,-1,-1,0,0,-1,2021,32.0,2,2,0,0,8,0,0,,3,58,0,,2,2,0,1,13,780,3,,4,1,5,1,70,9,8,2021,21:50,5,49,49221,1,2,0,3,Route de l Oisellerie,47.456463,0.015954,21,3,2
202100023965,158Â 797,A01,1,1,1,0,1,-1,-1,0,0,-1,2021,50.0,2,2,0,0,0,1,1,,3,02,-1,,2,2,0,1,2,447,1,, -1,1,0,8,50,17,8,2021,17:20,2,988,98817,2,3,0,7,RPS2/RUE LOUIS THEODORE BERARD,-22.250144,166.566516,17,1,1
202100009784,184Â 210,A01,10,3,1,3,8,-1,-1,2,3,1,2021,27.0,0,2,0,0,3,16,0,,4,Rue Maurice Le Flem,0,,-1,2,0,1,(1),(1),1,, -1,1,0,1,50,2,11,2021,18:50,5,29,29019,2,1,0,6,Rue Maurice Le Flem,48.4067382632,-4.4962036908,18,2,1
202100010620,182Â 751,B01,1,1,1,5,2,6,-1,0,0,-1,2021,56.0,2,1,0,0,1,3,1,,3,111,-1,A,2,2,0,2,0,1,2,,"5,5",1,0,1,80,28,10,2021,18:00,1,26,26124,1,2,0,1,Route de Charmes sur Rhone,44.85239,4.847888,18,2,2
202100006120,190Â 865,B01,1,1,1,0,1,8,-1,-1, -1,-1,2021,22.0,1,2,12,2,4,26,1,,3,THEOPHILE SUEUR (BOULEVARD),0,,2,2,0,1,0,1,1,, -1,2,0,1,50,26,11,2021,14:45,1,93,93048,2,1,1,2,THEOPHILE SUEUR (BOULEVARD),48.8646733862,2.4679778244,14,2,2
202100043266,124Â 327,A01,1,1,2,0,2,-1,-1,0,0,-1,2021,22.0,3,1,0,0,0,1,1,,4,,-1,,2,2,0,2,8,(1),1,, -1,1,0,1,-1,20,4,2021,17:15,1,987,98715,2,1,1,7,Rue Nina Peata,-17.578029,-149.611167,17,1,1
202100055031,103Â 446,A01,1,1,2,0,8,0,-1,-1, -1,-1,2021,36.0,3,2,0,4,1,18,1,,4,DE GAULLE (AVENUE DU GENERAL),0,,1,2,0,1,(1),(1),1,, -1,2,9,6,50,14,1,2021,15:30,1,51,51454,2,2,1,3,Avenue du GÃ©nÃ©ral de Gaulle,49.2419401744,4.014354691,15,2,2
202100006270,190Â 584,A01,10,3,2,1,0,-1,-1,4,3,1,2021,54.0,2,2,0,1,2,1,1,,4,PAUL CLAUDEL (BOULEVARD),0,,2,3,2,1,0,0,1,, -1,2,0,1,50,25,11,2021,19:15,5,13,13210,2,1,1,6,PAUL CLAUDEL (BOULEVARD),43.2688,5.41988,19,2,1
202100052811,107Â 324,A01,2,1,1,1,8,0,-1,-1, -1,-1,2021,48.0,3,2,0,0,3,9,1,,4,EDOUARD BRANLY (RUE),0,,2,1,1,1,1,0,1,, -1,1,0,1,30,2,2,2021,19:20,3,93,93048,2,1,0,3,EDOUARD BRANLY (RUE),48.8692438138,2.4595393538,19,2,2
202100012250,179Â 827,A01,10,3,2,5,0,-1,-1,3,3,1,2021,11.0,1,2,0,1,1,1,1,,4,AVENUE PAUL APPELL,0,,3,1,0,1,(1),(1),1,, -1,1,0,1,30,19,10,2021,19:55,5,75,75114,2,3,0,6,AVENUE PAUL APPELL,48.82175,2.326695,19,2,1
202100023959,158Â 807,B01,1,1,1,1,6,2,-1,0,0,-1,2021,19.0,1,1,0,2,8,24,1,,3,,-1,,2,2,0,2,20,800,2,, -1,2,0,3,80,16,8,2021,07:50,1,88,88306,1,1,0,3,RD424,48.401186,7.01687,7,2,2
202100030279,147Â 643,A01,2,2,2,5,1,-1,-1,0,0,-1,2021,18.0,2,2,0,2,3,26,1,,3,992,0,,2,2,0,1,41,658,3,, -1,2,0,1,80,8,7,2021,12:10,1,1,1010,1,1,0,1,RD992,45.885184,5.806918,12,3,2
202100015069,174Â 770,B01,1,1,1,4,1,-1,-1,-1, -1,-1,2021,53.0,2,2,8,2,6,2,2,,4,BLANQUI (RUE ),0,,2,2,0,1,(1),(1),1,, -1,2,5,1,50,5,10,2021,21:20,5,33,33063,2,2,0,3,Rue Blanqui,44.87359,-0.54934,21,3,2
202100014018,176Â 643,A01,10,3,2,5,0,-1,-1,5,1,2,2021,46.0,1,2,0,1,4,4,2,,4,BOULEVARD DE GRENELLE,0,,3,2,0,1,(1),(1),1,, -1,1,0,1,50,10,10,2021,12:00,1,75,75115,2,1,0,6,BOULEVARD DE GRENELLE,48.850533,2.293721,12,2,1
202100021997,162Â 316,A01,1,1,1,5,2,-1,-1,0,0,-1,2021,69.0,1,1,0,0,0,0,5,,3,1,-1,,2,2,0,3,13,300,3,,4,1,0,3,80,29,8,2021,10:55,1,10,10251,1,1,0,7,Montigny-les-Monts,48.108205,3.951538,10,1,1
202100004778,193Â 238,A01,10,3,1,2,0,-1,-1,1,3,1,2021,17.0,1,2,0,1,2,1,1,,4,ROCHELLES (RUE DES),0,,2,1,1,1,0,0,1,, -1,2,0,1,30,3,12,2021,13:15,1,28,28134,2,1,0,3,ROCHELLES (RUE DES),48.73157,1.37316,13,2,1
202100011238,181Â 644,A01,1,1,1,1,2,6,-1,0,0,-1,2021,36.0,1,1,0,2,1,1,1,,4,QUAI D ISSY LES MOULINEAUX,0,,2,4,0,1,(1),(1),1,, -1,1,0,1,30,24,10,2021,06:20,4,75,75115,2,4,0,3,QUAI D ISSY LES MOULINEAUX,48.83459,2.265667,6,2,2
202100013792,177Â 048,B01,1,1,1,1,8,0,-1,-1, -1,-1,2021,57.0,1,1,0,2,7,2,1,,1,AUTOROUTE A126,0,,3,1,0,1,0,600,1,, -1,1,0,1,90,12,10,2021,18:30,1,91,91161,1,1,0,3,AUTOROUTE A126,48.710235,2.303357,18,2,2
202100023532,159Â 576,A01,1,1,1,0,1,-1,-1,0,0,-1,2021,36.0,1,2,2,0,2,6,1,,3,948,0,D,2,2,0,1,5,550,1,, -1,1,0,4,50,18,8,2021,01:00,5,5,5118,2,1,0,6,Route de Sisteron,44.225666,5.859607,1,1,1
202100054734,103Â 956,A01,1,1,1,0,0,-1,-1,0,0,-1,2021,26.0,2,1,0,0,0,1,1,,3,4,-1,,2,2,0,1,(1),(1),2,, -1,2,0,1,80,17,1,2021,19:00,3,972,97224,1,1,1,6,Route Nationale 4,14.67094,-61.023114,19,1,1
202100015560,173Â 868,A01,2,2,2,5,8,0,-1,-1, -1,-1,2021,20.0,1,2,0,0,1,16,1,,4,CROIX BLANCHE RUE ET SQUARE,0,,1,2,0,1,1,0,3,, -1,2,0,1,50,2,10,2021,19:31,1,49,49267,2,1,1,7,CROIX BLANCHE RUE ET SQUARE,47.468377,-0.514733,19,2,1
202100003450,195Â 588,A01,10,3,1,1,0,-1,-1,2,3,1,2021,25.0,2,2,0,1,1,15,1,,6,PL DE LA LOGISTIQUE,0,,-1,0,0,1,1,0,1,, -1,1,0,1,50,11,12,2021,06:40,5,94,94065,2,1,0,6,Zone SOGARIS,48.75256,2.36751,6,2,1
202100039007,131Â 915,A01,1,1,1,0,1,-1,-1,0,0,-1,2021,20.0,2,2,8,0,3,0,1,,3,744,0,,2,2,0,2,17,400,1,,"5,8",1,0,3,80,21,5,2021,22:19,3,79,79123,1,1,0,6,,46.789086,-0.652013,22,1,1
202100022822,160Â 815,A01,2,2,1,9,8,0,-1,0,0,-1,2021,27.0,1,2,4,0,1,12,1,,4,BOULEVARD PERIPHERIQUE INTERIEUR SUD,0,,1,5,0,1,(1),(1),1,, -1,1,0,1,70,23,8,2021,06:10,2,75,75113,2,4,0,6,BOULEVARD PERIPHERIQUE INTERIEUR SUD,48.817318,2.366127,6,3,1
202100023668,159Â 319,B01,1,1,1,0,1,-1,-1,-1, -1,-1,2021,35.0,2,2,0,2,4,2,1,,1,AUTOROUTE A 63,0,,3,4,0,1,8,380,1,, -1,1,0,1,130,18,8,2021,12:00,1,33,33122,1,1,0,2,,44.741166,-0.709997,12,2,2
202100009478,184Â 766,A01,1,1,1,1,1,0,-1,-1, -1,-1,2021,33.0,2,4,0,2,1,26,1,,3,BAS MARIN (R DU),0,,2,2,0,1,1,0,3,, -1,2,9,1,30,4,11,2021,10:00,1,94,94054,2,1,1,2,Rue du Bas Marin,48.74646,2.38477,10,2,2
202100004468,193Â 781,A01,1,1,1,5,8,-1,-1,0,0,-1,2021,48.0,1,5,0,0,7,1,1,,3,24,-1,,2,2,0,1,7,950,2,, -1,2,0,3,90,4,12,2021,03:15,3,72,72264,1,1,1,7,Les Mille Pieds,47.86572,-0.336376,3,1,1
202100018143,169Â 184,B01,2,2,2,5,1,-1,-1,-1, -1,-1,2021,62.0,1,2,3,2,4,1,1,,2,RN157,0,,3,4,0,1,39,992,1,, -1,2,0,1,110,18,9,2021,19:10,1,35,35051,1,1,1,2,RN157,48.113866,-1.55364,19,4,2
202100023274,160Â 014,B01,1,1,1,0,2,0,-1,0,0,-1,2021,57.0,1,1,0,2,4,1,1,,4,RESISTANCE (AV. DE LA -PAIR-),0,,2,2,0,3,(1),(1),1,, -1,1,0,1,50,20,8,2021,19:00,1,54,54304,2,1,0,2,avenue de la LibÃ©ration,48.694996267,6.138365753,19,2,2
202100015479,174Â 034,A01,1,1,2,5,1,-1,-1,-1, -1,-1,2021,27.0,1,2,1,0,2,1,3,,4,OBSERVANCE (DE L')                  (MO),0,,2,2,0,2,(1),(1),1,, -1,2,0,1,50,1,10,2021,22:15,5,69,69389,2,1,0,6,OBSERVANCE (DE L') (MO),45.76675,4.81157,22,2,1
202100015458,174Â 073,A01,1,1,1,1,2,6,-1,-1,0,-1,2021,42.0,1,1,0,2,2,3,1,,2,RN 104,0,,3,4,0,1,13,899,1,, -1,1,0,1,90,1,10,2021,08:15,1,95,95365,1,1,0,5,RN 104,49.06604,2.40522,8,3,3
202100053462,106Â 156,B01,1,1,1,1,2,-1,-1,-1, -1,-1,2021,53.0,1,1,0,2,1,1,1,,4,,0,,3,4,3,2,(1),(1),1,, -1,1,5,1,50,7,1,2021,23:15,5,33,33039,2,2,0,3,Boulevard Albert 1er,44.81239,-0.55765,23,2,2
202100030441,147Â 360,B01,1,1,2,1,1,0,-1,-1, -1,-1,2021,61.0,0,2,0,2,3,1,1,,4,ATHENES (allÃ©e d'),0,,2,2,0,1,1,0,1,, -1,1,0,1,50,6,7,2021,07:38,1,93,93057,2,1,0,1,ATHENES (allÃ©e d'),48.911822,2.494578,7,2,2
202100008806,186Â 005,A01,2,2,1,0,0,-1,-1,0,0,-1,2021,26.0,0,2,0,2,7,19,1,,2,568,0,N,3,2,3,1,(1),(1),1,, -1,1,5,1,90,8,11,2021,22:30,3,13,13004,1,2,0,3,N568,43.625871,4.748358,22,4,2
202100054019,105Â 187,C01,2,2,2,0,1,0,-1,-1, -1,-1,2021,29.0,2,2,0,2,4,2,2,,1,AUTOROUTE A86,0,,3,6,0,1,27,100,1,, -1,2,0,1,90,23,1,2021,13:30,1,93,93064,1,1,1,4,AUTOROUTE A86,48.87834,2.47689,13,6,5
202100041441,127Â 527,A01,1,1,1,5,2,-1,-1,0,0,-1,2021,52.0,2,1,13,0,0,1,1,,3,71,0,D,2,2,0,1,7,350,1,, -1,1,0,3,80,5,5,2021,15:15,1,81,81133,1,1,0,7,D71,43.861111,2.159605,15,1,1
202100046788,118Â 140,A01,1,1,2,9,2,0,-1,0,0,-1,2021,57.0,1,1,0,2,1,1,5,,4,AVENUE DAUMESNIL,0,,2,2,1,1,(1),(1),1,, -1,1,-1,5,50,24,3,2021,19:15,5,75,75112,2,4,0,3,AVENUE DAUMESNIL,48.844831,2.380447,19,2,2
202100054225,104Â 824,A01,1,1,1,2,2,8,-1,0,0,-1,2021,17.0,1,1,0,0,0,0,0,,4,CESSOLE (BD DE) (JUSQU'AU NÂ° 93-110),0,,-1,3,3,2,(1),(1),1,, -1,2,0,1,50,21,1,2021,15:00,1,6,6088,2,1,1,3,CESSOLE (BD DE) (JUSQU'AU NÂ° 93-110),43.71701,7.25313,15,2,2
202100043451,123Â 990,A01,1,1,1,5,8,0,-1,-1, -1,-1,2021,12.0,0,1,0,2,7,16,0,,4,MACE ( RUE JEAN),0,,2,0,0,1,0,0,1,, -1,1,0,1,50,15,4,2021,15:35,1,24,24322,2,3,0,3,MACE ( RUE JEAN),45.18436,0.7301,15,3,2
202100039792,130Â 457,B01,1,1,2,5,1,0,-1,-1, -1,-1,2021,41.0,1,2,0,2,4,1,1,,1,A86 INT,0,,1,2,0,1,48,200,1,, -1,1,0,1,90,16,5,2021,18:45,1,94,94065,1,1,0,4,A86 INT,48.75367,2.36463,18,4,3
202100032998,142Â 762,B01,2,2,2,0,1,0,-1,-1, -1,-1,2021,38.0,2,2,0,2,4,2,1,,1,AUTOROUTE A3,0,,3,-1,0,1,15,0,1,, -1,2,0,1,90,22,6,2021,17:45,1,93,93005,1,1,1,4,AUTOROUTE A3,48.96841,2.47878,17,4,3
202100030240,147Â 709,B01,1,1,1,9,8,0,-1,0,0,-1,2021,37.0,2,1,0,2,2,7,5,,4,BOULEVARD DES CAPUCINES,0,,2,0,3,1,(1),(1),1,, -1,1,0,6,30,6,7,2021,15:00,1,75,75102,2,3,0,3,BOULEVARD DES CAPUCINES,48.870118,2.329078,15,2,2
202100019930,166Â 007,A01,1,1,1,0,2,8,-1,-1, -1,-1,2021,38.0,1,1,0,2,2,17,1,,3,9,0,,2,2,0,1,0,0,1,, -1,1,0,1,50,8,9,2021,13:30,1,92,92036,2,3,0,3,DENIS PAPIN (AVENUE),48.9455,2.30782,13,2,2
202100023915,158Â 887,B01,1,1,1,4,2,0,-1,-1, -1,-1,2021,23.0,1,1,0,2,1,1,1,,3,ALLIES (BD DES),0,,1,2,0,1,1,0,1,, -1,1,0,1,50,16,8,2021,19:50,1,94,94022,2,1,0,2,Boulevard des AlliÃ©s,48.766551,2.404216,19,2,2
202100034462,140Â 129,A01,1,1,1,0,1,-1,-1,0,0,-1,2021,35.0,1,2,2,0,5,0,1,,3,75,-1,,2,2,0,1,8,960,1,, -1,1,0,3,90,14,6,2021,12:35,1,41,41282,1,1,0,6,D75,47.35278,1.855659,12,1,1
202100029618,148Â 844,A01,2,2,2,5,1,0,-1,0,0,-1,2021,28.0,2,2,0,2,3,13,1,,4,RUE ORDENER,0,,2,2,0,1,(1),(1),1,, -1,1,0,1,50,9,7,2021,23:15,5,75,75118,2,1,0,1,RUE ORDENER,48.893035,2.340793,23,3,2
202100024983,157Â 001,B01,1,1,2,5,1,0,-1,-1, -1,-1,2021,35.0,1,2,0,2,4,1,1,,1,A86 INT,0,,3,3,0,1,31,200,1,, -1,1,1,1,90,9,8,2021,19:00,1,94,94052,1,1,0,4,A86 INT,48.8411888425,2.4928625425,19,3,3
202100022079,162Â 160,A01,2,2,2,3,1,-1,-1,-1, -1,-1,2021,20.0,1,2,0,2,2,17,1,,2,ROCADE 14-15,0,,3,6,0,1,14,800,1,, -1,1,0,1,90,28,8,2021,15:25,1,35,35238,1,1,0,2,ROCADE 14-15,48.113101,-1.718584,15,3,2
202100026110,155Â 024,A01,1,1,2,4,2,0,-1,-1, -1,-1,2021,32.0,2,1,4,0,8,1,1,,3,RD 41 (ROCADE),0,,3,4,0,2,0,500,1,, -1,2,0,1,60,30,7,2021,21:05,5,972,97209,2,1,1,6,RD 41 (ROCADE),14.616166,-61.054085,21,1,1
202100046354,118Â 914,B01,1,1,1,5,1,0,-1,-1, -1,-1,2021,23.0,1,2,0,2,1,2,0,,4,RN 76 - Route de St Avertin,0,,4,2,0,1,(1),(1),1,, -1,1,0,1,50,27,3,2021,14:25,1,37,37261,2,1,0,2,D976 - Route de St Avertin,47.3650490392,0.7107601532,14,2,2
202100008456,186Â 624,B01,1,1,2,4,8,-1,-1,-1, -1,-1,2021,19.0,3,1,0,2,0,26,5,,3,AULAS (rue Michel),0,,1,1,0,1,25,400,2,, -1,1,0,1,50,10,11,2021,14:00,1,69,69115,1,6,0,3,D306,45.97604,4.71742,14,2,2
202100050706,111Â 055,A01,1,1,1,5,2,-1,-1,0,0,-1,2021,47.0,3,1,0,0,9,1,1,,9,,-1,,2,2,0,2,(1),(1),4,, -1,3,2,1,-1,21,2,2021,15:00,1,73,73036,1,1,0,7,LD Glapigny,45.750434,6.11578,15,1,1
202100030072,148Â 032,A01,1,1,1,5,1,-1,-1,0,0,-1,2021,19.0,2,2,7,0,9,1,0,,3,,-1,,2,2,0,2,11,700,2,, -1,1,0,3,50,7,7,2021,03:45,3,49,49345,2,1,0,6,D24,47.278341,-0.483162,3,5,1
202100049158,113Â 887,A01,10,3,2,5,0,-1,-1,1,3,2,2021,3.0,2,2,0,1,8,1,1,,4,PARC(RUE DU) 15+ ET18+,0,,2,2,0,1,0,0,1,, -1,1,0,1,50,23,2,2021,18:15,2,92,92044,2,1,0,6,PARC(RUE DU) 15+ ET18+,48.8979796925,2.2836636007,18,2,1
202100053896,105Â 411,A01,1,1,1,0,1,-1,-1,0,0,-1,2021,52.0,0,2,2,0,7,13,1,,3,838,0,,2,2,0,1,49,30,1,, -1,1,0,8,80,23,1,2021,16:40,1,28,28294,1,1,0,6,dÃ©partementale 838,48.396969,1.971896,16,1,1
202100028704,150Â 411,A01,1,1,1,0,2,6,-1,-1, -1,-1,2021,21.0,3,1,0,2,1,17,1,,3,GAMBETTA AV.,0,,2,2,0,1,0,0,1,, -1,1,5,1,50,15,7,2021,14:20,1,93,93006,2,2,0,3,GAMBETTA AV.,48.87215,2.41879,14,2,2
202100016326,172Â 458,A01,1,1,1,5,2,6,-1,0,0,-1,2021,56.0,1,1,4,0,7,1,1,,3,218,-1,B,2,2,0,2,28,630,2,, -1,2,0,1,80,25,9,2021,17:45,1,73,73114,1,1,0,6,D218B,45.81896,6.529999,17,1,1
202100009995,183Â 833,B01,1,1,2,0,8,0,-1,-1, -1,-1,2021,19.0,2,1,0,2,7,1,3,,4,WILSON                              (PT),0,,1,3,0,1,(1),(1),1,, -1,2,0,1,50,31,10,2021,02:15,5,69,69383,2,1,1,3,WILSON (PT),45.75985,4.8413,2,2,2
202100019541,166Â 702,A01,2,2,2,5,2,6,-1,0,0,-1,2021,25.0,2,1,0,2,1,17,1,,3,3,-1,,2,2,0,1,2,550,1,, -1,1,0,1,90,12,9,2021,12:30,1,51,51217,1,2,0,3,D3,49.0630122894,3.6181109441,12,3,2
202100047838,116Â 249,A01,10,3,1,2,0,-1,-1,3,3,1,2021,16.0,1,2,0,1,1,15,1,,3,VICTOIRE (AV DE LA),0,,2,2,0,1,0,1,1,, -1,1,0,1,50,15,3,2021,13:50,1,94,94054,2,9,0,6,VICTOIRE (AV DE LA),48.74537,2.40239,13,2,1