Num_Acc,id_vehicule,num_veh,place,catu,sexe,trajet,secu1,secu2,secu3,locp,actp,etatp,year_acc,victim_age,senc,catv,obs,obsm,choc,manv,motor,occutc,catr,voie,v1,v2,circ,nbv,vosp,prof,pr,pr1,plan,lartpc,larrout,surf,infra,situ,vma,jour,mois,an,hrmn,lum,dep,com,agg_,int,atm,col,adr,lat,long,hour,nb_victim,nb_vehicules
202100038383,133Â 029,A01,10,3,1,0,0,-1,-1,2,3,1,2021,72.0,0,1,0,1,1,26,1,,4,JULES CANTINI (AVENUE),0,,-1,2,0,1,(1),(1),3,, -1,1,0,1,50,20,5,2021,15:15,1,13,13206,2,2,0,6,JULES CANTINI (AVENUE),43.282981,5.389096,15,2,1
202100001664,198Â 830,A01,10,3,2,3,0,-1,-1,3,3,2,2021,50.0,3,2,0,1,2,1,1,,6,,-1,,-1,-1,0,1,(1),(1),1,,4,1,5,1,30,24,12,2021,17:40,5,29,29233,2,1,0,6,Parking supermarche,47.8702415887,-3.5672789812,17,2,1
202100030411,147Â 409,A01,1,1,1,9,2,0,-1,0,0,-1,2021,52.0,2,1,12,0,0,12,5,,4,BOULEVARD VICTOR,0,,1,1,0,1,(1),(1),1,, -1,1,0,5,50,6,7,2021,19:30,1,75,75115,2,3,0,6,BOULEVARD VICTOR,48.835294,2.280957,19,1,1
202100023540,159Â 560,A01,1,1,1,1,1,-1,-1,0,0,-1,2021,32.0,2,5,16,2,1,1,1,,3,206,-1,,2,2,0,1,4,37,3,, -1,1,0,1,70,19,8,2021,20:20,2,26,26085,2,1,0,1,4050 Route de Saint Paul,44.514337,4.756592,20,2,2
202100026861,153Â 707,Y01,1,1,2,1,0,0,-1,0,0,-1,2021,37.0,2,1,0,2,1,1,5,,3,LAGNY (R DE),0,,1,1,1,1,1,0,1,, -1,1,0,5,30,23,7,2021,09:15,1,94,94080,2,2,0,1,Rue de Lagny,48.849105,2.423052,9,2,2
202100048708,114Â 692,A01,2,2,2,5,1,0,-1,-1, -1,-1,2021,25.0,1,2,1,2,7,2,1,,4,Rue Edmond Nocard,0,,1,1,0,1,0,375,1,, -1,1,0,1,30,9,3,2021,10:35,1,94,94069,2,1,0,6,22 rue Edmond Nocard,48.821458,2.422535,10,3,1
202100049627,113Â 034,B01,2,2,2,0,1,8,-1,-1, -1,-1,2021,46.0,1,2,0,2,4,23,1,,3,R D 900,0,,3,2,0,1,4,2480,1,, -1,1,0,1,70,26,2,2021,17:25,1,66,66136,1,1,0,4,R D 900,42.68145,2.85703,17,6,4
202100022210,161Â 946,A01,10,3,1,0,0,-1,-1,1,9,1,2021,74.0,0,2,0,1,4,26,1,,6,DE LATTRE DE TASSIGNY (BLD DU MARECHAL),0,,-1,0,0,1,1,0,1,, -1,1,0,1,50,27,8,2021,10:30,1,71,71306,2,9,0,6,Boulevard de Lattre de Tassigny,46.6771662863,4.369882498,10,2,1
202100000749,200Â 376,B01,1,1,1,0,2,0,-1,-1, -1,-1,2021,60.0,2,1,0,2,1,1,1,,3,CORBEIL (ROUTE DE),0,,2,4,0,1,0,0,1,, -1,2,0,1,50,31,12,2021,06:45,5,91,91667,2,1,0,1,CORBEIL (ROUTE DE),48.65711,2.33919,6,2,2
202100033515,141Â 869,A01,1,1,1,9,2,6,-1,-1, -1,-1,2021,46.0,2,1,0,2,8,18,1,,2,104,0,,3,4,0,1,28,90,1,, -1,1,0,1,110,18,6,2021,10:40,1,91,91617,1,1,0,5,RN 104,48.63122,2.50687,10,3,3
202100000943,200Â 065,A01,1,1,1,5,1,-1,-1,0,0,-1,2021,18.0,1,2,2,0,3,1,1,,7,51,0,,3,2,0,1,16,600,3,, -1,2,0,3,50,30,12,2021,22:40,5,69,69207,2,1,1,6,LOUIS ARMAND (AV),45.8909166409,4.8052471876,22,1,1
202100021108,163Â 927,B01,1,1,1,5,2,6,-1,-1, -1,-1,2021,45.0,3,1,1,2,1,5,0,,4,MESLY.(RUE DE),0,,2,2,0,1,0,0,1,, -1,1,0,1,50,3,9,2021,14:10,1,94,94028,2,1,0,1,MESLY.(RUE DE),48.78902,2.46148,14,2,2
202100010333,183Â 231,A01,10,3,1,5,8,8,-1,2,3,1,2021,51.0,2,2,0,1,1,26,2,,4,REPUBLIQUE (RUE DE LA),0,,2,0,0,1,0,0,1,, -1,1,0,1,50,29,10,2021,14:30,1,13,13202,2,1,0,1,REPUBLIQUE (RUE DE LA),43.2991,5.37166,14,2,1
202100036538,136Â 404,A01,4,2,1,5,8,-1,-1,0,0,-1,2021,20.0,1,2,13,0,3,16,1,,3,62,0,,2,2,-1,2,13,(1),3,, -1,1,-1,3,80,5,6,2021,03:00,3,202,202172,1,3,0,6,intersection D62 / D162,42.595254,9.320456,3,4,1
202100035443,138Â 358,A01,1,1,1,0,2,0,-1,-1, -1,-1,2021,30.0,2,1,0,2,8,3,1,,1,A4,0,,3,5,0,1,2,599,1,, -1,1,0,1,90,10,6,2021,08:40,1,94,94069,1,1,0,4,A4,48.8175286642,2.422515171,8,3,3
202100029178,149Â 595,A01,10,3,2,3,0,-1,-1,1,3,1,2021,49.0,2,2,0,1,6,15,1,,4,BARBUSSE HENRI RUE,0,,1,1,0,1,0,0,2,, -1,2,0,1,50,13,7,2021,13:30,1,92,92050,2,3,1,6,BARBUSSE HENRI RUE,48.8904633722,2.1949294209,13,2,1
202100050649,111Â 152,B01,1,1,1,0,1,-1,-1,-1, -1,-1,2021,56.0,2,2,0,2,9,2,1,,1,AUTOROUTE A 62,0,,3,6,0,1,0,624,1,, -1,1,3,1,90,22,2,2021,08:38,1,33,33550,1,1,0,4,,44.77412,-0.55623,8,3,3
202100049454,113Â 365,B01,1,1,1,5,1,-1,-1,0,0,-1,2021,86.0,2,2,15,2,1,13,1,,3,524,-1,,2,2,0,1,30,50,2,, -1,2,0,1,90,4,3,2021,12:10,1,14,14658,1,1,1,1,Robergerie - Fontenermont (Fontenermont),48.8211724329,-1.1225259304,12,2,2
202100033586,141Â 733,B01,1,1,1,5,2,6,-1,0,0,-1,2021,31.0,1,1,0,2,2,21,1,,3,JAURES (AV. JEAN),0,,2,2,0,1,15,300,1,, -1,1,0,1,50,17,6,2021,21:25,1,47,47001,2,3,0,3,JAURES (AV. JEAN),44.20288,0.62945,21,2,2
202100016961,171Â 306,A01,1,1,1,4,1,5,-1,0,0,-1,2021,41.0,0,4,0,0,2,14,1,,4,NATIONALE 13 (ROUTE),0,,1,-1,0,1,(1),(1),1,, -1,1,0,1,50,23,9,2021,08:15,2,27,27684,1,1,0,6,NATIONALE 13 (ROUTE),49.0155,1.18574,8,1,1
202100037770,134Â 149,B01,1,1,1,1,1,0,-1,-1, -1,-1,2021,58.0,0,2,0,2,1,1,1,,4,LONGUE HAIE (RUE DE LA),0,,-1,0,0,1,(1),(1),1,, -1,1,0,1,50,27,5,2021,20:10,2,60,60057,2,2,0,3,Rue de la Longue Haie,49.41758,2.09731,20,2,2
202100022764,160Â 908,B01,1,1,1,1,1,0,-1,-1, -1,-1,2021,30.0,1,2,0,2,2,2,1,,1,A7-Sens Marseille vers Lyon,0,,1,3,0,2,273,700,1,, -1,1,3,1,90,23,8,2021,21:30,3,13,13215,1,1,0,2,A7-Sens Marseille vers Lyon,43.37732,5.35785,21,3,2
202100046431,118Â 786,B01,2,2,2,5,1,-1,-1,0,0,-1,2021,20.0,1,2,0,2,1,1,1,,3,211,-1,,2,2,0,1,8,70,1,, -1,1,0,1,80,27,3,2021,18:00,1,63,63215,1,1,0,1,D211,45.952231,3.20274,18,5,2
202100015518,173Â 951,A01,1,1,1,0,2,6,-1,-1, -1,-1,2021,20.0,3,1,6,0,1,26,1,,6,PARIS. ROUTE DE (RN 14),0,,-1,-1,0,1,0,0,1,, -1,2,9,8,50,2,10,2021,13:43,1,76,76429,2,1,1,7,PARIS. ROUTE DE (RN 14),49.40651,1.15207,13,1,1
202100014360,176Â 042,A01,1,1,2,5,1,0,-1,-1, -1,-1,2021,18.0,3,2,2,2,1,1,1,,7,BONTE AUGUSTE RUE,0,,2,2,2,1,(1),(1),1,, -1,1,5,1,50,7,10,2021,23:15,5,59,59328,2,2,0,3,BONTE AUGUSTE RUE,50.64507,3.02236,23,2,2
202100008400,186Â 717,A01,1,1,1,5,0,-1,-1,0,0,-1,2021,25.0,1,2,2,0,1,13,1,,3,934,-1,,2,2,0,1,25,800,1,, -1,1,0,3,80,13,11,2021,04:40,3,40,40127,1,1,1,1,Cd 934,43.801528,-0.292559,4,1,1
202100032395,143Â 868,A01,1,1,1,1,2,6,-1,0,0,-1,2021,17.0,3,1,0,0,3,14,1,,4,1,0,V,2,2,0,3,(1),(1),3,, -1,1,0,1,80,25,6,2021,19:42,1,70,70299,1,1,0,1,route de Tincey,47.617598,5.788679,19,2,2
202100044638,121Â 933,A01,2,2,1,5,1,-1,-1,0,0,-1,2021,18.0,1,2,2,0,1,2,1,,3,2a,-1,A,2,2,0,1,2,360,2,, -1,1,0,1,80,9,4,2021,18:45,1,1,1262,1,1,0,2,D2a,45.904568,5.014572,18,4,2
202100024616,157Â 658,A01,1,1,1,5,1,-1,-1,-1, -1,-1,2021,22.0,3,2,8,0,1,16,1,,4,GUILLOU (BOULEVARD YVES),0,,-1,2,0,1,1,0,1,, -1,1,0,4,50,11,8,2021,02:50,5,14,14118,2,9,0,6,Boulevard Yves Guillou,49.17322,-0.37453,2,1,1
202100050785,110Â 904,A01,1,1,1,5,1,-1,-1,0,0,-1,2021,81.0,1,2,0,2,2,15,1,,2,40,-1,,2,2,0,1,76,700,1,, -1,1,0,1,80,21,2,2021,12:00,1,201,201272,1,3,0,5,La Madunina RT40,41.6428513675,8.9574198774,12,3,3
202100004342,193Â 994,B01,1,1,2,4,8,-1,-1,0,0,-1,2021,24.0,1,2,0,0,4,2,1,,1,40,-1,,1,2,0,1,113,582,1,, -1,7,2,1,110,2,12,2021,19:15,3,1,1087,1,1,0,2,A40,46.165328,5.671434,19,2,2
202100017238,170Â 834,A01,1,1,1,0,8,-1,-1,0,0,-1,2021,39.0,2,2,13,0,9,1,1,,3,140,0, -,2,2,0,1,1,140,1,, -1,1,0,1,80,25,9,2021,15:20,1,26,26178,1,1,0,6,Route de la Garenne,44.677656,5.444498,15,1,1
202100047593,116Â 686,A01,1,1,2,0,1,0,-1,-1, -1,-1,2021,52.0,1,2,0,2,1,2,1,,1,AUTOROUTE A1,0,,3,9,0,1,11,0,1,, -1,1,0,1,110,17,3,2021,09:40,1,93,93007,1,1,1,3,AUTOROUTE A1,48.95485,2.45751,9,2,2
202100017084,171Â 093,B01,1,1,1,0,1,0,-1,-1, -1,-1,2021,84.0,2,2,0,0,2,1,1,,4,CROSNES (R DE),0,,2,0,0,1,1,0,1,, -1,1,0,1,50,24,9,2021,15:00,1,94,94078,2,1,0,3,AllÃ©e de Crosne,48.72214,2.45024,15,3,2
202100038351,133Â 081,A01,10,3,1,4,0,-1,-1,1,9,2,2021,35.0,2,2,0,1,5,4,1,,6,HELIAS (RUE  PER JAKEZ ),0,,-1,-1,0,1,(1),(1),1,, -1,1,0,1,30,24,5,2021,20:10,1,56,56121,2,1,0,6,HELIAS (RUE  PER JAKEZ ),47.73453,-3.37972,20,2,1
202100023739,159Â 185,B01,1,1,1,4,2,6,-1,0,0,-1,2021,35.0,1,1,0,2,2,1,1,,4,RUE LEGENDRE,0,,2,2,0,1,(1),(1),1,, -1,1,0,1,30,16,8,2021,15:20,1,75,75117,2,1,0,3,RUE LEGENDRE,48.891591,2.325808,15,2,2
202100019193,167Â 321,B01,1,1,2,0,1,0,-1,-1, -1,-1,2021,33.0,2,2,0,2,2,1,1,,4,COOPERATIVE (RUE DE LA ),0,,2,2,0,1,(1),(1),1,, -1,1,0,1,50,12,9,2021,11:39,1,10,10343,2,1,0,3,COOPERATIVE (RUE DE LA ),48.27056,4.09186,11,2,2
202100032119,144Â 339,B01,1,1,1,0,2,6,-1,-1, -1,-1,2021,56.0,1,1,0,2,1,21,1,,4,BOSPHORE (BOULEVARD DU),0,,2,3,2,2,0,0,1,, -1,1,0,1,50,26,6,2021,13:50,1,13,13215,2,1,0,1,BOSPHORE (BOULEVARD DU),43.37096,5.36401,13,2,2
202100050587,111Â 263,A01,1,1,2,0,1,8,-1,-1, -1,-1,2021,35.0,3,2,0,2,7,15,1,,7,BODIN (AVENUE EMILE),0,,2,2,0,1,0,0,1,, -1,1,0,1,50,20,2,2021,13:40,1,13,13028,2,4,0,3,BODIN (AVENUE EMILE),43.19737,5.58847,13,2,2
202100012810,178Â 823,A01,1,1,1,5,2,-1,-1,-1, -1,-1,2021,35.0,2,1,0,2,1,1,5,,4,VICTOR AUGAGNEUR                    (QU),0,,1,3,1,1,(1),(1),1,, -1,1,0,5,50,16,10,2021,15:30,1,69,69383,2,1,0,1,VICTOR AUGAGNEUR (Q),45.76203,4.84125,15,2,2
202100007756,187Â 893,A01,2,2,1,0,8,0,-1,-1, -1,-1,2021,14.0,1,2,0,9,1,16,1,,4,REDOUTE DU MATOUBA (RUE DE LA ),0,,1,1,0,1,0,0,1,, -1,1,0,1,30,16,11,2021,11:55,1,972,97209,2,3,0,6,REDOUTE DU MATOUBA (RUE DE LA ),14.60603,-61.06595,11,2,1
202100051548,109Â 558,A01,1,1,1,0,8,-1,-1,0,0,-1,2021,34.0,2,5,0,2,1,13,1,,3,,0,,2,2,0,1,27,500,1,, -1,1,0,1,80,12,2,2021,12:50,1,85,85128,1,1,0,5,D2949,46.45988,-1.19573,12,4,3
202100047720,116Â 447,A01,10,3,2,3,0,-1,-1,2,9,1,2021,65.0,3,2,0,1,2,2,1,,6,AMIRAL LEMONNIER (AVENUE DE L'),0,,-1,-1,0,1,(1),(1),1,, -1,1,6,1,10,8,3,2021,11:35,1,78,78372,2,1,0,6,AMIRAL LEMONNIER (AVENUE DE L'),48.87919,2.09981,11,2,1
202100023437,159Â 727,B01,1,1,1,9,2,6,-1,-1, -1,-1,2021,45.0,1,1,0,2,5,15,1,,4,EPITAPHE CHEMIN DE L',0,,2,2,0,2,(1),(1),2,, -1,1,9,1,50,17,8,2021,08:38,1,25,25056,2,6,0,3,EPITAPHE CHEMIN DE L',47.2488,5.996362,8,2,2
202100007781,187Â 842,A01,10,3,2,0,0,-1,-1,3,3,1,2021,53.0,2,2,0,1,1,15,2,,3,BROGNY (AVENUE DE) (SECTEUR 330),0,,-1,2,0,1,0,0,1,, -1,1,5,1,50,15,11,2021,14:05,1,74,74010,2,3,0,6,BROGNY (AVENUE DE) (SECTEUR 330),45.9193,6.1257,14,2,1
202100043757,123Â 471,A01,1,1,1,5,1,8,-1,-1, -1,-1,2021,18.0,1,2,13,0,0,1,1,,3,SALANQUE (AVENUE DE),0,,1,1,0,1,19,370,1,, -1,1,0,8,50,14,4,2021,08:05,1,66,66136,1,1,0,6,SALANQUE (AVENUE DE),42.72741,2.90329,8,1,1
202100043804,123Â 383,A01,1,1,2,1,1,0,-1,-1, -1,-1,2021,43.0,1,2,0,2,1,13,1,,4,AV DU GENERAL LECLERC ,0,,2,2,0,1,1,0,1,, -1,1,0,1,50,14,4,2021,08:45,1,94,94059,2,1,0,1,GENERAL LECLERC (AV DU),48.80994,2.57211,8,2,2
202100042527,125Â 608,A01,1,1,1,5,2,-1,-1,0,0,-1,2021,10.0,1,1,13,0,1,19,5,,3,230,0,D,2,2,0,2,12,600,4,, -1,1,0,3,80,24,4,2021,17:50,1,61,61446,1,1,0,7,D230,48.756695,0.47896,17,1,1
202100041366,127Â 667,A01,4,2,1,9,1,-1,-1,0,0,-1,2021,19.0,2,2,8,0,1,13,1,,4,,-1,,2,2,0,1,(1),(1),3,, -1,1,0,4,50,5,5,2021,20:00,1,23,23031,2,1,0,6,Rue de la Gare,46.350597,2.221105,20,4,1
202100041971,126Â 597,A01,1,1,1,5,1,-1,-1,0,0,-1,2021,68.0,2,2,2,0,1,1,1,,3,4,-1,,2,2,0,1,59,700,1,, -1,2,0,4,50,1,5,2021,12:20,1,4,4116,2,1,1,6,RD 4 - Bd des tilleuls,44.030122,5.975034,12,1,1
202100013001,178Â 506,A01,1,1,2,3,1,-1,-1,0,0,-1,2021,34.0,2,2,0,0,4,1,1,,3,938,0,,2,2,0,1,(1),(1),1,, -1,2,0,1,70,15,10,2021,13:40,1,59,59435,2,1,1,2,Cd 938,50.494194,3.264243,13,2,2
202100031176,146Â 006,A01,1,1,1,1,2,0,-1,-1, -1,-1,2021,16.0,1,1,0,2,1,26,6,,3,GARE (RUE DE LA),0,,-1,0,0,2,4,970,1,, -1,1,0,1,50,29,6,2021,12:31,1,10,10343,2,3,0,3,RONSARD (RUE),48.268359,4.097391,12,2,2
202100006649,189Â 902,A01,10,3,2,5,0,-1,-1,4,3,1,2021,90.0,2,2,0,1,1,9,1,,4,rue colin,0,,2,2,0,1,0,0,1,, -1,1,0,1,30,20,11,2021,12:20,1,50,50129,2,1,0,6,Rue Colin,49.632685,-1.6114853,12,2,1
202100014626,175Â 569,B01,1,1,2,1,1,8,-1,-1, -1,-1,2021,26.0,1,2,0,2,1,1,1,,3,1075,0,,2,6,0,1,0,762,1,, -1,1,0,1,50,7,10,2021,13:30,1,1,1053,2,2,0,3,KENNEDY BVD J  - IMPAIR DE DIMES A CROIX,46.2036,5.24247,13,2,2
202100033431,142Â 015,A01,2,2,2,9,1,0,-1,0,0,-1,2021,23.0,1,2,1,0,3,1,1,,4,RUE DE LA FEDERATION,0,,2,2,0,1,(1),(1),1,, -1,1,0,1,30,13,6,2021,05:08,2,75,75115,2,2,0,6,RUE DE LA FEDERATION,48.853805,2.294211,5,2,1
202100052760,107Â 420,A01,10,3,1,2,0,-1,-1,3,3,1,2021,17.0,1,2,0,1,1,1,1,,4,SULLY                               (R ),0,,2,2,0,1,(1),(1),1,, -1,2,0,8,30,1,2,2021,08:00,1,69,69275,2,1,1,6,SULLY (R),45.771411,4.9759,8,2,1
202100034310,140Â 407,B01,1,1,1,9,2,0,-1,0,0,-1,2021,41.0,3,1,0,2,1,2,1,,4,PLACE CHARLES DE GAULLE,0,,1,5,0,1,(1),(1),2,, -1,1,0,1,50,14,6,2021,22:30,5,75,75116,2,7,0,3,PLACE CHARLES DE GAULLE,48.874042,2.29424,22,2,2
202100029973,148Â 221,A01,1,1,1,0,8,0,-1,-1, -1,-1,2021,23.0,2,2,8,2,1,1,1,,7,CARNOT (BLD) DE1 A 29,0,,2,6,0,1,(1),(1),1,, -1,1,0,1,50,9,7,2021,00:00,5,59,59421,2,9,0,3,CARNOT (BLD) DE1 A 29,50.69916,3.13866,0,3,2
202100010043,183Â 743,A01,1,1,2,5,1,0,-1,0,0,-1,2021,70.0,1,2,0,2,3,13,1,,4,RUE DU FAUBOURG SAINT MARTIN,0,,2,3,0,2,(1),(1),1,, -1,2,0,1,30,31,10,2021,18:10,4,75,75110,2,1,1,3,RUE DU FAUBOURG SAINT MARTIN,48.87678,2.360987,18,2,2
202100038867,132Â 152,B01,1,1,2,1,1,0,-1,-1, -1,-1,2021,24.0,2,2,0,2,4,1,1,,2,RN104,0,,3,2,0,1,11,100,1,, -1,2,0,1,90,22,5,2021,15:45,1,77,77249,1,1,1,6,RN104,48.7388952522,2.6128903609,15,3,3
202100051679,109Â 321,B01,1,1,2,0,8,-1,-1,-1, -1,-1,2021,34.0,2,1,0,2,1,1,0,,4,,0,,1,1,3,1,(1),(1),1,, -1,2,4,6,50,12,2,2021,13:55,1,33,33063,2,1,0,3,Cours dâAlsace et Lorraine,44.837745,-0.571549,13,2,2
202100024244,158Â 334,A01,1,1,2,9,1,0,-1,-1, -1,-1,2021,50.0,1,2,0,2,2,1,1,,3,EUROPE (AVENUE DE L'),0,,2,2,0,1,0,685,1,, -1,1,5,1,50,13,8,2021,17:19,1,86,86194,2,1,0,4,Avenue de lâEurope,46.592049,0.3493202,17,4,3
202100007788,187Â 829,A01,10,3,1,5,0,-1,-1,5,9,1,2021,34.0,1,1,0,1,1,25,1,,4,NEUHOF (ROUTE),0,,2,2,1,1,0,0,1,, -1,1,0,5,50,8,11,2021,14:00,1,67,67482,2,1,0,6,NEUHOF (ROUTE),48.55362,7.76645,14,2,1
202100043503,123Â 904,B01,1,1,1,3,0,-1,-1,0,0,-1,2021,69.0,3,1,0,2,1,1,5,,4,,0,,2,2,0,1,(1),(1),1,, -1,1,0,1,50,20,4,2021,16:00,1,46,46231,1,2,0,3,Le Trieu,44.500908,1.109464,16,2,2
202100021958,162Â 378,B01,1,1,1,0,8,0,-1,-1, -1,-1,2021,35.0,1,2,15,2,3,16,1,,3,MARECHAL JOFFRE (AV DU),0,,2,2,0,1,1,0,1,, -1,2,0,1,50,29,8,2021,15:30,1,94,94033,2,3,1,3,MICHELET (R),48.85356,2.47504,15,2,2
202100001104,199Â 796,A01,1,1,1,5,2,6,-1,0,0,-1,2021,17.0,1,1,6,0,3,1,1,,4,,0,,2,2,0,1,(1),(1),1,,5,2,0,4,50,30,12,2021,02:15,5,44,44087,2,1,0,6,9 Place du Port (Machecoul),46.992802,-1.817021,2,1,1
202100031939,144Â 656,A01,2,2,2,5,2,0,-1,-1, -1,-1,2021,65.0,2,1,0,2,7,2,1,,1,A50-Sens Aubagne vers Marseille,0,,1,3,0,1,10,149,1,, -1,1,0,1,90,28,6,2021,15:40,1,13,13070,1,1,0,3,A50-Sens Aubagne vers Marseille,43.2852,5.51291,15,2,1
202100027353,152Â 829,B01,2,2,1,1,1,0,-1,0,0,-1,2021,51.0,1,2,0,2,6,26,1,,7,BROT (Rond-Point Marcel),0,,1,2,0,1,(1),(1),2,, -1,1,9,1,50,23,7,2021,15:30,1,54,54395,2,6,0,2,BROT (Rond-Point Marcel),48.6773,6.2066,15,3,2
202100006303,190Â 527,B01,1,1,2,9,8,0,-1,0,0,-1,2021,30.0,1,1,0,2,1,1,5,,4,RUE DE L UNIVERSITE,0,,2,4,1,1,(1),(1),1,, -1,1,-1,5,30,25,11,2021,00:38,5,75,75107,2,2,0,3,RUE DE L UNIVERSITE,48.860975,2.314963,0,2,2
202100029995,148Â 179,B01,1,1,1,5,2,8,-1,-1, -1,-1,2021,19.0,1,1,0,2,1,1,1,,4,PRADO (AVENUE DU),0,,2,6,3,1,0,0,1,, -1,1,0,1,50,8,7,2021,02:10,5,13,13208,2,1,0,3,PRADO (AVENUE DU),43.26382,5.37786,2,2,2
202100014411,175Â 939,B01,1,1,1,5,2,-1,-1,0,0,-1,2021,6.0,2,1,0,2,5,19,5,,4,RUE CORBINEAU,0,,2,2,0,1,(1),(1),1,, -1,1,0,1,30,8,10,2021,16:40,1,75,75112,2,3,0,3,RUE CORBINEAU,48.838593,2.381221,16,2,2
202100024672,157Â 549,A01,1,1,1,5,1,-1,-1,0,0,-1,2021,66.0,1,2,6,0,7,0,1,,3,20,-1,,2,2,0,1,43,80,2,, -1,1,0,8,80,11,8,2021,15:50,1,28,28232,1,1,0,6,6 Route de Senonches,48.537374,0.942031,15,1,1
202100022565,161Â 291,C01,1,1,1,5,1,4,-1,-1, -1,-1,2021,25.0,2,2,0,2,1,1,1,,1,A50 - Sens Aubagne vers Marseille,0,,3,4,0,2,26,500,1,, -1,1,0,1,90,21,8,2021,04:00,3,13,13005,1,1,0,4,A50 - Sens Aubagne vers Marseille,43.27268,5.58897,4,10,5
202100039223,131Â 510,A01,1,1,2,9,1,8,-1,-1, -1,-1,2021,31.0,1,2,0,2,4,2,1,,1,A50-Sens Marseille vers Aubagne,0,,1,3,0,1,5,0,1,, -1,1,0,1,90,20,5,2021,14:10,1,13,13211,1,1,0,2,A50-Sens Marseille vers Aubagne,43.29266,5.45452,14,2,2
202100011023,182Â 020,B01,1,1,1,1,1,-1,-1,-1, -1,-1,2021,53.0,1,2,0,2,4,2,1,,1,AUTOROUTE A 10,0,,3,6,0,2,538,400,1,, -1,1,0,1,130,26,10,2021,15:55,1,33,33397,1,1,0,4,AUTOROUTE A 10,44.918398,-0.476729,15,3,3
202100028523,150Â 732,A01,10,3,1,5,0,0,0,6,9,2,2021,29.0,3,2,1,1,1,13,1,,4,,0,,2,2,0,2,(1),(1),2,,5,1,0,3,80,18,7,2021,16:10,1,56,56089,1,1,0,6,Ty NÃ©vÃ© Baymant,47.982762,-3.307196,16,3,1
202100029579,148Â 919,A01,2,2,1,5,1,5,-1,-1, -1,-1,2021,20.0,2,2,14,2,3,13,1,,3,AVENUE DE POISSY,0,,2,3,0,1,7,0,1,, -1,1,5,1,50,10,7,2021,22:50,5,78,78396,2,1,0,5,AVENUE DE POISSY,48.94331,2.12797,22,6,3
202100033935,141Â 103,A01,1,1,1,5,0,-1,-1,0,0,-1,2021,30.0,2,2,0,2,3,26,1,,3,17,-1,,2,2,0,3,4,800,1,, -1,1,0,1,80,17,6,2021,17:15,1,70,70122,1,1,0,1,D17,47.64083,5.492542,17,3,2
202100051999,108Â 762,A01,1,1,1,0,2,-1,-1,0,0,-1,2021,36.0,0,1,1,0,8,1,1,,4,PARACLET (RUE DU),0,,1,1,0,1,(1),(1),1,, -1,2,0,1,50,7,2,2021,21:35,5,80,80021,2,1,1,6,PARACLET (RUE DU),49.88457,2.314,21,1,1
202100047672,116Â 539,A01,2,2,1,4,0,-1,-1,0,0,-1,2021,35.0,2,4,3,0,2,1,1,,1,5,-1,,3,4,0,1,223,800,1,, -1,1,0,1,130,18,3,2021,07:12,2,52,52307,1,1,0,6,A5 PK 224.800,47.939807,5.196168,7,2,1
202100009940,183Â 926,A01,1,1,2,5,2,0,-1,-1, -1,-1,2021,46.0,3,1,0,2,3,9,1,,4,,0,,1,1,0,1,0,0,1,, -1,1,9,4,50,1,11,2021,12:20,1,92,92025,2,9,0,3,PDT S.ALLENDE> 278   147 (RUE DU),48.9222169667,2.2360342741,12,2,2
202100049547,113Â 192,A01,10,3,2,5,0,-1,-1,3,3,2,2021,3.0,3,1,0,1,1,18,1,,4,986,0,,1,0,0,1,0,0,1,, -1,1,0,1,50,1,3,2021,18:00,1,92,92025,2,9,0,6,GABRIEL PERI (RUE),48.9221540524,2.2471252909,18,3,1
202100007988,187Â 453,B01,2,2,2,0,8,0,-1,-1, -1,-1,2021,11.0,3,1,0,2,8,9,3,,4,MANTES (BOULEVARD DE),0,,2,2,1,1,(1),(1),1,, -1,1,0,1,50,2,11,2021,19:00,5,78,78029,2,9,0,3,MANTES (BOULEVARD DE),48.97203,1.84463,19,3,2
202100056334,101Â 203,A01,2,2,1,0,1,-1,-1,-1, -1,-1,2021,21.0,3,2,2,2,2,24,1,,4,,0,,2,2,2,1,(1),(1),1,, -1,1,0,3,50,3,1,2021,13:30,1,69,69290,2,1,0,1,ARSONVAL (D') (R),45.7008519672,4.9316436052,13,3,2
202100010601,182Â 779,B01,1,1,1,5,0,-1,-1,0,0,-1,2021,43.0,1,1,0,0,4,1,5,,3,939,-1,,2,2,0,1,47,800,1,, -1,1,0,1,90,27,10,2021,16:55,1,28,28022,1,1,0,2,Route Departementale 939,48.473817,1.410949,16,2,2
202100024450,157Â 974,A01,2,2,2,5,1,-1,-1,0,0,-1,2021,39.0,1,2,1,2,6,1,1,,3,37,-1,,2,2,0,1,28,500,1,, -1,1,0,1,70,11,8,2021,13:30,1,83,83081,1,1,0,1,Route Rd 37,43.5866158834,6.7935515642,13,3,2
202100038297,133Â 190,B01,1,1,1,0,2,-1,-1,0,0,-1,2021,18.0,2,1,0,2,1,21,1,,3,550,0,D,2,2,0,1,0,238,1,, -1,2,0,1,50,26,5,2021,17:30,1,61,61074,2,2,1,3,Voie Ã  la Dame,48.567957,-0.15044,17,2,2