Num_Acc,id_vehicule,num_veh,place,catu,sexe,trajet,secu1,secu2,secu3,locp,actp,etatp,year_acc,victim_age,senc,catv,obs,obsm,choc,manv,motor,occutc,catr,voie,v1,v2,circ,nbv,vosp,prof,pr,pr1,plan,lartpc,larrout,surf,infra,situ,vma,jour,mois,an,hrmn,lum,dep,com,agg_,int,atm,col,adr,lat,long,hour,nb_victim,nb_vehicules
202100007461,188Â 415,C01,1,1,1,0,1,0,-1,-1, -1,-1,2021,41.0,2,2,0,2,4,1,1,,3,180,0,,2,2,0,2,0,0,1,, -1,1,6,1,50,18,11,2021,15:00,1,92,92064,2,3,0,4,PORTE JAUNE,48.8452395154,2.1981453896,15,3,3
202100038142,133Â 473,C01,1,1,2,1,1,0,-1,-1,0,-1,2021,32.0,1,2,0,2,4,2,1,,1,AUTOROUTE A15,0,,3,8,0,1,23,299,1,, -1,1,0,1,90,11,3,2021,09:30,1,95,95500,1,1,0,4,AUTOROUTE A15,49.03726,2.09149,9,3,3
202100037131,135Â 328,A01,1,1,2,3,1,0,-1,-1, -1,-1,2021,28.0,1,2,3,0,1,21,1,,1,A501-Sens Aubagne vers Pont de l'Etoile,0,,3,2,0,1,2,0,2,, -1,1,0,2,90,31,5,2021,12:15,1,13,13005,1,1,0,6,A501-Sens Aubagne vers Pont de l'Etoile,43.28997,5.55353,12,1,1
202100013399,177Â 781,A01,1,1,1,9,2,0,-1,-1, -1,-1,2021,20.0,2,1,0,2,1,9,1,,3,LUGO (AV DE),0,,1,3,0,1,1,0,1,, -1,1,0,1,50,13,10,2021,19:58,4,94,94022,2,1,0,2,Avenue de Lugo,48.7695259945,2.4094390868,19,2,2
202100050975,110Â 566,A01,2,2,1,1,2,6,-1,0,0,-1,2021,19.0,2,1,13,0,1,1,1,,4,,-1,,2,2,0,1,(1),(1),3,, -1,1,0,3,90,19,2,2021,18:05,1,3,3254,1,1,0,6,Route de Montord,46.2965188431,3.2632559538,18,2,1
202100017730,169Â 934,A01,1,1,1,9,0,-1,-1,0,0,-1,2021,17.0,1,1,0,0,0,1,3,,3,112A,0,,2,2,0,1,(1),(1),1,, -1,1,0,1,80,21,9,2021,21:30,3,14,14038,1,1,0,7,D112a,49.311456,-0.50006,21,1,1
202100054278,104Â 737,B01,1,1,1,1,2,-1,-1,0,0,-1,2021,38.0,1,1,0,2,1,1,1,,3,971,-1,,2,2,0,2,32,986,1,, -1,1,0,1,80,22,1,2021,12:05,1,50,50345,1,1,0,3,D 971,49.085789,-1.42005,12,4,2
202100012431,179Â 487,A01,4,2,1,2,1,0,-1,-1, -1,-1,2021,16.0,2,2,0,2,3,13,1,,4,MIRAMBEAU (ROUTE DE),0,,2,2,0,2,0,0,2,, -1,1,0,1,30,18,10,2021,12:00,1,64,64024,2,1,0,3,Rue de Mirambeau,43.4799038779,-1.509976387,12,5,2
202100045348,120Â 680,B01,1,1,1,1,2,-1,-1,-1, -1,-1,2021,30.0,1,1,0,2,7,1,3,,4,EMILE ZOLA                          (R ),0,,1,1,2,1,(1),(1),1,, -1,1,0,1,50,2,4,2021,06:40,2,69,69199,2,2,0,3,EMILE ZOLA (R),45.7105846164,4.8571479321,6,2,2
202100019792,166Â 270,A01,1,1,1,5,2,6,-1,0,0,-1,2021,32.0,2,1,0,2,3,13,1,,3,82,0,,2,2,0,2,4,980,3,, -1,1,0,1,80,11,9,2021,19:10,2,202,202265,1,1,0,4,D82,42.5979436663,9.4071668399,19,3,3
202100021654,162Â 924,A01,1,1,1,1,2,6,-1,0,0,-1,2021,26.0,2,1,0,2,4,16,1,,4,AVENUE PIERRE DE COUBERTIN,0,,1,2,0,2,(1),(1),3,, -1,1,5,1,30,30,8,2021,22:20,5,75,75113,2,4,0,2,AVENUE PIERRE DE COUBERTIN,48.816886,2.34416,22,2,2
202100000664,200Â 527,A01,1,1,2,0,1,-1,-1,0,0,-1,2021,57.0,1,2,0,0,9,1,1,,1,20,-1,A,3,4,0,1,24,338,1,, -1,2,9,1,130,10,12,2021,16:40,1,36,36122,1,1,1,6,,47.096422,1.861668,16,2,1
202100006198,190Â 729,A01,1,1,1,5,2,8,-1,-1, -1,-1,2021,34.0,1,1,0,0,0,0,1,,1,A12 Y,0,,1,3,0,1,6,500,3,, -1,2,0,1,70,26,11,2021,01:50,3,78,78423,1,1,0,7,A12 Y,48.79797,2.04257,1,1,1
202100051951,108Â 845,A01,1,1,1,9,0,-1,-1,0,0,-1,2021,36.0,3,2,2,0,1,14,1,,4,,0,,2,2,0,1,(1),(1),1,, -1,2,0,3,80,10,2,2021,19:15,3,12,12276,1,1,0,6,la greze,44.161858,2.332116,19,1,1
202100019469,166Â 837,B01,1,1,1,9,2,6,-1,-1, -1,-1,2021,34.0,0,1,0,0,0,0,3,,4,APPEL DU 18 JUIN 1940 (AV.DE L'),0,,1,2,0,1,0,0,1,, -1,1,0,1,50,11,9,2021,09:55,1,77,77284,2,9,0,2,APPEL DU 18 JUIN 1940 (AV.DE L'),48.9518143021,2.9063291326,9,2,2
202100005380,192Â 173,A01,10,3,1,9,0,-1,-1,2,3,1,2021,57.0,1,1,0,1,8,1,3,,4,RUE DE VAUGIRARD,0,,2,4,1,1,(1),(1),1,, -1,1,0,5,30,1,12,2021,18:55,5,75,75115,2,2,0,6,RUE DE VAUGIRARD,48.841489,2.307951,18,2,1
202100043358,124Â 164,A01,10,3,1,0,0,-1,-1,1,3,1,2021,79.0,2,2,0,1,2,2,1,,4,PICARDIE (RUE DE),0,,1,1,0,1,0,0,1,, -1,1,0,1,50,20,4,2021,14:15,1,93,93073,2,1,0,6,PICARDIE (RUE DE),48.9410104797,2.5714958252,14,2,1
202100003380,195Â 715,B01,1,1,1,5,1,-1,-1,0,0,-1,2021,69.0,1,2,0,2,6,9,1,,1,A1,-1,,3,3,3,1,122,200,1,, -1,1,0,1,130,13,12,2021,19:55,2,80,80646,1,1,0,2,A1,49.791945,2.803895,19,3,2
202100026850,153Â 726,B01,1,1,1,5,2,6,-1,0,0,-1,2021,44.0,1,1,0,2,1,1,1,,4,RUE EMILE DESLANDRES,0,,2,2,0,1,(1),(1),1,, -1,2,0,1,30,27,7,2021,11:05,1,75,75113,2,1,1,3,RUE EMILE DESLANDRES,48.834735,2.349855,11,2,2
202100033420,142Â 032,Z01,2,2,2,5,1,0,-1,0,0,-1,2021,24.0,1,2,14,0,2,13,1,,4,ECHANGEUR CHAPELLE,0,,1,3,0,1,(1),(1),1,, -1,2,0,1,70,18,6,2021,03:25,5,75,75118,2,4,0,6,ECHANGEUR CHAPELLE,48.9015901905,2.3583859205,3,2,1
202100020144,165Â 621,A01,1,1,2,5,1,-1,-1,0,0,-1,2021,24.0,1,2,0,0,1,1,1,,3,55,-1,,2,2,0,2,(1),(1),1,, -1,1,0,3,80,8,9,2021,11:00,1,22,22175,1,1,0,7,La Ville Es Guilheux,48.450272,-2.373004,11,1,1
202100025167,156Â 670,B01,1,1,1,0,2,6,9,0,0,-1,2021,37.0,2,1,0,2,1,17,1,,3,1005,-1,,2,2,0,2,17,700,4,,4,1,0,1,70,8,8,2021,16:20,1,1,1173,1,3,0,3,D1005,46.350184,6.056914,16,2,2
202100012905,178Â 661,A01,1,1,1,4,1,-1,-1,0,0,-1,2021,56.0,2,4,13,0,8,0,1,,3,9,-1,,2,2,0,3,(1),(1),1,, -1,1,0,3,80,15,10,2021,15:45,1,22,22065,1,1,0,7,Kerneun,48.59904,-3.037087,15,1,1
202100039360,131Â 246,B01,1,1,2,1,1,-1,-1,0,0,-1,2021,60.0,2,2,0,2,3,14,1,,3,107,0,D,3,2,0,3,(1),(1),1,, -1,1,0,1,80,19,5,2021,19:45,1,40,40104,1,1,0,1,Route de la Chalosse,43.723963,-0.856773,19,2,2
202100039930,130Â 212,B01,1,1,2,0,1,0,-1,0,0,-1,2021,48.0,2,2,0,9,1,1,1,,7,BINGEN (BD JACQUES),0,,2,4,0,1,4,800,1,, -1,1,0,1,50,14,5,2021,12:18,1,63,63113,2,1,0,6,BINGEN (BD JACQUES),45.77613,3.12994,12,2,2
202100054067,105Â 102,B01,1,1,1,5,2,6,-1,-1, -1,-1,2021,18.0,-1,1,0,2,1,0,1,,4,751,0,,2,3,0,1,(1),(1),1,, -1,1,5,1,50,22,1,2021,16:35,1,37,37122,2,2,0,6,JAURES (BOULEVARD JEAN),47.3477036955,0.6556848371,16,2,2
202100045272,120Â 797,A01,1,1,1,5,2,-1,-1,0,0,-1,2021,20.0,2,1,0,2,1,17,1,,3,17,-1,,2,2,0,2,0,200,3,, -1,1,0,1,90,4,4,2021,11:30,1,974,97404,1,1,0,1,D17,-21.261561,55.339398,11,2,2
202100004276,194Â 115,A01,1,1,1,5,8,-1,-1,0,0,-1,2021,40.0,2,1,12,0,1,12,1,,3,CHERON (AVENUE HENRI),0,,2,2,0,1,1,0,1,, -1,2,0,1,50,6,12,2021,21:35,5,14,14118,2,1,0,7,CHERON (AVENUE HENRI),49.17053,-0.4015,21,1,1
202100028747,150Â 340,B01,1,1,1,3,1,-1,-1,0,0,-1,2021,78.0,2,2,0,2,3,1,1,,3,834,-1,,2,2,0,1,13,30,1,, -1,1,0,1,90,17,7,2021,09:00,1,27,27334,1,1,0,1,RD834,49.198279,0.524297,9,3,2
202100012456,179Â 446,B01,1,1,1,5,2,0,-1,0,0,-1,2021,58.0,1,1,0,2,0,1,5,,7,ROND POINT DE KERVALGUEN,0,,1,2,0,1,15,450,2,, -1,1,5,1,50,17,10,2021,08:50,1,29,29019,1,6,0,3,D67 - Rond Point de Kervalguen,48.44902,-4.51137,8,2,2
202100012565,179Â 255,B01,1,1,1,2,2,-1,-1,0,0,-1,2021,32.0,2,1,0,2,9,1,1,,7,613,-1,,2,2,0,1,17,445,1,, -1,1,0,1,50,18,10,2021,18:00,1,34,34327,2,3,0,3,Avenue de Nimes,43.653479,3.970347,18,2,2
202100054170,104Â 919,B01,1,1,2,5,1,0,-1,-1, -1,-1,2021,27.0,2,2,0,2,4,2,1,,1,A507 sens Aubagne- Marseille,0,,1,3,0,1,2,99,1,, -1,1,1,1,70,21,1,2021,08:32,1,13,13055,1,1,0,4,A507 sens Aubagne- Marseille,43.3292764538,5.4144863937,8,4,3
202100030292,147Â 622,A01,1,1,1,1,2,6,-1,0,0,-1,2021,17.0,3,1,0,2,1,1,1,,3,1,-1,,2,2,0,1,(1),(1),3,, -1,1,0,1,50,2,7,2021,17:45,1,8,8282,2,1,0,1,49 Chemin de l Oiseau,49.883986,4.430457,17,2,2
202100038656,132Â 536,B01,1,1,1,5,2,0,-1,-1, -1,-1,2021,27.0,2,1,0,2,1,2,1,,3,AV LE FOLL ,0,,3,3,3,1,1,0,1,, -1,1,5,1,50,23,5,2021,16:21,1,94,94077,2,1,0,2,Avenue le Foll,48.73076,2.42556,16,2,2
202100029176,149Â 598,A01,1,1,2,0,8,0,-1,-1, -1,-1,2021,67.0,3,1,0,0,8,25,5,,3,907,0,,-1,0,0,1,0,0,1,, -1,2,5,4,50,12,7,2021,19:37,1,92,92064,2,7,1,7,PLACE CLEMENCEAU,48.8414941859,2.2219195395,19,1,1
202100038356,133Â 075,B01,1,1,1,5,2,0,-1,-1, -1,-1,2021,16.0,2,1,0,2,1,1,1,,3,REPUBLIQUE (AVENUE),0,,2,1,0,1,0,1,1,, -1,1,0,1,50,21,5,2021,18:00,1,52,52121,2,1,0,3,REPUBLIQUE (AVENUE),48.10188,5.14472,18,2,2
202100007022,189Â 207,B01,1,1,2,0,1,-1,-1,-1, -1,-1,2021,31.0,2,2,0,2,1,1,1,,4,CHEM D'ORNON,0,,2,2,1,1,(1),(1),3,, -1,1,0,1,50,20,11,2021,19:35,5,33,33192,2,6,0,1,Chemin d'Ornon,44.77288,-0.6398,19,2,2
202100049902,112Â 537,A01,1,1,1,9,2,0,-1,0,0,-1,2021,47.0,3,1,0,2,8,1,1,,4,QUAI D ORSAY,0,,2,4,1,1,(1),(1),1,, -1,1,0,1,50,27,2,2021,14:55,1,75,75107,2,5,0,3,QUAI D ORSAY,48.862591,2.319017,14,2,2
202100044707,121Â 802,B01,1,1,1,1,2,6,-1,0,0,-1,2021,45.0,1,1,0,2,1,1,1,,4,BOULEVARD MONTMARTRE,0,,-1,0,0,1,(1),(1),1,, -1,1,0,1,50,7,4,2021,22:15,5,75,75109,2,5,0,3,BOULEVARD MONTMARTRE,48.8719629419,2.34003697,22,6,2
202100043532,123Â 850,A01,4,2,2,0,1,0,-1,-1, -1,-1,2021,13.0,1,2,13,0,0,26,3,,3,MONTABO (ROUTE DE) 1,0,,2,2,0,1,2,50,1,, -1,2,0,3,50,18,4,2021,04:05,5,973,97302,2,1,1,7,MONTABO (ROUTE DE) 1,4.9413089119,-52.3029027766,4,5,1
202100049447,113Â 377,A01,2,2,2,5,0,-1,-1,0,0,-1,2021,46.0,3,2,13,0,1,1,1,,4,,-1,,-1,1,0,2,(1),(1),1,, -1,1,0,1,30,4,3,2021,18:30,1,7,7307,1,1,0,6,Chemin des Rivieres,44.521108,4.209545,18,2,1
202100046034,119Â 473,A01,1,1,1,1,1,-1,-1,0,0,-1,2021,20.0,2,2,6,0,1,16,1,,4,,-1,,-1,2,0,1,(1),(1),1,, -1,1,0,4,50,30,3,2021,13:26,1,70,70026,2,3,0,6,27 Rue des Giranaux - rue de Rigny,47.458683,5.601745,13,1,1
202100037309,134Â 983,A01,2,2,1,0,1,0,-1,-1, -1,-1,2021,1.0,1,2,1,0,2,1,1,,4,REPUBLIQUE,0,,1,1,0,1,0,0,1,, -1,1,0,1,30,29,5,2021,23:00,5,93,93051,2,1,0,6,Rue de la RÃ©publique,48.84643,2.55498,23,2,1
202100024056,158Â 649,B01,1,1,2,1,1,9,-1,0,0,-1,2021,22.0,1,2,7,2,3,1,1,,2,31,-1,,2,2,0,3,26,452,1,, -1,1,9,1,80,16,8,2021,14:16,1,2,2714,1,9,0,1,N31(pk26+452),49.371116,3.434421,14,2,2
202100025634,155Â 865,B01,1,1,1,0,2,0,-1,-1, -1,-1,2021,29.0,1,1,0,2,0,0,1,,2,PARIS (R DE),0,,3,4,0,1,17,700,1,, -1,1,0,1,50,4,8,2021,11:30,1,94,94078,2,3,0,3,PARIS (R DE),48.7355962665,2.4468291782,11,2,2
202100031510,145Â 436,A01,10,3,1,5,0,-1,-1,2,9,1,2021,63.0,1,5,0,1,2,1,1,,3,77,0,,2,2,0,1,(1),(1),3,, -1,1,0,1,50,24,6,2021,14:47,1,67,67379,2,1,0,6,1 Rue de l Eglise,48.943855,7.8043,14,2,1
202100051991,108Â 775,B01,1,1,1,0,2,6,-1,-1, -1,-1,2021,21.0,2,1,0,2,1,1,1,,4,FONTANIERES (DE)                     (CH,0,,2,2,0,2,(1),(1),1,, -1,2,0,1,50,10,2,2021,00:50,5,69,69142,2,2,1,3,FONTANIERES (DE) (CHM),45.7257749555,4.811569494,0,3,2
202100046982,117Â 802,A01,1,1,1,3,1,-1,-1,0,0,-1,2021,64.0,2,2,0,2,3,13,1,,3,347,-1,,2,2,0,1,10,200,3,, -1,1,0,1,90,23,3,2021,12:00,1,86,86030,1,1,1,1,D347,46.717826,0.216505,12,2,2
202100039974,130Â 138,B01,1,1,1,0,1,0,-1,-1, -1,-1,2021,19.0,2,1,0,2,1,1,1,,4,MARIUS AUFAN(RUE) 69+ ET 80+,0,,-1,2,0,1,0,0,1,, -1,1,0,1,50,14,5,2021,20:10,1,92,92044,2,2,0,3,MARIUS AUFAN(RUE) 69+ ET 80+,48.891669794,2.283602937,20,2,2
202100046903,117Â 935,A01,10,3,1,2,0,-1,-1,4,3,2,2021,5.0,2,2,0,1,1,15,1,,4,CHAMBRE D'AMOUR (AVENUE DE LA),0,,2,2,0,2,0,0,1,, -1,1,0,1,50,22,3,2021,08:20,1,64,64024,2,1,0,6,CHAMBRE D'AMOUR (AVENUE DE LA),43.49508,-1.53327,8,2,1
202100040341,129Â 496,A01,1,1,2,0,2,6,-1,-1, -1,-1,2021,48.0,3,1,0,0,0,21,1,,4,,0,,2,2,0,1,(1),(1),2,, -1,1,0,1,50,11,5,2021,17:45,1,45,45338,1,3,0,7,Rue des CamÃ©lias,47.9932030096,2.6784034797,17,1,1
202100014168,176Â 369,B01,1,1,1,5,0,0,-1,-1, -1,-1,2021,19.0,1,1,0,2,8,1,5,,4,BOULEVARD DE L'EGALITE,0,,2,2,2,1,(1),(1),1,, -1,1,0,1,50,9,10,2021,23:24,5,44,44109,2,1,0,3,BOULEVARD DE L'EGALITE,47.20872,-1.58709,23,2,2
202100047393,117Â 056,A01,1,1,1,5,8,0,-1,0,0,-1,2021,29.0,2,1,0,2,7,1,3,,4,BOULEVARD DIDEROT,0,,2,2,0,1,(1),(1),1,, -1,1,0,1,50,19,3,2021,16:25,1,75,75112,2,2,0,3,BOULEVARD DIDEROT,48.847342,2.38679,16,2,2
202100004429,193Â 846,A01,10,3,1,5,0,-1,-1,1,3,2,2021,67.0,1,2,0,1,4,4,1,,4,,0,,2,2,0,1,0,0,1,, -1,2,6,1,30,6,12,2021,10:42,1,92,92007,2,7,0,6,REPUBLIQUE (RUE DE LA),48.7957,2.30154,10,2,1
202100018727,168Â 165,A01,10,3,2,2,0,-1,-1,3,3,1,2021,18.0,1,1,0,1,1,1,1,,2,JAURES (BOULEVARD JEAN),0,,3,1,0,1,(1),(1),1,, -1,1,9,1,70,15,9,2021,17:40,2,974,97411,2,1,0,6,JAURES (BOULEVARD JEAN),-20.90222,55.50248,17,2,1
202100021660,162Â 914,B01,1,1,1,5,2,6,-1,-1, -1,-1,2021,67.0,1,1,0,2,1,1,1,,3,AV OLIVIER D ORMESSON ,0,,2,2,0,1,1,0,1,, -1,1,0,1,50,31,8,2021,17:10,1,94,94055,2,1,0,3,Avenue Olivier dâOrmesson,48.78381,2.53581,17,2,2
202100018511,168Â 544,B01,1,1,1,5,2,6,-1,-1, -1,-1,2021,59.0,2,1,0,2,2,3,1,,7,,0,,3,6,0,1,0,600,1,, -1,1,0,1,70,5,9,2021,19:30,1,69,69382,1,1,0,3,M7   0.000 A 2.278,45.74171,4.82484,19,2,2
202100052317,108Â 201,A01,10,3,2,0,8,8,-1,2,3,1,2021,47.0,2,2,0,1,2,26,1,,3,JAURES (AVENUE JEAN),0,,2,2,0,1,4,65,1,, -1,2,0,1,50,5,2,2021,18:00,5,25,25031,2,1,1,6,JAURES (AVENUE JEAN),47.487259,6.830835,18,2,1
202100014074,176Â 542,A01,1,1,2,5,1,5,-1,0,0,-1,2021,61.0,1,2,0,2,3,1,1,,3,903,0,,2,2,0,1,38,600,1,, -1,1,0,1,80,10,10,2021,16:30,1,74,74090,1,1,0,1,Route de Thonon,46.08333,6.312987,16,2,2
202100039888,130Â 290,A01,1,1,1,5,2,6,9,0,0,-1,2021,15.0,2,1,0,2,2,15,5,,3,174,-1,,2,1,0,1,9,600,1,, -1,2,0,1,80,16,5,2021,11:10,1,71,71060,1,3,1,3,"le carge, PK 09+600",46.305964,4.146918,11,2,2
202100026314,154Â 655,B01,1,1,1,0,8,4,-1,-1, -1,-1,2021,82.0,2,1,0,2,1,26,5,,3,JUIN (AVE DU MARECHAL),0,,1,1,0,1,5,700,2,, -1,1,9,1,50,29,7,2021,10:25,1,30,30007,2,9,0,3,JUIN (AVE DU MARECHAL),44.11723,4.10818,10,2,2
202100024155,158Â 482,B01,1,1,1,0,1,0,-1,-1, -1,-1,2021,31.0,1,1,0,0,2,17,1,,3,PAUL VAILLANT COUTURIER (BOULEVARD),0,,2,2,1,1,0,1,1,, -1,1,0,1,50,14,8,2021,19:00,1,93,93048,2,1,0,3,Bd Paul Vaillant Couturier,48.86623,2.44459,19,3,2
202100039885,130Â 295,B01,2,2,2,0,1,-1,-1,0,0,-1,2021,18.0,1,2,0,2,1,1,1,,2,2,-1,,2,2,0,3,(1),(1),2,, -1,2,0,1,-1,14,5,2021,12:00,1,971,97129,1,1,1,1,"Nationale 2, manbia",16.345086,-61.718316,12,3,2
202100030282,147Â 637,A01,1,1,2,0,8,-1,-1,0,0,-1,2021,24.0,1,2,2,0,8,2,0,,3,960,0,D,2,2,0,1,11,800,1,, -1,9,9,3,50,8,7,2021,06:20,2,54,54080,1,1,1,6,departementale 960,48.6061845769,5.8113920697,6,1,1
202100032124,144Â 327,A01,2,2,1,5,1,0,-1,0,0,-1,2021,20.0,1,2,0,2,1,2,1,,4,PORTE DE LA CHAPELLE,0,,1,2,0,1,(1),(1),1,, -1,1,0,1,50,26,6,2021,15:30,1,75,75118,2,4,0,4,PORTE DE LA CHAPELLE,48.900696,2.365218,15,4,3
202100023008,160Â 500,A01,1,1,1,0,2,-1,-1,-1, -1,-1,2021,25.0,2,1,15,2,8,16,1,,4,GUILLOTIERE (DE LA)                 (GR),0,,1,1,2,1,(1),(1),1,, -1,1,0,4,50,2,8,2021,13:20,1,69,69387,2,3,0,3,GUILLOTIERE (DE LA) (R),45.75151,4.84744,13,2,2
202100031856,144Â 814,A01,3,2,1,0,1,0,-1,0,0,-1,2021,23.0,1,2,0,0,0,26,1,,4,CHANTERANNE (RUE DE),0,,2,2,0,1,(1),(1),1,, -1,1,0,1,50,27,6,2021,04:35,5,63,63113,2,1,0,6,CHANTERANNE (RUE DE),45.78485,3.09986,4,3,1
202100017343,170Â 647,B01,1,1,1,1,1,0,-1,-1, -1,-1,2021,26.0,2,2,0,2,1,2,1,,1,A51-Sens Aix en Provence vers Marseille,0,,1,3,0,1,1,0,1,, -1,1,0,1,90,24,9,2021,17:02,1,13,13106,1,1,0,2,A51-Sens Aix en Provence vers Marseille,43.40428,5.35845,17,2,2
202100053255,106Â 539,Z01,10,3,2,3,8,8,-1,3,3,1,2021,73.0,1,1,0,1,0,0,1,,3,GENERAL DE GAULLE (AV DU),0,,2,2,0,1,0,0,1,, -1,2,0,1,50,29,1,2021,13:45,1,94,94067,2,3,1,6,AMIRAL COURBET (R DE L),48.84547,2.41751,13,2,1
202100046064,119Â 411,A01,1,1,1,5,2,0,-1,-1, -1,-1,2021,53.0,3,1,0,2,3,9,1,,9,VALVERT                                 ,0,,4,3,0,1,(1),(1),3,, -1,1,5,1,50,25,3,2021,15:20,1,69,69081,2,6,0,3,VALVERT                                 ,45.77063,4.7884,15,2,2
202100038578,132Â 687,A01,1,1,1,1,1,-1,-1,0,0,-1,2021,55.0,1,2,0,2,2,1,1,,7,1532,0,D,1,2,0,1,55,500,1,, -1,1,0,1,50,25,5,2021,13:15,1,38,38485,2,1,0,2,Boulevard de l'Europe,45.18016,5.69611,13,2,2
202100029844,148Â 444,B01,10,3,1,5,0,-1,-1,2,1,2,2021,40.0,1,2,0,2,1,2,1,,3,DOCTEUR BAUER(RUE DU) :NÂ° 1 AU 73,0,,2,2,0,1,0,0,1,, -1,1,0,1,50,8,7,2021,22:15,5,93,93070,2,1,0,2,DOCTEUR BAUER(RUE DU) :NÂ° 1 AU 73,48.910237,2.337833,22,2,1
202100022454,161Â 502,AA01,2,2,1,0,1,0,-1,-1, -1,-1,2021,26.0,2,2,9,0,7,14,1,,4,MARCEAU (AVENUE DU GENERAL),0,,2,2,0,2,0,0,1,, -1,1,0,1,50,25,8,2021,21:30,5,28,28134,2,1,0,3,MARCEAU (AVENUE DU GENERAL),48.7292,1.36684,21,2,1
202100055806,102Â 115,A01,10,3,1,5,0,-1,-1,3,3,3,2021,13.0,0,5,0,1,1,1,1,,3,6155E,0,,2,2,0,1,0,1,1,, -1,1,6,1,50,8,1,2021,15:40,1,27,27375,2,1,0,6,TABARLY (VOIE ERIC),49.2095,1.1805,15,2,1
202100008723,186Â 142,A01,1,1,1,2,8,0,-1,-1, -1,-1,2021,13.0,3,1,0,2,1,19,5,,4,ROUTE NATIONALE 20,0,,3,4,1,1,(1),(1),3,, -1,1,0,5,50,8,11,2021,17:25,2,45,45302,2,1,0,6,Rue Nationale 20,47.94661,1.89242,17,1,1
202100034519,140Â 026,A01,1,1,2,5,2,6,9,0,0,-1,2021,23.0,2,1,0,0,2,0,1,,3,27,-1,,2,2,0,2,20,800,3,, -1,1,0,3,70,13,6,2021,17:00,1,68,68171,1,1,0,7,D27,47.956202,6.990448,17,1,1
202100028775,150Â 293,A01,1,1,1,5,0,-1,-1,0,0,-1,2021,33.0,0,1,0,0,7,1,1,,3,105,-1,D,2,2,0,1,5,100,1,, -1,1,0,1,80,17,7,2021,19:05,1,60,60321,1,1,0,7,D105,49.232844,2.012429,19,1,1
202100003133,196Â 167,A01,1,1,2,5,1,5,-1,0,0,-1,2021,18.0,2,2,3,0,2,14,1,,2,RN 154,0,,-1,2,0,1,31,900,1,, -1,1,0,1,110,13,12,2021,12:05,1,27,27299,1,1,0,7,RN 154,49.052,1.17854,12,1,1
202100010247,183Â 393,A01,2,2,2,5,1,0,-1,-1, -1,-1,2021,21.0,1,2,3,0,1,2,1,,1,AUTOROUTE A86,0,,1,2,0,2,51,299,2,, -1,2,2,1,70,30,10,2021,17:35,1,94,94034,1,1,0,6,AUTOROUTE A86,48.7588,2.33688,17,2,1
202100037261,135Â 076,B01,1,1,1,2,8,0,-1,0,0,-1,2021,10.0,3,1,0,2,2,13,5,,4,MONT VERNON (ROND POINT),0,,2,2,0,1,(1),(1),3,, -1,1,0,1,50,4,5,2021,13:55,1,27,27554,2,2,0,3,MONT VERNON (ROND POINT),49.0937997661,1.3860303868,13,2,2
202100029784,148Â 548,B01,1,1,1,0,2,0,-1,-1, -1,-1,2021,37.0,0,1,0,2,1,26,1,,4,BOULEVARD DES NATIONS UNIES,0,,2,2,2,1,(1),(1),1,, -1,1,0,1,30,9,7,2021,02:31,5,44,44109,2,1,0,3,BOULEVARD DES NATIONS UNIES,47.21054,-1.56005,2,2,2
202100040178,129Â 781,A01,1,1,1,5,8,0,-1,-1, -1,-1,2021,92.0,1,1,0,0,0,26,0,,4,PIAF,0,,-1,2,0,1,1,0,1,, -1,1,0,1,50,11,5,2021,14:06,1,49,49007,2,1,0,7,PIAF,47.4528,-0.52742,14,1,1
202100054294,104Â 712,B01,1,1,1,0,2,6,-1,0,0,-1,2021,18.0,1,1,0,2,1,1,1,,3,1006,0,,2,2,0,1,33,694,1,, -1,2,5,1,50,22,1,2021,07:15,5,38,38509,2,1,0,1,Rue Pierre Vincendon,45.56585,5.441191,7,2,2
202100016711,171Â 749,B01,1,1,1,5,2,6,-1,0,0,-1,2021,58.0,2,1,0,2,1,17,0,,3,919,0,F,2,2,0,1,3,663,1,, -1,1,0,1,90,27,9,2021,13:40,1,61,61456,1,4,0,3,Les Parcs Tuboeuf,48.793696,0.633381,13,2,2
202100041359,127Â 680,B01,1,1,1,5,1,-1,-1,0,0,-1,2021,61.0,1,2,0,2,1,1,1,,3,17,0,,2,2,0,1,60,771,1,, -1,1,0,1,80,5,5,2021,14:30,1,31,31341,1,2,0,3,D17,43.724964,1.247635,14,3,2
202100027545,152Â 493,A01,1,1,2,5,0,-1,-1,-1, -1,-1,2021,13.0,2,1,0,0,0,1,5,,3,ARCACHON (BD D'),0,,2,2,2,2,0,500,2,, -1,1,0,5,30,22,7,2021,14:45,1,33,33529,1,1,0,7,ARCACHON (BD D'),44.638854,-1.172122,14,1,1
202100050300,111Â 790,A01,1,1,1,0,1,-1,-1,-1, -1,-1,2021,27.0,2,2,0,2,1,1,1,,4,JEAN SARRAZIN                       (R ),0,,2,2,0,1,(1),(1),1,, -1,1,0,1,50,24,2,2021,22:20,5,69,69388,2,2,0,3,JEAN SARRAZIN (R),45.73159,4.86709,22,4,2