Num_Acc,id_vehicule,num_veh,place,catu,sexe,trajet,secu1,secu2,secu3,locp,actp,etatp,year_acc,victim_age,senc,catv,obs,obsm,choc,manv,motor,occutc,catr,voie,v1,v2,circ,nbv,vosp,prof,pr,pr1,plan,lartpc,larrout,surf,infra,situ,vma,jour,mois,an,hrmn,lum,dep,com,agg_,int,atm,col,adr,lat,long,hour,nb_victim,nb_vehicules
202100030761,146Â 775,A01,1,1,2,5,8,-1,-1,-1, -1,-1,2021,55.0,0,1,0,0,0,16,5,,4,ESSES (DES)                         (MO),0,,2,2,2,2,(1),(1),3,, -1,2,0,1,50,3,7,2021,15:15,1,69,69384,2,1,0,7,ESSES (DES) (MO),45.77195,4.81612,15,1,1
202100034682,139Â 732,B01,2,2,2,5,1,-1,-1,0,0,-1,2021,61.0,3,2,0,2,9,0,1,,3,2020,0,,4,4,0,1,4,700,1,, -1,1,0,1,90,21,5,2021,07:15,1,28,28121,1,3,0,3,Route dÃ©partement 2020,48.115701,1.894549,7,4,2
202100010389,183Â 144,B01,1,1,1,0,8,0,-1,-1, -1,-1,2021,44.0,1,1,14,2,1,1,3,,3,PIERRE BROSSOLETTE,0,,2,2,0,1,0,0,1,, -1,2,0,1,50,29,10,2021,13:30,1,92,92004,2,9,1,1,PIERRE BROSSOLETTE,48.9112177214,2.2932667785,13,2,2
202100013108,178Â 313,B01,1,1,1,1,8,4,-1,0,0,-1,2021,55.0,2,1,0,2,1,1,5,,4,ALLEE DE LONGCHAMP,0,,2,2,1,1,(1),(1),1,, -1,1,-1,5,50,14,10,2021,19:30,5,75,75116,2,1,0,1,ALLEE DE LONGCHAMP,48.872151,2.263386,19,2,2
202100006484,190Â 210,B01,1,1,1,5,1,0,-1,-1, -1,-1,2021,24.0,1,2,0,2,8,16,1,,3,JAURES (AVENUE JEAN),0,,1,2,0,1,0,1,1,, -1,1,0,1,50,24,11,2021,22:50,4,93,93027,2,3,0,3,JAURES (AVENUE JEAN),48.9244,2.40165,22,5,2
202100012060,180Â 153,A01,10,3,2,2,0,-1,-1,2,3,1,2021,19.0,2,2,0,1,3,1,1,,3,ALFORTVILLE (AV D),0,,2,2,0,1,0,1,1,, -1,2,0,1,50,20,10,2021,08:45,2,94,94022,2,1,1,6,Avenue dâAlfortville,48.77303,2.41464,8,2,1
202100008659,186Â 265,B01,1,1,2,3,1,-1,-1,0,0,-1,2021,74.0,3,2,0,2,3,1,1,,9,,-1,,-1,-1,0,1,(1),(1),3,,5,1,0,1,50,10,11,2021,15:55,1,89,89295,2,1,0,1,Route des Terres et Vignes,47.818241,3.558723,15,3,2
202100018786,168Â 063,A01,1,1,1,0,2,0,-1,-1, -1,-1,2021,61.0,3,1,0,2,1,19,1,,9,BD EMILE COMBES,0,,2,2,0,1,0,0,1,, -1,1,0,1,50,10,9,2021,23:20,5,13,13004,2,2,0,3,BD EMILE COMBES,43.67812,4.63372,23,2,2
202100047587,116Â 701,A01,1,1,1,4,1,-1,-1,-1, -1,-1,2021,37.0,1,2,0,2,1,1,1,,1,ROCADE A 630,0,,3,8,0,1,26,311,1,, -1,1,0,1,90,18,3,2021,08:30,1,33,33192,1,1,0,2,ROCADE A 630,44.789971,-0.608448,8,2,2
202100029602,148Â 873,A01,10,3,1,3,0,-1,-1,1,3,1,2021,30.0,1,2,0,1,4,26,1,,4,AV DE GRANDE BRETAGNE,0,,1,1,0,1,(1),(1),1,, -1,1,9,1,50,10,7,2021,15:20,1,31,31555,2,9,0,6,AV DE GRANDE BRETAGNE,43.60357,1.406793,15,2,1
202100045582,120Â 253,B01,1,1,1,5,2,0,-1,0,0,-1,2021,39.0,1,1,0,2,1,1,1,,4,LECLERC (AV. DU GENE,0,,2,3,0,1,(1),(1),1,, -1,1,0,1,50,1,4,2021,14:15,1,54,54395,2,2,0,3,LECLERC (AV. DU GENE,48.6825726232,6.1842810092,14,2,2
202100050798,110Â 881,A01,1,1,2,9,1,5,-1,0,0,-1,2021,78.0,1,2,0,0,3,15,1,,3,764,-1,D,2,2,0,1,32,75,2,, -1,1,0,1,80,20,2,2021,17:07,1,56,56133,1,4,0,3,Bellevue,47.823349,-2.378604,17,2,2
202100042569,125Â 534,B01,1,1,1,1,2,6,-1,-1, -1,-1,2021,32.0,1,1,0,2,1,1,1,,1,A86 INT,0,,1,3,0,1,45,500,2,, -1,1,0,1,90,26,4,2021,07:45,1,94,94073,1,1,0,3,A86 INT,48.7659410769,2.3790876024,7,2,2
202100002978,196Â 452,B01,1,1,1,0,1,0,-1,-1, -1,-1,2021,60.0,0,2,0,2,2,1,1,,4,KALIFAT (RUE),0,,2,2,0,1,0,0,1,, -1,1,0,1,50,14,12,2021,09:45,1,93,93073,2,2,0,3,KALIFAT (RUE),48.95286,2.58592,9,2,2
202100056014,101Â 759,A01,1,1,1,0,2,6,-1,-1, -1,-1,2021,25.0,2,1,0,0,9,2,1,,1,AUTOROUTE A104,0,,3,6,0,1,3,0,1,, -1,2,0,1,90,7,1,2021,11:45,1,93,93078,1,1,0,7,AUTOROUTE A104,48.96304,2.52239,11,1,1
202100025844,155Â 490,B01,2,2,2,5,1,0,-1,-1, -1,-1,2021,64.0,2,2,0,2,8,1,1,,1,A50,0,,3,7,0,1,68,800,1,, -1,1,0,1,70,30,7,2021,12:50,1,83,83137,1,1,0,3,A50,43.126608,5.892343,12,3,2
202100048400,115Â 243,A01,10,3,1,0,0,-1,-1,2,3,1,2021,22.0,1,2,0,1,8,26,1,,4,MONTLOSIER (RUE),0,,2,2,3,1,(1),(1),1,, -1,1,0,1,50,10,3,2021,11:57,1,63,63113,2,1,0,6,MONTLOSIER (RUE),45.7813778118,3.0880955381,11,2,1
202100000382,201Â 021,A01,1,1,1,5,1,-1,-1,-1, -1,-1,2021,28.0,2,2,3,2,9,1,0,,1,,-1,,3,4,-1,1,12,0,1,, -1,1,0,1,110,12,12,2021,04:15,3,33,33122,1,1,0,2,A630,44.717713,-0.741091,4,3,2
202100040742,128Â 787,B01,1,1,1,0,2,0,-1,-1, -1,-1,2021,22.0,3,1,0,0,0,0,1,,7,JAURES JEAN RUE DU 130 AU 252,0,,2,2,0,1,(1),(1),1,, -1,1,0,1,50,8,5,2021,11:00,1,59,59009,2,9,0,3,JAURES JEAN RUE DU 130 AU 252,50.66501,3.14049,11,2,2
202100004245,194Â 166,B01,4,2,2,5,1,0,-1,-1, -1,-1,2021,5.0,1,2,0,2,3,1,2,,3,RD 360,0,,2,2,0,1,1,515,2,, -1,2,0,1,50,31,7,2021,09:45,1,62,62907,1,1,1,1,RD 360,50.47618,2.99129,9,5,2
202100053860,105Â 472,B01,1,1,2,9,1,0,-1,-1, -1,-1,2021,34.0,1,2,0,2,1,1,1,,4,DIVISION LECLERC (AV DE LA),0,,1,2,0,2,1,0,1,, -1,2,0,1,50,24,1,2021,21:00,5,94,94034,2,2,1,3,DIVISION LECLERC (AV DE LA),48.75876,2.32412,21,6,2
202100019552,166Â 684,A01,1,1,1,5,2,-1,-1,0,0,-1,2021,67.0,2,1,0,2,1,1,1,,3,19,-1,,2,2,0,1,10,429,1,, -1,1,0,1,90,12,9,2021,09:30,1,61,61158,1,2,0,3,Lieu Dit le Gue de Rouvre,48.672657,-0.304484,9,2,2
202100029345,149Â 313,B01,1,1,1,5,2,6,-1,-1, -1,-1,2021,39.0,1,1,0,2,1,1,1,,3,3,0,,2,4,2,2,0,0,1,, -1,1,0,1,50,11,7,2021,01:30,5,92,92050,2,2,0,1,VAILLANT COUTURIER PAUL RUE,48.8786685212,2.210637778,1,2,2
202100050865,110Â 760,A01,10,3,1,3,0,-1,-1,2,3,1,2021,81.0,3,5,1,1,4,26,1,,4,AV CHARLES GOUNOD,0,,1,1,0,1,0,100,1,, -1,1,0,1,30,19,2,2021,09:51,1,91,91215,2,1,0,6,AV CHARLES GOUNOD,48.6958,2.5226,9,2,1
202100034541,139Â 987,A01,1,1,2,0,1,0,-1,-1, -1,-1,2021,37.0,1,2,0,2,1,2,1,,2,RN 104,0,,3,4,0,1,47,900,1,, -1,1,0,1,110,14,6,2021,09:00,1,91,91103,1,1,0,4,RN 104,48.62495,2.30896,9,4,3
202100036378,136Â 678,A01,1,1,2,4,1,0,-1,-1, -1,-1,2021,51.0,1,0,6,0,1,26,0,,4,CHARLES GOUNOD (RUE),0,,2,2,0,2,0,0,2,, -1,1,0,4,30,4,6,2021,15:40,1,91,91326,2,1,1,6,CHARLES GOUNOD (RUE),48.695914,2.375846,15,1,1
202100005520,191Â 928,B01,4,2,2,0,8,0,-1,-1, -1,-1,2021,2.0,1,2,0,2,1,15,0,,4,SAINT ANTOINE A SAINT JOSEPH (CHEMIN DE),0,,3,4,0,1,0,0,1,, -1,1,0,1,50,29,11,2021,21:30,5,13,13215,2,1,0,3,SAINT ANTOINE A SAINT JOSEPH (CHEMIN DE),43.3541,5.37128,21,5,2
202100005519,191Â 930,A01,1,1,1,0,2,0,-1,-1, -1,-1,2021,26.0,3,1,14,0,8,17,1,,7,ANDRÃ ROUSSIN (AVENUE),0,,1,2,0,1,0,0,2,, -1,1,0,1,50,30,11,2021,01:20,5,13,13216,2,1,0,3,ANDRÃ ROUSSIN (AVENUE),43.35314,5.33754,1,1,1
202100002502,197Â 303,B01,8,2,2,0,1,-1,-1,0,0,-1,2021,47.0,0,2,0,0,4,2,1,,2,4,-1,,2,2,0,1,54,(1),1,, -1,1,0,1,70,19,12,2021,13:30,1,77,77032,1,1,0,2,Fortail,48.69926,3.267564,13,7,2
202100048184,115Â 622,A01,1,1,1,5,1,-1,-1,0,0,-1,2021,19.0,1,2,0,0,1,1,1,,3,492,-1,,2,2,0,2,0,660,3,, -1,2,0,8,50,14,3,2021,02:05,5,39,39500,2,1,1,6,,46.947604,5.882259,2,1,1
202100048930,114Â 292,A01,1,1,1,5,2,8,-1,-1, -1,-1,2021,15.0,2,1,0,2,1,13,1,,4,DECUGIS (AVENUE ALFRED),0,,2,2,0,1,0,0,1,, -1,1,0,1,50,6,3,2021,16:00,1,83,83069,1,1,0,1,DECUGIS (AVENUE ALFRED),43.113052,6.161264,16,2,2
202100051317,109Â 941,B01,1,1,1,1,8,0,-1,0,0,-1,2021,36.0,1,1,0,2,7,1,5,,4,BOULEVARD DE LA CHAPELLE,0,,1,2,0,1,(1),(1),1,, -1,2,0,1,30,16,2,2021,17:50,5,75,75118,2,2,1,3,BOULEVARD DE LA CHAPELLE,48.884477,2.3648,17,2,2
202100019324,167Â 084,B01,1,1,1,5,8,8,-1,0,0,-1,2021,14.0,1,1,0,1,2,0,0,,3,118,0,,2,2,0,1,0,0,1,, -1,1,0,8,50,12,9,2021,16:50,1,91,91161,2,2,0,6,AV PIERRE BROSSOLETTE,48.69958,2.31606,16,3,3
202100001241,199Â 551,B01,1,1,1,5,0,-1,-1,0,0,-1,2021,12.0,1,1,0,2,2,1,5,,3,449,0,D,2,2,0,1,(1),(1),1,, -1,1,0,8,30,27,12,2021,17:45,5,91,91156,2,1,0,3,Route d Arpajon,48.550578,2.277448,17,2,2
202100014182,176Â 343,A01,10,3,1,2,0,-1,-1,3,3,1,2021,18.0,1,2,0,1,1,1,1,,4,FOCH MARECHAL,0,,2,2,0,1,(1),(1),1,, -1,1,5,1,50,9,10,2021,14:30,1,29,29019,2,1,0,6,Avenue MarÃ©chal Foch,48.3974657299,-4.4890076077,14,2,1
202100026725,153Â 947,B01,1,1,1,0,2,6,-1,0,0,-1,2021,56.0,1,1,0,2,1,1,1,,3,836,-1,,2,2,0,1,78,606,1,, -1,1,0,1,80,28,7,2021,12:00,1,64,64083,1,2,0,3,RD 936,43.390596,-0.958211,12,2,2
202100013040,178Â 440,B01,1,1,1,0,2,0,-1,-1, -1,-1,2021,19.0,2,1,0,2,7,17,1,,3,MICHELET (BOULEVARD),0,,2,2,0,1,43,900,1,, -1,1,0,1,50,15,10,2021,08:30,2,78,78299,2,1,0,3,MICHELET (BOULEVARD),49.004196,1.899492,8,2,2
202100037363,134Â 883,A01,1,1,2,5,2,-1,-1,0,0,-1,2021,26.0,3,1,0,2,1,13,1,,4,,-1,,2,2,0,2,(1),(1),4,, -1,1,0,1,50,29,5,2021,15:05,1,987,98712,2,1,0,1,Lotissement Erima,-17.542977,-149.503646,15,3,2
202100000754,200Â 366,A01,1,1,1,0,8,-1,-1,-1, -1,-1,2021,23.0,3,1,0,2,7,19,3,,4,LENINGRAD (BD DE),0,,2,6,1,1,95,1000,1,, -1,1,0,5,50,28,12,2021,17:25,3,76,76351,2,2,0,3,LENINGRAD (BD DE),49.49979,0.17141,17,2,2
202100009389,184Â 919,A01,1,1,1,5,8,-1,-1,-1,0,-1,2021,22.0,1,2,4,0,1,1,1,,1,AUTOROUTE A15,0,,3,6,0,1,16,500,1,, -1,2,0,1,110,4,11,2021,23:30,3,95,95306,1,1,1,6, A15,49.00488,2.16641,23,1,1
202100028533,150Â 716,A01,1,1,1,0,2,6,-1,0,0,-1,2021,55.0,0,1,0,2,3,26,0,,4,,-1,,2,2,0,1,(1),(1),1,,4,1,0,1,50,17,7,2021,17:00,1,34,34079,2,3,0,3,Cours de la Chicane,43.625751,3.437337,17,2,2
202100049912,112Â 520,A01,1,1,1,5,2,-1,-1,0,0,-1,2021,41.0,1,1,10,0,1,1,1,,3,09,-1,,2,1,2,2,0,700,2,, -1,1,0,1,70,27,2,2021,10:35,1,974,97415,1,1,0,6,Chemin Bruniquel,-21.099135,55.268258,10,1,1
202100002291,197Â 691,B01,1,1,1,0,8,0,-1,-1, -1,-1,2021,29.0,2,1,0,2,8,1,1,,4,101,0,,2,2,1,1,0,0,1,, -1,1,0,1,50,18,12,2021,17:35,2,92,92012,2,1,0,3,PIERRE GRENIER (AVENUE),48.82647,2.24917,17,2,2
202100019269,167Â 191,A01,10,3,1,5,0,-1,-1,3,3,1,2021,66.0,2,2,0,1,3,1,1,,3,933,-1,D,2,2,0,1,46,10,1,, -1,1,0,1,50,14,9,2021,10:35,1,64,64493,2,1,0,6,Avenue de Navarre,43.318438,-1.02514,10,2,1
202100009375,184Â 946,A01,1,1,1,5,2,6,-1,0,0,-1,2021,49.0,1,1,0,0,4,16,1,,4,,-1,,1,2,0,1,(1),(1),1,,4,1,0,1,30,10,10,2021,12:33,1,60,60041,2,3,0,3,Rue Mont Cesar,49.385373,2.225874,12,3,2
202100025564,155Â 977,B01,1,1,1,0,2,0,-1,-1, -1,-1,2021,36.0,2,1,0,2,3,3,1,,1,86,0,,1,2,0,1,5,0,1,, -1,1,0,1,90,4,8,2021,10:30,1,92,92025,1,1,0,3,A86,48.9324848646,2.2484916319,10,2,2
202100051477,109Â 690,A01,1,1,1,4,8,-1,-1,0,0,-1,2021,24.0,2,4,16,0,2,1,1,,1,71,-1,A,3,4,0,3,277,376,1,, -1,1,0,3,-1,16,2,2021,10:15,1,3,3193,1,1,0,7,A71,46.5131033565,2.5915408502,10,1,1
202100053115,106Â 792,A01,1,1,1,0,1,-1,-1,0,0,-1,2021,76.0,1,2,2,0,2,1,1,,3,908,-1,,2,2,0,1,36,32,2,, -1,1,0,1,-1,31,1,2021,14:45,1,34,34126,1,1,0,6,RD 908,43.588193,3.096642,14,1,1
202100019641,166Â 536,A01,10,3,2,5,0,-1,-1,1,3,1,2021,82.0,2,1,0,1,1,1,1,,3,ETATS UNIS (AVENUE DES),0,,2,2,0,1,10,500,1,, -1,1,0,1,50,8,9,2021,18:45,1,78,78646,2,1,0,6,ETATS UNIS (AVENUE DES),48.806496,2.142782,18,2,1
202100053375,106Â 317,A01,1,1,2,4,1,-1,-1,0,0,-1,2021,61.0,2,2,2,0,1,14,1,,7,69,0,C,2,2,0,1,5,100,1,, -1,2,0,3,80,29,1,2021,14:24,1,57,57142,1,1,1,6,RD 69 C,49.164939,6.224849,14,1,1
202100022503,161Â 406,A01,1,1,1,1,2,6,-1,0,0,-1,2021,48.0,1,1,0,2,1,1,1,,3,135,-1,A,2,2,0,1,1,15,1,,4,1,0,1,80,26,8,2021,19:15,2,30,30047,1,3,0,1,Chemin des Canaux,43.815683,4.421192,19,2,2
202100006391,190Â 372,B01,1,1,1,0,2,0,-1,-1, -1,-1,2021,28.0,1,1,0,2,1,17,1,,2,RN4 - SECTION RIVIERA,0,,2,3,0,1,(1),(1),1,, -1,1,0,1,70,23,11,2021,10:50,1,971,97113,1,9,0,3,RN4 - SECTION RIVIERA,16.21778,-61.49313,10,2,2
202100040656,128Â 948,A01,1,1,1,1,8,-1,-1,0,0,-1,2021,21.0,1,2,13,0,1,13,1,,3,25,0,,-1,1,0,2,4,0,3,, -1,1,0,3,80,9,5,2021,15:00,1,32,32005,1,4,0,6,intersection CD 108/ CD 25,43.727321,-0.033774,15,1,1
202100038038,133Â 668,A01,10,3,2,9,0,-1,-1,1,3,2,2021,74.0,2,5,0,1,4,4,1,,4,RUE SANTERRE,0,,1,1,0,1,(1),(1),1,, -1,1,0,1,50,27,5,2021,15:20,1,75,75112,2,1,0,6,RUE SANTERRE,48.842798,2.398238,15,2,1
202100013418,177Â 748,A01,1,1,1,1,2,0,-1,-1, -1,-1,2021,41.0,1,1,0,2,2,15,1,,4,,0,,2,2,0,1,0,0,2,, -1,1,0,1,50,11,10,2021,20:10,1,92,92050,2,4,0,2,ONZE NOVEMBRE RUE DU,48.9068811292,2.218696475,20,2,2
202100033498,141Â 902,A01,2,2,1,0,1,-1,-1,0,0,-1,2021,69.0,1,2,3,2,7,17,1,,2,113,-1,,2,2,0,1,9,393,1,, -1,1,0,1,70,19,6,2021,20:44,1,34,34321,1,1,0,3,nationale 113,43.675399,4.061133,20,5,2
202100016907,171Â 401,B01,1,1,1,1,2,0,-1,-1, -1,-1,2021,44.0,1,1,0,2,1,26,1,,4,BOURG LA CROIX PLACE ET RUE,0,,2,2,0,1,1,0,1,, -1,1,0,1,50,24,9,2021,06:59,2,49,49007,2,1,0,1,BOURG LA CROIX PLACE ET RUE,47.45155,-0.524685,6,2,2
202100037088,135Â 409,B01,1,1,2,4,1,-1,-1,0,0,-1,2021,55.0,3,5,0,2,3,1,1,,4,,-1,,2,2,0,2,(1),(1),3,, -1,1,0,1,90,1,6,2021,17:35,1,19,19121,1,1,0,1,Route de Vassagnac,45.412235,1.400778,17,2,2
202100028515,150Â 743,B01,1,1,1,5,2,6,-1,0,0,-1,2021,20.0,1,1,0,2,7,17,1,,3,1504,0,,2,2,0,2,17,200,3,, -1,1,0,1,80,16,7,2021,16:00,1,1,1279,1,1,0,3,D1504,45.945935,5.479447,16,2,2
202100046216,119Â 157,A01,10,3,1,5,8,8,-1,3,3,1,2021,15.0,2,1,0,1,1,1,1,,3,MARSEILLE (ROUTE DE),0,,2,2,0,1,26,500,1,, -1,1,0,1,30,28,3,2021,15:35,1,83,83137,2,1,0,6,MARSEILLE (ROUTE DE),43.128739,5.88806,15,2,1
202100024990,156Â 991,A01,10,3,2,5,0,-1,-1,1,3,1,2021,30.0,2,2,1,1,3,1,1,,3,PONTOISE(BOULEVARD DE),0,,2,2,0,1,8,100,1,, -1,2,0,1,50,8,8,2021,21:39,5,95,95424,2,1,1,6,RD 392,48.9834125709,2.1818938851,21,2,1
202100034962,139Â 207,B01,1,1,1,0,2,-1,-1,-1, -1,-1,2021,35.0,3,1,0,2,1,19,1,,4,MAISONS NEUVES   (Place des),0,,1,3,2,1,(1),(1),1,, -1,1,0,1,50,11,6,2021,12:45,1,69,69266,2,7,1,3,MAISONS NEUVES (DES) (PL),45.7557849379,4.8762770178,12,2,2
202100026485,154Â 356,B01,1,1,1,0,1,0,-1,-1, -1,-1,2021,20.0,1,2,0,2,7,1,1,,4,MARECHAL DE LATTRE DE TASSIGNY (RUE DU),0,,2,4,0,1,(1),(1),1,, -1,1,5,1,50,30,7,2021,00:38,5,10,10387,2,2,0,3,MARECHAL DE LATTRE DE TASSIGNY (RUE DU),48.30309,4.10004,0,2,2
202100011348,181Â 445,A01,10,3,1,5,0,-1,-1,9,5,1,2021,4.0,2,2,0,2,7,1,1,,3,ZEPHIR (ROCADE),0,,2,1,0,1,3,0,1,, -1,1,0,1,50,23,10,2021,20:24,4,973,97302,2,1,0,6,ZEPHIR (ROCADE),4.9380317613,-52.3063445092,20,2,1
202100012872,178Â 717,B01,1,1,1,3,8,0,-1,0,0,-1,2021,79.0,1,0,0,2,1,1,3,,4,AVENUE MAURICE D OCAGNE,0,,2,2,0,1,(1),(1),1,, -1,1,0,1,30,15,10,2021,17:39,1,75,75114,2,1,0,3,AVENUE MAURICE D OCAGNE,48.824803,2.31268,17,2,2
202100045976,119Â 573,A01,1,1,2,2,8,0,-1,0,0,-1,2021,17.0,2,1,0,2,6,1,3,,4,RUE DE LONGCHAMP,0,,2,2,0,1,(1),(1),1,, -1,1,0,1,30,30,3,2021,14:48,1,75,75116,2,1,0,3,RUE DE LONGCHAMP,48.865837,2.282277,14,2,2
202100037521,134Â 596,B01,1,1,1,0,1,-1,-1,0,0,-1,2021,22.0,1,5,0,2,7,15,1,,2,40,-1,,2,2,0,1,(1),(1),1,, -1,1,0,1,50,30,5,2021,13:24,1,201,201215,2,1,0,3,"village, viagenti",41.491755,9.054505,13,2,2
202100034408,140Â 230,A01,1,1,1,0,2,-1,-1,-1, -1,-1,2021,58.0,2,1,0,2,3,1,1,,1,AUTOROUTE A 10,0,,3,6,0,1,532,99,1,, -1,1,0,1,130,15,6,2021,20:08,1,33,33143,1,1,0,2,,44.965778,-0.439231,20,2,2
202100018560,168Â 458,B01,3,2,2,0,1,0,-1,-1, -1,-1,2021,19.0,2,2,0,2,4,1,1,,7,FOREST (CHAUSSEE FERNAND),0,,2,4,0,1,(1),(1),1,, -1,1,0,1,50,16,9,2021,11:40,1,59,59599,1,1,0,4,FOREST (CHAUSSEE FERNAND),50.73697,3.15385,11,5,3
202100041870,126Â 780,B01,1,1,1,9,2,0,-1,-1, -1,-1,2021,24.0,1,1,0,2,1,1,1,,3,MONTABO (ROUTE DE) 2,0,,2,1,2,1,2,900,1,, -1,1,0,1,50,30,4,2021,12:25,1,973,97302,2,9,0,3,MONTABO (ROUTE DE) 2,4.9385605114,-52.299635768,12,2,2
202100011643,180Â 913,A01,10,3,1,1,0,-1,-1,2,3,1,2021,23.0,2,1,0,1,7,1,1,,4,BOULEVARD ARAGO,0,,2,2,2,1,(1),(1),1,, -1,1,0,1,30,21,10,2021,09:05,1,75,75113,2,2,0,6,BOULEVARD ARAGO,48.834815,2.341596,9,2,1
202100045561,120Â 292,A01,10,3,1,2,0,-1,-1,5,3,1,2021,17.0,2,5,0,1,0,26,1,,4,FRANCS TIREURS,0,,1,1,0,1,0,0,1,, -1,1,0,1,30,31,3,2021,08:02,1,74,74010,2,1,0,6,FRANCS TIREURS,45.90663,6.12539,8,2,1
202100008939,185Â 738,A01,1,1,1,9,2,8,-1,-1, -1,-1,2021,29.0,1,1,12,0,0,1,1,,4,CARNOT (BOULEVARD),0,,1,1,0,2,0,0,1,, -1,1,0,1,50,7,11,2021,19:15,5,74,74281,2,1,0,3,CARNOT (BOULEVARD),46.37091,6.47811,19,2,2
202100036814,135Â 900,A01,10,3,2,3,0,-1,-1,3,3,1,2021,76.0,1,2,0,1,1,1,1,,4,CHAUDRIER   RUE,0,,2,1,1,1,(1),(1),1,, -1,1,0,1,30,1,6,2021,10:17,1,17,17300,2,1,0,6,CHAUDRIER   RUE,46.16073,-1.15329,10,2,1
202100047329,117Â 167,B01,1,1,2,5,1,0,-1,-1, -1,-1,2021,24.0,0,2,0,2,2,1,1,,4,FRERES SEHY. RUE DES,0,,1,1,0,1,(1),(1),1,, -1,1,0,1,30,5,3,2021,18:45,5,76,76498,2,2,0,3,Rue des FrÃ¨res Sehy,49.4289,1.06958,18,2,2
202100055966,101Â 849,B01,1,1,1,0,8,8,-1,-1, -1,-1,2021,91.0,0,1,0,2,1,2,1,,3,406,0,,2,2,2,1,0,0,1,, -1,1,9,8,30,7,1,2021,12:24,1,92,92048,2,1,0,2,REPUBLIQUE (RUE DE LA) NÂ° 1 A 45,48.809364,2.236181,12,2,2
202100024276,158Â 278,A01,1,1,1,5,8,0,-1,0,0,-1,2021,90.0,2,0,0,0,0,1,3,,4,VAL DE MONTFERRAND (AVENUE DU),0,,2,2,0,2,(1),(1),1,, -1,1,0,1,50,13,8,2021,09:05,1,34,34172,2,1,0,7,VAL DE MONTFERRAND (AVENUE DU),43.63787,3.87366,9,1,1
202100036383,136Â 669,A01,1,1,1,5,2,0,-1,-1, -1,-1,2021,35.0,2,6,0,0,0,1,1,,3,VANTEAUX (BOULEVARD DE),0,,3,4,0,2,0,0,1,, -1,1,0,1,50,2,6,2021,20:20,1,87,87085,2,1,0,7,VANTEAUX (BOULEVARD DE),45.82357,1.2265,20,1,1
202100037569,134Â 512,A01,10,3,2,3,0,-1,-1,3,3,1,2021,83.0,1,2,0,1,1,1,1,,4,BEAUREGARD (AV ANDREE-DAVID DE ),0,,2,2,0,1,0,0,1,, -1,1,0,1,50,29,5,2021,18:50,1,83,83069,2,1,0,6,BEAUREGARD (AV ANDREE-DAVID DE ),43.1176671916,6.1242836723,18,2,1
202100030135,147Â 909,C01,1,1,1,5,2,6,-1,-1,0,-1,2021,22.0,1,1,0,2,4,2,1,,1,AUTOROUTE A104,0,,1,2,0,1,0,1,1,, -1,1,0,1,70,8,7,2021,19:00,1,95,95277,1,1,0,5,A104,48.97406,2.48889,19,4,4
202100013213,178Â 119,B01,1,1,1,5,2,6,-1,-1, -1,-1,2021,21.0,1,1,0,2,8,1,1,,4,ANDRE LASSAGNE                      (QU),0,,3,5,3,1,(1),(1),1,, -1,1,0,1,50,14,10,2021,16:15,1,69,69381,2,1,0,3,ANDRE LASSAGNE (Q),45.7711424071,4.8380580539,16,2,2
202100036916,135Â 714,A01,1,1,1,5,2,6,-1,0,0,-1,2021,65.0,3,1,0,0,0,1,1,,7,84,0,,2,2,0,1,(1),(1),1,, -1,1,0,1,50,1,6,2021,20:30,1,67,67049,2,3,0,7,29 Rue du MarÃ©chal Foch,48.504635,7.604508,20,1,1
202100019534,166Â 716,B01,2,2,1,5,8,-1,-1,0,0,-1,2021,78.0,2,2,0,2,4,1,1,,2,402,0,T,1,1,0,1,(1),(1),1,, -1,1,0,1,50,11,9,2021,21:45,5,201,201249,2,1,0,2,Rue du 9 Septembre,41.676113,8.905358,21,3,2
202100034056,140Â 887,B01,1,1,2,1,2,6,-1,-1, -1,-1,2021,24.0,3,1,0,2,5,16,1,,2,ROMAS (ROND POINT),0,,1,1,0,1,36,890,1,, -1,1,5,1,70,13,6,2021,14:43,1,47,47323,2,6,0,3,ROMAS (ROND POINT),44.4087992657,0.7404425057,14,2,2
202100028620,150Â 557,A01,1,1,1,0,2,6,-1,-1, -1,-1,2021,42.0,2,1,0,2,1,2,0,,4,CLEMENCEAU GEORGES ( BD) NÂ° IMP,0,,3,4,0,1,0,0,1,, -1,1,0,1,50,16,7,2021,11:35,1,72,72181,2,9,0,2,CLEMENCEAU GEORGES ( BD) NÂ° IMP,47.9793,0.215,11,2,2
202100052588,107Â 727,B01,1,1,2,1,1,0,-1,-1, -1,-1,2021,22.0,2,2,0,2,6,2,1,,3,ARNOUVILLE,0,,1,1,0,1,0,1,1,, -1,2,0,1,50,3,2,2021,10:16,1,93,93066,2,2,0,5,"""BARBUSSE HENRI, NR 35 A 137""",48.9405443737,2.3718617342,10,3,3
202100035267,138Â 661,A01,10,3,1,5,0,-1,-1,3,5,1,2021,67.0,3,2,0,1,1,1,1,,4,CONTREBANDIERS (AVENUE DES),0,,1,1,0,1,(1),(1),1,, -1,1,0,1,30,10,6,2021,10:25,1,34,34003,2,1,0,6,CONTREBANDIERS (AVENUE DES),43.290232,3.51271,10,2,1