Num_Acc,id_vehicule,num_veh,place,catu,sexe,trajet,secu1,secu2,secu3,locp,actp,etatp,year_acc,victim_age,senc,catv,obs,obsm,choc,manv,motor,occutc,catr,voie,v1,v2,circ,nbv,vosp,prof,pr,pr1,plan,lartpc,larrout,surf,infra,situ,vma,jour,mois,an,hrmn,lum,dep,com,agg_,int,atm,col,adr,lat,long,hour,nb_victim,nb_vehicules
202100049730,112Â 858,C01,1,1,2,1,1,0,-1,-1, -1,-1,2021,34.0,2,2,0,2,4,1,1,,1,A57,0,,3,4,0,1,4,800,1,, -1,1,0,1,110,26,2,2021,11:25,1,83,83144,1,1,0,4,A57,43.1338388938,5.9861862659,11,3,3
202100028250,151Â 198,A01,1,1,2,5,2,6,-1,0,0,-1,2021,16.0,2,1,0,2,3,15,1,,3,54,0,,2,2,0,2,0,334,3,, -1,1,0,1,50,19,7,2021,17:50,1,26,26307,2,4,0,1, 24 Avenue des Pionniers du Vercors,45.022021,5.294852,17,2,2
202100053994,105Â 239,B01,1,1,1,1,2,6,-1,0,0,-1,2021,34.0,1,1,0,2,8,1,1,,3,15,-1,,2,2,0,1,9,0,1,, -1,1,0,1,50,22,1,2021,13:20,1,14,14705,2,1,0,3,Lieu Dit le Bourg,49.233958,-0.927277,13,2,2
202100047754,116Â 387,A01,1,1,2,0,1,0,-1,-1, -1,-1,2021,40.0,1,2,0,2,4,9,1,,2,RN1(BRETELLE ACCES),0,,1,3,0,1,(1),(1),1,, -1,1,3,1,90,16,3,2021,18:20,2,974,97416,1,9,0,2,RN1(BRETELLE ACCES),-21.30446,55.42807,18,2,2
202100034115,140Â 781,B01,1,1,1,4,8,4,-1,-1, -1,-1,2021,55.0,2,1,0,2,4,0,5,,3,LOUISON BOBET (AV),0,,-1,2,0,1,1,0,1,, -1,1,0,1,30,6,6,2021,17:00,1,94,94033,2,2,0,2,Avenue Louison Bobet,48.852574,2.490785,17,4,2
202100037134,135Â 322,A01,1,1,1,0,2,6,-1,-1, -1,-1,2021,24.0,1,1,0,2,1,2,1,,7,RD383   3.750 A 7.640,0,,3,4,0,1,6,500,1,, -1,1,1,1,70,1,6,2021,17:35,1,69,69266,1,1,0,4,RD383   3.750 A 7.640,45.75718,4.9088,17,4,4
202100023985,158Â 763,A01,1,1,2,0,2,0,-1,-1, -1,-1,2021,16.0,1,1,0,2,4,1,1,,3,MADELEINE (ROUTE DE LA),0,,2,2,0,1,2,900,1,, -1,1,0,1,50,14,8,2021,13:05,1,973,97302,2,1,0,2,MADELEINE (ROUTE DE LA),4.91529,-52.32101,13,3,2
202100050142,112Â 096,C01,1,1,1,4,1,8,-1,-1, -1,-1,2021,23.0,3,5,0,2,4,0,1,,9,OWENS JAMES,0,,2,2,0,1,0,0,2,, -1,1,0,1,70,24,2,2021,13:00,1,974,97407,1,1,0,4,OWENS JAMES,-20.93557,55.32751,13,3,3
202100013715,177Â 189,A01,10,3,1,0,0,-1,-1,-1, -1,2,2021,5.0,1,2,0,1,3,1,1,,3,AVENUE GASTON ROUSSEL,0,,2,2,0,1,1,0,1,, -1,1,0,1,50,12,10,2021,17:15,1,93,93063,2,1,0,6,AVENUE GASTON ROUSSEL,48.8937830496,2.4351154688,17,2,1
202100012975,178Â 546,B01,1,1,1,0,2,6,9,0,0,-1,2021,36.0,1,1,0,2,2,17,1,,3,7,-1,,2,2,0,1,1,270,1,,4,1,0,1,50,16,10,2021,17:15,1,83,83107,2,2,0,3,chemin du lac / RD7,43.451797,6.633317,17,2,2
202100015746,173Â 523,A01,1,1,1,1,2,0,-1,0,0,-1,2021,46.0,3,1,0,2,8,1,5,,4,PONT DE TOLBIAC,0,,2,3,1,1,(1),(1),1,, -1,2,-1,5,30,1,10,2021,19:35,2,75,75112,2,2,1,3,PONT DE TOLBIAC,48.833524,2.382109,19,2,2
202100024771,157Â 374,A01,3,2,1,5,3,0,-1,0,0,-1,2021,1.0,1,2,0,2,2,10,1,,4,BOULEVARD PONIATOWSKI,0,,1,6,0,1,(1),(1),1,, -1,1,0,1,50,8,8,2021,13:26,1,75,75112,2,2,0,3,BOULEVARD PONIATOWSKI,48.831799,2.397742,13,5,2
202100039796,130Â 448,E01,1,1,1,5,1,4,-1,-1, -1,-1,2021,59.0,2,2,0,2,4,0,1,,1,A4,0,,1,4,0,1,9,800,1,, -1,1,1,1,90,14,5,2021,14:45,1,94,94017,1,1,0,5,A4,48.82801,2.5052,14,5,5
202100020820,164Â 429,A01,1,1,2,1,1,-1,-1,-1,0,-1,2021,51.0,1,2,4,0,2,1,1,,2,RN 184,0,,3,4,0,2,3,500,4,, -1,1,3,1,70,5,9,2021,05:00,3,95,95572,1,1,0,6,RN 184,49.03219,2.10898,5,1,1
202100007915,187Â 593,B01,1,1,1,5,2,-1,-1,0,0,-1,2021,36.0,2,1,0,2,8,1,1,,3,453,0,D,2,2,0,1,5,750,1,, -1,1,0,1,50,11,11,2021,20:30,5,13,13004,2,3,0,3,Route dÃ©partementale 453,43.411125,4.726619,20,2,2
202100042910,124Â 967,A01,10,3,1,9,0,-1,-1,4,3,1,2021,54.0,1,1,0,1,2,1,1,,4,PLACE DE CLICHY,0,,1,3,3,1,(1),(1),1,, -1,1,0,1,50,22,4,2021,19:45,1,75,75118,2,7,0,6,PLACE DE CLICHY,48.883668,2.327361,19,2,1
202100026823,153Â 776,A01,1,1,1,0,2,8,-1,-1, -1,-1,2021,52.0,3,1,0,2,1,1,1,,4,AEROPORT INTERNATIONAL (BOULEVARD DE L'),0,,1,3,0,2,(1),(1),1,, -1,1,0,1,50,26,7,2021,14:50,1,34,34172,2,9,0,3,AEROPORT INTERNATIONAL (BOULEVARD DE L'),43.6088157965,3.8947349371,14,2,2
202100053805,105Â 576,B01,1,1,2,0,1,-1,-1,0,0,-1,2021,34.0,1,2,0,0,2,21,1,,2,205,0,,2,2,0,2,(1),(1),1,, -1,1,0,1,50,25,1,2021,15:45,1,202,202042,2,1,0,1,T205,42.552709,9.441773,15,2,2
202100021671,162Â 896,B01,1,1,1,5,2,6,-1,-1, -1,-1,2021,35.0,1,1,0,2,1,1,5,,4,,0,,2,2,0,1,0,0,1,, -1,1,0,1,30,31,8,2021,19:00,1,92,92023,2,1,0,2,STENDHAL (AVENUE),48.7876562855,2.2368764789,19,2,2
202100056459,100Â 983,A01,1,1,1,5,1,-1,-1,0,0,-1,2021,54.0,2,2,2,0,3,1,1,,3,667,0,D,2,2,0,1,30,350,3,, -1,2,0,8,80,1,1,2021,03:30,3,47,47239,1,1,0,6,Pontet,44.4119814193,0.5661145448,3,1,1
202100043450,123Â 993,A01,2,1,1,0,2,0,-1,-1, -1,-1,2021,19.0,3,1,0,2,1,1,1,,3,FENOTS (AVENUE DES),0,,-1,2,0,1,0,0,1,, -1,1,0,1,50,19,4,2021,09:15,1,28,28134,2,3,0,3,FENOTS (AVENUE DES),48.74019,1.35001,9,2,2
202100010276,183Â 338,B01,1,1,1,1,2,0,-1,-1, -1,-1,2021,37.0,1,1,0,2,1,1,1,,3,PAGNOL (AVENUE MARCEL-),0,,2,2,0,1,4,30,1,, -1,1,0,1,50,28,10,2021,07:57,2,87,87065,2,3,0,3,PAGNOL (AVENUE MARCEL-),45.81452,1.33792,7,2,2
202100030634,147Â 001,A01,1,1,1,5,1,-1,-1,0,0,-1,2021,90.0,1,2,13,0,9,14,1,,3,117,-1,,2,2,0,1,1,390,2,, -1,1,0,3,80,6,7,2021,18:00,1,12,12025,1,1,0,6,RD117,43.843434,2.733407,18,1,1
202100053328,106Â 399,A01,1,1,1,3,1,-1,-1,0,0,-1,2021,87.0,2,2,0,2,1,1,1,,3,CASSIN (RUE RENE),0,,2,2,0,1,12,860,1,, -1,1,0,1,50,28,1,2021,16:14,1,65,65100,2,1,0,1, RUE RENE CASSIN,43.2642,0.0623,16,2,2
202100032594,143Â 514,A01,10,3,2,5,0,-1,-1,2,0,1,2021,88.0,3,4,0,1,0,0,1,,4,,-1,,-1,2,0,1,(1),(1),1,,4,1,9,8,50,25,6,2021,17:00,1,85,85047,2,1,0,6,Rue de l Herseau,46.852752,-1.876849,17,2,1
202100027017,153Â 424,A01,1,1,1,0,2,-1,-1,0,0,-1,2021,25.0,2,1,16,2,1,0,1,,2,9,0,,2,2,0,1,(1),(1),1,, -1,1,0,1,70,27,7,2021,12:50,1,971,97126,1,1,0,1,section saint charles,15.973068,-61.270326,12,2,2
202100021293,163Â 593,A01,1,1,1,9,2,0,-1,0,0,-1,2021,18.0,1,1,0,2,7,1,3,,4,RUE DE BERCY,0,,2,4,1,1,(1),(1),1,, -1,1,5,5,30,2,9,2021,16:40,1,75,75112,2,2,0,3,RUE DE BERCY,48.845561,2.371179,16,2,2
202100039439,131Â 107,A01,1,1,2,5,1,-1,-1,-1, -1,-1,2021,22.0,2,2,13,0,1,1,1,,3,BUISSON (ROUTE DU),0,,2,2,0,4,1,220,4,, -1,2,0,1,80,17,5,2021,11:20,1,61,61218,1,1,1,7,22 BUISSON (ROUTE DU),48.74526,-0.61253,11,2,1
202100008223,187Â 015,A01,1,1,2,5,1,4,-1,-1,0,-1,2021,22.0,1,2,3,0,4,9,1,,1,AUTOROUTE A15,0,,-1,3,0,2,21,0,3,, -1,1,3,2,50,14,11,2021,10:00,1,95,95572,1,1,0,6, A15,49.0309685426,2.1222091039,10,1,1
202100018649,168Â 304,A01,1,1,1,5,0,-1,-1,0,0,-1,2021,20.0,1,1,1,0,1,1,1,,4,,0,,1,1,0,2,(1),(1),1,,4,1,0,1,50,17,9,2021,02:30,5,71,71120,2,1,0,6,5 Rue Victor Hugo,46.206781,4.337965,2,1,1
202100038669,132Â 518,A01,1,1,2,5,1,-1,-1,0,0,-1,2021,50.0,1,2,0,0,1,1,1,,3,119,0,,2,2,0,1,3,400,1,, -1,2,0,3,80,24,5,2021,17:45,1,52,52494,1,1,1,7,Route dÃ©partementale 119,48.13522,5.238247,17,1,1
202100041645,127Â 165,A01,10,3,2,0,0,-1,-1,3,3,2,2021,22.0,3,2,0,1,1,1,1,,4,AVENUE BENOÃT FRACHON,0,,2,2,0,1,(1),(1),1,, -1,1,0,6,50,25,4,2021,18:55,1,38,38421,2,1,0,6,Avenue Benoit Frachon,45.18069,5.75476,18,2,1
202100024620,157Â 651,A01,1,1,1,1,2,8,-1,-1, -1,-1,2021,33.0,2,1,0,2,2,1,1,,7,L'ENJOLRAS (AVE DE),0,,2,2,0,1,1,0,1,, -1,1,0,1,50,11,8,2021,07:35,1,13,13075,2,3,0,3,L'ENJOLRAS (AVE DE),43.33766,5.45282,7,2,2
202100022226,161Â 915,B01,1,1,1,5,2,6,-1,-1, -1,-1,2021,58.0,2,1,0,2,1,1,1,,4,GUES (BD DE L'ENSEIGNE DE VAISSEAU),0,,2,2,0,1,0,0,1,, -1,1,0,1,30,27,8,2021,13:00,1,83,83137,2,3,0,3,GUES (BD DE L'ENSEIGNE DE VAISSEAU),43.1140610895,5.9806072712,13,2,2
202100006039,190Â 999,B01,1,1,1,5,8,-1,-1,0,0,-1,2021,38.0,2,2,0,2,1,0,1,,2,57,0,N,2,2,0,1,18,300,1,, -1,2,0,1,80,28,11,2021,07:50,1,70,70473,1,1,1,1,N57,47.798051,6.403322,7,3,2
202100042024,126Â 506,A01,10,3,2,0,0,-1,-1,1,3,1,2021,71.0,3,2,0,1,1,15,1,,4,VERRIER (RUE),0,,2,2,0,1,(1),(1),1,, -1,1,0,1,30,29,4,2021,15:15,1,51,51454,2,1,0,7,Rue Verrier,49.2528240449,4.0565058758,15,2,1
202100011646,180Â 908,B01,1,1,1,1,2,6,-1,0,0,-1,2021,37.0,1,1,0,2,4,23,3,,4,AVENUE DE L OPERA,0,,2,4,3,1,(1),(1),1,, -1,1,0,1,30,22,10,2021,01:00,5,75,75101,2,4,0,2,AVENUE DE L OPERA,48.867308,2.333708,1,2,2
202100009003,185Â 624,A01,1,1,1,4,8,-1,-1,0,0,-1,2021,54.0,3,4,16,0,8,16,1,,3,554,0,D,2,2,0,4,3,500,3,, -1,1,0,3,80,8,11,2021,15:30,1,60,60525,1,1,1,7,D554,49.2759506813,2.7373361885,15,1,1
202100046415,118Â 809,B01,1,1,1,1,2,6,9,0,0,-1,2021,39.0,1,1,0,2,1,1,1,,2,5,0,,3,2,0,1,(1),(1),1,, -1,1,0,1,50,27,3,2021,18:55,5,972,97217,2,1,0,3,Habitation la Duprey,14.463475,-60.885901,18,3,2
202100014081,176Â 529,A01,1,1,1,5,2,6,-1,0,0,-1,2021,49.0,2,1,2,2,1,13,1,,3,3,-1,,2,2,0,1,10,900,2,, -1,1,0,1,80,10,10,2021,16:30,1,17,17237,1,1,0,1,D3,45.874488,-1.059939,16,2,2
202100036738,136Â 036,B01,3,2,2,0,8,0,-1,-1, -1,-1,2021,21.0,1,2,0,2,5,2,1,,1,AUTOROUTE A10,0,,3,3,0,1,3,299,1,, -1,1,0,1,110,3,6,2021,15:55,1,91,91377,1,1,0,2,AUTOROUTE A10,48.72169,2.29565,15,4,2
202100040568,129Â 102,A01,1,1,1,5,1,-1,-1,0,0,-1,2021,23.0,1,2,6,0,9,1,1,,3,900,-1,,2,2,0,4,(1),(1),3,, -1,2,9,8,50,10,5,2021,22:50,5,84,84003,2,1,0,6,avenue de la libÃ©ration,43.878911,5.37602,22,1,1
202100011700,180Â 819,A01,1,1,1,5,2,-1,-1,0,0,-1,2021,52.0,2,1,0,2,7,17,1,,3,468,0,D,2,2,0,2,20,600,1,, -1,1,0,1,80,22,10,2021,16:15,1,39,39211,1,1,0,3,,46.909303,5.419344,16,3,2
202100004643,193Â 469,A01,1,1,1,0,1,0,-1,-1, -1,-1,2021,27.0,1,2,0,2,2,1,1,,1,A86.INT,0,,-1,2,0,1,33,0,1,, -1,2,0,1,90,5,12,2021,13:20,1,94,94017,1,1,1,2,A86.INT,48.8297175111,2.4830468102,13,2,2
202100037256,135Â 084,A01,1,1,1,1,1,-1,-1,0,0,-1,2021,31.0,1,2,0,2,1,1,1,,3,PLOGONNEC ROUTE DE,0,,2,2,0,1,3,500,1,, -1,2,0,1,70,4,5,2021,09:00,1,29,29232,1,1,1,1,Route de Plogonnec,48.02324,-4.10779,9,2,2
202100041230,127Â 906,B01,4,2,2,0,1,0,-1,-1, -1,-1,2021,3.0,1,2,0,2,0,0,1,,1,A86 EXT,0,,3,6,0,1,59,0,1,, -1,2,0,1,110,6,5,2021,10:10,1,78,78640,1,1,1,2,A86 EXT,48.777248,2.224102,10,4,2
202100003206,196Â 039,B01,1,1,1,0,1,-1,-1,0,0,-1,2021,42.0,3,2,0,2,1,1,1,,3,43,-1,,2,2,0,1,0,215,1,, -1,1,1,1,50,15,12,2021,08:40,1,89,89257,2,1,0,1,Avenue du Port,47.959712,3.504912,8,2,2
202100002605,197Â 125,B01,1,1,1,2,8,0,-1,-1, -1,-1,2021,17.0,1,1,0,2,6,0,5,,3,DOCTEUR CHAUVAUX (RUE DU),0,,-1,2,0,1,4,310,1,, -1,2,0,1,50,15,12,2021,07:20,5,62,62224,2,1,1,2,DOCTEUR CHAUVAUX (RUE DU),50.53362,2.564646,7,2,2
202100021009,164Â 108,A01,1,1,1,4,1,0,-1,-1, -1,-1,2021,20.0,2,5,14,0,2,14,1,,2,RN 147 BUXEROLLES,0,,3,4,0,1,57,0,1,, -1,1,0,1,110,3,9,2021,16:00,1,86,86041,1,1,0,4,N147,46.60874,0.391762,16,3,3
202100040573,129Â 095,A01,1,1,1,5,0,-1,-1,0,0,-1,2021,19.0,1,2,2,0,1,1,1,,3,902,0,,2,2,0,1,79,250,2,, -1,1,0,3,80,9,5,2021,06:00,2,73,73047,1,1,0,6,RD 902,45.362075,7.034429,6,1,1
202100048251,115Â 501,B01,2,2,1,0,1,0,-1,-1, -1,-1,2021,19.0,2,2,0,2,4,2,1,,3,D 802,0,,2,2,0,1,3,425,1,, -1,1,1,1,50,11,3,2021,18:08,1,64,64132,2,1,0,2,D 802,43.28663,-0.34063,18,4,2
202100053015,106Â 957,A01,1,1,1,0,0,-1,-1,0,0,-1,2021,22.0,1,2,6,0,3,1,1,,3,61,-1,,2,2,0,2,0,695,1,, -1,1,0,3,30,30,1,2021,16:35,1,66,66115,2,3,0,6,Avenue Lucien Galy,42.521194,2.878756,16,1,1
202100010370,183Â 172,A01,10,3,2,5,0,-1,-1,2,3,1,2021,38.0,-1,1,0,1,2,1,1,,3,COLONEL FABIEN (AVENUE),0,,1,2,3,1,0,1,1,, -1,1,0,1,50,28,10,2021,17:45,1,93,93066,2,1,0,6,COLONEL FABIEN (AVENUE),48.9448942085,2.3537627008,17,2,1
202100016042,172Â 980,B01,1,1,1,9,2,8,-1,-1, -1,-1,2021,38.0,1,1,0,2,1,3,1,,1,AUTOROUTE A6,0,,3,6,0,1,14,199,1,, -1,1,0,1,110,30,9,2021,19:50,3,91,91161,1,1,0,3,AUTOROUTE A6,48.6982,2.3137,19,2,2
202100019531,166Â 719,A01,1,1,1,5,1,0,-1,-1, -1,-1,2021,90.0,3,2,0,2,1,16,1,,4,,0,,2,2,0,1,0,0,3,, -1,1,0,1,50,11,9,2021,12:35,1,92,92048,2,3,0,1,GEORGES MILLANDY (RUE),48.7848286609,2.2322350711,12,3,2
202100055568,102Â 525,A01,1,1,1,1,1,-1,-1,0,0,-1,2021,31.0,1,2,0,2,5,17,1,,2,1,0,N,2,3,0,3,8,800,1,, -1,1,2,1,80,11,1,2021,05:30,3,971,97132,1,1,0,3,RN1,15.997708,-61.669317,5,2,2
202100001219,199Â 593,B01,1,1,1,9,1,0,-1,-1, -1,-1,2021,45.0,1,2,0,2,3,15,1,,3,NATIONAL BOULEVARD,0,,2,2,0,1,0,0,1,, -1,2,0,1,30,26,12,2021,07:32,2,92,92050,2,9,1,3,NATIONAL BOULEVARD,48.8884946338,2.1839793026,7,3,2
202100054855,103Â 751,B01,1,1,1,4,2,-1,-1,-1, -1,-1,2021,24.0,2,1,0,2,1,1,1,,4,,0,,2,2,0,1,(1),(1),1,, -1,2,0,1,50,13,1,2021,19:45,5,69,69385,2,1,1,3,POINT DU JOUR (DU) (AV),45.75618,4.80444,19,2,2
202100040969,128Â 385,A01,1,1,1,4,2,0,-1,-1, -1,-1,2021,25.0,3,1,0,2,2,15,1,,3,GENERAL LECLERC(AVE DU)89/FIN ET 122/FIN,0,,2,0,0,1,0,0,1,, -1,1,9,1,50,7,5,2021,15:00,1,93,93055,2,1,0,3,GENERAL LECLERC(AVE DU)89/FIN ET 122/FIN,48.900419,2.410762,15,2,2
202100026080,155Â 070,B01,2,2,1,1,8,-1,-1,0,0,-1,2021,19.0,1,2,0,2,1,19,1,,3,30,0,A,2,2,0,1,4,350,1,, -1,1,0,1,80,2,8,2021,14:30,1,13,13089,1,2,0,3,rd30A,43.829574,4.931231,14,3,2
202100037123,135Â 346,A01,10,3,2,0,0,-1,-1,3,3,2,2021,50.0,0,2,0,1,1,1,1,,3,906,-1,D,2,2,0,1,2,720,1,, -1,1,0,1,50,2,6,2021,10:00,1,73,73248,2,1,0,6,D906,45.271745,6.351262,10,2,1
202100020678,164Â 672,Z01,10,3,1,0,8,-1,-1,5,1,2,2021,34.0,3,5,0,1,1,5,0,,4,WETTE FAYS (DE)                     (CH),0,,1,1,0,1,(1),(1),1,, -1,1,0,4,50,5,9,2021,05:00,5,69,69034,2,1,0,6,WETTE FAYS (DE) (CHM),45.7896540503,4.857968688,5,2,1
202100040620,129Â 006,B01,4,2,2,0,3,0,-1,0,0,-1,2021,5.0,1,2,0,2,1,1,1,,4,CESSOLE (BD DE) (A PARTIR DU 101-114),0,,2,2,0,1,(1),(1),1,, -1,1,0,1,50,9,5,2021,14:33,1,6,6088,2,3,0,1,CESSOLE (BD DE) (A PARTIR DU 101-114),43.724328,7.249735,14,4,2
202100004233,194Â 183,B01,1,1,2,0,1,-1,-1,-1, -1,-1,2021,45.0,0,2,0,2,2,1,1,,3,RD 6382,0,,3,4,0,1,10,154,1,, -1,2,5,1,90,5,12,2021,21:15,5,76,76481,2,6,1,3,RD 6382,49.53139,0.1075,21,2,2
202100033095,142Â 588,B01,1,1,2,0,1,8,-1,-1, -1,-1,2021,52.0,2,2,0,2,1,2,1,,3,LIBERATION (RTE DE LA),0,,1,2,0,1,1,0,1,, -1,2,0,1,50,20,6,2021,19:30,1,94,94019,2,1,1,4,LIBERATION (RTE DE LA),48.79963,2.54395,19,3,3
202100006468,190Â 236,A01,1,1,1,4,2,6,-1,0,0,-1,2021,25.0,3,1,0,2,6,18,1,,4,PONT DE LA CONCORDE,0,,3,4,1,1,(1),(1),1,, -1,1,0,1,30,24,11,2021,17:40,5,75,75107,2,1,0,3,PONT DE LA CONCORDE,48.863253,2.319501,17,2,2
202100011461,181Â 234,A01,1,1,2,5,8,-1,-1,0,0,-1,2021,18.0,2,2,17,0,2,1,1,,3,285,-1,,2,2,0,1,2,490,1,, -1,1,0,3,50,24,10,2021,12:15,1,61,61005,2,1,0,6,D285,48.345561,0.556564,12,1,1
202100043071,124Â 686,B01,2,1,1,0,2,8,-1,-1, -1,-1,2021,59.0,-1,1,0,2,2,2,1,,3,BRANLY BD EDOUARD,0,,3,4,0,1,1,0,1,, -1,1,2,1,30,22,4,2021,09:30,1,93,93063,2,1,0,5,BRANLY BD EDOUARD,48.87567,2.44105,9,3,3
202100002162,197Â 920,A01,1,1,1,0,1,0,-1,-1, -1,-1,2021,54.0,2,2,1,2,1,26,1,,3,GENERAL LECLERC   (RUE DU),0,,2,2,0,2,1,0,1,, -1,1,0,1,50,19,12,2021,19:00,5,93,93032,2,1,0,5,GENERAL LECLERC   (RUE DU),48.88487,2.53501,19,3,3
202100024680,157Â 531,A01,1,1,1,0,1,-1,-1,0,0,-1,2021,36.0,2,2,0,2,2,13,1,,3,28,-1,,2,2,0,1,49,0,1,, -1,1,0,1,80,12,8,2021,08:45,1,28,28073,1,1,0,1,D28,48.499819,1.679535,8,2,2
202100044393,122Â 327,A01,1,1,1,5,2,-1,-1,0,0,-1,2021,70.0,1,1,0,0,9,1,5,,3,931,0,,2,2,0,4,35,200,3,, -1,1,0,1,80,10,4,2021,15:35,1,32,32180,1,1,0,7,D931 PK 35+200,43.877804,0.216079,15,1,1
202100043536,123Â 843,B01,1,1,1,5,8,0,-1,-1, -1,-1,2021,60.0,1,1,0,2,4,1,0,,3,D138. girat.valvins Ã  croix de vitry,0,,2,2,0,1,10,268,1,, -1,1,0,1,80,17,4,2021,09:00,1,77,77186,1,1,0,2,D138. girat.valvins Ã  croix de vitry,48.45552,2.70394,9,2,2
202100043478,123Â 944,A01,10,3,2,0,0,-1,-1,3,3,1,2021,49.0,1,1,0,1,1,21,1,,4,,0,,2,2,0,1,0,0,1,, -1,1,0,1,30,19,4,2021,17:03,1,92,92051,2,2,0,6,CHATEAU (BOULEVARD DU),48.8898485053,2.2685319185,17,3,1
202100052031,108Â 707,B01,1,1,2,0,1,0,0,0,0,-1,2021,34.0,2,2,0,2,4,1,1,,3,MARIGARDE (ROUTE DE LA),0,,2,2,0,1,20,132,1,, -1,1,0,1,50,9,2,2021,13:00,1,6,6069,2,1,0,2,MARIGARDE (ROUTE DE LA),43.655196,6.940504,13,2,2
202100036808,135Â 912,B01,1,1,2,1,1,-1,-1,-1, -1,-1,2021,26.0,1,2,0,2,4,4,1,,4,FOCH MARECHAL,0,,2,2,0,1,(1),(1),1,, -1,1,0,1,50,29,5,2021,20:25,1,29,29019,2,1,0,2,Avenue MarÃ©chal Foch,48.3954,-4.4883,20,2,2
202100055104,103Â 316,A01,1,1,1,9,8,-1,-1,0,0,-1,2021,39.0,1,2,3,2,2,1,1,,2,6,-1,,2,3,0,2,81,100,1,, -1,2,0,1,90,15,1,2021,07:55,3,89,89295,1,1,1,4,N6,47.832143,3.553369,7,3,3
202100041519,127Â 398,B01,1,1,1,0,1,8,-1,-1, -1,-1,2021,38.0,2,2,0,2,4,1,1,,4,RHIN TORTU (RUE DU),0,,2,3,0,1,0,0,1,, -1,2,0,1,50,2,5,2021,01:00,5,67,67482,2,4,1,3,RHIN TORTU (RUE DU),48.545868,7.758191,1,2,2
202100004040,194Â 521,A01,10,3,1,5,0,-1,-1,3,6,1,2021,69.0,1,2,0,1,1,1,1,,4,RENAULT (BOULEVARD LOUIS),0,,2,2,2,1,0,0,1,, -1,1,0,1,50,4,12,2021,10:30,1,49,49328,2,1,0,6,RENAULT (BOULEVARD LOUIS),47.25269,-0.08356,10,2,1
202100009446,184Â 816,A01,2,2,1,4,1,0,-1,0,0,-1,2021,54.0,1,5,0,2,2,15,1,,3,GAULLE (AVENUE DU GENERAL DE),0,,4,6,0,1,1,0,1,, -1,1,5,1,50,3,11,2021,14:50,1,14,14327,2,9,0,3,GAULLE (AVENUE DU GENERAL DE),49.2127,-0.34236,14,3,2
202100049703,112Â 898,B01,2,2,2,5,1,-1,-1,0,0,-1,2021,62.0,1,2,0,2,3,1,1,,2,88,-1,,2,2,0,1,24,440,3,, -1,1,0,1,80,2,3,2021,15:35,1,12,12120,1,1,0,1,RN88,44.385986,2.82487,15,3,2
202100054917,103Â 647,B01,2,2,1,4,1,0,-1,0,0,-1,2021,36.0,2,5,0,2,4,1,1,,4,PORTE DE CHATILLON,0,,1,3,0,1,6,200,1,, -1,2,0,1,70,13,1,2021,13:20,1,75,75114,2,1,1,2,PORTE DE CHATILLON,48.822561,2.314169,13,3,2
202100041523,127Â 390,A01,2,2,1,9,2,6,-1,-1, -1,-1,2021,17.0,3,1,1,0,2,21,1,,4,PONTOTS (GIRATOIRE LES),0,,4,2,1,1,0,0,1,, -1,1,0,1,30,3,5,2021,16:30,1,64,64102,2,6,0,3,PONTOTS (GIRATOIRE LES),43.4886,-1.49149,16,3,2
202100048758,114Â 612,A01,1,1,1,4,1,-1,-1,-1, -1,-1,2021,31.0,1,2,14,0,3,1,1,,1,A6   428.880 A 431.800,0,,3,6,0,1,429,500,1,, -1,1,8,1,130,8,3,2021,10:27,1,69,69009,1,1,0,2,A6,45.9565320424,4.7175539732,10,2,2
202100033161,142Â 488,A01,2,2,2,5,1,0,-1,-1, -1,-1,2021,20.0,2,5,4,2,7,12,1,,1,AUTOROUTE A6B,0,,1,2,0,1,1,0,1,, -1,2,1,1,70,19,6,2021,22:20,5,94,94043,1,1,1,3,AUTOROUTE A6B,48.8157,2.35661,22,3,2
202100035898,137Â 522,A01,1,1,1,0,2,8,-1,-1, -1,-1,2021,31.0,2,1,0,2,1,1,1,,7,RD 191,0,,3,4,0,1,(1),(1),1,, -1,1,0,1,70,7,6,2021,18:35,1,59,59426,1,9,0,3,,50.74784,3.14543,18,2,2
202100004142,194Â 342,A01,1,1,1,1,2,-1,-1,0,0,-1,2021,16.0,2,1,0,2,1,17,1,,3,108,0,,2,2,0,1,11,950,1,, -1,2,0,1,80,9,12,2021,14:00,1,17,17315,1,3,1,3,CD108,46.135925,-1.00188,14,2,2
202100042334,125Â 952,A01,2,2,2,9,1,0,-1,-1, -1,-1,2021,32.0,3,2,0,2,7,1,1,,4,WOOD ET WEST (RUE),0,,1,2,0,1,(1),(1),1,, -1,1,0,1,50,26,4,2021,13:15,1,10,10387,2,6,0,3,WOOD ET WEST (RUE),48.295335,4.08104,13,3,2
202100010026,183Â 778,A01,1,1,1,0,2,6,-1,-1, -1,-1,2021,30.0,1,1,0,0,0,15,1,,4,,0,,2,2,0,4,(1),(1),4,, -1,1,0,1,30,31,10,2021,16:57,1,25,25056,2,1,0,7,Rue des Cras,47.255241,6.032456,16,1,1
202100033890,141Â 184,A01,1,1,1,0,8,0,-1,-1, -1,-1,2021,48.0,2,5,0,2,3,13,1,,3,GABRIEL-PERI (AV),0,,2,2,2,1,0,0,1,, -1,1,0,1,50,17,6,2021,13:30,1,93,93070,2,1,0,1,GABRIEL-PERI (AV),48.90124,2.33022,13,2,2