Num_Acc,id_vehicule,num_veh,place,catu,sexe,trajet,secu1,secu2,secu3,locp,actp,etatp,year_acc,victim_age,senc,catv,obs,obsm,choc,manv,motor,occutc,catr,voie,v1,v2,circ,nbv,vosp,prof,pr,pr1,plan,lartpc,larrout,surf,infra,situ,vma,jour,mois,an,hrmn,lum,dep,com,agg_,int,atm,col,adr,lat,long,hour,nb_victim,nb_vehicules
202100034712,139Â 676,A01,2,2,1,0,1,0,-1,-1, -1,-1,2021,25.0,1,2,0,2,4,2,1,,1,A50-Sens Marseille vers Aubagne,0,,1,3,0,1,12,0,1,, -1,1,0,1,90,12,6,2021,21:20,1,13,13005,1,1,0,2,A50-Sens Marseille vers Aubagne,43.28652,5.53666,21,3,2
202100021027,164Â 076,A01,2,2,2,0,1,0,-1,-1, -1,-1,2021,39.0,1,2,14,0,1,1,1,,3,BAYONNE (AVENUE DE),0,,2,3,3,1,9,663,1,, -1,2,5,1,30,2,9,2021,21:40,5,64,64024,2,9,1,7,Avenue de Bayonne,43.4806440983,-1.5140989423,21,2,1
202100030926,146Â 482,A01,9,2,1,5,3,-1,-1,0,0,-1,2021,3.0,2,2,13,2,2,2,1,,1,77,-1,,3,4,0,1,51,800,2,, -1,2,0,3,110,4,7,2021,17:55,1,45,45096,1,1,1,3,A77-PK 51 + 800,47.798139,2.701391,17,7,2
202100050213,111Â 959,A01,1,1,1,9,2,6,-1,0,0,-1,2021,36.0,2,1,0,2,8,1,1,,4,RUE ETEX,0,,1,1,0,1,(1),(1),1,, -1,1,0,1,50,24,2,2021,22:15,5,75,75118,2,2,0,3,RUE ETEX,48.890068,2.329291,22,2,2
202100041095,128Â 156,B01,5,2,1,0,1,-1,-1,-1, -1,-1,2021,7.0,3,2,0,2,4,2,1,,4,DIEU LUMIERE (BOULEVARD) COTE PAIR,0,,2,3,0,1,(1),(1),1,, -1,2,0,1,50,6,5,2021,17:45,1,51,51454,2,1,1,2,Boulevard Dieu LumiÃ¨re,49.2397725429,4.0380162389,17,6,2
202100013750,177Â 130,B01,1,1,1,5,2,-1,-1,0,0,-1,2021,68.0,1,1,0,2,1,1,5,,3,144,-1,,2,2,0,1,3,500,1,, -1,1,9,1,80,12,10,2021,17:45,1,29,29037,1,6,0,3,Le Lannou,47.88451,-4.169151,17,2,2
202100024787,157Â 343,A01,2,2,2,5,1,-1,-1,0,0,-1,2021,80.0,1,2,0,2,3,19,1,,3,678,0,,2,2,0,1,7,700,1,,4,1,0,1,70,10,8,2021,10:45,1,71,71398,1,2,0,3,Route d Oslon,46.759139,4.995593,10,6,2
202100007428,188Â 478,B01,1,1,1,4,1,0,-1,-1, -1,-1,2021,41.0,2,5,1,0,1,1,1,,1,AUTOROUTE A104,0,,3,7,0,1,1,799,1,, -1,1,0,1,90,18,11,2021,23:45,3,93,93078,1,1,0,5,AUTOROUTE A104,48.96847,2.50834,23,5,3
202100026276,154Â 728,A01,1,1,1,0,2,0,-1,0,0,-1,2021,64.0,0,1,0,2,1,17,1,,4,FELIX CLERC (RUE),0,,-1,2,0,2,(1),(1),2,, -1,1,0,1,50,30,7,2021,16:05,1,71,71040,2,1,0,3,4 bis Rue Felix Clerc,46.69731,4.38891,16,2,2
202100028431,150Â 897,A01,1,1,1,5,1,-1,-1,-1, -1,-1,2021,20.0,1,2,0,2,1,2,1,,7,M7   4.270 A 5.756,0,,3,6,0,1,5,300,1,, -1,1,0,1,70,18,7,2021,07:35,1,69,69152,1,1,0,2,M7   4.270 A 5.756,45.7068236241,4.8312056065,7,6,2
202100053763,105Â 641,B01,1,1,2,0,1,0,-1,-1, -1,-1,2021,37.0,3,2,0,2,3,1,0,,4,KLEBER (AVENUE),0,,1,0,0,1,0,0,1,, -1,1,0,1,50,25,1,2021,15:15,1,93,93005,2,2,0,3,KLEBER (AVENUE),48.9415914034,2.4959878123,15,2,2
202100002662,197Â 024,A01,1,1,1,0,2,0,-1,-1, -1,-1,2021,39.0,0,1,0,2,2,26,1,,4,MADELEINE VIONNET(RUE),0,,2,4,0,1,0,0,1,, -1,1,0,1,50,16,12,2021,16:10,2,93,93001,2,1,0,3,MADELEINE VIONNET(RUE),48.9022978009,2.3734760284,16,2,2
202100046456,118Â 745,A01,1,1,1,3,1,-1,-1,0,0,-1,2021,83.0,2,2,16,0,9,1,1,,3,152,-1,,2,2,0,1,8,857,1,, -1,1,0,1,80,25,3,2021,13:58,1,17,17316,1,1,0,7,Canton de Bordeau,45.443798,-0.289325,13,2,1
202100047802,116Â 310,A01,1,1,2,0,1,0,-1,0,0,-1,2021,28.0,1,2,0,2,2,2,1,,4,DEVOS (BOULEVARD JULIEN),0,,-1,2,0,1,(1),(1),1,, -1,1,0,1,50,15,3,2021,14:45,1,27,27681,2,1,0,2,DEVOS (BOULEVARD JULIEN),49.08565,1.47541,14,2,2
202100035139,138Â 896,A01,1,1,2,5,1,-1,-1,0,0,-1,2021,79.0,1,2,6,0,1,1,1,,3,22,-1,E,2,2,0,4,5,400,1,, -1,1,0,3,50,12,6,2021,11:57,1,21,21296,2,1,1,6,Grande Rue,47.987225,4.77762,11,1,1
202100004460,193Â 793,A01,1,1,1,0,2,-1,-1,0,0,-1,2021,26.0,1,1,2,0,8,1,0,,3,206,0,D,2,2,0,1,(1),(1),3,, -1,1,0,3,80,6,12,2021,21:55,3,971,97112,1,1,0,7,Trois Ilets,15.922029,-61.33328,21,1,1
202100009249,185Â 176,A01,1,1,2,0,8,0,-1,-1, -1,-1,2021,28.0,2,1,9,2,7,1,5,,4,ROOSEVELT (BD FRANKLIN),0,,2,2,2,2,(1),(1),1,, -1,1,5,1,50,5,11,2021,22:22,5,35,35238,2,5,0,3,ROOSEVELT (BD FRANKLIN),48.097236,-1.657908,22,2,2
202100014277,176Â 181,B01,1,1,1,0,2,6,9,0,0,-1,2021,48.0,2,1,0,2,1,2,1,,3,906,0,,2,2,0,1,47,220,1,, -1,1,0,1,50,9,10,2021,15:50,1,78,78557,2,1,0,2,Route de Rambouillet,48.616117,1.716955,15,2,2
202100005024,192Â 806,Z01,10,3,1,5,0,-1,-1,8,5,1,2021,14.0,3,1,9,1,9,26,0,,9,MASCAREIGNES(BOULEVARD),0,,2,2,0,1,0,0,1,, -1,1,6,6,50,1,12,2021,17:45,1,974,97407,2,1,0,6,MASCAREIGNES(BOULEVARD),-20.93472,55.30881,17,2,1
202100031173,146Â 012,A01,1,1,1,0,1,0,-1,-1, -1,-1,2021,59.0,2,2,0,2,1,26,1,,3,,0,,2,2,0,1,1,0,1,, -1,1,0,1,80,1,7,2021,15:00,1,11,11069,2,1,0,2,ROCADE NORD - RD 6113,43.23001,2.34287,15,2,2
202100022974,160Â 563,A01,10,3,2,-1,0,-1,-1,0,0,-1,2021,71.0,3,2,0,1,1,1,1,,4,VC,-1,,2,2,0,1,(1),(1),1,, -1,1,0,1,50,1,6,2021,12:05,1,38,38193,2,1,0,6,Promenade du Decumanus,45.620787,5.220932,12,2,1
202100009875,184Â 052,A01,1,1,2,1,1,0,-1,-1, -1,-1,2021,48.0,2,2,0,2,1,1,1,,2,104,0,,1,2,0,2,40,549,3,, -1,2,0,1,70,1,11,2021,21:15,3,91,91521,1,1,0,2,RN 104,48.626879,2.39944,21,2,2
202100028322,151Â 070,A01,1,1,1,5,2,0,-1,0,0,-1,2021,20.0,2,1,0,2,1,5,5,,4,QUAI SAINT BERNARD,0,,2,4,3,1,(1),(1),1,, -1,1,0,6,50,18,7,2021,01:10,5,75,75105,2,3,0,1,QUAI SAINT BERNARD,48.846855,2.360967,1,2,2
202100018314,168Â 888,A01,10,3,2,0,0,-1,-1,3,3,1,2021,63.0,2,1,0,1,1,17,1,,7,DE LATTRE DE TASSIGNY (AV),0,,2,2,0,1,22,850,1,, -1,1,0,1,50,11,9,2021,12:25,1,83,83129,2,1,0,6,DE LATTRE DE TASSIGNY (AV),43.093918,5.839174,12,2,1
202100038597,132Â 647,A01,6,2,2,5,1,5,-1,-1, -1,-1,2021,39.0,1,5,6,0,1,16,1,,3,BOUGAINVILLEES (ROUTE DES),0,,2,2,0,2,8,410,1,, -1,1,0,3,50,23,5,2021,13:30,1,974,97411,1,3,0,6,BOUGAINVILLEES (ROUTE DES),-20.891332,55.420039,13,3,1
202100024219,158Â 383,B01,1,1,1,1,2,0,-1,-1, -1,-1,2021,58.0,2,1,0,0,4,1,1,,1,A7-Sens Lyon vers Marseille,0,,1,2,0,1,281,0,1,, -1,1,0,1,90,13,8,2021,13:30,1,13,13203,1,1,0,6,A7-Sens Lyon vers Marseille,43.31917,5.37776,13,2,2
202100006610,189Â 974,B01,1,1,1,0,2,0,-1,-1, -1,-1,2021,35.0,3,1,0,2,7,1,1,,4,RHIN ET DANUBE (AV) NÂ° IMP 271 A 339,0,,1,1,0,1,0,0,1,, -1,1,0,1,50,23,11,2021,14:45,1,72,72181,2,1,0,3,RHIN ET DANUBE (AV) NÂ° IMP 271 A 339,48.0250098952,0.1817536352,14,2,2
202100042269,126Â 076,A01,1,1,1,5,2,-1,-1,0,0,-1,2021,49.0,3,1,0,0,0,1,1,,4,,-1,,2,2,0,2,(1),(1),1,, -1,1,0,1,50,28,4,2021,16:55,1,85,85178,2,1,0,7,Rue du Puy Chabot,46.770475,-1.51179,16,1,1
202100006278,190Â 571,B01,1,1,2,0,1,-1,-1,-1, -1,-1,2021,52.0,1,2,0,2,1,1,1,,3,MISTRAL (AVENUE F.),0,,2,2,0,1,9,428,1,, -1,1,0,1,50,15,11,2021,10:10,1,4,4112,2,3,0,3,RD 4096 (av FrÃ©dÃ©ric Mistral),43.82072,5.78712,10,2,2
202100022160,162Â 032,A01,10,3,2,5,0,-1,-1,0,6,1,2021,55.0,3,2,0,1,2,1,1,,4,,-1,,-1,1,0,1,(1),(1),1,,3,1,0,1,80,29,8,2021,18:45,1,1,1084,1,1,0,6,Route d'ArÃ§on,46.207658,5.014411,18,3,1
202100048263,115Â 481,A01,1,1,2,1,1,0,-1,-1, -1,-1,2021,21.0,3,2,0,2,1,1,1,,3,RD 323,0,,2,4,0,1,38,500,1,, -1,2,0,1,90,12,3,2021,07:55,1,49,49007,1,1,0,2,RD 323,47.46728,-0.58402,7,2,2
202100018529,168Â 513,A01,1,1,2,4,1,8,-1,-1, -1,-1,2021,20.0,1,2,6,5,1,21,1,,4,FLAMBOYANTS ( ALLEE DES ),0,,2,2,0,2,1,0,3,, -1,2,0,3,50,15,9,2021,20:50,5,971,97107,2,1,1,7,FLAMBOYANTS ( ALLEE DES ),16.05136,-61.56281,20,1,1
202100010933,182Â 187,A01,1,1,2,9,2,0,-1,0,0,-1,2021,19.0,2,1,0,2,1,15,3,,4,BOULEVARD BARBES,0,,2,6,0,1,(1),(1),1,, -1,1,0,1,30,26,10,2021,18:33,5,75,75118,2,3,0,3,BOULEVARD BARBES,48.884482,2.349494,18,2,2
202100039293,131Â 366,A01,1,1,2,5,2,6,-1,-1, -1,-1,2021,16.0,1,1,0,2,1,1,1,,2,PRIEURE (PONT DU),0,,1,2,0,1,49,400,2,, -1,2,2,1,50,19,5,2021,12:50,1,32,32013,2,1,1,2,PRIEURE (PONT DU),43.64726,0.5889,12,2,2
202100011267,181Â 598,A01,1,1,1,4,1,-1,-1,0,0,-1,2021,54.0,2,4,13,0,3,1,1,,3,23,-1,,2,2,0,1,3,200,3,, -1,1,0,1,80,22,10,2021,16:20,1,30,30295,1,1,0,7,D23,44.057708,4.438434,16,1,1
202100025824,155Â 530,A01,1,1,2,1,1,-1,-1,0,0,-1,2021,23.0,2,2,3,0,3,0,1,,2,4,0,,3,4,0,2,28,600,1,, -1,2,0,1,110,3,8,2021,08:25,1,57,57114,1,1,1,6,PR 28+600 nationale 4 sens Phalsbourg / Nancy,48.75386,7.178439,8,1,1
202100003337,195Â 795,A01,1,1,1,1,1,-1,-1,0,0,-1,2021,44.0,3,2,13,0,1,1,1,,4,,0,,2,2,0,1,(1),(1),1,, -1,7,0,3,50,8,12,2021,05:10,3,56,56185,1,1,1,6,Lieu-Dit la TrinitÃ©,47.786291,-3.433372,5,1,1
202100043884,123Â 229,A01,1,1,1,5,8,0,-1,-1, -1,-1,2021,11.0,1,1,0,2,1,9,5,,4,MONTSOREAU (RUE DE),0,,1,1,0,1,(1),(1),1,, -1,1,0,1,50,13,4,2021,11:45,1,37,37122,2,1,0,6,MONTSOREAU (RUE DE),47.3504896808,0.6790655851,11,2,2
202100043378,124Â 125,A01,10,3,2,5,0,-1,-1,0,B,1,2021,79.0,3,4,0,1,4,4,1,,4,,-1,,-1,1,0,1,(1),(1),1,, -1,1,0,8,50,21,4,2021,08:00,1,44,44099,1,1,0,6,La Pinais,47.619128,-1.335289,8,2,1
202100043758,123Â 470,A01,1,1,2,5,1,8,-1,0,0,-1,2021,20.0,2,2,0,2,3,16,1,,4,SAINT-EXUPERY (AVENUE ANTOINE DE),0,,2,2,0,1,(1),(1),1,, -1,1,5,1,30,15,4,2021,19:29,1,65,65440,2,2,0,3,SAINT-EXUPERY (AVENUE ANTOINE DE),43.24404,0.066387,19,4,2
202100042346,125Â 930,A01,2,2,1,9,2,0,-1,0,0,-1,2021,28.0,1,1,0,2,7,1,1,,4,BOULEVARD PERIPHERIQUE,0,,1,0,0,1,24,500,2,, -1,1,0,1,70,27,4,2021,23:50,5,75,75119,2,1,0,3,BOULEVARD PERIPHERIQUE,48.900327,2.379367,23,3,2
202100031502,145Â 449,B01,1,1,1,1,2,7,-1,0,0,-1,2021,24.0,2,1,0,2,1,1,1,,3,605,-1,D,2,2,0,1,34,762,1,, -1,1,0,1,90,2,7,2021,17:35,1,77,77354,1,2,0,1,D605,48.469087,2.858548,17,2,2
202100039850,130Â 349,A01,1,1,1,0,8,8,-1,-1, -1,-1,2021,56.0,1,1,0,2,1,26,0,,3,PAUL VAILLANT COUTURIER (RUE),0,,2,4,0,1,1,0,1,, -1,2,0,1,50,14,5,2021,13:10,1,93,93032,2,2,1,3,PAUL VAILLANT COUTURIER (RUE),48.87661,2.54933,13,2,2
202100028462,150Â 840,B01,1,1,1,5,1,-1,-1,-1, -1,-1,2021,27.0,1,2,0,2,4,2,1,,7,LAURENT BONNEVAY            (BD),0,,3,8,0,1,9,199,1,, -1,1,3,2,70,17,7,2021,22:20,5,69,69029,1,9,0,2,LAURENT BONNEVAY (BD),45.7437589119,4.9058139324,22,2,2
202100050395,111Â 614,B01,1,1,2,1,1,-1,-1,0,0,-1,2021,32.0,1,2,0,2,1,1,1,,3,469,-1,,2,2,0,1,3,240,1,, -1,1,0,1,80,24,2,2021,14:00,1,39,39245,1,2,1,3,,46.963103,5.448028,14,2,2
202100015091,174Â 730,B01,1,1,1,9,2,8,-1,-1, -1,-1,2021,76.0,1,1,0,2,1,1,5,,4,SOURCE (AVENUE DE ST JEAN DE LA),0,,2,2,0,1,0,0,1,, -1,1,0,1,50,2,10,2021,11:30,1,11,11262,2,9,0,6,SOURCE (AVENUE DE ST JEAN DE LA),43.18765,2.98046,11,2,2
202100041796,126Â 898,B01,1,1,1,5,2,6,-1,-1, -1,-1,2021,21.0,1,1,0,2,8,1,1,,3,VOLTAIRE (ALL),0,,4,5,0,1,62,110,1,, -1,1,0,1,50,30,4,2021,15:35,1,51,51108,2,7,0,3,Place Sainte-Croix,48.9514844848,4.3682893048,15,3,2
202100025932,155Â 329,A01,2,2,1,5,1,-1,-1,0,0,-1,2021,17.0,2,2,2,0,1,1,1,,3,31,0,,2,2,0,1,25,250,1,, -1,1,0,3,90,2,8,2021,12:00,1,37,37003,1,1,0,6,Boulevard saint denis hors,47.3931521635,1.008934981,12,3,1
202100001642,198Â 868,A01,2,2,1,5,1,-1,-1,0,0,-1,2021,10.0,3,2,0,0,7,19,1,,2,88,-1,N,3,4,0,1,27,600,1,, -1,1,5,1,110,24,12,2021,17:05,2,81,81101,1,3,0,6,N88,43.979908,2.173834,17,3,2
202100008141,187Â 166,A01,4,2,2,5,1,0,-1,-1, -1,-1,2021,24.0,2,2,0,2,3,18,1,,4,VERNE (JULES),0,,2,2,0,1,(1),(1),1,, -1,1,0,1,50,14,11,2021,07:45,2,35,35238,2,2,0,5,MANIEZ (AVENUE JULES),48.09866,-1.69448,7,6,3
202100018301,168Â 909,B01,1,1,1,0,2,-1,-1,-1, -1,-1,2021,23.0,1,1,0,2,1,2,1,,4,FERDINAND BUISSON                   (R ),0,,1,1,2,1,(1),(1),1,, -1,1,0,1,50,17,9,2021,08:00,1,69,69383,2,3,0,2,FERDINAND BUISSON (R),45.74911,4.88788,8,2,2
202100036787,135Â 953,B01,1,1,1,1,1,0,-1,-1, -1,-1,2021,57.0,0,2,0,2,4,1,1,,4,VERDUN (AVENUE DE),0,,2,2,3,1,(1),(1),1,, -1,1,0,1,50,2,6,2021,09:30,1,59,59512,2,1,0,2,VERDUN (AVENUE DE),50.6851,3.20075,9,3,2
202100010973,182Â 111,B01,1,1,1,9,1,-1,-1,0,0,-1,2021,67.0,1,2,0,2,1,1,1,,3,15,0,,2,2,0,2,12,100,2,, -1,1,0,1,80,25,10,2021,10:14,1,89,89464,1,1,0,1,Route de Bussy,48.076255,3.269899,10,2,2
202100037383,134Â 848,A01,10,3,1,2,0,-1,-1,2,3,3,2021,5.0,0,2,0,1,3,1,1,,4,,-1,,2,2,0,1,(1),(1),1,,4,1,9,1,-1,1,6,2021,08:15,1,60,60612,2,1,0,6,Avenue Paul Rouge,49.196173,2.573357,8,2,1
202100041309,127Â 769,A01,1,1,1,5,1,0,-1,0,0,-1,2021,48.0,1,2,0,2,1,2,1,,4,BOULEVARD PERIPHERIQUE INTERIEUR SUD,0,,1,4,0,1,34,500,1,, -1,1,0,1,70,3,5,2021,19:30,1,75,75112,2,1,0,4,BOULEVARD PERIPHERIQUE INTERIEUR SUD,48.828471,2.397418,19,3,3
202100053236,106Â 572,A01,2,2,2,2,1,0,-1,0,0,-1,2021,23.0,1,2,8,0,1,1,1,,4,PUGETS MOYENNE CORNICHE DES,0,,2,2,0,2,0,0,1,, -1,1,0,1,50,29,1,2021,09:00,1,6,6123,2,1,0,7,PUGETS MOYENNE CORNICHE DES,43.69179,7.17919,9,2,1
202100014192,176Â 326,A01,1,1,1,1,2,6,-1,0,0,-1,2021,57.0,1,1,0,2,1,1,1,,4,,0,,2,2,0,1,(1),(1),1,, -1,1,0,1,50,9,10,2021,12:47,1,6,6029,2,1,0,3,LIEGEARD (AVENUE STEPHANE),43.550707,7.000688,12,2,2
202100007478,188Â 387,A01,1,1,1,5,1,-1,-1,0,0,-1,2021,18.0,2,2,0,2,1,13,1,,3,127,0,D,2,2,0,1,4,605,3,, -1,2,0,1,50,19,11,2021,17:00,2,62,62472,2,1,1,1,Rue de la VallÃ©e,50.535475,1.784694,17,2,2
202100048530,115Â 009,B01,1,1,1,5,2,0,-1,-1, -1,-1,2021,12.0,1,1,0,2,3,15,5,,4,SOUBACQ,0,,2,2,0,1,0,0,1,, -1,1,0,1,30,7,3,2021,17:05,1,64,64284,2,3,0,3,CHEMIN SOUBACQ,43.27785,-0.38718,17,2,2
202100042679,125Â 344,A01,1,1,2,5,1,0,-1,0,0,-1,2021,37.0,2,2,8,0,1,21,1,,2,PETIT BOIS (RUE DU),0,,1,2,0,1,36,1000,1,, -1,1,0,4,50,24,4,2021,23:40,3,71,71040,1,1,0,6,N70,46.69123,4.38113,23,1,1
202100053399,106Â 274,B01,1,1,1,1,0,-1,-1,0,0,-1,2021,20.0,2,1,0,0,0,2,3,,3,933,0,,2,2,0,1,21,935,3,, -1,2,0,1,80,29,1,2021,05:19,3,47,47326,1,1,1,3,RD 933,44.51174,0.272781,5,2,2
202100038043,133Â 660,A01,10,3,2,5,0,-1,-1,3,3,2,2021,88.0,2,2,0,1,2,15,1,,4,RUE DE LABORDE,0,,1,1,0,1,(1),(1),1,, -1,1,0,1,50,27,5,2021,12:00,1,75,75108,2,2,0,6,RUE DE LABORDE,48.875675,2.319615,12,3,1
202100022177,162Â 004,A01,1,1,1,5,1,-1,-1,0,0,-1,2021,19.0,1,2,0,0,1,13,1,,3,910,-1,,2,2,0,1,56,900,1,, -1,1,0,3,90,28,8,2021,07:45,2,37,37250,1,1,0,6,,47.2005040121,0.670666193,7,2,1
202100050779,110Â 916,A01,10,3,1,0,0,-1,-1,3,3,2,2021,5.0,2,2,0,1,5,1,1,,4,DAMBEL (AVENUE EMILE),0,,2,2,0,1,0,0,1,, -1,1,0,1,50,20,2,2021,11:00,1,93,93078,2,1,0,6,DAMBEL (AVENUE EMILE),48.95125,2.55247,11,2,1
202100051496,109Â 660,B01,7,2,1,0,1,-1,-1,0,0,-1,2021,58.0,2,2,0,0,1,2,1,,3,24,-1,,2,2,0,1,16,700,1,, -1,1,0,1,80,13,2,2021,16:10,1,72,72244,1,3,0,2,Les mottes,47.777708,-0.319515,16,7,2
202100023731,159Â 200,B01,2,2,2,5,1,5,-1,-1, -1,-1,2021,22.0,2,2,0,2,1,1,1,,3,LAMARTINE (RUE),0,,2,2,0,1,22,900,1,, -1,1,0,1,50,16,8,2021,13:05,1,10,10265,2,3,0,3,JEAN DE LA FONTAINE (RUE),48.29976,4.04523,13,3,2
202100040930,128Â 460,A01,10,3,1,0,0,-1,-1,1,B,1,2021,37.0,1,2,0,1,3,1,1,,2,FRANCAIS LIBRES (BD),0,,1,2,0,2,0,0,1,, -1,2,0,1,70,28,4,2021,20:55,3,30,30189,1,1,0,6,FRANCAIS LIBRES (BD),43.834,4.321,20,2,1
202100012714,178Â 990,A01,1,1,1,5,2,6,-1,0,0,-1,2021,28.0,2,1,13,0,3,0,1,,3,216,-1,,2,2,0,2,1,118,3,, -1,1,0,3,80,17,10,2021,19:00,2,65,65257,1,1,0,7,route dÃ©partemantale 216,43.163976,0.001035,19,1,1
202100016687,171Â 801,A01,1,1,1,5,2,0,-1,-1, -1,-1,2021,19.0,3,1,1,2,7,19,1,,4,FLEURY (RUE DE),0,,2,2,0,2,0,0,1,, -1,1,0,1,50,26,9,2021,10:57,1,92,92023,2,2,0,6,FLEURY (RUE DE),48.8140019357,2.2673222423,10,4,2
202100019174,167Â 358,A01,1,1,1,5,8,0,-1,-1, -1,-1,2021,21.0,1,2,8,0,1,14,1,,7,BLOIS (ROUTE DE BLOIS),0,,3,2,0,1,1,0,1,, -1,1,0,1,90,12,9,2021,23:20,5,45,45075,2,1,0,6,BLOIS (ROUTE DE BLOIS),47.87864,1.80679,23,2,1
202100044859,121Â 534,B01,1,1,1,3,2,6,-1,0,0,-1,2021,17.0,3,1,0,2,1,0,1,,4,,-1,,2,2,0,2,(1),(1),4,, -1,1,0,1,50,7,4,2021,15:20,1,6,6095,2,1,0,1,119 chemin de la frayÃ¨re,43.633761,6.887897,15,3,2
202100019767,166Â 314,A01,1,1,1,0,0,-1,-1,0,0,-1,2021,56.0,0,2,2,0,1,1,1,,3,919,-1,,2,2,0,1,(1),(1),2,, -1,1,0,1,80,11,9,2021,02:30,3,80,80207,2,1,0,6,Grande Rue,50.00389,2.47432,2,1,1
202100049334,113Â 578,A01,10,3,2,5,0,-1,-1,2,3,1,2021,77.0,2,2,0,1,3,15,1,,4,,-1,,2,2,0,1,(1),(1),1,, -1,1,0,1,30,4,3,2021,16:00,1,50,50099,2,1,0,6,1 Rue SÃ©bline,49.30425,-1.2457,16,2,1
202100028114,151Â 450,B01,1,1,1,0,2,0,-1,-1, -1,-1,2021,22.0,3,1,0,2,8,1,1,,4,GRAMONT,0,,1,1,0,2,0,0,1,, -1,1,0,1,50,19,7,2021,18:25,1,64,64445,2,3,0,3,GRAMONT,43.2964,-0.3742,18,2,2
202100045457,120Â 482,A01,10,3,1,1,0,-1,-1,3,3,1,2021,55.0,1,1,0,1,1,1,1,,4,VERDIER AVENUE AUTRES NÂ°,0,,2,2,0,1,0,0,1,, -1,1,0,1,50,2,4,2021,08:45,1,92,92049,2,1,0,6,VERDIER AVENUE AUTRES NÂ°,48.8161608643,2.3086497188,8,2,1
202100019344,167Â 053,B01,10,3,2,5,0,-1,-1,1,3,1,2021,19.0,2,2,0,1,2,1,1,,3,RD 70 (route dÃ©partementale),0,,2,2,0,1,2,345,1,, -1,1,0,1,80,10,9,2021,23:15,3,29,29039,1,1,0,6,RD 70 (route dÃ©partementale),47.9186215097,-3.903399109,23,2,1
202100004810,193Â 185,A01,3,2,2,9,1,0,-1,0,0,-1,2021,39.0,2,2,9,0,3,13,1,,4,RUE MARX DORMOY,0,,2,3,3,1,(1),(1),1,, -1,2,0,6,30,3,12,2021,22:00,5,75,75118,2,2,1,6,RUE MARX DORMOY,48.890252,2.359914,22,3,1
202100011139,181Â 821,A01,2,2,1,0,0,-1,-1,0,0,-1,2021,21.0,2,1,0,2,1,5,0,,3,,-1,,2,2,0,2,(1),(1),3,, -1,1,0,1,-1,24,10,2021,19:10,3,972,97206,1,1,0,6,RD7,14.492484,-60.990171,19,4,3
202100035534,138Â 193,A01,1,1,1,9,2,6,-1,0,0,-1,2021,21.0,2,1,0,2,1,8,1,,4,BOULEVARD SAINT MICHEL,0,,2,4,3,1,(1),(1),1,, -1,1,0,6,50,8,6,2021,18:00,1,75,75106,2,2,0,3,BOULEVARD SAINT MICHEL,48.850307,2.342652,18,3,2
202100051133,110Â 277,B01,1,1,1,5,2,6,-1,0,0,-1,2021,28.0,2,1,0,2,1,1,1,,3,311,-1,,2,2,0,1,5,0,1,, -1,1,0,1,70,19,2,2021,15:00,1,69,69028,1,2,1,3,ROULATTES (DES) (CHM),45.714862,4.693217,15,2,2
202100044875,121Â 505,A01,10,3,1,4,8,8,8,0,9,1,2021,42.0,0,2,0,1,2,0,1,,4,,0,,2,2,0,2,(1),(1),2,, -1,1,0,1,50,30,3,2021,11:45,1,34,34212,1,1,0,6,Chemin du Christ,43.764922,3.327991,11,2,1
202100049375,113Â 504,A01,10,3,2,5,0,-1,-1,5,9,1,2021,52.0,3,5,0,1,4,4,1,,4,JEAN MOULIN (RUE),0,,-1,2,0,1,(1),(1),1,, -1,1,0,4,50,3,3,2021,13:00,1,71,71306,2,1,0,7,JEAN MOULIN (RUE),46.660554,4.364875,13,2,1
202100033874,141Â 210,Z01,10,3,2,5,0,-1,-1,5,9,3,2021,32.0,1,1,0,1,1,1,3,,4,VOIE GEORGES POMPIDOU,0,,-1,2,3,1,(1),(1),1,, -1,1,6,4,30,14,6,2021,00:40,5,75,75101,2,1,0,6,VOIE GEORGES POMPIDOU,48.857865,2.344745,0,3,1
202100047221,117Â 358,B01,1,1,1,0,2,0,-1,-1, -1,-1,2021,28.0,2,1,0,0,0,0,1,,4,JAURES (RUE JEAN),0,,2,0,0,1,(1),(1),1,, -1,1,0,1,50,20,3,2021,12:50,1,42,42095,2,1,0,3,Rue Victor Hugo,45.38708,4.28459,12,2,2
202100052529,107Â 822,B01,1,1,1,4,2,-1,-1,-1, -1,-1,2021,18.0,1,1,0,2,1,1,1,,4,BLANC  LOUIS  BD,0,,2,3,0,2,(1),(1),1,, -1,1,0,1,30,3,2,2021,21:25,5,69,69264,2,2,0,3,LOUIS BLANC (BD),45.98945,4.72159,21,3,2
202100022152,162Â 043,A01,8,2,1,5,1,-1,-1,0,0,-1,2021,13.0,1,2,0,5,0,1,1,,3,673,-1,,2,2,0,1,4,240,1,, -1,1,0,1,80,29,8,2021,04:25,3,39,39138,1,1,0,6,,46.976581,5.311524,4,5,1
202100022006,162Â 299,B01,1,1,1,0,1,-1,-1,0,0,-1,2021,46.0,1,2,0,2,3,1,1,,3,6110,-1,,2,2,0,1,6,150,1,, -1,1,0,1,80,25,8,2021,15:45,1,30,30114,1,1,0,1,D6110,43.81626,4.095626,15,4,2
202100023455,159Â 698,B01,1,1,1,1,2,0,-1,0,0,-1,2021,30.0,2,1,1,2,9,1,1,,4,BOULEVARD DE COURCELLES,0,,2,2,0,1,(1),(1),1,, -1,1,0,1,50,19,8,2021,09:35,1,75,75117,2,1,0,3,BOULEVARD DE COURCELLES,48.879785,2.30609,9,2,2