Num_Acc,id_vehicule,num_veh,place,catu,sexe,trajet,secu1,secu2,secu3,locp,actp,etatp,year_acc,victim_age,senc,catv,obs,obsm,choc,manv,motor,occutc,catr,voie,v1,v2,circ,nbv,vosp,prof,pr,pr1,plan,lartpc,larrout,surf,infra,situ,vma,jour,mois,an,hrmn,lum,dep,com,agg_,int,atm,col,adr,lat,long,hour,nb_victim,nb_vehicules
202100052225,108Â 353,B01,2,2,2,5,1,0,-1,-1, -1,-1,2021,19.0,3,2,0,2,4,1,1,,2,R.N 296,0,,3,4,0,1,20,0,1,, -1,1,0,1,90,7,2,2021,17:30,1,13,13001,2,1,0,4,R.N 296,43.55787,5.44774,17,5,3
202100049262,113Â 703,A01,1,1,1,0,8,0,-1,-1, -1,-1,2021,22.0,2,1,1,0,1,18,1,,4,ILE DE FRANCE AVENUE DE L',0,,3,2,2,1,(1),(1),1,, -1,1,0,5,30,4,3,2021,12:25,1,25,25056,2,1,0,6,ILE DE FRANCE AVENUE DE L',47.221184,5.966917,12,1,1
202100053139,106Â 759,C01,1,1,1,5,1,8,-1,-1, -1,-1,2021,48.0,2,2,3,2,1,2,1,,1,A7-Sens Marseille vers Lyon,0,,1,3,0,1,254,500,1,, -1,2,0,1,110,30,1,2021,17:50,2,13,13081,1,1,1,4,A7-Sens Marseille vers Lyon,43.49256,5.2401,17,3,3
202100007900,187Â 618,A01,1,1,1,1,1,-1,-1,0,0,-1,2021,21.0,3,2,8,0,8,1,1,,4,,0,,2,2,0,1,(1),(1),3,,5,2,0,1,80,17,11,2021,07:00,2,44,44188,1,1,0,6,L Ouvrardiere,47.025319,-1.5971,7,1,1
202100056084,101Â 632,C01,1,1,1,1,2,0,0,-1, -1,-1,2021,42.0,2,1,0,2,9,3,0,,3,AULAGNIER ( QUAI ),0,,3,6,0,1,0,0,1,, -1,2,0,1,50,6,1,2021,08:15,5,92,92004,2,1,0,5,AULAGNIER ( QUAI ),48.9113554133,2.2991640234,8,3,3
202100029696,148Â 717,A01,1,1,1,5,1,-1,-1,0,0,-1,2021,75.0,1,2,13,0,1,14,1,,1,11,0,A,3,3,0,1,155,0,1,,14,1,0,3,130,10,7,2021,17:45,1,72,72241,1,1,0,6,Autoroute A11 PK 155+000 - Sens PARIS - PROVINCE,48.063511,0.401173,17,2,1
202100033320,142Â 209,A01,1,1,1,4,0,-1,-1,-1, -1,-1,2021,53.0,3,0,0,2,1,19,1,,4,VC,0,,2,2,0,1,(1),(1),1,, -1,1,0,1,50,14,6,2021,14:15,1,78,78672,2,1,0,3,ORGEVAL ROUTE D',48.932156,1.990255,14,2,2
202100038044,133Â 659,A01,1,1,2,5,8,0,-1,0,0,-1,2021,65.0,1,1,0,0,0,21,5,,4,RUE DU PETIT PONT,0,,1,3,1,1,(1),(1),1,, -1,1,2,5,30,27,5,2021,22:30,5,75,75105,2,2,0,7,RUE DU PETIT PONT,48.852356,2.348228,22,1,1
202100031996,144Â 552,B01,2,2,2,1,1,0,-1,-1, -1,-1,2021,61.0,1,2,0,2,5,15,1,,3,BALLANGER (BD ROBERT),0,,2,4,0,1,0,1,1,, -1,2,0,1,50,27,6,2021,07:50,1,93,93078,2,3,0,3,Boulevard Robert Ballanger / Avenue Martin Luther King,48.9519,2.52838,7,3,2
202100050290,111Â 813,A01,1,1,1,1,1,8,-1,-1, -1,-1,2021,50.0,1,5,1,0,1,14,1,,2,RN 118,0,,3,5,0,1,3,219,1,, -1,1,3,1,70,25,2,2021,06:53,3,91,91064,1,1,0,2,RN 118,48.74926,2.21203,6,2,2
202100023296,159Â 975,A01,10,3,1,1,0,-1,-1,1,3,2,2021,35.0,3,2,0,1,1,1,1,,4,RAYMOND POINCARE (AVENUE),0,,1,1,0,1,0,0,1,, -1,1,0,1,50,20,8,2021,03:35,5,21,21231,2,1,0,1,RAYMOND POINCARE (AVENUE),47.32892,5.06901,3,3,1
202100005514,191Â 939,A01,3,2,1,0,-1,0,-1,0,0,-1,2021,18.0,0,1,0,2,1,2,1,,4,BERT RUE PAUL,0,,1,1,0,1,(1),(1),1,, -1,1,0,1,50,14,11,2021,19:45,5,26,26362,2,1,0,2,54 Rue Paul Bert,44.923423,4.892549,19,4,2
202100006144,190Â 831,A01,1,1,1,5,2,-1,-1,0,0,-1,2021,17.0,3,1,14,0,1,1,1,,9,,-1,,-1,1,0,1,(1),(1),1,,3,2,9,1,-1,27,11,2021,13:55,1,68,68056,2,1,0,6,Zillisheimerweg,47.7022888927,7.295945473,13,1,1
202100038568,132Â 707,B01,2,2,2,5,1,-1,-1,0,0,-1,2021,24.0,2,2,0,2,1,1,1,,3,109,-1,,-1,2,0,1,9,470,1,, -1,1,0,1,80,23,5,2021,22:00,3,1,1151,1,2,0,3,D109,46.081715,5.284166,22,4,2
202100043059,124Â 708,A01,10,3,2,5,0,-1,-1,2,4,1,2021,54.0,2,2,0,1,7,16,2,,4,RUE LE BRUN,0,,2,2,0,1,(1),(1),2,, -1,1,0,1,30,22,4,2021,12:55,1,75,75113,2,4,0,6,RUE LE BRUN,48.834897,2.353161,12,2,1
202100020082,165Â 726,A01,1,1,2,1,1,0,-1,-1, -1,-1,2021,54.0,0,2,3,0,1,1,1,,4,RABELAIS,0,,2,2,0,1,(1),(1),1,, -1,1,4,1,50,27,8,2021,08:30,1,22,22278,2,1,0,6,RABELAIS,48.5035325728,-2.7470532845,8,1,1
202100005044,192Â 770,B01,1,1,1,4,1,-1,-1,0,0,-1,2021,44.0,2,5,0,2,1,1,1,,2,RN 25,0,,3,4,0,4,9,399,3,, -1,2,0,1,110,30,11,2021,16:10,1,80,80021,1,1,1,3,RN 25,49.92675,2.31024,16,2,2
202100032629,143Â 439,A01,4,2,1,5,1,-1,-1,0,0,-1,2021,18.0,3,2,0,2,8,5,1,,4,5,-1,,2,2,0,2,(1),(1),3,, -1,1,0,1,50,20,4,2021,17:05,1,29,29166,1,1,0,1,Roz Al Len Izella,48.160085,-4.249907,17,6,2
202100031095,146Â 162,A01,1,1,1,0,2,0,-1,-1, -1,-1,2021,31.0,1,1,0,0,0,1,1,,7,MALMONT (ROUTE DE),0,,2,1,0,2,55,0,1,, -1,8,0,1,80,3,7,2021,16:15,1,42,42044,1,1,0,7,Route de Malmont,45.372528,4.325413,16,1,1
202100034434,140Â 183,A01,1,1,1,4,2,6,-1,0,0,-1,2021,19.0,2,1,1,0,8,14,1,,4,RUE BOUSSINGAULT,0,,2,2,0,1,(1),(1),1,, -1,1,0,1,30,13,6,2021,21:45,2,75,75113,2,1,0,6,RUE BOUSSINGAULT,48.825687,2.342671,21,1,1
202100007897,187Â 621,A01,1,1,1,9,0,-1,-1,0,0,-1,2021,19.0,1,1,1,0,1,0,1,,3,940,-1,,3,2,0,1,28,200,3,, -1,1,0,8,50,17,11,2021,01:00,4,46,46038,2,9,1,6,Avenue de la RÃ©publique,44.917247,1.838552,1,1,1
202100000948,200Â 057,A01,1,1,2,0,1,0,-1,-1, -1,-1,2021,22.0,1,2,3,0,9,1,1,,1,A7-Sens Marseille vers Lyon,0,,1,2,0,1,262,399,1,, -1,1,0,1,110,30,12,2021,09:00,1,13,13117,1,1,0,5,A7-Sens Marseille vers Lyon,43.43002,5.25988,9,1,1
202100039237,131Â 478,A01,1,1,1,5,1,-1,-1,-1,0,-1,2021,42.0,2,2,3,0,3,13,1,,1,AUTOROUTE A15,0,,3,6,0,2,22,200,1,, -1,1,0,1,90,20,5,2021,02:45,3,95,95572,1,1,0,6, A15,49.0333,2.1055,2,1,1
202100039684,130Â 645,A01,2,2,2,0,1,0,-1,-1, -1,-1,2021,53.0,3,2,0,2,7,19,1,,9,JEAN RENOIR (RUE),0,,-1,2,0,1,0,0,1,, -1,2,0,1,30,16,5,2021,18:55,1,91,91549,2,3,1,3,JEAN RENOIR (RUE),48.64,2.35,18,4,2
202100047056,117Â 659,B01,1,1,2,5,1,0,-1,0,0,-1,2021,29.0,2,2,0,2,2,1,1,,4,BOULEVARD DE L HOPITAL,0,,2,2,0,2,(1),(1),1,, -1,1,0,1,50,22,3,2021,12:20,1,75,75113,2,4,0,3,BOULEVARD DE L HOPITAL,48.8387045378,2.3608964682,12,3,2
202100009074,185Â 486,B01,2,2,1,5,2,6,-1,-1,0,-1,2021,19.0,3,1,0,2,2,1,1,,4,DEPART (RUE DU),0,,2,2,0,1,(1),(1),1,, -1,1,0,1,50,6,11,2021,17:02,2,95,95210,2,3,0,3,DEPART (RUE DU),48.9748505939,2.3044561969,17,3,2
202100022823,160Â 814,Z01,10,3,2,3,0,-1,-1,4,3,1,2021,79.0,2,1,0,1,1,1,5,,4,BOULEVARD MASSENA,0,,2,4,0,1,(1),(1),1,, -1,1,0,1,50,23,8,2021,21:00,5,75,75113,2,2,0,6,BOULEVARD MASSENA,48.82012,2.364639,21,2,1
202100014420,175Â 921,A01,1,1,1,1,2,6,-1,-1, -1,-1,2021,29.0,2,1,0,2,1,1,1,,3,ALMA (AV DE L),0,,1,2,0,1,1,0,1,, -1,1,0,1,30,6,10,2021,16:15,1,94,94068,2,2,0,3,Avenue de lâAlma,48.78601,2.49523,16,2,2
202100011175,181Â 754,A01,1,1,1,4,1,9,-1,0,0,-1,2021,42.0,1,2,3,2,1,1,1,,3,3,-1,,2,2,0,1,59,500,1,, -1,1,0,1,80,25,10,2021,14:55,1,31,31395,1,1,0,1,Route de Rieumes,43.464632,1.289091,14,3,2
202100026201,154Â 861,A01,1,1,2,5,1,-1,-1,0,0,-1,2021,40.0,1,2,13,0,3,1,3,,3,8,-1,,2,2,0,1,(1),(1),1,, -1,1,0,3,90,1,8,2021,16:20,1,14,14254,1,1,0,6,D8,49.146598,-0.418317,16,3,1
202100038766,132Â 321,A01,10,3,2,2,0,-1,-1,3,3,1,2021,15.0,1,1,0,1,1,17,1,,4,VICTOR HUGO (AVENUE),0,,1,2,0,1,(1),(1),1,, -1,1,0,1,50,21,5,2021,17:00,1,12,12202,2,1,0,6,Avenue Victor Hugo,44.35111,2.57059,17,2,1
202100017356,170Â 619,B01,2,2,1,5,1,0,-1,-1, -1,-1,2021,21.0,1,0,0,2,1,2,1,,1,AUTOROUTE A1,0,,-1,6,0,1,194,399,1,, -1,1,0,1,130,22,9,2021,17:34,1,62,62907,1,1,0,4,AUTOROUTE A1,50.496175,3.000519,17,4,3
202100033909,141Â 149,B01,1,1,2,1,8,8,-1,-1, -1,-1,2021,32.0,2,1,0,0,0,1,0,,3,7,0,,2,5,0,1,0,0,2,, -1,1,0,1,50,17,6,2021,08:00,1,92,92004,2,2,0,7,DOCTEUR DERVAUX  ( QUAI DU ),48.90916,2.29352,8,2,2
202100054277,104Â 740,B01,1,1,2,1,4,-1,-1,0,0,-1,2021,20.0,1,1,0,2,2,1,5,,4,301,0,D,2,2,0,1,3,0,1,, -1,2,5,1,90,21,1,2021,18:20,5,72,72328,1,6,1,3,La Fontaine Saint Martin,48.022772,0.230965,18,2,2
202100004221,194Â 205,B01,1,1,1,4,2,6,-1,-1,0,-1,2021,37.0,2,1,0,2,1,26,1,,3,CALAIS (ROUTE DE),0,,3,4,0,2,0,600,1,, -1,1,0,1,50,5,12,2021,00:55,4,95,95288,1,1,0,3,CALAIS (ROUTE DE),48.9861503076,2.3611271381,0,2,2
202100000810,200Â 273,A01,1,1,1,5,1,0,-1,-1, -1,-1,2021,49.0,2,2,3,0,1,1,1,,2,RN 104,0,,1,4,0,1,28,329,1,, -1,1,0,1,90,31,12,2021,17:10,3,91,91617,1,1,0,7,RN 104,48.631785,2.51925,17,2,1
202100012601,179Â 191,A01,1,1,1,1,1,0,-1,-1, -1,-1,2021,27.0,1,2,13,0,9,21,1,,1,A12 Y,0,,-1,4,0,1,3,0,1,, -1,1,0,1,110,17,10,2021,06:45,5,78,78043,1,1,0,6,A12 Y,48.822906,2.071772,6,1,1
202100046332,118Â 952,B01,1,1,1,4,1,0,-1,-1, -1,-1,2021,38.0,1,2,14,0,1,1,1,,4,BERTHELOT                           (AV),0,,1,2,0,1,(1),(1),3,, -1,2,0,1,50,27,3,2021,01:40,5,69,69387,2,2,1,3,BERTHELOT                           (AV),45.74348,4.84725,1,3,2
202100037647,134Â 363,B01,1,1,1,1,2,6,-1,0,0,-1,2021,24.0,2,1,0,2,1,1,1,,3,948,0,,2,2,0,1,3,50,1,,6,1,0,1,50,29,5,2021,17:30,1,79,79150,2,2,0,3,Rue de l'Auvergne,46.137631,0.178431,17,3,2
202100017893,169Â 639,B01,2,2,2,9,1,0,-1,-1, -1,-1,2021,20.0,1,2,0,2,2,1,1,,3,JOFFRE MARECHAL AVENUE DU,0,,2,4,0,1,0,0,1,, -1,1,1,1,50,19,9,2021,15:00,1,92,92050,2,1,0,3,JOFFRE MARECHAL AVENUE DU,48.8856698242,2.1966581047,15,5,2
202100037235,135Â 127,B01,2,2,1,5,2,0,-1,-1, -1,-1,2021,19.0,1,1,0,2,4,1,1,,2,PENESME (ROND POINT),0,,1,1,0,1,0,0,2,, -1,1,0,1,50,28,5,2021,16:40,1,50,50602,2,6,0,2,PENESME (ROND POINT),49.63548,-1.57603,16,3,2
202100048470,115Â 124,A01,1,1,2,5,1,-1,-1,0,0,-1,2021,21.0,2,2,2,0,0,13,1,,3,672,-1,,2,2,0,2,19,870,3,, -1,2,0,3,80,11,3,2021,15:45,1,33,33020,1,1,0,6,Les Valains,44.741026,0.062012,15,1,1
202100005338,192Â 249,A01,1,1,1,1,1,0,-1,-1, -1,-1,2021,41.0,1,2,0,2,2,13,1,,2,R-N 57.,0,,2,2,0,1,66,550,2,, -1,2,0,1,80,29,11,2021,18:30,3,25,25634,1,1,0,1,R-N 57.,46.934134,6.342824,18,2,2
202100024543,157Â 791,A01,1,1,2,0,1,0,-1,0,0,-1,2021,58.0,2,2,0,2,1,2,1,,3,MARIGARDE (ROUTE DE LA),0,,2,2,0,1,20,650,1,, -1,1,0,1,50,12,8,2021,08:45,1,6,6069,2,1,0,3,MARIGARDE (ROUTE DE LA),43.653819,6.93503,8,3,2
202100007797,187Â 813,B01,1,1,2,2,1,8,-1,-1, -1,-1,2021,47.0,1,2,0,1,6,1,1,,3,DOCKS,0,,1,1,0,1,0,0,2,, -1,1,0,1,30,8,11,2021,19:00,2,58,58194,2,6,0,3,DOCKS,46.9924,3.1489,19,2,2
202100037438,134Â 738,A01,2,2,2,5,1,0,-1,-1, -1,-1,2021,18.0,1,2,13,0,9,14,1,,7,CRETES (ROUTES DES),0,,2,2,0,3,0,0,4,, -1,1,0,1,80,29,5,2021,23:00,3,13,13028,1,1,0,7,CRETES (ROUTES DES),43.18046,5.58472,23,3,1
202100035662,137Â 965,A01,1,1,1,1,2,2,-1,0,0,-1,2021,44.0,1,1,4,0,8,13,1,,1,VOIE DE DEGAGEMENT OUEST,0,,3,4,0,1,(1),(1),3,, -1,1,0,1,70,8,6,2021,11:45,1,988,98818,1,1,0,6,VE1 sens Sud/Nord,-22.22939,166.45815,11,1,1
202100029095,149Â 740,A01,2,2,2,9,1,-1,-1,0,0,-1,2021,21.0,0,2,1,2,1,1,1,,4,MILLEVOYE (RUE),0,,1,2,1,1,(1),(1),1,, -1,1,0,1,50,8,7,2021,14:15,1,80,80021,2,2,0,3,MILLEVOYE (RUE),49.88667,2.29784,14,3,2
202100000012,201Â 741,B01,1,1,1,5,1,-1,-1,0,0,-1,2021,32.0,1,5,16,2,2,19,1,,3,20,0,D,2,2,0,1,2,100,2,, -1,1,0,1,80,20,10,2021,19:45,3,21,21173,1,1,0,1,D20,47.040701,4.860828,19,3,2
202100037349,134Â 908,A01,1,1,1,0,0,-1,-1,0,0,-1,2021,84.0,1,2,1,0,1,1,1,,3,904,0,,2,2,0,1,1,(1),1,, -1,1,0,8,50,1,6,2021,07:06,1,54,54416,2,1,0,1,Rue de la Croix,48.9350109114,5.8053946503,7,1,1
202100010816,182Â 397,B01,1,1,2,0,6,2,9,0,0,-1,2021,34.0,1,1,0,2,1,17,1,,3,1113,0,D,2,2,0,1,60,594,1,, -1,1,0,1,80,28,10,2021,08:40,2,33,33080,1,3,0,3,D1113,44.730866,-0.532258,8,2,2
202100055095,103Â 333,A01,1,1,1,5,1,-1,-1,0,0,-1,2021,75.0,1,2,8,0,1,14,1,,3,736,0,,2,2,0,2,60,885,1,0,"5,4",1,0,3,80,15,1,2021,16:30,1,16,16366,1,1,0,6,Lieu-dit les Chardonnerets,45.611749,-0.22956,16,1,1
202100020612,164Â 782,B01,1,1,2,5,1,-1,-1,0,0,-1,2021,41.0,3,2,0,2,3,1,1,,3,55,0,,2,2,0,3,21,874,4,, -1,1,0,1,80,7,9,2021,11:35,1,76,76383,1,1,0,3,Route de l Oree du Bois,49.746703,0.961336,11,2,2
202100026854,153Â 720,A01,1,1,2,9,8,0,-1,0,0,-1,2021,27.0,1,0,0,2,8,1,3,,4,RUE LA FAYETTE,0,,1,3,0,1,(1),(1),1,, -1,1,0,1,30,27,7,2021,00:00,5,75,75110,2,5,0,3,RUE LA FAYETTE,48.875892,2.35408,0,2,2
202100025294,156Â 446,A01,1,1,1,5,2,0,-1,-1, -1,-1,2021,41.0,3,1,0,0,8,1,1,,4,,0,,2,2,0,3,(1),(1),3,, -1,2,0,1,50,5,8,2021,17:15,1,37,37261,2,1,1,7,NIESSEL (AVENUE DU GENERAL),47.366154742,0.7005931456,17,2,1
202100040286,129Â 597,D01,1,1,1,3,8,-1,-1,0,0,-1,2021,48.0,1,2,0,2,1,13,1,,3,4,-1,,2,2,0,1,9,300,1,, -1,1,0,1,-1,13,5,2021,07:30,1,68,68143,1,1,0,4,Route dÃ©partementale 4,48.111013,7.404356,7,4,4
202100055097,103Â 330,B01,1,1,1,5,2,-1,-1,0,0,-1,2021,70.0,1,1,0,2,4,2,5,,2,5,-1,,2,4,0,1,9,400,1,, -1,1,0,1,70,14,1,2021,14:55,1,972,97221,1,1,0,2,RN5,14.507192,-60.981417,14,2,2
202100040707,128Â 852,C01,2,2,1,5,1,0,-1,-1, -1,-1,2021,18.0,2,2,0,2,6,2,1,,1,AUTOROUTE A6,0,,3,3,0,1,10,500,1,, -1,1,0,1,110,9,5,2021,15:20,1,91,91689,1,1,0,4,AUTOROUTE A6,48.72917,2.31441,15,5,3
202100028811,150Â 222,A01,7,2,1,9,1,0,-1,0,0,-1,2021,24.0,2,2,13,0,2,14,1,,2,RN 70 (ROUTE EXPRESS),0,,1,2,0,1,36,600,1,, -1,2,0,3,110,14,7,2021,17:25,1,71,71040,1,1,1,6,RN 70 (ROUTE EXPRESS),46.69203,4.37552,17,3,1
202100032773,143Â 195,A01,2,2,2,3,2,-1,-1,0,0,-1,2021,48.0,2,1,0,0,2,1,1,,3,RD2,0,D,2,2,3,1,10,0,1,, -1,2,0,1,50,23,6,2021,10:00,1,973,97309,2,1,1,1,Route de Remire (rd2),4.8995670702,-52.2737738212,10,3,2
202100019547,166Â 692,A01,1,1,2,5,1,-1,-1,0,0,-1,2021,27.0,1,2,0,0,1,2,0,,3,781,0,O,2,2,0,1,7,400,1,, -1,1,0,1,80,8,9,2021,19:40,1,56,56094,1,1,0,2,Lieu Dit Kergatamignan,47.743654,-3.299824,19,2,2
202100035866,137Â 577,B01,1,1,2,0,2,8,-1,-1, -1,-1,2021,48.0,1,1,0,9,1,1,1,,3,BADUEL (ROUTE DE),0,,2,2,0,1,2,750,1,, -1,1,0,1,50,7,6,2021,15:54,1,973,97302,2,1,0,6,BADUEL (ROUTE DE),4.9308,-52.3055,15,3,2
202100050391,111Â 623,A01,1,1,2,5,1,-1,-1,0,0,-1,2021,42.0,1,2,0,2,3,5,1,,2,112,-1,,2,2,0,1,31,389,1,, -1,1,0,1,80,24,2,2021,16:45,1,81,81120,1,1,0,4,400 Route de la Scierie,43.520936,2.30023,16,3,3
202100029920,148Â 325,B01,1,1,1,5,2,-1,-1,0,0,-1,2021,66.0,1,1,0,2,2,1,5,,3,98,0,D,2,2,0,1,21,910,1,, -1,1,0,1,50,9,7,2021,12:45,1,60,60402,2,2,0,3,Rue du GÃ©nÃ©ral de Gaulle,49.3562909381,2.7583375013,12,2,2
202100049180,113Â 845,B01,1,1,1,5,2,-1,-1,0,0,-1,2021,75.0,2,1,0,2,1,0,5,,3,33,-1,D,2,2,0,1,46,100,1,, -1,1,0,1,90,6,3,2021,14:55,1,53,53202,1,1,0,6,L'embranchement,48.412788,-0.927626,14,2,2
202100041857,126Â 808,A01,2,2,2,5,2,-1,-1,0,0,-1,2021,16.0,2,1,0,0,0,17,1,,4,,-1,,2,2,0,1,(1),(1),1,,"6,5",1,9,1,50,2,5,2021,16:10,1,81,81105,2,1,0,7,84 Avenue Charles de Gaulle,43.760928,1.975892,16,2,1
202100011419,181Â 310,B01,1,1,1,9,2,0,-1,0,0,-1,2021,51.0,3,1,0,2,7,1,3,,4,RUE ORDENER,0,,2,2,0,1,(1),(1),1,, -1,1,0,1,30,23,10,2021,16:15,1,75,75118,2,4,0,3,RUE ORDENER,48.89088,2.353246,16,2,2
202100004121,194Â 375,A01,1,1,1,4,2,6,-1,0,0,-1,2021,49.0,2,1,0,2,2,18,1,,4,BOULEVARD DE MAGENTA,0,,2,6,2,2,(1),(1),1,, -1,1,5,5,30,8,12,2021,13:12,1,75,75110,2,5,0,3,BOULEVARD DE MAGENTA,48.878531,2.354053,13,2,2
202100033142,142Â 516,B01,2,2,2,5,8,-1,-1,0,0,-1,2021,47.0,1,2,0,2,3,1,1,,1,10,0,,3,3,0,1,79,750,1,,"13,5",1,0,1,130,20,6,2021,03:30,3,45,45008,1,1,0,3,A10 - PK 079+750,48.074151,1.849523,3,5,2
202100029871,148Â 398,A01,1,1,1,0,2,6,-1,0,0,-1,2021,59.0,1,1,0,2,9,17,1,,2,22,0,T,-1,2,0,1,4,980,1,, -1,1,0,1,50,10,7,2021,11:52,1,201,201271,2,1,0,3,T22,41.957615,8.801529,11,2,2
202100005017,192Â 816,A01,10,3,1,5,8,8,-1,2,3,1,2021,31.0,1,2,0,1,1,1,1,,4,BAUDIN (BOULEVARD PAUL),0,,2,2,0,1,(1),(1),1,, -1,1,0,1,50,2,12,2021,21:00,5,45,45208,2,1,0,6,Boulevard Paul Baudin,48.0007870339,2.7341237739,21,2,1
202100014397,175Â 975,B01,1,1,2,1,1,0,-1,-1, -1,-1,2021,51.0,3,2,0,2,7,1,1,,2,RTE N113 MARSEILLE A BORBEAUX,0,,1,2,0,1,73,0,1,, -1,1,0,1,90,6,10,2021,08:05,1,13,13004,1,1,0,3,RTE N113 MARSEILLE A BORBEAUX,43.66922,4.62609,8,2,2
202100007172,188Â 939,A01,1,1,2,9,1,-1,-1,0,0,-1,2021,28.0,0,2,0,2,1,1,1,,2,ROCADE RN25,0,,3,4,0,1,(1),(1),1,, -1,1,0,1,110,16,11,2021,17:50,3,80,80164,1,1,1,2,ROCADE RN25,49.90104,2.3684,17,2,2
202100033946,141Â 083,A01,1,1,2,2,1,-1,-1,0,0,-1,2021,20.0,2,2,0,2,7,19,1,,3,26,-1,,2,2,0,2,21,300,1,, -1,2,0,1,70,18,6,2021,07:45,1,27,27116,1,1,1,6,Le Clos Hagan - D26,49.190848,0.735698,7,2,2
202100008571,186Â 416,A01,1,1,1,1,2,-1,-1,0,0,-1,2021,22.0,1,1,15,0,0,1,1,,3,316,0,D,2,2,0,2,7,600,3,, -1,2,0,8,80,10,11,2021,17:20,3,27,27611,1,1,0,7,RD 316,49.081006,1.258578,17,1,1
202100033228,142Â 370,A01,10,3,1,5,0,-1,-1,5,3,1,2021,7.0,2,2,0,1,1,1,2,,4,LOMBARD (AVENUE),0,,2,2,0,1,0,0,1,, -1,1,0,1,30,20,6,2021,16:00,1,92,92032,2,1,0,6,LOMBARD (AVENUE),48.7870417439,2.293408066,16,2,1
202100041212,127Â 940,A01,10,3,1,5,0,-1,-1,3,3,1,2021,61.0,1,2,0,0,3,1,1,,3,D1006,0,,2,2,0,1,27,400,2,, -1,1,0,1,50,20,4,2021,18:35,1,38,38064,2,9,0,1,13 route de Lyon,45.56714,5.373661,18,2,1
202100014472,175Â 835,B01,1,1,2,5,2,-1,-1,0,0,-1,2021,56.0,1,1,0,2,6,26,6,,3,28,0,F,2,2,0,1,13,798,1,, -1,1,0,3,90,9,10,2021,15:10,1,61,61422,1,1,0,3,Lieu Dit Percher,48.696994,0.636156,15,2,2
202100012088,180Â 109,A01,1,1,1,5,2,-1,-1,0,0,-1,2021,19.0,0,1,0,0,7,26,1,,4,,-1,,2,2,0,1,(1),(1),1,,5,1,0,1,50,21,10,2021,11:30,1,60,60176,2,1,0,7,Rue Emile Zola,49.223795,2.884217,11,1,1
202100029222,149Â 527,A01,2,2,2,5,1,-1,-1,0,0,-1,2021,76.0,2,2,2,0,1,1,1,,1,26,-1,,3,4,0,1,348,750,1,, -1,2,0,3,130,12,7,2021,12:09,1,10,10430,1,1,1,6,autoroute A26,48.6515011332,4.1746330261,12,2,1
202100012708,179Â 001,A01,1,1,1,5,1,-1,-1,0,0,-1,2021,24.0,1,2,8,0,2,15,1,,3,26,0,D,2,2,0,2,36,900,2,, -1,1,0,8,80,16,10,2021,00:33,5,51,51657,2,1,0,7,D26,49.23235,3.911473,0,1,1
202100028458,150Â 847,A01,10,3,1,5,0,-1,-1,2,A,2,2021,11.0,3,2,0,1,2,14,1,,4,8 MAI 1945 (du),0,,1,1,0,1,(1),(1),1,, -1,1,9,1,20,16,7,2021,17:15,1,80,80001,2,1,0,6,8 MAI 1945 (du),50.1104545037,1.8396252394,17,2,1
202100009899,183Â 999,A01,10,3,1,3,8,8,-1,3,3,1,2021,80.0,1,2,0,1,1,1,0,,3,BEAUSSET (ROUTE DU),0,,2,1,0,1,0,0,1,, -1,1,0,1,50,22,10,2021,17:10,1,83,83009,2,1,0,6,BEAUSSET (ROUTE DU),43.1468,5.76526,17,2,1
202100039086,131Â 768,A01,1,1,2,5,8,0,-1,-1, -1,-1,2021,45.0,1,1,0,2,7,19,5,,4,MARGUERITE YOURCENAR (RUE),0,,2,2,1,1,0,0,1,, -1,2,0,1,30,19,5,2021,19:10,1,67,67482,2,3,0,3,MARGUERITE YOURCENAR (RUE),48.597477,7.70387,19,2,2
202100052017,108Â 729,A01,1,1,2,0,2,0,-1,-1, -1,-1,2021,33.0,1,1,0,0,7,1,1,,1,A621,0,,-1,6,0,2,2,124,1,, -1,2,0,1,90,8,2,2021,08:25,1,31,31069,1,1,1,7,A621,43.62131,1.39639,8,1,1
202100043643,123Â 664,A01,1,1,1,0,2,6,-1,0,0,-1,2021,39.0,2,1,0,2,1,1,1,,7,6007,0,,2,2,0,1,(1),(1),1,, -1,1,0,1,50,17,4,2021,14:00,1,6,6027,2,3,0,2,NICE AVENUE DE (RN7),43.659265,7.166563,14,2,2
202100003826,194Â 911,A01,1,1,2,5,1,0,-1,0,0,-1,2021,25.0,1,2,7,0,1,13,1,,4,BOULEVARD DE L HOPITAL,0,,1,6,0,1,(1),(1),1,, -1,1,0,1,30,9,12,2021,03:37,5,75,75105,2,4,0,6,BOULEVARD DE L HOPITAL,48.843185,2.364156,3,2,1
202100042323,125Â 971,B01,1,1,1,0,2,-1,-1,0,0,-1,2021,47.0,0,1,0,2,7,17,5,,4,BRIAND  ARISTIDE RUE,0,,2,2,0,1,(1),(1),1,, -1,1,5,1,50,27,4,2021,13:45,1,29,29232,2,3,0,3,Rue le Dean,47.99359,-4.09589,13,2,2
202100049208,113Â 796,B01,1,1,1,0,1,0,-1,-1, -1,-1,2021,36.0,1,2,1,0,1,2,1,,1,AUTOROUTE A1,0,,3,10,0,1,12,699,1,, -1,1,0,1,110,5,3,2021,12:50,1,93,93005,1,1,0,2,AUTOROUTE A1,48.96502,2.47478,12,2,2