Num_Acc,id_vehicule,num_veh,place,catu,sexe,trajet,secu1,secu2,secu3,locp,actp,etatp,year_acc,victim_age,senc,catv,obs,obsm,choc,manv,motor,occutc,catr,voie,v1,v2,circ,nbv,vosp,prof,pr,pr1,plan,lartpc,larrout,surf,infra,situ,vma,jour,mois,an,hrmn,lum,dep,com,agg_,int,atm,col,adr,lat,long,hour,nb_victim,nb_vehicules
202100034066,140Â 869,A01,1,1,1,5,2,-1,-1,-1, -1,-1,2021,44.0,2,1,8,0,1,13,1,,4,RUE DE LA MISSION DU HAUT BRION,0,,2,2,1,1,(1),(1),3,, -1,1,0,1,50,16,6,2021,03:10,4,33,33522,2,6,0,6,Avenue de la Mission Haut Brion,44.80811,-0.60566,3,1,1
202100019772,166Â 305,A01,1,1,1,5,1,-1,-1,0,0,-1,2021,34.0,1,2,2,0,7,1,1,,3,96,0,D,2,2,0,1,(1),(1),1,, -1,1,0,3,80,11,9,2021,09:10,1,63,63120,1,1,0,6,CD96,45.653603,3.193181,9,1,1
202100023020,160Â 480,B01,1,1,1,4,2,6,-1,-1,0,-1,2021,18.0,2,1,0,2,1,1,1,,3,BROSSELETTE (RUE PIERRE),0,,2,2,0,1,1,400,1,, -1,1,9,1,50,26,7,2021,09:50,1,95,95585,2,1,0,1,RD 10,48.99476,2.37891,9,2,2
202100024267,158Â 291,B01,1,1,1,0,1,0,-1,0,0,-1,2021,22.0,1,2,0,2,2,1,1,,7,RD 73,0,,2,2,0,1,(1),(1),1,, -1,1,0,1,50,13,8,2021,16:10,1,54,54328,2,2,0,3,RD 73,48.6220252935,6.1794622242,16,3,2
202100034724,139Â 646,A01,1,1,1,1,8,0,-1,-1, -1,-1,2021,37.0,1,2,4,0,9,0,1,,1,A13,0,,-1,3,0,1,33,599,1,, -1,1,0,1,110,13,6,2021,05:35,1,78,78090,1,1,0,6,A13,48.969631,1.913324,5,1,1
202100046890,117Â 958,Z01,10,3,2,3,0,-1,-1,3,3,1,2021,51.0,2,2,0,1,0,0,1,,4,VALLEE (RUE DE LA),0,,2,2,0,1,(1),(1),1,, -1,1,0,1,50,6,3,2021,17:50,1,76,76351,2,2,0,6,VALLEE (RUE DE LA),49.49487,0.15445,17,2,1
202100026247,154Â 780,C01,1,1,1,5,1,0,-1,-1, -1,-1,2021,56.0,2,2,0,2,4,2,1,,1,6,0,,1,3,0,2,8,560,1,, -1,1,0,1,110,31,7,2021,15:00,1,91,91689,1,1,0,4,AUTOROUTE A6B,48.743389,2.321569,15,5,5
202100037329,134Â 945,B01,1,1,1,5,2,-1,-1,0,0,-1,2021,82.0,1,1,0,0,9,26,5,,3,921,0,,2,2,0,1,0,70,1,, -1,1,0,3,80,1,6,2021,14:25,1,73,73218,1,1,0,7,D921,45.847613,5.807412,14,2,2
202100016596,171Â 969,A01,10,3,1,9,0,-1,-1,1,5,1,2021,23.0,0,2,0,1,1,1,1,,4,2,0,C,2,2,0,1,(1),(1),1,, -1,1,0,1,80,26,8,2021,16:00,1,29,29147,1,1,0,6,Route du Trevoux,47.8975086241,-3.5907412787,16,2,1
202100014266,176Â 196,A01,2,2,1,5,1,-1,-1,0,0,-1,2021,23.0,2,2,2,0,3,13,1,,3,933,0,D,2,2,0,1,0,700,1,, -1,1,0,3,90,10,10,2021,04:55,3,40,40026,1,1,1,6,Avenue de la Chalosse,43.786207,-0.560753,4,3,1
202100028530,150Â 721,A01,2,2,1,5,2,6,-1,0,0,-1,2021,16.0,1,1,0,0,8,1,1,,3,252,0,A,2,2,0,3,3,600,2,, -1,1,0,1,-1,17,7,2021,18:50,1,63,63319,1,1,0,7,D252a,45.5443363997,3.8869443487,18,2,1
202100014237,176Â 239,B01,1,1,1,1,0,-1,-1,0,0,-1,2021,25.0,1,1,0,2,1,1,6,,3,765,-1,D,1,1,0,1,38,455,2,, -1,1,0,1,50,6,10,2021,13:20,1,41,41194,2,6,0,3,Rond point de chatlievre,47.342212,1.749012,13,2,2
202100033001,142Â 758,A01,2,2,2,9,1,0,-1,-1, -1,-1,2021,40.0,2,2,3,0,2,0,1,,1,AUTOROUTE A15,0,,3,8,0,1,5,599,1,, -1,1,2,1,90,21,6,2021,15:50,1,92,92036,1,1,0,6,AUTOROUTE A15,48.9472253644,2.2815667997,15,2,1
202100035285,138Â 632,A01,1,1,1,0,2,8,-1,-1, -1,-1,2021,26.0,1,1,0,2,1,1,1,,4,SAINT LOUP (BOULEVARD DE),0,,2,2,0,1,0,0,1,, -1,1,0,1,50,10,6,2021,20:29,1,13,13211,2,1,0,3,SAINT LOUP (BOULEVARD DE),43.2836405304,5.4345423155,20,2,2
202100052136,108Â 519,A01,2,2,2,5,1,0,-1,0,0,-1,2021,33.0,2,2,4,0,1,13,1,,4,ECHANGEUR BAGNOLET,0,,1,4,0,1,(1),(1),1,, -1,2,0,1,70,7,2,2021,13:30,1,75,75120,2,1,1,6,ECHANGEUR BAGNOLET,48.8631949487,2.4140685797,13,2,1
202100020380,165Â 211,A01,1,1,2,1,1,-1,-1,0,0,-1,2021,51.0,2,2,13,0,8,13,1,,3,18,0,D,2,2,0,1,10,50,1,, -1,1,0,3,90,7,9,2021,13:20,1,61,61163,1,1,0,6,Lieu Dit les Novalles,48.642501,-0.476253,13,1,1
202100032304,144Â 015,B01,1,1,1,5,1,0,-1,0,0,-1,2021,33.0,2,2,1,0,0,13,1,,2,ITALIE (ROUTE D'),0,,2,2,0,1,164,152,3,, -1,1,0,3,70,26,6,2021,01:15,3,5,5023,1,1,0,1,ITALIE (ROUTE D'),44.90971,6.66628,1,4,2
202100010725,182Â 558,A01,1,1,1,5,1,0,-1,-1, -1,-1,2021,55.0,3,2,9,0,2,14,1,,4,HUIT MAI 1945   AVENUE DU,0,,1,2,0,1,(1),(1),2,, -1,1,0,1,50,27,10,2021,15:38,1,17,17200,2,1,0,6,HUIT MAI 1945   AVENUE DU,46.17901,-1.15258,15,1,1
202100048392,115Â 258,A01,1,1,2,0,1,-1,-1,-1, -1,-1,2021,57.0,1,2,0,2,2,9,1,,4,FLORIAN      (Rue),0,,2,2,0,1,(1),(1),1,, -1,1,0,1,50,11,3,2021,14:20,1,69,69266,2,2,0,3,FLORIAN (R),45.7601,4.88075,14,2,2
202100051538,109Â 574,B01,1,1,2,2,1,-1,-1,0,0,-1,2021,50.0,2,2,0,2,3,1,1,,3,964,0,D,2,2,0,1,50,800,3,, -1,1,0,1,30,15,2,2021,09:45,1,55,55054,1,1,0,6,D964,48.871209,5.524065,9,3,2
202100032983,142Â 795,C01,1,1,1,5,1,0,-1,-1, -1,-1,2021,59.0,2,2,0,2,4,0,1,,1,A507 sens Aubagne- Marseille,0,,-1,3,0,1,5,260,1,, -1,1,1,1,70,21,6,2021,09:30,1,13,13055,1,1,0,2,A507 sens Aubagne- Marseille,43.31947,5.42277,9,4,4
202100046590,118Â 490,B01,1,1,1,1,8,-1,-1,0,0,-1,2021,33.0,2,1,0,2,1,1,6,,4,DALEAS (RUE),0,,2,2,0,1,(1),(1),1,, -1,1,0,1,50,25,3,2021,17:16,1,65,65440,2,3,0,3,DALEAS (RUE),43.225669,0.082263,17,2,2
202100045620,120Â 189,A01,10,3,2,5,0,-1,-1,2,3,3,2021,7.0,2,5,0,1,1,1,2,,4,BOULEVARD DE CLICHY,0,,2,6,3,1,(1),(1),1,, -1,1,0,1,30,1,4,2021,11:27,1,75,75109,2,1,0,6,BOULEVARD DE CLICHY,48.884136,2.32899,11,2,1
202100018073,169Â 330,A01,1,1,2,0,1,-1,-1,0,0,-1,2021,56.0,2,2,5,2,1,13,1,,2,20,0,,2,2,0,2,120,370,3,, -1,1,9,1,80,19,9,2021,01:30,3,202,202055,1,1,0,4,T20,42.5069389503,9.3308687213,1,6,3
202100032038,144Â 482,A01,10,3,1,0,0,-1,-1,2,3,1,2021,70.0,1,2,0,1,3,15,1,,3,4,0,A,2,2,0,1,(1),(1),4,, -1,1,0,1,50,26,6,2021,12:00,1,88,88246,2,3,0,6,1 Rue de la Grande RangÃ©e,48.265787,6.142328,12,2,1
202100053072,106Â 858,B01,1,1,1,5,2,6,-1,-1, -1,-1,2021,16.0,3,1,0,2,1,2,1,,3,GROSS-UMSTADT (AVENUE DE),0,,2,1,0,1,999,150,1,, -1,1,0,1,50,29,1,2021,17:35,2,7,7102,2,1,0,3,GROSS-UMSTADT (AVENUE DE),44.94009,4.86453,17,2,2
202100003150,196Â 136,A01,10,3,1,0,0,-1,-1,3,1,1,2021,14.0,1,2,0,1,1,1,1,,7,,0,,3,4,0,1,(1),(1),1,, -1,1,0,1,50,13,12,2021,14:00,1,6,6027,2,1,0,6,ALPES AVENUE DES,43.662831,7.131726,14,2,1
202100002102,198Â 040,A01,1,1,1,5,2,6,9,0,0,-1,2021,35.0,1,1,0,0,7,0,1,,2,333,-1,,1,1,0,1,30,(1),1,, -1,9,9,1,50,21,12,2021,19:30,3,54,54588,1,1,0,7,aire de stationnement  nationale 333,48.5909864291,6.4212727548,19,1,1
202100008866,185Â 893,B01,1,1,1,5,2,6,-1,0,0,-1,2021,18.0,3,1,0,2,8,1,1,,4,,-1,,2,2,0,1,(1),(1),1,,4,1,0,1,50,28,10,2021,19:40,5,86,86174,2,2,0,3,1 Rue de la Grotte,46.757316,0.477918,19,2,2
202100051385,109Â 831,A01,1,1,1,5,8,0,-1,-1, -1,-1,2021,15.0,3,1,0,2,1,13,1,,4,COUCOU FRANCK (ALLEE),0,,2,2,0,1,0,0,3,, -1,1,0,1,30,13,2,2021,12:00,1,974,97407,2,1,0,1,COUCOU FRANCK (ALLEE),-20.94081,55.30457,12,2,2
202100038717,132Â 427,A01,1,1,1,5,0,-1,-1,0,0,-1,2021,21.0,1,2,8,0,3,14,1,,3,916,-1,,2,2,0,2,6,950,1,, -1,1,0,8,50,23,5,2021,20:00,1,59,59416,2,1,0,6,35 Rue de Saint-venant,50.683908,2.511065,20,3,1
202100023740,159Â 183,B01,1,1,2,5,1,0,-1,0,0,-1,2021,40.0,1,2,0,2,3,1,1,,4,RUE DU THEATRE,0,,2,2,0,1,(1),(1),1,, -1,1,0,1,30,17,8,2021,21:00,5,75,75115,2,2,0,3,RUE DU THEATRE,48.8502,2.284915,21,2,2
202100044292,122Â 493,A01,1,1,2,3,1,0,-1,0,0,-1,2021,59.0,1,2,0,2,4,2,1,,4,AVENUE DES GOBELINS,0,,3,2,0,1,(1),(1),1,, -1,1,5,1,50,11,4,2021,13:30,1,75,75105,2,5,0,2,AVENUE DES GOBELINS,48.838462,2.350706,13,2,2
202100042830,125Â 105,A01,1,1,1,0,8,0,-1,-1, -1,-1,2021,17.0,0,2,2,0,1,1,1,,4,RAVEL. BOULEVARD MAURICE,0,,2,2,0,1,(1),(1),1,, -1,1,4,4,50,23,4,2021,02:10,5,76,76322,2,1,0,6,RAVEL. BOULEVARD MAURICE,49.40558,1.04371,2,1,1
202100044653,121Â 898,B01,3,2,1,5,1,0,-1,-1, -1,-1,2021,13.0,3,2,0,2,1,0,1,,4,MASCAREIGNES(BOULEVARD),0,,2,2,0,1,0,0,1,, -1,1,0,1,50,7,4,2021,14:45,1,974,97407,1,1,0,3,MASCAREIGNES(BOULEVARD),-20.9335,55.30883,14,7,2
202100048462,115Â 135,B01,1,1,1,0,0,-1,-1,0,0,-1,2021,69.0,1,1,0,2,6,1,5,,3,794,-1,,2,2,0,1,67,480,1,, -1,1,2,1,80,11,3,2021,18:22,1,35,35226,1,1,0,2,D794,48.428353,-1.913638,18,2,2
202100009560,184Â 616,A01,1,1,1,0,1,0,-1,-1, -1,-1,2021,29.0,2,2,0,2,1,2,1,,1,AUTOROUTE A104,0,,1,6,0,1,3,799,1,, -1,2,0,1,90,4,11,2021,07:00,3,93,93078,1,1,1,4,AUTOROUTE A104,48.95848,2.53321,7,3,3
202100038168,133Â 422,B01,1,1,1,5,8,0,-1,-1, -1,-1,2021,56.0,2,1,0,2,3,19,5,,4,INDRE (RUE DE L ),0,,2,3,0,1,0,0,3,, -1,1,0,1,50,22,5,2021,14:15,1,67,67482,2,1,0,3,INDRE (RUE DE L ),48.551811,7.766178,14,2,2
202100027776,152Â 064,Z01,10,3,1,1,8,8,-1,2,3,1,2021,51.0,1,2,0,1,1,26,1,,3,CASANOVA DANIELLE NR 2 A 50 ET 1 A 19,0,,2,2,0,1,0,1,1,, -1,1,0,1,50,15,7,2021,03:12,5,93,93066,2,2,0,2,"""PERI GABRIEL, NR 2  A 114 ET 1 A 133""",48.929789,2.356469,3,2,1
202100015053,174Â 804,C01,1,1,2,0,1,0,-1,-1, -1,-1,2021,49.0,1,2,0,0,4,23,1,,3,RD 956,0,,3,4,0,1,0,823,1,, -1,1,0,1,90,4,10,2021,17:40,1,41,41295,1,1,0,4,RD 956,47.5694,1.37048,17,6,3
202100023812,159Â 058,B01,1,1,1,5,2,6,-1,0,0,-1,2021,17.0,2,1,8,2,1,17,1,,3,437,0,,2,2,0,1,1,250,1,, -1,1,0,1,50,17,8,2021,17:20,1,67,67252,2,1,0,3,6a Rue de Weyersheim,48.735368,7.800549,17,3,2
202100042006,126Â 535,B01,1,1,1,0,2,0,-1,-1, -1,-1,2021,24.0,1,1,0,2,8,1,3,,4,PAUL VERLAINE (RUE),0,,2,2,1,1,(1),(1),1,, -1,1,0,1,50,20,4,2021,12:54,1,86,86194,2,2,0,3,Rue Paul Verlaine,46.5671,0.3599,12,2,2
202100039479,131Â 039,A01,1,1,1,4,2,6,-1,0,0,-1,2021,19.0,1,1,0,0,7,16,3,,4,RUE DE GRENELLE,0,,1,1,0,1,(1),(1),1,, -1,2,0,1,50,18,5,2021,20:50,1,75,75107,2,2,1,7,RUE DE GRENELLE,48.85806,2.310014,20,1,1
202100046076,119Â 392,B01,1,1,1,9,1,0,0,-1, -1,-1,2021,35.0,2,2,0,2,1,1,1,,4,ALBERT MARCELLIN,0,,2,2,0,1,(1),(1),1,, -1,1,0,1,50,29,3,2021,13:35,1,66,66136,2,1,0,3,ALBERT MARCELLIN,42.6892,2.89325,13,2,2
202100037995,133Â 746,A01,10,3,2,0,0,-1,-1,4,3,1,2021,19.0,2,2,0,1,1,1,1,,7,HOTEL DE VILLE (RUE DE L'),0,,2,3,0,1,(1),(1),1,, -1,1,0,1,50,26,5,2021,07:59,1,63,63032,2,5,0,6,HOTEL DE VILLE (RUE DE L'),45.7532758993,3.0877860635,7,2,1
202100051264,110Â 049,B01,1,1,1,3,0,-1,-1,0,0,-1,2021,50.0,3,1,0,2,1,1,3,,6,JEAN JAURES (AVENUE),0,,-1,-1,0,1,(1),(1),1,, -1,1,0,1,50,12,2,2021,11:30,1,89,89024,2,1,0,3,JEAN JAURES (AVENUE),47.79718,3.57986,11,2,2
202100016692,171Â 791,A01,1,1,1,0,8,-1,-1,0,0,-1,2021,25.0,3,2,2,0,2,14,1,,3,89,-1,,2,2,0,1,(1),(1),1,, -1,1,0,3,80,25,9,2021,01:15,3,40,40296,1,1,0,6,Avenue des Lacs,43.708129,-1.422536,1,1,1
202100005867,191Â 304,B01,1,1,1,0,2,0,-1,-1, -1,-1,2021,33.0,1,1,0,2,1,1,1,,3,MADELEINE (ROUTE DE LA),0,,2,2,0,1,1,800,1,, -1,1,0,1,50,27,11,2021,09:50,1,973,97302,2,1,0,3,MADELEINE (ROUTE DE LA),4.9264707791,-52.3244261743,9,2,2
202100028901,150Â 065,A01,1,1,2,1,0,-1,-1,0,0,-1,2021,41.0,2,2,15,0,1,1,1,,3,988,0,,2,2,0,1,66,267,1,,4,1,5,3,50,15,7,2021,06:50,2,81,81145,2,2,0,6,Route de Salvagnac,43.853183,1.804762,6,1,1
202100056141,101Â 530,A01,1,1,2,0,1,-1,-1,0,0,-1,2021,45.0,0,2,1,0,5,1,1,,4,SOMME (QUAI DE LA),0,,2,2,0,1,(1),(1),1,, -1,1,0,1,50,1,1,2021,20:20,5,80,80021,2,1,0,6,SOMME (QUAI DE LA),49.9022,2.28765,20,1,1
202100006797,189Â 633,B01,1,1,1,0,2,6,-1,-1, -1,-1,2021,27.0,1,1,0,2,8,3,1,,2,RN 104,0,,3,2,0,1,29,500,1,, -1,1,0,1,90,23,11,2021,09:10,1,91,91553,1,1,0,3,RN 104,48.631853,2.500612,9,2,2
202100049376,113Â 503,B01,1,1,1,5,2,0,-1,-1, -1,-1,2021,21.0,2,1,0,2,1,1,1,,4,DE LATTRE DE TASSIGNY (BLD DU MARECHAL),0,,2,4,0,1,(1),(1),1,, -1,1,5,1,50,3,3,2021,07:40,1,71,71306,2,2,0,3,DE LATTRE DE TASSIGNY (BLD DU MARECHAL),46.6777155854,4.3677923083,7,2,2
202100020564,164Â 872,A01,1,1,1,1,2,0,-1,0,0,-1,2021,45.0,1,1,12,0,0,14,3,,4,AVENUE DU GENERAL LECLERC,0,,2,4,0,1,(1),(1),1,, -1,1,0,1,30,5,9,2021,23:35,5,75,75114,2,3,0,6,AVENUE DU GENERAL LECLERC,48.831366,2.3299,23,1,1
202100012324,179Â 705,A01,1,1,1,4,1,-1,-1,0,0,-1,2021,37.0,3,5,0,0,0,1,1,,3,43,-1,,2,2,0,1,4,10,1,, -1,1,0,8,80,1,9,2021,13:46,1,38,38005,1,1,0,6,Route du Villaret,45.14808,6.044508,13,1,1
202100026056,155Â 109,A01,1,1,1,5,2,6,-1,0,0,-1,2021,43.0,1,1,11,0,1,17,1,,7,712,-1,,3,4,0,1,74,500,1,, -1,1,0,1,70,31,7,2021,00:45,5,29,29075,1,1,0,6,Boulevard Michel Briant,48.422337,-4.422437,0,1,1
202100007854,187Â 697,A01,1,1,2,9,2,0,-1,0,0,-1,2021,58.0,1,1,0,2,2,2,1,,4,BOULEVARD DE MENILMONTANT,0,,3,2,0,1,(1),(1),1,, -1,1,0,1,30,16,11,2021,18:50,5,75,75111,2,2,0,2,BOULEVARD DE MENILMONTANT,48.867055,2.383078,18,2,2
202100051053,110Â 418,B01,1,1,1,0,2,0,-1,-1, -1,-1,2021,24.0,3,1,0,2,8,9,1,,4,BIRGE BOULEVARD,0,,2,4,0,1,1,0,1,, -1,2,0,1,50,17,2,2021,07:55,2,49,49007,2,1,0,3,BIRGE BOULEVARD,47.4714,-0.51912,7,2,2
202100047189,117Â 417,B01,1,1,1,9,2,6,-1,-1, -1,-1,2021,26.0,1,1,0,2,1,2,1,,1,A7-Sens Lyon vers Marseille,0,,3,3,0,1,275,207,1,, -1,1,0,1,90,21,3,2021,02:50,3,13,13215,1,1,0,2,A7-Sens Lyon vers Marseille,43.3645,5.3605,2,3,2
202100055234,103Â 090,A01,10,3,1,5,0,-1,-1,4,3,1,2021,91.0,1,1,0,1,1,1,1,,3,PETIT ANTOINE (RUE),0,,2,2,0,2,1,0,1,, -1,2,0,1,30,12,1,2021,08:10,5,92,92032,2,9,1,6,PETIT ANTOINE (RUE),48.790185,2.288786,8,2,1
202100009359,184Â 977,A01,1,1,1,0,2,6,-1,0,0,-1,2021,44.0,1,1,0,2,1,1,1,,1,9,0,A,1,3,0,1,123,205,1,, -1,1,3,1,130,5,11,2021,22:15,3,34,34213,1,1,0,2,Autoroute A9 PK 122+800,43.480492,3.679964,22,2,2
202100001953,198Â 311,B01,1,1,1,5,2,-1,-1,0,0,-1,2021,16.0,3,1,0,2,1,1,3,,4,22,-1,C,2,2,0,1,(1),(1),2,, -1,1,0,1,-1,22,12,2021,17:35,3,87,87051,1,1,0,1,Le Pont,45.61063,1.602051,17,3,2
202100018437,168Â 671,A01,1,1,2,0,1,0,-1,-1, -1,-1,2021,23.0,1,2,8,0,1,14,1,,4,,0,,1,2,0,1,0,0,1,, -1,1,0,4,30,17,9,2021,02:33,5,92,92044,2,1,0,6,ALSACE (RUE) NÂ°19 + ET 20+,48.891199,2.295174,2,2,1
202100008455,186Â 626,B01,1,1,1,1,2,8,-1,-1, -1,-1,2021,43.0,3,0,0,2,1,1,3,,4,DE GAULLE (PLACE CHARLES),0,,1,2,0,1,(1),(1),2,, -1,1,0,1,50,10,11,2021,16:40,1,71,71153,2,6,0,3,DE GAULLE (PLACE CHARLES),46.8072559581,4.4324766609,16,2,2
202100004175,194Â 291,B01,1,1,1,1,1,-1,-1,0,0,-1,2021,45.0,2,2,0,2,1,1,1,,3,145,-1,,2,2,0,1,98,150,1,, -1,7,0,1,80,9,12,2021,05:45,3,17,17038,1,1,0,1,RD145,45.197091,-0.3293,5,2,2
202100050109,112Â 169,A01,10,3,2,5,0,-1,-1,2,3,1,2021,47.0,2,2,0,1,3,15,1,,3,935,0,,-1,2,0,1,2,700,1,, -1,1,0,1,50,24,2,2021,16:00,1,45,45248,2,1,0,6,Place de la Halle,48.047928,1.695486,16,2,1
202100052202,108Â 399,A01,3,2,2,0,1,0,-1,-1, -1,-1,2021,8.0,2,2,4,0,1,1,1,,2,RN02,0,,3,4,0,2,123,0,1,, -1,2,0,1,90,7,2,2021,21:00,3,974,97416,1,1,0,6,RN02,-21.35908,55.53549,21,3,1
202100053204,106Â 635,B01,1,1,1,5,2,8,-1,-1, -1,-1,2021,71.0,1,1,0,2,7,1,5,,4,ROUMAT (BD RENE),0,,2,1,0,1,0,0,1,, -1,2,5,1,50,27,1,2021,11:10,1,40,40192,2,6,1,3,ROUMAT (BD RENE),43.88497,-0.47871,11,2,2
202100038348,133Â 085,A01,10,3,1,2,0,-1,-1,3,3,1,2021,13.0,2,2,0,1,1,1,1,,7,BLANCHE PORTE (RUE DE LA),0,,2,3,1,1,(1),(1),1,, -1,2,0,1,50,25,5,2021,17:35,1,59,59599,2,2,1,6,BLANCHE PORTE (RUE DE LA),50.718057,3.154454,17,2,1
202100034673,139Â 748,A01,1,1,2,1,1,-1,-1,0,0,-1,2021,21.0,1,2,2,0,1,1,1,,3,301,0,,2,2,0,1,8,430,2,, -1,1,0,3,90,13,6,2021,06:45,1,72,72328,1,1,0,6,Route de BonnÃ©table,48.058836,0.269712,6,1,1
202100025373,156Â 305,B01,1,1,2,3,9,1,-1,0,0,-1,2021,46.0,1,2,0,2,1,15,1,,2,77,0,,2,3,0,1,13,20,1,, -1,1,5,1,80,6,8,2021,14:39,1,10,10074,1,9,0,6,Rue du Bourget,48.12633,3.964257,14,4,3
202100055902,101Â 952,A01,10,3,2,4,0,-1,-1,3,3,2,2021,39.0,1,2,0,1,2,1,1,,4,MARYSE BASTIE  (RUE   ),0,,1,0,0,1,1,0,1,, -1,2,0,1,30,7,1,2021,08:15,1,77,77181,2,9,0,6,MARYSE BASTIE  (RUE   ),48.82253,2.70172,8,3,1
202100009280,185Â 111,A01,1,1,1,5,2,8,-1,-1, -1,-1,2021,18.0,1,1,0,2,4,1,1,,3,PARIS DE 189-212 A FIN (RUE DE),0,,2,2,0,2,0,0,1,, -1,1,0,1,80,12,9,2021,00:45,3,2,2691,1,1,0,2,PARIS DE 189-212 A FIN (RUE DE),49.836478,3.267819,0,2,2
202100049140,113Â 918,A01,9,2,2,5,1,0,-1,0,0,-1,2021,31.0,2,2,0,2,6,2,1,,4,QUAI DE GESVRES,0,,1,3,0,1,(1),(1),1,, -1,1,0,1,50,5,3,2021,00:00,5,75,75104,2,7,0,2,QUAI DE GESVRES,48.857183,2.34737,0,3,2
202100005951,191Â 156,A01,10,3,1,5,0,-1,-1,4,3,2,2021,11.0,1,2,0,1,1,2,1,,4,PAVIE (AUGUSTE),0,,2,2,2,1,(1),(1),1,, -1,2,0,1,50,26,11,2021,19:50,5,35,35238,2,3,1,6,PAVIE (AUGUSTE),48.10462,-1.649,19,2,1
202100046235,119Â 128,B01,1,1,2,0,1,0,-1,-1, -1,-1,2021,33.0,0,2,0,2,4,2,1,,4,ANDRE BARDON (rue),0,,1,2,0,1,(1),(1),1,, -1,1,0,1,50,27,3,2021,18:10,1,13,13210,2,1,0,2,ANDRE BARDON (rue),43.283595,5.426401,18,3,2
202100025141,156Â 717,A01,1,1,1,4,2,6,-1,0,0,-1,2021,22.0,0,1,0,2,1,1,1,,4,RUE POLIVEAU,0,,1,2,0,1,(1),(1),1,, -1,1,0,1,50,7,8,2021,15:20,1,75,75105,2,2,0,3,RUE POLIVEAU,48.839708,2.356596,15,2,2
202100000966,200Â 028,B01,1,1,1,0,2,0,-1,-1, -1,-1,2021,40.0,1,1,0,2,1,0,0,,4,FLAMBOYANTS (RUE DES),0,,2,2,0,1,(1),(1),1,, -1,2,0,1,50,10,12,2021,12:05,1,973,97302,2,3,1,1,FLAMBOYANTS (RUE DES),4.9237618627,-52.3194712401,12,2,2
202100026928,153Â 580,A01,5,2,2,5,3,0,-1,-1, -1,-1,2021,3.0,1,2,0,2,4,1,1,,1,A507 sens Aubagne- Marseille,0,,1,3,0,1,5,809,1,, -1,1,1,1,70,25,7,2021,22:56,5,13,13055,1,1,0,2,A507 sens Aubagne- Marseille,43.29271,5.42436,22,6,2
202100036095,137Â 161,A01,1,1,1,4,2,6,-1,0,0,-1,2021,32.0,1,1,0,2,1,1,3,,4,BOULEVARD D ALGERIE,0,,2,4,0,1,(1),(1),1,, -1,1,0,1,50,6,6,2021,18:45,1,75,75119,2,1,0,2,BOULEVARD D ALGERIE,48.879958,2.400624,18,2,2
202100047524,116Â 817,A01,10,3,1,2,0,-1,-1,4,3,1,2021,12.0,1,2,0,1,3,15,1,,4,RUE ALFRED ROLL,0,,2,7,0,2,(1),(1),1,, -1,1,0,1,30,18,3,2021,16:45,1,75,75117,2,5,0,6,RUE ALFRED ROLL,48.887215,2.300761,16,2,1
202100026456,154Â 411,B01,1,1,1,0,2,0,-1,0,0,-1,2021,49.0,1,1,0,2,1,1,5,,4,SAINTE CATHERINE (RUE),0,,1,2,2,1,(1),(1),1,, -1,1,0,1,30,26,7,2021,15:50,1,54,54395,2,1,0,3,SAINTE CATHERINE (RUE),48.6951,6.18837,15,2,2
202100019278,167Â 175,A01,8,2,2,5,1,-1,-1,0,0,-1,2021,20.0,2,2,0,2,1,1,1,,1,9,0,A,3,3,0,1,162,0,1,, -1,1,0,1,130,25,8,2021,23:50,3,34,34336,1,1,0,2,A9 pk162+000,43.321993,3.268003,23,6,2
202100052398,108Â 050,A01,10,3,1,5,0,-1,-1,5,5,1,2021,13.0,2,2,0,1,1,1,1,,4,FOURNAS( AVENUE DU),0,,2,2,0,3,0,0,1,, -1,1,0,1,50,12,1,2021,08:05,1,83,83050,2,1,0,6,FOURNAS( AVENUE DU),43.52755,6.464944,8,2,1
202100031518,145Â 424,A01,1,1,1,2,0,-1,-1,0,0,-1,2021,18.0,2,2,-1,0,8,1,1,,3,30,0,,2,2,0,2,40,969,2,, -1,2,0,3,80,28,6,2021,07:55,2,69,69141,1,1,0,6,D30,45.6085296263,4.6685739647,7,1,1
202100054838,103Â 781,A01,1,1,2,5,1,8,-1,-1, -1,-1,2021,21.0,1,2,0,0,8,1,1,,2,104,0,,3,6,0,1,2,200,3,, -1,1,0,1,90,15,1,2021,13:45,1,77,77169,1,1,0,3,RN104.INT,48.8124,2.62885,13,3,2
202100044106,122Â 837,B01,2,2,2,5,1,0,-1,-1, -1,-1,2021,33.0,2,2,0,2,4,26,1,,1,86,0,,3,4,0,1,4,99,1,, -1,1,0,1,90,13,4,2021,16:30,1,92,92025,1,9,0,2,A86,48.9280993721,2.2383538616,16,3,2
202100023303,159Â 963,A01,1,1,2,5,1,4,-1,-1, -1,-1,2021,22.0,3,2,0,2,3,1,6,,4,DE SAINT LOUIS AU ROVE (chemin),0,,3,2,0,1,0,0,1,, -1,1,0,1,50,18,8,2021,18:20,1,13,13215,2,1,0,3,DE SAINT LOUIS AU ROVE (chemin),43.3506411528,5.35428003,18,2,2