Num_Acc,id_vehicule,num_veh,place,catu,sexe,trajet,secu1,secu2,secu3,locp,actp,etatp,year_acc,victim_age,senc,catv,obs,obsm,choc,manv,motor,occutc,catr,voie,v1,v2,circ,nbv,vosp,prof,pr,pr1,plan,lartpc,larrout,surf,infra,situ,vma,jour,mois,an,hrmn,lum,dep,com,agg_,int,atm,col,adr,lat,long,hour,nb_victim,nb_vehicules
202100003343,195Â 786,A01,1,1,2,5,8,-1,-1,0,0,-1,2021,53.0,1,2,6,0,3,13,1,,3,937,-1,,2,2,0,1,7,471,1,, -1,2,0,3,50,12,12,2021,22:15,5,65,65360,2,1,0,6,17 Route de Lourdes,43.104053,-0.114081,22,2,1
202100054110,105Â 028,B01,1,1,1,0,2,6,-1,-1, -1,-1,2021,26.0,1,1,0,2,1,1,1,,3,AV DU MARECHAL DE LATTRE DE TASSIGNY ,0,,1,2,0,1,1,0,1,, -1,2,0,1,50,21,1,2021,07:40,5,94,94033,2,1,0,3,MARECHAL DE LATTRE DE TASSIGNY (AV DU),48.85821,2.49127,7,2,2
202100008692,186Â 198,A01,1,1,1,5,1,0,-1,-1, -1,-1,2021,20.0,0,2,3,2,1,5,1,,3,DOCTEUR PONS (Route touristique),0,,2,2,0,1,0,100,3,, -1,1,0,1,70,5,11,2021,05:50,3,84,84007,2,1,0,1,DOCTEUR PONS (Route touristique),43.95818,4.82773,5,2,2
202100039142,131Â 659,A01,10,3,1,9,0,-1,-1,1,4,1,2021,53.0,2,2,1,1,1,1,2,,4,RUE DE LA CROIX NIVERT,0,,2,2,0,1,(1),(1),1,, -1,2,0,1,50,19,5,2021,10:15,1,75,75115,2,1,1,6,RUE DE LA CROIX NIVERT,48.837703,2.289358,10,3,1
202100037137,135Â 311,A01,1,1,1,0,1,-1,-1,-1, -1,-1,2021,28.0,1,2,0,2,2,1,1,,1,AUTOROUTE A10,0,,3,6,0,1,540,500,1,, -1,1,0,1,110,1,6,2021,09:20,1,33,33096,1,1,0,4,AUTOROUTE A10,44.904179,-0.492941,9,3,3
202100034015,140Â 959,B01,1,1,2,1,8,-1,-1,-1, -1,-1,2021,26.0,2,2,1,2,8,15,1,,4,GEORGES LYVET                       (R ),0,,2,2,0,1,(1),(1),1,, -1,1,0,1,50,16,6,2021,08:40,1,69,69259,2,3,0,3,MAURICE THOREZ (AV),45.70045,4.86775,8,2,2
202100033535,141Â 829,A01,1,1,1,0,1,8,-1,-1, -1,-1,2021,74.0,1,2,4,0,3,1,1,,3,RD 41 (ROCADE),0,,1,1,0,2,6,199,2,, -1,1,2,1,60,18,6,2021,09:50,1,972,97209,1,1,0,7,RD 41 (ROCADE),14.6060237976,-61.0881364346,9,1,1
202100025527,156Â 040,A01,2,2,2,3,2,6,-1,0,0,-1,2021,28.0,1,1,1,0,1,1,1,,3,30,0,,2,2,0,1,7,150,1,, -1,1,0,1,50,3,8,2021,07:30,1,14,14745,2,1,0,3,D30,49.372775,-0.904226,7,3,2
202100055251,103Â 062,B01,1,1,1,5,1,-1,-1,0,0,-1,2021,62.0,2,2,6,0,8,15,3,,2,1,-1,,2,2,0,1,23,500,1,, -1,1,0,1,60,13,1,2021,17:00,1,987,98733,2,1,0,3,Pk 23500 RT1,-17.707165,-149.584056,17,3,2
202100009780,184Â 214,Z01,10,3,2,3,8,8,-1,2,3,1,2021,80.0,2,2,0,1,1,0,1,,4,RUE MATABIAU,0,,1,2,0,1,(1),(1),1,, -1,1,6,1,50,2,11,2021,16:20,1,31,31555,2,1,0,6,RUE MATABIAU,43.61271,1.44875,16,2,1
202100019605,166Â 590,A01,4,2,1,5,1,0,-1,-1, -1,-1,2021,21.0,2,2,0,2,9,18,1,,1,A13,0,,3,4,0,1,25,399,1,, -1,1,9,1,130,11,9,2021,00:30,5,78,78466,1,1,0,6,A13,48.925009,1.998479,0,5,2
202100029532,149Â 007,A01,10,3,1,5,0,-1,-1,5,4,1,2021,67.0,0,5,0,1,5,26,3,,9,,-1,,-1,2,0,1,(1),(1),1,,4,1,0,8,-1,12,7,2021,10:20,1,13,13041,2,9,0,2,Clos des Puits - Route blanche,43.448246,5.472693,10,2,1
202100004055,194Â 498,A01,1,1,1,1,8,0,-1,-1, -1,-1,2021,31.0,1,1,8,0,0,16,5,,4,BAUGE (RUE MICHEL),0,,2,2,0,1,(1),(1),1,, -1,2,0,5,50,1,12,2021,09:50,1,37,37261,2,3,0,7,BAUGE (RUE MICHEL),47.3816443544,0.6682375073,9,1,1
202100017173,170Â 937,A01,10,3,2,5,4,-1,-1,1,9,1,2021,37.0,2,0,0,0,0,2,0,,3,243,0,D,2,2,0,1,5,700,1,, -1,9,0,1,-1,26,9,2021,11:15,1,58,58295,1,1,0,6,D 243 PK 6 dÃ©croissant,47.336284,2.921678,11,2,1
202100051705,109Â 270,B01,1,1,1,1,2,6,-1,0,0,-1,2021,34.0,1,1,0,2,4,23,1,,4,AVENUE CARTELLIER,0,,1,4,0,1,(1),(1),2,, -1,1,0,1,50,12,2,2021,16:10,1,75,75120,2,4,0,2,AVENUE CARTELLIER,48.86475,2.412088,16,2,2
202100004267,194Â 130,B01,1,1,2,1,0,-1,-1,-1, -1,-1,2021,29.0,1,1,0,2,1,1,0,,4,RUE PASTEUR CAUD,0,,2,2,2,1,(1),(1),1,, -1,2,0,1,50,6,12,2021,07:45,2,33,33063,2,3,0,3,Rue Pasteur,44.8470265529,-0.6214678288,7,2,2
202100004278,194Â 111,B01,1,1,1,1,2,6,-1,-1, -1,-1,2021,27.0,2,1,0,2,1,1,1,,4,PRADO (AVENUE DU),0,,2,6,0,1,0,0,1,, -1,1,0,1,50,6,12,2021,22:05,5,13,13208,2,1,0,3,PRADO (AVENUE DU),43.27841,5.38801,22,2,2
202100036954,135Â 645,B01,1,1,2,5,2,-1,-1,-1, -1,-1,2021,58.0,1,1,1,0,1,1,5,,4,FRERES LUMIERE (DES)                (AV),0,,1,1,2,1,(1),(1),1,, -1,1,0,5,50,1,6,2021,14:50,1,69,69388,2,1,0,3,FRERES LUMIERE (DES) (AV),45.74487,4.86709,14,2,2
202100036382,136Â 671,A01,1,1,1,1,1,0,-1,-1, -1,-1,2021,41.0,1,2,12,2,4,13,1,,4,ARMAND (AVE Z.A.C,0,,2,2,0,1,0,0,1,, -1,2,0,1,50,4,6,2021,13:04,1,87,87085,2,1,1,1,ARMAND (AVE Z.A.C,45.86348,1.27312,13,2,2
202100016589,171Â 979,A01,1,1,2,5,2,6,9,0,0,-1,2021,47.0,1,1,0,0,0,9,1,,3,28,-1,,2,2,0,1,56,731,3,, -1,1,0,1,80,24,9,2021,16:50,1,28,28172,1,6,0,7,D28,48.552932,1.669278,16,1,1
202100031107,146Â 137,A01,10,3,2,0,0,-1,-1,4,3,1,2021,24.0,1,2,0,1,1,1,1,,4,AVE PRESIDENT J.F. KENNEDY,0,,3,2,0,1,(1),(1),1,, -1,1,8,1,30,1,7,2021,11:25,1,33,33281,2,9,0,6,Avenue PrÃ©sident John Fitzgerald Kennedy,44.83292,-0.65345,11,2,1
202100032002,144Â 540,A01,1,1,1,-1,0,-1,-1,-1, -1,-1,2021,30.0,1,2,2,0,1,15,1,,4,MARECHAL FOCH (AVENUE DU),0,,1,1,0,1,0,0,2,, -1,2,0,1,50,27,6,2021,03:15,5,93,93007,2,1,1,6,MARECHAL FOCH (AVENUE DU),48.92778,2.46612,3,1,1
202100015036,174Â 832,A01,10,3,1,0,0,-1,-1,3,3,1,2021,22.0,1,2,0,1,1,16,1,,4,MANGIN (AVENUE DU GENERAL),0,,2,2,0,1,(1),(1),3,, -1,1,0,1,30,5,10,2021,09:52,1,54,54395,2,6,0,6,MANGIN (AVENUE DU GENERAL),48.668936233,6.1639109967,9,2,1
202100043675,123Â 609,A01,1,1,1,9,8,-1,-1,0,0,-1,2021,31.0,2,2,0,0,9,1,1,,3,744,0,D,2,2,0,1,20,845,3,,6,1,0,3,80,18,4,2021,00:00,3,79,79261,1,1,0,7,,46.764942,-0.626156,0,1,1
202100014047,176Â 589,A01,10,3,2,5,0,-1,-1,3,3,1,2021,75.0,1,2,0,1,1,1,1,,3,16,0,,2,2,0,1,(1),(1),2,, -1,1,6,1,50,9,10,2021,11:10,1,44,44056,2,5,1,6,Rue Georges Sicard,47.415311,-1.792172,11,2,1
202100048637,114Â 819,A01,1,1,1,5,1,8,-1,-1, -1,-1,2021,18.0,2,2,0,2,1,11,1,,3,RD1407   0.000 A 2.331,0,,2,5,0,1,1,200,1,, -1,1,0,1,50,10,3,2021,09:05,1,38,38544,1,1,0,4,RD1407   0.000 A 2.331,45.54119,4.85494,9,6,3
202100034347,140Â 339,A01,1,1,1,0,0,-1,-1,0,0,-1,2021,20.0,0,2,14,0,3,2,1,,4,,-1,,2,1,0,2,(1),(1),2,,3,1,0,8,50,16,6,2021,01:00,3,76,76733,1,1,0,6,Ligne des Limousins,49.7167362014,1.2740521266,1,2,1
202100003081,196Â 254,B01,1,1,2,0,1,-1,-1,0,0,-1,2021,42.0,0,2,0,2,8,1,1,,2,RN 25,0,,3,4,0,1,8,800,1,, -1,2,0,1,110,9,12,2021,12:30,1,80,80021,1,1,1,3,RN 25,49.9252834839,2.3200036979,12,2,2
202100043550,123Â 818,A01,10,3,1,5,0,-1,-1,3,3,2,2021,3.0,1,2,0,1,3,1,1,,4,CAPELETTE (AVENUE DE LA),0,,2,2,0,1,0,0,1,, -1,1,0,1,50,17,4,2021,16:00,1,13,13210,2,1,0,3,CAPELETTE (AVENUE DE LA),43.2822,5.4032,16,2,1
202100022175,162Â 007,A01,2,2,1,5,2,6,-1,0,0,-1,2021,15.0,1,1,0,2,1,17,1,,4,,-1,,2,2,0,1,(1),(1),1,,"5,5",1,0,1,50,28,8,2021,13:55,1,85,85128,2,3,0,3,86 Rue du PrÃ©sident de Gaulle,46.456368,-1.176481,13,4,2
202100052535,107Â 813,A01,10,3,2,5,0,-1,-1,4,3,1,2021,83.0,3,5,0,1,1,26,1,,4,COURBET ( PLACE ),0,,3,0,0,1,(1),(1),1,, -1,1,0,1,50,3,2,2021,12:35,1,62,62041,2,9,0,6,COURBET ( PLACE ),50.292592,2.747728,12,2,1
202100022895,160Â 696,Z01,10,3,1,0,0,-1,-1,5,1,1,2021,19.0,2,0,0,1,1,25,0,,4,ALPHANDERY (RUE) PAIR,0,,2,2,0,1,0,0,1,, -1,1,0,4,50,31,7,2021,16:50,1,52,52121,2,1,0,6,ALPHANDERY (RUE) PAIR,48.09907,5.13476,16,2,1
202100037471,134Â 689,A01,1,1,1,5,2,6,-1,0,0,-1,2021,69.0,2,1,0,0,0,1,1,,3,17,-1,,2,2,0,1,6,700,4,, -1,1,0,8,80,30,5,2021,15:45,1,28,28012,1,1,0,7,Rue de Courtalain,48.10665,1.174335,15,1,1
202100010939,182Â 172,A01,1,1,1,9,2,6,-1,0,0,-1,2021,29.0,1,1,0,2,1,17,1,,4,AVENUE DE SUFFREN,0,,2,2,0,1,(1),(1),1,, -1,1,0,1,30,26,10,2021,12:40,1,75,75107,2,3,0,3,AVENUE DE SUFFREN,48.852257,2.299195,12,2,2
202100042243,126Â 120,A01,1,1,1,1,2,6,9,0,0,-1,2021,31.0,3,1,13,0,0,17,1,,3,291,0,,2,2,0,1,7,640,1,, -1,1,0,8,80,27,4,2021,13:25,1,49,49155,1,1,0,7,Rue de Grieul,47.597207,-0.694392,13,1,1
202100023047,160Â 424,B01,1,1,2,9,1,-1,-1,0,0,-1,2021,64.0,1,2,0,2,5,2,1,,3,BORDEAUX (ROUTE DE) CD 935,0,,2,2,0,1,38,360,1,, -1,1,0,1,90,26,7,2021,17:10,1,65,65100,1,1,0,2,BORDEAUX (ROUTE DE) CD 935,43.2686110741,0.071003059,17,2,2
202100003298,195Â 872,A01,10,3,2,0,0,-1,-1,6,1,2,2021,46.0,1,2,0,1,4,4,1,,3,109,-1,D,2,2,0,2,20,190,1,, -1,1,0,1,80,13,12,2021,18:30,3,17,17466,1,1,0,6,D109,46.197047,-0.964737,18,2,1
202100043214,124Â 415,A01,1,1,2,5,1,0,-1,-1, -1,-1,2021,83.0,1,2,0,2,1,2,1,,3,,0,,2,2,0,2,0,0,4,, -1,2,0,1,50,21,4,2021,17:19,1,92,92048,2,1,1,2,Avenue de Trivaux,48.79536,2.23232,17,2,2
202100056275,101Â 305,A01,1,1,1,1,2,6,-1,0,0,-1,2021,41.0,2,1,0,2,8,1,1,,4,AVENUE DU PROFESSEUR ANDRE LEMIERE,0,,2,2,0,1,(1),(1),1,, -1,1,0,1,50,4,1,2021,05:52,5,75,75120,2,2,0,6,AVENUE DU PROFESSEUR ANDRE LEMIERE,48.854329,2.41528,5,2,2
202100031345,145Â 714,A01,1,1,1,0,1,-1,-1,0,0,-1,2021,27.0,1,5,2,0,1,13,4,,3,315,-1,D,2,2,0,1,4,0,1,, -1,1,0,1,80,2,7,2021,14:45,1,40,40246,1,9,0,6,Route de Luxey,44.151728,-0.714632,14,1,1
202100005712,191Â 596,A01,10,3,1,2,0,-1,-1,1,1,2,2021,6.0,1,2,0,1,5,1,1,,4,,-1,,1,2,0,1,(1),(1),1,,4,2,0,1,50,30,11,2021,13:00,1,59,59011,2,1,1,6,27 Rue de la France,50.531861,2.932312,13,2,1
202100037385,134Â 843,B01,1,1,2,4,1,8,-1,-1, -1,-1,2021,30.0,1,5,0,2,4,1,1,,1,TVPCD-Sens Les Ports vers Saint Victor,0,,3,2,0,2,1,179,2,, -1,1,1,1,50,27,5,2021,16:50,1,13,13202,1,1,0,4,TVPCD-Sens Les Ports vers Saint Victor,43.30351,5.36468,16,3,3
202100036548,136Â 388,B01,1,1,1,5,2,-1,-1,0,0,-1,2021,53.0,2,1,0,2,1,1,1,,3,38,0,,2,2,2,1,25,230,2,,4,1,0,1,50,5,6,2021,13:10,1,81,81271,2,2,0,3,Route de Garrigues,43.767991,1.68822,13,3,2
202100041883,126Â 755,A01,2,2,2,5,1,8,-1,-1, -1,-1,2021,89.0,1,2,8,0,1,1,1,,3,DIEPPE (ROUTE DE),0,,2,2,0,2,95,185,1,, -1,1,5,1,50,27,4,2021,13:46,1,76,76349,2,2,0,7,DIEPPE (ROUTE DE),49.90145,1.05171,13,2,1
202100012852,178Â 753,B01,2,1,1,2,2,6,-1,-1, -1,-1,2021,14.0,1,1,0,2,1,2,1,,4,PARK NEVEZ (AVENUE DE),0,,2,2,0,1,1,0,1,, -1,1,0,1,30,15,10,2021,16:50,1,22,22113,2,1,0,2,PARK NEVEZ (AVENUE DE),48.72978,-3.44866,16,2,2
202100033510,141Â 883,D01,2,2,2,0,1,-1,-1,-1, -1,-1,2021,30.0,2,2,0,2,4,2,1,,2,ROUTE NATIONALE 230,0,,3,8,0,1,34,865,1,, -1,2,2,1,90,19,6,2021,15:30,1,33,33065,1,1,1,4,Pont FranÃ§ois Mitterrand,44.809245,-0.525181,15,6,4
202100025925,155Â 344,B01,2,2,2,5,1,-1,-1,0,0,-1,2021,43.0,1,2,0,0,9,23,0,,3,35,0,,3,2,1,2,8,882,1,, -1,1,0,1,70,1,8,2021,21:30,3,6,6085,1,1,0,5,Route d Antibes,43.602588,7.027066,21,4,3
202100022251,161Â 869,B01,1,1,1,0,2,0,-1,0,0,-1,2021,27.0,1,1,0,2,8,1,5,,4,VILLERS (RUE DE),0,,1,1,2,4,(1),(1),1,, -1,1,-1,1,30,27,8,2021,07:25,1,54,54395,2,4,0,3,VILLERS (RUE DE),48.6852490599,6.1665079157,7,2,2
202100038126,133Â 513,A01,1,1,2,5,1,-1,-1,-1, -1,-1,2021,19.0,1,2,0,2,1,2,1,,1,ROCADE A 630,0,,3,6,0,1,30,500,1,, -1,1,0,1,90,25,5,2021,17:30,1,33,33550,1,1,0,2,ROCADE A 630,44.777551,-0.559828,17,2,2
202100011526,181Â 115,B01,1,1,1,5,2,0,-1,-1, -1,-1,2021,34.0,1,1,0,2,8,7,1,,4,JULES FAVRE                         (BD),0,,2,4,3,1,(1),(1),1,, -1,1,0,6,50,22,10,2021,22:50,5,69,69386,2,2,0,3,JULES FAVRE (BD),45.766247334,4.8592078961,22,2,2
202100047814,116Â 287,B01,1,1,1,9,1,0,-1,-1, -1,-1,2021,25.0,2,2,0,2,3,1,1,,7,R.N 569,0,,2,2,0,1,8,900,3,, -1,1,0,1,80,16,3,2021,20:15,3,13,13047,1,1,0,1,R.N 569,43.56399,4.98429,20,2,2
202100001131,199Â 750,A01,1,1,2,0,1,-1,-1,-1, -1,-1,2021,22.0,2,2,4,0,1,14,1,,1,AUTOROUTE A 63,0,,1,2,0,2,0,690,2,, -1,2,3,1,50,29,12,2021,09:30,1,33,33318,1,1,1,6,Autoroute A63,44.78941,-0.62339,9,1,1
202100025758,155Â 642,A01,1,1,1,1,2,6,-1,0,0,-1,2021,60.0,2,1,0,2,2,1,1,,3,ST JEAN ( ROUTE DE ),0,,2,2,0,1,7,650,1,, -1,1,0,1,50,2,8,2021,08:00,1,5,5061,2,3,0,3,ST JEAN ( ROUTE DE ),44.53708,6.04934,8,2,2
202100026591,154Â 173,A01,1,1,1,5,2,-1,-1,0,0,-1,2021,59.0,3,1,0,0,0,26,1,,7,39,-1,,2,2,0,1,(1),(1),1,, -1,1,0,1,80,29,7,2021,07:30,1,59,59011,1,1,0,7,M 39,50.517438,2.930131,7,1,1
202100055536,102Â 582,A01,10,3,2,5,8,8,-1,4,3,1,2021,28.0,1,1,0,1,1,1,5,,4,BOULEVARD DE SEBASTOPOL,0,,1,5,0,1,(1),(1),1,, -1,1,0,1,50,10,1,2021,15:15,1,75,75101,2,2,0,6,BOULEVARD DE SEBASTOPOL,48.8595394521,2.3487913769,15,2,1
202100007517,188Â 322,A01,1,1,2,5,1,-1,-1,0,0,-1,2021,28.0,1,2,13,0,9,1,1,,3,56,0,,2,2,0,1,3,900,2,, -1,2,0,8,70,10,10,2021,02:45,3,83,83138,1,1,1,7,route dÃ©partementale 56,43.582485,6.728348,2,1,1
202100044632,121Â 944,B01,1,1,1,5,2,6,-1,0,0,-1,2021,57.0,1,1,0,2,3,17,1,,4,0,0,O,2,2,0,1,(1),(1),4,, -1,1,0,1,50,24,2,2021,14:00,1,6,6085,1,1,0,3,Chemin du Grand Vallon,43.597075,6.966126,14,2,2
202100035319,138Â 578,B01,1,1,1,9,2,6,-1,0,0,-1,2021,36.0,1,1,0,2,8,1,1,,4,RUE DE CHARENTON,0,,2,4,0,1,(1),(1),1,, -1,1,0,1,50,9,6,2021,11:25,1,75,75112,2,2,0,3,RUE DE CHARENTON,48.837307,2.39123,11,2,2
202100029030,149Â 841,B01,1,1,2,5,1,-1,-1,0,0,-1,2021,32.0,2,2,0,2,2,13,1,,3,1075,0,,2,2,0,1,14,900,1,, -1,2,0,1,80,14,7,2021,20:25,2,1,1374,1,1,1,5,route dÃ©partementale 1075,46.088099,5.315897,20,4,3
202100015613,173Â 768,A01,2,2,2,5,1,8,-1,-1, -1,-1,2021,30.0,2,2,8,2,5,1,1,,4,MARTINE (TRAVERSE LA),0,,-1,1,0,1,0,0,4,, -1,1,0,1,50,2,10,2021,08:00,1,13,13211,2,1,0,1,MARTINE (TRAVERSE LA),43.3011859644,5.4664060184,8,4,2
202100044633,121Â 943,A01,10,3,1,5,0,-1,-1,1,3,1,2021,80.0,1,5,0,1,2,1,1,,2,1,-1,,2,2,0,1,16,100,1,, -1,1,0,1,80,9,4,2021,18:45,3,973,97305,1,1,0,6,PK16.100 RN1,4.93983,-52.411158,18,2,1
202100020978,164Â 170,B01,4,2,1,5,3,0,-1,-1, -1,-1,2021,2.0,2,2,0,2,5,10,1,,3,188 CHEVREUSE,0,,2,2,0,1,9,250,1,, -1,1,0,1,70,3,9,2021,22:58,3,91,91471,1,1,0,3,RD 188 CHEVREUSE,48.692207,2.177146,22,4,2
202100044609,121Â 981,B01,1,1,1,4,2,0,-1,-1, -1,-1,2021,25.0,1,1,0,2,1,1,1,,3,HENRI BARBUSSE (BOULEVARD),0,,2,4,1,2,1,0,1,, -1,2,0,1,30,9,4,2021,21:20,5,93,93048,2,1,1,3,HENRI BARBUSSE (BOULEVARD),48.86979,2.44028,21,2,2
202100013680,177Â 248,A01,1,1,1,1,2,6,-1,0,0,-1,2021,60.0,2,1,0,2,3,15,1,,4,RUE BELGRAND,0,,1,2,1,1,(1),(1),1,, -1,1,-1,5,30,12,10,2021,08:00,1,75,75120,2,5,0,3,RUE BELGRAND,48.864659,2.405655,8,2,2
202100010214,183Â 450,A01,2,2,1,5,8,-1,-1,0,0,-1,2021,37.0,0,2,2,0,1,1,1,,3,123,0,D,1,1,1,1,16,0,2,, -1,2,5,8,50,31,10,2021,02:20,3,60,60508,1,6,1,6,D123,49.308001,2.683024,2,2,1
202100014738,175Â 364,B01,1,1,1,1,2,6,-1,-1, -1,-1,2021,25.0,1,1,0,2,8,2,1,,1,13,0,,1,0,0,1,3,0,1,, -1,1,2,1,70,6,10,2021,18:10,1,92,92064,1,1,0,6,A13,48.8424553232,2.2221676172,18,2,2
202100008027,187Â 382,A01,1,1,1,5,2,6,-1,-1, -1,-1,2021,26.0,1,1,1,0,1,1,1,,4,VAILLANT (CRS EDOUARD),0,,2,4,1,1,(1),(1),1,, -1,1,0,1,50,12,11,2021,02:45,5,33,33063,2,1,0,6,Cours Edouard Vaillant,44.86373,-0.5621,2,2,1
202100007586,188Â 179,A01,1,1,2,1,1,0,-1,-1, -1,-1,2021,43.0,2,2,0,2,4,23,1,,3,MARLIOZ AVENUE DE,0,,2,2,0,1,31,290,1,, -1,1,0,1,50,17,11,2021,18:56,5,73,73008,2,1,0,2,MARLIOZ AVENUE DE,45.67918,5.91043,18,2,2
202100013800,177Â 031,A01,1,1,2,3,1,0,-1,-1, -1,-1,2021,30.0,1,2,0,2,6,1,1,,1,A86 EXT,0,,-1,4,0,1,41,299,1,, -1,1,0,1,90,12,10,2021,13:50,1,94,94028,1,1,0,3,A86 EXT,48.77629,2.43042,13,3,3
202100045338,120Â 699,B01,10,3,1,2,0,-1,-1,3,3,2,2021,16.0,2,2,0,1,4,1,1,,4,SILOS ( RUE DES ),0,,2,2,0,1,0,1,1,, -1,2,0,1,50,28,1,2021,16:24,1,5,5061,2,1,1,2,SILOS ( RUE DES ),44.56601,6.08772,16,4,2
202100019787,166Â 278,B01,1,1,1,0,0,-1,-1,0,0,-1,2021,22.0,0,1,0,2,1,1,5,,4,,-1,,2,2,0,1,(1),(1),1,,4,1,0,1,50,9,9,2021,19:30,5,973,97307,2,1,0,1,Chemin Morthium,4.836096,-52.326647,19,2,2
202100036733,136Â 051,B01,2,2,2,5,1,-1,-1,0,0,-1,2021,90.0,2,2,0,2,7,1,1,,3,887,-1,,2,2,0,1,19,500,2,, -1,1,0,1,80,3,6,2021,18:00,1,29,29256,1,3,0,3,887,48.224644,-4.25467,18,3,2
202100024439,157Â 997,A01,1,1,1,5,2,6,-1,0,0,-1,2021,24.0,2,1,0,2,1,1,1,,2,2,-1,,2,2,0,1,(1),(1),1,, -1,1,0,1,50,12,8,2021,20:00,5,971,97129,1,2,0,3,La Boucan,16.28227,-61.669902,20,2,2
202100009914,183Â 969,A01,10,3,1,0,0,-1,-1,9,B,1,2021,25.0,1,3,0,1,8,26,2,,9,THALES (IMPASSE ),0,,-1,0,0,1,0,9,1,, -1,1,-1,8,50,1,11,2021,21:10,3,13,13117,1,9,0,6,THALES (IMPASSE ),43.44107,5.23721,21,2,1
202100015671,173Â 657,B01,1,1,1,5,2,-1,-1,0,0,-1,2021,76.0,1,1,0,2,8,2,5,,3,19,0,,2,2,0,1,17,600,1,, -1,1,0,1,90,2,10,2021,15:48,1,57,57097,1,1,0,3,D19,49.19497,6.480389,15,2,2
202100036048,137Â 250,A01,1,1,1,0,2,0,-1,-1, -1,-1,2021,42.0,1,1,15,0,1,15,1,,3,BOULEVARD DES HEROS,0,,3,2,0,1,(1),(1),2,, -1,1,2,3,50,29,5,2021,20:24,5,971,97101,2,2,0,6,BOULEVARD DES HEROS,16.24847,-61.52701,20,1,1
202100053717,105Â 716,B01,1,1,2,9,1,8,-1,-1, -1,-1,2021,55.0,1,2,0,2,1,1,1,,4,,0,,-1,0,0,1,(1),(1),1,, -1,1,0,1,50,25,1,2021,15:45,1,69,69266,2,2,0,3,FONTANIERES (DE) (R),45.77588,4.88329,15,2,2
202100007191,188Â 900,B01,1,1,1,0,8,0,-1,-1, -1,-1,2021,20.0,3,1,0,2,1,1,5,,4,CASABLANCA (RUE DE),0,,2,2,0,1,0,0,1,, -1,2,0,1,50,17,11,2021,09:30,1,72,72181,2,6,0,3,CASABLANCA (RUE DE),48.01565,0.2307,9,2,2
202100041410,127Â 582,B01,1,1,1,9,2,0,-1,0,0,-1,2021,53.0,0,1,0,2,0,18,5,,4,AVENUE WINSTON CHURCHILL,0,,2,6,0,1,(1),(1),1,, -1,1,0,1,50,4,5,2021,19:41,1,75,75108,2,2,0,3,AVENUE WINSTON CHURCHILL,48.867747,2.313977,19,2,2
202100006605,189Â 983,B01,1,1,1,4,2,6,-1,-1, -1,-1,2021,18.0,3,1,0,2,3,1,1,,3,ROND POINT DE L'EUROPE,0,,1,2,0,1,0,273,3,, -1,1,5,1,50,22,11,2021,19:35,5,77,77288,1,6,0,3,D606,48.55356,2.64379,19,2,2
202100050857,110Â 773,A01,1,1,2,0,1,-1,-1,-1, -1,-1,2021,80.0,3,2,6,0,1,26,1,,4,COLONEL MANHES (DU)                 (R ),0,,1,1,0,2,(1),(1),2,, -1,1,0,4,50,19,2,2021,10:20,1,69,69259,2,1,0,6,COLONEL MANHES (DU) (R),45.699863167,4.8783282194,10,1,1
202100002460,197Â 377,B01,1,1,1,9,2,6,-1,0,0,-1,2021,31.0,3,1,0,2,2,1,1,,4,PONT MIRABEAU,0,,2,1,0,1,(1),(1),1,, -1,1,2,1,50,17,12,2021,10:35,1,75,75115,2,2,0,3,PONT MIRABEAU,48.846087,2.276968,10,2,2
202100007829,187Â 744,A01,2,2,2,5,1,8,-1,-1, -1,-1,2021,62.0,1,2,0,2,2,1,1,,7,POILUS (AVENUE DES),0,,2,3,0,1,0,0,1,, -1,1,0,1,50,16,11,2021,19:00,5,13,13212,2,1,0,3,POILUS (AVENUE DES),43.31342,5.46347,19,3,2
202100011575,181Â 033,A01,1,1,2,0,0,0,-1,-1, -1,-1,2021,17.0,1,1,0,0,0,9,5,,7,TACQ ANTOINE PLACE,0,,1,1,1,1,(1),(1),1,, -1,2,0,5,50,21,10,2021,17:50,1,59,59350,2,2,1,3,TACQ ANTOINE PLACE,50.62089,3.03469,17,2,2
202100038667,132Â 521,A01,1,1,1,5,2,-1,-1,0,0,-1,2021,22.0,2,0,13,0,7,26,1,,3,46,-1,,2,2,0,1,8,200,1,, -1,1,0,1,50,23,5,2021,16:30,1,35,35082,2,1,0,6,Rue des Erables,47.882578,-1.436307,16,1,1
202100045720,120Â 023,A01,10,3,2,3,-1,-1,-1,3,1,1,2021,84.0,3,2,0,1,4,26,1,,4,VERDUN (PLACE DE),0,,1,2,0,1,(1),(1),1,, -1,1,0,1,50,23,3,2021,17:55,1,65,65440,2,1,0,6,VERDUN (PLACE DE),43.23313,0.0742,17,2,1
202100041257,127Â 851,B01,1,1,2,0,1,8,-1,-1, -1,-1,2021,22.0,0,2,0,2,4,2,1,,4,PARIS (AVENUE DE),0,,2,2,0,1,47,0,1,, -1,1,0,1,50,4,5,2021,14:10,1,91,91223,2,4,0,2,PARIS (AVENUE DE),48.43936,2.16807,14,2,2
202100005307,192Â 302,B01,1,1,1,0,1,0,-1,-1, -1,-1,2021,33.0,1,2,0,2,8,23,1,,2,PERIPHERIQUE EST,0,,1,2,0,1,6,900,1,, -1,1,0,8,90,30,11,2021,09:15,1,44,44172,1,1,0,3,PERIPHERIQUE EST,47.2398,-1.48673,9,2,2