Num_Acc,id_vehicule,num_veh,place,catu,sexe,trajet,secu1,secu2,secu3,locp,actp,etatp,year_acc,victim_age,senc,catv,obs,obsm,choc,manv,motor,occutc,catr,voie,v1,v2,circ,nbv,vosp,prof,pr,pr1,plan,lartpc,larrout,surf,infra,situ,vma,jour,mois,an,hrmn,lum,dep,com,agg_,int,atm,col,adr,lat,long,hour,nb_victim,nb_vehicules
202100017860,169Â 695,A01,4,2,1,5,1,5,-1,-1, -1,-1,2021,23.0,3,2,8,0,1,26,3,,4,REMPARTS   CHEMIN DES,0,,1,2,3,1,(1),(1),4,, -1,2,9,6,30,20,9,2021,06:10,5,17,17300,2,1,1,6,REMPARTS   CHEMIN DES,46.1617723144,-1.1558330403,6,4,1
202100052001,108Â 758,B01,2,2,1,0,1,0,-1,-1, -1,-1,2021,54.0,3,2,0,2,1,0,1,,7,QUEVILLON. ROUTE DE,0,,2,2,0,1,4,500,1,, -1,1,0,1,80,8,2,2021,19:08,3,76,76157,1,1,0,1,QUEVILLON. ROUTE DE,49.4381035853,0.9994654774,19,3,2
202100052456,107Â 950,A01,1,1,2,5,8,0,-1,0,0,-1,2021,32.0,1,2,8,0,1,21,1,,4,RUE DE LAGNY,0,,1,1,1,1,(1),(1),1,, -1,1,0,1,30,5,2,2021,14:40,1,75,75120,2,2,0,6,RUE DE LAGNY,48.849027,2.409238,14,1,1
202100051097,110Â 341,A01,1,1,1,4,2,6,-1,-1, -1,-1,2021,27.0,1,1,0,2,1,1,1,,3,CHARLES GIDE,0,,2,2,0,1,0,1,1,, -1,2,0,1,50,18,2,2021,20:45,5,93,93029,2,3,1,3,CHARLES GIDE,48.9146931489,2.4460909667,20,2,2
202100016707,171Â 758,A01,1,1,1,4,1,5,-1,0,0,-1,2021,23.0,2,2,8,2,8,19,1,,3,1001,-1,D,2,2,0,1,50,920,1,,7,2,0,1,80,27,9,2021,13:20,1,80,80574,1,3,1,3,D1001,50.046833,2.051294,13,3,2
202100044601,121Â 996,B01,1,1,1,1,2,0,-1,-1, -1,-1,2021,22.0,1,1,1,2,1,1,1,,4,R DES ALOUETTES,0,,2,3,0,1,1,0,1,, -1,1,0,1,50,9,4,2021,08:30,1,94,94073,2,1,0,1,ALOUETTES (R DES),48.754017,2.382636,8,2,2
202100025442,156Â 186,A01,5,2,2,0,1,0,-1,-1, -1,-1,2021,15.0,2,2,6,0,1,15,1,,7,JAURES (AVENUE JEAN),0,,2,2,0,1,(1),(1),2,, -1,1,0,4,50,5,8,2021,03:42,5,59,59512,2,1,0,6,JAURES (AVENUE JEAN),50.68073,3.16515,3,6,1
202100008332,186Â 835,A01,1,1,1,0,2,-1,-1,0,0,-1,2021,79.0,1,1,0,2,1,1,1,,3,765,0,,2,2,0,1,64,107,1,,4,1,0,1,50,8,11,2021,17:40,2,56,56007,2,1,0,3,Rue AbbÃ© Philippe le Gall,47.672986,-2.99836,17,2,2
202100049119,113Â 953,B01,1,1,1,0,2,0,-1,-1, -1,-1,2021,28.0,1,1,14,2,0,0,1,,4,PRADO (AVENUE DU),0,,1,2,0,1,(1),(1),1,, -1,1,0,1,50,5,3,2021,13:40,1,13,13206,2,3,0,3,PRADO (AVENUE DU),43.284041,5.384888,13,2,2
202100023089,160Â 341,B01,1,1,1,5,1,8,-1,0,0,-1,2021,68.0,1,2,0,2,4,1,1,,3,,0,,2,2,0,2,0,941,1,, -1,1,0,1,50,2,8,2021,17:10,1,6,6029,2,1,0,2,VALLAURIS (AVENUE DE),43.558415,7.02799,17,2,2
202100024936,157Â 088,B01,1,1,1,5,2,-1,-1,0,0,-1,2021,22.0,2,1,13,2,7,1,1,,3,661,0,D,2,2,0,1,11,460,3,, -1,1,0,1,80,10,8,2021,09:00,1,47,47079,1,3,0,3,Route de Villeneuve,44.379883,0.863585,9,2,2
202100002672,197Â 001,B01,2,2,2,3,1,-1,-1,0,0,-1,2021,83.0,1,2,0,2,7,19,1,,3,943,-1,,2,2,0,1,97,110,1,, -1,1,0,1,50,17,12,2021,14:00,1,62,62043,2,2,0,3,D943,50.908154,1.934248,14,3,2
202100041936,126Â 660,A01,1,1,1,1,2,8,-1,-1, -1,-1,2021,19.0,1,1,15,2,3,1,1,,3,CHAMPIGNY (BD DE),0,,2,2,0,1,0,0,1,, -1,1,0,1,30,28,4,2021,19:10,1,94,94068,2,1,0,3,Boulevard de Champigny,48.808814,2.509424,19,2,2
202100046289,119Â 037,A01,1,1,1,5,2,6,9,0,0,-1,2021,22.0,1,1,0,0,0,1,1,,3,988,-1,,2,2,0,2,12,500,4,, -1,1,0,1,80,28,3,2021,18:30,1,8,8284,1,1,0,7,D988,49.914839,4.647861,18,1,1
202100000033,201Â 702,A01,10,3,2,5,0,-1,-1,3,3,1,2021,67.0,3,2,0,1,1,17,1,,4,PRADO (AVENUE DU),0,,1,6,0,1,0,0,1,, -1,1,0,1,50,22,12,2021,09:00,1,13,13208,2,9,0,6,PRADO (AVENUE DU),43.269743758,5.3869156257,9,2,1
202100023459,159Â 693,B01,1,1,1,9,2,0,-1,0,0,-1,2021,40.0,1,1,0,2,4,7,1,,4,RUE LA FAYETTE,0,,2,3,3,1,(1),(1),1,, -1,1,0,6,50,18,8,2021,14:40,1,75,75109,2,2,0,4,RUE LA FAYETTE,48.876752,2.347319,14,3,3
202100024057,158Â 647,A01,1,1,1,4,0,-1,-1,0,0,-1,2021,29.0,1,4,13,0,0,1,1,,3,998,-1,A,2,2,0,2,0,730,1,, -1,1,0,3,50,14,8,2021,14:05,1,3,3118,1,1,0,6,ZA des Pres Liats,46.106048,3.150979,14,1,1
202100018245,168Â 999,A01,2,2,1,0,1,-1,-1,0,0,-1,2021,22.0,1,2,2,0,3,0,1,,3,466,0,,2,2,0,1,36,200,1,, -1,2,0,3,80,19,9,2021,19:45,2,68,68006,1,1,1,7,D466,47.696233,7.181733,19,2,1
202100010848,182Â 335,B01,1,1,1,1,0,-1,-1,-1, -1,-1,2021,58.0,1,1,0,2,8,25,5,,4,,0,,2,2,0,2,(1),(1),1,, -1,1,0,1,50,25,10,2021,06:40,5,69,69385,2,1,0,3,CHAMPVERT (DE) (R),45.760549,4.7958,6,2,2
202100016367,172Â 377,B01,1,1,1,9,1,0,-1,-1, -1,-1,2021,31.0,1,5,0,2,4,23,1,,4,SAINT SIMON (rue),0,,2,2,0,2,1,0,1,, -1,1,0,1,50,27,9,2021,18:20,1,94,94028,2,1,0,2,Rue Saint-Simon,48.79538,2.44379,18,2,2
202100009109,185Â 425,A01,1,1,2,5,1,0,-1,-1, -1,-1,2021,25.0,1,2,0,2,5,16,1,,4,PARIS (BOULEVARD DE),0,,1,3,3,1,(1),(1),1,, -1,1,0,1,50,6,11,2021,20:50,5,13,13203,2,2,0,2,PARIS (BOULEVARD DE),43.30876,5.37084,20,2,2
202100032942,142Â 872,A01,1,1,1,1,8,0,-1,-1, -1,-1,2021,32.0,2,1,0,2,1,1,3,,3,STALINGRAD (AV DE),0,,-1,4,0,1,0,0,1,, -1,1,0,1,50,22,6,2021,05:50,2,92,92025,2,2,0,3,STALINGRAD (AV DE),48.93418,2.263326,5,2,2
202100038019,133Â 703,B01,1,1,1,1,2,0,-1,0,0,-1,2021,54.0,2,1,0,2,1,1,1,,4,REINACH SALOMON (RUE),0,,2,2,0,1,0,0,1,, -1,1,0,1,50,20,5,2021,12:20,1,30,30189,2,1,0,6,REINACH SALOMON (RUE),43.832,4.3808,12,2,2
202100012472,179Â 415,B01,1,1,2,0,8,0,-1,-1, -1,-1,2021,80.0,1,1,0,2,7,15,5,,4,ALLIER (QUAI D'),0,,1,1,1,1,(1),(1),1,, -1,1,0,1,50,18,10,2021,08:45,1,3,3190,2,3,0,3,Quai dâAllier,46.56079,3.3265,8,2,2
202100020957,164Â 204,A01,1,1,1,5,2,6,-1,0,0,-1,2021,67.0,1,1,0,0,0,1,1,,3,226,0,D,2,2,0,1,2,100,1,, -1,1,0,1,80,3,9,2021,18:45,1,67,67361,1,1,0,7,D226,48.697957,7.663693,18,1,1
202100044705,121Â 804,A01,10,3,2,5,0,-1,-1,2,3,1,2021,26.0,1,2,0,1,1,1,1,,2,LADOUCETTE ( COURS ),0,,2,3,0,1,37,128,1,, -1,1,0,1,50,5,3,2021,09:10,1,5,5061,2,1,0,6,LADOUCETTE ( COURS ),44.56191,6.08358,9,2,1
202100054283,104Â 730,A01,1,1,1,0,2,-1,-1,0,0,-1,2021,35.0,1,1,0,2,1,1,1,,3,3,-1,,2,2,0,1,8,500,1,, -1,1,0,1,-1,22,1,2021,16:55,1,973,97309,2,9,0,2,Route de RÃ©mire,4.889467,-52.275567,16,2,2
202100042897,124Â 988,A01,1,1,2,3,2,0,-1,-1, -1,-1,2021,77.0,2,1,1,0,1,26,5,,4,CHANTELOUP (CD),0,,2,2,0,1,(1),(1),1,, -1,1,0,1,50,23,4,2021,10:37,1,10,10362,2,1,0,3,CHANTELOUP (CD),48.29558,4.04367,10,2,2
202100027111,153Â 253,A01,1,1,1,5,1,-1,-1,0,0,-1,2021,21.0,2,2,4,2,1,17,1,,1,85,0,A,1,2,0,1,196,500,1,, -1,1,0,8,130,24,7,2021,23:00,3,41,41044,1,1,0,2,autoroute A.85,47.295014,1.917881,23,3,2
202100039723,130Â 577,B01,1,1,1,0,2,0,-1,-1, -1,-1,2021,19.0,3,1,0,2,1,16,1,,3,LIBERATION (RTE DE LA),0,,2,2,0,1,1,0,1,, -1,1,0,1,50,16,5,2021,16:40,1,94,94019,2,3,0,3,LIBERATION (RTE DE LA),48.80473,2.53524,16,2,2
202100021676,162Â 887,A01,1,1,1,4,0,-1,-1,0,0,-1,2021,39.0,1,4,0,0,9,1,1,,3,765,-1,,2,3,0,1,18,190,1,, -1,1,0,8,90,1,9,2021,11:30,1,41,41086,1,1,0,7,RD 765  lieu-dit la maziÃ¨re,47.446578,1.540189,11,1,1
202100001911,198Â 378,B01,1,1,2,1,1,0,-1,-1, -1,-1,2021,62.0,2,2,0,2,8,2,1,,3,LEON BLUM (AV),0,,3,2,0,2,1,0,1,, -1,1,0,1,50,21,12,2021,10:30,1,94,94016,2,2,0,3,LEON BLUM (AV),48.7867,2.3374,10,2,2
202100003415,195Â 652,A01,1,1,2,1,1,0,-1,-1, -1,-1,2021,24.0,2,2,0,2,5,13,1,,2,RN136,0,,3,4,0,1,8,594,1,, -1,2,0,1,90,11,12,2021,20:33,3,35,35238,1,1,1,2,RN136,48.08098,-1.66741,20,2,2
202100039715,130Â 592,B01,1,1,1,9,2,0,-1,0,0,-1,2021,23.0,2,1,0,2,8,1,3,,4,RUE CHARLES FOURIER,0,,1,4,0,1,(1),(1),1,, -1,2,0,1,50,16,5,2021,14:52,1,75,75113,2,5,1,3,RUE CHARLES FOURIER,48.825801,2.350372,14,2,2
202100016580,171Â 995,B01,1,1,1,1,0,-1,-1,0,0,-1,2021,26.0,3,1,0,2,1,1,5,,7,,-1,,2,2,1,1,(1),(1),1,,4,1,0,5,50,27,9,2021,07:00,2,38,38229,2,1,0,3,Chemin du Vieux ChÃªne,45.208684,5.791147,7,2,2
202100055199,103Â 149,A01,1,1,2,0,1,0,-1,-1, -1,-1,2021,71.0,1,2,4,0,1,13,1,,3,NAPOLEON (ROUTE),0,,2,1,0,2,41,95,1,, -1,1,0,3,70,13,1,2021,13:15,1,6,6069,1,1,1,7,NAPOLEON (ROUTE),43.67118,6.90608,13,1,1
202100012778,178Â 881,A01,1,1,1,9,2,6,-1,0,0,-1,2021,42.0,1,1,0,2,1,0,1,,3,266,-1,,2,2,0,2,4,60,1,, -1,2,0,1,80,17,10,2021,20:40,3,35,35228,1,1,0,1,D 266 PK 4,48.602733,-2.056917,20,5,2
202100005018,192Â 815,A01,10,3,2,4,0,-1,-1,3,3,1,2021,58.0,1,2,0,1,2,16,1,,4,COMMANDO VIGAN BRAQUET (AVENUE DU),0,,-1,2,0,1,0,0,1,, -1,1,0,1,50,1,12,2021,10:10,1,30,30028,2,1,0,6,COMMANDO VIGAN BRAQUET (AVENUE DU),44.15677,4.61144,10,2,1
202100039736,130Â 554,A01,10,3,2,3,0,-1,-1,3,3,1,2021,84.0,1,2,0,1,2,1,1,,3,946,-1,D,2,2,0,1,(1),(1),1,, -1,2,0,1,50,17,5,2021,15:30,1,8,8403,2,1,1,6,33 Avenue de Bourgoin,49.499275,4.363253,15,2,1
202100011708,180Â 805,B01,2,2,2,5,1,-1,-1,0,0,-1,2021,80.0,2,2,0,2,1,1,1,,3,197,-1,,2,1,0,1,1,(1),3,,3,1,0,1,90,22,10,2021,16:00,1,14,14342,1,2,0,3,Rupalley (isigny) (Isigny-sur-Mer),49.30288,-1.112452,16,3,2
202100000596,200Â 635,B01,1,1,1,1,2,0,-1,-1, -1,-1,2021,20.0,3,1,0,2,1,3,3,,4,,0,,2,2,0,1,(1),(1),2,, -1,1,0,1,50,8,11,2021,08:10,1,37,37261,2,6,0,3,DASSAULT (AVENUE MARCEL),47.3642783355,0.6841254797,8,2,2
202100056003,101Â 782,B01,1,1,2,1,1,-1,-1,0,0,-1,2021,45.0,1,2,0,2,4,1,1,,3,39,-1,,2,2,0,1,14,950,3,, -1,1,0,1,80,7,1,2021,17:30,1,29,29169,1,1,0,2,D39 - Ty Au Douy,48.0733701143,-4.2371870079,17,2,2
202100018218,169Â 039,A01,2,2,2,5,1,-1,-1,0,0,-1,2021,21.0,2,2,3,0,9,14,1,,1,16,0,,3,4,0,1,162,100,3,, -1,1,0,3,130,19,9,2021,07:30,2,80,80009,1,1,0,6,A16,50.079011,1.963849,7,3,1
202100009850,184Â 092,A01,2,2,2,5,1,-1,-1,0,0,-1,2021,71.0,1,2,13,0,3,1,1,,2,66,0,,3,2,0,1,18,140,2,, -1,2,5,3,70,1,11,2021,14:45,1,88,88408,1,6,1,6,rond point de saulx,47.907155,6.696349,14,2,1
202100010876,182Â 285,A01,1,1,2,0,8,0,-1,-1, -1,-1,2021,81.0,3,1,0,2,1,19,5,,4,ALLEES DE MORLAAS DES,0,,1,2,0,1,0,0,2,, -1,1,0,1,30,26,10,2021,11:20,1,64,64445,2,6,0,3,ALLEES DE MORLAAS DES,43.30773,-0.33913,11,2,2
202100042443,125Â 753,A01,1,1,2,0,1,-1,-1,-1, -1,-1,2021,62.0,0,2,0,2,1,1,1,,4,DUMAS. RUE ALEXANDRE,0,,2,2,0,1,0,0,1,, -1,1,0,1,50,26,4,2021,18:25,1,76,76157,2,1,0,1,DUMAS. RUE ALEXANDRE,49.44439,1.03241,18,2,2
202100004859,193Â 106,A01,1,1,1,1,8,-1,-1,0,0,-1,2021,43.0,1,2,0,0,9,0,1,,3,525,0,D,2,2,0,1,13,920,1,, -1,2,0,8,70,4,12,2021,06:25,3,38,38268,1,1,1,7,D525,45.415835,6.089301,6,1,1
202100034197,140Â 623,A01,1,1,1,0,2,6,-1,-1, -1,-1,2021,37.0,1,1,0,2,8,3,1,,2,385,0,,3,2,0,1,56,250,2,, -1,1,0,1,90,16,6,2021,09:10,1,92,92019,1,1,0,3,RN 385 INT,48.7615123684,2.2509306929,9,2,2
202100022427,161Â 549,B01,1,1,1,1,2,8,-1,-1, -1,-1,2021,29.0,1,1,0,2,1,2,1,,4,ROUTE DE PITOYS,0,,2,2,0,2,0,0,1,, -1,1,0,1,50,25,8,2021,17:00,1,64,64024,2,3,0,2,ROUTE DE PITOYS,43.46365,-1.50521,17,2,2
202100008434,186Â 663,A01,10,3,2,0,0,-1,-1,3,3,2,2021,5.0,1,2,0,1,2,1,1,,4,LORY LES HAUTS (RUE),0,,2,2,0,1,0,0,1,, -1,1,0,1,30,10,11,2021,19:10,5,974,97411,2,1,0,6,LORY LES HAUTS (RUE),-20.89749,55.48063,19,4,1
202100040259,129Â 641,B01,1,1,2,0,1,-1,-1,0,0,-1,2021,36.0,1,2,0,2,2,21,1,,3,137,0,D,2,2,0,1,12,932,1,, -1,1,0,1,80,13,5,2021,17:23,1,44,44014,1,1,0,3,1 Les Gros Cailloux,47.11546,-1.482076,17,3,2
202100013668,177Â 279,Z01,1,1,2,0,2,0,-1,-1, -1,-1,2021,29.0,3,1,0,2,8,26,5,,4,,0,,2,4,1,2,(1),(1),1,, -1,1,0,5,50,12,10,2021,08:15,2,17,17300,2,3,0,1,BRIAND   AVENUE ARISTIDE,46.16474,-1.16455,8,2,2
202100015131,174Â 664,B01,1,1,1,1,2,6,-1,-1, -1,-1,2021,28.0,1,1,0,2,3,2,1,,3,ELYSEE RECLUS (AVENUE) NÂ° 23 AU 217,0,,1,2,0,1,0,0,1,, -1,1,0,1,50,5,10,2021,17:00,1,93,93059,2,3,0,3,ELYSEE RECLUS (AVENUE) NÂ° 23 AU 217,48.95236,2.358,17,2,2
202100026659,154Â 055,A01,1,1,2,5,1,8,-1,-1, -1,-1,2021,38.0,2,2,2,0,0,1,1,,4,MIRABEAU (RUE),0,,3,2,0,1,(1),(1),1,, -1,1,0,1,50,27,7,2021,09:00,1,37,37261,2,1,0,7,MIRABEAU (RUE),47.3944764265,0.6999734044,9,1,1
202100044682,121Â 844,A01,1,1,1,5,2,6,-1,-1, -1,-1,2021,15.0,2,1,0,2,4,1,1,,4,KOENIG (AVENUE DU GENERAL),0,,2,2,0,1,0,0,1,, -1,1,0,1,50,6,4,2021,11:30,1,50,50129,2,1,0,2,KOENIG (AVENUE DU GENERAL),49.63338,-1.60116,11,2,2
202100026563,154Â 219,A01,1,1,1,5,8,-1,-1,0,0,-1,2021,71.0,2,2,16,0,1,26,1,,3,660,0,,2,2,0,2,3,50,3,, -1,1,0,3,50,15,7,2021,11:30,1,4,4042,2,1,0,7,RD 660,43.993517,6.763367,11,1,1
202100028676,150Â 461,A01,10,3,1,9,0,-1,-1,2,3,1,2021,17.0,3,4,0,1,5,1,1,,4,BOULEVARD MORTIER,0,,2,4,0,1,(1),(1),1,, -1,1,0,1,50,14,7,2021,23:30,5,75,75120,2,1,0,6,BOULEVARD MORTIER,48.872163,2.40875,23,2,1
202100005959,191Â 144,B01,2,2,2,0,1,-1,-1,-1, -1,-1,2021,21.0,1,2,0,2,4,1,1,,4,D1215,0,,3,2,0,1,(1),(1),1,, -1,2,0,1,90,26,11,2021,15:50,1,33,33162,2,1,1,4,Route de lacanau,44.87331,-0.65885,15,5,4
202100051604,109Â 450,A01,10,3,1,0,8,8,-1,9,3,1,2021,34.0,1,2,0,1,1,21,1,,4,GENERAL DE GAULE (PLACE DU),0,,2,2,0,2,0,0,1,, -1,1,0,1,50,13,2,2021,16:30,1,93,93048,2,1,0,6,GENERAL DE GAULE (PLACE DU),48.8686289211,2.4336482584,16,2,1
202100031235,145Â 909,A01,5,2,1,5,0,-1,-1,0,0,-1,2021,34.0,0,2,15,0,1,0,1,,3,69,-1,D,2,2,0,2,0,500,1,, -1,1,0,8,50,3,7,2021,18:15,1,49,49261,2,1,0,6,Route de Doue,47.337321,-0.231464,18,4,1
202100056458,100Â 984,A01,1,1,1,9,1,-1,-1,0,0,-1,2021,23.0,2,2,2,0,1,19,1,,3,259,-1,,2,2,0,2,3,600,3,, -1,2,0,8,90,2,1,2021,18:50,3,61,61007,1,1,1,6,Le Petit Val Athis,48.768275,-0.501562,18,1,1
202100024242,158Â 336,A01,1,1,1,0,1,8,-1,-1, -1,-1,2021,39.0,0,2,0,2,1,1,1,,4,,0,,1,2,0,1,0,0,1,, -1,1,0,1,50,13,8,2021,18:30,1,91,91223,2,3,0,3,MOREAU (RUE LOUIS),48.43616,2.161,18,2,2
202100025178,156Â 654,B01,1,1,2,5,1,-1,-1,0,0,-1,2021,72.0,1,2,0,2,2,1,1,,3,253,0,,2,2,0,1,0,250,1,,5,2,0,1,80,7,8,2021,09:45,1,32,32147,1,2,1,3,RD 523,43.623957,0.909145,9,2,2
202100054461,104Â 414,B01,1,1,1,9,2,6,-1,-1, -1,-1,2021,27.0,2,1,0,2,4,1,1,,7,FERRINI FORTUNE (AV),0,,2,2,0,2,2,800,2,, -1,1,0,1,50,18,1,2021,15:15,1,13,13001,2,1,0,2,FERRINI FORTUNE (AV),43.50551,5.43554,15,2,2
202100033549,141Â 800,E01,1,1,1,4,1,0,-1,-1, -1,-1,2021,39.0,3,2,0,2,9,2,1,,3,RD 471,0,,2,2,0,1,14,281,1,, -1,1,0,1,80,16,6,2021,14:45,1,77,77114,1,1,0,5,RD 471,48.72584,2.69914,14,6,6
202100035749,137Â 806,B01,1,1,1,1,8,0,-1,0,0,-1,2021,27.0,2,1,0,2,1,1,5,,4,AVENUE GAMBETTA,0,,2,4,1,2,(1),(1),1,, -1,1,0,1,50,8,6,2021,10:20,1,75,75120,2,2,0,3,AVENUE GAMBETTA,48.864964,2.395537,10,2,2
202100026255,154Â 767,A01,5,2,1,5,1,0,-1,-1, -1,-1,2021,27.0,1,2,4,0,2,1,1,,2,RN2/111,0,,2,4,0,2,(1),(1),2,, -1,2,0,1,90,30,7,2021,08:45,1,974,97411,1,1,1,6,RN2/111,-20.872243,55.450103,8,4,1
202100013589,177Â 428,A01,1,1,1,1,8,-1,-1,-1, -1,-1,2021,29.0,3,1,0,2,1,13,3,,4,GALLIENI                            (PT),0,,2,5,1,1,(1),(1),1,, -1,1,2,5,30,17,9,2021,18:20,1,69,69382,2,1,0,1,GALLIENI (PT),45.7485973025,4.8312216997,18,2,2
202100011876,180Â 495,A01,10,3,2,3,0,-1,-1,9,3,1,2021,62.0,3,2,0,1,4,26,0,,6,"""PAUL VAILLANT COUTURIER (AVENUE """"DU 01",0,,-1,0,0,1,0,0,1,, -1,2,9,1,10,21,10,2021,11:50,1,93,93007,2,9,1,6,"""PAUL VAILLANT COUTURIER (AVENUE """"DU 01",48.9266853054,2.4714052052,11,2,1
202100041411,127Â 580,B01,1,1,1,5,2,6,-1,0,0,-1,2021,36.0,2,1,1,2,1,1,1,,4,RUE DE LISBONNE,0,,1,1,0,2,(1),(1),1,, -1,1,0,1,50,4,5,2021,17:55,1,75,75108,2,1,0,3,RUE DE LISBONNE,48.877707,2.314514,17,2,2
202100019168,167Â 366,A01,10,3,1,2,0,-1,-1,3,3,2,2021,5.0,1,2,0,1,1,1,1,,4,FOURNIER-SARLOVEZE,0,,1,1,0,1,(1),(1),1,, -1,1,0,1,30,13,9,2021,08:25,1,60,60159,2,1,0,6,Rue Fournier SarlovÃ¨ze,49.4167385129,2.82900846,8,2,1
202100009374,184Â 948,B01,1,1,2,1,1,-1,-1,0,0,-1,2021,48.0,1,2,0,2,1,1,1,,3,53,0,D,2,2,0,1,0,800,1,, -1,2,5,1,80,25,10,2021,21:45,3,60,60090,1,3,0,1,D53,49.171379,1.884327,21,5,2
202100027507,152Â 558,A01,1,1,1,1,2,6,-1,-1, -1,-1,2021,37.0,2,1,0,0,7,1,1,,4,GRINJOLLES (CHEMIN DE),0,,2,2,0,1,0,0,3,, -1,1,0,1,50,21,7,2021,18:23,1,87,87085,2,1,0,7,GRINJOLLES (CHEMIN DE),45.88771,1.27553,18,1,1
202100016631,171Â 905,B01,2,1,1,5,2,6,-1,-1, -1,-1,2021,34.0,1,1,0,2,1,1,1,,3,VOIE DE LA VALLEE DE LA BIEVRE,0,,2,2,0,1,0,0,1,, -1,1,0,1,50,25,9,2021,18:30,1,91,91377,2,1,0,1,VOIE DE LA VALLEE DE LA BIEVRE,48.73739,2.27012,18,2,2
202100023312,159Â 945,B01,1,1,1,9,2,0,-1,0,0,-1,2021,30.0,1,0,0,2,0,1,3,,4,AVENUE DE SAINT OUEN,0,,2,4,1,2,(1),(1),1,, -1,1,0,5,50,20,8,2021,18:18,1,75,75118,2,3,0,3,AVENUE DE SAINT OUEN,48.891622,2.326971,18,2,2
202100037398,134Â 814,A01,2,2,2,5,2,8,-1,-1, -1,-1,2021,22.0,2,1,0,2,6,1,1,,1,A86.INT,0,,3,4,0,1,29,799,1,, -1,1,0,1,90,31,5,2021,16:00,1,94,94033,1,1,0,6,A86.INT,48.8552398797,2.489336729,16,2,1
202100040633,128Â 981,A01,1,1,1,4,2,0,-1,0, -1,-1,2021,29.0,2,1,0,2,8,1,5,,3,JOFFRE (AVENUE),0,,3,5,0,1,0,1,1,, -1,1,0,1,50,9,5,2021,15:00,1,93,93031,2,1,0,3,Avenue Joffre,48.960734,2.297365,15,2,2
202100043748,123Â 488,B01,2,2,1,0,1,0,-1,-1, -1,-1,2021,18.0,0,2,0,2,1,1,1,,3,D942,0,,2,1,0,1,0,1,2,, -1,1,0,1,50,31,3,2021,18:25,1,84,84031,1,9,0,3,D942,44.04579,5.02767,18,3,2
202100002497,197Â 310,A01,1,1,1,9,1,-1,-1,0,0,-1,2021,38.0,1,5,0,2,2,2,1,,3,768,0,,3,4,0,1,63,800,1,, -1,2,0,1,110,30,11,2021,21:30,3,56,56173,1,1,1,2,Port Arthur,47.967737,-2.994429,21,2,2
202100044437,122Â 255,B01,1,1,1,5,1,0,-1,-1, -1,-1,2021,28.0,2,2,0,2,4,1,1,,1,A4,0,,1,2,0,3,8,300,3,, -1,2,0,1,50,11,4,2021,00:30,5,94,94017,1,1,1,4,A4,48.8304354758,2.4932061611,0,3,3
202100011736,180Â 751,C01,2,2,2,0,1,0,-1,-1, -1,-1,2021,63.0,1,2,0,2,1,2,1,,2,ROUTE NATIONALE 225,0,,-1,4,0,1,3,599,1,, -1,2,0,1,90,20,10,2021,10:20,1,59,59082,1,1,1,4,ROUTE NATIONALE 225,50.9707367371,2.3949309319,10,4,3
202100019962,165Â 951,A01,1,1,1,1,2,6,-1,0,0,-1,2021,41.0,3,1,0,2,3,1,1,,3,2564,-1,M,2,2,0,1,17,690,1,, -1,1,0,1,50,6,9,2021,07:50,1,6,6150,2,1,0,1,44 Route de Menton,43.750256,7.406712,7,2,2
202100006016,191Â 040,B01,1,1,1,0,2,6,-1,-1, -1,-1,2021,18.0,1,1,0,2,1,17,1,,4,GABRIEL PERI (RUE),0,,2,4,0,1,0,0,1,, -1,2,9,1,50,27,11,2021,22:58,5,92,92025,2,1,1,3,GABRIEL PERI (RUE),48.918253,2.238973,22,2,2
202100049064,114Â 058,A01,10,3,1,1,0,-1,-1,4,3,1,2021,44.0,0,2,0,1,3,16,1,,4,RUE DE L ESSONNE,0,,-1,2,0,1,0,0,1,, -1,1,0,1,50,5,3,2021,05:35,5,91,91228,2,3,0,6,RUE DE L ESSONNE,48.61814,2.43304,5,2,1
202100014902,175Â 077,A01,1,1,1,0,2,6,9,0,0,-1,2021,35.0,1,1,0,0,0,1,1,,3,30,-1,,2,2,0,1,12,85,1,, -1,1,0,1,80,6,10,2021,18:35,2,78,78233,1,3,0,7,Rue de Poissy,48.891951,1.991336,18,1,1
202100011610,180Â 973,B01,1,1,1,9,1,0,-1,-1, -1,-1,2021,37.0,3,2,0,0,3,0,0,,7,SEYSSES (RTE DE) DU 1AU 65,0,,1,2,0,1,34,434,2,, -1,1,9,1,50,22,10,2021,20:40,5,31,31555,2,6,0,1,SEYSSES (RTE DE) DU 1AU 65,43.54829,1.3907,20,2,2
202100037718,134Â 244,A01,1,1,1,5,2,0,-1,-1, -1,-1,2021,38.0,1,1,0,2,7,3,1,,1,6,0,,3,3,0,1,12,500,1,, -1,1,0,1,110,29,5,2021,15:30,1,91,91161,1,1,0,3,AUTOROUTE A6,48.72139,2.31078,15,2,2
202100041966,126Â 607,B01,1,1,1,5,2,6,-1,0,0,-1,2021,23.0,1,1,0,0,2,1,1,,3,1,0,A,2,2,0,4,0,0,2,, -1,1,5,8,50,1,5,2021,11:40,1,58,58095,2,1,0,7,Rue MarÃ¨chal Foch,46.828192,3.458848,11,2,2