Num_Acc,id_vehicule,num_veh,place,catu,sexe,trajet,secu1,secu2,secu3,locp,actp,etatp,year_acc,victim_age,senc,catv,obs,obsm,choc,manv,motor,occutc,catr,voie,v1,v2,circ,nbv,vosp,prof,pr,pr1,plan,lartpc,larrout,surf,infra,situ,vma,jour,mois,an,hrmn,lum,dep,com,agg_,int,atm,col,adr,lat,long,hour,nb_victim,nb_vehicules
202100034266,140Â 490,B01,2,2,2,2,1,0,-1,-1, -1,-1,2021,59.0,1,2,0,2,4,2,1,,3,DUGAY-TROUIN (RUE)  NÂ° IMPAIRS,0,,2,2,0,1,0,850,1,, -1,1,0,1,50,14,6,2021,08:10,1,41,41018,2,1,0,2,DUGAY-TROUIN (RUE)  NÂ° IMPAIRS,47.5898,1.29844,8,3,2
202100028308,151Â 094,A01,1,1,1,3,1,0,-1,-1, -1,-1,2021,79.0,0,2,0,2,7,26,1,,4,KENNEDY (AVENUE PRESIDENT JOHN FITZGERAL,0,,2,2,0,1,0,0,1,, -1,1,0,1,50,17,7,2021,16:00,1,13,13028,2,1,0,3,KENNEDY (AVENUE PRESIDENT JOHN FITZGERAL,43.1792831791,5.6035751732,16,3,2
202100003398,195Â 688,B01,1,1,1,5,2,-1,-1,-1,0,-1,2021,34.0,1,1,0,2,1,2,1,,3,EPINAY (RUE D'),0,,2,2,0,1,3,750,1,, -1,1,0,1,50,11,12,2021,15:40,1,95,95427,2,1,0,3,EPINAY (RUE D'),48.9640446277,2.3357266188,15,2,2
202100049149,113Â 902,A01,1,1,2,5,1,0,-1,-1, -1,-1,2021,34.0,1,2,0,2,0,0,1,,3,NOISY ROUTE DE,0,,2,2,0,1,0,1,1,, -1,1,0,1,50,5,3,2021,13:45,1,93,93063,2,1,0,3,NOISY ROUTE DE,48.8952518098,2.4275386333,13,2,2
202100033739,141Â 461,A01,7,2,2,0,1,-1,-1,0,0,-1,2021,23.0,1,2,8,0,8,1,1,,3,768,0,D,2,2,0,1,(1),(1),1,, -1,1,0,1,50,17,6,2021,23:30,5,201,201247,2,1,0,6,Rue du 09 septembre 1943,41.585852,9.282013,23,4,1
202100027476,152Â 614,B01,1,1,1,5,2,6,-1,0,0,-1,2021,16.0,2,1,0,2,1,13,1,,4,,-1,,2,2,0,1,(1),(1),3,,5,1,0,1,50,19,7,2021,15:47,1,22,22067,2,1,0,1,Rue de Gourland,48.5605936246,-3.1670769205,15,2,2
202100038992,131Â 940,A01,2,2,2,3,1,0,-1,-1, -1,-1,2021,66.0,1,2,0,2,8,1,1,,3,ARISTIDE BRIAND (RUE),0,,2,2,0,1,1,0,3,, -1,1,0,1,50,21,5,2021,10:40,1,93,93032,2,1,0,3,Rue Aristide Briand,48.878915,2.533252,10,3,2
202100040462,129Â 281,B01,1,1,1,1,2,6,-1,-1, -1,-1,2021,21.0,3,1,0,2,1,1,1,,4,ROBERT SCHUMAN (AVENUE),0,,3,6,0,1,(1),(1),1,, -1,2,5,1,50,10,5,2021,00:22,5,78,78586,2,2,1,3,ROBERT SCHUMAN (AVENUE),48.948302,2.19419,0,3,2
202100041141,128Â 068,B01,1,1,1,1,1,0,-1,0,0,-1,2021,43.0,2,2,0,2,6,1,1,,4,RUE NEUVE TOLBIAC,0,,2,4,0,1,(1),(1),1,, -1,2,0,1,50,6,5,2021,16:25,1,75,75113,2,2,0,3,RUE NEUVE TOLBIAC,48.832242,2.3798,16,2,2
202100006393,190Â 368,A01,10,3,2,5,8,8,-1,3,3,1,2021,49.0,1,2,0,1,7,1,1,,9,BARA (BOULEVARD),0,,2,2,0,1,0,0,1,, -1,7,0,8,50,24,11,2021,09:25,1,91,91477,2,1,0,6,BARA (BOULEVARD),48.71949,2.24805,9,2,1
202100010525,182Â 912,B01,1,1,1,9,8,0,-1,-1, -1,-1,2021,64.0,1,1,0,2,2,26,5,,4,FLANDRE,0,,2,2,0,1,1,0,1,, -1,1,0,1,50,27,10,2021,18:03,1,49,49007,2,1,0,3,Boulevard Auguste Allonneau,47.480635,-0.527506,18,2,2
202100045840,119Â 816,B01,1,1,1,0,2,6,-1,0,0,-1,2021,43.0,2,1,0,2,1,13,1,,2,10,0,,2,2,0,3,83,800,1,, -1,1,0,1,80,1,4,2021,12:12,1,202,202123,1,1,0,1,rt 10,42.027352,9.414082,12,2,2
202100055374,102Â 860,A01,10,3,1,3,0,-1,-1,7,3,1,2021,81.0,1,2,0,1,3,15,1,,4,GENERAL GALLIENI (BOULEVARD DU),0,,1,2,0,1,0,0,1,, -1,2,0,1,50,12,1,2021,13:55,1,93,93005,2,9,1,6,GENERAL GALLIENI (BOULEVARD DU),48.931372861,2.4956142958,13,2,1
202100040054,130Â 001,B01,10,3,2,2,0,-1,-1,5,1,1,2021,23.0,1,1,0,2,2,1,1,,4,CALLAC (ROUTE DE),0,,2,2,0,1,(1),(1),1,, -1,1,0,1,50,3,5,2021,17:10,1,29,29151,2,1,0,3,Route de Callac,48.569722,-3.805234,17,3,2
202100032826,143Â 102,A01,1,1,2,5,1,0,-1,-1, -1,-1,2021,21.0,2,2,0,2,1,2,1,,4,SCHUMAN (BOULEVARD ROBERT),0,,3,4,0,1,0,0,1,, -1,1,0,1,70,22,6,2021,09:38,1,87,87085,1,1,0,2,SCHUMAN (BOULEVARD ROBERT),45.87101,1.28173,9,2,2
202100025760,155Â 639,A01,1,1,1,5,2,6,-1,-1, -1,-1,2021,15.0,3,0,15,0,0,0,1,,4,8 MAI 1945 ( RUE DU ),0,,1,1,0,1,0,0,1,, -1,1,0,1,50,2,8,2021,15:45,1,3,3101,2,1,0,6,8 MAI 1945 ( RUE DU ),46.36318,2.531722,15,1,1
202100019218,167Â 277,B01,1,1,1,5,8,0,-1,-1, -1,-1,2021,23.0,3,1,12,2,1,13,3,,3,JOHN F. KENNEDY (AVENUE),0,,2,2,0,1,0,0,1,, -1,1,0,1,50,13,9,2021,17:02,1,93,93071,2,1,0,1,Avenue John Fitzgerald Kennedy,48.93799,2.51355,17,2,2
202100019005,167Â 665,A01,1,1,2,1,2,0,-1,0,0,-1,2021,48.0,2,1,0,2,8,13,5,,4,RUE LA FAYETTE,0,,2,4,1,2,(1),(1),1,, -1,2,0,5,30,14,9,2021,08:55,1,75,75109,2,1,1,3,RUE LA FAYETTE,48.876958,2.348113,8,2,2
202100005393,192Â 152,A01,10,3,1,1,0,-1,-1,4,3,1,2021,62.0,0,5,0,1,3,15,1,,3,ALLENDE (AVENUE SALVADOR),0,,2,4,0,1,0,1,1,, -1,2,0,1,50,1,12,2021,06:55,5,93,93031,2,2,0,6,ALLENDE (AVENUE SALVADOR),48.9547,2.308,6,2,1
202100011725,180Â 771,A01,1,1,1,5,2,-1,-1,0,0,-1,2021,61.0,2,1,14,0,1,1,1,,3,974,-1,,3,2,0,1,14,850,1,, -1,1,9,8,90,22,10,2021,20:30,5,21,21173,1,1,0,6,D 974 ROUTE DE dijon,47.0632753132,4.8664610027,20,1,1
202100045009,121Â 275,A01,1,1,1,1,1,0,-1,-1, -1,-1,2021,41.0,2,2,0,2,7,2,1,,2,RN 385 ExtÃ¨rieure,0,,1,2,0,1,55,389,1,, -1,1,0,1,90,6,4,2021,08:15,1,91,91645,1,1,0,3,RN 385 ExtÃ¨rieure,48.7597,2.2632,8,2,2
202100004072,194Â 470,A01,1,1,1,5,1,-1,-1,-1, -1,-1,2021,27.0,2,2,0,2,3,15,0,,4,BEREST EUGENE,0,,2,1,0,1,(1),(1),3,, -1,2,0,1,30,5,12,2021,19:15,5,29,29019,2,1,0,1,Rue EugÃ¨ne BÃ©rest,48.3952288914,-4.4340401888,19,2,2
202100011045,181Â 977,A01,10,3,2,0,0,-1,-1,4,3,1,2021,24.0,3,1,0,1,2,16,3,,4,PROFESSEUR BEAUVISAGE (DU)  (R ),0,,2,2,0,1,(1),(1),1,, -1,1,9,1,20,25,10,2021,15:55,1,69,69388,2,2,0,6,PROFESSEUR BEAUVISAGE (DU)  (R),45.7293196723,4.8674568416,15,2,1
202100054451,104Â 432,A01,10,3,1,9,0,-1,-1,3,3,1,2021,48.0,1,2,0,1,3,1,1,,4,FRANCE LIBRE  AVENUE DE LA,0,,2,0,0,1,(1),(1),1,, -1,2,9,1,50,19,1,2021,18:10,5,29,29232,2,1,1,6,Avenue de la France Libre,48.006842,-4.0971,18,2,1
202100040717,128Â 832,A01,2,2,2,5,3,8,-1,-1, -1,-1,2021,10.0,2,2,0,2,4,1,1,,1,A86.EXT,0,,-1,2,0,1,32,0,1,, -1,1,0,1,90,9,5,2021,18:30,1,94,94017,1,1,0,4,A86.EXT,48.82971,2.48624,18,4,3
202100052750,107Â 436,A01,1,1,1,0,1,0,-1,-1, -1,-1,2021,22.0,2,2,6,0,1,1,1,,2,BALATA (ROUTE DE),0,,2,2,0,2,3,0,2,, -1,2,0,1,50,2,2,2021,09:50,1,972,97209,1,1,1,6,BALATA (ROUTE DE),14.63008,-61.07244,9,1,1
202100002212,197Â 840,A01,2,2,2,0,1,8,-1,-1, -1,-1,2021,48.0,1,2,0,2,3,1,1,,1,A55-Sens Marseille vers Martigues,0,,1,2,0,1,24,106,1,, -1,1,0,1,110,19,12,2021,05:45,3,13,13026,1,1,0,2,A55-Sens Marseille vers Martigues,43.38111,5.15908,5,4,2
202100040485,129Â 238,B01,1,1,2,9,1,-1,-1,-1, -1,-1,2021,59.0,1,2,0,2,1,1,1,,4,rue Pierre et Marie CURIE,0,,2,2,0,1,(1),(1),1,, -1,1,0,1,50,3,5,2021,13:50,1,33,33529,2,3,0,3,route Ambroise ParÃ©,44.6166267087,-1.1132774954,13,2,2
202100053777,105Â 621,A01,9,2,2,5,3,-1,-1,0,0,-1,2021,2.0,2,2,4,0,3,1,1,,1,28,-1,,3,4,0,1,213,900,1,, -1,2,0,8,130,24,1,2021,16:00,1,61,61205,1,1,1,6,,48.875469,0.38156,16,4,1
202100049002,114Â 164,A01,2,2,1,5,1,-1,-1,0,0,-1,2021,19.0,3,2,8,0,3,13,1,,4,6,-1,,2,2,0,1,(1),(1),3,, -1,1,0,3,80,6,3,2021,05:10,3,35,35040,1,1,0,6,Les Grandes Planches,48.114755,-1.921513,5,3,1
202100004709,193Â 360,B01,1,1,1,5,2,8,-1,-1, -1,-1,2021,50.0,2,1,0,2,8,1,1,,4,COLBERT (AVE),0,,1,1,0,2,0,0,1,, -1,1,0,1,30,4,12,2021,11:15,1,83,83137,2,2,0,3,COLBERT (AVE),43.1254,5.93287,11,2,2
202100010714,182Â 575,A01,1,1,1,0,2,6,-1,-1, -1,-1,2021,24.0,1,1,8,0,0,15,1,,4,HUGO (CRS VICTOR),0,,2,2,0,1,(1),(1),2,, -1,1,0,1,30,27,10,2021,23:05,5,33,33039,2,3,0,6,Cours Victor Hugo,44.81164,-0.5641,23,1,1
202100017307,170Â 717,B01,2,2,2,5,1,-1,-1,0,0,-1,2021,65.0,2,2,0,2,2,1,1,,3,4085,-1,,2,2,0,1,101,350,1,, -1,1,0,1,80,24,9,2021,20:01,3,4,4039,1,1,0,1,RD 4085,43.843372,6.532504,20,4,2
202100032087,144Â 392,B01,1,1,2,0,8,0,-1,-1, -1,-1,2021,81.0,3,2,0,2,1,1,1,,4,JUIN ( BOULEVARD DU MARECHAL ),0,,2,2,0,1,0,0,1,, -1,1,0,1,50,25,6,2021,13:10,1,83,83069,2,3,0,5,JUIN ( BOULEVARD DU MARECHAL ),43.11627,6.1133,13,6,3
202100052866,107Â 218,B01,3,2,1,0,1,0,-1,-1, -1,-1,2021,8.0,1,2,0,2,1,1,1,,2,MARSEILLE (Route de ),0,,3,4,0,1,56,1,2,, -1,2,5,1,70,1,2,2021,08:45,1,84,84007,1,1,1,6,MARSEILLE (Route de ),43.92243,4.85695,8,6,2
202100056466,100Â 970,A01,10,3,1,3,0,-1,-1,6,1,1,2021,14.0,1,2,0,1,2,1,1,,2,2,0,A,2,2,0,2,5,250,3,, -1,1,0,3,50,2,1,2021,12:35,1,973,97307,2,1,0,6,Route Nationale 2,4.846664,-52.333481,12,2,1
202100023708,159Â 237,A01,1,1,1,9,1,0,-1,-1, -1,-1,2021,91.0,2,2,0,2,8,26,1,,3,,0,,2,2,0,1,5,310,1,, -1,1,0,1,50,17,8,2021,09:55,1,45,45068,2,3,0,3,Avenue du GÃ©nÃ©ral Leclerc,48.015666,2.738701,9,2,2
202100017883,169Â 657,A01,1,1,2,0,1,0,-1,-1, -1,-1,2021,26.0,1,2,0,2,2,15,1,,3,EUGENE RENAULT (R),0,,2,2,0,1,1,0,1,, -1,2,0,1,50,20,9,2021,19:50,2,94,94046,2,3,1,3,Rue EugÃ¨ne Renault,48.81482,2.41732,19,2,2
202100009064,185Â 504,A01,1,1,1,5,1,-1,-1,0,0,-1,2021,20.0,1,2,12,0,1,26,1,,3,AGUSTE-DECAENS (RUE),0,,2,4,0,1,499,0,2,, -1,1,0,1,50,3,11,2021,20:20,5,14,14220,2,1,0,6,Rue Auguste Decaens,49.35576,0.08823,20,2,1
202100025611,155Â 906,A01,1,1,1,0,2,-1,-1,-1, -1,-1,2021,42.0,3,1,0,2,3,1,1,,4,ECOLE NORMALE CAUD (RUE DE L),0,,1,2,3,1,(1),(1),1,, -1,2,0,1,30,4,8,2021,14:10,1,33,33063,2,1,1,3,Rue de lâEcole Normale,44.84787,-0.60191,14,2,2
202100023700,159Â 253,B01,1,1,1,5,2,8,-1,-1, -1,-1,2021,68.0,3,1,0,2,3,9,5,,4,MENEGATTE (RUE DE LA),0,,2,1,0,1,(1),(1),2,, -1,1,4,1,70,15,8,2021,11:30,1,59,59431,1,8,0,1,MENEGATTE (RUE DE LA),50.7013,2.81653,11,2,2
202100054259,104Â 769,A01,10,3,1,1,0,-1,-1,2,3,1,2021,47.0,1,1,0,1,1,1,1,,4,THOREZ MAURICE RUE,0,,1,2,0,1,0,0,1,, -1,1,0,1,30,20,1,2021,13:30,1,92,92050,2,4,0,6,THOREZ MAURICE RUE,48.895179511,2.1961967647,13,2,1
202100044341,122Â 411,A01,1,1,1,0,8,-1,-1,0,0,-1,2021,49.0,1,2,13,0,1,5,1,,3,,0,D,2,2,0,1,84,500,1,, -1,1,0,3,80,13,4,2021,15:10,1,11,11192,1,1,0,7,D6113,43.288751,2.062945,15,1,1
202100007513,188Â 329,A01,3,2,1,9,0,-1,-1,0,0,-1,2021,21.0,1,2,2,0,1,14,1,,2,3,0,,2,2,0,1,2,500,1,, -1,1,0,3,90,19,11,2021,21:15,3,988,98803,1,1,0,6,RT3,-21.502668,165.477362,21,4,1
202100025690,155Â 764,B01,1,1,1,1,2,6,-1,0,0,-1,2021,60.0,1,1,0,2,2,1,1,,3,13,0,,2,2,0,1,31,53,1,, -1,1,0,1,80,5,8,2021,17:40,1,81,81131,1,3,0,3,Route de Brens,43.89262,1.987882,17,2,2
202100001663,198Â 832,A01,1,1,1,5,0,-1,-1,0,0,-1,2021,20.0,2,2,0,0,8,2,1,,2,RN1,0,,2,1,0,3,34,0,2,, -1,2,0,3,-1,24,12,2021,23:45,3,971,97114,1,1,1,7,RN1,16.1402659057,-61.5819525719,23,12,2
202100041293,127Â 799,A01,10,3,2,3,0,-1,-1,2,3,1,2021,77.0,1,2,0,1,1,1,1,,3,540,0,,1,-1,0,1,0,565,1,, -1,1,0,1,30,5,5,2021,10:00,1,26,26198,2,1,0,6,28 Av John Fitzgerald Kennedy,44.55513,4.73783,10,2,1
202100012163,179Â 982,B01,1,1,2,1,8,0,-1,0,0,-1,2021,30.0,1,1,0,2,3,3,3,,4,RUE DE DIJON,0,,2,4,0,1,(1),(1),1,, -1,1,0,1,30,28,7,2021,13:35,1,75,75112,2,3,0,5,RUE DE DIJON,48.835703,2.386081,13,4,3
202100050329,111Â 740,B01,1,1,1,0,2,0,-1,0,0,-1,2021,23.0,1,1,0,2,8,1,1,,7,MIRECOURT (ROUTE DE),0,,2,2,1,1,(1),(1),1,, -1,1,0,1,70,24,2,2021,16:40,1,54,54547,2,1,0,3,MIRECOURT (ROUTE DE),48.6569962948,6.1860644817,16,2,2
202100017010,171Â 212,B01,1,1,1,4,2,6,-1,0,0,-1,2021,35.0,1,1,0,2,6,3,1,,4,PORTE DOREE,0,,1,4,0,1,33,0,1,, -1,1,0,1,70,23,9,2021,08:20,1,75,75112,2,1,0,4,BD PERIPHERIQUE INTERIEUR,48.83687,2.412401,8,4,4
202100040570,129Â 100,B01,1,1,1,5,0,-1,-1,0,0,-1,2021,15.0,3,1,0,2,8,19,5,,3,19,0,D,2,2,0,1,17,600,1,, -1,2,0,1,50,11,5,2021,18:15,1,88,88219,2,9,1,3,D19,48.450048,5.679138,18,2,2
202100015804,173Â 421,A01,1,1,1,0,2,6,9,0,0,-1,2021,37.0,2,1,2,0,0,1,1,,3,94,2,D,2,2,0,1,2,142,2,, -1,1,0,1,50,2,10,2021,01:20,3,82,82075,2,1,0,6,Route d Agen,43.835306,1.294713,1,1,1
202100047309,117Â 204,B01,1,1,1,5,2,6,9,0,0,-1,2021,32.0,1,1,13,2,9,17,1,,3,903,0,,2,2,0,1,6,832,1,, -1,1,0,1,80,21,3,2021,16:40,1,50,50023,1,3,1,3,Route de Baupte,49.298969,-1.334125,16,2,2
202100034657,139Â 771,A01,1,1,1,9,2,-1,-1,0,0,-1,2021,32.0,1,1,0,0,1,1,1,,3,835,0,D,2,2,0,1,8,691,1,, -1,1,0,1,50,14,6,2021,00:30,5,65,65460,2,1,0,7,5 Avenue Joseph Fitte,43.383707,0.055594,0,1,1
202100013204,178Â 134,A01,1,1,1,1,1,1,-1,-1, -1,-1,2021,47.0,1,1,1,0,1,12,1,,2,kaweni-Mangrove (route de la),0,,2,2,0,1,0,0,1,, -1,1,0,1,50,14,10,2021,11:50,1,976,97611,2,1,0,3,kaweni-Mangrove (route de la),-12.77807,45.22556,11,1,1
202100001523,199Â 075,A01,7,2,1,5,1,-1,-1,0,0,-1,2021,26.0,1,2,13,0,1,1,1,,3,223,0,,2,2,0,1,2,971,2,, -1,2,0,3,90,26,12,2021,12:30,1,61,61487,1,1,1,6,pk 3 D223,48.537856,-0.665327,12,4,1
202100046896,117Â 949,B01,3,2,2,2,1,0,-1,-1, -1,-1,2021,15.0,1,2,0,2,4,2,1,,3,R D 900,0,,3,4,0,1,10,60,1,, -1,1,0,1,90,23,3,2021,07:50,1,66,66136,1,1,0,2,R D 900,42.67334,2.86177,7,3,2
202100022507,161Â 399,A01,1,1,1,9,1,-1,-1,0,0,-1,2021,34.0,1,2,9,0,9,1,1,,3,930,-1,,2,2,0,1,42,400,2,, -1,1,0,8,80,27,8,2021,15:05,1,80,80274,1,1,0,7,Rue du Pont d Allemagne,49.740419481,3.0327297282,15,2,1
202100030560,147Â 130,A01,10,3,2,5,8,-1,-1,3,3,2,2021,19.0,0,2,0,1,1,16,1,,4,REIBELL (AVENUE),0,,2,2,0,1,(1),(1),1,, -1,2,5,1,50,4,7,2021,04:20,5,50,50129,2,3,1,6,REIBELL (AVENUE),49.63885,-1.61779,4,3,1
202100020894,164Â 301,B01,1,1,1,0,8,0,-1,-1, -1,-1,2021,43.0,1,1,0,2,2,0,3,,3,JAURES (AVENUE JEAN),0,,3,3,1,1,0,0,1,, -1,1,9,1,50,4,9,2021,14:50,1,93,93027,2,7,0,3,Avenue Jean JaurÃ¨s / Avenue Paul Vaillant Couturier,48.92094,2.41019,14,3,2
202100015092,174Â 729,B01,1,1,1,0,2,8,-1,-1, -1,-1,2021,19.0,1,1,0,2,1,2,5,,4,FRANCE (AVENUE ANATOLE),0,,2,2,0,1,0,0,1,, -1,1,0,1,50,1,10,2021,17:00,1,11,11262,2,1,0,6,FRANCE (AVENUE ANATOLE),43.18968,2.98532,17,2,2
202100032970,142Â 824,A01,1,1,1,1,2,6,-1,0,0,-1,2021,18.0,2,1,0,0,0,1,1,,3,926,-1,,2,2,0,1,23,900,1,, -1,1,0,3,80,23,6,2021,08:25,1,8,8107,1,1,0,7,DÃ©partementale 926,49.532921,4.277517,8,1,1
202100043264,124Â 330,A01,2,2,1,5,1,-1,-1,0,0,-1,2021,13.0,2,2,0,0,7,0,1,,3,102,-1,,2,2,0,1,(1),(1),1,, -1,1,0,3,80,21,4,2021,21:30,3,87,87135,1,1,0,6,Route d'Oradour,45.779646,0.904698,21,2,1
202100035128,138Â 913,A01,1,1,1,5,2,6,-1,0,0,-1,2021,60.0,1,1,13,2,0,13,1,,3,26,-1,D,2,2,0,2,23,7,2,, -1,1,0,1,80,12,6,2021,16:15,1,31,31208,1,1,0,3,D26,43.059262,0.809212,16,2,2
202100005421,192Â 106,B01,1,1,1,0,1,-1,-1,0,0,-1,2021,57.0,0,2,0,2,1,0,1,,3,82,0,D,2,2,0,1,0,0,2,, -1,2,0,1,80,2,12,2021,16:45,3,38,38343,1,1,1,1,D82,45.560221,5.622653,16,2,2
202100019568,166Â 654,A01,1,1,2,5,1,-1,-1,0,0,-1,2021,83.0,2,2,0,2,3,13,1,,2,176,-1,,2,2,0,1,48,19,1,, -1,1,0,1,80,12,9,2021,15:49,1,50,50410,1,1,0,1,N176,48.56246,-1.510521,15,4,2
202100027556,152Â 467,B01,4,2,2,0,1,0,-1,-1, -1,-1,2021,6.0,2,2,0,2,6,15,1,,4,MULLOT ARTHUR AV. PAIRS,0,,2,3,0,1,1,0,1,, -1,1,0,1,50,20,7,2021,16:20,1,11,11069,2,1,0,2,MULLOT ARTHUR AV. PAIRS,43.21119,2.36069,16,5,2
202100054411,104Â 495,B01,1,1,1,0,1,8,-1,-1, -1,-1,2021,29.0,1,2,0,2,6,2,1,,2,ROUTE NATIONALE 3,0,,1,1,0,1,0,400,3,, -1,1,0,6,50,19,1,2021,16:40,1,973,97302,2,1,0,2,ROUTE NATIONALE 3,4.90537,-52.32009,16,2,2
202100009289,185Â 095,A01,1,1,2,9,2,0,-1,0,0,-1,2021,23.0,2,1,0,2,4,1,1,,4,BOULEVARD GARIBALDI,0,,1,2,0,1,(1),(1),1,, -1,1,0,1,30,5,11,2021,17:45,3,75,75115,2,3,0,2,BOULEVARD GARIBALDI,48.846983,2.305204,17,2,2
202100038405,132Â 990,A01,1,1,1,0,8,8,-1,-1, -1,-1,2021,41.0,3,0,0,2,1,26,3,,4,RENE HAMON (R),0,,-1,1,0,1,(1),(1),1,, -1,1,9,1,30,25,5,2021,08:15,1,94,94076,2,1,0,2,RENE HAMON (R),48.7914962156,2.3615136137,8,2,2
202100050955,110Â 598,A01,1,1,2,0,2,8,-1,-1, -1,-1,2021,48.0,1,1,0,2,2,18,0,,4,,0,,2,2,0,1,0,0,1,, -1,1,0,1,50,17,2,2021,14:15,1,92,92012,2,5,0,3,GALLIENI (RUE) 55/157 - 50/140,48.83706,2.24368,14,2,2
202100014123,176Â 443,A01,1,1,2,0,2,8,-1,-1, -1,-1,2021,55.0,1,1,0,2,1,1,1,,3,MADELEINE (ROUTE DE LA),0,,2,2,0,1,1,500,1,, -1,1,0,1,50,9,10,2021,20:35,5,973,97302,2,1,0,2,MADELEINE (ROUTE DE LA),4.9283,-52.32516,20,2,2
202100037282,135Â 031,A01,10,3,1,9,0,-1,-1,3,3,1,2021,30.0,2,1,0,1,1,17,1,,4,RUE DES PYRENEES,0,,2,3,3,2,(1),(1),1,, -1,1,0,1,50,31,5,2021,11:08,1,75,75120,2,3,0,6,RUE DES PYRENEES,48.853988,2.405719,11,2,1
202100020852,164Â 375,B01,3,2,1,5,1,-1,-1,-1, -1,-1,2021,17.0,0,2,0,2,3,1,1,,4,LIBERATION (AVENUE DE LA),0,,2,3,0,1,(1),(1),1,, -1,1,0,1,50,4,9,2021,15:05,1,42,42071,2,2,0,1,LIBERATION (AVENUE DE LA),46.0177349918,4.0911903977,15,5,2
202100002228,197Â 806,B01,1,1,1,0,2,-1,-1,-1, -1,-1,2021,22.0,2,1,0,2,1,1,1,,4,                    (R ),0,,2,2,1,1,(1),(1),1,, -1,1,0,1,50,18,12,2021,03:00,5,69,69034,2,3,0,1,FRANCOIS PEISSEL (R),45.7946886428,4.840400219,3,2,2
202100006295,190Â 541,A01,10,3,1,4,0,-1,-1,4,4,1,2021,51.0,1,1,0,1,1,1,3,,4,BOULEVARD DE MAGENTA,0,,2,4,0,1,(1),(1),1,, -1,1,0,1,30,25,11,2021,10:05,1,75,75110,2,4,0,6,BOULEVARD DE MAGENTA,48.875552,2.356713,10,2,1
202100025084,156Â 818,A01,1,1,1,0,2,6,-1,0,0,-1,2021,27.0,2,1,0,0,7,0,1,,3,514,0,,2,2,0,1,13,(1),1,, -1,1,0,1,50,6,8,2021,19:29,1,14,14530,1,6,0,7,D514,49.240788,-0.269133,19,1,1
202100000388,201Â 012,A01,10,3,1,0,0,-1,-1,3,3,1,2021,13.0,2,2,0,1,2,1,1,,3,GRANDE RUE,0,,2,2,0,1,0,0,1,, -1,1,0,1,50,10,11,2021,11:40,1,25,25031,2,1,0,6,GRANDE RUE,47.48537,6.83528,11,2,1
202100022852,160Â 768,A01,1,1,1,3,0,-1,-1,0,0,-1,2021,79.0,1,2,0,2,1,2,1,,2,151,-1,,2,2,0,1,65,895,1,, -1,1,0,1,50,23,8,2021,14:45,1,18,18240,2,3,0,2,4 Route de Bourges,47.156973,2.910315,14,2,2
202100054072,105Â 093,B01,1,1,1,5,2,-1,-1,-1, -1,-1,2021,19.0,2,1,0,2,1,1,1,,4,COURS GAMBETTA,0,,2,2,0,1,(1),(1),1,, -1,2,0,1,50,22,1,2021,20:35,5,33,33119,2,9,1,3,Cours Gambetta,44.84226,-0.54001,20,2,2
202100050348,111Â 705,A01,1,1,1,4,2,5,-1,-1, -1,-1,2021,19.0,1,1,0,2,4,11,1,,4,JEAN BOUIN (AVENUE),0,,1,4,0,1,(1),(1),1,, -1,1,0,1,50,24,2,2021,19:00,5,13,13209,2,1,0,2,JEAN BOUIN (AVENUE),43.26729,5.40312,19,2,2
202100038546,132Â 743,A01,1,1,1,5,2,6,-1,-1, -1,-1,2021,20.0,2,1,0,0,0,1,1,,3,CLAUDE TREBIGNAUD (AVENUE) BOIS S102,0,,1,2,0,2,0,0,1,, -1,2,0,1,50,24,5,2021,16:30,1,92,92023,2,1,1,7,CLAUDE TREBIGNAUD (AVENUE) BOIS S102,48.80299,2.25665,16,1,1
202100036679,136Â 150,A01,1,1,1,5,2,-1,-1,0,0,-1,2021,78.0,2,1,0,6,8,1,5,,3,69,0,D,-1,2,0,1,(1),(1),3,, -1,1,0,1,90,3,6,2021,13:00,1,201,201024,1,1,0,6,D69,41.775184,9.089384,13,1,1
202100009148,185Â 360,B01,1,1,1,5,2,-1,-1,0,0,-1,2021,16.0,1,1,0,2,1,11,1,,3,90,0,D,2,2,0,1,0,796,2,,4,1,0,1,80,6,11,2021,16:00,1,82,82037,1,3,0,1,Route de RÃ©alville,44.158263,1.522741,16,3,2
202100007392,188Â 545,A01,2,2,2,5,1,-1,-1,0,0,-1,2021,65.0,1,2,0,2,3,19,1,,3,472,-1,,2,2,3,1,34,530,1,, -1,1,0,1,70,20,11,2021,11:08,1,39,39202,1,2,0,3,,46.925725,5.969387,11,3,2
202100023415,159Â 767,A01,1,1,1,0,8,0,-1,-1, -1,-1,2021,17.0,2,1,0,2,1,19,5,,3,ESCARGUEL (COURS LAZARE),0,,3,4,0,1,0,0,1,, -1,1,0,1,50,18,8,2021,18:52,1,66,66136,2,1,0,3,ESCARGUEL (COURS LAZARE),42.69996,2.88653,18,2,2
202100028297,151Â 115,A01,1,1,1,9,8,0,-1,-1, -1,-1,2021,18.0,1,2,0,2,1,26,1,,4,FENOUILLET (CHE DE) DU 8AU 201,0,,2,2,0,1,(1),(1),1,, -1,1,0,1,50,18,7,2021,17:30,1,31,31555,2,1,0,2,FENOUILLET (CHE DE) DU 8AU 201,43.64418,1.41503,17,3,2