Num_Acc,id_vehicule,num_veh,place,catu,sexe,trajet,secu1,secu2,secu3,locp,actp,etatp,year_acc,victim_age,senc,catv,obs,obsm,choc,manv,motor,occutc,catr,voie,v1,v2,circ,nbv,vosp,prof,pr,pr1,plan,lartpc,larrout,surf,infra,situ,vma,jour,mois,an,hrmn,lum,dep,com,agg_,int,atm,col,adr,lat,long,hour,nb_victim,nb_vehicules
202100047070,117Â 633,A01,1,1,1,1,1,-1,-1,0,0,-1,2021,53.0,0,2,7,0,1,0,1,,3,210,-1,,2,2,0,1,22,600,1,, -1,1,0,1,70,23,3,2021,13:00,1,49,49244,1,1,0,6,L'Ile Bigeard (st Laurent-du-mottay),47.372169,-0.965407,13,1,1
202100050462,111Â 498,A01,3,2,1,9,1,0,-1,-1, -1,-1,2021,4.0,3,2,1,2,3,2,1,,4,ROUX (RUE DU DOCTEUR EMILE),0,,2,1,0,1,(1),(1),2,, -1,1,0,1,50,23,2,2021,18:00,1,37,37214,2,1,0,1,ROUX (RUE DU DOCTEUR EMILE),47.4125266069,0.674518168,18,3,2
202100028514,150Â 746,A01,1,1,1,5,2,6,-1,0,0,-1,2021,48.0,1,1,0,2,1,13,1,,3,5,-1,,2,2,0,2,64,700,3,, -1,1,0,1,-1,18,7,2021,14:30,1,87,87157,1,1,0,1,Rd 5,45.948106,1.510105,14,2,2
202100015429,174Â 127,A01,9,2,2,5,8,-1,-1,0,0,-1,2021,17.0,3,2,0,0,1,21,1,,4,,-1,,2,2,0,2,(1),(1),3,,4,1,0,8,-1,2,10,2021,12:50,1,86,86095,1,1,0,7,Chemin de Puygremier,46.699476,0.415281,12,3,1
202100022255,161Â 861,B01,1,1,2,3,8,0,-1,-1, -1,-1,2021,24.0,3,1,0,2,1,1,5,,3,PLACE DE LA MUNICIPALITE REGIONALE  DU C,0,,1,2,0,1,53,300,3,, -1,1,0,1,50,26,8,2021,18:45,1,49,49099,2,6,0,3,PLACE DE LA MUNICIPALITE REGIONALE  DU C,47.07083,-0.84181,18,2,2
202100028976,149Â 935,A01,2,2,1,5,2,0,-1,-1, -1,-1,2021,13.0,2,1,0,2,1,2,1,,4,SAINT JEAN DU DESERT (CHEMIN),0,,2,2,0,1,0,0,1,, -1,1,5,1,50,14,7,2021,20:40,2,13,13205,2,2,0,3,SAINT JEAN DU DESERT (CHEMIN),43.29365,5.40849,20,3,2
202100013667,177Â 281,A01,1,1,1,1,2,6,-1,-1, -1,-1,2021,53.0,2,1,0,2,1,2,1,,4,BOUCHET LOUIS (AVENUE),0,,2,2,0,1,(1),(1),1,, -1,1,0,1,50,11,10,2021,10:50,1,17,17306,2,1,0,2,BOUCHET LOUIS (AVENUE),45.6280211257,-0.996142283,10,2,2
202100004286,194Â 096,A01,1,1,1,4,2,6,-1,0,0,-1,2021,32.0,1,1,0,2,4,13,3,,4,BOULEVARD SERURIER,0,,1,2,0,3,(1),(1),1,, -1,2,0,1,50,7,12,2021,17:30,5,75,75119,2,2,1,2,BOULEVARD SERURIER,48.877137,2.406718,17,2,2
202100056380,101Â 125,A01,1,1,2,1,1,0,-1,-1, -1,-1,2021,25.0,2,2,0,2,1,2,1,,2,RN 118,0,,3,5,0,3,9,710,1,, -1,2,0,1,90,2,1,2021,20:30,3,91,91471,1,1,0,4,RN 118,48.7141,2.17568,20,3,3
202100034802,139Â 505,A01,2,2,2,0,1,0,-1,-1, -1,-1,2021,51.0,1,2,0,2,1,1,1,,3,DIX HUIT JUIN 1940 (AVENUE DU),0,,2,3,1,1,0,1,1,, -1,1,0,1,50,12,6,2021,16:30,1,93,93031,2,1,0,4,,48.95141,2.30706,16,7,3
202100021539,163Â 140,A01,2,2,1,5,1,-1,-1,0,0,-1,2021,23.0,1,2,3,2,3,13,1,,1,63,-1,A,1,3,0,1,55,0,1,, -1,2,0,1,130,2,9,2021,13:30,1,40,40295,1,1,1,2,A63,44.373637,-0.843705,13,3,2
202100030956,146Â 419,A01,2,2,1,5,2,6,-1,-1, -1,-1,2021,46.0,1,1,0,2,1,3,1,,1,6,0,,3,6,0,1,14,500,1,, -1,1,0,1,110,4,7,2021,13:00,1,91,91161,1,1,0,6,AUTOROUTE A6,48.69637,2.31657,13,4,3
202100012595,179Â 204,C01,1,1,2,5,1,-1,-1,-1, -1,-1,2021,51.0,1,2,0,2,7,1,1,,9,BPNL   36.318 A 37.781,0,,1,2,0,1,36,500,1,, -1,1,1,1,70,13,10,2021,21:00,5,69,69194,1,9,0,4,BPNL   36.318 A 37.781,45.7891228855,4.8077470064,21,4,3
202100054545,104Â 275,A01,1,1,1,1,1,0,-1,-1, -1,-1,2021,73.0,1,5,1,0,1,2,1,,1,AUTOROUTE A3,0,,3,-1,0,1,15,229,1,, -1,2,0,1,90,19,1,2021,05:45,3,93,93005,1,1,1,2,AUTOROUTE A3,48.96943,2.4818,5,2,2
202100010787,182Â 457,A01,1,1,1,5,1,5,-1,0,0,-1,2021,22.0,3,2,0,2,6,1,1,,7,2565,0,M,3,2,0,2,(1),(1),3,, -1,2,0,1,90,6,9,2021,07:00,2,6,6151,1,1,1,2,M2565,43.91726,7.247225,7,2,2
202100023713,159Â 230,A01,2,2,2,5,1,0,-1,-1, -1,-1,2021,21.0,2,2,2,0,6,1,1,,3,ROUTE DE MURVIEL (RD.19 - SECT.3),0,,2,2,0,1,27,579,1,, -1,1,0,3,70,15,8,2021,17:40,1,34,34032,1,1,0,6,ROUTE DE MURVIEL (RD.19 - SECT.3),43.35115,3.2027,17,2,1
202100047924,116Â 072,A01,1,1,2,9,2,6,-1,-1, -1,-1,2021,48.0,3,1,13,0,1,1,1,,6,,0,,-1,-1,0,1,(1),(1),1,, -1,1,0,1,30,15,3,2021,17:45,1,56,56260,2,1,0,6,BILAIRE(RUE DE),47.66966,-2.74687,17,1,1
202100023771,159Â 127,A01,1,1,2,9,8,-1,-1,0,0,-1,2021,38.0,0,2,8,0,1,6,1,,3,919,0,,2,2,0,1,11,473,1,, -1,1,0,4,50,15,8,2021,02:35,3,61,61167,2,6,0,6,86 Rue Grande - GLOS LA FERRIÃRE,48.859865,0.600739,2,1,1
202100034881,139Â 367,B01,1,1,1,5,0,-1,-1,0,0,-1,2021,25.0,0,1,0,2,0,26,0,,4,,-1,,2,2,0,1,(1),(1),1,,5,1,0,1,50,11,6,2021,22:30,5,972,97230,2,1,0,3,Rue Casimir Branglidor,14.738456,-60.962657,22,2,2
202100040652,128Â 954,A01,1,1,1,5,1,-1,-1,0,0,-1,2021,39.0,1,2,8,0,1,14,1,,3,44,-1,,2,2,0,2,2,0,3,, -1,1,0,3,70,8,5,2021,22:25,5,19,19123,1,1,0,6,RD 44,45.1818043437,1.5762799285,22,1,1
202100046899,117Â 943,A01,2,2,2,0,2,0,-1,-1, -1,-1,2021,20.0,2,1,0,2,1,18,1,,4,LAHANCHIPIA (AVENUE),0,,2,3,0,1,(1),(1),1,, -1,1,0,1,50,23,3,2021,17:35,1,64,64483,2,1,0,1,LAHANCHIPIA (AVENUE),43.40113,-1.63405,17,3,2
202100050834,110Â 818,A01,1,1,1,5,0,-1,-1,0,0,-1,2021,37.0,1,2,13,0,2,14,1,,3,40,-1,,2,2,0,2,5,266,1,, -1,1,0,3,80,21,2,2021,12:40,1,54,54150,1,1,0,7,route dÃ©partementale 40,48.7755866413,6.1462283129,12,1,1
202100004850,193Â 120,A01,1,1,1,5,1,-1,-1,0,0,-1,2021,48.0,1,2,13,0,3,13,1,,4,,-1,,2,2,0,1,(1),(1),1,,4,2,0,1,80,5,12,2021,15:27,1,71,71516,1,1,1,6,Rue du Rondot,46.814225,5.249952,15,1,1
202100036819,135Â 888,A01,1,1,1,5,2,6,-1,-1, -1,-1,2021,70.0,2,1,0,2,0,1,1,,4,MARCHE D'IN (AVENUE),0,,3,4,0,1,(1),(1),1,, -1,2,0,1,50,1,6,2021,19:50,1,13,13214,1,1,1,2,MARCHE D'IN (AVENUE),43.3397,5.37967,19,2,2
202100025730,155Â 691,B01,1,1,2,0,1,0,-1,-1, -1,-1,2021,21.0,1,2,0,2,1,2,1,,4,LONDRES RUE COTE PAIR DU 10 AU 58,0,,2,1,0,1,(1),(1),1,, -1,1,0,1,50,2,8,2021,18:20,1,59,59350,2,1,0,2,LONDRES RUE COTE PAIR DU 10 AU 58,50.61988,3.02304,18,2,2
202100016246,172Â 593,A01,1,1,1,5,2,0,-1,0,0,-1,2021,16.0,1,1,0,2,7,1,5,,4,PLACE ABBE GEORGES HENOCQUE,0,,1,1,0,2,(1),(1),1,, -1,1,0,1,30,29,9,2021,12:53,1,75,75113,2,7,0,3,PLACE ABBE GEORGES HENOCQUE,48.8239523259,2.3535811549,12,2,2
202100006414,190Â 328,B01,1,1,1,5,2,6,-1,-1, -1,-1,2021,16.0,1,1,0,2,8,1,1,,4,JUSTICE (RUE DE LA),0,,2,2,0,1,(1),(1),1,, -1,1,0,1,50,24,11,2021,12:25,1,51,51454,2,4,0,3,Rue de la Petite Vitesse,49.26631,4.0328,12,2,2
202100040764,128Â 746,A01,10,3,1,5,0,-1,-1,1,3,1,2021,17.0,2,2,0,1,2,1,1,,4,AVENUE MATHURIN MOREAU,0,,2,1,0,2,(1),(1),1,, -1,1,0,1,50,8,5,2021,19:50,1,75,75119,2,1,0,6,AVENUE MATHURIN MOREAU,48.87817,2.372051,19,2,1
202100042045,126Â 470,A01,1,1,1,5,8,0,-1,-1, -1,-1,2021,42.0,3,2,3,2,1,18,1,,4,MARCHE D'IN (AVENUE),0,,3,0,0,2,(1),(1),2,, -1,2,0,1,50,29,4,2021,07:30,2,13,13214,2,1,0,3,MARCHE D'IN (AVENUE),43.337888,5.384684,7,2,2
202100037076,135Â 429,A01,1,1,1,5,2,8,-1,-1, -1,-1,2021,21.0,1,1,1,2,1,19,1,,3,9,0,,2,2,0,1,0,0,1,, -1,1,0,1,50,31,5,2021,16:45,1,92,92036,2,1,0,3,LOUISE MICHEL (IMPAIRS),48.9211444701,2.3186033964,16,3,2
202100056130,101Â 550,A01,1,1,1,5,8,8,-1,-1, -1,-1,2021,32.0,1,2,4,2,6,14,1,,1,1,0,,3,4,0,1,2,800,1,, -1,1,0,1,70,5,1,2021,03:12,5,988,98818,1,1,0,6,VE1 SENS SUD/NORD,-22.2472,166.4565,3,4,1
202100013014,178Â 485,B01,4,2,1,0,1,0,-1,-1, -1,-1,2021,2.0,1,2,0,2,4,2,1,,2,315,0,,3,4,0,1,3,900,1,, -1,1,3,1,90,16,10,2021,15:15,1,92,92036,1,1,0,4,RN 315 ,48.937244648,2.2991555846,15,5,3
202100042992,124Â 823,A01,1,1,1,4,1,0,-1,-1, -1,-1,2021,21.0,1,2,3,0,2,1,1,,1,A86 DUPLEX,0,,1,3,0,1,70,19,2,, -1,1,1,8,70,23,4,2021,16:35,5,92,92076,1,1,0,6,A86 DUPLEX,48.8299065434,2.1484345039,16,1,1
202100045906,119Â 700,A01,1,1,2,4,1,0,-1,-1, -1,-1,2021,26.0,1,0,0,2,3,2,1,,3,GOYAVIERS (ROUTE DE),0,,2,2,0,1,12,50,2,, -1,1,0,1,50,30,3,2021,09:20,1,974,97411,1,1,0,2,GOYAVIERS (ROUTE DE),-20.906702,55.416493,9,2,2
202100036180,137Â 022,B01,1,1,2,1,2,6,-1,0,0,-1,2021,20.0,2,1,0,2,1,1,1,,3,532,0,D,2,2,0,1,999,900,1,, -1,1,0,1,50,7,6,2021,11:45,1,7,7324,2,3,0,1,30 Route de Lamastre,45.0705263707,4.8199821896,11,2,2
202100035742,137Â 820,B01,1,1,2,0,1,0,-1,-1, -1,-1,2021,43.0,1,2,0,2,1,1,1,,4,PIERRE BROSSOLETTE (RUE),0,,2,2,0,1,(1),(1),1,, -1,1,8,1,50,7,6,2021,10:41,1,10,10387,2,2,0,3,PIERRE BROSSOLETTE (RUE),48.286626,4.077444,10,2,2
202100018895,167Â 870,B01,1,1,1,1,2,-1,-1,-1,0,-1,2021,36.0,2,1,0,2,3,3,1,,3,RD 170,0,,3,6,0,1,0,899,1,, -1,2,0,1,70,15,9,2021,08:30,1,95,95582,1,1,1,4,RD 170,48.964066,2.268174,8,3,3
202100043713,123Â 557,A01,1,1,1,5,2,-1,-1,0,0,-1,2021,19.0,3,1,0,2,1,1,1,,4,,-1,,2,2,0,1,(1),(1),2,, -1,1,0,1,50,15,4,2021,15:50,1,40,40184,2,2,0,3,Route Noire,44.208,-1.234637,15,2,2
202100001553,199Â 031,A01,1,1,1,3,1,-1,-1,0,0,-1,2021,89.0,0,2,13,0,2,1,1,,3,176,0,,2,2,0,2,34,460,1,, -1,1,0,3,80,26,12,2021,10:00,1,34,34004,1,1,0,7,D176,43.347371,2.851295,10,1,1
202100047561,116Â 752,B01,1,1,1,1,2,-1,-1,0,0,-1,2021,37.0,1,1,0,2,1,1,1,,3,119,-1,,2,2,0,1,7,950,2,, -1,1,0,1,90,19,3,2021,17:55,1,14,14563,1,1,1,1,Route de la Lande,49.319528,0.305214,17,2,2
202100010930,182Â 191,A01,10,3,1,5,0,-1,-1,3,3,1,2021,66.0,1,5,0,1,1,1,3,,4,AVENUE DELCASSE,0,,1,3,0,1,(1),(1),1,, -1,1,8,1,30,26,10,2021,18:05,2,75,75108,2,2,0,6,AVENUE DELCASSE,48.872587,2.314701,18,2,1
202100017264,170Â 792,A01,1,1,1,5,2,-1,-1,0,0,-1,2021,36.0,1,1,2,0,3,1,1,,3,126,-1,,2,2,0,1,8,383,1,, -1,1,0,3,80,26,9,2021,00:30,3,17,17337,1,1,0,6,DÃ©partementale 126,45.966439,-1.253643,0,1,1
202100013017,178Â 480,B01,4,2,2,5,1,-1,-1,-1,0,-1,2021,5.0,1,2,0,2,6,1,1,,1,AUTOROUTE A115,0,,1,4,0,1,6,0,1,, -1,1,0,1,90,16,10,2021,14:30,1,95,95607,1,1,0,3, A115,49.0137781954,2.2191116081,14,4,2
202100026786,153Â 843,A01,10,3,1,9,0,-1,-1,2,3,1,2021,35.0,1,4,0,1,2,1,1,,4,C.De GAULLE (Rocade),0,,3,2,0,1,0,1,2,, -1,1,9,1,50,13,7,2021,00:50,5,84,84007,1,1,0,6,C.De GAULLE (Rocade),43.93655,4.78175,0,2,1
202100010159,183Â 539,A01,10,3,1,0,0,-1,-1,5,9,1,2021,33.0,1,2,0,1,0,1,6,,4,GIBBES (CHEMIN DE),0,,1,2,0,2,(1),(1),1,, -1,2,0,4,50,30,10,2021,14:50,1,13,13214,2,1,1,6,GIBBES (CHEMIN DE),43.3243833641,5.3823451116,14,3,1
202100000816,200Â 262,B01,2,2,1,9,1,8,-1,-1, -1,-1,2021,26.0,1,2,0,2,5,2,1,,4,VALMY (RUE DE),0,,2,2,0,1,0,0,1,, -1,1,0,1,50,21,12,2021,18:50,5,93,93027,2,1,0,2,VALMY (RUE DE),48.92228,2.38095,18,3,2
202100045329,120Â 710,A01,1,1,1,9,1,-1,-1,0,0,-1,2021,42.0,2,2,4,0,1,1,1,,1,29,0,A,3,4,0,1,229,600,2,, -1,1,0,1,130,4,4,2021,07:13,2,80,80335,1,1,0,6,autoroute A29 PK 229+600 sens st Quentin- Amiens,49.85799,2.776752,7,1,1
202100027072,153Â 329,A01,1,1,1,1,2,0,-1,-1, -1,-1,2021,22.0,1,1,0,2,1,17,1,,3,RENNES (RUE DE),0,,2,2,0,1,0,0,1,, -1,1,0,1,50,2,7,2021,07:40,1,22,22106,2,3,0,3,RENNES (RUE DE),48.4944269511,-2.7142010092,7,2,2
202100039068,131Â 803,A01,1,1,2,1,1,0,-1,-1, -1,-1,2021,49.0,1,2,8,0,1,14,1,,4,DE BONNIER (ROUTE),0,,2,2,0,1,(1),(1),2,, -1,1,0,1,50,20,5,2021,11:30,1,971,97101,1,2,0,7,AMEDEE CLOTILDE - CARAQUE (RUE),16.25457,-61.48802,11,1,1
202100001687,198Â 776,A01,1,1,1,0,2,0,-1,-1, -1,-1,2021,37.0,3,1,0,2,1,21,1,,4,kaweni-SPPM ( rue de la ),0,,2,2,0,1,0,0,1,, -1,1,0,1,50,9,11,2021,07:15,1,976,97611,2,1,0,4,kaweni-SPPM ( rue de la ),-12.76979,45.22418,7,4,3
202100056497,100Â 916,A01,1,1,1,5,1,0,-1,-1,0,-1,2021,35.0,1,2,5,0,2,1,1,,1,15,0,,3,8,0,1,7,400,1,, -1,7,0,1,110,1,1,2021,00:00,3,95,95018,1,1,0,6,AUTOROUTE A15-,48.9612392026,2.269324269,0,1,1
202100043409,124Â 072,B01,1,1,1,5,2,8,-1,-1, -1,-1,2021,18.0,2,1,0,2,1,1,1,,3,BRAS DES CHEVRETTES (chemin),0,,2,2,0,1,(1),(1),1,, -1,1,9,8,90,18,4,2021,18:05,5,974,97409,1,1,0,1,BRAS DES CHEVRETTES (chemin),-20.95816,55.62632,18,4,2
202100014114,176Â 456,C01,4,2,1,5,8,0,-1,-1, -1,-1,2021,26.0,1,2,0,2,5,23,1,,1,A4,0,,3,6,0,1,4,0,1,, -1,1,0,1,90,9,10,2021,04:55,3,94,94069,1,1,0,4,A4,48.81705,2.44352,4,5,4
202100023530,159Â 579,A01,1,1,1,9,2,6,-1,0,0,-1,2021,27.0,2,1,0,2,0,0,1,,3,31,-1,,2,2,0,1,2,(1),1,, -1,1,0,1,80,18,8,2021,17:00,1,91,91315,1,1,0,6,CD 31 - 91760 itteville,48.516221,2.355505,17,1,1
202100003839,194Â 890,B01,1,1,1,1,2,6,-1,0,0,-1,2021,31.0,2,1,0,2,8,21,1,,4,BOULEVARD DE LA VILLETTE,0,,1,0,0,1,(1),(1),1,, -1,2,0,1,30,9,12,2021,22:10,5,75,75110,2,1,1,6,BOULEVARD DE LA VILLETTE,48.872998,2.375752,22,2,2
202100026464,154Â 397,A01,1,1,1,3,1,-1,-1,-1, -1,-1,2021,28.0,2,2,0,0,1,13,1,,2,PORTE DE LORIENT,0,,1,1,0,2,0,125,3,, -1,1,3,3,50,29,7,2021,22:20,5,35,35238,2,1,0,6,PORTE DE LORIENT,48.10703,-1.71783,22,4,1
202100003005,196Â 404,B01,1,1,2,1,1,-1,-1,0,0,-1,2021,49.0,2,2,0,2,1,1,1,,2,151,-1,,2,2,0,1,80,410,1,, -1,2,0,5,50,14,12,2021,18:35,5,36,36088,2,1,0,1,Rue des Alouettes,46.9432650599,1.9831395149,18,3,2
202100053465,106Â 152,A01,1,1,1,1,1,-1,-1,0, -1,-1,2021,20.0,1,2,0,2,1,1,1,,4,TREODET Rue de,0,,4,2,0,3,(1),(1),2,, -1,1,5,1,50,25,1,2021,17:00,1,29,29051,2,6,0,3,Rue de Treodet,48.0045457601,-4.0586748719,17,2,2
202100036856,135Â 818,A01,1,1,2,4,8,0,-1,-1, -1,-1,2021,37.0,2,1,0,2,1,19,3,,3,STALINGRAD (BD DE),0,,1,2,0,1,1,0,1,, -1,1,0,1,50,2,6,2021,12:45,1,94,94022,2,2,0,4,STALINGRAD (BD DE),48.77065,2.40149,12,3,3
202100045688,120Â 074,A01,1,1,2,9,1,-1,-1,0,0,-1,2021,31.0,2,2,0,2,1,13,1,,3,953,-1,,2,2,0,1,18,300,1,, -1,1,0,1,80,2,4,2021,16:20,1,18,18006,1,1,0,1,D953,46.953906,2.543265,16,5,3
202100024149,158Â 494,B01,1,1,1,9,2,0,-1,0,0,-1,2021,38.0,2,1,0,2,6,2,1,,4,RUE DU FAUBOURG DU TEMPLE,0,,1,2,0,2,(1),(1),1,, -1,1,0,1,30,14,8,2021,11:10,1,75,75110,2,3,0,2,RUE DU FAUBOURG DU TEMPLE,48.8688269663,2.3676234484,11,2,2
202100049720,112Â 872,A01,10,3,2,5,0,-1,-1,1,1,1,2021,59.0,1,0,0,1,2,0,0,,3,4,0,E,2,2,0,1,4,700,1,, -1,1,0,3,50,1,3,2021,18:20,1,38,38487,2,1,0,6,59 Route des 7 Fontaines,45.559996,4.851408,18,2,1
202100039230,131Â 495,A01,1,1,1,1,2,6,-1,-1, -1,-1,2021,33.0,2,1,14,0,0,26,1,,1,ROCADE A 630,0,,3,4,0,1,10,859,1,, -1,1,3,1,70,20,5,2021,18:15,1,33,33162,1,1,0,6,,44.877918,-0.630419,18,1,1
202100056278,101Â 299,A01,1,1,1,1,1,0,-1,0,0,-1,2021,41.0,1,2,0,2,3,1,1,,4,RUE LEON,0,,1,1,0,1,(1),(1),1,, -1,1,0,1,50,2,1,2021,22:50,5,75,75118,2,3,0,3,RUE LEON,48.888961,2.353603,22,2,2
202100055471,102Â 692,A01,1,1,2,5,1,0,-1,0,0,-1,2021,21.0,2,2,6,0,2,1,1,,7,2099,0,,3,4,0,2,(1),(1),1,, -1,1,0,1,50,10,1,2021,03:00,5,63,63113,2,1,0,6,LANDAIS (AVENUE DES),45.7646412865,3.11041551,3,3,1
202100017614,170Â 134,A01,1,1,1,1,2,-1,-1,-1, -1,-1,2021,44.0,2,1,1,0,0,21,1,,4,EUROPE (DE L')                      (BD),0,,2,3,1,1,(1),(1),1,, -1,1,5,1,50,21,9,2021,08:15,1,69,69152,2,1,0,7,EUROPE (DE L') (BD),45.7004022603,4.8227949823,8,1,1
202100004750,193Â 291,A01,10,3,1,5,0,-1,-1,5,9,1,2021,56.0,1,2,0,1,2,26,1,,3,GAULLE RUE CHARLES DE,0,,2,2,0,1,4,730,1,, -1,2,0,4,50,3,12,2021,10:52,1,49,49246,2,1,1,6,GAULLE RUE CHARLES DE,47.4262,-0.52598,10,2,1
202100036590,136Â 307,A01,1,1,1,0,2,-1,-1,0,0,-1,2021,25.0,0,1,0,2,7,19,3,,4,COLBERT (RUE ),0,,2,2,0,4,(1),(1),2,, -1,1,0,1,50,1,6,2021,17:50,1,80,80021,2,1,0,3,COLBERT (RUE ),49.89417,2.27758,17,2,2
202100007827,187Â 751,B01,1,1,2,5,1,0,-1,-1, -1,-1,2021,57.0,1,2,0,2,4,2,1,,3,CROIX GIBAT (RUE DE LA),0,,1,0,0,2,1,0,1,, -1,1,5,1,50,16,11,2021,18:30,3,22,22360,1,9,0,2,CROIX GIBAT (RUE DE LA),48.4776554236,-2.7224120591,18,2,2
202100036194,136Â 995,B01,1,1,1,0,1,0,-1,-1, -1,-1,2021,42.0,2,2,0,2,1,2,1,,1,A507 sens Marseille - Aubagne,0,,1,4,0,1,7,800,1,, -1,1,1,1,70,4,6,2021,18:15,1,13,13055,1,1,0,4,A507 sens Marseille - Aubagne,43.29551,5.42433,18,3,3
202100042177,126Â 230,A01,1,1,1,5,8,-1,-1,-1, -1,-1,2021,30.0,3,2,13,0,9,14,1,,4,CANTEPIE (lieu dit),0,,2,2,0,2,(1),(1),2,, -1,1,0,3,80,28,4,2021,02:20,3,50,50502,2,1,0,6,CANTEPIE (lieu dit),49.097686,-1.079074,2,1,1
202100024213,158Â 394,A01,1,1,2,0,1,-1,-1,0,0,-1,2021,63.0,2,2,10,0,2,1,1,,3,117,-1,,2,2,0,1,48,950,2,, -1,1,0,1,80,14,8,2021,13:30,1,9,9269,1,1,0,6,RD 117 pk48+950,42.99124,1.544999,13,1,1
202100001630,198Â 889,A01,1,1,1,9,1,5,-1,-1, -1,-1,2021,59.0,2,2,0,2,1,1,0,,3,LOUIS BLANC (AV),0,,1,1,0,1,1,0,1,, -1,1,0,1,50,23,12,2021,18:40,1,94,94068,2,9,0,3,avenue Louis Blanc,48.7922,2.49721,18,2,2
202100008851,185Â 918,A01,1,1,2,4,1,0,-1,-1, -1,-1,2021,61.0,1,2,0,2,1,1,1,,3,STRASBOURG (BD DE),0,,2,2,0,2,1,0,1,, -1,1,0,1,50,8,11,2021,10:20,1,94,94052,2,1,0,3,Boulevard de Strasbourg,48.8406275871,2.481880188,10,3,2
202100053720,105Â 712,A01,1,1,1,0,8,0,-1,-1, -1,-1,2021,31.0,1,1,0,2,5,1,5,,4,LANGUEDOC (RUE DU),0,,2,3,0,1,(1),(1),1,, -1,2,4,1,50,22,1,2021,17:00,5,67,67482,2,8,1,3,LANGUEDOC (RUE DU),48.548947,7.741553,17,2,2
202100020794,164Â 478,A01,1,1,1,5,2,6,-1,0,0,-1,2021,48.0,2,1,0,0,7,1,1,,3,459,-1,,2,2,0,1,3,900,3,, -1,1,0,1,80,5,9,2021,17:35,1,68,68298,1,1,0,7,D459,48.244103,7.161836,17,1,1
202100048182,115Â 624,A01,1,1,1,1,2,6,-1,0,0,-1,2021,30.0,1,1,13,0,1,14,1,,3,654,-1,,2,2,0,1,24,100,2,, -1,1,0,3,80,13,3,2021,13:50,1,32,32405,1,1,1,6,230 Route de Saint-jau,43.848715,0.593278,13,1,1
202100040709,128Â 849,B01,2,2,1,0,1,0,-1,-1, -1,-1,2021,22.0,2,2,0,2,6,1,1,,1,AUTOROUTE A6,0,,3,6,0,2,15,300,1,, -1,1,0,1,110,8,5,2021,22:05,3,91,91589,1,1,0,2,AUTOROUTE A6,48.68343,2.32885,22,3,2
202100047024,117Â 719,B01,1,1,1,0,8,8,-1,-1, -1,-1,2021,29.0,1,1,0,2,1,17,1,,3,REPUBLIQUE (AVENUE DE LA),0,,2,2,0,1,0,100,1,, -1,1,0,1,50,19,3,2021,10:15,1,91,91421,2,3,0,3,REPUBLIQUE (AVENUE DE LA),48.70673,2.45599,10,2,2
202100002921,196Â 548,A01,2,2,2,4,1,0,-1,-1, -1,-1,2021,21.0,1,2,0,2,1,17,1,,4,CLEMENCEAU (RUE),0,,2,2,0,1,0,0,4,, -1,9,0,1,30,10,12,2021,10:00,1,57,57143,2,1,1,1,CLEMENCEAU (RUE),49.2603,6.0942,10,3,2
202100053789,105Â 603,A01,1,1,1,5,2,-1,-1,0,0,-1,2021,22.0,1,1,0,0,0,1,1,,3,264,-1,,2,2,0,1,3,608,1,, -1,1,0,1,80,24,1,2021,16:40,1,44,44178,1,1,0,7,D264,47.1269272588,-1.7014580971,16,1,1
202100021188,163Â 791,A01,1,1,1,5,2,-1,-1,0,0,-1,2021,21.0,0,1,8,0,7,14,1,,3,313,0,,2,2,0,1,14,1,2,, -1,9,5,1,50,4,9,2021,17:20,1,27,27477,2,4,0,6,Route des Andelys,49.130229,1.452883,17,1,1
202100046530,118Â 614,A01,10,3,1,3,0,-1,-1,2,3,1,2021,85.0,3,2,0,1,4,4,1,,4,,0,,1,2,0,1,(1),(1),1,, -1,2,0,1,30,26,3,2021,16:15,1,35,35238,2,1,0,6,Rue du Bosphore,48.08235,-1.68005,16,4,1
202100029233,149Â 506,A01,1,1,1,5,2,-1,-1,0,0,-1,2021,54.0,3,1,6,0,2,1,1,,4,,2,,2,2,0,2,(1),(1),1,,4,1,0,4,50,11,7,2021,15:30,1,57,57091,2,1,0,6,6 rue du chateau,49.112859,7.177078,15,1,1
202100029631,148Â 822,A01,1,1,1,0,1,8,-1,-1, -1,-1,2021,27.0,1,2,12,0,9,15,1,,3,LUGO (AV DE),0,,1,2,0,1,1,0,2,, -1,1,0,1,30,10,7,2021,17:17,1,94,94022,2,3,0,7,Avenue de Lugo,48.76716,2.41059,17,1,1
202100041901,126Â 721,B01,1,1,1,5,8,0,-1,-1, -1,-1,2021,18.0,2,1,0,2,0,0,5,,4,JOLIVET (RUE),0,,1,1,0,1,(1),(1),1,, -1,1,0,1,50,30,4,2021,10:40,1,37,37261,2,1,0,6,JOLIVET (RUE),47.39336,0.7039,10,2,2
202100027766,152Â 078,B01,2,2,2,9,2,6,-1,0,0,-1,2021,31.0,1,1,0,2,2,1,1,,4,BOULEVARD VOLTAIRE,0,,2,4,1,1,(1),(1),1,, -1,1,0,5,50,20,7,2021,22:34,5,75,75111,2,5,0,3,BOULEVARD VOLTAIRE,48.850386,2.392521,22,3,2
202100011427,181Â 297,A01,1,1,1,9,2,0,-1,0,0,-1,2021,39.0,1,1,0,0,1,1,5,,4,BOULEVARD HENRI IV,0,,2,3,1,1,(1),(1),1,, -1,1,0,5,30,23,10,2021,05:50,5,75,75104,2,3,0,7,BOULEVARD HENRI IV,48.85104,2.362246,5,1,1