Num_Acc,id_vehicule,num_veh,place,catu,sexe,trajet,secu1,secu2,secu3,locp,actp,etatp,year_acc,victim_age,senc,catv,obs,obsm,choc,manv,motor,occutc,catr,voie,v1,v2,circ,nbv,vosp,prof,pr,pr1,plan,lartpc,larrout,surf,infra,situ,vma,jour,mois,an,hrmn,lum,dep,com,agg_,int,atm,col,adr,lat,long,hour,nb_victim,nb_vehicules
202100035994,137Â 349,A01,3,2,2,5,1,-1,-1,0,0,-1,2021,20.0,2,2,12,9,7,26,1,,3,RD18,0,,2,1,0,2,45,200,3,,4,1,0,3,50,6,6,2021,06:30,2,42,42243,1,4,0,6,D18,45.8520925053,3.9980492094,6,2,1
202100000094,201Â 582,A01,1,1,1,9,8,0,-1,-1, -1,-1,2021,82.0,2,2,3,2,1,14,1,,2,N RN5,0,,3,2,0,1,10,0,1,, -1,1,9,1,90,30,12,2021,08:40,2,91,91514,1,1,0,7,N RN5,48.65823,2.52086,8,1,1
202100048890,114Â 368,B01,1,1,1,1,2,5,6,0,0,-1,2021,32.0,1,1,0,2,2,17,1,,3,932,0,D,2,2,0,1,(1),958,2,, -1,1,0,1,50,8,3,2021,06:45,1,60,60119,2,3,0,3,rue nationale,49.499866,2.901077,6,2,2
202100054427,104Â 466,A01,1,1,1,3,2,8,-1,-1, -1,-1,2021,27.0,1,1,0,2,1,13,1,,4,CINQ CANTONS (RUE DES),0,,2,2,0,1,0,0,1,, -1,1,0,1,50,19,1,2021,12:07,1,64,64024,2,6,0,1,CINQ CANTONS (RUE DES),43.4843217846,-1.5178928226,12,2,2
202100013354,177Â 881,B01,1,1,1,3,0,-1,-1,0,0,-1,2021,41.0,3,1,0,2,7,1,5,,4,,-1,,2,2,0,1,(1),(1),1,,4,1,0,1,50,12,10,2021,17:45,1,26,26235,2,6,0,3,77 Avenue du General de Gaulle,44.370564,4.695899,17,2,2
202100052725,107Â 490,A01,1,1,1,5,2,6,9,0,0,-1,2021,53.0,1,1,13,0,0,2,1,,2,21,-1,N,3,3,0,2,75,500,3,, -1,2,0,3,80,3,2,2021,17:15,1,24,24146,1,1,0,6,N21,45.064079,0.681152,17,1,1
202100040397,129Â 400,B01,1,1,2,9,1,-1,-1,0,0,-1,2021,74.0,1,2,0,2,2,1,1,,3,101,0,D,2,2,0,1,11,115,1,,7,2,0,1,80,7,5,2021,19:50,1,56,56008,2,2,1,3,Toul Broc'h,47.621785,-2.898331,19,2,2
202100007998,187Â 435,A01,1,1,2,0,1,-1,-1,-1, -1,-1,2021,20.0,0,2,0,2,1,2,1,,3,LONGSARD (route de),0,,2,2,2,1,1,100,1,, -1,1,0,1,70,15,11,2021,08:05,1,69,69013,1,1,0,2,LONGSARD (DE) (RTE),46.0162371133,4.7071695328,8,3,2
202100021007,164Â 114,B01,1,1,2,1,1,0,-1,-1, -1,-1,2021,31.0,3,2,0,2,3,26,1,,4,PLATANES (AVENUE DES),0,,2,4,0,1,0,0,1,, -1,1,0,1,50,3,9,2021,08:40,1,91,91687,2,9,0,3,PLATANES (AVENUE DES),48.65053,2.36411,8,2,2
202100051813,109Â 086,B01,1,1,2,5,1,5,-1,-1, -1,-1,2021,51.0,1,2,0,2,1,1,1,,7,D.5,0,,-1,2,0,1,38,100,1,, -1,1,0,1,80,11,2,2021,11:00,1,13,13047,1,1,0,3,D.5,43.478001,4.99655,11,2,2
202100041794,126Â 901,B01,1,1,1,5,2,0,-1,-1,0,-1,2021,48.0,2,1,0,2,4,13,5,,4,BRUNE  (RUE),0,,2,2,0,1,(1),(1),4,, -1,1,0,1,50,30,4,2021,17:10,1,59,59317,1,1,0,2,BRUNE  (RUE),50.68875,2.93066,17,2,2
202100044421,122Â 283,A01,1,1,2,0,2,6,-1,0,0,-1,2021,18.0,1,1,1,0,3,1,1,,4,,-1,,2,2,0,1,(1),(1),1,, -1,1,0,1,50,12,4,2021,15:30,1,55,55122,2,2,0,6,1 Rue Alphonse Verneau,48.760413,5.592966,15,2,1
202100019498,166Â 778,B01,1,1,1,1,1,0,-1,-1, -1,-1,2021,46.0,2,2,0,2,1,1,1,,3,COMBAL,0,,2,2,0,1,1,600,1,, -1,1,0,1,80,11,9,2021,07:15,2,24,24037,1,1,1,1,COMBAL,44.82274,0.47679,7,2,2
202100054092,105Â 057,B01,1,1,1,1,8,0,-1,-1, -1,-1,2021,33.0,1,1,0,2,8,1,3,,4,ROBERT GALLEY (RUE),0,,1,1,1,1,(1),(1),2,, -1,2,0,5,50,21,1,2021,07:30,5,10,10333,2,6,1,3,ROBERT GALLEY (RUE),48.28956,4.06711,7,2,2
202100027775,152Â 066,B01,2,2,2,5,2,0,-1,-1, -1,-1,2021,26.0,2,1,0,2,1,1,1,,3,JEAN JAURES (R),0,,2,2,0,1,1,0,1,, -1,1,0,8,50,21,7,2021,10:30,1,94,94017,2,1,0,3,Rue Jean JaurÃ¨s,48.8148,2.50649,10,3,2
202100002649,197Â 048,B01,1,1,2,5,8,0,-1,0,0,-1,2021,27.0,2,1,0,2,8,1,5,,4,BOULEVARD VOLTAIRE,0,,2,4,1,1,(1),(1),1,, -1,1,-1,5,30,16,12,2021,00:10,5,75,75111,2,1,0,3,BOULEVARD VOLTAIRE,48.85131,2.391015,0,2,2
202100045250,120Â 839,A01,1,1,1,0,8,0,-1,-1, -1,-1,2021,28.0,2,1,0,2,1,19,3,,3,AV CARNOT,0,,2,1,0,1,1,0,1,, -1,1,0,1,50,2,4,2021,17:58,1,94,94078,2,1,0,3,CARNOT (AV),48.73305,2.45081,17,2,2
202100006297,190Â 539,A01,10,3,2,1,0,-1,-1,4,3,3,2021,36.0,2,1,0,1,1,1,5,,4,RUE DE MONCEAU,0,,1,2,1,1,(1),(1),1,, -1,1,0,1,30,25,11,2021,09:12,1,75,75108,2,2,0,6,RUE DE MONCEAU,48.87943,2.314282,9,2,1
202100007475,188Â 391,A01,10,3,2,5,0,-1,-1,1,3,1,2021,47.0,1,2,0,1,1,16,1,,3,928,0,D,-1,2,0,1,11,725,1,, -1,1,0,1,30,18,11,2021,09:42,1,62,62549,2,9,0,6,Avenue de Lattre de Tassigny,50.374314,2.030459,9,2,1
202100025435,156Â 197,B01,3,2,2,5,1,0,-1,-1, -1,-1,2021,20.0,1,2,0,2,4,1,1,,3,R D 900,0,,3,4,0,1,25,455,1,, -1,1,0,1,90,4,8,2021,17:25,1,66,66136,2,1,0,2,R D 900,42.67899,2.87273,17,3,2
202100045180,120Â 978,B01,1,1,1,5,2,6,9,0,0,-1,2021,34.0,1,1,0,2,7,1,1,,3,88,0,D,2,2,0,1,3,500,1,, -1,1,0,1,50,4,4,2021,13:45,1,43,43111,1,3,0,3,Route de Ribains,44.842149,3.823594,13,2,2
202100047242,117Â 315,A01,2,2,1,1,1,8,-1,-1, -1,-1,2021,18.0,2,2,0,2,1,0,1,,3,,0,,2,2,0,1,8,330,1,, -1,1,0,1,50,20,3,2021,12:15,1,1,1053,2,2,0,3,STAND ( RUE DU ),46.19192,5.23219,12,5,2
202100054398,104Â 527,B01,1,1,1,1,6,-1,-1,0,0,-1,2021,36.0,3,1,0,2,1,1,5,,3,D5,-1,,2,2,0,1,(1),(1),2,, -1,1,0,1,50,8,1,2021,13:10,1,67,67028,2,6,0,3,D5,48.372081,7.592787,13,2,2
202100006291,190Â 548,A01,1,1,1,1,8,0,-1,0,0,-1,2021,55.0,2,1,0,2,4,7,5,,4,BOULEVARD SAINT MARCEL,0,,2,2,3,1,(1),(1),1,, -1,2,-1,6,30,25,11,2021,18:40,5,75,75113,2,5,1,2,BOULEVARD SAINT MARCEL,48.836803,2.351867,18,2,2
202100018254,168Â 987,A01,1,1,2,5,1,-1,-1,0,0,-1,2021,84.0,1,2,0,0,1,14,0,,3,D222,-1,,2,2,0,2,0,844,4,, -1,1,0,1,80,19,9,2021,11:15,1,9,9032,1,1,0,7,PremiÃ¨re Bazerque,42.70818,1.834046,11,1,1
202100034080,140Â 845,A01,1,1,1,1,2,6,-1,-1, -1,-1,2021,20.0,2,1,0,2,2,16,1,,4,PRADO (AVENUE DU),0,,2,6,3,1,0,0,1,, -1,1,6,1,50,16,6,2021,20:30,1,13,13208,2,1,0,3,PRADO (AVENUE DU),43.2779239396,5.3882553419,20,2,2
202100036099,137Â 153,A01,1,1,1,5,2,6,-1,0,0,-1,2021,29.0,1,1,14,0,2,18,1,,4,BOULEVARD DE MAGENTA,0,,2,4,3,1,(1),(1),1,, -1,1,0,1,50,6,6,2021,21:30,5,75,75110,2,3,0,7,BOULEVARD DE MAGENTA,48.87095,2.360842,21,1,1
202100024140,158Â 510,B01,1,1,1,5,2,0,-1,-1, -1,-1,2021,19.0,1,1,0,2,1,17,1,,4,CAPELETTE (AVENUE DE LA),0,,2,2,0,1,0,0,1,, -1,1,0,1,50,14,8,2021,13:30,1,13,13210,2,1,0,3,CAPELETTE (AVENUE DE LA),43.2806796366,5.4074904702,13,2,2
202100014118,176Â 449,A01,10,3,1,0,0,-1,-1,1,3,-1,2021,20.0,1,2,0,1,7,17,1,,4,LIBERATION (AVENUE DE LA),0,,3,2,0,2,(1),(1),1,, -1,1,9,1,50,9,10,2021,19:45,5,54,54395,2,1,0,6,LIBERATION (AVENUE DE LA),48.69652,6.14645,19,5,1
202100022596,161Â 223,B01,1,1,1,5,2,0,-1,-1, -1,-1,2021,36.0,2,1,0,2,1,0,0,,4,BD ARISTIDE BRIAND,0,,2,2,0,1,0,0,1,, -1,1,0,1,50,24,8,2021,18:15,1,91,91589,2,9,0,3,BD ARISTIDE BRIAND,48.687595,2.355494,18,2,2
202100052719,107Â 500,B01,1,1,1,1,1,-1,-1,0,0,-1,2021,40.0,2,2,6,2,1,1,1,,3,911,-1,,2,2,0,1,38,0,1,, -1,2,5,1,80,2,2,2021,17:20,1,46,46007,1,3,0,3,D911,44.456868,1.507646,17,2,2
202100022724,160Â 981,A01,10,3,2,5,0,-1,-1,2,3,1,2021,71.0,1,2,0,1,1,26,1,,4,METZ (RUE DE) DU 21AU 49,0,,1,1,0,1,(1),(1),1,, -1,1,0,1,50,20,8,2021,19:15,1,31,31555,2,1,1,6,METZ (RUE DE) DU 21AU 49,43.60068,1.44983,19,2,1
202100045748,119Â 978,A01,1,1,1,2,2,6,-1,-1, -1,-1,2021,15.0,1,1,0,2,8,21,1,,3,SOULT (AVENUE MARECHAL),0,,2,1,0,2,7,970,1,, -1,1,0,1,50,31,3,2021,07:45,1,64,64102,2,1,0,3,SOULT (AVENUE MARECHAL),43.48646,-1.48835,7,2,2
202100048193,115Â 612,A01,1,1,1,3,6,2,-1,0,0,-1,2021,68.0,1,1,0,0,1,1,1,,4,382,0,D,2,2,0,1,(1),(1),2,, -1,1,0,3,80,13,3,2021,18:10,1,7,7172,1,1,0,7,Route de Colombier le Cardinal,45.277778,4.739725,18,1,1
202100049672,112Â 953,B01,1,1,1,0,2,0,-1,-1, -1,-1,2021,54.0,2,1,0,2,2,1,1,,3,GEORGES GOSNAT (AV),0,,2,2,1,1,1,0,1,, -1,1,0,1,50,28,2,2021,22:20,5,94,94041,2,3,0,3,GEORGES GOSNAT (AV),48.81127,2.384,22,2,2
202100008109,187Â 237,B01,1,1,1,0,0,-1,-1,0,0,-1,2021,32.0,1,2,0,2,1,1,1,,3,306,0,D,2,2,0,1,38,220,1,, -1,1,0,1,90,14,11,2021,18:30,3,72,72167,1,1,0,6,D306,47.77866,-0.221529,18,4,3
202100048111,115Â 754,B01,2,2,1,0,1,0,-1,-1, -1,-1,2021,31.0,2,2,0,2,4,1,1,,1,AUTOROUTE A86,0,,3,6,0,1,12,199,1,, -1,1,0,1,90,14,3,2021,13:30,1,93,93039,1,1,0,2,AUTOROUTE A86,48.92834,2.33116,13,4,2
202100000571,200Â 682,B01,1,1,1,1,2,8,-1,-1, -1,-1,2021,41.0,0,1,0,2,1,1,1,,4,(RUE) NEGRESKO,0,,2,2,0,1,0,0,1,, -1,1,0,1,50,9,11,2021,12:00,1,13,13208,2,1,0,1,(RUE) NEGRESKO,43.2695850021,5.3900392298,12,2,2
202100043213,124Â 416,A01,1,1,2,0,2,0,-1,-1, -1,-1,2021,45.0,1,1,0,2,1,5,5,,3,BROSSOLETTE AVENUE PIERRE,0,,2,4,1,1,0,1,1,, -1,1,0,1,50,21,4,2021,10:30,1,92,92049,2,2,0,3,BROSSOLETTE AVENUE PIERRE,48.8176956235,2.3078852892,10,2,2
202100029425,149Â 180,B01,1,1,1,0,1,0,-1,-1, -1,-1,2021,75.0,3,2,0,2,8,1,1,,7,SALENGRO  (AVENUE ROGER),0,,3,4,0,1,(1),(1),1,, -1,1,5,1,50,11,7,2021,09:00,1,59,59512,2,3,0,3,SALENGRO  (AVENUE ROGER),50.6774228401,3.1991940737,9,2,2
202100031614,145Â 243,B01,1,1,2,0,1,0,-1,-1, -1,-1,2021,24.0,1,1,0,2,1,2,5,,3,HENRI BARBUSSE (BOULEVARD),0,,2,2,0,1,1,0,1,, -1,2,0,1,30,30,6,2021,08:40,1,93,93048,2,1,1,2,Boulevard Henri Barbusse,48.867406,2.442147,8,2,2
202100035322,138Â 573,B01,1,1,1,9,2,6,-1,0,0,-1,2021,26.0,1,1,0,2,1,17,1,,4,RUE BICHAT,0,,1,1,0,1,(1),(1),1,, -1,1,0,1,30,10,6,2021,13:45,1,75,75110,2,1,0,3,RUE BICHAT,48.871052,2.368345,13,2,2
202100009946,183Â 917,A01,1,1,1,5,2,6,-1,0,0,-1,2021,20.0,1,1,0,0,0,16,1,,3,1,-1,,-1,2,0,1,73,640,3,,4,2,0,1,50,1,11,2021,13:30,1,51,51030,2,6,0,7,Rue du PrÃªche,49.0509542025,4.0069708228,13,1,1
202100025077,156Â 829,B01,2,2,2,5,1,-1,-1,0,0,-1,2021,74.0,1,2,0,2,4,2,1,,1,7,0,,-1,5,0,1,55,50,1,, -1,1,0,1,130,6,8,2021,17:20,1,26,26179,1,1,0,4,Autoroute du Soleil,45.067701,4.871042,17,7,3
202100038890,132Â 116,A01,10,3,2,0,0,-1,-1,1,3,1,2021,51.0,1,2,0,1,2,26,1,,3,7,0,,2,4,0,1,1,0,1,, -1,1,1,1,50,21,5,2021,10:05,1,91,91687,2,1,0,6,GENERAL DE GAULLE (AVENUE DU),48.68002,2.38062,10,2,1
202100039894,130Â 280,A01,2,2,1,9,1,-1,-1,0,0,-1,2021,25.0,1,2,15,0,2,1,1,,3,927,-1,,1,2,0,1,3,850,1,, -1,2,0,4,50,16,5,2021,00:05,5,60,60395,2,6,0,6,Rue Aristide Briand,49.221171,2.131208,0,2,1
202100012009,180Â 244,B01,2,2,2,0,1,0,-1,0,0,-1,2021,63.0,1,2,0,2,1,1,1,,4,,0,,2,2,0,1,(1),(1),1,, -1,1,0,1,50,19,10,2021,17:15,2,63,63113,2,3,0,3,CHATEAU DES VERGNES/ charmes,45.80768,3.12829,17,3,2
202100000167,201Â 446,A01,1,1,1,5,2,8,-1,-1, -1,-1,2021,21.0,3,1,0,2,1,1,1,,7,CD16 (LE DELA),0,,2,2,0,2,38,0,3,, -1,1,0,1,80,14,7,2021,18:00,1,13,13047,1,1,0,3,CD16 (LE DELA),43.52397,5.00765,18,3,2
202100039597,130Â 806,A01,1,1,2,5,1,0,-1,0,0,-1,2021,38.0,1,2,0,2,3,13,1,,4,PORTE DE PASSY,0,,1,4,0,1,13,400,1,, -1,2,1,1,70,17,5,2021,15:50,1,75,75116,2,1,0,2,PORTE DE PASSY,48.857166,2.25862,15,2,2
202100010161,183Â 537,A01,10,3,2,3,0,-1,-1,3,1,1,2021,62.0,1,2,0,1,1,26,1,,4,GOBY (RUE PAUL),0,,1,1,0,2,(1),(1),1,, -1,2,9,1,30,30,10,2021,13:40,1,6,6069,2,9,1,6,GOBY (RUE PAUL),43.66029,6.92387,13,2,1
202100000928,200Â 091,A01,10,3,1,4,4,-1,-1,1,4,2,2021,51.0,3,1,0,1,1,1,1,,4,,0,,2,2,0,1,(1),(1),1,,"5,5",1,0,1,30,31,12,2021,05:05,5,28,28280,2,1,0,1,22 Rue des Bouchers,48.313377,0.819029,5,2,1
202100050538,111Â 361,B01,1,1,1,0,1,0,-1,-1, -1,-1,2021,22.0,1,2,0,2,1,2,1,,1,A7-Sens Lyon vers Marseille,0,,1,2,0,1,264,100,1,, -1,1,0,1,110,22,2,2021,11:30,1,13,13117,1,1,0,2,A7-Sens Lyon vers Marseille,43.44395,5.24466,11,5,2
202100031979,144Â 583,A01,1,1,1,5,0,-1,-1,0,0,-1,2021,12.0,3,1,0,2,2,0,5,,6,,0,,-1,0,0,1,(1),(1),1,, -1,1,0,8,-1,27,6,2021,16:30,1,25,25056,2,1,0,2,GARNIER RUE LOUIS,47.215631812,5.9685319662,16,2,2
202100000909,200Â 119,B01,1,1,1,5,2,6,-1,0,0,-1,2021,24.0,1,1,0,2,1,1,1,,3,947,0,A,2,2,0,1,14,300,1,, -1,1,5,1,70,20,12,2021,14:50,1,62,62529,1,2,0,1,Rue du Grand chemin,50.566082,2.782283,14,2,2
202100017570,170Â 218,B01,1,1,1,5,2,9,-1,0,0,-1,2021,54.0,2,1,0,2,1,1,5,,3,198,-1,,2,2,0,2,7,654,1,, -1,1,5,1,80,21,9,2021,08:05,2,78,78615,1,3,1,1,D198,48.853283,1.909545,8,3,2
202100030478,147Â 292,B01,2,2,2,5,1,-1,-1,0,0,-1,2021,54.0,2,2,0,2,2,1,1,,3,22,-1,D,2,2,0,1,25,980,1,, -1,2,0,3,80,6,7,2021,11:30,1,30,30102,1,1,1,1,"D22, Pk26 dÃ©croissant",43.932977,4.2886,11,3,2
202100023806,159Â 068,A01,2,2,1,4,1,-1,-1,0,0,-1,2021,25.0,3,4,0,0,0,1,1,,9,,-1,,2,2,0,1,(1),(1),2,,4,1,0,3,80,17,8,2021,11:50,1,973,97312,1,1,0,7,Route de Pointe Combi,5.317933,-52.948142,11,3,1
202100033708,141Â 512,A01,1,1,1,5,2,6,-1,0,0,-1,2021,17.0,1,1,0,2,8,1,1,,4,,-1,,2,2,0,1,(1),(1),3,, -1,1,0,1,80,19,6,2021,11:20,1,71,71408,1,1,0,3,Chemin de Popet,46.2044075221,4.2230374787,11,2,2
202100011980,180Â 305,A01,10,3,2,0,0,-1,-1,3,3,1,2021,32.0,2,2,0,1,1,1,1,,3,ANDRE MALRAUX (AVENUE),0,,3,2,0,1,0,0,1,, -1,1,0,1,50,20,10,2021,21:30,3,91,91687,2,6,0,6,ANDRE MALRAUX (AVENUE),48.673518,2.361793,21,2,1
202100007840,187Â 724,B01,1,1,1,0,8,0,-1,-1, -1,-1,2021,49.0,1,1,0,2,1,1,0,,4,VOLTAIRE (RUE),0,,2,2,0,1,(1),(1),1,, -1,1,5,1,50,15,11,2021,12:30,1,10,10387,2,3,0,3,VOLTAIRE (RUE),48.2948,4.0641,12,2,2
202100012111,180Â 062,A01,1,1,2,2,1,-1,-1,0,0,-1,2021,21.0,1,2,3,2,0,1,1,,1,40,-1,,1,4,0,2,55,700,2,, -1,2,2,1,70,21,10,2021,08:55,1,74,74118,1,1,0,3,A40,46.18327,6.224173,8,2,2
202100018261,168Â 977,A01,2,2,2,5,1,-1,-1,0,0,-1,2021,76.0,2,2,0,2,1,2,2,,1,10,0,,3,4,0,1,456,500,1,,10,1,0,1,130,18,9,2021,17:45,1,17,17354,1,1,0,2,Autoroute A 10 PK 456.500 ens Bordeaux/Paris,45.608037,-0.596309,17,6,2
202100001892,198Â 414,A01,10,3,2,2,0,-1,-1,2,3,1,2021,13.0,3,2,0,1,1,1,3,,7,ANCIENS COMBATTANTS (avenue des),0,,2,2,0,1,0,0,1,, -1,1,0,1,50,17,12,2021,16:45,1,13,13026,2,1,0,6,ANCIENS COMBATTANTS (avenue des),43.37928,5.17196,16,2,1
202100018698,168Â 222,B01,1,1,1,0,1,0,-1,-1, -1,-1,2021,51.0,1,1,0,2,1,2,1,,1,AUTOROUTE A6,0,,1,2,0,2,20,350,1,, -1,1,0,1,50,16,9,2021,21:01,3,91,91687,1,1,0,2,AUTOROUTE A6,48.66153,2.36968,21,2,2
202100006788,189Â 650,B01,1,1,1,3,2,6,-1,-1, -1,-1,2021,70.0,1,1,0,2,3,1,1,,1,A55-Sens Marseille vers Martigues,0,,1,2,0,1,3,500,1,, -1,1,0,1,90,23,11,2021,14:15,1,13,13215,1,1,0,3,A55-Sens Marseille vers Martigues,43.32836,5.3573,14,2,2
202100009970,183Â 880,B01,1,1,1,5,0,-1,-1,0,0,-1,2021,14.0,1,1,0,0,6,2,3,,4,39,0,,1,1,0,1,(1),(1),3,, -1,1,0,1,20,1,11,2021,15:00,1,21,21171,2,6,0,3,Avenue de l EgalitÃ©,47.298256,5.13473,15,2,2
202100011857,180Â 530,A01,1,1,1,5,8,0,-1,0,0,-1,2021,16.0,1,1,0,2,7,1,5,,4,RUE DE TURBIGO,0,,2,2,1,1,(1),(1),1,, -1,2,-1,5,30,21,10,2021,14:15,1,75,75103,2,2,1,3,RUE DES FONTAINES DU TEMPLE,48.865903,2.358133,14,2,2
202100035550,138Â 164,A01,1,1,2,9,2,0,-1,0,0,-1,2021,43.0,0,1,0,0,0,1,5,,4,QUAI D ORSAY,0,,2,6,1,1,(1),(1),1,, -1,1,0,5,50,9,6,2021,17:30,1,75,75107,2,1,0,7,QUAI D ORSAY,48.862852,2.312841,17,1,1
202100053023,106Â 945,A01,1,1,1,1,1,-1,-1,0,0,-1,2021,52.0,0,2,13,0,1,15,1,,4,sans,0,,2,2,0,1,(1),(1),3,, -1,2,5,3,80,1,2,2021,03:15,3,29,29280,1,3,1,6,C25 - Kervanquen,48.250998,-4.365435,3,1,1
202100022752,160Â 931,B01,1,1,1,9,2,6,-1,0,0,-1,2021,31.0,2,1,0,2,4,15,1,,4,BOULEVARD DE LA MADELEINE,0,,2,4,1,1,(1),(1),1,, -1,1,0,1,50,24,8,2021,09:00,1,75,75101,2,3,0,2,BOULEVARD DE LA MADELEINE,48.869576,2.325891,9,2,2
202100015342,174Â 287,A01,1,1,2,0,2,6,-1,-1, -1,-1,2021,15.0,0,1,0,0,6,15,1,,4,GAMMERTINGEN (ROND-POINT DE),0,,1,2,0,1,1,0,2,, -1,2,5,1,50,2,10,2021,19:55,5,22,22360,2,6,1,7,GAMMERTINGEN (ROND-POINT DE),48.48594,-2.74267,19,1,1
202100015823,173Â 389,A01,1,1,1,0,2,-1,-1,0,0,-1,2021,39.0,2,1,0,2,2,17,1,,3,1,0,D,2,2,3,1,6,0,1,,7,1,0,1,50,1,10,2021,20:10,3,973,97309,2,1,0,3,Route de Montjoly (rd1),4.921172,-52.280197,20,2,2
202100040333,129Â 509,B01,1,1,1,5,2,8,-1,-1, -1,-1,2021,16.0,1,1,0,2,8,1,1,,4,LETIENNE (R JEAN),0,,2,2,0,1,(1),(1),1,, -1,1,0,1,50,9,4,2021,11:30,1,62,62498,2,1,0,3,LETIENNE (R JEAN),50.428843,2.824966,11,2,2
202100016567,172Â 018,A01,1,1,1,5,2,6,-1,0,0,-1,2021,54.0,1,1,0,6,1,1,1,,3,913,0,,2,2,0,4,27,0,1,, -1,1,0,1,90,28,9,2021,07:50,1,23,23247,1,1,0,6,Lavaud,46.224503,1.741258,7,1,1
202100024595,157Â 693,A01,1,1,1,9,8,0,-1,-1, -1,-1,2021,16.0,3,1,0,2,1,0,3,,9,GAMBETTA. BOULEVARD,0,,2,2,3,1,0,0,1,, -1,1,-1,6,50,11,8,2021,20:00,1,76,76540,2,9,0,3,GAMBETTA. BOULEVARD,49.43866,1.10797,20,2,2
202100010428,183Â 084,C01,1,1,1,4,4,-1,-1,0,0,-1,2021,38.0,1,4,0,0,0,23,1,,1,6,-1,,1,3,0,1,406,300,1,, -1,1,0,1,130,29,10,2021,21:20,3,69,69077,1,1,0,4,"AUTOROUTE A6 PK 403,300 SENS PARIS-LYON",46.148517,4.769955,21,10,3
202100040204,129Â 734,A01,1,1,1,0,2,0,-1,-1, -1,-1,2021,35.0,1,1,0,2,1,2,1,,7,CROIX ROUGE (AVENUE),0,,2,2,0,1,6,800,1,, -1,1,0,1,50,12,5,2021,07:40,1,13,13213,2,1,0,4,CROIX ROUGE (AVENUE),43.33067,5.43071,7,3,3
202100055581,102Â 507,B01,1,1,1,5,1,-1,-1,0,0,-1,2021,36.0,1,2,0,2,3,1,1,,3,1203,-1,,2,2,0,1,17,300,3,, -1,2,0,1,80,11,1,2021,17:45,5,74,74282,1,1,0,1,DaudensThorens glieres,46.038357,6.245255,17,3,2
202100025125,156Â 744,B01,1,1,1,9,1,0,-1,0,0,-1,2021,85.0,3,2,0,2,4,24,1,,4,MONDUIT (RUE HENRI),0,,-1,2,0,1,(1),(1),2,, -1,2,0,1,50,7,8,2021,15:40,1,27,27229,2,1,1,6,MONDUIT (RUE HENRI),49.02813,1.13753,15,2,2
202100020721,164Â 591,B01,1,1,1,9,2,0,-1,0,0,-1,2021,34.0,1,1,0,2,1,1,3,,4,RUE D ENGHIEN,0,,2,2,0,1,(1),(1),1,, -1,2,0,1,30,5,9,2021,01:25,5,75,75110,2,2,1,3,RUE D ENGHIEN,48.872129,2.350048,1,2,2
202100032398,143Â 863,B01,2,2,2,5,2,6,-1,0,0,-1,2021,58.0,1,1,0,2,1,1,1,,3,908,-1,,2,2,0,1,43,100,2,, -1,1,0,1,80,26,6,2021,10:50,1,4,4061,1,1,0,3,RD 908,44.209011,6.637797,10,3,2
202100004821,193Â 165,A01,10,3,2,9,0,-1,-1,1,3,2,2021,55.0,2,1,0,1,4,21,3,,4,RUE DES FRANCS BOURGEOIS,0,,1,1,0,1,(1),(1),1,, -1,2,0,1,30,4,12,2021,12:50,1,75,75103,2,1,0,6,RUE DES FRANCS BOURGEOIS,48.857955,2.360161,12,2,1
202100039795,130Â 449,A01,1,1,2,5,1,5,-1,-1, -1,-1,2021,32.0,1,2,0,2,7,17,1,,2,RN104.INT,0,,1,2,0,1,0,750,3,, -1,2,0,2,90,15,5,2021,18:30,1,77,77169,1,1,1,6,RN104.INT,48.8231306326,2.6150894957,18,2,2
202100033296,142Â 251,Z01,10,3,1,5,0,-1,-1,3,3,1,2021,26.0,3,2,0,1,1,1,1,,4,AVENUE DU GRAND CHÃTELET,0,,2,2,0,1,(1),(1),1,, -1,1,0,1,50,19,6,2021,11:20,1,38,38185,2,2,0,1,RUE CHARLES RIVAIL,45.1784,5.74939,11,2,1
202100043764,123Â 460,A01,10,3,1,2,0,-1,-1,4,3,1,2021,14.0,2,2,0,1,1,1,1,,4,,0,,2,2,0,1,(1),(1),1,, -1,1,0,1,50,22,2,2021,08:15,1,63,63113,2,1,0,6,CLOS NOTRE DAME (RUE DU),45.78474,3.08002,8,2,1
202100046576,118Â 516,A01,1,1,1,5,1,0,-1,-1, -1,-1,2021,55.0,3,2,2,0,1,26,6,,4,PALUD (CHEMIN),0,,2,2,0,1,0,0,1,, -1,1,0,1,50,21,3,2021,19:32,2,84,84087,1,9,0,1,PALUD (CHEMIN),44.12012,4.84546,19,1,1
202100038021,133Â 699,B01,1,1,1,5,2,0,-1,0,0,-1,2021,51.0,3,1,0,2,0,1,5,,4,ROUBION (Quai du),0,,1,1,0,2,(1),(1),1,, -1,1,0,1,30,26,5,2021,14:50,1,26,26198,2,1,0,3,4 Place du Roubion,44.555265,4.752038,14,2,2
202100005333,192Â 257,B01,1,1,1,4,2,6,-1,0,0,-1,2021,24.0,0,1,0,2,2,1,3,,9,MOULIN (RUE JEAN),0,,2,0,1,1,(1),(1),1,, -1,2,0,1,50,1,12,2021,18:35,5,27,27229,2,9,1,3,MOULIN (RUE JEAN),49.01378,1.15252,18,2,2