Num_Acc,id_vehicule,num_veh,place,catu,sexe,trajet,secu1,secu2,secu3,locp,actp,etatp,year_acc,victim_age,senc,catv,obs,obsm,choc,manv,motor,occutc,catr,voie,v1,v2,circ,nbv,vosp,prof,pr,pr1,plan,lartpc,larrout,surf,infra,situ,vma,jour,mois,an,hrmn,lum,dep,com,agg_,int,atm,col,adr,lat,long,hour,nb_victim,nb_vehicules
202100055736,102Â 237,A01,2,2,2,0,1,0,-1,-1, -1,-1,2021,57.0,1,2,0,2,1,2,1,,1,A86,0,,3,6,0,1,2,400,1,, -1,2,0,1,90,9,1,2021,13:00,1,92,92050,1,1,0,2,A86,48.9180741498,2.2229397297,13,4,2
202100014619,175Â 583,A01,1,1,1,0,2,0,-1,-1, -1,-1,2021,14.0,1,1,1,0,1,13,1,,7,FONTSAINTE (AVENUE DE),0,,2,2,0,1,0,0,1,, -1,1,0,3,50,7,10,2021,15:10,1,13,13028,2,1,0,2,FONTSAINTE (AVENUE DE),43.19015,5.6369,15,2,2
202100003329,195Â 808,A01,1,1,1,4,2,7,-1,-1, -1,-1,2021,43.0,1,1,0,0,7,16,1,,1,A104,0,,1,1,0,2,23,500,3,, -1,7,0,1,70,11,12,2021,07:30,3,77,77438,1,1,0,7,A104,48.87503381,2.6692017377,7,1,1
202100014409,175Â 943,A01,1,1,1,9,2,0,-1,0,0,-1,2021,50.0,2,1,0,2,1,17,1,,4,AVENUE DU MAINE,0,,3,2,0,1,(1),(1),1,, -1,1,0,1,30,7,10,2021,22:50,5,75,75114,2,3,0,3,AVENUE DU MAINE,48.840121,2.321801,22,2,2
202100005066,192Â 722,B01,1,1,2,5,1,8,-1,-1, -1,-1,2021,36.0,2,2,0,2,7,1,1,,4,,0,,2,2,0,1,(1),(1),3,, -1,1,0,1,50,2,12,2021,15:00,1,37,37208,2,3,0,3,BALZAC (RUE HONORE DE),47.34984,0.71661,15,2,2
202100005789,191Â 444,A01,1,1,1,4,1,-1,-1,0,0,-1,2021,35.0,1,4,0,0,0,0,1,,2,4,-1,,2,2,0,1,89,500,1,, -1,1,0,3,80,26,8,2021,08:20,1,51,51334,1,1,0,7,N4,48.7126187865,4.6386627277,8,1,1
202100046259,119Â 089,A01,1,1,2,1,2,6,9,0,0,-1,2021,23.0,1,1,0,2,1,1,1,,3,764,-1,,2,2,0,1,20,400,1,, -1,1,0,1,50,29,3,2021,13:50,1,8,8053,2,1,1,1,31 Rue Henri Dunant,49.676307,4.989043,13,2,2
202100005973,191Â 120,A01,10,3,1,0,0,-1,-1,1,3,2,2021,19.0,3,2,0,1,1,20,1,,6,RIGONS ( CHEMIN DES ),0,,2,2,0,1,1,0,1,, -1,1,0,1,50,26,11,2021,21:35,5,13,13071,2,1,0,1,RIGONS ( CHEMIN DES ),43.41479,5.36088,21,2,1
202100051042,110Â 434,A01,10,3,2,0,8,8,-1,5,1,1,2021,14.0,0,2,0,1,7,1,1,,4,STOXEY (RUE DU ),0,,2,2,0,1,0,0,1,, -1,1,0,4,30,18,2,2021,15:35,1,57,57463,2,1,0,6,STOXEY (RUE DU ),49.11959,6.19635,15,2,1
202100027155,153Â 177,A01,10,3,1,9,0,-1,-1,1,2,1,2021,17.0,2,2,0,1,3,21,1,,3,83,0,D,3,4,0,1,3,20,1,, -1,1,0,1,110,26,7,2021,04:15,3,66,66017,1,1,0,6,dÃ©partemantale 83,42.820903,3.031111,4,3,1
202100016468,172Â 191,B01,1,1,1,1,8,0,-1,-1, -1,-1,2021,23.0,2,1,0,2,1,25,5,,4,DRESDE (BOULEVARD DE),0,,3,4,1,1,0,0,1,, -1,1,0,4,50,24,9,2021,09:40,1,67,67482,2,1,0,2,DRESDE (BOULEVARD DE),48.59929,7.76152,9,2,2
202100045005,121Â 281,B01,1,1,1,5,2,6,-1,0,0,-1,2021,34.0,1,1,0,2,1,1,1,,7,2,-1,,2,2,0,2,31,900,1,, -1,1,0,1,80,3,4,2021,15:50,1,13,13007,1,1,0,3,Route DÃ©partementale 2,43.319761,5.664632,15,2,2
202100042341,125Â 939,A01,1,1,1,9,1,0,-1,0,0,-1,2021,30.0,1,2,0,2,3,9,1,,4,,0,,2,2,0,2,0,1,1,, -1,1,0,1,30,25,4,2021,19:25,1,5,5061,2,3,0,3,ESPERANTO ( RUE DE L' ),44.54975,6.06512,19,2,2
202100023569,159Â 510,A01,1,1,1,4,2,6,-1,-1, -1,-1,2021,40.0,1,1,0,2,4,23,1,,4,DECUGIS (AVENUE ALFRED),0,,2,2,0,1,0,0,1,, -1,1,0,1,50,18,8,2021,10:00,1,83,83069,2,1,0,6,DECUGIS (AVENUE ALFRED),43.11034,6.16972,10,1,1
202100030992,146Â 336,B01,1,1,2,5,2,0,-1,-1, -1,-1,2021,37.0,2,1,0,0,0,0,5,,3,MARQUISATS (AVENUE DES),0,,4,2,0,1,0,0,3,, -1,1,5,1,30,30,6,2021,13:50,1,74,74010,2,1,0,3,MARQUISATS (AVENUE DES),45.8969,6.1317,13,3,2
202100014358,176Â 046,B01,1,1,1,5,8,0,-1,-1, -1,-1,2021,32.0,2,1,0,2,8,1,3,,4,MOLINEL RUE DU,0,,1,1,1,1,(1),(1),1,, -1,1,0,5,30,8,10,2021,19:00,2,59,59350,2,2,0,3,MAILLOTTE JEANNE RUE,50.6321221508,3.0626267195,19,2,2
202100030353,147Â 505,A01,10,3,2,3,0,-1,-1,2,3,1,2021,45.0,1,2,0,1,2,9,1,,4,BROGLIE (RUE LOUIS DE),0,,2,2,0,1,(1),(1),3,, -1,1,0,1,50,6,7,2021,17:32,1,65,65440,2,6,0,6,JOLIOT CURIE (RUE),43.222964,0.079529,17,2,1
202100049499,113Â 275,Z01,10,3,2,0,0,-1,-1,3,3,1,2021,53.0,0,1,0,1,0,1,1,,4,BOULEVARD DU MASSACRE,0,,2,2,2,1,(1),(1),1,, -1,1,0,1,50,2,3,2021,17:50,1,44,44162,2,1,0,6,BOULEVARD DU MASSACRE,47.23251,-1.59136,17,2,1
202100014200,176Â 310,A01,1,1,2,9,2,6,-1,0,0,-1,2021,38.0,1,1,0,2,3,12,1,,4,AVENUE DE FLANDRE,0,,1,2,3,1,(1),(1),1,, -1,1,0,1,30,9,10,2021,17:05,1,75,75119,2,3,0,3,AVENUE DE FLANDRE,48.889835,2.37599,17,3,2
202100015729,173Â 550,A01,1,1,1,0,1,0,-1,-1, -1,-1,2021,21.0,1,2,0,2,1,1,1,,1,AUTOROUTE A86,0,,3,6,0,1,22,200,1,, -1,1,1,1,90,1,10,2021,09:00,1,93,93008,1,1,0,6,AUTOROUTE A86,48.908288309,2.4514767908,9,1,1
202100024760,157Â 391,A01,1,1,1,0,1,5,-1,-1, -1,-1,2021,21.0,2,2,0,0,2,14,1,,3,,0,,2,2,0,2,52,500,3,, -1,1,0,1,80,10,8,2021,10:35,1,7,7281,1,1,0,7,C.D. 533 (VERS LE PUY),44.92866,4.80791,10,1,1
202100009892,184Â 014,A01,10,3,2,5,0,-1,-1,5,1,1,2021,24.0,3,2,0,4,7,2,1,,4,LECONTE DE LISLE (AVENUE),0,,1,1,0,1,0,0,1,, -1,1,0,1,50,31,10,2021,10:15,1,974,97411,2,1,0,3,LECONTE DE LISLE (AVENUE),-20.89136,55.40967,10,2,1
202100034667,139Â 756,B01,1,1,1,5,2,-1,-1,0,0,-1,2021,57.0,2,1,0,2,1,1,5,,3,44,-1,,2,2,0,2,18,881,3,, -1,1,0,1,80,14,6,2021,10:30,1,31,31085,1,1,0,1,d44,42.917621,0.757585,10,2,2
202100015780,173Â 463,B01,1,1,1,1,2,6,-1,-1, -1,-1,2021,51.0,2,1,0,2,8,0,1,,3,909,0,,2,2,0,1,0,0,1,, -1,1,0,1,50,1,10,2021,13:00,1,92,92025,2,4,0,3,STALINGRAD (AV DE),48.9334,2.264665,13,3,2
202100005422,192Â 104,A01,1,1,2,3,1,-1,-1,0,0,-1,2021,18.0,2,2,6,0,3,1,1,,3,1083,0,,2,1,0,2,70,295,3,,3,2,0,4,50,2,12,2021,09:40,1,1,1108,2,3,1,6,Rte de Franche Comte,46.387512,5.347558,9,1,1
202100031811,144Â 898,A01,1,1,1,4,1,-1,-1,-1,0,-1,2021,27.0,1,2,0,2,1,1,1,,2,RN 104,0,,3,5,0,1,18,600,1,, -1,2,0,1,110,29,6,2021,09:25,1,95,95241,1,1,1,4,RN 104,49.04692,2.45755,9,3,3
202100044138,122Â 779,A01,10,3,1,5,0,-1,-1,2,5,3,2021,13.0,1,2,0,0,2,1,1,,4,DUNKERQUE (R DE),0,,2,2,0,1,(1),(1),1,, -1,1,0,1,50,3,2,2021,14:00,1,62,62563,2,1,0,7,DUNKERQUE (R DE),50.462518,2.710439,14,2,1
202100053300,106Â 462,A01,10,3,2,3,8,-1,-1,2,3,1,2021,77.0,1,5,0,1,2,1,1,,3,1001,0,D,2,2,0,1,21,400,1,, -1,2,0,1,50,30,1,2021,08:10,2,60,60462,2,1,1,6,Rue de Calais,49.3360456914,2.197302103,8,2,1
202100012783,178Â 872,A01,1,1,1,0,1,0,-1,-1, -1,-1,2021,25.0,1,2,0,2,4,1,1,,1,A507 sens Marseille - Aubagne,0,,1,2,0,1,8,899,2,, -1,1,1,1,70,16,10,2021,23:12,5,13,13055,1,1,0,2,A507 sens Marseille - Aubagne,43.287805,5.424682,23,2,2
202100047026,117Â 715,B01,1,1,1,0,2,6,-1,0,0,-1,2021,45.0,2,1,0,2,1,9,1,,4,,0,,2,2,0,1,(1),(1),1,, -1,1,0,1,50,20,3,2021,14:30,1,88,88413,2,2,0,3,Travaileurs ( rue des ),48.27698,6.956561,14,3,3
202100013384,177Â 807,B01,1,1,2,9,2,6,-1,0,0,-1,2021,26.0,1,1,0,2,7,1,1,,4,RUE DE ROME,0,,2,2,2,1,(1),(1),1,, -1,1,0,1,30,13,10,2021,09:10,1,75,75117,2,2,0,2,RUE DE ROME,48.884034,2.318494,9,2,2
202100035312,138Â 587,A01,10,3,1,5,0,-1,-1,3,3,2,2021,9.0,2,2,0,1,1,1,1,,4,RUE CAMBRONNE,0,,2,2,0,1,(1),(1),1,, -1,1,0,1,50,10,6,2021,19:30,1,75,75115,2,1,0,6,RUE CAMBRONNE,48.845846,2.30198,19,3,1
202100043753,123Â 477,B01,2,2,1,9,1,0,-1,-1, -1,-1,2021,30.0,1,2,0,2,1,11,1,,3,,0,,2,2,0,1,1,0,1,, -1,1,0,1,50,16,4,2021,15:30,1,71,71040,1,9,0,3,LE BRULARD (LIEU DIT),46.70963,4.41811,15,3,2
202100029572,148Â 932,A01,5,2,1,5,1,-1,-1,-1, -1,-1,2021,27.0,1,2,1,0,3,13,1,,4,TRAMASSAC                           (R ),0,,1,1,2,1,(1),(1),1,, -1,1,0,1,50,10,7,2021,02:20,5,69,69385,2,1,0,6,TRAMASSAC (R),45.7618,4.82609,2,3,1
202100049909,112Â 526,A01,1,1,1,0,2,6,-1,-1, -1,-1,2021,26.0,2,1,11,0,1,13,1,,3,3,0,,2,2,0,2,0,0,1,, -1,1,9,1,50,26,2,2021,23:00,5,92,92050,2,3,0,6,VAILLANT COUTURIER PAUL RUE,48.88528769,2.2023162246,23,1,1
202100053599,105Â 912,A01,10,3,1,0,0,-1,-1,3,3,1,2021,15.0,1,2,0,1,1,1,1,,4,CICOTTEES (RUE DES),0,,2,2,0,1,(1),(1),1,, -1,1,0,1,50,26,1,2021,08:01,2,37,37208,2,3,0,6,CICOTTEES (RUE DES),47.346493808,0.728408441,8,2,1
202100020006,165Â 875,A01,1,1,1,1,2,6,-1,-1, -1,-1,2021,20.0,2,1,0,0,8,3,1,,1,A51-Sens Aix en Provence vers Marseille,0,,1,3,0,1,1,970,1,, -1,1,0,1,90,8,9,2021,16:57,1,13,13071,1,1,0,7,A51-Sens Aix en Provence vers Marseille,43.41318,5.36393,16,1,1
202100031261,145Â 865,A01,1,1,1,0,8,-1,-1,0,0,-1,2021,81.0,1,2,0,2,1,1,1,,2,3,0,,2,2,0,2,22,100,3,, -1,1,0,1,50,3,7,2021,15:15,1,974,97422,2,1,0,1,74 Rue Jean de Fos du Rau,-21.224007,55.551896,15,2,2
202100027246,153Â 015,B01,2,2,2,0,1,-1,-1,0,0,-1,2021,66.0,1,2,0,2,4,2,1,,1,61,-1,,3,4,0,1,334,400,1,, -1,1,0,1,130,23,7,2021,11:15,1,11,11146,1,1,0,4,A61 - pk 334.400,43.183963,2.474113,11,4,3
202100010878,182Â 282,A01,2,2,2,5,2,6,-1,-1, -1,-1,2021,71.0,1,1,0,2,1,1,1,,3,AQUITAINE  (Rond Point d'),0,,2,2,0,2,6,120,1,, -1,1,5,1,50,25,10,2021,16:51,1,64,64102,2,1,0,3,AQUITAINE  (Rond Point d'),43.487121,-1.46871,16,3,2
202100055382,102Â 850,A01,1,1,1,0,2,0,-1,-1, -1,-1,2021,35.0,2,1,0,2,4,18,1,,3,POINT DU JOUR (QUAI DU),0,,2,3,1,1,0,0,1,, -1,2,0,1,50,12,1,2021,14:15,1,92,92012,2,3,1,2,POINT DU JOUR (QUAI DU),48.8281490726,2.2536542312,14,2,2
202100044713,121Â 792,A01,1,1,1,9,8,0,-1,0,0,-1,2021,21.0,1,0,0,0,1,15,3,,4,QUAI ANDRE CITROEN,0,,1,1,0,1,(1),(1),1,, -1,1,0,1,30,8,4,2021,11:05,1,75,75115,2,2,0,7,QUAI ANDRE CITROEN,48.8473975922,2.2788677706,11,1,1
202100017639,170Â 089,B01,1,1,1,0,1,0,-1,0,0,-1,2021,68.0,1,2,0,2,1,1,1,,4,JARDINIERS (RUE DES,0,,1,1,2,1,(1),(1),1,, -1,1,0,1,30,18,9,2021,15:20,1,54,54395,2,2,0,3,JARDINIERS (RUE DES,48.6912,6.19096,15,2,2
202100042762,125Â 210,A01,1,1,1,1,1,-1,-1,0,0,-1,2021,21.0,2,2,2,0,7,13,1,,3,60,-1,,2,2,0,2,13,400,3,, -1,2,0,3,80,27,3,2021,09:00,1,85,85093,1,1,0,6,Les Cerisiers,46.693159,-1.216071,9,1,1
202100047322,117Â 180,A01,1,1,1,0,2,8,-1,-1, -1,-1,2021,25.0,2,1,14,0,0,13,1,,2,m'tsapere-Nationale 2 (route),0,,2,0,0,1,0,0,1,, -1,1,0,1,50,19,3,2021,12:10,1,976,97611,2,1,0,7,m'tsapere-Nationale 2 (route),-12.78376,45.23128,12,2,2
202100054255,104Â 777,B01,1,1,1,0,1,8,-1,-1, -1,-1,2021,44.0,1,2,0,2,9,1,1,,3,GENERAL DE GAULLE (R DU),0,,2,4,0,1,0,0,2,, -1,1,0,1,50,21,1,2021,12:45,1,94,94060,1,2,0,5,GENERAL DE GAULLE (R DU),48.7817351681,2.5704360008,12,3,3
202100025003,156Â 961,Z01,1,1,1,5,1,0,-1,-1, -1,-1,2021,28.0,3,0,1,0,1,0,1,,4,ALL DES FOULQUES,0,,2,2,0,1,(1),(1),1,, -1,1,0,1,50,8,8,2021,18:45,1,31,31555,2,1,0,-1,ALL DES FOULQUES,43.65397,1.42009,18,1,1
202100047114,117Â 555,A01,1,1,1,1,1,-1,-1,-1,0,-1,2021,33.0,2,2,0,2,1,1,1,,2,RN 184,0,,3,4,0,1,3,400,1,, -1,1,0,1,90,22,3,2021,08:35,1,95,95572,1,1,0,4,RN 184,49.03543,2.11632,8,3,3
202100020931,164Â 244,A01,1,1,1,1,2,-1,-1,0,0,-1,2021,20.0,3,1,0,2,5,15,1,,3,245,0,A,2,2,0,1,(1),(1),1,, -1,1,0,1,50,4,9,2021,14:15,1,58,58059,2,1,0,3,28 Avenue Gambetta,47.179209,3.025607,14,2,2
202100048921,114Â 311,A01,1,1,2,1,1,8,-1,-1, -1,-1,2021,53.0,2,2,13,2,6,1,1,,2,RN104,0,,3,2,0,1,24,200,1,, -1,1,0,1,90,5,3,2021,18:15,2,77,77122,1,1,0,6,RN104,48.6468008512,2.5774849194,18,1,1
202100055585,102Â 501,B01,1,1,1,5,1,-1,-1,0,0,-1,2021,73.0,1,2,0,2,3,1,1,,3,132,-1,,2,2,0,1,10,200,3,, -1,1,0,1,80,12,1,2021,15:30,1,47,47301,1,1,0,3,Lagabariere,44.568516,0.279663,15,2,2
202100000313,201Â 159,A01,1,1,1,5,2,6,-1,-1, -1,-1,2021,37.0,3,1,0,2,2,17,1,,7,ROUTE NATIONALE 368 (PLAN DES PENNES),0,,2,3,3,1,0,0,1,, -1,1,0,1,70,31,5,2021,15:30,1,13,13071,1,1,0,3,ROUTE NATIONALE 368 (PLAN DES PENNES),43.4074731754,5.2941481628,15,3,2
202100051541,109Â 567,B01,1,1,1,5,2,-1,-1,0,0,-1,2021,21.0,2,1,0,2,1,1,1,,3,117,-1,,3,4,0,1,24,150,1,, -1,1,9,1,110,14,2,2021,17:30,1,44,44041,1,1,0,3,La Guillauderie D117,47.0773313443,-1.5664958954,17,2,2
202100038998,131Â 932,B01,1,1,1,0,8,0,-1,-1, -1,-1,2021,30.0,1,1,0,2,6,13,5,,4,VILLIERS(RUE DE)  54A86,0,,2,1,0,1,0,0,1,, -1,1,0,1,50,21,5,2021,19:05,1,92,92044,2,1,0,2,VILLIERS(RUE DE)  54A86,48.8914858044,2.2782978415,19,2,2
202100036790,135Â 947,B01,1,1,1,5,2,6,-1,-1, -1,-1,2021,20.0,2,1,0,2,1,1,1,,3,LORRAINE (AVENUE DE),0,,3,3,0,1,1,675,1,, -1,1,3,1,50,31,5,2021,21:50,2,57,57221,2,3,0,3,LORRAINE (AVENUE DE),49.32622,6.12586,21,2,2
202100051692,109Â 294,C01,2,2,2,0,1,0,-1,-1, -1,-1,2021,69.0,1,2,0,2,4,2,1,,2,09 PK RN237 RE MOULIN JUSTICE,0,,3,4,0,1,117,445,1,, -1,1,0,1,90,12,2,2021,16:45,1,17,17300,2,1,0,4,09 PK RN237 RE MOULIN JUSTICE,46.16651,-1.12127,16,4,3
202100052873,107Â 202,B01,1,1,2,1,1,0,-1,-1, -1,-1,2021,38.0,3,2,0,2,6,1,1,,3,BOURGEOIS (RUE LEON),0,,2,1,0,1,0,970,1,, -1,2,0,1,50,1,2,2021,08:20,1,74,74305,2,3,1,3,BOURGEOIS (RUE LEON),46.2003,6.251584,8,2,2
202100010703,182Â 594,A01,10,3,1,5,0,-1,-1,3,3,1,2021,83.0,1,2,0,1,1,1,1,,3,GRAND'RUE,0,,-1,2,0,1,2,500,1,, -1,1,0,1,50,22,10,2021,10:20,1,57,57221,2,1,1,6,GRAND'RUE,49.3265,6.12039,10,2,1
202100039620,130Â 769,B01,1,1,1,0,2,6,-1,-1, -1,-1,2021,30.0,1,1,0,2,4,9,1,,3,RD 914,0,,1,3,0,1,0,0,1,, -1,2,3,1,70,17,5,2021,15:35,1,92,92050,2,1,1,2,RD 914,48.9065661727,2.2157151997,15,2,2
202100017261,170Â 797,B01,1,1,1,5,2,-1,-1,0,0,-1,2021,69.0,1,1,0,2,4,1,5,,3,959,0,,2,2,0,1,84,800,1,, -1,1,9,1,90,23,9,2021,16:40,1,21,21180,1,1,0,2,D959,47.289171,5.48825,16,2,2
202100014337,176Â 079,A01,1,1,1,5,2,6,-1,-1, -1,-1,2021,25.0,3,1,6,0,1,26,1,,4,BRUN (AV ROBERT),0,,2,2,0,1,0,0,1,, -1,1,0,3,50,7,10,2021,18:45,2,83,83126,2,1,0,6,BRUN (AV ROBERT),43.11617,5.87179,18,1,1
202100029551,148Â 969,A01,1,1,1,5,1,0,-1,-1, -1,-1,2021,26.0,2,2,0,0,3,9,1,,2,RN 104,0,,1,3,0,2,45,474,3,, -1,2,0,1,70,11,7,2021,02:06,3,91,91521,1,9,1,6,RN 104,48.636082,2.402053,2,1,1
202100038026,133Â 691,B01,1,1,1,0,2,0,-1,-1, -1,-1,2021,0.0,0,1,0,2,1,1,1,,4,MIRELLE LAUZE (BOULEVARD),0,,3,3,0,1,1,100,1,, -1,1,0,1,50,27,5,2021,11:30,1,13,13211,2,1,0,3,MIRELLE LAUZE (BOULEVARD),43.286829,5.431362,11,3,2
202100043127,124Â 586,B01,1,1,2,5,2,8,-1,-1, -1,-1,2021,22.0,1,1,0,2,1,26,1,,3,CATAYEE (JUSTIN),0,,4,2,0,1,1,750,3,, -1,1,0,1,50,20,4,2021,21:20,5,973,97302,2,6,0,3,CATAYEE (JUSTIN),4.9248346167,-52.3234323264,21,2,2
202100004185,194Â 275,B01,2,2,1,5,2,-1,-1,0,0,-1,2021,18.0,0,1,0,2,2,1,1,,3,1086,-1,,2,2,0,1,4,750,3,, -1,2,5,1,50,8,12,2021,16:15,2,42,42056,2,9,1,1,D1086,45.41794,4.737629,16,3,2
202100035602,138Â 081,A01,1,1,2,5,0,-1,-1,0,0,-1,2021,67.0,1,0,0,0,1,1,3,,3,646,0,,2,2,0,2,6,476,2,, -1,1,0,1,80,9,6,2021,17:00,1,12,12052,1,1,0,7,D646,44.549637,2.044101,17,1,1
202100016213,172Â 654,A01,1,1,1,0,1,0,-1,0,0,-1,2021,36.0,2,2,1,0,3,11,1,,4,CAVEE (CHEMIN DE LA),0,,-1,2,0,1,1,0,1,, -1,1,0,1,50,28,9,2021,12:55,1,14,14437,2,1,0,6,Chemin de la CavÃ©e,49.169665,-0.321755,12,1,1
202100048357,115Â 315,A01,1,1,2,1,1,0,-1,-1,0,-1,2021,27.0,1,2,3,0,1,14,1,,2,RN 184,0,,3,4,0,1,9,199,1,, -1,2,0,1,90,12,3,2021,15:00,1,95,95394,1,1,1,6,RN 184,49.05111202,2.1848964539,15,1,1
202100026306,154Â 671,B01,1,1,2,5,1,8,-1,-1, -1,-1,2021,44.0,3,2,0,2,2,16,1,,7,VOISIN (BOULEVARD ANDRE-GEORGES),0,,3,4,0,1,1,600,1,, -1,1,0,1,50,30,7,2021,14:10,1,37,37214,2,6,0,3,VOISIN (BOULEVARD ANDRE-GEORGES),47.43059,0.67266,14,3,2
202100040324,129Â 526,B01,1,1,1,5,8,0,-1,-1, -1,-1,2021,13.0,1,1,0,2,1,1,3,,4,TURENNE (RUE DE),0,,2,2,0,1,1,0,1,, -1,2,6,4,30,10,5,2021,17:15,1,68,68066,2,3,1,3,TURENNE (RUE DE),48.07324,7.35957,17,2,2
202100026863,153Â 705,C01,1,1,1,0,1,8,-1,-1, -1,-1,2021,25.0,2,2,0,2,4,23,1,,3,GEORGES MELIES (BD),0,,-1,4,0,1,1,0,1,, -1,2,0,1,50,27,7,2021,18:00,1,94,94015,2,1,1,4,Boulevard Georges MÃ©liÃ¨s,48.835287,2.536319,18,3,3
202100020498,164Â 996,A01,4,2,2,0,1,-1,-1,-1, -1,-1,2021,22.0,2,2,9,0,1,0,1,,4,HENRI CHANDELIER (PLACE),0,,1,1,0,1,0,0,4,, -1,1,0,4,50,5,9,2021,05:56,5,76,76351,2,1,0,6,HENRI CHANDELIER (PLACE),49.5064,0.09998,5,4,1
202100007051,189Â 153,B01,1,1,2,1,1,8,-1,0,0,-1,2021,32.0,3,2,0,2,4,2,1,,4,QUAI HENRI IV,0,,1,2,0,1,(1),(1),1,, -1,1,0,1,30,19,11,2021,23:45,5,75,75104,2,1,0,4,QUAI HENRI IV,48.847718,2.364266,23,3,3
202100014204,176Â 302,B01,1,1,1,9,2,8,-1,0,0,-1,2021,32.0,1,1,0,2,1,1,5,,4,AVENUE DE LA PORTE BRANCION,0,,2,1,1,4,(1),(1),1,, -1,1,0,1,50,9,10,2021,19:30,5,75,75115,2,2,0,3,AVENUE DE LA PORTE BRANCION,48.828494,2.301386,19,2,2
202100013670,177Â 275,B01,1,1,1,0,2,6,-1,-1, -1,-1,2021,59.0,2,1,0,2,1,1,1,,7,AVENUE DE LATTRE DE TASSIGNY-RD 17-,0,,2,2,0,1,(1),(1),1,, -1,1,0,1,50,12,10,2021,08:50,1,13,13103,2,2,0,1,AVENUE DE LATTRE DE TASSIGNY-RD 17-,43.6524203915,5.0893843174,8,2,2
202100056206,101Â 426,B01,1,1,1,4,2,7,-1,0,0,-1,2021,40.0,2,1,0,2,7,21,1,,3,23,-1,,2,3,3,1,7,445,3,, -1,2,5,1,80,6,1,2021,15:45,1,50,50402,1,3,0,3,ZI des Costils,49.514043,-1.793947,15,3,2
202100031012,146Â 301,A01,4,2,1,5,1,-1,-1,-1, -1,-1,2021,19.0,1,2,1,0,2,1,1,,3,BURDEAU   BD ( HORS GEANT CASINO),0,,2,3,2,1,2,200,1,, -1,1,0,8,50,27,6,2021,21:45,5,69,69264,2,1,0,6,BURDEAU (BD),45.99535,4.71933,21,3,1
202100037846,134Â 011,B01,1,1,1,4,2,8,-1,-1, -1,-1,2021,21.0,3,1,8,2,1,1,1,,4,AV KARL MARX ,0,,2,2,0,1,1,0,1,, -1,1,0,1,50,29,5,2021,23:00,5,94,94076,2,3,0,1,KARL MARX (AV),48.784616,2.354577,23,2,2
202100046009,119Â 517,A01,1,1,1,5,2,6,-1,0,0,-1,2021,64.0,0,1,14,0,0,1,5,,4,,-1,,2,2,0,2,(1),(1),1,, -1,1,0,1,50,31,3,2021,15:00,1,84,84135,1,1,0,7,Chemin de Massillan (Pont),44.232958,4.796761,15,1,1
202100010959,182Â 138,B01,1,1,1,5,2,-1,-1,0,0,-1,2021,16.0,1,1,0,0,8,1,1,,3,26,-1,D,2,2,0,1,13,100,1,, -1,1,0,1,80,27,10,2021,19:00,3,11,11041,1,3,0,3,D67,43.32485,2.879856,19,2,2
202100048641,114Â 809,A01,1,1,1,5,1,0,-1,-1, -1,-1,2021,24.0,2,2,4,0,2,0,1,,1,AUTOROUTE A1,0,,3,8,3,2,2,99,1,, -1,2,0,1,90,10,3,2021,18:05,2,93,93066,1,1,1,6,AUTOROUTE A1,48.9199,2.35723,18,1,1
202100042200,126Â 189,B01,1,1,1,4,1,0,-1,-1, -1,-1,2021,35.0,3,3,0,2,3,1,1,1.0,4,SAINT PAUL (AVENUE),0,,2,2,0,1,(1),(1),1,, -1,1,0,1,50,27,4,2021,18:40,1,13,13213,2,1,0,3,SAINT PAUL (AVENUE),43.32767,5.407346,18,2,2
202100040791,128Â 702,B01,1,1,1,0,1,-1,-1,0,0,-1,2021,47.0,2,2,0,2,1,1,1,,2,4,-1,,2,2,0,3,4,400,1,, -1,1,0,1,80,9,5,2021,19:15,1,51,51237,1,1,0,5,N4,48.7179818255,3.5207927823,19,4,4
202100023780,159Â 115,A01,1,1,1,4,1,-1,-1,0,0,-1,2021,29.0,1,2,13,0,0,1,1,,3,23,-1,,2,2,0,1,24,986,1,, -1,1,0,3,-1,16,8,2021,13:35,1,31,31436,1,1,0,6,pk 25 D23,43.342955,1.029056,13,1,1
202100021592,163Â 037,A01,1,1,1,1,2,0,-1,-1, -1,-1,2021,17.0,3,1,0,2,3,5,3,,4,ESTIENNE D'ORVES (AVE),0,,1,7,0,1,0,0,1,, -1,1,5,1,50,31,8,2021,07:30,1,83,83137,2,9,0,3,ESTIENNE D'ORVES (AVE),43.1273427066,5.9176665545,7,2,2
202100036833,135Â 860,B01,1,1,1,9,2,6,-1,0,0,-1,2021,34.0,2,1,0,2,2,3,1,,4,RUE CHAMPIONNET,0,,2,2,0,1,(1),(1),1,, -1,1,0,1,50,2,6,2021,18:00,1,75,75118,2,1,0,3,RUE CHAMPIONNET,48.89339,2.329037,18,2,2
202100037501,134Â 636,A01,1,1,1,5,2,6,-1,0,0,-1,2021,26.0,3,1,0,2,1,13,1,,3,,-1,,2,2,0,1,(1),(1),3,, -1,1,0,1,80,30,5,2021,17:50,1,40,40100,1,1,0,3,Route de SabathÃ©,43.914187,-0.238245,17,3,2
202100037743,134Â 204,A01,10,3,1,5,0,-1,-1,1,3,1,2021,80.0,2,2,0,1,1,15,3,,4,ARBRE SEC (DE L')                   (R ),0,,1,1,0,1,(1),(1),1,, -1,1,0,1,50,27,5,2021,08:55,1,69,69381,2,1,0,6,ARBRE SEC (DE L') (R),45.7666,4.8355,8,2,1