Num_Acc,id_vehicule,num_veh,place,catu,sexe,trajet,secu1,secu2,secu3,locp,actp,etatp,year_acc,victim_age,senc,catv,obs,obsm,choc,manv,motor,occutc,catr,voie,v1,v2,circ,nbv,vosp,prof,pr,pr1,plan,lartpc,larrout,surf,infra,situ,vma,jour,mois,an,hrmn,lum,dep,com,agg_,int,atm,col,adr,lat,long,hour,nb_victim,nb_vehicules
202100054195,104Â 876,B01,1,1,2,0,8,0,-1,-1, -1,-1,2021,25.0,2,1,0,2,0,9,0,,3,THONES (DE),0,,2,4,0,1,0,0,1,, -1,1,5,1,30,21,1,2021,18:57,5,74,74010,2,2,0,3,THONES (DE),45.910478,6.137867,18,2,2
202100019380,166Â 990,A01,2,2,2,5,1,0,-1,-1, -1,-1,2021,49.0,0,2,0,2,7,1,1,,3,MAURICE THOREZ (AV),0,,2,2,0,1,0,0,1,, -1,1,0,1,50,12,9,2021,10:25,1,94,94017,2,2,0,3,MAURICE THOREZ (AV),48.81563,2.53833,10,3,2
202100018512,168Â 542,A01,1,1,1,1,2,-1,-1,-1, -1,-1,2021,43.0,1,1,16,0,7,2,1,,1,ROCADE A 630,0,,1,2,0,1,4,800,3,, -1,8,3,1,50,17,9,2021,08:40,1,33,33063,1,1,0,6,Rocade Nord A630 -E4-,44.88622,-0.56261,8,1,1
202100053979,105Â 263,B01,1,1,1,4,1,5,-1,-1, -1,-1,2021,56.0,2,2,0,2,2,1,1,,3,VANVES BOULEVARD NÂ° IMPAIRS,0,,2,2,0,1,0,0,1,, -1,2,0,1,50,23,1,2021,08:45,1,92,92020,2,1,1,3,VANVES BOULEVARD NÂ° IMPAIRS,48.8073260467,2.2851279976,8,2,2
202100006949,189Â 347,B01,1,1,1,0,2,0,-1,-1, -1,-1,2021,23.0,1,1,0,2,1,1,0,,3,VICTOR HUGO (AVE)  => NÂ° 129,0,,2,4,0,1,0,1,1,, -1,2,0,1,50,21,11,2021,10:40,1,93,93001,2,1,1,3,VICTOR HUGO (AVE)  => NÂ° 129,48.9102570407,2.3788885122,10,2,2
202100029219,149Â 531,A01,1,1,2,5,1,-1,-1,0,0,-1,2021,49.0,1,2,13,0,9,1,1,,3,806,-1,,2,2,0,2,118,200,4,, -1,2,0,3,90,14,7,2021,10:15,1,48,48128,1,1,1,6,RD806,44.757751,3.331883,10,1,1
202100028038,151Â 597,A01,9,2,2,5,1,-1,-1,0,0,-1,2021,23.0,1,2,13,0,8,13,1,,7,36,-1,,2,2,0,1,35,810,3,, -1,1,0,3,80,10,7,2021,19:45,1,35,35266,1,1,0,6,le haut ruze,48.020236,-1.628273,19,3,1
202100008120,187Â 214,A01,1,1,1,5,1,0,-1,-1, -1,-1,2021,27.0,1,2,4,0,1,13,1,,1,86,0,,1,1,0,2,77,0,3,, -1,1,0,1,50,15,11,2021,16:20,1,92,92063,1,1,0,6,A86,48.8865396188,2.1657389402,16,1,1
202100008435,186Â 661,B01,1,1,1,1,2,8,-1,-1, -1,-1,2021,27.0,1,1,0,2,7,1,1,,2,VINH-SAN (BLD 1 DU PRINCE),0,,1,4,0,1,(1),(1),1,, -1,1,2,1,50,10,11,2021,16:35,1,974,97411,2,1,0,3,VINH-SAN (BLD 1 DU PRINCE),-20.88772,55.44214,16,2,2
202100000567,200Â 689,A01,10,3,2,1,0,-1,-1,4,3,1,2021,56.0,1,2,0,1,1,15,1,,4,,0,,2,4,0,1,(1),(1),2,, -1,1,0,1,50,9,11,2021,08:03,1,37,37261,2,1,0,6,HEURTELOUP (BOULEVARD),47.3915175836,0.6972502655,8,2,1
202100033804,141Â 339,A01,1,1,1,0,2,-1,-1,-1, -1,-1,2021,28.0,3,1,0,2,0,0,0,,4,ROGER SALENGRO     (Avenue),0,,3,3,0,1,(1),(1),1,, -1,1,0,1,50,17,6,2021,20:30,1,69,69266,2,2,0,3,ROGER SALENGRO (AV),45.7765858176,4.8740673065,20,2,2
202100048931,114Â 289,A01,10,3,1,3,0,-1,-1,3,3,1,2021,33.0,2,2,0,1,2,16,1,,3,MALRAUX BD ANDRE,0,,-1,-1,0,1,7,100,1,, -1,1,0,1,50,6,3,2021,09:10,1,78,78642,2,1,1,6,MALRAUX BD ANDRE,48.98386,1.96722,9,2,1
202100000031,201Â 706,A01,1,1,2,5,8,0,-1,-1, -1,-1,2021,79.0,1,2,1,0,4,26,1,,3,CD940,0,,-1,1,0,1,9,378,1,, -1,1,9,8,10,13,10,2021,15:50,1,62,62108,2,9,0,6,CD940,50.400193,1.598145,15,1,1
202100029497,149Â 069,A01,1,1,2,0,0,-1,-1,0,0,-1,2021,22.0,2,1,0,0,0,0,5,,3,,-1,,2,1,0,2,(1),(1),1,,"3,5",1,0,1,50,11,7,2021,12:15,1,38,38561,2,1,0,6,Chemin de la Madone,45.311073,5.212138,12,1,1
202100024297,158Â 241,B01,1,1,1,5,8,0,-1,-1, -1,-1,2021,17.0,3,1,0,2,7,25,0,,4,EMILE ZOLA (RUE),0,,1,1,0,1,(1),(1),1,, -1,1,0,1,30,12,8,2021,16:09,1,10,10387,2,3,0,3,EMILE ZOLA (RUE),48.29646,4.07491,16,2,2
202100050401,111Â 604,B01,1,1,1,5,2,-1,-1,0,0,-1,2021,17.0,2,1,0,2,8,1,5,,3,43,0,,2,2,0,4,10,750,2,, -1,1,0,1,80,24,2,2021,17:10,1,43,43224,1,9,0,1,Vaubarlet,45.220622,4.207463,17,2,2
202100042663,125Â 373,A01,1,1,1,5,8,8,-1,-1, -1,-1,2021,20.0,2,2,8,0,4,0,1,,2,RN104,0,,3,3,0,1,20,63,2,, -1,1,0,1,110,25,4,2021,06:00,2,77,77122,1,1,0,6,RN104,48.6588,2.61262,6,1,1
202100013300,177Â 967,A01,1,1,1,1,2,0,-1,-1, -1,-1,2021,36.0,1,1,0,2,6,13,3,,3,CELESTINS (AVENUE DES),0,,2,2,0,2,0,0,1,, -1,1,0,1,50,13,10,2021,20:10,5,3,3310,2,1,0,3,CELESTINS (AVENUE DES),46.12448,3.42966,20,2,2
202100025528,156Â 038,A01,1,1,1,5,0,-1,-1,0,0,-1,2021,76.0,3,0,0,2,2,1,3,,4,,-1,,2,2,0,1,(1),(1),1,,4,1,0,1,50,6,8,2021,17:00,1,50,50076,2,2,0,3,Rue Jacques Pimor,48.897467,-1.562676,17,2,2
202100010644,182Â 712,A01,1,1,1,5,1,-1,-1,0,0,-1,2021,19.0,2,2,8,0,7,1,1,,3,24,-1,E,2,2,0,2,0,700,4,, -1,1,0,3,80,28,10,2021,19:50,3,69,69171,1,1,0,7,SAIN-BEL (DE) (RTE),45.8044,4.604559,19,1,1
202100050757,110Â 954,A01,1,1,1,5,2,6,-1,0,0,-1,2021,35.0,3,6,8,0,5,14,1,,4,IRENEE QUINTARD,0,,2,2,0,1,(1),(1),2,, -1,1,0,1,50,19,2,2021,17:30,1,12,12100,2,1,0,6,Place IrenÃ©e Quintard,44.54071,2.30705,17,1,1
202100027857,151Â 926,B01,1,1,1,5,2,6,-1,0,0,-1,2021,71.0,1,1,0,2,1,1,1,,3,964,0,D,2,2,0,1,(1),(1),2,, -1,1,0,1,-1,22,7,2021,10:50,1,59,59659,2,9,1,1,Rue de Verdun,50.018226,4.024317,10,2,2
202100052451,107Â 958,A01,1,1,2,5,1,0,-1,-1, -1,-1,2021,77.0,0,2,10,0,3,1,1,,4,PONT LOUIS XIII (ROUTE DU),0,,-1,1,0,1,(1),(1),1,, -1,9,2,1,50,5,2,2021,09:50,1,7,7186,2,1,0,6,PONT LOUIS XIII (ROUTE DU),44.72896,4.59961,9,1,1
202100045289,120Â 767,B01,1,1,1,0,2,-1,-1,0,0,-1,2021,16.0,1,1,0,2,7,15,3,,3,13,-1,,2,2,0,1,44,840,1,, -1,1,0,1,70,3,4,2021,12:00,1,44,44131,1,3,0,1,D13,47.127024,-2.147784,12,2,2
202100046754,118Â 201,B01,1,1,2,5,1,-1,-1,-1, -1,-1,2021,61.0,1,2,0,2,4,1,1,,4,VENISE (RUE),0,,1,2,0,1,(1),(1),1,, -1,1,0,1,50,24,3,2021,17:00,1,51,51454,2,1,0,2,Rue de Venise,49.2464529106,4.0316386922,17,2,2
202100022159,162Â 033,A01,1,1,2,5,1,-1,-1,0,0,-1,2021,19.0,1,2,0,2,8,9,1,,2,122,-1,,2,2,0,2,7,430,1,,5,1,0,1,80,28,8,2021,20:20,1,15,15184,1,2,0,3,"RN 122, PR 7+800",44.724631,2.205248,20,2,2
202100009525,184Â 686,A01,1,1,1,0,1,-1,-1,0,0,-1,2021,27.0,2,2,0,2,2,21,1,,7,D125,-1,,2,2,0,1,33,350,1,, -1,2,9,1,50,4,11,2021,08:55,1,35,35210,1,2,0,3,D125,48.130115,-1.805159,8,2,2
202100033435,142Â 009,A01,10,3,1,5,8,8,-1,1,9,1,2021,59.0,2,2,0,1,1,1,1,,4,MOLIERE (R),0,,2,2,0,1,1,0,1,, -1,2,0,1,30,19,6,2021,21:07,5,94,94017,2,1,1,6,Rue MoliÃ¨re,48.80683,2.54139,21,2,1
202100025637,155Â 860,B01,1,1,1,0,2,6,-1,-1, -1,-1,2021,30.0,2,1,0,2,1,1,1,,3,COLONEL FABIEN - PONT D'IVRY (BD DU),0,,2,4,1,2,1,0,1,, -1,2,0,1,50,4,8,2021,14:25,1,94,94041,2,3,1,3,Boulevard du Colonel Fabien,48.814587,2.407725,14,2,2
202100045787,119Â 907,B01,1,1,1,9,8,0,-1,0,0,-1,2021,50.0,1,1,0,2,1,7,5,,4,AVENUE DE FLANDRE,0,,1,3,3,1,(1),(1),1,, -1,1,-1,6,50,31,3,2021,18:10,1,75,75119,2,1,0,3,AVENUE DE FLANDRE,48.885079,2.370078,18,2,2
202100000689,200Â 480,M01,1,1,1,1,2,6,-1,-1, -1,-1,2021,45.0,2,1,0,2,4,10,1,,7,MILLES (RTE DES),0,,-1,1,0,1,0,0,3,, -1,1,0,1,50,3,5,2021,22:30,5,13,13001,2,9,0,2,MILLES (RTE DES),43.5098799072,5.4345225384,22,2,2
202100043135,124Â 572,A01,10,3,1,5,8,8,-1,9,3,2,2021,9.0,3,2,0,1,7,26,1,,6,AEROPORT POLE CARAIBES,0,,-1,-1,0,1,(1),(1),1,, -1,1,0,8,30,24,3,2021,15:00,1,971,97101,1,9,0,6,AEROPORT POLE CARAIBES,16.27486,-61.52445,15,2,1
202100027122,153Â 235,A01,1,1,1,0,1,-1,-1,0,0,-1,2021,42.0,3,2,0,2,3,19,1,,3,953,0,,2,2,0,1,54,400,1,,4,1,0,1,90,26,7,2021,09:30,1,3,3085,1,2,0,5,lieu dit carimantrants,46.570058,3.242447,9,3,3
202100008786,186Â 039,A01,1,1,1,5,1,-1,-1,0,0,-1,2021,84.0,1,2,0,2,1,5,0,,3,97,-1,,2,2,0,1,39,120,1,, -1,2,0,1,80,9,11,2021,18:20,3,83,83067,1,1,1,5,D97,43.315112,6.275108,18,3,3
202100006050,190Â 981,A01,1,1,1,5,0,-1,-1,0,0,-1,2021,23.0,3,1,2,0,3,14,1,,2,101,0,R,2,2,0,1,(1),(1),3,, -1,1,0,3,40,28,11,2021,04:30,2,987,98714,1,1,0,1,RT 101 proche roulotte bleu Ã  MATIRA,-16.538983,-151.736298,4,1,1
202100018507,168Â 552,A01,1,1,1,5,2,-1,-1,0,0,-1,2021,17.0,1,1,0,2,1,17,1,,3,947,-1,,2,2,0,1,4,100,1,, -1,1,0,1,-1,18,9,2021,15:15,1,59,59212,2,1,1,3,Rue du President Kennedy,50.6467680146,2.7154480526,15,3,2
202100008314,186Â 865,A01,1,1,1,9,2,6,-1,0,0,-1,2021,16.0,3,1,2,0,3,1,1,,4,,-1,,2,2,0,1,(1),(1),1,,4,1,0,8,50,12,11,2021,02:00,3,88,88287,1,1,1,6,ancienne voie romaine,48.1144,5.89502,2,1,1
202100032967,142Â 829,A01,1,1,1,3,1,-1,-1,0,0,-1,2021,76.0,1,2,0,2,2,1,1,,3,7,-1,,2,2,0,1,43,800,4,, -1,1,0,1,80,22,6,2021,19:15,1,53,53122,1,1,0,1,D7,48.274282,-0.522044,19,2,2
202100025507,156Â 074,B01,1,1,2,0,0,-1,-1,0,0,-1,2021,16.0,0,1,0,2,3,1,1,,4,,0,,2,1,0,1,(1),(1),1,,3,1,5,1,50,5,8,2021,17:45,1,84,84029,2,2,0,3,Chemin d Avignon,44.157513,4.871702,17,3,2
202100002404,197Â 483,B01,2,2,2,5,1,0,-1,-1, -1,-1,2021,20.0,1,2,0,2,1,1,1,,3,WENDEL (RUE DE),0,,2,2,0,2,0,0,3,, -1,2,3,1,80,11,12,2021,14:35,1,57,57306,1,1,0,1,WENDEL (RUE DE),49.32555,6.07129,14,5,2
202100003843,194Â 884,A01,10,3,1,2,0,-1,-1,1,5,1,2021,5.0,2,2,0,1,1,1,0,,3,ROGER SALENGRO (R),0,,2,2,0,1,1,0,1,, -1,1,0,1,50,9,12,2021,12:10,1,94,94044,2,1,0,6,Rue Roger Salengro,48.7514344433,2.4893088339,12,3,1
202100002463,197Â 370,B01,1,1,2,1,8,0,-1,0,0,-1,2021,50.0,2,1,0,2,6,11,5,,4,BOULEVARD DE L HOPITAL,0,,2,2,0,1,(1),(1),1,, -1,1,0,1,50,17,12,2021,11:23,1,75,75113,2,7,0,2,BOULEVARD DE L HOPITAL,48.831887,2.355849,11,2,2
202100036466,136Â 517,A01,10,3,2,5,0,-1,-1,2,3,2,2021,6.0,0,2,0,1,1,1,2,,4,AVENUE DE LA PORTE DE CLICHY,0,,1,3,0,1,(1),(1),1,, -1,1,0,1,50,3,6,2021,09:00,1,75,75117,2,1,0,6,AVENUE DE LA PORTE DE CLICHY,48.895552,2.311444,9,2,1
202100029278,149Â 430,A01,10,3,1,5,0,-1,-1,1,3,1,2021,73.0,2,1,0,1,1,1,1,,4,FOLIE (Avenue de la),0,,2,2,0,1,0,1,1,, -1,1,0,1,50,4,7,2021,22:30,4,84,84007,2,1,0,6,FOLIE (Avenue de la),43.948673,4.819278,22,2,1
202100012454,179Â 450,B01,1,1,1,5,8,8,-1,-1, -1,-1,2021,34.0,1,1,0,2,7,19,5,,7,RD POINT GASCOGNE,0,,1,2,0,1,0,1029,3,, -1,1,0,1,30,18,10,2021,20:00,5,31,31149,2,6,0,3,RD POINT GASCOGNE,43.60857,1.32686,20,2,2
202100020159,165Â 599,A01,1,1,1,0,8,-1,-1,0,0,-1,2021,25.0,2,2,0,2,3,13,1,,3,6014,-1,,2,2,0,1,11,70,1,, -1,1,0,1,80,8,9,2021,13:30,1,27,27490,1,1,0,1,D6014,49.261251,1.548901,13,2,2
202100055630,102Â 413,A01,1,1,1,5,1,-1,-1,0,0,-1,2021,30.0,1,2,0,0,2,0,1,,1,,-1,,1,2,0,3,354,400,1,, -1,1,0,2,130,10,1,2021,22:16,3,63,63446,1,1,0,7,Autoroute A71,46.062646,3.115493,22,1,1
202100053029,106Â 934,A01,4,2,2,5,1,0,-1,-1, -1,-1,2021,40.0,2,2,16,0,9,13,1,,1,A7-Sens Marseille vers Lyon,0,,1,2,0,1,273,963,1,, -1,1,0,1,70,31,1,2021,09:18,1,13,13215,1,1,0,7,A7-Sens Marseille vers Lyon,43.37574,5.36018,9,3,1
202100044543,122Â 100,B01,2,2,2,0,8,0,-1,-1, -1,-1,2021,18.0,3,2,0,2,4,24,1,,4,AV DES MARRONNIERS,0,,2,2,0,1,0,0,1,, -1,2,0,1,50,9,4,2021,22:20,5,91,91589,2,1,1,2,AV DES MARRONNIERS,48.692428,2.350761,22,2,2
202100007154,188Â 981,B01,1,1,2,0,1,-1,-1,-1, -1,-1,2021,47.0,2,2,0,2,4,1,1,,4,HENON                               (R ),0,,2,2,0,1,(1),(1),1,, -1,1,0,1,50,19,11,2021,10:40,1,69,69384,2,1,0,2,JAQUES-LOUIS HENON (R),45.7795719106,4.8238134061,10,2,2
202100055145,103Â 243,A01,1,1,2,1,2,6,-1,-1, -1,-1,2021,22.0,2,1,0,2,1,2,1,,1,A86.EXT,0,,3,3,0,1,1,299,1,, -1,2,1,1,90,13,1,2021,09:45,1,94,94052,1,1,1,4,A86.EXT,48.8391,2.4941,9,3,3
202100003820,194Â 924,A01,1,1,2,5,1,-1,-1,-1,0,-1,2021,24.0,1,2,4,0,1,1,1,,1,AUTOROUTE A1,0,,3,6,0,1,16,0,1,, -1,3,0,2,90,10,12,2021,01:10,3,95,95527,1,1,1,6,AUTOROUTE A1,48.9866853985,2.5071787834,1,1,1
202100009833,184Â 119,A01,2,2,1,0,8,-1,-1,0,0,-1,2021,23.0,2,2,8,0,1,1,1,,3,75,-1,,2,2,0,1,2,25,1,, -1,2,0,3,80,31,10,2021,04:45,3,82,82126,1,1,0,6,1171 Route du TraversiÃ©,44.1572686189,1.5651070083,4,2,1
202100045049,121Â 204,A01,1,1,1,5,2,6,-1,0,0,-1,2021,19.0,2,1,6,0,8,13,1,,3,,-1,,2,2,0,1,10,758,3,, -1,1,0,1,30,4,4,2021,08:20,1,35,35356,2,1,0,6,12 Rue de la Poste,48.248614,-1.781927,8,1,1
202100025464,156Â 148,A01,1,1,1,5,2,6,-1,0,0,-1,2021,19.0,3,1,0,2,1,17,1,,4,GUILLOU (BOULEVARD YVES),0,,2,2,0,1,1,0,1,, -1,1,5,1,50,5,8,2021,19:45,1,14,14118,2,3,0,3,Boulevard Yves Guillou,49.17675,-0.36831,19,2,2
202100005713,191Â 594,A01,1,1,1,5,1,0,-1,-1, -1,-1,2021,56.0,2,2,0,2,4,1,1,,1,A7-Sens Marseille vers Lyon,0,,1,3,0,1,265,0,1,, -1,2,0,1,110,25,11,2021,12:05,1,13,13071,1,1,1,2,A7-Sens Marseille vers Lyon,43.41261,5.281876,12,2,2
202100021410,163Â 380,A01,10,3,1,4,0,-1,-1,1,3,1,2021,35.0,0,2,14,1,1,1,1,,4,NOTRE DAME DE LOURDES (RUE),0,,-1,2,0,2,0,0,1,, -1,1,9,8,30,1,9,2021,15:00,1,974,97411,2,1,0,1,NOTRE DAME DE LOURDES (RUE),-20.91749,55.47504,15,2,1
202100054525,104Â 312,B01,1,1,1,0,2,-1,-1,0,0,-1,2021,61.0,2,1,0,2,2,8,1,,3,1005,-1,,2,2,3,1,26,590,1,, -1,1,0,1,50,19,1,2021,16:35,1,1,1281,2,1,0,3,1040 Rue de Gex,46.283599,6.08657,16,2,2
202100002541,197Â 240,A01,1,1,1,5,2,6,9,0,0,-1,2021,18.0,2,1,3,0,0,1,1,,3,813,0,D,2,2,0,3,66,535,3,, -1,1,0,3,70,19,12,2021,17:00,2,47,47094,1,1,0,7,rd 813,44.452102,0.237794,17,1,1
202100040853,128Â 610,A01,1,1,2,1,1,4,-1,-1, -1,-1,2021,27.0,2,2,0,2,4,1,1,,1,A50-Sens Aubagne vers Marseille,0,,1,3,0,1,10,300,1,, -1,1,0,1,90,7,5,2021,17:40,1,13,13070,1,1,0,4,A50-Sens Aubagne vers Marseille,43.28537,5.515,17,5,3
202100031350,145Â 706,A01,1,1,1,5,2,6,-1,0,0,-1,2021,49.0,2,1,0,2,1,1,1,,3,115,0,,2,2,0,1,35,860,1,, -1,1,0,1,80,3,7,2021,15:40,1,82,82134,1,1,0,1,D115,44.0654396944,1.5020415623,15,2,2
202100007810,187Â 786,A01,1,1,2,0,1,0,-1,-1, -1,-1,2021,48.0,1,2,0,2,1,1,1,,7,CHARTRES (ANCIENNE ROUTE DE),0,,2,2,0,1,1,0,1,, -1,2,0,1,80,16,11,2021,20:30,3,45,45302,1,1,1,1,CHARTRES (ANCIENNE ROUTE DE),47.97028,1.86231,20,2,2
202100047127,117Â 528,B01,1,1,1,9,2,6,-1,-1, -1,-1,2021,18.0,2,1,0,2,1,16,1,,4,NANCON (RUE DU),0,,1,1,0,1,(1),(1),3,, -1,1,0,1,30,16,3,2021,13:30,1,35,35115,2,1,0,1,NANCON (RUE DU),48.353102,-1.207807,13,2,2
202100053019,106Â 949,A01,1,1,1,5,1,-1,-1,0,0,-1,2021,48.0,1,2,6,0,4,0,1,,3,596,0,,2,2,0,1,3,700,2,, -1,2,0,3,80,31,1,2021,09:50,1,69,69050,1,1,0,6,PONT DE DORIEUX (DU) (RTE),45.858146,4.655789,9,1,1
202100053582,105Â 944,B01,2,2,1,1,1,-1,-1,0,0,-1,2021,29.0,1,5,0,2,4,2,1,,3,PAU (ROND POINT DE),0,,2,2,0,1,51,465,1,, -1,2,0,1,70,25,1,2021,16:52,1,65,65440,1,1,1,2,ROND POINT DE PAU,43.23737,0.04215,16,3,2
202100008623,186Â 328,B01,1,1,1,0,8,0,-1,-1, -1,-1,2021,15.0,2,1,0,2,4,1,5,,3,JOLIOT CURIE F. ET IRENE AVENUE  NÂ°PAIRS,0,,3,4,1,1,0,0,1,, -1,1,0,1,50,10,11,2021,17:00,5,92,92050,2,2,0,3,JOLIOT CURIE F. ET IRENE AVENUE  NÂ°PAIRS,48.8937575829,2.2119373083,17,2,2
202100045350,120Â 678,A01,1,1,1,5,2,0,-1,-1, -1,-1,2021,19.0,2,1,14,0,1,13,1,,4,PAUL SEDAILLIAN                     (QU),0,,2,2,3,1,(1),(1),1,, -1,1,0,6,50,22,2,2021,22:15,5,69,69389,2,1,0,7,PAUL SEDAILLIAN (Q),45.79112,4.81891,22,2,1
202100046539,118Â 595,B01,1,1,1,1,2,6,-1,-1, -1,-1,2021,42.0,3,1,0,2,2,1,1,,4,ROLAND CORRAO (AV ),0,,2,2,0,1,1,0,1,, -1,1,0,1,50,26,3,2021,07:50,1,13,13054,2,3,0,3,ROLAND CORRAO (AV ),43.42035,5.21952,7,3,3
202100029489,149Â 082,B01,1,1,1,5,2,6,9,0,0,-1,2021,21.0,1,1,0,2,3,15,1,,3,93,0,D,2,2,0,1,0,0,1,, -1,1,0,1,80,10,7,2021,16:19,1,22,22245,1,3,0,3,D93,48.644568,-3.333817,16,2,2
202100053916,105Â 372,A01,1,1,2,1,1,0,-1,-1, -1,-1,2021,36.0,2,2,4,0,1,1,1,,2,104,0,,-1,2,0,1,1,0,3,, -1,2,0,1,90,24,1,2021,07:00,2,77,77169,1,1,0,6,RN104,48.8205124124,2.6157500415,7,1,1
202100013173,178Â 201,A01,1,1,1,5,1,-1,-1,0,0,-1,2021,24.0,1,2,0,2,3,13,1,,2,RN12,-1,,2,2,0,1,26,165,2,, -1,1,0,1,80,16,10,2021,00:45,3,53,53116,1,1,0,1,RN 12,48.362323,-0.44632,0,2,2
202100034998,139Â 136,B01,1,1,1,5,2,8,-1,-1, -1,-1,2021,74.0,2,1,0,2,8,1,0,,4,,0,,2,2,2,1,0,0,1,, -1,1,0,1,50,10,6,2021,15:05,1,49,49328,2,1,0,3,FUSILLES (AVENUE DES) N 147,47.27969,-0.0556,15,2,2
202100015007,174Â 878,A01,10,3,2,1,0,-1,-1,3,3,1,2021,51.0,1,2,0,1,3,1,1,,3,FOIRE AUX VINS (AVENUE DE LA),0,,2,3,0,1,44,411,1,, -1,2,0,1,50,4,10,2021,07:30,2,68,68066,2,6,1,6,CARLOVINGIENS (RUE DES),48.09292,7.35603,7,2,1
202100003412,195Â 659,A01,10,3,1,0,8,8,-1,4,3,1,2021,43.0,1,5,0,1,8,1,3,,4,ROUTE DE SAINT JOSEPH,0,,3,3,3,1,(1),0,1,, -1,2,0,1,50,11,12,2021,18:30,5,44,44109,2,1,1,6,ROUTE DE SAINT JOSEPH,47.25603,-1.52967,18,2,1
202100022690,161Â 053,A01,2,2,1,0,1,-1,-1,-1, -1,-1,2021,24.0,1,5,0,2,1,19,0,,4,MONTAGNY (DE)                       (R ),0,,1,2,0,1,(1),(1),1,, -1,1,0,1,50,24,8,2021,16:40,1,69,69388,2,3,0,1,MONTAGNY (DE) (R),45.73712,4.85034,16,3,2
202100044120,122Â 809,B01,1,1,1,9,8,0,-1,-1, -1,-1,2021,37.0,1,1,14,2,1,2,5,,4,SECTION LABROUSSE,0,,2,2,0,4,(1),(1),2,, -1,1,0,1,50,13,4,2021,13:05,1,971,97113,1,1,0,2,SECTION LABROUSSE,16.22276,-61.51293,13,2,2
202100021540,163Â 139,A01,1,1,2,5,1,-1,-1,0,0,-1,2021,67.0,1,2,1,0,1,1,1,,1,35,0,,3,4,0,1,102,700,1,, -1,1,0,1,130,31,8,2021,14:00,1,68,68278,1,1,0,6,A35 pk 102.700,47.765068,7.41597,14,1,1
202100023971,158Â 790,A01,1,1,1,5,2,6,-1,0,0,-1,2021,68.0,2,1,0,0,0,0,1,,2,7,-1,,3,4,0,1,44,800,1,, -1,1,0,1,110,17,8,2021,19:15,1,3,3298,1,1,0,7,Nationale 7,46.312108,3.389325,19,1,1
202100038670,132Â 517,B01,1,1,1,5,1,-1,-1,0,0,-1,2021,33.0,1,2,0,2,1,1,1,,3,24,0,,2,2,0,1,42,360,2,0,"5,2",2,0,1,70,24,5,2021,17:30,1,16,16150,1,1,1,6,Ld La Perdrasse,45.654951,-0.292605,17,2,2
202100023677,159Â 296,A01,1,1,1,5,2,6,-1,-1, -1,-1,2021,22.0,3,1,0,0,7,1,1,,4,FEUILLEE DE LA                      (PT),0,,2,2,2,2,(1),(1),1,, -1,1,2,1,50,17,8,2021,06:01,5,69,69381,2,1,0,7,FEUILLEE DE LA (PT),45.76671,4.82994,6,2,1
202100004244,194Â 167,A01,1,1,1,0,1,0,-1,0,0,-1,2021,24.0,3,2,0,0,1,0,1,,4,KENNEDY (BD J.F.),0,,3,4,0,1,(1),(1),1,, -1,1,0,1,50,4,12,2021,05:21,5,63,63113,2,1,0,6,KENNEDY (BD J.F.),45.79766,3.12295,5,1,1
202100003918,194Â 753,A01,1,1,1,3,1,-1,-1,0,0,-1,2021,85.0,1,2,0,2,8,13,1,,3,340,0,D,2,2,0,1,3,250,3,, -1,1,0,1,80,9,12,2021,18:00,3,63,63226,1,1,0,3,Route de Vertaizon,45.757523,3.261352,18,2,2
202100039102,131Â 739,A01,10,3,1,0,0,-1,-1,1,5,1,2021,13.0,1,2,0,1,3,0,1,,4,JUIN (AVENUE DU MARECHAL),0,,1,1,0,1,(1),(1),1,, -1,1,0,1,50,20,5,2021,18:00,1,51,51454,2,1,0,7,Avenue du MarÃ©chal Juin,49.222067,4.017824,18,2,1
202100025129,156Â 738,A01,2,2,2,9,2,6,-1,-1, -1,-1,2021,53.0,1,1,0,0,8,1,1,,2,HUIT MAI 1945   AVENUE DU,0,,1,1,0,1,3,0,2,, -1,1,3,1,50,7,8,2021,16:09,1,17,17200,2,9,0,7,HUIT MAI 1945   AVENUE DU,46.17911,-1.15326,16,2,1
202100000492,200Â 825,A01,1,1,1,0,2,7,-1,-1, -1,-1,2021,39.0,0,1,0,2,1,1,1,,4,SEIZIEME PORT (AVENUE DU),0,,3,3,3,1,0,0,1,, -1,1,0,1,50,27,10,2021,16:20,1,76,76351,2,1,0,2,SEIZIEME PORT (AVENUE DU),49.4821030652,0.1601892332,16,2,2
202100001934,198Â 338,B01,1,1,2,1,1,-1,-1,0,0,-1,2021,50.0,2,2,0,2,1,1,1,,3,177,0,,2,2,0,3,8,150,1,, -1,1,0,1,-1,22,12,2021,14:45,1,56,56105,1,1,1,1,Castellou,47.986604,-3.582788,14,2,2
202100043003,124Â 805,A01,1,1,2,5,1,0,-1,-1, -1,-1,2021,27.0,2,2,0,2,2,15,1,,2,ALLENDE (QUAI SALVADOR),0,,4,5,0,1,12,500,1,, -1,1,0,1,50,21,4,2021,12:01,1,87,87085,2,2,0,3,ALLENDE (QUAI SALVADOR),45.82113,1.26294,12,2,2