Num_Acc,id_vehicule,num_veh,place,catu,sexe,trajet,secu1,secu2,secu3,locp,actp,etatp,year_acc,victim_age,senc,catv,obs,obsm,choc,manv,motor,occutc,catr,voie,v1,v2,circ,nbv,vosp,prof,pr,pr1,plan,lartpc,larrout,surf,infra,situ,vma,jour,mois,an,hrmn,lum,dep,com,agg_,int,atm,col,adr,lat,long,hour,nb_victim,nb_vehicules
202100004534,193Â 672,A01,1,1,1,9,2,0,-1,0,0,-1,2021,46.0,2,1,0,2,1,18,5,,4,BOULEVARD PEREIRE,0,,1,1,0,1,(1),(1),1,, -1,2,0,1,30,4,12,2021,19:40,3,75,75117,2,2,1,6,BOULEVARD PEREIRE,48.881587,2.29129,19,3,2
202100018534,168Â 505,B01,1,1,1,1,1,0,-1,-1, -1,-1,2021,26.0,1,2,0,2,7,15,1,,4,HALEVY (RUE),0,,2,2,0,1,0,0,1,, -1,2,0,1,50,14,9,2021,17:48,1,87,87085,2,3,1,3,HALEVY (RUE),45.85623,1.25901,17,2,2
202100005500,191Â 961,A01,10,3,1,5,8,8,-1,3,3,1,2021,39.0,3,2,0,1,8,26,1,,4,LAFAYETTE (BOULEVARD),0,,2,1,0,1,(1),(1),1,, -1,2,0,1,50,26,11,2021,12:05,1,62,62193,2,9,0,6,LAFAYETTE (BOULEVARD),50.94716,1.85594,12,2,1
202100033924,141Â 123,B01,1,1,2,5,0,-1,-1,0,0,-1,2021,72.0,3,1,0,2,3,2,5,,4,,-1,,2,2,0,1,(1),(1),3,,4,1,5,1,50,17,6,2021,17:40,1,56,56186,2,6,0,3,Rue du Roch Priol,47.482343,-3.106105,17,2,2
202100047188,117Â 418,A01,1,1,1,1,1,8,-1,-1, -1,-1,2021,50.0,1,2,0,9,9,1,1,,1,A7-Sens Lyon vers Marseille,0,,-1,3,0,2,272,850,1,, -1,1,0,1,90,21,3,2021,09:03,1,13,13106,1,1,1,3,A7-Sens Lyon vers Marseille,43.3908604994,5.3509988213,9,2,2
202100014080,176Â 531,A01,10,3,1,5,0,-1,-1,2,5,1,2021,11.0,2,2,0,1,2,1,1,,3,211,0,,2,2,0,1,5,100,3,, -1,1,0,1,70,10,10,2021,18:20,1,9,9042,1,1,0,6,Unjat,43.022659,1.467769,18,2,1
202100036310,136Â 783,A01,1,1,1,5,1,-1,-1,0,0,-1,2021,70.0,1,2,6,0,1,1,1,,3,,0,,2,2,0,1,25,500,1,,4,1,5,1,30,1,6,2021,17:00,1,65,65396,2,3,0,6,Place du Trey,42.980308,-0.091013,17,1,1
202100007236,188Â 819,B01,2,2,1,5,2,6,-1,-1, -1,-1,2021,20.0,3,1,0,2,8,1,1,,4,ROUSSILLON (AVENUE),0,,-1,2,0,1,(1),(1),1,, -1,1,0,1,50,18,11,2021,20:15,3,51,51172,2,6,0,2,Place de l'Humanisme,49.2200766886,4.0412440896,20,3,2
202100008597,186Â 367,A01,1,1,2,1,8,0,-1,0,0,-1,2021,27.0,2,1,0,0,1,1,5,,4,RUE DE LA CONVENTION,0,,2,2,0,2,(1),(1),1,, -1,1,0,1,30,9,11,2021,08:35,1,75,75115,2,2,0,7,RUE DE LA CONVENTION,48.837234,2.296442,8,1,1
202100032908,142Â 938,B01,1,1,1,5,2,6,-1,0,0,-1,2021,65.0,1,1,1,2,3,1,1,,4,RUE DE LA PETITE PIERRE,0,,1,1,0,1,(1),(1),1,, -1,2,0,1,30,22,6,2021,15:50,1,75,75111,2,1,0,3,RUE DE LA PETITE PIERRE,48.867536,2.370364,15,2,2
202100003369,195Â 736,A01,1,1,1,5,2,6,-1,0,0,-1,2021,40.0,2,1,3,0,1,1,1,,3,751,0,,2,2,0,4,69,335,1,, -1,1,5,3,90,12,12,2021,19:45,3,37,37210,1,2,0,6,la route,47.20031256,0.3199191391,19,1,1
202100015772,173Â 476,A01,10,3,2,5,0,-1,-1,2,3,1,2021,32.0,2,1,0,1,1,1,0,,3,50,0,,2,2,0,1,0,0,1,, -1,2,0,1,50,1,10,2021,11:30,1,92,92046,2,1,1,6,GABRIEL PERI,48.8192951042,2.3042334954,11,2,1
202100002597,197Â 139,A01,1,1,1,0,8,0,-1,-1, -1,-1,2021,16.0,3,1,0,2,1,1,5,,4,ALLONNES PONT ROUGE (RTE D'),0,,1,2,1,1,0,0,1,, -1,1,0,5,50,14,12,2021,11:50,1,72,72003,2,1,0,3,ALLONNES PONT ROUGE (RTE D'),47.9741,0.15906,11,2,2
202100011841,180Â 554,B01,1,1,1,9,8,0,-1,0,0,-1,2021,24.0,2,0,0,2,1,5,3,,4,RUE DE RENNES,0,,2,3,1,1,(1),(1),1,, -1,1,0,1,30,21,10,2021,03:01,5,75,75106,2,7,1,1,RUE DE RENNES,48.844215,2.324233,3,2,2
202100047627,116Â 623,B01,10,3,1,5,8,-1,-1,2,3,1,2021,8.0,1,2,0,1,8,1,1,,4,GENIAUX (RUE CHARLES),0,,2,2,0,2,(1),(1),1,, -1,1,0,1,30,17,3,2021,13:50,1,35,35238,2,1,0,6,GENIAUX (RUE CHARLES),48.11081,-1.711808,13,2,1
202100020110,165Â 678,B01,1,1,2,9,8,0,-1,0,0,-1,2021,32.0,2,0,0,2,1,1,3,,4,AVENUE DE MARIGNY,0,,2,3,3,1,(1),(1),1,, -1,2,0,1,30,8,9,2021,08:30,1,75,75108,2,1,0,3,AVENUE DE MARIGNY,48.870258,2.31566,8,2,2
202100049115,113Â 962,B01,1,1,1,0,2,0,-1,-1, -1,-1,2021,38.0,0,1,0,2,1,1,1,,7,D9 (BRETELLE),0,,2,2,0,1,1,0,1,, -1,1,0,1,50,4,3,2021,14:15,1,13,13054,1,1,0,3,D9 (BRETELLE),43.39981,5.19999,14,2,2
202100007630,188Â 105,A01,2,2,1,5,1,5,-1,0,0,-1,2021,36.0,2,2,16,0,4,26,1,,3,GISORS (ROUTE DE),0,,2,3,0,4,16,150,3,, -1,2,0,8,80,14,11,2021,12:45,1,27,27681,1,1,0,6,GISORS (ROUTE DE),49.11627,1.49598,12,3,1
202100035571,138Â 133,A01,1,1,1,1,2,6,-1,-1, -1,-1,2021,57.0,2,1,11,0,1,15,1,,2,,-1,,1,-1,-1,1,(1),(1),2,, -1,1,0,1,-1,7,6,2021,18:15,1,92,92072,2,4,0,6,TROYON (RUE),48.8276449087,2.2254127264,18,1,1
202100029622,148Â 837,B01,1,1,1,4,2,6,-1,-1, -1,-1,2021,22.0,2,1,0,2,8,1,1,,4,RUE DE TOLBIAC,0,,2,2,0,1,(1),(1),1,, -1,1,0,1,50,10,7,2021,04:00,5,75,75113,2,3,0,3,RUE DE TOLBIAC,48.826069,2.355222,4,2,2
202100031872,144Â 784,A01,1,1,1,2,2,0,-1,-1, -1,-1,2021,16.0,3,1,0,2,1,1,5,,4,FLORENCE (AVENUE DE),0,,2,2,0,1,(1),(1),1,, -1,2,0,1,50,28,6,2021,17:13,1,37,37233,2,3,1,6,FLORENCE (AVENUE DE),47.3768501677,0.7372869551,17,2,2
202100025032,156Â 909,A01,1,1,1,4,1,-1,-1,0,0,-1,2021,28.0,1,5,0,2,4,23,1,,7,132e2,0,,2,2,0,1,12,100,1,, -1,1,0,1,80,9,8,2021,10:15,1,34,34270,1,1,0,2,D132e2,43.589266,3.822341,10,4,2
202100007395,188Â 539,B01,1,1,1,0,1,-1,-1,0,0,-1,2021,59.0,0,5,13,2,3,0,1,,4,,-1,,2,2,0,4,(1),(1),1,,5,2,0,1,90,19,11,2021,16:45,1,72,72035,1,9,1,3,Lieu Dit le Pineau,47.832705,0.70967,16,2,2
202100000849,200Â 217,A01,10,3,2,1,8,8,-1,1,1,1,2021,60.0,1,2,0,1,6,4,1,,4,PRIMEROSE (AVENUE),0,,2,2,0,1,0,0,1,, -1,1,0,1,50,28,12,2021,16:00,1,83,83123,2,1,0,6,PRIMEROSE (AVENUE),43.1185,5.80909,16,2,1
202100034640,139Â 798,A01,1,1,1,5,8,-1,-1,0,0,-1,2021,51.0,1,2,2,0,1,0,1,,3,57,-1,,2,2,0,1,0,700,1,, -1,1,0,1,80,13,6,2021,18:00,1,45,45213,1,1,0,6,D57,47.855099,2.592945,18,1,1
202100051204,110Â 149,B01,1,1,1,4,1,8,-1,-1, -1,-1,2021,27.0,1,5,0,2,1,19,1,,3,LOUIS ROCHE (AVENUE) (2/44),0,,2,2,0,1,0,0,1,, -1,1,0,1,50,17,2,2021,14:10,1,92,92036,2,1,0,1,LOUIS ROCHE (AVENUE) (2/44),48.9271470882,2.3141241074,14,2,2
202100020281,165Â 384,B01,1,1,1,5,8,0,-1,-1, -1,-1,2021,58.0,1,1,0,2,7,1,5,,4,MAURIAC(RUE FRANCOIS),0,,1,1,0,1,0,0,2,, -1,1,0,1,50,2,9,2021,18:30,1,49,49099,2,6,0,2,MAURIAC(RUE FRANCOIS),47.05782,-0.8875,18,2,2
202100019228,167Â 261,B01,1,1,2,0,2,6,-1,-1, -1,-1,2021,39.0,0,1,0,2,8,15,1,,3,7,0,,3,4,0,1,1,0,1,, -1,1,0,1,50,13,9,2021,08:45,1,92,92073,2,3,0,3,BLUM (QUAI LEON),48.8669190559,2.2281432152,8,2,2
202100052667,107Â 584,A01,1,1,1,0,2,6,-1,-1, -1,-1,2021,20.0,1,1,0,2,1,26,1,,3,PARIS (AVENUE DE),0,,2,2,0,3,1,0,1,, -1,2,0,1,50,3,2,2021,14:25,1,59,59122,1,1,1,2,PARIS (AVENUE DE),50.1614680473,3.2261610031,14,2,2
202100009393,184Â 911,A01,10,3,1,5,0,-1,-1,2,4,1,2021,88.0,2,1,0,1,1,1,5,,4,AVENUE MOZART,0,,1,2,0,4,(1),(1),1,, -1,1,0,1,50,10,8,2021,14:55,1,75,75116,2,1,0,6,AVENUE MOZART,48.850233,2.266975,14,2,1
202100030969,146Â 392,A01,2,2,2,5,1,-1,-1,-1,0,-1,2021,23.0,2,2,4,0,3,1,1,,2,AUTOROUTE A15,0,,1,1,0,1,2,450,3,, -1,2,0,1,70,4,7,2021,12:00,1,95,95572,1,1,1,6,RN 184,49.0315187277,2.1055233479,12,2,1
202100048358,115Â 314,A01,1,1,1,5,2,6,-1,-1,0,-1,2021,63.0,2,1,9,0,1,13,1,,2,RN 184,0,,3,8,0,1,10,600,1,, -1,1,0,1,90,11,3,2021,22:15,3,95,95256,1,1,0,6,RN 184,49.05531,2.20221,22,1,1
202100009007,185Â 617,A01,1,1,1,5,2,6,-1,0,0,-1,2021,45.0,1,1,0,0,1,1,1,,3,16,-1,D,2,2,0,3,7,60,2,, -1,1,0,3,80,7,11,2021,15:30,1,64,64532,1,1,0,7,D16,43.557055,-0.201466,15,1,1
202100003053,196Â 313,A01,2,2,2,5,1,-1,-1,-1,0,-1,2021,30.0,2,2,0,2,1,1,1,,1,AUTOROUTE A1,0,,3,6,0,1,23,100,1,, -1,1,0,1,110,13,12,2021,09:10,1,95,95154,1,1,0,4, A1,49.0449266302,2.5450837612,9,7,6
202100014948,174Â 986,B01,1,1,1,5,2,8,-1,-1, -1,-1,2021,21.0,2,1,0,2,1,1,1,,4,BOIS DE NEFLES (ROUTE DE),0,,-1,2,0,2,0,0,1,, -1,2,0,1,50,3,10,2021,21:30,5,974,97411,2,1,1,1,BOIS DE NEFLES (ROUTE DE),-20.8974,55.4767,21,2,2
202100045476,120Â 449,A01,10,3,1,9,0,-1,-1,1,B,1,2021,38.0,2,2,0,1,3,1,1,,3,753,-1,,2,2,0,2,0,541,1,, -1,1,0,1,80,3,4,2021,00:20,3,44,44216,1,1,0,6,La Petite Senardiere,46.973554,-1.364322,0,2,1
202100033186,142Â 445,A01,1,1,1,5,8,0,-1,-1, -1,-1,2021,8.0,3,1,0,2,1,1,3,,4,JONQUILLE (RUE DE LA),0,,2,2,0,1,(1),(1),1,, -1,1,0,1,50,19,6,2021,19:10,1,68,68376,2,1,0,3,JONQUILLE (RUE DE LA),47.79917,7.31115,19,2,2
202100000295,201Â 195,A01,1,1,1,0,8,-1,-1,-1, -1,-1,2021,17.0,2,2,0,2,1,21,1,,4,CARNOT                              (R ),0,,2,2,2,1,(1),(1),1,, -1,1,0,1,50,11,11,2021,23:20,5,69,69199,2,1,0,2,CARNOT (R),45.708,4.86374,23,3,2
202100008622,186Â 331,A01,1,1,1,1,2,6,-1,-1, -1,-1,2021,40.0,1,1,0,2,2,21,1,,3,FUSILLES DE LA RESISTANCE RUE DES,0,,2,2,0,2,0,0,1,, -1,1,0,1,50,10,11,2021,17:15,2,92,92050,2,5,0,5,FUSILLES DE LA RESISTANCE RUE DES,48.8796969052,2.2188547254,17,3,3
202100030073,148Â 030,B01,1,1,1,5,1,-1,-1,0,0,-1,2021,21.0,2,2,0,2,1,1,1,,3,16,0,D,2,2,0,1,8,900,1,, -1,1,0,1,80,9,7,2021,19:30,2,68,68062,1,1,0,1,D16,47.626283,7.217975,19,2,2
202100031396,145Â 635,A01,1,1,1,5,2,-1,-1,0,0,-1,2021,41.0,0,1,0,2,3,19,1,,4,,-1,,2,1,0,2,(1),(1),1,,3,1,0,1,50,3,7,2021,15:45,1,49,49023,2,2,0,3,rue de la lime,47.202018,-0.993485,15,3,2
202100000434,200Â 930,A01,2,2,1,4,1,-1,-1,0,0,-1,2021,24.0,2,5,0,2,2,3,1,,1,41,0,A,3,4,0,2,92,400,1,, -1,1,0,1,130,17,12,2021,13:40,1,73,73288,1,1,0,2,A41 PK92.400,45.631404,5.908641,13,3,2
202100005263,192Â 375,A01,10,3,1,5,0,-1,-1,2,3,2,2021,12.0,3,2,0,1,1,17,1,,4,PIERRE MENDES FRANCE                (R ),0,,2,2,0,1,(1),(1),1,, -1,1,0,1,50,14,11,2021,16:30,2,69,69290,2,1,0,6,PIERRE MENDES FRANCE (AV),45.69031,4.95707,16,2,1
202100029207,149Â 549,A01,2,2,1,3,1,-1,-1,0,0,-1,2021,17.0,1,2,0,0,0,1,1,,2,10,-1,,3,0,0,1,67,900,1,,0,1,0,3,90,11,7,2021,11:50,1,86,86145,1,1,0,7,Route Nationale 10,46.481514,0.271396,11,3,1
202100052709,107Â 516,A01,10,3,2,2,0,-1,-1,2,3,3,2021,14.0,3,2,0,1,5,1,1,,3,986,0,,2,2,0,1,1,0,1,, -1,1,0,1,50,3,2,2021,12:30,1,92,92019,2,1,0,6,DIVISION LECLERC (AVENUE DE LA),48.76849,2.25113,12,2,1
202100012910,178Â 653,A01,1,1,1,9,1,-1,-1,0,0,-1,2021,40.0,1,2,0,2,1,2,1,,1,31,0,,3,5,0,1,99,400,1,, -1,1,0,1,130,16,10,2021,04:00,3,52,52014,1,1,0,2,Auroute A 31,47.782351,5.218163,4,2,2
202100000980,200Â 004,A01,10,3,1,5,0,-1,-1,2,3,1,2021,18.0,2,2,0,1,1,19,1,,4,LOUIS BLERIOT (RUE),0,,1,1,0,2,(1),(1),3,, -1,2,6,1,30,25,12,2021,18:30,5,78,78440,2,6,0,6,LOUIS BLERIOT (RUE),48.977289,1.920912,18,2,1
202100032339,143Â 952,A01,1,1,1,0,2,6,-1,-1, -1,-1,2021,49.0,0,1,0,2,1,1,3,,3,FFI (ALL DES),0,,2,2,0,1,0,0,3,, -1,2,0,1,50,25,6,2021,18:15,1,94,94004,2,1,1,3,FFI (ALL DES),48.75658,2.50727,18,2,2
202100049850,112Â 633,C01,1,1,2,0,1,0,-1,-1, -1,-1,2021,35.0,1,2,0,2,1,2,1,,1,AUTOROUTE A3,0,,1,6,0,1,12,0,1,, -1,1,0,1,90,27,2,2021,12:15,1,93,93007,1,1,0,4,AUTOROUTE A3,48.94229,2.47831,12,3,3
202100006772,189Â 684,A01,1,1,2,0,1,-1,-1,0,0,-1,2021,32.0,1,2,0,0,0,0,1,,3,183,0,D,2,2,0,1,1,500,1,, -1,2,0,3,80,24,11,2021,16:35,1,30,30336,1,1,1,7,D183,43.84185,4.632165,16,1,1
202100054004,105Â 219,A01,1,1,1,5,2,-1,-1,0,0,-1,2021,32.0,1,1,9,0,1,1,1,,3,1,-1,,2,2,0,1,0,(1),2,, -1,2,0,4,50,24,1,2021,02:00,5,52,52432,2,2,0,6,Rue de la Marne,47.9496604656,5.2862327007,2,1,1
202100020356,165Â 248,A01,10,3,1,0,0,-1,-1,1,3,2,2021,49.0,2,1,0,1,1,1,1,,3,,0,,1,2,0,1,0,0,1,, -1,1,0,1,50,7,9,2021,18:30,1,92,92044,2,1,0,6,ANA. FRANCE(RUE)1A75 ET 2A72,48.891494622,2.2855927795,18,2,1
202100044530,122Â 122,A01,1,1,1,1,1,8,-1,-1, -1,-1,2021,26.0,2,2,4,0,0,0,1,,1,A13,0,,3,4,0,1,17,299,1,, -1,2,0,1,110,10,4,2021,05:50,3,78,78571,1,1,1,6,A13,48.862683,2.042874,5,1,1
202100040379,129Â 429,B01,1,1,1,0,1,0,-1,-1, -1,-1,2021,59.0,1,1,0,2,2,0,1,,3,LENINE (AVENUE) NÂ°36 AU 120 ET NÂ°45 AU 1,0,,1,2,0,1,0,0,1,, -1,1,0,1,50,11,5,2021,17:50,1,93,93059,2,1,0,3,LENINE (AVENUE) NÂ°36 AU 120 ET NÂ°45 AU 1,48.95479,2.35733,17,2,2
202100009939,183Â 927,B01,1,1,1,5,2,8,-1,-1, -1,-1,2021,18.0,2,1,0,2,1,1,0,,4,,0,,1,1,0,1,0,0,1,, -1,1,5,1,30,31,10,2021,22:10,5,92,92050,2,2,0,3,DIDEROT RUE,48.8867033333,2.2096413374,22,3,2
202100056030,101Â 732,A01,1,1,2,5,8,0,-1,-1, -1,-1,2021,22.0,1,1,0,0,1,1,5,,4,SCHUMAN (BOULEVARD ROBERT),0,,3,4,0,1,2,500,1,, -1,1,0,1,50,5,1,2021,17:28,2,87,87085,2,1,0,7,SCHUMAN (BOULEVARD ROBERT),45.85774,1.27037,17,1,1
202100030783,146Â 739,B01,1,1,2,1,2,8,-1,-1,0,-1,2021,42.0,2,1,0,2,1,1,3,,4,DEPART (RUE DU),0,,2,2,0,1,(1),(1),1,, -1,1,9,1,50,22,6,2021,08:25,1,95,95210,2,1,0,1,DEPART (RUE DU),48.97475,2.30457,8,2,2
202100054519,104Â 321,A01,10,3,2,5,0,-1,-1,9,2,2,2021,58.0,1,2,0,1,2,1,1,,3,559,-1,,2,2,0,1,99,200,2,, -1,1,0,3,50,18,1,2021,10:20,1,83,83115,1,1,0,6,Pointe des Sardinaux - CD 559,43.312813,6.668905,10,3,1
202100007440,188Â 452,A01,10,3,1,5,0,-1,-1,2,3,1,2021,76.0,1,1,0,1,7,1,5,,4,RUE NATIONALE,0,,2,3,1,1,(1),(1),1,, -1,1,-1,5,30,18,11,2021,09:43,1,75,75113,2,1,0,6,RUE NATIONALE,48.832269,2.362794,9,2,1
202100040410,129Â 379,B01,1,1,1,5,2,6,-1,0,0,-1,2021,15.0,2,1,0,2,1,13,1,,3,112,-1,,2,2,0,2,12,800,3,, -1,1,0,1,80,11,5,2021,17:00,1,18,18230,1,1,0,1,D112,46.666402,2.319475,17,3,2
202100043132,124Â 577,A01,10,3,2,5,0,-1,-1,1,3,2,2021,84.0,2,1,0,1,1,1,5,,4,SMITH                               (R ),0,,1,1,1,1,(1),(1),1,, -1,1,0,5,50,21,4,2021,14:44,1,69,69382,2,1,0,6,SMITH (R),45.7456016201,4.8248311242,14,2,1
202100022078,162Â 161,B01,1,1,1,0,1,0,-1,-1, -1,-1,2021,33.0,3,2,0,2,4,23,1,,4,RUE LUCIEN ANDRIEUX,0,,2,3,2,1,(1),(1),1,, -1,1,0,1,50,28,8,2021,07:05,1,38,38185,2,1,0,2,RUE LUCIEN ANDRIEUX,45.16453,5.72127,7,2,2
202100043498,123Â 910,B01,1,1,2,3,0,-1,-1,0,0,-1,2021,65.0,2,0,0,2,4,1,3,,3,916,0,U,2,2,0,2,47,999,1,, -1,1,0,1,90,20,4,2021,17:50,1,61,61035,1,1,1,2,La Cochetiere,48.61603,-0.303873,17,2,2
202100035491,138Â 272,A01,1,1,1,0,2,8,-1,-1, -1,-1,2021,64.0,1,1,0,2,1,1,5,,3,TETES DE FER (CHEMIN DES),0,,2,2,0,1,8,450,2,, -1,1,0,1,50,9,6,2021,17:12,1,51,51058,1,2,0,1,Route des Mesneux,49.22197,3.98407,17,2,2
202100042666,125Â 367,A01,1,1,1,1,2,6,-1,-1, -1,-1,2021,35.0,1,1,0,2,1,2,1,,2,RN03,0,,1,2,0,2,59,0,1,, -1,2,0,1,110,24,4,2021,18:40,3,974,97416,1,1,1,2,RN03,-21.31879,55.48977,18,2,2
202100043114,124Â 608,A01,2,2,2,0,0,-1,-1,0,0,-1,2021,15.0,0,1,0,0,0,1,1,,4,,0,,2,2,0,2,(1),(1),4,, -1,1,0,1,50,20,4,2021,18:45,2,29,29060,1,1,0,7,1 Route de Pors-Keraign,47.9158352,-4.1313209,18,2,1
202100037595,134Â 460,A01,1,1,2,0,1,-1,-1,-1, -1,-1,2021,28.0,1,2,13,0,1,1,1,,3,RD 256,0,,2,2,0,1,1,0,2,, -1,1,0,1,80,29,5,2021,12:00,1,33,33529,1,1,0,7,RD 256,44.57765,-1.12991,12,1,1
202100020566,164Â 869,B01,1,1,1,1,8,0,-1,0,0,-1,2021,68.0,2,1,0,0,1,21,5,,4,RUE DE TOLBIAC,0,,3,4,0,1,(1),(1),1,, -1,1,0,1,30,6,9,2021,15:30,1,75,75113,2,1,0,7,RUE DE TOLBIAC,48.825869,2.351548,15,2,2
202100011028,182Â 011,A01,1,1,1,5,1,0,-1,-1, -1,-1,2021,19.0,2,2,4,0,3,21,1,,1,AUTOROUTE A104,0,,3,6,0,1,2,700,4,, -1,2,0,1,90,26,10,2021,08:20,1,93,93078,1,1,0,6,AUTOROUTE A104,48.96487,2.5192,8,1,1
202100044893,121Â 474,A01,10,3,1,5,0,-1,-1,2,3,1,2021,42.0,2,2,0,1,3,11,1,,3,94,0,D,2,2,0,3,18,60,1,, -1,1,0,1,50,7,4,2021,18:05,1,31,31284,2,1,1,6,D 94,43.554714,1.566764,18,2,1
202100025699,155Â 748,A01,1,1,1,0,1,0,-1,-1, -1,-1,2021,22.0,1,2,3,0,3,1,1,,1,AUTOROUTE A3,0,,3,10,0,1,14,800,3,, -1,1,0,1,90,4,8,2021,04:40,3,93,93005,1,1,0,6,AUTOROUTE A3,48.96574,2.47644,4,1,1
202100050018,112Â 337,B01,1,1,2,0,1,8,-1,-1, -1,-1,2021,48.0,2,2,0,2,2,1,1,,3,162,0,,2,2,0,1,4,500,1,, -1,1,5,1,50,25,2,2021,14:52,1,56,56162,2,6,0,3,FORT BLOQUE (RUE DU),47.73656,-3.43249,14,2,2
202100009363,184Â 969,A01,1,1,1,5,0,-1,-1,0,0,-1,2021,20.0,2,1,15,0,2,14,1,,4,,-1,,1,2,0,1,(1),(1),1,,4,1,0,8,50,6,11,2021,21:30,3,974,97424,2,1,0,6,9 Chemin des Papayes,-21.170066,55.477105,21,1,1
202100043394,124Â 099,A01,1,1,1,5,2,6,-1,0,0,-1,2021,28.0,2,1,3,0,1,2,1,,3,222,-1,,2,2,0,1,0,800,2,, -1,1,0,1,80,20,4,2021,17:05,1,7,7097,1,1,0,6,RD 222,45.01186,4.835728,17,1,1
202100030425,147Â 387,A01,4,2,2,5,1,0,-1,-1, -1,-1,2021,20.0,1,2,9,2,1,1,1,,3,EUROPE (AV DE L),0,,3,2,0,1,1,0,1,, -1,1,0,1,50,5,7,2021,21:45,2,94,94078,2,2,0,1,Avenue LÃ©o Lagrange,48.73125,2.45877,21,5,2
202100035792,137Â 728,A01,1,1,1,1,2,-1,-1,0,0,-1,2021,30.0,1,1,0,0,0,21,1,,3,135,-1,,2,2,0,1,13,150,3,, -1,1,0,8,80,8,6,2021,19:20,1,41,41223,1,1,0,7,Route d Orchaise,47.601186,1.220083,19,1,1
202100023664,159Â 326,A01,1,1,1,5,1,-1,-1,0,0,-1,2021,24.0,1,2,0,2,2,17,1,,2,N150,-1,,3,4,0,1,72,300,1,, -1,1,0,1,90,16,8,2021,12:55,1,17,17421,1,1,0,4,RN150,45.671794,-0.941584,12,6,3
202100036090,137Â 171,A01,1,1,1,5,2,6,-1,0,0,-1,2021,24.0,1,1,0,2,3,3,1,,4,PORTE DE BAGNOLET,0,,1,4,0,1,30,400,1,, -1,1,0,1,70,6,6,2021,20:50,1,75,75120,2,1,0,3,PORTE DE BAGNOLET,48.85993,2.413982,20,2,2
202100028750,150Â 335,B01,1,1,2,0,1,-1,-1,0,0,-1,2021,49.0,2,2,0,2,2,2,1,,1,42,0,,3,4,0,1,20,900,1,, -1,1,0,1,130,16,7,2021,23:35,4,1,1032,1,1,0,2,A42,45.861161,5.125272,23,4,2
202100006311,190Â 503,B01,1,1,1,0,2,8,-1,-1, -1,-1,2021,49.0,-1,1,0,2,1,1,1,,3,ALLENDE (AVENUE SALVADOR),0,,3,4,3,1,0,1,1,, -1,2,4,1,50,25,11,2021,14:15,1,93,93031,2,2,0,3,ALLENDE (AVENUE SALVADOR),48.95475,2.30793,14,2,2
202100010298,183Â 298,A01,1,1,1,0,1,0,-1,-1, -1,-1,2021,24.0,0,2,9,0,1,1,1,,7,LINSELLES (ROUTE DE),0,,2,2,0,1,(1),(1),1,, -1,1,0,3,50,30,10,2021,00:45,5,59,59279,1,1,0,7,LINSELLES (ROUTE DE),50.76968,3.10509,0,1,1
202100029090,149Â 747,A01,1,1,1,5,2,-1,-1,0,0,-1,2021,18.0,0,1,0,2,3,1,1,,4,JULES BARNI (RUE),0,,2,4,0,2,(1),(1),1,, -1,1,0,1,50,11,7,2021,22:36,5,80,80021,2,1,0,1,JULES BARNI (RUE),49.8873452182,2.3151529332,22,2,2
202100054720,103Â 980,A01,1,1,1,1,1,-1,-1,0,0,-1,2021,45.0,1,5,0,5,2,1,1,,3,D73,0,,2,2,0,1,6,242,1,, -1,1,0,1,90,18,1,2021,07:40,2,3,3275,1,1,0,6,Route de Cosne d'Allier,46.5250605783,3.153790267,7,1,1
202100006578,190Â 037,B01,1,1,1,1,8,0,-1,-1, -1,-1,2021,24.0,1,1,0,2,0,0,5,,3,AV HENRI BARBUSSE,0,,-1,3,0,1,0,100,1,, -1,1,0,1,50,23,11,2021,05:00,5,91,91657,2,2,0,6,AV HENRI BARBUSSE,48.70253,2.42791,5,2,2
202100014066,176Â 553,A01,2,2,1,4,1,-1,-1,0,0,-1,2021,52.0,2,5,0,2,2,2,0,,1,6,0,,1,5,0,1,60,400,3,, -1,1,0,5,130,11,10,2021,08:35,2,77,77477,1,1,1,6,Autoroute A6,48.344755,2.589211,8,3,2
202100044596,122Â 005,A01,1,1,1,1,2,6,-1,0,0,-1,2021,53.0,1,1,0,0,3,15,3,,4,AVENUE MYRON HERRICK,0,,3,3,0,1,(1),(1),1,, -1,2,0,1,50,9,4,2021,19:40,2,75,75108,2,2,1,7,AVENUE MYRON HERRICK,48.873097,2.310034,19,1,1
202100055201,103Â 145,B01,1,1,1,0,1,0,-1,0,0,-1,2021,21.0,0,2,0,2,2,1,1,,4,ANGE ROUBAUD (RUE DE L'),0,,-1,2,0,1,0,1,1,, -1,1,0,1,50,12,1,2021,13:20,1,5,5061,2,3,0,3,ANGE ROUBAUD (RUE DE L'),44.56862,6.08179,13,3,2
202100034805,139Â 497,B01,1,1,1,3,8,0,-1,-1, -1,-1,2021,23.0,-1,0,0,2,1,3,0,,3,SAINT-DENIS (RUE DE),0,,1,0,0,1,0,0,3,, -1,1,3,1,50,12,6,2021,20:40,2,93,93001,2,9,0,3,SAINT-DENIS (RUE DE),48.9211865344,2.3765067011,20,3,2
202100035908,137Â 505,B01,2,2,2,3,1,8,-1,-1, -1,-1,2021,33.0,3,2,0,2,4,2,1,,6,LOUVOIS (ROUTE DE) CORA,0,,-1,-1,0,2,(1),(1),1,, -1,2,9,1,30,5,6,2021,19:00,1,51,51172,2,1,1,2,Route de Louvois,49.216695408,4.0531289577,19,3,2