Num_Acc,id_vehicule,num_veh,place,catu,sexe,trajet,secu1,secu2,secu3,locp,actp,etatp,year_acc,victim_age,senc,catv,obs,obsm,choc,manv,motor,occutc,catr,voie,v1,v2,circ,nbv,vosp,prof,pr,pr1,plan,lartpc,larrout,surf,infra,situ,vma,jour,mois,an,hrmn,lum,dep,com,agg_,int,atm,col,adr,lat,long,hour,nb_victim,nb_vehicules
202100023277,160Â 008,B01,1,1,1,5,2,-1,-1,-1, -1,-1,2021,55.0,1,1,0,2,2,2,5,,4,RUISSELET (RUE),0,,2,1,0,1,(1),(1),1,, -1,1,0,1,50,20,8,2021,09:40,1,51,51454,2,3,0,3,Rue du Ruisselet,49.2449257377,4.0380916985,9,2,2
202100045804,119Â 880,A01,1,1,1,4,2,6,-1,-1, -1,-1,2021,29.0,3,1,0,0,0,1,1,,4,BD CIRCULAIRE,0,,1,2,0,1,1,0,1,, -1,1,0,1,50,31,3,2021,21:15,5,94,94021,2,1,0,7,Boulevard Circulaire Min,48.766733,2.354028,21,1,1
202100003223,196Â 011,B01,1,1,1,1,2,6,-1,-1, -1,-1,2021,29.0,2,1,0,2,6,21,1,,1,A12 W,0,,2,3,0,1,1,850,1,, -1,1,0,1,110,13,12,2021,16:00,1,78,78043,1,1,0,3,A12 W,48.830634,2.081971,16,2,2
202100013660,177Â 294,A01,10,3,1,4,0,-1,-1,9,B,1,2021,46.0,3,4,0,1,1,20,1,,6,MONTPELLIER (ROUTE DE),0,,-1,0,0,1,0,0,1,, -1,1,0,1,30,27,9,2021,11:55,1,30,30189,1,1,0,6,MONTPELLIER (ROUTE DE),43.807,4.3226,11,2,1
202100030744,146Â 805,A01,10,3,1,5,0,-1,-1,2,3,1,2021,12.0,2,2,0,1,1,1,1,,4,PARMENTIER                          (R ),0,,2,2,2,2,(1),(1),1,, -1,1,0,1,50,30,6,2021,18:00,1,69,69199,2,1,0,6,MARCEL ET PAULETTE NICOLLIN (R),45.7057793795,4.8541760445,18,2,1
202100031139,146Â 079,B01,2,2,2,9,1,-1,-1,0,0,-1,2021,73.0,0,2,0,2,3,1,1,,4,SEMARD PIERRE,0,,2,2,0,3,(1),(1),2,, -1,1,0,1,30,30,6,2021,14:10,1,29,29019,2,1,0,1,Rue Pierre SÃ©mard,48.38758,-4.47102,14,3,2
202100027052,153Â 362,B01,1,1,1,1,2,8,-1,-1, -1,-1,2021,31.0,1,1,0,0,7,16,1,,2,ROUTE NATIONALE 1,0,,1,2,0,1,5,0,3,, -1,8,0,1,90,25,7,2021,06:50,1,972,97213,2,1,1,7,ROUTE NATIONALE 1,14.61993,-60.99379,6,1,1
202100018540,168Â 493,A01,1,1,1,0,2,0,-1,-1, -1,-1,2021,77.0,3,1,0,2,8,2,1,,4,PONT YSSOIR (RUE DU),0,,2,3,2,1,0,0,1,, -1,1,0,1,50,16,9,2021,13:15,1,72,72181,2,1,0,3,PONT YSSOIR (RUE DU),48.009982,0.194451,13,2,2
202100035730,137Â 846,A01,1,1,1,0,1,8,-1,0,0,-1,2021,90.0,1,2,0,2,1,1,1,,2,RN7 (GrÃ¨zes-pouloumard),0,,2,2,0,1,89,800,1,, -1,1,0,1,50,8,6,2021,16:50,1,26,26198,2,1,0,2,Route Nationale 7,44.558832,4.72959,16,2,2
202100028142,151Â 402,B01,1,1,1,4,2,6,-1,0,0,-1,2021,37.0,1,1,0,2,6,15,1,,3,CD 677,0,,2,3,0,1,0,0,1,, -1,1,5,1,50,19,7,2021,16:45,1,14,14699,2,2,0,3,D677,49.340107,0.102973,16,2,2
202100001094,199Â 811,A01,1,1,2,0,1,8,-1,-1, -1,-1,2021,32.0,1,2,9,0,0,1,1,,3,909,0,,2,2,0,1,0,0,1,, -1,1,0,1,50,15,12,2021,02:35,4,92,92009,2,1,0,6,ARGENTEUIL AV D',48.926442796,2.2735771537,2,1,1
202100032878,142Â 996,B01,1,1,1,4,1,0,-1,-1, -1,-1,2021,43.0,2,5,0,2,9,1,1,,2,844,0,,3,0,0,1,11,381,1,, -1,1,0,1,90,22,6,2021,02:45,3,44,44190,1,1,0,4,N844,47.20329,-1.48377,2,3,3
202100030765,146Â 769,A01,10,3,2,3,0,-1,-1,4,3,1,2021,98.0,2,2,0,1,1,15,1,,4,TRION (DE) (R ),0,,1,3,0,2,(1),(1),2,, -1,1,0,1,50,1,7,2021,08:00,1,69,69385,2,7,0,6,FOSSES DE TRION (DES) (R),45.75839,4.81312,8,2,1
202100050788,110Â 901,B01,1,1,2,5,1,-1,-1,0,0,-1,2021,46.0,2,2,0,2,4,2,1,,2,184,-1,N,1,2,0,1,19,0,2,, -1,1,3,2,90,20,2,2021,19:40,5,95,95313,1,1,0,2,RN 184,49.105824513,2.2588680919,19,2,2
202100017790,169Â 817,B01,1,1,1,1,2,0,-1,-1, -1,-1,2021,55.0,1,1,0,2,7,2,1,,3,MONTABO (ROUTE DE) 2,0,,2,1,0,1,4,0,1,, -1,2,0,1,50,20,9,2021,07:15,1,973,97302,2,1,1,3,MONTABO (ROUTE DE) 2,4.93251,-52.2904,7,2,2
202100026298,154Â 686,A01,10,3,2,5,8,8,-1,3,3,1,2021,75.0,1,5,0,1,3,26,1,,4,STRASBOURG BOULEVARD,0,,2,2,0,1,1,0,1,, -1,1,0,1,50,28,7,2021,16:28,1,49,49007,2,2,0,6,STRASBOURG BOULEVARD,47.456,-0.5513,16,2,1
202100019766,166Â 315,A01,2,2,2,0,1,-1,-1,0,0,-1,2021,60.0,2,2,0,2,3,1,1,,2,RT10,-1,,2,2,0,1,70,650,1,, -1,1,0,1,80,24,8,2021,17:15,1,202,202342,2,1,0,1,RT 10 VENTISERI,41.911815,9.388638,17,4,2
202100055252,103Â 061,A01,10,3,1,5,0,-1,-1,9,1,1,2021,33.0,1,2,0,1,3,0,1,,2,1,-1,,2,2,0,1,11,500,1,, -1,1,0,3,80,13,1,2021,20:30,3,973,97305,1,1,0,6,Pk11.500 RN1,4.915918,-52.376053,20,2,1
202100006093,190Â 911,A01,10,3,2,5,0,-1,-1,2,3,1,2021,25.0,2,0,0,1,1,1,3,,4,RUE BUFFON,0,,1,1,1,1,(1),(1),1,, -1,1,0,5,30,26,11,2021,09:45,1,75,75105,2,2,0,6,RUE BUFFON,48.841168,2.355968,9,2,1
202100015286,174Â 389,B01,1,1,1,9,2,6,-1,0,0,-1,2021,27.0,1,1,0,2,8,1,1,,3,749,0,,2,2,0,2,40,110,1,, -1,1,5,1,70,25,8,2021,16:30,1,37,37011,1,4,0,3,D749,47.233914349,0.1606064539,16,2,2
202100006258,190Â 611,B01,2,2,1,5,1,-1,-1,-1, -1,-1,2021,75.0,1,2,0,2,4,2,1,,3,KERUSTUM  ROND POINT DE,0,,1,2,0,1,3,500,1,, -1,1,0,1,50,25,11,2021,13:00,1,29,29232,2,6,0,4,Giratoire de Kerustum ,47.97945,-4.09518,13,4,3
202100010838,182Â 352,B01,1,1,1,4,2,0,-1,-1, -1,-1,2021,20.0,2,1,0,2,1,19,3,,4,QUATORZE JUILLET,0,,2,2,0,1,(1),(1),1,, -1,1,5,1,30,25,10,2021,22:18,5,79,79191,2,2,0,3,Rue du 14 Juillet,46.32303,-0.45616,22,2,2
202100005709,191Â 599,A01,10,3,2,3,0,-1,-1,2,3,2,2021,63.0,3,2,0,1,1,1,1,,4,,-1,,2,1,0,1,(1),(1),1,,4,1,0,8,30,29,11,2021,09:36,1,57,57206,2,1,1,6,1 Avenue Francois Mitterrand,49.307322,6.118151,9,3,1
202100041447,127Â 518,A01,1,1,1,1,1,-1,-1,0,0,-1,2021,48.0,1,2,0,2,3,13,1,,3,671,-1,,2,2,0,1,3,200,1,, -1,2,0,1,50,5,5,2021,07:20,2,33,33252,2,1,1,1,,44.803915,-0.393019,7,2,2
202100050599,111Â 244,B01,1,1,1,0,8,0,-1,-1, -1,-1,2021,35.0,1,5,12,0,0,0,1,,3,ALLIES (BD DES),0,,3,4,0,2,1,0,4,, -1,1,3,8,50,20,2,2021,23:00,3,94,94017,1,1,0,6,ALLIES (BD DES),48.82977,2.49158,23,4,2
202100030741,146Â 811,A01,1,1,1,5,2,6,-1,-1, -1,-1,2021,39.0,2,1,0,2,7,1,1,,4,PRESIDENT EDOUARD HERRIOT (DU)      (R ),0,,2,2,0,1,(1),(1),1,, -1,1,0,1,50,2,7,2021,23:00,5,69,69259,2,3,0,1,PRESIDENT EDOUARD HERRIOT (DU) (R),45.69674,4.87683,23,2,2
202100010960,182Â 136,B01,1,1,1,0,2,-1,-1,0,0,-1,2021,21.0,3,1,0,2,1,1,5,,4,,-1,,3,2,0,1,(1),(1),1,,4,1,0,1,50,26,10,2021,15:55,1,1,1075,1,2,0,3,Chemin de Fournieux,46.023543,4.793893,15,2,2
202100040002,130Â 090,B01,1,1,2,3,0,-1,-1,0,0,-1,2021,85.0,2,1,0,2,8,2,0,,4,125,0,D,2,2,0,1,(1),(1),1,, -1,1,0,1,50,7,4,2021,15:15,1,52,52093,2,1,0,3,rue de la libÃ©ration,47.803661,5.439836,15,2,2
202100021072,163Â 993,A01,1,1,1,1,2,-1,-1,0,0,-1,2021,47.0,3,0,0,2,4,16,3,,4,BELLEVUE (RUE DE ),0,,4,1,0,4,1,0,3,, -1,1,9,1,50,3,9,2021,09:09,1,14,14137,2,9,1,1,Rue de Bellevue,49.1913,-0.43104,9,2,2
202100026967,153Â 506,A01,10,3,2,5,0,-1,-1,2,3,1,2021,3.0,1,2,0,1,1,26,1,,4,STRASBOURG (RUE DE),0,,2,2,0,1,0,0,1,, -1,1,0,1,50,26,7,2021,19:52,1,93,93031,2,1,0,6,Rue de Strasbourg,48.95668,2.29736,19,2,1
202100020163,165Â 594,A01,10,3,2,3,0,-1,-1,3,3,1,2021,82.0,2,2,0,1,1,16,3,,3,3,-1,D,2,2,0,1,96,860,3,, -1,1,5,1,50,9,9,2021,09:08,1,88,88530,2,6,0,6,gÃ©nÃ©ral patch,48.045045,6.40231,9,2,1
202100020421,165Â 140,A01,2,2,2,1,8,-1,-1,0,0,-1,2021,46.0,2,2,0,2,2,13,1,,3,844,-1,,1,1,0,2,1,200,1,, -1,1,5,1,80,6,9,2021,11:20,1,26,26169,1,2,0,3,Route de Donzere,44.486525,4.742103,11,3,2
202100046656,118Â 372,A01,10,3,1,1,0,-1,-1,2,3,1,2021,53.0,0,2,0,2,2,17,1,,4,GABRIEL PERI (RUE),0,,2,2,0,1,0,0,1,, -1,1,9,1,50,25,3,2021,17:40,1,93,93071,2,1,0,6,GABRIEL PERI (RUE),48.9432964025,2.5330639564,17,2,1
202100050054,112Â 269,A01,10,3,2,5,0,-1,-1,4,3,2,2021,24.0,3,1,0,1,1,1,1,,4,QUAI SAINT MICHEL,0,,1,4,1,1,(1),(1),1,, -1,1,0,1,50,25,2,2021,16:26,1,75,75105,2,5,0,6,QUAI SAINT MICHEL,48.853758,2.344283,16,3,1
202100005276,192Â 355,A01,1,1,2,0,1,0,-1,-1, -1,-1,2021,54.0,1,2,0,2,1,2,1,,4,ALSACE LORRAINE D',0,,2,4,0,1,0,0,1,, -1,1,0,1,50,1,12,2021,08:20,1,64,64445,2,1,0,2,Boulevard dâAlsace Lorraine,43.30502,-0.37201,8,2,2
202100002745,196Â 859,B01,1,1,1,1,1,-1,-1,-1, -1,-1,2021,53.0,0,2,0,2,1,1,1,,7,CD 51 (RUE DE LA VALETTE),0,,2,2,0,1,18,520,1,, -1,1,0,1,50,15,12,2021,18:06,5,76,76157,2,4,0,1,CD 51 (RUE DE LA VALETTE),49.4612162965,1.0425961018,18,2,2
202100017947,169Â 547,A01,10,3,1,5,0,-1,-1,2,3,1,2021,72.0,1,2,0,1,1,1,1,,3,,-1,,2,1,0,1,0,7,1,,3,1,0,1,50,17,9,2021,08:45,1,66,66088,2,5,0,6,Rue Michel Blanc,42.670008,2.622508,8,2,1
202100008277,186Â 918,B01,1,1,1,3,2,6,-1,-1, -1,-1,2021,72.0,1,1,0,2,2,2,1,,4,,0,,1,1,0,1,47,0,1,, -1,1,0,1,50,12,11,2021,11:15,1,92,92035,2,3,0,3,Joffre ( avenue ),48.9048184058,2.2446763515,11,2,2
202100039579,130Â 840,B01,1,1,2,1,8,-1,-1,0,0,-1,2021,25.0,1,1,0,2,7,16,5,,4,,-1,,3,4,1,1,(1),(1),1,, -1,1,0,1,50,7,4,2021,08:00,1,36,36044,2,3,0,3,Boulevard Arago,46.80495,1.68825,8,2,2
202100052434,107Â 989,A01,3,2,2,5,3,0,-1,-1, -1,-1,2021,2.0,1,2,0,2,7,26,1,,4,PINTERIE (RUE DE LA),0,,2,2,0,2,(1),(1),1,, -1,1,0,1,50,5,2,2021,11:25,1,37,37208,2,2,0,3,PINTERIE (RUE DE LA),47.3669435723,0.7382916827,11,3,2
202100032413,143Â 836,A01,1,1,1,1,2,6,9,0,0,-1,2021,17.0,1,1,12,0,1,1,1,,3,7,-1,,2,2,0,2,22,900,2,, -1,1,0,4,50,26,6,2021,08:50,1,3,3165,2,1,1,6,26 Rue de Lapalisse,46.074608,3.667763,8,1,1
202100027489,152Â 590,A01,1,1,1,0,1,0,-1,-1, -1,-1,2021,23.0,2,2,0,2,1,2,1,,1,RN3 (ANCIENNE ROUTE),0,,3,4,0,4,59,0,1,, -1,1,0,1,110,21,7,2021,18:20,3,974,97416,1,1,0,2,RN3 (ANCIENNE ROUTE),-21.3024361106,55.5015161633,18,2,2
202100032261,144Â 098,B01,1,1,1,4,2,0,-1,-1, -1,-1,2021,42.0,3,1,0,2,1,1,5,,4,DROITS DE L' HOMME DES,0,,1,2,0,1,0,0,2,, -1,1,0,1,50,25,6,2021,08:40,1,64,64445,2,6,0,3,DROITS DE L' HOMME DES,43.313,-0.36898,8,2,2
202100030183,147Â 818,A01,1,1,1,0,2,6,-1,-1, -1,-1,2021,19.0,0,1,0,0,0,1,1,,4,LATTRE DE TASSIGNY (QUAI DU MARECHAL DE),0,,2,2,0,1,(1),(1),1,, -1,1,0,1,50,7,7,2021,17:55,1,41,41018,2,1,0,7,LATTRE DE TASSIGNY (QUAI DU MARECHAL DE),47.5866,1.33699,17,1,1
202100036994,135Â 571,A01,1,1,1,5,2,0,-1,-1, -1,-1,2021,22.0,1,1,14,0,1,1,1,,4,KERORBEN (RUE  DE ),0,,2,2,0,1,(1),(1),3,, -1,1,5,1,30,28,5,2021,22:19,1,56,56083,2,6,0,6,KERORBEN (RUE  DE ),47.8003632465,-3.2711134851,22,1,1
202100008643,186Â 297,B01,1,1,1,4,1,-1,-1,0,0,-1,2021,81.0,1,4,0,2,1,1,1,,3,943,-1,,2,2,0,1,26,319,1,, -1,1,0,1,80,11,11,2021,16:50,1,64,64405,1,1,0,1,RD943,43.338471907,-0.2622073889,16,4,2
202100013123,178Â 289,A01,10,3,1,5,0,-1,-1,1,3,1,2021,7.0,2,2,0,1,2,2,1,,4,VAILLANT COUTURIER (R),0,,1,1,0,1,0,0,1,, -1,2,0,1,50,13,10,2021,15:30,1,94,94002,2,1,0,1,VAILLANT COUTURIER (R),48.80922,2.41697,15,2,1
202100042974,124Â 856,A01,1,1,1,5,1,-1,-1,0,0,-1,2021,19.0,1,2,3,0,1,13,1,,7,16,-1,,2,2,0,2,12,720,3,, -1,1,2,8,80,24,4,2021,00:40,3,13,13044,1,1,0,6,Route dÃ©partementale 16,43.600509,5.046276,0,3,1
202100038472,132Â 880,A01,10,3,1,5,0,-1,-1,6,1,1,2021,59.0,2,5,9,1,2,14,1,,4,5,0,C,2,2,0,1,(1),(1),1,0,6,1,0,3,50,26,5,2021,08:05,1,16,16078,2,1,0,6,Rue de l'Auvent,45.694233,0.185753,8,2,1
202100035056,139Â 032,B01,1,1,1,9,2,6,-1,0,0,-1,2021,38.0,2,1,0,2,1,1,1,,4,RUE DAVID D ANGERS,0,,2,2,0,2,(1),(1),1,, -1,1,0,1,50,11,6,2021,09:25,1,75,75119,2,3,0,2,RUE DAVID D ANGERS,48.88241,2.391303,9,2,2
202100043956,123Â 107,A01,1,1,2,5,1,-1,-1,0,0,-1,2021,35.0,2,2,13,0,2,1,1,,3,939,0,D,2,2,0,2,8,670,2,, -1,1,0,1,80,15,4,2021,18:30,1,89,89399,1,1,0,6,,48.262627,3.340745,18,2,1
202100032766,143Â 205,B01,1,1,2,1,1,-1,-1,0,0,-1,2021,25.0,1,2,0,2,1,17,1,,3,907,-1,,2,2,0,1,37,900,1,, -1,1,0,1,50,23,6,2021,18:45,1,4,4031,2,1,0,3,RD 907,43.92445,6.127131,18,2,2
202100025470,156Â 139,A01,1,1,1,5,2,6,-1,-1, -1,-1,2021,29.0,1,1,0,0,8,1,1,,4,CLOT BEY (AVENUE),0,,2,2,0,1,0,0,1,, -1,1,0,1,50,5,8,2021,02:10,5,13,13208,2,1,0,7,CLOT BEY (AVENUE),43.26207,5.38754,2,1,1
202100052553,107Â 783,A01,10,3,2,3,0,-1,-1,9,B,1,2021,78.0,1,4,0,1,0,26,1,,4,LOTI PIERRE,0,,1,1,0,1,(1),(1),1,, -1,1,0,1,30,3,2,2021,10:40,1,17,17306,2,2,0,6,LOTI PIERRE,45.627016,-1.031657,10,2,1
202100041511,127Â 411,A01,2,2,1,5,1,0,-1,-1, -1,-1,2021,82.0,1,2,12,0,3,26,1,,7,N28,0,,3,6,0,1,0,600,1,, -1,1,2,1,70,3,5,2021,14:47,1,76,76540,1,1,0,6,pont mathilde,49.4341057434,1.1050862074,14,2,1
202100046945,117Â 861,A01,10,3,1,3,0,-1,-1,3,3,1,2021,75.0,1,2,0,1,1,1,1,,4,HUGO DE 1 A 70 (BD VICTOR),0,,2,2,2,1,0,0,1,, -1,1,0,1,50,18,3,2021,13:45,1,2,2691,2,1,0,6,HUGO DE 1 A 70 (BD VICTOR),49.8431446,3.279945,13,2,1
202100051924,108Â 891,A01,1,1,2,1,8,0,-1,0,0,-1,2021,62.0,1,1,0,2,1,1,5,,4,RUE DES MORILLONS,0,,2,2,0,1,(1),(1),1,, -1,1,0,1,50,9,2,2021,20:05,4,75,75115,2,4,0,1,RUE DES MORILLONS,48.832803,2.300495,20,2,2
202100009635,184Â 485,B01,1,1,1,0,2,6,-1,-1, -1,-1,2021,31.0,2,1,0,2,1,1,1,,3,SEINE (QUAI DE),0,,2,1,0,1,0,1,1,, -1,1,0,1,50,3,11,2021,17:30,5,93,93070,2,3,0,3,SEINE (QUAI DE),48.9147469341,2.3194442689,17,2,2
202100018163,169Â 144,A01,4,2,1,0,3,0,-1,-1, -1,-1,2021,1.0,0,2,0,2,5,15,1,,7,GARLABAN (AVENUE DU),0,,2,2,0,1,0,100,1,, -1,1,0,1,50,17,9,2021,11:10,1,13,13005,2,3,0,3,GARLABAN (AVENUE DU),43.2975,5.57387,11,4,2
202100024456,157Â 961,A01,1,1,1,5,2,6,-1,0,0,-1,2021,70.0,2,1,0,2,2,1,5,,3,3,-1,,2,2,0,1,10,68,1,, -1,1,0,1,80,11,8,2021,17:55,1,67,67263,1,1,0,6,D3,49.031516,7.75933,17,2,2
202100012648,179Â 104,A01,1,1,1,4,2,6,-1,-1, -1,-1,2021,21.0,1,1,0,2,3,18,3,,7,STRASBOURG BOULEVARD,0,,1,1,0,1,(1),(1),3,, -1,1,5,1,30,17,10,2021,19:10,3,59,59350,2,6,0,3,STRASBOURG BOULEVARD,50.61745,3.06093,19,2,2
202100020690,164Â 646,A01,1,1,1,9,8,0,-1,-1, -1,-1,2021,21.0,2,0,0,2,1,26,3,,3,DOUMER (RUE PAUL),0,,2,2,0,1,0,0,1,, -1,1,0,1,50,5,9,2021,22:15,5,45,45208,2,9,0,3,DOUMER (RUE PAUL),47.99872,2.74318,22,2,2
202100032559,143Â 570,A01,1,1,1,5,2,5,6,0,0,-1,2021,62.0,1,1,0,0,3,1,1,,3,51,-1,,2,2,0,1,(1),(1),2,, -1,9,0,3,80,24,6,2021,16:16,1,202,202165,1,1,0,7,D51,42.504693,8.813739,16,1,1
202100003453,195Â 583,A01,10,3,1,5,0,-1,-1,5,1,2,2021,25.0,2,1,0,1,4,25,1,,3,"""LANDY RD 20, NR IMPAIRS 146 A 254""",0,,2,2,0,1,0,1,1,, -1,1,9,4,50,10,12,2021,13:40,1,93,93066,2,1,0,6,"""LANDY RD 20, NR IMPAIRS 146 A 254""",48.9145336484,2.3478279078,13,3,1
202100033533,141Â 833,A01,10,3,1,1,0,-1,-1,1,3,1,2021,17.0,3,3,0,1,2,1,3,,4,ROCKEFELLER                         (AV),0,,2,5,3,1,(1),(1),1,, -1,1,0,1,50,18,6,2021,07:12,1,69,69388,2,1,0,6,ROCKEFELLER (AV),45.7425,4.8799,7,2,1
202100009034,185Â 564,A01,1,1,1,3,1,5,-1,0,0,-1,2021,23.0,1,2,13,0,2,1,1,,3,,0,,2,2,0,2,1,950,1,, -1,1,0,1,80,5,9,2021,01:30,3,9,9242,1,1,0,6,route de raissac 09,42.938486,1.825962,1,1,1
202100019811,166Â 234,A01,1,1,2,9,1,-1,-1,-1, -1,-1,2021,34.0,2,2,0,2,4,2,1,,2,ROUTE NATIONALE 230,0,,3,6,0,1,35,50,3,, -1,2,3,1,90,10,9,2021,08:23,1,33,33065,1,1,0,2,ROUTE NATIONALE 230,44.81035,-0.52351,8,2,2
202100002690,196Â 969,B01,1,1,1,1,1,-1,-1,0,0,-1,2021,54.0,2,2,0,2,1,1,1,,3,30,0,D,2,2,0,2,11,200,1,, -1,1,0,1,70,17,12,2021,17:30,3,53,53243,1,1,0,1,Rue du Maine,48.135413,-0.897532,17,2,2
202100018124,169Â 220,A01,1,1,1,0,2,8,-1,-1, -1,-1,2021,34.0,1,1,0,2,1,1,1,,7,JAURES (AVENUE JEAN),0,,2,2,0,1,2,500,1,, -1,1,5,1,50,18,9,2021,19:10,1,83,83062,2,4,0,3,JAURES (AVENUE JEAN),43.120343,6.010666,19,2,2
202100043816,123Â 364,A01,1,1,1,0,1,0,-1,-1, -1,-1,2021,22.0,3,1,0,2,8,17,0,,4,,0,,1,1,0,1,0,0,1,, -1,1,0,1,50,16,4,2021,18:25,1,92,92004,2,1,0,3,MOURINOUX ( RUE DES ),48.9301465628,2.275038287,18,2,2
202100012508,179Â 351,A01,1,1,1,9,2,6,-1,-1, -1,-1,2021,56.0,2,1,0,2,6,1,1,,3,GENERAL LECLERC (AVENUE DU) 35/FIN - 60/,0,,2,6,0,1,0,0,1,, -1,1,0,1,50,18,10,2021,10:30,1,92,92012,2,2,0,2,GENERAL LECLERC (AVENUE DU) 35/FIN - 60/,48.8319209074,2.2381554878,10,2,2
202100028141,151Â 403,A01,1,1,1,0,2,0,-1,0,0,-1,2021,49.0,3,1,0,0,1,0,1,,4,VERTE (CHEMIN DE LA COTE),0,,2,2,0,1,(1),(1),1,, -1,1,0,1,50,19,7,2021,22:00,2,27,27375,1,1,0,7,VERTE (CHEMIN DE LA COTE),49.21401,1.14595,22,1,1
202100042092,126Â 392,B01,1,1,1,9,1,-1,-1,0,0,-1,2021,64.0,2,2,0,2,3,1,1,,3,955,-1,,2,2,0,1,31,607,1,, -1,1,0,1,80,29,4,2021,10:45,1,89,89419,1,9,0,3,D 955,47.719523,3.27906,10,3,2
202100046566,118Â 534,A01,10,3,1,1,0,-1,-1,6,0,1,2021,58.0,1,2,0,1,1,2,1,,4,BOIS D'INDE (CITE),0,,2,2,0,2,(1),(1),1,, -1,1,0,1,30,25,3,2021,06:50,1,972,97213,1,1,0,6,BOIS D'INDE (CITE),14.62643,-61.0134,6,3,1
202100001350,199Â 346,A01,1,1,2,5,1,8,-1,-1, -1,-1,2021,24.0,2,2,4,0,1,2,1,,1,AUTOROUTE A86,0,,3,3,0,1,18,0,1,, -1,2,0,1,110,26,12,2021,22:15,3,93,93027,1,1,1,3,AUTOROUTE A86,48.92841,2.41321,22,1,1
202100003903,194Â 780,A01,10,3,1,9,0,-1,-1,1,A,1,2021,22.0,1,4,1,0,1,1,1,,2,66,-1,,2,2,0,2,16,400,2,, -1,5,0,2,90,10,12,2021,07:00,3,88,88408,1,1,1,6,N66 - PK 16400,47.91197,6.654046,7,2,1
202100012328,179Â 699,A01,2,2,1,4,1,-1,-1,0,0,-1,2021,44.0,3,2,0,0,6,15,2,,7,125,0,D,2,2,0,2,(1),(1),2,, -1,1,0,1,30,20,10,2021,09:45,1,6,6121,2,5,0,2,avenue jean monnet,43.701497,7.326658,9,3,2
202100041832,126Â 837,A01,1,1,2,5,0,-1,-1,0,0,-1,2021,20.0,2,2,13,0,2,1,1,,3,18,-1,,2,2,0,2,18,46,4,, -1,1,0,3,80,2,5,2021,04:00,3,29,29262,1,1,0,6,D18,48.434468,-4.018121,4,2,1
202100006687,189Â 827,B01,1,1,1,0,8,0,-1,-1, -1,-1,2021,21.0,1,0,0,2,2,2,5,,3,ROND POINT DE BREZILLET,0,,1,2,0,1,1,0,2,, -1,2,5,1,50,22,11,2021,06:20,5,22,22360,2,6,1,2,ROND POINT DE BREZILLET,48.4930924008,-2.7621946335,6,2,2
202100044221,122Â 629,A01,2,2,2,5,1,0,-1,-1, -1,-1,2021,34.0,2,2,0,2,2,1,1,,1,6,0,,3,3,0,1,8,350,1,, -1,1,0,1,90,13,4,2021,08:30,1,91,91689,1,1,0,3,AUTOROUTE A6B,48.7412,2.32121,8,3,2
202100017236,170Â 837,B01,9,2,2,5,1,-1,-1,0,0,-1,2021,32.0,2,2,0,2,1,1,1,,3,76,-1,,2,2,0,1,7,950,3,, -1,1,0,1,80,23,9,2021,09:25,1,70,70197,1,4,0,3,Fermes les Begoulots,47.548697,6.24135,9,4,2
202100001073,199Â 845,B01,2,1,1,1,2,0,-1,-1, -1,-1,2021,44.0,1,1,0,2,5,26,1,,3,WILSON (AVENUE DU PRESIDENT),0,,3,3,0,1,0,1,1,, -1,2,9,1,50,28,12,2021,08:00,3,93,93066,2,2,1,3,WILSON (AVENUE DU PRESIDENT),48.91549,2.35752,8,2,2
202100032758,143Â 218,A01,1,1,2,3,1,-1,-1,0,0,-1,2021,66.0,3,2,6,0,1,1,1,,4,,0,,2,2,0,1,(1),(1),1,,5,1,0,4,50,23,6,2021,08:50,1,58,58300,2,1,0,6,145 Rue du Champ de la Croix,47.081177,3.199317,8,1,1
202100048878,114Â 387,A01,2,2,2,5,1,-1,-1,0,0,-1,2021,28.0,1,2,13,0,0,21,1,,2,147,0,,2,2,0,1,5,100,1,, -1,1,0,3,90,7,3,2021,12:30,1,86,86192,1,1,0,7,N147,46.299419,0.838686,12,2,1
202100053158,106Â 719,B01,1,1,2,0,1,-1,-1,-1, -1,-1,2021,60.0,2,2,0,2,4,2,1,,4,,0,,2,3,3,1,(1),(1),1,, -1,2,0,1,50,29,1,2021,07:40,1,69,69383,2,2,0,5,MARECHAL DE SAXE                    (AV),45.7550025969,4.8467689422,7,4,3
202100021320,163Â 544,B01,1,1,1,5,2,8,-1,-1, -1,-1,2021,42.0,1,1,0,2,8,1,0,,3,BRIAND (AVENUE ARISTIDE) NÂ° 162 A 300,0,,1,4,1,1,0,0,1,, -1,1,0,5,50,2,9,2021,13:15,1,92,92007,2,1,0,3,BRIAND (AVENUE ARISTIDE) NÂ° 162 A 300,48.79198,2.3201,13,2,2
202100003069,196Â 275,B01,1,1,1,5,2,6,-1,-1, -1,-1,2021,47.0,2,1,1,2,7,2,1,,4,PAOLI DU NR 1 A 20 - BLD,0,,2,1,0,2,(1),(1),2,, -1,1,0,1,50,13,12,2021,16:45,5,202,202033,2,1,0,3,PAOLI DU NR 1 A 20 - BLD,42.69738,9.44904,16,2,2