Num_Acc,id_vehicule,num_veh,place,catu,sexe,trajet,secu1,secu2,secu3,locp,actp,etatp,year_acc,victim_age,senc,catv,obs,obsm,choc,manv,motor,occutc,catr,voie,v1,v2,circ,nbv,vosp,prof,pr,pr1,plan,lartpc,larrout,surf,infra,situ,vma,jour,mois,an,hrmn,lum,dep,com,agg_,int,atm,col,adr,lat,long,hour,nb_victim,nb_vehicules
202100056237,101Â 372,A01,10,3,1,2,0,-1,-1,2,3,1,2021,10.0,2,2,0,1,2,1,1,,4,DANESI - BLD BENOITE,0,,-1,2,0,2,1,0,1,, -1,1,0,1,50,4,1,2021,16:55,2,202,202033,2,1,0,6,DANESI - BLD BENOITE,42.69666,9.44331,16,2,1
202100050407,111Â 595,A01,10,3,2,1,0,-1,-1,3,3,1,2021,59.0,3,5,0,1,3,9,1,,4,,-1,,1,1,0,1,(1),(1),1,, -1,1,0,1,50,25,2,2021,08:40,1,69,69244,2,2,0,6,MARIN (R),45.7604148449,4.7701553842,8,2,1
202100001383,199Â 298,A01,10,3,2,5,0,-1,-1,4,3,1,2021,56.0,2,1,0,1,1,3,1,,3,VERDUN.(AVENUE DE),0,,3,4,0,1,0,0,1,, -1,2,0,1,50,24,12,2021,12:45,1,94,94028,2,1,0,3,VERDUN.(AVENUE DE),48.79778,2.46438,12,2,1
202100035687,137Â 923,A01,2,2,1,5,2,8,-1,-1, -1,-1,2021,28.0,2,1,15,0,8,25,1,,3,CHEVREUSE (AVENUE),0,,3,4,0,1,17,150,2,, -1,1,0,4,70,21,5,2021,20:30,1,78,78490,1,1,0,6,CHEVREUSE (AVENUE),48.7976,1.96533,20,2,1
202100050653,111Â 143,C01,1,1,2,1,1,0,-1,-1, -1,-1,2021,39.0,2,2,0,2,4,0,1,,2,A12 W,0,,3,2,0,1,12,120,1,, -1,1,0,1,90,22,2,2021,06:50,2,78,78423,1,1,0,5,A12 W,48.78218,2.03096,6,3,3
202100047730,116Â 431,B01,1,1,1,9,1,0,-1,-1, -1,-1,2021,57.0,1,2,0,2,1,1,1,,4,INDUSTRIE (AVENUE DE L'),0,,2,2,0,1,(1),(1),1,, -1,1,0,1,50,5,3,2021,11:28,1,66,66136,2,3,0,3,INDUSTRIE (AVENUE DE L'),42.73015,2.89892,11,2,2
202100041970,126Â 598,B01,1,1,1,5,2,6,-1,0,0,-1,2021,56.0,1,1,0,0,7,1,1,,3,619,0,,2,2,0,1,20,900,1,, -1,1,0,1,90,1,5,2021,15:20,1,10,10341,1,3,0,1,D619 / D19,48.512635,3.681176,15,2,2
202100012489,179Â 382,A01,1,1,1,5,2,0,-1,0,0,-1,2021,25.0,3,1,0,2,1,2,1,,4,AVENUE JOSEPH BOUVARD,0,,1,1,0,1,(1),(1),1,, -1,1,0,1,30,17,10,2021,17:30,1,75,75107,2,2,0,2,AVENUE JOSEPH BOUVARD,48.854945,2.296251,17,2,2
202100051896,108Â 939,A01,1,1,1,5,8,0,-1,0,0,-1,2021,82.0,1,1,0,2,1,13,5,,4,LEMOY (RUE ROBERT),0,,2,2,0,1,(1),(1),1,, -1,2,0,1,50,3,2,2021,10:50,1,63,63113,2,1,0,3,LEMOY (RUE ROBERT),45.8171111341,3.1112966542,10,2,2
202100008953,185Â 711,A01,2,2,2,0,1,0,-1,-1, -1,-1,2021,61.0,3,2,0,2,1,19,1,,4,BASSINS DE RADOUB (BOULEVARD DES),0,,2,4,0,1,(1),(1),1,, -1,1,0,1,50,7,11,2021,16:45,2,13,13202,2,1,0,3,BASSINS DE RADOUB (BOULEVARD DES),43.31994,5.36231,16,5,2
202100041905,126Â 713,B01,1,1,2,5,2,-1,-1,-1, -1,-1,2021,17.0,0,0,0,2,3,0,3,,4,BRAY (RUE DE),0,,-1,2,0,1,0,0,2,, -1,1,0,1,50,30,4,2021,12:40,1,35,35051,2,6,0,3,BRAY (RUE DE),48.10879,-1.60324,12,2,2
202100023219,160Â 116,B01,9,2,1,5,1,-1,-1,0,0,-1,2021,76.0,2,2,0,2,3,1,1,,3,918,0,,2,2,0,1,60,190,1,, -1,1,0,1,80,21,8,2021,16:45,1,65,65123,1,1,0,1,Rd 918 - Les Estupas,42.975587,0.242965,16,6,2
202100048519,115Â 032,A01,1,1,2,5,1,0,-1,-1, -1,-1,2021,18.0,2,2,15,0,1,1,1,,4,NEUFCHATEL. ROUTE DE,0,,2,2,3,2,8,1,2,, -1,2,-1,4,50,10,3,2021,22:55,4,76,76540,2,1,0,7,Route de NeufchÃ¢tel,49.45319,1.09768,22,1,1
202100001009,199Â 961,A01,1,1,1,5,8,0,-1,-1, -1,-1,2021,75.0,1,2,0,0,7,26,1,,4,MOLIERE PLACE,0,,1,1,0,1,1,0,1,, -1,1,0,1,30,28,12,2021,10:44,1,49,49007,2,1,0,7,MOLIERE PLACE,47.47404,-0.55578,10,1,1
202100016813,171Â 565,B01,1,1,1,4,0,-1,-1,-1, -1,-1,2021,36.0,3,1,0,2,8,19,5,,4,,0,,3,2,0,1,0,0,3,, -1,1,0,1,50,24,9,2021,12:45,1,91,91549,2,1,0,3,MARE AU CHANVRE (RUE DE LA),48.62407,2.34124,12,2,2
202100040605,129Â 033,B01,1,1,1,0,2,6,-1,-1, -1,-1,2021,42.0,2,1,0,2,0,2,1,,4,GETARIA(AVENUE),0,,2,2,0,1,20,380,1,, -1,1,0,1,50,9,5,2021,15:55,1,64,64249,2,1,0,3,GETARIA(AVENUE),43.420439,-1.607073,15,2,2
202100043165,124Â 512,A01,1,1,1,0,1,0,-1,-1, -1,-1,2021,31.0,2,2,0,2,2,0,1,,4,ACIERIES (DES),0,,2,5,0,3,(1),(1),3,, -1,2,5,1,50,16,4,2021,18:30,1,42,42218,2,2,1,5,Rue des AciÃ©ries,45.4589034403,4.3954643555,18,3,3
202100051596,109Â 467,A01,1,1,1,1,2,6,-1,0,0,-1,2021,29.0,1,1,0,2,1,18,1,,4,RUE FRANCOIS 1ER,0,,1,2,1,2,(1),(1),1,, -1,1,-1,5,50,13,2,2021,09:45,1,75,75108,2,2,0,3,RUE FRANCOIS 1ER,48.868654,2.303707,9,3,2
202100049983,112Â 398,A01,1,1,1,0,2,0,-1,-1, -1,-1,2021,74.0,3,1,0,2,5,13,1,,4,JAURES (BLD 1 JEAN),0,,1,1,0,1,0,0,1,, -1,1,9,1,50,25,2,2021,08:05,1,974,97411,2,9,0,3,JAURES (BLD 1 JEAN),-20.89789,55.47596,8,2,2
202100002461,197Â 374,A01,1,1,1,1,8,0,-1,0,0,-1,2021,43.0,3,1,0,2,1,1,5,,4,AVENUE DAVID WEILL,0,,2,2,1,1,(1),(1),1,, -1,1,-1,5,30,17,12,2021,09:02,1,75,75114,2,2,0,6,AVENUE DAVID WEILL,48.821209,2.334299,9,3,2
202100010250,183Â 386,A01,1,1,2,0,1,0,-1,-1, -1,-1,2021,21.0,2,2,4,0,1,1,1,,2,RN12,0,,3,2,0,1,25,700,2,, -1,2,0,2,110,30,10,2021,06:10,3,78,78297,1,1,1,6,RN12,48.787942,2.063854,6,2,1
202100038562,132Â 717,A01,1,1,1,1,2,-1,-1,0,0,-1,2021,18.0,2,0,1,2,1,17,0,,3,,-1,,2,2,0,2,15,25,2,, -1,1,0,1,50,25,5,2021,07:45,1,89,89229,2,1,0,1,Grande rue,48.233982,3.099377,7,2,2
202100035760,137Â 786,B01,1,1,2,9,8,0,-1,0,0,-1,2021,47.0,2,1,0,2,1,1,5,,4,RUE DU FAUBOURG SAINT DENIS,0,,1,1,2,1,(1),(1),1,, -1,1,0,1,30,8,6,2021,12:34,1,75,75110,2,3,0,3,RUE DU FAUBOURG SAINT DENIS,48.871573,2.353625,12,2,2
202100027032,153Â 397,B01,1,1,2,5,1,-1,-1,0,0,-1,2021,52.0,1,2,0,2,7,13,1,,3,934,-1,,2,2,0,2,7,700,2,, -1,1,0,1,80,26,7,2021,20:36,1,80,80685,1,1,0,1,D934,49.71344,2.790742,20,5,2
202100006960,189Â 325,B01,1,1,1,4,1,9,-1,0,0,-1,2021,50.0,1,5,0,2,1,1,1,,3,28,0,,2,2,0,3,18,717,1,, -1,1,0,1,80,22,11,2021,06:50,2,1,1236,1,2,0,5,D28,46.331551,5.083762,6,4,3
202100052886,107Â 185,A01,2,2,1,5,8,0,-1,-1, -1,-1,2021,20.0,1,2,15,0,1,1,1,,4,FARGES (AVENUE YVES),0,,2,2,0,1,(1),(1),1,, -1,2,0,1,50,31,1,2021,03:20,5,37,37233,2,1,1,7,FARGES (AVENUE YVES),47.3861524493,0.7428087518,3,2,1
202100006654,189Â 894,A01,1,1,1,5,8,0,-1,-1, -1,-1,2021,28.0,1,1,0,0,7,9,1,,1,ROC EST,0,,1,1,0,1,1,0,1,, -1,1,0,1,70,21,11,2021,11:12,1,49,49246,2,1,0,7,ROC EST,47.437493,-0.50972,11,1,1
202100016471,172Â 185,A01,1,1,2,5,1,0,-1,-1, -1,-1,2021,65.0,1,0,8,0,2,13,1,,3,NAVARRE (AVENUE HENRI DE),0,,3,2,0,1,3,380,2,, -1,1,0,1,50,26,9,2021,11:40,1,64,64102,2,1,0,7,NAVARRE (AVENUE HENRI DE),43.500924,-1.445838,11,2,1
202100004419,193Â 863,B01,1,1,1,0,2,0,-1,-1, -1,-1,2021,34.0,0,1,0,2,0,0,1,,4,MEDERIC (RUE),0,,2,0,0,1,1,0,1,, -1,2,0,1,50,6,12,2021,18:30,5,93,93049,2,2,1,3,MEDERIC (RUE),48.86,2.5,18,2,2
202100023170,160Â 203,A01,1,1,1,0,1,-1,-1,0,0,-1,2021,68.0,1,2,0,2,2,17,1,,3,498,-1,,2,2,0,2,23,950,3,, -1,1,0,1,80,22,8,2021,18:20,1,42,42126,1,1,0,3,Route de Saint Bonnet,45.442865,4.070252,18,3,2
202100001637,198Â 878,B01,2,2,1,1,2,6,-1,-1, -1,-1,2021,30.0,2,1,0,2,5,13,1,,3,SAINT LEU (ROUTE DE) 1 Ã  157,0,,2,2,2,1,0,1,1,, -1,1,0,1,50,23,12,2021,10:15,1,93,93031,2,3,0,3,SAINT LEU (ROUTE DE) 1 Ã  157,48.9496379155,2.3414137959,10,3,2
202100053159,106Â 717,A01,1,1,1,1,2,6,-1,-1, -1,-1,2021,34.0,2,1,0,2,1,1,1,,4,,0,,1,4,3,1,(1),(1),1,, -1,2,0,1,50,28,1,2021,12:25,1,69,69386,2,2,1,3,BELGES (DES)                        (BD),45.76881,4.85823,12,3,2
202100038441,132Â 934,A01,1,1,2,1,2,6,9,0,0,-1,2021,52.0,1,1,0,2,1,1,1,,7,61,0,,2,2,0,1,1,213,1,, -1,1,0,1,50,25,5,2021,20:45,1,31,31561,2,1,0,3,41 Route de BessiÃ¨res,43.66123,1.47053,20,2,2
202100024455,157Â 964,A01,1,1,1,3,0,-1,-1,0,0,-1,2021,83.0,1,1,0,2,2,1,5,,3,418,-1,,2,2,1,1,(1),(1),1,,4,1,5,5,50,14,8,2021,10:50,1,68,68145,2,2,0,3,43 grand rue,48.080974,7.394124,10,2,2
202100001214,199Â 602,A01,1,1,2,0,1,0,-1,-1, -1,-1,2021,28.0,2,2,4,0,1,1,1,,3,CANADIENS (AV DES),0,,1,0,0,3,1,0,3,, -1,2,9,1,50,27,12,2021,14:25,1,94,94069,2,1,0,6,avenue des Canadiens,48.817936,2.4605,14,1,1
202100050844,110Â 804,A01,1,1,1,0,2,6,-1,-1, -1,-1,2021,23.0,1,1,0,2,1,2,1,,1,AUTOROUTE A126,0,,3,1,0,1,1,648,1,, -1,1,0,1,70,20,2,2021,12:45,1,91,91161,1,1,0,2,AUTOROUTE A126,48.71142,2.29449,12,2,2
202100004617,193Â 519,C01,1,1,2,5,1,-1,-1,-1, -1,-1,2021,22.0,1,2,0,2,4,2,1,,1,AUTOROUTE A 10,0,,3,6,0,1,542,50,1,, -1,2,3,1,90,5,12,2021,18:08,4,33,33096,1,1,0,4,AUTOROUTE A 10,44.891969,-0.501082,18,9,5
202100028149,151Â 387,A01,10,3,2,5,0,-1,-1,3,3,1,2021,64.0,0,2,0,1,1,1,1,,7,SAINT JEAN (AVENUE DE),0,,2,2,0,1,0,0,1,, -1,1,0,1,50,15,7,2021,17:15,1,13,13028,2,1,0,1,SAINT JEAN (AVENUE DE),43.18901,5.62916,17,2,1
202100049852,112Â 627,B01,2,2,2,5,8,0,-1,-1, -1,-1,2021,32.0,2,2,0,2,4,1,1,,1,A4,0,,3,4,0,1,10,199,1,, -1,1,0,1,110,28,2,2021,14:30,1,94,94017,1,1,0,4,A4,48.8265014578,2.5187302586,14,4,3
202100010267,183Â 354,A01,1,1,1,9,2,8,-1,-1, -1,-1,2021,58.0,1,1,0,4,1,1,1,,7,EMILE ZOLA                          (BD),0,,2,2,0,1,2,0,1,, -1,1,0,1,50,29,10,2021,16:00,1,69,69149,2,1,0,6,EMILE ZOLA (BD),45.7195001452,4.8053904661,16,1,1
202100025800,155Â 572,A01,1,1,1,5,8,-1,-1,0,0,-1,2021,37.0,2,2,0,2,1,13,1,,3,933,0,,2,2,0,1,50,300,1,, -1,2,0,1,80,3,8,2021,20:15,1,47,47121,1,1,1,1,RD 933,44.343947,0.107353,20,2,2
202100008005,187Â 426,B01,1,1,1,0,8,0,-1,0,0,-1,2021,42.0,3,1,0,2,1,1,3,,4,MARCHADIER (RUE ROBERT),0,,2,3,0,1,(1),(1),1,, -1,1,5,1,50,12,11,2021,16:38,1,63,63113,2,3,0,3,MARCHADIER / Monplaisir,45.79504,3.10984,16,2,2
202100016206,172Â 670,B01,1,1,1,2,2,6,-1,-1, -1,-1,2021,17.0,0,1,0,2,3,1,1,,3,BREST (RUE DE),0,,2,2,0,1,1,0,1,, -1,1,0,1,50,28,9,2021,08:05,1,22,22106,2,1,0,1,BREST (RUE DE),48.49481,-2.71499,8,2,2
202100021517,163Â 178,B01,1,1,2,1,0,-1,-1,0,0,-1,2021,48.0,2,0,0,2,7,1,3,,3,943,-1,,2,2,0,1,6,300,3,, -1,1,5,1,50,2,9,2021,07:35,1,65,65304,2,6,0,3,Rue du GÃ©nÃ©ral de Gaulle,43.471151,0.041456,7,2,2
202100012128,180Â 034,B01,1,1,1,0,2,4,-1,0,0,-1,2021,23.0,1,1,0,2,7,1,3,,3,,-1,,2,2,0,4,(1),(1),2,,4,2,5,1,50,21,10,2021,07:35,5,50,50025,2,6,0,1,Rue du Commandant Bindel,48.683364,-1.351957,7,2,2
202100009385,184Â 924,A01,1,1,1,0,1,0,-1,-1, -1,-1,2021,23.0,2,2,4,0,3,1,1,,1,6,0,,1,3,0,1,9,600,3,, -1,1,0,1,110,4,11,2021,21:50,3,91,91689,1,1,0,6,AUTOROUTE A6,48.73859,2.31839,21,1,1
202100013491,177Â 620,B01,1,1,1,1,2,6,-1,-1, -1,-1,2021,19.0,3,1,0,2,1,12,1,,4,GIRATOIRE DE ROME,0,,1,2,0,1,(1),(1),2,, -1,1,5,1,50,8,10,2021,18:20,2,82,82121,2,6,0,3,GIRATOIRE DE ROME,43.98266,1.33152,18,2,2
202100023430,159Â 741,A01,1,1,1,4,1,4,-1,-1, -1,-1,2021,21.0,2,2,4,0,0,2,1,,2,RN157,0,,1,2,0,1,41,0,2,, -1,2,3,3,90,19,8,2021,03:15,3,35,35051,1,9,1,6,RN157,48.11425,-1.56931,3,1,1
202100013507,177Â 585,B01,1,1,1,9,2,0,-1,-1, -1,-1,2021,55.0,3,1,0,2,1,1,1,,4,BOIS BELIN (RUE DU),0,,2,2,0,1,0,0,1,, -1,1,0,1,30,13,10,2021,20:00,5,64,64024,2,2,0,3,Rue des Mouettes,43.49355,-1.5101,20,2,2
202100034268,140Â 486,B01,1,1,1,0,2,0,-1,-1, -1,-1,2021,52.0,3,1,0,2,8,1,5,,4,CAVALIER (RUE DU),0,,2,2,0,1,(1),(1),2,, -1,2,0,1,50,10,6,2021,17:25,1,41,41018,2,1,1,3,CAVALIER (RUE DU),47.60221,1.33518,17,2,2
202100026672,154Â 030,B01,1,1,1,5,2,-1,-1,0,0,-1,2021,52.0,1,0,0,2,4,1,3,,4,,0,,2,2,0,1,(1),(1),1,, -1,1,0,1,50,23,7,2021,09:07,1,12,12176,2,2,0,3,CHATEAU (ROUTE DU),44.39087,2.54006,9,2,2
202100025581,155Â 950,A01,1,1,1,0,8,-1,-1,-1, -1,-1,2021,35.0,3,2,3,0,1,26,1,,4,VERDUN PERRACHE                     (VO),0,,4,5,0,2,(1),(1),2,, -1,2,0,3,50,4,8,2021,05:25,5,69,69382,2,9,1,6,VERDUN PERRACHE (CR),45.7487,4.8283,5,1,1
202100001526,199Â 071,A01,3,2,2,5,1,-1,-1,0,0,-1,2021,54.0,3,2,2,0,1,1,1,,4,0,0,A,2,2,0,2,(1),(1),2,, -1,1,0,3,80,25,12,2021,11:25,1,34,34178,1,1,0,6,Plaine de RÃ©als,43.441815,3.119457,11,3,1
202100043426,124Â 037,A01,1,1,1,4,0,0,-1,-1, -1,-1,2021,49.0,0,5,11,0,3,13,1,,9,ESTUAIRE (ROUTE DE L'),0,,2,2,0,1,(1),(1),1,, -1,1,7,8,50,16,4,2021,22:05,5,76,76351,1,1,0,6,route de l estuaire,49.46332,0.18353,22,1,1
202100056207,101Â 424,A01,1,1,2,5,1,-1,-1,0,0,-1,2021,79.0,3,2,2,0,1,1,1,,4,,-1,,2,2,0,1,(1),(1),1,, -1,1,0,1,-1,6,1,2021,14:45,1,64,64443,1,1,0,7,chemin du bois,43.359525,-0.596824,14,2,1
202100051754,109Â 192,B01,2,2,2,4,1,-1,-1,0,0,-1,2021,34.0,1,5,0,2,4,2,1,,1,10,0,,3,4,0,1,405,700,1,, -1,2,0,1,130,12,2,2021,00:25,3,17,17213,1,1,0,2,AUTOROUTE A 10 PK 405+700 sens Paris/Bordeaux,46.027631,-0.539714,0,3,2
202100045414,120Â 554,A01,10,3,1,0,0,-1,-1,5,1,1,2021,58.0,1,2,0,1,2,17,1,,4,MAURICE ROMAGNON (RUE),0,,2,2,0,1,(1),(1),1,, -1,1,0,1,50,1,4,2021,12:20,1,10,10343,2,1,0,6,MAURICE ROMAGNON (RUE),48.2807558896,4.0891885757,12,2,1
202100028935,150Â 010,A01,1,1,2,5,1,-1,-1,0,0,-1,2021,73.0,2,2,0,2,1,1,1,,3,306,0,D,2,2,0,1,13,800,1,, -1,2,0,1,50,15,7,2021,17:27,1,69,69206,2,1,1,4,LEON FOILLARD (AV),46.052446,4.722147,17,6,4
202100028150,151Â 386,B01,1,1,1,1,2,0,-1,-1, -1,-1,2021,35.0,2,1,0,2,1,1,1,,4,BILLOUX (AVENUE FRANCOIS ),0,,3,4,0,2,0,0,1,, -1,1,0,1,50,19,7,2021,06:15,1,13,13028,2,2,0,1,BILLOUX (AVENUE FRANCOIS ),43.1787,5.59752,6,4,2
202100013044,178Â 429,A01,1,1,1,0,8,0,-1,-1, -1,-1,2021,17.0,3,1,0,2,1,2,3,,4,WILBUR WRIGHT (RUE),0,,2,2,2,2,0,0,1,, -1,1,0,1,50,14,10,2021,13:55,1,72,72181,2,1,0,2,WILBUR WRIGHT (RUE),48.00794,0.19808,13,2,2
202100003919,194Â 750,A01,2,2,1,5,1,-1,-1,0,0,-1,2021,79.0,2,2,0,0,4,23,1,,3,1082,-1,,2,2,0,1,48,550,1,, -1,1,0,1,50,9,12,2021,14:30,1,42,42323,2,1,0,2,Avenue de la LibÃ©ration,45.571575,4.273918,14,3,2
202100004791,193Â 214,A01,1,1,1,5,2,0,-1,-1, -1,-1,2021,22.0,1,1,0,2,1,1,1,,4,MORGIOU (chemin de ),0,,2,2,0,1,(1),(1),1,, -1,1,0,1,50,3,12,2021,20:45,5,13,13209,2,9,0,1,MORGIOU (chemin de ),43.24356,5.40609,20,2,2
202100023936,158Â 847,A01,2,2,1,5,1,-1,-1,0,0,-1,2021,18.0,1,2,2,0,0,1,1,,4,1,0,D,2,2,0,4,132,450,4,, -1,1,0,1,80,14,8,2021,17:30,1,80,80709,1,1,0,6,Rue de Frettecuisse,49.912632,1.824691,17,2,1
202100032779,143Â 183,A01,1,1,2,5,0,-1,-1,0,0,-1,2021,72.0,0,1,0,0,0,5,5,,4,,-1,,1,1,0,2,(1),(1),1,,"3,5",1,0,1,50,19,6,2021,16:40,1,78,78420,2,1,0,7,Chemin du Bois Renoult,48.774003,1.80297,16,1,1
202100048836,114Â 467,A01,1,1,1,1,1,0,-1,-1, -1,-1,2021,20.0,2,2,4,0,1,1,1,,2,RN12,0,,3,6,0,1,24,700,2,, -1,1,0,1,110,8,3,2021,13:50,1,78,78646,1,1,0,6,RN12,48.79298,2.074743,13,1,1
202100046853,118Â 029,A01,1,1,2,1,1,-1,-1,0,0,-1,2021,46.0,0,2,13,0,1,0,1,,3,926,0,D,2,2,0,2,2,580,1,, -1,1,0,1,50,24,3,2021,04:15,3,60,60398,2,1,0,6,146 Rue de la LibÃ©ration,49.185571,2.285312,4,1,1
202100029390,149Â 245,A01,2,2,2,0,1,7,-1,0,0,-1,2021,18.0,1,2,13,0,7,19,1,,3,27,-1,,2,2,0,1,12,352,1,, -1,2,0,1,80,12,7,2021,18:57,1,77,77364,1,2,1,3,D27,49.008164,2.769649,18,4,2
202100003022,196Â 378,A01,10,3,1,9,0,-1,-1,9,3,1,2021,83.0,2,2,0,1,3,1,1,,3,,-1,,2,1,0,1,7,795,1,,3,1,0,1,50,14,12,2021,15:30,1,3,3235,2,3,0,6,Rue Albert Fugier,46.257879,3.511618,15,2,1
202100028978,149Â 930,C01,1,1,1,5,1,0,-1,-1, -1,-1,2021,29.0,0,2,0,2,3,0,0,,7,GARDANNE (ROUTE DE ),0,,-1,2,0,1,0,0,1,, -1,1,0,1,80,14,7,2021,22:50,3,13,13001,1,1,0,1,GARDANNE (ROUTE DE ),43.48805,5.40945,22,10,4
202100013500,177Â 599,B01,1,1,2,0,8,-1,-1,-1, -1,-1,2021,64.0,2,1,0,2,8,2,0,,4,FRANCIS DE PRESSENSE    (Rue),0,,2,2,2,1,(1),(1),1,, -1,1,0,1,50,13,10,2021,17:30,1,69,69266,2,1,0,3,FRANCIS DE PRESSENSE (R),45.77211,4.869,17,2,2
202100036188,137Â 009,A01,1,1,2,3,8,-1,-1,0,0,-1,2021,96.0,1,2,13,0,1,0,1,,3,47,0,B,2,2,0,1,(1),(1),1,, -1,1,0,3,80,4,6,2021,14:30,1,59,59015,1,1,0,6,D47b,50.296692,3.119754,14,1,1
202100054537,104Â 287,B01,1,1,1,5,1,8,-1,-1, -1,-1,2021,57.0,1,2,4,2,6,1,1,,2,RN88,0,,3,4,0,1,35,600,1,, -1,1,0,1,70,19,1,2021,14:10,1,42,42218,1,1,0,3,N88,45.43497,4.43094,14,3,2
202100047965,116Â 004,B01,1,1,1,0,2,0,-1,-1, -1,-1,2021,41.0,1,1,14,0,2,17,0,,3,BARBUSSE (AV. HENRI) DE 126 A FIN COTE P,0,,1,2,0,1,0,1,1,, -1,1,9,1,30,15,3,2021,18:25,1,93,93010,2,9,0,3,BARBUSSE (AV. HENRI) DE 126 A FIN COTE P,48.8996742286,2.497114953,18,2,2
202100023715,159Â 226,B01,1,1,1,0,1,-1,-1,-1, -1,-1,2021,29.0,2,2,0,2,1,1,1,,4,RUE DE LANGLET,0,,3,2,0,1,(1),(1),1,, -1,1,0,1,50,17,8,2021,04:45,5,33,33162,2,3,0,3,RUE DE LANGLET,44.88942,-0.63117,4,2,2
202100013824,176Â 985,B01,2,2,1,0,2,0,-1,-1, -1,-1,2021,9.0,1,1,0,2,1,17,1,,7,BRIAND (AVE ARISTIDE DE 1 A 1219,0,,2,1,0,1,29,0,1,, -1,1,0,1,50,11,10,2021,12:30,1,83,83137,2,1,0,3,BRIAND (AVE ARISTIDE DE 1 A 1219,43.126327,5.899273,12,3,2
202100035899,137Â 520,A01,10,3,2,0,0,-1,-1,9,3,1,2021,58.0,1,2,0,1,1,1,1,,7,GAULLE (AVENUE DU GENERAL DE),0,,2,4,2,1,(1),(1),1,, -1,1,0,1,50,7,6,2021,15:00,1,59,59090,2,1,0,6,GAULLE (AVENUE DU GENERAL DE),50.70644,3.10184,15,2,1
202100027877,151Â 884,A01,1,1,1,0,1,-1,-1,-1, -1,-1,2021,95.0,3,2,14,0,1,1,0,,4,INDUSTRIE (DE L')                   (R ),0,,2,2,0,1,(1),(1),1,, -1,1,0,1,50,20,7,2021,09:45,1,69,69259,2,1,0,6,INDUSTRIE (DE L') (R),45.7090175671,4.882478714,9,1,1
202100022030,162Â 252,B01,1,1,1,5,1,-1,-1,0,0,-1,2021,89.0,1,2,0,2,1,2,1,,3,943,0,D,2,2,0,1,54,300,1,, -1,1,0,1,70,24,8,2021,11:30,1,62,62014,2,1,0,2,D943,50.652658,2.394483,11,2,2
202100030336,147Â 539,Y01,1,1,2,9,2,4,-1,-1, -1,-1,2021,50.0,1,1,0,2,0,26,6,,4,CHARLES DE GAULLE (PLACE),0,,-1,1,0,1,(1),(1),1,, -1,1,0,1,50,6,7,2021,19:10,1,91,91645,2,9,0,3,CHARLES DE GAULLE (PLACE),48.746503,2.266867,19,2,2
202100047295,117Â 226,A01,9,2,2,5,1,-1,-1,0,0,-1,2021,18.0,1,2,5,0,2,15,1,,3,90,0,D,2,2,0,4,19,450,2,, -1,1,9,3,80,20,3,2021,20:00,3,27,27107,1,1,0,6,route de routot,49.38729,0.638307,20,3,1
202100039115,131Â 713,A01,1,1,2,1,1,-1,-1,0,0,-1,2021,50.0,2,2,0,5,1,1,1,,2,RN 165,0,,3,4,0,1,57,500,1,, -1,1,0,1,110,20,5,2021,04:40,3,29,29232,1,1,0,6,N165 - Le Loch,48.01722,-4.08108,4,1,1
202100050303,111Â 783,B01,1,1,1,1,8,-1,-1,-1, -1,-1,2021,26.0,2,1,0,2,1,15,5,,4,BELGES (DES)                        (BD),0,,1,2,3,1,(1),(1),1,, -1,1,0,1,50,24,2,2021,07:30,1,69,69386,2,5,0,3,VITTON (CR),45.76992,4.85714,7,2,2
202100023554,159Â 538,A01,1,1,1,0,1,0,-1,-1, -1,-1,2021,63.0,1,2,0,2,4,12,1,,1,AUTOROUTE A104,0,,3,6,0,1,5,99,1,, -1,2,0,1,110,18,8,2021,10:10,1,93,93078,1,1,0,2,AUTOROUTE A104,48.96217,2.54627,10,2,2
202100046414,118Â 812,A01,1,1,2,0,1,-1,-1,0,0,-1,2021,32.0,1,2,4,2,3,11,1,,2,88,0,N,3,4,0,1,38,200,1,, -1,2,0,1,90,26,3,2021,17:30,1,81,81284,1,1,1,3,N88,43.9150078773,2.1222646505,17,2,2
202100030494,147Â 263,A01,1,1,2,5,1,-1,-1,0,0,-1,2021,73.0,1,2,8,0,1,1,1,,3,938,0,,2,2,0,4,35,0,3,, -1,1,0,3,70,6,7,2021,14:15,1,65,65310,1,1,0,6,Route de la Coume,43.093924,0.185802,14,1,1
202100014286,176Â 164,A01,1,1,1,9,2,-1,-1,0,0,-1,2021,17.0,1,1,1,0,1,1,1,,3,935,-1,,1,2,0,1,60,295,1,, -1,1,0,1,50,8,10,2021,09:00,1,65,65370,2,1,0,2,Rue du Mourrou,43.089576,0.133917,9,2,2
202100020382,165Â 207,B01,2,2,1,1,1,-1,-1,0,0,-1,2021,35.0,1,2,0,2,1,1,1,,3,29,0,,2,2,0,1,6,900,1,, -1,1,5,1,80,7,9,2021,18:30,1,86,86244,1,2,0,3,D29,46.364456,0.103181,18,4,2
202100006493,190Â 197,A01,10,3,2,1,0,-1,-1,4,3,1,2021,17.0,1,2,0,1,2,9,1,,3,15,0,,1,1,0,1,0,0,1,, -1,1,0,1,50,24,11,2021,07:20,2,92,92004,2,1,0,6,VOLTAIRE  ( PLACE ),48.9127250497,2.2961506248,7,2,1