Num_Acc,id_vehicule,num_veh,place,catu,sexe,trajet,secu1,secu2,secu3,locp,actp,etatp,year_acc,victim_age,senc,catv,obs,obsm,choc,manv,motor,occutc,catr,voie,v1,v2,circ,nbv,vosp,prof,pr,pr1,plan,lartpc,larrout,surf,infra,situ,vma,jour,mois,an,hrmn,lum,dep,com,agg_,int,atm,col,adr,lat,long,hour,nb_victim,nb_vehicules
202100005596,191Â 805,A01,10,3,2,9,0,-1,-1,3,3,1,2021,76.0,1,2,0,1,1,1,1,,3,930,-1,,2,2,0,1,26,0,1,, -1,2,0,1,50,30,11,2021,17:58,5,60,60178,2,2,1,6,Avenue du ChÃ¢teau,49.607213,2.077215,17,2,1
202100037040,135Â 491,A01,1,1,1,9,2,6,-1,0,0,-1,2021,33.0,2,1,1,2,1,17,1,,4,AVENUE GAMBETTA,0,,2,2,0,2,(1),(1),1,, -1,1,0,1,50,1,6,2021,09:25,1,75,75120,2,3,0,3,AVENUE GAMBETTA,48.864685,2.394516,9,2,2
202100031633,145Â 211,A01,1,1,1,1,1,-1,-1,0,0,-1,2021,34.0,1,2,1,0,2,1,1,,3,370,0,D,2,2,0,3,3,200,1,, -1,1,0,1,50,30,6,2021,16:40,1,95,95205,2,1,0,6,RD 370,49.022659,2.373825,16,1,1
202100055720,102Â 265,A01,1,1,1,0,8,-1,-1,0,0,-1,2021,34.0,2,2,2,0,1,0,1,,3,559,0,D,2,2,0,2,97,320,3,, -1,2,9,4,50,10,1,2021,13:30,1,83,83115,1,1,1,6,Avenue du GÃ©nÃ©ral Leclerc,43.306484,6.641876,13,1,1
202100049057,114Â 069,A01,1,1,2,0,2,6,-1,-1, -1,-1,2021,41.0,1,1,0,2,7,2,1,,2,11 - RT,0,,1,2,0,1,(1),(1),1,, -1,1,0,1,70,5,3,2021,16:40,1,202,202120,2,1,0,3,11 - RT,42.6559,9.44136,16,2,2
202100015648,173Â 701,A01,10,3,1,5,0,-1,-1,1,3,1,2021,55.0,1,2,0,1,7,1,1,,3,GENERAL GALLIENI (AV DU),0,,2,4,3,1,1,0,1,, -1,2,0,1,50,2,10,2021,19:30,5,94,94042,2,1,1,6,GENERAL GALLIENI (AV DU),48.82006,2.47657,19,2,1
202100000103,201Â 568,C01,1,1,2,1,2,-1,-1,0,0,-1,2021,19.0,3,1,0,2,8,9,1,,4,,-1,,2,2,0,1,(1),(1),1,, -1,1,0,1,50,2,4,2021,19:28,1,35,35095,2,9,0,3,,48.553824,-1.730886,19,2,2
202100012209,179Â 892,B01,2,2,1,1,2,0,-1,-1, -1,-1,2021,29.0,2,1,0,2,5,1,1,,4,REDON (DE),0,,2,2,0,1,0,0,1,, -1,1,0,1,50,19,10,2021,19:15,5,35,35238,2,3,0,3,REDON (DE),48.105056,-1.691546,19,3,2
202100008930,185Â 754,B01,4,2,2,9,1,-1,-1,-1, -1,-1,2021,56.0,2,5,0,2,8,9,1,,4,CHEVREUL                            (R ),0,,1,1,2,1,(1),(1),1,, -1,1,0,1,30,7,11,2021,08:45,1,69,69387,2,2,0,3,CHEVREUL (R),45.74955,4.83745,8,4,2
202100054441,104Â 448,A01,10,3,1,0,0,-1,-1,4,3,1,2021,61.0,1,2,0,1,1,15,1,,7,JOSEPH VALLIER (BOULEVARD),0,,2,2,0,1,56,625,2,, -1,1,0,1,30,19,1,2021,13:15,1,38,38185,2,1,0,6,Boulevard Joseph Vallier,45.18008,5.71107,13,2,1
202100011466,181Â 226,A01,9,2,1,9,8,-1,-1,0,0,-1,2021,0.0,3,2,0,2,6,19,1,,3,857,-1,,2,2,0,1,28,462,1,, -1,2,0,1,50,1,10,2021,20:15,5,35,35068,2,3,1,3,Rue de Rennes,48.104942,-1.411641,20,6,2
202100031375,145Â 665,A01,1,1,1,0,1,-1,-1,0,0,-1,2021,42.0,0,2,8,0,7,1,0,,3,121,-1,D,2,2,0,1,13,900,1,, -1,1,0,1,80,2,7,2021,21:12,1,7,7347,1,1,0,6,D121,45.202285,4.554117,21,2,1
202100024963,157Â 041,B01,1,1,1,5,0,-1,-1,0,0,-1,2021,73.0,1,1,0,2,0,25,5,,3,907,-1,,3,2,0,1,(1),(1),1,, -1,1,0,1,70,3,8,2021,10:15,1,84,84129,1,1,0,7,RD 907 Avenue d'Avignon,43.993092,4.864647,10,2,2
202100051092,110Â 352,B01,1,1,1,5,8,0,-1,-1, -1,-1,2021,59.0,1,1,0,2,6,19,5,,3,JOHN F. KENNEDY (AVENUE),0,,3,2,1,1,0,1,1,, -1,2,0,5,50,18,2,2021,13:10,1,93,93071,2,3,1,3,JOHN F. KENNEDY (AVENUE),48.9364629115,2.5148877095,13,2,2
202100051105,110Â 326,B01,1,1,1,1,1,0,-1,-1, -1,-1,2021,57.0,2,5,0,2,4,2,1,,3,CLICHY (QUAI DE) DE (104 A 202),0,,2,2,0,1,0,0,1,, -1,1,0,1,50,18,2,2021,08:54,1,92,92024,2,2,0,4,CLICHY (QUAI DE) DE (104 A 202),48.9123608708,2.311442667,8,4,3
202100041076,128Â 186,A01,1,1,1,5,1,5,-1,-1, -1,-1,2021,37.0,2,2,13,0,2,17,1,,3,MAISON MEUNIER,0,,2,2,0,1,9,962,1,, -1,1,0,1,50,2,5,2021,17:20,1,77,77433,1,2,0,7,MAISON MEUNIER,48.7491289929,3.0664262596,17,1,1
202100031819,144Â 880,B01,1,1,1,5,1,0,-1,-1, -1,-1,2021,56.0,3,2,2,0,1,0,2,,4,BOIS DE FER (chemin),0,,-1,1,0,1,10,0,1,, -1,1,0,1,50,28,6,2021,17:00,1,974,97409,1,1,0,1,BOIS DE FER (chemin),-20.94248,55.65738,17,2,2
202100028351,151Â 025,B01,1,1,1,5,2,-1,-1,0,0,-1,2021,65.0,1,1,0,2,4,13,5,,7,2209,0,M,2,2,0,1,26,900,1,, -1,1,0,1,80,14,7,2021,11:00,1,6,6025,1,1,0,2,Route des Iscles,43.830425,7.177473,11,2,2
202100052104,108Â 573,B01,1,1,1,0,1,0,0,-1, -1,-1,2021,59.0,1,2,8,2,0,1,1,,3,ROUTE DEPARTEMENTALE 3,0,,2,2,0,2,5,0,1,, -1,1,0,1,700,6,2,2021,10:56,1,972,97213,1,1,0,3,ROUTE DEPARTEMENTALE 3,14.64783,-60.98861,10,2,2
202100047447,116Â 956,A01,1,1,1,0,1,-1,-1,0,0,-1,2021,63.0,1,2,9,0,1,0,1,,3,193,-1,D,2,2,0,1,(1),(1),1,, -1,1,0,3,50,19,3,2021,17:25,1,91,91041,2,1,0,6,10 Route d'Arpajon,48.575376,2.237413,17,1,1
202100055074,103Â 368,B01,1,1,1,1,1,0,-1,-1, -1,-1,2021,44.0,1,2,0,2,4,1,1,,3,LEON GEFFROY (R),0,,3,2,0,2,0,0,1,, -1,1,5,1,50,13,1,2021,16:30,1,94,94081,2,3,0,2,LEON GEFFROY (R),48.782,2.407,16,2,2
202100034126,140Â 764,A01,10,3,1,0,0,-1,-1,9,3,1,2021,22.0,1,2,0,1,1,1,1,,3,JEAN JAURES (AVE) 55 A 129,0,,3,4,0,1,0,1,1,, -1,1,0,1,50,16,6,2021,10:25,1,93,93001,2,1,0,6,JEAN JAURES (AVE) 55 A 129,48.9051,2.39349,10,2,1
202100037753,134Â 184,B01,1,1,1,5,1,0,-1,-1, -1,-1,2021,70.0,1,2,0,2,4,2,1,,2,RN 147,0,,2,2,0,1,48,720,1,, -1,1,0,1,50,27,5,2021,17:00,1,86,86157,2,1,0,4,N147,46.54247,0.41626,17,4,4
202100026140,154Â 968,A01,1,1,1,5,2,-1,-1,-1, -1,-1,2021,60.0,2,1,0,0,0,1,1,,4,BALDE (ALL. JEAN) DU 02 AU 30,0,,2,2,0,2,(1),(1),1,, -1,1,0,1,50,31,7,2021,23:40,3,33,33009,2,1,0,7,BALDE (ALL. JEAN) DU 02 AU 30,44.65173,-1.18013,23,1,1
202100037985,133Â 763,B01,1,1,1,1,2,8,-1,-1, -1,-1,2021,19.0,3,1,0,2,7,1,3,,3,LIBERATION  AV DE LA,0,,1,1,0,1,0,700,2,, -1,1,0,1,50,27,5,2021,07:50,1,69,69115,2,6,0,3,LIBERATION (DE LA) (AV),45.9773012521,4.7077006102,7,2,2
202100045031,121Â 233,B01,2,2,1,0,2,0,-1,-1, -1,-1,2021,0.0,0,1,0,2,0,0,1,,4,PAUL COXE (RUE),0,,2,2,0,1,(1),(1),1,, -1,1,0,1,50,5,4,2021,14:30,1,13,13214,2,1,0,4,PAUL COXE (RUE),43.3467330361,5.3782428269,14,4,3
202100008452,186Â 631,A01,10,3,2,2,0,-1,-1,0,3,1,2021,22.0,1,3,0,1,1,26,3,,4,POIGNY (AVENUE DE),0,,-1,2,3,1,0,0,1,, -1,1,4,8,50,26,10,2021,07:50,5,77,77379,2,8,0,6,POIGNY (AVENUE DE),48.5457423243,3.2876199344,7,2,1
202100038798,132Â 263,A01,1,1,1,0,2,6,-1,-1, -1,-1,2021,57.0,2,1,8,0,1,0,1,,3,2,0,,3,4,0,2,0,0,3,, -1,2,0,1,50,22,5,2021,10:25,1,92,92023,2,1,1,7,CLAUDE TREBIGNAUD (AVENUE) BOIS S102,48.79951,2.25392,10,1,1
202100017442,170Â 449,A01,1,1,2,5,1,0,-1,-1, -1,-1,2021,65.0,1,2,14,2,1,21,1,,3,C.D 916,0,,2,2,0,1,38,455,1,, -1,1,5,1,50,22,9,2021,21:30,3,62,62516,1,6,0,2,C.D 916,50.57864,2.50109,21,2,2
202100007723,187Â 956,A01,1,1,1,4,1,-1,-1,0,0,-1,2021,27.0,1,5,3,2,3,13,1,,3,7,0,N,2,2,0,1,33,500,1,, -1,1,0,1,80,18,11,2021,05:30,3,83,83023,1,1,0,3,DN 7,43.413631389,6.0493898392,5,3,2
202100018367,168Â 797,A01,10,3,2,2,0,-1,-1,3,3,3,2021,16.0,3,2,0,1,1,1,1,,4,ALLENDE (RUE SALVADOR)               002,0,,1,1,0,1,0,0,1,, -1,1,9,1,30,17,9,2021,08:00,1,28,28134,2,1,1,6,ALLENDE (RUE SALVADOR)               002,48.73679,1.34619,8,3,1
202100041414,127Â 576,A01,2,2,2,9,2,6,-1,0,0,-1,2021,22.0,2,1,0,0,0,1,1,,4,RUE REAUMUR,0,,1,3,0,1,(1),(1),1,, -1,1,0,1,50,3,5,2021,23:00,5,75,75102,2,1,0,7,RUE REAUMUR,48.868041,2.344203,23,2,1
202100010183,183Â 501,A01,1,1,2,9,8,0,-1,-1, -1,-1,2021,25.0,3,2,8,0,3,0,1,,3,VAILLANT COUTURIER (AVENUE PAUL),0,,1,2,3,1,0,0,1,, -1,2,6,1,50,30,10,2021,05:05,5,93,93008,2,1,1,3,VAILLANT COUTURIER (AVENUE PAUL),48.90928,2.4488,5,1,1
202100043155,124Â 530,A01,1,1,1,5,2,0,-1,-1, -1,-1,2021,18.0,2,1,16,0,0,1,5,,3,724,0,,2,2,0,1,96,470,1,, -1,2,0,4,50,20,4,2021,16:10,1,56,56083,2,1,0,7,REPUBLIQUE ( AV. DE LA ),47.79841,-3.29486,16,1,1
202100028490,150Â 791,B01,1,1,1,1,2,6,-1,0,0,-1,2021,16.0,1,1,0,2,1,17,1,,4,SABLES CH.ET ALLEE,0,,2,2,0,2,(1),(1),1,, -1,1,0,1,50,17,7,2021,07:30,1,6,6004,2,3,0,3,SABLES CH.ET ALLEE,43.56848,7.11764,7,2,2
202100029998,148Â 174,B01,1,1,1,5,8,8,-1,-1, -1,-1,2021,31.0,1,1,0,2,1,1,1,,4,COTY RENE (RUE),0,,2,1,0,1,0,0,1,, -1,1,0,1,20,8,7,2021,17:46,1,13,13001,2,1,0,1,COTY RENE (RUE),43.53846,5.44863,17,2,2
202100008026,187Â 383,A01,1,1,1,0,1,-1,-1,-1, -1,-1,2021,26.0,3,2,7,0,1,1,1,,4,DASSAULT (AVE MARCEL) (2-51),0,,3,2,2,1,(1),(1),2,, -1,1,0,8,50,15,11,2021,11:15,1,33,33281,2,6,0,6,Avenue Marcel Dassault,44.84856,-0.68352,11,1,1
202100005336,192Â 254,A01,1,1,1,5,2,6,-1,0,0,-1,2021,38.0,0,1,0,0,2,1,1,,4,CORBEAU (RUE CHARLES),0,,2,2,0,1,(1),(1),1,, -1,2,0,1,50,30,11,2021,10:00,1,27,27229,2,1,0,7,CORBEAU (RUE CHARLES),49.02453,1.15088,10,1,1
202100042417,125Â 804,A01,1,1,2,1,1,0,-1,-1, -1,-1,2021,19.0,1,2,4,0,8,1,1,,2,449,0,,1,3,0,1,10,0,1,, -1,1,0,1,70,27,4,2021,05:20,3,91,91521,1,1,0,7,RN 449,48.63544,2.40174,5,1,1
202100051640,109Â 384,B01,1,1,1,0,1,0,-1,-1, -1,-1,2021,28.0,2,2,0,2,4,2,1,,1,AUTOROUTE A3,0,,3,7,0,1,3,99,1,, -1,1,1,1,90,12,2,2021,15:45,1,93,93063,1,1,0,4,A3,48.87885,2.44767,15,4,4
202100029737,148Â 636,A01,1,1,1,0,2,8,-1,-1, -1,-1,2021,38.0,1,1,0,9,1,3,1,,3,BADUEL (ROUTE DE),0,,2,2,2,1,3,500,1,, -1,1,0,1,50,9,7,2021,13:10,1,973,97302,2,1,0,3,BADUEL (ROUTE DE),4.9289,-52.29952,13,2,2
202100005436,192Â 081,B01,1,1,1,4,8,-1,-1,0,0,-1,2021,54.0,1,5,0,2,1,1,1,,2,67,-1,,2,2,0,1,16,750,2,, -1,1,3,1,80,2,12,2021,10:10,1,52,52265,1,1,0,1,N67,48.541841,5.084224,10,2,2
202100023711,159Â 234,B01,4,2,2,5,1,0,-1,-1, -1,-1,2021,1.0,3,2,0,2,4,2,1,,4,MAGINOT (AV. ANDRE),0,,2,4,0,1,(1),(1),1,, -1,1,0,1,50,17,8,2021,15:00,1,37,37261,2,1,0,2,MAGINOT (AV. ANDRE),47.4238015437,0.6982927332,15,3,2
202100004159,194Â 313,A01,1,1,1,0,1,-1,-1,0,0,-1,2021,30.0,2,2,0,2,8,0,1,,3,965,0,,2,2,0,2,87,595,1,,"7,2",7,0,1,80,9,12,2021,07:55,1,89,89254,1,1,0,3,Route de Saint Fargeau,47.697996,3.170816,7,2,2
202100053548,106Â 003,A01,1,1,2,0,8,0,-1,-1, -1,-1,2021,26.0,2,2,4,0,3,1,1,,1,AUTOROUTE A104,0,,3,8,0,1,3,640,3,, -1,2,0,1,90,27,1,2021,00:20,3,93,93078,1,1,1,6,AUTOROUTE A104,48.95802,2.52861,0,1,1
202100043310,124Â 247,A01,10,3,2,0,0,-1,-1,3,3,2,2021,73.0,0,2,0,1,1,15,2,,4,CHAPEAU DE VIOLETTES (RUE DU),0,,1,1,0,3,(1),(1),1,, -1,1,0,1,50,19,4,2021,16:50,1,80,80021,2,1,0,6,CHAPEAU DE VIOLETTES (RUE DU),49.89618,2.29642,16,2,1
202100003118,196Â 192,A01,1,1,1,9,8,0,-1,-1, -1,-1,2021,13.0,1,1,0,2,7,11,5,,4,BARA,0,,2,2,0,1,1,0,1,, -1,1,0,1,50,13,12,2021,19:18,5,49,49353,2,3,0,3,BARA,47.44316,-0.48792,19,2,2
202100050009,112Â 355,B01,1,1,1,9,8,0,-1,-1, -1,-1,2021,17.0,2,1,0,2,0,0,0,,4,GEORGES GUYNEMER,0,,2,1,0,1,0,0,1,, -1,1,0,1,30,26,2,2021,17:35,1,64,64284,2,1,0,1,GEORGES GUYNEMER,43.291443,-0.397796,17,2,2
202100025805,155Â 565,A01,1,1,2,9,1,-1,-1,0,0,-1,2021,60.0,3,2,0,2,8,15,1,,3,46,-1,,2,2,0,1,0,560,1,,4,2,0,1,50,4,8,2021,17:20,1,71,71014,2,3,1,3,Avenue du Morvan,46.9500571968,4.2938922016,17,2,2
202100054650,104Â 106,A01,1,1,1,5,2,6,-1,0,0,-1,2021,15.0,2,1,12,0,1,1,1,,3,D779,0,,2,2,0,1,32,4,2,, -1,1,0,1,50,18,1,2021,17:17,1,3,3102,2,1,0,6,D779 - Route Nationale,46.5242410083,3.678709325,17,1,1
202100020274,165Â 396,A01,10,3,2,5,0,-1,-1,2,3,1,2021,63.0,1,2,0,2,1,1,1,,4,ROOSEVELT (RUE DU PRESIDENT) - PAIR,0,,2,2,0,1,0,0,1,, -1,1,0,1,50,4,9,2021,14:28,1,57,57757,2,1,0,6,ROOSEVELT (RUE DU PRESIDENT) - PAIR,49.34759,6.1948,14,2,1
202100017209,170Â 879,A01,10,3,2,4,0,-1,-1,9,3,1,2021,51.0,3,2,0,1,6,1,1,,6,336,0,D,-1,0,0,1,(1),(1),1,, -1,1,0,1,30,24,9,2021,10:30,1,63,63195,2,1,0,6,28-32 Rue Georges ClÃ©menceau,45.827237,3.373404,10,2,1
202100044445,122Â 243,A01,1,1,1,1,1,0,-1,-1, -1,-1,2021,51.0,2,2,4,0,1,1,1,,3,RD 41 (ROCADE),0,,3,4,0,3,4,699,2,, -1,1,0,1,70,10,4,2021,07:40,1,972,97209,1,1,0,6,RD 41 (ROCADE),14.61129,-61.07877,7,1,1
202100005751,191Â 517,Z01,10,3,2,0,0,-1,-1,3,B,1,2021,63.0,2,2,0,1,2,16,1,,4,GAMBETTA (RUE LEON),0,,1,1,0,1,(1),(1),1,, -1,2,0,1,30,27,11,2021,08:35,2,59,59339,2,1,1,6,GAMBETTA (RUE LEON),50.6805506248,3.2541423654,8,2,1
202100055755,102Â 202,Z01,10,3,1,2,0,-1,-1,2,3,1,2021,14.0,1,2,0,1,0,26,0,,4,ROMARINS RUE DES,0,,2,2,0,1,(1),(1),1,, -1,1,6,1,50,8,1,2021,07:40,2,201,201004,2,1,0,6,ROMARINS RUE DES,41.931247699,8.7330735579,7,2,1
202100036967,135Â 622,A01,10,3,2,3,0,-1,-1,3,3,1,2021,89.0,2,5,0,0,0,1,0,,3,102,0,,-1,4,0,2,0,1,1,, -1,1,0,8,50,28,5,2021,16:25,1,78,78092,2,3,0,6,LOUVECIENNES (ROUTE DE),48.862817,2.139574,16,2,1
202100014556,175Â 685,A01,1,1,2,0,1,0,-1,-1, -1,-1,2021,86.0,3,2,6,0,0,1,1,,4,BAS DU FORT,0,,2,0,0,2,(1),(1),2,, -1,1,0,1,50,7,10,2021,15:00,1,971,97113,1,1,0,6,BAS DU FORT,16.21595,-61.51808,15,1,1
202100004597,193Â 561,B01,1,1,1,5,1,-1,-1,0,0,-1,2021,35.0,1,2,0,2,2,17,1,,7,6,-1,B,2,2,0,1,0,360,1,, -1,1,0,1,50,5,12,2021,19:00,3,13,13015,2,3,0,3,D6b,43.423674,5.389041,19,7,2
202100038870,132Â 144,A01,1,2,2,0,1,0,-1,-1, -1,-1,2021,17.0,0,2,2,2,3,7,6,,3,VAILLANT (AVENUE EDOUARD),0,,1,2,3,1,0,1,1,, -1,1,0,1,50,9,5,2021,00:10,5,93,93008,2,9,0,3,VAILLANT (AVENUE EDOUARD),48.9094047449,2.4675995334,0,5,2
202100033146,142Â 511,A01,10,3,2,5,0,-1,-1,2,5,2,2021,6.0,3,2,0,1,1,26,0,,4,,0,,1,1,0,1,(1),(1),2,, -1,1,0,1,30,21,6,2021,21:15,5,83,83094,2,7,0,6,avenue Leclerc,43.340265,6.5473,21,2,1
202100020786,164Â 490,B01,1,1,1,5,2,-1,-1,0,0,-1,2021,59.0,2,1,0,2,1,1,5,,4,765,0,D,2,2,0,2,(1),(1),1,, -1,1,0,1,50,29,8,2021,11:25,1,29,29233,2,1,0,1,41 Rue de Quimper,47.875168,-3.547104,11,2,2
202100042903,124Â 977,A01,1,1,1,5,2,6,-1,0,0,-1,2021,26.0,2,1,0,2,1,3,1,,4,PORTE DE SAINT OUEN,0,,1,4,0,1,21,100,1,, -1,1,0,1,70,23,4,2021,15:45,1,75,75118,2,1,0,5,PORTE DE SAINT OUEN,48.900819,2.333069,15,3,3
202100037091,135Â 404,A01,9,2,2,5,1,-1,-1,0,0,-1,2021,18.0,1,2,0,0,0,17,1,,2,10,0,,3,2,0,1,132,560,1,, -1,1,0,3,70,30,5,2021,13:00,1,202,202319,1,1,0,7,Figareto,42.416994,9.529095,13,3,1
202100045109,121Â 105,A01,1,1,1,9,1,0,-1,-1, -1,-1,2021,27.0,1,2,8,0,1,14,1,,3,MONTABO (ROUTE DE) 1,0,,2,2,2,1,2,0,2,, -1,1,0,8,50,4,4,2021,06:05,2,973,97302,2,1,0,7,MONTABO (ROUTE DE) 1,4.9422619564,-52.3049786395,6,1,1
202100007779,187Â 845,A01,1,1,1,5,2,-1,-1,-1, -1,-1,2021,41.0,2,1,0,2,5,15,5,,7,MARNE. BOULEVARD DE LA,0,,2,6,3,3,22,900,1,, -1,1,-1,1,50,15,11,2021,21:00,5,76,76540,2,2,0,1,MARNE. BOULEVARD DE LA,49.44717,1.09357,21,2,2
202100000748,200Â 377,A01,10,3,1,5,0,-1,-1,3,3,1,2021,11.0,2,1,0,1,8,16,1,,3,RENAUD (RUE),0,,2,2,0,2,6,850,3,, -1,1,0,1,30,31,12,2021,16:25,1,95,95428,2,4,0,6,RD 144,48.989403008,2.3272776604,16,2,1
202100012293,179Â 760,B01,1,1,1,1,2,-1,-1,0,0,-1,2021,35.0,2,1,0,2,8,1,1,,2,41,-1,,3,4,0,1,13,100,1,, -1,2,0,1,110,19,10,2021,09:00,1,59,59553,1,1,0,3,N41,50.5972452885,2.9357908186,9,2,2
202100038233,133Â 303,B01,1,1,1,0,2,6,-1,-1, -1,-1,2021,57.0,2,1,0,2,1,2,1,,3, G R  PIERRE MENDES-FRANCE ,0,,2,2,0,1,1,0,1,, -1,2,0,1,50,26,5,2021,19:45,1,94,94053,2,9,0,3,GRANDE RUE PIERRE MENDES-FRANCE (R),48.77539,2.54826,19,2,2
202100041740,127Â 002,A01,2,2,2,5,1,0,-1,-1, -1,-1,2021,37.0,1,5,0,2,6,1,1,,1,A7-Sens Lyon vers Marseille,0,,1,3,0,1,267,500,1,, -1,2,0,1,110,1,5,2021,12:24,1,13,13071,1,1,1,2,A7-Sens Lyon vers Marseille,43.4040731486,5.3021907806,12,3,2
202100000471,200Â 864,A01,10,3,2,5,0,-1,-1,9,3,1,2021,55.0,3,2,0,1,1,9,1,,6,GUTENBERG (RUE),0,,-1,-1,0,1,(1),(1),1,, -1,2,0,1,10,14,11,2021,12:10,1,37,37122,2,1,1,6,GUTENBERG (RUE),47.3488856992,0.6479999099,12,3,1
202100048094,115Â 786,A01,1,1,2,3,1,-1,-1,0,0,-1,2021,29.0,1,2,0,0,8,15,1,,3,236,-1,,2,2,0,2,4,950,1,, -1,2,5,1,80,15,3,2021,09:50,1,26,26064,1,3,1,3,Route de Beaumont,44.883607,4.989896,9,2,2
202100004657,193Â 448,A01,1,1,1,5,2,6,9,0,0,-1,2021,53.0,1,1,13,0,7,1,1,,3,4,0,D,2,2,0,2,(1),(1),4,, -1,1,0,3,80,21,8,2021,16:10,1,74,74221,1,1,0,6,Col de la colombiÃ¨re,46.0139371,6.532618,16,1,1
202100043405,124Â 076,A01,10,3,1,5,8,8,-1,4,3,1,2021,52.0,1,2,0,1,2,1,1,,4,BENEBIG (RUE AUGUSTE),0,,2,3,0,2,0,0,1,, -1,1,0,8,50,7,4,2021,23:05,5,988,98818,2,1,0,6,BENEBIG (RUE AUGUSTE),-22.27093,166.45259,23,2,1
202100042541,125Â 587,B01,1,1,1,1,2,6,-1,0,0,-1,2021,45.0,1,1,0,2,1,1,1,,3,33,0,,2,2,0,1,8,440,1,, -1,1,0,1,80,27,4,2021,16:40,1,53,53127,1,1,0,1,La Fontenelle,48.425659,-0.457134,16,2,2
202100015376,174Â 223,B01,1,1,1,0,2,6,-1,0,0,-1,2021,15.0,2,1,0,2,1,17,1,,3,952,0,,2,2,0,1,57,40,1,, -1,1,5,1,50,4,10,2021,18:05,1,37,37123,2,1,0,1,D952,47.3219752446,0.4063181978,18,2,2
202100050855,110Â 776,B01,1,1,1,0,2,8,-1,-1, -1,-1,2021,45.0,1,1,0,2,1,1,1,,4,,0,,2,2,0,1,(1),(1),1,, -1,1,0,1,50,19,2,2021,16:45,1,69,69387,2,3,0,3,GIRONDINS (DES) (R),45.73916,4.82907,16,3,2
202100030320,147Â 567,A01,1,1,1,0,2,6,-1,0,0,-1,2021,30.0,0,1,6,0,1,1,1,,4,,0,,2,2,0,2,(1),(1),2,,4,1,0,4,50,10,3,2021,12:21,1,1,1153,2,1,0,6,1612 Route de Chenaz,46.302373,6.062386,12,1,1
202100027678,152Â 239,A01,10,3,2,0,0,-1,-1,3,3,1,2021,79.0,3,2,0,1,1,15,2,,4,FELIX VIALLET (AVENUE),0,,2,3,0,1,(1),(1),1,, -1,1,0,1,50,21,7,2021,16:40,1,38,38185,2,3,0,6,Avenue Felix Viallet,45.19083,5.71883,16,2,1
202100023922,158Â 875,A01,2,1,2,5,2,6,-1,-1, -1,-1,2021,20.0,3,1,0,2,1,23,1,,3,985,0,,1,2,0,1,0,0,1,, -1,1,0,1,50,27,7,2021,11:20,1,92,92064,2,1,0,2,REPUBLIQUE,48.8444027396,2.2087025642,11,2,2
202100010571,182Â 833,B01,1,1,1,1,2,6,-1,0,0,-1,2021,30.0,1,1,0,2,7,1,1,,4,QUAI VOLTAIRE,0,,2,4,0,1,(1),(1),1,, -1,1,0,1,30,28,10,2021,08:40,1,75,75107,2,3,0,3,QUAI VOLTAIRE,48.858436,2.332785,8,2,2
202100005405,192Â 133,A01,1,1,1,5,8,-1,-1,0,0,-1,2021,59.0,3,2,13,0,2,2,1,,3,150,0,,2,2,0,1,12,570,1,, -1,1,0,3,70,28,11,2021,15:45,1,49,49244,1,1,0,6,La Grande Noue,47.356534,-0.928849,15,1,1
202100032406,143Â 848,A01,2,2,1,5,0,-1,-1,0,0,-1,2021,17.0,2,5,4,0,9,1,1,,1,11,0,A,1,1,0,2,261,800,3,, -1,1,3,1,50,26,6,2021,08:50,1,49,49007,1,1,0,6,bretelle d'accÃ¨s autoroute A11,47.489289,-0.544789,8,2,1
202100001912,198Â 375,B01,1,1,1,0,2,0,-1,-1, -1,-1,2021,43.0,2,1,0,2,3,1,1,,4,WESTERMEYER (R),0,,2,2,0,2,0,0,1,, -1,1,0,1,50,20,12,2021,16:20,2,94,94041,2,2,0,3,WESTERMEYER (R),48.819432,2.397922,16,2,2
202100008645,186Â 293,A01,1,1,2,1,1,-1,-1,0,0,-1,2021,33.0,0,2,13,0,9,17,1,,2,10,0,,2,3,0,1,49,200,1,,"10,5",1,0,8,90,10,11,2021,14:00,1,28,28259,1,1,0,7,N10,48.234478,1.406808,14,1,1
202100007839,187Â 725,B01,1,1,1,4,2,0,0,0,0,-1,2021,31.0,1,1,0,2,0,0,0,,3,ROCADE OUEST (RD 610),0,,1,2,0,1,0,0,3,, -1,2,5,1,50,15,11,2021,12:40,1,10,10362,1,9,1,3,ROCADE OUEST (RD 610),48.30248,4.02826,12,2,2
202100005575,191Â 836,A01,10,3,2,5,0,-1,-1,3,3,2,2021,70.0,3,2,0,1,1,1,1,,4,,-1,,3,2,0,1,(1),(1),1,, -1,2,0,6,50,24,11,2021,16:05,1,40,40065,2,1,0,6,Boulevard des Cigales,43.640644,-1.425655,16,2,1
202100037687,134Â 296,B01,1,1,2,1,1,0,0,0,0,-1,2021,29.0,2,2,0,2,8,1,1,,1,8,-1,,1,4,0,2,214,100,3,, -1,1,0,1,110,21,5,2021,21:40,3,6,6104,1,1,1,3,A8 PK 214.100 chaussÃ©e nord,43.760843,7.44607,21,3,2
202100017616,170Â 130,B01,1,1,1,9,8,0,-1,-1, -1,-1,2021,19.0,1,1,0,2,2,1,0,,4,DE LA BALANCE (CHEMIN),0,,2,2,0,1,0,0,3,, -1,1,0,1,50,20,9,2021,16:00,1,971,97101,1,4,0,1,DE LA BALANCE (CHEMIN),16.29191,-61.49248,16,2,2