Num_Acc,id_vehicule,num_veh,place,catu,sexe,trajet,secu1,secu2,secu3,locp,actp,etatp,year_acc,victim_age,senc,catv,obs,obsm,choc,manv,motor,occutc,catr,voie,v1,v2,circ,nbv,vosp,prof,pr,pr1,plan,lartpc,larrout,surf,infra,situ,vma,jour,mois,an,hrmn,lum,dep,com,agg_,int,atm,col,adr,lat,long,hour,nb_victim,nb_vehicules
202100053893,105Â 415,B01,1,1,1,1,2,6,-1,0,0,-1,2021,55.0,1,1,0,0,4,1,1,,4,,-1,,2,2,0,2,(1),(1),1,, -1,7,0,1,30,25,1,2021,07:00,2,69,69043,2,2,0,2,PIERRE PHILIPPE REYDELLET (BD),45.70467,4.752386,7,2,2
202100004163,194Â 309,B01,1,1,1,5,2,6,-1,0,0,-1,2021,38.0,1,1,0,2,1,17,1,,9,2565,0,M,2,2,0,1,7,600,3,, -1,1,0,1,80,4,12,2021,12:00,1,6,6151,1,1,0,1,M2565,43.902222,7.253895,12,3,2
202100046392,118Â 847,A01,10,3,1,5,0,-1,-1,2,3,2,2021,6.0,3,2,0,1,3,1,1,,4,AV BOILEAU,0,,2,2,0,1,1,0,1,, -1,1,0,1,50,27,3,2021,14:50,1,94,94019,2,1,0,6,Avenue Boileau,48.80634,2.55417,14,2,1
202100023570,159Â 509,A01,2,2,2,0,1,-1,-1,0,0,-1,2021,91.0,2,2,0,2,3,5,1,,2,RN 25,0,,2,4,0,1,0,699,1,, -1,1,0,1,110,16,8,2021,16:40,1,80,80489,2,1,0,5,RN 25,49.8690901963,2.3734214308,16,8,6
202100015659,173Â 678,A01,1,1,1,0,2,6,-1,-1, -1,-1,2021,18.0,2,1,1,0,1,1,1,,3,KENNEDY (AVENUE JOHN FITZGERALD),0,,3,4,0,1,0,1,1,, -1,2,0,1,50,2,10,2021,07:40,2,93,93013,2,1,0,6,Avenue John Fitzgerald Kennedy,48.93859,2.42602,7,1,1
202100050821,110Â 840,B01,1,1,1,5,2,6,-1,0,0,-1,2021,49.0,2,1,12,2,8,2,5,,3,131,-1,,1,1,0,1,11,330,2,, -1,1,5,1,50,21,2,2021,09:00,1,53,53229,2,6,0,3,rue de la mairie,48.13022,-0.751032,9,2,2
202100029781,148Â 553,A01,10,3,2,5,0,-1,-1,2,3,1,2021,58.0,0,2,0,1,3,15,1,,6,LOUVOIS (ROUTE DE) CORA,0,,-1,-1,0,1,(1),(1),1,, -1,1,0,1,30,9,7,2021,11:00,1,51,51172,2,9,0,7,Route de Louvois,49.21521,4.05238,11,2,1
202100016323,172Â 462,B01,1,1,2,4,0,-1,-1,0,0,-1,2021,27.0,1,5,0,2,3,1,1,,4,2,0,C,2,2,0,1,(1),(1),1,, -1,1,0,1,80,29,9,2021,13:15,1,71,71025,1,1,0,1,lieu dit les Carges,46.403702,4.413103,13,2,2
202100006947,189Â 351,B01,2,2,1,5,1,0,-1,-1, -1,-1,2021,37.0,1,2,0,2,3,1,2,,4,MACON (R DE),0,,2,2,0,1,25,0,1,, -1,2,0,1,50,21,11,2021,12:50,1,94,94002,2,2,1,3,Rue de MÃ¢con,48.78587,2.4296,12,3,2
202100034756,139Â 585,A01,1,1,1,0,2,-1,-1,-1, -1,-1,2021,18.0,2,1,0,2,7,19,1,,4,RUE RONSARD,0,,1,1,0,1,(1),(1),1,, -1,1,0,1,30,12,6,2021,14:20,1,33,33522,2,7,0,3,RUE REMI BELLEAU,44.79555,-0.6014,14,2,2
202100014736,175Â 369,A01,1,1,1,0,2,0,-1,-1, -1,-1,2021,44.0,2,1,0,2,1,3,1,,1,A13,0,,-1,3,0,1,9,399,1,, -1,1,0,1,110,7,10,2021,09:15,1,78,78158,1,1,0,2,A13,48.831766,2.142014,9,2,2
202100029899,148Â 358,A01,1,1,1,5,1,-1,-1,0,0,-1,2021,36.0,2,2,0,2,1,1,1,,3,728,0,D,2,2,0,1,37,599,1,, -1,1,0,1,50,10,7,2021,07:35,1,17,17219,2,1,0,1,"Route de Bourcefranc ""La Chainade""",45.832044,-1.124275,7,2,2
202100041848,126Â 818,A01,10,3,1,5,0,-1,-1,1,3,1,2021,4.0,3,2,0,1,1,1,1,,9,,-1,,2,2,0,1,(1),(1),1,,4,1,0,1,30,1,5,2021,19:30,1,27,27467,2,1,0,6,face au 400 rue du haut,49.34454,0.526845,19,2,1
202100036830,135Â 868,A01,1,1,1,5,2,8,-1,0,0,-1,2021,22.0,1,1,0,2,1,3,1,,4,BOULEVARD PERIPHERIQUE,0,,2,4,0,1,23,600,1,, -1,1,0,1,70,31,5,2021,17:58,1,75,75118,2,1,0,4,BOULEVARD PERIPHERIQUE,48.900682,2.367073,17,4,3
202100006194,190Â 739,B01,1,1,1,0,2,6,-1,-1, -1,-1,2021,37.0,2,1,0,2,2,3,1,,1,AUTOROUTE A6,0,,3,6,0,1,20,450,1,, -1,1,0,1,110,26,11,2021,09:25,1,91,91687,1,1,0,3,AUTOROUTE A6,48.66,2.3728,9,2,2
202100040279,129Â 610,B01,1,1,1,5,2,6,-1,0,0,-1,2021,66.0,1,1,0,2,2,1,1,,3,6,0,,2,1,0,1,1,500,1,, -1,1,0,1,70,13,5,2021,13:10,1,30,30294,1,1,0,3,Route de Bagnols,44.130363,4.124068,13,2,2
202100028974,149Â 938,B01,1,1,1,5,0,-1,-1,0,0,-1,2021,32.0,2,1,0,0,0,0,5,,4,MASSE (RUE DE LA),0,,2,2,2,4,1,0,1,, -1,1,0,1,50,14,7,2021,19:42,1,14,14118,2,2,0,3,Rue de la Masse,49.18529,-0.34505,19,2,2
202100023015,160Â 488,A01,10,3,1,9,0,-1,-1,2,9,1,2021,21.0,0,3,0,1,8,15,1,1.0,4,CHARLES DE GAULLE (DE)            PL,0,,2,2,0,1,(1),(1),2,, -1,1,0,1,50,22,7,2021,19:30,2,69,69081,2,9,0,6,CHARLES DE GAULLE (DE) ( PL),45.77475,4.77813,19,2,1
202100025484,156Â 113,B01,1,1,2,9,8,0,-1,0,0,-1,2021,26.0,1,1,0,2,8,1,5,,4,RUE SAINT MAUR,0,,1,1,0,1,(1),(1),1,, -1,1,0,1,30,5,8,2021,20:20,1,75,75111,2,3,0,6,RUE SAINT MAUR,48.8635539958,2.3788929702,20,2,2
202100052405,108Â 039,A01,1,1,1,0,1,0,-1,-1, -1,-1,2021,35.0,2,5,0,2,4,23,1,,4,MACON (ROUTE DE),0,,2,2,0,1,1,0,1,, -1,1,0,1,50,4,2,2021,10:40,1,71,71040,2,1,0,2,MACON (ROUTE DE),46.68438,4.39018,10,2,2
202100018965,167Â 739,B01,1,1,2,0,8,0,-1,-1, -1,-1,2021,23.0,1,2,0,0,4,23,1,,3,REPUBLIQUE (AVENUE DE LA),0,,2,4,0,1,0,0,1,, -1,1,0,1,50,13,9,2021,18:40,1,28,28218,2,1,0,2,REPUBLIQUE (AVENUE DE LA),48.44053,1.47033,18,3,3
202100046000,119Â 531,A01,1,1,1,0,2,0,-1,-1, -1,-1,2021,30.0,2,1,0,2,1,1,1,,4,"VICTOR HUGO (BOULEVARD, NÂ° 9 A 49 ET 16",0,,2,2,0,1,0,0,1,, -1,1,0,1,50,28,3,2021,19:15,1,92,92051,2,3,0,5,"VICTOR HUGO (BOULEVARD, NÂ° 9 A 49 ET 16",48.8912318571,2.2752622515,19,4,4
202100010444,183Â 055,B01,1,1,1,5,1,-1,-1,0,0,-1,2021,65.0,3,2,1,2,1,1,1,,4,,-1,,2,2,0,1,0,0,1,,4,1,0,1,50,27,10,2021,17:25,1,49,49020,1,1,0,1,Chemin Rural Dit du Pont,47.457962,-0.641436,17,3,2
202100010261,183Â 363,A01,10,3,1,0,0,-1,-1,3,3,1,2021,59.0,3,3,0,1,1,16,1,1.0,4,CHAMPLAIN. AVENUE,0,,1,3,3,1,0,0,1,, -1,2,-1,1,30,29,10,2021,21:30,3,76,76540,2,2,0,6,CHAMPLAIN. AVENUE,49.4347,1.09347,21,2,1
202100054043,105Â 145,A01,10,3,2,5,0,-1,-1,2,3,1,2021,49.0,1,2,0,1,1,20,1,,4,CHESNOIS (RUE DES),0,,1,1,0,1,0,0,1,, -1,1,0,1,30,22,1,2021,15:40,1,77,77305,2,1,0,6,CHESNOIS (RUE DES),48.39602,2.95652,15,2,1
202100047638,116Â 603,A01,1,1,2,0,1,8,-1,-1, -1,-1,2021,51.0,3,2,0,2,3,1,1,,4,GAIA (rd point),0,,1,2,0,3,(1),(1),2,, -1,1,0,1,50,16,3,2021,10:30,1,13,13211,2,3,0,3,GAIA (rd point),43.2967,5.4765,10,2,2
202100011137,181Â 826,A01,10,3,2,5,0,-1,-1,4,3,1,2021,48.0,2,2,0,1,1,1,1,,3,6089,0,D,2,2,0,1,95,10,1,, -1,1,6,1,30,22,10,2021,23:00,5,24,24543,2,1,0,6,D6089,45.051347,0.395663,23,2,1
202100050971,110Â 572,A01,1,1,1,4,2,-1,-1,0,0,-1,2021,34.0,3,1,0,2,1,1,1,,4,,-1,,2,2,0,2,(1),(1),1,, -1,1,0,1,50,20,2,2021,09:30,1,42,42246,2,2,0,1,Rue de la Madone,45.320941765,4.6227293462,9,2,2
202100053782,105Â 614,A01,7,2,1,5,0,-1,-1,0,0,-1,2021,32.0,1,2,3,0,7,1,1,,1,85,0,A,1,4,0,1,180,500,2,, -1,7,0,2,130,23,1,2021,11:00,1,41,41185,1,9,1,2,autoroute A.85 PK 180+500,47.329277,1.717123,11,4,2
202100023913,158Â 889,B01,1,1,1,5,2,0,-1,0,0,-1,2021,29.0,1,1,0,2,3,18,1,,4,PLACE DU CHATELET,0,,2,3,3,1,(1),(1),1,, -1,1,0,6,50,16,8,2021,00:40,5,75,75101,2,2,0,3,PLACE DU CHATELET,48.8572384368,2.3471130612,0,2,2
202100002561,197Â 203,A01,1,1,2,5,1,-1,-1,-1,0,-1,2021,30.0,2,2,3,0,2,1,1,,2,RN 184,0,,3,4,0,1,5,0,2,, -1,1,0,1,90,17,12,2021,07:50,3,95,95572,1,1,0,6,RN 184,49.04519,2.12993,7,1,1
202100012306,179Â 737,A01,1,1,1,1,1,-1,-1,0,0,-1,2021,19.0,1,2,0,2,1,13,1,,4,3,-1,,2,2,0,2,(1),(1),3,, -1,2,0,1,80,18,10,2021,18:00,1,29,29302,1,9,1,1,Lieu-Dit Moulin de Kergaeric,48.257006,-4.11181,18,2,2
202100013595,177Â 419,A01,1,1,1,5,8,0,-1,-1, -1,-1,2021,18.0,1,1,0,2,1,19,1,,3,HUIT MAI 1945 (AVENUE DU),0,,2,2,2,2,0,0,1,, -1,1,0,1,50,12,10,2021,05:40,5,91,91477,2,2,0,3,HUIT MAI 1945 (AVENUE DU),48.708467,2.241272,5,2,2
202100032851,143Â 048,A01,10,3,1,5,0,-1,-1,1,3,1,2021,18.0,2,2,0,1,3,1,1,,4,PYRENEES (BOULEVARD DES),0,,2,4,0,1,0,0,1,, -1,1,0,1,50,19,6,2021,22:33,5,66,66136,2,1,0,6,PYRENEES (BOULEVARD DES),42.69613,2.88834,22,2,1
202100048771,114Â 588,A01,1,1,2,1,1,8,-1,0,0,-1,2021,39.0,1,2,5,0,1,14,1,,4,PORT DE BERCY,0,,-1,4,0,1,(1),(1),1,, -1,1,0,1,70,8,3,2021,09:00,1,75,75112,2,4,0,6,PORT DE BERCY,48.827911,2.394626,9,1,1
202100004003,194Â 585,A01,2,2,2,0,1,-1,-1,-1, -1,-1,2021,26.0,0,2,8,0,0,0,1,,3,AMIRAL MOUCHEZ (BD),0,,2,2,0,1,0,0,1,, -1,1,0,1,50,6,12,2021,23:00,5,76,76351,2,1,0,6,AMIRAL MOUCHEZ (BD),49.48769,0.14684,23,2,1
202100046349,118Â 924,A01,1,1,1,0,2,6,-1,-1, -1,-1,2021,36.0,2,1,0,2,3,17,1,,4,AVIATION (ROUTE DE L'),0,,2,2,0,1,0,0,1,, -1,1,0,1,50,27,3,2021,14:30,1,64,64024,2,1,0,3,rue de pichot,43.4645317131,-1.5336455405,14,3,2
202100030983,146Â 361,A01,10,3,2,0,0,-1,-1,2,3,1,2021,58.0,0,2,0,1,1,15,1,,4,BRIGITTE GROS (PLACE),0,,2,2,0,1,(1),(1),2,, -1,2,0,1,50,4,7,2021,00:25,5,78,78401,2,7,1,6,BRIGITTE GROS (PLACE),49.004766,1.910462,0,2,1
202100049633,113Â 023,A01,1,1,1,9,2,8,-1,-1, -1,-1,2021,32.0,2,1,12,0,3,13,1,,4,AMPERE (RUE),0,,2,2,0,1,0,0,3,, -1,1,0,4,50,1,3,2021,20:55,5,61,61001,2,1,0,6,AMPERE (RUE),48.44091,0.09277,20,1,1
202100033438,142Â 004,B01,2,2,1,0,1,0,-1,-1, -1,-1,2021,29.0,1,2,0,2,4,23,1,,3,GALLIENI (AV.) DE 111 A 175,0,,1,3,0,1,1,0,1,, -1,2,0,1,50,19,6,2021,21:35,1,93,93010,2,1,1,2,GALLIENI (AV.) DE 111 A 175,48.90643,2.48481,21,4,3
202100024309,158Â 215,A01,1,1,1,5,2,0,-1,0,0,-1,2021,30.0,1,1,1,0,1,1,5,,4,RUE SOUFFLOT,0,,2,2,0,2,(1),(1),1,, -1,1,0,1,30,12,8,2021,23:40,5,75,75105,2,2,0,6,RUE SOUFFLOT,48.846916,2.34284,23,1,1
202100041479,127Â 464,A01,1,1,1,0,1,0,-1,-1, -1,-1,2021,34.0,1,4,0,2,1,2,1,,1,AUTOROUTE A86,0,,3,10,0,1,12,600,1,, -1,1,0,1,90,3,5,2021,12:30,1,93,93066,1,1,0,2,AUTOROUTE A86,48.92481,2.34053,12,2,2
202100035388,138Â 458,A01,1,1,1,3,2,-1,-1,0,0,-1,2021,38.0,1,1,0,2,1,2,1,,4,,0,,-1,2,0,1,(1),(1),2,, -1,1,0,1,50,9,6,2021,14:40,1,85,85047,2,6,0,2,Rue de Saint-Jean de Monts,46.844181,-1.887202,14,2,2
202100018944,167Â 783,A01,1,1,1,2,2,6,-1,-1, -1,-1,2021,16.0,3,1,0,2,1,19,1,,4,MENDES FRANCE ECOLE,0,,-1,4,0,1,(1),(1),1,, -1,1,0,1,50,13,9,2021,07:40,2,59,59410,2,2,0,3,MENDES FRANCE ECOLE,50.6460274676,3.1136342657,7,2,2
202100018217,169Â 041,B01,1,1,1,5,2,-1,-1,0,0,-1,2021,16.0,1,1,0,2,1,1,1,,3,928,0,,2,2,0,1,27,0,2,, -1,1,5,1,70,18,9,2021,21:00,3,62,62726,1,1,0,1,RD 928,50.48429,2.125275,21,2,2
202100025936,155Â 323,B01,1,1,1,5,2,-1,-1,0,0,-1,2021,18.0,0,1,0,0,4,23,1,,4,,-1,,2,2,0,1,(1),(1),1,,4,1,0,1,50,2,8,2021,20:59,2,34,34183,2,1,0,2,Boulevard de Cantaussel,43.28527,3.13002,20,2,2
202100019732,166Â 374,Z01,10,3,2,5,0,-1,-1,2,3,2,2021,70.0,1,1,0,1,7,1,5,,4,RUE D ABOUKIR,0,,2,2,0,1,(1),(1),1,, -1,1,0,1,30,9,9,2021,11:34,1,75,75102,2,7,0,6,RUE D ABOUKIR,48.8682576478,2.348620234,11,2,1
202100007429,188Â 476,D01,1,1,1,1,2,6,-1,-1, -1,-1,2021,45.0,1,1,0,2,1,1,1,,1,A4,0,,-1,5,0,1,3,0,1,, -1,1,0,1,90,19,11,2021,19:35,3,94,94069,1,1,0,6,A4,48.8172046066,2.428517825,19,5,5
202100034059,140Â 881,A01,2,2,1,5,1,0,-1,-1, -1,-1,2021,27.0,1,2,1,0,2,1,1,,4,CHAGALL (AVENUE MARC),0,,2,2,0,1,(1),(1),2,, -1,1,0,1,50,16,6,2021,02:46,5,37,37261,2,1,0,6,CHAGALL (AVENUE MARC),47.4146840134,0.6822490998,2,2,1
202100030726,146Â 837,B01,1,1,1,0,8,0,-1,-1, -1,-1,2021,20.0,3,1,0,2,7,19,5,,4,SACRE COEUR (RD POINT) -RIV. DES GALETS ,0,,1,2,1,1,0,0,1,, -1,1,0,1,20,29,6,2021,15:20,1,974,97407,2,9,0,3,SACRE COEUR (RD POINT) -RIV. DES GALETS ,-20.95528,55.31169,15,2,2
202100051325,109Â 929,B01,1,1,1,0,1,0,-1,-1, -1,-1,2021,56.0,2,2,0,2,2,1,1,,4,R MAURICE DEMENITROUX,0,,-1,1,0,1,1,0,2,, -1,2,5,1,30,15,2,2021,08:45,2,94,94028,2,9,0,1,DEMENITROUX(RUE MAURICE),48.78754,2.45595,8,2,2
202100041189,127Â 974,A01,1,1,1,1,2,6,-1,0,0,-1,2021,59.0,1,1,0,2,1,9,1,,4,1,0,A,2,2,0,1,0,400,3,, -1,1,0,1,50,5,5,2021,21:38,5,38,38034,2,1,0,1,Chemin du Pouloux,45.332313,5.060408,21,2,2
202100001696,198Â 758,B01,2,2,2,0,2,-1,-1,-1, -1,-1,2021,19.0,1,1,0,2,8,1,1,,4,JULES COURMONT                      (QU),0,,1,6,3,1,(1),(1),1,, -1,1,0,1,50,22,12,2021,17:17,5,69,69382,2,1,0,3,JULES COURMONT (Q),45.7591,4.83736,17,3,2
202100035339,138Â 540,A01,10,3,1,2,8,8,-1,9,B,1,2021,16.0,0,1,0,1,1,26,0,,4,IRIS (ALLEE DES),0,,-1,0,3,1,0,0,1,, -1,1,6,6,10,10,6,2021,14:15,1,93,93071,2,1,0,6,Allee des Iris,48.946641,2.536446,14,2,1
202100050787,110Â 902,A01,1,1,1,5,1,-1,-1,0,0,-1,2021,44.0,3,2,17,0,2,14,1,,4,,-1,,2,2,0,1,(1),(1),2,, -1,1,0,3,80,20,2,2021,18:25,2,9,9167,1,1,1,6,Lieu-dit l'OrÃ©e du Bois,43.277578,1.318429,18,2,1
202100040344,129Â 491,B01,1,1,1,5,1,-1,-1,-1, -1,-1,2021,69.0,1,2,0,2,8,1,1,,4,AVE FELIX CAILLEAU,0,,3,4,0,3,(1),(1),2,, -1,1,0,1,50,9,5,2021,09:25,1,33,33032,2,4,0,3,Avenue FÃ©lix Cailleau,44.90397,-0.51813,9,2,2
202100008021,187Â 395,A01,1,1,2,0,8,0,-1,-1, -1,-1,2021,20.0,1,1,0,2,3,19,3,,7,FOCH (BOULEVARD MAL) (1 A 37-56),0,,2,2,0,1,(1),(1),1,, -1,1,0,1,50,15,11,2021,12:35,1,38,38185,2,1,0,3,FOCH (BOULEVARD MAL) (1 A 37-56),45.182,5.7271,12,2,2
202100005285,192Â 339,B01,1,1,1,9,8,0,-1,-1, -1,-1,2021,31.0,2,1,0,2,1,19,3,,4,8 MAI 1945 RUE DU,0,,2,2,0,1,(1),(1),1,, -1,1,0,1,50,29,11,2021,17:10,5,59,59560,2,3,0,3,8 MAI 1945 RUE DU,50.559063,3.028536,17,2,2
202100023982,158Â 767,A01,1,1,2,5,1,4,-1,-1,0,-1,2021,20.0,2,2,3,2,1,1,1,,2,RN 104,0,,1,4,0,1,19,299,1,, -1,1,0,1,110,16,8,2021,06:30,2,95,95241,1,1,0,6,RN 104,49.04768,2.46637,6,1,1
202100031618,145Â 238,A01,10,3,2,3,8,8,-1,1,9,1,2021,55.0,0,2,0,1,7,1,1,,6,PARINOR,0,,-1,-1,0,1,0,0,1,, -1,1,0,1,30,30,6,2021,18:25,1,93,93005,2,1,0,6,Centre Commercial Parinor,48.95812,2.4769,18,2,1
202100028999,149Â 895,B01,1,1,1,5,2,0,-1,-1, -1,-1,2021,34.0,2,1,14,2,1,1,1,,3,ARISTIDE BRIAND AVENUE,0,,2,4,0,1,1,0,1,, -1,1,5,1,50,14,7,2021,20:20,1,93,93046,2,9,0,3,Avenue Aristide Briand,48.911463,2.518285,20,2,2
202100022839,160Â 787,A01,10,3,2,5,0,-1,-1,2,3,1,2021,15.0,2,4,0,1,2,26,1,,3,78,0,,2,2,0,1,0,1022,1,, -1,1,0,1,50,23,8,2021,18:25,1,77,77246,1,1,0,6,D78,48.585579,3.368565,18,2,1
202100042451,125Â 739,B01,1,1,2,5,8,-1,-1,-1, -1,-1,2021,43.0,3,1,0,2,1,1,5,,3,RN6 (CHARTONNIERE),0,,1,1,0,1,(1),(1),2,, -1,1,0,1,50,25,4,2021,12:00,1,69,69013,2,6,0,3,RN6 (CHARTONNIERE),46.00826,4.71982,12,2,2
202100052708,107Â 517,A01,10,3,2,5,0,-1,-1,2,3,1,2021,13.0,1,2,0,1,1,1,2,,4,GENERAL LECLERC (BD DU) (9 A 59)   (4 A,0,,-1,1,0,1,0,0,1,, -1,1,0,1,50,3,2,2021,13:10,1,92,92024,2,3,0,6,GENERAL LECLERC (BD DU) (9 A 59)   (4 A,48.9023564252,2.3138988018,13,2,1
202100043023,124Â 771,A01,10,3,1,0,0,-1,-1,4,3,1,2021,33.0,1,2,0,1,7,1,1,,4,LOBAU (BOULEVARD),0,,2,4,0,1,(1),(1),1,, -1,1,0,1,50,22,4,2021,11:05,1,54,54395,2,1,0,6,LOBAU (BOULEVARD),48.68165,6.19768,11,2,1
202100046228,119Â 140,A01,4,2,1,5,1,-1,-1,-1, -1,-1,2021,34.0,1,2,12,0,3,13,1,,4,GROSLAY (BD DE JUSQU'AU NÂ°23),0,,2,2,0,2,(1),(1),3,, -1,1,0,4,50,27,3,2021,20:45,5,35,35115,2,1,0,6,GROSLAY (BD DE),48.36504,-1.18486,20,3,1
202100003287,195Â 888,A01,10,3,2,5,8,-1,-1,3,3,1,2021,90.0,1,2,0,1,1,1,1,,3,2,0,D,2,2,0,1,2,757,1,, -1,1,9,1,50,14,12,2021,11:30,1,31,31232,2,1,1,6,Avenue Lazare Carnot,43.769413,1.295271,11,2,1
202100026679,154Â 018,A01,1,1,1,4,8,0,-1,0,0,-1,2021,36.0,2,1,0,0,0,16,3,,4,AVENUE DE LA PORTE DE CLICHY,0,,2,5,3,1,(1),(1),1,, -1,8,0,6,50,28,7,2021,12:00,1,75,75117,2,4,0,7,AVENUE DE LA PORTE DE CLICHY,48.894609,2.312859,12,1,1
202100043027,124Â 765,B01,2,2,2,9,1,0,-1,-1, -1,-1,2021,19.0,1,2,0,2,3,0,1,,4,,0,,-1,2,0,1,1,0,1,, -1,1,0,1,50,19,4,2021,11:20,1,49,49007,2,1,0,3,GATS,47.47443,-0.51785,11,3,2
202100027219,153Â 063,A01,10,3,2,4,0,-1,-1,2,3,1,2021,40.0,1,5,0,1,1,15,0,,4,MONTREDON (AVENUE DE),0,,1,3,1,2,0,0,1,, -1,1,0,1,50,24,7,2021,11:15,1,13,13208,2,1,0,1,MONTREDON (AVENUE DE),43.2421084012,5.3690072541,11,2,1
202100011925,180Â 408,A01,10,3,1,9,0,-1,-1,6,6,1,2021,44.0,2,2,0,1,1,1,1,,3,D1250,0,,2,2,2,1,12,160,1,, -1,1,0,3,50,20,10,2021,20:25,5,33,33122,2,1,0,6,20 Avenue du MarÃ©chal de Lattre de Tassigny,44.781278,-0.691101,20,2,1
202100035053,139Â 038,A01,10,3,1,5,0,-1,-1,2,5,2,2021,2.0,1,1,0,1,3,1,1,,4,RUE DUTOT,0,,2,2,0,1,(1),(1),1,, -1,1,0,1,30,10,6,2021,13:05,1,75,75115,2,2,0,6,RUE DUTOT,48.83866,2.308769,13,3,1
202100024702,157Â 488,A01,1,1,1,5,2,6,-1,-1, -1,-1,2021,25.0,2,1,0,2,0,17,1,,1,A86 EXT,0,,-1,3,0,1,36,700,1,, -1,1,0,1,90,11,8,2021,12:00,1,94,94046,1,1,0,6,A86 EXT,48.8107024269,2.4491754571,12,1,1
202100050156,112Â 067,B01,1,1,1,1,2,6,-1,-1, -1,-1,2021,41.0,0,1,0,2,5,1,1,,4,,0,,-1,2,0,1,(1),(1),1,, -1,1,5,1,50,25,2,2021,09:25,1,85,85194,2,6,0,3,RUE SIMONE VEIL,46.49972,-1.75653,9,2,2
202100051297,109Â 985,A01,10,3,2,5,0,-1,-1,5,1,1,2021,62.0,1,2,0,1,3,13,1,,4,BOUET (DE 1 A 33 ET 2 A 18),0,,2,1,0,1,(1),(1),1,, -1,2,0,1,50,14,2,2021,16:40,1,29,29019,2,1,1,6,Rue Bouet,48.414509,-4.495354,16,2,1
202100044823,121Â 596,B01,1,1,1,1,2,0,-1,-1, -1,-1,2021,56.0,3,1,0,2,8,1,5,,4,CHARTRAIN (FAUBOURG),0,,-1,2,0,1,(1),(1),1,, -1,1,0,1,50,7,4,2021,05:10,2,41,41269,2,3,0,1,CHARTRAIN (FAUBOURG),47.80184,1.07011,5,2,2
202100023977,158Â 778,B01,1,1,1,0,2,8,-1,-1, -1,-1,2021,19.0,2,1,0,2,4,2,1,,1,A42   6.290 A 8.310,0,,3,6,0,1,8,0,1,, -1,2,0,1,110,15,8,2021,21:30,3,1,1249,1,1,0,2,A42   6.290 A 8.310,45.81635,4.97266,21,3,2
202100023316,159Â 937,B01,1,1,1,4,2,0,-1,0,0,-1,2021,47.0,1,1,0,2,6,13,1,,4,BOULEVARD PONIATOWSKI,0,,3,2,0,1,(1),(1),1,, -1,1,0,1,50,19,8,2021,14:15,1,75,75112,2,3,0,3,BOULEVARD PONIATOWSKI,48.833834,2.403684,14,3,2
202100001901,198Â 398,A01,3,2,1,5,1,0,-1,0,0,-1,2021,18.0,2,2,4,2,9,16,1,,4,BOULEVARD PERIPHERIQUE,0,,1,4,0,1,5,0,1,, -1,1,0,1,70,21,12,2021,00:45,5,75,75114,2,4,0,3,BOULEVARD PERIPHERIQUE,48.819265,2.328939,0,5,2
202100023663,159Â 329,B01,1,1,1,1,2,6,-1,0,0,-1,2021,17.0,1,1,0,2,1,17,1,,3,117,0,,2,2,1,1,88,404,1,, -1,1,0,5,50,18,8,2021,12:10,1,9,9289,2,3,0,3,33 Avenue Aristide Berges,43.007342,1.122875,12,2,2
202100021345,163Â 500,B01,1,1,2,5,1,-1,-1,0,0,-1,2021,60.0,1,2,0,2,5,15,1,,2,88,-1,,2,2,0,2,70,910,1,, -1,1,0,1,70,3,9,2021,18:55,1,12,12056,1,4,0,2,route nationale 88,44.256392,2.415206,18,2,2
202100007611,188Â 138,A01,10,3,2,9,0,-1,-1,4,3,1,2021,82.0,0,3,0,1,7,16,1,1.0,3,SECRETAIN (AVENUE ROGER),0,,3,4,0,1,1,0,1,, -1,2,0,8,50,17,11,2021,07:17,5,45,45234,2,2,1,6,SECRETAIN (AVENUE ROGER),47.89266,1.89587,7,2,1
202100047934,116Â 056,B01,4,2,2,0,1,0,-1,-1, -1,-1,2021,11.0,2,2,0,2,6,1,1,,3,FLEURET (ROND-POINT DU) N 347,0,,1,2,0,1,25,830,2,, -1,1,5,1,90,14,3,2021,11:00,1,49,49328,1,6,0,2,FLEURET (ROND-POINT DU) N 347,47.28607,-0.049024,11,4,2
202100039051,131Â 830,B01,1,1,1,4,8,0,-1,-1, -1,-1,2021,42.0,2,4,0,2,1,2,1,,1,A86 EXT,0,,3,4,0,1,0,200,3,, -1,1,3,1,70,21,5,2021,12:10,1,94,94028,1,1,0,2,A86 EXT,48.77617,2.43527,12,2,2
202100029072,149Â 782,B01,1,1,1,1,8,0,-1,-1, -1,-1,2021,28.0,1,1,0,2,4,0,0,,3,TREVOUX (AVENUE DE),0,,2,1,0,2,46,635,1,, -1,1,0,1,50,31,3,2021,17:30,1,1,1344,2,1,0,2,TREVOUX (AVENUE DE),46.20037,5.19531,17,3,2
202100027823,151Â 983,A01,2,2,2,5,8,-1,-1,0,0,-1,2021,60.0,1,2,0,2,1,0,1,,3,24,0,,3,2,0,4,4,400,1,, -1,1,5,1,80,21,7,2021,23:50,3,29,29146,1,2,0,1,D24 - La TrinitÃ©,47.918629,-3.81577,23,3,2
202100040246,129Â 661,A01,1,1,1,0,8,-1,-1,0,0,-1,2021,32.0,2,2,13,0,9,1,1,,3,29,0,,2,2,0,1,18,500,1,, -1,2,0,3,80,10,5,2021,21:47,3,42,42182,1,1,1,6,Route de Saint-Romain,46.06218,3.946865,21,1,1