Num_Acc,id_vehicule,num_veh,place,catu,sexe,trajet,secu1,secu2,secu3,locp,actp,etatp,year_acc,victim_age,senc,catv,obs,obsm,choc,manv,motor,occutc,catr,voie,v1,v2,circ,nbv,vosp,prof,pr,pr1,plan,lartpc,larrout,surf,infra,situ,vma,jour,mois,an,hrmn,lum,dep,com,agg_,int,atm,col,adr,lat,long,hour,nb_victim,nb_vehicules
202100017678,170Â 022,A01,1,1,2,5,2,0,-1,0,0,-1,2021,28.0,2,1,0,0,0,1,1,,4,RUE SAINT LAZARE,0,,2,3,0,1,(1),(1),1,, -1,1,0,1,50,21,9,2021,02:20,5,75,75109,2,1,0,7,RUE SAINT LAZARE,48.875627,2.327308,2,1,1
202100032099,144Â 372,A01,1,1,2,0,1,0,-1,-1, -1,-1,2021,64.0,2,2,0,2,3,15,1,,4,MONTARDON DE,0,,2,1,1,1,0,0,1,, -1,1,0,1,50,26,6,2021,10:15,1,64,64445,2,2,0,1,MONTARDON DE,43.32285,-0.3698,10,2,2
202100002202,197Â 857,A01,10,3,2,5,0,-1,-1,2,5,2,2021,3.0,1,5,0,1,8,1,0,,3,486,-1,D,1,1,0,1,35,800,1,, -1,1,0,1,20,21,12,2021,12:15,1,88,88196,2,1,0,6,30 Rue Charles de Gaulle,48.069809,6.875678,12,3,1
202100024335,158Â 172,A01,1,1,1,0,1,-1,-1,0,0,-1,2021,25.0,1,2,0,2,1,0,1,,3,D10,0,A,2,2,0,1,7,0,1,, -1,1,0,1,-1,14,8,2021,06:30,2,95,95094,1,1,0,1,D10,49.022998,2.418833,6,2,2
202100054881,103Â 709,A01,10,3,2,3,-1,-1,-1,3,3,1,2021,94.0,1,0,0,1,0,1,0,,4,MARANSIN (CHAUSSEE),0,,2,1,0,1,(1),(1),1,, -1,2,0,1,50,15,1,2021,16:30,1,65,65286,2,1,1,6,Av du GÃ©nÃ©ral Baron Maransin,43.09706,-0.04588,16,2,1
202100049846,112Â 639,C01,1,1,1,0,1,0,-1,-1, -1,-1,2021,22.0,2,2,0,2,5,13,1,,1,86,0,,1,3,0,1,2,0,1,, -1,1,0,1,90,27,2,2021,22:40,5,92,92050,1,1,0,4,A86,48.9145462162,2.2193848208,22,3,3
202100026281,154Â 715,A01,1,1,1,0,1,0,-1,-1, -1,-1,2021,82.0,2,2,0,2,1,2,1,,3,BRETELLE DE LAUTOROUTE RD 913,0,,2,2,0,1,1,0,1,, -1,1,0,1,70,29,7,2021,11:40,1,64,64545,1,1,0,5,rd 913,43.37795,-1.68758,11,7,5
202100045227,120Â 882,A01,10,3,1,0,0,-1,-1,2,3,3,2021,13.0,1,2,0,0,0,2,0,,4,FAURE BELON,0,,1,1,0,1,(1),(1),1,, -1,1,0,1,50,19,3,2021,17:00,1,42,42218,2,1,0,6,Rue Faure Belon,45.433241,4.388527,17,2,1
202100044038,122Â 958,A01,10,3,2,5,8,8,-1,3,3,1,2021,15.0,1,2,0,1,1,1,1,,4,BROSSOLETTE (BOULEVARD PIERRE),0,,3,2,0,1,0,0,1,, -1,1,0,1,50,18,3,2021,18:50,1,2,2408,2,6,0,6,BROSSOLETTE (BOULEVARD PIERRE),49.56959,3.62391,18,2,1
202100015992,173Â 082,A01,1,1,1,5,8,-1,-1,0,0,-1,2021,27.0,2,2,2,0,1,1,1,,3,926,-1,,2,2,0,1,7,257,1,, -1,1,0,3,50,1,10,2021,03:05,3,82,82179,2,1,0,6,9 Route de Caylus,44.177988,1.623363,3,1,1
202100034675,139Â 744,A01,1,1,1,5,0,-1,-1,0,0,-1,2021,22.0,1,1,9,0,1,1,1,,3,37,-1,,2,2,0,1,2,100,2,, -1,1,0,1,50,14,6,2021,02:20,3,14,14020,2,1,0,6,D37,49.12933,-0.162456,2,1,1
202100049417,113Â 428,A01,10,3,2,5,0,-1,-1,2,2,1,2021,11.0,1,2,0,2,3,1,1,,4,GABRIEL PERI (R),0,,2,2,0,1,0,0,1,, -1,1,0,1,50,1,3,2021,17:25,1,94,94081,2,1,0,3,GABRIEL PERI (R),48.79898,2.39924,17,2,1
202100028679,150Â 457,A01,8,2,2,5,1,0,-1,0,0,-1,2021,85.0,2,3,0,0,0,21,1,3.0,4,RUE ORDENER,0,,2,3,0,1,(1),(1),1,, -1,1,0,1,50,16,7,2021,12:00,1,75,75118,2,2,0,7,RUE ORDENER,48.891559,2.349622,12,3,1
202100035054,139Â 036,B01,1,1,1,1,2,0,-1,0,0,-1,2021,37.0,2,1,0,2,8,7,5,,4,BOULEVARD SAINT MICHEL,0,,1,0,3,2,(1),(1),1,, -1,1,0,6,50,11,6,2021,09:37,1,75,75105,2,2,0,3,BOULEVARD SAINT MICHEL,48.841658,2.337792,9,2,2
202100012765,178Â 903,A01,1,1,1,5,2,-1,-1,0,0,-1,2021,54.0,3,1,0,2,8,9,5,,3,54,0,,2,2,0,1,8,250,2,,4,1,0,1,80,17,10,2021,15:30,1,63,63204,1,4,0,3,RD 54,45.826792,3.199017,15,2,2
202100029240,149Â 495,A01,1,1,1,5,2,-1,-1,0,0,-1,2021,18.0,3,1,0,2,1,5,1,,4,,-1,,2,2,0,3,(1),(1),3,,4,1,0,1,50,14,7,2021,10:27,1,22,22054,2,1,0,1,Rue du Four Ã  Boulets,48.639687,-2.481322,10,3,2
202100031242,145Â 897,A01,1,1,1,5,2,6,-1,0,0,-1,2021,42.0,3,1,0,0,7,1,1,,4,,-1,,2,1,0,1,(1),(1),2,,3,2,0,1,50,3,7,2021,20:15,2,1,1240,2,1,0,7,125 Rue de Charmine,46.268674,5.566788,20,1,1
202100017345,170Â 643,B01,1,1,1,1,1,0,-1,-1, -1,-1,2021,28.0,1,2,0,2,1,14,1,,1,A7-Sens Lyon vers Marseille,0,,1,2,0,1,260,0,1,, -1,1,0,1,110,23,9,2021,05:45,2,13,13117,1,1,0,2,A7-Sens Lyon vers Marseille,43.41988,5.27077,5,2,2
202100026325,154Â 637,A01,10,3,2,0,0,-1,-1,4,3,1,2021,35.0,3,5,0,1,1,15,1,,4,DOCTEUR JEAN FIOLLE (RUE DU),0,,1,1,0,2,0,0,1,, -1,1,0,1,50,29,7,2021,14:00,1,13,13206,2,2,0,1,DOCTEUR JEAN FIOLLE (RUE DU),43.28498,5.38283,14,2,1
202100053948,105Â 320,Z01,10,3,1,0,0,-1,-1,8,3,1,2021,20.0,0,2,0,1,0,26,0,,4,JULES GUESDE (PLACE),0,,3,0,3,1,0,0,1,, -1,1,9,6,50,23,1,2021,21:10,5,13,13201,2,1,0,6,JULES GUESDE (PLACE),43.302,5.374,21,2,1
202100024289,158Â 255,B01,1,1,1,1,8,0,-1,-1, -1,-1,2021,22.0,3,1,0,2,3,1,5,,4,SARTRE   AVENUE JEAN-PAUL,0,,2,3,1,1,(1),(1),1,, -1,1,0,5,50,13,8,2021,08:37,1,17,17300,2,1,0,3,SARTRE   AVENUE JEAN-PAUL,46.15674,-1.12032,8,2,2
202100021969,162Â 361,A01,1,1,1,5,1,-1,-1,0,0,-1,2021,42.0,2,2,0,2,3,5,1,,1,34,0,A,3,4,0,1,106,150,1,, -1,1,0,1,110,29,8,2021,21:30,3,51,51105,1,1,0,1,A34,49.2729440258,4.0905401884,21,2,2
202100056008,101Â 771,A01,1,1,2,0,1,-1,-1,-1, -1,-1,2021,27.0,1,2,0,2,1,1,1,,2,ROUTE NATIONALE 230,0,,1,4,0,2,40,987,1,, -1,1,3,1,50,7,1,2021,12:50,1,33,33013,1,1,0,2,ROUTE NATIONALE 230,44.855975,-0.505056,12,2,2
202100000832,200Â 242,A01,10,3,1,0,8,8,-1,4,3,1,2021,12.0,3,1,0,1,1,17,1,,4,AV MAZARIN,0,,1,2,0,1,0,0,1,, -1,1,6,8,50,15,12,2021,17:50,5,91,91161,2,1,0,6,AV MAZARIN,48.70616,2.31354,17,2,1
202100052446,107Â 966,B01,4,2,1,0,1,0,-1,-1, -1,-1,2021,9.0,2,2,0,2,1,1,1,,4,DOCTEUR BERTRAND (RUE),0,,2,3,0,1,(1),(1),1,, -1,1,0,1,50,5,2,2021,11:30,1,13,13208,2,1,0,1,DOCTEUR BERTRAND (RUE),43.246324,5.381022,11,5,2
202100054139,104Â 976,A01,10,3,1,5,0,-1,-1,1,1,2,2021,18.0,1,2,0,1,2,1,1,,3,341,0,D,2,2,0,1,41,760,1,, -1,1,0,1,80,22,1,2021,21:15,3,62,62049,1,1,0,6,Chaussee Brunehaut,50.5558308828,2.3730880786,21,3,1
202100049155,113Â 891,A01,10,3,2,5,0,-1,-1,4,3,1,2021,30.0,2,2,0,1,1,15,1,,3,SOLFERINO (BOULEVARD),0,,3,3,0,1,0,0,1,, -1,1,5,1,50,23,2,2021,13:04,1,92,92063,2,2,0,6,SOLFERINO (BOULEVARD),48.876295043,2.1857629716,13,2,1
202100048364,115Â 304,B01,1,1,1,0,2,6,-1,-1, -1,-1,2021,16.0,2,1,0,2,1,1,1,,3,passamanty-VahibÃ© ( route ),0,,2,0,0,1,0,0,1,, -1,1,0,1,50,11,3,2021,18:55,5,976,97611,2,2,0,1,passamanty-VahibÃ© ( route ),-12.8024,45.21323,18,2,2
202100033201,142Â 417,A01,1,1,1,1,2,6,-1,-1, -1,-1,2021,23.0,3,1,0,2,4,12,1,,4,ALEX. FLEMING (BOULEVARD),0,,3,4,0,2,0,0,1,, -1,1,2,1,50,20,6,2021,06:00,2,13,13204,2,1,0,2,ALEX. FLEMING (BOULEVARD),43.3166272454,5.3970836406,6,2,2
202100047865,116Â 202,A01,1,1,2,1,8,-1,-1,0,0,-1,2021,24.0,2,5,0,2,3,13,1,,3,1,0,,2,2,0,2,8,565,2,, -1,2,0,1,80,17,3,2021,07:30,2,9,9329,1,1,1,1,DÃ©partementale 1,42.979529,1.606642,7,2,2
202100043895,123Â 207,A01,1,1,1,5,1,0,-1,-1, -1,-1,2021,67.0,1,2,3,2,3,19,1,,2,113 PK RN137 ROCHEFORT JUSTICE,0,,3,4,0,1,112,960,1,, -1,1,0,2,90,15,4,2021,12:00,1,17,17028,1,1,0,7,113 PK RN137 ROCHEFORT JUSTICE,46.1275,-1.10489,12,1,1
202100036167,137Â 043,A01,2,2,1,4,0,-1,-1,0,0,-1,2021,42.0,1,5,0,2,2,2,1,,1,10,0,,3,4,0,1,23,300,1,,"17,5",1,0,1,130,7,6,2021,16:45,1,91,91200,1,1,0,4,autoroute A10,48.557807,1.940975,16,3,2
202100045862,119Â 776,B01,1,1,2,3,0,-1,-1,0,0,-1,2021,43.0,2,1,0,2,4,2,5,,3,137a,-1,,2,2,0,1,0,100,2,, -1,1,0,1,50,31,3,2021,17:40,1,8,8039,2,1,0,2,Rue d'Ecry,49.458819,4.090243,17,2,2
202100006589,190Â 021,A01,10,3,1,5,0,-1,-1,3,3,1,2021,86.0,0,2,0,1,2,1,1,,4,SADI CARNOT (PLACE),0,,2,2,0,1,0,0,1,, -1,1,0,1,50,22,9,2021,15:40,1,83,83137,2,1,0,6,SADI CARNOT (PLACE),43.13068,5.92012,15,2,1
202100018711,168Â 193,A01,1,1,1,1,8,0,-1,-1, -1,-1,2021,49.0,2,2,0,2,4,1,1,,1,A4.W,0,,-1,5,0,1,19,100,1,, -1,1,0,1,110,16,9,2021,08:45,1,77,77258,1,1,0,2,A4.W,48.83026,2.63344,8,2,2
202100050186,112Â 010,A01,1,1,1,0,2,0,-1,-1, -1,-1,2021,28.0,2,1,0,2,4,2,1,,2,PERIPHERIQUE,0,,3,4,0,1,20,0,1,, -1,1,0,1,90,15,2,2021,19:45,3,44,44020,1,1,0,2,PERIPHERIQUE,47.1626,-1.5622,19,2,2
202100033483,141Â 925,A01,1,1,1,5,1,-1,-1,0,0,-1,2021,23.0,1,2,2,0,1,1,1,,3,D4,-1,,2,2,0,1,14,380,1,, -1,1,0,3,90,20,6,2021,04:30,3,48,48132,1,1,0,6,LA GARDELLE,44.822501,3.37832,4,1,1
202100042031,126Â 495,A01,1,1,1,0,2,0,-1,-1, -1,-1,2021,26.0,3,1,0,2,1,5,1,,4,AVENUE VICTOR HUGO,0,,2,3,2,1,(1),(1),1,, -1,1,0,1,50,29,4,2021,20:50,5,38,38151,2,3,0,1,Avenue Victor Hugo,45.15455,5.71224,20,2,2
202100010564,182Â 849,A01,1,1,1,1,2,0,-1,0,0,-1,2021,44.0,1,1,0,2,2,1,3,,4,RUE VERCINGETORIX,0,,1,2,0,1,(1),(1),1,, -1,1,0,1,30,27,10,2021,14:20,1,75,75114,2,3,0,3,RUE VERCINGETORIX,48.82965,2.306948,14,2,2
202100031655,145Â 172,B01,1,1,1,5,2,6,-1,0,0,-1,2021,58.0,1,1,0,2,1,17,5,,3,D6098,0,,2,2,0,2,8,645,1,, -1,1,0,1,50,25,6,2021,20:00,1,6,6079,1,1,0,3,Avenue de LÃ©rins,43.517945,6.93829,20,2,2
202100054477,104Â 388,A01,10,3,1,0,8,8,-1,2,3,1,2021,32.0,1,2,0,1,1,2,1,,4,VERDUN (R DE),0,,1,3,0,2,0,0,2,, -1,2,0,1,50,19,1,2021,16:00,1,94,94043,2,1,1,1,VERDUN (R DE),48.8097,2.35862,16,2,1
202100037445,134Â 726,A01,10,3,1,9,0,-1,-1,4,3,1,2021,31.0,1,2,0,1,1,1,1,,4,BOULEVARD DE ROCHECHOUART,0,,1,1,1,1,(1),(1),1,, -1,1,0,1,30,29,5,2021,22:00,4,75,75118,2,1,0,6,BOULEVARD DE ROCHECHOUART,48.882974,2.344103,22,3,1
202100028289,151Â 128,A01,10,3,2,0,0,-1,-1,5,9,2,2021,8.0,2,2,0,1,2,25,1,,4,MILLET FRANCOIS RUE,0,,1,2,2,1,(1),(1),1,, -1,1,0,4,50,18,7,2021,11:03,1,59,59350,2,1,0,6,MILLET FRANCOIS RUE,50.62991,3.0265,11,2,1
202100034089,140Â 829,A01,2,2,1,9,1,0,-1,0,0,-1,2021,11.0,2,2,0,2,1,2,1,,4,RUE MONGE,0,,2,2,0,1,(1),(1),1,, -1,1,0,1,50,16,6,2021,16:55,1,75,75105,2,2,0,2,RUE MONGE,48.842159,2.352066,16,4,2
202100014761,175Â 328,B01,1,1,1,9,2,0,-1,-1, -1,-1,2021,30.0,1,1,0,2,4,1,1,,3,BADUEL (ROUTE DE),0,,2,2,0,1,4,600,1,, -1,1,0,1,50,6,10,2021,18:15,2,973,97302,2,1,0,2,BADUEL (ROUTE DE),4.9275767541,-52.2914743424,18,3,2
202100017033,171Â 172,B01,1,1,1,1,2,6,-1,0,0,-1,2021,23.0,3,1,0,2,1,1,1,,4,PLACE CHARLES DE GAULLE,0,,1,5,0,1,(1),(1),2,, -1,1,0,1,30,24,9,2021,16:15,1,75,75116,2,7,0,3,PLACE CHARLES DE GAULLE,48.8737315277,2.2941631079,16,2,2
202100033610,141Â 688,B01,1,1,2,9,1,8,-1,0,0,-1,2021,20.0,2,2,0,2,4,1,1,,2,TEIL (Route du),0,,3,3,0,1,0,400,1,, -1,1,0,1,50,18,6,2021,20:10,1,26,26198,2,1,0,4,101 Route du Teil,44.55709,4.72812,20,3,3
202100011220,181Â 677,A01,10,3,1,0,0,-1,-1,1,3,2,2021,1.0,2,2,0,1,3,1,1,,4,EUROPE (AVENUE DE L'),0,,2,4,1,1,(1),(1),1,, -1,1,0,1,50,23,10,2021,19:20,5,34,34172,2,1,0,6,EUROPE (AVENUE DE L'),43.63575,3.82247,19,3,1
202100056146,101Â 522,B01,1,1,2,9,1,0,-1,-1, -1,-1,2021,20.0,1,2,0,2,3,1,1,,4,CANIGOU AVENUE DU,0,,-1,0,0,1,0,0,1,, -1,1,0,1,50,1,1,2021,14:47,1,66,66136,2,2,0,3,CANIGOU AVENUE DU,42.68924,2.8801,14,3,2
202100056471,100Â 961,A01,1,1,1,5,0,-1,-1,0,0,-1,2021,29.0,2,1,0,2,3,1,1,,2,4,0,,3,4,0,1,(1),(1),1,, -1,1,0,1,50,3,1,2021,11:15,1,971,97128,2,3,0,3,Boulevard Hegesipe Ibene,16.22459,-61.379483,11,2,2
202100010678,182Â 631,B01,1,1,1,1,2,6,-1,-1, -1,-1,2021,31.0,1,1,0,2,1,3,1,,1,A86 INT,0,,1,0,0,1,38,500,1,, -1,1,0,1,90,27,10,2021,17:50,3,94,94028,1,1,0,2,A86 INT,48.7941121614,2.4417938878,17,2,2
202100055525,102Â 597,A01,10,3,1,5,0,-1,-1,2,3,1,2021,62.0,2,2,0,1,3,1,1,,4,RUE FREMICOURT,0,,2,2,0,1,(1),(1),1,, -1,1,8,1,50,9,1,2021,10:50,1,75,75115,2,2,0,6,RUE FREMICOURT,48.8473545729,2.2977308389,10,2,1
202100009551,184Â 634,A01,1,1,2,0,1,0,-1,-1, -1,-1,2021,23.0,2,2,3,0,3,26,1,,2,RN12,0,,1,2,0,1,26,799,3,, -1,1,0,3,70,4,11,2021,10:10,1,78,78423,1,1,0,6,RN12,48.793608,2.051661,10,1,1
202100044406,122Â 305,A01,10,3,2,5,0,-1,-1,1,1,3,2021,50.0,2,2,0,1,1,2,1,,3,D23,-1,,2,2,0,4,17,600,1,, -1,2,0,1,80,11,4,2021,10:33,1,10,10145,1,1,1,6,D23,48.321578,3.74873,10,3,1
202100017781,169Â 832,A01,2,2,2,5,2,8,-1,-1, -1,-1,2021,25.0,1,1,0,2,1,9,1,,1,A4,0,,1,4,0,1,3,700,1,, -1,2,0,1,90,20,9,2021,23:00,4,94,94069,1,1,0,6,A4,48.8172,2.44,23,4,3
202100049990,112Â 387,A01,10,3,2,1,0,-1,-1,3,3,1,2021,50.0,2,2,0,1,1,15,1,,4,CLAUDE JUSSEAUD                     (R ),0,,2,2,0,1,(1),(1),1,, -1,1,0,1,50,25,2,2021,17:07,1,69,69202,2,4,0,6,CHAVRIL (DE) (R),45.74738,4.80647,17,2,1
202100029800,148Â 524,B01,9,2,1,2,8,-1,-1,-1,0,-1,2021,5.0,1,3,0,2,7,1,1,2.0,4,KEROURVOIS ROUTE DE,0,,2,2,0,1,(1),(1),1,, -1,1,0,1,50,9,7,2021,11:35,1,29,29051,1,1,0,3,Route de Kerourvois,48.00303,-4.05547,11,3,2
202100036510,136Â 444,A01,1,1,1,5,1,-1,-1,0,0,-1,2021,20.0,2,2,2,0,3,5,1,,3,660,-1,,2,2,0,1,6,800,1,, -1,1,0,3,80,5,6,2021,00:00,3,46,46126,1,1,0,6,D660,44.578302,1.184292,0,1,1
202100045505,120Â 400,A01,1,1,1,0,1,-1,-1,0,0,-1,2021,28.0,2,2,2,0,3,13,1,,3,677,-1,,2,2,0,1,75,400,1,, -1,1,0,3,90,2,4,2021,18:30,1,10,10216,1,1,0,6,D677,48.659631,4.187741,18,1,1
202100014787,175Â 279,B01,1,1,2,3,1,-1,-1,0,0,-1,2021,24.0,1,2,0,2,4,2,1,,3,PAU (ROUTE DE),0,,2,2,0,1,0,396,1,, -1,1,0,1,50,6,10,2021,10:25,1,65,65440,2,1,0,2,PAU (ROUTE DE),43.237406,0.046979,10,2,2
202100054420,104Â 479,B01,3,2,2,0,1,8,-1,-1, -1,-1,2021,2.0,1,2,0,2,1,1,1,,3,THOMAS (AV ALBERT),0,,2,2,0,1,3,498,1,, -1,1,0,1,50,19,1,2021,07:58,1,81,81004,2,1,0,1,THOMAS (AV ALBERT),43.9462,2.15158,7,3,2
202100031722,145Â 057,B01,2,2,2,5,1,0,-1,0,0,-1,2021,26.0,0,2,0,2,1,1,1,,4,STE MARGUERITE ( ROUTE DE ),0,,2,2,0,1,0,1,1,, -1,1,0,1,50,28,6,2021,19:17,1,5,5061,2,3,0,1,STE MARGUERITE ( ROUTE DE ),44.54728,6.0751,19,3,2
202100049877,112Â 583,A01,1,1,1,5,2,6,-1,-1, -1,-1,2021,36.0,2,1,0,2,1,1,1,,4,BRETAGNE ( RUE DE ),0,,4,12,0,1,0,0,1,, -1,1,0,1,50,27,2,2021,16:05,1,53,53130,2,5,0,3,BRETAGNE ( RUE DE ),48.06982,-0.79248,16,6,2
202100004870,193Â 088,B01,2,2,2,5,1,-1,-1,0,0,-1,2021,23.0,2,2,13,2,2,2,1,,2,21,0,N,2,2,0,1,125,800,1,, -1,1,0,1,80,4,12,2021,12:35,1,24,24168,1,1,1,1,Lieu dit MONPLAISIR - RN21,44.715056,0.557857,12,3,2
202100044022,122Â 989,A01,1,1,1,5,2,8,-1,-1, -1,-1,2021,30.0,1,1,0,0,0,14,1,,4,RUE DU BOIS DE ST-NUDEC,0,,2,2,0,1,(1),(1),1,, -1,1,9,1,30,13,4,2021,16:20,1,56,56098,2,1,0,7,RUE DU BOIS DE ST-NUDEC,47.78255,-3.30699,16,1,1
202100048050,115Â 856,A01,1,1,1,5,2,8,-1,-1, -1,-1,2021,28.0,0,1,0,2,1,2,1,,3,985,0,,2,2,0,2,0,0,1,, -1,2,0,1,70,14,3,2021,11:25,1,92,92064,2,1,0,2,ROUTE DE PARIS A VERSAILLES,48.8359104531,2.2018790245,11,2,2
202100054266,104Â 757,A01,1,1,1,5,1,-1,-1,0,0,-1,2021,70.0,2,2,0,2,2,1,1,,3,673,-1,,2,2,0,1,8,(1),1,, -1,2,0,1,80,13,1,2021,09:20,1,71,71004,1,2,1,5,D673,46.8033902713,4.9404407903,9,3,3
202100004570,193Â 610,A01,1,1,2,1,8,-1,-1,0,0,-1,2021,29.0,1,2,0,2,1,1,1,,3,520,0,,2,2,0,2,38,400,2,, -1,7,0,1,70,6,12,2021,07:50,2,38,38383,1,1,1,1,Route de Voiron,45.375438,5.644999,7,3,2
202100046361,118Â 899,A01,10,3,1,0,0,-1,-1,2,3,1,2021,37.0,3,1,0,1,1,1,1,,7,GARE ROUTE DE LA,0,,2,1,0,1,(1),(1),1,, -1,1,0,1,50,27,3,2021,21:10,5,6,6123,2,1,0,6,GARE ROUTE DE LA,43.662037,7.193936,21,2,1
202100006355,190Â 439,A01,1,1,2,1,8,-1,-1,0,0,-1,2021,22.0,3,2,0,2,1,1,1,,3,16,-1,,2,2,0,4,12,0,3,, -1,2,0,1,50,26,11,2021,12:20,1,38,38465,2,1,0,1,D16,45.692077,5.477409,12,2,2
202100029364,149Â 286,A01,10,3,2,3,0,-1,-1,1,3,1,2021,81.0,2,5,0,1,2,1,1,,3,921,-1,,2,2,0,1,5,211,1,, -1,2,0,1,50,13,7,2021,08:20,1,65,65362,2,1,1,6,62 avenue Jean Moulin,42.959186,-0.074431,8,2,1
202100012604,179Â 186,A01,1,1,1,0,1,8,-1,-1, -1,-1,2021,58.0,1,2,1,0,1,2,1,,1,AUTOROUTE A1,0,,3,8,0,1,2,299,1,, -1,1,0,8,90,17,10,2021,22:15,5,93,93066,1,1,0,6,AUTOROUTE A1,48.92306,2.35745,22,3,3
202100009169,185Â 325,A01,1,1,1,5,2,-1,-1,0,0,-1,2021,16.0,3,1,0,2,1,1,1,,4,,-1,,2,2,0,1,(1),(1),1,,4,1,5,1,50,7,11,2021,12:30,1,34,34202,2,2,0,3,Allee de la Liberte,43.579408,3.751574,12,2,2
202100012826,178Â 794,A01,1,1,2,0,1,-1,-1,-1, -1,-1,2021,87.0,1,2,1,0,3,14,1,,3,THIZY  RUE DE,0,,1,2,0,1,58,500,1,, -1,1,0,1,50,16,10,2021,09:00,1,69,69264,2,1,1,6,THIZY (DE) (R),45.9839864128,4.7393667698,9,1,1
202100048069,115Â 824,B01,1,1,1,9,1,-1,-1,0,0,-1,2021,47.0,2,2,0,2,3,1,1,,3,156,-1,,2,2,0,1,7,80,1,, -1,2,0,1,80,14,3,2021,17:45,1,54,54394,1,1,1,1,D156,49.3415904696,5.8306850876,17,3,2
202100041068,128Â 200,B01,1,1,1,5,1,0,-1,-1, -1,-1,2021,21.0,3,2,0,2,1,1,1,,2,BEL AIR (BOULEVARD DE),0,,3,4,0,1,16,0,1,, -1,1,5,1,50,5,5,2021,21:06,5,87,87085,2,2,0,3,ALLENDE (QUAI SALVADOR),45.81739,1.25261,21,2,2
202100024942,157Â 079,B01,1,1,1,5,2,-1,-1,0,0,-1,2021,13.0,3,1,0,2,1,15,5,,3,10,0,,2,2,0,1,(1),(1),2,,4,1,5,1,50,9,8,2021,18:15,1,38,38547,2,6,0,3,Avenue Robert Huant,45.264227,5.900452,18,2,2
202100052917,107Â 132,A01,10,3,1,9,0,-1,-1,2,3,1,2021,33.0,1,1,0,1,1,1,3,,4,BOULEVARD SAINT DENIS,0,,4,1,0,1,(1),(1),1,, -1,1,0,1,30,1,2,2021,15:15,1,75,75110,2,3,0,6,BOULEVARD SAINT DENIS,48.8690588725,2.3554322912,15,2,1
202100030546,147Â 157,B01,1,1,1,5,8,0,-1,-1, -1,-1,2021,19.0,3,1,0,2,1,26,5,,4,FOUCHET,0,,2,2,0,1,0,0,1,, -1,1,0,1,30,5,7,2021,20:30,1,64,64445,2,1,1,3,FOUCHET,43.31367,-0.37189,20,2,2
202100034156,140Â 707,A01,2,2,2,5,2,6,9,0,0,-1,2021,60.0,2,1,0,2,4,2,1,,3,1084,0,,2,2,0,1,67,286,1,, -1,9,8,1,30,16,6,2021,16:50,1,1,1307,2,1,0,2,Route de Lyon,46.159769,5.57009,16,3,2
202100013718,177Â 184,A01,10,3,2,0,0,-1,-1,5,5,2,2021,11.0,1,2,0,0,0,1,0,,3,SAINT-DENIS (RUE DE),0,,2,2,0,1,0,1,1,, -1,1,0,1,50,12,10,2021,16:10,1,93,93001,2,1,0,6,SAINT-DENIS (RUE DE),48.9220459402,2.373311258,16,2,1
202100049606,113Â 075,A01,10,3,1,9,0,-1,-1,4,3,1,2021,59.0,3,2,0,1,7,1,1,,4,GRIGNY (ROUTE DE),0,,2,2,0,1,0,0,1,, -1,1,0,1,50,20,2,2021,08:15,2,91,91521,2,1,0,6,GRIGNY (ROUTE DE),48.65093,2.40418,8,2,1
202100042396,125Â 848,B01,1,1,1,1,1,-1,-1,0,0,-1,2021,21.0,0,2,0,2,3,2,1,,3,133,-1,,1,1,0,1,13,500,1,, -1,1,5,1,80,27,4,2021,18:10,1,60,60335,1,2,0,2,D133,49.541039,1.868883,18,3,2
202100025947,155Â 303,B01,2,2,2,0,1,0,-1,-1, -1,-1,2021,5.0,2,2,0,2,4,0,3,,1,A7-Sens Marseille vers Lyon,0,,1,3,0,1,265,0,1,, -1,1,0,1,110,2,8,2021,08:30,1,13,13071,1,1,0,4,A7-Sens Marseille vers Lyon,43.412615,5.281847,8,4,3
202100053611,105Â 891,B01,1,1,1,5,1,0,-1,-1, -1,-1,2021,51.0,3,2,0,2,1,1,1,,4,DIX-HUIT JUIN   RUE DU,0,,2,2,0,1,(1),(1),1,, -1,2,0,1,10,26,1,2021,17:15,1,17,17291,2,1,1,2,DIX-HUIT JUIN   RUE DU,46.176675,-1.109175,17,2,2
202100022389,161Â 631,B01,1,1,1,1,8,0,-1,-1, -1,-1,2021,32.0,1,2,0,2,4,0,1,,1,A7-Sens Lyon vers Marseille,0,,1,3,0,1,276,0,1,, -1,1,0,2,90,24,8,2021,12:00,1,13,13215,1,1,0,2,A7-Sens Lyon vers Marseille,43.35715,5.36284,12,2,2
202100003806,194Â 953,C01,1,1,2,5,1,-1,-1,-1, -1,-1,2021,37.0,1,2,0,2,6,2,1,,1,ROCADE A 630,0,,3,1,0,1,12,809,1,, -1,2,3,1,70,10,12,2021,20:45,4,33,33162,1,1,1,5,Rocade Nord Ouest A630 -E8-,44.866889,-0.650377,20,3,3
202100050202,111Â 977,B01,1,1,1,5,1,0,-1,-1, -1,-1,2021,17.0,2,1,0,2,4,2,5,,4,GIONO JEAN (AV),0,,2,2,0,1,1,0,1,, -1,1,0,1,50,25,2,2021,18:30,5,13,13001,2,1,0,2,GIONO JEAN (AV),43.5143430961,5.4388183355,18,2,2
202100033359,142Â 139,B01,1,1,1,5,2,0,-1,-1, -1,-1,2021,21.0,0,1,0,2,1,1,3,,4,MONNET   AVENUE JEAN,0,,-1,2,1,1,(1),(1),1,, -1,1,0,5,50,14,6,2021,20:25,1,17,17300,2,6,0,1,MONNET   AVENUE JEAN,46.14308,-1.15327,20,2,2