Num_Acc,id_vehicule,num_veh,place,catu,sexe,trajet,secu1,secu2,secu3,locp,actp,etatp,year_acc,victim_age,senc,catv,obs,obsm,choc,manv,motor,occutc,catr,voie,v1,v2,circ,nbv,vosp,prof,pr,pr1,plan,lartpc,larrout,surf,infra,situ,vma,jour,mois,an,hrmn,lum,dep,com,agg_,int,atm,col,adr,lat,long,hour,nb_victim,nb_vehicules
202100055558,102Â 546,A01,1,1,2,1,1,0,-1,-1, -1,-1,2021,35.0,1,2,0,2,3,15,1,,4,SCHNEIDER (AVENUE),0,,2,2,0,1,0,0,1,, -1,2,9,1,50,10,1,2021,19:30,5,92,92023,2,9,0,3,SCHNEIDER (AVENUE),48.8067525247,2.2544735672,19,2,2
202100011141,181Â 818,A01,1,1,1,4,0,-1,-1,0,0,-1,2021,47.0,2,4,3,0,2,1,1,,1,84,-1,A,3,4,3,2,205,100,1,, -1,1,0,8,90,26,10,2021,00:08,3,50,50214,1,1,0,7,A84,48.917226,-1.089406,0,1,1
202100020137,165Â 631,A01,10,3,2,2,0,-1,-1,2,3,1,2021,18.0,2,2,0,1,2,1,1,,3,557,0,,2,2,0,2,21,400,1,, -1,1,9,1,50,7,9,2021,18:00,1,83,83058,2,1,0,6,Route de Salernes,43.535767,6.391312,18,2,1
202100037622,134Â 409,A01,1,1,2,9,8,0,-1,0,0,-1,2021,31.0,1,1,0,0,0,1,5,,4,BOULEVARD DE SEBASTOPOL,0,,2,5,1,1,(1),(1),1,, -1,1,0,5,50,29,5,2021,18:00,1,75,75101,2,3,0,7,BOULEVARD DE SEBASTOPOL,48.862471,2.350441,18,1,1
202100007358,188Â 600,A01,10,3,2,2,0,-1,-1,3,3,1,2021,5.0,1,2,0,1,2,1,1,,3,GENERAL DE GAULLE (AV DU),0,,2,3,0,1,0,0,1,, -1,1,0,1,50,19,11,2021,16:50,1,94,94017,2,1,0,6,GENERAL DE GAULLE (AV DU),48.82368,2.4968,16,2,1
202100037716,134Â 250,A01,1,1,1,0,1,8,-1,-1, -1,-1,2021,24.0,1,2,0,2,4,23,3,,1,A507 sens Marseille - Aubagne,0,,4,3,0,3,2,0,1,, -1,1,9,1,50,29,5,2021,01:45,5,13,13055,1,1,0,2,A507 sens Marseille - Aubagne,43.32992,5.393003,1,2,2
202100003490,195Â 516,A01,1,1,1,5,0,-1,-1,0,0,-1,2021,54.0,3,1,15,0,1,1,1,,2,209,-1,,2,2,0,2,(1),(1),3,, -1,1,0,3,50,11,12,2021,02:00,3,977,97701,1,1,0,7,RTE DE MARIGOT,17.909694,-62.811112,2,1,1
202100050174,112Â 032,B01,1,1,1,5,2,4,-1,-1, -1,-1,2021,54.0,0,1,0,0,2,0,5,,4,GAVRE (CHEMIN),0,,-1,2,0,1,(1),(1),1,, -1,1,0,1,50,25,2,2021,09:30,1,59,59352,1,1,0,3,GAVRE (CHEMIN),50.731782,3.048835,9,2,2
202100002438,197Â 412,B01,3,2,1,5,1,5,-1,-1, -1,-1,2021,20.0,1,4,0,2,1,1,1,,4,SAKAKINI (BOULEVARD),0,,4,1,0,1,0,0,1,, -1,1,0,1,50,16,12,2021,01:36,5,13,13205,2,2,0,3,SAKAKINI (BOULEVARD),43.2961527289,5.4003586168,1,4,2
202100027842,151Â 949,A01,1,1,1,5,0,-1,-1,0,0,-1,2021,33.0,1,1,0,0,0,1,1,,4,,-1,,2,2,0,1,(1),(1),1,,4,1,0,1,50,22,7,2021,20:30,5,974,97408,2,1,0,7,Rue du Camp Magloire,-20.925849,55.339116,20,1,1
202100050136,112Â 109,B01,2,2,2,0,1,5,-1,-1, -1,-1,2021,62.0,1,2,0,2,4,2,1,,1,A13,0,,3,4,0,1,21,399,1,, -1,1,0,1,110,26,2,2021,13:40,1,78,78133,1,1,0,4,A13,48.890981,2.009577,13,9,5
202100026917,153Â 602,B01,1,1,1,5,0,-1,-1,0,0,-1,2021,4.0,3,1,0,2,0,0,5,,6,,-1,,-1,-1,0,1,(1),(1),1,,4,1,9,8,5,27,7,2021,18:45,1,67,67137,2,1,0,2,18 rue Paul Gauguin,48.487024,7.697114,18,2,2
202100004888,193Â 053,B01,1,1,2,0,2,6,-1,0,0,-1,2021,16.0,2,1,0,2,1,1,1,,3,643,0,D,2,2,0,1,(1),(1),1,, -1,2,0,1,50,4,12,2021,17:05,5,55,55351,2,3,1,3,Rue Ernest Mabille,49.517385,5.367481,17,2,2
202100045454,120Â 488,B01,1,1,1,1,2,8,-1,-1, -1,-1,2021,42.0,1,1,0,2,8,1,1,,4,ROSIERS (RUE DES),0,,2,2,0,1,0,0,1,, -1,1,0,1,50,1,4,2021,08:30,1,92,92063,2,2,0,3,ROSIERS (RUE DES),48.87047,2.20708,8,2,2
202100040472,129Â 263,A01,1,1,1,0,2,0,-1,0,0,-1,2021,27.0,1,1,0,2,1,18,1,,4,REPUBLIQUE (AVENUE DE LA),0,,3,2,2,1,(1),(1),1,, -1,1,0,1,50,7,5,2021,14:52,1,63,63113,2,3,0,3,REPUBLIQUE (AVENUE DE LA),45.7898014713,3.110630315,14,2,2
202100016405,172Â 315,A01,1,1,1,0,2,6,-1,0,0,-1,2021,35.0,1,1,0,0,0,1,1,,3,300,0,D,2,2,0,1,22,0,1,, -1,2,9,1,90,28,9,2021,20:41,3,72,72088,1,1,1,7,Lieu Dit le Petit Clos,48.208452,0.237746,20,1,1
202100050460,111Â 501,B01,1,1,1,1,8,0,-1,-1, -1,-1,2021,39.0,2,1,0,2,7,1,0,,4,VARENNES (RU DES),0,,2,2,0,1,(1),(1),1,, -1,1,0,1,50,22,2,2021,08:05,1,45,45235,1,6,0,3,Rue des Varennes,47.94355,1.83416,8,2,2
202100031043,146Â 252,B01,1,1,1,0,1,0,-1,0,0,-1,2021,22.0,1,2,0,2,4,2,1,,3,D2089,0,,1,2,0,1,(1),(1),1,, -1,1,0,1,50,29,6,2021,07:47,1,63,63014,2,1,0,2,D2089,45.74401,3.1402,7,2,2
202100012388,179Â 568,B01,1,1,1,0,8,-1,-1,-1, -1,-1,2021,22.0,-1,1,0,2,0,0,0,,7,SOLDATS (DES)                       (MO),0,,2,2,3,2,0,100,1,, -1,1,0,1,50,18,10,2021,11:25,1,69,69034,2,1,0,3,SOLDATS (DES) (MO),45.79327,4.86003,11,2,2
202100044704,121Â 805,A01,1,1,2,5,1,0,-1,-1, -1,-1,2021,27.0,1,2,0,2,1,1,1,,3,PRESIDENT RENE COTY,0,,2,4,0,1,0,800,1,, -1,1,0,1,50,7,4,2021,16:05,1,10,10081,2,1,0,2,PRESIDENT RENE COTY,48.32299,4.03278,16,2,2
202100010194,183Â 482,A01,1,1,1,0,1,-1,-1,0,0,-1,2021,26.0,3,2,6,0,1,14,1,,7,222,0,M,2,2,0,1,(1),(1),3,, -1,2,0,3,70,31,10,2021,01:25,5,59,59088,1,1,0,6,521 Rue de la Chapelle,50.651791,2.880492,1,1,1
202100049505,113Â 264,B01,1,1,1,0,2,0,-1,-1, -1,-1,2021,16.0,1,1,0,2,2,1,1,,7,RTE DE LAUNAGUET,0,,2,2,0,1,41,800,1,, -1,1,0,1,50,27,2,2021,13:00,1,31,31555,2,1,0,3,RTE DE LAUNAGUET,43.64612,1.43926,13,2,2
202100043120,124Â 599,A01,1,1,2,0,1,0,-1,-1, -1,-1,2021,42.0,2,2,13,0,1,2,1,,2,RN12 EXT,0,,-1,2,0,1,34,650,1,, -1,1,0,1,110,22,4,2021,13:00,1,78,78490,1,1,0,6,RN12 EXT,48.801564,1.946224,13,3,1
202100038453,132Â 911,A01,1,1,1,5,2,-1,-1,0,0,-1,2021,31.0,2,1,0,6,1,1,1,,3,4,-1,,2,2,0,1,44,(1),1,, -1,1,0,1,80,23,5,2021,21:30,2,24,24259,1,1,0,6,La Pouge,44.945473,0.469287,21,2,1
202100014699,175Â 441,B01,1,1,1,5,8,-1,-1,0,0,-1,2021,52.0,2,2,0,2,1,13,1,,3,69,0,D,2,2,0,1,32,520,1,,6,1,0,1,-1,7,10,2021,15:10,1,16,16069,1,1,0,1,3 route de MANSLE,45.878178,0.144067,15,3,2
202100045229,120Â 878,B01,1,1,2,1,8,-1,-1,-1, -1,-1,2021,33.0,2,1,0,2,8,1,3,,4,RUE HENRI GUILLEMIN,0,,2,2,0,1,(1),(1),1,, -1,1,0,1,50,3,4,2021,12:30,1,33,33063,2,3,0,3,Avenue Emile Counord,44.86369,-0.57553,12,2,2
202100000550,200Â 719,A01,1,1,1,5,0,-1,-1,-1, -1,-1,2021,45.0,3,1,13,0,1,26,5,,4,,-1,,2,-1,-1,1,(1),(1),1,, -1,1,-1,6,-1,1,4,2021,07:45,2,57,57289,2,9,0,7,Rue de la solitude,49.0549269,7.0353568,7,1,1
202100037280,135Â 035,A01,1,1,1,1,2,6,-1,0,0,-1,2021,44.0,1,1,0,2,2,3,1,,4,PORTE MAILLOT,0,,1,4,0,1,16,200,1,, -1,1,0,1,70,31,5,2021,17:15,1,75,75116,2,1,0,5,PORTE MAILLOT,48.877655,2.280344,17,3,3
202100005099,192Â 659,B01,1,1,1,9,8,0,-1,0,0,-1,2021,18.0,2,1,0,2,1,1,5,,4,RUE SAINT CHARLES,0,,1,1,0,1,(1),(1),1,, -1,1,0,1,30,2,12,2021,18:15,5,75,75115,2,1,0,6,RUE SAINT CHARLES,48.845172,2.284273,18,2,2
202100036014,137Â 314,A01,10,3,2,0,0,-1,-1,9,1,1,2021,51.0,1,2,0,1,2,2,1,,3,612,-1,,2,2,0,1,12,600,1,, -1,1,0,1,90,7,6,2021,22:20,3,34,34333,1,1,0,6,"RD 612 Pk 12+600, Pk croissant",43.497888,3.780477,22,2,1
202100028341,151Â 040,B01,1,1,1,0,1,-1,-1,0,0,-1,2021,80.0,3,2,0,2,3,1,1,,4,,-1,,2,1,0,1,(1),(1),1,,3,1,0,1,50,18,7,2021,15:20,1,22,22103,2,2,0,3,Rue de la Rance,48.561468,-2.006845,15,2,2
202100002044,198Â 139,B01,1,1,1,5,2,6,-1,0,0,-1,2021,28.0,2,1,0,2,0,21,1,,4,BOULEVARD DIDEROT,0,,2,2,0,1,(1),(1),1,, -1,1,0,1,30,20,12,2021,11:30,1,75,75112,2,2,0,3,BOULEVARD DIDEROT,48.848037,2.39284,11,2,2
202100035483,138Â 286,B01,1,1,1,9,1,8,-1,-1, -1,-1,2021,39.0,2,2,0,2,4,1,1,,4,UNIVERSITE DE L',0,,1,2,0,1,0,0,1,, -1,1,0,1,50,9,6,2021,16:25,1,64,64445,2,1,0,2,UNIVERSITE DE L',43.31128,-0.36392,16,2,2
202100021898,162Â 488,C01,3,2,2,5,1,0,-1,-1, -1,-1,2021,6.0,1,2,0,2,0,1,1,,1,AUTOROUTE A1,0,,1,4,0,1,210,930,1,, -1,1,0,1,70,28,8,2021,00:50,5,59,59350,1,1,0,5,AUTOROUTE A1,50.617725,3.081325,0,9,3
202100042122,126Â 338,A01,1,1,1,1,2,6,-1,0,0,-1,2021,20.0,1,1,0,2,1,17,1,,3,936,-1,,2,2,0,1,25,800,3,, -1,1,0,1,80,30,4,2021,08:00,1,78,78601,1,1,0,1,d 936,48.580767,1.872643,8,2,2
202100042606,125Â 466,B01,1,1,1,4,2,0,-1,-1, -1,-1,2021,20.0,2,1,0,2,1,1,5,,4,QUATRE RUELLES (R DES),0,,2,2,0,1,1,0,1,, -1,1,5,8,50,25,4,2021,19:30,1,94,94033,2,9,0,1,Rue des 4 Ruelles,48.8552,2.45318,19,2,2
202100029937,148Â 288,A01,10,3,2,0,8,8,-1,2,3,1,2021,13.0,2,1,0,1,1,1,1,,4,m'tsapere-MosquÃ©e Maevantana (ruelle ),0,,2,0,0,1,0,0,1,, -1,1,0,1,50,29,6,2021,16:30,2,976,97611,2,1,0,6,m'tsapere-MosquÃ©e Maevantana (ruelle ),-12.788,45.22115,16,2,1
202100049684,112Â 929,B01,1,1,1,0,1,0,-1,-1, -1,-1,2021,21.0,3,2,0,2,1,1,0,,4,VICTOR HUGO (AVENUE),0,,2,2,0,1,0,0,1,, -1,1,0,1,30,1,3,2021,17:00,1,93,93071,2,3,0,3,VICTOR HUGO (AVENUE),48.93006,2.52587,17,2,2
202100000467,200Â 871,A01,1,1,1,5,2,-1,-1,0,0,-1,2021,55.0,1,1,0,2,0,15,6,,3,114,0,D,2,2,0,1,(1),(1),2,, -1,1,0,1,50,23,12,2021,07:00,1,971,97117,2,2,0,3,D114,16.326976,-61.35287,7,2,2
202100016799,171Â 587,B01,1,1,2,5,1,0,-1,-1, -1,-1,2021,24.0,2,2,0,2,8,1,1,,4,PAOLI DU NR 21 AU 45 -BLD,0,,2,2,0,2,0,0,1,, -1,1,0,1,50,25,9,2021,01:40,5,202,202033,2,2,0,3,PAOLI DU NR 21 AU 45 -BLD,42.69955,9.44979,1,3,2
202100014366,176Â 031,B01,1,1,1,0,2,6,-1,-1, -1,-1,2021,21.0,1,1,0,2,1,2,1,,4,ETANG (ROUTE DE L'),0,,2,1,0,1,(1),(1),1,, -1,1,0,1,50,6,10,2021,11:40,1,44,44184,2,1,0,3,ETANG (ROUTE DE L'),47.28748,-2.26699,11,2,2
202100043949,123Â 120,B01,1,1,1,0,2,6,-1,0,0,-1,2021,22.0,2,1,0,2,1,17,1,,3,6007,0,D,2,2,1,1,28,313,1,, -1,1,0,1,50,15,4,2021,17:40,1,6,6161,2,1,0,3,D6007,43.62619,7.132144,17,2,2
202100027602,152Â 383,A01,1,1,1,5,2,-1,-1,0,0,-1,2021,50.0,1,1,0,2,1,1,5,,3,31,0,A,2,2,1,1,9,400,1,, -1,1,0,5,90,22,7,2021,15:30,1,67,67374,1,3,0,3,cd 31 pfettisheim pr 10,48.658237,7.650953,15,2,2
202100055379,102Â 854,B01,1,1,1,0,1,0,-1,-1, -1,-1,2021,33.0,2,2,0,2,4,0,1,,3,CHARLES DE GAULLE (AVENUE) RD75 NÂ°1 A 35,0,,3,2,0,2,0,0,1,, -1,1,5,1,50,11,1,2021,18:51,5,92,92060,2,9,0,2,CHARLES DE GAULLE (AVENUE) RD75 NÂ°1 A 35,48.78099,2.26345,18,2,2
202100035831,137Â 657,B01,1,1,2,3,1,-1,-1,0,0,-1,2021,43.0,1,2,8,2,3,1,1,,2,1,-1,,2,2,0,1,87,0,3,, -1,1,0,1,90,9,6,2021,14:00,1,988,98802,1,1,0,5,RT1 - Haute OuamÃ©nie,-21.858073,165.97548,14,10,4
202100027125,153Â 230,A01,2,2,1,5,2,-1,-1,0,0,-1,2021,21.0,2,1,0,2,1,1,1,,3,249,0,A,2,2,0,2,5,93,1,, -1,1,0,1,50,30,5,2021,14:50,1,72,72204,2,4,0,1,RÃ©sidence des Pervenches,47.939071,0.702753,14,3,2
202100043321,124Â 226,A01,2,2,2,9,1,5,-1,-1, -1,-1,2021,35.0,1,2,0,9,8,10,1,,7,FAUBOURG D'ARRAS RUE,0,,4,2,3,1,(1),(1),1,, -1,1,9,1,50,20,4,2021,18:55,1,59,59350,2,9,0,1,FAUBOURG D'ARRAS RUE,50.6083,3.05969,18,3,2
202100014853,175Â 162,A01,10,3,2,9,0,-1,-1,3,3,2,2021,13.0,3,2,0,1,1,1,1,,4,GENERAL DE GAULLE (R DU),0,,2,2,0,2,0,0,1,, -1,1,0,1,50,6,10,2021,13:20,1,94,94053,2,1,0,1,GENERAL DE GAULLE (R DU),48.77729,2.53994,13,3,1
202100032953,142Â 854,B01,1,1,1,5,2,6,-1,0,0,-1,2021,15.0,3,1,0,2,1,1,1,,4,,0,,2,2,0,1,(1),(1),1,,5,1,9,1,50,23,6,2021,12:00,1,57,57089,2,2,0,3,Rue Schellenthal,49.055716,7.424896,12,2,2
202100027394,152Â 747,B01,2,2,1,1,1,5,-1,-1, -1,-1,2021,23.0,1,2,0,2,1,1,1,,3,CRETEIL (BD DE),0,,2,2,0,1,1,0,1,, -1,1,0,1,30,22,7,2021,02:15,5,94,94068,2,2,0,3,Boulevard de CrÃ©teil,48.79813,2.48402,2,3,2
202100002768,196Â 818,B01,1,1,2,9,2,-1,-1,-1, -1,-1,2021,25.0,2,1,0,2,8,1,5,,4,AVE JEAN JAURES,0,,2,2,2,1,(1),(1),1,, -1,1,9,1,50,15,12,2021,08:00,2,33,33318,2,1,0,3,Avenue Jean JaurÃ¨s,44.8114615853,-0.6183551252,8,2,2
202100013556,177Â 490,B01,1,1,1,9,8,8,-1,-1,0,-1,2021,53.0,1,5,0,2,1,1,1,,3,CROIX SAINT MARTIN (AVENUE DE LA),0,,2,2,0,1,1,24,1,, -1,1,0,1,50,12,10,2021,21:45,5,3,3310,2,1,0,1,CROIX SAINT MARTIN (AVENUE DE LA),46.11411,3.43684,21,2,2
202100031480,145Â 483,A01,10,3,1,2,0,-1,-1,5,5,1,2021,6.0,1,2,0,1,7,1,1,,4,,0,,2,2,0,1,(1),(1),1,,4,1,0,1,50,2,7,2021,17:50,1,60,60545,2,1,0,6,47 rue de picardie,49.7131015173,1.8100780248,17,2,1
202100031906,144Â 720,A01,1,1,1,9,2,6,-1,0,0,-1,2021,55.0,0,1,0,2,1,1,1,,4,RUE DE LA VICTOIRE,0,,1,1,0,1,(1),(1),1,, -1,1,0,1,30,28,6,2021,08:30,1,75,75109,2,2,0,3,RUE DE LA VICTOIRE,48.875207,2.335213,8,2,2
202100001461,199Â 174,Y01,10,3,1,1,0,0,0,2,3,1,2021,76.0,3,1,0,1,1,26,1,,4,PILE (RUE DU),0,,2,2,0,1,(1),(1),1,, -1,2,5,1,50,23,12,2021,16:00,2,59,59512,2,7,1,6,PILE (RUE DU),50.689298685,3.1970214844,16,2,1
202100025132,156Â 733,A01,1,1,1,9,1,0,-1,0,0,-1,2021,20.0,0,2,0,1,0,26,0,,4,PADOUANE (BD DE LA ),0,,2,2,0,1,1,299,1,, -1,1,0,1,50,7,8,2021,14:30,1,13,13215,2,1,0,1,PADOUANE (BD DE LA ),43.3533277052,5.3688317217,14,2,1
202100005116,192Â 631,A01,10,3,2,9,8,8,-1,5,1,-1,2021,19.0,2,2,0,1,1,16,1,,3,MARECHAL JOFFRE (AV DU),0,,1,2,0,1,1,0,1,, -1,2,9,4,30,2,12,2021,11:56,1,94,94033,2,9,0,6,Avenue du MarÃ©chal Joffre,48.85252,2.48432,11,2,1
202100017931,169Â 572,B01,7,2,2,5,1,-1,-1,0,0,-1,2021,87.0,2,2,0,2,3,1,1,,3,20,-1,,2,2,0,2,6,110,1,, -1,1,5,1,80,21,9,2021,09:50,1,50,50388,1,3,0,1,Rue du Mesnil,49.016,-1.508539,9,4,2
202100009104,185Â 432,B01,1,1,2,5,1,8,-1,-1, -1,-1,2021,77.0,0,2,0,2,0,0,0,,4,ROYAN (DE),0,,2,2,0,1,(1),(1),1,, -1,1,0,1,50,6,11,2021,15:15,1,17,17461,2,1,0,3,ROYAN (DE),45.643619,-1.050481,15,2,2
202100020208,165Â 509,A01,2,2,2,5,1,0,-1,-1, -1,-1,2021,22.0,2,2,0,2,4,2,1,,1,A4,0,,-1,3,0,1,8,500,1,, -1,1,0,1,90,4,9,2021,21:35,3,94,94017,1,1,0,6,A4,48.83022,2.49573,21,3,2
202100053199,106Â 642,A01,10,3,1,0,0,-1,-1,5,3,2,2021,6.0,3,2,0,1,3,0,1,,4,VAILLANT COUTURIER (RUE PAUL) NÂ°1 A 103,0,,1,1,0,1,(1),(1),1,, -1,2,0,1,50,29,1,2021,18:15,5,51,51454,2,1,1,7,Rue Paul Vaillant Couturier,49.2659117292,4.0253188741,18,2,1
202100009020,185Â 590,A01,1,1,1,5,1,-1,-1,0,0,-1,2021,21.0,1,2,13,0,9,2,1,,2,4,0,,1,1,0,2,18,500,3,, -1,2,0,3,70,7,11,2021,21:00,3,57,57119,1,9,0,7,RN4 PK18+500 sortie ABRESCHVILLER,48.718248,7.050519,21,2,1
202100041107,128Â 136,B01,1,1,2,1,1,0,-1,-1, -1,-1,2021,25.0,0,2,0,2,4,23,1,,4,BOURG SAINT JEAN (RUE DU),0,,3,2,0,1,(1),(1),1,, -1,1,0,1,50,4,5,2021,08:05,1,41,41018,2,1,0,4,BOURG SAINT JEAN (RUE DU),47.5893,1.34018,8,4,4
202100050554,111Â 324,B01,1,1,2,2,2,8,-1,-1, -1,-1,2021,15.0,1,1,0,2,7,1,1,,4,BASSIN PLAT(CHEMIN),0,,2,2,0,1,(1),(1),1,, -1,1,5,1,30,22,2,2021,07:45,1,974,97416,2,6,0,3,BASSIN PLAT(CHEMIN),-21.3260534549,55.4918335357,7,2,2
202100027139,153Â 200,B01,2,2,2,5,2,6,-1,0,0,-1,2021,50.0,1,1,0,2,1,1,1,,3,38,-1,,2,2,0,1,33,500,1,, -1,1,0,1,70,25,7,2021,10:50,1,85,85234,1,1,0,2,301 Rue des Sables,46.775263,-2.009602,10,7,2
202100005210,192Â 463,A01,1,1,1,5,2,6,-1,-1, -1,-1,2021,15.0,2,1,0,0,3,15,1,,4,Cueille (Rue),0,,2,2,0,2,0,0,2,, -1,2,0,1,50,29,9,2021,12:50,1,19,19272,2,1,1,6,Cueille (Rue),45.2540835331,1.7568108838,12,1,1
202100033603,141Â 701,A01,10,3,1,4,0,-1,-1,1,9,1,2021,44.0,3,2,0,1,2,1,1,,4,rue Pierre et Marie CURIE,0,,1,1,0,1,(1),(1),1,, -1,1,0,1,50,18,6,2021,14:00,1,33,33529,1,1,0,6,,44.6114792292,-1.1162759562,14,2,1
202100036343,136Â 735,A01,1,1,1,3,1,-1,-1,0,0,-1,2021,78.0,1,2,0,2,3,15,1,,3,603,0,,-1,2,0,2,31,100,2,, -1,2,5,1,70,5,6,2021,08:10,1,57,57654,1,4,1,3,D603,49.115941,6.363509,8,2,2
202100016996,171Â 241,A01,1,1,2,0,2,6,-1,0,0,-1,2021,26.0,2,1,0,0,1,1,1,,3,MARIGARDE (ROUTE DE LA),0,,2,2,0,1,20,412,2,, -1,1,0,1,50,25,9,2021,13:50,1,6,6069,2,1,0,7,MARIGARDE (ROUTE DE LA),43.654218,6.937595,13,1,1
202100019365,167Â 014,B01,1,1,1,5,2,6,-1,0,0,-1,2021,32.0,2,1,0,2,2,3,1,,4,PORTE DE GENTILLY,0,,1,3,0,1,3,400,1,, -1,1,0,1,70,12,9,2021,20:20,5,75,75113,2,1,0,3,BD PERIPHERIQUE EXTERIEUR,48.817358,2.349466,20,2,2
202100013333,177Â 915,A01,1,1,1,0,1,0,-1,-1, -1,-1,2021,20.0,1,2,0,2,2,26,1,,4,RAYMOND BERTOUT,0,,1,1,0,1,0,0,1,, -1,1,0,8,30,13,10,2021,11:45,1,93,93029,2,1,0,5,RAYMOND BERTOUT,48.9189930173,2.4513586849,11,6,3
202100046595,118Â 480,A01,1,1,1,5,2,6,-1,-1, -1,-1,2021,48.0,2,1,0,2,5,16,1,,3,BRUAY ( AVENUE DE ),0,,1,2,0,1,29,295,2,, -1,1,0,1,50,23,3,2021,18:20,1,62,62119,2,6,0,3,BRUAY ( AVENUE DE ),50.52298,2.627578,18,3,2
202100056157,101Â 506,Z01,10,3,1,0,0,-1,-1,3,3,1,2021,17.0,2,2,0,1,1,1,1,,4,JAURES (AVENUE JEAN) DU NÂ° 74 A FIN (PAI,0,,2,2,0,1,(1),(1),1,, -1,1,0,1,50,5,1,2021,16:56,1,51,51454,2,1,0,7,Avenue Jean JaurÃ¨s,49.2622156653,4.0525458544,16,2,1
202100003811,194Â 941,B01,1,1,1,0,2,6,-1,-1, -1,-1,2021,40.0,1,1,0,2,1,1,1,,1,AUTOROUTE A126,0,,2,2,0,1,6,114,1,, -1,2,0,1,50,10,12,2021,14:00,1,91,91477,1,1,0,3,AUTOROUTE A126,48.72022,2.22695,14,2,2
202100051929,108Â 884,Z01,10,3,1,5,8,8,-1,2,3,1,2021,76.0,2,1,0,1,7,1,5,,4,RUE SAINT MAUR,0,,1,2,1,1,(1),(1),1,, -1,5,-1,5,50,10,2,2021,17:40,2,75,75110,2,3,1,6,RUE SAINT MAUR,48.873399,2.370601,17,2,1
202100010757,182Â 503,A01,1,1,1,1,8,0,-1,-1, -1,-1,2021,31.0,1,0,1,0,1,1,3,,3,BRIAND (AVENUE ARISTIDE) NÂ° 162 A 300,0,,3,6,1,1,0,0,1,, -1,1,0,1,50,27,10,2021,19:20,5,92,92007,2,1,0,2,BRIAND (AVENUE ARISTIDE) NÂ° 162 A 300,48.7888936903,2.3189681768,19,2,2
202100048490,115Â 087,B01,1,1,2,5,1,-1,-1,0,0,-1,2021,26.0,1,2,0,0,3,1,1,,3,24,0,,2,2,0,2,5,150,2,, -1,1,0,1,70,10,3,2021,17:15,1,69,69154,1,1,0,3,LUERE (DE LA) (RTE),45.7516543527,4.6444702148,17,2,2
202100009505,184Â 723,A01,1,1,1,5,2,6,-1,0,0,-1,2021,17.0,1,1,0,2,1,1,1,,7,613,0,,2,2,0,2,31,880,1,, -1,1,0,1,50,5,11,2021,14:02,1,34,34270,2,1,0,2,"D 613, Route de Montpellier",43.578972,3.836283,14,2,2
202100040526,129Â 167,A01,3,2,2,5,1,0,-1,-1, -1,-1,2021,18.0,1,2,0,2,5,17,1,,3,JULES PRINCET [CD115] (RUE),0,,2,2,0,1,0,1,1,, -1,1,0,1,50,10,5,2021,19:10,1,93,93005,2,2,0,3,Rue Jules Princet / Avenue Anatole France,48.93583,2.49387,19,3,2
202100044810,121Â 618,A01,10,3,1,5,0,-1,-1,2,3,1,2021,22.0,3,2,0,1,3,1,1,,4,COMMANDANT RENE MOUCHOTTE DU,0,,2,2,0,1,0,0,2,, -1,1,0,1,50,28,2,2021,10:10,1,64,64445,2,6,0,6,COMMANDANT RENE MOUCHOTTE DU,43.3055,-0.3296,10,2,1
202100039255,131Â 443,B01,1,1,1,0,8,-1,-1,-1, -1,-1,2021,30.0,1,1,0,2,8,0,0,,4,TUILIERS (DES)                      (R ),0,,1,1,0,1,(1),(1),1,, -1,1,0,1,50,19,5,2021,17:30,1,69,69388,2,2,0,3,TUILIERS (DES) (R),45.74732,4.86502,17,2,2
202100029124,149Â 693,A01,10,3,2,0,0,-1,-1,2,3,1,2021,48.0,2,2,0,1,2,21,1,,4,FAUBOURG DE BOURGOGNE (RUE DU),0,,2,2,0,1,(1),(1),1,, -1,2,0,1,50,13,7,2021,19:15,1,45,45284,2,1,1,6,121 Rue du Faubourg de Bourgogne,47.903393,1.932,19,2,1
202100007317,188Â 673,B01,1,1,2,9,2,8,-1,0,0,-1,2021,55.0,3,1,0,2,0,19,5,,4,QUAI DES ETATS UNIS,0,,1,1,1,1,(1),(1),1,, -1,1,6,1,30,19,11,2021,18:05,5,6,6088,2,1,0,3,QUAI DES ETATS UNIS,43.695165,7.273122,18,2,2
202100018062,169Â 347,B01,1,1,1,5,2,6,9,0,0,-1,2021,24.0,1,1,0,2,1,5,1,,3,35,-1,D,2,2,0,2,9,275,3,, -1,1,0,1,80,19,9,2021,13:55,1,30,30121,1,1,0,1,D35,43.8420692943,4.0228997357,13,5,2
202100017457,170Â 421,A01,1,1,1,9,2,0,-1,-1, -1,-1,2021,18.0,2,1,0,2,7,1,1,,7,RAYMOND DUGRAND (AVENUE),0,,1,2,0,1,0,1,1,, -1,1,6,1,70,22,9,2021,22:10,5,34,34129,2,2,0,3,RAYMOND DUGRAND (AVENUE),43.59098,3.90857,22,2,2
202100031598,145Â 275,Z01,10,3,2,9,0,-1,-1,1,3,1,2021,24.0,1,1,0,1,1,1,0,,4,RUE LA FAYETTE,0,,2,3,0,1,(1),(1),1,, -1,1,0,1,50,30,6,2021,22:35,5,75,75110,2,1,0,6,RUE LA FAYETTE,48.878789,2.355056,22,2,1