Num_Acc,id_vehicule,num_veh,place,catu,sexe,trajet,secu1,secu2,secu3,locp,actp,etatp,year_acc,victim_age,senc,catv,obs,obsm,choc,manv,motor,occutc,catr,voie,v1,v2,circ,nbv,vosp,prof,pr,pr1,plan,lartpc,larrout,surf,infra,situ,vma,jour,mois,an,hrmn,lum,dep,com,agg_,int,atm,col,adr,lat,long,hour,nb_victim,nb_vehicules
202100038318,133Â 147,B01,1,1,2,0,8,-1,-1,-1, -1,-1,2021,32.0,2,1,0,2,8,1,5,,4,BOSSUET                             (R ),0,,1,2,1,1,(1),(1),1,, -1,1,0,1,50,25,5,2021,15:45,1,69,69386,2,2,0,3,BOSSUET (R),45.76755,4.84753,15,2,2
202100028212,151Â 267,B01,1,1,1,1,2,-1,-1,0,0,-1,2021,24.0,2,1,0,2,1,1,1,,3,1006,-1,,2,2,0,1,(1),(1),1,, -1,1,0,1,70,18,6,2021,20:40,1,38,38323,1,1,0,6,Route d Italie,45.533171,5.63248,20,2,2
202100022920,160Â 654,A01,10,3,1,5,0,-1,-1,3,3,1,2021,65.0,3,1,0,1,1,17,1,,7,LECLERC GENERAL AVENUE,0,,2,2,0,1,(1),(1),1,, -1,1,0,1,50,22,8,2021,11:00,1,6,6123,2,1,0,6,LECLERC GENERAL AVENUE,43.674809,7.189113,11,2,1
202100051378,109Â 843,A01,1,1,1,0,1,0,-1,-1, -1,-1,2021,23.0,1,5,0,2,2,2,1,,1,AUTOROUTE A3,0,,3,6,0,1,10,0,1,, -1,2,0,1,90,15,2,2021,21:05,3,93,93007,1,1,0,3,AUTOROUTE A3,48.92343,2.48075,21,2,2
202100018331,168Â 858,B01,1,1,1,5,1,0,-1,-1, -1,-1,2021,81.0,1,2,0,0,0,0,1,,4,PERI (RUE GABRIEL),0,,2,1,0,1,(1),(1),1,, -1,1,0,1,50,17,9,2021,11:50,1,59,59279,2,1,0,3,PERI (RUE GABRIEL),50.78424,3.13054,11,2,2
202100053362,106Â 338,A01,1,1,2,9,1,0,-1,-1, -1,-1,2021,36.0,1,2,0,2,1,1,1,,4,AVRON (RUE D'),0,,2,1,0,1,0,0,1,, -1,5,0,1,30,16,1,2021,16:20,2,93,93077,2,1,1,1,AVRON (RUE D'),48.8776389547,2.5043262541,16,2,2
202100031944,144Â 643,A01,1,1,1,0,2,0,-1,-1, -1,-1,2021,38.0,1,1,0,2,1,3,1,,1,AUTOROUTE A86,0,,1,6,0,1,25,700,2,, -1,1,0,1,90,28,6,2021,08:50,1,93,93064,1,1,0,3,AUTOROUTE A86,48.8856249893,2.4728677971,8,2,2
202100031785,144Â 946,B01,1,1,1,4,1,-1,-1,0,0,-1,2021,21.0,2,2,0,2,1,1,1,,3,612,-1,,2,2,0,1,10,10,1,, -1,1,0,1,90,30,6,2021,08:45,1,34,34333,1,1,0,3,RD 612,43.475159,3.770843,8,2,2
202100044497,122Â 161,A01,1,1,1,5,2,-1,-1,0,0,-1,2021,16.0,2,1,0,0,0,1,1,,2,8,-1,,2,2,0,2,23,150,2,, -1,1,0,3,50,10,4,2021,17:00,1,972,97220,2,1,0,7,N8 - Quartier Lourdes,14.494042,-60.8952,17,1,1
202100050106,112Â 173,A01,1,1,1,0,2,-1,-1,0,0,-1,2021,16.0,1,1,0,2,1,1,1,,3,579,0,A,2,2,0,1,50,500,1,, -1,1,0,1,50,27,2,2021,12:35,1,14,14371,2,4,0,3,rue de Lisieux,49.006155,0.150778,12,2,2
202100056315,101Â 237,B01,1,1,1,9,1,-1,-1,0,0,-1,2021,39.0,2,2,0,2,4,2,1,,2,330,0,,2,3,0,1,10,460,1,, -1,2,0,1,50,4,1,2021,18:08,5,77,77437,2,1,1,5,rue galliÃ©ni,49.037193,2.80014,18,6,4
202100030945,146Â 441,B01,1,1,2,5,1,-1,-1,0,0,-1,2021,26.0,2,2,9,2,2,15,1,,7,723,0,A,3,4,0,1,40,500,1,, -1,1,5,1,70,11,6,2021,22:30,5,44,44172,1,5,0,3,Route de Paris,47.265871,-1.487564,22,2,2
202100053642,105Â 846,B01,1,1,1,4,2,6,-1,-1, -1,-1,2021,34.0,1,1,0,2,1,15,1,,3,989,0,,2,2,0,1,0,0,3,, -1,1,8,1,30,26,1,2021,13:40,1,92,92040,2,9,0,3,LEON BLUM (PLACE),48.8208091954,2.2601285577,13,2,2
202100043854,123Â 281,A01,1,1,1,1,1,4,-1,-1, -1,-1,2021,23.0,1,2,0,2,8,23,1,,2,RN406.Y,0,,1,1,0,2,2,0,1,, -1,1,0,2,50,16,4,2021,17:30,1,94,94074,1,9,0,3,RN406.Y,48.7690354532,2.4499019295,17,4,2
202100052096,108Â 589,C01,4,2,1,1,1,0,-1,-1, -1,-1,2021,33.0,1,5,0,2,1,2,1,,1,A13,0,,1,3,0,1,44,700,1,, -1,1,0,1,110,8,2,2021,14:50,1,78,78402,1,1,0,4,A13,48.96515,1.76456,14,12,3
202100038689,132Â 479,A01,1,1,1,5,1,-1,-1,0,0,-1,2021,50.0,2,2,0,2,3,13,1,,3,13,0,,2,2,0,1,1,400,1,, -1,2,0,1,50,24,5,2021,15:30,1,14,14278,2,1,1,5,D13,49.173799,-0.587001,15,5,3
202100041246,127Â 875,A01,1,1,1,1,1,8,-1,-1, -1,-1,2021,57.0,3,2,8,0,1,13,1,,4,MURAT CHANOINE(RUE),0,,2,2,0,1,0,0,1,, -1,1,9,1,50,3,5,2021,12:20,1,974,97407,2,9,0,6,MURAT CHANOINE(RUE),-20.93,55.29,12,1,1
202100025938,155Â 320,B01,2,2,2,4,2,6,-1,0,0,-1,2021,58.0,2,1,0,2,4,10,1,,3,2211,-1,,-1,2,0,1,4,700,1,, -1,1,0,1,80,2,8,2021,16:30,1,4,4148,1,1,0,2,RD 2211,43.808154,6.671266,16,4,2
202100030569,147Â 113,B01,1,1,1,9,8,0,-1,-1, -1,-1,2021,51.0,3,1,0,2,7,2,5,,4,BD DE THIBAUD,0,,2,2,0,1,(1),(1),1,, -1,1,0,1,50,5,7,2021,08:00,1,31,31555,2,6,0,3,BD DE THIBAUD,43.55431,1.40494,8,2,2
202100041766,126Â 955,Z01,10,3,1,0,0,-1,-1,4,3,1,2021,36.0,3,2,0,1,7,19,0,,4,MARCEL CACHIN                       (AV),0,,1,6,1,1,(1),(1),1,, -1,1,0,1,50,15,4,2021,20:10,2,69,69259,2,1,0,6,MARCEL CACHIN                       (AV),45.69359,4.87594,20,2,1
202100007407,188Â 517,A01,1,1,1,3,1,-1,-1,0,0,-1,2021,94.0,3,2,0,2,3,13,1,,4,,-1,,2,2,0,2,(1),(1),1,,7,1,0,1,70,19,11,2021,19:10,3,29,29233,1,1,0,1,Rue de Kervail,47.873353,-3.577171,19,6,2
202100004169,194Â 301,A01,1,1,1,1,1,-1,-1,0,0,-1,2021,21.0,1,2,0,2,5,13,1,,3,652,0,A,2,2,0,4,91,150,3,, -1,2,0,1,70,14,11,2021,13:30,1,40,40150,1,1,0,1,dÃ©partementale 652,43.865406,-1.327994,13,2,2
202100045604,120Â 215,B01,1,1,1,0,2,6,-1,-1, -1,-1,2021,19.0,2,1,0,2,1,1,1,,3,Lucien Sampeix (Av),0,,2,2,0,1,0,760,1,, -1,1,0,1,50,31,3,2021,18:51,1,19,19272,2,1,0,2,Lucien Sampeix (Av),45.2536917724,1.763949393,18,2,2
202100009774,184Â 224,B01,1,1,2,1,1,0,-1,-1, -1,-1,2021,56.0,1,2,0,2,3,1,1,,4,TILLON (AVENUE CHARLES),0,,3,4,0,1,(1),(1),1,, -1,2,0,1,50,2,11,2021,18:15,5,35,35238,2,1,1,3,TILLON (AVENUE CHARLES),48.12453,-1.70977,18,2,2
202100056406,101Â 077,A01,1,1,1,9,8,0,-1,-1, -1,-1,2021,25.0,3,2,2,0,1,1,1,,4,,0,,3,2,0,1,(1),(1),1,, -1,1,0,3,50,1,1,2021,03:30,5,37,37261,2,1,0,6,PONT CHER (AVENUE DE),47.3684742906,0.6762705303,3,1,1
202100008761,186Â 077,A01,1,1,1,1,8,0,-1,0,0,-1,2021,23.0,1,1,0,2,7,5,5,,4,BOULEVARD DE LA TOUR MAUBOURG,0,,2,2,3,1,(1),(1),1,, -1,1,-1,6,30,9,11,2021,09:10,1,75,75107,2,2,0,3,BOULEVARD DE LA TOUR MAUBOURG,48.858068,2.310007,9,2,2
202100034069,140Â 866,A01,1,1,1,0,1,-1,-1,0,0,-1,2021,32.0,1,2,6,0,2,13,1,,4,KEROSE ( RUE DE ),0,,2,2,0,4,1,200,2,, -1,1,0,4,50,17,6,2021,00:00,5,29,29039,2,1,0,6,Rue de Kerose,47.876502,-3.890167,0,1,1
202100054814,103Â 819,A01,7,2,2,3,1,-1,-1,0,0,-1,2021,18.0,3,2,2,0,1,1,1,,4,,-1,,2,2,0,1,(1),(1),1,, -1,2,0,3,50,16,1,2021,17:25,2,38,38229,2,1,0,6,Boulevard des Alpes,45.204587,5.778739,17,4,1
202100027759,152Â 089,B01,1,1,1,9,2,6,-1,0,0,-1,2021,30.0,1,1,0,2,3,1,1,,4,RUE ORDENER,0,,2,2,0,1,(1),(1),1,, -1,1,0,1,50,21,7,2021,20:20,1,75,75118,2,3,0,1,RUE ORDENER,48.890875,2.35324,20,3,2
202100049187,113Â 834,A01,1,1,1,4,1,-1,-1,0,0,-1,2021,64.0,1,5,13,0,9,1,1,,1,A4,0,,3,4,0,1,95,900,1,, -1,9,0,2,130,4,3,2021,15:10,1,2,2164,1,1,1,7,A4,49.12292,3.523082,15,2,1
202100021240,163Â 691,B01,1,1,1,5,8,0,-1,-1, -1,-1,2021,20.0,1,1,0,2,6,2,5,,3,D51 ,0,,2,0,0,1,10,175,2,, -1,1,0,1,80,1,9,2021,19:50,1,62,62019,1,1,0,2,D51 ,50.413417,2.734994,19,2,2
202100019038,167Â 607,A01,2,2,1,5,2,-1,-1,0,0,-1,2021,15.0,3,1,0,0,7,1,1,,4,,-1,,2,2,0,1,(1),(1),1,,4,1,0,1,50,13,8,2021,14:25,1,84,84088,2,3,0,7,Cours de la RÃ©publique,43.99988,5.061838,14,2,1
202100045431,120Â 525,A01,1,1,1,5,2,6,-1,0,0,-1,2021,26.0,2,1,0,0,1,1,1,,4,BOULEVARD SAINT MARTIN,0,,2,2,0,2,(1),(1),1,, -1,1,0,1,50,2,4,2021,02:30,5,75,75103,2,1,0,7,BOULEVARD SAINT MARTIN,48.868231,2.360434,2,1,1
202100005429,192Â 090,A01,1,1,1,4,1,-1,-1,0,0,-1,2021,18.0,2,5,10,0,1,1,1,,3,4,0,D,2,2,0,1,18,980,2,, -1,2,0,3,70,2,12,2021,04:52,3,16,16137,1,3,1,6,carrefour  D4 - D163,45.607771,0.475169,4,1,1
202100055547,102Â 566,B01,1,1,1,0,2,0,-1,-1, -1,-1,2021,24.0,1,1,0,2,7,2,1,,3,BALLANGER (BD ROBERT),0,,2,2,0,1,0,1,1,, -1,1,0,1,50,11,1,2021,21:35,5,93,93078,2,1,0,3,BALLANGER (BD ROBERT),48.95405,2.53396,21,2,2
202100033918,141Â 135,A01,1,1,2,1,1,-1,-1,0,0,-1,2021,19.0,2,2,0,2,4,1,1,,3,984,-1,C,2,2,0,1,2,250,1,, -1,1,0,1,-1,17,6,2021,13:35,1,1,1354,2,1,0,4,Rue de la Faucille,46.266557,6.031859,13,3,3
202100041368,127Â 664,A01,1,1,2,4,1,-1,-1,0,0,-1,2021,52.0,2,2,0,2,1,19,1,,3,153,-1,,2,2,0,1,4,300,1,, -1,2,0,1,80,6,5,2021,07:15,1,53,53135,1,2,0,3,Le Pont Vien,47.916202,-1.001231,7,3,2
202100024272,158Â 283,B01,1,1,1,5,8,-1,-1,-1, -1,-1,2021,26.0,1,1,0,0,0,0,3,,3,NORMANDIE (AVENUE DE),0,,2,2,0,1,0,1570,1,, -1,1,0,1,50,12,8,2021,20:40,1,50,50129,2,2,0,1,NORMANDIE (AVENUE DE),49.62695,-1.63662,20,2,2
202100046864,118Â 009,B01,1,1,1,4,2,0,-1,-1, -1,-1,2021,27.0,1,1,0,2,8,15,1,,4,DAUPHINE (DU)                       (R ),0,,2,2,0,1,(1),(1),1,, -1,1,0,1,50,20,3,2021,11:10,1,69,69383,2,3,0,3,DAUPHINE (DU) (R),45.75379,4.87196,11,2,2
202100020105,165Â 687,A01,1,1,2,1,8,0,-1,0,0,-1,2021,24.0,2,1,0,2,3,1,5,,4,BOULEVARD JOURDAN,0,,2,8,3,1,(1),(1),1,, -1,1,0,5,30,8,9,2021,07:50,1,75,75114,2,2,0,3,BOULEVARD JOURDAN,48.822249,2.330308,7,2,2
202100039161,131Â 627,B01,2,2,2,2,8,0,-1,-1, -1,-1,2021,16.0,0,3,0,2,1,1,1,2.0,3,985,0,,3,0,0,1,215,0,1,, -1,1,0,1,50,20,5,2021,08:00,1,92,92064,2,9,0,4,REPUBLIQUE,48.8592186013,2.2124898434,8,4,3
202100044230,122Â 606,A01,1,1,1,4,1,0,-1,-1, -1,-1,2021,32.0,1,5,0,2,3,12,1,,1,A104,0,,3,8,0,1,7,99,1,, -1,1,0,1,90,13,4,2021,09:45,1,77,77294,1,1,0,2,A104,48.97048,2.57141,9,2,2
202100042677,125Â 347,A01,10,3,2,5,0,-1,-1,3,3,2,2021,53.0,0,2,0,1,2,1,1,,3,RAYMOND POINCARE  (RUE   ),0,,2,2,0,1,4,287,1,, -1,1,0,1,30,24,4,2021,11:30,1,77,77464,2,1,0,6,RAYMOND POINCARE  (RUE   ),48.88298,2.71451,11,2,1
202100024479,157Â 912,B01,1,1,1,4,2,6,-1,-1, -1,-1,2021,35.0,1,1,0,2,0,1,1,,4,ROCADE A 630,0,,2,2,0,1,(1),(1),1,, -1,1,5,1,50,13,8,2021,08:45,1,33,33281,1,3,0,4,Rue Jean Briaud,44.82189,-0.6723,8,3,3
202100029026,149Â 848,B01,1,1,1,5,0,-1,-1,0,0,-1,2021,51.0,3,1,0,2,1,16,5,,4,,-1,,2,1,0,1,(1),(1),1,,3,1,0,1,80,14,7,2021,21:30,1,29,29030,1,2,0,3,Lieu Dit Kerbellec,48.6844855527,-4.096583426,21,2,2
202100010281,183Â 331,A01,10,3,2,0,8,8,-1,3,3,1,2021,62.0,2,2,0,1,1,1,2,,4,EDISON THOMAS (RUE),0,,-1,2,0,1,0,0,1,, -1,1,0,1,50,29,10,2021,18:15,1,72,72181,2,1,0,6,EDISON THOMAS (RUE),48.02499,0.17941,18,2,1
202100013081,178Â 359,A01,10,3,1,5,0,-1,-1,1,3,1,2021,48.0,1,2,0,1,1,1,1,,4,QUAI DE LA FOSSE,0,,3,7,3,1,0,0,1,, -1,1,0,1,30,9,10,2021,05:25,5,44,44109,2,1,0,6,QUAI DE LA FOSSE,47.208824,-1.568112,5,2,1
202100005083,192Â 687,B01,1,1,1,3,1,-1,-1,0,0,-1,2021,72.0,1,2,0,2,8,1,1,,3,PARIS (ROUTE DE),0,,2,2,0,2,0,0,4,, -1,2,0,1,70,1,12,2021,16:45,2,14,14366,2,1,1,6,D613,49.147,0.24392,16,3,2
202100010841,182Â 348,B01,1,1,1,0,1,8,-1,-1, -1,-1,2021,65.0,3,2,16,0,6,1,1,,4,AUBER (RUE JULES),0,,1,1,0,1,0,0,1,, -1,1,0,1,50,24,10,2021,13:20,1,974,97411,2,2,0,3,AUBER (RUE JULES),-20.8828,55.4543,13,2,2
202100005135,192Â 598,A01,10,3,1,0,0,-1,-1,2,3,1,2021,63.0,2,2,0,1,3,1,1,,4,,-1,,2,2,0,1,(1),(1),1,,4,1,9,1,50,1,12,2021,06:45,1,974,97422,2,1,0,3,rue du gÃ©nÃ©ral de gaulle,-21.272199,55.515938,6,2,1
202100003354,195Â 769,A01,1,1,1,0,1,-1,-1,0,0,-1,2021,49.0,0,2,0,2,4,0,1,,3,D1330,0,,2,3,0,1,(1),(1),1,, -1,2,3,1,80,12,12,2021,11:30,1,60,60612,1,1,0,1,D1330,49.211374,2.607193,11,2,2
202100028153,151Â 380,A01,2,2,2,5,1,0,-1,-1, -1,-1,2021,19.0,1,2,0,2,4,15,1,,4,MAJOR GENERAL VANIER (AVENUE),0,,1,2,0,1,(1),(1),1,, -1,1,0,1,50,15,7,2021,14:50,1,10,10387,2,2,0,2,MAJOR GENERAL VANIER (AVENUE),48.305219,4.07419,14,5,2
202100037277,135Â 041,A01,2,2,1,0,1,0,-1,0,0,-1,2021,13.0,1,2,8,0,1,1,1,,3,CHATEAUVIEUX (ROUTE DE),0,,-1,2,0,1,2,300,1,, -1,1,0,1,50,29,5,2021,12:19,1,5,5061,1,1,0,6,CHATEAUVIEUX (ROUTE DE),44.50333,6.05769,12,2,1
202100002240,197Â 779,B01,3,2,1,0,3,-1,-1,-1, -1,-1,2021,0.0,1,2,0,2,4,13,1,,3,CHALONS (ROUTE DE) RN 44,0,,1,2,0,1,25,0,1,, -1,1,0,1,90,17,12,2021,17:35,3,51,51493,1,1,0,2,Route de ChÃ¢lons,49.221867097,4.117821157,17,3,2
202100009001,185Â 628,B01,1,1,2,5,8,-1,-1,0,0,-1,2021,52.0,1,2,0,2,1,1,1,,2,94,-1,,2,2,0,2,118,863,2,, -1,1,9,1,80,8,11,2021,18:35,3,5,5036,1,1,0,1,N94,44.622396,6.536393,18,2,2
202100008281,186Â 913,A01,10,3,2,5,0,-1,-1,3,3,2,2021,38.0,1,5,0,1,2,1,1,,2,7,0,,2,2,0,1,11,500,1,, -1,1,0,1,50,12,11,2021,18:30,5,38,38336,2,1,0,6,N7,45.492134,4.832021,18,2,1
202100024862,157Â 216,A01,1,1,2,0,1,0,-1,-1, -1,-1,2021,31.0,2,2,0,2,5,13,1,,3,CD 14,0,,1,4,0,1,0,428,1,, -1,2,0,1,50,9,8,2021,09:30,1,78,78238,2,9,1,2,CD 14,48.96353,1.86282,9,2,2
202100044517,122Â 137,B01,1,1,2,5,1,8,-1,0,0,-1,2021,20.0,2,2,0,2,1,1,1,,3,26,0,,2,2,0,1,6,400,3,, -1,1,0,1,90,9,4,2021,18:40,1,45,45139,1,1,0,1,D26-PR 6 + 400,48.185708,2.312155,18,2,2
202100032696,143Â 324,Z01,10,3,2,9,8,8,-1,5,2,1,2021,32.0,2,1,0,1,1,25,1,,4,RUE VILLIERS DE L ISLE ADAM,0,,2,2,0,2,(1),(1),1,, -1,1,0,4,30,23,6,2021,20:30,2,75,75120,2,1,0,6,RUE VILLIERS DE L ISLE ADAM,48.866058,2.394718,20,2,1
202100047216,117Â 367,A01,1,1,1,0,2,8,-1,-1, -1,-1,2021,32.0,1,1,0,2,1,26,0,,3,COLBERT (BOULEVARD),0,,-1,2,0,2,4,955,1,, -1,1,0,1,50,20,3,2021,16:25,1,61,61001,2,3,0,5,COLBERT (BOULEVARD),48.434546,0.076417,16,3,3
202100054994,103Â 512,A01,1,1,1,1,1,8,-1,-1, -1,-1,2021,43.0,2,5,0,2,1,2,1,,1,A86,0,,3,4,0,1,1,600,1,, -1,2,0,1,90,15,1,2021,07:25,3,92,92050,1,1,0,2,A86,48.9124918228,2.2178503551,7,2,2
202100011455,181Â 243,A01,1,1,1,5,1,-1,-1,0,0,-1,2021,40.0,1,2,15,0,3,13,1,,3,901,0,A,2,2,0,3,(1),(1),3,, -1,1,0,3,50,23,10,2021,04:30,4,80,80736,2,1,0,6,D901,50.009642,1.904261,4,1,1
202100050132,112Â 120,B01,1,1,1,1,2,6,-1,-1, -1,-1,2021,21.0,1,1,0,2,1,21,1,,7,M6   447.520 A 448.490,0,,3,3,3,2,448,40,1,, -1,1,0,1,70,25,2,2021,17:10,1,69,69040,1,1,0,4,M6 ,45.7993635023,4.7752428817,17,3,3
202100034943,139Â 246,B01,1,1,1,5,8,0,-1,-1, -1,-1,2021,39.0,2,1,0,2,1,1,5,,4,GAMBETTA (BOULEVARD),0,,2,3,0,2,0,0,1,, -1,1,5,1,50,9,6,2021,15:01,1,87,87085,2,2,0,3,GAMBETTA (BOULEVARD),45.82858,1.25616,15,2,2
202100054717,103Â 986,B01,2,2,2,5,1,-1,-1,0,0,-1,2021,85.0,1,2,0,2,3,2,1,,3,751,-1,,3,2,0,1,20,980,1,, -1,1,0,1,80,18,1,2021,17:08,1,49,49261,1,3,0,1,D751,47.354437,-0.297704,17,3,2
202100034985,139Â 161,A01,1,1,1,0,2,8,-1,-1, -1,-1,2021,53.0,0,1,0,2,8,13,1,,3,RN 16_PONT RN 330_PONT ZONE DE VAUX,0,,1,2,0,2,16,0,1,, -1,1,2,1,110,10,6,2021,17:30,1,60,60175,1,1,0,5,RN 16_PONT RN 330_PONT ZONE DE VAUX,49.26347,2.48674,17,2,2
202100056433,101Â 026,Z01,10,3,2,0,8,8,-1,4,3,1,2021,64.0,1,2,0,1,2,26,0,,3,WILSON (AVENUE DU PRESIDENT),0,,1,2,3,1,0,1,1,, -1,1,9,1,50,2,1,2021,16:15,1,93,93066,2,1,0,6,WILSON (AVENUE DU PRESIDENT),48.912,2.358,16,2,1
202100030679,146Â 917,A01,1,1,1,1,1,0,-1,-1, -1,-1,2021,44.0,1,2,4,0,1,17,1,,1,AUTOROUTE A6A,0,,1,3,0,1,6,99,3,, -1,3,0,1,90,5,7,2021,06:20,1,94,94021,1,1,1,6,AUTOROUTE A6A,48.76372,2.34185,6,1,1
202100042969,124Â 867,A01,1,1,2,0,1,-1,-1,0,0,-1,2021,23.0,1,2,13,0,2,0,1,,3,210,0,D,2,2,0,1,3,100,2,, -1,1,0,1,80,24,4,2021,01:40,3,58,58120,1,1,0,6,La Gare,47.242426,3.905983,1,1,1
202100006988,189Â 270,A01,1,1,1,5,1,-1,-1,-1,0,-1,2021,53.0,2,2,0,2,1,1,1,,3,RD 170,0,,3,4,0,1,1,0,1,, -1,1,0,1,70,21,11,2021,19:30,3,95,95582,1,1,0,2,RD 170,48.964342,2.268437,19,2,2
202100016098,172Â 864,A01,1,1,1,4,2,0,-1,-1, -1,-1,2021,23.0,1,1,0,0,1,1,1,,4,voie expresse MAYOL,0,,1,1,0,1,0,0,2,, -1,9,0,1,50,29,9,2021,17:50,1,83,83137,2,1,0,7,Voie TessÃ© Roosevelt,43.12156,5.93835,17,1,1
202100032526,143Â 628,B01,1,1,1,1,2,-1,-1,-1, -1,-1,2021,45.0,1,1,0,0,0,0,5,,3,YOURI GAGARINE (AV),0,,2,1,1,1,1,0,1,, -1,1,-1,5,20,24,6,2021,10:40,1,94,94081,2,9,0,3,Avenue Youri Gagarine,48.787808,2.390617,10,2,2
202100005227,192Â 437,A01,1,1,1,0,2,-1,-1,-1, -1,-1,2021,17.0,3,1,12,0,1,0,1,,4,BELLEVUE                            (QU),0,,1,2,0,1,(1),(1),1,, -1,1,0,1,50,30,11,2021,01:50,5,69,69034,2,1,0,6,BELLEVUE (Q),45.78573,4.84872,1,1,1
202100012234,179Â 855,A01,1,1,2,5,1,0,-1,-1, -1,-1,2021,33.0,1,2,1,2,2,1,1,,4,EDOUARD VAILLANT (RUE),0,,2,2,0,2,(1),(1),1,, -1,1,0,1,50,18,10,2021,17:50,1,10,10387,2,1,0,6,EDOUARD VAILLANT (RUE),48.2798705417,4.0774512291,17,3,2
202100025152,156Â 697,B01,3,2,2,5,1,0,-1,0,0,-1,2021,22.0,1,2,0,2,3,1,1,,4,RUE CRILLON,0,,1,1,0,1,(1),(1),1,, -1,2,0,1,50,7,8,2021,18:15,1,75,75104,2,2,0,3,RUE CRILLON,48.849513,2.365627,18,5,2
202100003245,195Â 966,A01,10,3,2,3,0,-1,-1,3,3,1,2021,75.0,1,2,0,1,3,1,1,,4,AVENUE DE CALAIS,0,,2,2,0,1,(1),(1),1,, -1,2,0,1,50,10,12,2021,08:30,2,62,62548,2,1,1,6,AVENUE DE CALAIS,50.947797,1.948817,8,2,1
202100019158,167Â 385,A01,1,1,1,0,2,8,-1,-1, -1,-1,2021,20.0,1,1,0,2,3,17,1,,7,ROBERTSAU (RUE DE LA),0,,2,2,0,1,(1),(1),1,, -1,1,0,1,50,12,9,2021,10:30,1,67,67043,2,3,0,3,ROBERTSAU (RUE DE LA),48.61406,7.76062,10,2,2
202100013112,178Â 306,B01,1,1,1,1,2,6,-1,0,0,-1,2021,34.0,1,1,0,2,1,1,1,,4,BOULEVARD VINCENT AURIOL,0,,1,2,1,2,(1),(1),1,, -1,1,0,1,30,15,10,2021,15:10,1,75,75113,2,1,0,3,BOULEVARD VINCENT AURIOL,48.835482,2.369294,15,2,2
202100000730,200Â 405,A01,10,3,2,0,0,-1,-1,4,3,1,2021,18.0,1,2,0,1,1,15,1,,4,SAPINIERE (RUE DE LA),0,,2,2,0,1,(1),(1),1,, -1,2,0,1,50,27,12,2021,18:33,5,54,54304,2,3,1,6,SAPINIERE (RUE DE LA),48.694485,6.128022,18,2,1
202100024387,158Â 092,B01,1,1,1,5,2,-1,-1,0,0,-1,2021,20.0,2,1,0,2,8,1,1,,3,36,0,,2,2,0,1,36,732,2,, -1,1,0,1,80,14,8,2021,19:35,1,31,31135,2,4,0,3,Route de Mondavezan,43.223465,1.068211,19,2,2
202100018666,168Â 273,A01,1,1,1,5,2,6,-1,0,0,-1,2021,62.0,2,1,0,2,8,17,1,,3,1091,-1,,2,2,0,1,23,100,1,, -1,1,0,1,80,17,9,2021,15:30,1,38,38052,1,1,0,3,RD 1091,45.116813,5.984416,15,2,2
202100049884,112Â 571,A01,1,1,1,0,8,-1,-1,-1, -1,-1,2021,52.0,1,1,0,2,1,1,1,,4,RUE CAPDEVILLE,0,,2,2,0,1,(1),(1),1,, -1,1,0,1,50,27,2,2021,19:55,5,33,33063,2,3,0,3,Rue Capdeville,44.8432399893,-0.5864357582,19,2,2
202100034055,140Â 888,A01,10,3,1,2,0,-1,-1,3,3,1,2021,18.0,1,2,0,1,1,26,1,,4,BEDIER BOULEVARD,0,,2,2,0,1,1,0,1,, -1,1,0,1,50,14,6,2021,07:55,1,49,49007,2,1,1,6,BEDIER BOULEVARD,47.45123,-0.54764,7,3,1
202100023194,160Â 160,A01,9,2,2,5,1,-1,-1,0,0,-1,2021,20.0,2,2,4,0,2,1,1,,1,9,0,A,3,5,0,1,145,700,1,, -1,1,0,2,130,22,8,2021,13:50,1,34,34101,1,1,0,6,A9,43.39075,3.460683,13,4,1
202100012404,179Â 533,A01,1,1,1,0,8,-1,-1,0,0,-1,2021,16.0,0,1,0,2,1,25,3,,4,ROBERT LE COQ (RUE),0,,1,1,0,1,(1),(1),1,, -1,1,0,1,50,16,10,2021,13:25,1,80,80021,2,3,0,3,ROBERT LE COQ (RUE),49.90031,2.26867,13,2,2
202100011473,181Â 219,A01,10,3,1,5,0,-1,-1,6,2,1,2021,49.0,1,2,5,1,1,1,1,,3,12,0,,2,2,0,1,10,700,3,, -1,1,0,3,50,23,10,2021,20:50,5,54,54189,2,1,0,6,Rue du Saintois,48.465452134,5.9526371951,20,2,1
202100045012,121Â 270,B01,1,1,1,5,2,6,-1,-1, -1,-1,2021,40.0,1,1,0,2,2,3,1,,1,A86.INT,0,,3,2,0,1,30,0,1,, -1,1,0,1,90,6,4,2021,19:30,1,94,94033,1,1,0,5,A86.INT,48.8520234289,2.4897042795,19,4,3
202100035116,138Â 935,A01,10,3,2,0,0,-1,-1,2,B,1,2021,72.0,1,2,0,1,2,1,1,,2,20,-1,,2,2,0,1,62,900,3,, -1,1,0,1,50,11,6,2021,10:12,1,202,202354,2,1,0,1,RT 20,42.171988,9.171031,10,2,1
202100026328,154Â 633,A01,1,1,1,0,2,0,-1,0,0,-1,2021,50.0,2,0,0,0,1,1,3,,2,JEAN JAURES ( AVENUE ),0,,2,2,0,1,38,990,1,, -1,1,0,1,50,29,7,2021,22:20,5,5,5061,2,1,0,7,JEAN JAURES ( AVENUE ),44.5504,6.06924,22,1,1