Num_Acc,id_vehicule,num_veh,place,catu,sexe,trajet,secu1,secu2,secu3,locp,actp,etatp,year_acc,victim_age,senc,catv,obs,obsm,choc,manv,motor,occutc,catr,voie,v1,v2,circ,nbv,vosp,prof,pr,pr1,plan,lartpc,larrout,surf,infra,situ,vma,jour,mois,an,hrmn,lum,dep,com,agg_,int,atm,col,adr,lat,long,hour,nb_victim,nb_vehicules
202100036924,135Â 700,A01,10,3,2,5,0,-1,-1,0,1,1,2021,67.0,3,1,0,1,1,17,0,,4,,-1,,-1,2,0,1,0,0,1,, -1,1,0,8,20,2,6,2021,18:40,1,57,57260,2,1,0,6,Rue du cimetiÃ¨re,49.161951,7.031593,18,2,1
202100047141,117Â 504,A01,1,1,1,1,2,0,-1,0,0,-1,2021,24.0,3,1,0,0,0,1,5,,4,AVENUE DE GRAVELLE,0,,2,2,0,1,(1),(1),1,, -1,1,0,1,50,18,3,2021,19:50,5,75,75112,2,1,0,7,AVENUE DE GRAVELLE,48.824118,2.422038,19,1,1
202100033575,141Â 751,A01,1,1,2,1,8,0,-1,-1, -1,-1,2021,24.0,2,1,0,2,8,19,0,,4,REMY(BOULEVARD DU COLONEL),0,,3,4,1,1,(1),(1),1,, -1,1,0,1,50,15,6,2021,09:18,1,56,56260,2,1,0,3,REMY(BOULEVARD DU COLONEL),47.65342,-2.78364,9,2,2
202100052002,108Â 757,A01,1,1,2,5,8,0,-1,-1, -1,-1,2021,56.0,3,2,9,0,3,13,1,,4,NEUF CLES (BOULEVARD DES),0,,2,1,0,4,(1),(1),2,, -1,1,0,4,50,8,2,2021,14:05,1,71,71270,2,1,0,6,NEUF CLES (BOULEVARD DES),46.31137,4.8205,14,1,1
202100048727,114Â 662,A01,1,1,2,9,1,-1,-1,0,0,-1,2021,67.0,0,2,7,0,7,19,1,,3,203,0,D,2,2,0,1,0,800,1,, -1,1,9,1,80,9,3,2021,08:30,1,42,42120,1,2,1,3,Route de Saint Jean,45.9921731868,3.9968803168,8,2,2
202100012425,179Â 498,A01,1,1,1,1,1,-1,-1,0,0,-1,2021,45.0,2,2,13,0,1,14,1,,3,PIC DU MIDI (BOULEVARD DU),0,,-1,2,0,1,22,400,2,, -1,1,0,8,90,18,10,2021,14:00,1,65,65433,1,1,0,6,PIC DU MIDI (BOULEVARD DU),43.20016,0.0967,14,1,1
202100001048,199Â 890,A01,1,1,2,0,2,8,-1,-1, -1,-1,2021,28.0,1,1,0,2,7,15,5,,3,GAMBETTA (BOULEVARD),0,,2,2,0,1,0,0,1,, -1,1,9,1,50,29,12,2021,07:50,2,2,2738,2,2,0,3,GAMBETTA (BOULEVARD),49.65379,3.29211,7,2,2
202100016927,171Â 365,A01,10,3,2,5,0,-1,-1,3,5,1,2021,57.0,3,2,0,1,2,15,1,,4,JAURES (PLACE JEAN),0,,3,1,0,1,(1),(1),2,, -1,1,0,1,50,24,9,2021,07:00,5,37,37261,2,1,0,6,JAURES (PLACE JEAN),47.3900372326,0.6896029836,7,2,1
202100047391,117Â 060,A01,1,1,1,1,2,6,-1,0,0,-1,2021,35.0,3,1,0,2,3,2,1,,4,ROUTE DES LACS A PASSY,0,,2,1,0,1,(1),(1),1,, -1,1,0,1,50,18,3,2021,09:15,1,75,75116,2,2,0,2,ROUTE DES LACS A PASSY,48.857848,2.262939,9,2,2
202100022428,161Â 548,A01,10,3,1,1,0,-1,-1,3,3,1,2021,31.0,1,2,0,1,1,16,1,,4,BONNEFONS (RUE JEAN),0,,1,1,0,1,(1),(1),2,, -1,1,0,1,50,26,8,2021,06:10,2,63,63113,2,2,0,6,BONNEFONS / Fayolle,45.78127,3.07942,6,2,1
202100027873,151Â 891,A01,1,1,2,0,1,0,-1,-1, -1,-1,2021,30.0,3,2,0,2,1,1,1,,4,DOCTEUR GEORGES LEVY (DU)           (AV),0,,2,2,2,1,(1),(1),1,, -1,1,0,1,50,20,7,2021,18:00,1,69,69259,2,2,0,2,DOCTEUR GEORGES LEVY (DU)           (AV),45.7193539752,4.8547768593,18,2,2
202100017693,169Â 994,B01,1,1,1,5,2,8,-1,-1, -1,-1,2021,17.0,2,1,0,2,1,12,1,,3,ROSNY (AVENUE DE),0,,1,3,0,1,0,0,1,, -1,1,0,1,50,21,9,2021,21:00,5,93,93077,2,1,0,2,ROSNY (AVENUE DE),48.88188,2.49735,21,2,2
202100034530,140Â 007,A01,1,1,1,0,8,-1,-1,0,0,-1,2021,27.0,0,2,0,2,1,5,1,,2,330,-1,,2,2,0,1,15,0,3,, -1,1,0,1,80,15,6,2021,15:30,1,60,60087,1,1,0,1,Route Nationale 330,49.174746,2.653112,15,2,2
202100042848,125Â 077,A01,1,1,2,3,1,-1,-1,0,0,-1,2021,83.0,1,2,1,0,2,14,1,,4,LARCHER (RUE JEAN),0,,2,2,0,1,(1),(1),1,, -1,1,0,1,50,23,4,2021,10:47,1,65,65440,2,1,0,6,LARCHER (RUE JEAN),43.235724,0.074812,10,1,1
202100018837,167Â 976,A01,9,2,1,4,0,-1,-1,0,0,-1,2021,56.0,1,4,0,0,0,15,1,,3,40,-1,,2,2,0,1,0,170,1,, -1,1,0,5,50,16,9,2021,09:37,1,89,89172,2,3,0,7,Rue des Gombards,48.218713,3.381459,9,3,1
202100046523,118Â 625,A01,1,1,1,5,2,-1,-1,-1, -1,-1,2021,17.0,3,1,0,2,1,0,1,,4,BOUCHES DU RHONE (BOULEVARD DES),0,,-1,2,0,1,(1),(1),1,, -1,1,0,1,50,25,3,2021,18:10,1,51,51454,2,2,0,3,Boulevard des Bouches du RhÃ´ne,49.2323926503,4.0183573356,18,2,2
202100017218,170Â 869,A01,1,1,1,5,2,6,9,0,0,-1,2021,25.0,1,1,0,0,9,2,1,,3,41,0,D,2,2,0,2,(1),(1),2,, -1,1,0,3,80,25,9,2021,15:27,1,68,68025,1,9,0,7,RD41,47.483946,7.299514,15,1,1
202100014660,175Â 510,B01,1,1,2,9,2,0,-1,-1, -1,-1,2021,19.0,3,1,0,2,3,1,1,,3,7,0,,2,2,0,1,0,0,1,, -1,1,0,1,50,7,10,2021,11:55,1,92,92064,2,3,0,3,MILONS,48.8494944905,2.2238892317,11,2,2
202100046898,117Â 945,B01,2,2,2,2,1,-1,-1,0,0,-1,2021,18.0,1,2,0,2,1,1,1,,3,JUIN (BOULEVARD DU MARECHAL),0,,2,3,0,1,2,741,1,, -1,1,0,1,50,23,3,2021,17:14,1,65,65440,2,1,0,4,JUIN (BOULEVARD DU MARECHAL),43.23714,0.05658,17,4,3
202100054430,104Â 462,A01,10,3,1,9,0,-1,-1,4,3,1,2021,69.0,1,5,0,1,3,1,1,,3,REPUBLIQUE (RUE DE LA),0,,2,2,0,1,1,0,1,, -1,2,0,1,30,13,1,2021,18:45,5,59,59385,2,1,1,6,REPUBLIQUE (RUE DE LA),50.29188,4.08098,18,2,1
202100011956,180Â 351,A01,2,2,1,5,0,-1,-1,-1, -1,-1,2021,19.0,2,2,15,0,0,1,1,,3,,-1,,2,2,-1,1,3,240,1,, -1,2,0,3,-1,4,6,2021,17:50,1,48,48095,1,1,1,6,,44.508754,3.515973,17,3,1
202100053981,105Â 261,B01,1,1,1,2,8,0,-1,-1, -1,-1,2021,20.0,1,1,0,2,1,16,0,,3,GALLIENI ( RUE ),0,,2,2,0,1,0,0,1,, -1,1,0,1,50,23,1,2021,08:25,2,92,92004,2,5,0,3,GALLIENI ( RUE ),48.9090254779,2.2867172956,8,2,2
202100052748,107Â 441,C01,2,2,2,0,1,5,-1,-1, -1,-1,2021,30.0,2,2,0,2,3,1,1,,2,ROUTE NATIONALE 1,0,,-1,2,0,2,10,500,1,, -1,1,0,1,80,31,1,2021,07:00,1,972,97213,1,1,0,4,ROUTE NATIONALE 1,14.65818,-60.97268,7,6,3
202100044011,123Â 009,A01,1,1,1,4,1,0,-1,-1, -1,-1,2021,54.0,2,2,0,2,1,1,1,,3,TABLE DU ROI (CARREFOUR DE LA),0,,2,2,0,1,10,120,1,, -1,1,0,1,70,14,4,2021,11:35,1,77,77186,1,1,0,4,TABLE DU ROI (CARREFOUR DE LA),48.48277,2.6664,11,5,3
202100051976,108Â 799,A01,1,1,2,0,1,0,-1,-1, -1,-1,2021,36.0,2,2,0,2,0,26,1,,1,AUTOROUTE A86,0,,3,6,0,1,19,0,1,, -1,2,2,1,90,10,2,2021,06:05,5,93,93029,1,1,1,3,AUTOROUTE A86,48.92587,2.42375,6,2,2
202100005548,191Â 885,B01,1,1,1,0,2,0,-1,-1, -1,-1,2021,21.0,2,1,0,2,7,17,1,,4,MARIGNY (COUR),0,,1,1,0,1,1,0,1,, -1,1,0,1,30,25,11,2021,18:50,5,94,94080,2,1,0,3,Cours Marigny,48.845827,2.43986,18,2,2
202100036346,136Â 730,B01,2,2,2,5,2,6,-1,0,0,-1,2021,53.0,2,1,0,2,8,1,1,,2,7,-1,,2,3,0,1,110,850,1,, -1,1,0,1,80,5,6,2021,16:20,1,26,26235,1,1,0,3,15 Allee Alfred Jarry,44.389237,4.699574,16,3,2
202100036801,135Â 925,A01,1,1,2,0,8,-1,-1,-1, -1,-1,2021,23.0,1,1,14,0,1,1,3,,4,CHATEAUGIRON (DE),0,,2,2,2,1,(1),(1),1,, -1,1,4,1,50,2,6,2021,15:50,1,35,35238,2,8,0,6,CHATEAUGIRON (DE),48.092941,-1.631045,15,1,1
202100011402,181Â 341,A01,1,1,1,5,1,0,-1,-1, -1,-1,2021,59.0,2,5,10,0,1,1,1,,3,ROCADE SUD RD 6161,0,,1,2,0,2,1,0,2,, -1,1,5,3,80,23,10,2021,21:45,3,11,11069,2,3,0,6,ROCADE SUD RD 6161,43.20421,2.3868,21,2,2
202100020497,164Â 997,B01,1,1,1,5,2,-1,-1,-1, -1,-1,2021,39.0,0,1,0,2,7,1,1,,4,MARCEAU (RUE),0,,2,4,0,1,0,0,1,, -1,1,0,1,50,27,8,2021,12:20,1,76,76351,2,6,0,3,MARCEAU (RUE),49.49151,0.13229,12,2,2
202100005092,192Â 671,A01,10,3,2,1,0,-1,-1,9,3,1,2021,56.0,1,5,0,1,1,15,1,,7,,0,,2,2,0,1,(1),(1),1,, -1,1,0,1,50,2,12,2021,18:28,5,6,6123,2,9,0,6,CURIE PIERRE ET MARIE AVENUE,43.691065,7.185489,18,2,1
202100002994,196Â 425,B01,1,1,2,1,1,-1,-1,0,0,-1,2021,29.0,2,2,0,2,1,1,1,,3,930,-1,,2,1,0,4,22,800,1,,3,1,0,1,80,15,12,2021,13:30,1,32,32024,1,2,0,1,D930,43.84584,0.4141,13,2,2
202100001984,198Â 252,B01,1,1,2,4,2,4,-1,0,0,-1,2021,23.0,2,1,0,2,9,1,5,,1,ROUTE PROVINCIALE ROUTE DU SUD,0,,1,1,0,2,(1),(1),3,, -1,1,3,1,50,21,12,2021,11:40,1,988,98818,2,3,0,3,VE1 BRETTELLE D'INSERTION/RUE JACQUES IEKAWE,-22.22402,166.48104,11,2,2
202100002214,197Â 835,B01,1,1,1,5,1,-1,-1,-1, -1,-1,2021,54.0,1,2,0,2,4,2,1,,1,ROCADE A 630,0,,3,6,1,2,4,263,1,, -1,1,0,1,70,19,12,2021,18:15,5,33,33063,1,1,0,2,ROCADE A 630,44.882907,-0.552659,18,3,2
202100053062,106Â 877,A01,1,1,1,5,2,6,-1,0,0,-1,2021,61.0,2,1,0,2,1,9,1,,4,SEBASTOPOL,0,,2,2,0,1,(1),(1),1,, -1,1,0,1,30,29,1,2021,15:43,1,29,29019,2,6,0,3,Rue SÃ©bastopol,48.4003432,-4.4691575,15,2,2
202100022811,160Â 833,B01,1,1,2,1,2,-1,-1,-1, -1,-1,2021,45.0,3,1,0,2,7,1,1,,4,CRS DE LA LIBERATION,0,,3,2,0,1,(1),(1),1,, -1,1,0,1,50,23,8,2021,20:10,1,33,33318,2,1,0,3,Cours de la LibÃ©ration,44.79342,-0.60525,20,2,2
202100050664,111Â 124,B01,1,1,1,3,2,6,-1,0,0,-1,2021,16.0,1,1,0,2,1,1,1,,3,7,-1,,2,2,0,1,70,940,1,, -1,1,0,1,80,20,2,2021,14:20,1,83,83004,1,1,0,2,Dn7,43.442606,6.461635,14,3,2
202100023704,159Â 246,A01,1,1,1,0,2,0,-1,0,0,-1,2021,37.0,3,1,0,2,1,1,5,,7,LUPCOURT (ROUTE DE),0,,4,1,0,2,(1),(1),1,, -1,1,2,1,70,17,8,2021,19:24,2,54,54197,1,9,0,3,LUPCOURT (ROUTE DE),48.62618,6.21828,19,6,2
202100025616,155Â 896,A01,1,1,2,4,1,0,-1,-1, -1,-1,2021,25.0,3,5,0,2,1,2,1,,2,RN 568,0,,3,4,0,1,0,0,1,, -1,1,0,1,50,4,8,2021,03:00,5,13,13077,2,1,0,2,RN 568,43.42169,4.97744,3,2,2
202100023813,159Â 057,B01,2,2,2,5,2,-1,-1,0,0,-1,2021,34.0,1,1,0,2,1,1,1,,3,28,-1,,2,2,0,1,26,50,3,, -1,1,0,1,80,17,8,2021,18:40,1,88,88073,1,4,0,3,dÃ©partementale nÂ°28,48.353971,6.285499,18,4,2
202100050051,112Â 273,B01,1,1,1,5,2,6,-1,-1, -1,-1,2021,18.0,2,1,0,2,1,1,1,,3,,0,,2,2,0,1,12,180,1,, -1,1,0,1,70,26,2,2021,14:55,1,1,1451,1,2,0,3,Route de Bourg,46.24312,5.22447,14,2,2
202100034587,139Â 892,A01,1,1,1,2,2,6,-1,0,0,-1,2021,15.0,3,1,0,2,1,18,1,,4,LE LAY ( AVENUE ALAIN ),0,,1,1,1,1,(1),(1),1,, -1,1,-1,1,50,11,6,2021,10:15,1,29,29039,2,2,0,5,Avenue Alain le Lay,47.87695,-3.91523,10,3,3
202100048964,114Â 228,B01,1,1,1,5,2,6,-1,0,0,-1,2021,21.0,3,1,0,2,8,1,1,,4,PLACE DE LA CONCORDE,0,,1,4,0,1,(1),(1),2,, -1,1,0,1,50,6,3,2021,17:15,1,75,75108,2,7,0,3,PLACE DE LA CONCORDE,48.8646559464,2.3206955194,17,4,2
202100019867,166Â 129,B01,1,1,1,1,2,0,-1,-1, -1,-1,2021,31.0,0,1,0,2,7,1,5,,4,CORNE DE CERF (RUE DE LA ),0,,2,2,0,1,(1),(1),1,, -1,1,0,1,50,8,9,2021,17:45,1,45,45234,2,4,0,3,Rue du Pressoir Blanc,47.88461,1.8875,17,3,2
202100007868,187Â 677,B01,1,1,1,5,2,6,-1,-1, -1,-1,2021,20.0,2,1,0,0,4,26,1,,3,ROSNY (RUE DE),0,,2,2,0,1,0,1,1,, -1,1,0,1,50,16,11,2021,10:45,1,93,93048,2,1,0,2,ROSNY (RUE DE),48.86873,2.4613,10,2,2
202100004704,193Â 369,A01,10,3,2,5,0,-1,-1,2,3,1,2021,55.0,3,2,0,1,1,2,1,,4,MARECHAL FOCH (AVENUE DU),0,,2,2,0,1,0,100,1,, -1,2,9,1,30,3,12,2021,20:10,5,91,91421,2,1,1,6,MARECHAL FOCH (AVENUE DU),48.709961,2.464514,20,2,1
202100021453,163Â 298,B01,1,1,1,5,8,0,-1,-1, -1,-1,2021,16.0,2,1,0,2,3,10,3,,4,VIGNAT (RUE EUGENE),0,,1,1,0,2,1,0,1,, -1,1,6,1,40,1,9,2021,15:25,1,45,45234,2,1,0,3,VIGNAT (RUE EUGENE),47.90975,1.9112,15,4,2
202100015217,174Â 500,B01,1,1,1,5,2,-1,-1,0,0,-1,2021,62.0,2,1,0,0,1,17,1,,3,D625,-1,,2,2,0,1,24,966,1,, -1,1,0,1,50,26,6,2021,16:45,1,9,9160,2,1,0,2,63 avenue Alsace Lorraine,42.944726,1.857663,16,2,2
202100048792,114Â 554,A01,10,3,2,0,8,8,-1,4,3,1,2021,33.0,1,2,15,1,1,1,1,,4,AMPERE,0,,2,2,0,1,0,0,1,, -1,1,0,1,50,8,3,2021,09:30,1,93,93066,2,1,0,6,AMPERE,48.9234204161,2.3416113853,9,2,1
202100020622,164Â 766,B01,1,1,1,5,0,-1,-1,0,0,-1,2021,87.0,2,1,0,0,4,13,5,,3,803,0,,2,3,0,1,41,700,1,, -1,1,5,1,50,7,9,2021,09:48,1,46,46273,2,1,0,2,Avenue Charles de Gaulle,44.869002,1.875124,9,2,2
202100050180,112Â 023,B01,10,3,1,5,0,-1,-1,3,3,1,2021,69.0,3,2,0,1,4,2,1,,4,CORSAIRES (RUE AUX),0,,2,2,0,2,0,0,1,, -1,2,0,1,50,2,2,2021,12:20,1,50,50218,2,3,1,4,CORSAIRES (RUE AUX),48.838446,-1.598983,12,3,2
202100040812,128Â 670,A01,1,1,1,3,2,-1,-1,0,0,-1,2021,77.0,1,1,13,0,0,1,1,,3,20,-1,,2,2,0,1,0,600,3,, -1,1,0,1,50,9,5,2021,09:30,1,5,5179,2,1,0,6,Route des Savoyons,44.538225,5.838984,9,1,1
202100024605,157Â 675,A01,1,1,1,0,2,6,-1,-1, -1,-1,2021,35.0,3,1,3,0,0,16,1,,4,Rue du petit Bois,0,,1,1,0,3,(1),(1),3,, -1,1,0,1,50,11,8,2021,20:15,1,45,45232,2,1,0,6,Rue du petit Bois,47.86127,1.91134,20,1,1
202100004228,194Â 191,B01,1,1,1,0,2,-1,-1,0, -1,-1,2021,22.0,0,1,0,2,1,1,1,,4,DEJEAN (RUE),0,,2,2,0,1,(1),(1),1,, -1,2,0,1,50,1,12,2021,18:25,5,80,80021,2,1,1,3,DEJEAN (RUE),49.89079,2.31869,18,2,2
202100015078,174Â 754,A01,10,3,1,1,0,-1,-1,9,3,1,2021,33.0,0,2,0,1,1,26,0,,4,LAFFEMAS RUE BARTHELEMY DE (101),0,,2,2,0,1,(1),(1),1,, -1,1,0,1,20,5,10,2021,12:30,1,26,26362,2,9,0,6,14 Rue BarthÃ©lÃ©my de Laffemas,44.91907,4.91713,12,2,1
202100011742,180Â 736,B01,1,1,1,1,1,0,-1,-1, -1,-1,2021,53.0,1,5,0,2,4,2,1,,2,RN 104,0,,1,2,0,1,47,901,1,, -1,2,2,1,110,22,10,2021,08:20,1,91,91570,1,1,0,2,RN 104,48.62503,2.30812,8,2,2
202100040338,129Â 502,A01,2,2,1,5,8,0,-1,-1, -1,-1,2021,21.0,1,2,0,2,0,26,1,,4,HANNELOUP,0,,-1,2,0,1,1,0,1,, -1,1,0,1,50,10,5,2021,15:37,1,49,49007,2,1,0,3,HANNELOUP,47.468027,-0.546658,15,3,2
202100005293,192Â 325,B01,1,1,1,0,1,0,-1,-1, -1,-1,2021,61.0,1,2,0,2,3,1,1,,4,BOURGOGNE (RUE DE),0,,2,1,0,1,0,0,1,, -1,1,0,1,50,26,11,2021,18:45,2,52,52121,2,1,1,3,BOURGOGNE (RUE DE),48.09781,5.141,18,2,2
202100006499,190Â 185,A01,1,1,1,9,1,-1,-1,0,0,-1,2021,33.0,1,2,0,2,1,5,1,,3,603,-1,,2,2,0,2,37,60,1,, -1,1,0,1,90,24,11,2021,21:00,3,57,57695,1,1,0,1,D603,49.107028,6.448545,21,2,2
202100034398,140Â 253,B01,1,1,1,5,2,-1,-1,0,0,-1,2021,18.0,1,1,0,2,1,17,1,,7,36,0,,2,2,1,1,6,800,1,, -1,1,5,1,50,13,6,2021,21:40,1,59,59482,2,3,0,3,Rue de la Prevote,50.704731,2.987224,21,2,2
202100051833,109Â 055,B01,1,1,1,0,1,0,-1,-1, -1,-1,2021,55.0,1,2,0,2,3,1,1,,3,PARIS (RUE DE),0,,2,2,0,2,0,1,1,, -1,7,1,1,50,10,2,2021,13:39,1,93,93053,2,1,1,4,PARIS (RUE DE),48.9005998192,2.4533046638,13,3,3
202100015274,174Â 410,A01,1,1,1,1,1,-1,-1,0,0,-1,2021,21.0,1,2,2,0,3,0,0,,3,993,0,A,2,2,0,1,2,0,1,, -1,2,0,3,80,5,10,2021,06:15,2,54,54540,1,1,1,6,D993a,48.5698348095,6.9633793825,6,1,1
202100031524,145Â 413,A01,9,2,1,5,1,-1,-1,0,0,-1,2021,18.0,1,2,1,0,1,0,1,,3,954,-1,,2,2,0,2,(1),(1),3,, -1,1,0,4,80,20,5,2021,03:30,5,59,59411,2,4,0,6,4 Rue des 2 Villes,50.483569,3.087128,3,3,1
202100000311,201Â 163,B01,1,1,1,5,2,8,-1,-1, -1,-1,2021,60.0,3,1,0,2,0,0,0,,7,ROUTE DâAPT,0,,1,1,0,1,0,0,2,, -1,1,0,1,50,8,7,2021,09:30,1,13,13019,2,6,0,3,ROUTE DâAPT,43.46511,5.3536,9,2,2
202100031588,145Â 290,A01,10,3,1,1,0,-1,-1,3,3,2,2021,28.0,2,1,0,1,6,1,1,,4,AVENUE GAMBETTA,0,,2,4,1,1,(1),(1),1,, -1,2,9,1,30,30,6,2021,09:45,1,75,75120,2,1,1,6,AVENUE GAMBETTA,48.86413,2.392366,9,3,1
202100031094,146Â 163,B01,1,1,2,5,1,8,-1,-1, -1,-1,2021,35.0,2,2,0,2,3,1,1,,3,JOFFRE (BD. MARECHAL),0,,2,4,0,1,81,705,1,, -1,1,0,1,50,30,6,2021,08:45,1,43,43157,2,1,0,1,39 Boulevard Marechal Joffre,45.04938,3.89468,8,2,2
202100054904,103Â 669,B01,2,2,2,5,1,-1,-1,0, -1,-1,2021,9.0,1,2,0,2,4,1,1,,4,RN 12,0,,3,4,0,1,73,650,1,, -1,1,0,1,50,15,1,2021,11:09,1,29,29019,2,6,0,2,D112 - Rond Point de Pen Ar Chl'euz,48.4150715,-4.4794831,11,3,2
202100024955,157Â 058,A01,1,1,1,5,2,-1,-1,0,0,-1,2021,60.0,0,6,0,0,0,1,1,,3,235,-1,,2,2,0,1,4,200,1,, -1,1,0,8,80,8,8,2021,18:15,1,7,7155,1,1,0,7,Cd 235 - Route d'alihon,44.618323,4.352852,18,2,1
202100040474,129Â 258,A01,2,2,2,5,1,0,-1,-1, -1,-1,2021,18.0,3,2,9,0,1,1,1,,7,EPINETTE RUE DE L,0,,3,4,0,1,(1),(1),3,, -1,1,0,3,50,9,5,2021,14:25,1,59,59560,1,6,0,6,EPINETTE RUE DE L,50.54837,3.04949,14,2,1
202100000306,201Â 171,A01,10,3,2,5,0,-1,-1,3,3,1,2021,58.0,1,2,0,1,1,1,1,,3,CARNOT (PL.),0,,1,2,0,1,41,0,1,, -1,1,0,1,50,12,11,2021,15:20,1,62,62427,2,1,0,6,CARNOT (PL.),50.42047,2.94866,15,2,1
202100042134,126Â 314,B01,1,1,1,0,2,6,-1,0,0,-1,2021,68.0,3,1,0,0,4,23,1,,3,787,-1,D,2,2,0,1,(1),(1),1,, -1,1,8,1,70,29,4,2021,17:00,1,22,22161,1,1,0,2,Lan Frost,48.579365,-3.142138,17,2,2
202100043096,124Â 641,A01,10,3,2,5,0,-1,-1,3,3,1,2021,62.0,2,2,0,1,3,1,1,,3,977,0,D,2,2,0,1,(1),(1),1,, -1,1,9,8,30,23,4,2021,12:40,1,58,58131,2,1,0,6,49 Grande Rue,47.0851,3.192859,12,2,1
202100036919,135Â 711,B01,1,1,2,5,1,-1,-1,0,0,-1,2021,68.0,1,2,0,0,4,15,1,,3,123,0,,2,2,0,1,2,288,1,, -1,1,0,1,80,2,6,2021,16:15,1,17,17189,1,3,0,2,dÃ©partementale 123,45.824195195,-1.0557969418,16,2,2
202100040775,128Â 727,A01,1,1,1,0,2,0,-1,-1, -1,-1,2021,24.0,2,1,0,1,2,1,5,,3,AV DE LA DIVISION LECLERC ,0,,-1,3,1,1,1,0,1,, -1,1,0,5,50,8,5,2021,17:05,1,94,94016,2,1,0,6,Avenue de la Division Leclerc,48.78655,2.3296,17,2,1
202100019840,166Â 172,Z01,10,3,2,2,8,8,-1,3,3,1,2021,15.0,3,2,0,1,2,1,0,,4,TOUTES RUES,0,,-1,1,0,1,1,0,1,, -1,1,0,1,50,9,9,2021,08:20,1,202,202033,2,1,1,6,TOUTES RUES,42.6879418453,9.4353445942,8,2,1
202100018435,168Â 674,B01,1,1,1,0,8,0,-1,-1, -1,-1,2021,11.0,2,1,0,2,0,19,5,,4,,0,,2,2,0,1,0,0,1,, -1,1,0,1,50,11,9,2021,16:15,1,92,92063,2,1,0,3,PEREIRE (RUE),48.8896556579,2.1792009473,16,2,2
202100000228,201Â 321,B01,1,1,1,5,8,0,-1,-1, -1,-1,2021,13.0,1,1,0,2,1,19,5,,4,,0,,2,2,0,1,(1),(1),1,, -1,9,0,1,50,17,11,2021,17:01,2,36,36044,2,2,0,5,,46.80957,1.67017,17,3,3
202100046748,118Â 211,B01,1,1,1,9,0,-1,-1,-1, -1,-1,2021,15.0,3,1,0,2,0,1,5,,4,MULSANT BENOIT  R,0,,2,2,0,1,(1),(1),1,, -1,1,5,1,50,24,3,2021,16:00,1,69,69264,2,3,0,3,DESMOULINS CAMILLE (R),45.994695152,4.739315629,16,2,2
202100012470,179Â 417,A01,10,3,1,2,0,-1,-1,3,3,2,2021,2.0,1,2,0,1,1,1,1,,4,MONTE-CARLO (AVENUE),0,,2,2,0,1,(1),(1),1,, -1,1,0,1,50,18,10,2021,16:00,1,6,6029,2,1,0,6,MONTE-CARLO (AVENUE),43.553896,6.97047,16,2,1
202100044173,122Â 715,B01,1,1,1,1,1,8,-1,-1, -1,-1,2021,33.0,2,5,1,9,4,2,1,,4,PAUL DOUMER (AV),0,,2,2,0,1,1,0,1,, -1,1,0,1,30,12,4,2021,07:45,1,94,94077,2,1,0,2,Avenue Paul Doumer,48.738557,2.423684,7,2,2
202100019977,165Â 925,A01,1,1,1,1,2,-1,-1,0,0,-1,2021,37.0,1,1,13,0,2,0,1,,3,,-1,,2,2,0,1,8,725,1,,4,1,0,3,50,6,9,2021,14:30,1,6,6085,2,1,0,7,1297 avenue du gÃ©nÃ©ral de gaulle,43.613978,7.006865,14,1,1
202100032684,143Â 346,B01,1,1,1,1,1,0,-1,-1, -1,-1,2021,56.0,2,5,0,2,3,15,1,,4,CHARLES KADDOUZ (RUE),0,,2,2,1,1,(1),(1),1,, -1,1,0,5,30,23,6,2021,07:05,1,13,13212,2,1,0,3,CHARLES KADDOUZ (RUE),43.3142150981,5.4323767406,7,2,2
202100031717,145Â 065,A01,1,1,1,4,2,0,-1,-1, -1,-1,2021,19.0,2,1,0,0,7,1,1,,4,VOULDY (CHAUSSEE DU),0,,2,2,0,1,(1),(1),1,, -1,2,9,1,50,28,6,2021,22:14,5,10,10387,2,1,1,7,VOULDY (CHAUSSEE DU),48.29197,4.08661,22,1,1
202100019925,166Â 016,B01,1,1,1,0,1,8,-1,-1, -1,-1,2021,62.0,2,2,8,2,7,0,2,,3,JOFFRE (AVENUE),0,,3,5,0,1,0,0,1,, -1,1,9,1,50,8,9,2021,13:50,1,93,93031,2,1,0,5,Avenue Joffre,48.96209,2.29389,13,3,3
202100027451,152Â 659,A01,7,2,2,5,1,-1,-1,0,0,-1,2021,13.0,1,2,0,2,3,9,1,,3,613,0,D,2,4,0,1,52,778,1,, -1,1,9,1,80,24,7,2021,14:30,1,27,27210,1,2,0,1,D613,49.130689,0.81323,14,4,2
202100044575,122Â 041,B01,1,1,2,1,1,0,-1,-1, -1,-1,2021,47.0,1,2,0,2,4,2,1,,2,33 PK RN11 NANTES ROCADE,0,,3,4,0,1,34,883,1,, -1,2,0,1,70,9,4,2021,07:45,1,17,17291,1,1,1,2,33 PK RN11 NANTES ROCADE,46.17248,-1.11915,7,2,2
202100025748,155Â 659,A01,2,2,2,5,2,6,-1,-1, -1,-1,2021,62.0,2,1,14,0,1,7,1,,7,MARÃCHAL DE LATTRE (AVENUE),0,,2,3,3,1,0,0,1,, -1,1,0,1,50,3,8,2021,20:30,3,13,13209,2,1,0,7,MARÃCHAL DE LATTRE (AVENUE),43.24918,5.40542,20,2,1
202100020636,164Â 738,A01,1,1,1,5,1,-1,-1,0,0,-1,2021,34.0,1,2,2,0,1,1,1,,3,10,-1,,2,2,0,2,23,60,3,, -1,1,0,1,-1,4,9,2021,23:48,3,64,64256,1,1,0,7,Route de Cambo,43.381641,-1.314625,23,1,1