Num_Acc,id_vehicule,num_veh,place,catu,sexe,trajet,secu1,secu2,secu3,locp,actp,etatp,year_acc,victim_age,senc,catv,obs,obsm,choc,manv,motor,occutc,catr,voie,v1,v2,circ,nbv,vosp,prof,pr,pr1,plan,lartpc,larrout,surf,infra,situ,vma,jour,mois,an,hrmn,lum,dep,com,agg_,int,atm,col,adr,lat,long,hour,nb_victim,nb_vehicules
202100024778,157Â 360,A01,10,3,1,5,0,-1,-1,1,4,1,2021,7.0,3,2,0,1,2,1,1,,4,SEVRAN,0,,2,2,0,1,0,1,1,, -1,1,0,1,50,10,8,2021,20:15,1,93,93066,2,9,0,6,Rue de Sevran,48.94112,2.378962,20,2,1
202100015979,173Â 105,A01,1,1,1,1,1,-1,-1,0,0,-1,2021,62.0,2,2,0,2,1,1,1,,2,2,0,N,2,2,0,2,14,700,2,, -1,1,0,1,70,29,9,2021,05:55,2,972,97204,1,1,0,1,nationale 2 - Route de Choisy,14.693939,-61.165545,5,2,2
202100028977,149Â 933,A01,1,1,1,0,2,0,-1,-1, -1,-1,2021,20.0,0,1,0,2,1,2,1,,4,PRUD'HOMMES (TVSE),0,,-1,1,0,1,1,0,1,, -1,1,0,1,50,14,7,2021,15:00,1,13,13210,2,1,0,3,PRUD'HOMMES (TVSE),43.2744,5.43884,15,2,2
202100041168,128Â 014,B01,2,2,2,3,2,-1,-1,0,0,-1,2021,27.0,1,1,0,2,1,9,1,,2,1,-1,,2,2,0,1,5,100,4,, -1,1,0,1,70,7,5,2021,12:30,1,976,97610,1,9,0,3,Majicavo Lamir,-12.748484,45.227923,12,3,2
202100031137,146Â 083,A01,1,1,2,5,1,-1,-1,0,0,-1,2021,71.0,1,2,1,0,2,14,1,,4,GUILLOU ( BOULEVARD ALFRED ),0,,-1,2,1,1,(1),(1),1,, -1,1,0,1,50,1,7,2021,13:30,1,29,29039,2,1,0,6,Boulevard Alfred Guillou,47.87584,-3.92934,13,1,1
202100037430,134Â 751,A01,2,2,2,5,2,6,-1,-1, -1,-1,2021,46.0,1,1,0,5,1,1,1,,4,AVE MARCEL DASSAULT,0,,2,2,0,1,(1),(1),1,, -1,1,0,1,50,30,5,2021,10:15,1,33,33281,2,1,0,6,Avenue Marcel Dassault,44.84705,-0.71801,10,2,1
202100046343,118Â 937,B01,1,1,2,0,1,0,-1,-1, -1,-1,2021,51.0,1,2,0,2,4,0,1,,4,INDUSTRIE (RUE DE L'),0,,2,2,0,1,0,1,1,, -1,1,0,1,50,1,3,2021,11:15,1,74,74012,2,1,0,2,INDUSTRIE (RUE DE L'),46.19325,6.23415,11,2,2
202100029948,148Â 271,A01,3,2,1,5,8,0,-1,-1,0,-1,2021,29.0,3,4,0,0,7,26,1,,5,PAMPRE D'OR (RUE DU),0,,-1,0,0,1,(1),(1),1,, -1,9,9,8,50,3,7,2021,18:15,1,95,95127,2,1,0,7,PAMPRE D'OR (RUE DU),49.04626,2.04215,18,3,1
202100028606,150Â 583,B01,1,1,1,0,2,8,-1,-1, -1,-1,2021,37.0,2,1,0,2,1,1,1,,1,AUTOROUTE (A1),0,,1,6,0,1,0,19,1,, -1,1,0,1,90,16,7,2021,13:55,1,972,97209,1,1,0,2,AUTOROUTE (A1),14.61466,-61.04822,13,2,2
202100037648,134Â 362,A01,1,1,1,0,0,-1,-1,0,0,-1,2021,24.0,0,2,7,0,1,1,1,,4,115,0,,2,2,0,1,0,0,1,, -1,1,0,1,80,28,5,2021,23:30,3,72,72058,2,1,0,6,route du tertre,47.97791,0.301445,23,1,1
202100021657,162Â 919,B01,2,2,1,4,2,0,-1,0,0,-1,2021,35.0,2,1,0,2,2,1,1,,4,BOULEVARD DE COURCELLES,0,,2,2,0,1,(1),(1),1,, -1,1,0,1,30,31,8,2021,08:30,1,75,75108,2,1,0,3,BOULEVARD DE COURCELLES,48.880213,2.308109,8,3,2
202100003794,194Â 974,A01,10,3,1,0,0,-1,-1,4,3,3,2021,14.0,1,2,0,1,3,1,1,,7,311,0,D,2,2,0,1,0,200,1,, -1,2,5,1,50,10,12,2021,15:00,1,69,69069,2,2,1,6,11 NOVEMBRE 1918 (DU) (R),45.745931,4.730821,15,2,1
202100043277,124Â 307,A01,1,1,1,5,2,6,-1,0,0,-1,2021,53.0,3,1,17,0,1,1,1,,4,5,0,,2,2,0,2,(1),(1),4,, -1,1,0,3,80,4,4,2021,10:56,1,21,21038,1,1,1,6,Ham de la FeuillÃ©e,47.207266,5.419478,10,1,1
202100043591,123Â 753,A01,2,2,2,5,2,-1,-1,0,0,-1,2021,61.0,1,1,3,0,1,1,1,,3,,-1,,2,2,0,4,2,515,2,, -1,1,0,3,80,18,4,2021,16:00,1,85,85084,1,1,0,7,D11,46.791642,-1.215566,16,2,1
202100007709,187Â 977,A01,1,1,1,5,2,6,4,0,0,-1,2021,14.0,1,1,0,0,0,1,1,,3,99,0,,2,2,0,2,(1),(1),3,, -1,6,0,1,80,13,11,2021,17:30,2,14,14121,1,1,0,7,D99,49.167353,-0.759602,17,1,1
202100055580,102Â 509,A01,1,1,2,3,1,-1,-1,0,0,-1,2021,42.0,1,2,13,0,1,0,1,,3,1206,0,,-1,3,0,1,1,5,3,, -1,1,0,1,80,11,1,2021,14:10,1,74,74074,1,1,0,7,D1206,46.118956,5.918863,14,1,1
202100027803,152Â 016,A01,1,1,1,5,0,-1,-1,0,0,-1,2021,59.0,3,1,0,0,0,1,5,,4,,-1,,2,2,1,2,(1),(1),1,,"5,5",2,0,5,-1,4,7,2021,14:40,1,51,51030,1,1,0,7,Veloroute du Canal LatÃ©ral Ã  la Marne,49.042986,4.041287,14,1,1
202100001490,199Â 123,A01,1,1,1,9,8,0,-1,0,0,-1,2021,47.0,2,1,14,0,1,26,3,,4,,0,,2,2,3,2,(1),(1),1,, -1,1,4,6,25,21,12,2021,01:05,5,6,6088,2,8,0,7,MEDECIN (AV. JEAN),43.70611,7.26445,1,1,1
202100003829,194Â 906,B01,1,1,1,5,8,0,-1,0,0,-1,2021,40.0,1,1,0,2,8,19,3,,4,BOULEVARD MACDONALD,0,,2,4,0,1,(1),(1),1,, -1,1,0,1,30,9,12,2021,14:05,1,75,75119,2,2,0,3,BOULEVARD MACDONALD,48.897617,2.385687,14,2,2
202100037735,134Â 217,B01,1,1,1,0,2,8,-1,-1, -1,-1,2021,20.0,2,1,0,2,8,1,1,,3,BADUEL (ROUTE DE),0,,2,2,2,1,4,300,1,, -1,1,0,5,50,28,5,2021,12:40,1,973,97302,2,1,0,3,BADUEL (ROUTE DE),4.92817,-52.29285,12,2,2
202100054396,104Â 530,A01,1,1,1,5,2,-1,-1,0,0,-1,2021,65.0,2,1,0,2,0,13,0,,2,1,0,,2,3,0,1,38,500,1,, -1,1,0,1,80,20,1,2021,16:17,1,971,97114,1,1,0,3,N1,16.148071,-61.583573,16,2,2
202100050405,111Â 598,A01,1,1,1,2,2,6,-1,0,0,-1,2021,18.0,1,1,0,2,1,1,1,,3,42,0,,2,2,0,2,10,500,1,, -1,1,0,1,50,16,2,2021,16:30,1,88,88012,2,3,0,3,Sous les Roches,48.124976,6.528502,16,2,2
202100024026,158Â 700,A01,10,3,1,9,0,-1,-1,4,3,1,2021,21.0,1,2,0,1,2,15,1,,4,BOULEVARD BARBES,0,,2,4,0,1,(1),(1),3,, -1,1,0,1,50,15,8,2021,15:30,1,75,75118,2,2,0,6,BOULEVARD BARBES,48.890496,2.349645,15,2,1
202100054747,103Â 939,A01,2,2,2,5,1,0,-1,-1, -1,-1,2021,19.0,1,2,4,0,2,21,1,,1,A86 EXT,0,,1,1,0,1,63,0,3,, -1,5,3,2,50,16,1,2021,10:15,1,78,78322,1,1,1,6,A86 EXT,48.78052,2.17402,10,2,1
202100003545,195Â 408,A01,2,2,1,5,1,8,-1,-1, -1,-1,2021,30.0,3,2,0,2,1,19,1,,4,20 DECEMBRE 1948(AVENUE DU),0,,2,2,0,1,0,0,1,, -1,1,0,1,50,7,12,2021,22:00,5,974,97407,2,2,0,3,FERRY (RUE),-20.93512,55.29881,22,3,2
202100048074,115Â 816,A01,1,1,1,1,1,-1,-1,0,0,-1,2021,33.0,1,2,0,0,0,1,0,,3,,-1,,2,2,0,1,12,785,1,, -1,1,0,1,70,15,3,2021,18:45,2,85,85006,1,1,0,7,La CharloisiÃ¨re,46.785179,-1.752037,18,1,1
202100052387,108Â 070,Z01,10,3,2,0,8,8,-1,1,3,1,2021,25.0,1,1,1,1,0,21,0,,4,MASSABIELLE (RUE DE),0,,1,1,0,2,(1),(1),1,, -1,1,0,1,50,2,2,2021,10:15,1,971,97120,2,1,0,6,MASSABIELLE (RUE DE),16.23528,-61.53033,10,2,1
202100032452,143Â 772,B01,1,1,1,0,1,0,-1,-1, -1,-1,2021,73.0,1,2,0,2,4,2,1,,3,117,0,,1,1,0,1,0,0,1,, -1,1,0,1,50,24,6,2021,16:20,1,91,91667,2,1,0,2,CORBEIL (ROUTE),48.65811,2.33939,16,2,2
202100053485,106Â 112,A01,10,3,1,9,0,-1,-1,3,3,1,2021,35.0,2,2,0,1,1,1,1,,4,AVENUE PARMENTIER,0,,2,2,0,1,(1),(1),1,, -1,2,0,1,30,27,1,2021,08:30,1,75,75111,2,3,1,6,AVENUE PARMENTIER,48.863086,2.376146,8,2,1
202100000991,199Â 985,A01,1,1,1,1,2,6,-1,-1, -1,-1,2021,21.0,3,1,0,0,7,1,1,,4,MANUTENTION (RUE DE LA ),0,,2,0,0,1,(1),(1),1,, -1,2,0,1,50,28,12,2021,12:05,1,71,71076,2,1,1,7,MANUTENTION (RUE DE LA ),46.78206,4.84138,12,1,1
202100023762,159Â 143,A01,3,2,1,4,0,-1,-1,0,0,-1,2021,35.0,2,4,0,0,8,13,1,,3,72,-1,,2,2,0,1,0,500,1,, -1,1,0,3,80,18,8,2021,06:20,1,83,83148,1,1,0,7,RD72,43.409596,6.434807,6,2,1
202100043442,124Â 007,A01,10,3,2,9,0,-1,-1,6,3,1,2021,39.0,1,2,4,1,3,1,1,,3,JOLIOT CURIE,0,,2,2,0,1,16,500,1,, -1,1,8,8,50,12,3,2021,14:37,1,38,38053,2,1,0,6,Boulevard Joliot Curie,45.59182,5.25218,14,2,1
202100054341,104Â 629,A01,1,1,1,5,1,8,-1,-1, -1,-1,2021,46.0,1,2,0,2,1,1,1,,7,MICHELET (BOULEVARD),0,,3,6,0,1,2,600,1,, -1,1,0,1,50,20,1,2021,13:00,1,13,13208,2,1,0,3,MICHELET (BOULEVARD),43.262814,5.396785,13,2,2
202100049885,112Â 569,A01,1,1,1,5,2,-1,-1,-1, -1,-1,2021,21.0,1,1,0,2,1,2,1,,4,,0,,3,2,0,2,50,50,1,, -1,1,0,1,90,27,2,2021,17:43,1,33,33013,1,1,0,2,Avenue du PrÃ©sident John Fitzgerald Kennedy,44.86854,-0.50376,17,2,2
202100036862,135Â 806,B01,2,2,2,1,2,6,-1,-1, -1,-1,2021,26.0,3,1,0,2,2,1,1,,4,AMILCAR CABRAL,0,,2,2,1,1,0,1,1,, -1,1,0,1,50,1,6,2021,08:55,1,93,93066,2,2,0,2,Avenue Amilcar Cabral / Rue de la Procession,48.913635,2.362966,8,3,2
202100023263,160Â 033,B01,1,1,1,0,8,0,-1,-1, -1,-1,2021,52.0,1,1,0,2,4,1,0,,4,LOUIS BLANC (QUAI),0,,2,2,0,1,0,0,1,, -1,1,5,1,50,20,8,2021,06:05,5,72,72181,2,6,0,3,LOUIS BLANC (QUAI),48.00937,0.1955,6,2,2
202100024741,157Â 421,B01,1,1,1,1,8,0,-1,-1, -1,-1,2021,33.0,1,1,0,2,8,26,5,,4,COUBERTIN BOULEVARD,0,,1,2,0,1,1,0,2,, -1,1,0,1,50,9,8,2021,08:51,1,49,49007,2,1,0,3,COUBERTIN BOULEVARD,47.46763,-0.52957,8,2,2
202100011339,181Â 459,A01,10,3,1,0,8,8,-1,8,9,2,2021,4.0,3,1,0,1,4,25,6,,9,REPUBLIQUE (RUE DE LA ),0,,-1,0,0,1,0,0,1,, -1,1,9,6,10,23,10,2021,12:30,1,972,97209,2,9,0,6,REPUBLIQUE (RUE DE LA ),14.60531,-61.0703,12,2,1
202100026537,154Â 260,A01,2,2,2,5,2,-1,-1,0,0,-1,2021,53.0,2,1,0,6,6,1,1,,2,149,0,N,2,2,0,1,27,188,1,,"7,3",1,0,1,80,29,7,2021,22:30,3,79,79008,1,1,0,6,,46.735787,-0.301158,22,2,1
202100055671,102Â 344,A01,2,2,2,0,1,0,-1,-1, -1,-1,2021,21.0,3,2,8,0,1,26,0,,4,BD FERDINAND DE LESSEPS,0,,1,3,0,1,(1),(1),1,, -1,1,0,4,50,10,1,2021,00:20,5,13,13203,2,1,0,6,BD FERDINAND DE LESSEPS,43.31995,5.37148,0,2,1
202100007153,188Â 982,A01,1,1,1,0,8,-1,-1,-1, -1,-1,2021,20.0,3,2,0,2,5,9,0,,4,GALLIENI                            (PT),0,,2,5,1,1,(1),(1),1,, -1,1,2,1,50,19,11,2021,14:50,1,69,69382,2,1,0,3,GALLIENI  (PT),45.7485798726,4.8312458396,14,2,2
202100026348,154Â 599,A01,1,1,1,1,2,6,-1,-1, -1,-1,2021,27.0,3,1,0,2,0,0,0,,3,GALLIENI (BOULEVARD),0,,3,4,0,1,1,0,1,, -1,1,0,1,50,30,7,2021,07:40,1,93,93049,2,2,0,3,Boulevard GalliÃ©ni / Rue Edgar Quinet,48.85278,2.51313,7,2,2
202100013386,177Â 802,B01,1,1,1,9,8,0,-1,0,0,-1,2021,29.0,2,1,0,2,3,18,5,,4,BOULEVARD DIDEROT,0,,2,2,0,1,(1),(1),1,, -1,1,0,1,30,12,10,2021,09:30,1,75,75112,2,2,0,3,BOULEVARD DIDEROT,48.848031,2.392891,9,3,2
202100053001,106Â 982,A01,1,1,1,0,1,-1,-1,0,0,-1,2021,41.0,3,2,0,2,8,0,1,,3,1508,-1,,2,2,0,1,25,(1),1,, -1,1,9,1,80,29,1,2021,15:20,1,74,74179,1,3,0,3,Rte des Balmettes,45.992819,6.013389,15,2,2
202100035987,137Â 359,A01,1,1,1,5,0,-1,-1,0,0,-1,2021,63.0,1,1,0,0,0,1,5,,3,rd479,-1,,2,2,0,2,3,200,4,, -1,1,0,1,80,5,6,2021,16:45,1,76,76195,1,1,0,7,D479,49.79257,0.55675,16,1,1
202100054169,104Â 922,A01,1,1,2,1,1,8,-1,-1, -1,-1,2021,51.0,0,2,0,2,3,2,1,,1,A52-Sens Toulon vers Pont de l'Etoile,0,,1,1,0,1,0,500,3,, -1,1,0,1,50,22,1,2021,07:42,1,13,13005,1,1,0,2,A52-Sens Toulon vers Pont de l'Etoile,43.28486,5.58569,7,2,2
202100013987,176Â 700,B01,1,1,2,5,1,-1,-1,-1, -1,-1,2021,80.0,1,2,0,2,1,1,1,,7,ROUTE DE GENEVE                     (RO),0,,2,2,2,2,2,900,1,, -1,1,0,1,50,9,10,2021,07:20,2,69,69286,2,1,0,5,GENEVE (DE) (RTE),45.80801,4.91587,7,3,3
202100048158,115Â 666,A01,1,1,1,4,2,0,-1,-1, -1,-1,2021,24.0,2,1,15,0,0,1,3,,4,QU JEAN BAPTISTE CLEMENT ,0,,3,2,0,1,1,0,1,, -1,1,0,1,50,13,3,2021,13:40,1,94,94002,2,1,0,6,Quai Jean-Baptiste ClÃ©ment,48.79083,2.42403,13,1,1
202100052739,107Â 464,B01,1,1,2,1,1,0,-1,-1, -1,-1,2021,43.0,1,5,0,2,3,1,0,,1,AUTOROUTE A6B,0,,1,6,0,1,3,361,1,, -1,2,0,1,90,3,2,2021,16:40,1,94,94038,1,1,0,2,AUTOROUTE A6B,48.77721,2.34642,16,2,2
202100052695,107Â 537,Z01,10,3,1,9,8,8,-1,2,3,1,2021,49.0,1,5,0,1,0,1,0,,4,BOULEVARD DE SEBASTOPOL,0,,1,5,0,1,(1),(1),1,, -1,2,0,1,50,2,2,2021,08:55,1,75,75102,2,2,1,6,BOULEVARD DE SEBASTOPOL,48.864441,2.351557,8,2,1
202100055299,102Â 976,A01,10,3,2,5,0,-1,-1,4,3,1,2021,74.0,1,2,0,1,2,1,1,,4,Rue Henri GhesquiÃ¨re,0,,-1,1,0,1,(1),(1),3,, -1,1,0,8,30,12,1,2021,18:00,5,59,59343,2,1,0,6,GHESQUIERE HENRI RUE,50.59104,3.11832,18,2,1
202100034967,139Â 197,B01,1,1,1,5,2,6,-1,-1, -1,-1,2021,30.0,1,1,0,2,4,23,1,,7,468,0,,2,2,0,1,(1),(1),1,, -1,1,0,1,30,10,6,2021,23:05,5,67,67447,2,1,0,2,BISCHWILLER (ROUTE DE),48.6020342722,7.7454029024,23,2,2
202100005138,192Â 594,A01,3,2,2,5,1,-1,-1,0,0,-1,2021,84.0,1,2,2,0,1,13,1,,3,20,-1,,2,2,0,3,17,830,4,, -1,2,0,3,90,1,12,2021,17:30,5,12,12049,1,1,1,6,Beauregard,44.564713,2.599967,17,3,1
202100037257,135Â 083,A01,1,1,2,0,1,-1,-1,0, -1,-1,2021,58.0,0,2,0,0,2,1,0,,4,ROCH GLAS (ROUTE ET CHEMIN),0,,-1,2,0,1,(1),(1),1,, -1,1,0,1,50,31,5,2021,19:15,1,29,29019,2,1,0,7,Chemin de RocâH Glas,48.435484,-4.489443,19,1,1
202100007441,188Â 450,B01,1,1,1,1,8,0,-1,0,0,-1,2021,50.0,3,1,0,2,7,19,3,,4,QUAI DE LA RAPEE,0,,1,2,0,1,(1),(1),1,, -1,1,-1,5,50,18,11,2021,18:36,5,75,75112,2,2,0,3,QUAI DE LA RAPEE,48.84321,2.370303,18,2,2
202100018871,167Â 916,B01,1,1,1,3,0,-1,-1,0,0,-1,2021,67.0,1,1,13,0,0,2,5,,3,93,0,,2,2,1,2,6,20,1,, -1,1,0,5,80,12,9,2021,18:40,1,83,83101,1,1,0,7,D93,43.220431,6.648391,18,2,2
202100045566,120Â 283,A01,1,1,1,2,2,0,-1,-1, -1,-1,2021,12.0,2,1,0,2,1,16,5,,4,ABRICOTIERS (DES) (CH),0,,2,2,0,1,(1),(1),1,, -1,1,0,1,50,1,4,2021,13:40,1,69,69091,2,1,0,1,ABRICOTIERS (DES) (CHM),45.57393,4.78981,13,2,2
202100027612,152Â 371,A01,1,1,1,5,2,6,-1,0,0,-1,2021,50.0,1,1,0,0,0,2,1,,3,D988,-1,,2,2,0,1,70,450,1,, -1,1,0,1,80,23,7,2021,20:10,1,81,81220,1,1,0,7,D988 - PK 070+500,43.839859,1.759282,20,1,1
202100042539,125Â 589,B01,2,2,2,0,1,-1,-1,0,0,-1,2021,20.0,1,2,0,2,3,1,1,,3,951,-1,,2,2,0,1,14,500,1,, -1,1,0,1,80,27,4,2021,11:00,1,45,45087,1,1,0,3,DR951-PR 14 + 500,47.612521,2.738514,11,3,2
202100047335,117Â 155,A01,10,3,1,5,0,-1,-1,6,9,1,2021,42.0,1,2,0,1,1,15,1,,4,FOURNEYRON (BENOIT),0,,2,1,0,1,(1),(1),2,, -1,1,0,1,30,17,3,2021,13:30,1,66,66136,2,1,0,6,FOURNEYRON (BENOIT),42.68523,2.86374,13,2,1
202100001712,198Â 729,B01,1,1,1,0,1,0,-1,0,0,-1,2021,21.0,1,2,0,0,4,1,1,,3,DUNANT (SQUARE HENRI),0,,2,2,0,1,(1),(1),1,, -1,1,0,1,50,22,12,2021,13:15,1,54,54431,2,1,0,2,DUNANT (SQUARE HENRI),48.900048,6.051062,13,2,2
202100045657,120Â 128,B01,1,1,1,0,8,0,-1,-1, -1,-1,2021,45.0,2,1,1,0,1,18,3,,4,ANATOLE FRANCE (AVENUE),0,,2,2,0,1,0,0,1,, -1,1,0,1,50,1,4,2021,22:10,5,93,93005,2,1,0,3,ANATOLE FRANCE (AVENUE),48.9371148983,2.4945574186,22,2,2
202100012926,178Â 631,A01,1,1,1,5,1,-1,-1,0,0,-1,2021,35.0,1,2,13,0,1,1,1,,3,463,-1,,2,2,0,1,3,700,1,, -1,1,0,3,80,16,10,2021,01:00,3,71,71100,1,1,0,6,Route de Gratay,46.506896,4.83083,1,1,1
202100043625,123Â 698,A01,1,1,1,5,2,6,-1,-1, -1,-1,2021,18.0,3,1,0,2,1,26,1,,4,ALLEES MARINES (AVENUE DES),0,,2,1,0,1,0,0,1,, -1,1,0,1,50,16,4,2021,15:10,1,64,64102,2,1,0,2,ALLEES MARINES (AVENUE DES),43.4998782148,-1.4902943373,15,2,2
202100039540,130Â 914,A01,1,1,1,0,2,6,-1,-1, -1,-1,2021,48.0,2,1,0,2,3,3,1,,1,14,0,,1,2,0,1,1,250,1,, -1,1,1,1,70,18,5,2021,07:33,1,92,92062,1,1,0,3,A14,48.8931556297,2.2343122959,7,2,2
202100002525,197Â 264,A01,1,1,1,0,1,-1,-1,0,0,-1,2021,31.0,1,2,0,2,1,0,1,,3,14,2,,2,2,0,1,20,(1),1,, -1,2,0,1,80,19,12,2021,06:00,3,27,27617,1,1,1,1,D14b,49.310358,1.51033,6,2,2
202100023314,159Â 940,A01,1,1,1,5,1,0,-1,0,0,-1,2021,84.0,2,2,0,2,7,14,1,,4,CHAUSSEE LA MUETTE,0,,2,4,0,1,(1),(1),1,, -1,1,0,1,30,19,8,2021,16:45,1,75,75116,2,5,0,3,CHAUSSEE LA MUETTE,48.8581740669,2.2743443768,16,2,2
202100043759,123Â 468,B01,2,2,1,0,1,0,-1,-1, -1,-1,2021,22.0,3,2,0,2,8,1,1,,4,MARECHAL LECLERC DU,0,,2,5,1,1,0,0,1,, -1,1,5,1,50,16,4,2021,17:10,1,64,64445,2,5,0,3,MARECHAL LECLERC DU,43.30265,-0.35209,17,3,2
202100049488,113Â 296,B01,1,1,1,1,1,8,-1,-1, -1,-1,2021,32.0,2,2,0,2,4,2,1,,3,Rocade Sud,0,,2,2,0,1,1,525,1,, -1,1,0,1,80,2,3,2021,17:20,1,64,64269,2,1,0,2,Rocade Sud,43.29447,-0.32283,17,2,2
202100001176,199Â 672,A01,10,3,1,0,0,-1,-1,4,3,1,2021,27.0,1,2,0,1,3,1,1,,7,REPUBLIQUE (RUE DE LA),0,,2,3,3,1,(1),(1),1,, -1,2,0,1,50,24,12,2021,18:10,5,67,67204,2,1,1,6,REPUBLIQUE (RUE DE LA),48.62371,7.75487,18,2,1
202100033818,141Â 311,A01,2,2,1,0,1,0,-1,-1, -1,-1,2021,25.0,2,2,0,2,2,26,0,,7,PRINCIPALE RUE,0,,2,2,0,1,(1),(1),3,, -1,1,0,1,50,5,6,2021,21:10,1,59,59247,2,1,0,3,PRINCIPALE RUE,50.636941,3.189506,21,5,2
202100026220,154Â 835,B01,2,2,2,5,0,-1,-1,0,0,-1,2021,14.0,3,1,0,2,8,1,3,,4,,-1,,1,2,0,1,(1),(1),1,,7,1,0,1,50,31,7,2021,20:15,1,975,97502,2,2,0,6,Rue MaÃ®tre Georges LefÃ¨vre,46.782684,-56.174045,20,3,2
202100031343,145Â 718,C01,2,2,1,4,1,-1,-1,0,0,-1,2021,52.0,2,4,3,0,3,0,6,,1,10,0,A,3,3,0,1,135,898,1,,10,1,0,8,90,3,7,2021,03:30,3,41,41252,1,9,0,3,A10 PK 136.000 Vers Paris,47.708837,1.460152,3,3,2
202100024655,157Â 586,B01,1,1,1,0,2,6,-1,0,0,-1,2021,16.0,2,1,0,2,1,2,1,,3,9,-1,,2,2,0,1,23,650,1,, -1,1,0,1,50,11,8,2021,11:10,1,42,42253,2,1,0,2,615 Route de Roanne,46.039504,4.01506,11,2,2
202100031281,145Â 826,A01,1,1,1,0,1,0,-1,-1, -1,-1,2021,31.0,2,5,0,2,1,2,1,,1,AUTOROUTE A6B,0,,3,4,0,1,1,600,1,, -1,1,1,1,70,3,7,2021,17:00,1,94,94037,1,1,0,4,AUTOROUTE A6B,48.8106695381,2.3500442505,17,4,4
202100037873,133Â 964,B01,1,1,1,0,2,6,-1,-1, -1,-1,2021,33.0,3,1,0,2,4,1,1,,4,,0,,1,1,0,1,1,0,1,, -1,1,0,1,50,27,5,2021,19:10,1,92,92025,2,3,0,2,PIERRE BROSSOLETTE (RUE),48.9091982417,2.2375886142,19,2,2
202100033851,141Â 253,B01,1,1,1,0,2,0,-1,-1, -1,-1,2021,18.0,1,0,0,2,1,26,3,,3,,0,,1,1,1,1,32,880,1,, -1,1,0,1,30,16,6,2021,17:50,1,25,25056,2,3,0,3,NODIER  RUE CHARLES (inf 22),47.233425,6.022664,17,2,2
202100016083,172Â 895,A01,10,3,2,1,0,-1,-1,3,3,1,2021,56.0,3,2,0,1,0,16,1,,4,FAURE (RUE GABRIEL),0,,-1,0,0,2,0,0,1,, -1,1,6,1,30,27,9,2021,20:42,5,91,91570,2,1,0,6,FAURE (RUE GABRIEL),48.632926,2.315515,20,2,1
202100049047,114Â 083,C01,1,1,1,0,1,-1,-1,-1, -1,-1,2021,55.0,1,2,0,2,8,24,1,,4,,0,,2,2,0,1,(1),(1),1,, -1,1,0,1,50,5,3,2021,16:50,1,69,69259,2,1,0,3,DOCTEUR GEORGES LEVY (DU) (AV),45.7195103625,4.8659565291,16,2,2
202100055693,102Â 310,B01,1,1,1,9,8,0,-1,-1, -1,-1,2021,44.0,3,1,0,2,1,1,1,,4,BARBUSSE HENRI BOULEVARD,0,,2,2,0,1,1,1,1,, -1,1,6,1,50,8,1,2021,18:50,5,93,93063,2,4,0,1,BARBUSSE HENRI BOULEVARD,48.87971,2.44116,18,2,2
202100040092,129Â 929,A01,5,2,1,9,0,-1,-1,0,0,-1,2021,42.0,3,4,16,0,2,1,1,,4,,0,,2,1,0,2,0,0,3,,4,1,0,1,50,13,5,2021,15:00,1,55,55579,2,1,0,7,Chemin de la Tonne,49.135599,5.541615,15,2,1
202100046197,119Â 193,A01,1,1,1,5,8,-1,-1,0,0,-1,2021,28.0,3,2,0,0,3,0,1,,4,,-1,,2,2,0,1,(1),(1),1,, -1,1,0,3,80,27,3,2021,19:35,3,62,62865,1,1,0,7,Rue Nobled,50.324841,2.995148,19,1,1
202100003876,194Â 823,A01,1,1,1,1,2,6,-1,0,0,-1,2021,21.0,2,1,0,2,1,1,1,,3,42,0,D,2,2,0,1,10,400,1,, -1,2,0,1,50,9,12,2021,08:00,2,62,62323,2,1,1,3,60 Rue d Arras,50.301297,2.862757,8,3,2
202100050219,111Â 948,A01,2,2,2,5,1,0,-1,0,0,-1,2021,52.0,1,2,0,2,2,15,1,,4,QUAI DE LA GARE,0,,2,2,0,1,(1),(1),1,, -1,1,0,1,50,24,2,2021,15:40,1,75,75113,2,2,0,3,QUAI DE LA GARE,48.8374,2.373851,15,3,2
202100002878,196Â 626,B01,1,1,1,0,2,6,-1,-1, -1,-1,2021,17.0,2,1,0,2,1,1,1,,2,NAPOLEON COURS APRES BEVERINI,0,,1,3,0,1,(1),(1),1,, -1,1,0,1,50,7,8,2021,23:10,5,201,201004,2,1,0,3,NAPOLEON COURS APRES BEVERINI,41.93083,8.73973,23,3,2
202100025388,156Â 276,A01,1,1,1,5,2,6,-1,0,0,-1,2021,66.0,2,1,13,0,1,2,1,,3,,0,D,2,2,0,2,51,250,2,, -1,1,0,3,80,6,8,2021,18:35,1,63,63077,1,1,0,7,RD 36 - Col de la croix saint robert,45.559827,2.853913,18,1,1
202100001878,198Â 435,A01,1,1,2,5,1,-1,-1,-1, -1,-1,2021,52.0,2,2,0,2,4,23,1,,4,AVE DE LA LIBERATION,0,,3,2,0,1,(1),(1),3,, -1,1,4,1,30,21,12,2021,19:10,5,33,33249,2,6,0,2,Avenue de la LibÃ©ration,44.86774,-0.52319,19,2,2