Num_Acc,id_vehicule,num_veh,place,catu,sexe,trajet,secu1,secu2,secu3,locp,actp,etatp,year_acc,victim_age,senc,catv,obs,obsm,choc,manv,motor,occutc,catr,voie,v1,v2,circ,nbv,vosp,prof,pr,pr1,plan,lartpc,larrout,surf,infra,situ,vma,jour,mois,an,hrmn,lum,dep,com,agg_,int,atm,col,adr,lat,long,hour,nb_victim,nb_vehicules
202100044753,121Â 720,A01,1,1,1,5,0,-1,-1,0,0,-1,2021,8.0,0,1,0,2,8,1,5,,3,259,0,D,2,2,0,2,29,100,1,, -1,1,0,1,50,8,4,2021,15:15,1,7,7289,2,3,0,3,Rue du Luol,44.628802,4.412969,15,2,2
202100034624,139Â 825,B01,2,1,1,9,8,0,-1,-1, -1,-1,2021,36.0,1,1,0,2,1,0,1,,3,LAVOISIER (RUE),0,,2,2,0,1,1,0,1,, -1,1,0,1,50,12,6,2021,21:40,5,93,93064,2,9,0,1,LAVOISIER (RUE),48.86265,2.4936,21,2,2
202100045170,120Â 994,A01,1,1,1,9,9,-1,-1,0,0,-1,2021,33.0,2,2,13,0,1,1,1,,3,,0,D,2,2,0,1,6,55,1,, -1,1,0,3,80,4,4,2021,20:10,1,33,33059,1,2,0,6,,44.774604,-0.243925,20,1,1
202100011234,181Â 652,B01,1,1,1,4,2,6,-1,0,0,-1,2021,34.0,1,1,0,2,8,5,1,,4,AVENUE DE CLICHY,0,,2,3,3,2,(1),(1),1,, -1,1,0,6,30,23,10,2021,23:15,5,75,75117,2,2,0,3,AVENUE DE CLICHY,48.889699,2.321721,23,3,2
202100013367,177Â 846,B01,1,1,1,0,2,0,-1,-1, -1,-1,2021,31.0,2,1,0,2,1,3,0,,1,AUTOROUTE A86,0,,3,3,0,1,11,0,1,, -1,1,0,1,90,14,10,2021,19:15,3,92,92078,1,1,0,6,AUTOROUTE A86,48.9311292993,2.3235279586,19,3,3
202100043228,124Â 388,B01,1,1,2,4,1,-1,-1,0,0,-1,2021,22.0,2,2,0,2,1,1,1,,2,165,-1,,3,4,0,1,83,0,1,, -1,1,0,1,110,22,4,2021,13:15,1,29,29302,1,1,0,1,N165 PR83,48.265062,-4.114605,13,2,2
202100043158,124Â 526,B01,1,1,1,5,1,-1,-1,-1, -1,-1,2021,58.0,0,2,0,2,3,1,1,,3,HUGO (RUE VICTOR),0,,2,2,0,1,1,413,3,, -1,1,0,1,50,19,4,2021,15:40,1,50,50129,2,3,0,1,HUGO (RUE VICTOR),49.6215,-1.66111,15,3,2
202100018713,168Â 190,B01,1,1,1,5,1,0,-1,-1, -1,-1,2021,39.0,2,2,0,2,4,1,1,,1,A4.W,0,,3,3,0,1,16,899,1,, -1,2,0,1,110,15,9,2021,14:07,1,77,77083,1,1,1,2,A4.W,48.8315755498,2.602964843,14,2,2
202100022192,161Â 977,A01,1,1,2,5,1,-1,-1,0,0,-1,2021,22.0,1,2,2,0,7,14,1,,2,126,-1,,2,3,0,1,28,98,1,, -1,1,0,3,80,29,8,2021,14:00,1,81,81219,1,1,0,7,Route Nationale 126 - PK 028+076,43.567177,1.94531,14,3,1
202100045612,120Â 202,A01,10,3,1,0,0,-1,-1,3,3,1,2021,13.0,1,1,0,1,1,14,1,,7,NATIONALE 8,0,,-1,2,0,1,(1),(1),1,, -1,1,0,4,50,1,4,2021,13:20,1,13,13005,2,1,0,6,NATIONALE 8,43.2870092221,5.5843212531,13,2,1
202100000438,200Â 922,A01,10,3,2,5,0,-1,-1,2,3,3,2021,78.0,2,2,0,1,2,1,1,,3,525,0,D,2,2,0,1,(1),(1),1,, -1,1,0,1,50,30,9,2021,17:45,2,38,38006,2,3,0,6,Boulevard des Anciens d AlgÃ©rie,45.401452,6.0796451,17,2,1
202100011820,180Â 594,B01,1,1,1,1,1,0,-1,-1, -1,-1,2021,24.0,1,2,0,0,4,2,1,,2,RN136,0,,3,6,0,1,14,550,1,, -1,1,0,1,90,21,10,2021,08:30,1,35,35238,1,9,0,2,RN136,48.11082,-1.71807,8,2,2
202100046196,119Â 195,B01,1,1,1,1,2,6,9,0,0,-1,2021,40.0,0,1,0,2,1,1,1,,3,909,-1,D,2,2,0,1,8,270,1,, -1,1,0,1,50,30,3,2021,08:30,1,60,60141,2,3,0,3,Route de Chantilly,49.191174,2.45795,8,2,2
202100040785,128Â 712,A01,2,2,1,5,1,-1,-1,0,0,-1,2021,68.0,2,2,0,0,1,13,1,,3,81,0, -,2,2,0,2,12,0,4,, -1,1,0,8,90,8,5,2021,16:00,1,81,81097,1,1,0,7,D81,43.86085,2.252921,16,2,1
202100038112,133Â 539,A01,10,3,1,5,0,-1,-1,3,3,1,2021,24.0,1,2,0,1,1,1,1,,3,124,-1,,2,2,0,2,6,450,1,, -1,1,0,1,-1,7,5,2021,19:00,1,95,95199,2,1,0,6,Avenue du LycÃ©e,49.029413,2.339315,19,2,1
202100040055,130Â 000,B01,1,1,1,5,1,-1,-1,-1,0,-1,2021,27.0,1,2,0,2,3,1,1,,4,FRANCE ANATOLE (DE 247 A 331 ET 242 A 29,0,,3,2,0,3,0,0,1,, -1,1,0,1,50,13,5,2021,17:10,1,29,29019,2,3,0,1,Rue Anatole France,48.38377,-4.50536,17,3,2
202100055923,101Â 916,A01,1,1,2,5,8,-1,-1,-1, -1,-1,2021,50.0,2,1,0,2,1,19,5,,4,,0,,3,4,3,1,(1),(1),1,, -1,1,5,1,50,7,1,2021,09:00,1,33,33063,2,2,0,3,Boulevard Antoine Gautier,44.83657,-0.59903,9,2,2
202100045434,120Â 522,A01,1,1,1,4,8,0,-1,0,0,-1,2021,36.0,3,1,0,0,0,21,5,,4,RUE SAINT ANTOINE,0,,2,2,1,1,(1),(1),1,, -1,1,-1,5,50,31,3,2021,17:45,1,75,75104,2,3,0,7,RUE SAINT ANTOINE,48.85338,2.367659,17,1,1
202100008363,186Â 782,A01,10,3,2,5,0,-1,-1,4,3,1,2021,74.0,3,1,0,1,1,1,5,,4,RUE DE PRESBOURG,0,,1,1,1,1,(1),(1),1,, -1,1,-1,5,50,12,11,2021,17:55,5,75,75116,2,2,0,6,RUE DE PRESBOURG,48.872482,2.293958,17,2,1
202100025354,156Â 337,A01,1,1,1,5,2,6,-1,0,0,-1,2021,24.0,2,1,13,0,1,0,1,,3,49,-1,,2,2,0,2,0,621,3,, -1,2,0,3,80,7,8,2021,18:15,1,51,51036,1,1,0,7,D49,48.6587874386,3.6855874438,18,1,1
202100034276,140Â 473,B01,1,1,2,0,1,0,-1,0,0,-1,2021,27.0,1,2,0,2,4,0,1,,2,HUIT MAI 1945 (QUAI DU),0,,2,1,0,1,0,0,1,, -1,1,0,1,50,16,6,2021,01:20,5,30,30007,2,2,0,6,HUIT MAI 1945 (QUAI DU),44.13375,4.07834,1,2,2
202100050233,111Â 923,A01,10,3,2,0,8,8,-1,1,1,1,2021,15.0,1,0,0,1,8,21,0,,4,JULES GUESDE,0,,1,1,0,1,0,0,1,, -1,1,0,1,50,25,2,2021,19:00,2,93,93029,2,9,0,6,JULES GUESDE,48.9185125016,2.4618333578,19,2,1
202100044660,121Â 884,A01,1,1,2,0,1,0,-1,-1, -1,-1,2021,55.0,3,2,0,2,3,1,1,,4,,0,,2,2,0,1,0,0,1,, -1,1,0,1,30,7,4,2021,19:15,1,91,91549,2,3,0,3,GABRIEL PERI (AVENUE),48.650304,2.318264,19,2,2
202100016001,173Â 066,A01,1,1,1,4,1,-1,-1,0,0,-1,2021,61.0,3,2,12,0,1,1,1,,4,,-1,,-1,2,0,1,(1),(1),1,,5,1,9,3,30,30,9,2021,11:25,1,29,29216,2,1,0,6,Rue Menez Izella,47.9845911457,-4.1796125472,11,1,1
202100008402,186Â 714,A01,2,2,2,5,0,-1,-1,0,0,-1,2021,40.0,1,2,2,0,1,0,1,,3,137,0,,2,2,0,1,9,350,1,, -1,1,0,3,80,12,11,2021,16:25,1,17,17324,1,1,0,6,D137,45.413364,-0.564294,16,2,1
202100054428,104Â 465,A01,10,3,1,2,0,-1,-1,2,5,1,2021,13.0,2,2,0,1,2,26,1,,4,TORPILLEUR SIROCCO (RUE DU),0,,2,2,0,1,(1),(1),1,, -1,1,0,1,50,18,1,2021,17:41,2,63,63113,2,1,0,6,TORPILLEUR SIROCCO (RUE DU),45.80748,3.10682,17,2,1
202100016611,171Â 946,A01,2,2,1,4,1,8,-1,-1, -1,-1,2021,20.0,2,2,4,0,1,1,1,,1,AUTOROUTE A86,0,,3,6,0,1,18,0,2,, -1,2,0,1,70,27,9,2021,14:18,1,93,93029,1,1,0,7,AUTOROUTE A86,48.92686166,2.420565784,14,2,1
202100040464,129Â 279,A01,1,1,1,5,2,6,-1,-1, -1,-1,2021,36.0,2,1,0,2,1,17,1,,7,INDUSTRIEL. BOULEVARD (CD 18E),0,,3,4,0,1,2,770,1,, -1,1,0,1,90,10,5,2021,15:00,1,76,76681,1,1,0,5,INDUSTRIEL. BOULEVARD (CD 18E),49.41374,1.10753,15,3,3
202100007214,188Â 860,A01,10,3,1,4,0,-1,-1,2,9,1,2021,59.0,3,2,0,2,1,26,0,,4,HESPEL (RUE RENE D')2A4-1A35,0,,2,2,0,1,(1),(1),1,, -1,1,0,1,30,18,11,2021,10:50,1,59,59090,2,1,1,6,HESPEL (RUE RENE D')2A4-1A35,50.7150705961,3.0851315004,10,2,1
202100012085,180Â 113,A01,2,2,2,0,0,1,-1,0,0,-1,2021,83.0,2,2,0,2,1,2,1,,1,7,-1,,2,5,0,1,92,630,1,, -1,1,0,1,130,21,10,2021,13:30,1,26,26166,1,1,0,2,Autoroute A 7,44.755144,4.792865,13,3,2
202100021089,163Â 959,A01,2,2,2,2,2,6,-1,0,0,-1,2021,15.0,3,1,0,2,1,1,1,,4,ROUTE DU POINT DU JOUR A BAGATELLE,0,,1,1,0,1,(1),(1),1,, -1,1,0,1,50,3,9,2021,18:00,1,75,75116,2,3,0,3,ROUTE DU POINT DU JOUR A BAGATELLE,48.867085,2.24927,18,3,2
202100053306,106Â 447,A01,1,1,2,0,8,0,-1,-1, -1,-1,2021,31.0,1,2,13,0,1,1,1,,2,RN 337,0,,1,1,0,1,0,935,1,, -1,2,0,3,90,29,1,2021,17:34,3,91,91179,1,1,1,7,RN 337,48.556249,2.49676,17,1,1
202100013048,178Â 421,A01,10,3,2,0,0,-1,-1,2,3,1,2021,44.0,2,1,1,1,1,21,3,,4,FONTANIERES     (Rue de),0,,2,2,0,1,(1),(1),1,, -1,1,0,1,50,15,10,2021,13:30,1,69,69266,2,1,0,1,FONTANIERES (DE) (R),45.7718,4.8842,13,3,2
202100031029,146Â 275,A01,1,1,2,5,2,6,-1,-1, -1,-1,2021,61.0,3,1,12,0,1,26,1,,4,LAC (AVENUE DU ),0,,-1,1,0,1,0,0,1,, -1,1,0,4,30,2,7,2021,14:15,1,64,64125,2,9,1,6,LAC (AVENUE DU ),43.45909,-1.57885,14,1,1
202100001647,198Â 859,A01,1,1,1,0,8,-1,-1,0,0,-1,2021,56.0,2,2,0,2,3,0,1,,3,1084,-1,,2,2,0,1,96,110,4,, -1,1,0,5,50,24,12,2021,17:54,3,1,1033,2,1,1,1,Route de Lyon,46.118162,5.822953,17,2,2
202100024765,157Â 383,A01,1,1,1,1,2,6,-1,0,0,-1,2021,23.0,2,1,0,2,4,2,1,,4,ROUTE DES TRIBUNES,0,,2,3,0,1,(1),(1),1,, -1,1,0,1,50,8,8,2021,20:00,2,75,75116,2,1,0,2,ROUTE DES TRIBUNES,48.859925,2.229539,20,2,2
202100040211,129Â 722,A01,1,1,1,1,1,8,-1,0,0,-1,2021,24.0,3,2,6,0,1,14,1,,3,PLASCASSIER - LE ROURE DE LA GACHE (ROUT,0,,2,2,0,2,18,147,3,, -1,1,0,1,50,12,5,2021,05:35,1,6,6069,1,1,0,6,PLASCASSIER - LE ROURE DE LA GACHE (ROUT,43.651093,6.960114,5,1,1
202100026746,153Â 913,A01,1,1,1,1,2,6,-1,0,0,-1,2021,40.0,1,1,0,2,1,1,1,,3,16,0,D,2,2,0,1,3,150,1,, -1,1,5,1,70,29,7,2021,08:55,1,29,29233,1,3,0,1,Lieu Dit le Ristouar,47.849192,-3.577868,8,2,2
202100035547,138Â 169,A01,10,3,2,5,0,-1,-1,3,3,1,2021,51.0,2,2,0,1,1,1,2,,4,RUE DE LISBONNE,0,,1,1,0,1,(1),(1),1,, -1,1,0,1,50,9,6,2021,08:30,1,75,75108,2,2,0,6,RUE DE LISBONNE,48.877884,2.318166,8,2,1
202100014845,175Â 174,B01,1,1,2,1,8,0,-1,0,0,-1,2021,26.0,2,1,0,2,1,1,0,,4,BOULEVARD VOLTAIRE,0,,2,4,1,1,(1),(1),1,, -1,1,0,5,30,6,10,2021,12:15,1,75,75111,2,5,0,3,BOULEVARD VOLTAIRE,48.862122,2.372873,12,2,2
202100046591,118Â 487,A01,1,1,2,5,8,0,-1,-1, -1,-1,2021,25.0,1,1,0,2,1,15,3,,4,EMILE GARET,0,,2,2,0,1,0,0,1,, -1,1,9,1,50,25,3,2021,17:50,1,64,64445,2,2,0,3,EMILE GARET,43.30091,-0.36174,17,2,2
202100012265,179Â 801,B01,1,1,1,1,2,8,-1,-1, -1,-1,2021,58.0,1,1,0,2,1,1,1,,4,COLONEL FABIEN (AVENUE DU),0,,1,2,0,1,0,0,1,, -1,1,5,1,30,18,10,2021,14:40,1,93,93048,2,2,0,3,COLONEL FABIEN (AVENUE DU),48.8765,2.45467,14,2,2
202100055082,103Â 355,A01,10,3,1,2,8,8,-1,4,3,3,2021,12.0,2,4,0,1,1,1,1,,4,GENERAL DE GAULE (PLACE DU),0,,2,2,0,1,0,0,1,, -1,2,0,1,50,14,1,2021,07:50,2,93,93048,2,1,1,6,GENERAL DE GAULE (PLACE DU),48.8684418869,2.4338214693,7,2,1
202100001556,199Â 027,B01,1,1,1,5,1,-1,-1,0,0,-1,2021,44.0,2,2,0,2,2,1,1,,3,930,-1,,2,2,0,1,23,640,1,, -1,2,5,1,80,26,12,2021,19:10,3,80,80185,1,2,1,3,D930,49.715309,2.839634,19,6,2
202100023515,159Â 603,A01,1,1,1,5,1,-1,-1,0,0,-1,2021,34.0,1,2,13,0,3,1,1,,3,54,-1,,2,2,0,1,14,300,1,, -1,1,0,1,80,19,8,2021,20:30,2,27,27156,1,1,0,6,Rue du Lesmeval,48.787174,0.788527,20,1,1
202100038346,133Â 088,A01,1,1,2,0,1,0,-1,0,0,-1,2021,81.0,1,2,0,2,3,1,1,,4,,0,,2,2,0,1,(1),(1),1,, -1,1,0,1,50,24,5,2021,16:23,1,63,63113,2,2,0,3,Union SoviÃ©tique / Michelin,45.78129,3.10432,16,2,2
202100018074,169Â 327,B01,1,1,1,5,2,6,-1,0,0,-1,2021,15.0,0,1,0,2,1,0,1,,4,34,0,D,2,2,0,1,(1),(1),3,, -1,1,0,1,50,18,9,2021,22:50,5,34,34151,2,1,0,1,Boulevard Uni Apollon,43.663756,4.18085,22,2,2
202100030224,147Â 740,A01,1,1,1,4,2,0,-1,0,0,-1,2021,27.0,1,1,0,2,8,1,1,,4,BOULEVARD BESSIERES,0,,3,3,1,1,(1),(1),1,, -1,1,0,5,50,7,7,2021,11:15,1,75,75117,2,5,0,3,BOULEVARD BESSIERES,48.897526,2.324185,11,2,2
202100022166,162Â 023,A01,1,1,1,5,8,-1,-1,0,0,-1,2021,19.0,2,2,0,0,3,1,1,,3,103,-1,,2,2,0,1,3,750,2,, -1,1,0,3,80,29,8,2021,11:00,1,45,45175,1,1,0,7,D103,47.754437,1.778272,11,1,1
202100019700,166Â 432,A01,1,1,1,1,2,6,-1,-1, -1,-1,2021,31.0,3,1,0,0,8,1,1,,4,GUIGONNET (Route du),0,,2,2,0,1,0,0,1,, -1,1,0,1,50,8,9,2021,21:00,5,13,13039,2,1,0,7,GUIGONNET (Route du),43.45024,4.92538,21,1,1
202100013506,177Â 586,B01,1,1,1,0,2,6,-1,-1, -1,-1,2021,22.0,1,1,0,2,1,1,1,,4,JEAN MERMOZ,0,,2,2,0,1,0,0,1,, -1,1,0,1,50,12,10,2021,21:00,5,64,64445,2,1,0,3,COURS LEON BERARD,43.313926,-0.370097,21,2,2
202100034285,140Â 454,A01,1,1,2,0,1,0,-1,-1, -1,-1,2021,24.0,3,2,0,2,5,26,1,,6,LAVOISIER (ANTOINE DE),0,,-1,-1,0,1,(1),(1),1,, -1,1,9,8,10,15,6,2021,13:35,1,17,17306,1,9,0,3,LAVOISIER (ANTOINE DE),45.630625,-0.992346,13,2,2
202100039931,130Â 210,A01,1,1,2,0,8,0,-1,0,0,-1,2021,19.0,2,1,0,4,0,2,5,,4,JOUHAUX (BD LEON),0,,-1,2,3,1,(1),(1),1,, -1,1,4,6,50,12,5,2021,18:35,1,63,63113,2,1,0,6,JOUHAUX (BD LEON),45.7916504591,3.1153103167,18,2,2
202100009216,185Â 239,A01,3,2,2,9,1,-1,-1,-1,0,-1,2021,35.0,2,2,1,0,2,1,2,,3,AV DE LA SABERNAUDE,0,,2,2,0,2,0,200,1,, -1,1,0,1,50,5,11,2021,22:45,3,95,95582,2,1,0,6,AV DE LA SABERNAUDE,48.9789634133,2.2441189468,22,2,1
202100005069,192Â 716,A01,10,3,1,2,0,-1,-1,5,5,1,2021,12.0,2,2,0,1,7,1,1,,4,MONTJOYEUX (AVENUE),0,,2,3,1,2,(1),(1),1,, -1,2,0,1,50,1,12,2021,12:00,1,37,37261,2,1,0,6,MONTJOYEUX (AVENUE),47.36133,0.70295,12,3,2
202100013745,177Â 140,A01,1,1,1,9,0,-1,-1,0,0,-1,2021,35.0,1,2,0,2,1,13,1,,3,925,-1,,2,2,0,1,14,750,1,, -1,1,0,1,80,13,10,2021,15:15,1,80,80190,1,1,0,1,D 925,50.084959,1.657133,15,2,2
202100010629,182Â 736,A01,1,1,1,5,8,-1,-1,0,0,-1,2021,45.0,3,2,0,0,9,0,1,,2,141,0,R,3,4,0,4,56,900,2,, -1,2,0,8,110,25,10,2021,23:28,3,87,87110,1,1,1,7,N 141,45.905942,1.007068,23,1,1
202100019671,166Â 488,B01,1,1,1,1,2,0,-1,-1, -1,-1,2021,36.0,1,1,0,2,2,1,1,,3,RD 323,0,,3,4,0,1,38,0,1,, -1,1,0,1,90,10,9,2021,17:47,1,49,49007,1,1,0,3,RD 323,47.46813,-0.58574,17,3,2
202100036195,136Â 991,B01,1,1,1,1,2,0,-1,-1, -1,-1,2021,54.0,2,1,0,2,1,2,1,,1,A7-Sens Marseille vers Lyon,0,,1,4,0,1,280,100,1,, -1,1,0,1,90,1,6,2021,09:20,1,13,13214,1,1,0,2,A7-Sens Marseille vers Lyon,43.32,5.37,9,2,2
202100039168,131Â 611,B01,1,1,2,1,8,0,-1,-1, -1,-1,2021,35.0,2,1,0,2,1,1,3,,4,PIERRE LEFAUCHEUX (AVENUE),0,,2,1,0,1,0,0,1,, -1,1,0,1,50,20,5,2021,13:00,1,92,92012,2,1,0,3,PIERRE LEFAUCHEUX (AVENUE),48.8240984629,2.2424469917,13,2,2
202100036269,136Â 847,A01,1,1,2,5,2,0,-1,0,0,-1,2021,21.0,2,1,0,0,7,1,3,,4,COURS ALBERT 1ER,0,,3,2,1,1,(1),(1),1,, -1,1,0,5,50,5,6,2021,17:30,1,75,75108,2,4,0,7,COURS ALBERT 1ER,48.864578,2.306878,17,1,1
202100018999,167Â 673,B01,1,1,1,9,2,0,-1,0,0,-1,2021,22.0,2,1,0,2,1,1,1,,4,RUE CORVISART,0,,1,1,0,1,(1),(1),1,, -1,1,0,1,30,14,9,2021,16:00,1,75,75113,2,2,0,3,RUE CORVISART,48.8327292764,2.3469488096,16,2,2
202100041567,127Â 302,B01,1,1,1,4,2,6,-1,-1, -1,-1,2021,24.0,1,1,1,0,2,1,1,,3,WILSON (AVENUE DU PRESIDENT),0,,1,2,3,1,0,0,1,, -1,1,0,1,50,3,5,2021,14:20,1,93,93066,2,1,0,3,WILSON (AVENUE DU PRESIDENT),48.9068,2.3588,14,2,2
202100054052,105Â 127,A01,10,3,1,5,0,-1,-1,3,3,1,2021,83.0,1,2,0,1,1,1,1,,4,HENRI FAISANS,0,,2,2,0,1,0,0,1,, -1,1,0,1,50,19,1,2021,17:35,1,64,64445,2,3,0,6,HENRI FAISANS,43.30037,-0.36047,17,2,1
202100046985,117Â 796,B01,9,2,1,1,1,-1,-1,0,0,-1,2021,24.0,2,2,0,2,1,1,1,,3,14,0,D,3,2,0,1,14,252,1,, -1,1,5,1,70,23,3,2021,16:35,1,31,31587,1,1,0,1,Route de Villemur,43.796539,1.453189,16,6,2
202100041999,126Â 551,A01,1,1,2,0,1,5,-1,-1, -1,-1,2021,29.0,2,2,0,2,1,23,1,,2,ROUTE NATIONALE 1,0,,3,4,0,1,5,50,1,, -1,2,9,1,50,28,4,2021,10:41,1,972,97213,2,1,1,6,ROUTE NATIONALE 1,14.6204,-60.99327,10,3,3
202100001506,199Â 101,B01,1,1,1,9,2,6,-1,-1, -1,-1,2021,62.0,2,1,0,2,1,1,1,,3,FONTAINEBLEAU (AV DE),0,,2,4,0,1,0,0,1,, -1,2,0,1,50,24,12,2021,11:30,1,94,94043,2,1,1,3,FONTAINEBLEAU (AV DE),48.81378,2.36073,11,2,2
202100038165,133Â 428,A01,1,1,2,5,1,5,-1,-1, -1,-1,2021,30.0,1,2,0,2,2,15,1,,4,JEAN LIGONNET ( R ),0,,2,3,0,1,(1),(1),1,, -1,1,0,1,50,26,5,2021,16:15,1,69,69091,2,3,0,1,JEAN LIGONNET (R),45.59483,4.76985,16,2,2
202100010114,183Â 627,B01,3,2,1,5,1,-1,-1,-1,0,-1,2021,8.0,1,2,4,2,4,2,1,,2,RN 184,0,,1,2,0,2,3,200,2,, -1,2,0,1,90,31,10,2021,14:00,1,95,95572,1,1,1,2,RN 184,49.034979,2.114681,14,4,2
202100055448,102Â 743,A01,2,2,2,0,8,0,-1,-1, -1,-1,2021,57.0,1,2,0,2,1,0,1,,3,REPUBLIQUE (AVENUE DE LA),0,,2,2,0,1,0,100,1,, -1,1,0,1,30,10,1,2021,11:50,1,91,91421,2,1,0,1,REPUBLIQUE (AVENUE DE LA),48.70746,2.45458,11,3,2
202100037201,135Â 187,B01,1,1,1,0,2,0,-1,-1, -1,-1,2021,36.0,1,1,0,2,3,1,1,,4,GAMBETTA (PONT),0,,2,2,3,1,0,0,1,, -1,1,0,1,50,3,5,2021,19:30,1,72,72181,2,9,0,1,GAMBETTA (PONT),48.0059,0.1922,19,2,2
202100049175,113Â 853,B01,1,1,2,9,8,-1,-1,0,0,-1,2021,20.0,2,2,8,2,3,1,1,,3,154,-1,E,2,2,0,1,0,672,1,, -1,1,5,1,90,6,3,2021,09:00,1,34,34084,1,2,0,1,D154e1,43.397603,3.188009,9,3,2
202100031876,144Â 777,A01,1,1,2,1,2,-1,-1,-1, -1,-1,2021,19.0,1,1,0,0,9,1,1,,3,PYLA (BD DU),0,,2,2,1,2,2,785,1,, -1,2,0,1,50,28,6,2021,11:44,1,33,33529,2,1,0,7,PYLA (BD DU),44.63349,-1.16237,11,1,1
202100050396,111Â 613,B01,1,1,2,5,0,-1,-1,0,0,-1,2021,67.0,3,1,0,2,0,26,5,,4,,0,,-1,2,0,1,(1),(1),1,, -1,1,8,1,50,10,2,2021,16:50,1,34,34192,2,4,0,3,73 Avenue de l'Etang du Grec,43.5303129008,3.936798778,16,2,2
202100004017,194Â 558,B01,1,1,2,0,1,0,-1,0,0,-1,2021,49.0,3,2,0,2,4,2,1,,7,CHARMES (CAR DES),0,,2,2,0,1,(1),(1),1,, -1,1,0,1,50,6,12,2021,17:48,1,63,63164,2,1,0,2,CHARMES (CAR DES),45.81594,3.15242,17,2,2
202100042470,125Â 705,A01,10,3,1,0,0,-1,-1,2,3,1,2021,28.0,2,3,0,1,1,9,3,,7,MARTYRS (AV. DES),0,,3,6,3,1,64,250,1,, -1,1,4,6,50,26,4,2021,12:20,1,38,38185,2,1,0,6,Avenue des Martyrs,45.201556,5.70511,12,2,1
202100033786,141Â 379,A01,1,1,2,0,1,8,-1,-1, -1,-1,2021,43.0,1,2,0,2,2,1,1,,4,FRANCOIS ARAGO,0,,1,1,0,1,(1),(1),1,, -1,1,0,1,30,16,6,2021,06:00,2,971,97120,2,1,0,6,FRANCOIS ARAGO,16.2395413483,-61.5340872109,6,1,1
202100006128,190Â 851,A01,1,1,1,4,2,6,-1,-1, -1,-1,2021,21.0,1,1,0,0,0,1,1,,3,907,0,,2,2,1,1,0,0,1,, -1,2,0,1,50,26,11,2021,19:30,5,92,92012,2,1,0,7,REINE (ROUTE DE LA) 82/FIN - 107TER/FIN,48.8402932802,2.2336417437,19,1,1
202100000146,201Â 483,A01,1,1,2,5,1,4,-1,-1,0,-1,2021,21.0,1,2,4,0,1,12,1,,2,RN 184,0,,3,4,0,2,3,0,3,, -1,2,0,1,70,29,12,2021,16:30,1,95,95572,1,1,1,6,RN 184,49.03457,2.11375,16,1,1
202100032396,143Â 865,A01,7,2,2,5,1,-1,-1,0,0,-1,2021,83.0,1,2,7,2,7,19,1,,3,378,-1,D,2,2,0,1,9,0,1,, -1,1,5,1,80,25,6,2021,18:20,1,40,40150,1,2,0,5,D16,43.822855,-1.258063,18,5,2
202100050409,111Â 592,A01,1,1,1,5,2,6,-1,0,0,-1,2021,55.0,2,1,16,0,0,1,1,,3,526,0,,2,2,0,2,62,125,2,, -1,1,0,1,80,21,2,2021,16:35,1,38,38285,1,1,0,7,Hameau de la Pouthuire,45.03723,5.97491,16,1,1
202100017531,170Â 284,A01,10,3,1,5,0,-1,-1,1,1,1,2021,41.0,2,2,3,1,3,1,1,,3,3,0,D,2,2,0,1,8,622,1,, -1,1,0,1,90,22,9,2021,22:40,3,51,51585,1,1,0,7,D3,49.080226,3.685066,22,4,1
202100045048,121Â 205,B01,1,1,1,0,2,6,-1,-1, -1,-1,2021,35.0,2,1,0,2,1,17,1,,3,15,0,,2,2,2,1,0,0,1,, -1,1,0,1,50,5,4,2021,19:10,1,92,92004,2,4,0,3,VOLTAIRE ( BD ),48.9165659754,2.2890293598,19,2,2
202100051780,109Â 142,A01,1,1,1,1,1,5,-1,-1,0,-1,2021,37.0,1,2,0,2,6,19,1,,3,AV FRANCOIS MITTERRAND,0,,2,3,0,1,0,100,1,, -1,7,5,1,50,11,2,2021,08:15,1,95,95268,2,1,0,3,AV FRANCOIS MITTERRAND,48.973361,2.398149,8,3,2
202100014410,175Â 941,A01,3,2,2,5,1,0,-1,0,0,-1,2021,24.0,1,3,0,2,0,7,2,3.0,4,BOULEVARD SAINT MARCEL,0,,2,5,3,1,(1),(1),1,, -1,1,-1,6,30,8,10,2021,09:23,1,75,75113,2,3,0,3,BOULEVARD SAINT MARCEL,48.837148,2.35303,9,4,2
202100019866,166Â 131,A01,2,2,2,9,1,0,-1,-1, -1,-1,2021,12.0,1,2,0,0,9,26,1,,3,D775,0,,2,2,0,1,2,200,1,, -1,2,0,1,80,8,9,2021,13:53,1,49,49015,2,1,0,6,D775,47.515865,-0.619523,13,2,1
202100053907,105Â 393,A01,1,1,1,5,1,-1,-1,0,0,-1,2021,30.0,2,2,13,0,1,1,1,,3,15,-1,,2,2,0,1,16,300,1,, -1,1,0,3,80,23,1,2021,23:00,3,35,35191,1,1,0,6,Aubigne,48.46081,-1.347329,23,1,1
202100036116,137Â 124,A01,1,1,1,5,2,6,-1,0,0,-1,2021,34.0,1,1,0,0,8,1,1,,3,11,-1,,2,2,0,3,17,300,2,,5,2,0,1,80,6,6,2021,16:05,1,29,29038,1,1,1,7,D 11,48.39204,-3.945068,16,1,1
202100000511,200Â 786,A01,1,1,1,5,8,0,-1,-1, -1,-1,2021,23.0,1,0,0,2,4,5,3,,4,MENDES FRANCE (AVENUE),0,,1,2,0,1,0,0,2,, -1,1,0,1,50,24,6,2021,05:00,5,13,13208,2,6,0,1,MENDES FRANCE (AVENUE),43.25462,5.37644,5,4,2