Num_Acc,id_vehicule,num_veh,place,catu,sexe,trajet,secu1,secu2,secu3,locp,actp,etatp,year_acc,victim_age,senc,catv,obs,obsm,choc,manv,motor,occutc,catr,voie,v1,v2,circ,nbv,vosp,prof,pr,pr1,plan,lartpc,larrout,surf,infra,situ,vma,jour,mois,an,hrmn,lum,dep,com,agg_,int,atm,col,adr,lat,long,hour,nb_victim,nb_vehicules
202100035765,137Â 779,A01,1,1,1,0,2,6,-1,-1, -1,-1,2021,22.0,1,1,0,0,8,1,1,,3,REPUBLIQUE (AV DE LA),0,,-1,2,0,1,1,0,1,, -1,1,0,1,50,8,6,2021,17:45,1,94,94076,2,2,0,3,REPUBLIQUE (AV DE LA),48.78849,2.36172,17,2,2
202100048680,114Â 739,A01,1,1,2,9,2,4,-1,-1, -1,-1,2021,51.0,1,1,14,0,3,12,1,,3,AZEMAR EUGENE (BOULEVARD),0,,1,2,0,2,78,453,1,, -1,1,0,1,50,23,2,2021,13:00,1,31,31483,2,6,0,3,Avenue du Marechal Joffre,43.10709,0.72,13,2,2
202100000655,200Â 540,A01,1,1,2,9,2,8,-1,-1, -1,-1,2021,51.0,1,1,0,9,1,1,1,,3,BADUEL (ROUTE DE),0,,-1,2,0,1,2,400,1,, -1,1,0,1,50,16,12,2021,08:15,1,973,97302,2,1,0,3,BADUEL (ROUTE DE),4.93371,-52.31033,8,2,2
202100055345,102Â 907,B01,1,1,1,4,2,6,-1,0,0,-1,2021,47.0,2,1,0,2,2,3,1,,4,PORTE DE LA PLAINE,0,,1,3,0,1,8,300,1,, -1,1,0,1,70,11,1,2021,17:50,5,75,75115,2,1,0,3,PORTE DE LA PLAINE,48.829478,2.287441,17,2,2
202100011170,181Â 764,A01,1,1,2,0,8,-1,-1,0,0,-1,2021,25.0,1,2,0,2,1,0,1,,3,83,0,,3,4,0,1,95,9,1,, -1,1,0,1,110,23,10,2021,20:45,3,67,67336,1,1,0,2,PR 95.9 - RD83,48.457043,7.660346,20,2,2
202100045628,120Â 176,A01,2,2,2,5,8,0,-1,0,0,-1,2021,86.0,2,3,0,0,0,21,2,2.0,4,RUE DE VAUGIRARD,0,,1,2,0,1,(1),(1),1,, -1,1,0,1,50,31,3,2021,17:05,1,75,75115,2,2,0,7,RUE DE VAUGIRARD,48.837234,2.296445,17,2,1
202100052744,107Â 449,B01,1,1,2,0,8,0,-1,-1, -1,-1,2021,32.0,2,1,0,2,7,1,3,,4,JULIETTE RECAMIER                   (R ),0,,1,1,0,1,(1),(1),1,, -1,2,0,1,50,2,2,2021,15:30,1,69,69386,2,2,0,3,JULIETTE RECAMIER (R),45.76443,4.85372,15,2,2
202100030769,146Â 762,A01,4,2,1,5,8,-1,-1,-1, -1,-1,2021,36.0,3,2,14,0,1,1,0,,4,CROIX ROUSSE (DE LA)                (BD),0,,2,3,0,1,(1),(1),1,, -1,1,0,1,50,27,6,2021,03:15,5,69,69381,2,1,0,6,CROIX ROUSSE (DE LA) (BD),45.77426,4.83058,3,3,1
202100040668,128Â 930,A01,1,1,1,5,2,-1,-1,0,0,-1,2021,17.0,3,1,5,0,2,0,1,,9,,-1,,1,1,0,1,(1),(1),1,, -1,1,0,3,50,9,5,2021,18:56,1,50,50003,2,1,0,7,Hippodrome,49.050166,-1.594804,18,1,1
202100002183,197Â 889,B01,1,1,2,1,1,-1,-1,0,0,-1,2021,62.0,2,2,0,2,1,1,1,,3,609,-1,,2,2,0,1,23,500,2,, -1,1,0,1,50,17,12,2021,19:35,3,34,34142,2,1,0,1,ROUTE DE MILLAU,43.738449,3.328321,19,2,2
202100053657,105Â 823,A01,1,1,2,1,1,-1,-1,0,0,-1,2021,56.0,1,2,0,2,3,13,1,,3,773,-1,,2,2,0,1,25,855,1,, -1,2,0,1,80,26,1,2021,17:30,2,44,44013,1,1,1,1,D773,47.398545,-2.09597,17,2,2
202100038893,132Â 110,C01,1,1,2,4,1,0,-1,-1, -1,-1,2021,21.0,1,2,0,2,4,2,1,,4,REVOLUTION (AVENUE DE LA),0,,2,2,0,2,0,0,1,, -1,1,0,1,50,20,5,2021,16:55,1,87,87085,2,1,0,4,REVOLUTION (AVENUE DE LA),45.82327,1.2607,16,4,3
202100056223,101Â 399,A01,1,1,1,9,2,-1,-1,0,0,-1,2021,39.0,2,1,1,0,1,21,1,,7,39,-1,,2,2,0,1,(1),(1),2,, -1,1,0,4,50,6,1,2021,15:40,1,59,59052,2,1,0,6,18Rue Jules Guesde,50.519322,2.891433,15,1,1
202100017635,170Â 097,A01,1,1,1,1,2,6,-1,-1, -1,-1,2021,28.0,2,1,8,0,1,17,1,,7,FOCH RUE DU MARECHAL,0,,2,2,0,1,(1),(1),1,, -1,1,5,1,30,21,9,2021,12:00,1,59,59360,2,1,0,6,FOCH RUE DU MARECHAL,50.61536,3.01835,12,1,1
202100045619,120Â 190,B01,1,1,1,3,2,6,-1,-1, -1,-1,2021,19.0,1,1,1,2,1,1,1,,3,GUESDE ( AVENUE JULES ),0,,2,2,0,2,13,918,1,, -1,1,0,1,50,1,4,2021,15:39,1,3,3185,2,3,0,3,96 Avenue Jules Guesde,46.33955,2.581527,15,2,2
202100027551,152Â 475,A01,1,1,2,9,1,0,-1,-1, -1,-1,2021,67.0,1,2,2,0,3,2,1,,2,34 PK RN11 ROCADE NANTES,0,,3,4,0,1,33,590,1,, -1,1,0,1,90,22,7,2021,20:56,1,17,17291,1,1,0,3,N11,46.176947,-1.103719,20,2,2
202100035076,138Â 999,B01,1,1,1,5,2,8,-1,-1, -1,-1,2021,66.0,2,1,0,2,7,1,1,,3,GENERAL DE GAULLE (AV DU),0,,3,4,0,1,1,0,1,, -1,1,0,1,50,11,6,2021,09:27,1,94,94046,2,1,0,3,Avenue du GÃ©nÃ©ral de Gaulle,48.814274,2.421122,9,2,2
202100002678,196Â 989,A01,1,1,1,1,1,-1,-1,0,0,-1,2021,18.0,1,2,1,0,1,13,1,,3,15,0,,2,2,0,2,14,200,3,, -1,2,0,3,80,9,12,2021,17:00,2,71,71345,1,1,0,6,D15,46.446674,4.782362,17,1,1
202100001243,199Â 545,B01,1,1,2,1,1,-1,-1,0,0,-1,2021,38.0,0,2,0,2,3,1,1,,3,76,-1,D,-1,2,0,2,(1),(1),1,, -1,2,0,1,80,28,12,2021,19:20,3,38,38449,1,1,1,1,Route d Heyrieux,45.63972,5.088419,19,2,2
202100014612,175Â 595,A01,1,1,1,0,8,0,-1,0,0,-1,2021,41.0,3,1,0,0,0,26,5,,9,PARIS (AVENUE DE),0,,-1,1,1,1,(1),(1),1,, -1,1,0,5,20,6,10,2021,16:45,1,27,27681,2,9,0,7,PARIS (AVENUE DE),49.08585,1.49764,16,1,1
202100018030,169Â 399,B01,1,1,1,9,2,0,-1,0,0,-1,2021,19.0,2,1,0,2,1,1,3,,4,RUE DE RIVOLI,0,,2,4,1,1,(1),(1),1,, -1,1,0,5,30,19,9,2021,18:40,2,75,75101,2,3,0,1,RUE DE RIVOLI,48.8605034015,2.3421397805,18,2,2
202100028213,151Â 266,A01,1,1,1,1,2,6,-1,0,0,-1,2021,60.0,1,1,12,0,2,1,1,,3,28,0,,2,2,0,1,49,250,1,, -1,1,0,4,50,20,7,2021,13:15,1,2,2558,2,1,0,6,39 Route de Boue,50.014844,3.774513,13,1,1
202100054476,104Â 389,B01,1,1,1,4,2,6,-1,-1, -1,-1,2021,31.0,2,1,0,2,1,1,1,,4,BEAUTE (R DE),0,,2,1,0,2,1,0,1,, -1,1,0,1,30,19,1,2021,14:30,1,94,94052,2,1,0,3,BEAUTE (R DE),48.834909,2.478701,14,2,2
202100053527,106Â 038,A01,10,3,1,9,0,-1,-1,2,3,2,2021,7.0,3,2,0,1,1,1,0,,4,,-1,,1,1,0,1,(1),(1),1,, -1,2,0,1,50,26,1,2021,15:25,1,27,27056,2,1,0,6,Rue de l'Abbatiale,49.089605,0.598981,15,2,1
202100023268,160Â 025,A01,10,3,2,0,0,-1,-1,1,3,1,2021,41.0,1,2,0,1,5,17,1,,4,JOFFRE (AVENUE DU MARECHAL CD 88),0,,2,2,0,1,0,0,1,, -1,1,0,1,50,18,8,2021,12:00,1,66,66136,2,1,0,6,JOFFRE (AVENUE DU MARECHAL CD 88),42.71063,2.89021,12,2,1
202100013949,176Â 769,A01,1,1,1,4,0,-1,-1,0,0,-1,2021,23.0,1,4,1,0,1,2,1,,1,20,0,,3,4,0,1,321,200,1,, -1,1,0,1,130,12,10,2021,03:50,3,46,46290,1,1,0,2,A20 PK 321.200,44.769158,1.539257,3,5,3
202100032302,144Â 018,B01,1,1,1,1,2,8,-1,0,0,-1,2021,57.0,2,1,0,2,4,2,0,,3,R.N.98 BORD DE MER SIESTA,0,,2,2,2,1,24,948,1,, -1,1,0,5,70,22,6,2021,13:41,1,6,6004,1,1,0,2,R.N.98 BORD DE MER SIESTA,43.595775,7.12542,13,2,2
202100051001,110Â 510,A01,1,1,1,1,1,-1,-1,0,0,-1,2021,25.0,1,5,15,0,1,1,1,,4,1,0,,2,2,1,1,(1),(1),3,, -1,1,0,5,80,19,2,2021,19:20,3,14,14488,1,1,0,6,Route de Saint Aubin dâArquenay,49.26492,-0.27438,19,1,1
202100008336,186Â 826,A01,1,1,1,1,1,0,-1,-1, -1,-1,2021,67.0,1,2,0,2,4,2,1,,7,BRETELLE SORTIE,0,,1,1,0,1,0,1,3,, -1,1,3,8,50,6,11,2021,02:47,3,67,67218,1,1,1,2,M35,48.547605,7.728886,2,2,2
202100016780,171Â 619,B01,1,1,2,0,2,8,-1,-1, -1,-1,2021,37.0,2,1,0,0,7,15,1,,3,TIGRE (ROUTE DU),0,,-1,1,0,1,2,800,1,, -1,1,0,1,50,24,9,2021,21:00,1,973,97309,1,3,0,3,TIGRE (ROUTE DU),4.9058,-52.30481,21,2,2
202100056361,101Â 159,A01,2,2,2,3,1,-1,-1,0,0,-1,2021,65.0,1,2,2,0,3,0,1,,3,47,-1,,2,2,0,2,44,500,2,, -1,2,0,3,80,4,1,2021,17:20,2,14,14621,1,1,1,6,Route de Fervaques,49.044141,0.352764,17,2,1
202100054223,104Â 827,A01,10,3,2,-1,0,-1,-1,2,3,2,2021,41.0,1,4,0,2,1,1,1,,4,JEAN MATHON(BOULEVARD),0,,2,2,0,1,0,0,1,, -1,1,0,1,50,12,1,2021,17:30,2,7,7019,2,1,0,3,JEAN MATHON(BOULEVARD),44.6201,4.38762,17,3,2
202100055609,102Â 454,E01,1,1,2,0,1,0,-1,-1, -1,-1,2021,32.0,2,2,0,2,4,1,1,,1,AUTOROUTE A10,0,,2,6,0,1,3,5,1,, -1,1,0,1,110,11,1,2021,07:00,3,91,91377,1,1,0,4,AUTOROUTE A10,48.72338,2.29751,7,6,6
202100008334,186Â 831,A01,10,3,2,5,0,-1,-1,1,1,1,2021,20.0,0,2,0,1,2,4,1,,4,,-1,,2,2,0,1,(1),(1),1,,4,1,0,1,50,24,7,2021,01:30,3,59,59524,2,1,0,6,"139, rue Alexandre Derousseaux",50.566263,2.898767,1,2,1
202100001181,199Â 663,B01,1,1,1,5,8,0,-1,-1, -1,-1,2021,46.0,1,1,0,2,8,1,5,,3,Rd 973,0,,2,2,0,1,1,0,1,, -1,1,0,1,80,24,12,2021,17:14,2,60,60159,1,1,0,3,Rd 973,49.40289,2.85061,17,2,2
202100036265,136Â 854,A01,1,1,1,9,2,0,-1,0,0,-1,2021,38.0,1,0,0,2,2,1,3,,4,RUE MANIN,0,,2,2,0,1,(1),(1),1,, -1,1,0,1,50,5,6,2021,12:20,1,75,75119,2,3,0,3,RUE MANIN,48.881697,2.381083,12,2,2
202100022298,161Â 775,B01,2,2,2,9,2,6,-1,0,0,-1,2021,31.0,2,1,0,2,1,1,1,,4,RUE DE SEVRES,0,,2,4,1,1,(1),(1),1,, -1,1,0,1,50,27,8,2021,10:45,1,75,75107,2,2,0,3,RUE DE SEVRES,48.850236,2.324166,10,3,2
202100009561,184Â 615,A01,1,1,1,1,1,-1,-1,-1, -1,-1,2021,49.0,1,2,3,0,1,1,1,,1,AUTOROUTE A15,0,,1,6,0,1,20,399,2,, -1,1,0,1,90,3,11,2021,23:27,3,95,95572,1,1,0,6, A15,49.02819,2.12818,23,1,1
202100028632,150Â 534,A01,1,1,1,5,8,8,-1,-1, -1,-1,2021,50.0,1,1,0,2,1,1,5,,3,LIBERATION ( AV. DE LA ),0,,2,2,0,1,94,57,1,, -1,1,0,1,30,15,7,2021,10:55,1,56,56083,2,3,0,3,LIBERATION ( AV. DE LA ),47.80325,-3.26677,10,2,2
202100008117,187Â 220,B01,1,1,1,1,2,0,-1,-1, -1,-1,2021,18.0,2,1,0,2,1,3,1,,1,AUTOROUTE A6B,0,,1,4,0,1,5,50,1,, -1,1,0,1,90,15,11,2021,07:55,2,94,94038,1,1,0,3,AUTOROUTE A6B,48.77296,2.346,7,2,2
202100041789,126Â 912,A01,1,1,2,3,8,-1,-1,0,0,-1,2021,78.0,3,2,0,2,5,24,1,,4,ALLEE (RUE DE L'),0,,-1,2,0,1,(1),(1),1,, -1,1,0,1,50,30,4,2021,12:00,1,65,65251,2,1,0,3,ALLEE (RUE DE L'),43.21004,0.07411,12,2,2
202100016724,171Â 731,A01,1,1,1,0,0,-1,-1,0,0,-1,2021,29.0,1,2,2,0,1,1,1,,3,1032,0,D,3,4,0,1,7,640,1,, -1,1,0,3,110,26,8,2021,09:28,1,60,60392,1,1,0,6,D1032,49.4829971053,2.8618483542,9,1,1
202100041600,127Â 243,C01,2,2,2,5,1,-1,-1,0,0,-1,2021,54.0,2,2,0,2,4,1,1,,2,94,-1,,2,2,0,1,77,230,1,, -1,1,5,1,80,3,5,2021,15:30,1,5,5017,1,2,0,4,"ZA les cheminants, PK077.230",44.575948,6.165857,15,6,3
202100024225,158Â 369,A01,1,1,2,5,1,0,-1,-1, -1,-1,2021,51.0,1,2,4,2,7,14,1,,1,A104,0,,1,2,0,2,24,399,2,, -1,1,3,1,50,14,8,2021,01:20,3,77,77438,1,1,0,6,A104,48.8672434741,2.6703641706,1,1,1
202100020251,165Â 438,B01,1,1,1,0,1,0,-1,-1, -1,-1,2021,34.0,3,5,0,2,1,1,1,,4,GENERAL FERRIE (AVENUE),0,,2,2,0,2,0,0,2,, -1,1,0,1,50,6,9,2021,18:15,1,76,76351,1,4,0,2,GENERAL FERRIE (AVENUE),49.50352,0.17941,18,3,2
202100001025,199Â 932,A01,10,3,2,4,0,-1,-1,3,3,1,2021,29.0,2,2,0,1,1,1,1,,4,AVE GUSTAVE EIFFEL,0,,2,4,1,1,(1),(1),1,, -1,2,9,1,50,28,12,2021,10:58,1,33,33318,2,1,1,6,Avenue Gustave Eiffel,44.78623,-0.6389,10,2,1
202100005526,191Â 918,A01,1,1,1,0,2,8,-1,0,0,-1,2021,24.0,1,1,12,0,7,0,0,,7,CANNES AVENUE DE (RN7),0,,2,3,0,1,(1),(1),1,, -1,1,0,1,50,29,11,2021,08:10,1,6,6027,2,1,0,6,CANNES AVENUE DE (RN7),43.64841,7.13821,8,1,1
202100025090,156Â 808,B01,2,2,2,4,1,0,-1,-1, -1,-1,2021,29.0,2,5,0,2,4,1,1,,1,A72,0,,3,6,0,1,10,700,1,, -1,1,0,2,110,3,8,2021,12:35,1,42,42097,1,1,0,2,A72,45.4850002095,4.3307774093,12,3,2
202100021081,163Â 975,A01,1,1,1,1,2,0,-1,0,0,-1,2021,47.0,1,1,0,2,1,2,1,,4,PLACE VALHUBERT,0,,1,2,0,1,(1),(1),1,, -1,1,0,1,30,3,9,2021,09:05,1,75,75105,2,7,0,2,PLACE VALHUBERT,48.8448,2.364017,9,2,2
202100047255,117Â 294,A01,1,1,1,1,2,6,-1,-1, -1,-1,2021,27.0,1,1,0,2,1,26,1,,4,MOULIN DE SAQUET (AV DU),0,,2,2,0,3,0,0,1,, -1,1,0,1,50,20,3,2021,14:20,1,94,94081,2,3,0,2,MOULIN DE SAQUET (AV DU),48.78993,2.3798,14,2,2
202100007043,189Â 166,B01,1,1,1,1,2,0,-1,0,0,-1,2021,37.0,1,1,0,2,4,3,1,,4,PORTE DE LA VILLETTE,0,,1,4,0,1,25,800,1,, -1,1,0,1,70,17,11,2021,13:42,1,75,75119,2,1,0,4,PORTE DE LA VILLETTE,48.896897,2.394076,13,3,3
202100035061,139Â 025,B01,1,1,1,9,2,6,-1,0,0,-1,2021,46.0,2,1,0,2,0,1,3,,4,BOULEVARD DE COURCELLES,0,,2,2,0,1,(1),(1),1,, -1,1,0,1,30,11,6,2021,11:30,1,75,75108,2,1,0,3,BOULEVARD DE COURCELLES,48.880678,2.311194,11,2,2
202100016923,171Â 371,B01,1,1,2,0,1,0,-1,-1, -1,-1,2021,23.0,1,2,14,2,4,1,1,,4,PONT CHER (AVENUE DE),0,,1,2,0,1,(1),(1),1,, -1,2,0,1,50,25,9,2021,20:20,5,37,37261,2,1,1,2,PONT CHER (AVENUE DE),47.3724202574,0.6781704614,20,2,2
202100009532,184Â 673,A01,1,1,1,1,1,-1,-1,0,0,-1,2021,22.0,3,2,3,2,7,13,1,,7,6,0,D,3,2,0,1,0,0,1,, -1,1,0,1,110,5,11,2021,07:00,2,13,13015,1,1,0,3,D6,43.446298,5.441548,7,2,2
202100029595,148Â 887,B01,1,1,1,5,1,0,-1,-1, -1,-1,2021,43.0,2,2,0,2,4,2,1,,3,LIBERATION (AVENUE DE LA),0,,2,2,0,1,(1),(1),1,, -1,1,0,1,50,9,7,2021,17:20,1,45,45234,2,1,0,2,Avenue de la Liberation,47.919105,1.902045,17,3,2
202100004243,194Â 168,A01,10,3,2,2,0,-1,-1,3,3,2,2021,19.0,2,2,0,1,1,1,1,,7,,0,,3,5,0,1,(1),(1),1,, -1,1,0,1,50,4,12,2021,19:30,5,63,63113,2,2,0,6,CRISTAL (AVENUE ERNEST),45.7590685116,3.1443455815,19,3,1
202100000772,200Â 333,A01,1,1,1,0,2,0,-1,-1, -1,-1,2021,20.0,2,1,0,2,1,1,1,,4,ANSALDI,0,,-1,2,0,1,(1),(1),1,, -1,1,0,1,50,30,12,2021,20:10,5,17,17306,2,2,0,3,ANSALDI,45.635588,-1.02636,20,2,2
202100010401,183Â 122,A01,1,1,1,1,1,-1,-1,0,0,-1,2021,33.0,2,2,15,0,1,1,1,,2,10,0,,2,2,0,1,(1),(1),2,,7,1,0,3,50,29,10,2021,23:55,3,202,202343,2,1,0,6,Cruciata,42.493587,9.472371,23,1,1
202100048658,114Â 778,B01,1,1,1,1,2,0,-1,-1, -1,-1,2021,49.0,3,1,0,2,7,1,1,,4,DECUGIS (AVENUE ALFRED),0,,2,4,0,1,(1),0,1,, -1,1,0,1,50,9,3,2021,13:40,1,83,83069,2,6,0,3,DECUGIS (AVENUE ALFRED),43.11633,6.14666,13,2,2
202100037634,134Â 388,B01,1,1,1,5,2,6,-1,-1, -1,-1,2021,30.0,3,1,0,2,4,23,1,,4,MONT D'EST (BD),0,,1,2,0,1,0,0,1,, -1,1,0,1,50,29,5,2021,08:50,1,93,93051,2,9,0,1,MONT D'EST (BD),48.83765,2.54326,8,2,2
202100013145,178Â 250,B01,1,1,1,0,2,6,-1,-1, -1,-1,2021,44.0,1,1,0,2,1,1,1,,3,71,0,,2,2,0,1,0,0,1,, -1,1,0,1,50,15,10,2021,00:45,5,92,92040,2,2,0,3,GENERAL DE GAULLE (AVE DU) 78 A 158,48.81952,2.27891,0,2,2
202100036344,136Â 734,A01,1,1,1,5,2,6,9,0,0,-1,2021,35.0,1,1,6,0,7,1,1,,3,218,-1,B,2,2,0,2,7,880,4,, -1,1,2,1,80,6,6,2021,10:55,1,73,73132,1,1,0,6,D218b,45.742996,6.570876,10,1,1
202100050286,111Â 827,A01,1,1,1,1,2,8,-1,-1, -1,-1,2021,51.0,2,1,0,2,1,2,1,,1,A507 sens Aubagne- Marseille,0,,-1,3,0,1,5,0,1,, -1,1,2,1,90,24,2,2021,16:30,1,13,13055,1,1,0,2,A507 sens Aubagne- Marseille,43.329824,5.412228,16,4,2
202100049193,113Â 826,B01,1,1,1,5,2,6,-1,0,0,-1,2021,21.0,2,1,0,2,1,1,1,,3,20.3,0,,2,2,2,1,(1),(1),1,, -1,1,0,1,50,6,3,2021,16:50,1,68,68154,2,2,1,5,13 e Rue de Mulhouse,47.77782,7.347268,16,4,3
202100016638,171Â 891,A01,1,1,1,0,8,0,-1,-1, -1,-1,2021,30.0,3,2,0,2,4,9,1,,3,D607,0,,2,2,0,1,0,868,1,, -1,1,5,1,90,26,9,2021,00:15,3,77,77407,1,3,0,2,D607,48.54487,2.513035,0,4,2
202100027872,151Â 893,A01,1,1,1,0,8,0,-1,-1, -1,-1,2021,22.0,3,1,1,0,1,2,1,,4,AUGUSTE RODIN (RUE) - RIV. DES GALETS,0,,2,1,0,1,0,0,1,, -1,1,0,3,50,19,7,2021,18:45,5,974,97407,2,1,0,3,AUGUSTE RODIN (RUE) - RIV. DES GALETS,-20.9588,55.3112,18,2,2
202100048636,114Â 820,B01,1,1,2,1,1,0,-1,-1, -1,-1,2021,28.0,2,2,0,2,4,2,1,,1,A507 sens Aubagne- Marseille,0,,3,3,0,1,10,0,1,, -1,1,0,1,90,10,3,2021,08:41,1,13,13211,1,1,0,5,A507 sens Aubagne- Marseille,43.286186,5.430464,8,3,3
202100003268,195Â 924,A01,1,1,1,0,1,0,-1,-1, -1,-1,2021,31.0,3,2,9,0,1,1,1,,4,VARIOT (RUE DU DOCTEUR),0,,1,1,0,1,1,0,1,, -1,2,0,1,30,12,12,2021,16:50,2,93,93064,2,1,1,6,VARIOT (RUE DU DOCTEUR),48.87835,2.49086,16,1,1
202100044288,122Â 501,A01,10,3,1,1,0,0,0,3,3,1,2021,59.0,2,5,0,1,1,1,1,,4,DELVALLE (RUE PROF.),0,,-1,1,0,2,(1),(1),1,, -1,2,0,1,50,12,4,2021,06:30,2,6,6088,2,1,1,6,DELVALLE (RUE PROF.),43.71974,7.28363,6,2,1
202100055854,102Â 040,A01,1,1,2,1,1,8,-1,-1, -1,-1,2021,49.0,1,2,0,0,1,26,1,,3,VERDUN AVENUE DE AUTRES NÂ°,0,,2,2,0,2,0,1,1,, -1,2,0,4,50,8,1,2021,07:50,1,92,92020,2,1,0,7,VERDUN AVENUE DE AUTRES NÂ°,48.7948178671,2.2735205718,7,1,1
202100028968,149Â 948,A01,1,1,1,4,2,6,-1,0,0,-1,2021,25.0,1,1,12,0,2,26,1,,7,EGLISE (RUE DE L'),0,,1,1,0,1,(1),(1),1,, -1,1,0,4,50,18,6,2021,01:45,5,54,54339,2,1,0,6,EGLISE (RUE DE L'),48.71171,6.18662,1,1,1
202100022194,161Â 975,B01,1,1,1,5,2,6,-1,0,0,-1,2021,16.0,3,1,0,0,1,17,1,,4,,0,D,2,2,0,1,(1),(1),2,, -1,1,0,1,50,28,8,2021,16:45,1,85,85178,2,9,0,1,Rue du Stade,46.77024,-1.502329,16,2,2
202100049073,114Â 043,A01,1,1,2,0,1,0,-1,-1, -1,-1,2021,73.0,1,2,0,2,1,15,1,,4,VOLTAIRE (RUE) NÂ° IMP 115 ET >,0,,2,2,0,1,0,0,1,, -1,1,0,1,50,4,3,2021,11:50,1,72,72181,2,2,0,3,VOLTAIRE (RUE) NÂ° IMP 115 ET >,48.01293,0.18886,11,2,2
202100045184,120Â 972,B01,1,1,1,5,2,-1,-1,0,0,-1,2021,65.0,2,1,0,2,1,1,5,,2,7,-1,,2,2,0,2,(1),(1),3,, -1,1,0,1,50,5,4,2021,08:30,1,978,97801,2,1,0,1,"RN7, Cripple Gate",18.080284,-63.070664,8,2,2
202100023542,159Â 558,A01,1,1,1,5,1,-1,-1,0,0,-1,2021,76.0,3,2,5,0,3,0,1,,4,,-1,,2,2,0,1,(1),(1),1,,5,1,0,1,30,19,8,2021,10:30,1,33,33376,2,1,0,6,Route de la Serpentine,44.911172191,-0.7381170989,10,1,1
202100000528,200Â 757,A01,10,3,1,9,0,-1,-1,2,3,1,2021,45.0,1,3,0,1,1,1,3,,4,BOULEVARD NEY,0,,3,6,3,1,(1),(1),1,, -1,1,-1,6,30,12,9,2021,00:15,3,75,75118,2,3,0,6,BOULEVARD NEY,48.897737,2.334588,0,2,1
202100007165,188Â 957,B01,1,1,1,1,2,6,-1,-1, -1,-1,2021,36.0,1,1,0,2,1,1,1,,2,PORT DU NAVEIX (RUE DU),0,,3,4,0,1,18,915,1,, -1,1,0,1,50,17,11,2021,07:44,5,87,87085,2,3,0,3,PORT DU NAVEIX (RUE DU),45.83225,1.27406,7,2,2
202100055423,102Â 781,A01,1,1,1,0,1,0,-1,-1, -1,-1,2021,31.0,2,2,4,0,8,2,1,,1,AUTOROUTE A3,0,,3,8,0,1,0,699,1,, -1,2,0,1,90,12,1,2021,20:30,3,93,93006,1,1,1,6,AUTOROUTE A3,48.86626,2.42276,20,1,1
202100023651,159Â 348,A01,10,3,1,0,0,-1,-1,6,B,1,2021,63.0,1,5,1,1,1,2,1,,1,16,-1,A,1,4,0,1,63,600,1,, -1,1,0,2,130,19,8,2021,14:17,1,60,60030,1,1,0,6,A16 PK 63.600 PARIS - BOULOGNE,49.360433,2.107755,14,2,1
202100042067,126Â 433,B01,1,1,1,0,2,6,-1,-1, -1,-1,2021,27.0,2,1,0,2,1,3,1,,3,R DU GENERAL LECLERC ,0,,2,2,0,1,1,0,1,, -1,1,0,1,50,29,4,2021,15:55,1,94,94071,2,9,0,3,GENERAL LECLERC (R DU),48.7774,2.51149,15,3,2
202100029606,148Â 864,B01,1,1,1,0,1,8,-1,-1, -1,-1,2021,24.0,1,2,0,2,2,0,1,,7,ALEX ANSALDI (RUE),0,,3,2,0,1,1,0,1,, -1,1,0,1,50,10,7,2021,21:00,5,13,13214,2,9,0,3,ALEX ANSALDI (RUE),43.33544,5.40015,21,2,2
202100010743,182Â 527,B01,1,1,1,5,2,6,-1,-1, -1,-1,2021,18.0,1,1,0,2,2,1,1,,3,STRASBOURG (BD DE),0,,2,2,0,1,1,0,1,, -1,1,0,1,30,25,10,2021,17:15,1,94,94052,2,1,0,3,STRASBOURG (BD DE),48.83638,2.47559,17,2,2
202100034259,140Â 506,B01,2,2,2,5,2,0,-1,0,0,-1,2021,16.0,1,1,0,2,1,1,1,,4,SAPINIERE (RUE DE LA),0,,-1,3,0,1,(1),(1),1,, -1,1,0,1,50,15,6,2021,22:15,5,54,54304,2,2,0,3,SAPINIERE (RUE DE LA),48.69329,6.12814,22,3,2
202100043599,123Â 741,A01,1,1,1,5,2,6,-1,0,0,-1,2021,15.0,1,1,0,2,1,1,1,,3,219,-1,D,2,2,0,2,5,605,2,, -1,1,9,1,80,16,4,2021,15:45,1,33,33474,1,1,0,2,D219,44.665085,-0.485826,15,2,2
202100028018,151Â 628,A01,1,1,1,1,2,6,-1,0,0,-1,2021,16.0,1,1,12,0,1,1,1,,3,10,-1,,2,2,0,1,16,706,1,,"5,5",1,0,4,50,21,7,2021,07:40,1,31,31135,2,1,0,6,Avenue de Palaminy,43.203842,1.076649,7,1,1
202100023226,160Â 102,A01,1,1,1,5,2,6,-1,0,0,-1,2021,21.0,1,1,13,0,1,1,1,,3,57,0,,2,2,0,2,11,944,4,, -1,1,0,3,80,22,8,2021,17:50,1,27,27358,1,1,0,7,RD 57,49.03752,1.293983,17,1,1
202100011436,181Â 281,A01,3,2,2,5,1,0,-1,-1, -1,-1,2021,25.0,1,2,7,0,4,23,1,,3,JEAN-JAURES (BD),0,,1,2,0,1,0,1,1,, -1,1,0,1,50,23,10,2021,18:05,2,93,93070,2,2,0,2,JEAN-JAURES (BD),48.91257,2.33465,18,3,2
202100039697,130Â 624,B01,1,1,1,0,2,0,-1,-1, -1,-1,2021,24.0,2,1,0,2,1,2,0,,7,MINIMES (AV DES) DU 1AU 178,0,,2,2,0,1,0,0,1,, -1,2,8,1,50,16,5,2021,13:00,1,31,31555,2,3,1,1,MINIMES (AV DES) DU 1AU 178,43.61847,1.43641,13,2,2