Num_Acc,id_vehicule,num_veh,place,catu,sexe,trajet,secu1,secu2,secu3,locp,actp,etatp,year_acc,victim_age,senc,catv,obs,obsm,choc,manv,motor,occutc,catr,voie,v1,v2,circ,nbv,vosp,prof,pr,pr1,plan,lartpc,larrout,surf,infra,situ,vma,jour,mois,an,hrmn,lum,dep,com,agg_,int,atm,col,adr,lat,long,hour,nb_victim,nb_vehicules
202100005583,191Â 824,A01,10,3,1,3,0,-1,-1,3,3,1,2021,81.0,1,2,0,1,1,1,1,,3,09,-1,,2,2,0,1,(1),(1),1,, -1,2,0,1,50,1,12,2021,08:00,4,41,41149,2,1,1,6,Rue Ronsard,47.752295,0.860549,8,2,1
202100015457,174Â 076,A01,1,1,1,5,2,6,-1,-1,0,-1,2021,60.0,1,1,0,2,3,1,1,,1,AUTOROUTE A15,0,,3,6,0,1,20,200,1,, -1,2,0,1,110,1,10,2021,19:00,1,95,95572,1,1,1,4,A15,49.02665,2.13028,19,3,3
202100044624,121Â 958,A01,1,1,2,9,2,4,6,0,0,-1,2021,20.0,1,1,2,0,3,15,1,,3,40,0,,2,2,0,2,24,741,1,, -1,1,0,4,50,8,4,2021,12:00,1,44,44148,2,2,0,7,Place de l'Eglise,47.757307,-1.494688,12,1,1
202100005839,191Â 356,B01,1,1,1,4,1,-1,-1,-1, -1,-1,2021,25.0,1,2,0,2,4,2,1,,7,RD383   11.750 A 14.250,0,,3,8,0,1,13,800,1,, -1,2,0,1,70,27,11,2021,04:40,5,69,69259,1,1,1,2,RD383  11.750 A 14.250,45.71746,4.85955,4,4,2
202100003526,195Â 443,A01,1,1,1,1,2,0,-1,0,0,-1,2021,53.0,2,1,0,2,3,1,1,,3,CALVI  ROUTE,0,,2,0,0,1,0,0,1,, -1,1,0,1,50,3,5,2021,12:02,1,201,201004,2,1,0,3,D81,41.9529592969,8.7833157989,12,2,2
202100006324,190Â 484,B01,1,1,1,0,2,6,-1,0,0,-1,2021,68.0,1,1,0,2,1,1,1,,3,1201,0,D,2,2,0,1,(1),(1),1,, -1,1,0,1,50,25,11,2021,13:25,1,74,74010,2,2,0,3,Route de Geneve,45.947151,6.121219,13,2,2
202100012619,179Â 155,B01,2,2,2,0,1,8,-1,-1, -1,-1,2021,14.0,2,2,0,2,3,1,1,,3,TIGRE (ROUTE DU),0,,2,2,0,1,1,300,4,, -1,1,0,1,50,16,10,2021,13:30,1,973,97302,1,3,0,5,TIGRE (ROUTE DU),4.914903538,-52.3106002809,13,4,3
202100011661,180Â 882,B01,1,1,1,1,2,6,-1,-1, -1,-1,2021,49.0,2,1,0,2,1,1,1,,3,JEAN JAURES (R),0,,2,2,1,1,1,0,1,, -1,1,0,1,50,21,10,2021,07:45,5,94,94017,2,1,1,3,Rue Jean JaurÃ¨s,48.81523,2.5072,7,2,2
202100039013,131Â 906,B01,1,1,2,3,1,-1,-1,0,0,-1,2021,33.0,1,2,0,2,1,1,1,,3,04,-1,,2,2,0,1,14,600,3,, -1,2,0,1,-1,21,5,2021,17:10,1,63,63453,1,1,1,1,RD 04,45.7862,3.273411,17,2,2
202100010009,183Â 810,A01,10,3,1,0,0,-1,-1,3,3,1,2021,35.0,2,2,0,1,1,16,1,,3,DOCTEUR ROUX (PLACE DU),0,,1,1,0,1,0,982,3,, -1,2,0,1,50,31,10,2021,18:10,5,78,78146,2,9,1,6,DOCTEUR ROUX (PLACE DU),48.90031,2.14802,18,2,1
202100049799,112Â 731,A01,10,3,2,5,0,-1,-1,4,3,1,2021,30.0,2,2,0,1,3,1,1,,3,910,0,G,3,2,2,1,6,850,1,, -1,1,5,1,50,20,2,2021,13:45,1,74,74225,2,2,0,6,Boulevard Louis Dagand (Pont),45.867761,5.93854,13,2,1
202100011891,180Â 470,B01,1,1,1,5,2,-1,-1,0,0,-1,2021,25.0,3,1,0,2,1,1,1,,2,,-1,,2,-1,-1,1,(1),(1),1,, -1,1,0,1,-1,21,10,2021,12:55,1,974,97414,2,2,0,3,Rue Francois Cudenet,-21.293623,55.402384,12,2,2
202100006766,189Â 692,A01,1,1,1,0,1,-1,-1,0,0,-1,2021,34.0,2,5,13,0,1,1,1,,3,35,0,,2,2,0,2,11,230,2,, -1,1,0,3,80,23,11,2021,19:20,3,83,83145,1,1,0,7,"RD 35, PK 11+230",43.586534,5.955872,19,1,1
202100026397,154Â 509,A01,1,1,2,5,0,-1,-1,0,0,-1,2021,71.0,1,0,0,0,7,1,3,,3,149,0,,2,2,0,2,13,500,3,, -1,2,0,1,80,31,7,2021,12:00,1,63,63038,1,1,1,7,Super Besse,45.502708,2.877538,12,1,1
202100023558,159Â 529,B01,1,1,1,5,0,0,-1,0,0,-1,2021,20.0,1,1,0,2,1,15,3,,4,ROND POINT SCHMIDT,0,,2,2,0,1,0,0,2,, -1,1,5,1,50,18,8,2021,11:20,1,988,98818,2,6,0,3,RUE DE LA SEINE/RUE SCHMIDT,-22.27664,166.45531,11,2,2
202100031066,146Â 213,A01,1,1,1,4,2,8,-1,0,0,-1,2021,27.0,0,1,0,2,2,17,1,,4,TOLSTOI (BOULEVARD),0,,2,2,0,1,(1),(1),1,, -1,1,0,1,50,29,6,2021,18:45,1,54,54526,2,9,0,2,TOLSTOI (BOULEVARD),48.67718,6.21998,18,2,2
202100008340,186Â 817,A01,1,1,2,5,1,5,-1,-1, -1,-1,2021,23.0,1,2,0,2,6,9,1,,2,186,0,,1,4,0,1,50,0,1,, -1,1,3,1,70,12,11,2021,22:50,5,94,94065,2,9,0,2,N186,48.7547,2.34776,22,2,2
202100041985,126Â 575,B01,1,1,1,5,2,-1,-1,0,0,-1,2021,59.0,0,1,0,2,1,2,1,,3,1017,0,,2,2,0,1,11,50,1,, -1,2,0,1,50,1,5,2021,18:00,1,60,60612,2,2,1,2,Avenue de CompiÃ¨gne,49.211255,2.593095,18,3,2
202100033959,141Â 064,B01,1,1,1,1,2,7,-1,0,0,-1,2021,50.0,2,1,0,2,1,1,1,,7,6,-1,D,2,2,3,1,0,400,1,, -1,1,0,1,50,15,6,2021,11:40,1,13,13015,2,9,0,1,Route de Rans,43.426759,5.38608,11,2,2
202100002373,197Â 541,B01,1,1,1,0,1,8,-1,-1, -1,-1,2021,48.0,3,5,0,2,1,2,1,,2,TOUTES RUES,0,,3,4,0,1,1,0,1,, -1,1,0,1,110,17,12,2021,15:00,1,202,202037,1,1,0,5,TOUTES RUES,42.6136,9.4377,15,4,4
202100038330,133Â 124,B01,1,1,1,4,2,0,-1,-1, -1,-1,2021,23.0,2,1,0,2,1,1,1,,4,RANSON (RUE LOUIS CASIMIR),0,,2,2,0,1,0,0,1,, -1,2,5,1,50,24,5,2021,18:09,1,87,87085,2,2,1,3,PERRIN (RUE FRANCOIS),45.82728,1.23953,18,2,2
202100003383,195Â 712,A01,1,1,2,5,2,8,-1,-1, -1,-1,2021,16.0,2,1,12,0,2,14,1,,3,991,0,,2,2,0,1,28,1120,1,, -1,1,0,4,50,26,8,2021,22:45,5,73,73008,2,1,0,6,D991 Route de Saint-Innocent,45.70895,5.89376,22,2,1
202100014240,176Â 235,A01,1,1,1,5,2,-1,-1,0,0,-1,2021,32.0,3,1,0,0,0,1,1,,4,,-1,,2,2,0,2,(1),(1),2,,4,1,0,3,50,9,10,2021,23:30,3,974,97422,2,3,0,7,Chemin de Kerveguen,-21.28715,55.520568,23,1,1
202100049295,113Â 645,A01,10,3,2,5,0,-1,-1,4,3,1,2021,43.0,3,2,0,1,3,1,0,,4,,0,,1,2,0,1,0,0,1,, -1,1,0,1,50,4,3,2021,13:35,1,92,92046,2,2,0,6,PIERRE LAROUSSE (AVENUE),48.8223391845,2.3035975345,13,2,1
202100008218,187Â 026,A01,1,1,2,1,1,0,-1,-1, -1,-1,2021,22.0,1,2,0,0,2,14,1,,1,AUTOROUTE A86,0,,1,3,0,1,50,150,2,, -1,2,0,1,70,14,11,2021,10:20,1,94,94034,1,1,0,7,AUTOROUTE A86,48.75544,2.34152,10,1,1
202100043750,123Â 484,A01,1,1,1,0,1,-1,-1,0,0,-1,2021,30.0,0,2,1,0,9,1,1,,4,RAYMOND GOURDAIN (RUE),0,,2,2,0,1,(1),(1),1,, -1,1,0,1,50,9,4,2021,21:00,2,80,80021,2,1,0,6,RAYMOND GOURDAIN (RUE),49.87669,2.33117,21,1,1
202100014648,175Â 530,A01,10,3,2,0,0,-1,-1,2,3,-1,2021,19.0,2,2,0,1,1,1,1,,3,GARE (PLACE DE LA),0,,1,2,0,1,0,0,2,, -1,1,0,1,50,7,10,2021,12:35,1,93,93078,2,1,0,6,Place de la Gare,48.945052315,2.5664641856,12,2,1
202100051091,110Â 354,B01,4,2,1,0,3,8,-1,-1, -1,-1,2021,1.0,1,2,0,2,1,6,1,,3,VERDUN (COUR DE),0,,-1,2,0,3,1,0,1,, -1,2,5,1,50,18,2,2021,15:00,1,94,94077,2,9,1,3,Cours de Verdun,48.73291,2.406132,15,3,2
202100049244,113Â 733,A01,1,1,1,1,2,8,-1,-1, -1,-1,2021,24.0,1,1,0,2,1,17,1,,7,KUHLMANN AVENUE,0,,2,2,0,2,(1),(1),2,, -1,1,2,1,50,3,3,2021,17:45,1,59,59360,2,1,0,1,KUHLMANN AVENUE,50.6204193937,3.0164651365,17,2,2
202100000763,200Â 348,B01,1,1,1,5,2,0,-1,-1, -1,-1,2021,14.0,1,1,0,2,3,1,1,,4,VILLE HALLUARD (RUE DE LA),0,,2,2,0,1,(1),(1),2,, -1,1,0,1,50,31,12,2021,18:15,5,44,44184,2,3,0,3,LEFERME (BOULEVARD PAUL),47.284271,-2.201462,18,2,2
202100047377,117Â 087,B01,1,1,1,1,2,6,-1,-1, -1,-1,2021,50.0,1,1,0,2,2,17,3,,4,SUBILIA (AVENUE ERNEST ),0,,2,2,0,1,0,0,1,, -1,1,0,1,50,16,3,2021,17:10,1,13,13028,2,1,0,3,SUBILIA (AVENUE ERNEST ),43.18571,5.6081,17,2,2
202100050293,111Â 808,A01,1,1,1,0,2,0,-1,-1, -1,-1,2021,21.0,1,1,0,0,0,26,1,,1,86,0,,3,4,0,1,6,500,1,, -1,1,0,1,90,24,2,2021,17:20,1,92,92036,1,1,0,2,A86,48.9348439651,2.2672648297,17,2,2
202100026598,154Â 160,B01,1,1,2,0,2,0,-1,-1, -1,-1,2021,24.0,2,1,0,2,7,0,1,,2,N118,0,,1,2,0,1,1,600,1,, -1,1,0,1,70,28,7,2021,09:00,1,92,92072,1,1,0,3,N118,48.8166709546,2.2156290262,9,3,2
202100024884,157Â 177,B01,1,1,1,1,2,-1,-1,-1, -1,-1,2021,26.0,1,1,0,2,1,0,1,,4,ALLEGRE (QUAI CNE),0,,2,2,1,1,(1),(1),1,, -1,1,0,1,50,29,7,2021,21:50,3,33,33009,2,2,0,3,Quai du Capitaine Allegre,44.657547,-1.146779,21,3,2
202100043137,124Â 569,A01,10,3,2,5,0,-1,-1,2,3,1,2021,21.0,1,2,0,1,1,1,1,,3,AV DU GENERAL DE GAULLE,0,,3,4,0,1,7,550,1,, -1,1,0,1,50,21,4,2021,10:53,1,95,95268,2,9,0,6,AV DU GENERAL DE GAULLE,48.9713767153,2.4018591642,10,3,1
202100047388,117Â 064,A01,10,3,2,2,0,-1,-1,4,3,1,2021,32.0,3,2,0,1,3,1,1,,4,RUE DES POISSONNIERS,0,,2,2,0,1,(1),(1),1,, -1,1,0,1,50,19,3,2021,15:45,1,75,75118,2,3,0,6,RUE DES POISSONNIERS,48.89796,2.352531,15,2,1
202100034765,139Â 570,A01,1,1,1,2,2,6,-1,-1, -1,-1,2021,16.0,1,1,1,0,1,1,1,,3,VALETTE (RUE),0,,2,2,0,1,1,30,1,, -1,1,0,1,50,12,6,2021,19:35,1,24,24037,2,1,0,6,VALETTE (RUE),44.8586,0.47232,19,1,1
202100050597,111Â 246,A01,10,3,1,5,8,8,-1,4,3,1,2021,78.0,0,3,0,1,3,15,0,1.0,4,CONDORCET (R),0,,2,2,0,1,0,0,1,, -1,1,0,1,50,22,2,2021,16:05,1,94,94053,2,2,0,1,CONDORCET (R),48.77554,2.54855,16,2,1
202100029260,149Â 458,A01,1,1,1,5,6,2,-1,0,0,-1,2021,44.0,2,1,3,0,8,1,1,,3,12,-1,,2,2,0,2,(1),(1),4,, -1,1,0,1,80,19,2,2021,18:10,2,74,74212,1,1,0,7,Rte des Eveaux,46.027381,6.391693,18,1,1
202100035189,138Â 805,A01,1,1,1,4,1,0,-1,-1, -1,-1,2021,39.0,2,4,0,2,1,2,1,,2,RN 385,0,,3,6,0,1,55,299,1,, -1,1,0,1,90,11,6,2021,09:15,1,91,91645,1,1,0,4,RN 385,48.7599171513,2.2634703843,9,3,3
202100024264,158Â 297,B01,1,1,2,5,2,6,-1,-1, -1,-1,2021,15.0,3,1,0,2,7,1,1,,4,PYRENEES (AVENUE DES),0,,2,2,0,1,0,0,1,, -1,1,0,1,30,12,8,2021,18:00,1,64,64024,2,3,0,3,PYRENEES (AVENUE DES),43.50331,-1.50539,18,2,2
202100030779,146Â 746,A01,1,1,1,5,1,-1,-1,-1,0,-1,2021,21.0,3,2,0,2,1,1,1,,3,CD NO 125,0,,2,4,0,1,6,650,1,, -1,1,0,1,50,3,7,2021,20:40,1,95,95268,2,2,0,3,RD 125,48.97622,2.39453,20,3,2
202100045526,120Â 363,B01,1,1,1,5,2,6,-1,-1,0,-1,2021,30.0,1,1,0,2,5,1,1,,1,AUTOROUTE A3,0,,3,-1,0,1,18,49,1,, -1,1,0,1,70,2,4,2021,17:45,1,95,95527,1,1,0,3,A3,48.9869215053,2.5086188698,17,2,2
202100012959,178Â 574,B01,1,1,1,5,2,6,-1,0,0,-1,2021,14.0,2,1,0,2,1,5,1,,4,,-1,,1,2,0,1,(1),(1),2,,4,1,0,1,50,12,9,2021,20:10,3,7,7346,2,1,0,1,Chemin de la Breche,44.482698,4.691817,20,2,2
202100004387,193Â 913,A01,1,1,1,1,2,6,-1,-1, -1,-1,2021,21.0,2,1,0,2,1,3,1,,1,A86.EXT,0,,3,3,0,1,30,200,1,, -1,1,0,1,90,7,12,2021,07:25,3,94,94033,1,1,0,3,A86.EXT,48.85,2.49,7,2,2
202100054226,104Â 822,A01,1,1,1,5,1,0,0,0,0,-1,2021,20.0,1,2,0,2,1,2,1,,3,PAOUTE (ROUTE ET TRAVERSE DE LA),0,,2,2,0,1,2,435,1,, -1,2,0,1,50,21,1,2021,11:30,1,6,6069,1,1,1,2,PAOUTE (ROUTE ET TRAVERSE DE LA),43.636573,6.956597,11,2,2
202100045632,120Â 170,A01,1,1,1,5,2,8,-1,0,0,-1,2021,24.0,1,1,0,2,7,15,1,,4,AVENUE DAUMESNIL,0,,1,2,0,1,(1),(1),1,, -1,1,0,1,50,1,4,2021,09:40,1,75,75112,2,2,0,3,AVENUE DAUMESNIL,48.835355,2.406608,9,2,2
202100033274,142Â 294,A01,1,1,1,5,2,-1,-1,0,0,-1,2021,47.0,3,6,1,0,1,1,1,,4,,-1,,2,2,0,1,(1),(1),1,,5,1,0,1,50,14,6,2021,14:00,1,57,57433,2,3,1,6,Rue de Rome,49.200088,6.163024,14,3,2
202100034885,139Â 358,B01,1,1,2,2,2,6,-1,0,0,-1,2021,19.0,3,1,0,2,7,1,1,,4,0,0,A,1,2,0,1,0,0,1,, -1,1,0,1,30,7,6,2021,08:00,1,84,84092,2,1,0,3,Avenue de Saint Tronquet,43.982208,4.882146,8,2,2
202100020100,165Â 696,B01,1,1,1,9,0,0,-1,0,0,-1,2021,29.0,2,1,0,2,1,13,5,,4,RUE MARYSE HILSZ,0,,1,1,0,1,(1),(1),1,, -1,2,0,1,30,8,9,2021,22:00,5,75,75120,2,3,0,1,RUE MARYSE HILSZ,48.851029,2.412688,22,2,2
202100021892,162Â 502,C01,1,1,1,1,1,8,-1,-1, -1,-1,2021,32.0,1,2,0,2,1,2,1,,1,A51-Sens Marseille vers Aix en Provence,0,,1,3,0,1,3,500,1,, -1,1,0,1,90,30,8,2021,18:55,1,13,13019,1,1,0,2,A51-Sens Marseille vers Aix en Provence,43.42381,5.37455,18,5,3
202100043020,124Â 776,B01,1,1,1,1,1,8,-1,-1, -1,-1,2021,22.0,3,2,0,2,2,1,1,,4,HENRI BOUQUILLARD,0,,-1,2,0,1,0,0,3,, -1,1,0,1,20,15,3,2021,22:25,5,58,58194,2,6,0,3,HENRI BOUQUILLARD,46.9941,3.1362,22,2,2
202100038522,132Â 784,A01,10,3,1,3,0,-1,-1,5,9,1,2021,66.0,1,3,0,1,7,23,3,,4,MARÃCHAL FOCH (AVENUE),0,,2,2,3,1,(1),(1),1,, -1,1,-1,6,40,24,5,2021,15:30,1,13,13204,2,1,0,6,MARÃCHAL FOCH (AVENUE),43.30234,5.39693,15,3,2
202100046355,118Â 909,A01,1,1,1,4,2,6,-1,-1, -1,-1,2021,43.0,3,1,0,0,0,2,1,,4,PAVATOU (BOULEVARD DU),0,,2,2,0,1,(1),(1),1,, -1,1,0,1,50,26,3,2021,09:45,1,15,15014,2,1,0,7,Boulevard du Pavatou,44.9324,2.4494,9,1,1
202100028028,151Â 614,A01,1,1,2,5,8,-1,-1,0,0,-1,2021,30.0,0,2,0,2,3,15,1,,3,12,0,D,2,2,0,2,17,483,3,, -1,1,0,1,50,20,7,2021,18:30,1,36,36005,2,2,0,3,Rue Victor Hugo,46.7418960057,1.831291616,18,2,2
202100022045,162Â 225,B01,3,2,1,5,3,-1,-1,-1, -1,-1,2021,1.0,1,2,6,2,6,1,1,,1,A86.EXT,0,,1,2,0,1,31,799,3,, -1,1,1,1,90,28,8,2021,23:12,5,94,94052,1,1,0,3,A86.EXT,48.8353272552,2.4937909007,23,3,2
202100007966,187Â 489,B01,2,2,1,9,2,0,-1,-1, -1,-1,2021,21.0,2,1,0,2,1,1,1,,3,MADELEINE (ROUTE DE LA),0,,2,2,0,1,3,0,1,, -1,2,0,1,50,9,11,2021,07:00,1,973,97302,2,1,1,3,MADELEINE (ROUTE DE LA),4.91448,-52.32094,7,3,2
202100030150,147Â 880,A01,1,1,1,0,2,8,-1,-1, -1,-1,2021,35.0,2,1,0,0,7,21,1,,2,ROBERT ATTULY (BOULEVARD),0,,2,2,0,2,0,800,2,, -1,1,0,1,30,4,7,2021,22:15,4,972,97209,2,1,0,6,ROBERT ATTULY (BOULEVARD),14.6031855823,-61.0761090184,22,1,1
202100051123,110Â 294,A01,1,1,1,0,2,6,-1,0,0,-1,2021,39.0,1,1,13,0,1,14,1,,3,27,-1,,2,2,0,2,20,150,1,, -1,1,0,1,80,19,2,2021,16:15,1,43,43174,1,1,0,6,Route de Tallobre,44.993208,3.828593,16,1,1
202100031280,145Â 830,A01,1,1,2,5,1,0,-1,-1, -1,-1,2021,27.0,1,2,4,0,8,21,1,,1,AUTOROUTE A86,0,,1,2,0,2,51,599,1,, -1,1,0,1,70,3,7,2021,20:12,1,94,94034,1,1,0,7,AUTOROUTE A86,48.7602012934,2.3206169189,20,3,3
202100040431,129Â 341,B01,1,1,1,0,2,0,-1,-1, -1,-1,2021,20.0,1,1,0,2,2,0,1,,1,BDL,0,,3,10,0,1,0,70,1,, -1,1,0,1,90,11,5,2021,09:05,1,93,93027,1,1,0,3,BDL,48.92588,2.39973,9,2,2
202100003890,194Â 801,A01,10,3,1,0,0,-1,-1,2,3,1,2021,38.0,2,2,0,1,2,21,1,,3,775,0,,2,2,0,1,45,1349,1,, -1,2,0,1,50,8,12,2021,21:35,5,44,44185,2,1,1,6,Avenue Jean Burel,47.645286,-2.074753,21,2,1
202100018138,169Â 196,B01,1,1,1,1,2,6,-1,-1, -1,-1,2021,44.0,1,1,0,2,1,1,1,,3,VERDUN (RUE DE),0,,2,2,0,2,30,750,4,, -1,1,0,1,50,16,9,2021,07:25,1,51,51230,2,1,0,1,Rue de Verdun,49.0427,3.96837,7,2,2
202100039648,130Â 721,A01,10,3,1,9,0,-1,-1,3,3,1,2021,58.0,1,5,0,1,1,1,1,,3,,-1,,2,2,0,1,16,330,1,, -1,1,0,1,50,8,5,2021,11:30,1,73,73171,2,6,0,6,D201 - 246 Av de Savoie,45.5017656135,6.0513033271,11,2,1
202100026123,154Â 999,B01,2,2,2,0,1,-1,-1,-1, -1,-1,2021,35.0,0,2,0,2,1,21,1,,4,,0,,2,2,0,2,(1),(1),1,, -1,1,4,1,50,31,7,2021,09:10,1,69,69290,2,9,0,3,SALVADOR ALLENDE (R),45.7037437173,4.9349790215,9,3,2
202100038108,133Â 545,A01,1,1,1,5,2,-1,-1,0,0,-1,2021,16.0,1,1,0,2,1,17,1,,3,22,-1,,2,2,0,2,(1),(1),1,,5,2,0,1,50,19,5,2021,19:58,1,8,8361,2,2,0,3,Rue du stade,49.834588,4.613314,19,3,2
202100000293,201Â 199,B01,1,1,2,0,0,-1,-1,-1, -1,-1,2021,25.0,2,1,0,2,8,15,5,,4,GAMBETTA                            (CO),0,,2,2,2,1,(1),(1),1,, -1,1,0,1,30,12,11,2021,20:25,5,69,69383,2,2,0,3,GAMBETTA (CR),45.75627,4.84037,20,3,2
202100033255,142Â 330,A01,1,1,2,3,1,-1,-1,0,0,-1,2021,74.0,1,2,2,0,1,1,1,,3,119,0,D,2,2,0,1,9,(1),1,, -1,1,0,3,80,19,6,2021,11:40,1,58,58197,1,1,0,6,D119,47.381018,3.681386,11,1,1
202100040587,129Â 068,B01,2,2,2,5,1,1,-1,0,0,-1,2021,23.0,2,2,0,2,7,1,1,,4,AVENUE JAMES COOK,0,,2,2,0,2,0,0,1,, -1,1,0,1,50,8,5,2021,07:05,1,988,98818,2,3,0,3,RUE DU DOCTEUR ESCHEMBRENNER/AVENUE JAMES COOK,-22.26173,166.40063,7,3,2
202100034947,139Â 240,D01,1,1,1,5,1,0,-1,-1, -1,-1,2021,57.0,1,2,0,2,4,2,2,,4,CHARCOT (QUAI JEAN),0,,1,2,0,1,0,0,1,, -1,1,0,1,50,11,6,2021,12:00,1,83,83137,2,1,0,4,CHARCOT (QUAI JEAN),43.12701,5.89858,12,5,4
202100047839,116Â 248,B01,10,3,1,0,0,-1,-1,2,3,1,2021,44.0,3,0,0,1,7,0,1,,4,FRIEDBERG (BD DE),0,,2,2,0,1,0,0,1,, -1,2,0,1,50,15,3,2021,12:00,1,94,94079,2,1,1,6,FRIEDBERG (BD DE),48.83,2.53,12,2,1
202100008217,187Â 027,A01,2,2,1,9,1,0,-1,-1, -1,-1,2021,27.0,2,2,4,0,1,13,1,,2,RN88,0,,3,6,0,1,32,725,2,, -1,2,0,1,110,14,11,2021,10:00,1,42,42237,1,9,0,6,N88,45.44305,4.46423,10,2,1
202100046086,119Â 376,A01,10,3,2,0,0,-1,-1,2,3,1,2021,61.0,1,2,0,1,1,1,1,,7,POMPIDOU G. RUE DU PDT.7 -141,0,,3,3,0,1,(1),(1),1,, -1,1,0,1,50,28,3,2021,12:00,1,59,59368,2,1,0,6,POMPIDOU G. RUE DU PDT.7 -141,50.65514,3.06506,12,2,1
202100002303,197Â 674,B01,1,1,1,9,1,-1,-1,0,0,-1,2021,65.0,1,2,3,0,6,1,1,,2,84,0,,3,4,0,1,48,975,1,, -1,1,0,1,130,19,12,2021,23:10,3,50,50407,1,1,0,2,,48.635809,-1.341169,23,4,2
202100028591,150Â 611,A01,1,1,1,0,2,6,-1,-1, -1,-1,2021,26.0,2,1,0,2,1,11,1,,1,AUTOROUTE A3,0,,3,-1,0,1,15,0,1,, -1,1,0,1,90,17,7,2021,09:10,1,93,93005,1,1,0,2,AUTOROUTE A3,48.96804,2.47783,9,2,2
202100039951,130Â 175,B01,2,2,2,5,1,0,-1,-1, -1,-1,2021,24.0,2,2,0,2,1,1,1,,4,COTE DE NACRE(AVENUE),0,,2,4,0,2,(1),(1),1,, -1,2,5,1,50,12,5,2021,12:25,1,14,14118,2,2,0,3,D7,49.1986,-0.36049,12,3,2
202100025079,156Â 826,B01,1,1,1,0,2,6,9,0,0,-1,2021,55.0,1,1,0,2,1,1,1,,3,643,-1,,2,2,0,2,(1),(1),1,, -1,1,0,1,50,9,8,2021,10:55,1,57,57620,2,1,0,3,37 Rue de Briey,49.195938,5.997237,10,2,2
202100048865,114Â 415,A01,2,2,2,5,2,6,-1,0,0,-1,2021,24.0,1,1,0,2,3,3,1,,4,BOULEVARD PERIPHERIQUE,0,,1,4,0,1,2,0,1,, -1,1,0,1,70,7,3,2021,17:35,1,75,75113,2,1,0,4,BOULEVARD PERIPHERIQUE,48.817738,2.367338,17,4,3
202100025905,155Â 386,A01,1,1,1,9,1,-1,-1,0,0,-1,2021,89.0,1,2,13,0,2,1,1,,3,11,-1,,2,2,0,1,(1),(1),2,,7,1,0,3,80,2,8,2021,12:50,1,22,22207,1,1,0,7,La Garenne,48.590816,-3.495991,12,1,1
202100013427,177Â 732,A01,10,3,2,5,0,-1,-1,2,5,2,2021,6.0,3,2,0,1,2,0,1,,4,,-1,,-1,2,0,1,(1),(1),1,,5,1,0,1,50,11,10,2021,12:20,1,1,1333,2,1,0,6,Place Victor Hugo,45.928117,4.952585,12,2,1
202100025087,156Â 815,A01,2,2,1,5,1,8,-1,-1, -1,-1,2021,12.0,1,2,0,2,4,1,1,,1,A50-Sens Marseille vers Aubagne,0,,3,3,0,1,4,599,1,, -1,1,0,1,90,8,8,2021,01:55,3,13,13211,1,1,0,2,A50-Sens Marseille vers Aubagne,43.29304,5.45553,1,3,2
202100041673,127Â 114,A01,1,1,1,5,1,0,-1,-1, -1,-1,2021,45.0,2,2,1,0,2,14,1,,4,VALMY (RUE DE),0,,2,1,0,1,3,0,1,, -1,1,0,1,50,1,5,2021,23:05,5,18,18279,2,1,0,3,VALMY (RUE DE),47.21,2.06,23,2,2
202100024223,158Â 372,A01,1,1,2,5,1,8,-1,-1, -1,-1,2021,29.0,2,2,3,0,1,12,1,,2,RN 104,0,,3,6,0,1,8,600,2,, -1,1,3,1,70,13,8,2021,21:10,2,95,95028,1,9,0,6,RN 104,49.061921,2.34292,21,1,1
202100023191,160Â 163,A01,1,1,1,0,2,-1,-1,0,0,-1,2021,24.0,1,1,0,2,1,17,1,,3,23,-1,,2,2,0,1,4,900,1,, -1,1,0,1,50,21,8,2021,19:10,3,973,97309,1,1,0,1,D23,4.889253,-52.286902,19,3,2
202100041810,126Â 874,B01,1,1,2,5,2,0,-1,0,0,-1,2021,24.0,2,1,0,2,2,1,5,,4,RUE MARX DORMOY,0,,3,3,1,1,(1),(1),1,, -1,1,0,5,50,1,5,2021,14:15,1,75,75118,2,3,0,3,RUE MARX DORMOY,48.886115,2.359479,14,2,2
202100038567,132Â 710,C01,1,1,1,0,8,-1,-1,0,0,-1,2021,50.0,1,2,0,2,1,1,1,,2,57,-1,,2,2,0,1,19,850,1,, -1,1,0,1,90,24,5,2021,18:00,1,25,25410,1,1,0,5,RN 57,47.219626,6.070225,18,8,3
202100028561,150Â 667,A01,1,1,2,5,1,9,-1,0,0,-1,2021,38.0,1,2,3,0,4,2,1,,1,A4,-1,,1,4,0,1,102,400,1,, -1,1,0,1,130,18,7,2021,01:05,3,2,2655,1,1,0,2,A4,49.134195,3.609288,1,6,2
202100053555,105Â 991,B01,1,1,1,1,2,6,-1,-1, -1,-1,2021,42.0,3,0,0,2,1,17,3,,4,MAYOTTE (RUE DE),0,,-1,2,0,2,0,0,1,, -1,1,0,1,50,26,1,2021,07:55,1,974,97411,2,3,0,3,Rue de la Guadeloupe,-20.90462,55.49305,7,2,2
202100007914,187Â 595,A01,1,1,1,0,2,6,-1,0,0,-1,2021,54.0,1,1,0,2,1,1,1,,3,47,-1,D,2,2,0,1,1,450,1,, -1,1,0,1,80,16,11,2021,16:00,1,83,83008,1,1,0,3,D47,43.535914,6.686586,16,3,2