Num_Acc,id_vehicule,num_veh,place,catu,sexe,trajet,secu1,secu2,secu3,locp,actp,etatp,year_acc,victim_age,senc,catv,obs,obsm,choc,manv,motor,occutc,catr,voie,v1,v2,circ,nbv,vosp,prof,pr,pr1,plan,lartpc,larrout,surf,infra,situ,vma,jour,mois,an,hrmn,lum,dep,com,agg_,int,atm,col,adr,lat,long,hour,nb_victim,nb_vehicules
202100042523,125Â 613,B01,1,1,1,5,2,-1,-1,0,0,-1,2021,20.0,1,1,0,0,1,1,5,,3,259,0,D,2,2,0,2,1,0,1,, -1,1,0,1,80,27,4,2021,11:00,1,80,80835,1,1,0,1,D259,49.974385,2.112449,11,2,2
202100033505,141Â 892,B01,2,2,2,5,2,6,-1,0,0,-1,2021,29.0,1,1,0,2,1,1,1,,3,772,0,,2,2,0,1,17,144,1,, -1,1,0,1,80,20,6,2021,11:25,1,35,35012,1,3,0,3,La Planchette,47.840195,-1.722665,11,4,2
202100004014,194Â 565,B01,1,1,1,0,1,0,-1,-1, -1,-1,2021,46.0,3,2,0,2,1,21,1,,4,ARMAND TOULET (AVENUE),0,,2,2,0,3,0,0,1,, -1,2,5,1,50,6,12,2021,18:00,5,64,64024,2,1,1,3,Avenue Armand Toulet,43.4878687183,-1.5034049749,18,4,2
202100028812,150Â 220,A01,1,1,2,0,1,-1,-1,-1, -1,-1,2021,27.0,3,2,0,2,4,1,1,,4,,0,,2,2,0,1,(1),(1),3,, -1,2,0,1,50,15,7,2021,18:20,1,69,69290,1,4,1,2,LYONNAIS (DU) (R),45.6955380048,4.9124037623,18,2,2
202100053537,106Â 022,A01,1,1,1,4,1,-1,-1,0,0,-1,2021,37.0,1,2,4,0,3,2,1,,1,304,0,A,3,4,0,1,16,500,2,, -1,2,0,1,110,28,1,2021,09:30,1,8,8110,1,1,1,6,A304,49.824806,4.512463,9,1,1
202100007288,188Â 718,B01,1,1,1,1,2,6,-1,0,0,-1,2021,58.0,3,1,0,2,1,1,1,,4,MARSEILLE (Route de ),0,,2,2,0,1,(1),(1),1,, -1,1,0,1,50,19,11,2021,07:35,1,26,26198,2,1,0,3,166 Route de Marseille,44.538374,4.746436,7,2,2
202100056036,101Â 722,A01,1,1,2,0,8,0,-1,-1, -1,-1,2021,76.0,1,2,0,2,8,9,1,,3,INNOCENT SAINT ROUTE DE,0,,2,2,0,3,28,225,1,, -1,1,5,1,50,6,1,2021,18:43,5,73,73008,2,6,0,3,D991 Route de Saint Innocent,45.7132242261,5.8932334249,18,2,2
202100029209,149Â 546,A01,1,1,1,5,8,-1,-1,0,0,-1,2021,38.0,1,2,0,2,1,2,1,,3,930,0,,2,2,0,1,8,858,1,, -1,1,0,1,50,13,7,2021,19:20,1,2,2658,2,1,0,2,Rue de Paris,49.811089,3.184372,19,4,2
202100025675,155Â 786,A01,10,3,1,0,0,-1,-1,3,4,2,2021,4.0,1,2,0,1,2,1,1,,3,,-1,,1,2,0,2,(1),(1),1,,4,1,0,1,50,5,8,2021,17:55,1,8,8490,2,9,0,6,6 Rue Avetant,49.396787,4.702364,17,2,1
202100046521,118Â 630,A01,2,2,1,5,1,0,-1,0,0,-1,2021,42.0,1,2,0,2,7,15,1,,4,BOIS GRONEE (AVENUE DU),0,,3,5,0,1,(1),(1),1,, -1,1,0,1,50,25,3,2021,09:40,1,54,54304,2,2,0,3,BOIS GRONEE (AVENUE DU),48.679339,6.142399,9,3,2
202100001445,199Â 199,B01,1,1,1,0,1,0,-1,-1, -1,-1,2021,56.0,1,1,16,0,8,9,6,,4,Pont de BLANCHARD,0,,1,1,0,1,(1),(1),1,, -1,1,9,1,50,24,12,2021,08:34,1,971,97113,1,3,0,3,Pont de BLANCHARD,16.22173,-61.52296,8,2,2
202100013022,178Â 471,A01,1,1,1,0,1,0,-1,-1, -1,-1,2021,49.0,2,2,6,2,1,2,1,,3,LIGNE PARADIS(ROUTE DE LA),0,,2,2,0,1,(1),(1),1,, -1,1,0,1,50,15,10,2021,06:00,1,974,97416,1,1,0,2,LIGNE PARADIS(ROUTE DE LA),-21.31623,55.47856,6,2,2
202100030876,146Â 569,B01,1,1,1,5,2,6,-1,0,0,-1,2021,44.0,2,1,0,2,1,1,1,,3,47,-1,,2,2,0,2,12,300,3,, -1,1,0,1,80,2,7,2021,18:20,1,83,83086,1,1,0,1,D47,43.50511,6.592011,18,2,2
202100023336,159Â 899,A01,1,1,1,5,1,-1,-1,0,0,-1,2021,83.0,2,2,8,2,1,14,1,,3,1508,0,,2,2,0,1,44,100,1,, -1,1,0,1,50,21,8,2021,18:50,1,74,74267,2,1,0,1,210 Rte d Albertville,45.881334,6.141894,18,2,2
202100029873,148Â 395,A01,1,1,1,5,2,6,-1,0,0,-1,2021,36.0,1,1,13,9,0,1,1,,3,23,0,,2,2,0,2,3,30,4,, -1,1,0,1,80,10,7,2021,12:18,1,12,12203,1,1,0,6,D 23,43.979533,2.96901,12,1,1
202100034604,139Â 858,A01,1,1,2,5,1,0,-1,0,0,-1,2021,29.0,2,2,0,2,1,2,1,,4,PORTE DE LA VILLETTE,0,,1,4,0,1,24,600,2,, -1,1,0,1,70,13,6,2021,15:15,1,75,75119,2,4,0,4,PORTE DE LA VILLETTE,48.900351,2.380385,15,5,3
202100020568,164Â 867,A01,10,3,1,5,0,-1,-1,4,3,1,2021,77.0,0,2,0,1,2,15,1,,4,PLACE LOUIS ARMSTRONG,0,,1,1,0,1,(1),(1),2,, -1,1,0,1,30,5,9,2021,12:10,1,75,75113,2,7,0,6,PLACE LOUIS ARMSTRONG,48.835872,2.359843,12,2,1
202100012334,179Â 688,A01,1,1,1,1,2,6,-1,0,0,-1,2021,34.0,2,1,0,2,2,17,1,,3,37,0,E,2,2,0,1,1,800,1,, -1,1,0,1,80,20,10,2021,17:00,1,31,31291,1,1,0,3,Chemin de Mader,43.579155,1.221328,17,2,2
202100013407,177Â 768,A01,1,1,1,1,2,0,-1,-1, -1,-1,2021,22.0,2,1,0,2,1,26,1,,3,PIERRE DE MONTREUIL (RUE),0,,2,2,0,1,1,0,1,, -1,1,0,1,50,13,10,2021,08:40,2,93,93048,2,1,0,7,PIERRE DE MONTREUIL (RUE),48.86288,2.45824,8,1,1
202100030453,147Â 341,B01,1,1,2,1,1,-1,-1,0,0,-1,2021,60.0,2,2,0,2,1,1,1,,3,160,-1,,2,1,0,2,14,600,2,, -1,2,0,1,70,6,7,2021,23:00,3,85,85109,1,1,1,1,Bellevue,46.8905004154,-1.0123354197,23,3,2
202100022784,160Â 875,B01,1,1,1,5,2,-1,-1,-1,0,-1,2021,19.0,2,1,0,2,1,13,1,,3,ROISSY(ROUTE DE),0,,2,2,0,1,1,0,1,, -1,1,0,1,50,22,8,2021,18:20,1,95,95280,2,1,0,1,Route de Roissy,49.0117257812,2.4776168354,18,2,2
202100043976,123Â 074,A01,1,1,1,0,1,-1,-1,0,0,-1,2021,93.0,1,2,11,0,1,2,1,,1,54,0,A,3,5,0,1,22,500,1,, -1,1,7,6,50,16,4,2021,02:42,5,13,13004,1,1,0,1,A54,43.690308,4.544478,2,1,1
202100026459,154Â 406,B01,1,1,1,9,1,0,-1,-1, -1,-1,2021,54.0,1,2,0,2,4,2,1,,3,VOIE DES BERGES,0,,3,4,0,1,1,0,1,, -1,1,0,1,50,28,7,2021,14:04,1,49,49007,2,1,0,4,VOIE DES BERGES,47.47508,-0.55529,14,3,3
202100010617,182Â 757,A01,1,1,2,5,2,6,-1,0,0,-1,2021,26.0,2,1,6,0,7,2,1,,3,26,-1,,2,2,0,1,2,0,3,, -1,1,0,3,80,29,10,2021,14:45,1,38,38497,1,1,0,6,D26,44.920304,5.810496,14,1,1
202100004973,192Â 899,A01,1,1,1,0,2,6,-1,0,0,-1,2021,59.0,2,1,0,0,0,1,1,,4,,-1,,2,2,0,2,(1),(1),1,,4,1,0,1,50,3,12,2021,15:00,1,30,30284,1,1,1,7,Rue Jean Giono,44.171031,4.078953,15,1,1
202100048408,115Â 232,A01,1,1,1,1,2,6,-1,-1, -1,-1,2021,24.0,2,1,0,2,1,1,1,,3,DUPUY (AVENUE CHARLES),0,,2,2,0,1,61,790,1,, -1,1,0,1,50,11,3,2021,13:50,1,43,43041,2,3,0,3,70 Avenue Charles Dupuy,45.048,3.9199,13,3,2
202100045736,120Â 000,A01,10,3,1,0,8,8,-1,5,3,1,2021,45.0,3,1,0,1,0,26,0,,4,MOULIN (AVENUE JEAN),0,,2,2,0,1,(1),0,1,, -1,1,0,4,50,31,3,2021,09:05,1,83,83069,2,1,0,6,MOULIN (AVENUE JEAN),43.111525,6.129949,9,2,1
202100012443,179Â 468,B01,1,1,2,0,2,0,-1,-1, -1,-1,2021,67.0,1,0,0,2,1,1,3,,4,PLACE ARMAND FALLIERES,0,,4,0,0,1,(1),0,2,, -1,1,0,1,30,18,10,2021,08:30,1,44,44109,2,6,0,3,PLACE ARMAND FALLIERES,47.2248,-1.578907,8,2,2
202100046450,118Â 753,A01,1,1,2,5,2,-1,-1,0,0,-1,2021,16.0,3,1,0,0,0,1,1,,4,,-1,,2,2,0,2,(1),(1),2,, -1,1,0,1,50,28,3,2021,14:30,1,64,64490,2,1,0,7,chemin satali,43.236049,-1.303114,14,1,1
202100048262,115Â 482,A01,2,2,1,4,8,0,-1,-1, -1,-1,2021,20.0,3,2,2,0,7,15,1,,4,RAFOUX ALLEE DES,0,,2,2,0,2,1,0,2,, -1,2,0,3,50,12,3,2021,09:06,1,49,49015,2,1,0,6,RAFOUX ALLEE DES,47.504,-0.57118,9,2,1
202100055178,103Â 187,A01,10,3,1,3,0,-1,-1,3,3,1,2021,17.0,1,2,0,1,1,1,1,,4,LIZE,0,,-1,2,0,1,1,0,1,, -1,1,0,1,50,12,1,2021,16:30,1,49,49007,2,1,0,6,LIZE,47.48994,-0.56661,16,2,1
202100004270,194Â 122,B01,1,1,1,0,8,0,-1,-1, -1,-1,2021,21.0,0,1,0,0,0,0,3,,4,DE GAULLE (RUE DU GENERAL),0,,1,0,0,1,(1),(1),1,, -1,1,0,1,50,6,12,2021,13:45,1,27,27528,2,6,0,3,DE GAULLE (RUE DU GENERAL),49.26323,1.21154,13,2,2
202100034108,140Â 792,B01,1,1,1,9,2,0,-1,0,0,-1,2021,22.0,1,1,0,2,7,1,5,,4,RUE DUVIVIER,0,,2,2,0,1,(1),(1),1,, -1,1,0,1,30,16,6,2021,12:00,1,75,75107,2,1,0,3,RUE DUVIVIER,48.857558,2.306673,12,2,2
202100007216,188Â 858,A01,9,2,1,9,1,0,-1,-1, -1,-1,2021,8.0,1,2,0,2,0,0,1,,7,DE LATTRE TASSIGNY.AVNÂ°279A659,0,,2,2,0,1,(1),(1),1,, -1,1,0,1,50,19,11,2021,18:00,5,59,59527,2,2,0,2,DE LATTRE TASSIGNY.AVNÂ°279A659,50.6645068042,3.031560618,18,4,2
202100052844,107Â 262,A01,1,1,2,9,1,-1,-1,0,0,-1,2021,32.0,2,2,13,0,1,1,1,,3,36,0,D,2,2,0,2,1,700,4,, -1,2,0,1,70,3,2,2021,16:30,1,38,38215,1,1,1,6,Route des MoillÃ©s,45.57199,4.9576,16,1,1
202100020152,165Â 610,A01,1,1,1,5,1,-1,-1,0,0,-1,2021,52.0,1,2,0,2,8,19,1,,3,51,-1,,2,2,0,1,10,435,1,, -1,1,0,1,80,8,9,2021,21:40,5,39,39295,1,2,0,3,,46.483448,5.466038,21,3,2
202100023656,159Â 340,A01,1,1,1,0,0,-1,-1,0,0,-1,2021,34.0,2,2,14,0,1,1,1,,2,30,-1,,1,1,0,1,23,370,1,, -1,1,5,1,-1,19,8,2021,01:00,5,202,202134,2,2,0,1,Boulevard Fred Scamaroni,42.632834,8.938472,1,1,1
202100054832,103Â 789,A01,1,1,1,2,1,-1,-1,0,0,-1,2021,22.0,2,2,2,0,3,0,1,,3,148,0,,2,2,0,1,14,100,1,, -1,1,0,3,80,17,1,2021,10:50,1,86,86061,1,1,0,6,RD148,46.136317,0.447072,10,1,1
202100027291,152Â 947,A01,1,1,1,5,2,6,-1,0,0,-1,2021,57.0,1,1,0,0,4,23,1,,3,751,0,,-1,1,1,1,74,375,2,, -1,1,0,5,50,24,7,2021,17:25,1,37,37072,2,6,0,2,D751,47.1784601941,0.2623839276,17,3,2
202100008617,186Â 337,B01,1,1,1,0,2,6,-1,-1, -1,-1,2021,56.0,2,1,4,0,3,7,1,,3,PARC (RUE DU),0,,3,4,3,1,0,1,1,, -1,1,0,1,50,10,11,2021,14:40,1,93,93053,2,1,0,3,PARC (RUE DU),48.89546,2.44354,14,2,2
202100030091,147Â 992,A01,1,1,1,5,2,6,9,0,0,-1,2021,27.0,2,1,0,2,2,1,1,,2,202,0,,2,2,0,2,34,300,3,, -1,1,0,1,80,9,7,2021,14:15,1,4,4008,1,1,0,1,RN 202 (Hameau de Rouaine),43.933066,6.669817,14,2,2
202100004431,193Â 843,A01,1,1,1,1,2,6,-1,0,0,-1,2021,15.0,1,1,4,0,2,1,1,,3,219E1,0,,2,2,0,1,29,300,1,, -1,2,0,1,80,7,12,2021,08:45,1,62,62057,1,1,0,6,Route de Polincove,50.864407,2.078098,8,1,1
202100030864,146Â 592,A01,2,2,2,5,2,0,-1,0,0,-1,2021,21.0,3,1,12,0,0,14,3,,4,VOIE GEORGES POMPIDOU,0,,2,2,3,1,(1),(1),2,, -1,2,6,4,20,4,7,2021,15:05,1,75,75104,2,4,1,6,VOIE GEORGES POMPIDOU,48.8510924362,2.3611365259,15,2,1
202100046532,118Â 610,B01,2,2,1,1,1,-1,-1,-1, -1,-1,2021,33.0,2,2,0,2,4,23,1,,4,THIERS (AVE ),0,,3,6,0,1,(1),(1),1,, -1,1,0,1,50,25,3,2021,16:50,1,33,33063,2,3,0,4,Avenue Thiers,44.8500637361,-0.5440602412,16,5,3
202100044169,122Â 723,B01,1,1,2,3,8,0,-1,0,0,-1,2021,24.0,0,1,0,2,8,9,5,,4,AVENUE CLAUDE VELLEFAUX,0,,2,0,0,2,(1),(1),1,, -1,1,0,1,50,13,4,2021,09:20,1,75,75110,2,2,0,3,AVENUE CLAUDE VELLEFAUX,48.875224,2.370318,9,2,2
202100006959,189Â 326,A01,1,1,1,1,0,-1,-1,0,0,-1,2021,52.0,3,1,0,2,6,15,5,,3,109,0,,2,2,0,1,12,612,1,,4,1,0,1,80,22,11,2021,08:10,2,1,1069,1,2,1,3,Che des Brovieres,46.116625,5.277563,8,2,2
202100034557,139Â 952,B01,1,1,1,0,2,6,-1,-1, -1,-1,2021,45.0,2,1,0,2,0,0,1,,4,PRESIDENT EDOUARD HERRIOT (DU)      (R ),0,,1,1,3,1,(1),(1),1,, -1,1,0,1,30,10,6,2021,19:50,1,69,69382,2,1,0,5,PRESIDENT EDOUARD HERRIOT (DU) (R),45.7597638761,4.8339951038,19,3,3
202100001217,199Â 597,B01,1,1,1,5,2,6,-1,-1, -1,-1,2021,70.0,1,1,0,2,4,1,1,,3,991,0,,1,1,0,1,83,0,1,, -1,2,0,1,50,27,12,2021,14:00,1,92,92063,2,1,0,2,COLMAR (AVENUE DE),48.8867062875,2.1713407338,14,2,2
202100044593,122Â 010,B01,2,2,2,1,1,0,-1,0,0,-1,2021,33.0,3,2,0,2,4,23,1,,4,BOULEVARD ROMAIN ROLLAND,0,,1,6,0,1,(1),(1),1,, -1,2,0,1,50,9,4,2021,20:15,5,75,75114,2,2,1,2,BOULEVARD ROMAIN ROLLAND,48.819866,2.325486,20,3,2
202100041973,126Â 593,A01,1,1,1,5,0,-1,-1,0,0,-1,2021,39.0,1,1,8,0,1,26,1,,2,91,0,R,2,2,1,1,15,0,3,, -1,1,0,8,60,1,5,2021,00:15,3,987,98729,1,1,0,1,Maatea,-17.585227,-149.810846,0,1,1
202100044007,123Â 015,A01,10,3,2,9,0,-1,-1,0,2,1,2021,60.0,1,2,0,1,3,20,1,,3,31,0,,-1,0,0,2,0,100,1,, -1,1,1,8,10,14,4,2021,15:40,1,91,91691,2,9,0,6,CHARLE DE GAULLE(RUE),48.716318,2.489492,15,2,1
202100034534,140Â 002,A01,1,1,1,5,2,0,-1,-1, -1,-1,2021,32.0,2,1,9,0,3,1,1,,1,A507 sens Aubagne- Marseille,0,,-1,3,0,1,1,490,1,, -1,1,1,1,70,14,6,2021,03:03,3,13,13055,1,1,0,7,A507 sens Aubagne- Marseille,43.33219,5.38721,3,1,1
202100053938,105Â 337,B01,1,1,1,9,1,-1,-1,-1, -1,-1,2021,24.0,2,2,0,2,3,1,1,,7,COIN ROUTE DU,0,,1,2,3,1,14,300,1,, -1,1,5,6,50,18,1,2021,11:35,1,42,42207,2,2,0,3,Rue Jules Verne,45.4708,4.52487,11,3,2
202100023489,159Â 642,A01,10,3,2,5,0,-1,-1,2,3,2,2021,87.0,2,2,0,1,3,1,1,,2,RT10,-1,,2,2,0,1,82,350,1,, -1,1,0,1,50,19,8,2021,20:45,5,202,202123,2,1,0,1,Avenue du 9 Septembre,42.015608,9.404994,20,4,1
202100010675,182Â 637,A01,1,1,2,0,1,0,-1,-1, -1,-1,2021,24.0,1,2,0,2,1,2,1,,1,AUTOROUTE A1,0,,3,8,0,1,8,399,1,, -1,1,0,1,90,28,10,2021,16:15,1,93,93013,1,1,0,2,AUTOROUTE A1,48.941269,2.427147,16,2,2
202100005029,192Â 798,A01,10,3,2,5,0,-1,-1,2,3,3,2021,26.0,2,2,0,1,1,19,1,,3,ROUTE DEPARTEMENTALE 14,0,,2,4,0,4,0,800,1,, -1,1,6,8,30,2,12,2021,14:10,1,972,97213,1,1,0,6,ROUTE DEPARTEMENTALE 14,14.6201620441,-61.0214741528,14,3,1
202100048622,114Â 853,B01,1,1,2,1,2,-1,-1,0,0,-1,2021,47.0,1,1,0,2,4,14,5,,3,103,-1,,1,2,0,1,4,74,1,, -1,1,0,1,80,8,3,2021,13:45,1,6,6152,1,1,0,2,Route du Parc,43.613335,7.044956,13,2,2
202100046341,118Â 939,A01,1,1,1,5,2,6,-1,-1, -1,-1,2021,34.0,2,1,0,0,8,9,1,,3,154,0,,1,2,0,1,3,190,2,, -1,1,9,1,50,22,3,2021,14:00,1,78,78384,1,6,0,7,RD154,48.95881,1.97963,14,1,1
202100014755,175Â 337,B01,2,2,1,0,2,0,-1,-1, -1,-1,2021,4.0,1,1,0,2,1,2,1,,2,tsoundzou-Kadjifouni ( rue ),0,,2,2,0,1,0,0,1,, -1,1,0,1,50,6,10,2021,07:15,1,976,97611,2,3,0,3,tsoundzou-Kadjifouni ( rue ),-12.807444,45.20563,7,3,2
202100038004,133Â 728,A01,2,2,1,0,1,0,-1,-1, -1,-1,2021,22.0,2,2,0,2,7,19,1,,4,DUGAS MONTBEL RUE,0,,1,1,0,3,(1),(1),1,, -1,2,5,1,50,22,5,2021,22:15,4,42,42207,2,4,1,3,Avenue de la LibÃ©ration,45.4732011177,4.5162682502,22,4,2
202100003509,195Â 473,A01,10,3,2,2,0,-1,-1,3,3,1,2021,18.0,2,2,0,1,2,1,1,,4,CRONSTADT (DE),0,,3,4,0,1,0,0,1,, -1,1,0,1,50,10,12,2021,08:40,1,76,76351,2,1,0,6,CRONSTADT (DE),49.50292,0.11791,8,2,1
202100022874,160Â 729,A01,1,1,1,1,0,-1,-1,0,0,-1,2021,33.0,2,1,0,2,1,0,5,,3,d2,0,,2,2,0,1,63,580,1,, -1,1,0,1,80,24,8,2021,06:25,3,33,33517,1,1,0,1,D2,45.049244,-0.692332,6,2,2
202100038977,131Â 971,A01,1,1,1,0,2,6,-1,-1, -1,-1,2021,18.0,1,1,0,2,3,11,1,,3,AV RHIN ET DANUBE,0,,1,4,0,1,1,0,3,, -1,1,5,1,50,21,5,2021,16:23,1,94,94011,2,9,0,3,Avenue Rhin et Danube,48.77275,2.49052,16,2,2
202100029614,148Â 851,A01,10,3,2,0,0,-1,-1,5,3,2,2021,58.0,0,2,8,1,1,14,1,,4,,0,,1,2,0,1,(1),(1),3,, -1,1,0,4,50,10,7,2021,15:00,1,6,6088,2,3,0,6,FAURE (AV. FELIX),43.698071,7.272669,15,3,1
202100053709,105Â 731,A01,10,3,2,2,0,-1,-1,3,3,2,2021,5.0,2,2,0,1,7,26,1,,4,SAINTE ANNE (BD / RUE / IMP),0,,-1,1,0,2,0,0,1,, -1,1,0,1,50,25,1,2021,11:50,1,83,83137,2,1,0,6,SAINTE ANNE (BD / RUE / IMP),43.13337,5.93227,11,2,1
202100012457,179Â 439,A01,1,1,2,0,1,0,-1,-1, -1,-1,2021,58.0,3,2,0,2,1,2,1,,3,APOLLINAIRE (GUILLAUME),0,,3,4,0,1,1,0,1,, -1,1,0,1,50,18,10,2021,17:22,1,22,22278,2,1,0,2,APOLLINAIRE (GUILLAUME),48.49776,-2.74623,17,2,2
202100020713,164Â 604,A01,1,1,1,5,2,0,-1,0,0,-1,2021,30.0,2,1,0,2,2,17,1,,4,AVENUE DE CLICHY,0,,2,2,0,2,(1),(1),1,, -1,1,0,1,30,5,9,2021,14:20,1,75,75117,2,2,0,3,AVENUE DE CLICHY,48.889685,2.3217,14,2,2
202100042644,125Â 403,A01,1,1,2,5,2,-1,-1,0,0,-1,2021,29.0,1,1,0,0,8,1,1,,2,1,-1,,2,2,0,1,4,300,1,, -1,9,8,1,40,22,4,2021,18:30,5,987,98715,2,1,0,6,Rue Nelson Mandela PK 4+300,-17.584522,-149.568578,18,2,2
202100054117,105Â 015,A01,1,1,2,0,1,0,-1,-1, -1,-1,2021,26.0,3,2,1,0,1,5,1,,3,MONTREUIL ROUTE DE,0,,1,2,0,2,1,1,1,, -1,2,9,8,50,22,1,2021,01:03,5,93,93063,2,1,1,6,MONTREUIL ROUTE DE,48.8754583367,2.4483905825,1,1,1
202100015978,173Â 107,A01,1,1,1,0,8,-1,-1,0,0,-1,2021,25.0,2,2,3,0,1,2,1,,1,41,-1,A,4,1,0,1,124,700,4,, -1,1,8,1,50,1,10,2021,03:49,3,74,74186,1,1,0,1,A41,45.864702,6.058413,3,2,2
202100001877,198Â 437,B01,1,1,1,1,1,0,-1,0,0,-1,2021,35.0,1,2,0,2,4,2,1,,7,VOIE DE LA LIBERTE,0,,3,4,0,1,32,1314,1,, -1,1,0,1,70,21,12,2021,11:00,1,35,35055,1,1,0,2,VOIE DE LA LIBERTE,48.07934,-1.63393,11,2,2
202100035993,137Â 350,A01,1,1,1,1,2,9,6,0,0,-1,2021,22.0,2,1,0,2,3,13,1,,3,921,-1,,2,2,0,2,38,910,3,, -1,1,0,1,90,8,6,2021,18:05,1,12,12223,1,1,0,3,D921,44.778164,2.903845,18,2,2
202100002799,196Â 765,B01,1,1,1,1,2,6,-1,0,0,-1,2021,35.0,2,1,0,2,7,17,1,,4,RUE BEAUBOURG,0,,1,3,3,1,(1),(1),1,, -1,1,0,1,30,14,12,2021,14:56,1,75,75104,2,2,0,3,RUE BEAUBOURG,48.861208,2.353492,14,2,2
202100046734,118Â 235,B01,1,1,1,0,2,8,-1,-1, -1,-1,2021,61.0,0,1,0,0,0,0,1,,4,CAMILLE GUERIN,0,,1,1,0,4,0,100,1,, -1,1,0,1,50,24,3,2021,08:30,1,91,91691,2,3,0,3,CAMILLE GUERIN,48.7149,2.4929,8,2,2
202100028371,150Â 994,A01,1,1,1,9,1,-1,-1,0,0,-1,2021,19.0,3,2,0,2,3,13,1,,4,C1,-1,,2,2,0,1,(1),(1),1,, -1,1,0,1,80,18,7,2021,17:50,1,55,55461,1,1,0,1,c1,49.387737,5.512685,17,2,2
202100056013,101Â 760,A01,1,1,2,4,2,8,-1,-1, -1,-1,2021,28.0,2,1,0,2,1,12,1,,1,A13,0,,3,4,0,1,21,700,1,, -1,1,0,1,110,7,1,2021,08:45,1,78,78133,1,1,0,2,A13,48.89287,2.00829,8,2,2
202100040799,128Â 689,A01,2,2,2,9,2,6,-1,0,0,-1,2021,58.0,2,1,13,0,1,13,1,,3,25,-1,,2,2,0,1,62,110,3,, -1,1,0,3,80,8,5,2021,10:50,1,12,12208,1,1,0,6,D25,43.956263,2.82501,10,2,1
202100050416,111Â 581,B01,1,1,2,5,2,6,-1,0,0,-1,2021,18.0,1,1,0,2,1,1,1,,3,69,-1,,2,2,0,1,1,800,2,, -1,1,0,1,50,24,2,2021,16:30,1,88,88196,2,4,0,1,Faubourg de Ramberchamp,48.065211,6.856552,16,2,2
202100032904,142Â 946,B01,1,1,1,9,2,6,-1,0,0,-1,2021,25.0,2,1,0,2,8,2,1,,4,RUE DE LA CROIX NIVERT,0,,2,2,0,1,(1),(1),1,, -1,2,0,1,50,22,6,2021,15:30,1,75,75115,2,4,0,3,RUE DE LA CROIX NIVERT,48.834404,2.289936,15,4,2
202100038964,131Â 990,A01,1,1,1,9,2,6,-1,0,0,-1,2021,23.0,0,1,0,2,1,1,1,,4,RUE DE SEVRES,0,,2,2,0,1,(1),(1),1,, -1,1,0,1,50,21,5,2021,15:00,1,75,75115,2,3,0,3,RUE DE SEVRES,48.846082,2.314242,15,2,2
202100017059,171Â 132,B01,1,1,1,9,2,0,-1,0,0,-1,2021,52.0,3,1,0,2,1,1,5,,4,RUE DU CHEMIN VERT,0,,1,1,0,1,(1),(1),1,, -1,1,0,1,30,24,9,2021,13:15,1,75,75111,2,2,0,3,RUE DU CHEMIN VERT,48.861576,2.382588,13,2,2
202100002474,197Â 347,A01,1,1,1,1,2,8,-1,-1, -1,-1,2021,42.0,1,0,0,2,1,1,3,,3,GEORGES GOSNAT (AV),0,,1,2,0,1,0,0,1,, -1,1,0,1,50,16,12,2021,14:30,1,94,94041,2,9,0,3,GEORGES GOSNAT (AV),48.81362,2.38905,14,2,2
202100050341,111Â 718,Z01,10,3,2,3,8,8,-1,0,9,1,2021,89.0,3,2,0,1,6,26,1,,6,ITALIE (PLACE D'),0,,-1,0,0,1,0,0,1,, -1,1,9,8,50,12,2,2021,15:18,1,28,28134,1,1,0,6,ITALIE (PLACE D'),48.736,1.34915,15,2,1
202100042138,126Â 307,A01,1,1,2,0,1,0,-1,-1, -1,-1,2021,30.0,1,2,0,2,7,1,1,,1,A7-Sens Lyon vers Marseille,0,,1,3,0,1,267,0,3,, -1,2,0,3,110,29,4,2021,11:00,1,13,13071,1,1,1,7,A7-Sens Lyon vers Marseille,43.40351,5.30841,11,1,1
202100048414,115Â 220,C01,2,2,2,5,1,0,-1,-1, -1,-1,2021,67.0,3,2,0,2,6,2,1,,2,ROUTE NATIONALE 123,0,,3,4,0,1,7,464,1,, -1,1,0,1,110,2,3,2021,14:50,1,28,28220,1,1,0,4,ROUTE NATIONALE 123,48.4160855447,1.4689314364,14,4,3
202100008514,186Â 516,A01,2,1,1,0,2,6,-1,-1, -1,-1,2021,20.0,1,1,0,2,1,26,1,,3,7,0,,2,2,0,1,0,0,1,, -1,1,0,1,50,11,11,2021,16:05,1,92,92062,2,1,0,2,DE DION BOUTON (QUAI) DU 29 AU 65,48.882809,2.247991,16,2,2
202100029938,148Â 287,B01,1,1,1,0,2,6,-1,-1, -1,-1,2021,21.0,1,1,0,2,8,2,1,,4,CORINTHE (AVENUE DE),0,,3,2,0,1,0,0,1,, -1,1,0,1,50,6,7,2021,15:45,1,13,13206,2,1,0,3,CORINTHE (AVENUE DE),43.28355,5.39018,15,2,2
202100047478,116Â 898,A01,1,1,1,0,1,0,-1,-1, -1,-1,2021,65.0,1,2,0,2,1,13,1,,7,PIERREFEU (ROUTE DE) RD 12,0,,2,2,0,1,35,150,2,, -1,1,0,1,70,16,3,2021,16:25,1,83,83069,1,1,0,5,PIERREFEU (ROUTE DE) RD 12,43.160428,6.125836,16,3,3
202100047558,116Â 760,A01,1,1,2,4,8,-1,-1,0,0,-1,2021,38.0,2,2,0,2,1,1,1,,3,933,-1,,2,2,0,1,56,563,1,, -1,1,0,1,70,19,3,2021,12:50,1,1,1263,1,1,0,4,D933,46.0714306292,4.7704307735,12,6,3