Num_Acc,id_vehicule,num_veh,place,catu,sexe,trajet,secu1,secu2,secu3,locp,actp,etatp,year_acc,victim_age,senc,catv,obs,obsm,choc,manv,motor,occutc,catr,voie,v1,v2,circ,nbv,vosp,prof,pr,pr1,plan,lartpc,larrout,surf,infra,situ,vma,jour,mois,an,hrmn,lum,dep,com,agg_,int,atm,col,adr,lat,long,hour,nb_victim,nb_vehicules
202100049194,113Â 824,A01,10,3,1,3,0,-1,-1,5,1,1,2021,41.0,1,2,0,1,1,1,1,,4,,0,,1,1,0,1,6,157,1,, -1,1,0,4,30,6,3,2021,09:15,1,68,68298,2,1,0,6,79 Rue Wilson,48.247712,7.186963,9,2,1
202100021894,162Â 496,A01,2,2,2,5,1,-1,-1,-1, -1,-1,2021,63.0,1,2,2,0,9,14,1,,1,A570,0,,3,4,0,1,6,699,1,, -1,1,0,3,110,29,8,2021,10:50,1,83,83069,1,1,0,6,A570,43.1183430101,6.1054497402,10,2,1
202100054090,105Â 062,A01,1,1,1,0,2,0,-1,-1, -1,-1,2021,74.0,1,1,0,2,1,1,1,,3,AV BACHAGA SAID BOUALEM,0,,1,2,0,1,38,800,1,, -1,1,0,1,50,22,1,2021,08:10,2,13,13004,2,9,0,3,AV BACHAGA SAID BOUALEM,43.66834,4.61954,8,2,2
202100023385,159Â 819,A01,9,2,1,5,8,-1,-1,0,0,-1,2021,31.0,1,2,0,2,2,15,1,,3,643,0,D,2,2,0,1,(1),(1),1,, -1,1,0,1,80,20,8,2021,21:45,3,59,59059,1,3,0,3,CD643,50.1267252823,3.4433019161,21,7,2
202100032890,142Â 970,A01,10,3,1,5,8,8,-1,1,9,2,2021,24.0,0,1,0,1,1,1,1,,4,BAS DE GRANGE (RUE ET PLACE),0,,2,1,0,1,0,0,1,, -1,1,0,1,50,17,6,2021,19:00,1,18,18279,2,1,0,1,BAS DE GRANGE (RUE ET PLACE),47.24,2.05,19,2,1
202100011564,181Â 051,B01,1,1,1,2,2,-1,-1,0,0,-1,2021,16.0,1,1,0,2,1,1,1,,3,LOURDES (AVENUE DE),0,,2,3,0,1,1,280,1,, -1,1,0,1,50,22,10,2021,07:55,2,65,65331,2,3,0,3,LOURDES (AVENUE DE),43.21298,0.05078,7,2,2
202100050294,111Â 806,C01,1,1,2,1,1,0,-1,-1, -1,-1,2021,26.0,2,2,0,2,1,2,1,,1,AUTOROUTE A104,0,,3,7,0,1,2,0,1,, -1,1,9,1,110,25,2,2021,08:50,1,93,93078,1,1,0,4,AUTOROUTE A104,48.96768,2.5108,8,3,3
202100046542,118Â 586,A01,1,1,2,0,2,0,-1,-1, -1,-1,2021,44.0,1,1,0,2,1,1,1,,4,SAINT JULIEN (AVENUE DE ),0,,-1,2,0,2,0,0,1,, -1,1,0,1,30,26,3,2021,11:55,1,13,13212,2,1,0,2,SAINT JULIEN (AVENUE DE ),43.30447,5.41436,11,2,2
202100049174,113Â 856,B01,2,2,2,5,1,-1,-1,0,0,-1,2021,80.0,3,2,0,2,8,9,1,,3,533,-1,,2,2,0,1,2,500,1,, -1,1,0,1,80,6,3,2021,15:55,1,63,63338,1,2,0,3,D533,46.183337,2.826394,15,3,2
202100013830,176Â 970,B01,1,1,1,9,2,0,-1,-1, -1,-1,2021,31.0,3,1,0,2,5,1,1,,3,D.306,0,,2,2,1,1,9,378,1,, -1,1,0,1,50,27,9,2021,22:25,5,77,77495,2,1,0,2,D306,48.56057,2.6345,22,2,2
202100013321,177Â 936,B01,1,1,1,1,2,0,-1,-1, -1,-1,2021,46.0,1,1,0,2,3,2,1,,3,STALINGRAD (BD DE),0,,1,2,0,1,86,0,1,, -1,1,0,1,50,14,10,2021,08:15,1,94,94073,2,1,0,3,Boulevard de Stalingrad,48.77275,2.40006,8,2,2
202100012481,179Â 397,A01,10,3,2,1,0,-1,-1,4,3,1,2021,25.0,1,2,0,1,2,4,1,,4,AVENUE DES TERNES,0,,2,4,0,1,(1),(1),1,, -1,1,0,1,30,17,10,2021,14:20,1,75,75117,2,2,0,6,AVENUE DES TERNES,48.878346,2.295561,14,2,1
202100032280,144Â 061,B01,1,1,2,5,8,0,-1,-1, -1,-1,2021,10.0,3,1,0,2,1,25,5,,4,AVENUE RHIN ET DANUBE,0,,2,3,2,1,(1),(1),1,, -1,1,0,1,50,25,6,2021,18:00,1,38,38185,2,2,0,3,Avenue Rhin et Danube,45.17931,5.70547,18,2,2
202100015686,173Â 629,A01,1,1,1,5,2,6,9,0,0,-1,2021,33.0,2,1,3,0,0,13,1,,3,908,0,,2,2,0,2,60,380,2,, -1,1,0,8,80,2,10,2021,16:59,1,4,4006,1,1,0,7,RD 908,44.301785,6.582951,16,1,1
202100050454,111Â 515,B01,1,1,1,0,2,0,-1,-1, -1,-1,2021,19.0,1,1,0,2,5,1,1,,3,ITHURRALDE ANDRE (AVENUE),0,,2,2,0,1,24,700,1,, -1,1,0,1,50,23,2,2021,08:00,1,64,64483,2,3,1,3,ITHURRALDE ANDRE (AVENUE),43.3950357305,-1.6484105587,8,2,2
202100011494,181Â 181,A01,1,1,1,5,1,-1,-1,0,0,-1,2021,19.0,2,2,8,0,0,14,1,,7,21,0,D,2,2,0,2,9,670,1,, -1,1,0,3,80,24,10,2021,07:50,1,34,34164,1,1,0,6,Avenue de Teyran,43.746329,3.959859,7,1,1
202100025112,156Â 765,A01,1,1,1,9,8,0,-1,-1, -1,-1,2021,71.0,1,2,0,0,1,14,1,,3,,0,,2,2,0,1,23,294,2,, -1,1,0,8,70,7,8,2021,21:00,2,64,64445,1,1,0,7,RD 817,43.31554,-0.30343,21,1,1
202100025882,155Â 421,A01,2,2,2,0,8,0,-1,-1, -1,-1,2021,18.0,2,3,1,0,1,1,0,2.0,4,ATHENES (allÃ©e d'),0,,2,-1,0,1,0,0,1,, -1,1,0,1,50,2,8,2021,05:30,2,93,93057,2,1,0,6,ATHENES (allÃ©e d'),48.911646,2.493483,5,2,1
202100005949,191Â 161,B01,1,1,2,3,8,8,-1,-1, -1,-1,2021,75.0,3,1,0,2,1,1,5,,4,CHEVALLIER (RUE AUGUSTE),0,,2,5,2,2,(1),(1),1,, -1,1,5,1,50,24,11,2021,10:10,1,37,37261,2,3,0,3,CHEVALLIER (RUE AUGUSTE),47.3757735328,0.6791245937,10,2,2
202100026652,154Â 066,A01,1,1,2,9,8,0,-1,-1, -1,-1,2021,30.0,1,1,0,0,0,26,3,,4,BRESSIGNY,0,,1,1,0,1,1,0,1,, -1,1,0,1,30,27,7,2021,10:14,1,49,49007,2,1,0,7,BRESSIGNY,47.46719,-0.54946,10,1,1
202100046991,117Â 787,A01,1,1,2,5,1,-1,-1,0,0,-1,2021,27.0,2,2,4,0,1,16,1,,3,37,0,,1,2,0,1,(1),(1),3,, -1,2,0,1,90,13,3,2021,21:30,4,37,37050,1,6,1,6,,47.332223174,0.746117203,21,1,1
202100007969,187Â 486,A01,2,1,1,0,8,0,-1,-1, -1,-1,2021,23.0,2,1,5,0,0,0,0,,4,ABBE LAVIGNE (AVENUE),0,,2,2,0,1,0,0,1,, -1,1,0,1,50,15,11,2021,15:45,1,972,97209,2,1,0,7,ABBE LAVIGNE (AVENUE),14.61256,-61.07181,15,1,1
202100030367,147Â 482,B01,1,1,1,5,1,-1,-1,-1, -1,-1,2021,19.0,1,2,0,2,3,1,1,,4,COQUEBERT (RUE) DU 1 A 62 ET 2 A 42,0,,2,2,0,2,(1),(1),1,, -1,1,0,1,50,5,7,2021,18:53,1,51,51454,2,2,0,3,Rue Coquebert,49.26139,4.03833,18,2,2
202100009178,185Â 310,A01,1,1,1,1,2,6,-1,0,0,-1,2021,34.0,1,1,0,6,1,1,1,,3,316,-1,D,2,2,0,1,4,53,1,, -1,1,0,1,80,7,11,2021,20:16,3,27,27489,1,1,0,6,D316,49.069536,1.215405,20,1,1
202100012646,179Â 109,B01,1,1,1,2,2,8,-1,-1, -1,-1,2021,15.0,1,1,0,2,0,26,1,,3,PARIS (place de),0,,1,1,0,1,44,421,3,, -1,1,5,1,50,12,10,2021,16:45,1,61,61169,2,9,1,3,Rue de Paris,48.750921,-0.550656,16,2,2
202100033868,141Â 223,A01,1,1,1,0,2,6,-1,0,0,-1,2021,67.0,3,1,0,2,7,17,1,,7,NICE AVENUE DE (RN7),0,,2,2,0,1,(1),(1),1,, -1,1,0,1,50,16,6,2021,14:45,1,6,6027,2,1,0,3,NICE AVENUE DE (RN7),43.659257,7.165649,14,2,2
202100054678,104Â 048,A01,2,2,1,5,1,8,-1,-1, -1,-1,2021,20.0,1,2,2,0,1,14,1,,4,COMBES (BD EMILE),0,,2,2,2,1,(1),(1),2,, -1,2,0,4,50,17,1,2021,06:20,5,35,35238,2,1,1,6,COMBES (BD EMILE),48.09348,-1.66777,6,2,1
202100010580,182Â 816,B01,1,1,1,5,8,0,-1,-1, -1,-1,2021,82.0,2,2,0,2,1,1,1,,4,COUTURIER (AVENUE PAUL VAILLANT),0,,2,3,0,4,0,0,1,, -1,1,0,1,50,28,10,2021,10:00,1,93,93078,2,3,0,1,COUTURIER (AVENUE PAUL VAILLANT),48.9601,2.53347,10,4,2
202100024642,157Â 615,A01,1,1,1,0,1,0,-1,-1, -1,-1,2021,37.0,2,2,0,2,7,1,1,,3,914,0,,1,4,0,1,0,0,1,, -1,1,5,1,50,11,8,2021,09:10,1,92,92050,2,3,0,3,PONS NOEL RUE,48.90402,2.2187,9,2,2
202100023953,158Â 816,B01,2,2,2,5,1,-1,-1,0,0,-1,2021,48.0,3,2,0,2,3,19,2,,2,175,-1,,3,2,0,2,59,600,1,, -1,1,5,1,70,15,8,2021,09:20,1,50,50589,1,2,0,3,N175,48.577358,-1.448371,9,6,2
202100035681,137Â 933,B01,1,1,1,5,8,0,-1,-1, -1,-1,2021,49.0,2,1,0,2,1,1,5,,4,LIMOGES (AVENUE DE),0,,2,2,0,1,0,0,1,, -1,1,0,1,50,6,6,2021,12:03,1,87,87050,2,1,0,6,LIMOGES (AVENUE DE),45.87644,1.23781,12,2,2
202100039948,130Â 180,B01,1,1,1,5,2,-1,-1,0, -1,-1,2021,18.0,2,1,0,2,1,1,5,,3,RD 783,0,,4,2,0,2,33,700,1,, -1,1,0,1,70,14,5,2021,17:35,1,29,29039,1,6,0,3,RD 783,47.88572,-3.91333,17,2,2
202100018767,168Â 096,A01,10,3,2,5,0,-1,-1,5,3,1,2021,84.0,2,1,0,1,1,14,5,,4,PIERRES PLATES (RUE DES),0,,2,2,1,1,(1),(1),1,, -1,2,0,5,50,14,9,2021,17:25,1,37,37208,2,1,1,6,PIERRES PLATES (RUE DES),47.356800807,0.7348491758,17,2,1
202100018910,167Â 842,A01,1,1,1,0,2,6,-1,-1, -1,-1,2021,46.0,1,1,12,0,0,13,1,,4,PERRACHE                            (QU),0,,1,1,0,1,(1),(1),1,, -1,2,0,1,50,14,9,2021,20:52,5,69,69382,2,1,1,6,PERRACHE (Q),45.74687,4.82883,20,1,1
202100037666,134Â 331,A01,1,1,1,5,2,6,-1,0,0,-1,2021,15.0,1,1,1,0,8,1,1,,4,,-1,,2,2,0,2,(1),(1),1,, -1,1,0,1,50,29,5,2021,17:30,1,31,31160,2,1,0,6,2 Chemin de la Gare,43.689982,1.269701,17,1,1
202100025327,156Â 383,A01,1,1,1,9,8,6,-1,-1, -1,-1,2021,61.0,1,0,0,2,0,1,3,,4,RUE DE BELLEVILLE,0,,2,2,0,1,(1),(1),1,, -1,1,0,1,50,6,8,2021,16:00,1,75,75120,2,1,0,3,RUE DE BELLEVILLE,48.876122,2.403042,16,3,2
202100026869,153Â 692,A01,10,3,1,5,0,-1,-1,1,3,1,2021,36.0,1,2,0,1,1,0,1,,3,JEAN JAURES (AVENUE),0,,2,2,0,1,1,0,1,, -1,2,0,1,50,25,7,2021,06:34,2,93,93032,2,1,1,6,Avenue Jean JaurÃ¨s,48.88368,2.53009,6,2,1
202100022248,161Â 876,B01,2,2,1,5,1,0,-1,0,0,-1,2021,18.0,1,2,0,2,5,1,1,,4,BARBUSSE (BD HENRI),0,,1,1,0,1,(1),(1),1,, -1,1,0,1,50,27,8,2021,18:50,1,54,54526,2,6,0,3,BARBUSSE (BD HENRI),48.68452,6.21402,18,4,2
202100010590,182Â 799,B01,1,1,1,0,2,0,-1,-1, -1,-1,2021,67.0,1,1,1,0,3,0,0,,4,NONNEVILLE (AVENUE DE),0,,-1,1,0,1,0,0,1,, -1,1,0,1,50,27,10,2021,12:36,1,93,93005,2,1,0,3,NONNEVILLE (AVENUE DE),48.9241065686,2.5015997887,12,2,2
202100007307,188Â 687,A01,1,1,1,4,2,0,-1,-1, -1,-1,2021,48.0,0,1,0,2,1,0,3,,4,BARRE ST JEAN (CHEMIN DE LA),0,,2,2,0,2,0,0,1,, -1,1,0,1,30,17,11,2021,12:45,1,13,13001,2,1,0,6,BARRE ST JEAN (CHEMIN DE LA),43.49642,5.40925,12,2,2
202100038520,132Â 787,A01,1,1,1,4,1,0,-1,0,0,-1,2021,29.0,2,5,0,5,9,21,1,,4,MAGNY (ROUTE DE),0,,2,2,0,3,7,500,1,, -1,1,0,1,70,24,5,2021,09:30,1,27,27681,1,1,0,7,MAGNY (ROUTE DE),49.0962,1.522282,9,1,1
202100037956,133Â 819,A01,1,1,1,2,2,6,-1,-1, -1,-1,2021,16.0,1,1,0,0,1,19,1,,4,HOARAU (RUE MARCEL),0,,2,1,0,2,0,0,1,, -1,1,0,1,30,27,5,2021,08:25,1,974,97411,2,1,0,7,HOARAU (RUE MARCEL),-20.9045,55.491,8,1,1
202100051492,109Â 665,A01,10,3,1,0,0,-1,-1,1,3,1,2021,36.0,2,2,0,1,3,1,1,,2,7,-1,,3,4,0,1,3,200,1,, -1,1,0,1,110,16,2,2021,00:05,3,3,3316,1,1,0,6,RN7,46.667081,3.256744,0,3,1
202100021365,163Â 462,B01,1,1,1,0,2,-1,-1,0,0,-1,2021,21.0,1,1,0,2,1,1,1,,3,25,-1,,2,2,0,1,0,15,1,, -1,1,0,1,50,2,9,2021,07:10,2,85,85020,2,1,0,1,Rue de la Combe,46.369252,-0.595794,7,2,2
202100002611,197Â 115,B01,1,1,1,0,2,0,-1,-1, -1,-1,2021,40.0,1,1,0,0,7,1,1,,7,FAUBOURG BANNIER (RUE DU ),0,,2,2,0,1,1,0,1,, -1,1,0,1,50,15,12,2021,17:20,5,45,45234,2,1,0,7,FAUBOURG BANNIER (RUE DU ),47.91337,1.89977,17,2,2
202100011014,182Â 043,A01,1,1,1,5,1,-1,-1,0,0,-1,2021,26.0,0,2,8,0,1,1,1,,4,,-1,,2,2,0,1,(1),(1),2,,5,1,0,1,50,27,10,2021,17:30,1,62,62627,2,1,0,6,Rue de Tortequenne,50.305133,3.027779,17,4,1
202100002930,196Â 533,A01,10,3,1,3,0,-1,-1,3,3,1,2021,42.0,0,2,0,1,3,15,1,,4,DION (RUE ROGER),0,,4,4,0,1,(1),(1),1,, -1,1,5,1,50,14,12,2021,17:00,5,41,41018,2,3,0,6,DION (RUE ROGER),47.60385,1.32829,17,2,1
202100029025,149Â 849,A01,1,1,1,5,2,-1,-1,0,0,-1,2021,49.0,1,1,0,2,1,2,5,,3,48,0,,2,2,0,1,5,713,3,, -1,1,0,1,50,14,7,2021,16:29,1,44,44069,2,1,0,1,Route du Bois du Pont lieu dit Bouzaire,47.370011,-2.384312,16,2,2
202100021384,163Â 422,A01,1,1,1,5,2,6,-1,0,0,-1,2021,30.0,1,1,0,2,1,1,1,,3,12,0,D,2,2,0,2,10,122,1,, -1,1,0,1,80,2,9,2021,20:10,2,65,65413,1,1,0,1,D12,42.881039,-0.023126,20,2,2
202100006676,189Â 849,B01,1,1,1,2,2,-1,-1,-1, -1,-1,2021,14.0,1,1,0,2,8,1,1,,4,CROIX DES GARDIENS  ROND POINT DE LA,0,,1,2,0,1,(1),(1),1,, -1,1,5,1,50,23,11,2021,08:10,5,29,29232,2,6,0,2,Giratoire Croix des Gardiens,48.01037,-4.09592,8,2,2
202100013990,176Â 694,B01,1,1,2,1,8,-1,-1,-1, -1,-1,2021,24.0,3,2,0,2,8,1,1,,4,JEAN DEVAUX (RUE),0,,2,2,0,1,(1),(1),2,"6,1", -1,1,0,1,50,9,10,2021,05:45,5,79,79329,2,9,0,3,3 Rue Jean Devaux,46.992284,-0.19964,5,2,2
202100018502,168Â 563,A01,1,1,1,3,2,-1,-1,0,0,-1,2021,14.0,3,1,9,0,2,1,1,,3,86,-1,,2,2,0,1,(1),(1),4,, -1,1,0,1,50,18,9,2021,09:35,1,50,50556,2,1,0,6,D86 le bourg,49.061375,-1.059703,9,1,1
202100018542,168Â 490,A01,2,2,2,0,2,6,-1,0,0,-1,2021,16.0,2,1,0,2,1,19,1,,4,CHATILLON (RUE DE),0,,2,2,0,1,(1),(1),1,, -1,1,5,1,50,15,9,2021,12:15,1,71,71306,2,6,0,1,CHATILLON (RUE DE),46.68912,4.35631,12,3,2
202100009503,184Â 726,A01,2,2,1,0,1,-1,-1,0,0,-1,2021,68.0,2,2,15,0,9,1,1,,1,6,-1,,3,4,0,1,278,300,3,, -1,1,0,3,130,5,11,2021,17:20,1,21,21214,1,1,0,6,Autoroute A6,47.189603,4.669919,17,2,1
202100033114,142Â 562,A01,9,2,2,0,1,-1,-1,0,0,-1,2021,4.0,3,2,6,0,1,1,1,,4,,0,,2,2,0,1,(1),(1),1,, -1,1,0,8,-1,22,6,2021,07:32,1,80,80241,1,1,0,6,Domart-en-Ponthieu,50.058434,2.115008,7,2,1
202100017198,170Â 895,A01,1,1,1,9,1,-1,-1,0,0,-1,2021,27.0,1,2,6,0,1,1,1,,3,8,0,D,2,2,0,2,17,100,3,, -1,2,0,8,50,26,9,2021,06:40,5,33,33547,2,4,0,6,Cours Pasteur,44.461012,-0.367819,6,1,1
202100009641,184Â 474,B01,1,1,1,0,1,0,-1,-1, -1,-1,2021,28.0,2,2,0,2,2,1,0,,4,LOUIS ARMAND (RUE),0,,2,0,0,1,1,0,4,, -1,2,0,1,50,1,11,2021,22:24,5,93,93050,2,1,1,3,LOUIS ARMAND (RUE),48.861202,2.520234,22,2,2
202100051168,110Â 213,A01,1,1,1,0,8,0,-1,-1, -1,-1,2021,46.0,2,1,6,0,1,26,1,,4,LANGEVIN (PAUL),0,,2,2,0,1,(1),(1),1,, -1,1,0,4,30,17,2,2021,18:30,2,35,35238,2,1,0,6,LANGEVIN (PAUL),48.09391,-1.65839,18,1,1
202100051885,108Â 955,A01,10,3,2,9,0,-1,-1,3,3,1,2021,31.0,1,2,0,1,1,15,1,,4,NIMEGUE (RUE DE),0,,2,3,0,1,(1),(1),1,, -1,2,0,1,50,9,2,2021,17:45,2,86,86194,2,1,1,6,Rue de Nimegue,46.589832,0.360231,17,2,1
202100033604,141Â 700,A01,1,1,1,5,2,-1,-1,-1, -1,-1,2021,22.0,2,1,0,0,0,23,5,,3,ST DOMINIQUE (AVE),0,,2,2,0,1,2,774,2,, -1,1,0,4,50,14,6,2021,18:55,1,33,33009,2,6,0,7,,44.6437,-1.19659,18,1,1
202100002585,197Â 163,A01,1,1,2,0,8,0,-1,-1, -1,-1,2021,30.0,1,2,0,9,3,15,1,,3,GRANDE CEINTURE (BOULEVARD),0,,-1,0,3,1,0,0,1,, -1,1,0,6,30,16,12,2021,18:15,5,91,91477,2,1,0,1,GRANDE CEINTURE (BOULEVARD),48.72115,2.25138,18,2,2
202100039704,130Â 614,A01,2,2,2,9,1,0,-1,0,0,-1,2021,21.0,1,2,0,2,1,2,2,,4,PORTE DAUPHINE,0,,1,4,0,1,15,300,1,, -1,2,0,1,70,15,5,2021,04:40,5,75,75116,2,1,1,2,PORTE DAUPHINE,48.871218,2.27332,4,3,2
202100004979,192Â 889,A01,1,1,1,9,1,-1,-1,0,0,-1,2021,46.0,2,5,0,2,1,13,1,,2,3,0,,2,2,0,1,130,460,3,, -1,1,0,1,70,4,12,2021,16:20,1,988,98822,1,1,0,1,RT3  - POINDIMIE,-20.937222,165.353862,16,5,2
202100022597,161Â 222,A01,1,1,1,1,1,0,-1,-1, -1,-1,2021,26.0,2,2,0,2,3,1,1,,4,JUVISY (AVENUE DE),0,,2,2,0,1,0,0,1,, -1,1,0,1,50,25,8,2021,05:30,5,91,91434,2,2,0,3,JUVISY (AVENUE DE),48.65253,2.3526,5,2,2
202100039012,131Â 907,A01,1,1,1,5,1,-1,-1,0,0,-1,2021,24.0,3,2,2,0,3,0,1,,4,,0,,2,2,0,1,(1),(1),3,, -1,9,0,3,80,21,5,2021,20:30,3,89,89376,1,1,0,6,Chemin communal,47.660936,4.077473,20,2,1
202100034194,140Â 630,A01,1,1,1,5,2,8,-1,-1, -1,-1,2021,30.0,1,1,0,0,1,1,1,,1,A42 4.020 A 4.329   LYON/GEN,0,,3,3,0,2,5,0,3,, -1,1,0,1,90,15,6,2021,23:25,3,1,1275,1,1,0,7,A42 4.020 A 4.329   LYON/GEN,45.810011,4.935234,23,1,1
202100043377,124Â 128,B01,1,1,1,5,2,6,-1,0,0,-1,2021,17.0,1,1,0,2,1,1,1,,4,,-1,,2,2,0,1,(1),(1),1,, -1,1,0,1,50,20,4,2021,18:55,1,31,31186,2,3,0,3,62 Chemin de Raudelauzette,43.677673,1.43341,18,2,2
202100014244,176Â 228,B01,1,1,1,5,2,6,-1,0,0,-1,2021,54.0,2,1,0,2,1,1,1,,3,33,-1,,2,2,0,2,25,950,1,,"6,8",1,0,1,50,9,10,2021,12:10,1,79,79195,2,9,0,3,42 Avenue Saint-Hubert,46.947129,-0.594254,12,2,2
202100030906,146Â 517,A01,4,2,2,5,1,-1,-1,0,0,-1,2021,19.0,3,2,2,0,1,16,1,,3,29,-1,,2,2,0,2,(1),(1),4,, -1,2,0,8,80,3,7,2021,22:50,3,38,38503,1,1,0,7,D29,45.333138,5.914834,22,4,1
202100008850,185Â 921,B01,1,1,1,2,8,0,-1,0,0,-1,2021,16.0,1,1,1,0,2,1,5,,4,AVENUE DUQUESNE,0,,2,2,0,1,(1),(1),1,, -1,1,0,1,30,8,11,2021,08:00,1,75,75107,2,2,0,3,AVENUE DUQUESNE,48.852699,2.308558,8,2,2
202100017045,171Â 157,B01,1,1,1,9,2,0,-1,0,0,-1,2021,21.0,1,1,0,2,8,1,3,,4,BOULEVARD JOURDAN,0,,3,2,1,1,(1),(1),1,, -1,1,0,5,50,24,9,2021,10:40,1,75,75114,2,3,0,3,BOULEVARD JOURDAN,48.8198922981,2.3416325339,10,2,2
202100016965,171Â 299,B01,1,1,2,2,8,0,-1,-1, -1,-1,2021,14.0,1,1,0,2,8,26,5,,4,HUIT MAI 1945,0,,2,2,0,2,(1),(1),1,, -1,1,0,1,50,24,9,2021,16:50,1,17,17291,1,1,0,3,HUIT MAI 1945,46.1776,-1.1136,16,2,2
202100005885,191Â 270,B01,2,1,1,0,2,0,-1,-1, -1,-1,2021,42.0,0,1,0,2,1,1,1,,4,CORBEIL (ROUTE DE),0,,2,2,0,1,0,0,1,, -1,2,0,1,50,26,11,2021,19:15,5,91,91286,2,2,1,1,CORBEIL (ROUTE DE),48.654614,2.388667,19,2,2
202100054085,105Â 072,B01,1,1,1,0,2,0,-1,-1, -1,-1,2021,20.0,1,1,0,2,1,1,1,,7,MAZARGUES (ROND-POINT),0,,-1,0,0,1,4,300,3,, -1,2,0,1,50,22,1,2021,20:37,5,13,13209,2,9,0,3,MAZARGUES (ROND-POINT),43.2507668819,5.4034227133,20,2,2
202100027916,151Â 810,B01,1,1,2,5,8,0,-1,0,0,-1,2021,19.0,1,1,0,2,3,19,5,,4,PRE PIGEON,0,,2,2,0,1,1,0,1,, -1,1,0,1,30,19,7,2021,18:11,1,49,49007,2,1,0,3,PRE PIGEON,47.47794,-0.54343,18,2,2
202100040343,129Â 493,B01,1,1,2,5,1,8,-1,-1, -1,-1,2021,55.0,1,2,0,2,6,1,1,,7,D66  VOIE RAPIDE,0,,1,2,0,1,8,183,1,, -1,1,0,1,90,11,5,2021,09:25,1,34,34198,1,1,0,2,D66  VOIE RAPIDE,43.565294,3.957701,9,2,2
202100017917,169Â 596,B01,1,1,1,5,2,-1,-1,0,0,-1,2021,44.0,1,1,0,2,1,17,1,,3,47,0,,2,2,0,1,0,900,1,, -1,1,5,1,50,21,9,2021,09:45,1,95,95280,2,1,0,3,RD 47A,49.0114486533,2.4794546817,9,2,2
202100036728,136Â 060,A01,1,1,1,5,1,-1,-1,0,0,-1,2021,27.0,1,2,0,2,1,13,1,,3,24,-1,,2,2,0,1,7,700,1,, -1,1,0,1,80,2,6,2021,21:05,2,17,17086,1,1,0,1,Route des Labours,45.725318,-0.574085,21,2,2
202100052531,107Â 820,B01,1,1,2,5,1,8,-1,-1, -1,-1,2021,56.0,2,2,0,2,3,1,1,,4,CHARMILLE (RUE DE LA),0,,2,2,0,1,0,0,1,, -1,1,0,1,50,3,2,2021,16:30,1,67,67482,2,3,0,3,CHARMILLE (RUE DE LA),48.58751,7.71785,16,3,2
202100019470,166Â 834,B01,1,1,2,0,1,0,-1,-1, -1,-1,2021,42.0,3,2,0,2,5,16,1,,3,ROND POINT OBELISQUE,0,,2,4,0,1,31,0,3,, -1,1,5,1,50,11,9,2021,16:45,1,77,77186,1,6,0,3,D606,48.39703,2.69286,16,3,2
202100025724,155Â 703,A01,10,3,1,0,0,-1,-1,1,9,1,2021,28.0,1,2,0,1,3,1,1,,4,NEUHOF (ROUTE),0,,2,2,0,1,0,0,1,, -1,1,0,1,50,30,7,2021,10:50,1,67,67482,2,1,0,6,NEUHOF (ROUTE),48.55364,7.76648,10,3,2
202100001143,199Â 730,A01,1,1,2,1,1,-1,-1,-1,0,-1,2021,27.0,1,2,0,2,2,1,1,,1,AUTOROUTE A15,0,,3,6,0,1,8,500,1,, -1,1,0,1,110,27,12,2021,18:30,3,95,95582,1,1,0,3, A15,48.9660426873,2.2575187683,18,2,2
202100008896,185Â 837,B01,1,1,2,1,1,-1,-1,0,0,-1,2021,54.0,2,2,0,0,1,1,1,,3,1205,-1,,2,2,0,1,(1),(1),1,, -1,1,0,1,80,8,11,2021,05:50,4,74,74264,1,1,0,1,D1205,46.059861,6.562808,5,2,2
202100036291,136Â 812,A01,2,2,2,5,0,-1,-1,0,0,-1,2021,15.0,0,4,13,0,0,0,1,,4,,-1,,-1,2,0,1,(1),(1),1,,5,3,0,8,50,5,6,2021,17:30,1,43,43022,1,1,0,7,PrÃ¨s de l'AÃ©rodrome,45.3206257098,3.3641123772,17,4,1
202100018635,168Â 328,A01,2,2,1,5,1,-1,-1,0,0,-1,2021,17.0,3,2,13,0,2,1,1,,4,0,0,,2,2,0,2,(1),(1),2,, -1,1,0,3,80,13,8,2021,18:15,1,43,43043,1,1,0,6,Route communale entre Duminiac et la Varenne,45.179904,3.755929,18,2,1
202100005734,191Â 548,A01,1,1,2,4,1,0,-1,-1, -1,-1,2021,59.0,2,2,5,2,2,12,1,,1,A86 EXT,0,,1,6,0,2,38,799,2,, -1,2,0,1,90,29,11,2021,11:20,1,94,94028,1,1,0,2,A86 EXT,48.7909842153,2.4405614586,11,2,2
202100019586,166Â 622,A01,1,1,1,5,8,-1,-1,0,0,-1,2021,45.0,3,2,2,0,1,14,1,,4,,-1,,2,2,0,1,(1),(1),2,,7,1,0,3,70,11,9,2021,18:50,1,83,83107,1,1,0,6,Route de la Bouverie,43.479713,6.665391,18,1,1
202100018858,167Â 941,A01,1,1,2,9,1,-1,-1,0,0,-1,2021,40.0,0,2,0,2,2,19,1,,3,27,0,,2,2,0,1,17,600,1,, -1,1,5,1,80,15,9,2021,12:20,1,27,27146,1,2,0,3,INTERSECTION RD27/RD87,49.285209,0.407447,12,3,2