Num_Acc,id_vehicule,num_veh,place,catu,sexe,trajet,secu1,secu2,secu3,locp,actp,etatp,year_acc,victim_age,senc,catv,obs,obsm,choc,manv,motor,occutc,catr,voie,v1,v2,circ,nbv,vosp,prof,pr,pr1,plan,lartpc,larrout,surf,infra,situ,vma,jour,mois,an,hrmn,lum,dep,com,agg_,int,atm,col,adr,lat,long,hour,nb_victim,nb_vehicules
202100038061,133Â 624,A01,1,1,2,0,1,0,-1,-1, -1,-1,2021,25.0,2,2,0,2,2,1,1,,3,907,0,,3,1,1,1,0,0,1,, -1,1,0,1,50,27,5,2021,07:15,2,92,92033,2,1,0,2,GENERAL DE GAULLE,48.8392329714,2.1885131422,7,2,2
202100006222,190Â 687,B01,1,1,1,5,2,6,-1,-1, -1,-1,2021,23.0,1,1,0,2,1,1,1,,4,DUTREIX (RUE ARMAND),0,,2,3,0,1,0,0,1,, -1,1,0,1,50,23,11,2021,18:59,5,87,87085,2,2,0,1,DUTREIX (RUE ARMAND),45.83123,1.24033,18,2,2
202100016594,171Â 974,A01,10,3,1,5,0,-1,-1,1,3,1,2021,85.0,1,5,0,1,1,1,1,,7,543,0,D,2,2,0,2,20,0,1,, -1,1,0,1,30,27,9,2021,09:00,1,13,13032,2,1,0,1,Rue du Grand Logis,43.56846,5.354993,9,2,1
202100031825,144Â 868,B01,1,1,1,5,2,8,-1,0,0,-1,2021,48.0,1,1,0,2,8,26,5,,3,IMPERIALE (Route) D464 ,0,,-1,2,0,1,1,0,1,, -1,1,0,1,50,27,6,2021,12:02,1,202,202120,2,2,0,3,IMPERIALE (Route) D464 ,42.63806,9.43399,12,2,2
202100038859,132Â 172,A01,1,1,1,5,2,6,-1,-1, -1,-1,2021,22.0,2,1,0,2,4,1,2,,1,A7-Sens Marseille vers Lyon,0,,1,3,0,1,265,500,1,, -1,1,0,1,110,22,5,2021,15:15,1,13,13071,1,1,0,2,A7-Sens Marseille vers Lyon,43.4085212051,5.2871918678,15,2,2
202100019093,167Â 515,C01,1,1,1,5,2,4,6,0,0,-1,2021,78.0,1,1,0,2,8,2,5,,3,74,0,D,2,2,0,1,3,100,2,, -1,1,5,1,70,15,9,2021,10:55,1,29,29295,1,1,0,5,D74 - Lieu-Dit Menhir,48.515039,-4.242632,10,3,3
202100013045,178Â 427,B01,1,1,1,1,1,8,-1,-1, -1,-1,2021,50.0,1,2,0,2,1,1,1,,3,906,0,,2,3,0,1,68,795,1,, -1,1,5,1,70,12,10,2021,07:40,1,71,71270,2,3,0,3,RN 6 (ROUTE NATIONALE),46.362897,4.851525,7,3,2
202100039207,131Â 540,B01,1,1,2,5,2,6,9,0,0,-1,2021,22.0,2,1,0,2,7,17,1,,3,554,-1,,2,2,0,1,9,500,3,, -1,1,0,1,80,20,5,2021,12:45,1,83,83066,1,1,0,3,D554,43.680319,5.843203,12,3,2
202100026299,154Â 685,A01,1,1,2,1,2,8,-1,-1, -1,-1,2021,53.0,0,1,0,9,1,1,1,,4,GARE (AVENUE DE LA),0,,3,2,3,1,(1),(1),1,, -1,1,0,1,50,23,7,2021,14:25,1,45,45208,2,1,0,6,3 Avenue de la Gare,48.006707,2.741908,14,1,1
202100015276,174Â 407,A01,1,1,1,3,1,-1,-1,0,0,-1,2021,88.0,1,2,0,2,1,1,1,,3,91,0,A,2,2,0,1,(1),(1),1,, -1,2,0,1,50,4,10,2021,15:30,1,14,14678,2,2,1,3,D91a,48.978136,-0.23362,15,2,2
202100013355,177Â 879,A01,1,1,2,5,8,-1,-1,0,0,-1,2021,22.0,2,2,0,0,1,1,1,,3,840,-1,,2,2,0,1,2,100,1,, -1,1,0,8,80,15,10,2021,03:00,3,46,46085,1,1,0,6,Gours,44.576021,2.131401,3,4,1
202100034573,139Â 920,A01,2,2,2,3,2,6,-1,-1, -1,-1,2021,60.0,1,1,0,0,0,1,1,,3,BAYONNE (AVENUE DE),0,,1,1,3,1,8,990,1,, -1,1,0,6,50,13,6,2021,14:45,1,64,64024,2,1,0,7,BAYONNE (AVENUE DE),43.48218,-1.50517,14,2,1
202100008753,186Â 090,A01,10,3,2,9,0,-1,-1,3,3,1,2021,25.0,2,2,0,1,1,16,1,,4,RUE SEXTIUS MICHEL,0,,1,1,0,1,(1),(1),2,, -1,1,0,1,30,9,11,2021,19:00,5,75,75115,2,3,0,6,RUE SEXTIUS MICHEL,48.851927,2.288683,19,2,1
202100038819,132Â 231,A01,1,1,1,5,2,6,-1,0,0,-1,2021,37.0,2,1,0,0,8,26,1,,3,526,0,,2,2,0,1,57,500,1,, -1,1,0,1,80,23,5,2021,16:05,1,38,38073,1,1,0,7,Col d'Ornon (Col de montagne),45.011631,5.968087,16,1,1
202100048626,114Â 843,A01,1,1,1,5,1,-1,-1,0,0,-1,2021,18.0,2,2,0,2,2,1,1,,3,8,-1,,2,2,0,1,12,150,3,, -1,1,0,1,80,11,3,2021,12:50,1,69,69006,1,1,0,3,D8,45.9481704875,4.3473887444,12,2,2
202100021842,162Â 586,A01,1,1,2,5,1,-1,-1,0,0,-1,2021,20.0,1,2,8,0,6,1,1,,3,10,-1,,2,2,0,1,3,280,1,,4,1,0,1,80,29,8,2021,18:45,1,65,65258,1,1,0,6,Route d Escala,43.104588,0.406693,18,1,1
202100051392,109Â 820,B01,6,2,2,0,1,0,-1,-1, -1,-1,2021,4.0,2,2,0,2,7,1,1,,3,CARAQUE,0,,2,2,0,1,(1),(1),1,, -1,1,0,1,50,15,2,2021,11:00,1,971,97101,1,3,0,3,CARAQUE,16.26123,-61.49805,11,4,2
202100007755,187Â 894,A01,1,1,1,5,8,0,-1,-1, -1,-1,2021,20.0,1,1,0,2,0,21,0,,4,BISHOP (Avenue Maurice),0,,2,6,3,1,0,0,1,, -1,1,9,6,30,16,11,2021,13:00,1,972,97209,1,1,0,7,BISHOP (Avenue Maurice),14.61063,-61.05456,13,1,1
202100018597,168Â 392,A01,1,1,1,0,2,6,-1,-1, -1,-1,2021,21.0,1,1,0,2,3,1,1,,4,CHARMILLES (MAIL DES),0,,1,2,1,1,(1),(1),2,, -1,1,0,1,50,16,9,2021,21:48,5,10,10387,2,1,0,2,CHARMILLES (MAIL DES),48.29503,4.08435,21,2,2
202100012985,178Â 529,A01,10,3,1,9,0,-1,-1,1,1,1,2021,31.0,1,2,0,1,1,1,1,,3,86,-1,,2,2,0,1,120,70,1,, -1,1,0,1,80,17,10,2021,06:40,3,7,7279,1,1,0,6,RD 86 - LA CONCHE,44.417283,4.653879,6,2,1
202100007979,187Â 471,B01,1,1,1,5,2,6,-1,-1,0,-1,2021,41.0,3,1,0,2,2,1,1,,4,AVENUE M. UTRILLO,0,,-1,2,0,1,(1),(1),1,, -1,1,0,1,50,15,11,2021,12:05,1,95,95018,2,1,0,3,AVENUE M. UTRILLO,48.9402241852,2.2344984747,12,2,2
202100053097,106Â 821,A01,1,1,2,0,1,0,-1,-1, -1,-1,2021,50.0,0,2,0,2,5,16,1,,4,SALVADOR ALLENDE (AVENUE),0,,2,2,0,1,0,0,1,, -1,2,0,1,30,30,1,2021,08:00,2,93,93071,2,6,1,3,SALVADOR ALLENDE (AVENUE),48.9485232302,2.5308821419,8,2,2
202100031435,145Â 554,A01,1,1,1,0,2,8,-1,-1, -1,-1,2021,35.0,3,1,0,9,7,26,1,,3,JACQUES DUCLOS [CD44] (RUE),0,,3,4,0,1,0,1,1,, -1,1,0,1,50,1,7,2021,17:10,1,93,93005,2,1,0,7,Rue Jacques Duclos,48.95106,2.4862,17,1,1
202100005745,191Â 530,C01,1,1,1,5,1,-1,-1,-1, -1,-1,2021,20.0,2,2,0,2,3,1,1,,7,AVENUE RITONDALE LEOPOLD,0,,3,6,0,1,12,750,1,, -1,1,0,1,50,28,11,2021,21:05,5,83,83069,2,1,0,5,AVENUE RITONDALE LEOPOLD,43.11359,6.12963,21,3,3
202100007347,188Â 620,B01,1,1,1,1,8,0,-1,-1, -1,-1,2021,35.0,2,1,0,2,1,1,3,,4,RUE DE TURBIGO,0,,1,3,1,1,(1),(1),2,, -1,1,-1,5,30,19,11,2021,08:50,1,75,75103,2,4,0,3,RUE DE TURBIGO,48.865437,2.35619,8,2,2
202100042021,126Â 510,B01,2,2,2,5,1,0,-1,0,0,-1,2021,66.0,1,2,0,2,1,1,1,,7,,-1,,2,-1,-1,1,(1),(1),1,, -1,1,0,1,50,28,4,2021,12:27,1,54,54526,2,3,0,4,rue CÃ©cile Brunschvicg,48.68005,6.22416,12,4,3
202100020414,165Â 150,B01,1,1,1,0,2,-1,-1,0,0,-1,2021,37.0,2,1,0,2,1,2,1,,2,613,-1,,2,2,0,1,12,932,1,, -1,1,0,1,80,7,9,2021,16:50,1,34,34022,1,1,0,2,Route de Nimes,43.660275,4.022375,16,2,2
202100027112,153Â 251,B01,1,1,1,1,1,-1,-1,0,0,-1,2021,18.0,0,2,0,2,3,0,1,,3,224,-1,D,2,2,0,1,25,(1),1,, -1,2,0,1,80,24,7,2021,04:30,3,63,63148,2,1,0,1,7 Route des Rollet,45.88841,3.185386,4,2,2
202100004321,194Â 034,A01,1,1,1,5,1,-1,-1,0,0,-1,2021,72.0,1,2,0,2,8,16,1,,3,979,-1,,2,2,0,1,70,340,2,, -1,1,0,1,90,7,12,2021,10:00,1,19,19252,1,3,0,3,Les Aubazines,45.414076,2.475556,10,2,2
202100018687,168Â 241,A01,1,1,1,4,0,-1,-1,0,0,-1,2021,50.0,3,4,2,0,2,1,1,,4,,-1,,2,1,0,1,(1),(1),2,,3,1,0,3,-1,13,9,2021,09:30,1,50,50099,1,1,0,7,Saint Quentin (Carentan),49.273877,-1.270981,9,1,1
202100054234,104Â 809,A01,1,1,1,1,2,0,-1,0,0,-1,2021,49.0,3,1,0,2,8,19,3,,4,ROUTE DE SURESNES,0,,2,4,0,1,(1),(1),1,, -1,1,0,1,50,20,1,2021,13:30,1,75,75116,2,2,0,3,ROUTE DE SURESNES,48.865031,2.234451,13,2,2
202100044871,121Â 511,A01,1,1,1,3,0,-1,-1,0,0,-1,2021,26.0,3,1,0,2,3,9,5,,3,Tuque,0,R,2,2,0,1,16,400,1,, -1,1,0,1,70,7,4,2021,11:30,1,47,47203,1,3,0,3,Rue de la Tuque,44.387339,0.80367,11,2,2
202100055936,101Â 896,A01,10,3,1,9,0,-1,-1,4,3,3,2021,16.0,1,2,0,1,1,1,1,,4,RUE BUFFON,0,,2,2,0,1,(1),(1),1,, -1,1,0,1,30,7,1,2021,13:40,1,75,75105,2,2,0,6,RUE BUFFON,48.841178,2.355964,13,3,1
202100014231,176Â 250,B01,1,1,1,0,2,6,-1,-1, -1,-1,2021,46.0,2,1,0,2,1,1,0,,3,JEAN JAURES  (AVE)  157 A 213,0,,2,2,3,1,0,1,1,, -1,1,0,1,50,9,10,2021,05:00,5,93,93001,2,1,0,3,JEAN JAURES  (AVE)  157 A 213,48.9094417786,2.3982749626,5,2,2
202100002035,198Â 157,A01,1,1,2,1,2,6,0,0,0,-1,2021,19.0,2,1,7,2,1,1,1,,4,,0,,2,2,0,2,(1),(1),3,, -1,1,0,1,30,19,12,2021,19:50,2,6,6012,2,1,0,1,"ROMAIN (CHEMIN, NÂ° 25 ET +)",43.75206,7.42525,19,2,2
202100046688,118Â 321,A01,1,1,1,0,1,-1,-1,0,0,-1,2021,19.0,2,2,0,2,3,15,1,,3,925,-1,,2,2,0,1,32,440,1,, -1,1,0,1,50,26,3,2021,12:10,1,73,73188,2,3,0,3,D925 / D69A,45.626839,6.342008,12,3,2
202100021946,162Â 396,B01,1,1,1,9,2,6,-1,0,0,-1,2021,28.0,2,1,0,2,1,1,1,,4,AVENUE D ITALIE,0,,2,6,0,1,(1),(1),1,, -1,1,0,1,50,29,8,2021,01:10,5,75,75113,2,1,0,3,AVENUE D ITALIE,48.82962,2.356261,1,3,2
202100046432,118Â 784,B01,1,1,1,5,2,-1,-1,0,0,-1,2021,51.0,2,1,0,2,8,2,0,,3,D14,0,,2,2,0,1,(1),(1),1,, -1,1,0,1,80,27,3,2021,16:30,1,63,63368,1,1,0,3,Lieu-dit Les coins,45.6998727392,3.3351786732,16,2,2
202100002576,197Â 180,A01,1,1,1,0,8,0,-1,-1, -1,-1,2021,19.0,3,1,16,0,0,0,0,,4,MORNE PICHEVIN (AVENUE),0,,-1,1,0,1,0,0,1,, -1,1,0,1,30,16,12,2021,10:15,1,972,97209,2,1,0,7,MORNE PICHEVIN (AVENUE),14.6041,-61.061602,10,1,1
202100017418,170Â 494,B01,2,2,1,0,2,6,-1,-1, -1,-1,2021,12.0,2,1,0,2,5,1,1,,4,VICTORIA (AVENUE),0,,2,2,0,1,(1),0,1,, -1,1,0,1,30,22,9,2021,13:15,1,83,83069,2,1,0,3,VICTORIA (AVENUE),43.1139214188,6.1244112253,13,3,2
202100053947,105Â 321,B01,1,1,1,0,2,0,-1,-1, -1,-1,2021,25.0,3,1,0,2,1,1,1,,4,LYON (RUE DE),0,,2,2,0,2,(1),(1),1,, -1,1,0,1,50,23,1,2021,21:33,3,13,13215,2,3,0,3,LYON (RUE DE),43.3408872225,5.3606866952,21,2,2
202100026751,153Â 905,B01,1,1,1,5,2,-1,-1,0,0,-1,2021,64.0,2,1,0,2,1,1,5,,7,,-1,,-1,2,0,1,0,693,1,,4,1,0,1,50,29,7,2021,09:15,1,34,34027,2,6,0,3,Route de Saint Genies des Mourgues,43.7214231332,4.0225614369,9,2,2
202100037999,133Â 740,B01,1,1,2,1,8,0,-1,-1, -1,-1,2021,23.0,1,1,0,2,3,26,3,,4,GARE PLACE,0,,-1,2,0,1,1,0,1,, -1,1,0,1,50,27,5,2021,08:51,1,49,49007,2,1,0,3,GARE PLACE,47.465,-0.55717,8,2,2
202100016757,171Â 672,B01,1,1,2,1,1,0,-1,-1, -1,-1,2021,49.0,1,2,0,2,4,23,1,,1,A507 sens Marseille - Aubagne,0,,1,3,0,1,1,429,1,, -1,1,1,1,70,20,9,2021,08:27,1,13,13055,1,1,0,4,A507 sens Marseille - Aubagne,43.33216,5.38634,8,3,3
202100055024,103Â 457,B01,1,1,1,1,1,0,-1,-1, -1,-1,2021,60.0,2,4,0,2,1,1,1,,3,R.N.80,0,,2,3,0,1,44,375,1,, -1,2,5,1,80,14,1,2021,09:25,1,71,71540,1,3,1,3,R.N.80,46.76653,4.44431,9,2,2
202100014072,176Â 545,A01,2,2,2,5,1,-1,-1,0,0,-1,2021,29.0,2,2,0,2,7,6,1,,2,113,-1,,2,3,0,1,14,800,1,, -1,1,0,1,50,8,10,2021,04:20,3,34,34022,2,1,0,3,N113,43.65503,4.001507,4,3,2
202100031154,146Â 045,A01,1,1,2,5,1,-1,-1,0,0,-1,2021,71.0,3,2,3,0,1,0,1,,4,GUILLOUARD (PLACE),0,,1,2,0,1,1,0,2,, -1,1,9,3,50,2,7,2021,11:50,1,14,14118,2,9,0,6,Place Louis Guillouard,49.181,-0.3698,11,1,1
202100030588,147Â 081,B01,1,1,1,1,1,0,-1,-1, -1,-1,2021,61.0,2,2,0,2,3,2,1,,2,ROUTE NATIONALE 20 (VOIE RAPIDE),0,,3,4,0,1,21,594,1,, -1,1,0,1,110,5,7,2021,00:55,3,9,9225,1,1,0,2,ROUTE NATIONALE 20 (VOIE RAPIDE),43.100928,1.633015,0,2,2
202100034503,140Â 052,A01,1,1,2,0,1,-1,-1,0,0,-1,2021,71.0,1,2,0,0,9,1,1,,3,949,2,,3,2,0,1,36,668,1,, -1,1,0,3,-1,15,6,2021,15:50,1,85,85051,1,1,0,6,Croisee du Gros Caillou,46.66562,-1.09545,15,1,1
202100016829,171Â 542,B01,1,1,1,5,2,6,-1,-1, -1,-1,2021,56.0,3,1,0,2,1,1,1,,4,LIEU DIT LA COUTANCIERE,0,,2,2,0,1,1,0,3,, -1,1,0,1,50,25,9,2021,08:45,1,85,85191,1,1,0,1,LIEU DIT LA COUTANCIERE,46.70544,-1.42514,8,2,2
202100035892,137Â 531,B01,1,1,1,0,8,-1,-1,0,0,-1,2021,53.0,3,1,0,2,1,1,5,,4,SEPTEMBRE (RUE DU IV),0,,2,2,0,1,(1),(1),1,, -1,1,0,1,50,19,4,2021,07:50,1,65,65440,2,6,0,3,FERRE (PLACE),43.22845,0.07583,7,2,2
202100053747,105Â 667,B01,1,1,2,1,2,6,-1,0,0,-1,2021,31.0,1,1,0,2,1,1,3,,4,BOULEVARD AUGUSTE BLANQUI,0,,3,3,0,1,(1),(1),1,, -1,1,0,1,50,25,1,2021,19:22,5,75,75113,2,2,0,3,BOULEVARD AUGUSTE BLANQUI,48.831102,2.344242,19,2,2
202100054600,104Â 186,A01,2,2,2,3,0,-1,-1,0,0,-1,2021,52.0,2,2,0,2,1,13,1,,3,GUESDE JULES,0,,2,2,0,1,18,125,1,, -1,1,0,1,50,15,1,2021,23:00,5,12,12013,2,1,0,1,Rue Jules Guesde,44.5276,2.2622,23,5,2
202100028652,150Â 498,A01,10,3,1,9,0,-1,-1,9,9,1,2021,86.0,2,2,6,0,1,26,1,,4,RUE DES MOUETTES,0,,2,2,0,1,(1),(1),2,, -1,1,0,8,50,16,7,2021,04:30,5,31,31555,2,1,0,6,RUE DES MOUETTES,43.57658,1.44019,4,2,1
202100018850,167Â 950,B01,1,1,1,1,2,-1,-1,0,0,-1,2021,39.0,2,1,0,2,1,1,1,,3,RD357,0,,2,2,0,2,54,0,1,, -1,1,0,1,90,16,9,2021,17:45,1,72,72096,1,3,0,1,"RD 357, PR 54",48.021621,0.01929,17,2,2
202100038271,133Â 237,A01,1,1,1,5,1,5,-1,0,0,-1,2021,74.0,1,2,10,0,1,13,1,,3,120,-1,D,2,2,0,1,(1),(1),1,, -1,1,0,3,80,25,5,2021,15:00,1,7,7108,1,1,0,6,D 120,44.923381,4.400443,15,1,1
202100003448,195Â 593,A01,1,1,1,9,2,0,-1,-1, -1,-1,2021,25.0,2,1,0,0,0,1,1,,4,R GASTON CORNAVIN ,0,,1,1,0,2,1,0,1,, -1,1,0,1,50,11,12,2021,01:30,5,94,94041,2,1,0,7,Rue Gaston Cornavin,48.8102851744,2.3821191786,1,1,1
202100009956,183Â 902,A01,1,1,1,5,1,-1,-1,0,0,-1,2021,38.0,1,2,13,0,2,1,1,,3,274,0,,2,2,0,1,3,100,1,, -1,2,0,3,80,2,11,2021,08:00,1,47,47217,1,1,1,7,Naudou,44.192607,0.771628,8,1,1
202100002578,197Â 177,A01,1,1,1,4,2,-1,-1,-1, -1,-1,2021,34.0,1,1,0,0,8,26,0,,4,OBSERVANCE (DE L')                  (MO),0,,2,2,0,2,(1),(1),2,, -1,2,0,8,50,16,12,2021,21:00,5,69,69389,2,1,0,7,OBSERVANCE (DE L') (MO),45.76721,4.81158,21,1,1
202100013475,177Â 650,B01,1,1,1,0,2,-1,-1,0,0,-1,2021,65.0,1,1,0,2,1,0,5,,7,941,0,M,2,2,1,1,(1),(1),1,, -1,1,5,1,50,14,10,2021,17:39,2,59,59602,2,2,0,3,Rue Nationale,50.609392,3.180177,17,2,2
202100010744,182Â 525,B01,1,1,1,4,2,0,-1,-1, -1,-1,2021,37.0,2,1,0,2,5,15,1,,3,GEORGES GOSNAT (AV),0,,2,3,3,1,1,0,1,, -1,1,0,1,50,27,10,2021,20:15,5,94,94041,2,3,0,2,Avenue Georges Gosnat,48.813278,2.388466,20,2,2
202100032322,143Â 983,A01,10,3,2,3,0,-1,-1,4,3,1,2021,53.0,2,1,0,1,1,1,5,,4,RUE DE TOLBIAC,0,,2,3,0,1,(1),(1),1,, -1,1,0,1,50,25,6,2021,17:40,1,75,75113,2,2,0,6,RUE DE TOLBIAC,48.825709,2.348406,17,2,1
202100025109,156Â 770,B01,2,2,1,5,1,0,-1,-1, -1,-1,2021,25.0,1,2,0,2,8,10,2,,3,D 922,0,,-1,2,0,1,6,315,1,, -1,1,0,1,80,7,8,2021,06:30,2,78,78638,1,9,0,5,D 922,49.018993,1.980475,6,11,3
202100037191,135Â 205,B01,1,1,2,1,2,0,-1,-1, -1,-1,2021,28.0,2,0,0,2,1,1,6,,4,LYCEE DE LA COUDOULIERE (AVENUE DU),0,,1,2,1,1,0,0,2,, -1,1,5,1,50,27,5,2021,10:00,1,83,83129,2,6,1,6,LYCEE DE LA COUDOULIERE (AVENUE DU),43.0942651398,5.8234977722,10,2,2
202100045756,119Â 963,A01,1,1,1,5,2,6,-1,-1, -1,-1,2021,62.0,1,1,12,0,1,14,5,,3,CORMONTREUIL (CHAUSSEE DE),0,,2,2,0,1,1,340,3,, -1,1,0,1,50,31,3,2021,17:40,1,51,51454,2,1,1,6,Route de Cormontreuil,49.2302798631,4.0506988764,17,1,1
202100003244,195Â 967,B01,1,1,1,5,1,-1,-1,-1, -1,-1,2021,61.0,1,2,0,2,2,1,1,,4,EMILE ZOLA                          (R ),0,,2,3,2,1,(1),(1),1,, -1,1,0,1,50,12,12,2021,13:15,1,69,69275,2,3,0,3,EMILE ZOLA (R),45.76343,4.94064,13,2,2
202100017332,170Â 670,A01,2,2,2,5,1,-1,-1,0,0,-1,2021,15.0,1,2,6,0,1,1,1,,3,8,-1,,2,2,0,2,9,300,1,, -1,1,0,4,50,25,9,2021,00:40,3,29,29022,2,1,0,6,Rue AndrÃ© Antoine,48.272233,-4.603894,0,3,1
202100020974,164Â 178,B01,1,1,2,9,1,8,-1,-1, -1,-1,2021,32.0,2,2,0,2,1,2,1,,1,A507 sens Aubagne- Marseille,0,,3,2,0,1,0,899,1,, -1,1,0,1,70,3,9,2021,11:50,1,13,13055,1,1,0,4,A507 sens Aubagne- Marseille,43.338,5.378,11,3,3
202100046527,118Â 618,A01,1,1,1,5,8,0,-1,-1, -1,-1,2021,20.0,3,1,0,0,0,1,3,,3,QUAI LIGNY,0,,2,4,0,1,1,0,1,, -1,1,0,1,50,26,3,2021,05:50,5,49,49007,2,1,0,7,QUAI LIGNY,47.47058,-0.5615,5,1,1
202100036113,137Â 130,B01,2,2,1,9,2,6,-1,-1, -1,-1,2021,58.0,2,1,0,2,2,1,1,,3,908,0,,2,2,0,1,0,0,1,, -1,1,9,1,50,6,6,2021,12:10,1,92,92026,2,1,0,3,VERDUN (DE 62 A FIN),48.9042853895,2.2569863498,12,3,2
202100032712,143Â 296,A01,10,3,1,5,0,-1,-1,1,3,3,2021,13.0,1,2,0,1,2,26,0,,4,PABLO PICASSO (AV),0,,2,2,0,1,0,0,1,, -1,1,0,1,50,23,6,2021,20:30,1,94,94033,2,1,0,6,PABLO PICASSO (AV),48.8562,2.486,20,2,1
202100004485,193Â 751,A01,1,1,2,5,1,-1,-1,-1,0,-1,2021,22.0,1,2,3,0,1,1,1,,2,RN 184,0,,3,4,0,1,3,99,1,, -1,2,0,2,90,5,12,2021,22:30,3,95,95572,1,1,1,6,RN 184,49.03428,2.11282,22,1,1
202100051241,110Â 091,A01,10,3,2,5,0,-1,-1,9,9,2,2021,75.0,3,5,0,1,4,4,1,,6,,0,,-1,-1,0,1,(1),(1),1,, -1,1,0,8,30,17,2,2021,15:15,1,34,34299,2,9,0,6,Parking de la MaÃ¯re,43.268181,3.339951,15,2,1
202100017662,170Â 052,A01,10,3,2,0,0,-1,-1,2,3,1,2021,75.0,3,2,0,1,1,1,1,,4,THOREZ MAURICE (avenue),0,,2,2,0,1,0,0,1,, -1,1,0,1,50,20,9,2021,11:50,1,13,13077,2,1,0,6,THOREZ MAURICE (avenue),43.40267,4.98045,11,2,1
202100011313,181Â 517,A01,1,1,1,1,2,6,-1,0,0,-1,2021,37.0,2,1,0,2,3,17,1,,3,1205,0,D,2,2,0,1,10,100,1,, -1,1,0,1,50,25,10,2021,07:30,2,74,74197,2,1,0,3,Route d Annemasse,46.154263,6.305294,7,2,2
202100024480,157Â 908,A01,1,1,1,1,1,-1,-1,-1, -1,-1,2021,31.0,2,2,0,2,0,0,1,,1,AUTOROUTE A 63,0,,3,4,0,1,3,200,1,, -1,1,0,1,110,13,8,2021,08:10,1,33,33090,1,1,0,2,,44.77096,-0.660456,8,2,2
202100018171,169Â 130,A01,1,1,2,9,1,0,-1,0,0,-1,2021,48.0,3,2,1,0,2,13,1,,4,AVENUE CARTELLIER,0,,1,3,0,1,(1),(1),1,, -1,1,0,1,50,17,9,2021,13:30,1,75,75120,2,4,0,6,AVENUE CARTELLIER,48.864521,2.412609,13,1,1
202100015588,173Â 817,B01,2,2,2,5,1,-1,-1,-1, -1,-1,2021,28.0,2,2,0,2,1,2,1,,4,RUE LUCIEN FAURE,0,,3,8,0,1,(1),(1),1,, -1,1,0,1,50,2,10,2021,01:00,5,33,33063,2,9,0,3,RUE LUCIEN FAURE,44.86199,-0.55599,1,5,2
202100019901,166Â 058,A01,1,1,1,4,1,0,-1,0,0,-1,2021,32.0,0,2,0,2,2,5,1,,4,PLACE SAINT AUGUSTIN,0,,2,4,0,1,(1),(1),1,, -1,1,0,1,30,7,9,2021,11:20,1,75,75108,2,7,0,3,PLACE SAINT AUGUSTIN,48.874825,2.319843,11,3,2
202100015727,173Â 554,Z01,10,3,1,5,0,-1,-1,6,A,1,2021,32.0,2,2,0,1,0,1,0,,1,AUTOROUTE A15,0,,3,8,0,1,20,555,1,, -1,2,0,2,110,1,10,2021,22:00,3,95,95572,1,1,1,6, A15,49.02875,2.12722,22,2,1
202100001679,198Â 795,B01,1,1,2,5,1,-1,-1,-1,0,-1,2021,29.0,1,2,0,2,1,1,1,,1,AUTOROUTE A115,0,,3,4,0,1,1,200,1,, -1,1,0,1,90,23,12,2021,00:00,3,95,95582,1,1,0,4,A115,48.9827894302,2.2412216663,0,4,3
202100007632,188Â 103,B01,1,1,2,5,1,0,-1,0,0,-1,2021,36.0,3,2,0,2,2,1,1,,4,ALPES RUE DES,0,,1,1,1,1,(1),(1),1,, -1,1,0,1,50,17,11,2021,00:00,5,26,26362,2,2,0,3,Rue des Alpes,44.9291279,4.896447,0,3,2
202100040808,128Â 677,A01,1,1,1,5,0,-1,-1,0,0,-1,2021,18.0,1,1,0,2,1,5,1,,4,,-1,,1,1,0,1,(1),(1),1,,3,1,0,8,50,8,5,2021,17:25,1,3,3138,2,3,0,1,Rue Marcel Deborbe,46.248706,3.622286,17,2,2
202100036732,136Â 053,A01,1,1,1,4,1,-1,-1,0,0,-1,2021,42.0,2,5,6,0,1,1,1,,3,D,0,,2,2,0,2,96,110,1,, -1,2,0,1,70,3,6,2021,21:10,3,33,33051,1,1,1,6,,44.659023,-0.989097,21,1,1
202100000495,200Â 819,A01,1,1,1,0,2,-1,-1,-1, -1,-1,2021,53.0,0,1,0,2,8,19,5,,4,LAFAYETTE ( COURS),0,,3,5,0,1,0,0,1,, -1,1,0,1,50,16,10,2021,19:30,5,76,76351,2,1,0,1,LAFAYETTE ( COURS),49.491761,0.1252,19,2,2
202100033416,142Â 040,A01,2,2,2,0,8,0,-1,-1, -1,-1,2021,16.0,0,2,0,2,3,2,1,,4,PEYPIN (RUE DE),0,,2,4,0,1,0,0,1,, -1,1,0,1,50,19,6,2021,14:20,1,13,13213,2,1,0,2,PEYPIN (RUE DE),43.3265644744,5.4210460026,14,4,2
202100017258,170Â 801,A01,1,1,1,5,1,-1,-1,0,0,-1,2021,90.0,2,2,13,0,3,1,1,,3,D951,-1,A,2,2,0,1,1,300,3,, -1,2,0,3,80,26,9,2021,00:40,3,36,36087,1,1,1,6,,46.599792,0.971603,0,1,1
202100053501,106Â 081,A01,10,3,2,0,0,-1,-1,2,3,1,2021,20.0,3,2,0,1,1,15,1,,4,COLONEL MOLL (RUE DU),0,,2,2,0,1,1,0,1,, -1,1,0,1,50,27,1,2021,13:45,1,93,93005,2,2,0,6,COLONEL MOLL (RUE DU),48.9354797313,2.4959145908,13,2,1