Num_Acc,id_vehicule,num_veh,place,catu,sexe,trajet,secu1,secu2,secu3,locp,actp,etatp,year_acc,victim_age,senc,catv,obs,obsm,choc,manv,motor,occutc,catr,voie,v1,v2,circ,nbv,vosp,prof,pr,pr1,plan,lartpc,larrout,surf,infra,situ,vma,jour,mois,an,hrmn,lum,dep,com,agg_,int,atm,col,adr,lat,long,hour,nb_victim,nb_vehicules
202100049099,113Â 990,A01,10,3,2,0,0,-1,-1,3,3,1,2021,57.0,3,2,0,1,1,1,1,,4,,0,,2,2,0,1,(1),(1),1,, -1,1,0,1,50,15,1,2021,18:20,2,34,34301,2,1,0,6,MOULINS (QUAI DES),43.4089,3.7031,18,2,1
202100021824,162Â 615,A01,1,1,1,5,2,8,-1,-1, -1,-1,2021,19.0,1,1,0,2,1,1,1,,1,PIERRE DE COUBERTIN PROLONGE,0,,2,5,0,1,8,0,1,, -1,1,3,1,50,29,8,2021,00:10,5,92,92036,2,2,0,3,PIERRE DE COUBERTIN PROLONGE,48.9343125398,2.2811490297,0,2,2
202100002198,197Â 864,A01,2,2,2,5,1,-1,-1,0,0,-1,2021,83.0,2,2,3,0,1,1,1,,7,17,0,D,2,2,0,1,55,900,2,, -1,1,2,8,80,19,12,2021,15:00,1,13,13009,1,1,0,6,D17,43.596632,5.232947,15,2,1
202100009792,184Â 189,B01,1,1,1,0,2,0,-1,-1, -1,-1,2021,27.0,2,1,0,2,1,1,1,,4,ROMAIN ROLLAND (BOULEVARD),0,,2,2,0,1,0,0,1,, -1,1,0,1,50,1,11,2021,16:45,1,13,13210,2,1,0,1,ROMAIN ROLLAND (BOULEVARD),43.274426019,5.4150206037,16,2,2
202100013911,176Â 837,A01,1,1,1,0,2,6,-1,-1, -1,-1,2021,32.0,1,1,12,0,1,1,1,,3,7,0,,1,2,0,1,0,0,1,, -1,1,2,1,70,11,10,2021,12:50,1,92,92026,2,1,0,7,MARECHAL JOFFRE (QUAI DU),48.8990651614,2.2706079483,12,1,1
202100053735,105Â 692,A01,10,3,2,3,0,-1,-1,3,3,1,2021,82.0,1,2,0,1,8,16,1,,4,,0,,2,2,0,1,(1),(1),1,, -1,2,0,1,50,25,1,2021,10:00,1,45,45302,2,6,1,6,1038 Rue des SablonniÃ¨res,47.936333,1.884624,10,2,1
202100018150,169Â 170,A01,10,3,2,2,0,-1,-1,3,3,1,2021,16.0,3,2,0,1,1,2,1,,4,FORESTOU (PONT),0,,1,1,0,2,(1),(1),1,, -1,1,0,1,50,17,9,2021,07:54,2,29,29019,2,9,0,6,Pont du Forestou,48.3899918031,-4.471175611,7,2,1
202100015381,174Â 215,B01,1,1,1,5,2,6,9,0,0,-1,2021,23.0,1,1,0,2,7,9,1,,3,42,0,D,2,2,0,2,12,500,3,, -1,1,9,1,50,4,10,2021,12:35,1,62,62042,2,6,0,3,Rue de Fampoux,50.303571,2.837048,12,2,2
202100053655,105Â 825,B01,1,1,1,0,1,-1,-1,0,0,-1,2021,62.0,0,2,0,2,1,1,1,,3,936,0,D,2,2,0,2,1,250,2,, -1,7,0,1,50,26,1,2021,09:15,1,80,80126,2,1,0,1,28 Rue d'Abbeville,49.93591,1.633257,9,3,2
202100007252,188Â 792,A01,1,1,1,1,2,0,-1,-1, -1,-1,2021,56.0,3,1,0,0,1,1,1,,4,CAPUCINS (LEVEE DES),0,,-1,1,0,1,(1),(1),1,, -1,6,1,1,20,18,11,2021,17:05,2,45,45286,1,1,0,7,Levee des Capucins,47.8932976639,1.9225494862,17,1,1
202100041451,127Â 513,A01,7,2,1,5,1,-1,-1,0,0,-1,2021,17.0,0,2,13,0,9,16,1,,3,528,-1,,2,2,0,1,(1),(1),3,, -1,1,0,8,70,12,4,2021,16:30,1,38,38175,1,1,0,6,D528,45.2569650647,5.916159153,16,2,1
202100039514,130Â 972,A01,1,1,2,0,8,-1,-1,0,0,-1,2021,31.0,2,2,13,0,0,1,1,,3,114,-1,,2,2,0,1,18,400,2,, -1,1,0,3,80,14,5,2021,12:10,1,17,17127,1,1,0,6,D114,46.239992,-0.796734,12,1,1
202100000691,200Â 477,A01,2,2,2,3,8,0,-1,-1, -1,-1,2021,8.0,0,2,0,0,9,1,1,,7,D.51,0,,2,2,0,1,1,100,4,, -1,2,0,3,80,1,5,2021,12:15,1,13,13098,1,1,1,6,D.51,43.4613635879,4.9946497378,12,4,1
202100040498,129Â 218,A01,1,1,2,1,2,6,-1,0,0,-1,2021,31.0,2,1,0,2,7,3,1,,4,PORTE DE SEVRES,0,,1,3,0,1,9,200,1,, -1,1,0,1,70,10,5,2021,18:35,1,75,75115,2,1,0,3,PORTE DE SEVRES,48.833786,2.277052,18,2,2
202100053628,105Â 866,B01,1,1,1,2,8,0,-1,0,0,-1,2021,17.0,2,1,0,2,8,1,5,,4,BOULEVARD VOLTAIRE,0,,2,2,1,1,(1),(1),1,, -1,1,-1,5,50,26,1,2021,08:10,2,75,75111,2,2,0,3,BOULEVARD VOLTAIRE,48.862132,2.372856,8,2,2
202100016432,172Â 263,A01,1,1,1,1,2,6,-1,-1, -1,-1,2021,25.0,2,1,0,2,1,3,1,,2,RN104,0,,1,2,0,1,6,600,1,, -1,1,0,1,90,28,9,2021,18:30,1,77,77373,1,1,0,3,RN104,48.77326,2.61318,18,2,2
202100014269,176Â 193,A01,1,1,1,0,2,6,-1,0,0,-1,2021,46.0,2,1,0,0,0,0,1,,3,43,0,D,3,2,0,1,35,0,2,, -1,1,0,3,50,9,10,2021,19:00,2,87,87051,1,1,0,7,D43,45.62242,1.585529,19,1,1
202100027760,152Â 088,B01,2,2,1,9,1,8,-1,0,0,-1,2021,19.0,2,2,0,2,3,1,1,,4,RUE GEORGE SAND,0,,1,1,0,1,(1),(1),1,, -1,1,0,1,50,21,7,2021,00:50,5,75,75116,2,2,0,3,RUE GEORGE SAND,48.849101,2.269374,0,3,2
202100024073,158Â 625,A01,1,1,1,5,2,6,9,0,0,-1,2021,50.0,1,1,13,0,0,1,1,,3,989,0,,2,2,0,2,34,100,2,, -1,1,0,3,80,14,8,2021,15:15,1,8,8214,1,1,0,7,D 989,50.005643,4.796305,15,1,1
202100006808,189Â 608,A01,1,1,1,5,2,6,-1,-1, -1,-1,2021,41.0,2,1,0,2,1,21,1,,1,A86 EXT,0,,2,4,0,1,36,599,1,, -1,1,0,1,90,23,11,2021,15:10,1,94,94046,1,1,0,3,A86 EXT,48.8108,2.44937,15,2,2
202100005924,191Â 202,B01,1,1,2,3,8,0,-1,-1, -1,-1,2021,25.0,1,0,0,2,3,16,3,,4,BLUM  (AVENUE LEON),0,,2,2,1,1,(1),(1),1,, -1,2,0,1,50,26,11,2021,11:25,1,59,59017,2,3,0,3,BLUM  (AVENUE LEON),50.6975950188,2.8876546923,11,2,2
202100032930,142Â 899,A01,10,3,1,0,0,-1,-1,4,3,1,2021,85.0,2,1,0,1,2,17,1,,3,JEAN LOLIVE (AVENUE)(1/55 2/60),0,,2,2,0,1,0,1,1,, -1,2,0,1,50,22,6,2021,10:55,1,93,93055,2,3,1,6,JEAN LOLIVE (AVENUE)(1/55 2/60),48.8909642485,2.401419282,10,2,1
202100011193,181Â 724,B01,1,1,2,9,1,0,-1,-1, -1,-1,2021,26.0,2,2,0,2,1,1,1,,3,RTE D ORLEANS RN 20,0,,3,4,0,1,0,0,1,, -1,1,5,1,50,24,10,2021,07:13,5,91,91425,2,2,0,1,RTE D ORLEANS RN 20,48.64045,2.26842,7,4,2
202100009098,185Â 445,B01,1,1,2,5,8,0,-1,-1, -1,-1,2021,53.0,3,1,0,2,8,1,5,,4,CARRIEU (RUE MARIUS),0,,2,2,0,2,(1),(1),2,, -1,1,0,1,50,6,11,2021,11:00,1,34,34172,2,2,0,3,CARRIEU (RUE MARIUS),43.61632,3.84114,11,2,2
202100026856,153Â 717,B01,1,1,2,5,1,0,-1,0,0,-1,2021,28.0,1,2,0,2,4,23,1,,4,QUAI DE LA MEGISSERIE,0,,1,3,3,1,(1),(1),1,, -1,2,0,1,50,27,7,2021,15:00,1,75,75101,2,3,0,5,QUAI DE LA MEGISSERIE,48.858002,2.344435,15,4,3
202100009523,184Â 688,A01,1,1,1,0,1,-1,-1,0,0,-1,2021,82.0,1,2,13,0,9,1,1,,3,31,0,,2,2,0,1,35,827,1,, -1,2,0,3,80,5,11,2021,08:15,2,85,85051,1,1,1,7,D31,46.67082,-1.017866,8,1,1
202100009222,185Â 229,A01,10,3,1,1,0,-1,-1,4,3,1,2021,21.0,2,2,0,1,2,1,1,,4,LABUSSIERE (AVENUE EMILE),0,,2,2,0,1,0,0,1,, -1,1,0,1,50,4,11,2021,17:15,1,87,87085,2,1,0,6,LABUSSIERE (AVENUE EMILE),45.84111,1.25648,17,2,1
202100022585,161Â 249,A01,1,1,1,0,2,8,-1,-1, -1,-1,2021,61.0,1,1,0,2,2,15,1,,4,POUDRIERE(RUE DE LA),0,,2,2,0,1,0,0,1,, -1,1,0,1,30,24,8,2021,18:14,5,974,97416,2,1,0,3,POUDRIERE(RUE DE LA),-21.3339,55.4569,18,2,2
202100028917,150Â 040,A01,1,1,2,1,1,5,-1,0,0,-1,2021,28.0,1,2,2,0,1,0,1,,3,2202,-1,,2,2,0,1,35,263,2,, -1,2,0,3,80,15,7,2021,19:35,1,6,6071,1,1,0,6,D2202 PR35+200,44.069303,6.854718,19,1,1
202100012795,178Â 848,B01,1,1,2,0,1,0,-1,-1, -1,-1,2021,24.0,1,2,1,2,2,21,1,,1,AUTOROUTE A3,0,,1,4,0,1,0,899,1,, -1,1,1,1,90,17,10,2021,06:15,3,93,93006,1,1,0,4,AUTOROUTE A3,48.86657,2.42461,6,4,4
202100035119,138Â 930,A01,1,1,1,5,2,-1,-1,0,0,-1,2021,21.0,2,1,0,2,1,11,1,,3,D1,0,,2,2,0,1,17,50,2,, -1,1,0,1,80,11,6,2021,22:15,3,63,63457,1,1,0,3,DÃ©partementale 1,45.6607884394,3.2198953826,22,2,2
202100049109,113Â 974,A01,10,3,1,4,0,-1,-1,5,A,1,2021,46.0,2,2,0,1,7,1,1,,4,VIS  RUE,0,,1,1,0,1,(1),(1),1,, -1,1,0,1,50,4,3,2021,08:50,1,29,29232,2,1,0,6,Rue Vis,47.9931,-4.10823,8,2,1
202100021032,164Â 068,B01,1,1,1,0,8,0,-1,-1, -1,-1,2021,51.0,1,1,0,2,0,2,3,,4,DUBOIS(RUE),0,,2,2,0,1,(1),(1),1,, -1,1,0,1,30,3,9,2021,08:38,1,59,59512,2,1,0,3,DUBOIS(RUE),50.6908,3.1695,8,2,2
202100038738,132Â 381,A01,1,1,1,5,1,8,-1,-1, -1,-1,2021,46.0,3,2,0,2,3,15,1,,4,CHARLES DE GAULLE(RUE),0,,1,2,0,2,0,0,2,, -1,2,0,1,50,21,5,2021,20:18,1,91,91692,1,1,0,3,CHARLES DE GAULLE(RUE),48.68452,2.16999,20,3,2
202100009250,185Â 173,A01,10,3,1,5,0,-1,-1,0,3,1,2021,65.0,3,1,0,1,1,16,1,,4,CHATEAUGIRON (DE),0,,2,4,3,1,(1),(1),1,, -1,1,0,1,50,5,11,2021,15:15,1,35,35238,2,9,0,6,CHATEAUGIRON (DE),48.097463,-1.642222,15,2,1
202100002064,198Â 106,A01,1,1,1,1,2,-1,-1,0,0,-1,2021,32.0,2,1,15,0,1,1,1,,3,203,-1,,2,2,0,1,0,680,3,, -1,7,0,3,50,21,12,2021,19:30,5,41,41230,2,1,0,7,31 Rue Jules Berthonneau,47.606122,1.299578,19,1,1
202100012664,179Â 081,A01,2,2,1,5,1,0,-1,-1, -1,-1,2021,37.0,2,2,0,2,7,17,1,,4,HENRI BARBUSSE (RUE),0,,2,2,1,1,0,0,1,, -1,1,0,1,50,17,10,2021,12:30,1,13,13201,2,1,0,3,HENRI BARBUSSE (RUE),43.29859,5.37385,12,3,2
202100038781,132Â 295,B01,1,1,1,4,2,0,-1,0,0,-1,2021,27.0,2,1,0,2,1,1,1,,4,RUE VIEILLE DU TEMPLE,0,,1,1,0,1,(1),(1),1,, -1,2,0,1,30,22,5,2021,20:35,1,75,75103,2,2,0,3,RUE VIEILLE DU TEMPLE,48.859949,2.360773,20,3,2
202100018209,169Â 060,A01,1,1,1,0,8,0,-1,-1, -1,-1,2021,25.0,1,2,4,0,9,14,1,,1,AUTOROUTE A6B,0,,3,-1,0,1,5,99,1,, -1,1,0,1,90,18,9,2021,05:50,3,94,94038,1,1,0,6,AUTOROUTE A6B,48.7723585357,2.3452557802,5,1,1
202100021770,162Â 714,A01,10,3,2,5,0,-1,-1,5,2,1,2021,38.0,1,2,0,1,1,1,1,,4,PIA (TRAVERSE DE),0,,2,2,0,1,0,0,1,, -1,1,0,4,50,27,8,2021,17:05,1,66,66136,2,1,0,6,PIA (TRAVERSE DE),42.70668,2.8925,17,2,1
202100053843,105Â 506,A01,10,3,2,3,0,-1,-1,2,3,1,2021,82.0,1,2,0,1,3,1,1,,4,,0,,3,2,0,1,(1),(1),1,, -1,2,0,1,30,24,1,2021,17:30,2,33,33039,2,1,1,6,Rue Ferdinand Buisson,44.80357,-0.55819,17,2,1
202100008345,186Â 808,B01,1,1,2,9,2,8,-1,-1, -1,-1,2021,55.0,1,1,0,2,1,1,1,,4,SOURCE DE BADUEL (CHEMIN DE LA),0,,2,2,0,1,(1),(1),1,, -1,1,0,1,50,12,11,2021,10:35,1,973,97302,2,3,0,3,SOURCE DE BADUEL (CHEMIN DE LA),4.93216,-52.30933,10,2,2
202100025896,155Â 400,A01,10,3,2,5,0,-1,-1,5,9,1,2021,80.0,3,2,0,1,4,4,1,,9,,0,,1,1,0,1,(1),(1),1,, -1,1,9,4,50,1,8,2021,12:30,1,12,12096,2,7,0,6,Place Saint-Georges,44.520458,2.762032,12,2,1
202100050899,110Â 698,B01,1,1,1,0,8,0,-1,-1,0,-1,2021,45.0,1,1,0,2,1,26,5,,4,INGRAINS (DES),0,,2,2,0,1,(1),(1),1,, -1,1,0,1,50,15,2,2021,16:05,1,36,36044,2,6,0,3,Rue des Ingrains,46.7931492969,1.7113346233,16,2,2
202100050681,111Â 099,A01,1,1,2,9,1,-1,-1,0,0,-1,2021,26.0,1,2,13,0,3,1,1,,3,48,0,D,2,2,0,1,12,250,1,, -1,1,0,3,90,19,2,2021,12:39,1,61,61176,1,1,0,6,Route dÃ©partement D28,48.63773,-0.059214,12,1,1
202100015831,173Â 376,A01,1,1,1,5,2,6,-1,0,0,-1,2021,59.0,3,1,0,0,8,1,1,,4,,0,,2,2,0,2,(1),(1),2,,"5,5",1,0,1,50,2,10,2021,12:39,1,4,4096,1,1,0,7,Route de la Bonette,44.3472,6.78703,12,1,1
202100017085,171Â 090,B01,1,1,1,5,2,6,-1,-1, -1,-1,2021,21.0,1,1,0,2,0,0,0,,3,PONT DE CRETEIL - PONT DE CRETEIL (R DU),0,,1,2,0,1,0,0,1,, -1,1,0,1,50,24,9,2021,19:15,1,94,94068,2,9,0,3,PONT DE CRETEIL - PONT DE CRETEIL (R DU),48.80863,2.47097,19,2,2
202100030132,147Â 917,A01,4,2,1,4,8,0,-1,-1, -1,-1,2021,33.0,2,5,0,2,5,26,1,,2,118,0,,3,4,0,1,3,500,1,, -1,1,8,8,90,7,7,2021,21:25,1,92,92048,1,1,0,2,N118,48.8000383686,2.2159557149,21,4,2
202100038301,133Â 183,A01,1,1,1,5,1,8,-1,-1, -1,-1,2021,40.0,1,2,0,2,1,1,1,,1,TVPCD-Sens Les Ports vers Saint Victor,0,,1,2,0,1,1,129,1,, -1,1,1,1,50,23,5,2021,18:20,1,13,13202,1,1,0,4,TVPCD-Sens Les Ports vers Saint Victor,43.3012163028,5.3642228888,18,3,3
202100032700,143Â 317,B01,1,1,2,5,2,0,-1,0,0,-1,2021,49.0,1,0,0,2,1,1,3,,4,RUE DE L ABBE GROULT,0,,2,2,0,1,(1),(1),1,, -1,1,0,1,30,23,6,2021,20:45,1,75,75115,2,2,0,3,RUE DE L ABBE GROULT,48.83718,2.300139,20,2,2
202100048290,115Â 435,B01,1,1,1,4,1,0,-1,0,0,-1,2021,48.0,3,5,0,2,4,2,1,,4,RUE LOUIS ARMAND,0,,2,0,0,1,(1),(1),1,, -1,2,0,1,50,12,3,2021,02:45,5,75,75115,2,3,0,2,RUE LOUIS ARMAND,48.8327442633,2.2787457705,2,2,2
202100044913,121Â 444,A01,10,3,1,5,0,-1,-1,1,3,3,2021,7.0,1,2,0,1,2,1,1,,3,HUIT MAI 1945 (AVENUE DU),0,,2,2,0,1,3,1300,1,, -1,1,0,1,30,6,4,2021,18:15,1,95,95680,2,9,0,6,HUIT MAI 1945 (AVENUE DU),49.0076449332,2.4015183476,18,3,1
202100030146,147Â 886,A01,1,1,1,5,8,0,-1,-1, -1,-1,2021,8.0,3,1,0,2,1,19,5,,4,POLITZER(AVENUE),0,,-1,1,0,1,0,0,1,, -1,1,0,1,50,7,7,2021,10:45,1,974,97407,2,9,0,3,POLITZER(AVENUE),-20.9454,55.2929,10,2,2
202100015535,173Â 916,A01,1,1,1,0,2,0,-1,-1, -1,-1,2021,33.0,1,1,0,2,1,17,1,,4,14 JUILLET DU,0,,2,0,0,1,0,0,1,, -1,1,0,1,50,1,10,2021,20:25,5,64,64445,2,3,0,3,14 JUILLET DU,43.29215,-0.37825,20,2,2
202100021484,163Â 239,B01,1,1,1,1,2,6,-1,0,0,-1,2021,35.0,1,1,1,2,3,1,1,,4,BOULEVARD VOLTAIRE,0,,2,4,0,1,(1),(1),1,, -1,1,0,1,30,1,9,2021,13:55,1,75,75111,2,3,0,3,BOULEVARD VOLTAIRE,48.866023,2.366329,13,2,2
202100014226,176Â 261,A01,1,1,1,0,1,0,-1,-1, -1,-1,2021,25.0,1,2,1,0,1,1,1,,3,CASANOVA DANIELLE NR 2 A 50 ET 1 A 19,0,,3,2,1,1,0,0,1,, -1,1,0,1,50,9,10,2021,15:50,1,93,93066,2,1,0,2,CASANOVA DANIELLE NR 2 A 50 ET 1 A 19,48.929738,2.358401,15,2,2
202100020692,164Â 642,A01,1,1,1,5,2,-1,-1,-1, -1,-1,2021,28.0,1,1,15,0,1,14,1,,4,QUAI DE PALUDATE,0,,3,3,0,1,(1),(1),3,, -1,1,0,3,50,6,9,2021,02:45,5,33,33063,2,2,0,6,Quai de Paludate,44.8294,-0.555083,2,1,1
202100050952,110Â 603,A01,10,3,1,1,0,-1,-1,4,3,1,2021,33.0,1,1,0,1,1,1,1,,3,VICTOR HUGO (AVE)  => NÂ° 129,0,,2,2,0,1,0,1,1,, -1,2,0,1,50,19,2,2021,09:35,2,93,93001,2,1,1,6,VICTOR HUGO (AVE)  => NÂ° 129,48.9092280133,2.3783249296,9,2,1
202100040694,128Â 886,A01,1,1,1,2,1,-1,-1,0,0,-1,2021,20.0,2,2,0,2,3,13,1,,3,67,-1,,2,2,0,2,33,400,1,, -1,2,0,1,80,10,5,2021,12:00,1,70,70279,1,1,1,1,D67,47.428777,5.608081,12,3,2
202100007530,188Â 290,B01,3,2,2,4,1,-1,-1,0,0,-1,2021,53.0,0,2,0,2,4,23,1,,3,155,-1,,2,2,0,1,31,80,1,, -1,1,0,1,50,16,11,2021,07:50,2,27,27299,2,1,0,4,118 avenue aristide briand,49.047879,1.163129,7,4,3
202100009086,185Â 465,A01,10,3,2,9,0,-1,-1,3,3,1,2021,70.0,1,2,0,1,2,1,0,,4,JEAN MOULIN (AVENUE),0,,2,-1,0,1,(1),(1),1,, -1,1,0,1,50,6,11,2021,20:00,5,60,60057,2,2,0,7,Avenue Jean Moulin,49.43451,2.1057,20,2,1
202100055159,103Â 221,B01,1,1,1,1,1,8,-1,-1, -1,-1,2021,29.0,3,2,0,2,3,1,1,,4,AQUITAINE (AVENUE D'),0,,2,2,0,1,(1),(1),1,, -1,1,0,1,50,13,1,2021,06:05,5,85,85194,2,2,0,3,Avenue dâAquitaine,46.49463,-1.76641,6,2,2
202100023886,158Â 937,A01,1,1,2,5,1,9,-1,-1, -1,-1,2021,23.0,2,2,2,0,1,1,1,,4,,0,,1,3,0,1,(1),(1),2,, -1,2,0,8,50,16,8,2021,15:20,1,45,45234,2,1,1,6,Square Charles PÃ©guy,47.9008075328,1.9195048186,15,2,1
202100002229,197Â 804,A01,1,1,1,5,2,0,-1,-1, -1,-1,2021,19.0,3,1,8,0,8,13,1,,4,FAVALE - COURS,0,,2,2,0,2,1,0,1,, -1,1,0,1,50,19,12,2021,01:20,5,202,202033,2,1,0,6,FAVALE - COURS,42.69362,9.45054,1,1,1
202100023019,160Â 483,A01,1,1,1,5,8,-1,-1,-1,0,-1,2021,22.0,1,0,0,0,1,1,3,,3,RUE CLAUDE MONET,0,,2,2,0,1,7,100,1,, -1,2,0,1,30,26,7,2021,12:33,1,95,95268,2,1,1,3,RD 125,48.9745177025,2.3986029625,12,2,2
202100025884,155Â 418,A01,2,2,1,0,1,0,-1,-1, -1,-1,2021,27.0,1,2,0,2,7,1,0,,3,DROITS DE LHOMME (CARREFOUR DES),0,,1,2,0,1,0,1,1,, -1,1,5,1,50,1,8,2021,14:15,1,93,93005,2,9,0,3,Rdpt des Droits de l'Homme,48.9300788743,2.4811875056,14,3,2
202100050568,111Â 299,B01,1,1,1,0,2,8,-1,-1, -1,-1,2021,35.0,0,1,0,2,1,1,1,,4,GRAVILLE (BD DE),0,,2,2,0,1,(1),(1),1,, -1,1,0,1,50,20,2,2021,17:30,1,76,76351,2,3,0,3,GRAVILLE (BD DE),49.49517,0.14973,17,2,2
202100051657,109Â 356,A01,1,1,2,5,1,8,-1,-1, -1,-1,2021,54.0,2,2,2,0,3,13,1,,3,FRANCE BOULEVARD ANATOLE ),0,,3,2,0,1,1,0,1,, -1,1,0,1,50,12,2,2021,09:35,1,90,90010,2,1,0,6,FRANCE BOULEVARD ANATOLE ),47.64091,6.848,9,1,1
202100048028,115Â 894,B01,1,1,1,3,1,0,-1,-1, -1,-1,2021,56.0,1,2,0,2,6,15,1,,3,RTE N570 AVIGNON STES MARIES,0,,2,2,0,1,30,600,1,, -1,1,0,1,80,13,3,2021,16:30,1,13,13004,1,1,0,2,RTE N570 AVIGNON STES MARIES,43.71507,4.64346,16,3,2
202100001597,198Â 952,B01,1,1,2,5,1,0,-1,-1, -1,-1,2021,39.0,1,2,0,2,0,0,1,,4,GASNIER AVENUE,0,,2,2,0,1,1,0,1,, -1,1,0,1,50,18,12,2021,23:38,5,49,49007,2,1,0,6,GASNIER AVENUE,47.48682,-0.57302,23,5,2
202100013736,177Â 155,A01,4,2,2,1,1,-1,-1,0,0,-1,2021,56.0,0,2,6,0,4,4,1,,3,134,0,,2,2,0,1,0,500,1,, -1,1,0,3,50,30,9,2021,14:00,1,28,28358,2,1,0,2,D134.12,48.490764,1.538193,14,4,1
202100025476,156Â 128,A01,10,3,2,5,0,-1,-1,3,3,1,2021,39.0,2,2,0,1,4,2,1,,4,BOULEVARD SAINT GERMAIN,0,,1,3,0,1,(1),(1),1,, -1,1,6,1,50,5,8,2021,18:05,1,75,75105,2,2,0,6,BOULEVARD SAINT GERMAIN,48.849503,2.352854,18,3,2
202100009603,184Â 542,A01,1,1,1,5,1,0,-1,-1, -1,-1,2021,22.0,2,2,1,0,1,13,1,,4,PAREUSES DES (+ CITE),0,,2,2,0,2,(1),(1),1,, -1,1,0,1,50,31,10,2021,19:45,5,25,25462,2,1,0,6,PAREUSES DES (+ CITE),46.90622,6.36215,19,1,1
202100020051,165Â 786,B01,1,1,1,5,1,-1,-1,-1,0,-1,2021,21.0,3,2,0,2,5,2,1,,4,PERI (AVENUE GABRIEL ),0,,2,4,0,1,(1),(1),1,, -1,2,5,1,30,8,9,2021,23:30,5,95,95585,2,1,1,3,PERI (AVENUE GABRIEL ),49.0027143369,2.3734921217,23,3,2
202100055175,103Â 191,B01,2,2,1,1,1,-1,-1,-1, -1,-1,2021,37.0,1,2,0,2,3,2,1,,3,LAON (AVENUE) DU NÂ° 2 A 60 (PAIR),0,,2,2,3,1,16,850,1,, -1,2,5,1,50,13,1,2021,17:34,3,51,51454,2,5,1,3,Avenue de Laon,49.2652400849,4.0263016345,17,3,2
202100038792,132Â 274,A01,10,3,2,9,0,-1,-1,3,3,1,2021,64.0,1,2,0,1,3,2,1,,3,HENRI BARBUSSE (AVE) NÂ°2-124,0,,2,2,0,1,0,1,1,, -1,1,0,8,50,22,5,2021,12:20,1,93,93029,2,3,0,6,Avenue Henri Barbusse / Rue du 8 Mai 1945,48.918502,2.448676,12,2,1
202100004999,192Â 853,B01,1,1,2,5,1,-1,-1,-1, -1,-1,2021,21.0,2,2,0,2,4,1,1,,1,A50,0,,3,6,0,1,64,900,1,, -1,1,0,1,110,2,12,2021,22:30,3,83,83090,1,1,0,2,A50,43.1203237523,5.8654546738,22,2,2
202100021616,162Â 994,B01,1,1,1,0,8,-1,-1,0,0,-1,2021,36.0,1,1,0,2,1,2,1,,3,BRIENNON (RT DE),0,,2,2,0,1,10,150,1,, -1,1,0,1,80,31,8,2021,13:37,1,42,42127,1,1,0,3,Route de Briennon,46.10267,4.07726,13,2,2
202100012339,179Â 679,B01,1,1,1,9,0,-1,-1,0,0,-1,2021,25.0,1,1,0,0,8,1,3,,4,246,-1,,-1,2,0,1,(1),(1),1,, -1,1,0,1,50,17,10,2021,22:15,5,33,33056,2,1,0,3,Avenue du GÃ©nÃ©ral de Gaulle,44.931842,-0.634627,22,2,2
202100021371,163Â 448,A01,2,2,2,4,1,-1,-1,0,0,-1,2021,59.0,2,2,4,0,0,1,1,,1,9,-1,A,3,3,0,2,124,300,1,, -1,1,0,2,130,2,9,2021,17:39,1,34,34213,1,1,0,6,PK 124+200,43.479578,3.666161,17,2,1
202100055962,101Â 855,A01,2,2,1,0,8,0,-1,-1, -1,-1,2021,18.0,2,5,14,0,1,0,0,,3,GALLIENI (AV.) CONFORAMA 53,0,,1,4,0,1,0,1,1,, -1,2,2,6,50,7,1,2021,21:00,5,93,93010,2,9,1,6,GALLIENI (AV.) CONFORAMA 53,48.9056158185,2.4770202703,21,2,1
202100031886,144Â 759,Z01,1,1,1,5,2,0,-1,-1, -1,-1,2021,18.0,2,1,14,2,1,15,0,,7,HENRI BARNIER (BOULEVARD),0,,2,2,2,2,0,0,1,, -1,1,0,1,50,28,6,2021,13:15,1,13,13216,2,1,0,3,HENRI BARNIER (BOULEVARD),43.36528,5.34275,13,3,2
202100015416,174Â 150,A01,7,2,1,5,0,-1,-1,0,0,-1,2021,20.0,2,2,0,0,9,1,0,,2,12,0,,3,4,0,1,3,511,1,, -1,2,0,8,110,3,10,2021,01:40,3,28,28185,1,1,1,7,Route nationale 12,48.769343,1.537271,1,4,1
202100025270,156Â 484,A01,10,3,2,5,0,-1,-1,3,3,1,2021,16.0,3,3,0,1,3,1,3,,4,CARREAU (DU)                        (AV),0,,2,2,0,1,(1),(1),1,, -1,1,4,6,50,6,8,2021,17:10,1,69,69282,2,8,0,6,CARREAU (DU) (AV),45.77269,4.99036,17,2,1
202100036224,136Â 939,A01,1,1,2,4,2,6,-1,-1,0,-1,2021,32.0,3,1,0,2,5,1,1,,4,DEPART (RUE DU),0,,2,2,0,1,(1),(1),1,, -1,1,0,1,50,2,6,2021,13:30,1,95,95210,2,3,0,3,DEPART (RUE DU),48.973648,2.306287,13,2,2
202100009824,184Â 136,A01,1,1,2,5,1,-1,-1,0,0,-1,2021,28.0,2,2,13,0,9,1,1,,3,10,-1,,2,2,0,1,2,50,1,,7,2,0,3,90,2,11,2021,13:50,1,52,52017,1,1,0,6,RD10,47.956608,5.018016,13,1,1
202100011199,181Â 713,A01,1,1,2,5,2,6,-1,-1, -1,-1,2021,16.0,2,1,0,1,1,1,1,,4,FONTANET (AV.) RUISSEAU CHIRIAC A WINNED,0,,2,2,2,1,(1),(1),1,, -1,1,-1,1,50,23,10,2021,21:15,5,73,73011,2,1,0,6,FONTANET (AV.) RUISSEAU CHIRIAC A WINNED,45.6609283823,6.3703451778,21,2,1