Num_Acc,id_vehicule,num_veh,place,catu,sexe,trajet,secu1,secu2,secu3,locp,actp,etatp,year_acc,victim_age,senc,catv,obs,obsm,choc,manv,motor,occutc,catr,voie,v1,v2,circ,nbv,vosp,prof,pr,pr1,plan,lartpc,larrout,surf,infra,situ,vma,jour,mois,an,hrmn,lum,dep,com,agg_,int,atm,col,adr,lat,long,hour,nb_victim,nb_vehicules
202100001240,199Â 552,A01,2,2,2,5,1,-1,-1,0,0,-1,2021,29.0,1,2,0,2,1,1,1,,3,619,-1,,2,2,0,1,14,456,1,, -1,1,0,1,90,28,12,2021,20:55,3,77,77534,1,1,0,1,D619,48.6350909062,2.7452921808,20,3,2
202100000686,200Â 486,A01,1,1,2,9,8,0,-1,-1, -1,-1,2021,21.0,3,2,0,2,1,9,1,,4,VIOLETTES ALLEE DE LA,0,,2,2,0,1,0,0,1,, -1,1,0,1,50,21,5,2021,19:50,1,13,13063,2,9,0,3,VIOLETTES ALLEE DE LA,43.5964659791,5.0068056528,19,7,2
202100015814,173Â 407,B01,9,2,2,5,1,-1,-1,0,0,-1,2021,16.0,1,2,0,0,4,23,1,,3,rue,0,,2,2,0,1,(1),(1),1,, -1,1,0,1,50,1,10,2021,20:20,2,38,38408,2,1,0,2,Route du Stade,45.5840265,4.998779,20,3,2
202100044474,122Â 198,A01,1,1,1,5,2,4,-1,0,0,-1,2021,34.0,1,1,0,2,8,21,1,,4,PORTE DU PRE SAINT GERVAIS,0,,1,4,0,1,27,600,1,, -1,1,0,1,70,9,4,2021,11:55,1,75,75119,2,1,0,7,PORTE DU PRE SAINT GERVAIS,48.880637,2.404913,11,1,1
202100012202,179Â 904,B01,1,1,1,0,0,-1,-1,-1, -1,-1,2021,19.0,0,1,0,0,0,15,5,,4,FERME PIERQUIN (RUE),0,,2,2,0,1,(1),(1),1,, -1,1,0,1,50,18,10,2021,18:05,1,51,51055,2,1,0,3,Rue de la Ferme Pierquin,49.2853621762,4.0286121165,18,2,2
202100050147,112Â 085,A01,10,3,1,2,0,-1,-1,2,3,1,2021,11.0,1,2,0,1,2,1,1,,4,PROFESSEUR RANVIER (DU)             (R ),0,,1,1,0,1,(1),(1),1,, -1,1,0,1,50,25,2,2021,17:45,1,69,69388,2,1,0,6,PROFESSEUR RANVIER (DU) (R),45.73655,4.88611,17,2,1
202100032584,143Â 530,A01,1,1,1,5,2,6,-1,0,0,-1,2021,25.0,1,1,0,2,0,15,1,,4,,0,,2,2,0,1,(1),(1),1,,5,1,0,1,50,25,6,2021,17:45,1,30,30341,2,1,0,3,Chemin d Aubord,43.709393,4.283595,17,2,2
202100014179,176Â 348,A01,2,2,2,5,2,6,-1,-1, -1,-1,2021,30.0,2,1,0,0,0,1,1,,3,BISCAROSSE (AVE) DUNE VERS BISCA,0,,2,2,0,2,8,140,2,, -1,1,0,1,80,9,10,2021,10:35,1,33,33529,1,1,0,7,BISCAROSSE (AVE) DUNE VERS BISCA,44.602763,-1.198439,10,2,1
202100002704,196Â 938,B01,1,1,1,0,2,6,9,0,0,-1,2021,51.0,1,1,0,2,1,1,1,,3,1086,-1,,2,2,0,1,5,900,1,, -1,1,5,1,50,17,12,2021,17:20,5,42,42056,2,4,0,3,D1086,45.407678,4.736599,17,2,2
202100052107,108Â 570,A01,4,2,2,0,1,0,-1,-1, -1,-1,2021,21.0,2,2,0,2,2,15,1,,4,LIBERATION (AVENUE DE LA),0,,2,3,0,2,0,0,1,, -1,2,5,1,50,6,2,2021,15:41,1,87,87085,2,2,1,3,LIBERATION (AVENUE DE LA),45.83446,1.20932,15,4,2
202100027254,153Â 004,A01,1,1,1,3,2,-1,-1,0,0,-1,2021,23.0,0,1,0,0,1,1,1,,3,79,-1,D,2,2,0,3,4,0,3,, -1,2,0,3,-1,25,7,2021,07:30,1,60,60101,1,1,1,7,D79,49.09315,2.860186,7,2,1
202100034528,140Â 012,A01,1,1,1,1,1,-1,-1,0,0,-1,2021,19.0,3,2,0,2,3,15,1,,4,,-1,,2,1,0,2,(1),(1),2,,3,1,0,1,80,13,6,2021,13:00,1,61,61213,1,1,0,1,La ChÃªnelaire,48.458423,-0.104885,13,2,2
202100011796,180Â 631,A01,1,1,1,0,1,0,-1,-1, -1,-1,2021,25.0,2,2,0,2,1,13,0,,3,SAINT PEE (VIEILLE ROUTE DE),0,,2,2,0,1,1,415,2,, -1,2,0,1,50,21,10,2021,09:55,1,64,64483,2,1,1,1,SAINT PEE (VIEILLE ROUTE DE),43.38899,-1.63985,9,2,2
202100030660,146Â 950,A01,1,1,1,0,2,6,-1,0,0,-1,2021,18.0,1,1,15,0,2,1,1,,3,81,0,,2,2,0,1,216,400,1,, -1,1,0,1,50,6,7,2021,16:30,1,202,202298,2,1,0,1,RD 81 Ã  proximitÃ© du garage PEUGEOT,42.677545,9.302807,16,1,1
202100003484,195Â 528,B01,1,1,2,3,0,-1,-1,0,0,-1,2021,32.0,3,1,0,2,7,1,3,,3,312,-1,,2,2,2,1,5,598,3,, -1,1,0,5,50,11,12,2021,19:50,5,38,38193,2,6,0,3,D312,45.607162,5.223567,19,2,2
202100016957,171Â 314,A01,10,3,1,5,0,-1,-1,3,3,1,2021,84.0,1,2,0,1,1,14,1,,4,LAGRANGE (RUE LEO),0,,2,2,0,1,(1),(1),2,, -1,1,0,1,50,24,9,2021,11:00,1,27,27562,2,6,0,6,LAGRANGE (RUE LEO),49.10231,1.45139,11,2,1
202100042116,126Â 346,A01,1,1,1,1,2,-1,-1,0,0,-1,2021,38.0,0,1,0,0,0,15,1,,3,208,-1,,2,2,0,2,(1),(1),2,, -1,1,0,1,70,30,4,2021,08:30,1,978,97801,1,1,0,7,RD 208,18.068646,-63.121235,8,2,1
202100029135,149Â 673,A01,1,1,2,0,2,-1,-1,-1, -1,-1,2021,19.0,2,1,0,2,1,1,1,,4,CRS MARECHAL GALLIENI,0,,2,2,0,1,(1),(1),1,, -1,2,0,1,50,13,7,2021,16:30,1,33,33522,2,1,1,2,Cours MarÃ©chal Gallieni,44.81952,-0.59793,16,2,2
202100013818,176Â 994,A01,1,1,2,9,8,5,-1,-1, -1,-1,2021,37.0,1,2,3,0,1,26,1,,3,REPUBLIQUE (AVENUE DE LA),0,,-1,2,0,1,(1),(1),1,, -1,1,2,6,90,11,10,2021,23:50,3,91,91312,1,1,0,7,REPUBLIQUE (AVENUE DE LA),48.73617,2.22927,23,1,1
202100052121,108Â 542,B01,1,1,1,5,8,8,-1,-1, -1,-1,2021,25.0,0,0,0,2,8,0,3,,4,GAMBETTA (RUE),0,,2,2,0,1,0,0,1,, -1,1,0,1,50,6,2,2021,14:10,1,50,50173,2,1,0,3,GAMBETTA (RUE),49.6473,-1.64635,14,2,2
202100055507,102Â 626,B01,1,1,1,9,1,0,-1,-1, -1,-1,2021,35.0,1,2,0,2,2,1,1,,7,HENRI BARNIER (BOULEVARD),0,,2,2,0,2,1,800,1,, -1,2,0,1,50,10,1,2021,13:15,1,13,13216,2,1,0,3,HENRI BARNIER (BOULEVARD),43.3675202158,5.3438669443,13,3,2
202100029189,149Â 576,A01,1,1,1,5,2,-1,-1,0,0,-1,2021,40.0,0,1,12,0,0,1,1,,4,,-1,,2,2,0,2,(1),(1),1,,4,1,0,3,-1,13,7,2021,18:40,5,974,97422,2,1,0,7,Avenue de l Europe,-21.275862,55.504968,18,1,1
202100038947,132Â 016,A01,1,1,1,5,2,0,-1,0,0,-1,2021,25.0,1,1,0,0,3,1,1,,4,GRAND CHENE (CHEMIN DU),0,,2,2,0,2,(1),(1),3,, -1,1,0,1,50,21,5,2021,01:30,5,6,6069,2,1,0,7,GRAND CHENE (CHEMIN DU),43.63781,6.92818,1,1,1
202100026196,154Â 870,B01,1,1,1,5,0,-1,-1,0,0,-1,2021,9.0,3,1,0,2,2,19,5,,4,32,-1,A,2,2,0,1,(1),(1),1,, -1,2,0,1,80,31,7,2021,20:05,2,38,38195,1,1,1,1,Route des Deveys,45.1522,5.369786,20,2,2
202100014664,175Â 505,B01,1,1,1,0,8,0,-1,-1, -1,-1,2021,41.0,2,1,0,2,1,1,5,,3,911,0,,2,3,1,1,0,0,1,, -1,1,0,5,50,7,10,2021,08:22,1,92,92024,2,1,0,3,JEAN JAURES (BD) DE 47 A 109)   (56 A 14,48.90139,2.30512,8,2,2
202100038810,132Â 243,A01,1,1,1,1,2,6,-1,0,0,-1,2021,37.0,2,1,0,0,1,1,1,,3,RD204,0,,2,2,0,1,21,255,1,, -1,2,0,1,50,22,5,2021,17:35,1,62,62524,2,1,1,7,D204 ROUTE DE DESVRES,50.654003,1.810995,17,1,1
202100030237,147Â 714,B01,1,1,1,1,2,6,-1,0,0,-1,2021,24.0,1,1,0,2,0,17,1,,4,AVENUE DU MAINE,0,,3,2,0,1,(1),(1),1,, -1,1,0,1,50,7,7,2021,18:00,1,75,75114,2,4,0,3,AVENUE DU MAINE,48.840144,2.321817,18,2,2
202100024895,157Â 161,B01,1,1,1,1,1,0,-1,0,0,-1,2021,21.0,1,2,0,2,4,23,1,,4,COURS DE VINCENNES,0,,-1,3,0,1,(1),(1),2,, -1,1,0,1,50,9,8,2021,10:00,1,75,75112,2,2,0,2,COURS DE VINCENNES,48.846906,2.411347,10,2,2
202100003424,195Â 635,A01,10,3,2,3,0,-1,-1,3,3,1,2021,60.0,1,2,0,1,2,1,1,,6,TREGUIER (ROUTE DE),0,,-1,-1,0,1,1,0,1,, -1,1,0,1,30,10,12,2021,11:56,1,22,22113,2,1,0,6,TREGUIER (ROUTE DE),48.73487,-3.43943,11,2,1
202100048628,114Â 838,B01,1,1,1,5,8,-1,-1,0,0,-1,2021,16.0,0,1,0,2,1,18,1,,3,15,0,D,2,2,0,2,0,820,1,, -1,1,0,1,50,10,3,2021,14:30,1,6,6048,2,4,0,3,Route Rd 15 la Roseyre,43.78784,7.332361,14,2,2
202100029138,149Â 668,B01,1,1,1,4,1,-1,-1,-1, -1,-1,2021,38.0,1,2,0,2,1,1,1,,4,RUE DE TREMEUGE,0,,2,2,0,1,(1),(1),1,, -1,1,0,1,50,13,7,2021,09:00,1,33,33522,2,2,0,3,Rue de Tremeuge,44.80293,-0.58935,9,2,2
202100002459,197Â 378,A01,1,1,2,5,1,0,-1,0,0,-1,2021,86.0,3,2,1,0,2,14,1,,4,AVENUE EMILE ZOLA,0,,-1,2,0,1,(1),(1),1,, -1,1,0,1,30,17,12,2021,14:50,1,75,75115,2,1,0,6,AVENUE EMILE ZOLA,48.846635,2.287267,14,1,1
202100004300,194Â 073,A01,3,2,2,5,1,0,-1,-1, -1,-1,2021,24.0,1,2,8,0,1,1,2,,3,BD DE STALINGRAD ,0,,2,8,1,1,1,0,1,, -1,2,9,6,50,7,12,2021,03:15,5,94,94041,2,1,0,6,STALINGRAD (BD DE),48.8044091421,2.3772311209,3,3,1
202100004887,193Â 054,A01,10,3,1,5,0,-1,-1,2,1,2,2021,40.0,2,2,0,1,2,1,1,,3,416,0,,2,2,0,2,(1),(1),1,, -1,2,0,1,50,4,12,2021,17:58,5,68,68269,2,1,1,6,13 Rue du 3 DÃ©cembre,48.191931,7.322214,17,2,1
202100039187,131Â 581,A01,1,1,1,9,1,-1,-1,0,0,-1,2021,74.0,3,2,13,0,3,2,1,,3,25,-1,,2,2,0,1,(1),(1),1,, -1,2,0,3,80,19,5,2021,15:55,1,89,89414,1,1,0,7,D25,48.297236,3.369929,15,1,1
202100009195,185Â 273,B01,1,1,1,1,2,0,-1,-1, -1,-1,2021,48.0,1,1,0,2,2,7,1,,4,BONS ENFANTS (RUE DES),0,,1,1,0,1,0,0,1,, -1,1,9,1,50,5,11,2021,17:40,1,974,97416,2,2,0,3,BONS ENFANTS (RUE DES),-21.33924,55.47204,17,2,2
202100008312,186Â 868,A01,1,1,1,0,0,-1,-1,0,0,-1,2021,24.0,2,2,13,0,2,0,1,,4,939,-1,D,2,2,0,1,(1),(1),2,, -1,2,0,3,50,14,11,2021,01:40,4,17,17459,1,1,0,7,Chemin de la Richardiere,45.917524,-0.42643,1,1,1
202100031894,144Â 746,B01,2,2,1,0,1,0,-1,0,0,-1,2021,17.0,2,2,0,2,3,1,1,,3,D 292,0,,2,2,0,2,3,350,2,, -1,1,0,1,80,25,6,2021,16:27,1,5,5061,1,1,0,1,D 292,44.59552,6.13142,16,4,2
202100026750,153Â 908,A01,1,1,1,1,1,-1,-1,0,0,-1,2021,36.0,1,2,0,2,1,1,1,,3,168,0,D,2,2,0,1,2,635,1,, -1,1,0,1,80,26,7,2021,11:30,1,78,78564,1,2,0,3,RD 168,48.52182,1.920269,11,2,2
202100054349,104Â 613,B01,1,1,1,5,2,6,-1,0,0,-1,2021,70.0,2,1,0,2,8,1,1,,4,BOULEVARD PERIPHERIQUE,0,,1,5,0,1,0,100,1,, -1,1,0,1,70,20,1,2021,14:00,1,75,75112,2,4,0,3,BOULEVARD PERIPHERIQUE,48.826782,2.390342,14,2,2
202100039128,131Â 687,A01,10,3,1,9,0,-1,-1,2,3,1,2021,39.0,1,2,0,1,2,2,1,,4,PONT DE VIVAUX (BOULEVARD),0,,2,3,1,1,(1),(1),1,, -1,1,0,1,50,20,5,2021,07:30,1,13,13210,2,1,0,6,PONT DE VIVAUX (BOULEVARD),43.280647,5.421069,7,2,1
202100038089,133Â 580,B01,1,1,1,1,2,6,-1,0,0,-1,2021,43.0,1,1,0,2,1,3,1,,7,63,0,G,2,2,0,1,1,536,1,, -1,1,0,1,50,20,5,2021,17:45,1,31,31091,1,1,0,3,D63g,43.718445,1.404401,17,2,2
202100050593,111Â 252,A01,1,1,1,5,2,0,-1,-1, -1,-1,2021,17.0,2,1,0,2,0,17,1,,4,DIJON (RUE DE),0,,2,2,0,1,0,0,1,, -1,1,0,1,50,21,2,2021,11:17,1,10,10343,2,2,0,3,DIJON (RUE DE),48.27,4.08739,11,2,2
202100030211,147Â 765,B01,1,1,1,0,8,0,-1,-1, -1,-1,2021,30.0,1,1,0,2,6,2,5,,4,GEORGES POMPIDOU (RUE),0,,1,1,1,1,(1),(1),2,, -1,1,0,5,50,6,7,2021,15:20,1,10,10387,2,1,0,3,GEORGES POMPIDOU (RUE),48.29114,4.0884,15,2,2
202100022813,160Â 830,A01,1,1,2,1,1,0,-1,0,0,-1,2021,21.0,0,2,13,0,1,0,1,,3,ELBEUF (ROUTE D'),0,,2,2,0,2,53,280,2,, -1,1,0,8,80,23,8,2021,05:00,3,27,27375,1,1,0,6,ELBEUF (ROUTE D'),49.22823,1.1489,5,1,1
202100040269,129Â 625,A01,4,2,1,5,0,-1,-1,0,0,-1,2021,20.0,2,2,8,0,1,13,1,,2,,0,,2,2,0,1,12,600,3,, -1,1,0,3,50,12,5,2021,21:45,5,60,60477,1,1,0,6,Route du Vivier Danger,49.4338127002,1.9225945471,21,3,1
202100026899,153Â 627,A01,1,1,1,5,8,-1,-1,0,0,-1,2021,48.0,1,2,2,0,2,1,1,,3,9,0,,2,2,0,2,31,500,2,, -1,2,0,3,80,27,7,2021,22:20,3,21,21271,1,1,1,6,RD9 PR31+500,47.511578,4.524908,22,1,1
202100008667,186Â 248,A01,1,1,1,4,1,0,-1,-1, -1,-1,2021,30.0,2,5,0,2,1,1,1,,2,RN 385,0,,1,2,0,1,53,619,1,, -1,1,0,1,90,10,11,2021,20:20,4,92,92002,1,1,1,4,RN 385,48.7605399513,2.2840960846,20,4,3
202100005334,192Â 256,A01,1,1,1,5,2,6,-1,0,0,-1,2021,23.0,0,1,0,0,2,1,1,,4,GAMBETTA (BOULEVARD),0,,2,2,0,2,(1),(1),1,, -1,2,0,1,50,1,12,2021,12:30,1,27,27229,2,1,1,7,GAMBETTA (BOULEVARD),49.0185,1.14279,12,1,1
202100024220,158Â 380,B01,1,1,1,0,8,0,-1,-1, -1,-1,2021,35.0,2,2,0,2,4,1,1,,1,A7-Sens Marseille vers Lyon,0,,1,1,0,2,264,500,1,, -1,1,0,1,90,9,8,2021,19:15,1,13,13071,1,1,0,4,A7-Sens Marseille vers Lyon,43.417958,5.273469,19,3,3
202100050544,111Â 349,A01,1,1,1,0,2,6,-1,-1, -1,-1,2021,24.0,2,1,0,2,1,3,1,,1,AUTOROUTE A1,0,,3,8,0,1,1,200,1,, -1,1,1,1,90,22,2,2021,18:00,5,93,93066,1,1,0,3,AUTOROUTE A1,48.91217,2.3578,18,2,2
202100052459,107Â 946,B01,1,1,2,1,2,6,-1,0,0,-1,2021,34.0,2,1,0,2,8,1,3,,4,RUE DE JAVEL,0,,1,2,0,1,(1),(1),1,, -1,1,0,1,50,4,2,2021,21:00,5,75,75115,2,2,0,3,RUE DE JAVEL,48.841006,2.291424,21,2,2
202100028798,150Â 243,A01,2,2,1,2,1,-1,-1,-1,0,-1,2021,11.0,3,2,1,0,5,26,1,,4,LANGEVIN (AVENUE PAUL),0,,2,2,0,1,(1),(1),1,, -1,1,0,4,30,14,7,2021,19:39,1,95,95585,2,1,0,6,Avenue Paul Langevin,48.981973,2.378791,19,2,1
202100008344,186Â 809,A01,1,1,2,0,2,6,-1,-1, -1,-1,2021,42.0,1,1,0,2,2,17,1,,2,ROUTE NATIONALE NÂ° 1,0,,3,4,0,1,(1),(1),1,, -1,1,0,1,110,10,11,2021,18:30,3,974,97407,1,1,0,5,ROUTE NATIONALE NÂ° 1,-20.94711,55.32214,18,3,3
202100001516,199Â 087,A01,1,1,1,5,0,-1,-1,0,0,-1,2021,18.0,2,0,0,0,0,0,0,,3,RN1,-1,,2,2,0,2,(1),(1),1,, -1,1,0,1,50,24,12,2021,15:55,1,972,97215,2,1,0,7,Terre Patate,14.876867,-61.139308,15,1,1
202100001648,198Â 858,A01,1,1,1,5,0,-1,-1,0,0,-1,2021,26.0,2,2,0,2,1,1,1,,3,D3,-1,,2,2,0,1,68,0,1,, -1,2,0,1,90,25,12,2021,14:15,1,51,51231,1,1,1,2,D3,48.973879,4.45045,14,2,2
202100026583,154Â 187,A01,1,1,2,0,2,-1,-1,0,0,-1,2021,26.0,3,1,0,0,0,1,1,,4,,-1,,3,2,0,2,(1),(1),2,,4,1,0,1,50,29,7,2021,10:15,1,54,54215,2,1,0,7,Rue du Saule Gaillard,48.74445,6.15038,10,3,3
202100030017,148Â 137,B01,1,1,2,1,2,0,-1,0,0,-1,2021,30.0,1,1,0,2,1,1,5,,4,RUE DU FAUBOURG SAINT ANTOINE,0,,2,2,1,1,(1),(1),1,, -1,1,0,5,50,8,7,2021,15:40,1,75,75112,2,3,0,3,RUE DU FAUBOURG SAINT ANTOINE,48.851596,2.374841,15,2,2
202100000011,201Â 743,B01,1,1,1,0,8,0,-1,-1, -1,-1,2021,32.0,3,0,0,2,1,26,3,,3,VAILLANT COUTURIER (AVENUE PAUL),0,,2,4,0,1,0,0,3,, -1,1,9,1,50,13,10,2021,16:00,1,93,93008,2,2,0,3,CHOUMERY (RUE),48.9074,2.45684,16,2,2
202100016430,172Â 266,A01,1,1,1,0,1,4,-1,-1, -1,-1,2021,47.0,1,2,0,2,1,1,0,,1,AUTOROUTE A1,0,,1,2,0,1,12,699,2,, -1,1,0,1,70,27,9,2021,17:20,1,93,93005,1,1,0,2,AUTOROUTE A1,48.9655,2.47636,17,2,2
202100006061,190Â 967,A01,2,2,2,5,8,-1,-1,0,0,-1,2021,26.0,1,2,2,2,1,2,1,,3,733,-1,,3,4,0,1,12,602,3,, -1,1,0,1,110,27,11,2021,10:33,1,17,17308,1,1,0,2,CD 733,45.871515,-0.968921,10,3,2
202100042073,126Â 422,B01,1,1,1,0,2,0,-1,-1, -1,-1,2021,34.0,1,1,0,2,1,17,0,,3,SAINT DENIS (RUE DE),0,,2,2,0,1,0,1,1,, -1,1,0,1,50,29,4,2021,19:00,1,93,93001,2,1,0,3,SAINT DENIS (RUE DE),48.9220676066,2.3733702364,19,2,2
202100021323,163Â 538,A01,1,1,1,1,2,6,-1,0,0,-1,2021,44.0,3,1,0,2,1,1,1,,4,,-1,,2,-1,-1,-1,(1),(1),-1,, -1,-1,-1,-1,-1,27,8,2021,16:00,1,974,97415,1,4,0,3,Bellemene les Canots,-21.026598,55.307633,16,2,2
202100038631,132Â 585,B01,1,1,1,0,2,6,-1,-1, -1,-1,2021,29.0,2,1,0,2,1,1,1,,4,LECLERC (AVENUE DU MARECHAL),0,,1,1,0,1,(1),(1),1,, -1,1,0,1,50,23,5,2021,21:40,1,34,34172,2,4,0,3,LECLERC (AVENUE DU MARECHAL),43.59619,3.88169,21,2,2
202100035639,138Â 014,A01,1,1,1,9,1,-1,-1,0,0,-1,2021,28.0,1,2,6,0,1,17,1,,3,658,-1,,2,2,0,1,(1),(1),1,, -1,1,0,1,50,9,6,2021,14:50,1,14,14332,2,1,0,6,D658 ,48.871187,-0.18962,14,1,1
202100001605,198Â 936,A01,1,1,1,5,1,-1,-1,-1, -1,-1,2021,29.0,2,2,3,0,1,1,1,,7,PREMIERE DFL (AVENUE),0,,3,4,0,1,(1),(1),1,, -1,1,0,1,70,23,12,2021,21:30,5,29,29019,1,1,0,1,D205 - Avenue 1Ã¨re D.f.l.,48.39204,-4.54666,21,2,2
202100017707,169Â 970,A01,1,1,1,5,2,0,-1,-1, -1,-1,2021,30.0,3,1,0,0,0,0,1,,4,DOCTEUR TENINE (AVENUE DU),0,,1,1,3,1,0,0,2,, -1,1,0,6,50,17,9,2021,10:35,1,92,92002,2,1,0,7,DOCTEUR TENINE (AVENUE DU),48.7621223768,2.3129500228,10,1,1
202100007674,188Â 032,B01,1,1,2,0,1,0,-1,-1, -1,-1,2021,27.0,1,2,0,2,4,2,1,,3,PERI (BOULEVARD GABRIEL)  0 - 37 / 42,0,,3,4,0,1,0,0,1,, -1,2,0,1,50,17,11,2021,13:25,1,93,93064,2,1,1,2,PERI (BOULEVARD GABRIEL)  0 - 37 / 42,48.87726,2.47811,13,2,2
202100050428,111Â 558,B01,1,1,1,0,1,0,-1,-1, -1,-1,2021,40.0,2,2,0,2,3,1,1,,4,DE LA REPUBLIQUE(AVENUE),0,,2,0,3,1,0,0,1,, -1,2,0,1,50,22,2,2021,08:55,1,974,97409,2,2,1,3,DE LA REPUBLIQUE(AVENUE),-20.9618103099,55.6527829171,8,3,2
202100036438,136Â 574,B01,1,1,2,5,1,-1,-1,0,0,-1,2021,25.0,2,2,0,2,3,1,1,,4,MOULIN JEAN (DE 1 A 9 ET 2 ET 4),0,,-1,2,0,1,(1),(1),3,, -1,1,0,1,50,30,5,2021,20:09,1,29,29019,2,1,0,1,Boulevard Jean Moulin,48.39248,-4.49807,20,2,2
202100038431,132Â 949,A01,1,1,1,1,2,6,-1,0,0,-1,2021,16.0,1,1,0,2,1,13,1,,3,15,0,D,2,2,0,1,13,310,2,, -1,1,0,1,50,26,5,2021,08:10,1,76,76062,2,1,0,1,300 Rue de la Mare,49.658405,1.211999,8,2,2
202100044594,122Â 008,B01,1,1,1,5,8,0,-1,0,0,-1,2021,43.0,2,1,0,2,1,1,5,,4,AVENUE D ITALIE,0,,2,6,1,1,(1),(1),1,, -1,1,-1,5,50,9,4,2021,13:15,1,75,75113,2,1,0,3,AVENUE D ITALIE,48.827677,2.356808,13,2,2
202100035179,138Â 826,A01,1,1,1,5,2,7,9,0,0,-1,2021,64.0,2,1,0,0,0,1,1,,1,1,0,A,3,3,0,1,104,400,1,,"13,5",1,0,1,130,12,6,2021,09:30,1,80,80383,1,1,0,7,Autoroute A1 PK104+400 vers paris,49.729327,2.781419,9,1,1
202100011979,180Â 307,B01,1,1,1,4,2,6,-1,-1,0,-1,2021,24.0,1,1,0,2,8,1,1,,3,ENGHIEN (ROUTE D' ),0,,2,2,0,1,7,400,1,, -1,1,0,1,50,20,10,2021,18:05,1,95,95018,2,1,0,3,ENGHIEN (ROUTE D' ),48.956596,2.282648,18,2,2
202100049678,112Â 942,A01,3,2,2,0,1,0,-1,-1, -1,-1,2021,20.0,1,2,0,2,1,2,1,,3,CASANOVA DANIELLE NR 52-SUIV ET 21-SUIV,0,,4,4,0,1,0,1,1,, -1,1,0,1,50,28,2,2021,22:18,5,93,93066,2,1,0,2,CASANOVA DANIELLE NR 52-SUIV ET 21-SUIV,48.92979,2.36159,22,4,2
202100004715,193Â 348,B01,1,1,1,1,2,6,-1,-1, -1,-1,2021,22.0,1,1,0,2,1,1,1,,3,CHAMPY-NESLE (BOULEVARD DU),0,,2,3,0,1,0,207,1,, -1,1,0,1,50,29,11,2021,19:10,5,77,77083,2,2,0,3,CHAMPY-NESLE (BOULEVARD DU),48.84845,2.57842,19,2,2
202100007800,187Â 805,B01,1,1,1,0,2,0,-1,-1, -1,-1,2021,19.0,2,1,0,2,1,5,3,,3,194,0,,1,1,0,1,7,740,2,, -1,1,5,1,50,9,11,2021,18:45,5,56,56098,2,6,0,1,DIX HUIT JUIN 1940 (ROND-POINT DU),47.76594,-3.32944,18,2,2
202100006033,191Â 011,A01,10,3,2,3,0,-1,-1,1,3,1,2021,68.0,2,2,0,1,1,15,1,,3,,-1,,2,1,0,1,55,290,1,,3,2,0,1,50,27,11,2021,16:15,2,81,81124,2,3,1,6,Rue du Temple,43.706638,2.692627,16,2,1
202100027184,153Â 126,A01,10,3,2,5,0,-1,-1,3,3,1,2021,70.0,1,2,0,1,1,15,1,,4,FOCH (AVENUE DU MARECHAL),0,,1,2,0,1,1,0,1,, -1,1,0,1,50,24,7,2021,14:50,1,988,98818,2,2,0,6,RUE DE L'ALMA/AVENUE DU MARECHAL FOCH,-22.26947,166.44241,14,2,1
202100039947,130Â 183,A01,1,1,1,0,2,0,-1,0,0,-1,2021,18.0,0,1,0,2,0,0,1,,4,REPUBLIQUE (RUE),0,,2,2,0,1,0,0,1,, -1,1,0,1,50,9,5,2021,09:25,1,30,30189,2,1,0,6,REPUBLIQUE (RUE),43.8276,4.3542,9,2,2
202100056373,101Â 137,B01,1,1,1,1,8,-1,-1,0,0,-1,2021,28.0,0,1,0,2,7,19,3,,9,,-1,,2,2,0,1,(1),(1),1,, -1,2,5,1,30,4,1,2021,19:50,5,84,84092,2,1,0,3,41 Avenue ThÃ©ophile Delorme,43.963764,4.858234,19,2,2
202100006689,189Â 823,A01,1,1,1,1,2,6,-1,-1, -1,-1,2021,20.0,3,1,11,2,8,17,1,,4,GAULLE   AVENUE DU GENERAL DE,0,,2,2,0,1,(1),(1),1,, -1,2,9,1,50,21,11,2021,20:34,3,17,17028,1,1,1,3,GAULLE   AVENUE DU GENERAL DE,46.12777,-1.1149,20,2,2
202100040765,128Â 745,A01,1,1,1,9,2,6,-1,0,0,-1,2021,57.0,2,1,0,2,8,21,1,,4,AVENUE DE LAUMIERE,0,,2,2,0,2,(1),(1),1,, -1,1,0,1,30,8,5,2021,17:00,1,75,75119,2,2,0,2,AVENUE DE LAUMIERE,48.88466,2.379826,17,2,2
202100036501,136Â 460,A01,1,1,1,5,2,-1,-1,0,0,-1,2021,23.0,2,1,0,2,1,0,1,,4,,-1,,2,2,0,1,(1),(1),1,,4,1,0,1,30,4,6,2021,17:50,1,54,54322,2,3,0,3,1 Rue Ottawa,49.4424067505,5.5953186758,17,4,2
202100020220,165Â 491,A01,10,3,1,2,0,-1,-1,2,3,1,2021,6.0,3,2,1,1,3,1,1,,4,VIERGE (CHEMIN DE LA),0,,2,2,0,2,0,0,1,, -1,1,0,1,50,7,9,2021,15:50,1,974,97411,2,1,0,3,VIERGE (CHEMIN DE LA),-20.89926,55.46966,15,2,1
202100040199,129Â 745,A01,10,3,2,3,0,-1,-1,3,3,1,2021,68.0,3,2,0,1,1,9,1,,4,CHABERT (Rue Charles),0,,2,2,0,1,(1),(1),1,, -1,1,0,1,50,12,5,2021,14:30,1,26,26198,2,1,0,6,Rue Charles Chabert,44.55819,4.7453,14,2,1