Num_Acc,id_vehicule,num_veh,place,catu,sexe,trajet,secu1,secu2,secu3,locp,actp,etatp,year_acc,victim_age,senc,catv,obs,obsm,choc,manv,motor,occutc,catr,voie,v1,v2,circ,nbv,vosp,prof,pr,pr1,plan,lartpc,larrout,surf,infra,situ,vma,jour,mois,an,hrmn,lum,dep,com,agg_,int,atm,col,adr,lat,long,hour,nb_victim,nb_vehicules
202100005261,192Â 378,A01,1,1,1,0,1,-1,-1,-1, -1,-1,2021,21.0,2,2,0,2,1,15,1,,7,LYON (DE) (D 518)                   (RO),0,,2,4,1,1,2,400,1,, -1,1,0,1,50,30,11,2021,19:00,5,69,69290,1,2,0,1,LYON (DE) (RTE),45.70748,4.90773,19,2,2
202100003379,195Â 719,A01,1,1,1,1,2,4,6,0,0,-1,2021,51.0,2,1,0,2,7,1,1,,3,6015,0,D,2,2,1,1,40,520,1,, -1,1,0,1,50,13,12,2021,09:15,1,27,27348,1,1,0,3,CD6015,49.310407,1.157942,9,2,2
202100026239,154Â 799,A01,1,1,1,5,8,-1,-1,0,0,-1,2021,36.0,1,2,0,2,1,0,1,,3,132,-1,,2,2,0,1,8,(1),3,, -1,1,0,1,80,1,8,2021,17:15,1,59,59409,1,1,0,1,D132,50.296742,3.210261,17,2,2
202100026367,154Â 563,B01,1,1,1,5,2,6,-1,0,0,-1,2021,48.0,3,1,0,2,1,17,1,,3,180,-1,,2,2,0,3,(1),(1),1,, -1,1,0,1,80,30,7,2021,21:15,2,202,202152,1,1,0,2,D180,42.889863,9.462426,21,3,2
202100034662,139Â 763,A01,1,1,1,5,8,-1,-1,0,0,-1,2021,42.0,2,2,2,0,0,13,1,,3,31,-1,,2,2,0,1,5,630,1,, -1,1,0,3,80,13,6,2021,13:15,1,39,39149,1,1,0,6,,47.096575,5.7437,13,2,1
202100049849,112Â 634,A01,2,2,2,5,1,0,-1,-1,0,-1,2021,45.0,1,2,0,2,2,11,1,,1,AUTOROUTE A15,0,,3,8,0,1,23,500,1,, -1,1,0,1,90,27,2,2021,12:15,1,95,95500,1,1,0,3,AUTOROUTE A15,49.0380491749,2.0889858295,12,3,2
202100004962,192Â 919,A01,1,1,2,5,1,-1,-1,0,0,-1,2021,22.0,2,2,0,2,6,15,1,,3,136,0,D,2,2,0,1,0,860,1,, -1,2,0,1,50,4,12,2021,13:35,1,47,47195,2,1,0,3,30 Avenue du 8 Mai 1945,44.136874,0.344938,13,4,2
202100031485,145Â 475,B01,1,1,1,5,0,-1,-1,0,0,-1,2021,73.0,2,1,0,2,8,2,5,,3,19,0,D,2,2,0,1,4,500,1,, -1,1,0,1,70,1,7,2021,08:25,1,27,27013,1,1,0,3,Route du Val Pitan,49.311499,1.248617,8,2,2
202100027116,153Â 245,A01,1,1,2,5,2,6,9,0,0,-1,2021,55.0,1,1,0,0,7,16,1,,3,D281,0,,2,2,0,1,16,65,1,, -1,2,0,1,80,24,7,2021,17:15,1,44,44111,1,5,1,7,Les ArdilliÃ¨res,47.36777,-1.729885,17,1,1
202100032416,143Â 832,C01,1,1,1,5,2,-1,-1,0,0,-1,2021,61.0,1,1,0,2,2,1,5,,7,1075,-1,,1,1,1,1,(1),(1),1,, -1,1,0,1,50,26,6,2021,17:15,1,38,38382,2,1,0,2,71 Avenue du General de Gaulle,45.235768,5.675501,17,3,3
202100018881,167Â 900,A01,1,1,1,0,8,0,-1,-1, -1,-1,2021,71.0,2,2,0,2,7,14,1,,1,A50-Sens Aubagne vers Marseille,0,,1,3,0,1,12,699,1,, -1,1,0,1,90,15,9,2021,14:40,1,13,13005,1,1,0,3,A50-Sens Aubagne vers Marseille,43.287115,5.536616,14,2,2
202100044778,121Â 674,A01,1,1,1,0,2,0,-1,-1, -1,-1,2021,50.0,1,1,4,2,3,11,1,,1,AUTOROUTE A6,0,,2,6,0,1,9,795,1,, -1,1,0,1,110,7,4,2021,17:19,1,92,92002,1,1,0,3,AUTOROUTE A6,48.7348,2.3164,17,2,2
202100004822,193Â 163,A01,1,1,1,5,2,6,-1,0,0,-1,2021,41.0,1,1,8,2,1,21,1,,4,RUE DE TREVISE,0,,1,1,1,1,(1),(1),1,, -1,2,0,1,30,4,12,2021,02:15,5,75,75109,2,2,1,3,RUE DE TREVISE,48.875942,2.345547,2,3,2
202100043710,123Â 560,A01,1,1,1,5,0,-1,-1,0,0,-1,2021,17.0,2,1,0,0,0,1,5,,3,57,0,B,2,2,0,2,1,450,2,, -1,1,0,1,70,18,4,2021,11:45,1,38,38442,1,1,0,6,Route de Cherlieu,45.31738,5.79919,11,1,1
202100012000,180Â 262,A01,1,1,1,5,2,-1,-1,0,0,-1,2021,17.0,3,1,0,2,1,26,1,,6,ALSACE LORRAINE (AVENUE),0,,-1,-1,0,1,(1),(1),1,, -1,1,9,8,30,20,10,2021,22:18,3,65,65440,2,1,0,1,ALSACE LORRAINE (AVENUE),43.25005,0.072204,22,3,2
202100002894,196Â 599,B01,1,1,1,0,8,0,-1,-1, -1,-1,2021,57.0,2,1,0,2,0,2,5,,3,CHATELLERAULT (AVENUE DE),0,,3,4,0,1,49,485,1,, -1,1,0,1,50,14,12,2021,07:50,2,86,86158,2,1,0,2,Avenue de Chatellerault,46.627056,0.35502,7,2,2
202100038990,131Â 943,A01,1,1,1,5,1,0,-1,-1, -1,-1,2021,59.0,0,2,1,0,1,2,1,,4,AGUESSEAU ALLEE D',0,,1,1,0,1,0,0,1,, -1,2,0,1,50,21,5,2021,16:45,1,93,93046,2,1,1,6,AGUESSEAU ALLEE D',48.92394,2.52927,16,1,1
202100016680,171Â 814,A01,1,1,2,5,2,0,-1,0,0,-1,2021,18.0,1,1,0,2,0,1,3,,4,RUE DE CLICHY,0,,1,2,0,2,(1),(1),1,, -1,2,0,1,30,26,9,2021,15:15,1,75,75109,2,3,1,3,RUE DE CLICHY,48.879683,2.329223,15,3,2
202100003781,195Â 006,A01,10,3,2,5,0,-1,-1,3,3,1,2021,72.0,1,2,0,1,2,1,1,,3,562,0,,2,2,0,1,98,200,1,, -1,2,0,1,50,10,12,2021,15:50,2,14,14174,2,1,1,6,Rue Saint Martin,48.848013,-0.551618,15,2,1
202100037640,134Â 376,A01,1,1,1,5,2,6,-1,0,0,-1,2021,42.0,1,1,8,0,1,1,1,,3,D749,-1,,2,2,0,1,18,400,2,, -1,1,0,3,80,30,5,2021,13:30,1,37,37082,1,1,0,6,Les Gascogneries,47.4048331443,0.2240717411,13,1,1
202100012836,178Â 779,A01,1,1,1,4,2,8,-1,-1, -1,-1,2021,20.0,2,1,0,2,7,17,3,,4,COLOMBIER (RUE),0,,2,2,0,1,(1),(1),1,, -1,1,0,1,50,16,10,2021,20:00,5,37,37261,2,1,0,6,COLOMBIER (RUE),47.4220156382,0.7050404325,20,3,2
202100044641,121Â 927,A01,1,1,2,3,1,-1,-1,0,0,-1,2021,70.0,1,2,0,0,3,13,1,,3,59,0,,2,2,0,1,10,400,2,, -1,1,0,1,80,8,4,2021,09:30,1,49,49021,1,1,0,3,D59,47.435693,-0.20314,9,3,2
202100038110,133Â 542,A01,1,1,2,4,1,-1,-1,0,0,-1,2021,33.0,2,2,0,0,4,2,1,,1,52,-1,,3,5,0,1,14,500,3,, -1,1,0,1,110,19,5,2021,15:30,1,13,13007,1,1,1,2,AUTOROUTE A52 - PK 014.500,43.367528,5.611138,15,2,2
202100050884,110Â 722,A01,10,3,1,5,0,-1,-1,3,5,1,2021,43.0,2,5,0,1,1,1,1,,3,TOULLEC (RUE  FRANCOIS ),0,,2,2,0,1,0,20,1,, -1,1,0,1,50,18,2,2021,13:15,1,56,56121,2,6,0,6,TOULLEC (RUE  FRANCOIS ),47.73524,-3.37477,13,2,1
202100039637,130Â 740,B01,1,1,1,5,2,-1,-1,0,0,-1,2021,52.0,1,1,0,2,1,1,1,,2,21,0, -,2,2,0,1,2,200,1,, -1,1,6,1,30,10,5,2021,08:40,1,65,65375,2,2,1,3,Place Centrale,43.388115,0.151105,8,2,2
202100045459,120Â 478,B01,1,1,1,5,2,6,-1,-1, -1,-1,2021,33.0,1,1,0,2,3,15,1,,4,ABBE DERRY (DE L'),0,,1,1,0,1,0,0,1,, -1,1,0,1,50,2,4,2021,14:30,1,92,92040,2,1,0,3,ABBE DERRY (DE L'),48.82245,2.27969,14,2,2
202100011042,181Â 981,A01,1,1,1,4,8,-1,-1,-1, -1,-1,2021,63.0,2,1,0,1,1,1,5,,3,PLAGE (BD DE LA) DU 01 AU 53,0,,2,2,0,1,19,320,1,, -1,1,0,1,50,20,10,2021,10:05,1,33,33009,2,1,0,6,,44.656925,-1.148044,10,2,1
202100049339,113Â 568,A01,1,1,1,0,1,0,-1,-1, -1,-1,2021,33.0,2,4,0,2,0,0,1,,2,RN 104,0,,-1,2,0,3,28,582,2,, -1,2,0,1,70,4,3,2021,07:50,1,77,77251,1,1,0,1,RN 104,48.63043,2.53605,7,2,2
202100007932,187Â 562,A01,1,1,1,5,1,0,-1,-1, -1,-1,2021,22.0,1,2,4,0,1,16,1,,1,A50-Sens Toulon vers Aubagne,0,,1,3,0,2,27,243,3,, -1,2,9,1,90,15,11,2021,22:30,5,13,13085,1,1,0,1,A50-Sens Toulon vers Aubagne,43.26293,5.58962,22,1,1
202100047938,116Â 050,A01,1,1,1,3,1,8,-1,-1, -1,-1,2021,53.0,1,2,0,2,1,13,1,,3,RD 86 DE MONTS Ã  TOURS,0,,2,1,0,1,4,100,4,, -1,1,0,1,90,14,3,2021,17:55,2,37,37122,1,1,0,1,RD 86 DE MONTS Ã  TOURS,47.3091011742,0.6522059441,17,3,2
202100031693,145Â 109,A01,1,1,1,5,8,-1,-1,0,0,-1,2021,19.0,2,2,8,0,9,1,1,,3,922,0,D,2,2,0,1,23,0,4,, -1,1,0,1,50,1,7,2021,14:02,1,60,60446,2,1,0,7,18 Rue Beauregard,49.143219,2.799851,14,1,1
202100054183,104Â 895,B01,1,1,2,0,1,-1,-1,-1, -1,-1,2021,32.0,1,2,0,2,2,1,1,,4,,0,,2,2,0,1,(1),(1),3,, -1,1,0,1,50,20,1,2021,11:45,1,69,69259,2,1,0,3,JOANNES VALLET (R),45.7146548483,4.8861596156,11,4,2
202100038449,132Â 919,A01,1,1,2,5,1,-1,-1,0,0,-1,2021,53.0,1,2,0,0,1,21,1,,3,918,0,,2,2,0,1,8,(1),1,, -1,2,0,1,80,20,5,2021,04:00,3,18,18134,1,1,1,7,D918,47.135991,2.05447,4,1,1
202100041862,126Â 799,B01,1,1,2,1,8,0,-1,-1, -1,-1,2021,55.0,1,2,0,2,4,2,1,,2,RN 104,0,,3,2,0,1,48,0,1,, -1,1,0,1,110,30,4,2021,20:00,1,91,91103,1,1,0,4,RN 104,48.62483,2.3111,20,3,3
202100040895,128Â 530,A01,1,1,1,5,8,0,-1,-1, -1,-1,2021,17.0,1,1,0,2,1,1,5,,4,ARSENE D'ARSONVAL,0,,2,2,0,1,0,0,1,, -1,1,0,1,30,7,5,2021,16:52,1,64,64445,2,3,0,2,ARSENE D'ARSONVAL,43.30852,-0.3634,16,2,2
202100047139,117Â 508,B01,1,1,1,5,2,0,-1,0,0,-1,2021,27.0,1,1,0,2,1,1,5,,4,BOULEVARD JOURDAN,0,,3,2,1,2,(1),(1),1,, -1,1,-1,5,50,21,3,2021,19:10,5,75,75114,2,2,0,3,BOULEVARD JOURDAN,48.822167,2.330363,19,3,2
202100016410,172Â 304,A01,1,1,1,1,2,-1,-1,0,0,-1,2021,19.0,1,1,0,2,1,16,1,,3,12,0,,2,2,0,1,(1),(1),1,, -1,9,0,1,80,28,9,2021,07:35,2,85,85026,1,3,0,3,11 La Grande Alouette,46.552796,-1.427901,7,2,2
202100013252,178Â 054,A01,2,2,2,5,1,0,-1,-1, -1,-1,2021,79.0,1,2,0,2,7,15,1,,4,SAULNOIS (RUE DU),0,,2,2,0,1,(1),(1),1,, -1,1,0,1,50,14,10,2021,10:19,1,54,54304,2,2,1,3,RESISTANCE (AV. DE LA -IMPAIR-),48.6941943614,6.1316525361,10,3,2
202100028417,150Â 920,A01,2,2,2,5,2,6,-1,0,0,-1,2021,60.0,1,1,0,2,4,2,1,,3,912,0,,2,2,0,2,12,915,3,, -1,1,0,1,80,18,7,2021,17:10,1,73,73192,1,1,0,2,D912 Le Cholet,45.66737,6.042287,17,4,2
202100026996,153Â 458,A01,1,1,2,5,1,-1,-1,0,0,-1,2021,53.0,3,2,16,0,9,21,1,,4,,-1,,2,2,0,2,(1),(1),2,, -1,1,0,8,80,27,7,2021,14:15,1,38,38078,1,1,0,7,ROUTE DE BENS,45.399,6.139,14,1,1
202100029738,148Â 634,A01,1,1,1,0,2,4,-1,-1, -1,-1,2021,55.0,3,1,0,2,7,19,0,,4,JULES GUESDE                        (PL),0,,1,1,2,1,(1),(1),1,, -1,2,4,6,50,8,7,2021,19:35,1,69,69387,2,2,0,3,JULES GUESDE (PL),45.74668,4.83745,19,2,2
202100022254,161Â 862,A01,1,1,2,1,1,-1,-1,-1, -1,-1,2021,19.0,0,2,0,2,2,1,1,,4,BECQUEREL (RUE),0,,2,2,0,4,(1),(1),1,, -1,1,0,1,50,26,8,2021,16:35,1,50,50129,2,3,0,1,BECQUEREL (RUE),49.62849,-1.639752,16,2,2
202100054422,104Â 475,B01,1,1,1,0,2,0,-1,-1, -1,-1,2021,40.0,1,1,0,2,7,0,1,,4,RENE COTY,0,,2,2,0,1,(1),(1),1,, -1,1,0,1,50,15,1,2021,19:30,5,76,76351,2,2,0,3,Avenue RenÃ© Coty,49.49852,0.11796,19,3,2
202100048207,115Â 586,B01,1,1,1,0,2,6,-1,-1, -1,-1,2021,47.0,1,1,0,2,8,18,1,,1,A55-Sens Marseille vers Martigues,0,,1,2,0,1,2,799,1,, -1,1,2,1,70,9,3,2021,16:00,1,13,13202,1,1,0,3,A55-Sens Marseille vers Martigues,43.32334,5.3635,16,2,2
202100026202,154Â 860,A01,1,1,1,5,2,-1,-1,0,0,-1,2021,43.0,2,1,0,0,0,26,5,,3,20,0,D,2,2,0,2,23,900,1,, -1,1,0,1,50,1,8,2021,08:20,1,5,5184,1,1,0,7,D20,44.4108,5.954386,8,1,1
202100045471,120Â 458,A01,1,1,1,5,1,5,-1,0,0,-1,2021,21.0,1,2,16,0,1,0,1,,3,75,0,,2,2,0,1,15,190,1,, -1,1,0,3,80,3,4,2021,16:30,1,77,77109,2,1,0,7,D75,48.612995,3.189662,16,2,1
202100019041,167Â 602,A01,1,1,1,0,2,6,-1,0,0,-1,2021,22.0,1,1,0,2,1,13,1,,3,43,-1,,2,2,0,1,(1),(1),3,, -1,1,0,1,80,15,9,2021,16:15,1,202,202009,1,1,0,1,RD43,42.1045588607,9.5090532305,16,2,2
202100034401,140Â 246,A01,1,1,2,5,1,0,-1,-1, -1,-1,2021,19.0,2,2,14,0,1,26,1,,1,A51-Sens Aix en Provence vers Marseille,0,,1,2,0,1,17,0,1,, -1,1,0,1,90,15,6,2021,11:20,1,13,13001,1,1,0,6,A51-Sens Aix en Provence vers Marseille,43.52255,5.42695,11,2,1
202100001991,198Â 240,T01,10,3,1,0,0,-1,-1,-1, -1,-1,2021,18.0,3,3,0,1,3,1,3,,7,AMBROISE CROIZAT                    (BD),0,,3,4,3,1,1,900,1,, -1,1,4,6,70,20,12,2021,17:35,3,69,69259,2,1,0,6,AMBROISE CROIZAT (BD),45.705578606,4.8876956105,17,2,1
202100037944,133Â 842,A01,1,1,1,0,2,6,-1,-1, -1,-1,2021,25.0,2,1,0,2,1,2,1,,1,AUTOROUTE A22,0,,3,2,0,1,23,49,1,, -1,1,0,1,90,27,5,2021,18:20,1,59,59426,1,1,0,2,AUTOROUTE A22,50.754061,3.148257,18,2,2
202100029063,149Â 795,A01,1,1,2,0,1,0,-1,-1, -1,-1,2021,24.0,1,2,4,2,2,2,1,,1,AUTOROUTE A1,0,,3,6,0,1,6,0,1,, -1,1,0,1,90,14,7,2021,14:20,1,93,93027,1,1,0,3,AUTOROUTE A1,48.93464,2.39847,14,2,2
202100012462,179Â 431,A01,1,1,1,1,2,6,-1,-1, -1,-1,2021,31.0,3,1,0,0,8,1,1,,4,GUIGONNET (Route du),0,,2,2,0,1,0,0,1,, -1,1,0,1,50,9,9,2021,21:00,2,13,13039,1,1,0,6,GUIGONNET (Route du),43.45018,4.92535,21,1,1
202100001424,199Â 234,A01,1,1,1,5,1,-1,-1,0,0,-1,2021,75.0,1,2,3,0,7,14,1,,1,7,0,,3,3,0,1,89,70,1,, -1,2,0,2,130,27,12,2021,16:15,2,26,26165,1,1,0,6,Autoroute du Soleil,44.780708,4.816818,16,1,1
202100042255,126Â 101,B01,1,1,1,5,2,-1,-1,0,0,-1,2021,69.0,1,1,0,2,1,1,1,,3,142,0,,2,2,0,1,(1),(1),1,, -1,1,5,1,50,28,4,2021,16:25,1,91,91405,2,2,0,3,Rue Jean Cocteau,48.400756,2.471758,16,2,2
202100029427,149Â 176,A01,10,3,1,5,0,-1,-1,4,3,3,2021,10.0,1,2,0,1,1,9,1,,4,GUYNEMER RUE ET SQUARE,0,,2,2,0,1,1,0,1,, -1,1,0,1,50,11,7,2021,16:21,1,49,49007,2,3,0,6,GUYNEMER RUE ET SQUARE,47.45282,-0.5512,16,2,1
202100041648,127Â 161,B01,1,1,1,0,2,0,-1,-1, -1,-1,2021,37.0,2,1,0,2,8,2,1,,3,920,0,,1,2,0,1,0,0,1,, -1,1,0,1,50,28,4,2021,13:30,1,92,92014,2,3,0,3,GENERAL LECLERC (AV.) (57 A 135 - 50 A 1,48.7792984726,2.315261364,13,2,2
202100028805,150Â 232,B01,1,1,1,5,8,0,-1,-1, -1,-1,2021,40.0,2,1,0,2,7,1,3,,4,QUAI DU PORT,0,,1,1,0,1,0,0,2,, -1,1,5,1,50,15,7,2021,20:50,1,77,77479,2,6,0,3,QUAI DU PORT,48.8659485852,2.6423293177,20,2,2
202100031837,144Â 845,A01,1,1,1,4,2,-1,-1,0,0,-1,2021,20.0,0,1,0,2,1,1,1,,4,JEAN JAURES (RUE),0,,2,2,0,1,(1),(1),2,, -1,2,0,1,50,25,6,2021,20:23,1,80,80021,2,1,1,3,JEAN JAURES (RUE),49.89772,2.28662,20,2,2
202100048046,115Â 863,A01,1,1,1,5,8,0,-1,-1, -1,-1,2021,28.0,2,5,8,0,1,26,0,,4,COUBRON (RUE DE ),0,,2,2,0,2,0,0,3,, -1,2,0,4,30,14,3,2021,00:15,5,93,93047,2,1,1,6,COUBRON (RUE DE ),48.9031887648,2.5740596652,0,1,1
202100011896,180Â 462,A01,10,3,2,2,0,-1,-1,3,3,1,2021,12.0,2,2,0,1,2,1,1,,3,2,0,D,2,2,0,2,49,694,1,, -1,1,0,1,50,22,10,2021,07:40,5,56,56151,2,1,0,6,Rue de la Madeleine,48.064594,-2.890627,7,2,1
202100021054,164Â 025,A01,1,1,1,1,2,0,-1,-1, -1,-1,2021,21.0,2,1,0,2,1,1,1,,4,FLAHAULT (AVENUE CHARLES,0,,2,4,1,1,(1),(1),1,, -1,1,0,1,30,3,9,2021,08:15,1,34,34172,2,1,0,1,FLAHAULT (AVENUE CHARLES,43.62543,3.86082,8,2,2
202100049951,112Â 463,A01,10,3,1,5,0,-1,-1,2,3,2,2021,20.0,3,2,0,1,1,1,1,,4,,0,,1,1,3,1,(1),(1),1,, -1,1,9,1,30,28,2,2021,19:15,5,74,74010,2,1,0,6,17 Av de Champ Fleuri,45.890888,6.101467,19,2,1
202100032279,144Â 064,B01,2,2,2,0,1,-1,-1,-1, -1,-1,2021,19.0,2,2,0,2,7,1,1,,3,RD 905  COTE PEAGE,0,,-1,2,0,1,11,690,1,, -1,1,0,1,90,21,6,2021,23:35,3,39,39150,1,6,0,3,,47.052678,5.4366445,23,3,2
202100033020,142Â 720,A01,1,1,1,1,2,0,-1,-1, -1,-1,2021,36.0,1,1,0,2,1,16,1,,4,NEXON (RUE DE),0,,2,2,0,1,0,0,3,, -1,1,0,1,50,18,6,2021,13:02,1,87,87085,2,1,0,4,NEXON (RUE DE),45.81465,1.2535,13,3,3
202100054355,104Â 600,A01,1,1,1,1,2,6,-1,0,0,-1,2021,29.0,1,1,0,2,7,1,1,,4,AVENUE DE LA PORTE DE CLIGNANCOURT,0,,3,4,1,1,(1),(1),1,, -1,2,0,1,50,19,1,2021,14:44,1,75,75118,2,2,0,3,AVENUE DE LA PORTE DE CLIGNANCOURT,48.898073,2.344267,14,2,2
202100047113,117Â 557,B01,1,1,1,0,2,0,-1,-1, -1,-1,2021,38.0,2,1,0,2,7,1,1,,1,AUTOROUTE A1,0,,3,10,0,1,4,599,1,, -1,1,0,1,90,22,3,2021,08:05,1,93,93066,1,1,0,3,AUTOROUTE A1,48.93352,2.37799,8,2,2
202100003604,195Â 306,A01,10,3,1,0,0,-1,-1,2,3,1,2021,81.0,1,2,0,0,3,0,1,,4,MITTERAND FRANCOIS (AV),0,,1,1,1,1,0,0,1,, -1,2,0,1,50,10,12,2021,07:00,5,72,72181,2,1,1,6,MITTERAND FRANCOIS (AV),48.00357,0.19977,7,2,1
202100002638,197Â 063,A01,1,1,1,4,2,6,-1,0,0,-1,2021,29.0,2,1,0,2,3,3,1,,4,PORTE DE CLICHY,0,,1,4,0,1,19,700,1,, -1,1,0,1,70,16,12,2021,08:15,1,75,75117,2,1,0,5,PORTE DE CLICHY,48.898351,2.314643,8,3,3
202100051868,108Â 990,A01,1,1,1,4,1,0,-1,-1, -1,-1,2021,23.0,1,5,0,2,3,2,1,,1,A7-Sens Lyon vers Marseille,0,,-1,1,0,3,258,0,1,, -1,1,0,1,50,11,2,2021,08:15,1,13,13117,1,1,0,2,A7-Sens Lyon vers Marseille,43.464648,5.234291,8,2,2
202100020053,165Â 782,B01,1,1,1,5,2,0,-1,-1, -1,-1,2021,37.0,3,1,0,2,2,17,1,,4,AV GEORGES CLEMENCEAU,0,,1,2,0,1,0,0,1,, -1,2,0,1,50,5,9,2021,18:30,1,91,91377,2,1,1,3,AV GEORGES CLEMENCEAU,48.727001,2.254397,18,2,2
202100007964,187Â 493,B01,2,2,2,2,2,8,-1,-1, -1,-1,2021,12.0,2,1,0,4,1,1,1,,3,GOYAVIERS (ROUTE DE),0,,2,2,0,1,(1),(1),2,, -1,1,0,1,50,9,11,2021,07:00,1,974,97411,1,1,0,6,GOYAVIERS (ROUTE DE),-20.90036,55.41828,7,3,1
202100023453,159Â 702,A01,4,2,2,5,1,0,-1,0,0,-1,2021,52.0,2,3,0,1,2,1,1,3.0,4,RUE DE MENILMONTANT,0,,2,2,0,2,(1),(1),1,, -1,1,0,1,50,19,8,2021,15:25,1,75,75120,2,2,0,6,RUE DE MENILMONTANT,48.86866,2.389649,15,4,1
202100031227,145Â 923,A01,1,1,1,1,2,6,-1,0,0,-1,2021,28.0,2,1,0,2,8,17,1,,2,88,0,N,3,4,0,1,42,487,1,, -1,1,0,1,110,1,6,2021,19:29,1,81,81297,1,1,0,3,RN88,43.9151453687,2.0639705659,19,2,2
202100037197,135Â 192,A01,1,1,1,9,8,0,-1,-1, -1,-1,2021,69.0,3,2,0,2,1,5,1,,3,AV ANDRE MALRAUX,0,,2,2,0,1,30,264,1,, -1,1,0,1,50,30,5,2021,08:40,1,77,77122,2,6,0,1,AV DE LA REPUBLIQUE,48.66554,2.54991,8,2,2
202100023844,159Â 006,A01,1,1,1,1,2,8,-1,-1, -1,-1,2021,25.0,1,1,0,0,7,9,1,,2,AXE MIXTE DE CAMBAIE,0,,1,2,0,1,(1),(1),1,, -1,9,0,1,70,16,8,2021,07:55,1,974,97407,1,6,0,7,AXE MIXTE DE CAMBAIE,-20.95325,55.29431,7,1,1
202100020168,165Â 585,A01,2,2,2,0,1,-1,-1,0,0,-1,2021,16.0,1,2,3,0,2,1,1,,1,4,0,A,3,4,0,1,142,0,1,, -1,1,2,1,90,5,9,2021,05:45,2,51,51172,1,1,0,7,A4,49.2106070004,4.0521344665,5,4,1
202100003942,194Â 699,B01,1,1,1,0,2,0,-1,-1, -1,-1,2021,43.0,1,1,1,2,3,3,1,,1,AUTOROUTE A3,0,,3,6,0,1,2,500,1,, -1,1,0,1,70,9,12,2021,01:20,3,93,93063,1,1,0,3,AUTOROUTE A3,48.87638,2.44262,1,2,2
202100035276,138Â 647,B01,1,1,1,1,2,-1,-1,0,0,-1,2021,55.0,1,0,0,2,3,1,3,,4,LIBERTE PLACE DE LA,0,,1,2,0,1,(1),(1),1,, -1,1,5,1,30,9,6,2021,12:15,1,29,29019,2,7,0,3,Place de la LibertÃ©,48.3902,-4.4856,12,2,2
202100044898,121Â 467,C01,1,1,1,5,2,-1,-1,0,0,-1,2021,31.0,3,1,0,2,2,26,1,,4,,0,,2,2,0,1,(1),(1),1,, -1,1,5,1,50,8,4,2021,10:30,1,64,64496,2,3,0,3,Avenue du Labourd,43.477448,-1.457668,10,2,2
202100049027,114Â 125,B01,1,1,2,5,1,-1,-1,0,0,-1,2021,22.0,2,2,0,2,3,1,1,,3,,-1,,2,2,0,1,17,730,2,, -1,1,0,1,80,6,3,2021,17:50,1,85,85178,1,1,0,3,L'EgroniÃ¨re,46.788737,-1.557333,17,3,2
202100024484,157Â 900,B01,1,1,1,4,1,0,-1,-1, -1,-1,2021,54.0,1,2,0,2,0,1,1,,1,A86 INT,0,,3,2,0,1,40,0,1,, -1,1,0,1,90,13,8,2021,11:15,1,94,94028,1,1,0,2,A86 INT,48.78098,2.441,11,2,2
202100015157,174Â 619,A01,1,1,1,1,2,6,-1,0,0,-1,2021,24.0,2,1,13,0,0,1,1,,3,920,-1,D,2,2,0,1,11,520,2,, -1,1,0,3,90,24,8,2021,17:40,1,19,19250,1,1,0,7,Le breuil,45.471259,1.546229,17,1,1
202100000713,200Â 442,A01,10,3,1,5,0,-1,-1,4,3,1,2021,13.0,3,2,0,1,2,1,1,,3,313,0,D,2,2,0,1,(1),(1),1,, -1,1,0,1,50,23,12,2021,17:40,5,38,38553,2,1,0,6,Boulevard de Villefontaine,45.611696,5.153945,17,2,1
202100004018,194Â 556,A01,1,1,1,5,2,0,-1,-1, -1,-1,2021,33.0,2,6,1,0,1,14,1,,4,ALLENDE (RUE S.),0,,2,2,1,1,(1),(1),1,, -1,2,0,3,50,27,11,2021,14:30,1,62,62193,2,1,1,6,ALLENDE (RUE S.),50.9477,1.87866,14,1,1
202100052375,108Â 094,A01,1,1,2,0,1,8,-1,-1, -1,-1,2021,21.0,3,2,0,5,1,13,1,,4,MASCAREIGNES(BOULEVARD),0,,2,2,0,1,0,0,1,, -1,1,0,1,50,4,2,2021,21:15,3,974,97407,2,1,0,7,MASCAREIGNES(BOULEVARD),-20.94653,55.30424,21,1,1
202100049978,112Â 408,B01,1,1,1,1,1,0,-1,-1,0,-1,2021,32.0,2,2,0,2,1,1,1,,2,RN 104,0,,3,6,0,1,20,649,1,, -1,1,0,1,110,26,2,2021,18:00,1,95,95351,1,1,0,2,RN 104,49.04117,2.48221,18,2,2
202100038588,132Â 670,A01,1,1,1,5,2,-1,-1,0,0,-1,2021,58.0,1,1,0,2,1,13,1,,3,,0,,2,2,0,1,1,475,2,, -1,1,0,1,70,20,5,2021,21:13,2,33,33062,1,1,0,1,,45.028243,-0.215762,21,3,2
202100043513,123Â 885,A01,1,1,2,0,1,-1,-1,0,0,-1,2021,52.0,2,2,0,2,1,13,1,,2,21,-1,,2,2,0,1,116,317,1,, -1,1,0,5,80,19,4,2021,12:55,1,24,24126,1,1,0,1,N21,44.787508,0.524538,12,2,2
202100000537,200Â 745,A01,1,1,1,0,1,0,-1,-1, -1,-1,2021,21.0,2,2,0,2,1,2,1,,3,TOURS (RTE) LIGNE DROITE DES HUNAUDIERES,0,,-1,4,0,1,43,700,1,, -1,1,0,1,90,11,11,2021,17:55,2,72,72181,1,1,0,2,TOURS (RTE) LIGNE DROITE DES HUNAUDIERES,47.95998,0.22515,17,2,2