Num_Acc,id_vehicule,num_veh,place,catu,sexe,trajet,secu1,secu2,secu3,locp,actp,etatp,year_acc,victim_age,senc,catv,obs,obsm,choc,manv,motor,occutc,catr,voie,v1,v2,circ,nbv,vosp,prof,pr,pr1,plan,lartpc,larrout,surf,infra,situ,vma,jour,mois,an,hrmn,lum,dep,com,agg_,int,atm,col,adr,lat,long,hour,nb_victim,nb_vehicules
202100031659,145Â 165,A01,1,1,1,1,2,6,-1,0,0,-1,2021,22.0,2,1,12,0,0,1,1,,3,21,0,,2,1,0,2,1,670,1,, -1,1,9,4,70,1,7,2021,06:00,2,53,53037,1,1,0,7,CD21,47.877955,-0.397696,6,1,1
202100032113,144Â 351,A01,2,2,1,5,1,-1,-1,-1, -1,-1,2021,14.0,1,2,1,0,1,13,1,,4,CHAMPAUBERT (RUE DE),0,,2,2,0,2,(1),(1),1,, -1,2,0,1,50,26,6,2021,13:30,1,35,35051,2,3,1,6,CHAMPAUBERT (RUE DE),48.120889,-1.612239,13,2,1
202100009982,183Â 858,A01,1,1,1,5,8,-1,-1,0,0,-1,2021,52.0,1,2,0,2,1,11,1,,3,17,0,D,2,2,1,1,5,820,1,, -1,2,0,1,80,31,10,2021,18:30,3,56,56263,1,1,0,1,Route de Vannes,47.703639,-2.940822,18,6,2
202100017642,170Â 084,A01,1,1,1,1,1,0,-1,-1, -1,-1,2021,38.0,0,2,0,2,1,5,1,,4,CASSIN ( BD RENE ),0,,1,1,0,1,(1),0,3,, -1,1,0,1,50,21,9,2021,16:20,1,44,44109,2,6,0,1,CASSIN ( BD RENE ),47.26427,-1.574,16,2,2
202100008519,186Â 506,A01,10,3,2,3,0,-1,-1,3,3,1,2021,80.0,0,2,0,1,1,1,1,,4,,-1,,2,2,0,1,(1),(1),1,,4,3,0,1,50,11,11,2021,08:30,1,13,13078,2,1,1,3,Avenue de la 1Ã¨re Division FranÃ§aise Libre,43.383905,4.808428,8,2,1
202100006425,190Â 311,A01,10,3,2,0,0,-1,-1,3,3,1,2021,42.0,1,2,0,1,2,16,1,,7,MARQUISAT (AV DU),0,,1,1,0,2,31,905,3,, -1,2,9,1,30,24,11,2021,19:00,5,31,31557,2,9,1,6,MARQUISAT (AV DU),43.576141,1.347854,19,2,1
202100050110,112Â 168,B01,2,2,2,5,2,-1,-1,0,0,-1,2021,41.0,1,1,0,2,1,1,1,,3,977,2,,2,2,0,1,6,300,1,, -1,1,0,1,80,27,2,2021,16:50,1,21,21139,1,3,0,3,D977bis,47.288832,4.171114,16,4,2
202100046986,117Â 794,B01,1,1,1,5,6,-1,-1,0,0,-1,2021,18.0,1,1,0,2,1,1,1,,4,,-1,,2,2,0,2,(1),(1),1,, -1,1,0,1,50,23,3,2021,12:10,1,3,3118,2,3,0,3,28 Rue Jules Bertin,46.087847,3.197463,12,3,2
202100015958,173Â 143,B01,1,1,1,1,2,6,-1,0,0,-1,2021,21.0,2,1,0,2,9,1,1,,4,BOULEVARD HENRI IV,0,,2,5,0,1,(1),(1),1,, -1,1,0,1,30,28,9,2021,17:50,1,75,75104,2,2,0,3,BOULEVARD HENRI IV,48.8508224054,2.3614320844,17,2,2
202100011026,182Â 014,A01,1,1,1,0,2,6,-1,-1, -1,-1,2021,30.0,2,1,0,2,0,1,1,,2,RN315 W,0,,3,2,0,1,3,500,1,, -1,1,0,1,90,25,10,2021,09:00,1,92,92036,1,1,0,6,RN315 W,48.934791795,2.3020891821,9,1,1
202100028887,150Â 087,A01,2,2,1,9,0,-1,-1,0,0,-1,2021,18.0,1,2,15,0,8,0,1,,3,97,0,D,2,2,0,1,3,100,3,, -1,1,0,3,80,23,5,2021,03:20,3,60,60514,1,1,0,6,D97,49.607248,1.995499,3,3,1
202100007654,188Â 068,A01,1,1,1,1,8,0,-1,0,0,-1,2021,57.0,2,0,0,1,0,1,3,,4,BOULEVARD NEY,0,,1,2,1,1,(1),(1),1,, -1,1,-1,5,30,17,11,2021,19:05,5,75,75118,2,3,0,6,BOULEVARD NEY,48.897825,2.335339,19,2,1
202100043045,124Â 733,B01,4,2,2,5,1,5,-1,-1, -1,-1,2021,8.0,1,2,0,2,1,1,1,,7,D.5,0,,2,2,0,1,48,500,1,, -1,1,0,1,70,22,4,2021,11:05,1,13,13047,1,9,0,3,D.5,43.59945,4.93564,11,3,2
202100042076,126Â 415,B01,1,1,1,5,2,8,-1,-1, -1,-1,2021,49.0,1,1,0,2,1,23,1,,3,39,0,,2,2,0,2,0,0,1,, -1,2,0,1,50,28,4,2021,18:30,1,92,92063,2,1,1,6,DIX-HUIT JUIN 1940 (AVENUE DU) EST,48.86753,2.19736,18,2,2
202100034411,140Â 222,B01,5,2,1,5,3,-1,-1,-1, -1,-1,2021,6.0,2,2,0,2,4,1,1,,1,AUTOROUTE A 10,0,,1,1,0,1,534,370,1,, -1,1,3,1,80,13,6,2021,23:50,3,33,33487,1,6,0,2,Autoroute A10 -E41-,44.9518005082,-0.4601168633,23,6,2
202100034917,139Â 293,A01,6,2,1,0,1,0,-1,-1, -1,-1,2021,27.0,2,2,0,2,1,19,0,,7,SAINT SIMON (RTE DE) DU 3 AU 108,0,,2,1,0,1,61,561,1,, -1,1,0,1,50,10,6,2021,20:16,1,31,31555,2,2,0,3,EISENHOWER (AVENUE DU GENERAL),43.56797,1.37689,20,4,2
202100042710,125Â 288,A01,10,3,2,5,0,-1,-1,3,3,2,2021,63.0,1,2,0,1,1,15,1,,3,BD PASTEUR,0,,3,2,0,1,1,0,1,, -1,1,0,1,30,24,4,2021,17:45,1,94,94034,2,1,0,6,PASTEUR (BD),48.75751,2.3163,17,2,1
202100053137,106Â 761,A01,1,1,1,0,2,-1,-1,0,0,-1,2021,36.0,1,6,6,0,2,0,1,,3,D 156,-1,D,2,2,0,2,(1),(1),2,, -1,2,0,4,50,31,1,2021,19:40,5,59,59012,2,3,1,6,10 Rue du GÃ©nÃ©ral de Gaulle,49.991912,4.100229,19,1,1
202100013265,178Â 030,A01,10,3,2,5,0,-1,-1,4,3,1,2021,74.0,2,5,0,1,1,15,1,,4,JEAN JAURES,0,,2,4,2,1,(1),(1),1,, -1,1,5,1,50,14,10,2021,13:00,1,37,37122,2,1,0,6,JEAN JAURES,47.3483838189,0.6604690321,13,2,1
202100008264,186Â 942,A01,1,1,1,9,2,6,-1,0,0,-1,2021,20.0,1,1,0,2,8,18,1,,4,AVENUE DE MARIGNY,0,,2,3,0,1,(1),(1),1,, -1,1,0,1,50,13,11,2021,02:00,5,75,75108,2,3,0,3,AVENUE DE MARIGNY,48.868856,2.314638,2,2,2
202100013528,177Â 546,A01,2,2,1,0,1,0,-1,-1, -1,-1,2021,43.0,3,2,6,0,2,1,1,,4,COUESNON (AVENUE DU),0,,2,2,0,4,(1),(1),1,, -1,1,1,8,50,13,10,2021,19:05,1,35,35278,1,1,0,7,COUESNON (AVENUE DU),48.14152,-1.6718,19,2,1
202100009721,184Â 325,A01,10,3,1,0,0,-1,-1,1,9,1,2021,61.0,0,2,0,1,1,9,1,,4,COURTIRAS (RUE DE),0,,-1,2,0,1,(1),(1),1,, -1,2,0,1,50,2,11,2021,21:35,5,41,41269,2,1,1,6,COURTIRAS (RUE DE),47.80315,1.04166,21,2,1
202100042664,125Â 372,B01,2,2,2,5,1,1,-1,0,0,-1,2021,23.0,1,2,0,2,4,23,1,,1,VOIE DE DEGAGEMENT OUEST,0,,3,4,0,1,0,0,1,, -1,1,5,1,50,24,4,2021,17:20,1,988,98818,2,6,0,2,VE1 SENS SUD/NORD,-22.26069,166.4444,17,3,2
202100044425,122Â 277,A01,1,1,2,5,1,0,-1,-1, -1,-1,2021,24.0,2,2,0,2,4,1,1,,1,A7-Sens Marseille vers Lyon,0,,1,2,0,1,260,0,1,, -1,1,0,1,110,10,4,2021,15:11,1,13,13117,1,1,0,2,A7-Sens Marseille vers Lyon,43.446172,5.242632,15,2,2
202100042311,125Â 996,B01,1,1,2,1,8,0,-1,-1, -1,-1,2021,47.0,1,1,0,2,1,1,3,,4,ORGEMONT,0,,2,2,0,1,1,0,1,, -1,1,0,1,50,27,4,2021,09:26,1,49,49007,2,1,0,3,ORGEMONT,47.453729,-0.546064,9,2,2
202100022693,161Â 047,A01,1,1,1,1,2,6,-1,-1, -1,-1,2021,54.0,2,1,0,0,8,1,1,,4,YPRES (D')                          (R ),0,,2,2,0,2,(1),(1),2,, -1,9,0,1,50,24,8,2021,06:20,2,69,69384,2,1,0,7,YPRES (D') (R),45.7824055993,4.8174056389,6,1,1
202100046136,119Â 294,B01,1,1,2,5,8,0,-1,0,0,-1,2021,34.0,3,1,0,2,7,9,5,,4,RUE BUFFON,0,,-1,2,1,1,(1),(1),1,, -1,1,-1,5,30,29,3,2021,17:20,1,75,75105,2,1,0,3,RUE BUFFON,48.842732,2.36195,17,2,2
202100019923,166Â 020,B01,1,1,1,9,1,0,-1,-1, -1,-1,2021,61.0,3,2,0,2,8,15,1,,4,MUGUETS   (AVENUE DES),0,,2,2,0,1,1,0,1,, -1,1,0,1,50,8,9,2021,13:35,1,93,93032,2,3,0,3,Avenue des Muguets / Avenue des Roses,48.89473,2.54373,13,2,2
202100039111,131Â 720,A01,10,3,1,0,0,-1,-1,3,3,1,2021,83.0,1,4,0,1,2,15,1,,4,MOULIN JEAN (AV),0,,2,3,0,1,(1),(1),1,, -1,1,0,1,50,5,5,2021,11:10,1,34,34032,2,2,1,6,MOULIN JEAN (AV),43.346497,3.219029,11,2,1
202100032985,142Â 789,A01,3,2,1,5,1,-1,-1,-1, -1,-1,2021,20.0,1,2,0,2,3,1,1,,7,M7   2.278 A 3.690,0,,3,6,0,2,2,500,2,, -1,2,0,1,70,22,6,2021,02:13,3,69,69142,1,1,1,4,M7,45.7291992978,4.8158827537,2,6,4
202100022263,161Â 845,A01,1,1,1,4,8,0,-1,-1, -1,-1,2021,23.0,2,1,0,2,2,1,0,,4,CHANZY (RUE DU GENERAL),0,,1,1,0,1,(1),(1),1,, -1,1,0,1,50,27,8,2021,18:40,1,37,37261,2,2,0,6,CHANZY (RUE DU GENERAL),47.3890866333,0.6730881986,18,2,2
202100013038,178Â 444,A01,1,1,1,0,1,-1,-1,-1, -1,-1,2021,33.0,2,2,0,2,1,13,1,,7,TOULON RD 554 (AVENUE DE),0,,2,2,0,1,104,205,1,, -1,1,0,1,50,14,10,2021,16:20,1,83,83069,2,1,0,1,TOULON RD 554 (AVENUE DE),43.12332,6.11528,16,2,2
202100004322,194Â 033,A01,1,1,1,3,1,-1,-1,0,0,-1,2021,35.0,2,2,0,2,3,13,1,,3,913,-1,,2,2,0,1,5,750,1,, -1,2,0,1,70,6,12,2021,11:20,1,65,65473,1,1,0,3,Rd 913,42.953054,-0.065709,11,2,2
202100007099,189Â 078,A01,2,2,2,5,2,6,-1,0,0,-1,2021,27.0,2,1,0,0,0,1,1,,3,87,0,D,2,2,0,1,18,127,1,, -1,1,0,1,80,20,11,2021,10:35,1,81,81038,1,1,0,7,Route de Lavaur,43.890656,1.893747,10,2,1
202100033809,141Â 328,A01,1,1,1,5,8,0,-1,-1, -1,-1,2021,31.0,3,1,0,2,7,19,3,,4,MERCADER (BOULEVARD FELIX),0,,2,4,0,1,0,0,1,, -1,1,0,1,50,16,6,2021,11:10,1,66,66136,2,1,0,6,MERCADER (BOULEVARD FELIX),42.6925,2.8919,11,2,2
202100019764,166Â 319,A01,1,1,1,9,1,-1,-1,0,0,-1,2021,49.0,2,2,13,0,3,1,1,,3,93,-1,,2,2,0,3,3,249,2,, -1,1,0,1,80,10,9,2021,19:10,1,76,76243,1,1,0,7,D93,49.5445711238,1.3630642088,19,1,1
202100005717,191Â 588,A01,1,1,1,5,2,6,-1,-1, -1,-1,2021,34.0,1,1,0,2,1,3,1,,7,M6   453.400 A 455.000,0,,1,2,0,1,454,0,1,, -1,1,1,1,70,26,11,2021,19:30,5,69,69385,1,1,0,2,M6  453.400 A 455.000,45.7582392974,4.8124998808,19,2,2
202100048040,115Â 872,A01,1,1,1,9,2,0,-1,0,0,-1,2021,34.0,1,1,0,2,7,1,1,,4,BOULEVARD DE MAGENTA,0,,2,2,3,1,(1),(1),1,, -1,2,0,1,50,13,3,2021,23:50,5,75,75110,2,9,1,3,BOULEVARD DE MAGENTA,48.871511,2.360347,23,2,2
202100009125,185Â 399,A01,1,1,1,4,2,0,-1,-1, -1,-1,2021,25.0,2,1,0,2,6,16,3,,4,JEANNE D ARC (AV),0,,3,2,0,1,1,0,1,, -1,1,0,1,30,6,11,2021,12:00,1,94,94068,2,4,0,3,Avenue Jeanne dâArc,48.79487,2.50342,12,2,2
202100024710,157Â 475,A01,1,1,1,5,2,8,-1,-1, -1,-1,2021,37.0,3,1,0,2,1,17,1,,4,MACE (ROUTE GABRIEL),0,,2,2,0,2,0,0,1,, -1,1,0,1,50,10,8,2021,15:40,1,974,97411,2,1,0,3,MACE (ROUTE GABRIEL),-20.9072,55.50393,15,2,2
202100034720,139Â 655,A01,1,1,1,0,2,0,-1,-1, -1,-1,2021,22.0,1,1,0,2,1,3,1,,2,385,0,,2,4,0,1,57,250,1,, -1,1,0,1,90,12,6,2021,19:40,1,92,92019,1,1,0,6,RN 385 ExtÃ¨rieure,48.7697864876,2.244013287,19,3,3
202100012613,179Â 166,A01,1,1,1,5,2,6,9,0,0,-1,2021,22.0,3,1,14,0,2,1,1,,4,,-1,,-1,2,0,2,(1),(1),1,, -1,1,0,1,-1,13,6,2021,20:30,2,74,74290,1,1,0,7,Che de Loriaz,46.024696,6.911945,20,1,1
202100033023,142Â 713,B01,2,2,2,5,1,0,-1,-1, -1,-1,2021,17.0,2,2,0,2,1,1,1,,4,GRENIER (QUAI EMILE),0,,-1,2,0,1,0,0,1,, -1,1,0,1,50,19,6,2021,17:30,1,83,83137,2,1,0,4,GRENIER (QUAI EMILE),43.134561,5.905957,17,4,3
202100010994,182Â 073,A01,1,1,1,5,1,-1,-1,0,0,-1,2021,52.0,2,2,3,0,1,21,1,,1,40,0,,1,4,0,1,168,0,1,, -1,2,0,1,130,21,10,2021,01:11,3,1,1451,1,1,1,6,A 40,46.242373,5.270348,1,1,1
202100021422,163Â 362,A01,1,1,2,4,2,0,-1,-1, -1,-1,2021,19.0,1,0,0,2,1,1,3,,3,REPUBLIQUE (AVENUE DE LA),0,,2,0,0,1,107,0,1,, -1,1,0,1,30,1,9,2021,09:15,1,91,91421,2,3,0,3,REPUBLIQUE (AVENUE DE LA),48.7026,2.4631,9,3,2
202100047027,117Â 713,A01,1,1,1,1,8,0,-1,-1, -1,-1,2021,29.0,1,1,0,0,7,1,5,,4,SERRES (RUE OLIVIER DE),0,,2,2,0,1,0,0,1,, -1,1,0,1,50,18,3,2021,16:40,1,87,87085,2,1,0,7,SERRES (RUE OLIVIER DE),45.84417,1.23503,16,1,1
202100015492,174Â 011,A01,2,2,1,5,1,-1,-1,-1,0,-1,2021,17.0,2,2,2,0,1,26,1,,3,ERMONT (RUE D'),0,,3,4,0,1,0,0,1,, -1,1,0,1,50,1,10,2021,03:15,5,95,95555,2,9,0,6,ERMONT (RUE D'),48.9731630689,2.2759321509,3,2,1
202100035317,138Â 581,A01,1,1,1,9,1,0,-1,0,0,-1,2021,32.0,1,2,1,0,1,14,1,,4,AVENUE DE SAINT MAURICE,0,,2,2,0,1,(1),(1),1,, -1,1,0,1,50,10,6,2021,20:55,1,75,75112,2,1,0,6,AVENUE DE SAINT MAURICE,48.825304,2.419979,20,1,1
202100000501,200Â 806,A01,10,3,2,0,0,-1,-1,3,3,2,2021,41.0,2,2,0,1,2,26,1,,3,GENERAL LECLERC (RUE DU),0,,2,1,0,1,11,786,3,, -1,1,9,1,30,16,10,2021,17:05,1,78,78124,2,9,0,6,GENERAL LECLERC (RUE DU),48.90719,2.17519,17,3,1
202100018896,167Â 868,A01,2,2,2,1,1,0,-1,-1, -1,-1,2021,26.0,1,2,3,0,1,1,1,,2,RN104,0,,-1,4,0,1,0,600,2,, -1,2,2,1,90,15,9,2021,09:30,1,77,77169,1,1,1,6,RN104,48.8246280227,2.6155684851,9,2,1
202100043912,123Â 177,A01,1,1,1,4,2,6,-1,0,0,-1,2021,35.0,1,1,9,0,5,13,1,,4,BOULEVARD DE L HOPITAL,0,,2,3,0,2,(1),(1),1,, -1,1,0,1,30,15,4,2021,09:26,1,75,75113,2,4,0,6,BOULEVARD DE L HOPITAL,48.8399897173,2.3617762327,9,1,1
202100014339,176Â 076,A01,10,3,2,0,0,-1,-1,3,5,1,2021,11.0,1,2,0,1,3,1,1,,3,AV DE LA MALIBRAN,0,,2,2,0,1,1,905,1,, -1,1,0,1,50,8,10,2021,12:50,1,77,77390,2,1,0,1,D361,48.79792,2.64009,12,2,1
202100048974,114Â 208,Z01,10,3,1,3,8,8,-1,2,3,1,2021,54.0,1,4,0,1,4,4,0,,4,RU DE MONTFORT (CHEMIN),0,,2,2,0,1,0,0,1,, -1,1,0,1,50,6,3,2021,17:40,1,93,93066,2,1,0,6,RU DE MONTFORT (CHEMIN),48.9267,2.3662,17,2,1
202100027374,152Â 784,C01,1,1,1,0,1,0,-1,-1, -1,-1,2021,36.0,0,2,0,2,4,16,1,,7,MICHELET (BOULEVARD),0,,2,6,3,2,0,0,1,, -1,1,0,1,50,22,7,2021,19:10,1,13,13208,2,1,0,5,MICHELET (BOULEVARD),43.25942,5.39895,19,6,3
202100048160,115Â 662,A01,1,1,1,0,1,8,-1,-1, -1,-1,2021,41.0,-1,2,0,2,1,2,1,,3,BARBUSSE HENRI BOULEVARD,0,,1,2,0,2,1,1,1,, -1,2,0,1,50,13,3,2021,18:30,1,93,93063,2,1,1,2,BARBUSSE HENRI BOULEVARD,48.877801831,2.4413949251,18,2,2
202100019802,166Â 254,A01,1,1,2,5,1,-1,-1,0,0,-1,2021,72.0,0,2,0,2,1,19,1,,3,15,-1,,2,2,0,1,(1),(1),1,,4,1,5,1,80,11,9,2021,08:26,1,22,22210,1,2,0,1,dÃ©partementale 15,48.801429,-3.063136,8,2,2
202100028663,150Â 483,A01,1,1,2,0,1,-1,-1,0,0,-1,2021,37.0,1,2,0,2,1,2,1,,2,ECHANGEUR NÂ° 01 ( PORTE DE PARIS ),0,,3,2,0,1,27,0,1,, -1,1,0,1,70,16,7,2021,11:15,1,14,14437,1,1,0,6,N814,49.16362,-0.30579,11,3,3
202100008760,186Â 079,B01,2,2,2,5,2,6,-1,0,0,-1,2021,23.0,3,1,0,2,1,16,1,,4,QUAI SAINT EXUPERY,0,,1,2,0,1,(1),(1),1,, -1,1,0,1,50,9,11,2021,20:20,3,75,75116,2,4,0,3,QUAI SAINT EXUPERY,48.838372,2.266,20,3,2
202100050487,111Â 450,B01,1,1,2,9,2,0,-1,0,0,-1,2021,23.0,2,1,0,2,1,1,3,,4,RUE DE CHATEAUDUN,0,,2,2,3,1,(1),(1),1,, -1,1,0,1,50,23,2,2021,09:30,1,75,75109,2,1,0,3,RUE DE CHATEAUDUN,48.876299,2.333674,9,2,2
202100022022,162Â 267,A01,1,1,1,5,2,-1,-1,0,0,-1,2021,32.0,1,1,0,2,1,17,1,,3,844,-1,,2,2,0,1,3,1,2,, -1,1,0,1,80,27,8,2021,16:45,1,26,26169,1,1,0,1,Route de Donzere,44.471521,4.742188,16,2,2
202100056255,101Â 342,A01,1,1,2,5,1,8,-1,-1, -1,-1,2021,28.0,1,2,7,0,3,13,1,,4,LOTE (RUE  RENE ),0,,2,2,0,1,(1),(1),1,, -1,1,0,8,50,3,1,2021,14:45,1,56,56121,2,1,0,6,LOTE (RUE  RENE ),47.77045,-3.40388,14,1,1
202100019644,166Â 532,B01,1,1,2,2,1,8,-1,-1, -1,-1,2021,30.0,2,2,0,2,8,1,1,,3,,-1,,2,-1,-1,1,7,140,1,, -1,2,0,1,-1,10,9,2021,07:45,1,78,78401,2,3,1,3,TESSANCOURT (RUE DE),49.00872,1.9051,7,4,2
202100009325,185Â 035,A01,1,1,1,4,2,6,-1,-1, -1,-1,2021,27.0,1,1,0,2,2,1,1,,4,,0,,2,2,0,1,0,0,1,, -1,1,0,1,30,5,11,2021,16:20,1,92,92026,2,3,0,3,ARISTIDE BRIAND,48.899254,2.257751,16,2,2
202100044795,121Â 640,A01,1,1,1,0,1,0,-1,-1, -1,-1,2021,76.0,3,2,0,1,2,26,1,,3,Secteur Pont de la Gabarre,0,,3,2,0,1,0,0,1,, -1,1,0,1,50,7,4,2021,09:05,1,971,97120,2,1,0,6,Secteur Pont de la Gabarre,16.24869,-61.53825,9,1,1
202100014966,174Â 954,A01,1,1,2,1,1,-1,-1,-1, -1,-1,2021,62.0,2,2,0,2,1,2,1,,7,GEORGES CLEMENCEAU                  (QU),0,,2,2,0,1,14,0,1,, -1,2,0,1,50,4,10,2021,07:00,3,69,69034,2,1,1,2,GEORGES CLEMENCEAU (Q),45.79642,4.83337,7,2,2
202100043557,123Â 809,B01,1,1,1,4,8,0,-1,0,0,-1,2021,21.0,1,1,0,2,1,1,5,,4,RUE DE LA JONQUIERE,0,,1,1,2,1,(1),(1),1,, -1,1,-1,5,30,17,4,2021,20:00,1,75,75117,2,4,0,3,RUE DE LA JONQUIERE,48.894998,2.317661,20,2,2
202100042793,125Â 167,A01,1,1,1,0,1,0,-1,-1, -1,-1,2021,35.0,2,2,6,0,1,1,1,,2,RN 449,0,,3,8,0,1,0,144,2,, -1,1,2,2,50,24,4,2021,11:15,1,91,91521,1,1,0,6,RN 449,48.63585,2.40103,11,2,1
202100049345,113Â 557,B01,1,1,1,5,1,0,-1,-1,0,-1,2021,21.0,2,2,0,2,4,1,1,,2,RN 104,0,,3,5,0,1,13,369,1,, -1,1,0,1,90,3,3,2021,20:00,3,95,95365,1,1,0,2,RN 104,49.06755,2.39818,20,2,2
202100024431,158Â 011,A01,1,1,1,5,2,6,9,0,0,-1,2021,54.0,2,1,0,2,1,2,6,,1,A35,0,A,3,4,0,1,420,600,1,, -1,1,0,1,130,14,8,2021,09:00,1,67,67329,1,1,0,2,A35 pk420+600,48.447934,7.505207,9,2,2
202100036572,136Â 342,Z01,10,3,1,0,0,-1,-1,2,3,1,2021,34.0,1,1,0,0,1,17,0,,3,SAINT LEU (ROUTE),0,,2,2,0,1,0,0,1,, -1,1,9,1,50,23,2,2021,19:30,5,93,93079,2,1,0,6,SAINT LEU (ROUTE),48.951967764,2.3383698692,19,2,1
202100037769,134Â 150,A01,10,3,1,5,0,0,0,0,0,1,2021,73.0,3,0,0,1,0,2,0,,4,SAINT LAZARE (RUE),0,,1,1,0,1,0,0,1,, -1,1,0,1,50,28,5,2021,15:15,1,61,61001,2,1,0,6,SAINT LAZARE (RUE),48.42229,0.09011,15,2,1
202100003593,195Â 324,A01,1,1,2,5,8,0,-1,-1, -1,-1,2021,36.0,3,1,0,2,2,26,0,,4,RUE DES LABOURS,0,,1,1,0,1,1,0,1,, -1,2,0,1,30,10,12,2021,23:30,5,77,77268,2,1,1,1,RUE DES LABOURS,48.86674,2.81121,23,2,2
202100027020,153Â 416,B01,1,1,1,4,2,-1,-1,0,0,-1,2021,45.0,0,1,0,2,7,1,1,,4,559,-1,A,2,2,0,1,(1),(1),1,, -1,1,0,1,50,24,7,2021,20:45,1,83,83070,2,2,0,3,Av Louis Faedda,43.13761,6.376807,20,2,2
202100006202,190Â 722,B01,1,1,1,3,2,6,-1,-1,0,-1,2021,17.0,3,1,0,0,1,1,1,,4,MARE ÃPINEUSE(CHEMIN DE LA),0,,2,2,0,1,(1),(1),1,, -1,2,0,1,50,25,11,2021,17:40,3,95,95424,2,1,1,3,MARE ÃPINEUSE(CHEMIN DE LA),48.99354,2.20783,17,2,2
202100039967,130Â 149,A01,3,2,2,9,1,0,-1,-1, -1,-1,2021,28.0,1,2,0,2,1,2,1,,3,AV MARX DORMOY ,0,,3,3,0,3,1,0,2,, -1,1,0,1,50,14,5,2021,06:40,2,94,94017,2,1,0,2,MARX DORMOY (AV),48.8082,2.52489,6,4,2
202100044756,121Â 715,A01,1,1,1,1,2,6,9,0,0,-1,2021,19.0,2,1,14,0,9,1,1,,3,62,0,,3,4,0,1,3,120,1,, -1,2,5,8,90,1,4,2021,05:00,5,30,30003,1,6,1,7,route dÃ©partementale 62,43.572105,4.174204,5,1,1
202100003019,196Â 381,B01,1,1,1,1,1,-1,-1,0,0,-1,2021,27.0,2,2,1,0,3,21,1,,1,34,-1,,3,4,0,1,17,400,2,, -1,2,0,1,130,15,12,2021,19:35,3,8,8194,1,1,1,6,A34,49.698269,4.904156,19,1,1
202100019537,166Â 710,A01,1,1,1,5,2,6,-1,0,0,-1,2021,21.0,1,1,0,0,1,0,1,,4,,-1,,2,2,0,4,(1),(1),1,,4,1,0,1,50,12,9,2021,14:30,1,25,25212,2,1,0,7,Rue du Poirier,47.274775,5.985744,14,1,1
202100046715,118Â 267,A01,1,1,1,0,2,6,-1,-1, -1,-1,2021,33.0,2,1,0,2,7,3,1,,1,AUTOROUTE A104,0,,1,8,0,1,5,500,1,, -1,2,0,1,90,25,3,2021,07:30,2,93,93078,1,1,1,5,AUTOROUTE A104,48.9637,2.5509,7,3,3
202100016303,172Â 494,B01,1,1,2,4,1,-1,-1,0,0,-1,2021,39.0,1,2,0,0,6,1,1,,1,6,-1,,3,5,0,1,213,730,1,, -1,1,0,1,130,12,9,2021,23:45,3,89,89333,1,1,0,3,,47.50447,4.046745,23,4,2
202100020967,164Â 188,A01,4,2,1,5,1,-1,-1,0,0,-1,2021,19.0,0,2,0,2,8,19,1,,3,2,0,D,2,2,0,1,74,192,1,,4,1,0,1,80,5,9,2021,01:15,3,33,33256,1,2,0,3,pk 74 D2,44.984869,-0.621575,1,5,2
202100020739,164Â 560,A01,2,2,2,5,2,-1,-1,0,0,-1,2021,33.0,1,1,13,0,1,1,1,,3,50,0,,2,2,0,1,21,188,3,, -1,1,0,3,70,6,9,2021,11:45,1,31,31547,1,1,0,6,Chemin de Vallesvilles,43.513024,1.255617,11,2,1
202100015870,173Â 309,A01,10,3,2,2,8,-1,-1,-1, -1,-1,2021,17.0,0,2,1,1,1,1,0,,4,AUGUSTE BLANQUI                     (R ),0,,2,2,0,1,(1),(1),1,, -1,1,0,1,30,29,9,2021,12:00,1,69,69149,2,1,0,6,AUGUSTE BLANQUI (R),45.7119586194,4.8101353295,12,2,1
202100054536,104Â 290,B01,2,2,1,5,1,0,-1,-1, -1,-1,2021,23.0,2,2,0,2,4,1,1,,1,A7   20.110 A 22.950,0,,1,4,0,1,20,500,1,, -1,1,0,1,110,5,1,2021,18:40,3,38,38087,1,1,0,5,A7,45.582258537,4.8013043404,18,5,4
202100053636,105Â 855,A01,1,1,1,1,2,6,-1,-1, -1,-1,2021,52.0,1,1,0,0,0,26,1,,3,R GABRIEL PERI,0,,1,1,0,1,1,0,2,, -1,1,0,1,50,26,1,2021,07:30,5,94,94038,2,6,0,7,GABRIEL PERI (R),48.7844,2.34151,7,1,1
202100012418,179Â 510,A01,2,2,1,0,8,0,-1,-1, -1,-1,2021,39.0,1,3,0,1,3,1,3,,4,DUCS (RUE DES),0,,2,4,3,2,0,0,1,, -1,1,4,6,50,15,10,2021,21:11,5,67,67482,2,8,0,6,DUCS (RUE DES),48.58996,7.71551,21,3,1
202100025589,155Â 940,A01,1,1,1,4,2,6,-1,-1, -1,-1,2021,47.0,2,1,0,2,8,16,1,,3,MANGIN (BOULEVARD) NÂ° IMPAIRS,0,,2,3,0,1,1,835,1,, -1,1,0,1,50,30,7,2021,16:38,1,89,89024,2,2,0,3,MANGIN (BOULEVARD) NÂ° IMPAIRS,47.7996,3.55274,16,2,2