Num_Acc,id_vehicule,num_veh,place,catu,sexe,trajet,secu1,secu2,secu3,locp,actp,etatp,year_acc,victim_age,senc,catv,obs,obsm,choc,manv,motor,occutc,catr,voie,v1,v2,circ,nbv,vosp,prof,pr,pr1,plan,lartpc,larrout,surf,infra,situ,vma,jour,mois,an,hrmn,lum,dep,com,agg_,int,atm,col,adr,lat,long,hour,nb_victim,nb_vehicules
202100008318,186Â 858,A01,1,1,1,9,0,-1,-1,0,0,-1,2021,43.0,1,2,12,0,9,13,1,,2,1,0,,2,2,0,1,173,120,2,, -1,1,0,3,110,14,11,2021,17:55,1,988,98803,1,1,0,6,RT1 - BOURAIL,-21.52762,165.47444,17,2,1
202100052242,108Â 323,A01,3,2,1,5,1,0,-1,-1, -1,-1,2021,22.0,2,2,0,9,3,1,1,,2,RN 104,0,,1,2,0,1,40,200,2,, -1,2,0,1,70,7,2,2021,12:00,1,91,91521,1,1,1,6,RN 104,48.627,2.4,12,2,1
202100029587,148Â 903,B01,2,2,2,0,1,0,-1,-1, -1,-1,2021,49.0,1,2,0,2,4,1,1,,3,TARBES DE,0,,2,3,0,1,21,67,1,, -1,1,5,1,50,9,7,2021,20:55,1,64,64269,1,2,0,2,TARBES DE,43.29812,-0.30301,20,3,2
202100039058,131Â 819,A01,2,2,2,0,1,0,-1,-1, -1,-1,2021,54.0,3,3,0,0,0,26,1,3.0,4,BRASSENS (AVENUE GEORGES),0,,2,2,0,2,0,0,1,, -1,1,0,1,30,20,5,2021,10:15,1,974,97411,2,9,0,7,BRASSENS (AVENUE GEORGES),-20.90119,55.48779,10,3,1
202100045032,121Â 231,B01,1,1,1,5,2,0,-1,-1, -1,-1,2021,31.0,1,1,0,2,1,1,1,,4,SAKAKINI (BOULEVARD),0,,2,4,0,1,(1),(1),1,, -1,1,0,1,50,5,4,2021,11:20,1,13,13205,2,1,0,3,SAKAKINI (BOULEVARD),43.295557,5.400517,11,2,2
202100004332,194Â 014,A01,1,1,1,1,1,-1,-1,0,0,-1,2021,19.0,1,2,0,2,4,1,1,,3,981,0,,2,2,0,1,15,200,2,, -1,7,0,1,80,7,12,2021,07:00,3,60,60319,1,1,0,2,Route dÃ©partementale 981,49.360115,1.962401,7,2,2
202100007504,188Â 345,A01,1,1,1,4,0,-1,-1,0,0,-1,2021,15.0,1,4,0,0,3,1,1,,3,140,-1,,2,2,0,1,13,773,1,, -1,1,0,1,80,19,11,2021,11:50,1,52,52189,1,1,0,7,D140,47.683888,5.204698,11,1,1
202100007591,188Â 171,B01,1,1,1,1,2,8,-1,-1, -1,-1,2021,44.0,2,1,0,2,7,17,1,,3,ILLBERG (RUE DE L'),0,,2,2,0,1,0,0,1,, -1,1,0,1,50,16,11,2021,08:08,1,68,68224,2,1,0,3,ILLBERG (RUE DE L'),47.72996,7.30666,8,2,2
202100041714,127Â 047,B01,1,1,1,5,2,6,-1,0,0,-1,2021,42.0,0,1,0,2,1,1,1,,9,,-1,,2,2,0,1,(1),(1),1,,5,1,0,1,50,30,4,2021,15:30,1,72,72051,2,1,0,3,Rue du LÃ©ard,47.823774,0.086281,15,2,2
202100056446,101Â 004,A01,5,2,1,5,0,-1,-1,0,0,-1,2021,17.0,1,2,8,0,1,21,1,,3,76,0,,2,2,0,1,29,520,3,, -1,1,0,3,80,2,1,2021,16:20,1,12,12140,1,1,0,6,Les Croups,44.361952,1.932703,16,3,1
202100032847,143Â 056,A01,2,2,1,0,2,6,-1,-1, -1,-1,2021,44.0,1,1,0,2,1,13,1,,4,PRESIDENT WILSON (BOULEVARD),0,,3,4,3,1,0,0,1,, -1,1,0,1,50,21,6,2021,15:15,1,67,67482,2,3,0,2,PRESIDENT WILSON (BOULEVARD),48.58957,7.741,15,3,2
202100001125,199Â 760,A01,1,1,2,5,1,-1,-1,0,0,-1,2021,65.0,1,2,8,0,5,0,1,,3,1,-1,,2,2,0,1,4,770,1,,7,1,0,8,80,30,12,2021,14:00,1,27,27331,1,2,0,3,D1,49.13277,1.547774,14,2,2
202100031703,145Â 089,B01,1,1,2,0,1,0,-1,-1, -1,-1,2021,60.0,2,2,3,2,4,0,1,,1,VA007554 LASBORDES A61 Sortie 17,0,,1,6,0,1,234,839,1,, -1,1,0,1,90,28,6,2021,18:30,1,31,31044,1,1,0,5,VA007554 LASBORDES A61 Sortie 17,43.59431,1.49363,18,5,3
202100047269,117Â 269,B01,1,1,1,5,2,0,-1,-1, -1,-1,2021,45.0,1,1,0,2,1,1,5,,4,CHATEAU (RUE DU) 127/FIN - 133/FIN,0,,2,2,0,1,0,0,1,, -1,1,0,1,30,20,3,2021,11:30,1,92,92012,2,2,0,3,CHATEAU (RUE DU) 127/FIN - 133/FIN,48.84199,2.2388,11,2,2
202100036362,136Â 702,B01,1,1,2,3,1,0,-1,-1, -1,-1,2021,67.0,1,2,0,2,3,1,1,,3,CD 29,0,,2,2,0,2,0,(1),1,, -1,1,0,1,50,2,6,2021,11:00,1,974,97416,1,1,0,1,CD 29,-21.33654,55.5201,11,3,2
202100016417,172Â 293,A01,1,1,1,5,2,-1,-1,0,0,-1,2021,60.0,1,0,0,1,1,1,3,,3,D4,0, -,2,2,0,1,0,0,1,, -1,1,0,1,50,28,9,2021,15:00,1,57,57148,2,1,0,6,Rue de Pange,49.098684,6.324531,15,2,1
202100004694,193Â 384,A01,1,1,1,9,1,-1,-1,-1, -1,-1,2021,27.0,2,2,0,2,1,19,1,,3,FLAMBOYANTS ( ALLEE DES ),0,,2,2,0,1,(1),(1),1,, -1,1,0,1,50,1,12,2021,12:00,1,971,97107,2,2,0,3,FLAMBOYANTS ( ALLEE DES ),16.0519448791,-61.5649366379,12,2,2
202100052936,107Â 097,A01,1,1,1,9,8,-1,-1,0,0,-1,2021,45.0,1,2,15,0,3,0,1,,4,,-1,,2,2,0,1,(1),(1),1,, -1,2,0,3,90,1,2,2021,02:30,3,19,19171,1,1,1,7,lieu dit la grange,45.0286341,1.890212,2,1,1
202100027517,152Â 540,B01,2,2,2,0,1,-1,-1,-1, -1,-1,2021,27.0,1,2,0,2,1,1,1,,4,MEUNIER-VIAL FRANCOIS  R,0,,2,2,2,1,(1),(1),1,, -1,1,0,1,50,22,7,2021,17:45,1,69,69264,2,1,0,4,MEUNIER-VIAL FRANCOIS (R),45.9949,4.73406,17,4,3
202100041423,127Â 562,B01,1,1,1,0,8,0,-1,-1, -1,-1,2021,50.0,3,1,0,2,3,9,5,,3,CAMELINAT,0,,1,1,0,1,0,0,2,, -1,1,5,1,50,3,5,2021,13:55,1,92,92046,2,6,0,3,CAMELINAT,48.81596,2.29533,13,2,2
202100045161,121Â 007,B01,1,1,1,4,2,6,-1,-1, -1,-1,2021,31.0,0,1,0,2,3,15,1,,3,PDT ROOSEVELT (QUAI DU),0,,1,3,0,1,0,0,1,, -1,1,0,1,50,4,4,2021,21:04,2,92,92040,2,1,0,1,PDT ROOSEVELT (QUAI DU),48.8317907183,2.2626256943,21,2,2
202100016389,172Â 337,Y01,1,1,1,0,0,-1,-1,-1, -1,-1,2021,30.0,3,1,0,2,1,19,5,,4,,0,,2,2,0,1,0,0,1,, -1,2,0,1,50,27,9,2021,09:06,1,92,92012,2,2,1,3,LE CORBUSIER (RUE),48.8377599139,2.2404592373,9,2,2
202100007999,187Â 434,A01,2,2,1,0,1,0,-1,-1, -1,-1,2021,23.0,1,2,15,0,1,14,1,,4,RHIN NAPOLEON (RUE DU),0,,-1,2,0,1,0,0,1,, -1,1,0,1,50,13,11,2021,00:00,5,67,67482,2,1,0,6,RHIN NAPOLEON (RUE DU),48.56751,7.79221,0,3,1
202100040618,129Â 009,B01,1,1,1,3,2,8,-1,-1, -1,-1,2021,59.0,1,1,0,2,1,26,1,,4,AV DOC ROBERT MOREL,0,,2,4,0,1,0,0,1,, -1,1,0,1,50,9,5,2021,09:15,1,13,13004,2,9,0,3,AV DOC ROBERT MOREL,43.6818,4.60847,9,2,2
202100056097,101Â 609,B01,1,1,1,5,1,-1,-1,0,0,-1,2021,63.0,1,2,0,2,3,1,1,,3,790,-1,,2,2,0,1,12,180,3,, -1,2,0,1,50,7,1,2021,17:00,2,22,22047,2,1,1,3,RD.790 - PR 12.180,48.317893,-3.060744,17,3,2
202100005793,191Â 437,A01,1,1,1,5,1,-1,-1,0,0,-1,2021,24.0,1,2,6,0,1,0,1,,3,52,0,D,1,1,0,1,(1),(1),2,, -1,2,0,4,30,26,11,2021,21:48,5,41,41067,2,1,0,6,46 Rue Nationale,47.508926,1.453346,21,1,1
202100012858,178Â 743,Z01,10,3,1,0,8,8,-1,9,3,1,2021,74.0,3,2,0,1,1,26,1,,7,CAPITAINE GEZE (BOULEVARD),0,,1,2,0,1,(1),(1),1,, -1,1,0,1,50,16,10,2021,06:25,5,13,13214,2,1,0,6,CAPITAINE GEZE (BOULEVARD),43.3305302812,5.3710457246,6,2,1
202100011999,180Â 265,A01,1,1,1,0,1,8,-1,-1, -1,-1,2021,34.0,2,2,0,2,1,2,1,,3,R D 900,0,,3,3,0,1,21,680,1,, -1,1,0,1,80,19,10,2021,08:15,1,66,66172,1,1,0,2,R D 900,42.70362,2.86579,8,2,2
202100014022,176Â 636,A01,2,2,1,5,2,6,-1,0,0,-1,2021,24.0,2,1,0,0,0,1,1,,4,AVENUE DE L OPERA,0,,2,4,0,1,(1),(1),1,, -1,1,0,1,30,10,10,2021,15:48,1,75,75102,2,3,0,7,AVENUE DE L OPERA,48.869343,2.332899,15,2,1
202100016955,171Â 320,A01,1,1,1,5,1,-1,-1,0,0,-1,2021,66.0,1,2,0,4,3,15,1,,4,GOUESNOU (DE 1 A 29 ET 2 A 36),0,,2,2,0,1,(1),(1),1,, -1,1,4,1,30,24,9,2021,14:45,1,29,29019,2,8,0,3,Rue de Gouesnou,48.4064212427,-4.4678794213,14,2,2
202100023582,159Â 485,A01,1,1,1,0,2,-1,-1,-1, -1,-1,2021,44.0,0,1,1,0,1,2,1,,4,JAURES (AVENUE JEAN ) DU NÂ° 61 A FIN,0,,2,2,0,1,(1),(1),1,, -1,1,0,1,50,17,8,2021,16:00,1,51,51454,2,1,0,6,Avenue Jean JaurÃ¨s,49.2593799792,4.044745335,16,1,1
202100047785,116Â 334,A01,1,1,2,0,1,0,-1,0,0,-1,2021,22.0,1,2,0,2,1,1,1,,7,CLEMENTEL (BD ETIENNE),0,,3,4,0,1,(1),(1),1,, -1,1,0,1,50,15,3,2021,14:30,1,63,63113,2,2,0,2,CLEMENTEL (BD ETIENNE),45.80979,3.1092,14,2,2
202100042107,126Â 365,A01,1,1,1,1,1,-1,-1,0,0,-1,2021,28.0,2,2,16,0,2,17,1,,3,953,0,,2,2,0,2,0,970,2,, -1,1,0,8,80,27,4,2021,17:45,1,4,4031,2,1,0,7,RD 953 - Poteau de telle,43.914372,6.136551,17,1,1
202100005820,191Â 390,A01,2,2,2,5,8,-1,-1,0,0,-1,2021,34.0,2,2,6,0,1,0,1,,2,1,0,,2,2,0,1,29,800,1,, -1,1,0,8,60,28,11,2021,00:25,5,987,98734,1,1,0,7,PK 29+800,-17.722055,-149.404653,0,2,1
202100000975,200Â 015,A01,1,1,1,5,1,0,-1,-1, -1,-1,2021,19.0,1,2,15,0,4,14,1,,4,BROUILLEBAS (RUE DE),0,,2,2,0,2,0,0,3,, -1,2,0,1,50,27,12,2021,13:19,1,87,87085,2,1,1,6,BROUILLEBAS (RUE DE),45.85791,1.25269,13,1,1
202100031474,145Â 492,A01,1,1,1,5,0,-1,-1,0,0,-1,2021,14.0,1,1,0,2,1,5,5,,3,157,-1,,2,2,0,2,9,550,2,, -1,1,0,1,-1,2,7,2021,18:45,1,3,3031,1,1,0,1,Le bourg,46.408881,2.734469,18,2,2
202100018566,168Â 448,B01,1,1,1,5,2,8,-1,-1, -1,-1,2021,59.0,2,1,0,2,8,1,1,,4,PORT (BD ROGER LE),0,,2,2,0,1,(1),(1),2,, -1,1,0,1,50,14,9,2021,17:00,1,56,56107,2,1,0,1,PORT (BD ROGER LE),47.72756,-3.37951,17,2,2
202100015757,173Â 503,B01,1,1,1,4,2,0,-1,-1, -1,-1,2021,31.0,2,1,0,2,1,1,1,,3,CAMILLE DESMOULINS (R),0,,2,2,0,1,1,0,1,, -1,1,0,1,50,1,10,2021,14:30,1,94,94016,2,1,0,3,Rue Camille Desmoulins,48.7924655894,2.3328137398,14,2,2
202100035637,138Â 016,A01,1,1,1,5,2,6,-1,0,0,-1,2021,15.0,2,1,0,2,3,2,1,,3,1010,-1,,2,2,0,2,88,300,1,,7,1,0,1,50,9,6,2021,17:55,1,33,33042,2,1,0,2,,44.507299,-0.788666,17,2,2
202100045647,120Â 144,B01,1,1,1,4,1,0,-1,-1, -1,-1,2021,28.0,2,2,0,0,8,1,1,,4,R DU MONUMENT,0,,1,1,0,1,1,0,1,, -1,1,8,1,30,1,4,2021,08:20,1,94,94019,2,2,0,3,Rue du Monument,48.80508,2.55783,8,2,2
202100043506,123Â 898,B01,1,1,1,5,0,-1,-1,0,0,-1,2021,12.0,3,1,0,2,0,15,5,,3,479,-1,,2,2,0,1,(1),(1),1,, -1,1,0,1,50,20,4,2021,11:00,1,50,50256,2,3,0,3,D479- Chalandrey,48.616491,-1.212831,11,2,2
202100032980,142Â 804,A01,1,1,1,5,2,0,-1,-1, -1,-1,2021,46.0,3,1,0,9,8,1,1,,1,A51-Sens Marseille vers Aix en Provence,0,,-1,1,0,1,3,190,3,, -1,1,0,1,50,22,6,2021,12:30,1,13,13019,1,1,0,7,A51-Sens Marseille vers Aix en Provence,43.4187833329,5.3666603565,12,1,1
202100000419,200Â 956,B01,2,2,2,5,1,0,-1,-1, -1,-1,2021,18.0,1,2,0,2,3,15,1,,3,ROUSSEAU (AVENUE JEAN JACQUES),0,,2,2,0,1,1,953,1,, -1,1,0,1,50,5,11,2021,22:25,5,19,19031,2,2,0,3,ROUSSEAU (AVENUE JEAN JACQUES),45.14826,1.50933,22,3,2
202100026624,154Â 117,A01,10,3,1,5,0,-1,-1,2,3,1,2021,84.0,1,2,0,1,2,1,1,,7,DE LATTRE DE TASSIGNY (AVENUE),0,,2,2,0,1,32,880,1,, -1,1,0,1,50,27,7,2021,11:00,1,83,83062,2,4,0,6,DE LATTRE DE TASSIGNY (AVENUE),43.1134,5.99036,11,2,1
202100003610,195Â 292,B01,1,1,1,1,8,-1,-1,0,0,-1,2021,29.0,1,1,0,2,1,1,3,,3,CD 902,0,,2,1,0,1,4,665,1,, -1,2,5,1,50,9,12,2021,18:11,5,65,65100,1,6,1,3,CD 902,43.2653,0.06559,18,2,2
202100050335,111Â 729,A01,1,1,1,9,2,4,-1,-1, -1,-1,2021,24.0,1,1,12,0,1,1,1,,4,CHURCHILL (ROND POINT WINSTON),0,,1,2,0,1,(1),(1),2,, -1,1,9,1,50,23,2,2021,10:25,1,34,34032,2,6,0,7,CHURCHILL (ROND POINT WINSTON),43.33355,3.23154,10,1,1
202100054064,105Â 109,A01,2,2,1,5,1,-1,-1,-1, -1,-1,2021,19.0,3,2,9,2,7,19,1,,4,BOYER (Rue Gaston),0,,2,2,0,1,(1),(1),1,, -1,1,0,1,50,21,1,2021,12:00,1,51,51454,2,2,0,3,Rue Gaston Boyer,49.261157565,4.021012394,12,3,2
202100025248,156Â 524,A01,1,1,1,5,2,0,-1,-1, -1,-1,2021,15.0,1,1,4,0,0,0,0,,2,RN9,0,,-1,2,0,2,0,0,3,, -1,1,0,1,70,6,8,2021,15:10,1,972,97209,1,1,0,7,RN9,14.60028,-61.04658,15,2,1
202100003176,196Â 088,B01,1,1,2,1,2,8,-1,-1, -1,-1,2021,32.0,2,1,0,2,4,1,1,,4,YVES KERMEN (RUE) 51/FIN - 40/FIN,0,,-1,2,1,1,0,0,1,, -1,1,0,1,50,21,11,2021,10:50,1,92,92012,2,1,0,2,YVES KERMEN (RUE) 51/FIN - 40/FIN,48.827961,2.239989,10,2,2
202100038174,133Â 414,A01,10,3,1,2,0,-1,-1,6,5,3,2021,14.0,2,3,0,1,2,1,1,1.0,4,25E- R.G.A. (AV. DU),0,,2,2,0,1,(1),(1),1,, -1,1,0,1,30,25,5,2021,17:25,1,60,60159,2,1,0,6,Avenue du 25Ã¨me RÃ©giment du GÃ©nie de lâAir,49.40333,2.83285,17,2,1
202100007816,187Â 774,B01,1,1,1,0,1,-1,-1,-1, -1,-1,2021,54.0,2,2,0,2,4,1,1,,4,AVE FRANCOIS MITTERRAND,0,,2,2,0,1,(1),(1),1,, -1,1,0,1,80,16,11,2021,18:35,3,33,33281,2,1,0,4,Avenue FranÃ§ois Mitterrand,44.81371,-0.69012,18,3,3
202100046380,118Â 865,B01,1,1,1,5,8,0,-1,0,0,-1,2021,30.0,1,1,0,2,0,21,3,,4,AVENUE DAUMESNIL,0,,2,2,1,2,(1),(1),1,, -1,1,-1,5,50,26,3,2021,12:40,1,75,75112,2,1,0,3,AVENUE DAUMESNIL,48.841248,2.388427,12,2,2
202100054784,103Â 871,A01,1,1,1,5,8,0,-1,0,0,-1,2021,18.0,2,1,12,0,1,1,5,,4,QUAI ANDRE CITROEN,0,,1,2,1,1,(1),(1),1,, -1,2,-1,5,50,16,1,2021,17:50,5,75,75115,2,1,1,6,QUAI ANDRE CITROEN,48.845293,2.276037,17,1,1
202100001041,199Â 903,B01,1,1,1,5,2,8,-1,-1, -1,-1,2021,41.0,3,1,0,2,1,17,1,,7,JEAN PAUL SARTRE (AVENUE),0,,3,4,0,1,1,0,1,, -1,2,9,1,50,24,12,2021,19:10,5,13,13213,2,1,1,1,JEAN PAUL SARTRE (AVENUE),43.32753,5.42689,19,2,2
202100039809,130Â 422,B01,1,1,1,0,8,0,-1,-1, -1,-1,2021,37.0,3,1,0,2,1,17,1,,4,RENE COTY(RUE),0,,2,2,0,1,145,0,1,, -1,2,0,1,50,14,5,2021,20:15,1,91,91691,2,1,1,3,RENE COTY(RUE),48.71679,2.49995,20,2,2
202100016994,171Â 245,A01,1,1,1,5,2,6,-1,-1, -1,-1,2021,35.0,3,1,0,2,1,0,1,,4,MENAFAURIES (CHEMIN DES),0,,2,2,0,1,(1),(1),1,, -1,1,0,1,50,23,9,2021,13:45,1,7,7316,1,1,0,2,MENAFAURIES (CHEMIN DES),44.88404,4.83732,13,2,2
202100048732,114Â 653,A01,1,1,1,0,0,-1,-1,0,0,-1,2021,45.0,2,5,2,0,3,0,1,,3,982,0,,2,2,0,1,44,785,1,, -1,1,0,8,80,4,3,2021,07:05,2,51,51138,1,1,0,7,D982,49.0256423998,4.8818618059,7,1,1
202100049438,113Â 391,A01,1,1,1,1,2,-1,-1,0,0,-1,2021,27.0,2,1,0,2,1,1,1,,3,940,-1,,2,2,0,1,2,0,1,, -1,1,9,1,70,3,3,2021,18:20,2,19,19007,1,1,0,3,Les Escures,44.9639314884,1.8574714904,18,2,2
202100024653,157Â 589,A01,2,2,2,5,2,6,9,0,0,-1,2021,18.0,1,1,3,2,1,1,1,,3,100,0,D,2,2,0,1,24,(1),3,,4,2,0,3,90,12,8,2021,16:00,1,23,23245,1,1,1,6,Le Monteil,46.187229,1.824138,16,3,2
202100020240,165Â 460,A01,1,1,2,0,1,0,-1,-1, -1,-1,2021,68.0,1,2,0,2,1,9,1,,3,D942,0,,-1,2,0,1,(1),(1),1,, -1,1,0,1,80,1,9,2021,10:50,1,84,84080,1,9,0,3,D942,44.046275244,4.9913361669,10,3,2
202100018342,168Â 839,B01,1,1,1,0,0,-1,-1,-1, -1,-1,2021,16.0,1,1,0,2,7,19,5,,3,PINS (RUE DES),0,,2,2,0,1,0,308,1,, -1,1,0,1,30,14,9,2021,18:20,1,56,56162,2,1,0,3,PINS (RUE DES),47.7342,-3.43283,18,2,2
202100021702,162Â 846,A01,1,1,1,5,2,6,9,0,0,-1,2021,29.0,1,1,0,0,1,1,1,,3,805,-1,,2,2,0,3,1,100,2,, -1,1,0,3,80,31,8,2021,14:50,1,2,2438,1,1,0,7,D805,49.291546,3.236632,14,1,1
202100007688,188Â 011,B01,1,1,1,1,2,0,-1,-1, -1,-1,2021,35.0,1,1,1,0,1,1,5,,4,MADAME DE SANZILLON (RUE),0,,2,2,0,1,0,0,1,, -1,2,9,1,50,17,11,2021,09:30,1,92,92024,2,1,0,3,MADAME DE SANZILLON (RUE),48.9037080761,2.3191991491,9,2,2
202100009082,185Â 472,B01,1,1,1,3,2,8,-1,-1, -1,-1,2021,49.0,2,1,0,2,7,2,1,,3,,0,,2,2,1,1,19,100,1,, -1,1,0,1,50,5,11,2021,18:50,5,71,71270,2,3,0,3,Rue de SancÃ©,46.3168773246,4.8330379906,18,2,2
202100010781,182Â 468,A01,1,1,2,4,1,-1,-1,0,0,-1,2021,43.0,2,5,0,2,3,13,1,,3,D992,0,,2,2,0,1,23,540,3,, -1,1,0,1,80,28,10,2021,12:40,1,1,1034,1,1,1,1,D992,45.759262,5.712867,12,2,2
202100015327,174Â 308,A01,10,3,2,5,0,-1,-1,2,3,1,2021,22.0,1,2,0,1,8,1,1,,7,DUNKERQUE AVENUE DE,0,,2,2,0,1,(1),(1),1,, -1,2,0,1,50,3,10,2021,02:45,5,59,59328,2,1,1,6,DUNKERQUE AVENUE DE,50.6384616835,3.0224566162,2,2,1
202100053566,105Â 971,A01,2,1,1,1,8,0,-1,-1, -1,-1,2021,27.0,3,1,0,2,1,26,3,,4,ALBERTIN LANDRE (RUE),0,,1,1,0,2,0,0,1,, -1,1,0,1,50,26,1,2021,16:56,1,971,97101,2,3,0,3,ALBERTIN LANDRE (RUE),16.29195,-61.48082,16,2,2
202100030202,147Â 783,B01,1,1,1,5,8,0,-1,-1, -1,-1,2021,39.0,3,1,0,2,7,1,5,,4,PINS (AllÃ©e des),0,,2,2,0,1,0,0,2,, -1,1,0,1,50,7,7,2021,11:25,1,13,13039,2,1,0,3,PINS (AllÃ©e des),43.4505,4.93909,11,2,2
202100056199,101Â 439,A01,2,2,1,0,0,-1,-1,0,0,-1,2021,46.0,2,2,0,2,1,2,1,,1,10,-1,,2,3,0,1,145,100,1,, -1,2,0,1,130,6,1,2021,07:30,3,41,41206,1,1,1,2,A10,47.6512,1.37397,7,3,2
202100041501,127Â 426,A01,10,3,2,1,0,-1,-1,3,3,1,2021,22.0,2,2,0,1,3,7,1,,7,25EME REGIMENT DE TIRAILLEURS SENEGA(AV),0,,3,4,3,2,50,200,1,, -1,1,8,1,50,3,5,2021,08:40,1,69,69389,2,1,0,6,25EME REGIMENT DE TIRAILLEURS SENEGA(AV),45.78589,4.80377,8,2,1
202100003685,195Â 166,B01,1,1,1,9,2,8,-1,0,0,-1,2021,24.0,3,1,0,2,0,1,1,,4,VALENCE (Route de),0,,2,2,0,1,(1),(1),1,, -1,2,0,1,50,8,12,2021,13:40,1,26,26198,2,1,0,3,117 Route de Valence,44.58073,4.753132,13,3,2
202100055288,102Â 994,B01,1,1,2,5,1,0,-1,-1, -1,-1,2021,36.0,2,2,0,2,4,0,1,,3,VERDUN (RUE DE),0,,2,2,0,1,70,1000,1,, -1,1,0,1,50,11,1,2021,15:25,1,76,76351,2,1,0,2,Rue de Verdun,49.50168,0.153,15,2,2
202100055403,102Â 815,B01,1,1,1,5,1,-1,-1,0,0,-1,2021,61.0,1,2,13,0,4,13,1,,3,999,-1,,2,2,0,2,46,0,1,, -1,1,0,1,80,12,1,2021,16:55,1,30,30088,1,1,0,2,D999,43.863333,4.103228,16,2,2
202100049478,113Â 315,B01,1,1,1,0,2,6,-1,-1, -1,-1,2021,48.0,2,1,0,2,1,2,1,,4,BOULEVARD JEAN MOULIN,0,,2,2,0,1,0,0,1,, -1,1,0,1,50,1,3,2021,18:30,2,83,83118,2,1,0,2,BOULEVARD JEAN MOULIN,43.427385,6.783192,18,2,2
202100037705,134Â 269,A01,1,1,2,0,1,-1,-1,0,0,-1,2021,43.0,1,2,15,0,2,14,1,,3,94,0,,2,2,0,1,48,630,2,, -1,1,0,3,80,30,5,2021,10:00,1,26,26016,1,1,0,6,Route de Gap,44.383455,5.171793,10,1,1
202100054649,104Â 107,A01,1,1,1,5,1,-1,-1,0,0,-1,2021,77.0,2,2,0,2,7,13,1,,7,468,-1,,2,2,0,1,(1),(1),1,, -1,5,0,1,80,16,1,2021,09:58,1,67,67519,1,1,1,1,D468,48.642352,7.78892,9,2,2
202100031902,144Â 731,B01,1,1,1,1,2,6,-1,0,0,-1,2021,47.0,2,1,0,2,1,1,1,,4,AVENUE DU PRESIDENT KENNEDY,0,,2,4,0,1,(1),(1),1,, -1,2,0,1,50,27,6,2021,12:30,1,75,75116,2,2,1,3,AVENUE DU PRESIDENT KENNEDY,48.851321,2.278493,12,2,2
202100040753,128Â 764,B01,1,1,1,1,2,8,-1,-1, -1,-1,2021,41.0,1,1,0,2,4,2,1,,7,ESPLANADE FRANCOIS MITTERRAND ,0,,1,2,0,2,13,790,1,, -1,2,9,6,50,7,5,2021,12:25,1,31,31149,2,9,0,2,ESPLANADE FRANCOIS MITTERRAND ,43.60691,1.33599,12,2,2
202100013019,178Â 475,B01,2,2,1,0,2,0,-1,-1, -1,-1,2021,37.0,2,1,0,2,3,3,1,,1,AUTOROUTE A3,0,,3,6,0,1,11,199,1,, -1,1,0,1,90,15,10,2021,19:45,3,93,93007,1,1,0,3,AUTOROUTE A3,48.93293,2.48115,19,3,2
202100024657,157Â 581,B01,1,1,1,4,1,-1,-1,0,0,-1,2021,52.0,1,2,0,2,3,3,1,,1,84,-1,,3,4,0,2,209,400,3,, -1,1,0,1,110,12,8,2021,08:10,1,50,50214,1,1,0,4,A84,48.93437,-1.071424,8,3,3
202100051939,108Â 866,B01,1,1,1,0,8,0,-1,-1, -1,-1,2021,44.0,2,1,0,2,1,19,0,,3,ANATOLE FRANCE (RUE),0,,3,2,0,1,0,1,1,, -1,2,0,1,50,10,2,2021,14:50,1,93,93053,2,2,1,3,ANATOLE FRANCE (RUE),48.8883372155,2.450589627,14,2,2
202100004168,194Â 302,A01,1,1,1,5,1,-1,-1,0,0,-1,2021,24.0,3,2,2,0,3,13,1,,3,14,-1,,2,2,0,1,(1),(1),1,, -1,2,0,1,80,9,12,2021,13:30,1,40,40067,1,1,1,6,D14,43.877108,-0.796723,13,1,1
202100006513,190Â 164,B01,1,1,1,0,1,5,-1,0,0,-1,2021,49.0,1,2,0,2,3,1,1,,3,104,0,D,2,1,0,1,5,770,1,, -1,2,0,5,50,25,11,2021,06:41,5,7,7255,2,1,1,3,D104,44.755244,4.702878,6,2,2
202100011468,181Â 224,A01,1,1,1,5,1,-1,-1,0,0,-1,2021,86.0,1,2,13,0,1,1,1,,3,953,0,,2,2,0,2,32,0,1,, -1,1,0,3,90,24,10,2021,09:00,2,3,3320,1,1,0,7,route dÃ©partementale 953,46.563681,2.981447,9,1,1
202100041321,127Â 749,A01,1,1,1,4,2,6,-1,0,0,-1,2021,53.0,1,1,0,2,1,10,1,,4,RUE DU FAUBOURG SAINT MARTIN,0,,2,2,0,1,(1),(1),1,, -1,1,0,1,50,4,5,2021,19:30,1,75,75110,2,3,0,3,RUE DU FAUBOURG SAINT MARTIN,48.882544,2.366889,19,3,2
202100012743,178Â 937,A01,7,2,2,5,1,-1,-1,0,0,-1,2021,37.0,1,2,0,2,3,26,0,,3,RD33,-1,,2,2,0,1,56,450,4,, -1,1,0,1,80,17,10,2021,16:30,1,53,53213,1,1,0,1,RD 33,48.396528,-1.057777,16,4,2
202100025037,156Â 901,B01,1,1,1,5,2,-1,-1,0,0,-1,2021,41.0,1,1,0,2,1,1,5,,3,162,-1,,2,2,0,2,15,100,2,, -1,1,9,1,80,9,8,2021,10:40,1,81,81192,1,1,0,1,d162,43.7000671,2.9222729,10,2,2
202100055673,102Â 341,A01,4,2,1,5,1,0,-1,0,0,-1,2021,35.0,0,2,0,9,1,26,1,,7,GAIRAUT (AV. DE),0,,2,2,0,2,(1),(1),2,, -1,1,0,4,50,9,1,2021,01:42,5,6,6088,2,1,0,7,GAIRAUT (AV. DE),43.739639,7.261444,1,4,1