Num_Acc,id_vehicule,num_veh,place,catu,sexe,trajet,secu1,secu2,secu3,locp,actp,etatp,year_acc,victim_age,senc,catv,obs,obsm,choc,manv,motor,occutc,catr,voie,v1,v2,circ,nbv,vosp,prof,pr,pr1,plan,lartpc,larrout,surf,infra,situ,vma,jour,mois,an,hrmn,lum,dep,com,agg_,int,atm,col,adr,lat,long,hour,nb_victim,nb_vehicules
202100007769,187Â 865,A01,1,1,2,5,8,0,-1,-1, -1,-1,2021,62.0,2,1,0,2,2,15,5,,7,CLAUDE POMPIDOU,0,,3,1,0,1,22,380,1,, -1,2,0,1,50,11,11,2021,08:40,1,83,83129,2,6,0,3,,43.0934,5.8446,8,2,2
202100007155,188Â 979,A01,10,3,2,2,8,-1,-1,3,3,1,2021,19.0,1,2,0,1,3,1,0,,4,DOCTEUR TERVER (DU)        AV,0,,2,2,0,1,(1),(1),1,, -1,1,6,1,50,18,11,2021,14:20,1,69,69081,2,7,0,6,DOCTEUR TERVER (DU) (AV),45.77447,4.77872,14,2,1
202100035017,139Â 106,B01,2,2,2,5,2,6,-1,-1, -1,-1,2021,50.0,3,1,0,2,1,2,1,,4,AVE FRANCOIS MITTERRAND,0,,2,2,0,1,(1),(1),3,, -1,1,0,1,80,11,6,2021,19:20,1,33,33281,2,1,0,3,Avenue FranÃ§ois Mitterrand,44.81104,-0.70836,19,3,2
202100020157,165Â 602,B01,1,1,1,5,2,-1,-1,0,0,-1,2021,52.0,1,1,0,2,3,1,1,,3,906,-1,,2,2,0,1,23,670,1,, -1,1,0,1,50,25,8,2021,18:55,1,43,43216,2,2,0,3,Avenue Pierre Julien,45.132233,3.815619,18,3,2
202100017117,171Â 037,A01,1,1,1,0,2,8,-1,-1, -1,-1,2021,48.0,3,1,8,0,3,1,1,,3,LENINE (AVENUE) NÂ°36 AU 120 ET NÂ°45 AU 1,0,,1,2,0,1,0,0,1,, -1,1,5,1,50,22,9,2021,18:20,1,93,93059,2,8,0,3,LENINE (AVENUE) NÂ°36 AU 120 ET NÂ°45 AU 1,48.95879,2.35855,18,2,2
202100051865,108Â 994,B01,1,1,1,1,2,9,-1,0,0,-1,2021,48.0,0,1,0,2,8,1,5,,3,279,0,,2,2,0,2,5,800,1,, -1,1,5,1,50,12,2,2021,07:00,5,7,7323,2,3,0,3,Rue du Moulin de l'Aure,44.897794,4.819216,7,2,2
202100003595,195Â 320,B01,1,1,1,1,1,-1,-1,-1, -1,-1,2021,62.0,1,2,0,2,0,0,1,,2,RN 138,0,,1,2,0,1,12,550,1,, -1,2,3,1,90,10,12,2021,06:45,3,76,76319,1,1,1,3,RN 138,49.3608825616,1.0365517155,6,2,2
202100000356,201Â 080,A01,10,3,1,5,0,-1,-1,4,3,1,2021,12.0,2,2,0,1,7,16,1,,4,RONCEVAUX R,0,,1,1,0,1,(1),(1),3,, -1,1,0,1,50,12,11,2021,18:00,5,69,69264,2,1,0,6,RONCEVAUX (R),45.99459,4.71517,18,2,1
202100004796,193Â 205,A01,1,1,2,5,1,0,-1,-1, -1,-1,2021,18.0,1,2,0,2,1,15,1,,4,LOMBARDS (AVENUE),0,,-1,2,0,1,(1),(1),1,, -1,2,0,1,50,3,12,2021,16:53,5,10,10387,2,1,1,1,LOMBARDS (AVENUE),48.269,4.08465,16,2,2
202100014233,176Â 246,A01,1,1,1,0,2,8,-1,-1, -1,-1,2021,34.0,3,1,0,2,1,1,0,,3,908,0,,2,2,0,1,0,0,1,, -1,1,0,1,50,9,10,2021,01:15,5,92,92035,2,1,0,3,RÃ©publique ( boulevard de la ),48.906615,2.246596,1,2,2
202100009763,184Â 247,B01,1,1,1,0,2,0,-1,0,0,-1,2021,61.0,3,1,0,2,7,1,1,,7,RD 674,0,,1,2,0,2,(1),(1),1,, -1,2,0,1,50,2,11,2021,14:37,1,54,54547,1,1,1,3,RM 674,48.67021,6.19258,14,2,2
202100000264,201Â 251,B01,1,1,2,0,1,0,-1,0,0,-1,2021,21.0,1,2,0,2,1,1,0,,7,,0,,-1,2,0,1,0,0,1,, -1,1,0,1,50,30,7,2021,22:00,5,6,6027,2,5,0,3,NICE AVENUE DE (RN7),43.6595991,7.169587,22,2,2
202100011779,180Â 657,A01,10,3,1,0,0,-1,-1,3,3,2,2021,9.0,0,1,0,1,1,13,1,,4,PARIS (RUE DE),0,,2,2,0,2,(1),(1),1,, -1,1,0,1,50,20,10,2021,14:40,1,80,80021,2,1,0,6,PARIS (RUE DE),49.88387,2.2865,14,2,1
202100008878,185Â 872,A01,1,1,1,0,6,-1,-1,0,0,-1,2021,58.0,1,0,0,0,4,2,3,,3,996,-1,,2,2,0,1,3,900,2,, -1,1,0,1,50,9,11,2021,08:40,1,63,63047,2,1,1,2,Route de Saint Sauves,45.5885707183,2.7296902049,8,2,2
202100021570,163Â 079,A01,1,1,1,0,1,0,-1,-1, -1,-1,2021,20.0,1,2,0,9,9,9,1,,1,AUTOROUTE A104,0,,3,2,0,1,4,99,1,, -1,1,0,1,70,1,9,2021,02:25,3,93,93078,1,1,0,6,AUTOROUTE A104,48.95774,2.53095,2,1,1
202100037043,135Â 485,A01,10,3,1,5,0,-1,-1,2,5,1,2021,64.0,1,1,0,1,1,1,3,,4,RUE DE CRIMEE,0,,1,2,3,1,(1),(1),1,, -1,1,0,1,30,31,5,2021,21:30,5,75,75119,2,1,0,6,RUE DE CRIMEE,48.893273,2.37385,21,2,1
202100000114,201Â 548,A01,10,3,1,5,0,-1,-1,1,5,1,2021,9.0,2,2,0,1,1,1,1,,4,FLOQUET CHARLES (AVENUE),0,,1,1,0,2,0,0,1,, -1,1,0,1,30,24,9,2021,17:10,1,64,64122,2,1,0,6,Avenue Charles Floquet,43.47951,-1.55571,17,2,1
202100005217,192Â 450,A01,10,3,2,0,0,-1,-1,5,5,2,2021,3.0,1,3,0,1,7,1,1,1.0,4,BONS ENFANTS (RUE DES),0,,1,1,3,1,0,0,1,, -1,1,9,1,50,30,11,2021,16:00,1,974,97416,2,1,0,3,BONS ENFANTS (RUE DES),-21.33828,55.46884,16,3,1
202100014057,176Â 569,A01,1,1,2,5,2,6,-1,0,0,-1,2021,35.0,2,1,15,0,1,1,1,,3,108,-1,,2,2,0,1,8,0,2,, -1,1,0,3,80,11,10,2021,14:50,1,4,4031,1,1,0,7,RD 108 La Bastide Neuve,43.911134,6.112824,14,1,1
202100037078,135Â 424,A01,1,1,1,0,2,8,-1,-1, -1,-1,2021,35.0,3,1,0,2,6,1,1,,3,909,0,,3,4,1,1,0,0,1,, -1,1,0,1,50,1,6,2021,09:20,1,92,92025,2,2,0,3,STALINGRAD (AV DE),48.9356205486,2.260825932,9,2,2
202100032350,143Â 936,A01,2,2,2,0,1,0,-1,-1, -1,-1,2021,28.0,1,1,0,2,7,9,6,,3,VICTOR HUGO (AVE)  => 120,0,,2,2,0,1,0,0,1,, -1,1,0,1,30,25,6,2021,19:19,1,93,93001,2,6,0,3,VICTOR HUGO (AVE)  => 120,48.902539,2.370963,19,3,2
202100016380,172Â 355,B01,1,1,1,1,2,8,-1,-1, -1,-1,2021,31.0,1,1,0,2,3,1,1,,3,161,0,,1,2,3,1,0,1,1,, -1,1,0,1,50,28,9,2021,14:30,1,92,92049,2,1,0,3,DORMOY AVENUE MARX NÂ°2 A 100,48.809835511,2.3214358091,14,2,2
202100015267,174Â 423,A01,1,1,1,5,8,-1,-1,0,0,-1,2021,69.0,1,1,0,0,0,17,1,,3,D463,-1,,3,2,0,1,16,500,1,, -1,2,0,1,50,2,10,2021,00:25,5,68,68325,1,1,1,7,Rue de Waldighoffen,47.549551,7.331103,0,1,1
202100006891,189Â 454,A01,1,1,1,0,8,0,-1,-1, -1,-1,2021,53.0,2,2,4,0,3,0,1,,2,ROUTE NATIONALE 227,0,,-1,1,0,1,0,500,3,, -1,2,0,1,30,21,11,2021,13:20,1,59,59346,1,1,1,6,ROUTE NATIONALE 227,50.6012131197,3.1317768591,13,1,1
202100001169,199Â 683,A01,1,1,1,0,2,-1,-1,-1, -1,-1,2021,19.0,0,1,0,2,1,0,1,,3,DUMAS (ALEXANDRE),0,,2,2,0,1,1,844,1,, -1,1,0,1,50,27,12,2021,17:45,5,76,76217,2,1,0,1,DUMAS (ALEXANDRE),49.93526,1.10875,17,2,2
202100030907,146Â 515,A01,1,1,1,5,8,-1,-1,0,0,-1,2021,36.0,2,5,0,0,1,0,1,,3,526,0,D,2,2,0,2,37,0,1,, -1,2,0,3,80,4,7,2021,15:53,1,38,38518,1,1,1,7,D526,44.893981,5.887411,15,1,1
202100026252,154Â 772,A01,10,3,2,3,0,-1,-1,6,1,1,2021,71.0,1,2,0,1,1,26,1,,4,,0,,2,2,0,2,0,0,1,, -1,1,0,3,30,29,7,2021,11:38,1,91,91477,2,1,0,6,LEON BOURGEOIS (RUE),48.70346,2.23736,11,3,2
202100001899,198Â 402,B01,1,1,1,0,2,6,-1,-1, -1,-1,2021,64.0,2,1,0,2,4,23,1,,3,ROCADE OUEST,0,,2,2,0,1,1,0,1,, -1,1,0,1,80,20,12,2021,14:15,1,11,11069,1,1,0,4,ROCADE OUEST,43.213474,2.321456,14,3,3
202100029009,149Â 879,A01,1,1,1,5,0,-1,-1,0,0,-1,2021,52.0,2,1,0,2,4,0,5,,3,955,0,A,2,2,0,1,1,0,1,, -1,1,0,1,80,14,7,2021,23:00,3,58,58086,2,1,0,2,d 955 A,47.432442,2.933328,23,2,2
202100010891,182Â 261,B01,1,1,1,0,2,6,-1,-1, -1,-1,2021,38.0,3,1,0,2,1,1,1,,3,GRAND MOUESSE (FAUBOURG),0,,2,3,0,1,0,0,1,, -1,1,0,1,50,22,10,2021,18:05,1,58,58194,2,3,0,1,GRAND MOUESSE (FAUBOURG),46.98923,3.18754,18,2,2
202100052425,108Â 004,A01,10,3,1,3,0,-1,-1,3,3,1,2021,73.0,1,2,0,1,8,1,1,,7,SAULXURES (AVENUE DE),0,,1,-1,0,1,10,763,3,, -1,1,-1,1,50,4,2,2021,08:30,1,54,54184,2,6,1,6,SAULXURES (AVENUE DE),48.7078665938,6.2442389131,8,2,1
202100033188,142Â 440,B01,1,1,1,9,8,0,-1,-1, -1,-1,2021,19.0,1,1,0,2,8,19,5,,4,GEMMETRIE,0,,2,2,0,1,1,0,1,, -1,1,0,1,50,20,6,2021,15:48,1,49,49267,2,1,0,1,GEMMETRIE,47.46486,-0.49959,15,2,2
202100001457,199Â 179,A01,1,1,1,5,1,0,-1,-1, -1,-1,2021,38.0,2,2,0,2,1,5,1,,4,,0,,1,1,0,1,(1),(1),1,, -1,1,0,1,50,23,12,2021,19:00,1,66,66136,2,1,0,1,SAINT CHARLES (ROCADE),42.68108,2.852,19,2,2
202100016753,171Â 679,A01,1,1,2,5,1,0,-1,-1, -1,-1,2021,21.0,2,2,6,0,2,14,1,,1,A507 sens Aubagne- Marseille,0,,1,2,0,2,4,199,2,, -1,2,2,1,70,26,9,2021,04:15,5,13,13055,1,1,1,1,A507 sens Aubagne- Marseille,43.3261,5.42118,4,5,1
202100013572,177Â 461,A01,1,1,1,0,8,-1,-1,0,0,-1,2021,19.0,0,1,0,2,2,15,0,,4,QUATORZE JUILLET 1789 (AVENUE DU),0,,-1,2,0,1,(1),(1),1,, -1,1,0,1,50,23,5,2021,09:00,1,80,80021,2,2,0,3,QUATORZE JUILLET 1789 (AVENUE DU),49.8776153679,2.2828602791,9,2,2
202100054096,105Â 052,B01,1,1,1,4,2,0,-1,0,0,-1,2021,19.0,2,1,0,2,1,1,1,,4,BOULEVARD DU MONTPARNASSE,0,,2,6,3,1,(1),(1),1,, -1,1,0,1,50,22,1,2021,19:40,5,75,75106,2,7,0,3,BOULEVARD DU MONTPARNASSE,48.844033,2.323384,19,2,2
202100040975,128Â 376,A01,10,3,1,0,0,-1,-1,1,3,1,2021,75.0,1,5,0,1,4,26,1,,4,PAUL LAFARGUE (RUE),0,,1,1,0,1,0,0,1,, -1,1,0,1,50,7,5,2021,07:50,1,93,93001,2,1,0,6,Rue Paul Lafargue,48.91581,2.36758,7,2,1
202100014781,175Â 287,A01,3,2,1,0,1,-1,-1,-1, -1,-1,2021,25.0,2,2,0,2,1,15,1,,4,GEORGES DIMITROV                    (AV),0,,2,2,0,1,(1),(1),1,, -1,2,0,1,50,5,10,2021,18:40,1,69,69256,2,2,0,3,GEORGES DIMITROV (AV),45.7784,4.9292,18,5,2
202100039531,130Â 936,B01,2,2,1,4,1,-1,-1,0,0,-1,2021,23.0,3,2,0,2,1,1,1,,4,,-1,,2,2,0,1,(1),(1),1,, -1,2,0,1,50,14,5,2021,20:45,1,89,89257,2,1,0,1,18 Rue Jean Mermoz,47.964554,3.524981,20,3,2
202100037406,134Â 801,A01,10,3,2,0,8,-1,-1,2,3,1,2021,32.0,-1,1,0,2,1,19,1,,4,GAMBETTA                            (CO),0,,2,4,3,1,(1),(1),1,, -1,1,0,6,50,30,5,2021,12:00,1,69,69387,2,1,0,6,GAMBETTA (CR),45.7541646489,4.8461803794,12,2,1
202100014747,175Â 348,A01,1,1,2,9,1,0,-1,-1, -1,-1,2021,24.0,2,2,2,2,8,12,1,,2,RN104,0,,1,3,0,1,26,700,1,, -1,9,0,1,90,6,10,2021,06:45,5,77,77251,1,1,0,3,RN104,48.64462,2.54381,6,2,2
202100050500,111Â 431,A01,1,1,1,0,2,6,-1,-1, -1,-1,2021,29.0,2,1,0,2,7,5,1,,4,GABRIEL PERI (RUE),0,,1,1,0,1,0,0,3,, -1,1,0,1,30,21,2,2021,14:00,1,92,92024,2,1,0,3,GABRIEL PERI (RUE),48.9066172993,2.30208233,14,2,2
202100009860,184Â 076,A01,1,1,1,3,2,6,-1,0,0,-1,2021,19.0,1,1,12,0,1,2,1,,7,610,-1,,2,2,0,1,7,344,2,, -1,2,0,4,80,2,11,2021,20:55,3,34,34256,1,6,1,6,d610,43.699589,4.018207,20,2,1
202100025411,156Â 235,A01,10,3,1,0,0,-1,-1,1,3,-1,2021,46.0,1,5,0,1,2,1,1,,2,RAMBAUD (LEOPOLD),0,,1,3,0,1,(1),(1),1,, -1,1,0,1,50,5,8,2021,11:00,1,974,97411,2,1,0,6,RAMBAUD (LEOPOLD),-20.8855462184,55.4699720442,11,2,1
202100000237,201Â 303,B01,2,2,2,0,2,8,-1,-1, -1,-1,2021,36.0,1,1,0,2,1,13,1,,4,m'tsapere-MosquÃ©e Maevantana (ruelle ),0,,2,0,0,1,0,0,1,, -1,1,0,1,50,22,5,2021,16:23,1,976,97611,2,1,0,3,m'tsapere-MosquÃ©e Maevantana (ruelle ),-12.79297,45.21734,16,3,2
202100012512,179Â 345,B01,1,1,1,5,2,-1,-1,0,0,-1,2021,77.0,3,0,4,0,8,1,3,,3,02,-1,D,2,2,1,1,0,822,1,, -1,1,9,3,50,17,10,2021,09:20,1,6,6161,2,1,0,7,Avenue des Plans,43.649587,7.131772,9,1,1
202100021046,164Â 040,B01,1,1,1,1,0,0,-1,0,0,-1,2021,36.0,1,1,9,0,4,1,5,,3,RD813,0,,3,4,0,3,13,510,1,, -1,1,2,1,50,2,9,2021,21:25,5,47,47032,2,1,0,2,RD813,44.19289,0.64655,21,4,2
202100008410,186Â 701,A01,4,2,2,5,1,-1,-1,0,0,-1,2021,21.0,2,2,2,0,3,1,1,,3,906,0,D,2,2,0,1,11,20,1,, -1,1,0,3,90,12,11,2021,23:20,3,48,48119,1,1,0,6,D 906,44.469975,3.934522,23,4,1
202100046124,119Â 318,A01,10,3,2,0,8,8,-1,4,3,1,2021,15.0,2,1,0,1,1,1,1,,4,SAINTE MARTHE (chemin),0,,1,4,0,1,0,0,1,, -1,1,0,1,50,29,3,2021,16:39,1,13,13214,2,1,0,1,SAINTE MARTHE (chemin),43.31541,5.38827,16,2,1
202100008146,187Â 156,B01,1,1,2,1,1,0,-1,0,0,-1,2021,45.0,3,2,0,2,5,1,1,,4,AVENUE DES CHAMPS ELYSEES,0,,2,6,0,1,(1),(1),1,, -1,2,0,1,50,14,11,2021,10:00,1,75,75108,2,7,0,3,AVENUE DES CHAMPS ELYSEES,48.873526,2.295833,10,2,2
202100020402,165Â 169,A01,1,1,2,5,1,-1,-1,0,0,-1,2021,44.0,2,2,13,0,9,1,1,,1,81,-1,A,1,2,0,1,197,200,1,, -1,1,0,3,130,6,9,2021,19:45,2,72,72168,1,1,0,7,Autoroute A.81 PK 197+200,48.010583,-0.147736,19,1,1
202100015071,174Â 767,B01,1,1,1,1,2,6,-1,-1, -1,-1,2021,44.0,3,1,0,2,7,17,1,,4,AVE JEAN PERRIN,0,,2,2,0,1,(1),(1),1,, -1,1,0,1,50,4,10,2021,18:00,1,33,33281,2,1,0,6,AVE JEAN PERRIN,44.83843,-0.670561,18,2,2
202100018571,168Â 439,A01,1,1,1,5,0,-1,-1,-1, -1,-1,2021,47.0,2,1,0,2,1,1,5,,4,VINGT NEUF AOUT 1944 (AVE DU),0,,2,2,0,1,(1),(1),1,, -1,2,0,1,30,15,9,2021,17:15,1,51,51108,2,1,0,1,Avenue du 29 AoÃ»t 1944,48.9451483219,4.3709034694,17,2,2
202100018913,167Â 839,B01,2,2,1,5,1,-1,-1,-1,0,-1,2021,35.0,3,2,0,2,8,1,1,,4,DELEUZE ARMAND,0,,2,0,0,1,(1),(1),1,, -1,1,0,1,50,14,9,2021,18:15,1,95,95280,2,2,0,3,Rue Armand Deleuze,49.03429,2.45935,18,3,2
202100006315,190Â 496,B01,1,1,1,0,2,6,-1,-1, -1,-1,2021,50.0,0,1,0,2,2,0,1,,3,106,0,,2,3,2,1,0,0,1,, -1,1,0,1,50,25,11,2021,19:40,5,92,92035,2,3,0,3,GÃ©nÃ©ral de Gaulle  ( avenue du ),48.9108071204,2.2547587752,19,2,2
202100003618,195Â 280,A01,1,1,1,5,1,0,-1,-1, -1,-1,2021,23.0,1,2,0,2,3,0,1,,3,LILLE ( RUE DE ),0,,2,2,0,1,25,125,1,, -1,2,0,1,50,9,12,2021,23:30,5,62,62119,2,1,1,6,LILLE ( RUE DE ),50.52387,2.65422,23,4,1
202100049953,112Â 460,B01,1,1,2,0,1,-1,-1,0,0,-1,2021,30.0,1,2,0,2,1,1,1,,1,8,-1,,3,3,0,1,3,520,1,, -1,1,0,1,130,28,2,2021,11:15,1,13,13118,1,1,0,2,"A8, Pk 003+520 sens nord/sud",43.554535,5.267365,11,2,2
202100001702,198Â 746,A01,10,3,2,0,0,-1,-1,9,B,1,2021,23.0,1,2,0,1,3,16,2,,4,GAULLE GENERAL DE (AV DU),0,,2,2,0,1,0,0,3,, -1,1,0,1,50,21,12,2021,08:00,2,72,72181,2,6,0,6,GAULLE GENERAL DE (AV DU),48.00405,0.2023,8,2,1
202100030749,146Â 794,Z01,1,1,1,1,8,-1,-1,-1, -1,-1,2021,28.0,1,1,0,2,0,0,3,,4,GAMBETTA                            (CO),0,,2,4,3,1,(1),(1),1,, -1,2,0,6,50,29,6,2021,18:20,1,69,69383,2,3,1,5,GAMBETTA (CR),45.75414,4.84634,18,3,3
202100021755,162Â 741,B01,2,2,1,0,1,-1,-1,-1, -1,-1,2021,12.0,1,2,0,2,8,15,1,,7,PROFESSEUR ROUX (DU)                (R ),0,,2,7,0,1,13,700,1,, -1,1,0,1,50,30,8,2021,12:30,1,69,69259,2,2,0,3,PROFESSEUR ROUX (DU) (R),45.7174772208,4.8588951022,12,3,2
202100009199,185Â 266,A01,1,1,2,5,2,8,-1,-1, -1,-1,2021,23.0,1,1,0,2,5,1,1,,4,ARAGO (FRANCOIS),0,,3,2,0,1,(1),(1),1,, -1,1,0,1,50,4,11,2021,22:00,5,973,97302,2,2,0,3,ARAGO (FRANCOIS),4.9367940617,-52.3312316537,22,4,2
202100017855,169Â 703,B01,2,2,2,0,1,0,-1,-1, -1,-1,2021,43.0,1,2,0,2,4,2,1,,3,BETHONCOURT (ROUTE DE ),0,,2,2,0,1,0,700,1,, -1,1,5,1,50,18,9,2021,12:45,1,25,25388,2,4,0,2,BETHONCOURT (ROUTE DE ),47.52458,6.81175,12,4,2
202100003738,195Â 070,A01,1,1,1,5,2,8,-1,-1, -1,-1,2021,18.0,2,1,0,2,3,0,1,,3,G R PIERRE MENDES-FRANCE ,0,,2,2,0,1,1,0,1,, -1,2,0,1,50,9,12,2021,22:45,5,94,94053,2,3,1,3,Gr Pierre MendÃ¨s-France,48.7728031825,2.5455987453,22,2,2
202100025775,155Â 616,B01,1,1,1,5,2,6,-1,-1, -1,-1,2021,24.0,1,1,0,2,8,2,1,,1,86,0,,1,0,0,4,1,0,1,, -1,1,3,1,50,3,8,2021,20:40,2,94,94081,1,9,0,3,STALINGRAD (BD DE),48.77374,2.4046,20,2,2
202100053130,106Â 770,A01,10,3,1,5,0,-1,-1,0,0,-1,2021,47.0,2,5,1,0,6,1,1,,7,111,0,D,2,2,0,2,15,880,4,, -1,5,0,1,80,30,1,2021,17:30,3,38,38529,1,1,1,6,D111,45.09717,5.86839,17,2,1
202100042018,126Â 515,A01,1,1,1,5,2,0,-1,0,0,-1,2021,36.0,1,1,1,0,4,1,1,,7,THERMALE (AVENUE),0,,2,2,0,2,(1),(1),1,, -1,1,0,1,50,29,4,2021,00:40,5,63,63075,2,1,0,6,THERMALE (AVENUE),45.7714,3.05709,0,1,1
202100032233,144Â 146,A01,10,3,1,9,0,-1,-1,1,3,1,2021,46.0,2,4,0,1,2,1,1,,3,RD 6113 NARBONNE - CARCASSONNE,0,,2,1,0,1,(1),(1),1,, -1,1,0,1,50,18,6,2021,04:30,3,11,11262,2,1,0,6,RD 6113 NARBONNE - CARCASSONNE,43.18099,2.96896,4,2,1
202100041214,127Â 937,B01,1,1,1,1,2,6,-1,0,0,-1,2021,18.0,1,1,1,2,1,26,1,,3,20,0,,2,2,0,4,2,970,1,, -1,1,8,1,80,6,5,2021,06:35,2,33,33413,1,1,0,2,,44.861542,-0.320084,6,2,2
202100024393,158Â 083,B01,1,1,1,5,8,-1,-1,0,0,-1,2021,57.0,2,1,0,2,8,2,1,,3,39,-1,,2,2,0,2,17,750,1,, -1,1,0,1,90,13,8,2021,11:10,1,3,3158,1,1,0,3,la mothe,46.488968,2.714138,11,4,2
202100037651,134Â 357,A01,1,1,1,5,2,-1,-1,0,0,-1,2021,25.0,0,1,5,0,0,1,0,,4,,-1,,2,2,0,2,(1),(1),1,,4,1,0,1,50,29,5,2021,21:45,2,76,76709,2,1,0,7,12 Rue Amiral Courbet,49.482099,0.811557,21,1,1
202100035298,138Â 610,A01,10,3,2,3,0,-1,-1,0,0,1,2021,82.0,3,5,0,1,2,16,1,,7,,0,,2,2,0,1,(1),(1),1,, -1,1,0,4,50,10,6,2021,14:10,1,6,6027,2,9,0,6,NICE AVENUE DE (RN7),43.66373,7.14882,14,2,1
202100050924,110Â 651,A01,1,1,2,4,2,6,-1,0,0,-1,2021,29.0,1,1,0,2,0,2,1,,4,RUE DE TOLBIAC,0,,2,3,0,1,(1),(1),1,, -1,1,0,1,50,19,2,2021,09:21,1,75,75113,2,3,0,2,RUE DE TOLBIAC,48.829178,2.37422,9,2,2
202100038708,132Â 446,A01,1,1,2,5,1,-1,-1,0,0,-1,2021,47.0,3,2,0,2,2,1,1,,3,59,-1,A,2,1,0,1,(1),(1),1,,3,1,0,1,50,19,5,2021,17:50,1,38,38481,2,2,0,1,D59a,45.5555,5.350492,17,3,2
202100044661,121Â 883,A01,1,1,2,5,2,0,-1,-1, -1,-1,2021,40.0,1,1,0,0,0,1,5,,3,CLOS SAINTE MARIE (RUE DU),0,,2,1,0,2,0,0,1,, -1,1,6,8,50,7,4,2021,16:47,1,87,87085,2,1,0,7,CLOS SAINTE MARIE (RUE DU),45.82647,1.2705,16,1,1
202100015860,173Â 327,A01,10,3,1,0,8,8,-1,6,2,2,2021,52.0,1,2,0,1,7,13,1,,4,ROSIERS(DES) :NÂ° 1 AU 59,0,,2,2,0,1,0,0,1,, -1,1,8,1,50,29,9,2021,14:17,1,93,93070,2,1,0,6,Rue des Rosiers,48.9048894345,2.3378463686,14,2,1
202100032950,142Â 859,A01,1,1,1,5,2,-1,-1,0,0,-1,2021,54.0,3,1,8,0,0,13,1,,4,,-1,,2,2,0,1,(1),(1),1,,4,1,0,3,50,22,6,2021,22:45,5,83,83054,1,1,0,7,Chemin Alphonse Lavallee,43.157774,6.048161,22,1,1
202100032957,142Â 848,A01,10,3,2,5,0,-1,-1,1,9,1,2021,70.0,1,2,0,1,3,15,1,,3,,-1,,1,1,0,2,(1),(1),1,,"3,5",1,0,1,30,20,6,2021,16:50,1,46,46231,2,4,0,6,Grand Rue,44.503511,1.138228,16,2,1
202100032307,144Â 010,B01,1,1,1,1,1,0,-1,0,0,-1,2021,44.0,1,2,0,2,4,23,1,,4,BOULEVARD PERIPHERIQUE,0,,1,4,0,1,28,200,1,, -1,1,0,1,70,25,6,2021,11:50,1,75,75119,2,1,0,4,BOULEVARD PERIPHERIQUE,48.878879,2.407906,11,3,3
202100047064,117Â 643,B01,2,2,2,9,1,8,-1,-1, -1,-1,2021,12.0,1,2,0,2,2,1,0,,3,ARISTIDE BRIAND (RUE),0,,2,2,0,1,0,1,1,, -1,1,0,1,50,21,3,2021,16:40,1,93,93032,2,2,0,3,ARISTIDE BRIAND (RUE),48.8827025079,2.5349967315,16,4,2
202100031292,145Â 804,B01,1,1,1,5,2,0,-1,0,0,-1,2021,19.0,2,1,0,2,1,16,5,,4,BOULEVARD DAVOUT,0,,3,4,1,2,(1),(1),1,, -1,1,0,5,50,2,7,2021,17:15,1,75,75120,2,3,0,3,BOULEVARD DAVOUT,48.852724,2.410793,17,2,2
202100021985,162Â 333,A01,1,1,1,5,2,6,-1,0,0,-1,2021,56.0,2,1,13,0,0,1,1,,3,232,0,D,2,2,0,1,7,625,1,, -1,1,0,3,80,29,8,2021,18:11,1,47,47195,1,1,0,7,Route de Francescas,44.113118,0.36727,18,1,1
202100004915,193Â 003,B01,1,1,1,1,1,0,-1,0,0,-1,2021,34.0,1,2,0,2,6,2,1,,4,AVENUE FOCH,0,,2,4,1,1,(1),(1),1,, -1,2,0,1,30,3,12,2021,18:20,5,75,75116,2,2,1,2,AVENUE FOCH,48.873589,2.292805,18,2,2
202100056427,101Â 036,B01,1,1,1,9,2,6,-1,-1, -1,-1,2021,17.0,1,1,0,2,1,0,1,,4,LAPLACE (AV),0,,-1,2,0,1,1,0,1,, -1,1,6,1,30,2,1,2021,19:50,5,94,94003,2,1,0,2,LAPLACE (AV),48.80805,2.33291,19,2,2
202100052320,108Â 195,A01,1,1,1,9,2,0,-1,0,0,-1,2021,32.0,2,1,0,2,1,17,1,,4,RUE DE ROME,0,,2,2,0,1,(1),(1),1,, -1,2,0,1,30,6,2,2021,11:00,1,75,75117,2,2,1,3,RUE DE ROME,48.88402,2.318499,11,2,2
202100001859,198Â 473,B01,1,1,1,3,1,-1,-1,0,0,-1,2021,35.0,1,2,0,2,4,2,1,,3,ROMAIN (BOULEVARD DU CDT CELESTIN),0,,-1,2,0,2,1,228,1,, -1,1,0,1,50,21,12,2021,18:00,2,65,65286,2,1,0,2,ROMAIN (BOULEVARD DU CDT CELESTIN),43.09996,-0.0495,18,2,2
202100028797,150Â 244,A01,10,3,2,5,0,-1,-1,1,3,3,2021,7.0,1,2,0,1,1,25,1,,4,RUE ALFRED SISLEY,0,,1,1,0,1,(1),(1),1,, -1,1,0,4,50,14,7,2021,21:10,5,95,95268,2,1,0,6,RUE ALFRED SISLEY,48.977896,2.395128,21,2,1
202100023159,160Â 222,A01,1,1,1,5,2,-1,-1,0,0,-1,2021,48.0,1,1,14,0,0,1,5,,4,764,-1,E,2,2,0,2,(1),(1),2,, -1,1,0,1,50,22,8,2021,08:30,1,56,56178,2,1,0,7,Rue du General Quinivet,48.069097,-2.968556,8,1,1