Num_Acc,id_vehicule,num_veh,place,catu,sexe,trajet,secu1,secu2,secu3,locp,actp,etatp,year_acc,victim_age,senc,catv,obs,obsm,choc,manv,motor,occutc,catr,voie,v1,v2,circ,nbv,vosp,prof,pr,pr1,plan,lartpc,larrout,surf,infra,situ,vma,jour,mois,an,hrmn,lum,dep,com,agg_,int,atm,col,adr,lat,long,hour,nb_victim,nb_vehicules
202100002549,197Â 224,B01,1,1,1,5,4,9,-1,0,0,-1,2021,44.0,1,1,0,0,4,1,5,,3,154,0,D,2,2,0,1,3,300,1,, -1,2,0,1,80,19,12,2021,02:30,3,80,80576,1,1,1,2,RD 154,49.727947,2.958927,2,2,2
202100023355,159Â 867,A01,2,2,1,5,1,-1,-1,0,0,-1,2021,24.0,1,2,2,0,7,1,1,,2,31,0,N,2,2,0,2,4,300,2,, -1,1,0,4,50,21,8,2021,04:00,5,60,60577,2,1,0,6,58 Route Nationale,49.444988,1.81172,4,2,1
202100035123,138Â 923,A01,1,1,1,5,2,-1,-1,0,0,-1,2021,56.0,2,1,0,5,1,1,1,,3,150,-1,,2,2,0,1,16,450,1,, -1,1,0,1,80,11,6,2021,16:25,1,34,34293,1,1,0,6,"RD 150, PK 16+450",43.628473,2.729625,16,1,1
202100037487,134Â 664,A01,1,1,1,3,1,-1,-1,0,0,-1,2021,72.0,2,2,0,2,0,13,1,,3,,0,,2,2,0,1,4,255,1,,0,1,0,1,80,28,5,2021,17:15,1,47,47269,1,1,0,1,Pont de Labe,44.174471,0.752392,17,2,2
202100015083,174Â 745,B01,1,1,1,5,1,0,-1,-1, -1,-1,2021,84.0,3,2,0,2,4,2,1,,7,TURCAN FRANCIS,0,,3,4,0,1,0,0,1,, -1,1,0,1,50,1,10,2021,19:00,1,13,13056,2,1,0,4,TURCAN FRANCIS,43.41182,5.04428,19,3,3
202100033960,141Â 063,B01,1,1,1,1,2,6,-1,0,0,-1,2021,38.0,1,1,0,0,1,1,1,,3,109,0,,2,2,0,1,30,400,2,, -1,1,0,1,80,16,6,2021,18:10,1,21,21320,1,1,1,1,D109,47.281938,5.198985,18,2,2
202100016225,172Â 634,B01,1,1,1,5,2,6,-1,0,0,-1,2021,17.0,3,1,0,2,1,1,1,,7,GRASSE AVENUE DE,0,,2,2,0,1,(1),(1),1,, -1,1,0,1,50,29,9,2021,17:45,1,6,6027,2,3,0,3,GRASSE AVENUE DE,43.658378,7.141399,17,2,2
202100011870,180Â 503,B01,1,1,1,4,8,0,-1,-1, -1,-1,2021,36.0,1,5,0,2,8,1,1,,3,ROBERT SCHUMANN BOULEVARD,0,,4,4,0,1,0,0,1,, -1,2,0,1,50,21,10,2021,14:25,1,93,93046,2,2,1,5,ROBERT SCHUMANN BOULEVARD,48.92816,2.54947,14,3,3
202100054743,103Â 944,A01,2,2,2,0,1,0,-1,-1, -1,-1,2021,29.0,2,2,0,2,1,2,1,,2,RN12 EXT,0,,3,8,0,1,18,299,1,, -1,1,0,1,110,17,1,2021,18:10,3,78,78322,1,1,0,2,RN12 EXT,48.781521,2.166201,18,3,2
202100026243,154Â 790,A01,1,1,1,5,1,0,-1,-1, -1,-1,2021,27.0,1,5,3,0,1,1,1,,1,A55-Sens Marseille vers Martigues,0,,1,1,0,2,3,799,2,, -1,1,3,1,50,31,7,2021,03:57,3,13,13215,1,1,0,1,A55-Sens Marseille vers Martigues,43.33019,5.35513,3,1,1
202100011594,181Â 003,B01,1,1,1,4,2,0,-1,-1, -1,-1,2021,23.0,0,1,0,2,1,1,1,,4,VAILLANT (RUE EDOUARD),0,,2,2,1,1,(1),(1),1,, -1,1,0,1,50,22,10,2021,22:05,5,37,37261,2,3,0,3,VAILLANT (RUE EDOUARD),47.37901567,0.7100414917,22,2,2
202100032122,144Â 334,A01,2,2,2,5,1,8,-1,-1, -1,-1,2021,22.0,1,2,1,0,1,14,1,,4,MAZARGUES (AVENUE DE),0,,1,1,0,1,0,0,1,, -1,1,0,1,50,26,6,2021,02:15,5,13,13208,2,1,0,1,MAZARGUES (AVENUE DE),43.2593612265,5.3941545983,2,3,2
202100005094,192Â 667,A01,1,1,2,1,1,0,-1,0,0,-1,2021,22.0,2,2,0,2,1,2,1,,4,BOULEVARD PERIPHERIQUE,0,,1,3,0,1,7,800,1,, -1,2,0,1,70,1,12,2021,12:40,1,75,75115,2,1,0,2,BOULEVARD PERIPHERIQUE,48.827241,2.293135,12,2,2
202100000473,200Â 860,C01,2,2,2,5,1,8,-1,-1, -1,-1,2021,71.0,1,2,0,2,1,1,1,,4,ANCIENNE BALATERIE RUE DE L,0,,2,2,2,1,(1),(1),1,, -1,1,0,1,50,31,12,2021,23:40,5,59,59350,2,2,0,5,ANCIENNE BALATERIE RUE DE L,50.63567,3.00977,23,6,3
202100038334,133Â 110,B01,1,1,1,0,2,0,-1,-1, -1,-1,2021,55.0,1,1,0,2,1,1,1,,4,RAVIER (RUE),0,,2,2,0,1,0,1,1,, -1,1,0,1,50,6,5,2021,19:15,1,74,74008,2,3,0,3,RAVIER (RUE),46.20062,6.2305,19,2,2
202100015912,173Â 225,A01,1,1,2,0,8,8,-1,-1, -1,-1,2021,54.0,1,1,0,2,1,19,5,,4,VANEAU,0,,2,5,0,1,0,0,1,, -1,1,0,1,50,30,9,2021,20:45,5,35,35238,2,3,0,3,VANEAU,48.11046,-1.69274,20,2,2
202100036972,135Â 613,B01,1,1,1,0,8,0,-1,-1, -1,-1,2021,37.0,3,1,0,2,1,1,5,,7,3,0,,1,2,3,1,53,500,2,, -1,1,8,1,50,1,6,2021,13:43,1,76,76498,2,6,0,3,NERUDA. RUE PABLO,49.425903,1.059011,13,2,2
202100041355,127Â 689,A01,10,3,1,5,0,-1,-1,3,3,1,2021,31.0,1,2,0,1,3,1,3,,3,977,-1,,2,1,0,1,(1),(1),3,,3,1,0,1,50,5,5,2021,16:15,1,71,71070,2,3,0,6,Place du Carcabot,46.712706,4.694646,16,2,1
202100012007,180Â 249,A01,1,1,2,9,2,6,-1,-1, -1,-1,2021,16.0,2,1,0,2,1,1,1,,3,SOULT (AVENUE MARECHAL),0,,2,4,3,1,8,254,1,, -1,1,0,1,50,19,10,2021,17:45,1,64,64102,2,9,0,2,SOULT (AVENUE MARECHAL),43.485737,-1.49138,17,2,2
202100007125,189Â 035,A01,10,3,2,9,0,-1,-1,1,0,1,2021,59.0,2,0,0,1,7,14,0,,4,BRIAND (RUE ARISTIDE),0,,2,2,0,1,(1),(1),1,, -1,1,0,1,30,9,11,2021,13:15,1,28,28085,2,1,1,6,BRIAND (RUE ARISTIDE),48.44521,1.52081,13,2,1
202100022568,161Â 284,B01,1,1,1,0,1,0,-1,-1, -1,-1,2021,39.0,2,5,0,2,5,1,1,,3,20,0,,2,4,0,1,2,49,1,, -1,1,0,1,50,26,8,2021,12:30,1,91,91377,1,2,0,3,RN20,48.7301,2.3005,12,2,2
202100048123,115Â 726,A01,10,3,1,0,0,-1,-1,9,3,1,2021,67.0,2,2,0,1,1,26,1,,2,GRAND CAMP(SECTION),0,,1,3,0,1,(1),(1),1,, -1,1,0,1,90,10,3,2021,19:00,5,971,97101,1,1,0,6,GRAND CAMP(SECTION),16.25433,-61.53883,19,7,1
202100009396,184Â 904,B01,2,2,2,0,2,0,-1,-1, -1,-1,2021,36.0,1,1,0,2,3,1,1,,4,DIAGONALE(CHEMIN),0,,2,2,0,1,0,0,1,, -1,1,0,1,50,4,11,2021,06:55,1,974,97416,2,4,0,3,DIAGONALE(CHEMIN),-21.29219,55.47068,6,3,2
202100027131,153Â 210,A01,1,1,1,5,2,6,9,0,0,-1,2021,34.0,1,1,8,0,1,1,1,,3,RD463,0,A,2,2,0,2,1,865,3,, -1,1,0,3,70,26,7,2021,13:45,1,90,90045,1,1,0,6,D463,47.509085,6.961555,13,1,1
202100050832,110Â 820,A01,1,1,1,1,2,6,-1,0,0,-1,2021,46.0,1,1,0,6,1,1,1,,3,997,-1,,2,2,0,1,3,200,1,, -1,1,0,1,-1,20,2,2021,20:40,3,55,55340,1,1,0,7,D997,48.791033,4.996977,20,1,1
202100035592,138Â 098,A01,10,3,2,0,0,-1,-1,3,3,1,2021,78.0,1,2,0,1,4,9,2,,3,,-1,,1,2,0,3,55,430,1,,4,1,0,1,50,10,6,2021,09:35,1,83,83070,2,3,0,6,Traverse des cabrovaires,43.138643,6.361513,9,2,1
202100000581,200Â 662,B01,2,2,2,5,1,8,-1,-1, -1,-1,2021,26.0,2,2,0,2,3,9,1,,3,ROGER SALENGRO (AV),0,,2,2,0,1,1,0,1,, -1,2,0,1,30,23,12,2021,19:15,5,94,94017,2,3,0,3,Avenue Roger Salengro,48.819358,2.487396,19,3,2
202100046633,118Â 410,A01,1,1,1,4,2,6,-1,0,0,-1,2021,28.0,1,1,0,2,7,18,1,,4,RUE BELGRAND,0,,2,4,0,1,(1),(1),1,, -1,1,0,1,50,25,3,2021,20:30,5,75,75120,2,2,0,3,RUE BELGRAND,48.864683,2.404154,20,2,2
202100029563,148Â 947,A01,10,3,1,5,0,-1,-1,9,3,1,2021,13.0,3,2,0,1,3,1,1,,4,RIVIERE DES PLUIES (ROUTE DE LA),0,,2,1,0,2,0,0,1,, -1,1,0,1,50,10,7,2021,17:40,2,974,97411,1,9,0,6,RIVIERE DES PLUIES (ROUTE DE LA),-20.90087,55.50058,17,3,1
202100054534,104Â 295,B01,1,1,1,5,1,0,-1,-1, -1,-1,2021,30.0,1,5,0,2,4,2,1,,4,Tunnel Prado CarÃ©nage,0,,1,2,0,1,2,713,1,, -1,1,1,1,60,18,1,2021,08:15,2,13,13202,1,1,0,5,Tunnel Prado CarÃ©nage,43.31761,5.36765,8,3,3
202100035515,138Â 230,A01,1,1,2,5,1,0,-1,-1, -1,-1,2021,65.0,3,2,0,2,1,2,1,,7,RAYETTES,0,,2,2,0,2,0,0,1,, -1,1,0,1,50,7,6,2021,09:30,1,13,13056,2,1,0,2,RAYETTES,43.41438,5.03797,9,2,2
202100001000,199Â 974,A01,10,3,2,1,8,8,-1,0,0,-1,2021,18.0,3,2,0,1,0,9,0,,7,GUESDE JULES RUE,0,,-1,2,0,1,(1),(1),3,, -1,2,0,1,50,28,12,2021,14:00,1,59,59350,2,6,1,6,GUESDE JULES RUE,50.645134,3.001597,14,2,1
202100035523,138Â 215,A01,1,1,2,0,1,0,-1,-1, -1,-1,2021,19.0,1,2,0,2,5,12,1,,3,AUXERRE (ROUTE),0,,1,2,0,1,(1),(1),2,, -1,1,0,1,50,8,6,2021,16:14,1,10,10333,1,6,0,3,AUXERRE (ROUTE),48.27024,4.05028,16,2,2
202100044595,122Â 006,A01,10,3,1,5,0,-1,-1,2,5,1,2021,5.0,1,2,0,1,1,1,1,,4,AVENUE DE NOGENT,0,,2,2,0,1,(1),(1),1,, -1,1,0,1,50,9,4,2021,19:05,1,75,75112,2,2,0,6,AVENUE DE NOGENT,48.838992,2.460296,19,2,1
202100034529,140Â 009,B01,1,1,1,0,2,6,-1,0,0,-1,2021,23.0,1,1,0,2,1,3,1,,7,6015,-1,D,2,3,0,1,6,100,1,, -1,1,0,1,70,15,6,2021,17:35,1,76,76069,1,9,0,3,D6015,49.376614,1.125594,17,2,2
202100015901,173Â 249,B01,1,1,1,0,1,8,-1,-1, -1,-1,2021,50.0,2,2,0,2,4,1,1,,2,RN165 (ECHANGEUR),0,,1,2,0,1,98,300,3,, -1,2,3,1,70,28,9,2021,11:00,1,56,56185,1,1,1,2,N165 bretelle Ã©changeur,47.77103,-3.37804,11,2,2
202100044930,121Â 416,B01,1,1,1,0,2,8,-1,-1, -1,-1,2021,24.0,1,1,0,2,1,19,3,,4,FRANCE LIBRE (BOULEVARD DE LA),0,,2,2,0,1,(1),(1),1,, -1,1,0,8,50,4,4,2021,11:25,1,66,66136,2,1,0,6,FRANCE LIBRE (BOULEVARD DE LA),42.70542,2.90203,11,2,2
202100049005,114Â 160,A01,1,1,2,0,1,-1,-1,0,0,-1,2021,60.0,1,2,7,0,0,1,1,,2,,-1,,2,-1,-1,2,15,0,1,, -1,1,0,1,-1,7,3,2021,16:45,1,50,50099,1,3,0,7,La Croix Pan,49.362407,-1.279746,16,2,1
202100020440,165Â 102,A01,1,1,2,1,1,0,-1,-1, -1,-1,2021,27.0,2,2,0,2,8,9,1,,1,AUTOROUTE A3,0,,3,7,0,1,9,100,1,, -1,1,0,1,90,6,9,2021,09:15,1,93,93010,1,1,0,3,AUTOROUTE A3,48.91546,2.47764,9,2,2
202100025893,155Â 404,A01,1,1,1,0,1,-1,-1,0,0,-1,2021,84.0,3,2,0,0,1,21,1,,4,5,-1,,2,2,0,2,(1),(1),1,, -1,1,0,8,70,30,7,2021,09:50,1,18,18241,1,1,0,7,route communale 5,47.325803,2.814651,9,1,1
202100041716,127Â 044,A01,1,1,1,2,0,-1,-1,0,0,-1,2021,14.0,1,1,0,2,3,25,5,,3,80,0,,2,2,0,1,(1),(1),2,, -1,1,5,1,50,3,5,2021,08:00,1,14,14020,2,6,1,3,Rue de la Gare,49.121089,-0.174144,8,2,2
202100042254,126Â 103,B01,9,2,1,0,1,-1,-1,0,0,-1,2021,45.0,3,2,0,2,1,1,1,,4,888,0,,2,2,0,1,(1),(1),3,, -1,2,0,1,80,28,4,2021,07:40,1,973,97305,1,1,0,1,"D 888, avenue de la laiterie",4.947344,-52.444117,7,4,2
202100047365,117Â 108,B01,1,1,1,0,-1,0,-1,0,0,-1,2021,88.0,3,1,0,2,4,16,5,,4,PINEL (Rue du docteur),0,,2,2,0,1,(1),(1),2,, -1,1,5,1,50,19,3,2021,09:15,1,26,26198,2,6,0,2,Rue du Docteur Pinel ,44.557963,4.733788,9,2,2
202100037680,134Â 306,A01,1,1,1,5,2,6,-1,0,0,-1,2021,19.0,2,1,3,0,9,1,1,,2,85,0,,2,2,0,1,72,600,3,, -1,2,0,1,80,30,5,2021,15:03,1,4,4022,1,1,0,6,RN 85,43.960104,6.34296,15,1,1
202100047911,116Â 096,A01,10,3,2,0,0,-1,-1,3,3,1,2021,22.0,0,2,0,1,4,4,1,,4,ILE MAUBELLE (RUE DE L'),0,,2,2,0,1,0,0,1,, -1,1,5,1,50,12,3,2021,19:40,1,91,91223,2,3,0,6,ILE MAUBELLE (RUE DE L'),48.433815,2.165992,19,2,1
202100040081,129Â 952,A01,1,1,1,9,2,0,-1,-1, -1,-1,2021,25.0,1,1,0,2,3,1,1,,3,77,0,,2,2,1,1,1,0,1,, -1,1,0,1,50,13,5,2021,19:30,2,92,92007,2,2,0,3,BARBUSSE (AVENUE HENRI) NÂ° 1 A 43 ET 2 A,48.79835,2.30899,19,3,2
202100036515,136Â 438,A01,2,2,2,5,0,-1,-1,0,0,-1,2021,21.0,2,2,0,0,1,1,1,,4,,-1,,2,2,0,2,(1),(1),1,,4,1,0,1,30,5,6,2021,03:00,5,2,2757,2,1,0,7,27 Rue des Ecoles,49.920511,3.564495,3,2,1
202100020642,164Â 730,A01,1,1,1,5,1,-1,-1,0,0,-1,2021,78.0,0,2,6,0,1,0,1,,4,,-1,,2,2,0,1,(1),(1),2,,5,1,0,3,50,5,9,2021,17:20,1,17,17382,2,1,0,6,Rue du Stade,46.170819,-0.693587,17,1,1
202100051060,110Â 405,B01,1,1,1,0,2,-1,-1,-1, -1,-1,2021,32.0,2,1,0,2,8,1,1,,4,CRS DU GENERAL DE GAULLE,0,,2,4,0,1,(1),(1),1,, -1,1,0,1,50,18,2,2021,07:50,1,33,33192,2,2,0,3,Cours du GÃ©nÃ©ral de Gaulle,44.778411,-0.609782,7,2,2
202100014608,175Â 603,A01,1,1,2,0,8,-1,-1,-1, -1,-1,2021,50.0,3,1,0,2,8,1,5,,4,CRS DE LA MARNE,0,,2,2,3,1,(1),(1),1,, -1,1,-1,1,50,7,10,2021,10:25,1,33,33063,2,7,1,3,Cours de la Marne,44.82866,-0.56293,10,2,2
202100021844,162Â 583,A01,1,1,2,5,1,-1,-1,0,0,-1,2021,61.0,1,2,13,0,2,14,1,,3,6110,-1,,2,2,0,1,11,600,1,, -1,1,0,3,80,31,8,2021,10:45,1,11,11220,1,1,0,6,RD 610,43.204894,2.568655,10,1,1
202100045993,119Â 546,B01,1,1,1,0,2,0,-1,-1, -1,-1,2021,28.0,1,1,1,2,3,2,1,,4,MERMOZ (RUE JEAN),0,,2,2,0,1,1,0,1,, -1,1,0,1,50,29,3,2021,18:30,1,93,93064,2,1,0,3,MERMOZ (RUE JEAN),48.8801220583,2.4882788141,18,2,2
202100052376,108Â 093,A01,10,3,2,9,0,-1,-1,2,3,1,2021,18.0,1,2,0,1,7,1,1,,4,BARRAT (DU DOCTEUR),0,,2,2,0,1,(1),(1),1,, -1,2,0,1,50,5,2,2021,18:40,2,973,97302,2,1,1,6,BARRAT (DU DOCTEUR),4.93808,-52.32652,18,2,1
202100023723,159Â 212,A01,1,1,1,5,1,-1,-1,0,0,-1,2021,75.0,3,2,1,0,1,20,1,,4,CHANCELIER (RUE DU),0,,1,1,0,1,0,0,1,, -1,1,0,1,50,17,8,2021,13:45,1,14,14715,2,1,0,6,Rue du Chancelier,49.36828,0.08066,13,1,1
202100032701,143Â 314,B01,1,1,2,9,8,0,-1,0,0,-1,2021,25.0,2,1,0,2,1,1,5,,4,RUE DE VAUGIRARD,0,,1,2,3,1,(1),(1),1,, -1,1,0,1,50,22,6,2021,09:35,1,75,75115,2,2,0,3,RUE DE VAUGIRARD,48.832712,2.288391,9,2,2
202100013153,178Â 237,B01,1,1,2,0,1,-1,-1,0,0,-1,2021,70.0,2,2,0,2,1,0,1,,3,901,-1,D,2,2,0,1,8,900,1,, -1,1,0,1,80,15,10,2021,17:45,1,30,30005,1,1,0,1,D901,44.298513,4.535613,17,2,2
202100000155,201Â 471,A01,1,1,1,0,2,0,-1,0,0,-1,2021,30.0,3,1,1,0,5,1,1,,4,LORETTO CHEMIN,0,,1,1,0,2,(1),(1),1,, -1,2,9,1,50,24,12,2021,20:00,5,201,201004,2,9,0,6,LORETTO CHEMIN,41.92896,8.73387,20,1,1
202100051766,109Â 169,B01,1,1,2,0,1,0,-1,-1, -1,-1,2021,25.0,1,2,0,2,0,0,1,,1,BRETELLE A10/RN20,0,,-1,1,0,2,1,80,3,, -1,1,0,1,70,12,2,2021,17:50,2,91,91136,1,1,0,2,BRETELLE A10/RN20,48.70986,2.2872,17,2,2
202100000516,200Â 776,A01,1,1,1,0,8,0,-1,-1, -1,-1,2021,61.0,0,1,0,0,0,0,3,,4,FIFI TURIN (RUE),0,,1,1,0,1,0,0,1,, -1,1,0,1,50,16,2,2021,19:40,5,13,13210,2,1,0,7,FIFI TURIN (RUE),43.28047,5.41234,19,1,1
202100010760,182Â 499,B01,1,1,2,0,1,-1,-1,0,0,-1,2021,31.0,1,2,0,2,8,26,1,,3,562,0,,2,2,0,2,24,800,1,, -1,1,0,5,80,27,10,2021,07:45,2,83,83072,1,1,0,3,D562,43.480834,6.325593,7,2,2
202100043396,124Â 096,A01,3,2,2,0,1,4,-1,-1, -1,-1,2021,41.0,1,2,0,2,5,1,1,,1,A507 sens Marseille - Aubagne,0,,1,4,0,1,7,800,1,, -1,1,1,1,70,19,4,2021,14:15,1,13,13055,1,1,0,3,A507 sens Marseille - Aubagne,43.3107592406,5.424477683,14,5,2
202100005121,192Â 625,B01,1,1,1,9,2,6,-1,-1, -1,-1,2021,26.0,1,1,0,2,0,17,1,,3,PAUL ET CAMILLE THOMOUX (RUE) COTE IMPAI,0,,2,2,0,1,1,0,1,, -1,1,0,1,50,2,12,2021,14:30,1,93,93050,2,1,0,3,PAUL ET CAMILLE THOMOUX (RUE) COTE IMPAI,48.87256,2.52964,14,2,2
202100034989,139Â 155,B01,1,1,1,5,1,0,-1,-1, -1,-1,2021,26.0,1,2,0,2,1,1,1,,7,HAUBOURDIN RUE D   NÂ°IMPAIR,0,,2,2,0,1,(1),(1),1,, -1,1,0,1,50,11,6,2021,13:45,1,59,59220,2,3,0,3,HAUBOURDIN RUE D   NÂ°IMPAIR,50.598776,3.062927,13,4,2
202100053218,106Â 610,B01,1,1,1,5,8,8,-1,0,0,-1,2021,66.0,3,1,0,2,0,1,5,,4,EPARGNE (RUE DE L'),0,,-1,2,0,2,0,0,1,, -1,2,0,1,30,28,1,2021,16:30,1,28,28085,2,6,1,3,EPARGNE (RUE DE L'),48.44746,1.47679,16,2,2
202100051252,110Â 070,C01,2,2,2,5,1,4,-1,-1, -1,-1,2021,66.0,1,5,0,2,4,1,1,,7,Route DÃ©partementale 1083,0,,3,2,0,1,38,750,1,, -1,1,0,1,50,14,2,2021,16:20,1,67,67137,1,1,0,4,M83,48.50283,7.69353,16,6,4
202100003479,195Â 537,A01,1,1,1,5,0,-1,-1,0,0,-1,2021,57.0,2,2,16,0,2,1,1,,3,276,0,,2,2,0,2,6,400,1,, -1,5,0,8,80,11,12,2021,20:00,3,7,7249,1,1,0,6,Le Goutas de la Roche,45.046486,4.463725,20,1,1
202100056111,101Â 583,A01,1,1,1,3,1,-1,-1,0,0,-1,2021,62.0,2,2,3,0,3,1,1,,3,900,-1,,2,2,0,1,78,160,1,, -1,2,0,8,80,7,1,2021,11:45,1,4,4220,1,1,0,7,RD 900,44.393312,6.555131,11,1,1
202100055267,103Â 032,B01,1,1,2,1,1,0,-1,-1, -1,-1,2021,38.0,2,2,0,2,1,2,1,,1,A13,0,,3,4,0,1,21,399,1,, -1,2,0,1,110,13,1,2021,09:05,1,78,78133,1,1,1,4,A13,48.89117,2.009279,9,5,5
202100037480,134Â 675,B01,1,1,1,5,2,9,-1,0,0,-1,2021,31.0,3,1,0,2,1,1,5,,4,201,0,C,2,2,0,1,0,0,1,, -1,1,0,1,80,30,5,2021,18:30,1,80,80334,1,1,0,1,Route de Neuville,49.795315,2.188999,18,2,2
202100021806,162Â 643,A01,1,1,1,1,1,0,-1,0,0,-1,2021,34.0,2,2,1,0,3,14,1,,4,BOULEVARD DES FRERES VOISIN,0,,1,2,0,1,(1),(1),1,, -1,1,0,1,30,30,8,2021,08:35,1,75,75115,2,1,0,6,BOULEVARD DES FRERES VOISIN,48.827938,2.271185,8,1,1
202100038161,133Â 435,A01,1,1,1,0,8,0,-1,-1, -1,-1,2021,42.0,3,1,0,2,1,2,0,,4,FLORISSANT (AVENUE),0,,2,2,0,1,0,0,1,, -1,1,0,1,50,26,5,2021,13:15,1,74,74012,2,1,0,3,FLORISSANT (AVENUE),46.19662,6.24133,13,2,2
202100036742,136Â 029,B01,1,1,2,0,1,0,-1,-1, -1,-1,2021,31.0,2,2,0,2,8,11,1,,1,AUTOROUTE A3,0,,3,10,0,1,5,519,1,, -1,1,0,1,90,2,6,2021,08:12,1,93,93053,1,1,0,3,AUTOROUTE A3,48.8928,2.47251,8,2,2
202100042503,125Â 647,B01,1,1,1,9,2,6,-1,0,0,-1,2021,40.0,2,1,0,2,8,1,1,,4,BOULEVARD ROMAIN ROLLAND,0,,1,2,0,1,(1),(1),1,, -1,1,0,1,50,26,4,2021,13:10,1,75,75114,2,2,0,3,BOULEVARD ROMAIN ROLLAND,48.822325,2.314232,13,2,2
202100048947,114Â 258,Z01,1,1,1,5,8,0,-1,-1, -1,-1,2021,22.0,3,1,0,2,9,2,0,,4,NORMANDIN   RUE EMILE,0,,-1,2,2,1,(1),(1),1,, -1,1,0,5,50,6,3,2021,13:48,1,17,17300,2,1,0,3,NORMANDIN   RUE EMILE,46.1433,-1.14144,13,2,2
202100034777,139Â 549,A01,1,1,1,5,2,6,-1,0,0,-1,2021,26.0,1,1,0,2,2,3,1,,4,ECHANGEUR MUETTE,0,,1,4,0,1,14,900,1,, -1,1,1,1,70,11,6,2021,18:30,1,75,75116,2,1,0,3,ECHANGEUR MUETTE,48.868219,2.269778,18,3,2
202100023729,159Â 202,A01,1,1,1,0,2,0,-1,-1, -1,-1,2021,18.0,0,1,11,0,8,26,1,,4,CLAUDE MONET (avenue),0,,2,2,0,2,0,0,3,, -1,1,0,3,50,12,8,2021,03:12,5,13,13214,2,1,0,7,CLAUDE MONET (avenue),43.32688,5.39551,3,2,1
202100030278,147Â 644,A01,1,1,1,0,1,-1,-1,0,0,-1,2021,58.0,1,2,13,0,2,1,1,,3,4,-1,D,2,2,0,1,13,590,2,, -1,1,0,1,50,7,7,2021,20:20,2,84,84085,2,1,0,7,D4,43.951119,5.243161,20,1,1
202100037285,135Â 026,B01,1,1,1,5,2,0,-1,0,0,-1,2021,27.0,1,1,0,2,1,1,5,,4,RUE DE LA CONVENTION,0,,2,2,1,1,(1),(1),1,, -1,1,0,1,50,30,5,2021,18:50,1,75,75115,2,2,0,3,RUE DE LA CONVENTION,48.837224,2.29633,18,2,2
202100020535,164Â 932,B01,1,1,1,1,8,-1,-1,-1, -1,-1,2021,23.0,0,1,0,2,1,21,0,,4,SAINT-HELIER,0,,2,2,2,1,(1),(1),1,, -1,1,0,5,30,6,9,2021,12:15,1,35,35238,2,1,0,2,SAINT-HELIER,48.10626,-1.66744,12,2,2
202100025530,156Â 035,A01,1,1,1,1,2,6,9,0,0,-1,2021,51.0,1,1,0,0,1,0,1,,3,560,-1,,2,2,0,1,33,170,2,, -1,1,0,3,80,6,8,2021,12:45,1,83,83025,1,1,0,6,D560,43.5278923808,5.97568089,12,1,1
202100036013,137Â 315,B01,1,1,1,1,2,6,9,0,0,-1,2021,28.0,2,1,0,2,2,1,1,,3,6086,-1,,2,2,0,1,(1),(1),1,, -1,1,0,1,50,7,6,2021,07:55,1,30,30212,2,3,0,3,13 Avenue du Pont-du-Gard,43.936,4.5566,7,2,2
202100051627,109Â 409,B01,1,1,2,1,1,-1,-1,0,0,-1,2021,49.0,1,2,13,0,3,1,1,,3,13,0,D,2,2,0,1,24,1012,1,, -1,1,0,1,80,13,2,2021,14:55,1,34,34063,1,2,0,3,D13,43.4909705572,3.3461791277,14,2,2
202100018785,168Â 064,A01,10,3,2,0,0,-1,-1,2,3,1,2021,52.0,0,3,0,1,1,9,1,1.0,9,ALBERT EINSTEIN (RUE),0,,2,0,3,1,0,0,1,, -1,1,0,6,50,13,9,2021,18:17,1,13,13213,2,1,0,6,ALBERT EINSTEIN (RUE),43.3390574767,5.4382771097,18,2,1
202100002338,197Â 609,A01,10,3,1,1,0,-1,-1,3,3,1,2021,22.0,2,2,0,1,3,1,1,,3,0,0,R,2,2,0,1,0,0,1,, -1,1,0,1,50,17,12,2021,10:30,1,22,22162,2,9,1,6,Rue Raymond Pellier,48.777400177,-3.0431377892,10,2,1
202100041894,126Â 734,A01,1,1,1,0,8,0,-1,-1, -1,-1,2021,74.0,0,1,0,0,0,1,5,,4,,0,,-1,2,0,1,0,0,1,, -1,1,0,1,50,24,4,2021,11:10,1,53,53130,2,1,0,7,FERME DE BOIS GAMATS ( CHEMIN DE LA ),48.052368,-0.783655,11,1,1
202100015194,174Â 549,B01,1,1,1,1,1,-1,-1,-1, -1,-1,2021,51.0,1,2,0,2,8,26,1,,7,RD383   14.250 A 18.000,0,,1,2,0,1,14,250,2,, -1,1,0,1,50,25,9,2021,05:50,3,69,69199,1,9,0,3,RD383   14.250 A 18.000,45.69452,4.84421,5,2,2
202100033503,141Â 895,A01,10,3,2,2,0,-1,-1,1,4,1,2021,12.0,3,1,0,1,1,1,5,,4,,0,,2,1,0,1,(1),(1),1,,3,1,0,1,50,18,6,2021,17:25,1,31,31291,2,1,0,6,Avenue Carreli,43.606313,1.231155,17,2,1
202100032432,143Â 801,B01,1,1,1,0,2,6,-1,-1, -1,-1,2021,23.0,1,1,0,2,2,12,1,,1,AUTOROUTE A3,0,,3,8,0,1,1,299,1,, -1,1,0,1,90,25,6,2021,02:40,4,93,93006,1,1,0,2,AUTOROUTE A3,48.8684,2.42856,2,2,2