Num_Acc,id_vehicule,num_veh,place,catu,sexe,trajet,secu1,secu2,secu3,locp,actp,etatp,year_acc,victim_age,senc,catv,obs,obsm,choc,manv,motor,occutc,catr,voie,v1,v2,circ,nbv,vosp,prof,pr,pr1,plan,lartpc,larrout,surf,infra,situ,vma,jour,mois,an,hrmn,lum,dep,com,agg_,int,atm,col,adr,lat,long,hour,nb_victim,nb_vehicules
202100052440,107Â 978,A01,10,3,2,2,0,-1,-1,4,3,1,2021,19.0,1,2,0,1,1,1,1,,4,HUGO VICTOR (DE 1 A 17 ET 2 A 20),0,,2,2,0,1,(1),(1),1,, -1,1,5,1,50,4,2,2021,16:45,1,29,29019,2,2,0,6,Rue Victor Hugo,48.390278,-4.477488,16,3,2
202100036581,136Â 327,A01,10,3,2,5,8,8,-1,1,3,1,2021,42.0,1,2,0,1,1,1,1,,4,GRAND CARAIBE (RUE DU),0,,2,1,0,1,(1),(1),1,, -1,1,0,1,30,3,6,2021,01:15,5,972,97213,2,1,0,6,GRAND CARAIBE (RUE DU),14.621105,-61.028581,1,2,1
202100030460,147Â 325,A01,1,1,1,5,2,6,9,0,0,-1,2021,43.0,2,1,0,9,0,0,5,,3,930,-1,,2,2,0,1,8,300,1,, -1,1,0,1,80,6,7,2021,18:50,1,32,32083,1,1,0,3,D930,43.810546,0.427297,18,2,2
202100034152,140Â 714,A01,1,1,2,5,1,-1,-1,0,0,-1,2021,79.0,1,2,0,2,1,11,1,,3,609,-1,,2,2,0,2,45,452,1,, -1,1,0,1,50,31,5,2021,12:10,1,34,34180,2,1,0,5,cd609,43.608287,3.4364,12,4,3
202100006724,189Â 765,A01,1,1,2,9,2,6,-1,0,0,-1,2021,23.0,2,1,0,2,2,14,1,,4,AVENUE DE SUFFREN,0,,2,2,0,1,(1),(1),1,, -1,1,0,1,30,22,11,2021,12:00,1,75,75107,2,3,0,3,AVENUE DE SUFFREN,48.851571,2.300266,12,2,2
202100001719,198Â 717,A01,1,1,2,9,1,0,-1,-1, -1,-1,2021,72.0,1,2,0,2,1,2,1,,4,RN 162,0,,2,2,0,1,1,0,1,, -1,1,0,1,80,16,12,2021,18:00,5,49,49015,2,1,0,4,RN 162,47.51827,-0.6066,18,3,3
202100050278,111Â 846,B01,1,1,1,5,2,6,-1,0,0,-1,2021,57.0,1,1,0,2,1,1,5,,3,6,-1,,2,2,0,1,(1),(1),1,, -1,1,5,1,30,24,2,2021,17:20,1,63,63200,2,6,0,3,place de la fontaine,45.839296,3.215446,17,2,2
202100032271,144Â 076,B01,2,2,2,0,1,0,-1,0,0,-1,2021,67.0,1,2,0,2,4,2,1,,4,MEZIERES (RUE ALFRED),0,,2,3,0,2,(1),(1),1,, -1,1,2,1,50,24,6,2021,15:50,1,54,54395,2,1,0,2,MEZIERES (RUE ALFRED),48.70081,6.16924,15,3,2
202100018381,168Â 768,A01,10,3,1,0,0,-1,-1,2,5,1,2021,16.0,1,2,0,1,1,1,1,,4,MENDES FRANCE (AVENUE),0,,2,0,0,1,0,0,1,, -1,1,0,1,50,17,9,2021,18:20,1,13,13207,2,1,0,1,MENDES FRANCE (AVENUE),43.29,5.36,18,2,1
202100015392,174Â 195,B01,1,1,2,5,1,-1,-1,0,0,-1,2021,26.0,2,2,0,2,1,1,1,,3,611,0,,2,3,0,1,3,210,1,, -1,1,5,1,90,26,9,2021,20:45,3,86,86100,1,2,0,3,D611,46.517218,0.243744,20,3,2
202100009277,185Â 116,A01,10,3,2,5,0,-1,-1,3,3,1,2021,87.0,1,2,0,1,4,20,1,,4,,0,,1,1,0,1,(1),(1),1,, -1,1,0,1,50,5,11,2021,09:32,1,6,6030,2,1,0,6,EST (RUE DE L'),43.57223,7.01678,9,2,1
202100056075,101Â 648,B01,1,1,1,2,2,8,-1,-1, -1,-1,2021,20.0,1,1,0,2,1,19,5,,3,GENERAL DE GAULLE (AV DU),0,,4,3,1,1,0,0,3,, -1,1,5,5,50,6,1,2021,09:00,1,94,94021,2,3,0,3,GENERAL DE GAULLE (AV DU),48.7716,2.34659,9,2,2
202100047859,116Â 213,A01,1,1,1,5,2,-1,-1,0,0,-1,2021,36.0,3,1,0,0,0,1,1,,4,D6,-1,,2,2,0,1,(1),(1),3,, -1,2,0,3,80,17,3,2021,00:15,3,42,42081,1,1,1,7,Chemin du Grand Clos,45.600578,4.265909,0,1,1
202100023232,160Â 088,A01,1,1,1,5,1,0,-1,-1, -1,-1,2021,53.0,1,5,0,0,7,2,1,,1,A501-Sens Aubagne vers Pont de l'Etoile,0,,1,2,0,1,0,500,2,, -1,1,0,3,90,20,8,2021,07:40,1,13,13005,1,1,0,7,A501-Sens Aubagne vers Pont de l'Etoile,43.29091,5.55494,7,1,1
202100049302,113Â 633,A01,1,1,1,5,0,-1,-1,0,0,-1,2021,78.0,3,2,0,2,1,16,1,,4,,-1,,2,2,0,2,(1),(1),1,, -1,1,0,1,50,5,3,2021,14:25,1,38,38378,2,3,0,1,Avenue Berthelot,45.430742,4.769289,14,6,2
202100037037,135Â 498,A01,1,1,1,5,2,6,-1,0,0,-1,2021,26.0,1,1,0,2,3,3,1,,4,PORTE DOREE,0,,1,4,0,1,(1),(1),3,, -1,1,0,1,70,1,6,2021,09:40,1,75,75112,2,4,0,5,PORTE DOREE,48.835991,2.412053,9,4,3
202100021201,163Â 762,A01,1,1,1,0,2,0,-1,-1, -1,-1,2021,30.0,1,1,0,2,1,21,1,,1,86,0,,3,2,0,1,53,0,1,, -1,1,0,1,90,3,9,2021,09:45,1,92,92002,1,1,0,2,AUTOROUTE A86,48.7605665374,2.2925873101,9,2,2
202100026136,154Â 975,B01,2,2,2,3,1,0,-1,-1, -1,-1,2021,71.0,1,2,0,2,3,1,1,,7,MAGINOT (AV. ANDRE),0,,2,2,0,1,(1),(1),1,, -1,1,0,1,50,31,7,2021,16:45,1,37,37261,2,1,0,1,MAGINOT (AV. ANDRE),47.4350184044,0.7075560093,16,4,2
202100000176,201Â 431,A01,10,3,2,5,0,-1,-1,3,3,1,2021,64.0,2,2,0,1,1,1,1,,7,SAINT JEAN (AVENUE DE),0,,-1,2,0,1,0,0,1,, -1,1,6,1,30,15,7,2021,15:40,1,13,13028,2,1,0,6,SAINT JEAN (AVENUE DE),43.18902,5.62917,15,2,1
202100041048,128Â 239,A01,1,1,1,0,2,0,-1,-1, -1,-1,2021,48.0,2,1,0,2,0,1,1,,3,MONTABO (ROUTE DE) 1,0,,2,2,2,1,2,700,1,, -1,2,0,1,50,6,5,2021,19:32,4,973,97302,2,1,1,2,MONTABO (ROUTE DE) 1,4.9383000542,-52.2994837763,19,2,2
202100004564,193Â 618,B01,1,1,1,4,2,0,-1,-1, -1,-1,2021,20.0,1,1,0,2,1,9,3,,3,910,0,,1,1,0,1,0,0,1,, -1,2,9,8,50,4,12,2021,21:10,5,92,92012,2,1,1,2,EDOUARD VAILLANT (AVENUE) DEBUT/56 - COT,48.8360404804,2.2511646152,21,2,2
202100012895,178Â 680,A01,1,1,1,0,8,0,-1,-1, -1,-1,2021,14.0,0,1,0,2,1,0,1,,6,ROBERT BREMOND (RUE),0,,-1,0,0,1,1,0,1,, -1,1,0,8,50,16,10,2021,19:20,2,93,93005,2,1,0,1,ROBERT BREMOND (RUE),48.9597218768,2.4674391747,19,2,2
202100003797,194Â 970,A01,1,1,1,5,1,-1,-1,0,0,-1,2021,52.0,1,2,0,2,1,13,1,,3,12,0,,2,2,0,1,(1),(1),1,, -1,2,0,1,80,11,12,2021,15:40,1,22,22208,1,1,1,1,les ruaux,48.316909,-2.021184,15,3,2
202100056055,101Â 687,A01,2,1,1,0,1,0,-1,-1, -1,-1,2021,23.0,0,2,0,2,1,17,1,,4,PRADEL (traverse du),0,,2,2,0,2,(1),(1),3,, -1,1,0,1,50,6,1,2021,17:30,1,13,13216,2,1,0,4,PRADEL (traverse du),43.35839,5.34341,17,3,3
202100048141,115Â 696,A01,1,1,1,1,2,6,-1,-1, -1,-1,2021,57.0,1,1,0,2,2,17,1,,4,RD 73,0,,2,1,0,1,0,0,1,, -1,1,0,1,50,10,3,2021,07:49,2,18,18267,2,1,0,5,RD 73,47.05415,2.38076,7,2,2
202100050494,111Â 440,A01,10,3,1,5,0,-1,-1,1,3,2,2021,4.0,3,2,0,1,1,1,3,,4,VICTOR HUGO (ALLEE),0,,2,1,0,1,0,0,1,, -1,1,0,1,30,23,2,2021,17:10,1,93,93014,2,1,0,6,VICTOR HUGO (ALLEE),48.9074433949,2.5443007194,17,2,1
202100008650,186Â 285,A01,1,1,1,1,1,-1,-1,0,0,-1,2021,49.0,2,2,0,0,9,12,1,,1,29,-1,,3,4,0,1,33,400,3,, -1,1,0,2,130,10,11,2021,20:50,3,76,76239,1,1,0,7,A29,49.5436967228,0.3296662404,20,1,1
202100009113,185Â 419,B01,1,1,2,0,8,0,-1,-1, -1,-1,2021,31.0,3,1,0,2,7,1,0,,3,AV DES ARCHES,0,,1,2,0,1,10,0,2,, -1,1,5,1,50,5,11,2021,07:30,1,13,13004,2,6,0,3,AV DES ARCHES,43.66506,4.6471,7,2,2
202100040131,129Â 864,A01,1,1,1,1,2,6,-1,-1, -1,-1,2021,55.0,1,1,7,0,3,12,1,,2,RN12 INT,0,,3,1,0,1,32,800,3,, -1,1,3,1,50,12,5,2021,19:30,1,78,78490,1,4,0,6,RN12 INT,48.800274,1.968236,19,1,1
202100039584,130Â 828,B01,1,1,2,0,1,-1,-1,-1, -1,-1,2021,71.0,1,2,0,2,7,1,1,,4,PARC DES EXPOSITIONS (Ave du),0,,2,2,0,1,(1),(1),1,, -1,2,0,1,50,17,5,2021,12:40,1,33,33529,2,3,0,3,Avenue du Parc des Expositions,44.60619,-1.1207,12,2,2
202100008273,186Â 925,A01,1,1,1,0,8,0,-1,-1, -1,-1,2021,20.0,-1,5,0,0,7,14,1,,3,STRATEGIQUE (ROUTE),0,,2,2,0,1,0,1,2,, -1,1,0,3,50,12,11,2021,22:50,3,93,93014,1,1,0,7,STRATEGIQUE (ROUTE),48.9202339102,2.5584411621,22,3,1
202100055311,102Â 961,B01,1,1,2,1,1,8,-1,-1, -1,-1,2021,47.0,3,2,0,2,1,1,1,,4,GUTENBERG (RUE JEAN),0,,2,2,0,2,(1),(1),2,, -1,1,0,1,50,11,1,2021,07:30,5,44,44184,2,2,0,1,GUTENBERG (RUE JEAN),47.28189,-2.2352,7,2,2
202100008970,185Â 682,A01,1,1,1,1,2,6,-1,0,0,-1,2021,27.0,1,1,0,2,2,1,1,,4,PLACE DE CLICHY,0,,2,2,0,1,(1),(1),1,, -1,1,0,1,30,6,11,2021,10:30,1,75,75108,2,7,0,3,PLACE DE CLICHY,48.883593,2.327179,10,2,2
202100027283,152Â 961,A01,1,1,1,9,2,6,9,0,0,-1,2021,59.0,3,1,2,0,0,0,1,,4,,-1,,-1,1,0,1,(1),(1),1,, -1,6,0,8,-1,25,7,2021,11:45,1,27,27629,1,9,1,6,La CarbonniÃ¨re,49.134518,0.435237,11,1,1
202100053420,106Â 231,A01,1,1,1,1,2,6,-1,-1, -1,-1,2021,29.0,2,1,0,2,8,3,1,,1,A4,0,,1,4,0,1,9,699,1,, -1,2,1,1,90,28,1,2021,09:20,1,94,94017,1,1,1,5,A4,48.8270194777,2.5116058458,9,3,3
202100034287,140Â 451,A01,10,3,1,5,0,-1,-1,1,9,1,2021,30.0,1,2,0,1,1,1,1,,3,FALAISE (route de),0,,-1,2,0,1,0,0,1,, -1,1,0,1,50,13,6,2021,04:10,3,14,14574,2,1,0,6,D511,49.13442,0.20555,4,2,1
202100010756,182Â 504,A01,7,2,2,0,8,0,-1,-1, -1,-1,2021,79.0,1,3,0,2,3,24,1,2.0,4,,0,,2,2,0,1,0,0,1,, -1,1,0,1,50,26,10,2021,22:24,5,92,92051,2,9,0,3,"ACHILLE PERETTI (AVENUE, NÂ° 90 A 96 ET 9",48.8843769762,2.2692802548,22,3,2
202100054657,104Â 093,B01,1,1,1,1,2,6,-1,-1, -1,-1,2021,21.0,1,1,0,2,1,3,1,,1,AUTOROUTE A6,0,,1,3,0,1,11,579,1,, -1,1,0,1,110,18,1,2021,18:10,3,91,91161,1,1,0,2,AUTOROUTE A6,48.7197,2.31081,18,2,2
202100000594,200Â 639,A01,1,1,1,0,2,0,-1,-1, -1,-1,2021,23.0,1,0,0,0,0,1,3,,4,GRAMMONT (AVENUE DE),0,,2,2,0,1,(1),(1),1,, -1,1,0,1,50,8,11,2021,11:25,1,37,37261,2,1,0,7,GRAMMONT (AVENUE DE),47.3785431072,0.6936589639,11,1,1
202100054890,103Â 694,B01,1,1,1,0,2,0,-1,-1, -1,-1,2021,23.0,1,1,0,2,1,1,1,,4,MARNE(BLD DE LA) 111 A 119 ET 126 A FIN,0,,2,2,0,1,(1),(1),1,, -1,1,0,1,50,14,1,2021,18:40,5,56,56260,2,1,0,3,MARNE(BLD DE LA) 111 A 119 ET 126 A FIN,47.6601,-2.78794,18,2,2
202100038457,132Â 904,A01,10,3,1,0,0,-1,-1,1,2,1,2021,46.0,0,3,0,1,2,1,0,1.0,6,,-1,,-1,1,3,1,(1),(1),2,, -1,1,9,1,30,26,5,2021,05:11,3,63,63311,1,9,0,6,A 71-aire des volcans auvergne,46.057777,3.117156,5,2,1
202100014091,176Â 513,A01,1,1,1,5,1,-1,-1,-1, -1,-1,2021,23.0,2,2,3,0,1,26,1,,2,ROUTE NATIONALE 230,0,,3,6,0,2,37,175,3,, -1,1,0,1,90,10,10,2021,03:25,5,33,33167,1,1,0,6,Rocade Rive Droite N230,44.8252,-0.51034,3,1,1
202100028568,150Â 655,A01,1,1,1,5,2,-1,-1,0,0,-1,2021,17.0,1,1,13,0,0,1,1,,3,,-1,,2,2,0,2,2,400,2,, -1,1,0,3,80,18,7,2021,17:00,1,88,88322,1,1,0,7,D30,48.156218,6.664345,17,1,1
202100012949,178Â 590,A01,1,1,1,5,2,6,-1,0,0,-1,2021,76.0,3,1,0,0,0,0,5,,3,128,0,D,2,2,0,2,(1),(1),1,, -1,1,0,1,-1,16,10,2021,11:30,1,58,58050,1,1,0,7,Challementeau,47.320251,3.592642,11,1,1
202100032668,143Â 370,A01,1,1,1,1,2,0,-1,-1, -1,-1,2021,41.0,3,1,0,0,8,26,1,,4,PORTET BOULEVARD,0,,1,2,0,1,1,0,2,, -1,1,0,1,50,23,6,2021,08:47,1,49,49007,2,1,0,7,PORTET BOULEVARD,47.44984,-0.55826,8,1,1
202100048341,115Â 348,B01,1,1,2,1,1,-1,-1,0,0,-1,2021,44.0,2,2,0,2,2,21,1,,3,31,2,,3,1,0,4,11,950,1,, -1,1,3,1,50,5,3,2021,16:00,1,57,57521,1,9,0,3,D31 BIS,49.175535,6.896212,16,2,2
202100025520,156Â 053,A01,1,1,1,5,2,6,-1,0,0,-1,2021,63.0,1,1,0,2,3,1,1,,3,1650,-1,,2,2,0,1,0,600,3,, -1,1,2,1,50,5,8,2021,19:25,1,2,2376,1,1,0,1,Hauteville,49.876547,3.528677,19,2,2
202100051274,110Â 022,A01,10,3,1,3,0,-1,-1,3,3,1,2021,69.0,2,2,0,1,1,15,1,,4,LAFORGUE (AVENUE JULES),0,,-1,2,0,1,(1),(1),1,, -1,1,0,1,50,16,2,2021,09:51,1,65,65440,2,2,0,6,AVENUE JULES LAFORGUE ,43.224178,0.068292,9,2,1
202100040354,129Â 475,A01,1,1,1,0,2,8,-1,-1, -1,-1,2021,23.0,1,1,0,2,1,13,1,,7,LE CHATELIER,0,,2,0,0,1,(1),(1),1,, -1,1,0,1,50,11,5,2021,17:00,1,13,13215,2,1,0,5,RUE LE CHATELIER,43.346963,5.367877,17,4,4
202100024499,157Â 872,B01,3,2,1,5,3,-1,-1,-1, -1,-1,2021,5.0,1,2,0,2,8,26,1,,3,N7,0,,2,2,0,2,95,250,3,, -1,1,3,1,50,11,8,2021,21:35,5,83,83061,2,1,0,3,N7,43.43501,6.72598,21,4,2
202100020903,164Â 285,A01,1,1,1,0,2,6,-1,0,0,-1,2021,52.0,2,1,0,2,1,17,1,,3,12,0,,2,1,0,1,8,50,1,,3,1,0,1,80,4,9,2021,19:15,1,68,68036,1,2,1,3,Rue de la Graviere,48.044471,7.532051,19,2,2
202100035334,138Â 549,A01,5,2,1,1,0,0,-1,-1, -1,-1,2021,66.0,2,3,0,2,2,1,0,3.0,3,PONT DE CRETEIL (R DU),0,,2,4,0,1,1,0,1,, -1,1,0,1,50,9,6,2021,18:12,1,94,94068,2,9,0,1,Rue du Pont de CrÃ©teil,48.80725,2.47129,18,4,2
202100026692,154Â 000,A01,1,1,1,4,1,0,-1,-1, -1,-1,2021,37.0,2,4,6,0,1,2,1,,3,POMPADOUR(ROUTE DE LA),0,,2,4,0,1,1,0,2,, -1,2,2,3,50,27,7,2021,13:20,1,94,94028,2,9,0,6,Route de la Pompadour,48.76785,2.46727,13,1,1
202100040578,129Â 089,A01,1,1,2,0,1,0,-1,-1, -1,-1,2021,22.0,1,2,0,0,9,0,1,,1,A507 sens Marseille - Aubagne,0,,-1,1,0,1,5,0,2,, -1,2,0,1,70,10,5,2021,17:30,1,13,13055,1,1,1,7,A507 sens Marseille - Aubagne,43.319702,5.422452,17,1,1
202100037420,134Â 771,A01,1,1,1,3,0,-1,-1,-1, -1,-1,2021,15.0,2,1,0,2,3,15,3,,3,HERRIOT EDOUARD  AV,0,,4,2,0,1,23,600,2,, -1,1,0,1,50,29,5,2021,19:35,1,69,69264,2,6,0,3,EDOUARD HERRIOT (AV),45.97904,4.73468,19,4,2
202100029536,148Â 996,B01,1,1,2,5,1,-1,-1,0,0,-1,2021,59.0,2,2,0,2,8,1,1,,7,71,0,I,2,2,0,1,2,100,1,, -1,1,0,1,80,9,7,2021,18:20,1,69,69286,1,3,1,3,RD71I,45.83532,4.917828,18,3,2
202100003968,194Â 654,A01,5,2,1,0,2,-1,-1,-1, -1,-1,2021,2.0,1,1,0,2,1,2,0,,4,                       (AV),0,,2,3,3,1,(1),(1),1,, -1,2,5,1,50,7,12,2021,08:50,1,69,69383,2,2,1,3,FELIX FAURE (AV),45.75411,4.86322,8,3,2
202100015634,173Â 726,A01,1,1,1,5,1,8,-1,0,0,-1,2021,54.0,2,2,0,2,2,12,1,,4,PORTE D ITALIE,0,,1,4,0,1,1,900,1,, -1,2,0,1,70,2,10,2021,16:30,1,75,75113,2,1,1,3,PORTE D ITALIE,48.817866,2.368227,16,2,2
202100028721,150Â 385,A01,2,2,1,5,1,-1,-1,0,0,-1,2021,22.0,1,2,4,0,8,0,1,,1,750,0,A,3,4,0,1,10,209,1,, -1,1,2,1,130,17,7,2021,05:30,2,34,34259,1,1,0,6,A750,43.633837,3.756517,5,2,1
202100004458,193Â 796,B01,1,1,1,5,2,-1,-1,0,0,-1,2021,77.0,0,1,0,2,1,1,5,,4,,-1,,2,2,0,2,(1),(1),1,,5,1,0,1,-1,13,11,2021,11:15,1,34,34123,2,6,0,7,ROND POINT CHARLES DE GAULLE,43.6138557423,3.8108941434,11,2,2
202100025197,156Â 623,B01,1,1,1,5,2,9,-1,0,0,-1,2021,65.0,0,1,0,2,4,1,5,,3,5,-1,,2,2,0,1,28,783,1,, -1,1,0,1,80,8,8,2021,13:00,1,50,50260,1,1,0,2,Voie Saint Louis,48.676482,-0.98525,13,2,2
202100025325,156Â 387,A01,1,1,1,1,1,0,-1,0,0,-1,2021,22.0,2,2,0,2,1,2,1,,4,ECHANGEUR MUETTE,0,,-1,4,0,1,14,400,1,, -1,1,1,1,70,6,8,2021,16:00,1,75,75116,2,1,0,4,ECHANGEUR MUETTE,48.864239,2.266641,16,3,3
202100049749,112Â 814,B01,1,1,2,9,1,0,-1,-1, -1,-1,2021,41.0,2,2,0,2,5,2,1,,7,HEYRIEUX (D')                       (RO),0,,2,2,0,1,5,500,1,, -1,1,0,1,50,26,2,2021,11:35,1,69,69290,2,1,0,2,HEYRIEUX (D') (RTE),45.68959,4.93868,11,2,2
202100054219,104Â 836,A01,1,1,1,2,2,8,-1,-1, -1,-1,2021,15.0,2,1,0,2,1,15,1,,4,LIBERATION (DE LA) (AVENUE),0,,2,2,0,1,(1),(1),1,, -1,2,0,1,30,21,1,2021,16:20,1,17,17306,2,6,1,3,LIBERATION (DE LA) (AVENUE),45.62369,-1.0131,16,2,2
202100040194,129Â 754,A01,1,1,1,0,2,6,-1,0,0,-1,2021,27.0,1,1,0,2,2,1,1,,4,PEN AR CH'LEUZ (ROND POINT),0,,-1,3,0,1,(1),(1),2,, -1,1,5,1,30,28,4,2021,14:24,1,29,29019,2,1,0,3,Giratoire de Pen Ar ChâLeuz,48.4144,-4.4804,14,2,2
202100054722,103Â 976,A01,1,1,1,1,2,6,-1,0,0,-1,2021,48.0,2,1,0,0,1,26,1,,3,936,0,A,2,2,0,1,6,500,1,, -1,1,0,1,50,18,1,2021,07:55,2,64,64386,2,1,0,7,Chemin de Benejacq,43.184097,-0.243743,7,1,1
202100027135,153Â 205,A01,9,2,1,5,0,-1,-1,0,0,-1,2021,18.0,3,2,15,0,1,2,1,,4,,-1,,-1,1,0,4,(1),(1),3,,3,1,0,3,50,15,7,2021,14:45,1,64,64279,1,1,0,7,route de larzamendi,43.307575,-1.408353,14,4,1
202100053176,106Â 683,A01,10,3,1,0,0,-1,-1,2,5,1,2021,13.0,3,2,0,1,7,11,1,,4,CHAMP LAGARDE (RUE),0,,2,2,0,1,(1),(1),1,, -1,1,0,1,50,26,1,2021,11:25,1,78,78646,2,1,0,6,CHAMP LAGARDE (RUE),48.80147,2.14778,11,2,1
202100011236,181Â 648,B01,1,1,1,9,2,0,-1,0,0,-1,2021,23.0,1,1,0,2,4,23,1,,4,BOULEVARD MURAT,0,,2,4,0,1,(1),(1),1,, -1,1,0,1,50,24,10,2021,11:20,1,75,75116,2,3,0,2,BOULEVARD MURAT,48.844431,2.257105,11,2,2
202100037428,134Â 755,B01,4,2,2,5,3,-1,-1,-1, -1,-1,2021,1.0,2,2,0,2,3,1,1,,4,THOUARS (AVE DE),0,,2,3,1,1,(1),(1),1,, -1,1,0,1,50,30,5,2021,13:05,1,33,33522,2,2,0,3,Avenue de Thouars,44.7974,-0.59214,13,3,2
202100022950,160Â 601,B01,1,1,1,0,2,6,-1,0,0,-1,2021,45.0,2,1,0,2,8,11,1,,3,910,0,,2,2,0,1,0,0,1,, -1,1,5,1,50,22,8,2021,16:49,1,74,74225,2,4,0,1,13 R Rene Cassin,45.855919,5.950481,16,2,2
202100033716,141Â 496,A01,2,2,1,5,1,-1,-1,0,0,-1,2021,87.0,1,2,17,0,2,1,1,,3,97,-1,D,2,2,0,3,1,850,2,, -1,1,0,3,80,19,6,2021,11:50,1,70,70413,1,1,0,6,14 Rue du Col de la Chevestraye,47.756096,6.721873,11,2,1
202100035618,138Â 053,B01,1,1,1,5,1,-1,-1,0,0,-1,2021,31.0,1,2,0,2,3,1,1,,3,117,0,D,2,2,0,2,11,260,3,0,4,1,0,1,80,9,6,2021,21:35,2,16,16148,1,1,0,1,Lieu-Dit La Combe de Cerceville,45.811216,0.004457,21,3,2
202100026073,155Â 081,A01,1,1,1,0,1,-1,-1,0,0,-1,2021,23.0,2,2,0,2,3,13,1,,3,6009,0,D,2,2,0,1,0,100,1,, -1,1,0,1,80,1,8,2021,18:57,1,11,11144,1,1,0,5,D6009,42.867582,2.985427,18,6,4
202100020259,165Â 423,B01,1,1,1,5,2,6,-1,-1, -1,-1,2021,66.0,1,1,0,2,4,2,1,,3,MONTVALTIN (Avenue),0,,1,1,0,1,5,570,1,, -1,1,0,1,50,7,9,2021,11:50,1,71,71153,2,6,0,2,MONTVALTIN (Avenue),46.79466,4.44901,11,2,2
202100022416,161Â 571,B01,1,1,1,1,8,0,-1,-1, -1,-1,2021,29.0,2,1,0,2,0,1,5,,4,,0,,2,2,0,1,0,0,1,, -1,1,0,1,50,25,8,2021,18:00,1,67,67482,2,1,0,3,MARECHAL LEFEBVRE (RUE DU),48.56086,7.74247,18,2,2
202100023193,160Â 161,A01,1,1,1,5,1,-1,-1,0,0,-1,2021,42.0,3,2,2,0,2,1,1,,3,43,-1,,2,2,0,2,(1),(1),1,, -1,1,0,3,80,22,8,2021,12:40,1,38,38527,1,1,0,6,Route Departementale 43,45.15072,6.058155,12,1,1
202100033189,142Â 438,B01,1,1,1,9,1,0,-1,-1, -1,-1,2021,39.0,1,2,0,2,1,16,1,,4,BLANQUI (RUE),0,,2,2,0,1,0,0,1,, -1,1,0,1,50,20,6,2021,19:41,1,46,46042,2,2,0,1,GAMBETTA (BOULEVARD LEON) NÂ°IMPAIR,44.44467,1.44169,19,2,2
202100021820,162Â 622,A01,1,1,1,0,1,0,-1,-1, -1,-1,2021,48.0,1,1,0,2,1,1,3,,3,QUATRIEME ZOUAVES (RUE DU),0,,2,2,0,1,0,0,1,, -1,1,0,1,50,30,8,2021,11:00,1,93,93064,2,1,0,3,QUATRIEME ZOUAVES (RUE DU),48.8733010746,2.4811720848,11,2,2
202100055094,103Â 334,D01,1,1,2,1,1,-1,-1,0,0,-1,2021,24.0,1,2,4,9,9,2,1,,1,16,-1,A,1,2,0,1,155,400,1,, -1,1,0,1,130,15,1,2021,19:45,3,80,80804,1,1,0,4,Autoroute A.16 - pk155+400,50.055486,2.005091,19,3,3
202100026114,155Â 016,A01,1,1,1,5,2,0,-1,-1,0,-1,2021,45.0,3,1,1,2,1,5,1,,4,AV PIERRE SEMARD,0,,1,1,0,1,(1),(1),1,, -1,1,0,1,50,31,7,2021,00:55,5,95,95268,2,1,0,1,AV PIERRE SEMARD,48.9689058072,2.3886492848,0,2,2
202100048712,114Â 686,A01,10,3,2,0,8,8,-1,3,3,1,2021,42.0,2,1,0,1,0,17,0,,3,ROSNY (AVENUE DE),0,,2,4,0,1,1,230,1,, -1,1,0,1,50,9,3,2021,17:00,1,93,93077,2,3,0,6,ROSNY (AVENUE DE),48.8848132426,2.5064224005,17,2,1
202100039965,130Â 152,B01,1,1,1,9,8,0,-1,-1, -1,-1,2021,68.0,1,2,0,2,8,1,1,,4,DOCTEUR ROUX (R DU),0,,2,2,0,1,0,0,1,, -1,2,0,1,30,14,5,2021,09:57,1,94,94068,2,2,1,3,DOCTEUR ROUX (R DU),48.7899,2.4901,9,4,2
202100016768,171Â 643,A01,2,2,2,5,1,8,-1,-1, -1,-1,2021,32.0,2,2,0,2,3,26,1,,1,A4,0,,1,3,0,1,7,99,1,, -1,1,0,1,90,25,9,2021,23:30,3,94,94017,1,1,0,4,A4,48.8296,2.4822,23,6,3
202100033172,142Â 469,A01,2,2,2,0,1,-1,-1,-1, -1,-1,2021,57.0,2,2,0,2,3,1,1,,4,FRANCIS DE PRESSENSE                (AV),0,,2,5,1,1,(1),(1),1,, -1,1,5,1,50,19,6,2021,19:30,1,69,69259,2,3,0,3,FRANCIS DE PRESSENSE                (AV),45.71721,4.87039,19,3,2
202100026734,153Â 934,A01,1,1,1,5,6,2,-1,0,0,-1,2021,60.0,2,1,0,2,9,1,1,,3,252,-1,,2,2,0,1,14,181,1,, -1,1,0,1,80,28,7,2021,19:30,1,17,17317,1,1,0,3,D252,45.423794,-0.62327,19,3,2
202100029764,148Â 585,A01,10,3,1,5,0,-1,-1,3,3,1,2021,33.0,2,3,0,1,2,1,0,,4,EMILE DECORPS      (Rue),0,,2,2,2,1,(1),(1),1,, -1,1,4,1,50,9,7,2021,13:18,1,69,69266,2,8,0,6,EMILE DECORPS (R),45.7569742548,4.8997682333,13,2,1
202100014573,175Â 659,A01,1,1,1,4,1,-1,-1,-1, -1,-1,2021,19.0,3,5,0,0,0,0,1,,4,ESTUAIRE,0,,2,2,0,1,0,0,1,, -1,1,0,1,70,6,10,2021,17:45,1,76,76305,1,1,0,7,ESTUAIRE,49.4578625851,0.209646821,17,1,1