Num_Acc,id_vehicule,num_veh,place,catu,sexe,trajet,secu1,secu2,secu3,locp,actp,etatp,year_acc,victim_age,senc,catv,obs,obsm,choc,manv,motor,occutc,catr,voie,v1,v2,circ,nbv,vosp,prof,pr,pr1,plan,lartpc,larrout,surf,infra,situ,vma,jour,mois,an,hrmn,lum,dep,com,agg_,int,atm,col,adr,lat,long,hour,nb_victim,nb_vehicules
202100046295,119Â 028,B01,1,1,1,5,2,6,-1,0,0,-1,2021,23.0,2,1,0,2,7,17,1,,1,8,-1,,3,5,0,1,189,400,1,, -1,1,7,1,50,28,3,2021,16:30,1,6,6088,1,1,0,3,"A8, PK 189.400 chaussÃ©e nord",43.70052,7.188256,16,4,2
202100035918,137Â 484,B01,1,1,2,1,2,0,-1,-1, -1,-1,2021,19.0,2,1,0,2,1,1,1,,4,RUE JEAN BAPTISTE DUMAS,0,,1,1,1,1,(1),(1),1,, -1,2,0,1,30,4,6,2021,08:05,1,31,31555,2,3,1,3,RUE JEAN BAPTISTE DUMAS,43.62227,1.42773,8,2,2
202100043504,123Â 902,A01,1,1,1,5,2,6,9,0,0,-1,2021,25.0,1,1,0,0,0,2,1,,3,48,0,,2,2,0,3,31,400,4,, -1,1,0,1,80,17,4,2021,12:00,1,25,25139,1,1,0,7,D48,47.030896,6.436465,12,1,1
202100024300,158Â 235,C01,1,1,2,0,1,0,-1,0,0,-1,2021,50.0,2,2,0,2,3,1,1,,3,Route de PLASCASSIER,0,,2,2,0,2,16,350,2,, -1,1,0,1,50,13,8,2021,21:00,2,6,6069,1,1,0,5,Route de PLASCASSIER,43.64108,6.970875,21,6,4
202100004196,194Â 253,A01,1,1,2,5,1,-1,-1,-1, -1,-1,2021,18.0,2,2,4,0,1,2,1,,1,AUTOROUTE A 63,0,,1,2,0,2,0,777,2,, -1,2,3,1,70,8,12,2021,10:25,1,33,33318,1,1,1,6,AUTOROUTE A 63,44.78887,-0.62309,10,1,1
202100027712,152Â 177,A01,1,1,1,0,8,0,-1,-1, -1,-1,2021,34.0,0,2,4,0,3,1,1,,7,D 418,0,,3,4,0,1,3,50,1,, -1,1,0,1,90,21,7,2021,22:45,3,76,76497,1,1,0,6,D 418,49.3817488295,1.0576486588,22,1,1
202100040590,129Â 064,B01,1,1,2,5,2,0,-1,-1, -1,-1,2021,45.0,3,1,0,2,7,17,0,,4,CAMBUSTON (rue de),0,,2,2,0,1,0,0,1,, -1,9,8,1,50,9,5,2021,13:40,1,974,97409,1,1,0,3,CAMBUSTON (rue de),-20.9323221,55.650908947,13,2,2
202100027463,152Â 639,B01,1,1,1,0,2,-1,-1,0,0,-1,2021,48.0,1,1,0,2,1,17,1,,3,1559,-1,,2,2,0,1,0,500,1,, -1,1,0,1,70,24,7,2021,09:20,1,83,83112,2,1,0,1,D1559,43.178129,5.701888,9,2,2
202100014567,175Â 668,A01,10,3,2,0,0,-1,-1,1,3,1,2021,18.0,1,2,0,1,3,11,1,,7,BLANC (BD DR EUGENE),0,,1,4,0,1,0,550,1,, -1,1,0,1,50,7,10,2021,18:00,1,83,83144,1,1,0,6,BLANC (BD DR EUGENE),43.13702,5.99943,18,2,1
202100014323,176Â 101,B01,1,1,1,0,1,-1,-1,-1, -1,-1,2021,44.0,1,2,0,2,4,2,0,,4,VERDUN (DE)                             ,0,,2,2,2,2,(1),(1),1,, -1,1,0,1,50,8,10,2021,16:50,1,69,69081,2,1,0,2,VERDUN (DE) (AV) ,45.77375,4.78787,16,3,2
202100015555,173Â 880,A01,10,3,2,2,8,8,-1,3,3,1,2021,13.0,1,2,0,1,7,1,1,,3,SEPTIENE DIVISION BLINDEE USA ( DE LA ),0,,2,2,0,1,0,0,1,, -1,1,6,1,30,30,9,2021,17:30,1,55,55545,2,1,1,7,SEPTIENE DIVISION BLINDEE USA ( DE LA ),49.147,5.34224,17,2,1
202100047209,117Â 380,B01,2,2,1,0,1,0,-1,-1, -1,-1,2021,52.0,2,2,0,2,4,23,1,,3,46,0,,2,2,0,1,0,0,1,, -1,1,0,1,50,20,3,2021,17:45,1,91,91570,2,1,0,2,MONTLHERY (RUE),48.63409,2.29613,17,3,2
202100035373,138Â 481,A01,10,3,2,9,8,-1,-1,3,0,2,2021,2.0,1,2,0,1,2,1,1,,4,,0,A,2,2,0,1,(1),(1),1,,6,1,5,1,50,10,6,2021,09:40,1,29,29075,2,2,0,6,Rue de la FraternitÃ©,48.413615,-4.440343,9,3,1
202100026629,154Â 109,B01,2,2,2,0,1,0,-1,-1, -1,-1,2021,58.0,2,2,0,2,6,11,1,,4,JENNER (TUNNEL),0,,3,3,3,2,0,0,1,, -1,1,1,1,50,24,7,2021,15:25,1,76,76351,1,1,0,6,JENNER (TUNNEL),49.50265,0.13188,15,5,2
202100040008,130Â 081,B01,1,1,1,4,0,-1,-1,0,0,-1,2021,30.0,1,2,0,0,4,23,1,,2,6,0,N,2,3,0,4,81,113,1,, -1,2,0,1,90,14,5,2021,14:10,1,89,89295,1,1,1,2,N6,47.831596,3.553391,14,2,2
202100036949,135Â 654,A01,1,1,2,0,1,0,-1,-1, -1,-1,2021,29.0,3,2,0,9,3,15,1,,9,LORY LES HAUTS (RUE),0,,2,2,3,1,0,0,1,, -1,1,0,1,50,31,5,2021,12:10,1,974,97411,2,1,0,3,LORY LES HAUTS (RUE),-20.89797,55.480361,12,3,2
202100023231,160Â 090,B01,1,1,1,-1,0,-1,-1,-1, -1,-1,2021,43.0,-1,2,-1,-1,-1,-1,-1,,1,A55-Sens Marseille vers Martigues,0,,1,3,0,1,19,101,1,, -1,1,0,1,90,20,8,2021,18:17,1,13,13043,1,1,0,4,A55-Sens Marseille vers Martigues,43.3833,5.23011,18,5,3
202100015868,173Â 313,C01,1,1,2,9,1,0,-1,-1, -1,-1,2021,27.0,2,2,0,2,4,1,1,,3,BALATA (ROUTE DE),0,,2,2,0,2,0,0,1,, -1,1,0,1,30,30,9,2021,11:40,1,972,97209,1,6,0,5,BALATA (ROUTE DE),14.6254097997,-61.0724025965,11,4,3
202100018038,169Â 384,A01,1,1,2,5,1,-1,-1,0,0,-1,2021,73.0,2,2,3,0,0,14,1,,1,28,-1,,3,4,0,1,81,600,1,, -1,1,0,2,130,18,9,2021,14:00,1,76,76532,1,1,0,7,A28 - PK 81+600,49.5936441902,1.2760538857,14,1,1
202100040023,130Â 057,A01,10,3,1,2,8,8,-1,1,3,1,2021,8.0,2,2,0,1,0,1,1,,3,vahibe-Departementale 3 ( route ),0,,2,2,0,1,0,0,3,, -1,1,0,1,50,13,5,2021,08:00,1,976,97611,1,1,0,6,vahibe-Departementale 3 ( route ),-12.79077,45.18016,8,2,1
202100035638,138Â 015,A01,10,3,1,5,0,-1,-1,8,6,1,2021,74.0,3,1,0,1,2,0,6,,9,38,0,D,2,2,1,1,70,893,1,, -1,1,0,5,50,10,6,2021,00:05,3,85,85083,2,1,0,6,D38,46.98428,-2.27241,0,2,1
202100043001,124Â 809,A01,10,3,1,5,0,-1,-1,2,3,1,2021,13.0,2,2,0,1,3,19,1,,4,LECLERC (RUE DU GENERAL),0,,2,2,0,1,(1),(1),1,, -1,1,0,1,50,22,4,2021,18:20,1,95,95555,2,1,1,6,LECLERC (RUE DU GENERAL),48.96869,2.28667,18,2,1
202100055450,102Â 738,A01,1,1,1,0,1,0,-1,-1, -1,-1,2021,21.0,1,2,11,0,0,6,1,,3,25,0,,3,0,0,1,0,0,1,, -1,1,0,1,50,10,1,2021,20:04,5,91,91027,2,1,0,5,AV JEAN PIERRE BENARD,48.71379,2.37644,20,3,3
202100017201,170Â 889,A01,1,1,1,5,1,-1,-1,0,0,-1,2021,86.0,1,2,13,0,1,13,1,,3,632,-1,,2,2,0,1,12,100,3,, -1,1,0,3,50,25,9,2021,21:00,3,32,32213,2,1,0,6,Route de Toulouse,43.474372,0.918217,21,1,1
202100039171,131Â 605,B01,2,2,2,5,1,-1,-1,0,0,-1,2021,56.0,1,2,0,2,4,2,1,,1,61,0,A,1,4,0,1,301,0,1,, -1,1,0,1,130,21,5,2021,14:55,1,11,11438,1,1,0,4,A61 PK 301.000 SENS TOULOUSE-NARBONNE,43.235611,2.099736,14,8,4
202100007162,188Â 965,A01,1,1,2,0,1,0,-1,-1, -1,-1,2021,56.0,1,2,0,2,1,2,1,,4,TANNERIE (RUE DE LA),0,,2,2,0,1,0,0,1,, -1,1,0,1,30,19,11,2021,10:08,1,91,91223,2,1,0,2,TANNERIE (RUE DE LA),48.43383,2.16402,10,2,2
202100041108,128Â 131,B01,1,1,1,0,2,6,-1,-1, -1,-1,2021,50.0,3,1,0,2,1,1,1,,7,RD 86 DE MONTS Ã  TOURS,0,,2,2,1,1,(1),(1),1,, -1,2,0,1,50,4,5,2021,15:39,1,37,37122,2,3,1,6,RD 86 DE MONTS Ã  TOURS,47.3289649495,0.6637908071,15,3,2
202100010966,182Â 123,A01,2,2,2,5,1,-1,-1,0,0,-1,2021,22.0,2,2,0,2,1,5,1,,4,VC,-1,,2,2,0,1,(1),(1),1,, -1,6,4,1,70,26,10,2021,15:05,1,59,59018,1,8,0,1,Rue d Esquelbecq,50.854611,2.412765,15,4,2
202100008506,186Â 531,A01,2,2,2,9,2,0,-1,0,0,-1,2021,58.0,2,1,11,0,3,1,1,,4,BOULEVARD BEAUMARCHAIS,0,,2,4,3,1,(1),(1),1,, -1,2,0,1,30,10,11,2021,23:05,5,75,75104,2,1,0,6,BOULEVARD BEAUMARCHAIS,48.854487,2.368814,23,2,1
202100024979,157Â 011,Z01,10,3,1,0,8,8,-1,6,3,1,2021,40.0,2,0,0,1,0,19,0,,1,AUTOROUTE A6,0,,3,6,0,1,21,228,1,, -1,1,0,1,110,7,8,2021,22:26,3,91,91286,1,1,0,6,AUTOROUTE A6,48.652007,2.382582,22,2,1
202100002451,197Â 390,A01,10,3,1,5,0,-1,-1,4,3,1,2021,34.0,1,1,0,1,2,1,1,,4,RUE DES PYRENEES,0,,2,3,0,1,(1),(1),1,, -1,1,0,1,30,17,12,2021,13:00,1,75,75120,2,2,0,6,RUE DES PYRENEES,48.865506,2.397998,13,2,1
202100021709,162Â 834,A01,2,2,1,0,1,-1,-1,0,0,-1,2021,55.0,2,2,0,2,7,19,1,,3,2,0,D,2,2,0,1,5,900,1,, -1,1,0,1,80,30,8,2021,18:00,2,30,30012,1,3,1,3,D2,43.876613,4.651251,18,3,2
202100015519,173Â 950,A01,1,1,1,0,2,0,-1,-1, -1,-1,2021,69.0,3,1,11,0,0,0,1,,4,LUCIEN CORBEAUX (AVENUE),0,,2,2,0,1,0,0,3,, -1,1,0,1,50,30,9,2021,15:55,1,76,76351,2,1,0,6,LUCIEN CORBEAUX (AVENUE),49.48542,0.11552,15,1,1
202100016238,172Â 607,A01,10,3,2,1,0,-1,-1,4,3,1,2021,18.0,2,1,0,1,1,1,1,,4,BOULEVARD SAINT MARCEL,0,,2,4,0,1,(1),(1),1,, -1,2,0,1,30,29,9,2021,07:50,1,75,75105,2,2,1,6,BOULEVARD SAINT MARCEL,48.838074,2.355924,7,2,1
202100019270,167Â 190,A01,1,1,1,5,8,-1,-1,0,0,-1,2021,53.0,1,2,2,0,1,1,1,,3,283,0,D,2,2,0,1,5,650,1,, -1,1,0,3,80,12,9,2021,01:15,3,7,7218,1,1,0,6,d283,44.946273,4.558468,1,1,1
202100003177,196Â 087,A01,10,3,2,2,0,-1,-1,3,3,1,2021,11.0,1,2,0,1,2,16,1,,4,FONDOUZE (RUE),0,,1,1,0,1,0,0,1,, -1,1,0,8,30,13,12,2021,12:20,1,92,92002,2,1,0,6,FONDOUZE (RUE),48.750585,2.297077,12,2,1
202100042805,125Â 146,B01,1,1,2,9,2,0,-1,-1, -1,-1,2021,32.0,1,1,0,2,1,16,1,,4,SOURCE DE BADUEL (CHEMIN DE LA),0,,2,1,0,1,(1),(1),1,, -1,1,0,1,50,23,4,2021,12:50,1,973,97302,2,2,0,3,SOURCE DE BADUEL (CHEMIN DE LA),4.9321681429,-52.3093684259,12,2,2
202100004294,194Â 084,A01,1,1,1,1,2,6,-1,0,0,-1,2021,55.0,2,1,1,2,2,17,1,,4,RUE DE CHARENTON,0,,2,2,0,1,(1),(1),1,, -1,2,0,1,30,6,12,2021,12:15,1,75,75112,2,1,0,3,RUE DE CHARENTON,48.832765,2.396225,12,2,2
202100042880,125Â 019,A01,1,1,1,0,1,-1,-1,-1, -1,-1,2021,71.0,2,2,1,2,2,13,1,,4,AVE DE L'ARGONNE,0,,-1,2,0,1,(1),(1),1,, -1,1,0,1,70,21,4,2021,15:40,1,33,33281,2,1,0,4,Avenue de lâArgonne,44.8259,-0.68121,15,5,5
202100026986,153Â 475,A01,1,1,1,1,1,-1,-1,0,0,-1,2021,54.0,1,2,17,0,1,1,1,,3,21,0,A,2,2,0,1,6,250,1,,"4,9",1,0,3,80,26,7,2021,18:05,1,79,79340,1,1,0,6,,46.539086,-0.122738,18,1,1
202100053148,106Â 740,A01,1,1,1,1,1,0,-1,-1, -1,-1,2021,33.0,2,2,0,2,1,1,1,,1,AUTOROUTE A1,0,,3,8,0,1,8,0,1,, -1,4,0,1,90,30,1,2021,06:20,3,93,93013,1,1,1,5,AUTOROUTE A1,48.94031,2.42278,6,3,3
202100029273,149Â 438,B01,2,2,1,5,1,-1,-1,-1,0,-1,2021,35.0,1,2,0,2,1,21,1,,3,NUNGESSER ET COLI,0,,2,4,0,1,11,800,1,, -1,2,3,1,70,12,7,2021,08:00,1,95,95277,2,1,1,3,Rue Nungesser et Coli,48.97387,2.46103,8,3,2
202100053544,106Â 009,B01,1,1,1,0,1,0,-1,-1, -1,-1,2021,66.0,2,2,0,2,9,18,1,,1,A51-Sens Aix en Provence vers Marseille,0,,1,4,0,1,3,200,1,, -1,1,0,1,90,27,1,2021,09:30,1,13,13019,1,1,0,3,A51-Sens Aix en Provence vers Marseille,43.4216,5.3702,9,2,2
202100052754,107Â 431,B01,2,2,2,0,1,0,-1,-1, -1,-1,2021,36.0,3,5,0,2,1,1,1,,4,AV DU GENERAL DE GAULLE,0,,2,2,0,1,0,0,1,, -1,1,0,1,50,2,2,2021,17:57,5,91,91479,2,9,0,1,AV DU GENERAL DE GAULLE,48.710692,2.360511,17,3,2
202100050375,111Â 653,A01,10,3,1,0,0,-1,-1,1,3,1,2021,28.0,3,2,0,2,1,19,1,,4,FAURE FELIX (BOULEVARD),0,,4,2,0,1,0,1,1,, -1,1,0,1,15,23,2,2021,12:45,1,93,93066,2,1,0,6,FAURE FELIX (BOULEVARD),48.9387467348,2.3578495677,12,2,1
202100014271,176Â 190,A01,2,2,1,5,1,-1,-1,0,0,-1,2021,22.0,2,2,2,0,1,1,1,,3,974,-1,,2,3,0,2,20,600,1,, -1,1,0,3,90,10,10,2021,05:47,3,52,52062,1,1,0,6,D974,47.783851,5.314626,5,3,1
202100024966,157Â 035,A01,1,1,1,0,0,-1,-1,0,0,-1,2021,22.0,0,2,10,0,1,9,1,,3,36,-1,,1,2,0,2,5,346,3,, -1,1,9,1,50,9,8,2021,23:45,3,6,6128,1,6,0,6,M36,43.686163,7.130347,23,1,1
202100053316,106Â 422,A01,1,1,1,0,1,0,-1,-1, -1,-1,2021,69.0,1,2,0,0,9,1,1,,2,ROUTE NATIONALE NÂ° 1,0,,1,2,0,1,(1),(1),1,, -1,1,0,1,110,27,1,2021,14:00,1,974,97407,1,1,0,7,ROUTE NATIONALE NÂ° 1,-20.9482,55.322,14,1,1
202100033153,142Â 502,B01,2,2,2,5,1,-1,-1,0,0,-1,2021,73.0,2,2,0,2,3,1,1,,3,37,2,,2,2,0,1,14,618,1,, -1,2,0,1,80,21,6,2021,19:17,2,76,76055,1,1,1,1,D37,49.637732,0.76811,19,3,2
202100015998,173Â 071,A01,1,1,1,2,1,-1,-1,0,0,-1,2021,19.0,1,2,0,0,1,1,1,,3,909,-1,,-1,2,0,2,24,385,1,, -1,2,0,1,90,14,9,2021,07:45,1,34,34096,1,1,1,1,DÃ©partementale 909,43.544224,3.183975,7,3,2
202100014290,176Â 158,A01,2,2,2,5,2,6,-1,0,0,-1,2021,22.0,1,1,13,0,1,1,1,,3,1250,-1,,2,2,0,1,29,750,1,, -1,1,5,8,50,9,10,2021,05:30,3,33,33555,1,6,0,7,D1250,44.685643,-0.867802,5,2,1
202100010576,182Â 826,A01,1,1,1,4,2,6,-1,-1, -1,-1,2021,29.0,1,1,0,2,3,17,1,,4,AMBROISE CROIZAT (R),0,,2,2,0,3,0,0,1,, -1,1,0,1,50,27,10,2021,09:35,1,94,94076,2,1,0,2,Rue Ambroise Croizat,48.8014,2.3591,9,2,2
202100028334,151Â 049,B01,1,1,1,9,2,0,-1,-1, -1,-1,2021,63.0,0,1,0,0,0,0,0,,3,DIX HUIT JUIN 1940 (AVENUE DU),0,,2,4,0,1,0,0,1,, -1,1,0,1,50,18,7,2021,12:00,1,93,93031,2,1,1,3,DIX HUIT JUIN 1940 (AVENUE DU),48.953392,2.307571,12,2,2
202100042359,125Â 909,A01,1,1,2,1,2,0,-1,0,0,-1,2021,28.0,1,1,0,0,0,1,5,,4,QUAI D ORSAY,0,,2,4,0,1,(1),(1),1,, -1,1,0,1,50,15,4,2021,17:00,1,75,75107,2,3,0,7,QUAI D ORSAY,48.862779,2.311658,17,1,1
202100021407,163Â 383,A01,10,3,2,5,0,-1,-1,3,3,1,2021,14.0,2,2,0,1,2,1,1,,4,LECLERC (BD DU MAL) DU 01 ET +,0,,2,3,0,1,(1),(1),1,, -1,1,0,1,50,1,9,2021,13:50,1,33,33009,2,3,0,6,Boulevard du GÃ©nÃ©ral Leclerc,44.65993,-1.1666,13,2,1
202100020916,164Â 266,A01,1,1,1,5,2,6,-1,0,0,-1,2021,64.0,2,1,0,2,1,1,1,,3,173,0,,2,2,0,2,5,400,2,, -1,2,0,3,80,3,9,2021,11:00,1,65,65017,1,1,1,2,D 173,42.74925,0.190834,11,2,2
202100004138,194Â 347,A01,10,3,2,5,8,8,-1,3,3,1,2021,24.0,1,5,0,1,7,19,1,,3,,0,,2,2,0,1,0,0,1,, -1,2,9,1,50,7,12,2021,20:10,5,92,92023,2,1,1,6,CLAUDE TREBIGNAUD (AVENUE) BOIS S102,48.79137,2.25263,20,2,1
202100022797,160Â 856,B01,1,1,1,4,2,8,-1,-1, -1,-1,2021,20.0,1,1,0,2,0,1,1,,7,468,0,,2,2,0,1,0,0,1,, -1,1,0,1,50,20,8,2021,11:45,1,67,67043,2,1,0,3,BISCHWILLER (ROUTE DE),48.61621,7.753367,11,2,2
202100008379,186Â 754,A01,1,1,1,9,2,0,-1,-1, -1,-1,2021,47.0,2,1,0,2,1,1,5,,3,PAVE DES GARDES (ROUTE DU),0,,-1,2,0,2,0,0,1,, -1,1,5,1,50,12,11,2021,12:45,1,92,92022,2,3,0,3,PAVE DES GARDES (ROUTE DU),48.8054566882,2.1844500303,12,2,2
202100039400,131Â 168,A01,1,1,1,1,2,6,-1,-1,0,-1,2021,45.0,2,1,0,5,7,21,1,,2,RN 104,0,,3,5,0,1,3,799,3,, -1,1,0,1,90,18,5,2021,06:55,1,95,95042,1,1,0,6,RN 104,49.05777,2.28574,6,1,1
202100001455,199Â 183,A01,1,1,1,0,2,6,-1,-1, -1,-1,2021,19.0,3,1,0,2,0,1,1,,4,LA FAYETTE. RUE,0,,2,2,3,1,0,0,1,, -1,2,0,6,50,24,12,2021,09:50,1,76,76540,2,1,0,1,LA FAYETTE. RUE,49.43261,1.08957,9,2,2
202100004967,192Â 912,A01,1,1,2,5,1,-1,-1,0,0,-1,2021,74.0,2,2,0,2,7,15,1,,3,924,-1,,2,2,0,1,21,650,1,, -1,2,0,1,80,3,12,2021,17:50,3,50,50549,1,3,1,1,Route du Bocage,48.8363984,-1.4456306,17,2,2
202100002775,196Â 806,B01,1,1,1,4,1,-1,-1,-1, -1,-1,2021,24.0,3,2,0,2,7,2,1,,4,DESFOSSES ROMAIN (AMIRAL) (DE 42 ET 49 A,0,,2,2,0,1,(1),(1),1,, -1,1,0,1,50,15,12,2021,12:55,1,29,29019,2,6,0,3,Rue Amiral Romain-DesfossÃ©s,48.422629707,-4.4759808182,12,2,2
202100033277,142Â 290,B01,1,1,1,5,2,-1,-1,0,0,-1,2021,69.0,3,1,0,2,3,19,5,,7,1532,0,D,4,3,0,1,44,96,1,, -1,1,5,1,50,16,6,2021,10:23,1,38,38540,2,1,0,3,D1532,45.268218,5.620357,10,2,2
202100004629,193Â 492,A01,1,1,1,4,1,0,-1,-1, -1,-1,2021,65.0,1,4,4,0,1,1,1,,1,A12 Y,0,,1,4,0,1,5,160,1,, -1,2,0,1,70,5,12,2021,15:30,1,78,78545,1,1,1,6,A12 Y,48.80785,2.05298,15,1,1
202100031243,145Â 896,A01,1,1,1,5,2,6,-1,0,0,-1,2021,26.0,2,1,1,0,0,1,1,,3,1084,-1,,2,2,0,1,64,420,1,, -1,1,0,1,50,4,7,2021,00:25,4,1,1373,2,1,0,6,58 grande rue,46.137215,5.551963,0,1,1
202100002089,198Â 065,A01,2,2,1,4,8,-1,-1,0,0,-1,2021,50.0,2,5,0,2,3,11,1,,7,910,-1,,3,4,0,1,(1),(1),1,, -1,7,0,1,50,21,12,2021,07:20,5,37,37050,2,1,1,3,77 Avenue du Grand Sud,47.3411764731,0.7033985853,7,3,2
202100020843,164Â 387,A01,10,3,1,5,0,-1,-1,3,3,1,2021,42.0,1,2,0,1,1,26,1,,3,VAUBAN - BOULEVARD,0,,3,3,0,1,(1),(1),1,, -1,1,0,1,50,4,9,2021,19:45,1,59,59155,2,1,0,6,VAUBAN - BOULEVARD,51.02409,2.38845,19,2,1
202100045469,120Â 462,B01,1,1,1,9,2,-1,-1,0,0,-1,2021,25.0,1,1,3,0,4,2,1,,2,109,0,N,3,4,0,1,10,350,1,, -1,1,0,1,110,2,4,2021,12:15,1,34,34259,1,1,0,2,RN109 PK 10+350,43.631614,3.763107,12,2,2
202100012526,179Â 322,A01,1,1,2,0,1,-1,-1,0,0,-1,2021,76.0,2,2,0,0,0,1,1,,3,926,0,D,2,2,0,1,12,70,1,, -1,1,0,3,80,19,10,2021,09:00,1,82,82155,1,1,0,7,D926,44.192959,1.679878,9,1,1
202100027531,152Â 518,B01,1,1,1,0,2,0,-1,-1, -1,-1,2021,24.0,0,1,0,2,1,2,1,,3,BANQUE A GENETS (CHEMIN DE LA),0,,2,2,0,1,(1),(1),2,, -1,1,0,1,50,21,7,2021,13:20,1,50,50203,2,6,0,3,BANQUE A GENETS (CHEMIN DE LA),49.60011,-1.59983,13,2,2
202100041708,127Â 058,B01,2,2,2,5,1,-1,-1,0,0,-1,2021,57.0,2,2,0,2,3,1,1,,3,271,-1,,2,2,0,1,23,950,1,, -1,1,0,1,80,1,5,2021,20:45,2,61,61121,1,1,0,1,BELLEVUE,48.464659,0.469548,20,4,2
202100041037,128Â 262,B01,1,1,2,1,2,8,-1,-1, -1,-1,2021,26.0,1,1,0,2,1,2,1,,1,A507 sens Marseille - Aubagne,0,,1,4,0,1,8,289,1,, -1,1,1,1,70,6,5,2021,07:45,1,13,13055,1,1,0,2,A507 sens Marseille - Aubagne,43.29069,5.42418,7,3,3
202100011391,181Â 360,B01,1,1,1,5,2,6,-1,-1, -1,-1,2021,25.0,3,1,0,2,7,0,1,,4,DE LATTRE DE TASSIGNY (BD),0,,-1,2,0,1,(1),(1),3,, -1,1,0,1,30,20,10,2021,14:00,1,17,17306,2,6,0,3,DE LATTRE DE TASSIGNY (BD),45.62824,-1.01733,14,2,2
202100020562,164Â 875,A01,1,1,2,1,2,0,-1,0,0,-1,2021,33.0,2,1,14,0,1,1,5,,4,AVENUE DE SUFFREN,0,,2,2,0,1,(1),(1),1,, -1,1,0,1,30,6,9,2021,08:40,1,75,75107,2,1,0,6,AVENUE DE SUFFREN,48.85189,2.299761,8,1,1
202100011893,180Â 467,A01,1,1,1,0,2,0,-1,0,0,-1,2021,52.0,0,1,0,2,8,1,5,,4,,-1,,2,2,0,1,(1),(1),2,,4,2,0,1,50,19,10,2021,07:25,3,59,59371,2,1,1,3,Rue du Bas,50.618617,2.880221,7,2,2
202100014868,175Â 135,A01,1,1,1,0,2,6,-1,-1, -1,-1,2021,31.0,1,1,0,0,0,1,1,,4,17,0,,2,2,0,1,0,0,1,, -1,1,0,1,50,2,10,2021,23:50,5,92,92024,2,1,0,7,GENERAL ROGUET (RUE DU) DE (1 A 57)   (2,48.90513,2.31295,23,1,1
202100034504,140Â 051,A01,1,1,1,5,2,6,-1,0,0,-1,2021,27.0,1,1,8,0,1,1,1,,3,101,-1,,2,2,0,4,31,800,2,,4,1,0,3,-1,15,6,2021,21:00,1,85,85213,1,1,0,6,Le Moulin de Chaille,46.5763200458,-1.3660041243,21,1,1
202100017788,169Â 821,B01,1,1,2,0,8,8,-1,-1, -1,-1,2021,15.0,1,1,0,2,6,1,5,,4,CHARITE (RUE DE LA),0,,1,1,0,1,0,0,1,, -1,1,0,1,50,20,9,2021,13:15,1,974,97416,2,1,0,2,CHARITE (RUE DE LA),-21.33329,55.47526,13,2,2
202100019403,166Â 948,B01,1,1,1,5,1,-1,-1,0,0,-1,2021,71.0,1,2,0,2,3,1,1,,3,820,0,D,2,2,0,1,56,150,1,, -1,1,0,1,80,12,9,2021,11:00,1,82,82048,1,9,0,1,D820,43.877819,1.298146,11,3,2
202100010048,183Â 735,B01,3,2,2,9,1,0,-1,-1, -1,-1,2021,21.0,2,3,0,2,6,1,1,3.0,3,STALINGRAD - PONT DE NOGENT (BD DE),0,,1,1,0,1,1,0,1,, -1,2,2,8,50,31,10,2021,02:35,5,94,94017,2,1,1,2,Boulevard de Stalingrad,48.8292,2.49318,2,4,2
202100013164,178Â 218,A01,1,1,1,1,2,6,-1,0,0,-1,2021,31.0,2,1,0,2,3,11,1,,3,955,-1,,2,2,0,2,26,100,3,, -1,1,0,1,80,15,10,2021,14:50,1,83,83082,1,1,0,3,D955,43.634425,6.482958,14,3,2
202100042001,126Â 545,B01,1,1,1,4,2,6,-1,-1, -1,-1,2021,0.0,2,1,0,2,2,17,1,,4,CANUTS (DES)                        (BD),0,,2,2,0,1,(1),(1),1,, -1,2,0,1,50,28,4,2021,20:45,5,69,69384,2,1,1,3,CANUTS (DES) (BD),45.77755,4.82848,20,2,2
202100033773,141Â 402,B01,2,2,1,0,2,8,-1,-1, -1,-1,2021,21.0,1,1,0,2,7,16,1,,2,ROUTE NATIONALE 1,0,,1,-1,0,2,3,0,1,, -1,1,5,1,90,17,6,2021,14:25,1,973,97302,2,6,0,3,MARINGOUINS (ROND-POINT),4.90701,-52.32231,14,3,2
202100011052,181Â 967,B01,1,1,1,0,1,0,-1,-1, -1,-1,2021,28.0,2,2,0,2,1,1,1,,2,RN1 ROCADE DE CHAUVEL,0,,3,2,0,1,(1),(1),1,, -1,1,0,1,90,24,10,2021,23:55,5,971,97101,1,1,0,1,RN1 ROCADE DE CHAUVEL,16.2393432169,-61.5220752438,23,3,2
202100056313,101Â 242,A01,8,2,2,5,8,-1,-1,0,0,-1,2021,11.0,3,2,1,2,3,2,1,,4,,-1,,2,2,0,2,(1),(1),1,, -1,1,0,3,-1,4,1,2021,21:55,5,976,97605,2,1,0,1,Quartier Ourini,-12.8332,45.11695,21,5,2
202100050637,111Â 176,A01,10,3,2,9,0,-1,-1,4,3,2,2021,67.0,2,2,0,1,1,16,1,,7,107,0,,2,2,0,2,14,900,3,, -1,1,0,1,50,21,2,2021,17:40,2,21,21171,2,6,0,6,Boulevard Jan Pallach,47.292933,5.130545,17,4,1