Num_Acc,id_vehicule,num_veh,place,catu,sexe,trajet,secu1,secu2,secu3,locp,actp,etatp,year_acc,victim_age,senc,catv,obs,obsm,choc,manv,motor,occutc,catr,voie,v1,v2,circ,nbv,vosp,prof,pr,pr1,plan,lartpc,larrout,surf,infra,situ,vma,jour,mois,an,hrmn,lum,dep,com,agg_,int,atm,col,adr,lat,long,hour,nb_victim,nb_vehicules
202100018033,169Â 392,A01,1,1,1,5,8,0,-1,-1, -1,-1,2021,20.0,1,2,0,2,2,19,0,,3,,-1,,2,2,-1,1,1,0,1,, -1,1,0,1,-1,19,9,2021,01:50,5,94,94069,2,2,0,3,Avenue de Gravelle,48.82407,2.41996,1,4,2
202100005425,192Â 100,A01,1,1,1,9,2,-1,-1,0,0,-1,2021,29.0,1,1,10,0,2,1,1,,3,114,0,D,2,2,0,2,7,300,2,, -1,1,0,1,80,2,12,2021,15:35,1,66,66053,1,1,0,6,"Route de la corniche, RD 114",42.529532,3.071896,15,1,1
202100029221,149Â 529,B01,1,1,1,1,1,-1,-1,0,0,-1,2021,20.0,2,2,8,2,3,13,1,,3,73,-1,,2,2,0,1,10,345,2,, -1,2,0,1,50,13,7,2021,07:45,1,48,48032,2,1,0,1,D73,44.640197,3.221958,7,2,2
202100037940,133Â 850,A01,1,1,1,1,2,-1,-1,0,0,-1,2021,26.0,1,1,3,0,1,12,1,,2,41,0,N,3,4,0,1,9,300,1,, -1,1,0,2,90,28,5,2021,21:15,1,59,59250,1,1,0,6,Route Nationale Nationale 41,50.581104,2.889115,21,1,1
202100029175,149Â 600,B01,1,1,2,0,1,0,-1,-1, -1,-1,2021,26.0,0,2,0,2,1,1,1,,3,9,0,,2,0,0,1,0,0,1,, -1,1,0,1,50,8,7,2021,11:00,1,92,92078,2,1,0,1,CHARLES DE GAULLE (BD) (1 AU 13),48.936919,2.33079,11,4,2
202100004789,193Â 216,A01,10,3,1,9,0,-1,-1,2,3,1,2021,65.0,2,2,0,1,1,15,1,,4,DANIEL CASANOVA (BOULEVARD),0,,2,2,0,1,0,0,1,, -1,2,0,1,50,4,12,2021,14:50,1,13,13214,2,3,1,6,DANIEL CASANOVA (BOULEVARD),43.32648,5.37447,14,4,1
202100015266,174Â 425,B01,1,1,1,5,2,-1,-1,0,0,-1,2021,53.0,0,1,0,2,8,1,1,,3,199,-1,,2,2,0,1,19,765,1,, -1,1,5,1,50,3,10,2021,17:00,1,49,49345,2,3,0,3,Chemin du Grand Bonnezeaux,47.276783,-0.484825,17,2,2
202100024781,157Â 355,A01,10,3,2,0,0,-1,-1,5,2,2,2021,4.0,1,1,0,1,2,25,1,,4,STALINGRAD (SQUARE),0,,-1,0,0,1,0,0,1,, -1,1,6,4,1,10,8,2021,17:30,1,93,93001,2,9,0,6,STALINGRAD (SQUARE),48.9115205762,2.3831959884,17,2,1
202100020793,164Â 479,A01,1,1,1,0,1,-1,-1,0,0,-1,2021,21.0,1,2,14,0,1,0,1,,3,377,0,,2,2,0,1,1,555,2,, -1,1,0,8,80,6,9,2021,04:00,3,89,89085,1,1,0,6,RD 377,47.945267,3.500343,4,2,1
202100020536,164Â 931,B01,2,2,1,4,1,-1,-1,-1, -1,-1,2021,53.0,0,5,0,2,6,1,3,,4,CHATEAUGIRON (DE),0,,2,2,2,1,(1),(1),1,, -1,1,0,5,50,6,9,2021,10:05,1,35,35238,2,1,0,2,CHATEAUGIRON (DE),48.0947032013,-1.636141158,10,3,2
202100009811,184Â 159,A01,1,1,1,4,2,6,-1,0,0,-1,2021,32.0,1,1,0,0,1,1,1,,4,QUAI BRANLY,0,,2,-1,1,1,(1),(1),1,, -1,1,0,1,30,2,11,2021,19:20,5,75,75107,2,3,0,7,QUAI BRANLY,48.857493,2.291025,19,1,1
202100006510,190Â 167,A01,2,2,1,1,1,-1,-1,0,0,-1,2021,22.0,2,2,16,0,9,1,1,,3,37,-1,,2,2,0,1,16,500,3,, -1,7,0,8,80,24,11,2021,06:45,3,45,45083,1,1,0,7,RD 37 PK 16+500,47.948833,2.944593,6,2,1
202100022320,161Â 738,B01,1,1,1,5,2,-1,-1,0,0,-1,2021,39.0,1,1,0,2,7,1,1,,3,732,-1,,2,2,0,1,23,706,1,, -1,1,0,1,80,27,8,2021,16:15,1,17,17196,1,3,0,2,Rue de la Foy,45.571154,-0.640147,16,2,2
202100038701,132Â 455,A01,7,2,2,0,1,-1,-1,0,0,-1,2021,14.0,1,2,3,0,3,0,1,,1,A,0,A,3,3,0,1,55,800,1,, -1,1,0,2,130,24,5,2021,14:00,1,30,30189,1,1,0,6,PK 55.800 sens 1 A9,43.807712,4.337025,14,3,1
202100049838,112Â 659,C01,1,1,1,1,1,0,-1,-1, -1,-1,2021,24.0,2,2,0,2,1,2,1,,1,A7-Sens Marseille vers Lyon,0,,3,3,0,2,275,0,3,, -1,1,0,1,90,26,2,2021,12:30,1,13,13215,1,1,0,2,A7-Sens Marseille vers Lyon,43.3672836313,5.3608345985,12,2,2
202100015018,174Â 861,A01,1,1,1,0,2,0,-1,-1, -1,-1,2021,23.0,3,1,0,0,1,1,3,,4,BERGIER (RUE),0,,2,2,0,2,(1),(1),1,, -1,1,0,1,50,1,10,2021,21:11,5,63,63113,2,1,0,7,BERGIER (RUE),45.78242,3.08427,21,1,1
202100040925,128Â 468,B01,1,1,1,4,2,8,-1,-1, -1,-1,2021,26.0,3,1,0,2,1,1,1,,4,DOMITIENNE (VOIE),0,,2,2,2,1,(1),(1),1,, -1,1,5,1,50,7,5,2021,21:45,5,34,34172,2,2,0,3,DOMITIENNE (VOIE),43.62402,3.86218,21,2,2
202100010799,182Â 426,A01,1,1,2,5,1,-1,-1,0,0,-1,2021,43.0,1,2,13,0,2,12,1,,1,13,0,A,3,4,0,1,134,0,1,, -1,1,0,3,130,10,10,2021,16:15,1,27,27102,1,1,0,6,A13,49.369827,0.767133,16,1,1
202100039314,131Â 328,A01,1,1,1,1,2,6,-1,0,0,-1,2021,36.0,1,1,0,2,1,17,1,,2,JEAN JAURES ( AVENUE ),0,,2,2,0,1,38,765,1,, -1,2,0,1,50,18,5,2021,17:22,1,5,5061,2,3,1,3,JEAN JAURES ( AVENUE ),44.55161,6.0707,17,2,2
202100044189,122Â 688,A01,10,3,1,5,0,-1,-1,2,3,1,2021,70.0,1,2,0,1,1,9,1,,2,,-1,,2,2,0,2,(1),(1),1,, -1,1,0,1,50,26,3,2021,07:20,2,974,97422,2,3,0,6,Rue Georges Pompidou,-21.253126,55.520376,7,2,1
202100033051,142Â 664,A01,1,1,1,1,1,-1,-1,-1, -1,-1,2021,36.0,2,4,0,0,0,21,1,,2,EST (ROCADE),0,,3,4,0,1,26,950,1,, -1,1,0,1,90,21,6,2021,10:30,1,35,35334,1,1,0,7,EST (ROCADE),48.145528,-1.59034,10,1,1
202100036123,137Â 113,A01,1,1,1,1,2,-1,-1,0,0,-1,2021,17.0,1,1,0,2,1,13,1,,3,199,-1,,3,2,0,1,1,490,2,, -1,1,0,1,80,7,6,2021,05:45,2,49,49092,1,1,0,1,D199,47.262919,-0.769461,5,4,2
202100030300,147Â 605,B01,1,1,1,0,0,-1,-1,0,0,-1,2021,8.0,1,1,0,2,1,19,5,,3,2,-1,,2,2,0,1,(1),(1),1,, -1,1,0,1,50,7,7,2021,17:15,1,55,55517,2,1,1,3,route de verdun,48.977879,5.059236,17,2,2
202100043352,124Â 173,A01,1,1,1,4,2,0,-1,0,0,-1,2021,30.0,1,0,0,1,1,1,3,,4,AVENUE DES CHAMPS ELYSEES,0,,2,10,1,1,(1),(1),1,, -1,1,-1,5,50,20,4,2021,12:20,1,75,75108,2,1,0,6,AVENUE DES CHAMPS ELYSEES,48.866722,2.317241,12,2,1
202100010729,182Â 552,A01,10,3,1,5,0,-1,-1,4,3,1,2021,43.0,3,2,0,1,1,16,1,,4,FRANÃOISE DUPARC (BOULEVARD),0,,2,4,0,1,0,0,1,, -1,1,0,1,50,27,10,2021,15:52,1,13,13204,2,1,0,1,FRANÃOISE DUPARC (BOULEVARD),43.30302,5.40007,15,2,1
202100019992,165Â 897,A01,9,2,2,3,1,-1,-1,0,0,-1,2021,7.0,1,2,0,2,1,1,1,,3,420,0,,2,1,1,1,(1),(1),2,,4,1,0,1,50,8,9,2021,17:00,1,68,68154,2,4,0,1,Rue de Sausheim,47.765057,7.359756,17,4,2
202100044443,122Â 246,A01,1,1,1,0,1,-1,-1,-1, -1,-1,2021,33.0,3,5,16,0,1,1,1,,4,LOUIS AULAGNE                       (QU),0,,2,2,0,1,(1),(1),3,, -1,1,0,8,50,10,4,2021,22:35,5,69,69199,1,1,0,7,LOUIS AULAGNE (Q),45.7053801019,4.8444278198,22,1,1
202100054526,104Â 311,A01,10,3,2,5,0,-1,-1,4,3,2,2021,44.0,0,2,0,1,1,1,1,,4,,-1,,-1,2,1,1,(1),(1),1,, -1,1,0,1,-1,20,1,2021,15:50,1,69,69009,2,1,0,6,EUROPE (DE L') (AV) (947),45.938673,4.712896,15,3,1
202100028021,151Â 624,A01,1,1,1,0,8,-1,-1,0,0,-1,2021,60.0,1,2,2,0,2,13,1,,3,156,-1,D,2,2,0,1,14,170,1,, -1,1,0,3,80,19,7,2021,10:00,1,54,54491,1,1,0,6,D156 ,49.3632453489,5.9256863589,10,1,1
202100043173,124Â 494,B01,1,1,1,5,8,0,-1,-1, -1,-1,2021,15.0,1,1,0,2,1,1,0,,7,OUEST (BOULEVARD DE L'),0,,1,1,1,1,6,723,1,, -1,1,0,1,50,21,4,2021,18:10,1,31,31149,2,1,0,3,OUEST (BOULEVARD DE L'),43.6121,1.32232,18,2,2
202100005289,192Â 332,A01,1,1,1,3,8,0,-1,-1, -1,-1,2021,89.0,1,2,0,2,8,9,1,,7,DEUX FONTAINES (AVENUE ),0,,1,2,0,1,0,0,1,, -1,2,0,1,50,1,12,2021,11:00,1,57,57751,2,9,1,3,DEUX FONTAINES (AVENUE ),49.14862,6.17158,11,2,2
202100003311,195Â 848,B01,1,1,2,2,2,-1,-1,0,0,-1,2021,15.0,3,1,0,2,8,1,1,,3,329,0,D,2,2,0,1,(1),(1),1,, -1,1,0,1,50,13,12,2021,16:45,1,40,40184,2,2,1,3,28 Rue du ThÃ©Ã¢tre,44.201397,-1.225818,16,2,2
202100009421,184Â 857,B01,1,1,2,9,1,8,-1,-1, -1,-1,2021,62.0,1,2,0,2,1,15,1,,4,REPUBLIQUE DE LA,0,,2,2,0,1,0,0,1,, -1,2,0,1,50,4,11,2021,17:40,2,64,64132,2,1,1,1,REPUBLIQUE DE LA,43.28996,-0.33975,17,2,2
202100046731,118Â 241,B01,1,1,1,5,2,6,-1,-1,0,-1,2021,23.0,1,1,0,2,1,1,1,,4,PL GRAND CERF,0,,1,1,0,1,(1),(1),3,, -1,1,0,1,50,24,3,2021,20:20,5,95,95063,2,1,0,3,PL GRAND CERF,48.9233337997,2.2079441103,20,2,2
202100037316,134Â 971,B01,1,1,1,5,2,6,-1,-1, -1,-1,2021,48.0,1,1,0,2,1,17,1,,3,910,0,,3,2,1,1,0,0,1,, -1,1,0,1,50,31,5,2021,18:45,1,92,92022,2,3,0,3,SALENGRO (AVENUE ROGER),48.8166659764,2.1950648725,18,2,2
202100003541,195Â 415,B01,1,1,1,1,2,0,-1,-1, -1,-1,2021,39.0,3,1,0,2,2,1,1,,4,JACINTHES (RUE DES),0,,2,2,0,2,0,0,1,, -1,1,0,1,50,7,12,2021,07:15,1,974,97411,2,1,0,1,JACINTHES (RUE DES),-20.91014,55.48479,7,2,2
202100034510,140Â 041,A01,1,1,1,4,1,-1,-1,0,0,-1,2021,22.0,1,2,0,2,3,1,1,,3,17,-1,,2,2,0,1,19,200,1,, -1,1,0,1,80,14,6,2021,16:00,1,13,13058,1,1,0,1,Chemin Departemental 17 Rte de MouriÃ¨s,43.718668,4.812376,16,2,2
202100040184,129Â 771,A01,1,1,1,0,1,0,-1,-1, -1,-1,2021,23.0,2,2,0,2,8,15,1,,7,MALAFOLIE -(RUE DE LA),0,,2,2,0,1,21,950,1,, -1,1,0,1,50,12,5,2021,07:25,1,42,42044,2,5,1,3,Rue de lâOndaine,45.3940960782,4.303109318,7,2,2
202100043175,124Â 491,B01,1,1,1,5,1,-1,-1,-1, -1,-1,2021,62.0,1,5,0,2,4,1,1,,4,FOCH MARECHAL,0,,-1,4,0,1,(1),(1),1,, -1,1,0,1,50,21,4,2021,11:45,1,29,29019,2,1,0,4,Avenue MarÃ©chal Foch,48.3927577,-4.487727,11,3,3
202100004799,193Â 201,A01,2,2,1,0,8,0,-1,0,0,-1,2021,21.0,1,1,1,0,0,0,0,,4,MADELEINE (BD DE LA),0,,3,4,0,1,(1),(1),1,, -1,1,0,1,50,4,12,2021,13:15,1,6,6088,2,1,1,6,MADELEINE (BD DE LA),43.706855,7.231973,13,2,1
202100045690,120Â 070,A01,1,1,1,9,1,-1,-1,0,0,-1,2021,20.0,2,2,13,0,1,1,1,,3,4085,0,,2,2,0,1,15,0,3,, -1,1,2,8,80,1,4,2021,14:30,1,4,4013,1,1,0,6,RD 4085,44.134371,5.971053,14,1,1
202100027923,151Â 798,B01,1,1,2,0,2,0,-1,-1, -1,-1,2021,33.0,3,1,0,2,0,0,5,,4,PROUDHON (AVENUE),0,,2,2,0,1,(1),(1),1,, -1,1,6,1,50,20,7,2021,08:40,1,37,37261,2,3,0,6,PROUDHON (AVENUE),47.3948651545,0.6713187168,8,2,2
202100042468,125Â 709,B01,1,1,1,1,2,0,-1,-1, -1,-1,2021,21.0,1,1,0,2,1,1,5,,4,BOULEVARD SALVADOR ALLENDE,0,,2,2,0,1,(1),(1),1,, -1,1,0,1,50,26,4,2021,09:45,1,44,44162,2,1,0,3,BOULEVARD SALVADOR ALLENDE,47.21908,-1.6216,9,2,2
202100026959,153Â 521,A01,2,2,2,0,1,0,-1,-1, -1,-1,2021,12.0,2,2,0,2,4,26,1,,3,POMPADOUR(ROUTE DE LA),0,,1,1,0,1,1,0,1,, -1,1,0,1,50,21,7,2021,23:00,5,94,94028,2,1,0,2,Route de la Pompadour,48.77326,2.43525,23,4,2
202100054374,104Â 569,A01,1,1,2,1,8,0,-1,-1, -1,-1,2021,61.0,3,2,8,0,1,1,1,,4,MAURICE AUDIN (ALLEE),0,,1,1,2,1,0,0,1,, -1,1,0,4,50,20,1,2021,07:55,2,93,93014,2,1,0,6,MAURICE AUDIN (ALLEE),48.90822,2.53608,7,1,1
202100031211,145Â 949,B01,1,1,1,0,2,0,-1,-1, -1,-1,2021,18.0,2,1,0,2,1,2,1,,3,PARIS RUE DE,0,,2,2,0,1,0,1,1,, -1,1,0,1,50,3,7,2021,19:10,1,93,93045,2,1,0,2,Rue de Paris,48.88293,2.42667,19,2,2
202100006909,189Â 418,A01,1,1,1,1,8,0,0,-1, -1,-1,2021,19.0,1,1,0,2,2,1,1,,4,CHATELIER (RUE HENRY LE),0,,2,0,0,1,(1),(1),1,, -1,1,0,1,50,20,11,2021,23:30,5,81,81065,2,1,0,3,CHATELIER (RUE HENRY LE),43.59021,2.19247,23,2,2
202100018318,168Â 880,A01,10,3,2,5,0,-1,-1,1,3,2,2021,69.0,1,2,0,1,6,26,1,,4,JOSEPH DESBOIS                      (R ),0,,2,2,0,1,(1),(1),1,,"7,4",1,0,1,50,17,9,2021,18:29,1,69,69282,2,1,0,6,JOSEPH DESBOIS (R),45.77373,5.0046,18,3,1
202100019637,166Â 542,A01,1,1,1,9,8,-1,-1,0,0,-1,2021,38.0,0,1,0,1,1,1,5,,3,JEAN LEROY (RUE),0,,2,2,3,1,(1),(1),1,, -1,9,0,5,30,7,9,2021,08:00,1,80,80489,1,1,0,6,JEAN LEROY (RUE),49.8641720205,2.3491147198,8,2,1
202100040904,128Â 511,B01,2,2,2,5,1,0,-1,0,0,-1,2021,90.0,1,2,0,2,8,1,1,,4,SAPINIERE (RUE DE LA),0,,2,3,0,1,(1),(1),1,, -1,1,0,1,50,6,5,2021,08:10,1,54,54304,2,2,0,3,SAPINIERE (RUE DE LA),48.6933,6.1281,8,3,2
202100029215,149Â 536,A01,1,1,1,3,2,-1,-1,0,0,-1,2021,54.0,1,6,16,0,2,1,1,,3,67,0,D,2,2,0,2,1,1,3,, -1,2,0,3,80,13,7,2021,19:00,1,9,9057,1,1,1,7,tartein,42.900692,1.328853,19,1,1
202100040673,128Â 923,A01,1,1,2,5,2,-1,-1,0,0,-1,2021,70.0,1,1,0,2,1,1,5,,3,49,-1,,2,2,0,2,14,280,1,, -1,1,0,1,80,9,5,2021,10:25,1,73,73010,1,1,0,6,D49 Rte de Saint Girod (Mognard),45.752003,5.942018,10,2,2
202100021220,163Â 730,A01,1,1,1,0,2,6,-1,-1, -1,-1,2021,34.0,0,1,0,2,1,1,1,,4,BEVERINI VICO PAIR AVENUE,0,,-1,2,0,2,(1),(1),1,, -1,1,0,1,50,2,9,2021,09:28,1,201,201004,2,2,0,3,BEVERINI VICO PAIR AVENUE,41.9265175753,8.7371331106,9,2,2
202100002420,197Â 451,A01,10,3,1,3,0,-1,-1,3,3,1,2021,81.0,3,2,0,1,5,13,1,,4,YOUGOSLAVIE (BD DE),0,,3,2,2,1,(1),(1),1,, -1,1,0,1,30,17,12,2021,16:20,1,35,35238,2,1,0,6,Boulevard de Yougoslavie,48.08816,-1.65918,16,2,1
202100000838,200Â 233,A01,1,1,2,1,1,8,-1,-1, -1,-1,2021,30.0,1,2,13,0,1,1,1,,4,RUE SULLY PRUD'HOMME,0,,2,0,0,1,0,0,1,, -1,1,0,8,50,25,12,2021,23:00,3,974,97407,2,1,0,7,RUE SULLY PRUD'HOMME,-20.94349,55.31756,23,1,1
202100012150,180Â 002,A01,10,3,1,4,0,-1,-1,3,3,1,2021,40.0,1,1,0,1,1,1,1,,4,RUE DE CAUMARTIN,0,,1,1,0,1,(1),(1),1,, -1,1,0,1,30,14,10,2021,19:25,5,75,75109,2,3,0,6,RUE DE CAUMARTIN,48.87231,2.328247,19,2,1
202100038312,133Â 156,A01,10,3,1,3,0,-1,-1,3,3,2,2021,4.0,2,2,0,1,2,1,1,,4,DE GAULLE (E14 A F15,0,,2,1,0,1,(1),(1),1,, -1,1,0,1,50,19,5,2021,19:35,1,34,34003,2,1,0,6,GENERAL DE GAULLE (AVENUE DU),43.31226,3.475,19,2,1
202100027478,152Â 609,A01,1,1,1,0,2,0,-1,-1, -1,-1,2021,66.0,2,1,0,2,1,2,1,,1,A55-Sens Martigues vers Marseille,0,,1,2,0,1,22,299,1,, -1,1,0,1,110,22,7,2021,17:54,1,13,13033,1,1,0,2,A55-Sens Martigues vers Marseille,43.37547,5.19967,17,2,2
202100053111,106Â 797,A01,1,1,1,5,1,-1,-1,0,0,-1,2021,40.0,1,2,0,2,1,1,1,,3,168,-1,,2,2,0,2,4,500,1,, -1,1,0,1,70,30,1,2021,19:45,3,11,11262,1,1,0,1,CD168,43.172228,3.067632,19,5,2
202100008346,186Â 806,A01,10,3,2,3,0,-1,-1,8,0,-1,2021,74.0,3,2,0,1,1,15,1,,4,,0,,2,2,0,1,0,0,1,, -1,1,9,8,30,10,11,2021,16:10,1,91,91216,2,9,1,6,TOURELLES (CHEMIN),48.669149,2.335631,16,2,1
202100006677,189Â 847,B01,1,1,2,9,1,-1,-1,-1, -1,-1,2021,53.0,2,2,0,2,2,1,1,,4,SAINT JULIEN RUE,0,,2,2,0,2,(1),(1),1,, -1,1,0,1,50,23,11,2021,07:38,3,29,29232,2,3,0,1,Rue Saint Julien,47.992659719,-4.089435339,7,2,2
202100051511,109Â 621,A01,10,3,2,0,0,-1,-1,2,3,2,2021,29.0,1,1,0,1,1,17,1,,4,SAINTE MARTHE (chemin),0,,2,2,0,1,0,0,1,, -1,1,0,1,50,10,2,2021,12:45,1,13,13214,2,1,0,6,SAINTE MARTHE (chemin),43.33071,5.38988,12,2,1
202100007993,187Â 444,A01,2,2,1,5,2,-1,-1,-1, -1,-1,2021,47.0,0,1,0,2,1,2,1,,4,AMIRAL MOUCHEZ (BD),0,,2,2,0,1,0,0,1,, -1,1,0,1,50,8,11,2021,13:25,1,76,76351,2,1,0,2,AMIRAL MOUCHEZ (BD),49.4866,0.14189,13,3,2
202100034794,139Â 520,A01,10,3,2,5,0,-1,-1,3,3,1,2021,40.0,2,2,0,1,8,15,1,,4,DIDIER (AV),0,,1,1,0,1,1,0,1,, -1,1,0,1,30,12,6,2021,12:30,1,94,94068,2,2,1,6,Avenue Didier,48.79748,2.5088,12,2,1
202100007789,187Â 828,A01,1,1,1,1,8,8,-1,-1, -1,-1,2021,26.0,1,1,0,2,2,19,3,,7,23 NOVEMBRE (RUE DU),0,,3,2,0,1,(1),(1),3,, -1,1,5,1,50,8,11,2021,09:45,1,67,67365,2,6,0,3,23 NOVEMBRE (RUE DU),48.5343019593,7.6988625526,9,2,2
202100040888,128Â 540,B01,1,1,1,3,0,-1,-1,-1, -1,-1,2021,61.0,3,1,0,2,8,19,5,,4,AV JEAN JAURES,0,,2,1,0,1,0,0,1,, -1,1,6,1,50,3,5,2021,18:15,1,77,77122,2,1,0,3,AV JEAN JAURES,48.65591,2.56298,18,2,2
202100006862,189Â 517,A01,1,1,1,4,8,-1,-1,0,0,-1,2021,31.0,2,2,2,0,1,1,1,,3,121,-1,,2,2,0,1,6,350,1,, -1,2,0,8,90,23,11,2021,03:15,3,3,3045,1,1,0,6,D121,46.068069,3.520367,3,1,1
202100001087,199Â 821,B01,1,1,1,0,2,6,-1,-1, -1,-1,2021,35.0,2,1,1,0,1,1,1,,3,7,0,,1,2,0,1,68,0,1,, -1,2,0,1,50,28,12,2021,15:45,1,92,92026,2,1,1,3,JOFFRE ( DE 52 A FIN ET DE 61 A FIN ),48.9009001428,2.2758328915,15,2,2
202100002680,196Â 986,A01,1,1,1,2,2,-1,-1,0,0,-1,2021,14.0,3,1,0,2,1,0,1,,3,922,-1,,2,2,0,1,43,945,1,, -1,2,0,1,80,17,12,2021,07:45,2,41,41280,1,1,0,3,Route de Romorantin,47.317319,1.761321,7,2,2
202100050696,111Â 072,A01,1,1,1,1,8,-1,-1,0,0,-1,2021,35.0,2,2,0,2,1,1,1,,3,73,-1,D,2,2,0,1,23,100,1,, -1,1,0,1,80,21,2,2021,07:00,2,24,24308,1,1,0,1,Lieu Dit les Couriveaux,45.346434,0.882592,7,2,2
202100037617,134Â 420,B01,1,1,2,1,2,0,-1,0,0,-1,2021,61.0,0,1,0,2,0,23,5,,4,PLACE JACQUES BONSERGENT,0,,1,2,1,1,(1),(1),1,, -1,1,0,4,50,29,5,2021,17:45,1,75,75110,2,7,0,5,PLACE JACQUES BONSERGENT,48.871277,2.36055,17,4,4
202100033203,142Â 415,A01,1,1,1,9,2,0,-1,0,0,-1,2021,23.0,2,1,0,0,1,26,1,,3,,0,,2,2,0,1,15,358,1,, -1,1,0,4,50,20,6,2021,03:40,3,6,6069,1,1,0,7,VALBONNE (ROUTE),43.640015,6.980661,3,1,1
202100015917,173Â 216,A01,1,1,2,9,1,-1,-1,-1, -1,-1,2021,52.0,1,2,8,0,1,26,1,,3,VILLENEUVE (ROND POINT DE LA),0,,-1,0,0,1,34,950,3,, -1,1,9,1,70,30,9,2021,11:42,1,29,29039,1,6,0,6,Rond Point Villeneuve,47.8946193932,-3.9138740301,11,3,1
202100033585,141Â 735,B01,1,1,1,1,8,0,-1,-1, -1,-1,2021,22.0,1,1,0,2,3,1,1,,4,VOLNEY,0,,2,2,0,1,1,0,1,, -1,2,0,1,30,18,6,2021,08:22,1,49,49007,2,1,0,3,VOLNEY,47.4616,-0.541,8,2,2
202100001408,199Â 260,B01,2,2,2,0,1,-1,-1,0,0,-1,2021,86.0,2,2,7,0,3,1,1,,3,948,0,D,2,2,0,1,9,160,1,, -1,2,0,1,80,27,12,2021,15:15,1,16,16337,1,1,1,5,Saint-Maurice-des-Lions,45.9513709834,0.7140469551,15,8,3
202100026830,153Â 761,B01,2,2,1,5,3,1,-1,-1, -1,-1,2021,1.0,0,2,0,2,1,1,1,,4,EUROPE (DE 58 A 166 ET 99 A 129),0,,2,4,0,1,(1),(1),1,, -1,1,5,1,50,27,7,2021,20:47,2,29,29019,2,3,0,3,Boulevard de lâEurope,48.41292,-4.50154,20,3,2
202100015664,173Â 669,B01,2,2,1,1,8,0,-1,-1, -1,-1,2021,26.0,2,5,0,2,7,21,1,,3,13,0,,2,1,0,1,1,0,1,, -1,2,5,1,50,2,10,2021,12:40,1,92,92025,2,2,0,3,GENERAL LECLERC (PLACE DU),48.922916,2.252656,12,3,2
202100055846,102Â 054,B01,1,1,1,4,-1,0,-1,-1, -1,-1,2021,37.0,1,1,0,2,7,2,1,,3,PAUL VAILLANT COUTURIER (BOULEVARD),0,,2,2,0,1,0,1,1,, -1,1,0,1,50,8,1,2021,14:24,1,93,93048,2,1,0,3,PAUL VAILLANT COUTURIER (BOULEVARD),48.8659,2.4442,14,2,2
202100009848,184Â 095,A01,1,1,2,0,1,-1,-1,0,0,-1,2021,27.0,0,2,2,0,1,0,1,,3,48,0,D,2,2,0,2,(1),(1),2,, -1,2,0,3,80,1,11,2021,09:30,1,24,24172,1,1,0,6,route de sireuil,44.945361,1.064472,9,1,1
202100000234,201Â 309,A01,3,2,2,5,1,0,-1,0,0,-1,2021,45.0,2,2,6,0,1,1,1,,4,BELLET (RTE DE),0,,2,2,0,1,(1),(1),2,, -1,1,0,1,50,2,8,2021,00:30,5,6,6088,2,1,0,6,BELLET (RTE DE),43.73297,7.216453,0,4,1
202100051747,109Â 200,A01,1,1,2,1,1,-1,-1,0,0,-1,2021,35.0,2,2,3,0,3,1,1,,2,9,-1,B,1,1,0,1,88,143,1,, -1,2,0,3,50,10,2,2021,11:55,1,5,5040,2,1,0,7,D9b1,44.541051,6.286036,11,1,1
202100041555,127Â 328,A01,1,1,1,9,2,6,-1,0,0,-1,2021,44.0,1,1,0,2,2,1,1,,4,AVENUE MARCEAU,0,,2,2,0,2,(1),(1),1,, -1,1,0,1,50,3,5,2021,09:20,1,75,75116,2,2,0,3,AVENUE MARCEAU,48.869676,2.298204,9,2,2
202100026412,154Â 483,A01,1,1,1,1,2,6,-1,-1, -1,-1,2021,53.0,2,1,0,2,7,3,0,,1,A86 EXT,0,,3,8,0,1,40,900,1,, -1,1,0,1,90,30,7,2021,16:45,1,94,94028,1,1,0,6,A86 EXT,48.77621,2.43641,16,2,2
202100049654,112Â 985,A01,1,1,1,0,-1,0,-1,-1, -1,-1,2021,39.0,1,2,0,2,1,1,1,,4,ELSA TRIOLET (AVENUE),0,,2,2,0,1,(1),(1),1,, -1,1,0,1,50,2,3,2021,00:15,5,13,13208,2,1,0,2,ELSA TRIOLET (AVENUE),43.24849,5.388519,0,2,2
202100017594,170Â 173,B01,1,1,1,0,1,0,-1,-1, -1,-1,2021,30.0,2,1,0,0,0,0,1,,1,A86,0,,3,4,0,1,1,200,1,, -1,1,0,1,90,22,9,2021,06:40,3,92,92050,1,1,0,3,A86,48.9089605857,2.2142802499,6,2,2
202100038490,132Â 843,A01,1,1,1,5,2,-1,-1,-1, -1,-1,2021,72.0,1,1,0,2,3,11,1,,1,,0,,3,7,0,1,24,880,1,, -1,1,0,1,90,25,5,2021,16:45,1,33,33318,1,1,0,3,ROCADE A 630,44.78872,-0.62501,16,2,2
202100011955,180Â 352,B01,1,1,1,1,2,6,-1,-1, -1,-1,2021,34.0,2,1,0,2,8,3,1,,1,A4,0,,1,3,0,1,13,600,1,, -1,1,0,1,110,20,10,2021,08:25,1,93,93051,1,1,0,3,A4,48.83615,2.55554,8,2,2
202100022011,162Â 291,B01,1,1,1,5,2,-1,-1,0,0,-1,2021,50.0,3,1,0,2,1,1,5,,4,,-1,,1,2,3,1,(1),(1),1,,6,1,5,6,30,28,8,2021,14:00,1,74,74010,2,6,0,1,82 Bd Costa de Beauregard,45.878018,6.09355,14,2,2