Num_Acc,id_vehicule,num_veh,place,catu,sexe,trajet,secu1,secu2,secu3,locp,actp,etatp,year_acc,victim_age,senc,catv,obs,obsm,choc,manv,motor,occutc,catr,voie,v1,v2,circ,nbv,vosp,prof,pr,pr1,plan,lartpc,larrout,surf,infra,situ,vma,jour,mois,an,hrmn,lum,dep,com,agg_,int,atm,col,adr,lat,long,hour,nb_victim,nb_vehicules
202100048675,114Â 749,Z01,10,3,1,2,0,-1,-1,0,1,1,2021,18.0,3,0,0,1,0,17,6,,4,RUE LÃON JOUHAUX,0,,2,2,1,1,(1),(1),1,, -1,1,6,1,50,9,3,2021,13:15,1,38,38185,2,1,0,6,Rue LÃ©on Jouhaux,45.17599,5.74513,13,2,1
202100048234,115Â 538,C01,2,2,2,5,1,0,-1,-1, -1,-1,2021,62.0,1,2,0,2,4,2,1,,4,PERRIN (RUE FRANCOIS),0,,2,2,0,1,0,0,1,, -1,2,0,1,50,11,3,2021,15:45,1,87,87085,2,1,1,4,PERRIN (RUE FRANCOIS),45.8296,1.24679,15,4,3
202100028866,150Â 122,B01,1,1,1,0,2,8,-1,-1, -1,-1,2021,27.0,1,1,0,2,1,1,1,,3,JEAN JAURES (R),0,,-1,4,0,1,1,0,1,, -1,1,0,1,50,14,7,2021,21:40,5,94,94046,2,3,0,3,Rue Jean JaurÃ¨s,48.79042,2.43511,21,2,2
202100050295,111Â 803,A01,1,1,1,5,1,0,-1,-1,0,-1,2021,24.0,2,2,4,0,1,13,1,,1,AUTOROUTE A115,0,,3,6,0,1,1,700,1,, -1,1,0,1,110,25,2,2021,03:00,3,95,95252,1,1,0,6,A115,48.9867419467,2.2424224657,3,1,1
202100011549,181Â 074,A01,1,1,1,5,8,0,-1,-1, -1,-1,2021,20.0,2,0,0,2,1,1,5,,4,DUMAS (AVENUE GEORGES),0,,2,2,0,1,0,0,1,, -1,2,0,1,50,20,10,2021,19:25,4,87,87085,2,2,1,3,DUMAS (AVENUE GEORGES),45.82696,1.26239,19,2,2
202100052026,108Â 716,B01,1,1,2,0,8,0,-1,-1, -1,-1,2021,19.0,1,1,0,2,7,2,3,,4,BRETEUIL (RUE),0,,1,2,0,2,0,0,1,, -1,2,0,1,50,9,2,2021,05:25,5,13,13206,2,2,0,3,BRETEUIL (RUE),43.29747,5.38077,5,2,2
202100013984,176Â 704,A01,1,1,2,0,1,0,-1,-1, -1,-1,2021,57.0,2,2,0,2,1,1,1,,4,JEAN JAURES (AVENUE),0,,1,1,0,1,0,0,1,, -1,1,0,1,30,26,9,2021,10:00,1,972,97209,2,3,0,3,JEAN JAURES (AVENUE),14.60809,-61.06982,10,2,2
202100054252,104Â 783,B01,1,1,1,0,2,0,-1,-1, -1,-1,2021,30.0,1,1,0,2,2,2,1,,2,R DE PARIS,0,,2,4,0,1,1,0,1,, -1,2,0,1,50,21,1,2021,11:00,1,94,94078,2,1,0,3,PARIS (rue de ),48.747,2.446,11,2,2
202100050328,111Â 741,B01,1,1,1,0,8,0,-1,0,0,-1,2021,13.0,3,1,0,2,1,26,5,,4,PIXERECOURT (ROND POINT DE),0,,2,-1,0,1,(1),(1),1,, -1,1,0,8,50,24,2,2021,17:50,1,54,54339,1,1,0,1,Domaine de PixÃ©rÃ©court,48.7252448522,6.181153357,17,2,2
202100011872,180Â 500,A01,1,1,1,0,2,8,-1,-1, -1,-1,2021,43.0,0,1,0,0,2,1,1,,3,SAINT LEU (ROUTE DE) > 159,0,,2,2,1,1,0,1,1,, -1,2,0,1,50,21,10,2021,08:40,1,93,93031,2,1,0,7,SAINT LEU (ROUTE DE) > 159,48.95642,2.33199,8,1,1
202100053780,105Â 617,A01,1,1,1,1,1,-1,-1,0,0,-1,2021,20.0,2,5,6,2,3,13,1,,2,10,-1,,2,2,0,1,132,400,2,, -1,1,0,1,80,26,1,2021,07:00,2,202,202242,1,1,0,3,Levole Sottane,42.40813,9.531262,7,2,2
202100032012,144Â 525,B01,1,1,2,5,1,-1,-1,0,0,-1,2021,44.0,2,2,0,2,1,1,1,,4,,-1,,2,1,0,2,(1),(1),1,, -1,2,0,1,80,27,6,2021,19:00,1,42,42003,1,1,1,1,898 Route de Montplaisir,46.100469,3.890707,19,2,2
202100055233,103Â 092,A01,1,1,1,4,2,6,-1,-1, -1,-1,2021,45.0,2,1,0,2,2,17,1,,4,LEON GAMBETTA (ALLEES),0,,1,1,0,1,0,0,1,, -1,2,0,1,30,13,1,2021,12:00,1,92,92024,2,1,1,3,LEON GAMBETTA (ALLEES),48.9022,2.30882,12,2,2
202100039950,130Â 177,A01,1,1,2,1,1,0,-1,-1, -1,-1,2021,21.0,1,2,6,2,1,14,1,,4,KENNEDY  BOULEVARD J.F.,0,,1,1,0,1,(1),(1),2,, -1,2,2,1,50,4,5,2021,20:25,5,25,25056,2,1,1,6,KENNEDY  BOULEVARD J.F.,47.23325,5.98295,20,1,1
202100047122,117Â 538,B01,1,1,2,3,2,-1,-1,-1, -1,-1,2021,49.0,0,1,0,2,5,9,0,,7,EPINETTE ROND POINT DE L,0,,1,2,0,1,(1),(1),2,, -1,1,0,1,50,3,3,2021,15:10,1,59,59560,1,9,0,3,EPINETTE ROND POINT DE L,50.54779,3.0487,15,2,2
202100045488,120Â 429,A01,1,1,1,5,2,6,-1,0,0,-1,2021,24.0,1,1,13,0,1,26,1,,3,578,0,D,2,2,0,1,0,150,2,, -1,1,0,3,80,29,3,2021,15:30,1,7,7049,1,1,0,7,Pont des deux eaux / croisement D578-D281,44.838807,4.33121,15,1,1
202100015210,174Â 513,A01,1,1,1,0,1,0,-1,-1, -1,-1,2021,22.0,1,5,0,2,1,0,1,,1,AUTOROUTE A86,0,,1,6,0,3,18,299,2,, -1,2,0,1,70,5,10,2021,13:00,1,93,93027,1,1,1,2,AUTOROUTE A86,48.92839,2.41677,13,2,2
202100034738,139Â 618,A01,1,1,1,0,8,-1,-1,-1, -1,-1,2021,28.0,3,1,0,2,1,17,1,,4,BARABAN                             (R ),0,,2,2,0,1,(1),(1),1,, -1,1,0,1,50,12,6,2021,01:50,5,69,69383,2,2,0,3,BARABAN (R),45.7593496257,4.8678527841,1,2,2
202100048056,115Â 843,A01,1,1,2,9,1,-1,-1,0,0,-1,2021,41.0,1,2,0,2,2,15,1,,2,2,-1,,2,2,0,1,(1),(1),1,, -1,1,0,1,80,15,3,2021,11:50,1,974,97412,1,9,0,5,Chemin des Fleurs,-21.379462,55.658777,11,3,3
202100025118,156Â 756,A01,1,1,1,0,1,0,-1,-1, -1,-1,2021,69.0,2,2,1,0,1,1,1,,4,SISLEY ALFRED,0,,-1,2,0,1,(1),(1),1,, -1,1,0,1,50,28,7,2021,17:25,1,42,42218,2,1,0,1,Rue Alfred Sisley,45.4245876554,4.4176840782,17,2,2
202100007983,187Â 463,A01,10,3,1,0,0,-1,-1,3,3,1,2021,62.0,1,2,0,1,1,1,1,,3,ZONE D'ACTIVITE DU REVEIL MATIN,0,,1,1,0,1,0,100,1,, -1,2,3,1,50,15,11,2021,19:15,3,91,91421,2,1,1,6,ZONE D'ACTIVITE DU REVEIL MATIN,48.71931,2.44193,19,2,1
202100037654,134Â 354,A01,1,1,1,5,1,-1,-1,0,0,-1,2021,19.0,3,2,13,0,9,1,1,,3,523,-1,,2,2,0,2,(1),(1),4,, -1,1,0,3,80,30,5,2021,06:45,1,80,80799,1,1,0,6,D523,49.866711,2.487518,6,1,1
202100010689,182Â 614,A01,10,3,2,0,0,-1,-1,3,3,1,2021,77.0,2,2,0,1,1,16,1,,4,VICTOIRE DU 8 MAI 1945 (AVE DE LA),0,,2,2,0,1,0,0,1,, -1,1,0,1,50,27,10,2021,07:45,2,83,83137,2,4,0,6,VICTOIRE DU 8 MAI 1945 (AVE DE LA),43.13094,5.93791,7,2,1
202100014470,175Â 839,A01,1,1,1,5,1,-1,-1,0,0,-1,2021,37.0,1,2,0,0,0,1,1,,3,32,-1,,2,2,0,1,4,200,1,, -1,1,0,8,80,9,10,2021,20:00,3,80,80486,1,1,0,7,D32,50.048914,1.985779,20,1,1
202100049261,113Â 706,B01,1,1,1,3,1,5,-1,-1, -1,-1,2021,66.0,2,2,0,2,4,1,1,,3,JUIN (AVE DU MARECHAL),0,,2,2,0,2,4,400,1,, -1,2,0,1,70,22,2,2021,15:48,1,30,30007,2,1,1,2,JUIN (AVE DU MARECHAL),44.12824,4.10664,15,2,2
202100037584,134Â 480,A01,1,1,1,0,1,0,-1,0,0,-1,2021,48.0,1,2,0,4,3,15,1,,4,TORPILLEUR SIROCCO (RUE DU),0,,2,2,0,1,(1),(1),1,, -1,1,4,1,50,27,5,2021,16:15,1,63,63113,2,8,0,3,TORPILLEUR SIROCCO (RUE DU),45.80586,3.10672,16,2,2
202100021262,163Â 653,B01,1,1,2,1,8,0,-1,-1, -1,-1,2021,23.0,1,2,0,2,1,1,1,,3,RD.64,0,,2,2,0,1,21,1022,1,, -1,1,0,1,80,1,9,2021,17:30,1,34,34032,1,1,0,5,RD.64,43.3417267347,3.1752848625,17,4,3
202100046551,118Â 564,D01,1,1,1,4,1,0,-1,-1, -1,-1,2021,41.0,1,5,0,2,1,1,1,,1,A55 - Sens Marseille vers Martigues,0,,-1,3,0,3,12,199,1,, -1,1,0,1,90,24,3,2021,14:55,1,13,13071,1,1,0,5,A55 - Sens Marseille vers Martigues,43.38836,5.30499,14,11,7
202100044564,122Â 059,A01,10,3,2,5,0,-1,-1,4,3,1,2021,81.0,1,2,0,1,1,1,1,,4,LECLERC (RUE DU GENERAL),0,,2,2,0,1,(1),(1),1,, -1,1,0,1,50,8,4,2021,16:15,1,54,54274,2,3,0,6,LECLERC (RUE DU GENERAL),48.6690826932,6.1994589721,16,2,1
202100034255,140Â 514,B01,1,1,1,4,8,0,-1,-1, -1,-1,2021,29.0,2,1,0,2,1,1,5,,4,SOLFERINO RUE NÂ°1 - 159,0,,2,2,0,1,(1),(1),1,, -1,1,5,1,50,16,6,2021,00:22,5,59,59350,2,2,0,3,SOLFERINO RUE NÂ°1 - 159,50.630253,3.056648,0,2,2
202100055321,102Â 945,A01,1,1,2,1,8,0,-1,-1, -1,-1,2021,26.0,2,2,0,2,5,16,2,,4,SEMBAT (MARCEL),0,,-1,1,1,1,(1),(1),1,, -1,1,0,1,50,12,1,2021,08:35,1,35,35238,2,2,0,3,SEMBAT (MARCEL),48.09442,-1.67441,8,2,2
202100020077,165Â 738,A01,1,1,2,1,1,0,-1,-1, -1,-1,2021,50.0,1,2,0,1,1,1,1,,4,HOSPITALITE (RUE DE L'),0,,1,1,1,1,(1),(1),1,, -1,1,0,1,30,8,9,2021,16:47,1,37,37261,2,2,0,6,HOSPITALITE (RUE DE L'),47.3902660016,0.6706048719,16,2,1
202100053143,106Â 750,A01,1,1,2,5,2,6,-1,-1, -1,-1,2021,32.0,2,1,0,0,8,26,1,,1,A14,0,,3,4,0,1,3,599,1,, -1,2,0,1,70,30,1,2021,11:45,1,92,92050,1,1,1,7,A14,48.9003097159,2.2081911514,11,1,1
202100048547,114Â 976,A01,1,1,2,2,8,-1,-1,-1, -1,-1,2021,19.0,0,2,9,2,7,15,1,,4,FOUGERES (ROUTE DE),0,,2,4,1,1,(1),(1),1,, -1,2,5,1,50,10,3,2021,14:30,1,35,35238,2,2,1,3,FOUGERES (ROUTE DE),48.1296492366,-1.6429993179,14,2,2
202100016748,171Â 686,A01,10,3,1,0,0,-1,-1,9,B,2,2021,47.0,0,2,0,1,2,2,0,,3,19,0,,2,2,0,1,40,0,1,, -1,1,0,1,50,26,9,2021,16:50,1,69,69197,2,1,0,6,CRISTALE (DE LA) (R),46.06441,4.64686,16,2,1
202100002990,196Â 433,A01,1,1,1,1,1,-1,-1,0,0,-1,2021,34.0,1,2,13,0,0,2,1,,3,130,0,A,2,2,0,1,9,758,1,,5,2,0,3,80,16,12,2021,08:00,3,79,79285,1,1,1,7,La Boucherie,46.553519,-0.342207,8,1,1
202100015690,173Â 624,A01,1,1,1,5,2,6,9,0,0,-1,2021,62.0,3,1,13,0,0,0,1,,3,19,-1,,2,2,0,2,(1),(1),1,, -1,2,0,8,80,2,10,2021,18:45,1,87,87174,1,1,1,7,le breuil,45.775037,1.438726,18,1,1
202100012206,179Â 897,A01,1,1,1,1,2,8,-1,-1, -1,-1,2021,61.0,2,1,0,2,5,3,1,,4,RICHELANDIERE (DE LA) JUSQU'AUX NÃ¸ 87-88,0,,1,2,0,2,(1),(1),2,, -1,1,0,1,50,9,10,2021,18:00,1,42,42218,2,1,0,4,Rue de la RichelandiÃ¨re,45.4369877042,4.4076594942,18,3,3
202100030102,147Â 971,A01,10,3,1,0,0,-1,-1,1,3,1,2021,69.0,2,2,0,1,2,1,1,,2,2,-1,,-1,2,0,1,(1),(1),1,, -1,1,0,1,50,8,7,2021,16:00,1,971,97106,2,1,0,6,Galets,16.168884,-61.77637,16,2,1
202100027684,152Â 230,B01,1,1,1,0,2,6,-1,-1, -1,-1,2021,43.0,1,1,0,2,7,17,1,,4,LEBLOND 2 (RUE MARIUS ET ARY),0,,2,3,1,1,0,0,1,, -1,1,0,1,50,20,7,2021,12:15,1,974,97416,2,1,0,3,LEBLOND 2 (RUE MARIUS ET ARY),-21.33254,55.45626,12,2,2
202100026641,154Â 085,A01,1,1,1,0,1,0,-1,-1, -1,-1,2021,18.0,3,2,12,0,1,19,1,,4,HERRIOT (RUE EDOUARD),0,,4,8,0,1,(1),(1),2,, -1,1,0,4,50,28,7,2021,23:40,4,60,60463,2,6,0,7,Rue Edouard Herriot,49.26857,2.45634,23,1,1
202100044382,122Â 341,A01,1,1,1,5,0,-1,-1,0,0,-1,2021,25.0,3,2,13,0,1,14,1,,7,241,0,M,2,2,0,1,(1),(1),1,, -1,1,0,3,-1,12,4,2021,13:55,1,59,59653,2,1,0,6,Rue du General Koenig,50.559089,2.924321,13,1,1
202100001017,199Â 946,B01,1,1,1,1,1,4,-1,0,0,-1,2021,27.0,1,2,0,0,4,1,1,,2,PORTE DE BEAUREGARD,0,,1,4,0,1,17,100,3,, -1,1,3,1,90,28,12,2021,18:20,5,35,35238,1,1,0,2,N136,48.130988,-1.709292,18,2,2
202100035999,137Â 341,A01,1,1,1,5,1,-1,-1,0,0,-1,2021,69.0,2,2,0,2,1,1,1,,2,122,0,N,2,2,0,1,5,347,1,, -1,1,0,1,50,8,6,2021,11:25,1,15,15122,2,1,0,1,6 Avenue d Aurillac,44.712954,2.199611,11,2,2
202100022993,160Â 529,B01,1,1,2,4,1,-1,-1,-1, -1,-1,2021,35.0,2,2,4,2,5,17,1,,1,A46S   57.400 A 61.010,0,,3,4,0,1,58,0,1,, -1,1,0,1,110,20,8,2021,17:15,1,69,69272,1,1,0,2,A46,45.59539,4.84961,17,2,2
202100054459,104Â 416,A01,10,3,1,9,0,-1,-1,2,3,1,2021,12.0,0,2,0,1,1,0,1,,4,FRANKLIN ROOSEVELT (COURS)   2 A 46,0,,2,1,0,2,(1),(1),1,, -1,1,0,1,50,18,1,2021,13:34,1,13,13201,2,9,0,6,FRANKLIN ROOSEVELT (COURS)   2 A 46,43.298998,5.387582,13,2,1
202100027209,153Â 079,B01,1,1,1,0,2,6,-1,-1, -1,-1,2021,62.0,3,1,0,2,6,16,1,,4,BD DU PDT FRANKLIN ROOSEVELT,0,,3,4,0,1,(1),(1),1,, -1,1,0,1,50,24,7,2021,21:10,5,33,33063,2,9,0,3,Boulevard du PrÃ©sident Franklin Roosevelt,44.81688,-0.57573,21,2,2
202100016906,171Â 402,B01,1,1,2,1,2,0,-1,-1, -1,-1,2021,45.0,1,1,0,2,1,26,1,,4,PELLERINIERE,0,,2,2,0,1,1,0,1,, -1,1,0,1,50,24,9,2021,08:32,1,49,49267,2,1,0,1,PELLERINIERE,47.46048,-0.48786,8,2,2
202100013004,178Â 501,A01,1,1,1,0,2,0,-1,-1, -1,-1,2021,37.0,1,1,0,0,0,3,1,,1,A7-Sens Lyon vers Marseille,0,,1,3,0,2,274,0,1,, -1,1,0,1,90,15,10,2021,19:10,5,13,13215,1,1,0,7,A7-Sens Lyon vers Marseille,43.37766,5.35741,19,1,1
202100036144,137Â 077,A01,1,1,1,5,2,-1,-1,0,0,-1,2021,35.0,1,1,4,0,7,1,1,,3,942,-1,,2,2,0,1,42,400,2,, -1,1,0,1,80,6,6,2021,15:00,1,84,84018,1,1,0,7,gorges de la nesque,44.037072,5.265434,15,1,1
202100026231,154Â 813,A01,1,1,1,5,0,-1,-1,0,0,-1,2021,21.0,1,2,2,0,1,14,1,,3,30,-1,,3,2,0,1,22,(1),1,, -1,1,0,1,90,1,8,2021,00:45,3,3,3119,1,1,0,6,D30,46.70794,3.587732,0,1,1
202100035422,138Â 400,C01,1,1,2,1,1,0,-1,-1, -1,-1,2021,32.0,2,2,0,2,8,1,1,,7,35,0,,1,3,0,1,6,599,1,, -1,1,0,1,90,10,6,2021,07:40,1,67,67447,1,1,0,4,M35,48.6021,7.73184,7,4,4
202100034854,139Â 409,A01,1,1,1,5,1,-1,-1,0,0,-1,2021,36.0,1,2,0,2,1,0,1,,3,619,-1,,2,3,0,1,15,913,1,, -1,1,0,1,90,12,6,2021,22:35,3,10,10114,1,1,0,1,D619,48.511331,3.614674,22,5,2
202100002754,196Â 845,B01,1,1,1,5,0,0,0,0,0,-1,2021,37.0,2,1,0,2,1,1,1,,3,REPUBLIQUE,0,,-1,0,0,1,(1),(1),1,, -1,1,0,1,50,15,12,2021,19:45,5,59,59183,2,1,0,1,REPUBLIQUE,51.0269212283,2.3375934362,19,2,2
202100049366,113Â 525,E01,1,1,2,0,1,0,-1,-1, -1,-1,2021,63.0,1,2,0,2,4,1,1,,4,RECTEUR PINEAU (AVENUE),0,,2,2,0,1,(1),(1),1,, -1,1,0,1,50,2,3,2021,16:10,1,86,86194,2,1,0,4,Avenue du Recteur Pineau,46.57136,0.373214,16,7,5
202100014212,176Â 290,Z01,10,3,1,4,0,-1,-1,4,3,1,2021,52.0,2,2,0,1,1,15,1,,4,RUE BERGER,0,,1,1,0,1,(1),(1),1,, -1,1,0,1,30,9,10,2021,15:30,1,75,75101,2,3,0,6,RUE DU LOUVRE,48.862391,2.341639,15,2,1
202100021595,163Â 031,A01,1,1,1,5,2,-1,-1,-1, -1,-1,2021,17.0,1,1,0,2,1,2,5,,7,CORNEILLE. PONT PIERRE,0,,1,2,3,1,11,800,1,, -1,2,-1,1,50,31,8,2021,15:37,1,76,76540,2,1,1,2,CORNEILLE. PONT PIERRE,49.4358360584,1.0954999924,15,2,2
202100038408,132Â 986,A01,1,1,1,9,2,0,-1,-1, -1,-1,2021,21.0,1,1,0,2,1,13,1,,4,ALBERT DRU (R),0,,2,2,0,2,1,0,3,, -1,1,0,1,50,25,5,2021,20:00,1,94,94004,2,1,0,1,ALBERT DRU (R),48.76,2.51,20,2,2
202100008757,186Â 085,A01,1,1,2,5,2,4,-1,0,0,-1,2021,65.0,1,1,0,2,8,13,5,,4,AVENUE DU DOCTEUR ARNOLD NETTER,0,,2,2,0,1,(1),(1),1,, -1,1,0,1,30,9,11,2021,17:15,2,75,75112,2,3,0,3,AVENUE DU DOCTEUR ARNOLD NETTER,48.84333,2.405384,17,2,2
202100000139,201Â 499,B01,1,1,1,0,2,0,-1,-1, -1,-1,2021,47.0,1,1,0,2,1,1,1,,4,DELON (RUE ANDRE),0,,1,1,0,1,0,0,1,, -1,1,0,1,30,25,11,2021,20:40,5,19,19031,2,1,0,2,DELON (RUE ANDRE),45.1619,1.52389,20,2,2
202100049069,114Â 048,A01,1,1,1,0,8,-1,-1,-1, -1,-1,2021,38.0,0,2,1,0,1,16,1,,4,CANADIENS. AVENUE DES,0,,2,2,0,1,(1),(1),1,, -1,1,-1,6,50,2,3,2021,19:00,5,76,76498,2,1,0,2,Avenue des Canadiens,49.4141899395,1.0741653065,19,2,2
202100055593,102Â 485,B01,7,2,2,5,1,-1,-1,0,0,-1,2021,81.0,2,2,0,2,1,13,1,,3,149,-1,,2,2,0,1,13,330,2,, -1,1,0,1,80,10,1,2021,17:30,2,53,53013,1,1,0,1,la lande,48.321232,-0.232151,17,4,2
202100017277,170Â 771,B01,1,1,1,5,1,-1,-1,0,0,-1,2021,35.0,1,2,0,2,6,1,1,,1,131,-1,A,1,4,0,1,30,500,1,, -1,1,0,1,130,24,9,2021,20:30,3,76,76533,1,1,0,3,A131,49.494649,0.266535,20,2,2
202100006133,190Â 845,A01,10,3,1,5,0,-1,-1,6,1,3,2021,50.0,0,2,0,1,3,17,1,,3,69,-1,,2,2,0,1,(1),(1),1,, -1,1,0,3,80,27,11,2021,17:30,3,84,84028,1,1,0,6,1225 Route de Vaison,44.226235,4.946229,17,2,1
202100034402,140Â 244,B01,1,1,1,1,2,6,-1,-1, -1,-1,2021,36.0,1,1,4,2,1,1,1,,1,A7-Sens Lyon vers Marseille,0,,1,3,0,1,275,799,1,, -1,1,0,1,90,15,6,2021,09:00,1,13,13215,1,1,0,5,A7-Sens Lyon vers Marseille,43.36008,5.36177,9,3,3
202100003763,195Â 030,A01,2,2,2,5,1,-1,-1,0,0,-1,2021,77.0,3,2,13,0,0,14,1,,4,,-1,,2,2,0,2,(1),(1),1,,"5,5",7,0,3,80,10,12,2021,09:40,1,12,12061,1,1,0,6,Mas Del Puech,44.519214,2.865935,9,2,1
202100027631,152Â 332,A01,1,1,1,1,1,-1,-1,0,0,-1,2021,54.0,2,2,13,0,1,13,1,,3,28,-1,,2,2,0,1,1,480,1,, -1,1,0,8,80,23,7,2021,16:15,1,14,14506,1,1,0,6,D28,49.1683207034,-0.8352720737,16,1,1
202100026448,154Â 423,A01,1,1,2,0,2,6,-1,-1, -1,-1,2021,22.0,2,1,0,2,5,9,1,,3,SOULT (AVENUE MARECHAL),0,,3,4,0,1,7,486,1,, -1,1,0,1,50,29,7,2021,15:50,1,64,64102,2,1,0,2,Avenue MarÃ©chal Soult,43.48767,-1.48301,15,2,2
202100039188,131Â 579,A01,1,1,1,1,2,-1,-1,0,0,-1,2021,37.0,1,1,0,2,1,1,1,,3,437,-1,A,2,2,0,1,17,230,3,, -1,2,0,1,80,21,5,2021,06:20,2,25,25280,1,1,1,1,D'la Ranceniere,47.257891,6.944035,6,2,2
202100031060,146Â 222,B01,2,2,1,5,1,8,-1,-1, -1,-1,2021,12.0,1,2,0,2,4,1,1,,4,LE MAUX ( BD JEAN ),0,,3,2,0,1,(1),(1),1,, -1,1,0,1,30,3,7,2021,14:55,1,56,56121,2,1,0,2,LE MAUX ( BD JEAN ),47.75689,-3.38632,14,3,2
202100015579,173Â 838,A01,4,2,1,2,1,0,-1,-1, -1,-1,2021,5.0,1,2,0,2,2,1,1,,4,STRAUSS (RUE JOHANN),0,,2,6,0,1,(1),(1),1,, -1,1,0,1,30,1,10,2021,07:30,1,37,37261,2,2,0,3,STRAUSS (RUE JOHANN),47.3683312815,0.7102780381,7,3,2
202100027829,151Â 972,B01,3,2,1,0,0,-1,-1,0,0,-1,2021,50.0,0,2,0,0,5,24,1,,3,193,0,D,2,2,0,2,5,50,2,, -1,1,9,8,30,22,7,2021,02:20,3,58,58180,1,7,0,6,Les Settons,47.198224,4.0633721,2,6,2
202100030331,147Â 546,B01,1,1,1,0,1,-1,-1,-1, -1,-1,2021,54.0,2,2,14,0,5,20,1,,4,ST CLAIR (DE)                       (GR),0,,1,1,0,1,(1),(1),1,, -1,2,0,1,50,6,7,2021,22:15,5,69,69034,2,1,0,2,ST CLAIR (DE) (GR) (R),45.78685,4.85017,22,2,2
202100042401,125Â 839,B01,1,1,1,5,2,-1,-1,0,0,-1,2021,38.0,0,1,0,2,1,1,1,,3,,-1,,1,2,0,1,30,421,1,, -1,2,0,1,-1,27,4,2021,20:50,5,6,6161,2,1,1,1,Boulevard des Italiens,43.641358,7.142069,20,2,2
202100003109,196Â 208,A01,10,3,1,5,0,-1,-1,2,3,1,2021,73.0,0,2,0,1,1,0,3,,4,TOURCOING (RUE DE),0,,-1,2,0,1,(1),(1),1,, -1,1,0,1,50,13,12,2021,17:45,5,59,59426,2,1,0,6,TOURCOING (RUE DE),50.746188,3.157661,17,2,1
202100028642,150Â 518,B01,1,1,1,5,1,0,-1,0,0,-1,2021,20.0,3,2,0,2,8,1,1,,4,CUVIER (AV. GEORGES),0,,2,2,0,1,0,0,1,, -1,1,0,1,50,15,7,2021,17:53,1,47,47001,2,2,0,3,CUVIER (AV. GEORGES),44.19548,0.63207,17,2,2
202100020475,165Â 037,A01,1,1,1,5,2,0,-1,-1, -1,-1,2021,64.0,1,1,0,0,1,1,5,,4,CHEVREUIL (RUE EUGENE),0,,2,1,0,1,(1),(1),1,, -1,1,5,1,50,3,6,2021,12:10,1,37,37214,2,6,0,7,CHEVREUL (RUE EUGENE),47.4245015794,0.6593888998,12,1,1
202100049252,113Â 722,A01,1,1,2,1,2,6,-1,-1, -1,-1,2021,55.0,3,1,0,9,0,20,1,,4,VOLNEY,0,,2,2,0,1,1,0,1,, -1,2,0,1,50,3,3,2021,09:50,1,49,49007,2,1,0,6,VOLNEY,47.46366,-0.54595,9,1,1
202100008664,186Â 254,A01,2,2,1,5,1,-1,-1,-1, -1,-1,2021,22.0,2,2,13,0,2,2,1,,1,AUTOROUTE A 62,0,,3,4,0,1,3,405,1,, -1,2,0,1,130,10,11,2021,04:00,3,33,33080,1,1,1,6,,44.744317,-0.537784,4,2,1
202100010260,183Â 364,C01,1,1,2,1,1,4,-1,-1,0,-1,2021,51.0,1,2,0,2,4,2,1,,1,AUTOROUTE A1,0,,3,8,0,1,22,500,1,, -1,2,0,1,110,29,10,2021,19:15,2,95,95154,1,1,1,4,A1,49.03895,2.5423,19,5,4
202100009404,184Â 892,B01,1,1,1,1,8,-1,-1,-1, -1,-1,2021,29.0,3,2,0,2,0,1,0,,4,FELIX FAURE                         (AV),0,,2,3,2,1,(1),(1),1,, -1,2,0,1,50,4,11,2021,10:00,1,69,69383,2,2,0,3,FELIX FAURE (AV),45.75289,4.85334,10,2,2
202100043463,123Â 972,A01,1,1,1,9,2,6,-1,0,0,-1,2021,54.0,2,1,14,0,1,14,1,,4,RUE DE LA CHAPELLE,0,,2,6,0,1,(1),(1),1,, -1,1,0,1,50,19,4,2021,14:18,1,75,75118,2,1,0,6,RUE DE LA CHAPELLE,48.897861,2.359088,14,1,1
202100040788,128Â 706,A01,1,1,2,5,1,-1,-1,0,0,-1,2021,74.0,1,2,0,2,1,2,1,,1,10,-1,,1,5,0,1,192,0,1,, -1,1,7,1,70,8,5,2021,16:20,1,37,37153,1,1,0,2,A10 - PEAGE DE MONNAIE,47.4904767337,0.8195414544,16,4,2
202100031879,144Â 770,A01,10,3,2,2,0,-1,-1,4,3,1,2021,15.0,2,2,0,1,1,1,1,,3,HUIT MAI 1945   AVENUE DU,0,,3,4,0,1,3,717,1,, -1,2,0,1,50,28,6,2021,07:50,1,17,17200,2,1,1,6,HUIT MAI 1945   AVENUE DU,46.19014,-1.14738,7,2,1
202100028576,150Â 639,B01,1,1,2,5,0,-1,-1,0,0,-1,2021,7.0,2,1,0,2,8,26,5,,3,0,-1,,2,2,0,1,(1),(1),1,, -1,1,0,1,50,17,7,2021,19:10,1,33,33366,2,9,0,3,Avenue Jules Ferry,45.001262,-0.429945,19,2,2
202100048492,115Â 083,B01,2,2,2,0,1,0,-1,-1, -1,-1,2021,45.0,1,2,0,2,1,2,1,,1,A51-Sens Marseille vers Aix en Provence,0,,1,3,0,1,2,0,1,, -1,1,0,1,90,10,3,2021,18:30,1,13,13071,1,1,0,2,A51-Sens Marseille vers Aix en Provence,43.4097,5.3639,18,6,2