Num_Acc,id_vehicule,num_veh,place,catu,sexe,trajet,secu1,secu2,secu3,locp,actp,etatp,year_acc,victim_age,senc,catv,obs,obsm,choc,manv,motor,occutc,catr,voie,v1,v2,circ,nbv,vosp,prof,pr,pr1,plan,lartpc,larrout,surf,infra,situ,vma,jour,mois,an,hrmn,lum,dep,com,agg_,int,atm,col,adr,lat,long,hour,nb_victim,nb_vehicules
202100006696,189Â 812,A01,10,3,1,0,0,-1,-1,0,3,1,2021,80.0,0,1,0,1,1,26,0,,4,CHARLES NEDELEC (BOULEVARD),0,,2,2,0,2,0,0,1,, -1,1,0,1,50,23,11,2021,13:45,1,13,13203,2,1,0,1,CHARLES NEDELEC (BOULEVARD),43.30181,5.37582,13,2,1
202100036134,137Â 093,B01,1,1,1,5,0,-1,-1,0,0,-1,2021,10.0,3,1,0,2,2,19,5,,4,,-1,,2,2,0,1,(1),(1),1,,4,1,0,1,50,6,6,2021,11:50,1,82,82031,2,2,0,3,3 chemin de Ronde,44.0286097031,1.0405482352,11,2,2
202100032040,144Â 478,B01,1,1,1,0,1,-1,-1,0,0,-1,2021,38.0,1,2,0,2,3,2,1,,1,35,0,A,3,4,0,1,432,0,1,, -1,1,0,1,130,28,6,2021,08:30,1,67,67125,1,1,0,2,A35,48.356591,7.499456,8,2,2
202100031543,145Â 374,A01,1,1,2,1,1,-1,-1,-1,0,-1,2021,21.0,1,2,0,0,0,21,1,,2,RN 104,0,,2,4,0,1,1,299,3,, -1,1,0,1,110,30,6,2021,21:15,1,95,95061,1,1,0,7,RN 104,49.06752,2.25581,21,1,1
202100047438,116Â 973,A01,1,1,1,2,1,-1,-1,0,0,-1,2021,20.0,1,2,14,0,5,1,1,,1,10,0,A,3,4,0,1,347,572,1,, -1,1,0,3,110,19,3,2021,19:10,2,79,79246,1,1,0,6,,46.414103,-0.125098,19,1,1
202100050521,111Â 392,A01,1,1,1,0,2,6,-1,0,0,-1,2021,18.0,3,1,0,2,3,0,1,,4,,-1,,2,2,0,2,5,931,4,, -1,1,0,1,50,24,2,2021,11:50,1,10,10318,2,1,0,3,18 rue du grand prÃ©,48.412155,3.665603,11,2,2
202100043691,123Â 587,A01,1,1,1,5,6,2,9,0,0,-1,2021,23.0,1,1,13,0,0,1,1,,3,57,-1,,2,2,0,1,2,600,2,, -1,1,0,3,80,17,4,2021,17:30,1,10,10209,1,1,0,7,route dÃ©partementale 57,48.250426,4.273124,17,1,1
202100038308,133Â 163,A01,1,1,1,4,1,-1,-1,-1,0,-1,2021,42.0,2,4,0,2,1,1,1,,2,RN 104,0,,3,4,0,1,2,299,1,, -1,1,0,1,110,26,5,2021,11:00,1,95,95151,1,1,0,2,RN 104,49.0637,2.268,11,2,2
202100033401,142Â 062,B01,2,2,2,0,1,-1,-1,-1, -1,-1,2021,71.0,1,2,0,2,4,9,1,,3,LOUVOIS (ROUTE DE) CORA,0,,1,2,0,1,18,170,2,, -1,1,0,1,50,18,6,2021,11:00,1,51,51172,2,6,0,4,Route de Louvois,49.2096611353,4.0509456396,11,4,3
202100044348,122Â 400,A01,1,1,1,5,1,0,-1,-1, -1,-1,2021,46.0,1,2,0,2,7,2,1,,1,AUTOROUTE A21,0,,3,3,0,1,22,500,1,, -1,1,0,1,110,10,4,2021,20:10,3,62,62274,1,1,0,6,AUTOROUTE A21,50.42718,2.987165,20,1,1
202100048419,115Â 209,A01,1,1,1,1,8,0,-1,-1, -1,-1,2021,26.0,1,1,1,2,8,24,1,,4,EMILE ZOLA (RUE),0,,1,1,0,1,(1),(1),1,, -1,1,0,6,50,11,3,2021,20:30,3,13,13209,2,1,0,3,EMILE ZOLA (RUE),43.247192,5.401412,20,2,2
202100051674,109Â 329,A01,2,2,2,0,1,0,-1,-1, -1,-1,2021,66.0,3,2,0,2,1,1,1,,3,ATLANTIQUE  AVENUE DE L',0,,2,4,0,1,38,550,1,, -1,1,0,1,90,11,2,2021,13:50,1,49,49007,1,1,0,2,ATLANTIQUE  AVENUE DE L',47.4671,-0.5835,13,3,2
202100041505,127Â 421,A01,1,1,1,0,2,0,-1,-1, -1,-1,2021,16.0,1,1,0,2,6,17,1,,3,AV HENRI BARBUSSE,0,,2,2,0,1,0,100,1,, -1,1,0,1,50,3,5,2021,15:20,1,91,91657,2,9,0,2,AV HENRI BARBUSSE,48.7008,2.42236,15,2,2
202100010080,183Â 681,A01,1,1,1,0,1,-1,-1,0,0,-1,2021,24.0,0,2,13,0,1,1,1,,4,1,0,C,2,2,0,1,(1),(1),1,, -1,2,0,1,80,1,11,2021,00:00,3,54,54010,1,1,1,6,c1,48.5557903639,5.8220243456,0,1,1
202100003605,195Â 303,C01,1,1,1,4,1,-1,-1,-1, -1,-1,2021,55.0,1,5,3,2,3,1,1,,3,RD457,0,,2,3,0,2,4,900,2,, -1,2,0,1,70,8,12,2021,18:25,2,70,70388,1,1,0,5,RD457,47.60741,6.12929,18,4,4
202100002253,197Â 755,A01,10,3,2,3,0,-1,-1,4,3,1,2021,83.0,1,2,0,1,2,9,1,,2,PLOMB DU CANTAL (AVENUE DU),0,,3,4,0,2,48,279,1,, -1,1,0,1,50,17,12,2021,17:00,1,15,15014,2,1,0,6,PLOMB DU CANTAL (AVENUE DU),44.9127,2.4347,17,2,1
202100048055,115Â 846,A01,1,1,1,5,8,-1,-1,0,0,-1,2021,71.0,2,2,4,0,8,2,2,,1,11,0,,3,5,0,1,80,400,1,, -1,1,0,1,130,14,3,2021,16:55,1,28,28041,1,1,0,6,A11,48.301767,1.293554,16,2,1
202100027982,151Â 687,A01,1,1,2,5,2,8,-1,-1, -1,-1,2021,36.0,2,1,13,9,1,14,5,,4,HALAGE (CHEMIN) BORDS DE MARNE,0,,-1,0,1,1,1,0,1,, -1,1,9,5,30,20,7,2021,08:39,1,93,93050,2,1,1,1,Chemin de Halage,48.853727,2.530944,8,2,2
202100025243,156Â 534,C01,1,1,1,5,1,4,-1,-1, -1,-1,2021,52.0,1,2,0,2,4,1,1,,1,A86 INT,0,,1,3,0,1,38,400,1,, -1,1,0,1,90,3,8,2021,23:54,3,94,94028,1,1,0,4,A86 INT,48.7951036154,2.442327081,23,3,3
202100008644,186Â 295,A01,1,1,1,5,1,-1,-1,0,0,-1,2021,19.0,2,2,0,0,2,5,1,,3,43,0,D,2,2,0,2,4,500,1,, -1,1,0,1,80,10,11,2021,19:30,3,85,85090,1,1,0,1,La VilniÃ¨re - D43,46.81283,-0.818406,19,2,2
202100010307,183Â 280,A01,10,3,2,0,0,-1,-1,3,3,1,2021,18.0,1,2,0,1,3,9,1,,4,PETIT (RUE AMBROISE),0,,2,1,0,1,(1),(1),1,, -1,2,6,1,50,29,10,2021,18:10,5,51,51454,2,3,1,7,Rue Ambroise Petit,49.2418586986,4.0410338625,18,2,1
202100052885,107Â 186,A01,1,1,1,1,2,0,-1,-1, -1,-1,2021,34.0,3,1,0,0,8,15,1,,4,MOURGAULT (RUE JULES),0,,2,2,0,1,(1),(1),1,, -1,2,0,1,50,1,2,2021,07:40,2,37,37261,2,3,0,7,MOURGAULT (RUE JULES),47.3814764052,0.7027547881,7,1,1
202100006601,189Â 997,A01,1,1,1,5,2,6,-1,-1, -1,-1,2021,23.0,3,1,0,2,2,18,1,,4,LOUIS BLERIOT (RUE),0,,3,1,1,1,(1),(1),1,, -1,1,0,1,50,22,11,2021,16:35,1,78,78440,2,1,0,3,LOUIS BLERIOT (RUE),48.976533,1.917486,16,2,2
202100054896,103Â 685,B01,1,1,1,0,2,0,-1,-1, -1,-1,2021,22.0,1,1,0,2,1,1,1,,4,,0,,2,2,0,1,(1),(1),1,, -1,1,0,1,50,15,1,2021,19:30,5,44,44162,2,1,0,1,AVENUE DE LA JONCQUIERE,47.21786,-1.60616,19,2,2
202100041282,127Â 814,A01,1,1,1,9,1,0,-1,-1, -1,-1,2021,21.0,3,2,9,0,1,26,1,,4,PONT CHER (RUE DU),0,,2,2,0,1,(1),(1),1,, -1,2,0,3,50,4,5,2021,22:30,5,37,37122,2,1,0,7,PONT CHER (RUE DU),47.3627103975,0.6740149856,22,2,1
202100001894,198Â 411,A01,10,3,1,4,0,-1,-1,5,9,1,2021,51.0,1,2,15,1,2,15,0,,4,SAINTE MARGUERITE (BOULEVARD),0,,2,7,3,1,0,0,3,, -1,1,0,1,50,21,12,2021,10:15,1,13,13209,2,1,0,1,SAINTE MARGUERITE (BOULEVARD),43.2627086277,5.4123867165,10,3,2
202100045645,120Â 148,A01,1,1,1,1,2,0,-1,-1, -1,-1,2021,30.0,1,1,0,2,3,26,5,,3,PAUL VAILLANT COUTURIER (AV),0,,-1,4,0,1,1,0,1,, -1,1,0,1,50,1,4,2021,11:30,1,94,94076,2,9,0,3,PAUL VAILLANT COUTURIER (AV),48.79462,2.36025,11,2,2
202100006592,190Â 015,A01,1,1,1,5,2,8,-1,-1, -1,-1,2021,41.0,1,1,0,2,1,21,1,,3,10EME DRAGONS (AVENUE DU),0,,2,2,0,1,0,620,1,, -1,1,0,1,50,19,11,2021,14:35,1,82,82121,2,1,0,5,10EME DRAGONS (AVENUE DU),44.02322,1.34438,14,3,3
202100031244,145Â 894,A01,2,2,1,5,2,6,-1,0,0,-1,2021,30.0,2,1,0,2,1,17,1,,3,992,0,,2,2,0,1,35,475,3,, -1,2,0,1,80,3,7,2021,18:50,1,1,1138,1,1,0,1,,45.83173,5.790396,18,3,2
202100022714,160Â 998,B01,2,2,1,5,1,0,-1,-1, -1,-1,2021,22.0,1,2,0,2,6,2,1,,4,DUBOIS ( BOULEVARD DU DOCTEUR ),0,,2,2,0,1,(1),(1),1,, -1,1,0,1,50,24,8,2021,05:11,5,44,44055,2,1,0,2,DUBOIS ( BOULEVARD DU DOCTEUR ),47.280777,-2.383976,5,7,2
202100041235,127Â 893,B01,1,1,1,0,2,6,-1,-1, -1,-1,2021,35.0,2,1,0,2,1,2,1,,1,AUTOROUTE A3,0,,3,10,0,1,6,599,1,, -1,2,0,1,90,6,5,2021,15:15,1,93,93053,1,1,1,2,AUTOROUTE A3,48.89382,2.47191,15,2,2
202100046795,118Â 127,B01,1,1,1,9,2,6,-1,-1, -1,-1,2021,50.0,1,1,0,2,8,10,5,,4,PETIT LEROY (R DU),0,,2,2,0,1,0,0,1,, -1,1,0,1,30,24,3,2021,17:20,1,94,94021,2,9,0,6,PETIT LEROY (R DU),48.76742,2.3598,17,2,2
202100040493,129Â 225,Z01,10,3,1,2,8,8,8,3,3,1,2021,11.0,0,2,0,1,1,1,0,,4,,0,,1,1,0,1,(1),(1),1,, -1,2,0,1,50,10,5,2021,13:15,1,6,6088,2,1,1,6,Rue Smolett,43.70371,7.28363,13,2,1
202100015211,174Â 511,A01,2,1,1,0,1,8,-1,-1, -1,-1,2021,35.0,2,1,0,2,1,3,1,,1,AUTOROUTE A3,0,,3,6,0,1,7,900,3,, -1,2,0,1,90,5,10,2021,11:00,1,93,93010,1,1,1,2,AUTOROUTE A3,48.9063225808,2.4723963713,11,2,2
202100016665,171Â 840,A01,1,1,2,9,1,0,-1,0,0,-1,2021,77.0,1,2,1,0,1,9,1,,7,ALPES AVENUE DES,0,,3,4,1,1,(1),(1),1,, -1,1,0,1,50,24,9,2021,13:36,1,6,6027,2,1,0,5,ALPES AVENUE DES,43.660024,7.138986,13,3,3
202100031277,145Â 836,A01,10,3,1,5,0,-1,-1,2,3,1,2021,76.0,2,2,0,1,3,1,1,,3,323,-1,,2,2,0,1,100,260,1,, -1,1,0,1,30,2,7,2021,12:15,1,72,72025,2,1,0,6,35 Rue du Maine,47.689378,-0.168673,12,2,1
202100017980,169Â 486,A01,1,1,1,0,2,8,-1,-1, -1,-1,2021,25.0,1,1,0,9,8,15,1,,3,MONTAGNE (ROUTE DE LA),0,,2,2,0,2,(1),(1),2,, -1,9,0,1,50,19,9,2021,16:20,1,974,97411,1,1,0,6,MONTAGNE (ROUTE DE LA),-20.900165,55.4628124,16,1,1
202100000738,200Â 395,A01,10,3,2,0,0,-1,-1,9,3,1,2021,49.0,3,5,6,1,4,26,1,,9,Z I LES MANGLES,0,,-1,0,0,1,1,0,1,, -1,1,9,8,10,22,12,2021,11:20,1,972,97213,1,9,0,6,Z I LES MANGLES,14.61485,-61.01371,11,2,1
202100009126,185Â 398,A01,1,1,1,1,2,6,-1,-1, -1,-1,2021,33.0,2,1,0,2,1,0,1,,3,FONTAINEBLEAU (AV DE),0,,2,2,0,1,0,0,1,, -1,1,0,1,50,5,11,2021,21:20,5,94,94076,2,2,0,3,Avenue de Fontainebleau,48.80715,2.36314,21,2,2
202100027345,152Â 844,A01,1,1,1,0,2,6,-1,-1, -1,-1,2021,39.0,0,1,0,2,1,2,0,,4,STALINGRAD (PL DE) MAISON ASS ET PALAIS,0,,3,2,0,2,0,0,1,, -1,1,9,1,50,23,7,2021,17:20,1,72,72181,2,1,0,3,STALINGRAD (PL DE) MAISON ASS ET PALAIS,48.00032,0.19244,17,2,2
202100029415,149Â 201,A01,1,1,1,5,1,0,-1,-1, -1,-1,2021,49.0,3,2,10,0,1,16,1,,3,MONTAGNE (ROUTE DE LA),0,,2,2,0,2,(1),(1),3,, -1,1,0,8,70,10,7,2021,20:00,3,974,97411,1,1,0,6,MONTAGNE (ROUTE DE LA),-20.88788,55.44107,20,1,1
202100043767,123Â 455,A01,1,1,2,5,1,8,-1,-1, -1,-1,2021,20.0,2,2,0,2,1,2,1,,4,LANVEUR ( ET PL. DE ),0,,2,2,0,1,(1),(1),1,, -1,1,5,1,50,14,4,2021,14:35,1,56,56121,2,2,0,2,LANVEUR ( ET PL. DE ),47.74308,-3.38908,14,2,2
202100019856,166Â 146,A01,10,3,1,0,8,8,-1,3,5,1,2021,9.0,3,5,0,1,1,1,1,,4,GENESLAY FELIX (AV) NÂ° IMP 385 ET plus,0,,3,4,0,1,0,0,1,, -1,1,0,1,50,9,9,2021,17:50,1,72,72181,2,1,0,6,GENESLAY FELIX (AV) NÂ° IMP 385 ET plus,47.97584,0.20711,17,2,1
202100048196,115Â 608,B01,1,1,1,5,0,-1,-1,0,0,-1,2021,15.0,3,1,0,2,1,26,0,,3,,0,D,2,2,0,1,14,800,1,, -1,2,0,1,70,7,1,2021,17:30,2,88,88481,2,3,0,3,dÃ©partementale 44 rue du cone,48.0990175406,6.3899713755,17,2,2
202100030908,146Â 514,B01,1,1,1,5,0,-1,-1,0,0,-1,2021,14.0,2,1,0,0,4,0,5,,3,2,-1,,2,2,0,1,54,900,1,, -1,1,0,1,80,28,6,2021,12:30,1,2,2712,1,1,0,2,Ferme de Camp,49.2017614438,3.5834821902,12,2,2
202100049959,112Â 449,B01,1,1,1,1,8,-1,-1,0,0,-1,2021,43.0,2,2,0,2,1,5,1,,3,19,0,D,2,2,0,1,(1),(1),3,, -1,1,0,1,70,26,2,2021,19:50,3,91,91041,1,1,0,1,D19,48.566778,2.225053,19,2,2
202100017651,170Â 069,B01,3,2,2,0,1,8,-1,-1, -1,-1,2021,83.0,3,2,0,2,1,0,1,,2,RN 154,0,,2,2,0,1,0,0,1,, -1,1,0,1,80,21,9,2021,21:50,3,28,28404,1,1,0,1,RN 154,48.7126229119,1.3684844971,21,3,2
202100008685,186Â 212,B01,1,1,1,4,1,-1,-1,-1, -1,-1,2021,41.0,3,2,0,2,3,1,2,,4,25EME REGIMENT DE TIRAILLEURS SENEGA(AV),0,,2,6,0,2,(1),(1),1,, -1,1,0,1,50,8,11,2021,11:30,1,69,69389,2,1,0,3,Rue de Bourgogne,45.78114,4.80041,11,2,2
202100053053,106Â 892,A01,1,1,1,5,2,-1,-1,-1, -1,-1,2021,16.0,2,1,0,2,1,1,1,,3,MARECHAL LECLERC (AV DU),0,,2,2,0,2,32,732,1,, -1,1,0,1,50,30,1,2021,16:35,1,50,50218,2,1,0,2,MARECHAL LECLERC (AV DU),48.837995,-1.58635,16,2,2
202100023463,159Â 685,A01,2,2,1,5,2,0,-1,-1, -1,-1,2021,17.0,1,1,0,2,1,2,1,,3,AV DE VERSAILLES ,0,,3,4,0,2,1,0,1,, -1,1,0,1,50,19,8,2021,18:20,1,94,94073,2,1,0,3,Avenue de Versailles,48.75831,2.3929,18,3,2
202100050608,111Â 228,Z01,10,3,1,3,0,-1,-1,3,3,2,2021,6.0,2,1,0,1,7,1,1,,3,LENINE VLADIMIR ILITCH AVENUE,0,,1,2,1,1,0,0,1,, -1,1,9,1,50,22,2,2021,14:14,1,92,92050,2,7,0,6,LENINE VLADIMIR ILITCH AVENUE,48.8871498993,2.1998615679,14,3,1
202100032282,144Â 057,B01,1,1,1,1,2,6,-1,-1, -1,-1,2021,21.0,3,1,0,2,6,1,1,,7,RD 86 DE MONTS Ã  TOURS,0,,2,2,0,1,(1),(1),1,, -1,1,0,1,50,25,6,2021,08:57,1,37,37122,2,6,0,6,RD 86 DE MONTS Ã  TOURS,47.3229642194,0.6618471444,8,2,2
202100036927,135Â 697,A01,1,1,1,0,2,6,-1,0,0,-1,2021,21.0,2,1,16,0,1,1,1,,3,100,0,D,2,2,0,1,7,200,2,, -1,1,0,3,80,2,6,2021,21:35,2,44,44025,1,1,0,7,Bessac,47.442809,-1.948464,21,1,1
202100016840,171Â 520,A01,10,3,1,2,8,8,-1,2,5,1,2021,15.0,1,2,0,1,3,26,1,,3,AVENUE DE PROVENCE,0,,3,2,0,1,117,790,1,, -1,1,0,1,50,24,9,2021,14:30,1,83,83061,2,1,0,6,AVENUE DE PROVENCE,43.427542,6.745957,14,2,1
202100046747,118Â 212,A01,6,2,1,4,1,-1,-1,-1, -1,-1,2021,22.0,1,5,8,0,1,1,1,,7,JEAN JAURES                         (AV),0,,3,2,0,1,3,300,1,, -1,1,4,6,50,24,3,2021,23:39,5,69,69275,2,8,0,6,JEAN JAURES (AV),45.7699851862,4.9527901411,23,3,1
202100006508,190Â 169,A01,1,1,1,1,2,6,-1,0,0,-1,2021,19.0,1,1,6,0,2,1,1,,3,,0,,2,2,0,1,0,171,1,, -1,1,0,1,50,29,10,2021,12:00,1,50,50394,2,1,0,6,Rue des Forges,49.188309,-1.410075,12,1,1
202100010551,182Â 868,A01,10,3,1,9,0,-1,-1,3,3,1,2021,53.0,1,2,0,1,1,1,1,,4,RUE ORFILA,0,,2,2,0,2,(1),(1),1,, -1,1,0,1,30,28,10,2021,17:50,1,75,75120,2,2,1,6,RUE ORFILA,48.86543,2.394886,17,2,1
202100006684,189Â 835,A01,1,1,1,0,1,0,-1,-1, -1,-1,2021,22.0,2,2,9,9,3,11,1,,4,,0,,2,2,0,1,(1),(1),1,, -1,2,9,1,50,5,10,2021,00:10,5,25,25388,2,4,1,3,LECLERC (RUE DU GENERAL),47.51399,6.79698,0,4,2
202100026150,154Â 951,A01,1,1,1,4,2,6,-1,0,0,-1,2021,45.0,1,1,4,0,1,13,1,,4,PORTE DE SAINT CLOUD,0,,1,4,0,1,(1),(1),1,, -1,1,1,1,70,30,7,2021,11:20,1,75,75116,2,4,0,6,PORTE DE SAINT CLOUD,48.841434,2.254139,11,1,1
202100021470,163Â 264,B01,1,1,1,0,1,0,-1,-1, -1,-1,2021,41.0,3,3,0,2,2,1,1,1.0,4,MARÃCHAL JUIN (BOULEVARD),0,,3,4,0,2,0,0,1,, -1,1,8,6,50,31,8,2021,16:30,1,13,13204,2,3,0,3,MARÃCHAL JUIN (BOULEVARD),43.3102,5.40331,16,2,2
202100046004,119Â 524,A01,1,1,1,5,1,-1,-1,0,0,-1,2021,23.0,1,2,1,0,1,1,1,,3,384,-1,A,2,2,0,2,1,700,1,, -1,1,0,4,70,30,3,2021,22:20,4,52,52327,2,1,0,6,route dÃ©partementale 384A,48.617658,4.892789,22,1,1
202100019464,166Â 848,A01,10,3,2,9,8,8,-1,0,0,-1,2021,4.0,1,2,0,1,1,19,0,,3,GRAND CAMP(SECTION),0,,-1,1,0,1,(1),(1),1,, -1,1,0,1,50,10,9,2021,10:00,1,971,97101,1,1,0,6,Boulevard de la Concorde,16.2500572902,-61.5326079726,10,2,1
202100032850,143Â 049,A01,10,3,1,5,0,-1,-1,5,3,1,2021,64.0,1,2,0,1,1,1,1,,4,KENNEDY (BD JOHN-FITZGERALD),0,,2,4,0,1,0,0,1,, -1,2,0,1,50,20,6,2021,11:20,1,66,66136,2,1,0,6,KENNEDY (BD JOHN-FITZGERALD),42.68708,2.9061,11,2,1
202100033908,141Â 151,B01,1,1,1,9,8,0,-1,-1, -1,-1,2021,42.0,1,0,0,2,1,1,3,,3,992,0,,-1,1,2,2,0,0,1,, -1,2,6,5,50,17,6,2021,21:05,1,92,92025,2,9,1,3,CHARLES DE GAULLE (BD),48.91439,2.229345,21,2,2
202100052916,107Â 133,A01,2,2,2,2,8,0,-1,0,0,-1,2021,19.0,2,1,8,0,1,14,3,,4,BOULEVARD SAINT DENIS,0,,1,3,1,1,(1),(1),1,, -1,1,-1,5,50,1,2,2021,17:00,2,75,75110,2,4,0,6,BOULEVARD SAINT DENIS,48.8696074962,2.3530065561,17,2,1
202100014185,176Â 338,A01,1,1,1,5,8,0,-1,-1, -1,-1,2021,28.0,2,1,0,2,3,26,6,,4,JEAN JAURES (PLACE),0,,2,2,0,1,0,0,3,, -1,1,0,8,50,9,10,2021,23:20,5,13,13206,2,9,0,3,JEAN JAURES (PLACE),43.29505,5.38608,23,2,2
202100028638,150Â 523,A01,1,1,2,5,2,0,-1,-1, -1,-1,2021,65.0,2,1,0,0,0,1,1,,4,GAMBETTA (RUE),0,,2,2,0,1,0,0,1,, -1,1,0,1,50,13,7,2021,20:05,1,49,49328,2,1,0,7,GAMBETTA (RUE),47.2597451305,-0.0821989775,20,1,1
202100007567,188Â 215,A01,1,1,1,5,8,0,-1,-1, -1,-1,2021,20.0,2,1,0,2,2,1,1,,3,ROUTE DEPARTEMENTALE 15,0,,2,4,0,2,2,0,1,, -1,2,2,1,50,17,11,2021,18:05,3,972,97213,1,8,1,3,ROUTE DEPARTEMENTALE 15,14.60906,-61.0057,18,2,2
202100033772,141Â 404,A01,1,1,1,0,8,0,-1,-1, -1,-1,2021,21.0,3,1,0,2,8,15,3,,3,ZEPHIR (ROCADE),0,,2,2,2,1,2,950,1,, -1,1,5,1,50,17,6,2021,16:15,1,973,97302,2,3,0,3,ZEPHIR (ROCADE),4.93806,-52.30635,16,2,2
202100032759,143Â 217,A01,1,1,2,0,1,-1,-1,0,0,-1,2021,23.0,1,2,8,0,1,1,1,,4,,-1,,2,1,0,1,(1),(1),1,,3,1,0,8,90,23,6,2021,12:45,1,72,72248,1,1,0,6,Chemin de Saint-Mars-d'OutillÃ©,47.84637,0.400642,12,1,1
202100001268,199Â 493,A01,1,1,2,0,8,0,-1,-1, -1,-1,2021,24.0,3,2,0,0,2,26,1,,4,CAYENNE LES HAUTS (CHEMIN DE LA),0,,2,2,0,2,(1),(1),1,, -1,1,0,1,30,25,12,2021,07:45,1,974,97411,2,1,0,7,CAYENNE LES HAUTS (CHEMIN DE LA),-20.9165,55.398,7,2,1
202100031580,145Â 306,A01,1,1,1,5,2,0,-1,-1, -1,-1,2021,16.0,0,1,0,2,1,13,1,,4,SOCIETE FRANCAISE (RUE DE LA),0,,2,2,0,1,1,0,1,, -1,1,0,1,50,29,6,2021,18:30,1,18,18279,2,1,0,1,SOCIETE FRANCAISE (RUE DE LA),47.22,2.05,18,2,2
202100001739,198Â 679,B01,1,1,2,1,1,8,-1,0,0,-1,2021,33.0,2,2,0,2,6,9,1,,4,PORTE DE SAINT CLOUD,0,,1,4,0,1,10,400,1,, -1,1,0,1,70,20,12,2021,12:15,1,75,75116,2,4,0,3,PORTE DE SAINT CLOUD,48.835095973,2.2601526976,12,2,2
202100049942,112Â 475,A01,1,1,1,5,0,-1,-1,0,0,-1,2021,21.0,3,1,0,0,1,1,1,,9,,-1,,-1,1,0,1,(1),(1),1,, -1,1,0,8,-1,28,2,2021,16:20,1,45,45025,1,1,0,7,Rue de la Cave,48.169577,2.031704,16,1,1
202100040990,128Â 352,B01,1,1,1,5,0,-1,-1,0,0,-1,2021,13.0,2,1,0,2,4,1,5,,3,15,0,,2,2,0,1,9,574,3,,4,1,0,1,50,8,5,2021,15:10,1,89,89464,2,4,0,2,Rue de Dixmont,48.0861599348,3.2982874877,15,2,2
202100004039,194Â 522,A01,10,3,2,0,0,-1,-1,1,3,1,2021,36.0,0,2,0,1,1,1,1,,3,AUBEPINES (RESIDENCE RUE BECQUEREL),0,,2,2,0,4,0,227,1,, -1,2,0,1,50,3,12,2021,18:00,5,50,50129,2,1,1,6,AUBEPINES (RESIDENCE RUE BECQUEREL),49.62805,-1.63922,18,2,1
202100042562,125Â 548,B01,1,1,2,5,1,0,-1,-1, -1,-1,2021,26.0,1,2,0,0,4,1,1,,1,A507 sens Aubagne- Marseille,0,,1,3,0,1,6,0,1,, -1,1,0,1,70,26,4,2021,15:00,1,13,13055,2,1,0,2,A507 sens Aubagne- Marseille,43.3123710575,5.4243680835,15,2,2
202100012700,179Â 017,A01,1,1,1,9,2,6,-1,0,0,-1,2021,29.0,3,1,0,2,7,1,1,,4,44-50,0, -,2,2,0,2,0,0,1,, -1,1,0,1,50,14,10,2021,13:45,1,974,97422,2,1,0,3,Rue Jules Bertaut,-21.284946,55.511169,13,2,2
202100044655,121Â 893,B01,1,1,1,4,2,-1,-1,-1, -1,-1,2021,20.0,0,1,0,2,0,1,1,,4,ST AGNAN                            (R ),0,,1,1,0,1,(1),(1),1,, -1,1,0,1,30,8,4,2021,22:10,5,69,69388,2,2,0,3,SAINT AGNAN (R),45.73966,4.86215,22,2,2
202100026800,153Â 820,B01,1,1,1,5,8,0,-1,-1, -1,-1,2021,18.0,2,1,0,2,1,5,3,,4,PRESIDENT WILSON (BOULEVARD),0,,3,6,3,1,0,0,2,, -1,2,4,1,50,24,7,2021,23:20,5,67,67482,2,8,1,1,PRESIDENT WILSON (BOULEVARD),48.5874771501,7.7386263013,23,4,2
202100011401,181Â 342,A01,1,1,1,0,1,8,-1,-1, -1,-1,2021,19.0,1,2,3,0,1,1,1,,7,RD9,0,,3,6,0,1,0,0,1,, -1,1,0,1,90,23,10,2021,21:20,5,13,13001,2,1,0,7,RD9,43.50545,5.39955,21,1,1
202100050247,111Â 901,A01,1,1,1,9,1,-1,-1,0,0,-1,2021,47.0,1,2,2,0,1,0,1,,3,938,0,D,2,2,0,2,12,0,3,, -1,2,0,3,80,26,2,2021,03:50,3,62,62060,1,1,1,6,D938,50.223186,2.080199,3,1,1
202100014433,175Â 899,B01,1,1,1,0,1,0,-1,-1, -1,-1,2021,28.0,-1,2,0,2,3,0,0,,3,JUIN AVENUE DU MARECHAL,0,,2,2,0,1,1,0,1,, -1,1,0,1,30,8,10,2021,20:25,5,93,93045,2,1,0,3,JUIN AVENUE DU MARECHAL,48.87873,2.42234,20,2,2
202100033751,141Â 442,A01,2,2,2,5,8,-1,-1,0,0,-1,2021,26.0,2,2,16,0,0,26,1,,2,126,0,N,-1,1,0,1,30,563,1,, -1,1,5,3,80,19,6,2021,04:45,3,81,81219,1,6,0,7,RN 126,43.570442,1.974964,4,5,1
202100054929,103Â 627,B01,1,1,2,9,1,0,-1,-1, -1,-1,2021,22.0,1,2,0,2,4,2,1,,4,GENERAL LECLERC (AV DU),0,,1,1,0,1,1,0,1,, -1,2,9,1,50,14,1,2021,14:20,1,94,94068,2,1,1,2,Avenue du GÃ©nÃ©ral Leclerc,48.80713,2.50051,14,2,2
202100024116,158Â 553,A01,1,1,2,5,1,5,-1,-1,0,-1,2021,28.0,1,2,3,2,1,1,1,,3,route deparementale 370,0,,3,4,0,1,12,800,1,, -1,1,0,1,70,13,8,2021,11:40,1,95,95277,1,1,0,2,RD 370,48.96447,2.46936,11,2,2