Num_Acc,id_vehicule,num_veh,place,catu,sexe,trajet,secu1,secu2,secu3,locp,actp,etatp,year_acc,victim_age,senc,catv,obs,obsm,choc,manv,motor,occutc,catr,voie,v1,v2,circ,nbv,vosp,prof,pr,pr1,plan,lartpc,larrout,surf,infra,situ,vma,jour,mois,an,hrmn,lum,dep,com,agg_,int,atm,col,adr,lat,long,hour,nb_victim,nb_vehicules
202100007844,187Â 716,B01,1,1,2,4,1,0,-1,0,0,-1,2021,53.0,1,2,0,2,4,2,2,,4,PORTE D AUTEUIL,0,,1,4,0,1,11,500,1,, -1,1,1,1,70,15,11,2021,11:05,1,75,75116,2,1,0,2,PORTE D AUTEUIL,48.842328,2.254192,11,2,2
202100052142,108Â 508,B01,1,1,2,9,2,8,-1,0,0,-1,2021,28.0,3,1,0,2,3,1,1,,4,PLACE VICTOR ET HELENE BASCH,0,,2,3,0,1,(1),(1),1,, -1,2,0,1,50,8,2,2021,16:00,1,75,75114,2,5,0,3,PLACE VICTOR ET HELENE BASCH,48.827789,2.326799,16,2,2
202100015233,174Â 475,A01,1,1,1,5,8,0,-1,0,0,-1,2021,33.0,1,1,8,0,7,16,3,,4,RUE MESLAY,0,,1,1,0,1,(1),(1),1,, -1,2,0,1,30,4,10,2021,06:40,5,75,75103,2,2,0,6,RUE MESLAY,48.867178,2.362952,6,1,1
202100003799,194Â 968,A01,1,1,2,3,1,-1,-1,0,0,-1,2021,31.0,2,2,0,0,4,0,1,,3,65,-1,,2,1,0,1,(1),(1),1,, -1,1,0,1,80,11,12,2021,12:10,1,59,59228,1,1,0,2,D65,50.337408,3.094561,12,2,2
202100002329,197Â 628,B01,1,1,1,9,0,-1,-1,0,0,-1,2021,23.0,2,5,0,0,5,0,1,,3,6009,0,,2,2,0,1,21,500,1,, -1,2,0,1,-1,23,11,2021,18:00,3,11,11285,1,1,1,5,RD 6009,43.096784,2.947426,18,3,3
202100020595,164Â 816,A01,1,1,1,0,1,0,-1,-1, -1,-1,2021,23.0,2,2,0,2,4,1,1,,3,15,0,,2,2,0,1,0,0,1,, -1,1,0,1,50,6,9,2021,17:15,1,92,92025,2,1,0,2,PAUL BERT (RUE),48.9262395601,2.2472056746,17,2,2
202100048247,115Â 508,A01,2,2,1,4,8,-1,-1,-1, -1,-1,2021,0.0,1,5,6,0,1,1,1,,4,HENRI BARBUSSE                      (AV),0,,2,2,0,1,(1),(1),1,, -1,2,0,4,50,12,3,2021,07:15,2,69,69256,2,1,0,6,HENRI BARBUSSE (AV),45.78383,4.91683,7,2,1
202100052587,107Â 728,B01,1,1,1,1,1,0,-1,-1, -1,-1,2021,41.0,2,2,15,0,4,2,1,,3,MARCEL CACHIN (AVENUE) DES NÂ°1 AU 17,0,,2,1,0,1,1,0,1,, -1,1,0,1,50,4,2,2021,08:20,1,93,93072,2,1,0,2,MARCEL CACHIN (AVENUE) DES NÂ°1 AU 17,48.95672,2.38301,8,2,2
202100003391,195Â 699,A01,1,1,1,0,2,8,-1,-1, -1,-1,2021,20.0,1,1,0,2,7,17,1,,4,PREVOT (ERNEST),0,,1,2,0,1,(1),(1),1,, -1,1,0,1,50,11,12,2021,10:17,1,973,97302,2,2,0,3,PREVOT (ERNEST),4.93401,-52.33303,10,2,2
202100029199,149Â 559,B01,1,1,1,5,1,-1,-1,0,0,-1,2021,64.0,1,2,0,2,1,1,1,,3,922,-1,,2,2,0,2,23,750,2,, -1,2,0,1,80,13,7,2021,19:00,1,12,12259,1,1,1,1,Lieu Dit Puech de Vialelles,44.3083607363,2.0364689824,19,2,2
202100002569,197Â 191,A01,1,1,1,1,2,8,-1,-1, -1,-1,2021,48.0,1,1,0,2,1,17,1,,3,Lefaguyes (chemin),0,,2,2,0,1,(1),(1),1,, -1,1,0,1,50,16,12,2021,13:00,1,974,97409,2,1,0,3,Lefaguyes (chemin),-20.953859,55.670319,13,2,2
202100047218,117Â 362,B01,1,1,1,1,2,6,-1,-1, -1,-1,2021,36.0,1,1,0,2,1,2,1,,3,PARIS (quartier de La Madeleine),0,,2,2,0,1,0,2260,1,, -1,1,0,1,50,19,3,2021,19:00,1,50,50502,2,1,0,3,PARIS (quartier de La Madeleine),49.1157,-1.07262,19,3,2
202100045512,120Â 390,B01,1,1,1,5,0,-1,-1,0,0,-1,2021,71.0,2,2,8,2,8,1,1,,3,249,3,E,2,2,0,1,5,400,1,, -1,1,0,1,80,2,4,2021,08:05,1,17,17220,1,2,0,3,D 142 E1 chadenac,45.526179,-0.443085,8,3,2
202100034838,139Â 439,A01,7,2,1,5,0,-1,-1,0,0,-1,2021,12.0,2,1,0,2,8,15,3,,3,85,-1,,2,2,0,1,9,275,1,, -1,1,9,1,50,12,6,2021,19:55,1,49,49041,2,3,0,3,rue de vauzelle,47.306022,0.066615,19,3,2
202100048502,115Â 063,A01,10,3,1,9,0,-1,-1,1,3,1,2021,56.0,2,2,0,1,1,1,1,,4,SOURCE (RUE DE LA),0,,-1,2,0,1,0,0,1,, -1,1,0,1,30,10,3,2021,08:40,1,974,97411,2,1,0,1,SOURCE (RUE DE LA),-20.88987,55.4483,8,2,1
202100042734,125Â 252,B01,1,1,1,5,0,-1,-1,0,0,-1,2021,14.0,0,1,0,2,1,0,5,,4,,-1,,1,1,0,1,(1),(1),1,,3,1,0,1,50,23,4,2021,18:00,1,74,74256,2,1,0,1,107 rue pasteur,45.937258,6.628318,18,2,2
202100052938,107Â 095,A01,1,1,1,5,2,6,9,0,0,-1,2021,50.0,1,1,3,0,2,1,1,,3,611,-1,,2,2,0,1,52,(1),2,, -1,1,0,1,80,2,2,2021,12:00,1,11,11431,1,1,0,6,Route de Durban,42.9597831348,2.7651100002,12,1,1
202100046894,117Â 952,B01,2,2,2,0,2,8,-1,-1, -1,-1,2021,26.0,2,1,0,2,1,1,1,,4,RIETH (RUE DU),0,,1,2,0,1,(1),(1),1,, -1,1,0,1,50,20,3,2021,19:10,1,67,67482,2,3,0,3,RIETH (RUE DU),48.60086,7.71491,19,3,2
202100045827,119Â 838,B01,1,1,1,3,2,-1,-1,0,0,-1,2021,17.0,1,1,0,2,1,2,1,,3,131,-1,,2,2,0,1,5,940,1,, -1,1,0,1,50,31,3,2021,17:45,1,62,62897,2,1,1,2,1 Route de Lumbres,50.676934,2.070646,17,6,2
202100043526,123Â 861,B01,2,2,1,9,1,-1,-1,0,0,-1,2021,58.0,2,2,0,2,7,2,1,,3,148,-1,D,2,2,3,1,25,500,1,, -1,1,0,1,80,19,4,2021,15:25,1,85,85126,1,1,0,3,D148,46.46493,-0.84549,15,3,2
202100053106,106Â 806,A01,10,3,1,0,0,-1,-1,1,9,1,2021,33.0,1,2,0,1,2,1,1,,1,7,-1,,3,5,0,1,120,768,1,, -1,1,0,1,130,30,1,2021,22:30,3,26,26005,1,1,1,1,A7  ,44.514104,4.779825,22,4,2
202100035591,138Â 099,A01,1,1,1,4,1,-1,-1,0,0,-1,2021,21.0,1,4,13,0,7,14,1,,2,12,0,N,3,4,0,1,30,800,1,, -1,1,0,1,110,10,6,2021,03:25,3,22,22193,1,1,0,7,RN 12 PR 031+200,48.420828,-2.448149,3,1,1
202100012063,180Â 150,A01,10,3,1,2,0,0,-1,3,3,2,2021,4.0,1,2,0,1,3,16,1,,3,BLANQUI (QU),0,,2,3,0,1,1,0,1,, -1,2,2,1,50,20,10,2021,11:25,1,94,94002,2,7,1,6,Quai Blanqui,48.7982,2.42037,11,2,1
202100008620,186Â 333,A01,10,3,2,0,0,-1,-1,3,3,1,2021,49.0,1,2,0,1,3,1,0,,4,,0,,2,2,0,1,0,0,1,, -1,1,0,1,50,10,11,2021,08:12,2,92,92076,2,6,0,6,CAZES,48.8402403646,2.1645748615,8,2,1
202100000592,200Â 642,A01,10,3,2,0,0,-1,-1,2,3,1,2021,50.0,1,2,0,1,1,1,3,,4,NATIONALE RUE NÂ°RESTE IMPAIRS,0,,2,2,0,1,(1),(1),2,, -1,1,6,1,30,8,11,2021,07:40,2,59,59350,2,7,0,6,NATIONALE RUE NÂ°RESTE IMPAIRS,50.63715,3.06285,7,2,1
202100040718,128Â 828,B01,1,1,1,5,8,0,-1,-1, -1,-1,2021,48.0,2,1,0,2,1,13,1,,2,RN104,0,,3,7,0,1,1,500,1,, -1,1,0,1,90,9,5,2021,14:15,1,77,77169,1,1,0,2,RN104,48.81915,2.61679,14,2,2
202100019413,166Â 931,A01,1,1,2,5,8,-1,-1,0,0,-1,2021,70.0,2,2,2,0,1,1,1,,3,357,0,D,2,2,0,1,37,700,1,, -1,1,5,3,70,13,9,2021,15:00,1,72,72054,1,6,0,6,D357,48.007324,0.33813,15,2,1
202100010774,182Â 477,A01,1,1,1,4,1,9,-1,0,0,-1,2021,50.0,1,2,2,0,1,14,1,,3,33,0,,2,2,0,2,13,634,1,, -1,1,0,3,80,27,10,2021,14:30,1,82,82137,2,1,0,6,D33,44.262666,1.858808,14,1,1
202100039541,130Â 913,A01,1,1,2,0,1,0,-1,-1, -1,-1,2021,24.0,2,2,4,0,2,0,1,,1,AUTOROUTE A86,0,,3,7,0,2,18,200,2,, -1,2,0,1,70,18,5,2021,20:00,1,93,93027,1,1,1,6,AUTOROUTE A86,48.92832,2.41225,20,3,1
202100041820,126Â 858,B01,5,2,1,9,1,0,-1,0,0,-1,2021,21.0,3,2,0,2,4,2,1,,4,RUE PERNETY,0,,1,2,0,1,(1),(1),2,, -1,1,0,1,30,1,5,2021,00:24,5,75,75114,2,4,0,2,RUE PERNETY,48.835449,2.315444,0,6,2
202100011019,182Â 035,A01,1,1,2,1,1,0,-1,-1, -1,-1,2021,40.0,1,2,0,2,4,1,1,,1,A7-Sens Lyon vers Marseille,0,,1,3,0,1,274,500,1,, -1,1,0,1,90,26,10,2021,07:55,2,13,13215,1,1,1,2,A7-Sens Lyon vers Marseille,43.36997,5.36097,7,2,2
202100014372,176Â 021,A01,1,1,1,5,1,8,-1,-1, -1,-1,2021,38.0,2,2,0,2,2,14,1,,7,RD 37,0,,3,4,0,1,12,699,1,, -1,1,0,1,90,7,10,2021,06:45,4,37,37122,2,1,0,3,RD 37,47.350796746,0.6460357737,6,2,2
202100008902,185Â 827,B01,1,1,2,0,1,-1,-1,0,0,-1,2021,54.0,1,2,0,2,2,1,1,,7,26,-1,E,2,2,0,1,0,3,1,, -1,1,0,1,70,8,11,2021,18:00,3,34,34022,1,3,0,3,D26e1,43.647457,4.012896,18,2,2
202100033745,141Â 451,A01,1,1,1,5,2,6,-1,0,0,-1,2021,17.0,3,1,0,2,2,1,1,,4,,-1,,2,1,0,1,(1),(1),1,, -1,1,0,1,50,19,6,2021,15:50,1,42,42022,2,6,1,3,Avenue de la Mairie,45.523413,4.21783,15,2,2
202100051563,109Â 528,A01,1,1,1,1,2,6,-1,-1, -1,-1,2021,52.0,2,1,0,2,1,3,1,,1,4,0,,-1,3,0,1,8,0,1,, -1,1,0,1,90,12,2,2021,09:20,1,94,94017,1,1,0,4,A4,48.830322896,2.4893496496,9,3,3
202100007020,189Â 212,B01,1,1,1,0,2,0,-1,-1, -1,-1,2021,51.0,2,1,0,2,1,1,1,,4,LAVERUNE (ROUTE DE),0,,2,2,0,1,(1),(1),1,, -1,1,0,1,30,20,11,2021,17:45,5,34,34172,2,3,0,1,LAVERUNE (ROUTE DE,43.60081,3.8455,17,3,2
202100035718,137Â 867,Z01,10,3,1,5,0,-1,-1,2,3,1,2021,21.0,1,5,0,1,3,11,1,,4,BD ALBERT 1ER,0,,3,4,3,1,(1),(1),1,, -1,1,-1,1,50,8,6,2021,17:50,1,33,33063,2,1,0,6,Boulevard Albert 1er,44.81456,-0.5722,17,2,1
202100009323,185Â 039,B01,1,1,1,0,1,0,-1,-1, -1,-1,2021,34.0,2,1,0,2,7,1,1,,4,J. GUESDERUE)141A151ET 150A158,0,,1,2,0,1,0,0,1,, -1,1,0,1,50,15,10,2021,09:35,1,92,92044,2,2,0,3,J. GUESDERUE)141A151ET 150A158,48.90044,2.28649,9,2,2
202100053988,105Â 247,A01,1,1,1,5,0,-1,-1,0,0,-1,2021,46.0,3,1,0,2,1,15,5,,3,673,-1, -,2,2,0,1,97,300,1,, -1,2,0,1,80,24,1,2021,17:35,2,46,46200,1,3,1,1,Zone Artisanale du Moulin d'Iches,44.629814,1.219332,17,2,2
202100027466,152Â 633,B01,1,1,1,1,2,6,9,0,0,-1,2021,26.0,2,1,0,2,1,17,1,,3,43,-1,,2,1,0,1,10,209,1,,3,1,5,1,80,23,7,2021,18:45,1,83,83059,1,2,0,3,rd 43,43.344671,6.087574,18,2,2
202100004654,193Â 452,B01,1,1,1,0,2,0,-1,-1, -1,-1,2021,50.0,1,1,0,2,1,1,1,,4,DEBUSSY (RUE CLAUDE),0,,2,2,0,1,(1),(1),3,, -1,1,0,1,50,29,9,2021,23:30,5,74,74305,2,9,0,3,DEBUSSY (RUE CLAUDE),46.20295,6.25891,23,3,2
202100055115,103Â 297,A01,1,1,1,4,1,-1,-1,0,0,-1,2021,55.0,2,5,13,0,3,13,1,,2,162,0,,2,2,0,2,53,400,1,, -1,1,0,3,80,14,1,2021,15:45,1,53,53146,1,1,0,6,Les Hautes Folies,48.184086,-0.674329,15,1,1
202100004089,194Â 433,A01,1,1,2,5,8,0,-1,-1, -1,-1,2021,86.0,3,2,0,2,1,11,1,,7,CREPON  CHEMIN,0,,3,4,0,1,1,0,1,, -1,1,0,1,90,8,12,2021,19:10,3,13,13098,1,1,0,1,CREPON  CHEMIN,43.46,5.0062,19,2,2
202100004151,194Â 325,A01,1,1,1,5,1,-1,-1,0,0,-1,2021,71.0,1,2,0,2,1,6,2,,2,31,-1,,3,2,0,1,23,300,1,, -1,2,0,1,70,9,12,2021,10:38,1,51,51569,1,6,0,1,RN31,49.259939,3.951822,10,2,2
202100022392,161Â 627,B01,2,2,2,9,8,8,-1,-1, -1,-1,2021,34.0,2,2,0,2,4,26,1,,1,6,0,,1,3,0,1,10,0,1,, -1,1,0,1,110,27,8,2021,21:20,3,91,91689,1,1,0,2,AUTOROUTE A6,48.73052,2.31466,21,3,2
202100038770,132Â 315,B01,1,1,1,5,1,0,-1,0,0,-1,2021,57.0,1,2,0,2,4,23,1,,7,ANGLAIS (DU NÂ° 114 AU NÂ° 263),0,,1,3,0,1,(1),(1),1,, -1,1,0,1,50,22,5,2021,21:14,5,6,6088,2,1,0,2,ANGLAIS (DU NÂ° 114 AU NÂ° 263),43.68346,7.2344,21,2,2
202100022970,160Â 570,B01,2,2,1,9,1,5,-1,0,0,-1,2021,36.0,2,2,7,2,8,1,1,,3,51,-1,,-1,2,0,1,8,440,3,, -1,1,0,1,80,22,8,2021,15:20,1,27,27693,1,2,0,3,D51,48.918988,1.10625,15,4,2
202100050506,111Â 422,B01,2,2,1,4,1,-1,-1,0,0,-1,2021,38.0,1,2,0,0,4,1,1,,1,5,-1,,3,4,0,1,199,600,1,, -1,1,0,1,130,23,2,2021,23:35,3,52,52365,1,1,0,2,A5,48.058779,4.953461,23,3,2
202100016742,171Â 695,A01,1,1,1,5,2,6,-1,0,0,-1,2021,30.0,1,1,0,1,1,0,1,,3,426,-1,,2,2,0,1,23,800,1,, -1,1,0,1,80,21,9,2021,23:50,3,67,67348,1,1,0,6,RD 426,48.453919,7.474426,23,2,1
202100035346,138Â 527,B01,2,1,1,9,2,0,-1,-1, -1,-1,2021,39.0,1,1,0,2,1,1,1,,3,VAILLANT-COUTURIER (AVENUE PAUL),0,,3,4,1,2,0,1,1,, -1,1,2,1,50,10,6,2021,19:15,1,93,93027,2,1,0,3,Avenue Paul Vaillant Couturier,48.92,2.41,19,2,2
202100035668,137Â 956,A01,1,1,1,0,8,-1,-1,-1, -1,-1,2021,15.0,1,1,0,2,1,7,1,,4,LAFAYETTE                           (CO),0,,2,3,0,1,(1),(1),1,, -1,1,0,1,50,8,6,2021,12:20,1,69,69383,2,2,0,3,LAFAYETTE (CR),45.7635848851,4.8534920812,12,2,2
202100051996,108Â 766,A01,10,3,2,5,8,8,-1,3,3,1,2021,83.0,3,2,0,1,0,1,1,,4,KLEBER (RUE),0,,1,1,0,1,1,0,1,, -1,2,0,1,50,8,2,2021,17:15,2,90,90010,2,1,0,7,KLEBER (RUE),47.6392382884,6.8560691178,17,2,1
202100038477,132Â 873,B01,1,1,1,0,2,-1,-1,0,0,-1,2021,15.0,2,1,0,2,1,2,1,,3,511,-1,,2,2,0,2,42,844,1,, -1,2,0,1,50,26,5,2021,14:45,1,14,14258,2,1,1,2,D511,48.8907336896,-0.2079650105,14,2,2
202100034935,139Â 262,B01,3,2,2,9,1,0,-1,-1, -1,-1,2021,57.0,2,2,0,2,4,2,1,,3,RTE NATIONALE 20,0,,2,4,0,1,0,0,1,, -1,1,0,1,70,11,6,2021,20:10,1,91,91552,1,1,0,4,RTE NATIONALE 20,48.60254,2.24768,20,7,3
202100031441,145Â 545,A01,1,1,1,0,2,8,-1,-1, -1,-1,2021,41.0,2,1,0,0,0,1,3,,4,,0,,2,2,0,1,0,0,1,, -1,1,0,1,30,30,6,2021,23:10,5,92,92024,2,1,0,7,GUSTAVE EIFFEL (RUE),48.9046421007,2.2969418764,23,1,1
202100023875,158Â 952,A01,10,3,2,5,0,-1,-1,3,3,2,2021,59.0,2,2,0,1,2,1,1,,2,KENNEDY (BOULEVARD DU PRESIDENT JOHN),0,,1,2,0,1,22,425,3,, -1,1,0,1,50,16,8,2021,11:15,1,65,65440,2,6,0,6,KENNEDY (BOULEVARD DU PRESIDENT JOHN),43.2191,0.0791,11,3,1
202100034163,140Â 695,A01,1,1,1,9,0,-1,-1,0,0,-1,2021,37.0,1,2,6,0,1,14,1,,3,997,0,D,2,2,0,1,(1),(1),1,, -1,1,0,1,50,16,6,2021,12:30,1,23,23031,2,1,0,6,avenue d'auvergne,46.347446,2.221851,12,1,1
202100003136,196Â 163,A01,10,3,1,5,0,-1,-1,3,3,1,2021,72.0,2,2,0,1,1,1,1,,3,CHARLES DE GAULLE (AVENUE),0,,3,4,0,1,0,0,1,, -1,1,0,1,50,12,12,2021,17:50,5,23,23096,2,1,0,6,CHARLES DE GAULLE (AVENUE),46.17703,1.87182,17,2,1
202100009993,183Â 836,B01,1,1,1,5,2,6,-1,-1, -1,-1,2021,62.0,2,1,0,2,1,2,1,,2,RN1 (ROUTE NATIONALE),0,,3,4,0,3,83,786,1,, -1,1,0,1,110,30,10,2021,14:30,1,974,97416,1,1,0,2,RN1 (ROUTE NATIONALE),-21.33107,55.45614,14,2,2
202100016506,172Â 125,B01,1,1,2,1,1,-1,-1,-1, -1,-1,2021,57.0,3,2,0,2,7,1,1,,4,TY PONT KERROUE  ROND POINT DE,0,,1,2,0,1,(1),(1),2,, -1,1,5,1,50,27,9,2021,14:30,1,29,29232,2,6,0,3,Rond point de Kerroue,48.01711,-4.09521,14,2,2
202100036936,135Â 679,B01,1,1,2,0,1,8,-1,-1, -1,-1,2021,26.0,2,2,0,2,6,1,1,,1,AUTOROUTE A6,0,,1,3,0,2,19,149,1,, -1,1,0,1,110,2,6,2021,19:58,1,91,91687,1,1,0,4,AUTOROUTE A6,48.66408,2.36572,19,3,3
202100046923,117Â 899,B01,1,1,1,9,2,0,-1,-1, -1,-1,2021,27.0,1,1,0,2,9,1,5,,7,FRONTON (AV DE) DU 1AU 176,0,,2,2,0,1,33,166,1,, -1,1,0,1,50,10,3,2021,13:32,1,31,31555,2,1,0,3,FRONTON (AV DE) DU 1AU 176,43.62975,1.43381,13,2,2
202100016522,172Â 096,A01,10,3,2,0,0,-1,-1,9,B,2,2021,23.0,1,2,0,1,3,1,0,,2,VERSAILLES (ROUTE DE),0,,3,4,0,1,26,780,1,, -1,1,0,1,70,26,9,2021,09:05,1,78,78350,1,1,0,6,VERSAILLES (ROUTE DE),48.84845,2.10881,9,2,1
202100049681,112Â 936,A01,1,1,1,0,1,0,-1,-1, -1,-1,2021,33.0,2,2,0,2,3,9,1,,3,GENERAL LECLERC(AVE DU)(43/87 ET 78/120),0,,1,2,1,1,0,1,1,, -1,1,0,1,50,28,2,2021,21:40,5,93,93055,2,1,0,3,GENERAL LECLERC(AVE DU)(43/87 ET 78/120),48.89983,2.4097,21,2,2
202100017821,169Â 765,B01,1,1,2,1,1,-1,-1,-1, -1,-1,2021,22.0,2,2,0,2,5,23,1,,2,,0,,3,4,3,1,(1),(1),1,, -1,2,0,1,50,20,9,2021,17:00,1,69,69029,2,1,1,2,JEAN MERMOZ (AV),45.7304089906,4.889023304,17,2,2
202100002964,196Â 475,B01,1,1,1,5,2,0,-1,0,0,-1,2021,16.0,2,1,0,2,1,1,1,,4,RUE DES PYRENEES,0,,2,3,3,2,(1),(1),1,, -1,1,0,1,30,14,12,2021,20:10,5,75,75120,2,2,0,3,RUE DES PYRENEES,48.866663,2.397107,20,2,2
202100038904,132Â 089,A01,1,1,1,0,8,0,-1,-1, -1,-1,2021,64.0,1,1,0,2,1,1,5,,4,COLMAR (AVENUE DE),0,,3,6,1,1,0,0,1,, -1,1,4,5,50,20,5,2021,12:00,1,67,67482,2,8,0,3,COLMAR (AVENUE DE),48.55277,7.74415,12,2,2
202100002123,198Â 002,B01,2,2,2,3,1,-1,-1,-1, -1,-1,2021,62.0,1,2,0,2,2,1,1,,4,,0,,2,2,0,1,(1),(1),1,, -1,2,0,1,50,18,12,2021,11:45,1,69,69384,2,2,0,3,JACQUES-LOUIS HENON (R),45.77958,4.82677,11,3,2
202100034684,139Â 728,B01,2,2,2,5,2,-1,-1,0,0,-1,2021,42.0,0,1,0,2,4,2,1,,4,,-1,,2,2,0,1,(1),(1),1,,4,1,0,1,50,12,6,2021,10:50,1,17,17337,2,3,0,2,Route de Domino,45.97176,-1.355985,10,3,2
202100030110,147Â 957,B01,2,2,2,5,1,-1,-1,0,0,-1,2021,70.0,2,2,0,2,8,1,1,,2,19,0,,2,2,0,2,63,800,2,, -1,2,0,1,30,5,7,2021,09:45,1,52,52269,2,1,1,3,Avenue de la ColliniÃ¨re,47.869391,5.333481,9,3,2
202100031449,145Â 531,B01,1,1,1,5,2,6,-1,0,0,-1,2021,37.0,2,1,0,2,7,17,1,,3,370,0,D,2,2,0,1,0,200,1,, -1,1,0,1,50,2,7,2021,12:05,1,95,95229,2,1,0,3,RD 370,49.0341072805,2.3440039158,12,2,2
202100044197,122Â 674,A01,1,1,1,5,2,-1,-1,0,0,-1,2021,40.0,1,1,0,0,0,1,1,,4,,-1,,2,2,0,1,(1),(1),1,, -1,1,0,1,50,13,4,2021,17:40,1,2,2361,2,1,0,7,Rue de l'Europe,49.905947,3.644822,17,1,1
202100020856,164Â 367,A01,1,1,2,0,1,0,-1,-1, -1,-1,2021,32.0,2,2,0,2,1,15,1,,4,MIRABEAU (PONT),0,,2,2,0,1,(1),(1),1,, -1,1,0,1,50,4,9,2021,22:20,5,37,37261,2,2,0,3,MALRAUX (QUAI ANDRE),47.3975752883,0.6993154825,22,3,2
202100012236,179Â 850,B01,1,1,1,4,1,0,-1,0,0,-1,2021,36.0,1,5,0,2,4,15,0,,7,CURIE PIERRE ET MARIE AVENUE,0,,2,2,0,1,(1),(1),1,, -1,1,0,1,50,18,10,2021,11:19,1,6,6123,2,1,0,5,CURIE PIERRE ET MARIE AVENUE,43.68622,7.187386,11,3,3
202100038938,132Â 029,B01,1,1,1,0,2,6,-1,-1, -1,-1,2021,34.0,2,1,0,2,1,3,1,,7,MICHELET (BOULEVARD),0,,2,6,0,1,2,800,1,, -1,1,0,1,50,21,5,2021,16:45,1,13,13209,2,1,0,3,MICHELET (BOULEVARD),43.261569,5.397501,16,2,2
202100005862,191Â 312,A01,10,3,2,1,0,-1,-1,4,3,1,2021,47.0,1,2,0,1,1,1,1,,3,LENOTRE (RUE G.),0,,2,2,0,2,33,256,2,, -1,2,9,1,30,26,11,2021,17:53,5,78,78517,2,3,1,6,LENOTRE (RUE G.),48.64018,1.82654,17,2,1
202100024873,157Â 199,B01,1,1,2,0,1,0,-1,-1, -1,-1,2021,30.0,3,2,0,2,1,0,1,,7,FLANDRE AVENUEE DE,0,,2,8,0,1,(1),(1),1,, -1,1,0,1,50,2,8,2021,10:10,1,59,59009,2,2,0,3,FLANDRE AVENUEE DE,50.66425,3.14591,10,2,2
202100036068,137Â 211,B01,1,1,1,5,2,6,-1,-1, -1,-1,2021,56.0,3,1,0,2,1,1,1,,7,RUE DU 19 MARS 1962,0,,2,6,0,1,0,0,1,, -1,1,0,1,50,6,6,2021,10:40,1,38,38185,2,2,0,3,RUE DU 19 MARS 1962,45.1894,5.7419,10,2,2
202100021982,162Â 338,B01,1,1,2,5,2,8,-1,0,0,-1,2021,20.0,1,1,0,2,1,17,1,,3,,-1,,2,2,0,1,4,1015,1,, -1,1,0,1,80,27,8,2021,16:10,1,49,49359,1,2,0,5,Route DÃ©partementale 960,47.218169,-0.162821,16,4,3
202100015562,173Â 866,A01,1,1,1,4,2,0,-1,-1, -1,-1,2021,25.0,1,1,0,0,0,26,3,,4,CLEMENCEAU BOULEVARD,0,,2,2,0,1,1,0,1,, -1,2,0,1,50,1,10,2021,21:00,5,49,49007,2,1,0,7,CLEMENCEAU BOULEVARD,47.476579,-0.566245,21,1,1
202100027276,152Â 969,A01,1,1,1,5,2,-1,-1,0,0,-1,2021,42.0,3,6,6,0,1,1,1,,4,63,-1,,2,2,0,1,(1),(1),1,, -1,1,0,3,80,25,7,2021,18:00,1,45,45097,1,1,0,6,Les Grands Chaillots,48.019374,2.941069,18,1,1
202100033276,142Â 291,A01,1,1,2,9,1,-1,-1,0,0,-1,2021,50.0,1,2,0,9,1,14,1,,3,522,0,D,-1,2,0,1,25,400,1,, -1,1,0,8,80,21,6,2021,10:30,1,38,38374,1,1,0,6,Route du Bugey,45.65631,5.316836,10,1,1
202100011801,180Â 622,A01,10,3,1,5,0,-1,-1,1,1,1,2021,24.0,0,2,0,1,2,15,1,,4,ANCIEN QUAI (RUE DE L'),0,,1,1,0,1,(1),(1),2,, -1,1,0,1,50,20,10,2021,17:30,1,50,50129,2,1,0,7,ANCIEN QUAI (RUE DE L'),49.63763,-1.62417,17,2,1
202100034540,139Â 991,B01,1,1,1,4,1,0,-1,-1, -1,-1,2021,24.0,2,5,0,2,4,2,1,,2,RN 118,0,,1,4,0,2,2,25,1,, -1,1,0,1,90,14,6,2021,16:45,1,91,91064,1,1,0,2,RN 118,48.75556,2.2236,16,2,2
202100022586,161Â 247,B01,1,1,2,0,1,0,-1,-1, -1,-1,2021,59.0,1,2,0,2,3,0,0,,3,MONTAGNE (ROUTE DE LA),0,,2,2,0,2,(1),(1),2,, -1,2,0,1,50,25,8,2021,18:15,3,974,97411,1,1,1,3,MONTAGNE (ROUTE DE LA),-20.8887,55.4375,18,4,2
202100027470,152Â 626,A01,1,1,1,1,2,6,-1,0,0,-1,2021,32.0,3,1,0,2,1,19,1,,7,,-1,,2,2,-1,1,1,400,4,, -1,1,0,1,-1,18,6,2021,16:10,1,69,69116,2,2,0,3,SAINT ANDRE (DE) (CHM),45.8299779402,4.7819495201,16,2,2
202100039799,130Â 441,A01,1,1,2,0,1,8,-1,-1, -1,-1,2021,66.0,1,2,0,0,0,1,1,,2,CRIQUE FOUILLEE (ROND POINT),0,,3,4,0,1,4,50,1,, -1,2,9,8,80,15,5,2021,12:44,1,973,97302,1,1,1,7,CRIQUE FOUILLEE (ROND POINT),4.8968421495,-52.3285195828,12,1,1
202100044622,121Â 962,A01,1,1,1,5,2,6,-1,0,0,-1,2021,17.0,3,1,0,2,1,13,1,,4,,-1,,2,1,0,2,(1),(1),4,, -1,1,0,1,80,8,4,2021,16:00,1,63,63382,1,1,1,1,Lieu Dit Fontbonne,46.060636,2.983689,16,3,2