Num_Acc,id_vehicule,num_veh,place,catu,sexe,trajet,secu1,secu2,secu3,locp,actp,etatp,year_acc,victim_age,senc,catv,obs,obsm,choc,manv,motor,occutc,catr,voie,v1,v2,circ,nbv,vosp,prof,pr,pr1,plan,lartpc,larrout,surf,infra,situ,vma,jour,mois,an,hrmn,lum,dep,com,agg_,int,atm,col,adr,lat,long,hour,nb_victim,nb_vehicules
202100020271,165Â 401,B01,1,1,2,0,1,8,-1,0,0,-1,2021,20.0,1,2,0,2,1,1,1,,4,METZ (RUE DE),0,,1,1,0,1,(1),(1),1,, -1,1,0,1,30,2,9,2021,16:59,1,63,63113,2,2,0,3,METZ / VÃ©nÃ©rable,45.78132,3.09805,16,2,2
202100049311,113Â 617,A01,1,1,1,5,0,-1,-1,0,0,-1,2021,19.0,2,1,0,0,1,1,5,,4,,-1,,2,2,0,2,(1),(1),3,, -1,1,0,1,30,4,3,2021,09:45,1,41,41043,1,1,0,1,Rue de TrÃ¨vety,47.272681,1.482693,9,2,2
202100020607,164Â 790,B01,1,1,1,1,2,6,9,0,0,-1,2021,38.0,1,1,0,2,1,17,1,,2,580,-1,,2,2,0,1,6,650,1,, -1,1,0,1,80,7,9,2021,08:00,1,30,30191,1,1,0,3,Route Nationale 580,44.140134,4.664426,8,2,2
202100026887,153Â 657,B01,1,1,1,1,2,6,-1,0,0,-1,2021,40.0,1,1,0,2,1,1,1,,3,931,0,,2,1,0,3,65,900,1,,3,1,0,1,80,28,7,2021,18:35,1,32,32296,1,2,0,3,D931,43.754349,-0.048301,18,2,2
202100030033,148Â 107,A01,10,3,1,5,0,-1,-1,2,3,2,2021,15.0,2,2,0,1,1,1,1,,3,LIBERATION (AV DE LA),0,,2,2,0,2,1,0,1,, -1,1,0,1,30,7,7,2021,13:00,1,94,94068,2,1,0,6,Avenue de la LibÃ©ration,48.81267,2.47965,13,2,1
202100020248,165Â 446,B01,1,1,1,1,8,0,-1,-1, -1,-1,2021,68.0,3,1,0,2,4,0,0,,3,TROIS VILLES (RUE DES),0,,2,2,0,1,0,399,1,, -1,1,0,1,80,7,9,2021,21:18,3,77,77462,1,1,0,2,D83,49.00633,2.66346,21,2,2
202100022097,162Â 126,A01,2,2,2,5,1,0,-1,-1, -1,-1,2021,28.0,1,2,8,0,1,13,1,,4,FONTAINE DU LOUP  CHEMIN DE LA,0,,2,1,0,1,0,0,1,, -1,1,0,4,30,28,8,2021,02:45,5,13,13098,2,1,0,1,FONTAINE DU LOUP  CHEMIN DE LA,43.45582,5.01828,2,2,1
202100039275,131Â 397,B01,1,1,1,5,2,6,-1,-1, -1,-1,2021,63.0,1,1,0,2,3,1,1,,4,,0,,2,3,0,1,0,0,1,, -1,1,0,1,50,18,5,2021,16:10,1,64,64445,2,2,0,3,GEN DE GAULLE DU,43.30181,-0.35621,16,2,2
202100025880,155Â 425,B01,1,1,1,0,1,0,-1,-1, -1,-1,2021,61.0,3,2,0,2,1,23,1,,3,CAMILLE DESMOULINS AVENUE,0,,2,2,0,1,1,0,1,, -1,1,0,1,50,2,8,2021,15:20,1,93,93046,2,1,0,4,Avenue Camille Desmoulins,48.911567,2.524347,15,3,3
202100027924,151Â 793,B01,2,2,2,5,3,-1,-1,-1, -1,-1,2021,0.0,2,2,0,2,8,1,1,,4,RUE D'ARMAGNAC,0,,2,2,0,1,(1),(1),2,, -1,1,0,1,50,21,7,2021,00:15,5,33,33063,2,1,0,3,Rue dâArmagnac,44.82158,-0.55303,0,3,2
202100002284,197Â 700,B01,1,1,1,9,2,0,-1,-1, -1,-1,2021,30.0,3,1,0,2,8,1,1,,4,GEORGES GUYNEMER (AVENUE),0,,2,4,0,1,0,0,1,, -1,1,0,1,50,18,12,2021,20:48,4,93,93007,2,2,0,3,GEORGES GUYNEMER (AVENUE),48.94637,2.4423,20,2,2
202100011769,180Â 674,A01,10,3,2,5,8,-1,-1,3,3,1,2021,25.0,1,2,0,1,1,1,1,,4,JOANNES MASSET                      (AV),0,,2,3,1,1,(1),(1),1,, -1,1,0,1,50,21,10,2021,20:05,5,69,69389,2,3,0,6,JOANNES MASSET (AV),45.7714468558,4.7998982595,20,2,1
202100018803,168Â 034,A01,1,1,2,1,2,0,-1,0,0,-1,2021,51.0,2,1,0,0,0,7,3,,4,AVENUE DE LA PORTE DE MONTROUGE,0,,2,4,3,1,(1),(1),1,, -1,2,0,6,30,15,9,2021,08:45,1,75,75114,2,2,1,7,AVENUE DE LA PORTE DE MONTROUGE,48.822672,2.322699,8,1,1
202100048839,114Â 462,B01,1,1,1,5,2,6,-1,-1, -1,-1,2021,33.0,2,1,0,2,0,0,1,,1,A4,0,,3,9,0,1,9,0,1,, -1,1,1,1,90,8,3,2021,15:50,1,94,94017,1,1,0,3,A4,48.8284416936,2.5027316394,15,2,2
202100006516,190Â 159,A01,1,1,1,5,8,-1,-1,0,0,-1,2021,32.0,3,2,13,0,3,0,1,,4,,-1,,2,2,0,1,(1),(1),1,,5,1,0,3,-1,24,11,2021,20:15,3,85,85024,1,1,0,7,LA MICHELLERIE,46.9259651732,-1.8374499679,20,1,1
202100023318,159Â 934,A01,10,3,1,9,0,-1,-1,5,4,1,2021,46.0,1,5,12,1,7,14,1,,4,RUE SAINT HONORE,0,,2,2,0,1,(1),(1),1,, -1,1,0,1,30,20,8,2021,09:10,1,75,75101,2,2,0,6,RUE SAINT HONORE,48.861072,2.344897,9,2,1
202100045892,119Â 727,A01,10,3,1,0,8,8,-1,6,9,3,2021,16.0,3,2,0,1,1,1,1,,4,m'tsapere-Said CafÃ© (rue),0,,2,0,0,2,0,0,3,, -1,1,0,1,50,26,3,2021,12:10,1,976,97611,2,9,0,6,m'tsapere-Said CafÃ© (rue),-12.79947,45.20904,12,2,1
202100048923,114Â 306,A01,1,1,1,5,2,8,-1,-1, -1,-1,2021,59.0,3,1,0,2,1,13,1,,4,DESCAMPS (EUGENE),0,,2,1,0,2,0,0,1,, -1,2,0,1,30,6,3,2021,15:40,1,974,97411,2,9,1,1,DESCAMPS (EUGENE),-20.901,55.4806,15,2,2
202100050504,111Â 425,A01,1,1,1,1,1,-1,-1,0,0,-1,2021,20.0,2,2,8,0,1,1,1,,3,31,-1,,2,2,0,1,24,500,3,, -1,1,0,3,70,24,2,2021,04:45,5,28,28334,1,1,0,6,D31,48.090507,1.239781,4,1,1
202100049551,113Â 187,B01,2,2,2,5,1,-1,-1,0,0,-1,2021,27.0,1,2,5,0,4,23,1,,1,28,0,,3,4,0,1,47,66,1,, -1,1,9,1,130,28,2,2021,15:00,1,37,37213,1,1,0,2,"A28, barriÃ¨re de pÃ©age",47.638198,0.496742,15,5,2
202100010354,183Â 199,A01,1,1,2,9,2,6,-1,0,0,-1,2021,27.0,2,1,14,0,1,21,1,,4,AVENUE CLAUDE VELLEFAUX,0,,2,2,0,2,(1),(1),1,, -1,2,0,1,30,29,10,2021,15:25,1,75,75110,2,3,1,6,AVENUE CLAUDE VELLEFAUX,48.874079,2.370351,15,1,1
202100028673,150Â 466,A01,1,1,1,4,1,-1,-1,-1, -1,-1,2021,49.0,2,4,0,0,7,1,1,,2,RN 85 ( route ),0,,2,2,0,2,52,50,4,, -1,1,0,1,70,16,7,2021,14:40,1,4,4070,1,1,0,7,RN 85,44.047621186,6.2028919436,14,1,1
202100038692,132Â 469,B01,2,2,2,5,2,6,4,0,0,-1,2021,47.0,2,1,0,2,3,1,1,,3,952,0,,2,2,0,2,74,50,1,, -1,1,2,1,50,23,5,2021,10:30,1,4,4189,2,3,0,5,RD 952,43.769506,5.947533,10,7,5
202100031781,144Â 953,B01,1,1,2,1,2,6,-1,0,0,-1,2021,16.0,1,1,0,2,1,1,1,,3,578,0,D,2,2,0,2,11,140,3,, -1,1,0,1,70,30,6,2021,07:30,1,7,7292,1,3,0,1,D578,45.155646,4.690969,7,2,2
202100015584,173Â 826,A01,1,1,2,1,1,-1,-1,-1, -1,-1,2021,33.0,1,2,3,0,0,0,1,,7,D 175,0,,3,4,0,1,42,0,4,, -1,2,0,1,90,1,10,2021,13:59,1,35,35051,1,1,1,6,D 175,48.15431,-1.62449,13,1,1
202100031316,145Â 762,B01,1,1,1,4,1,0,-1,-1, -1,-1,2021,56.0,2,4,0,2,0,0,1,,3,JEAN COMPAGNON (QU),0,,2,2,0,1,0,0,1,, -1,1,0,1,50,2,7,2021,06:09,5,94,94041,2,1,0,3,Quai Jean Compagnon,48.82078,2.39545,6,2,2
202100000386,201Â 015,A01,4,2,1,5,1,-1,-1,-1, -1,-1,2021,19.0,0,2,13,0,9,1,1,,4,,-1,,2,2,-1,1,(1),(1),3,, -1,1,0,1,70,22,8,2021,02:00,3,33,33279,1,1,0,6,Route de Larame,44.523107,-0.253805,2,4,1
202100004083,194Â 446,A01,2,2,2,5,2,6,-1,-1, -1,-1,2021,25.0,2,1,0,2,1,17,1,,4,,0,,2,2,0,1,(1),(1),1,, -1,2,0,1,50,6,12,2021,17:05,2,15,15014,2,1,0,3,VOLONTAIRE (AVENUE DES),44.91745,2.43913,17,3,2
202100032553,143Â 580,A01,2,2,1,5,8,-1,-1,0,0,-1,2021,38.0,1,2,11,0,1,1,1,,1,89,-1,,1,4,0,1,329,400,1,, -1,1,0,1,-1,25,6,2021,13:50,1,63,63055,1,1,0,6, A89----329+400,45.833225,2.815762,13,2,1
202100053993,105Â 241,A01,7,2,2,5,1,-1,-1,0,0,-1,2021,56.0,1,2,0,0,9,1,1,,3,518,-1,,2,2,0,2,40,332,4,, -1,5,0,8,80,24,1,2021,08:50,2,26,26069,1,1,0,7,D518,44.825865,5.389051,8,3,1
202100045921,119Â 676,A01,1,1,1,0,2,-1,-1,0,0,-1,2021,33.0,0,1,0,2,7,17,1,,4,CHATEAU MILAN (RUE DU),0,,2,5,0,1,(1),(1),1,, -1,1,0,1,50,26,3,2021,15:15,1,80,80021,2,1,0,3,CHATEAU MILAN (RUE DU),49.9014036986,2.2832511409,15,2,2
202100053507,106Â 071,A01,10,3,2,2,0,-1,-1,3,3,1,2021,18.0,1,2,0,1,3,1,1,,3,COLOMBES,0,,2,2,0,1,0,0,1,, -1,1,0,1,50,27,1,2021,14:40,1,92,92026,2,3,0,6,COLOMBES,48.90198,2.2562,14,2,1
202100047676,116Â 533,A01,1,1,1,4,8,-1,-1,0,0,-1,2021,70.0,1,2,0,0,6,4,1,,2,40,0,,2,2,0,1,30,950,1,, -1,1,0,1,50,10,3,2021,19:55,5,201,201130,2,1,0,6,RT 40 Ã  hauteur de la place de la fontaine,41.8691811916,8.964225312,19,1,1
202100000188,201Â 406,A01,1,1,2,5,1,-1,-1,0,0,-1,2021,93.0,1,2,13,0,2,1,1,,3,918,0,D,2,2,0,1,6,167,2,, -1,1,0,3,90,12,11,2021,10:53,1,61,61116,1,1,0,7,Lieu Dit le Rivray,48.396581,0.867453,10,1,1
202100018307,168Â 899,B01,1,1,2,9,1,0,-1,-1, -1,-1,2021,26.0,2,2,0,1,4,2,1,,3,7,0,,2,4,0,1,0,0,1,, -1,1,6,1,50,17,9,2021,17:40,1,91,91201,2,1,0,2,AV DU GENERAL DE GAULLE,48.68682,2.401767,17,2,2
202100026943,153Â 553,A01,1,1,2,5,1,5,-1,0,0,-1,2021,20.0,3,2,0,0,1,1,1,,4,43,-1,,2,2,0,1,10,0,1,, -1,1,0,1,50,18,3,2021,18:00,1,74,74169,2,1,0,1,R de la Fin,46.0629,6.525204,18,2,2
202100009077,185Â 480,B01,1,1,1,9,1,-1,-1,-1, -1,-1,2021,19.0,2,2,0,2,1,1,1,,3,SAINT JEAN D'ANGELY (AVENUE),0,,2,3,0,1,1,500,1,,"10,5",1,5,1,50,5,11,2021,13:00,1,79,79191,2,2,0,3,Avenue Saint Jean dâAngely,46.31033,-0.46565,13,3,2
202100039457,131Â 079,B01,1,1,2,0,8,-1,-1,-1, -1,-1,2021,58.0,1,1,0,2,1,1,5,,4,CRS DE L'YSER,0,,2,2,2,1,(1),(1),1,, -1,1,0,5,50,18,5,2021,17:55,1,33,33063,2,1,0,3,Cours de lâYser,44.8275032953,-0.569025542,17,2,2
202100053267,106Â 520,A01,10,3,1,2,0,-1,-1,3,3,1,2021,17.0,0,2,0,1,3,16,1,,3,PAUL ET CAMILLE THOMOUX (RUE) COTE PAIR,0,,2,2,0,1,1,0,1,, -1,2,0,1,50,29,1,2021,09:55,1,93,93050,2,2,1,6,PAUL ET CAMILLE THOMOUX (RUE) COTE PAIR,48.8733466122,2.5296996544,9,2,1
202100054493,104Â 363,A01,10,3,1,0,0,-1,-1,2,3,1,2021,73.0,1,2,0,1,5,4,1,,3,VICTOR HUGO (BD),0,,2,2,0,1,0,0,1,, -1,2,9,1,50,19,1,2021,11:48,1,92,92024,2,1,0,6,VICTOR HUGO (BD),48.90033,2.31523,11,2,1
202100020789,164Â 486,A01,1,1,1,0,1,-1,-1,0,0,-1,2021,23.0,1,2,0,2,3,13,1,,3,76,0,,2,2,0,2,2,890,3,, -1,1,2,1,50,24,8,2021,06:50,2,78,78389,1,1,0,1,Route de la Bardelle,48.803132,1.81563,6,3,2
202100055856,102Â 038,A01,1,1,1,0,2,8,-1,-1, -1,-1,2021,25.0,1,1,9,0,1,0,1,,4,,0,,-1,2,0,1,0,0,1,, -1,1,0,1,50,8,1,2021,05:20,3,92,92036,2,1,0,7,BASSIN NÂ°6 (ROUTE DU),48.9487582903,2.2846788168,5,1,1
202100035420,138Â 405,B01,1,1,1,0,2,6,-1,0,0,-1,2021,57.0,2,1,0,2,1,19,1,,3,10,-1,D,2,2,0,1,(1),(1),1,,4,1,0,1,50,4,6,2021,13:25,1,59,59581,2,1,0,1,13 Rue de la Rabette,50.698619,2.781285,13,2,2
202100053646,105Â 839,A01,1,1,2,5,1,-1,-1,0,0,-1,2021,62.0,2,2,13,0,0,9,1,,2,12,-1,,1,4,0,2,38,700,3,, -1,2,3,8,110,27,1,2021,11:00,1,29,29105,1,9,1,6,N12 -  pk 38+700,48.518246,-4.051455,11,1,1
202100017966,169Â 512,B01,1,1,1,1,2,6,-1,-1, -1,-1,2021,35.0,1,1,0,2,2,1,1,,1,AUTOROUTE A6A,0,,3,5,0,2,8,913,1,, -1,1,3,1,110,20,9,2021,18:30,1,91,91689,1,1,0,3,AUTOROUTE A6A,48.740825,2.320883,18,3,2
202100022616,161Â 190,A01,3,2,2,0,1,0,-1,0,0,-1,2021,8.0,0,2,0,2,1,1,1,,4,MALLY (RUE DU DR),0,,4,1,0,1,(1),(1),1,, -1,1,2,1,50,24,8,2021,14:25,1,63,63113,2,1,0,1,MALLY (RUE DU DR),45.78977,3.12405,14,5,2
202100032622,143Â 452,B01,2,2,2,0,2,0,-1,-1, -1,-1,2021,19.0,1,1,0,2,0,0,1,,1,AUTOROUTE A3,0,,3,7,0,1,8,399,1,, -1,1,0,1,110,24,6,2021,01:10,3,93,93010,1,1,0,2,AUTOROUTE A3,48.90874,2.47377,1,3,2
202100049673,112Â 950,B01,1,1,1,3,2,6,-1,-1, -1,-1,2021,47.0,2,1,0,2,3,2,1,,3,FONTAINEBLEAU (AV DE),0,,1,2,0,1,0,0,1,, -1,1,0,1,50,1,3,2021,07:55,1,94,94073,2,1,0,3,FONTAINEBLEAU (AV DE),48.76211,2.36846,7,2,2
202100009746,184Â 276,A01,2,2,1,0,2,8,-1,-1, -1,-1,2021,19.0,2,1,6,0,7,14,1,,3,FAUBOURG ASSIQUET,0,,2,2,0,1,4,930,2,, -1,1,0,4,50,29,10,2021,20:41,5,76,76447,2,1,0,6,FAUBOURG ASSIQUET,49.5474,0.1961,20,2,1
202100020232,165Â 470,A01,10,3,2,2,0,-1,-1,3,3,1,2021,20.0,1,5,0,1,2,1,1,,3,RUE CHARLES ROSSIGNOL,0,,2,2,0,1,0,0,1,, -1,1,0,1,50,7,9,2021,10:55,1,91,91589,2,1,0,6,RUE CHARLES ROSSIGNOL,48.675569,2.355334,10,2,1
202100028975,149Â 936,A01,1,1,1,5,0,-1,-1,0,0,-1,2021,22.0,3,1,0,2,1,26,3,,4,ROSEL (RUE DE),0,,2,2,0,1,1,0,1,, -1,1,9,1,50,14,7,2021,13:50,1,14,14118,2,9,0,3,Boulevard Dunois,49.18832,-0.37828,13,2,2
202100009467,184Â 786,A01,10,3,2,1,0,-1,-1,3,3,1,2021,37.0,1,1,0,2,1,1,1,,4,BOULEVARD HENRI IV,0,,2,4,2,1,(1),(1),1,, -1,2,0,1,30,3,11,2021,18:27,5,75,75104,2,3,0,6,BOULEVARD HENRI IV,48.850422,2.360109,18,2,1
202100023414,159Â 768,A01,3,2,2,5,1,8,-1,-1, -1,-1,2021,7.0,1,2,8,0,2,14,1,,4,BERSTETT (RUE DE),0,,2,2,0,1,0,0,1,, -1,1,0,4,50,18,8,2021,19:00,1,67,67482,2,1,0,6,BERSTETT (RUE DE),48.59786,7.7068,19,3,1
202100003760,195Â 036,A01,10,3,2,5,0,-1,-1,1,9,1,2021,2.0,3,2,0,1,3,1,1,,4,,-1,,2,2,0,1,(1),(1),1,,4,1,0,1,50,11,12,2021,12:35,1,974,97404,2,1,0,6,Rue Motais de Narbonne,-21.26706,55.33357,12,2,1
202100015456,174Â 080,A01,1,1,1,1,1,-1,-1,-1,0,-1,2021,25.0,2,2,0,2,1,9,1,,1,AUTOROUTE A115,0,,3,4,0,2,8,0,1,, -1,1,0,1,70,2,10,2021,12:10,1,95,95607,1,1,0,5, A115,49.0136296465,2.2190451622,12,6,4
202100032399,143Â 861,B01,1,1,1,5,2,4,-1,0,0,-1,2021,10.0,2,1,0,2,4,15,5,,3,60,-1,,2,1,0,1,0,655,1,,3,1,0,1,80,26,6,2021,11:00,1,37,37130,1,2,0,3,Lieu Dit Chantepie,47.0164326224,0.8417402208,11,4,2
202100001600,198Â 947,B01,1,1,1,0,1,0,-1,0,0,-1,2021,91.0,1,0,0,2,3,5,5,,4,BRIAND (AVENUE ARISTIDE),0,,1,2,2,1,(1),(1),1,, -1,1,0,1,50,23,12,2021,15:50,1,35,35238,2,3,0,3,Avenue Aristide Briand,48.1102,-1.66319,15,2,2
202100043806,123Â 380,A01,1,1,1,5,2,0,-1,-1, -1,-1,2021,42.0,3,1,0,2,0,0,1,,4,CHE MAROLLES A GRANDE PATTE D'OIE ,0,,2,2,0,1,1,0,1,, -1,1,0,1,50,16,4,2021,11:15,1,94,94048,2,1,0,6,MAROLLES A GRANDE PATTE D'OIE (CHE),48.749219,2.557061,11,2,2
202100052500,107Â 881,B01,1,1,1,0,1,-1,-1,0,0,-1,2021,59.0,2,2,0,0,4,2,1,,1,660,-1,A,3,2,0,1,19,800,1,, -1,1,8,1,50,5,2,2021,19:40,3,33,33199,1,6,0,2,,44.61453,-1.073442,19,2,2
202100037889,133Â 938,A01,10,3,1,5,0,-1,-1,1,9,1,2021,20.0,3,1,0,1,1,1,1,,4,,-1,,2,2,0,2,(1),(1),1,, -1,1,0,1,80,29,5,2021,16:30,1,80,80136,1,1,0,6,ancienne route de BRAY SUR SOMME Ã  MEAULT,49.954996,2.707583,16,2,1
202100002324,197Â 639,A01,1,1,1,5,1,-1,-1,0,0,-1,2021,16.0,0,2,2,0,8,1,1,,3,5,0,D,2,2,0,2,(1),(1),3,, -1,1,0,8,70,20,12,2021,16:30,1,976,97616,1,1,0,3,Plage de Mtsanga Beach,-12.884003,45.130677,16,3,1
202100034061,140Â 877,B01,1,1,1,0,1,-1,-1,-1, -1,-1,2021,52.0,2,2,0,2,4,0,1,,4,SAUVAIE (DE LA),0,,-1,2,0,1,0,0,1,, -1,1,0,1,50,16,6,2021,12:35,1,35,35238,2,1,0,4,SAUVAIE (DE LA),48.09574,-1.63383,12,3,3
202100004442,193Â 823,B01,1,1,1,5,0,-1,-1,0,0,-1,2021,70.0,2,1,0,2,1,16,5,,3,322,0,D,2,2,0,1,3,340,2,, -1,1,5,1,50,7,12,2021,13:55,1,39,39189,2,6,0,3,60 Rue de Belvoye,47.067184,5.414575,13,2,2
202100031808,144Â 907,A01,1,1,1,0,2,6,-1,-1, -1,-1,2021,23.0,2,1,0,0,9,2,1,,1,AUTOROUTE A104,0,,3,6,0,1,2,900,1,, -1,2,0,1,110,29,6,2021,18:00,1,93,93078,1,1,1,7,AUTOROUTE A104,48.96367,2.52134,18,1,1
202100018987,167Â 693,A01,10,3,2,5,0,-1,-1,4,3,1,2021,34.0,2,2,0,1,2,1,1,,4,BOULEVARD MALESHERBES,0,,2,4,0,1,(1),(1),1,, -1,1,0,1,50,14,9,2021,15:00,1,75,75117,2,2,0,6,BOULEVARD MALESHERBES,48.8899492903,2.3039665358,15,2,1
202100030968,146Â 393,B01,2,2,1,0,1,0,-1,-1, -1,-1,2021,82.0,1,2,0,2,4,2,1,,1,AUTOROUTE A3,0,,3,6,0,1,12,100,1,, -1,1,0,1,110,4,7,2021,16:00,1,93,93007,1,1,0,2,AUTOROUTE A3,48.94366,2.47769,16,3,2
202100044435,122Â 260,A01,1,1,1,1,1,0,-1,-1, -1,-1,2021,23.0,2,2,4,0,1,1,1,,2,186,0,,1,5,0,1,47,0,2,, -1,2,0,1,90,11,4,2021,10:35,1,94,94073,1,1,1,6,A86 EXT,48.75348,2.3801,10,1,1
202100000330,201Â 130,A01,1,1,2,5,1,-1,-1,0,0,-1,2021,19.0,3,2,2,0,0,14,1,,3,215,-1,,2,2,0,2,4,735,1,, -1,7,0,8,90,11,12,2021,09:50,1,77,77295,1,1,0,6,D215,48.569459,2.757182,9,1,1
202100011846,180Â 544,B01,1,1,1,4,2,6,-1,0,0,-1,2021,44.0,2,1,0,2,3,7,3,,4,BOULEVARD BARBES,0,,1,2,0,1,(1),(1),1,, -1,1,-1,6,50,21,10,2021,10:45,1,75,75118,2,2,0,3,BOULEVARD BARBES,48.88383,2.349469,10,2,2
202100012411,179Â 521,A01,10,3,1,3,0,-1,-1,2,3,1,2021,60.0,1,2,0,1,1,1,1,,4,MARECHAL FOCH (RUE),0,,2,2,0,1,(1),(1),1,, -1,1,0,1,50,17,10,2021,09:35,1,71,71153,2,4,1,6,Rue MarÃ©chal Foch,46.8043753556,4.4410809077,9,2,1
202100053839,105Â 513,B01,1,1,2,5,1,0,-1,-1, -1,-1,2021,23.0,1,2,0,2,2,1,1,,4,MONTJOYEUX (AVENUE),0,,2,2,0,1,(1),(1),1,, -1,2,5,1,50,23,1,2021,11:30,1,37,37261,2,2,0,3,MONTJOYEUX (AVENUE),47.3607258595,0.7063597615,11,3,2
202100054684,104Â 039,A01,10,3,2,5,0,-1,-1,1,4,1,2021,18.0,3,2,0,1,2,17,1,,4,JOSEPH AIGUIER (CHEMIN),0,,2,2,0,1,(1),(1),1,, -1,1,0,1,50,16,1,2021,17:50,2,13,13209,2,1,0,6,JOSEPH AIGUIER (CHEMIN),43.25563,5.406122,17,2,1
202100024909,157Â 134,B01,1,1,1,0,2,6,-1,-1, -1,-1,2021,23.0,1,1,0,2,8,18,1,,3,DE LATTRE DE TASSIGNY (1 A 51),0,,3,4,0,1,0,1,1,, -1,1,0,1,50,9,8,2021,13:45,1,93,93031,2,1,0,3,Avenue de Lattre de Tassigny,48.956556,2.310718,13,2,2
202100043431,124Â 029,A01,1,1,2,3,1,-1,-1,0,0,-1,2021,63.0,2,2,6,2,1,15,1,,3,REPUBLIQUE (RUE DE LA),0,,2,2,0,1,0,426,2,, -1,1,0,1,30,19,4,2021,18:05,1,65,65417,2,3,0,3,REPUBLIQUE (RUE DE LA),43.22873,0.10232,18,2,2
202100030383,147Â 455,A01,10,3,2,4,0,-1,-1,9,B,1,2021,41.0,1,2,0,1,4,26,0,,6,INTERMARCHE (RUE DU GORD),0,,-1,1,3,1,0,0,1,, -1,1,9,6,30,6,7,2021,10:30,1,28,28085,2,9,0,2,INTERMARCHE (RUE DU GORD),48.43222,1.4935,10,2,1
202100036096,137Â 159,A01,1,1,1,5,8,0,-1,0,0,-1,2021,53.0,0,0,0,2,8,11,3,,4,PONT CHARLES DE GAULLE,0,,-1,4,0,1,(1),(1),1,, -1,1,0,1,50,6,6,2021,18:30,1,75,75113,2,1,0,3,PONT CHARLES DE GAULLE,48.84254,2.369076,18,2,2
202100051721,109Â 241,A01,1,1,1,0,8,0,-1,-1, -1,-1,2021,31.0,1,2,0,2,3,17,1,,4,ORTEBOUT,0,,2,2,0,1,0,1,1,, -1,1,0,1,50,12,2,2021,16:25,1,93,93039,2,1,0,1,ORTEBOUT,48.9325024483,2.3388555582,16,2,2
202100023051,160Â 417,A01,4,2,2,0,1,0,-1,-1, -1,-1,2021,20.0,2,2,0,0,1,19,1,,4,AGACHOTS (RUE DES),0,,2,2,0,1,(1),(1),1,, -1,2,0,1,50,25,7,2021,15:40,1,60,60057,2,3,1,3,Rue des Agachots,49.44361,2.08455,15,4,2
202100048952,114Â 250,B01,1,1,1,5,1,0,-1,-1, -1,-1,2021,52.0,1,2,0,2,8,15,1,,4,BLUM APRES LE 1429,0,,2,2,0,1,(1),(1),1,, -1,1,0,1,50,6,3,2021,15:30,1,11,11069,2,1,0,3,BLUM APRES LE 1429,43.2265,2.34,15,2,2
202100024118,158Â 551,A01,5,2,2,0,1,-1,-1,-1, -1,-1,2021,39.0,2,2,9,2,3,19,1,,4,JEAN DE LA FONTAINE,0,,2,2,0,1,(1),(1),1,,"7,3",1,0,1,50,14,8,2021,14:18,1,79,79191,2,2,0,3,28 Rue Jean de la Fontaine,46.31891,-0.47615,14,3,2
202100006703,189Â 798,B01,2,2,1,0,1,8,-1,-1, -1,-1,2021,27.0,1,2,0,2,4,1,1,,4,ENFANT (RTE DE L'),0,,2,2,0,1,(1),(1),1,, -1,1,0,1,50,22,11,2021,21:40,5,13,13001,2,2,0,3,ENFANT (RTE DE L'),43.48854,5.38743,21,3,2
202100035810,137Â 697,B01,1,1,2,2,1,-1,-1,0,0,-1,2021,40.0,2,2,0,2,3,1,1,,3,38,0,D,2,2,0,2,60,550,2,, -1,1,0,1,80,8,6,2021,16:38,1,42,42128,1,4,0,1,Route dâAmplepuis,45.949001,4.292736,16,2,2
202100013754,177Â 125,A01,1,1,1,5,1,-1,-1,0,0,-1,2021,54.0,1,6,0,0,3,1,1,,3,675,-1,,2,2,0,1,32,200,1,, -1,1,0,3,90,12,10,2021,18:20,2,14,14203,1,1,0,7,D675,49.227211,-0.057678,18,1,1
202100004063,194Â 486,A01,10,3,1,0,0,-1,-1,2,1,1,2021,48.0,3,2,0,1,1,2,1,,4,ALL DE BOUTAUT,0,,3,4,3,1,(1),(1),1,, -1,1,0,1,50,7,12,2021,10:00,1,33,33075,2,1,0,6,AllÃ©e de Boutaut,44.87048,-0.5762,10,2,1
202100048007,115Â 928,B01,1,1,1,1,2,6,-1,-1, -1,-1,2021,24.0,1,1,0,2,3,1,1,,1,14,0,,3,2,0,1,1,389,1,, -1,2,1,1,70,15,3,2021,07:00,1,92,92062,1,1,1,3,A14,48.893674,2.232789,7,2,2
202100011446,181Â 261,A01,1,1,1,5,2,-1,-1,0,0,-1,2021,21.0,1,1,0,2,1,1,1,,3,8,0,C,2,2,0,1,19,875,1,, -1,1,0,1,50,23,10,2021,19:45,3,62,62447,2,3,0,1,8 Rue du Pont Cacheleux,50.371874,2.044031,19,2,2
202100021498,163Â 207,A01,2,2,1,0,2,8,-1,-1, -1,-1,2021,19.0,0,1,0,2,0,15,1,,3,DE GAULLE (AVENUE DU GENERAL),0,,2,2,0,2,0,0,1,, -1,1,0,1,30,1,9,2021,20:50,5,92,92075,2,2,0,6,DE GAULLE (AVENUE DU GENERAL),48.8234122261,2.2822916508,20,3,2
202100031338,145Â 725,A01,1,1,1,5,2,6,-1,0,0,-1,2021,65.0,1,1,0,2,1,1,1,,3,13,0,D,2,2,0,2,29,470,2,, -1,1,0,1,50,2,7,2021,08:00,1,33,33098,2,4,0,1,,44.681264,-0.320309,8,2,2