Num_Acc,id_vehicule,num_veh,place,catu,sexe,trajet,secu1,secu2,secu3,locp,actp,etatp,year_acc,victim_age,senc,catv,obs,obsm,choc,manv,motor,occutc,catr,voie,v1,v2,circ,nbv,vosp,prof,pr,pr1,plan,lartpc,larrout,surf,infra,situ,vma,jour,mois,an,hrmn,lum,dep,com,agg_,int,atm,col,adr,lat,long,hour,nb_victim,nb_vehicules
202100051733,109Â 223,B01,2,2,2,5,1,-1,-1,0,0,-1,2021,58.0,1,2,0,2,3,1,1,,3,70,0,A,2,2,0,1,2,325,2,, -1,7,0,1,80,13,2,2021,10:40,1,1,1381,1,1,0,1,D70A,46.035867,5.150042,10,6,2
202100051402,109Â 806,A01,1,1,1,5,1,8,-1,-1, -1,-1,2021,20.0,2,2,13,0,0,1,1,,3,ROUTE DE BORDEAUX,0,,2,2,0,1,2,340,3,, -1,1,0,8,50,14,2,2021,00:00,3,82,82121,2,6,0,6,ROUTE DE BORDEAUX,44.02756,1.32507,0,2,1
202100016968,171Â 291,B01,1,1,1,0,0,-1,-1,0,0,-1,2021,24.0,1,1,0,2,7,25,0,,4,VAUCELLES (PONT DE),0,,2,3,0,1,1,0,1,, -1,1,9,8,50,24,9,2021,18:10,1,14,14118,2,1,0,3,VAUCELLES (PONT DE),49.17674,-0.35448,18,2,2
202100009497,184Â 733,B01,1,1,1,1,2,6,-1,0,0,-1,2021,42.0,1,1,0,2,4,2,1,,3,316,-1,,2,3,0,1,7,200,1,, -1,1,0,1,80,5,11,2021,08:30,1,95,95205,1,1,0,2,RD 316,49.03101,2.38995,8,2,2
202100004630,193Â 490,B01,1,1,2,3,8,8,-1,-1, -1,-1,2021,31.0,1,2,0,2,4,2,1,,1,86,0,,3,5,0,1,5,500,1,, -1,2,0,1,90,5,12,2021,13:50,1,92,92025,1,1,1,2,A86,48.9337607492,2.25454017,13,2,2
202100018371,168Â 789,A01,1,1,2,0,1,0,-1,-1, -1,-1,2021,20.0,1,2,0,2,3,19,1,,4,BESANCON (RUE DE),0,,2,1,0,1,(1),(1),2,, -1,1,9,1,50,17,9,2021,22:40,5,25,25462,2,6,0,3,BESANCON (RUE DE),46.91172,6.347639,22,2,2
202100029164,149Â 618,B01,1,1,2,1,1,0,-1,-1, -1,-1,2021,35.0,2,2,0,2,3,1,1,,4,SAINT HILAIRE (R),0,,2,2,0,1,1,0,1,, -1,2,0,1,30,13,7,2021,08:35,1,94,94068,2,2,1,3,Rue Saint-Hilaire,48.791788,2.513305,8,3,2
202100033459,141Â 962,A01,1,1,1,5,2,-1,-1,0,0,-1,2021,44.0,2,1,7,0,7,1,1,,3,117,0,,2,2,1,1,8,24,2,, -1,1,0,1,80,19,6,2021,16:50,1,71,71287,1,4,1,6,l'orÃ©e du bois,46.492845,4.682107,16,1,1
202100033338,142Â 175,A01,1,1,1,5,2,8,-1,-1, -1,-1,2021,51.0,1,1,12,0,2,14,1,,4,BRAILLE (RUE LOUIS),0,,2,2,0,2,(1),(1),3,, -1,1,0,1,30,12,6,2021,21:40,1,56,56121,2,1,0,6,BRAILLE (RUE LOUIS),47.75469,-3.37278,21,1,1
202100046698,118Â 305,B01,1,1,1,1,1,-1,-1,0,0,-1,2021,50.0,0,2,0,2,8,1,2,,7,8,0,D,2,2,0,1,0,0,3,, -1,1,0,1,70,25,3,2021,18:30,1,13,13107,2,1,0,3,Route de Gardanne,43.444733,5.440571,18,2,2
202100053858,105Â 476,A01,1,1,1,4,8,8,-1,-1, -1,-1,2021,30.0,2,1,0,2,1,26,1,,3,STRASBOURG (BD DE),0,,2,2,0,2,1,0,1,, -1,2,0,1,50,24,1,2021,20:30,5,94,94052,2,3,0,3,STRASBOURG (BD DE),48.838043,2.477993,20,2,2
202100008158,187Â 137,A01,1,1,1,5,2,6,-1,-1, -1,-1,2021,27.0,1,1,0,2,7,1,3,,3,989,0,,-1,2,0,1,0,0,1,, -1,1,0,1,30,14,11,2021,20:35,5,92,92040,2,1,0,3,Avenue Victor Cresson,48.8227146395,2.268499732,20,2,2
202100014894,175Â 089,B01,1,1,1,4,0,-1,-1,0,0,-1,2021,43.0,1,4,0,0,4,1,1,,3,941,-1,,2,2,0,1,2,900,1,, -1,1,0,1,90,7,10,2021,19:30,2,23,23131,1,1,0,2,D941 PK 2+900,45.891785,2.47098,19,2,2
202100026139,154Â 969,B01,2,2,2,0,2,-1,-1,-1, -1,-1,2021,17.0,3,1,0,2,5,1,3,,4,RUE NAUJAC,0,,1,1,0,1,(1),(1),1,, -1,1,0,1,50,31,7,2021,20:37,1,33,33063,1,2,0,3,Rue Naujac,44.84684,-0.591984,20,3,2
202100014002,176Â 676,A01,2,2,1,0,8,0,-1,-1, -1,-1,2021,17.0,3,1,0,2,1,26,1,,4,DEMOISELLES (ALL DES) DU 2AU 80,0,,1,2,0,1,(1),(1),1,, -1,1,0,1,50,9,10,2021,00:00,5,31,31555,2,1,0,1,DEMOISELLES (ALL DES) DU 2AU 80,43.59101,1.45267,0,3,2
202100046242,119Â 115,A01,1,1,2,5,2,6,-1,0,0,-1,2021,29.0,2,1,0,0,0,1,1,,4,AVENUE DE LA PORTE CHAUMONT,0,,2,4,0,4,(1),(1),3,, -1,1,0,1,50,28,3,2021,20:28,5,75,75119,2,2,0,7,AVENUE DE LA PORTE CHAUMONT,48.886299,2.396364,20,2,1
202100010708,182Â 584,A01,1,1,2,1,8,0,-1,-1, -1,-1,2021,17.0,1,1,0,2,3,26,3,,4,LEROY PLACE,0,,1,2,0,1,1,0,2,, -1,1,0,1,30,26,10,2021,10:00,1,49,49007,2,5,0,3,LEROY PLACE,47.4647,-0.54883,10,2,2
202100005165,192Â 545,A01,2,2,1,4,1,-1,-1,0,0,-1,2021,29.0,2,5,0,2,1,2,1,,1,64,0,A,3,4,0,1,223,90,1,, -1,1,0,1,130,3,12,2021,09:28,1,31,31324,1,1,0,2,A64 PK231.500 sens TOULOUSE BAYONNE,43.206177,1.015978,9,3,2
202100051305,109Â 967,A01,1,1,1,5,2,6,-1,0,0,-1,2021,41.0,1,1,0,2,1,2,1,,4,PROVENCE (AVENUE DE),0,,2,2,0,1,(1),(1),1,, -1,1,0,1,50,16,2,2021,18:07,2,6,6069,2,1,0,2,PROVENCE (AVENUE DE),43.653665,6.922015,18,2,2
202100028860,150Â 132,A01,1,1,1,5,2,0,-1,0,0,-1,2021,25.0,2,0,0,2,2,1,3,,4,QUAI DE LA GARE,0,,2,5,1,1,(1),(1),1,, -1,1,0,5,50,15,7,2021,16:00,1,75,75113,2,2,0,3,QUAI DE LA GARE,48.837343,2.373862,16,2,2
202100047917,116Â 081,A01,1,1,2,0,1,0,-1,-1, -1,-1,2021,53.0,2,2,0,2,1,19,1,,4,BIZOTS (ROUTE DES),0,,2,2,0,1,1,0,1,, -1,1,0,1,50,14,3,2021,17:20,1,71,71040,2,2,0,3,BIZOTS (ROUTE DES),46.7122555592,4.3949514648,17,2,2
202100044797,121Â 637,B01,2,2,1,5,2,0,-1,-1, -1,-1,2021,3.0,3,1,0,2,1,26,2,,4,,0,,2,2,0,1,0,0,3,, -1,1,9,1,50,6,4,2021,18:05,1,91,91425,2,9,0,3,RUE DE PARIS,48.64189,2.27204,18,3,2
202100012384,179Â 576,C01,1,1,1,0,1,0,-1,-1, -1,-1,2021,23.0,1,2,0,2,4,2,6,,2,ROUTE NATIONALE 5,0,,3,1,0,1,4,0,1,, -1,1,0,1,70,18,10,2021,09:10,1,972,97207,1,1,0,4,ROUTE NATIONALE 5,14.574673,-60.985144,9,3,3
202100033807,141Â 332,B01,1,1,1,0,2,0,-1,-1, -1,-1,2021,24.0,2,1,0,2,8,1,5,,4,FINKMATT (QUAI),0,,1,3,1,1,0,0,1,, -1,1,0,1,50,15,6,2021,18:40,1,67,67482,2,3,0,3,FINKMATT (QUAI),48.58702,7.74649,18,2,2
202100019428,166Â 908,B01,1,1,1,0,8,-1,-1,0,0,-1,2021,33.0,1,0,0,2,4,26,3,,3,31,0,D,2,2,0,1,(1),(1),1,, -1,1,0,1,80,13,9,2021,16:50,1,84,84054,1,1,0,3,route dÃ©partementale 31,43.939339,5.029196,16,3,2
202100030263,147Â 669,C01,1,1,1,5,1,-1,-1,0,0,-1,2021,59.0,0,2,0,2,2,2,1,,2,1,0,A,2,2,2,1,0,0,1,,7,1,0,1,-1,8,7,2021,13:15,1,974,97413,1,1,0,4,rue du gÃ©nÃ©ral de gaulle,-21.155533,55.28316,13,4,4
202100052599,107Â 703,B01,1,1,1,2,2,-1,-1,0,0,-1,2021,23.0,1,1,0,2,1,1,1,,3,177,0,D,2,2,0,1,67,530,1,, -1,2,0,1,80,5,2,2021,07:50,2,35,35285,1,2,1,3,lieu-dit La BAsse lande,47.75549,-1.943979,7,2,2
202100041541,127Â 352,B01,1,1,1,0,2,8,-1,-1, -1,-1,2021,15.0,1,1,1,0,4,2,1,,2,RN7 (GrÃ¨zes-pouloumard),0,,2,2,0,1,91,233,1,, -1,1,0,3,80,3,5,2021,12:10,1,26,26198,1,1,0,2,Route Nationale 7,44.54118,4.7305,12,3,2
202100020549,164Â 902,B01,1,1,1,5,1,0,-1,-1, -1,-1,2021,53.0,1,2,0,2,4,2,1,,3,ROUEN (ROUTE DE ),0,,2,2,0,1,1,0,1,, -1,1,0,1,90,6,9,2021,15:30,1,14,14221,1,1,0,4,ROUEN (ROUTE DE ),49.17352,-0.26435,15,3,3
202100006596,190Â 006,B01,1,1,2,0,1,-1,-1,-1,0,-1,2021,41.0,0,2,0,2,1,1,1,,4,DURY (ROUTE DE),0,,2,2,0,3,(1),(1),1,, -1,1,0,1,80,17,11,2021,07:40,3,80,80702,1,1,0,1,DURY (ROUTE DE),49.8453,2.29078,7,2,2
202100009005,185Â 620,A01,1,1,1,5,1,-1,-1,0,0,-1,2021,19.0,2,2,0,2,7,13,1,,3,22,-1,,2,2,0,2,39,50,2,, -1,2,0,1,80,8,11,2021,07:50,2,64,64259,1,1,0,3,route dÃ©partementale 22,43.29206,-1.241047,7,2,2
202100016604,171Â 954,A01,1,1,1,0,1,0,-1,-1, -1,-1,2021,58.0,2,2,4,0,1,1,1,,1,AUTOROUTE A10,0,,1,4,0,2,4,599,2,, -1,2,0,1,70,27,9,2021,13:10,1,91,91136,1,1,1,6,AUTOROUTE A10,48.71193,2.28948,13,1,1
202100012785,178Â 868,A01,1,1,2,1,1,0,-1,-1, -1,-1,2021,20.0,1,2,0,2,4,1,1,,1,A55-Sens Martigues vers Marseille,0,,1,3,0,1,4,0,1,, -1,1,0,1,90,15,10,2021,20:35,5,13,13215,1,1,0,2,A55-Sens Martigues vers Marseille,43.33285,5.3541,20,2,2
202100047324,117Â 176,A01,1,1,2,1,1,-1,-1,-1, -1,-1,2021,26.0,3,2,8,2,4,4,1,,4,PIERRE BROSSOLETTE                  (R ),0,,2,2,0,1,(1),(1),1,, -1,1,0,1,30,19,3,2021,13:40,1,69,69259,2,1,0,2,PIERRE BROSSOLETTE (R),45.72917,4.85859,13,2,2
202100048972,114Â 212,B01,1,1,1,0,8,0,-1,-1, -1,-1,2021,64.0,1,1,0,2,1,16,0,,4,NELSON MANDELA (AVENUE),0,,4,2,0,1,(1),(1),2,, -1,1,9,1,30,6,3,2021,17:25,1,93,93072,2,3,0,1,NELSON MANDELA (AVENUE),48.95107,2.37376,17,2,2
202100027630,152Â 334,A01,10,3,2,3,0,-1,-1,2,3,1,2021,90.0,3,2,0,1,4,4,1,,6,,-1,,-1,2,0,1,(1),(1),1,,5,1,0,1,30,22,7,2021,10:45,1,58,58046,2,1,1,6,Place d Aligre,46.869516,3.645601,10,2,1
202100036779,135Â 968,A01,1,1,1,0,2,6,-1,-1, -1,-1,2021,34.0,3,1,0,2,1,2,1,,4,EUROPE DE L',0,,2,3,0,1,0,0,1,, -1,1,0,1,50,2,6,2021,16:30,1,64,64335,1,1,0,2,EUROPE DE L',43.32505,-0.43834,16,2,2
202100006867,189Â 511,B01,1,1,1,1,1,-1,-1,0,0,-1,2021,53.0,2,2,0,2,1,1,1,,3,918,0,D,2,2,0,1,53,500,1,, -1,1,0,3,80,23,11,2021,07:30,2,64,64490,1,1,0,1,D918,43.222777,-1.298007,7,2,2
202100022573,161Â 270,A01,1,1,2,5,1,-1,-1,-1,0,-1,2021,29.0,2,2,4,0,1,1,1,,1,AUTOROUTE A1,0,,3,6,0,1,21,400,1,, -1,1,0,1,90,26,8,2021,15:00,1,95,95212,1,1,0,7, A1,49.029076903,2.538349825,15,1,1
202100006096,190Â 906,A01,1,1,1,4,8,0,-1,0,0,-1,2021,27.0,1,1,0,2,6,18,5,,4,BOULEVARD DE LA VILLETTE,0,,1,0,0,1,(1),(1),3,, -1,2,0,1,30,26,11,2021,12:55,1,75,75119,2,2,1,3,BOULEVARD DE LA VILLETTE,48.884179,2.368595,12,2,2
202100052998,106Â 985,B01,1,1,2,9,1,-1,-1,0,0,-1,2021,27.0,1,2,0,0,3,1,1,,2,21,0,,2,2,0,1,10,500,1,, -1,2,0,1,80,31,1,2021,17:00,1,47,47152,1,1,1,1,"Lieu dit ""Naules""",44.595578,0.614848,17,3,2
202100010535,182Â 898,A01,1,1,2,5,1,4,-1,-1, -1,-1,2021,23.0,3,2,0,2,1,26,1,,4,D980,0,,1,2,0,1,(1),(1),1,, -1,1,0,1,90,28,10,2021,17:50,1,31,31149,1,1,0,2,D980,43.6057017002,1.3352385163,17,3,2
202100015045,174Â 818,B01,1,1,2,5,1,0,-1,-1, -1,-1,2021,54.0,1,2,0,2,1,1,1,,4,ETANG ROUTE,0,,2,2,0,1,1,0,1,, -1,2,0,1,50,5,10,2021,18:19,1,49,49015,2,1,1,1,ETANG ROUTE,47.511352,-0.613032,18,3,2
202100017601,170Â 160,A01,2,2,1,5,8,0,-1,-1, -1,-1,2021,27.0,0,1,0,0,0,1,0,,4,RONDE COUTURE,0,,2,2,0,2,0,0,2,, -1,1,0,1,50,23,5,2021,20:50,2,8,8105,2,1,0,7,RONDE COUTURE,49.746856569,4.7191312033,20,2,1
202100009895,184Â 008,A01,1,1,1,0,1,8,-1,0,0,-1,2021,21.0,2,2,0,2,1,17,1,,3,ALATA ROUTE,0,,2,2,0,2,0,0,2,, -1,2,0,1,90,31,10,2021,20:15,5,201,201004,1,1,0,1,ALATA ROUTE,41.9370814614,8.7359521064,20,2,2
202100043382,124Â 117,A01,1,1,1,4,1,-1,-1,0,0,-1,2021,73.0,1,2,0,2,6,15,1,,3,90,0,D,2,2,1,1,3,10,1,, -1,1,0,1,70,21,4,2021,11:10,1,38,38256,1,2,0,2,Le Vernay,45.456691,5.545349,11,4,2
202100039271,131Â 406,B01,1,1,1,0,0,-1,-1,-1, -1,-1,2021,17.0,2,1,0,2,4,13,3,,4,TOUSSIEU (DE)                       (RO),0,,2,2,0,2,(1),(1),1,, -1,2,0,1,50,19,5,2021,17:40,1,69,69290,1,1,0,2,TOUSSIEU (DE) (RTE),45.69729,4.98269,17,2,2
202100001314,199Â 409,A01,1,1,2,1,8,-1,-1,0,0,-1,2021,40.0,1,2,0,2,6,13,1,,3,905,0,,2,2,0,1,18,890,1,, -1,2,0,1,90,28,12,2021,08:45,1,39,39448,1,1,1,1,,47.003788,5.51011,8,3,2
202100003334,195Â 800,B01,1,1,1,5,1,-1,-1,0,0,-1,2021,80.0,3,5,0,2,8,1,1,,4,32,-1,,2,2,0,1,(1),(1),1,,4,1,0,1,50,13,12,2021,08:16,1,29,29055,2,2,0,3,Route de Lannilis,48.563786,-4.338226,8,2,2
202100031936,144Â 660,A01,1,1,1,5,1,-1,-1,0,0,-1,2021,21.0,3,2,8,0,2,14,1,,4,,-1,,2,2,0,1,(1),(1),2,,4,1,0,3,80,28,6,2021,13:25,1,8,8067,1,1,0,7,Rue de Charbeaux,49.630033,5.215738,13,1,1
202100052752,107Â 434,A01,10,3,2,1,0,-1,-1,4,3,1,2021,27.0,1,2,0,1,2,15,1,,4,MARECHAL FOCH  (PLACE),0,,2,2,0,1,(1),(1),1,, -1,2,6,1,30,2,2,2021,09:40,1,95,95210,2,1,1,6,MARECHAL FOCH  (PLACE),48.9716725117,2.3091566563,9,2,1
202100012842,178Â 769,B01,1,1,1,0,2,-1,-1,-1, -1,-1,2021,22.0,1,1,0,2,8,1,1,,1,SORTIE ROCADE NÂ°11,0,,1,2,0,1,17,500,1,, -1,1,0,1,50,16,10,2021,08:50,1,33,33281,1,2,1,3,Avenue RenÃ© Cassin,44.832197,-0.673,8,2,2
202100029333,149Â 331,A01,1,1,1,9,8,0,-1,0,0,-1,2021,57.0,1,1,0,0,8,21,5,,4,PLACE DE LA REPUBLIQUE,0,,2,7,0,1,(1),(1),1,, -1,2,0,1,50,12,7,2021,15:20,1,75,75103,2,7,0,7,PLACE DE LA REPUBLIQUE,48.867331,2.363346,15,1,1
202100027746,152Â 115,A01,1,1,1,5,1,0,-1,0,0,-1,2021,18.0,1,2,13,0,1,26,1,,3,D64E (voie nouvelle),0,,2,0,0,1,2,50,1,, -1,1,0,1,70,21,7,2021,16:20,1,27,27554,1,1,0,7,D64E (voie nouvelle),49.09403,1.39572,16,1,1
202100020813,164Â 442,A01,2,2,2,0,2,0,-1,-1, -1,-1,2021,25.0,2,1,0,0,9,3,1,,1,AUTOROUTE A3,0,,3,7,0,1,9,0,1,, -1,1,0,1,90,5,9,2021,20:45,3,93,93010,1,1,0,7,AUTOROUTE A3,48.915091834,2.4774420261,20,2,1
202100001313,199Â 410,B01,1,1,2,1,1,-1,-1,0,0,-1,2021,25.0,2,2,0,2,1,1,1,,3,9,-1,,2,2,0,4,2,581,1,,4,2,0,1,90,28,12,2021,07:15,3,61,61348,1,3,1,3,Le Menage,48.502335,0.574143,7,2,2
202100055625,102Â 420,A01,1,1,1,1,2,6,-1,0,0,-1,2021,18.0,1,1,0,0,0,1,1,,3,70,0,,2,2,0,2,3,650,1,, -1,7,0,1,80,10,1,2021,13:35,1,60,60405,1,1,0,7,D70,49.671067,1.829045,13,1,1
202100014159,176Â 384,B01,1,1,1,5,2,0,-1,-1, -1,-1,2021,46.0,3,1,0,2,4,15,5,,4,ERFURT PONT,0,,2,2,1,1,(1),(1),2,, -1,1,2,1,50,9,10,2021,14:15,1,59,59350,2,2,0,2,ERFURT PONT,50.640047,3.076879,14,2,2
202100055170,103Â 200,B01,1,1,2,5,1,0,-1,-1, -1,-1,2021,27.0,1,2,0,2,2,1,1,,4,BRUN PAIN (RUE DU),0,,2,2,0,1,(1),(1),1,, -1,1,5,1,50,12,1,2021,15:20,1,59,59599,2,3,0,3,BRUN PAIN (RUE DU),50.7307479139,3.1334827537,15,3,2
202100044407,122Â 304,A01,1,1,1,1,1,-1,-1,0,0,-1,2021,49.0,2,2,2,0,1,14,1,,3,911,0,D,2,2,0,1,3,145,1,"1,6","5,4",1,0,3,80,12,4,2021,16:10,1,16,16002,1,1,0,6,Lieu Dit la Clie,46.067913,0.19998,16,1,1
202100002840,196Â 701,A01,6,2,1,5,0,-1,-1,0,0,-1,2021,46.0,3,2,1,0,4,1,1,,3,,-1,,2,2,0,1,(1),(1),1,, -1,1,0,3,50,17,12,2021,06:40,5,38,38453,2,1,0,6,461 Route de Grenoble,45.1203,5.331593,6,2,1
202100032782,143Â 179,A01,1,1,1,9,2,6,9,0,0,-1,2021,44.0,1,1,5,0,7,15,1,,3,942,0,D,2,2,0,1,16,1,4,, -1,1,0,8,90,23,6,2021,18:50,1,5,5118,1,1,0,6,RD 942,44.2688175931,5.8198678493,18,1,1
202100019630,166Â 551,A01,1,1,1,4,2,8,-1,-1, -1,-1,2021,11.0,1,1,0,0,7,1,3,,3,CHARLES DE GAULLE (RUE),0,,2,2,0,1,0,0,1,, -1,2,0,1,50,10,9,2021,13:25,1,91,91223,1,1,1,7,CHARLES DE GAULLE (RUE),48.42901,2.15901,13,1,1
202100033551,141Â 792,A01,1,1,1,1,1,-1,-1,-1, -1,-1,2021,21.0,2,2,1,0,2,14,1,,4,COUTURIER ( RUE GUSTAVE),0,,2,2,0,1,(1),(1),1,, -1,1,0,1,50,18,6,2021,03:44,5,76,76259,2,1,0,6,COUTURIER ( RUE GUSTAVE),49.75252,0.39317,3,1,1
202100018933,167Â 800,A01,1,1,1,5,2,8,-1,-1, -1,-1,2021,27.0,2,1,0,2,1,1,1,,4,POLITZER (ALLEE MARIE),0,,-1,2,0,2,0,0,1,, -1,1,0,1,50,12,9,2021,18:45,1,64,64122,2,1,0,3,AllÃ©e Marie Politzer,43.46951,-1.54288,18,2,2
202100010107,183Â 640,A01,1,1,1,0,1,0,-1,-1, -1,-1,2021,25.0,2,2,13,0,1,0,1,,1,A55-Sens Martigues vers Marseille,0,,3,2,0,1,19,100,1,, -1,1,0,3,110,31,10,2021,01:00,3,13,13043,1,1,0,7,A55-Sens Martigues vers Marseille,43.38382,5.23253,1,1,1
202100054691,104Â 027,B01,1,1,1,9,2,0,-1,0,0,-1,2021,24.0,1,1,0,2,7,17,1,,4,BOULEVARD RICHARD LENOIR,0,,-1,2,0,1,(1),(1),1,, -1,1,0,1,30,17,1,2021,19:30,5,75,75111,2,2,0,3,BOULEVARD RICHARD LENOIR,48.865769,2.36997,19,3,2
202100053699,105Â 746,B01,2,2,2,0,1,-1,-1,-1, -1,-1,2021,50.0,1,2,0,2,4,2,1,,7,95,0,,-1,3,0,1,1,500,2,, -1,1,0,1,50,25,1,2021,16:40,1,69,69259,2,2,0,2,JULES GUESDE (AV),45.7080932635,4.8870650294,16,3,2
202100055195,103Â 157,B01,1,1,1,5,1,0,-1,-1, -1,-1,2021,20.0,1,2,0,2,5,1,1,,4,CLEMENCEAU (BOULEVARD GEORGES),0,,2,2,0,2,0,0,1,, -1,1,0,1,50,13,1,2021,11:00,1,13,13028,2,4,0,2,CLEMENCEAU (BOULEVARD GEORGES),43.1784771035,5.6108441225,11,2,2
202100033650,141Â 619,A01,1,1,1,1,2,0,-1,0,0,-1,2021,59.0,1,1,0,2,0,17,1,,4,AVENUE DE L OPERA,0,,2,2,0,1,(1),(1),1,, -1,1,0,1,50,18,6,2021,13:10,1,75,75102,2,2,0,3,AVENUE DE L OPERA,48.86752,2.33366,13,2,2
202100007042,189Â 169,B01,2,2,1,4,1,8,-1,0,0,-1,2021,27.0,3,2,0,2,3,15,1,,4,,0,,2,2,0,1,(1),(1),1,, -1,1,0,1,50,20,11,2021,02:50,5,6,6029,2,2,0,3,TONNER (AVENUE FRANCIS),43.54958,6.97596,2,3,2
202100033328,142Â 188,B01,1,1,1,0,2,0,-1,-1, -1,-1,2021,31.0,1,1,0,2,4,1,1,,3,R D 900,0,,3,4,0,1,0,0,1,, -1,1,0,1,110,12,6,2021,23:30,3,66,66136,2,1,0,2,R D 900,42.72982,2.88098,23,2,2
202100023777,159Â 119,A01,1,1,1,1,0,-1,-1,0,0,-1,2021,18.0,0,1,0,0,9,9,5,,3,751,-1,,2,2,0,1,32,785,1,, -1,1,0,1,80,16,8,2021,19:00,1,44,44005,1,3,0,2,Mal Hara (ChÃ©mÃ©rÃ©),47.132099,-1.881638,19,2,2
202100050927,110Â 645,A01,1,1,1,1,2,0,-1,0,0,-1,2021,43.0,2,1,0,0,0,1,1,,4,RUE DES PYRENEES,0,,2,2,0,1,(1),(1),1,, -1,2,0,1,30,19,2,2021,08:20,1,75,75120,2,2,0,7,RUE DES PYRENEES,48.851485,2.406283,8,1,1
202100008299,186Â 887,A01,1,1,2,5,1,-1,-1,0,0,-1,2021,82.0,2,2,6,0,3,1,1,,3,570,0,N,2,2,0,1,3,222,2,, -1,1,0,3,70,13,11,2021,08:25,1,13,13083,1,3,0,1,Route de la Gare,43.895677,4.789202,8,1,1
202100003803,194Â 959,A01,1,1,1,0,2,-1,-1,-1, -1,-1,2021,56.0,1,1,0,0,0,2,1,,7,M7   2.278 A 3.690,0,,1,3,0,1,2,299,1,, -1,2,0,1,70,10,12,2021,17:00,1,69,69142,1,1,1,7,M7   2.278 A 3.690,45.72914,4.81599,17,1,1
202100016843,171Â 511,A01,10,3,2,5,0,-1,-1,3,3,1,2021,82.0,1,2,0,1,2,16,1,,4,RUE EMILE CLOUD,0,,2,2,0,1,1,0,1,, -1,1,0,1,30,25,9,2021,17:00,1,77,77449,2,6,0,1,RUE EMILE CLOUD,48.843116,2.789044,17,2,1
202100037688,134Â 295,A01,1,1,1,0,0,-1,-1,0,0,-1,2021,19.0,1,1,15,0,1,26,1,,4,0,0, -,2,2,1,1,(1),(1),1,, -1,1,0,3,50,29,5,2021,22:20,5,68,68278,2,1,0,6,15 Avenue Charles Zumstein,47.7650848066,7.390191257,22,1,1
202100041006,128Â 321,B01,1,1,1,0,8,-1,-1,0,0,-1,2021,43.0,1,2,0,2,1,0,1,,3,32,0,A,2,2,0,1,4,250,1,, -1,2,0,1,80,6,5,2021,14:00,1,21,21389,1,3,1,1,pk 66 D980,47.669809,4.393051,14,2,2
202100031931,144Â 671,A01,1,1,2,5,2,6,-1,0,0,-1,2021,59.0,1,1,0,0,8,1,1,,3,775,-1,,-1,2,0,1,0,420,3,, -1,2,5,1,80,28,6,2021,11:30,1,56,56223,1,6,1,3,Giratoire des Marais,47.641104,-2.099381,11,2,2
202100048500,115Â 065,A01,1,1,1,1,2,6,-1,-1, -1,-1,2021,39.0,2,1,0,2,1,3,1,,1,A4,0,,3,4,0,1,12,300,1,, -1,2,0,1,110,11,3,2021,08:15,1,93,93051,1,1,1,2,A4,48.83607,2.54036,8,2,2
202100055910,101Â 937,A01,10,3,1,2,0,-1,-1,2,3,1,2021,18.0,1,2,0,1,1,1,1,,3,225,0,,2,2,0,1,(1),(1),1,, -1,2,0,1,50,4,1,2021,17:45,3,59,59456,2,1,1,6,PERI GABRIEL(RUE),50.37248,3.23116,17,2,1
202100010437,183Â 066,A01,1,1,1,0,1,-1,-1,0,0,-1,2021,74.0,2,2,13,0,1,0,1,,7,908,0,,-1,2,0,2,32,400,3,, -1,1,0,8,80,29,10,2021,13:25,1,13,13072,1,1,0,7,D908,43.420448,5.617082,13,1,1
202100043932,123Â 146,B01,1,1,1,9,2,6,-1,-1, -1,-1,2021,17.0,-1,1,0,2,1,17,1,,3,RASPAIL (RUE),0,,2,2,0,1,0,1,1,, -1,1,0,1,50,15,4,2021,13:50,1,93,93027,2,3,0,3,RASPAIL (RUE),48.92328,2.39521,13,2,2
202100040852,128Â 612,B01,2,2,2,4,1,0,-1,-1, -1,-1,2021,60.0,1,2,0,2,4,1,1,,1,A7-Sens Lyon vers Marseille,0,,-1,4,0,2,270,0,1,, -1,1,0,1,110,7,5,2021,18:47,1,13,13071,1,1,0,4,A7-Sens Lyon vers Marseille,43.40429,5.34161,18,4,3
202100032471,143Â 731,A01,1,1,2,0,8,0,-1,-1, -1,-1,2021,24.0,1,1,2,4,1,19,5,,4,GENERAL DE GAULLE (AVENUE DU),0,,2,6,1,1,0,0,1,, -1,1,4,6,50,23,6,2021,17:15,1,67,67482,2,8,0,3,GENERAL DE GAULLE (AVENUE DU),48.577365,7.769226,17,2,2
202100009556,184Â 624,A01,1,1,2,0,1,4,-1,-1, -1,-1,2021,46.0,1,2,4,2,1,1,1,,1,AUTOROUTE A3,0,,1,4,0,1,6,99,1,, -1,2,0,1,90,4,11,2021,18:30,3,93,93010,1,1,1,2,AUTOROUTE A3,48.8898955345,2.473500967,18,2,2
202100039563,130Â 868,B01,1,1,1,0,8,0,-1,-1, -1,-1,2021,56.0,1,1,0,2,1,1,0,,4,EDISON THOMAS (RUE),0,,2,2,2,1,0,0,1,, -1,2,0,5,50,17,5,2021,13:14,1,72,72181,2,1,1,2,EDISON THOMAS (RUE),48.0248,0.17909,13,2,2
202100015999,173Â 069,B01,1,1,1,1,2,-1,-1,0,0,-1,2021,58.0,2,1,0,2,1,1,1,,3,,-1,,2,2,0,1,8,295,1,,4,1,0,1,50,30,9,2021,06:55,2,44,44173,1,2,0,3,D117,47.073458,-1.375732,6,2,2