Num_Acc,id_vehicule,num_veh,place,catu,sexe,trajet,secu1,secu2,secu3,locp,actp,etatp,year_acc,victim_age,senc,catv,obs,obsm,choc,manv,motor,occutc,catr,voie,v1,v2,circ,nbv,vosp,prof,pr,pr1,plan,lartpc,larrout,surf,infra,situ,vma,jour,mois,an,hrmn,lum,dep,com,agg_,int,atm,col,adr,lat,long,hour,nb_victim,nb_vehicules
202100030692,146Â 898,A01,10,3,1,0,0,-1,-1,2,3,-1,2021,13.0,1,2,0,1,2,1,1,,4,GARE (ROUTE DE LA),0,,2,2,0,1,0,0,1,, -1,1,0,1,50,30,6,2021,18:30,1,83,83090,2,1,0,6,GARE (ROUTE DE LA),43.12309,5.82833,18,2,1
202100054776,103Â 881,B01,1,1,1,4,1,0,-1,0,0,-1,2021,44.0,2,2,0,2,8,1,1,,4,PORTE DE LA CHAPELLE,0,,3,4,0,1,23,200,1,, -1,1,0,1,70,13,1,2021,07:10,2,75,75118,2,4,0,5,PORTE DE LA CHAPELLE,48.900899,2.363898,7,3,3
202100052333,108Â 173,B01,1,1,1,1,2,6,-1,-1, -1,-1,2021,38.0,1,1,0,2,1,1,1,,3,BD DE STALINGRAD ,0,,3,5,0,1,0,1,1,, -1,2,0,1,50,6,2,2021,04:34,5,94,94022,2,9,1,3,STALINGRAD (BD DE),48.77289,2.40007,4,2,2
202100048582,114Â 914,A01,10,3,2,5,0,-1,-1,1,3,2,2021,8.0,2,2,0,1,3,21,1,,4,JEAN-BAPTISTE RENOULT (R),0,,2,2,0,2,1,0,1,, -1,2,0,1,50,10,3,2021,18:05,2,94,94041,2,1,1,6,JEAN-BAPTISTE RENOULT (R),48.80313,2.39494,18,5,1
202100002355,197Â 572,A01,1,1,1,0,1,0,-1,-1, -1,-1,2021,19.0,2,2,0,2,2,12,1,,1,A104,0,,1,-1,0,1,28,100,3,, -1,1,0,1,90,18,12,2021,01:15,3,77,77121,1,1,0,6,A104,48.8356202476,2.6652586257,1,2,2
202100022960,160Â 584,A01,1,1,1,5,0,-1,-1,0,0,-1,2021,48.0,1,1,0,2,7,17,5,,3,,-1,,2,3,0,1,(1),(1),1,,7,1,0,1,50,20,8,2021,11:30,1,14,14191,2,1,0,3,D514,49.3318172693,-0.4630093576,11,2,2
202100046375,118Â 876,A01,1,1,2,4,8,0,-1,0,0,-1,2021,20.0,1,1,0,2,1,14,5,,4,QUAI DE GRENELLE,0,,2,1,1,1,(1),(1),1,, -1,1,-1,5,50,27,3,2021,10:05,1,75,75115,2,3,0,1,QUAI DE GRENELLE,48.852906,2.286571,10,2,2
202100050772,110Â 926,A01,1,1,1,9,2,6,-1,0,0,-1,2021,21.0,1,1,0,0,4,1,1,,4,AVENUE DE VILLARS,0,,2,2,0,1,(1),(1),1,, -1,1,0,1,50,19,2,2021,23:09,5,75,75107,2,2,0,7,AVENUE DE VILLARS,48.851766,2.313855,23,2,1
202100042736,125Â 247,A01,1,1,1,5,2,-1,-1,0,0,-1,2021,21.0,3,1,0,2,1,19,0,,9,,-1,,2,1,0,1,(1),(1),1,,3,1,0,1,80,24,4,2021,16:10,1,76,76622,1,1,0,6,Route du Petit Long,49.476459,0.604181,16,5,2
202100001548,199Â 037,A01,2,2,2,3,2,-1,-1,0,0,-1,2021,17.0,1,1,6,0,1,1,1,,2,91,0,T,2,2,0,1,4,500,2,, -1,1,0,3,50,25,12,2021,10:30,1,987,98729,2,1,0,1,PK 4+500 - VaiarÃ© - CotÃ© montagne,-17.51207,-149.815768,10,2,1
202100036957,135Â 639,B01,1,1,1,0,2,0,-1,-1, -1,-1,2021,38.0,1,0,0,2,8,19,3,,4,WETTE FAYS (DE)                     (CH),0,,1,1,3,1,(1),(1),1,, -1,1,3,1,50,1,6,2021,21:05,1,69,69034,2,3,0,3,WETTE-FAYS (DE) (CHM),45.78809,4.85318,21,2,2
202100054445,104Â 443,A01,10,3,2,2,0,-1,-1,3,3,1,2021,13.0,1,1,0,1,1,0,0,,4,,0,,2,4,1,2,(1),(1),1,, -1,1,0,1,30,18,1,2021,17:35,2,34,34172,2,1,0,6,TOULOUSE (AVENUE DE,43.5949,3.86138,17,2,1
202100003075,196Â 265,B01,1,1,1,5,2,0,-1,-1, -1,-1,2021,39.0,2,1,0,2,1,1,1,,4,LOUYAT (AVENUE DE),0,,2,2,0,2,0,0,1,, -1,1,0,1,50,10,12,2021,10:57,1,87,87085,2,1,0,3,LOUYAT (AVENUE DE),45.84736,1.25859,10,2,2
202100042382,125Â 872,A01,1,1,1,5,2,-1,-1,0,0,-1,2021,16.0,3,1,0,2,1,16,1,,4,,-1,,2,2,0,1,(1),(1),1,,4,1,0,1,50,27,4,2021,17:45,1,47,47146,2,4,0,1,Rue du Lavoir,44.454369,0.666776,17,2,2
202100015089,174Â 737,B01,1,1,1,0,1,0,-1,-1, -1,-1,2021,43.0,2,2,0,2,4,2,1,,7,VERDUN (AVENUE DE),0,,2,2,0,1,0,0,1,, -1,1,0,1,50,28,9,2021,09:00,1,13,13005,2,1,0,2,VERDUN (AVENUE DE),43.28817,5.57492,9,2,2
202100054410,104Â 498,B01,2,2,2,4,1,0,-1,-1, -1,-1,2021,58.0,2,2,1,2,4,26,1,,1,3,0,,2,2,0,2,0,0,3,, -1,2,3,1,50,20,1,2021,08:40,1,988,98818,2,4,1,2,ROUTE EXPRESS DU MONT DORE,-22.23518,166.48704,8,3,2
202100037542,134Â 557,A01,1,1,1,0,1,-1,-1,-1, -1,-1,2021,46.0,2,2,0,2,2,17,1,,7,M6   447.520 A 448.490,0,,3,7,0,2,447,600,1,, -1,1,0,1,70,30,5,2021,15:45,1,69,69040,1,1,0,4,M6   447.520 A 448.490,45.8021,4.77249,15,4,3
202100020801,164Â 467,A01,2,2,2,5,2,6,-1,0,0,-1,2021,11.0,1,1,0,0,7,15,1,,7,57,0,M,1,1,0,1,(1),(1),2,, -1,1,5,1,30,5,9,2021,18:10,1,59,59252,2,6,0,3,Place des Combattants,50.7125544836,2.9324135184,18,3,2
202100035688,137Â 922,A01,2,2,1,5,1,0,-1,-1, -1,-1,2021,0.0,0,2,0,2,1,2,1,,4,APPEL DU 18 JUIN 1940 (AV.DE L'),0,,1,2,0,1,0,0,1,, -1,1,0,1,50,7,6,2021,12:00,1,77,77284,2,1,0,2,APPEL DU 18 JUIN 1940 (AV.DE L'),48.95161,2.909424,12,3,2
202100021163,163Â 833,A01,1,1,2,3,1,-1,-1,0,0,-1,2021,52.0,2,2,4,0,5,0,0,,2,1,0,,3,3,0,1,(1),(1),1,,"13,5",1,0,1,90,3,9,2021,16:00,1,971,97103,2,1,0,2,echangeur convenance RN1,16.238656,-61.58869,16,3,2
202100055463,102Â 710,A01,2,2,1,5,1,0,-1,-1, -1,-1,2021,20.0,2,2,2,0,3,26,1,,3,360,0,,1,1,0,2,4,119,3,, -1,1,3,3,50,9,1,2021,14:30,1,77,77276,1,1,0,6,RD 360,48.92706,2.88135,14,2,1
202100005032,192Â 795,A01,10,3,2,5,0,-1,-1,1,3,1,2021,77.0,2,2,0,1,1,1,1,,2,NAPOLEON COURS APRES BEVERINI,0,,2,2,0,1,0,800,1,, -1,1,0,1,50,2,12,2021,17:20,5,201,201004,2,1,0,6,NAPOLEON COURS APRES BEVERINI,41.92327,8.73763,17,2,1
202100044257,122Â 559,A01,1,1,1,0,2,0,-1,0,0,-1,2021,26.0,1,1,0,2,1,19,1,,4,LAGARLAYE (RUE DE),0,,1,2,0,2,(1),(1),1,, -1,1,0,1,50,21,2,2021,20:00,5,63,63113,2,2,0,3,LAGARLAYE (RUE DE),45.77371,3.08231,20,2,2
202100003246,195Â 965,B01,2,2,2,5,1,0,-1,-1, -1,-1,2021,31.0,3,2,0,0,4,23,1,,4,BERANGER (BOULEVARD),0,,1,2,0,1,(1),(1),1,, -1,2,0,1,50,12,12,2021,17:00,2,37,37261,2,1,0,2,BERANGER (BOULEVARD),47.3894121592,0.6839002669,17,4,2
202100046540,118Â 592,B01,1,1,2,5,8,0,-1,-1, -1,-1,2021,48.0,1,1,0,2,4,1,5,,4,MICHELET (BOULEVARD),0,,1,1,0,1,(1),(1),1,, -1,1,0,1,50,26,3,2021,22:15,5,13,13209,2,1,0,2,MICHELET (BOULEVARD),43.26446,5.39555,22,2,2
202100001475,199Â 150,B01,1,1,1,5,1,8,-1,-1, -1,-1,2021,21.0,2,2,8,0,7,1,1,,3,REYNOARD (AV. M.),0,,3,2,0,1,0,0,1,, -1,1,0,1,50,24,12,2021,18:50,5,38,38185,2,2,1,3,REYNOARD (AV. M.),45.16,5.7,18,2,2
202100051722,109Â 240,B01,1,1,2,3,1,0,-1,-1, -1,-1,2021,36.0,2,2,0,2,4,1,1,,4,MOULIN JEAN (AVE) NR 10 A 20 ET  13 A 17,0,,2,2,2,1,0,0,1,, -1,1,0,1,50,12,2,2021,10:30,1,93,93066,2,1,0,2,MOULIN JEAN (AVE) NR 10 A 20 ET  13 A 17,48.94133,2.36488,10,2,2
202100034751,139Â 592,A01,10,3,2,0,0,-1,-1,4,3,1,2021,36.0,1,2,0,1,1,2,1,,7,ARC (RUE JEANNE D' N,0,,1,3,3,1,(1),(1),1,, -1,1,0,1,50,12,6,2021,23:15,5,54,54395,2,2,0,6,FOCH (AVENUE 18 ET 9 A FIN),48.687598832,6.1707470566,23,2,1
202100046179,119Â 226,A01,1,1,1,0,1,-1,-1,0,0,-1,2021,32.0,1,2,0,2,3,13,6,,3,443,0,,2,2,0,1,58,50,1,, -1,1,0,1,80,30,3,2021,07:25,1,10,10376,1,9,1,1,D443,48.203289,4.441803,7,2,2
202100015486,174Â 023,B01,1,1,1,5,2,0,-1,-1, -1,-1,2021,17.0,1,1,0,2,1,1,1,,2,NAPOLEON COURS AVANT BEVERINI,0,,2,2,0,2,(1),(1),1,, -1,1,0,1,50,1,10,2021,21:55,5,201,201004,2,3,0,1,NAPOLEON COURS AVANT BEVERINI,41.9235,8.7377,21,2,2
202100009690,184Â 383,B01,1,1,2,0,1,-1,-1,0,0,-1,2021,26.0,2,2,0,2,1,0,1,,3,20,-1,,2,2,0,1,10,800,2,, -1,2,0,1,80,3,11,2021,12:00,1,74,74128,1,1,1,5,Route des VallÃ©es,46.154806,6.345272,12,5,5
202100039698,130Â 622,A01,10,3,2,3,0,-1,-1,3,3,1,2021,89.0,3,2,0,1,3,9,1,,4,MERIOT HENRI,0,,1,3,3,1,(1),(1),2,, -1,2,0,1,30,15,5,2021,11:58,1,17,17306,2,9,1,6,Rue Henri MÃ©riot,45.627192,-1.031244,11,2,1
202100031129,146Â 099,A01,5,2,2,0,8,0,-1,-1, -1,-1,2021,7.0,1,2,6,2,3,21,0,,4,AV DE LA GLOIRE,0,,2,1,0,1,(1),(1),1,, -1,1,0,1,50,1,7,2021,19:30,1,31,31555,2,9,0,3,AV DE LA GLOIRE,43.60513,1.45741,19,4,2
202100046728,118Â 247,A01,1,1,1,0,8,0,-1,-1, -1,-1,2021,22.0,1,0,0,0,0,26,0,,4,FLORAINDRE ( RUE DE),0,,1,0,0,1,0,100,1,, -1,1,0,8,50,24,3,2021,18:30,1,972,97213,2,1,0,7,FLORAINDRE ( RUE DE),14.61805,-61.00139,18,1,1
202100018357,168Â 813,A01,1,1,1,1,8,8,-1,-1, -1,-1,2021,24.0,2,1,0,2,1,8,5,,4,ALOUETTE (AVENUE),0,,3,4,2,2,(1),(1),2,, -1,1,0,5,50,16,9,2021,14:30,1,37,37261,2,1,0,6,ALOUETTE (AVENUE),47.3610013435,0.69703972,14,2,2
202100024626,157Â 639,A01,2,2,2,3,2,0,-1,0,0,-1,2021,40.0,2,1,0,2,3,18,1,,4,BOULEVARD DE L HOPITAL,0,,2,6,0,1,(1),(1),1,, -1,1,0,1,30,11,8,2021,15:00,1,75,75105,2,3,0,3,BOULEVARD DE L HOPITAL,48.841854,2.363148,15,3,2
202100031363,145Â 687,A01,4,2,2,5,8,-1,-1,0,0,-1,2021,19.0,1,2,15,0,8,1,1,,4,9,-1,,1,1,0,2,(1),5,3,, -1,1,0,3,80,3,7,2021,08:50,1,31,31585,1,1,0,6,Route de Pomarede,43.134905,0.66051,8,4,1
202100009927,183Â 947,A01,10,3,1,9,0,-1,-1,4,5,1,2021,20.0,2,1,0,1,3,1,1,,4,BOULEVARD SAINT GERMAIN,0,,1,3,3,1,(1),(1),1,, -1,2,0,1,30,1,11,2021,19:20,5,75,75105,2,3,1,6,BOULEVARD SAINT GERMAIN,48.850166,2.348147,19,2,1
202100031813,144Â 894,C01,1,1,2,0,1,0,-1,-1, -1,-1,2021,25.0,1,2,0,2,3,0,1,,1,AUTOROUTE A86,0,,3,-1,0,2,23,0,1,, -1,1,0,1,50,28,6,2021,00:30,3,93,93008,1,1,0,4,AUTOROUTE A86,48.90565,2.4615,0,3,3
202100013212,178Â 121,A01,2,2,2,0,2,6,-1,-1, -1,-1,2021,19.0,-1,1,3,0,1,9,0,,7,CENTRE ECHANGE LYON PERRACHE ,0,,1,2,0,1,(1),(1),2,, -1,1,0,1,70,14,10,2021,19:00,5,69,69382,1,9,0,6,CENTRE ECHANGE LYON PERRACHE ,45.74925,4.82841,19,2,1
202100055844,102Â 057,A01,10,3,2,0,0,-1,-1,4,3,1,2021,60.0,1,2,0,1,2,19,1,,4,"""STRASBOURG, NR 36 ET SUIV ET 73 ET SUIV",0,,-1,2,0,1,0,0,1,, -1,2,5,1,50,7,1,2021,17:45,5,93,93066,2,1,1,6,"""STRASBOURG, NR 36 ET SUIV ET 73 ET SUIV",48.93582,2.36704,17,2,1
202100046410,118Â 817,A01,1,1,1,5,2,6,9,0,0,-1,2021,33.0,2,1,3,6,1,1,1,,3,2160,-1,,2,2,0,2,42,200,1,, -1,1,0,3,80,28,3,2021,13:00,1,45,45178,1,1,0,6,D2160-PR 42 + 200,48.001463,2.55187,13,1,1
202100020463,165Â 057,B01,5,2,1,2,1,0,-1,-1, -1,-1,2021,8.0,3,2,0,2,1,1,1,,7,MARAIS RUE DU,0,,2,2,0,1,(1),(1),1,, -1,1,0,1,30,18,5,2021,11:00,1,59,59566,2,2,0,3,MARAIS RUE DU,50.62322,2.9872,11,7,2
202100023829,159Â 034,A01,1,1,1,5,1,0,-1,0,0,-1,2021,49.0,2,2,15,0,1,14,1,,1,Autoroute A 31,0,,3,5,0,2,10,0,1,, -1,1,3,3,110,13,8,2021,19:00,1,54,54528,1,1,0,7,Autoroute A 31,48.65035,5.87247,19,1,1
202100000489,200Â 830,A01,10,3,2,0,0,-1,-1,1,3,1,2021,72.0,1,5,0,1,5,9,1,,3,PAUL NELSON (rond point),0,,2,2,0,1,67,783,1,, -1,1,5,1,50,9,10,2021,15:45,1,50,50502,2,6,0,6,PAUL NELSON (rond point),49.103171,-1.11336,15,2,1
202100009779,184Â 215,A01,10,3,1,5,0,-1,-1,5,1,1,2021,69.0,1,4,0,1,2,1,1,,3,PLAGE (BD DE LA) DU 02 AU 194,0,,1,1,0,1,(1),(1),1,, -1,2,0,4,50,2,11,2021,11:05,1,33,33009,2,1,1,6,PLAGE (BD DE LA) DU 02 AU 194,44.65997,-1.15368,11,2,1
202100008503,186Â 535,A01,1,1,2,5,8,0,-1,0,0,-1,2021,24.0,2,1,0,2,1,1,3,,4,RUE CONDORCET,0,,2,2,2,1,(1),(1),1,, -1,1,-1,5,30,11,11,2021,02:20,5,75,75109,2,2,0,1,RUE CONDORCET,48.880179,2.343737,2,2,2
202100018679,168Â 254,A01,1,1,1,5,1,-1,-1,0,0,-1,2021,25.0,1,2,0,0,2,1,1,,3,99,-1,,2,2,0,1,51,280,2,, -1,2,0,3,80,16,9,2021,20:19,3,54,54472,1,1,0,7,D99,48.5586876172,6.6114091875,20,2,1
202100026268,154Â 747,A01,10,3,1,4,0,-1,-1,9,9,1,2021,49.0,1,2,1,0,4,1,1,,4,GAMBETTA (AV),0,,1,2,0,1,0,0,1,, -1,1,0,1,50,31,7,2021,00:05,5,83,83126,2,1,0,6,GAMBETTA (AV),43.1048,5.87866,0,2,1
202100050301,111Â 787,A01,1,1,2,1,1,-1,-1,-1, -1,-1,2021,27.0,3,2,0,2,1,15,1,,7,URBAIN SUD                              ,0,,1,1,0,2,0,1,1,, -1,1,0,1,50,24,2,2021,18:05,1,69,69199,1,3,0,3,FRERES PERRET (AV),45.681323962,4.8482644558,18,2,2
202100024561,157Â 757,B01,2,1,2,0,8,0,-1,-1, -1,-1,2021,10.0,0,1,0,2,1,19,0,,4,SAINT LEGER (CHEMIN),0,,4,4,0,1,(1),(1),1,, -1,1,0,1,50,12,8,2021,20:10,1,93,93066,2,3,0,3,SAINT LEGER (CHEMIN),48.9453,2.3764,20,2,2
202100015191,174Â 555,A01,1,1,2,4,1,8,-1,-1, -1,-1,2021,50.0,2,2,0,2,4,1,1,,1,A7-Sens Marseille vers Lyon,0,,1,3,0,1,274,500,1,, -1,1,0,1,90,4,10,2021,11:30,1,13,13215,1,1,1,2,A7-Sens Marseille vers Lyon,43.36885,5.36106,11,2,2
202100023796,159Â 086,A01,1,1,1,5,2,6,-1,0,0,-1,2021,24.0,1,1,0,2,1,16,1,,3,6,2,D,2,2,0,2,9,900,4,, -1,1,0,1,50,17,8,2021,15:39,1,87,87060,1,1,0,1,Les Pomperies,45.615647,0.891362,15,2,2
202100032709,143Â 300,A01,1,1,1,5,8,8,-1,-1, -1,-1,2021,30.0,2,0,0,2,3,10,3,,2,PARIS (R DE),0,,1,4,0,1,1,0,1,, -1,1,0,1,50,23,6,2021,14:10,1,94,94078,2,1,0,1,PARIS (R DE),48.73566,2.44683,14,2,2
202100017009,171Â 216,A01,1,1,1,1,2,6,-1,0,0,-1,2021,40.0,1,1,0,2,8,18,1,,4,ECHANGEUR MAILLOT,0,,1,2,0,1,(1),(1),3,, -1,1,0,1,50,23,9,2021,12:10,1,75,75116,2,4,0,3,ECHANGEUR MAILLOT,48.8750625024,2.2766418429,12,2,2
202100037924,133Â 879,A01,1,1,1,5,0,-1,-1,0,0,-1,2021,69.0,1,1,0,0,0,1,5,,3,1,-1,,2,2,0,1,3,788,1,, -1,1,0,1,-1,29,5,2021,12:00,1,34,34238,1,1,0,7,lieu dit les prats,43.84793,3.646345,12,1,1
202100037409,134Â 797,B01,1,1,1,0,1,0,-1,-1, -1,-1,2021,37.0,2,2,0,2,1,1,1,,1,AUTOROUTE A1,0,,1,6,0,1,4,0,1,, -1,2,0,1,90,30,5,2021,03:45,5,972,97213,1,1,1,2,AUTOROUTE A1,14.6161149769,-61.0143327713,3,3,2
202100019736,166Â 368,A01,10,3,1,5,0,-1,-1,3,3,1,2021,38.0,1,1,0,1,1,1,5,,3,PIE (QU DE LA),0,,2,1,1,1,0,0,1,, -1,2,0,5,30,10,9,2021,18:55,1,94,94068,2,3,1,3,PIE (QU DE LA),48.78706,2.47748,18,2,1
202100043947,123Â 123,A01,1,1,1,5,1,-1,-1,0,0,-1,2021,86.0,1,2,0,2,2,15,1,,3,588,-1,,2,2,3,1,15,800,1,, -1,1,5,1,90,14,4,2021,14:00,1,43,43147,1,9,0,6,D588,45.284701,3.357096,14,2,2
202100006723,189Â 766,A01,10,3,2,9,0,-1,-1,3,3,1,2021,23.0,2,1,0,1,1,1,5,,4,RUE FROIDEVAUX,0,,2,4,1,2,(1),(1),1,, -1,1,-1,5,30,23,11,2021,19:50,5,75,75114,2,1,0,6,RUE FROIDEVAUX,48.83582,2.328125,19,2,1
202100027875,151Â 888,B01,1,1,2,0,0,-1,-1,-1, -1,-1,2021,22.0,1,1,0,2,3,21,5,,4,GAMBETTA                            (CO),0,,2,4,3,1,(1),(1),1,, -1,1,0,1,50,20,7,2021,14:00,1,69,69387,2,2,0,3,GAMBETTA (CR),45.7516237643,4.8535631597,14,2,2
202100031945,144Â 642,A01,2,2,2,0,1,0,-1,-1, -1,-1,2021,22.0,1,2,1,0,1,2,0,,1,AUTOROUTE A104,0,,3,6,0,1,3,500,3,, -1,2,9,1,110,28,6,2021,01:13,3,93,93078,1,1,1,2,AUTOROUTE A104,48.95903,2.52587,1,3,2
202100029391,149Â 243,A01,1,1,1,1,2,6,-1,0,0,-1,2021,29.0,2,1,0,0,0,1,1,,3,305,-1,,2,2,0,1,2,1228,2,, -1,1,0,3,80,11,7,2021,19:00,1,77,77175,1,1,0,7,RD 305 PK 003,48.643742,2.625089,19,1,1
202100019060,167Â 570,A01,1,1,1,4,0,-1,-1,0,0,-1,2021,38.0,1,4,16,0,9,1,1,,4,,0,,2,1,0,2,(1),(1),1,,3,1,0,3,80,14,9,2021,18:00,1,53,53113,1,1,0,7,Chemin de Montpion,48.276974,-0.418237,18,1,1
202100027077,153Â 321,A01,1,1,1,0,2,0,-1,-1, -1,-1,2021,36.0,1,1,0,2,1,3,1,,7,SAINT MARCEL (BOULEVARD DE ),0,,2,2,0,1,0,0,1,, -1,1,0,8,30,20,7,2021,11:00,1,13,13211,2,9,0,3,SAINT MARCEL (BOULEVARD DE ),43.28752,5.46495,11,2,2
202100037478,134Â 679,B01,1,1,1,1,2,-1,-1,0,0,-1,2021,17.0,2,1,0,2,8,1,5,,4,0,0,X,2,2,0,1,0,0,1,,4,1,0,5,50,31,5,2021,07:55,1,74,74234,1,2,0,1,chemin de la chapelle de cons,45.756969,6.317525,7,2,2
202100022523,161Â 371,A01,1,1,2,5,1,-1,-1,0,0,-1,2021,61.0,2,2,0,0,2,1,1,,3,820,0,D,2,2,0,1,65,438,1,, -1,1,5,1,80,22,8,2021,18:57,1,31,31145,1,2,0,3,Route Departementale 820,43.298174,1.52814,18,2,2
202100034173,140Â 669,D01,1,1,2,1,1,-1,-1,0,0,-1,2021,49.0,1,2,0,2,4,17,1,,1,2,-1,,3,4,0,1,10,(1),1,, -1,1,0,1,110,14,6,2021,18:30,3,988,98805,1,1,0,4,VE2 - SENS SUD/NORD - PK 10,-22.165627,166.397166,18,8,6
202100050902,110Â 694,A01,1,1,1,5,1,8,-1,-1, -1,-1,2021,76.0,3,5,0,2,8,19,1,,3,ROUTE DE CAPESTANG (RD.11),0,,1,2,0,1,3,275,1,, -1,1,0,1,110,18,2,2021,16:35,1,34,34032,1,2,0,3,ROUTE DE CAPESTANG (RD.11),43.3344,3.16446,16,3,2
202100008192,187Â 077,A01,7,2,2,2,1,3,-1,0,0,-1,2021,4.0,1,2,0,2,1,15,1,,3,D40,0,,2,2,0,1,3,990,1,,3,2,0,1,90,15,11,2021,08:30,1,45,45104,1,3,0,1,D40-PR3+990,48.046053,2.706934,8,3,2
202100050571,111Â 291,B01,1,1,1,5,2,0,-1,-1, -1,-1,2021,67.0,2,1,0,2,1,1,5,,4,NIEPCE (AVENUE NICEPHORE),0,,2,2,0,1,(1),(1),1,, -1,1,5,1,50,21,2,2021,16:40,1,71,71076,2,2,0,1,NIEPCE (AVENUE NICEPHORE),46.7790462131,4.8499806043,16,2,2
202100026390,154Â 523,B01,2,2,2,5,1,-1,-1,0,0,-1,2021,22.0,2,2,0,2,4,1,1,,3,900,-1,,1,2,0,1,13,100,1,, -1,1,0,1,110,30,7,2021,17:00,1,66,66164,1,1,0,4,D900,42.773133,2.90156,17,6,4
202100015265,174Â 426,A01,1,1,1,5,2,6,-1,0,0,-1,2021,14.0,0,1,0,0,0,1,1,,9,,-1,,-1,2,0,1,(1),(1),3,, -1,6,0,8,50,26,9,2021,14:45,1,49,49364,2,1,0,7,Chemin sous les Clos,47.150472,-0.244939,14,1,1
202100047835,116Â 253,A01,1,1,1,9,1,0,-1,-1, -1,-1,2021,51.0,2,2,0,2,4,2,1,,4,TOURELLE (RTE DE LA),0,,2,2,0,1,1,0,1,, -1,1,0,1,50,16,3,2021,18:15,1,94,94067,2,1,0,2,Villa de la Tourelle,48.84564,2.41861,18,2,2
202100024043,158Â 669,A01,1,1,1,5,2,-1,-1,0,0,-1,2021,18.0,2,1,0,2,1,5,1,,3,1,0,,1,2,0,1,25,830,2,,"5,5",1,0,1,-1,14,8,2021,05:30,5,66,66021,2,6,0,1,Avenue Noel Biosca,42.7344379659,2.9366091639,5,2,2
202100002293,197Â 688,B01,1,1,1,5,8,0,-1,-1, -1,-1,2021,19.0,1,1,0,2,3,1,6,,4,,0,,1,1,0,1,0,0,1,, -1,1,0,1,50,18,12,2021,11:20,1,92,92012,2,2,0,3,LONGS PRES (RUE DES),48.83148,2.24694,11,2,2
202100000938,200Â 074,B01,1,1,1,5,1,-1,-1,0,0,-1,2021,62.0,0,2,0,2,1,1,1,,3,24,-1,,2,2,0,2,(1),(1),3,, -1,8,0,1,50,30,12,2021,16:20,1,84,84139,2,1,0,1,D24,43.918793,5.116646,16,4,2
202100042415,125Â 810,A01,1,1,2,5,2,6,-1,-1, -1,-1,2021,33.0,1,1,4,2,2,3,1,,1,AUTOROUTE A6,0,,3,4,0,1,13,170,2,, -1,1,0,1,110,27,4,2021,17:30,1,91,91161,1,1,0,4,AUTOROUTE A6,48.706299,2.306121,17,3,3
202100030374,147Â 473,A01,1,1,1,0,2,6,-1,-1, -1,-1,2021,54.0,3,1,0,2,7,13,1,,4,BOIS DE SOEUVRES (RUE),0,,2,2,0,1,(1),(1),1,, -1,1,5,1,50,6,7,2021,12:30,1,35,35055,1,3,0,3,LOGES (RUE DES),48.0787,-1.6317,12,2,2
202100054763,103Â 911,A01,2,2,1,5,8,0,-1,-1, -1,-1,2021,29.0,1,2,1,0,3,13,1,,3,PETITE-SYNTHE CD 940 - AVENUE,0,,3,2,2,1,(1),(1),4,, -1,1,0,3,50,16,1,2021,00:10,5,59,59183,2,1,0,6,PETITE-SYNTHE CD 940 - AVENUE,51.0194444515,2.3280715942,0,2,1
202100012491,179Â 379,A01,10,3,1,5,0,-1,-1,3,3,1,2021,17.0,1,3,0,1,2,2,1,1.0,3,JULIEN DURANTON (avenue),0,,2,0,0,1,1,0,1,, -1,1,6,1,50,18,10,2021,07:15,5,94,94074,2,2,0,6,Avenue Julien Duranton,48.765352,2.447691,7,2,1
202100000335,201Â 123,A01,10,3,1,9,0,0,0,1,9,1,2021,33.0,3,1,0,1,1,1,0,,4,117,-1,,2,2,0,1,(1),(1),1,, -1,1,0,1,50,25,10,2021,16:40,1,74,74014,2,1,0,6,117 Route des Champs,46.041214,6.632031,16,2,1
202100053547,106Â 004,A01,2,2,2,0,1,0,-1,-1, -1,-1,2021,44.0,1,2,0,2,8,13,1,,1,AUTOROUTE A3,0,,3,8,0,3,3,0,1,, -1,2,0,1,70,27,1,2021,15:20,1,93,93063,1,1,1,3,AUTOROUTE A3,48.87786,2.44593,15,3,2
202100005822,191Â 386,B01,1,1,1,9,1,-1,-1,0,0,-1,2021,34.0,2,2,0,2,1,2,1,,1,63,-1,,1,2,0,1,25,900,1,, -1,2,0,1,130,29,11,2021,12:40,1,33,33284,1,9,1,2,A63,44.622998,-0.849284,12,2,2
202100013369,177Â 843,A01,1,1,1,0,2,6,-1,-1, -1,-1,2021,35.0,1,1,0,2,7,3,1,,1,AUTOROUTE A86,0,,-1,3,0,1,23,0,1,, -1,1,1,1,90,13,10,2021,20:30,5,93,93008,1,1,0,3,AUTOROUTE A86,48.9069,2.4558,20,2,2
202100040561,129Â 113,A01,10,3,1,4,4,-1,-1,1,3,1,2021,21.0,1,2,0,1,2,1,1,,3,675,-1,,2,2,0,2,63,800,1,, -1,2,0,1,90,11,5,2021,05:30,5,87,87030,1,1,1,6,Pont de la gorre,45.852269,0.864036,5,2,1
202100020635,164Â 741,C01,1,1,1,1,1,-1,-1,0,0,-1,2021,38.0,2,2,0,0,8,1,1,,3,560,0,,2,2,0,2,40,0,3,, -1,1,0,1,50,7,9,2021,06:20,2,83,83012,2,1,0,5,Route de Draguignan,43.5593138271,6.0122444819,6,3,3