Num_Acc,id_vehicule,num_veh,place,catu,sexe,trajet,secu1,secu2,secu3,locp,actp,etatp,year_acc,victim_age,senc,catv,obs,obsm,choc,manv,motor,occutc,catr,voie,v1,v2,circ,nbv,vosp,prof,pr,pr1,plan,lartpc,larrout,surf,infra,situ,vma,jour,mois,an,hrmn,lum,dep,com,agg_,int,atm,col,adr,lat,long,hour,nb_victim,nb_vehicules
202100045648,120Â 141,B01,1,1,2,1,1,8,-1,-1, -1,-1,2021,59.0,2,2,0,2,5,1,1,,4,R DE BOISSY,0,,2,4,0,1,1,0,1,, -1,1,0,1,50,1,4,2021,06:30,3,94,94071,2,4,0,3,Rue de Boissy,48.76438,2.52542,6,2,2
202100025230,156Â 563,A01,1,1,1,5,1,0,-1,0,0,-1,2021,24.0,1,2,4,0,9,13,1,,1,A72,0,,3,4,0,2,5,900,3,, -1,2,0,1,70,3,8,2021,19:45,1,42,42218,1,1,1,6,A72,45.4640171772,4.3832944035,19,1,1
202100047326,117Â 173,A01,10,3,1,9,0,-1,-1,1,1,1,2021,18.0,1,3,0,1,3,1,1,1.0,4,ANDRE ALIKER (RUE),0,,1,1,0,1,0,0,1,, -1,2,0,1,30,19,3,2021,17:20,1,972,97209,2,1,0,6,ANDRE ALIKER (RUE),14.60841,-61.07118,17,2,1
202100051469,109Â 700,B01,1,1,1,4,1,-1,-1,0,0,-1,2021,66.0,1,2,6,2,3,1,1,,3,466,0,,2,2,0,1,17,568,1,, -1,1,5,1,50,15,2,2021,06:00,4,68,68308,2,3,0,3,16 Route de la VallÃ©e,47.780857,6.978888,6,2,2
202100019454,166Â 863,A01,1,1,1,5,8,-1,-1,0,0,-1,2021,18.0,0,1,6,0,0,0,1,,3,,-1,,2,2,0,1,(1),(1),1,, -1,1,0,4,-1,28,5,2021,22:10,3,38,38501,2,1,0,1,impasse des cascades,45.300885,5.950454,22,1,1
202100018616,168Â 362,B01,1,1,1,1,2,0,-1,0,0,-1,2021,36.0,2,1,0,2,0,13,5,,4,QUAI DES TUILERIES,0,,2,2,0,1,(1),(1),1,, -1,1,1,1,30,16,9,2021,09:25,1,75,75101,2,1,0,1,QUAI DES TUILERIES,48.8630011016,2.323764941,9,2,2
202100049926,112Â 499,A01,1,1,1,5,6,2,9,0,0,-1,2021,22.0,1,1,16,0,1,1,1,,3,50,0,,2,2,0,1,13,291,1,, -1,1,0,3,80,28,2,2021,15:45,1,76,76664,1,1,0,7,D50,49.785275,0.662688,15,1,1
202100045311,120Â 738,B01,1,1,1,5,0,-1,-1,0,0,-1,2021,17.0,3,1,0,2,1,13,5,,4,,-1,,2,2,0,1,(1),(1),1,, -1,1,0,1,80,4,4,2021,15:50,1,17,17140,1,1,0,5,Route des HuÃ®tres,45.917363,-1.227036,15,3,3
202100009174,185Â 316,A01,1,1,1,5,1,-1,-1,0,0,-1,2021,48.0,1,2,15,0,1,1,1,,3,7,-1,,2,2,2,1,6,300,1,, -1,1,0,3,80,7,11,2021,11:15,1,83,83107,1,1,0,6,Le Perrussier,43.425071,6.676168,11,1,1
202100050130,112Â 124,A01,1,1,2,0,1,0,-1,-1, -1,-1,2021,50.0,2,2,0,2,4,1,1,,1,A507 sens Aubagne- Marseille,0,,1,1,0,1,0,300,3,, -1,1,1,1,50,24,2,2021,09:30,1,13,13055,1,1,0,2,A507 sens Aubagne- Marseille,43.330405,5.388485,9,2,2
202100032426,143Â 814,B01,1,1,2,0,1,-1,-1,-1, -1,-1,2021,44.0,2,2,0,2,2,1,1,,1,AUTOROUTE A 10,0,,3,6,0,1,538,99,1,, -1,1,8,1,110,25,6,2021,00:45,5,33,33397,1,1,0,3,,44.9208,-0.47518,0,2,2
202100041987,126Â 572,B01,1,1,2,0,1,0,-1,-1, -1,-1,2021,25.0,2,2,0,2,1,1,1,,1,A55-Sens Martigues vers Marseille,0,,1,3,0,1,36,0,1,, -1,2,2,1,90,29,4,2021,10:15,1,13,13056,1,1,1,3,A55-Sens Martigues vers Marseille,43.394354,5.051952,10,2,2
202100024371,158Â 119,A01,1,1,2,5,2,6,9,0,0,-1,2021,24.0,1,1,0,0,7,16,1,,3,09,2,,2,2,0,1,21,650,3,, -1,1,0,1,80,14,8,2021,09:45,1,68,68182,1,1,0,7,D09B,47.49764,7.477012,9,1,1
202100043908,123Â 184,B01,1,1,2,5,2,0,-1,0,0,-1,2021,58.0,2,1,0,2,4,17,5,,4,RUE D ALESIA,0,,2,2,0,1,(1),(1),1,, -1,1,0,1,50,14,4,2021,09:30,1,75,75114,2,1,0,2,RUE D ALESIA,48.832499,2.312166,9,2,2
202100029855,148Â 428,B01,1,1,1,1,2,6,-1,-1, -1,-1,2021,41.0,1,1,0,2,1,1,1,,3,913,0,,2,0,0,1,0,0,1,, -1,1,1,1,50,8,7,2021,16:00,1,92,92050,2,1,0,3,JOFFRE MARECHAL AVENUE DU,48.8857421147,2.1968150139,16,2,2
202100044847,121Â 554,B01,1,1,1,0,2,0,-1,-1, -1,-1,2021,28.0,1,1,0,2,8,1,1,,3,MAXIME GORKI (BOULEVARD) DES NÂ°1 AU 87,0,,-1,6,3,1,0,1,1,, -1,1,0,1,50,7,4,2021,11:00,1,93,93072,2,1,0,3,MAXIME GORKI (BOULEVARD) DES NÂ°1 AU 87,48.94518,2.38669,11,2,2
202100025600,155Â 923,A01,2,2,2,5,8,8,-1,-1, -1,-1,2021,31.0,2,5,8,0,1,1,1,,4,ADOUR (AV DE L'),0,,2,2,0,1,0,0,1,, -1,1,0,4,30,4,8,2021,19:35,1,64,64024,2,1,0,6,ADOUR (AV DE L'),43.52584,-1.51085,19,2,1
202100055015,103Â 472,B01,2,1,1,5,8,0,-1,-1, -1,-1,2021,48.0,2,1,0,2,4,18,5,,2,11 - RT,0,,4,2,0,1,(1),(1),3,, -1,1,5,1,30,13,1,2021,12:30,1,202,202120,1,6,0,3,11 - RT,42.65443,9.44129,12,2,2
202100015364,174Â 248,A01,1,1,1,0,1,0,-1,-1, -1,-1,2021,47.0,1,2,3,0,7,9,1,,4,CHAPIT RE ( RUE DU),0,,1,2,0,1,1,200,3,, -1,2,0,3,70,3,10,2021,14:20,1,93,93073,1,9,0,6,Rue du Chapitre,49.0015740352,2.5370424986,14,1,1
202100005617,191Â 755,B01,1,1,1,4,1,-1,-1,-1, -1,-1,2021,45.0,2,2,0,2,1,2,2,,1,A7   7.000 A 8.630,0,,3,6,0,1,8,100,1,, -1,1,0,1,70,20,11,2021,20:24,3,69,69199,1,1,0,5,A7   7.000 A 8.630,45.68589,4.84685,20,9,8
202100055881,101Â 990,B01,1,1,1,0,8,0,-1,-1, -1,-1,2021,53.0,1,2,0,2,3,11,0,,1,AUTOROUTE A6,0,,1,4,0,1,13,500,1,, -1,1,0,1,110,8,1,2021,20:45,3,91,91161,2,1,0,3,AUTOROUTE A6,48.7075,2.30727,20,2,2
202100043088,124Â 656,B01,1,1,1,5,2,6,-1,0,0,-1,2021,37.0,1,1,0,2,1,1,1,,3,81,-1,D,2,2,0,1,9,510,1,, -1,1,0,1,70,23,4,2021,17:40,1,76,76627,1,3,0,2,Route de Lillebonne,49.5302819933,0.47585529,17,2,2
202100013743,177Â 144,A01,1,1,1,0,1,-1,-1,0,0,-1,2021,59.0,1,2,0,2,2,15,1,,2,4,-1,N,2,2,0,1,63,400,1,, -1,1,0,1,80,12,10,2021,16:35,1,51,51555,2,3,0,1,N4,48.7350238234,4.3002274632,16,2,2
202100050008,112Â 357,A01,1,1,1,9,2,8,-1,-1, -1,-1,2021,16.0,2,1,0,2,1,17,1,,4,HENRI IV,0,,2,3,0,1,0,0,1,, -1,1,0,1,50,26,2,2021,17:55,1,64,64284,2,2,0,3,HENRI IV,43.28319,-0.38677,17,2,2
202100005010,192Â 828,A01,1,1,1,0,1,0,-1,-1, -1,-1,2021,23.0,2,2,4,0,3,13,1,,1,AUTOROUTE A86,0,,3,7,0,2,18,0,1,, -1,2,0,1,90,3,12,2021,21:25,4,93,93027,1,1,1,6,AUTOROUTE A86,48.92824,2.41184,21,1,1
202100032193,144Â 219,A01,1,1,1,5,1,-1,-1,0,0,-1,2021,75.0,1,2,0,2,8,19,1,,3,,-1,A,2,2,0,1,5,831,1,, -1,1,0,1,80,27,6,2021,10:45,1,85,85024,1,2,0,3,La cotriade,46.981175,-1.921749,10,4,2
202100005558,191Â 864,B01,1,1,1,1,8,0,-1,-1, -1,-1,2021,29.0,0,2,0,2,1,1,1,,4,JULES-VALLES(RUE),0,,1,1,0,1,0,0,1,, -1,1,0,1,50,30,11,2021,12:00,1,93,93070,2,2,0,3,JULES-VALLES(RUE),48.9018694321,2.3386395503,12,5,2
202100042859,125Â 057,A01,10,3,2,5,8,8,-1,2,3,1,2021,15.0,1,2,0,1,1,1,1,,4,CLERMONT (DE),0,,2,2,0,1,(1),(1),1,, -1,1,0,1,50,23,4,2021,18:25,1,60,60159,2,1,0,6,Rue de Clermont,49.419725488,2.8208234309,18,2,1
202100033875,141Â 209,B01,1,1,1,5,2,0,-1,0,0,-1,2021,36.0,1,1,0,2,1,5,5,,4,RUE D HAUTPOUL,0,,1,1,0,2,(1),(1),1,, -1,1,0,1,50,17,6,2021,18:15,1,75,75119,2,1,0,3,RUE D HAUTPOUL,48.88222,2.388239,18,2,2
202100022560,161Â 302,B01,1,1,1,0,2,-1,-1,0,0,-1,2021,33.0,2,1,0,2,3,1,1,,3,658,-1,,2,2,0,1,4,(1),1,, -1,1,5,1,80,27,8,2021,13:30,1,14,14332,1,2,0,1,D658,48.859449,-0.177133,13,2,2
202100028823,150Â 200,A01,1,1,1,1,2,6,-1,-1, -1,-1,2021,51.0,1,1,0,2,4,23,1,,4,,0,,2,2,0,1,(1),(1),1,, -1,1,0,1,50,15,7,2021,14:00,1,45,45169,2,3,0,2,Rue de la MouchetiÃ¨re,47.9103529808,1.8575656563,14,2,2
202100030334,147Â 541,A01,10,3,1,0,0,-1,-1,3,3,1,2021,36.0,1,2,0,1,1,1,1,,3,CHAUVEL,0,,3,2,0,1,(1),(1),1,, -1,1,0,1,50,5,7,2021,22:45,5,971,97101,2,1,0,6,CHAUVEL,16.2387,-61.52644,22,2,1
202100005386,192Â 163,B01,1,1,1,4,2,6,-1,0,0,-1,2021,45.0,2,1,0,2,1,5,1,,4,BOULEVARD MALESHERBES,0,,2,6,0,1,(1),(1),1,, -1,1,0,1,30,30,11,2021,12:45,1,75,75108,2,1,0,3,BOULEVARD MALESHERBES,48.872652,2.321442,12,2,2
202100029934,148Â 292,A01,1,1,1,1,2,6,-1,-1,0,-1,2021,35.0,2,1,0,2,1,21,1,,1,AUTOROUTE A115,0,,3,6,0,1,0,949,1,, -1,1,0,1,90,9,7,2021,06:50,2,95,95582,1,1,0,2,A115,48.98026,2.24082,6,2,2
202100048842,114Â 457,A01,10,3,1,9,0,-1,-1,2,3,1,2021,18.0,1,2,0,1,3,1,1,,3,AV CHARLES DE GAULLE,0,,3,4,0,1,0,0,1,, -1,1,0,1,50,6,3,2021,12:50,1,91,91432,2,1,0,6,AV CHARLES DE GAULLE,48.70525,2.33983,12,2,1
202100034250,140Â 523,B01,1,1,1,0,2,6,-1,-1, -1,-1,2021,61.0,2,1,0,2,1,1,1,,4,ADOUR (AVENUE DE L'),0,,2,3,0,1,0,0,1,, -1,1,0,1,30,14,6,2021,11:05,1,64,64024,2,3,0,1,ADOUR (AVENUE DE L'),43.51355,-1.50039,11,2,2
202100007188,188Â 906,B01,1,1,1,0,1,0,-1,-1, -1,-1,2021,29.0,3,2,0,2,4,2,1,,4,PIFFAULT PIERRE (AV) BESSEMER A MONNIER,0,,2,2,2,1,0,0,1,, -1,1,0,1,50,19,11,2021,17:27,2,72,72181,2,1,0,2,PIFFAULT PIERRE (AV) BESSEMER A MONNIER,47.97017,0.18001,17,2,2
202100021992,162Â 325,A01,1,1,1,1,2,6,-1,0,0,-1,2021,17.0,3,1,2,0,0,1,1,,4,,-1,,2,2,0,2,(1),(1),4,,4,1,0,1,30,25,8,2021,17:00,1,38,38519,1,1,0,7,Route de CÃ©sarge,45.600949,5.05913,17,1,1
202100035998,137Â 342,A01,1,1,1,5,1,9,-1,0,0,-1,2021,90.0,2,2,0,2,3,1,1,,2,2,-1,N,2,2,0,1,88,0,1,, -1,1,0,1,50,8,6,2021,15:00,1,2,2742,2,1,0,3,PK088+000,49.758273,3.7856,15,2,2
202100002053,198Â 124,A01,1,1,1,0,1,0,-1,-1, -1,-1,2021,47.0,0,2,1,0,2,2,1,,4,JARROW (AVENUE DE),0,,2,1,0,1,0,0,1,, -1,1,0,1,50,20,12,2021,12:30,1,93,93031,2,1,0,6,JARROW (AVENUE DE),48.95275,2.32846,12,1,1
202100043208,124Â 426,B01,1,1,1,1,2,0,-1,-1, -1,-1,2021,32.0,1,1,0,2,1,14,1,,3,MARCEL BOYER (QU),0,,2,5,1,1,0,0,1,, -1,1,0,1,50,20,4,2021,17:09,1,94,94041,2,1,0,2,MARCEL BOYER (QU),48.82148,2.39181,17,2,2
202100049108,113Â 976,B01,1,1,2,1,2,0,-1,-1, -1,-1,2021,46.0,3,1,0,2,1,1,1,,4,ROBERT JEAN (PLACE),0,,1,1,0,1,0,0,2,, -1,1,0,1,50,5,3,2021,07:30,1,30,30189,2,7,0,1,ROBERT JEAN (PLACE),43.84007,4.36516,7,2,2
202100051368,109Â 860,A01,1,1,1,5,2,6,-1,0,0,-1,2021,28.0,1,1,0,0,0,1,1,,3,,-1,,2,2,0,1,1,0,3,, -1,1,0,1,50,14,2,2021,15:20,1,62,62861,2,1,0,6,37 bis rue de la gare,50.373619,2.821952,15,1,1
202100045958,119Â 603,A01,1,1,1,5,2,0,-1,-1, -1,-1,2021,27.0,3,1,0,2,1,1,1,,4,LAETITIA (AVENUE),0,,2,2,0,1,(1),(1),1,, -1,1,0,1,30,31,3,2021,00:18,5,13,13209,2,3,0,1,LAETITIA (AVENUE),43.27338,5.41016,0,3,2
202100054102,105Â 039,A01,1,1,1,1,2,6,-1,0,0,-1,2021,19.0,2,1,0,0,1,1,1,,4,RUE DE TURBIGO,0,,1,3,0,1,(1),(1),1,, -1,1,0,1,30,22,1,2021,18:25,5,75,75103,2,5,0,7,RUE DE TURBIGO,48.864836,2.35333,18,1,1
202100040761,128Â 751,C01,1,1,1,1,2,6,-1,0,0,-1,2021,42.0,1,1,0,2,3,3,1,,4,BOULEVARD PERIPHERIQUE,0,,1,4,0,1,15,0,1,, -1,1,0,1,70,7,5,2021,18:30,1,75,75116,2,1,0,4,BOULEVARD PERIPHERIQUE,48.869067,2.27085,18,3,3
202100028966,149Â 951,A01,10,3,2,5,0,-1,-1,3,3,1,2021,75.0,2,2,0,1,2,15,1,,4,MARECHAL FOCH (RUE DU),0,,-1,1,0,1,0,1,2,, -1,2,5,8,50,13,7,2021,09:50,1,67,67180,2,6,1,6,MARECHAL FOCH (RUE DU),48.81244,7.7948,9,2,1
202100005177,192Â 527,A01,1,1,1,5,1,-1,-1,0,0,-1,2021,27.0,1,2,6,0,1,1,1,,7,D8,-1,,2,2,0,1,(1),(1),1,, -1,2,0,3,90,3,12,2021,04:00,5,13,13042,1,1,1,1,D8n,43.273671,5.638218,4,2,1
202100035254,138Â 685,B01,1,1,1,5,8,0,-1,-1, -1,-1,2021,35.0,3,1,0,2,7,1,5,,4,,0,,1,1,0,3,(1),(1),1,, -1,1,5,1,50,9,6,2021,10:47,1,56,56260,2,6,0,3,CLISCOUET (GIRATOIRE),47.63992,-2.7693,10,2,2
202100013886,176Â 875,A01,1,1,2,5,2,0,-1,0,0,-1,2021,49.0,1,1,0,2,1,2,1,,4,BOULEVARD PERIPHERIQUE,0,,1,3,0,1,5,400,1,, -1,1,0,1,70,10,10,2021,13:35,1,75,75114,2,1,0,2,BOULEVARD PERIPHERIQUE,48.820387,2.324441,13,2,2
202100000192,201Â 398,A01,10,3,1,0,0,-1,-1,3,B,1,2021,66.0,1,2,0,1,2,9,1,,3,3,0,D,-1,2,0,2,29,500,3,, -1,2,5,1,-1,16,12,2021,09:15,1,74,74026,2,6,0,6,Route de Choisy,45.963785,6.043575,9,2,1
202100046330,118Â 956,A01,2,2,2,0,1,8,-1,-1, -1,-1,2021,9.0,1,2,0,2,1,1,1,,4,CABASSOU (ROUTE DE),0,,2,2,0,1,0,500,1,, -1,1,0,1,50,26,3,2021,06:55,1,973,97302,2,9,0,3,CABASSOU (ROUTE DE),4.91925,-52.31755,6,3,2
202100004714,193Â 351,B01,1,1,1,9,0,-1,-1,0,0,-1,2021,45.0,3,1,0,2,0,1,-1,,4,FOCH (AVENUE DU MARECHAL),0,,-1,1,1,1,(1),(1),1,, -1,2,0,5,30,21,11,2021,17:00,5,78,78172,2,9,1,3,FOCH (AVENUE DU MARECHAL),49.001911,2.103818,17,2,2
202100015269,174Â 420,A01,1,1,1,5,2,-1,-1,0,0,-1,2021,23.0,2,1,2,0,2,1,1,,3,76,-1,,2,2,0,1,1,950,2,, -1,1,0,3,80,4,10,2021,12:50,1,35,35049,1,1,1,7,Avenue Olivier Biard,48.665514,-1.865187,12,1,1
202100023060,160Â 399,B01,1,1,1,9,8,0,-1,-1, -1,-1,2021,32.0,1,1,0,2,3,1,3,,4,FOCH BOULEVARD,0,,3,4,0,1,1,0,1,, -1,1,0,1,30,31,7,2021,23:55,5,49,49007,2,1,0,3,FOCH BOULEVARD,47.46899,-0.54945,23,2,2
202100013737,177Â 154,A01,1,1,1,1,2,6,9,0,0,-1,2021,44.0,2,1,0,2,2,17,1,,3,1206,-1,,2,3,0,2,2,300,1,, -1,1,0,1,90,12,10,2021,17:46,1,1,1033,1,1,0,3,,46.097731,5.8454836,17,2,2
202100044064,122Â 914,A01,10,3,2,3,0,-1,-1,2,3,1,2021,71.0,2,5,0,1,1,1,1,,4,MADAME DE SANZILLON (RUE),0,,2,2,0,1,0,0,1,, -1,1,0,1,30,14,4,2021,14:45,1,92,92024,2,1,0,6,MADAME DE SANZILLON (RUE),48.90381,2.32024,14,2,1
202100003776,195Â 013,A01,1,1,1,0,1,-1,-1,0,0,-1,2021,42.0,2,2,13,0,8,13,1,,3,34,0,D,2,2,0,2,12,625,3,, -1,2,0,3,80,10,12,2021,23:48,3,25,25304,1,1,1,6,Rue du Docteur Quelet,47.43041,6.887741,23,1,1
202100033676,141Â 567,A01,1,1,2,1,1,0,-1,-1, -1,-1,2021,62.0,3,2,0,2,4,23,1,,3,MARCEL DASSAULT,0,,2,2,0,1,0,0,1,, -1,1,0,1,50,18,6,2021,09:10,1,92,92073,2,1,0,2,MARCEL DASSAULT,48.8609,2.22496,9,2,2
202100032747,143Â 237,A01,1,1,1,5,1,-1,-1,0,0,-1,2021,73.0,1,2,0,2,3,13,1,,3,2089,-1,,2,2,0,1,6,250,1,, -1,1,0,1,50,23,6,2021,10:30,1,63,63066,1,1,0,1,La Gare de Celles,45.867208,3.642831,10,2,2
202100043447,123Â 999,B01,1,1,1,1,8,-1,-1,-1, -1,-1,2021,44.0,1,1,0,2,0,19,5,,3,MARIOLAN (CH. DE),0,,2,2,0,1,0,5,1,, -1,1,5,1,50,19,4,2021,06:30,3,33,33529,2,6,0,3,,44.64705,-1.15756,6,2,2
202100038731,132Â 395,B01,1,1,2,5,1,8,-1,-1, -1,-1,2021,49.0,2,2,0,2,4,2,1,,1,A86 EXT,0,,3,4,0,1,37,99,1,, -1,1,0,1,90,23,5,2021,03:00,3,94,94046,1,1,0,6,A86 EXT,48.80787,2.44902,3,2,2
202100051912,108Â 909,A01,1,1,1,0,2,0,-1,-1, -1,-1,2021,22.0,1,1,0,1,1,26,1,,7,MICHELET (BOULEVARD),0,,2,4,0,1,2,800,1,, -1,1,0,1,50,10,2,2021,09:30,1,13,13208,2,9,0,6,MICHELET (BOULEVARD),43.262828,5.39675,9,2,1
202100022495,161Â 422,A01,1,1,1,5,1,-1,-1,0,0,-1,2021,61.0,1,2,0,2,2,13,1,,1,20,0,,1,4,0,3,243,0,1,, -1,1,0,1,130,24,8,2021,19:20,1,19,19276,1,1,0,2,A20 - pk 243 + 000,45.3990655173,1.5650193225,19,6,2
202100010213,183Â 451,A01,1,1,1,5,1,-1,-1,0,0,-1,2021,64.0,2,2,13,0,2,1,1,,3,140,0,,2,2,0,3,22,690,3,, -1,1,0,1,80,31,10,2021,17:20,1,26,26017,1,1,0,6,20 Rue du Lavoir ,44.623488,5.345353,17,1,1
202100024537,157Â 801,A01,1,1,1,0,2,6,-1,-1, -1,-1,2021,25.0,1,1,14,0,1,26,1,,4,Corniche John FitzgÃ©rald Kennedy,0,,2,3,1,1,(1),(1),3,, -1,1,0,1,50,11,8,2021,01:40,5,13,13207,2,1,0,7,Corniche John FitzgÃ©rald Kennedy,43.2757276327,5.3590191733,1,1,1
202100044352,122Â 393,A01,1,1,1,0,8,0,-1,-1, -1,-1,2021,73.0,3,2,12,0,2,0,1,,4,Z I CALIFORNIE,0,,-1,0,0,1,5,99,1,, -1,1,0,1,50,11,4,2021,15:35,1,972,97213,2,1,0,6,Z I CALIFORNIE,14.61106,-61.02718,15,1,1
202100038809,132Â 244,A01,1,1,1,5,2,6,-1,0,0,-1,2021,51.0,1,1,0,0,0,0,1,,3,63,0,A,2,2,0,1,(1),170,1,, -1,2,0,1,50,22,5,2021,18:55,2,57,57516,2,9,1,7,Place de la Fontaine,49.27512,6.594667,18,1,1
202100034616,139Â 838,A01,2,2,2,5,1,0,-1,0,0,-1,2021,24.0,1,2,0,2,1,2,1,,4,QUAI DE BERCY,0,,1,5,0,2,(1),(1),1,, -1,1,0,1,50,13,6,2021,16:00,1,75,75112,2,1,0,4,QUAI DE BERCY,48.826221,2.390921,16,4,3
202100043694,123Â 581,C01,1,1,1,5,2,6,-1,0,0,-1,2021,17.0,1,1,0,2,1,1,1,,4,,-1,,2,2,0,1,(1),(1),1,, -1,1,0,1,30,17,4,2021,16:50,1,37,37156,2,3,0,6,AllÃ©e des RalluÃ¨res,47.3832702616,0.8268329088,16,4,3
202100019232,167Â 255,Z01,10,3,2,0,8,8,-1,4,3,1,2021,74.0,1,1,0,1,1,1,3,,3,131,0,,1,0,0,1,0,0,1,, -1,1,0,1,50,13,9,2021,13:50,1,92,92050,2,1,0,6,JOLIOT CURIE F. ET IRENE AVENUE  NÂ°PAIRS,48.89051,2.20625,13,2,1
202100009823,184Â 137,A01,1,1,1,5,2,6,9,0,0,-1,2021,68.0,2,1,6,0,8,1,1,,3,5,0,,2,2,0,1,9,530,1,, -1,2,0,1,50,3,11,2021,11:15,1,86,86042,2,1,0,6,D5,46.974132,0.676248,11,1,1
202100014782,175Â 286,A01,10,3,1,5,0,-1,-1,4,5,1,2021,20.0,1,2,0,1,3,1,1,,4,GENERAL KOENIG (QUAI DU),0,,2,4,1,1,0,0,1,, -1,2,0,1,50,5,10,2021,17:35,1,67,67482,2,1,1,6,GENERAL KOENIG (QUAI DU),48.5753,7.75488,17,2,1
202100001493,199Â 119,A01,1,1,1,9,1,0,-1,0,0,-1,2021,53.0,2,5,14,0,2,14,1,,4,QUAI D ISSY LES MOULINEAUX,0,,1,4,0,1,9,600,1,, -1,1,0,1,70,24,12,2021,16:05,1,75,75115,2,1,0,6,QUAI D ISSY LES MOULINEAUX,48.835298,2.272199,16,1,1
202100033080,142Â 613,A01,2,2,2,9,2,0,-1,0,0,-1,2021,41.0,2,1,14,0,1,13,1,,4,AVENUE SIMON BOLIVAR,0,,2,2,1,1,(1),(1),1,, -1,2,0,1,30,20,6,2021,02:30,5,75,75119,2,3,1,6,AVENUE SIMON BOLIVAR,48.87969,2.374407,2,2,1
202100014142,176Â 410,B01,1,1,1,4,2,0,-1,-1, -1,-1,2021,33.0,1,1,0,2,1,1,1,,4,GAMBETTA (AVENUE),0,,2,2,0,2,(1),0,1,, -1,1,0,1,50,9,10,2021,21:40,5,83,83069,2,1,0,3,GAMBETTA (AVENUE),43.1169993213,6.1286222935,21,2,2
202100036328,136Â 756,A01,1,1,1,5,2,6,9,0,0,-1,2021,55.0,1,1,6,0,1,21,1,,3,991,-1,,2,2,2,1,27,400,1,, -1,1,-1,3,50,6,6,2021,11:30,1,73,73059,2,3,0,6,D991 - 7 Bd Gaston Mollex,45.7184609117,5.8865424016,11,1,1
202100036788,135Â 951,B01,1,1,1,0,2,5,-1,-1, -1,-1,2021,37.0,0,1,1,2,1,0,1,,4,CROIX (RUE DE LA),0,,-1,2,0,1,(1),(1),1,, -1,1,0,1,50,28,5,2021,15:05,1,59,59392,2,1,0,1,CROIX (RUE DE LA),50.27673,3.9758,15,2,2
202100045435,120Â 520,B01,1,1,2,0,1,0,-1,-1, -1,-1,2021,37.0,3,2,0,2,1,1,1,,4,GUYNEMER (AV),0,,2,2,0,1,1,0,1,, -1,1,0,1,30,2,4,2021,14:45,1,94,94068,2,2,0,3,Avenue Guynemer,48.78824,2.48527,14,3,2
202100054690,104Â 030,A01,1,1,1,4,2,8,-1,0,0,-1,2021,25.0,3,1,0,2,2,17,1,,4,RUE TAINE,0,,2,2,0,1,(1),(1),1,, -1,2,0,1,50,17,1,2021,18:30,2,75,75112,2,1,0,1,RUE TAINE,48.837662,2.391771,18,2,2
202100005079,192Â 699,A01,10,3,2,3,0,-1,-1,3,3,1,2021,87.0,3,5,0,1,2,16,1,,4,FRANCE ANATOLE (DE 1 A 53 ET 2 A 46),0,,2,2,0,1,(1),(1),1,, -1,2,5,1,50,2,12,2021,11:20,1,29,29019,2,1,1,6,Rue Anatole France,48.38134,-4.5287,11,2,1
202100018948,167Â 774,A01,1,1,1,0,1,0,-1,0,0,-1,2021,22.0,1,2,6,0,1,7,1,,4,PATTON (RUE DE L'ARMEE),0,,1,2,3,1,(1),(1),2,, -1,1,9,4,50,12,9,2021,06:55,2,54,54395,2,1,0,6,PATTON (RUE DE L'ARMEE),48.69195,6.16979,6,1,1
202100054781,103Â 875,A01,10,3,1,5,0,0,0,2,3,-1,2021,9.0,3,2,0,1,2,1,1,,4,AVENUE FOCH,0,,1,1,0,1,(1),(1),1,, -1,5,0,1,50,16,1,2021,14:15,1,75,75116,2,1,1,6,AVENUE FOCH,48.871726,2.280461,14,2,1
202100050155,112Â 069,B01,2,2,2,0,1,0,-1,-1, -1,-1,2021,43.0,2,2,0,2,2,15,1,,3,Route de Parthenay,0,,2,4,0,1,33,650,1,, -1,1,0,1,50,24,2,2021,15:05,1,86,86194,2,2,0,3,Route de Parthenay,46.5996,0.3213,15,3,2
202100046726,118Â 250,B01,1,1,2,0,0,-1,-1,-1, -1,-1,2021,23.0,2,1,0,2,1,1,5,,4,YVES FARGE                          (BD),0,,-1,2,0,2,0,1,2,, -1,1,0,1,50,24,3,2021,10:15,1,69,69199,2,3,0,3,YVES FARGE                          (BD),45.70556,4.8563,10,2,2
202100029238,149Â 498,B01,1,1,1,1,2,-1,-1,0,0,-1,2021,20.0,2,1,0,2,1,17,1,,3,D787,-1,,2,0,0,4,17,(1),1,,0,1,0,1,50,13,7,2021,18:30,1,22,22067,2,3,0,3,Rue Pen An Croissant,48.555416,-3.16317,18,2,2
202100024454,157Â 965,A01,1,1,2,5,2,-1,-1,0,0,-1,2021,64.0,1,1,0,0,0,1,5,,3,431,0,D,2,2,0,2,8,300,1,, -1,1,0,3,80,12,8,2021,15:40,1,68,68106,1,1,0,7,D431 PK 8.300,47.891485,7.107639,15,1,1
202100036598,136Â 285,A01,10,3,1,2,0,-1,-1,2,3,1,2021,12.0,3,2,0,1,3,1,1,,4,SALVADOR ALLENDE                    (R ),0,,2,2,0,2,(1),(1),1,, -1,1,9,1,50,3,6,2021,16:20,1,69,69290,2,1,0,6,SALVADOR ALLENDE (R),45.7033,4.93482,16,2,1