Num_Acc,id_vehicule,num_veh,place,catu,sexe,trajet,secu1,secu2,secu3,locp,actp,etatp,year_acc,victim_age,senc,catv,obs,obsm,choc,manv,motor,occutc,catr,voie,v1,v2,circ,nbv,vosp,prof,pr,pr1,plan,lartpc,larrout,surf,infra,situ,vma,jour,mois,an,hrmn,lum,dep,com,agg_,int,atm,col,adr,lat,long,hour,nb_victim,nb_vehicules
202100019031,167Â 620,A01,10,3,2,9,0,-1,-1,3,3,1,2021,37.0,1,1,0,1,1,3,1,,3,VERDUN AVENUE DE NÂ°1 A 45,0,,2,3,0,2,0,1,1,, -1,2,0,1,50,14,9,2021,10:20,1,92,92020,2,1,1,6,VERDUN AVENUE DE NÂ°1 A 45,48.7992154459,2.2809866062,10,2,1
202100044408,122Â 303,A01,10,3,2,3,8,-1,-1,3,3,1,2021,83.0,3,2,0,1,1,16,1,,4,,-1,,2,2,0,1,(1),(1),3,, -1,1,0,8,50,9,4,2021,11:10,1,40,40312,2,6,0,6,rue jean moulin,43.538932,-1.461144,11,2,1
202100028230,151Â 235,A01,2,2,2,5,1,-1,-1,0,0,-1,2021,14.0,2,2,0,2,1,17,1,,3,6086,0,D,2,2,0,2,45,400,1,, -1,1,0,1,80,19,7,2021,16:00,1,30,30235,1,1,0,1,D6086,43.919381,4.533427,16,4,2
202100003106,196Â 212,B01,1,1,2,0,1,0,-1,0,0,-1,2021,51.0,3,2,0,2,0,1,1,,4,PERI (RUE GABRIEL),0,,2,2,0,1,(1),(1),1,, -1,1,0,1,50,10,12,2021,16:42,1,63,63113,2,2,0,5,PERI (RUE GABRIEL),45.77725,3.07854,16,3,3
202100024002,158Â 737,B01,1,1,1,0,2,6,-1,-1, -1,-1,2021,50.0,1,1,0,2,8,0,1,,4,BEAUFORT (ANCIENNE ROUTE DE),0,,2,2,0,2,(1),(1),1,, -1,1,0,1,-1,13,8,2021,15:49,1,73,73011,1,1,0,3,BEAUFORT (ANCIENNE ROUTE DE),45.6852,6.4044,15,2,2
202100002344,197Â 594,B01,1,1,1,0,1,4,-1,-1, -1,-1,2021,47.0,2,2,0,2,4,2,1,,2,RN 104,0,,1,2,0,2,58,500,2,, -1,1,0,1,70,18,12,2021,16:10,1,91,91560,1,1,0,4,RN 104,48.6571,2.179,16,3,3
202100046386,118Â 856,B01,1,1,1,1,2,0,-1,0,0,-1,2021,51.0,1,1,0,2,2,1,3,,4,BOULEVARD DE SEBASTOPOL,0,,2,5,1,1,(1),(1),1,, -1,1,-1,5,30,25,3,2021,18:30,2,75,75101,2,3,0,3,BOULEVARD DE SEBASTOPOL,48.861988,2.350163,18,2,2
202100010093,183Â 665,A01,1,1,1,5,2,-1,-1,0,0,-1,2021,21.0,0,1,0,0,0,1,0,,4,0,0,,2,2,0,1,(1),(1),2,, -1,2,0,1,50,1,11,2021,16:00,1,67,67498,2,1,0,7,8 Rue de l Etoile,48.878235,7.581143,16,1,1
202100014220,176Â 276,A01,1,1,1,9,2,6,-1,-1, -1,-1,2021,21.0,1,1,0,2,7,1,1,,3,DALAYRAC (R),0,,-1,2,0,1,1,0,1,, -1,1,0,1,50,9,10,2021,21:35,5,94,94033,2,2,0,3,Rue Dalayrac,48.84935,2.45797,21,2,2
202100048936,114Â 277,B01,1,1,1,1,1,-1,-1,-1, -1,-1,2021,60.0,2,2,0,0,4,23,1,,3,CHAMPAGNE   (  AVENUE DE),0,,1,4,0,3,20,700,3,, -1,1,0,1,50,5,3,2021,19:25,5,51,51454,2,1,0,4,Avenue de Champagne,49.23937,4.04499,19,3,3
202100007899,187Â 619,A01,10,3,2,5,0,-1,-1,3,3,1,2021,63.0,1,2,0,1,2,15,1,,3,466,0,D,2,2,0,1,25,0,1,, -1,1,9,1,50,16,11,2021,16:25,1,68,68304,2,2,0,6,1 grande rue,47.755854,7.056726,16,2,1
202100008710,186Â 165,B01,1,1,1,0,2,0,-1,0,0,-1,2021,23.0,1,1,0,2,1,1,1,,7,ORADOU (RUE DE L'),0,,2,2,0,1,(1),(1),1,, -1,1,0,1,50,5,11,2021,12:51,1,63,63113,2,3,0,3,Oradou / GantiÃ¨re,45.76505,3.12307,12,2,2
202100039755,130Â 522,A01,1,1,2,1,8,-1,-1,0,0,-1,2021,28.0,1,2,8,0,1,13,1,,3,89,0,D,2,2,0,1,14,300,1,, -1,1,0,3,80,11,5,2021,09:30,1,27,27134,1,1,0,6,D89,49.346934,0.639997,9,1,1
202100034630,139Â 812,A01,1,1,1,0,2,0,-1,-1, -1,-1,2021,40.0,3,1,0,2,3,15,1,,4,ROME (AV.),0,,1,1,0,1,1,0,1,, -1,1,0,1,50,13,6,2021,17:25,1,93,93057,2,1,0,3,ROME (AV.),48.916073,2.498494,17,3,2
202100031912,144Â 710,A01,1,1,1,9,2,6,-1,-1, -1,-1,2021,19.0,2,1,0,2,1,1,1,,4,LAFERRIERE(AVENUE),0,,2,2,0,1,1,0,1,, -1,2,0,1,50,27,6,2021,22:20,5,94,94028,2,1,1,1,Avenue LaferriÃ¨re,48.79969,2.454787,22,2,2
202100012125,180Â 040,A01,1,1,1,5,0,-1,-1,0,0,-1,2021,67.0,1,2,13,0,2,1,1,,3,51,-1,,2,2,0,1,4,400,2,, -1,1,0,8,80,19,10,2021,06:10,3,86,86274,1,1,0,6,Route de RoiffÃ©,47.089167,0.028857,6,1,1
202100044397,122Â 319,B01,1,1,2,9,1,-1,-1,0,0,-1,2021,38.0,2,2,0,2,1,1,1,,3,726,0,D,2,2,0,1,0,0,1,, -1,1,5,1,50,10,4,2021,18:15,1,63,63052,2,3,0,3,Carrefour D726/D214,45.463126,3.266587,18,3,2
202100015000,174Â 891,A01,10,3,2,0,0,-1,-1,2,3,1,2021,55.0,0,2,0,1,1,26,1,,6,GENERAL DE GAULLE (QUAI DU),0,,-1,-1,0,1,1,0,1,, -1,1,9,8,30,5,10,2021,14:30,1,71,71306,2,9,0,6,GENERAL DE GAULLE (QUAI DU),46.674327127,4.362485406,14,2,1
202100026100,155Â 039,A01,1,1,1,9,1,8,-1,-1, -1,-1,2021,19.0,2,2,6,0,1,26,1,,1,13,0,,1,3,0,1,1,700,1,, -1,1,1,1,70,1,8,2021,05:05,3,92,92012,1,1,0,6,A13,48.8482342934,2.2325493297,5,1,1
202100054544,104Â 277,A01,1,1,1,9,2,6,-1,-1, -1,-1,2021,33.0,2,1,0,2,8,1,1,,1,AUTOROUTE A1,0,,3,8,0,1,2,0,1,, -1,2,0,1,70,19,1,2021,10:40,1,93,93066,1,1,1,7,AUTOROUTE A1,48.9193634411,2.3575464282,10,1,1
202100036651,136Â 196,B01,1,1,1,9,2,6,-1,0,0,-1,2021,37.0,1,1,0,2,1,17,1,,4,QUAI D ORSAY,0,,2,4,0,1,(1),(1),1,, -1,1,0,1,50,3,6,2021,14:00,1,75,75107,2,1,0,3,QUAI D ORSAY,48.862534,2.319221,14,2,2
202100041227,127Â 909,A01,1,1,1,0,1,6,-1,-1, -1,-1,2021,33.0,1,1,0,0,4,1,1,,1,AUTOROUTE A6,0,,3,6,0,2,15,899,1,, -1,2,0,1,110,6,5,2021,09:30,1,91,91345,1,1,1,7,AUTOROUTE A6,48.6891,2.3238,9,1,1
202100002149,197Â 945,A01,1,1,1,5,2,8,-1,0,0,-1,2021,22.0,3,1,0,2,1,13,1,,3,NAPOLEON (ROUTE),0,,2,2,0,2,41,374,1,, -1,1,0,1,80,19,12,2021,14:45,1,6,6069,1,1,0,3,NAPOLEON (ROUTE),43.67029,6.90918,14,2,2
202100015843,173Â 356,A01,2,2,2,0,1,0,-1,-1, -1,-1,2021,45.0,1,2,0,2,4,1,1,,1,A507 sens Marseille - Aubagne,0,,1,3,0,2,2,549,1,, -1,1,1,1,70,30,9,2021,17:45,1,13,13055,1,1,0,2,A507 sens Marseille - Aubagne,43.33464,5.38255,17,3,2
202100011360,181Â 424,C01,1,1,2,0,1,0,-1,-1, -1,-1,2021,58.0,2,2,0,9,1,1,1,,4,CORBEIL (ROUTE),0,,2,3,0,2,0,0,1,, -1,1,0,1,50,22,10,2021,16:00,1,91,91667,2,1,0,5,CORBEIL (ROUTE),48.650916,2.336894,16,6,3
202100040320,129Â 533,A01,10,3,2,0,0,-1,-1,2,5,2,2021,15.0,0,2,0,1,2,5,1,,4,SAINT PIERRE (CHAUSSEE),0,,2,3,0,1,(1),(1),1,, -1,1,0,1,50,8,5,2021,16:30,1,80,80021,2,1,0,6,SAINT PIERRE (CHAUSSEE),49.90393,2.30829,16,2,1
202100040470,129Â 267,A01,1,1,1,9,2,0,-1,-1, -1,-1,2021,69.0,2,1,0,2,1,1,1,,3,,0,,2,2,0,1,0,0,1,, -1,1,0,1,50,4,5,2021,16:15,1,64,64024,2,1,0,2,AVENUE D'ESPAGNE,43.47566,-1.52847,16,2,2
202100020941,164Â 230,A01,1,1,1,0,1,-1,-1,0,0,-1,2021,32.0,2,2,7,0,1,1,1,,3,117,0,B,2,2,0,1,2,0,1,, -1,2,0,3,80,4,9,2021,19:00,1,28,28059,1,1,1,6,Lieu Dit Petite Fontaine,48.68794,1.043234,19,1,1
202100055659,102Â 367,B01,1,1,1,5,1,0,-1,-1, -1,-1,2021,41.0,1,2,0,0,8,9,1,,3,306,0,,2,3,0,1,3,33,1,, -1,2,0,1,70,9,1,2021,01:20,3,77,77445,1,1,0,3,RD 306,48.60561298,2.5825232417,1,2,2
202100016643,171Â 882,A01,1,1,1,0,0,8,-1,0,0,-1,2021,39.0,2,0,0,2,1,15,3,,4,MORTAGNE (RUE GUILLAUME DE),0,,2,2,0,1,(1),(1),1,, -1,1,0,1,50,25,9,2021,20:35,5,59,59599,2,3,0,1,MORTAGNE (RUE GUILLAUME DE),50.738642884,3.176691257,20,2,2
202100001863,198Â 466,B01,1,1,1,5,1,8,-1,-1, -1,-1,2021,73.0,1,4,0,2,1,5,0,,4,KLEBER - AVENUE,0,,2,2,0,1,(1),(1),1,, -1,1,0,1,50,21,12,2021,14:52,1,59,59183,2,1,0,1,KLEBER - AVENUE,51.0489480759,2.4007916093,14,3,2
202100051536,109Â 578,A01,1,1,1,0,8,-1,-1,0,0,-1,2021,47.0,2,1,0,2,3,3,1,,2,10,-1,,2,2,0,1,143,796,1,, -1,1,0,1,-1,15,2,2021,18:25,3,202,202343,2,1,0,3,RT 10,42.497423,9.469442,18,2,2
202100001233,199Â 567,A01,1,1,1,0,1,-1,-1,0,0,-1,2021,43.0,1,5,6,0,2,1,1,,3,790,0,D,2,2,0,1,13,200,2,, -1,2,0,3,50,29,12,2021,14:20,1,22,22074,2,1,1,6,23 Rue du Relais,48.333591,-3.026015,14,1,1
202100045587,120Â 245,B01,1,1,2,1,2,0,-1,-1, -1,-1,2021,26.0,3,1,0,2,1,1,5,,4,CARNOT,0,,2,2,0,1,1,0,1,, -1,1,0,1,50,31,3,2021,08:20,1,49,49007,2,3,0,3,CARNOT,47.47537,-0.54854,8,2,2
202100000834,200Â 239,A01,10,3,1,4,0,-1,-1,1,3,1,2021,52.0,1,2,4,1,2,21,1,,3,CURIE (AVENUE PIERRE),0,,3,4,0,2,8,530,2,, -1,1,1,1,50,14,12,2021,15:10,1,78,78545,2,1,0,6,CURIE (AVENUE PIERRE),48.79867,2.06842,15,2,1
202100034083,140Â 840,A01,1,1,1,5,2,6,-1,0,0,-1,2021,53.0,1,1,1,0,2,5,1,,3,"SOLEIL (PROMENADE DU, NÂ° 1294 ET +)",0,,2,2,0,1,73,763,1,, -1,1,0,1,50,16,6,2021,21:10,2,6,6083,2,1,0,6,"SOLEIL (PROMENADE DU, NÂ° 1294 ET +)",43.774767,7.505022,21,1,1
202100035338,138Â 541,A01,2,2,1,5,3,8,-1,-1, -1,-1,2021,9.0,2,2,0,2,2,20,1,,4,PAIX (R DE LA),0,,2,2,0,1,0,1,1,, -1,1,0,1,50,9,6,2021,10:30,1,94,94022,2,1,0,6,Rue de la Paix,48.76629,2.42109,10,3,2
202100028086,151Â 503,A01,1,1,2,1,1,8,-1,-1, -1,-1,2021,20.0,1,2,0,2,1,2,1,,1,A4,0,,3,4,0,1,1,0,1,, -1,1,0,1,90,20,7,2021,18:00,1,94,94018,1,1,0,2,A4,48.8205076244,2.4018322324,18,2,2
202100036341,136Â 739,A01,1,1,1,5,2,6,9,0,0,-1,2021,18.0,2,1,0,0,0,16,1,,3,230,0,D,2,2,0,2,9,550,3,, -1,9,0,1,80,5,6,2021,18:00,1,84,84118,1,1,1,7,Col de la LiguiÃ¨re (Col de montagne),43.992189,5.389202,18,1,1
202100044349,122Â 399,A01,2,2,1,0,2,6,-1,-1, -1,-1,2021,17.0,1,1,0,2,1,2,1,,1,AUTOROUTE A86,0,,3,8,0,1,14,199,1,, -1,1,0,1,90,12,4,2021,16:00,1,93,93066,1,1,0,2,AUTOROUTE A86,48.92193,2.36134,16,3,2
202100035051,139Â 041,A01,1,1,2,5,2,6,-1,0,0,-1,2021,51.0,2,1,0,2,3,3,1,,4,BOULEVARD PERIPHERIQUE,0,,1,4,0,1,26,500,1,, -1,1,0,1,70,9,6,2021,15:35,1,75,75119,2,1,0,4,BOULEVARD PERIPHERIQUE,48.890958,2.396033,15,3,3
202100004015,194Â 563,A01,1,1,1,2,2,6,-1,-1, -1,-1,2021,14.0,2,1,0,2,1,2,1,,3,HENRI DE NAVARRE (AVENUE),0,,2,2,0,1,85,297,1,, -1,2,0,1,50,6,12,2021,16:20,1,64,64102,2,1,1,2,HENRI DE NAVARRE (AVENUE),43.51123,-1.44107,16,2,2
202100011177,181Â 751,A01,1,1,1,0,0,-1,-1,0,0,-1,2021,22.0,1,2,6,0,1,1,1,,3,133,0,,2,1,0,1,23,10,2,, -1,1,0,8,50,19,10,2021,11:34,1,33,33339,2,1,0,6,La Croix Blanche,45.039313,-0.495313,11,1,1
202100024436,158Â 001,A01,10,3,2,3,0,-1,-1,3,3,1,2021,69.0,2,2,0,1,2,1,1,,3,11,-1,,2,2,0,1,(1),(1),2,, -1,1,0,1,30,12,8,2021,11:45,1,68,68278,2,3,0,6,11 Avenue du GÃ©nÃ©ral de Gaulle,47.746278,7.399448,11,2,1
202100007448,188Â 441,B01,1,1,1,9,2,0,-1,0,0,-1,2021,22.0,1,1,0,2,2,1,1,,4,BOULEVARD RASPAIL,0,,1,2,3,1,(1),(1),1,, -1,1,-1,6,30,17,11,2021,13:35,1,75,75107,2,3,0,3,BOULEVARD RASPAIL,48.852419,2.32667,13,2,2
202100013330,177Â 920,A01,10,3,2,3,0,-1,-1,4,3,1,2021,73.0,-1,2,0,1,1,15,1,,3,STALINGRAD AV.,0,,1,1,0,1,0,0,1,, -1,1,0,6,50,14,10,2021,14:10,1,93,93006,2,1,0,6,STALINGRAD AV.,48.8711,2.4308,14,2,1
202100009088,185Â 462,B01,2,2,2,9,1,0,-1,-1, -1,-1,2021,70.0,1,2,0,2,3,19,1,,4,GUESDE (RUE JULES),0,,2,2,0,1,(1),(1),1,, -1,1,0,1,50,6,11,2021,08:50,1,59,59512,2,2,0,3,GUESDE (RUE JULES),50.684446,3.183222,8,3,2
202100014121,176Â 446,B01,1,1,1,5,8,0,-1,-1, -1,-1,2021,18.0,2,1,0,2,1,0,5,,4,PAVE(RUE),0,,2,2,0,2,0,0,1,, -1,1,0,1,30,9,10,2021,18:25,2,974,97416,2,3,0,1,PAVE(RUE),-21.34237,55.48457,18,2,2
202100008149,187Â 152,A01,10,3,2,5,0,-1,-1,4,3,1,2021,67.0,1,0,0,1,1,1,3,,4,RUE DE RIVOLI,0,,2,2,1,1,(1),(1),1,, -1,1,0,1,30,14,11,2021,14:35,1,75,75104,2,3,0,6,RUE DE RIVOLI,48.857282,2.352386,14,2,1
202100036542,136Â 398,A01,1,1,1,5,0,-1,-1,0,0,-1,2021,15.0,2,1,0,2,7,15,5,,3,377,-1,,2,2,0,1,0,10,3,, -1,1,5,1,80,4,6,2021,14:10,1,89,89257,1,4,0,1,D377,47.958337,3.504065,14,2,2
202100028535,150Â 713,A01,1,1,1,5,1,-1,-1,0,0,-1,2021,56.0,2,2,13,0,9,14,1,,3,220,0,,2,2,0,1,8,880,1,, -1,1,0,6,80,17,7,2021,23:10,3,39,39189,1,1,0,7,,47.076274,5.401304,23,1,1
202100008880,185Â 868,C01,1,1,1,0,1,5,-1,0,0,-1,2021,34.0,1,2,0,2,1,2,1,,2,57,-1,,2,2,0,1,78,0,2,, -1,1,0,1,80,8,11,2021,20:30,3,25,25157,1,1,0,5,N57,46.842324,6.368433,20,5,4
202100013790,177Â 055,A01,1,1,2,0,2,6,-1,0,0,-1,2021,34.0,2,1,3,0,9,2,1,,1,AUTOROUTE A22,0,,1,1,0,1,9,0,3,, -1,1,0,1,90,9,10,2021,01:40,3,59,59508,1,1,0,6,AUTOROUTE A22,50.7351423553,3.1286251545,1,1,1
202100021115,163Â 913,A01,1,1,1,0,2,6,-1,-1, -1,-1,2021,56.0,1,1,0,2,1,1,1,,3,REPUBLIQUE AVENUE DE LA,0,,2,2,0,1,0,0,1,, -1,1,0,1,50,3,9,2021,10:15,1,93,93006,2,1,0,3,Avenue de la RÃ©publique,48.86234,2.41613,10,2,2
202100052670,107Â 581,A01,1,1,1,5,8,0,-1,-1, -1,-1,2021,30.0,0,1,0,2,1,16,5,,4,TANNERIES (RUE DES),0,,2,7,0,1,0,195,1,, -1,1,0,1,50,1,2,2021,13:45,1,50,50129,2,2,0,1,TANNERIES (RUE DES),49.63232,-1.62349,13,2,2
202100025764,155Â 633,A01,1,1,1,1,2,0,-1,0,0,-1,2021,60.0,0,1,0,2,1,1,5,,4,AVENUE DE LA PORTE DE CLIGNANCOURT,0,,2,2,0,1,(1),(1),1,, -1,2,0,1,50,3,8,2021,07:30,1,75,75118,2,2,1,3,AVENUE DE LA PORTE DE CLIGNANCOURT,48.900723,2.344283,7,2,2
202100009049,185Â 530,A01,1,1,2,5,1,0,-1,-1, -1,-1,2021,26.0,1,2,13,0,1,2,1,,1,AUTOROUTE A5A,0,,1,6,0,1,7,599,3,, -1,1,3,3,70,7,11,2021,02:13,3,77,77495,1,9,0,6,AUTOROUTE A5A,48.5946664119,2.6147641651,2,1,1
202100032606,143Â 493,A01,1,1,1,5,2,-1,-1,0,0,-1,2021,21.0,3,1,6,0,1,0,1,,3,19,0,,2,2,0,1,0,400,1,, -1,1,0,8,50,24,6,2021,23:45,5,7,7127,2,1,0,6,"2, bis rue des Ã©coles",44.644884,4.325421,23,1,1
202100053669,105Â 803,A01,2,2,1,4,8,-1,-1,0,0,-1,2021,29.0,1,4,3,0,3,1,1,,1,28,0,A,3,2,3,1,116,500,1,, -1,7,0,3,90,25,1,2021,03:11,3,72,72024,1,1,1,6,Autoroute 28 - PK 116+500,48.09935,0.168915,3,2,1
202100023358,159Â 863,A01,1,1,1,5,0,-1,-1,0,0,-1,2021,23.0,1,1,12,0,1,1,1,,3,5,-1,,2,2,0,1,3,100,1,, -1,1,0,1,50,8,8,2021,22:30,3,43,43120,2,1,0,6,Route de FrugÃ¨res,45.385174,3.273566,22,1,1
202100020316,165Â 323,A01,1,1,1,1,2,0,0,0,0,-1,2021,18.0,3,1,0,2,1,1,1,,4,ORME (CHEMIN DE L'),0,,1,1,0,2,(1),(1),1,, -1,1,0,1,50,7,9,2021,13:00,1,6,6069,2,1,0,2,ORME (CHEMIN DE L'),43.654095,6.942179,13,2,2
202100043369,124Â 146,B01,1,1,1,5,0,8,-1,-1, -1,-1,2021,63.0,3,1,1,2,1,1,0,,4,MAXIMILIEN ROBESPIERRE (RUE),0,,1,1,0,1,0,0,1,, -1,1,0,8,10,20,4,2021,09:00,1,93,93005,2,1,0,3,MAXIMILIEN ROBESPIERRE (RUE),48.94817,2.50206,9,2,2
202100030051,148Â 067,A01,1,1,1,0,2,6,-1,-1, -1,-1,2021,34.0,1,1,0,2,2,1,1,,4,110,0,,2,2,2,1,0,0,1,, -1,1,0,1,50,8,7,2021,09:30,1,92,92024,2,2,0,3,GENERAL LECLERC (BD DU) (9 A 59)   (4 A,48.90133,2.31526,9,2,2
202100013415,177Â 753,A01,2,2,2,0,1,0,-1,-1, -1,-1,2021,37.0,3,2,0,2,7,9,1,,3,7,0,,4,4,0,1,1,0,1,, -1,1,0,1,50,13,10,2021,17:10,1,92,92073,2,1,0,3,BLUM (QUAI LEON),48.864377,2.226617,17,3,2
202100027907,151Â 825,A01,1,1,2,0,2,6,-1,-1, -1,-1,2021,19.0,2,1,12,0,7,1,1,,4,CHASSIN (RUE DE),0,,-1,2,0,1,0,0,1,, -1,1,0,1,50,20,7,2021,13:15,1,64,64024,2,1,0,7,CHASSIN (RUE DE),43.48664,-1.53141,13,1,1
202100018489,168Â 584,A01,10,3,2,5,0,-1,-1,1,3,3,2021,17.0,2,2,0,1,2,1,1,,2,T40,-1,,2,2,0,3,116,600,1,, -1,1,0,1,80,17,8,2021,18:20,1,201,201215,1,1,0,6,RT 40 - CANNELLA,41.488593,9.068989,18,2,1
202100026147,154Â 956,A01,1,1,1,1,1,5,-1,-1, -1,-1,2021,27.0,1,2,0,2,7,1,0,,3,9Â° R.C.P. AVENUE DU,0,,2,2,0,1,0,0,1,, -1,2,0,1,30,26,7,2021,06:40,1,9,9225,2,3,1,3,9Â° R.C.P. AVENUE DU,43.11561,1.62391,6,5,2
202100054337,104Â 636,A01,1,1,1,1,2,6,-1,-1, -1,-1,2021,20.0,2,1,0,2,1,1,1,,4,,0,,2,6,0,1,(1),(1),1,, -1,1,5,1,50,20,1,2021,22:40,5,33,33063,2,2,0,3,Boulevard Antoine Gautier,44.8332847344,-0.5985311683,22,2,2
202100001849,198Â 493,A01,1,1,2,0,1,0,-1,-1, -1,-1,2021,34.0,2,2,0,2,1,2,1,,2,RN 13,0,,1,2,0,2,22,100,1,, -1,1,0,1,90,21,12,2021,10:05,1,78,78551,1,1,0,2,RN 13,48.88702,2.09044,10,2,2
202100028509,150Â 754,B01,1,1,1,0,2,0,-1,-1, -1,-1,2021,27.0,0,1,0,2,0,2,1,,3,ARAGON (AVENUE LOUIS),0,,3,2,0,1,0,0,1,, -1,1,9,8,50,17,7,2021,00:35,5,93,93008,2,2,0,3,Avenue Louis Aragon / Rue Paul Belwo,48.91483,2.441,0,2,2
202100045257,120Â 826,B01,1,1,1,9,1,5,-1,-1, -1,-1,2021,20.0,1,2,0,2,3,19,1,,4,GABRIEL PERI  (AVENUE),0,,2,2,0,1,0,0,1,, -1,1,0,1,50,3,4,2021,20:15,5,93,93047,2,2,0,3,GABRIEL PERI  (AVENUE),48.89322,2.55248,20,2,2
202100031766,144Â 981,A01,1,1,1,-1,2,0,0,-1, -1,-1,2021,16.0,3,1,0,2,8,1,5,,4,,0,,2,3,1,1,0,0,1,, -1,1,0,5,50,29,6,2021,12:53,1,92,92012,2,2,0,6,GALLIENI (RUE) 55/157 - 50/140,48.837582,2.247948,12,3,2
202100020565,164Â 871,A01,10,3,1,1,0,-1,-1,3,3,1,2021,43.0,1,1,0,1,1,17,1,,4,BOULEVARD DE L HOPITAL,0,,2,4,0,1,(1),(1),1,, -1,1,0,1,30,6,9,2021,18:15,1,75,75113,2,2,0,6,BOULEVARD DE L HOPITAL,48.833266,2.356828,18,2,1
202100054753,103Â 930,A01,1,1,1,5,2,0,-1,-1, -1,-1,2021,46.0,1,1,1,0,2,14,1,,4,PERE LABAT (RUE DU),0,,1,1,0,1,100,0,1,, -1,1,9,1,50,15,1,2021,17:05,1,971,97105,2,9,0,6,PERE LABAT (RUE DU),15.99915,-61.7344,17,1,1
202100040795,128Â 694,A01,1,1,1,5,2,6,-1,0,0,-1,2021,45.0,1,1,0,0,0,1,1,,3,10,-1,,-1,2,0,1,17,14,3,,"6,15",1,5,1,80,7,5,2021,11:45,1,76,76317,1,4,0,7,dÃ©partementale 10,49.65027,0.39626,11,1,1
202100033655,141Â 609,A01,1,1,1,2,1,0,-1,-1, -1,-1,2021,20.0,1,2,0,2,1,2,1,,3,BOISSY.(AVENUE DE),0,,2,2,0,1,1,0,1,, -1,1,0,1,50,18,6,2021,11:45,1,94,94011,2,9,0,1,Avenue de Boissy,48.77103,2.48509,11,2,2
202100025215,156Â 592,A01,1,1,1,3,1,5,-1,0,0,-1,2021,79.0,1,2,2,0,1,1,1,,3,114,-1,,2,2,0,1,(1),(1),4,, -1,1,0,1,50,7,8,2021,12:20,1,971,97117,2,1,0,7,D114,16.327872,-61.352978,12,2,1
202100019600,166Â 601,B01,1,1,1,1,1,-1,-1,0,0,-1,2021,24.0,1,2,0,2,1,1,1,,1,,-1,,3,2,-1,1,(1),(1),1,, -1,1,3,1,-1,10,9,2021,08:05,1,60,60533,1,3,0,1,D935,49.521853,2.71329,8,2,2
202100045511,120Â 392,A01,1,1,1,1,2,6,9,0,0,-1,2021,62.0,1,1,0,6,1,1,1,,3,24,0,,2,2,0,2,0,500,2,, -1,1,0,1,50,30,3,2021,20:50,3,31,31291,2,1,0,6,Chemin de Tournefeuille,43.598155,1.271866,20,1,1
202100000449,200Â 902,B01,1,1,1,5,2,6,-1,0,0,-1,2021,16.0,1,1,0,0,1,17,1,,4,,-1,,2,2,0,1,(1),(1),1,,4,2,0,1,50,14,7,2021,16:40,1,73,73255,2,3,1,3,Rte du Glandon,45.33501696,6.291340382,16,2,2
202100008541,186Â 470,A01,1,1,1,1,1,-1,-1,0,0,-1,2021,41.0,2,2,1,0,2,26,1,,3,37,0,D,2,2,0,1,2,200,1,, -1,1,0,4,50,10,11,2021,11:30,1,58,58046,2,1,0,3,9 Route de Vandenesse,46.857993,3.651185,11,1,1
202100053162,106Â 711,B01,1,1,2,0,1,0,-1,-1, -1,-1,2021,36.0,2,2,0,2,8,15,1,,4,PROFESSEUR RAYMOND GARCIN (RUE DU),0,,2,2,0,1,1,600,1,, -1,1,0,1,50,29,1,2021,15:00,1,972,97209,1,3,0,3,PROFESSEUR RAYMOND GARCIN (RUE DU),14.6207,-61.07809,15,2,2
202100027698,152Â 205,A01,10,3,1,3,0,-1,-1,2,3,3,2021,28.0,2,2,0,1,1,1,1,,3,HAVRE(BOULEVARD DU),0,,1,2,0,1,10,750,2,, -1,1,0,1,50,20,7,2021,10:05,1,95,95306,2,6,0,6,RD 14,48.99815,2.18755,10,2,1
202100055216,103Â 119,B01,1,1,1,9,2,6,-1,0,0,-1,2021,33.0,3,1,0,2,1,1,1,,4,PONT ALEXANDRE III,0,,2,4,1,1,(1),(1),1,, -1,2,0,1,50,13,1,2021,20:14,5,75,75107,2,2,1,3,PONT ALEXANDRE III,48.862828,2.313466,20,2,2
202100047963,116Â 006,A01,10,3,1,2,0,-1,-1,1,3,1,2021,8.0,3,2,0,1,7,1,1,,4,MATISSE (R),0,,2,2,0,2,1,0,1,, -1,1,0,1,30,15,3,2021,18:20,1,94,94017,2,1,0,6,Rue Matisse,48.80751,2.55008,18,2,1
202100012850,178Â 755,A01,10,3,1,5,0,-1,-1,1,1,1,2021,56.0,3,2,0,1,1,0,1,,4,PORTE  MAURE CHEMIN DU,0,,2,2,0,1,(1),(1),1,, -1,1,0,1,80,16,10,2021,22:10,3,26,26362,1,1,0,6,Chemin de Porte Maure,44.895315,4.910972,22,3,1
202100024689,157Â 513,A01,2,2,1,5,2,-1,-1,0,0,-1,2021,16.0,2,1,13,0,8,1,1,,3,84,-1,,2,2,0,2,50,378,2,, -1,1,0,3,80,11,8,2021,14:45,1,81,81090,1,1,0,7,LA TOUR,43.858947,2.075515,14,2,1
202100029641,148Â 806,A01,1,1,1,5,2,6,-1,0,0,-1,2021,17.0,1,1,0,0,8,13,1,,3,184,0,,2,2,0,2,(1),(1),1,, -1,1,0,1,90,10,7,2021,18:50,1,14,14162,1,1,0,7,D184,48.920617,-0.519962,18,1,1
202100023462,159Â 686,B01,2,2,2,0,2,6,-1,-1, -1,-1,2021,30.0,2,1,0,2,1,1,1,,3,PROFESSEUR CADIOT (AV DU),0,,2,4,0,1,1,0,1,, -1,1,0,1,50,19,8,2021,19:15,1,94,94046,2,1,0,3,Avenue du Professeur Cadiot,48.80489,2.43209,19,3,2