Num_Acc,id_vehicule,num_veh,place,catu,sexe,trajet,secu1,secu2,secu3,locp,actp,etatp,year_acc,victim_age,senc,catv,obs,obsm,choc,manv,motor,occutc,catr,voie,v1,v2,circ,nbv,vosp,prof,pr,pr1,plan,lartpc,larrout,surf,infra,situ,vma,jour,mois,an,hrmn,lum,dep,com,agg_,int,atm,col,adr,lat,long,hour,nb_victim,nb_vehicules
202100032885,142Â 983,A01,10,3,2,1,8,8,-1,4,3,1,2021,27.0,1,1,0,1,7,21,1,,7,ESPAGNE (RTE D) DU 2AU 403,0,,3,3,3,1,2,357,1,, -1,1,6,6,50,22,6,2021,09:05,1,31,31555,2,1,0,6,ESPAGNE (RTE D) DU 2AU 403,43.54716,1.41939,9,2,1
202100007023,189Â 206,A01,1,1,2,0,1,-1,-1,-1, -1,-1,2021,36.0,2,2,0,4,3,5,2,,4,RUE DE GIRONDE,0,,1,1,0,1,(1),(1),1,, -1,1,0,6,20,18,11,2021,08:30,1,33,33063,2,3,0,3,Rue de Gironde,44.86403,-0.5499,8,2,2
202100021402,163Â 392,A01,1,1,1,4,1,0,-1,-1, -1,-1,2021,22.0,1,5,14,0,1,2,1,,1,AUTOROUTE A1,0,,3,11,0,1,0,1,1,, -1,1,0,1,90,1,9,2021,13:25,1,93,93005,1,1,0,6,AUTOROUTE A1,48.9642723776,2.4732112885,13,1,1
202100055164,103Â 210,A01,1,1,1,5,8,-1,-1,0,0,-1,2021,69.0,0,2,15,0,1,1,1,,4,VICTOR HUGO (RUE),0,,2,2,0,1,(1),(1),1,, -1,2,0,1,50,9,1,2021,06:45,5,80,80131,2,1,0,6,VICTOR HUGO (RUE),49.8447183841,2.3838197648,6,1,1
202100018130,169Â 210,A01,1,1,1,5,2,0,-1,-1, -1,-1,2021,15.0,1,1,0,0,7,16,1,,3,AQUITAINE (AVENUE DE L'),0,,2,3,0,1,6,520,3,, -1,2,0,1,50,18,9,2021,18:30,1,64,64102,2,1,0,7,Avenue de lâAquitaine,43.4867322455,-1.468026638,18,1,1
202100021607,163Â 009,A01,10,3,1,3,0,-1,-1,6,3,2,2021,73.0,3,2,0,1,4,26,3,,6,ZAMIN 2E AVENUE,0,,-1,-1,0,1,(1),(1),1,, -1,1,9,1,50,31,8,2021,10:30,1,59,59350,2,9,0,6,ZAMIN 2E AVENUE,50.636977,2.9703,10,6,1
202100044210,122Â 646,B01,1,1,2,1,2,6,-1,0,0,-1,2021,54.0,1,1,0,2,2,2,1,,1,,-1,,3,-1,-1,1,63,0,1,, -1,1,3,1,-1,13,4,2021,17:15,1,78,78668,1,3,0,3,N13,49.02172,1.499634,17,2,2
202100050535,111Â 367,B01,1,1,2,9,2,-1,-1,0,0,-1,2021,17.0,0,1,0,2,2,21,1,,3,551,-1,,1,2,0,1,7,342,2,, -1,1,5,1,50,23,2,2021,12:30,1,50,50139,2,6,0,3,Rue d'Arganchy,49.057628,-1.031749,12,2,2
202100012438,179Â 478,B01,1,1,1,5,2,0,-1,-1, -1,-1,2021,16.0,2,1,0,0,1,26,5,,4,KERLIR (CHEMIN DE),0,,2,2,0,1,(1),(1),1,, -1,1,0,1,50,15,10,2021,20:25,5,56,56162,2,1,0,6,KERLIR (CHEMIN DE),47.70898,-3.42102,20,2,2
202100053314,106Â 428,A01,1,1,2,5,1,0,-1,-1,0,-1,2021,39.0,2,2,4,0,4,11,1,,1,3,0,,3,-1,0,1,15,699,1,, -1,1,0,1,110,28,1,2021,14:30,1,95,95277,1,1,0,6, A3,48.97126,2.48355,14,1,1
202100050215,111Â 955,A01,1,1,1,1,2,6,-1,0,0,-1,2021,26.0,1,1,0,2,2,17,1,,4,AVENUE DES TERNES,0,,2,4,0,1,(1),(1),1,, -1,1,0,1,50,25,2,2021,12:10,1,75,75117,2,1,0,3,AVENUE DES TERNES,48.880304,2.286995,12,2,2
202100012773,178Â 889,B01,1,1,1,0,0,-1,-1,0,0,-1,2021,60.0,3,1,0,2,1,0,5,,4,,0,,-1,2,0,1,(1),(1),1,,4,1,0,1,50,17,10,2021,11:30,1,17,17051,2,2,0,3,Rue de Bel-Air,46.19105,-1.369807,11,2,2
202100033336,142Â 177,A01,1,1,1,5,1,8,-1,-1,0,-1,2021,52.0,1,2,2,0,1,14,1,,3,CD 35,0,,2,2,0,1,7,14,1,, -1,1,0,1,80,13,6,2021,17:25,1,59,59239,1,1,0,6,CD 35,50.4015760502,3.1750498875,17,1,1
202100035701,137Â 896,B01,2,2,2,0,1,0,-1,-1, -1,-1,2021,31.0,1,2,0,2,4,2,1,,4,CHARLES DE GAULLE,0,,2,3,0,1,0,0,1,, -1,1,0,1,50,7,6,2021,11:05,1,64,64348,2,1,0,4,CHARLES DE GAULLE,43.3129,-0.41601,11,4,3
202100023486,159Â 647,A01,10,3,1,5,0,-1,-1,1,3,1,2021,87.0,1,5,0,1,1,1,1,,3,132,0,,2,2,0,2,12,450,3,, -1,2,0,1,50,19,8,2021,16:16,1,56,56048,2,6,1,6,Rue de la ForÃªt,48.066983,-3.362186,16,2,1
202100041919,126Â 690,A01,1,1,2,9,2,6,-1,-1, -1,-1,2021,49.0,1,1,0,0,8,26,1,,3,BARBES BD IMPAIR,0,,1,2,0,2,(1),(1),1,, -1,2,9,1,50,29,4,2021,07:30,1,11,11069,2,1,1,7,BARBES BD IMPAIR,43.2102,2.3475,7,1,1
202100043009,124Â 793,B01,3,2,1,0,1,8,-1,-1, -1,-1,2021,6.0,3,2,0,2,4,1,1,,4,CHEVRIES (RUE DES ),0,,2,2,0,1,(1),(1),1,, -1,2,0,1,50,22,4,2021,09:40,1,78,78029,2,1,1,2,CHEVRIES (RUE DES ),48.969687,1.856614,9,3,2
202100036281,136Â 827,A01,1,1,1,9,0,-1,-1,-1, -1,-1,2021,15.0,2,1,2,0,1,25,1,,3,JEAN MOULIN (AVENUE),0,,2,2,0,1,1,0,1,, -1,1,6,4,10,5,6,2021,17:50,1,93,93048,2,1,0,6,Avenue Jean Moulin,48.85847,2.44913,17,2,1
202100023607,159Â 439,A01,1,1,1,5,2,0,-1,0,0,-1,2021,30.0,3,1,0,2,1,1,5,,4,ORIENT (BOULEVARD  DE L' ),0,,2,2,0,1,0,1,1,, -1,1,0,1,50,17,8,2021,10:11,1,5,5061,2,1,0,2,ORIENT (BOULEVARD  DE L' ),44.56655,6.10167,10,2,2
202100048011,115Â 922,A01,1,1,1,0,8,8,-1,-1, -1,-1,2021,26.0,2,2,3,0,9,0,1,,2,RN2 SENS ST BENOIT ST DENIS,0,,1,2,0,2,28,0,2,, -1,1,1,1,110,14,3,2021,23:00,3,974,97409,1,9,0,7,RN2 SENS ST BENOIT ST DENIS,-20.94274,55.64829,23,1,1
202100045363,120Â 648,B01,1,1,1,5,2,0,-1,-1, -1,-1,2021,46.0,2,1,0,2,8,1,5,,3,10,0,,2,2,0,1,0,820,1,, -1,1,5,1,50,24,3,2021,10:51,1,78,78686,2,2,0,3,GENERAL LECLERC (AVENUE DU),48.80411,2.16964,10,2,2
202100024628,157Â 636,B01,1,1,2,9,2,0,-1,0,0,-1,2021,49.0,1,1,0,2,1,1,5,,4,BOULEVARD ARAGO,0,,2,4,1,1,(1),(1),1,, -1,1,0,5,50,11,8,2021,09:01,1,75,75114,2,3,0,3,BOULEVARD ARAGO,48.834654,2.338221,9,2,2
202100035462,138Â 324,A01,1,1,1,1,2,0,-1,-1, -1,-1,2021,28.0,2,1,0,2,4,23,1,,2,RTE NATIONALE 7,0,,1,2,0,1,0,0,2,, -1,1,0,1,50,9,6,2021,13:10,1,91,91479,1,6,0,2,VOIE DES AVERNAISES,48.74384,2.36335,13,2,2
202100009896,184Â 006,A01,10,3,2,5,0,-1,-1,4,3,1,2021,23.0,3,2,0,1,2,1,1,,4,AV M RAMOLFO GARNIER,0,,2,2,0,1,0,0,1,, -1,1,0,1,50,1,11,2021,19:00,5,91,91377,2,1,0,6,AV M RAMOLFO GARNIER,48.722368,2.261992,19,2,1
202100012126,180Â 038,B01,1,1,1,5,4,-1,-1,0,0,-1,2021,64.0,3,1,0,0,8,1,5,,6,,-1,,-1,-1,-1,-1,(1),(1),-1,, -1,1,0,-1,-1,19,10,2021,15:45,1,85,85092,2,3,0,1,Rue de Chamiraud,46.465406,-0.822505,15,2,2
202100048572,114Â 931,B01,1,1,1,1,2,0,-1,0,0,-1,2021,22.0,1,1,0,2,2,1,1,,4,BOULEVARD SAINT MARTIN,0,,2,4,0,2,(1),(1),1,, -1,1,0,1,50,10,3,2021,12:40,1,75,75110,2,1,0,3,BOULEVARD SAINT MARTIN,48.868614,2.358013,12,2,2
202100043034,124Â 753,B01,2,2,2,9,1,-1,-1,-1, -1,-1,2021,57.0,2,2,0,2,4,2,1,,4,AVE DU GENERAL LECLERC,0,,2,2,0,1,(1),(1),1,, -1,1,0,1,50,22,4,2021,18:00,1,33,33318,2,1,0,4,Avenue du GÃ©nÃ©ral Leclerc,44.78528,-0.68264,18,4,3
202100024246,158Â 328,A01,1,1,1,0,2,6,-1,-1, -1,-1,2021,47.0,1,1,0,2,1,13,1,,4,OURLEDES (CHEMIN DES),0,,2,2,0,1,0,0,3,, -1,1,0,1,50,12,8,2021,15:40,1,83,83069,2,1,0,1,OURLEDES (CHEMIN DES),43.12709,6.17681,15,2,2
202100013829,176Â 974,A01,1,1,1,0,-1,0,-1,-1, -1,-1,2021,27.0,2,1,0,2,7,15,1,,3,LINGENFELD (AVENUE DE),0,,4,3,0,1,0,795,1,, -1,1,5,1,50,7,10,2021,19:55,2,77,77468,2,3,0,3,D128,48.84366,2.65469,19,2,2
202100013266,178Â 028,B01,1,1,2,5,1,0,-1,-1, -1,-1,2021,32.0,2,2,0,2,4,1,1,,4,GRAMMONT (AVENUE DE),0,,2,4,0,1,(1),(1),1,, -1,1,0,1,50,13,10,2021,19:45,5,37,37261,2,1,0,2,GRAMMONT (AVENUE DE),47.3710503377,0.6966233253,19,2,2
202100016107,172Â 851,B01,1,1,1,0,2,-1,-1,0,0,-1,2021,20.0,0,1,0,2,8,1,1,,4,PAUL CLAUDEL (AVENUE),0,,2,3,0,1,(1),(1),1,, -1,1,0,1,50,23,9,2021,19:40,1,80,80021,2,1,0,2,PAUL CLAUDEL (AVENUE),49.87465,2.27013,19,2,2
202100054635,104Â 130,A01,2,2,1,0,1,-1,-1,0,0,-1,2021,26.0,1,2,0,2,1,1,1,,3,554,0,D,2,2,0,1,42,300,1,, -1,1,0,1,80,19,1,2021,14:25,1,83,83039,1,1,0,4,RD 554,43.5127782565,6.0188041867,14,4,3
202100054212,104Â 845,B01,2,2,2,0,1,0,-1,-1, -1,-1,2021,32.0,1,2,0,0,4,1,1,,4,FELIX EBOUE (GOUVERNEUR GENERAL),0,,2,2,0,2,(1),(1),1,, -1,2,0,1,50,21,1,2021,11:50,1,35,35238,2,1,1,2,FELIX EBOUE (GOUVERNEUR GENERAL),48.08576,-1.69405,11,3,2
202100044279,122Â 518,A01,1,1,1,1,2,0,-1,0,0,-1,2021,29.0,3,1,0,0,0,0,1,,3,BLANCHE (CH. DE LA VOIE) NATION A FALAIS,0,,-1,2,0,1,9,0,1,, -1,2,0,1,50,12,4,2021,21:30,5,27,27701,2,1,1,1,BLANCHE (CH. DE LA VOIE) NATION A FALAIS,49.26915,1.20814,21,2,2
202100023717,159Â 224,B01,1,1,1,1,2,6,-1,-1, -1,-1,2021,56.0,2,1,0,2,7,0,1,,3,D115,0,,2,2,0,1,0,990,1,, -1,1,5,1,70,17,8,2021,11:06,1,29,29051,1,3,0,1,D115 - Route dâElliant,47.99404612,-4.04875319,11,2,2
202100039062,131Â 811,B01,1,1,2,0,2,8,-1,-1, -1,-1,2021,22.0,2,1,0,4,1,19,5,,4,FELIX FAURE                         (AV),0,,2,3,3,1,(1),(1),1,, -1,1,9,1,50,20,5,2021,14:45,1,69,69383,2,2,0,3,FELIX FAURE                         (AV),45.75409,4.86361,14,2,2
202100037069,135Â 440,B01,1,1,1,0,1,0,-1,0, -1,-1,2021,23.0,2,2,0,2,8,1,1,,3,CHARLES DE GAULLE AVENUE,0,,1,2,0,1,1,0,1,, -1,1,0,1,50,31,5,2021,12:20,1,93,93046,2,2,0,3,Avenue Charles de Gaulle / Av du Consul General Nordling,48.91654,2.53147,12,3,2
202100037442,134Â 732,A01,1,1,1,5,2,6,-1,-1, -1,-1,2021,18.0,0,1,0,2,1,9,1,,4,,0,,1,1,0,1,(1),(1),1,, -1,1,0,1,50,29,5,2021,12:20,1,6,6123,2,1,0,3,FRANCE D'OUTRE MER AVENUE,43.659377,7.191931,12,2,2
202100021048,164Â 037,A01,1,1,1,0,1,0,-1,0, -1,-1,2021,36.0,1,2,0,2,2,2,1,,4,FRANCE (AVENUE DE)  1,0,,2,2,0,1,(1),(1),1,, -1,1,0,1,50,28,8,2021,19:10,1,41,41018,2,1,0,4,FRANCE (AVENUE DE)  1,47.5998,1.31941,19,4,3
202100043152,124Â 537,B01,4,2,1,1,1,0,-1,-1, -1,-1,2021,12.0,1,2,0,0,4,24,1,,7,GALILEE (CHAUSSEE),0,,1,1,0,1,(1),(1),1,, -1,1,0,3,50,21,4,2021,16:32,1,59,59599,2,1,0,2,GALILEE (CHAUSSEE),50.71139,3.16059,16,5,2
202100038031,133Â 683,B01,1,1,1,0,2,0,-1,-1, -1,-1,2021,29.0,0,1,0,2,1,1,1,,4,VERRERIE (BD DE LA),0,,2,2,0,1,(1),(1),1,, -1,1,0,1,50,26,5,2021,10:00,1,13,13208,2,1,0,3,VERRERIE (BD DE LA),43.233211,5.36159,10,2,2
202100012763,178Â 907,A01,10,3,1,0,0,-1,-1,4,3,1,2021,79.0,1,2,0,1,1,1,1,,3,2,0,,2,2,2,1,36,952,1,, -1,1,0,1,50,17,10,2021,11:14,1,34,34023,2,2,0,6,Route de SÃ¨te,43.443385,3.696685,11,2,1
202100006196,190Â 736,A01,2,2,1,0,1,0,-1,-1, -1,-1,2021,25.0,1,2,0,2,1,2,1,,1,A14,0,,1,2,0,1,16,500,1,, -1,2,0,1,110,26,11,2021,16:25,1,78,78133,1,1,1,4,A14,48.909628,2.049352,16,8,5
202100020114,165Â 672,A01,1,1,1,1,2,8,-1,-1, -1,-1,2021,44.0,1,1,0,2,1,18,1,,3,PARIS (AV DE),0,,2,1,1,1,1,0,1,, -1,1,-1,1,50,8,9,2021,11:55,1,94,94080,2,3,0,3,Avenue de Paris,48.84601,2.42469,11,2,2
202100003057,196Â 297,B01,1,1,2,5,2,6,-1,-1, -1,-1,2021,22.0,2,1,0,2,2,1,1,,4,RUE DU MARECHAL JOFFRE,0,,-1,2,0,1,0,0,1,, -1,1,0,1,50,1,6,2021,20:55,1,85,85194,2,3,0,1,RUE DU MARECHAL JOFFRE,46.53454,-1.7636,20,2,2
202100026839,153Â 744,B01,1,1,1,5,8,8,-1,-1, -1,-1,2021,45.0,2,1,0,0,0,0,0,,3,LESPINET (RUE DE),0,,4,2,0,2,0,0,1,, -1,1,8,1,30,26,7,2021,18:07,1,9,9122,2,1,0,6,LESPINET (RUE DE),42.966754,1.603685,18,2,2
202100024965,157Â 036,B01,1,1,2,5,0,-1,-1,0,0,-1,2021,67.0,2,1,0,0,4,1,5,,3,554,-1,,-1,2,0,1,73,200,1,, -1,1,5,1,50,7,8,2021,08:15,1,83,83064,2,6,0,3,Boulevard de la LibÃ©ration,43.330813,6.046563,8,2,2
202100022853,160Â 766,A01,1,1,2,5,2,-1,-1,0,0,-1,2021,25.0,1,1,0,0,8,1,1,,3,290,0,,2,2,0,1,4,900,2,, -1,9,0,1,70,26,6,2021,20:30,2,7,7330,1,1,0,7,Route touristique des gorges de l'adÃ¨che  CD 290,44.382597,4.41365,20,1,1
202100032116,144Â 346,B01,1,1,2,5,1,8,-1,-1, -1,-1,2021,41.0,3,2,0,2,3,1,1,,4,GAUTHIER (RUE THEOPHILE),0,,-1,1,0,1,1,0,1,, -1,1,0,1,50,25,6,2021,19:35,1,18,18033,2,3,0,3,GAUTHIER (RUE THEOPHILE),47.10583,2.41283,19,2,2
202100046169,119Â 242,A01,9,2,2,9,1,-1,-1,0,0,-1,2021,17.0,2,2,0,0,4,1,1,,3,925,0,D,2,2,0,1,38,700,1,, -1,1,0,1,80,30,3,2021,09:25,1,80,80215,1,1,0,2,D925,50.141101,1.991229,9,4,2
202100005365,192Â 195,B01,1,1,1,1,2,6,-1,0,0,-1,2021,65.0,1,1,1,2,1,1,1,,4,CLEMENCEAU (RUE GEORGES),0,,2,2,0,1,(1),(1),1,, -1,1,0,1,50,30,11,2021,10:00,1,6,6029,2,1,0,3,CLEMENCEAU (RUE GEORGES),43.549926,7.008266,10,2,2
202100026840,153Â 743,A01,1,1,1,5,1,0,-1,0,0,-1,2021,73.0,1,2,9,0,1,26,1,,4,GRAND CHENE (CHEMIN DU),0,,2,2,0,2,(1),(1),2,, -1,1,0,8,50,27,7,2021,11:42,1,6,6069,2,1,0,6,GRAND CHENE (CHEMIN DU),43.63725,6.92405,11,1,1
202100028719,150Â 387,A01,10,3,2,3,0,-1,-1,3,9,1,2021,89.0,1,2,0,1,3,0,1,,3,2,0,D,2,2,0,1,0,0,1,, -1,1,0,4,30,15,7,2021,06:30,1,84,84099,2,1,0,6,D2,43.84827,5.110933,6,2,1
202100015736,173Â 536,B01,2,2,1,5,1,0,-1,0,0,-1,2021,67.0,2,2,4,2,8,9,1,,4,PORTE DE VINCENNES,0,,1,4,0,1,(1),(1),1,, -1,1,0,1,70,30,9,2021,00:10,5,75,75112,2,4,0,3,BD PERIPHERIQUE INTERIEUR,48.844352,2.413894,0,3,2
202100007924,187Â 579,B01,1,1,2,0,1,-1,-1,0,0,-1,2021,23.0,2,2,0,2,1,1,1,,3,6,0,D,2,2,1,1,83,600,1,, -1,1,0,1,80,10,11,2021,19:00,3,85,85302,1,1,0,1,Le ChÃ¢tellier,46.951178,-1.004916,19,2,2
202100039321,131Â 316,B01,1,1,2,1,2,0,-1,0,0,-1,2021,28.0,1,1,0,2,8,18,1,,4,PLACE SAINT AUGUSTIN,0,,4,2,0,1,(1),(1),1,, -1,1,0,1,50,19,5,2021,19:45,1,75,75108,2,5,0,3,PLACE SAINT AUGUSTIN,48.874842,2.319818,19,2,2
202100036663,136Â 177,B01,1,1,1,4,1,0,-1,-1, -1,-1,2021,47.0,1,3,0,2,3,1,1,1.0,4,ROCHES (RUE DES),0,,2,2,0,2,1,0,1,, -1,1,0,1,30,3,6,2021,09:20,1,93,93048,2,2,0,3,Rue des Roches / Rue Edouard Branly,48.872972,2.46222,9,2,2
202100016204,172Â 674,A01,1,1,2,9,2,6,-1,-1, -1,-1,2021,15.0,1,1,0,2,1,1,1,,4,LECLERC (RUE GENERAL),0,,2,2,0,1,0,1,1,, -1,1,0,1,30,28,9,2021,17:50,1,24,24037,2,1,0,2,LECLERC (RUE GENERAL),44.84347,0.47642,17,2,2
202100042444,125Â 749,B01,1,1,2,4,1,0,-1,-1, -1,-1,2021,29.0,1,2,0,2,4,1,1,,7,ROCADE Nord-Est,0,,3,3,0,1,0,200,1,, -1,1,2,1,70,26,4,2021,18:00,1,76,76540,2,1,0,4,pont mathilde,49.43058,1.10186,18,5,5
202100005960,191Â 140,A01,10,3,1,5,0,-1,-1,2,3,1,2021,73.0,2,2,0,1,1,1,1,,4,Bd VICTOR HUGO,0,,2,1,0,1,(1),(1),1,, -1,2,0,1,50,27,11,2021,10:25,1,31,31149,2,1,1,6,Bd VICTOR HUGO,43.61745,1.3195,10,2,1
202100047623,116Â 629,B01,1,1,1,3,8,0,-1,-1, -1,-1,2021,26.0,2,1,0,2,8,1,3,,3,ROBESPIERRE (RUE MAXIMILIEN),0,,2,2,2,1,(1),(1),1,, -1,2,0,5,50,16,3,2021,17:05,1,59,59165,2,3,1,3,ROBESPIERRE (RUE MAXIMILIEN),50.38363,3.05781,17,2,2
202100037799,134Â 097,B01,1,1,2,5,1,-1,-1,-1, -1,-1,2021,42.0,2,2,0,2,1,1,1,,4,RUE LABAT,0,,2,1,0,1,(1),(1),1,, -1,1,5,1,50,28,5,2021,12:45,1,33,33063,2,3,0,3,Rue du Cardinal Lavigerie,44.83365,-0.60612,12,2,2
202100008049,187Â 344,A01,1,1,1,9,2,6,-1,0,0,-1,2021,57.0,2,1,0,2,1,14,1,,4,AVENUE EMILE ZOLA,0,,2,2,0,1,(1),(1),1,, -1,1,0,1,30,15,11,2021,12:30,1,75,75115,2,2,0,3,AVENUE EMILE ZOLA,48.84641,2.283161,12,2,2
202100001544,199Â 042,B01,1,1,1,5,1,-1,-1,0,0,-1,2021,57.0,1,2,0,2,2,14,0,,1,9,0,A,3,3,0,1,60,700,1,, -1,2,0,1,130,24,12,2021,02:30,3,30,30169,1,1,1,3,"A9, Pk 60+700",43.795106,4.305696,2,6,2
202100049868,112Â 600,A01,10,3,1,5,0,-1,-1,1,3,1,2021,4.0,0,2,0,1,1,1,1,,4,GIROFLÃES (ALLEE DES),0,,2,2,0,1,(1),(1),1,, -1,1,0,1,50,27,2,2021,18:15,1,78,78440,2,1,0,6,GIROFLÃES (ALLEE DES),48.982418,1.913625,18,2,1
202100024292,158Â 248,B01,1,1,1,5,1,0,-1,-1, -1,-1,2021,28.0,0,2,0,2,8,1,1,,3,MAS DE GIBRE CHEMIN DE ,0,,2,2,0,1,1,0,1,, -1,1,0,1,80,3,7,2021,20:20,1,13,13108,1,2,0,3,MAS DE GIBRE CHEMIN DE ,43.80517,4.71271,20,3,2
202100050996,110Â 520,A01,1,1,1,0,1,6,-1,0,0,-1,2021,37.0,2,1,0,0,0,1,1,,3,520,0,,2,2,0,1,44,200,2,, -1,1,0,1,80,20,2,2021,17:00,1,38,38405,1,1,0,7,D520,45.37141,5.68975,17,1,1
202100011336,181Â 464,B01,1,1,1,1,2,6,-1,-1, -1,-1,2021,46.0,1,1,0,2,1,21,1,,1,A4,0,,1,3,0,1,4,0,1,, -1,1,0,1,90,22,10,2021,09:23,2,94,94069,1,1,0,5,A4,48.8171389327,2.4422619339,9,3,3
202100028112,151Â 453,B01,1,1,1,0,2,8,-1,-1, -1,-1,2021,64.0,0,1,0,2,8,1,5,,4,MAS-PALEGRY (CHEMIN DU),0,,2,2,0,1,0,0,1,, -1,1,0,1,50,19,7,2021,08:38,1,66,66136,2,2,0,3,MAS-PALEGRY (CHEMIN DU),42.66012,2.88561,8,2,2
202100023789,159Â 101,A01,1,1,1,4,1,-1,-1,0,0,-1,2021,58.0,2,4,13,0,7,1,1,,3,900,0,B,2,2,0,1,12,700,2,, -1,1,0,3,90,17,8,2021,10:35,1,5,5176,1,9,0,6,VALSERRES,44.476551,6.115297,10,1,1
202100042448,125Â 743,A01,1,1,1,5,8,0,-1,-1, -1,-1,2021,31.0,3,1,0,0,0,1,5,,4,GUSTAVE FLAUBERT,0,,1,1,0,1,(1),(1),1,, -1,1,0,1,50,25,4,2021,14:30,1,76,76351,2,1,0,6,GUSTAVE FLAUBERT,49.496745,0.10685,14,1,1
202100037298,135Â 001,B01,1,1,2,5,8,0,-1,0,0,-1,2021,43.0,2,1,0,2,3,1,5,,4,RUE DE TURENNE,0,,2,2,0,1,(1),(1),1,, -1,1,0,1,50,30,5,2021,21:22,2,75,75103,2,3,0,3,RUE DE TURENNE,48.859966,2.364547,21,2,2
202100012180,179Â 947,B01,1,1,2,0,1,0,-1,-1, -1,-1,2021,21.0,3,5,14,0,4,0,0,,3,MEAUX   (ROUTE DE),0,,2,2,0,1,65,926,1,, -1,1,0,1,80,19,10,2021,18:10,1,77,77410,2,1,0,6,D636,48.58473,2.71658,18,3,3
202100040692,128Â 889,B01,1,1,1,5,2,6,-1,0,0,-1,2021,23.0,2,1,0,0,1,1,1,,7,396,-1,D,2,2,0,1,6,300,1,, -1,1,0,1,70,9,5,2021,18:50,1,13,13042,1,1,0,2,Avenue de la 1 Eme Division Blindee,43.282255,5.626765,18,2,2
202100023774,159Â 122,A01,1,1,1,5,1,-1,-1,0,0,-1,2021,60.0,2,5,2,0,8,1,1,,3,96,-1,,2,2,0,2,4,130,2,, -1,1,0,8,80,17,8,2021,17:40,1,42,42240,1,1,0,6,D96,45.4880630755,3.9995451271,17,1,1
202100021419,163Â 367,A01,10,3,1,0,0,-1,-1,2,3,1,2021,80.0,2,2,0,1,3,16,1,,4,PARADISIERS (AVENUE DES),0,,2,2,0,3,(1),(1),3,, -1,1,5,1,50,1,9,2021,08:46,1,972,97209,2,1,0,6,PARADISIERS (AVENUE DES),14.6238800824,-61.0370886326,8,2,1
202100023613,159Â 418,B01,1,1,1,4,2,0,-1,0,0,-1,2021,37.0,1,1,0,2,1,1,5,,4,AVENUE DE NEW YORK,0,,2,4,3,1,(1),(1),1,, -1,1,0,6,50,17,8,2021,14:00,1,75,75116,2,1,0,3,AVENUE DE NEW YORK,48.858469,2.288644,14,2,2
202100034873,139Â 379,A01,2,2,1,5,8,-1,-1,0,0,-1,2021,18.0,1,2,13,0,2,0,1,,1,68,-1,A,1,2,0,1,7,972,1,, -1,1,0,3,130,13,6,2021,04:35,3,31,31117,1,1,0,6,Autoroute A 68 - PK 008+000,43.668322,1.556818,4,3,1
202100034760,139Â 579,B01,1,1,2,9,1,-1,-1,-1, -1,-1,2021,37.0,2,2,0,2,2,26,1,,4,CHE DE LAPUJADE,0,,2,2,0,1,(1),(1),1,, -1,1,0,4,50,13,6,2021,00:00,5,31,31555,2,1,0,2,CHE DE LAPUJADE,43.6213,1.45339,0,3,2
202100040336,129Â 505,A01,10,3,2,5,0,-1,-1,5,3,1,2021,46.0,1,2,0,1,4,20,1,,3,METZ (ROUTE DE),0,,-1,1,3,1,27,330,1,, -1,1,6,4,50,10,5,2021,17:00,1,57,57672,2,1,0,6,METZ (ROUTE DE),49.35081,6.1601,17,2,1
202100055842,102Â 059,A01,10,3,2,2,8,8,-1,2,3,2,2021,12.0,3,2,1,1,1,17,1,,4,DUMONT D'URVILLE (AVENUE),0,,2,2,0,1,0,0,1,, -1,1,0,1,50,8,1,2021,14:15,1,93,93071,2,1,0,6,DUMONT D'URVILLE (AVENUE),48.9464005475,2.5222292764,14,2,1
202100032441,143Â 787,A01,2,2,2,0,1,0,-1,-1, -1,-1,2021,38.0,3,1,0,2,1,1,5,,4,MONDON (AVENUE),0,,-1,2,3,1,0,0,1,, -1,1,9,5,50,23,6,2021,08:00,1,974,97407,2,9,0,3,MONDON (AVENUE),-20.9345,55.3008,8,3,2
202100051565,109Â 524,A01,10,3,1,5,0,-1,-1,8,2,1,2021,65.0,0,2,0,1,3,9,1,,4,BELZOR(RUE),0,,2,1,0,1,0,0,1,, -1,1,0,1,50,13,2,2021,13:40,1,974,97409,2,9,0,1,BELZOR(RUE),-20.97517,55.65338,13,2,1
202100023454,159Â 701,A01,1,1,1,9,2,0,-1,0,0,-1,2021,24.0,1,1,0,2,3,13,1,,4,AVENUE DE LA PORTE DE CLIGNANCOURT,0,,2,6,0,1,(1),(1),1,, -1,1,0,1,50,19,8,2021,17:15,1,75,75118,2,1,0,3,AVENUE DE LA PORTE DE CLIGNANCOURT,48.898885,2.344157,17,2,2
202100042978,124Â 848,A01,1,1,1,5,2,6,-1,0,0,-1,2021,27.0,2,1,0,0,9,0,1,,3,153,0,,2,2,0,1,11,500,2,, -1,1,0,3,80,24,4,2021,14:18,1,91,91654,1,1,0,7,D153,48.462991,2.411435,14,1,1
202100023907,158Â 901,B01,3,2,1,5,3,0,-1,0,0,-1,2021,0.0,1,2,0,2,4,2,1,,4,PORTE DE SEVRES,0,,1,3,0,1,8,500,1,, -1,1,0,1,70,16,8,2021,10:10,1,75,75115,2,1,0,2,BD PERIPHERIQUE INTERIEUR,48.83058,2.28285,10,3,2