Num_Acc,id_vehicule,num_veh,place,catu,sexe,trajet,secu1,secu2,secu3,locp,actp,etatp,year_acc,victim_age,senc,catv,obs,obsm,choc,manv,motor,occutc,catr,voie,v1,v2,circ,nbv,vosp,prof,pr,pr1,plan,lartpc,larrout,surf,infra,situ,vma,jour,mois,an,hrmn,lum,dep,com,agg_,int,atm,col,adr,lat,long,hour,nb_victim,nb_vehicules
202100035704,137Â 892,A01,1,1,1,0,2,0,-1,0,0,-1,2021,28.0,1,1,1,0,1,26,1,,4,NELATON (RUE),0,,2,2,0,1,(1),(1),1,, -1,1,0,1,50,7,6,2021,19:30,1,63,63113,2,1,0,6,NELATON (RUE),45.76007,3.09758,19,1,1
202100032031,144Â 493,B01,1,1,1,1,2,6,-1,0,0,-1,2021,18.0,1,1,0,0,1,1,1,,3,937,0,D,2,2,0,1,14,300,2,, -1,1,0,1,50,28,6,2021,07:55,1,64,64101,2,1,0,3,2 rue des pyrÃ©nÃ©es,43.205669,-0.257792,7,2,2
202100016490,172Â 151,B01,1,1,1,0,8,-1,-1,-1, -1,-1,2021,85.0,1,1,0,2,2,2,5,,4,GERBERT (RUE),0,,2,2,2,2,(1),(1),1,, -1,2,0,1,50,27,9,2021,18:15,1,51,51454,2,1,0,3,Rue Gerbert,49.25074,4.0401,18,2,2
202100044259,122Â 553,B01,1,1,1,0,8,0,-1,0,0,-1,2021,29.0,-1,1,0,2,1,19,5,,4,LAFAYETTE (BD),0,,2,4,0,1,(1),(1),1,, -1,1,0,1,50,19,2,2021,15:36,1,63,63113,2,1,0,3,LAFAYETTE (BD),45.76727,3.10632,15,2,2
202100036391,136Â 657,B01,1,1,2,0,1,0,-1,-1, -1,-1,2021,60.0,2,2,0,2,1,1,1,,3,MONTESQUIOU (RUE),0,,2,2,0,2,45,124,1,, -1,1,0,1,50,3,6,2021,16:25,1,77,77281,2,1,0,1,MONTESQUIOU (RUE),48.76778,3.03824,16,2,2
202100029712,148Â 686,A01,10,3,1,5,0,-1,-1,2,5,2,2021,15.0,3,2,0,9,6,1,0,,4,00,-1,,1,1,0,1,(1),(1),1,, -1,1,0,1,50,11,7,2021,17:20,1,79,79049,2,3,0,7,65 Rue de la Grange,46.837669,-0.483974,17,2,1
202100019039,167Â 606,A01,2,2,1,0,1,-1,-1,0,0,-1,2021,19.0,3,2,2,0,2,0,1,,3,26,-1,,2,2,0,2,(1),(1),2,, -1,2,0,1,80,15,9,2021,05:12,3,22,22105,1,1,0,7,D26,48.493573,-2.110062,5,2,1
202100023961,158Â 805,A01,1,1,1,4,1,-1,-1,0,0,-1,2021,21.0,1,5,3,0,2,0,1,,1,4,0,A,3,4,0,4,199,800,1,, -1,1,0,3,130,16,8,2021,13:40,1,51,51027,1,1,0,7,A4,49.06002,4.70511,13,1,1
202100004291,194Â 088,A01,1,1,2,5,1,5,-1,0,0,-1,2021,53.0,1,2,11,0,1,1,2,,4,AVENUE DE LA GRANDE ARMEE,0,,2,4,0,1,(1),(1),1,, -1,1,0,1,50,7,12,2021,00:01,3,75,75116,2,3,0,6,AVENUE DE LA GRANDE ARMEE,48.8762436061,2.2871893644,0,1,1
202100042505,125Â 643,B01,1,1,1,9,2,6,-1,0,0,-1,2021,19.0,1,1,0,2,3,1,1,,4,RUE LA BOETIE,0,,1,1,0,1,(1),(1),1,, -1,1,0,1,50,26,4,2021,14:35,1,75,75108,2,1,0,2,RUE LA BOETIE,48.871822,2.308305,14,2,2
202100022914,160Â 663,A01,10,3,1,0,0,-1,-1,0,1,1,2021,21.0,2,2,8,1,1,15,1,,4,RUE DE LEYBARDIE,0,,2,2,0,1,(1),(1),1,, -1,1,5,1,30,21,8,2021,05:26,5,33,33063,2,2,0,6,Rue de Leybardie,44.86243,-0.56716,5,2,1
202100044179,122Â 705,B01,1,1,2,5,1,0,-1,-1, -1,-1,2021,33.0,1,2,0,2,0,0,1,,3,7,0,,2,2,0,1,0,0,1,, -1,1,0,1,50,13,4,2021,12:35,1,92,92064,2,1,0,2,MARCEL DASSAULT,48.8576445916,2.2235512733,12,2,2
202100000896,200Â 144,A01,1,1,1,4,2,0,-1,-1, -1,-1,2021,27.0,1,1,0,2,7,19,1,,4,PONT (CHEM. DU),0,,2,3,0,1,1,0,1,, -1,1,0,1,5,30,12,2021,19:30,5,93,93010,2,1,0,3,PONT (CHEM. DU),48.9081322535,2.4896606701,19,2,2
202100001551,199Â 033,A01,1,1,1,5,0,-1,-1,0,0,-1,2021,29.0,2,2,3,0,2,6,1,,7,9,-1,,2,4,0,1,29,900,3,, -1,1,0,1,90,26,12,2021,10:10,1,13,13033,1,1,0,7,DÃ©partementale 9,43.367965,5.184174,10,1,1
202100003643,195Â 240,A01,1,1,1,9,8,0,-1,-1, -1,-1,2021,19.0,1,1,0,2,1,26,5,,4,BESSONEAU,0,,2,2,0,1,1,0,1,, -1,2,0,1,50,9,12,2021,22:12,5,49,49007,2,1,0,3,Boulevard de la RÃ©sistance et de la DÃ©portation,47.47127,-0.54717,22,2,2
202100017295,170Â 736,B01,2,2,1,5,2,-1,-1,0,0,-1,2021,25.0,1,1,0,2,1,17,1,,2,RN,0,,2,2,0,1,(1),(1),1,, -1,1,0,1,70,24,9,2021,15:15,1,971,97129,1,1,0,3,La Ramee,16.3339637786,-61.7129945755,15,3,2
202100004755,193Â 282,A01,2,2,2,3,1,0,-1,-1, -1,-1,2021,15.0,1,2,0,2,2,1,1,,4,MOUCHETIERE (RUE DE LA),0,,2,4,0,1,(1),(1),1,, -1,2,0,1,50,3,12,2021,14:55,2,45,45285,2,3,1,3,Rue de la MouchetiÃ¨re,47.9131735734,1.8582947552,14,3,2
202100004648,193Â 462,A01,1,1,1,5,2,-1,-1,-1, -1,-1,2021,56.0,2,1,0,0,0,1,-1,,3,,-1,,2,-1,-1,1,4,525,1,, -1,1,0,1,50,1,11,2021,12:50,1,33,33256,2,1,0,7,,44.971951,-0.609735,12,1,1
202100041220,127Â 923,B01,1,1,1,9,2,6,-1,0,0,-1,2021,61.0,2,1,0,2,1,9,0,,3,621,0,D,-1,1,1,1,(1),(1),1,, -1,1,0,1,50,7,5,2021,08:50,1,59,59263,1,6,0,3,D621,50.326094,3.108873,8,2,2
202100029244,149Â 485,B01,2,2,2,0,3,-1,-1,-1, -1,-1,2021,1.0,2,2,0,2,4,2,1,,1,AUTOROUTE A 10,0,,3,6,0,1,529,119,1,, -1,1,0,1,130,13,7,2021,17:45,1,33,33366,1,1,0,2,AUTOROUTE A 10,44.990686,-0.427101,17,3,2
202100024139,158Â 511,B01,2,2,2,5,1,0,-1,-1, -1,-1,2021,23.0,1,2,0,2,4,23,1,,4,VALBARELLE (BOULEVARD DE LA ),0,,2,2,0,1,0,0,1,, -1,1,0,1,50,14,8,2021,20:30,1,13,13211,2,1,0,2,VALBARELLE (BOULEVARD DE LA ),43.2874879939,5.4478899192,20,3,2
202100005028,192Â 799,A01,1,1,1,0,8,-1,-1,-1, -1,-1,2021,18.0,1,1,0,2,3,26,5,,4,FEUILLAT                            (R ),0,,2,2,2,1,(1),(1),1,, -1,2,0,1,50,2,12,2021,15:40,1,69,69383,2,1,0,3,FEUILLAT (R),45.75302,4.87694,15,3,2
202100037464,134Â 699,A01,1,1,1,5,8,0,-1,-1, -1,-1,2021,20.0,1,1,0,2,3,25,3,,3,19,0,,1,3,1,1,0,0,1,, -1,1,0,1,50,30,5,2021,12:20,1,92,92024,2,3,0,3,MARTRE DE (4 A 54),48.8995730632,2.309255898,12,2,2
202100013920,176Â 821,A01,1,1,1,5,1,-1,-1,0,0,-1,2021,36.0,1,2,0,2,3,13,1,,3,973,-1,,2,2,0,1,(1),(1),3,, -1,1,0,1,80,11,10,2021,14:10,1,84,84038,1,1,0,3,D973,43.778291,5.109244,14,2,2
202100020413,165Â 151,B01,1,1,1,0,2,-1,-1,0,0,-1,2021,46.0,2,1,0,2,1,1,1,,3,110,-1,,2,2,0,1,12,118,1,,5,1,0,1,50,7,9,2021,18:30,1,34,34272,2,3,0,1,Avenue des Lauriers,43.653062,4.114208,18,2,2
202100029015,149Â 866,A01,1,1,1,5,2,6,9,0,0,-1,2021,57.0,0,1,0,0,6,1,1,,3,23,-1,,2,2,0,2,6,512,2,, -1,1,0,3,70,15,7,2021,16:45,1,76,76019,1,1,0,7,D23,49.841875,1.086536,16,1,1
202100033888,141Â 187,B01,1,1,1,0,1,0,-1,-1, -1,-1,2021,55.0,0,2,0,2,7,1,0,,3,FONTAINEBLEAU (AV DE),0,,-1,1,0,1,0,0,1,, -1,1,0,1,50,16,6,2021,10:15,1,94,94073,2,3,0,3,FONTAINEBLEAU (AV DE),48.74802,2.36935,10,2,2
202100000519,200Â 771,A01,10,3,1,0,0,-1,-1,3,3,1,2021,10.0,1,2,0,1,2,1,1,,2,SECTION MARE-GAILLARD,0,,2,2,0,1,(1),(1),1,, -1,1,6,1,50,31,12,2021,19:00,5,971,97113,2,1,0,6,SECTION MARE-GAILLARD,16.21512,-61.43833,19,2,1
202100016574,172Â 007,A01,10,3,2,3,0,-1,-1,3,3,1,2021,87.0,1,2,0,1,7,1,1,,3,235,-1,,2,2,0,1,9,50,1,, -1,1,0,1,50,28,9,2021,09:45,1,61,61483,2,1,0,6,Avenue de la FertÃ©-MacÃ©,48.55703,-0.412626,9,3,1
202100037874,133Â 963,A01,10,3,1,5,0,-1,-1,3,3,1,2021,24.0,2,2,0,1,1,16,1,,3,EDOUARD VAILLANT (AVENUE) 57/FIN - 58/FI,0,,3,1,0,1,0,0,1,, -1,1,0,1,50,28,5,2021,14:20,1,92,92012,2,6,0,6,EDOUARD VAILLANT (AVENUE) 57/FIN - 58/FI,48.83364397,2.2438398376,14,3,1
202100009403,184Â 894,B01,1,1,1,0,2,-1,-1,-1, -1,-1,2021,33.0,2,1,0,2,8,8,1,,4,LECLERC                             (AV),0,,2,2,3,1,(1),(1),1,, -1,1,0,1,50,4,11,2021,17:15,5,69,69387,2,4,0,3,LECLERC (AV),45.74091,4.8274,17,2,2
202100018035,169Â 389,A01,1,1,2,0,2,0,-1,-1, -1,-1,2021,37.0,2,1,0,0,0,0,1,,3,DIVISION LECLERC (31 A 51 -36 A 56 BIS),0,,1,1,2,1,0,0,1,, -1,1,0,1,50,18,9,2021,22:35,5,92,92002,2,1,0,7,DIVISION LECLERC (31 A 51 -36 A 56 BIS),48.74679,2.30368,22,1,1
202100033816,141Â 314,A01,1,1,1,5,2,-1,-1,-1, -1,-1,2021,63.0,2,1,0,0,0,16,5,,3,VERDUN (RUE DE),0,,2,2,0,1,2,917,3,, -1,2,5,1,50,17,6,2021,20:10,1,61,61001,2,3,1,7,VERDUN (RUE DE),48.43665,0.09931,20,1,1
202100026929,153Â 577,B01,1,1,2,5,1,-1,-1,-1, -1,-1,2021,21.0,1,2,14,2,8,21,1,,2,ROUTE NATIONALE 230,0,,3,6,0,1,39,900,1,, -1,1,3,1,90,25,7,2021,22:40,5,33,33013,1,1,0,6,,44.846133,-0.502271,22,3,3
202100051074,110Â 380,A01,1,1,1,0,2,0,-1,-1, -1,-1,2021,49.0,3,1,0,0,0,26,1,,4,GENERAL GASTON BILLOTTE (RUE),0,,2,2,0,1,(1),(1),1,, -1,2,0,1,50,17,2,2021,12:16,1,10,10387,2,1,0,7,GENERAL GASTON BILLOTTE (RUE),48.30537,4.07222,12,1,1
202100036446,136Â 558,A01,1,1,1,5,1,-1,-1,-1, -1,-1,2021,39.0,1,2,0,2,0,0,1,,4,PLOMBIERES (BOULEVARD DES),0,,2,4,0,1,(1),(1),1,, -1,1,0,4,50,3,6,2021,19:04,1,13,13203,2,1,0,2,PLOMBIERES (BOULEVARD DES),43.31785,5.380479,19,3,2
202100029280,149Â 427,A01,4,2,1,9,8,0,-1,-1, -1,-1,2021,18.0,3,2,0,2,3,13,1,,4,TOULON (ANCIEN CHEMIN DE),0,,2,2,0,2,0,0,1,, -1,1,0,1,50,10,7,2021,04:15,5,83,83123,2,1,0,1,TOULON (ANCIEN CHEMIN DE),43.1269,5.81641,4,3,2
202100040973,128Â 379,A01,1,1,2,1,1,0,-1,-1, -1,-1,2021,46.0,1,2,1,0,0,0,1,,3,EUROPE (BOULEVARD DE L'),0,,2,2,0,2,0,1,4,, -1,1,0,1,30,7,5,2021,18:25,1,93,93047,2,1,0,6,Boulevard de lâEurope,48.895339,2.568401,18,1,1
202100036577,136Â 334,A01,1,1,1,5,2,0,-1,-1, -1,-1,2021,35.0,1,1,9,0,1,1,1,,4,COMPAGNIE DES INDES (BD DE LA) ,0,,2,2,1,1,0,0,1,, -1,1,0,1,50,21,5,2021,23:10,5,974,97407,2,6,0,7,COMPAGNIE DES INDES (BD DE LA) ,-20.94471,55.31703,23,1,1
202100014053,176Â 574,A01,1,1,2,0,1,-1,-1,0,0,-1,2021,29.0,3,2,0,2,1,0,1,,3,369,0,,2,2,0,2,5,310,4,, -1,1,0,1,80,11,10,2021,14:12,1,7,7007,1,1,0,1,lartilleul,44.965344,4.710646,14,3,2
202100025568,155Â 969,A01,1,1,1,1,1,0,-1,-1, -1,-1,2021,45.0,1,2,0,2,9,1,1,,2,N186,0,,3,3,0,1,49,299,1,, -1,1,0,1,90,5,8,2021,06:05,2,94,94065,1,1,0,6,N186,48.7543063896,2.3502602337,6,1,1
202100021164,163Â 831,A01,1,1,2,1,1,-1,-1,0,0,-1,2021,38.0,2,2,3,0,4,2,1,,1,A2,0,,3,4,0,1,36,800,1,, -1,1,0,1,130,3,9,2021,16:10,1,59,59593,1,1,0,2,"Autoroute A2, Pk 36+800, sens Buxelles/Paris",50.232397,3.279639,16,2,2
202100038306,133Â 168,A01,1,1,1,0,2,6,-1,-1, -1,-1,2021,30.0,2,1,0,2,1,2,1,,1,AUTOROUTE A1,0,,3,7,0,1,206,899,1,, -1,1,0,1,90,18,5,2021,17:00,1,59,59343,1,1,0,2,AUTOROUTE A1,50.587532,3.094505,17,2,2
202100051413,109Â 789,A01,4,2,1,0,1,0,-1,-1, -1,-1,2021,21.0,3,2,2,0,3,25,1,,4,EGALITE (DE L')                     (R ),0,,1,1,1,1,(1),(1),1,, -1,1,0,4,50,16,2,2021,23:50,3,69,69290,2,1,0,6,EGALITE (DE L') (R),45.69258,4.94653,23,3,1
202100041429,127Â 551,B01,2,2,2,9,2,6,-1,-1, -1,-1,2021,49.0,1,1,0,2,2,3,1,,3,VALMY (BD DE),0,,-1,2,0,1,0,0,1,, -1,1,0,1,50,3,5,2021,16:45,1,92,92025,2,1,0,3,VALMY (BD DE),48.9255728366,2.2528731823,16,3,2
202100024557,157Â 764,A01,10,3,2,1,8,8,-1,4,3,1,2021,19.0,1,4,0,1,7,2,0,,3,RHIN ET DANUBE(RUE DU),0,,2,4,0,1,(1),(1),1,, -1,1,0,1,50,12,8,2021,14:20,1,94,94011,2,1,0,6,RHIN ET DANUBE(RUE DU),48.7722356951,2.489807937,14,2,1
202100005199,192Â 480,B01,1,1,1,1,1,8,-1,-1, -1,-1,2021,55.0,2,2,14,2,3,26,1,,1,AUTOROUTE A1,0,,3,3,0,1,11,399,1,, -1,1,0,1,110,2,12,2021,16:00,1,93,93005,1,1,0,6,AUTOROUTE A1,48.95673,2.46063,16,2,2
202100021192,163Â 780,A01,1,1,1,0,1,0,-1,-1, -1,-1,2021,37.0,2,2,0,2,4,1,1,,1,A507 sens Aubagne- Marseille,0,,-1,2,0,1,0,500,1,, -1,1,0,1,70,1,9,2021,16:50,1,13,13055,1,1,0,2,A507 sens Aubagne- Marseille,43.34067,5.3766,16,2,2
202100023261,160Â 037,B01,1,1,1,4,8,0,-1,-1, -1,-1,2021,28.0,1,0,0,2,8,13,3,,4,REPUBLIQUE (AVENUE DE LA),0,,2,2,0,2,(1),(1),1,, -1,1,0,1,50,19,8,2021,12:30,1,76,76217,2,1,0,3,REPUBLIQUE (AVENUE DE LA),49.92493,1.10237,12,2,2
202100035533,138Â 195,A01,1,1,1,5,2,0,-1,0,0,-1,2021,32.0,1,1,0,2,2,1,1,,4,BOULEVARD SAINT MICHEL,0,,2,4,0,2,(1),(1),1,, -1,1,0,1,50,9,6,2021,19:11,1,75,75105,2,5,0,3,BOULEVARD SAINT MICHEL,48.850304,2.342652,19,2,2
202100029701,148Â 710,A01,3,2,1,5,1,-1,-1,0,0,-1,2021,27.0,2,2,2,0,1,1,1,,3,2,-1,,2,2,0,1,32,1259,1,, -1,1,0,3,50,11,7,2021,01:50,3,34,34113,2,3,0,6,Issanka,43.4795713921,3.6991108954,1,3,1
202100040370,129Â 445,A01,10,3,2,2,0,-1,-1,4,3,1,2021,16.0,0,5,0,1,2,16,1,,4,RUE DES ECLUSES SAINT MARTIN,0,,1,2,0,1,(1),(1),1,, -1,1,0,1,30,11,5,2021,17:40,1,75,75110,2,2,0,6,RUE DES ECLUSES SAINT MARTIN,48.87733,2.36586,17,2,1
202100041236,127Â 892,A01,1,1,2,5,1,-1,-1,-1,0,-1,2021,19.0,1,2,4,0,3,26,1,,1,AUTOROUTE A15,0,,3,11,0,1,23,899,1,, -1,2,0,1,90,6,5,2021,13:10,1,95,95500,1,1,1,6, A15,49.03977,2.08424,13,1,1
202100043296,124Â 272,A01,1,1,1,5,2,-1,-1,-1, -1,-1,2021,22.0,0,1,0,0,0,13,1,,4,GEORGES LYVET                       (R ),0,,-1,2,0,1,(1),(1),1,, -1,1,0,1,50,20,4,2021,20:10,1,69,69259,2,1,0,7,GEORGES LYVET (R),45.6981946248,4.8708282319,20,1,1
202100000269,201Â 242,B01,1,1,1,0,8,0,-1,-1, -1,-1,2021,45.0,3,2,0,2,1,1,1,,7,CD20 E,0,,2,2,0,1,0,0,2,, -1,1,2,8,50,24,9,2021,23:30,3,13,13117,1,4,0,5,CD20 E,43.42694,5.2348,23,4,3
202100010244,183Â 399,B01,1,1,2,5,1,8,-1,-1, -1,-1,2021,27.0,1,2,15,0,9,21,1,,1,A72,0,,3,4,0,1,8,800,1,, -1,1,0,1,90,26,10,2021,09:53,1,42,42330,1,1,0,3,A72,45.47821,4.35296,9,2,2
202100038829,132Â 220,A01,10,3,1,5,0,-1,-1,1,9,1,2021,24.0,1,5,0,1,2,21,1,,3,939,-1,,2,2,0,1,28,659,1,, -1,2,0,1,80,22,5,2021,03:50,3,17,17459,1,1,0,6,D939 LE PETIT CABARET,45.92435,-0.45903,3,2,1
202100004788,193Â 218,A01,2,2,1,0,1,0,-1,-1, -1,-1,2021,68.0,3,2,0,2,1,1,1,,7,RD 543,0,,2,2,0,1,1,0,1,, -1,1,0,1,30,20,11,2021,21:00,5,13,13071,2,1,0,3,RD 543,43.4110326933,5.3659676463,21,3,2
202100006881,189Â 473,A01,10,3,2,1,0,-1,-1,3,3,1,2021,49.0,0,2,0,1,1,1,1,,3,426,0,D,3,2,0,1,(1),(1),1,, -1,1,0,1,50,22,11,2021,18:20,5,67,67348,2,1,0,6,Rue du Marechal Juin,48.45959,7.495835,18,2,1
202100017649,170Â 073,B01,4,2,1,0,1,0,-1,-1, -1,-1,2021,19.0,0,2,8,2,5,1,1,,4,ARTS (AVENUE),0,,2,2,0,1,0,0,1,, -1,1,5,1,50,20,9,2021,01:30,5,30,30189,2,2,0,3,ARTS (AVENUE),43.82304,4.33576,1,5,2
202100053852,105Â 486,A01,10,3,2,9,0,-1,-1,2,1,1,2021,87.0,1,2,0,1,3,16,1,,3,THIERS (BD),0,,-1,2,0,1,0,120,1,, -1,2,0,1,50,22,1,2021,09:53,1,4,4070,2,1,1,6,RD 19 (Bd Thiers),44.090752154,6.2327273642,9,2,1
202100019943,165Â 984,A01,1,1,2,3,1,-1,-1,0,0,-1,2021,76.0,0,2,0,2,8,1,1,,3,11,-1,D,2,2,0,1,2,750,1,,6,1,0,1,80,8,9,2021,10:30,1,11,11067,1,3,0,3,Traverse de la DomÃ¨que,43.221596,2.833228,10,2,2
202100028062,151Â 553,A01,2,2,1,5,1,-1,-1,0,0,-1,2021,56.0,2,2,2,0,1,1,1,,3,34,-1,,-1,2,0,1,(1),(1),1,, -1,1,0,1,70,21,7,2021,16:35,1,29,29032,1,1,0,6,D34 - Hameau de KeranscoÃ«t,47.887856,-4.098963,16,2,1
202100004229,194Â 189,A01,1,1,1,1,2,4,-1,-1, -1,-1,2021,40.0,1,0,0,0,0,2,3,,3,NANTES (AVENUE),0,,2,2,2,2,5,1110,1,,"8,5",2,0,5,50,6,12,2021,06:35,5,79,79191,2,1,0,7,26 Avenue de Nantes,46.33649,-0.47576,6,1,1
202100022250,161Â 870,A01,1,1,2,0,1,0,-1,0,0,-1,2021,66.0,3,2,0,4,7,17,1,,7,MILLENAIRE (Rond Point An 2000),0,,1,2,0,1,(1),(1),2,, -1,1,0,1,30,27,8,2021,11:30,1,54,54526,2,6,0,3,MILLENAIRE (Rond Point An 2000),48.68387,6.22122,11,2,2
202100036247,136Â 889,B01,1,1,1,0,8,-1,-1,-1, -1,-1,2021,47.0,1,1,0,2,7,17,1,,4,CRS DE LA SOMME,0,,2,2,3,1,(1),(1),1,, -1,1,-1,1,50,6,6,2021,01:00,5,33,33063,2,3,0,3,Cours de la Somme,44.82758,-0.57235,1,2,2
202100047234,117Â 333,B01,1,1,2,0,1,0,-1,-1, -1,-1,2021,25.0,1,2,0,2,2,1,1,,4,SAINT ANTOINE (AVENUE DE),0,,2,3,0,1,(1),(1),1,, -1,1,0,1,50,20,3,2021,11:15,1,13,13215,2,3,0,3,SAINT ANTOINE (AVENUE DE),43.37855,5.35687,11,2,2
202100051778,109Â 145,A01,10,3,2,5,0,-1,-1,4,3,1,2021,12.0,2,2,0,1,3,1,1,,4,LACASSAGNE                          (AV),0,,2,3,1,1,(1),(1),1,, -1,1,0,1,50,11,2,2021,10:25,1,69,69383,2,1,0,6,LACASSAGNE (AV),45.75269,4.8699,10,2,1
202100019219,167Â 276,A01,1,1,2,1,1,5,-1,-1, -1,-1,2021,29.0,1,2,0,2,1,15,1,,3,GRANDE RUE,0,,2,4,0,1,0,0,1,, -1,1,0,1,50,13,9,2021,08:15,1,93,93077,2,2,0,3,Grande Rue / Rue de la Montagne Savart,48.882717,2.51818,8,3,2
202100050866,110Â 759,A01,10,3,2,1,0,-1,-1,5,9,1,2021,69.0,3,2,0,0,4,4,1,,4,JEAN DANAUX (RUE),0,,-1,0,1,1,0,0,1,, -1,1,0,5,30,19,2,2021,19:10,5,91,91326,2,1,0,6,JEAN DANAUX (RUE),48.68899,2.38496,19,2,1
202100025346,156Â 350,A01,1,1,1,9,8,0,-1,-1, -1,-1,2021,26.0,2,1,0,2,8,15,3,,4,),0,,1,0,0,1,0,0,1,, -1,1,0,1,50,6,8,2021,19:30,1,92,92025,2,2,0,3,SOLFERINO (RUE   AV),48.929937,2.260374,19,2,2
202100021872,162Â 538,A01,9,2,1,5,1,-1,-1,0,0,-1,2021,20.0,2,2,0,0,1,1,1,,3,999,0,D,2,2,0,1,40,700,2,, -1,1,0,3,80,29,8,2021,07:28,1,30,30182,1,1,0,7,RD 999 PK 40+150,43.859542,4.168485,7,3,1
202100028088,151Â 499,B01,2,2,2,0,1,8,-1,-1, -1,-1,2021,26.0,1,2,0,2,0,2,1,,2,RN1-  HAUTEUR DE SORTIE LAURICISQUE,0,,1,3,0,1,(1),(1),1,, -1,1,2,1,80,18,7,2021,17:47,1,971,97101,1,9,0,4,sortie Lauricisque,16.25365,-61.54879,17,4,3
202100029389,149Â 246,A01,10,3,2,1,0,-1,-1,4,3,1,2021,27.0,3,5,0,1,2,1,1,,3,1,-1,,3,4,0,1,0,0,1,, -1,1,0,1,50,28,6,2021,06:10,1,988,98817,2,1,0,6,RPS1/BOULARI,-22.230723,166.525547,6,2,1
202100020150,165Â 613,A01,1,1,1,0,1,-1,-1,0,0,-1,2021,64.0,0,2,0,0,3,15,1,,3,29,-1,D,3,2,0,1,4,400,2,, -1,1,0,1,80,8,9,2021,17:37,1,80,80026,1,4,0,1,D29,49.881625,1.82152,17,5,2
202100001848,198Â 496,B01,1,1,1,0,1,-1,-1,-1, -1,-1,2021,53.0,1,5,0,0,1,1,0,,3,GENERAL LECLERC (RUE DU),0,,2,2,1,1,0,408,1,, -1,1,9,1,30,21,12,2021,20:20,5,78,78146,2,2,0,3,GENERAL LECLERC (RUE DU),48.89639,2.1528,20,2,2
202100016881,171Â 448,A01,2,2,2,0,2,6,-1,-1, -1,-1,2021,50.0,2,1,0,2,5,16,1,,3,AVRIL (AVENUE DU 14),0,,2,2,0,2,2,195,3,, -1,1,5,1,50,25,9,2021,15:50,1,64,64102,2,1,0,2,AVRIL (AVENUE DU 14),43.50255,-1.45651,15,3,2
202100054138,104Â 977,A01,1,1,1,1,2,6,9,0,0,-1,2021,47.0,2,1,0,2,0,15,1,,1,A10,-1,,1,2,0,2,207,0,2,, -1,1,3,1,90,18,1,2021,08:03,2,37,37233,2,9,1,3,"EntrÃ©e A10, nÂ°21 vers PARIS",47.3945690495,0.7069691485,8,2,2
202100033553,141Â 789,A01,10,3,1,0,0,-1,-1,4,3,1,2021,19.0,1,2,0,1,3,1,1,,4,BOUVET ROGER (RUE) NÂ° IMP,0,,2,2,0,1,0,0,1,, -1,1,0,1,50,18,6,2021,17:15,1,72,72181,2,1,0,6,BOUVET ROGER (RUE) NÂ° IMP,48.01237,0.18232,17,2,1
202100026195,154Â 872,A01,4,2,2,5,1,-1,-1,0,0,-1,2021,40.0,2,2,0,2,2,17,1,,3,126,0,D,2,2,0,2,3,150,1,, -1,1,0,1,80,31,7,2021,16:00,1,38,38399,1,1,0,2,D126,45.522962,5.149122,16,5,2
202100024487,157Â 895,B01,1,1,1,5,8,0,-1,-1, -1,-1,2021,19.0,3,0,0,2,1,1,0,,4,CHAMP DE MARS (AVENUE DU),0,,1,1,0,1,(1),(1),1,, -1,1,0,1,-1,23,5,2021,12:00,1,73,73011,2,1,0,3,Avenue du Champ de Mars,45.66402,6.38568,12,2,2
202100025986,155Â 230,B01,2,2,1,0,8,-1,-1,-1, -1,-1,2021,37.0,1,2,0,2,5,1,1,,4,Rue Pierre Baour,0,,2,2,0,1,(1),(1),1,, -1,1,0,1,50,1,8,2021,03:40,5,33,33063,2,2,0,3,Rue Pierre Baour,44.890698,-0.546846,3,3,2
202100036860,135Â 811,A01,1,1,1,0,2,0,-1,-1, -1,-1,2021,33.0,1,1,1,0,2,2,1,,3,MICHELET (AVE) : DU 1 AU 103,0,,2,2,1,1,0,0,1,, -1,1,0,6,50,31,5,2021,19:35,1,93,93070,2,1,1,3,MICHELET (AVE) : DU 1 AU 103,48.905886,2.344131,19,3,3
202100000097,201Â 578,B01,1,1,1,5,8,0,-1,-1, -1,-1,2021,17.0,0,1,0,2,1,0,1,,4,PASCAL,0,,2,1,0,1,(1),(1),1,, -1,2,5,1,50,23,11,2021,20:00,5,62,62004,2,9,1,3,PASCAL,50.272627,2.767003,20,2,2
202100030558,147Â 139,A01,2,2,1,0,1,0,-1,0,0,-1,2021,25.0,3,2,0,2,2,15,1,,4,HERMITE (RUE CHARLES L'),0,,2,2,0,1,(1),(1),1,, -1,1,9,1,30,5,7,2021,17:40,1,54,54159,1,2,0,6,Chemin des sables,48.60255,6.36164,17,4,3
202100044023,122Â 988,A01,1,1,2,1,2,0,-1,-1, -1,-1,2021,54.0,1,1,16,0,0,21,5,,4,CREBILLON (RUE  PROSPER ),0,,2,2,0,1,(1),(1),1,, -1,1,0,1,30,13,4,2021,13:52,1,56,56098,2,1,0,7,CREBILLON (RUE  PROSPER ),47.76692,-3.34875,13,1,1
202100036392,136Â 655,A01,10,3,1,9,0,-1,-1,4,3,1,2021,26.0,0,2,0,1,3,0,1,,4,GAULLE. PLACE CHARLES DE,0,,2,3,0,1,0,0,1,, -1,2,6,1,50,4,6,2021,09:00,1,76,76540,2,1,1,6,GAULLE. PLACE CHARLES DE,49.44337,1.09828,9,2,1