Num_Acc,id_vehicule,num_veh,place,catu,sexe,trajet,secu1,secu2,secu3,locp,actp,etatp,year_acc,victim_age,senc,catv,obs,obsm,choc,manv,motor,occutc,catr,voie,v1,v2,circ,nbv,vosp,prof,pr,pr1,plan,lartpc,larrout,surf,infra,situ,vma,jour,mois,an,hrmn,lum,dep,com,agg_,int,atm,col,adr,lat,long,hour,nb_victim,nb_vehicules
202100048410,115Â 228,A01,1,1,1,1,2,8,-1,-1, -1,-1,2021,34.0,3,1,0,2,1,2,1,,4,BORDEAUX (AVENUE DE),0,,2,4,0,1,(1),(1),1,, -1,1,0,1,50,9,3,2021,12:45,1,37,37122,2,1,0,6,BORDEAUX (AVENUE DE),47.3584999299,0.6978648402,12,2,2
202100036735,136Â 047,D01,2,2,1,4,1,0,-1,-1, -1,-1,2021,60.0,1,5,0,2,1,1,1,,1,A7-Sens Lyon vers Marseille,0,,3,3,0,1,274,500,1,, -1,2,0,1,90,2,6,2021,07:30,1,13,13215,1,1,1,4,A7-Sens Lyon vers Marseille,43.37156,5.36107,7,6,5
202100026678,154Â 020,A01,1,1,1,9,2,0,-1,0,0,-1,2021,25.0,2,1,0,2,2,1,1,,4,RUE D AUBERVILLIERS,0,,1,3,0,1,(1),(1),1,, -1,1,0,1,30,28,7,2021,15:00,1,75,75119,2,2,0,3,RUE D AUBERVILLIERS,48.885559,2.365809,15,2,2
202100055823,102Â 088,B01,1,1,1,4,1,0,-1,0,0,-1,2021,30.0,2,3,0,2,3,15,3,1.0,4,BOULEVARD DAVOUT,0,,2,4,0,1,(1),(1),1,, -1,1,0,1,50,8,1,2021,14:30,1,75,75120,2,2,0,3,BOULEVARD DAVOUT,48.849062,2.411235,14,2,2
202100006419,190Â 321,B01,1,1,1,5,2,0,-1,0,0,-1,2021,16.0,1,1,0,2,2,1,1,,3,13,0,,2,2,0,1,0,225,1,, -1,2,0,1,50,24,11,2021,10:22,1,47,47001,2,3,0,3,STALINGRAD (AVENUE DE ),44.21036,0.63008,10,2,2
202100034387,140Â 272,A01,1,1,2,1,1,-1,-1,0,0,-1,2021,39.0,2,2,2,0,1,11,1,,3,34,0,,2,2,0,1,8,939,2,, -1,1,0,3,90,15,6,2021,21:30,2,34,34145,1,1,0,7,Route de Sommieres,43.694435,4.135612,21,1,1
202100020080,165Â 732,B01,1,1,1,1,1,-1,-1,-1, -1,-1,2021,42.0,3,2,0,2,4,23,1,,4,D1215,0,,2,1,0,1,3,670,1,, -1,1,0,1,70,8,9,2021,15:00,1,33,33162,2,1,0,4,D1215,44.88691,-0.66681,15,3,3
202100026105,155Â 032,A01,10,3,1,5,0,-1,-1,3,9,1,2021,33.0,1,2,0,1,2,1,1,,4,D'ESTIENNE D'ORVES,0,,2,2,0,1,(1),(1),1,, -1,1,0,1,50,31,7,2021,02:50,5,29,29019,2,1,0,6,40 Rue dâEstienne dâOrves,48.3917028245,-4.4604407565,2,2,1
202100000270,201Â 239,A01,1,1,1,5,2,-1,-1,0,0,-1,2021,70.0,2,1,0,2,2,1,1,,3,932,-1,E,2,1,0,2,(1),(1),3,, -1,1,0,1,50,14,10,2021,17:50,1,33,33036,2,1,0,3,Cours du MarÃ©chal Foch,44.430114,-0.214244,17,2,2
202100011695,180Â 826,A01,1,1,2,1,1,-1,-1,0,0,-1,2021,59.0,2,2,16,0,9,1,1,,3,113,-1,,2,2,0,1,16,900,2,, -1,2,0,1,80,21,10,2021,13:30,1,32,32290,1,1,0,7,route dÃ©partementale D113,43.949165,0.214298,13,1,1
202100045821,119Â 852,A01,1,1,1,4,2,0,-1,-1, -1,-1,2021,24.0,2,1,0,2,1,1,1,,3,REPUBLIQUE AVENUE DE LA,0,,2,2,0,1,0,0,1,, -1,1,0,1,50,31,3,2021,12:45,1,92,92050,2,1,0,3,REPUBLIQUE AVENUE DE LA,48.91,2.2184,12,2,2
202100040289,129Â 589,A01,1,1,1,9,2,-1,-1,-1, -1,-1,2021,56.0,1,1,0,2,0,1,1,,1,AUTOROUTE A 62,0,,3,4,0,1,1,715,1,, -1,2,0,1,130,12,5,2021,16:10,1,33,33080,1,1,1,2,AUTOROUTE A 62,44.758326,-0.545944,16,2,2
202100006028,191Â 017,A01,1,1,1,0,0,-1,-1,0,0,-1,2021,46.0,1,2,6,0,1,1,1,,7,132,0,D,2,2,0,1,1,375,4,, -1,1,0,3,80,28,11,2021,01:40,3,34,34270,2,1,0,6,D132E2,43.587356,3.832118,1,1,1
202100029282,149Â 422,B01,1,1,1,0,2,6,-1,-1, -1,-1,2021,68.0,3,1,0,2,3,1,1,,4,SAINTE ADRESSE (DE),0,,2,2,0,1,(1),(1),1,, -1,1,0,1,50,9,7,2021,12:42,1,76,76351,2,3,0,3,SAINTE ADRESSE (DE),49.49986,0.09255,12,2,2
202100045395,120Â 589,A01,1,1,1,1,2,6,-1,-1, -1,-1,2021,30.0,1,1,0,0,8,1,1,,4,MAISONS BLANCHES (QUAI DES),0,,2,2,0,1,(1),(1),3,, -1,1,0,1,50,2,4,2021,07:36,1,37,37214,2,1,0,7,MAISONS BLANCHES (QUAI DES),47.3943155223,0.6509132803,7,1,1
202100004361,193Â 964,A01,10,3,1,5,0,-1,-1,2,A,1,2021,69.0,1,2,0,1,8,26,0,,4,,0,,2,2,0,1,(1),(1),3,,4,1,0,8,50,8,12,2021,17:15,5,60,60103,2,7,0,6,Rue de la Mare du Four,49.409301,2.251698,17,2,1
202100017632,170Â 102,B01,1,1,1,3,8,0,-1,0,0,-1,2021,31.0,3,1,0,0,7,19,5,,3,RD 201_ACCES 201 PAR BD S.ALLENDE,0,,1,1,0,2,2,200,3,, -1,1,5,1,50,21,9,2021,19:16,1,60,60175,2,6,0,6,RD 201_ACCES 201 PAR BD S.ALLENDE,49.246379,2.470789,19,2,2
202100001561,199Â 019,B01,1,1,2,1,1,-1,-1,-1, -1,-1,2021,35.0,2,2,0,2,6,1,1,,7,M6   449.510 A 451.640,0,,3,6,3,2,449,700,1,, -1,1,0,1,70,21,12,2021,06:45,3,69,69081,1,1,0,2,M6   449.510 A 451.640,45.79322,4.78125,6,2,2
202100006179,190Â 770,A01,1,1,2,1,1,-1,-1,0,0,-1,2021,61.0,2,2,0,2,3,13,1,,3,147,-1,,2,2,0,1,5,0,1,, -1,1,0,1,70,24,11,2021,14:00,1,69,69287,1,1,0,1,TOUSSSIEU (DE) (RTE),45.6718552574,5.0151572277,14,2,2
202100051336,109Â 911,A01,1,1,2,0,1,-1,-1,0,0,-1,2021,46.0,2,2,0,2,1,13,1,,3,1083,0,,2,2,0,1,18,600,1,, -1,1,0,1,80,17,2,2021,14:50,1,1,1443,1,1,0,1,D1083,45.990082,5.021852,14,2,2
202100009471,184Â 780,B01,1,1,1,5,1,0,-1,-1, -1,-1,2021,31.0,3,2,0,2,4,23,1,,3,GENERAL GALLIENI - PONT DE JOINVILLE (AV,0,,2,4,3,1,1,0,1,, -1,1,2,1,50,3,11,2021,23:00,5,94,94042,2,1,0,2,GENERAL GALLIENI - PONT DE JOINVILLE (AV,48.82011,2.47186,23,3,3
202100048549,114Â 971,A01,2,2,2,5,1,-1,-1,-1, -1,-1,2021,19.0,1,2,0,2,3,15,1,,4,RUE DES QUATRE CASTERA,0,,2,2,0,1,(1),(1),3,, -1,2,0,1,30,10,3,2021,23:30,5,33,33039,2,3,1,3,Rue des Quatre CastÃ©ra,44.80943,-0.53737,23,3,2
202100048342,115Â 346,A01,1,1,1,5,2,-1,-1,0,0,-1,2021,39.0,1,1,0,0,4,13,6,,3,903,-1,,2,2,0,2,58,400,1,, -1,1,0,1,70,13,3,2021,11:00,1,74,74158,1,1,1,2,Route du pays de la CotÃ©,46.247182,6.331188,11,2,2
202100006750,189Â 716,A01,1,1,1,4,1,-1,-1,0,0,-1,2021,43.0,2,2,0,2,3,1,1,,3,1,-1,,2,2,0,1,17,500,1,,"5,5",1,0,1,90,23,11,2021,18:25,3,23,23177,1,1,0,1,D1,46.255743,1.474979,18,2,2
202100018297,168Â 917,B01,1,1,1,5,8,-1,-1,-1, -1,-1,2021,31.0,2,1,0,2,8,1,0,,4,JULES FAVRE                         (BD),0,,2,4,3,1,(1),(1),1,, -1,1,0,5,50,17,9,2021,18:05,1,69,69386,2,2,0,3,JULES FAVRE (BD),45.76622,4.85917,18,2,2
202100052871,107Â 206,A01,1,1,2,1,1,0,-1,-1, -1,-1,2021,29.0,2,2,0,2,1,1,1,,7,132,0,,2,2,0,1,7,500,1,, -1,2,0,1,80,31,1,2021,12:45,1,76,76486,1,1,0,1,CÃ´te de la Maison BrÃ»lÃ©e (D132),49.31594,0.98658,12,3,2
202100028440,150Â 878,B01,2,2,2,5,2,6,-1,-1, -1,-1,2021,16.0,1,1,0,2,4,1,1,,1,AUTOROUTE A1,0,,3,8,0,1,1,200,1,, -1,1,0,1,90,18,7,2021,08:50,1,93,93066,1,1,0,2,AUTOROUTE A1,48.91213,2.35813,8,3,2
202100013532,177Â 537,A01,1,1,1,1,1,-1,-1,-1, -1,-1,2021,23.0,1,2,0,2,3,17,1,,4,RUE D'AMBARES,0,,2,2,0,1,(1),(1),1,, -1,1,0,1,50,13,10,2021,06:50,3,33,33032,1,1,0,6,Rue dâAmbares,44.91617,-0.50933,6,4,3
202100039609,130Â 788,A01,10,3,2,2,0,-1,-1,1,3,3,2021,15.0,1,2,0,1,3,9,2,,4,RUE DU DISQUE,0,,1,1,0,1,(1),(1),1,, -1,2,1,1,30,17,5,2021,08:35,1,75,75113,2,3,1,6,RUE DU DISQUE,48.82434,2.363696,8,2,1
202100016866,171Â 473,B01,1,1,1,0,8,0,-1,-1, -1,-1,2021,23.0,2,1,0,2,1,19,5,,4,PRESIDENT POINCARE (BOULEVARD DU),0,,3,2,3,1,0,0,1,, -1,1,0,1,50,23,9,2021,16:50,1,67,67482,2,3,0,3,PRESIDENT POINCARE (BOULEVARD DU),48.58986,7.74237,16,2,2
202100045723,120Â 020,A01,10,3,1,2,0,-1,-1,2,3,1,2021,13.0,1,2,0,1,1,1,1,,4,RETHOURIE (CHEMIN DE LA),0,,2,2,0,2,0,0,3,, -1,1,0,1,30,24,3,2021,12:15,1,32,32013,2,1,0,-1,RETHOURIE (CHEMIN DE LA),43.64409,0.59922,12,2,1
202100030328,147Â 551,B01,1,1,1,9,2,-1,-1,-1, -1,-1,2021,35.0,0,1,0,2,1,15,1,,4,TONY GARNIER                        (AV),0,,-1,5,0,1,(1),(1),1,, -1,1,0,1,50,2,7,2021,18:40,1,69,69387,2,2,0,3,TONY GARNIER (AV),45.7267,4.83091,18,2,2
202100025997,155Â 211,C01,1,1,2,5,2,6,-1,-1, -1,-1,2021,42.0,1,1,0,0,8,16,1,,7,SAINT PIERRE (RUE),0,,2,3,0,1,0,0,1,, -1,1,0,1,50,1,8,2021,20:15,1,13,13205,2,2,0,3,SAINT PIERRE (RUE),43.29255,5.40019,20,3,3
202100019231,167Â 256,A01,10,3,2,0,8,8,-1,5,2,1,2021,57.0,2,3,0,1,0,26,1,1.0,4,,0,,2,3,0,1,0,0,1,, -1,1,0,4,50,13,9,2021,15:55,1,92,92050,2,1,0,6,PAUL MARCEL PLACE,48.8969222809,2.2190894186,15,2,1
202100013575,177Â 456,A01,10,3,2,5,0,-1,-1,2,3,2,2021,11.0,1,2,0,1,1,1,1,,3,BOULEVARD DES HEROS,0,,1,2,0,1,(1),(1),1,, -1,1,0,1,50,13,8,2021,19:50,4,971,97101,2,1,0,6,BOULEVARD DES HEROS,16.24732,-61.52877,19,4,1
202100054417,104Â 486,A01,10,3,1,5,0,-1,-1,9,4,1,2021,81.0,0,2,0,1,1,4,1,,4,OUCHE (PLACE DE L'),0,,2,2,0,1,0,0,1,, -1,1,0,4,50,19,1,2021,07:51,5,91,91223,2,1,0,6,OUCHE (PLACE DE L'),48.427286,2.138614,7,2,1
202100043577,123Â 775,A01,1,1,2,5,0,-1,-1,0,0,-1,2021,72.0,3,1,0,0,0,1,5,,4,,-1,,2,2,0,2,(1),(1),1,, -1,1,0,1,70,18,4,2021,15:00,1,56,56041,1,1,0,7,Lieu-dit KERROPERT,48.116987,-3.0361,15,1,1
202100054592,104Â 199,B01,1,1,1,1,8,0,-1,-1, -1,-1,2021,42.0,3,1,1,0,1,1,0,,4,CHARITE(RUE DE LA),0,,1,1,0,2,(1),(1),1,, -1,2,0,1,50,15,1,2021,08:00,5,38,38544,2,1,1,2,Rue de la CharitÃ©,45.52539,4.87704,8,2,2
202100004533,193Â 673,B01,1,1,1,9,8,0,-1,0,0,-1,2021,28.0,1,1,0,2,3,1,5,,4,RUE D ORSEL,0,,1,1,1,1,(1),(1),1,, -1,1,0,1,30,5,12,2021,06:00,4,75,75118,2,2,0,3,RUE D ORSEL,48.883924,2.344584,6,2,2
202100052099,108Â 582,A01,2,2,2,9,2,0,-1,-1, -1,-1,2021,19.0,1,1,0,2,3,13,1,,4,REBECCA (CHEMIN STEPHEN),0,,2,2,0,1,0,0,2,, -1,1,9,8,50,7,2,2021,18:55,1,974,97416,1,9,0,1,REBECCA (CHEMIN STEPHEN),-21.31706,55.47173,18,3,2
202100020275,165Â 395,A01,1,1,1,4,2,6,-1,-1, -1,-1,2021,64.0,1,1,0,0,0,1,1,,4,GARE (RUE DE LA),0,,1,1,0,1,0,0,1,, -1,1,0,1,50,6,9,2021,16:58,1,57,57283,2,1,0,7,GARE (RUE DE LA),49.25285,6.16477,16,1,1
202100008830,185Â 957,B01,1,1,1,0,1,0,-1,-1, -1,-1,2021,30.0,1,1,0,2,8,1,1,,2,315,0,,1,2,0,1,3,500,1,, -1,1,0,1,70,9,11,2021,06:30,3,92,92036,1,9,0,3,RN315 W,48.934791795,2.3020891821,6,3,2
202100016830,171Â 535,A01,1,1,1,1,2,6,-1,-1, -1,-1,2021,39.0,1,1,0,2,7,17,1,,7,BRIAND (AVE ARISTIDE DE 1221 A FIN,0,,2,3,0,1,28,515,1,, -1,1,0,1,50,25,9,2021,11:45,1,83,83137,2,1,0,3,BRIAND (AVE ARISTIDE DE 1221 A FIN,43.1228714464,5.8952647448,11,2,2
202100000806,200Â 279,A01,2,2,1,5,8,-1,-1,0,0,-1,2021,18.0,3,2,6,0,1,15,2,,4,0,0,A,2,2,0,1,(1),(1),3,, -1,1,0,1,-1,31,12,2021,14:00,1,95,95241,2,1,0,6,Rue Maitre Renault,49.047728,2.452247,14,2,1
202100029893,148Â 366,B01,1,1,1,5,1,-1,-1,0,0,-1,2021,88.0,1,2,13,2,8,1,1,,3,104,0,,2,2,0,1,4,950,1,, -1,1,5,1,80,9,7,2021,20:30,1,52,52426,1,2,0,3,D104,48.263788,4.874529,20,2,2
202100046104,119Â 350,A01,1,1,2,5,1,8,-1,-1, -1,-1,2021,71.0,3,2,0,2,1,21,1,,4,SAVONNIERES (ROUTE DE),0,,2,3,0,1,(1),(1),1,, -1,1,0,1,50,28,3,2021,17:00,1,37,37261,2,1,0,3,SAVONNIERES (ROUTE DE),47.3696272716,0.6717155267,17,2,2
202100012276,179Â 784,A01,1,1,1,0,2,8,-1,-1, -1,-1,2021,34.0,0,1,0,2,0,0,1,,3,989,0,,2,2,0,1,0,0,1,, -1,1,0,1,50,17,10,2021,02:28,5,92,92040,2,3,0,3,VICTOR CRESSON (AVENUE) DU 02 AU 40,48.8239649113,2.2728449106,2,3,2
202100051552,109Â 548,A01,1,1,1,1,1,-1,-1,0,0,-1,2021,22.0,1,2,4,0,1,1,1,,1,A13,-1,,3,3,3,2,11,200,1,, -1,1,0,1,110,10,2,2021,19:20,3,76,76705,1,1,0,5,"Autoroute A13, PK110+900, sens PARIS/CAEN",49.3331675888,1.0809087753,19,3,3
202100004391,193Â 905,A01,1,1,1,5,1,0,-1,-1, -1,-1,2021,20.0,1,2,3,0,1,1,1,,1,A86 INT,0,,1,3,0,1,42,599,2,, -1,2,0,1,90,5,12,2021,23:40,3,94,94022,1,1,1,7,A86 INT,48.77568,2.41301,23,1,1
202100020697,164Â 634,A01,10,3,2,9,0,-1,-1,7,9,1,2021,73.0,1,2,0,1,6,1,1,,4,HOCHE ( RUE),0,,1,1,0,1,(1),(1),1,, -1,1,0,1,30,3,9,2021,10:20,1,29,29039,2,1,0,6,Rue Hoche,47.8703781488,-3.9087488477,10,2,1
202100020073,165Â 746,B01,1,1,1,0,2,-1,-1,-1, -1,-1,2021,46.0,0,1,0,2,8,15,1,,4,KOENIG (RUE DU GENERAL),0,,2,3,0,2,(1),(1),3,, -1,1,0,1,50,8,9,2021,07:55,1,51,51454,2,2,0,3,Avenue Edmond Michelet,49.22577,4.02941,7,3,2
202100027389,152Â 757,A01,1,1,2,5,2,0,-1,0,0,-1,2021,32.0,1,1,0,9,4,17,5,,4,ROUTE DES TRIBUNES,0,,2,2,1,1,(1),(1),3,, -1,1,0,5,50,21,7,2021,20:45,1,75,75116,2,1,0,2,ROUTE DES TRIBUNES,48.861887,2.23042,20,2,2
202100050633,111Â 183,E01,1,1,1,1,2,6,-1,0, -1,-1,2021,26.0,2,1,0,2,1,1,1,,3,,-1,,2,2,0,1,32,940,1,, -1,2,0,1,70,23,2,2021,09:00,1,85,85234,1,3,0,1,Avenue d'Orouet,46.770512,-2.005633,9,2,2
202100049997,112Â 374,A01,1,1,2,1,1,0,-1,-1, -1,-1,2021,44.0,1,2,0,2,1,2,1,,4,BELLAC (RUE DE),0,,4,3,0,2,0,0,3,, -1,1,0,1,50,23,2,2021,07:46,5,87,87085,2,1,0,2,BELLAC (RUE DE),45.855295019,1.2482732534,7,2,2
202100022105,162Â 112,A01,1,1,1,4,2,6,-1,0,0,-1,2021,26.0,1,1,0,2,1,3,1,,4,PORTE DE SAINT OUEN,0,,1,4,0,1,20,500,1,, -1,1,0,1,70,27,8,2021,14:00,1,75,75117,2,1,0,3,PORTE DE SAINT OUEN,48.900501,2.324889,14,2,2
202100033480,141Â 929,A01,1,1,2,3,1,-1,-1,0,0,-1,2021,87.0,1,2,2,0,7,1,1,,3,2144,-1,,2,2,0,2,14,500,1,, -1,9,0,3,90,16,6,2021,11:20,1,18,18038,1,1,0,6,RD 2144,46.747926,2.46201,11,1,1
202100035887,137Â 540,A01,2,2,1,5,1,-1,-1,-1, -1,-1,2021,21.0,2,2,8,0,1,14,1,,4,LEON BLUM      (Rue),0,,2,4,1,1,(1),(1),1,, -1,1,0,4,50,7,6,2021,00:50,5,69,69266,2,1,0,6,LEON BLUM (R),45.7644755912,4.918294251,0,2,1
202100050200,111Â 982,B01,1,1,1,1,8,8,-1,-1, -1,-1,2021,58.0,1,1,0,2,1,1,5,,4,DETHEZ ( DU 01 AU  BOULEVARD,0,,-1,2,0,1,(1),(1),1,, -1,1,0,1,50,24,2,2021,16:30,1,13,13047,2,1,0,3,Boulevard Dethez,43.511839,4.983627,16,2,2
202100003555,195Â 392,B01,2,2,2,5,1,-1,-1,-1, -1,-1,2021,48.0,1,2,0,2,4,15,1,,4,PAUL BERT                           (R ),0,,2,3,2,1,(1),(1),1,, -1,1,0,1,30,9,12,2021,09:05,1,69,69383,2,2,0,2,PAUL BERT (R),45.757,4.85469,9,3,2
202100049184,113Â 838,A01,10,3,2,3,0,-1,-1,6,5,2,2021,2.0,1,2,0,1,2,1,1,,3,922,0,D,-1,2,0,1,20,200,1,, -1,1,9,1,30,5,3,2021,17:55,1,95,95394,2,1,0,6,Route de Pontoise,49.0602002026,2.168962727,17,2,1
202100017954,169Â 534,A01,1,1,1,1,2,6,-1,0,0,-1,2021,28.0,0,1,0,2,1,3,1,,4,,-1,,2,2,0,1,(1),(1),1,,7,1,0,1,50,10,9,2021,17:00,1,33,33449,2,3,0,3,Avenue Voltaire,44.893549,-0.760235,17,2,2
202100012097,180Â 094,A01,1,1,2,1,1,-1,-1,0,0,-1,2021,39.0,1,2,0,2,8,17,1,,3,10,0,,2,2,0,2,37,10,2,,5,2,0,1,80,21,10,2021,12:15,1,29,29077,1,3,1,3,D10 -  moulin de Kergoniou,48.6133,-4.429078,12,2,2
202100054616,104Â 160,A01,10,3,1,0,0,-1,-1,9,B,1,2021,25.0,0,5,0,1,1,0,1,,4,RENDEZ-VOUS (AL. DU),0,,-1,1,0,1,0,0,1,, -1,1,0,8,30,18,1,2021,17:50,3,93,93010,2,1,0,6,RENDEZ-VOUS (AL. DU),48.9032482959,2.4960746073,17,2,1
202100022602,161Â 214,A01,1,1,1,0,2,8,-1,-1, -1,-1,2021,20.0,1,1,0,2,8,1,1,,4,SALENGRO (AVENUE ROGER),0,,2,2,0,1,0,0,1,, -1,1,0,1,50,24,8,2021,05:30,5,83,83062,2,1,0,1,SALENGRO (AVENUE ROGER),43.12749,6.01347,5,2,2
202100043342,124Â 191,B01,1,1,1,5,2,0,-1,-1, -1,-1,2021,63.0,0,1,0,2,1,13,5,,4,ARAGON LOUIS.(BOULEVARD),0,,2,2,0,4,0,0,1,, -1,1,0,1,50,20,4,2021,16:34,1,8,8105,2,3,0,3,ARAGON LOUIS.(BOULEVARD),49.7402000427,4.723405838,16,2,2
202100048966,114Â 224,A01,1,1,1,9,1,0,-1,-1, -1,-1,2021,20.0,2,2,0,2,1,1,0,,3,R GABRIEL PERI,0,,1,1,0,1,1,0,1,, -1,1,0,1,50,5,3,2021,22:20,5,94,94043,2,3,0,3,GABRIEL PERI (R),48.80612,2.3459,22,2,2
202100016273,172Â 547,A01,10,3,2,5,0,-1,-1,2,1,1,2021,81.0,1,2,0,1,7,1,1,,4,,-1,,2,2,0,1,(1),(1),1,,5,1,0,1,50,30,9,2021,08:25,1,35,35125,2,1,0,6,3 RUE DU PONCEAU,47.949286,-1.231633,8,2,1
202100023473,159Â 667,A01,10,3,2,5,0,-1,-1,3,3,1,2021,73.0,2,2,0,1,2,1,3,,3,84,-1,,2,2,0,1,2,870,1,, -1,1,0,1,50,19,8,2021,17:25,1,39,39503,2,1,0,6,174 Route de Champagnole,46.752009,5.94326,17,2,1
202100038096,133Â 569,A01,1,1,1,5,2,9,-1,0,0,-1,2021,73.0,1,1,0,2,1,1,5,,3,33,-1,,2,2,0,2,3,100,1,, -1,1,0,1,80,27,5,2021,13:50,1,70,70085,1,1,0,2,RD33 PK 3,47.376674,6.009693,13,2,2
202100027014,153Â 430,B01,1,1,1,5,2,-1,-1,0,0,-1,2021,39.0,2,1,0,2,4,1,5,,3,718,-1,D,2,2,0,1,5,300,1,, -1,1,0,1,80,26,7,2021,21:00,2,11,11145,1,1,0,2,D718,43.231134,3.200455,21,2,2
202100013405,177Â 771,B01,1,1,1,0,8,0,-1,-1, -1,-1,2021,47.0,3,1,0,2,1,9,5,,3,JEAN LOLIVE (AVENUE)(137/FIN ET 134/FIN),0,,2,2,1,1,0,0,1,, -1,1,0,1,50,13,10,2021,18:58,2,93,93055,2,1,0,3,JEAN LOLIVE (AVENUE)(137/FIN ET 134/FIN),48.8944582801,2.4193766713,18,2,2
202100044817,121Â 607,B01,1,1,1,0,1,0,-1,-1, -1,-1,2021,49.0,1,2,0,2,3,1,1,,3,RD 65 A,0,,-1,2,0,1,0,0,1,, -1,1,0,1,50,6,4,2021,13:35,1,52,52121,1,1,0,3,RD 65 A,48.11978,5.12987,13,2,2
202100015568,173Â 859,B01,1,1,1,0,2,6,-1,-1, -1,-1,2021,71.0,0,1,0,0,4,1,1,,4,ANTIBES (AVENUE D'),0,,4,2,0,1,(1),(1),2,, -1,1,0,1,50,1,10,2021,13:15,1,45,45004,2,6,0,3,Avenue dâAntibes,47.9785466685,2.7331495285,13,2,2
202100049935,112Â 484,B01,1,1,1,5,1,9,-1,0,0,-1,2021,18.0,2,2,0,2,8,1,1,,3,1032,0,D,2,2,0,1,0,530,1,, -1,1,5,1,80,27,2,2021,17:50,1,2,2461,1,2,0,3,D1032,49.597687,3.131554,17,3,2
202100021415,163Â 372,A01,10,3,1,5,8,-1,-1,3,3,1,2021,77.0,1,2,0,1,4,20,2,,4,VAUBAN                              (R ),0,,1,1,2,1,(1),(1),1,, -1,1,0,1,50,25,8,2021,18:10,1,69,69386,2,2,0,6,VAUBAN (R),45.7648723191,4.8435591722,18,2,1
202100025686,155Â 772,A01,1,1,1,4,1,-1,-1,0,0,-1,2021,49.0,1,4,0,0,1,2,1,,1,6,-1,,3,7,0,3,166,700,1,, -1,1,0,1,130,4,8,2021,15:20,1,89,89438,1,1,0,2,Autoroute A6,47.791485,3.66827,15,2,2
202100015021,174Â 856,A01,1,1,2,0,1,0,-1,0,0,-1,2021,39.0,2,2,0,2,1,26,1,,7,BLUM (AVENUE LEON),0,,2,2,0,1,(1),(1),1,, -1,1,0,1,50,1,10,2021,07:56,2,63,63113,2,1,0,2,BLUM (AVENUE LEON),45.76297,3.09932,7,2,2
202100033704,141Â 519,B01,1,1,1,1,8,-1,-1,0,0,-1,2021,51.0,2,5,0,2,1,1,1,,2,11,-1,,2,2,0,1,1,0,2,,7,1,0,1,70,18,6,2021,16:00,1,202,202346,1,1,0,1,Arena,42.506876,9.473841,16,3,2
202100056064,101Â 672,B01,1,1,1,9,1,0,-1,0,0,-1,2021,53.0,2,2,0,2,2,12,1,,4,BOULEVARD BARBES,0,,2,4,3,1,(1),(1),1,, -1,1,-1,6,50,6,1,2021,21:20,5,75,75118,2,3,0,5,BOULEVARD BARBES,48.885264,2.349529,21,3,3
202100045291,120Â 764,A01,1,1,1,4,0,-1,-1,0,0,-1,2021,52.0,1,4,0,0,0,1,1,,3,115,0,,2,2,0,1,4,50,1,, -1,1,0,1,80,31,3,2021,15:15,1,35,35271,1,1,0,7,D115,48.491084,-1.222143,15,1,1
202100016035,172Â 998,A01,1,1,1,1,1,0,-1,-1, -1,-1,2021,42.0,1,5,0,2,4,2,1,,1,A50-Sens Marseille vers Aubagne,0,,1,4,0,1,3,500,1,, -1,1,0,1,70,30,9,2021,08:00,1,13,13211,1,1,0,2,A50-Sens Marseille vers Aubagne,43.2862,5.43125,8,2,2
202100043725,123Â 533,B01,1,1,1,0,1,0,-1,-1, -1,-1,2021,52.0,1,2,0,2,6,1,1,,1,10,0,,3,6,0,1,1,399,1,, -1,1,0,1,110,17,4,2021,06:20,2,92,92002,1,1,0,4,AUTOROUTE A10,48.7325683326,2.3112541746,6,4,3
202100024207,158Â 405,A01,1,1,1,5,2,0,0,0,0,-1,2021,52.0,1,1,0,2,2,9,1,,3,6202,-1,,2,2,0,1,65,378,1,, -1,1,0,1,70,14,8,2021,13:45,1,6,6101,1,3,0,3,D.6202,43.949546,6.988792,13,2,2
202100044475,122Â 196,B01,1,1,1,1,1,0,-1,0,0,-1,2021,23.0,1,2,0,2,4,2,1,,4,PORTE DE SAINT OUEN,0,,-1,4,0,1,20,300,1,, -1,1,0,1,70,8,4,2021,13:55,1,75,75117,2,1,0,4,PORTE DE SAINT OUEN,48.900348,2.322174,13,3,3
202100028926,150Â 026,B01,1,1,1,0,2,6,-1,0,0,-1,2021,59.0,2,1,0,2,3,1,1,,1,A8,0,,3,5,0,1,170,940,1,, -1,2,7,1,110,16,7,2021,13:49,1,6,6155,1,1,1,3,"A8, PK 170.940, ChaussÃ©e NORD",43.604608,7.065673,13,3,2
202100004211,194Â 224,A01,10,3,1,5,0,-1,-1,3,3,1,2021,49.0,1,2,0,2,2,1,1,,4,JEAN JAURES (AVENUE),0,,2,2,0,1,0,0,1,, -1,2,0,1,30,6,12,2021,19:20,5,32,32013,2,1,0,7,JEAN JAURES (AVENUE),43.64639,0.58601,19,2,1