Num_Acc,id_vehicule,num_veh,place,catu,sexe,trajet,secu1,secu2,secu3,locp,actp,etatp,year_acc,victim_age,senc,catv,obs,obsm,choc,manv,motor,occutc,catr,voie,v1,v2,circ,nbv,vosp,prof,pr,pr1,plan,lartpc,larrout,surf,infra,situ,vma,jour,mois,an,hrmn,lum,dep,com,agg_,int,atm,col,adr,lat,long,hour,nb_victim,nb_vehicules
202100033053,142Â 661,A01,1,1,1,5,1,0,-1,-1, -1,-1,2021,29.0,2,2,0,2,1,17,1,,4,RENOUVIER (BOULEVARD),0,,2,2,0,1,(1),(1),1,, -1,1,0,1,50,20,6,2021,20:20,1,34,34172,2,2,0,3,RENOUVIER (BOULEVARD),43.60485,3.86761,20,2,2
202100036757,136Â 001,A01,1,1,1,5,2,6,-1,-1, -1,-1,2021,21.0,2,1,0,2,1,7,1,,4,BELGES (DES)                        (BD),0,,2,4,3,1,(1),(1),1,, -1,1,0,1,50,31,5,2021,15:45,1,69,69386,2,1,0,3,BELGES (DES)                        (BD),45.7693340059,4.8576723023,15,2,2
202100054529,104Â 305,A01,10,3,1,0,0,-1,-1,1,3,1,2021,74.0,0,4,0,1,1,1,1,,3,911,-1,,2,2,0,1,(1),(1),1,, -1,1,0,1,80,18,1,2021,10:45,1,50,50597,1,1,0,6,Pont de la Forge Tirepied,48.708851,-1.272569,10,2,1
202100030289,147Â 626,B01,7,2,1,5,1,-1,-1,0,0,-1,2021,11.0,1,2,0,2,3,1,1,,3,390,-1,,2,2,0,2,1,500,2,, -1,2,0,1,80,7,7,2021,10:20,1,37,37130,1,1,1,1,Ã©tang de la ChÃ©taudiÃ¨re,47.0484002713,0.841117237,10,4,2
202100009334,185Â 022,A01,2,2,2,5,1,-1,-1,0,0,-1,2021,17.0,1,2,0,0,7,1,1,,3,14,0,R,2,2,0,1,2,300,2,, -1,2,0,1,70,5,11,2021,17:30,3,19,19068,1,1,0,3,D14,45.168605,1.65194,17,3,2
202100011536,181Â 098,B01,1,1,1,0,8,-1,-1,-1, -1,-1,2021,46.0,-1,2,0,2,1,1,0,,7,GENERAL DE GAULLE                   (AV),0,,2,3,0,2,1,0,3,, -1,1,5,1,50,18,10,2021,15:00,1,69,69142,2,4,0,1,STEPHANE DECHANT (R),45.7259,4.81394,15,2,2
202100042905,124Â 974,A01,10,3,2,5,0,-1,-1,4,3,1,2021,20.0,2,1,0,1,1,1,1,,4,RUE DE CRIMEE,0,,2,2,3,1,(1),(1),1,, -1,1,0,1,50,22,4,2021,20:06,1,75,75119,2,2,0,6,RUE DE CRIMEE,48.882995,2.385554,20,2,1
202100052622,107Â 661,A01,1,1,1,5,2,-1,-1,0,0,-1,2021,56.0,2,1,0,2,8,9,5,,3,,-1,,2,2,1,1,6,297,1,, -1,1,0,1,30,4,2,2021,16:00,1,6,6085,2,1,0,1,1028 Avenue Notre-dame de Vie,43.596118,7.001734,16,2,2
202100017615,170Â 133,A01,1,1,1,1,1,0,-1,-1, -1,-1,2021,19.0,3,2,0,2,6,13,1,,2,TUNNEL,0,,2,2,0,1,1,0,1,, -1,1,1,1,50,21,9,2021,07:19,1,202,202033,2,1,0,3,TUNNEL,42.6939,9.452,7,3,2
202100042425,125Â 786,B01,2,2,2,5,1,8,-1,-1, -1,-1,2021,56.0,1,2,0,2,2,0,1,,4,CANAL (CHEMIN DU GRAND),0,,2,0,0,2,0,0,1,, -1,1,0,1,30,26,4,2021,17:35,1,974,97411,2,1,0,2,Chemin de Grand Canal,-20.907669,55.496557,17,4,2
202100029143,149Â 654,A01,4,2,2,5,1,0,-1,-1, -1,-1,2021,78.0,2,2,0,2,3,15,1,,4,BOURROCHES (DES) (BOULEVARD),0,,2,2,0,1,0,0,1,, -1,2,0,1,50,12,7,2021,22:10,5,21,21231,2,3,1,3,BOURROCHES (DES) (BOULEVARD),47.3116220072,5.0148022533,22,5,2
202100017301,170Â 726,B01,1,1,1,0,8,-1,-1,0,0,-1,2021,34.0,1,1,0,2,4,2,1,,3,20,0,N,4,4,0,1,3,200,1,, -1,1,0,1,90,23,9,2021,03:50,3,91,91587,1,1,0,2,N 20,48.694981,2.286566,3,2,2
202100004932,192Â 976,A01,1,1,1,1,1,0,-1,-1, -1,-1,2021,35.0,0,2,8,0,2,26,1,,4,HUITIEME (AVENUE),0,,-1,2,0,1,0,0,2,, -1,2,0,1,50,3,12,2021,16:30,2,93,93073,2,1,1,6,HUITIEME (AVENUE),48.9885,2.5302,16,1,1
202100017701,169Â 982,A01,10,3,2,9,0,-1,-1,2,3,1,2021,8.0,0,2,0,1,2,1,1,,4,EDGAR DEGAS (RUE),0,,2,2,0,1,0,0,1,, -1,1,0,1,50,21,9,2021,18:45,1,93,93005,2,1,0,6,Rue Edgar Degas,48.955606,2.496881,18,2,1
202100003216,196Â 022,A01,1,1,2,1,1,8,-1,-1, -1,-1,2021,24.0,2,2,0,2,9,14,1,,1,A47,0,,1,4,0,4,23,200,2,, -1,2,3,1,90,8,12,2021,08:00,1,42,42110,1,9,1,3,A47,45.4948,4.55462,8,2,2
202100047272,117Â 264,A01,1,1,1,5,2,6,-1,0,0,-1,2021,43.0,1,1,0,0,8,1,1,,3,143,0,,2,2,0,1,12,400,2,, -1,1,0,3,80,20,3,2021,17:00,1,52,52282,1,1,0,7,D143,47.997417,5.17912,17,1,1
202100009580,184Â 582,B01,1,1,2,0,8,0,-1,-1, -1,-1,2021,28.0,3,1,0,2,1,1,3,,4,WILBUR WRIGHT (RUE),0,,-1,2,1,1,0,0,3,, -1,1,0,1,30,2,11,2021,10:30,1,72,72181,2,6,0,3,WILBUR WRIGHT (RUE),48.0084940063,0.1970028875,10,2,2
202100028246,151Â 205,A01,1,1,1,5,2,6,-1,0,0,-1,2021,24.0,2,1,0,2,1,17,1,,3,496,0,D,2,1,0,2,6,700,1,, -1,1,0,1,80,20,7,2021,15:55,1,42,42328,1,1,0,1,Route du Mongenet,45.576051,3.98793,15,2,2
202100033177,142Â 461,A01,1,1,2,5,1,-1,-1,-1, -1,-1,2021,91.0,3,2,10,0,8,15,1,,4,COSTE                               (R ),0,,2,4,3,1,(1),(1),2,, -1,2,0,1,50,20,6,2021,16:20,1,69,69034,2,3,1,6,COSTE (R),45.78617,4.83368,16,1,1
202100053570,105Â 965,B01,1,1,1,5,1,0,-1,-1, -1,-1,2021,74.0,1,2,0,2,3,1,1,,4,MONTJOVIS (AVENUE),0,,2,2,0,1,0,0,1,, -1,1,0,1,50,25,1,2021,17:23,1,87,87085,2,3,0,3,MONTJOVIS (AVENUE),45.84001,1.24668,17,3,2
202100042896,124Â 990,B01,1,1,1,0,2,6,-1,0,0,-1,2021,43.0,1,1,4,2,7,1,1,,3,ROCADE OUEST (RD 610),0,,3,4,0,1,14,100,1,, -1,1,0,1,110,23,4,2021,16:15,1,10,10333,2,1,0,5,ROCADE OUEST (RD 610),48.28501,4.04001,16,3,3
202100028757,150Â 320,A01,2,2,1,5,1,-1,-1,0,0,-1,2021,35.0,1,2,0,2,2,12,2,,1,1,0,A,1,3,0,1,147,700,1,,"13,5",1,0,1,130,17,7,2021,16:30,1,62,62080,1,1,0,3,A1,50.108786,2.871552,16,4,2
202100016560,172Â 031,A01,1,1,1,5,2,8,-1,-1, -1,-1,2021,21.0,1,1,0,2,1,21,1,,4,,0,,2,2,0,1,0,0,1,, -1,1,0,1,50,21,9,2021,19:40,1,92,92036,2,3,0,3,BASSIN NÂ°5 (ROUTE DU),48.944703,2.295239,19,2,2
202100046503,118Â 664,B01,1,1,2,3,1,8,-1,-1, -1,-1,2021,19.0,2,2,0,2,7,15,1,,3,ROUTE DE CHARBONNIERES,0,,2,2,0,1,13,734,1,, -1,1,9,1,80,26,3,2021,18:51,1,71,71270,1,3,0,3,ROUTE DE CHARBONNIERES,46.37219,4.8339,18,2,2
202100018787,168Â 061,A01,1,1,1,1,1,-1,-1,0,0,-1,2021,20.0,2,2,14,2,1,13,1,,3,CAVALERIE (COTE DE LA ),0,,2,2,0,2,53,230,3,, -1,1,0,1,90,4,9,2021,09:10,1,12,12145,1,1,0,5,CAVALERIE (COTE DE LA ),44.09075,3.12495,9,4,3
202100020328,165Â 299,A01,2,2,2,5,2,0,-1,0,0,-1,2021,16.0,1,1,0,2,7,1,5,,4,AVENUE DE VILLARS,0,,2,4,0,1,(1),(1),1,, -1,1,0,1,30,6,9,2021,11:50,1,75,75107,2,2,0,3,AVENUE DE VILLARS,48.851771,2.313862,11,3,2
202100048904,114Â 343,A01,2,2,1,5,1,-1,-1,0,0,-1,2021,57.0,1,2,6,0,1,13,1,,3,159,0,D,2,2,0,1,0,410,1,, -1,1,0,4,50,8,3,2021,02:15,5,201,201247,2,1,0,6,D159,41.59811717,9.2674616874,2,2,1
202100047088,117Â 603,B01,1,1,2,0,1,-1,-1,0,0,-1,2021,36.0,1,2,0,2,4,1,1,,2,7,-1,,3,4,0,1,22,800,1,, -1,1,0,1,110,22,3,2021,17:40,1,3,3286,1,1,0,4,RN 7,46.510806,3.356589,17,4,4
202100022981,160Â 549,A01,10,3,1,5,0,-1,-1,1,3,1,2021,86.0,1,2,0,1,3,1,1,,3,4096,-1,,2,2,1,3,19,900,1,, -1,1,5,1,80,23,8,2021,07:50,1,4,4242,1,1,0,6,RD 4096,43.8824729071,5.8563303487,7,2,1
202100024827,157Â 279,B01,1,1,1,3,2,-1,-1,0,0,-1,2021,37.0,3,1,0,2,7,9,1,,3,316,-1,,2,2,0,1,27,945,1,, -1,1,0,1,50,10,8,2021,12:30,1,27,27016,2,1,0,3,39 Place Nicolas Poussin,49.246647,1.417521,12,2,2
202100005990,191Â 091,A01,1,1,1,5,2,6,-1,0,0,-1,2021,44.0,1,1,0,2,6,17,1,,4,RUE DES PYRENEES,0,,2,2,0,2,(1),(1),1,, -1,2,0,1,30,26,11,2021,23:57,5,75,75120,2,2,1,2,RUE DES PYRENEES,48.852701,2.406119,23,3,2
202100046761,118Â 187,A01,1,1,1,0,2,0,-1,-1, -1,-1,2021,14.0,2,1,0,2,0,26,0,,4,PASTRE (RUE),0,,1,2,0,2,(1),(1),1,, -1,1,0,1,50,24,3,2021,15:20,1,28,28134,2,2,0,1,PASTRE (RUE),48.7343162063,1.3731864095,15,2,2
202100017981,169Â 484,B01,1,1,1,0,2,8,-1,-1, -1,-1,2021,71.0,1,1,0,2,7,1,1,,2,LEBLOND (ROND POINT),0,,2,2,0,1,1,0,1,, -1,1,0,1,50,18,9,2021,10:13,1,973,97302,2,1,0,3,LEBLOND (ROND POINT),4.9207816057,-52.330321312,10,2,2
202100025263,156Â 497,A01,1,1,1,5,2,-1,-1,-1, -1,-1,2021,66.0,0,1,0,2,1,2,1,,4,PAUL DOUMER,0,,2,2,0,1,0,0,1,, -1,1,0,1,50,5,8,2021,10:55,1,76,76351,2,1,0,2,PAUL DOUMER,49.49245,0.10388,10,2,2
202100038024,133Â 694,A01,10,3,1,0,0,-1,-1,2,3,1,2021,19.0,3,2,0,1,7,1,2,,4,8 MAI 1945 (AVENUE),0,,2,2,0,1,23,0,1,, -1,1,0,1,50,27,5,2021,18:20,1,13,13117,2,1,0,3,8 MAI 1945 (AVENUE),43.4247,5.2778,18,2,1
202100050845,110Â 801,A01,1,1,2,0,1,0,-1,-1, -1,-1,2021,22.0,1,2,0,2,1,14,1,,2,RN 104,0,,1,4,0,1,36,400,1,, -1,1,0,1,90,20,2,2021,11:45,1,91,91340,1,1,0,4,RN 104,48.60938,2.4396,11,3,3
202100016388,172Â 339,A01,2,2,2,0,2,8,-1,-1, -1,-1,2021,16.0,2,1,15,2,3,18,1,,3,POINT DU JOUR (QUAI DU),0,,2,2,1,1,0,0,1,, -1,1,0,5,50,27,9,2021,19:25,5,92,92012,2,3,0,3,POINT DU JOUR (QUAI DU),48.8339942112,2.2611290216,19,3,2
202100036385,136Â 665,B01,1,1,1,5,2,8,-1,-1, -1,-1,2021,60.0,3,1,0,2,1,1,1,,4,POMPIDOU (AVE G.),0,,3,2,0,4,0,0,1,, -1,1,0,1,50,4,6,2021,15:10,1,83,83144,2,3,0,1,POMPIDOU (AVE G.),43.1373907558,6.0087919235,15,2,2
202100001968,198Â 285,A01,1,1,2,5,1,-1,-1,0,0,-1,2021,76.0,1,2,0,0,7,15,1,,3,516,0,,2,2,0,1,(1),(1),1,, -1,1,0,1,50,23,12,2021,13:22,1,14,14663,2,3,0,3,Route d Arromanches,49.28784,-0.691549,13,2,2
202100055110,103Â 306,B01,1,1,1,5,2,6,-1,0,0,-1,2021,66.0,3,1,0,2,5,1,5,,4,,0,,2,1,0,1,(1),(1),1,, -1,1,0,1,50,13,1,2021,15:25,1,44,44158,2,6,0,2,Rue de la ChÃ©zine,47.27005,-1.762501,15,2,2
202100040840,128Â 635,B01,1,1,1,1,2,-1,-1,0,0,-1,2021,45.0,2,1,0,2,1,18,1,,7,65,0,D,2,2,0,1,1,2131,1,, -1,1,0,1,50,7,5,2021,18:30,1,34,34327,2,3,0,1,Route de Jacou,43.658201,3.96114,18,2,2
202100012310,179Â 729,B01,1,1,1,5,2,-1,-1,0,0,-1,2021,73.0,2,1,0,2,1,1,5,,3,525,0,D,2,2,0,3,0,(1),1,, -1,1,0,1,50,20,10,2021,13:35,1,38,38006,2,2,1,3,8 Boulevard Jules Ferry,45.394777,6.072183,13,2,2
202100045939,119Â 638,B01,1,1,2,0,1,0,-1,-1, -1,-1,2021,27.0,3,2,0,2,7,1,1,,4,SAINT LEONARD,0,,2,2,0,1,1,0,1,, -1,1,0,1,50,30,3,2021,18:55,1,49,49353,2,1,0,3,SAINT LEONARD,47.45802,-0.5147,18,2,2
202100013531,177Â 539,B01,1,1,2,1,0,-1,-1,-1, -1,-1,2021,25.0,1,1,0,2,1,1,3,,4,AVE DU DOCTEUR ROGER MARCADE,0,,3,2,0,1,(1),(1),3,, -1,1,0,1,50,13,10,2021,09:45,1,33,33318,2,6,0,3,Avenue du Docteur Roger MarcadÃ©,44.80905,-0.62938,9,2,2
202100028817,150Â 210,B01,1,1,2,0,8,0,-1,-1, -1,-1,2021,21.0,3,1,0,2,8,19,3,,4,MARINES (AVENUE DES ALLEES),0,,2,2,0,1,0,0,1,, -1,1,0,1,50,14,7,2021,18:50,1,64,64102,2,1,0,3,MARINES (AVENUE DES ALLEES),43.4959,-1.48031,18,2,2
202100034807,139Â 492,B01,1,1,1,5,2,8,-1,-1, -1,-1,2021,25.0,1,1,0,2,1,1,5,,3,SALENGRO (AVENUE ROGER),0,,2,2,1,2,0,0,1,, -1,1,0,1,50,12,6,2021,15:30,1,92,92022,2,1,0,2,SALENGRO (AVENUE ROGER),48.8141067404,2.192697823,15,2,2
202100020914,164Â 270,A01,1,1,1,5,0,-1,-1,0,0,-1,2021,62.0,3,2,15,0,1,14,1,,4,,-1,,2,1,0,1,(1),(1),2,,3,1,0,3,80,4,9,2021,16:15,1,82,82037,1,1,0,6,Chemin de Piboul,44.127891,1.578072,16,2,1
202100005570,191Â 844,B01,1,1,1,9,8,0,-1,-1, -1,-1,2021,14.0,3,1,0,2,7,19,3,,3,63,0,,2,4,0,2,1,0,1,, -1,1,0,1,30,30,11,2021,10:10,1,92,92071,2,1,0,3,GUESDE JULES (RUE),48.7826045965,2.281755209,10,2,2
202100056409,101Â 070,A01,2,2,1,5,1,-1,-1,0,0,-1,2021,49.0,1,2,16,0,1,14,1,,2,12,0,,1,4,0,1,16,399,1,, -1,2,0,3,110,2,1,2021,19:25,3,29,29151,1,1,1,7,N12 - Pr 16+400,48.58769,-3.80633,19,4,1
202100017458,170Â 420,A01,10,3,1,0,0,-1,-1,3,0,-1,2021,78.0,1,1,0,1,0,26,3,,4,ABBES JEU DE MAIL,0,,2,2,0,1,(1),(1),1,, -1,1,6,1,50,22,9,2021,18:20,1,34,34172,2,1,1,6,Rue du Jeu de Mail des Abbes,43.62208,3.8829,18,2,1
202100006721,189Â 770,B01,1,1,1,4,1,0,-1,0,0,-1,2021,34.0,3,5,0,2,2,23,1,,4,AVENUE DE LA PORTE D AUTEUIL,0,,1,3,0,1,(1),(1),1,, -1,1,0,1,50,23,11,2021,10:30,1,75,75116,2,2,0,3,AVENUE DE LA PORTE D AUTEUIL,48.848077,2.253119,10,2,2
202100047469,116Â 913,A01,1,1,2,0,1,0,-1,-1, -1,-1,2021,22.0,3,2,0,2,1,13,1,,2,OWENS JAMES,0,,-1,2,0,1,(1),(1),2,, -1,2,0,1,50,18,3,2021,16:45,1,974,97407,2,1,1,1,OWENS JAMES,-20.93456,55.31976,16,2,2
202100010154,183Â 547,A01,1,1,1,5,2,6,-1,-1, -1,-1,2021,24.0,1,1,0,2,1,15,1,,4,REPUBLIQUE (PCE DE LA),0,,1,2,0,1,(1),(1),1,, -1,1,0,1,50,31,10,2021,00:55,5,33,33063,2,2,0,3,Rue de Cursol,44.83473,-0.57837,0,2,2
202100030009,148Â 152,B01,1,1,1,1,2,0,-1,0,0,-1,2021,26.0,2,1,0,2,2,1,5,,4,RUE ORDENER,0,,2,2,0,1,(1),(1),1,, -1,1,0,1,50,7,7,2021,13:40,1,75,75118,2,3,0,3,RUE ORDENER,48.890885,2.353254,13,2,2
202100025573,155Â 963,B01,2,2,1,5,1,0,-1,-1, -1,-1,2021,88.0,1,2,8,2,3,1,1,,3,JEAN MOULIN (AVENUE),0,,2,2,0,1,0,394,3,, -1,1,0,1,50,4,4,2021,17:24,1,82,82033,2,1,0,1,JEAN MOULIN (AVENUE),44.0396238105,1.1137227229,17,3,2
202100006251,190Â 622,A01,1,1,2,5,1,0,-1,-1, -1,-1,2021,28.0,2,2,2,0,1,14,1,,4,DANIEL MAYER,0,,2,2,0,1,(1),(1),3,, -1,1,0,3,50,26,11,2021,00:16,5,37,37261,2,1,0,6,DANIEL MAYER,47.4186253229,0.6853795052,0,1,1
202100054281,104Â 733,A01,10,3,2,5,0,-1,-1,2,3,1,2021,73.0,2,2,0,1,3,1,1,,3,933,0,S,-1,2,0,2,27,0,1,, -1,2,0,1,50,22,1,2021,09:37,1,40,40119,2,1,1,6,Route de Bellevue,43.659035,-0.591175,9,2,1
202100054725,103Â 971,A01,1,1,1,1,1,-1,-1,0,0,-1,2021,42.0,2,2,9,0,1,1,1,,3,58,0,,2,2,0,1,7,710,1,, -1,1,0,3,80,13,1,2021,07:35,3,30,30341,1,1,0,6,Le Pin du Fer,43.576582,4.29338,7,2,2
202100030734,146Â 824,B01,1,1,1,5,2,8,-1,-1, -1,-1,2021,19.0,2,1,0,2,1,1,1,,3,MADELEINE (ROUTE DE LA),0,,2,2,0,1,2,0,1,, -1,1,0,1,50,29,6,2021,07:13,1,973,97302,2,1,0,3,MADELEINE (ROUTE DE LA),4.9220946299,-52.3228802277,7,2,2
202100044378,122Â 346,A01,2,2,1,5,8,0,-1,-1, -1,-1,2021,28.0,2,2,8,0,3,13,1,,4,GABRIEL PERI (RUE),0,,2,2,0,1,0,0,1,, -1,2,0,1,50,11,4,2021,04:55,5,92,92025,2,1,1,6,GABRIEL PERI (RUE),48.920963552,2.2446575761,4,4,1
202100019001,167Â 671,Z01,10,3,2,9,0,8,-1,3,3,2,2021,27.0,2,1,0,1,1,1,0,,4,BOULEVARD DIDEROT,0,,2,4,0,1,(1),(1),1,, -1,2,0,1,30,14,9,2021,09:25,1,75,75112,2,3,0,6,BOULEVARD DIDEROT,48.847147,2.385029,9,3,1
202100019791,166Â 273,A01,1,1,1,0,2,6,-1,0,0,-1,2021,57.0,2,1,0,0,1,16,1,,3,152,0,B,2,2,0,1,10,900,3,, -1,1,0,3,80,11,9,2021,10:50,1,28,28056,1,1,0,7,D152b,48.7170728027,1.5183292622,10,1,1
202100044229,122Â 610,B01,2,2,1,5,1,0,-1,-1, -1,-1,2021,55.0,1,2,0,2,2,1,1,,1,A4,0,,1,4,0,1,14,0,1,, -1,1,0,1,110,13,4,2021,16:00,1,93,93051,1,1,0,5,A4,48.8357177633,2.565234624,16,4,3
202100021141,163Â 869,B01,1,1,1,3,2,6,-1,0,0,-1,2021,60.0,1,1,0,2,3,1,1,,3,783,0,,2,2,0,1,20,50,1,, -1,1,5,1,80,1,9,2021,18:50,1,29,29217,1,3,0,3,Route de Concarneau,47.856315,-3.760419,18,2,2
202100034225,140Â 569,A01,1,1,1,5,8,0,-1,-1, -1,-1,2021,53.0,0,1,13,0,0,1,5,,3,PUY MOULINIER - LIEU DIT,0,,2,2,0,2,0,0,2,, -1,1,0,1,80,13,6,2021,15:24,1,87,87114,1,1,0,7,PUY MOULINIER - LIEU DIT,45.85769,1.3251,15,1,1
202100002919,196Â 551,A01,10,3,1,0,0,-1,-1,2,B,1,2021,35.0,3,5,0,1,1,11,1,,7,CARNOT SADI RUE,0,,1,1,0,1,(1),(1),2,, -1,2,0,1,50,14,12,2021,06:10,2,59,59507,2,9,0,6,CARNOT SADI RUE,50.6030926836,3.1011271477,6,2,1
202100000725,200Â 413,A01,10,3,2,3,8,8,-1,8,1,1,2021,53.0,1,5,0,1,4,20,1,,6,EUROPE (AVENUE DE L'),0,,-1,-1,0,1,(1),(1),1,, -1,1,9,8,20,30,12,2021,13:53,1,54,54304,2,9,0,6,EUROPE (AVENUE DE L'),48.6792,6.14571,13,2,1
202100042669,125Â 361,A01,1,1,1,0,2,8,-1,-1, -1,-1,2021,44.0,1,1,0,2,1,26,1,,2,ROUTE NATIONALE 1,0,,1,2,0,1,6,99,1,, -1,1,0,1,50,24,4,2021,08:55,1,972,97213,1,1,0,3,ROUTE NATIONALE 1,14.6250845238,-60.9806871414,8,2,2
202100048536,114Â 996,C01,1,1,2,5,1,0,-1,0,0,-1,2021,35.0,1,2,0,0,4,23,1,,4,TORPILLEUR SIROCCO (RUE DU),0,,2,2,0,1,(1),(1),1,, -1,1,0,1,50,9,3,2021,11:39,1,63,63113,2,3,0,4,TORPILLEUR SIROCCO (RUE DU),45.81188,3.10723,11,3,3
202100019790,166Â 274,A01,2,2,2,5,8,-1,-1,0,0,-1,2021,24.0,1,2,3,0,9,14,1,,1,71,-1,,3,4,3,1,266,200,1,, -1,1,0,3,130,11,9,2021,07:20,2,18,18245,1,1,0,6,"A71, PK 266+200",46.596648,2.512597,7,5,1
202100047210,117Â 379,B01,1,1,1,0,2,8,-1,-1, -1,-1,2021,31.0,1,1,0,2,7,17,0,,3,66,0,,3,2,1,1,0,0,1,, -1,1,0,1,70,19,3,2021,18:00,1,91,91377,2,9,0,3,AV DU PRESIDENT J F KENNEDY,48.73676,2.29347,18,2,2
202100013714,177Â 190,A01,1,1,1,0,1,8,-1,-1, -1,-1,2021,21.0,-1,2,1,0,3,13,1,,3,"""PAUL VAILLANT COUTURIER (AVENUE """"DU 01",0,,2,2,0,1,100,0,1,, -1,1,0,1,50,12,10,2021,05:00,5,93,93007,2,1,0,6,"""PAUL VAILLANT COUTURIER (AVENUE """"DU 01",48.9292968727,2.4797059728,5,1,1
202100055147,103Â 240,A01,2,2,2,0,2,0,-1,-1, -1,-1,2021,24.0,2,1,0,2,1,1,1,,3,MADELEINE (ROUTE DE LA),0,,2,2,0,1,3,200,1,, -1,1,0,1,50,13,1,2021,18:57,5,973,97302,2,3,0,3,MADELEINE (ROUTE DE LA),4.91367,-52.32079,18,3,2
202100040390,129Â 410,A01,1,1,2,1,1,9,-1,0,0,-1,2021,47.0,2,2,0,0,2,12,1,,1,26,0,,3,4,0,2,149,400,1,, -1,1,0,1,130,11,5,2021,17:50,1,2,2776,1,1,0,7,A26 PK149+400 sens REIMS/CALAIS,50.007077,3.175006,17,1,1
202100038967,131Â 986,A01,1,1,1,4,2,6,-1,0,0,-1,2021,36.0,1,1,0,2,2,20,1,,4,RUE DE CANDIE,0,,1,1,0,1,(1),(1),1,, -1,1,0,1,30,21,5,2021,17:55,1,75,75111,2,2,0,3,RUE DE CANDIE,48.851527,2.378783,17,2,2
202100015713,173Â 579,A01,1,1,1,0,0,-1,-1,-1, -1,-1,2021,21.0,1,0,0,2,4,2,3,,1,A42     0.560 A 4.020,0,,3,8,0,1,3,500,1,, -1,1,3,1,90,2,10,2021,05:07,3,69,69256,1,1,0,2,A42,45.8000104624,4.9280482522,5,3,2
202100012759,178Â 912,A01,1,1,1,5,1,-1,-1,0,0,-1,2021,67.0,1,2,0,2,4,2,1,,3,14,0,D,3,4,0,1,35,0,1,, -1,1,0,1,110,16,10,2021,23:05,3,95,95040,1,1,0,2,RD 14,49.1057207761,1.8858639902,23,3,2
202100042362,125Â 906,Z01,10,3,2,1,0,-1,-1,5,1,1,2021,50.0,1,4,0,1,4,4,1,,4,RUE DE RICHELIEU,0,,-1,1,0,1,(1),(1),1,, -1,1,0,4,30,26,4,2021,10:40,1,75,75101,2,2,0,6,RUE DE RICHELIEU,48.86664,2.337382,10,2,1
202100015221,174Â 494,A01,1,1,1,4,2,0,-1,0,0,-1,2021,44.0,2,1,0,2,7,17,1,,4,AVENUE KLEBER,0,,2,2,0,1,(1),(1),1,, -1,1,0,1,30,4,10,2021,13:30,1,75,75116,2,3,0,3,AVENUE KLEBER,48.866149,2.289482,13,2,2
202100014900,175Â 080,A01,10,3,2,5,0,-1,-1,0,0,1,2021,50.0,2,2,0,1,3,2,1,,4,,0,,2,2,0,2,(1),(1),1,,5,1,0,3,90,2,10,2021,02:00,3,43,43137,1,1,0,6,Route de Gournier Bas,45.290598,4.144988,2,2,1
202100051906,108Â 919,B01,1,1,1,9,2,0,-1,-1, -1,-1,2021,40.0,2,1,0,2,1,1,1,,7,RTE DE LAUNAGUET,0,,2,2,0,1,41,999,1,, -1,1,0,1,50,8,2,2021,19:00,5,31,31555,2,3,0,3,BD PIERRE ET MARIE CURIE,43.62617,1.43714,19,2,2
202100019997,165Â 888,A01,2,2,1,0,2,6,-1,0,0,-1,2021,28.0,1,1,0,0,0,0,1,,7,51,0,D,1,2,0,1,15,200,2,, -1,1,0,1,70,10,9,2021,17:07,1,69,69071,1,6,0,7,D51,45.879978,4.821019,17,2,1
202100017617,170Â 128,B01,1,1,1,0,2,0,-1,-1, -1,-1,2021,54.0,1,1,0,2,1,26,1,,3,D942,0,,2,4,3,1,0,1,1,, -1,1,0,2,90,18,9,2021,17:20,1,84,84080,1,1,0,2,D942,44.01593,4.95964,17,2,2
202100044998,121Â 295,B01,1,1,1,5,2,4,9,0,0,-1,2021,64.0,1,0,0,2,8,1,3,,3,58,0,D,1,2,0,1,10,800,2,, -1,1,0,1,70,6,4,2021,08:40,1,29,29079,1,6,0,3,Rond Point de la Corde,48.645007,-3.946715,8,2,2
202100023649,159Â 351,B01,1,1,2,1,2,6,9,0,0,-1,2021,56.0,1,1,0,2,8,1,1,,3,6110,0,D,2,2,0,1,26,700,1,, -1,1,0,1,50,18,8,2021,17:15,1,30,30146,2,1,0,3,D6110,43.99266,4.105411,17,2,2
202100051342,109Â 900,B01,1,1,1,1,2,6,-1,0,0,-1,2021,25.0,2,1,0,2,1,1,1,,3,724,0,D,2,2,0,1,99,873,1,, -1,2,0,1,50,16,2,2021,12:20,1,56,56036,1,1,1,2,332 Rue Pierre Landais,47.785675,-3.335268,12,2,2
202100028069,151Â 538,A01,1,1,1,0,1,0,-1,-1, -1,-1,2021,35.0,1,2,0,2,4,0,1,,1,A55-Sens Martigues vers Marseille,0,,1,2,0,1,26,0,1,, -1,1,0,1,110,19,7,2021,17:00,1,13,13026,1,1,0,2,A55-Sens Martigues vers Marseille,43.3873563669,5.145580473,17,2,2
202100054260,104Â 767,B01,1,1,1,9,2,0,-1,-1, -1,-1,2021,29.0,2,1,0,2,8,1,5,,3,VIC. HUGO(RUE)115A149 ET 148A178,0,,2,2,3,1,0,0,1,, -1,2,0,1,50,12,1,2021,14:10,1,92,92044,2,2,1,3,VIC. HUGO(RUE)115A149 ET 148A178,48.900266,2.292657,14,2,2