Num_Acc,id_vehicule,num_veh,place,catu,sexe,trajet,secu1,secu2,secu3,locp,actp,etatp,year_acc,victim_age,senc,catv,obs,obsm,choc,manv,motor,occutc,catr,voie,v1,v2,circ,nbv,vosp,prof,pr,pr1,plan,lartpc,larrout,surf,infra,situ,vma,jour,mois,an,hrmn,lum,dep,com,agg_,int,atm,col,adr,lat,long,hour,nb_victim,nb_vehicules
202100016317,172Â 471,A01,1,1,1,1,2,6,-1,0,0,-1,2021,32.0,1,1,13,0,2,1,1,,3,4085,0,,2,2,0,2,89,780,2,, -1,1,0,3,80,30,9,2021,12:20,1,4,4039,1,1,0,7,RD 4085,43.865073,6.461334,12,1,1
202100023705,159Â 244,A01,1,1,2,1,2,0,-1,0,0,-1,2021,19.0,1,1,0,2,1,2,5,,4,MULLER (AVENUE PAUL),0,,2,2,0,2,(1),(1),1,, -1,1,0,1,50,17,8,2021,13:45,1,54,54578,2,1,0,2,MULLER (AVENUE PAUL),48.6682023228,6.1474279805,13,2,2
202100039041,131Â 858,A01,1,1,1,1,1,0,-1,-1, -1,-1,2021,41.0,1,2,0,2,4,2,1,,1,A50-Sens Marseille vers Aubagne,0,,1,3,0,1,12,0,1,, -1,1,0,2,90,20,5,2021,18:16,1,13,13005,1,1,0,2,A50-Sens Marseille vers Aubagne,43.286525,5.536329,18,2,2
202100017192,170Â 903,B01,1,1,1,5,2,-1,-1,0,0,-1,2021,39.0,2,1,0,2,8,1,5,,3,1201,0,,2,2,0,1,40,(1),1,, -1,1,0,1,70,23,8,2021,17:35,1,74,74088,1,3,0,3,D1201,46.054263,6.086544,17,2,2
202100052213,108Â 379,A01,1,1,2,9,1,8,-1,-1, -1,-1,2021,82.0,0,2,8,0,1,1,1,,4,MENGIN (RUE EMILE),0,,2,2,0,1,(1),(1),1,, -1,2,0,3,50,7,2,2021,19:00,5,45,45208,2,1,1,6,Rue Emile Mengin,48.00369,2.74192,19,1,1
202100029349,149Â 307,A01,4,2,1,0,1,0,-1,-1, -1,-1,2021,18.0,1,2,1,2,2,14,1,,3,MARTRE (RUE) DE (59 A 109)   (58 A 120),0,,1,3,3,1,0,0,1,, -1,1,8,1,50,11,7,2021,04:36,5,92,92024,2,1,0,3,MARTRE (RUE) DE (59 A 109)   (58 A 120),48.90384,2.30539,4,5,2
202100031645,145Â 190,A01,1,1,1,0,1,-1,-1,0,0,-1,2021,65.0,3,2,13,0,3,13,1,,3,D147,-1,,2,2,0,1,(1),(1),1,, -1,1,0,3,80,1,7,2021,14:30,1,89,89469,1,1,0,7,D147,48.349679,3.404931,14,1,1
202100011366,181Â 409,B01,1,1,1,0,2,8,-1,-1, -1,-1,2021,16.0,1,1,0,2,5,1,1,,4,LECLERC (BD MARECHAL),0,,2,2,0,1,0,0,1,, -1,1,0,8,50,23,10,2021,08:00,1,83,83144,2,6,0,3,Boulevard du General Leclerc,43.1363,5.98738,8,2,2
202100043437,124Â 018,A01,1,1,1,0,8,-1,-1,-1, -1,-1,2021,74.0,0,1,0,0,0,25,3,,4,BEZANNES (RUE DE),0,,2,2,0,1,(1),(1),1,, -1,1,0,4,50,19,4,2021,15:30,1,51,51454,2,1,0,7,Rue de Bezannes,49.243406689,4.0087730538,15,1,1
202100006428,190Â 307,B01,1,1,1,4,2,-1,-1,-1, -1,-1,2021,39.0,2,1,0,2,1,1,5,,4,SALAUN PENQUER,0,,2,2,0,2,(1),(1),3,, -1,1,5,1,50,24,11,2021,18:00,5,29,29019,2,3,0,1,Avenue Salaun Penquer,48.3853,-4.48278,18,2,2
202100000506,200Â 797,A01,1,1,2,5,2,0,-1,-1, -1,-1,2021,27.0,1,1,0,2,7,2,1,,4,DUVERGIER DE HAURANNE (AVENUE),0,,2,3,0,2,0,0,1,, -1,1,0,1,50,9,11,2021,21:20,5,64,64102,2,6,0,3,DUVERGIER DE HAURANNE (AVENUE),43.48733,-1.46726,21,2,2
202100031874,144Â 781,B01,1,1,1,1,1,-1,-1,-1, -1,-1,2021,50.0,2,2,0,2,8,1,1,,4,FREVILLE (AVENUE HENRI),0,,3,4,0,1,(1),(1),1,, -1,2,5,1,50,28,6,2021,12:50,1,35,35238,2,2,1,3,FREVILLE (AVENUE HENRI),48.0836,-1.67446,12,2,2
202100019348,167Â 047,A01,1,1,1,0,2,6,-1,-1, -1,-1,2021,35.0,1,1,0,2,2,1,1,,4,SULLY  (RUE),0,,1,2,0,1,0,0,2,, -1,1,0,1,50,12,9,2021,20:00,2,21,21231,2,3,0,3,SULLY  (RUE),47.3156,5.0759,20,2,2
202100032816,143Â 119,A01,1,1,1,4,1,0,-1,-1, -1,-1,2021,64.0,1,5,4,0,2,16,1,,1,Bretelle sortie A1,0,,1,1,0,2,0,500,1,, -1,2,2,1,50,22,6,2021,03:40,3,972,97209,1,5,1,6,Bretelle sortie A1,14.61815,-61.03597,3,1,1
202100015008,174Â 877,A01,1,1,2,0,1,8,-1,-1, -1,-1,2021,37.0,1,2,2,0,1,13,1,,4,KOCH (QUAI),0,,1,1,1,1,0,0,1,, -1,2,0,1,50,4,10,2021,20:20,5,67,67482,2,1,1,6,KOCH (QUAI),48.58594,7.75874,20,1,1
202100034488,140Â 079,B01,1,1,1,5,2,6,9,0,0,-1,2021,63.0,1,1,0,2,1,1,1,,3,2,-1,,1,2,0,3,13,300,1,, -1,1,5,1,80,13,6,2021,16:45,1,29,29214,1,3,0,2,Lieu Dit Jarnellou,47.941963,-4.343644,16,2,2
202100043406,124Â 075,A01,10,3,1,0,0,-1,-1,2,3,1,2021,6.0,1,1,0,1,1,1,1,,2,tsoundzou-Mangadzia  Tsoundzou 2 (rue ),0,,2,0,0,1,0,0,1,, -1,1,0,1,50,3,3,2021,11:00,1,976,97611,2,1,0,6,tsoundzou-Mangadzia  Tsoundzou 2 (rue ),-12.81665,45.19866,11,2,1
202100031197,145Â 973,A01,10,3,2,9,0,-1,-1,4,3,1,2021,45.0,2,2,0,1,5,4,1,,4,RUE DE TOLBIAC,0,,2,3,0,2,(1),(1),1,, -1,1,0,1,50,3,7,2021,11:00,1,75,75113,2,2,0,6,RUE DE TOLBIAC,48.828472,2.372962,11,2,1
202100056124,101Â 562,B01,1,1,1,1,2,0,-1,-1,0,-1,2021,50.0,2,1,0,2,1,21,1,,1,15,0,,3,9,0,1,8,100,1,, -1,1,0,1,110,5,1,2021,07:30,2,95,95582,1,1,0,2,A15,48.96436,2.26219,7,2,2
202100000743,200Â 388,B01,1,1,1,1,2,8,-1,-1, -1,-1,2021,41.0,2,1,0,2,7,16,1,,3,ROUTE DEPARTEMENTALE 3,0,,3,1,0,1,1,500,3,, -1,1,0,1,30,31,12,2021,13:50,1,972,97213,1,6,0,3,ROUTE DEPARTEMENTALE 3,14.61236,-60.99555,13,2,2
202100019267,167Â 194,B01,2,2,1,5,8,-1,-1,0,0,-1,2021,86.0,1,2,0,2,1,1,1,,3,403,0,,2,2,0,1,5,200,1,, -1,1,0,1,80,13,9,2021,13:50,1,45,45056,1,1,0,1,D403,48.165456,2.506428,13,3,2
202100018660,168Â 285,B01,1,1,1,5,2,-1,-1,0,0,-1,2021,21.0,2,1,0,2,1,1,1,,2,2,0,A,2,2,0,1,1,600,1,, -1,1,0,1,70,16,9,2021,20:22,3,973,97307,1,1,0,3,route nationale 2,4.876137,-52.337236,20,2,2
202100007483,188Â 378,B01,1,1,1,5,1,-1,-1,0,0,-1,2021,70.0,2,2,0,2,1,1,1,,3,1206,-1,,2,2,0,2,1,300,3,, -1,1,0,1,90,16,11,2021,16:00,1,74,74074,1,1,0,1,D1206,46.121767,5.918605,16,2,2
202100052939,107Â 094,A01,10,3,1,9,0,-1,-1,1,9,1,2021,24.0,1,4,0,1,2,1,1,,2,10,-1,,3,4,0,2,70,800,1,, -1,2,0,1,110,2,2,2021,04:35,3,86,86293,1,1,1,6,N10,46.454848,0.266494,4,2,1
202100033245,142Â 344,A01,2,2,2,5,8,-1,-1,0,0,-1,2021,19.0,1,2,0,0,3,0,0,,3,100,-1,,2,2,0,1,1,192,1,,"5,5",1,0,8,80,21,6,2021,02:30,3,89,89478,1,1,0,7,D100,47.681517,3.654667,2,3,1
202100049937,112Â 481,A01,1,1,2,5,2,9,6,0,0,-1,2021,18.0,2,1,0,2,1,1,1,,3,6,0,D,2,2,0,1,66,600,1,, -1,1,0,1,50,27,2,2021,12:15,1,70,70176,2,1,0,2,25 Grande Rue,47.894386,6.624957,12,2,2
202100048532,115Â 004,A01,1,1,1,5,2,6,-1,-1, -1,-1,2021,17.0,1,1,0,2,7,15,1,,4,LAC MARION (AVENUE DU),0,,2,2,0,1,0,0,1,, -1,1,0,1,30,10,3,2021,15:20,1,64,64122,2,1,0,3,LAC MARION (AVENUE DU),43.47024,-1.55454,15,2,2
202100047969,115Â 996,B01,1,1,2,2,2,8,-1,-1, -1,-1,2021,16.0,1,1,0,2,7,16,1,,3,COLMAR (AVENUE DE),0,,3,5,3,1,0,0,1,, -1,2,5,1,50,12,3,2021,15:15,1,92,92063,2,2,1,3,COLMAR (AVENUE DE),48.88664,2.17471,15,2,2
202100033977,141Â 026,B01,1,1,1,4,1,0,-1,-1, -1,-1,2021,33.0,2,3,0,2,4,2,1,1.0,1,6,0,,3,6,0,1,29,0,1,, -1,1,3,1,110,17,6,2021,17:40,1,91,91340,1,1,0,2,AUTOROUTE A6,48.59833,2.44074,17,2,2
202100043649,123Â 653,B01,1,1,1,9,8,0,-1,0,0,-1,2021,32.0,2,1,0,2,3,14,1,,4,BOULEVARD NEY,0,,3,2,0,2,(1),(1),1,, -1,1,0,1,50,17,4,2021,18:40,1,75,75118,2,1,0,3,BOULEVARD NEY,48.8985358342,2.3557359177,18,2,2
202100054284,104Â 729,A01,1,1,1,9,0,-1,-1,0,0,-1,2021,30.0,2,2,0,2,3,5,1,,3,140,0,,2,3,0,1,12,800,1,, -1,2,0,1,80,21,1,2021,18:00,2,37,37225,1,1,1,1,D140,47.360441,0.873467,18,4,4
202100033808,141Â 330,B01,1,1,1,1,2,6,-1,-1, -1,-1,2021,36.0,0,1,0,2,7,17,1,,4,ELNE (ROUTE D'),0,,2,2,0,1,0,0,1,, -1,1,0,1,70,16,6,2021,18:39,1,66,66136,1,1,0,3,ELNE (ROUTE D'),42.66936,2.91711,18,2,2
202100039498,131Â 003,A01,1,1,2,5,1,-1,-1,0,0,-1,2021,65.0,2,2,0,2,1,1,1,,3,31,-1,,2,2,0,2,16,150,1,, -1,2,0,1,80,16,5,2021,16:35,1,74,74255,1,1,1,3,Rte du Cheran,45.865016,5.96137,16,2,2
202100048355,115Â 318,A01,1,1,1,0,1,0,-1,-1, -1,-1,2021,62.0,1,5,0,2,5,12,1,,1,A13,0,,3,6,0,1,47,400,1,, -1,1,0,1,110,12,3,2021,10:40,1,78,78362,1,1,0,3,A13,48.97285,1.73023,10,2,2
202100026550,154Â 240,A01,1,1,2,5,2,-1,-1,0,0,-1,2021,38.0,1,1,0,2,3,1,5,,3,27,-1,,2,2,0,1,11,500,1,, -1,1,0,1,90,30,7,2021,16:00,1,3,3304,1,1,0,2,Lieu Dit Champoux,46.167015,3.336228,16,2,2
202100021267,163Â 643,B01,1,1,1,9,2,6,-1,-1, -1,-1,2021,27.0,3,1,0,2,1,2,1,,4,LECLERC GENERAL (AVENUE),0,,2,2,0,1,0,0,1,, -1,1,0,1,50,1,8,2021,07:45,1,30,30189,2,4,0,1,LECLERC GENERAL (AVENUE),43.8306,4.3691,7,2,2
202100007721,187Â 958,A01,10,3,2,0,8,-1,-1,2,3,1,2021,82.0,1,2,0,1,3,9,1,,4,,0,,2,2,0,3,(1),(1),1,,4,1,6,1,30,3,11,2021,07:15,5,91,91200,2,6,0,6,Chemin de Beaurepaire,48.525073,2.035735,7,2,1
202100002397,197Â 494,A01,1,1,2,5,2,0,-1,-1, -1,-1,2021,65.0,1,1,0,0,0,1,5,,4,RESPLANDY (AVENUE DU CAPITAINE),0,,2,3,1,1,0,0,1,, -1,2,0,5,50,17,12,2021,09:10,1,64,64102,2,1,0,7,Avenue Capitaine Resplandy,43.48499,-1.45926,9,1,1
202100017538,170Â 273,B01,1,1,1,0,2,6,-1,0,0,-1,2021,60.0,2,1,0,2,1,17,0,,3,101,0,D,2,2,0,1,6,95,1,,7,1,0,1,80,7,8,2021,12:30,1,56,56003,1,1,1,3,D101,47.6355,-2.838873,12,2,2
202100003766,195Â 027,B01,1,1,1,0,1,-1,-1,0,0,-1,2021,43.0,1,2,0,2,1,1,1,,3,27,0,,2,2,0,1,0,800,1,, -1,1,0,1,50,10,12,2021,20:00,3,51,51569,1,1,1,1,D27,49.257866,3.943523,20,2,2
202100010955,182Â 146,B01,1,1,1,5,2,0,-1,-1, -1,-1,2021,35.0,2,1,0,2,1,1,1,,3,ARISTIDE BRIAND (AVENUE),0,,3,2,1,1,0,0,1,, -1,1,0,1,50,26,10,2021,16:00,1,92,92002,2,9,0,3,ARISTIDE BRIAND (AVENUE),48.7604215504,2.307767272,16,2,2
202100027963,151Â 719,A01,1,1,2,5,2,0,-1,0,0,-1,2021,27.0,2,1,0,2,2,2,1,,4,QUAI D AUSTERLITZ,0,,2,5,0,1,(1),(1),1,, -1,1,0,1,50,20,7,2021,16:00,1,75,75113,2,3,0,2,QUAI D AUSTERLITZ,48.84307,2.366317,16,2,2
202100041986,126Â 574,A01,1,1,2,9,1,0,-1,-1, -1,-1,2021,35.0,3,2,0,0,9,0,1,,1,A507 sens Marseille - Aubagne,0,,1,1,0,2,0,500,2,, -1,1,9,1,70,20,4,2021,15:59,1,13,13055,1,1,0,7,A507 sens Marseille - Aubagne,43.3112217493,5.4245876036,15,1,1
202100008022,187Â 393,A01,10,3,2,5,0,-1,-1,2,3,1,2021,80.0,2,2,0,1,2,1,1,,4,LOIRE (QUAI DE LA),0,,2,3,0,1,(1),(1),1,, -1,1,0,1,50,15,11,2021,17:00,2,37,37214,2,1,0,6,quai de Saint-Cyr,47.3970002074,0.6636241078,17,2,1
202100030630,147Â 007,B01,1,1,2,1,1,-1,-1,0,0,-1,2021,28.0,2,2,0,2,1,0,1,,3,997,-1,,2,2,0,2,27,200,2,, -1,1,0,1,80,16,6,2021,07:10,1,63,63334,1,1,0,1,D997,45.666718,3.485439,7,2,2
202100027091,153Â 292,B01,1,1,2,9,8,0,-1,0,0,-1,2021,25.0,2,1,0,2,1,1,5,,4,PLACE DE LA CONCORDE,0,,2,6,0,1,(1),(1),1,, -1,1,0,1,50,22,7,2021,12:43,1,75,75108,2,7,0,3,PLACE DE LA CONCORDE,48.866796,2.322082,12,2,2
202100029674,148Â 755,B01,1,1,1,5,2,-1,-1,0,0,-1,2021,58.0,2,1,0,2,1,1,1,,3,4,0,,2,2,0,1,10,800,2,, -1,1,0,1,80,11,7,2021,16:30,1,31,31052,1,1,0,1,route de toulouse,43.399256,1.363496,16,3,2
202100023178,160Â 187,B01,2,2,2,5,2,-1,-1,0,0,-1,2021,47.0,1,1,0,2,3,21,1,,3,93,0,,2,2,0,1,25,150,1,, -1,1,0,3,70,22,8,2021,12:30,1,26,26183,1,2,0,3,230 Route du Diois,44.703989,5.114179,12,3,2
202100005359,192Â 205,A01,1,1,2,0,2,8,-1,-1, -1,-1,2021,29.0,3,0,0,2,7,15,3,,4,CORPS EXPEDIT FRANCAIS D'ITALIE-ROND POI,0,,1,1,0,1,1,0,2,, -1,1,9,1,50,30,11,2021,08:30,1,11,11069,2,6,0,3,CORPS EXPEDIT FRANCAIS D'ITALIE-ROND POI,43.21301,2.3717,8,2,2
202100029407,149Â 216,A01,3,2,1,0,1,0,-1,-1, -1,-1,2021,22.0,2,2,4,0,1,1,1,,1,AUTOROUTE A104,0,,-1,6,0,1,3,0,1,, -1,2,0,2,90,12,7,2021,22:15,3,93,93078,1,1,1,6,AUTOROUTE A104,48.96083,2.52464,22,2,1
202100054144,104Â 968,A01,1,1,1,5,2,6,9,0,0,-1,2021,49.0,3,1,13,0,1,0,1,,9,,0,,-1,2,0,2,(1),(1),4,, -1,6,0,8,-1,23,1,2021,10:00,1,42,42060,1,1,1,7,Chemin forestier,45.501042,4.094462,10,1,1
202100007972,187Â 482,A01,10,3,1,5,0,-1,-1,8,B,1,2021,44.0,3,2,9,1,2,15,1,,4,,0,,1,1,0,1,(1),(1),1,, -1,1,9,1,30,14,11,2021,20:30,5,69,69149,2,2,0,6,VOLTAIRE (R),45.7151,4.80449,20,2,1
202100018179,169Â 116,A01,10,3,2,5,0,-1,-1,3,3,1,2021,47.0,2,2,0,1,1,16,1,,4,RUE DROUOT,0,,1,1,0,1,(1),(1),1,, -1,1,0,1,30,18,9,2021,21:55,5,75,75109,2,4,0,6,RUE DROUOT,48.875069543,2.3408604477,21,2,1
202100014048,176Â 588,A01,2,2,2,5,1,-1,-1,0,0,-1,2021,11.0,1,2,0,2,1,2,1,,3,33,-1,,2,2,0,1,0,800,1,, -1,1,0,1,80,9,10,2021,14:55,1,38,38261,1,4,0,2,Route d Argent,45.672281,5.48045,14,4,2
202100046869,117Â 999,B01,1,1,1,1,2,-1,-1,-1, -1,-1,2021,53.0,2,0,0,2,1,21,3,,4,,0,,2,2,0,1,(1),(1),1,, -1,1,0,1,50,22,3,2021,14:02,1,69,69384,2,1,0,3,JACQUES LOUIS HENON (R),45.7796,4.8281,14,2,2
202100016248,172Â 589,B01,1,1,1,9,2,0,-1,0,0,-1,2021,23.0,2,1,0,2,1,1,3,,4,BOULEVARD DE SEBASTOPOL,0,,2,5,1,1,(1),(1),1,, -1,1,0,5,30,29,9,2021,02:34,5,75,75103,2,2,0,3,BOULEVARD DE SEBASTOPOL,48.86936,2.35428,2,3,2
202100031646,145Â 189,A01,1,1,1,5,2,-1,-1,0,0,-1,2021,28.0,1,1,0,2,8,1,1,,3,9,-1,,2,2,0,1,27,730,3,, -1,1,0,1,90,29,6,2021,17:20,1,61,61309,1,1,0,3,D9,48.329265,0.728788,17,2,2
202100006477,190Â 223,A01,1,1,2,0,1,0,-1,-1, -1,-1,2021,45.0,1,2,0,2,7,15,1,,1,STALINGRAD (BD DE),0,,3,2,1,1,1,0,1,, -1,1,3,1,50,22,11,2021,12:45,1,94,94022,2,2,0,3,Boulevard de Stalingrad,48.77338,2.3997,12,2,2
202100040506,129Â 201,B01,1,1,1,9,2,0,-1,0,0,-1,2021,26.0,1,1,0,2,2,1,5,,4,RUE DE TANGER,0,,2,3,1,1,(1),(1),1,, -1,1,0,5,30,10,5,2021,12:55,1,75,75119,2,1,0,3,RUE DE TANGER,48.887231,2.369989,12,2,2
202100009166,185Â 332,A01,1,1,1,5,2,-1,-1,0,0,-1,2021,87.0,0,1,0,2,1,1,1,,9,,0,,2,2,0,2,35,900,1,, -1,1,0,1,60,6,11,2021,15:00,1,987,98734,2,1,0,1,PK 35+900,-17.723379,-149.50573,15,2,2
202100048304,115Â 413,A01,10,3,1,9,0,-1,-1,2,3,1,2021,31.0,1,2,0,1,2,1,1,,3,AV DE VERDUN,0,,3,2,0,1,1,0,1,, -1,1,0,1,50,12,3,2021,08:50,1,94,94028,2,1,0,6,VERDUN.(AVENUE DE),48.79762,2.46417,8,2,1
202100048670,114Â 758,A01,1,1,1,0,2,0,-1,0,0,-1,2021,41.0,1,1,0,2,0,1,3,,4,VERDUN (RUE DE),0,,2,2,0,1,(1),(1),1,, -1,1,0,1,30,6,3,2021,22:47,5,54,54184,2,1,0,6,VERDUN (RUE DE),48.702814801,6.2208983302,22,1,1
202100023340,159Â 892,B01,2,2,2,5,1,-1,-1,0,0,-1,2021,26.0,2,2,0,2,3,1,1,,3,930,0,D,2,2,0,1,41,500,1,, -1,1,0,1,80,21,8,2021,08:20,1,80,80442,1,2,0,5,D930,49.741982,3.017507,8,6,3
202100050744,110Â 979,A01,1,1,1,5,2,6,-1,-1, -1,-1,2021,19.0,2,1,0,2,1,9,1,,4,LATTRE DE TASSIGNY (AVENUE DE),0,,2,2,0,1,(1),(1),1,, -1,1,0,1,50,18,2,2021,13:55,1,39,39198,2,6,0,3,63 Avenue du MarÃ©chal de Lattre de Tassigny,47.105109,5.499078,13,2,2
202100043246,124Â 361,B01,1,1,1,5,1,-1,-1,0,0,-1,2021,85.0,2,2,0,2,3,1,1,,3,3,0,,2,2,0,1,4,810,1,, -1,1,5,1,80,20,4,2021,16:30,1,29,29076,1,3,0,1,Lieu Dit Keroudy,48.438284,-4.545368,16,2,2
202100000417,200Â 961,B01,1,1,1,0,2,-1,-1,-1, -1,-1,2021,55.0,1,1,0,2,7,1,1,,4,RUE BERTEAU,0,,2,2,0,1,(1),(1),1,, -1,1,0,1,30,14,11,2021,09:35,1,33,33281,2,1,0,2,Rue Bertheau,44.84811,-0.64135,9,2,2
202100028368,150Â 998,A01,1,1,1,5,2,6,-1,0,0,-1,2021,58.0,2,6,13,0,2,2,1,,3,11,0,D,2,2,0,1,34,225,1,,"5,5",1,0,3,80,19,7,2021,14:10,1,89,89197,1,1,0,6,D11,47.520968,4.095583,14,1,1
202100029013,149Â 870,A01,1,1,1,5,2,6,-1,0,0,-1,2021,16.0,2,1,0,2,1,2,1,,3,765,0,,2,2,0,1,100,740,1,, -1,1,0,1,80,13,7,2021,14:10,1,56,56078,1,2,0,2,Route DÃ©partementale NÂ°765,47.797247,-3.472479,14,2,2
202100002319,197Â 647,B01,1,1,2,1,1,5,-1,0,0,-1,2021,27.0,1,2,0,2,1,17,1,,3,6,0,,2,2,0,1,8,729,1,, -1,1,0,1,80,18,12,2021,18:15,1,27,27226,1,3,0,3,Route de Doudeauville,49.314002,1.603725,18,2,2
202100053542,106Â 013,A01,1,1,2,9,1,0,-1,-1, -1,-1,2021,45.0,1,2,0,2,5,26,1,,1,A7-Sens Marseille vers Lyon,0,,1,2,0,1,274,0,1,, -1,1,0,1,90,27,1,2021,18:00,3,13,13215,1,1,0,2,A7-Sens Marseille vers Lyon,43.3730640913,5.3611908811,18,2,2
202100020972,164Â 182,A01,1,1,1,5,1,0,-1,-1, -1,-1,2021,37.0,2,2,9,0,1,2,1,,1,A50 - Sens Aubagne vers Marseille,0,,1,2,0,2,16,399,1,, -1,1,0,1,90,4,9,2021,15:20,1,13,13005,1,1,0,1,A50 - Sens Aubagne vers Marseille,43.281263,5.581788,15,1,1
202100013223,178Â 105,B01,1,1,1,1,1,0,-1,-1, -1,-1,2021,40.0,1,2,6,2,2,1,1,,4,PLAINE (RUE DE LA),0,,2,2,0,1,(1),(1),1,, -1,1,0,1,50,14,10,2021,17:50,1,86,86194,2,2,0,3,Rue de la Plaine,46.570932,0.3545585,17,2,2
202100023484,159Â 650,A01,10,3,2,2,0,-1,-1,3,3,1,2021,14.0,2,2,0,1,1,1,1,,3,5,-1,,2,2,0,2,4,400,2,, -1,1,5,1,50,19,8,2021,17:20,2,974,97414,2,2,0,1,Route de Cilaos (Pont),-21.271232,55.440177,17,2,1
202100036410,136Â 618,B01,1,1,1,4,1,8,-1,0,0,-1,2021,48.0,1,5,0,2,4,1,1,,4,GÃ©nÃ©ral Leclerc ( avenue du ),0,,2,2,2,1,(1),(1),1,, -1,1,-1,1,50,4,6,2021,08:10,1,54,54332,2,1,0,2,GÃ©nÃ©ral Leclerc ( avenue du ),48.89952,6.04405,8,2,2
202100015628,173Â 738,B01,2,2,2,3,1,0,-1,-1, -1,-1,2021,43.0,1,2,0,2,9,23,1,,3,RD 919,0,,-1,3,0,1,47,121,1,, -1,1,0,1,70,1,10,2021,14:15,1,9,9122,2,1,0,4,RD 919,42.98763,1.61567,14,5,4
202100053483,106Â 115,B01,1,1,1,1,2,0,-1,0,0,-1,2021,61.0,3,1,0,2,4,1,1,,4,QUAI DE BERCY,0,,1,3,0,2,(1),(1),1,, -1,2,1,1,50,27,1,2021,18:40,5,75,75112,2,1,0,2,QUAI DE BERCY,48.837407,2.377356,18,2,2
202100013546,177Â 507,A01,1,1,1,9,2,6,-1,-1, -1,-1,2021,39.0,2,1,0,2,1,21,1,,4,AYGALADES (AVENUE DES),0,,2,2,0,1,0,0,1,, -1,1,0,1,50,13,10,2021,13:40,1,13,13215,2,1,0,3,AYGALADES (AVENUE DES),43.3557546266,5.3697588686,13,2,2
202100056370,101Â 141,A01,1,1,2,5,0,-1,-1,0,0,-1,2021,31.0,2,5,16,0,9,14,1,,4,RM27,0,M,2,2,0,3,0,0,2,, -1,2,0,3,90,1,1,2021,10:20,1,988,98811,1,1,1,7,Route d'AtÃ©ou,-20.966689,164.911544,10,2,1
202100034735,139Â 625,B01,1,1,1,0,2,0,-1,-1, -1,-1,2021,29.0,2,1,0,2,8,1,1,,4,MOLIERE                             (R ),0,,1,1,1,1,(1),(1),1,, -1,1,0,1,30,12,6,2021,20:50,2,69,69386,2,2,0,5,MOLIERE (R),45.76481,4.84275,20,5,3
202100053816,105Â 556,B01,1,1,1,0,1,0,-1,-1, -1,-1,2021,46.0,1,2,0,2,4,2,1,,1,AUTOROUTE A23,0,,-1,4,0,1,6,800,1,, -1,1,0,1,110,22,1,2021,18:20,3,59,59586,1,1,0,2,AUTOROUTE A23,50.541233,3.195727,18,2,2
202100002313,197Â 655,A01,1,1,2,9,2,6,9,0,0,-1,2021,25.0,1,1,3,0,0,0,1,,3,723,-1,,2,3,0,1,57,320,1,, -1,1,0,3,80,17,12,2021,15:00,1,44,44048,1,1,0,7,D723,47.357476,-1.325129,15,1,1
202100022055,162Â 207,B01,1,1,1,0,1,-1,-1,-1, -1,-1,2021,37.0,2,2,0,2,2,0,1,,4,PIERRE VERGER                       (R ),0,,3,2,2,1,(1),(1),1,, -1,1,0,1,50,28,8,2021,03:40,5,69,69388,2,2,0,3,PIERRE VERGER (R),45.73149,4.87393,3,5,2
202100048283,115Â 447,A01,10,3,2,0,0,-1,-1,5,3,1,2021,86.0,2,1,0,1,0,1,6,,9,GORBELLA (BD DE),0,,2,0,3,2,0,0,1,, -1,1,9,6,30,12,3,2021,21:30,5,6,6088,2,1,0,6,GORBELLA (BD DE),43.71743,7.256898,21,2,1
202100048518,115Â 036,B01,2,2,1,0,8,8,-1,-1, -1,-1,2021,22.0,2,4,0,2,3,1,1,,3,CD NUMERO 471,0,,2,2,0,1,4,800,1,, -1,1,0,1,80,9,3,2021,11:20,1,77,77374,1,1,0,1,CD NUMERO 471,48.8078220265,2.6975868912,11,3,2
202100013097,178Â 330,A01,4,2,1,5,1,0,-1,-1, -1,-1,2021,19.0,2,2,16,0,1,26,1,,4,COLLINES -BD-,0,,2,2,0,1,1,0,1,, -1,1,0,8,50,15,10,2021,14:10,1,11,11069,2,1,0,7,COLLINES -BD-,43.20186,2.39093,14,3,1
202100049144,113Â 913,A01,10,3,1,5,0,-1,-1,2,3,3,2021,26.0,1,1,0,2,1,17,1,,4,VALENTON (AV DE),0,,2,2,0,1,1,0,1,, -1,1,0,1,50,5,3,2021,15:45,1,94,94078,2,1,0,6,Avenue de Valenton,48.736284,2.454566,15,2,1
202100000221,201Â 344,A01,1,1,2,3,0,0,-1,0,0,-1,2021,65.0,1,0,1,0,7,26,3,,3,DEPORTES (RUE DES),0,,2,2,2,1,(1),(1),1,, -1,1,0,5,50,30,8,2021,11:25,1,59,59160,2,1,0,3,DEPORTES (RUE DES),50.4129921,3.662555,11,2,2
202100005316,192Â 287,A01,10,3,2,5,0,-1,-1,3,3,1,2021,87.0,0,3,0,1,2,16,1,1.0,4,PRE BOTTE (DU),0,,1,1,0,1,(1),(1),1,, -1,2,0,2,50,1,12,2021,18:05,5,35,35238,2,2,0,6,PRE BOTTE (DU),48.109319,-1.677839,18,2,1