Num_Acc,id_vehicule,num_veh,place,catu,sexe,trajet,secu1,secu2,secu3,locp,actp,etatp,year_acc,victim_age,senc,catv,obs,obsm,choc,manv,motor,occutc,catr,voie,v1,v2,circ,nbv,vosp,prof,pr,pr1,plan,lartpc,larrout,surf,infra,situ,vma,jour,mois,an,hrmn,lum,dep,com,agg_,int,atm,col,adr,lat,long,hour,nb_victim,nb_vehicules
202100045093,121Â 128,A01,1,1,2,0,1,0,-1,-1, -1,-1,2021,65.0,2,2,3,0,1,16,1,,1,AUTOROUTE A6,0,,3,6,0,1,29,909,1,, -1,1,3,1,110,5,4,2021,18:10,1,91,91659,1,1,0,7,AUTOROUTE A6,48.59185,2.44504,18,1,1
202100016536,172Â 070,A01,10,3,1,5,0,-1,-1,2,3,1,2021,44.0,1,1,0,1,3,1,1,,4,RUE DE TOLBIAC,0,,2,4,0,1,(1),(1),1,, -1,1,0,1,30,27,9,2021,17:45,1,75,75113,2,1,0,6,RUE DE TOLBIAC,48.830159,2.376014,17,2,1
202100023483,159Â 651,A01,1,1,2,5,1,-1,-1,0,0,-1,2021,80.0,1,2,13,0,2,2,1,,3,767,0,,3,4,0,1,39,900,1,, -1,1,0,3,110,20,8,2021,11:10,1,22,22004,1,1,0,7,PR 38+300,48.6398,-3.325167,11,1,1
202100020496,164Â 999,A01,1,1,1,5,2,6,-1,-1, -1,-1,2021,36.0,0,1,2,0,1,15,1,,4,MARECHAL JOFFRE (RUE),0,,2,2,0,1,0,0,1,, -1,1,0,4,50,4,9,2021,02:15,5,76,76351,2,4,0,6,MARECHAL JOFFRE (RUE),49.50031,0.12676,2,1,1
202100043622,123Â 705,B01,1,1,1,4,2,-1,-1,0,0,-1,2021,21.0,2,1,0,2,1,1,1,,3,VOSGES (AVENUE DES),0,,2,3,0,1,0,726,1,, -1,1,5,1,50,16,4,2021,14:05,1,65,65440,2,2,0,3,VOSGES (AVENUE DES),43.248894,0.063893,14,2,2
202100021052,164Â 029,A01,1,1,2,1,2,0,-1,-1, -1,-1,2021,53.0,3,1,0,2,1,25,5,,4,JAURES (BOULEVARD JEAN),0,,2,2,2,1,(1),(1),1,, -1,1,0,4,50,3,9,2021,07:50,1,37,37233,2,1,0,6,JAURES (BOULEVARD JEAN),47.3942721793,0.7257724606,7,2,2
202100028216,151Â 258,A01,1,1,1,1,1,-1,-1,0,0,-1,2021,51.0,2,2,2,0,1,1,1,,3,546,0,,2,2,0,1,24,280,2,, -1,1,0,3,80,19,7,2021,18:30,1,26,26303,1,1,0,6,Route des Princes dâOrange,44.300909,5.368774,18,1,1
202100048315,115Â 393,A01,1,1,1,0,2,0,-1,-1, -1,-1,2021,17.0,2,1,0,2,1,5,1,,4,FINLANDE (BD DE),0,,1,0,0,1,0,0,1,, -1,2,0,1,50,12,3,2021,16:10,1,92,92025,2,2,0,1,FINLANDE (BD DE),48.931129456,2.2592043456,16,2,2
202100048107,115Â 759,A01,1,1,1,4,1,4,-1,-1, -1,-1,2021,37.0,2,5,0,0,2,1,1,,1,AUTOROUTE A6B,0,,1,2,0,1,6,300,1,, -1,1,2,1,110,14,3,2021,20:15,3,94,94021,1,1,0,6,AUTOROUTE A6B,48.7617,2.3405,20,1,1
202100020703,164Â 622,B01,1,1,1,9,2,6,-1,-1, -1,-1,2021,62.0,2,1,0,2,2,1,1,,9,JUILLET (AVENUE DU 14),0,,2,2,1,1,1,0,1,, -1,1,0,1,50,3,9,2021,11:30,1,18,18279,2,1,0,3,JUILLET (AVENUE DU 14),47.21596,2.06506,11,2,2
202100007304,188Â 692,A01,10,3,1,2,0,-1,-1,2,3,1,2021,12.0,0,2,0,1,3,1,1,,4,RUISSEAU MI (RUE),0,,2,2,0,1,0,0,1,, -1,1,0,1,50,18,11,2021,16:45,2,13,13215,2,1,0,3,RUISSEAU MI (RUE),43.3502385917,5.3488946777,16,2,1
202100004497,193Â 728,A01,10,3,2,3,0,-1,-1,3,3,1,2021,71.0,1,2,0,1,1,1,1,,3,1508,-1,,3,2,0,1,48,600,1,, -1,1,0,1,50,30,9,2021,10:45,1,74,74267,2,9,0,6,route d'albertville,45.8433531,6.151172,10,2,1
202100054699,104Â 014,A01,2,2,2,1,1,0,-1,-1, -1,-1,2021,28.0,3,5,0,2,1,2,1,,9,CHAPIT RE ( RUE DU),0,,1,3,0,4,0,0,1,, -1,2,1,1,50,17,1,2021,14:20,1,93,93073,1,9,0,2,CHAPIT RE ( RUE DU),49.0022129537,2.5369678671,14,4,2
202100003489,195Â 517,A01,9,2,1,9,1,-1,-1,0,0,-1,2021,20.0,1,2,0,2,1,13,1,,2,4,-1,,2,2,0,1,(1),(1),1,, -1,1,0,1,80,12,12,2021,05:45,2,971,97125,1,1,0,1,RN4,16.259653,-61.291904,5,4,2
202100033409,142Â 050,A01,1,1,1,5,2,6,-1,-1, -1,-1,2021,33.0,2,1,0,2,1,1,1,,3,,0,,1,2,0,1,0,0,1,, -1,1,0,1,90,16,6,2021,18:50,1,30,30356,2,1,0,6,BEAUCAIRE (ROUTE),43.8329,4.4236,18,2,2
202100050820,110Â 841,A01,1,1,1,5,8,-1,-1,0,0,-1,2021,88.0,1,2,0,0,0,1,1,,3,17,0,D,-1,2,0,1,9,430,1,0,"4,4",1,0,8,80,19,2,2021,16:15,1,16,16180,1,1,0,7,Lieu-dit Le Pont,45.277121,0.188892,16,2,1
202100056089,101Â 622,B01,1,1,2,1,2,-1,-1,0,0,-1,2021,37.0,1,1,0,2,1,1,1,,3,94,-1,D,2,2,0,1,16,550,1,, -1,2,0,1,80,6,1,2021,08:30,4,35,35167,1,3,0,3,Zone d'activitÃ© le Ronzeray,47.820757,-1.318718,8,2,2
202100013143,178Â 254,A01,1,1,1,0,2,8,-1,-1, -1,-1,2021,26.0,1,1,0,2,8,15,1,,3,913,0,,2,2,0,1,0,0,1,, -1,1,5,1,50,8,10,2021,14:57,1,92,92063,2,2,0,3,DOUMER (AVENUE PAUL) EST,48.8830315111,2.1894858778,14,2,2
202100035048,139Â 048,A01,1,1,1,1,2,6,-1,0,0,-1,2021,51.0,2,1,0,2,3,3,1,,4,PORTE DAUPHINE,0,,1,4,0,1,(1),(1),1,, -1,1,0,1,70,11,6,2021,18:30,1,75,75116,2,4,0,3,PORTE DAUPHINE,48.865767,2.268076,18,2,2
202100005541,191Â 897,B01,10,3,1,9,0,-1,-1,4,3,1,2021,39.0,0,2,0,2,2,15,2,,4,PLACE VENDOME,0,,1,2,0,1,(1),(1),1,, -1,1,6,1,30,30,11,2021,16:10,1,75,75101,2,7,0,6,PLACE VENDOME,48.86661,2.32857,16,3,2
202100020867,164Â 348,B01,1,1,2,0,1,0,-1,-1, -1,-1,2021,18.0,1,2,0,2,6,1,1,,1,A621 (SEPT DENIERS-ANCELY),0,,1,3,0,2,1,771,3,, -1,1,9,1,90,4,9,2021,12:05,1,31,31069,1,1,0,4,A621 (SEPT DENIERS-ANCELY),43.62141,1.39981,12,3,3
202100028466,150Â 835,B01,2,2,1,0,2,0,-1,-1, -1,-1,2021,24.0,1,1,0,2,1,19,1,,7,BRIQUES (SENTIER DES),0,,2,2,0,1,(1),(1),1,, -1,1,9,1,50,17,7,2021,01:25,3,59,59646,2,2,0,3,TOURCOING (RUE DE),50.689841,3.145346,1,3,2
202100007560,188Â 231,B01,1,1,1,5,2,-1,-1,0,0,-1,2021,55.0,2,6,0,2,4,15,1,,3,22,0,D,2,2,0,2,36,227,1,, -1,1,0,1,70,30,8,2021,10:15,1,74,74001,1,4,0,5,sous le pas,46.286439,6.695749,10,3,3
202100018568,168Â 445,A01,10,3,2,2,8,8,-1,4,3,1,2021,11.0,1,2,0,1,3,0,1,,3,HUGO (RUE VICTOR),0,,2,2,0,1,0,2,2,, -1,1,0,1,50,15,9,2021,12:00,1,54,54431,2,1,0,6,HUGO (RUE VICTOR),48.90168,6.05177,12,2,1
202100039038,131Â 865,A01,2,2,2,5,1,-1,-1,0,0,-1,2021,21.0,3,2,0,0,0,1,1,,3,54,-1,,2,2,0,1,(1),(1),1,, -1,2,0,1,80,21,5,2021,18:00,1,50,50297,1,1,1,7,La Caillourie,49.180568,-1.090205,18,2,1
202100044907,121Â 453,A01,10,3,2,9,0,-1,-1,3,3,1,2021,68.0,1,2,0,1,3,1,1,,4,CARNOT                              (R ),0,,2,2,0,1,(1),(1),1,, -1,1,0,1,50,6,4,2021,08:50,1,69,69199,2,3,0,6,CARNOT (R),45.70802,4.86121,8,2,1
202100014946,174Â 988,A01,3,2,1,5,8,0,-1,-1, -1,-1,2021,3.0,1,2,6,0,1,1,1,,4,ENTRE DEUX (CHEMIN) CD26,0,,2,2,0,1,1,0,3,, -1,1,0,1,50,5,10,2021,18:45,3,974,97416,1,1,0,1,ENTRE DEUX (CHEMIN) CD26,-21.29042,55.45129,18,3,1
202100033345,142Â 164,A01,10,3,2,0,0,-1,-1,3,3,1,2021,21.0,2,5,0,1,2,16,1,,4,FEVAL (PAUL),0,,2,2,0,3,(1),(1),1,, -1,1,5,1,50,14,6,2021,17:46,1,35,35238,2,9,0,6,FEVAL (PAUL),48.10168,-1.67649,17,2,1
202100023563,159Â 520,B01,2,2,2,5,1,-1,-1,-1, -1,-1,2021,26.0,2,2,0,2,6,15,1,,4,GENERAL LECLERC                     (AV),0,,2,2,2,1,(1),(1),1,, -1,1,0,1,50,18,8,2021,17:25,1,69,69286,2,3,0,3,GENERAL LECLERC (AV),45.81365,4.89718,17,4,2
202100050158,112Â 064,A01,10,3,1,9,0,-1,-1,3,3,1,2021,58.0,0,3,0,1,3,26,1,1.0,4,RENAUDEL (AVENUE PIERRE),0,,1,1,0,1,1,0,1,, -1,1,0,1,30,25,2,2021,08:10,1,83,83069,2,9,0,6,RENAUDEL (AVENUE PIERRE),43.1067,6.1283,8,3,1
202100040809,128Â 676,A01,2,2,2,5,1,-1,-1,0,0,-1,2021,25.0,2,2,6,0,5,0,1,,3,1089,0,,2,2,0,1,25,500,2,, -1,1,0,3,90,8,5,2021,13:35,1,3,3161,1,1,0,6,Besseigeat,46.14402,2.659078,13,3,1
202100032842,143Â 069,A01,1,1,2,0,1,-1,-1,-1, -1,-1,2021,48.0,1,2,0,2,3,15,2,,1,AUTOROUTE A46 ROCADE EST - RN 346   (XX),0,,1,1,0,2,42,300,1,, -1,1,0,1,50,18,6,2021,20:29,1,69,69290,1,2,0,5,ST BONNET DE MURE (DE) (CHM),45.69196,4.96699,20,3,3
202100035073,139Â 004,A01,2,2,1,5,1,0,-1,-1, -1,-1,2021,25.0,3,2,5,2,1,0,1,,3,,0,,2,2,0,2,1,0,1,, -1,1,0,4,50,11,6,2021,00:30,5,94,94002,2,3,0,6,Rue Emile Zola,48.799743,2.426047,0,2,1
202100021095,163Â 948,A01,1,1,2,1,2,0,-1,0,0,-1,2021,33.0,1,1,0,2,5,1,5,,4,RUE DE LYON,0,,2,3,3,1,(1),(1),1,, -1,1,0,6,30,3,9,2021,17:10,1,75,75112,2,5,0,3,RUE DE LYON,48.846656,2.372052,17,2,2
202100046687,118Â 322,B01,1,1,1,5,2,-1,-1,0,0,-1,2021,77.0,1,1,0,2,8,1,5,,3,678,-1,,2,2,0,1,30,230,1,, -1,1,0,1,80,26,3,2021,11:15,1,39,39408,1,1,0,3,,46.589446,5.711907,11,2,2
202100020824,164Â 421,A01,1,1,1,0,2,6,-1,-1, -1,-1,2021,56.0,2,1,8,2,7,1,1,,2,mamoudzou centre-Commandant Passot (Plac,0,,3,3,0,1,1,0,1,, -1,1,0,1,50,3,9,2021,12:15,1,976,97611,2,1,0,3,mamoudzou centre-Commandant Passot (Plac,-12.77965,45.23269,12,2,2
202100028803,150Â 236,A01,1,1,1,0,1,-1,-1,0,0,-1,2021,58.0,0,2,1,0,1,1,1,,4,EDMOND ROSTAND (RUE),0,,2,2,0,1,(1),(1),1,, -1,2,0,1,50,12,7,2021,13:23,1,80,80021,2,1,1,6,EDMOND ROSTAND (RUE),49.87327,2.3248,13,1,1
202100053785,105Â 609,A01,1,1,1,5,1,-1,-1,0,0,-1,2021,27.0,1,2,0,2,8,2,1,,3,923,-1,,2,3,0,2,14,150,1,, -1,5,0,1,90,24,1,2021,11:45,1,61,61484,1,1,1,3,,48.252287,0.697455,11,4,2
202100004805,193Â 192,A01,1,1,1,1,1,0,-1,0,0,-1,2021,61.0,2,2,4,0,7,14,1,,4,PORTE DE CHAMPERRET,0,,1,4,0,1,(1),(1),1,, -1,2,0,1,70,3,12,2021,17:10,5,75,75117,2,4,1,6,PORTE DE CHAMPERRET,48.888308292,2.2920495272,17,1,1
202100011971,180Â 322,B01,1,1,1,2,8,-1,-1,-1, -1,-1,2021,13.0,0,1,0,2,0,0,-1,,4,ETIENNE RICHERAND                   (R ),0,,1,1,0,1,(1),(1),1,, -1,1,0,1,50,20,10,2021,16:50,1,69,69383,2,1,0,3,ETIENNE RICHERAND (R),45.7575563113,4.8658047616,16,2,2
202100037778,134Â 134,B01,1,1,1,1,2,-1,-1,-1, -1,-1,2021,57.0,0,1,1,0,1,1,5,,4,COQUEBERT (RUE) DU 1 A 62 ET 2 A 42,0,,2,2,0,1,(1),(1),1,, -1,1,0,1,50,28,5,2021,19:30,1,51,51454,2,1,0,1,Rue Coquebert,49.2616630518,4.0390285067,19,2,2
202100042988,124Â 832,B01,2,2,1,5,0,-1,-1,0,0,-1,2021,81.0,3,5,0,2,3,1,1,,4,206,-1,,2,2,0,1,(1),(1),1,, -1,1,0,1,80,11,4,2021,21:00,3,35,35106,1,1,0,1,"Lieu-dit ""CropÃ©""",47.811231,-1.573671,21,3,2
202100030390,147Â 444,B01,1,1,2,1,1,-1,-1,0,0,-1,2021,38.0,1,2,0,2,4,2,1,,2,ECHANGEUR NÂ° 3 ( PORTE  D ' ANGLETERRE ),0,,1,2,0,1,1,0,1,, -1,1,8,1,70,6,7,2021,17:10,1,14,14327,1,1,0,2,N814,49.19197,-0.33504,17,2,2
202100029028,149Â 844,B01,1,1,2,5,0,-1,-1,0,0,-1,2021,15.0,3,1,0,2,4,2,5,,4,784,0,D,2,2,0,1,95,300,1,, -1,1,0,1,50,11,7,2021,01:45,4,29,29197,2,1,0,2,Rue de LocquÃ©ran,48.024055,-4.534079,1,2,2
202100008680,186Â 224,B01,1,1,1,2,8,-1,-1,-1, -1,-1,2021,16.0,1,1,0,2,3,1,5,,4,LAFAYETTE                           (CO),0,,1,1,2,1,(1),(1),1,, -1,1,0,5,50,8,11,2021,13:55,1,69,69383,2,2,0,3,LAFAYETTE (CR),45.7636559893,4.8687967658,13,2,2
202100046996,117Â 776,A01,1,1,1,2,1,-1,-1,0,0,-1,2021,31.0,1,2,1,0,1,1,1,,3,534,-1,,2,2,0,1,(1),(1),1,, -1,1,0,1,50,23,3,2021,08:05,1,58,58225,2,1,0,2,Route de la Gare,46.927627,3.073702,8,5,2
202100008764,186Â 071,B01,2,2,1,0,2,0,-1,-1, -1,-1,2021,39.0,2,1,0,2,1,19,1,,3,BAC (AV DU),0,,2,2,0,1,112,0,1,, -1,1,6,1,30,8,11,2021,11:00,1,94,94068,2,3,0,3,Avenue du Bac,48.79184,2.51866,11,3,2
202100044050,122Â 938,A01,10,3,2,1,0,-1,-1,2,3,1,2021,42.0,2,1,0,1,8,5,5,,4,PLACE PIGALLE,0,,1,2,0,1,(1),(1),3,, -1,1,0,1,50,14,4,2021,11:20,1,75,75109,2,7,0,6,PLACE PIGALLE,48.882049,2.337525,11,2,1
202100042942,124Â 912,A01,1,1,1,5,2,-1,-1,0,0,-1,2021,45.0,1,1,0,2,1,1,5,,7,70,0,D,2,2,0,2,5,350,1,, -1,1,0,1,50,23,4,2021,17:51,1,31,31418,2,1,0,1,72 route du fouet,43.622112,1.523623,17,2,2
202100040479,129Â 249,A01,1,1,2,0,2,6,-1,-1, -1,-1,2021,51.0,3,1,0,0,7,1,1,,4,DUCLOS (AVENUE JACQUES),0,,2,0,0,1,(1),(1),1,, -1,2,0,1,50,10,5,2021,13:36,1,37,37233,2,1,0,7,DUCLOS (AVENUE JACQUES),47.38026,0.72645,13,1,1
202100009596,184Â 553,B01,1,1,2,3,1,0,-1,-1, -1,-1,2021,48.0,1,2,0,2,4,1,1,,4,,0,,2,4,0,1,(1),(1),1,, -1,1,0,1,50,3,11,2021,12:00,1,37,37261,2,1,0,2,TANNEURS (RUE DES),47.39567537,0.6790111441,12,3,2
202100055397,102Â 826,B01,1,1,2,4,2,6,4,0,0,-1,2021,55.0,1,1,0,2,3,1,1,,3,900,-1,,2,2,0,2,(1),(1),1,, -1,2,0,1,80,13,1,2021,07:00,3,50,50510,1,1,1,3,La Briqueterie,49.180553,-1.38041,7,2,2
202100043086,124Â 660,A01,2,2,2,5,2,-1,-1,0,0,-1,2021,56.0,2,1,0,0,0,1,1,,3,2,-1,,2,2,0,2,9,100,1,, -1,1,2,1,70,23,4,2021,17:15,1,59,59110,2,1,0,7,Route de Bourbourg,50.9553022051,2.2695833445,17,2,1
202100033317,142Â 217,B01,1,1,2,5,8,0,-1,-1, -1,-1,2021,22.0,2,1,0,2,4,1,3,,3,VENDEE GLOBE (BOULEVARD DU),0,,3,4,1,1,78,0,1,, -1,1,0,5,90,10,6,2021,23:05,3,85,85194,2,1,0,4,Boulevard du VendÃ©e Globe (Olonne-sur-Mer),46.51183,-1.79256,23,3,3
202100028277,151Â 152,B01,1,1,1,0,2,8,-1,-1, -1,-1,2021,19.0,3,1,0,2,4,17,1,,4,CHEVALIER SAINTE-MARTHE (BOULEVARD),0,,2,2,0,1,0,200,1,, -1,1,0,1,50,17,7,2021,11:30,1,972,97209,2,1,0,3,CHEVALIER SAINTE-MARTHE (BOULEVARD),14.6040821089,-61.0654688784,11,2,2
202100044636,121Â 937,A01,1,1,1,5,2,6,-1,0,0,-1,2021,27.0,2,1,2,0,1,1,1,,3,2,0,,2,2,0,2,16,300,4,, -1,1,0,3,80,8,4,2021,15:40,1,83,83127,1,1,0,6,D2,43.270847,5.790374,15,1,1
202100055983,101Â 822,A01,1,1,2,0,1,-1,-1,0,0,-1,2021,34.0,0,2,0,2,1,1,1,,3,1075,0,D,2,2,0,1,26,800,1,, -1,1,0,1,80,8,1,2021,08:50,2,38,38543,1,4,1,1,Route des Alpes,45.6478677473,5.4898166656,8,2,2
202100021028,164Â 075,A01,1,1,1,5,2,6,-1,-1, -1,-1,2021,63.0,3,1,0,0,0,1,1,,4,PIECE NOYEE (ROND POINT DE LA),0,,2,2,0,1,0,0,2,, -1,1,0,1,50,2,9,2021,19:45,1,64,64102,2,1,0,7,PIECE NOYEE (ROND POINT DE LA),43.49898,-1.48138,19,1,1
202100007547,188Â 253,B01,1,1,2,0,2,6,-1,-1, -1,-1,2021,27.0,1,1,0,2,8,1,1,,1,AUTOROUTE A86,0,,1,8,0,1,25,100,1,, -1,1,0,1,90,18,11,2021,19:00,5,93,93053,1,1,0,3,AUTOROUTE A86,48.89433,2.47141,19,2,2
202100007325,188Â 658,A01,10,3,2,0,0,-1,-1,2,3,1,2021,64.0,2,1,0,1,2,1,1,,4,JUIN BOULEVARD MARECHAL,0,,2,3,0,1,(1),(1),1,, -1,1,0,1,50,14,11,2021,17:55,5,6,6027,2,1,0,6,JUIN BOULEVARD MARECHAL,43.658177,7.150913,17,2,1
202100054086,105Â 070,B01,3,2,1,9,8,0,-1,-1, -1,-1,2021,47.0,1,2,0,2,1,23,1,,4,SAINT PIERRE (RUE),0,,1,2,0,1,(1),(1),1,, -1,1,9,1,50,22,1,2021,18:35,5,13,13205,2,1,0,2,SAINT PIERRE (RUE),43.29218,5.3951,18,4,2
202100034671,139Â 750,A01,10,3,2,5,0,-1,-1,1, -1,1,2021,84.0,3,2,0,1,4,26,0,,6,,-1,,-1,-1,0,1,(1),(1),1,,"3,5",1,0,8,-1,13,6,2021,11:40,1,70,70198,2,1,0,6,Rue Alfred Dornier,47.554327,5.677448,11,2,1
202100038144,133Â 469,B01,1,1,1,5,2,6,-1,-1, -1,-1,2021,34.0,2,1,0,2,1,2,1,,4,COMMUNE DE PARIS (AVENUE),0,,3,1,0,1,0,0,1,, -1,1,0,1,50,25,5,2021,19:25,5,974,97407,2,1,0,3,COMMUNE DE PARIS (AVENUE),-20.93873,55.29095,19,2,2
202100002825,196Â 723,A01,1,1,1,4,1,-1,-1,0,0,-1,2021,46.0,2,5,2,0,1,21,1,,3,2085,0,A,2,2,0,2,20,845,1,, -1,1,0,3,70,14,12,2021,23:48,3,6,6161,1,1,0,6,1683 Route de Grasse,43.660533,7.101824,23,1,1
202100017155,170Â 977,A01,1,1,1,5,2,-1,-1,0,0,-1,2021,15.0,2,1,0,2,1,13,1,,3,234,-1,,2,2,0,2,6,50,3,, -1,1,0,1,-1,24,9,2021,21:19,5,14,14689,2,4,0,1,Le bourg,49.009028,-0.519946,21,3,2
202100045950,119Â 619,B01,4,2,2,5,1,0,-1,-1, -1,-1,2021,18.0,2,2,0,2,4,1,1,,3,ARRIEU ANSELME (AVENUE),0,,2,2,0,1,25,351,1,, -1,1,0,1,30,30,3,2021,18:00,1,31,31483,2,1,0,2,ARRIEU ANSELME (AVENUE),43.11055,0.71729,18,5,2
202100055344,102Â 908,Z01,10,3,2,5,8,8,-1,4,3,2,2021,8.0,1,2,0,1,1,1,0,,4,PONTOILE (RUE DE),0,,2,2,0,1,0,0,1,, -1,1,5,1,50,6,1,2021,11:34,1,2,2691,2,1,0,6,PONTOILE (RUE DE),49.84622,3.27465,11,2,1
202100015329,174Â 306,A01,10,3,1,0,0,-1,-1,9,B,1,2021,38.0,1,2,0,1,0,1,1,,3,PAUL LANGEVIN (AVENUE ),0,,2,2,0,1,0,0,1,, -1,1,0,1,80,3,10,2021,03:30,5,57,57616,1,1,0,6,PAUL LANGEVIN (AVENUE ),49.14077,6.19975,3,2,1
202100013996,176Â 685,A01,1,1,1,0,8,0,-1,-1,0,-1,2021,49.0,2,2,15,0,2,14,1,,3,BAILLEUL (RUE DE),0,,1,2,0,1,(1),(1),4,, -1,1,9,4,50,10,10,2021,04:25,5,59,59431,2,6,1,6,BAILLEUL (RUE DE),50.713129,2.818968,4,1,1
202100017128,171Â 020,B01,1,1,1,0,2,6,-1,-1, -1,-1,2021,26.0,3,1,0,2,8,1,1,,3,LINDBERGH (CARREFOUR),0,,2,2,0,1,0,0,1,, -1,1,0,1,50,25,9,2021,08:10,2,93,93013,2,9,1,3,LINDBERGH (CARREFOUR),48.94305,2.43249,8,2,2
202100038470,132Â 883,B01,1,1,1,5,2,-1,-1,0,0,-1,2021,56.0,1,1,0,2,6,0,5,,3,306,0,D,2,2,0,1,16,300,1,, -1,1,0,3,-1,23,5,2021,18:20,1,69,69013,1,1,0,2,D306,46.0312774389,4.7175848889,18,3,2
202100003906,194Â 771,A01,7,2,2,2,1,-1,-1,0,0,-1,2021,11.0,3,3,13,0,3,1,1,5.0,4,19,-1,,2,2,0,2,(1),(1),3,, -1,7,0,3,80,9,12,2021,07:36,3,22,22277,1,1,0,7,Le Champs Boissel - VC 19,48.397789,-2.846264,7,5,1
202100032648,143Â 410,A01,1,1,2,0,2,-1,-1,0,0,-1,2021,22.0,0,1,0,2,1,1,3,,4,SAINT FUSCIEN (RUE),0,,2,2,0,1,(1),(1),1,, -1,1,0,1,50,22,6,2021,08:15,1,80,80021,2,1,0,2,SAINT FUSCIEN (RUE),49.88311,2.30427,8,2,2
202100017573,170Â 213,B01,1,1,2,5,1,-1,-1,0,0,-1,2021,19.0,2,2,0,2,1,26,1,,3,135,0,,2,2,0,2,7,100,2,, -1,1,0,1,50,18,9,2021,03:30,3,30,30156,1,1,0,1,Avenue ClÃ©ment Ader,43.863774,4.43455,3,2,2
202100006801,189Â 624,B01,1,1,2,5,1,-1,-1,-1,0,-1,2021,30.0,1,2,0,2,4,1,1,,1,AUTOROUTE A15,0,,3,6,0,1,24,100,1,, -1,1,0,1,90,23,11,2021,14:15,1,95,95500,1,1,0,4, A15,49.04073,2.08232,14,3,3
202100047739,116Â 417,A01,10,3,2,5,0,-1,-1,3,3,2,2021,74.0,1,2,0,1,3,1,1,,4,VERSAILLES (RUE DE),0,,3,2,0,2,0,0,1,, -1,1,0,1,30,6,3,2021,09:49,1,57,57591,2,1,0,6,VERSAILLES (RUE DE),49.25195,6.09469,9,3,1
202100034038,140Â 919,A01,10,3,2,0,8,8,-1,3,3,1,2021,14.0,1,3,0,1,1,9,0,1.0,4,LEON BLUM      (Rue),0,,2,4,3,1,(1),(1),1,, -1,1,0,6,50,16,6,2021,13:20,1,69,69266,2,1,0,6,LEON BLUM (R),45.76052,4.90437,13,2,1
202100045253,120Â 833,A01,1,1,1,5,2,6,-1,-1, -1,-1,2021,23.0,2,1,0,2,1,1,1,,4,PASTEUR (AV),0,,2,2,0,1,0,1,1,, -1,1,0,1,50,3,4,2021,16:11,1,94,94077,2,2,0,3,PASTEUR (AV),48.73763,2.42145,16,2,2
202100030027,148Â 118,A01,1,1,2,4,2,6,-1,0,0,-1,2021,44.0,2,1,0,2,1,15,1,,4,PLACE DE LA CONCORDE,0,,1,8,1,1,(1),(1),1,, -1,1,0,5,50,7,7,2021,11:14,1,75,75108,2,7,0,3,PLACE DE LA CONCORDE,48.864096,2.320129,11,2,2
202100020478,165Â 031,A01,1,1,1,0,1,1,-1,0,0,-1,2021,31.0,1,2,0,2,1,13,1,,4,RUE JACQUES IEKAWE,0,,2,2,0,1,0,0,1,, -1,1,0,1,50,4,9,2021,13:50,1,988,98818,2,3,0,1,RUE JACQUES IEKAWE/VOIE MENANT A L'EGLISE PENTECOTISTE,-22.22294,166.48123,13,4,2
202100032867,143Â 020,A01,1,1,1,5,8,0,-1,0,0,-1,2021,25.0,1,2,0,2,1,2,1,,3,BRIEY (ROUTE DE),0,,2,2,0,1,85,102,1,, -1,1,0,1,70,22,6,2021,07:15,1,54,54431,1,1,0,5,BRIEY (ROUTE DE),48.91393,6.03728,7,3,3
202100012841,178Â 771,A01,10,3,1,5,0,-1,-1,2,2,1,2021,26.0,1,2,0,1,2,15,1,,4,CHALOTAIS (DE LA ),0,,1,1,0,1,(1),(1),1,, -1,1,0,1,50,16,10,2021,06:30,5,35,35238,2,7,0,6,BRETAGNE (PLACE DE),48.10933,-1.68448,6,2,1
202100052483,107Â 908,B01,1,1,1,5,1,-1,-1,0,0,-1,2021,26.0,3,2,0,2,3,1,1,,4,177,0,D,2,2,0,1,(1),(1),1,, -1,1,0,1,80,6,2,2021,18:05,2,35,35155,1,1,1,1,Le Pont Robert,47.8605462,-1.8856224,18,2,2
202100011582,181Â 021,A01,1,1,2,0,1,-1,-1,-1, -1,-1,2021,27.0,2,2,0,2,2,1,1,,4,ESSILLARDS (RUE DES),0,,2,2,0,1,(1),(1),1,, -1,2,0,1,50,21,10,2021,08:35,1,51,51454,2,3,0,5,Rue des Essillards,49.23496,4.05098,8,3,3
202100010481,182Â 989,A01,10,3,2,1,0,-1,-1,3,3,1,2021,36.0,1,2,0,1,1,26,1,,3,AV FRANCOIS MITTERRAND,0,,3,2,0,1,(1),(1),1,, -1,1,0,8,50,28,10,2021,08:55,1,91,91027,2,1,0,6,AV FRANCOIS MITTERRAND,48.70583,2.37111,8,2,1
202100018044,169Â 374,A01,1,1,1,5,2,6,-1,0,0,-1,2021,22.0,2,1,0,0,0,0,1,,2,11,-1,,3,4,0,1,31,876,1,,"7,6",2,0,8,90,19,9,2021,23:20,3,17,17142,1,1,1,7,N11,46.182802,-1.083376,23,1,1
202100016283,172Â 528,B01,2,2,2,5,1,-1,-1,0,0,-1,2021,70.0,2,2,0,2,7,1,1,,3,11,0,,2,2,0,4,9,100,1,,7,1,5,1,80,28,9,2021,16:30,1,80,80553,1,2,0,3,D11,49.988028,2.367489,16,3,2