Num_Acc,id_vehicule,num_veh,place,catu,sexe,trajet,secu1,secu2,secu3,locp,actp,etatp,year_acc,victim_age,senc,catv,obs,obsm,choc,manv,motor,occutc,catr,voie,v1,v2,circ,nbv,vosp,prof,pr,pr1,plan,lartpc,larrout,surf,infra,situ,vma,jour,mois,an,hrmn,lum,dep,com,agg_,int,atm,col,adr,lat,long,hour,nb_victim,nb_vehicules
202100044541,122Â 104,A01,1,1,1,4,8,-1,-1,-1, -1,-1,2021,46.0,3,2,0,2,4,23,1,,4,ROUTE DU MAS RILLIER                (RO),0,,1,2,0,3,(1),(1),1,, -1,1,0,1,50,7,4,2021,07:45,2,69,69286,2,6,0,2,MAS RILLIER (DU) (RTE),45.823692976,4.9185919762,7,2,2
202100043347,124Â 181,A01,1,1,2,5,2,6,-1,0,0,-1,2021,64.0,1,1,0,2,1,1,1,,4,AVENUE SIMON BOLIVAR,0,,2,2,0,2,(1),(1),2,, -1,1,0,1,50,20,4,2021,17:00,1,75,75119,2,1,0,2,AVENUE SIMON BOLIVAR,48.880601,2.374046,17,2,2
202100046455,118Â 746,A01,1,1,1,5,2,-1,-1,0,0,-1,2021,45.0,3,1,0,6,1,1,1,,4,,-1,,2,2,0,2,(1),(1),1,, -1,1,0,1,80,27,3,2021,19:45,3,27,27167,1,1,0,6,Rue du Val Infray,49.317199,0.596121,19,1,1
202100017661,170Â 053,A01,1,1,1,5,2,6,-1,-1, -1,-1,2021,17.0,3,1,5,0,1,14,1,,7,RTE DU VAL DE CUECH-RD 16,0,,2,2,0,2,(1),(1),2,, -1,1,9,3,80,20,9,2021,19:00,1,13,13103,1,1,0,7,RTE DU VAL DE CUECH-RD 16,43.6552153553,5.1268533449,19,1,1
202100027382,152Â 770,B01,1,1,1,1,2,6,-1,0,0,-1,2021,66.0,1,1,0,2,3,1,5,,4,RUE DES POISSONNIERS,0,,2,2,0,1,(1),(1),1,, -1,1,0,1,50,23,7,2021,22:42,5,75,75118,2,2,0,3,RUE DES POISSONNIERS,48.891191,2.351632,22,2,2
202100010770,182Â 483,A01,1,1,1,1,2,-1,-1,0,0,-1,2021,51.0,2,1,0,9,7,21,1,,3,18,0,,2,2,0,3,25,900,2,, -1,1,0,3,90,26,10,2021,17:10,2,19,19125,1,1,1,3,D18,45.2850428277,2.0406280025,17,2,2
202100055506,102Â 628,B01,1,1,1,0,1,5,-1,-1, -1,-1,2021,20.0,2,2,4,2,0,0,1,,4,JEAN LOMBARD (AVENUE),0,,3,2,0,1,(1),(1),1,, -1,1,0,1,50,10,1,2021,18:30,5,13,13211,2,1,0,1,JEAN LOMBARD (AVENUE),43.28896,5.43228,18,3,2
202100037786,134Â 119,A01,10,3,1,5,0,-1,-1,4,3,2,2021,6.0,1,2,0,1,3,26,1,,4,CHATEAU D'ORGEMONT RUE ET SQU,0,,-1,2,0,1,1,0,1,, -1,1,0,1,50,27,5,2021,17:52,1,49,49007,2,1,0,6,CHATEAU D'ORGEMONT RUE ET SQU,47.45105,-0.54474,17,2,1
202100026820,153Â 781,B01,1,1,1,5,8,-1,-1,-1, -1,-1,2021,82.0,1,1,0,2,1,2,5,,4,PATTON (AVENUE DU GENERAL SIR GEORGES),0,,2,2,1,1,(1),(1),3,, -1,2,0,1,50,27,7,2021,15:45,1,35,35238,2,1,1,2,PATTON (AVENUE DU GENERAL SIR GEORGES),48.13334,-1.66069,15,2,2
202100015084,174Â 744,A01,10,3,2,5,0,-1,-1,2,3,1,2021,19.0,2,1,0,1,1,7,1,,7,MARÃCHAL DE LATTRE (AVENUE),0,,2,3,3,1,0,0,1,, -1,1,0,6,50,5,10,2021,18:30,1,13,13209,2,1,0,6,MARÃCHAL DE LATTRE (AVENUE),43.24549,5.4115,18,2,1
202100042446,125Â 745,A01,1,1,1,5,0,0,-1,-1, -1,-1,2021,34.0,0,1,1,0,1,14,1,,4,BOIS DE BLEVILLE (AVENUE DU),0,,2,2,0,1,0,0,1,, -1,1,0,1,50,23,4,2021,22:25,5,76,76351,2,1,0,6,BOIS DE BLEVILLE (AVENUE DU),49.52432,0.12691,22,1,1
202100034963,139Â 206,A01,2,2,2,2,1,-1,-1,-1, -1,-1,2021,16.0,2,2,0,2,2,1,1,,4,EMILE ZOLA                          (R ),0,,2,3,0,1,(1),(1),1,, -1,1,0,1,50,11,6,2021,10:30,1,69,69275,2,1,0,3,EMILE ZOLA (R),45.76365,4.94335,10,4,2
202100037245,135Â 106,A01,1,1,1,0,8,8,-1,-1, -1,-1,2021,35.0,3,1,0,2,1,1,1,,4,AVENUE BOSSUET,0,,2,3,1,1,(1),(1),1,, -1,1,0,1,50,4,5,2021,18:40,1,38,38185,2,1,0,3,Rue Paul Helbronner,45.16597,5.73975,18,3,2
202100024336,158Â 170,A01,1,1,1,5,2,-1,-1,0,0,-1,2021,39.0,2,1,0,0,7,1,1,,3,107,-1,,2,2,0,1,49,50,1,, -1,1,0,1,80,12,8,2021,20:36,2,52,52461,1,1,0,7,D107 - Commune de ODIVAL,48.013856,5.399866,20,1,1
202100038155,133Â 450,A01,1,1,1,1,1,4,-1,-1,0,-1,2021,53.0,3,2,0,2,1,16,1,,4,SALENGRO ROGER ( BOULEVARD),0,,2,2,0,1,(1),(1),1,, -1,2,0,1,30,26,5,2021,06:30,2,95,95280,2,1,1,3,SALENGRO ROGER ( BOULEVARD),49.038022,2.467962,6,2,2
202100053487,106Â 110,A01,10,3,2,9,0,-1,-1,2,1,1,2021,61.0,1,4,0,1,2,1,1,,4,RUE DE PARADIS,0,,1,1,0,1,(1),(1),1,, -1,2,8,1,50,27,1,2021,12:15,1,75,75110,2,1,0,6,RUE DE PARADIS,48.875706,2.348723,12,2,1
202100019730,166Â 377,A01,10,3,1,5,0,-1,-1,4,3,1,2021,74.0,2,1,0,1,1,1,1,,4,BOULEVARD DE CLICHY,0,,3,2,0,1,(1),(1),1,, -1,2,0,1,30,10,9,2021,18:35,1,75,75109,2,7,1,6,BOULEVARD DE CLICHY,48.882224,2.337695,18,2,1
202100043230,124Â 385,B01,2,2,1,1,1,-1,-1,0,0,-1,2021,22.0,1,5,0,2,1,13,1,,3,1091,0,D,2,2,0,1,18,100,1,, -1,2,0,1,70,21,4,2021,08:15,1,38,38212,1,1,0,1,Route de lâOisans,45.10498,5.928304,8,3,2
202100053446,106Â 184,A01,1,1,1,5,2,0,-1,-1, -1,-1,2021,21.0,2,1,0,2,6,26,1,,3,MITTERRAND ( Ave. FranÃ§ois ),0,,2,2,0,2,51,720,2,, -1,1,0,1,50,24,1,2021,10:28,1,62,62893,2,1,0,2,MITTERRAND ( Ave. FranÃ§ois ),50.780913,1.609107,10,2,2
202100039817,130Â 406,A01,5,2,1,0,1,-1,-1,-1, -1,-1,2021,50.0,0,2,2,0,2,1,1,,4,LOUIS VICTOR DE BROGLIE,0,,2,2,0,2,(1),(1),3,, -1,2,0,3,50,15,5,2021,18:25,1,51,51058,2,1,0,7,Avenue Jean Monnet,49.21513,4.00226,18,5,1
202100033412,142Â 046,A01,4,2,2,0,1,-1,-1,0,0,-1,2021,23.0,2,2,8,2,3,26,1,,4,VICTOR-HUGO (RUE),0,,3,4,0,1,0,0,1,, -1,2,0,1,50,18,6,2021,23:40,5,14,14220,2,2,1,3,Rue Victor Hugo,49.357844,0.07104,23,6,2
202100052877,107Â 197,B01,1,1,1,0,8,0,-1,-1, -1,-1,2021,21.0,1,1,0,2,8,1,5,,4,MIRABELLE,0,,1,1,0,1,0,0,1,, -1,2,0,1,50,1,2,2021,19:05,5,64,64445,2,2,1,1,MIRABELLE,43.30693,-0.37705,19,2,2
202100010380,183Â 157,A01,1,1,1,9,1,0,-1,-1, -1,-1,2021,80.0,1,2,9,0,6,13,0,,3,7,0,,1,2,0,1,0,0,1,, -1,2,0,3,50,29,10,2021,15:40,1,92,92062,2,1,1,5,DE DION BOUTON (QUAI) DU 1 AU 28,48.880874,2.245695,15,4,4
202100010367,183Â 177,A01,4,2,1,5,1,0,-1,-1, -1,-1,2021,17.0,3,2,12,0,1,15,1,,4,FOULEURS (R DES),0,,1,1,0,2,1,0,2,, -1,1,5,1,50,28,10,2021,04:30,5,94,94048,2,4,0,6,Rue des Fouleurs,48.73074,2.55327,4,3,1
202100045532,120Â 355,A01,1,1,1,9,2,0,-1,-1, -1,-1,2021,57.0,1,1,0,2,2,2,1,,3,BADUEL (ROUTE DE),0,,2,1,0,1,2,50,1,, -1,1,0,1,50,1,4,2021,15:25,1,973,97302,2,1,0,2,BADUEL (ROUTE DE),4.93457,-52.31139,15,2,2
202100025288,156Â 457,A01,10,3,1,0,0,-1,-1,1,5,1,2021,31.0,0,5,0,1,1,26,3,,4,SARREBRUCK ( BD DE ),0,,2,4,0,1,(1),(1),1,, -1,1,0,1,50,6,8,2021,13:40,1,44,44109,2,1,0,6,SARREBRUCK ( BD DE ),47.21678,-1.51832,13,2,1
202100042361,125Â 907,Z01,10,3,2,5,8,8,-1,5,5,2,2021,4.0,1,1,0,1,1,25,3,,4,RUE RAMBUTEAU,0,,-1,0,0,1,(1),(1),1,, -1,1,6,4,50,26,4,2021,18:40,1,75,75101,2,5,0,6,RUE RAMBUTEAU,48.863195,2.346016,18,2,1
202100005213,192Â 459,B01,1,1,2,0,1,8,-1,-1, -1,-1,2021,57.0,2,2,0,2,4,2,1,,3,GENERAL DE GAULLE (RUE DU),0,,1,2,0,1,(1),(1),2,, -1,1,0,1,50,30,7,2021,19:47,1,10,10357,2,6,0,2,GENERAL DE GAULLE (RUE DU),48.2967,4.1331,19,2,2
202100037338,134Â 924,B01,1,1,1,5,2,6,-1,0,0,-1,2021,21.0,1,1,0,0,8,21,1,,3,214,0,D,2,2,0,1,9,222,1,, -1,1,0,1,80,30,5,2021,16:40,1,61,61156,1,2,1,7,D31,48.557175,0.270308,16,1,1
202100000756,200Â 360,A01,2,2,1,0,1,0,-1,-1, -1,-1,2021,37.0,3,2,0,2,1,2,1,,4,CUGNOT NICOLAS (BD),0,,3,4,0,1,0,0,1,, -1,1,0,1,70,31,12,2021,22:10,5,72,72181,2,1,0,6,CUGNOT NICOLAS (BD),47.9837796707,0.2216899393,22,4,3
202100009607,184Â 533,B01,1,1,1,5,2,6,-1,-1, -1,-1,2021,40.0,-1,1,0,2,1,26,1,,4,LECLERC (AVENUE DU GENERAL),0,,2,2,0,1,(1),(1),1,, -1,2,0,1,50,2,11,2021,18:30,5,15,15014,2,1,1,3,Avenue du GÃ©nÃ©ral Leclerc,44.911724,2.442951,18,2,2
202100005469,192Â 010,A01,1,1,1,5,2,6,-1,0,0,-1,2021,14.0,1,1,0,2,7,0,1,,3,15,-1,,2,2,1,1,(1),(1),3,, -1,1,5,1,-1,12,9,2021,10:50,1,74,74229,2,3,0,3,R des Allobroges,46.226364,6.314733,10,2,2
202100002002,198Â 213,A01,1,1,1,1,2,4,-1,-1, -1,-1,2021,56.0,3,1,0,2,1,26,1,,3,ABBAYE DU VALASSE,0,,2,1,0,1,2,814,1,, -1,1,5,1,50,20,12,2021,07:50,5,76,76329,2,9,0,1,Rue de lâAbbaye,49.5506,0.49113,7,2,2
202100033856,141Â 246,B01,3,2,2,9,1,0,-1,-1, -1,-1,2021,62.0,3,2,0,2,1,2,1,,7,RN 544,0,,2,2,0,1,0,0,1,, -1,1,0,1,80,16,6,2021,13:35,1,13,13039,1,1,0,3,RN 544,43.4341730566,4.9326777864,13,3,2
202100003467,195Â 555,A01,1,1,2,5,0,-1,-1,0,0,-1,2021,32.0,3,2,8,0,7,13,1,,4,04,-1,,2,2,0,2,(1),(1),2,, -1,2,0,3,80,12,12,2021,07:20,3,29,29184,1,1,0,6,Keranguen Bian,48.629392,-4.020709,7,1,1
202100020216,165Â 500,A01,10,3,1,0,0,-1,-1,2,3,1,2021,63.0,1,2,0,1,1,26,1,,4,BAUDIN (RUE DU DOCTEUR),0,,1,2,0,1,(1),(1),1,, -1,1,0,1,30,27,8,2021,20:27,1,28,28085,2,3,0,6,BAUDIN (RUE DU DOCTEUR),48.4523167176,1.4841411012,20,2,1
202100000025,201Â 716,A01,1,1,1,1,2,6,9,0,0,-1,2021,22.0,2,1,5,0,1,1,1,,3,435,0,,2,2,0,2,4,900,2,, -1,2,0,1,80,31,12,2021,07:30,3,7,7155,1,1,0,6,CD 435-PK 4+900,44.624301,4.348639,7,1,1
202100002049,198Â 132,B01,2,2,2,5,1,0,-1,-1, -1,-1,2021,21.0,3,2,1,0,7,0,1,,6,LUXEMBOURG (AV DU),0,,-1,0,0,1,1,0,1,, -1,1,9,1,30,19,12,2021,23:30,5,94,94073,2,9,0,3,Avenue du Luxembourg,48.75579,2.37384,23,3,2
202100020518,164Â 958,B01,1,1,1,5,2,-1,-1,-1, -1,-1,2021,18.0,0,1,0,2,1,1,1,,4,LEMARESQUIER (RUE AUGUSTIN),0,,2,2,0,1,(1),(1),1,, -1,1,0,1,50,3,9,2021,21:50,4,50,50602,2,2,0,1,LEMARESQUIER (RUE AUGUSTIN),49.64757,-1.57823,21,3,2
202100042268,126Â 077,B01,7,2,2,5,0,-1,-1,0,0,-1,2021,13.0,1,1,0,2,1,9,3,,4,,0,,2,2,0,1,(1),(1),1,, -1,1,0,1,30,28,4,2021,19:16,1,33,33003,2,3,0,3,Rue du Broustey,44.937978,-0.497212,19,3,2
202100052558,107Â 774,A01,1,1,1,9,8,-1,-1,-1, -1,-1,2021,22.0,1,1,0,2,1,1,1,,4,MADRAGUE VILLE (chemin de la),0,,2,2,0,1,(1),(1),1,, -1,1,0,1,50,3,2,2021,11:30,1,13,13215,2,1,0,3,MADRAGUE VILLE (chemin de la),43.3332239492,5.3585494608,11,2,2
202100010815,182Â 398,B01,1,1,1,1,8,-1,-1,0,0,-1,2021,25.0,1,5,0,2,1,1,1,,3,20,-1,,2,2,0,1,4,270,1,, -1,1,0,1,80,28,10,2021,07:10,3,65,65147,1,1,0,1,RD 20,43.142575,0.228251,7,2,2
202100050738,110Â 991,A01,1,1,1,0,2,8,-1,-1, -1,-1,2021,61.0,2,1,0,0,1,1,1,,3,R.D.20,0,,3,4,0,1,33,0,1,, -1,1,0,1,90,20,2,2021,14:05,1,91,91433,1,1,0,6,R.D.20,48.4589,2.17703,14,1,1
202100018050,169Â 365,A01,10,3,2,5,0,-1,-1,3,3,1,2021,70.0,2,2,0,1,2,15,1,,3,54,-1,D,2,2,0,1,6,751,2,, -1,1,6,1,30,17,9,2021,17:50,1,76,76482,2,4,0,6,Rue Jean JaurÃ¨s,49.869107,1.049044,17,2,1
202100018258,168Â 982,A01,2,2,2,4,1,-1,-1,0,0,-1,2021,25.0,2,4,0,0,8,1,1,,1,39,-1,,1,4,0,1,132,900,1,, -1,1,0,3,90,18,9,2021,10:10,1,1,1445,1,1,0,7,A39,46.349031,5.287078,10,2,1
202100002220,197Â 821,A01,1,1,1,5,8,0,-1,-1, -1,-1,2021,23.0,1,2,0,2,4,1,1,,2,RN104,0,,-1,3,0,2,3,400,1,, -1,1,0,1,90,19,12,2021,18:25,3,77,77390,1,1,0,2,RN104,48.8043928926,2.6278429314,18,2,2
202100047302,117Â 216,A01,1,1,2,5,2,-1,-1,0,0,-1,2021,51.0,1,1,12,0,1,15,1,,3,164,-1,,2,2,0,1,0,233,2,, -1,1,0,4,50,20,3,2021,16:15,1,89,89099,2,3,0,7,34 Rue Pasteur,47.952821,3.533694,16,1,1
202100013323,177Â 932,A01,10,3,2,0,0,-1,-1,4,3,1,2021,67.0,2,4,0,1,1,26,1,,3,BROSSOLETTE(AVENUE PIERRE),0,,3,4,0,1,1,0,1,, -1,1,0,1,50,13,10,2021,18:45,1,94,94028,2,2,0,6,Avenue Pierre Brossolette,48.79357,2.46127,18,2,1
202100001130,199Â 752,B01,5,2,1,5,3,-1,-1,-1, -1,-1,2021,4.0,2,2,0,2,4,2,1,,1,AUTOROUTE A 10,0,,3,6,0,1,535,500,1,, -1,1,0,1,130,29,12,2021,20:40,5,33,33487,1,9,0,2,AUTOROUTE A 10,44.943165,-0.465968,20,6,2
202100030856,146Â 606,A01,1,1,1,5,2,0,-1,0,0,-1,2021,74.0,1,1,0,2,6,10,5,,4,ALLEE DE LA REINE MARGUERITE,0,,2,2,0,1,(1),(1),1,, -1,2,0,1,50,4,7,2021,14:30,1,75,75116,2,1,1,3,ALLEE DE LA REINE MARGUERITE,48.863182,2.247933,14,2,2
202100022146,162Â 051,B01,1,1,2,5,1,-1,-1,0,0,-1,2021,83.0,2,2,0,2,3,15,1,,3,114,0,D,2,2,0,2,18,915,2,, -1,1,5,1,80,28,8,2021,18:40,1,56,56001,1,3,0,3,Kerfouesnel,47.634361,-2.146693,18,3,2
202100029609,148Â 859,A01,2,2,1,5,2,0,-1,-1, -1,-1,2021,19.0,2,1,5,0,1,1,1,,4,PORT (QUAI DU),0,,2,4,3,1,0,0,1,, -1,1,5,1,50,10,7,2021,02:30,5,13,13202,2,2,0,1,PORT (QUAI DU),43.29538,5.3646,2,2,1
202100021456,163Â 293,A01,2,2,1,4,1,0,-1,-1, -1,-1,2021,48.0,3,2,6,2,7,1,1,,4,BERANGER (BOULEVARD),0,,3,4,3,1,(1),(1),1,, -1,1,5,1,50,31,8,2021,19:45,1,37,37261,2,2,0,3,BERANGER (BOULEVARD),47.3900263648,0.6864394908,19,3,2
202100056476,100Â 951,A01,10,3,2,3,0,-1,-1,3,3,2,2021,66.0,3,2,0,1,3,1,1,,4,Boulevard Alexandra David-Neel,-1,,2,2,0,1,(1),(1),1,, -1,1,6,1,50,2,1,2021,16:45,1,29,29233,2,2,0,6,Boulevard Alexandra David-Neel,47.867673,-3.574379,16,2,1
202100025537,156Â 026,B01,1,1,2,1,1,-1,-1,0,0,-1,2021,34.0,1,2,7,2,1,1,1,,3,RD70,0,,2,2,0,1,20,871,1,, -1,2,0,1,80,5,8,2021,09:30,1,85,85179,1,2,1,3,D70,46.51418,-1.542099,9,2,2
202100021173,163Â 819,A01,2,2,2,0,1,-1,-1,0,0,-1,2021,33.0,1,2,0,2,1,19,1,,3,973,-1,,2,1,0,1,45,690,1,,3,1,0,1,80,4,9,2021,12:21,1,84,84147,1,2,0,5,departementale 973,43.710921,5.419232,12,4,3
202100030654,146Â 963,A01,2,2,2,0,1,-1,-1,0,0,-1,2021,46.0,1,2,3,2,2,0,1,,1,320,-1,,1,4,0,2,4,450,3,, -1,2,2,8,110,5,7,2021,14:30,1,57,57596,1,1,0,3,A320,49.162638,6.859031,14,3,2
202100039245,131Â 460,A01,1,1,1,1,2,6,-1,-1, -1,-1,2021,51.0,2,1,0,2,0,3,1,,1,A4,0,,3,10,0,1,3,400,1,, -1,1,0,1,90,20,5,2021,08:50,1,94,94069,1,1,0,7,A4,48.81758,2.43505,8,2,2
202100051953,108Â 842,B01,1,1,1,0,1,-1,-1,0,0,-1,2021,63.0,2,2,0,2,3,1,1,,3,980,0,D,2,2,0,1,24,637,1,, -1,1,0,1,80,11,2,2021,07:37,2,51,51479,1,1,0,1,D980,49.203931,3.89081,7,2,2
202100024551,157Â 776,A01,2,2,2,9,1,0,-1,0,0,-1,2021,22.0,1,2,0,2,2,1,1,,4,AVENUE DE LA GRANDE ARMEE,0,,2,8,0,2,(1),(1),1,, -1,1,0,1,50,10,8,2021,00:02,5,75,75117,2,4,0,3,AVENUE DE LA GRANDE ARMEE,48.876909,2.285416,0,3,2
202100030044,148Â 083,B01,2,2,2,0,1,0,-1,-1, -1,-1,2021,15.0,1,2,0,2,4,0,1,,3,COUBRON (ALLEE DE),0,,2,2,0,1,0,1,1,, -1,1,0,1,50,8,7,2021,17:00,1,93,93014,2,3,0,4,AllÃ©e de Coubron / AllÃ©e Veuve Lindet Girard,48.91258,2.5517,17,4,3
202100004776,193Â 242,A01,2,2,1,5,1,-1,-1,-1, -1,-1,2021,22.0,2,2,0,2,1,13,1,,3,DOUARNENEZ ROUTE DE,0,,2,2,0,1,59,400,1,, -1,2,0,1,70,4,12,2021,10:42,1,29,29232,1,6,0,1,Route de Douarnenez,48.0018206,-4.157584905,10,4,2
202100031921,144Â 690,B01,1,1,1,0,2,6,-1,-1, -1,-1,2021,40.0,1,1,0,2,1,1,1,,3,GALLIENI (BD) (1 A 79 ET 22 A 102),0,,2,0,0,1,0,0,1,, -1,1,0,1,50,28,6,2021,15:29,1,92,92078,2,2,0,3,GALLIENI (BD) (1 A 79 ET 22 A 102),48.9249254458,2.3254644871,15,2,2
202100047585,116Â 705,A01,4,2,2,9,1,0,-1,-1, -1,-1,2021,17.0,1,2,0,2,4,1,1,,1,A50-Sens Marseille vers Aubagne,0,,3,3,0,1,12,850,1,, -1,1,0,1,90,17,3,2021,18:22,2,13,13005,1,1,0,2,A50-Sens Marseille vers Aubagne,43.28609,5.53364,18,4,2
202100026132,154Â 982,B01,1,1,2,5,2,-1,-1,-1, -1,-1,2021,64.0,1,1,0,2,3,0,5,,3,ALSACE LORRAINE,0,,1,2,0,1,(1),(1),1,, -1,1,0,1,50,29,7,2021,15:10,1,50,50502,2,1,0,3,ALSACE LORRAINE,49.11463,-1.09876,15,2,2
202100025770,155Â 623,B01,1,1,1,5,8,0,-1,0,0,-1,2021,34.0,2,1,0,2,1,1,5,,4,AVENUE DU GENERAL MICHEL BIZOT,0,,2,2,0,1,(1),(1),1,, -1,1,0,1,50,3,8,2021,18:20,1,75,75112,2,1,0,3,AVENUE DU GENERAL MICHEL BIZOT,48.835687,2.402195,18,2,2
202100028053,151Â 568,B01,1,1,1,1,2,6,-1,0,0,-1,2021,20.0,2,1,0,2,8,17,1,,3,603,-1,,2,2,3,2,75,62,1,, -1,1,0,1,50,20,7,2021,16:40,1,57,57484,2,1,0,3,96 rue Nationale,49.171162,6.873633,16,2,2
202100049010,114Â 152,A01,3,2,2,5,0,-1,-1,0,0,-1,2021,19.0,2,2,8,0,1,1,1,,3,82,0,,2,2,0,4,7,500,2,, -1,1,0,4,50,7,3,2021,00:55,5,7,7234,2,1,0,6,,45.247883,4.781979,0,4,1
202100031640,145Â 198,A01,1,1,1,1,2,6,-1,0,0,-1,2021,44.0,1,1,0,2,1,17,1,,3,31,-1,,2,2,0,1,6,135,1,, -1,1,0,1,70,29,6,2021,07:50,1,66,66021,1,4,0,3,D31,42.731907,2.952136,7,2,2
202100018399,168Â 738,B01,1,1,1,5,8,0,-1,0,0,-1,2021,26.0,1,1,0,0,5,1,5,,4,AVENUE DE CLICHY,0,,2,2,1,1,(1),(1),1,, -1,1,0,5,30,17,9,2021,20:30,5,75,75117,2,3,0,3,AVENUE DE CLICHY,48.884537,2.326983,20,2,2
202100011513,181Â 143,B01,3,2,1,0,1,0,-1,-1, -1,-1,2021,1.0,2,2,0,2,4,1,1,,1,13,0,,1,3,0,1,7,900,1,, -1,1,0,1,110,23,10,2021,12:45,1,92,92047,1,1,0,2,A13,48.8331791707,2.1600237106,12,8,2
202100000183,201Â 416,A01,1,1,1,5,2,-1,-1,0,0,-1,2021,30.0,2,1,14,0,1,1,1,,3,201,-1,,2,2,2,1,3,90,1,, -1,1,-1,1,70,23,8,2021,18:40,1,73,73213,1,1,0,6,D201 Rte d Apremont,45.550811,5.95609,18,1,1
202100053656,105Â 824,A01,1,1,1,1,2,6,9,0,0,-1,2021,62.0,2,1,0,6,1,1,1,,3,964,0,,2,2,0,1,3,390,1,, -1,1,0,1,80,26,1,2021,19:22,3,82,82037,1,1,0,6,D964,44.138765,1.5676,19,1,1
202100014485,175Â 817,A01,1,1,2,5,8,-1,-1,0,0,-1,2021,65.0,2,2,13,2,3,1,1,,3,D2144,-1,,2,2,0,1,36,400,3,, -1,1,0,1,90,8,10,2021,16:35,1,3,3193,1,1,0,3,D2144 PK 036+400,46.50289,2.628731,16,2,2
202100003529,195Â 435,A01,1,1,1,5,8,0,-1,-1, -1,-1,2021,29.0,2,1,0,2,2,1,5,,3,VAUBAN (AVENUE),0,,1,1,1,1,0,170,1,, -1,1,5,5,30,26,9,2021,12:50,1,89,89387,2,2,0,3,Avenue Vauban,48.19793,3.27095,12,2,2
202100026280,154Â 722,C01,1,1,2,3,1,-1,-1,0,0,-1,2021,51.0,1,2,0,2,4,2,1,,2,JAURES (AVE JEAN),0,,2,2,0,1,18,914,1,, -1,1,0,1,50,30,7,2021,13:50,1,65,65047,2,1,0,4,JAURES (AVE JEAN),43.243532,0.095815,13,4,3
202100049091,114Â 007,B01,1,1,1,0,8,-1,-1,0,0,-1,2021,16.0,1,1,1,2,1,1,1,,4,ZOLA RUE EMILE,0,,2,2,0,1,(1),(1),1,, -1,1,0,1,50,4,3,2021,08:00,2,42,42186,2,4,0,5,Rue Emile Zola,45.5330894524,4.6272284389,8,3,3
202100005562,191Â 856,A01,10,3,1,0,0,-1,-1,2,5,1,2021,40.0,1,5,0,1,2,1,1,,3,GAGNY (ALLEE DE),0,,2,2,0,1,0,1,1,, -1,2,0,1,30,30,11,2021,07:55,2,93,93014,2,1,0,6,GAGNY (ALLEE DE),48.90979,2.54977,7,2,1
202100047476,116Â 902,A01,10,3,1,3,0,-1,-1,1,3,1,2021,37.0,1,2,0,1,3,1,1,,3,CD 125,0,,3,2,0,1,3,125,1,, -1,1,0,1,50,18,3,2021,16:03,1,95,95539,2,6,0,6,RD 125,48.9913,2.36191,16,3,1
202100049520,113Â 238,A01,1,1,1,5,2,6,-1,0,0,-1,2021,20.0,1,1,8,0,1,12,1,,4,BOULEVARD PERIPHERIQUE INTERIEUR OUEST,0,,1,4,0,1,(1),(1),3,, -1,2,1,1,70,2,3,2021,14:30,1,75,75116,2,4,0,6,BOULEVARD PERIPHERIQUE INTERIEUR OUEST,48.835182,2.260879,14,1,1
202100023503,159Â 622,A01,1,1,1,5,2,6,9,0,0,-1,2021,42.0,1,1,0,6,1,21,1,,2,20,-1,,2,2,0,2,69,410,4,, -1,1,0,1,80,27,6,2021,16:20,1,9,9131,1,1,0,4,RN 20,42.767801,1.742685,16,6,3
202100010965,182Â 124,B01,2,2,1,5,1,-1,-1,0,0,-1,2021,74.0,1,2,16,2,3,1,1,,3,1120,0,D,2,2,0,1,27,80,1,, -1,1,0,1,90,14,10,2021,17:50,1,19,19192,1,1,0,5,Echaunie,45.111308,1.913815,17,4,3
202100008935,185Â 748,B01,1,1,1,1,0,0,-1,-1, -1,-1,2021,17.0,2,1,0,2,8,26,1,,4,RUE ROBERT SCHUMAN,0,,2,2,0,1,0,0,1,, -1,1,0,1,50,6,11,2021,17:30,2,77,77350,2,1,0,3,11 Rue Robert Schuman,48.7653778774,2.6869316234,17,2,2
202100024082,158Â 611,A01,1,1,1,5,8,-1,-1,0,0,-1,2021,49.0,1,2,4,0,2,0,1,,2,3,-1,,3,4,0,2,11,500,1,, -1,1,0,1,110,16,8,2021,15:00,1,77,77196,1,1,0,7,N3 PK 11+500 sens Paris-Meaux,48.948538,2.751737,15,1,1
202100018327,168Â 865,A01,2,2,1,5,1,0,-1,-1, -1,-1,2021,17.0,1,2,12,0,1,9,1,,3,GAULLE (AV CHARLES DE),0,,2,2,0,1,2,910,1,, -1,2,0,4,50,17,9,2021,22:00,5,64,64140,2,1,0,7,Avenue Charles de Gaulle,43.527923617,-1.4688198341,22,2,1
202100052620,107Â 667,B01,2,2,1,5,1,-1,-1,0,0,-1,2021,72.0,2,2,0,0,3,14,1,,3,939,0,,2,2,0,1,4,967,1,, -1,2,0,1,80,5,2,2021,15:10,1,17,17202,1,1,1,1,D939,45.983641,-0.585837,15,3,2
202100045211,120Â 919,B01,1,1,1,5,8,-1,-1,-1, -1,-1,2021,28.0,3,1,0,2,7,19,3,,4,SMITH                               (R ),0,,1,1,2,1,(1),(1),1,, -1,1,0,6,50,3,4,2021,16:20,1,69,69382,2,2,0,3,SMITH (R),45.7421391734,4.82185887,16,2,2