Num_Acc,id_vehicule,num_veh,place,catu,sexe,trajet,secu1,secu2,secu3,locp,actp,etatp,year_acc,victim_age,senc,catv,obs,obsm,choc,manv,motor,occutc,catr,voie,v1,v2,circ,nbv,vosp,prof,pr,pr1,plan,lartpc,larrout,surf,infra,situ,vma,jour,mois,an,hrmn,lum,dep,com,agg_,int,atm,col,adr,lat,long,hour,nb_victim,nb_vehicules
202100048817,114Â 506,A01,10,3,1,5,0,-1,-1,0,5,3,2021,3.0,3,1,0,1,1,1,1,,9,PLACE,-1,,2,1,0,1,(1),(1),1,, -1,1,0,1,50,8,3,2021,17:55,2,84,84009,2,7,0,1,Place de la rÃ©publique,43.784418,5.633106,17,2,1
202100012093,180Â 100,A01,1,1,1,0,0,-1,-1,0,0,-1,2021,27.0,2,2,4,0,9,1,1,,3,907,-1,,2,2,0,1,26,400,2,, -1,1,0,1,80,21,10,2021,18:00,1,74,74183,1,1,0,6,D907,46.111032,6.557438,18,1,1
202100000128,201Â 524,A01,2,2,1,5,1,0,-1,-1, -1,-1,2021,20.0,3,2,0,0,1,19,1,,2,RN 1569 LA TRANSHUMANCE,0,,2,1,0,1,1,0,3,, -1,1,9,1,80,23,10,2021,05:10,3,13,13063,1,1,0,7,RN 1569 LA TRANSHUMANCE,43.58832,4.98943,5,2,1
202100010094,183Â 663,B01,2,2,2,0,1,-1,-1,0,0,-1,2021,48.0,0,2,0,2,9,1,1,,3,36,0,A,2,2,0,1,20,200,1,, -1,2,0,1,70,31,10,2021,19:10,3,38,38553,2,1,1,5,Route de Vienne,45.610038,5.156316,19,5,3
202100032558,143Â 572,B01,1,1,1,5,1,-1,-1,0,0,-1,2021,76.0,3,2,8,2,7,19,1,,3,117,-1,,2,2,0,1,2,250,1,,"5,5",1,0,1,80,22,6,2021,16:00,1,79,79127,1,2,0,3,Route du ChÃ¢teau dâEau,46.198009,-0.492287,16,2,2
202100051920,108Â 898,A01,10,3,1,4,0,-1,-1,2,3,1,2021,70.0,2,5,0,1,1,1,1,,4,RUE DE BAGNOLET,0,,2,2,0,1,(1),(1),1,, -1,1,0,1,50,9,2,2021,16:50,1,75,75120,2,1,0,6,RUE DE BAGNOLET,48.8635849332,2.407534761,16,2,1
202100003965,194Â 659,B01,1,1,1,5,8,-1,-1,-1, -1,-1,2021,29.0,1,1,0,2,0,0,0,,4,FELIX FAURE                         (AV),0,,1,2,2,1,(1),(1),1,, -1,2,0,1,50,7,12,2021,23:40,5,69,69387,2,2,1,3,FELIX FAURE (AV),45.75214,4.84719,23,2,2
202100009983,183Â 857,B01,1,1,1,5,1,-1,-1,0,0,-1,2021,27.0,1,2,0,2,1,1,1,,3,1330,-1,,2,3,0,2,0,200,1,, -1,1,0,1,90,1,11,2021,10:30,1,60,60612,1,1,0,2,D1330,49.2116174571,2.6071688775,10,2,2
202100042337,125Â 947,A01,1,1,1,1,8,0,-1,-1, -1,-1,2021,25.0,0,1,0,-1,1,15,3,,4,MITTERAND (RUE FRANCOIS),0,,2,2,3,1,0,0,1,, -1,1,5,6,50,26,4,2021,15:10,1,6,6088,2,1,0,3,MITTERAND (RUE FRANCOIS),43.70987,7.28782,15,3,2
202100034422,140Â 202,B01,1,1,1,4,2,6,-1,-1, -1,-1,2021,48.0,1,1,0,2,2,3,1,,1,A4,0,,3,8,0,1,12,0,1,, -1,1,0,1,110,15,6,2021,07:10,1,94,94079,1,1,0,6,A4,48.8354458972,2.5387118132,7,2,2
202100051965,108Â 820,B01,1,1,1,9,2,6,-1,0,0,-1,2021,15.0,2,1,0,2,0,1,1,,3,675,0,D,2,2,0,1,35,20,1,, -1,1,0,1,70,11,2,2021,07:50,2,27,27656,2,3,0,3,Route de la VallÃ©e de la Masse,49.357591,0.481744,7,2,2
202100051676,109Â 325,A01,10,3,2,3,0,-1,-1,9,9,1,2021,38.0,3,2,0,1,1,1,1,,6,BOUGAINVILLE (RUE),0,,-1,0,0,1,(1),(1),1,, -1,1,0,1,30,12,2,2021,09:00,1,41,41018,2,1,0,6,BOUGAINVILLE (RUE),47.59572,1.30049,9,2,1
202100030912,146Â 505,A01,10,3,2,0,0,-1,-1,3,3,1,2021,38.0,3,2,0,1,2,0,1,,3,,-1,,1,1,-1,1,3,849,1,, -1,1,-1,1,-1,5,7,2021,17:20,1,6,6079,2,3,0,6,791 Avenue de Frejus Paul Ricard,43.533633,6.931684,17,2,1
202100015640,173Â 716,A01,2,2,1,5,2,0,-1,0,0,-1,2021,28.0,1,1,0,2,7,1,3,,4,RUE DE JAVEL,0,,1,2,0,1,(1),(1),1,, -1,1,0,1,30,1,10,2021,06:00,5,75,75115,2,2,0,3,RUE DE JAVEL,48.842089,2.290388,6,3,2
202100027465,152Â 635,A01,1,1,1,5,2,6,-1,0,0,-1,2021,29.0,2,1,0,2,1,17,1,,3,559,0,,2,2,0,1,90,1170,1,, -1,1,0,1,70,23,7,2021,23:15,5,83,83068,1,1,0,1,Route du Littoral,43.272354,6.573794,23,2,2
202100015303,174Â 357,A01,1,1,1,1,2,6,-1,-1, -1,-1,2021,47.0,2,1,0,2,7,3,1,,1,A86,0,,1,2,0,1,2,799,1,, -1,1,0,1,90,4,10,2021,17:50,1,92,92025,1,1,0,3,A86,48.9217509309,2.2261054261,17,2,2
202100005036,192Â 785,A01,1,1,1,5,1,-1,-1,-1,0,-1,2021,27.0,2,2,0,2,1,21,1,,3,JARDIN RENARD     RUE DU,0,,2,2,0,1,0,350,1,, -1,1,0,1,50,13,11,2021,12:49,1,95,95598,2,1,0,5,JARDIN RENARD     RUE DU,48.99048,2.29658,12,3,3
202100042131,126Â 318,A01,10,3,2,3,0,-1,-1,5,0,1,2021,64.0,3,5,0,1,6,4,1,,6,,-1,,-1,-1,0,1,(1),(1),1,, -1,1,0,1,50,26,3,2021,09:45,1,33,33165,2,1,0,6,AllÃ©e du Hameau Saint Hilaire,44.824325,-0.444582,9,2,1
202100018257,168Â 984,B01,7,2,2,0,8,-1,-1,0,0,-1,2021,57.0,1,2,0,2,3,1,1,,1,77,0,,2,2,0,2,9,550,1,, -1,1,0,1,90,18,9,2021,20:00,3,77,77099,1,1,0,1,A77 PK009+550,48.143411,2.743406,20,5,2
202100034489,140Â 078,A01,2,2,2,5,2,6,-1,0,0,-1,2021,16.0,2,1,12,0,1,1,1,,4,784,-1,,2,2,0,2,31,200,2,, -1,1,0,4,50,14,6,2021,21:15,1,29,29197,2,1,0,6,Rue de LocquÃ©ran,48.022779,-4.533851,21,2,1
202100004464,193Â 787,A01,1,1,1,5,2,6,-1,0,0,-1,2021,58.0,1,1,0,0,9,1,1,,3,17,0,D,2,2,0,2,22,18,1,, -1,5,0,1,90,6,12,2021,13:10,1,5,5139,1,1,0,7,D17,44.700904,5.928133,13,2,1
202100011558,181Â 062,A01,1,1,1,5,2,0,-1,-1, -1,-1,2021,22.0,1,1,8,0,1,14,3,,7,ROMAINS (ROUTE DES),0,,2,2,1,1,(1),(1),1,, -1,1,9,1,50,21,10,2021,23:00,5,67,67482,2,1,0,6,ROMAINS (ROUTE DES),48.58063,7.72295,23,1,1
202100050926,110Â 647,A01,1,1,1,1,8,0,-1,0,0,-1,2021,37.0,2,1,0,2,1,1,3,,4,RUE DE MENILMONTANT,0,,1,1,0,1,(1),(1),1,, -1,1,0,1,30,19,2,2021,12:50,1,75,75120,2,2,0,3,RUE DE MENILMONTANT,48.869207,2.391929,12,2,2
202100035442,138Â 360,A01,1,1,1,1,2,0,-1,-1, -1,-1,2021,26.0,2,1,0,2,1,1,1,,1,A4.W,0,,3,4,0,1,20,799,1,, -1,1,0,1,110,10,6,2021,09:25,1,77,77258,1,1,0,2,A4.W,48.832427363,2.6556385073,9,2,2
202100034469,140Â 112,B01,1,1,1,5,8,-1,-1,0,0,-1,2021,57.0,1,1,0,2,7,17,1,,3,CD939,-1,,2,4,0,1,132,400,1,, -1,1,9,1,80,13,6,2021,17:30,1,62,62282,1,1,0,3,CD939,50.387494,2.174907,17,2,2
202100053721,105Â 709,B01,1,1,1,9,2,0,-1,-1, -1,-1,2021,28.0,1,1,0,2,1,1,1,,4,INDUSTRIE (AVENUE DE L'),0,,2,2,0,1,0,0,1,, -1,1,0,1,50,24,1,2021,17:25,1,66,66136,2,1,0,1,INDUSTRIE (AVENUE DE L'),42.72883,2.89644,17,2,2
202100000404,200Â 981,Z01,10,3,1,5,8,8,-1,0,2,2,2021,14.0,3,2,0,0,0,0,0,,7,COLLET ROUGE ( CHEMIN DU ),0,,2,2,0,2,0,0,2,, -1,1,0,1,50,20,3,2021,18:00,2,13,13071,1,1,0,3,COLLET ROUGE ( CHEMIN DU ),43.41016,5.36512,18,3,2
202100038811,132Â 241,B01,1,1,1,5,2,-1,-1,0,0,-1,2021,73.0,1,1,0,0,4,1,5,,3,8,0,D,2,1,0,1,14,560,1,, -1,1,0,1,80,23,5,2021,10:25,1,51,51571,1,1,0,2,D8,49.1911485098,4.196418487,10,2,2
202100051884,108Â 957,B01,1,1,2,1,2,6,-1,-1, -1,-1,2021,55.0,1,1,0,2,1,1,1,,4,GIFFARD (RUE HENRI),0,,2,3,3,1,0,0,1,, -1,1,0,1,50,9,2,2021,08:02,1,87,87085,2,1,0,3,GIFFARD (RUE HENRI),45.875047,1.266165,8,2,2
202100034782,139Â 539,A01,1,1,1,9,2,6,-1,0,0,-1,2021,53.0,1,1,0,2,2,17,1,,4,RUE D ALESIA,0,,2,3,0,1,(1),(1),1,, -1,1,0,1,50,12,6,2021,11:30,1,75,75114,2,3,0,3,RUE D ALESIA,48.830378,2.31967,11,2,2
202100006746,189Â 724,A01,1,1,1,5,0,-1,-1,0,0,-1,2021,16.0,2,1,0,2,1,5,5,,4,381,0,,2,2,0,2,381,(1),2,, -1,1,0,1,50,24,11,2021,21:00,5,974,97422,2,1,0,1,381 Chemin Champcourt,-21.26481,55.504684,21,2,2
202100037866,133Â 976,A01,1,1,2,0,1,0,-1,-1, -1,-1,2021,26.0,1,2,0,2,1,15,1,,3,BREMENT (RUE DE) 109 A 235 - 110 A ...,0,,-1,2,0,1,0,1,1,, -1,1,0,1,50,27,5,2021,23:05,5,93,93053,2,9,0,3,Rue de BrÃ©ment,48.88676,2.47034,23,2,2
202100043540,123Â 836,A01,4,2,1,0,1,0,-1,0,0,-1,2021,23.0,1,2,0,2,1,13,1,,7,SAINT MAURICE (ROUTE DE),0,,2,1,0,2,17,800,3,, -1,1,0,1,80,18,4,2021,14:30,1,42,42031,1,1,0,3,Route de Saint-Maurice,45.40686,4.23717,14,6,2
202100053077,106Â 850,A01,1,1,1,9,1,0,-1,0,0,-1,2021,36.0,1,2,1,0,2,14,1,,4,AVENUE DE LA PORTE DE MONTMARTRE,0,,2,2,0,1,(1),(1),1,, -1,2,0,1,50,30,1,2021,12:40,1,75,75118,2,2,1,6,AVENUE DE LA PORTE DE MONTMARTRE,48.897797,2.337435,12,1,1
202100055310,102Â 963,A01,1,1,2,1,1,0,-1,-1, -1,-1,2021,21.0,1,2,8,0,1,1,1,,4,,0,,2,2,0,1,0,0,3,, -1,8,0,3,70,11,1,2021,17:05,1,49,49328,1,1,0,7,TRESOR (ROUTE DU),47.2628541979,-0.117174983,17,1,1
202100056364,101Â 152,D01,9,2,2,5,1,-1,-1,0,0,-1,2021,13.0,1,2,3,2,2,1,1,,1,63,0,A,3,3,0,1,115,200,2,, -1,7,0,1,110,3,1,2021,18:45,3,40,40075,1,1,1,4,Autoroute A63 PK 115+200 sens BORDEAUX/BAYONNE,43.880924,-1.13113,18,11,5
202100002934,196Â 526,A01,1,1,2,5,2,0,-1,0,0,-1,2021,21.0,2,1,0,2,1,21,1,,4,BRIAND (AVENUE ARISTIDE),0,,1,1,2,1,(1),(1),1,, -1,1,0,5,30,14,12,2021,19:15,5,35,35238,2,1,0,2,BRIAND (AVENUE ARISTIDE),48.1102441874,-1.6673630476,19,2,2
202100037030,135Â 510,A01,1,1,1,1,1,0,-1,-1, -1,-1,2021,59.0,3,2,0,2,1,2,1,,3,LYON (ROUTE DE),0,,2,1,0,1,56,50,1,, -1,1,0,1,80,1,6,2021,17:20,1,7,7316,1,1,0,2,LYON (ROUTE DE),44.90954,4.85397,17,3,2
202100052028,108Â 712,B01,1,1,1,0,8,0,-1,-1, -1,-1,2021,14.0,3,1,0,2,0,0,0,,4,VAURANNE BOULEVARD DE,0,,-1,2,0,1,(1),(1),1,, -1,1,0,1,50,9,2,2021,07:40,1,13,13047,2,9,0,3,VAURANNE BOULEVARD DE,43.5104,4.98491,7,3,2
202100033963,141Â 056,B01,1,1,1,9,2,6,-1,0,0,-1,2021,23.0,2,1,0,2,3,1,1,,3,60,0,D,2,2,0,1,0,800,2,, -1,2,0,1,50,17,6,2021,18:00,1,42,42299,2,1,1,5,Rue de Feurs,45.614045,4.077258,18,3,3
202100045174,120Â 985,A01,1,1,1,5,2,6,-1,0,0,-1,2021,50.0,3,1,3,0,7,1,1,,4,3,-1,,2,2,0,2,(1),(1),3,, -1,1,2,1,70,4,4,2021,10:30,1,39,39361,1,1,0,6,,47.236719,5.529814,10,1,1
202100049778,112Â 765,A01,1,1,1,1,2,8,-1,0,0,-1,2021,39.0,2,1,0,0,0,1,3,,4,AVENUE DE L OPERA,0,,2,4,3,1,(1),(1),1,, -1,1,0,1,50,27,2,2021,18:15,1,75,75101,2,4,0,7,AVENUE DE L OPERA,48.86496,2.334757,18,1,1
202100053458,106Â 165,A01,1,1,1,2,2,0,-1,-1, -1,-1,2021,13.0,3,1,0,2,7,15,5,,4,EIFFEL (AVENUE GUSTAVE),0,,2,4,1,1,(1),(1),1,, -1,2,5,1,50,27,1,2021,07:47,5,37,37261,2,2,1,6,EIFFEL (AVENUE GUSTAVE),47.4356261967,0.6985006034,7,4,2
202100007195,188Â 894,B01,1,1,1,0,1,-1,-1,-1, -1,-1,2021,74.0,0,2,1,2,6,1,1,,4,GREUZE    (Rue),0,,2,2,0,1,(1),(1),1,, -1,1,0,1,50,19,11,2021,08:10,2,69,69266,2,2,0,3,GREUZE (R),45.7711512981,4.8936635167,8,3,2
202100005020,192Â 812,A01,1,1,2,9,1,-1,-1,0,0,-1,2021,52.0,1,2,0,2,1,13,1,,2,ABADIE (Avenue FranÃ§ois),0,,2,3,0,1,38,357,1,, -1,1,0,1,50,16,8,2021,10:07,1,65,65286,2,1,0,1,ABADIE (Avenue FranÃ§ois),43.11253,-0.03557,10,2,2
202100046056,119Â 429,C01,2,2,2,1,1,4,-1,-1, -1,-1,2021,56.0,2,2,0,2,4,2,1,,1,A4,0,,1,3,0,1,13,699,1,, -1,1,0,1,110,30,3,2021,08:00,1,93,93051,1,1,0,5,A4,48.8359,2.5629,8,5,4
202100007616,188Â 132,A01,10,3,2,2,8,8,-1,3,3,3,2021,6.0,1,2,0,1,1,21,1,,4,JANIN JULES (BD) JUSQU'AUX NÃ¸ 27-32,0,,2,4,0,1,(1),(1),1,, -1,2,0,8,50,16,11,2021,16:50,2,42,42218,2,1,1,6,Boulevard Jules Janin,45.44862,4.39038,16,3,1
202100006317,190Â 494,B01,1,1,1,4,2,6,-1,-1, -1,-1,2021,27.0,3,1,3,2,2,1,1,,4,,0,,2,0,0,1,0,0,1,, -1,2,0,1,30,25,11,2021,20:30,5,92,92023,2,1,1,3,CONDORCET (RUE),48.8102389764,2.2679713368,20,2,2
202100041458,127Â 502,B01,1,1,2,4,1,-1,-1,0,0,-1,2021,40.0,2,2,6,2,3,13,1,,3,417,0,,2,2,0,2,(1),(1),3,,4,2,0,1,50,4,5,2021,15:10,1,52,52208,2,2,1,1,D417,47.940842,5.834979,15,3,2
202100010649,182Â 702,A01,2,2,2,5,1,-1,-1,0,0,-1,2021,20.0,2,2,0,2,7,15,1,,3,773,0,D,2,2,0,1,28,451,1,, -1,1,0,1,70,28,10,2021,16:55,1,44,44052,1,2,0,3,D773,47.37703,-2.097466,16,3,2
202100054500,104Â 355,A01,1,1,1,3,0,-1,-1,0,0,-1,2021,71.0,1,1,0,2,7,19,5,,3,415,-1,,2,2,0,1,14,400,1,, -1,2,9,1,50,20,1,2021,17:35,5,88,88181,2,3,0,3,Rue du General Ingold,48.183178,7.003226,17,2,2
202100032656,143Â 394,A01,1,1,2,4,1,8,-1,-1, -1,-1,2021,51.0,1,2,0,2,1,19,1,,3,AVENUE Pierre MENDES FRANCE,0,,3,4,0,1,7,136,1,, -1,1,5,1,80,23,6,2021,19:30,1,71,71076,1,2,0,3,Avenue Pierre Mendes France,46.77491,4.83683,19,3,2
202100039613,130Â 783,A01,1,1,1,9,2,0,-1,0,0,-1,2021,35.0,1,1,0,0,3,1,1,,4,BOULEVARD DE SEBASTOPOL,0,,2,5,0,1,(1),(1),1,, -1,2,0,1,50,16,5,2021,14:50,1,75,75103,2,2,0,7,BOULEVARD DE SEBASTOPOL,48.866239,2.352527,14,1,1
202100012478,179Â 403,B01,2,2,2,9,1,0,-1,0,0,-1,2021,44.0,2,5,0,2,1,23,1,,4,RUE DU MAROC,0,,2,2,0,1,(1),(1),1,, -1,1,0,1,30,18,10,2021,16:10,1,75,75119,2,3,0,2,RUE DU MAROC,48.885806,2.370665,16,4,2
202100045327,120Â 712,A01,1,1,1,0,1,-1,-1,0,0,-1,2021,54.0,1,2,8,0,0,1,1,,3,1089,0,,2,2,0,1,16,600,1,, -1,1,0,1,80,3,4,2021,21:10,3,33,33393,1,6,0,7,,44.980266,-0.149056,21,1,1
202100040545,129Â 137,B01,1,1,2,1,1,-1,-1,0,0,-1,2021,25.0,1,5,0,2,1,0,1,,3,2,-1,,2,2,0,1,53,800,1,, -1,2,0,1,80,10,5,2021,19:50,2,58,58227,1,1,1,1,Route de Saint Fargeau,47.581896,3.078403,19,2,2
202100035170,138Â 843,A01,1,1,1,0,8,-1,-1,0,0,-1,2021,52.0,3,2,0,2,3,13,1,,4,10,0,S,2,1,0,2,(1),(1),3,, -1,1,0,1,80,12,6,2021,19:45,1,42,42272,1,1,1,1,Route de ChÃ©zenas,45.3751722659,4.7440978512,19,2,2
202100030024,148Â 122,A01,1,1,1,9,8,0,-1,0,0,-1,2021,31.0,1,1,0,2,3,1,5,,4,AVENUE DE MARIGNY,0,,2,2,0,1,(1),(1),1,, -1,1,0,1,50,8,7,2021,15:15,1,75,75108,2,2,0,3,AVENUE DE MARIGNY,48.869032,2.31476,15,2,2
202100038713,132Â 436,B01,1,1,1,5,0,-1,-1,0,0,-1,2021,17.0,3,1,0,2,5,1,5,,3,938,3,,2,2,1,1,24,1,1,, -1,1,5,1,50,23,5,2021,18:35,1,79,79049,2,6,0,3,Boulevard de Thouars,46.853236,-0.456126,18,2,2
202100024643,157Â 613,B01,1,1,1,0,0,0,0,-1, -1,-1,2021,17.0,0,1,0,2,0,0,5,,9,PARVIS (LE),0,,-1,0,0,1,0,0,1,, -1,1,0,8,20,10,8,2021,23:00,5,92,92062,2,9,0,1,PARVIS (LE),48.891829,2.237806,23,2,2
202100056474,100Â 955,B01,2,2,1,5,2,-1,-1,0,0,-1,2021,19.0,2,1,0,2,1,1,1,,3,RT209,0,,2,2,0,4,(1),(1),2,, -1,1,0,1,30,2,1,2021,02:00,5,977,97701,2,1,0,1,"rt209, face aÃ©roport, st jean",17.903318,-62.844334,2,3,2
202100038099,133Â 564,A01,1,1,1,5,1,-1,-1,0,0,-1,2021,60.0,1,2,0,2,8,19,1,,3,183,-1,,2,2,0,1,10,600,1,, -1,2,0,1,80,24,5,2021,17:50,1,14,14005,1,2,1,5,Grande Rue (Fierville-Bray),49.050938,-0.178024,17,4,3
202100023502,159Â 623,A01,1,1,1,5,2,6,-1,0,0,-1,2021,25.0,2,1,13,0,0,1,1,,3,4085,0,,2,2,0,1,115,200,2,, -1,1,0,3,80,19,8,2021,17:40,1,83,83040,1,1,0,7,D4085,43.800903,6.623164,17,2,1
202100047721,116Â 446,A01,10,3,1,2,0,-1,-1,2,3,1,2021,14.0,2,2,0,1,2,16,1,,3,ALBERT JOZON (RUE),0,,2,2,0,1,6,780,3,, -1,1,5,1,50,8,3,2021,16:45,1,78,78401,2,3,0,6,ALBERT JOZON (RUE),49.005718,1.906449,16,2,1
202100000875,200Â 179,A01,10,3,1,5,8,8,-1,2,3,1,2021,5.0,2,2,0,1,3,1,1,,4,EUGENE POTTIER (RUE),0,,1,10,0,2,1,0,1,, -1,1,0,1,50,30,12,2021,16:40,1,13,13203,2,1,0,6,EUGENE POTTIER (RUE),43.3096200161,5.3746356787,16,2,1
202100031457,145Â 517,A01,1,1,2,9,1,-1,-1,0,0,-1,2021,32.0,2,2,0,2,3,9,1,,1,85,-1,,1,4,0,1,99,200,1,, -1,1,0,1,130,30,6,2021,15:05,1,37,37266,1,4,0,3,Ãchangeur entre A10 et A85 (Embranchement d'autoroute),47.3027267754,0.6830191612,15,3,2
202100045390,120Â 599,A01,10,3,2,0,0,-1,-1,2,3,1,2021,26.0,1,2,0,1,2,1,1,,4,GENERAL DE GAULLE (RUE DU),0,,2,2,0,1,(1),(1),1,, -1,1,0,1,50,2,4,2021,12:00,1,45,45232,2,1,0,6,1878 Rue du General de Gaulle,47.867699,1.87658,12,2,1
202100024648,157Â 599,B01,1,1,1,1,2,-1,-1,0,0,-1,2021,42.0,1,1,0,2,1,1,1,,3,911,0,,-1,2,0,1,59,800,4,, -1,1,0,1,80,12,8,2021,14:45,1,50,50117,1,1,0,2,La Hoguelle,48.736306,-1.550092,14,2,2
202100027175,153Â 137,B01,2,2,2,5,1,-1,-1,-1,0,-1,2021,35.0,1,2,0,2,4,2,1,,1,AUTOROUTE A115,0,,3,4,0,1,1,399,1,, -1,2,0,1,90,25,7,2021,17:15,1,95,95252,1,1,1,4,A115,48.9842885593,2.2416543564,17,5,3
202100002773,196Â 808,B01,1,1,2,5,1,0,-1,-1, -1,-1,2021,54.0,2,2,0,2,3,1,1,,3,,0,,2,3,0,1,0,0,1,, -1,1,5,1,50,22,11,2021,20:00,5,30,30189,2,3,0,3,Avenue Georges Dayan,43.82039,4.34049,20,2,2
202100008834,185Â 949,B01,1,1,1,1,2,6,-1,-1,0,-1,2021,39.0,2,1,4,2,1,3,1,,2,RN 184,0,,3,6,0,1,11,0,1,, -1,1,0,1,90,9,11,2021,09:30,1,95,95256,1,1,0,6,RN 184,49.056575,2.205491,9,2,2
202100016293,172Â 511,A01,1,1,1,5,2,-1,-1,0,0,-1,2021,40.0,0,1,12,0,1,0,1,,7,,-1,,2,2,0,2,60,800,2,, -1,1,0,4,50,25,8,2021,01:20,5,6,6032,2,1,0,6,24 avenue Prince Rainier 3,43.72578,7.406891,1,1,1
202100024756,157Â 398,A01,1,1,2,5,1,0,-1,-1, -1,-1,2021,27.0,3,2,0,2,1,1,1,,4,PEYSONNEL (RUE),0,,1,2,1,1,0,0,1,, -1,1,0,1,50,4,8,2021,16:20,1,13,13202,2,2,0,3,PEYSONNEL (RUE),43.31118,5.37041,16,2,2
202100037983,133Â 767,A01,10,3,1,9,0,-1,-1,1,3,1,2021,71.0,2,2,0,1,7,21,1,,4,LEON BLUM      (Rue),0,,2,4,0,1,(1),(1),1,, -1,1,0,1,50,27,5,2021,12:35,1,69,69266,2,1,0,6,LEON BLUM (R),45.7608085891,4.9071756228,12,2,1
202100021777,162Â 698,B01,1,1,2,0,1,5,-1,-1, -1,-1,2021,65.0,2,2,0,2,8,15,1,,3,REPUBLIQUE (AVENUE),0,,2,1,0,1,0,1,1,, -1,1,0,1,50,29,8,2021,17:30,1,52,52121,2,1,0,3,REPUBLIQUE (AVENUE),48.10176,5.14457,17,2,2
202100033618,141Â 672,A01,10,3,2,1,0,-1,-1,2,3,1,2021,49.0,1,1,0,1,1,3,1,,4,MADRAGUE DE MONTREDON (AVE DE LA) ,0,,2,2,0,1,0,0,1,, -1,1,0,1,50,18,6,2021,10:15,1,13,13208,2,1,0,1,MADRAGUE DE MONTREDON (AVE DE LA) ,43.236,5.362,10,2,1
202100051582,109Â 493,A01,1,1,1,1,2,-1,-1,-1, -1,-1,2021,23.0,1,1,6,0,1,14,1,,3,CHAMPAGNE   (  AVENUE DE),0,,3,4,1,1,22,530,1,, -1,1,2,3,70,13,2,2021,04:14,5,51,51454,2,1,0,7,Avenue de Champagne,49.2272615581,4.0290763694,4,1,1
202100009036,185Â 559,A01,1,1,1,0,1,-1,-1,0,0,-1,2021,41.0,0,2,0,2,3,1,1,,3,153,0,X,2,2,0,1,22,500,1,, -1,1,0,1,80,8,11,2021,08:00,1,60,60363,1,1,0,1,DÃ©partementale 153,49.1988870166,1.8801555628,8,3,2
202100002551,197Â 221,B01,1,1,1,1,1,-1,-1,-1, -1,-1,2021,36.0,2,2,0,2,4,1,1,,1,A570,0,,3,4,0,1,1,600,1,, -1,1,0,1,110,15,12,2021,17:50,2,83,83047,1,1,0,2,A570,43.1344287109,6.0478663445,17,2,2
202100015366,174Â 241,A01,1,1,1,4,2,0,-1,-1, -1,-1,2021,18.0,2,1,0,2,1,21,1,,3,CAPITAINE-GLARNER (AV),0,,2,2,0,1,0,0,1,, -1,1,0,1,50,3,10,2021,13:59,1,93,93070,2,1,0,2,CAPITAINE-GLARNER (AV),48.90312,2.32983,13,2,2
202100045759,119Â 957,A01,1,1,1,9,8,0,-1,-1, -1,-1,2021,48.0,3,1,8,0,1,1,5,,4,CHANTERIE,0,,2,2,0,1,1,0,1,, -1,1,0,1,50,31,3,2021,13:35,1,49,49267,2,1,0,7,CHANTERIE,47.47731,-0.50663,13,1,1
202100037932,133Â 864,A01,10,3,1,5,0,-1,-1,6,B,3,2021,12.0,0,5,0,1,2,1,0,,4,,0,,-1,2,0,1,(1),(1),1,, -1,1,0,3,50,29,5,2021,16:15,1,42,42094,1,1,0,6,Chemin des Vauches,45.724121,4.222076,16,2,1
202100018581,168Â 421,B01,1,1,1,1,2,6,-1,0, -1,-1,2021,16.0,3,1,0,2,0,1,1,,4,PROVENCE (AVENUE ET ROND POINT),0,,2,2,0,1,(1),(1),2,, -1,1,5,1,50,16,9,2021,19:15,1,29,29019,2,6,0,3,Avenue de Provence,48.40748,-4.51292,19,3,2
202100054032,105Â 163,A01,10,3,1,0,0,-1,-1,4,3,1,2021,66.0,1,5,0,1,3,15,1,,4,AV MAZARIN,0,,2,2,0,1,0,0,1,, -1,2,0,1,50,22,1,2021,08:00,5,91,91161,2,3,1,6,AV MAZARIN,48.705638,2.31415,8,2,1
202100011444,181Â 265,A01,1,1,2,5,1,-1,-1,0,0,-1,2021,57.0,2,2,0,2,2,15,1,,3,922,0,,2,2,0,1,43,330,1,,4,1,5,1,90,23,10,2021,09:50,1,12,12301,1,2,0,5,RD 922,44.442237,2.02996,9,6,4
202100036340,136Â 740,A01,1,1,1,5,1,-1,-1,0,0,-1,2021,67.0,0,2,0,0,1,26,1,,3,613,-1,,2,1,0,2,73,150,1,, -1,1,2,8,80,5,6,2021,08:30,1,34,34017,1,1,0,6,d613,43.474762,3.446016,8,1,1
202100021011,164Â 105,B01,1,1,1,5,2,8,-1,-1, -1,-1,2021,22.0,0,1,0,2,4,1,5,,3,,-1,,2,-1,-1,1,3,99,1,, -1,1,5,1,-1,3,9,2021,21:15,2,81,81004,2,2,0,3,LANNES (BD DU MARECHAL),43.94302,2.14997,21,2,2
202100020111,165Â 677,A01,1,1,1,9,0,0,-1,0,0,-1,2021,18.0,1,1,0,2,1,1,3,,4,RUE DU BAC,0,,2,2,0,1,(1),(1),1,, -1,2,0,1,30,8,9,2021,21:55,5,75,75107,2,3,1,2,RUE DU BAC,48.856438,2.326559,21,2,2