Num_Acc,id_vehicule,num_veh,place,catu,sexe,trajet,secu1,secu2,secu3,locp,actp,etatp,year_acc,victim_age,senc,catv,obs,obsm,choc,manv,motor,occutc,catr,voie,v1,v2,circ,nbv,vosp,prof,pr,pr1,plan,lartpc,larrout,surf,infra,situ,vma,jour,mois,an,hrmn,lum,dep,com,agg_,int,atm,col,adr,lat,long,hour,nb_victim,nb_vehicules
202100055891,101Â 972,B01,1,1,2,9,1,8,-1,-1, -1,-1,2021,22.0,1,2,0,2,1,1,1,,3,TIGRE (ROUTE DU),0,,2,2,0,1,2,849,3,, -1,2,5,1,50,7,1,2021,15:35,1,973,97302,2,3,1,3,TIGRE (ROUTE DU),4.90593,-52.30489,15,2,2
202100031113,146Â 127,A01,1,1,1,9,2,-1,-1,-1, -1,-1,2021,22.0,1,1,0,2,8,18,1,,4,AVE DU GENERAL LECLERC,0,,2,2,2,1,(1),(1),1,, -1,1,5,5,50,3,7,2021,16:40,1,33,33318,2,4,0,3,Avenue du GÃ©nÃ©ral Leclerc,44.798,-0.66459,16,2,2
202100023609,159Â 434,B01,1,1,1,0,2,0,-1,0,0,-1,2021,43.0,3,1,0,2,8,19,5,,4,FREDERIC EUZIERES ( PLACE ),0,,1,1,0,1,0,1,1,, -1,1,0,1,30,16,8,2021,07:35,1,5,5061,2,1,0,3,FREDERIC EUZIERES ( PLACE ),44.55687,6.07717,7,2,2
202100033075,142Â 622,A01,1,1,1,5,2,0,-1,0,0,-1,2021,57.0,2,1,0,2,8,1,5,,4,AVENUE GAMBETTA,0,,2,2,0,2,(1),(1),1,, -1,1,0,1,30,21,6,2021,17:31,1,75,75120,2,5,0,3,AVENUE GAMBETTA,48.871684,2.404377,17,2,2
202100005275,192Â 357,B01,1,1,2,0,1,0,-1,-1, -1,-1,2021,43.0,1,2,0,2,4,2,1,,3,ASCAIN (ROUTE D'),0,,2,2,0,1,2,725,1,, -1,1,0,1,70,1,12,2021,08:10,2,64,64483,2,1,0,2,Route dââAscain,43.37477,-1.63777,8,2,2
202100053838,105Â 515,A01,1,1,1,5,2,0,-1,-1, -1,-1,2021,61.0,1,1,11,0,1,1,1,,4,MALRAUX (QUAI ANDRE),0,,2,3,0,1,(1),(1),1,, -1,1,0,1,50,24,1,2021,19:45,5,37,37261,2,1,0,7,MALRAUX (QUAI ANDRE),47.3975750314,0.6964892153,19,1,1
202100013763,177Â 109,A01,1,1,1,4,1,-1,-1,0,0,-1,2021,40.0,2,4,3,0,0,1,1,,1,71,0,A,3,4,0,1,290,600,2,, -1,1,0,1,130,12,10,2021,16:50,1,3,3305,1,1,0,6,A71 PK 290+600,46.411829,2.706366,16,1,1
202100026455,154Â 413,A01,1,1,2,5,8,8,-1,-1, -1,-1,2021,63.0,1,1,16,0,0,1,5,,6,,0,,-1,-1,0,1,(1),(1),1,, -1,1,0,1,50,28,7,2021,15:25,1,56,56162,2,1,0,7,FORCES FRANCAISES LIBRES (PLACE DES),47.73538,-3.42829,15,1,1
202100053441,106Â 193,A01,4,2,2,9,1,0,-1,-1, -1,-1,2021,23.0,2,2,8,0,1,1,1,,4,GABRIEL PERI                        (AV),0,,2,4,3,1,(1),(1),1,, -1,1,0,6,50,27,1,2021,06:00,5,69,69256,2,1,0,7,GABRIEL PERI                        (AV),45.7718,4.91049,6,3,1
202100029087,149Â 754,B01,1,1,1,1,2,0,-1,-1, -1,-1,2021,27.0,0,1,0,2,8,1,1,,4,GODILLOT  ( AVENUE ALEXIS ),0,,2,2,0,2,0,0,1,, -1,1,0,1,50,13,7,2021,18:10,1,83,83069,2,2,0,3,GODILLOT  ( AVENUE ALEXIS ),43.1108819616,6.1238957948,18,2,2
202100007269,188Â 763,B01,1,1,1,5,1,0,-1,-1, -1,-1,2021,19.0,1,2,8,2,1,1,1,,3,POMPIDOU (RUE GEORGES A PARTIR DU NÂ°65),0,,2,2,0,2,17,950,1,, -1,1,0,1,50,12,11,2021,11:30,1,35,35115,2,2,1,3,POMPIDOU (RUE GEORGES A PARTIR DU NÂ°65),48.34415,-1.20084,11,2,2
202100010203,183Â 467,A01,1,1,1,5,2,-1,-1,0,0,-1,2021,53.0,1,6,6,0,1,15,1,,4,,-1,,1,1,0,1,(1),(1),2,,5,2,0,8,30,31,10,2021,15:10,1,80,80620,2,1,1,6,Rue de la Resistance,49.928779,2.932148,15,1,1
202100033207,142Â 406,A01,10,3,2,5,0,-1,-1,4,3,3,2021,29.0,1,1,0,1,0,1,3,,4,PLACE DE LA BATAILLE DE STALINGRAD,0,,2,4,1,1,(1),(1),3,, -1,1,2,1,50,20,6,2021,16:25,1,75,75119,2,7,0,6,PLACE DE LA BATAILLE DE STALINGRAD,48.882941,2.370143,16,2,1
202100033108,142Â 570,A01,1,1,2,5,1,-1,-1,0,0,-1,2021,32.0,1,2,0,0,9,0,1,,1,75,-1,,3,4,0,2,103,683,1,, -1,2,0,3,130,21,6,2021,14:21,1,15,15168,1,1,1,7,A75Pk 103+700,44.975895,3.186228,14,1,1
202100001609,198Â 924,B01,1,1,1,0,2,6,-1,0,0,-1,2021,34.0,0,1,0,2,1,1,1,,4,PONT DU GAT RUE (302),0,,2,2,0,1,(1),(1),1,, -1,1,0,1,50,23,12,2021,10:35,1,26,26362,2,2,0,3,12 Rue Pont du Gat,44.928523,4.894997,10,2,2
202100022357,161Â 682,A01,1,1,2,1,1,-1,-1,0,0,-1,2021,18.0,1,2,13,0,1,1,1,,3,33,-1,,2,2,0,3,1,150,2,, -1,1,0,3,80,27,8,2021,15:45,1,53,53121,1,1,0,7,D33,48.416612,-0.364995,15,1,1
202100010010,183Â 809,B01,1,1,1,5,8,0,-1,-1, -1,-1,2021,52.0,2,1,0,0,0,1,0,,3,CHARTRES (RUE DE,0,,2,2,2,1,3,590,1,, -1,2,9,1,50,29,10,2021,12:40,1,78,78486,2,1,1,6,CHARTRES (RUE DE,48.68914,1.85153,12,2,2
202100045916,119Â 683,A01,10,3,1,5,0,-1,-1,1,3,1,2021,13.0,3,2,0,1,3,1,2,,4,SAUT DU LOUP (RUE DU),0,,1,1,0,1,(1),(1),1,, -1,1,0,1,50,29,3,2021,12:30,1,95,95252,2,1,0,6,SQUARE DE LA SOURCE,48.9829678065,2.2355675697,12,2,1
202100000484,200Â 838,A01,1,1,1,1,1,4,-1,0,0,-1,2021,48.0,2,2,0,0,2,1,1,,9,D838,0,D,2,2,0,1,45,200,1,, -1,1,0,1,80,1,6,2021,06:30,1,91,91547,1,9,0,3,D838,48.422836,1.960191,6,2,2
202100016063,172Â 939,A01,1,1,1,5,2,8,-1,-1, -1,-1,2021,44.0,0,1,11,0,1,14,1,,2,RN 568,0,,3,5,0,1,34,606,1,, -1,1,0,3,90,22,6,2021,11:30,1,13,13077,1,1,0,6,RN 568,43.4136116445,5.0030107498,11,1,1
202100047200,117Â 398,A01,1,1,2,0,2,8,-1,-1, -1,-1,2021,29.0,2,1,0,2,1,5,6,,3,MONTABO (ROUTE DE) 1,0,,2,2,1,1,1,200,1,, -1,1,0,5,50,19,3,2021,12:45,1,973,97302,2,1,0,3,MONTABO (ROUTE DE) 1,4.9445502462,-52.3104765416,12,2,2
202100017613,170Â 135,A01,10,3,1,0,0,-1,-1,4,3,1,2021,61.0,2,2,0,1,3,15,1,,4,REPUBLIQUE (DE LA)                  (R ),0,,1,1,0,2,(1),(1),1,, -1,1,6,1,50,21,9,2021,16:44,1,69,69149,2,2,0,6,REPUBLIQUE (DE LA) (R),45.71684,4.80964,16,2,1
202100035268,138Â 660,A01,1,1,1,0,8,-1,-1,-1, -1,-1,2021,72.0,1,1,0,2,8,9,5,,4,AVE DE PARIS,0,,3,2,1,1,(1),(1),1,, -1,1,0,1,50,9,6,2021,21:00,2,33,33249,2,6,0,3,Avenue de Paris,44.87964,-0.51154,21,2,2
202100030403,147Â 422,B01,1,1,1,0,2,0,-1,0,0,-1,2021,18.0,3,1,0,2,2,13,1,,7,CURIE PIERRE ET MARIE AVENUE,0,,2,3,0,1,(1),(1),1,, -1,1,0,1,50,6,7,2021,13:50,1,6,6123,2,1,0,3,CURIE PIERRE ET MARIE AVENUE,43.683958,7.188348,13,2,2
202100007231,188Â 831,A01,10,3,1,0,8,8,-1,3,3,1,2021,20.0,1,2,0,1,1,1,1,,4,LIBERATION (AVENUE DE LA),0,,2,2,0,1,(1),(1),3,, -1,1,0,1,50,18,11,2021,15:00,1,54,54304,2,1,0,6,LIBERATION (AVENUE DE LA),48.67849,6.16043,15,2,1
202100023375,159Â 838,B01,7,2,2,5,1,-1,-1,0,0,-1,2021,54.0,2,2,0,0,4,21,1,,2,79,0,,2,2,0,1,42,25,2,, -1,1,9,1,80,21,8,2021,11:34,1,71,71571,1,4,0,2,RN 79 - PR 42+050,46.4045734653,4.4465328628,11,8,2
202100033358,142Â 142,B01,3,2,1,3,3,1,-1,-1, -1,-1,2021,6.0,2,2,0,2,4,2,1,,4,VILLENEUVE (RUE),0,,2,2,0,1,(1),(1),1,, -1,1,5,1,50,13,6,2021,17:26,1,29,29019,2,1,1,2,Rue de la Villeneuve,48.41137,-4.45749,17,4,2
202100022157,162Â 037,A01,1,1,1,5,1,-1,-1,0,0,-1,2021,44.0,3,2,13,0,2,1,1,,4,,-1,,2,2,0,1,(1),(1),1,,5,1,0,3,80,29,8,2021,16:15,1,29,29117,1,1,0,6,lieu dit Camean Huella,48.572121,-4.581685,16,1,1
202100027699,152Â 204,A01,10,3,2,0,0,-1,-1,2,3,1,2021,13.0,1,2,0,1,0,1,1,,3,GRANDE RUE,0,,2,2,0,1,0,0,1,, -1,1,0,1,50,20,7,2021,19:00,1,91,91216,2,1,0,6,GRANDE RUE,48.67582,2.32267,19,2,1
202100011541,181Â 089,B01,1,1,1,5,8,0,-1,-1, -1,-1,2021,20.0,1,1,0,2,4,1,5,,3,BALLAINVILLIERS (RUE),0,,2,2,0,1,0,0,1,, -1,1,0,1,70,22,10,2021,22:44,3,91,91216,1,1,0,1,BALLAINVILLIERS (RUE),48.67195,2.30453,22,2,2
202100034651,139Â 782,A01,1,1,1,5,2,-1,-1,0,0,-1,2021,71.0,3,1,0,0,0,0,0,,4,,-1,,2,2,0,2,(1),(1),2,, -1,1,0,3,80,13,6,2021,18:35,1,41,41287,1,1,0,7,Rue des MasniÃ¨res,47.767985,1.037537,18,1,1
202100047074,117Â 626,A01,1,1,1,5,1,-1,-1,0,0,-1,2021,71.0,1,2,0,2,1,1,1,,3,20,0,,2,2,0,1,29,300,1,, -1,1,0,1,50,23,3,2021,12:10,1,10,10030,2,6,0,3,Route de Troyes,48.3303275059,4.038351774,12,2,2
202100034707,139Â 686,A01,1,1,1,1,1,-1,-1,0,0,-1,2021,41.0,1,2,0,2,1,1,1,,3,913,0,D,2,2,0,2,11,900,2,, -1,1,0,1,80,14,6,2021,06:40,1,76,76401,1,1,0,1,D913 - PK 11890,49.43522,0.79137,6,2,2
202100001264,199Â 502,A01,1,1,1,1,1,0,-1,-1, -1,-1,2021,43.0,1,5,0,2,8,21,1,,1,A86 INT,0,,3,6,0,1,42,99,1,, -1,2,0,1,90,27,12,2021,08:45,1,94,94022,1,1,1,3,A86 INT,48.776755299,2.4185973987,8,2,2
202100030930,146Â 475,B01,1,1,1,1,2,6,-1,0,0,-1,2021,29.0,2,1,0,2,1,1,1,,3,147-2,0,,2,2,0,1,2,100,1,, -1,1,0,1,80,3,7,2021,16:00,1,28,28001,1,2,0,1,D928,48.793118,1.40095,16,2,2
202100018023,169Â 411,A01,1,1,1,5,2,0,-1,0,0,-1,2021,17.0,1,1,0,0,0,1,3,,4,BOULEVARD DE GRENELLE,0,,3,2,0,1,(1),(1),1,, -1,1,0,1,30,19,9,2021,04:10,5,75,75115,2,1,0,7,BOULEVARD DE GRENELLE,48.850136,2.294113,4,1,1
202100043970,123Â 084,A01,1,1,1,5,2,6,-1,0,0,-1,2021,15.0,2,1,0,2,1,21,1,,3,211,-1,,2,2,0,2,14,830,1,, -1,1,0,1,50,15,4,2021,16:20,1,73,73164,2,9,0,3,D211 route de lachat,45.724802,5.984952,16,2,2
202100053756,105Â 653,A01,10,3,1,3,0,-1,-1,1,3,1,2021,40.0,1,3,0,1,7,26,1,1.0,3,STALINGRAD - CAR DES TROIS COMMUNES (BD,0,,1,2,0,1,1,0,1,, -1,2,0,1,50,24,1,2021,12:46,1,94,94073,2,1,1,6,STALINGRAD - CAR DES TROIS COMMUNES (BD,48.77,2.4,12,2,1
202100000978,200Â 007,B01,10,3,1,0,0,-1,-1,1,3,1,2021,62.0,0,1,0,1,0,1,5,,4,SAINT PIERRE (CHAUSSEE),0,,2,2,0,1,(1),(1),1,, -1,1,0,1,50,28,12,2021,13:15,1,80,80021,2,1,1,6,SAINT PIERRE (CHAUSSEE),49.90346,2.30637,13,2,1
202100053640,105Â 849,B01,1,1,2,0,8,0,-1,-1, -1,-1,2021,27.0,1,0,0,0,6,1,3,,3,JEAN JAURES (AVENUE) (2/74),0,,3,2,1,1,0,1,1,, -1,1,0,5,50,26,1,2021,18:00,3,93,93055,2,1,0,2,JEAN JAURES (AVENUE) (2/74),48.9017093689,2.3900823946,18,2,2
202100001728,198Â 699,B01,1,1,1,4,2,8,-1,-1, -1,-1,2021,30.0,0,1,0,2,1,1,1,,4,REGNY (TRAVERSE),0,,2,2,1,1,0,0,1,, -1,1,0,1,50,22,12,2021,20:30,5,13,13209,2,1,0,3,REGNY (TRAVERSE),43.2638,5.4183,20,2,2
202100040755,128Â 761,A01,2,2,2,5,1,0,-1,-1, -1,-1,2021,84.0,1,2,1,0,1,1,1,,4,CASSADOU (RUE 3 FRERES)),0,,2,2,0,1,0,0,1,, -1,1,0,1,50,8,5,2021,14:55,1,24,24037,2,1,0,6,CASSADOU (RUE 3 FRERES)),44.85459,0.47619,14,2,1
202100028615,150Â 568,B01,1,1,1,0,8,-1,-1,0,0,-1,2021,30.0,0,1,0,2,4,1,3,,3,,-1,,2,-1,-1,1,(1),(1),1,, -1,1,0,1,-1,15,7,2021,17:45,1,80,80021,2,6,1,2,LEON DUPONTREUE (RUE),49.90686,2.31803,17,2,2
202100048268,115Â 472,A01,1,1,1,0,2,6,-1,-1, -1,-1,2021,23.0,1,1,0,2,1,3,1,,3,MARTYRS DE LA RÃSISTANCE (AV DES),0,,2,2,1,1,3,600,1,, -1,1,0,1,50,10,3,2021,18:37,1,40,40192,2,2,0,3,MARTYRS DE LA RÃSISTANCE (AV DES),43.88701,-0.514,18,3,2
202100020865,164Â 352,A01,10,3,2,0,0,-1,-1,4,3,1,2021,19.0,3,2,0,1,7,16,1,,4,BEGLES (RUE DE),0,,2,2,0,1,(1),(1),1,, -1,2,5,1,50,3,9,2021,18:00,1,33,33063,2,2,1,6,Rue de BÃ¨gles,44.81331,-0.56464,18,2,1
202100010726,182Â 557,A01,1,1,1,4,2,6,-1,-1, -1,-1,2021,17.0,1,1,0,2,1,2,1,,7,LÃON LACHAMP (ROUTE),0,,2,3,3,2,0,0,1,, -1,1,0,1,50,27,10,2021,19:00,5,13,13209,2,1,0,2,LÃON LACHAMP (ROUTE),43.2464,5.43345,19,2,2
202100053592,105Â 922,A01,1,1,2,4,2,8,-1,-1, -1,-1,2021,55.0,1,1,0,0,0,1,5,,4,MAGNOLIAS (SQUARE DES),0,,2,2,0,1,0,0,1,, -1,7,0,1,50,25,1,2021,10:20,1,49,49099,2,1,0,7,MAGNOLIAS (SQUARE DES),47.05212,-0.87298,10,1,1
202100023657,159Â 339,A01,1,1,1,5,2,6,-1,0,0,-1,2021,15.0,2,1,0,2,1,13,1,,3,62,-1,,2,2,0,1,16,600,4,, -1,1,0,1,80,18,8,2021,17:00,1,202,202257,1,1,0,1,RD62,42.5878337575,9.2959946407,17,2,2
202100042779,125Â 183,A01,1,1,1,5,2,6,-1,0,0,-1,2021,56.0,1,1,0,2,8,10,1,,7,8,0,N,2,2,0,1,53,610,1,, -1,1,0,1,80,24,4,2021,16:40,1,13,13042,1,1,0,1,D8n,43.267925,5.648518,16,2,2
202100000635,200Â 570,A01,1,1,1,5,1,-1,-1,0,0,-1,2021,70.0,2,2,0,2,1,13,1,,3,43,-1,,2,2,0,1,17,785,3,, -1,7,0,1,90,16,12,2021,07:10,3,43,43102,1,1,1,5,d43,45.177182,4.173474,7,3,3
202100054724,103Â 974,A01,1,1,1,1,8,-1,-1,0,0,-1,2021,20.0,1,2,0,2,3,13,1,,3,D7,-1,,2,2,0,1,3,55,3,, -1,1,0,1,70,18,1,2021,09:00,1,37,37018,1,1,0,1,D7,47.366901,0.637228,9,2,2
202100003382,195Â 713,A01,10,3,1,5,0,-1,-1,3,3,2,2021,3.0,3,2,0,1,8,15,1,,3,525,-1,A,2,2,0,1,(1),(1),2,, -1,1,0,1,50,20,8,2021,15:55,1,38,38006,2,9,0,6,place de verdun,45.393975,6.074519,15,2,1
202100018146,169Â 176,A01,10,3,2,1,0,-1,-1,2,3,1,2021,34.0,1,2,0,1,1,16,1,,4,NICOL (CHE DE) DU 1AU 106,0,,2,2,0,1,(1),(1),1,, -1,2,5,1,50,18,9,2021,17:45,1,31,31555,2,1,1,6,NICOL (CHE DE) DU 1AU 106,43.63561,1.46394,17,2,1
202100045766,119Â 946,Z01,10,3,2,0,0,-1,-1,2,3,1,2021,27.0,1,2,0,1,2,2,0,,4,KENNEDY PRESIDENT (BD DU),0,,2,2,0,1,(1),(1),1,, -1,1,0,6,50,29,3,2021,11:10,1,34,34032,2,1,0,6,KENNEDY PRESIDENT (BD DU),43.35514,3.23975,11,2,1
202100043861,123Â 266,A01,1,1,2,0,8,5,-1,-1, -1,-1,2021,69.0,3,2,9,0,1,26,1,,6,MONTAUBAN (SECTEUR),0,,-1,0,3,2,(1),(1),1,, -1,1,9,8,10,14,4,2021,12:33,1,971,97113,2,1,0,6,MONTAUBAN (SECTEUR),16.20589,-61.49715,12,1,1
202100002217,197Â 829,B01,2,2,1,0,1,0,-1,-1, -1,-1,2021,23.0,1,2,0,2,4,1,1,,1,AUTOROUTE A1,0,,3,4,0,1,0,899,1,, -1,1,1,1,90,19,12,2021,00:15,5,93,93066,1,1,0,2,AUTOROUTE A1,48.9063669548,2.3584127426,0,3,2
202100022245,161Â 880,A01,10,3,1,0,0,-1,-1,4,3,1,2021,79.0,3,2,0,1,2,15,1,,7,DUNKERQUE AVENUE DE,0,,2,2,0,1,(1),(1),1,, -1,1,0,1,50,26,8,2021,16:20,1,59,59350,2,2,0,6,DUNKERQUE AVENUE DE,50.64018,3.01904,16,2,1
202100016973,171Â 281,A01,1,1,2,0,1,0,-1,0,0,-1,2021,34.0,1,2,0,0,0,26,1,,4,GRANDE CAVEE (AVENUE DE LA),0,,2,4,0,1,1,0,1,, -1,1,0,1,50,21,9,2021,10:10,1,14,14327,2,9,0,6,GRANDE CAVEE (AVENUE DE LA),49.20315,-0.34071,10,1,1
202100040358,129Â 466,B01,1,1,1,0,1,0,-1,-1, -1,-1,2021,25.0,1,2,0,2,4,23,1,,4,JEAN MOULIN (BOULEVARD),0,,1,3,0,1,(1),(1),1,, -1,2,0,1,50,10,5,2021,14:30,1,13,13205,2,1,1,2,JEAN MOULIN (BOULEVARD),43.2898624926,5.4000498802,14,2,2
202100033639,141Â 637,A01,1,1,2,1,2,6,-1,0,0,-1,2021,25.0,1,1,0,2,6,15,1,,4,QUAI D AUSTERLITZ,0,,1,5,1,2,(1),(1),1,, -1,2,0,1,30,17,6,2021,23:40,5,75,75113,2,2,1,3,QUAI D AUSTERLITZ,48.8419145494,2.3678807279,23,2,2
202100032695,143Â 326,A01,1,1,1,9,2,0,-1,0,0,-1,2021,16.0,1,1,0,2,2,2,1,,4,AVENUE IBSEN,0,,1,4,1,1,(1),(1),1,, -1,1,0,1,50,23,6,2021,22:25,5,75,75120,2,1,0,2,AVENUE IBSEN,48.866024,2.412184,22,2,2
202100005554,191Â 872,B01,1,1,1,1,2,6,-1,-1, -1,-1,2021,23.0,1,1,0,2,1,1,1,,3,TASSIGNY(AVE DU MARECHAL DE LATTRE DE),0,,2,4,0,1,1,0,1,, -1,2,0,1,50,30,11,2021,18:05,5,94,94028,2,2,1,3,Av du Mal de Lattre de Tassigny,48.7963,2.45764,18,2,2
202100025478,156Â 124,B01,1,1,1,9,2,6,-1,0,0,-1,2021,38.0,1,1,0,2,1,1,1,,4,RUE DUC,0,,1,1,0,1,(1),(1),1,, -1,1,0,1,50,5,8,2021,17:50,1,75,75118,2,2,0,3,RUE DUC,48.892262,2.342375,17,2,2
202100018650,168Â 303,A01,1,1,1,1,1,-1,-1,0,0,-1,2021,22.0,1,2,2,0,1,1,1,,7,23,-1,D,2,2,0,1,1,10,1,, -1,2,0,8,70,16,9,2021,18:50,1,42,42234,1,1,1,6,Route de Sorbiers,45.5099208417,4.3954936802,18,1,1
202100040053,130Â 003,B01,1,1,1,2,8,0,-1,-1, -1,-1,2021,13.0,3,1,0,2,7,19,5,,4,LAURAGAIS (ALLEE DU),0,,2,2,0,1,(1),(1),1,, -1,1,0,1,50,12,5,2021,12:10,1,31,31149,2,1,0,6,LAURAGAIS (ALLEE DU),43.6089117703,1.3354121288,12,2,2
202100041430,127Â 549,B01,1,1,1,0,2,0,-1,-1, -1,-1,2021,23.0,2,1,0,2,1,1,1,,3,CHARLES DE GAULLE (BD),0,,2,2,0,1,1,0,1,, -1,2,5,1,50,2,5,2021,16:02,1,92,92025,2,3,1,3,CHARLES DE GAULLE (BD),48.9145640465,2.2289586067,16,2,2
202100030607,147Â 044,A01,1,1,1,1,8,0,-1,-1, -1,-1,2021,30.0,1,2,15,0,1,1,1,,3,REPUBLIQUE (AVENUE DE LA),0,,2,2,0,1,0,0,3,, -1,1,0,4,50,5,7,2021,17:50,1,93,93064,2,1,0,6,REPUBLIQUE (AVENUE DE LA),48.86744,2.48461,17,1,1
202100008481,186Â 576,B01,1,1,2,4,1,0,-1,-1, -1,-1,2021,39.0,1,0,0,2,2,0,1,,7,NARBONNE (ROUTE DE),0,,2,3,3,1,2,1825,1,, -1,1,0,1,50,11,11,2021,10:30,1,31,31555,2,1,0,3,Route de Narbonne,43.56903,1.4565,10,3,2
202100005413,192Â 119,A01,2,2,1,5,1,-1,-1,0,0,-1,2021,39.0,1,2,7,2,9,13,1,,3,769,-1,,2,2,0,1,11,250,1,, -1,1,0,1,80,28,11,2021,07:50,2,56,56040,1,1,0,1,Kerchopine,47.88609,-3.339223,7,3,2
202100038496,132Â 832,A01,1,1,2,1,1,-1,-1,-1,0,-1,2021,24.0,1,2,3,0,1,1,1,,2,RN 184,0,,3,4,0,1,4,500,1,, -1,1,0,1,90,25,5,2021,06:30,2,95,95572,1,1,0,6,RN 184,49.04101,2.12819,6,1,1
202100026710,153Â 969,B01,1,1,1,1,2,-1,-1,0,0,-1,2021,17.0,1,1,0,2,1,1,1,,3,11,-1,D,2,2,0,2,10,200,1,,"5,5",1,0,1,50,28,7,2021,14:00,1,56,56189,2,3,0,3,La Bottine,47.940574,-2.71789,14,2,2
202100007745,187Â 909,A01,1,1,1,4,1,0,-1,0,0,-1,2021,58.0,2,2,9,1,1,14,1,,4,RUE BOISSIERE,0,,1,1,0,2,(1),(1),1,, -1,1,0,4,30,24,8,2021,11:45,1,75,75116,2,1,0,6,RUE BOISSIERE,48.867298,2.289106,11,2,1
202100006236,190Â 657,A01,1,1,2,1,2,6,-1,-1, -1,-1,2021,19.0,3,1,0,0,0,26,1,,4,JORLIS (ROND POINT DE),0,,1,2,0,1,0,0,2,, -1,2,0,1,50,24,11,2021,11:00,1,64,64024,2,6,1,7,JORLIS (ROND POINT DE),43.49841,-1.4947,11,1,1
202100006497,190Â 189,B01,3,2,2,5,1,-1,-1,0,0,-1,2021,40.0,3,2,0,2,1,1,1,,4,,-1,,2,2,0,1,(1),(1),1,,4,1,0,1,-1,19,11,2021,20:00,5,1,1135,1,1,0,1,Route d HarÃ©e,46.267522,6.020744,20,4,2
202100034934,139Â 264,B01,1,1,1,5,2,-1,-1,-1,0,-1,2021,57.0,3,1,14,2,1,1,5,,4,ECANCOURT (BOULEVARD D'),0,,2,2,0,2,(1),(1),1,, -1,1,0,1,50,10,6,2021,11:00,1,95,95323,2,2,0,3,ECANCOURT (BOULEVARD D'),49.011,2.05014,11,2,2
202100034341,140Â 348,A01,1,1,2,4,1,-1,-1,0,0,-1,2021,49.0,1,3,0,2,3,13,1,1.0,2,154,-1,,2,2,0,1,44,900,1,, -1,1,0,1,80,16,6,2021,14:30,1,28,28177,1,1,0,1,N154,48.410887,1.540146,14,2,2
202100022642,161Â 147,B01,3,2,2,0,1,0,-1,-1, -1,-1,2021,17.0,3,2,0,2,2,1,1,,7,N 368 ,0,,2,2,0,1,1,233,1,, -1,1,0,1,70,24,8,2021,18:00,1,13,13043,1,1,0,3,N 368 ,43.39435,5.20505,18,4,2
202100039419,131Â 140,A01,10,3,2,5,0,-1,-1,1,3,2,2021,4.0,3,2,0,1,3,1,1,,4,CHARMETTES (AVENUE DES ),0,,1,1,0,1,(1),(1),1,, -1,2,0,1,50,18,5,2021,20:00,1,95,95680,2,1,1,6,CHARMETTES (AVENUE DES ),48.9974711854,2.4126465599,20,2,1
202100033822,141Â 304,B01,1,1,1,5,2,6,-1,-1, -1,-1,2021,59.0,1,1,0,2,1,21,1,,3,LORRAINE (AVENUE DE),0,,2,2,0,1,1,350,1,, -1,1,0,1,50,11,6,2021,18:35,1,57,57221,2,1,0,3,LORRAINE (AVENUE DE),49.3258897,6.124284,18,2,2
202100013258,178Â 041,A01,1,1,2,9,8,0,-1,-1, -1,-1,2021,39.0,1,2,0,2,1,2,1,,3,BERGES VOIE,0,,3,4,0,1,34,560,1,, -1,1,0,1,80,14,10,2021,18:27,1,49,49007,1,1,0,4,BERGES VOIE,47.4835,-0.5491,18,3,3
202100028738,150Â 357,B01,1,1,2,9,1,-1,-1,0,0,-1,2021,50.0,1,2,0,2,3,1,1,,3,67,0,,2,2,0,2,22,900,1,, -1,1,0,1,80,16,7,2021,21:10,2,14,14607,1,1,0,1,D67,49.087689,-0.677773,21,2,2
202100019914,166Â 034,B01,1,1,1,1,0,0,-1,-1, -1,-1,2021,19.0,2,0,0,2,5,1,3,,3,GEORGES CLEMENCEAU (AV),0,,3,4,0,1,1,0,1,, -1,1,0,1,50,9,9,2021,17:15,1,94,94052,2,2,0,3,Avenue Georges ClÃ©menceau,48.83641,2.46983,17,2,2
202100019197,167Â 312,A01,1,1,2,4,1,0,-1,0,0,-1,2021,25.0,1,5,0,2,1,2,1,,4,BOULEVARD PERIPHERIQUE,0,,1,4,0,1,30,700,1,, -1,1,0,1,70,13,9,2021,10:30,1,75,75120,2,1,0,2,BD PERIPHERIQUE INTERIEUR,48.85724,2.414025,10,10,2
202100001470,199Â 158,A01,10,3,2,0,0,-1,-1,1,2,2,2021,3.0,2,1,0,0,0,21,1,,4,DESFRICHES (RUE),0,,1,1,0,1,(1),(1),1,, -1,1,0,1,50,24,12,2021,14:50,1,45,45234,2,1,0,7,Rue Aignan Thomas Desfriches,47.90187,1.91416,14,3,1
202100024237,158Â 347,B01,1,1,1,4,2,0,-1,-1, -1,-1,2021,27.0,1,1,0,2,1,1,1,,2,NAPOLEON COURS AVANT BEVERINI,0,,2,3,0,1,(1),(1),1,, -1,1,0,1,50,12,8,2021,20:45,2,201,201004,2,2,0,6,Cours NapolÃ©on,41.9192,8.73687,20,2,2
202100016177,172Â 723,B01,2,1,1,2,8,0,-1,-1, -1,-1,2021,6.0,1,1,0,1,2,19,5,,4,8 MAI 1945 (SQUARE DU),0,,2,2,0,1,(1),(1),1,, -1,1,0,8,50,28,9,2021,14:20,1,35,35238,2,1,0,6,8 MAI 1945 (SQUARE DU),48.13553,-1.65593,14,3,2