Num_Acc,id_vehicule,num_veh,place,catu,sexe,trajet,secu1,secu2,secu3,locp,actp,etatp,year_acc,victim_age,senc,catv,obs,obsm,choc,manv,motor,occutc,catr,voie,v1,v2,circ,nbv,vosp,prof,pr,pr1,plan,lartpc,larrout,surf,infra,situ,vma,jour,mois,an,hrmn,lum,dep,com,agg_,int,atm,col,adr,lat,long,hour,nb_victim,nb_vehicules
202100016399,172Â 322,A01,1,1,1,5,2,6,-1,0,0,-1,2021,44.0,3,1,0,0,0,1,1,,4,,-1,,2,2,0,1,(1),(1),1,,"3,6",1,0,1,50,25,9,2021,10:30,1,79,79351,2,1,0,7,11 Chemin des Devises,46.436891,-0.559726,10,2,1
202100046188,119Â 213,A01,1,1,1,0,1,5,-1,0,0,-1,2021,51.0,1,2,2,0,2,13,1,,3,25,-1,,2,2,0,1,15,400,2,, -1,1,0,3,80,29,3,2021,08:50,1,45,45157,1,1,0,6,D25-PR 15 + 400,48.153207,2.375252,8,1,1
202100055238,103Â 085,A01,1,1,1,5,8,-1,-1,0,0,-1,2021,32.0,1,2,13,0,1,1,1,,3,108,-1,D,2,2,0,1,6,900,1,, -1,2,0,3,80,14,1,2021,17:40,2,56,56081,1,1,1,7,Kerminot D108,48.078652,-3.674841,17,1,1
202100007705,187Â 981,B01,1,1,1,9,1,-1,-1,0,0,-1,2021,51.0,2,2,0,2,3,1,1,,3,D46,-1,,2,2,0,2,23,800,3,, -1,1,0,1,90,18,11,2021,18:20,3,3,3038,1,1,0,1,D46,46.319689,3.232614,18,3,2
202100035849,137Â 618,A01,1,1,2,1,1,0,-1,-1, -1,-1,2021,43.0,2,5,0,2,4,2,1,,1,A50-Sens Aubagne vers Marseille,0,,3,3,0,1,4,699,1,, -1,1,0,1,90,8,6,2021,09:15,1,13,13211,1,1,0,2,A50-Sens Aubagne vers Marseille,43.29125,5.45081,9,2,2
202100005802,191Â 421,B01,2,2,2,5,1,-1,-1,0,0,-1,2021,55.0,1,2,0,2,3,1,1,,3,944,0,,2,2,0,1,45,650,1,, -1,2,0,1,90,26,11,2021,17:15,3,51,51278,1,1,1,3,D944,49.082563,4.280859,17,3,2
202100049803,112Â 725,B01,1,1,1,5,0,-1,-1,0,0,-1,2021,56.0,2,1,0,0,8,1,5,,3,417,0,,2,2,0,1,26,0,1,, -1,1,0,1,80,28,2,2021,15:45,1,68,68374,1,1,1,3,Departemental 417 lieu dit La Forge,48.061098,7.234899,15,2,2
202100030352,147Â 506,A01,1,1,1,5,2,6,-1,-1, -1,-1,2021,29.0,1,1,10,0,7,9,1,,3,R D 900,0,,3,4,0,1,25,141,1,, -1,1,0,1,90,3,7,2021,00:15,5,66,66136,1,6,0,6,SERRAT DEN VAQUER (RD PT),42.67838,2.88063,0,1,1
202100047199,117Â 400,B01,1,1,1,5,2,8,-1,-1, -1,-1,2021,69.0,3,1,0,2,1,1,1,,4,STADE DE L'EST (RUE DU),0,,2,3,0,1,0,0,1,, -1,1,0,1,50,20,3,2021,14:10,1,974,97411,2,3,0,3,STADE DE L'EST (RUE DU),-20.90157,55.50166,14,2,2
202100054835,103Â 785,A01,1,1,1,5,1,5,-1,-1, -1,-1,2021,48.0,2,2,0,2,1,14,2,,3,RD302   7.480 A 8.200,0,,1,2,0,1,7,500,1,, -1,2,0,1,90,15,1,2021,23:35,3,38,38557,1,1,0,2,RD302   7.480 A 8.200,45.76691,5.06917,23,4,2
202100004775,193Â 245,B01,1,1,1,9,1,0,-1,-1, -1,-1,2021,27.0,2,2,0,2,4,1,1,,7,D980,0,,3,4,0,1,0,981,1,, -1,1,0,1,90,3,12,2021,12:20,1,31,31555,1,1,0,4,D980,43.60691,1.36887,12,4,4
202100035925,137Â 473,A01,2,2,2,5,1,0,-1,-1, -1,-1,2021,39.0,1,2,0,2,1,2,1,,2,02 PK RN237 RE MOULIN JUSTICE,0,,3,4,0,1,2,37,1,, -1,1,0,1,90,7,6,2021,17:55,1,17,17200,1,1,0,2,02 PK RN237 RE MOULIN JUSTICE,46.18146,-1.14199,17,3,2
202100001084,199Â 826,A01,1,1,1,1,8,0,-1,-1, -1,-1,2021,34.0,3,0,0,2,7,2,3,,4,,0,,1,2,1,1,0,0,1,, -1,2,0,1,30,29,12,2021,07:30,5,92,92046,2,2,1,3,GAMBETTA (RUE),48.82272,2.307905,7,2,2
202100011832,180Â 573,A01,2,2,2,5,2,0,-1,-1, -1,-1,2021,15.0,3,1,0,9,1,1,1,,4,SAINT PIERRE CHEMIN DE,0,,2,1,0,2,1,0,1,, -1,1,0,1,50,20,10,2021,18:25,2,13,13047,2,1,0,2,SAINT PIERRE CHEMIN DE,43.49275,4.99984,18,3,2
202100021648,162Â 934,B01,1,1,2,9,1,0,-1,0,0,-1,2021,25.0,2,2,0,2,1,1,1,,4,AVENUE DE LA PORTE DE CLICHY,0,,1,3,3,1,(1),(1),1,, -1,1,0,1,50,29,8,2021,12:05,1,75,75117,2,1,0,2,AVENUE DE LA PORTE DE CLICHY,48.895753,2.311284,12,2,2
202100041637,127Â 177,A01,10,3,2,0,0,-1,-1,-1, -1,-1,2021,22.0,1,2,0,1,1,18,1,,4,AV DE LA RESISTANCE,0,,2,2,0,1,1,0,1,, -1,1,0,1,50,17,3,2021,04:40,5,77,77108,2,9,0,6,AV DE LA RESISTANCE,48.87517,2.58271,4,2,1
202100031330,145Â 739,B01,1,1,2,1,2,0,-1,-1, -1,-1,2021,59.0,2,1,0,2,1,1,0,,3,908,0,,2,7,1,1,0,0,1,, -1,1,0,1,50,2,7,2021,09:45,1,92,92026,2,3,0,3,VERDUN (DE 01 A 61),48.8968940236,2.2641652822,9,2,2
202100040381,129Â 425,A01,10,3,1,2,0,-1,-1,2,1,1,2021,17.0,1,2,1,1,0,1,0,,3,LECLERC (RUE DU GENERAL),0,,1,1,1,2,1,0,3,, -1,2,0,1,50,11,5,2021,13:25,1,93,93064,2,1,0,6,Rue du GÃ©nÃ©ral Leclerc,48.868207,2.492044,13,2,1
202100010607,182Â 770,B01,1,1,1,5,1,-1,-1,0,0,-1,2021,33.0,2,2,0,2,1,1,1,,2,30,-1,,2,2,0,2,8,400,1,, -1,1,0,1,50,28,10,2021,10:10,1,202,202150,2,3,0,2,RT30,42.5726460633,8.8307976725,10,2,2
202100027722,152Â 161,A01,1,1,1,5,2,8,-1,-1, -1,-1,2021,19.0,0,1,0,0,0,21,0,,4,DOUAUMONT ( RUE DE ),0,,-1,2,0,1,(1),(1),1,, -1,1,9,1,50,20,7,2021,00:45,5,62,62401,2,9,0,7,DOUAUMONT ( RUE DE ),50.49576,2.80616,0,1,1
202100025485,156Â 112,A01,1,1,1,1,8,0,-1,0,0,-1,2021,35.0,1,1,0,0,0,21,1,,4,RUE LA BOETIE,0,,1,2,0,1,(1),(1),1,, -1,1,0,1,30,5,8,2021,06:30,2,75,75108,2,2,0,7,RUE LA BOETIE,48.870526,2.305286,6,1,1
202100027569,152Â 444,A01,10,3,2,5,0,-1,-1,2,3,1,2021,12.0,1,1,0,1,3,1,1,,4,RUE DE LA CROIX NIVERT,0,,2,2,0,1,(1),(1),1,, -1,1,0,1,50,22,7,2021,16:00,1,75,75115,2,2,0,6,RUE DE LA CROIX NIVERT,48.837352,2.289451,16,2,1
202100056232,101Â 379,A01,1,1,2,1,2,8,-1,-1, -1,-1,2021,40.0,1,1,0,0,0,9,1,,2,RN2/043,0,,2,4,0,2,0,0,2,, -1,2,3,2,90,4,1,2021,21:00,3,974,97411,2,9,1,7,RN2/043,-20.89511,55.50283,21,1,1
202100053868,105Â 458,B01,1,1,2,5,1,-1,-1,0,0,-1,2021,23.0,1,2,0,2,4,23,1,,3,674,0,D,2,2,0,2,47,170,1,, -1,1,0,1,80,24,1,2021,12:10,1,54,54296,1,9,0,4,D674,48.73556632,6.3126862044,12,5,3
202100015090,174Â 733,B01,1,1,1,2,2,6,-1,0,0,-1,2021,14.0,1,1,0,2,3,1,1,,3,GAMBETTA,0,,2,2,0,1,13,950,1,, -1,1,0,1,30,30,9,2021,16:35,1,12,12089,2,1,0,1,14 Rue Gambetta,44.5606102133,2.2501348704,16,2,2
202100014929,175Â 027,A01,1,1,1,4,1,4,-1,-1, -1,-1,2021,30.0,1,5,0,2,4,2,1,,1,A86 INT,0,,3,4,0,1,47,500,1,, -1,1,0,1,90,6,10,2021,16:00,1,94,94073,1,1,0,2,A86 INT,48.753601,2.376143,16,2,2
202100042560,125Â 552,B01,1,1,2,5,2,4,9,0,0,-1,2021,72.0,2,1,0,2,3,1,5,,3,776,0,D,2,2,0,1,1,60,3,, -1,1,0,1,70,27,4,2021,17:00,1,22,22364,2,1,1,3,D776,48.437202,-2.112122,17,2,2
202100036311,136Â 782,A01,2,2,1,5,0,-1,-1,0,0,-1,2021,25.0,1,2,13,0,2,1,1,,3,612,-1,,-1,3,0,2,33,238,4,, -1,1,0,3,80,6,6,2021,01:20,3,81,81204,1,1,0,6,D612 PK032+700,43.560639,2.324064,1,2,1
202100041249,127Â 870,B01,1,1,1,2,8,0,-1,-1, -1,-1,2021,18.0,1,1,0,2,1,1,5,,4,BERTHELOT                           (AV),0,,2,4,3,1,(1),(1),1,, -1,2,0,6,50,5,5,2021,07:50,1,69,69387,2,2,1,3,BERTHELOT                           (AV),45.74172,4.85283,7,2,2
202100000977,200Â 009,A01,1,1,1,5,8,0,-1,-1, -1,-1,2021,46.0,2,2,0,2,8,9,1,,3,DRECHE (RTE DE LA),0,,2,1,0,1,0,123,2,, -1,2,0,1,30,28,12,2021,21:05,5,81,81004,2,1,1,3,DRECHE (RTE DE LA),43.9526560929,2.15348728,21,2,2
202100031965,144Â 608,B01,2,2,2,0,8,0,-1,-1, -1,-1,2021,47.0,1,1,0,2,3,17,1,,7,TOULON RD 46 ( ROUTE DE ),0,,2,2,0,1,11,400,1,, -1,1,0,1,50,26,6,2021,18:30,1,83,83069,2,1,1,3,TOULON RD 46 ( ROUTE DE ),43.12623,6.09701,18,4,2
202100025919,155Â 354,A01,1,1,2,0,1,-1,-1,0,0,-1,2021,49.0,1,2,13,0,2,1,1,,3,16,0,D,2,2,0,2,1,0,4,, -1,1,0,8,80,3,8,2021,15:45,1,48,48061,1,1,0,6,D16,44.323691,3.58709,15,1,1
202100006526,190Â 137,B01,1,1,2,1,1,-1,-1,0,0,-1,2021,28.0,1,2,0,2,1,1,1,,2,79,0,,2,2,0,1,65,50,1,, -1,1,2,1,80,25,11,2021,07:40,1,71,71525,1,1,0,1,N79 - RCEA,46.37225,4.674661,7,2,2
202100035423,138Â 398,B01,1,1,2,1,1,-1,-1,-1, -1,-1,2021,33.0,1,5,0,2,6,1,1,,1,,0,,3,6,0,1,30,0,1,, -1,1,0,1,90,10,6,2021,14:20,1,33,33550,1,1,0,3,ROCADE A 630,44.77831,-0.56655,14,2,2
202100042104,126Â 370,A01,1,1,1,1,1,-1,-1,0,0,-1,2021,34.0,1,2,3,0,9,1,1,,3,997,-1,,2,2,0,2,15,80,3,, -1,2,9,3,80,28,4,2021,13:22,1,18,18083,1,1,1,6,Route de Sidiailles,46.544731,2.342256,13,1,1
202100010226,183Â 431,A01,2,2,1,5,1,-1,-1,0,0,-1,2021,16.0,0,2,2,0,1,1,3,,7,56,-1,,2,2,0,1,(1),(1),1,, -1,1,0,3,-1,30,10,2021,00:15,3,13,13090,1,1,0,1,d56,43.519,5.597,0,3,1
202100037325,134Â 953,B01,1,1,2,9,8,0,-1,-1, -1,-1,2021,35.0,2,1,0,2,0,1,0,,3,19,0,,1,3,1,1,0,0,1,, -1,1,0,5,50,31,5,2021,18:30,1,92,92024,2,1,0,3,MARTRE (RUE) DE (59 A 109)   (58 A 120),48.9024664446,2.3067158461,18,2,2
202100050518,111Â 397,A01,1,1,1,5,2,6,4,0,0,-1,2021,69.0,1,1,0,0,0,16,5,,3,97,0,,2,2,0,1,(1),(1),1,, -1,1,0,1,80,24,2,2021,15:15,1,14,14103,1,1,0,7,Route de Saon,49.256132,-0.86927,15,1,1
202100034244,140Â 535,A01,1,1,1,4,1,-1,-1,0,0,-1,2021,28.0,2,2,0,2,7,1,1,,3,CASSIN (RUE RENE),0,,-1,2,0,1,12,506,1,, -1,1,0,1,50,15,6,2021,07:25,1,65,65100,1,3,0,3,CASSIN (RUE RENE),43.26202,0.05728,7,2,2
202100020681,164Â 667,A01,1,1,1,0,2,6,-1,-1, -1,-1,2021,43.0,0,1,0,0,9,26,0,,4,DELPHINIUMS (CHEMIN DES),0,,2,1,0,1,0,0,1,, -1,1,0,1,50,5,9,2021,18:00,1,83,83090,1,1,0,7,DELPHINIUMS (CHEMIN DES),43.1221405615,5.842269659,18,1,1
202100039213,131Â 530,B01,1,1,1,3,1,-1,-1,0,0,-1,2021,23.0,2,2,0,2,3,1,1,,3,995,-1,,2,2,0,1,4,875,3,, -1,1,0,1,80,21,5,2021,13:15,1,55,55427,1,1,0,1,RD 995 / PK 04+875,48.812883,4.970713,13,2,2
202100025414,156Â 231,B01,1,1,2,0,2,0,-1,-1, -1,-1,2021,53.0,1,1,0,2,6,9,1,,2,MARINGOUINS (ROND-POINT),0,,1,2,0,1,3,0,3,, -1,1,0,1,50,5,8,2021,14:45,1,973,97302,2,6,0,2,MARINGOUINS (ROND-POINT),4.90783,-52.32216,14,3,2
202100054367,104Â 581,A01,10,3,1,0,0,-1,-1,3,3,-1,2021,19.0,2,2,0,1,1,13,1,,4,LOUIS BORDES (RUE),0,,2,2,0,1,0,0,1,, -1,1,0,1,50,20,1,2021,16:15,1,93,93072,2,1,0,6,LOUIS BORDES (RUE),48.9558,2.38319,16,2,1
202100048666,114Â 764,A01,1,1,2,2,8,-1,-1,0,0,-1,2021,17.0,2,1,0,2,1,15,5,,3,LATTRE DE TASSIGNY(BOULEVARD DE),0,,2,3,0,1,3,830,1,, -1,1,0,1,50,9,3,2021,13:00,1,65,65440,2,2,0,3,LATTRE DE TASSIGNY(BOULEVARD DE),43.22808,0.0565,13,2,2
202100022567,161Â 285,A01,1,1,2,0,1,-1,-1,-1, -1,-1,2021,67.0,1,5,0,2,1,2,1,,1,ROCADE A 630,0,,3,6,0,1,7,755,1,, -1,1,0,1,90,26,8,2021,17:36,1,33,33075,1,1,0,2,ROCADE A 630,44.88916,-0.59775,17,3,2
202100056505,100Â 901,A01,1,1,1,5,6,2,-1,0,0,-1,2021,48.0,0,1,6,0,1,0,1,,3,18,0,,2,2,0,1,38,200,1,, -1,1,0,1,30,1,1,2021,05:15,5,34,34147,2,3,0,6,2 avenue de BÃ©ziers,43.471449,3.222046,5,1,1
202100010977,182Â 106,B01,1,1,1,1,2,6,-1,0,0,-1,2021,32.0,1,1,0,2,8,1,1,,3,61,-1,,2,2,0,1,2,50,1,, -1,1,5,1,70,27,10,2021,08:00,2,29,29020,1,3,0,1,ZI des Pays-Bas,48.100509,-4.027579,8,2,2
202100047877,116Â 162,A01,1,1,1,0,2,6,-1,0,0,-1,2021,28.0,1,1,0,2,3,1,1,,3,432,0,,2,2,0,1,5,342,1,, -1,1,0,1,50,17,3,2021,13:30,1,26,26313,2,2,0,3,avenue de provence,44.974089,4.960327,13,2,2
202100028565,150Â 660,B01,4,2,2,5,1,-1,-1,0,0,-1,2021,9.0,2,2,0,2,8,1,1,,3,1075,-1,,2,2,0,1,35,660,3,, -1,1,0,1,90,17,7,2021,16:40,1,5,5089,1,1,0,3,RD 1075,44.387021,5.743586,16,6,2
202100025627,155Â 877,A01,1,1,1,5,2,6,-1,0,0,-1,2021,34.0,1,1,0,0,7,14,1,,4,PORTE D ASNIERES,0,,1,4,0,1,17,900,1,, -1,1,1,1,70,3,8,2021,17:39,1,75,75117,2,1,0,7,PORTE D ASNIERES,48.888911,2.294871,17,1,1
202100039274,131Â 399,B01,1,1,1,9,8,0,-1,-1, -1,-1,2021,20.0,2,1,0,2,1,1,5,,4,BAYONNE DE,0,,2,2,2,1,0,0,1,, -1,1,0,5,50,19,5,2021,17:45,1,64,64129,2,3,0,3,BAYONNE DE,43.30425,-0.4003,17,2,2
202100000989,199Â 987,A01,3,2,2,0,1,0,-1,-1, -1,-1,2021,20.0,2,2,0,0,7,14,1,,2,,0,,3,4,0,1,31,200,1,, -1,2,0,2,110,29,12,2021,09:50,1,71,71306,1,1,1,7,RN 70 (ROUTE EXPRESS),46.65815,4.33085,9,3,1
202100051190,110Â 171,A01,10,3,2,9,8,8,-1,4,3,1,2021,43.0,2,1,0,1,1,1,1,,4,BOULEVARD DES BATIGNOLLES,0,,1,2,0,1,(1),(1),1,, -1,1,0,1,50,17,2,2021,14:11,1,75,75108,2,7,0,6,BOULEVARD DES BATIGNOLLES,48.881231,2.316824,14,2,1
202100004527,193Â 683,B01,1,1,1,9,2,8,-1,-1, -1,-1,2021,51.0,3,1,0,2,1,1,3,,7,PONT DE VIVAUX (BOULEVARD),0,,2,2,0,1,0,0,1,, -1,1,0,1,50,5,12,2021,13:50,1,13,13210,2,1,0,1,PONT DE VIVAUX (BOULEVARD),43.28,5.41,13,3,2
202100014588,175Â 635,A01,10,3,2,3,0,-1,-1,3,3,2,2021,49.0,3,2,0,1,1,1,1,,4,MARNE (AVENUE DE LA),0,,1,1,0,1,0,0,1,, -1,1,0,1,50,7,10,2021,11:30,1,65,65440,2,9,0,6,MARNE (AVENUE DE LA),43.231785,0.085769,11,3,1
202100033432,142Â 013,A01,2,2,1,9,2,0,-1,0,0,-1,2021,22.0,2,1,0,2,2,17,3,,4,RUE DU FAUBOURG SAINT MARTIN,0,,2,4,0,1,(1),(1),1,, -1,1,0,1,50,18,6,2021,22:30,5,75,75110,2,3,0,3,RUE DU FAUBOURG SAINT MARTIN,48.875833,2.36027,22,3,2
202100005855,191Â 323,A01,1,1,1,0,1,0,-1,-1, -1,-1,2021,51.0,2,2,0,0,3,1,1,,1,AUTOROUTE A86,0,,3,6,0,1,18,500,1,, -1,2,0,1,90,28,11,2021,00:40,3,93,93027,1,1,1,6,AUTOROUTE A86,48.92867,2.41463,0,1,1
202100001521,199Â 077,A01,1,1,1,5,2,-1,-1,0,0,-1,2021,40.0,1,1,0,5,1,1,5,,3,14,-1,,2,2,0,2,2,100,3,, -1,1,0,1,80,26,12,2021,10:00,1,65,65278,1,1,0,6,RD14 - PK 2 + 100,43.045229,0.300643,10,1,1
202100050957,110Â 595,A01,1,1,2,5,1,-1,-1,0,0,-1,2021,52.0,1,2,0,2,3,1,1,,3,23,-1,,2,2,0,1,53,100,1,, -1,1,0,1,80,17,2,2021,11:25,1,31,31547,1,2,0,3,D23,43.488253,1.275476,11,2,2
202100024367,158Â 125,A01,10,3,2,5,0,-1,-1,4,3,1,2021,73.0,3,2,0,1,1,1,1,,3,235,-1,D,2,2,0,2,8,580,1,, -1,1,0,6,50,13,8,2021,21:43,5,61,61483,2,9,0,6,6 Avenue Robert Cousin,48.557711,-0.418671,21,2,1
202100010323,183Â 254,B01,1,1,1,4,2,6,-1,-1, -1,-1,2021,18.0,1,1,0,2,0,1,1,,4,CHE DE GINESTOUS,0,,2,2,0,1,(1),(1),1,, -1,1,0,1,50,29,10,2021,11:10,1,31,31555,2,1,0,3,CHE DE GINESTOUS,43.63954,1.41114,11,2,2
202100045536,120Â 348,B01,1,1,2,2,1,-1,-1,-1, -1,-1,2021,19.0,1,2,0,2,1,1,1,,4,FRANCIS DE PRESSENSE                (AV),0,,3,5,1,1,(1),(1),1,, -1,1,5,1,50,1,4,2021,15:45,1,69,69259,2,2,0,3,FRANCIS DE PRESSENSE                (AV),45.72733,4.86199,15,4,2
202100016495,172Â 142,A01,2,2,2,9,8,0,-1,-1, -1,-1,2021,93.0,1,2,0,2,3,26,1,,4,DAVIERS BOULEVARD,0,,3,2,0,1,1,0,1,, -1,1,0,1,50,27,9,2021,13:22,1,49,49007,2,1,0,1,DAVIERS BOULEVARD,47.479412,-0.558465,13,3,2
202100016500,172Â 135,A01,1,1,1,5,1,0,-1,-1, -1,-1,2021,68.0,2,2,1,0,1,1,1,,4,BAS-RIVIERE (RUE),0,,2,2,0,1,(1),(1),1,, -1,1,0,4,50,26,9,2021,20:40,3,41,41018,2,1,0,6,BAS-RIVIERE (RUE),47.56854,1.32221,20,1,1
202100030511,147Â 224,A01,1,1,1,0,2,6,-1,-1, -1,-1,2021,44.0,1,1,4,2,1,2,1,,1,AUTOROUTE A86,0,,3,8,0,1,27,399,1,, -1,1,0,1,90,6,7,2021,19:30,1,93,93064,1,1,0,2,AUTOROUTE A86,48.87459,2.47911,19,2,2
202100023384,159Â 820,A01,1,1,1,5,1,-1,-1,0,0,-1,2021,44.0,2,2,16,0,0,1,1,,3,981,0,D,2,2,0,1,0,800,2,, -1,1,0,8,80,20,8,2021,18:15,1,60,60644,1,1,0,7,RD981,49.2809162892,1.7985670566,18,1,1
202100051783,109Â 137,B01,4,2,2,9,1,0,-1,-1, -1,-1,2021,48.0,2,2,0,2,4,1,1,,2,RN 147,0,,3,4,0,2,56,0,1,, -1,2,0,1,80,10,2,2021,08:30,1,86,86194,2,1,1,2,N147,46.600372,0.391743,8,3,2
202100003669,195Â 198,B01,10,3,2,0,0,-1,-1,2,3,1,2021,17.0,1,2,0,1,1,1,1,,4,PCE DE LA VICTOIRE,0,,2,2,0,1,(1),(1),2,, -1,2,0,1,50,10,12,2021,17:20,5,33,33063,2,7,1,6,Place de la Victoire,44.83077,-0.57307,17,2,1
202100048751,114Â 622,B01,1,1,2,3,1,-1,-1,0,0,-1,2021,31.0,1,2,0,2,3,1,1,,3,45,0,,2,2,0,1,15,490,1,, -1,1,0,1,80,9,3,2021,17:55,1,81,81100,1,2,0,3,D45,43.4800499887,2.0085875279,17,3,2
202100013489,177Â 624,B01,1,1,1,0,2,0,-1,0,0,-1,2021,18.0,1,1,0,2,1,1,1,,4,Boulevard Thiers,0,,2,2,0,1,(1),(1),1,, -1,1,0,1,30,9,10,2021,20:15,5,88,88383,2,3,0,3,Boulevard Thiers,48.01738,6.59332,20,3,2
202100035689,137Â 919,B01,1,1,2,1,1,0,-1,-1, -1,-1,2021,39.0,2,2,0,2,1,0,1,,7,RN 138,0,,2,2,0,2,6,700,2,, -1,1,0,1,50,8,6,2021,17:15,1,76,76319,1,1,0,1,RN 138,49.34472,1.01244,17,2,2
202100002129,197Â 991,B01,1,1,1,9,2,6,-1,0,0,-1,2021,15.0,2,1,0,2,7,1,1,,4,POINTE (de la),0,,2,2,0,1,(1),(1),1,, -1,1,0,1,50,18,12,2021,12:00,1,80,80001,2,1,0,3,POINTE (de la),50.1104844625,1.8252278119,12,2,2
202100044799,121Â 635,A01,1,1,1,5,2,0,-1,-1, -1,-1,2021,52.0,2,1,0,0,0,1,5,,4,SCHUMAN (BOULEVARD ROBERT),0,,3,4,3,1,3,0,1,, -1,1,5,1,50,4,4,2021,09:26,1,87,87085,2,6,0,7,SCHUMAN (BOULEVARD ROBERT),45.85686,1.27004,9,1,1
202100049308,113Â 623,A01,1,1,2,5,1,-1,-1,0,0,-1,2021,55.0,0,2,13,0,3,13,1,,4,,-1,,2,2,0,1,(1),(1),1,, -1,1,0,3,80,5,3,2021,11:45,1,82,82161,1,1,0,6,Chemin de Saint-macaire,44.055502,1.430842,11,1,1
202100003353,195Â 771,B01,1,1,1,5,2,9,-1,0,0,-1,2021,22.0,2,1,0,2,1,1,1,,3,557,0,,2,1,0,2,9,0,1,,3,1,0,1,50,13,12,2021,10:30,1,83,83149,2,3,0,1,RD557 PK9,43.578137,6.28257,10,2,2
202100018652,168Â 301,A01,1,1,2,3,1,-1,-1,0,0,-1,2021,70.0,2,2,13,0,1,1,1,,3,D118,-1,,2,2,0,1,0,50,1,, -1,1,0,3,50,17,9,2021,15:00,1,54,54102,2,1,0,7,rue saint MARTIN,48.7055549362,5.8585774894,15,2,1
202100020312,165Â 330,A01,10,3,2,0,0,-1,-1,3,3,1,2021,21.0,1,2,0,1,3,1,1,,3,EGALITE (RUE DE L'),0,,2,2,0,1,4,700,1,, -1,1,0,1,50,6,9,2021,18:10,1,10,10325,2,1,0,6,EGALITE (RUE DE L'),48.26588,4.06025,18,3,1
202100027425,152Â 695,A01,10,3,2,3,0,-1,-1,2,3,1,2021,88.0,2,2,0,1,3,1,1,,3,1089,0,D,2,2,0,1,6,700,1,, -1,1,0,1,50,21,7,2021,09:30,1,42,42149,2,4,0,6,Avenue de la Gare,45.6441650427,4.2323984206,9,2,1
202100052773,107Â 398,A01,2,2,2,5,1,0,-1,-1, -1,-1,2021,22.0,3,2,13,0,1,14,1,,3,CD72,0,,2,2,0,1,1,765,2,, -1,1,0,3,80,1,2,2021,16:30,1,41,41295,1,1,0,7,CD72,47.59641,1.37744,16,2,1
202100048829,114Â 484,A01,1,1,1,5,2,6,-1,0,0,-1,2021,49.0,2,1,0,2,8,1,5,,3,16,-1,,2,2,0,1,13,600,1,, -1,1,0,1,80,6,3,2021,16:30,1,69,69059,1,1,0,5,MARCILLY (DE) (RTE),45.864900821,4.7186493874,16,3,3
202100009073,185Â 488,B01,1,1,2,5,1,-1,-1,-1,0,-1,2021,48.0,1,2,0,2,3,1,1,,3,MONTMAGNY (RUE DE),0,,2,2,0,1,13,200,1,, -1,2,0,1,50,1,11,2021,21:45,5,95,95288,2,1,1,1,MONTMAGNY (RUE DE),48.98326,2.35444,21,3,2
202100026233,154Â 810,A01,1,1,1,5,2,6,-1,0,0,-1,2021,26.0,1,1,0,0,9,1,1,,3,1212,-1,,2,2,0,2,7,110,2,, -1,1,0,1,80,31,7,2021,11:20,1,73,73262,1,1,0,7,D1212 Route du Val d Arly,45.795087846,6.4838374924,11,3,2
202100000852,200Â 214,A01,10,3,1,0,0,-1,-1,4,5,1,2021,14.0,3,2,0,1,1,1,1,,4,ESTEREL USINE DES EAUX,0,,2,2,0,1,0,0,1,, -1,2,0,1,50,29,12,2021,11:15,1,72,72181,2,1,0,6,ESTEREL USINE DES EAUX,47.99446,0.23442,11,2,1
202100053031,106Â 931,A01,2,2,2,5,1,0,-1,-1, -1,-1,2021,21.0,2,2,4,0,1,18,1,,2,346,0,,3,4,0,2,36,500,1,, -1,1,0,2,90,15,1,2021,18:25,3,69,69277,1,1,0,6,RN346,45.7391034788,4.9850356579,18,2,1
202100006397,190Â 362,B01,1,1,1,0,8,8,-1,-1, -1,-1,2021,30.0,1,1,0,2,6,1,5,,3,RD 31,0,,2,2,0,1,2,180,1,, -1,1,0,1,80,24,11,2021,20:15,3,88,88463,1,1,0,2,RD 31,48.25922,6.88964,20,2,2
202100011162,181Â 780,A01,1,1,1,0,1,-1,-1,0,0,-1,2021,61.0,1,2,0,2,1,5,1,,3,,-1,,2,2,0,1,85,392,1,, -1,2,0,1,80,26,10,2021,10:20,1,36,36010,1,1,1,3,,46.8511774183,1.0567633162,10,2,2
202100009685,184Â 393,A01,1,1,2,1,1,-1,-1,0,0,-1,2021,18.0,1,2,0,2,1,17,1,,3,402,-1,,2,2,0,1,43,172,1,, -1,1,0,1,80,3,11,2021,09:30,1,77,77176,1,1,0,1,D402,48.756636,3.017415,9,2,2
202100006566,190Â 064,A01,1,1,2,0,2,-1,-1,-1, -1,-1,2021,39.0,3,1,0,2,4,1,1,,4,GALLIENI                            (PT),0,,2,5,3,1,(1),(1),1,, -1,1,2,1,50,6,11,2021,06:15,5,69,69382,2,1,0,2,GALLIENI (PT),45.7486047892,4.831200242,6,2,2
202100043232,124Â 381,B01,1,1,1,5,0,-1,-1,0,0,-1,2021,69.0,1,0,0,0,6,1,1,,3,3,-1,,2,2,0,1,6,0,1,, -1,1,0,1,50,22,4,2021,13:40,1,68,68203,2,1,0,2,10 Rue de Guebwiller,47.911759,7.292259,13,2,2