Num_Acc,id_vehicule,num_veh,place,catu,sexe,trajet,secu1,secu2,secu3,locp,actp,etatp,year_acc,victim_age,senc,catv,obs,obsm,choc,manv,motor,occutc,catr,voie,v1,v2,circ,nbv,vosp,prof,pr,pr1,plan,lartpc,larrout,surf,infra,situ,vma,jour,mois,an,hrmn,lum,dep,com,agg_,int,atm,col,adr,lat,long,hour,nb_victim,nb_vehicules
202100036709,136Â 095,A01,2,2,2,5,1,-1,-1,0,0,-1,2021,57.0,1,2,0,2,1,12,1,,1,11,0,A,1,4,0,1,155,500,1,, -1,1,0,1,130,3,6,2021,19:00,1,72,72241,1,9,0,2,AUTOROUTE A11 PK 155.500,48.060553,0.385953,19,4,2
202100037236,135Â 125,A01,1,1,2,1,1,-1,-1,-1, -1,-1,2021,36.0,0,2,0,2,1,2,1,,4,PREVERT (AVENUE JACQUES),0,,2,2,0,2,0,0,1,, -1,1,0,1,50,28,5,2021,12:00,1,50,50173,2,1,0,2,PREVERT (AVENUE JACQUES),49.65476,-1.66967,12,2,2
202100048668,114Â 761,A01,1,1,1,1,2,8,-1,-1,0,-1,2021,50.0,2,1,15,0,1,14,1,,3,645,0,,3,2,0,1,(1),(1),2,, -1,1,0,4,50,6,3,2021,00:30,3,59,59185,2,1,0,6,PLACE R,50.33576,3.21261,0,1,1
202100008421,186Â 687,A01,2,2,2,5,1,-1,-1,0,0,-1,2021,23.0,1,2,13,0,9,1,1,,3,1120,0,D,2,2,0,2,36,490,2,, -1,2,0,3,70,13,11,2021,14:20,1,19,19127,1,1,1,6,conches,45.1775799524,1.8549031019,14,2,1
202100007558,188Â 233,A01,1,1,1,5,0,-1,-1,0,0,-1,2021,71.0,2,2,8,0,9,1,1,,4,,0,,2,2,0,2,874,0,2,,4,1,0,8,50,29,8,2021,19:28,1,74,74236,1,1,0,6,Rte du Prarion,45.897584,6.721106,19,2,1
202100030624,147Â 016,A01,1,1,1,0,8,-1,-1,0,0,-1,2021,37.0,2,2,4,0,1,1,1,,1,34,-1,,3,4,0,1,108,150,1,, -1,1,0,1,-1,5,7,2021,14:45,1,51,51454,1,1,0,7,A34,49.253549,4.084597,14,1,1
202100052428,107Â 999,A01,1,1,1,0,2,6,-1,-1, -1,-1,2021,20.0,2,1,0,2,1,17,1,,3,POMMERY (BOULEVARD),0,,1,1,0,1,19,1000,1,, -1,1,0,1,50,5,2,2021,17:45,5,51,51454,2,1,0,3,Boulevard Pommery,49.2510228925,4.0530056229,17,2,2
202100030649,146Â 974,B01,1,1,2,0,1,-1,-1,0,0,-1,2021,71.0,2,2,0,2,1,1,2,,7,10,0,D,2,2,0,1,23,(1),3,,6,1,0,1,80,5,7,2021,16:05,1,13,13051,1,1,0,1,Route Departementale 10,43.544903,5.136804,16,2,2
202100047353,117Â 129,B01,1,1,2,0,2,6,-1,-1, -1,-1,2021,38.0,2,1,0,0,0,21,1,,4,HEURTELOUP (BOULEVARD),0,,3,4,0,1,(1),(1),1,, -1,1,0,1,50,18,3,2021,15:20,1,37,37261,2,1,0,7,HEURTELOUP (BOULEVARD),47.3913754603,0.696194172,15,1,1
202100045714,120Â 033,B01,1,1,1,4,2,4,-1,-1, -1,-1,2021,33.0,2,1,0,2,4,2,1,,7,RD383   3.750 A 7.640,0,,3,3,0,1,6,900,1,, -1,1,0,1,70,31,3,2021,23:00,5,69,69266,1,1,0,2,RD383 ,45.75591,4.90877,23,2,2
202100027844,151Â 946,B01,1,1,1,5,0,-1,-1,0,0,-1,2021,23.0,3,1,0,2,1,1,1,,2,7,0,,-1,2,0,1,(1),(1),1,, -1,1,0,1,70,21,7,2021,17:20,1,978,97801,2,1,0,2,rn 7 - bellevue,18.05711,-63.08547,17,2,2
202100042000,126Â 548,B01,2,2,2,0,8,-1,-1,-1, -1,-1,2021,51.0,1,2,0,2,1,1,1,,4,PARMENTIER                          (R ),0,,1,1,0,1,(1),(1),1,, -1,2,0,1,30,29,4,2021,21:40,5,69,69149,2,2,1,3,PARMENTIER (R),45.71599,4.81139,21,4,2
202100036652,136Â 195,A01,2,2,1,5,2,0,-1,-1, -1,-1,2021,21.0,2,1,12,0,8,17,1,,3,MAXIME GORKI (BD),0,,3,3,0,1,1,0,1,, -1,1,0,1,50,3,6,2021,15:50,1,94,94076,2,2,0,6,Boulevard Maxime Gorki,48.78858,2.36835,15,2,1
202100019132,167Â 429,A01,10,3,2,9,0,-1,-1,2,9,1,2021,23.0,2,1,0,1,1,17,1,,3,passamanty-VahibÃ© ( route ),0,,2,2,0,1,0,0,1,, -1,1,0,1,50,13,9,2021,07:20,1,976,97611,2,2,0,6,passamanty-VahibÃ© ( route ),-12.80094,45.20553,7,2,1
202100044858,121Â 535,A01,1,1,2,5,1,-1,-1,0,0,-1,2021,23.0,1,2,0,2,2,1,1,,3,18,-1,,2,2,0,1,48,200,1,, -1,1,0,1,80,7,4,2021,09:00,1,86,86226,1,1,0,1,La Vignasserie,46.536982,0.530809,9,2,2
202100022545,161Â 330,B01,1,1,1,1,1,-1,-1,0,0,-1,2021,25.0,0,2,0,2,3,15,1,,3,82,0,,2,2,0,2,10,400,3,, -1,2,0,1,80,24,8,2021,18:40,1,202,202188,1,1,1,6,au niveau du lieu-dit u castellu,42.604273,9.357047,18,2,2
202100009513,184Â 708,B01,1,1,1,5,0,-1,-1,0,0,-1,2021,17.0,1,1,0,2,1,1,1,,3,,-1,,2,2,0,1,(1),(1),1,,4,2,0,8,50,3,11,2021,19:00,5,68,68248,2,3,1,3,rue principale,47.492595,7.391331,19,2,2
202100011539,181Â 091,A01,1,1,1,0,2,8,-1,-1, -1,-1,2021,50.0,1,1,0,2,2,21,1,,2,11 - RT,0,,3,2,0,1,1,0,1,, -1,1,0,1,50,21,10,2021,09:39,1,202,202033,2,1,0,2,11 - RT,42.7,9.45,9,2,2
202100020627,164Â 755,A01,1,1,1,1,1,-1,-1,0,0,-1,2021,50.0,1,2,8,0,2,21,1,,3,53,-1,,2,2,0,1,(1),(1),1,, -1,1,0,4,50,1,6,2021,04:40,5,38,38519,2,1,0,6,146 Route de Lyon,45.607498,5.037921,4,1,1
202100043363,124Â 156,A01,10,3,1,0,0,-1,-1,3,3,1,2021,17.0,-1,5,0,1,6,4,1,,3,PARIS RUE DE,0,,2,2,0,1,238,0,1,, -1,1,0,1,50,19,4,2021,20:10,1,93,93045,2,1,0,6,PARIS RUE DE,48.88303,2.4265,20,3,2
202100036088,137Â 174,B01,1,1,1,0,1,-1,-1,-1, -1,-1,2021,79.0,1,2,0,2,4,1,1,,3,MISTRAL (AVENUE F.),0,,2,2,0,1,9,630,1,, -1,1,0,1,50,4,6,2021,16:30,1,4,4112,2,1,0,4,RD 4096 (av Frederic Mistral),43.82268,5.78762,16,5,4
202100016734,171Â 706,A01,4,2,2,5,1,-1,-1,0,0,-1,2021,23.0,1,2,8,0,0,12,1,,1,7,0,A,1,1,0,1,143,250,1,, -1,1,0,3,130,13,9,2021,13:20,1,84,84019,1,9,0,7,Autoroute A7 sens bretelle de BollÃ¨ne1,44.297446,4.746185,13,4,1
202100045990,119Â 552,B01,1,1,1,0,2,6,-1,-1, -1,-1,2021,58.0,1,1,0,2,1,1,1,,4,CONDORCET (R),0,,2,2,0,1,5,0,1,, -1,1,0,1,50,30,3,2021,09:20,1,94,94019,2,1,0,3,Rue Condorcet,48.798329,2.542664,9,2,2
202100020771,164Â 512,B01,1,1,1,5,2,6,-1,0,0,-1,2021,29.0,1,1,0,2,1,1,1,,3,3,-1,,2,3,0,1,19,145,1,, -1,1,5,1,90,5,9,2021,16:30,1,15,15162,1,3,1,1,intersection dÃ©partementales 3 et 678,45.286244,2.637065,16,3,2
202100026166,154Â 926,Z01,10,3,2,5,0,-1,-1,4,3,1,2021,41.0,2,1,0,1,1,17,0,,3,906,0,,2,2,0,1,1,0,1,, -1,1,0,1,50,31,7,2021,17:05,1,92,92020,2,1,0,6,PARIS AVENUE DE NÂ° IMPAIRS,48.8073527845,2.2942331039,17,2,1
202100042441,125Â 760,B01,1,1,1,0,2,0,-1,-1, -1,-1,2021,37.0,1,1,0,2,0,1,0,,3,SAINT GERMAIN (AVENUE DE),0,,3,3,0,1,9,837,1,, -1,1,5,1,50,23,4,2021,20:35,1,78,78372,2,9,0,2,SAINT GERMAIN (AVENUE DE),48.87672,2.09605,20,2,2
202100007958,187Â 507,B01,1,1,2,5,1,0,-1,-1, -1,-1,2021,24.0,3,2,0,2,4,1,1,,3,RAIE BRUNET(CHEMIN DE LA),0,,2,2,0,1,1,1600,1,, -1,1,0,1,50,28,4,2021,16:15,1,38,38318,1,1,0,2,RAIE BRUNET(CHEMIN DE LA),45.53922,4.926,16,2,2
202100003090,196Â 238,B01,1,1,2,1,2,-1,-1,-1, -1,-1,2021,26.0,2,0,0,2,0,1,3,,3,BOINTON  R,0,,2,2,0,1,2,100,1,, -1,2,0,1,50,13,12,2021,07:15,5,69,69264,2,6,0,3,BURDEAU (BD),45.9953,4.72064,7,2,2
202100003123,196Â 183,A01,1,1,2,5,1,0,-1,-1, -1,-1,2021,80.0,2,2,0,2,1,2,1,,3,RD 956,0,,2,2,0,1,(1),(1),1,, -1,1,0,1,50,11,12,2021,13:40,1,41,41212,2,6,0,2,PATTE D'OIE (rond point),47.56113,1.37367,13,2,2
202100016789,171Â 604,B01,1,1,1,5,1,6,-1,-1, -1,-1,2021,29.0,2,1,0,2,7,1,1,,3,ROUTE DEPARTEMENTALE 3,0,,2,2,0,1,0,0,1,, -1,1,0,1,70,24,9,2021,13:19,1,972,97213,1,1,0,3,ROUTE DEPARTEMENTALE 3,14.62889,-60.98877,13,2,2
202100043740,123Â 502,A01,3,2,2,5,8,-1,-1,-1, -1,-1,2021,20.0,2,2,0,2,6,15,1,,4,SIDOINE APPOLINAIRE                 (AV),0,,2,4,0,4,(1),(1),1,, -1,1,0,1,50,16,4,2021,17:50,1,69,69389,2,9,0,2,SIDOINE APOLLINAIRE (AV),45.7688177014,4.7978925705,17,5,2
202100035199,138Â 778,B01,1,1,1,1,2,6,-1,-1, -1,-1,2021,44.0,1,1,0,2,2,1,1,,2,RN104,0,,3,6,0,1,2,299,1,, -1,1,0,1,90,11,6,2021,07:45,1,77,77146,1,1,0,3,RN104,48.8139923741,2.627040126,7,2,2
202100006786,189Â 657,A01,1,1,1,1,1,-1,-1,0,0,-1,2021,42.0,2,2,0,2,4,1,1,,3,111,0,,2,2,0,2,3,10,1,,7,7,0,1,-1,24,11,2021,07:50,2,35,35183,1,1,0,2,Lieu Dit le Petit Cerisais,48.092771,-1.083666,7,3,2
202100020170,165Â 581,B01,1,1,1,5,1,-1,-1,0,0,-1,2021,21.0,1,2,3,2,6,24,1,,1,13,0,,4,2,0,1,112,990,1,, -1,1,3,2,90,4,9,2021,17:35,1,76,76484,1,1,0,4,A13 - VOIE D'INSERTION,49.3395993919,1.0711884499,17,4,3
202100038505,132Â 815,B01,2,2,1,4,1,-1,-1,-1, -1,-1,2021,36.0,1,5,0,2,2,26,1,,4,PASTEUR                             (R ),0,,-1,1,2,1,(1),(1),1,, -1,1,5,6,50,25,5,2021,00:00,5,69,69387,2,2,0,3,PASTEUR (R),45.75132,4.83872,0,4,2
202100004855,193Â 113,B01,1,1,2,5,1,-1,-1,0,0,-1,2021,38.0,1,2,0,2,1,1,1,,3,300,-1,,2,2,0,1,4,800,1,, -1,3,0,1,80,4,12,2021,11:25,1,47,47214,1,3,0,2,Bel Air,44.33046,0.280267,11,3,2
202100017541,170Â 268,A01,9,2,1,5,0,-1,-1,0,0,-1,2021,25.0,1,2,0,2,2,11,1,,1,85,0,A,3,4,0,1,147,800,2,, -1,1,0,1,130,23,9,2021,01:35,3,41,41126,1,1,0,1,Autoroute A85 PK 147+800,47.292329,1.298801,1,10,2
202100007271,188Â 758,B01,2,2,1,4,1,-1,-1,-1, -1,-1,2021,46.0,2,2,0,2,4,23,1,,4,AVE DU MEDOC,0,,2,2,1,2,(1),(1),1,, -1,1,0,1,50,18,11,2021,14:00,1,33,33162,2,1,0,2,Route du MÃ©doc,44.87845,-0.62476,14,3,2
202100010618,182Â 755,B01,1,1,1,0,2,6,-1,0,0,-1,2021,18.0,0,1,0,2,1,1,1,,4,,-1,,2,2,0,1,(1),(1),1,,4,1,0,1,50,28,10,2021,15:00,1,3,3254,2,3,0,1,7 Route de Briailles,46.303645,3.302883,15,2,2
202100038172,133Â 416,A01,1,1,2,9,2,6,-1,-1, -1,-1,2021,19.0,1,1,4,0,1,21,1,,3,SOULT (AVENUE MARECHAL),0,,2,4,0,1,7,756,1,, -1,1,0,1,30,26,5,2021,04:45,5,64,64102,2,1,0,6,SOULT (AVENUE MARECHAL),43.48733,-1.48409,4,1,1
202100034224,140Â 570,A01,1,1,1,5,1,0,-1,-1, -1,-1,2021,93.0,2,2,1,0,1,13,1,,4,COMMINES (RUE PHILIPPE DE),0,,2,2,0,1,0,0,1,, -1,1,0,1,50,10,6,2021,14:36,1,87,87085,2,1,0,6,COMMINES (RUE PHILIPPE DE),45.82997,1.23168,14,1,1
202100000558,200Â 706,A01,1,1,1,0,2,0,-1,-1, -1,-1,2021,45.0,2,1,0,2,1,16,1,,3,REPUBLIQUE (RUE DE LA),0,,2,2,0,1,0,0,1,, -1,1,0,1,50,9,11,2021,08:00,2,91,91223,2,3,1,1,REPUBLIQUE (RUE DE LA),48.430758,2.171671,8,2,2
202100005637,191Â 713,Z01,10,3,1,5,0,-1,-1,4,3,1,2021,56.0,1,1,0,1,1,1,1,,4,AVENUE DE FLANDRE,0,,1,2,0,1,(1),(1),1,, -1,1,0,1,30,29,11,2021,16:40,2,75,75119,2,2,0,6,AVENUE DE FLANDRE,48.890562,2.375871,16,2,1
202100022855,160Â 763,A01,1,1,2,5,1,-1,-1,0,0,-1,2021,79.0,1,2,2,0,2,1,2,,3,981,-1,D,2,2,0,1,39,300,1,, -1,1,0,3,80,23,8,2021,15:50,1,30,30346,1,1,0,6,D981,43.961376,4.516556,15,1,1
202100010902,182Â 241,B01,1,1,1,0,8,0,-1,-1, -1,-1,2021,24.0,1,1,0,2,4,1,5,,4,BOULEVARD SALVADOR ALLENDE,0,,3,0,0,1,(1),(1),3,, -1,1,0,1,50,26,10,2021,17:20,1,44,44162,2,1,0,3,BOULEVARD SALVADOR ALLENDE,47.21912,-1.62166,17,2,2
202100055010,103Â 481,A01,1,1,1,4,2,-1,-1,-1, -1,-1,2021,23.0,1,1,0,2,1,1,1,,4,,0,,1,1,0,1,(1),(1),1,, -1,1,0,1,50,14,1,2021,11:35,1,69,69383,2,2,0,3,DANTON (R),45.7561758691,4.857416153,11,2,2
202100027279,152Â 966,A01,7,2,2,5,1,-1,-1,0,0,-1,2021,17.0,2,2,8,0,1,21,1,,3,24,0,D,2,2,0,2,55,620,1,0,"4,8",2,0,3,80,25,7,2021,02:27,3,16,16349,1,1,1,6,Lieu-dit La pointe Ã  MÃ©zan,45.751298,-0.258212,2,3,1
202100010943,182Â 165,B01,1,1,2,1,1,0,-1,-1, -1,-1,2021,36.0,1,2,0,2,3,1,1,,4,PRIMEVERES (R DES),0,,-1,1,0,1,1,0,1,, -1,1,0,1,50,26,10,2021,14:30,1,94,94038,2,2,0,3,Rue des PrimevÃ¨res,48.77739,2.35306,14,2,2
202100029584,148Â 908,B01,1,1,2,0,1,0,-1,-1, -1,-1,2021,49.0,1,2,0,2,1,1,1,,3,19 MARS 1962 (PL),0,,2,2,0,1,43,776,1,, -1,1,0,1,50,9,7,2021,14:50,1,72,72181,1,1,0,3,19 MARS 1962 (PL),47.96059,0.22409,14,2,2
202100047433,116Â 981,A01,2,2,1,1,0,-1,-1,0,0,-1,2021,22.0,1,2,0,0,9,5,1,,3,465,-1,,2,2,0,1,21,10,1,, -1,1,0,1,50,20,3,2021,03:35,3,90,90023,2,1,0,7,RD 465,47.702195,6.835696,3,4,1
202100048208,115Â 585,A01,1,1,2,0,1,-1,-1,-1, -1,-1,2021,22.0,2,2,4,0,1,13,1,,1,ROCADE A 630,0,,1,3,0,1,4,805,3,, -1,2,3,1,50,13,3,2021,23:35,4,33,33063,1,1,1,6,ROCADE A 630,44.884134,-0.559479,23,1,1
202100036567,136Â 348,A01,1,1,1,0,8,0,-1,-1, -1,-1,2021,47.0,1,1,4,0,4,0,1,,2,118,0,,1,3,3,2,0,600,2,, -1,1,0,6,70,3,5,2021,22:15,3,92,92072,1,1,0,7,N118,48.8248639427,2.2211393652,22,1,1
202100054002,105Â 221,B01,2,2,2,5,2,6,-1,0,0,-1,2021,15.0,1,1,0,2,1,1,1,,7,6,0,D,2,2,1,1,28,500,3,, -1,1,0,1,80,24,1,2021,08:15,1,13,13072,1,1,0,1,VerdalaÃ¯,43.463268,5.620379,8,3,2
202100027289,152Â 950,A01,2,2,1,5,2,-1,-1,0,0,-1,2021,25.0,1,1,0,0,8,1,1,,3,52,-1,,2,2,0,2,1,280,2,, -1,1,0,1,80,25,7,2021,14:55,1,974,97421,1,1,0,7,Rd 52,-21.033402,55.534301,14,2,1
202100009782,184Â 212,A01,1,1,1,4,1,0,-1,0,0,-1,2021,43.0,0,2,4,0,1,1,1,,4,TALABOT (BOULEVARD),0,,2,3,0,1,0,0,4,, -1,1,8,1,50,14,10,2021,04:51,5,30,30189,2,1,0,7,TALABOT (BOULEVARD),43.833,4.3664,4,1,1
202100012847,178Â 760,B01,1,1,1,5,2,6,-1,0, -1,-1,2021,30.0,1,1,0,2,4,23,1,,4,POMPIDOU GEORGES (AVENUE),0,,3,2,0,3,(1),(1),1,, -1,1,5,1,50,16,10,2021,12:00,1,29,29019,2,6,0,2,Avenue Georges Pompidou,48.41397,-4.47943,12,2,2
202100027554,152Â 471,A01,10,3,1,2,0,-1,-1,4,4,1,2021,13.0,1,2,0,1,1,1,1,,4,GAYE (BOULEVARD DE LA),0,,2,2,0,1,0,0,1,, -1,1,0,1,50,22,7,2021,09:15,1,13,13209,2,1,0,3,GAYE (BOULEVARD DE LA),43.2593838879,5.4134185248,9,2,1
202100013368,177Â 844,A01,1,1,2,0,1,0,-1,-1, -1,-1,2021,59.0,1,2,4,2,2,1,1,,1,AUTOROUTE A86,0,,1,4,0,1,15,699,1,, -1,1,0,1,90,14,10,2021,10:45,1,93,93066,1,1,0,3,AUTOROUTE A86,48.9219293849,2.3630047717,10,2,2
202100055079,103Â 360,B01,1,1,1,4,8,0,-1,-1, -1,-1,2021,36.0,3,2,0,2,2,26,2,,4,TROIS MARCHES (Av des),0,,3,3,0,1,0,0,1,, -1,2,0,1,50,14,1,2021,15:45,1,94,94021,2,6,1,3,Avenue des Trois Marches Min,48.76168,2.35677,15,2,2
202100019664,166Â 498,A01,10,3,2,0,0,-1,-1,2,3,1,2021,30.0,3,5,0,9,3,1,1,,4,HOOVER AVENUE DU PRESIDENT,0,,1,1,0,1,(1),(1),1,, -1,1,5,1,50,10,9,2021,15:10,1,59,59350,2,1,0,6,HOOVER AVENUE DU PRESIDENT,50.6310712919,3.0770596862,15,2,1
202100038739,132Â 378,B01,1,1,1,9,1,0,-1,-1, -1,-1,2021,49.0,2,2,0,2,4,1,1,,3,RTE DE FONTAINEBLEAU,0,,3,4,0,1,0,0,1,, -1,2,5,1,50,22,5,2021,14:20,1,91,91027,2,1,0,2,RTE DE FONTAINEBLEAU,48.71313,2.37109,14,3,2
202100053244,106Â 555,B01,1,1,2,1,2,0,-1,0,0,-1,2021,36.0,1,1,0,2,8,1,5,,4,AVENUE DE WAGRAM,0,,2,6,1,2,(1),(1),1,, -1,1,-1,5,50,29,1,2021,08:13,1,75,75117,2,2,0,3,AVENUE DE WAGRAM,48.875127,2.296021,8,2,2
202100012365,179Â 614,B01,1,1,1,4,1,-1,-1,-1,0,-1,2021,44.0,2,5,0,2,4,2,1,,2,RN 104,0,,3,6,0,1,16,200,1,, -1,1,0,1,90,19,10,2021,07:45,1,95,95241,1,1,0,4,RN 104,49.0543900566,2.424834504,7,3,3
202100034994,139Â 145,A01,1,1,1,5,2,0,-1,0,0,-1,2021,27.0,3,1,0,2,1,26,1,,4,OBERLIN (RUE),0,,2,2,0,1,(1),(1),1,, -1,1,0,1,50,9,6,2021,23:35,5,54,54395,2,2,0,3,OBERLIN (RUE),48.703330801,6.1818299443,23,4,2
202100009061,185Â 507,A01,10,3,1,0,0,-1,-1,2,3,1,2021,10.0,3,2,0,1,1,1,1,,4,VLAMINCK (RUE),0,,2,2,0,2,0,0,1,, -1,1,0,1,50,6,11,2021,17:45,2,91,91286,2,1,0,6,VLAMINCK (RUE),48.65581,2.39258,17,2,1
202100003291,195Â 882,A01,2,2,1,5,1,-1,-1,0,0,-1,2021,19.0,2,2,6,0,7,1,1,,3,992,0,,2,2,0,1,3,305,2,, -1,2,0,3,-1,12,12,2021,09:00,1,1,1268,1,1,0,6,Route du Bugey,45.635369,5.640423,9,3,1
202100017932,169Â 571,A01,1,1,2,5,1,-1,-1,0,0,-1,2021,59.0,2,2,0,2,1,1,1,,3,151,0,,2,2,0,1,46,840,1,, -1,1,0,1,80,21,9,2021,17:30,1,60,60297,1,2,0,1,,49.6404,2.002344,17,2,2
202100027708,152Â 188,B01,1,1,2,5,1,0,-1,-1, -1,-1,2021,65.0,2,2,0,2,6,2,1,,7,DEPARTEMENTALE 46 (CHEMIN),0,,2,2,0,2,10,590,1,, -1,1,0,1,50,20,7,2021,11:10,1,83,83137,2,1,0,4,DEPARTEMENTALE 46 (CHEMIN),43.14965,5.973,11,3,3
202100027641,152Â 310,A01,1,1,1,1,2,6,-1,0,0,-1,2021,53.0,1,1,0,0,2,3,1,,4,,-1,,2,3,0,2,(1),(1),1,,9,1,0,1,50,23,7,2021,08:58,1,69,69244,2,1,0,3,GENERAL BROSSET (AV),45.7570874691,4.7803124342,8,2,2
202100049740,112Â 836,B01,1,1,1,0,8,0,-1,-1, -1,-1,2021,43.0,1,1,0,2,2,1,3,,4,PARMENTIER                          (R ),0,,2,0,1,1,(1),(1),1,, -1,1,0,1,50,27,2,2021,12:05,1,69,69199,2,2,0,3,PARMENTIER (R),45.70551,4.85911,12,2,2
202100051403,109Â 805,A01,10,3,2,5,0,-1,-1,3,3,2,2021,39.0,1,2,0,1,2,16,1,,4,CANAVIERES (CHEM DE),0,,2,2,0,1,(1),(1),1,, -1,1,0,1,50,15,2,2021,15:50,1,81,81004,2,1,0,6,CANAVIERES (CHEM DE),43.92647023,2.1304767232,15,2,1
202100008240,186Â 985,B01,2,2,1,0,1,-1,-1,-1, -1,-1,2021,22.0,3,2,0,2,4,23,1,,4,MARIUS BERLIET                      (R ),0,,1,2,3,1,(1),(1),1,, -1,2,0,1,50,13,11,2021,23:40,5,69,69388,2,1,1,2,MARIUS BERLIET (R),45.73857,4.8671,23,3,2
202100017391,170Â 548,A01,1,1,1,1,2,6,-1,-1, -1,-1,2021,50.0,2,1,0,2,1,2,1,,1,15,0,,3,4,0,1,4,199,1,, -1,1,0,1,90,22,9,2021,08:30,1,92,92036,1,1,0,2,AUTOROUTE A15,48.9390027228,2.2956647869,8,2,2
202100009017,185Â 600,A01,1,1,1,1,1,-1,-1,0,0,-1,2021,49.0,2,2,0,2,1,2,1,,1,A10,-1,,3,4,0,2,350,850,1,4,19,1,0,1,130,8,11,2021,07:20,2,79,79189,1,1,0,5,,46.408274,-0.144539,7,5,5
202100038653,132Â 542,A01,1,1,1,5,2,8,-1,0,0,-1,2021,32.0,2,1,0,2,1,17,1,,4,PLACE DE LA BASTILLE,0,,2,5,3,1,(1),(1),1,, -1,2,5,1,50,22,5,2021,21:49,5,75,75104,2,7,0,3,PLACE DE LA BASTILLE,48.853262,2.368588,21,2,2
202100026296,154Â 689,B01,1,1,1,1,8,0,-1,-1, -1,-1,2021,63.0,1,1,0,2,8,26,5,,4,GRAND MONTREJEAU,0,,2,2,0,1,1,0,1,, -1,1,0,1,50,29,7,2021,11:03,1,49,49007,2,1,0,1,GRAND MONTREJEAU,47.46828,-0.52201,11,2,2
202100055084,103Â 352,B01,1,1,1,0,1,0,-1,-1, -1,-1,2021,27.0,0,2,0,0,1,1,1,,4,"""STRASBOURG, NR 1 A 71 ET 2 A 34""",0,,2,2,0,1,0,0,1,, -1,2,0,1,30,14,1,2021,20:18,5,93,93066,2,1,1,6,"""STRASBOURG, NR 1 A 71 ET 2 A 34""",48.93622,2.36326,20,3,2
202100002316,197Â 651,A01,1,1,2,5,2,6,-1,0,0,-1,2021,16.0,2,1,0,2,3,1,1,,3,CD77,0,,2,2,0,1,4,100,1,, -1,1,0,1,50,11,12,2021,09:45,1,84,84070,2,1,0,3,Route de Blauvac,44.033274,5.173048,9,2,2
202100053985,105Â 252,A01,1,1,1,5,2,6,-1,0,0,-1,2021,21.0,1,1,0,0,7,1,1,,3,6,0,D,2,2,0,1,13,0,1,, -1,2,9,1,30,24,1,2021,14:35,1,82,82190,2,1,1,7,Route d'Auch,43.850162,1.227551,14,1,1
202100027180,153Â 131,A01,1,1,1,1,1,0,-1,-1, -1,-1,2021,23.0,1,2,3,0,1,2,1,,2,RN104,0,,3,6,0,1,19,500,2,, -1,2,3,1,90,25,7,2021,19:20,1,77,77122,1,1,1,6,RN104,48.663999,2.613281,19,1,1
202100023151,160Â 237,A01,1,1,2,1,8,8,-1,0,0,-1,2021,33.0,0,1,0,2,3,25,3,,3,920,0,,1,2,0,1,0,0,1,, -1,1,6,1,50,21,8,2021,18:43,1,92,92002,2,7,0,3,GENERAL DE GAULLE (PLACE DU),48.7633379294,2.3091712557,18,2,2
202100048142,115Â 695,B01,1,1,2,0,1,0,-1,-1, -1,-1,2021,25.0,0,2,0,2,4,2,1,,4,LUDOVIC LEGRE (AVENUE),0,,2,2,0,1,0,0,1,, -1,1,0,1,50,13,3,2021,13:45,1,13,13209,2,1,0,2,LUDOVIC LEGRE (AVENUE),43.25034,5.39713,13,2,2
202100005634,191Â 717,A01,1,1,1,9,8,0,-1,0,0,-1,2021,19.0,1,1,14,0,1,13,3,,4,AVENUE DES GOBELINS,0,,2,4,0,1,(1),(1),1,, -1,2,0,1,50,28,11,2021,02:11,5,75,75105,2,5,1,6,AVENUE DES GOBELINS,48.836795,2.351911,2,1,1
202100051586,109Â 485,A01,1,1,1,3,1,-1,-1,0, -1,-1,2021,24.0,2,2,3,0,3,1,1,,3,PONT L'ABBE ROUTE DE,0,,2,4,0,1,71,200,2,, -1,2,0,3,110,13,2,2021,17:45,1,29,29232,1,1,0,6,D785 - Route de Pont lâAbbe,47.977145402,-4.1334411489,17,1,1
202100034292,140Â 443,A01,1,1,1,4,8,0,-1,-1, -1,-1,2021,32.0,0,4,15,0,1,1,1,,4,GAFFAREL (RUE),0,,3,4,0,2,0,0,1,, -1,1,0,1,50,15,6,2021,10:30,1,13,13215,2,1,0,7,GAFFAREL (RUE),43.3493327973,5.3595001001,10,1,1
202100020723,164Â 585,B01,1,1,2,5,2,0,-1,0,0,-1,2021,40.0,1,1,0,2,3,1,3,,4,BOULEVARD POISSONNIERE,0,,2,5,1,1,(1),(1),1,, -1,1,0,5,30,5,9,2021,15:35,1,75,75109,2,1,0,3,BOULEVARD POISSONNIERE,48.871123,2.345313,15,3,2
202100042979,124Â 847,A01,10,3,2,5,0,-1,-1,1,5,1,2021,4.0,3,2,0,1,1,17,1,,4,,-1,,2,2,0,2,(1),(1),1,, -1,1,0,1,50,22,4,2021,18:10,1,78,78683,2,1,0,6,Impasse Charles de Meneau,48.812406,1.881932,18,4,1
202100004669,193Â 430,B01,1,1,2,0,1,0,-1,-1, -1,-1,2021,48.0,2,2,0,2,3,1,1,,2,JAURES (BOULEVARD JEAN),0,,-1,2,1,1,(1),(1),2,, -1,1,0,1,30,3,12,2021,07:50,1,974,97411,2,6,0,3,JAURES (BOULEVARD JEAN),-20.9018,55.50273,7,2,2