Num_Acc,id_vehicule,num_veh,place,catu,sexe,trajet,secu1,secu2,secu3,locp,actp,etatp,year_acc,victim_age,senc,catv,obs,obsm,choc,manv,motor,occutc,catr,voie,v1,v2,circ,nbv,vosp,prof,pr,pr1,plan,lartpc,larrout,surf,infra,situ,vma,jour,mois,an,hrmn,lum,dep,com,agg_,int,atm,col,adr,lat,long,hour,nb_victim,nb_vehicules
202100049994,112Â 381,B01,1,1,1,0,8,0,-1,-1, -1,-1,2021,21.0,3,0,0,2,0,0,0,,4,LIBERTE (AVENUE DE LA),0,,2,2,0,1,0,0,1,, -1,1,0,1,50,24,2,2021,18:15,1,91,91549,2,2,0,3,LIBERTE (AVENUE DE LA),48.64091,2.34584,18,2,2
202100036657,136Â 188,A01,10,3,2,9,0,-1,-1,1,3,1,2021,57.0,2,0,0,1,1,5,0,,3,MAXIME GORKI (BOULEVARD) DES NÂ°1 AU 87,0,,2,2,0,1,0,1,1,, -1,1,0,1,50,3,6,2021,12:15,1,93,93072,2,1,0,6,MAXIME GORKI (BOULEVARD) DES NÂ°1 AU 87,48.95312,2.38437,12,2,1
202100003476,195Â 541,A01,2,2,2,5,0,-1,-1,0,0,-1,2021,58.0,1,2,8,0,2,1,1,,3,50,-1,,2,2,0,2,11,0,1,, -1,1,0,3,80,11,12,2021,16:00,1,45,45064,1,1,0,6,D50-PR11+0,47.541252,2.673154,16,3,1
202100025347,156Â 348,A01,1,1,1,0,1,-1,-1,0,0,-1,2021,48.0,1,2,3,1,1,5,1,,2,1,-1,,2,2,0,2,5,100,2,,7,1,0,3,80,28,7,2021,18:00,1,976,97610,1,1,0,7,Trevani,-12.73183,45.195394,18,1,1
202100015111,174Â 697,A01,10,3,2,3,0,-1,-1,4,3,1,2021,84.0,1,1,0,1,8,1,1,,4,RUE LE MAROIS,0,,1,1,0,1,(1),(1),1,, -1,2,0,1,30,5,10,2021,09:50,1,75,75116,2,4,1,6,RUE LE MAROIS,48.839491,2.262515,9,2,1
202100043717,123Â 549,A01,1,1,1,0,8,-1,-1,0,0,-1,2021,23.0,1,2,0,2,7,1,1,,3,915,-1,,2,2,0,1,5,500,1,, -1,1,0,1,50,18,4,2021,09:45,1,60,60089,2,1,0,1,D915,49.206222,1.86258,9,4,2
202100001377,199Â 308,B01,1,1,1,0,2,0,-1,-1, -1,-1,2021,20.0,1,1,0,2,1,19,1,,4,AV DOCTEUR JOSEPH IMBERT,0,,2,2,0,1,0,0,1,, -1,1,5,1,50,24,12,2021,16:30,2,13,13004,2,2,0,3,AV DOCTEUR JOSEPH IMBERT,43.66,4.63,16,2,2
202100022279,161Â 810,B01,1,1,1,0,2,0,-1,-1, -1,-1,2021,29.0,1,1,0,2,1,1,1,,7,MICHELET (BOULEVARD),0,,2,6,3,2,0,0,1,, -1,1,0,1,50,28,8,2021,00:55,5,13,13209,2,1,0,2,MICHELET (BOULEVARD),43.25441,5.40153,0,2,2
202100036146,137Â 075,B01,1,1,2,5,1,-1,-1,0,0,-1,2021,68.0,1,2,0,2,1,0,1,,3,261,0,D,2,2,0,1,7,600,2,, -1,1,0,1,90,7,6,2021,12:40,1,72,72080,1,1,0,1,d261,48.143196,0.644095,12,2,2
202100006459,190Â 250,B01,1,1,2,9,8,0,-1,0,0,-1,2021,50.0,1,1,0,2,4,23,5,,4,QUAI DE LA TOURNELLE,0,,2,3,1,1,(1),(1),1,, -1,1,-1,5,30,24,11,2021,15:40,1,75,75105,2,2,0,2,QUAI DE LA TOURNELLE,48.8511147922,2.3512780666,15,2,2
202100037328,134Â 948,B01,1,1,1,0,8,-1,-1,0,0,-1,2021,48.0,1,2,0,2,3,1,1,,3,47,0,,2,2,0,4,2,400,2,, -1,1,0,1,80,1,6,2021,18:30,1,80,80420,1,1,0,1,RD47,50.028568,2.501812,18,2,2
202100049141,113Â 916,A01,1,1,1,5,8,0,-1,0,0,-1,2021,25.0,1,1,0,0,0,1,5,,4,RUE RAMBUTEAU,0,,-1,1,3,1,(1),(1),1,, -1,1,6,1,20,3,3,2021,14:20,1,75,75101,2,2,0,7,RUE RAMBUTEAU,48.862169,2.349374,14,1,1
202100041274,127Â 826,B01,2,2,1,4,1,0,-1,0,0,-1,2021,21.0,2,2,0,2,1,1,1,,4,LAFAYETTE (BD),0,,2,3,0,1,(1),(1),1,, -1,1,0,1,50,4,5,2021,13:27,1,63,63113,2,2,0,3,137 LAFAYETTE (BD),45.76737,3.10616,13,3,2
202100014668,175Â 498,A01,1,1,1,5,2,6,9,0,0,-1,2021,27.0,2,1,0,2,9,21,1,,3,81,-1,B,2,2,0,1,7,300,3,, -1,3,0,1,80,7,10,2021,13:45,1,202,202121,1,1,0,1,D81b,42.425137,8.672487,13,2,2
202100020640,164Â 733,A01,1,1,1,5,2,7,9,0,0,-1,2021,37.0,1,1,0,0,7,1,1,,3,35,-1,,2,2,0,2,4,210,3,, -1,9,0,1,80,6,9,2021,18:15,1,24,24396,1,1,0,7,Montenset,44.890859,1.010946,18,1,1
202100017857,169Â 699,B01,1,1,1,1,2,6,-1,-1, -1,-1,2021,19.0,1,1,0,2,1,1,1,,3,RD 936,0,,2,2,0,1,0,1,1,, -1,1,0,1,50,15,9,2021,15:00,1,24,24037,2,1,0,3,RD 936,44.83639,0.45317,15,2,2
202100040820,128Â 660,A01,1,1,2,3,1,-1,-1,0,0,-1,2021,75.0,1,2,13,0,7,1,1,,3,30,0,,2,2,0,1,14,900,2,, -1,2,0,8,80,28,4,2021,13:02,1,21,21135,1,1,1,6,D30,47.433293,5.393438,13,1,1
202100021827,162Â 610,B01,1,1,2,5,1,8,-1,-1, -1,-1,2021,39.0,1,2,0,2,1,0,1,,3,,0,,1,3,0,1,0,0,1,, -1,1,0,1,50,25,8,2021,15:55,1,92,92004,2,2,0,3,PONT DE CLICHY,48.9110380514,2.2988650203,15,3,2
202100032809,143Â 132,A01,1,1,2,3,1,1,-1,0,0,-1,2021,75.0,1,2,0,2,6,15,1,,4,RUE MARCEL KOLLEN,0,,2,2,0,3,0,0,2,, -1,1,0,1,50,22,6,2021,14:15,1,988,98818,2,3,0,3,RUE HENRI DUNANT/RUE MARCEL KOLLEN,-22.29458,166.44226,14,2,2
202100018912,167Â 840,A01,10,3,1,5,0,-1,-1,2,3,2,2021,5.0,3,2,0,1,2,1,1,,4,AV DU PLEIN MIDI,0,,2,2,0,1,(1),(1),1,, -1,1,0,1,50,13,9,2021,16:30,1,95,95268,2,1,0,6,AV DU PLEIN MIDI,48.97304,2.39239,16,2,1
202100040451,129Â 302,A01,10,3,2,0,0,-1,-1,5,1,1,2021,31.0,1,2,8,1,1,0,1,,4,TRION (DE)                          (R ),0,,2,2,0,1,(1),(1),1,, -1,1,0,4,30,5,5,2021,18:45,1,69,69385,2,9,0,6,TRION (DE) (R),45.75688,4.81609,18,2,1
202100043873,123Â 248,B01,1,1,2,9,1,0,-1,-1, -1,-1,2021,31.0,1,2,3,2,6,1,1,,7,RACCORDEMENT (VOIE DE),0,,3,4,0,1,(1),(1),1,, -1,1,0,1,70,15,4,2021,13:00,1,59,59426,2,1,0,3,RACCORDEMENT (VOIE DE),50.75058,3.14261,13,2,2
202100024904,157Â 145,Z01,10,3,2,9,8,8,-1,4,3,2,2021,20.0,3,0,0,1,4,26,0,,4,"""GUESDE JULES (BOULEVARD), NR 7 A 53""",0,,2,4,3,1,0,1,1,, -1,1,0,1,50,8,8,2021,12:25,1,93,93066,2,1,0,6,Boulevard Jules Guesde,48.935017,2.350108,12,2,1
202100019841,166Â 170,A01,1,1,2,0,1,0,-1,-1, -1,-1,2021,67.0,2,2,0,2,1,9,1,,2,GOUVERNEUR DU LYON (AVE),0,,2,2,0,2,(1),(1),1,, -1,1,0,1,50,9,9,2021,07:50,1,971,97105,2,1,0,4,GOUVERNEUR DU LYON (AVE),16.00231,-61.73806,7,3,3
202100032862,143Â 026,A01,1,1,1,5,2,6,-1,-1, -1,-1,2021,16.0,1,1,0,2,1,17,1,,3,JAURES (RUE JEAN....1A 71 ET 2 A 48 ),0,,2,2,0,1,4,225,1,, -1,1,0,1,50,21,6,2021,18:40,1,62,62139,2,1,0,3,JAURES (RUE JEAN....1A 71 ET 2 A 48 ),50.716782,2.281154,18,2,2
202100001406,199Â 263,A01,1,1,1,9,1,-1,-1,0,0,-1,2021,82.0,1,2,16,0,0,1,1,,3,34,0,D,2,2,0,1,35,700,3,, -1,2,0,3,80,25,12,2021,16:30,1,58,58266,1,1,1,7,D34,47.197575,3.508002,16,1,1
202100037400,134Â 811,B01,1,1,2,0,1,8,-1,-1, -1,-1,2021,39.0,2,2,0,2,3,1,1,,4,AVENUE RAIMU,0,,2,4,0,1,0,0,1,, -1,1,0,1,50,30,5,2021,17:10,1,13,13214,2,1,0,3,AVENUE RAIMU,43.3320322929,5.3988017112,17,2,2
202100047504,116Â 848,A01,1,1,1,1,2,6,-1,0,0,-1,2021,24.0,1,1,0,2,1,17,1,,3,KERAMPORIEL ( RUE DE ),0,,2,2,0,1,36,50,1,, -1,1,0,1,50,17,3,2021,17:45,1,29,29039,1,1,0,2,D783 - Rue de Pennanguer,47.90211,-3.91344,17,2,2
202100011176,181Â 752,A01,10,3,1,3,0,-1,-1,2,3,1,2021,68.0,2,2,0,1,3,2,1,,4,,-1,,2,2,0,1,(1),(1),2,,4,1,0,1,50,24,10,2021,10:30,1,33,33003,2,3,0,6,Rue du PrÃ©sident Coty,44.925998,-0.488755,10,2,1
202100004524,193Â 689,A01,1,1,2,5,1,0,-1,-1, -1,-1,2021,20.0,2,2,4,0,3,26,1,,7,VA007386 Fil d'Ariane A621,0,,3,3,0,4,1,150,3,, -1,2,0,1,70,5,12,2021,10:15,1,31,31069,1,1,0,6,VA007386 Fil d'Ariane A621,43.62075,1.39364,10,1,1
202100021021,164Â 089,B01,1,1,2,0,1,0,-1,0,0,-1,2021,35.0,1,2,0,2,2,1,1,,4,GRANDES BRUYERES (RUE DES ),0,,2,2,0,1,(1),(1),1,, -1,1,0,1,50,3,9,2021,10:50,1,71,71040,2,4,0,3,GRANDES BRUYERES (RUE DES ),46.7017528592,4.4015577205,10,2,2
202100025164,156Â 675,A01,1,1,1,5,1,-1,-1,0,0,-1,2021,29.0,2,2,13,0,2,14,1,,3,923,0,,2,2,0,2,50,300,2,, -1,1,0,3,80,8,8,2021,02:40,3,18,18117,1,1,0,7,RD 923,47.407528,2.67354,2,1,1
202100031505,145Â 445,B01,1,1,2,5,1,-1,-1,0,0,-1,2021,25.0,2,2,0,2,1,2,1,,2,10,0,T,2,2,0,1,21,500,1,,7,1,0,1,70,2,7,2021,02:00,3,201,201247,1,1,0,2,T10 route de Bonifacio,41.543983,9.26847,2,5,2
202100005244,192Â 409,A01,10,3,2,9,0,-1,-1,3,3,1,2021,16.0,3,2,0,1,1,1,1,,4,LAFAYETTE (AVENUE DE),0,,2,2,2,2,(1),(1),3,, -1,1,0,1,50,29,11,2021,17:00,2,86,86194,2,1,0,6,Avenue de Lafayette,46.57613,0.372427,17,2,1
202100018907,167Â 849,A01,1,1,1,0,2,-1,-1,-1, -1,-1,2021,28.0,2,0,0,2,3,18,3,,4,THOMAS BLANCHET                     (R ),0,,2,2,0,1,(1),(1),1,, -1,1,0,1,50,14,9,2021,15:05,1,69,69388,2,1,0,3,THOMAS BLANCHET (R),45.7371818867,4.8837195856,15,2,2
202100006718,189Â 774,B01,1,1,1,5,8,0,-1,0,0,-1,2021,57.0,1,1,0,2,4,1,5,,4,PONT DE SULLY,0,,2,3,2,1,(1),(1),1,, -1,1,-1,5,30,23,11,2021,11:49,1,75,75104,2,2,0,3,PONT DE SULLY,48.850817,2.361436,11,2,2
202100027441,152Â 673,A01,1,1,1,5,1,-1,-1,0,0,-1,2021,26.0,2,2,2,0,1,1,1,,3,231,-1,,2,2,0,2,1,530,2,, -1,1,0,3,70,24,7,2021,02:00,3,43,43227,1,1,0,6,D231,45.287418,4.309505,2,2,1
202100014949,174Â 984,A01,1,1,1,5,2,6,-1,-1, -1,-1,2021,16.0,2,1,0,0,8,14,1,,3,MONTAGNE (ROUTE DE LA),0,,2,2,0,2,(1),(1),4,, -1,2,0,1,70,3,10,2021,10:25,1,974,97411,1,1,1,7,MONTAGNE (ROUTE DE LA),-20.878657,55.44365,10,1,1
202100023327,159Â 916,A01,1,1,2,1,1,0,-1,-1, -1,-1,2021,54.0,1,2,0,2,3,17,1,,4,,0,,2,1,0,1,0,0,1,, -1,1,0,1,50,20,8,2021,07:30,2,92,92020,2,1,0,1,DEFORGES RUE ETIENNE NÂ° PAIRS,48.8047586287,2.2966897571,7,2,2
202100014094,176Â 508,A01,2,2,2,5,2,6,-1,-1, -1,-1,2021,20.0,1,1,0,2,1,2,1,,1,AUTOROUTE A86,0,,1,2,0,1,51,680,1,, -1,1,1,1,70,9,10,2021,17:40,1,94,94034,1,1,0,2,AUTOROUTE A86,48.7581,2.3267,17,3,2
202100001683,198Â 785,B01,4,2,1,5,1,3,-1,-1, -1,-1,2021,8.0,1,2,0,2,4,2,1,,2,RN 165,0,,3,4,0,1,51,0,1,, -1,1,0,1,110,26,6,2021,15:00,1,29,29232,1,1,0,2,RN 165,48.00967647,-4.0672372608,15,5,2
202100041925,126Â 678,B01,1,1,1,5,2,0,-1,0,0,-1,2021,68.0,1,1,0,2,4,1,5,,4,BOULEVARD DE LA CHAPELLE,0,,1,3,1,1,(1),(1),3,, -1,1,0,5,50,30,4,2021,09:05,1,75,75118,2,4,0,3,BOULEVARD DE LA CHAPELLE,48.884505,2.364212,9,2,2
202100021691,162Â 863,B01,1,1,1,5,1,-1,-1,0,0,-1,2021,47.0,3,2,0,2,3,13,1,,3,392,-1,,2,2,0,2,6,200,3,, -1,1,0,1,90,31,8,2021,18:44,2,67,67165,1,1,0,1,D392,48.490402,7.162292,18,4,2
202100021594,163Â 033,A01,2,2,2,9,1,-1,-1,0,0,-1,2021,24.0,0,2,1,0,1,1,1,,4,BAPAUME (BOULEVARD DE),0,,2,4,3,1,(1),(1),1,, -1,1,0,1,50,28,8,2021,05:08,5,80,80021,2,1,0,6,BAPAUME (BOULEVARD DE),49.8806552462,2.3121554196,5,2,1
202100049234,113Â 751,A01,1,1,1,5,2,6,-1,-1, -1,-1,2021,32.0,2,1,8,2,1,17,1,,3,COURSMOREAU,0,,2,2,0,2,0,355,1,, -1,1,0,1,30,2,3,2021,15:15,1,71,71270,2,1,0,3,COURS MOREAU,46.30931,4.83363,15,2,2
202100012095,180Â 097,A01,1,1,1,5,0,-1,-1,0,0,-1,2021,26.0,1,2,17,0,1,5,1,,3,106,-1,,2,2,0,2,4,0,1,, -1,2,0,3,80,21,10,2021,01:00,3,63,63003,1,1,1,6,PK4  - D106,45.560646,3.754771,1,1,1
202100025773,155Â 619,A01,1,1,2,5,2,0,-1,0,0,-1,2021,72.0,3,1,0,2,2,1,5,,4,AVENUE WINSTON CHURCHILL,0,,2,4,0,1,(1),(1),1,, -1,1,0,1,50,3,8,2021,11:40,1,75,75108,2,1,0,3,AVENUE WINSTON CHURCHILL,48.86611,2.313828,11,2,2
202100038220,133Â 329,A01,1,1,2,9,8,0,-1,0,0,-1,2021,21.0,2,1,0,0,1,1,3,,4,RUE LEBLANC,0,,1,3,2,1,(1),(1),1,, -1,1,0,1,30,25,5,2021,10:50,1,75,75115,2,3,0,7,RUE LEBLANC,48.836386,2.280556,10,1,1
202100017140,171Â 000,A01,10,3,2,1,0,-1,-1,2,3,1,2021,71.0,1,2,0,1,0,9,0,,4,,0,,1,1,0,1,1,0,1,, -1,1,6,1,30,17,9,2021,18:10,1,92,92073,2,1,0,6,PAIX (PLACE DE LA),48.864804,2.204954,18,2,1
202100024686,157Â 518,A01,2,2,2,0,1,-1,-1,0,0,-1,2021,65.0,2,2,3,2,0,0,1,,1,7,0,A,3,3,0,1,31,540,1,, -1,1,0,1,130,12,8,2021,10:45,1,26,26002,1,1,0,3,Autoroute 7,45.258384,4.836344,10,6,2
202100050985,110Â 548,A01,10,3,2,5,0,-1,-1,1,2,1,2021,76.0,0,2,0,1,4,4,1,,4,,0,,2,1,0,2,(1),(1),1,, -1,1,0,1,30,20,2,2021,11:10,1,31,31036,2,1,1,6,31 AllÃ©e de Nanbours,43.548149,1.563139,11,2,1
202100030492,147Â 266,A01,1,1,1,5,1,-1,-1,0,0,-1,2021,20.0,2,2,7,0,1,13,1,,3,1516,-1,,2,2,0,1,550,(1),2,, -1,2,0,3,70,28,6,2021,20:00,2,38,38377,1,1,0,6,Avenue du Stade,45.577388,5.507219,20,1,1
202100052822,107Â 306,A01,2,2,2,5,1,-1,-1,0,0,-1,2021,62.0,1,5,4,0,7,1,1,,1,89,-1,A,3,4,0,1,121,870,1,, -1,4,0,1,110,1,2,2021,08:30,1,24,24053,1,1,1,6,Autoroute A89 - PK 121+870,45.141598,0.784104,8,3,1
202100044205,122Â 661,A01,1,1,1,1,1,-1,-1,0,0,-1,2021,46.0,2,2,0,2,3,13,2,,3,323,-1,,2,3,0,2,70,940,1,, -1,1,0,1,90,14,4,2021,16:55,1,72,72230,1,1,0,6,D323,47.856625,0.102313,16,2,2
202100018621,168Â 353,B01,1,1,1,5,2,6,-1,-1, -1,-1,2021,26.0,1,1,0,2,5,2,1,,3,PARC (RUE DU),0,,1,1,1,3,0,0,1,, -1,1,2,1,50,16,9,2021,16:50,1,93,93053,2,1,0,2,PARC (RUE DU),48.89639,2.44309,16,2,2
202100006125,190Â 855,A01,1,1,1,5,2,6,-1,-1, -1,-1,2021,17.0,2,1,0,0,0,21,1,,3,110,0,,3,4,0,1,0,0,1,, -1,1,0,1,50,25,11,2021,17:20,5,92,92022,2,5,0,7,SALENGRO (AVENUE ROGER),48.808622247,2.1875855327,17,1,1
202100015647,173Â 702,A01,1,1,1,5,0,0,-1,-1, -1,-1,2021,67.0,1,1,12,0,1,0,5,,4,BOURDIGNON (R),0,,2,2,0,1,1,0,1,, -1,1,0,4,30,2,10,2021,14:25,1,94,94068,2,1,0,6,Rue Bourdignon,48.80593,2.47836,14,1,1
202100035490,138Â 275,B01,1,1,2,0,1,8,-1,-1, -1,-1,2021,22.0,2,2,6,2,8,15,1,,3,PLOEMEUR (RUE DE),0,,2,2,0,1,3,430,1,, -1,1,0,1,30,8,6,2021,21:39,1,56,56162,2,3,0,3,PLOEMEUR (RUE DE),47.7334065669,-3.4959375858,21,3,2
202100046358,118Â 904,B01,1,1,1,0,2,6,-1,-1, -1,-1,2021,52.0,1,1,0,2,2,1,1,,4,ROMAIN ROLLAND (BOULEVARD),0,,2,4,0,1,(1),(1),1,, -1,1,0,1,50,27,3,2021,10:50,1,13,13209,2,1,0,3,ROMAIN ROLLAND (BOULEVARD),43.268879699,5.4041480954,10,2,2
202100044241,122Â 587,A01,1,1,2,5,2,6,-1,-1, -1,-1,2021,27.0,1,1,0,2,1,2,1,,2,ROUTE NATIONALE 1,0,,2,3,0,1,5,900,1,, -1,1,0,1,90,11,4,2021,18:10,2,972,97213,1,1,0,2,ROUTE NATIONALE 1,14.6227452776,-60.9897422793,18,2,2
202100053903,105Â 401,B01,1,1,1,5,2,6,-1,0,0,-1,2021,26.0,2,1,0,2,1,1,1,,7,8,-1,N,2,2,0,2,62,150,1,, -1,1,9,1,80,24,1,2021,15:50,1,13,13030,1,3,0,2,D8N,43.26787,5.726827,15,2,2
202100050211,111Â 964,A01,2,2,2,9,1,0,-1,0,0,-1,2021,41.0,1,2,0,2,4,23,1,,4,AVENUE DE LA PORTE CHAUMONT,0,,2,4,0,1,(1),(1),1,, -1,1,0,1,50,24,2,2021,14:56,1,75,75119,2,2,0,4,AVENUE DE LA PORTE CHAUMONT,48.88634,2.395301,14,5,4
202100025461,156Â 154,B01,1,1,2,1,1,8,-1,-1, -1,-1,2021,28.0,1,2,0,0,4,2,1,,4,GARNIER (BD FREDERIC),0,,2,2,0,1,(1),(1),1,, -1,2,0,1,30,5,8,2021,09:15,1,17,17306,2,9,1,2,GARNIER (BD FREDERIC),45.6198,-1.01749,9,2,2
202100033721,141Â 486,A01,1,1,1,5,2,-1,-1,0,0,-1,2021,70.0,1,1,0,0,9,1,5,,3,990,0,D,2,2,2,1,21,500,1,, -1,1,-1,5,50,19,6,2021,11:45,1,73,73124,2,1,1,6,D990 Route de ChambÃ©ry,45.657428,6.350183,11,1,1
202100033861,141Â 236,B01,1,1,1,5,2,0,-1,-1, -1,-1,2021,17.0,3,1,0,2,2,0,1,,4,BOUGAINVILLE (RUE),0,,2,2,0,2,0,0,1,, -1,1,0,1,50,16,6,2021,18:10,1,13,13028,2,3,0,3,GASSION (AVENUE FERNAND ),43.18255,5.60544,18,2,2
202100002428,197Â 434,Y01,1,1,2,5,0,-1,-1,0,0,-1,2021,38.0,3,1,0,2,3,19,3,,4,RUE ANDRE VASSEUR,0,,2,2,0,1,(1),(1),3,, -1,1,0,1,30,17,12,2021,19:30,5,31,31555,2,1,0,3,RUE ANDRE VASSEUR,43.63485,1.47171,19,2,2
202100036478,136Â 498,A01,10,3,1,5,0,-1,-1,4,3,1,2021,69.0,1,1,12,1,1,0,1,,3,DANIELLE CASANOVA (AV),0,,2,3,0,1,1,0,1,, -1,1,0,1,50,4,6,2021,20:50,2,94,94041,2,2,0,6,Avenue Danielle Casanova,48.81249,2.38619,20,2,1
202100028365,151Â 002,A01,8,2,1,4,9,-1,-1,0,0,-1,2021,36.0,2,5,13,0,7,1,1,,1,85,-1,A,1,2,0,1,146,150,1,, -1,1,0,8,130,16,7,2021,14:30,1,41,41126,1,9,0,6,aoutoroute A.85 PK 146+150,47.292469,1.281169,14,4,1
202100011106,181Â 877,A01,1,1,1,3,8,0,-1,-1, -1,-1,2021,27.0,3,1,0,0,0,0,5,,4,CRUSSOL (RUE DE),0,,1,1,0,1,0,0,1,, -1,1,0,1,30,25,10,2021,15:00,1,7,7281,2,1,0,7,CRUSSOL (RUE DE),44.944474,4.84276,15,1,1
202100046198,119Â 192,A01,1,1,1,5,2,-1,-1,0,0,-1,2021,28.0,2,6,8,0,2,26,1,,3,942,-1,,2,2,0,2,(1),(1),1,, -1,1,0,4,50,29,3,2021,19:55,1,59,59053,2,1,0,7,Rue du Quesnoy,50.297475,3.778396,19,1,1
202100054485,104Â 375,A01,10,3,1,5,0,-1,-1,4,3,2,2021,6.0,1,1,0,1,1,19,1,,3,LECLERC (AVENU DE LA DIVISION),0,,1,2,0,1,0,1,1,, -1,1,0,8,50,19,1,2021,19:09,5,93,93013,2,2,0,6,LECLERC (AVENU DE LA DIVISION),48.9379,2.42879,19,2,1
202100024646,157Â 605,A01,1,1,1,0,1,0,-1,-1, -1,-1,2021,31.0,2,5,0,2,1,17,1,,3,1,0,,2,4,0,1,0,0,1,, -1,1,0,1,50,30,7,2021,16:05,1,92,92024,2,1,0,5,CLICHY (QUAI DE) DE (8 A 60),48.9039598051,2.2907553613,16,5,4
202100045113,121Â 099,A01,1,1,1,5,2,6,-1,-1, -1,-1,2021,48.0,2,1,0,0,7,1,1,,4,TRION (DE)                          (R ),0,,2,2,0,2,(1),(1),1,, -1,9,8,1,50,2,4,2021,18:46,1,69,69385,2,1,0,7,TRION (DE) (R),45.7565220258,4.8169118611,18,1,1
202100006266,190Â 591,A01,10,3,2,0,0,-1,-1,2,3,1,2021,16.0,1,2,0,1,1,1,1,,4,PADOVANI ( AVE ),0,,2,2,0,1,0,9,1,, -1,2,0,1,50,25,11,2021,18:30,5,13,13117,2,1,1,1,PADOVANI ( AVE ),43.4346,5.26065,18,2,1
202100013175,178Â 197,A01,1,1,1,9,1,-1,-1,0,0,-1,2021,44.0,3,2,6,0,9,1,1,,4,,0,,2,2,0,1,(1),(1),1,,5,3,0,4,50,14,10,2021,19:00,4,971,97103,2,1,0,6,Rue Thomas Edison,16.252948,-61.557067,19,2,1
202100003780,195Â 007,A01,1,1,1,5,1,-1,-1,0,0,-1,2021,22.0,2,2,13,0,1,1,1,,3,304,-1,,2,2,0,1,14,104,1,, -1,7,0,8,90,10,12,2021,20:00,3,72,72325,1,1,1,6,pk 14 D304,47.833641,0.489256,20,1,1
202100042535,125Â 595,B01,1,1,2,0,1,-1,-1,0,0,-1,2021,75.0,2,2,0,2,3,1,1,,3,981,0,D,2,2,0,2,28,700,1,, -1,1,0,1,80,27,4,2021,14:45,1,58,58280,1,1,0,1,Lieu dit RosiÃ¨re,46.844717,3.419328,14,2,2
202100013439,177Â 712,A01,1,1,1,0,2,6,-1,0,0,-1,2021,52.0,1,1,0,2,1,1,1,,3,7,-1,,2,2,0,1,30,418,3,, -1,1,0,1,80,14,10,2021,13:53,1,76,76509,1,1,0,3,1065 Route du Puits de l Aire,49.467999,1.230136,13,2,2
202100053415,106Â 243,B01,1,1,1,4,1,8,-1,-1, -1,-1,2021,39.0,2,2,0,2,6,1,1,,2,104,0,,3,6,0,1,38,799,1,, -1,2,0,1,90,27,1,2021,21:17,3,91,91228,1,9,1,5,RN 104,48.61419,2.42988,21,3,3
202100027535,152Â 509,B01,2,2,1,9,2,0,-1,-1, -1,-1,2021,22.0,0,1,0,0,0,0,1,,4,BOULEVARD JEAN MONNET,0,,1,1,2,1,(1),(1),1,, -1,1,0,1,30,22,7,2021,17:17,1,44,44109,2,3,0,3,BOULEVARD JEAN MONNET,47.208837,-1.550102,17,3,2
202100035656,137Â 979,B01,1,1,1,0,2,0,-1,-1, -1,-1,2021,37.0,0,1,0,0,0,0,1,,1,86,0,,-1,4,0,1,0,600,1,, -1,1,0,1,70,8,6,2021,16:40,1,92,92050,1,1,0,6,A86,48.8989782331,2.199459672,16,2,2
202100051358,109Â 877,A01,2,2,1,5,1,-1,-1,0,0,-1,2021,33.0,1,2,6,0,3,1,1,,1,8,-1,,3,3,0,2,206,0,2,, -1,1,1,1,90,13,2,2021,13:45,1,6,6149,1,1,0,7,"Autoroute A8, pk 206.000, chaussÃ©e sud",43.744088,7.359445,13,2,1
202100010496,182Â 959,A01,1,1,1,0,2,-1,-1,-1, -1,-1,2021,26.0,1,1,0,0,0,0,1,,4,RENE COTY,0,,2,2,0,1,0,0,1,, -1,1,0,1,30,27,10,2021,22:00,5,76,76351,2,1,0,7,RENE COTY,49.49814,0.11564,22,1,1
202100049638,113Â 015,B01,1,1,1,0,8,0,-1,-1, -1,-1,2021,47.0,3,1,0,2,0,1,3,,4,BOISNET RUE,0,,2,2,0,1,1,0,1,, -1,1,0,1,30,26,2,2021,15:23,1,49,49007,2,1,0,2,BOISNET RUE,47.474238,-0.553285,15,2,2
202100039489,131Â 023,B01,1,1,1,5,1,0,-1,-1, -1,-1,2021,60.0,1,2,0,2,9,1,0,,3,9,0,,1,2,0,1,0,0,1,, -1,1,1,1,50,18,5,2021,07:21,2,92,92026,2,1,0,5,DIVISION LECLERC (AVENUE DE LA),48.8922934892,2.241159305,7,3,3
202100043346,124Â 183,A01,10,3,2,9,0,-1,-1,2,3,1,2021,19.0,1,2,0,1,2,7,2,,4,AVENUE BOSQUET,0,,2,2,3,1,(1),(1),1,, -1,1,-1,6,50,19,4,2021,16:00,1,75,75107,2,1,0,6,AVENUE BOSQUET,48.854814,2.305439,16,2,1
202100042614,125Â 454,A01,2,2,2,0,1,0,-1,-1, -1,-1,2021,26.0,2,1,0,0,8,16,1,,3,50,0,,1,3,1,1,0,0,2,, -1,1,0,1,30,25,4,2021,10:20,1,92,92040,2,6,1,7,VICTOR HUGO (ROND-POINT),48.82799,2.27372,10,2,1
202100042559,125Â 553,A01,1,1,1,1,2,6,-1,0,0,-1,2021,41.0,1,1,0,2,2,1,1,,3,83,-1,,2,2,0,1,30,500,1,, -1,1,0,1,50,27,4,2021,18:30,1,14,14044,2,2,1,3,D83,49.281517,-0.417995,18,3,2