Num_Acc,id_vehicule,num_veh,place,catu,sexe,trajet,secu1,secu2,secu3,locp,actp,etatp,year_acc,victim_age,senc,catv,obs,obsm,choc,manv,motor,occutc,catr,voie,v1,v2,circ,nbv,vosp,prof,pr,pr1,plan,lartpc,larrout,surf,infra,situ,vma,jour,mois,an,hrmn,lum,dep,com,agg_,int,atm,col,adr,lat,long,hour,nb_victim,nb_vehicules
202100034260,140Â 503,C01,3,2,1,0,1,-1,-1,-1, -1,-1,2021,5.0,1,2,0,2,4,2,1,,3,POMMERY (BOULEVARD),0,,2,3,0,1,20,0,1,, -1,1,0,1,50,15,6,2021,15:27,1,51,51454,2,1,0,4,Boulevard Pommery,49.2448831904,4.0500122309,15,4,3
202100050046,112Â 283,A01,1,1,1,1,1,0,-1,-1, -1,-1,2021,71.0,3,2,0,2,3,15,1,,4,LOMBARDS (AVENUE),0,,-1,2,0,1,0,0,1,, -1,1,0,1,50,25,2,2021,21:35,5,10,10387,2,2,0,3,LOMBARDS (AVENUE),48.27276,4.07713,21,2,2
202100036537,136Â 405,A01,1,1,2,3,8,-1,-1,0,0,-1,2021,71.0,1,2,13,0,3,16,1,,3,622,0,,2,2,0,3,0,466,1,, -1,2,0,3,50,12,3,2021,15:20,1,45,45155,2,1,1,6,D622-PR 0 + 466,47.694368,2.648692,15,1,1
202100019027,167Â 628,A01,1,1,1,0,2,6,-1,-1, -1,-1,2021,29.0,3,1,0,2,1,0,0,,4,EDOUARD LUCY (AVENUE),0,,1,4,0,1,0,0,1,, -1,1,0,1,50,14,9,2021,17:45,1,93,93007,2,2,0,3,EDOUARD LUCY (AVENUE),48.92805,2.47965,17,2,2
202100024656,157Â 585,A01,1,1,1,0,1,9,-1,0,0,-1,2021,29.0,2,2,3,0,1,1,1,,1,36,-1,,1,2,0,1,79,400,1,, -1,1,0,2,130,12,8,2021,02:00,3,25,25156,1,1,0,7,A36,47.409303,6.501358,2,3,3
202100028393,150Â 960,B01,1,1,1,5,1,-1,-1,0,0,-1,2021,81.0,2,2,0,2,3,1,1,,3,952,-1,,2,2,0,2,39,365,2,, -1,1,0,1,80,25,5,2021,14:15,1,4,4135,1,1,0,1,RD 952,43.817607,6.243539,14,2,2
202100017543,170Â 266,A01,1,1,1,1,2,6,9,0,0,-1,2021,16.0,1,1,0,0,1,1,1,,3,681,0,,2,2,0,1,27,130,1,,5,1,0,1,80,23,9,2021,17:25,1,71,71014,1,3,0,7,D681,46.987158,4.31348,17,1,1
202100002829,196Â 717,B01,1,1,1,3,2,6,-1,0,0,-1,2021,72.0,2,1,0,2,1,1,1,,3,31,0,D,2,3,0,2,7,500,3,, -1,1,5,1,80,17,12,2021,15:35,1,64,64396,1,3,0,3,D31,43.436562,-0.631533,15,3,2
202100010788,182Â 456,B01,1,1,1,1,2,6,-1,0,0,-1,2021,23.0,1,1,0,2,1,2,1,,3,13,0,,2,2,0,1,1,650,1,, -1,1,0,1,80,28,10,2021,19:40,3,14,14278,1,1,0,2,D13,49.174704,-0.592543,19,2,2
202100004238,194Â 174,B01,1,1,1,0,8,0,-1,-1, -1,-1,2021,66.0,2,1,0,2,1,1,5,,4,GENERAL LECLERC (RUE DU),0,,3,5,3,1,0,0,1,, -1,9,0,1,50,2,12,2021,16:10,2,67,67365,2,3,0,3,GENERAL LECLERC (RUE DU),48.55087,7.71081,16,2,2
202100044055,122Â 930,A01,10,3,1,0,8,8,-1,2,3,1,2021,90.0,3,1,0,1,1,1,0,,3,ARCADE (R DE L),0,,1,1,0,2,0,0,1,, -1,1,0,1,30,14,4,2021,16:45,1,94,94018,2,1,0,3,ARCADE (R DE L),48.82206,2.39979,16,2,1
202100016300,172Â 498,A01,1,1,1,4,2,6,-1,0,0,-1,2021,53.0,2,1,6,0,1,1,1,,3,43,-1,,2,2,0,1,13,290,2,, -1,1,2,8,90,26,8,2021,10:36,1,88,88447,1,1,0,6,Lieu-dit l'envers de la poirie 88290,47.945161,6.768769,10,1,1
202100020407,165Â 160,B01,1,1,1,1,1,-1,-1,0,0,-1,2021,47.0,1,2,0,2,3,0,1,,3,518,0,Z,2,2,0,2,4,0,1,, -1,1,0,1,80,8,9,2021,06:45,2,38,38449,1,1,0,5,RD 518Z PK 004.000,45.626374,5.080533,6,4,3
202100007479,188Â 385,A01,1,1,1,1,2,6,9,0,0,-1,2021,21.0,2,1,0,0,8,1,1,,3,6086,-1,D,2,2,0,4,25,900,1,, -1,1,0,3,80,18,11,2021,07:45,1,30,30127,1,1,0,7,D6086,44.068741,4.578843,7,1,1
202100016579,171Â 997,B01,1,1,1,4,2,6,9,0,0,-1,2021,32.0,3,1,0,2,1,17,1,,3,10,-1,,2,2,0,1,(1),(1),1,,4,1,0,1,50,24,9,2021,10:15,1,38,38547,2,4,0,3,Avenue Robert Huant,45.26122,5.903767,10,2,2
202100046144,119Â 280,B01,1,1,1,5,0,0,-1,-1, -1,-1,2021,7.0,3,1,0,2,8,26,5,,4,HOCHE (R),0,,1,1,3,1,1,0,1,, -1,1,6,1,20,29,3,2021,18:30,1,94,94041,2,1,0,3,Rue Hoche,48.81227,2.37401,18,2,2
202100007192,188Â 899,B01,1,1,1,0,8,0,-1,-1, -1,-1,2021,61.0,3,1,0,2,0,16,5,,4,BERTINIERE (RUE DE LA) NÂ° IMP,0,,2,2,2,1,0,0,1,, -1,1,0,1,50,9,11,2021,14:00,1,72,72181,2,6,0,3,BERTINIERE (RUE DE LA) NÂ° IMP,47.99208,0.2164,14,2,2
202100006401,190Â 355,A01,10,3,1,0,0,-1,-1,3,3,2,2021,29.0,1,2,0,1,1,16,1,,4,TOLSTOI    (Cours),0,,1,1,3,1,(1),(1),1,, -1,1,6,1,50,24,11,2021,13:20,1,69,69266,2,6,0,6,TOLSTOI (CR),45.76372,4.87366,13,2,1
202100036155,137Â 062,A01,2,2,2,0,1,-1,-1,0,0,-1,2021,23.0,1,2,2,0,3,1,1,,3,951,0,,2,2,0,1,24,200,1,, -1,1,0,3,-1,7,6,2021,03:20,3,10,10106,1,1,1,6,DÃ©partementale 951,48.45932,3.411791,3,2,1
202100051856,109Â 012,A01,2,2,2,5,1,-1,-1,0,0,-1,2021,27.0,0,2,0,0,1,1,1,,3,219,0,,2,2,0,1,2,670,1,, -1,7,0,3,90,12,2,2021,09:30,1,77,77172,1,1,0,7,D219,48.335841,2.958176,9,3,1
202100045850,119Â 799,A01,1,1,1,5,2,6,-1,0,0,-1,2021,16.0,0,1,0,2,3,9,1,,6,,-1,,-1,-1,0,1,(1),(1),1,, -1,1,0,1,50,24,3,2021,16:55,1,44,44154,2,1,0,3,PÃ´le de Bresse (ArrÃªt de bus),47.247809,-2.162271,16,2,2
202100005744,191Â 531,A01,10,3,1,5,0,-1,-1,3,3,1,2021,70.0,3,2,0,1,1,1,1,,4,REBOUL (RUE PILOTE PIERRE),0,,-1,2,0,1,0,0,1,, -1,1,0,1,30,28,11,2021,08:50,1,83,83137,2,1,0,6,REBOUL (RUE PILOTE PIERRE),43.1127531329,5.9424179792,8,2,1
202100045388,120Â 603,A01,1,1,1,2,2,6,-1,-1, -1,-1,2021,16.0,1,1,1,2,1,18,1,,3,813,0,,2,2,0,1,17,580,1,, -1,1,0,1,50,1,4,2021,21:00,5,47,47001,2,1,0,6,DELPECH (AV. GEORGES),44.21081,0.60924,21,2,2
202100049540,113Â 207,A01,1,1,1,9,2,0,-1,-1, -1,-1,2021,55.0,2,1,0,2,2,17,6,,3,SEINE (QUAI DE),0,,2,2,0,1,0,1,1,, -1,1,0,6,50,2,3,2021,15:05,1,93,93070,2,9,0,3,SEINE (QUAI DE),48.91441,2.31867,15,2,2
202100026435,154Â 445,B01,1,1,1,5,2,0,-1,-1, -1,-1,2021,22.0,1,1,1,2,1,1,1,,4,THOMAS (AVENUE ALBERT),0,,2,2,0,1,0,0,1,, -1,1,0,1,50,28,7,2021,18:11,1,87,87085,2,1,0,-1,THOMAS (AVENUE ALBERT),45.83465,1.24584,18,2,2
202100040887,128Â 541,B01,1,1,1,0,1,-1,-1,0,0,-1,2021,56.0,0,2,0,2,3,15,1,,4,GUTENBERG (RUE),0,,-1,2,0,1,(1),(1),1,, -1,1,0,1,50,5,5,2021,17:26,1,80,80021,2,1,0,3,GUTENBERG (RUE),49.9175877863,2.2735422994,17,2,2
202100006877,189Â 485,A01,1,1,2,1,2,6,0,0,0,-1,2021,44.0,1,1,0,2,1,2,1,,1,8,-1,,3,4,0,2,200,100,1,, -1,1,0,1,90,23,11,2021,09:30,1,6,6088,1,1,0,2,A8 PK 200.100 SENS FRANCE ITALIE,43.733592,7.285137,9,2,2
202100023924,158Â 870,B01,2,1,1,-1,2,0,0,-1, -1,-1,2021,21.0,0,1,0,2,1,17,1,,3,39,0,,2,2,0,1,0,0,1,, -1,1,0,1,50,10,8,2021,19:00,1,92,92063,2,3,0,3,RICHELIEU (BOULEVARD),48.87055,2.18422,19,2,2
202100033829,141Â 288,A01,1,1,1,5,2,6,-1,-1, -1,-1,2021,47.0,1,1,0,2,1,18,1,,4,BROODCOORENS (RUE) DU 124 AU 176 - DU 11,0,,1,2,3,1,(1),(1),1,, -1,1,9,6,50,15,6,2021,16:15,1,44,44184,2,3,0,3,BROODCOORENS (RUE) DU 124 AU 176 - DU 11,47.26993,-2.24465,16,2,2
202100036165,137Â 048,A01,2,2,2,5,1,-1,-1,0,0,-1,2021,56.0,1,2,9,9,7,26,1,,2,7,-1,,3,4,0,2,97,0,4,, -1,1,0,8,110,6,6,2021,12:30,1,58,58264,1,9,0,6,Aire de repos de Beaumont (Parking),46.762186,3.136194,12,2,1
202100006807,189Â 610,B01,2,2,1,5,1,0,-1,-1, -1,-1,2021,32.0,1,2,0,2,4,2,1,,2,RN104,0,,1,1,0,1,0,800,1,, -1,1,0,1,50,23,11,2021,20:15,3,77,77169,1,1,0,2,RN104,48.8226054237,2.6150531482,20,3,2
202100025505,156Â 076,B01,1,1,2,5,1,-1,-1,0,0,-1,2021,43.0,3,2,13,0,8,1,1,,4,2,0,,2,2,0,1,(1),(1),1,, -1,1,0,1,80,25,7,2021,06:25,2,22,22182,1,2,0,3,Lieu Dit Saint Blaise,48.54741,-2.938328,6,2,2
202100014874,175Â 126,B01,1,1,1,1,2,0,-1,-1, -1,-1,2021,39.0,2,1,0,2,2,0,1,,3,DIVISION LECLERC (53 A 217 - 58 A 186),0,,3,4,0,1,0,0,1,, -1,1,0,1,50,6,10,2021,08:30,2,92,92002,2,3,0,3,DIVISION LECLERC (53 A 217 - 58 A 186),48.7468308337,2.303684871,8,2,2
202100004082,194Â 447,A01,3,2,1,9,3,0,-1,-1, -1,-1,2021,6.0,1,2,8,0,7,26,1,,3,VIALENC (BOULEVARD DU),0,,3,12,0,1,0,546,1,, -1,2,5,1,50,7,12,2021,05:22,5,15,15014,2,2,0,6,VIALENC (BOULEVARD DU),44.91777,2.42899,5,2,1
202100023125,160Â 278,A01,1,1,2,1,2,6,-1,0,0,-1,2021,46.0,1,1,0,2,1,24,1,,2,RN814,0,,1,2,0,1,1,0,1,, -1,2,0,1,110,21,8,2021,12:00,1,14,14383,1,1,1,2,N814,49.14437,-0.40575,12,2,2
202100025605,155Â 916,A01,1,1,1,3,1,8,-1,-1, -1,-1,2021,52.0,2,2,1,0,1,13,1,,4,PARMENTIER (RUE ANTOINE) 02 AU 108  -  0,0,,1,2,0,2,(1),(1),1,, -1,2,0,1,50,3,8,2021,19:30,1,44,44184,2,1,1,6,PARMENTIER (RUE ANTOINE) 02 AU 108  -  0,47.26294,-2.22873,19,1,1
202100018963,167Â 744,B01,1,1,1,0,2,-1,-1,-1, -1,-1,2021,36.0,1,1,0,2,7,19,3,,7,RTE DE LAUNAGUET,0,,2,2,0,1,42,5,1,, -1,1,0,1,50,13,9,2021,12:10,1,31,31555,2,9,0,3,RTE DE LAUNAGUET,43.65341,1.43768,12,2,2
202100038563,132Â 716,B01,2,2,1,2,1,-1,-1,0,0,-1,2021,11.0,1,2,0,2,3,1,1,,3,418,0,D,2,2,0,1,3,235,1,, -1,1,0,1,50,24,5,2021,17:45,1,61,61214,2,4,0,3,1 Avenue du Perche,48.759388,0.631396,17,6,2
202100040974,128Â 377,A01,10,3,1,9,8,8,-1,1,3,2,2021,16.0,3,2,0,1,0,0,0,,4,QUEBEC (AVENUE DU),0,,1,1,0,1,0,0,1,, -1,1,0,1,50,7,5,2021,15:10,1,93,93007,2,1,0,6,QUEBEC (AVENUE DU),48.9281,2.47619,15,2,1
202100046586,118Â 499,C01,1,1,1,5,8,0,-1,0,0,-1,2021,69.0,1,1,0,2,1,15,5,,3,SAINTE ROSE (RUE),0,,2,3,2,1,0,750,1,, -1,1,-1,1,50,24,3,2021,13:00,1,73,73065,2,3,0,3,Rue Dijoud / D201,45.566385,5.937998,13,2,2
202100013891,176Â 867,A01,1,1,1,1,2,6,-1,0,0,-1,2021,40.0,2,1,0,2,8,1,1,,4,RUE DE COURCELLES,0,,2,2,0,1,(1),(1),1,, -1,1,0,1,30,11,10,2021,19:05,2,75,75108,2,7,0,3,RUE DE COURCELLES,48.878147,2.305076,19,2,2
202100030094,147Â 986,B01,1,1,1,0,2,6,9,0,0,-1,2021,24.0,1,1,0,0,0,2,1,,3,1006,0,D,1,4,0,1,(1),(1),1,, -1,1,0,1,70,9,7,2021,19:34,1,38,38193,1,1,0,3,D1006,45.6106139152,5.2114167809,19,2,2
202100054939,103Â 610,B01,1,1,1,1,2,6,-1,-1, -1,-1,2021,22.0,1,1,0,2,1,1,1,,3,PARIS (RUE DE),0,,2,5,0,1,0,1,1,, -1,1,0,1,50,15,1,2021,12:15,1,93,93053,2,9,0,4,PARIS (RUE DE),48.9019060304,2.4604448676,12,3,3
202100055324,102Â 939,A01,10,3,2,9,0,-1,-1,3,3,2,2021,44.0,3,2,0,1,2,1,1,,4,PACULL (L14 ET15,0,,1,1,0,1,(1),(1),3,, -1,1,0,1,50,11,1,2021,17:00,1,34,34003,2,6,0,6,PACULL (L14 ET15,43.29964,3.47734,17,2,1
202100000392,201Â 003,B01,1,1,1,1,0,-1,-1,0,0,-1,2021,21.0,3,1,0,2,1,9,3,,4,MOULIN   AVENUE JEAN,0,,1,2,0,1,(1),(1),1,, -1,1,0,1,50,11,11,2021,20:07,5,17,17300,2,6,0,3,MOULIN   AVENUE JEAN,46.13992,-1.1452,20,2,2
202100046588,118Â 494,B01,1,1,1,2,2,6,-1,-1, -1,-1,2021,17.0,1,1,0,2,1,16,1,,3,HERRIOT (rue Edouard),0,,2,4,0,2,24,10,1,, -1,1,0,1,50,23,3,2021,12:39,1,69,69115,2,6,0,3,ECOSSAIS (DE L') (R),45.97904,4.73032,12,2,2
202100004064,194Â 485,B01,1,1,2,0,1,-1,-1,-1, -1,-1,2021,30.0,1,2,0,2,4,23,1,,4,CARNOT (RUE DU PRESIDENT),0,,2,2,0,1,(1),(1),1,, -1,2,0,1,50,8,12,2021,20:30,5,33,33529,2,6,1,2,CARNOT (RUE DU PRESIDENT),44.62673,-1.14175,20,2,2
202100050160,112Â 057,A01,10,3,1,5,0,-1,-1,9,B,-1,2021,14.0,1,5,0,1,7,0,1,,3,D 403,0,,2,2,0,1,52,457,1,, -1,1,0,1,50,25,2,2021,15:27,1,77,77439,1,1,0,6,D 403,48.41717,3.00997,15,2,1
202100037506,134Â 627,B01,9,2,2,2,3,-1,-1,0,0,-1,2021,5.0,1,2,0,0,2,1,1,,3,943,0,,2,2,0,1,32,780,1,, -1,1,0,1,90,27,5,2021,18:10,1,37,37083,1,1,0,1,D943,47.246461927,0.8556605328,18,8,2
202100032341,143Â 950,A01,10,3,1,0,0,-1,-1,3,3,1,2021,39.0,3,2,0,1,2,1,1,,9,CHAPIT RE ( RUE DU),0,,1,1,3,1,0,0,1,, -1,1,9,1,30,25,6,2021,15:30,1,93,93073,2,1,0,6,Rue dâAthenes,49.01071,2.55987,15,2,1
202100012945,178Â 598,A01,1,1,1,5,0,-1,-1,0,0,-1,2021,20.0,1,2,0,0,1,1,1,,3,518,-1,,2,2,0,1,16,100,1,, -1,1,0,8,80,16,10,2021,13:15,1,38,38035,1,1,0,7,CD518,45.529817,5.087099,13,1,1
202100030701,146Â 882,B01,1,1,1,2,2,-1,-1,0,0,-1,2021,15.0,2,1,0,9,1,1,1,,3,75,-1,,2,2,0,1,19,340,3,, -1,1,5,1,30,23,3,2021,15:30,1,1,1351,2,1,0,3,Rue de la Bresse,46.148737,4.865441,15,2,2
202100055477,102Â 684,B01,1,1,2,0,1,0,-1,0,0,-1,2021,33.0,1,2,0,2,4,23,1,,4,,0,,3,2,3,1,(1),(1),1,, -1,1,-1,1,50,10,1,2021,17:40,5,54,54357,2,1,0,2,boulevard de Scarpone,48.70639,6.16203,17,3,2
202100009712,184Â 341,A01,1,1,1,0,1,0,-1,-1, -1,-1,2021,35.0,2,1,0,2,1,3,1,,1,86,0,,3,2,0,1,2,0,1,, -1,1,0,1,90,9,9,2021,13:10,1,92,92050,1,1,0,3,A86,48.9145462162,2.2193848208,13,2,2
202100009163,185Â 336,A01,1,1,1,5,1,-1,-1,0,0,-1,2021,73.0,1,2,13,0,3,1,1,,3,150,0,,2,2,0,1,19,758,1,, -1,1,0,8,80,7,11,2021,09:30,1,17,17187,1,1,0,7,48 Route de Clion,45.45344,-0.501139,9,1,1
202100029929,148Â 303,B01,10,3,1,9,0,0,0,1,1,1,2021,20.0,1,4,0,1,1,2,0,,1,AUTOROUTE A27,0,,3,4,0,1,6,500,1,, -1,1,0,1,110,9,7,2021,01:15,3,59,59523,1,1,0,6,AUTOROUTE A27,50.5989494095,3.1793857184,1,2,1
202100001270,199Â 491,A01,2,2,2,5,8,0,-1,-1, -1,-1,2021,25.0,3,0,0,2,0,0,0,,9,COMMUNE DE PARIS (AVENUE),0,,1,1,0,1,0,0,1,, -1,1,0,1,50,25,12,2021,05:00,5,974,97407,2,1,0,7,COMMUNE DE PARIS (AVENUE),-20.9429,55.29191,5,2,1
202100045823,119Â 848,A01,1,1,1,0,2,6,-1,-1, -1,-1,2021,29.0,1,1,0,2,1,18,1,,3,RUE DU 08 MAI 1945,0,,1,3,1,1,0,0,1,, -1,1,0,5,50,31,3,2021,18:20,1,92,92024,2,2,0,3,RUE DU 08 MAI 1945,48.8982576742,2.310154438,18,2,2
202100047002,117Â 763,A01,1,1,1,4,1,-1,-1,-1, -1,-1,2021,26.0,1,5,0,2,3,13,1,,1,ROCADE A 630,0,,3,4,0,1,16,500,1,, -1,1,0,1,90,22,3,2021,07:00,1,33,33281,1,1,0,3,ROCADE A 630,44.839314,-0.675445,7,2,2
202100012320,179Â 713,A01,1,1,1,1,8,-1,-1,0,0,-1,2021,42.0,1,2,0,2,1,2,1,,7,751,-1,,2,3,0,1,50,600,1,, -1,1,0,1,90,19,10,2021,08:10,2,37,37099,1,1,0,4,Les Quatre Tourelles,47.2892201592,0.5252792927,8,3,3
202100036450,136Â 548,A01,1,1,1,0,8,0,-1,-1, -1,-1,2021,45.0,1,1,0,2,7,1,3,,4,SAINTE (RUE),0,,1,2,0,1,(1),(1),1,, -1,1,0,1,50,3,6,2021,13:00,1,13,13207,2,3,0,3,SAINTE (RUE),43.2912,5.36929,13,2,2
202100006435,190Â 292,B01,1,1,1,0,1,0,-1,-1, -1,-1,2021,19.0,1,2,0,2,5,0,1,,2,116 PK RN137 ROCHEFORT JUSTICE,0,,3,4,0,1,116,0,1,, -1,1,0,1,90,20,11,2021,13:35,1,17,17274,1,1,0,2,116 PK RN137 ROCHEFORT JUSTICE,46.15468,-1.11486,13,2,2
202100055794,102Â 135,B01,1,1,2,0,8,0,-1,-1, -1,-1,2021,30.0,3,1,0,2,1,19,5,,4,AVENUE DE GRUGLIASCO,0,,2,2,0,1,(1),(1),1,, -1,1,0,1,50,8,1,2021,08:30,1,38,38151,2,2,0,3,Avenue de Grugliasco,45.14926,5.72047,8,2,2
202100011790,180Â 639,B01,1,1,2,0,1,-1,-1,-1, -1,-1,2021,21.0,3,2,0,2,2,0,1,,4,JEAN JAURES      (Rue),0,,2,2,2,1,(1),(1),1,, -1,1,0,1,50,21,10,2021,21:30,5,69,69266,2,3,0,3,JEAN JAURES (R),45.75691,4.88023,21,2,2
202100016132,172Â 804,B01,1,1,1,5,2,0,-1,-1, -1,-1,2021,37.0,1,1,0,0,4,9,1,,4,FRANCE LIBRE (BOULEVARD DE LA),0,,2,2,0,1,0,0,1,, -1,1,0,1,50,28,9,2021,17:30,1,66,66136,2,1,0,4,FRANCE LIBRE (BOULEVARD DE LA),42.70719,2.90702,17,3,3
202100045307,120Â 743,A01,7,2,1,5,3,-1,-1,0,0,-1,2021,1.0,2,2,0,2,3,17,1,,3,14,-1,,2,2,0,1,37,965,1,0,"5,8",1,0,1,90,3,4,2021,15:30,1,16,16380,1,1,0,1,,45.392543,-0.212302,15,6,2
202100009736,184Â 300,A01,1,1,1,9,1,8,-1,-1, -1,-1,2021,25.0,1,2,0,2,1,1,1,,4,AV DE L ORME A MARTIN,0,,2,2,0,1,0,0,1,, -1,2,0,1,50,1,11,2021,22:26,3,91,91228,2,2,1,3,AV DE L ORME A MARTIN,48.63182,2.418872,22,5,2
202100002808,196Â 750,B01,1,1,1,5,2,6,-1,-1, -1,-1,2021,26.0,2,1,0,2,1,1,1,,3,JEAN JAURES (R),0,,2,4,0,1,1,0,1,, -1,1,0,1,50,15,12,2021,18:15,5,94,94017,2,1,0,3,Rue Jean JaurÃ¨s,48.81383,2.50944,18,2,2
202100011493,181Â 182,B01,1,1,1,5,2,-1,-1,0,0,-1,2021,18.0,1,1,0,0,1,5,1,,3,910,0,A,2,2,0,2,1,650,1,, -1,1,0,1,50,22,10,2021,23:50,3,30,30027,2,1,0,1,D 910 A,44.076017,4.059502,23,2,2
202100023511,159Â 609,A01,1,1,1,5,1,-1,-1,0,0,-1,2021,28.0,1,2,6,0,1,1,1,,3,104,-1,,2,2,0,1,61,250,1,, -1,1,0,3,80,20,8,2021,00:56,3,7,7134,1,1,0,6,1925 Route d Aubenas,44.498241,4.286259,0,1,1
202100019106,167Â 477,B01,1,1,1,1,2,0,-1,0,0,-1,2021,47.0,1,1,0,2,1,1,1,,1,A47,0,,3,5,0,3,27,600,2,, -1,2,0,1,110,9,9,2021,18:03,1,42,42207,1,1,0,3,A47,45.48467,4.50206,18,3,2
202100009151,185Â 354,B01,1,1,1,5,1,-1,-1,0,0,-1,2021,83.0,2,2,0,2,7,1,1,,3,14,0,,2,2,0,1,9,179,1,, -1,1,0,1,90,1,11,2021,16:40,1,61,61461,1,2,0,3,La Patte d Oie,48.823014,0.383475,16,3,2
202100005168,192Â 541,A01,10,3,1,9,0,0,0,1,3,1,2021,22.0,2,0,0,1,7,1,0,,1,8,-1,,3,4,0,2,222,980,3,, -1,1,0,1,110,30,11,2021,19:40,3,6,6083,1,1,0,6,A8 PK 222.980 chaussÃ©e nord,43.790335,7.518725,19,2,1
202100013114,178Â 303,A01,2,2,2,5,8,0,-1,0,0,-1,2021,16.0,1,1,0,2,1,1,3,,4,RUE DE LA VICTOIRE,0,,1,1,0,1,(1),(1),1,, -1,1,0,1,30,15,10,2021,14:35,1,75,75109,2,2,0,3,RUE DE LA VICTOIRE,48.875018,2.331403,14,3,2
202100020952,164Â 211,A01,9,2,1,5,1,-1,-1,0,0,-1,2021,21.0,2,2,13,0,1,2,1,,3,61,-1,D,1,2,0,1,11,164,2,, -1,1,5,3,-1,5,9,2021,07:25,2,34,34151,1,6,1,6,D61,43.596407,4.105378,7,5,1
202100000324,201Â 140,A01,1,1,2,1,1,-1,-1,-1, -1,-1,2021,51.0,2,2,15,2,7,1,1,,3,,-1,,2,-1,0,1,31,520,1,, -1,1,0,1,80,11,2,2021,18:15,2,33,33080,2,2,0,3,Chemin de Martillac,44.74671,-0.56384,18,2,2
202100013739,177Â 151,A01,1,1,1,5,2,6,8,0,0,-1,2021,54.0,1,1,3,0,8,1,1,,1,75,0,A,3,2,0,2,133,700,3,, -1,1,0,1,110,13,10,2021,13:25,1,48,48009,1,1,0,6,A75 PK 133+700 en direction de millau,44.73355,3.29039,13,1,1
202100038124,133Â 517,B01,1,1,2,5,1,-1,-1,-1, -1,-1,2021,61.0,2,2,4,2,3,9,1,,1,AUTOROUTE A 10,0,,3,7,0,1,539,599,1,, -1,1,0,1,130,27,5,2021,19:25,1,33,33397,1,1,0,2,,44.91076,-0.486821,19,2,2
202100047001,117Â 767,B01,1,1,1,5,1,-1,-1,-1, -1,-1,2021,24.0,1,2,0,2,4,2,1,,1,AUTOROUTE A 63,0,,3,4,0,1,10,595,1,, -1,1,0,1,130,23,3,2021,07:35,1,33,33122,1,1,0,4,AUTOROUTE A 63,44.727319,-0.729884,7,5,5
202100052911,107Â 140,B01,1,1,1,9,2,6,-1,0,0,-1,2021,27.0,1,1,0,2,1,1,1,,4,RUE DE LA CONVENTION,0,,2,2,0,1,(1),(1),1,, -1,1,0,1,50,1,2,2021,21:25,5,75,75115,2,2,0,3,RUE DE LA CONVENTION,48.838067,2.294612,21,2,2
202100032682,143Â 350,B01,1,1,1,0,2,6,-1,-1, -1,-1,2021,61.0,0,1,0,2,1,1,1,,7,SARNICO (RP),0,,2,2,0,1,0,0,1,, -1,1,0,1,50,23,6,2021,13:04,1,13,13075,2,1,0,3,SARNICO (RP),43.342,5.46,13,2,2
202100005383,192Â 168,A01,1,1,2,1,2,0,-1,0,0,-1,2021,30.0,1,1,0,2,1,17,5,,4,RUE DU FAUBOURG SAINT DENIS,0,,2,2,1,1,(1),(1),1,, -1,2,0,5,30,1,12,2021,07:55,2,75,75110,2,1,1,3,RUE DU FAUBOURG SAINT DENIS,48.8705,2.353057,7,2,2
202100035907,137Â 507,A01,1,1,1,9,1,-1,-1,-1, -1,-1,2021,88.0,0,2,1,0,9,20,1,,6,JACOB (RUE FRANÃOIS),0,,-1,-1,0,1,(1),(1),1,, -1,1,9,8,10,7,6,2021,10:20,1,51,51058,1,9,0,6,Avenue FranÃ§ois Jacob,49.21833,4.00351,10,1,1
202100008134,187Â 182,A01,1,1,1,1,2,0,-1,-1, -1,-1,2021,20.0,2,1,0,2,8,3,1,,1,A86 EXT,0,,1,4,0,1,39,900,1,, -1,1,0,1,90,15,11,2021,08:30,1,94,94028,1,1,0,3,A86 EXT,48.781553716,2.4411320686,8,2,2
202100049315,113Â 612,A01,10,3,2,5,0,-1,-1,5,2,1,2021,46.0,1,2,0,1,2,14,1,,3,465,-1,,2,2,0,1,(1),(1),1,, -1,1,5,4,50,24,2,2021,11:00,1,90,90052,2,1,0,6,Faubourg de Belfort,47.739313,6.827681,11,2,1
202100024960,157Â 046,B01,1,1,1,9,2,-1,-1,0,0,-1,2021,32.0,2,1,0,2,1,1,1,,4,,-1,,2,2,0,1,9,0,2,, -1,1,0,1,-1,8,8,2021,11:00,1,987,98750,1,1,0,1,Taputapuatea,-16.802574,-151.424078,11,2,2
202100011883,180Â 484,A01,10,3,2,3,0,-1,-1,3,3,1,2021,67.0,2,2,0,1,2,1,1,,2,21,-1,N,2,2,0,1,86,350,1,, -1,2,9,1,50,22,10,2021,07:50,3,47,47015,2,1,1,6,Faubourg CornÃ©,44.061787,0.650779,7,2,1
202100010126,183Â 603,Y01,10,3,1,5,0,-1,-1,5,1,1,2021,26.0,3,2,0,2,2,1,1,,4,,0,,3,4,0,1,(1),(1),1,, -1,2,5,1,50,30,10,2021,06:30,5,37,37261,2,3,1,3,RN 76 - Route de St Avertin,47.3641670015,0.7038908062,6,4,2
202100006007,191Â 059,B01,1,1,1,0,2,6,-1,-1, -1,-1,2021,26.0,2,1,0,2,1,1,1,,3,PORT(RUE DU),0,,-1,2,0,1,0,0,1,, -1,2,0,1,50,27,11,2021,18:40,5,94,94028,2,3,1,3,Rue du Port,48.80024,2.46639,18,2,2