Num_Acc,id_vehicule,num_veh,place,catu,sexe,trajet,secu1,secu2,secu3,locp,actp,etatp,year_acc,victim_age,senc,catv,obs,obsm,choc,manv,motor,occutc,catr,voie,v1,v2,circ,nbv,vosp,prof,pr,pr1,plan,lartpc,larrout,surf,infra,situ,vma,jour,mois,an,hrmn,lum,dep,com,agg_,int,atm,col,adr,lat,long,hour,nb_victim,nb_vehicules
202100009542,184Â 653,C01,1,1,2,9,1,-1,-1,0,0,-1,2021,30.0,0,2,0,2,3,23,1,,3,153,0,D,2,2,0,3,14,500,1,,4,1,0,1,50,5,11,2021,15:25,1,60,60143,2,2,0,4,Rue Pierre Budin,49.268911,1.887556,15,3,3
202100020516,164Â 962,B01,1,1,1,5,2,-1,-1,-1, -1,-1,2021,68.0,3,1,0,2,7,9,5,,3,GOLF (RUE DU),0,,2,2,0,1,(1),(1),1,, -1,1,5,1,50,5,9,2021,17:25,1,50,50532,2,6,0,3,GOLF (RUE DU),48.79507,-1.56539,17,2,2
202100005050,192Â 756,A01,10,3,2,3,0,-1,-1,3,3,1,2021,69.0,3,2,0,1,0,20,1,,4,MICHEL SERVET    (Rue),0,,1,1,2,1,(1),(1),1,, -1,1,0,1,50,2,12,2021,15:30,1,69,69266,2,1,0,6,MICHEL SERVET (R),45.76763,4.87888,15,2,1
202100046434,118Â 780,A01,1,1,1,5,2,6,9,0,0,-1,2021,22.0,1,1,0,2,0,13,1,,3,10,0,,2,2,0,1,73,600,3,, -1,1,0,1,80,27,3,2021,17:30,1,42,42139,1,1,0,1,Route de DuniÃ¨res,45.278797,4.387096,17,2,2
202100018375,168Â 780,A01,1,1,1,5,2,6,-1,-1, -1,-1,2021,30.0,1,1,0,2,1,2,1,,2,,0,,1,2,0,2,12,500,2,, -1,1,3,1,50,17,9,2021,17:30,1,25,25056,2,1,0,2,KENNEDY  BOULEVARD J.F.,47.23271,5.98245,17,2,2
202100035606,138Â 075,A01,10,3,2,3,0,-1,-1,8,3,2,2021,88.0,3,2,0,1,1,15,1,,9,,-1,,-1,2,0,1,(1),(1),1,,4,1,9,1,30,9,6,2021,10:50,1,44,44010,2,9,0,6,Rue de Cornen,47.272849,-2.442532,10,2,1
202100048770,114Â 589,A01,1,1,1,1,1,0,-1,-1, -1,-1,2021,31.0,1,2,0,2,1,1,1,,1,A5b,0,,1,2,0,4,6,800,1,, -1,1,0,1,110,9,3,2021,07:45,1,77,77410,1,1,0,2,A5b,48.58754013,2.705389181,7,2,2
202100017628,170Â 109,B01,1,1,2,2,2,6,-1,-1, -1,-1,2021,17.0,3,1,0,2,1,1,1,,4,PRISSE (Avenue du ),0,,2,2,0,1,0,0,1,, -1,1,0,1,50,21,9,2021,07:45,1,64,64102,2,1,0,3,Avenue du PrissÃ©,43.48114,-1.4588,7,2,2
202100031150,146Â 055,A01,2,2,2,4,1,0,-1,-1, -1,-1,2021,48.0,1,5,0,2,4,23,1,,4,MONNET   AVENUE JEAN,0,,2,4,1,1,(1),(1),1,, -1,1,0,1,50,3,7,2021,14:01,1,17,17300,2,1,0,4,MONNET   AVENUE JEAN,46.14344,-1.1534,14,4,3
202100002225,197Â 811,B01,5,2,1,9,8,-1,-1,-1, -1,-1,2021,4.0,3,1,0,2,0,0,5,,4,CARNOT                              (R ),0,,2,2,2,1,(1),(1),1,, -1,1,0,5,50,18,12,2021,23:20,5,69,69199,2,1,0,2,CARNOT (R),45.7080348416,4.8605798185,23,3,2
202100018535,168Â 502,B01,1,1,2,5,8,0,-1,-1, -1,-1,2021,15.0,2,2,0,2,3,10,1,,3,DEPARTEMENTALE 559B (ROUTE),0,,2,3,0,3,2,1,1,, -1,1,0,1,70,12,9,2021,01:35,3,83,83009,2,1,0,3,DEPARTEMENTALE 559B (ROUTE),43.15103,5.764728,1,2,2
202100055316,102Â 953,A01,1,1,1,4,2,0,-1,-1, -1,-1,2021,19.0,3,1,0,0,8,15,3,,4,BORDIERS (RUE DES),0,,1,1,0,1,(1),(1),2,, -1,1,5,1,30,11,1,2021,20:21,5,37,37214,2,6,0,7,BORDIERS (RUE DES),47.41897,0.67373,20,1,1
202100006652,189Â 898,B01,1,1,2,9,1,0,-1,-1, -1,-1,2021,26.0,1,2,0,2,4,1,1,,4,ABBAYE,0,,2,4,0,1,1,0,1,, -1,1,0,1,50,22,11,2021,18:40,5,49,49007,2,1,0,2,Boulevard Jacques Portet,47.451299,-0.561788,18,2,2
202100023260,160Â 039,B01,2,2,1,0,8,0,-1,-1, -1,-1,2021,14.0,3,1,0,2,0,0,0,,4,LANGEVIN. RUE PAUL,0,,2,-1,0,1,0,0,1,, -1,1,0,1,50,20,8,2021,19:20,1,76,76575,2,9,0,6,LANGEVIN. RUE PAUL,49.38654,1.090922,19,3,2
202100040723,128Â 820,A01,1,1,1,0,2,0,-1,-1, -1,-1,2021,24.0,1,1,12,0,3,16,1,,4,T.S.F. (BOULEVARD),0,,1,1,0,3,0,0,3,, -1,1,0,1,50,8,5,2021,15:30,1,972,97209,2,1,0,6,T.S.F. (BOULEVARD),14.60718,-61.054,15,1,1
202100001208,199Â 611,B01,1,1,1,9,2,6,-1,0,0,-1,2021,27.0,1,1,0,2,2,2,1,,4,RUE DE REUILLY,0,,2,2,0,1,(1),(1),1,, -1,2,0,1,30,26,12,2021,23:53,5,75,75112,2,3,1,3,RUE DE REUILLY,48.840996,2.394101,23,2,2
202100036248,136Â 887,A01,1,1,1,0,2,6,-1,-1, -1,-1,2021,60.0,1,1,0,0,0,1,1,,3,CAMICAS (CH. DE),0,,2,2,0,1,47,156,1,, -1,1,0,1,50,5,6,2021,11:39,1,33,33529,2,6,0,7,,44.6467,-1.15784,11,1,1
202100006018,191Â 037,B01,4,2,1,4,1,8,-1,-1, -1,-1,2021,41.0,0,2,0,2,4,26,1,,3,LEON BLUM (AVENUE) (RD 75),0,,1,0,1,1,0,0,1,, -1,2,0,1,50,27,11,2021,15:55,1,92,92060,2,1,1,2,LEON BLUM (AVENUE) (RD 75),48.7730406135,2.2519102693,15,3,2
202100002966,196Â 472,A01,1,1,1,5,2,8,-1,0,0,-1,2021,33.0,3,1,0,0,0,1,5,,4,ROUTE DE SEVRES A NEUILLY,0,,2,2,1,1,(1),(1),3,, -1,1,-1,5,30,11,12,2021,15:20,1,75,75116,2,1,0,7,ROUTE DE SEVRES A NEUILLY,48.857223,2.237362,15,1,1
202100042014,126Â 521,B01,1,1,2,9,1,-1,-1,-1, -1,-1,2021,21.0,2,2,3,2,2,1,1,,7,CONTOURNEMENT SUD   RD 302          (XX),0,,3,4,0,1,2,500,1,, -1,2,0,1,90,29,4,2021,14:10,1,69,69282,1,6,1,2,D302,45.75293,5.01924,14,3,2
202100003070,196Â 274,A01,1,1,1,0,8,0,-1,-1, -1,-1,2021,26.0,2,2,4,0,9,1,1,,2,RN1 ROCADE DE CHAUVEL,0,,1,1,3,2,(1),(1),4,, -1,1,0,1,50,12,12,2021,19:05,5,971,97101,1,1,0,6,RN1 ROCADE DE CHAUVEL,16.2388,-61.52236,19,1,1
202100019395,166Â 960,A01,10,3,1,2,8,-1,-1,1,5,2,2021,3.0,3,2,0,1,3,1,1,,4,,-1,,1,2,0,1,(1),(1),2,,4,1,5,1,30,13,9,2021,08:20,1,51,51413,2,6,0,6,Rue Jean Bardy,49.022666,4.047244,8,2,1
202100012684,179Â 043,B01,1,1,2,5,2,0,-1,0,0,-1,2021,42.0,2,1,0,2,1,1,5,,4,QUAI D ORSAY,0,,2,2,1,1,(1),(1),1,, -1,1,-1,5,1,17,10,2021,12:55,1,75,75107,2,3,0,1,QUAI D ORSAY,48.862876,2.31519,12,2,2
202100022722,160Â 984,B01,1,1,1,1,8,0,-1,-1, -1,-1,2021,52.0,1,1,0,2,1,1,5,,7,MARQUISAT (AV DU),0,,2,2,1,2,32,260,2,, -1,1,0,5,20,24,8,2021,06:50,2,31,31557,2,1,0,1,MARQUISAT (AV DU),43.57803,1.35194,6,2,2
202100039587,130Â 823,A01,10,3,1,1,0,-1,-1,3,3,1,2021,17.0,1,2,0,1,3,0,1,,3,D108,0,,3,2,3,1,5,1586,1,, -1,1,6,6,50,17,5,2021,07:50,1,17,17274,1,6,0,6,D108,46.1599,-1.10288,7,2,1
202100009775,184Â 222,B01,1,1,2,0,1,0,-1,-1, -1,-1,2021,25.0,1,2,0,2,8,19,1,,4,FREVILLE (AVENUE HENRI),0,,3,4,2,1,(1),(1),1,, -1,1,0,1,50,2,11,2021,09:00,1,35,35238,2,2,0,3,FREVILLE (AVENUE HENRI),48.08318,-1.6751,9,2,2
202100001992,198Â 238,C01,1,1,2,0,1,-1,-1,-1, -1,-1,2021,34.0,1,2,0,2,4,23,1,,7,CHARLES DE GAULLE                   (AV),0,,2,4,3,1,0,900,1,, -1,1,0,1,50,20,12,2021,16:30,2,69,69259,2,3,0,4,CHARLES DE GAULLE (AV),45.71501,4.89537,16,4,4
202100005834,191Â 367,B01,2,2,2,5,1,-1,-1,0,0,-1,2021,66.0,3,2,0,2,3,1,1,,3,788,0,,2,2,0,2,(1),(1),2,, -1,2,0,1,70,28,11,2021,14:57,1,22,22343,2,1,1,1,"RD 788, Lieu dit Goas Treiz",48.778224,-3.579204,14,3,2
202100027879,151Â 880,B01,1,1,2,0,1,4,-1,-1, -1,-1,2021,29.0,1,2,0,2,8,2,1,,1,AUTOROUTE A1,0,,1,2,0,1,6,0,3,, -1,1,0,1,70,19,7,2021,20:25,5,972,97213,1,1,0,5,AUTOROUTE A1,14.61821,-61.03327,20,4,3
202100018374,168Â 782,B01,1,1,2,0,0,-1,-1,-1, -1,-1,2021,42.0,2,1,0,2,1,5,3,,4,,0,,1,1,0,1,(1),(1),1,, -1,1,6,1,10,17,9,2021,20:30,5,25,25056,2,1,0,3,BRETON  RUE LUC,47.23916,6.02236,20,3,2
202100024214,158Â 393,C01,1,1,1,5,1,-1,-1,0,0,-1,2021,33.0,2,2,0,2,3,1,2,,7,107,0,D,2,2,1,1,33,550,1,, -1,1,0,1,80,14,8,2021,20:30,1,33,33449,1,1,0,4,Avenue du Temple ,44.895579,-0.798301,20,7,3
202100009867,184Â 066,B01,1,1,1,1,1,0,-1,-1, -1,-1,2021,24.0,1,2,0,2,2,1,1,,1,A51-Sens Marseille vers Aix en Provence,0,,1,6,0,1,3,500,1,, -1,1,0,1,90,2,11,2021,01:50,3,13,13019,1,1,0,3,A51-Sens Marseille vers Aix en Provence,43.42221,5.3714,1,2,2
202100016575,172Â 003,B01,2,2,2,5,1,-1,-1,0,0,-1,2021,62.0,1,2,0,2,3,13,1,,3,473,-1,,2,2,0,2,(1),(1),3,, -1,1,0,1,50,25,9,2021,14:30,1,68,68090,2,1,0,1,2 Rue Zuber,47.496374,7.313443,14,6,2
202100049709,112Â 890,A01,1,1,2,1,2,6,-1,0,0,-1,2021,32.0,2,1,16,0,0,1,1,,3,978,-1,,2,2,0,1,53,0,1,, -1,1,0,3,80,1,3,2021,20:32,3,58,58262,1,1,0,7,La Pommeree,47.059817,3.799263,20,1,1
202100042753,125Â 223,A01,1,1,1,5,2,8,-1,0,0,-1,2021,52.0,2,1,0,0,0,0,1,,3,553,0,D,2,2,0,2,4,200,2,, -1,1,0,3,90,24,4,2021,19:00,3,3,3158,1,1,0,7,Rouelon,46.485339,2.655462,19,1,1
202100012401,179Â 540,A01,1,1,1,9,2,8,-1,-1, -1,-1,2021,66.0,1,1,3,0,1,16,3,,4,CAPELAN (BOULEVARD DU),0,,2,2,0,2,0,0,3,, -1,1,0,1,30,18,10,2021,22:05,5,83,83009,2,3,0,7,CAPELAN (BOULEVARD DU),43.135615,5.739086,22,1,1
202100017041,171Â 163,A01,1,1,1,5,2,6,-1,0,0,-1,2021,41.0,3,1,12,0,1,13,1,,4,PLACE DU MOULIN DE JAVEL,0,,1,3,0,1,(1),(1),2,, -1,1,0,1,30,23,9,2021,00:20,5,75,75115,2,7,0,6,PLACE DU MOULIN DE JAVEL,48.8402274342,2.2719624789,0,1,1
202100020007,165Â 874,C01,2,2,2,5,1,0,-1,-1, -1,-1,2021,22.0,1,2,0,2,4,2,1,,1,A507 sens Marseille - Aubagne,0,,1,4,0,1,7,559,1,, -1,1,1,1,70,9,9,2021,10:00,1,13,13055,1,1,0,4,A507 sens Marseille - Aubagne,43.30307,5.42569,10,5,4
202100001693,198Â 764,B01,1,1,1,4,1,-1,-1,-1, -1,-1,2021,32.0,1,4,0,2,3,1,1,,7,PIERRE SEMARD                       (BD),0,,1,2,0,1,(1),(1),1,, -1,1,0,1,50,22,12,2021,11:10,1,69,69199,2,1,1,3,PIERRE SEMARD (BD),45.6945786287,4.844160676,11,4,2
202100010679,182Â 629,A01,10,3,1,1,0,-1,-1,5,B,1,2021,50.0,1,1,0,1,1,25,3,,4,PICASSO PABLO AVENUE,0,,-1,0,0,1,0,0,1,, -1,1,0,4,10,16,10,2021,20:15,5,92,92050,2,1,0,6,PICASSO PABLO AVENUE,48.890714356,2.2159540033,20,2,1
202100048091,115Â 790,A01,1,1,1,0,2,6,-1,0,0,-1,2021,20.0,1,1,15,0,7,1,1,,3,958,-1,D,2,2,0,1,(1),(1),1,, -1,1,0,4,50,15,3,2021,16:25,1,55,55122,2,1,0,6,Rue Raymond PoincarÃ©,48.760871,5.590367,16,1,1
202100021197,163Â 769,A01,1,1,1,0,2,6,-1,-1, -1,-1,2021,19.0,2,1,0,0,0,26,1,,1,AUTOROUTE A21,0,,1,4,0,1,35,0,1,, -1,1,0,1,110,2,9,2021,18:44,1,59,59569,1,1,0,7,AUTOROUTE A21,50.3840860384,3.1322301875,18,1,1
202100041162,128Â 025,A01,1,1,2,0,2,0,-1,-1, -1,-1,2021,39.0,1,1,0,0,0,16,5,,3,ROOSVELT (AVENUE FRANKLIN),0,,2,2,0,2,1,0,2,, -1,2,0,1,50,6,5,2021,08:55,1,92,92073,2,1,1,7,ROOSVELT (AVENUE FRANKLIN),48.8749340569,2.2198873758,8,1,1
202100011915,180Â 429,A01,1,1,1,1,2,-1,-1,0,0,-1,2021,53.0,1,1,0,2,7,17,1,,3,2371,0,,4,2,0,1,6,150,1,, -1,1,0,1,90,18,10,2021,19:30,3,3,3217,1,3,0,3,D33 et D2371,46.337432,2.671909,19,2,2
202100003228,196Â 002,B01,1,1,2,5,1,0,-1,-1, -1,-1,2021,25.0,1,2,0,2,1,0,1,,1,A86 INT,0,,-1,6,0,1,41,0,1,, -1,1,0,1,90,13,12,2021,18:50,3,94,94022,1,1,0,2,A86 INT,48.77657,2.42122,18,2,2
202100041160,128Â 028,A01,1,1,1,3,8,0,-1,-1, -1,-1,2021,47.0,1,0,12,0,1,19,3,,4,MARECHAL LECLERC (AVENUE DU),0,,2,1,0,1,0,0,1,, -1,2,0,1,50,6,5,2021,19:05,1,92,92046,2,1,1,7,MARECHAL LECLERC (AVENUE DU),48.8208568776,2.3102134466,19,1,1
202100007736,187Â 930,B01,1,1,1,1,1,0,-1,-1, -1,-1,2021,63.0,1,2,4,2,6,1,1,,2,RN346   34.850 A 36.215,0,,3,4,0,1,36,99,1,, -1,1,0,1,90,9,11,2021,11:10,1,69,69271,1,1,0,2,RN346   34.850 A 36.215,45.7435882632,4.9882864952,11,2,2
202100000479,200Â 849,A01,1,1,1,9,2,6,-1,-1, -1,-1,2021,17.0,2,1,0,2,1,17,1,,4,COLI (RUE),0,,2,2,0,1,(1),(1),1,, -1,1,0,1,50,24,2,2021,14:50,1,19,19031,2,3,0,3,COLI (RUE),45.16195,1.55325,14,2,2
202100022870,160Â 740,A01,1,1,1,5,1,-1,-1,0,0,-1,2021,27.0,1,2,0,2,2,1,1,,1,7,-1,,3,5,0,1,56,700,1,, -1,1,0,1,130,22,8,2021,22:10,3,26,26179,1,1,0,3,Autoroute A7,45.053653,4.877321,22,6,2
202100030886,146Â 554,A01,1,1,1,1,0,-1,-1,0,0,-1,2021,24.0,1,1,0,0,0,1,3,,3,32,-1,,2,2,0,1,40,400,2,, -1,2,0,1,80,5,7,2021,00:35,3,80,80649,1,1,0,7,Route de Fort Mahon,50.331231,1.595432,0,1,1
202100001026,199Â 930,B01,1,1,1,4,1,-1,-1,-1, -1,-1,2021,32.0,2,5,0,2,3,1,1,,4,CRS PASTEUR,0,,2,2,3,1,(1),(1),1,, -1,2,0,1,30,28,12,2021,00:00,5,33,33063,2,2,1,3,CRS PASTEUR,44.83509,-0.57499,0,2,2
202100029862,148Â 414,B01,1,1,1,1,2,0,-1,-1, -1,-1,2021,19.0,1,1,0,2,6,5,1,,3,920,0,,2,4,0,1,0,0,1,, -1,1,0,1,50,9,7,2021,20:30,1,92,92002,2,3,0,3,ARISTIDE BRIAND (AVENUE),48.7585894182,2.3070377111,20,2,2
202100006240,190Â 651,A01,10,3,1,5,0,-1,-1,3,3,1,2021,12.0,1,2,0,1,2,1,1,,3,CLEMENCEAU (RUE),0,,2,2,0,2,1,735,1,, -1,1,0,1,50,24,11,2021,14:31,1,57,57012,2,1,1,6,CLEMENCEAU (RUE),49.35584,6.04581,14,2,1
202100009639,184Â 477,B01,2,2,1,0,1,0,-1,-1, -1,-1,2021,21.0,1,2,0,0,5,19,0,,4,RODET (AVENUE GUSTAVE),0,,1,0,0,2,0,0,1,, -1,2,0,1,50,2,11,2021,22:40,5,93,93077,2,2,1,3,RODET (AVENUE GUSTAVE),48.8857,2.51194,22,6,2
202100010765,182Â 490,B01,2,1,1,5,1,-1,-1,0,0,-1,2021,43.0,2,2,0,0,1,1,1,,3,106,0,,2,2,0,1,1,500,1,, -1,1,0,1,80,27,10,2021,15:25,1,68,68269,1,1,0,1,D106 PK 001+500,48.190367,7.346839,15,4,2
202100024421,158Â 032,B01,7,2,1,1,1,-1,-1,0,0,-1,2021,17.0,2,2,0,2,2,1,1,,3,943,-1,,2,2,0,1,22,20,1,, -1,1,5,1,80,11,8,2021,15:10,1,37,37049,1,2,0,3,L Esperance,47.1797924666,0.9643453136,15,6,2
202100028242,151Â 211,A01,1,1,1,5,2,6,-1,0,0,-1,2021,49.0,1,1,0,0,9,0,1,,2,20,0,,2,2,0,1,112,800,3,, -1,1,2,1,80,20,7,2021,03:40,3,202,202337,1,1,0,7,RT20,42.475318,9.262547,3,1,1
202100040671,128Â 925,A01,2,2,2,5,2,6,-1,0,0,-1,2021,58.0,2,1,0,0,5,0,0,,3,318,-1,,2,2,0,1,0,550,1,, -1,1,0,1,80,9,5,2021,14:10,1,9,9182,1,1,0,7,RD 318,42.886229372,1.3642383839,14,2,1
202100051696,109Â 287,B01,1,1,1,5,8,0,-1,-1, -1,-1,2021,15.0,2,1,0,2,8,15,5,,4,BONNEFOY (RUE),0,,2,2,0,1,0,0,1,, -1,2,0,1,50,12,2,2021,22:20,5,13,13210,2,1,1,3,BONNEFOY (RUE),43.28029,5.40012,22,2,2
202100037715,134Â 251,B01,1,1,1,1,2,0,-1,-1, -1,-1,2021,27.0,1,1,0,2,8,3,1,,1,A50-Sens Aubagne vers Marseille,0,,3,3,0,1,10,0,1,, -1,1,0,2,90,28,5,2021,17:13,1,13,13070,1,1,0,3,A50-Sens Aubagne vers Marseille,43.285962,5.511486,17,2,2
202100006765,189Â 694,A01,1,1,1,5,1,-1,-1,0,0,-1,2021,69.0,3,2,0,2,3,19,1,,3,650,-1,,2,1,0,1,47,672,1,,3,2,0,1,-1,23,11,2021,17:25,2,50,50412,1,2,1,3,D650,49.312596,-1.680146,17,3,2
202100040552,129Â 126,A01,2,2,1,5,2,6,9,0,0,-1,2021,22.0,1,1,3,0,9,1,1,,3,8,-1,,2,2,0,2,11,500,3,, -1,1,0,1,80,9,5,2021,16:15,1,63,63214,1,1,1,7,D751A,45.702628,3.198781,16,2,1
202100023665,159Â 324,A01,2,2,1,1,1,-1,-1,0,0,-1,2021,35.0,1,2,0,2,3,1,1,,3,55,-1,,2,2,0,1,39,500,3,, -1,1,0,1,80,19,8,2021,10:00,1,59,59084,1,1,0,1,Rue de la Belle Hotesse,50.691423,2.45271,10,3,2
202100015626,173Â 741,Z01,4,2,2,0,1,0,-1,-1, -1,-1,2021,21.0,3,2,15,0,0,26,0,,4,GEORGES POMPIDOU (RUE),0,,1,1,1,1,(1),(1),3,, -1,2,0,8,50,2,10,2021,23:00,5,10,10387,2,6,1,6,GEORGES POMPIDOU (RUE),48.2909624564,4.0884447096,23,2,1
202100031854,144Â 816,A01,2,2,2,5,2,0,-1,-1, -1,-1,2021,17.0,1,1,1,0,8,13,1,,4,BOURBAKI,0,,2,2,0,1,0,0,1,, -1,1,0,1,50,29,6,2021,01:00,5,64,64445,2,1,0,7,BOURBAKI,43.30278,-0.37379,1,2,1
202100034952,139Â 230,B01,1,1,1,0,2,0,-1,-1, -1,-1,2021,39.0,1,1,0,2,1,1,1,,3,RD 308,0,,2,2,0,1,10,890,1,, -1,1,0,1,70,11,6,2021,12:25,1,78,78551,1,2,0,3,RD 308,48.93943,2.07613,12,2,2
202100019592,166Â 612,A01,1,1,1,1,2,6,-1,0,0,-1,2021,27.0,2,1,0,2,1,1,1,,3,1506,-1,,2,2,0,1,7,0,1,, -1,1,0,1,50,11,9,2021,21:40,3,74,74056,2,3,0,3,Rte d Argentiere,45.951209,6.900358,21,2,2
202100033348,142Â 157,B01,1,1,2,5,1,8,-1,-1, -1,-1,2021,68.0,2,2,0,2,6,1,1,,7,D116,0,,2,2,0,1,5,867,2,, -1,1,0,1,50,13,6,2021,17:40,1,34,34129,1,1,0,3,D116,43.559083,3.865347,17,2,2
202100011851,180Â 539,A01,10,3,2,9,0,-1,-1,4,3,1,2021,24.0,2,1,0,1,1,21,5,,4,RUE FROIDEVAUX,0,,2,0,1,2,(1),(1),1,, -1,1,-1,5,30,20,10,2021,22:00,5,75,75114,2,2,0,6,RUE FROIDEVAUX,48.836017,2.327642,22,2,1
202100022525,161Â 367,A01,1,1,1,5,2,6,-1,0,0,-1,2021,63.0,2,1,13,0,1,1,1,,3,93,-1,,2,2,0,1,44,900,1,, -1,1,0,3,80,27,8,2021,17:03,1,26,26248,1,1,0,6,Route de Die,44.757217,5.268824,17,1,1
202100008166,187Â 124,A01,10,3,2,5,0,-1,-1,6,1,2,2021,76.0,2,2,0,1,2,1,1,,3,75,-1,,2,2,0,1,4,320,1,, -1,1,0,1,50,1,11,2021,16:40,2,1,1075,2,1,0,6,D75,46.029148,4.799844,16,2,1
202100007330,188Â 650,B01,1,1,1,2,2,6,-1,0,0,-1,2021,26.0,2,1,0,2,3,3,1,,4,PORTE D ITALIE,0,,-1,2,0,1,2,600,1,, -1,1,0,1,70,19,11,2021,12:45,1,75,75113,2,4,0,3,PORTE D ITALIE,48.81612,2.359911,12,2,2
202100046635,118Â 405,A01,1,1,1,9,2,6,-1,0,0,-1,2021,54.0,2,1,14,0,8,1,1,,4,RUE GEORGES AURIC,0,,1,1,0,2,(1),(1),1,, -1,1,0,1,50,25,3,2021,19:15,3,75,75119,2,4,0,6,RUE GEORGES AURIC,48.884924,2.386205,19,1,1
202100039202,131Â 550,A01,1,1,1,0,8,-1,-1,0,0,-1,2021,57.0,1,2,13,2,2,1,1,,3,637,0,,2,4,0,1,7,1016,1,, -1,1,0,1,90,20,5,2021,18:45,1,77,77069,1,1,0,3,DÃ©partementale D637,48.455486,2.611045,18,2,2
202100043190,124Â 460,B01,1,1,1,5,8,8,-1,0,0,-1,2021,46.0,0,1,0,2,6,1,6,,7,POMPIDOU (BD GEORGES),0,,1,3,0,1,(1),(1),1,, -1,1,0,1,50,21,4,2021,16:53,1,6,6088,2,9,0,3,POMPIDOU (BD GEORGES),43.66778,7.20427,16,2,2
202100023431,159Â 740,B01,1,1,1,5,2,6,-1,0,0,-1,2021,63.0,1,1,0,2,1,1,1,,4,VIEUSSENS (BOULEVARD),0,,2,2,0,1,(1),(1),1,, -1,1,5,1,50,19,8,2021,15:00,1,34,34172,2,2,0,3,VIEUSSENS (BOULEVARD),43.59972,3.87548,15,2,2
202100043355,124Â 169,B01,1,1,1,5,2,0,-1,-1, -1,-1,2021,33.0,2,1,0,0,0,0,5,,3,VALENTON (AV DE),0,,4,2,0,1,1,0,2,, -1,1,0,1,50,20,4,2021,19:10,1,94,94044,2,6,0,7,Avenue de Valenton,48.742737,2.493321,19,2,2
202100002471,197Â 354,B01,1,1,1,1,2,6,-1,-1, -1,-1,2021,16.0,3,1,0,2,1,16,1,,3,CHAMPIGNY (BD DE),0,,2,2,0,1,0,0,1,, -1,1,0,1,30,17,12,2021,17:15,5,94,94068,2,2,0,3,CHAMPIGNY (BD DE),48.8039144954,2.508251667,17,2,2
202100035886,137Â 541,A01,10,3,2,0,0,-1,-1,2,5,2,2021,3.0,1,2,0,1,2,1,0,,4,VERDUN (AVENUE DE),0,,2,2,1,1,0,1,1,, -1,1,0,1,50,25,5,2021,19:00,1,74,74012,2,1,0,6,VERDUN (AVENUE DE),46.18669,6.24301,19,2,1
202100020884,164Â 319,A01,1,1,1,9,2,0,-1,0,0,-1,2021,38.0,1,1,0,0,0,1,5,,4,QUAI DE VALMY,0,,1,2,0,2,(1),(1),1,, -1,9,0,1,30,4,9,2021,13:05,1,75,75110,2,1,0,7,QUAI DE VALMY,48.875791,2.363756,13,1,1
202100039776,130Â 489,B01,1,1,1,5,2,6,-1,0,0,-1,2021,16.0,3,1,0,2,1,1,1,,4,17,-1,,2,2,0,1,(1),(1),1,,"4,15",2,0,1,80,15,5,2021,17:55,1,35,35031,1,1,1,1,Touche Ronde,48.171066,-1.415691,17,2,2
202100008247,186Â 973,B01,1,1,1,5,2,6,-1,-1, -1,-1,2021,24.0,1,1,0,2,1,1,1,,7,CHEMIN DEPARTEMENTAL 6 (OUEST),0,,-1,1,0,2,0,0,1,, -1,1,0,1,70,13,11,2021,14:40,1,13,13071,2,1,0,3,CHEMIN DEPARTEMENTAL 6 (OUEST),43.41423,5.34737,14,2,2
202100045150,121Â 028,B01,2,2,1,0,1,0,-1,-1, -1,-1,2021,18.0,2,2,1,2,2,1,1,,4,AMBROISE CROIZAT (R),0,,2,2,0,1,0,0,1,, -1,1,0,1,50,4,4,2021,14:00,1,94,94076,2,9,0,3,Rue Ambroise Croizat,48.801447,2.359491,14,3,2
202100045046,121Â 209,B01,1,1,1,4,2,6,-1,-1, -1,-1,2021,28.0,2,1,0,2,1,1,1,,4,CARNOT(RUE) 43A71 ET 38A58,0,,1,1,0,1,0,0,1,, -1,2,0,1,50,5,4,2021,14:20,1,92,92044,2,2,1,3,CARNOT(RUE) 43A71 ET 38A58,48.89172,2.28675,14,2,2
202100047840,116Â 247,A01,1,1,1,0,2,0,-1,-1, -1,-1,2021,18.0,3,1,0,2,2,3,1,,3,VICTOR HUGO (R),0,,4,3,0,1,0,0,1,, -1,2,0,1,30,16,3,2021,12:05,1,94,94018,2,1,1,3,VICTOR HUGO (R),48.82113,2.41285,12,2,2
202100035776,137Â 759,A01,10,3,2,1,8,8,-1,2,3,1,2021,46.0,2,2,0,1,0,26,1,,4,MORIN,0,,1,1,0,1,0,0,1,, -1,1,0,1,30,8,6,2021,17:50,1,93,93029,2,3,0,6,Rue Morin / Chemin LatÃ©ral,48.93292,2.45448,17,2,1
202100028694,150Â 429,B01,3,2,2,0,3,0,-1,-1, -1,-1,2021,0.0,1,2,0,2,5,1,1,,3,CRETEIL (BD DE),0,,1,2,0,1,1,0,1,, -1,1,0,1,30,16,7,2021,12:45,1,94,94068,2,2,0,3,Boulevard de CrÃ©teil,48.7981,2.48707,12,3,2
202100056177,101Â 474,A01,1,1,1,1,2,6,-1,0,0,-1,2021,35.0,1,1,0,0,7,21,1,,4,RUE CURIAL,0,,2,2,0,1,(1),(1),3,, -1,2,0,1,50,5,1,2021,15:00,1,75,75119,2,1,0,7,RUE CURIAL,48.8898332713,2.3715407466,15,1,1