Num_Acc,id_vehicule,num_veh,place,catu,sexe,trajet,secu1,secu2,secu3,locp,actp,etatp,year_acc,victim_age,senc,catv,obs,obsm,choc,manv,motor,occutc,catr,voie,v1,v2,circ,nbv,vosp,prof,pr,pr1,plan,lartpc,larrout,surf,infra,situ,vma,jour,mois,an,hrmn,lum,dep,com,agg_,int,atm,col,adr,lat,long,hour,nb_victim,nb_vehicules
202100031679,145Â 131,A01,2,2,1,5,2,6,-1,0,0,-1,2021,15.0,2,1,0,6,1,1,1,,3,51,-1,,2,2,0,1,(1),(1),1,, -1,1,0,1,80,1,7,2021,00:25,3,66,66212,1,1,0,6,Avenue de Villelongue,42.751282,2.99106,0,2,1
202100030332,147Â 545,B01,1,1,1,0,1,-1,-1,-1, -1,-1,2021,74.0,3,2,0,2,3,19,1,,7,ROUTE DE GENEVE                     (RO),0,,2,2,0,2,0,400,1,, -1,2,0,1,50,6,7,2021,10:10,1,69,69286,2,1,1,5,GENEVE (DE) (RTE),45.8044372439,4.8834475279,10,3,3
202100009727,184Â 315,A01,10,3,1,0,0,-1,-1,4,3,2,2021,2.0,2,5,0,1,6,15,1,,4,MARCEL PAUL                         (AV),0,,2,2,0,1,(1),(1),2,, -1,2,0,8,30,2,11,2021,17:55,5,69,69259,2,2,1,6,MARCEL PAUL                         (AV),45.69975,4.88186,17,4,1
202100041139,128Â 072,B01,1,1,1,1,2,6,-1,0,0,-1,2021,47.0,0,1,0,2,7,1,1,,4,BOULEVARD SUCHET,0,,1,2,0,1,(1),(1),1,, -1,1,0,1,50,4,5,2021,13:00,1,75,75116,2,1,0,3,BOULEVARD SUCHET,48.857879,2.264977,13,2,2
202100035450,138Â 345,A01,10,3,2,5,0,-1,-1,5,5,2,2021,2.0,1,2,0,0,2,23,1,,4,LECLERC (DU MARECHAL),0,,2,2,0,1,0,0,1,, -1,1,0,1,30,7,6,2021,10:25,1,974,97411,2,2,0,3,LECLERC (DU MARECHAL),-20.88037,55.45721,10,2,1
202100022710,161Â 004,B01,1,1,2,1,8,0,-1,-1, -1,-1,2021,40.0,2,1,0,2,8,1,3,,4,WEYGAND (AV. DU GENERAL),0,,2,2,0,1,(1),(1),1,, -1,1,0,1,50,23,8,2021,10:25,1,60,60159,2,3,0,3,Avenue du GÃ©nÃ©ral Weygand,49.40575,2.80866,10,2,2
202100024328,158Â 184,Y01,1,1,1,1,2,0,-1,-1, -1,-1,2021,53.0,0,1,4,0,1,1,5,,3,182,0,,1,2,0,1,0,0,1,, -1,1,2,4,30,13,8,2021,08:35,1,92,92076,2,1,0,6,JARDY,48.83196,2.1528,8,1,1
202100047254,117Â 295,A01,1,1,2,5,8,0,-1,0,0,-1,2021,49.0,1,1,0,9,1,1,5,,4,RUE DE RIVOLI,0,,2,0,1,1,(1),(1),1,, -1,1,-1,5,30,20,3,2021,13:00,1,75,75101,2,1,0,6,RUE DE RIVOLI,48.859272,2.345946,13,1,1
202100019551,166Â 685,A01,1,1,1,0,1,-1,-1,0,0,-1,2021,77.0,1,2,0,2,6,5,1,,3,1015,0,D,2,2,0,2,14,50,1,, -1,1,0,1,80,12,9,2021,15:56,1,80,80732,1,1,0,5,D1015,49.874559,1.731548,15,6,3
202100039266,131Â 418,B01,1,1,1,0,1,-1,-1,0,0,-1,2021,63.0,0,2,0,2,3,1,1,,4,QUATORZE JUILLET 1789 (AVENUE DU),0,,2,2,0,1,(1),(1),1,, -1,1,0,1,50,17,5,2021,15:00,1,80,80021,2,1,0,3,QUATORZE JUILLET 1789 (AVENUE DU),49.87559,2.2818,15,2,2
202100052766,107Â 410,Z01,10,3,2,0,8,8,-1,3,3,1,2021,30.0,1,0,0,1,0,2,-1,,4,Rue Jean Jaures,0,,1,1,0,1,(1),(1),1,, -1,1,4,6,30,15,1,2021,17:45,1,59,59560,2,8,0,6,JAURES JEAN RUE,50.549057,3.035502,17,2,1
202100028923,150Â 032,A01,1,1,2,0,1,-1,-1,0,0,-1,2021,57.0,0,2,0,0,4,2,6,,3,704,0,D,2,2,0,1,(1),(1),2,, -1,1,5,1,50,15,7,2021,15:55,1,24,24130,2,1,0,2,Avenue Georges Haupinot,45.1212742055,1.2273073194,15,2,2
202100022043,162Â 228,B01,4,2,2,9,1,0,-1,-1, -1,-1,2021,9.0,2,2,0,2,4,0,1,,1,AUTOROUTE A3,0,,3,8,0,2,0,800,2,, -1,1,0,1,70,29,8,2021,12:43,1,93,93006,1,9,0,2,AUTOROUTE A3,48.8667,2.423,12,4,2
202100032291,144Â 041,B01,1,1,1,5,2,6,-1,0,0,-1,2021,80.0,3,1,0,0,0,0,0,,4,VAL ITON (RUE DU),0,,-1,2,0,2,(1),(1),3,, -1,1,0,1,50,24,6,2021,13:14,1,27,27229,1,1,0,3,VAL ITON (RUE DU),49.03427,1.14802,13,2,2
202100044775,121Â 678,B01,1,1,2,4,1,0,-1,-1, -1,-1,2021,53.0,1,2,0,2,8,1,1,,1,A50-Sens Marseille vers Aubagne,0,,3,3,0,1,8,100,1,, -1,1,0,1,90,7,4,2021,13:15,1,13,13211,1,1,0,3,A50-Sens Marseille vers Aubagne,43.28811,5.49984,13,2,2
202100032431,143Â 803,A01,1,1,1,0,2,6,-1,-1, -1,-1,2021,36.0,1,1,0,2,2,3,1,,1,AUTOROUTE A3,0,,1,8,1,1,0,200,1,, -1,1,0,1,90,25,6,2021,18:30,1,93,93006,1,1,0,2,AUTOROUTE A3,48.86546,2.41949,18,2,2
202100043855,123Â 279,B01,1,1,1,1,1,0,-1,-1, -1,-1,2021,39.0,1,2,0,2,5,1,1,,2,N186,0,,3,3,0,1,49,0,1,, -1,1,0,1,90,16,4,2021,06:00,5,94,94065,1,1,0,6,A86 INT,48.7538424491,2.3542632476,6,2,2
202100002560,197Â 205,B01,1,1,1,0,1,0,-1,-1, -1,-1,2021,55.0,1,5,0,2,4,2,0,,1,AUTOROUTE A1,0,,3,8,0,1,8,699,1,, -1,1,1,1,110,17,12,2021,13:30,1,93,93007,1,1,0,5,AUTOROUTE A1,48.94882,2.4458,13,3,3
202100054322,104Â 661,A01,10,3,2,0,0,-1,-1,4,3,1,2021,34.0,2,2,0,1,3,15,1,,4,,0,,1,2,0,1,(1),(1),1,, -1,1,0,1,50,19,1,2021,16:48,2,63,63113,2,2,0,6,BONNABAUD (RUE),45.77362,3.08007,16,2,1
202100022644,161Â 143,B01,1,1,1,0,1,0,-1,-1, -1,-1,2021,22.0,1,2,0,2,5,26,1,,4,ALAIN SAVARY (ROND-POINT),0,,-1,4,0,1,0,0,2,, -1,1,0,1,50,25,8,2021,08:20,1,13,13208,2,1,0,3,ALAIN SAVARY (ROND-POINT),43.2460828531,5.3945754954,8,2,2
202100023012,160Â 493,A01,2,2,1,0,1,0,-1,-1, -1,-1,2021,12.0,2,2,4,2,2,17,1,,2,ROUTE NATIONALE 1,0,,-1,4,0,2,4,300,1,, -1,1,0,1,70,25,7,2021,21:20,3,972,97213,1,1,0,2,ROUTE NATIONALE 1,14.61916,-61.00149,21,7,2
202100050658,111Â 135,B01,1,1,2,5,2,0,-1,0,0,-1,2021,29.0,2,1,0,2,3,1,5,,4,BOULEVARD DE LA VILLETTE,0,,1,3,1,1,(1),(1),1,, -1,1,-1,5,50,21,2,2021,13:00,1,75,75110,2,7,0,3,BOULEVARD DE LA VILLETTE,48.878429,2.370095,13,2,2
202100026707,153Â 973,A01,2,2,2,9,1,-1,-1,0,0,-1,2021,23.0,1,2,13,0,1,1,2,,1,6,0,,3,4,0,1,262,300,2,, -1,1,0,3,130,29,7,2021,02:30,3,21,21630,1,1,0,5,Autoroute A6 PK 262+300 sens PARIS-LYON,47.260869,4.523106,2,2,1
202100030128,147Â 924,B01,1,1,2,1,2,6,-1,-1, -1,-1,2021,55.0,2,1,0,2,2,3,1,,1,AUTOROUTE A6A,0,,1,3,0,1,0,952,1,, -1,1,0,1,70,8,7,2021,08:20,1,94,94003,1,1,0,3,AUTOROUTE A6A,48.80957,2.3392,8,2,2
202100047304,117Â 212,A01,1,1,1,5,2,7,-1,0,0,-1,2021,33.0,1,1,0,2,1,1,1,,3,30,0,D,2,1,0,2,29,700,1,, -1,1,0,1,70,20,3,2021,08:40,1,67,67067,2,2,0,3,Route de Bilwisheim (Pont),48.717148,7.701786,8,2,2
202100025658,155Â 816,A01,1,1,1,5,0,-1,-1,0,0,-1,2021,49.0,2,1,0,0,0,1,5,,3,D3,-1,E,2,2,0,2,3,860,2,, -1,2,0,1,90,4,8,2021,10:55,1,19,19001,1,1,0,7,D3e3,45.503016,1.712365,10,1,1
202100002040,198Â 145,A01,10,3,2,5,0,-1,-1,5,9,2,2021,74.0,1,2,12,1,2,14,1,,4,BOULEVARD DE LA VILLETTE,0,,1,1,0,1,(1),(1),2,, -1,1,0,1,30,20,12,2021,14:49,1,75,75119,2,3,0,6,BOULEVARD DE LA VILLETTE,48.875172,2.373607,14,3,1
202100015200,174Â 536,B01,1,1,1,0,1,0,-1,-1, -1,-1,2021,60.0,2,2,3,2,3,1,1,,1,AUTOROUTE A10,0,,1,2,0,1,11,802,1,, -1,1,0,1,110,4,10,2021,21:26,3,91,91661,1,1,0,1,AUTOROUTE A10,48.68593,2.21482,21,2,2
202100042918,124Â 954,A01,1,1,1,4,2,6,-1,0,0,-1,2021,28.0,1,1,7,0,1,13,3,,4,RUE DU FAUCONNIER,0,,1,1,0,1,(1),(1),1,, -1,1,0,1,50,22,4,2021,09:16,1,75,75104,2,2,0,6,RUE DU FAUCONNIER,48.852907,2.358984,9,1,1
202100010750,182Â 514,A01,2,1,2,0,8,0,-1,-1, -1,-1,2021,35.0,1,1,0,2,1,13,3,,4,"""MURGER HENRI, NR IMPAIRS""",0,,2,2,0,1,0,0,1,, -1,1,0,8,50,26,10,2021,09:45,1,93,93066,2,1,0,3,"""MURGER HENRI, NR IMPAIRS""",48.918175204,2.3663284206,9,2,2
202100050602,111Â 238,A01,10,3,1,9,0,-1,-1,4,5,1,2021,37.0,1,2,0,1,1,1,0,,3,JEAN MERMOZ (NÂ°59 AU 185),0,,1,4,0,2,0,1,1,, -1,1,0,1,50,22,2,2021,17:03,1,93,93059,2,1,0,6,JEAN MERMOZ (NÂ°59 AU 185),48.97115,2.36622,17,2,1
202100000663,200Â 528,A01,1,1,2,1,1,-1,-1,0,0,-1,2021,34.0,2,2,2,0,3,1,1,,3,52,0,,2,2,0,1,7,150,1,, -1,7,0,3,80,28,12,2021,08:30,1,4,4005,1,1,1,7,RD 52,43.993432,6.576798,8,1,1
202100021449,163Â 305,A01,1,1,1,5,8,-1,-1,0,0,-1,2021,21.0,2,2,0,6,1,1,1,,2,,-1,,3,4,0,3,5,5,1,,3,1,0,1,110,8,8,2021,23:20,3,54,54525,1,1,0,6,RTE DE THIL,49.456,5.8691,23,3,1
202100054074,105Â 090,A01,10,3,1,0,0,-1,-1,2,3,1,2021,45.0,2,2,0,1,2,1,1,,4,RUE DU JARD,0,,3,2,0,1,(1),(1),1,, -1,2,0,1,50,14,1,2021,19:40,3,33,33281,2,1,1,6,Rue du Jard,44.8420977911,-0.6394124629,19,2,1
202100039285,131Â 379,A01,2,2,2,5,1,8,-1,0,0,-1,2021,74.0,1,2,0,2,3,15,1,,3,FUMEL(AVENUE DE ),0,,2,2,0,1,28,145,1,, -1,1,0,1,50,19,5,2021,14:10,1,47,47323,2,3,0,3,FUMEL(AVENUE DE ),44.40867,0.73076,14,3,2
202100036852,135Â 823,A01,1,1,1,0,8,0,-1,-1, -1,-1,2021,47.0,0,2,12,0,3,1,1,,4,REPUBLIQUE (AV DE LA),0,,-1,0,0,2,(1),(1),1,, -1,1,0,1,50,2,6,2021,16:45,1,94,94003,2,1,0,7,REPUBLIQUE (AV DE LA),48.8062603318,2.3338647137,16,1,1
202100020203,165Â 521,B01,1,1,1,0,2,0,-1,-1, -1,-1,2021,24.0,2,1,0,2,7,1,1,,1,86,0,,3,4,0,1,0,500,1,, -1,1,0,1,90,8,9,2021,08:30,1,92,92050,1,1,0,3,A86,48.9043911734,2.2073453665,8,2,2
202100034400,140Â 249,B01,1,1,1,5,1,4,-1,-1, -1,-1,2021,45.0,1,5,0,2,4,2,1,,1,A502-Sens Aubagne vers Toulon par R.N.,0,,1,2,0,1,0,500,1,, -1,1,0,1,70,14,6,2021,17:50,1,13,13005,1,1,0,4,A502-Sens Aubagne vers Toulon par R.N.,43.2838673251,5.586872758,17,3,3
202100052153,108Â 490,Z01,10,3,1,2,8,8,-1,2,3,1,2021,16.0,1,2,1,1,0,0,0,,4,,0,,1,0,0,2,0,0,1,, -1,1,0,1,30,8,2,2021,17:29,2,92,92048,2,1,0,6,SERVIEN (RUE),48.8075276611,2.2392421961,17,2,1
202100009938,183Â 929,A01,10,3,2,5,0,-1,-1,3,3,1,2021,87.0,2,2,0,1,1,1,2,,3,GRANDE RUE,0,,2,2,0,1,0,0,1,, -1,1,0,1,30,1,11,2021,09:30,1,92,92072,2,3,0,6,GRANDE RUE,48.8241772293,2.2105794938,9,2,1
202100045942,119Â 633,B01,1,1,2,0,8,0,-1,-1, -1,-1,2021,26.0,1,1,0,2,1,1,5,,4,BOULEVARD GUY MOLLET,0,,2,2,1,1,(1),(1),1,, -1,1,0,5,50,30,3,2021,18:40,1,44,44109,2,1,0,3,BOULEVARD GUY MOLLET,47.24703,-1.55541,18,2,2
202100026607,154Â 146,A01,10,3,1,5,0,-1,-1,3,3,1,2021,77.0,3,2,0,1,2,1,1,,4,RASPAIL (boulevard),0,,2,2,0,1,0,1,1,, -1,1,0,1,50,4,3,2021,07:00,2,84,84007,2,1,0,6,RASPAIL (boulevard),43.944431,4.805356,7,2,1
202100012550,179Â 282,B01,1,1,1,5,2,6,9,0,0,-1,2021,33.0,3,1,0,2,1,13,1,,3,534,0,D,2,2,0,1,22,230,3,, -1,1,0,1,80,17,10,2021,17:00,1,7,7073,1,1,0,1,RD 534,45.008157,4.631531,17,3,2
202100055241,103Â 080,A01,1,1,1,1,1,-1,-1,0,0,-1,2021,47.0,2,2,2,0,2,1,0,,3,18,-1,D,2,2,0,1,2,940,3,, -1,2,0,3,80,13,1,2021,16:35,1,41,41074,1,1,1,6,D18,47.57541,1.636001,16,1,1
202100045202,120Â 937,A01,2,2,1,5,1,0,-1,-1,0,-1,2021,23.0,2,2,0,5,2,21,1,,1,AUTOROUTE A1,0,,3,6,0,1,30,0,1,, -1,1,0,1,130,4,4,2021,15:50,1,95,95604,1,1,0,6, A1,49.1056030188,2.5510853676,15,2,1
202100038919,132Â 064,B01,1,1,1,5,2,8,-1,-1, -1,-1,2021,16.0,1,1,0,2,1,21,1,,4,LAJARRIGE ( AVENUE LOUIS ),0,,2,2,0,2,(1),(1),1,, -1,1,0,1,50,16,5,2021,15:00,1,44,44055,2,1,0,3,LAJARRIGE ( AVENUE LOUIS ),47.28826,-2.38848,15,2,2
202100011130,181Â 839,B01,1,1,1,4,2,6,-1,-1, -1,-1,2021,26.0,1,1,0,2,1,1,1,,3,130,0,,2,2,0,1,(1),(1),1,, -1,1,0,1,50,25,10,2021,14:35,1,92,92075,2,9,0,3,JEAN BLEUZEN (RUE),48.8247419668,2.2995281965,14,2,2
202100040504,129Â 205,B01,1,1,1,9,8,0,-1,0,0,-1,2021,54.0,1,1,0,2,4,1,5,,4,PLACE AUGUSTE BARON,0,,1,5,0,1,(1),(1),2,, -1,1,0,1,50,10,5,2021,15:15,1,75,75119,2,7,0,3,PLACE AUGUSTE BARON,48.900755,2.387018,15,2,2
202100021627,162Â 969,B01,1,1,1,0,1,0,-1,-1, -1,-1,2021,42.0,1,2,0,2,4,2,1,,4,PARIS (DE),0,,2,2,0,1,1,0,1,, -1,1,0,1,50,31,8,2021,12:20,1,22,22278,2,1,0,2,PARIS (DE),48.504614,-2.742425,12,2,2
202100007882,187Â 653,A01,1,1,2,5,1,-1,-1,0,0,-1,2021,18.0,2,2,0,2,6,1,1,,3,956,-1,,2,2,0,1,14,981,1,, -1,2,0,1,-1,15,11,2021,17:30,2,41,41050,1,1,1,2,D956,47.471822,1.423073,17,2,2
202100009265,185Â 138,C01,1,1,2,0,1,0,-1,-1, -1,-1,2021,20.0,1,2,0,2,4,1,0,,2,RN814,0,,3,2,0,1,10,199,1,, -1,1,0,1,90,5,11,2021,19:00,3,14,14101,1,9,0,5,RN814,49.1799,-0.4264,19,7,7
202100013276,178Â 009,A01,1,1,1,0,2,6,-1,-1, -1,-1,2021,17.0,1,1,0,2,1,1,1,,4,PINEDE DE CONTAU (AVE) 02 AU 26,0,,2,2,0,1,(1),(1),1,, -1,1,0,1,50,14,10,2021,21:15,5,33,33529,2,3,0,3,Avenue de la PinÃ¨de de Conteau,44.63043,-1.13026,21,2,2
202100013633,177Â 347,A01,10,3,2,1,0,-1,-1,2,3,-1,2021,22.0,2,2,0,1,1,1,1,,4,CLEMENCEAU (COURS),0,,2,2,0,1,0,0,1,, -1,1,0,1,30,12,10,2021,09:10,1,61,61001,2,1,0,6,CLEMENCEAU (COURS),48.43275,0.08586,9,2,1
202100041963,126Â 611,A01,2,2,2,0,1,-1,-1,0,0,-1,2021,26.0,0,2,13,0,1,0,1,,7,1,0,M,2,2,0,2,1,728,2,,5,1,0,1,50,1,5,2021,02:15,5,6,6033,2,1,0,7,m1,43.770652,7.200079,2,3,1
202100055249,103Â 066,C01,7,2,2,5,1,-1,-1,0,0,-1,2021,14.0,1,2,0,2,4,2,1,,1,8,-1,,3,4,0,1,185,0,1,, -1,1,0,1,90,10,1,2021,18:11,2,6,6123,1,1,0,4,A8 PK 185+000 SUD,43.667752,7.196154,18,6,4
202100040950,128Â 421,A01,1,1,1,1,2,6,-1,0,0,-1,2021,49.0,2,1,0,2,2,9,1,,4,PLACE CHARLES DE GAULLE,0,,1,4,0,1,(1),(1),3,, -1,1,0,1,50,5,5,2021,12:40,1,75,75116,2,7,0,2,PLACE CHARLES DE GAULLE,48.873276,2.295131,12,2,2
202100020950,164Â 215,A01,1,1,1,1,1,-1,-1,0,0,-1,2021,42.0,1,2,0,2,1,13,1,,3,927,-1,D,2,2,0,1,17,0,1,, -1,1,0,1,80,5,9,2021,01:30,3,95,95023,1,1,0,1,RD 927,49.18394,2.125103,1,2,2
202100037017,135Â 534,A01,1,1,1,5,2,6,-1,-1, -1,-1,2021,16.0,1,1,1,0,1,1,1,,4,SAINT THIBAULT (RUE),0,,2,2,0,1,0,0,1,, -1,1,0,1,50,31,5,2021,17:50,1,28,28134,2,3,0,2,SAINT THIBAULT (RUE),48.733548,1.351184,17,2,2
202100041480,127Â 461,D01,1,1,2,1,1,-1,-1,-1,0,-1,2021,42.0,1,2,0,2,4,2,1,,2,RN 184,0,,3,6,0,1,3,400,1,, -1,1,0,1,70,3,5,2021,09:30,1,95,95572,1,1,0,4,RN 184,49.03545,2.116929,9,6,5
202100049143,113Â 914,A01,10,3,1,2,0,-1,-1,2,3,2,2021,7.0,1,5,0,1,3,2,1,,4,DEUX CLOCHERS (AV DES),0,,2,1,0,1,1,0,1,, -1,1,0,1,50,5,3,2021,16:40,1,94,94044,2,1,0,6,DEUX CLOCHERS (AV DES),48.7534,2.48391,16,2,1
202100031165,146Â 028,B01,1,1,1,5,1,8,-1,-1, -1,-1,2021,33.0,0,2,9,2,3,1,1,,7,LOUIS REGIS (RUE),0,,2,4,0,1,0,0,1,, -1,1,0,1,50,2,7,2021,12:55,1,13,13211,2,1,0,3,LOUIS REGIS (RUE),43.289,5.497,12,2,2
202100036817,135Â 893,C01,1,2,2,9,1,0,-1,-1, -1,-1,2021,32.0,1,2,0,2,4,15,0,,4,SCHLOESING (BOULEVARD),0,,2,7,3,1,0,0,1,, -1,1,0,1,50,2,6,2021,17:20,1,13,13209,2,3,0,2,SCHLOESING (BOULEVARD),43.27256,5.40119,17,5,3
202100024124,158Â 538,B01,1,1,2,0,1,-1,-1,-1, -1,-1,2021,34.0,0,2,0,2,0,0,1,,7,29,0,,2,2,3,1,1,300,1,, -1,1,0,1,50,14,8,2021,21:10,5,69,69256,2,1,0,4,GENAS (DE) (RTE),45.7476461252,4.9222705194,21,6,3
202100021097,163Â 946,A01,10,3,1,5,0,-1,-1,4,3,1,2021,4.0,1,2,0,1,3,1,1,,4,RUE D HAUTEVILLE,0,,1,1,0,1,(1),(1),1,, -1,1,0,1,30,3,9,2021,17:30,1,75,75110,2,2,0,6,RUE D HAUTEVILLE,48.875324,2.350924,17,2,1
202100025011,156Â 943,B01,2,2,2,5,1,8,-1,-1, -1,-1,2021,20.0,1,2,0,2,6,20,1,,4,SAKAKINI (BOULEVARD),0,,-1,2,0,1,0,0,1,, -1,1,0,1,50,8,8,2021,03:35,5,13,13205,2,9,0,2,SAKAKINI (BOULEVARD),43.29,5.4,3,3,2
202100055009,103Â 483,B01,1,1,2,1,1,8,-1,-1, -1,-1,2021,42.0,2,2,0,2,4,12,2,,2,ROUTE NATIONALE 1,0,,3,4,0,1,2,900,1,, -1,2,0,1,90,14,1,2021,21:20,5,973,97302,1,1,1,2,ROUTE NATIONALE 1,4.90906,-52.32363,21,2,2
202100054636,104Â 127,A01,10,3,2,0,0,-1,-1,1,B,1,2021,83.0,1,2,0,1,1,0,0,,3,50,0,D,2,2,0,1,0,600,1,, -1,1,0,1,50,19,1,2021,10:35,1,83,83046,2,1,0,6,ROUTE DEPARTEMENTALE 50,43.520529268,6.1621007867,10,2,1
202100052965,107Â 044,B01,2,2,2,5,2,2,-1,0,0,-1,2021,18.0,1,1,0,2,8,1,1,,4,RUE PAUL BOISSERY,0,,2,2,0,2,0,0,2,, -1,1,0,1,50,30,1,2021,16:20,1,988,98818,2,3,0,1,RUE HENRI BOISSERY/RUE SOEUR THEODONIE,-22.25116,166.46871,16,3,2
202100035149,138Â 881,A01,2,2,2,0,1,-1,-1,0,0,-1,2021,69.0,2,2,0,0,0,1,1,,3,D 710,0,D,2,2,0,1,(1),(1),1,, -1,1,0,1,80,11,6,2021,17:30,1,24,24538,1,1,0,7,D 710,44.814343,0.995936,17,2,1
202100026769,153Â 873,A01,10,3,2,5,0,-1,-1,4,3,1,2021,80.0,2,3,0,1,1,1,0,,4,BOULEVARD MORTIER,0,,-1,4,3,3,(1),(1),1,, -1,2,-1,6,30,27,7,2021,16:29,1,75,75120,2,1,1,6,BOULEVARD MORTIER,48.87669,2.407094,16,2,1
202100024705,157Â 485,A01,10,3,2,0,0,-1,-1,2,3,1,2021,33.0,3,2,0,1,5,4,1,,4,AMSTERDAM (RUE D'),0,,2,2,0,1,(1),(1),1,, -1,1,5,1,50,9,8,2021,20:40,1,71,71076,2,1,0,6,AMSTERDAM (RUE D'),46.7843,4.8643,20,2,1
202100001288,199Â 460,B01,2,2,2,0,1,0,-1,0,0,-1,2021,73.0,2,2,0,2,1,1,1,,2,RN157,0,,3,4,0,1,39,900,1,, -1,2,0,1,110,26,12,2021,12:10,1,35,35051,1,1,1,2,RN157,48.11361,-1.552355,12,3,2
202100054822,103Â 805,A01,1,1,2,5,1,-1,-1,0,0,-1,2021,20.0,1,2,0,2,5,13,1,,3,700,-1,,2,2,0,1,22,50,3,, -1,2,0,1,80,16,1,2021,18:00,3,22,22384,1,1,1,2,D700 PR 22+050,48.288733,-2.826233,18,3,2
202100045995,119Â 542,A01,1,1,1,0,2,6,-1,-1, -1,-1,2021,56.0,1,1,0,2,1,1,1,,4,JAURES RUE JEAN,0,,2,2,0,1,0,0,1,, -1,1,0,1,50,29,3,2021,09:10,1,93,93063,2,3,0,3,JAURES RUE JEAN,48.877861807,2.4466493726,9,2,2
202100044248,122Â 576,A01,10,3,2,0,0,-1,-1,4,3,1,2021,70.0,0,2,0,1,1,16,1,,4,SAINT PIERRE (CHAUSSEE),0,,2,3,0,3,(1),(1),1,, -1,1,0,1,50,6,4,2021,15:30,1,80,80021,2,1,0,6,SAINT PIERRE (CHAUSSEE),49.90262,2.30282,15,2,1
202100046226,119Â 144,A01,1,1,2,9,1,0,-1,-1, -1,-1,2021,33.0,3,2,0,2,1,26,1,,4,MEIGNANNE,0,,-1,2,0,1,1,0,1,, -1,1,0,1,50,28,3,2021,15:50,1,49,49007,2,2,0,3,MEIGNANNE,47.48169,-0.57578,15,4,2
202100056076,101Â 646,A01,1,1,2,5,2,6,-1,-1, -1,-1,2021,22.0,3,1,0,2,1,2,1,,3,CHOISY(ROUTE DE),0,,3,4,0,1,0,0,1,, -1,2,0,1,50,6,1,2021,11:05,1,94,94028,2,1,0,2,CHOISY(ROUTE DE),48.78362,2.44733,11,2,2
202100042016,126Â 518,A01,10,3,1,4,0,-1,-1,2,3,1,2021,47.0,2,2,0,1,3,1,1,,3,MARCKOLSHEIM (ROUTE DE),0,,2,2,0,1,1,0,1,, -1,1,0,1,50,29,4,2021,13:45,1,67,67462,2,1,0,6,MARCKOLSHEIM (ROUTE DE),48.255723,7.456808,13,2,1
202100040660,128Â 943,B01,1,1,1,0,1,-1,-1,0,0,-1,2021,61.0,2,2,2,2,1,1,0,,3,15,0,D,2,2,0,1,9,311,1,, -1,2,0,1,80,10,5,2021,08:55,1,34,34094,1,1,1,1,D15,43.436483,3.258562,8,4,2
202100046379,118Â 867,B01,1,1,2,9,8,0,-1,0,0,-1,2021,18.0,2,1,0,2,7,1,5,,4,RUE DE LA GLACIERE,0,,1,2,0,1,(1),(1),1,, -1,1,0,1,50,27,3,2021,15:30,1,75,75113,2,1,0,3,RUE DE LA GLACIERE,48.827952,2.34244,15,2,2
202100004005,194Â 583,A01,10,3,1,0,0,-1,-1,1,3,1,2021,64.0,1,2,0,1,1,1,2,,3,ROCADE (BOULEVARD DE LA),0,,3,0,0,1,0,0,1,, -1,2,0,1,50,8,12,2021,12:15,1,74,74010,2,1,1,6,ROCADE (BOULEVARD DE LA),45.91074,6.11931,12,2,1
202100004703,193Â 371,B01,1,1,1,0,0,-1,-1,0,0,-1,2021,46.0,3,1,0,2,8,0,3,,4,RUE DES   MARES   JULIENNES,0,,2,2,1,1,0,0,1,, -1,2,0,1,50,3,12,2021,14:35,1,91,91161,2,3,1,3,RUE DES   MARES   JULIENNES,48.715526,2.309777,14,2,2
202100027460,152Â 644,A01,1,1,1,0,8,-1,-1,0,0,-1,2021,44.0,1,2,0,2,3,1,1,,3,976,0,,2,2,0,2,11,70,3,, -1,1,0,1,90,23,7,2021,14:30,1,37,37027,1,1,0,1,D976,47.322523,0.970442,14,2,2
202100013988,176Â 697,A01,10,3,1,0,0,-1,-1,9,2,1,2021,85.0,0,2,0,1,6,4,1,,4,RUE DE MORSANG,0,,2,0,0,1,0,0,4,, -1,1,9,8,5,9,10,2021,12:45,1,91,91589,2,9,0,6,RUE DE MORSANG,48.67227,2.35419,12,2,1
202100007686,188Â 014,A01,10,3,1,9,0,-1,-1,4,3,1,2021,31.0,2,2,0,1,3,15,1,,4,,0,,1,1,1,1,0,0,1,, -1,2,0,1,50,16,11,2021,17:55,5,92,92025,2,3,0,6,ESTIENNE D'ORVES (RUE),48.911275,2.236693,17,2,1
202100000634,200Â 574,A01,1,1,1,9,2,8,-1,-1, -1,-1,2021,41.0,1,1,9,2,1,1,1,,3,9,0,,2,0,0,1,0,0,1,, -1,1,0,1,50,19,12,2021,16:05,1,92,92004,2,1,0,3,GRESILLONS ( AVENUE DES  ),48.91952178,2.3133140802,16,2,2
202100047128,117Â 527,A01,1,1,1,5,1,-1,-1,0, -1,-1,2021,24.0,2,2,1,0,2,14,1,,4,COMMANDANT DROGOU (DE 71 ET 78 AFIN),0,,2,2,0,1,(1),(1),1,, -1,1,0,1,50,21,3,2021,04:00,5,29,29019,2,1,0,6,Rue du Commandant Drogou,48.4043536908,-4.4909620285,4,1,1
202100054431,104Â 461,B01,10,3,2,4,0,-1,-1,3,3,1,2021,63.0,1,1,0,1,1,16,5,,4,SAINCERE ( RUE ),0,,1,1,0,1,0,0,3,, -1,1,0,1,50,18,1,2021,14:20,1,55,55029,2,6,0,6,SAINCERE ( RUE ),48.77636,5.15678,14,2,1