Num_Acc,id_vehicule,num_veh,place,catu,sexe,trajet,secu1,secu2,secu3,locp,actp,etatp,year_acc,victim_age,senc,catv,obs,obsm,choc,manv,motor,occutc,catr,voie,v1,v2,circ,nbv,vosp,prof,pr,pr1,plan,lartpc,larrout,surf,infra,situ,vma,jour,mois,an,hrmn,lum,dep,com,agg_,int,atm,col,adr,lat,long,hour,nb_victim,nb_vehicules
202100047941,116Â 044,A01,1,1,1,9,2,0,-1,-1, -1,-1,2021,50.0,0,1,0,2,1,2,1,,3,RD2 Route de Balaruc,0,,-1,3,0,1,40,758,1,, -1,1,0,1,50,12,3,2021,13:10,1,34,34301,1,1,0,2,RD2 Route de Balaruc,43.4155,3.704076,13,2,2
202100035802,137Â 714,B01,2,2,2,5,1,-1,-1,0,0,-1,2021,74.0,1,2,0,2,1,1,1,,3,186,0,A,2,2,0,2,3,240,1,, -1,1,0,1,70,8,6,2021,14:50,1,56,56186,1,1,0,1,Route dÃ©partemantale 186A,47.494908,-3.145974,14,3,2
202100017913,169Â 603,A01,1,1,1,5,1,-1,-1,0,0,-1,2021,63.0,2,2,0,2,1,13,1,,2,88,0,,2,2,0,1,40,290,1,, -1,1,0,1,80,18,9,2021,14:55,1,12,12131,1,1,0,1,N88,44.378337,2.654164,14,2,2
202100056266,101Â 322,A01,1,1,1,1,1,0,-1,0,0,-1,2021,45.0,1,2,0,2,2,21,1,,3,RD6015,0,,2,3,0,1,34,300,1,, -1,2,0,1,90,4,1,2021,08:00,3,27,27701,1,1,1,2,RD6015,49.25695,1.16918,8,2,2
202100015443,174Â 102,B01,2,2,2,5,1,4,-1,-1, -1,-1,2021,32.0,2,2,0,2,4,1,1,,1,AUTOROUTE A6,0,,3,6,0,1,20,100,1,, -1,1,0,1,110,2,10,2021,11:55,1,91,91687,1,1,0,2,AUTOROUTE A6,48.66572,2.36264,11,3,2
202100051453,109Â 725,A01,1,1,1,9,2,6,-1,0,0,-1,2021,51.0,1,1,0,0,0,21,1,,4,AVENUE D IVRY,0,,1,2,0,1,(1),(1),1,, -1,2,0,1,30,15,2,2021,08:40,1,75,75113,2,1,0,7,AVENUE D IVRY,48.824631,2.363093,8,1,1
202100046021,119Â 497,A01,10,3,1,5,0,-1,-1,9,5,2,2021,3.0,3,2,0,1,0,19,1,,3,D1017,0,,2,2,0,1,23,450,1,, -1,1,0,1,50,30,3,2021,17:51,1,60,60509,2,9,1,6,rue Jean Moulin,49.3063523664,2.6042125224,17,2,1
202100014993,174Â 902,B01,1,1,1,0,2,6,-1,-1, -1,-1,2021,24.0,3,1,0,0,7,1,1,,4,AV HERGE,0,,2,2,0,1,1,0,1,, -1,1,0,1,50,5,10,2021,17:37,1,77,77111,2,2,0,7,AV HERGE,48.857191,2.77216,17,2,2
202100002724,196Â 900,A01,2,2,2,0,1,0,-1,-1, -1,-1,2021,19.0,1,2,3,2,2,11,1,,1,86,0,,1,2,0,3,4,349,3,, -1,1,2,1,70,16,12,2021,02:50,3,92,92025,1,1,0,3,A86,48.929438086,2.2412066559,2,5,2
202100043256,124Â 340,A01,1,1,1,5,0,-1,-1,0,0,-1,2021,76.0,1,1,16,0,1,13,5,,3,174,-1,,2,2,0,1,4,100,1,, -1,1,0,3,80,22,4,2021,18:15,1,18,18013,1,1,0,7,route de la Tour,46.760701,2.55622,18,1,1
202100036591,136Â 304,A01,10,3,1,4,0,-1,-1,2,2,1,2021,55.0,3,2,0,1,1,15,1,,4,STENDHAL (RUE),0,,1,1,0,1,(1),(1),2,, -1,1,0,1,50,3,6,2021,11:10,1,78,78440,2,1,0,6,STENDHAL (RUE),48.980424,1.906546,11,2,1
202100012145,180Â 008,B01,1,1,1,0,2,6,-1,-1, -1,-1,2021,17.0,3,1,0,2,2,1,1,,4,AERODROME (AVE DE L'),0,,2,2,0,1,(1),(1),1,, -1,1,0,1,50,16,10,2021,17:20,1,33,33529,2,3,0,3,AERODROME (AVE DE L'),44.6042,-1.12404,17,2,2
202100004356,193Â 970,A01,10,3,1,2,0,-1,-1,3,3,1,2021,14.0,3,2,0,1,3,15,1,,3,5,-1,,1,1,0,1,23,200,2,, -1,2,0,1,50,8,12,2021,07:35,2,42,42147,2,4,0,6,Boulevard Chavassieu,45.606532,4.062833,7,2,1
202100011824,180Â 588,B01,1,1,1,1,8,0,-1,-1, -1,-1,2021,18.0,2,1,0,2,3,2,1,,3,ORLEANS (AVENUE D'),0,,2,2,0,1,0,0,1,, -1,1,0,1,30,21,10,2021,08:00,5,28,28085,2,1,0,3,ORLEANS (AVENUE D'),48.4292,1.51331,8,2,2
202100020553,164Â 893,A01,10,3,1,2,0,-1,-1,5,3,1,2021,15.0,2,2,0,1,1,1,2,,4,,0,,2,2,0,1,(1),(1),1,, -1,1,0,1,50,6,9,2021,16:24,1,6,6088,2,1,0,6,STE MARGUERITE (AV.) A PARTIR DU 62-63),43.69224,7.19993,16,2,1
202100003338,195Â 792,A01,1,1,2,0,8,-1,-1,0,0,-1,2021,54.0,1,2,0,2,1,13,1,,3,1508,0,D,2,2,0,1,71,456,1,, -1,5,0,1,80,10,12,2021,12:29,1,74,74167,1,1,1,4,RD 1508,45.764514,6.348971,12,3,3
202100031439,145Â 547,B01,1,1,2,1,2,0,-1,-1, -1,-1,2021,38.0,1,1,1,0,0,0,5,,4,PARIS AVENUE DE NÂ°2 A82,0,,1,0,0,2,0,0,1,, -1,1,0,1,50,1,7,2021,16:30,1,92,92020,2,1,0,7,PARIS AVENUE DE NÂ°2 A82,48.80568,2.29155,16,2,2
202100047205,117Â 388,B01,10,3,2,0,0,-1,-1,1,1,2,2021,30.0,3,2,0,1,2,1,1,,4,DE LATTRE DE TASSIGNY               (PT),0,,1,2,3,1,(1),(1),1,, -1,1,0,1,50,19,3,2021,09:00,1,69,69381,2,1,0,6,DE LATTRE DE TASSIGNY               (PT),45.77254,4.83778,9,3,1
202100008321,186Â 854,B01,1,1,1,5,2,6,-1,0,0,-1,2021,38.0,2,1,0,2,1,17,1,,3,34,0,,2,2,0,1,6,42,1,, -1,1,0,1,-1,14,11,2021,17:15,3,34,34294,1,3,0,3,D34,43.713224,4.114042,17,3,2
202100018039,169Â 382,B01,1,1,2,0,1,-1,-1,0,0,-1,2021,48.0,1,2,0,2,4,11,1,,1,83,-1,,3,4,0,1,65,420,1,, -1,1,0,1,130,20,9,2021,08:25,1,85,85034,1,1,0,5,A83,46.628033,-1.148036,8,4,3
202100023049,160Â 421,A01,1,1,1,0,2,0,-1,-1, -1,-1,2021,15.0,1,1,0,2,1,1,5,,3,CORNICHE (ROUTE DE LA),0,,2,2,1,2,10,500,1,, -1,1,9,5,50,2,8,2021,15:00,1,64,64260,2,1,0,2,CORNICHE (ROUTE DE LA),43.3751,-1.76093,15,2,2
202100036137,137Â 090,A01,1,1,1,5,2,9,-1,0,0,-1,2021,39.0,1,1,7,0,2,1,1,,3,1082,0,D,2,2,0,2,80,150,3,, -1,1,0,3,70,6,6,2021,14:14,1,42,42172,1,1,0,7,Route de Bourg-Argental,45.368037,4.452966,14,1,1
202100003881,194Â 814,A01,10,3,2,0,0,-1,-1,3,3,1,2021,54.0,2,2,0,1,3,26,1,,3,1015,0,,2,2,0,1,(1),(1),1,, -1,1,6,1,50,8,12,2021,08:05,3,80,80373,2,1,0,6,7 Rue Charles de Gaulle,49.983894,1.561189,8,2,1
202100049021,114Â 135,A01,1,1,1,5,0,-1,-1,0,0,-1,2021,17.0,3,1,2,0,1,1,1,,4,,0,,-1,1,0,2,(1),(1),1,, -1,9,0,8,-1,7,3,2021,13:25,1,89,89059,1,1,0,6,Bussy-en-Othe,48.030669,3.522159,13,1,1
202100017390,170Â 549,A01,2,2,1,5,1,4,-1,-1,0,-1,2021,24.0,2,2,0,2,4,1,1,,2,RN 184,0,,3,4,0,1,5,800,1,, -1,1,0,1,90,22,9,2021,11:00,1,95,95572,1,1,0,2,RN 184,49.0494,2.13892,11,3,2
202100032734,143Â 260,A01,1,1,1,5,2,6,-1,0,0,-1,2021,34.0,1,1,4,0,0,2,1,,3,6,-1,,2,2,0,2,14,597,3,, -1,1,0,1,70,23,6,2021,17:25,1,1,1322,1,1,0,6,Montee des Balmes,45.940676,4.809619,17,1,1
202100049371,113Â 510,A01,1,1,1,0,2,0,-1,-1, -1,-1,2021,16.0,1,1,1,0,1,2,0,,3,GENERAL LECLERC (AVENUE DU),0,,2,2,0,1,0,770,1,, -1,1,0,1,50,3,3,2021,12:00,1,78,78481,2,1,0,2,GENERAL LECLERC (AVENUE DU),48.89173,2.09992,12,2,2
202100024329,158Â 182,A01,1,1,2,0,2,0,-1,-1, -1,-1,2021,31.0,2,1,0,2,7,5,3,,3,BOULE PLACE DE LA,0,,1,2,2,1,0,0,2,, -1,1,0,5,50,13,8,2021,18:40,1,92,92050,2,6,0,3,BOULE PLACE DE LA,48.8868431683,2.2004383124,18,2,2
202100009828,184Â 129,B01,1,1,1,1,2,-1,-1,0,0,-1,2021,15.0,2,1,0,2,1,1,1,,3,921,0,,2,2,0,1,12,400,1,, -1,1,0,1,90,2,11,2021,18:15,2,28,28021,1,1,0,1,D921,48.377818,1.348588,18,2,2
202100009648,184Â 460,B01,1,1,2,9,2,8,-1,-1, -1,-1,2021,23.0,3,1,0,2,7,17,6,,3,985,0,,1,0,0,1,1,0,1,, -1,1,0,1,50,16,9,2021,18:45,1,92,92073,2,9,0,3,SELLIER (BOULEVARD HENRI),48.8680841537,2.2247689962,18,2,2
202100009380,184Â 936,B01,1,1,1,4,1,-1,-1,-1, -1,-1,2021,33.0,2,2,0,2,4,1,1,,1,A43   3.865 A 9.894,0,,3,4,0,1,8,0,1,, -1,1,0,1,90,4,11,2021,17:40,5,69,69290,1,1,0,2,A43   3.865 A 9.894,45.70098,4.97076,17,4,2
202100022667,161Â 102,A01,1,1,1,0,2,6,-1,-1, -1,-1,2021,38.0,2,1,0,0,0,9,1,,3,BD DE STALINGRAD ,0,,2,2,0,1,1,0,1,, -1,1,0,1,30,25,8,2021,00:20,5,94,94017,2,6,0,7,Boulevard de Stalingrad,48.816348,2.511774,0,1,1
202100020772,164Â 511,A01,7,2,2,5,1,-1,-1,0,0,-1,2021,51.0,1,2,0,2,6,16,1,,3,984,0,,2,2,0,1,54,600,1,, -1,1,0,1,70,5,9,2021,17:45,1,1,1273,2,1,0,2,Route de Pont d Ain,46.071939,5.375286,17,4,2
202100021812,162Â 633,A01,10,3,2,3,0,-1,-1,2,3,1,2021,7.0,1,2,1,1,2,17,1,,3,AV PAUL VAILLANT COUTURIER ,0,,2,2,0,1,1,0,1,, -1,1,0,1,50,30,8,2021,13:00,1,94,94081,2,1,0,6,PAUL VAILLANT COUTURIER (AV),48.79845,2.40013,13,2,1
202100006316,190Â 495,A01,10,3,2,2,0,-1,-1,2,3,1,2021,10.0,2,1,0,1,8,1,1,,4,110,0,,2,2,0,1,0,0,1,, -1,2,0,1,30,25,11,2021,16:39,2,92,92024,2,3,1,6,GENERAL LECLERC (BD DU) (9 A 59)   (4 A,48.9016935923,2.3147812486,16,2,1
202100004012,194Â 569,B01,1,1,1,0,1,0,-1,-1, -1,-1,2021,43.0,1,2,0,2,4,2,1,,4,CHARLES DE GAULLE,0,,2,2,1,1,(1),(1),1,, -1,2,0,1,50,8,12,2021,18:30,5,64,64348,1,1,1,4,CHARLES DE GAULLE,43.31075,-0.41191,18,3,3
202100038461,132Â 897,A01,1,1,2,0,8,-1,-1,0,0,-1,2021,35.0,2,2,2,0,7,1,1,,3,906,-1,,2,2,0,3,46,300,3,, -1,2,0,3,70,26,5,2021,18:53,1,78,78557,1,1,0,6,61 Route de Rambouillet,48.617029,1.729221,18,1,1
202100046026,119Â 488,B01,1,1,1,5,2,6,-1,0,0,-1,2021,48.0,2,1,0,0,4,23,1,,3,47,0,,2,2,0,1,4,130,1,, -1,1,0,1,80,27,3,2021,18:35,1,37,37281,1,3,0,2,Les Herbes Blanches,47.4472505457,0.7895841091,18,2,2
202100055801,102Â 122,A01,10,3,1,4,0,-1,-1,2,9,1,2021,44.0,1,2,0,1,1,9,1,,4,,0,,2,2,0,1,(1),(1),1,, -1,1,0,1,50,8,1,2021,09:25,1,33,33522,2,6,1,6,Rue Pacaris,44.797766,-0.581224,9,2,1
202100006323,190Â 485,A01,1,1,1,0,8,-1,-1,0,0,-1,2021,22.0,0,1,0,0,0,0,1,,3,27,-1,,2,2,0,2,(1),(1),3,, -1,2,0,3,50,26,11,2021,23:45,3,974,97422,2,1,0,6,Chemin Emile Zola,-21.242567,55.491954,23,1,1
202100013632,177Â 349,B01,2,2,2,5,2,0,-1,-1, -1,-1,2021,19.0,1,1,0,2,1,2,1,,4,EGALITE (BOULEVARD DE L'),0,,2,2,0,1,(1),(1),1,, -1,1,0,1,50,12,10,2021,10:25,1,62,62193,2,1,0,2,EGALITE (BOULEVARD DE L'),50.945719,1.871869,10,3,2
202100012022,180Â 221,B01,2,2,1,5,2,6,-1,-1, -1,-1,2021,54.0,0,1,0,2,8,9,1,,4,POUGET,0,,2,2,0,1,(1),(1),1,, -1,1,0,1,50,11,9,2021,19:50,2,34,34003,2,2,0,3,POUGET,43.30115,3.47309,19,3,2
202100032263,144Â 094,A01,1,1,1,0,1,0,-1,-1, -1,-1,2021,24.0,1,2,0,2,7,1,0,,4,MALCENSE (RUE DE LA),0,,2,2,0,1,(1),(1),1,, -1,1,0,1,50,25,6,2021,00:05,5,59,59599,2,2,0,3,MALCENSE (RUE DE LA),50.72954,3.16446,0,2,2
202100044081,122Â 882,A01,1,1,1,4,1,-1,-1,0,0,-1,2021,49.0,2,4,0,2,6,13,1,,3,4,-1,,2,2,0,1,5,200,1,, -1,1,0,1,80,14,4,2021,07:30,1,32,32288,1,1,0,3,RD4 - Route de Samatan,43.586229,0.869856,7,2,2
202100046668,118Â 350,A01,1,1,2,5,1,0,-1,-1, -1,-1,2021,22.0,2,2,1,0,2,1,1,,3,FOCH (AVENUE DU MARECHAL) AUTRES NUMEROS,0,,2,2,0,2,1,0,1,, -1,1,0,8,50,25,3,2021,18:00,2,92,92007,2,1,0,6,FOCH (AVENUE DU MARECHAL) AUTRES NUMEROS,48.7906740904,2.299874872,18,1,1
202100039244,131Â 462,A01,1,1,1,4,2,0,-1,-1, -1,-1,2021,26.0,1,1,0,2,1,3,1,,1,A4,0,,1,4,0,1,9,500,1,, -1,1,1,1,90,20,5,2021,13:30,1,94,94017,1,1,0,3,A4,48.8271790507,2.5086856622,13,2,2
202100017574,170Â 210,B01,1,1,1,1,2,-1,-1,0,0,-1,2021,18.0,1,1,0,2,1,1,1,,3,D13,0,,2,2,0,1,23,801,1,, -1,1,0,1,70,23,9,2021,15:25,1,34,34009,1,3,0,3,RD13,43.484952,3.357536,15,2,2
202100042204,126Â 184,A01,2,2,1,0,8,0,-1,-1, -1,-1,2021,20.0,3,2,0,0,3,13,1,,4,Chemin des MULETS,0,,3,2,0,1,(1),(1),1,, -1,1,9,8,50,24,4,2021,18:10,1,7,7102,1,6,0,7,LANGUEDOC (Rue du),44.92792,4.85976,18,2,1
202100008413,186Â 697,A01,10,3,2,3,8,-1,-1,3,3,1,2021,78.0,1,2,0,1,1,1,1,,3,559,-1,,2,2,0,1,96,600,1,, -1,1,0,1,50,13,11,2021,08:30,1,83,83115,2,1,0,6,AVENUE DU GENERAL LECLERC,43.306537,6.641364,8,2,1
202100025004,156Â 960,A01,1,1,2,4,1,-1,-1,-1, -1,-1,2021,52.0,2,2,0,2,1,15,1,,4,TARENTE,0,,2,2,0,1,(1),(1),1,, -1,1,5,1,50,11,8,2021,10:45,1,29,29019,2,3,0,3,Avenue de Tarente,48.4045151351,-4.509805441,10,4,2
202100054845,103Â 769,A01,1,1,2,5,1,8,-1,-1, -1,-1,2021,61.0,1,2,0,2,8,10,1,,3,ROUTE NATIONALE 3,0,,2,2,0,1,0,300,1,, -1,1,0,1,70,15,1,2021,14:47,1,973,97302,1,1,0,3,ROUTE NATIONALE 3,4.90537,-52.32009,14,2,2
202100021931,162Â 423,A01,1,1,1,5,1,-1,-1,-1, -1,-1,2021,23.0,1,2,1,0,1,2,1,,4,RUE BERTRAND DE GOTH,0,,1,1,0,1,(1),(1),1,, -1,1,0,1,50,29,8,2021,06:10,5,33,33063,2,1,0,6,Rue Bertrand de Goth,44.8217,-0.5784,6,1,1
202100037516,134Â 607,A01,2,2,2,0,0,-1,-1,0,0,-1,2021,31.0,1,2,0,0,0,1,1,,2,131,0,,2,2,0,1,4,0,1,, -1,1,0,3,60,28,5,2021,19:30,3,987,98758,1,1,0,7,PK 4 Apooiti,-16.742983,-151.45779,19,2,1
202100003429,195Â 624,A01,10,3,1,3,0,-1,-1,3,3,1,2021,15.0,3,2,0,1,3,16,1,,4,AV DE JEREZ,0,,2,1,0,1,0,0,3,, -1,1,9,1,50,6,12,2021,16:00,1,13,13004,2,6,0,1,AV DE JEREZ,43.66581,4.63495,16,2,1
202100039499,131Â 000,B01,1,1,2,5,0,-1,-1,0,0,-1,2021,20.0,3,1,0,2,8,19,5,,7,,-1,,2,2,0,1,9,200,1,, -1,1,0,1,30,14,5,2021,17:40,1,69,69088,2,1,0,1,JEAN-BAPTISTE SIMON (Q),45.833035,4.846714,17,2,2
202100041244,127Â 879,B01,1,1,1,0,8,0,-1,-1, -1,-1,2021,15.0,2,1,0,2,1,1,5,,4,RN3 (3),0,,2,2,3,2,58,700,2,, -1,1,0,1,30,5,5,2021,18:30,3,974,97416,1,3,0,1,RN3 (3),-21.31525,55.49296,18,2,2
202100044807,121Â 623,A01,10,3,2,3,0,-1,-1,3,3,1,2021,50.0,1,2,0,1,1,1,1,,3,PAU (ROUTE DE),0,,2,2,0,1,0,219,1,, -1,1,0,1,50,7,4,2021,12:14,1,65,65440,2,1,0,6,PAU (ROUTE DE),43.2376,0.0448,12,2,1
202100000465,200Â 874,A01,1,1,1,4,2,8,-1,-1, -1,-1,2021,21.0,1,1,0,2,8,15,5,,4,MALECROIX (RUE DE),0,,2,2,0,1,0,0,1,, -1,1,0,1,50,28,7,2021,13:35,1,19,19031,2,1,0,2,MALECROIX (RUE DE),45.15121,1.54917,13,2,2
202100007256,188Â 787,A01,1,1,1,2,2,6,-1,-1, -1,-1,2021,15.0,3,1,0,0,7,1,1,,4,DE VINCI (RUE LEONARD),0,,2,2,0,1,0,0,1,, -1,9,5,1,50,10,11,2021,08:40,1,45,45338,2,6,1,7,DE VINCI (RUE LEONARD),48.0000593892,2.7159190178,8,1,1
202100011898,180Â 458,C01,1,1,1,5,1,-1,-1,-1, -1,-1,2021,28.0,3,2,0,0,8,9,1,,3,929,0,D,2,2,0,1,19,307,1,, -1,2,0,1,70,21,10,2021,12:15,1,76,76700,1,2,1,3,Route du Havre,49.678876,1.033804,12,2,2
202100039496,131Â 006,A01,1,1,2,0,1,-1,-1,0,0,-1,2021,27.0,0,2,0,2,3,0,1,,4,,-1,,2,2,0,1,(1),(1),1,, -1,2,0,1,70,19,5,2021,17:42,1,60,60203,1,1,1,1,Chemin des Meuniers,49.227617,2.862024,17,3,2
202100052810,107Â 327,A01,10,3,1,9,0,-1,-1,5,9,1,2021,35.0,3,2,14,1,1,1,1,,5,BOIS MOUSSAY (AVENUE DU),0,,1,1,0,2,0,0,1,, -1,2,9,6,15,2,2,2021,09:30,1,93,93072,2,1,1,6,BOIS MOUSSAY (AVENUE DU),48.95566,2.36821,9,2,1
202100022301,161Â 771,A01,10,3,2,5,0,-1,-1,3,4,1,2021,10.0,1,5,0,1,8,1,1,,4,RUE DU FAUBOURG SAINT MARTIN,0,,1,2,0,1,(1),(1),1,, -1,1,0,1,50,27,8,2021,17:00,1,75,75110,2,3,0,6,RUE DU FAUBOURG SAINT MARTIN,48.87232,2.35769,17,2,1
202100005653,191Â 685,A01,10,3,1,0,0,-1,-1,4,3,1,2021,35.0,1,1,0,1,1,5,1,,3,LAITIERES (R DES),0,,1,1,2,1,0,0,1,, -1,2,0,1,50,27,11,2021,21:35,5,94,94080,2,4,1,3,LAITIERES (R DES),48.84697,2.42157,21,2,1
202100002932,196Â 531,B01,1,1,2,1,8,0,-1,-1, -1,-1,2021,53.0,1,1,0,2,2,15,5,,4,CHINON (BOULEVARD DE),0,,3,1,1,1,(1),(1),1,, -1,2,5,5,50,14,12,2021,08:00,5,37,37122,2,6,1,2,CHINON (BOULEVARD DE),47.3518509943,0.6864825636,8,2,2
202100000737,200Â 396,A01,10,3,1,0,0,-1,-1,1,1,1,2021,88.0,3,2,0,1,2,1,1,,4,RUE DE LA SURE,0,,2,2,0,1,(1),(1),1,, -1,1,0,1,50,23,12,2021,15:15,1,38,38169,2,3,0,2,RUE DE LA SURE,45.20324,5.68537,15,2,1
202100009975,183Â 872,B01,1,1,1,5,2,6,-1,0,0,-1,2021,17.0,2,1,0,2,1,1,1,,3,28,0,D,2,2,0,1,0,700,1,, -1,1,5,1,80,2,11,2021,15:10,1,13,13066,1,3,0,1,6309 Route de ChÃ¢teaurenard,43.885676,4.893985,15,2,2
202100050940,110Â 625,A01,1,1,1,9,8,0,-1,0,0,-1,2021,30.0,1,1,0,2,1,1,5,,4,RUE DE RIVOLI,0,,2,5,1,1,(1),(1),1,, -1,1,-1,5,50,19,2,2021,17:25,1,75,75104,2,3,0,7,RUE DE RIVOLI,48.858052,2.349646,17,1,1
202100023899,158Â 916,A01,1,1,2,0,8,0,-1,-1, -1,-1,2021,39.0,1,2,1,0,8,24,1,,4,RABELAIS (RUE),0,,1,1,0,1,0,0,1,, -1,1,0,1,50,16,8,2021,16:40,1,13,13216,2,1,0,2,RABELAIS (RUE),43.3604152058,5.3299222023,16,2,2
202100004846,193Â 126,B01,1,1,1,1,2,-1,-1,0,0,-1,2021,19.0,1,1,0,2,1,1,1,,4,,-1,,2,2,0,1,(1),(1),1,,4,1,0,1,50,3,12,2021,07:50,5,51,51391,2,3,0,3,Rue de la Gare,49.27589,3.898239,7,2,2
202100051115,110Â 306,A01,10,3,2,2,0,-1,-1,3,3,1,2021,10.0,3,3,0,1,7,1,1,1.0,4,,-1,,2,2,0,1,(1),(1),1,, -1,1,0,1,30,18,2,2021,16:35,1,56,56165,2,1,0,6,Rue St Nicolas,47.929111,-2.395161,16,2,1
202100048275,115Â 459,A01,1,1,1,0,2,0,-1,-1, -1,-1,2021,49.0,0,1,0,2,0,17,1,,4,MALADRERIES (AVE DES),0,,2,2,0,1,0,0,1,, -1,1,0,1,50,12,3,2021,07:40,2,30,30007,2,3,0,3,MALADRERIES (AVE DES),44.1196546067,4.1031893492,7,2,2
202100054957,103Â 577,A01,1,1,1,5,1,-1,-1,0,0,-1,2021,21.0,0,2,8,0,1,6,1,,3,200,0,D,3,2,0,1,14,990,3,, -1,1,9,1,80,15,1,2021,22:00,3,60,60006,1,9,0,7,D200,49.321321,2.595122,22,4,1
202100025716,155Â 717,A01,1,1,1,5,2,6,-1,-1, -1,-1,2021,16.0,1,1,1,0,1,2,1,,4,LECLERC (AVENUE DU GENERAL),0,,1,2,0,1,0,0,1,, -1,1,0,1,50,2,8,2021,19:06,1,84,84087,2,9,0,2,LECLERC (AVENUE DU GENERAL),44.1347,4.81091,19,2,2
202100013493,177Â 618,B01,1,1,1,5,0,-1,-1,-1, -1,-1,2021,37.0,3,1,0,2,6,2,0,,4,BEZONS (RUE DE),0,,2,2,0,1,(1),(1),1,, -1,1,0,1,50,11,10,2021,09:50,1,78,78124,2,6,1,3,BEZONS (RUE DE),48.90965,2.18714,9,3,2
202100053363,106Â 334,A01,1,1,1,0,8,0,-1,-1, -1,-1,2021,64.0,-1,2,0,2,1,2,1,,3,NEUILLY (ROUTE),0,,2,2,0,2,0,1,1,, -1,2,0,1,50,28,1,2021,14:40,1,93,93051,2,1,1,4,NEUILLY (ROUTE),48.85,2.5362,14,3,3
202100045230,120Â 877,A01,10,3,2,5,0,-1,-1,1,3,1,2021,89.0,3,5,0,1,1,1,1,,4,JULIEN (Rue Pierre),0,,1,1,0,1,(1),(1),1,, -1,1,0,1,30,3,4,2021,11:15,1,26,26198,2,1,0,6,8 Rue Pierre Julien,44.555662,4.749666,11,2,1
202100033414,142Â 042,A01,1,1,1,0,2,8,-1,-1, -1,-1,2021,23.0,1,1,15,0,1,26,1,,4,FRANÃOISE DUPARC (BOULEVARD),0,,1,4,0,1,0,0,1,, -1,1,2,3,50,19,6,2021,22:07,2,13,13204,2,1,0,7,FRANÃOISE DUPARC (BOULEVARD),43.307,5.401,22,2,1
202100007032,189Â 186,A01,10,3,1,5,0,-1,-1,1,3,1,2021,73.0,1,2,0,1,2,1,1,,4,BRACQ   IMPASSE ANDRE,0,,1,1,0,2,(1),(1),1,, -1,1,0,1,50,20,11,2021,09:55,1,17,17300,2,1,0,6,BRACQ   IMPASSE ANDRE,46.16952,-1.20337,9,2,1
202100024838,157Â 257,A01,1,1,1,1,1,-1,-1,-1,0,-1,2021,47.0,1,2,4,0,1,1,1,,1,AUTOROUTE A115,0,,1,2,0,1,10,899,2,, -1,2,0,1,70,10,8,2021,07:40,1,95,95394,1,1,1,6,A115,49.05018,2.18409,7,1,1
202100024926,157Â 107,A01,1,1,1,5,2,6,-1,0,0,-1,2021,23.0,1,1,0,6,1,0,1,,3,976,0,D,2,2,0,1,17,200,1,, -1,1,0,1,80,10,8,2021,02:25,3,30,30221,1,1,0,6,D976,44.060669,4.770641,2,1,1
202100040914,128Â 491,B01,1,1,2,9,1,0,-1,-1, -1,-1,2021,33.0,1,2,8,2,5,1,1,,4,GAMBETTA (RUE),0,,1,1,0,1,(1),(1),1,, -1,1,0,1,50,7,5,2021,14:00,1,42,42095,2,3,0,3,Rue Gambetta,45.39064,4.28978,14,3,2
202100040301,129Â 565,B01,1,1,1,1,2,8,-1,-1, -1,-1,2021,34.0,3,1,0,2,1,1,1,,4,BASSIN PLAT(CHEMIN),0,,2,2,0,1,0,0,1,, -1,1,0,1,50,11,5,2021,08:35,1,974,97416,1,1,0,1,BASSIN PLAT(CHEMIN),-21.332291,55.498153,8,5,2
202100051207,110Â 145,A01,4,2,2,4,8,-1,-1,0,0,-1,2021,30.0,1,2,0,2,4,23,1,,3,177,-1,,3,4,0,1,78,500,1,, -1,7,0,1,110,11,2,2021,19:00,3,35,35013,1,1,1,2,D177,47.693434,-2.047963,19,5,2
202100042319,125Â 979,B01,1,1,1,4,2,0,-1,-1, -1,-1,2021,39.0,0,1,0,0,0,0,1,,4,VESTREPAIN (RUE) DU 1AU 65,0,,2,2,0,1,(1),(1),1,, -1,1,0,1,30,7,4,2021,14:30,1,31,31555,2,1,0,3,VESTREPAIN (RUE) DU 1AU 65,43.58519,1.41099,14,3,2
202100044286,122Â 506,B01,1,1,1,9,1,0,-1,-1, -1,-1,2021,19.0,3,2,0,2,7,1,1,,3,PECLET (RUE),0,,2,2,0,1,0,0,1,, -1,1,9,1,50,8,4,2021,20:40,5,11,11262,2,2,0,5,PECLET (RUE),43.18746,3.01579,20,3,3
202100039288,131Â 374,A01,1,1,2,0,2,0,-1,-1, -1,-1,2021,30.0,0,1,0,0,2,1,1,,4,SAINT-HELIER,0,,-1,2,2,1,(1),(1),1,, -1,2,5,1,50,19,5,2021,14:10,1,35,35238,2,2,1,7,SAINT-HELIER,48.10698,-1.67068,14,1,1
202100035245,138Â 699,A01,1,1,1,0,2,0,-1,-1, -1,-1,2021,39.0,1,1,1,0,1,14,1,,4,ANTONIN PERRIN     (Rue),0,,2,2,0,1,(1),(1),1,, -1,1,0,1,50,10,6,2021,18:25,1,69,69266,2,1,0,7,ANTONIN PERRIN  (R),45.75728,4.88524,18,2,1