Num_Acc,id_vehicule,num_veh,place,catu,sexe,trajet,secu1,secu2,secu3,locp,actp,etatp,year_acc,victim_age,senc,catv,obs,obsm,choc,manv,motor,occutc,catr,voie,v1,v2,circ,nbv,vosp,prof,pr,pr1,plan,lartpc,larrout,surf,infra,situ,vma,jour,mois,an,hrmn,lum,dep,com,agg_,int,atm,col,adr,lat,long,hour,nb_victim,nb_vehicules
202100020436,165Â 109,B01,1,1,2,1,1,-1,-1,-1,0,-1,2021,31.0,2,2,0,2,4,2,1,,3,RD 170,0,,3,6,0,2,1,0,1,, -1,1,0,1,90,7,9,2021,08:45,1,95,95582,1,1,0,2,RD 170,48.96443,2.26867,8,2,2
202100046095,119Â 363,A01,1,1,1,2,8,-1,-1,-1, -1,-1,2021,19.0,2,1,0,2,1,1,5,,4,CHABAUD (RUE),0,,1,1,0,1,(1),(1),1,, -1,1,0,1,50,29,3,2021,08:05,1,51,51454,2,3,0,3,Rue Chabaud,49.2502238437,4.0268394078,8,2,2
202100025365,156Â 320,A01,1,1,2,1,1,-1,-1,0,0,-1,2021,63.0,1,5,8,0,1,1,1,,4,,-1,,2,1,0,1,(1),(1),1,,3,1,0,1,80,3,8,2021,18:45,1,31,31426,1,1,0,6,Rue de la BarriÃ¨re,43.08813,0.63276,18,1,1
202100045521,120Â 375,A01,1,1,2,0,1,-1,-1,-1, -1,-1,2021,62.0,1,2,0,2,4,1,1,,1,AUTOROUTE A 63,0,,3,1,0,1,7,574,1,, -1,1,0,1,50,2,4,2021,08:45,1,33,33122,1,1,0,3,AUTOROUTE A 63,44.74642,-0.70295,8,2,2
202100046302,119Â 015,A01,1,1,1,5,2,-1,-1,0,0,-1,2021,70.0,2,1,0,2,2,17,1,,3,114,-1,,2,2,0,1,1,730,1,, -1,1,0,1,50,28,3,2021,12:00,1,66,66008,2,4,0,3,18 Route d'Elne,42.551161301,3.0174118947,12,3,2
202100022179,161Â 996,A01,1,1,1,9,0,-1,-1,0,0,-1,2021,16.0,1,5,16,0,9,13,1,,3,10,0,A,2,2,0,1,6,385,2,, -1,1,0,1,90,29,8,2021,05:00,3,988,98829,1,1,0,7,RPS10 THIO,-21.590275,166.155993,5,1,1
202100019733,166Â 373,B01,1,1,1,5,2,8,-1,-1, -1,-1,2021,48.0,0,1,0,2,1,19,5,,4,COMMUNE DE PARIS (AV DE LA),0,,2,2,0,1,1,0,1,, -1,1,0,1,50,10,9,2021,12:40,1,94,94081,2,2,0,3,COMMUNE DE PARIS (AV DE LA),48.78506,2.38846,12,2,2
202100020334,165Â 288,A01,1,1,1,9,2,6,-1,0,0,-1,2021,33.0,2,1,0,2,7,17,1,,4,BOULEVARD DES ITALIENS,0,,1,2,0,1,(1),(1),1,, -1,1,5,1,30,7,9,2021,14:05,1,75,75102,2,3,0,3,BOULEVARD DES ITALIENS,48.871624,2.338073,14,2,2
202100013026,178Â 465,A01,1,1,1,1,0,-1,-1,-1, -1,-1,2021,59.0,3,1,4,0,1,1,5,,7,CHARLES DE GAULLE                   (AV),0,,1,2,0,1,0,300,3,, -1,1,1,1,50,15,10,2021,10:30,1,69,69259,2,1,0,6,CHARLES DE GAULLE (AV),45.71954,4.88845,10,1,1
202100046017,119Â 503,B01,1,1,1,5,2,-1,-1,0,0,-1,2021,70.0,2,1,0,2,8,1,5,,3,20,-1,,2,2,0,2,4,425,1,, -1,1,0,1,50,31,3,2021,10:09,1,25,25623,2,9,1,3,GRANDE RUE,47.226009,6.441797,10,2,2
202100037210,135Â 169,B01,1,1,2,0,1,8,-1,-1, -1,-1,2021,63.0,1,2,0,2,4,2,1,,7,SCHIRMECK (ROUTE DE),0,,2,3,3,1,54,800,1,, -1,1,0,1,50,28,5,2021,19:40,1,67,67482,2,1,0,2,SCHIRMECK (ROUTE DE),48.572047,7.713968,19,2,2
202100029213,149Â 539,A01,1,1,1,5,1,-1,-1,0,0,-1,2021,76.0,3,2,15,0,0,1,1,,4,3,0,C,2,2,0,1,(1),(1),1,, -1,2,0,3,50,14,7,2021,00:10,3,58,58040,2,1,1,6,Brienne,47.001172,3.688547,0,1,1
202100049441,113Â 386,A01,1,1,1,0,1,-1,-1,0,0,-1,2021,33.0,2,2,0,2,1,5,1,,3,1001,0,D,2,2,0,1,64,700,1,, -1,2,0,1,80,4,3,2021,08:30,1,80,80078,1,1,0,1,DÃPARTEMENTALE 1001,50.0866018796,1.904604435,8,2,2
202100006868,189Â 509,A01,1,1,1,0,1,-1,-1,0,0,-1,2021,83.0,3,2,2,0,3,1,1,,4,,-1,,-1,1,0,2,(1),(1),3,, -1,6,0,1,50,23,11,2021,08:00,3,10,10304,1,1,0,6,Les Essarts,48.417342,4.461581,8,1,1
202100016013,173Â 039,B01,1,1,1,5,2,-1,-1,0,0,-1,2021,58.0,0,1,0,2,3,1,5,,3,84,0,D,2,2,0,1,5,570,1,, -1,1,0,1,80,30,9,2021,15:30,1,27,27185,1,2,0,3,D84,49.21103,0.977086,15,2,2
202100034918,139Â 291,A01,10,3,1,1,0,-1,-1,3,3,1,2021,62.0,2,2,0,1,3,1,1,,3,407,0,,2,2,0,2,0,0,1,, -1,1,2,1,50,11,6,2021,09:25,1,92,92072,2,3,1,6,VILLE D'AVRAY (RUE DE ),48.8259436277,2.2002455592,9,2,1
202100046922,117Â 902,A01,1,1,2,5,1,0,-1,-1, -1,-1,2021,55.0,2,2,0,2,4,23,1,,1,VA007333 LA FAOURETTE A620 Sortie 26,0,,-1,0,0,1,9,859,1,, -1,1,0,1,90,10,3,2021,21:43,3,31,31555,2,1,0,5,VA007333 LA FAOURETTE A620 Sortie 26,43.57395,1.40986,21,3,3
202100045394,120Â 590,A01,1,1,1,1,2,0,-1,-1, -1,-1,2021,26.0,3,1,0,0,0,1,3,,4,BONNIN (AVENUE JEAN),0,,2,2,0,1,(1),(1),1,, -1,1,0,1,50,1,4,2021,08:30,1,37,37233,2,6,0,7,BONNIN (AVENUE JEAN),47.39556789,0.71073867,8,1,1
202100006968,189Â 309,A01,1,1,1,9,1,-1,-1,0,0,-1,2021,89.0,2,2,0,2,1,5,1,,1,62,0,A,1,4,0,1,223,107,1,, -1,1,0,1,110,22,11,2021,15:48,1,31,31022,1,1,0,1,A62 Pk 223.300,43.669951,1.419339,15,2,2
202100012998,178Â 512,A01,9,2,2,5,1,-1,-1,0,0,-1,2021,18.0,1,2,0,2,3,17,1,,2,31,0,N,2,2,0,1,48,800,1,, -1,1,0,1,50,16,10,2021,05:45,5,76,76312,2,1,1,1,Boulevard de Verdun,49.4853747157,1.7283539265,5,6,2
202100038881,132Â 128,A01,1,1,1,0,2,8,-1,-1, -1,-1,2021,29.0,1,1,12,0,1,1,1,,3,ROUTE DEPARTEMENTALE 3,0,,2,2,0,2,0,699,3,, -1,1,0,1,50,20,5,2021,15:45,1,972,97213,1,1,0,6,ROUTE DEPARTEMENTALE 3,14.5995452657,-60.9971380236,15,1,1
202100028048,151Â 576,A01,2,2,2,5,8,-1,-1,0,0,-1,2021,46.0,1,2,0,0,1,0,1,,3,,-1,,2,2,0,1,26,272,1,, -1,2,0,3,80,21,7,2021,01:15,3,66,66171,1,1,0,7,D81,42.60113,3.02403,1,2,1
202100009172,185Â 318,A01,2,2,1,5,1,-1,-1,0,0,-1,2021,20.0,2,2,8,0,2,1,1,,3,26,0,,2,2,0,1,0,500,1,, -1,2,0,3,50,7,11,2021,03:25,5,45,45252,2,1,1,6,Route de Puiseaux,48.178421,2.259471,3,4,1
202100007266,188Â 769,B01,1,1,1,5,1,0,-1,-1, -1,-1,2021,28.0,1,2,0,2,4,2,1,,2,RN136,0,,3,6,0,2,14,899,1,, -1,1,0,1,90,19,11,2021,18:30,3,35,35238,1,1,0,2,RN136,48.1138399691,-1.7187714279,18,4,2
202100028309,151Â 092,B01,1,1,1,0,0,0,-1,-1, -1,-1,2021,88.0,2,1,0,2,1,26,0,,7,CHATEAU DOUBLE (BD),0,,4,1,0,1,1,0,2,, -1,1,0,1,50,18,7,2021,08:45,1,13,13001,2,6,0,3,CHATEAU DOUBLE (BD),43.53186,5.42373,8,2,2
202100034436,140Â 179,A01,1,1,2,1,2,0,-1,0,0,-1,2021,48.0,1,1,0,2,8,1,3,,4,QUAI DE LA RAPEE,0,,1,3,1,1,(1),(1),3,, -1,1,0,1,50,14,6,2021,10:20,1,75,75112,2,1,0,3,QUAI DE LA RAPEE,48.84635,2.366721,10,2,2
202100024152,158Â 487,B01,8,2,2,3,8,0,-1,-1, -1,-1,2021,54.0,1,3,0,2,3,9,0,8.0,3,BD DE CRETEIL,0,,1,2,0,1,1,0,1,, -1,1,0,1,30,13,8,2021,12:05,1,94,94068,2,4,0,3,Boulevard de CrÃ©teil,48.80042,2.47181,12,9,2
202100009517,184Â 702,B01,1,1,1,1,2,6,9,0,0,-1,2021,18.0,2,1,0,0,0,17,1,,3,35,-1,,2,2,0,1,3,480,2,, -1,1,0,1,80,5,11,2021,08:48,1,13,13010,1,1,0,7,RD 35,43.899033,4.722866,8,2,2
202100029891,148Â 368,A01,1,1,1,5,1,-1,-1,0,0,-1,2021,77.0,1,2,0,2,3,1,1,,3,751,-1,,2,2,0,2,57,620,1,, -1,1,0,1,90,8,7,2021,13:00,1,37,37067,1,1,0,1,,47.2529733248,0.4543083208,13,3,2
202100015638,173Â 720,A01,1,1,1,1,2,0,-1,0,0,-1,2021,58.0,1,1,0,0,0,19,1,,4,AVENUE DE LA PORTE D ASNIERES,0,,2,6,0,1,(1),(1),1,, -1,1,0,1,30,1,10,2021,10:00,1,75,75117,2,2,0,7,AVENUE DE LA PORTE D ASNIERES,48.891817,2.301619,10,1,1
202100007222,188Â 845,A01,10,3,1,2,0,-1,-1,4,3,1,2021,16.0,1,2,0,1,1,1,1,,3,METZ (RUE DE),0,,-1,2,0,1,15,70,1,, -1,1,0,1,50,18,11,2021,07:34,5,57,57283,2,1,0,6,METZ (RUE DE),49.24468,6.16999,7,2,1
202100027733,152Â 141,B01,1,1,2,9,2,0,-1,-1, -1,-1,2021,23.0,1,1,0,2,3,1,1,,4,PAUL BERT,0,,-1,2,0,1,1,0,1,, -1,1,0,1,50,10,7,2021,10:23,1,49,49007,2,1,0,3,PAUL BERT,47.46548,-0.55062,10,2,2
202100025989,155Â 224,A01,1,1,1,0,8,0,-1,-1, -1,-1,2021,42.0,2,1,0,2,1,19,5,,3,BILINA (QUAI),0,,2,2,0,1,0,530,1,, -1,1,0,1,50,31,7,2021,17:05,1,30,30007,2,3,0,3,BILINA (QUAI),44.13051,4.07222,17,2,2
202100001435,199Â 216,A01,1,1,2,5,1,-1,-1,-1,0,-1,2021,42.0,2,2,4,0,1,1,1,,1,AUTOROUTE A15,0,,1,1,0,1,21,0,3,, -1,1,3,1,50,25,12,2021,13:28,1,95,95572,1,1,0,6, A15,49.0308598442,2.1211767197,13,1,1
202100037293,135Â 011,C01,4,2,1,4,1,0,-1,0,0,-1,2021,58.0,1,2,1,2,4,24,1,,4,RUE DE BERCY,0,,2,3,3,1,(1),(1),1,, -1,1,0,6,50,31,5,2021,00:01,5,75,75112,2,1,0,5,RUE DE BERCY,48.843446,2.373902,0,10,4
202100040880,128Â 553,B01,1,1,2,5,1,0,-1,-1, -1,-1,2021,36.0,1,2,0,2,4,2,1,,3,118,0,,2,2,0,1,0,0,1,, -1,1,0,1,50,7,5,2021,19:20,1,91,91432,2,1,0,2,AV CHARLES DE GAULLE,48.705375,2.343757,19,2,2
202100005672,191Â 659,A01,2,2,1,0,3,8,-1,-1, -1,-1,2021,9.0,1,2,2,0,1,0,1,,4,,0,,2,2,0,1,0,0,1,, -1,1,0,1,50,28,11,2021,19:30,5,92,92036,2,2,0,6,LUCETTE MAZALAIGUE,48.933507296,2.2869560122,19,2,1
202100019459,166Â 857,B01,2,2,1,5,0,-1,-1,0,0,-1,2021,15.0,2,1,0,2,1,5,1,,4,1,0,,2,2,0,1,0,451,2,, -1,1,0,1,50,9,5,2021,16:29,1,38,38545,2,1,0,1,Route de Fontagneux,45.04858,5.676725,16,5,2
202100047982,115Â 974,A01,10,3,1,5,0,-1,-1,0,1,1,2021,67.0,1,2,0,9,2,0,1,,3,604,-1,,2,2,0,1,3,500,1,, -1,2,0,1,90,16,3,2021,15:45,1,57,57168,1,1,1,6,D604,48.767071,7.294408,15,2,1
202100019550,166Â 688,A01,1,1,1,5,2,6,9,0,0,-1,2021,52.0,1,1,0,2,1,1,1,,2,30,-1,,2,2,0,1,6,200,1,, -1,1,0,1,70,11,9,2021,13:30,1,202,202150,1,1,0,2,Route de calvi,42.563575131,8.8073980801,13,2,2
202100010696,182Â 604,A01,4,2,1,5,8,-1,-1,-1, -1,-1,2021,20.0,3,2,0,0,9,17,1,,4,ELISEE RECLUS                       (R ),0,,2,2,1,1,(1),(1),3,, -1,1,0,5,50,27,10,2021,13:00,1,69,69275,2,1,0,7,ELISEE RECLUS (R),45.75492,4.95152,13,4,1
202100002066,198Â 104,A01,1,1,1,5,1,-1,-1,0,0,-1,2021,25.0,2,2,1,0,1,13,1,,3,794,-1,,2,2,0,3,64,0,2,, -1,1,0,3,70,21,12,2021,21:55,3,35,35172,1,1,0,7,Lauviais,48.4197087682,-1.8693360686,21,1,1
202100055979,101Â 830,A01,10,3,1,2,0,0,0,2,3,2,2021,8.0,1,2,0,1,2,1,0,,3,16,-1,,2,2,0,1,38,670,1,, -1,1,0,1,50,8,1,2021,12:05,1,61,61161,2,1,0,6,14 Rue Emile Combes,48.803013,0.10403,12,2,1
202100049529,113Â 226,B01,1,1,1,5,8,0,-1,0,0,-1,2021,57.0,1,1,0,2,1,1,5,,4,COURS DE VINCENNES,0,,1,1,0,1,(1),(1),1,, -1,1,0,1,30,2,3,2021,16:30,1,75,75112,2,2,0,3,COURS DE VINCENNES,48.847801,2.39909,16,2,2
202100009814,184Â 154,A01,1,1,1,1,1,0,-1,-1, -1,-1,2021,46.0,0,2,3,0,3,16,1,,2,RN 186,0,,1,1,0,1,0,0,3,, -1,2,3,1,70,2,11,2021,04:50,5,94,94065,1,9,1,7,RN 186,48.75316,2.36707,4,1,1
202100036706,136Â 099,A01,1,1,1,1,2,6,9,0,0,-1,2021,47.0,2,1,12,0,1,16,1,,3,809,0,,2,2,0,2,21,95,3,, -1,8,0,1,50,3,6,2021,18:05,1,48,48009,2,6,0,6,Route du Languedoc,44.71357,3.285502,18,1,1
202100026590,154Â 175,A01,9,2,2,5,1,-1,-1,0,0,-1,2021,8.0,1,2,0,2,1,0,1,,3,958,-1,,2,2,0,1,(1),(1),1,, -1,1,0,1,80,29,7,2021,23:15,3,59,59571,1,1,0,1,D958,50.196216,3.50074,23,4,2
202100036932,135Â 689,B01,1,1,1,0,2,-1,-1,-1, -1,-1,2021,39.0,1,1,0,2,1,2,1,,1,A7-Sens Lyon vers Marseille,0,,1,2,0,1,265,0,1,, -1,2,0,1,90,2,6,2021,07:55,1,13,13071,1,1,1,2,A7-Sens Lyon vers Marseille,43.41411,5.27956,7,3,2
202100054303,104Â 693,B01,1,1,1,5,1,0,-1,-1, -1,-1,2021,22.0,1,2,0,2,4,2,1,,1,A4,0,,3,3,0,1,12,750,1,, -1,1,0,1,110,20,1,2021,16:00,1,93,93051,1,1,0,4,A4,48.83641,2.54888,16,4,3
202100055952,101Â 872,A01,10,3,1,5,0,-1,-1,1,3,1,2021,60.0,1,5,0,1,4,4,1,,4,CHANDIGARH (R),0,,2,2,0,1,0,1,1,, -1,2,0,1,30,7,1,2021,15:10,1,94,94054,2,1,1,6,CHANDIGARH (R),48.74647,2.41626,15,2,1
202100044144,122Â 770,A01,2,2,1,5,1,8,-1,-1, -1,-1,2021,29.0,1,2,13,0,2,15,1,,4,SAINT-EXUPERY (RUE ANTOINE),0,,2,2,0,1,(1),(1),1,, -1,1,0,3,50,12,4,2021,20:06,2,56,56121,2,4,0,6,SAINT-EXUPERY (RUE ANTOINE),47.7624224,-3.40299099,20,2,1
202100028395,150Â 956,B01,2,2,2,1,1,-1,-1,0,0,-1,2021,17.0,1,2,7,2,8,1,1,,2,88,-1,,2,2,0,1,68,170,1,, -1,1,0,1,80,19,7,2021,15:00,1,48,48055,1,1,0,1,RN88,44.488974,3.381493,15,6,2
202100023090,160Â 340,A01,1,1,1,5,2,6,-1,0,0,-1,2021,25.0,0,1,0,0,7,1,1,,4,MOLINES  ( ROUTE DE ),0,,2,1,0,2,0,1,2,, -1,9,0,1,50,23,7,2021,12:45,1,5,5061,2,1,0,7,MOLINES  ( ROUTE DE ),44.559928,6.097333,12,1,1
202100049999,112Â 371,A01,1,1,1,5,2,6,-1,-1, -1,-1,2021,17.0,2,1,0,2,2,17,1,,7,GODILLOT  ( AVENUE ALEXIS ),0,,2,2,0,2,106,200,1,, -1,1,0,1,50,26,2,2021,12:00,1,83,83069,2,1,0,3,GODILLOT  ( AVENUE ALEXIS ),43.115392,6.123066,12,2,2
202100031639,145Â 200,A01,1,1,2,5,0,-1,-1,0,0,-1,2021,52.0,1,1,0,2,1,19,5,,3,901,0,,2,2,0,1,(1),(1),1,, -1,1,0,1,80,29,6,2021,20:50,1,84,84062,1,1,0,3,Route Departementale 901,43.889742,5.095682,20,2,2
202100010506,182Â 946,A01,1,1,2,9,1,8,-1,-1, -1,-1,2021,21.0,2,2,0,2,1,2,1,,2,RAUSKI,0,,2,2,0,1,40,134,1,, -1,1,0,1,50,28,10,2021,16:55,1,64,64284,2,1,0,4,RAUSKI,43.26433,-0.38993,16,3,3
202100030243,147Â 706,A01,10,3,2,0,0,-1,-1,2,3,1,2021,61.0,2,4,0,1,1,1,1,,3,FONTAINEBLEAU (AV DE),0,,4,5,3,1,1,0,1,, -1,1,5,1,30,6,7,2021,12:40,1,94,94043,2,1,0,6,Avenue de Fontainebleau,48.80862,2.36271,12,2,1
202100031794,144Â 928,A01,1,1,1,5,2,6,-1,0,0,-1,2021,61.0,1,1,13,0,1,1,1,,3,430,0,,2,2,0,2,11,600,2,, -1,2,0,3,80,29,6,2021,10:30,1,68,68247,1,1,1,6,D430,47.929068,7.019899,10,1,1
202100039186,131Â 582,A01,10,3,1,0,0,-1,-1,3,3,1,2021,84.0,2,4,0,1,1,9,1,,3,678,0,D,2,2,0,1,33,800,2,, -1,2,9,1,50,21,5,2021,16:00,1,71,71263,2,6,1,6,Rond-Point de la 1re ArmÃ©e FranÃ§aise (Pelouse),46.628085,5.221337,16,2,1
202100000830,200Â 244,A01,10,3,2,2,0,-1,-1,2,3,1,2021,16.0,3,2,0,1,1,1,1,,4,POLITZER (RUE GEORGES),0,,1,2,0,1,(1),(1),1,, -1,1,0,1,50,15,12,2021,08:25,2,27,27229,2,1,0,6,POLITZER (RUE GEORGES),49.00601,1.14307,8,3,1
202100050923,110Â 652,A01,1,1,1,9,8,0,-1,0,0,-1,2021,47.0,1,1,0,2,1,16,5,,4,BOULEVARD SAINT MARCEL,0,,4,4,3,1,(1),(1),1,, -1,1,-1,6,50,19,2,2021,12:50,1,75,75105,2,2,0,3,BOULEVARD SAINT MARCEL,48.83839,2.357027,12,2,2
202100043048,124Â 727,B01,1,1,1,0,2,0,-1,0,0,-1,2021,65.0,1,1,0,2,1,21,1,,3,"SOLEIL (PROMENADE DU, NÂ° 2 A 848))",0,,2,2,0,1,3,1002,1,, -1,1,0,1,30,22,4,2021,16:15,1,6,6083,2,2,0,3,"SOLEIL (PROMENADE DU, NÂ° 2 A 848))",43.767317,7.489885,16,2,2
202100018241,169Â 003,A01,1,1,1,3,0,-1,-1,0,0,-1,2021,64.0,3,2,0,0,2,1,1,,4,,-1,,1,1,0,1,(1),(1),1,, -1,2,0,8,50,18,9,2021,12:15,1,33,33155,2,1,1,7,Lieu Dit Cabanac,44.330671,-0.229919,12,1,1
202100029068,149Â 786,A01,1,1,2,5,1,4,-1,-1, -1,-1,2021,52.0,2,2,4,0,3,1,1,,1,A86 INT,0,,1,3,0,1,45,200,3,, -1,2,0,1,70,13,7,2021,22:45,3,94,94073,1,1,1,6,A86 INT,48.7698097869,2.3803961277,22,1,1
202100055089,103Â 344,A01,10,3,2,1,0,-1,-1,2,3,1,2021,22.0,1,2,0,1,2,1,1,,4,POMPIDOU (AVENUE DU PRESIDENT),0,,2,2,0,1,0,0,1,, -1,2,0,1,50,14,1,2021,08:00,5,92,92063,2,1,1,6,POMPIDOU (AVENUE DU PRESIDENT),48.8709782107,2.1951319277,8,2,1
202100023832,159Â 029,B01,1,1,1,0,2,0,-1,-1, -1,-1,2021,17.0,2,1,0,2,4,2,1,,1,14,0,,1,2,0,1,1,450,1,, -1,1,1,2,70,16,8,2021,17:02,1,92,92062,1,1,0,2,A14,48.892501,2.234986,17,2,2
202100037254,135Â 088,A01,1,1,1,5,1,0,-1,-1, -1,-1,2021,75.0,2,2,6,0,1,21,1,,3,ROUTE DE LA SERRE DE CAZAUX,0,,2,2,0,2,21,600,1,, -1,1,0,3,50,3,5,2021,16:55,1,31,31483,2,1,0,7,ROUTE DE LA SERRE DE CAZAUX,43.123376,0.72559,16,1,1
202100001898,198Â 405,A01,1,1,1,1,1,0,-1,-1, -1,-1,2021,42.0,1,2,0,2,1,13,1,,2,RN 296,0,,2,2,0,2,0,0,2,, -1,7,0,1,30,21,12,2021,06:15,5,13,13001,2,1,0,1,RN 296,43.529956,5.428471,6,3,2
202100035066,139Â 016,B01,2,2,2,3,2,0,-1,0,0,-1,2021,36.0,1,1,0,2,5,1,1,,4,AVENUE PIERRE MENDES FRANCE,0,,2,4,3,2,(1),(1),1,, -1,1,0,1,50,11,6,2021,20:30,1,75,75113,2,1,0,3,AVENUE PIERRE MENDES FRANCE,48.841201,2.368147,20,3,2
202100003857,194Â 860,A01,1,1,2,9,8,8,-1,-1, -1,-1,2021,22.0,1,1,0,1,3,1,5,,4,,0,,1,1,0,1,0,0,1,, -1,1,0,1,30,9,12,2021,10:11,1,92,92049,2,1,0,6,PELLETAN RUE CAMILLE,48.8167489746,2.3094651103,10,2,1
202100039976,130Â 135,A01,1,1,2,3,2,8,-1,-1, -1,-1,2021,25.0,1,1,0,0,8,1,1,,3,,0,,-1,0,0,1,0,0,1,, -1,2,0,1,50,14,5,2021,13:10,1,92,92040,2,1,1,7,Rue Aristide Briand,48.8211922432,2.2564596543,13,1,1
202100032982,142Â 798,A01,4,2,2,0,1,0,-1,-1, -1,-1,2021,16.0,2,2,0,2,4,0,1,,1,A7-Sens Marseille vers Lyon,0,,1,3,0,1,274,0,1,, -1,1,0,1,90,21,6,2021,16:15,1,13,13215,1,1,0,2,A7-Sens Marseille vers Lyon,43.3724,5.36125,16,4,2
202100053068,106Â 863,A01,10,3,1,2,0,-1,-1,5,3,1,2021,12.0,1,2,0,1,3,1,1,,4,AMITIE (AVENUE DE L'),0,,2,2,0,1,0,0,1,, -1,1,0,1,50,29,1,2021,12:00,1,13,13005,2,1,0,6,AMITIE (AVENUE DE L'),43.28191,5.54727,12,3,1
202100022037,162Â 239,B01,2,2,2,5,1,-1,-1,-1, -1,-1,2021,59.0,2,2,4,2,4,2,2,,1,A42     0.560 A 4.020,0,,3,4,0,1,2,200,1,,7,1,0,1,90,29,8,2021,01:30,3,69,69256,1,1,0,2,A42,45.7930081232,4.9185144424,1,3,2
202100052534,107Â 814,B01,1,1,1,5,2,6,-1,-1, -1,-1,2021,22.0,2,1,0,2,1,1,1,,4,GUYNEMER (AVENUE G.),0,,2,2,2,1,(1),(1),1,, -1,2,0,1,50,31,1,2021,14:20,1,62,62193,2,2,0,3,GUYNEMER (AVENUE G.),50.95137,1.89258,14,3,2
202100012620,179Â 154,B01,1,1,1,5,2,6,-1,-1, -1,-1,2021,47.0,0,1,0,2,8,5,1,,4,PRE GAUDRY (DU)                     (R ),0,,2,2,2,1,(1),(1),1,, -1,1,0,1,50,17,10,2021,12:30,1,69,69387,2,2,0,3,PRE GAUDRY (DU) (R),45.73816,4.83771,12,2,2
202100005439,192Â 073,A01,1,1,1,1,0,-1,-1,0,0,-1,2021,46.0,0,4,12,0,0,1,1,,7,637,-1,,3,2,0,1,1,500,1,, -1,1,0,1,50,30,11,2021,13:30,1,35,35189,1,1,0,7,Boulevard d Emeraude,48.156446,-1.708573,13,1,1
202100025211,156Â 601,A01,1,1,1,5,2,6,-1,0,0,-1,2021,17.0,1,1,0,2,1,13,1,,3,27,0,,2,2,0,1,48,50,3,, -1,1,2,1,80,8,8,2021,16:50,1,42,42073,1,1,0,1,Route des Collines,45.783159,4.315428,16,3,2
202100024512,157Â 845,B01,1,1,1,0,2,0,-1,-1, -1,-1,2021,74.0,1,1,0,2,0,0,1,,3,CHANTACO (AVENUE DE ),0,,2,2,0,1,2,158,1,, -1,1,0,1,50,12,8,2021,10:30,1,64,64483,2,1,0,3,CHANTACO (AVENUE DE ),43.38,-1.64,10,2,2
202100011212,181Â 691,A01,10,3,2,5,0,-1,-1,1,1,2,2021,19.0,1,2,0,1,2,1,1,,3,RN 21,0,,2,2,0,2,2,700,2,, -1,1,0,1,50,23,10,2021,13:15,1,47,47215,1,1,0,6,RD 821,44.35901,0.7057,13,2,1
202100052788,107Â 366,A01,2,1,1,5,8,0,-1,-1, -1,-1,2021,19.0,3,1,0,2,1,5,1,,4,NARVAL RUE DE,0,,2,2,0,2,(1),(1),1,, -1,1,0,1,50,1,2,2021,14:30,1,13,13056,2,1,0,1,NARVAL RUE DE,43.420571,5.045839,14,2,2
202100049840,112Â 655,B01,1,1,1,9,1,8,-1,-1, -1,-1,2021,52.0,1,5,0,2,3,2,1,,7,Autoroute A.35,0,,3,3,0,1,309,600,1,, -1,1,0,1,90,27,2,2021,12:20,1,67,67218,1,1,0,2,M35,48.53249,7.69696,12,3,2
202100043182,124Â 474,A01,1,1,1,9,1,-1,-1,-1, -1,-1,2021,28.0,1,1,1,2,7,17,1,,4,MORGIOU (chemin de ),0,,2,2,0,1,(1),(1),1,, -1,1,0,1,50,21,4,2021,19:45,5,13,13209,2,1,0,3,MORGIOU (chemin de ),43.23391,5.411946,19,2,2
202100003065,196Â 282,A01,1,1,1,0,2,-1,-1,-1, -1,-1,2021,53.0,3,1,0,0,0,26,1,,4,JULES GUESDE                        (AV),0,,1,2,0,2,(1),(1),3,, -1,1,0,1,50,13,12,2021,15:47,1,69,69259,1,9,0,7,JULES GUESDE (AV),45.72085,4.88543,15,1,1
202100007896,187Â 623,B01,1,1,2,0,0,-1,-1,0,0,-1,2021,48.0,3,2,13,0,8,19,1,,3,12,-1,,2,2,0,3,14,800,1,,4,2,0,1,80,16,11,2021,19:10,3,42,42318,1,2,1,3,Route de Brandy,45.353862,3.913453,19,3,2
202100053681,105Â 781,A01,10,3,2,5,0,-1,-1,3,3,1,2021,58.0,1,2,0,1,3,1,1,,7,69,-1,,3,2,0,1,45,(1),1,, -1,1,0,8,50,25,1,2021,17:30,2,44,44035,2,6,1,6,Rue de SucÃ©,47.303189,-1.546669,17,2,1
202100018154,169Â 162,B01,1,1,1,5,2,6,-1,-1, -1,-1,2021,16.0,3,1,0,0,0,15,1,,4,BERRY (AVENUE),0,,1,1,0,2,0,0,2,, -1,2,9,1,50,18,9,2021,18:25,1,23,23096,2,9,1,6,BERRY (AVENUE),46.17764,1.87764,18,2,2
202100026415,154Â 479,A01,10,3,1,5,0,-1,-1,3,3,1,2021,80.0,0,2,0,1,1,15,1,,4,MARECHAL DE LATTRE DE TASSIGNY (RUE),0,,2,2,0,1,(1),(1),1,, -1,1,0,1,50,27,7,2021,22:40,5,89,89387,2,3,0,6,Rue Mal de Lattre de Tassigny,48.19673,3.30525,22,2,1
202100040892,128Â 534,A01,10,3,1,3,0,-1,-1,3,3,1,2021,77.0,2,2,0,1,1,1,1,,3,TARARE (route de),0,,2,2,0,1,2,396,1,, -1,2,0,1,50,7,5,2021,09:00,1,69,69092,1,1,1,6,TARARE (DE) (RTE),45.9809990383,4.6936297417,9,3,1