Num_Acc,id_vehicule,num_veh,place,catu,sexe,trajet,secu1,secu2,secu3,locp,actp,etatp,year_acc,victim_age,senc,catv,obs,obsm,choc,manv,motor,occutc,catr,voie,v1,v2,circ,nbv,vosp,prof,pr,pr1,plan,lartpc,larrout,surf,infra,situ,vma,jour,mois,an,hrmn,lum,dep,com,agg_,int,atm,col,adr,lat,long,hour,nb_victim,nb_vehicules
202100045853,119Â 794,A01,1,1,1,0,1,-1,-1,0,0,-1,2021,82.0,2,2,0,0,4,1,1,,7,523,0, -,2,2,1,1,4,654,1,, -1,1,0,1,50,1,4,2021,09:15,1,38,38271,2,1,0,2,Rue Charles de Gaulle,45.193164,5.819879,9,2,2
202100007223,188Â 844,A01,10,3,1,3,0,-1,-1,4,3,1,2021,58.0,2,2,0,1,2,1,1,,3,PONTIVY(BOULEVARD DE),0,,2,2,0,2,1,83,1,, -1,2,0,1,70,19,11,2021,07:30,2,56,56260,1,1,0,6,PONTIVY (BOULEVARD DE),47.677065,-2.774265,7,2,1
202100028042,151Â 588,B01,1,1,1,1,2,6,-1,0,0,-1,2021,27.0,1,1,0,2,1,2,1,,2,2,-1,,2,2,0,4,(1),(1),1,, -1,1,0,1,-1,20,7,2021,17:15,1,971,97129,1,3,0,1,Nogent,16.353219,-61.734458,17,4,2
202100022511,161Â 390,B01,2,2,1,5,2,6,9,0,0,-1,2021,29.0,2,1,0,2,2,1,1,,3,606,0,D,2,3,0,1,12,60,3,, -1,1,0,1,90,26,8,2021,14:50,1,89,89456,1,2,0,1,D606,48.30202,3.183353,14,3,2
202100015832,173Â 375,B01,1,1,1,1,1,-1,-1,0,0,-1,2021,16.0,3,2,0,2,1,13,3,,7,57,0,B,2,2,0,1,(1),(1),1,, -1,1,0,1,80,1,9,2021,08:40,1,13,13079,1,1,0,1,Chemin DÃ©partemental 57 b,43.508176,5.650406,8,2,2
202100008072,187Â 304,B01,1,1,1,9,2,0,-1,-1, -1,-1,2021,27.0,1,1,0,2,1,1,1,,4,,0,,2,2,0,2,0,0,1,, -1,2,0,1,50,14,11,2021,18:19,5,92,92007,2,7,1,3,PORT GALAND (RUE DU),48.7887099522,2.3163731396,18,2,2
202100050442,111Â 536,A01,10,3,2,0,0,-1,-1,3,3,3,2021,25.0,3,2,0,1,8,1,1,,4,TISON (BOULEVARD),0,,2,2,0,2,(1),(1),1,, -1,1,0,1,50,21,2,2021,11:45,1,86,86194,2,1,0,6,Boulevard Tison,46.575352,0.338395,11,2,1
202100012113,180Â 059,A01,1,1,2,5,8,-1,-1,0,0,-1,2021,36.0,2,2,13,0,1,17,1,,3,93,0,,2,2,0,1,18,0,2,, -1,2,0,1,80,20,10,2021,17:15,1,45,45085,1,1,1,6,Faubourg de Montargis,47.828999,2.844656,17,1,1
202100032174,144Â 242,A01,1,1,1,9,1,-1,-1,0,0,-1,2021,27.0,1,2,13,0,2,14,1,,3,992,0,,2,2,0,1,14,180,3,, -1,2,0,3,90,27,6,2021,06:22,2,12,12243,1,1,0,6,D992,44.02743,2.965,6,1,1
202100021762,162Â 727,A01,1,1,1,9,2,6,-1,-1, -1,-1,2021,21.0,1,1,0,2,1,2,1,,4,BELLON (RUE DU SOLDAT),0,,3,2,0,1,0,0,1,, -1,1,0,1,30,30,8,2021,13:30,1,83,83069,2,9,0,3,BELLON (RUE DU SOLDAT),43.118312354,6.1276425266,13,2,2
202100030585,147Â 085,B01,2,2,2,5,1,0,-1,-1, -1,-1,2021,23.0,1,2,0,2,1,1,1,,7,NATIONALE 8 DE PARIS A TOULON (ROUTE),0,,2,3,0,1,0,0,2,, -1,1,0,1,50,3,7,2021,23:30,3,13,13005,2,9,0,6,NATIONALE 8 DE PARIS A TOULON (ROUTE),43.28704,5.5844,23,5,2
202100043833,123Â 334,A01,7,2,1,5,8,-1,-1,0,0,-1,2021,18.0,1,2,2,0,5,14,1,,3,,0,D,2,2,0,1,18,178,2,, -1,1,0,3,-1,17,4,2021,03:00,3,85,85101,1,1,0,6,La BouchetiÃ¨re,46.494223,-1.396825,3,5,1
202100035242,138Â 704,A01,1,1,1,0,8,0,-1,-1, -1,-1,2021,12.0,3,1,0,9,1,19,5,,4,TOURNELLES (RUE DES),0,,2,2,0,1,0,0,1,, -1,1,0,1,50,10,6,2021,17:45,1,74,74012,2,1,0,3,TOURNELLES (RUE DES),46.19729,6.24265,17,3,2
202100047983,115Â 973,A01,1,1,1,5,6,2,-1,0,0,-1,2021,23.0,2,1,0,0,1,13,1,,3,120,0,D,2,2,0,1,1,980,3,, -1,1,0,3,80,15,3,2021,15:00,1,80,80807,1,1,0,6,D120,49.966584,2.631032,15,1,1
202100047631,116Â 614,A01,10,3,2,9,0,-1,-1,4,3,1,2021,20.0,1,2,0,1,3,14,1,,2,MONTPELLIER (ROUTE DE),0,,1,2,0,1,0,0,1,, -1,1,0,1,70,17,3,2021,16:03,1,30,30189,2,1,0,6,MONTPELLIER (ROUTE DE),43.80754,4.3252,16,2,1
202100013594,177Â 421,Z01,10,3,1,2,8,8,-1,4,3,1,2021,15.0,1,0,0,1,5,2,0,,4,AV DE LA DIVISION LECLERC,0,,3,1,0,3,0,0,1,, -1,1,6,1,30,11,10,2021,14:45,1,91,91552,2,9,0,6,AV DE LA DIVISION LECLERC,48.597477,2.245913,14,2,1
202100039741,130Â 547,B01,1,1,2,5,1,-1,-1,0,0,-1,2021,25.0,2,2,0,0,3,1,1,,1,10,-1,,3,5,0,1,192,500,1,, -1,2,7,1,70,16,5,2021,21:50,5,37,37153,1,1,0,2,A 10 barriÃ¨re de pÃ©age de MONNAIE sens TOURS/PARIS,47.4900967273,0.8192643884,21,4,2
202100035176,138Â 831,A01,3,2,1,5,1,-1,-1,0,0,-1,2021,17.0,1,2,2,0,1,1,1,,3,63,-1,,3,2,0,3,39,950,3,, -1,1,9,3,50,11,6,2021,21:00,2,29,29120,1,2,0,6,Maison Blanche,48.267973,-4.443262,21,4,1
202100022234,161Â 902,B01,1,1,1,0,2,8,-1,-1, -1,-1,2021,66.0,1,1,0,2,7,1,1,,2,ROTTERDAM (ROND POINT DE),0,,1,2,0,1,0,0,2,, -1,1,0,1,30,26,8,2021,17:23,1,66,66136,1,6,0,3,ROTTERDAM (ROND POINT DE),42.6942003862,2.8514087945,17,2,2
202100018172,169Â 129,A01,1,1,1,9,2,6,-1,0,0,-1,2021,56.0,1,1,0,2,5,16,1,,4,RUE EMILE BOLLAERT,0,,1,1,0,1,(1),(1),3,, -1,1,0,1,30,18,9,2021,21:30,5,75,75119,2,2,0,3,RUE EMILE BOLLAERT,48.899724,2.371141,21,2,2
202100045664,120Â 117,A01,2,1,2,0,8,0,-1,-1, -1,-1,2021,46.0,0,1,0,0,0,0,3,,3,7,0,,1,2,1,1,0,0,1,, -1,1,0,5,50,3,3,2021,22:40,5,92,92040,2,1,0,7,PDT ROOSEVELT (QUAI DU),48.8333232554,2.2641170025,22,1,1
202100044711,121Â 794,B01,1,1,1,1,2,6,-1,0,0,-1,2021,50.0,2,1,0,2,5,1,1,,4,PLACE DE LA PORTE MAILLOT,0,,1,3,0,1,(1),(1),2,, -1,1,0,1,50,6,4,2021,08:00,1,75,75116,2,7,1,3,PLACE DE LA PORTE MAILLOT,48.877373,2.281244,8,2,2
202100005012,192Â 823,A01,1,1,1,0,8,0,-1,-1, -1,-1,2021,38.0,2,2,15,0,9,1,1,,1,AUTOROUTE A86,0,,1,3,0,3,18,350,2,, -1,2,0,2,90,3,12,2021,16:10,1,93,93027,1,1,1,6,AUTOROUTE A86,48.92855,2.41619,16,2,2
202100056116,101Â 576,A01,3,2,1,5,0,-1,-1,0,0,-1,2021,35.0,1,2,2,0,1,1,1,,3,1206,0,D,2,2,0,1,36,100,1,, -1,1,5,3,50,7,1,2021,00:30,5,74,74094,2,6,0,6,Rte des Chasseurs,46.203081,6.282721,0,3,1
202100023738,159Â 187,A01,3,2,1,4,1,0,-1,0,0,-1,2021,26.0,2,5,0,2,1,2,1,,4,BOULEVARD DE LA CHAPELLE,0,,3,2,0,1,(1),(1),1,, -1,1,0,1,50,14,8,2021,19:05,1,75,75110,2,1,1,4,BOULEVARD DE LA CHAPELLE,48.884271,2.358816,19,18,3
202100046707,118Â 288,B01,2,2,2,9,1,8,-1,-1, -1,-1,2021,12.0,1,2,0,2,1,2,1,,1,A50-Sens Marseille vers Aubagne,0,,1,4,0,1,2,849,1,, -1,1,0,1,90,24,3,2021,16:50,1,13,13210,1,1,0,4,A50-Sens Marseille vers Aubagne,43.28499,5.42826,16,4,3
202100032869,143Â 015,B01,1,1,1,0,2,0,-1,0,0,-1,2021,27.0,3,1,0,2,4,2,1,,4,CHANZY (RUE DE),0,,1,1,2,1,(1),(1),1,, -1,1,0,1,30,18,6,2021,22:25,5,54,54395,2,1,0,2,CHANZY (RUE DE),48.6910444934,6.1773077399,22,2,2
202100028403,150Â 944,A01,10,3,1,5,0,-1,-1,9,B,1,2021,67.0,2,2,0,1,1,26,1,,2,4,0,N,2,2,0,1,(1),(1),1,, -1,1,9,8,50,19,7,2021,11:10,1,976,97615,2,1,0,6,RN 4 - STATION TOTAL,-12.792425,45.270436,11,2,1
202100041313,127Â 761,B01,1,1,1,1,2,6,-1,0,0,-1,2021,21.0,1,1,0,2,2,17,1,,4,AVENUE DE L HIPPODROME,0,,2,4,0,1,(1),(1),1,, -1,2,0,1,50,4,5,2021,11:30,1,75,75116,2,2,1,5,AVENUE DE L HIPPODROME,48.862293,2.238313,11,3,3
202100046821,118Â 086,A01,1,1,1,1,2,6,-1,0,0,-1,2021,32.0,1,1,0,2,1,3,1,,3,903,0,D,2,2,0,2,61,200,3,, -1,1,0,1,80,24,3,2021,18:30,1,74,74043,1,2,0,6,Av du Saleve,46.261829,6.356846,18,2,2
202100040522,129Â 175,A01,10,3,1,9,0,-1,-1,2,3,1,2021,60.0,0,2,0,1,1,1,0,,3,PATAY (R DE),0,,-1,2,0,1,0,0,3,, -1,1,0,1,50,3,5,2021,08:45,1,94,94017,2,1,0,6,PATAY (R DE),48.82224,2.49793,8,2,1
202100007706,187Â 980,A01,1,1,1,1,2,6,-1,0,0,-1,2021,51.0,2,1,14,0,0,1,1,,3,28,-1,,2,2,0,1,1,700,1,, -1,2,0,1,50,16,11,2021,17:00,2,3,3168,2,1,1,7,27 Route d Ainay (Meaulne),46.601053,2.614692,17,1,1
202100001153,199Â 712,B01,1,1,1,5,1,0,-1,-1, -1,-1,2021,43.0,2,2,6,2,7,1,1,,3,FELIX EBOUE(ROCADE),0,,2,2,0,1,1,900,1,, -1,1,0,1,50,27,12,2021,02:00,5,973,97302,2,2,0,3,MANGO (ROUTE),4.92959,-52.31512,2,3,2
202100048257,115Â 491,A01,1,1,2,1,1,-1,-1,-1, -1,-1,2021,26.0,2,2,0,2,1,1,1,,4,CHAMP DE MARS (RUE),0,,2,4,1,1,(1),(1),1,, -1,1,0,1,50,12,3,2021,08:29,1,51,51454,2,1,0,2,Rue du Champ de Mars,49.2634760999,4.037232846,8,2,2
202100032525,143Â 629,A01,10,3,1,9,0,-1,-1,1,1,1,2021,28.0,2,2,0,1,5,4,1,,4,RUE SIMON LE FRANC,0,,1,1,0,1,(1),(1),1,, -1,1,0,1,30,24,6,2021,12:00,1,75,75104,2,1,0,6,RUE SIMON LE FRANC,48.860067,2.353756,12,2,1
202100030119,147Â 941,A01,1,1,1,1,1,0,-1,-1, -1,-1,2021,40.0,1,2,0,2,4,2,1,,1,A7-Sens Lyon vers Marseille,0,,1,3,0,1,274,700,1,, -1,1,0,1,90,10,6,2021,16:30,1,13,13215,1,1,0,2,A7-Sens Lyon vers Marseille,43.37039,5.36121,16,2,2
202100041717,127Â 040,A01,1,1,1,9,2,6,-1,0,0,-1,2021,20.0,1,1,0,2,1,1,1,,3,119,0,,2,2,0,4,2,0,1,, -1,1,0,1,50,3,5,2021,13:15,1,14,14286,2,1,0,3,D119,49.360239,0.226939,13,4,2
202100010327,183Â 240,B01,1,1,2,9,1,0,-1,-1, -1,-1,2021,22.0,3,2,0,2,4,1,1,,4,MONNET   AVENUE JEAN,0,,2,2,0,1,(1),(1),1,, -1,2,0,1,50,29,10,2021,16:39,1,17,17300,2,1,1,2,MONNET   AVENUE JEAN,46.14429,-1.15306,16,2,2
202100032588,143Â 523,A01,10,3,2,3,0,-1,-1,3,3,1,2021,69.0,0,2,0,1,3,26,1,,6,,-1,,-1,-1,0,1,(1),(1),1,,4,2,9,8,20,21,6,2021,09:40,1,8,8067,2,9,1,6,43 Route Nationale,49.622305,5.185204,9,2,1
202100034762,139Â 576,A01,1,1,1,5,2,8,-1,-1, -1,-1,2021,28.0,1,1,0,2,3,17,1,,4,CHE DE LAPUJADE,0,,2,1,0,1,(1),(1),1,, -1,1,0,1,50,12,6,2021,18:50,1,31,31555,2,1,0,3,CHE DE LAPUJADE,43.62003,1.4529,18,2,2
202100002641,197Â 059,A01,10,3,2,2,8,8,-1,2,3,1,2021,22.0,2,1,0,1,2,1,1,,4,BOULEVARD DE PORT ROYAL,0,,2,4,0,1,(1),(1),1,, -1,1,0,1,30,15,12,2021,12:36,1,75,75105,2,2,0,6,BOULEVARD DE PORT ROYAL,48.837695,2.345502,12,2,1
202100010279,183Â 334,A01,2,2,1,1,8,0,-1,-1, -1,-1,2021,30.0,1,2,0,2,2,16,1,,4,RUE DENIS PAPIN,0,,2,1,1,1,0,1,1,, -1,1,0,5,50,26,10,2021,12:50,1,77,77296,1,1,0,6,RUE DENIS PAPIN,48.61142,2.59265,12,2,1
202100003931,194Â 721,A01,1,1,1,4,1,4,-1,-1, -1,-1,2021,37.0,1,4,0,2,8,2,1,,2,RN 104,0,,1,2,0,1,29,100,1,, -1,1,0,1,110,9,12,2021,11:45,1,91,91573,1,1,0,5,RN 104,48.631656,2.518842,11,3,3
202100012817,178Â 812,A01,1,1,1,5,2,6,-1,-1, -1,-1,2021,23.0,1,1,0,2,7,26,1,,3,MONTTESSUY (RUE DE),0,,2,2,0,1,0,0,1,, -1,1,0,1,50,16,10,2021,16:40,1,91,91326,2,3,0,3,MONTTESSUY (RUE DE),48.68448,2.38279,16,2,2
202100044187,122Â 690,A01,10,3,1,1,0,-1,-1,1,3,1,2021,46.0,2,1,0,1,0,19,3,,4,,0,,1,1,1,1,0,0,1,, -1,1,0,1,30,13,4,2021,08:32,1,92,92023,2,1,0,6,JEAN JAURES (AVENUE) NÂ°57 A 259 ET 64 A,48.8095432851,2.2690243961,8,2,1
202100009353,184Â 988,A01,1,1,1,1,1,-1,-1,0,0,-1,2021,18.0,1,2,0,2,1,2,1,,3,73,-1,D,2,2,0,1,6,846,1,, -1,1,0,1,80,5,11,2021,18:25,3,85,85277,1,1,0,6,D73,46.529616,-1.42848,18,3,2
202100034903,139Â 325,A01,1,1,1,5,2,-1,-1,0,0,-1,2021,58.0,0,1,0,0,0,0,1,,4,1,-1,,-1,1,0,1,(1),(1),1,, -1,9,0,1,50,12,6,2021,20:25,2,59,59190,1,3,0,7,chemin communal C1 - ROUTE DE BOUSSOIS,50.300162,4.025234,20,1,1
202100031382,145Â 655,A01,1,1,2,5,1,9,-1,0,0,-1,2021,77.0,3,2,2,0,1,1,1,,4,,-1,,2,2,0,2,(1),(1),1,,5,2,0,3,50,2,7,2021,08:15,1,971,97104,2,1,0,6,Chemin des Pyrenees,16.03063,-61.742708,8,1,1
202100014583,175Â 642,B01,1,1,1,0,8,0,-1,-1, -1,-1,2021,24.0,2,1,0,2,0,1,5,,4,WISSEMBOURG (RUE DE),0,,1,1,0,1,0,0,3,, -1,2,0,1,50,6,10,2021,17:20,1,67,67482,2,3,1,3,WISSEMBOURG (RUE DE),48.59119,7.74208,17,2,2
202100005115,192Â 633,B01,1,1,1,5,0,-1,-1,0,0,-1,2021,31.0,1,1,0,2,1,19,3,,3,STALINGRAD - CAR DES SORBIERS (AV DE),0,,3,2,0,1,1,0,1,, -1,2,5,1,50,2,12,2021,03:50,5,94,94021,2,1,1,3,STALINGRAD - CAR DES SORBIERS (AV DE),48.76907,2.36788,3,2,2
202100054563,104Â 245,B01,1,1,2,1,1,8,-1,-1, -1,-1,2021,48.0,1,2,0,2,3,1,1,,4,MOISSAN (HENRI),0,,2,2,0,1,(1),(1),1,, -1,1,0,1,50,18,1,2021,13:50,1,81,81004,2,1,0,3,MOISSAN (HENRI),43.92455,2.1899,13,2,2
202100004874,193Â 076,A01,4,2,1,5,1,-1,-1,0,0,-1,2021,13.0,2,2,13,0,0,1,1,,1,13,0,,3,4,0,1,159,500,1,, -1,7,0,3,130,4,12,2021,17:20,2,27,27656,1,1,1,6,A13,49.356984,0.462863,17,9,1
202100053226,106Â 597,B01,1,1,1,4,2,6,-1,-1, -1,-1,2021,26.0,1,1,0,2,1,2,1,,4,SAINT MARCEL (BOULEVARD DE ),0,,2,2,0,1,0,0,1,, -1,1,0,1,50,29,1,2021,20:45,5,13,13211,2,1,0,3,SAINT MARCEL (BOULEVARD DE ),43.28627,5.47166,20,2,2
202100054210,104Â 849,A01,1,1,2,5,2,8,-1,-1, -1,-1,2021,19.0,3,1,0,2,7,26,1,,4,EIFFEL (AVENUE GUSTAVE),0,,1,1,0,1,(1),(1),1,, -1,1,5,1,50,15,1,2021,16:00,1,37,37261,2,6,0,6,EIFFEL (AVENUE GUSTAVE),47.4257703872,0.6970031261,16,3,2
202100054945,103Â 598,B01,1,1,1,0,1,0,-1,-1, -1,-1,2021,22.0,3,2,0,2,3,15,1,,3,MITRY [CD115] (RUE DE),0,,2,2,0,1,0,1,1,, -1,1,0,1,50,15,1,2021,15:35,1,93,93005,2,3,0,5,MITRY [CD115] (RUE DE),48.94239,2.5053,15,4,3
202100054884,103Â 703,A01,1,1,2,5,2,6,-1,-1, -1,-1,2021,16.0,2,1,0,0,0,1,1,,4,CHAMBRE D'AMOUR (AVENUE DE LA),0,,-1,2,0,2,0,0,1,, -1,2,0,1,50,14,1,2021,17:10,1,64,64024,2,1,1,7,CHAMBRE D'AMOUR (AVENUE DE LA),43.49495,-1.5308,17,1,1
202100024976,157Â 016,B01,1,1,1,0,1,0,-1,-1, -1,-1,2021,25.0,2,2,0,2,4,2,1,,1,AUTOROUTE A25,0,,-1,4,0,1,11,300,1,, -1,1,0,1,110,6,8,2021,16:55,1,59,59196,1,1,0,5,AUTOROUTE A25,50.6358060187,2.9447216966,16,4,3
202100034043,140Â 908,A01,2,2,2,0,2,0,-1,-1, -1,-1,2021,18.0,2,1,0,2,3,13,1,,3,Route de la Corniche,0,,2,2,0,1,6,300,1,, -1,1,0,1,50,16,6,2021,15:20,1,64,64545,2,1,0,5,Route de la Corniche,43.38181,-1.73093,15,5,4
202100042395,125Â 851,B01,1,1,1,5,1,-1,-1,0,0,-1,2021,78.0,2,2,0,2,8,9,1,,3,994,0,,2,2,0,1,58,450,1,, -1,2,0,1,90,28,4,2021,15:45,1,5,5123,1,3,1,3,les marcellons,44.549018,5.979266,15,2,2
202100045247,120Â 845,A01,2,2,2,5,1,0,-1,0,0,-1,2021,59.0,3,2,0,0,5,15,1,,4,VOIE GEORGES POMPIDOU,0,,2,6,0,1,(1),(1),1,, -1,1,0,1,50,3,4,2021,17:00,1,75,75108,2,2,0,2,VOIE GEORGES POMPIDOU,48.864985,2.313695,17,3,2
202100036351,136Â 721,B01,1,1,1,1,1,0,-1,-1, -1,-1,2021,29.0,1,2,0,2,4,2,1,,1,A7-Sens Lyon vers Marseille,0,,3,6,0,1,277,299,1,, -1,1,0,1,90,4,6,2021,13:05,1,13,13215,1,1,0,4,A7-Sens Lyon vers Marseille,43.34753,5.37147,13,4,3
202100028858,150Â 135,A01,1,1,1,9,2,6,-1,0,0,-1,2021,45.0,2,1,0,2,2,1,1,,4,QUAI DE GRENELLE,0,,2,4,0,1,(1),(1),1,, -1,1,0,1,50,15,7,2021,19:10,1,75,75115,2,2,0,3,QUAI DE GRENELLE,48.849191,2.281883,19,2,2
202100032896,142Â 959,A01,1,1,1,5,1,0,-1,-1, -1,-1,2021,21.0,2,2,6,0,1,15,1,,4,GRANDE RUE,0,,2,2,0,1,0,0,1,, -1,1,0,4,50,19,6,2021,23:11,5,2,2059,2,1,0,6,GRANDE RUE,49.649954,3.34887,23,1,1
202100005702,191Â 610,B01,2,2,2,5,2,-1,-1,0,0,-1,2021,5.0,1,1,0,2,4,2,1,,2,131,0,R,2,2,0,1,2,0,1,, -1,1,0,1,40,24,11,2021,15:45,1,987,98758,1,3,0,3,Route 131,-16.742983,-151.45779,15,3,2
202100016415,172Â 295,A01,1,1,1,4,1,-1,-1,0,0,-1,2021,61.0,1,3,0,0,1,1,1,28.0,3,159,2,,2,2,0,1,22,200,2,, -1,1,0,3,80,27,9,2021,07:26,1,88,88417,1,1,0,7,D159bis,48.323301,6.638532,7,17,1
202100011499,181Â 168,B01,2,2,2,5,2,6,-1,0,0,-1,2021,15.0,2,1,0,2,2,1,1,,3,,-1,,2,2,0,1,13,875,1,,4,1,0,1,30,22,10,2021,19:45,5,33,33213,2,1,0,3,,44.681833,-0.530543,19,3,2
202100001978,198Â 264,A01,1,1,1,1,2,-1,-1,-1, -1,-1,2021,19.0,2,1,0,2,1,11,1,,1,ROCADE A 630,0,,3,6,0,1,31,110,1,, -1,1,0,1,90,21,12,2021,21:30,5,33,33550,1,1,0,2,ROCADE A 630,44.777913,-0.557907,21,2,2
202100021356,163Â 480,B01,1,1,2,5,9,-1,-1,0,0,-1,2021,32.0,1,0,0,0,4,2,6,,3,,0,,1,1,0,1,(1),(1),1,,3,1,0,1,30,2,9,2021,11:55,1,58,58145,2,1,0,2,2 Rue des Theureaux,47.286781,3.819952,11,2,2
202100054861,103Â 742,A01,1,1,1,5,2,0,-1,-1,0,-1,2021,22.0,2,1,0,2,1,1,1,,3,311,0,,2,2,0,1,9,1200,1,, -1,1,0,1,50,15,1,2021,22:30,5,95,95197,2,3,0,3,CAUCHOIX (RUE),48.97537,2.31816,22,2,2
202100012808,178Â 826,B01,1,1,1,5,2,0,-1,-1, -1,-1,2021,31.0,1,1,1,0,2,1,1,,4,MENTEL,0,,1,1,0,2,(1),(1),1,, -1,1,0,1,50,16,10,2021,10:37,1,973,97302,2,1,0,3,MENTEL,4.93602,-52.3357,10,2,2
202100030858,146Â 603,A01,10,3,2,9,0,-1,-1,4,3,1,2021,23.0,1,0,0,1,1,1,3,,4,AVENUE DES GOBELINS,0,,2,4,0,2,(1),(1),1,, -1,1,0,1,50,4,7,2021,16:55,1,75,75113,2,3,0,6,AVENUE DES GOBELINS,48.834373,2.35355,16,2,1
202100010754,182Â 508,B01,1,1,1,0,1,0,-1,-1, -1,-1,2021,25.0,1,2,0,2,3,1,1,,3,,-1,,2,2,-1,1,1,1,1,, -1,1,0,1,30,27,10,2021,16:20,1,93,93010,2,2,0,3,BAUDIN (RUE) DE 65 A 113,48.8990385974,2.471031181,16,2,2
202100012278,179Â 780,A01,10,3,2,3,8,8,-1,6,A,1,2021,22.0,2,2,1,1,6,24,1,,3,906,0,,2,2,0,1,0,0,1,, -1,2,0,3,50,18,10,2021,22:30,5,92,92023,2,1,1,6,GENERAL DE GAULLE (AV DU) NÂ°130 A 340 ET,48.785257,2.251174,22,2,1
202100040101,129Â 917,A01,10,3,2,0,8,-1,-1,3,3,1,2021,36.0,2,2,0,1,1,1,1,,7,6007,-1,M,-1,2,0,2,61,1,1,, -1,1,0,1,50,14,5,2021,14:50,1,6,6032,2,1,0,6,23 Route Moyenne Corniche,43.725639,7.406802,14,6,1
202100008324,186Â 847,B01,1,1,2,5,8,-1,-1,0,0,-1,2021,25.0,2,2,0,0,8,16,1,,4,,0,,2,2,0,1,(1),(1),1,,4,1,0,1,50,13,11,2021,14:10,1,68,68154,2,2,0,3,20 Rue de Baldersheim,47.785149,7.350892,14,2,2
202100052418,108Â 016,A01,10,3,2,3,0,-1,-1,2,3,1,2021,82.0,1,2,0,1,2,1,1,,4,,0,,2,2,0,1,0,0,1,, -1,1,0,1,50,2,2,2021,08:15,1,64,64335,2,1,0,6,SAINTE-CATHERINE,43.3263757235,-0.4404254258,8,2,1
202100036025,137Â 294,B01,1,1,1,1,2,-1,-1,0,0,-1,2021,20.0,1,1,4,2,2,2,1,,3,98,-1,A,1,2,0,1,57,50,1,, -1,1,5,1,70,8,6,2021,19:50,2,83,83065,1,1,0,3,Rond Point de la Foux,43.261202,6.576144,19,2,2
202100011073,181Â 932,B01,1,1,1,0,2,0,-1,-1, -1,-1,2021,44.0,2,1,0,2,1,1,1,,4,BIXIKENEA (CHEMIN DE),0,,2,2,0,2,1,0,1,, -1,1,0,1,50,25,10,2021,11:40,1,64,64545,1,1,0,2,BIXIKENEA (CHEMIN DE),43.37427,-1.70736,11,2,2
202100014658,175Â 514,A01,1,1,1,1,2,6,-1,-1, -1,-1,2021,25.0,-1,1,0,2,0,1,1,,3,VAILLANT COUTURIER (AVENUE PAUL),0,,3,1,1,1,0,1,1,, -1,1,0,5,50,7,10,2021,13:45,1,93,93008,2,1,0,3,VAILLANT COUTURIER (AVENUE PAUL),48.9121057556,2.4391812086,13,2,2
202100030599,147Â 057,A01,1,1,1,9,8,0,-1,0,0,-1,2021,64.0,2,1,0,2,3,1,5,,4,BOULEVARD VOLTAIRE,0,,2,4,1,1,(1),(1),1,, -1,1,0,5,30,5,7,2021,14:45,1,75,75111,2,1,0,3,BOULEVARD VOLTAIRE,48.864836,2.368312,14,2,2
202100001317,199Â 405,A01,1,1,1,1,1,-1,-1,0,0,-1,2021,40.0,1,2,2,0,8,1,1,,3,26,0,D,2,2,0,1,32,750,3,, -1,1,0,8,80,27,12,2021,20:10,3,31,31183,1,1,0,6,D26 - PR 032+850,43.093595,0.912117,20,1,1
202100038401,132Â 997,A01,10,3,2,9,0,-1,-1,4,3,1,2021,32.0,1,1,0,1,1,1,5,,4,BOULEVARD DE CLICHY,0,,1,3,1,1,(1),(1),1,, -1,1,0,1,50,25,5,2021,20:15,2,75,75109,2,7,0,6,BOULEVARD DE CLICHY,48.882203,2.337702,20,2,1
202100019212,167Â 287,A01,1,1,1,5,1,0,-1,-1, -1,-1,2021,22.0,1,2,0,5,9,21,1,,3,PONT DE CRETEIL.,0,,3,3,0,2,(1),(1),3,, -1,1,2,1,50,13,9,2021,02:40,5,94,94028,2,1,0,7,PONT DE CRETEIL.,48.7999301551,2.4698521983,2,1,1
202100028244,151Â 209,B01,1,1,1,1,2,-1,-1,0,0,-1,2021,19.0,2,1,0,2,1,1,1,,3,74,-1,,2,2,0,1,18,800,1,, -1,1,0,1,70,20,7,2021,15:20,1,83,83115,2,3,0,1,Route du Plan de la Tour,43.327262,6.592934,15,2,2
202100032086,144Â 395,B01,1,1,1,4,2,0,-1,-1, -1,-1,2021,22.0,3,1,0,2,2,15,1,,4,LYAUTEY (AVENUE),0,,2,2,0,1,(1),0,1,, -1,1,5,1,50,26,6,2021,21:20,1,83,83069,2,1,0,3,LYAUTEY (AVENUE),43.119154,6.129827,21,2,2
202100033880,141Â 202,Z01,10,3,2,5,0,-1,-1,4,3,1,2021,91.0,2,5,0,1,2,20,1,,4,RUE SAINT LAZARE,0,,1,1,2,1,(1),(1),1,, -1,1,0,1,30,17,6,2021,10:06,1,75,75109,2,2,0,6,RUE SAINT LAZARE,48.876705,2.33236,10,2,1
202100004199,194Â 250,B01,1,1,1,5,1,0,-1,-1, -1,-1,2021,27.0,2,2,0,2,4,2,1,,2,ROUTE NATIONALE 356,0,,-1,9,0,1,0,250,1,, -1,2,0,1,70,5,12,2021,18:00,4,59,59350,1,1,1,2,ROUTE NATIONALE 356,50.6209062944,3.0817991495,18,2,2