Num_Acc,id_vehicule,num_veh,place,catu,sexe,trajet,secu1,secu2,secu3,locp,actp,etatp,year_acc,victim_age,senc,catv,obs,obsm,choc,manv,motor,occutc,catr,voie,v1,v2,circ,nbv,vosp,prof,pr,pr1,plan,lartpc,larrout,surf,infra,situ,vma,jour,mois,an,hrmn,lum,dep,com,agg_,int,atm,col,adr,lat,long,hour,nb_victim,nb_vehicules
202100001528,199Â 069,A01,1,1,1,5,1,5,-1,0,0,-1,2021,40.0,3,2,2,0,1,0,1,,4,,-1,,2,2,0,4,(1),(1),1,,4,2,0,3,80,25,12,2021,17:20,3,35,35203,1,1,1,6,Botte Veillard,48.171445,-1.972368,17,1,1
202100023583,159Â 484,A01,1,1,1,0,2,-1,-1,-1, -1,-1,2021,37.0,1,1,0,2,1,1,1,,4,SAINT LEONARD (CHEMIN),0,,-1,2,0,1,(1),(1),1,, -1,1,0,1,80,16,8,2021,18:10,1,51,51454,1,1,0,2,Chemin de Saint-LÃ©onard,49.2273009922,4.098777473,18,2,2
202100051380,109Â 840,A01,1,1,1,4,1,0,-1,-1,0,-1,2021,29.0,1,4,0,2,2,12,1,,2,RN 184,0,,3,4,0,1,6,199,1,, -1,1,0,1,90,15,2,2021,15:30,1,95,95572,1,1,0,2,RN 184,49.04997,2.14333,15,2,2
202100039177,131Â 593,A01,10,3,1,5,0,-1,-1,3,3,1,2021,69.0,1,5,0,1,2,1,1,,3,1005,0,,2,2,0,1,6,800,1,, -1,2,0,1,50,13,5,2021,08:00,2,74,74105,2,3,0,6,Av de Thonon,46.308955,6.311734,8,2,1
202100045283,120Â 780,A01,10,3,2,5,0,-1,-1,2,3,1,2021,36.0,1,1,0,1,2,1,1,,3,30,0,,2,2,0,2,7,280,1,,"3,5",1,0,1,50,4,4,2021,17:25,1,12,12213,2,4,0,6,D30,44.163271,2.957884,17,2,1
202100026023,155Â 162,A01,7,2,2,5,1,-1,-1,0,0,-1,2021,52.0,1,2,12,0,3,1,1,,1,6,0,,2,5,0,1,363,300,3,, -1,1,0,1,70,1,8,2021,22:00,3,71,71195,1,1,0,6,"Aire de repos de FARGES-LES-MACON, autoroute A6, PK 363+300, sens PARIS/LYON",46.5141555094,4.9110992157,22,4,1
202100037240,135Â 115,A01,1,1,1,0,1,0,-1,-1, -1,-1,2021,42.0,3,2,0,2,4,23,1,,4,GALLOUX (AVENUE GASTON),0,,2,2,0,1,(1),(1),3,, -1,2,0,1,70,4,5,2021,12:55,1,45,45286,2,1,1,4,Avenue Gaston Galloux,47.8878110534,1.9243097386,12,4,3
202100054497,104Â 359,A01,10,3,1,9,0,-1,-1,1,3,1,2021,57.0,3,2,0,1,6,15,1,,4,HENRI POINCARE,0,,1,1,0,1,0,0,1,, -1,2,9,1,50,14,1,2021,18:00,4,92,92004,2,3,1,6,LADJI DOUCOURE,48.9308783383,2.2829375402,18,2,1
202100043322,124Â 223,B01,1,1,1,1,8,4,-1,-1, -1,-1,2021,22.0,1,1,0,2,4,1,3,,3,GRAND'RUE,0,,2,2,0,1,1,840,3,, -1,1,5,1,50,20,4,2021,00:41,5,57,57221,2,1,0,2,GRAND'RUE,49.32215,6.11406,0,2,2
202100046123,119Â 319,A01,1,1,1,0,2,0,-1,-1, -1,-1,2021,24.0,2,1,0,2,1,13,1,,4,BLANCARDE (BOULEVARD),0,,2,2,0,2,0,0,1,, -1,1,0,1,50,29,3,2021,19:00,1,13,13204,2,1,0,1,BLANCARDE (BOULEVARD),43.30331,5.4038,19,2,2
202100046649,118Â 381,B01,1,1,1,5,0,0,-1,-1, -1,-1,2021,85.0,3,1,0,2,8,1,5,,4,R HENRI REGNAULT,0,,2,2,0,1,1,0,1,, -1,1,0,1,30,24,3,2021,17:00,1,94,94068,2,1,0,3,HENRI REGNAULT (R),48.7981,2.50911,17,2,2
202100023411,159Â 771,A01,10,3,2,5,0,-1,-1,5,5,2,2021,3.0,1,2,0,1,1,20,1,,4,,0,,2,2,0,2,(1),(1),1,,"5,3",1,0,4,50,18,8,2021,17:20,1,79,79081,2,1,0,7,51 Rue Armand Guillaumin,46.34901,-0.40512,17,2,1
202100009627,184Â 498,B01,3,2,2,5,1,0,-1,0,0,-1,2021,37.0,3,2,0,2,5,1,3,,4,PLACE DE LA CONCORDE,0,,2,3,0,1,(1),(1),1,, -1,1,0,1,30,2,11,2021,13:06,1,75,75108,2,7,0,3,PLACE DE LA CONCORDE,48.864172,2.320219,13,3,2
202100028135,151Â 414,B01,1,1,1,9,1,0,-1,-1, -1,-1,2021,27.0,3,2,0,2,7,2,1,,4,WAGNER (BOULEVARD RICHARD),0,,3,4,0,1,(1),(1),1,, -1,1,0,1,50,18,7,2021,02:30,5,37,37261,2,1,0,6,WAGNER (BOULEVARD RICHARD),47.3755051653,0.7087026536,2,2,2
202100050801,110Â 873,A01,7,2,1,5,8,-1,-1,0,0,-1,2021,19.0,1,2,8,0,1,1,1,,3,999,0,,2,2,0,1,10,566,1,, -1,1,9,3,50,20,2,2021,22:30,5,82,82167,2,1,0,6,route d'albi,43.969515,1.422472,22,3,1
202100034478,140Â 095,A01,1,1,1,5,2,6,9,0,0,-1,2021,25.0,1,1,0,0,0,1,1,,3,965,-1,,2,3,0,4,48,765,2,, -1,1,0,3,70,13,6,2021,15:45,1,89,89034,1,1,0,7,Route DÃ©partementale 965,47.811912,3.714484,15,1,1
202100027226,153Â 053,B01,1,1,2,5,2,8,-1,0,0,-1,2021,39.0,2,1,0,2,1,1,1,,4,RUE JEAN PIERRE TIMBAUD,0,,3,3,1,1,(1),(1),1,, -1,1,0,1,50,24,7,2021,00:30,5,75,75111,2,2,0,3,RUE JEAN PIERRE TIMBAUD,48.865182,2.367727,0,2,2
202100037637,134Â 382,A01,10,3,1,0,0,-1,-1,3,3,-1,2021,13.0,1,2,0,1,1,0,1,,3,BRANLY BD EDOUARD,0,,3,4,0,1,0,1,1,, -1,1,0,1,50,29,5,2021,19:00,1,93,93063,2,6,0,6,Boulevard Edouard Branly / Rue Alexandre Dumas,48.87653,2.44114,19,2,1
202100018189,169Â 096,B01,1,1,1,1,2,6,-1,-1, -1,-1,2021,29.0,1,1,0,0,1,1,1,,3,MAURICE BERTEAUX (R),0,,2,2,0,2,1,0,1,, -1,1,8,1,50,18,9,2021,05:30,5,94,94071,2,3,0,3,Rue Maurice Berteaux,48.77203,2.51954,5,2,2
202100029698,148Â 714,A01,1,1,1,5,0,-1,-1,0,0,-1,2021,41.0,2,2,13,0,1,1,1,,3,RP2,0,,2,2,0,2,4,(1),2,, -1,2,0,8,50,11,7,2021,17:30,2,988,98817,1,9,1,7,ROUTE DU VALLON DORE,-22.250144,166.566516,17,1,1
202100012319,179Â 715,A01,10,3,1,4,0,-1,-1,1,3,1,2021,47.0,1,2,0,1,3,1,1,,3,766,-1,,2,2,0,1,26,200,1,, -1,1,0,1,90,8,10,2021,12:35,1,37,37021,1,1,1,6,RD 766,47.5886219543,0.7084885357,12,2,1
202100049648,112Â 996,B01,1,1,1,0,2,6,-1,0,0,-1,2021,60.0,1,1,0,2,1,17,1,,4,CHAPTAL,0,,2,2,0,1,(1),(1),1,, -1,1,9,1,50,23,2,2021,17:55,1,22,22278,2,1,0,1,CHAPTAL,48.506307,-2.732436,17,2,2
202100033275,142Â 293,A01,1,1,2,5,1,-1,-1,0,0,-1,2021,30.0,3,2,0,2,1,1,1,,3,4,-1,,2,2,0,1,(1),(1),1,, -1,1,0,1,50,18,6,2021,23:05,3,38,38468,1,1,0,1,D4,45.352334,4.7905,23,4,2
202100015114,174Â 692,B01,1,1,2,9,8,0,-1,0,0,-1,2021,33.0,2,1,0,2,2,1,5,,4,RUE DE MONTREUIL,0,,1,0,0,2,(1),(1),1,, -1,2,0,1,30,5,10,2021,09:15,1,75,75111,2,3,1,3,RUE DE MONTREUIL,48.850412,2.391922,9,2,2
202100019239,167Â 239,A01,1,1,1,5,2,-1,-1,0,0,-1,2021,68.0,2,1,0,2,3,1,1,,3,904,-1,,2,2,0,1,53,900,2,, -1,1,0,1,50,12,9,2021,17:50,1,54,54235,2,4,0,1,Grande Rue,48.4978282294,6.0129815348,17,2,2
202100022449,161Â 510,A01,10,3,2,0,0,-1,-1,4,3,1,2021,77.0,1,1,0,1,1,1,1,,7,AV DU GENERAL EISENHOWER,0,,2,4,0,2,1,900,1,, -1,1,0,1,50,26,8,2021,20:05,2,31,31555,2,1,0,6,AV DU GENERAL EISENHOWER,43.55905,1.3983,20,2,1
202100015196,174Â 546,B01,1,1,1,2,2,-1,-1,-1, -1,-1,2021,19.0,1,1,0,2,1,3,1,,1,ROCADE A 630,0,,3,6,0,1,26,300,1,, -1,1,0,1,90,5,10,2021,18:20,1,33,33192,1,1,0,5,Rocade Sud Ouest A630 -E16-,44.79016,-0.6089,18,3,3
202100038516,132Â 796,B01,1,1,1,0,2,0,-1,-1, -1,-1,2021,32.0,3,1,0,2,7,1,1,,4,RUE JEAN JAURES,0,,2,2,0,1,(1),(1),1,, -1,1,0,1,50,24,5,2021,12:34,1,44,44143,2,1,0,3,RUE JEAN JAURES,47.18649,-1.54665,12,2,2
202100023783,159Â 111,B01,2,2,1,5,8,-1,-1,0,0,-1,2021,18.0,2,5,0,2,3,1,1,,3,2144,0,D,2,2,0,2,10,550,2,, -1,1,0,1,50,6,7,2021,12:00,1,3,3195,2,1,0,3,RD 2144,46.293912,2.652431,12,4,2
202100040456,129Â 293,A01,10,3,1,5,0,-1,-1,3,3,1,2021,87.0,1,2,0,1,3,1,1,,4,LADOUMEGUE (RUE JULES),0,,2,2,0,1,0,0,1,, -1,1,0,1,50,9,5,2021,17:23,1,87,87085,2,1,0,6,LADOUMEGUE (RUE JULES),45.83791,1.22438,17,2,1
202100033006,142Â 748,A01,1,1,2,9,1,-1,-1,0,0,-1,2021,65.0,1,2,0,1,2,1,1,,4,PAUL BERT                           (R ),0,,1,1,2,1,(1),(1),1,, -1,1,0,1,50,21,6,2021,10:47,1,69,69383,2,3,1,6,PAUL BERT (R),45.7557615835,4.8446327448,10,3,1
202100041700,127Â 073,A01,10,3,1,0,8,8,-1,3,3,1,2021,28.0,2,5,0,1,3,16,1,,4,GENERAL LECLERC (RUE DU) DE (59 ET PLUS),0,,2,2,2,1,0,0,1,, -1,1,0,1,50,2,5,2021,10:35,1,92,92024,2,6,0,6,GENERAL LECLERC (RUE DU) DE (59 ET PLUS),48.9029748408,2.3131746054,10,2,1
202100054556,104Â 256,A01,10,3,2,5,0,-1,-1,3,3,1,2021,70.0,1,2,0,1,3,1,1,,4,REMIREMONT (RUE DE),0,,2,2,0,1,33,470,1,, -1,1,0,1,50,9,1,2021,10:50,1,88,88160,2,1,0,6,REMIREMONT (RUE DE),48.161029,6.450702,10,2,1
202100013855,176Â 931,B01,1,1,2,0,1,0,-1,-1, -1,-1,2021,35.0,1,2,0,2,8,1,2,,7,BOULEVARD CHARLES DE GAULLE,0,,2,0,0,1,(1),(1),1,, -1,1,0,1,50,11,10,2021,08:00,2,44,44162,2,1,0,3,BOULEVARD CHARLES DE GAULLE,47.21084,-1.62582,8,2,2
202100049385,113Â 484,B01,1,1,1,0,2,0,-1,0,0,-1,2021,22.0,1,1,0,2,1,1,1,,7,LECLERC (AVENUE DU GENERAL),0,,2,2,0,1,(1),(1),1,, -1,1,0,1,50,2,3,2021,17:55,1,54,54578,2,1,0,3,LECLERC (AVENUE DU GENERAL),48.67716,6.15584,17,2,2
202100030808,146Â 695,A01,10,3,2,5,0,-1,-1,8,3,1,2021,81.0,0,2,0,1,3,15,1,,6,CATROUX (RUE DU GENERAL),0,,-1,-1,0,1,0,0,1,, -1,1,0,1,30,27,6,2021,16:11,1,87,87085,2,1,0,6,CATROUX (RUE DU GENERAL),45.81266,1.28429,16,2,1
202100013345,177Â 895,B01,1,1,1,1,2,6,9,0,0,-1,2021,17.0,2,1,0,2,4,26,1,,3,,-1,D,2,1,0,1,1,777,3,,4,1,5,1,50,15,10,2021,07:15,5,72,72080,2,6,0,3,Les carriÃ¨res,48.169735,0.669222,7,2,2
202100037697,134Â 281,A01,1,1,2,5,2,6,-1,0,0,-1,2021,41.0,1,1,0,0,3,1,0,,3,124,0,,2,2,0,1,9,800,2,, -1,1,0,3,80,30,5,2021,10:30,1,34,34045,1,1,0,7,D124,43.558256,3.380032,10,1,1
202100037717,134Â 246,A01,2,2,2,5,1,8,-1,-1, -1,-1,2021,76.0,1,2,0,2,2,21,1,,1,A46N   N/S  25.680 A 25.700,0,,3,3,0,2,25,680,1,, -1,1,2,1,90,20,5,2021,18:50,1,69,69286,1,1,0,4,A46 ,45.8087501766,4.9182754755,18,5,4
202100025426,156Â 212,B01,1,1,1,9,8,-1,-1,0,0,-1,2021,21.0,0,1,0,2,1,0,5,,4,LEO LAGRANGE (RUE),0,,2,4,3,1,(1),(1),1,, -1,1,0,1,50,3,8,2021,18:45,1,80,80021,2,2,0,3,LEO LAGRANGE (RUE),49.91067,2.31531,18,2,2
202100031527,145Â 409,A01,1,1,1,5,2,0,-1,-1, -1,-1,2021,29.0,1,1,0,0,1,21,1,,1,A50-Sens Marseille vers Aubagne,0,,3,3,0,1,3,500,1,, -1,1,0,1,90,1,7,2021,08:03,1,13,13211,1,1,0,7,A50-Sens Marseille vers Aubagne,43.29045,5.42652,8,1,1
202100012264,179Â 803,A01,10,3,2,0,0,-1,-1,2,3,1,2021,44.0,1,2,0,1,2,1,1,,3,PARIS (RUE DE),0,,1,2,0,1,0,1,1,, -1,2,0,1,50,19,10,2021,03:45,3,93,93048,2,1,0,6,PARIS (RUE DE),48.85586,2.42435,3,2,1
202100038962,131Â 993,A01,1,1,1,9,2,6,-1,0,0,-1,2021,28.0,2,1,0,2,9,3,1,,4,AVENUE MARCEAU,0,,2,5,0,1,(1),(1),1,, -1,1,0,1,50,20,5,2021,12:30,1,75,75116,2,2,0,5,AVENUE MARCEAU,48.867448,2.299236,12,3,3
202100048766,114Â 598,B01,1,1,1,0,1,0,-1,-1, -1,-1,2021,45.0,2,2,4,2,7,1,1,,1,AUTOROUTE A86,0,,3,6,0,1,23,0,1,, -1,1,0,1,90,9,3,2021,10:30,1,93,93008,1,1,0,3,AUTOROUTE A86,48.90616,2.46108,10,2,2
202100023166,160Â 207,A01,1,1,1,5,2,6,-1,0,0,-1,2021,15.0,1,1,0,2,1,16,1,,3,678,-1,,3,2,0,1,32,775,1,,4,1,0,1,50,20,8,2021,20:15,1,71,71263,2,3,0,1,Rue du Guidon,46.6394001595,5.2127136275,20,2,2
202100021015,164Â 097,B01,1,1,2,5,2,6,-1,-1, -1,-1,2021,23.0,-1,1,0,0,0,2,1,,3,RD 409 panneau ONF Ã  LIBERATION,0,,2,2,0,1,9,0,1,, -1,1,0,1,70,29,8,2021,16:46,1,77,77186,1,1,0,6,RD 409 panneau ONF Ã  LIBERATION,48.413543,2.644731,16,2,2
202100004299,194Â 074,B01,1,1,1,5,8,8,-1,0,0,-1,2021,60.0,1,1,0,2,3,1,1,,4,PLACE DE LA RESISTANCE,0,,1,2,0,1,(1),(1),1,, -1,2,0,1,30,7,12,2021,16:24,1,75,75107,2,7,1,3,PLACE DE LA RESISTANCE,48.862261,2.30196,16,3,2
202100040384,129Â 419,B01,1,1,2,1,1,0,-1,-1, -1,-1,2021,21.0,3,2,0,2,4,23,1,,4,METZ AVENUE DE,0,,1,3,3,1,1,0,1,, -1,1,9,1,50,10,5,2021,19:50,1,93,93063,2,3,0,2,METZ AVENUE DE,48.8833,2.4333,19,3,3
202100009481,184Â 761,B01,1,1,2,5,1,0,-1,-1, -1,-1,2021,40.0,2,2,0,2,3,9,1,,3,EMILE ZOLA (R),0,,2,4,0,1,1,0,1,, -1,2,0,1,50,4,11,2021,10:20,1,94,94002,2,2,1,3,Rue Emile Zola,48.79829,2.42014,10,3,2
202100054361,104Â 591,A01,1,1,1,2,2,0,-1,0,0,-1,2021,13.0,1,1,8,0,1,1,5,,4,QUAI DES CELESTINS,0,,2,4,1,1,(1),(1),1,, -1,1,-1,5,50,20,1,2021,08:15,2,75,75104,2,1,0,6,QUAI DES CELESTINS,48.852472,2.360209,8,1,1
202100028674,150Â 464,B01,1,1,2,5,1,0,-1,0,0,-1,2021,28.0,1,2,4,2,7,1,1,,4,PORTE D ORLEANS,0,,1,3,0,1,(1),(1),1,, -1,1,1,1,70,16,7,2021,14:15,1,75,75114,2,4,0,5,PORTE D ORLEANS,48.820927,2.321828,14,3,3
202100037117,135Â 355,B01,1,1,1,1,1,-1,-1,0,0,-1,2021,34.0,0,5,0,2,6,24,1,,3,18,-1,D,2,1,0,1,23,346,1,, -1,1,0,1,70,2,6,2021,07:25,2,34,34166,2,1,0,2,d18,43.398422,3.355443,7,2,2
202100044363,122Â 375,A01,1,1,1,0,1,0,-1,-1, -1,-1,2021,44.0,1,2,3,0,1,1,1,,2,ROCADE 16-17,0,,3,4,0,1,19,543,1,, -1,7,0,1,90,11,4,2021,13:20,1,35,35278,1,1,1,4,ROCADE 16-17,48.14098,-1.68211,13,4,4
202100042570,125Â 533,B01,1,1,1,5,1,1,-1,0,0,-1,2021,35.0,1,2,4,2,2,17,1,,1,NORMANDIE N-E-1 (ROUTE PROVINCIALE DU),0,,3,4,0,1,0,0,3,, -1,1,0,1,70,25,4,2021,07:20,1,988,98818,1,1,0,5,VE1 SENS NORD/SUD,-22.25502,166.44975,7,5,4
202100010832,182Â 364,A01,1,1,1,4,1,0,-1,-1, -1,-1,2021,38.0,2,2,0,2,1,2,1,,1,A13W,0,,1,2,0,2,22,100,1,, -1,1,0,1,110,27,10,2021,10:55,1,78,78007,1,1,0,2,A13W,48.89743,2.00622,10,2,2
202100006894,189Â 447,B01,1,1,1,0,1,0,-1,-1, -1,-1,2021,47.0,2,2,0,2,5,1,1,,1,AUTOROUTE A6,0,,1,3,0,1,10,300,1,, -1,1,0,1,110,22,11,2021,08:00,1,91,91689,1,1,0,2,AUTOROUTE A6,48.73095,2.31505,8,2,2
202100031392,145Â 640,A01,1,1,1,5,1,-1,-1,0,0,-1,2021,22.0,2,2,2,0,0,2,1,,3,19,0,,2,2,0,1,4,195,1,, -1,1,0,1,80,3,7,2021,06:50,2,1,1444,1,1,0,7,D19,45.827964,5.442983,6,3,1
202100028716,150Â 391,A01,1,1,1,5,2,-1,-1,0,0,-1,2021,19.0,1,1,1,0,1,1,1,,4,,-1,,2,2,0,1,(1),(1),1,,4,1,0,1,50,10,7,2021,17:00,1,17,17094,2,1,0,6,51 Rue Bir Hakeim Foch,46.074619,-1.085436,17,1,1
202100019277,167Â 177,A01,1,1,1,9,1,-1,-1,0,0,-1,2021,28.0,2,2,0,0,2,0,1,,1,11,-1,,3,2,0,1,279,700,1,,10,1,0,3,130,11,9,2021,00:30,3,49,49266,1,1,0,7,autoroute A11,47.438886,-0.763378,0,1,1
202100046959,117Â 839,A01,10,3,1,0,0,-1,-1,3,3,1,2021,34.0,2,2,0,1,3,26,1,,4,REPUBLIQUE (AV DE LA),0,,-1,2,0,1,26,0,1,, -1,1,0,1,50,23,3,2021,08:00,1,94,94076,2,1,0,6,REPUBLIQUE (AV DE LA),48.78862,2.36423,8,2,1
202100053845,105Â 503,A01,1,1,1,5,8,0,-1,-1, -1,-1,2021,21.0,2,2,0,0,2,14,1,,3,FRANCOIS MITTERAND ( AVENUE),0,,2,4,1,1,75,513,2,, -1,2,0,1,50,24,1,2021,15:45,1,31,31483,2,1,1,6,FRANCOIS MITTERAND ( AVENUE),43.1127531328,0.7555192709,15,1,1
202100045294,120Â 759,A01,1,1,2,5,0,-1,-1,0,0,-1,2021,50.0,2,2,2,0,1,1,1,,3,,-1,,2,2,0,3,22,970,1,,4,1,0,3,50,3,4,2021,18:40,1,1,1457,2,1,0,6,Route des Communes,46.199167,4.994021,18,1,1
202100013724,177Â 174,B01,1,1,1,1,1,0,-1,-1, -1,-1,2021,37.0,1,1,1,0,0,1,0,,4,,0,,2,4,2,1,0,0,1,, -1,1,0,1,50,12,10,2021,07:55,2,92,92012,2,1,0,3,VICTOR HUGO (AVENUE) 49/FIN - 60/FIN,48.835046862,2.2444300485,7,2,2
202100011731,180Â 761,A01,1,1,1,5,2,6,-1,0,0,-1,2021,16.0,2,1,0,2,1,1,1,,3,3155,-1,D,2,2,0,1,6,930,1,, -1,2,0,1,30,22,10,2021,20:20,5,35,35257,2,6,0,2,Rue Joseph Tronchot,48.41052,-1.365834,20,2,2
202100041316,127Â 757,A01,10,3,2,5,0,-1,-1,3,5,2,2021,4.0,2,2,0,1,1,1,1,,4,BOULEVARD GARIBALDI,0,,3,1,0,1,(1),(1),1,, -1,1,0,1,50,4,5,2021,18:15,1,75,75115,2,2,0,6,BOULEVARD GARIBALDI,48.846678,2.306221,18,2,1
202100003807,194Â 950,A01,2,2,2,5,1,-1,-1,-1, -1,-1,2021,27.0,1,2,4,0,3,2,1,,2,ROUTE NATIONALE 230,0,,1,2,0,2,43,700,2,, -1,2,3,1,50,10,12,2021,13:50,1,33,33249,1,1,1,6,Rocade Rive Droite N230,44.884529,-0.510486,13,2,1
202100056467,100Â 968,A01,9,2,2,5,1,-1,-1,0,0,-1,2021,17.0,1,2,4,2,3,1,1,,1,8,-1,,3,4,0,1,185,800,2,, -1,2,0,1,70,2,1,2021,11:00,1,6,6088,1,1,1,3,A8 PK 185+800 SUD,43.6693,7.20076,11,3,2
202100019842,166Â 168,A01,10,3,1,5,0,-1,-1,4,3,2,2021,13.0,1,2,0,1,0,1,0,,3,AV DU GENERAL DE GAULLE,0,,2,4,0,1,7,600,1,, -1,1,0,1,50,9,9,2021,18:13,1,95,95268,2,1,0,6,AV DU GENERAL DE GAULLE,48.9713532393,2.4018752575,18,2,1
202100025702,155Â 745,A01,1,1,1,9,1,0,-1,-1, -1,-1,2021,31.0,1,2,0,2,1,1,1,,1,A4,0,,1,4,0,1,13,899,1,, -1,2,0,1,90,3,8,2021,04:35,3,93,93051,1,1,1,2,A4,48.8356,2.563,4,2,2
202100047212,117Â 374,A01,1,1,1,0,2,-1,-1,-1, -1,-1,2021,18.0,1,1,0,2,1,7,1,,4,JACQUES TATI                        (R ),0,,2,2,0,1,(1),(1),1,, -1,1,0,1,50,20,3,2021,15:15,1,69,69256,2,3,0,3,JACQUES TATI (R),45.75119,4.93201,15,2,2
202100019337,167Â 061,B01,1,1,1,0,1,-1,-1,-1, -1,-1,2021,29.0,1,2,0,2,1,1,1,,4,HUGO (BOULEVARD VICTOR),0,,2,1,1,1,(1),(1),1,, -1,1,8,1,50,12,9,2021,21:00,5,51,51454,2,3,0,3,Boulevard Victor Hugo,49.246893828,4.0441256688,21,3,2
202100019587,166Â 621,A01,2,2,2,5,2,6,-1,0,0,-1,2021,33.0,1,1,0,2,3,5,1,,3,902,0,D,2,2,0,2,1,500,2,, -1,1,0,1,80,12,9,2021,14:50,1,5,5079,1,1,0,1,D902,45.061654,6.40842,14,3,2
202100026611,154Â 139,A01,1,1,1,5,1,0,-1,-1, -1,-1,2021,20.0,1,2,4,0,6,17,1,,2,VINH-SAN (BLD 2 DU PRINCE),0,,1,2,0,2,(1),(1),1,, -1,2,0,1,90,28,7,2021,09:45,1,974,97411,1,1,1,6,PRINCE VINH-SAN (BD DU),-20.880408,55.438769,9,1,1
202100039891,130Â 286,A01,1,1,1,5,1,-1,-1,0,0,-1,2021,19.0,2,2,13,0,3,14,1,,3,76,0,,2,2,0,2,11,825,2,, -1,1,0,3,80,13,5,2021,18:20,1,26,26307,1,1,0,6,Route de Lente,45.004592,5.296977,18,1,1
202100035723,137Â 858,B01,1,1,2,0,1,0,-1,0,0,-1,2021,20.0,1,2,0,2,4,15,1,,3,UZES (ROUTE D'),0,,2,2,0,1,0,0,1,, -1,1,0,1,70,2,6,2021,08:10,1,30,30189,1,2,0,6,UZES (ROUTE D'),43.8835,4.3794,8,2,2
202100000602,200Â 627,A01,2,2,2,5,0,-1,-1,0,0,-1,2021,3.0,3,5,0,0,0,1,1,,4,26,-1,,2,2,0,4,(1),(1),1,, -1,4,0,8,-1,30,12,2021,17:45,1,988,98831,1,1,1,7,TiÃ©ta (Tribu),-20.919094,164.773614,17,3,1
202100002595,197Â 144,A01,10,3,2,3,0,-1,-1,3,3,2,2021,81.0,2,2,0,1,3,26,1,,4,GAULLE GENERAL DE (AV DU),0,,2,2,0,1,(1),(1),1,, -1,1,0,1,50,16,12,2021,15:30,1,72,72181,2,6,0,6,GAULLE GENERAL DE (AV DU),48.0040532253,0.1983907512,15,3,1
202100006678,189Â 845,B01,1,1,1,5,2,-1,-1,-1, -1,-1,2021,47.0,2,1,0,2,4,23,5,,3,RD 783,0,,2,3,0,1,32,450,1,, -1,2,5,1,50,22,11,2021,09:05,1,29,29039,1,3,1,2,RD 783,47.87858,-3.90266,9,2,2
202100023050,160Â 419,B01,2,2,1,0,1,0,-1,0,0,-1,2021,34.0,1,2,0,2,4,23,1,,7,PUY DE DOME (AVENUE DU),0,,2,2,0,2,(1),(1),1,, -1,1,0,1,50,1,8,2021,19:59,1,63,63113,2,1,0,2,PUY DE DOME (AVENUE DU),45.7869,3.06355,19,3,2
202100013544,177Â 513,A01,10,3,1,0,0,-1,-1,9,1,1,2021,26.0,3,3,0,1,2,2,2,1.0,4,VERDUN   PLACE DE,0,,4,1,3,1,(1),(1),1,, -1,1,9,6,10,13,10,2021,17:35,1,17,17300,2,9,0,6,VERDUN   PLACE DE,46.16191,-1.15298,17,2,1
202100020146,165Â 618,A01,1,1,2,2,1,-1,-1,0,0,-1,2021,22.0,1,2,13,0,1,1,1,,3,38,0,,2,2,0,2,14,0,3,, -1,2,0,3,80,9,9,2021,08:45,1,51,51612,1,1,0,7,D38,48.9481500774,3.9896787386,8,1,1
202100036956,135Â 641,A01,10,3,2,2,0,-1,-1,3,3,1,2021,14.0,1,5,0,1,1,1,1,,4,CHALLEMEL LACOUR                    (R ),0,,1,2,1,1,(1),(1),1,, -1,1,0,1,50,1,6,2021,08:40,1,69,69388,2,1,0,6,CHALLEMEL LACOUR                    (R ),45.7294015881,4.8526377385,8,2,1
202100011671,180Â 861,B01,1,1,1,1,1,0,-1,-1, -1,-1,2021,40.0,2,2,0,2,4,1,1,,3,MARCEAU (AVENUE) NÂ° 29-FIN,0,,2,2,0,1,0,1,1,, -1,2,0,1,50,21,10,2021,23:30,5,93,93029,2,3,0,2,MARCEAU (AVENUE) NÂ° 29-FIN,48.9289117254,2.434694767,23,2,2
202100019669,166Â 492,A01,1,1,2,4,2,-1,-1,-1, -1,-1,2021,42.0,2,1,0,2,2,2,3,,3,MAITRE (RUE PIERRE),0,,2,2,0,1,1,500,1,, -1,2,0,1,50,10,9,2021,13:00,1,51,51454,2,1,0,3,Rue Pierre Maitre,49.2624392924,4.0087920427,13,2,2
202100033724,141Â 483,B01,1,1,1,5,2,-1,-1,0,0,-1,2021,64.0,2,1,0,2,1,13,5,,3,236,0,R,2,2,0,2,3,200,4,, -1,1,0,3,80,19,6,2021,08:00,1,7,7129,1,1,0,1,D236,44.998538,4.566189,8,2,2
202100034261,140Â 500,A01,1,1,2,5,1,0,-1,-1, -1,-1,2021,29.0,0,2,0,2,1,10,1,,4,BREMERHAVEN (AVENUE DE),0,,2,2,0,1,(1),(1),1,, -1,1,0,1,50,11,6,2021,14:20,1,50,50129,2,1,0,3,BREMERHAVEN (AVENUE DE),49.63164,-1.60927,14,2,2
202100014025,176Â 632,A01,1,1,1,5,1,0,-1,-1, -1,-1,2021,83.0,2,2,0,2,1,1,1,,3,ONZE NOVEMBRE (AV DU),0,,2,2,0,1,1,0,1,, -1,1,0,1,50,10,10,2021,11:30,1,94,94058,2,2,0,3,Avenue du 11 Novembre,48.8468,2.49683,11,2,2