Num_Acc,id_vehicule,num_veh,place,catu,sexe,trajet,secu1,secu2,secu3,locp,actp,etatp,year_acc,victim_age,senc,catv,obs,obsm,choc,manv,motor,occutc,catr,voie,v1,v2,circ,nbv,vosp,prof,pr,pr1,plan,lartpc,larrout,surf,infra,situ,vma,jour,mois,an,hrmn,lum,dep,com,agg_,int,atm,col,adr,lat,long,hour,nb_victim,nb_vehicules
202100025987,155Â 228,B01,1,1,1,0,2,8,-1,-1, -1,-1,2021,33.0,1,1,0,2,3,1,1,,7,15,0,,2,2,0,1,39,950,1,, -1,1,0,1,50,2,8,2021,00:33,5,31,31555,2,4,0,1,BD PIERRE ET MARIE CURIE,43.6261,1.43711,0,2,2
202100044816,121Â 608,A01,1,1,1,5,2,6,-1,0,0,-1,2021,27.0,1,1,0,2,1,2,1,,3,RD 910 BIS (ROCADE DE LIAISON),0,,2,2,0,1,1,0,1,, -1,1,2,1,80,2,4,2021,16:00,1,54,54431,1,1,0,2,RD 910 BIS (ROCADE DE LIAISON),48.91756,6.04203,16,2,2
202100043528,123Â 858,A01,1,1,1,5,2,6,-1,0,0,-1,2021,16.0,1,1,0,2,3,13,1,,4,rue,0,A,2,2,0,1,(1),(1),3,, -1,1,0,1,50,19,4,2021,17:05,1,29,29055,2,1,0,1,33 Rue du Retalaire,48.567346,-4.327632,17,2,2
202100044104,122Â 840,A01,1,1,1,2,1,0,-1,-1, -1,-1,2021,30.0,1,2,0,0,9,1,1,,1,A7-Sens Lyon vers Marseille,0,,1,1,0,2,260,0,4,, -1,1,0,1,50,14,4,2021,08:40,1,13,13117,1,1,0,7,A7-Sens Lyon vers Marseille,43.447002,5.241617,8,1,1
202100000711,200Â 444,A01,1,1,1,5,1,-1,-1,0,0,-1,2021,79.0,1,2,14,0,1,0,1,,3,105,0,D,2,2,0,1,22,100,2,, -1,1,4,8,80,31,12,2021,18:25,3,17,17218,1,8,0,6,D105,46.303504,-1.01528,18,1,1
202100019255,167Â 213,A01,1,1,1,0,8,-1,-1,0,0,-1,2021,29.0,0,2,10,0,0,0,1,,3,956,0,D,2,2,0,1,31,238,2,, -1,1,2,8,90,12,8,2021,03:20,3,41,41049,1,1,0,6,D956,47.339265,1.482319,3,1,1
202100037458,134Â 708,A01,10,3,1,5,0,-1,-1,1,3,2,2021,16.0,2,5,0,1,1,1,1,,4,RATEAU (RUE),0,,2,2,0,1,0,0,1,, -1,1,0,1,50,30,5,2021,15:30,1,93,93027,2,1,1,6,Rue Rateau,48.92522,2.41161,15,2,1
202100013215,178Â 116,A01,10,3,2,0,0,-1,-1,3,3,1,2021,45.0,3,5,0,1,7,0,1,,4,BIRMINGHAM (DE)                     (AV),0,,2,5,0,1,(1),(1),1,, -1,1,0,8,50,14,10,2021,10:00,1,69,69384,2,6,0,6,SERIN (DE) (CHM),45.773411,4.8124,10,2,1
202100005117,192Â 630,A01,2,2,1,5,1,0,-1,-1, -1,-1,2021,18.0,3,2,0,2,1,13,1,,4,CHE DES MARAIS,0,,2,2,0,1,1,0,2,, -1,1,0,1,50,2,12,2021,01:55,5,94,94028,2,1,0,1,Chemin des Marais,48.77683,2.43406,1,3,2
202100030254,147Â 686,B01,1,1,1,0,2,0,-1,-1, -1,-1,2021,63.0,1,1,0,2,3,2,1,,4,,0,,3,4,0,1,0,0,1,, -1,1,0,1,30,7,7,2021,10:00,1,92,92012,2,1,0,3,COURS DE L'ILE SEGUIN,48.82661,2.23308,10,2,2
202100031937,144Â 659,A01,1,1,1,0,1,-1,-1,0,0,-1,2021,31.0,2,2,6,0,2,1,1,,2,205,-1,,3,2,0,1,12,200,2,, -1,2,9,1,90,28,6,2021,19:00,1,74,74143,1,1,0,6,RN 205,45.914228,6.770732,19,1,1
202100055328,102Â 932,A01,10,3,1,0,0,-1,-1,1,3,1,2021,62.0,3,2,0,1,2,16,6,,4,BERTREUX ROGER (RUE),0,,-1,0,0,1,0,0,1,, -1,7,9,8,50,7,1,2021,08:00,1,30,30189,2,9,0,6,BERTREUX ROGER (RUE),43.8477,4.3148,8,2,1
202100033488,141Â 917,A01,1,1,1,9,8,-1,-1,0,0,-1,2021,19.0,2,2,4,0,3,1,1,,1,42,-1,,3,5,0,1,24,200,1,, -1,1,0,8,110,20,6,2021,07:20,1,1,1032,1,1,0,6,A42,45.861863,5.166192,7,1,1
202100039559,130Â 878,B01,2,2,1,1,1,8,-1,-1, -1,-1,2021,52.0,1,2,0,2,6,11,1,,3,118,0,,3,4,0,1,0,0,3,, -1,2,0,1,70,17,5,2021,14:30,1,91,91161,2,1,1,3,RTE DE WISSOUS,48.71125,2.31047,14,3,2
202100048135,115Â 705,A01,1,1,1,0,2,0,-1,-1, -1,-1,2021,17.0,3,1,0,0,0,1,1,,4,BASSE CHAINE PONT,0,,2,4,2,1,1,0,1,, -1,2,0,1,50,13,3,2021,15:20,1,49,49007,2,1,0,7,BASSE CHAINE PONT,47.47025,-0.56282,15,1,1
202100006345,190Â 452,A01,10,3,1,5,0,-1,-1,1,5,1,2021,3.0,2,1,0,1,1,1,1,,4,,-1,,2,2,0,1,8,200,1,,5,1,0,1,50,26,11,2021,14:08,1,976,97607,2,1,0,6,Rue de la Plage - Iloni,-12.844758,45.190327,14,2,1
202100028936,150Â 006,B01,1,1,1,1,2,6,-1,0,0,-1,2021,58.0,1,1,0,2,7,1,1,,3,,0, -,2,2,3,2,8,100,1,, -1,2,0,1,70,13,7,2021,17:00,1,69,69094,2,9,1,3,BORDEAUX (DE) (RTE),45.74209,4.695035,17,2,2
202100009901,183Â 994,A01,1,1,1,5,8,-1,-1,-1, -1,-1,2021,34.0,1,2,13,0,1,1,1,,2,RN 138,0,,3,2,0,1,11,500,1,, -1,1,9,1,90,1,11,2021,10:30,1,76,76319,1,1,0,7,RN 138,49.35403,1.02975,10,1,1
202100016138,172Â 795,B01,1,1,1,0,2,0,-1,0,0,-1,2021,41.0,1,1,0,2,8,1,5,,4,COTE BLATIN (BD),0,,1,3,0,1,(1),(1),1,, -1,1,0,1,50,29,9,2021,09:08,1,63,63113,2,1,0,3,COTE BLATIN (BD),45.76852,3.08966,9,2,2
202100024163,158Â 471,A01,1,1,1,0,0,-1,-1,0,0,-1,2021,27.0,1,2,15,0,1,13,1,,3,982,-1,,2,2,0,1,45,500,3,, -1,1,0,3,70,15,8,2021,10:50,1,30,30334,1,1,0,6,Route d Arpaillargues,44.003192,4.396577,10,1,1
202100010280,183Â 332,B01,1,1,1,9,8,0,-1,-1, -1,-1,2021,31.0,0,0,0,2,4,26,3,,4,TIRONNEAU ADRIEN (PL),0,,4,4,0,1,0,0,3,, -1,2,9,1,50,29,10,2021,22:50,5,72,72181,2,6,1,3,TIRONNEAU ADRIEN (PL),47.98299,0.21062,22,2,2
202100019915,166Â 033,A01,10,3,2,3,0,-1,-1,5,1,1,2021,82.0,1,2,0,1,7,1,1,,4,HEROS NOGENTAIS (R DES),0,,2,2,0,1,1,0,1,, -1,1,0,1,50,9,9,2021,10:00,1,94,94052,2,1,0,6,Rue des HÃ©ros Nogentais,48.83817,2.48542,10,3,1
202100025039,156Â 897,A01,1,1,1,5,2,6,-1,0,0,-1,2021,20.0,1,1,0,2,1,1,1,,3,19,-1,,2,2,0,1,10,429,1,, -1,1,0,1,90,8,8,2021,16:40,1,61,61158,1,2,0,2,Lieu Dit le Gue de Rouvre,48.672671,-0.304425,16,3,2
202100010970,182Â 115,A01,10,3,1,5,0,-1,-1,3,3,1,2021,11.0,2,5,0,1,2,1,1,,3,80,-1,,-1,2,0,1,7,900,1,, -1,1,0,1,30,27,10,2021,11:00,1,202,202043,2,1,0,1,"RD 80, Erbalunga",42.774074,9.474925,11,2,1
202100041845,126Â 823,A01,1,1,1,5,1,-1,-1,0,0,-1,2021,42.0,1,2,13,0,1,13,1,,2,RN 5,0,A,2,2,0,2,107,110,3,, -1,2,0,3,80,1,5,2021,16:25,1,39,39470,1,1,1,6,,46.493438,6.044569,16,1,1
202100017844,169Â 724,B01,1,1,1,4,2,0,-1,-1, -1,-1,2021,24.0,1,1,0,9,6,1,3,,4,WALVEIN (RUE),0,,2,4,0,1,(1),(1),1,, -1,1,9,1,50,19,9,2021,19:00,1,37,37261,2,2,0,3,WALVEIN (RUE),47.3902654162,0.670604668,19,2,2
202100020048,165Â 792,A01,1,1,2,5,2,0,-1,-1, -1,-1,2021,42.0,1,1,0,2,3,17,1,,3,MIOT - RUE,0,,2,1,0,1,1,0,1,, -1,1,0,1,50,7,9,2021,12:50,1,202,202033,2,1,0,3,MIOT - RUE,42.69,9.45,12,2,2
202100003973,194Â 648,A01,10,3,2,5,0,-1,-1,4,3,1,2021,31.0,1,5,0,1,1,15,0,,4,CLAIRE (DE LA)                      (R ),0,,1,1,2,1,(1),(1),1,, -1,2,0,1,50,8,12,2021,17:30,5,69,69389,2,3,1,6,CLAIRE (DE LA) (R),45.7784237582,4.8023141921,17,2,1
202100025898,155Â 396,A01,1,1,1,1,2,6,-1,0,0,-1,2021,36.0,2,1,13,0,7,0,1,,3,921,-1,D,1,2,0,1,10,30,3,, -1,1,0,3,90,1,8,2021,05:30,2,19,19043,1,1,0,6,La Chapelle-aux-Brocs,45.1401757253,1.6404386625,5,1,1
202100018705,168Â 206,A01,1,1,1,0,1,0,-1,-1, -1,-1,2021,33.0,1,2,4,0,1,2,1,,1,AUTOROUTE A86,0,,3,8,0,1,15,699,1,, -1,1,0,1,90,16,9,2021,12:50,1,93,93066,1,1,0,6,AUTOROUTE A86,48.9219293849,2.3630047717,12,1,1
202100025168,156Â 668,A01,1,1,1,5,1,-1,-1,0,0,-1,2021,32.0,2,2,13,0,9,17,1,,1,84,-1,,3,4,0,1,142,150,1,, -1,1,0,3,130,8,8,2021,09:55,1,35,35191,1,1,0,6,A 84,48.455041,-1.327759,9,1,1
202100003896,194Â 789,A01,1,1,1,1,2,-1,-1,0,0,-1,2021,17.0,2,1,0,2,3,13,1,,3,51,-1,C,2,2,0,1,1,850,1,, -1,2,0,1,50,9,12,2021,17:40,3,1,1134,1,1,1,1,d 51c,46.275888,4.861622,17,3,2
202100044730,121Â 761,B01,1,1,2,5,2,0,-1,-1, -1,-1,2021,7.0,3,1,0,2,1,19,5,,4,,0,,2,2,0,1,0,0,1,, -1,1,0,1,30,8,4,2021,16:15,1,92,92047,2,1,0,3,MARCHE,48.8359583196,2.1600855142,16,2,2
202100046462,118Â 734,A01,1,1,1,5,2,-1,-1,0,0,-1,2021,59.0,1,1,0,9,1,0,1,,3,615,-1,,2,2,0,2,22,460,1,, -1,1,0,1,80,28,3,2021,10:45,1,66,66099,1,1,0,1,D615,42.548354,2.753084,10,2,2
202100020937,164Â 236,A01,10,3,1,5,0,-1,-1,6,1,1,2021,67.0,3,4,0,1,2,1,1,,4,,-1,,2,2,0,2,(1),(1),1,,5,1,0,3,80,4,9,2021,21:00,3,43,43205,1,1,0,6,la cotete,45.340774,4.332658,21,3,1
202100055522,102Â 602,A01,1,1,1,9,1,0,-1,0,0,-1,2021,39.0,1,2,0,2,4,1,1,,4,AVENUE DE FLANDRE,0,,1,2,0,1,(1),(1),1,, -1,1,0,1,50,10,1,2021,19:45,5,75,75119,2,1,0,2,AVENUE DE FLANDRE,48.887587,2.373194,19,2,2
202100035131,138Â 909,B01,1,1,1,5,2,6,-1,0,0,-1,2021,56.0,1,1,0,0,7,23,1,,2,7,0,N,1,1,0,1,64,300,2,, -1,1,0,1,-1,12,6,2021,10:50,1,3,3138,1,6,0,3,Rond-point de Bellevue,46.246668,3.616417,10,2,2
202100015050,174Â 808,A01,10,3,1,0,0,-1,-1,3,3,1,2021,61.0,1,2,0,1,1,1,1,,4,AVENUE DU MARECHAL DE LATTRE DE TASSIGNY,0,,3,2,2,1,(1),0,1,, -1,1,0,1,50,5,10,2021,10:30,1,44,44143,2,1,1,6,AVENUE DU MARECHAL DE LATTRE DE TASSIGNY,47.19294,-1.57052,10,2,1
202100050666,111Â 122,A01,10,3,1,4,0,-1,-1,5,9,1,2021,42.0,0,2,0,0,1,0,1,,4,89,0,J,2,2,0,1,(1),(1),1,, -1,1,0,3,50,22,2,2021,12:46,1,1,1078,2,1,0,6,492 Rue de la Mairie,46.182602,5.974212,12,2,1
202100041633,127Â 185,A01,1,1,1,4,1,8,-1,-1, -1,-1,2021,54.0,2,4,3,0,2,26,1,,1,A4,0,,-1,4,0,1,10,300,3,, -1,1,0,3,110,3,5,2021,04:20,3,94,94017,1,1,0,6,A4,48.8263312336,2.5200426579,4,1,1
202100052490,107Â 899,A01,10,3,1,3,0,-1,-1,3,3,1,2021,87.0,3,2,0,1,2,11,1,,4,,0,D,2,2,0,1,(1),(1),3,, -1,1,0,1,50,6,2,2021,10:30,1,56,56178,2,1,1,6,Quai des RÃ©collets,48.074265,-2.9625,10,2,1
202100027940,151Â 762,A01,1,1,1,4,8,0,-1,-1, -1,-1,2021,20.0,2,1,0,2,1,2,3,,4,PRADO (AVENUE DU),0,,2,6,3,1,0,0,1,, -1,1,0,6,50,20,7,2021,13:52,1,13,13208,2,1,0,2,PRADO (AVENUE DU),43.270821789,5.3886912463,13,2,2
202100000755,200Â 363,B01,1,1,2,0,1,0,-1,-1, -1,-1,2021,26.0,1,2,0,2,4,15,1,,4,BOLLEE (AV) NÂ° IMP 65 A 199,0,,-1,2,0,1,0,0,1,, -1,1,0,1,50,31,12,2021,11:20,1,72,72181,2,1,0,2,BOLLEE (AV) NÂ° IMP 65 A 199,47.99925055,0.2367031572,11,2,2
202100005085,192Â 683,B01,1,1,1,4,2,8,-1,-1, -1,-1,2021,34.0,0,1,0,2,1,1,1,,4,ALPES (BOULEVARD DES),0,,2,2,0,2,0,0,1,, -1,1,0,1,50,2,12,2021,11:25,1,13,13212,2,1,0,3,ALPES (BOULEVARD DES),43.299,5.415,11,2,2
202100002209,197Â 846,A01,1,1,2,5,1,-1,-1,0,0,-1,2021,38.0,3,2,13,0,1,0,1,,3,29,-1,,2,2,0,1,1,798,1,, -1,1,0,3,80,19,12,2021,13:20,1,50,50564,1,1,0,6,Rue du Mesnil,49.260261,-1.276324,13,1,1
202100037822,134Â 051,C01,1,1,2,0,1,0,-1,0,0,-1,2021,55.0,2,2,0,2,4,1,1,,2,RN 94,0,,2,2,0,1,72,115,1,, -1,1,0,1,50,27,5,2021,08:56,1,5,5061,1,1,0,4,RN 94,44.57046,6.10505,8,3,3
202100015278,174Â 404,B01,1,1,1,2,6,2,-1,0,0,-1,2021,15.0,0,1,0,2,1,1,1,,3,21,0,D,2,2,0,1,6,940,1,, -1,2,0,1,80,4,10,2021,10:30,1,27,27096,1,2,0,2,Route dÃ©partementale 21,48.882892,0.668989,10,2,2
202100030270,147Â 656,B01,1,1,1,1,2,-1,-1,0,0,-1,2021,58.0,1,1,0,2,3,1,1,,3,236,-1,,2,2,0,1,5,357,1,, -1,1,0,1,90,8,7,2021,08:30,1,77,77246,1,2,0,3,Intersection RD236 et RD78,48.578062,3.369638,8,2,2
202100008212,187Â 041,A01,1,1,1,0,2,9,-1,0,0,-1,2021,31.0,2,1,0,2,2,17,1,,3,101,0,D,2,2,0,1,8,980,1,,5,1,0,1,80,14,11,2021,15:45,1,60,60466,1,2,0,3,RD 101,49.43572,2.527606,15,2,2
202100034338,140Â 354,A01,1,1,1,0,1,-1,-1,0,0,-1,2021,63.0,2,2,0,0,3,15,1,,3,4,0,,2,2,0,1,0,182,1,,4,2,0,1,50,9,6,2021,18:30,1,1,1290,2,3,1,3,D4,45.900915,5.185791,18,2,2
202100008122,187Â 210,A01,1,1,1,0,1,0,-1,-1, -1,-1,2021,59.0,1,2,0,2,3,11,1,,1,AUTOROUTE A3,0,,3,6,0,1,14,0,1,, -1,1,0,1,90,15,11,2021,12:05,1,93,93005,1,1,0,3,AUTOROUTE A3,48.9602419884,2.4733228737,12,2,2
202100022660,161Â 114,B01,4,2,1,4,8,0,-1,0,0,-1,2021,33.0,2,4,0,2,0,23,6,,4,RUE DE VAUGIRARD,0,,1,2,0,1,(1),(1),1,, -1,1,0,1,50,25,8,2021,19:55,1,75,75115,2,3,0,2,RUE DE VAUGIRARD,48.837753,2.297427,19,3,2
202100004255,194Â 149,A01,1,1,2,0,1,0,-1,-1, -1,-1,2021,65.0,2,2,0,2,1,15,1,,4,PICASSO (RUE PABLO PICASSO),0,,2,2,0,1,1,0,1,, -1,1,5,1,50,6,12,2021,13:55,1,45,45147,2,1,0,3,PICASSO (RUE PABLO PICASSO),47.93354,1.92147,13,2,2
202100037389,134Â 834,B01,1,1,2,0,1,-1,-1,-1, -1,-1,2021,44.0,2,2,0,2,4,2,1,,1,ROCADE A 630,0,,3,7,0,1,31,545,1,, -1,1,0,1,90,31,5,2021,11:40,1,33,33550,1,1,0,4,ROCADE A 630,44.779028,-0.552651,11,3,3
202100022980,160Â 551,B01,9,2,2,5,1,3,-1,0,0,-1,2021,2.0,1,2,0,2,6,1,1,,3,11,0,,2,2,0,1,29,430,3,, -1,1,0,1,80,15,8,2021,10:25,1,83,83104,1,9,0,3,RD11,43.653947,5.758585,10,5,2
202100034561,139Â 942,B01,1,1,1,9,8,0,-1,-1, -1,-1,2021,57.0,1,1,0,2,1,17,1,,3,CD NUMERO 471,0,,2,2,0,1,9,0,1,, -1,1,0,1,80,13,6,2021,13:38,1,77,77350,1,1,0,1,D471,48.7725397853,2.7081615414,13,2,2
202100041018,128Â 299,A01,9,2,2,5,3,-1,-1,0,0,-1,2021,3.0,1,2,0,2,3,19,1,,9,20,-1,,2,2,0,1,132,700,1,, -1,1,0,1,50,8,5,2021,09:15,1,202,202148,2,6,0,1,"T20, lieu dit casamozza",42.520273,9.439954,9,3,2
202100055867,102Â 020,A01,10,3,1,5,0,-1,-1,3,3,1,2021,83.0,2,2,0,1,2,1,1,,3,,-1,,2,2,0,1,2,500,1,, -1,1,9,1,50,8,1,2021,17:55,5,38,38095,2,1,0,6,Grande Rue,45.14145,5.2874,17,2,1
202100002687,196Â 972,A01,1,1,1,5,2,-1,-1,0,0,-1,2021,15.0,2,1,0,0,0,26,1,,3,147,0,,2,2,0,1,4,109,1,, -1,1,0,1,30,17,12,2021,15:35,1,45,45026,2,1,0,6,6 Rue du Midi,48.133679,2.987512,15,1,1
202100056421,101Â 046,A01,10,3,2,5,0,-1,-1,4,3,1,2021,59.0,1,5,0,1,2,1,1,,4,AVENUE THEOPHILE GAUTIER,0,,2,2,0,1,(1),(1),1,, -1,1,0,1,50,2,1,2021,12:00,1,75,75116,2,2,0,6,AVENUE THEOPHILE GAUTIER,48.848221,2.269886,12,2,1
202100014913,175Â 058,A01,1,1,1,0,2,6,-1,0,0,-1,2021,15.0,3,1,0,2,1,1,1,,3,,-1,,2,1,0,2,3,250,2,,"3,5",1,0,1,80,2,10,2021,10:50,1,7,7264,1,1,0,1,Chemin de Fontaynes,44.339266,4.608316,10,2,2
202100033341,142Â 169,B01,2,2,2,0,1,-1,-1,-1, -1,-1,2021,19.0,2,2,0,2,4,23,1,,3,CHAMPAGNE   (  AVENUE DE),0,,1,3,0,1,22,0,1,, -1,1,0,1,50,14,6,2021,10:06,1,51,51454,2,1,0,2,Avenue de Champagne,49.23902,4.04507,10,3,2
202100050758,110Â 953,A01,1,1,1,0,2,6,0,0,0,-1,2021,44.0,1,1,0,2,7,20,1,,4,PAPE JEAN XXIII (BD),0,,1,1,0,1,(1),(1),1,, -1,1,0,1,50,20,2,2021,22:25,5,6,6088,2,1,0,3,PAPE JEAN XXIII (BD),43.70849,7.29325,22,2,2
202100021584,163Â 051,A01,1,1,1,1,2,-1,-1,-1, -1,-1,2021,38.0,1,1,0,2,1,15,1,,4,CREPIEUX (DE)                       (CH),0,,2,2,0,1,(1),(1),1,, -1,1,0,1,50,31,8,2021,18:30,1,69,69034,2,9,0,1,CREPIEUX (DE) (CHM),45.80079,4.8523,18,2,2
202100012424,179Â 499,A01,1,1,2,1,1,-1,-1,0,0,-1,2021,45.0,1,2,0,2,1,2,1,,3,CD 902,0,,2,2,0,1,3,600,1,, -1,1,0,1,80,18,10,2021,22:05,3,65,65100,1,1,0,2,CD 902,43.2553,0.06518,22,4,2
202100047373,117Â 095,B01,1,1,1,4,2,6,-1,-1, -1,-1,2021,49.0,3,1,1,2,6,1,1,,4,REDON (BOULEVARD DU),0,,2,4,2,2,0,0,1,, -1,2,0,5,50,19,3,2021,08:50,1,13,13209,2,1,1,3,REDON (BOULEVARD DU),43.2489924495,5.4229801562,8,2,2
202100013931,176Â 799,A01,1,1,1,5,1,-1,-1,0,0,-1,2021,94.0,2,2,0,2,2,17,1,,3,931,0,D,2,2,0,1,17,171,1,, -1,1,0,1,50,28,8,2021,16:00,1,61,61411,2,2,0,2,D931,48.451155,0.473662,16,2,2
202100024693,157Â 508,B01,1,1,1,5,2,-1,-1,0,0,-1,2021,20.0,2,1,0,2,1,17,1,,3,D32,0,A,2,2,0,1,37,750,1,, -1,1,0,1,50,11,8,2021,17:15,1,40,40063,2,1,0,3,589 Route de Montfort,43.711387,-0.974715,17,2,2
202100019861,166Â 140,A01,1,1,1,2,2,6,-1,-1, -1,-1,2021,15.0,2,1,0,2,1,1,1,,4,MAUPAS (RUE DU),0,,2,2,0,1,0,0,1,, -1,1,0,1,50,8,9,2021,16:05,1,50,50129,2,6,0,2,MAUPAS (RUE DU),49.63419,-1.61365,16,2,2
202100004363,193Â 961,A01,1,1,1,0,1,0,-1,-1, -1,-1,2021,31.0,2,2,0,2,4,0,1,,1,A51-Sens Aix en Provence vers Marseille,0,,1,4,0,1,3,0,1,, -1,1,0,1,90,7,12,2021,19:42,5,13,13019,1,1,0,5,A51-Sens Aix en Provence vers Marseille,43.418047,5.365838,19,4,4
202100050674,111Â 110,B01,1,1,1,5,0,-1,-1,0,0,-1,2021,52.0,2,1,0,0,1,2,5,,3,13,-1,,2,2,0,1,2,580,3,, -1,1,0,1,80,20,2,2021,14:15,1,56,56122,1,1,0,7,D 129,47.998607,-2.383802,14,2,2
202100016517,172Â 102,A01,1,1,1,1,8,0,-1,-1, -1,-1,2021,20.0,2,1,0,2,1,1,3,,3,DIJON (RUE DE),0,,2,2,0,1,(1),(1),1,, -1,1,0,1,50,27,9,2021,12:45,1,10,10343,2,2,0,3,DIJON (RUE DE),48.26714,4.08963,12,2,2
202100011745,180Â 724,A01,1,1,1,4,1,0,-1,-1, -1,-1,2021,26.0,2,5,0,2,1,1,1,,1,A13,0,,-1,3,0,1,29,899,1,, -1,1,0,1,130,22,10,2021,08:32,1,78,78206,1,1,0,4,A13,48.946237,1.947874,8,3,3
202100011598,180Â 996,B01,1,1,1,5,2,6,-1,-1, -1,-1,2021,59.0,2,1,0,2,1,1,1,,3,LEGAC ALAIN (RUE),0,,2,0,0,2,7,200,1,, -1,1,0,1,50,16,10,2021,15:15,1,35,35093,2,3,0,3,VILLOU ( BOULEVARD DU),48.63142,-2.07612,15,2,2
202100009904,183Â 989,A01,1,1,1,5,2,6,-1,-1, -1,-1,2021,22.0,3,1,0,0,7,1,1,,4,GRENET (AVENUE HENRI),0,,2,4,0,1,0,0,1,, -1,1,0,1,50,1,11,2021,16:55,1,64,64102,2,1,0,7,GRENET (AVENUE HENRI),43.50135,-1.47896,16,1,1
202100004253,194Â 152,A01,10,3,2,0,0,-1,-1,4,3,1,2021,24.0,1,5,0,1,1,15,1,,4,JACQUART (RUE) DU NÂ° 1 AU NÂ° 75 (IMPAIR),0,,2,2,0,1,(1),(1),1,, -1,1,0,1,50,6,12,2021,11:44,1,51,51454,2,2,0,7,Rue Jacquart,49.259,4.044,11,2,1
202100042469,125Â 706,B01,2,2,1,0,1,0,-1,-1, -1,-1,2021,28.0,3,2,0,2,0,0,1,,4,MARTIN (RUE DU GENDARME),0,,3,2,0,2,(1),(1),3,, -1,1,9,8,30,26,4,2021,18:00,1,42,42183,2,1,0,3,Rue du Gendarme Martin,45.4085,4.36363,18,3,2
202100010921,182Â 204,A01,2,2,2,0,1,0,-1,-1, -1,-1,2021,48.0,2,3,0,2,2,26,1,2.0,4,LYON (RUE DE),0,,2,2,0,2,0,0,1,, -1,1,5,1,50,26,10,2021,13:40,1,13,13215,2,3,0,3,LYON (RUE DE),43.3415,5.36032,13,3,2
202100015513,173Â 969,A01,10,3,1,0,0,-1,-1,1,B,1,2021,36.0,0,2,1,1,1,1,1,,4,DEPORTES (RUE DES),0,,2,2,0,1,(1),(1),1,, -1,1,0,1,50,28,9,2021,07:15,2,80,80164,2,1,0,3,DEPORTES (RUE DES),49.8952181096,2.3403410582,7,3,2
202100014895,175Â 087,A01,2,2,1,0,1,-1,-1,0,0,-1,2021,21.0,2,2,13,0,1,0,1,,3,77,0,D,2,2,0,1,1,800,1,, -1,1,0,1,80,3,10,2021,17:45,1,87,87003,1,1,0,7,La gorce,46.271824,1.354178,17,2,1
202100010875,182Â 287,A01,1,1,1,0,2,0,-1,-1, -1,-1,2021,50.0,2,1,0,2,1,13,1,,3,RD810,0,,2,2,0,2,0,0,1,, -1,2,0,1,70,26,10,2021,08:50,1,64,64545,1,3,0,3,RD810,43.3466,-1.75735,8,2,2
202100037739,134Â 210,C01,1,1,1,4,2,0,-1,-1, -1,-1,2021,30.0,1,1,0,2,7,18,1,,4,FRERES LUMIERE (DES)                (AV),0,,2,3,3,1,(1),(1),1,, -1,1,0,1,50,28,5,2021,13:15,1,69,69388,2,2,0,5,FRERES LUMIERE (DES)                (AV),45.74335,4.8743,13,3,3
202100021512,163Â 188,B01,1,1,2,5,1,-1,-1,0,0,-1,2021,16.0,2,2,0,2,3,1,1,,3,756,0,,2,2,0,1,18,432,1,, -1,1,0,1,70,18,8,2021,20:15,1,44,44071,1,1,0,5,"RD756, Ã  proximitÃ© de l'impasse des ClÃ©ons",47.175925,-1.384886,20,6,3
202100009344,185Â 004,A01,1,1,1,5,2,6,-1,0,0,-1,2021,16.0,1,1,0,2,1,17,1,,3,64,-1,D,2,1,0,1,5,640,1,,3,1,0,1,80,2,11,2021,14:30,1,31,31592,1,3,0,3,Route de Bretx,43.728985,1.198475,14,2,2
202100054192,104Â 883,A01,10,3,1,0,0,-1,-1,2,3,2,2021,5.0,0,2,0,1,8,1,1,,4,BIZET. AVENUE GEORGES (SUD),0,,-1,2,0,1,0,0,1,, -1,1,0,1,50,19,1,2021,19:00,5,76,76157,2,1,0,6,Avenue Georges Bizet,49.4575868487,1.0323054841,19,3,1
202100009352,184Â 990,B01,1,1,1,5,6,-1,-1,0,0,-1,2021,15.0,3,1,0,2,1,1,1,,3,5,-1,,2,2,0,1,0,800,1,, -1,1,0,1,50,6,11,2021,19:20,5,7,7132,2,1,0,1,Place des RÃ©collets,44.543475,4.294024,19,3,2
202100038376,133Â 043,A01,10,3,1,2,0,-1,-1,2,3,1,2021,12.0,2,2,0,1,1,1,1,,7,ESPAGNE (RTE D) DU 2AU 403,0,,3,1,0,1,0,10,1,, -1,1,0,1,30,25,5,2021,10:40,1,31,31555,2,1,0,6,ESPAGNE (RTE D) DU 2AU 403,43.57533,1.42409,10,2,1
202100026868,153Â 693,A01,1,1,2,1,2,0,-1,-1, -1,-1,2021,41.0,1,1,1,0,1,2,3,,4,FRATERNITE RUE DE LA,0,,2,2,0,1,1,0,1,, -1,1,0,1,30,27,7,2021,09:00,1,93,93063,2,1,0,3,Rue de la FraternitÃ©,48.87712,2.44573,9,2,2
202100046300,119Â 020,A01,1,1,1,0,1,-1,-1,0,0,-1,2021,73.0,2,2,0,2,3,1,1,,3,16,-1,,2,2,0,1,21,492,1,, -1,1,0,1,70,29,3,2021,10:00,1,77,77339,1,2,0,3,route dÃ©partmentale 16,48.378431,2.499754,10,2,2