Num_Acc,id_vehicule,num_veh,place,catu,sexe,trajet,secu1,secu2,secu3,locp,actp,etatp,year_acc,victim_age,senc,catv,obs,obsm,choc,manv,motor,occutc,catr,voie,v1,v2,circ,nbv,vosp,prof,pr,pr1,plan,lartpc,larrout,surf,infra,situ,vma,jour,mois,an,hrmn,lum,dep,com,agg_,int,atm,col,adr,lat,long,hour,nb_victim,nb_vehicules
202100017826,169Â 756,B01,1,1,1,1,2,0,-1,0,0,-1,2021,61.0,2,1,0,2,7,1,5,,7,THERMES (AVENUE DES),0,,1,2,0,1,(1),(1),1,, -1,1,0,1,50,20,9,2021,14:17,1,63,63075,2,5,0,3,THERMES (AVENUE DES),45.77591,3.06801,14,2,2
202100024568,157Â 746,B01,1,1,1,0,1,0,-1,-1, -1,-1,2021,52.0,3,1,1,2,2,0,0,,3,PASTEUR (BOULEVARD) DE 1 A 39,0,,3,0,0,1,0,0,1,, -1,1,0,1,50,12,8,2021,15:00,1,93,93027,2,1,0,3,PASTEUR (BOULEVARD) DE 1 A 39,48.92147,2.38334,15,2,2
202100037002,135Â 557,A01,10,3,2,9,0,-1,-1,4,3,1,2021,85.0,1,2,0,1,1,15,2,,4,GENERAL DE GAULLE (AVENUE DU),0,,2,2,0,1,(1),(1),1,, -1,1,9,6,50,1,6,2021,17:05,1,45,45208,2,3,0,6,Avenue du GÃ©nÃ©ral de Gaulle,48.0021878543,2.7348009646,17,2,1
202100052829,107Â 291,A01,1,1,1,5,2,6,-1,0,0,-1,2021,15.0,3,1,0,2,1,13,1,,4,,-1,,2,2,0,1,(1),(1),3,, -1,2,0,1,80,3,2,2021,12:05,1,24,24229,1,1,1,1,Route de Lage,45.142169,1.253553,12,2,2
202100039487,131Â 026,A01,1,1,1,0,2,8,-1,-1, -1,-1,2021,38.0,0,1,0,2,1,3,1,,9,LANDY (RUE DU) 34/29 =>,0,,2,2,0,1,0,0,1,, -1,1,9,1,30,18,5,2021,19:25,1,93,93001,2,9,0,3,LANDY (RUE DU) 34/29 =>,48.91546,2.36808,19,2,2
202100044746,121Â 734,A01,10,3,1,5,0,-1,-1,2,3,1,2021,54.0,1,2,0,1,1,15,1,,3,64,0,D,2,2,0,4,0,15,2,, -1,1,0,1,50,9,4,2021,10:20,1,3,3003,2,3,1,6,place victor hugo,46.711391,2.69473,10,2,1
202100049675,112Â 948,B01,1,1,1,1,2,0,-1,-1, -1,-1,2021,47.0,2,1,0,2,2,2,1,,3,JEAN JAURES (R),0,,2,4,0,1,1,0,1,, -1,1,0,1,50,1,3,2021,09:00,1,94,94017,2,1,0,3,JEAN JAURES (R),48.81389,2.50974,9,2,2
202100015599,173Â 801,A01,1,1,2,5,8,-1,-1,0,0,-1,2021,41.0,2,2,13,0,9,26,1,,3,RD 783,0,,2,2,0,1,31,900,1,, -1,2,5,3,70,2,10,2021,00:20,3,29,29039,1,2,0,6,RD 783,47.874201,-3.898287,0,1,1
202100028082,151Â 512,B01,1,1,2,5,1,-1,-1,-1,0,-1,2021,37.0,1,2,0,2,4,1,2,,3,RD 170 ,0,,3,6,0,1,16,0,1,, -1,1,0,1,90,20,7,2021,12:30,1,95,95277,1,1,0,2,RD 170 ,48.97814,2.45686,12,3,2
202100017940,169Â 558,A01,1,1,1,5,0,-1,-1,0,0,-1,2021,18.0,3,1,0,2,1,1,5,,4,,0,,2,2,0,2,(1),(1),1,,4,1,0,1,50,21,9,2021,15:45,1,973,97307,2,3,0,3,Carrefour Rue du Foulard et Rue Quadrille des Lanciers,4.8813646562,-52.3446563333,15,2,2
202100032422,143Â 822,A01,1,1,1,4,1,0,-1,-1, -1,-1,2021,35.0,2,5,0,2,4,2,1,,1,A50-Sens Aubagne vers Marseille,0,,3,3,0,1,0,500,1,, -1,1,0,1,90,25,6,2021,07:10,1,13,13210,1,1,0,2,A50-Sens Aubagne vers Marseille,43.28394,5.40266,7,2,2
202100029079,149Â 769,A01,10,3,2,0,0,-1,-1,3,3,1,2021,61.0,1,2,0,1,3,1,2,,4,CREPIEUX (DE)                       (CH),0,,2,2,0,2,(1),(1),1,, -1,1,0,1,50,13,7,2021,09:50,1,69,69034,2,1,0,6,CREPIEUX (DE) (CHM),45.80059,4.84896,9,2,1
202100053423,106Â 221,A01,1,1,1,5,1,5,-1,-1, -1,-1,2021,51.0,1,2,0,2,1,17,1,,3,ROUTE DEPARTEMENTALE 3,0,,2,2,0,1,0,0,3,, -1,1,0,1,70,27,1,2021,15:40,1,972,97213,1,1,0,5,ROUTE DEPARTEMENTALE 3,14.65657,-60.98608,15,4,3
202100038755,132Â 339,A01,1,1,1,5,1,-1,-1,-1, -1,-1,2021,72.0,1,2,8,0,1,16,1,,7,RD 29,0,,1,1,1,1,15,950,2,, -1,2,5,1,50,22,5,2021,18:55,1,35,35051,1,6,1,6,RD 29,48.154599,-1.595103,18,1,1
202100043919,123Â 168,B01,1,1,2,5,8,0,-1,-1, -1,-1,2021,13.0,3,1,0,2,0,0,5,,4,GENERAL MALLERET JOINVILLE (R DU),0,,2,2,0,1,109,0,1,, -1,1,0,1,50,14,4,2021,18:45,1,94,94081,2,1,0,3,GENERAL MALLERET JOINVILLE (R DU),48.78,2.4,18,2,2
202100022014,162Â 281,A01,1,1,1,1,2,-1,-1,0,0,-1,2021,60.0,2,1,0,2,1,17,1,,2,6,0,N,2,2,0,4,(1),(1),1,, -1,1,0,1,80,25,8,2021,18:41,2,971,97119,1,3,0,2,Balin,16.365439,-61.458485,18,2,2
202100051135,110Â 274,B01,1,1,1,1,2,-1,-1,0,0,-1,2021,28.0,1,1,0,2,1,1,1,,3,1,-1,,2,2,0,1,(1),(1),1,, -1,1,0,1,80,19,2,2021,07:15,2,33,33012,1,1,0,3,Route du Verdon,44.966369,-0.718596,7,2,2
202100006730,189Â 755,A01,1,1,1,5,1,0,-1,-1, -1,-1,2021,43.0,1,2,0,2,4,2,1,,3,VERDUN (AV DE),0,,1,1,0,1,38,0,1,, -1,1,0,1,50,22,11,2021,11:50,1,94,94041,2,1,0,2,Avenue de Verdun,48.81236,2.37064,11,2,2
202100052586,107Â 730,A01,1,1,1,5,2,6,-1,-1, -1,-1,2021,33.0,3,1,3,0,1,17,1,,4,CHAPIT RE ( RUE DU),0,,1,2,0,1,(1),(1),1,, -1,2,0,1,70,4,2,2021,14:30,1,93,93073,1,4,0,6,CHAPIT RE ( RUE DU),48.9860881703,2.5203943532,14,1,1
202100054302,104Â 695,A01,1,1,1,1,2,0,-1,-1, -1,-1,2021,25.0,2,1,0,2,0,3,1,,1,A4,0,,3,4,0,1,14,300,1,, -1,1,0,1,110,21,1,2021,08:30,1,93,93051,1,1,0,6,A4,48.83533521,2.5693477523,8,1,1
202100052584,107Â 734,A01,1,1,1,0,2,6,-1,-1, -1,-1,2021,17.0,1,1,0,2,1,17,1,,4,AV D ALFORTVILLE,0,,2,2,0,1,0,1,1,, -1,2,0,1,50,3,2,2021,13:45,1,94,94022,2,3,1,3,ALFORTVILLE (AV D),48.77264,2.41435,13,2,2
202100010881,182Â 278,A01,1,1,2,0,1,0,-1,0,0,-1,2021,66.0,2,2,0,2,1,19,1,,7,LAVOISIERS (BD),0,,1,3,0,1,(1),(1),1,, -1,1,0,1,50,22,10,2021,12:15,1,63,63113,2,2,0,3,LAVOISIERS (BD),45.784,3.07614,12,2,2
202100011487,181Â 196,A01,1,1,1,5,1,-1,-1,0,0,-1,2021,75.0,3,2,0,2,8,19,1,,3,,-1,,2,2,0,1,27,920,1,,4,1,5,1,90,23,10,2021,10:40,1,88,88157,1,2,0,3,Le Haut du Bas,48.093144,6.436336,10,3,2
202100022768,160Â 900,B01,1,1,1,0,1,-1,-1,-1, -1,-1,2021,57.0,2,2,3,0,5,0,1,,1,ROCADE A 630,0,,3,6,0,1,30,156,1,, -1,1,0,1,90,24,8,2021,01:50,5,33,33550,1,1,0,6,ROCADE A 630,44.777968,-0.564133,1,3,3
202100011900,180Â 455,A01,1,1,1,0,2,-1,-1,0,0,-1,2021,26.0,2,1,0,2,1,17,1,,2,22,-1,,2,2,0,1,8,800,1,, -1,2,0,1,50,21,10,2021,15:00,1,201,201001,1,1,1,3,"RT 22, zone industrielle de Baleon",41.960049,8.806465,15,2,2
202100016729,171Â 721,B01,1,1,1,5,2,-1,-1,0,0,-1,2021,45.0,1,1,0,2,1,1,5,,7,D125,0,D,2,2,0,1,32,900,1,, -1,1,0,1,80,19,9,2021,11:50,1,35,35131,1,2,0,3,RD 125,48.130568,-1.817199,11,2,2
202100018054,169Â 360,A01,1,1,1,5,1,-1,-1,0,0,-1,2021,34.0,1,2,3,0,7,1,1,,2,4,0,N,3,4,0,2,41,0,1,, -1,1,0,1,110,18,9,2021,07:49,1,55,55472,1,1,0,7,N4 - PK41,48.705966,5.475569,7,1,1
202100037457,134Â 709,A01,10,3,1,3,0,-1,-1,4,3,1,2021,42.0,1,2,0,1,1,15,1,,3,R GEORGES DIMITROV ,0,,1,6,0,2,1,0,1,, -1,1,0,1,50,30,5,2021,12:40,1,94,94017,2,2,0,6,Rue Georges Dimitrov,48.81364,2.51018,12,2,1
202100023242,160Â 073,A01,1,1,1,5,8,0,-1,-1, -1,-1,2021,63.0,1,1,0,2,7,1,5,,7,ANATOLE FRANCE (AV),0,,2,2,1,1,21,100,1,, -1,1,9,1,50,4,4,2021,14:00,1,69,69091,2,3,0,3,ANATOLE FRANCE (AV),45.57541,4.79039,14,2,2
202100031950,144Â 631,A01,10,3,2,1,8,8,-1,1,9,1,2021,19.0,1,2,0,1,1,23,1,,3,,0,,1,2,0,1,0,445,1,, -1,1,0,1,30,25,6,2021,17:40,1,4,4112,2,1,0,6,RD 5 (Bd Elemir Bourges),43.8327827731,5.7812138545,17,3,2
202100032516,143Â 644,A01,1,1,2,1,8,0,-1,0,0,-1,2021,27.0,2,1,0,2,2,19,3,,4,AVENUE D ITALIE,0,,2,4,0,4,(1),(1),1,, -1,1,0,1,50,24,6,2021,17:05,1,75,75113,2,1,0,3,AVENUE D ITALIE,48.818875,2.359549,17,2,2
202100044253,122Â 567,A01,1,1,1,1,1,0,-1,0,0,-1,2021,24.0,1,2,0,2,1,19,1,,7,CLOS NOTRE DAME (RUE DU),0,,1,2,0,1,(1),(1),1,, -1,1,0,1,50,12,4,2021,06:19,2,63,63113,2,2,0,3,FONTGIEVE (RUE),45.78219,3.07299,6,2,2
202100028920,150Â 036,A01,1,1,1,0,1,-1,-1,0,0,-1,2021,30.0,1,2,8,0,1,1,1,,3,60,-1,,2,2,0,1,2,900,1,, -1,1,0,3,80,14,7,2021,19:45,1,83,83007,1,1,0,6,Route de Fox Amphoux,43.621072,6.192663,19,1,1
202100049046,114Â 085,A01,10,3,2,0,0,-1,-1,3,3,1,2021,81.0,1,5,0,1,3,9,1,,2,JAURES (BOULEVARD JEAN),0,,3,4,0,1,0,0,1,, -1,1,0,1,70,3,3,2021,06:49,2,974,97411,1,1,0,6,Boulevard Jean JaurÃ¨s,-20.90114,55.49689,6,2,1
202100018630,168Â 334,B01,1,1,1,5,1,8,-1,-1, -1,-1,2021,45.0,1,2,0,2,6,10,1,,3,19,0,,3,4,0,1,0,0,1,, -1,1,0,1,50,14,9,2021,18:35,1,92,92036,2,1,0,2,BAS (RUE DES) (78   +),48.9190790087,2.2901605815,18,2,2
202100014367,176Â 030,A01,10,3,2,2,0,-1,-1,3,3,1,2021,18.0,2,2,0,1,3,1,2,,3,RD 2152,0,,2,2,0,1,21,816,1,, -1,1,0,1,50,8,10,2021,07:33,5,41,41047,2,1,0,6,RD 2152,47.6208,1.36974,7,2,1
202100017257,170Â 802,C01,1,1,1,5,2,-1,-1,0,0,-1,2021,42.0,1,1,0,9,1,2,0,,3,1,0,G,2,2,0,1,4,50,4,,"5,5",1,0,1,80,25,9,2021,16:00,1,10,10209,1,1,0,6,D 1 G,48.27571,4.302564,16,3,3
202100053879,105Â 438,A01,1,1,2,5,1,-1,-1,0,0,-1,2021,26.0,1,2,0,2,3,15,1,,3,611,-1,,2,2,0,1,25,800,1,, -1,1,0,1,80,24,1,2021,16:00,1,11,11132,1,3,0,1,Route dÃ©partementale 611 PK 25+800,43.106427,2.74214,16,3,2
202100004335,194Â 010,A01,1,1,1,1,1,-1,-1,0,0,-1,2021,52.0,3,2,13,0,1,1,1,,6,106,0,D,-1,-1,0,1,26,0,1,, -1,1,0,3,50,7,12,2021,08:10,1,16,16003,2,1,0,6,POnt d' Agris,45.776046,0.336421,8,1,1
202100029051,149Â 812,A01,2,2,2,5,8,-1,-1,0,0,-1,2021,15.0,0,2,13,0,2,1,1,,7,41,-1,E,2,3,0,2,(1),(1),3,, -1,1,0,1,-1,14,7,2021,20:25,1,13,13022,1,1,0,3,D41e,43.236721,5.544272,20,2,1
202100023535,159Â 571,B01,1,1,1,1,2,6,9,0,0,-1,2021,55.0,1,1,0,2,1,1,1,,3,2,0,D,2,2,0,3,50,(1),3,, -1,1,0,1,80,20,8,2021,07:50,1,74,74220,1,1,0,1,Rte d Annemasse,46.147718,6.261815,7,2,2
202100031087,146Â 176,A01,1,1,1,9,1,0,-1,-1, -1,-1,2021,34.0,1,2,3,0,0,21,1,,1,PLEIN PONT,0,,-1,2,0,1,1,0,1,, -1,1,0,1,90,27,6,2021,21:35,2,49,49267,2,1,0,7,PLEIN PONT,47.47333,-0.50702,21,1,1
202100021355,163Â 482,A01,2,2,1,1,1,-1,-1,0,0,-1,2021,21.0,2,2,0,6,7,21,1,,2,57,0,,2,2,0,1,23,500,2,, -1,1,0,1,80,3,9,2021,04:50,3,70,70055,1,1,0,6,route de VESOUL,47.766431,6.34159,4,2,1
202100025633,155Â 867,Z01,10,3,1,9,8,8,-1,2,3,1,2021,55.0,2,2,0,1,1,1,0,,4,QUAI DE GESVRES,0,,1,2,0,1,(1),(1),1,, -1,1,0,1,50,4,8,2021,05:25,5,75,75104,2,2,0,6,QUAI DE GESVRES,48.856721,2.348934,5,2,1
202100006379,190Â 392,A01,10,3,2,3,0,-1,-1,1,3,1,2021,73.0,3,2,0,1,2,20,1,,9,HERIDIA (RUE JOSE-MARIA DE),0,,2,2,0,1,0,1,1,, -1,1,9,1,10,19,11,2021,18:20,2,24,24037,2,9,0,6,HERIDIA (RUE JOSE-MARIA DE),44.8607323146,0.4808181524,18,2,1
202100015642,173Â 713,B01,2,2,2,5,2,0,-1,-1, -1,-1,2021,27.0,1,1,0,2,1,1,1,,4,BOULEVARD EDGAR QUINET,0,,1,2,0,2,(1),(1),1,, -1,2,0,1,30,2,10,2021,01:27,5,75,75114,2,3,1,6,BOULEVARD EDGAR QUINET,48.842026,2.322817,1,3,2
202100001569,199Â 007,B01,2,2,1,0,1,8,-1,-1, -1,-1,2021,69.0,1,2,0,2,3,1,1,,4,REPUBLIQUE (BD DE LA),0,,2,2,0,1,(1),(1),1,, -1,1,0,1,50,23,12,2021,12:00,1,973,97302,2,1,0,1,REPUBLIQUE (BD DE LA),4.93762,-52.32416,12,3,2
202100025437,156Â 195,B01,1,1,1,5,2,-1,-1,0,0,-1,2021,55.0,1,1,0,2,1,1,1,,3,RD215,0,,2,2,0,1,3,172,1,, -1,1,0,1,50,5,8,2021,09:48,1,65,65251,1,3,0,3,RD215,43.214877,0.085375,9,2,2
202100040727,128Â 815,A01,10,3,1,1,0,-1,-1,2,3,1,2021,55.0,3,2,0,1,4,26,1,,4,MATHERON CLEMENT,0,,2,2,0,1,(1),(1),1,, -1,1,9,1,30,7,5,2021,18:55,1,95,95280,2,7,0,6,MATHERON CLEMENT,49.02421,2.46285,18,2,1
202100053042,106Â 910,A01,1,1,1,5,2,6,-1,-1, -1,-1,2021,67.0,2,1,0,2,1,3,1,,2,MACE (BOULEVARD GABRIEL),0,,2,1,0,1,(1),(1),1,, -1,1,0,1,30,30,1,2021,10:45,1,974,97411,2,3,0,3,Boulevard Gabriel MacÃ©,-20.872704,55.448636,10,2,2
202100039807,130Â 426,Y01,2,1,1,1,8,0,-1,-1, -1,-1,2021,40.0,3,1,0,2,1,1,0,,4,RUE DU POITOU,0,,2,1,1,1,0,0,1,, -1,2,9,6,50,15,5,2021,08:45,1,91,91103,2,9,1,3,RUE DU POITOU,48.58843,2.30065,8,2,2
202100039691,130Â 633,A01,1,1,2,0,2,0,-1,0,0,-1,2021,37.0,1,1,0,2,1,25,5,,4,,0,,1,2,1,1,(1),(1),1,, -1,1,0,1,30,16,5,2021,14:39,1,54,54395,2,2,0,6,BAZIN (RUE HENRI) + (SENTIER),48.69707,6.1949,14,3,3
202100022910,160Â 669,B01,1,1,2,5,2,8,-1,-1, -1,-1,2021,60.0,1,0,0,2,1,1,3,,4,ACCONIERS (RUE DES),0,,2,1,0,1,(1),(1),2,, -1,1,0,8,30,22,8,2021,19:27,1,34,34172,2,1,0,1,ACCONIERS (RUE DES),43.59544,3.90104,19,2,2
202100002170,197Â 906,A01,1,1,1,0,8,-1,-1,0,0,-1,2021,32.0,2,2,4,0,1,0,1,,1,28,-1,,3,4,0,1,23,900,2,, -1,1,2,8,130,21,12,2021,11:00,1,37,37054,1,1,0,6,A28 23+900,47.4776518292,0.699987486,11,1,1
202100007329,188Â 651,A01,1,1,1,4,2,6,-1,0,0,-1,2021,63.0,1,1,0,9,0,3,1,,4,PORTE DE PASSY,0,,1,4,0,1,13,900,1,, -1,1,1,1,70,19,11,2021,13:00,1,75,75116,2,1,0,6,PORTE DE PASSY,48.860164,2.263554,13,1,1
202100026913,153Â 606,A01,1,1,1,9,1,-1,-1,0,0,-1,2021,33.0,2,2,2,0,2,15,1,,3,17,0,,2,2,0,2,20,450,2,, -1,2,0,1,80,27,7,2021,23:40,3,77,77203,1,1,1,6,D17,48.977485,2.963251,23,1,1
202100028491,150Â 789,A01,1,1,1,5,2,6,-1,-1, -1,-1,2021,20.0,3,1,0,2,1,13,1,,4,,0,,2,2,0,1,(1),(1),1,, -1,1,0,1,30,16,7,2021,17:45,1,4,4112,2,3,0,1,Hopital de Manosque,43.8295481323,5.8049259749,17,2,2
202100048733,114Â 652,B01,1,1,1,1,2,6,-1,0,0,-1,2021,20.0,2,1,0,2,1,1,1,,2,22,-1,,2,2,0,1,(1),(1),1,, -1,1,0,1,50,9,3,2021,16:55,1,201,201001,2,1,0,3,T. 22,41.957323,8.800776,16,2,2
202100047594,116Â 685,B01,1,1,1,1,8,8,-1,0,0,-1,2021,27.0,2,2,0,2,9,1,2,,1,A4,0,,-1,4,0,1,6,0,1,, -1,1,0,1,90,17,3,2021,19:15,1,75,75112,1,1,0,4,A4,48.8247895956,2.4633968001,19,6,4
202100030954,146Â 427,B01,2,2,2,4,1,-1,-1,-1, -1,-1,2021,25.0,1,2,0,2,4,2,1,,1,AUTOROUTE A 62,0,,3,4,0,1,4,41,1,, -1,1,0,1,130,4,7,2021,01:55,3,33,33080,1,1,0,2,AUTOROUTE A 62,44.739036,-0.534809,1,5,2
202100010447,183Â 049,A01,1,1,1,0,1,-1,-1,0,0,-1,2021,75.0,1,2,2,0,1,1,1,,3,142,-1,,2,2,0,1,6,275,1,, -1,2,0,3,80,29,10,2021,12:00,1,76,76385,1,1,0,7,Route de Pavilly,49.59889,0.94486,12,1,1
202100049127,113Â 938,A01,10,3,2,5,0,-1,-1,3,3,1,2021,70.0,2,1,0,1,1,1,1,,4,RUE DE RENNES,0,,-1,2,0,2,(1),(1),1,, -1,2,0,1,30,4,3,2021,16:00,1,75,75106,2,1,0,6,RUE DE RENNES,48.846122,2.326056,16,2,1
202100042363,125Â 905,A01,10,3,1,1,0,-1,-1,2,0,1,2021,45.0,1,3,0,1,0,1,0,1.0,4,AV AUBERT,0,,1,1,2,1,1,0,1,, -1,1,0,1,30,27,4,2021,08:00,1,94,94080,2,3,0,6,Avenue Aubert,48.847515,2.429028,8,2,1
202100051300,109Â 978,A01,1,1,2,5,1,0,-1,-1, -1,-1,2021,39.0,0,2,0,2,3,1,1,,4,PROVENCE (AVENUE DE),0,,-1,2,1,1,0,0,3,, -1,2,0,1,30,16,2,2021,13:45,1,13,13002,2,1,1,3,PROVENCE (AVENUE DE),43.329,5.48,13,2,2
202100042133,126Â 315,A01,1,1,2,5,0,-1,-1,0,0,-1,2021,72.0,3,1,0,0,4,9,5,,4,,0,,2,2,1,1,(1),(1),1,,7,1,0,1,50,29,4,2021,17:45,1,44,44047,2,1,0,2,Rue de la MinÃ©e,47.234559,-1.67247,17,2,2
202100016390,172Â 336,A01,2,2,2,2,2,-1,-1,0,0,-1,2021,18.0,2,1,0,2,2,17,1,,2,1,0,N,2,2,0,1,4,700,1,,7,1,0,1,70,29,9,2021,06:30,1,976,97610,1,1,0,3,Majikavo Koropa,-12.746412,45.226631,6,3,2
202100009680,184Â 405,C01,3,2,2,5,1,-1,-1,0,0,-1,2021,8.0,2,2,0,2,5,1,1,,1,63,0,A,3,4,0,1,16,900,1,, -1,2,0,1,130,3,11,2021,12:10,1,33,33029,1,1,1,4,A63,44.684857,-0.781832,12,9,4
202100048118,115Â 735,A01,10,3,1,0,0,-1,-1,9,B,-1,2021,0.0,1,2,0,1,7,0,1,,4,DEBOURG                             (AV),0,,2,3,1,1,(1),(1),1,, -1,2,0,1,50,13,3,2021,19:55,5,69,69387,2,1,1,6,DEBOURG (AV),45.73101,4.8347,19,2,1
202100043248,124Â 356,B01,1,1,2,5,1,-1,-1,0,0,-1,2021,51.0,2,2,6,2,1,1,1,,3,87,-1,A,2,2,0,1,6,300,1,, -1,1,0,1,-1,21,4,2021,17:40,1,31,31341,1,1,0,5,Route des Platanes,43.719432,1.324046,17,7,3
202100020890,164Â 309,A01,10,3,2,5,0,-1,-1,8,5,2,2021,6.0,3,2,0,1,2,15,1,,6,GAULLE(AVENUE DU GENERAL DE),0,,-1,0,0,1,1,0,2,, -1,1,9,8,10,4,9,2021,20:05,2,94,94028,2,1,0,6,Avenue du GÃ©nÃ©ral de Gaulle,48.77934,2.45893,20,3,1
202100018176,169Â 122,B01,1,1,1,1,2,0,-1,0,0,-1,2021,51.0,2,1,0,2,1,16,3,,4,RUE DE CHARONNE,0,,2,2,1,2,(1),(1),1,, -1,1,0,5,30,18,9,2021,18:30,1,75,75111,2,2,0,3,RUE DE CHARONNE,48.854693,2.385418,18,2,2
202100007004,189Â 239,A01,1,1,1,0,2,0,-1,-1, -1,-1,2021,39.0,2,1,0,2,1,17,1,,2,PALAIS ROYAL,0,,2,1,0,2,(1),(1),1,, -1,2,0,1,70,20,11,2021,16:44,1,971,97101,2,3,1,3,PALAIS ROYAL,16.28768,-61.49478,16,2,2
202100034150,140Â 719,A01,1,1,1,5,2,-1,-1,0,0,-1,2021,80.0,2,1,16,0,9,1,5,,3,809,0,D,2,2,0,2,14,41,2,,4,1,0,3,80,15,6,2021,14:15,1,61,61232,1,4,1,7,Oissel Sud,48.627218,-0.662881,14,1,1
202100002121,198Â 005,A01,1,1,1,5,2,-1,-1,-1, -1,-1,2021,38.0,3,1,0,2,1,1,1,,4,JACARANDAS (CITE),0,,2,2,0,1,(1),(1),1,, -1,1,0,1,50,19,12,2021,01:20,5,973,97302,2,1,0,1,JACARANDAS (CITE),4.9349999048,-52.316267252,1,3,2
202100001656,198Â 845,A01,1,1,1,9,1,-1,-1,0,0,-1,2021,20.0,2,2,2,0,8,1,1,,3,91,-1,,2,2,0,2,(1),(1),2,, -1,6,0,3,80,25,12,2021,00:30,3,87,87008,1,1,1,6,Le Monteil,46.246187,1.071897,0,1,1
202100022935,160Â 627,B01,2,2,2,5,1,-1,-1,0,0,-1,2021,21.0,2,2,0,2,8,1,1,,3,48,0,D,2,2,0,1,(1),(1),4,, -1,1,0,1,80,22,8,2021,21:30,3,201,201272,1,1,0,3,D48,41.585978,8.927464,21,3,2
202100017352,170Â 629,A01,1,1,1,5,2,6,-1,-1, -1,-1,2021,36.0,2,1,0,2,8,15,1,,2,ROUTE NATIONALE 230,0,,3,4,0,1,42,620,2,, -1,1,3,1,50,23,9,2021,15:20,1,33,33249,2,3,0,3,Rocade Rive Droite N230 -E26-,44.867879,-0.506475,15,2,2
202100003963,194Â 663,B01,6,2,2,9,2,-1,-1,-1, -1,-1,2021,3.0,2,1,0,2,2,1,5,,4,DOCTEUR LONG (DU)                   (CO),0,,1,1,0,1,(1),(1),1,, -1,2,0,1,30,8,12,2021,11:10,1,69,69383,2,2,1,3,DOCTEUR LONG (DU) (CR),45.75102,4.88913,11,4,2
202100054677,104Â 049,C01,1,1,1,0,1,0,-1,-1, -1,-1,2021,31.0,2,2,0,2,6,1,1,,7,WAMBRECHIES RUE DE,0,,2,2,0,1,(1),(1),1,, -1,5,0,1,50,16,1,2021,17:30,2,59,59386,2,3,1,5,WAMBRECHIES RUE DE,50.67855,3.06378,17,7,3
202100019131,167Â 430,A01,10,3,2,0,0,-1,-1,1,3,1,2021,77.0,2,2,0,1,4,4,1,,4,ALPES (AVENUE  DES ),0,,2,2,0,1,0,1,1,, -1,1,0,1,50,11,9,2021,10:01,1,5,5061,2,1,0,6,ALPES (AVENUE  DES ),44.56314,6.08482,10,2,1
202100003678,195Â 184,A01,1,1,2,2,1,-1,-1,-1, -1,-1,2021,53.0,2,2,0,2,1,1,1,,3,POULGUINAN PONT DE,0,,3,4,0,1,69,500,1,, -1,2,2,1,70,10,12,2021,09:00,1,29,29232,2,1,1,6,D785 - Pont de Poulguinan,47.98383,-4.11649,9,2,1
202100034132,140Â 755,A01,2,2,2,5,2,8,-1,-1, -1,-1,2021,16.0,1,1,1,2,5,17,1,,3,9,0,,2,2,0,1,0,0,1,, -1,1,0,1,50,15,6,2021,17:29,1,92,92036,2,2,0,5,GRESILLONS (AVENUE DES) (103/139),48.916365,2.304926,17,4,3
202100026037,155Â 140,A01,1,1,1,5,2,6,-1,0,0,-1,2021,17.0,3,1,8,0,7,21,1,,4,,-1,,2,2,0,1,(1),(1),4,,4,1,0,3,-1,1,8,2021,16:15,1,76,76686,2,1,0,7,Rue des Chataigniers,49.767403,0.54046,16,1,1
202100013965,176Â 738,B01,1,1,2,1,1,-1,-1,-1, -1,-1,2021,44.0,2,2,0,2,8,2,1,,1,ROCADE A 630,0,,3,8,0,1,25,648,1,, -1,1,0,1,90,11,10,2021,08:20,1,33,33192,1,1,0,5,ROCADE A 630,44.78981,-0.61506,8,3,3
202100002807,196Â 751,A01,1,1,1,1,2,6,-1,-1, -1,-1,2021,22.0,1,1,0,2,1,3,1,,3,PINCE VENT (AV DE),0,,2,2,0,1,1,0,1,, -1,1,0,1,50,14,12,2021,08:25,1,94,94055,2,3,0,3,Avenue de Pince Vent,48.78941,2.54894,8,2,2
202100028787,150Â 260,B01,1,1,1,4,1,-1,-1,-1,0,-1,2021,52.0,1,2,0,2,4,23,1,,1,AUTOROUTE A1,0,,3,6,0,1,14,199,1,, -1,1,0,1,110,16,7,2021,12:30,1,95,95277,1,1,0,2, A1,48.97451,2.48907,12,2,2
202100034159,140Â 701,A01,2,2,1,5,8,-1,-1,0,0,-1,2021,22.0,1,2,6,0,1,1,1,,3,125,0,,2,2,0,1,8,6,2,, -1,1,0,4,50,15,6,2021,04:30,3,45,45093,2,1,0,6,166 Rue du Couvent,48.038553,1.911932,4,2,1
202100008822,185Â 975,B01,1,1,2,1,1,-1,-1,-1, -1,-1,2021,19.0,1,2,4,2,8,1,1,,1,A46S   40.883 A 43.680,0,,3,4,0,1,43,200,1,, -1,2,0,1,90,8,11,2021,00:25,3,69,69290,1,1,1,4,A46S,45.68462,4.96192,0,4,3
202100036145,137Â 076,A01,1,1,1,5,0,-1,-1,0,0,-1,2021,12.0,1,1,0,0,0,26,5,,3,216,0,D,2,2,0,1,(1),(1),1,, -1,1,0,1,50,6,6,2021,17:40,1,3,3021,2,1,0,7,Les Bignards,46.118332,3.120139,17,1,1