Num_Acc,id_vehicule,num_veh,place,catu,sexe,trajet,secu1,secu2,secu3,locp,actp,etatp,year_acc,victim_age,senc,catv,obs,obsm,choc,manv,motor,occutc,catr,voie,v1,v2,circ,nbv,vosp,prof,pr,pr1,plan,lartpc,larrout,surf,infra,situ,vma,jour,mois,an,hrmn,lum,dep,com,agg_,int,atm,col,adr,lat,long,hour,nb_victim,nb_vehicules
202100026036,155Â 143,A01,2,2,1,4,1,-1,-1,0,0,-1,2021,39.0,1,5,0,2,2,17,1,,2,24,0,,3,4,0,1,18,500,1,, -1,2,0,1,110,30,7,2021,21:20,3,56,56165,1,1,1,2,N24,47.920872,-2.353113,21,3,2
202100002617,197Â 105,B01,1,1,1,2,2,8,-1,-1, -1,-1,2021,24.0,3,1,0,2,1,1,1,,4,FRANCE (PLACE ANATOLE),0,,2,4,0,1,(1),(1),1,, -1,1,0,1,50,16,12,2021,12:50,1,37,37261,2,1,0,3,FRANCE (PLACE ANATOLE),47.3966661311,0.6860688329,12,2,2
202100052015,108Â 732,B01,1,1,1,0,8,-1,-1,-1, -1,-1,2021,82.0,1,1,0,2,1,1,0,,4,AVE DU TRUC,0,,2,2,2,1,(1),(1),1,, -1,2,0,5,50,9,2,2021,15:00,1,33,33281,2,3,1,3,Avenue du Truc,44.84929,-0.6545,15,2,2
202100029966,148Â 233,A01,10,3,1,0,0,-1,-1,9,B,1,2021,51.0,1,1,0,1,1,0,5,,4,GEORGES WODLI (RUE),0,,1,3,3,1,0,0,1,, -1,2,0,1,50,8,7,2021,10:00,1,67,67482,2,1,1,6,GEORGES WODLI (RUE),48.58766,7.73883,10,2,1
202100054011,105Â 207,A01,1,1,1,5,1,-1,-1,-1, -1,-1,2021,28.0,1,2,3,2,2,21,1,,7,383,0,,3,10,0,1,13,800,1,, -1,2,0,1,70,22,1,2021,23:40,5,69,69259,1,1,1,5,LAURENT BONNEVAY (BD),45.7172968343,4.8585855961,23,3,3
202100054729,103Â 964,A01,4,2,2,5,1,3,-1,0,0,-1,2021,3.0,1,2,15,0,1,16,1,,1,,-1,,-1,-1,0,2,295,600,3,, -1,7,3,3,50,17,1,2021,23:25,3,21,21054,1,1,0,6,A6 - Aire du Rossignol,47.057431,4.791579,23,4,1
202100006782,189Â 663,A01,2,2,2,3,1,-1,-1,0,0,-1,2021,86.0,2,2,1,0,2,14,1,,2,,0,,3,2,0,1,70,328,1,,4,2,0,3,50,24,11,2021,10:00,1,34,34325,2,1,1,6,Avenue de BÃ©ziers,43.419902,3.364772,10,2,1
202100009100,185Â 441,A01,10,3,1,5,0,-1,-1,2,5,1,2021,15.0,2,2,0,1,1,1,1,,4,RUE DU BOCAGE CAUD,0,,2,2,0,1,(1),(1),1,, -1,2,0,1,50,6,11,2021,06:47,2,33,33063,2,1,0,6,Rue du Bocage,44.852,-0.5997,6,2,1
202100006417,190Â 323,A01,1,1,1,0,2,-1,-1,-1, -1,-1,2021,15.0,2,1,0,2,1,1,1,,4,COURCELLES (RUE DE) DU 223 A FIN ET 102,0,,2,4,1,1,(1),(1),1,, -1,1,0,1,50,23,11,2021,12:25,1,51,51454,2,1,0,1,Rue de Courcelles,49.266989531,4.0020322055,12,2,2
202100046314,118Â 992,B01,1,1,1,5,2,6,-1,0,0,-1,2021,71.0,1,1,3,2,1,1,1,,3,,-1,,2,2,0,2,10,750,4,, -1,8,2,1,70,27,3,2021,14:20,1,85,85112,1,1,0,1,D32,46.586304,-1.762056,14,2,2
202100027831,151Â 967,B01,1,1,1,1,2,-1,-1,0,0,-1,2021,24.0,1,1,0,2,1,1,1,,3,941,0,D,2,2,0,1,9,480,1,0,7,1,2,1,50,21,7,2021,18:30,1,16,16070,2,7,0,1,boulevard de verdun,45.874406,0.719669,18,2,2
202100029761,148Â 590,A01,10,3,1,3,0,-1,-1,3,3,1,2021,84.0,2,2,0,1,2,1,1,,3,CURIE (RUE PIERRE),0,,2,2,1,1,53,1440,1,, -1,1,0,1,50,3,7,2021,09:50,1,70,70550,2,1,0,6,CURIE (RUE PIERRE),47.6127984213,6.1527242884,9,2,1
202100003715,195Â 108,B01,1,1,2,1,1,8,-1,-1, -1,-1,2021,41.0,2,2,0,2,1,1,1,,2,RN2,0,,2,2,0,1,58,842,1,, -1,1,3,1,80,8,12,2021,17:30,3,2,2408,2,1,0,5,RN2,49.54848,3.61819,17,4,3
202100052262,108Â 290,A01,10,3,1,3,0,-1,-1,1,3,1,2021,42.0,1,2,0,1,3,1,1,,4,,-1,,2,2,0,1,0,0,1,, -1,1,0,1,50,9,1,2021,18:00,5,46,46309,2,1,0,6,Avenue Martin Malvy,44.89702,1.470777,18,3,1
202100050925,110Â 648,A01,1,1,1,9,2,6,-1,0,0,-1,2021,19.0,3,1,0,2,3,1,1,,4,RUE DU COMMANDANT L HERMINIER,0,,3,4,0,1,(1),(1),1,, -1,1,-1,5,50,19,2,2021,15:05,1,75,75120,2,2,0,3,RUE DU COMMANDANT L HERMINIER,48.846709,2.415874,15,2,2
202100054593,104Â 196,A01,1,1,1,0,1,-1,-1,-1, -1,-1,2021,59.0,1,2,15,2,1,13,1,,4,AVENUE DE VIRECOURT,0,,3,2,0,2,(1),(1),1,, -1,1,0,1,50,18,1,2021,09:30,1,33,33013,2,1,0,3,Avenue de Virecourt,44.85448,-0.49951,9,2,2
202100024796,157Â 330,A01,1,1,1,5,2,6,2,0,0,-1,2021,65.0,1,1,2,0,1,0,1,,3,,-1,,2,2,0,1,23,0,2,, -1,1,0,3,80,10,8,2021,11:45,1,25,25464,1,1,0,6,,46.723716,6.152317,11,1,1
202100022123,162Â 085,A01,10,3,2,0,0,-1,-1,5,1,1,2021,39.0,1,5,0,1,8,1,1,,4,DOCTEUR LEONCE-BASSET(RUE),0,,-1,1,0,1,0,0,1,, -1,1,0,1,50,28,8,2021,00:00,5,93,93070,2,1,0,6,DOCTEUR LEONCE-BASSET(RUE),48.91502,2.33551,0,2,1
202100014674,175Â 483,B01,1,1,1,1,2,4,-1,0,0,-1,2021,10.0,3,1,0,2,1,19,6,,4,,0,,2,2,0,1,0,(1),1,,4,1,0,1,50,8,10,2021,07:30,1,83,83148,2,1,0,3,Boulevard des Pins Parasols,43.42965,6.436502,7,2,2
202100001995,198Â 232,B01,1,1,1,0,8,-1,-1,-1, -1,-1,2021,23.0,0,1,0,2,8,15,5,,4,COMBATTANTS EN AFN 1952-1962 (DES)  (AV),0,,2,3,2,1,(1),(1),1,, -1,2,0,1,50,20,12,2021,06:45,5,69,69286,2,1,1,3,COMBATTANTS EN AFN 1952-1962 (DES) (AV),45.8165,4.8926,6,2,2
202100015168,174Â 597,A01,2,2,2,0,1,-1,-1,0,0,-1,2021,80.0,0,2,0,0,1,13,2,,2,31,0,,2,2,0,1,7,450,1,, -1,1,0,1,90,6,10,2021,16:45,1,60,60187,1,1,0,5,,49.441043,1.852612,16,4,3
202100017148,170Â 987,A01,10,3,2,1,0,-1,-1,8,3,1,2021,80.0,3,5,0,1,4,4,1,,9,DESCHANDELLIERS (PASSAGE),0,,2,1,0,1,0,0,1,, -1,1,0,1,30,23,9,2021,12:40,1,92,92012,2,1,0,6,DESCHANDELLIERS (PASSAGE),48.82732,2.24643,12,2,1
202100024428,158Â 017,B01,1,1,2,1,1,-1,-1,0,0,-1,2021,39.0,1,2,0,2,2,1,1,,4,,0,,2,2,0,1,(1),(1),1,,"5,5",1,0,1,50,13,8,2021,10:20,1,69,69244,2,9,0,3,FINAT DUCLOS (CHM),45.756927,4.744807,10,2,2
202100040946,128Â 429,B01,1,1,1,9,2,0,-1,0,0,-1,2021,35.0,2,0,0,2,8,18,3,,4,RUE BOUCRY,0,,1,1,0,1,(1),(1),1,, -1,1,0,1,50,7,5,2021,10:50,1,75,75118,2,1,0,3,RUE BOUCRY,48.894327,2.361282,10,3,2
202100020666,164Â 691,A01,1,1,1,4,1,0,-1,-1, -1,-1,2021,22.0,1,5,0,2,2,1,1,,1,A4,0,,-1,4,0,1,4,0,1,, -1,1,0,1,90,6,9,2021,16:40,1,94,94069,1,1,0,2,A4,48.8173109429,2.4424371778,16,2,2
202100013381,177Â 812,A01,1,1,1,1,2,6,-1,0,0,-1,2021,45.0,1,1,0,2,7,3,1,,4,PORTE DE MONTREUIL,0,,1,4,0,1,30,600,1,, -1,1,0,1,70,13,10,2021,19:50,5,75,75120,2,1,0,2,PORTE DE MONTREUIL,48.858133,2.41411,19,2,2
202100042930,124Â 932,B01,1,1,1,3,2,0,-1,-1, -1,-1,2021,26.0,1,1,0,2,1,1,1,,4,BARBUSSE (AVENUE HENRI),0,,2,0,0,1,0,0,1,, -1,1,0,1,50,23,4,2021,14:20,1,93,93027,2,1,0,3,BARBUSSE (AVENUE HENRI),48.93,2.39,14,2,2
202100035531,138Â 197,A01,1,1,1,1,2,6,-1,0,0,-1,2021,60.0,2,1,0,2,1,3,1,,4,PORTE MAILLOT,0,,1,4,0,1,16,0,1,, -1,1,0,1,70,7,6,2021,07:35,1,75,75116,2,1,0,4,PORTE MAILLOT,48.876429,2.278361,7,3,3
202100043743,123Â 496,B01,1,1,1,5,0,-1,-1,-1,0,-1,2021,7.0,3,1,0,2,1,5,5,,6,MALESHERBE (RESIDENCE),0,,-1,-1,0,1,(1),(1),2,, -1,1,0,1,30,16,4,2021,19:30,2,95,95585,2,1,0,1,MALESHERBE (RESIDENCE),48.98515,2.3806,19,2,2
202100055579,102Â 510,A01,2,2,1,3,1,-1,-1,0,0,-1,2021,10.0,2,2,3,0,1,16,1,,3,11,-1,,2,1,0,1,(1),(1),4,, -1,1,0,3,50,11,1,2021,15:30,1,59,59089,2,6,0,6,route de granveline,50.86622,2.348622,15,2,1
202100037000,135Â 559,A01,10,3,2,5,0,-1,-1,4,3,1,2021,56.0,3,2,0,1,3,26,1,,4,ARAGON AVENUE,0,,-1,2,0,1,1,0,1,, -1,1,0,1,50,31,5,2021,13:15,1,49,49007,2,1,0,6,ARAGON AVENUE,47.47214,-0.56646,13,2,1
202100002072,198Â 094,A01,1,1,1,0,2,-1,-1,0,0,-1,2021,50.0,1,1,13,0,0,13,1,,3,D20,0,,2,2,0,4,(1),(1),1,, -1,1,0,8,80,22,12,2021,02:28,3,22,22127,1,1,0,7,Kerbroc H,48.799475,-3.106921,2,1,1
202100047236,117Â 329,B01,1,1,1,0,2,8,-1,-1, -1,-1,2021,72.0,1,1,0,2,3,1,1,,4,ENCO DE BOTTE (RTE),0,,2,2,0,1,0,0,1,, -1,1,0,1,30,20,3,2021,09:40,1,13,13002,2,1,1,1,ENCO DE BOTTE (RTE),43.3221331421,5.4795520419,9,2,2
202100000694,200Â 473,A01,1,1,1,5,1,0,-1,-1, -1,-1,2021,29.0,0,2,0,2,3,1,1,,7,GLACIERE ( RUE DE LA ),0,,-1,2,0,1,1,233,1,, -1,1,0,1,50,1,4,2021,18:10,1,13,13117,2,3,0,3,GLACIERE ( RUE DE LA ),43.42323,5.24111,18,2,2
202100002736,196Â 879,A01,10,3,1,9,8,8,-1,1,3,1,2021,32.0,1,2,0,1,1,19,1,,2,ROUTE NATIONALE 1,0,,3,4,0,1,5,500,1,, -1,1,0,1,90,14,12,2021,19:50,5,972,97213,1,1,0,6,ROUTE NATIONALE 1,14.62131,-60.9914,19,2,1
202100056516,100Â 886,B01,1,1,1,5,1,-1,-1,0,0,-1,2021,19.0,2,2,0,2,3,1,1,,3,538,-1,,2,2,0,2,49,24,2,, -1,2,0,1,80,1,1,2021,18:00,3,26,26064,1,1,1,1,Route dÃ©partementale 538,44.91121,5.019636,18,2,2
202100045919,119Â 679,A01,10,3,2,5,0,-1,-1,2,5,1,2021,35.0,3,2,0,1,2,1,1,,4,INTENDANT LE NAIN (RUE DE L'),0,,2,3,0,1,(1),(1),1,, -1,1,2,1,50,29,3,2021,21:15,5,86,86194,2,1,0,6,Rue de lâIntendant le Nain,46.591045,0.340315,21,2,1
202100032723,143Â 278,B01,3,2,2,1,8,0,-1,-1, -1,-1,2021,50.0,1,3,0,2,5,15,1,2.0,3,986,0,,1,2,0,1,0,0,1,, -1,1,0,1,50,23,6,2021,06:45,2,92,92050,2,2,0,2,FRANCE ANATOLE RUE,48.9035933811,2.2052331269,6,3,2
202100049206,113Â 802,A01,1,1,2,0,1,0,-1,-1, -1,-1,2021,41.0,1,2,0,2,3,11,1,,2,13,0,,3,8,0,1,8,399,1,, -1,1,0,1,70,5,3,2021,08:05,1,92,92051,1,1,0,3,N13,48.8863277201,2.255840441,8,3,2
202100032446,143Â 781,B01,1,1,1,5,2,0,-1,-1, -1,-1,2021,76.0,2,0,0,2,1,1,3,,7,ROUTE DE STRASBOURG                 (RO),0,,2,3,0,1,4,100,1,, -1,1,0,1,50,23,6,2021,17:30,1,69,69286,2,3,0,3,STRASBOURG (DE) (RTE),45.81326,4.88752,17,2,2
202100023845,159Â 005,A01,1,1,2,0,2,8,-1,-1, -1,-1,2021,42.0,1,1,12,2,3,18,1,,2,GALMOT (AVENUE),0,,2,2,0,1,0,0,1,, -1,1,0,1,50,16,8,2021,18:30,2,973,97302,2,1,0,3,GALMOT (AVENUE),4.93165,-52.32959,18,2,2
202100047864,116Â 204,A01,1,1,1,1,2,-1,-1,0,0,-1,2021,53.0,1,1,0,2,8,1,1,,3,507,0,,2,2,0,3,0,419,3,, -1,1,0,1,50,16,3,2021,19:45,5,6,6105,2,1,0,1,1030 Route de Notre Dame,43.676375,7.035689,19,2,2
202100051476,109Â 691,A01,1,1,1,1,1,-1,-1,0,0,-1,2021,48.0,1,2,16,0,1,1,1,,3,987,-1,,2,2,0,1,43,300,2,, -1,1,0,3,90,16,2,2021,01:35,3,48,48132,1,1,0,7,d987,44.792678,3.391782,1,1,1
202100005104,192Â 651,B01,1,1,2,5,8,0,-1,0,0,-1,2021,23.0,3,1,0,2,0,1,3,,4,RUE ROYALE,0,,2,4,0,1,(1),(1),1,, -1,1,0,1,30,2,12,2021,22:23,5,75,75108,2,7,0,3,RUE ROYALE,48.866757,2.322058,22,2,2
202100042477,125Â 694,A01,1,1,1,0,8,0,-1,-1, -1,-1,2021,18.0,3,1,14,0,1,1,1,,4,PHILIPPE (RUE GERARD),0,,-1,1,0,1,0,0,1,, -1,9,6,6,30,25,4,2021,10:05,1,28,28404,2,9,0,6,PHILIPPE (RUE GERARD),48.73382,1.33457,10,1,1
202100031634,145Â 210,A01,1,1,2,5,1,-1,-1,0,0,-1,2021,59.0,1,2,9,2,3,1,3,,3,64,-1,D,1,1,0,1,21,0,1,, -1,1,0,1,50,30,6,2021,22:00,5,95,95313,2,1,0,3,Grande Rue,49.112159,2.217237,22,2,2
202100010534,182Â 899,A01,1,1,1,1,2,6,-1,-1, -1,-1,2021,35.0,1,1,0,2,1,15,1,,4,RTE DU MEDOC,0,,2,2,3,1,(1),(1),1,, -1,1,4,1,50,28,10,2021,19:40,5,33,33162,2,2,0,1,Route du MÃ©doc,44.87674,-0.62215,19,2,2
202100031893,144Â 747,A01,1,1,1,1,2,-1,-1,0,0,-1,2021,61.0,1,1,0,0,7,1,5,,4,PAUL BERT ( RUE ),0,,2,2,0,1,0,1,1,, -1,1,-1,1,50,25,6,2021,16:38,1,5,5061,2,1,0,7,PAUL BERT ( RUE ),44.56711,6.09081,16,1,1
202100012038,180Â 192,A01,1,1,2,1,1,8,-1,0,0,-1,2021,60.0,1,2,0,2,1,1,1,,4,MIDI (BOULEVARD DU),0,,2,2,0,1,123,0,1,, -1,1,0,1,50,20,10,2021,16:00,1,6,6029,2,1,0,1,MIDI (BOULEVARD DU),43.54916,6.99849,16,1,1
202100003572,195Â 368,A01,10,3,1,2,0,-1,-1,4,3,1,2021,12.0,1,2,0,1,1,21,1,,3,VOIE DE LA VALLEE DE LA BIEVRE,0,,2,2,0,1,0,0,1,, -1,2,0,1,50,10,12,2021,08:10,2,91,91377,2,1,1,6,VOIE DE LA VALLEE DE LA BIEVRE,48.73673,2.247574,8,2,1
202100055451,102Â 736,B01,1,1,1,9,2,6,-1,-1, -1,-1,2021,20.0,2,1,0,2,1,1,3,,3,AV CHARLES DE GAULLE,0,,2,2,0,2,0,0,1,, -1,1,0,1,50,9,1,2021,18:40,5,91,91589,2,3,0,3,AV CHARLES DE GAULLE,48.678362,2.347066,18,2,2
202100021700,162Â 848,B01,1,1,1,1,2,6,-1,0,0,-1,2021,23.0,2,1,0,2,1,1,1,,3,44,0,,2,2,2,1,(1),(1),1,, -1,1,-1,1,80,25,8,2021,11:10,1,29,29037,1,3,0,3,lieu dit Le Lannou,47.884733,-4.172031,11,2,2
202100011108,181Â 873,A01,2,2,1,5,1,0,-1,-1, -1,-1,2021,20.0,2,2,0,2,6,2,1,,4,BOULEVARD PERIPHERIQUE,0,,1,4,0,1,15,0,1,, -1,1,0,1,70,24,10,2021,05:40,5,75,75116,2,4,0,2,BOULEVARD PERIPHERIQUE,48.869897,2.271506,5,3,2
202100004280,194Â 108,Z01,10,3,1,0,8,8,-1,3,3,1,2021,19.0,3,2,0,1,0,15,0,,4,MOUTON (BOULEVARD),0,,1,1,0,1,1,0,1,, -1,1,6,6,50,6,12,2021,13:45,1,13,13214,2,3,0,1,MOUTON (BOULEVARD),43.3325007105,5.392877228,13,2,1
202100000825,200Â 249,A01,10,3,1,0,0,-1,-1,3,3,1,2021,27.0,1,1,0,1,3,26,1,,4,COMMERCE (DU)                       (QU),0,,2,2,2,1,(1),(1),1,, -1,1,0,1,50,17,12,2021,17:50,5,69,69389,2,1,0,6,COMMERCE (DU) (Q),45.78225,4.8105,17,2,1
202100023321,159Â 929,A01,3,2,2,0,3,0,-1,-1, -1,-1,2021,1.0,1,2,12,0,2,0,1,,3,VICTOIRE (AV DE LA),0,,-1,0,0,2,0,1,1,, -1,1,2,1,50,20,8,2021,19:05,1,94,94054,2,1,0,6,VICTOIRE (AV DE LA),48.74481,2.39851,19,3,1
202100037536,134Â 571,A01,1,1,1,5,1,0,-1,-1, -1,-1,2021,39.0,2,2,0,2,2,1,1,,1,A507 sens Aubagne- Marseille,0,,3,3,0,1,7,130,1,, -1,1,1,1,70,30,5,2021,14:38,1,13,13055,1,1,0,4,A507 sens Aubagne- Marseille,43.30184,5.425276,14,3,3
202100036636,136Â 223,B01,1,1,2,5,8,0,-1,-1, -1,-1,2021,65.0,1,1,0,2,3,1,5,,4,QUATORZE JUILLET (RUE DU),0,,1,3,1,1,(1),(1),1,, -1,1,0,5,50,2,6,2021,15:21,1,10,10387,2,1,0,1,QUATORZE JUILLET (RUE DU),48.29486,4.08011,15,4,2
202100031473,145Â 493,A01,10,3,2,3,0,-1,-1,1,3,1,2021,79.0,3,2,0,1,1,1,1,,6,,-1,,-1,-1,0,1,(1),(1),3,,5,1,0,1,50,2,7,2021,13:30,1,2,2303,2,1,0,6,Forum de Picardie,49.858692,3.253992,13,2,1
202100044899,121Â 465,B01,1,1,1,5,2,6,-1,0,0,-1,2021,70.0,0,1,0,0,4,2,5,,3,5,-1,,2,2,0,1,7,614,1,, -1,1,0,1,80,8,4,2021,08:00,1,50,50531,1,1,0,2,D5,48.683509,-1.259351,8,2,2
202100038499,132Â 826,B01,1,1,2,0,1,0,-1,-1, -1,-1,2021,30.0,1,2,0,0,4,1,1,,1,AUTOROUTE A104,0,,3,6,0,1,4,699,1,, -1,2,0,1,90,24,5,2021,18:30,1,93,93078,1,1,0,6,AUTOROUTE A104,48.96074,2.54206,18,2,2
202100004742,193Â 304,B01,5,2,2,9,1,0,-1,-1, -1,-1,2021,48.0,1,5,7,0,5,9,0,,3,FURNES,0,,3,4,0,1,(1),(1),1,, -1,2,5,1,50,3,12,2021,18:50,5,59,59588,2,2,1,3,FURNES,51.0349708418,2.406398803,18,6,2
202100042581,125Â 512,B01,2,2,1,5,0,0,-1,0,0,-1,2021,17.0,1,1,0,2,1,1,1,,3,THOMAS (AV ALBERT),0,,2,0,0,1,3,258,1,, -1,1,0,1,50,24,4,2021,14:25,1,81,81004,2,2,0,3,THOMAS (AV ALBERT),43.9443059254,2.150589229,14,3,2
202100030182,147Â 819,B01,1,1,1,0,2,0,-1,-1, -1,-1,2021,52.0,2,1,0,2,1,2,5,,3,ROUTE DEPARTEMENTALE 917,0,,-1,2,0,1,46,450,1,, -1,1,0,1,50,7,7,2021,21:15,2,41,41158,1,6,0,3,ROUTE DEPARTEMENTALE 917,47.781312,1.0203,21,2,2
202100024053,158Â 652,A01,1,1,2,5,1,-1,-1,0,0,-1,2021,53.0,2,2,16,0,0,13,1,,3,463,-1,D,2,2,0,4,7,450,2,, -1,9,0,1,80,14,8,2021,19:50,1,25,25040,1,1,0,7,D463,47.508034,6.933156,19,1,1
202100017512,170Â 319,A01,1,1,1,0,2,4,-1,-1, -1,-1,2021,23.0,2,1,0,2,1,17,1,,3,RESISTANCE (AVENUE DE LA),0,,2,2,0,1,0,0,1,, -1,1,0,1,50,21,9,2021,22:50,5,93,93062,2,3,0,3,RESISTANCE (AVENUE DE LA),48.89862,2.51687,22,2,2
202100004256,194Â 147,A01,2,2,1,5,8,0,-1,-1, -1,-1,2021,76.0,2,5,0,2,1,1,1,,7,RD 2271 (ROUTE DEPARTEMENTALE),0,,2,2,0,1,1,900,1,, -1,2,0,1,90,6,12,2021,09:05,1,45,45232,1,1,1,2,D2271-PR 1+900,47.84245,1.89772,9,5,2
202100017448,170Â 437,A01,2,2,2,5,2,6,-1,0,0,-1,2021,14.0,1,1,0,2,8,9,1,,3,DEPARTEMENTALE 613,0,,3,2,0,1,(1),(1),1,, -1,1,0,8,50,21,9,2021,20:40,5,54,54273,2,6,0,6,LAFAYETTE (AVENUE),49.16595,5.88202,20,2,1
202100055595,102Â 481,A01,1,1,1,5,2,6,-1,0,0,-1,2021,64.0,2,1,0,2,1,19,1,,3,708,0,D,2,2,0,1,(1),(1),1,, -1,1,0,1,80,11,1,2021,12:00,1,24,24451,2,3,0,3,RD 708,45.515249,0.646563,12,3,2
202100041797,126Â 897,A01,1,1,1,4,2,6,-1,-1, -1,-1,2021,30.0,0,1,0,0,0,15,1,,4,ARMAND (SQUARE LOUIS),0,,1,1,0,1,(1),(1),1,, -1,1,0,1,30,1,5,2021,20:45,1,35,35238,2,1,0,7,ARMAND (SQUARE LOUIS),48.10362,-1.66251,20,1,1
202100025706,155Â 736,A01,10,3,1,0,0,-1,-1,9,3,1,2021,11.0,0,1,0,1,1,1,1,,4,SOURCE DE BADUEL (CHEMIN DE LA),0,,-1,2,0,1,(1),(1),1,, -1,1,0,1,50,3,8,2021,18:00,1,973,97302,2,1,0,6,SOURCE DE BADUEL (CHEMIN DE LA),4.92632,-52.30358,18,2,1
202100023119,160Â 288,B01,10,3,1,5,0,-1,-1,0,3,2,2021,12.0,1,2,0,1,1,1,1,,3,BISCAROSSE (AVE) DUNE VERS BISCA,0,,2,2,1,1,12,430,1,, -1,1,0,1,70,21,8,2021,14:15,1,33,33529,1,1,0,6,BISCAROSSE (AVE) DUNE VERS BISCA,44.572493,-1.219684,14,2,1
202100024934,157Â 093,B01,1,1,2,1,1,-1,-1,0,0,-1,2021,30.0,1,2,0,0,3,23,1,,3,925,-1,,2,2,0,1,106,425,1,, -1,1,5,1,-1,9,8,2021,18:26,1,76,76618,1,2,0,1,D925,49.936583,1.16837,18,2,2
202100024712,157Â 472,A01,2,2,2,1,2,0,-1,-1, -1,-1,2021,33.0,3,1,0,0,3,26,1,,4,FLAMBOYANTS (RUE DES),0,,2,2,0,1,(1),(1),1,, -1,2,0,1,50,10,8,2021,08:30,1,973,97302,2,1,1,7,FLAMBOYANTS (RUE DES),4.9219348012,-52.3219794631,8,2,1
202100014424,175Â 914,B01,1,1,1,4,0,-1,-1,0,0,-1,2021,45.0,3,1,0,2,1,0,3,,4,TOULOUSE (RUEÂ° RUNGIS MIN,0,,1,2,0,1,0,0,1,, -1,1,0,8,30,8,10,2021,09:10,1,94,94021,2,2,0,3,rue de Toulouse,48.761704,2.351776,9,2,2
202100020934,164Â 240,A01,1,1,1,5,2,-1,-1,0,0,-1,2021,63.0,2,1,2,0,3,1,1,,3,948,0,D,2,2,0,1,22,500,3,, -1,1,0,1,80,5,9,2021,18:55,1,64,64016,1,1,0,7,D948,43.10367,-1.421871,18,1,1
202100009900,183Â 995,A01,1,1,2,5,1,0,-1,-1, -1,-1,2021,24.0,1,2,6,0,3,1,1,,3,RAYMOND POINCARE  (AVENUE),0,,3,2,0,2,54,36,2,, -1,2,2,3,50,31,10,2021,19:40,5,77,77243,2,1,1,6,D231,48.87642,2.72163,19,1,1
202100004346,193Â 988,B01,1,1,2,5,1,-1,-1,0,0,-1,2021,43.0,2,2,0,2,1,1,1,,7,6,-1,,2,2,0,3,23,100,1,, -1,2,2,1,70,8,12,2021,08:35,1,13,13040,1,1,1,1,Fuveau,43.478639,5.563819,8,2,2
202100000831,200Â 243,A01,10,3,2,3,8,8,-1,8,8,1,2021,44.0,3,3,0,1,8,2,1,1.0,9,ALL DU TRAIT D'UNION,0,,2,2,3,1,0,0,1,, -1,1,9,6,50,15,12,2021,18:25,2,77,77251,1,1,0,6,ALL DU TRAIT D'UNION,48.62,2.54,18,2,1
202100035080,138Â 991,B01,1,1,1,1,1,8,-1,-1, -1,-1,2021,35.0,1,5,0,2,7,1,1,,3,GAULLE(CARREFOUR CHARLES DE),0,,1,3,0,1,0,0,2,, -1,1,0,1,50,10,6,2021,16:10,1,94,94011,2,6,0,3,GAULLE(CARREFOUR CHARLES DE),48.76805,2.48774,16,2,2
202100054567,104Â 238,A01,2,2,1,3,8,4,-1,-1, -1,-1,2021,62.0,1,5,0,2,2,2,1,,3,D138a. girat chateau riviere .veneux,0,,2,2,0,2,3,900,1,, -1,1,0,1,70,18,1,2021,07:15,3,77,77186,1,1,0,6,D138a. girat chateau riviere .veneux,48.4032,2.7553,7,2,1
202100006699,189Â 808,B01,1,1,1,0,1,0,-1,-1, -1,-1,2021,22.0,2,2,0,2,2,1,1,,4,FRANKLIN ROOSEVELT (COURS)   1 A 37,0,,2,2,0,2,0,0,1,, -1,1,5,1,50,23,11,2021,03:01,5,13,13201,2,2,0,3,FRANKLIN ROOSEVELT (COURS)   1 A 37,43.29902,5.38813,3,2,2
202100013079,178Â 363,A01,10,3,2,5,0,-1,-1,4,3,1,2021,75.0,1,1,0,1,7,26,3,,4,FOCH BOULEVARD,0,,3,2,0,1,1,0,1,, -1,1,0,1,30,13,10,2021,17:45,1,49,49007,2,1,0,6,FOCH BOULEVARD,47.46926,-0.54946,17,2,1
202100019610,166Â 584,A01,10,3,1,0,0,-1,-1,5,B,1,2021,20.0,3,2,15,1,1,1,1,,7,CAINTIN (ROUTE DE),0,,2,2,0,2,0,850,2,, -1,2,0,4,50,10,9,2021,12:50,1,42,42183,2,1,1,6,Route de Caintin,45.4103269823,4.3671138537,12,2,1
202100005556,191Â 866,A01,10,3,1,1,0,-1,-1,2,3,1,2021,37.0,2,2,0,1,3,19,1,,3,STALINGRAD (BD DE),0,,2,4,0,1,1,0,1,, -1,1,0,1,50,30,11,2021,18:05,5,94,94017,2,2,0,6,Boulevard de Stalingrad,48.82346,2.49679,18,2,1
202100041105,128Â 139,A01,1,1,1,0,8,0,-1,-1, -1,-1,2021,25.0,1,1,0,0,8,1,1,,7,75,0,,2,0,0,1,12,405,1,, -1,2,0,1,50,6,5,2021,07:40,1,44,44162,1,1,1,7,M 75,47.22734,-1.65166,7,1,1
202100028613,150Â 570,A01,1,1,1,5,2,6,-1,-1, -1,-1,2021,18.0,2,1,0,1,1,1,1,,4,PONT (RUE DU),0,,1,1,0,2,(1),(1),1,, -1,1,0,1,50,13,7,2021,15:30,1,89,89024,2,1,0,6,PONT (RUE DU),47.79466,3.57676,15,2,1