Num_Acc,id_vehicule,num_veh,place,catu,sexe,trajet,secu1,secu2,secu3,locp,actp,etatp,year_acc,victim_age,senc,catv,obs,obsm,choc,manv,motor,occutc,catr,voie,v1,v2,circ,nbv,vosp,prof,pr,pr1,plan,lartpc,larrout,surf,infra,situ,vma,jour,mois,an,hrmn,lum,dep,com,agg_,int,atm,col,adr,lat,long,hour,nb_victim,nb_vehicules
202100032472,143Â 730,A01,10,3,1,3,-1,-1,-1,9,3,1,2021,76.0,3,5,0,1,1,26,1,,6,KENNEDY (BOULEVARD DU PRESIDENT JOHN),0,,-1,-1,0,1,(1),(1),1,, -1,1,0,1,30,24,6,2021,18:05,1,65,65440,2,1,0,6,KENNEDY (BOULEVARD DU PRESIDENT JOHN),43.21958,0.08626,18,2,1
202100032242,144Â 132,A01,1,1,1,9,8,0,-1,-1, -1,-1,2021,33.0,1,0,0,0,0,26,0,,3,DEPARTEMENTALE 28,0,,2,2,0,2,1,500,1,, -1,2,0,1,50,24,6,2021,21:25,5,972,97213,1,9,1,7,DEPARTEMENTALE 28,14.632,-60.968,21,1,1
202100026837,153Â 747,A01,1,1,2,4,1,-1,-1,0,0,-1,2021,38.0,1,4,3,0,7,13,1,,3,D 963,0,,2,2,0,2,10,490,2,, -1,1,0,3,90,26,7,2021,08:25,1,12,12089,1,1,0,6,D 963,44.58568,2.24784,8,1,1
202100028396,150Â 955,A01,1,1,1,0,1,-1,-1,0,0,-1,2021,30.0,1,2,2,0,1,1,1,,3,27,0,,2,2,0,2,17,800,2,, -1,1,0,1,80,19,7,2021,18:50,1,8,8419,1,1,1,6,ROUTE DÃPARTEMENTALE 27,49.721136,4.402878,18,1,1
202100028100,151Â 475,B01,1,1,1,5,2,6,-1,-1,0,-1,2021,22.0,3,1,0,2,3,9,1,,4,VERT GALANT (RUE DU),0,,2,2,0,1,(1),(1),1,, -1,1,0,1,50,19,7,2021,22:30,5,95,95572,1,2,0,3,VERT GALANT (RUE DU),49.05148,2.13247,22,2,2
202100000391,201Â 006,A01,3,2,2,0,1,0,-1,-1, -1,-1,2021,16.0,1,2,0,2,4,23,1,,3,BAYONNE DE,0,,2,2,0,1,35,890,1,, -1,2,0,1,50,14,11,2021,18:15,5,64,64129,2,6,1,2,BAYONNE DE,43.30505,-0.40183,18,5,2
202100039969,130Â 145,B01,1,1,1,1,2,6,-1,-1, -1,-1,2021,39.0,1,1,0,2,2,5,1,,3,GABRIEL PERI (AVENUE),0,,2,2,1,2,1,0,1,, -1,2,0,1,50,14,5,2021,11:30,1,93,93048,2,2,0,3,Rue Garibaldi / Rue Francois Debergue,48.85773,2.43842,11,2,2
202100037229,135Â 137,B01,1,1,1,5,2,0,-1,-1, -1,-1,2021,44.0,1,1,0,2,1,1,5,,4,FAOUEDIC ( AVE DU ),0,,-1,2,3,1,(1),(1),1,, -1,1,5,1,30,28,5,2021,18:20,1,56,56121,2,6,0,3,FAOUEDIC ( AVE DU ),47.74783,-3.36489,18,2,2
202100017638,170Â 092,B01,1,1,2,0,1,0,-1,0,0,-1,2021,23.0,3,2,0,2,1,2,1,,7,,0,,2,4,0,1,(1),(1),1,, -1,1,0,1,70,17,9,2021,17:19,1,54,54395,2,1,0,4,M 674,48.675527419,6.1990262568,17,5,4
202100049344,113Â 558,A01,1,1,2,0,1,0,-1,-1, -1,-1,2021,44.0,2,2,0,2,3,1,1,,1,AUTOROUTE A86,0,,3,6,0,1,13,800,1,, -1,1,0,1,90,4,3,2021,11:25,1,93,93066,1,1,0,5,AUTOROUTE A86,48.92249,2.35583,11,3,3
202100015301,174Â 360,A01,1,1,1,0,1,8,-1,-1, -1,-1,2021,45.0,1,2,1,0,1,1,2,,1,AUTOROUTE A106,0,,1,6,0,1,7,144,1,, -1,1,0,1,110,3,10,2021,23:23,3,94,94065,1,1,0,2,AUTOROUTE A106,48.7550727749,2.3510336101,23,2,2
202100019524,166Â 733,B01,2,2,1,0,1,8,-1,-1, -1,-1,2021,52.0,0,2,0,0,5,1,1,,3,LEVANT (BD),0,,3,4,0,1,1,0,1,, -1,1,0,1,50,11,9,2021,15:05,1,93,93051,2,1,0,2,Boulevard du Levant,48.83867,2.548633,15,3,2
202100045870,119Â 764,B01,1,1,1,1,0,-1,-1,0,0,-1,2021,61.0,3,0,0,2,7,17,3,,9,,-1,,2,1,1,1,(1),(1),3,, -1,1,0,1,-1,31,3,2021,08:50,1,67,67118,2,1,0,3,Piste cyclable du canal de la Bruche,48.574662,7.692372,8,2,2
202100034172,140Â 673,E01,1,1,1,4,1,-1,-1,0,0,-1,2021,49.0,1,5,0,2,1,1,1,,1,87,0,N,3,4,0,1,0,500,1,, -1,1,0,1,90,17,6,2021,08:55,1,49,49129,1,1,0,4,A87n,47.496981,-0.499942,8,5,5
202100005680,191Â 645,A01,10,3,1,5,0,-1,-1,9,4,1,2021,82.0,0,5,0,1,5,4,1,,4,,-1,,2,1,0,2,(1),(1),1,,3,1,0,1,30,30,11,2021,10:25,1,6,6064,2,1,0,6,montÃ©e du chateau,43.761123,7.178641,10,2,1
202100019117,167Â 454,A01,1,1,2,0,2,8,-1,-1, -1,-1,2021,23.0,2,1,0,2,7,1,1,,1,AUTOROUTE A1,0,,1,8,0,1,0,500,1,, -1,1,0,1,90,13,9,2021,15:45,1,93,93066,1,1,0,3,AUTOROUTE A1,48.907913,2.358314,15,2,2
202100002450,197Â 392,A01,1,1,1,2,1,0,-1,-1, -1,-1,2021,18.0,3,2,0,2,8,15,1,,4,ROUTE FORESTIERE,0,,2,2,0,1,(1),(1),2,, -1,2,0,1,70,17,12,2021,12:15,1,1,1289,1,4,0,3,ROUTE FORESTIERE,46.1693934497,5.2097712457,12,3,2
202100034647,139Â 788,A01,10,3,2,2,0,-1,-1,2,3,1,2021,12.0,1,2,0,1,7,1,1,,3,907,0,D,2,2,0,1,(1),(1),1,, -1,1,0,1,50,14,6,2021,07:55,1,58,58187,2,1,0,6,7 Rue de Paris,47.445047,2.93291,7,2,1
202100027385,152Â 766,B01,1,1,1,9,2,6,-1,0,0,-1,2021,42.0,1,1,0,2,1,23,1,,4,AVENUE DE LA GRANDE ARMEE,0,,3,3,0,1,(1),(1),1,, -1,1,0,1,50,23,7,2021,19:50,1,75,75117,2,2,0,5,AVENUE DE LA GRANDE ARMEE,48.874599,2.293113,19,5,3
202100014822,175Â 211,A01,1,1,1,0,2,0,-1,0,0,-1,2021,50.0,3,1,0,0,0,1,1,,7,SAUVAIGO PIERRE AVENUE,0,,2,2,0,1,(1),(1),1,, -1,1,0,1,50,6,10,2021,17:45,1,6,6123,2,1,0,7,SAUVAIGO PIERRE AVENUE,43.661976,7.181706,17,1,1
202100032440,143Â 789,A01,1,1,2,5,8,0,-1,0,0,-1,2021,20.0,2,1,0,2,1,19,3,,4,BOULEVARD HAUSSMANN,0,,1,3,0,1,(1),(1),1,, -1,1,0,1,50,24,6,2021,02:04,5,75,75109,2,5,0,3,BOULEVARD HAUSSMANN,48.872951,2.333327,2,3,2
202100020404,165Â 165,B01,1,1,1,1,1,-1,-1,0,0,-1,2021,28.0,3,2,0,2,8,15,1,,3,532,0,,2,2,0,1,48,600,1,, -1,1,0,1,70,8,9,2021,06:25,2,7,7324,1,3,0,3,Route de Lamastre,45.064687,4.790361,6,6,2
202100004232,194Â 184,A01,10,3,1,0,0,-1,-1,3,3,2,2021,45.0,0,2,0,1,1,1,1,,7,CORNEILLE. RUE PIERRE ET THOMAS,0,,2,2,0,1,2,100,1,, -1,2,9,1,50,5,12,2021,19:25,5,76,76486,2,1,1,6,CORNEILLE. RUE PIERRE ET THOMAS,49.30437,0.99261,19,2,1
202100056187,101Â 458,A01,10,3,2,2,0,-1,-1,3,3,1,2021,20.0,1,4,0,1,1,16,1,,3,"""LANDY RD 20, NR IMPAIRS 1 A 144""",0,,2,3,3,1,0,1,1,, -1,1,0,1,50,4,1,2021,09:45,1,93,93066,2,3,0,6,"""LANDY RD 20, NR IMPAIRS 1 A 144""",48.9153731697,2.3651259828,9,2,1
202100008751,186Â 094,A01,1,1,2,5,8,0,-1,0,0,-1,2021,23.0,1,1,0,2,7,19,3,,4,AVENUE DE WAGRAM,0,,-1,4,0,1,(1),(1),1,, -1,1,0,1,30,9,11,2021,00:15,5,75,75117,2,2,0,3,AVENUE DE WAGRAM,48.881567,2.300705,0,2,2
202100010795,182Â 442,A01,1,1,1,0,2,6,-1,0,0,-1,2021,84.0,0,1,0,2,1,1,1,,3,6089,-1,D,2,2,0,1,(1),(1),1,, -1,1,5,1,50,28,10,2021,14:45,1,24,24547,2,2,0,3,Avenue Victor Hugo,45.131059,1.287546,14,2,2
202100008817,185Â 987,A01,10,3,2,2,0,-1,-1,3,3,1,2021,16.0,1,2,0,1,1,1,1,,3,956,0,,2,2,0,1,26,200,1,, -1,1,0,1,30,10,11,2021,07:00,5,62,62825,2,1,0,6,Rue de Douai,50.289178,3.040552,7,2,1
202100002868,196Â 649,B01,1,1,1,0,2,6,-1,0,0,-1,2021,18.0,2,1,0,2,1,1,1,,3,1084,-1,,2,2,0,1,16,148,1,,4,1,5,1,70,17,12,2021,07:50,1,1,1027,2,3,0,3,RD 1084,45.8492134442,5.1099045575,7,2,2
202100043933,123Â 144,A01,10,3,1,9,8,8,-1,1,9,2,2021,18.0,3,3,0,2,2,17,1,1.0,4,ANATOLE FRANCE,0,,2,2,0,1,0,0,1,, -1,1,0,1,50,15,4,2021,00:15,5,93,93029,2,1,0,6,ANATOLE FRANCE,48.92519,2.44823,0,2,1
202100014799,175Â 253,B01,1,1,2,1,1,0,-1,-1, -1,-1,2021,21.0,1,2,0,2,1,1,1,,3,RD 323,0,,2,2,0,1,39,480,1,, -1,2,0,1,90,5,10,2021,07:53,2,49,49007,1,1,1,4,RD 323,47.46961,-0.59486,7,5,3
202100048264,115Â 479,A01,1,1,2,1,2,0,-1,-1, -1,-1,2021,18.0,2,1,12,0,0,1,1,,3,VALLEE (RUE DE LA),0,,2,2,0,1,4,910,1,, -1,1,0,1,50,12,3,2021,18:25,1,45,45004,2,1,0,7,946 Rue de la VallÃ©e,47.970761,2.769334,18,1,1
202100038582,132Â 681,A01,1,1,1,5,2,6,9,0,0,-1,2021,50.0,2,1,0,2,1,13,1,,3,11,0,,2,2,0,1,18,660,1,, -1,1,0,1,80,24,5,2021,12:40,1,66,66037,1,4,0,3,Route de Saint Nazaire,42.697566,3.000171,12,3,2
202100004360,193Â 965,A01,10,3,1,2,0,-1,-1,4,3,1,2021,14.0,1,2,0,1,3,1,3,,3,,-1,,3,1,3,1,50,494,1,,3,2,0,1,50,29,11,2021,06:45,5,44,44122,2,1,0,6,Route de nort sur erdre,47.40055,-1.455613,6,2,1
202100031185,145Â 993,B01,1,1,1,0,8,0,-1,0,0,-1,2021,28.0,3,1,0,2,3,9,0,,3,CANNES AV.DE,0,,2,2,0,1,4,459,2,, -1,1,5,1,50,3,7,2021,20:40,1,6,6155,2,6,0,3,CANNES AV.DE,43.574055,7.049106,20,2,2
202100054325,104Â 656,A01,10,3,2,1,0,-1,-1,3,3,1,2021,57.0,1,1,0,1,1,1,1,,4,PETIT MOUESSE,0,,2,2,0,1,0,0,1,, -1,2,0,1,50,18,1,2021,07:45,5,58,58194,2,1,0,3,PETIT MOUESSE,46.9891,3.1706,7,2,1
202100053146,106Â 744,A01,2,2,1,0,1,5,-1,-1, -1,-1,2021,26.0,1,2,0,2,1,21,1,,1,A13,0,,3,4,0,1,23,700,1,, -1,2,0,1,110,29,1,2021,18:00,3,78,78498,1,1,1,4,A13,48.91118,2.005489,18,4,3
202100050981,110Â 557,B01,6,2,1,5,8,-1,-1,0,0,-1,2021,9.0,1,5,0,0,1,21,1,,3,4096,-1,,2,2,1,2,47,800,1,, -1,1,0,1,50,20,2,2021,12:20,1,4,4049,2,1,0,1,RD 4096 - Av Jean Moulin,44.0863004784,6.008249812,12,4,2
202100050143,112Â 092,B01,1,1,1,5,8,0,-1,-1, -1,-1,2021,50.0,3,1,0,2,2,0,5,,4,COMMUNE DE PARIS (AVENUE),0,,1,2,0,1,0,0,1,, -1,1,0,1,50,24,2,2021,14:20,1,974,97407,2,6,0,3,COMMUNE DE PARIS (AVENUE),-20.94227,55.29187,14,2,2
202100041651,127Â 154,B01,2,2,1,0,2,0,-1,-1, -1,-1,2021,23.0,2,1,0,2,8,16,1,,4,FRANCIS DE PRESSENSE                (AV),0,,-1,2,2,1,(1),(1),1,, -1,1,0,1,50,2,5,2021,21:04,5,69,69388,2,2,0,3,FRANCIS DE PRESSENSE                (AV),45.72744,4.862,21,3,2
202100030378,147Â 464,B01,1,1,2,1,2,-1,-1,-1, -1,-1,2021,35.0,1,0,0,2,1,1,3,,4,COTE DE BOULIAC,0,,2,2,0,4,(1),(1),1,, -1,2,5,1,50,6,7,2021,08:35,1,33,33065,2,4,1,1,CÃ´te de Bouliac,44.82059,-0.51208,8,2,2
202100045786,119Â 909,B01,1,1,1,9,1,0,-1,0,0,-1,2021,61.0,3,2,0,2,7,1,2,,4,RUE HAXO,0,,2,2,0,1,(1),(1),1,, -1,1,0,1,50,31,3,2021,00:40,5,75,75120,2,2,0,3,RUE HAXO,48.875998,2.40255,0,4,2
202100005863,191Â 311,A01,1,1,2,9,0,-1,-1,0,0,-1,2021,31.0,2,2,2,0,2,14,1,,3,,0,,2,2,0,1,0,0,1,, -1,1,0,3,50,14,8,2021,01:05,5,14,14220,2,1,0,6,D278,49.35008,0.07967,1,1,1
202100014698,175Â 443,A01,1,1,2,5,8,-1,-1,0,0,-1,2021,23.0,1,2,2,0,1,2,1,,3,19,-1,,2,2,0,1,21,200,1,, -1,1,0,3,80,4,10,2021,23:55,3,45,45182,1,1,0,7,D19,47.704275,1.76867,23,1,1
202100021126,163Â 896,A01,1,1,2,5,1,-1,-1,0,0,-1,2021,39.0,1,2,0,2,7,19,1,,3,939,-1,,2,2,0,1,86,583,1,, -1,1,0,1,50,3,9,2021,20:20,1,17,17193,2,2,0,3,Rue Nationale,46.128977,-1.068474,20,2,2
202100024501,157Â 865,A01,1,1,1,4,2,-1,-1,0,0,-1,2021,24.0,0,1,0,2,1,1,1,,4,FEURRE (PLACE AU),0,,2,4,0,1,(1),(1),1,, -1,1,0,1,50,10,8,2021,20:29,1,80,80021,2,1,0,2,FEURRE (PLACE AU),49.89738,2.29766,20,2,2
202100019233,167Â 254,B01,1,1,1,1,2,0,-1,-1, -1,-1,2021,39.0,1,1,0,2,7,15,0,,3,909,0,,2,3,3,1,0,0,1,, -1,1,0,1,50,13,9,2021,11:00,1,92,92044,2,2,0,3,VIC. HUGO(RUE)077A089 ET 090A110,48.8959195112,2.296475172,11,2,2
202100045695,120Â 064,A01,1,1,1,5,2,-1,-1,0,0,-1,2021,79.0,2,1,0,0,4,2,5,,3,31,-1,D,1,2,0,1,(1),(1),2,, -1,1,0,1,30,23,3,2021,14:30,1,91,91579,1,6,1,2,D31,48.540563,2.351933,14,2,2
202100005375,192Â 179,A01,10,3,2,5,0,-1,-1,4,3,1,2021,25.0,1,1,0,1,2,15,1,,4,RUE DE L OURCQ,0,,3,2,0,1,(1),(1),1,, -1,2,0,1,30,1,12,2021,17:55,2,75,75119,2,2,0,6,RUE DE L OURCQ,48.892443,2.378918,17,2,1
202100004396,193Â 897,A01,10,3,1,9,0,-1,-1,2,3,1,2021,24.0,2,2,0,1,1,16,2,,4,BOULEVARD SERURIER,0,,3,2,0,1,(1),(1),1,, -1,2,0,1,30,6,12,2021,17:40,5,75,75119,2,4,0,6,BOULEVARD SERURIER,48.888202,2.395797,17,2,1
202100016503,172Â 132,C01,1,1,1,0,8,-1,-1,-1, -1,-1,2021,13.0,1,1,0,2,1,19,5,,4,AVE MAL DE LATTRE DE TASSIGNY,0,,3,2,1,1,(1),(1),1,, -1,1,0,1,50,27,9,2021,08:00,1,33,33069,2,1,0,5,AVE MAL DE LATTRE DE TASSIGNY,44.86437,-0.60482,8,3,3
202100027201,153Â 097,A01,1,1,1,5,8,0,-1,-1, -1,-1,2021,23.0,1,2,6,0,1,26,1,,3,DE GAULLE ( RUE DU GENERAL ),0,,2,2,0,1,7,35,2,, -1,1,0,4,50,24,7,2021,02:50,5,62,62132,2,1,0,6,DE GAULLE ( RUE DU GENERAL ),50.516434,2.862971,2,1,1
202100030442,147Â 359,A01,10,3,1,1,0,-1,-1,3,3,1,2021,42.0,3,2,0,1,5,1,1,,3,407,0,,2,2,0,2,0,0,1,, -1,1,0,8,50,16,7,2021,18:10,1,92,92072,2,1,0,6,VILLE D'AVRAY (RUE DE ),48.8258512789,2.2045721342,18,2,1
202100052480,107Â 912,A01,1,1,1,4,1,0,-1,-1, -1,-1,2021,54.0,2,2,15,0,1,14,1,,3,67,0,,2,4,0,1,0,0,2,, -1,1,0,1,50,5,2,2021,15:04,1,92,92019,2,1,0,7,SULLY PRUDHOMME (AVENUE),48.7703047701,2.2871249914,15,1,1
202100000620,200Â 596,B01,1,1,2,3,1,0,-1,-1, -1,-1,2021,49.0,1,2,0,2,2,1,1,,4,LAVOISIER,0,,2,2,0,1,(1),(1),1,, -1,1,0,1,50,30,12,2021,15:35,1,60,60159,2,1,0,1,Rue Lavoisier,49.39661,2.79762,15,2,2
202100052805,107Â 335,B01,1,1,1,9,8,0,-1,0,0,-1,2021,64.0,3,1,0,2,3,15,5,,4,RUE LA FAYETTE,0,,2,2,1,1,(1),(1),1,, -1,1,0,1,50,2,2,2021,16:10,1,75,75110,2,4,0,3,RUE LA FAYETTE,48.882434,2.369167,16,2,2
202100044884,121Â 489,A01,10,3,1,0,0,-1,-1,5,1,1,2021,78.0,1,2,0,1,0,1,1,,6,D6007,0,A,1,1,0,1,5,500,1,, -1,1,0,6,30,8,4,2021,09:50,1,6,6079,2,9,0,6,583 Avenue Janvier Passero,43.551462,6.937675,9,2,1
202100034761,139Â 577,A01,1,1,2,5,1,0,-1,-1, -1,-1,2021,39.0,1,2,16,0,1,14,1,,7,SALVETAT (CHEMIN DE LA),0,,3,2,0,1,14,118,3,, -1,1,0,1,50,12,6,2021,23:30,5,31,31149,2,1,0,7,SALVETAT (CHEMIN DE LA),43.6018,1.30067,23,1,1
202100047999,115Â 938,A01,10,3,2,1,0,-1,-1,4,3,1,2021,63.0,1,2,0,1,2,15,1,,7,36,0,M,2,2,0,1,1,0,2,, -1,1,0,1,30,15,3,2021,17:55,1,59,59482,2,9,0,6,1 Rue d'Ypres,50.710326,2.997293,17,2,1
202100029395,149Â 235,B01,1,1,1,9,2,6,9,0,0,-1,2021,56.0,2,1,0,2,1,1,1,,3,32,-1,,2,2,0,1,15,580,3,, -1,9,0,1,80,26,6,2021,17:00,1,74,74073,1,1,0,1,D32,46.346779,6.631858,17,2,2
202100012982,178Â 534,A01,2,2,1,3,1,-1,-1,0,0,-1,2021,32.0,1,2,2,0,9,13,1,,3,D46B,0,,-1,2,0,1,0,530,4,, -1,1,0,1,80,15,10,2021,14:28,1,88,88080,1,1,0,6,D46B,48.297199,6.600938,14,2,1
202100032993,142Â 774,A01,2,2,2,0,1,0,-1,-1, -1,-1,2021,68.0,2,2,3,0,9,1,1,,1,A13,0,,1,3,0,1,28,0,1,, -1,3,0,1,110,22,6,2021,11:10,1,78,78466,1,1,1,6,A13,48.934708,1.966497,11,2,1
202100005150,192Â 568,A01,1,1,1,5,0,-1,-1,0,0,-1,2021,81.0,1,2,7,0,1,13,1,,3,RD,0,,2,2,0,2,5,760,3,, -1,2,0,3,80,3,12,2021,14:30,1,39,39246,1,1,1,6,,47.197046,5.693528,14,1,1
202100007253,188Â 791,A01,1,1,2,5,1,0,-1,-1, -1,-1,2021,70.0,1,2,3,0,1,1,1,,3,RN 60,0,,2,6,0,1,1,0,1,, -1,1,0,1,70,18,11,2021,14:30,1,45,45285,1,1,0,6,RN 60,47.91734,1.87138,14,1,1
202100055357,102Â 887,A01,10,3,2,4,0,-1,-1,4,3,1,2021,22.0,2,2,0,1,1,1,1,,4,BOULEVARD AUGUSTE BLANQUI,0,,1,2,0,3,(1),(1),2,, -1,2,0,1,50,12,1,2021,20:00,5,75,75113,2,1,1,6,BOULEVARD AUGUSTE BLANQUI,48.829597,2.350378,20,2,1
202100019325,167Â 082,B01,1,1,1,5,8,0,-1,-1, -1,-1,2021,21.0,3,2,1,0,6,20,1,,4,NORMANDIE (AVENUE DE),0,,2,2,0,1,0,0,1,, -1,1,0,1,45,11,9,2021,23:15,5,91,91692,2,1,0,2,NORMANDIE (AVENUE DE),48.691709,2.164678,23,5,2
202100018321,168Â 875,A01,10,3,1,0,0,-1,-1,1,9,1,2021,79.0,1,5,6,1,4,26,1,,4,SERRURIERS (RUE DES),0,,1,2,0,2,0,0,1,, -1,9,6,1,50,17,9,2021,09:30,1,67,67482,2,1,0,6,SERRURIERS (RUE DES),48.5802827452,7.74656564,9,2,1
202100023236,160Â 082,A01,1,1,1,5,1,0,-1,-1, -1,-1,2021,21.0,1,2,14,0,1,1,1,,1,126,0,,3,2,0,1,5,699,2,, -1,1,0,1,70,21,8,2021,04:30,3,91,91477,1,1,0,6,AUTOROUTE A126,48.723937,2.237198,4,1,1
202100002299,197Â 679,A01,7,2,1,0,1,-1,-1,0,0,-1,2021,37.0,1,2,0,2,4,0,1,,3,8043,-1,,2,2,0,1,21,300,1,, -1,1,0,1,80,19,12,2021,20:00,3,8,8343,1,1,0,2,D8043,49.67514,5.095236,20,6,2
202100052337,108Â 167,A01,1,1,1,0,1,0,-1,-1, -1,-1,2021,24.0,2,5,1,0,2,1,0,,4,EINSTEIN (RUE ALBERT),0,,1,2,0,1,0,0,2,, -1,2,0,1,50,6,2,2021,08:40,2,93,93008,2,1,1,6,EINSTEIN (RUE ALBERT),48.90562,2.42874,8,1,1
202100019390,166Â 968,A01,1,1,1,5,2,6,9,0,0,-1,2021,21.0,2,1,0,2,1,2,1,,3,983,0,,2,2,0,4,11,0,1,, -1,1,0,1,80,12,9,2021,15:45,1,63,63264,1,4,0,2,D983,45.64577,2.850775,15,5,2
202100005999,191Â 075,A01,10,3,2,5,0,-1,-1,2,3,1,2021,49.0,2,2,0,1,3,1,1,,4,BOULEVARD MONTMARTRE,0,,2,4,2,1,(1),(1),1,, -1,2,0,1,30,27,11,2021,01:15,5,75,75102,2,1,0,6,BOULEVARD MONTMARTRE,48.871849,2.34083,1,2,1
202100038298,133Â 187,B01,1,1,1,5,2,-1,-1,0,0,-1,2021,70.0,2,1,12,2,3,1,5,,3,787,0,D,2,2,0,2,15,(1),1,, -1,1,0,1,50,19,5,2021,10:30,1,22,22161,2,1,0,3,Rue de l Armor,48.565596,-3.14504,10,2,2
202100050858,110Â 772,B01,1,1,1,5,1,-1,-1,-1, -1,-1,2021,58.0,1,2,0,2,1,2,1,,4,PIERRE SEMARD                       (AV),0,,3,2,0,1,(1),(1),1,, -1,1,0,1,50,19,2,2021,10:30,1,69,69259,2,1,0,2,PIERRE SEMARD (AV),45.7091225446,4.8759586351,10,2,2
202100021333,163Â 521,B01,1,1,1,9,1,-1,-1,0,0,-1,2021,34.0,2,2,0,0,4,1,1,,1,77,0,A,3,4,0,1,150,775,1,, -1,1,0,1,130,28,8,2021,13:00,1,58,58303,1,1,0,2,A77,47.029506,3.160844,13,2,2
202100002330,197Â 625,A01,2,2,1,4,8,-1,-1,0,0,-1,2021,31.0,2,5,0,2,1,13,1,,2,94,0,,2,2,0,1,128,400,1,, -1,1,0,1,80,20,12,2021,16:15,1,5,5065,1,1,0,1,Rn 94,44.660667,6.604692,16,3,2
202100042829,125Â 106,A01,1,1,1,0,2,6,-1,-1, -1,-1,2021,45.0,0,1,0,2,6,23,1,,2,,-1,,3,-1,-1,1,9,720,1,, -1,1,0,1,-1,23,4,2021,08:10,1,76,76540,2,2,0,3,RUE NANSEN,49.447552,1.060252,8,2,2
202100032328,143Â 972,C01,1,1,1,4,2,6,-1,0,0,-1,2021,36.0,1,1,0,2,0,2,1,,4,AVENUE DE FRIEDLAND,0,,2,4,0,2,(1),(1),1,, -1,8,0,1,50,25,6,2021,09:45,1,75,75108,2,2,0,4,AVENUE DE FRIEDLAND,48.874397,2.301052,9,3,3
202100046051,119Â 440,A01,1,1,2,0,8,0,-1,-1, -1,-1,2021,28.0,1,2,11,0,1,13,1,,1,AUTOROUTE A10,0,,1,1,0,1,0,100,1,, -1,1,0,1,70,30,3,2021,16:35,1,91,91363,1,1,0,7,AUTOROUTE A10,48.66913,2.19326,16,1,1
202100008575,186Â 409,A01,1,1,2,5,1,0,-1,-1, -1,-1,2021,49.0,1,2,0,2,6,1,1,,1,A55 - Sens Marseille vers Martigues,0,,1,2,0,2,13,500,2,, -1,2,2,1,90,11,11,2021,00:00,3,13,13071,1,1,1,2,A55 - Sens Marseille vers Martigues,43.399109,5.296419,0,3,2
202100017363,170Â 603,B01,1,1,1,0,2,6,-1,-1, -1,-1,2021,26.0,1,1,0,2,6,1,1,,1,AUTOROUTE A6B,0,,1,2,0,1,5,199,1,, -1,1,0,1,90,23,9,2021,15:20,1,94,94021,1,1,0,3,AUTOROUTE A6B,48.7713,2.34502,15,2,2
202100036372,136Â 688,A01,1,1,2,0,8,-1,-1,-1, -1,-1,2021,34.0,1,2,0,2,2,18,0,,7,25EME REGIMENT DE TIRAILLEURS SENEGA(AV),0,,1,2,3,4,50,200,1,, -1,1,0,1,50,4,6,2021,18:15,1,69,69389,1,1,0,3,25EME REGIMENT DE TIRAILLEURS SENEGA(AV),45.7859278469,4.8038258514,18,2,2
202100044076,122Â 892,A01,4,2,2,5,1,-1,-1,0,0,-1,2021,8.0,1,2,0,2,3,13,1,,3,4,-1,,2,2,0,2,13,100,3,, -1,2,0,1,80,15,4,2021,17:30,1,57,57431,1,1,1,1,D4,49.081231,6.365923,17,5,2
202100008461,186Â 614,B01,1,1,1,5,8,0,-1,-1, -1,-1,2021,32.0,2,1,0,2,1,2,5,,7,CARREL ARMAND RUE,0,,2,2,0,1,(1),(1),1,, -1,1,5,5,50,31,10,2021,04:15,5,59,59350,2,3,0,1,FERBER RUE CAPITAINE,50.6132579381,3.0748600727,4,2,2
202100033876,141Â 206,B01,1,1,2,9,2,0,-1,0,0,-1,2021,30.0,2,1,0,2,1,1,5,,4,RUE DE VAUGIRARD,0,,1,2,1,1,(1),(1),1,, -1,1,0,5,50,15,6,2021,23:30,5,75,75115,2,3,0,3,RUE DE VAUGIRARD,48.841273,2.307206,23,2,2
202100004806,193Â 191,B01,1,1,1,9,2,8,-1,0,0,-1,2021,34.0,2,1,0,2,7,1,1,,4,AVENUE DE LA PORTE D IVRY,0,,2,4,0,1,(1),(1),1,, -1,2,2,1,30,4,12,2021,04:40,3,75,75113,2,2,1,3,AVENUE DE LA PORTE D IVRY,48.819628,2.373084,4,2,2
202100012046,180Â 176,A01,1,1,1,1,8,0,-1,0,0,-1,2021,22.0,1,1,0,2,3,1,3,,4,AVENUE DE LA PORTE D AUBERVILLIERS,0,,1,2,0,1,(1),(1),1,, -1,1,0,1,50,20,10,2021,06:10,5,75,75118,2,7,0,3,AVENUE DE LA PORTE D AUBERVILLIERS,48.900387,2.370348,6,2,2
202100027786,152Â 048,B01,1,1,1,5,2,8,-1,-1, -1,-1,2021,42.0,2,1,0,2,3,1,0,,3,180,0,,2,1,0,1,0,0,2,, -1,1,0,1,50,19,7,2021,21:15,2,92,92063,2,7,0,3,BUZENVAL (PLACE DE),48.85724,2.19021,21,2,2
202100022821,160Â 816,A01,2,2,1,9,1,0,-1,0,0,-1,2021,28.0,1,2,4,0,1,14,1,,4,BOULEVARD PERIPHERIQUE,0,,1,4,0,1,15,900,1,, -1,1,0,1,70,22,8,2021,08:35,1,75,75116,2,1,0,6,BD PERIPHERIQUE INTERIEUR,48.875781,2.277613,8,2,1