Num_Acc,id_vehicule,num_veh,place,catu,sexe,trajet,secu1,secu2,secu3,locp,actp,etatp,year_acc,victim_age,senc,catv,obs,obsm,choc,manv,motor,occutc,catr,voie,v1,v2,circ,nbv,vosp,prof,pr,pr1,plan,lartpc,larrout,surf,infra,situ,vma,jour,mois,an,hrmn,lum,dep,com,agg_,int,atm,col,adr,lat,long,hour,nb_victim,nb_vehicules
202100001044,199Â 898,B01,1,1,1,1,2,6,-1,0,0,-1,2021,59.0,1,1,0,2,1,1,1,,4,,0,,2,2,0,2,(1),(1),1,, -1,2,0,1,50,27,12,2021,12:30,1,6,6030,2,3,1,3,PERIER (LE CANNET),43.56658,6.99335,12,2,2
202100047566,116Â 745,B01,2,2,1,1,1,-1,-1,0,0,-1,2021,37.0,2,2,0,2,1,1,1,,7,15,-1,,2,2,0,1,18,100,2,, -1,2,0,1,80,19,3,2021,15:05,1,13,13050,1,1,1,1,Chemin Departemental 15,43.650128,5.226982,15,4,2
202100015445,174Â 098,A01,1,1,1,0,1,0,-1,-1, -1,-1,2021,27.0,2,2,0,2,1,26,1,,1,A86,0,,3,4,0,1,78,0,1,, -1,2,0,1,90,2,10,2021,08:00,1,92,92063,1,1,0,1,A86,48.8913920044,2.1758972497,8,2,2
202100023803,159Â 072,A01,9,2,1,5,1,-1,-1,0,0,-1,2021,33.0,2,2,4,0,3,0,1,,1,13,0,A,1,5,0,3,109,400,1,, -1,1,0,1,110,17,8,2021,19:50,2,76,76682,1,1,0,6,autoroute A13 PK 109+400,49.321346,1.100821,19,5,1
202100035610,138Â 068,B01,1,1,1,1,2,6,9,0,0,-1,2021,43.0,1,1,0,2,4,1,1,,3,7,-1,,2,2,0,1,23,570,1,,4,1,0,1,80,9,6,2021,16:50,1,1,1093,1,3,0,2,Route de Thoissey,46.127166,4.944448,16,2,2
202100027009,153Â 439,A01,1,1,1,5,0,-1,-1,0,0,-1,2021,36.0,1,5,0,2,1,5,1,,3,81,-1,,2,2,0,2,10,50,3,, -1,1,0,1,80,26,7,2021,20:30,2,85,85210,1,1,0,1,La Grande Villeneuve,46.843785,-1.622586,20,3,2
202100025645,155Â 843,B01,1,1,1,4,2,6,-1,0, -1,-1,2021,32.0,1,1,1,2,4,1,1,,3,KENNEDY [RN370] (BOULEVARD),0,,2,2,0,1,(1),(1),1,, -1,1,0,1,50,4,8,2021,11:05,1,93,93071,2,2,0,3,Avenue John Fitzgerald Kennedy / Rue dâAulnay,48.9396839716,2.5126710705,11,2,2
202100012487,179Â 386,A01,10,3,1,5,0,-1,-1,2,5,1,2021,15.0,3,5,0,1,7,1,1,,4,QUAI DE LA RAPEE,0,,2,5,0,1,(1),(1),1,, -1,2,0,1,30,18,10,2021,20:05,2,75,75112,2,1,1,6,QUAI DE LA RAPEE,48.846827,2.366371,20,3,1
202100041026,128Â 285,A01,3,2,2,5,8,-1,-1,0,0,-1,2021,18.0,2,2,0,2,3,5,1,,3,37,0,,2,2,0,1,21,600,2,, -1,1,5,1,90,7,5,2021,19:00,1,3,3020,1,2,0,1,D37,46.279566,2.871128,19,5,2
202100000054,201Â 650,A01,4,2,1,0,1,0,-1,-1, -1,-1,2021,65.0,1,2,1,0,2,26,1,,3,RECHERCHANT (RUE ADRIEN) (2),0,,2,2,0,1,(1),(1),1,, -1,1,9,1,50,11,11,2021,20:38,5,974,97416,2,9,0,6,RECHERCHANT (RUE ADRIEN) (2),-21.28744,55.48287,20,3,1
202100020412,165Â 153,A01,1,1,1,5,2,-1,-1,0,0,-1,2021,60.0,2,1,0,0,0,1,5,,3,986,-1,,2,2,0,2,2,700,3,, -1,1,0,1,80,31,8,2021,13:40,1,30,30139,1,1,0,6,RD986,44.138887,3.405204,13,1,1
202100003703,195Â 132,B01,1,1,2,9,1,0,-1,-1, -1,-1,2021,80.0,1,2,0,2,3,1,1,,3,MARAYE (RUE),0,,2,2,0,1,(1),(1),1,, -1,1,0,1,50,9,12,2021,13:45,1,10,10333,2,2,1,3,MARAYE (RUE),48.28683,4.04545,13,2,2
202100009657,184Â 444,C01,1,1,1,9,1,-1,-1,0,0,-1,2021,26.0,1,2,0,2,3,1,0,,2,1,-1,,2,2,0,2,(1),(1),2,,5,2,0,1,70,3,11,2021,18:30,3,971,97132,1,1,0,5,route de sapotille,15.987074,-61.617465,18,4,3
202100020222,165Â 489,A01,10,3,2,2,0,-1,-1,3,3,1,2021,12.0,2,2,0,1,1,26,1,,4,COMMUNE DE PARIS (AVENUE),0,,1,2,0,1,0,0,1,, -1,1,5,1,30,6,9,2021,15:10,1,974,97407,2,1,0,1,COMMUNE DE PARIS (AVENUE),-20.94,55.29,15,3,1
202100040729,128Â 805,B01,1,1,1,0,1,8,-1,-1, -1,-1,2021,70.0,2,2,0,0,6,2,1,,2,4,0,,2,2,0,1,0,0,1,, -1,1,0,1,70,8,5,2021,18:57,1,77,77373,1,1,0,5,RN 4,48.77401,2.61139,18,3,3
202100012933,178Â 619,A01,1,1,1,0,2,6,-1,0,0,-1,2021,21.0,1,1,16,0,0,0,1,,3,30,0,,2,2,0,3,0,0,2,, -1,1,0,3,80,16,10,2021,08:50,1,41,41267,1,1,1,7,D30,47.418005,1.130176,8,1,1
202100012183,179Â 940,A01,1,1,1,9,8,0,-1,-1, -1,-1,2021,17.0,2,1,0,2,1,26,1,,4,PATRAS (RUE),0,,1,1,0,1,0,0,1,, -1,1,0,1,50,19,10,2021,14:55,1,77,77131,2,3,0,1,PATRAS (RUE),48.81407,3.08329,14,3,2
202100039973,130Â 139,A01,5,2,1,9,8,0,-1,-1, -1,-1,2021,30.0,1,2,1,0,3,5,0,,3,MARTIN HENRI AVENUE,0,,1,1,0,1,25,0,1,, -1,1,9,4,50,14,5,2021,01:05,5,92,92050,2,1,0,6,MARTIN HENRI AVENUE,48.8952012006,2.1939986944,1,3,1
202100000424,200Â 951,A01,1,1,1,5,8,-1,-1,0,0,-1,2021,20.0,3,2,12,0,2,14,1,,4,,-1,,2,2,0,2,(1),(1),3,, -1,1,1,1,50,25,6,2021,02:20,5,73,73008,2,1,0,6,Passage Victoria,45.6892858791,5.9090058811,2,1,1
202100036421,136Â 602,A01,4,2,2,0,8,0,-1,-1, -1,-1,2021,3.0,1,2,0,2,1,26,1,,4,ARBRISSEL,0,,2,2,0,1,1,0,1,, -1,2,0,1,50,4,6,2021,13:15,1,49,49007,2,1,1,2,ARBRISSEL,47.4435,-0.5562,13,3,2
202100002836,196Â 707,A01,10,3,2,3,0,-1,-1,2,3,2,2021,84.0,3,2,0,1,1,1,1,,9,,0,,2,2,0,1,(1),(1),1,,5,1,9,1,30,17,12,2021,11:15,1,44,44195,2,6,0,6,La Colleraye (Zone commerciale),47.371494,-1.938035,11,2,1
202100054304,104Â 690,A01,1,1,2,0,1,8,-1,-1, -1,-1,2021,27.0,3,2,0,2,3,1,1,,4,LUXEMBOURG(RUE),0,,-1,1,0,1,0,0,1,, -1,1,0,1,30,19,1,2021,12:25,1,974,97407,2,2,0,3,LUXEMBOURG(RUE),-20.93558,55.29458,12,2,2
202100042072,126Â 424,B01,1,1,2,0,8,0,-1,-1, -1,-1,2021,41.0,3,1,0,2,1,23,5,,4,REPUBLIQUE RUE DE LA,0,,2,2,0,1,1,0,1,, -1,1,0,1,30,28,4,2021,17:15,1,93,93063,2,2,0,3,REPUBLIQUE RUE DE LA,48.88193,2.43948,17,2,2
202100031729,145Â 044,A01,2,2,2,9,2,6,-1,0,0,-1,2021,26.0,1,1,8,2,3,17,1,,4,BOULEVARD DE LA CHAPELLE,0,,3,3,0,1,(1),(1),1,, -1,1,0,1,50,29,6,2021,14:20,1,75,75118,2,2,0,3,BOULEVARD DE LA CHAPELLE,48.884476,2.3648,14,3,2
202100054641,104Â 121,B01,1,1,2,1,1,-1,-1,0,0,-1,2021,27.0,1,2,0,0,6,2,1,,3,D23,-1,D,2,2,0,3,2,50,1,, -1,1,0,1,80,19,1,2021,08:45,1,973,97309,1,1,0,2,D23,4.901282,-52.305286,8,2,2
202100031395,145Â 636,A01,1,1,2,5,2,6,4,0,0,-1,2021,15.0,2,1,1,0,1,2,1,,3,25,0,D,2,2,0,1,4,500,2,, -1,1,0,1,50,2,7,2021,09:50,1,17,17452,2,1,0,6,Avenue de la CÃªpe,45.792952,-1.174518,9,1,1
202100030846,146Â 627,A01,10,3,1,5,0,-1,-1,2,1,1,2021,78.0,3,2,0,1,4,26,1,,6,DAUDET (AVENUE ALPHONSE),0,,-1,-1,0,1,0,0,1,, -1,1,0,8,30,29,6,2021,15:00,1,30,30028,2,1,0,6,DAUDET (AVENUE ALPHONSE),44.15764,4.61326,15,2,1
202100052300,108Â 227,A01,10,3,1,2,0,-1,-1,3,3,1,2021,17.0,1,2,0,1,1,26,1,,4,CORNICHE (BD DE LA) INFERIEUR NÂ°20,0,,2,2,0,1,1,0,1,, -1,2,9,1,50,2,2,2021,13:35,1,74,74281,2,1,1,6,CORNICHE (BD DE LA) INFERIEUR NÂ°20,46.37226,6.4741,13,2,1
202100041218,127Â 928,A01,1,1,1,0,1,-1,-1,0,0,-1,2021,73.0,0,2,0,2,1,13,1,,2,330,-1,,2,2,0,1,18,550,1,, -1,1,0,1,80,7,5,2021,03:44,3,60,60421,1,1,0,1,N330,49.199017,2.636841,3,2,2
202100015334,174Â 300,A01,4,2,2,5,1,0,-1,-1, -1,-1,2021,4.0,2,2,13,0,1,26,1,,3,RN 60,0,,3,4,0,1,1,0,2,, -1,2,0,3,110,3,10,2021,13:00,1,45,45284,1,1,0,6,RN 60,47.92041,1.9992,13,4,1
202100024236,158Â 348,A01,1,1,1,0,8,0,-1,-1, -1,-1,2021,29.0,0,2,0,0,9,0,1,,4,GODISSARD (BOULEVARD),0,,2,2,0,2,(1),(1),1,, -1,1,0,1,50,1,8,2021,10:05,1,972,97209,1,1,0,6,GODISSARD (BOULEVARD),14.63009,-61.07002,10,1,1
202100028350,151Â 027,A01,1,1,1,5,1,-1,-1,0,0,-1,2021,23.0,1,2,4,0,3,1,1,,3,1085,-1,,2,2,0,1,(1),(1),1,, -1,1,0,1,80,19,7,2021,00:30,3,38,38400,1,1,0,6,Route de Grenoble,45.324641,5.589994,0,1,1
202100006962,189Â 320,A01,2,2,2,3,1,-1,-1,0,0,-1,2021,19.0,2,2,13,0,7,1,1,,3,213,-1,,2,2,0,1,1,157,1,, -1,2,0,3,80,21,11,2021,19:20,3,72,72226,1,1,1,7,D213 - Lieu dit Chateau Gaillard,47.8198,0.111,19,3,1
202100027251,153Â 008,A01,1,1,1,5,1,9,-1,0,0,-1,2021,50.0,1,2,15,0,1,1,1,,1,28,0,,1,2,0,1,53,200,3,, -1,1,3,3,130,24,7,2021,15:30,1,76,76424,1,1,0,7,Autoroute A 28 PK 052.200,49.760477,1.484399,15,1,1
202100050325,111Â 747,A01,10,3,2,5,0,-1,-1,3,3,1,2021,72.0,3,5,0,1,1,15,1,,4,TROIS VISAGES ( DES ),0,,2,2,0,2,(1),(1),1,, -1,2,9,1,50,14,1,2021,15:00,1,62,62041,2,9,1,6,TROIS VISAGES ( DES ),50.2929,2.7759,15,2,1
202100029916,148Â 332,B01,1,1,1,5,2,6,-1,0,0,-1,2021,49.0,2,1,0,2,3,0,1,,4,,-1,,2,2,0,1,(1),(1),1,,3,1,0,1,70,9,7,2021,17:45,1,69,69287,1,1,0,3,COPRIN CHEVELU (DU) (CHM),45.677956,5.00792,17,2,2
202100039580,130Â 836,B01,1,1,1,1,1,-1,-1,-1, -1,-1,2021,26.0,2,2,0,2,4,1,1,,2,LONGCHAMPS (PORTE DES),0,,3,3,0,1,23,413,1,, -1,1,0,1,90,17,5,2021,16:45,1,35,35051,1,1,0,4,LONGCHAMPS (PORTE DES),48.14025,-1.63095,16,4,4
202100007716,187Â 967,A01,1,1,1,0,1,-1,-1,0,0,-1,2021,25.0,1,2,7,0,3,6,1,,3,32,0,D,3,2,0,2,1,200,1,, -1,1,0,1,50,18,11,2021,01:45,3,971,97103,2,9,0,6,Voie Verte,16.253298,-61.570736,1,1,1
202100033265,142Â 312,A01,1,1,1,5,1,-1,-1,0,0,-1,2021,29.0,3,2,15,0,3,0,1,,4,,-1,,2,2,0,1,(1),(1),3,,4,2,0,3,80,21,6,2021,01:50,3,17,17397,1,1,1,7,Chez Praud,45.912877,-0.653526,1,1,1
202100014891,175Â 095,B01,1,1,1,5,0,-1,-1,0,0,-1,2021,13.0,3,1,0,2,1,1,3,,3,56,0,D,2,2,0,2,11,240,1,,4,1,0,1,80,6,10,2021,18:00,1,16,16400,1,2,0,3,D56,45.963859,0.21808,18,2,2
202100003707,195Â 123,B01,1,1,1,0,2,6,-1,0,0,-1,2021,48.0,1,1,0,2,1,1,0,,4,"SOSPEL (AVENUE DE, NÂ° 1 A 55)",0,,1,1,0,2,(1),(1),1,, -1,1,0,1,50,11,12,2021,22:27,5,6,6083,2,1,0,3,"SOSPEL (AVENUE DE, NÂ° 1 A 55)",43.7793,7.4936,22,2,2
202100048749,114Â 625,B01,1,1,1,1,2,6,-1,0,0,-1,2021,30.0,1,1,0,2,1,0,1,,7,8,0,N,2,2,0,2,57,0,3,, -1,1,0,1,80,9,3,2021,21:00,3,13,13030,1,1,0,1,D8n,43.265894,5.673409,21,2,2
202100042833,125Â 102,A01,2,2,1,0,8,0,-1,-1, -1,-1,2021,26.0,2,2,0,0,2,0,0,,3,ZONE (ROUTE DE),0,,2,2,0,1,1,200,1,, -1,1,0,1,80,22,4,2021,19:50,1,74,74133,1,1,0,7,ZONE (ROUTE DE),46.1783,6.21413,19,2,1
202100002010,198Â 199,B01,1,1,1,0,2,0,-1,-1, -1,-1,2021,48.0,1,1,0,2,3,9,0,,4,PONTOTS (GIRATOIRE LES),0,,2,2,1,1,0,0,3,, -1,1,0,1,50,20,12,2021,14:00,1,64,64102,2,1,0,2,Giratoire des Pontots,43.4883,-1.49076,14,2,2
202100034482,140Â 090,A01,1,1,1,0,1,-1,-1,0,0,-1,2021,61.0,1,2,0,2,1,17,1,,3,667,-1,,2,2,0,4,18,200,3,, -1,1,0,1,80,15,6,2021,13:45,1,47,47071,1,1,0,1,D667,44.4702286534,0.4818604201,13,3,2
202100033451,141Â 977,A01,1,1,1,5,2,6,-1,0,0,-1,2021,55.0,2,1,0,2,1,1,1,,4,SO,0,,2,2,0,1,(1),(1),3,, -1,2,0,1,80,19,6,2021,17:15,1,28,28012,1,1,1,1,Lieu Dit Beauvoir,48.130193,1.210642,17,2,2
202100040028,130Â 049,A01,1,1,1,9,2,8,-1,-1, -1,-1,2021,42.0,3,1,0,2,1,1,1,,4,UNIVERSITE CHICAGO (RUE DE),0,,2,2,0,1,(1),(1),1,, -1,2,0,1,50,13,5,2021,19:35,5,973,97302,2,1,0,3,UNIVERSITE CHICAGO (RUE DE),4.9348165074,-52.2987082833,19,2,2
202100042422,125Â 796,A01,1,1,1,1,2,6,-1,0,0,-1,2021,26.0,2,1,0,2,1,12,1,,1,A4,0,,1,3,0,1,4,953,1,, -1,1,0,1,90,27,4,2021,09:00,1,75,75112,1,1,0,2,A4,48.8178122169,2.4557822943,9,2,2
202100045669,120Â 105,A01,10,3,2,2,0,-1,-1,2,4,2,2021,6.0,3,2,0,1,1,1,1,,4,,-1,,2,2,3,1,(1),(1),1,, -1,1,9,1,30,1,4,2021,12:00,1,67,67061,2,1,0,6,Rue de Babenhausen,48.829212,7.484356,12,4,1
202100047089,117Â 599,B01,1,1,1,1,1,-1,-1,0,0,-1,2021,51.0,1,2,13,2,8,1,1,,3,27B,-1,B,2,2,0,1,4,380,1,, -1,1,0,1,80,22,3,2021,18:00,1,1,1389,1,2,1,3,D27b,46.0432097851,4.9382954836,18,2,2
202100014503,175Â 785,B01,1,1,1,5,0,-1,-1,0,0,-1,2021,48.0,0,1,0,2,1,1,5,,4,,0,,2,2,0,1,(1),(1),1,,4,1,0,1,-1,2,10,2021,10:45,1,69,69044,2,3,0,3,LAMARTINE (AV),45.781778,4.738071,10,2,2
202100012902,178Â 667,A01,2,2,2,1,8,0,-1,-1, -1,-1,2021,38.0,1,3,0,0,0,0,3,2.0,3,RAVERA (AVENUE HENRI) NÂ° 111 A 217 ET 10,0,,-1,1,0,1,0,0,1,, -1,1,0,1,50,16,10,2021,19:15,2,92,92007,2,6,0,7,RAVERA (AVENUE HENRI) NÂ° 111 A 217 ET 10,48.8097309623,2.3173293471,19,2,1
202100007578,188Â 197,A01,7,2,2,0,1,0,-1,-1, -1,-1,2021,57.0,1,3,0,2,3,7,1,2.0,4,JOURDAN (PLACE),0,,2,5,3,1,0,0,1,, -1,1,0,1,50,15,11,2021,12:35,1,87,87085,2,3,0,3,JOURDAN (PLACE),45.83207,1.26386,12,3,2
202100027420,152Â 702,A01,1,1,1,5,8,-1,-1,0,0,-1,2021,23.0,1,2,2,0,3,14,1,,3,39,-1,,2,2,0,1,3,67,1,, -1,1,0,3,50,24,7,2021,02:30,3,32,32410,2,1,0,6,Avenue de Cazaux,43.498441,0.935694,2,1,1
202100051804,109Â 101,B01,1,1,1,0,2,0,-1,-1, -1,-1,2021,48.0,1,0,0,2,4,2,3,,4,DENFERT-ROCHEREAU   AVENUE (59),0,,2,2,0,1,(1),(1),1,, -1,1,0,1,50,11,2,2021,21:45,4,17,17300,2,6,0,2,DENFERT-ROCHEREAU   AVENUE (59),46.16557,-1.18835,21,2,2
202100007050,189Â 155,A01,1,1,1,9,2,0,-1,0,0,-1,2021,24.0,2,1,0,2,3,2,3,,4,BOULEVARD BOURDON,0,,1,2,0,1,(1),(1),1,, -1,1,0,1,30,20,11,2021,01:30,5,75,75104,2,5,0,2,BOULEVARD BOURDON,48.852582,2.368087,1,2,2
202100047823,116Â 273,A01,1,1,1,5,2,6,-1,0,0,-1,2021,19.0,2,1,0,2,1,17,1,,4,VAL FLEURI CHEMIN DU,0,,2,2,0,1,(1),(1),1,, -1,1,0,1,50,16,3,2021,16:45,1,6,6027,2,1,0,5,VAL FLEURI CHEMIN DU,43.665892,7.169924,16,3,3
202100005769,191Â 481,A01,10,3,2,0,0,-1,-1,3,3,2,2021,36.0,3,1,0,1,1,17,1,,4,,0,,2,2,0,1,(1),(1),1,, -1,1,0,1,50,26,11,2021,08:43,1,6,6083,2,1,0,6,DELATTRE DE TASSIGNY (ALLEE),43.78919,7.49273,8,3,1
202100053598,105Â 914,B01,1,1,1,0,8,0,-1,-1, -1,-1,2021,32.0,1,1,0,2,8,1,5,,7,QUAI EMILE CORMERAIS,0,,3,2,1,1,(1),0,1,, -1,1,0,1,30,26,1,2021,07:30,5,44,44162,2,1,0,3,QUAI EMILE CORMERAIS,47.19457,-1.61976,7,2,2
202100037295,135Â 005,A01,1,1,1,5,8,0,-1,0,0,-1,2021,21.0,1,1,0,0,0,21,5,,4,AVENUE DE BRETEUIL,0,,1,2,0,1,(1),(1),1,, -1,1,6,5,50,31,5,2021,17:40,1,75,75107,2,2,0,7,AVENUE DE BRETEUIL,48.85164,2.312524,17,1,1
202100029658,148Â 777,A01,1,1,1,5,8,-1,-1,0,0,-1,2021,86.0,2,2,15,0,1,13,1,,3,7,-1,,2,2,0,1,54,700,1,, -1,1,0,3,80,10,7,2021,16:25,1,83,83073,1,1,0,6,RN7,43.39583,6.292358,16,1,1
202100050043,112Â 288,A01,1,1,2,1,1,0,-1,-1, -1,-1,2021,34.0,2,2,8,0,1,14,1,,4,VALLON DES LAURIERS (CH),0,,2,1,0,2,(1),(1),1,, -1,1,0,3,50,26,2,2021,12:30,1,13,13001,1,1,0,6,VALLON DES LAURIERS (CH),43.54282,5.47261,12,1,1
202100051734,109Â 221,A01,2,2,2,5,1,-1,-1,0,0,-1,2021,36.0,2,2,13,0,0,17,1,,2,12,-1,,3,4,0,1,102,700,1,, -1,7,0,1,110,10,2,2021,15:45,1,22,22135,1,1,0,7,RN 12 PR102+700,48.5656155033,-3.3248398232,15,3,1
202100000317,201Â 152,B01,1,1,1,0,1,0,-1,-1, -1,-1,2021,22.0,3,2,0,1,4,16,1,,4,RAYMOND FILIPPI AVENUE,0,,1,4,0,1,1,0,3,, -1,1,0,1,50,19,7,2021,17:30,1,13,13047,2,1,0,2,RAYMOND FILIPPI AVENUE,43.4986,4.98089,17,2,2
202100036938,135Â 675,B01,2,2,2,0,1,4,-1,-1, -1,-1,2021,35.0,2,5,4,2,4,2,1,,1,AUTOROUTE A3,0,,3,8,0,1,3,700,1,, -1,1,0,1,90,2,6,2021,07:00,1,93,93053,1,1,0,4,AUTOROUTE A3,48.8819,2.4538,7,4,3
202100015453,174Â 084,B01,1,1,1,4,1,0,-1,-1, -1,-1,2021,37.0,1,5,0,2,4,1,0,,1,AUTOROUTE A86,0,,1,3,0,1,20,799,1,, -1,1,1,1,90,28,9,2021,11:00,1,93,93008,1,1,0,2,AUTOROUTE A86,48.91149,2.44041,11,2,2
202100017183,170Â 921,A01,1,1,1,5,2,6,9,0,0,-1,2021,52.0,1,1,0,2,8,13,1,,3,526,-1,,2,2,0,2,18,500,3,, -1,1,0,1,80,24,9,2021,16:00,1,38,38403,1,1,0,3,D 526 - PK 18.5,44.844619,5.740957,16,2,2
202100010303,183Â 289,A01,10,3,1,0,0,-1,-1,8,3,1,2021,80.0,1,5,0,1,4,20,1,,4,DUROC (PLACE),0,,1,1,0,1,(1),(1),1,, -1,1,0,1,50,29,10,2021,09:55,1,54,54431,2,1,0,6,DUROC (PLACE),48.9029,6.05557,9,2,1
202100040278,129Â 611,A01,3,2,1,5,1,-1,-1,0,0,-1,2021,18.0,2,2,8,0,1,1,1,,3,130,-1,D,2,2,0,1,9,800,1,, -1,1,0,1,50,12,5,2021,22:45,5,30,30037,1,1,0,6,Hameau de Foussignargues,44.287448,4.124309,22,3,1
202100019408,166Â 941,A01,2,2,2,5,2,6,-1,0,0,-1,2021,15.0,1,6,1,0,1,16,1,,3,,-1,,2,1,0,1,(1),(1),1,,3,1,0,1,50,12,9,2021,13:35,1,2,2071,2,1,0,6,Rue du Mont a Berry,49.410547,3.140085,13,2,1
202100012215,179Â 882,A01,1,1,1,2,2,6,-1,0, -1,-1,2021,14.0,2,1,0,0,2,2,1,,4,LE LAY ( AVENUE ALAIN ),0,,1,2,0,1,(1),(1),1,, -1,2,0,1,50,19,10,2021,07:46,5,29,29039,2,1,1,7,Avenue Alain le Lay,47.87487,-3.91843,7,1,1
202100049462,113Â 351,B01,1,1,1,1,2,6,-1,-1, -1,-1,2021,22.0,2,1,4,2,1,11,1,,2,RN20,0,,3,4,0,1,3,0,1,, -1,1,0,1,90,3,3,2021,08:40,1,91,91377,1,1,0,5,RN20,48.716648,2.291186,8,3,3
202100012539,179Â 299,B01,1,1,1,1,4,-1,-1,0,0,-1,2021,64.0,2,1,0,2,7,1,5,,3,RD269,-1,,1,2,0,1,0,1,2,, -1,1,0,1,80,19,10,2021,06:15,5,26,26252,1,6,0,3, 10 Rue Marcel Champion,44.8578869,4.871865,6,2,2
202100039090,131Â 760,A01,1,1,1,4,2,8,-1,-1, -1,-1,2021,25.0,2,1,0,2,6,19,5,,4,TOURASSE,0,,1,4,2,1,0,0,1,, -1,1,0,1,50,20,5,2021,19:45,1,64,64445,2,1,0,3,TOURASSE,43.311,-0.3621,19,2,2
202100005921,191Â 207,A01,10,3,1,5,0,-1,-1,3,3,2,2021,16.0,2,2,0,1,1,1,1,,4,BERTHELOT (AV. MARCELIN),0,,3,4,0,1,(1),(1),1,, -1,1,0,1,50,22,11,2021,13:20,1,60,60159,1,1,0,7,Avenue Marcelin Berthelot,49.38981,2.78747,13,2,1
202100015141,174Â 646,B01,10,3,1,0,0,-1,-1,4,3,1,2021,20.0,2,2,0,1,7,1,1,,4,24,0,,2,4,0,1,0,0,2,, -1,1,9,1,50,4,10,2021,21:20,5,92,92050,2,9,0,6,PROVINCES FRANCAISES BD DES,48.9001843283,2.2143191099,21,2,1
202100030273,147Â 651,A01,1,1,1,5,2,-1,-1,0,0,-1,2021,49.0,2,1,15,0,0,2,1,,3,675,-1,,2,2,0,2,21,650,4,, -1,1,0,1,90,26,6,2021,16:20,1,41,41239,1,1,0,7,route dÃ©partementale 675,47.242444,1.35016,16,1,1
202100018525,168Â 520,B01,1,1,1,1,2,-1,-1,-1, -1,-1,2021,47.0,1,1,0,2,8,1,5,,4,VIENNE (DE)                         (RO),0,,2,4,1,1,(1),(1),1,, -1,1,0,5,50,16,9,2021,07:00,2,69,69259,2,4,0,3,VIENNE (DE) (RTE),45.7246398571,4.8540580273,7,2,2
202100035239,138Â 716,A01,1,1,1,0,0,-1,-1,-1, -1,-1,2021,53.0,2,2,2,0,1,2,1,,3,HENRI BARBUSSE (BOULEVARD) 44-174,0,,3,2,0,1,2,220,1,, -1,1,0,1,50,10,6,2021,15:30,1,78,78311,2,1,0,6,HENRI BARBUSSE (BOULEVARD) 44-174,48.93298,2.18062,15,1,1
202100012041,180Â 185,A01,1,1,2,5,1,0,-1,0,0,-1,2021,29.0,2,2,0,2,1,2,1,,4,BOULEVARD PERIPHERIQUE,0,,1,4,0,1,20,500,1,, -1,1,0,1,70,19,10,2021,15:00,1,75,75117,2,1,0,4,BOULEVARD PERIPHERIQUE,48.900645,2.32473,15,5,3
202100007209,188Â 869,A01,1,1,1,5,2,6,-1,0,0,-1,2021,33.0,1,1,0,2,1,1,1,,4,DOMES (AVENUE DES),0,,1,1,0,1,(1),(1),1,, -1,1,5,1,50,19,11,2021,09:15,1,63,63124,2,2,0,3,Av DÃ´mes /av Livradois,45.73094,3.19987,9,2,2
202100025244,156Â 530,B01,3,2,1,0,1,-1,-1,-1, -1,-1,2021,20.0,3,5,0,2,1,1,1,,4,PINEL                               (BD),0,,2,3,2,1,(1),(1),1,, -1,1,0,1,50,6,8,2021,07:25,1,69,69388,2,1,0,1,PINEL (BD),45.72606,4.88695,7,5,2
202100009545,184Â 642,B01,1,1,1,1,2,6,-1,-1, -1,-1,2021,23.0,1,1,0,2,1,3,1,,1,A50-Sens Marseille vers Aubagne,0,,3,3,0,1,1,500,1,, -1,1,0,1,90,3,11,2021,18:42,3,13,13210,1,1,0,2,A50-Sens Marseille vers Aubagne,43.2846,5.41255,18,2,2
202100038017,133Â 706,A01,1,1,1,9,8,0,-1,-1, -1,-1,2021,49.0,1,1,0,2,3,19,5,,4,AV DE L HERS,0,,2,1,0,2,(1),(1),1,, -1,1,0,1,50,26,5,2021,17:50,1,31,31555,2,1,0,3,AV DE L HERS,43.6139,1.47995,17,2,2
202100043882,123Â 233,A01,1,1,1,4,8,0,-1,-1, -1,-1,2021,35.0,1,4,13,0,2,26,1,,2,PERIPHERIQUE SUD,0,,3,4,0,1,13,527,3,, -1,1,0,1,90,15,4,2021,02:15,3,44,44215,1,1,0,6,PERIPHERIQUE SUD,47.1866987547,-1.4952349663,2,1,1
202100045044,121Â 213,A01,1,1,1,5,8,0,-1,-1, -1,-1,2021,27.0,2,2,9,0,1,9,1,,3,GABRIEL PERI (AVENUE),0,,2,2,0,1,0,0,1,, -1,1,0,8,50,5,4,2021,02:30,5,93,93051,2,6,0,6,GABRIEL PERI (AVENUE),48.8319,2.56672,2,1,1
202100024296,158Â 242,A01,2,2,2,5,1,0,-1,-1, -1,-1,2021,54.0,2,2,2,0,1,1,1,,3,,0,,2,2,0,1,0,0,1,, -1,1,0,1,50,13,8,2021,07:05,1,11,11069,2,1,0,6,MONTREAL -ROUTE DE -,43.2114,2.3226,7,2,1
202100010755,182Â 506,A01,10,3,1,9,0,-1,-1,2,3,1,2021,28.0,2,1,0,1,2,1,1,,3,JEAN JAURES  (AVE)  157 A 213,0,,2,2,0,1,0,1,1,, -1,1,0,1,50,27,10,2021,14:38,1,93,93001,2,1,0,6,JEAN JAURES  (AVE)  157 A 213,48.91164,2.4004,14,2,1
202100054229,104Â 818,A01,10,3,2,5,0,-1,-1,4,3,1,2021,85.0,2,2,0,1,1,16,1,,4,BOULEVARD DU MONTPARNASSE,0,,1,3,3,2,(1),(1),1,, -1,2,0,1,50,21,1,2021,15:05,1,75,75106,2,2,1,6,BOULEVARD DU MONTPARNASSE,48.845519,2.319143,15,2,1