Num_Acc,id_vehicule,num_veh,place,catu,sexe,trajet,secu1,secu2,secu3,locp,actp,etatp,year_acc,victim_age,senc,catv,obs,obsm,choc,manv,motor,occutc,catr,voie,v1,v2,circ,nbv,vosp,prof,pr,pr1,plan,lartpc,larrout,surf,infra,situ,vma,jour,mois,an,hrmn,lum,dep,com,agg_,int,atm,col,adr,lat,long,hour,nb_victim,nb_vehicules
202100016943,171Â 337,A01,1,1,1,0,2,6,-1,-1, -1,-1,2021,31.0,2,1,5,0,0,0,1,,3,DE GAULLE (AVE CHARLES) 87 ET +,0,,2,2,0,1,15,206,1,, -1,1,0,1,50,25,9,2021,02:45,5,33,33529,2,1,0,6,Avenue Charles de Gaulle,44.637153,-1.128803,2,1,1
202100015506,173Â 984,B01,1,1,2,5,1,-1,-1,-1, -1,-1,2021,75.0,2,2,0,2,2,17,1,,4,VERT COTEAU (AVE DU),0,,2,2,0,1,0,0,1,, -1,1,0,1,30,2,10,2021,15:45,1,83,83137,2,1,0,6,VERT COTEAU (AVE DU),43.12548,5.94471,15,2,2
202100041251,127Â 864,A01,1,1,2,9,1,8,-1,-1, -1,-1,2021,54.0,3,2,1,0,1,16,1,,9,BOIS CARRE (RUE DU),0,,-1,1,0,2,4,500,3,, -1,1,9,8,30,4,5,2021,18:20,2,972,97213,1,1,0,6,BOIS CARRE (RUE DU),14.62284,-60.9904,18,1,1
202100053550,106Â 000,A01,1,1,1,0,1,0,-1,-1, -1,-1,2021,30.0,2,2,2,0,1,21,1,,1,AUTOROUTE A103,0,,3,4,0,2,0,100,3,, -1,1,0,1,50,26,1,2021,00:40,3,93,93053,1,1,0,6,AUTOROUTE A103,48.888,2.4725,0,1,1
202100003879,194Â 817,A01,10,3,2,5,0,-1,-1,3,3,1,2021,59.0,1,2,0,1,1,15,1,,3,530,0,D,2,2,0,1,3,0,1,, -1,9,5,1,50,6,12,2021,08:10,2,51,51171,2,1,0,7,Rue du PrÃ©sident Kennedy,49.3692249305,3.8926067948,8,2,1
202100011882,180Â 486,B01,1,1,1,0,8,0,-1,-1, -1,-1,2021,23.0,3,1,0,2,2,13,1,,4,,0,,2,2,0,1,0,0,1,, -1,1,0,1,30,21,10,2021,22:00,5,92,92023,2,3,0,3,PIERRE CORBY (AVENUE),48.8002498192,2.2692386806,22,2,2
202100055456,102Â 725,B01,1,1,1,9,2,0,-1,-1, -1,-1,2021,20.0,3,1,0,2,1,1,1,,4,CHEMIN A L ANGLAISE,0,,2,2,0,1,0,100,2,, -1,1,0,1,50,3,1,2021,18:19,4,84,84007,2,1,0,1,CHEMIN A L ANGLAISE,43.94877,4.83156,18,2,2
202100021874,162Â 532,B01,2,2,2,0,1,-1,-1,0,0,-1,2021,49.0,2,2,0,2,3,1,1,,3,4,0,N,2,2,0,1,12,200,1,, -1,1,0,1,80,31,8,2021,12:55,1,973,97309,1,1,0,1,Route de la Matourienne,4.88417,-52.290051,12,5,2
202100038259,133Â 261,A01,2,2,2,5,1,-1,-1,0,0,-1,2021,17.0,1,2,6,0,1,14,1,,3,237,0,A,2,2,0,1,(1),(1),1,, -1,1,0,1,80,27,5,2021,13:10,1,202,202346,1,1,0,6,Torra,42.517161,9.466036,13,3,1
202100055833,102Â 075,A01,1,1,1,4,2,0,-1,-1, -1,-1,2021,20.0,1,1,0,2,8,2,1,,3,ARISTIDE BRIAND (AV),0,,2,4,2,1,(1),(1),1,, -1,1,0,1,50,8,1,2021,20:45,5,94,94003,2,2,0,3,ARISTIDE BRIAND (AV),48.80576,2.32566,20,2,2
202100004112,194Â 389,A01,10,3,1,5,0,-1,-1,3,3,2,2021,9.0,3,1,0,1,1,17,1,,4,AVENUE FOCH,0,,2,4,0,1,(1),(1),1,, -1,1,0,1,30,8,12,2021,14:30,1,75,75116,2,7,0,6,AVENUE FOCH,48.871783,2.27638,14,2,1
202100018961,167Â 749,B01,1,1,1,0,1,-1,-1,-1, -1,-1,2021,44.0,3,2,0,2,4,1,1,,4,AVE DE KAOLACK,0,,2,4,0,1,(1),(1),1,, -1,1,0,1,50,14,9,2021,09:10,1,33,33281,2,6,0,4,Avenue de Kaolack,44.81795,-0.66579,9,4,3
202100021464,163Â 274,A01,10,3,1,5,0,-1,-1,2,9,1,2021,37.0,1,2,0,1,2,1,1,,7,DR SCHWEITZER (AV DU ),0,,1,1,0,1,1,233,1,, -1,1,0,1,30,8,8,2021,23:25,5,13,13054,2,1,0,3,DR SCHWEITZER (AV DU ),43.41815,5.21998,23,2,1
202100024492,157Â 886,A01,10,3,2,5,8,-1,-1,3,3,2,2021,51.0,0,0,0,1,4,20,0,,4,GRANDE RUE                          (GR),0,,2,2,0,1,2,500,1,, -1,1,6,1,30,12,8,2021,09:00,1,69,69149,2,1,0,6,GRANDE RUE (GR),45.71412,4.80642,9,2,1
202100045599,120Â 222,A01,1,1,1,5,1,0,-1,-1, -1,-1,2021,37.0,1,2,9,0,1,1,1,,7,EISENHOWER (AVENUE DU GENERAL),0,,3,5,0,1,1,20,1,, -1,1,0,1,70,1,4,2021,00:40,5,31,31555,2,1,0,7,EISENHOWER (AVENUE DU GENERAL),43.554477,1.410606,0,2,1
202100049522,113Â 235,A01,10,3,2,5,0,-1,-1,4,3,1,2021,79.0,1,2,0,1,2,1,3,,4,AVENUE SECRETAN,0,,2,3,3,2,(1),(1),1,, -1,1,0,1,50,2,3,2021,08:30,1,75,75119,2,2,0,6,AVENUE SECRETAN,48.881239,2.37324,8,2,1
202100008133,187Â 183,A01,1,1,1,1,2,6,-1,-1, -1,-1,2021,21.0,1,1,0,2,8,3,1,,2,N186,0,,1,3,0,1,48,299,1,, -1,1,1,1,90,15,11,2021,09:30,1,94,94065,1,1,0,6,A86 INT,48.7536703681,2.3638663249,9,1,1
202100025832,155Â 519,A01,1,1,2,1,1,-1,-1,0,0,-1,2021,34.0,1,2,0,2,8,15,1,,7,CD342,-1,,2,2,0,4,7,100,1,, -1,2,0,1,70,3,8,2021,19:10,1,69,69149,1,3,1,1,BRIGNAIS (DE) (RTE),45.7197524965,4.7784921527,19,5,2
202100052237,108Â 332,A01,1,1,1,5,2,6,-1,-1, -1,-1,2021,26.0,2,1,0,2,1,14,1,,1,A450   1.740 A 5.100,0,,3,4,0,1,3,0,1,, -1,1,0,1,90,6,2,2021,13:53,1,69,69204,1,1,0,2,A450,45.6841,4.80462,13,2,2
202100010467,183Â 013,A01,10,3,2,9,0,-1,-1,0,3,1,2021,37.0,3,2,0,2,0,0,1,,4,m'tsapere-Maeventana (rue),0,,2,2,0,1,0,0,3,, -1,1,0,1,50,28,10,2021,18:20,5,976,97611,2,9,0,3,m'tsapere-Maeventana (rue),-12.78782,45.21858,18,2,1
202100006412,190Â 339,A01,1,1,1,1,1,0,-1,0,0,-1,2021,20.0,1,2,0,2,1,1,1,,3,ART SUR MEURTHE (ROUTE D'),0,,2,2,0,1,9,300,1,, -1,1,0,1,80,24,11,2021,10:25,1,54,54549,1,1,0,1,ART SUR MEURTHE (ROUTE D'),48.644839,6.291957,10,2,2
202100042115,126Â 348,A01,1,1,1,1,2,-1,-1,0,0,-1,2021,32.0,1,1,0,2,1,2,0,,2,2,0,N,2,2,0,1,(1),(1),1,, -1,1,9,1,50,29,4,2021,15:50,1,971,97129,2,9,0,3,Avenue Sainte Rose de Lima,16.331677,-61.695473,15,2,2
202100023293,159Â 978,B01,1,1,1,0,2,8,-1,-1, -1,-1,2021,31.0,3,1,0,2,3,0,1,,4,LAENNEC (RUE),0,,2,2,0,1,1,0,1,, -1,1,0,1,50,7,7,2021,14:35,1,22,22106,2,1,0,3,LAENNEC (RUE),48.49391,-2.72625,14,2,2
202100031743,145Â 017,A01,1,1,2,5,1,0,-1,-1, -1,-1,2021,37.0,1,2,0,2,5,15,1,,3,ROUGET DE L ISLE (AV),0,,3,6,0,1,0,0,1,, -1,1,5,1,50,29,6,2021,14:08,1,94,94081,2,2,0,3,COMMUNE DE PARIS (AV DE LA),48.78269,2.39363,14,2,2
202100050149,112Â 082,A01,10,3,2,3,0,-1,-1,5,2,1,2021,67.0,2,4,9,0,7,16,1,,4,,0,,1,1,0,1,(1),(1),1,, -1,1,0,4,30,24,2,2021,10:00,1,69,69386,2,2,0,6,BUGEAUD (R),45.7667,4.85196,10,2,1
202100048148,115Â 684,B01,1,1,1,9,8,0,-1,0,0,-1,2021,21.0,2,1,0,2,8,1,5,,4,RUE DE LA CROIX SAINT SIMON,0,,1,1,0,1,(1),(1),1,, -1,2,0,1,50,12,3,2021,19:50,2,75,75120,2,2,1,3,RUE DES RASSELINS,48.854779,2.408971,19,2,2
202100032787,143Â 169,A01,1,1,1,5,2,6,-1,0,0,-1,2021,28.0,1,1,10,0,0,0,1,,3,1212,-1,,2,2,0,1,9,300,3,, -1,9,1,1,80,20,6,2021,13:00,1,73,73088,1,1,0,6,D1212,45.7784841691,6.4863318802,13,2,2
202100021545,163Â 129,B01,7,2,1,5,1,-1,-1,0,0,-1,2021,10.0,2,2,0,2,1,1,1,,3,656,0,,2,2,0,2,6,0,3,, -1,1,0,1,50,1,9,2021,21:30,5,57,57052,2,1,0,1,Rue de Strasbourg,49.084997,6.816764,21,4,2
202100002407,197Â 477,B01,1,1,1,0,8,-1,-1,-1, -1,-1,2021,26.0,1,1,0,2,1,2,1,,2,NIEPCE (AVENUE NICEPHORE),0,,1,2,0,1,1,0,1,, -1,1,2,8,90,17,12,2021,17:35,5,51,51454,1,1,0,2,Avenue NicÃ©phore Niepce,49.2279490961,4.067183733,17,2,2
202100037851,134Â 002,A01,1,1,1,1,1,0,-1,-1, -1,-1,2021,63.0,2,5,8,0,1,9,1,,4,avenue de la cite,0,,1,1,0,1,0,0,3,, -1,1,0,1,50,28,5,2021,05:30,2,94,94021,2,1,0,6,avenue de la cite,48.763231,2.358496,5,1,1
202100018135,169Â 202,A01,1,1,1,0,2,0,-1,0,0,-1,2021,31.0,1,1,0,2,1,2,1,,4,ERABLES (AVENUE DES),0,,2,2,1,1,(1),(1),1,, -1,1,-1,1,50,18,9,2021,16:43,1,54,54265,2,1,0,2,ERABLES (AVENUE DES),48.6434951454,6.1850066641,16,2,2
202100012382,179Â 580,A01,1,1,1,9,8,-1,-1,-1, -1,-1,2021,16.0,1,1,0,2,2,1,0,,4,GARIBALDI                           (R ),0,,1,3,3,1,(1),(1),1,, -1,1,0,6,50,18,10,2021,12:55,1,69,69383,2,9,0,3,GARIBALDI (R),45.76065,4.85202,12,2,2
202100022227,161Â 914,A01,9,2,2,5,1,8,-1,-1, -1,-1,2021,15.0,3,2,15,0,1,1,1,,4,AVENUE DU GRAND DEFENDS,0,,-1,2,0,2,0,0,2,, -1,1,0,3,50,22,8,2021,16:30,1,83,83118,2,1,0,6,AVENUE DU GRAND DEFENDS,43.42761,6.79692,16,4,1
202100016896,171Â 422,A01,10,3,2,0,8,8,-1,3,3,1,2021,37.0,1,2,0,1,1,1,1,,4,PINCHARD (AVENUE OMBELLES A LIBE),0,,2,2,2,1,(1),(1),1,, -1,1,-1,1,30,22,9,2021,09:48,1,54,54395,2,6,0,6,PINCHARD (AVENUE OMBELLES A LIBE),48.7000290466,6.1427977018,9,2,1
202100010023,183Â 783,A01,1,1,1,5,2,8,-1,-1, -1,-1,2021,36.0,0,1,1,0,1,15,1,,4,DEMOISELLES (ALL DES) DU 2AU 80,0,,1,2,0,1,(1),(1),2,, -1,1,0,8,50,31,10,2021,02:20,5,31,31555,2,7,0,7,DEMOISELLES (ALL DES) DU 2AU 80,43.59074,1.45328,2,2,1
202100041859,126Â 805,B01,1,1,1,0,1,-1,-1,0,0,-1,2021,50.0,2,2,0,2,8,1,0,,3,802,-1,,2,2,0,1,10,950,3,, -1,2,0,1,70,1,5,2021,18:45,1,64,64315,1,1,0,5,D802,43.294856,-0.4139,18,3,3
202100009157,185Â 343,B01,1,1,2,5,1,-1,-1,0,0,-1,2021,49.0,1,2,6,2,3,1,1,,3,12,0,D,2,2,0,1,37,237,1,, -1,1,0,1,80,5,11,2021,20:30,3,31,31264,1,1,0,1,Route DÃ©partementale 12,43.35243,1.426989,20,3,2
202100025156,156Â 688,A01,1,1,1,0,2,0,-1,-1, -1,-1,2021,27.0,3,1,1,2,1,1,1,,3,39,0,,-1,2,0,1,1,0,2,, -1,1,0,1,50,6,8,2021,22:11,3,92,92073,2,3,0,3,JAURES (AVENUE JEAN),48.8646782815,2.2068934143,22,2,2
202100029519,149Â 029,B01,2,2,1,5,1,-1,-1,0,0,-1,2021,30.0,2,2,4,2,3,1,1,,1,13,-1,,3,4,0,1,131,800,1,, -1,1,0,1,130,11,7,2021,16:20,1,27,27340,1,1,0,6,A13,49.365307,0.80875,16,5,2
202100027920,151Â 802,B01,1,1,1,1,2,6,-1,-1, -1,-1,2021,21.0,1,1,0,2,5,1,1,,4,DENTELLE (AV. DE LA),0,,1,2,0,1,(1),(1),1,, -1,1,5,1,50,19,7,2021,13:48,1,43,43157,2,2,0,3,Avenue de la Dentelle,45.0426439789,3.889086771,13,2,2
202100055037,103Â 435,A01,10,3,2,0,0,-1,-1,3,3,1,2021,44.0,1,2,0,1,1,1,1,,4,,0,,2,2,2,1,(1),0,1,, -1,2,0,1,50,14,1,2021,08:40,1,44,44109,2,1,0,6,RUE PABLO PICASSO,47.21552,-1.53582,8,2,1
202100004435,193Â 836,B01,1,1,1,1,1,-1,-1,0,0,-1,2021,35.0,1,2,0,0,4,1,3,,3,304,-1,D,2,2,0,1,12,500,1,, -1,2,0,1,80,6,12,2021,18:00,5,62,62397,1,1,1,2,d304,50.867361,1.85702,18,2,2
202100023551,159Â 543,A01,1,1,1,1,2,6,-1,-1, -1,-1,2021,61.0,1,1,16,0,0,1,1,,1,ROCADE A 630,0,,3,6,0,1,12,821,1,, -1,1,0,1,70,18,8,2021,17:25,1,33,33162,1,1,0,7,Rocade Nord Ouest A630,44.864197,-0.654303,17,1,1
202100045837,119Â 820,B01,1,1,1,5,2,6,-1,0,0,-1,2021,33.0,1,1,0,2,1,1,1,,3,16,-1,B,2,2,0,2,(1),460,1,, -1,1,0,1,50,1,4,2021,17:20,1,57,57603,2,3,0,3,1 Rue de Saint Exupery,49.4795,5.955618,17,3,2
202100008425,186Â 682,A01,1,1,1,5,1,-1,-1,0,0,-1,2021,26.0,1,2,0,0,1,1,1,,3,94,-1,,2,2,0,2,1,300,2,, -1,2,0,3,90,13,11,2021,10:30,1,60,60103,1,1,1,7,D94,49.4218783008,2.2567788583,10,1,1
202100032442,143Â 785,B01,1,1,2,0,2,0,-1,-1, -1,-1,2021,35.0,1,1,0,2,8,1,1,,3,BADUEL (ROUTE DE),0,,2,2,0,1,2,150,1,, -1,1,0,1,50,24,6,2021,15:50,1,973,97302,2,1,0,3,BADUEL (ROUTE DE),4.93471,-52.31176,15,2,2
202100032213,144Â 182,A01,1,1,1,5,2,9,6,0,0,-1,2021,38.0,1,1,2,0,9,13,1,,3,31,-1,,2,2,0,1,2,100,3,, -1,2,0,1,80,27,6,2021,17:10,1,57,57408,1,1,1,6,DÃ©partementale 31,49.15118,7.003108,17,1,1
202100020102,165Â 693,B01,1,1,1,9,2,6,-1,0,0,-1,2021,32.0,3,1,0,2,0,1,3,,4,AVENUE DE LA PORTE DE SAINT OUEN,0,,1,1,0,1,(1),(1),1,, -1,1,0,1,30,8,9,2021,13:50,1,75,75118,2,2,0,3,AVENUE DE LA PORTE DE SAINT OUEN,48.900478,2.330208,13,2,2
202100052518,107Â 844,B01,1,1,2,0,8,-1,-1,-1, -1,-1,2021,37.0,1,1,0,2,1,13,5,,4,ROUVILLE                            (PL),0,,-1,1,2,2,(1),(1),2,, -1,2,0,1,50,3,2,2021,16:50,1,69,69381,2,7,0,1,ROUVILLE                            (PL),45.7696471011,4.826507177,16,2,2
202100015756,173Â 506,B01,1,1,1,4,2,6,-1,-1, -1,-1,2021,33.0,2,1,0,2,1,2,1,,3,FONTAINEBLEAU (AV DE),0,,-1,4,0,1,55,0,1,, -1,1,0,1,50,1,10,2021,14:20,1,94,94043,2,1,0,2,Avenue de Fontainebleau,48.812492,2.36155,14,2,2
202100046859,118Â 017,A01,10,3,2,3,0,-1,-1,3,3,1,2021,89.0,1,5,0,1,2,2,1,,4,MAQUIS (PL DU),0,,2,2,0,1,(1),(1),1,, -1,2,0,1,50,15,1,2021,14:47,1,81,81004,2,1,1,6,Place du Maquis,43.92669,2.153464,14,2,1
202100006657,189Â 889,B01,1,1,2,1,1,0,-1,-1, -1,-1,2021,39.0,2,2,0,2,2,26,1,,3,DESSAUX (RUE ANDRE DESSAUX),0,,2,2,0,1,(1),(1),1,, -1,1,0,1,50,22,11,2021,16:35,1,45,45147,2,3,0,3,Rue AndrÃ© Dessaux,47.92661,1.89901,16,2,2
202100019253,167Â 215,B01,1,1,1,5,2,6,-1,0,0,-1,2021,16.0,0,1,0,2,6,15,1,,3,124,-1,,2,2,0,1,18,330,1,, -1,1,0,1,90,13,8,2021,19:00,1,49,49345,1,2,0,3,Route des Trois ChÃªnes,47.311286,-0.54208,19,2,2
202100000786,200Â 309,B01,1,1,2,9,1,0,-1,-1, -1,-1,2021,49.0,2,2,0,2,4,23,1,,3,FOCH (AV),0,,2,0,0,2,1,0,1,, -1,1,0,1,30,31,12,2021,08:45,1,94,94068,2,1,0,2,Avenue Foch,48.80478,2.48546,8,2,2
202100024755,157Â 399,B01,2,2,1,5,1,0,-1,-1, -1,-1,2021,19.0,2,2,0,2,1,1,1,,4,CHURCHILL   BOULEVARD WINSTON,0,,1,1,0,1,(1),(1),1,, -1,1,9,1,30,10,8,2021,00:10,5,17,17300,2,6,0,1,CHURCHILL   BOULEVARD WINSTON,46.15382,-1.18062,0,3,2
202100044467,122Â 208,A01,1,1,1,5,1,0,-1,-1, -1,-1,2021,45.0,2,2,0,2,1,2,1,,4,ANTOINE DEL BELLO (RUE),0,,1,1,0,1,(1),(1),1,, -1,2,0,1,50,10,4,2021,21:50,5,13,13210,2,1,1,2,ANTOINE DEL BELLO (RUE),43.28179,5.41192,21,3,2
202100018105,169Â 255,B01,1,1,1,0,1,0,-1,-1, -1,-1,2021,69.0,3,2,0,2,1,1,1,,4,BELLE-VUE.(RUE DE),0,,2,2,0,2,1,0,1,, -1,1,0,1,50,18,9,2021,15:50,1,94,94028,2,3,0,3,Rue de Belle Vue,48.78505,2.47204,15,2,2
202100047809,116Â 297,A01,2,2,1,0,8,0,-1,-1, -1,-1,2021,17.0,2,1,0,2,0,5,1,,4,BELLE DE MAI (RUE),0,,1,1,0,2,(1),(1),3,, -1,1,0,1,50,16,3,2021,21:15,5,13,13203,2,2,0,1,BELLE DE MAI (RUE),43.30873,5.38177,21,3,2
202100032387,143Â 879,A01,1,1,2,5,2,-1,-1,0,0,-1,2021,12.0,2,1,0,0,7,1,5,,3,32,0,,2,2,0,1,(1),(1),1,, -1,1,0,1,50,2,6,2021,16:30,1,22,22248,2,9,0,7,Hent Ar Mor,48.619215,-3.087121,16,1,1
202100044538,122Â 110,B01,1,1,1,1,2,6,-1,-1, -1,-1,2021,50.0,2,1,0,2,1,17,1,,3,ROUTE DEPARTEMENTALE 3,0,,2,2,0,1,3,0,1,, -1,1,0,1,50,8,4,2021,18:40,5,972,97213,1,1,0,3,ROUTE DEPARTEMENTALE 3,14.61989,-60.98748,18,3,2
202100007027,189Â 197,B01,1,1,1,5,1,8,-1,-1, -1,-1,2021,22.0,1,2,0,2,4,2,1,,3,CHABAUD-LATOUR (AVENUE),0,,3,2,2,1,0,300,1,, -1,1,9,8,50,17,11,2021,18:40,5,25,25388,2,9,0,2,CHABAUD-LATOUR (AVENUE),47.51142,6.80859,18,2,2
202100005151,192Â 567,A01,1,1,2,0,1,-1,-1,0,0,-1,2021,46.0,2,2,13,0,1,1,1,,3,53,-1,,2,2,0,1,8,900,1,, -1,2,0,3,80,3,12,2021,10:30,1,29,29165,1,3,1,6,D53 - Lieu Dit Ty Prat Quelarn,47.8221335169,-4.2493379117,10,1,1
202100052364,108Â 114,A01,2,2,2,9,1,-1,-1,-1, -1,-1,2021,20.0,2,2,0,2,1,14,1,,1,ROCADE A 630,0,,3,6,0,1,6,0,1,, -1,2,0,1,90,6,2,2021,13:55,1,33,33063,1,1,1,2,Rocade Nord A630,44.886831,-0.569558,13,4,2
202100032540,143Â 605,B01,1,1,1,0,2,0,-1,-1, -1,-1,2021,58.0,0,1,0,2,8,19,0,,4,,0,,3,2,0,1,1,0,1,, -1,1,0,1,50,24,6,2021,16:50,1,92,92019,2,1,0,3,MONNET JEAN (AVENUE DU),48.7708468596,2.285027504,16,2,2
202100032739,143Â 252,A01,1,1,1,5,2,-1,-1,0,0,-1,2021,34.0,1,1,0,2,1,13,1,,3,15,0,,2,2,0,1,8,500,3,, -1,1,0,1,90,23,6,2021,18:45,1,19,19126,1,1,0,1,RD 15 PK 18 400 CROISSANT,45.0484058838,1.7437955885,18,2,2
202100043049,124Â 725,A01,1,1,1,1,2,6,-1,0,0,-1,2021,53.0,3,1,0,9,8,1,1,,4,"SERRES DE LA MADONE (ROUTE DES, NÂ° 115 E",0,,2,2,0,1,(1),(1),3,, -1,1,0,1,50,22,4,2021,09:55,1,6,6083,2,1,0,2,"SERRES DE LA MADONE (ROUTE DES, NÂ° 115 E",43.77648,7.477812,9,2,2
202100002744,196Â 861,A01,1,1,1,0,8,0,-1,-1, -1,-1,2021,19.0,1,1,0,2,1,5,0,,3,D 607,0,,3,5,0,1,30,555,1,, -1,2,0,1,90,13,12,2021,20:25,3,77,77048,1,1,1,1,D607,48.3287754846,2.6879938958,20,2,2
202100019812,166Â 232,B01,1,1,1,0,1,8,-1,-1, -1,-1,2021,23.0,1,2,0,2,4,2,1,,2,RN 104,0,,3,4,0,1,57,299,1,, -1,1,0,1,110,10,9,2021,07:15,1,91,91363,1,1,0,4,RN 104,48.6491,2.1858,7,3,3
202100030633,147Â 002,A01,1,1,1,1,2,6,9,0,0,-1,2021,34.0,2,1,3,2,1,17,1,,3,952,0,,2,2,0,1,108,281,1,, -1,1,0,1,80,6,7,2021,08:10,1,49,49374,1,4,0,3,Route de Tours,47.251381,-0.026168,8,2,2
202100003757,195Â 041,B01,1,1,1,1,2,0,-1,-1, -1,-1,2021,23.0,2,1,0,2,2,2,1,,3,920,0,,1,0,0,1,0,0,1,, -1,1,0,1,50,10,12,2021,14:15,1,92,92002,2,1,1,3,ARISTIDE BRIAND (AVENUE),48.75506,2.30566,14,2,2
202100028698,150Â 422,A01,1,1,1,5,8,0,-1,-1, -1,-1,2021,24.0,3,1,14,0,1,25,3,,9,ALLIES (BD DES),0,,-1,0,3,1,(1),(1),1,, -1,1,9,4,30,14,7,2021,23:00,5,94,94022,2,1,0,7,ALLIES (BD DES),48.7657996946,2.4048117958,23,1,1
202100048955,114Â 242,A01,1,1,1,9,8,0,-1,0,0,-1,2021,57.0,3,1,0,2,2,7,3,,4,RUE PELLEPORT,0,,1,1,0,2,(1),(1),1,, -1,1,-1,6,50,6,3,2021,16:50,1,75,75120,2,4,0,3,RUE DU CAPITAINE FERBER,48.86435,2.404316,16,2,2
202100041482,127Â 457,A01,1,1,1,1,1,0,-1,-1, -1,-1,2021,31.0,2,2,0,2,1,2,1,,1,A4,0,,1,10,0,1,0,200,1,, -1,1,1,1,90,3,5,2021,13:10,1,94,94018,1,1,0,4,A4,48.82413,2.3946,13,3,3
202100040815,128Â 667,A01,1,1,1,5,8,-1,-1,0,0,-1,2021,50.0,2,2,16,0,1,1,1,,3,951,0,,2,2,0,2,15,50,2,, -1,1,0,8,80,8,5,2021,19:30,1,18,18130,1,1,0,7,D951,46.652938,2.376695,19,1,1
202100000049,201Â 662,A01,1,1,1,5,1,0,-1,-1, -1,-1,2021,32.0,1,2,0,2,4,23,1,,3,LATTRE DE TASSIGNY AVENUE DE L',0,,1,2,2,1,18,40,1,, -1,1,2,1,50,12,11,2021,18:06,1,73,73008,2,1,0,2,D1201 Boulevard MarÃ©chal de Lattre de Tassigny,45.6950340384,5.9053319277,18,4,2
202100004739,193Â 310,A01,1,1,1,9,1,0,-1,-1, -1,-1,2021,23.0,1,2,0,2,1,13,1,,3,BAUDELIERS (CHEMIN DES),0,,2,2,0,1,(1),(1),1,, -1,1,9,3,80,28,11,2021,21:30,3,59,59447,1,9,0,3,BAUDELIERS (CHEMIN DES),50.37894,3.6187,21,3,2
202100040481,129Â 247,A01,10,3,1,5,0,-1,-1,2,3,1,2021,10.0,2,2,0,1,3,1,1,,4,BOURBONNAIS (DU),0,,2,2,0,1,(1),(1),1,, -1,1,0,1,30,10,5,2021,17:20,1,35,35238,2,1,0,6,BOURBONNAIS (DU),48.12051,-1.71018,17,2,1
202100055058,103Â 396,B01,1,1,1,5,2,0,-1,-1, -1,-1,2021,27.0,2,1,0,2,7,1,1,,4,CAPELETTE (AVENUE DE LA),0,,-1,2,0,1,0,0,1,, -1,1,0,1,50,13,1,2021,08:40,1,13,13210,2,1,0,3,CAPELETTE (AVENUE DE LA),43.2791,5.41208,8,2,2
202100018962,167Â 746,A01,2,2,1,5,2,6,-1,-1, -1,-1,2021,18.0,2,1,0,2,2,17,1,,4,LAGRUA (RUE),0,,2,2,1,1,(1),(1),1,, -1,1,0,1,50,14,9,2021,16:50,1,33,33529,2,3,0,3,Rue Lagrua,44.638911,-1.154179,16,3,2
202100051528,109Â 589,A01,1,1,1,5,0,-1,-1,0,0,-1,2021,42.0,2,2,6,0,1,14,1,,3,123,0,D,2,2,0,1,7,150,1,, -1,1,0,3,80,14,2,2021,21:00,3,26,26087,1,1,0,6,615 Route de Parnans,45.09165,5.13281,21,1,1
202100004904,193Â 025,B01,2,2,2,5,1,-1,-1,-1,0,-1,2021,25.0,1,2,0,2,6,2,1,,2,RN 184,0,,3,6,0,1,3,0,1,, -1,2,0,1,90,3,12,2021,22:20,3,95,95572,1,1,1,2,RN 184,49.0339384659,2.1115958691,22,3,2
202100041271,127Â 832,B01,1,1,1,5,2,6,-1,-1, -1,-1,2021,22.0,3,1,0,2,2,17,1,,4,GRENET (AVENUE HENRI),0,,2,4,0,1,0,0,1,, -1,1,0,1,30,4,5,2021,18:55,1,64,64102,2,6,0,3,Avenue Henri Grenet,43.50183,-1.47866,18,2,2
202100007785,187Â 835,C01,1,1,1,0,1,8,-1,-1, -1,-1,2021,40.0,1,2,0,2,4,2,1,,7,PAIX (RUE DE LA),0,,2,2,0,1,(1),(1),1,, -1,1,0,1,30,16,11,2021,08:30,2,67,67447,2,1,0,4,PAIX (RUE DE LA),48.6052883252,7.7400666475,8,3,3
202100054362,104Â 590,A01,1,1,1,9,1,8,-1,-1, -1,-1,2021,22.0,1,2,6,0,1,1,1,,4,ANSELME RONDENAY (R),0,,2,2,0,1,1,0,1,, -1,2,0,4,50,19,1,2021,13:00,1,94,94081,2,1,1,6,ANSELME RONDENAY (R),48.77926,2.39897,13,1,1
202100034063,140Â 874,A01,2,2,1,0,2,0,-1,-1, -1,-1,2021,25.0,1,1,0,2,1,1,1,,4,JUSTICE DE CASTELNAU (AVENUE DE LA),0,,2,2,0,1,(1),(1),1,, -1,1,0,1,50,16,6,2021,22:54,5,34,34172,2,2,0,3,JUSTICE DE CASTELNAU (AVENUE DE LA),43.62681,3.88954,22,3,2
202100019574,166Â 644,A01,1,1,1,5,1,-1,-1,0,0,-1,2021,36.0,2,2,14,0,1,1,1,,3,62,-1,,2,2,0,1,2,784,1,, -1,1,9,8,90,12,9,2021,03:00,3,30,30003,1,6,0,7,RD62,43.572331,4.174536,3,1,1