Num_Acc,id_vehicule,num_veh,place,catu,sexe,trajet,secu1,secu2,secu3,locp,actp,etatp,year_acc,victim_age,senc,catv,obs,obsm,choc,manv,motor,occutc,catr,voie,v1,v2,circ,nbv,vosp,prof,pr,pr1,plan,lartpc,larrout,surf,infra,situ,vma,jour,mois,an,hrmn,lum,dep,com,agg_,int,atm,col,adr,lat,long,hour,nb_victim,nb_vehicules
202100000850,200Â 216,A01,10,3,2,3,0,-1,-1,1,3,1,2021,72.0,3,2,0,1,1,9,1,,4,MARNE ET GONDOIRE (RUE),0,,3,4,0,1,0,0,1,, -1,1,0,1,50,30,12,2021,18:30,5,77,77059,2,1,0,6,MARNE ET GONDOIRE (RUE),48.839822,2.660338,18,3,1
202100045461,120Â 475,B01,1,1,1,5,2,8,-1,-1, -1,-1,2021,33.0,2,1,0,2,1,1,5,,3,CIRCULAIRE (BOULEVARD),0,,4,3,1,3,0,0,3,, -1,1,0,5,50,2,4,2021,15:20,1,92,92026,2,3,0,1,Boulevard Circulaire,48.8909017899,2.2476804256,15,2,2
202100000010,201Â 745,B01,1,1,2,4,1,8,-1,-1, -1,-1,2021,27.0,1,3,0,2,3,2,2,4.0,2,VAILLANT COUTURIER (AVENUE PAUL),0,,1,4,3,1,(1),(1),1,, -1,1,3,6,50,16,10,2021,09:53,1,93,93008,2,1,0,3,VAILLANT COUTURIER (AVENUE PAUL),48.9075657758,2.4547603726,9,5,2
202100048175,115Â 634,A01,2,2,2,5,1,-1,-1,0,0,-1,2021,41.0,1,2,9,0,1,0,1,,4,2,0,D,2,2,0,1,(1),(1),1,, -1,1,5,1,50,13,3,2021,20:00,3,84,84099,2,6,0,6,route des alpes,43.855998,5.10247,20,2,1
202100053138,106Â 760,A01,1,1,1,5,1,-1,-1,0,0,-1,2021,27.0,1,2,6,0,1,0,1,,3,964,-1,,2,2,0,1,(1),(1),2,, -1,1,0,1,50,30,1,2021,22:45,5,59,59659,2,1,0,6,38 Rue de Verdun,50.017272,4.019803,22,1,1
202100033139,142Â 521,B01,2,2,1,4,1,-1,-1,0,0,-1,2021,21.0,1,5,4,2,2,17,1,,1,35,0,A,3,4,0,1,424,300,1,, -1,1,0,1,130,21,6,2021,11:17,1,67,67155,1,9,0,3,autoroute A35 pk 424+300,48.407554,7.480917,11,3,2
202100000690,200Â 479,A01,1,1,1,0,1,0,-1,-1, -1,-1,2021,47.0,0,2,0,2,8,9,1,,2,FOS (ROUTE DE) - RN 569,0,,2,2,0,2,1,0,2,, -1,2,0,1,80,1,5,2021,12:20,1,13,13047,1,1,1,3,FOS (ROUTE DE) - RN 569,43.4830991418,4.9624442504,12,4,2
202100008453,186Â 629,A01,1,1,1,5,2,-1,-1,-1, -1,-1,2021,17.0,3,1,15,0,1,1,1,,7,8 MAI 1945. RUE DU,0,,2,2,0,2,0,1,1,, -1,1,0,1,30,10,11,2021,23:15,5,76,76410,2,1,0,7,8 MAI 1945. RUE DU,49.48083,1.03667,23,2,1
202100046978,117Â 809,A01,1,1,1,9,2,-1,-1,0,0,-1,2021,30.0,0,1,0,0,0,1,1,,3,941,-1,,2,2,0,1,(1),(1),3,, -1,1,0,1,50,22,3,2021,18:30,1,80,80440,2,1,0,7,Route d'Abbeville,50.194278,2.07265,18,1,1
202100010456,183Â 031,A01,1,1,2,5,1,0,-1,-1, -1,-1,2021,22.0,1,2,0,2,3,1,1,,1,AUTOROUTE A86,0,,3,4,0,2,51,0,1,, -1,2,1,1,70,29,10,2021,13:55,1,94,94034,1,1,1,3,AUTOROUTE A86,48.760209,2.320581,13,2,2
202100042317,125Â 983,B01,1,1,2,3,1,-1,-1,-1, -1,-1,2021,76.0,2,2,0,2,3,1,1,,4,BIGHAMTON (AVE DE),0,,2,2,0,1,(1),(1),2,, -1,1,0,1,50,27,4,2021,11:05,1,33,33529,2,1,0,3,Avenue de Binghamton,44.6155804317,-1.1356420095,11,2,2
202100037403,134Â 806,B01,1,1,2,5,1,8,-1,-1, -1,-1,2021,25.0,2,2,0,2,3,26,1,,3,CD 29,0,,2,2,0,2,(1),(1),3,, -1,1,0,1,50,29,5,2021,21:10,3,974,97416,1,1,0,1,CD 29,-21.3356854466,55.5192160606,21,2,2
202100004636,193Â 480,B01,3,2,1,9,1,0,-1,-1, -1,-1,2021,21.0,2,2,0,2,4,1,1,,1,AUTOROUTE A104,0,,3,8,0,1,1,700,1,, -1,2,0,1,110,5,12,2021,11:40,1,93,93078,1,1,1,2,AUTOROUTE A104,48.96889,2.5068,11,3,2
202100035881,137Â 551,A01,1,1,1,0,2,8,-1,-1, -1,-1,2021,22.0,1,1,0,2,0,1,1,,3,RUE DES DEUX MARES,0,,2,2,0,1,0,0,2,, -1,9,0,1,50,5,6,2021,18:25,1,91,91223,1,1,0,7,RUE DES DEUX MARES,48.45858,2.11179,18,1,1
202100015848,173Â 346,B01,1,1,1,0,1,8,-1,-1, -1,-1,2021,32.0,2,2,0,2,4,1,1,,3,RD 188,0,,1,4,0,1,2,349,1,, -1,1,0,1,70,30,9,2021,21:25,4,91,91377,1,1,0,2,RD 188,48.723197,2.277102,21,2,2
202100033717,141Â 495,A01,1,1,1,5,2,6,9,0,0,-1,2021,25.0,2,1,2,0,2,1,1,,3,518,-1,,2,2,0,2,39,929,1,, -1,1,0,3,80,19,6,2021,17:40,1,26,26069,1,1,0,6,D518,44.824853,5.384519,17,1,1
202100024283,158Â 265,A01,10,3,2,0,0,-1,-1,2,A,2,2021,18.0,0,2,1,0,0,1,1,,4,HUGO (AVE VICTOR),0,,2,2,0,2,(1),(1),1,, -1,1,0,1,50,13,8,2021,13:30,1,33,33009,2,1,0,6,Avenue Victor Hugo,44.6569,-1.1675,13,2,1
202100049629,113Â 030,A01,1,1,1,0,1,0,-1,-1, -1,-1,2021,90.0,2,2,0,2,2,15,1,,4,CHENES DES,0,,2,2,0,1,0,0,1,, -1,1,0,1,30,1,3,2021,16:35,1,64,64348,2,3,0,1,CHENES DES,43.32607,-0.38927,16,2,2
202100029315,149Â 363,A01,1,1,1,4,2,6,-1,0,0,-1,2021,21.0,1,1,0,0,6,16,1,,7,,0,,2,2,0,1,(1),(1),1,, -1,1,0,1,50,12,7,2021,15:35,1,6,6027,2,2,0,7,NICE AVENUE DE (RN7),43.659378,7.167371,15,1,1
202100012129,180Â 031,A01,2,2,1,5,1,-1,-1,0,0,-1,2021,20.0,1,2,0,2,1,13,1,,2,330,0,,2,2,0,1,10,80,2,, -1,1,0,1,50,21,10,2021,13:25,1,60,60213,1,1,0,1,RN330,49.133142,2.691731,13,3,2
202100034257,140Â 511,B01,3,2,1,5,1,0,-1,-1, -1,-1,2021,51.0,1,2,0,2,5,15,1,,7,MOCQUET GUY RUE,0,,2,2,0,1,(1),(1),1,, -1,1,0,1,50,12,6,2021,02:45,5,59,59360,2,3,0,3,BARBUSSE HENRI RUE,50.60595,3.01572,2,4,2
202100012214,179Â 883,D01,10,3,2,5,0,-1,-1,1,3,1,2021,25.0,1,2,0,1,1,17,-1,,4,LE HARS THEODORE RUE,0,,2,2,0,1,0,(1),1,, -1,1,0,8,50,19,10,2021,09:40,1,29,29232,2,9,0,6,Rue Theodore le Hars,47.993802524,-4.099777937,9,2,1
202100013913,176Â 834,B01,1,1,2,5,1,-1,-1,0,0,-1,2021,54.0,2,2,0,0,4,0,1,,3,935,0,D,2,2,0,2,18,900,2,, -1,1,0,1,90,11,10,2021,18:10,1,65,65429,1,1,0,2,D935,43.484563,0.017509,18,2,2
202100022540,161Â 340,C01,2,2,2,5,1,-1,-1,0,0,-1,2021,25.0,2,2,0,2,1,2,1,,1,71,0,A,3,4,0,1,330,425,1,, -1,1,0,1,130,27,8,2021,11:50,1,3,3175,1,1,0,4,A71 PK 330+425 sens Clermont-Ferrant -- PARIS,46.253351,3.081228,11,12,4
202100027697,152Â 206,A01,1,1,1,5,1,-1,-1,-1,0,-1,2021,71.0,1,2,0,2,8,1,1,,3,DIX NEUF MARS 62 (DU),0,,3,3,3,1,2,830,1,, -1,1,5,1,50,21,7,2021,22:00,5,95,95277,2,6,0,3,RD 970,48.993292,2.442686,22,2,2
202100033152,142Â 504,A01,10,3,2,5,0,-1,-1,2,3,2,2021,75.0,2,2,0,1,1,1,1,,3,55,-1,,2,2,0,1,0,252,2,, -1,1,0,1,50,21,6,2021,14:30,1,76,76758,2,4,0,6,Rue Edmond LabbÃ©,49.61683,0.75206,14,3,1
202100042387,125Â 865,A01,1,1,2,5,1,-1,-1,0,0,-1,2021,52.0,2,2,0,2,3,15,1,,3,907,0,,2,2,0,3,5,500,1,, -1,1,0,1,80,28,4,2021,08:10,1,55,55463,1,2,0,3,D 907,48.868648,5.603306,8,2,2
202100050446,111Â 529,B01,1,1,1,5,2,0,-1,-1, -1,-1,2021,29.0,3,1,0,2,9,0,1,,3,D606,0,,2,2,0,1,17,1005,1,, -1,1,0,1,90,21,2,2021,17:20,1,77,77389,1,1,0,6,D606,48.507016,2.658477,17,5,3
202100015643,173Â 711,B01,1,1,1,1,2,0,-1,0,0,-1,2021,22.0,2,1,0,2,1,1,1,,4,BOULEVARD VOLTAIRE,0,,2,2,0,1,(1),(1),1,, -1,1,0,1,30,2,10,2021,14:00,1,75,75111,2,2,0,3,BOULEVARD VOLTAIRE,48.858719,2.378579,14,2,2
202100013138,178Â 262,A01,10,3,1,0,0,-1,-1,4,3,1,2021,35.0,-1,2,0,1,1,19,2,,3,STAINS (RTE DE),0,,1,3,0,4,1,0,1,, -1,1,0,1,50,15,10,2021,15:00,1,93,93010,2,2,0,6,STAINS (RTE DE),48.9040903932,2.4709189566,15,2,1
202100037767,134Â 154,B01,1,1,2,9,1,0,-1,-1, -1,-1,2021,66.0,1,2,0,2,4,15,1,,4,JEAN JACQUES DE MONAIX,0,,2,2,0,1,0,0,1,, -1,1,0,1,50,28,5,2021,08:00,1,64,64445,2,2,0,2,JEAN JACQUES DE MONAIX,43.30343,-0.35705,8,2,2
202100026898,153Â 628,A01,1,1,1,5,2,6,-1,0,0,-1,2021,22.0,1,1,13,0,1,1,1,,3,5,0, -,-1,2,0,4,1,200,3,, -1,1,0,3,80,28,7,2021,17:50,1,53,53219,1,3,0,7,D5,48.319085,-0.700432,17,1,1
202100018741,168Â 140,A01,1,1,1,4,2,0,-1,-1, -1,-1,2021,19.0,1,1,0,2,2,13,1,,4,ROUTE DE HOUDAN,0,,2,2,0,1,(1),(1),1,, -1,1,0,1,50,14,9,2021,22:30,1,78,78362,2,1,0,3,ROUTE DE HOUDAN,48.979428,1.71506,22,3,2
202100002051,198Â 128,B01,1,1,2,0,1,8,-1,-1, -1,-1,2021,27.0,2,2,0,2,4,1,1,,4,R DIDEROT,0,,1,1,0,1,1,0,1,, -1,1,0,1,30,11,12,2021,22:00,5,94,94017,2,1,0,4,Rue Diderot,48.8142869272,2.4831461906,22,3,3
202100050122,112Â 141,A01,10,3,2,3,0,-1,-1,3,3,1,2021,79.0,0,2,0,1,2,0,1,,6,,-1,,-1,-1,0,1,(1),(1),1,, -1,1,0,1,30,21,1,2021,11:00,1,34,34240,1,1,0,6,Centre Commercial E. Leclerc (SupermarchÃ©),43.651623,3.980504,11,2,1
202100003418,195Â 647,A01,1,1,2,1,1,-1,-1,-1, -1,-1,2021,40.0,1,2,0,2,1,2,1,,3,RD 783,0,,2,2,0,1,(1),(1),1,, -1,2,0,1,70,10,12,2021,18:40,3,29,29039,2,1,0,2,D783,47.881321,-3.909763,18,2,2
202100041328,127Â 733,B01,1,1,2,9,0,0,-1,-1, -1,-1,2021,36.0,2,1,0,2,8,25,3,,3,CARRIERES (QU DES),0,,2,3,0,1,1,0,1,, -1,2,0,4,50,5,5,2021,16:30,1,94,94018,2,1,1,3,Quai des Carrieres,48.81946,2.40673,16,2,2
202100008780,186Â 050,A01,10,3,1,0,0,-1,-1,4,3,1,2021,13.0,2,2,0,1,1,1,3,,4,JEAN BAPTISTE CLEMENT (AVENUE) 1/47 - 2/,0,,-1,2,0,1,0,0,1,, -1,1,0,1,50,9,11,2021,15:40,1,92,92012,2,2,0,6,JEAN BAPTISTE CLEMENT (AVENUE) 1/47 - 2/,48.8458767301,2.2370240092,15,2,1
202100035247,138Â 696,A01,1,1,1,4,8,-1,-1,-1, -1,-1,2021,52.0,2,5,15,0,3,2,1,,7,PERIPHERIQUE       (Boulevard),0,,1,1,0,1,7,600,1,, -1,1,3,1,50,9,6,2021,07:30,1,69,69266,2,1,0,6,D383,45.75318,4.90828,7,1,1
202100056457,100Â 985,B01,2,2,2,5,1,-1,-1,0,0,-1,2021,29.0,1,2,0,2,1,1,1,,3,D3,0,,2,2,0,2,32,160,1,, -1,1,5,1,80,1,1,2021,16:30,1,89,89397,1,2,1,3,D3,47.8439775913,3.2380137269,16,4,2
202100028397,150Â 953,A01,1,1,2,1,1,-1,-1,0,0,-1,2021,21.0,1,2,0,2,1,1,1,,1,A64,0,A,3,4,0,1,264,31,1,, -1,1,0,1,130,19,7,2021,09:45,1,31,31181,1,1,0,2,Autoroute A64 PK 264+078,43.392224,1.286334,9,2,2
202100035758,137Â 791,B01,1,1,1,1,8,0,-1,0,0,-1,2021,24.0,1,1,0,2,1,1,5,,4,BOULEVARD DIDEROT,0,,1,2,1,1,(1),(1),1,, -1,1,0,5,50,8,6,2021,10:00,1,75,75112,2,2,0,3,BOULEVARD DIDEROT,48.845498,2.371261,10,2,2
202100017811,169Â 783,B01,1,1,1,2,8,-1,-1,0,0,-1,2021,16.0,0,1,0,2,1,1,5,,4,RUE DES VISAGES RADIEUX,0,,2,2,0,1,(1),(1),1,, -1,2,0,1,50,14,9,2021,07:40,1,80,80021,2,1,1,3,RUE DES VISAGES RADIEUX,49.87797,2.2809,7,2,2
202100046634,118Â 408,A01,1,1,1,1,2,0,-1,0,0,-1,2021,61.0,2,0,0,2,1,1,3,,4,AVENUE GAMBETTA,0,,2,4,1,2,(1),(1),1,, -1,2,-1,5,50,25,3,2021,10:10,1,75,75120,2,1,1,5,AVENUE GAMBETTA,48.863168,2.388567,10,3,3
202100047738,116Â 419,B01,1,1,1,5,2,6,-1,-1, -1,-1,2021,77.0,1,1,0,0,0,0,5,,4,LYON (FAUBOURG),0,,2,2,0,1,0,0,1,, -1,1,0,1,50,24,2,2021,17:21,1,58,58194,2,3,0,3,LYON (FAUBOURG),46.9819,3.1602,17,2,2
202100027944,151Â 754,A01,2,2,2,0,2,8,-1,-1, -1,-1,2021,20.0,1,1,0,2,1,26,1,,4,LIEUTAUD (COURS),0,,2,3,0,1,0,0,1,, -1,1,0,1,30,19,7,2021,22:53,5,13,13206,2,1,0,3,LIEUTAUD (COURS),43.29249,5.38263,22,3,2
202100023764,159Â 139,A01,1,1,1,5,0,-1,-1,0,0,-1,2021,21.0,1,1,0,9,1,5,5,,3,,-1,,2,2,1,1,11,200,3,,4,1,0,5,-1,18,8,2021,08:10,1,74,74213,2,1,0,1,D14,45.914863,6.053833,8,2,2
202100043522,123Â 869,A01,1,1,1,1,1,-1,-1,0,0,-1,2021,47.0,1,2,0,2,3,1,1,,3,149,0,,2,2,0,2,9,502,1,, -1,1,0,1,80,19,4,2021,18:06,1,26,26088,2,3,0,5,Route de Chatuzange le Goubet,45.026723,5.074342,18,6,3
202100044877,121Â 501,A01,1,1,1,5,2,-1,-1,0,0,-1,2021,78.0,1,0,0,2,8,13,3,,3,42,-1,,2,2,0,1,45,1355,1,, -1,1,0,1,80,8,4,2021,13:55,1,44,44217,1,1,0,2,La Plee,47.299576,-1.66459,13,2,2
202100045188,120Â 967,A01,1,1,1,5,0,-1,-1,0,0,-1,2021,49.0,2,1,0,2,1,13,5,,2,3,-1,,2,2,0,1,2,900,1,, -1,1,0,1,60,4,4,2021,10:15,1,987,98747,1,1,0,1,RT3 le Afaahiti PK 2+900,-17.7463241945,-149.2020235062,10,5,2
202100012781,178Â 877,B01,1,1,1,5,1,-1,-1,0,0,-1,2021,62.0,2,2,0,0,3,13,1,,3,10,-1,D,2,2,0,1,(1),(1),1,, -1,1,0,1,50,8,10,2021,14:05,1,59,59581,2,1,0,1,Rue du pont de pierre,50.7065921847,2.7650366677,14,2,2
202100054415,104Â 489,A01,10,3,2,0,0,-1,-1,3,3,1,2021,59.0,3,2,0,1,1,26,0,,3,IMPERIALE (Route) D464 ,0,,2,2,0,2,1,0,2,, -1,2,0,1,30,5,1,2021,08:30,1,202,202120,2,1,0,6,IMPERIALE (Route) D464 ,42.6590841528,9.4317814708,8,2,1
202100005142,192Â 586,A01,1,1,2,1,1,-1,-1,0,0,-1,2021,56.0,1,2,0,2,2,15,1,,3,994,-1,,2,2,0,1,5,450,1,, -1,1,0,1,90,2,12,2021,07:25,3,51,51326,1,2,0,1,D994,49.105327,4.318303,7,2,2
202100036366,136Â 697,A01,2,2,2,9,1,0,-1,-1, -1,-1,2021,17.0,2,2,9,0,1,0,1,,3,CABASSOU (ROUTE DE),0,,2,2,0,1,1,500,1,, -1,1,0,8,50,4,6,2021,17:45,1,973,97309,1,1,0,7,CABASSOU (ROUTE DE),4.91459,-52.30992,17,2,1
202100017670,170Â 036,A01,1,1,1,1,2,6,-1,0,0,-1,2021,30.0,2,1,0,2,2,2,1,,4,PORTE DE LA CHAPELLE,0,,1,4,0,1,23,200,1,, -1,1,0,1,70,20,9,2021,11:50,1,75,75118,2,1,0,2,BD PERIPHERIQUE EXTERIEUR,48.900899,2.361608,11,2,2
202100003221,196Â 013,A01,1,1,1,0,1,0,-1,-1, -1,-1,2021,22.0,1,2,4,0,2,0,1,,2,RN 118,0,,1,2,0,2,1,590,2,, -1,2,0,1,90,12,12,2021,23:09,3,91,91064,1,1,0,7,RN 118,48.749738,2.220804,23,1,1
202100028126,151Â 429,B01,1,1,1,5,8,-1,-1,-1, -1,-1,2021,23.0,2,1,0,2,8,2,3,,4,CLEMENCEAU (AVENUE GEORGES),0,,2,4,1,1,(1),(1),1,, -1,1,0,1,50,19,7,2021,17:25,1,51,51454,2,1,0,3,Avenue Georges ClÃ©menceau,49.2506553808,4.0518602729,17,2,2
202100010306,183Â 281,B01,2,2,1,0,1,-1,-1,-1, -1,-1,2021,19.0,0,2,7,2,3,1,1,,4,LAURENT (RUE GUSTAVE),0,,2,2,0,1,(1),(1),1,, -1,2,5,1,20,29,10,2021,18:35,5,51,51454,2,2,0,4,Rue Gustave Laurent,49.25453,4.04823,18,4,3
202100020994,164Â 137,B01,1,1,1,0,2,6,-1,-1, -1,-1,2021,53.0,1,1,0,2,7,1,1,,2,ROUTE NATIONALE NÂ° 1,0,,3,4,0,1,(1),(1),1,, -1,1,0,1,110,2,9,2021,17:30,1,974,97407,1,1,0,5,ROUTE NATIONALE NÂ° 1,-20.95735,55.31645,17,3,3
202100002884,196Â 614,A01,1,1,1,0,8,0,-1,-1, -1,-1,2021,34.0,2,2,0,0,1,26,1,,3,RD 41 (ROCADE),0,,1,2,0,1,3,0,1,, -1,2,0,8,60,13,12,2021,02:45,5,972,97209,1,1,1,6,RD 41 (ROCADE),14.61029,-61.06911,2,1,1
202100055464,102Â 707,B01,1,1,1,3,2,-1,-1,-1, -1,-1,2021,57.0,1,1,0,2,1,1,1,,7,43,0,,2,3,0,1,0,200,1,, -1,1,-1,1,50,9,1,2021,19:00,5,76,76108,2,2,0,4,Rue de la Republique,49.47243,1.11227,19,3,3
202100042399,125Â 843,A01,1,1,1,0,8,-1,-1,0,0,-1,2021,21.0,2,2,2,0,2,1,1,,3,33,-1,,2,2,0,1,22,800,2,, -1,2,0,3,80,28,4,2021,01:00,3,87,87054,1,1,0,6,RD 33 pk 22 + 800,45.68004,0.804577,1,2,1
202100009745,184Â 277,B01,1,1,1,5,1,8,-1,-1, -1,-1,2021,17.0,0,2,0,2,3,1,1,,4,JEAN JAURES (AVENUE),0,,2,3,1,1,0,0,1,, -1,2,2,1,50,30,10,2021,05:57,5,76,76351,2,3,0,3,JEAN JAURES (AVENUE),49.49827,0.14814,5,2,2
202100049185,113Â 836,A01,1,1,1,0,2,8,0,0,0,-1,2021,35.0,0,1,0,2,8,1,1,,3,,-1,,1,2,0,1,5,101,1,, -1,1,0,1,70,2,3,2021,15:50,1,6,6152,1,2,0,3,Route du Parc,43.60808,7.054923,15,2,2
202100006143,190Â 832,A01,10,3,2,9,0,-1,-1,4,3,1,2021,67.0,2,2,0,1,1,1,1,,3,2,-1,,2,2,1,1,11,0,1,, -1,2,0,1,50,26,11,2021,19:45,5,68,68258,2,1,0,6,34 Rue d Ensisheim,47.837347,7.307099,19,2,1
202100019143,167Â 411,A01,1,1,2,1,2,0,-1,-1, -1,-1,2021,37.0,1,1,0,0,8,1,1,,3,HIPPODROME (ALLEE DE L'),0,,2,2,0,1,0,0,1,, -1,2,0,1,90,10,9,2021,18:11,1,87,87050,1,1,1,6,HIPPODROME (ALLEE DE L'),45.88422,1.19392,18,1,1
202100011775,180Â 663,A01,1,1,1,1,2,5,-1,-1, -1,-1,2021,17.0,2,1,0,2,1,13,1,,3,RD 80,0,,-1,2,0,1,52,500,4,, -1,1,0,1,50,19,7,2021,07:45,1,85,85194,1,1,1,1,RD 80,46.5282,-1.75255,7,2,2
202100050345,111Â 712,A01,1,1,1,0,1,0,-1,-1, -1,-1,2021,28.0,1,2,0,2,1,1,1,,2,08 PK RN237 MOULIN JUSTICE RE,0,,3,2,0,1,7,689,1,, -1,1,0,1,90,24,2,2021,11:55,1,17,17300,1,1,0,4,08 PK RN237 MOULIN JUSTICE RE,46.17559,-1.21112,11,3,3
202100024303,158Â 228,B01,1,1,1,0,2,6,-1,0,0,-1,2021,25.0,1,1,0,2,1,1,1,,3,MOULIN (RUE JEAN),0,,2,2,0,1,1,40,1,, -1,1,0,1,50,11,8,2021,08:50,1,5,5023,2,3,0,3,MOULIN (RUE JEAN),44.88658,6.62589,8,4,2
202100028861,150Â 129,A01,1,1,1,9,2,0,-1,0,0,-1,2021,21.0,2,1,0,2,1,5,5,,4,RUE OBERKAMPF,0,,1,1,0,1,(1),(1),1,, -1,1,0,1,50,15,7,2021,01:30,5,75,75111,2,2,0,1,RUE OBERKAMPF,48.865131,2.375265,1,2,2
202100025417,156Â 225,A01,10,3,1,5,0,-1,-1,9,B,1,2021,22.0,1,0,0,1,0,0,0,,4,ENNEMOND ROMAND                     (PL),0,,2,2,0,1,(1),(1),1,, -1,1,0,1,50,6,8,2021,02:20,5,69,69259,2,1,0,6,ENNEMOND ROMAND (PL),45.7259177902,4.8589272358,2,2,1
202100006550,190Â 092,A01,10,3,1,5,0,-1,-1,6,1,2,2021,30.0,1,2,0,1,2,1,1,,3,FOURQUES ROUTE DE,0,,2,2,0,1,3,410,1,, -1,1,0,3,80,20,11,2021,02:57,3,30,30032,1,1,0,6,FOURQUES ROUTE DE,43.7798,4.6232,2,3,1
202100041798,126Â 895,B01,1,1,1,5,2,-1,-1,-1, -1,-1,2021,20.0,3,1,0,2,7,26,5,,4,RENNES (ROND POINT DE),0,,1,3,0,1,(1),(1),2,, -1,1,5,1,50,1,5,2021,14:15,1,35,35278,2,6,0,3,RENNES (ROND POINT DE),48.13757,-1.68626,14,2,2
202100043845,123Â 300,A01,10,3,1,0,0,-1,-1,1,3,1,2021,85.0,0,5,0,1,1,1,1,,4,,-1,,2,2,0,1,(1),(1),1,, -1,1,0,1,50,15,4,2021,13:41,1,60,60612,2,1,0,6,Boulevard des Otages,49.20441,2.57991,13,2,1
202100000585,200Â 655,B01,1,1,1,9,1,-1,-1,0,0,-1,2021,56.0,1,2,0,2,3,1,1,,3,16,0,,2,2,0,1,54,898,1,, -1,2,0,1,50,24,12,2021,17:30,5,44,44129,2,1,1,1,Route Abbaye,47.425467,-2.062865,17,2,2
202100006483,190Â 213,B01,1,1,1,1,2,6,-1,-1, -1,-1,2021,41.0,2,1,0,2,1,1,1,,4,LE NAIN DE TILLEMONT (RUE),0,,2,1,0,1,1,0,1,, -1,1,8,1,50,24,11,2021,21:55,5,93,93048,2,3,0,3,LE NAIN DE TILLEMONT (RUE),48.8584469995,2.4625146389,21,2,2
202100026885,153Â 659,A01,1,1,1,1,1,-1,-1,0,0,-1,2021,53.0,1,5,0,2,1,1,1,,2,10,0,,2,2,0,1,136,(1),1,,7,1,0,1,50,28,7,2021,08:25,1,202,202207,2,1,0,1,RT 10 FOLELLI,42.441741,9.508742,8,2,2
202100025488,156Â 105,B01,1,1,1,1,1,0,-1,-1, -1,-1,2021,36.0,2,2,0,2,1,1,1,,3,GEORGES MELIES (BD),0,,2,2,0,1,(1),(1),1,, -1,1,0,1,50,3,8,2021,09:15,1,94,94015,2,6,0,3,GEORGES MELIES (BD),48.8326317603,2.5313727486,9,2,2
202100034421,140Â 205,B01,1,1,1,1,2,6,-1,-1, -1,-1,2021,35.0,2,1,0,2,1,2,1,,1,A4.W,0,,3,10,0,1,19,100,1,, -1,1,0,1,110,15,6,2021,07:20,1,77,77258,1,1,0,2,A4.W,48.8307,2.63277,7,2,2
202100013207,178Â 131,A01,1,1,2,0,1,-1,-1,-1, -1,-1,2021,53.0,1,2,0,2,1,15,1,,4,WALDECK ROUSSEAU                    (R ),0,,1,1,0,1,(1),(1),1,, -1,1,0,1,50,15,10,2021,00:30,5,69,69386,2,3,0,3,WALDECK ROUSSEAU (R),45.76423,4.85836,0,2,2
202100045124,121Â 075,A01,1,1,1,5,1,-1,-1,-1, -1,-1,2021,25.0,2,2,0,2,1,13,1,,4,NORMANDIE (RUE DE),0,,2,2,0,2,(1),(1),2,, -1,1,0,1,30,4,4,2021,16:50,1,50,50647,2,1,0,1,NORMANDIE (RUE DE),48.84637,-1.55789,16,2,2
202100056310,101Â 247,A01,10,3,2,5,0,-1,-1,3,3,1,2021,66.0,0,2,0,1,3,1,1,,3,974,-1,,2,2,2,1,(1),(1),1,, -1,2,0,1,50,5,1,2021,18:30,5,50,50615,2,1,1,6,VOIE DE LA LIBERTE,49.515524,-1.479684,18,3,1
202100013593,177Â 422,A01,3,2,1,5,1,-1,-1,-1,0,-1,2021,63.0,3,2,1,0,2,14,2,,4,EGALITE (RUE DE L'),0,,2,2,0,1,(1),(1),1,, -1,1,0,1,50,12,10,2021,13:40,1,95,95598,2,1,0,6,EGALITE (RUE DE L'),48.993241,2.294315,13,2,1
202100003814,194Â 936,A01,1,1,2,1,1,0,-1,-1, -1,-1,2021,36.0,1,2,4,0,2,2,1,,1,A10 PROVINCE / RD188 PARIS,0,,1,2,0,2,4,599,2,, -1,2,0,1,70,10,12,2021,08:35,2,91,91136,1,1,1,7,A10 PROVINCE / RD188 PARIS,48.71068,2.28793,8,1,1
202100032863,143Â 025,B01,1,1,1,5,8,0,-1,-1, -1,-1,2021,13.0,3,1,0,2,1,25,5,,4,SIMONO (RUE MAURICE),0,,1,1,0,1,(1),(1),1,, -1,2,0,1,50,22,6,2021,19:00,1,59,59279,2,3,1,3,SIMONO (RUE MAURICE),50.781738,3.122032,19,2,2
202100003578,195Â 359,A01,1,1,1,5,1,0,-1,-1, -1,-1,2021,22.0,1,2,5,2,1,13,1,,3,LIMOGES (AVENUE DE),0,,2,2,0,2,3,99,2,, -1,2,0,1,50,8,12,2021,06:32,5,87,87050,2,1,1,3,LIMOGES (AVENUE DE),45.85627,1.24737,6,2,2
202100038769,132Â 316,B01,1,1,1,9,2,0,-1,-1, -1,-1,2021,19.0,2,1,0,2,1,17,1,,4,BOURIETTE AVENUE DE LA,0,,2,2,0,1,0,0,1,, -1,1,0,1,50,22,5,2021,13:35,1,9,9225,2,1,0,3,BOURIETTE AVENUE DE LA,43.11312,1.62954,13,2,2
202100031250,145Â 885,A01,2,2,2,5,2,6,-1,0,0,-1,2021,32.0,1,1,0,0,0,1,1,,2,202,0,,2,2,0,1,45,500,3,, -1,2,0,8,80,4,7,2021,14:01,1,4,4174,1,3,1,7,RD 2202 / RN 202,43.970787,6.759845,14,2,1