Num_Acc,id_vehicule,num_veh,place,catu,sexe,trajet,secu1,secu2,secu3,locp,actp,etatp,year_acc,victim_age,senc,catv,obs,obsm,choc,manv,motor,occutc,catr,voie,v1,v2,circ,nbv,vosp,prof,pr,pr1,plan,lartpc,larrout,surf,infra,situ,vma,jour,mois,an,hrmn,lum,dep,com,agg_,int,atm,col,adr,lat,long,hour,nb_victim,nb_vehicules
202100023129,160Â 272,B01,3,2,1,4,1,0,-1,0,0,-1,2021,28.0,3,2,0,2,3,1,1,,4,RUE DE CLIGNANCOURT,0,,1,1,0,1,(1),(1),1,, -1,1,0,1,30,20,8,2021,18:40,1,75,75118,2,5,0,3,RUE DE CLIGNANCOURT,48.890432,2.34846,18,4,2
202100009292,185Â 091,A01,10,3,2,5,0,-1,-1,2,3,1,2021,67.0,1,1,0,1,1,5,3,,4,RUE DE LA ROQUETTE,0,,1,1,0,1,(1),(1),1,, -1,1,0,1,30,5,11,2021,15:50,1,75,75111,2,1,0,6,RUE DE LA ROQUETTE,48.856591,2.377371,15,2,1
202100030337,147Â 536,B01,1,1,2,0,1,0,-1,-1, -1,-1,2021,26.0,2,2,0,2,8,1,1,,3,118,0,,2,3,0,1,0,0,1,, -1,1,0,1,50,6,7,2021,08:30,1,91,91027,2,3,0,3,AV FRANCOIS MITTERRAND,48.70581,2.37144,8,2,2
202100002688,196Â 971,A01,1,1,1,5,1,5,-1,0,0,-1,2021,37.0,1,2,6,0,1,1,1,,3,452,-1,,2,2,0,1,20,50,1,, -1,2,0,1,50,17,12,2021,23:20,5,10,10296,2,1,0,6,17 Grande Rue,48.060937,4.380997,23,1,1
202100028934,150Â 013,B01,2,2,1,3,2,6,9,0,0,-1,2021,14.0,0,1,6,2,2,21,1,,3,1086,-1,,2,2,0,1,1,500,1,, -1,1,0,1,70,15,7,2021,10:15,1,42,42265,1,3,0,1,Route de Verlieu,45.444593,4.75215,10,3,2
202100027911,151Â 819,A01,10,3,1,0,0,-1,-1,4,5,1,2021,34.0,1,2,0,1,1,1,1,,4,DELILLE (PLACE),0,,1,2,0,1,(1),(1),1,, -1,1,0,1,50,15,7,2021,21:47,2,63,63113,2,1,0,6,DELILLE (PLACE),45.78015,3.09107,21,2,1
202100028594,150Â 606,B01,4,2,1,9,1,0,-1,-1, -1,-1,2021,10.0,2,2,0,2,7,1,1,,1,AUTOROUTE A86,0,,3,8,0,1,16,200,1,, -1,1,0,1,90,15,7,2021,22:40,3,93,93027,2,1,0,3,AUTOROUTE A86,48.9241,2.387,22,5,2
202100054550,104Â 267,A01,1,1,1,5,1,0,-1,-1, -1,-1,2021,28.0,2,2,0,2,1,2,1,,2,ROUTE NATIONALE 5,0,,2,3,0,1,0,300,1,, -1,2,0,1,90,17,1,2021,21:41,3,972,97213,1,1,1,2,ROUTE NATIONALE 5,14.59672,-60.9947,21,4,2
202100044016,123Â 000,A01,1,1,1,0,1,8,-1,-1, -1,-1,2021,49.0,0,2,0,2,1,2,1,,4,POU-DE-LES-COULOBRES (CHEMIN DU),0,,2,1,0,1,(1),(1),2,, -1,1,0,1,80,14,4,2021,07:45,1,66,66136,1,6,0,2,POU-DE-LES-COULOBRES (CHEMIN DU),42.66567,2.91966,7,2,2
202100012400,179Â 542,A01,2,2,1,5,2,0,-1,-1, -1,-1,2021,59.0,2,1,0,2,1,2,1,,4,CHENIEUX (RUE FRANCOIS),0,,2,2,0,1,(1),(1),1,, -1,1,0,1,50,16,10,2021,10:10,1,87,87085,2,1,1,2,CHENIEUX (RUE FRANCOIS),45.83944,1.25726,10,3,2
202100015854,173Â 334,A01,10,3,1,3,8,-1,-1,3,3,1,2021,62.0,3,2,0,1,3,1,1,,4,LE GORGEU (NÂ°ENTRE TARENTE ET PROVENCE),0,,2,1,0,1,(1),(1),1,, -1,1,0,1,50,29,9,2021,09:20,1,29,29019,2,3,0,6,Avenue Victor le Gorgeu,48.4048660313,-4.5063017283,9,2,1
202100037922,133Â 882,A01,10,3,1,5,0,-1,-1,5,2,2,2021,8.0,3,2,9,1,1,1,1,,4,,-1,,2,2,0,1,(1),(1),2,, -1,1,0,3,30,28,5,2021,18:15,1,971,97114,1,1,0,6,Route de Moreau,16.130499,-61.587564,18,4,1
202100009672,184Â 421,B01,1,1,1,3,2,6,-1,0,0,-1,2021,20.0,1,1,0,2,0,1,1,,3,10,-1,,2,2,0,1,1,0,1,,5,2,0,1,50,3,11,2021,18:00,5,18,18197,2,2,1,3,D10,46.725771,2.507002,18,2,2
202100045975,119Â 574,A01,1,1,2,5,1,0,-1,0,0,-1,2021,49.0,2,2,6,0,1,15,1,,4,BOULEVARD DU BOIS LE PRETRE,0,,3,2,0,2,(1),(1),1,, -1,1,0,4,50,29,3,2021,16:45,1,75,75117,2,3,0,6,BOULEVARD DU BOIS LE PRETRE,48.899665606,2.3190662591,16,1,1
202100005981,191Â 106,B01,1,1,1,1,8,0,-1,-1, -1,-1,2021,34.0,2,1,0,2,1,1,1,,4,CORSE (AVENUE DE LA),0,,2,4,3,2,(1),(1),1,, -1,1,0,1,50,26,11,2021,08:00,1,13,13207,2,2,0,3,CORSE (AVENUE DE LA),43.288680268,5.3595370852,8,2,2
202100019401,166Â 951,B01,2,2,1,1,1,-1,-1,0,0,-1,2021,55.0,2,2,0,2,3,1,1,,3,1029,-1,,2,2,0,1,10,(1),1,, -1,1,0,1,-1,13,9,2021,03:55,3,80,80273,1,1,0,1,D1029,49.781971,1.918906,3,3,2
202100039876,130Â 311,A01,2,2,2,5,2,-1,-1,0,0,-1,2021,14.0,1,1,0,2,7,14,1,,3,25,-1,,2,2,0,1,43,0,1,, -1,1,0,1,50,15,5,2021,16:39,1,85,85303,2,4,0,3,Intersection rue Georges ClÃ©menceau / rue des Rivaux,46.359213,-0.852803,16,3,2
202100018758,168Â 111,B01,5,2,1,0,2,0,-1,-1, -1,-1,2021,14.0,1,1,0,2,1,13,1,,4,GABRIEL PERI (IMPASSE),0,,2,1,0,1,(1),(1),3,, -1,1,0,1,50,13,9,2021,14:00,1,59,59033,2,1,0,1,GABRIEL PERI (IMPASSE),50.19795,3.84042,14,3,2
202100009611,184Â 526,B01,1,1,1,1,2,6,-1,0,0,-1,2021,54.0,1,1,0,2,1,1,1,,4,POMPIDOU (AVENUE GEORGES) -RD 6085,0,,2,2,0,2,(1),(1),2,, -1,2,0,1,50,3,11,2021,16:30,2,6,6069,2,1,1,3,POMPIDOU (AVENUE GEORGES) -RD 6085,43.647629,6.937358,16,2,2
202100032688,143Â 338,B01,4,2,1,0,1,8,-1,0,0,-1,2021,7.0,3,2,0,2,4,26,1,,4,MISTRAL (AVENUE ET PLACE FREDERIC),0,,1,1,0,2,(1),(1),3,, -1,1,0,1,30,23,6,2021,11:25,1,6,6069,2,1,0,2,MISTRAL (AVENUE ET PLACE FREDERIC),43.65026,6.92241,11,3,2
202100033386,142Â 088,B01,1,1,2,5,8,-1,-1,-1, -1,-1,2021,12.0,0,1,0,2,8,0,3,,4,RAVEL. BOULEVARD MAURICE,0,,2,2,0,2,(1),(1),1,, -1,2,4,1,50,19,6,2021,17:11,1,76,76322,2,1,0,1,RAVEL. BOULEVARD MAURICE,49.4059202286,1.0441843048,17,2,2
202100031662,145Â 160,A01,1,1,2,5,1,-1,-1,0,0,-1,2021,52.0,1,2,0,0,8,9,1,,3,939,0,,2,2,0,1,6,450,1,, -1,1,0,1,80,1,7,2021,15:50,1,28,28183,1,2,0,3,D939,48.321745,1.93537,15,2,2
202100016191,172Â 697,A01,1,1,1,0,2,6,-1,-1, -1,-1,2021,53.0,1,1,0,2,7,15,1,,4,BD DE SUISSE,0,,2,3,0,1,(1),(1),1,, -1,1,5,1,50,28,9,2021,23:00,5,31,31555,2,1,0,3,BD DE SUISSE,43.6217,1.42497,23,2,2
202100014206,176Â 300,A01,4,2,2,5,8,0,-1,0,0,-1,2021,67.0,1,2,9,0,4,4,1,,4,RUE DU RENDEZ VOUS,0,,1,2,0,2,(1),(1),1,, -1,1,0,1,30,9,10,2021,09:50,1,75,75112,2,1,0,6,RUE DU RENDEZ VOUS,48.84654,2.401222,9,2,1
202100036315,136Â 777,A01,1,1,2,3,1,5,-1,0,0,-1,2021,20.0,1,2,13,0,1,1,1,,3,14,2,B,2,2,0,3,21,200,1,, -1,2,0,3,80,5,6,2021,09:30,1,68,68002,1,1,1,6,D14b,47.600289,7.10146,9,1,1
202100046209,119Â 170,B01,1,1,1,0,1,-1,-1,-1, -1,-1,2021,57.0,1,2,0,2,3,16,1,,4,DOCTEUR COBLOD (DU)                 (BD),0,,1,2,0,1,(1),(1),2,, -1,1,0,1,50,27,3,2021,12:20,1,69,69259,2,6,0,3,DOCTEUR COBLOD (DU)                 (BD),45.7015300858,4.890884757,12,2,2
202100024040,158Â 674,A01,1,1,1,1,2,6,-1,0,0,-1,2021,39.0,2,1,0,9,1,1,1,,3,2204,0,B,3,4,0,1,11,452,1,, -1,1,1,1,70,16,8,2021,09:45,1,6,6031,1,9,0,6,Tunnel de la Condamine,43.770316,7.326904,9,2,2
202100013692,177Â 227,A01,10,3,2,9,0,-1,-1,4,3,1,2021,49.0,2,1,0,1,1,1,5,,4,RUE DU FAUBOURG SAINT MARTIN,0,,2,4,1,2,(1),(1),1,, -1,1,-1,5,30,12,10,2021,08:40,1,75,75110,2,1,0,6,RUE DU FAUBOURG SAINT MARTIN,48.876823,2.361007,8,2,1
202100010005,183Â 817,A01,10,3,1,5,0,-1,-1,2,A,-1,2021,81.0,2,2,0,1,7,1,1,,3,AV DE MORANGIS,0,,2,2,1,1,0,0,1,, -1,1,0,1,50,31,10,2021,09:55,1,91,91027,2,1,0,6,AV DE MORANGIS,48.705832,2.37062,9,2,1
202100004019,194Â 555,E01,1,1,2,5,8,-1,-1,-1, -1,-1,2021,62.0,1,2,0,2,7,1,1,,4,BRETAGNE (RUE DE),0,,2,2,0,1,0,0,1,, -1,1,0,1,30,8,12,2021,11:05,1,61,61001,2,2,0,3,BRETAGNE (RUE DE),48.431,0.08056,11,2,2
202100006010,191Â 052,A01,4,2,2,0,1,0,-1,-1, -1,-1,2021,9.0,-1,2,0,9,4,23,1,,3,PETITS PONTS (ROUTE DES),0,,2,2,0,1,0,1,1,, -1,2,0,1,50,26,11,2021,21:40,5,93,93073,2,1,1,4,PETITS PONTS (ROUTE DES),48.96568,2.56918,21,4,3
202100002702,196Â 941,B01,2,2,2,0,2,-1,-1,0,0,-1,2021,60.0,1,1,0,2,3,2,1,,2,113,-1,,2,2,0,1,0,254,1,, -1,1,5,1,70,18,12,2021,12:32,1,34,34145,1,3,0,3,Avenue du Vidourle,43.691692,4.162166,12,3,2
202100019520,166Â 741,A01,10,3,1,5,0,-1,-1,1,5,1,2021,16.0,0,1,0,1,5,26,1,,4,FLOUQUET (AV),0,,2,2,0,1,1,0,1,, -1,1,0,1,50,11,9,2021,18:25,1,94,94038,2,1,0,6,Avenue Flouquet,48.774235,2.325068,18,2,1
202100030280,147Â 640,A01,2,2,2,0,1,-1,-1,0,0,-1,2021,27.0,2,2,0,2,1,2,1,,3,474,0,,2,2,0,1,34,700,1,, -1,2,0,1,80,6,7,2021,17:50,1,70,70325,1,1,1,2,D474,47.496836,5.976053,17,4,2
202100021682,162Â 878,B01,1,1,1,0,2,6,-1,0,0,-1,2021,61.0,1,1,0,2,5,9,1,,3,984,0,C,4,2,0,1,18,55,2,, -1,1,0,1,50,13,8,2021,12:15,1,1,1143,2,6,0,3,,46.3500814805,6.131945125,12,2,2
202100027713,152Â 176,A01,10,3,2,9,0,-1,-1,4,3,1,2021,63.0,2,3,0,1,2,26,1,1.0,4,BOLLEE (AV) NÂ° IMP 1 A 63,0,,2,3,3,1,0,0,1,, -1,1,0,1,50,20,7,2021,10:15,1,72,72181,2,1,0,6,BOLLEE (AV) NÂ° IMP 1 A 63,48.00246,0.20599,10,2,1
202100021917,162Â 454,A01,10,3,2,5,0,-1,-1,3,3,2,2021,5.0,2,2,0,1,1,26,1,,4,AVENUE MARÃCHAL DE LATTRE DE TASSIGNY,0,,2,1,0,1,0,0,1,, -1,1,0,1,50,29,8,2021,19:42,2,83,83061,2,1,1,6,AVENUE MARÃCHAL DE LATTRE DE TASSIGNY,43.42914,6.76195,19,5,1
202100050792,110Â 893,A01,1,1,1,5,0,-1,-1,0,0,-1,2021,36.0,2,2,13,0,1,1,1,,3,2089,-1,,2,2,0,4,123,900,1,, -1,1,0,3,80,21,2,2021,10:14,1,63,63048,1,1,0,6,route dÃ©partementale 2089,45.650386,2.572914,10,1,1
202100053370,106Â 324,B01,1,1,1,1,1,-1,-1,0,0,-1,2021,64.0,1,2,0,2,3,1,1,,3,1206,0,,2,2,0,4,0,500,1,, -1,1,0,1,50,19,1,2021,13:00,1,1,1033,2,1,0,1,Rue Joseph Marion,46.107183,5.832823,13,2,2
202100028831,150Â 188,A01,1,1,1,0,8,8,-1,-1, -1,-1,2021,32.0,1,1,0,2,1,1,1,,4,COMBES (BD EMILE),0,,2,2,0,1,(1),(1),1,, -1,1,0,1,50,15,7,2021,12:30,1,35,35238,2,3,0,2,COMBES (BD EMILE),48.09536,-1.66287,12,2,2
202100025300,156Â 435,B01,1,1,1,5,8,0,-1,-1, -1,-1,2021,52.0,3,1,0,2,1,26,5,,4,IMP DE LA GLACIERE,0,,-1,1,0,1,(1),(1),1,, -1,1,0,1,50,6,8,2021,10:00,1,31,31555,2,1,0,3,IMP DE LA GLACIERE,43.64676,1.42285,10,2,2
202100039616,130Â 778,B01,1,1,2,0,1,0,-1,-1, -1,-1,2021,38.0,3,2,0,2,1,2,1,,4,BERNAU (R DE),0,,2,2,0,1,0,0,1,, -1,2,0,1,50,17,5,2021,08:40,1,94,94079,2,1,1,4,Rue de Bernau,48.81712,2.53488,8,3,3
202100001279,199Â 474,B01,1,1,1,5,2,0,-1,-1, -1,-1,2021,24.0,3,1,0,2,9,1,1,,7,GRAND MARE. AVENUE DE LA,0,,2,3,0,1,0,1,1,, -1,1,0,1,50,26,12,2021,23:00,5,76,76540,2,1,0,3,Avenue de la Grand Mare,49.4406935215,1.1310017108,23,2,2
202100019409,166Â 938,C01,1,1,2,3,1,-1,-1,0,0,-1,2021,54.0,2,2,0,2,1,1,1,,3,2009,-1,,2,2,0,1,26,140,1,, -1,1,0,1,90,13,9,2021,09:40,1,3,3083,1,2,0,5,La Racherie,46.343928,3.286339,9,3,3
202100049482,113Â 307,A01,1,1,2,1,1,0,-1,-1, -1,-1,2021,43.0,2,2,0,2,3,13,2,,4,RUE DES LABOURS,0,,2,2,0,1,0,0,2,, -1,1,0,1,30,2,3,2021,08:25,2,77,77268,2,1,1,1,RUE DES LABOURS,48.87909,2.81227,8,3,2
202100020889,164Â 311,A01,1,1,1,1,2,0,-1,-1, -1,-1,2021,50.0,2,1,1,0,1,1,1,,3,GENERAL LECLERC (AV DU),0,,-1,4,0,1,1,0,3,, -1,2,0,1,50,4,9,2021,09:50,1,94,94046,2,1,0,2,Avenue du GÃ©nÃ©ral Leclerc,48.81547,2.42069,9,2,2
202100033457,141Â 966,A01,3,2,2,5,1,-1,-1,0,0,-1,2021,54.0,2,2,2,0,1,1,1,,3,205,-1,D,2,2,0,1,(1),(1),3,, -1,1,0,3,50,20,6,2021,15:15,1,33,33314,2,1,0,6,AllÃ©es Marines,45.204997,-0.750935,15,3,1
202100027413,152Â 712,A01,3,2,2,5,1,-1,-1,0,0,-1,2021,12.0,2,1,0,0,4,23,1,,1,6,0,,3,4,0,1,253,700,1,, -1,3,0,1,110,24,7,2021,11:30,1,21,21298,1,1,1,4,A6 - PK 253+700,47.3263221278,4.4855384533,11,8,3
202100021792,162Â 673,A01,3,2,1,9,1,0,-1,0,0,-1,2021,19.0,0,2,4,0,1,1,1,,2,RN 154,0,,1,2,0,1,30,0,1,, -1,1,0,1,110,30,8,2021,14:05,1,27,27234,1,1,0,7,RN 154,49.03589,1.1866,14,3,1
202100023866,158Â 965,A01,1,1,1,0,2,0,-1,-1, -1,-1,2021,24.0,1,1,0,0,0,1,3,,4,BOLLEE (AV) NÂ° PAIRS 154 A 222,0,,2,2,0,1,0,0,1,, -1,1,0,1,50,16,8,2021,19:25,1,72,72181,2,1,0,7,BOLLEE (AV) NÂ° PAIRS 154 A 222,47.99765,0.21505,19,1,1
202100056123,101Â 564,B01,2,2,1,0,1,0,-1,-1, -1,-1,2021,40.0,2,2,0,2,4,23,1,,1,AUTOROUTE A15,0,,3,8,0,1,5,400,1,, -1,2,2,1,90,4,1,2021,20:55,3,92,92036,1,1,0,2,AUTOROUTE A15,48.945829154,2.2833738855,20,6,2
202100053856,105Â 479,A01,1,1,1,5,8,0,-1,0,0,-1,2021,55.0,3,1,0,0,0,16,5,,4,ROUTE DU CHAMP DE MANOEUVRES,0,,2,2,0,1,(1),(1),1,, -1,7,0,1,50,24,1,2021,09:00,1,75,75112,2,2,0,7,ROUTE DU CHAMP DE MANOEUVRES,48.835839,2.453167,9,1,1
202100044171,122Â 719,A01,1,1,1,5,8,0,-1,0,0,-1,2021,42.0,2,1,0,2,1,15,5,,4,BOULEVARD DE SEBASTOPOL,0,,2,4,1,1,(1),(1),1,, -1,1,-1,5,50,13,4,2021,13:50,1,75,75101,2,2,0,3,BOULEVARD DE SEBASTOPOL,48.863399,2.350949,13,2,2
202100014840,175Â 182,A01,10,3,1,5,0,-1,-1,4,3,1,2021,81.0,1,2,0,1,1,15,1,,4,RUE DE LA FEDERATION,0,,1,1,0,1,(1),(1),2,, -1,1,0,1,30,6,10,2021,20:30,5,75,75115,2,4,0,6,RUE DE LA FEDERATION,48.852801,2.298337,20,2,1
202100028619,150Â 558,B01,1,1,1,0,8,0,-1,-1, -1,-1,2021,39.0,2,1,0,2,2,2,3,,4,GENEVE (RUE DE),0,,-1,2,0,1,0,1,1,, -1,1,0,1,50,14,7,2021,00:40,5,74,74008,2,3,0,6,GENEVE (RUE DE),46.19278,6.22437,0,1,1
202100030989,146Â 340,A01,1,1,1,5,2,8,-1,-1, -1,-1,2021,18.0,3,1,0,0,0,26,1,,5,Longs Sillons (rue),0,,2,2,0,1,0,0,1,, -1,1,9,8,30,19,6,2021,14:30,1,77,77131,2,1,0,7,Longs Sillons (rue),48.80736,3.10126,14,1,1
202100031483,145Â 478,B01,1,1,1,1,2,6,-1,0,0,-1,2021,49.0,0,1,0,2,1,1,1,,3,703,0,D,2,2,0,1,(1),(1),1,, -1,1,0,1,80,2,7,2021,13:30,1,24,24355,1,3,0,3,RD 703,44.808756,1.205664,13,3,2
202100008454,186Â 627,A01,1,1,1,1,8,0,-1,-1, -1,-1,2021,23.0,1,1,0,2,4,9,6,,4,WALDECK ROCHET (AVENUE),0,,2,2,0,1,(1),(1),1,, -1,1,5,8,50,10,11,2021,13:40,1,71,71486,2,2,0,3,WALDECK ROCHET (AVENUE),46.6631818999,4.3698830664,13,2,2
202100037965,133Â 804,B01,2,1,1,1,2,0,-1,-1, -1,-1,2021,42.0,1,1,0,2,1,17,1,,3,CHATEAUBOEUF (ROUTE DE),0,,3,2,0,1,1,0,1,, -1,1,0,1,60,27,5,2021,16:00,1,972,97209,1,1,0,3,CHATEAUBOEUF (ROUTE DE),14.6191445947,-61.0443701708,16,2,2
202100021377,163Â 435,A01,1,1,1,1,2,6,9,0,0,-1,2021,56.0,3,1,7,0,0,21,1,,3,402,-1,,2,2,0,2,65,755,1,, -1,1,0,1,50,2,9,2021,05:55,5,77,77183,2,1,0,7,D402,48.94017,3.12103,5,2,2
202100012640,179Â 118,A01,1,1,1,0,8,0,-1,-1, -1,-1,2021,50.0,2,1,0,2,8,1,1,,4,NEGOCIANTS (RUE DES),0,,3,0,0,2,0,0,1,, -1,1,0,1,50,17,10,2021,10:50,1,74,74008,2,1,0,6,NEGOCIANTS (RUE DES),46.19398,6.22811,10,1,1
202100022436,161Â 536,A01,10,3,2,5,0,-1,-1,2,2,1,2021,65.0,2,2,0,1,5,26,1,,4,PORTE SAINT JEAN (RUE ),0,,1,1,1,1,(1),(1),1,, -1,1,0,1,30,26,8,2021,17:55,1,45,45234,2,1,0,6,14 Rue Porte Saint Jean,47.9022917239,1.8971003491,17,2,1
202100010317,183Â 265,A01,1,1,2,5,2,8,-1,-1, -1,-1,2021,16.0,0,1,0,2,1,1,1,,4,MICHEL (RUE LOUISE),0,,2,2,0,4,(1),(1),1,, -1,1,0,1,50,28,10,2021,23:05,5,37,37261,2,3,0,3,MICHEL (RUE LOUISE),47.4103946447,0.7066217521,23,2,2
202100052246,108Â 315,A01,1,1,2,1,1,0,-1,-1, -1,-1,2021,21.0,1,2,4,0,6,1,1,,1,86,0,,3,6,0,1,1,799,1,, -1,3,0,2,90,7,2,2021,13:20,1,92,92050,1,1,1,6,A86,48.914276649,2.2194430375,13,1,1
202100006026,191Â 020,A01,2,2,2,5,1,-1,-1,0,0,-1,2021,80.0,2,2,2,0,1,1,2,,3,1555,0,,2,4,0,2,8,500,2,, -1,1,0,8,90,27,11,2021,19:15,3,83,83085,1,6,0,6,RD 1555 rond point SOSACA,43.483703,6.509249,19,4,1
202100000087,201Â 595,A01,2,1,1,0,2,8,-1,-1, -1,-1,2021,32.0,3,1,0,2,1,13,3,,4,RADOLFZELL AVENUE DE,0,,2,2,0,1,0,0,1,, -1,1,0,1,50,20,8,2021,11:15,1,13,13047,2,1,0,3,RADOLFZELL AVENUE DE,43.4991831791,4.9879145902,11,3,2
202100036183,137Â 017,B01,2,2,1,5,1,-1,-1,0,0,-1,2021,29.0,1,2,0,2,1,1,1,,3,230,0,D,2,2,0,2,7,950,1,, -1,1,0,1,80,6,6,2021,11:00,1,33,33411,1,2,1,3,,44.643246,-0.233864,11,3,2
202100040625,128Â 996,B01,1,1,1,9,8,0,-1,0,0,-1,2021,48.0,2,1,0,2,1,1,3,,4,AVENUE GAMBETTA,0,,2,2,1,3,(1),(1),1,, -1,1,5,1,50,8,5,2021,18:55,1,75,75120,2,6,0,2,AVENUE GAMBETTA,48.864965,2.395547,18,2,2
202100017007,171Â 220,B01,1,1,1,1,1,0,-1,0,0,-1,2021,43.0,1,2,0,2,4,2,1,,4,PORTE DE CLIGNANCOURT,0,,1,4,0,1,21,900,1,, -1,1,0,1,70,23,9,2021,15:00,1,75,75118,2,1,0,4,BD PERIPHERIQUE INTERIEUR,48.900896,2.344014,15,3,3
202100053264,106Â 525,A01,1,1,2,0,1,8,-1,-1, -1,-1,2021,49.0,1,2,0,2,4,1,1,,3,PRESSENCE FRANCIS (AVENUE),0,,1,1,0,1,0,1,4,, -1,1,0,1,50,27,1,2021,12:40,1,93,93066,2,1,0,2,PRESSENCE FRANCIS (AVENUE),48.9214687638,2.3658833206,12,2,2
202100045785,119Â 911,B01,1,1,2,5,1,0,-1,0,0,-1,2021,30.0,1,2,0,2,6,11,1,,4,PORTE DE CLIGNANCOURT,0,,1,4,0,1,22,300,1,, -1,1,0,1,70,31,3,2021,13:40,1,75,75118,2,1,0,3,PORTE DE CLIGNANCOURT,48.901013,2.349407,13,2,2
202100041876,126Â 771,A01,10,3,2,3,0,-1,-1,4,3,1,2021,14.0,2,2,0,1,0,0,0,,3,ENGHIEN (ROUTE D' ),0,,3,3,0,1,7,750,1,, -1,1,0,1,50,30,4,2021,16:20,1,95,95018,2,3,0,6,RD 311,48.95736,2.28729,16,2,1
202100036275,136Â 838,B01,1,1,1,5,2,6,-1,-1, -1,-1,2021,25.0,3,1,0,2,4,2,1,,3,BOISSY.(AVENUE DE),0,,3,5,0,1,0,0,1,, -1,1,5,1,50,5,6,2021,20:30,1,94,94011,2,1,0,2,BOISSY.(AVENUE DE),48.76633,2.48985,20,2,2
202100043148,124Â 547,A01,1,1,1,5,8,0,-1,-1, -1,-1,2021,61.0,3,1,0,2,1,5,5,,4,RAYON VERT (ROND POINT DU),0,,2,2,1,4,0,0,1,, -1,1,0,1,30,21,4,2021,17:30,1,64,64024,2,6,0,1,RAYON VERT (ROND POINT DU),43.501,-1.53842,17,2,2
202100002727,196Â 896,A01,10,3,2,2,0,-1,-1,3,3,1,2021,25.0,1,2,0,1,2,1,1,,4,GAMBETTA (BOULEVARD),0,,2,2,0,1,0,0,1,, -1,1,0,1,50,6,10,2021,16:26,1,2,2738,2,1,0,6,GAMBETTA (BOULEVARD),49.653784,3.291868,16,2,1
202100036133,137Â 095,A01,1,1,1,0,2,6,-1,0,0,-1,2021,67.0,1,6,15,0,1,0,1,,3,125,0,D,2,2,0,1,2,670,1,,"5,6",2,0,3,70,6,6,2021,10:00,1,79,79216,1,1,1,6,Blanzay,46.282487,-0.345,10,1,1
202100005980,191Â 109,B01,1,1,2,5,8,0,-1,-1, -1,-1,2021,27.0,0,2,0,2,4,1,1,,4,ROLAND DORGELES (BOULEVARD),0,,2,4,0,1,0,0,1,, -1,1,0,1,50,26,11,2021,12:35,1,13,13214,2,1,0,2,ROLAND DORGELES (BOULEVARD),43.3475445327,5.3779099717,12,2,2
202100010688,182Â 615,B01,1,1,2,0,8,0,-1,-1, -1,-1,2021,51.0,1,2,0,2,1,1,1,,4,ABBE HAUSTETE (RUE),0,,2,2,0,2,(1),(1),1,, -1,1,0,1,50,18,10,2021,17:16,1,88,88209,2,3,0,3,ABBE HAUSTETE (RUE),48.19755,6.43762,17,2,2
202100028937,150Â 005,A01,1,1,2,0,1,-1,-1,0,0,-1,2021,23.0,1,2,0,0,8,19,1,,3,D22,-1,,2,2,0,1,5,290,1,, -1,1,5,1,70,15,7,2021,20:20,1,33,33100,1,2,0,3,Lieu Dit la Pistolette,45.140974,-0.597411,20,3,2
202100010368,183Â 176,A01,1,1,1,3,1,0,-1,-1, -1,-1,2021,53.0,3,2,0,2,8,16,1,,4,PAIX (AVENUE DE LA),0,,2,1,0,1,0,0,1,, -1,2,0,1,50,29,10,2021,14:05,1,93,93071,2,2,1,3,PAIX (AVENUE DE LA),48.9390356505,2.5148505972,14,2,2
202100012308,179Â 733,A01,1,1,2,5,1,-1,-1,0,0,-1,2021,43.0,2,2,2,0,3,13,1,,3,35,0,,2,2,0,1,25,995,1,, -1,1,0,1,80,11,10,2021,10:35,1,31,31033,1,1,0,6,D35,43.361639,1.476181,10,1,1
202100055850,102Â 047,A01,2,2,1,4,8,0,-1,-1, -1,-1,2021,53.0,3,5,1,0,7,16,1,,4,PASCAL (RUE),0,,2,2,0,1,0,0,1,, -1,1,0,1,10,8,1,2021,13:55,1,93,93027,2,1,0,3,PASCAL (RUE),48.927265932,2.4021194347,13,3,2
202100045234,120Â 868,A01,10,3,1,0,0,-1,-1,4,3,1,2021,82.0,1,2,0,1,1,1,1,,4,LOUIS BONNEFON (PLACE),0,,2,4,0,1,(1),(1),1,, -1,1,0,1,50,30,3,2021,11:15,1,13,13208,2,1,0,6,LOUIS BONNEFON (PLACE),43.2542129676,5.3824156523,11,2,1
202100037145,135Â 291,A01,2,2,1,0,1,0,-1,-1, -1,-1,2021,31.0,2,2,0,2,4,23,1,,2,118,0,,1,2,0,1,4,400,1,, -1,1,0,1,110,31,5,2021,17:55,1,91,91064,1,1,0,4,RN 118,48.74655,2.19627,17,5,4
202100028093,151Â 490,A01,1,1,1,1,2,6,-1,-1, -1,-1,2021,41.0,1,1,0,2,1,1,1,,4,TONY GARNIER                        (AV),0,,2,5,3,1,(1),(1),1,, -1,1,0,1,50,19,7,2021,09:15,1,69,69387,2,1,0,3,TONY GARNIER                        (AV),45.7264698155,4.8290008307,9,2,2
202100029006,149Â 885,A01,2,2,1,5,1,-1,-1,0,0,-1,2021,32.0,2,2,14,0,3,0,1,,3,66,0,,-1,2,0,1,40,800,3,, -1,2,0,4,50,15,7,2021,03:00,3,1,1105,1,6,1,6,D66,45.9049250762,4.8796411212,3,2,1