Num_Acc,id_vehicule,num_veh,place,catu,sexe,trajet,secu1,secu2,secu3,locp,actp,etatp,year_acc,victim_age,senc,catv,obs,obsm,choc,manv,motor,occutc,catr,voie,v1,v2,circ,nbv,vosp,prof,pr,pr1,plan,lartpc,larrout,surf,infra,situ,vma,jour,mois,an,hrmn,lum,dep,com,agg_,int,atm,col,adr,lat,long,hour,nb_victim,nb_vehicules
202100030942,146Â 446,A01,10,3,2,3,0,-1,-1,2,3,1,2021,65.0,1,1,0,1,1,1,1,,3,20,0,A,2,2,0,1,2,885,1,, -1,1,0,1,50,5,7,2021,18:45,1,1,1202,2,1,0,6,32 Route du Port,45.90098,5.347426,18,2,1
202100034330,140Â 370,A01,3,2,1,5,1,8,-1,-1, -1,-1,2021,19.0,2,2,0,2,2,16,1,,3,1,0,,1,1,0,1,0,0,3,, -1,1,0,1,50,13,6,2021,22:42,5,92,92051,2,5,0,2,GENERAL LECLERC (BOULEVARD DU NÂ° 29 A 65,48.8934460707,2.267614603,22,5,2
202100008647,186Â 291,B01,1,1,2,0,1,-1,-1,0,0,-1,2021,31.0,2,2,0,2,3,0,1,,3,109,0,D,2,1,0,1,6,740,3,, -1,1,0,1,80,11,11,2021,13:10,1,30,30160,1,1,0,1,D109,43.9983,4.1248,13,2,2
202100009984,183Â 855,A01,10,3,1,5,0,-1,-1,1,5,2,2021,10.0,0,2,0,1,8,1,1,,6,M39,-1,,-1,-1,0,1,(1),(1),1,, -1,1,0,8,30,24,10,2021,01:30,3,59,59477,2,1,0,6,Rue Jules Guesde,50.512192,2.906592,1,2,1
202100000960,200Â 035,A01,10,3,2,5,0,-1,-1,5,9,1,2021,18.0,0,2,0,1,1,25,1,,4,FARCIENNES AVENUE DE,0,,2,2,0,1,(1),(1),1,, -1,1,0,4,50,30,11,2021,19:40,5,30,30032,2,1,0,6,FARCIENNES AVENUE DE,43.8121,4.63036,19,2,1
202100042078,126Â 412,A01,2,2,1,1,2,6,-1,-1, -1,-1,2021,37.0,1,1,0,0,4,1,1,,3,908,0,,2,4,3,1,0,0,1,, -1,1,0,6,50,29,4,2021,22:35,5,92,92026,2,1,0,7,VERDUN (DE 62 A FIN),48.900257,2.260951,22,2,1
202100055792,102Â 139,B01,1,1,1,2,2,6,-1,-1, -1,-1,2021,19.0,1,1,0,2,1,1,1,,4,,0,,2,2,0,1,(1),(1),1,, -1,1,0,1,50,7,1,2021,07:50,2,44,44184,2,2,0,1,VILLE HALLUARD (RUE DE LA),47.28453,-2.20331,7,2,2
202100006651,189Â 899,B01,1,1,2,9,8,0,-1,-1, -1,-1,2021,24.0,1,2,0,2,4,1,1,,4,HAUTE CHAINE PORTE,0,,2,3,0,1,1,0,1,, -1,1,0,1,50,18,11,2021,21:43,3,49,49007,2,1,0,2,HAUTE CHAINE PORTE,47.47806,-0.55505,21,2,2
202100001510,199Â 095,A01,10,3,1,0,0,-1,-1,1,3,1,2021,8.0,2,2,0,1,2,1,1,,4,ALLENDE (AVENUE SALVADOR),0,,-1,4,0,1,0,0,1,, -1,2,5,1,50,24,12,2021,21:10,5,93,93031,2,1,1,6,ALLENDE (AVENUE SALVADOR),48.9561095866,2.3085474378,21,2,1
202100049815,112Â 707,A01,2,2,1,5,1,-1,-1,0,0,-1,2021,26.0,2,2,2,0,8,1,1,,3,11,-1,,3,2,0,2,15,450,1,, -1,1,0,3,70,28,2,2021,18:15,1,87,87081,1,1,0,6,barbeseche,45.736036,1.200578,18,2,1
202100041491,127Â 442,B01,1,1,1,0,2,8,-1,-1, -1,-1,2021,47.0,1,1,0,2,1,1,1,,4,cavani-Briquetterie ( rue de la ),0,,2,1,0,2,0,0,1,, -1,1,0,1,50,3,5,2021,15:35,1,976,97611,2,3,0,3,Boulevard Younoussa Bamana,-12.78256,45.22355,15,2,2
202100042578,125Â 517,A01,1,1,1,0,1,0,-1,-1, -1,-1,2021,49.0,1,2,0,2,1,0,1,,3,RTE D'EGLY,0,,1,1,0,4,0,0,1,, -1,1,0,1,50,25,4,2021,16:13,1,91,91021,2,1,0,2,RTE D'EGLY,48.58526,2.240773,16,3,2
202100027778,152Â 061,A01,4,2,1,0,8,0,-1,-1, -1,-1,2021,21.0,3,2,9,0,1,1,0,,3,WILSON (AVENUE DU PRESIDENT),0,,3,4,0,1,0,1,1,, -1,1,0,1,50,20,7,2021,04:40,5,93,93066,2,2,0,6,Avenue du PrÃ©sident Wilson / Rue du Landy,48.915457,2.357734,4,4,1
202100034631,139Â 811,A01,10,3,2,0,0,-1,-1,4,3,1,2021,26.0,2,2,0,1,1,1,2,,3,992,0,,3,6,0,1,0,0,1,, -1,1,5,1,50,12,6,2021,23:30,5,92,92035,2,2,0,6,National ( boulevard ),48.9068493956,2.2387862206,23,2,1
202100028424,150Â 909,A01,1,1,1,5,2,-1,-1,0,0,-1,2021,20.0,0,1,12,0,7,1,1,,4,0,-1,,2,2,0,1,(1),(1),3,, -1,1,0,1,50,18,7,2021,17:20,1,27,27016,2,1,0,7,4 Rue de l Ecole,49.222524,1.417502,17,1,1
202100035235,138Â 723,A01,10,3,2,0,0,-1,-1,1,3,2,2021,64.0,2,2,0,1,2,1,1,,3,15EME CORPS (AVE DU),0,,2,1,0,1,28,800,1,, -1,1,0,1,50,10,6,2021,16:45,1,83,83137,2,1,0,6,15EME CORPS (AVE DU),43.12814,5.90846,16,2,1
202100005478,191Â 997,A01,10,3,2,3,0,-1,-1,9,9,1,2021,15.0,2,2,0,2,7,19,1,,4,Pont de BLANCHARD,0,,4,4,0,4,(1),(1),1,, -1,1,0,1,50,28,11,2021,14:20,1,971,97113,2,2,0,6,Pont de BLANCHARD,16.2235350108,-61.5236050772,14,2,1
202100003241,195Â 973,A01,1,1,1,0,1,5,-1,-1, -1,-1,2021,22.0,1,2,2,0,9,0,1,,3,D301,0,,2,2,0,1,7,506,1,, -1,1,0,3,90,11,12,2021,08:00,3,77,77186,1,3,0,6,D301,48.36963,2.72157,8,1,1
202100007320,188Â 666,A01,10,3,2,5,0,-1,-1,3,3,1,2021,69.0,1,2,0,1,1,9,1,,9,CESSOLE (BD DE) (A PARTIR DU 101-114),0,,2,2,0,2,(1),(1),1,, -1,1,0,8,50,18,11,2021,07:52,1,6,6088,2,1,0,7,CESSOLE (BD DE) (A PARTIR DU 101-114),43.720629,7.251473,7,2,1
202100030461,147Â 323,B01,1,1,1,0,2,-1,-1,0,0,-1,2021,50.0,2,1,0,2,1,1,1,,3,19,-1,,2,2,0,1,17,300,1,, -1,1,0,1,80,7,7,2021,11:25,1,11,11355,1,3,0,3,D19,43.091756,2.210899,11,2,2
202100037747,134Â 198,A01,1,1,1,1,2,6,-1,-1, -1,-1,2021,33.0,2,1,0,2,2,3,1,,3,RTE D ORLEANS,0,,1,2,0,1,0,0,1,, -1,1,0,1,50,28,5,2021,19:26,1,91,91425,1,1,0,5,RTE D ORLEANS RN 20,48.64,2.27,19,3,3
202100049996,112Â 377,A01,1,1,1,0,1,8,-1,-1, -1,-1,2021,22.0,2,2,0,2,3,13,1,,3,D606,0,,2,2,0,1,30,250,1,, -1,1,2,1,80,15,2,2021,13:45,1,89,89236,1,1,0,5,D606,48.17976,3.30011,13,3,3
202100023470,159Â 671,A01,1,1,1,5,2,0,-1,-1, -1,-1,2021,30.0,1,1,0,2,1,1,1,,3,992,0,,1,3,0,1,0,0,1,, -1,1,0,1,50,18,8,2021,10:20,1,92,92025,2,2,0,3,CHARLES DE GAULLE (BD),48.914542,2.229174,10,3,2
202100044268,122Â 539,B01,1,1,2,5,1,-1,-1,-1, -1,-1,2021,56.0,0,2,0,2,5,1,1,,4,DIEU LUMIERE (BOULEVARD) COTE IMPAIR,0,,2,3,0,2,(1),(1),3,, -1,1,0,1,50,12,4,2021,18:11,1,51,51454,2,3,0,2,Boulevard Dieu LumiÃ¨re,49.2395534234,4.0384291489,18,2,2
202100008447,186Â 640,A01,1,1,1,0,1,-1,-1,-1, -1,-1,2021,67.0,2,2,1,2,1,1,1,,7,,0,,2,2,0,1,11,20,1,, -1,2,9,1,50,10,11,2021,18:50,3,83,83069,1,9,1,2,TOULON RD 554 (ROUTE DE),43.1259,6.0924,18,2,2
202100042190,126Â 210,A01,1,1,1,1,2,6,-1,-1, -1,-1,2021,56.0,1,1,0,2,2,16,1,,1,Rond Point Cazaux henri,0,,1,2,0,1,0,28,2,, -1,2,0,1,50,27,4,2021,03:45,5,31,31555,2,9,0,3,Rond Point Cazaux henri,43.62407,1.41933,3,2,2
202100046519,118Â 633,A01,10,3,2,0,0,-1,-1,2,9,1,2021,21.0,1,5,0,1,4,20,1,,4,PHALSBOURG (RUE DE),0,,1,1,2,1,(1),(1),1,, -1,1,-1,1,30,26,3,2021,08:10,1,54,54395,2,1,0,6,PHALSBOURG (RUE DE),48.6834,6.18133,8,2,1
202100021968,162Â 362,A01,1,1,1,5,0,-1,-1,0,0,-1,2021,34.0,3,2,13,0,9,14,1,,3,834,-1,,2,2,0,1,(1),(1),1,, -1,1,0,3,80,29,8,2021,21:00,2,40,40200,1,1,0,7,Route de Mont de Marsan,44.346467,-0.771376,21,1,1
202100024274,158Â 281,A01,10,3,1,0,0,-1,-1,4,3,1,2021,24.0,0,5,0,2,1,26,1,,4,DALBY ( BD ERNEST ),0,,2,2,0,1,(1),0,1,, -1,1,0,1,30,14,8,2021,00:30,5,44,44109,2,2,0,3,DALBY ( BD ERNEST ),47.22505,-1.52948,0,5,2
202100015406,174Â 166,A01,1,1,1,5,2,6,-1,0,0,-1,2021,27.0,2,1,0,2,1,1,1,,3,86,0,,2,2,0,1,(1),(1),1,, -1,1,0,1,70,26,6,2021,12:40,1,87,87154,2,2,0,1,"place de perissat, codille",45.877842,0.884485,12,2,2
202100013170,178Â 206,B01,1,1,1,2,0,-1,-1,0,0,-1,2021,13.0,1,1,0,2,7,19,5,,3,,-1,,1,2,0,1,62,400,2,,4,1,5,1,50,15,10,2021,08:00,2,85,85047,2,6,0,1,Boulevard Jean XXIII,46.839623,-1.865445,8,2,2
202100022057,162Â 203,A01,2,2,1,0,1,0,-1,-1, -1,-1,2021,41.0,1,2,0,2,1,14,1,,1,AUTOROUTE A1,0,,1,3,0,1,4,0,1,, -1,1,0,1,90,27,8,2021,11:20,1,972,97213,1,1,0,4,AUTOROUTE A1,14.61548,-61.01395,11,4,3
202100040553,129Â 124,B01,1,1,1,4,1,-1,-1,0,0,-1,2021,55.0,1,4,0,2,2,23,1,,3,26,0,,2,2,0,2,1,319,4,, -1,1,0,3,80,10,5,2021,10:30,1,76,76618,1,1,0,3,D26,49.951116,1.244443,10,2,2
202100044571,122Â 047,RA01,1,1,1,0,2,0,-1,-1, -1,-1,2021,45.0,2,1,8,0,1,26,1,,4,FOUCAULT JEAN (AV),0,,2,2,1,1,(1),(1),1,, -1,1,0,5,50,6,4,2021,10:10,1,34,34032,2,1,0,6,FOUCAULT JEAN (AV),43.3317,3.25638,10,1,1
202100054133,104Â 985,A01,1,1,2,5,1,-1,-1,0,0,-1,2021,19.0,2,2,5,0,1,16,1,,3,1016,0,D,2,2,0,2,31,30,2,, -1,2,3,1,50,23,1,2021,15:35,1,60,60106,1,9,1,6,DÃ©partementale 1016,49.3803208969,2.436097335,15,1,1
202100041808,126Â 878,A01,10,3,1,9,0,-1,-1,4,3,1,2021,49.0,1,1,0,1,1,1,1,,4,QUAI DE L HOTEL DE VILLE,0,,2,2,2,1,(1),(1),1,, -1,1,0,1,50,30,4,2021,17:00,1,75,75104,2,2,0,6,QUAI DE L HOTEL DE VILLE,48.855309,2.352727,17,2,1
202100004664,193Â 440,B01,6,2,1,5,1,0,-1,-1, -1,-1,2021,25.0,1,1,0,2,1,17,1,,2,tsoundzou-Kadjifouni ( rue ),0,,-1,2,0,1,0,0,2,, -1,1,0,3,50,3,12,2021,15:35,1,976,97611,2,1,0,3,tsoundzou-Kadjifouni ( rue ),-12.80489,45.21054,15,3,2
202100023377,159Â 833,A01,1,1,1,0,2,-1,-1,0,0,-1,2021,25.0,1,1,0,2,3,1,1,,3,974,-1,D,2,2,0,1,(1),(1),1,, -1,1,0,1,50,20,8,2021,21:20,5,54,54043,2,1,0,3,2 Rue Jacques Callot,48.596549683,6.1035758265,21,2,2
202100033105,142Â 574,A01,1,1,1,0,2,-1,-1,0,0,-1,2021,20.0,2,1,0,0,7,1,1,,3,859,0,D,2,2,0,1,4,200,1,, -1,1,0,3,80,13,6,2021,08:50,1,49,49127,1,1,0,7,Bois Vineau,47.67647,-0.297275,8,1,1
202100003927,194Â 734,B01,1,1,2,1,2,-1,-1,-1, -1,-1,2021,34.0,2,1,0,2,3,3,1,,2,ROUTE NATIONALE 230,0,,3,6,0,1,39,229,1,, -1,2,0,1,90,9,12,2021,07:00,3,33,33167,1,1,0,4,ROUTE NATIONALE 230,44.84094,-0.50151,7,3,3
202100040293,129Â 578,B01,1,1,1,0,1,0,-1,-1, -1,-1,2021,61.0,1,2,0,2,4,2,1,,1,AUTOROUTE A86,0,,3,7,0,1,22,0,1,, -1,1,1,1,90,12,5,2021,11:50,1,93,93008,1,1,0,4,AUTOROUTE A86,48.90864,2.44954,11,3,3
202100015208,174Â 517,A01,1,1,1,0,1,0,-1,-1, -1,-1,2021,35.0,1,2,0,0,1,2,1,,1,AUTOROUTE A86,0,,1,3,0,1,18,299,1,, -1,2,0,1,70,5,10,2021,21:30,3,93,93027,1,1,1,7,AUTOROUTE A86,48.928469859,2.4132638547,21,1,1
202100015173,174Â 587,A01,1,1,1,5,2,6,9,0,0,-1,2021,53.0,3,1,16,0,7,1,1,,4,1,-1,C,2,2,0,2,(1),(1),2,, -1,1,0,3,80,6,10,2021,14:10,1,4,4081,1,1,0,7,Rte de Quisson,43.731323,5.995027,14,1,1
202100010100,183Â 651,A01,1,1,1,0,1,-1,-1,0,0,-1,2021,71.0,1,2,0,2,2,17,1,,3,207,-1,D,2,2,0,1,14,200,1,, -1,1,0,1,80,28,10,2021,12:00,1,67,67266,1,1,0,2,D207,48.463624,7.651312,12,2,2
202100003210,196Â 034,A01,10,3,2,5,0,-1,-1,3,3,2,2021,69.0,1,5,0,1,2,1,1,,3,117,-1,D,2,2,0,1,13,700,1,, -1,1,0,8,50,14,12,2021,16:30,1,9,9160,2,1,0,6,17 Avenue LÃ©on Blum,42.927756,1.841487,16,2,1
202100051944,108Â 857,B01,1,1,2,9,1,0,-1,-1, -1,-1,2021,47.0,0,2,0,0,4,0,1,,3,985,0,,1,3,0,1,1000,0,1,, -1,5,0,1,50,10,2,2021,07:20,2,92,92073,2,1,1,2,SELLIER (BOULEVARD HENRI),48.86808,2.22478,7,2,2
202100053937,105Â 338,A01,10,3,2,1,0,-1,-1,4,3,1,2021,64.0,1,1,0,1,1,2,1,,3,ALFRED ANATOLE THEVENET (AVENUE),0,,2,2,0,1,43,1250,1,, -1,2,6,8,50,22,1,2021,08:25,5,51,51663,2,1,1,7,Avenue Alfred Anatole Thevenet,49.0519790597,3.9650127132,8,2,1
202100052217,108Â 371,B01,2,2,2,5,2,6,-1,0,0,-1,2021,37.0,2,1,0,2,8,1,1,,4,GOURVILY AVENUE DE,0,,2,2,0,1,(1),(1),1,, -1,1,0,1,50,6,2,2021,14:35,1,29,29232,2,3,0,3,Avenue de Gourvily,48.01539,-4.08573,14,4,2
202100051727,109Â 231,A01,10,3,1,0,0,-1,-1,2,3,1,2021,52.0,2,2,0,1,3,1,1,,3,ARISTIDE BRIAND AVENUE,0,,2,2,0,1,0,1,1,, -1,1,0,1,50,11,2,2021,21:26,5,93,93046,2,1,0,6,ARISTIDE BRIAND AVENUE,48.91069,2.51298,21,2,1
202100016131,172Â 808,B01,1,1,1,5,8,0,-1,-1, -1,-1,2021,55.0,1,1,0,2,1,1,5,,4,FRANCE LIBRE (BOULEVARD DE LA),0,,2,2,0,1,0,0,1,, -1,1,0,1,50,28,9,2021,20:10,3,66,66136,2,6,0,3,FRANCE LIBRE (BOULEVARD DE LA),42.70543,2.90185,20,2,2
202100026216,154Â 841,A01,2,2,1,9,1,-1,-1,0,0,-1,2021,43.0,1,2,13,0,1,1,1,,1,11,0,A,3,3,3,2,134,500,1,,14,1,0,3,130,31,7,2021,06:45,1,72,72080,1,1,0,7,Pk 134+500,48.135306,0.641069,6,4,1
202100006465,190Â 241,B01,1,1,1,4,1,8,-1,0,0,-1,2021,29.0,2,2,0,2,1,1,1,,4,QUAI DE JEMMAPES,0,,1,2,0,1,(1),(1),1,, -1,1,0,1,30,24,11,2021,11:30,1,75,75110,2,2,0,3,QUAI DE JEMMAPES,48.8688,2.367631,11,2,2
202100002555,197Â 214,B01,1,1,2,0,2,0,-1,0,0,-1,2021,52.0,1,1,0,2,1,2,1,,1,AUTOROUTE A22,0,,-1,3,0,1,11,899,1,, -1,1,0,1,90,16,12,2021,18:56,3,59,59378,1,1,0,2,AUTOROUTE A22,50.6638982571,3.1123924255,18,2,2
202100034035,140Â 924,A01,1,1,1,0,8,0,-1,-1, -1,-1,2021,27.0,1,1,0,2,8,2,5,,4,GAMBETTA (RUE) NÂ° IMP 63 A 147,0,,1,0,0,1,0,0,3,, -1,1,0,1,50,15,6,2021,18:45,1,72,72181,2,1,0,3,GAMBETTA (RUE) NÂ° IMP 63 A 147,48.00724,0.18922,18,2,2
202100027462,152Â 641,A01,1,1,1,5,2,6,9,0,0,-1,2021,49.0,2,1,13,0,7,1,1,,3,906,0,D,2,2,0,1,6,300,3,, -1,1,0,1,90,24,7,2021,11:30,1,48,48198,1,1,0,6,RD 906 48800,44.451045,3.931904,11,2,2
202100039445,131Â 098,A01,1,1,1,0,2,0,-1,0,0,-1,2021,32.0,1,1,0,2,1,1,1,,4,SAURUPT (IMPASSE ET RUE),0,,2,2,0,1,(1),(1),1,, -1,1,0,1,50,17,5,2021,12:40,1,54,54395,2,2,0,3,SAURUPT (IMPASSE ET RUE),48.6790262689,6.1851446301,12,2,2
202100046093,119Â 365,A01,1,1,2,9,1,-1,-1,-1, -1,-1,2021,54.0,2,2,8,0,2,1,3,,4,AUBRY (RUE ROGER),0,,2,2,0,1,(1),(1),2,, -1,1,0,3,50,29,3,2021,13:25,1,51,51454,2,1,1,7,Rue Roger Aubry,49.2276447418,4.0246619735,13,1,1
202100054168,104Â 924,A01,1,1,2,1,1,-1,-1,0,0,-1,2021,21.0,1,2,0,0,4,23,1,,3,,-1,,2,2,0,1,14,730,1,, -1,1,0,1,50,22,1,2021,14:10,1,62,62865,2,1,0,2,25 Rue de la Grande Chapelle,50.330323,2.980379,14,2,2
202100020942,164Â 228,B01,1,1,1,0,0,-1,-1,0,0,-1,2021,61.0,3,1,0,2,0,1,6,,4,,-1,,2,2,0,1,(1),(1),1,,4,1,0,1,50,1,9,2021,18:20,1,30,30133,2,6,0,1,Rue de l Altier,43.519684,4.131871,18,2,2
202100038464,132Â 893,B01,1,1,1,0,2,-1,-1,0,0,-1,2021,65.0,1,1,0,2,1,1,1,,3,112,0,D,2,2,0,1,22,600,1,, -1,1,0,1,70,25,5,2021,16:30,1,34,34240,1,2,0,3,Route Departementale 112,43.642788,3.989964,16,2,2
202100022512,161Â 389,A01,1,1,1,0,2,-1,-1,0,0,-1,2021,40.0,2,1,12,0,0,14,1,,3,909,0,,2,2,0,1,6,800,1,, -1,1,0,4,80,26,8,2021,22:10,3,63,63352,1,1,0,6,D909,45.475484,3.236101,22,1,1
202100008276,186Â 919,B01,2,2,2,0,8,0,-1,-1, -1,-1,2021,16.0,1,2,0,2,4,12,1,,2,13,0,,1,3,0,1,0,0,1,, -1,1,0,1,50,13,11,2021,01:03,5,92,92051,2,1,0,2,"CHARLES DE GAULLE (AVENUE,NÂ°118 A 192 +",48.88189,2.26872,1,5,2
202100033285,142Â 272,D01,1,1,2,5,1,8,-1,-1, -1,-1,2021,28.0,2,2,0,2,4,23,1,,7,35,0,,1,4,0,1,301,700,1,, -1,1,0,1,90,15,6,2021,16:45,1,67,67482,1,1,0,5,M35,48.58858,7.72994,16,5,5
202100006890,189Â 456,B01,1,1,2,1,1,-1,-1,-1, -1,-1,2021,24.0,2,2,0,2,8,1,1,,2,ROUTE NATIONALE 230,0,,3,6,0,2,39,319,2,, -1,1,3,1,90,22,11,2021,09:40,1,33,33167,1,1,0,3,ROUTE NATIONALE 230,44.8413,-0.50176,9,2,2
202100013305,177Â 960,A01,1,1,1,9,8,0,-1,0,0,-1,2021,47.0,1,1,0,2,7,1,5,,4,BOULEVARD MURAT,0,,1,1,1,1,(1),(1),1,, -1,1,-1,5,50,14,10,2021,11:30,1,75,75116,2,3,0,3,BOULEVARD MURAT,48.837202,2.259601,11,2,2
202100018106,169Â 254,A01,10,3,1,5,0,-1,-1,2,3,1,2021,84.0,2,2,14,1,2,1,1,,4,AVE DE LA LIBERATION,0,,1,1,0,1,(1),(1),1,, -1,1,4,1,30,23,4,2021,10:51,1,33,33249,2,3,0,6,Avenue de la LibÃ©ration,44.868874,-0.522359,10,2,1
202100045734,120Â 004,B01,1,1,1,1,2,0,-1,-1, -1,-1,2021,25.0,2,1,0,2,0,19,1,,3,BD ARISTIDE BRIAND,0,,2,2,0,1,0,0,1,, -1,1,0,1,50,31,3,2021,07:40,1,91,91589,2,6,0,3,RUE DE CHAMPAGNE,48.68797,2.35781,7,2,2
202100054160,104Â 936,A01,10,3,2,9,0,-1,-1,2,3,1,2021,12.0,1,2,0,1,3,1,1,,3,27,0,D,-1,2,0,1,17,0,1,, -1,1,6,1,50,18,1,2021,08:15,2,91,91546,2,1,0,6,rue du pont ruÃ©,48.56766,2.032064,8,2,1
202100052512,107Â 854,B01,1,1,1,9,1,8,-1,-1, -1,-1,2021,31.0,2,2,0,2,8,1,1,,4,RABAN (ROUTE DE),0,,2,2,0,1,(1),(1),1,, -1,1,9,1,50,4,2,2021,19:20,4,973,97302,2,9,0,2,RABAN (ROUTE DE),4.92612,-52.31362,19,2,2
202100029545,148Â 983,A01,1,1,1,5,2,0,-1,-1, -1,-1,2021,18.0,2,1,0,2,1,26,1,,2,RN7   5.180 A 10.000,0,,2,6,0,1,6,15,1,, -1,1,0,1,50,4,7,2021,00:30,5,38,38544,2,7,0,3,RN7   5.180 A 10.000,45.52694,4.87295,0,3,2
202100003642,195Â 241,B01,1,1,1,5,1,0,-1,-1, -1,-1,2021,37.0,2,2,0,2,4,2,1,,3,HAGUE (BOULEVARD DE LA),0,,2,2,1,1,(1),(1),1,, -1,2,5,1,50,4,12,2021,18:05,5,50,50129,2,2,1,2,HAGUE (BOULEVARD DE LA),49.66741,-1.69686,18,3,2
202100044153,122Â 751,C01,1,1,1,1,2,6,-1,-1, -1,-1,2021,31.0,2,1,0,2,4,2,1,,7,SCHLOESING (BOULEVARD),0,,2,6,0,1,0,100,1,, -1,1,0,1,50,13,4,2021,20:00,2,13,13210,2,1,0,5,SCHLOESING (BOULEVARD),43.2767970813,5.3993208174,20,4,4
202100055304,102Â 971,A01,10,3,2,3,0,-1,-1,8,1,1,2021,69.0,3,2,0,1,2,15,1,,6,,0,,-1,-1,0,1,(1),(1),1,, -1,1,9,1,-1,11,1,2021,16:01,1,54,54431,2,1,0,6,parking intermarchÃ©,48.9093,6.04095,16,3,1
202100025984,155Â 234,B01,1,1,1,0,1,-1,-1,-1, -1,-1,2021,31.0,3,2,0,2,4,2,1,,4,BD JOLIOT-CURIE,0,,3,6,2,3,(1),(1),1,, -1,1,2,1,50,1,8,2021,17:00,1,33,33063,2,1,0,4,Boulevard Joliot-Curie,44.83456,-0.55195,17,8,4
202100011974,180Â 315,B01,1,1,2,9,1,0,-1,-1, -1,-1,2021,50.0,1,2,1,2,3,1,1,,4,FOUR A CHAUX (CHEMIN DU),0,,1,1,0,1,4,0,1,, -1,1,0,1,30,20,10,2021,14:25,1,972,97213,2,1,0,6,FOUR A CHAUX (CHEMIN DU),14.612695,-61.002872,14,4,3
202100027320,152Â 889,A01,2,2,2,0,8,0,-1,-1, -1,-1,2021,36.0,1,2,0,2,3,1,1,,4,LAUDE E(RUE),0,,2,1,0,1,0,0,1,, -1,1,0,1,50,23,7,2021,11:00,1,974,97407,2,1,0,5,LAUDE E(RUE),-20.93811,55.29998,11,5,2
202100011583,181Â 020,A01,10,3,2,5,0,-1,-1,2,3,1,2021,42.0,0,2,0,1,1,15,1,,4,ITALIE (RUE),0,,2,2,0,1,(1),(1),1,, -1,2,0,1,50,21,10,2021,07:30,2,51,51454,2,2,1,7,Rue dâItalie,49.266,4.05282,7,2,1
202100035106,138Â 950,A01,1,1,1,5,2,-1,-1,0,0,-1,2021,21.0,2,1,8,0,1,1,1,,4,,-1,,2,2,0,1,(1),(1),1,,4,1,0,3,50,12,6,2021,00:20,5,76,76624,2,3,0,6,Rue d Arques,49.881625,1.211318,0,1,1
202100015624,173Â 744,B01,1,1,1,5,2,6,-1,-1, -1,-1,2021,50.0,1,1,0,2,7,2,1,,7,PETITE RTE DES MILLES (RTE),0,,2,2,0,1,0,0,1,, -1,1,0,1,70,1,10,2021,10:00,1,13,13001,1,9,0,3,PETITE RTE DES MILLES (RTE),43.51022,5.39574,10,2,2
202100003567,195Â 374,A01,2,2,2,0,1,0,-1,0,0,-1,2021,94.0,1,2,8,0,2,0,1,,4,MADAME MERE BD,0,,2,2,0,2,(1),(1),1,, -1,1,0,1,30,9,12,2021,17:10,2,201,201004,2,1,0,6,MADAME MERE BD,41.91557,8.72413,17,2,1
202100023228,160Â 097,B01,9,2,1,5,1,-1,-1,0,0,-1,2021,6.0,1,2,0,0,4,2,1,,3,621,-1,,2,3,0,1,(1),(1),1,, -1,1,0,1,90,22,8,2021,00:30,3,59,59228,1,1,0,2,D621,50.338805,3.084176,0,5,2
202100044603,121Â 991,A01,1,1,1,9,2,6,-1,-1, -1,-1,2021,44.0,1,1,0,2,1,1,1,,4,R ARISTIDE BRIAND ,0,,2,2,0,1,1,0,1,, -1,1,0,1,50,9,4,2021,16:50,1,94,94019,2,1,0,1,Rue Aristide Briand,48.79804,2.53372,16,2,2
202100023350,159Â 875,A01,2,2,2,5,0,-1,-1,0,0,-1,2021,18.0,1,2,0,0,9,1,1,,3,D41,-1,,2,2,0,2,2,139,3,, -1,1,0,1,80,21,8,2021,03:20,3,1,1034,1,1,0,7,Route de Saint Germain,45.757568,5.665019,3,4,1
202100033293,142Â 256,B01,2,2,2,5,1,0,-1,-1, -1,-1,2021,57.0,2,2,0,2,6,1,1,,2,RN104,0,,3,3,0,1,20,500,1,, -1,2,0,1,110,20,6,2021,19:10,2,77,77122,1,1,1,6,RN104,48.6552396778,2.615810285,19,3,2
202100014147,176Â 402,A01,10,3,1,5,0,-1,-1,3,3,2,2021,3.0,3,2,0,1,5,26,1,,4,POUVREAU(AVENUE MARCEL),0,,2,2,0,1,0,1,1,, -1,1,0,1,30,9,10,2021,16:50,1,77,77152,2,1,0,3,POUVREAU(AVENUE MARCEL),48.519947,2.636761,16,2,1
202100052696,107Â 535,A01,1,1,1,1,0,0,-1,-1, -1,-1,2021,23.0,2,1,0,2,1,1,5,,4,VICTOIRE (AV DE LA),0,,2,2,0,1,0,1,1,, -1,2,0,1,50,3,2,2021,06:10,5,94,94054,2,2,1,3,Avenue de la Victoire,48.74514,2.38895,6,2,2
202100050203,111Â 976,A01,10,3,1,0,0,-1,-1,2,1,1,2021,62.0,3,2,0,1,2,1,1,,4,DIOULOUFET JOSEPH (RUE),0,,2,2,0,4,0,0,1,, -1,1,0,1,50,25,2,2021,06:39,5,13,13001,2,1,0,6,DIOULOUFET JOSEPH (RUE),43.5288838629,5.4176920449,6,2,1