Num_Acc,id_vehicule,num_veh,place,catu,sexe,trajet,secu1,secu2,secu3,locp,actp,etatp,year_acc,victim_age,senc,catv,obs,obsm,choc,manv,motor,occutc,catr,voie,v1,v2,circ,nbv,vosp,prof,pr,pr1,plan,lartpc,larrout,surf,infra,situ,vma,jour,mois,an,hrmn,lum,dep,com,agg_,int,atm,col,adr,lat,long,hour,nb_victim,nb_vehicules
202100044444,122Â 244,A01,1,1,2,0,2,-1,-1,-1, -1,-1,2021,22.0,2,1,0,2,8,1,1,,4,FELIX FAURE                         (AV),0,,2,4,1,1,(1),(1),1,, -1,1,0,1,50,10,4,2021,18:25,1,69,69383,2,2,0,3,FELIX FAURE (AV),45.7531,4.85473,18,2,2
202100052929,107Â 110,B01,1,1,2,3,1,-1,-1,0,0,-1,2021,42.0,1,5,0,2,3,1,1,,3,926,0,,2,2,0,2,9,500,1,, -1,2,0,1,80,2,2,2021,09:15,1,12,12263,1,1,0,1,RD926,44.350457,1.97291,9,2,2
202100048153,115Â 675,A01,10,3,1,3,0,-1,-1,2,3,1,2021,76.0,1,5,0,1,4,20,1,,4,RUE DU MOULIN DE LA POINTE,0,,1,1,1,1,(1),(1),1,, -1,2,0,1,50,13,3,2021,12:10,1,75,75113,2,4,1,6,RUE DU MOULIN DE LA POINTE,48.825077,2.357265,12,2,1
202100016915,171Â 385,B01,1,1,1,0,8,0,-1,0,0,-1,2021,65.0,0,1,0,2,0,19,5,,4,CHINCHON (BOULEVARD DU),0,,1,1,0,1,(1),(1),1,, -1,1,0,1,30,25,9,2021,14:44,1,45,45208,2,6,0,3,Place Victor Hugo,47.99499,2.73244,14,2,2
202100017266,170Â 790,A01,10,3,1,5,0,-1,-1,1,B,3,2021,26.0,2,2,0,1,1,0,1,,3,134,0,,2,2,0,1,47,180,1,, -1,2,0,1,50,26,9,2021,06:30,3,17,17250,2,1,0,6,Rue de la Forge,45.505715,-0.525807,6,4,1
202100003644,195Â 238,A01,10,3,2,9,8,8,-1,4,3,1,2021,45.0,1,2,0,1,1,26,1,,4,POISSONNERIE,0,,2,2,0,1,1,0,1,, -1,2,0,1,50,9,12,2021,21:37,5,49,49007,2,1,1,6,Place MoliÃ¨re,47.47344,-0.55544,21,2,1
202100013540,177Â 523,B01,2,2,2,5,1,0,-1,0,0,-1,2021,59.0,3,2,0,2,4,1,1,,4,EVREUX (PLACE D'),0,,1,1,0,1,(1),(1),2,, -1,1,0,1,50,9,10,2021,11:15,1,27,27681,2,6,0,2,EVREUX (PLACE D'),49.09195,1.48223,11,3,2
202100009097,185Â 446,A01,10,3,2,5,0,-1,-1,4,3,1,2021,68.0,3,5,0,1,1,0,1,,4,BABOTE (SQUARE DE LA),0,,1,2,0,1,(1),(1),1,, -1,1,5,1,50,2,11,2021,16:56,1,34,34172,2,2,0,6,BABOTE (SQUARE DE LA),43.60624,3.87736,16,2,1
202100038688,132Â 482,A01,1,1,2,5,0,-1,-1,0,0,-1,2021,42.0,3,1,0,0,0,1,0,,4,,-1,,-1,2,0,1,(1),(1),1,,4,1,0,1,50,22,5,2021,16:30,1,6,6148,2,1,0,7,Route de Provence,43.71436,7.065357,16,1,1
202100000315,201Â 154,A01,1,1,2,0,1,0,-1,-1, -1,-1,2021,21.0,3,2,15,2,3,19,1,,4,ALTADIS (BD DE L'EUROPE),0,,1,1,0,2,0,0,3,, -1,1,0,1,50,28,3,2021,16:05,1,13,13117,2,3,0,3,ALTADIS (BD DE L'EUROPE),43.4230244821,5.2554774284,16,3,2
202100006902,189Â 435,A01,1,1,1,5,2,6,-1,-1, -1,-1,2021,50.0,1,1,4,2,9,17,1,,2,RN03,0,,1,2,0,2,58,299,1,, -1,1,0,1,110,21,11,2021,12:10,1,974,97416,1,1,0,5,RN03,-21.298,55.507,12,3,3
202100013825,176Â 983,A01,1,1,1,0,2,6,-1,-1, -1,-1,2021,23.0,1,1,0,2,1,2,1,,4,GODILLOT  ( AVENUE ALEXIS ),0,,2,2,0,1,0,0,1,, -1,1,0,1,50,10,10,2021,12:10,1,83,83069,2,2,0,2,GODILLOT  ( AVENUE ALEXIS ),43.1114608128,6.1239981651,12,2,2
202100056312,101Â 244,A01,1,1,2,5,0,-1,-1,0,0,-1,2021,16.0,2,1,0,2,3,25,5,,3,704,-1,D,2,2,0,1,(1),(1),1,, -1,1,0,1,50,4,1,2021,16:40,1,24,24520,2,1,0,3,RD 704,44.87505,1.224686,16,2,2
202100054270,104Â 750,A01,2,2,2,5,1,-1,-1,0,0,-1,2021,49.0,2,2,15,0,3,0,1,,3,28,0,,2,2,0,1,41,245,2,,"6,3",1,0,3,80,17,1,2021,16:15,1,79,79195,1,1,0,6,,46.968291,-0.612659,16,2,1
202100012169,179Â 968,A01,1,1,1,1,2,-1,-1,-1, -1,-1,2021,31.0,2,1,0,2,1,1,0,,4,,0,,2,4,1,2,(1),(1),1,, -1,1,0,5,50,18,10,2021,19:15,2,69,69034,2,1,0,1,BOUCLE (DE LA) (MO),45.7810999747,4.8397806287,19,2,2
202100006293,190Â 545,A01,10,3,2,5,0,-1,-1,3,3,1,2021,75.0,1,2,0,1,2,1,1,,4,BOULEVARD DE PICPUS,0,,1,2,1,1,(1),(1),1,, -1,1,0,1,30,25,11,2021,13:15,1,75,75112,2,1,0,6,BOULEVARD DE PICPUS,48.843719,2.401594,13,2,1
202100036475,136Â 502,A01,1,1,1,9,2,6,-1,0,0,-1,2021,42.0,2,1,0,2,1,2,1,,4,AVENUE DE FRIEDLAND,0,,2,4,3,2,(1),(1),1,, -1,2,0,1,50,4,6,2021,10:10,1,75,75108,2,4,0,2,AVENUE DE FRIEDLAND,48.874239,2.299591,10,2,2
202100038752,132Â 346,A01,1,1,1,5,1,0,-1,0,0,-1,2021,20.0,2,2,0,2,3,15,1,,4,Rue de Charlieu,0,,2,2,0,1,(1),(1),1,, -1,2,0,1,30,22,5,2021,21:08,2,42,42187,2,3,0,1,Rue de Charlieu,46.04875,4.08306,21,2,2
202100044460,122Â 222,B01,1,1,1,9,2,6,-1,-1, -1,-1,2021,53.0,2,1,0,2,7,1,1,,3,RDP RENÃ BOUSCHET,0,,1,1,0,1,2,400,2,, -1,2,5,1,50,10,4,2021,15:10,1,34,34003,2,1,1,3,RDP RENÃ BOUSCHET,43.3111139815,3.4781923837,15,2,2
202100015272,174Â 415,B01,1,1,1,4,8,-1,-1,0,0,-1,2021,51.0,1,4,0,2,3,1,1,,2,79,0,,2,2,0,1,85,500,1,, -1,2,8,1,70,5,10,2021,11:45,1,3,3173,1,1,1,1,"RN 79, pk 85+500",46.455983,3.918557,11,2,2
202100056190,101Â 453,A01,1,1,2,1,1,5,-1,-1, -1,-1,2021,20.0,-1,2,0,2,1,9,1,,3,VOSGES (RUE DES),0,,2,2,0,1,0,1,1,, -1,1,0,1,50,5,1,2021,14:03,1,93,93008,2,3,0,3,VOSGES (RUE DES),48.9129300961,2.4462742313,14,2,2
202100033645,141Â 628,B01,1,1,1,1,2,6,-1,0,0,-1,2021,21.0,1,1,0,2,0,1,1,,4,BOULEVARD HAUSSMANN,0,,2,4,0,1,(1),(1),1,, -1,1,0,1,50,18,6,2021,11:45,1,75,75108,2,1,0,3,BOULEVARD HAUSSMANN,48.874948,2.306851,11,2,2
202100048756,114Â 615,A01,10,3,1,5,0,-1,-1,4,3,1,2021,28.0,2,2,0,1,3,15,1,,3,6015,-1,,2,2,1,1,49,590,1,, -1,1,5,1,50,9,3,2021,08:20,1,76,76758,2,4,0,6,12 Avenue du Marechal Foch,49.61834,0.74691,8,2,1
202100022036,162Â 241,C01,1,1,1,9,1,8,-1,-1, -1,-1,2021,27.0,2,2,0,2,4,1,1,,1,A7-Sens Marseille vers Lyon,0,,1,2,0,2,278,0,2,, -1,1,0,1,70,28,8,2021,07:10,2,13,13215,1,1,0,5,A7-Sens Marseille vers Lyon,43.342477,5.375889,7,4,3
202100023196,160Â 157,A01,1,1,1,9,1,-1,-1,0,0,-1,2021,28.0,1,2,2,0,1,0,1,,1,6,0,,1,5,0,1,42,0,1,, -1,1,0,8,130,22,8,2021,07:10,1,91,91441,1,1,0,6,Autoroute A6 de Paris Ã  Lyon,48.507307,2.510949,7,2,1
202100026862,153Â 706,A01,1,1,1,5,1,0,-1,-1, -1,-1,2021,20.0,1,2,1,0,1,21,1,,3,MINIMES (AV DES),0,,2,2,0,1,1,0,1,, -1,1,0,1,50,26,7,2021,03:40,5,94,94080,2,1,0,6,MINIMES (AV DES),48.841335,2.430245,3,1,1
202100047360,117Â 118,B01,1,1,1,2,8,-1,-1,-1, -1,-1,2021,18.0,2,1,0,2,3,1,1,,4,RUE PIERRE MENDES-FRANCE,0,,2,2,2,1,(1),(1),1,, -1,1,5,5,50,18,3,2021,08:00,1,33,33249,2,3,0,3,Rue Pierre Mendes-France,44.88003,-0.515,8,2,2
202100048294,115Â 428,A01,1,1,2,9,8,0,-1,0,0,-1,2021,19.0,1,1,0,0,0,1,5,,4,QUAI DE LA RAPEE,0,,1,1,0,1,(1),(1),1,, -1,1,0,1,50,5,3,2021,17:10,1,75,75112,2,3,0,7,QUAI DE LA RAPEE,48.8408630358,2.3738380618,17,1,1
202100035133,138Â 906,A01,1,1,1,5,2,6,-1,0,0,-1,2021,15.0,2,1,0,0,7,0,1,,3,46,0,,2,2,0,1,2,50,1,, -1,1,0,1,80,12,6,2021,11:20,1,9,9065,1,1,0,7,D46,42.903524,1.366392,11,1,1
202100044019,122Â 995,B01,1,1,1,9,2,6,-1,-1, -1,-1,2021,35.0,1,1,0,2,1,21,1,,4,BERNEDE (RUE),0,,-1,2,0,1,0,0,1,, -1,1,0,1,50,13,4,2021,08:55,1,64,64102,2,3,0,3,BERNEDE (RUE),43.49328,-1.47551,8,2,2
202100054745,103Â 941,A01,1,1,1,5,1,0,-1,-1, -1,-1,2021,29.0,2,2,4,0,1,1,1,,1,A13,0,,3,6,0,1,28,0,1,, -1,2,0,1,130,16,1,2021,14:40,1,78,78466,1,1,1,6,A13,48.934694,1.966438,14,2,1
202100019780,166Â 290,A01,1,1,1,1,1,-1,-1,0,0,-1,2021,37.0,2,4,6,0,1,1,1,,3,71,-1,,2,2,0,2,9,900,2,, -1,1,0,3,80,11,9,2021,13:30,1,43,43126,1,1,0,6,Route de Cleyssac,45.104982,3.965415,13,1,1
202100016245,172Â 594,B01,1,1,1,5,2,0,-1,0,0,-1,2021,22.0,2,1,0,2,1,1,5,,4,BOULEVARD DU GENERAL JEAN SIMON,0,,3,5,0,1,(1),(1),1,, -1,1,0,1,50,29,9,2021,17:44,1,75,75113,2,1,0,3,BOULEVARD DU GENERAL JEAN SIMON,48.827026,2.385419,17,2,2
202100050063,112Â 255,A01,1,1,2,5,8,0,-1,0,0,-1,2021,24.0,0,1,12,0,1,9,3,,4,RUE DE L UNIVERSITE,0,,1,0,0,1,(1),(1),1,, -1,1,0,1,30,24,2,2021,17:50,1,75,75107,2,1,0,7,RUE DE L UNIVERSITE,48.860151,2.297463,17,2,1
202100046737,118Â 230,A01,1,1,1,4,2,8,-1,-1, -1,-1,2021,53.0,2,1,0,2,1,2,1,,3,20,0,,1,1,3,1,33,0,1,, -1,1,3,1,50,23,3,2021,12:40,1,91,91433,1,9,0,2,R.D. 20,48.46213,2.17975,12,2,2
202100029939,148Â 284,B01,1,1,1,4,1,0,-1,0,0,-1,2021,53.0,1,5,0,2,1,1,1,,4,BOULEVARD RICHARD LENOIR,0,,3,6,0,1,(1),(1),1,, -1,1,0,1,50,8,7,2021,07:35,1,75,75111,2,2,0,3,BOULEVARD RICHARD LENOIR,48.864012,2.370696,7,2,2
202100027793,152Â 034,A01,1,1,1,0,8,-1,-1,0,0,-1,2021,41.0,2,2,6,0,0,14,1,,3,8,-1,,2,2,0,1,8,(1),1,, -1,1,2,8,30,22,7,2021,06:50,1,988,98812,1,1,0,6,RPN8 paagoumene,-20.494723,164.191532,6,1,1
202100031056,146Â 228,A01,1,1,1,0,8,0,-1,-1, -1,-1,2021,22.0,1,1,0,2,1,1,1,,4,CLEMENCEAU RUE,0,,2,2,0,1,(1),(1),1,, -1,2,0,1,50,29,6,2021,20:15,1,59,59507,2,9,1,3,CLEMENCEAU RUE,50.6035,3.0924,20,2,2
202100026544,154Â 249,A01,1,1,1,1,2,6,0,0,0,-1,2021,52.0,2,1,0,5,1,1,1,,3,820,-1,,2,2,0,1,71,500,1,, -1,1,0,3,80,21,7,2021,06:10,2,46,46340,1,1,0,6,D820,44.525066,1.457137,6,1,1
202100016249,172Â 587,B01,1,1,1,4,1,0,-1,0,0,-1,2021,40.0,2,2,0,2,8,7,1,,4,AVENUE FRANKLIN D ROOSEVELT,0,,2,3,3,1,(1),(1),1,, -1,1,0,6,30,28,9,2021,23:34,5,75,75108,2,1,0,3,AVENUE FRANKLIN D ROOSEVELT,48.8695622255,2.310078759,23,2,2
202100008157,187Â 139,A01,1,1,1,4,2,6,-1,-1, -1,-1,2021,54.0,2,1,0,0,0,23,1,,4,,0,,2,0,0,2,0,0,1,, -1,1,0,1,50,14,11,2021,15:55,1,92,92048,2,1,0,7,Place Rabelais,48.8114902659,2.2366538644,15,1,1
202100052216,108Â 373,A01,1,1,1,5,2,6,-1,0,0,-1,2021,23.0,1,1,0,2,1,2,1,,3,POULGUINAN PONT DE,0,,3,4,0,1,69,400,1,, -1,1,2,1,70,6,2,2021,17:02,1,29,29232,1,1,0,2,D785 - Boulevard de Poulguinan,47.9840250297,-4.1158631444,17,2,2
202100051881,108Â 963,A01,1,1,1,4,2,0,-1,-1, -1,-1,2021,21.0,1,1,0,2,1,26,1,,4,PAUL VAILLANT-COUTURIER (AVENUE),0,,2,2,0,1,0,0,1,, -1,2,0,1,50,8,2,2021,18:55,5,91,91549,2,2,0,3,PAUL VAILLANT-COUTURIER (AVENUE),48.652148,2.326077,18,2,2
202100009632,184Â 491,B01,1,1,1,1,2,6,-1,-1, -1,-1,2021,40.0,1,1,0,2,2,17,1,,3,JEAN COMPAGNON (QU),0,,2,1,0,1,1,0,1,, -1,2,0,1,50,3,11,2021,07:45,5,94,94041,2,1,1,3,Quai Jean Compagnon,48.82074,2.39566,7,2,2
202100012440,179Â 475,B01,2,2,2,0,1,0,-1,0,0,-1,2021,27.0,2,2,0,2,1,1,1,,3,D400,0,,2,2,0,2,54,89,3,, -1,1,0,1,80,17,10,2021,16:30,1,54,54159,1,4,0,3,BATHELENE (RUE DE),48.61244,6.37374,16,4,2
202100042394,125Â 852,A01,1,1,1,5,2,6,-1,0,0,-1,2021,15.0,1,1,0,0,8,1,1,,3,171,0,,2,2,0,4,17,100,4,, -1,8,0,1,50,26,4,2021,17:20,1,14,14100,2,1,0,7,rue de la CavÃ©e,49.043944,-0.328077,17,2,1
202100008590,186Â 375,A01,1,1,1,5,2,6,-1,0,0,-1,2021,45.0,2,1,0,2,1,1,1,,4,PORTE MAILLOT,0,,1,4,0,1,15,900,1,, -1,1,0,1,70,9,11,2021,19:10,2,75,75116,2,1,0,2,PORTE MAILLOT,48.875881,2.277451,19,2,2
202100039690,130Â 636,A01,10,3,2,0,0,-1,-1,3,3,2,2021,49.0,3,2,0,1,1,1,1,,4,AMYOT D'INVILLE (BOULEVARD),0,,2,2,0,1,(1),(1),1,, -1,2,0,1,50,14,5,2021,12:26,1,60,60057,2,1,0,6,Boulevard Amyot dâInville,49.4341852915,2.0799458586,12,3,1
202100003790,194Â 985,C01,1,1,1,0,1,-1,-1,0,0,-1,2021,24.0,2,2,1,0,3,1,1,,2,4,0,,1,2,0,3,28,970,3,, -1,7,0,3,110,11,12,2021,08:30,1,77,77031,1,1,0,6,N4,48.684883,2.936718,8,3,3
202100051484,109Â 680,A01,6,2,2,5,0,-1,-1,0,0,-1,2021,27.0,2,2,2,0,9,21,1,,3,619,0,,2,2,0,1,36,212,1,, -1,2,0,3,90,15,2,2021,21:22,3,77,77327,1,1,1,6,D619,48.569579,3.00225,21,3,1
202100029142,149Â 655,A01,1,1,1,5,1,8,-1,-1, -1,-1,2021,26.0,2,2,1,0,2,14,1,,3,DOLE RUE DE (sup 200),0,,2,4,0,1,13,218,1,, -1,1,0,1,70,11,7,2021,10:50,1,25,25056,2,1,0,6,DOLE RUE DE (sup 200),47.2242,5.969343,10,1,1
202100034241,140Â 540,A01,10,3,1,0,0,-1,-1,2,3,1,2021,15.0,1,2,0,1,2,1,1,,4,RACINE (AVENUE),0,,3,7,1,1,0,0,1,, -1,1,4,1,50,14,6,2021,08:25,1,67,67482,2,8,1,6,RACINE (AVENUE),48.59615,7.697958,8,2,1
202100019146,167Â 405,A01,10,3,2,9,0,-1,-1,3,3,1,2021,62.0,2,5,0,1,3,15,1,,3,15EME CORPS (AVE DU),0,,2,3,0,1,28,490,1,, -1,1,0,1,50,13,9,2021,11:40,1,83,83137,2,3,0,6,15EME CORPS (AVE DU),43.1284467677,5.9123879671,11,2,1
202100038363,133Â 064,A01,1,1,1,0,1,0,-1,-1, -1,-1,2021,49.0,2,2,0,2,3,13,1,,3,CASTETS (ROUTE DE),0,,2,2,0,1,13,700,1,, -1,1,0,1,80,19,5,2021,15:30,1,40,40279,1,1,0,6,CASTETS (ROUTE DE),43.77466,-1.06825,15,2,2
202100004836,193Â 142,A01,10,3,2,0,8,8,-1,2,3,1,2021,21.0,1,3,0,1,7,1,1,1.0,3,906,0,,-1,2,0,1,0,0,1,, -1,2,0,1,50,4,12,2021,13:15,1,92,92023,2,1,0,6,GENERAL DE GAULLE (AV DU) NÂ°130 A 340 ET,48.7897666469,2.2622019053,13,2,1
202100010182,183Â 502,A01,1,1,1,0,1,0,-1,-1, -1,-1,2021,45.0,1,2,1,2,0,1,1,,3,FOCH (BOULEVARD),0,,2,4,0,1,0,1,1,, -1,2,0,1,50,30,10,2021,16:00,1,93,93031,2,1,1,2,FOCH (BOULEVARD),48.94377,2.33916,16,2,2
202100010907,182Â 234,A01,1,1,1,5,8,0,-1,-1, -1,-1,2021,13.0,1,1,0,2,1,1,0,,4,MARCEAU (RUE),0,,1,1,1,1,(1),(1),1,, -1,1,0,1,50,26,10,2021,15:20,1,37,37261,2,1,0,2,MARCEAU (RUE),47.3947347451,0.6845171147,15,2,2
202100052644,107Â 627,A01,2,2,2,1,1,0,-1,-1,0,-1,2021,24.0,2,2,0,2,1,21,1,,1,AUTOROUTE A1,0,,3,6,0,1,21,799,1,, -1,1,0,1,110,4,2,2021,07:15,3,95,95212,1,1,0,4, A1,49.0328181219,2.5398345822,7,4,3
202100047771,116Â 359,A01,1,1,2,1,1,0,-1,-1, -1,-1,2021,32.0,1,2,8,0,2,1,1,,3,RD 915,0,,3,2,0,2,76,143,3,, -1,2,5,3,80,16,3,2021,21:15,4,76,76565,1,6,1,7,RD 915,49.87349,1.09983,21,1,1
202100046918,117Â 908,A01,6,2,1,0,1,0,-1,-1, -1,-1,2021,17.0,1,4,4,0,0,26,1,,1,VA007418 PONT JUMEAUX A620 Sortie 30,0,,-1,0,0,1,5,381,1,, -1,1,0,1,90,21,3,2021,12:38,1,31,31555,2,1,0,7,VA007418 PONT JUMEAUX A620 Sortie 30,43.60843,1.41083,12,3,1
202100054393,104Â 538,A01,10,3,1,0,0,-1,-1,1,0,1,2021,28.0,0,2,0,1,2,21,1,,3,103,-1,,1,4,1,1,4,92,1,, -1,1,0,1,90,18,1,2021,21:40,3,6,6152,1,1,0,6,Route du Parc,43.613312,7.045176,21,2,1
202100053457,106Â 166,A01,10,3,1,9,0,-1,-1,2,5,1,2021,10.0,1,2,0,1,2,1,1,,4,TONNELLE (BOULEVARD),0,,2,2,0,1,(1),(1),1,, -1,2,0,1,50,27,1,2021,17:00,1,37,37261,2,3,1,6,TONNELLE (BOULEVARD),47.3816426855,0.6682280953,17,2,1
202100002895,196Â 595,A01,10,3,2,5,8,8,-1,1,9,1,2021,15.0,1,5,0,1,2,1,1,,3,CAMARET (ROUTE DE),0,,2,2,0,1,0,0,1,, -1,1,0,1,50,14,12,2021,16:30,1,84,84087,2,1,0,6,CAMARET (ROUTE DE),44.14098,4.81811,16,2,1
202100031037,146Â 261,A01,1,1,2,5,2,6,-1,0,0,-1,2021,25.0,1,1,0,2,1,1,1,,7,FOREST (AVENUE FERNAND),0,,2,7,0,1,(1),(1),1,, -1,2,0,1,50,3,7,2021,03:54,5,63,63113,2,2,1,3,FOREST (AVENUE FERNAND),45.79997,3.1123,3,2,2
202100043814,123Â 366,A01,10,3,2,9,0,-1,-1,2,3,1,2021,60.0,2,2,0,1,4,4,1,,3,912,0,,1,10,0,1,0,0,1,, -1,1,0,1,30,16,4,2021,17:50,1,92,92024,2,3,0,6,BELFORT (RUE DE),48.9017688571,2.3174500465,17,2,1
202100020474,165Â 038,B01,1,1,1,0,2,0,-1,0,0,-1,2021,48.0,1,1,0,2,8,1,1,,4,,0,,1,3,0,1,(1),(1),1,, -1,1,0,1,50,2,6,2021,20:25,1,54,54547,2,1,0,3,AIGUILLETTES (BD 1 A 3),48.66695,6.16513,20,3,2
202100048844,114Â 454,B01,1,1,1,4,2,8,-1,-1, -1,-1,2021,23.0,2,1,0,2,2,0,1,,7,PETIT (ROND POINT HENRI),0,,1,3,0,1,7,1,2,, -1,1,5,1,50,7,3,2021,19:30,5,83,83069,2,5,0,3,PETIT (ROND POINT HENRI),43.1132442523,6.1244850678,19,2,2
202100051254,110Â 065,A01,1,1,2,3,1,0,-1,-1, -1,-1,2021,36.0,3,2,1,0,2,15,1,,5,BOIS DE NEFLES (ROUTE DE),0,,2,1,3,2,0,0,2,, -1,1,0,1,30,15,2,2021,10:15,1,974,97411,2,1,0,5,BOIS DE NEFLES (ROUTE DE),-20.90277,55.47803,10,1,1
202100030884,146Â 556,B01,1,1,1,5,2,-1,-1,0,0,-1,2021,41.0,2,1,0,2,7,15,5,,3,170,0,E,2,2,0,1,0,875,1,, -1,2,0,1,90,2,7,2021,18:30,1,19,19274,1,3,1,3,La Mouillade,45.1924165796,1.4868854932,18,2,2
202100007870,187Â 673,A01,10,3,2,2,8,8,-1,4,3,1,2021,13.0,0,1,0,1,0,1,1,,4,LEON BLUM (AVENUE),0,,2,2,0,1,0,0,1,, -1,1,0,1,50,16,11,2021,15:30,1,93,93031,2,1,0,6,LEON BLUM (AVENUE),48.9587879356,2.3126979454,15,2,1
202100052264,108Â 286,A01,1,1,2,5,1,-1,-1,0,0,-1,2021,66.0,0,2,0,2,7,1,1,,3,63,-1,D,3,2,0,1,1,397,1,, -1,2,0,1,50,23,1,2021,17:40,2,41,41164,2,4,0,3,Rue Nationale,47.277774,1.396607,17,2,2
202100006978,189Â 293,B01,1,1,1,2,2,-1,-1,0,0,-1,2021,15.0,2,1,0,2,2,17,1,,3,611,0,,2,2,0,1,16,210,1,,7,1,0,1,50,17,11,2021,07:54,2,79,79270,2,1,1,3,44 Avenue du PrÃ©sident Wilson,46.409236,-0.218364,7,2,2
202100051359,109Â 876,A01,1,1,1,5,8,-1,-1,0,0,-1,2021,24.0,2,5,12,0,2,21,1,,2,1,-1,,2,2,0,1,289,600,2,, -1,1,0,3,50,15,2,2021,00:30,5,988,98831,2,2,0,6,Tribu de OUNDJO,-21.041989,164.699103,0,3,1
202100029084,149Â 761,A01,2,2,2,5,1,0,-1,-1, -1,-1,2021,29.0,1,2,6,0,9,1,1,,3,D35,0,,2,2,0,1,0,0,1,, -1,1,0,1,70,10,7,2021,02:43,5,87,87050,1,1,0,6,D35,45.87658,1.20826,2,2,1
202100056432,101Â 027,A01,1,1,1,0,8,0,-1,-1, -1,-1,2021,40.0,2,2,0,2,1,1,1,,4,ROUTE DE L'ARPENTEUR,0,,2,2,0,1,(1),(1),1,, -1,2,0,1,50,1,1,2021,06:15,5,95,95527,1,1,1,1,Route de lâArpenteur,49.0150276091,2.5304281712,6,2,2
202100009092,185Â 454,A01,10,3,2,5,0,-1,-1,2,3,1,2021,74.0,1,2,0,1,1,1,2,,4,DOMREMY (PLACE),0,,1,1,0,1,(1),(1),1,, -1,1,0,1,50,6,11,2021,18:30,3,45,45234,2,7,0,6,Place Domremy,47.88966,1.90521,18,2,1
202100026008,155Â 190,A01,1,1,2,5,2,6,-1,0,0,-1,2021,61.0,3,1,0,2,1,15,1,,4,QUAI ANDRE CITROEN,0,,2,3,0,1,(1),(1),1,, -1,1,5,1,50,1,8,2021,06:50,1,75,75115,2,2,0,3,QUAI ANDRE CITROEN,48.838738,2.269711,6,2,2
202100053123,106Â 780,A01,1,1,1,5,2,-1,-1,0,0,-1,2021,18.0,0,1,0,0,0,0,1,,4,,-1,,2,2,0,1,(1),(1),1,, -1,1,5,1,50,29,1,2021,17:00,1,33,33005,2,1,0,7,Boulevard Daniel Digneaux,44.749389,-1.076038,17,1,1
202100029923,148Â 317,A01,1,1,2,0,1,0,-1,-1, -1,-1,2021,28.0,2,2,0,2,4,1,1,,1,A7-Sens Marseille vers Lyon,0,,1,3,0,1,278,0,1,, -1,1,0,1,90,7,7,2021,16:15,1,13,13215,1,1,0,2,A7-Sens Marseille vers Lyon,43.3492,5.3697,16,2,2
202100043926,123Â 156,B01,2,2,1,5,1,0,-1,-1, -1,-1,2021,55.0,2,2,0,0,4,1,1,,2,RTE DE PARIS ,0,,2,2,0,1,1,0,1,, -1,1,0,1,30,15,4,2021,17:30,1,94,94070,2,1,0,2,Route de Paris,48.71913,2.56779,17,3,2
202100034166,140Â 690,A01,1,1,1,5,2,-1,-1,0,0,-1,2021,41.0,2,1,0,0,9,1,1,,3,749,-1,,2,2,0,2,0,900,2,, -1,1,0,1,80,15,6,2021,19:05,1,37,37062,1,1,0,7,La ValliÃ¨re,47.5407883977,0.3139535266,19,1,1
202100025228,156Â 566,A01,1,1,1,1,2,0,-1,-1, -1,-1,2021,28.0,2,1,3,0,1,13,1,,1,A7-Sens Marseille vers Lyon,0,,3,3,3,1,278,500,1,, -1,1,8,6,90,6,8,2021,07:37,1,13,13215,1,1,0,1,A7-Sens Marseille vers Lyon,43.342643,5.375968,7,1,1
202100040325,129Â 524,A01,2,2,1,5,8,0,-1,-1, -1,-1,2021,17.0,1,1,0,2,6,15,1,,4,GENERAL LECLERC (RUE DU),0,,3,4,0,1,0,0,1,, -1,1,4,1,50,8,5,2021,20:00,2,67,67365,2,8,0,2,GENERAL LECLERC (RUE DU),48.55298,7.71238,20,3,2
202100013939,176Â 787,A01,1,1,1,5,0,-1,-1,0,0,-1,2021,67.0,2,1,0,2,8,2,5,,3,1017,-1,,2,2,1,1,22,900,1,, -1,1,0,1,50,12,10,2021,14:19,1,60,60509,2,3,0,3,D1017,49.3010211509,2.6044335364,14,2,2
202100043430,124Â 030,A01,1,1,1,0,1,0,-1,-1, -1,-1,2021,28.0,1,2,0,2,1,15,1,,4,DALBIEZ (AVENUE VICTOR),0,,2,2,0,1,(1),(1),1,, -1,1,0,1,50,17,4,2021,12:53,1,66,66136,2,3,0,3,DALBIEZ (AVENUE VICTOR),42.68463,2.88208,12,2,2
202100048088,115Â 793,B01,1,1,2,9,0,-1,-1,0,0,-1,2021,50.0,3,1,0,0,4,19,5,,3,99,-1,,2,2,0,1,16,953,1,, -1,1,5,1,50,15,3,2021,08:50,1,13,13100,2,6,0,3,Av du Mal de Lattre de Tassigny,43.792295,4.839472,8,2,2
202100002005,198Â 207,A01,2,2,1,5,1,8,-1,-1, -1,-1,2021,20.0,1,2,1,0,8,14,1,,4,FREDERIC RIFF (RUE),0,,2,2,0,1,0,0,1,, -1,9,0,4,30,18,12,2021,00:40,5,67,67482,2,1,0,6,FREDERIC RIFF (RUE),48.60797,7.78253,0,4,1
202100029130,149Â 682,B01,1,1,1,5,2,8,-1,-1, -1,-1,2021,64.0,1,1,0,2,7,1,1,,4,FEBVOTTE (RUE),0,,2,2,0,1,(1),(1),1,, -1,1,0,1,50,12,7,2021,14:40,1,37,37261,2,3,0,6,FEBVOTTE (RUE),47.3771448201,0.6882311595,14,3,2