Num_Acc,id_vehicule,num_veh,place,catu,sexe,trajet,secu1,secu2,secu3,locp,actp,etatp,year_acc,victim_age,senc,catv,obs,obsm,choc,manv,motor,occutc,catr,voie,v1,v2,circ,nbv,vosp,prof,pr,pr1,plan,lartpc,larrout,surf,infra,situ,vma,jour,mois,an,hrmn,lum,dep,com,agg_,int,atm,col,adr,lat,long,hour,nb_victim,nb_vehicules
202100010046,183Â 737,A01,1,1,1,4,1,0,-1,0,0,-1,2021,52.0,1,2,0,2,1,1,2,,4,BOULEVARD DE LA MADELEINE,0,,2,5,0,1,(1),(1),1,, -1,1,0,1,30,31,10,2021,01:30,5,75,75101,2,5,0,2,BOULEVARD DE LA MADELEINE,48.86991,2.327889,1,2,2
202100024753,157Â 403,A01,1,1,2,1,1,-1,-1,0,0,-1,2021,26.0,2,2,4,0,9,1,1,,4,POULGUINAN BOULEVARD DE,0,,1,1,0,2,70,200,2,, -1,2,2,1,50,10,8,2021,08:30,1,29,29232,2,1,0,7,Boulevard de Poulguinan,47.98002,-4.12104,8,1,1
202100029252,149Â 469,B01,1,1,1,0,1,0,-1,-1, -1,-1,2021,65.0,2,2,0,2,4,1,1,,1,15,0,,3,6,0,1,4,99,1,, -1,2,2,1,90,13,7,2021,15:50,1,92,92036,1,1,1,2,AUTOROUTE A15,48.9384432213,2.2966712184,15,2,2
202100026029,155Â 155,A01,1,1,2,0,1,-1,-1,0,0,-1,2021,21.0,1,2,4,0,4,1,1,,3,430,0,,2,4,0,1,43,500,1,, -1,1,0,1,110,31,7,2021,15:50,1,68,68260,1,1,0,6,Route dÃ©partementale 430 PK 43.500,47.8859686874,7.2596301735,15,1,1
202100000765,200Â 346,A01,10,3,1,5,0,-1,-1,3,3,1,2021,66.0,1,2,0,1,1,1,1,,4,JOUHAUX (AVENUE LEON) NÂ° IMPAIRS,0,,2,2,0,1,(1),(1),1,, -1,2,9,1,50,29,12,2021,17:35,2,39,39198,2,1,1,6,5 Avenue LÃ©on Jouhaux,47.090394,5.483057,17,2,1
202100035136,138Â 900,A01,1,1,1,0,1,-1,-1,0,0,-1,2021,83.0,1,2,0,2,1,2,1,,3,22,0,,2,2,0,2,41,600,1,, -1,1,9,1,50,11,6,2021,11:00,1,64,64273,2,1,0,2,DÃ©partementale 22,43.264261,-1.227797,11,2,2
202100050623,111Â 203,B01,1,1,1,4,2,-1,-1,0,0,-1,2021,30.0,3,1,0,2,1,1,1,,4,,-1,,2,2,0,1,(1),(1),1,, -1,1,0,1,30,23,2,2021,17:40,1,49,49123,2,3,0,3,Rue du PavÃ© de Riou,47.227423,-0.117202,17,2,2
202100050822,110Â 837,B01,1,1,1,1,2,9,-1,0,0,-1,2021,46.0,2,1,0,2,8,1,5,,3,652,0,D,2,2,0,1,663,0,1,, -1,1,0,1,50,20,2,2021,07:15,2,40,40046,2,1,0,3,Avenue Marechal Lyautey,44.390766,-1.160849,7,2,2
202100045809,119Â 873,A01,10,3,1,4,0,-1,-1,1,3,1,2021,22.0,3,2,12,1,1,2,2,,4,CARNOT (BOULEVARD),0,,1,2,3,1,0,0,2,, -1,1,4,1,50,30,3,2021,10:15,1,93,93066,2,9,0,6,CARNOT (BOULEVARD),48.9383333742,2.3532866337,10,2,1
202100044921,121Â 430,B01,1,1,1,2,8,-1,-1,-1, -1,-1,2021,13.0,3,1,8,2,2,19,5,,4,PRECHEURS RUE DES,0,,2,2,0,1,(1),(1),1,, -1,1,0,1,50,24,3,2021,11:45,1,78,78498,2,5,0,3,PRECHEURS RUE DES,48.927097,2.041404,11,2,2
202100022424,161Â 556,B01,1,1,2,1,1,0,-1,-1, -1,-1,2021,39.0,2,2,0,2,4,23,1,,3,ALFRED NOBEL,0,,2,4,1,1,32,(1),1,, -1,1,0,1,50,25,8,2021,18:20,1,64,64445,2,1,0,4,ALFRED NOBEL,43.31577,-0.31427,18,3,3
202100043803,123Â 386,C01,1,1,1,4,1,0,-1,-1, -1,-1,2021,48.0,1,3,0,2,5,9,1,1.0,3,AV DE BOISSY,0,,3,4,0,1,1,0,1,, -1,1,0,1,50,16,4,2021,20:00,1,94,94011,2,1,0,5,Avenue de Boissy,48.762505,2.494976,20,3,3
202100046724,118Â 254,B01,1,1,1,9,2,0,-1,-1, -1,-1,2021,65.0,1,1,0,2,0,16,1,,2,CRIQUE FOUILLEE (ROND POINT),0,,1,2,0,1,4,50,2,, -1,1,5,1,50,24,3,2021,07:25,1,973,97302,2,1,0,6,CRIQUE FOUILLEE (ROND POINT),4.89701925,-52.3288035278,7,2,2
202100006071,190Â 953,B01,1,1,2,1,1,0,-1,-1, -1,-1,2021,27.0,2,2,0,2,4,2,1,,1,86,0,,2,4,0,1,52,700,1,, -1,2,1,1,90,27,11,2021,12:30,1,92,92002,1,1,1,4,AUTOROUTE A86,48.7631491121,2.3053935956,12,3,3
202100029314,149Â 365,B01,1,1,1,5,2,6,-1,0,0,-1,2021,18.0,2,1,15,2,1,2,1,,7,,0,,1,4,3,1,(1),(1),1,, -1,1,0,1,50,12,7,2021,13:45,1,6,6088,2,1,0,2,ANGLAIS (DU NÂ° 265 AU NÂ° 350),43.67852,7.22973,13,2,2
202100040911,128Â 498,B01,1,1,1,9,2,6,-1,0,0,-1,2021,17.0,1,1,0,2,1,1,1,,4,LATTRE DE TASSIGNY(AVENUE DU MARECHAL DE,0,,2,2,0,2,0,0,1,, -1,1,0,1,50,3,5,2021,12:07,1,47,47323,2,2,0,3,LATTRE DE TASSIGNY(AVENUE DU MARECHAL DE,44.41707,0.71056,12,2,2
202100013080,178Â 362,C01,1,1,1,4,8,0,-1,-1, -1,-1,2021,68.0,1,1,0,2,1,1,5,,4,RUE DE LA CALIFORNIE,0,,2,0,0,1,(1),(1),1,, -1,1,0,1,30,15,10,2021,16:15,1,44,44143,2,1,0,5,RUE DE LA CALIFORNIE,47.19226,-1.58393,16,3,3
202100025797,155Â 581,B01,1,1,2,0,2,-1,-1,0,0,-1,2021,52.0,0,1,0,2,2,17,1,,2,RN 1,0,,1,2,0,1,(1),(1),1,, -1,1,0,1,50,4,8,2021,14:20,1,974,97414,2,1,0,3,RN 1,-21.291973,55.411772,14,2,2
202100023190,160Â 166,A01,1,1,1,5,1,-1,-1,0,0,-1,2021,40.0,3,2,8,0,8,1,1,,3,10,-1,,2,2,0,1,(1),(1),1,,4,1,0,8,80,21,8,2021,07:00,3,24,24272,1,1,0,6,Route des Maines,44.963857,0.048071,7,1,1
202100005900,191Â 242,B01,1,1,1,9,2,6,-1,-1, -1,-1,2021,46.0,3,1,0,2,1,1,1,,3,LYS(AVENUE DU)LE RESTE,0,,2,2,0,1,4,1632,1,, -1,1,0,1,50,26,11,2021,17:55,5,77,77152,2,9,0,3,D82E2,48.51659,2.626221,17,2,2
202100025869,155Â 446,A01,10,3,1,9,8,8,-1,2,5,1,2021,14.0,1,2,0,1,2,1,1,,4,RUE GASTON TESSIER,0,,2,1,0,1,(1),(1),1,, -1,2,0,1,50,2,8,2021,20:35,2,75,75119,2,3,1,6,RUE GASTON TESSIER,48.895976,2.374006,20,2,1
202100011395,181Â 351,A01,2,2,1,5,1,0,-1,-1, -1,-1,2021,19.0,1,2,1,0,2,14,1,,4,BRETEUIL (RUE),0,,1,2,0,4,104,0,1,, -1,1,0,1,50,23,10,2021,20:00,5,13,13206,2,1,0,2,BRETEUIL (RUE),43.28642,5.37738,20,5,3
202100035522,138Â 216,B01,2,2,2,5,1,0,-1,-1, -1,-1,2021,82.0,1,2,9,2,1,1,1,,4,RENAN ERNEST,0,,2,2,0,1,1,0,1,, -1,1,0,1,30,8,6,2021,14:55,1,11,11069,2,2,0,3,PASTEUR,43.21345,2.33831,14,3,2
202100002215,197Â 832,A01,1,1,1,5,1,4,-1,-1, -1,-1,2021,74.0,2,2,0,2,1,1,1,,1,AUTOROUTE A6A,0,,1,3,0,1,4,699,1,, -1,1,0,1,90,19,12,2021,14:55,1,94,94038,1,1,0,4,AUTOROUTE A6A,48.7752,2.3461,14,3,3
202100009197,185Â 269,B01,10,3,2,5,0,-1,-1,3,3,1,2021,70.0,1,2,0,1,1,0,1,,4,08 MARS(RUE DU),0,,2,2,0,1,0,0,1,, -1,1,0,1,50,4,11,2021,14:50,1,974,97407,2,1,0,2,08 MARS(RUE DU),-20.94001,55.30002,14,4,2
202100009522,184Â 689,B01,1,1,1,1,2,6,-1,0,0,-1,2021,15.0,1,1,0,2,1,1,1,,3,951,0,,2,2,0,3,11,300,1,, -1,1,2,1,50,5,11,2021,07:40,2,36,36018,2,2,0,3,,46.6310289178,1.0623345728,7,2,2
202100053389,106Â 293,A01,1,1,1,1,1,-1,-1,0,0,-1,2021,23.0,2,2,2,0,4,13,1,,3,44,0,,2,2,0,1,5,800,1,, -1,1,0,1,80,29,1,2021,11:55,1,1,1166,1,1,0,2,,46.006754,4.769933,11,2,2
202100023197,160Â 156,A01,1,1,2,5,2,-1,-1,0,0,-1,2021,69.0,2,4,0,2,1,13,1,,2,91,-1,,2,2,0,1,12,5,1,, -1,1,0,1,60,16,8,2021,14:00,1,987,98729,2,1,0,1,devant la route de l'usine de jus de fruit,-17.533189,-149.838611,14,2,2
202100045790,119Â 901,A01,1,1,2,5,2,0,-1,0,0,-1,2021,53.0,3,1,0,0,0,1,5,,4,PLACE DE COLOMBIE,0,,1,1,1,1,(1),(1),1,, -1,1,-1,5,50,31,3,2021,17:50,1,75,75116,2,7,0,7,PLACE DE COLOMBIE,48.862968,2.269169,17,1,1
202100054696,104Â 020,A01,1,1,1,9,1,0,-1,-1, -1,-1,2021,33.0,1,2,0,2,1,9,1,,4,PAIX (AV DE LA),0,,2,2,0,1,0,0,1,, -1,1,0,1,30,17,1,2021,14:15,1,94,94054,2,9,0,5,PAIX (AV DE LA),48.7503,2.39936,14,2,2
202100007114,189Â 050,B01,4,2,2,5,3,0,-1,-1, -1,-1,2021,4.0,1,2,0,2,1,2,1,,1,A86 INT,0,,3,6,0,1,46,299,3,, -1,1,0,1,90,20,11,2021,21:20,5,94,94073,1,1,0,2,A86 INT,48.7592916531,2.3835324056,21,5,2
202100002848,196Â 689,A01,1,1,2,1,8,-1,-1,0,0,-1,2021,46.0,3,2,8,0,1,0,1,,4,,-1,,2,2,0,1,(1),(1),2,,4,6,0,3,80,17,12,2021,12:25,1,45,45081,1,1,0,6,Rue de la VendrÃ©e,47.936005,1.552849,12,1,1
202100015324,174Â 312,A01,10,3,2,0,0,-1,-1,3,3,1,2021,22.0,0,5,0,1,3,15,0,,4,PORT (RUE DU),0,,2,1,0,1,(1),(1),1,, -1,2,0,1,50,3,10,2021,13:25,1,59,59599,2,1,1,6,PORT (RUE DU),50.716901,3.154258,13,2,1
202100012527,179Â 321,B01,2,2,2,0,1,-1,-1,0,0,-1,2021,20.0,1,2,0,2,1,1,1,,4,1,0, -,2,2,0,1,(1),(1),1,, -1,1,0,1,70,17,10,2021,21:30,3,33,33437,1,1,0,1,Rue de la Corderie,44.856918,-0.058837,21,3,2
202100023905,158Â 904,B01,1,1,1,0,2,0,-1,0,0,-1,2021,33.0,1,1,0,2,0,17,1,,4,LYON (AVENUE DE),0,,2,2,0,1,145,0,1,, -1,1,0,1,30,16,8,2021,08:30,1,6,6029,2,1,0,1,LYON (AVENUE DE),43.56502,7.01944,8,2,2
202100002615,197Â 107,A01,10,3,1,2,0,-1,-1,4,3,3,2021,8.0,2,2,0,1,2,1,1,,4,Place de la RÃ©publique,0,,2,2,0,3,(1),(1),1,, -1,1,0,6,30,10,12,2021,16:35,1,42,42218,2,1,0,6,Place de la RÃ©publique,45.44434,4.3636,16,2,1
202100022735,160Â 961,A01,1,1,1,0,8,-1,-1,0,0,-1,2021,51.0,2,2,0,2,3,13,1,,3,RD 840,0,,2,2,0,1,38,20,1,, -1,1,0,1,90,23,8,2021,18:15,1,12,12089,1,1,0,3,RD 840,44.55936,2.25834,18,2,2
202100004471,193Â 777,A01,1,1,2,5,1,0,-1,-1, -1,-1,2021,27.0,1,2,4,0,9,19,1,,1,A50,0,,3,6,0,1,37,750,1,, -1,2,0,1,130,4,12,2021,21:07,3,13,13028,1,1,1,6,A50,43.19932,5.63579,21,1,1
202100004214,194Â 221,A01,10,3,1,0,0,-1,-1,1,3,1,2021,11.0,1,2,0,1,3,1,1,,4,PRESIDENT KENNEDY (AVENUE DU),0,,2,2,0,1,0,0,1,, -1,2,0,1,50,6,12,2021,17:00,2,91,91687,2,1,1,6,PRESIDENT KENNEDY (AVENUE DU),48.66584,2.368442,17,2,1
202100048374,115Â 288,A01,1,1,1,5,1,-1,-1,-1, -1,-1,2021,94.0,2,2,1,0,2,1,1,,4,PIERRE MENDES FRANCE                (AV),0,,2,2,0,1,(1),(1),1,, -1,1,0,1,50,10,3,2021,11:45,1,69,69286,2,1,0,6,PIERRE MENDES FRANCE (AV),45.8192,4.8827,11,1,1
202100003020,196Â 380,A01,10,3,2,0,0,-1,-1,3,3,1,2021,23.0,1,2,0,1,1,1,1,,3,238,-1,,3,4,0,1,(1),(1),1,, -1,2,0,1,50,15,12,2021,21:10,4,68,68154,2,9,1,6,Rue de Berne,47.770772,7.386766,21,2,1
202100025912,155Â 371,B01,1,1,2,4,1,-1,-1,0,0,-1,2021,54.0,1,2,0,2,8,15,1,,3,36,0,,2,2,0,1,0,570,1,, -1,1,0,1,50,2,8,2021,18:10,1,1,1199,2,1,0,3,"Rue Samuel Pery, la route",46.053403,5.388207,18,2,2
202100012557,179Â 273,C01,1,1,2,4,1,-1,-1,0,0,-1,2021,26.0,1,2,0,9,1,17,1,,1,7,-1,,2,3,0,1,230,0,1,, -1,1,0,1,-1,19,10,2021,07:15,2,13,13103,1,1,0,6,A7 - PK 230.000 - SENS SUD NORD,43.661275,5.100596,7,3,3
202100007274,188Â 751,A01,1,1,1,9,1,0,-1,-1, -1,-1,2021,42.0,1,4,0,2,4,1,1,,2,rond point des justes,0,,1,1,0,1,47,80,2,, -1,1,0,1,50,18,11,2021,21:50,5,32,32013,2,6,0,2,rond point des justes,43.66374,0.59923,21,2,2
202100038081,133Â 592,B01,2,2,2,3,1,-1,-1,0,0,-1,2021,24.0,2,2,0,2,4,1,1,,3,680,-1,,2,2,0,1,75,(1),1,, -1,1,0,1,50,27,5,2021,18:05,1,71,71014,2,1,1,2,13 Route de Beaune,46.956217,4.314671,18,3,2
202100020047,165Â 794,B01,2,2,2,0,1,8,-1,-1, -1,-1,2021,51.0,1,2,0,2,5,2,1,,2,11 - RT,0,,2,2,0,1,1,0,2,, -1,1,0,1,50,8,9,2021,16:15,1,202,202033,2,1,0,2,11 - RT,42.68979,9.44753,16,5,2
202100013957,176Â 754,A01,1,1,1,2,2,-1,-1,0,0,-1,2021,17.0,0,1,0,0,2,1,1,,9,,0,,1,2,0,1,(1),(1),1,,5,1,0,1,30,4,10,2021,17:10,1,971,97117,2,1,0,7,Rue Amedee Fengarol,16.332028,-61.349625,17,1,1
202100000627,200Â 585,B01,1,1,1,5,2,6,9,0,0,-1,2021,33.0,1,1,0,2,1,5,1,,3,12,-1,D,2,2,0,2,79,600,4,, -1,2,0,1,70,18,7,2021,11:15,1,74,74106,1,1,0,1,Rte du Col de Cou,46.305298,6.468746,11,2,2
202100015679,173Â 643,B01,1,1,2,5,1,-1,-1,0,0,-1,2021,32.0,1,2,0,2,1,1,1,,3,997,0,D,2,2,0,1,9,250,1,, -1,1,0,1,80,2,10,2021,09:30,1,63,63040,1,2,0,1,D997,45.723703,3.354234,9,3,2
202100048171,115Â 644,A01,1,1,1,9,2,0,-1,-1, -1,-1,2021,36.0,3,1,0,0,1,26,3,,9,,0,,-1,0,0,1,0,0,1,, -1,2,0,8,20,13,3,2021,21:00,5,92,92062,2,9,1,7,DEFENSE (PLACE DE LA),48.890962,2.241091,21,1,1
202100018796,168Â 044,A01,10,3,1,5,0,-1,-1,4,3,1,2021,40.0,0,2,0,1,1,15,1,,4,AVENUE CORENTIN CARIOU,0,,3,2,0,1,(1),(1),1,, -1,2,0,1,30,15,9,2021,14:45,1,75,75119,2,3,1,6,AVENUE CORENTIN CARIOU,48.8976156848,2.3856917625,14,2,1
202100045793,119Â 898,B01,1,1,1,9,8,8,-1,0,0,-1,2021,22.0,1,1,0,2,1,1,1,,4,AVENUE VICTOR HUGO,0,,2,2,0,1,(1),(1),1,, -1,1,0,1,50,29,3,2021,12:45,1,75,75116,2,1,0,3,AVENUE VICTOR HUGO,48.871559,2.289835,12,2,2
202100015130,174Â 665,A01,10,3,1,1,0,-1,-1,3,3,1,2021,24.0,2,2,0,1,1,1,1,,3,PARIS (R DE),0,,2,2,0,3,1,0,1,, -1,1,2,1,50,5,10,2021,07:10,5,94,94071,2,1,0,6,Rue de Paris,48.77419,2.50858,7,2,1
202100009129,185Â 392,A01,1,1,1,9,8,0,-1,-1, -1,-1,2021,17.0,1,2,12,0,1,1,1,,3,WALESA (AVENUE LECH),0,,1,3,1,1,1,0,4,, -1,1,0,5,30,6,11,2021,03:00,5,93,93064,2,1,0,6,WALESA (AVENUE LECH),48.87704,2.4867,3,4,1
202100055834,102Â 072,A01,1,1,1,0,1,0,-1,-1, -1,-1,2021,22.0,1,2,0,2,2,1,1,,3,STALINGRAD (BD DE),0,,3,4,0,1,0,0,1,, -1,1,0,1,50,8,1,2021,12:35,1,94,94073,2,1,0,3,Boulevard de Stalingrad,48.770717,2.401373,12,4,2
202100000244,201Â 285,A01,10,3,1,3,8,8,-1,2,3,1,2021,72.0,3,2,0,1,1,15,1,,4,BERRY (AVENUE DU),0,,2,2,0,1,0,1,1,, -1,1,6,1,30,9,11,2021,07:20,2,91,91692,2,3,0,6,BERRY (AVENUE DU),48.682478,2.171151,7,2,1
202100039772,130Â 495,A01,2,2,2,5,1,-1,-1,0,0,-1,2021,20.0,1,2,2,0,1,16,1,,3,2,-1,,2,2,0,1,28,300,3,, -1,1,0,3,80,16,5,2021,16:41,1,54,54053,1,1,0,6,RD2,48.6771054617,6.5397620196,16,4,1
202100006450,190Â 269,B01,1,1,1,0,2,0,-1,0,0,-1,2021,45.0,2,1,0,2,1,1,1,,7,CURIE PIERRE ET MARIE AVENUE,0,,2,2,0,1,(1),(1),1,, -1,2,0,1,50,24,11,2021,18:40,5,6,6123,2,1,1,5,CURIE PIERRE ET MARIE AVENUE,43.688181,7.186649,18,4,3
202100041948,126Â 639,B01,1,1,1,0,8,0,-1,-1, -1,-1,2021,22.0,1,1,0,2,1,1,0,,4,PRESIDENT WILSON (AVENUE DU),0,,2,2,0,1,0,0,1,, -1,1,0,1,50,30,4,2021,18:50,1,93,93048,2,2,0,3,PRESIDENT WILSON (AVENUE DU),48.855660849,2.4395569358,18,2,2
202100039665,130Â 688,B01,3,2,2,5,1,-1,-1,-1, -1,-1,2021,74.0,1,2,0,2,1,2,1,,1,AUTOROUTE A 63,0,,3,4,0,1,8,152,1,, -1,2,0,1,110,17,5,2021,10:50,1,33,33122,1,1,1,4,AUTOROUTE A 63,44.742624,-0.707913,10,5,3
202100037306,134Â 987,A01,10,3,1,5,0,-1,-1,3,3,2,2021,5.0,1,1,0,1,1,1,0,,3,MARCEL CACHIN (AVENUE) COTE NÂ°16 AU 50,0,,2,2,1,2,0,1,1,, -1,1,6,1,50,31,5,2021,18:30,1,93,93072,2,1,0,6,MARCEL CACHIN (AVENUE) COTE NÂ°16 AU 50,48.95808,2.38241,18,2,1
202100041193,127Â 968,A01,1,1,1,5,8,-1,-1,0,0,-1,2021,44.0,2,2,8,0,1,1,1,,3,26,-1,,2,2,0,2,31,900,1,, -1,1,0,8,80,7,5,2021,14:00,1,58,58097,1,1,0,6,Lieu Dit Romenay,46.914129,3.544089,14,1,1
202100040541,129Â 145,A01,2,2,2,5,1,-1,-1,0,0,-1,2021,50.0,3,2,17,0,2,0,1,,4,,-1,,2,2,0,1,(1),(1),1,, -1,1,0,3,50,9,5,2021,14:00,1,974,97404,1,1,0,1,Route des Sables,-21.280299,55.373134,14,2,1
202100028832,150Â 187,A01,1,1,1,5,2,6,-1,-1, -1,-1,2021,22.0,2,1,2,0,8,0,1,,4,LAVAL (RUE DE),0,,2,2,0,1,(1),(1),1,, -1,1,0,1,50,14,7,2021,00:30,5,35,35115,2,1,0,6,LAVAL (RUE DE),48.33887,-1.19329,0,2,1
202100052789,107Â 364,A01,1,1,1,1,2,0,-1,-1, -1,-1,2021,33.0,2,1,0,2,1,1,1,,4,SAKAKINI (BOULEVARD),0,,2,9,0,1,0,0,1,, -1,1,0,1,50,2,2,2021,13:15,1,13,13205,2,2,0,3,SAKAKINI (BOULEVARD),43.2924421151,5.4012708093,13,2,2
202100001963,198Â 293,B01,1,1,1,4,1,-1,-1,0,0,-1,2021,59.0,2,5,13,2,8,1,1,,3,4,0,D,2,2,0,2,5,800,1,, -1,1,0,1,80,23,12,2021,08:30,1,74,74136,1,1,0,3,2774 Route du Chinaillon,45.952187,6.437033,8,3,2
202100003769,195Â 021,A01,4,2,1,5,1,-1,-1,0,0,-1,2021,20.0,1,2,2,0,7,1,1,,3,211,0,D,2,2,0,1,31,500,1,, -1,2,0,3,80,11,12,2021,01:55,3,80,80443,1,1,0,6,D211,49.852816,1.874585,1,5,1
202100035572,138Â 132,A01,10,3,2,5,0,-1,-1,3,3,2,2021,30.0,2,2,0,1,7,1,1,,4,,0,,1,2,0,1,0,0,1,, -1,1,0,1,50,8,6,2021,21:10,1,92,92063,2,1,0,6,FOUILLEUSE (AVENUE DE),48.8626267419,2.1937358379,21,3,1
202100031711,145Â 075,B01,1,1,2,5,8,0,-1,-1, -1,-1,2021,57.0,0,2,0,2,6,1,1,,4,FRANÃOIS CAMOIN (RUE),0,,2,2,0,1,0,0,1,, -1,1,0,1,50,29,6,2021,16:00,1,13,13213,2,2,0,3,FRANÃOIS CAMOIN (RUE),43.3542239632,5.4406656126,16,2,2
202100019966,165Â 946,A01,1,1,1,4,8,-1,-1,0,0,-1,2021,42.0,3,4,0,0,9,1,1,,3,201,0,D,2,2,0,1,35,690,1,, -1,1,0,3,80,8,9,2021,09:50,1,73,73120,1,1,0,7,D201,45.592141,6.231549,9,1,1
202100035548,138Â 167,A01,2,2,1,9,2,6,-1,0,0,-1,2021,25.0,3,1,0,2,4,23,1,,4,PONT DES INVALIDES,0,,2,4,1,1,(1),(1),1,, -1,1,2,1,50,8,6,2021,22:54,5,75,75108,2,2,0,2,PONT DES INVALIDES,48.86426,2.310362,22,3,2
202100048227,115Â 549,B01,1,1,1,0,2,8,-1,-1, -1,-1,2021,22.0,2,1,0,2,1,5,1,,2,ROUTE NATIONALE 1,0,,1,2,0,1,5,99,3,, -1,1,9,1,70,12,3,2021,00:35,3,972,97213,1,6,0,1,ROUTE NATIONALE 1,14.61959,-60.99414,0,2,2
202100043287,124Â 288,A01,2,2,1,0,1,-1,-1,0,0,-1,2021,21.0,0,2,8,2,1,13,1,,3,330,-1,,2,2,0,2,1,50,3,, -1,1,0,1,80,21,4,2021,14:15,1,60,60612,1,1,0,1,RD 330,49.209706,2.562556,14,3,2
202100022149,162Â 046,A01,1,1,1,5,8,-1,-1,0,0,-1,2021,40.0,3,2,0,0,3,1,1,,4,,-1,,2,2,0,1,(1),(1),1,,5,1,0,1,80,27,8,2021,16:35,1,82,82025,1,2,0,1,Route de Montech,43.957839,1.286634,16,3,2
202100052925,107Â 118,B01,1,1,1,0,2,6,-1,-1, -1,-1,2021,59.0,1,1,0,2,2,17,1,,3,909,0,,2,2,3,1,0,0,1,, -1,1,0,1,50,1,2,2021,13:45,1,92,92044,2,2,0,3,VIC. HUGO(RUE)001A067 ET002A078,48.8954986832,2.2968989611,13,2,2
202100028755,150Â 323,A01,1,1,1,0,2,-1,-1,0,0,-1,2021,36.0,1,6,3,0,9,12,1,,2,12,-1,,3,4,0,1,50,300,1,, -1,1,9,1,110,16,7,2021,20:30,1,22,22389,1,1,0,7,RN 12,48.480617,-2.676737,20,1,1
202100054178,104Â 902,B01,1,1,1,1,2,8,-1,-1, -1,-1,2021,31.0,3,1,0,2,1,1,5,,4,PONGAMES (CITE),0,,-1,2,0,1,0,0,1,, -1,1,0,1,30,21,1,2021,06:20,1,974,97416,2,6,0,3,PONGAMES (CITE),-21.34712,55.4908,6,2,2
202100001343,199Â 359,B01,10,3,2,5,8,8,-1,1,5,1,2021,29.0,1,2,0,1,2,1,1,,1,A507 sens Marseille - Aubagne,0,,1,3,0,1,3,549,1,, -1,2,0,1,70,25,12,2021,05:29,4,13,13055,2,1,1,6,A507 sens Marseille - Aubagne,43.32983,5.40732,5,2,1
202100050560,111Â 316,A01,10,3,1,5,0,-1,-1,5,1,1,2021,80.0,1,2,6,1,6,14,1,,4,PIERRE TERRASSE                     (AV),0,,2,2,0,1,(1),(1),3,, -1,1,0,4,50,20,2,2021,10:30,1,69,69034,2,2,0,6,PIERRE TERRASSE                     (AV),45.79926,4.84727,10,2,1
202100031077,146Â 192,A01,2,2,2,5,2,8,-1,-1, -1,-1,2021,14.0,2,1,0,0,8,1,1,,4,CARNOT (RUE SADI),0,,2,2,0,2,0,0,1,, -1,2,0,1,50,28,6,2021,18:30,1,49,49099,2,1,1,7,CARNOT (RUE SADI),47.0612,-0.87092,18,2,1
202100056062,101Â 677,A01,1,1,1,1,2,6,-1,0,0,-1,2021,27.0,1,1,0,2,1,2,1,,4,PORTE D AUTEUIL,0,,1,4,0,1,12,400,1,, -1,1,0,1,70,3,1,2021,15:20,1,75,75116,2,1,0,2,PORTE D AUTEUIL,48.849763,2.252406,15,3,2
202100049508,113Â 259,A01,1,1,2,5,1,0,-1,-1, -1,-1,2021,57.0,0,2,0,2,1,1,1,,7,CD 5 (Route d'Istres),0,,3,4,0,1,0,0,1,, -1,1,5,1,50,26,2,2021,17:55,1,13,13056,2,1,0,5,CD 5 (Route d'Istres),43.42727,5.0512,17,4,4
202100051466,109Â 706,A01,2,2,2,3,8,-1,-1,0,0,-1,2021,15.0,1,1,0,0,6,1,1,,3,226,0,,2,2,0,1,1,800,1,, -1,1,0,1,80,14,2,2021,11:35,1,32,32409,1,1,0,2,D 226,43.390329,0.546613,11,3,2
202100045196,120Â 951,A01,1,1,1,9,0,-1,-1,0,0,-1,2021,80.0,1,2,13,0,1,1,1,,3,200,-1,,2,2,0,1,3,170,3,, -1,1,0,8,80,4,4,2021,12:27,1,26,26170,1,1,0,6,Avenue du Vercors,44.898957,4.97438,12,1,1
202100036982,135Â 594,A01,10,3,1,5,0,-1,-1,3,3,1,2021,64.0,1,2,0,1,1,1,1,,4,TORCATIS (AVENUE LOUIS),0,,1,1,0,1,0,0,1,, -1,1,0,1,50,1,6,2021,14:39,1,66,66136,2,1,0,6,TORCATIS (AVENUE LOUIS),42.70352,2.88887,14,2,1
202100051567,109Â 521,B01,1,1,1,4,2,6,-1,-1, -1,-1,2021,21.0,1,1,0,2,1,1,3,,4,DOMER                               (R ),0,,1,1,0,1,(1),(1),1,, -1,1,0,1,50,13,2,2021,19:00,5,69,69387,2,2,0,3,DOMER (R),45.7473111765,4.8480198188,19,2,2
202100037579,134Â 488,A01,1,1,1,5,2,0,-1,-1, -1,-1,2021,12.0,2,1,0,2,1,25,5,,4,CONDORCET                           (R ),0,,2,2,0,1,(1),(1),1,, -1,1,0,4,50,28,5,2021,19:45,1,69,69256,2,1,0,3,CONDORCET (R),45.77842,4.91876,19,2,2