Num_Acc,id_vehicule,num_veh,place,catu,sexe,trajet,secu1,secu2,secu3,locp,actp,etatp,year_acc,victim_age,senc,catv,obs,obsm,choc,manv,motor,occutc,catr,voie,v1,v2,circ,nbv,vosp,prof,pr,pr1,plan,lartpc,larrout,surf,infra,situ,vma,jour,mois,an,hrmn,lum,dep,com,agg_,int,atm,col,adr,lat,long,hour,nb_victim,nb_vehicules
202100013057,178Â 406,B01,1,1,1,4,2,0,-1,-1, -1,-1,2021,24.0,1,1,0,2,1,18,1,,4,GUYNEMER (AVENUE G.),0,,3,0,2,1,(1),(1),1,, -1,1,0,1,50,13,10,2021,12:00,1,62,62193,2,1,0,3,GUYNEMER (AVENUE G.),50.9498,1.893009,12,2,2
202100048297,115Â 423,A01,1,1,1,9,8,0,-1,0,0,-1,2021,28.0,1,1,12,0,2,16,1,,4,RUE LA FAYETTE,0,,1,3,0,1,(1),(1),1,, -1,2,0,1,50,12,3,2021,19:30,5,75,75109,2,2,1,6,RUE LA FAYETTE,48.877216,2.349016,19,1,1
202100036639,136Â 218,A01,2,2,2,9,8,0,-1,0,0,-1,2021,15.0,0,1,1,0,1,5,3,,4,,0,,1,1,0,2,(1),(1),3,, -1,1,9,1,30,3,6,2021,12:00,1,6,6088,2,9,0,6,VITTONE (AV.),43.671624,7.214201,12,2,1
202100018930,167Â 807,A01,1,1,2,5,8,0,-1,-1, -1,-1,2021,21.0,1,1,0,2,1,13,1,,4,,0,,2,3,1,1,(1),(1),1,, -1,1,0,1,50,13,9,2021,15:10,1,67,67482,2,1,0,3,MONTAGNE VERTE (RUE DE LA),48.569704,7.73354,15,2,2
202100001917,198Â 368,B01,1,1,1,0,8,6,-1,-1, -1,-1,2021,33.0,3,1,0,2,7,0,1,,3,THIERS (ROND POINT),0,,-1,1,0,1,0,0,2,, -1,1,0,1,50,21,12,2021,12:30,1,93,93062,2,6,0,3,THIERS (ROND POINT),48.8993,2.51765,12,2,2
202100056308,101Â 249,A01,1,1,1,9,1,-1,-1,0,0,-1,2021,25.0,1,2,2,0,1,1,1,,3,73,0,,2,2,0,1,8,244,1,, -1,2,0,3,80,4,1,2021,21:00,3,44,44119,1,1,0,6,La Breille,46.982419,-1.75512,21,1,1
202100023427,159Â 746,A01,1,1,1,0,8,0,-1,-1, -1,-1,2021,23.0,3,2,12,0,1,13,1,,4,RECHERCHE SCIENTIFIQUE (AVENUE DE LA ),0,,1,2,0,1,(1),(1),1,, -1,1,0,1,50,15,8,2021,04:55,5,45,45234,2,6,0,6,Av de la Recherche Scientifique,47.83402,1.93994,4,1,1
202100052786,107Â 372,B01,1,1,1,1,2,6,-1,0, -1,-1,2021,27.0,3,1,0,2,1,1,1,,4,BUGEAUD,0,,1,2,0,1,(1),(1),1,, -1,2,0,1,50,1,2,2021,12:35,1,29,29019,2,2,1,3,Rue Bugeaud,48.39789,-4.48163,12,2,2
202100026781,153Â 851,A01,1,1,1,0,1,8,-1,-1, -1,-1,2021,18.0,1,2,0,2,3,13,1,,3,49,0,,2,2,0,1,0,0,2,, -1,2,0,1,50,27,7,2021,14:40,1,91,91223,2,1,1,1,ROND POINT CHARLES DE GAULLES,48.426312,2.154107,14,2,2
202100041110,128Â 129,A01,10,3,2,0,0,-1,-1,3,3,1,2021,73.0,0,2,0,1,1,1,1,,4,,0,,2,2,3,1,(1),(1),1,, -1,2,0,1,30,6,5,2021,17:50,1,33,33281,2,1,1,6,Avenue des FrÃ¨res Robinson,44.85028,-0.65568,17,2,1
202100016727,171Â 726,A01,1,1,2,5,2,6,-1,0,0,-1,2021,22.0,2,1,0,2,1,1,1,,3,157,-1,,2,2,0,1,19,100,3,, -1,1,0,1,50,26,9,2021,17:30,1,88,88247,2,2,0,2,Rue de Lorraine,48.274743,6.395604,17,2,2
202100016993,171Â 246,A01,10,3,1,5,0,-1,-1,4,3,1,2021,79.0,1,2,0,1,2,16,1,,4,PIERRE BROSSOLETTE (RUE),0,,2,4,0,2,(1),(1),1,, -1,1,0,1,50,23,9,2021,09:45,1,10,10387,2,3,1,6,PIERRE BROSSOLETTE (RUE),48.29023,4.07611,9,2,1
202100035501,138Â 255,A01,1,1,1,0,2,-1,-1,-1, -1,-1,2021,16.0,1,1,0,2,8,9,5,,4,NORTHWICH (AVENUE DE),0,,1,1,0,1,(1),(1),1,, -1,1,0,1,50,2,6,2021,15:24,1,39,39198,2,1,0,3,28 Avenue de Northwich,47.096674,5.497501,15,2,2
202100007961,187Â 501,B01,1,1,1,5,2,0,-1,-1, -1,-1,2021,54.0,1,1,0,2,1,1,5,,3,INNOCENT SAINT ROUTE DE,0,,2,2,0,2,28,440,2,, -1,1,0,1,50,25,3,2021,17:50,1,73,73008,2,1,1,3,D991,45.71133,5.89321,17,3,2
202100031698,145Â 100,B01,1,1,1,0,1,0,-1,-1, -1,-1,2021,25.0,2,2,0,2,6,2,1,,2,RN12 EXT,0,,3,4,0,1,18,399,1,, -1,1,0,1,90,30,6,2021,15:30,1,78,78322,1,1,0,2,RN12 EXT,48.781623,2.164948,15,2,2
202100020164,165Â 592,A01,1,1,1,5,2,6,9,0,0,-1,2021,38.0,2,1,0,0,4,0,1,,1,A26,0,,3,4,0,2,343,700,3,, -1,1,8,1,130,8,9,2021,12:15,1,10,10216,1,1,0,2,Autoroute A26,48.670363,4.170154,12,2,2
202100037239,135Â 119,B01,2,2,1,0,8,0,-1,-1, -1,-1,2021,47.0,1,2,0,2,3,1,1,,4,HAUTES LEVEES (RUE DES HAUTES LEVEES),0,,2,2,0,1,(1),(1),1,, -1,2,0,1,30,4,5,2021,20:00,1,45,45298,2,1,1,1,Rue des Hautes LevÃ©es,47.884902,1.848821,20,3,2
202100039463,131Â 068,A01,1,1,2,1,1,0,-1,-1, -1,-1,2021,61.0,2,2,0,2,1,2,1,,4,SCHLOESING (BOULEVARD),0,,2,6,3,1,(1),(1),1,, -1,2,0,1,50,18,5,2021,18:00,1,13,13208,2,1,1,2,SCHLOESING (BOULEVARD),43.2739817041,5.4001807669,18,2,2
202100003175,196Â 090,A01,10,3,2,2,0,-1,-1,3,3,1,2021,15.0,0,5,0,1,1,16,1,,3,2,0,,1,2,0,4,0,0,1,, -1,2,0,1,50,13,12,2021,07:10,5,92,92023,2,6,1,6,CLAUDE TREBIGNAUD (AVENUE) BOIS S103,48.8032237186,2.2568589449,7,2,1
202100013404,177Â 772,A01,10,3,2,0,0,-1,-1,2,3,1,2021,49.0,1,2,0,1,1,1,1,,4,RHIN (RUE DU),0,,1,1,0,1,0,0,1,, -1,1,0,1,50,13,10,2021,20:40,5,93,93064,2,2,0,6,RHIN (RUE DU),48.8668948454,2.4977683383,20,2,1
202100003580,195Â 355,B01,2,2,2,2,1,0,-1,-1, -1,-1,2021,16.0,2,2,0,2,4,23,1,,4,GAMBETTA (BOULEVARD),0,,2,3,0,2,0,0,1,, -1,2,0,1,50,7,12,2021,08:07,2,87,87085,2,1,1,2,GAMBETTA (BOULEVARD),45.82973,1.25814,8,3,2
202100050044,112Â 287,B01,2,2,1,5,1,0,-1,-1, -1,-1,2021,1.0,2,2,0,2,7,15,1,,4,ST JEROME (AV),0,,1,1,0,2,0,0,1,, -1,1,0,1,50,25,2,2021,16:10,1,13,13001,2,6,0,3,ST JEROME (AV),43.51743,5.46027,16,3,2
202100000575,200Â 676,A01,10,3,1,5,0,-1,-1,5,B,1,2021,19.0,1,2,0,1,0,26,1,,4,VOULDY (CHAUSSEE DU),0,,2,2,0,1,0,0,3,, -1,1,0,1,50,8,11,2021,20:35,5,10,10387,2,6,1,6,VOULDY (CHAUSSEE DU),48.28971,4.09093,20,2,1
202100021287,163Â 605,A01,10,3,1,9,0,-1,-1,2,3,1,2021,38.0,1,5,0,1,2,1,1,,4,AVENUE GAMBETTA,0,,2,2,0,1,(1),(1),1,, -1,1,0,1,30,2,9,2021,10:15,1,75,75120,2,7,0,6,AVENUE GAMBETTA,48.8648985003,2.3981859393,10,3,1
202100002521,197Â 271,A01,1,1,1,0,2,-1,-1,0,0,-1,2021,32.0,1,1,0,0,1,17,1,,3,4,-1,,2,2,0,1,18,120,3,, -1,1,0,1,80,19,12,2021,17:30,1,64,64504,1,1,0,1,RD4,43.310159,-1.566507,17,2,2
202100030843,146Â 633,B01,1,1,1,0,1,0,-1,-1, -1,-1,2021,45.0,2,2,0,2,8,1,1,,4,HEURTELOUP (BOULEVARD),0,,3,5,0,1,(1),(1),1,, -1,1,0,1,50,3,7,2021,19:34,1,37,37261,2,2,0,6,HEURTELOUP (BOULEVARD),47.3925289266,0.7012681256,19,2,2
202100044119,122Â 811,B01,1,1,1,0,2,-1,-1,-1, -1,-1,2021,22.0,3,1,0,2,1,17,1,,4,ST CYR (DE)                         (R ),0,,2,2,0,1,(1),(1),1,, -1,1,8,1,50,13,4,2021,14:00,1,69,69389,2,3,0,3,SAINT-CY (DE) (R),45.7839,4.8082,14,2,2
202100025782,155Â 604,A01,1,1,2,0,1,5,-1,-1, -1,-1,2021,32.0,3,2,12,2,3,16,1,,3,MARX DORMOY BOULEVARD,0,,3,6,0,1,1,0,1,, -1,2,5,1,50,3,8,2021,03:28,5,93,93046,2,9,1,1,Boulevard Marx Dormoy,48.907332,2.524678,3,2,2
202100046268,119Â 071,B01,1,1,2,5,1,-1,-1,0,0,-1,2021,41.0,2,2,12,2,3,1,1,,2,21,-1,,2,3,0,1,32,830,1,, -1,1,5,1,70,28,3,2021,18:55,1,65,65002,1,3,0,1,N21,43.158784,-0.017467,18,2,2
202100053855,105Â 481,A01,1,1,2,9,2,8,-1,0,0,-1,2021,26.0,3,1,0,2,1,1,1,,4,AVENUE DE LA PORTE D ASNIERES,0,,2,2,0,1,(1),(1),1,, -1,2,0,1,50,23,1,2021,20:30,5,75,75117,2,5,0,3,AVENUE DE LA PORTE D ASNIERES,48.892273,2.301011,20,3,2
202100026522,154Â 291,B01,1,1,1,5,2,-1,-1,0,0,-1,2021,60.0,2,1,0,2,2,15,5,,3,33,-1,,2,1,0,2,(1),(1),1,, -1,1,0,1,50,29,7,2021,17:00,1,41,41104,2,3,0,1,Route de Chambord,47.592318,1.453135,17,2,2
202100016347,172Â 414,A01,1,1,1,1,2,0,-1,0,0,-1,2021,31.0,1,1,0,2,1,2,5,,4,RUE DES PYRENEES,0,,2,3,0,1,(1),(1),1,, -1,1,0,1,30,28,9,2021,09:15,1,75,75120,2,1,0,2,RUE DES PYRENEES,48.856963,2.404467,9,3,2
202100021531,163Â 158,A01,1,1,1,0,2,6,-1,0,0,-1,2021,32.0,2,1,0,2,0,17,1,,3,710,0,,2,2,0,1,40,0,1,, -1,1,0,1,80,2,9,2021,13:30,1,24,24156,1,1,0,5,D710 - Les versannes,45.082104,0.862416,13,3,3
202100042168,126Â 248,B01,1,1,1,4,2,0,-1,-1, -1,-1,2021,61.0,1,1,0,0,0,0,1,,4,EUGENE MOPIN (RUE),0,,2,4,2,1,8,500,1,, -1,1,0,5,30,26,4,2021,10:55,1,76,76351,2,3,0,3,Rue EugÃ¨ne Mopin,49.5173,0.1572,10,2,2
202100042926,124Â 939,A01,10,3,2,2,0,-1,-1,1,3,1,2021,9.0,1,2,0,1,1,1,1,,3,FRIEDBERG (BD DE),0,,2,2,0,1,1,0,1,, -1,1,0,1,50,23,4,2021,16:00,1,94,94079,2,1,0,6,Boulevard de Friedberg,48.832,2.543,16,2,1
202100035311,138Â 588,A01,1,1,2,1,2,0,-1,0,0,-1,2021,32.0,2,0,0,0,7,21,3,,4,QUAI ANDRE CITROEN,0,,2,2,1,1,(1),(1),3,, -1,1,0,5,30,10,6,2021,21:30,2,75,75115,2,1,0,7,QUAI ANDRE CITROEN,48.843651,2.2746,21,1,1
202100044116,122Â 817,A01,1,1,1,9,8,0,-1,-1, -1,-1,2021,19.0,1,1,0,2,4,2,1,,3,ROUTE DEPARTEMENTALE 3,0,,2,0,0,1,3,500,1,, -1,1,0,1,50,13,4,2021,19:50,3,972,97213,1,1,0,6,ROUTE DEPARTEMENTALE 3,14.6255,-60.9894,19,1,1
202100047629,116Â 618,B01,1,1,1,0,8,-1,-1,-1, -1,-1,2021,62.0,2,1,0,2,1,1,5,,4,CHEM D'ORNON,0,,2,2,0,1,(1),(1),1,, -1,1,0,1,50,16,3,2021,15:20,1,33,33192,2,6,0,3,Route de CanÃ©jan,44.76574,-0.63892,15,2,2
202100004960,192Â 923,A01,1,1,1,0,0,-1,-1,0,0,-1,2021,46.0,2,2,13,0,2,1,1,,3,145,0,,2,2,0,1,6,535,2,,"4,8",2,0,1,80,4,12,2021,13:50,2,89,89473,1,1,1,6,D145,47.893053,3.278212,13,1,1
202100005153,192Â 565,A01,10,3,2,1,0,-1,-1,5,9,1,2021,57.0,1,2,1,1,5,2,1,,3,945,0,,2,2,0,2,55,220,1,, -1,5,0,1,50,2,12,2021,17:30,5,3,3099,2,1,1,6,40 Route du Grand Chemin,46.379279,3.034893,17,5,2
202100041526,127Â 385,A01,1,1,1,1,2,6,-1,-1, -1,-1,2021,44.0,2,1,0,2,1,15,1,,4,IENA RUE,0,,2,0,0,1,(1),(1),1,, -1,1,0,1,30,3,5,2021,16:13,1,59,59350,2,2,0,3,IENA RUE,50.62265,3.04882,16,2,2
202100012260,179Â 811,A01,1,1,1,0,8,0,-1,-1, -1,-1,2021,27.0,3,2,0,0,6,24,1,,4,MONTJOIE,0,,1,1,0,1,0,1,1,, -1,1,0,1,50,18,10,2021,10:00,1,93,93066,2,1,0,6,MONTJOIE,48.9107388002,2.3619709597,10,2,2
202100003449,195Â 590,B01,4,2,2,0,1,-1,-1,-1, -1,-1,2021,13.0,2,2,0,2,1,0,1,,3,AV DE STALINGRAD,0,,2,0,0,1,1,0,1,, -1,1,9,1,50,11,12,2021,17:00,5,94,94021,2,1,0,4,Avenue de Stalingrad,48.7603664588,2.3683047295,17,7,4
202100052323,108Â 188,A01,1,1,1,1,2,6,-1,0,0,-1,2021,19.0,1,1,0,2,1,2,1,,4,AVENUE DU PRESIDENT WILSON,0,,1,3,0,2,(1),(1),1,, -1,2,0,1,50,6,2,2021,16:30,1,75,75116,2,3,1,2,AVENUE DU PRESIDENT WILSON,48.864961,2.295883,16,2,2
202100054196,104Â 874,A01,10,3,1,2,0,-1,-1,2,5,1,2021,13.0,3,2,0,1,2,1,1,,4,ROCCA (BOULEVARD),0,,2,2,0,1,(1),(1),1,, -1,1,6,6,30,21,1,2021,07:50,1,71,71270,2,1,0,6,ROCCA (BOULEVARD),46.3117749385,4.8293747547,7,2,1
202100016217,172Â 648,A01,10,3,2,0,0,-1,-1,8,9,1,2021,75.0,3,2,1,1,6,4,1,,4,PRADO (AVENUE DU),0,,1,1,0,1,(1),(1),1,, -1,1,0,1,50,28,9,2021,14:00,1,13,13208,2,9,0,6,PRADO (AVENUE DU),43.2695315236,5.3863810866,14,2,1
202100051212,110Â 138,A01,1,1,2,0,8,-1,-1,0,0,-1,2021,55.0,2,2,0,2,1,0,1,,3,1508,-1,,2,2,1,1,31,150,1,, -1,1,0,1,70,16,2,2021,21:17,3,74,74272,1,1,0,2,D1508,45.948942,6.045935,21,2,2
202100021111,163Â 921,B01,1,1,2,1,1,0,-1,-1, -1,-1,2021,51.0,1,2,0,2,8,1,1,,3,GEORGES POMPIDOU (AV),0,,2,2,0,1,1,0,1,, -1,1,0,1,50,3,9,2021,13:35,1,94,94071,2,2,0,3,Avenue Georges Pompidou,48.77145,2.52498,13,2,2
202100018588,168Â 409,A01,1,1,1,5,2,8,-1,-1, -1,-1,2021,23.0,1,1,0,2,3,17,1,,3,GRANDOU (AVENUE MICHEL),0,,2,2,0,1,2,800,1,, -1,1,0,1,50,11,9,2021,19:50,2,24,24557,2,3,0,3,GRANDOU (AVENUE MICHEL),45.18997,0.74524,19,2,2
202100040491,129Â 227,A01,1,1,1,0,1,0,-1,-1, -1,-1,2021,49.0,3,2,0,2,8,1,0,,7,ALEX ANSALDI (RUE),0,,2,4,0,2,4,300,1,, -1,1,0,1,50,10,5,2021,22:45,5,13,13214,2,2,0,3,ALEX ANSALDI (RUE),43.3358,5.3985,22,2,2
202100034215,140Â 588,B01,1,1,1,0,1,-1,-1,-1, -1,-1,2021,65.0,3,2,9,2,1,19,1,,4,FERNAND PELLOUTIER                  (R ),0,,2,2,0,1,(1),(1),1,, -1,1,0,1,50,15,6,2021,18:15,1,69,69259,1,2,0,3,FERNAND PELLOUTIER (R),45.68963,4.9011,18,2,2
202100002218,197Â 827,B01,2,2,2,5,1,-1,-1,-1,0,-1,2021,25.0,2,2,0,2,4,1,1,,1,AUTOROUTE A15,0,,3,6,0,1,17,100,1,, -1,1,0,1,110,19,12,2021,22:05,3,95,95306,1,1,0,2,AUTOROUTE A15,49.00838,2.15933,22,4,2
202100049314,113Â 613,A01,3,2,1,5,0,-1,-1,0,0,-1,2021,20.0,2,2,0,0,9,1,1,,3,30,0,,2,2,0,1,5,600,3,, -1,1,0,1,90,3,3,2021,15:30,1,14,14745,1,1,0,7,Lieu Dit Ferme l'Ormel,49.362589,-0.899484,15,6,1
202100007111,189Â 054,B01,2,2,2,0,1,8,-1,-1, -1,-1,2021,27.0,2,1,0,2,3,3,1,,1,AUTOROUTE A86,0,,3,6,0,1,21,899,1,, -1,1,1,1,90,20,11,2021,16:15,1,93,93008,1,1,1,3,AUTOROUTE A86,48.9090585619,2.447993002,16,3,2
202100027804,152Â 015,A01,1,1,1,4,2,6,-1,0,0,-1,2021,46.0,2,1,0,2,7,17,1,,3,50,0,,2,2,0,1,10,500,1,, -1,1,0,1,80,21,7,2021,14:40,1,51,51343,1,2,0,3,D50,48.566047,3.703004,14,2,2
202100052784,107Â 378,A01,1,1,2,1,1,-1,-1,0,0,-1,2021,20.0,2,2,0,2,1,2,1,,4,RN 12,0,,3,4,0,1,73,860,1,, -1,2,5,1,50,2,2,2021,08:35,2,29,29019,2,1,1,2,D112 - Rond Point de Pen Ar Chleuz,48.41514,-4.47973,8,2,2
202100015745,173Â 524,A01,2,2,2,5,2,0,-1,0,0,-1,2021,47.0,1,1,12,0,0,14,1,,4,AVENUE DE LA PORTE DE CHATILLON,0,,2,2,0,1,(1),(1),1,, -1,1,0,1,30,30,9,2021,22:40,5,75,75114,2,1,0,7,AVENUE DE LA PORTE DE CHATILLON,48.823346,2.316211,22,2,1
202100020960,164Â 200,B01,1,1,1,5,2,6,-1,0,0,-1,2021,49.0,2,1,0,2,1,1,1,,3,909,0,,2,2,0,2,10,540,3,, -1,1,1,1,80,5,9,2021,15:47,1,73,73123,1,1,0,1,D909 Route du Col des Aravis,45.872152,6.476092,15,3,2
202100032028,144Â 497,B01,1,1,2,0,2,6,-1,0,0,-1,2021,53.0,0,1,0,2,1,1,1,,1,A500,0,A,3,4,0,2,2,600,1,, -1,1,0,1,50,28,6,2021,10:30,1,6,6059,1,9,0,3,A500,43.733861,7.387211,10,2,2
202100041548,127Â 339,A01,3,2,1,0,1,0,-1,0,0,-1,2021,20.0,1,2,1,0,1,1,1,,3,VEYNES ( AVENUE DE  ),0,,-1,2,0,2,69,120,2,, -1,2,0,1,30,30,4,2021,14:26,1,5,5061,2,1,1,6,VEYNES ( AVENUE DE  ),44.55783,6.07147,14,3,1
202100013760,177Â 115,B01,1,1,1,1,2,6,-1,0,0,-1,2021,19.0,3,1,0,2,3,1,1,,4,,-1,,2,2,0,1,(1),(1),1,,4,9,0,1,80,13,10,2021,07:25,2,27,27206,1,1,1,1,rue des granges - RC40,48.7813477,1.0751772,7,2,2
202100020365,165Â 236,A01,1,1,1,0,6,-1,-1,0,0,-1,2021,32.0,3,1,0,2,1,17,1,,4,,-1,,2,2,0,1,(1),(1),1,,4,1,0,1,50,7,9,2021,16:20,1,51,51352,2,3,0,3,Rue Bois Guillaume,48.721559,4.613625,16,2,2
202100001340,199Â 365,B01,7,2,2,5,1,3,-1,0,0,-1,2021,4.0,1,2,0,2,3,21,1,,3,237,0,D,2,2,0,2,0,150,1,, -1,2,0,1,70,25,12,2021,16:45,1,62,62089,1,1,0,1,D237,50.831055,1.656801,16,4,2
202100002157,197Â 932,B01,1,1,1,9,2,6,-1,-1, -1,-1,2021,21.0,2,1,0,2,8,1,1,,4,SAVAR.(RUE JULIETTE),0,,-1,2,0,2,1,0,1,, -1,1,0,1,50,18,12,2021,22:20,5,94,94028,2,2,0,3,Rue Juliette Savar,48.77798,2.46672,22,3,2
202100020830,164Â 411,B01,1,1,1,5,8,-1,-1,-1, -1,-1,2021,18.0,3,1,0,2,7,19,3,,4,HERBOUVILLE (D')                    (CO),0,,1,2,3,1,(1),(1),1,, -1,1,0,1,50,4,9,2021,17:30,1,69,69384,2,3,0,4,HERBOUVILLE (D') (CR),45.77903,4.84103,17,3,3
202100024048,158Â 660,A01,2,2,2,5,2,-1,-1,0,0,-1,2021,28.0,1,1,0,2,1,1,1,,3,740,-1,,2,2,0,1,14,550,2,,6,1,0,1,80,15,8,2021,19:50,1,79,79216,1,3,0,6,,46.239717,-0.311952,19,4,2
202100010433,183Â 073,A01,1,1,1,5,8,8,8,0,0,-1,2021,40.0,2,2,2,0,2,1,1,,7,54,-1,,4,2,0,1,3,320,1,, -1,2,0,3,80,30,10,2021,02:20,3,34,34249,1,1,1,6,Avenue de la MÃ©diteranÃ©e D54,43.728272,3.983316,2,1,1
202100034021,140Â 947,A01,1,1,2,3,1,8,-1,-1, -1,-1,2021,40.0,1,2,6,2,6,4,1,,4,AV JEAN JAURES,0,,-1,2,0,1,0,0,1,, -1,1,0,1,50,16,6,2021,16:20,1,91,91479,2,1,0,2,AV JEAN JAURES,48.70952,2.36708,16,2,2
202100015034,174Â 834,B01,3,2,2,5,3,8,-1,-1, -1,-1,2021,0.0,2,2,0,2,5,1,1,,4,,0,,2,2,0,1,(1),(1),1,, -1,1,5,1,50,3,10,2021,18:30,1,56,56107,2,6,0,3,KERPAPE (RUE DE),47.70599,-3.38873,18,4,2
202100038151,133Â 456,A01,1,1,1,0,1,0,-1,-1, -1,-1,2021,56.0,1,2,0,0,9,1,1,,3,RD 41 (ROCADE),0,,3,4,0,2,0,100,1,, -1,1,0,1,60,26,5,2021,15:15,1,972,97209,1,1,0,6,RD 41 (ROCADE),14.6140836264,-61.0522127153,15,1,1
202100024204,158Â 410,B01,1,1,1,0,1,-1,-1,0,0,-1,2021,34.0,1,2,2,0,6,1,1,,2,12,-1,,3,2,0,1,43,900,1,, -1,1,0,1,110,14,8,2021,22:10,3,78,78389,1,1,0,2,N12,48.801092,1.827736,22,2,2
202100044996,121Â 298,B01,1,1,1,2,2,-1,-1,0,0,-1,2021,17.0,2,1,0,2,1,1,5,,2,5,-1,,2,2,0,2,(1),(1),1,, -1,1,0,1,50,6,4,2021,07:10,2,974,97414,2,2,0,3,Route de Cilaos,-21.270514,55.44339,7,2,2
202100040424,129Â 357,A01,1,1,1,5,2,6,-1,0,0,-1,2021,25.0,2,1,14,0,1,1,1,,3,139,-1,,2,2,0,1,7,950,1,, -1,1,0,1,80,12,5,2021,15:15,1,80,80359,1,1,0,7,route dÃ©partementale 139,49.737655,2.780528,15,1,1
202100008805,186Â 007,A01,2,2,2,3,2,-1,-1,0,0,-1,2021,40.0,1,1,0,2,1,2,1,,3,,-1,,2,2,0,2,0,0,2,,5,1,0,1,50,10,11,2021,16:01,1,95,95489,2,1,0,1,Route de la TÃªte Richard,49.019546,2.352018,16,4,2
202100009658,184Â 443,B01,1,1,1,5,2,-1,-1,0,0,-1,2021,71.0,2,1,0,2,7,1,5,,3,31,0,D,1,1,0,1,5,363,3,, -1,1,0,1,80,2,11,2021,16:00,1,66,66021,1,6,1,3,RD 31,42.726603,2.94661,16,2,2
202100014350,176Â 057,A01,10,3,2,0,0,-1,-1,3,3,1,2021,73.0,1,2,0,1,1,1,0,,4,IRANDATZ ( RUE D'),0,,2,0,0,1,(1),0,1,, -1,1,0,6,50,8,10,2021,08:45,1,64,64260,2,1,1,6,IRANDATZ ( RUE D'),43.353551,-1.773398,8,2,1
202100032018,144Â 516,A01,4,2,1,5,8,-1,-1,0,0,-1,2021,21.0,1,2,13,2,7,19,1,,3,52,0,A,2,2,0,1,1,690,1,, -1,1,5,1,70,27,6,2021,17:00,1,39,39458,1,2,0,3,,46.6163,5.6096533,17,6,2
202100004341,193Â 997,A01,7,2,2,2,1,-1,-1,0,0,-1,2021,79.0,2,2,0,0,4,1,1,,1,64,-1,,3,2,0,2,269,483,1,, -1,2,0,1,130,3,12,2021,18:50,3,31,31395,1,1,1,4,A64,43.438586,1.309133,18,9,6
202100000242,201Â 291,A01,1,1,1,0,2,6,-1,-1, -1,-1,2021,63.0,1,1,0,2,1,17,1,,4,,-1,,2,2,-1,1,(1),(1),1,, -1,1,0,1,80,19,10,2021,12:10,1,36,36202,1,2,0,3,217 Avenue de Tours,46.82283,1.65643,12,2,2
202100032666,143Â 377,A01,10,3,1,4,8,8,-1,2,A,1,2021,34.0,0,4,0,1,5,16,0,,4,RU ( DE ),0,,1,1,0,1,0,0,1,, -1,1,0,1,50,18,6,2021,13:00,1,55,55545,2,3,0,7,Cour Clouet,49.1586532127,5.3842178988,13,2,1
202100016372,172Â 369,B01,2,2,1,0,1,0,-1,-1, -1,-1,2021,30.0,2,2,0,0,4,2,1,,3,"""STALINGRAD (AVENUE), NR 88 A 114 BIS""",0,,3,2,0,1,0,1,3,, -1,1,9,1,50,28,9,2021,18:07,1,93,93066,2,1,0,2,88-114bis Avenue de Stalingrad,48.947221,2.372975,18,3,2
202100013234,178Â 084,A01,1,1,1,1,2,6,-1,-1, -1,-1,2021,27.0,1,1,0,2,7,1,1,,3,LIBERATION (ROUTE DE LA),0,,1,1,0,1,0,1,2,, -1,1,5,1,50,13,10,2021,17:55,1,74,74118,2,6,0,3,LIBERATION (ROUTE DE LA),46.177,6.23485,17,2,2
202100025900,155Â 394,A01,10,3,1,5,0,-1,-1,3,3,1,2021,77.0,2,2,0,1,1,1,1,,3,1017,-1,,2,2,0,1,38,500,1,, -1,1,0,1,50,22,7,2021,09:55,1,80,80620,2,1,0,6,Rue Saint-Fursy,49.929,2.934342,9,2,1
202100045058,121Â 189,A01,1,1,1,5,1,-1,-1,0,0,-1,2021,85.0,1,2,0,2,1,5,1,,3,17,0,,2,2,0,1,22,480,2,, -1,1,0,1,80,5,4,2021,10:20,1,71,71397,1,1,0,1,D17,46.393196,4.630394,10,2,2
202100029020,149Â 859,A01,1,1,2,5,1,-1,-1,0,0,-1,2021,35.0,1,2,13,0,3,1,1,,3,610,-1,,2,2,0,1,13,720,1,, -1,1,0,3,80,15,7,2021,02:30,3,11,11042,1,1,0,6,Canal du Midi,43.213027,2.59316,2,1,1
202100011825,180Â 584,A01,1,1,1,0,2,6,-1,-1, -1,-1,2021,15.0,2,1,0,0,0,9,1,,3,TREBEURDEN (ROUTE DE),0,,2,2,0,1,1,0,1,, -1,1,0,1,30,20,10,2021,14:45,1,22,22113,2,1,0,7,TREBEURDEN (ROUTE DE),48.7506965216,-3.4922704695,14,1,1
202100017668,170Â 042,A01,1,1,2,0,1,0,-1,0,0,-1,2021,72.0,1,5,16,0,2,21,1,,4,AGRIMONT CORNICHE D',0,,2,1,0,2,(1),(1),1,, -1,1,0,1,30,20,9,2021,16:05,1,6,6123,2,1,0,1,AGRIMONT CORNICHE D',43.67546,7.183448,16,2,2
202100054344,104Â 624,B01,1,1,1,5,2,6,-1,-1, -1,-1,2021,76.0,3,1,0,2,0,1,0,,4,CHENE (RUE),0,,2,2,0,1,(1),(1),1,, -1,1,9,1,50,19,1,2021,14:19,1,10,10325,2,9,0,1,CHENE (RUE),48.2594,4.06159,14,2,2
202100009258,185Â 160,B01,1,1,1,9,2,-1,-1,0,0,-1,2021,50.0,1,1,0,2,7,26,1,,3,UZES (ROUTE D'),0,,-1,1,0,1,0,0,3,, -1,1,9,1,50,4,11,2021,13:50,1,30,30007,2,9,0,6,UZES (ROUTE D'),44.1128745746,4.1066796183,13,2,2