Num_Acc,id_vehicule,num_veh,place,catu,sexe,trajet,secu1,secu2,secu3,locp,actp,etatp,year_acc,victim_age,senc,catv,obs,obsm,choc,manv,motor,occutc,catr,voie,v1,v2,circ,nbv,vosp,prof,pr,pr1,plan,lartpc,larrout,surf,infra,situ,vma,jour,mois,an,hrmn,lum,dep,com,agg_,int,atm,col,adr,lat,long,hour,nb_victim,nb_vehicules
202100012333,179Â 690,B01,2,2,2,5,2,-1,-1,0,0,-1,2021,16.0,1,1,0,2,1,1,1,,2,7,0,A,3,5,1,1,13,200,1,, -1,1,5,1,50,20,10,2021,12:50,1,69,69243,2,3,0,3,EDOUARD HERRIOT (AV),45.889291,4.456072,12,3,2
202100040847,128Â 622,B01,1,1,1,5,2,-1,-1,0,0,-1,2021,49.0,1,1,0,2,8,1,5,,3,71,0,,2,2,0,2,1,185,3,, -1,1,0,1,50,8,5,2021,18:55,1,1,1249,2,2,0,3,MontÃ©e Neuve,45.825338,4.94212,18,2,2
202100049374,113Â 505,A01,2,2,1,5,1,0,-1,-1, -1,-1,2021,81.0,1,2,13,0,1,1,1,,4,MAX DORMOY (AVENUE),0,,2,2,0,2,(1),(1),1,, -1,1,0,1,50,3,3,2021,10:20,1,71,71486,2,1,0,7,MAX DORMOY (AVENUE),46.64192,4.32692,10,2,1
202100049322,113Â 602,B01,1,1,1,5,0,-1,-1,0,0,-1,2021,28.0,1,1,0,2,1,1,1,,2,7,-1,,2,2,0,1,(1),(1),1,, -1,1,0,1,50,6,2,2021,00:05,3,978,97801,1,1,0,1,RN7 - Entre l'impasse Custard Apple et impasse des Goyaves - Belle Plaine,18.060762,-63.042727,0,2,2
202100012192,179Â 925,B01,1,1,1,5,0,-1,-1,0,0,-1,2021,4.0,3,1,0,2,7,19,5,,4,REGIMENT D'INFANTERIE (PLACE DU 12EME),0,,1,1,0,1,(1),(1),1,, -1,1,0,1,50,19,10,2021,18:20,1,65,65440,2,7,0,3,REGIMENT D'INFANTERIE (PLACE DU 12EME),43.23634,0.06528,18,3,2
202100039666,130Â 685,A01,1,1,1,4,1,0,-1,-1, -1,-1,2021,40.0,1,5,0,2,1,5,1,,3,444,0,,2,2,0,1,2,79,1,, -1,1,0,1,70,17,5,2021,17:21,1,91,91312,1,1,0,5,RD 444,48.73579,2.22943,17,3,3
202100047030,117Â 708,B01,1,1,1,-1,0,0,0,-1, -1,-1,2021,21.0,-1,1,0,2,7,-1,1,,3,PORT DE COURBETON (RUE DU),0,,2,3,0,2,2,940,3,, -1,1,0,1,50,22,3,2021,12:25,1,77,77409,1,1,0,1,D133,48.4041195425,2.9752757327,12,2,2
202100016419,172Â 290,A01,1,1,1,5,2,6,9,0,0,-1,2021,78.0,3,1,0,0,0,1,1,,3,290,-1,,2,2,0,2,31,200,2,, -1,1,0,1,80,28,9,2021,16:20,1,7,7034,1,1,0,7,2759 Route Touristique des Gorges Vers Vallon Pont d Arc,44.330798,4.541994,16,1,1
202100039075,131Â 791,A01,1,1,1,5,2,0,-1,-1, -1,-1,2021,58.0,1,1,12,0,1,14,1,,4,MARS 1962 (RUE DU 19),0,,2,2,0,1,0,0,1,, -1,2,0,1,50,19,5,2021,16:41,1,87,87075,2,1,1,7,MARS 1962 (RUE DU 19),45.809,1.22582,16,1,1
202100037779,134Â 133,B01,1,1,1,5,2,-1,-1,-1, -1,-1,2021,17.0,2,1,0,2,8,17,1,,4,ALSACE LORRAINE (BOULEVARD),0,,1,4,0,2,(1),(1),2,, -1,1,0,1,50,28,5,2021,14:20,1,51,51172,2,1,0,3,Boulevard dâAlsace Lorraine,49.21648,4.048,14,3,2
202100014759,175Â 332,B01,1,1,1,4,1,0,-1,-1, -1,-1,2021,31.0,1,3,0,2,2,1,1,1.0,4,LECLERC (DU MARECHAL),0,,2,4,3,1,(1),(1),1,, -1,1,0,1,50,6,10,2021,14:50,1,974,97411,2,1,0,3,LECLERC (DU MARECHAL),-20.879776,55.450915,14,2,2
202100037615,134Â 423,A01,1,1,1,5,1,8,-1,0,0,-1,2021,72.0,1,2,1,0,2,14,1,,4,RUE DU SAINT GOTHARD,0,,1,1,0,1,(1),(1),1,, -1,1,0,1,50,29,5,2021,15:55,1,75,75114,2,2,0,6,RUE DU SAINT GOTHARD,48.830201,2.334894,15,1,1
202100013751,177Â 129,A01,1,1,1,5,1,-1,-1,0,0,-1,2021,72.0,1,2,13,0,1,1,1,,3,cd618,-1,,1,1,0,1,77,70,3,, -1,1,0,3,80,12,10,2021,11:30,1,66,66024,1,1,0,7,,42.51673,2.833314,11,1,1
202100008008,187Â 419,A01,1,1,1,0,8,0,-1,0,0,-1,2021,31.0,1,1,0,2,8,13,5,,4,QUATRE EGLISES (RUE,0,,2,3,3,1,(1),(1),1,, -1,1,0,1,30,15,11,2021,20:12,5,54,54395,2,1,0,3,QUATRE EGLISES (RUE,48.6873,6.18365,20,2,2
202100000028,201Â 710,B01,1,1,1,3,2,6,-1,-1, -1,-1,2021,18.0,1,1,0,2,1,21,1,,4,GOSSELIN ( RUE ALFRED ),0,,2,2,0,1,(1),(1),1,, -1,2,0,1,50,27,11,2021,19:00,5,62,62126,2,1,1,3,GOSSELIN ( RUE ALFRED ),50.517782,2.684274,19,2,2
202100050769,110Â 931,A01,1,1,1,9,2,6,-1,0,0,-1,2021,21.0,1,1,0,2,4,2,1,,4,RUE DU FAUBOURG SAINT ANTOINE,0,,2,2,0,1,(1),(1),1,, -1,1,0,1,30,19,2,2021,21:50,5,75,75112,2,1,0,2,RUE DU FAUBOURG SAINT ANTOINE,48.849108,2.391012,21,2,2
202100008631,186Â 313,A01,1,1,1,5,2,-1,-1,0,0,-1,2021,58.0,2,1,0,0,0,1,6,,3,238,0,D,2,2,0,1,16,268,1,, -1,2,0,1,50,11,11,2021,11:45,1,62,62105,2,1,0,7,245 Route de Wierre-Effroy,50.746193,1.758779,11,1,1
202100047639,116Â 600,A01,2,2,1,9,1,0,-1,-1, -1,-1,2021,33.0,3,2,0,2,6,13,1,,4,SAINT ANTOINE A SAINT JOSEPH (CHEMIN DE),0,,2,2,0,1,(1),(1),1,, -1,1,0,8,50,15,3,2021,14:45,1,13,13215,2,1,0,3,SAINT ANTOINE A SAINT JOSEPH (CHEMIN DE),43.359266,5.365013,14,3,2
202100045075,121Â 163,B01,1,1,1,5,2,-1,-1,0,0,-1,2021,79.0,3,1,0,2,1,16,5,,4,RD,0,A,1,1,0,1,(1),(1),1,, -1,1,0,1,30,6,4,2021,09:58,1,95,95394,2,1,0,3,rue moliÃ¨re,49.0617650695,2.1758744631,9,2,2
202100016292,172Â 512,A01,1,1,1,1,2,6,-1,0,0,-1,2021,20.0,3,1,0,0,9,1,1,,4,,-1,,2,1,0,1,(1),(1),1,,3,1,0,1,80,30,9,2021,08:35,1,72,72321,1,1,0,7,Lieu Dit la Relandiere,48.066541,-0.142795,8,1,1
202100055726,102Â 255,A01,2,2,2,5,1,-1,-1,0,0,-1,2021,20.0,1,2,2,0,1,1,1,,3,62,0,A,2,2,0,1,5,700,1,, -1,7,0,1,80,9,1,2021,18:15,3,1,1202,1,1,0,6,D62a,45.877872,5.30513,18,2,1
202100052600,107Â 701,B01,1,1,1,0,1,-1,-1,0,0,-1,2021,54.0,1,2,6,2,7,1,1,,3,114,-1,,2,2,0,1,13,900,1,, -1,1,0,1,-1,4,2,2021,09:30,1,47,47262,1,2,0,3,D114,44.138563,0.758389,9,2,2
202100001717,198Â 722,A01,1,1,1,0,1,-1,-1,-1, -1,-1,2021,68.0,1,2,1,0,3,13,1,,4,LAHAYE (RUE MAURICE),0,,1,1,0,1,(1),(1),1,, -1,1,0,1,50,21,12,2021,10:05,1,51,51573,2,1,0,7,Rue Maurice Lahaye,49.244081,3.998451,10,1,1
202100004181,194Â 282,A01,9,2,2,5,1,-1,-1,0,0,-1,2021,19.0,2,2,8,0,7,1,1,,3,190,0,D,2,2,0,2,6,500,1,, -1,7,0,3,80,5,12,2021,07:00,2,84,84144,1,1,0,6,"PK 6+500, D190",43.89439,5.551357,7,2,1
202100018165,169Â 142,A01,1,1,1,5,2,0,-1,-1, -1,-1,2021,21.0,2,1,0,2,1,15,5,,4,DAMPIERRE (QUAI),0,,2,2,0,1,(1),(1),1,, -1,1,0,1,50,19,9,2021,22:00,5,10,10387,2,2,0,3,DAMPIERRE (QUAI),48.299,4.076,22,2,2
202100019407,166Â 943,A01,1,1,1,5,2,-1,-1,0,0,-1,2021,62.0,0,1,0,2,1,2,1,,3,33,-1,,2,2,0,1,(1),(1),3,, -1,1,8,1,50,6,9,2021,11:15,1,38,38261,2,6,0,2,Route d Argent,45.672738,5.471181,11,2,2
202100015439,174Â 112,B01,1,1,1,5,2,-1,-1,-1, -1,-1,2021,20.0,2,1,0,2,7,1,1,,7,M6   451.640 A 451.790,0,,1,4,0,1,452,0,2,, -1,1,3,1,70,27,9,2021,11:10,1,69,69081,1,1,0,3,M6   451.640 A 451.790,45.77264,4.78688,11,2,2
202100054377,104Â 565,A01,1,1,2,1,2,8,-1,-1, -1,-1,2021,45.0,1,1,0,1,1,1,5,,4,BOURGUIGNON (RUE JEAN) SUD,0,,2,2,0,2,0,0,1,, -1,1,5,1,50,19,1,2021,18:00,2,92,92063,2,3,0,6,BOURGUIGNON (RUE JEAN) SUD,48.86694,2.18062,18,2,1
202100003926,194Â 737,A01,1,1,1,1,2,-1,-1,-1, -1,-1,2021,24.0,2,1,0,2,1,3,1,,2,ROUTE NATIONALE 89,0,,3,4,0,2,48,247,1,, -1,2,0,1,90,9,12,2021,08:40,1,33,33013,1,1,0,2,ROUTE NATIONALE 89,44.86825,-0.49446,8,3,2
202100035830,137Â 660,B01,2,2,1,0,1,-1,-1,0,0,-1,2021,79.0,1,2,0,0,3,1,1,,3,117,-1,R,2,2,0,2,20,170,4,, -1,1,0,1,80,9,6,2021,12:25,1,73,73257,2,1,0,1,D117,45.385491,6.503735,12,3,2
202100025209,156Â 603,A01,2,2,2,5,1,-1,-1,0,0,-1,2021,78.0,2,2,3,0,9,14,1,,1,89,-1,,3,2,0,2,208,900,1,, -1,2,9,3,130,7,8,2021,13:30,1,19,19227,1,1,1,6,A89,45.3072913328,1.6778376142,13,2,1
202100000941,200Â 068,A01,1,1,2,5,8,-1,-1,0,0,-1,2021,39.0,1,2,3,2,3,14,1,,3,1006,-1,,2,2,0,1,32,515,2,, -1,1,0,1,70,30,12,2021,20:20,3,73,73228,1,1,0,1,RD 1006,45.542192,5.87819,20,2,2
202100033436,142Â 008,B01,1,1,1,5,2,0,-1,-1, -1,-1,2021,24.0,1,1,0,2,1,1,5,,4,ALBERT DRU (R),0,,2,2,0,2,37,0,1,, -1,1,0,1,50,19,6,2021,17:00,1,94,94071,2,4,0,3,Rue Albert Dru,48.762626,2.51984,17,2,2
202100005946,191Â 166,A01,1,1,1,4,2,6,-1,-1, -1,-1,2021,22.0,1,1,0,0,7,16,3,,4,GILLES (RUE CHARLES),0,,1,3,3,1,(1),(1),3,, -1,2,0,1,30,27,11,2021,20:28,5,37,37261,2,3,1,7,GILLES (RUE CHARLES),47.3882949225,0.6898017973,20,1,1
202100045236,120Â 865,A01,1,1,2,2,2,6,-1,0,0,-1,2021,15.0,1,1,0,2,1,2,1,,3,JAURES JEAN (AVENUE),0,,2,2,0,1,44,240,1,, -1,1,0,1,50,30,3,2021,13:50,1,12,12145,2,1,0,2,JAURES JEAN (AVENUE),44.10851,3.08144,13,2,2
202100008789,186Â 035,A01,1,1,1,1,2,6,-1,0,0,-1,2021,49.0,3,1,0,1,2,1,1,,4,27,0,,2,2,0,1,(1),(1),1,, -1,1,0,1,50,10,11,2021,05:50,4,95,95527,2,1,0,6,27 Rue Jean Moulin,49.003969,2.509563,5,2,1
202100029779,148Â 558,A01,10,3,1,0,0,-1,-1,1,3,1,2021,67.0,1,3,0,1,2,26,1,1.0,4,RAUGRAFF (RUE),0,,1,1,0,1,(1),(1),1,, -1,1,0,1,30,9,7,2021,10:15,1,54,54395,2,1,0,6,RAUGRAFF (RUE),48.6890614077,6.1823087186,10,2,1
202100034426,140Â 195,B01,4,2,1,5,3,0,-1,0,0,-1,2021,8.0,1,2,0,2,6,2,1,,4,PORTE DE SEVRES,0,,1,3,0,1,(1),(1),1,, -1,1,0,1,70,13,6,2021,21:20,2,75,75115,2,4,0,2,PORTE DE SEVRES,48.832739,2.279497,21,3,2
202100012939,178Â 607,A01,1,1,2,1,1,-1,-1,0,0,-1,2021,27.0,1,2,0,2,1,1,1,,3,24,0,D,2,2,0,1,23,150,1,,4,1,5,1,70,24,9,2021,07:10,2,29,29031,1,2,1,3,Lieu dit Kersalut,47.8018851,-3.603939,7,4,2
202100017302,170Â 724,A01,1,1,1,5,2,6,-1,0,0,-1,2021,22.0,2,1,0,2,1,1,1,,4,160,0,D,2,2,0,2,(1),(1),4,, -1,1,0,1,50,26,9,2021,04:45,5,201,201041,2,1,0,1,Avenue Charles de Gaulle,41.387696,9.164245,4,2,2
202100050735,110Â 997,A01,1,1,1,5,2,0,-1,-1,0,-1,2021,27.0,3,1,0,2,4,9,1,,4,HAUTE (HAUTE),0,,1,1,0,1,(1),(1),1,, -1,2,6,1,50,18,2,2021,12:45,1,95,95197,2,2,1,3,HAUTE (HAUTE),48.977259,2.327421,12,2,2
202100044289,122Â 499,A01,1,1,1,0,2,0,-1,0,0,-1,2021,16.0,2,1,0,2,1,1,1,,3,FAURE DU  SERRE ( RUE ),0,,1,2,0,1,69,950,1,, -1,1,0,1,50,9,4,2021,18:45,1,5,5061,2,1,0,2,FAURE DU  SERRE ( RUE ),44.5614,6.08158,18,2,2
202100027860,151Â 920,C01,1,1,1,0,1,8,-1,-1, -1,-1,2021,20.0,2,2,0,2,1,12,1,,1,A507 sens Aubagne- Marseille,0,,1,3,0,1,1,379,3,, -1,1,1,1,70,21,7,2021,07:45,1,13,13055,1,1,0,2,A507 sens Aubagne- Marseille,43.3298875067,5.3947033882,7,3,3
202100020106,165Â 686,A01,1,1,1,1,8,0,-1,0,0,-1,2021,22.0,2,1,0,2,8,1,3,,4,BOULEVARD ARAGO,0,,2,4,1,2,(1),(1),1,, -1,1,0,1,30,8,9,2021,09:00,1,75,75113,2,3,0,3,BOULEVARD ARAGO,48.835045,2.346365,9,2,2
202100001486,199Â 129,A01,1,1,1,9,2,6,-1,-1, -1,-1,2021,26.0,1,1,12,0,5,1,1,,4,SAINT PIERRE (RUE),0,,-1,2,0,1,0,0,1,, -1,2,0,1,50,24,12,2021,02:11,5,13,13205,2,1,1,6,SAINT PIERRE (RUE),43.29585,5.4111,2,1,1
202100027822,151Â 984,A01,1,1,1,0,2,6,9,0,0,-1,2021,15.0,3,1,2,0,0,0,1,,4,,0,,2,2,2,1,32,500,2,,4,1,0,3,50,22,7,2021,11:25,1,68,68091,1,1,0,6,Rue de l Europe,47.908245,7.579778,11,1,1
202100024442,157Â 992,A01,1,1,1,1,8,-1,-1,0,0,-1,2021,16.0,1,1,9,0,7,1,1,,3,14,0,,2,2,0,1,23,450,2,,4,1,0,1,50,12,8,2021,14:25,1,45,45335,2,3,0,6,33 Route de Tigy,47.800724,2.139153,14,1,1
202100043711,123Â 559,A01,2,2,2,4,1,-1,-1,0,0,-1,2021,24.0,2,5,2,0,1,13,1,,3,4,0,D,2,2,0,2,3,2,1,, -1,1,0,3,80,17,4,2021,14:11,1,7,7042,1,1,0,6,,44.386507,4.620985,14,2,1
202100018036,169Â 388,B01,1,1,1,5,1,-1,-1,0,0,-1,2021,33.0,1,2,0,2,1,1,1,,7,2089,-1,,2,2,0,2,70,800,2,, -1,2,0,1,80,18,9,2021,20:00,3,63,63345,1,1,1,1,D 2089 ROUTE DU MONT DORE,45.706663,3.03492,20,2,2
202100027783,152Â 053,A01,10,3,1,5,0,-1,-1,9,B,-1,2021,9.0,1,2,0,1,3,1,1,,4,HENRI MANIGART (RUE),0,,2,2,0,1,0,0,1,, -1,1,0,1,30,21,7,2021,15:05,1,93,93001,2,1,0,6,HENRI MANIGART (RUE),48.913148,2.398542,15,2,1
202100037885,133Â 944,A01,1,1,1,1,2,6,-1,0,0,-1,2021,34.0,2,1,0,2,8,1,1,,7,98,-1,,2,2,0,2,5,150,2,, -1,1,2,1,70,28,5,2021,21:15,3,83,83047,1,1,0,3,3600 Chemin Long,43.131041,6.063069,21,2,2
202100045564,120Â 287,B01,1,1,1,0,8,0,-1,-1, -1,-1,2021,63.0,1,1,1,0,1,1,5,,4,MAILLETS (RUE DES) NÂ° PAIRS 14 ET >,0,,2,2,0,1,0,0,1,, -1,1,0,1,50,31,3,2021,10:30,1,72,72181,2,1,0,3,MAILLETS (RUE DES) NÂ° PAIRS 14 ET >,48.01254,0.20645,10,2,2
202100021889,162Â 506,A01,1,1,2,5,0,-1,-1,0,0,-1,2021,76.0,2,0,0,2,1,13,3,,4,,-1,,2,2,2,2,(1),(1),3,,4,1,9,1,30,31,8,2021,15:30,1,17,17161,2,1,0,1,7 rue des marais,46.184344,-1.314043,15,2,2
202100037931,133Â 865,B01,1,1,1,5,2,-1,-1,0,0,-1,2021,44.0,1,1,0,2,4,2,5,,3,986,0,A,3,4,0,2,8,100,2,, -1,1,0,1,80,29,5,2021,18:30,1,63,63470,1,1,0,2,D986,45.870529,3.025725,18,2,2
202100019283,167Â 167,A01,1,1,1,5,2,6,-1,0,0,-1,2021,37.0,2,1,4,2,0,1,1,,3,d1091,0,D,2,2,0,2,21,770,4,, -1,1,0,1,90,30,8,2021,11:40,1,5,5079,1,1,0,6,Route dÃ©partementale 1091,45.04169,6.421552,11,2,2
202100035354,138Â 514,A01,1,1,1,5,2,-1,-1,0,0,-1,2021,25.0,2,1,0,2,1,0,1,,3,7,-1,,2,2,2,1,77,100,1,,4,1,0,1,80,11,6,2021,19:10,1,83,83004,2,3,0,3,RN7,43.4618126936,6.5290117264,19,3,2
202100015597,173Â 803,A01,1,1,2,5,8,-1,-1,0, -1,-1,2021,22.0,1,2,13,0,1,13,1,,4,STADE RUE DU,0,,2,2,0,3,(1),(1),3,, -1,1,5,8,50,1,10,2021,13:41,1,29,29232,2,4,0,6,Rue du Stade,48.00231,-4.08161,13,1,1
202100052654,107Â 606,B01,3,2,1,4,2,8,-1,-1, -1,-1,2021,54.0,1,1,0,2,1,15,0,,3,REPUBLIQUE (AVE DE LA),0,,2,4,0,1,28,1500,1,, -1,1,0,1,50,3,2,2021,19:30,5,83,83137,2,3,0,2,REPUBLIQUE (AVE DE LA),43.11997,5.93285,19,4,2
202100036477,136Â 499,A01,1,1,1,0,8,0,-1,-1, -1,-1,2021,34.0,1,0,0,0,0,1,3,,3,JEAN JAURES (R),0,,1,1,0,1,0,0,1,, -1,2,0,1,50,4,6,2021,09:00,1,94,94076,2,1,1,7,JEAN JAURES (R),48.7920152968,2.3665188659,9,1,1
202100018186,169Â 104,B01,1,1,1,5,8,0,-1,-1, -1,-1,2021,23.0,2,1,0,2,1,1,3,,4,VAL DE BEAUTE (AV DU),0,,2,1,2,1,1,0,1,, -1,1,0,1,30,18,9,2021,18:00,1,94,94052,2,1,0,1,VAL DE BEAUTE (AV DU),48.8325,2.47761,18,3,2
202100020468,165Â 048,B01,1,1,1,1,2,6,-1,-1, -1,-1,2021,59.0,0,1,0,2,2,17,1,,7,FOCH RUE DU MARECHAL,0,,2,2,2,1,(1),(1),1,, -1,2,0,1,50,14,5,2021,12:00,1,59,59360,2,1,1,3,FOCH RUE DU MARECHAL,50.615656,3.02013,12,2,2
202100049450,113Â 374,B01,2,2,1,9,1,-1,-1,0,0,-1,2021,12.0,1,2,4,0,4,2,1,,1,71,0,A,3,6,0,1,385,500,1,, -1,1,0,1,110,3,3,2021,19:00,2,63,63113,1,1,0,5,Autoroute A 71 PK 385+500,45.801281,3.148634,19,4,3
202100052334,108Â 172,A01,10,3,2,0,0,-1,-1,3,3,1,2021,63.0,3,2,0,1,1,0,2,,4,ARDOIN(RUE),0,,2,1,0,1,0,0,1,, -1,2,9,6,50,6,2,2021,17:00,1,93,93070,2,1,1,6,ARDOIN(RUE),48.9110636081,2.3256554992,17,2,1
202100006160,190Â 801,A01,1,1,2,0,0,-1,-1,0,0,-1,2021,78.0,2,2,0,2,1,13,1,,3,498,-1,,2,2,0,1,30,550,1,, -1,1,0,1,80,26,11,2021,18:00,3,42,42169,1,1,0,1,D498,45.464721,4.122308,18,3,2
202100055399,102Â 823,B01,1,1,1,3,1,-1,-1,0,0,-1,2021,66.0,0,2,0,2,1,1,1,,3,704,-1,,2,2,0,1,107,400,1,, -1,2,0,1,50,12,1,2021,14:30,1,24,24520,2,9,1,1,Route de l'AbbÃ© Breuil,44.905773,1.207321,14,2,2
202100003455,195Â 579,B01,1,1,1,5,1,0,-1,-1, -1,-1,2021,42.0,3,2,0,2,3,1,1,,4,CENTRE,0,,1,3,0,1,0,0,1,, -1,2,8,1,50,11,4,2021,13:40,1,93,93051,2,3,0,1,CENTRE,48.83845,2.54717,13,2,2
202100017727,169Â 939,B01,1,1,1,5,2,6,9,0,0,-1,2021,35.0,1,1,0,2,8,1,1,,3,27,-1,,2,2,0,1,6,0,1,, -1,1,0,1,50,22,9,2021,08:45,1,2,2830,2,9,1,1,Rue Charles de Gaulle,50.008194,3.607131,8,2,2
202100044805,121Â 625,A01,1,1,1,3,2,6,-1,-1, -1,-1,2021,53.0,2,1,0,2,1,2,1,,3,THIZY  RUE DE,0,,2,2,0,1,55,650,1,, -1,1,0,1,50,7,4,2021,12:00,1,69,69264,1,3,0,2,THIZY (DE) (R),45.991081324,4.704682604,12,2,2
202100003883,194Â 811,B01,1,1,2,5,8,-1,-1,0,0,-1,2021,47.0,2,2,0,2,2,1,1,,3,91,-1,,2,2,0,3,11,100,1,, -1,1,0,1,80,6,12,2021,13:00,1,89,89200,1,3,0,3,D91,47.926703,3.640959,13,2,2
202100013268,178Â 025,B01,1,1,1,1,2,6,-1,-1, -1,-1,2021,14.0,2,1,0,2,4,0,1,,3,,0,,2,2,0,1,41,957,1,, -1,1,0,1,50,11,10,2021,16:53,1,36,36202,2,1,0,2,,46.77579,1.64866,16,2,2
202100036084,137Â 184,A01,1,1,2,5,1,0,-1,-1, -1,-1,2021,19.0,1,2,9,0,2,16,1,,4,BOUVAT (QUAI JULES),0,,1,1,0,1,0,0,1,, -1,1,0,1,30,5,6,2021,13:20,1,7,7281,2,1,0,6,BOUVAT (QUAI JULES),44.94361,4.84142,13,1,1
202100019125,167Â 440,A01,1,1,1,1,2,6,-1,-1, -1,-1,2021,33.0,2,1,0,2,1,9,1,,1,A4,0,,3,10,0,1,9,0,1,, -1,1,1,1,90,13,9,2021,09:00,1,94,94017,1,1,0,2,A4,48.8284416936,2.5027316394,9,2,2
202100031203,145Â 964,A01,2,2,2,5,2,0,-1,-1, -1,-1,2021,21.0,1,1,0,2,0,17,0,,3,LECLERC.(RUE DU GENERAL),0,,2,2,0,1,1,0,1,, -1,1,0,1,50,3,7,2021,04:03,4,94,94028,2,1,0,6,Rue du GÃ©nÃ©ral Leclerc,48.78686,2.46886,4,3,2
202100035208,138Â 766,A01,1,1,1,1,2,2,-1,0,0,-1,2021,50.0,2,1,0,2,1,1,1,,1,VOIE DE DEGAGEMENT OUEST,0,,3,4,0,1,0,0,1,, -1,1,0,1,70,10,6,2021,07:50,1,988,98818,2,1,0,2,VE1 SENS NORD/SUD,-22.25657,166.4487,7,2,2
202100006695,189Â 814,C01,1,1,1,5,1,8,-1,-1, -1,-1,2021,38.0,1,2,0,2,4,2,1,,4,CHARLES KADDOUZ (RUE),0,,2,2,0,1,0,0,1,, -1,1,0,1,50,23,11,2021,17:50,5,13,13212,2,1,0,4,CHARLES KADDOUZ (RUE),43.3150113384,5.4335890989,17,2,2
202100038324,133Â 138,E01,10,3,1,0,8,-1,-1,2,3,1,2021,22.0,1,2,0,1,1,1,1,,7,GRANDE RUE                          (GR),0,,2,2,0,2,2,500,1,, -1,1,0,1,50,25,5,2021,20:30,1,69,69149,2,1,0,6,GRANDE RUE                          (GR),45.7197861584,4.7998050113,20,2,1
202100004984,192Â 879,A01,1,1,1,9,8,-1,-1,0,0,-1,2021,36.0,2,2,0,0,0,17,1,,3,4096,-1,,2,2,0,1,2,70,1,, -1,1,0,3,80,30,11,2021,12:50,1,4,4063,1,1,0,7,RD 4096,43.760708,5.754053,12,1,1
202100046483,118Â 696,A01,1,1,1,1,2,6,-1,-1, -1,-1,2021,33.0,1,1,0,2,3,14,1,,1,AUTOROUTE A1,0,,3,8,0,1,2,400,1,, -1,1,0,1,90,26,3,2021,13:00,1,93,93066,1,1,0,6,AUTOROUTE A1,48.9186405346,2.3576148273,13,1,1
202100046050,119Â 443,B01,1,1,2,4,1,-1,-1,-1, -1,-1,2021,48.0,1,2,0,2,4,23,1,,2,ROUTE NATIONALE 230,0,,3,8,0,1,43,849,1,, -1,1,0,1,90,30,3,2021,09:45,1,33,33249,1,1,0,4,,44.880783,-0.510596,9,3,3
202100044623,121Â 960,A01,1,1,1,5,2,-1,-1,0,0,-1,2021,54.0,3,1,0,2,3,1,5,,4,champ,0,,2,2,0,1,(1),(1),1,, -1,1,0,1,50,10,4,2021,11:00,1,39,39498,2,2,0,3,,47.166154,5.795133,11,2,2
202100001251,199Â 524,B01,1,1,1,1,1,0,-1,-1, -1,-1,2021,34.0,1,2,1,0,4,23,1,,2,AUTOROUTE A86,0,,1,3,0,2,54,891,1,, -1,2,0,1,90,27,12,2021,10:45,1,91,91645,1,1,1,2,N385,48.7598784006,2.2696311721,10,2,2
202100047595,116Â 681,A01,1,1,2,1,8,0,-1,-1, -1,-1,2021,51.0,1,2,0,2,4,1,1,,2,RN104,0,,3,4,0,1,5,400,1,, -1,2,0,1,90,17,3,2021,18:50,3,77,77373,1,1,1,2,RN104,48.78768,2.61761,18,2,2
202100033155,142Â 499,A01,1,1,1,1,2,6,9,0,0,-1,2021,32.0,2,1,0,2,1,13,1,,3,243,-1,,2,2,0,2,2,281,3,, -1,1,0,1,80,15,6,2021,17:15,1,62,62705,1,2,0,2,RD 243,50.809474,1.778648,17,2,2
202100050987,110Â 546,A01,1,1,1,1,8,-1,-1,0,0,-1,2021,33.0,2,2,4,0,5,0,1,,1,A1,0,A,3,5,0,1,158,650,1,, -1,1,0,1,130,19,2,2021,19:00,3,62,62259,1,1,0,4,A1,50.200842,2.878678,19,6,5
202100015802,173Â 423,A01,1,1,1,5,2,6,-1,0,0,-1,2021,60.0,3,1,0,9,1,1,1,,3,343,0,,2,2,0,2,0,0,2,, -1,1,0,1,80,2,10,2021,17:20,1,202,202171,1,1,0,6,D343,42.186048,9.191415,17,1,1
202100031724,145Â 054,B01,1,1,1,5,1,0,-1,-1, -1,-1,2021,20.0,3,2,14,2,1,0,1,,4,ECUYER (EMILE),0,,2,2,0,1,(1),(1),1,, -1,2,0,1,50,29,6,2021,19:40,1,1,1283,2,2,1,3,ECUYER (EMILE),46.255349,5.646656,19,5,2
202100008296,186Â 892,A01,1,1,1,5,1,-1,-1,0,0,-1,2021,69.0,3,2,6,0,1,1,1,,4,,-1,,2,2,0,1,(1),(1),1,,4,1,0,3,80,12,11,2021,14:45,1,86,86073,1,1,0,6,Rue de la Margotterie,46.703298,0.025213,14,1,1
202100053398,106Â 277,A01,1,1,1,1,1,-1,-1,0,0,-1,2021,19.0,2,2,8,0,2,1,1,,3,17,0,,2,2,0,1,5,311,1,, -1,2,0,3,80,29,1,2021,07:45,3,17,17097,1,2,0,6,Le dougnot,45.648698,-0.891223,7,2,2