Num_Acc,id_vehicule,num_veh,place,catu,sexe,trajet,secu1,secu2,secu3,locp,actp,etatp,year_acc,victim_age,senc,catv,obs,obsm,choc,manv,motor,occutc,catr,voie,v1,v2,circ,nbv,vosp,prof,pr,pr1,plan,lartpc,larrout,surf,infra,situ,vma,jour,mois,an,hrmn,lum,dep,com,agg_,int,atm,col,adr,lat,long,hour,nb_victim,nb_vehicules
202100048443,115Â 166,B01,1,1,2,3,2,0,-1,0,0,-1,2021,27.0,2,1,0,2,1,1,5,,4,RUE DE RIVOLI,0,,2,4,1,1,(1),(1),1,, -1,2,-1,5,30,11,3,2021,16:00,1,75,75101,2,7,1,1,RUE DE RIVOLI,48.862154,2.337018,16,2,2
202100019729,166Â 378,A01,1,1,1,1,2,0,-1,0,0,-1,2021,29.0,1,1,0,1,1,1,3,,4,RUE DES PETITES ECURIES,0,,1,1,0,1,(1),(1),1,, -1,1,0,1,30,10,9,2021,09:50,1,75,75110,2,1,0,6,RUE DES PETITES ECURIES,48.873176,2.353291,9,2,1
202100000922,200Â 099,A01,1,1,2,0,1,-1,-1,0,0,-1,2021,21.0,2,2,13,0,2,14,1,,3,100,0,D,2,2,0,2,27,500,2,,5,1,0,1,80,31,12,2021,15:30,1,60,60541,1,1,0,7,D100,49.301677,2.689161,15,1,1
202100043703,123Â 570,A01,1,1,2,5,2,6,-1,0,0,-1,2021,32.0,1,1,0,0,0,0,1,,2,10,0, -,3,4,0,1,41,500,1,, -1,1,0,1,110,18,4,2021,18:10,1,78,78601,1,1,0,7,nationale 10,48.585639,1.832212,18,1,1
202100050583,111Â 271,A01,1,1,1,1,2,8,-1,-1, -1,-1,2021,27.0,2,1,0,2,4,15,5,,3,TRICHARD (RUE YVES),0,,2,2,0,1,0,950,1,, -1,1,5,1,70,22,2,2021,09:08,1,29,29039,1,2,0,6,D122 - Rue Yves Trichard,47.8779918281,-3.8791138112,9,2,2
202100037603,134Â 446,B01,1,1,1,9,2,6,-1,0,0,-1,2021,50.0,1,1,0,2,1,1,3,,4,RUE BELGRAND,0,,2,2,2,1,(1),(1),1,, -1,1,0,1,50,29,5,2021,15:40,1,75,75120,2,2,0,3,RUE BELGRAND,48.864663,2.404634,15,2,2
202100014928,175Â 029,B01,1,1,1,4,1,0,-1,-1, -1,-1,2021,55.0,2,5,0,2,4,2,1,,1,A4,0,,3,4,0,1,10,699,1,, -1,1,0,1,90,6,10,2021,18:35,1,94,94015,1,1,0,4,A4,48.8274267837,2.5250410209,18,3,3
202100033701,141Â 525,C01,1,1,2,0,1,-1,-1,0,0,-1,2021,57.0,2,2,0,2,3,1,1,,3,779,-1,D,2,2,0,1,5,400,1,, -1,1,0,1,80,18,6,2021,18:20,1,56,56158,1,1,0,5,D779,47.698672,-2.795634,18,3,3
202100001460,199Â 175,A01,1,1,1,0,1,0,-1,0,0,-1,2021,47.0,2,2,0,0,1,26,1,,4,COTE BLATIN (BD),0,,1,3,3,1,(1),(1),1,, -1,1,0,1,50,23,12,2021,01:50,5,63,63113,2,1,0,6,COTE BLATIN (BD),45.77027,3.09191,1,1,1
202100033712,141Â 504,A01,1,1,1,5,1,-1,-1,0,0,-1,2021,63.0,2,2,6,0,1,1,1,,3,28,-1,C,2,2,0,4,8,625,1,, -1,1,2,3,80,18,6,2021,20:40,1,38,38398,1,1,0,6,Route Le Mazet ,45.51246,5.67878,20,1,1
202100050815,110Â 849,A01,1,1,1,5,1,-1,-1,0,0,-1,2021,27.0,2,2,13,0,1,1,1,,3,900,-1,B,2,2,0,1,16,40,1,, -1,1,0,3,90,20,2,2021,23:15,3,5,5115,1,1,0,6,Route des 3 Alpes,44.4675064688,6.159653,23,1,1
202100021479,163Â 247,B01,1,1,2,1,2,0,-1,0,0,-1,2021,53.0,1,0,0,2,8,1,3,,4,QUAI LOUIS BLERIOT,0,,2,3,1,2,(1),(1),1,, -1,1,0,5,30,1,9,2021,08:40,1,75,75116,2,4,0,1,QUAI LOUIS BLERIOT,48.849903,2.277153,8,2,2
202100000186,201Â 409,A01,1,1,1,9,1,5,-1,-1, -1,-1,2021,18.0,1,2,0,2,1,1,1,,3,LOGE (RUE DE LA),0,,2,2,0,1,1,0,1,, -1,1,0,1,70,8,12,2021,18:45,5,22,22215,1,1,0,2,LOGE (RUE DE LA),48.47044,-2.80325,18,3,2
202100025831,155Â 520,A01,1,1,1,4,1,-1,-1,0,0,-1,2021,52.0,1,2,0,2,7,13,1,,7,5,-1,D,2,2,0,2,(1),(1),3,, -1,2,0,1,70,4,8,2021,15:00,1,38,38059,1,1,1,3,D5,45.128297,5.777971,15,2,2
202100035467,138Â 313,A01,10,3,2,2,0,-1,-1,5,9,1,2021,17.0,3,3,9,1,7,16,0,1.0,3,VERDUN (COURS DE),0,,2,6,0,1,21,55,3,, -1,1,-1,4,50,9,6,2021,08:05,1,77,77284,2,1,0,6,VERDUN (COURS DE),48.95884,2.87454,8,2,1
202100011263,181Â 603,A01,10,3,2,5,0,-1,-1,3,3,1,2021,16.0,1,2,0,1,2,1,1,,2,1,0,,2,2,0,2,12,250,1,, -1,1,9,1,90,25,10,2021,10:05,1,972,97222,1,1,0,6,RN1,14.667043,-60.964669,10,2,1
202100056463,100Â 976,C01,7,2,2,5,1,-1,-1,0,0,-1,2021,11.0,1,2,0,0,3,1,1,,3,42,-1,,2,2,0,1,20,440,1,, -1,1,5,1,80,2,1,2021,11:30,1,1,1408,1,2,0,5,Pont de Marcou,46.24641,5.423255,11,8,3
202100048581,114Â 916,B01,1,1,1,5,8,0,-1,-1, -1,-1,2021,49.0,1,1,0,2,6,1,3,,3,STALINGRAD (AV DE),0,,1,2,1,1,1,0,1,, -1,1,0,5,50,10,3,2021,14:50,1,94,94076,2,1,0,2,STALINGRAD (AV DE),48.78422,2.3669,14,2,2
202100025368,156Â 317,A01,1,1,1,5,2,-1,-1,0,0,-1,2021,31.0,1,1,0,2,7,17,1,,3,310,-1,,2,2,0,1,0,95,1,, -1,1,0,1,80,6,8,2021,16:20,1,26,26305,1,2,0,3,Route de ,44.600276,4.9015331,16,2,2
202100015435,174Â 120,A01,1,1,1,5,1,0,-1,-1, -1,-1,2021,21.0,2,2,0,2,3,1,1,,1,A7-Sens Marseille vers Lyon,0,,-1,4,0,1,277,0,1,, -1,1,0,1,90,2,10,2021,12:44,1,13,13215,1,1,0,2,A7-Sens Marseille vers Lyon,43.3499553521,5.3688884818,12,2,2
202100024896,157Â 156,A01,1,1,1,9,2,6,-1,0,0,-1,2021,36.0,2,1,0,2,6,1,1,,4,QUAI DE BERCY,0,,1,2,0,1,(1),(1),1,, -1,1,0,1,50,9,8,2021,10:10,1,75,75112,2,1,0,4,QUAI DE BERCY,48.834764,2.380937,10,4,4
202100034146,140Â 726,A01,1,1,1,9,1,-1,-1,0,0,-1,2021,49.0,1,2,13,0,1,1,1,,7,21,-1,,3,2,0,2,21,118,1,, -1,1,0,3,70,16,6,2021,23:35,3,34,34077,1,1,0,7,RD21,43.651188,3.897561,23,1,1
202100017090,171Â 082,B01,1,1,1,1,2,6,-1,-1, -1,-1,2021,61.0,2,1,0,2,1,1,1,,3,VERDUN (PL DE),0,,2,4,0,1,1,0,1,, -1,1,5,1,50,22,9,2021,20:30,5,94,94042,2,9,0,3,Place de Verdun,48.820106,2.474182,20,2,2
202100026478,154Â 366,B01,1,1,1,5,8,0,-1,-1, -1,-1,2021,17.0,1,1,0,2,1,26,0,,3,VIALENC (CARREFOUR DU),0,,1,1,0,1,1,268,2,, -1,1,5,1,50,28,7,2021,20:28,1,15,15014,2,6,0,6,Giratoire du Vialenc,44.92237,2.42802,20,2,2
202100004603,193Â 548,B01,1,1,1,1,9,-1,-1,0,0,-1,2021,60.0,1,1,0,2,1,1,5,,3,1075,-1,,2,2,1,1,76,665,1,,4,1,5,5,50,3,12,2021,07:10,2,38,38565,2,3,0,3,Rue du Peuil,45.277687,5.648298,7,2,2
202100056294,101Â 272,A01,10,3,1,0,0,-1,-1,4,3,2,2021,6.0,1,5,0,1,1,1,1,,3,DIVISION LECLERC (AVENUE),0,,2,2,0,1,0,0,1,, -1,2,0,1,50,4,1,2021,18:12,5,93,93007,2,1,1,6,DIVISION LECLERC (AVENUE),48.9443,2.46395,18,3,1
202100047645,116Â 590,B01,1,1,1,5,2,6,-1,-1, -1,-1,2021,50.0,1,1,0,2,1,1,1,,4,DENELLE (PLACE DUFOUR),0,,2,0,0,1,0,0,1,, -1,1,5,1,50,15,3,2021,15:50,1,2,2691,2,2,0,3,DENELLE (PLACE DUFOUR),49.84354,3.27875,15,2,2
202100050730,111Â 007,B01,4,2,2,0,1,-1,-1,-1, -1,-1,2021,7.0,2,2,0,2,4,23,1,,4,FRANCIS DE PRESSENSE                (AV),0,,-1,2,0,1,(1),(1),1,, -1,1,0,1,50,19,2,2021,11:25,1,69,69259,2,1,0,2,FRANCIS DE PRESSENSE                (AV),45.7190941137,4.8686735629,11,4,2
202100012185,179Â 937,A01,1,1,1,1,2,-1,-1,-1, -1,-1,2021,52.0,1,1,0,2,2,17,1,,4,GUSTAVE BRINDEAU (RUE),0,,2,2,0,1,0,0,1,, -1,1,0,1,50,18,10,2021,08:30,1,76,76351,2,2,0,2,GUSTAVE BRINDEAU (RUE),49.48794,0.14464,8,2,2
202100026017,155Â 173,B01,1,1,1,1,1,0,-1,-1, -1,-1,2021,55.0,2,2,0,2,1,1,3,,3,911,0,,1,4,1,1,0,0,1,, -1,1,5,1,50,1,8,2021,01:30,5,92,92024,2,2,0,3,JEAN JAURES (BD) DE (1 A 45)   (2 A 54),48.9000173959,2.3062035441,1,3,2
202100036241,136Â 904,B01,1,1,1,5,8,0,-1,-1, -1,-1,2021,21.0,1,1,0,2,8,11,0,,7,ROUTE NATIONALE 20,0,,3,4,0,1,(1),(1),1,, -1,1,0,1,50,5,6,2021,16:02,1,45,45302,2,1,0,3,Rue Nationale 20,47.94552,1.89229,16,2,2
202100043676,123Â 608,A01,1,1,1,0,2,6,-1,0,0,-1,2021,33.0,1,1,0,2,1,5,1,,4,,-1,,2,2,0,1,(1),(1),3,, -1,1,0,1,30,17,4,2021,20:00,1,60,60539,2,1,0,1,Rue Frederic Kuhlmann,49.291547,2.507769,20,2,2
202100000677,200Â 503,B01,2,2,2,2,1,0,-1,-1, -1,-1,2021,17.0,3,2,0,0,5,2,1,,7,CHEMIN DEPARTEMENTAL 9 (EST),0,,1,2,0,3,1,233,1,, -1,1,3,1,90,8,6,2021,08:00,1,13,13117,1,1,0,2,CHEMIN DEPARTEMENTAL 9 (EST),43.42605,5.26696,8,3,2
202100014938,175Â 011,A01,1,1,1,4,1,-1,-1,0,0,-1,2021,18.0,1,5,0,0,2,1,1,,3,CD  579,0,,2,2,0,1,5,199,1,, -1,2,0,1,80,25,7,2021,11:10,1,14,14304,1,1,1,7,D579,49.379847,0.239359,11,1,1
202100003050,196Â 318,B01,1,1,2,1,1,-1,-1,-1,0,-1,2021,43.0,1,2,0,2,4,2,1,,1,AUTOROUTE A15,0,,3,10,0,2,7,800,1,, -1,1,0,1,110,14,12,2021,16:20,2,95,95582,1,1,0,4, A15,48.9631852731,2.264868021,16,3,3
202100028226,151Â 241,A01,1,1,1,1,2,6,-1,0,0,-1,2021,34.0,2,1,0,0,8,1,1,,3,50,-1,,2,2,0,1,8,180,2,, -1,1,0,3,50,19,7,2021,10:45,1,85,85128,2,1,0,7,Route de Champagne,46.451027,-1.154782,10,1,1
202100027687,152Â 225,B01,2,2,1,0,8,0,-1,-1, -1,-1,2021,16.0,0,1,0,2,0,2,3,,4,MONTGOLFIER                         (R ),0,,1,1,0,1,(1),(1),1,, -1,1,0,1,50,21,7,2021,23:30,5,69,69386,2,2,0,3,GARIBALDI (R),45.77196,4.84988,23,3,2
202100037432,134Â 748,A01,1,1,1,5,1,5,-1,0,0,-1,2021,19.0,1,2,13,0,2,14,1,,3,RD 6015,0,,2,3,0,1,33,85,1,, -1,1,0,3,80,30,5,2021,16:15,1,27,27701,1,1,0,6,RD 6015,49.25222,1.18453,16,1,1
202100043244,124Â 363,A01,1,1,1,5,0,-1,-1,0,0,-1,2021,84.0,3,0,0,2,1,13,3,,4,,0,,2,2,0,1,(1),(1),1,, -1,1,0,1,80,22,4,2021,16:50,1,39,39528,1,1,0,1,,47.255065,5.612866,16,2,2
202100015688,173Â 626,A01,1,1,1,4,1,-1,-1,0,0,-1,2021,58.0,0,4,13,0,9,1,1,,3,955,0,,2,2,0,1,(1),(1),1,, -1,1,0,8,80,30,9,2021,11:30,1,28,28252,1,1,0,6,D955,48.252659,0.997117,11,1,1
202100001845,198Â 502,B01,1,1,1,0,2,0,-1,-1, -1,-1,2021,25.0,3,1,0,2,1,1,5,,4,BARROIS (RUE DU DOCTEUR),0,,2,2,0,2,0,0,1,, -1,1,0,1,50,21,12,2021,07:45,2,83,83137,2,2,0,3,BARROIS (RUE DU DOCTEUR),43.13012,5.94798,7,2,2
202100050812,110Â 854,A01,1,1,1,5,2,6,-1,0,0,-1,2021,56.0,2,1,0,2,3,13,1,,3,908,0,,2,2,0,1,11,300,1,, -1,1,0,1,80,21,2,2021,17:55,2,54,54327,1,1,0,3,RD 908  ,48.7184606141,5.853867531,17,5,2
202100044321,122Â 446,B01,1,1,1,1,2,6,-1,0,0,-1,2021,26.0,2,1,0,0,8,1,1,,3,670,0,D,3,2,0,1,66,380,1,, -1,1,5,1,50,13,4,2021,07:45,1,33,33352,2,2,1,3,Chemin de Ronde,44.583094,-0.033678,7,2,2
202100005844,191Â 345,A01,1,1,1,5,1,0,-1,-1, -1,-1,2021,27.0,1,2,13,0,2,1,1,,1,A5A PROVINCE / RN 105,0,,1,2,0,1,1,0,3,, -1,2,0,2,70,28,11,2021,15:40,1,77,77495,1,1,0,6,A5A PROVINCE / RN 105,48.594611,2.634037,15,1,1
202100040314,129Â 542,A01,1,1,1,9,8,0,-1,-1, -1,-1,2021,57.0,3,2,0,2,7,1,1,,4,,0,,2,4,0,1,0,0,1,, -1,1,5,1,50,10,5,2021,19:55,2,91,91471,2,2,0,3,FERME (RUE DE LA),48.68481,2.18361,19,2,2
202100034453,140Â 146,A01,10,3,2,1,0,-1,-1,3,3,1,2021,56.0,1,2,0,1,1,1,1,,3,161,0,,2,4,3,1,0,1,1,, -1,1,0,1,50,14,6,2021,08:38,1,92,92049,2,1,0,6,DORMOY AVENUE MARX NÂ°2 A 100,48.8100462858,2.3192122579,8,2,1
202100002134,197Â 977,A01,1,1,1,0,8,0,-1,-1, -1,-1,2021,26.0,1,1,0,2,3,1,5,,4,NATIONALE RUE NÂ°2 - 178B-1 - 171,0,,1,1,1,1,(1),(1),1,, -1,2,5,1,30,19,12,2021,16:00,2,59,59350,2,3,0,6,NATIONALE RUE NÂ°2 - 178B-1 - 171,50.63524,3.05818,16,2,2
202100007186,188Â 910,A01,1,1,1,5,2,6,-1,-1, -1,-1,2021,50.0,1,1,11,0,0,26,1,,3,D6015,0,,2,3,0,2,69,566,1,, -1,2,8,1,50,14,11,2021,17:59,2,76,76329,1,1,1,7,D6015,49.5675243317,0.488929816,17,1,1
202100035580,138Â 119,A01,10,3,1,0,0,-1,-1,4,5,2,2021,23.0,1,2,0,1,1,15,1,,3,GENERAL DE GAULLE (AVENUE) (PAIRS),0,,2,4,0,1,0,0,1,, -1,1,0,1,50,9,6,2021,12:35,1,92,92036,2,3,0,6,CHEMIN DES RENIERS (AVENUE DU),48.9344816922,2.3208859563,12,2,1
202100047813,116Â 289,A01,1,1,1,0,2,6,-1,-1, -1,-1,2021,50.0,2,1,0,2,1,1,1,,4,LIEUTAUD (COURS)      2 A 52,0,,1,1,0,1,(1),(1),1,, -1,1,0,1,50,15,3,2021,12:50,1,13,13206,2,1,0,3,LIEUTAUD (COURS)      2 A 52,43.290883,5.383328,12,4,2
202100024062,158Â 639,B01,1,1,2,5,2,7,-1,0,0,-1,2021,27.0,1,1,0,2,8,1,1,,3,207,-1,,2,2,0,1,8,700,1,, -1,1,0,1,80,15,8,2021,15:30,1,14,14209,1,2,0,3,D207,49.256246,-0.816792,15,2,2
202100040167,129Â 803,A01,10,3,1,0,0,-1,-1,4,3,1,2021,67.0,0,3,0,1,1,1,-1,1.0,4,,-1,,2,2,-1,1,(1),(1),1,, -1,1,0,1,50,11,5,2021,11:13,1,63,63113,2,2,0,6,131 SOUS LES VIGNES (RUE),45.80268,3.10754,11,2,1
202100000091,201Â 587,B01,1,1,1,9,2,0,-1,-1, -1,-1,2021,42.0,1,1,0,2,0,13,1,,3,GERE(RUE DE),0,,2,2,0,1,0,0,2,, -1,1,0,1,50,2,10,2021,16:00,1,38,38544,2,1,0,3,GERE(RUE DE),45.52827,4.87844,16,2,2
202100044628,121Â 950,A01,1,1,1,1,1,-1,-1,0,0,-1,2021,35.0,2,2,8,2,3,13,1,,1,,-1,,2,2,0,1,9,50,3,, -1,1,3,1,70,9,4,2021,20:00,1,85,85191,1,6,0,1,A87,46.672717,-1.358587,20,2,2
202100046360,118Â 900,A01,1,1,1,1,2,6,-1,0,0,-1,2021,46.0,2,1,0,2,7,17,1,,4,PAGNOL (BOULEVARD MARCEL),0,,2,2,0,2,(1),(1),1,, -1,1,0,1,50,26,3,2021,16:20,1,6,6069,2,3,0,3,PAGNOL (BOULEVARD MARCEL),43.64519,6.94134,16,2,2
202100001958,198Â 300,A01,1,1,1,4,1,-1,-1,0,0,-1,2021,37.0,1,4,8,0,1,1,1,,1,7,-1,,1,5,0,1,240,200,1,, -1,1,7,1,70,11,9,2021,01:05,5,13,13051,1,1,0,1,Autoroute A7 PK 240+200 sens Nord-Sud,43.594099,5.172329,1,1,1
202100056281,101Â 294,A01,1,1,1,1,8,0,-1,0,0,-1,2021,51.0,1,0,0,0,0,1,3,,4,BOULEVARD JULES FERRY,0,,1,3,1,1,(1),(1),1,, -1,2,-1,5,30,4,1,2021,20:15,5,75,75111,2,1,0,7,BOULEVARD JULES FERRY,48.867994,2.368292,20,1,1
202100022303,161Â 768,A01,1,1,1,5,8,0,-1,0,0,-1,2021,47.0,1,1,0,9,8,1,5,,4,RUE DE RIVOLI,0,,2,3,1,1,(1),(1),1,, -1,1,0,5,50,27,8,2021,16:30,1,75,75101,2,2,0,1,RUE DE RIVOLI,48.861496,2.339143,16,2,2
202100022728,160Â 973,B01,1,1,1,0,2,6,-1,-1, -1,-1,2021,34.0,3,1,0,2,9,1,1,,4,PETIT CHANGE (BOULEVARD DU),0,,2,2,0,2,(1),(1),1,, -1,1,0,1,50,20,8,2021,19:35,1,24,24322,2,3,1,3,PETIT CHANGE (BOULEVARD DU),45.1836,0.73499,19,2,2
202100003667,195Â 201,A01,1,1,1,0,2,0,-1,-1, -1,-1,2021,25.0,2,1,0,2,1,1,0,,4,VILLENEUVE-ANGOULEME (AVENUE DE,0,,1,1,0,1,(1),(1),1,, -1,1,0,1,30,9,12,2021,05:20,5,34,34172,2,1,0,1,VILLENEUVE-ANGOULEME (AVENUE DE,43.58883,3.86579,5,2,2
202100008557,186Â 440,B01,1,1,1,5,2,6,9,0,0,-1,2021,24.0,1,1,0,2,1,2,1,,3,994,-1,,2,2,0,2,34,320,3,, -1,1,5,1,90,11,11,2021,16:00,1,5,5016,1,3,0,1,La BÃ¢tie-MontsalÃ©on   RD 994 Grison (ArrÃªt de bus),44.466464,5.750678,16,3,2
202100001841,198Â 508,A01,10,3,2,0,0,-1,-1,2,3,1,2021,75.0,1,1,0,1,1,17,1,,4,REPUBLIQUE (AVENUE DE LA),0,,2,2,0,1,0,0,1,, -1,1,0,1,30,21,12,2021,11:40,1,91,91421,2,9,0,6,REPUBLIQUE (AVENUE DE LA),48.706253,2.455758,11,2,1
202100050901,110Â 695,A01,1,1,1,3,8,-1,-1,-1, -1,-1,2021,61.0,0,1,0,0,0,1,5,,4,HONGRIE (DE),0,,1,-1,0,1,(1),(1),1,, -1,1,0,1,50,19,2,2021,15:00,1,35,35238,2,1,0,7,HONGRIE (DE),48.09131,-1.65723,15,1,1
202100045712,120Â 036,B01,1,1,1,5,2,6,-1,-1, -1,-1,2021,39.0,2,1,6,2,1,2,1,,1,A507 sens Marseille - Aubagne,0,,1,4,0,1,8,475,1,, -1,1,1,1,70,1,4,2021,08:50,1,13,13055,1,1,0,2,A507 sens Marseille - Aubagne,43.2920141532,5.4243070303,8,2,2
202100045259,120Â 822,A01,1,1,1,0,1,5,-1,-1, -1,-1,2021,22.0,2,2,1,0,1,14,1,,4,JOSEPH DARRIET (RUE),0,,1,1,0,1,0,0,1,, -1,1,0,1,50,3,4,2021,02:20,5,93,93007,2,1,0,6,JOSEPH DARRIET (RUE),48.94622,2.45584,2,2,1
202100004861,193Â 103,A01,9,2,1,5,1,3,-1,0,0,-1,2021,7.0,1,2,2,0,2,1,1,,3,77,-1,,2,2,0,1,0,750,2,, -1,2,0,3,50,4,12,2021,23:00,3,2,2321,2,9,1,6,Rue de la louviere,49.853411,3.892288,23,3,1
202100007465,188Â 406,B01,1,1,1,1,8,0,-1,-1, -1,-1,2021,28.0,0,1,0,2,1,1,0,,3,909,0,,2,3,1,1,0,0,1,, -1,1,0,1,50,18,11,2021,09:50,1,92,92044,2,2,0,3,VIC. HUGO(RUE)077A089 ET 090A110,48.895915191,2.2964724898,9,2,2
202100020233,165Â 469,A01,10,3,1,5,0,-1,-1,3,3,1,2021,79.0,2,2,0,1,2,1,1,,3,BD ARISTIDE BRIAND,0,,2,2,0,1,171,0,1,, -1,1,0,1,50,7,9,2021,09:00,1,91,91589,2,1,0,6,BD ARISTIDE BRIAND,48.687095,2.353918,9,2,1
202100039528,130Â 943,B01,1,1,1,5,0,-1,-1,0,0,-1,2021,12.0,2,1,0,2,7,19,5,,3,,-1,,2,2,0,1,3,898,1,, -1,1,5,1,50,19,5,2021,19:40,2,66,66065,2,9,0,1,Avenue Narcisse Planas,42.604885,2.968769,19,2,2
202100017698,169Â 986,A01,2,1,2,5,2,0,-1,-1, -1,-1,2021,32.0,2,1,0,2,1,1,1,,3,GABRIEL-PERI (AV),0,,2,2,2,1,0,1,1,, -1,1,0,1,50,21,9,2021,00:40,5,93,93070,2,2,0,1,Avenue Gabriel PÃ©ri / Rue des Rosiers,48.9084,2.33264,0,2,2
202100017974,169Â 496,B01,1,1,1,0,1,0,-1,-1, -1,-1,2021,31.0,2,4,0,2,9,1,1,,1,A104,0,,3,2,0,1,16,800,1,, -1,1,0,1,90,20,9,2021,08:50,1,77,77363,1,1,0,2,A104,48.924874,2.629479,8,3,3
202100046005,119Â 522,A01,2,2,2,5,1,-1,-1,0,0,-1,2021,70.0,2,5,3,0,2,11,1,,1,16,0,A,3,1,3,1,152,500,1,, -1,1,8,1,50,30,3,2021,06:45,1,80,80117,1,1,0,6,PK 152.500,50.035533,2.043715,6,2,1
202100011658,180Â 887,B01,1,1,1,1,2,6,-1,-1, -1,-1,2021,40.0,1,1,0,2,7,1,1,,3,Andre Rouy (AV),0,,2,2,0,1,1,0,1,, -1,1,0,1,50,22,10,2021,19:30,5,94,94059,2,3,0,3,Avenue AndrÃ© Rouy,48.81934,2.55795,19,2,2
202100041216,127Â 932,A01,1,1,2,1,1,-1,-1,0,0,-1,2021,54.0,2,2,0,2,1,26,1,,4,,-1,,2,2,0,1,(1),(1),1,,0,1,5,1,50,5,5,2021,07:40,1,33,33003,2,3,0,1,Avenue Jules Ferry,44.93293,-0.504904,7,2,2
202100051458,109Â 719,B01,1,1,1,1,2,6,-1,-1, -1,-1,2021,25.0,2,1,0,2,7,0,1,,3,LAVOISIER (RUE),0,,2,2,0,1,1,1,1,, -1,1,5,1,50,15,2,2021,19:50,5,93,93064,2,3,0,6,LAVOISIER (RUE),48.8621540541,2.4926270559,19,2,2
202100034672,139Â 749,A01,1,1,1,9,2,-1,-1,0,0,-1,2021,17.0,2,1,2,0,1,0,1,,3,74,0,,2,2,0,1,8,580,1,, -1,1,0,1,50,13,6,2021,04:54,2,26,26052,1,1,0,6,Route de la Laupie,44.601377,4.871364,4,1,1
202100024226,158Â 368,A01,10,3,1,5,0,-1,-1,3,3,2,2021,48.0,3,2,0,1,1,0,1,,4,MONT LE COMTE (AVENUE DU),0,,2,4,3,1,(1),(1),1,, -1,1,0,1,50,12,8,2021,19:00,1,76,76351,2,1,0,6,MONT LE COMTE (AVENUE DU),49.51039,0.17926,19,3,1
202100027600,152Â 389,A01,1,1,2,5,1,-1,-1,0,0,-1,2021,56.0,2,2,0,2,3,13,1,,3,7,0,D,2,2,0,1,(1),(1),2,, -1,1,0,1,80,21,7,2021,11:15,1,22,22045,1,1,0,4,D7,48.466206,-2.948338,11,3,3
202100046405,118Â 824,B01,1,1,1,0,2,6,-1,-1, -1,-1,2021,22.0,1,1,0,2,1,1,1,,4,BAUDIN (RUE) 27A83 ET 36 A84,0,,1,2,0,1,0,0,1,, -1,1,0,1,50,27,3,2021,18:45,1,92,92044,2,2,0,3,BAUDIN (RUE) 27A83 ET 36 A84,48.8969698907,2.2819456458,18,2,2
202100023177,160Â 188,A01,2,2,1,5,2,6,9,0,0,-1,2021,12.0,2,1,8,0,0,1,1,,3,518,0,,2,2,0,2,48,300,2,, -1,1,0,3,80,22,8,2021,13:31,1,26,26069,1,1,0,6,D518,44.814374,5.392721,13,2,1
202100016027,173Â 011,B01,1,1,1,1,1,-1,-1,0,0,-1,2021,60.0,1,2,0,0,3,1,1,,3,618,0,,2,2,0,1,21,200,1,, -1,2,0,1,80,29,9,2021,07:55,2,9,9214,1,1,0,1,D618,42.960113,1.086874,7,3,2
202100048402,115Â 239,B01,1,1,1,0,1,0,-1,-1, -1,-1,2021,54.0,2,2,0,2,3,0,1,,3,CD 26,0,,2,2,0,1,15,961,1,, -1,1,0,1,70,10,3,2021,10:18,1,57,57240,1,1,0,1,CD 26,49.15358,6.78702,10,2,2
202100009306,185Â 068,A01,10,3,1,1,0,-1,-1,3,3,1,2021,35.0,1,2,0,1,1,26,1,,4,GENERAL MALLERET JOINVILLE (AV DU),0,,2,2,0,1,1,0,1,, -1,1,0,1,30,5,11,2021,07:50,2,94,94002,2,1,0,6,Avenue du General Malleret-Joinville,48.80235,2.42597,7,2,1
202100036491,136Â 475,A01,1,1,2,0,8,0,-1,-1, -1,-1,2021,18.0,3,1,0,2,1,19,5,,4,4,0,,2,2,0,1,0,0,1,, -1,1,0,1,50,4,6,2021,19:00,1,92,92062,2,1,0,3,JAURES (RUE JEAN) DU 114 AU 2,48.8827021119,2.2405084611,19,2,2
202100031963,144Â 612,A01,10,3,2,5,0,-1,-1,1,3,3,2021,8.0,3,2,0,1,2,1,1,,4,GASSIEN ALEXANDRE (AVENUE),0,,1,1,0,1,(1),(1),1,, -1,1,0,1,50,27,6,2021,18:25,1,95,95277,2,1,0,6,GASSIEN ALEXANDRE (AVENUE),48.99811,2.42706,18,2,1
202100028756,150Â 321,A01,2,2,2,5,1,-1,-1,0,0,-1,2021,22.0,2,2,0,2,1,2,1,,1,26,-1,A,2,4,0,1,136,25,1,, -1,1,0,1,130,17,7,2021,06:15,1,59,59377,1,1,0,2,A26 PK 136+025,50.112075,3.160887,6,3,2
202100029717,148Â 676,A01,2,2,2,5,2,6,-1,-1, -1,-1,2021,22.0,3,1,0,0,0,1,1,,1,A55-Sens Marseille vers Martigues,0,,1,2,0,2,0,100,2,, -1,1,0,1,50,9,7,2021,09:09,1,13,13202,1,1,0,7,A55-Sens Marseille vers Martigues,43.32927,5.35632,9,2,1
202100040215,129Â 714,A01,1,1,1,5,2,6,-1,0,0,-1,2021,26.0,1,1,0,2,3,3,1,,4,PORTE DE BAGNOLET,0,,1,4,0,1,29,600,1,, -1,1,0,1,70,12,5,2021,07:40,1,75,75120,2,1,0,3,PORTE DE BAGNOLET,48.866942,2.41322,7,2,2