Num_Acc,id_vehicule,num_veh,place,catu,sexe,trajet,secu1,secu2,secu3,locp,actp,etatp,year_acc,victim_age,senc,catv,obs,obsm,choc,manv,motor,occutc,catr,voie,v1,v2,circ,nbv,vosp,prof,pr,pr1,plan,lartpc,larrout,surf,infra,situ,vma,jour,mois,an,hrmn,lum,dep,com,agg_,int,atm,col,adr,lat,long,hour,nb_victim,nb_vehicules
202100049557,113Â 175,A01,4,2,1,5,9,-1,-1,0,0,-1,2021,7.0,2,2,0,2,1,1,1,,3,137,0,D,2,2,0,3,5,324,4,, -1,1,2,1,50,2,3,2021,17:30,1,34,34031,1,1,0,1,Chemin de Vias,43.345061,3.423443,17,5,2
202100021519,163Â 174,B01,1,1,1,3,2,6,-1,0,0,-1,2021,22.0,2,1,0,2,1,1,1,,3,239,-1,D,2,2,0,1,18,600,1,, -1,1,0,1,50,1,9,2021,17:20,1,33,33226,2,1,0,1,D239,44.716867,-0.388507,17,3,2
202100006335,190Â 468,A01,1,1,1,0,2,-1,-1,0,0,-1,2021,24.0,1,1,0,2,1,1,0,,3,131,-1,,2,2,0,1,3,577,1,, -1,2,1,1,90,25,11,2021,17:29,3,3,3126,1,1,0,2,D 131,46.092296,3.440523,17,2,2
202100041819,126Â 860,A01,1,1,1,5,2,6,-1,0,0,-1,2021,49.0,2,1,0,2,7,1,1,,4,AVENUE MARCEAU,0,,2,3,3,1,(1),(1),1,, -1,1,0,1,50,30,4,2021,10:30,1,75,75108,2,2,0,3,AVENUE MARCEAU,48.868635,2.299049,10,2,2
202100006034,191Â 010,A01,1,1,2,5,1,-1,-1,0,0,-1,2021,35.0,1,2,0,2,1,1,1,,3,811,-1,,2,2,0,1,19,300,1,, -1,2,0,1,80,27,11,2021,15:50,1,46,46136,1,1,1,1,RD 811,44.511457,1.259281,15,2,2
202100006798,189Â 632,B01,2,2,2,0,1,0,-1,-1, -1,-1,2021,4.0,2,2,0,5,0,0,1,,2,RN12,0,,1,0,0,1,24,0,1,, -1,1,3,1,70,22,11,2021,18:35,3,78,78646,1,1,0,2,RN12,48.793016,2.083524,18,3,2
202100034987,139Â 159,A01,1,1,1,5,8,0,-1,-1, -1,-1,2021,23.0,1,2,0,2,1,11,1,,7,STRASBOURG (BOULEVARD DE),0,,2,2,1,1,(1),(1),1,, -1,1,0,1,50,11,6,2021,02:45,5,59,59512,2,1,0,1,STRASBOURG (BOULEVARD DE),50.6976874819,3.1859491064,2,3,2
202100028945,149Â 987,A01,1,1,2,9,8,0,-1,-1, -1,-1,2021,27.0,2,2,0,2,4,1,1,,2,N6 PROVINCE / N104 INT,0,,1,4,0,1,27,0,1,, -1,1,0,1,90,15,7,2021,13:00,1,91,91617,1,1,0,2,RN6 PROVINCE / RN104 INT,48.6405,2.53555,13,2,2
202100006717,189Â 778,B01,1,1,1,1,1,0,-1,0,0,-1,2021,21.0,1,2,0,2,2,1,1,,4,PORTE DE CHARENTON,0,,1,4,1,1,34,0,1,, -1,1,0,1,70,22,11,2021,09:30,1,75,75112,2,1,0,4,PORTE DE CHARENTON,48.830927,2.402991,9,3,3
202100036193,136Â 997,B01,1,1,1,5,2,6,-1,-1, -1,-1,2021,46.0,1,1,0,2,1,1,1,,1,A50-Sens Marseille vers Aubagne,0,,3,2,0,1,2,500,1,, -1,1,3,1,70,4,6,2021,19:05,1,13,13210,1,4,0,2,A50-Sens Marseille vers Aubagne,43.2851,5.42182,19,2,2
202100043351,124Â 175,B01,1,1,2,9,2,6,-1,0,0,-1,2021,33.0,2,1,0,2,3,1,5,,4,BOULEVARD PASTEUR,0,,1,1,1,1,(1),(1),1,, -1,1,-1,5,50,20,4,2021,09:20,1,75,75115,2,2,0,3,BOULEVARD PASTEUR,48.840387,2.315132,9,2,2
202100025419,156Â 222,A01,10,3,1,0,0,-1,-1,2,4,1,2021,15.0,1,2,0,1,2,16,1,,4,VIEUX CHEMIN (RUE DU),0,,1,1,0,1,0,0,1,, -1,1,0,1,30,5,8,2021,16:25,1,972,97209,2,3,0,6,VIEUX CHEMIN (RUE DU),14.60959,-61.07182,16,2,1
202100018283,168Â 941,B01,1,1,1,9,2,6,-1,-1, -1,-1,2021,34.0,3,1,0,2,3,2,1,,4,FRANCIS DE PRESSENSE                (AV),0,,2,2,2,1,(1),(1),1,, -1,1,0,1,50,17,9,2021,12:00,1,69,69259,2,3,0,3,FRANCIS DE PRESSENSE (AV),45.71732,4.87027,12,2,2
202100053831,105Â 526,A01,1,1,1,4,2,6,-1,-1, -1,-1,2021,23.0,1,1,0,2,1,2,1,,3,GENERAL DE GAULLE (AVENUE DU),0,,1,2,0,1,0,0,1,, -1,2,0,1,50,24,1,2021,21:30,5,91,91687,2,1,0,2,GENERAL DE GAULLE (AVENUE DU),48.678308,2.382686,21,2,2
202100051576,109Â 505,A01,1,1,1,0,2,0,-1,-1, -1,-1,2021,17.0,3,1,0,2,1,1,1,,4,MER (BOULEVARD DE LA),0,,2,2,0,2,0,0,1,, -1,1,0,1,50,13,2,2021,16:40,1,64,64024,2,1,0,4,MER (BOULEVARD DE LA),43.49622,-1.53926,16,3,3
202100046024,119Â 493,B01,1,1,1,0,2,-1,-1,0,0,-1,2021,17.0,1,1,0,2,1,13,1,,3,52,0,D,2,2,0,1,54,870,3,, -1,1,0,1,80,30,3,2021,18:15,1,27,27534,1,1,0,1,D52,49.257209,1.050568,18,2,2
202100037632,134Â 393,A01,1,1,1,0,1,0,-1,-1, -1,-1,2021,23.0,1,2,0,2,1,2,0,,4,COLONGO (RUE PIERRE),0,,2,2,0,1,0,0,1,, -1,1,0,1,50,29,5,2021,14:33,1,93,93073,2,2,0,1,Rue de Normandie / Avenue Pierre Colongo,48.93984,2.58802,14,2,2
202100023765,159Â 138,A01,1,1,1,1,1,-1,-1,0,0,-1,2021,19.0,1,2,17,0,1,1,1,,3,20,-1,,2,2,0,2,(1),(1),1,, -1,1,0,3,80,17,8,2021,10:30,1,87,87201,1,1,0,6,D20,45.829215,1.165124,10,1,1
202100025312,156Â 412,B01,1,1,2,5,1,0,-1,-1, -1,-1,2021,26.0,1,2,0,2,7,15,1,,4,PLOMBIERES (BOULEVARD DES),0,,2,4,0,1,0,0,1,, -1,1,0,1,50,6,8,2021,05:25,5,13,13203,2,2,0,3,PLOMBIERES (BOULEVARD DES),43.3148616542,5.3886176814,5,2,2
202100052904,107Â 153,A01,1,1,2,0,1,0,-1,0,0,-1,2021,73.0,2,2,8,0,2,1,0,,3,MAUPASSANT (AVENUE GUY DE),0,,2,2,0,1,2,435,2,, -1,2,0,1,50,1,2,2021,11:15,1,6,6069,1,1,0,7,MAUPASSANT (AVENUE GUY DE),43.660307,6.905108,11,1,1
202100046820,118Â 088,B01,1,1,1,5,2,6,-1,0,0,-1,2021,55.0,1,1,0,2,1,1,1,,3,559,-1,,2,2,0,1,60,13,1,, -1,1,0,1,70,24,3,2021,19:15,5,83,83070,1,1,0,1,Avenue du Levant,43.150182,6.403184,19,2,2
202100055937,101Â 895,A01,1,1,1,5,2,6,-1,0,0,-1,2021,60.0,2,1,0,0,0,1,1,,4,RUE DE BAGNOLET,0,,2,3,0,1,(1),(1),1,, -1,2,0,1,30,7,1,2021,15:30,1,75,75120,2,1,0,7,RUE DE BAGNOLET,48.86415,2.408082,15,1,1
202100013849,176Â 940,A01,2,2,2,1,1,-1,-1,-1, -1,-1,2021,51.0,1,2,0,9,3,9,1,,3,ARQUERIE,0,,1,1,0,1,1,429,2,, -1,1,0,1,50,11,10,2021,13:20,1,50,50147,2,1,0,6,ARQUERIE,49.06001,-1.43141,13,2,1
202100022755,160Â 926,A01,10,3,1,0,0,-1,-1,2,3,1,2021,35.0,2,2,0,1,2,1,1,,3,MARCEL BOYER (QU),0,,2,5,3,1,0,0,1,, -1,1,0,1,50,23,8,2021,12:15,1,94,94041,2,1,0,1,MARCEL BOYER (QU),48.82188,2.39343,12,2,1
202100028446,150Â 868,A01,10,3,1,5,0,-1,-1,4,3,1,2021,59.0,3,2,0,1,2,1,1,,4,AVENUE DE LA PORTE D ASNIERES,0,,1,4,0,1,(1),(1),1,, -1,1,0,1,50,16,7,2021,23:55,3,75,75117,2,2,0,6,AVENUE DE LA PORTE D ASNIERES,48.892293,2.300996,23,3,1
202100004521,193Â 694,A01,1,1,2,5,1,-1,-1,-1, -1,-1,2021,36.0,3,2,11,0,1,1,1,,4,ETAPE (RUE DE L'),0,,4,2,0,1,(1),(1),1,, -1,2,9,1,30,5,12,2021,13:26,1,51,51454,2,1,1,6,Rue de lâEtape,49.2554562317,4.0282096267,13,2,1
202100002899,196Â 590,A01,1,1,2,1,0,-1,-1,0,0,-1,2021,27.0,0,1,0,2,8,5,3,,4,BEAUVILLE NORD (BOULEVARD DE),0,,2,6,0,1,(1),(1),1,, -1,1,0,1,50,9,12,2021,18:45,5,80,80021,2,1,0,3,BEAUVILLE NORD (BOULEVARD DE),49.89582,2.30931,18,2,2
202100053516,106Â 057,B01,1,1,2,0,1,-1,-1,0,0,-1,2021,33.0,2,2,0,2,3,1,1,,3,22,-1,,2,2,0,1,49,319,1,, -1,2,0,1,80,28,1,2021,16:00,1,76,76458,1,1,0,1,Route d'Auffay,49.756379,1.189916,16,3,2
202100009652,184Â 455,A01,1,1,1,1,6,2,-1,0,0,-1,2021,16.0,1,1,0,0,8,10,1,,3,926,0,D,2,2,0,1,10,606,1,, -1,2,0,1,80,4,11,2021,08:20,1,76,76258,1,1,1,3,Route Departementale 926,49.680583,0.558908,8,2,2
202100045485,120Â 435,A01,1,1,1,5,2,6,9,0,0,-1,2021,20.0,2,1,0,2,1,15,1,,3,541,-1,,2,2,0,2,18,520,4,, -1,1,0,1,50,3,4,2021,14:00,1,26,26146,2,3,1,1,1 Route de Rochecourbiere,44.416416,4.909483,14,3,2
202100045559,120Â 295,A01,1,1,1,5,2,0,-1,-1, -1,-1,2021,26.0,2,1,0,2,1,17,1,,3,ANDRE MAGINOT (BOULEVARD),0,,2,2,0,1,0,547,1,, -1,1,0,1,50,1,4,2021,14:05,1,77,77186,2,1,0,3,ANDRE MAGINOT (BOULEVARD),48.40424,2.69128,14,2,2
202100029099,149Â 735,A01,10,3,1,0,0,-1,-1,5,9,1,2021,49.0,1,3,0,1,7,9,1,2.0,4,LIBERATION (AV DE LA) NÂ° IMP 147 ET+,0,,2,3,0,1,0,0,1,, -1,1,0,1,50,13,7,2021,18:25,1,72,72181,2,1,0,7,LIBERATION (AV DE LA) NÂ° IMP 147 ET+,48.00162,0.18441,18,3,1
202100049391,113Â 475,A01,1,1,1,5,2,6,-1,-1, -1,-1,2021,25.0,1,1,0,2,1,1,1,,4,BARBUSSE (AVE HENRI),0,,2,2,0,1,(1),(1),1,, -1,1,0,1,50,3,3,2021,18:00,1,33,33281,2,3,0,3,Avenue Henri Barbusse,44.85626,-0.64051,18,2,2
202100040051,130Â 008,C01,2,2,1,5,1,-1,-1,-1, -1,-1,2021,27.0,1,2,0,2,4,1,1,,2,R.N. 136,0,,3,4,0,1,21,544,1,, -1,1,0,1,90,13,5,2021,12:00,1,35,35238,1,1,0,4,R.N. 136,48.14222,-1.65548,12,5,4
202100025460,156Â 156,A01,10,3,1,3,0,-1,-1,2,3,1,2021,24.0,2,2,0,1,1,1,1,,7,DIJON (DE) (ROUTE),0,,2,2,0,1,0,0,1,, -1,1,0,1,30,5,8,2021,13:00,1,21,21355,2,1,0,6,DIJON (DE) (ROUTE),47.28536,5.06303,13,2,1
202100030417,147Â 399,A01,1,1,1,1,2,0,-1,0,0,-1,2021,29.0,1,1,0,2,1,2,3,,4,BOULEVARD PONIATOWSKI,0,,2,3,0,1,(1),(1),1,, -1,1,0,1,50,6,7,2021,08:20,1,75,75112,2,2,0,2,BOULEVARD PONIATOWSKI,48.831658,2.397868,8,2,2
202100050864,110Â 761,A01,1,1,1,1,2,0,-1,-1, -1,-1,2021,44.0,1,1,0,9,1,26,1,,3,330,0,,1,1,0,2,0,0,1,, -1,1,0,1,50,19,2,2021,22:10,5,91,91514,2,1,0,6,RTE DE BOUSSY ST ANTOINE,48.679685,2.536226,22,1,1
202100043823,123Â 349,A01,1,1,1,0,1,-1,-1,0,0,-1,2021,52.0,0,2,0,0,1,1,1,,2,31,-1,N,2,2,0,1,64,950,1,, -1,1,5,8,80,17,4,2021,00:45,3,60,60036,1,6,0,7,Route nationale 31,49.388519,2.578826,0,1,1
202100003196,196Â 059,A01,1,1,1,1,8,-1,-1,0,0,-1,2021,34.0,2,2,2,0,1,1,1,,3,5,-1,,2,2,0,1,30,104,1,, -1,2,0,3,80,15,12,2021,05:00,3,10,10017,1,1,0,6,RD 5,48.47588,4.419331,5,1,1
202100042403,125Â 837,A01,2,2,1,4,1,-1,-1,0,0,-1,2021,22.0,2,2,0,0,2,1,1,,1,A13,-1,,3,5,0,1,129,425,1,, -1,1,0,2,130,27,3,2021,15:00,1,27,27091,1,1,0,7,Autoroute A13,49.363413,0.839574,15,2,1
202100024394,158Â 081,A01,1,1,1,5,1,-1,-1,0,0,-1,2021,25.0,1,2,13,0,1,1,1,,3,945,-1,,2,2,0,1,53,(1),2,, -1,1,0,3,90,13,8,2021,16:00,1,3,3099,1,1,0,6,D945,46.364144,3.023322,16,1,1
202100015030,174Â 842,B01,1,1,2,1,1,0,-1,-1, -1,-1,2021,27.0,2,2,0,2,1,1,1,,4,VERDUN (ROUTE DE),0,,2,2,0,1,0,0,1,, -1,1,0,1,50,1,10,2021,14:16,1,57,57666,2,3,0,5,VERDUN (ROUTE DE),49.34211,6.13387,14,3,3
202100030426,147Â 385,A01,1,1,1,0,2,0,-1,-1, -1,-1,2021,18.0,0,1,0,9,7,19,1,,4,DARTOIS BIDOT (PAS),0,,2,1,0,1,1,0,1,, -1,2,0,1,30,5,7,2021,17:45,1,94,94068,2,1,1,6,DARTOIS BIDOT (PAS),48.806618,2.474499,17,1,1
202100004553,193Â 636,B01,1,1,1,0,2,6,-1,-1, -1,-1,2021,35.0,2,1,0,2,1,1,0,,3,JOHN F. KENNEDY (AVENUE),0,,2,2,0,1,0,1,1,, -1,2,0,1,50,5,12,2021,21:50,5,93,93071,2,1,1,1,JOHN F. KENNEDY (AVENUE),48.9384733392,2.5132619184,21,2,2
202100025954,155Â 290,A01,1,1,1,0,1,0,-1,-1, -1,-1,2021,25.0,3,5,3,0,8,1,1,,1,86,0,,3,7,0,1,12,0,1,, -1,1,0,1,50,2,8,2021,05:30,3,92,92078,1,1,0,6,AUTOROUTE A86,48.9275406874,2.3326984048,5,2,1
202100008570,186Â 417,B01,1,1,1,5,2,-1,-1,0,0,-1,2021,68.0,1,1,0,2,4,15,5,,3,44,-1,,1,2,0,1,17,100,1,, -1,1,5,1,50,11,11,2021,10:30,1,29,29058,2,6,0,2,Rond Point de Ker Elo,47.898031,-4.014473,10,2,2
202100017579,170Â 201,B01,1,1,2,1,0,-1,-1,0,0,-1,2021,29.0,3,1,0,2,7,19,3,,3,d16,-1,A,3,4,2,1,0,475,1,, -1,1,-1,5,70,22,9,2021,17:55,1,73,73179,2,6,1,3,D16A avenue jean rostand,45.5936377603,5.886237691,17,2,2
202100027787,152Â 047,B01,1,1,1,0,1,0,-1,-1, -1,-1,2021,34.0,1,1,0,2,1,1,1,,4,,0,,3,0,0,1,0,0,1,, -1,1,0,1,50,21,7,2021,07:10,2,92,92025,2,1,0,3,PRESIDENT SALVADOR ALLENDE (RUE DU),48.9205987177,2.229052484,7,2,2
202100052154,108Â 488,A01,1,1,1,9,2,8,-1,-1, -1,-1,2021,62.0,2,1,0,2,2,17,1,,3,GABRIEL PERI (AVENUE) (60/134),0,,2,2,0,1,0,0,1,, -1,1,0,1,50,8,2,2021,07:55,2,92,92036,2,1,0,3,GABRIEL PERI (AVENUE) (60/134),48.9239068038,2.294664681,7,2,2
202100046667,118Â 351,B01,1,1,1,1,2,8,-1,-1, -1,-1,2021,32.0,2,1,0,2,1,1,1,,4,PRINCIPALE DU PORT (ROUTE) (19/+),0,,2,4,0,1,0,0,1,, -1,1,0,1,50,23,3,2021,21:17,5,92,92036,2,1,0,3,PRINCIPALE DU PORT (ROUTE) (19/+),48.937712,2.277321,21,2,2
202100011759,180Â 695,B01,1,1,1,5,2,0,-1,-1, -1,-1,2021,29.0,1,1,0,2,4,15,1,,4,ESSOMES (AVENUE D'),0,,1,1,0,1,0,0,1,, -1,1,9,8,50,15,4,2021,16:45,1,2,2168,2,9,0,2,ESSOMES (AVENUE D'),49.042908,3.391584,16,2,2
202100033855,141Â 249,A01,2,2,2,0,2,0,-1,-1, -1,-1,2021,14.0,3,1,0,2,1,0,1,,4,SAINT-VINCENT   RUE,0,,2,2,0,1,(1),(1),1,, -1,1,9,1,30,16,6,2021,18:00,1,17,17291,2,1,0,2,SAINT-VINCENT   RUE,46.187965,-1.114974,18,3,2
202100003889,194Â 802,B01,1,1,1,2,2,6,-1,0,0,-1,2021,16.0,1,1,8,2,8,1,1,,3,468,-1,,2,2,0,1,3,780,1,, -1,1,0,1,50,9,12,2021,17:45,5,39,39476,2,3,0,3,44 Grande Rue,47.033252,5.328763,17,2,2
202100023621,159Â 404,B01,1,1,1,0,2,6,-1,-1, -1,-1,2021,24.0,0,1,0,2,1,1,0,,3,JACQUES DUCLOS [CD44] (RUE),0,,3,3,0,1,0,1,1,, -1,1,0,1,50,18,8,2021,18:20,1,93,93005,2,2,0,2,Rue Jacques Duclos / Rue de Madrid,48.949288,2.488923,18,2,2
202100033455,141Â 969,B01,1,1,1,5,2,6,-1,0,0,-1,2021,14.0,2,1,0,2,3,1,1,,3,18,-1,,2,2,0,1,27,119,2,, -1,1,0,1,50,20,6,2021,15:35,1,77,77227,2,3,0,3,Rue de la Gare,48.4827172738,3.3465563319,15,2,2
202100054318,104Â 668,B01,1,1,2,5,1,0,-1,-1, -1,-1,2021,41.0,1,2,0,2,4,23,1,,4,MOULINS (QUAI DE),0,,2,3,0,1,(1),(1),1,, -1,1,0,1,50,19,1,2021,18:20,5,71,71306,2,1,0,2,MOULINS (QUAI DE),46.663617453,4.3500481546,18,2,2
202100028101,151Â 473,A01,1,1,1,0,2,6,-1,-1, -1,-1,2021,60.0,2,1,0,0,9,0,1,,3,CORBEIL (ROUTE DE),0,,3,2,0,1,0,0,1,, -1,1,0,1,50,19,7,2021,04:45,5,91,91549,2,1,0,7,CORBEIL (ROUTE DE),48.63497,2.33366,4,1,1
202100004546,193Â 649,A01,1,1,1,1,2,0,-1,0,0,-1,2021,20.0,2,1,0,9,8,21,1,,4,QUAI DE L HOTEL DE VILLE,0,,2,4,0,1,(1),(1),1,, -1,1,0,1,30,3,12,2021,08:45,1,75,75104,2,4,0,7,QUAI DE L HOTEL DE VILLE,48.855283,2.35257,8,1,1
202100019180,167Â 348,A01,1,1,1,0,2,-1,-1,-1, -1,-1,2021,24.0,1,1,0,2,1,2,1,,4,AVE CARNOT,0,,1,2,0,2,(1),(1),3,, -1,1,0,1,30,12,9,2021,12:10,1,33,33119,2,1,0,2,Avenue Carnot,44.85903,-0.52986,12,2,2
202100031360,145Â 690,A01,1,1,1,5,1,-1,-1,0,0,-1,2021,67.0,2,2,0,2,2,17,1,,3,419,-1,,2,2,0,2,10,750,1,, -1,2,0,1,80,27,6,2021,18:10,1,68,68068,1,4,0,3,D419,47.630405,7.138023,18,3,2
202100032954,142Â 851,B01,1,1,1,1,2,6,9,0,0,-1,2021,55.0,1,1,0,2,2,17,1,,3,268,0,D,2,2,0,1,1,775,1,, -1,1,0,1,50,23,6,2021,17:30,1,76,76159,2,1,0,3,Route de Barville,49.78476,0.64064,17,2,2
202100006395,190Â 365,A01,10,3,2,2,8,8,-1,4,3,1,2021,16.0,2,2,0,1,2,17,1,,4,RAYMOND POMIER (RUE),0,,2,2,0,1,0,100,1,, -1,1,6,1,30,24,11,2021,07:45,1,91,91421,2,1,0,6,RAYMOND POMIER (RUE),48.7048,2.45347,7,2,1
202100021158,163Â 842,B01,1,1,1,5,2,-1,-1,0,0,-1,2021,49.0,2,1,0,2,1,2,1,,7,15,-1,D,2,2,0,1,22,400,2,, -1,1,0,1,80,4,9,2021,18:55,1,13,13050,1,1,0,2,D15,43.650532,5.231735,18,2,2
202100049537,113Â 212,A01,1,1,1,1,8,8,-1,-1, -1,-1,2021,34.0,1,2,8,0,8,17,1,,3,RHIN ET DANUBE(RUE DU),0,,3,4,0,1,0,0,3,, -1,1,0,1,50,1,3,2021,18:40,5,94,94011,2,1,0,6,Avenue Rhin et Danube,48.76904,2.48873,18,1,1
202100018002,169Â 451,A01,3,2,1,0,1,-1,-1,-1, -1,-1,2021,28.0,2,5,0,2,1,12,1,,3,CHAMPAGNE  (  AVENUE),0,,1,2,0,1,23,600,1,, -1,1,0,1,70,18,9,2021,18:00,1,51,51454,2,1,0,2,Avenue de Champagne,49.2189448102,4.0205202948,18,4,2
202100017672,170Â 032,B01,1,1,1,9,2,0,-1,0,0,-1,2021,17.0,1,1,0,2,2,1,5,,4,RUE DE MEAUX,0,,1,1,0,1,(1),(1),1,, -1,1,0,1,30,21,9,2021,10:20,1,75,75119,2,1,0,3,RUE DE MEAUX,48.882062,2.374277,10,2,2
202100005579,191Â 831,B01,1,1,1,1,2,6,-1,0,0,-1,2021,23.0,3,1,0,2,1,1,1,,7,1,0,M,2,2,0,1,(1),(1),1,,5,1,0,1,50,30,11,2021,17:55,5,6,6064,2,3,0,3,1019 Route de la Baronne,43.760518,7.190949,17,2,2
202100042674,125Â 354,A01,1,1,1,0,2,6,-1,-1, -1,-1,2021,30.0,1,1,0,2,1,2,1,,7,JOFFRE (BD MARECHAL),0,,2,2,0,1,1,115,1,, -1,1,5,1,50,24,4,2021,01:05,5,83,83137,2,2,0,3,JOFFRE (BD MARECHAL),43.12342,5.9481,1,3,2
202100050099,112Â 187,B01,1,1,1,9,2,-1,-1,0,0,-1,2021,30.0,2,1,0,2,7,1,1,,3,997,0,D,2,3,0,4,11,470,2,, -1,1,0,1,90,26,2,2021,17:00,1,63,63146,1,3,0,3,D307 - D997,45.71578,3.3788,17,2,2
202100042369,125Â 894,A01,10,3,1,1,0,-1,-1,2,3,1,2021,60.0,1,5,0,1,0,20,1,,3,MARECHAL FOCH (AVENUE) F.BUISSON->PL J.M,0,,1,1,0,1,1,0,1,, -1,1,0,1,50,27,4,2021,08:12,1,93,93049,2,1,0,1,MARECHAL FOCH (AVENUE) F.BUISSON->PL J.M,48.86299,2.50274,8,3,2
202100038189,133Â 383,A01,1,1,1,0,2,6,-1,-1, -1,-1,2021,52.0,1,1,0,2,1,0,1,,1,30 PONTS JUMEAUX  (PERIPH OUEST A620),0,,1,6,0,1,4,256,1,, -1,1,0,1,90,26,5,2021,08:00,1,31,31555,2,1,0,2,30 PONTS JUMEAUX  (PERIPH OUEST A620),43.61578,1.41829,8,2,2
202100047820,116Â 278,B01,1,1,1,1,2,6,-1,0,0,-1,2021,61.0,1,1,0,2,1,17,1,,4,TASSIGNY (AVENUE DELATTRE)RD 6085,0,,2,2,0,2,(1),(1),1,, -1,1,0,1,50,16,3,2021,18:10,1,6,6069,2,1,0,3,TASSIGNY (AVENUE DELATTRE)RD 6085,43.647994,6.92861,18,2,2
202100017777,169Â 840,A01,1,1,1,0,2,6,-1,-1, -1,-1,2021,29.0,2,1,0,2,2,3,1,,1,AUTOROUTE A86,0,,3,3,0,1,27,799,2,, -1,1,0,1,70,21,9,2021,12:10,1,93,93064,1,1,0,6,AUTOROUTE A86,48.8702,2.48263,12,2,2
202100026198,154Â 867,A01,9,2,1,5,8,-1,-1,0,0,-1,2021,19.0,1,2,13,0,2,14,1,,3,11,-1,,2,2,0,2,11,50,1,,"5,5",9,0,3,50,1,8,2021,05:45,2,3,3122,1,1,0,7,les placourauds,46.504241,3.027248,5,3,1
202100043732,123Â 517,A01,1,1,2,4,1,5,-1,-1, -1,-1,2021,22.0,3,1,2,0,1,9,1,,4,BANK (BOULEVARD),0,,1,2,0,1,0,0,2,, -1,1,0,3,30,16,4,2021,09:00,1,974,97416,1,6,0,6,BANK (BOULEVARD),-21.330288,55.472461,9,1,1
202100050027,112Â 319,A01,1,1,1,5,2,6,-1,-1, -1,-1,2021,26.0,2,1,0,2,1,3,1,,2,LORIENT (DE),0,,3,4,3,1,2,380,1,, -1,1,0,1,50,26,2,2021,14:22,1,35,35238,2,9,0,5,LORIENT (DE),48.10682,-1.72809,14,4,3
202100007006,189Â 235,B01,1,1,1,1,2,0,-1,-1, -1,-1,2021,52.0,2,1,0,2,1,2,1,,3,LE PAUTRON (RD 749),0,,3,2,0,1,19,400,1,, -1,1,0,1,90,10,11,2021,07:40,2,86,86066,1,1,0,3,Le Pautron,46.77907,0.54878,7,2,2
202100006515,190Â 161,A01,1,1,1,0,1,-1,-1,0,0,-1,2021,21.0,2,2,0,2,1,13,1,,2,21,-1,,2,2,0,2,4,800,1,, -1,2,0,1,80,24,11,2021,16:30,1,24,24133,1,1,1,1,lieu-dit le meynaud,45.566888,0.974436,16,2,2
202100048982,114Â 194,B01,1,1,1,0,2,0,-1,-1, -1,-1,2021,30.0,1,1,0,2,1,1,5,,4,JEAN JAURES (BOULEVARD) 63/215 - 70/208,0,,2,2,0,1,0,0,1,, -1,1,0,1,50,6,3,2021,19:25,5,92,92012,2,3,0,3,JEAN JAURES (BOULEVARD) 63/215 - 70/208,48.8347522864,2.2428363562,19,3,2
202100009544,184Â 645,B01,1,1,1,1,1,0,-1,-1, -1,-1,2021,20.0,2,5,0,2,1,2,1,,1,A507 sens Aubagne- Marseille,0,,1,3,0,1,2,839,1,, -1,1,1,1,70,4,11,2021,09:00,1,13,13055,1,1,0,2,A507 sens Aubagne- Marseille,43.3299405761,5.4115204811,9,2,2
202100005259,192Â 381,Z01,10,3,2,9,8,8,-1,1,3,1,2021,10.0,3,2,0,1,1,1,0,,4,CHURCHILL WINSTON (BD) IMP DE 13 A 39,0,,3,0,0,1,0,0,1,, -1,1,9,1,30,1,12,2021,19:13,5,72,72181,2,9,0,6,CHURCHILL WINSTON (BD) IMP DE 13 A 39,47.98946,0.21594,19,2,1
202100016613,171Â 944,A01,1,1,1,1,2,0,-1,-1, -1,-1,2021,26.0,1,1,0,2,7,1,1,,1,AUTOROUTE A103,0,,-1,0,0,1,0,300,2,, -1,2,0,1,70,27,9,2021,11:00,1,93,93053,1,1,1,6,AUTOROUTE A103,48.88772,2.4728,11,1,1
202100026665,154Â 045,A01,3,2,2,0,1,-1,-1,-1, -1,-1,2021,16.0,1,2,9,0,1,1,1,,3,FUSILLES (AV. DES),0,,2,2,1,1,10,900,2,, -1,1,0,1,70,28,7,2021,13:30,1,33,33529,1,1,0,6,,44.54305,-1.16019,13,2,1
202100053965,105Â 292,Z01,10,3,1,9,8,8,-1,4,3,3,2021,53.0,1,1,0,1,0,1,0,,4,AVENUE CLAUDE VELLEFAUX,0,,1,1,0,1,(1),(1),1,, -1,2,0,1,50,23,1,2021,17:58,5,75,75110,2,7,0,6,AVENUE CLAUDE VELLEFAUX,48.877625,2.370282,17,2,1
202100037108,135Â 372,B01,1,1,1,5,2,6,9,0,0,-1,2021,23.0,2,1,0,2,1,17,1,,3,164,-1,,2,2,0,1,31,600,1,, -1,1,0,1,90,1,6,2021,21:05,2,88,88316,1,2,0,3,D164,48.234675,5.803244,21,2,2
202100051239,110Â 095,B01,1,1,1,3,1,-1,-1,0,0,-1,2021,40.0,2,2,0,2,1,1,1,,3,D22,-1,,2,2,0,3,26,400,1,, -1,1,0,3,80,11,2,2021,14:35,1,95,95287,1,9,0,1,D22,49.1436486332,2.0478208905,14,2,2