Num_Acc,id_vehicule,num_veh,place,catu,sexe,trajet,secu1,secu2,secu3,locp,actp,etatp,year_acc,victim_age,senc,catv,obs,obsm,choc,manv,motor,occutc,catr,voie,v1,v2,circ,nbv,vosp,prof,pr,pr1,plan,lartpc,larrout,surf,infra,situ,vma,jour,mois,an,hrmn,lum,dep,com,agg_,int,atm,col,adr,lat,long,hour,nb_victim,nb_vehicules
202100014371,176Â 024,B01,2,2,1,9,1,4,-1,-1, -1,-1,2021,52.0,2,2,0,2,4,23,1,,7,DANEMARK (AVENUE DU),0,,3,4,0,1,(1),(1),1,, -1,1,0,1,50,7,10,2021,17:15,1,37,37261,1,1,0,5,DANEMARK (AVENUE DU),47.4301909918,0.6830937825,17,4,3
202100043470,123Â 958,A01,1,1,1,4,1,0,-1,-1, -1,-1,2021,62.0,2,5,1,0,2,2,0,,3,BD DE STALINGRAD ,0,,1,2,0,1,1,0,1,, -1,1,0,1,50,19,4,2021,16:45,1,94,94081,2,1,0,6,Boulevard de Stalingrad,48.798,2.382,16,1,1
202100021424,163Â 359,A01,1,1,1,0,1,0,-1,-1, -1,-1,2021,55.0,1,5,0,2,4,2,0,,2,RTE DE FONTAINEBLEAU,0,,1,4,0,1,4,0,1,, -1,1,0,1,70,31,8,2021,16:20,1,91,91027,1,1,0,2,RTE DE FONTAINEBLEAU,48.717559,2.370785,16,4,2
202100014388,175Â 991,D01,1,1,1,0,2,6,-1,-1, -1,-1,2021,16.0,2,1,0,2,1,1,1,,4,CHAPTAL,0,,2,4,0,1,1,0,1,, -1,1,0,1,50,8,10,2021,08:03,1,22,22278,2,1,0,3,CHAPTAL,48.50943,-2.73451,8,4,4
202100048219,115Â 563,A01,2,2,1,0,1,0,-1,-1, -1,-1,2021,22.0,1,2,3,0,1,16,1,,1,BDL,0,,3,4,0,2,0,490,3,, -1,2,0,1,70,12,3,2021,22:00,3,93,93027,1,1,1,6,BDL,48.92839,2.40294,22,2,1
202100040114,129Â 895,A01,1,1,1,5,1,-1,-1,0,0,-1,2021,25.0,2,2,3,2,1,2,1,,1,9,-1,,3,5,0,1,60,500,1,, -1,1,0,1,130,14,5,2021,06:45,1,30,30169,1,1,0,2,A9 pk 060+500,43.796186,4.306775,6,2,2
202100053496,106Â 094,B01,1,1,1,1,0,0,-1,-1, -1,-1,2021,30.0,1,1,0,2,7,2,3,,3,PROVINS (RTE DE),0,,2,4,0,1,1,0,2,, -1,1,5,1,50,25,1,2021,13:40,1,94,94055,2,6,0,3,Route de Provins,48.7921,2.55513,13,2,2
202100006957,189Â 330,B01,1,1,2,1,1,-1,-1,0,0,-1,2021,19.0,2,2,0,2,2,1,1,,3,118,-1,,2,2,0,2,(1),(1),1,, -1,1,0,1,80,31,10,2021,17:30,2,63,63306,1,3,0,3,RD 01 /  RD 118,45.714005,3.221102,17,3,2
202100048174,115Â 636,A01,1,1,2,5,1,-1,-1,0,0,-1,2021,45.0,1,2,0,2,1,1,1,,3,4.1,2,,2,2,2,1,3,10,1,,4,2,0,1,50,14,3,2021,12:00,1,68,68112,2,3,1,1,3 Route d'Issenheim,47.902808,7.226751,12,3,2
202100000619,200Â 597,A01,1,1,1,0,2,8,-1,-1, -1,-1,2021,77.0,2,1,0,2,1,9,5,,3,LATTRE DE TASSIGNY AVENUE DE L',0,,3,2,0,1,17,45,1,, -1,1,5,1,50,31,12,2021,14:40,1,73,73008,2,6,0,3,D1201 Boulevard MarÃ©chal de Lattre de Tassigny,45.6944490006,5.9004671732,14,2,2
202100020104,165Â 689,A01,10,3,2,5,0,-1,-1,2,3,2,2021,74.0,0,1,0,1,2,5,5,,4,AVENUE PAUL DOUMER,0,,2,2,0,1,(1),(1),1,, -1,1,0,1,30,8,9,2021,14:15,1,75,75116,2,4,0,6,AVENUE PAUL DOUMER,48.861789,2.285728,14,2,1
202100014301,176Â 140,B01,1,1,1,5,1,-1,-1,-1,0,-1,2021,29.0,2,2,0,2,4,2,1,,1,AUTOROUTE A1,0,,3,8,0,1,20,700,1,, -1,1,1,1,90,8,10,2021,20:00,5,95,95527,1,1,0,2, A1,49.022309,2.534376,20,2,2
202100019579,166Â 638,B01,1,1,1,0,8,-1,-1,0,0,-1,2021,38.0,0,1,0,2,1,1,3,,4,,-1,,2,2,0,1,(1),(1),1,,4,1,0,1,-1,11,9,2021,19:10,2,973,97304,2,1,0,1,Rue Thomas Guidiglo,5.157347,-52.643539,19,2,2
202100017845,169Â 722,B01,1,1,1,0,1,-1,-1,-1, -1,-1,2021,31.0,2,2,0,2,4,1,1,,2,RN136,0,,3,4,0,1,8,36,1,, -1,1,0,1,90,20,9,2021,21:10,4,35,35206,1,1,0,2,RN136,48.0812,-1.66106,21,2,2
202100043996,123Â 036,A01,1,1,1,1,1,-1,-1,-1,0,-1,2021,47.0,1,2,0,2,1,1,1,,1,AUTOROUTE A15,0,,3,10,0,1,15,0,1,, -1,1,0,1,110,14,4,2021,16:00,1,95,95306,1,1,0,6,A15,48.9954906632,2.1824552028,16,2,2
202100014684,175Â 464,B01,1,1,2,3,1,-1,-1,0,0,-1,2021,64.0,2,2,6,0,4,16,1,,3,935,0,,2,2,0,1,47,139,1,, -1,2,0,1,80,5,10,2021,11:30,1,65,65223,2,1,0,2,7 rue du pic du midi,43.1958,0.08059,11,2,2
202100024070,158Â 628,A01,1,1,1,5,2,6,-1,0,0,-1,2021,17.0,3,1,14,0,1,1,1,,9,,-1,,-1,2,3,1,(1),(1),1,, -1,1,0,8,-1,16,8,2021,01:10,3,27,27052,2,1,0,6,Voie Verte (Piste cyclable),49.238114,0.708669,1,1,1
202100023267,160Â 027,B01,1,1,1,0,2,8,-1,-1, -1,-1,2021,38.0,2,1,0,2,3,1,1,,4,JUIN (AVENUE DU MARECHAL),0,,2,3,0,1,0,0,1,, -1,1,0,1,50,20,8,2021,10:41,1,66,66136,2,5,0,1,JUIN (AVENUE DU MARECHAL),42.68747,2.90061,10,2,2
202100029153,149Â 636,B01,1,1,1,4,2,6,-1,0,0,-1,2021,25.0,1,1,0,2,2,1,1,,4,QUAI DE MONTEBELLO,0,,2,4,0,1,(1),(1),1,, -1,2,0,1,50,13,7,2021,11:39,1,75,75105,2,3,1,3,QUAI DE MONTEBELLO,48.851931,2.349187,11,2,2
202100037511,134Â 617,A01,1,1,2,3,1,-1,-1,0,0,-1,2021,72.0,2,2,0,2,2,13,1,,3,986,-1,,2,2,0,1,34,500,1,, -1,1,0,1,90,27,5,2021,11:15,1,34,34255,1,1,1,1,Route dÃ©partementale 986,43.705554,3.818843,11,3,2
202100018166,169Â 140,A01,1,1,1,5,8,0,-1,0,0,-1,2021,21.0,0,1,8,0,1,1,1,,7,CORNE D OR (BOULEVARD DE LA),0,,2,2,0,2,(1),(1),4,, -1,1,0,1,50,18,9,2021,06:24,5,6,6159,2,1,0,6,CORNE D OR (BOULEVARD DE LA),43.709479,7.310329,6,1,1
202100009861,184Â 074,B01,2,2,2,5,2,6,-1,0,0,-1,2021,25.0,1,1,0,2,1,1,1,,3,562,-1,,2,2,0,2,68,600,1,, -1,2,0,1,80,1,11,2021,18:20,3,83,83138,1,1,0,3,les clots RD562,43.5987715452,6.698795557,18,6,2
202100015014,174Â 868,A01,1,1,1,0,2,8,-1,-1, -1,-1,2021,15.0,2,1,0,2,1,17,1,,4,CLEMENCEAU (BOULEVARD),0,,2,4,0,1,0,0,1,, -1,1,0,1,50,30,9,2021,17:19,1,66,66136,2,2,0,1,CLEMENCEAU (BOULEVARD),42.7010094765,2.8923962226,17,2,2
202100003301,195Â 868,A01,2,2,1,1,1,-1,-1,0,0,-1,2021,48.0,2,5,3,0,7,14,1,,1,35,0,,3,4,0,1,105,200,1,, -1,1,0,2,130,14,12,2021,16:05,2,68,68118,1,1,0,6,A35,47.738075,7.423134,16,2,1
202100019741,166Â 358,B01,1,1,1,0,2,0,-1,-1, -1,-1,2021,41.0,2,1,0,2,1,19,5,,3,JEANNE (R),0,,2,1,0,1,1,0,1,, -1,2,0,1,50,10,9,2021,18:00,1,94,94055,2,2,1,3,CENTRE (R DU),48.78155,2.52426,18,2,2
202100003000,196Â 412,A01,1,1,2,5,1,-1,-1,0,0,-1,2021,79.0,2,2,0,2,2,9,2,,3,253,0,,2,2,0,1,7,95,1,, -1,1,0,1,50,16,12,2021,09:45,1,15,15140,2,2,0,5,D52,44.949933,2.405432,9,5,3
202100029649,148Â 791,A01,1,1,1,5,2,6,-1,0,0,-1,2021,30.0,1,1,0,0,8,21,1,,1,8,-1,,3,3,0,2,94,0,2,, -1,1,0,1,110,9,7,2021,19:30,1,83,83073,1,1,0,7,A8,43.4018630742,6.3050960715,19,1,1
202100020951,164Â 212,B01,1,1,1,5,2,-1,-1,0,0,-1,2021,31.0,1,1,0,2,7,19,5,,3,449,0,D,4,2,1,1,(1),(1),3,, -1,1,0,1,50,30,8,2021,20:45,2,91,91292,1,6,0,1,D449,48.573626,2.259364,20,2,2
202100045458,120Â 481,A01,1,1,1,1,2,6,-1,-1, -1,-1,2021,29.0,1,1,0,2,1,2,1,,3,2,0,,2,2,1,2,0,0,1,, -1,1,0,1,30,2,4,2021,14:10,1,92,92040,2,1,0,2,RODIN (BOULEVARD),48.8165699747,2.2533720732,14,3,2
202100031155,146Â 044,B01,1,1,2,1,1,0,-1,0,0,-1,2021,21.0,3,2,0,2,3,1,1,,4,POIRIER (RUE DU ),0,,2,2,0,1,1,0,1,, -1,1,0,1,50,30,6,2021,18:00,1,14,14137,2,2,0,3,Rue du Poirier,49.19292,-0.44696,18,2,2
202100027126,153Â 218,L01,1,1,2,3,1,-1,-1,0,0,-1,2021,67.0,0,2,0,0,0,23,1,,3,1009,0,D,3,2,0,1,0,83,1,, -1,1,0,1,80,16,6,2021,09:30,1,6,6079,1,1,0,4,Avenue Jean Mermoz,43.561774,6.950457,9,13,12
202100048010,115Â 923,A01,2,2,1,5,1,0,-1,-1,0,-1,2021,41.0,1,2,0,2,1,14,1,,3,RD 170 ,0,,3,6,0,1,3,950,1,, -1,1,0,1,90,13,3,2021,15:45,1,95,95277,1,1,0,2,RD 170 ,48.97743,2.46752,15,3,2
202100040513,129Â 190,B01,1,1,1,9,2,0,-1,0,0,-1,2021,35.0,1,1,0,2,2,1,5,,4,RUE ETIENNE MARCEL,0,,2,3,1,1,(1),(1),1,, -1,1,0,5,50,10,5,2021,11:45,1,75,75101,2,4,0,3,RUE ETIENNE MARCEL,48.863844,2.349082,11,2,2
202100029481,149Â 093,A01,1,1,1,5,2,6,-1,0,0,-1,2021,45.0,2,1,0,0,7,0,1,,3,90,-1,,2,2,0,1,4,630,1,, -1,1,0,1,80,9,7,2021,14:25,1,49,49050,1,2,0,3,pk 5 D90,47.325807,-0.39422,14,2,2
202100021661,162Â 912,B01,1,1,1,5,2,6,-1,-1, -1,-1,2021,40.0,1,1,0,2,4,23,1,,4,MONUMENT (R DU),0,,2,2,0,2,1,0,1,, -1,1,0,1,50,20,7,2021,22:45,5,94,94017,2,1,0,2,Rue du Monument,48.81227,2.51941,22,2,2
202100016563,172Â 026,A01,10,3,2,9,0,-1,-1,8,B,2,2021,36.0,3,2,9,1,0,26,1,,4,,0,,-1,0,0,1,0,0,1,, -1,1,9,8,50,23,9,2021,18:15,2,92,92004,2,1,0,6,DOCTEUR FLEMING ( AVNUE DU ),48.9328433126,2.2794900835,18,3,1
202100011580,181Â 026,A01,1,1,1,5,8,0,-1,0,0,-1,2021,24.0,3,1,14,0,1,1,5,,5,JACQUES PREVERT (RUE),0,,-1,1,1,1,(1),(1),1,, -1,1,2,5,30,19,10,2021,18:30,2,54,54321,1,1,0,6,voie verte,49.54008,5.8086,18,1,1
202100007862,187Â 685,A01,10,3,2,3,0,-1,-1,1,3,1,2021,61.0,1,5,0,1,4,20,3,,4,PRAIRIAL (R),0,,1,1,0,2,1,0,1,, -1,1,0,1,30,16,11,2021,12:40,1,94,94017,2,1,0,6,Rue Prairial,48.82261,2.50861,12,2,1
202100031904,144Â 726,A01,1,1,1,4,8,0,-1,0,0,-1,2021,23.0,1,0,0,2,7,1,3,,4,RUE DE PATAY,0,,2,2,0,1,(1),(1),1,, -1,2,0,1,50,28,6,2021,20:30,2,75,75113,2,2,1,3,RUE DE PATAY,48.828635,2.369923,20,2,2
202100010936,182Â 181,A01,1,1,1,5,2,6,-1,0,0,-1,2021,27.0,2,1,0,0,0,1,1,,4,RUE DE TOLBIAC,0,,2,3,0,1,(1),(1),1,, -1,1,8,1,30,26,10,2021,16:47,1,75,75113,2,2,0,7,RUE DE TOLBIAC,48.825996,2.353653,16,1,1
202100051599,109Â 462,B01,1,1,1,5,8,0,-1,-1, -1,-1,2021,17.0,3,1,0,2,1,25,3,,4,R D ODESSA ,0,,1,1,0,1,1,0,1,, -1,1,0,1,50,13,2,2021,15:40,1,94,94081,2,1,0,3,Rue dâOdessa,48.795146,2.404349,15,2,2
202100007263,188Â 773,A01,1,1,1,9,1,0,-1,-1, -1,-1,2021,26.0,3,2,0,2,1,15,1,,4,CLUZEL (RUE DU),0,,1,1,0,1,(1),(1),1,, -1,1,0,1,50,19,11,2021,01:35,5,37,37261,2,2,0,1,CLUZEL (RUE DU),47.3825435525,0.685678599,1,2,2
202100051087,110Â 361,A01,1,1,1,1,8,0,-1,0,0,-1,2021,38.0,1,1,8,2,3,15,5,,4,RUE DU TEMPLE,0,,1,3,0,1,(1),(1),3,, -1,1,0,1,50,17,2,2021,12:30,1,75,75103,2,4,0,1,RUE DU TEMPLE,48.8668096515,2.3620036436,12,2,2
202100048910,114Â 333,B01,1,1,2,9,1,-1,-1,0,0,-1,2021,67.0,1,2,0,0,3,0,1,,3,d332,0,,2,2,0,1,35,950,1,, -1,1,0,1,80,7,3,2021,19:45,2,60,60579,1,1,0,1,D332,49.353225,2.877983,19,3,2
202100033303,142Â 241,B01,1,1,2,9,1,-1,-1,-1, -1,-1,2021,51.0,1,2,0,2,3,1,1,,4,CHEVREUL                            (R ),0,,1,1,2,1,(1),(1),1,, -1,1,0,1,50,14,6,2021,16:40,1,69,69387,2,2,0,3,CHEVREUL (R),45.74822,4.84081,16,2,2
202100048347,115Â 340,A01,1,1,2,1,1,-1,-1,0,0,-1,2021,43.0,1,2,0,2,1,2,1,,7,29,-1,,2,2,2,1,15,1291,1,, -1,1,0,1,80,10,3,2021,17:00,1,35,35334,1,3,0,2,La Grande RÃ©autÃ© (Ãpicerie),48.141023,-1.572007,17,2,2
202100054390,104Â 542,A01,1,1,2,5,1,-1,-1,0,0,-1,2021,66.0,2,2,5,0,1,1,1,,3,34,-1,,2,2,0,4,10,600,1,, -1,2,5,8,80,21,1,2021,14:40,1,53,53127,1,6,1,7,Rond point des amÃ©riques,48.432479,-0.492271,14,1,1
202100010074,183Â 690,A01,1,1,1,5,0,-1,-1,0,0,-1,2021,41.0,2,1,0,0,0,26,5,,4,,-1,,1,1,0,2,(1),(1),1,,"1,4",1,0,4,30,31,10,2021,16:25,1,39,39434,2,1,0,7,72 Grande Rue,46.835849,5.708564,16,1,1
202100039009,131Â 913,A01,1,1,1,5,2,-1,-1,0,0,-1,2021,65.0,2,1,0,2,7,17,1,,3,D621,0,,2,2,0,1,31,500,1,, -1,1,9,1,50,21,5,2021,12:00,1,81,81325,2,1,0,3,D621,43.55291,2.17304,12,2,2
202100035251,138Â 688,B01,2,2,2,5,2,0,-1,-1, -1,-1,2021,14.0,3,1,0,2,1,1,1,,4,NORMANDIE,0,,2,2,0,1,(1),(1),1,, -1,2,0,1,50,6,5,2021,19:30,2,62,62065,2,3,0,3,HELLE CHARLES,50.401042,2.836931,19,3,2
202100007936,187Â 556,A01,1,1,1,9,1,-1,-1,-1, -1,-1,2021,24.0,2,2,0,2,5,2,1,,2,RN346  S/N   25.686 A 29.300,0,,3,4,0,1,27,799,1,, -1,2,0,1,90,1,11,2021,10:20,1,69,69256,1,1,0,2,RN346  S/N   25.686 A 29.300,45.79696,4.94084,10,3,2
202100023719,159Â 219,A01,2,2,1,3,1,8,-1,-1, -1,-1,2021,34.0,1,2,0,2,2,1,1,,4,BAS DE GRANGE (RUE ET PLACE),0,,2,2,0,1,(1),(1),1,, -1,1,0,1,50,16,8,2021,20:10,1,18,18279,2,2,0,1,BAS DE GRANGE (RUE ET PLACE),47.2251744978,2.0504133403,20,3,2
202100048856,114Â 431,B01,1,1,1,4,1,0,-1,-1, -1,-1,2021,51.0,3,3,0,2,3,1,3,,3,,0,,2,4,0,3,(1),(1),1,, -1,1,0,6,50,6,3,2021,22:25,5,25,25056,2,2,0,3,Route de Franois,47.22164,5.95221,22,2,2
202100047297,117Â 223,B01,1,1,1,5,2,6,-1,0,0,-1,2021,17.0,2,1,6,2,7,1,1,,4,,-1,,2,2,0,1,(1),(1),1,, -1,1,0,1,50,21,3,2021,11:00,1,17,17219,2,3,0,3,Rue du Grand Breuil,45.833999,-1.098011,11,3,2
202100039166,131Â 616,A01,10,3,2,5,8,8,-1,3,3,1,2021,96.0,2,2,0,1,4,4,1,,4,DAGOBERT (RUE),0,,1,1,0,1,0,0,1,, -1,1,0,1,30,20,5,2021,15:40,1,92,92024,2,2,0,6,DAGOBERT (RUE),48.9044715617,2.3037283049,15,2,1
202100018710,168Â 196,B01,1,1,1,4,1,0,-1,-1, -1,-1,2021,46.0,2,2,0,2,4,2,1,,1,A104,0,,3,4,0,1,11,900,1,, -1,1,0,1,90,16,9,2021,09:05,1,77,77294,1,1,0,4,A104,48.96369,2.6119,9,3,3
202100053065,106Â 868,A01,1,1,2,5,1,0,-1,-1, -1,-1,2021,22.0,2,2,7,0,7,1,1,,3,CÃTE DE LASCANAUX (RN120),0,,1,2,0,1,2,663,2,, -1,2,0,1,90,30,1,2021,12:50,1,15,15014,1,1,1,6,CÃTE DE LASCANAUX (RN120),44.930958,2.426146,12,1,1
202100053050,106Â 897,A01,2,2,1,5,1,0,-1,-1,0,-1,2021,24.0,3,2,8,0,1,15,1,,7,DE GAULLE  (BOULEVARD DU GENERAL),0,,2,2,0,1,(1),(1),1,, -1,2,9,1,50,30,1,2021,03:05,5,59,59512,2,2,1,6,DE GAULLE  (BOULEVARD DU GENERAL),50.68146,3.16791,3,2,1
202100024080,158Â 613,A01,1,1,1,5,2,-1,-1,0,0,-1,2021,38.0,2,1,0,2,3,19,1,,2,2,0,,2,2,0,1,19,200,2,, -1,1,5,1,80,16,8,2021,14:00,1,973,97313,1,3,0,3,Route du Galion - RN 2 PK 19+200,4.782844,-52.422638,14,7,2
202100036321,136Â 767,B01,2,2,2,5,2,6,-1,0,0,-1,2021,18.0,3,1,0,0,8,1,1,,4,,-1,,2,2,0,1,(1),(1),1,,5,1,0,1,80,6,6,2021,16:15,1,72,72024,1,1,0,3,route des forges,48.094104,0.185351,16,3,2
202100015993,173Â 081,A01,1,1,1,5,2,6,-1,0,0,-1,2021,63.0,1,1,0,0,9,13,1,,3,12,-1,,2,2,0,1,45,358,3,, -1,1,0,3,80,1,10,2021,17:20,1,32,32413,1,1,0,7,D12 PK45.358,43.373,0.678,17,1,1
202100005141,192Â 587,A01,1,1,1,0,2,7,-1,0,0,-1,2021,63.0,1,1,0,2,1,2,1,,3,107,0,D,2,2,0,1,11,200,1,, -1,2,0,1,80,2,12,2021,15:45,1,17,17142,1,2,1,2,CD 107,46.192961,-1.082242,15,2,2
202100013228,178Â 094,B01,1,1,1,1,2,6,-1,-1, -1,-1,2021,57.0,2,1,0,2,0,1,1,,4,REPUBLIQUE (BOULEVARD DE LA),0,,2,2,0,1,0,0,1,, -1,1,0,1,50,14,10,2021,07:50,1,77,77083,2,3,0,3,REPUBLIQUE (BOULEVARD DE LA),48.85552,2.58493,7,2,2
202100019656,166Â 509,A01,10,3,1,2,0,-1,-1,4,3,1,2021,16.0,1,2,0,1,1,1,0,,4,ESCARGUEL (COURS LAZARE),0,,2,4,0,1,0,0,1,, -1,1,0,1,50,10,9,2021,07:05,2,66,66136,2,1,0,6,ESCARGUEL (COURS LAZARE),42.69746,2.88945,7,2,1
202100035826,137Â 668,A01,1,1,2,5,1,-1,-1,0,0,-1,2021,43.0,2,2,15,0,7,1,1,,1,40,-1,,1,2,0,1,198,100,2,, -1,1,0,3,130,30,5,2021,14:52,1,1,1320,2,1,0,7,Autoroute A.40 - PK 198+100,46.299828574,4.9004937708,14,3,1
202100040595,129Â 053,A01,2,2,2,5,1,0,-1,-1, -1,-1,2021,19.0,1,1,0,2,0,15,1,,2,ROUTE NATIONALE 1,0,,-1,2,0,1,4,199,1,, -1,1,0,1,50,9,5,2021,13:45,1,972,97213,1,9,0,7,ROUTE NATIONALE 1,14.61983,-60.9947,13,3,2
202100026419,154Â 474,A01,1,1,1,1,1,0,-1,-1, -1,-1,2021,30.0,1,5,4,0,0,11,1,,2,LITTORAL (ROUTE 2 DU),0,,2,-1,0,1,(1),(1),3,, -1,2,0,1,90,29,7,2021,06:10,3,974,97411,1,1,1,7,LITTORAL (ROUTE 2 DU),-20.88114,55.39755,6,1,1
202100014665,175Â 502,B01,1,1,1,1,2,6,-1,-1, -1,-1,2021,26.0,1,1,0,2,2,2,1,,3,,0,,2,0,0,1,0,0,1,, -1,1,0,1,50,6,10,2021,19:25,2,92,92023,2,1,0,3,GENERAL DE GAULLE (AV DU) NÂ°130 A 340 ET,48.7857531889,2.2524166152,19,2,2
202100009821,184Â 139,B01,1,1,1,0,2,8,-1,-1, -1,-1,2021,16.0,2,1,0,2,1,1,1,,4,,0,,2,0,0,1,0,0,1,, -1,1,0,1,50,29,10,2021,20:50,5,92,92025,2,3,0,3,ORGEMONT  ( AVENUE D' ),48.93132,2.2727,20,2,2
202100054127,104Â 998,A01,10,3,2,1,0,-1,-1,4,3,1,2021,59.0,2,1,0,1,1,16,1,,3,MARCEL SEMBAT (PLACE),0,,1,1,0,1,0,0,4,, -1,1,5,1,50,22,1,2021,17:15,1,92,92012,2,6,0,6,VICTOR HUGO (AVENUE) 49/FIN - 60/FIN,48.8337835371,2.243667841,17,2,1
202100041718,127Â 038,B01,1,1,2,5,1,-1,-1,0,0,-1,2021,51.0,2,2,0,2,2,1,1,,3,34,-1,E,2,2,0,1,10,900,1,, -1,1,0,1,80,1,5,2021,17:30,1,18,18068,1,2,0,3,RD6,46.846749,2.677789,17,2,2
202100011025,182Â 016,A01,1,1,1,5,2,6,-1,-1, -1,-1,2021,32.0,2,1,0,2,1,1,1,,1,AUTOROUTE A6,0,,3,6,0,2,18,899,1,, -1,1,0,1,110,25,10,2021,19:10,3,91,91434,1,1,0,2,AUTOROUTE A6,48.669231,2.351462,19,2,2
202100007178,188Â 924,B01,1,1,1,9,1,0,-1,-1, -1,-1,2021,23.0,3,2,0,2,1,1,1,,3,D.346,0,,1,1,0,1,4,833,2,, -1,1,5,1,50,19,11,2021,01:58,3,77,77067,1,6,1,1,D346,48.56121,2.59565,1,2,2
202100014958,174Â 970,B01,1,1,1,0,2,0,-1,-1, -1,-1,2021,54.0,1,1,0,2,7,1,1,,3,RD 41 (ROCADE),0,,1,2,0,2,5,500,1,, -1,1,0,1,60,5,10,2021,10:00,1,972,97209,1,1,0,3,RD 41 (ROCADE),14.60238,-61.07326,10,2,2
202100044017,122Â 997,B01,1,1,1,1,2,8,-1,-1, -1,-1,2021,21.0,0,1,0,2,1,1,1,,4,BARCELONE QUAI DE,0,,2,2,0,1,(1),(1),1,, -1,1,0,1,50,9,4,2021,20:45,2,66,66136,2,1,0,1,BARCELONE QUAI DE,42.69735,2.88998,20,2,2
202100030986,146Â 346,A01,4,2,1,5,1,8,-1,-1, -1,-1,2021,9.0,3,2,0,2,1,13,1,,3,D.346,0,,2,3,0,1,1,822,1,, -1,1,0,1,70,28,6,2021,14:50,1,77,77326,1,3,0,1,D.346,48.58159,2.55374,14,4,2
202100028983,149Â 919,B01,1,1,1,9,2,6,-1,0,0,-1,2021,48.0,3,1,0,2,1,1,1,,4,BOULEVARD VINCENT AURIOL,0,,2,4,0,1,(1),(1),1,, -1,1,0,1,50,14,7,2021,17:15,1,75,75113,2,2,0,3,BOULEVARD VINCENT AURIOL,48.8361964597,2.3714992404,17,2,2
202100031352,145Â 703,A01,1,1,2,4,1,-1,-1,0,0,-1,2021,21.0,2,2,0,2,7,13,1,,3,931,0,,2,2,0,1,57,200,3,, -1,2,0,1,80,3,7,2021,08:00,1,32,32369,1,1,1,1,D931,43.794521,0.022214,8,5,2
202100053864,105Â 465,B01,1,1,1,9,2,0,-1,-1, -1,-1,2021,23.0,0,1,0,0,0,0,0,,4,4,0,,-1,0,0,1,0,0,1,, -1,2,0,1,50,24,1,2021,12:55,1,92,92062,2,3,1,7,RUE MICHELET,48.8764926166,2.2327016294,12,2,2
202100030675,146Â 924,B01,1,1,1,0,1,-1,-1,-1, -1,-1,2021,25.0,1,2,0,2,4,23,1,,2,ROUTE NATIONALE 230,0,,3,6,0,1,34,290,1,, -1,1,0,1,90,5,7,2021,16:55,1,33,33039,1,1,0,4,ROUTE NATIONALE 230,44.805688,-0.530334,16,8,3
202100022743,160Â 947,A01,1,1,1,9,2,6,-1,0,0,-1,2021,40.0,2,1,0,0,0,3,3,,4,PORTE DOREE,0,,1,4,0,1,33,200,1,, -1,1,0,1,70,23,8,2021,09:25,1,75,75112,2,1,0,7,PORTE DOREE,48.83513,2.411619,9,1,1
202100013171,178Â 205,A01,1,1,1,9,1,-1,-1,0,0,-1,2021,84.0,2,2,0,2,8,1,1,,3,22,0,D,2,2,0,1,23,715,1,, -1,1,0,1,80,14,10,2021,11:00,1,27,27252,1,2,0,3,D22,49.170257,0.427378,11,2,2
202100034072,140Â 860,B01,1,1,1,0,8,0,-1,0,0,-1,2021,25.0,3,1,1,0,0,0,3,,4,VERDUN (RUE DE),0,,2,2,0,1,(1),(1),1,, -1,1,6,1,50,16,6,2021,22:55,5,27,27681,2,1,0,3,VERDUN (RUE DE),49.086057,1.491471,22,2,2
202100056220,101Â 403,B01,1,1,1,1,1,-1,-1,0,0,-1,2021,35.0,1,2,0,0,3,1,1,,3,655,0,D,2,2,0,2,0,1,1,, -1,1,0,1,90,6,1,2021,18:45,3,69,69140,1,2,0,3,MARCY (DE) (RTE),45.90219,4.676528,18,2,2
202100006077,190Â 940,A01,1,1,2,0,1,4,-1,-1, -1,-1,2021,24.0,2,2,4,0,1,1,1,,2,N12W,0,,1,2,0,2,29,0,3,, -1,2,3,1,70,27,11,2021,13:05,1,78,78423,1,1,1,6,N12W,48.796903,2.021524,13,1,1
202100020838,164Â 395,B01,1,1,1,5,2,6,-1,-1, -1,-1,2021,16.0,1,1,0,2,1,18,1,,4,BERLIOZ,0,,2,2,0,1,0,0,1,, -1,1,0,1,50,5,9,2021,01:54,5,64,64445,2,2,0,3,BERLIOZ,43.31023,-0.34663,1,2,2
202100042934,124Â 927,B01,1,1,2,5,2,8,-1,-1, -1,-1,2021,21.0,1,1,0,2,1,2,1,,4,PROCESSION (RUE DE LA),0,,2,1,0,2,0,0,1,, -1,1,0,1,50,22,4,2021,16:30,1,92,92063,2,1,0,2,PROCESSION (RUE DE LA),48.8678706897,2.2112285346,16,2,2
202100012375,179Â 592,A01,1,1,1,1,2,0,-1,-1, -1,-1,2021,22.0,2,1,0,2,3,3,1,,1,A4,0,,3,3,0,1,13,0,1,, -1,2,0,1,110,19,10,2021,07:50,3,93,93051,1,1,1,3,A4,48.8362535434,2.5518789629,7,2,2
202100039522,130Â 956,B01,1,1,1,5,1,-1,-1,0,0,-1,2021,71.0,2,2,0,2,8,1,1,,2,2,0,A,2,2,0,2,13,800,1,, -1,1,0,1,30,18,5,2021,10:00,1,987,98725,1,1,0,5,RT 2,-17.511238,-149.500052,10,3,3
202100012645,179Â 111,A01,1,1,1,5,0,-1,-1,-1, -1,-1,2021,31.0,1,5,0,2,7,1,1,,3,RUE DE LA GARE,0,,2,2,0,1,(1),(1),1,, -1,1,8,1,50,17,10,2021,00:30,5,62,62083,2,3,0,3,GARE (RUE DE LA),50.46358,2.61554,0,2,2