Num_Acc,id_vehicule,num_veh,place,catu,sexe,trajet,secu1,secu2,secu3,locp,actp,etatp,year_acc,victim_age,senc,catv,obs,obsm,choc,manv,motor,occutc,catr,voie,v1,v2,circ,nbv,vosp,prof,pr,pr1,plan,lartpc,larrout,surf,infra,situ,vma,jour,mois,an,hrmn,lum,dep,com,agg_,int,atm,col,adr,lat,long,hour,nb_victim,nb_vehicules
202100030391,147Â 443,A01,10,3,2,3,0,-1,-1,2,3,1,2021,82.0,2,2,0,1,1,9,1,,4,RUE URSULE -REYNAUD D',0,,2,2,0,1,0,0,1,, -1,1,0,1,50,5,7,2021,10:00,1,13,13103,2,1,0,1,RUE URSULE -REYNAUD D',43.63769,5.09771,10,2,1
202100011077,181Â 924,B01,1,1,2,4,2,4,-1,-1, -1,-1,2021,49.0,1,1,0,2,8,2,5,,4,BARROIS (AVENUE),0,,2,2,0,1,(1),(1),3,, -1,1,0,1,50,23,10,2021,19:00,5,59,59456,2,1,0,3,BARROIS (AVENUE),50.37195,3.18941,19,2,2
202100032659,143Â 389,A01,1,1,1,0,1,8,-1,-1, -1,-1,2021,26.0,1,2,8,4,3,13,1,,4,JEAN JAURES (AVENUE),0,,3,6,1,1,0,0,1,, -1,1,4,6,50,22,6,2021,22:34,5,67,67482,2,8,0,3,JEAN JAURES (AVENUE),48.568229,7.768059,22,2,2
202100016848,171Â 503,B01,1,1,1,1,1,-1,-1,-1, -1,-1,2021,21.0,1,2,0,2,2,9,1,,4,FOCH. RUE DU MARECHAL,0,,2,2,0,1,0,0,1,, -1,1,5,1,50,23,9,2021,13:40,1,76,76561,2,6,0,3,FOCH. RUE DU MARECHAL,49.30137,1.02303,13,2,2
202100013590,177Â 426,A01,1,1,2,1,2,-1,-1,-1, -1,-1,2021,47.0,1,1,0,1,9,21,5,,4,PIERRE SCIZE                        (QU),0,,1,1,1,1,(1),(1),1,, -1,1,0,5,30,12,10,2021,07:30,1,69,69385,2,1,0,6,PIERRE SCIZE (Q),45.7667326662,4.8203181218,7,2,1
202100005202,192Â 472,A01,1,1,1,5,1,0,-1,-1, -1,-1,2021,26.0,2,2,0,2,1,1,1,,1,A86 EXT,0,,3,2,0,1,41,0,1,, -1,2,0,1,90,2,12,2021,19:45,5,94,94028,1,1,0,2,A86 EXT,48.77623,2.43689,19,2,2
202100034699,139Â 700,A01,1,1,1,4,0,-1,-1,0,0,-1,2021,48.0,1,3,0,2,3,1,1,1.0,3,6,2,,2,2,0,1,(1),(1),1,, -1,1,0,1,50,14,6,2021,17:25,1,68,68072,2,1,0,1,66 Rue du GÃ©nÃ©ral de Gaulle,47.690039,7.399686,17,2,2
202100000145,201Â 484,A01,1,1,2,5,1,-1,-1,-1,0,-1,2021,24.0,2,2,3,2,2,17,1,,1,AUTOROUTE A115,0,,3,4,0,1,5,0,1,, -1,1,0,1,90,30,12,2021,00:20,3,95,95491,1,1,0,3, A115,49.0099891311,2.2311258316,0,4,2
202100012822,178Â 802,A01,1,1,1,9,1,8,-1,-1, -1,-1,2021,44.0,1,2,0,2,1,15,1,,4,ARNAL (RUE RAYMOND),0,,3,2,0,1,(1),(1),1,, -1,1,5,1,50,16,10,2021,13:00,1,71,71076,2,2,0,3,ARNAL (RUE RAYMOND),46.79246129,4.8538901429,13,2,2
202100005406,192Â 132,A01,10,3,1,5,0,-1,-1,3,3,1,2021,70.0,1,2,0,1,1,1,1,,3,52,0,D,2,2,0,1,33,150,3,, -1,1,0,1,50,2,12,2021,06:45,3,49,49220,2,1,0,6,11 Route d Angers,47.738295,-0.417443,6,3,1
202100020258,165Â 425,B01,1,1,1,0,8,0,-1,-1, -1,-1,2021,36.0,1,1,0,2,2,1,3,,4,LEFAUCHEUX PIERRE (BD),0,,2,3,1,1,0,0,1,, -1,1,0,5,50,6,9,2021,18:15,1,72,72181,2,1,0,3,LEFAUCHEUX PIERRE (BD),47.968305,0.17321,18,2,2
202100051455,109Â 723,B01,1,1,1,1,2,6,-1,0,0,-1,2021,23.0,2,1,0,2,1,1,1,,4,RUE JEAN DE LA FONTAINE,0,,2,2,0,1,(1),(1),1,, -1,1,0,1,50,15,2,2021,13:45,1,75,75116,2,2,0,3,RUE JEAN DE LA FONTAINE,48.848355,2.264932,13,2,2
202100003648,195Â 232,B01,2,2,2,5,1,0,-1,0,0,-1,2021,67.0,2,2,0,2,4,23,1,,3,JAURES (AV. JEAN),0,,2,4,0,1,13,980,3,, -1,2,0,1,50,10,12,2021,20:05,5,47,47001,2,1,1,2,JAURES (AV. JEAN),44.19549,0.64225,20,3,2
202100013918,176Â 825,A01,10,3,2,1,0,-1,-1,1,3,1,2021,13.0,1,2,0,1,2,1,1,,7,112,0,D,2,2,0,1,18,985,1,, -1,1,0,1,50,11,10,2021,08:05,1,31,31389,2,1,0,6,Route de Lavaur,43.643863,1.518259,8,2,1
202100009139,185Â 374,A01,1,1,1,5,2,6,-1,0,0,-1,2021,16.0,1,1,0,2,3,19,1,,3,167,-1,,2,2,0,1,5,629,1,, -1,1,0,1,50,6,11,2021,17:00,2,62,62529,2,2,0,3,Rue des Tronchants,50.555567,2.802946,17,3,2
202100048292,115Â 431,B01,1,1,2,1,8,0,-1,0,0,-1,2021,32.0,2,1,0,2,8,19,5,,4,RUE NEUVE TOLBIAC,0,,2,2,2,2,(1),(1),1,, -1,2,-1,5,50,12,3,2021,21:10,5,75,75113,2,2,1,3,RUE NEUVE TOLBIAC,48.830553,2.376755,21,2,2
202100041403,127Â 594,A01,10,3,2,5,0,-1,-1,4,3,1,2021,10.0,2,3,0,1,5,1,1,1.0,4,RUE DE CRIMEE,0,,2,2,0,2,(1),(1),1,, -1,1,0,1,50,4,5,2021,19:00,1,75,75119,2,2,0,6,RUE DE CRIMEE,48.879582,2.389499,19,2,1
202100007219,188Â 851,A01,1,1,1,1,1,0,-1,-1, -1,-1,2021,21.0,3,5,0,2,6,1,1,,7,FLANDRE AVENUE DE,0,,2,4,1,1,(1),(1),1,, -1,1,2,1,50,17,11,2021,18:40,5,59,59378,2,1,0,5,FLANDRE AVENUE DE,50.66497,3.11104,18,4,3
202100032887,142Â 980,B01,1,1,1,2,8,0,-1,0,0,-1,2021,15.0,3,1,0,2,1,1,5,,4,MASSACRE (RUE),0,,2,2,0,2,(1),(1),1,, -1,2,0,1,50,22,6,2021,07:35,2,27,27375,2,3,1,3,VERTE (CHEMIN DE LA COTE),49.2117,1.15481,7,2,2
202100031058,146Â 225,B01,1,1,1,5,8,0,-1,-1, -1,-1,2021,13.0,2,1,0,2,1,1,5,,3,NATIONALE (RUE),0,,2,2,0,1,(1),(1),1,, -1,1,0,4,50,28,6,2021,16:35,1,59,59486,2,3,0,3,NATIONALE (RUE),50.41109,3.13355,16,2,2
202100011573,181Â 038,B01,1,1,1,9,2,8,-1,-1, -1,-1,2021,22.0,3,1,0,2,8,19,3,,7,BELFORT BOULEVARD DE,0,,1,1,0,1,(1),(1),1,, -1,1,6,1,30,22,10,2021,07:45,2,59,59350,2,1,0,3,BELFORT BOULEVARD DE,50.6212,3.07929,7,2,2
202100026360,154Â 576,B01,1,1,2,5,2,-1,-1,0,0,-1,2021,16.0,1,1,0,2,1,1,1,,4,,0,,2,2,0,4,(1),(1),1,,4,1,0,1,30,27,7,2021,23:00,5,40,40065,2,3,0,3,50 Avenue Mal de lattre de tassigny,43.647748,-1.440598,23,2,2
202100005172,192Â 534,B01,2,2,2,0,1,-1,-1,0,0,-1,2021,49.0,2,2,0,0,7,1,1,,3,216,-1,,2,2,0,1,9,655,1,, -1,2,5,1,70,3,12,2021,16:00,1,77,77318,1,2,0,3,D216,48.79257,2.934862,16,3,2
202100033912,141Â 145,A01,1,1,1,5,1,-1,-1,0,0,-1,2021,36.0,2,5,0,2,2,13,1,,3,906,0,D,2,2,0,2,52,486,2,, -1,2,0,1,80,17,6,2021,18:15,1,43,43048,1,1,1,1,la tour,45.336212,3.705118,18,2,2
202100045659,120Â 125,A01,10,3,2,0,0,-1,-1,5,3,1,2021,58.0,3,2,0,1,1,25,1,,4,GENERAL GALLIENI (BOULEVARD DU),0,,2,2,0,1,0,0,1,, -1,1,0,4,50,1,4,2021,12:40,1,93,93005,2,1,0,6,GENERAL GALLIENI (BOULEVARD DU),48.931368452,2.4956012338,12,2,1
202100011311,181Â 521,A01,10,3,2,5,0,-1,-1,3,3,1,2021,69.0,2,2,0,1,2,1,1,,3,D927,-1,,2,2,3,1,(1),(1),1,, -1,2,0,1,40,21,10,2021,19:30,5,67,67550,2,1,1,6,Grand Rue,48.938278,7.743403,19,2,1
202100021020,164Â 090,A01,10,3,1,0,0,-1,-1,4,5,1,2021,14.0,3,2,0,1,1,1,1,,4,SAVORGNAN DE BRAZZA (AV) NÂ° PAIRS,0,,2,2,0,1,0,0,1,, -1,1,0,1,50,3,9,2021,08:35,1,72,72181,2,1,0,6,SAVORGNAN DE BRAZZA (AV) NÂ° PAIRS,48.0144,0.22167,8,2,1
202100001332,199Â 377,A01,1,1,1,5,2,-1,-1,0,0,-1,2021,23.0,3,1,0,2,1,13,1,,2,209,-1,D,2,2,0,2,(1),(1),3,, -1,1,0,1,50,28,12,2021,00:10,3,977,97701,1,1,0,1,"D209, Marigot",17.910331,-62.814031,0,2,2
202100031130,146Â 098,B01,1,1,1,9,2,0,-1,-1, -1,-1,2021,29.0,1,1,0,2,1,1,1,,7,AV CAMILLE PUJOL,0,,2,2,1,2,0,400,1,, -1,1,0,1,50,1,7,2021,18:31,1,31,31555,1,3,0,3,AV CAMILLE PUJOL,43.6015,1.45906,18,2,2
202100038483,132Â 860,A01,1,1,1,0,1,0,-1,-1, -1,-1,2021,36.0,2,2,0,2,1,2,1,,1,A7-Sens Marseille vers Lyon,0,,1,2,0,1,254,800,1,, -1,1,0,1,110,25,5,2021,19:00,1,13,13081,1,1,0,2,A7-Sens Marseille vers Lyon,43.49098,5.24029,19,2,2
202100053318,106Â 419,B01,2,2,1,0,8,0,-1,-1, -1,-1,2021,18.0,1,1,0,2,1,1,1,,3,BADUEL (ROUTE DE),0,,2,2,0,1,1,899,1,, -1,1,0,1,50,28,1,2021,16:50,1,973,97302,2,1,0,1,BADUEL (ROUTE DE),4.9359,-52.31352,16,3,2
202100036479,136Â 497,Z01,10,3,2,2,8,8,-1,3,3,1,2021,14.0,0,2,0,1,1,26,0,,3,MUSSELBURGH (R DE),0,,-1,2,3,1,0,0,1,, -1,2,0,6,30,4,6,2021,17:50,1,94,94017,2,1,0,1,MUSSELBURGH (R DE),48.81142,2.51528,17,2,1
202100012629,179Â 139,A01,10,3,1,5,0,-1,-1,1,3,1,2021,34.0,2,2,0,1,2,1,1,,3,CASANOVA (AVENUE DANIELLE),0,,2,1,0,1,2,250,1,, -1,1,0,1,30,17,10,2021,18:00,1,95,95555,2,1,0,6,CASANOVA (AVENUE DANIELLE),48.97437,2.29067,18,2,1
202100015048,174Â 811,A01,1,1,1,2,2,6,-1,-1, -1,-1,2021,16.0,2,1,0,2,8,17,1,,4,PAUCOURT (ROUTE DE),0,,2,2,0,1,(1),(1),1,, -1,1,0,1,70,4,10,2021,07:55,1,45,45004,1,2,0,3,Route d'Amilly,48.0132,2.77358,7,2,2
202100048241,115Â 519,B01,1,1,1,0,2,0,-1,-1, -1,-1,2021,44.0,0,1,0,2,0,0,1,,4,YSER. BOULEVARD DE L',0,,2,4,3,1,8,900,1,, -1,2,-1,1,50,10,3,2021,17:40,1,76,76540,2,3,1,5,Boulevard de Verdun,49.446238,1.107046,17,3,3
202100050384,111Â 638,B01,1,1,2,3,1,8,-1,-1, -1,-1,2021,50.0,1,2,0,2,4,23,1,,4,,0,,3,1,0,1,0,0,1,, -1,1,0,1,50,23,2,2021,16:00,1,92,92078,2,2,0,2,CHEMIN DES RENIERS (AVENUE DU),48.9320712385,2.3226803541,16,2,2
202100011112,181Â 868,A01,10,3,1,9,0,-1,-1,5,1,2,2021,2.0,1,1,0,1,2,25,1,,4,RUE AUGUSTIN THIERRY,0,,1,1,0,2,(1),(1),1,, -1,1,0,4,30,25,10,2021,18:25,2,75,75119,2,2,0,6,RUE AUGUSTIN THIERRY,48.876364,2.393129,18,2,1
202100021307,163Â 566,A01,1,1,1,0,2,6,-1,-1, -1,-1,2021,20.0,0,1,0,2,1,26,1,,3,GARENNE (R DE LA),0,,2,2,0,1,0,0,1,, -1,1,0,1,30,2,9,2021,19:35,1,94,94071,2,1,0,1,GARENNE (R DE LA),48.77087,2.52216,19,2,2
202100016180,172Â 716,A01,10,3,1,5,8,8,-1,3,3,1,2021,59.0,1,2,0,1,2,1,1,,4,MITTERRAND (K19 A O24,0,,3,4,0,1,(1),(1),1,, -1,1,0,1,50,14,10,2021,08:40,1,34,34003,2,1,0,6,MITTERRAND (K19 A O24,43.30283,3.4862,8,2,1
202100018183,169Â 109,B01,1,1,1,9,1,0,-1,0,0,-1,2021,23.0,1,5,0,2,1,1,1,,4,RUE DES MATHURINS,0,,1,1,0,1,(1),(1),1,, -1,1,0,1,50,18,9,2021,01:20,5,75,75108,2,2,0,3,RUE DE L ARCADE,48.873319,2.324298,1,3,2
202100020295,165Â 359,A01,10,3,1,5,0,-1,-1,2,3,2,2021,19.0,3,2,0,1,1,13,1,,4,QUAI DE LA DOUANE,0,,2,4,0,1,(1),(1),1,, -1,1,0,1,50,6,9,2021,00:40,5,33,33063,2,1,0,6,Quai de la Douane,44.8408,-0.5691,0,2,1
202100013372,177Â 835,A01,1,1,1,0,1,0,-1,-1, -1,-1,2021,37.0,1,5,0,0,3,1,1,,1,AUTOROUTE A104,0,,3,3,0,2,3,200,3,, -1,1,0,1,90,14,10,2021,01:05,3,93,93078,1,1,0,7,AUTOROUTE A104,48.9609,2.52433,1,1,1
202100024617,157Â 656,B01,1,1,1,1,1,-1,-1,-1, -1,-1,2021,48.0,3,5,0,2,4,1,0,,4,ROSEL (ROUTE DE),0,,1,2,0,1,1,0,2,, -1,1,0,1,50,11,8,2021,12:10,1,14,14118,2,6,0,2,Rue de Rosel,49.18821,-0.3783,12,2,2
202100015582,173Â 829,B01,1,1,2,5,1,8,-1,-1, -1,-1,2021,25.0,3,2,0,2,4,2,1,,4,PROUDHON (AVENUE),0,,2,2,0,1,(1),(1),1,, -1,1,0,1,50,29,9,2021,14:45,1,37,37261,2,1,0,4,PROUDHON (AVENUE),47.3945237498,0.6692828107,14,4,3
202100022092,162Â 135,C01,3,2,2,0,1,0,-1,-1, -1,-1,2021,13.0,0,2,0,2,4,0,1,,4,PONTAILLAC (DE) (AVENUE),0,,2,2,0,1,(1),(1),1,, -1,1,0,1,30,27,8,2021,17:56,1,17,17306,2,1,0,4,PONTAILLAC (DE) (AVENUE),45.62135,-1.037789,17,7,4
202100010373,183Â 167,A01,10,3,1,0,8,8,-1,3,3,1,2021,10.0,2,2,0,1,2,1,1,,3,JEAN JAURES (RUE),0,,1,1,0,1,0,1,1,, -1,1,6,1,30,28,10,2021,17:15,1,93,93053,2,1,0,6,JEAN JAURES (RUE),48.8904207548,2.4523967773,17,2,1
202100009881,184Â 042,A01,1,1,1,0,1,8,-1,-1, -1,-1,2021,31.0,2,2,0,2,2,1,1,,1,AUTOROUTE A1,0,,3,6,0,1,39,0,1,, -1,2,0,1,130,2,11,2021,06:30,3,60,60421,1,1,0,2,AUTOROUTE A1,49.1760860947,2.6022877692,6,2,2
202100005287,192Â 337,B01,1,1,1,9,1,8,-1,-1, -1,-1,2021,21.0,3,2,0,2,1,11,1,,4,CAPITAINERIE OUEST (ROUTE DE LA),0,,2,2,0,1,(1),(1),1,, -1,2,0,1,50,30,11,2021,08:30,1,59,59359,1,1,0,1,CAPITAINERIE OUEST (ROUTE DE LA),51.03031,2.21521,8,2,2
202100005049,192Â 757,A01,1,1,1,0,8,-1,-1,-1, -1,-1,2021,19.0,2,1,0,2,3,15,3,,4,,0,,1,2,2,1,(1),(1),1,, -1,1,0,1,50,2,12,2021,16:40,1,69,69266,2,2,0,3,ANATOLE FRANCE (R),45.76788,4.87802,16,2,2
202100033029,142Â 702,A01,10,3,1,5,0,-1,-1,2,3,2,2021,25.0,3,2,0,1,1,1,1,,4,SAINT LIESNE (RUE),0,,2,2,0,2,(1),(1),1,, -1,1,0,1,50,21,6,2021,12:40,1,77,77288,2,1,0,6,route de montereau,48.540796,2.673838,12,2,1
202100051938,108Â 867,A01,1,1,1,0,8,0,-1,-1, -1,-1,2021,22.0,3,2,1,1,4,4,0,,4,BOIS DE NEUILLY (RUE DU),0,,2,2,0,2,1,0,1,, -1,7,0,1,50,10,2,2021,08:50,2,93,93064,2,1,1,5,BOIS DE NEUILLY (RUE DU),48.8725039623,2.5009614229,8,4,3
202100049561,113Â 166,A01,1,1,1,1,2,6,9,0,0,-1,2021,59.0,1,1,3,2,1,2,1,,1,8,-1,,3,4,0,1,219,800,3,, -1,1,2,1,110,1,3,2021,14:30,1,6,6083,1,1,0,2,"autoroute A8, Viaduc de Cabrolles, PK 219.800, chaussÃ©e sud , sens FRANCE-ITALIE",43.796848,7.480692,14,2,2
202100030603,147Â 051,A01,10,3,1,0,0,8,-1,4,3,1,2021,33.0,1,1,0,1,1,0,1,,4,JEAN JAURES (R),0,,-1,4,3,1,1,0,1,, -1,1,6,6,50,5,7,2021,20:39,1,94,94046,2,9,0,6,JEAN JAURES (R),48.7949252045,2.4337935448,20,2,1
202100004357,193Â 969,A01,1,1,1,4,2,-1,-1,0,0,-1,2021,22.0,1,1,0,2,1,1,1,,3,1084,0,,2,2,0,1,7,294,1,, -1,2,0,1,50,8,12,2021,12:30,1,1,1043,2,1,1,3,1103 Route de GenÃ¨ve,45.8354810622,5.0006327033,12,2,2
202100017292,170Â 742,A01,1,1,1,0,8,-1,-1,0,0,-1,2021,26.0,0,1,0,2,1,13,1,,3,70,-1,,2,2,0,1,(1),(1),3,, -1,1,0,1,80,26,9,2021,15:40,1,974,97422,1,1,0,1,Rue Raphael DouyÃ¨re,-21.206216,55.54477,15,6,2
202100016586,171Â 984,A01,1,1,1,5,2,-1,-1,0,0,-1,2021,37.0,0,1,9,9,0,2,0,,3,703,0,E,2,2,0,1,79,0,1,, -1,1,0,4,50,27,9,2021,20:15,5,24,24087,2,9,0,6,Rue de Luziers,44.866185,1.050557,20,1,1
202100025964,155Â 269,B01,1,1,1,0,8,-1,-1,-1, -1,-1,2021,21.0,3,1,0,2,8,1,1,,4,BELLECOMBE (DE)                     (R ),0,,1,1,2,1,(1),(1),1,, -1,1,0,1,50,1,8,2021,13:55,1,69,69386,2,2,0,3,BELLECOMBE (DE) (R),45.76634,4.86345,13,2,2
202100002167,197Â 911,A01,1,1,1,3,1,-1,-1,0,0,-1,2021,43.0,1,2,6,0,2,2,1,,3,178,-1,,2,2,0,1,(1),(1),1,, -1,7,0,1,80,19,12,2021,19:30,3,84,84086,1,1,0,6,route du plan,43.858699,5.151451,19,2,1
202100016720,171Â 737,A01,9,2,1,0,1,-1,-1,0,0,-1,2021,11.0,1,2,2,0,1,17,1,,3,985,0,D,2,2,0,2,15,50,1,, -1,9,0,3,50,25,9,2021,17:20,1,58,58224,1,1,0,7,Le Poteau,47.313777,3.668329,17,5,1
202100024748,157Â 411,B01,1,1,1,5,2,-1,-1,-1, -1,-1,2021,39.0,1,1,0,2,1,1,1,,4,BEUTRE (AVE DE),0,,2,-1,0,1,(1),(1),1,, -1,1,0,1,50,10,8,2021,13:35,1,33,33318,2,2,0,3,Avenue de Beutre,44.80696,-0.69294,13,2,2
202100004679,193Â 413,A01,1,1,1,0,8,-1,-1,-1, -1,-1,2021,27.0,2,1,12,0,1,25,3,,4,PAUL SANTY                          (AV),0,,2,2,3,1,(1),(1),1,, -1,1,0,4,50,3,12,2021,15:30,1,69,69388,2,1,0,6,PAUL SANTY (AV),45.72487,4.88238,15,1,1
202100017997,169Â 460,A01,1,1,1,0,1,8,-1,-1, -1,-1,2021,24.0,2,2,0,2,8,20,1,,4,JEAN MERMOZ,0,,2,3,0,1,0,0,1,, -1,1,0,1,50,19,9,2021,21:15,5,64,64129,2,1,0,3,JEAN MERMOZ,43.31345,-0.37765,21,2,2
202100025815,155Â 548,B01,1,1,1,5,2,6,-1,0,0,-1,2021,60.0,2,1,0,2,1,1,1,,3,939,0,D,2,3,0,2,17,770,1,0,"10,5",1,5,1,90,3,8,2021,15:05,1,16,16120,1,2,0,3,LIeu Dit La Font Toussaint,45.599284,0.268629,15,2,2
202100053957,105Â 305,A01,10,3,1,9,0,-1,-1,2,3,1,2021,31.0,2,2,0,1,6,4,1,,4,RUE DE L OURCQ,0,,1,2,3,1,(1),(1),1,, -1,2,0,1,50,23,1,2021,10:33,1,75,75119,2,1,1,6,RUE DE L OURCQ,48.893103,2.377568,10,2,1
202100045857,119Â 785,A01,1,1,1,5,2,6,-1,0,0,-1,2021,18.0,3,1,1,0,1,0,1,,4,D21,0,D,2,2,0,2,0,0,1,, -1,1,0,1,50,31,3,2021,23:45,5,64,64256,2,1,0,7,rue francis jammes,43.39525,-1.314463,23,1,1
202100004398,193Â 894,A01,10,3,2,9,0,-1,-1,2,3,1,2021,60.0,1,2,0,1,3,15,1,,4,RUE CAUCHY,0,,1,2,0,1,(1),(1),1,, -1,1,0,1,30,6,12,2021,19:00,5,75,75115,2,2,0,6,RUE CAUCHY,48.842489,2.277595,19,2,1
202100029720,148Â 670,B01,1,1,1,5,2,0,-1,-1, -1,-1,2021,43.0,2,1,0,2,1,2,1,,7,A507 sens Aubagne- Marseille,0,,-1,3,0,1,2,200,1,, -1,1,1,1,70,9,7,2021,17:00,1,13,13055,1,1,0,2,A507 sens Aubagne- Marseille,43.33804,5.39243,17,2,2
202100043716,123Â 550,A01,1,1,1,5,0,-1,-1,0,0,-1,2021,13.0,1,1,0,2,6,9,5,,3,81,-1,,2,2,0,1,4,331,1,, -1,1,0,1,70,18,4,2021,17:30,1,76,76522,1,1,0,1,54 Rue des ChataÃ®gniers,49.52795,0.40859,17,2,2
202100017741,169Â 912,B01,1,1,1,4,9,-1,-1,0,0,-1,2021,53.0,2,4,0,0,2,0,1,,1,43,-1,,1,1,3,1,26,500,3,, -1,1,9,6,50,21,9,2021,10:30,1,38,38193,1,1,0,3,A43 - Aire de service TOTAL,45.613257,5.214021,10,2,2
202100023927,158Â 863,A01,10,3,2,0,0,-1,-1,2,3,1,2021,27.0,1,1,0,1,1,1,3,,4,2,0,,2,2,0,1,0,0,1,, -1,1,0,1,50,16,8,2021,17:40,1,92,92012,2,1,0,6,JEAN JAURES (BOULEVARD) 63/215 - 70/208,48.8366383057,2.2417928967,17,2,1
202100034780,139Â 543,A01,10,3,1,9,0,-1,-1,4,3,2,2021,7.0,1,1,0,1,1,5,1,,4,RUE BLOMET,0,,1,1,0,1,(1),(1),1,, -1,1,0,1,30,12,6,2021,13:55,1,75,75115,2,7,0,6,RUE BLOMET,48.841663,2.302833,13,2,1
202100006495,190Â 193,A01,2,2,1,3,3,-1,-1,0,0,-1,2021,0.0,3,2,6,0,6,23,1,,4,,0,,2,1,0,2,(1),(1),1,, -1,2,0,1,30,25,11,2021,14:54,1,6,6161,2,4,0,6,17 Rue Auguste Escoffier,43.658457,7.124097,14,2,1
202100013786,177Â 063,A01,1,1,1,1,1,0,-1,-1, -1,-1,2021,37.0,1,2,0,2,4,2,1,,1,A507 sens Marseille - Aubagne,0,,-1,3,0,1,1,539,1,, -1,1,1,1,70,11,10,2021,18:30,1,13,13055,1,1,0,2,A507 sens Marseille - Aubagne,43.329966,5.402623,18,2,2
202100009307,185Â 066,A01,2,2,1,9,1,0,-1,-1, -1,-1,2021,24.0,3,2,0,2,1,15,1,,4,CHAPIT RE ( RUE DU),0,,1,3,0,1,0,0,1,, -1,1,9,1,70,4,11,2021,01:20,5,95,95527,1,9,0,3,circuit 1,48.9983,2.5239,1,3,2
202100023790,159Â 100,A01,1,1,2,1,1,-1,-1,0,0,-1,2021,39.0,1,2,7,0,2,1,1,,3,,0,,2,2,0,1,(1),(1),1,,4,1,0,3,50,17,8,2021,17:00,1,50,50151,2,3,0,6,Boulevard de la Mer,49.199499,-1.578587,17,1,1
202100007777,187Â 850,A01,10,3,2,0,0,-1,-1,2,3,2,2021,65.0,3,2,0,1,3,0,0,,6,AMBASSADEUR (RUE DE L'),0,,-1,0,0,1,(1),(1),1,, -1,1,9,8,30,16,11,2021,17:10,2,78,78172,2,1,0,6,AMBASSADEUR (RUE DE L'),49.01212,2.09034,17,2,1
202100020933,164Â 241,A01,1,1,1,0,0,-1,-1,0,0,-1,2021,74.0,1,1,0,0,1,0,5,,3,,-1,,-1,1,2,1,(1),(1),1,,3,1,0,5,50,5,9,2021,13:15,1,14,14339,2,1,0,7,Rue de l Eglise,49.1283846,-0.314847,13,1,1
202100006313,190Â 500,A01,10,3,1,2,0,-1,-1,2,3,1,2021,11.0,2,2,0,1,2,1,1,,4,MOULIN DE LA VILLE (CHEMIN DU),0,,2,2,0,1,17,0,1,, -1,1,0,1,50,25,11,2021,13:10,1,93,93005,2,1,0,6,MOULIN DE LA VILLE (CHEMIN DU),48.9505758846,2.4973652324,13,2,1
202100010171,183Â 520,Z01,10,3,1,5,8,8,-1,4,3,1,2021,60.0,1,2,0,1,8,15,0,,4,BOULEVARD RICHARD LENOIR,0,,3,2,0,1,(1),(1),2,, -1,2,0,1,30,30,10,2021,04:10,5,75,75111,2,2,1,6,BOULEVARD RICHARD LENOIR,48.8580422972,2.3716896772,4,2,1
202100045318,120Â 727,A01,1,1,1,5,1,-1,-1,0,0,-1,2021,36.0,1,2,1,0,8,1,1,,1,10,-1,,3,4,3,1,446,400,1,, -1,1,0,2,130,3,4,2021,13:15,1,17,17444,1,1,0,3,A10,45.690383,-0.647464,13,6,2
202100021468,163Â 269,B01,3,2,1,0,8,0,-1,-1, -1,-1,2021,25.0,0,3,0,2,6,20,1,3.0,7,SAINT MENET (AVENUE DE),0,,2,4,0,1,0,0,1,, -1,1,0,1,50,1,9,2021,09:47,1,13,13211,2,1,0,2,SAINT MENET (AVENUE DE),43.289,5.477,9,4,2
202100005996,191Â 080,A01,1,1,2,9,2,0,-1,0,0,-1,2021,62.0,1,1,0,2,3,1,5,,4,BOULEVARD VOLTAIRE,0,,2,2,1,1,(1),(1),1,, -1,2,0,5,30,27,11,2021,11:45,1,75,75111,2,2,1,3,BOULEVARD VOLTAIRE,48.866015,2.366329,11,3,2
202100043869,123Â 254,B01,1,1,1,5,8,0,-1,-1, -1,-1,2021,12.0,2,1,0,2,4,1,5,,4,MAIGNON (ROUTE DE),0,,2,3,1,4,0,0,1,, -1,1,0,5,50,14,4,2021,19:25,1,64,64024,2,3,0,3,MAIGNON (ROUTE DE),43.478964,-1.50491,19,2,2
202100016860,171Â 482,A01,1,1,1,0,2,-1,-1,-1, -1,-1,2021,38.0,1,1,0,2,1,1,1,,4,BOLHEN   (DE)                        (AV,0,,2,4,0,1,(1),(1),1,, -1,1,0,1,50,24,9,2021,12:05,1,69,69256,2,1,0,3,BOLHEN (DE) (AV),45.76539,4.92406,12,2,2
202100019745,166Â 352,B01,1,1,1,1,2,6,-1,-1, -1,-1,2021,27.0,3,1,0,2,1,2,1,,3,JEAN MERMOZ (NÂ°59 AU 185),0,,1,2,0,1,0,0,1,, -1,1,0,1,50,10,9,2021,09:10,1,93,93059,2,3,0,3,JEAN MERMOZ (NÂ°59 AU 185),48.97089,2.36625,9,2,2
202100026717,153Â 960,A01,1,1,2,0,2,6,-1,0,0,-1,2021,29.0,1,1,13,0,0,2,1,,3,956,-1,,2,2,0,2,36,300,3,, -1,1,0,8,80,28,7,2021,18:00,1,89,89279,1,1,0,7,D956,47.693472,4.023356,18,1,1