Num_Acc,id_vehicule,num_veh,place,catu,sexe,trajet,secu1,secu2,secu3,locp,actp,etatp,year_acc,victim_age,senc,catv,obs,obsm,choc,manv,motor,occutc,catr,voie,v1,v2,circ,nbv,vosp,prof,pr,pr1,plan,lartpc,larrout,surf,infra,situ,vma,jour,mois,an,hrmn,lum,dep,com,agg_,int,atm,col,adr,lat,long,hour,nb_victim,nb_vehicules
202100048592,114Â 901,A01,2,2,1,0,1,0,-1,-1, -1,-1,2021,61.0,0,2,0,2,3,9,1,,3,JAURES (AVENUE JEAN),0,,2,2,1,1,0,1,1,, -1,2,0,1,50,10,3,2021,19:30,5,93,93027,2,2,1,3,JAURES (AVENUE JEAN),48.9243976529,2.4016505441,19,3,2
202100034417,140Â 214,B01,2,2,2,0,1,0,-1,-1, -1,-1,2021,33.0,2,2,0,2,4,2,1,,1,AUTOROUTE A1,0,,3,8,0,1,9,399,1,, -1,1,0,1,110,14,6,2021,16:00,1,93,93007,1,1,0,2,AUTOROUTE A1,48.94569,2.44061,16,3,2
202100054969,103Â 556,B01,2,2,1,5,1,-1,-1,0,0,-1,2021,62.0,2,2,0,0,4,2,1,,1,5,0,,3,2,0,2,89,500,1,, -1,1,0,1,130,16,1,2021,11:05,1,10,10444,1,1,0,2,A5 PK 89+500,48.243167,3.612001,11,3,2
202100045686,120Â 077,B01,1,1,1,5,2,6,-1,0,0,-1,2021,23.0,1,1,8,0,4,1,1,,3,71,0,,2,2,0,2,19,700,2,, -1,1,0,1,80,27,3,2021,14:05,1,14,14143,1,1,0,5,Le Haut Villais (vacquerie (La Vacquerie),49.092853,-0.831978,14,4,3
202100008771,186Â 062,A01,1,1,1,4,1,0,-1,-1, -1,-1,2021,34.0,2,4,6,0,1,1,1,,3,ALLENDE (AVE DU P. SALVADOR),0,,1,2,0,1,0,1,1,, -1,1,2,1,50,8,11,2021,13:10,1,93,93008,2,1,0,6,ALLENDE (AVE DU P. SALVADOR),48.9044817607,2.4445058689,13,1,1
202100019139,167Â 418,A01,1,1,1,5,2,-1,-1,-1,0,-1,2021,19.0,3,1,0,2,2,1,1,,4,OISE (BOULEVARD DE L'),0,,3,4,1,1,(1),(1),1,, -1,1,0,1,50,17,8,2021,14:30,1,95,95127,2,1,0,3,OISE (BOULEVARD DE L'),49.04682,2.05915,14,2,2
202100014193,176Â 324,A01,10,3,2,5,0,-1,-1,3,3,1,2021,92.0,1,2,0,1,3,1,1,,3,BRET (BD. M.),0,,2,2,0,2,0,860,1,, -1,1,0,1,30,8,10,2021,12:30,1,4,4112,2,1,0,6,RD 5 (bd Martin Bret),43.8369213627,5.7811917365,12,2,1
202100034042,140Â 913,B01,1,1,2,5,1,0,-1,-1, -1,-1,2021,30.0,1,2,0,2,1,0,1,,4,PERVENCHES (AVENUE DES),0,,2,2,0,1,0,0,1,, -1,1,0,1,50,15,6,2021,11:10,1,66,66136,2,3,0,3,PERVENCHES (AVENUE DES),42.70173,2.90457,11,2,2
202100039176,131Â 595,B01,2,2,1,4,1,-1,-1,0,0,-1,2021,35.0,1,5,0,2,4,2,1,,7,132E2,0,D,2,2,0,1,2,200,1,, -1,1,0,1,80,21,5,2021,08:35,1,34,34270,1,1,0,4,RD132 E2,43.589437,3.821869,8,4,3
202100052724,107Â 491,A01,10,3,2,5,0,-1,-1,5,2,1,2021,74.0,1,2,0,1,2,1,1,,3,15,0,D,2,2,0,2,2,500,3,, -1,2,0,4,50,4,2,2021,10:45,1,60,60071,2,3,0,6,Rue des Tilleuls,49.5804455345,2.7336814282,10,2,1
202100054465,104Â 407,B01,1,1,2,5,2,6,-1,0,0,-1,2021,57.0,3,1,0,2,1,15,1,,4,DONAT AVENUE DOCTEUR MAURICE,0,,2,2,0,1,0,0,1,, -1,1,0,1,50,19,1,2021,07:00,5,6,6027,2,3,0,1,DONAT AVENUE DOCTEUR MAURICE,43.66105,7.14422,7,2,2
202100022397,161Â 614,A01,1,1,1,1,8,0,-1,-1, -1,-1,2021,42.0,2,1,0,2,2,17,5,,4,ROUTE DE L'ANSE VATA,0,,2,2,0,2,0,0,2,, -1,1,0,1,50,25,8,2021,19:12,5,988,98818,2,1,0,3,ROUTE DE L'ANSE VATA,-22.28707,166.44837,19,2,2
202100052021,108Â 723,A01,10,3,2,1,0,-1,-1,3,3,1,2021,35.0,2,2,0,1,1,1,1,,3,ROUEN (AVENUE DE),0,,2,2,0,1,3,620,1,, -1,1,0,1,30,9,2,2021,07:15,5,27,27681,2,2,0,6,ROUEN (AVENUE DE),49.09766,1.4786,7,2,1
202100046727,118Â 248,B01,1,1,1,3,8,-1,-1,-1, -1,-1,2021,22.0,2,1,0,2,1,1,5,,4,VITTON                              (CO),0,,2,4,2,1,(1),(1),1,, -1,1,0,1,50,23,3,2021,10:45,1,69,69386,2,3,0,3,VITTON (CR),45.77008,4.85915,10,2,2
202100024876,157Â 196,B01,1,1,2,3,8,0,-1,-1, -1,-1,2021,58.0,1,1,0,2,8,1,0,,3,TRAPPISTINES ( BOULEVARD DES ),0,,3,4,0,2,0,0,1,, -1,1,0,1,70,9,8,2021,10:00,1,53,53130,2,1,1,3,TRAPPISTINES ( BOULEVARD DES ),48.06014,-0.77748,10,2,2
202100029894,148Â 364,A01,1,1,1,5,1,-1,-1,0,0,-1,2021,21.0,1,2,2,0,1,1,1,,7,561,0,,2,2,0,1,25,850,1,, -1,1,0,3,80,10,7,2021,05:45,2,13,13080,1,1,0,1,RD 561 PK 25850,43.653807,5.474818,5,2,1
202100007604,188Â 147,B01,1,1,1,9,2,0,-1,-1, -1,-1,2021,15.0,3,1,0,2,3,0,1,,4,RESISTANCE (SQUARE),0,,2,2,0,1,0,0,1,, -1,1,0,1,30,16,11,2021,08:05,1,58,58194,2,3,0,3,RESISTANCE (SQUARE),46.99186,3.16017,8,2,2
202100051240,110Â 092,B01,1,1,1,5,2,-1,-1,0,0,-1,2021,16.0,0,1,0,2,1,1,1,,4,,-1,,2,2,0,1,(1),(1),1,, -1,1,0,1,50,18,2,2021,17:00,1,11,11429,2,3,0,3,Chemin de Laprade,43.2473571,2.3685512,17,2,2
202100018924,167Â 817,A01,10,3,2,5,0,-1,-1,3,3,2,2021,76.0,1,2,0,1,4,20,1,,4,STRASBOURG (RUE DE),0,,2,2,0,1,(1),(1),1,, -1,1,0,1,50,13,9,2021,15:45,1,71,71153,2,9,0,6,19 Rue de Strasbourg,46.8010779543,4.4173843886,15,2,1
202100046150,119Â 271,A01,10,3,1,0,0,-1,-1,2,3,1,2021,45.0,1,5,1,0,1,17,1,,4,JEAN JAURES (AV),0,,2,2,0,1,0,0,1,, -1,1,0,1,50,29,3,2021,10:00,1,93,93079,2,1,0,6,JEAN JAURES (AV),48.9641139546,2.3486630269,10,2,1
202100003873,194Â 829,A01,1,1,1,4,1,-1,-1,0,0,-1,2021,42.0,2,4,4,0,2,1,1,,1,28,0,,2,4,0,2,54,600,1,, -1,1,0,1,-1,10,12,2021,12:15,1,76,76584,1,1,0,7,A28,49.749164,1.479292,12,1,1
202100056321,101Â 225,C01,1,1,2,0,1,4,-1,-1, -1,-1,2021,34.0,1,2,0,2,4,2,1,,1,AUTOROUTE A103,0,,3,2,0,1,1,200,1,, -1,2,0,1,90,4,1,2021,08:30,2,93,93064,1,1,1,4, A103,48.88672,2.4808,8,3,3
202100017755,169Â 887,A01,1,1,1,5,1,-1,-1,0,0,-1,2021,22.0,2,2,0,2,1,2,1,,2,7,0,,2,2,0,1,32,420,1,, -1,1,0,1,80,20,9,2021,13:30,1,26,26179,1,3,0,2,1590 Route du DauphinÃ©,45.0443838,4.866933,13,2,2
202100005330,192Â 262,B01,1,1,1,1,1,-1,-1,-1, -1,-1,2021,54.0,2,2,0,2,3,1,1,,4,VENELLE DE LA SALLEVERTE,0,,2,1,0,2,(1),(1),2,, -1,1,0,1,50,29,11,2021,13:54,1,29,29051,1,1,0,1,Venelle de la Salleverte,47.99767351,-4.04808104,13,2,2
202100049428,113Â 409,A01,1,1,1,0,2,6,-1,-1, -1,-1,2021,36.0,1,1,0,1,3,2,1,,4,JAURES (AVENUE JEAN),0,,1,1,0,1,0,0,1,, -1,1,0,1,50,3,3,2021,16:40,1,93,93008,2,3,0,6,JAURES (AVENUE JEAN),48.9087583355,2.4379755888,16,2,1
202100033362,142Â 134,A01,10,3,1,1,0,-1,-1,5,2,1,2021,38.0,1,1,0,1,1,1,3,,4,PRADO (AVENUE DU),0,,2,1,1,1,0,0,1,, -1,1,0,5,25,14,6,2021,20:40,1,13,13208,2,1,0,6,PRADO (AVENUE DU),43.27851,5.3876,20,2,1
202100007019,189Â 213,A01,10,3,2,0,0,-1,-1,3,3,1,2021,19.0,1,1,0,1,7,1,1,,4,LORIENT (DE),0,,2,2,0,1,(1),(1),1,, -1,2,0,1,50,21,11,2021,23:30,5,35,35238,2,1,1,6,LORIENT (DE),48.10899,-1.70584,23,2,1
202100043830,123Â 338,A01,1,1,1,5,2,6,-1,0,0,-1,2021,33.0,1,1,13,9,9,13,1,,3,46,-1,,2,2,0,2,41,100,3,, -1,1,0,3,80,16,4,2021,19:00,1,18,18180,1,1,0,7,La Larjaisse,47.014286,2.471999,19,1,1
202100010784,182Â 462,A01,10,3,1,-1,0,0,0,1,3,1,2021,63.0,2,2,0,1,3,1,1,,3,93,-1,,2,2,0,1,17,604,1,, -1,1,0,1,80,28,10,2021,18:45,2,44,44019,1,1,0,6,D93,47.321207,-1.910445,18,2,1
202100003441,195Â 604,B01,1,1,1,5,2,8,-1,0,0,-1,2021,48.0,2,1,0,2,1,1,5,,4,BOULEVARD ARAGO,0,,2,4,1,2,(1),(1),1,, -1,1,-1,5,30,11,12,2021,15:10,1,75,75113,2,1,0,3,BOULEVARD ARAGO,48.834866,2.343079,15,2,2
202100001969,198Â 283,B01,1,1,2,1,1,-1,-1,0,0,-1,2021,57.0,2,2,1,0,2,2,1,,1,16,-1,A,1,2,0,3,69,230,1,, -1,1,0,1,130,19,12,2021,06:00,3,62,62503,1,1,1,3,A 16,50.859291,1.733222,6,2,2
202100042995,124Â 820,A01,1,1,1,0,2,0,-1,-1, -1,-1,2021,36.0,1,1,0,2,1,7,1,,4,BARRIERE DE BAYONNE,0,,2,4,0,1,(1),(1),1,, -1,1,0,1,50,18,2,2021,09:20,1,31,31555,2,9,0,3,Avenue de Grande Bretagne,43.59788,1.42009,9,2,2
202100017300,170Â 728,B01,1,1,1,5,1,5,-1,0,0,-1,2021,65.0,2,2,0,2,3,1,1,,3,231,-1,,2,2,0,1,33,500,1,, -1,2,0,1,80,26,9,2021,15:00,1,77,77144,1,1,1,1,D231,48.75788,2.933665,15,4,2
202100036933,135Â 688,A01,10,3,1,5,0,-1,-1,1,3,1,2021,32.0,2,4,0,1,1,1,1,,1,A46S   43.680 A 47.880,0,,3,2,0,1,47,549,1,, -1,1,0,1,90,2,6,2021,03:30,3,69,69283,1,1,0,6,A46S   43.680 A 47.880,45.67125,4.93727,3,2,1
202100014982,174Â 926,B01,1,1,2,5,8,0,-1,-1, -1,-1,2021,22.0,3,1,0,2,0,0,5,,4,ORADOUR SUR GLANE (CARREFOUR D'),0,,2,2,0,1,0,0,1,, -1,1,0,1,50,1,10,2021,17:18,1,87,87085,2,1,0,6,ORADOUR SUR GLANE (CARREFOUR D'),45.83426,1.22651,17,2,2
202100013041,178Â 435,A01,1,1,1,9,2,8,-1,-1, -1,-1,2021,63.0,-1,1,11,0,1,1,1,,3,LA FERTE ALAIS(RUE DE LA),0,,2,2,0,1,2,519,1,, -1,1,9,1,30,14,10,2021,18:10,1,77,77040,2,1,0,1,D24,48.50065,2.5629,18,1,1
202100012231,179Â 859,B01,1,1,1,0,2,6,-1,-1, -1,-1,2021,65.0,2,1,0,2,1,7,1,,4,HUGO VICTOR (AV),0,,2,3,0,1,0,0,1,, -1,1,0,1,50,19,10,2021,09:15,1,13,13001,2,2,0,3,HUGO VICTOR (AV),43.523,5.446,9,2,2
202100056326,101Â 215,B01,1,1,1,5,2,0,-1,-1, -1,-1,2021,36.0,1,1,0,2,0,0,1,,4,11 NOVEMBRE,0,,1,1,0,1,0,0,1,, -1,1,2,1,50,3,1,2021,19:20,5,973,97302,2,1,0,3,11 NOVEMBRE,4.93409,-52.32927,19,2,2
202100022575,161Â 267,B01,2,2,2,0,1,0,-1,-1, -1,-1,2021,56.0,2,2,0,2,8,1,1,,1,AUTOROUTE A104,0,,3,6,0,1,3,799,3,, -1,1,0,1,90,25,8,2021,11:55,1,93,93078,1,1,0,3,AUTOROUTE A104,48.9581,2.53084,11,3,2
202100013779,177Â 079,B01,1,1,2,5,1,-1,-1,0,0,-1,2021,44.0,2,2,0,0,3,1,1,,3,910,0,,2,2,0,1,33,620,1,, -1,1,0,1,80,11,10,2021,10:37,1,57,57430,1,1,0,1,D910,49.024081,6.551113,10,2,2
202100017938,169Â 561,A01,1,1,1,0,1,-1,-1,0,0,-1,2021,31.0,2,2,16,0,9,13,1,,3,942,0,D,3,2,0,2,21,950,2,, -1,1,0,8,90,15,9,2021,20:45,3,87,87089,1,1,0,7,La Sagne Barrat,46.206259,1.117231,20,1,1
202100018096,169Â 275,A01,1,1,1,0,2,0,-1,-1, -1,-1,2021,23.0,2,1,0,2,7,2,0,,1,AUTOROUTE A3,0,,1,2,0,1,5,0,3,, -1,1,0,1,90,19,9,2021,08:30,1,93,93053,1,1,0,6,AUTOROUTE A3,48.88408,2.46889,8,1,1
202100050552,111Â 327,A01,2,2,1,5,1,5,-1,-1, -1,-1,2021,29.0,2,2,6,0,1,13,1,,4,RUE AUGUSTE BENEBIG,0,,2,2,0,4,0,0,1,, -1,1,0,4,50,21,2,2021,03:40,5,988,98818,2,1,0,6,RUE AUGUSTE BENEBIG,-22.26805,166.46233,3,2,1
202100011901,180Â 453,A01,1,1,1,4,1,-1,-1,0,0,-1,2021,40.0,1,4,10,0,4,1,1,,3,D926,-1,,2,3,0,2,20,400,3,, -1,2,0,3,50,22,10,2021,09:00,1,82,82038,1,1,1,6,D926,44.2322064814,1.7677761039,9,2,1
202100034626,139Â 821,B01,1,1,1,0,8,0,-1,-1, -1,-1,2021,20.0,3,1,0,2,1,1,0,,3,SOLIDARITE (RUE DE LA),0,,2,2,1,2,1,0,1,, -1,1,0,1,50,13,6,2021,21:00,2,93,93048,2,2,0,3,Boulevard Jeanne dâArc / Rue de la SolidaritÃ©,48.85283,2.44468,21,2,2
202100000195,201Â 394,A01,1,1,1,1,2,-1,-1,0,0,-1,2021,24.0,2,1,0,4,0,26,5,,3,15,0,D,2,2,0,1,27,800,1,, -1,1,4,6,50,20,12,2021,07:01,2,74,74229,2,8,0,3,D15,46.224829,6.301786,7,2,2
202100044306,122Â 469,A01,10,3,2,0,0,-1,-1,3,3,1,2021,14.0,1,2,0,1,3,1,1,,4,PAIX (AVENUE DE LA),0,,2,2,1,1,0,0,1,, -1,1,0,1,50,11,4,2021,15:30,1,93,93073,2,1,0,6,PAIX (AVENUE DE LA),48.95229,2.56665,15,2,1
202100030802,146Â 706,A01,1,1,1,1,8,0,-1,-1, -1,-1,2021,23.0,0,1,0,0,0,1,3,,4,POMPIDOU (AVENUE GEORGES),0,,3,4,0,2,0,0,1,, -1,1,0,1,50,30,6,2021,12:35,1,87,87085,2,1,0,7,POMPIDOU (AVENUE GEORGES),45.8189,1.26593,12,1,1
202100047014,117Â 739,A01,1,1,1,5,8,8,-1,0,0,-1,2021,35.0,2,1,0,2,1,1,1,,4,BENEBIG (RUE AUGUSTE),0,,2,3,0,3,0,200,1,, -1,1,0,1,50,22,3,2021,18:45,1,988,98818,2,4,0,2,RUE AUGUSTE BENEBIG/BOULEVARD EXTERIEUR,-22.27257,166.44955,18,2,2
202100033520,141Â 857,B01,2,2,2,0,1,0,-1,-1, -1,-1,2021,12.0,2,2,0,2,6,1,1,,1,AUTOROUTE A1,0,,3,8,0,1,4,99,1,, -1,1,0,1,90,18,6,2021,16:50,1,93,93066,1,1,0,3,AUTOROUTE A1,48.92203,2.37135,16,3,2
202100042608,125Â 462,B01,1,1,1,5,8,0,-1,-1, -1,-1,2021,58.0,1,1,0,2,8,1,5,,3,MARECHAL LECLERC (R DU),0,,3,3,0,1,0,375,1,, -1,1,0,1,50,25,4,2021,19:05,1,94,94069,2,3,0,3,MARECHAL LECLERC (R DU),48.81648,2.45705,19,2,2
202100037593,134Â 464,B01,1,1,1,4,2,-1,-1,-1, -1,-1,2021,28.0,2,1,0,2,1,17,3,,4,RUE ESPRIT-DES-LOIS,0,,2,4,2,2,(1),(1),1,, -1,2,0,1,50,29,5,2021,16:30,1,33,33063,2,1,1,3,Rue Esprit-des-Lois,44.843,-0.57326,16,2,2
202100040437,129Â 328,B01,1,1,1,9,2,6,-1,-1, -1,-1,2021,57.0,1,1,0,2,1,1,1,,3,COSNAC (RUE DANIEL DE),0,,2,2,0,1,0,600,1,, -1,1,0,1,50,20,2,2021,11:30,1,19,19031,2,3,0,3,COSNAC (RUE DANIEL DE),45.15218,1.55941,11,2,2
202100039810,130Â 421,A01,1,1,1,-1,0,-1,-1,-1, -1,-1,2021,26.0,3,2,17,0,0,1,-1,,4,FOURRIERES VC 1 (ROUTE DES) ,0,,2,1,0,1,(1),(1),2,, -1,2,0,1,80,15,5,2021,18:33,1,82,82033,1,1,1,6,FOURRIERES VC 1 (ROUTE DES) ,44.04257,1.15609,18,1,1
202100025000,156Â 966,B01,1,1,2,1,1,1,-1,-1, -1,-1,2021,32.0,1,2,0,2,1,1,1,,2,RN136,0,,3,4,0,2,15,269,1,, -1,1,0,1,90,8,8,2021,13:00,1,35,35238,1,1,0,2,RN136,48.11704,-1.71954,13,2,2
202100046271,119Â 066,A01,1,1,1,1,2,6,-1,0,0,-1,2021,27.0,2,1,0,0,0,1,1,,7,33A,-1,,2,2,0,1,1,700,1,, -1,1,0,3,70,28,3,2021,23:31,5,29,29189,1,1,0,7,Fiiliger (ArrÃªt de bus),48.375566,-4.38002,23,1,1
202100022359,161Â 680,A01,1,1,1,5,1,-1,-1,0,0,-1,2021,23.0,3,2,15,0,1,0,1,,4,2,0,,2,2,0,2,(1),(1),3,,4,1,0,1,50,27,8,2021,05:00,5,87,87154,2,1,0,6,2 Rue Auguste Gagne,45.891703,0.901626,5,1,1
202100022377,161Â 650,A01,1,1,1,5,2,6,-1,0,0,-1,2021,55.0,2,1,16,0,0,1,1,,3,81,-1,,2,2,0,1,203,350,4,, -1,1,0,3,80,27,8,2021,20:10,3,202,202314,1,1,0,7,Casta,42.659338,9.204569,20,1,1
202100012081,180Â 121,C01,1,1,1,1,1,-1,-1,0,0,-1,2021,28.0,2,2,0,2,4,23,1,,1,151,0,A,3,2,0,1,1,950,1,, -1,2,0,1,130,19,10,2021,07:40,2,76,76503,1,1,1,4,A151 - PK 01+950 - DIRECTION ROUEN,49.518313126,0.9991996036,7,3,3
202100022352,161Â 692,A01,1,1,1,3,2,6,-1,0,0,-1,2021,28.0,2,1,13,0,1,1,1,,3,162,-1,,2,2,0,1,7,0,2,, -1,1,0,3,80,27,8,2021,19:40,1,45,45329,1,1,0,6,D162-PR 7 + 0,47.91984,2.973093,19,1,1
202100002171,197Â 905,A01,2,2,2,5,2,-1,-1,0,0,-1,2021,16.0,2,1,0,0,0,1,1,,3,144,-1,,2,2,0,4,0,800,3,, -1,7,0,1,90,20,12,2021,14:30,1,19,19019,1,1,0,7,Rue des Esclaviers,44.9784170103,1.8337715864,14,2,1
202100006038,191Â 002,A01,1,1,1,5,0,-1,-1,0,0,-1,2021,33.0,2,2,2,0,1,1,1,,3,17,-1,,2,2,0,1,63,529,2,, -1,2,0,1,80,28,11,2021,05:15,3,31,31232,1,1,0,6,D17,43.745909,1.265059,5,1,1
202100031592,145Â 283,A01,1,1,2,5,1,0,-1,0,0,-1,2021,31.0,2,2,0,2,7,1,1,,4,AVENUE FOCH,0,,2,6,0,1,(1),(1),1,, -1,1,0,1,50,28,6,2021,23:20,5,75,75116,2,2,0,3,AVENUE FOCH,48.872203,2.284692,23,2,2
202100056092,101Â 617,A01,1,1,1,0,1,-1,-1,0,0,-1,2021,95.0,3,2,2,0,3,0,1,,4,,0,,2,2,0,1,(1),(1),3,, -1,1,0,3,80,7,1,2021,13:00,1,79,79066,1,1,0,6,Lieu Dit Durigne,46.484972,-0.384076,13,1,1
202100051710,109Â 262,A01,1,1,1,4,2,6,-1,0,0,-1,2021,37.0,1,1,0,2,1,2,1,,4,BOULEVARD DES INVALIDES,0,,-1,4,0,1,(1),(1),1,, -1,1,0,1,50,12,2,2021,19:35,5,75,75107,2,3,0,2,BOULEVARD DES INVALIDES,48.8474459323,2.3162430525,19,3,2
202100021096,163Â 947,A01,10,3,2,5,0,-1,-1,4,3,1,2021,71.0,1,1,0,1,1,7,5,,4,BOULEVARD DE MAGENTA,0,,2,4,3,1,(1),(1),1,, -1,1,0,6,30,3,9,2021,18:15,1,75,75110,2,4,0,6,BOULEVARD DE MAGENTA,48.869019,2.362529,18,2,1
202100004204,194Â 237,A01,1,1,2,0,1,0,-1,-1, -1,-1,2021,66.0,1,2,0,2,1,2,1,,2,13,0,,3,4,0,1,7,500,1,, -1,1,0,1,70,8,12,2021,11:05,1,92,92051,1,1,0,2,RN13,48.8827383399,2.2670725587,11,3,2
202100035814,137Â 689,B01,9,2,1,4,0,-1,-1,0,0,-1,2021,21.0,1,5,0,2,2,1,1,,3,17,-1,D,2,2,0,1,26,891,1,, -1,1,5,1,70,9,6,2021,06:50,1,31,31510,1,2,0,1,Rebirochioulet,43.2645308589,0.7123373158,6,5,2
202100031321,145Â 755,A01,8,2,2,0,8,0,-1,-1, -1,-1,2021,38.0,3,3,0,2,2,1,1,3.0,3,JEAN JAURES (R),0,,2,3,3,1,0,1,1,, -1,1,0,1,50,2,7,2021,17:15,1,94,94022,2,1,1,3,JEAN JAURES (R),48.76568,2.40988,17,4,2
202100008494,186Â 548,B01,2,2,2,0,1,8,-1,-1, -1,-1,2021,27.0,2,5,0,2,1,1,1,,7,CAMP DE MENTHE (AV DU),0,,2,2,0,1,0,0,1,, -1,2,0,1,50,10,11,2021,21:30,3,13,13001,2,1,1,1,CAMP DE MENTHE (AV DU),43.51127,5.41511,21,4,2
202100054292,104Â 714,A01,10,3,2,1,0,-1,-1,2,3,1,2021,52.0,2,2,0,1,1,1,1,,4,,0,,2,2,0,1,(1),(1),2,, -1,2,0,1,50,21,1,2021,06:25,5,68,68298,2,1,0,6,1 Rue de la Resistance 1940 1945,48.243346,7.177967,6,2,1
202100045742,119Â 990,B01,1,1,2,0,8,0,-1,-1, -1,-1,2021,40.0,1,1,0,2,8,19,5,,4,SPECK (CHEMIN DE LA),0,,2,2,0,1,(1),(1),1,, -1,1,0,1,30,28,3,2021,18:20,1,68,68066,2,9,0,6,SPECK (CHEMIN DE LA),48.0645,7.35771,18,2,2
202100013160,178Â 225,B01,1,1,2,5,1,-1,-1,0,0,-1,2021,52.0,1,2,0,2,1,1,1,,7,4,-1,D,2,2,0,1,42,981,2,, -1,1,0,1,70,15,10,2021,23:30,5,31,31091,1,1,0,1,rd4,43.712611,1.403857,23,3,2
202100020358,165Â 245,A01,10,3,2,9,0,-1,-1,4,3,1,2021,52.0,3,2,0,1,0,15,0,,3,COLOMBES,0,,4,2,0,1,0,0,1,, -1,1,0,1,50,7,9,2021,11:40,1,92,92026,2,2,0,6,ARISTIDE BRIAND,48.8988465178,2.2566497326,11,2,1
202100038647,132Â 555,B01,1,1,1,9,8,0,-1,0,0,-1,2021,34.0,2,1,0,2,1,1,5,,4,BOULEVARD D INDOCHINE,0,,1,2,1,1,(1),(1),1,, -1,1,0,5,30,23,5,2021,13:08,1,75,75119,2,3,0,3,BOULEVARD D INDOCHINE,48.88718,2.396117,13,2,2
202100007700,187Â 991,A01,1,1,1,0,2,-1,-1,0,0,-1,2021,14.0,3,1,0,2,0,1,1,,3,308,-1,,2,2,0,1,(1),(1),1,, -1,2,0,1,50,16,11,2021,13:40,1,69,69066,2,3,1,3,AIME CHRISTOPHE (R),46.06926,4.316007,13,2,2
202100004565,193Â 617,A01,1,1,1,5,1,-1,-1,0,0,-1,2021,29.0,2,2,13,0,2,1,1,,3,150,-1,,2,2,0,1,5,300,2,, -1,2,0,1,80,5,12,2021,16:40,1,60,60288,1,1,1,7,D150,49.560254,1.886687,16,1,1
202100012379,179Â 585,B01,1,1,1,9,2,8,-1,-1, -1,-1,2021,20.0,1,1,0,2,1,17,1,,4,CATAYEE (JUSTIN),0,,2,1,0,1,(1),(1),1,, -1,1,0,1,50,18,10,2021,15:02,1,973,97302,2,1,0,5,CATAYEE (JUSTIN),4.9394360294,-52.3306197524,15,3,3
202100035622,138Â 047,A01,1,1,1,9,2,6,9,0,0,-1,2021,30.0,1,1,0,2,3,13,1,,3,109,0,,2,2,0,1,8,140,2,, -1,1,0,1,50,9,6,2021,22:47,4,17,17349,2,1,0,1,rue des maisons neuves (choupeau),46.277808,-0.859447,22,2,2
202100039768,130Â 501,A01,1,1,1,5,2,-1,-1,0,0,-1,2021,68.0,1,1,1,0,1,1,5,,3,81,-1,,2,2,0,1,28,567,1,, -1,1,0,3,50,13,5,2021,16:30,1,66,66008,1,1,0,2,Route du Littoral,42.581147,3.032634,16,2,2
202100001308,199Â 427,B01,1,1,1,3,2,6,-1,0,0,-1,2021,23.0,1,1,0,2,1,1,1,,3,933,-1,,2,2,0,1,66,836,1,,4,2,0,1,50,28,12,2021,08:55,1,1,1194,2,3,0,3,Rue Edouard Herriot,45.988952,4.756941,8,2,2
202100045100,121Â 120,A01,10,3,1,0,0,-1,-1,3,3,1,2021,17.0,3,2,0,1,8,1,1,,4,FRANKLIN ROOSEVELT (AVENUE),0,,2,2,0,1,(1),(1),1,, -1,1,0,1,50,2,4,2021,16:50,1,59,59392,2,2,0,6,FRANKLIN ROOSEVELT (AVENUE),50.27912,3.97132,16,2,1
202100042904,124Â 976,B01,1,1,1,5,2,0,-1,0,0,-1,2021,28.0,1,1,0,2,2,1,1,,4,PORTE D ITALIE,0,,1,4,0,1,2,0,1,, -1,1,0,1,70,22,4,2021,16:55,1,75,75113,2,1,0,2,PORTE D ITALIE,48.817738,2.367338,16,2,2
202100048072,115Â 818,A01,1,1,1,5,2,-1,-1,0,0,-1,2021,31.0,2,1,13,0,9,17,1,,3,233,-1,,2,2,0,1,5,150,3,, -1,1,0,3,80,14,3,2021,14:50,1,53,53030,1,1,0,6,RD 233,47.953159,-0.618947,14,1,1
202100031466,145Â 504,A01,1,1,1,5,0,-1,-1,0,0,-1,2021,16.0,2,1,0,0,0,1,5,,3,368,-1,,2,2,0,2,2,800,1,, -1,1,0,1,80,1,7,2021,15:00,1,61,61095,1,1,0,7,La ThiaudiÃ¨re,48.719041,-0.628538,15,1,1
202100022651,161Â 133,B01,1,1,1,0,2,0,-1,0,0,-1,2021,17.0,1,1,0,2,1,1,1,,7,ANGLAIS (DU NÂ° 265 AU NÂ° 350),0,,1,3,0,1,(1),(1),1,, -1,1,0,1,50,25,8,2021,21:16,5,6,6088,2,1,0,2,ANGLAIS (DU NÂ° 265 AU NÂ° 350),43.680495,7.231029,21,2,2
202100044547,122Â 089,C01,2,2,2,9,1,-1,-1,-1, -1,-1,2021,21.0,2,2,0,2,4,2,1,,3,PIERRE MENDES FRANCE (BOULEVARD),0,,3,4,0,1,34,99,1,4,"7,5",1,0,1,90,8,4,2021,17:40,1,79,79191,2,1,0,4,Boulevard Pierre MendÃ¨s France,46.33532,-0.41014,17,5,4
202100047336,117Â 153,A01,1,1,2,0,2,0,-1,-1, -1,-1,2021,49.0,1,1,0,2,1,2,1,,4,ALLEES DE MORLAAS DES,0,,1,1,1,1,0,0,1,, -1,1,0,1,30,19,3,2021,14:20,1,64,64445,2,1,0,2,ALLEES DE MORLAAS DES,43.30446,-0.34895,14,2,2