Num_Acc,id_vehicule,num_veh,place,catu,sexe,trajet,secu1,secu2,secu3,locp,actp,etatp,year_acc,victim_age,senc,catv,obs,obsm,choc,manv,motor,occutc,catr,voie,v1,v2,circ,nbv,vosp,prof,pr,pr1,plan,lartpc,larrout,surf,infra,situ,vma,jour,mois,an,hrmn,lum,dep,com,agg_,int,atm,col,adr,lat,long,hour,nb_victim,nb_vehicules
202100043348,124Â 180,B01,1,1,1,5,8,0,-1,0,0,-1,2021,33.0,3,1,0,2,1,19,3,,4,AVENUE SIMON BOLIVAR,0,,2,2,0,1,(1),(1),1,, -1,1,0,1,50,19,4,2021,23:30,5,75,75119,2,2,0,3,AVENUE SIMON BOLIVAR,48.8763411814,2.3796856791,23,2,2
202100013324,177Â 931,A01,10,3,1,9,0,-1,-1,1,3,1,2021,40.0,1,2,0,1,1,11,1,,3,GENERAL LECLERC (AV),0,,1,2,0,1,1,0,1,, -1,1,0,1,50,14,10,2021,17:45,1,94,94022,2,3,0,6,Avenue du GÃ©nÃ©ral Leclerc,48.76244,2.40662,17,2,1
202100048468,115Â 127,A01,1,1,1,4,1,-1,-1,0,0,-1,2021,31.0,1,2,8,2,2,17,1,,3,740,0,D,2,2,0,1,29,400,1,,"5,7",2,0,1,70,11,3,2021,10:35,1,79,79057,1,1,1,3,6 Route de Chef-Boutonne,46.14428,-0.191107,10,3,2
202100005387,192Â 162,A01,1,1,1,5,2,6,-1,0,0,-1,2021,64.0,1,1,0,0,7,1,1,,4,BOULEVARD HENRI IV,0,,2,4,0,1,(1),(1),1,, -1,2,0,1,30,1,12,2021,19:10,5,75,75104,2,2,1,7,BOULEVARD HENRI IV,48.852626,2.367363,19,1,1
202100002384,197Â 520,A01,1,1,1,0,2,0,-1,-1, -1,-1,2021,51.0,3,1,12,2,2,21,1,,4,PIERRE LEFAUCHEUX (RUE),0,,2,2,0,1,(1),(1),2,, -1,1,0,1,50,17,12,2021,15:37,1,78,78029,2,9,0,5,PIERRE LEFAUCHEUX (RUE),48.975326,1.853317,15,3,3
202100023145,160Â 244,A01,10,3,2,0,0,-1,-1,4,3,1,2021,69.0,1,1,0,1,1,1,5,,4,GUESDES (RUE JULES),0,,2,2,0,1,1,0,1,, -1,1,0,1,30,21,8,2021,19:45,1,93,93010,2,1,0,3,GUESDES (RUE JULES),48.903858,2.475272,19,2,1
202100049012,114Â 149,A01,3,2,1,5,1,-1,-1,0,0,-1,2021,19.0,2,2,2,0,5,1,1,,3,928,-1,,2,2,0,1,25,800,1,, -1,1,0,3,90,6,3,2021,17:55,1,21,21519,1,1,0,6,D928,47.786803,4.841285,17,4,1
202100044822,121Â 597,B01,1,1,1,5,2,0,-1,-1, -1,-1,2021,68.0,2,1,0,2,8,15,5,,4,CUGNOT (RUE NICOLAS),0,,2,5,0,1,(1),(1),1,, -1,1,5,1,50,7,4,2021,15:30,1,42,42187,2,3,0,2,Rue Nicolas Cugnot,46.04506,4.06028,15,2,2
202100044225,122Â 622,A01,1,1,2,1,1,-1,-1,-1,0,-1,2021,35.0,2,2,0,2,4,2,1,,1,AUTOROUTE A15,0,,3,12,0,1,7,199,1,, -1,1,0,1,110,13,4,2021,09:00,1,95,95018,1,1,0,2,A15,48.9607272736,2.2698121101,9,2,2
202100033878,141Â 204,A01,10,3,1,5,0,-1,-1,2,3,1,2021,62.0,2,2,0,1,4,4,1,,4,RUE DU HUIT MAI 1945,0,,2,2,0,1,(1),(1),1,, -1,1,0,1,50,17,6,2021,11:00,1,75,75110,2,1,0,6,RUE DU HUIT MAI 1945,48.876232,2.357543,11,2,1
202100046670,118Â 348,A01,1,1,1,5,0,-1,-1,0,0,-1,2021,84.0,0,2,13,0,3,26,1,,3,6089,-1,,2,2,0,1,(1),(1),1,, -1,1,-1,3,90,26,3,2021,14:30,1,24,24449,1,1,0,6,La Cornue,44.998553,0.222816,14,1,1
202100053877,105Â 442,A01,1,1,1,5,0,-1,-1,0,0,-1,2021,16.0,1,1,0,0,8,1,1,,3,7,-1,,2,2,0,1,25,0,1,, -1,1,0,1,50,24,1,2021,12:45,1,65,65080,2,1,0,7,D7,43.153921,0.024776,12,1,1
202100038630,132Â 587,B01,1,1,1,0,1,0,-1,-1, -1,-1,2021,35.0,3,2,0,2,1,1,1,,7,COLOMBIER (RUE DU),0,,1,1,0,1,1,50,2,, -1,1,0,1,50,22,5,2021,19:07,1,37,37233,2,3,0,6,COLOMBIER (RUE DU),47.381088425,0.7375114122,19,3,2
202100037878,133Â 956,A01,1,1,1,5,0,-1,-1,0,0,-1,2021,45.0,1,0,8,0,7,25,0,,3,4.1,2,,2,2,1,1,2,750,1,, -1,1,0,4,50,28,5,2021,18:10,1,68,68112,2,1,0,6,D4b1,47.902358,7.229841,18,1,1
202100031339,145Â 723,A01,2,2,2,5,1,5,-1,0,0,-1,2021,19.0,1,2,8,0,7,0,1,,7,18,-1,M,2,2,0,1,0,491,2,, -1,1,9,4,50,3,7,2021,02:00,5,31,31445,2,1,0,6,74 Route de la Saune,43.580827,1.535976,2,3,1
202100018291,168Â 930,A01,1,1,2,1,1,0,-1,-1, -1,-1,2021,31.0,1,2,0,2,2,1,1,,2,RN2 SENS ST BENOIT ST DENIS,0,,1,2,0,1,(1),(1),1,, -1,1,0,1,110,17,9,2021,12:45,1,974,97409,1,1,0,2,RN2 SENS ST BENOIT ST DENIS,-20.97786,55.65424,12,2,2
202100051503,109Â 638,A01,1,1,2,0,1,8,-1,-1, -1,-1,2021,36.0,1,2,14,0,1,1,1,,3,PENTE SASSY (chemin de la),0,,2,2,0,1,0,115,1,, -1,2,8,1,50,14,2,2021,08:50,1,974,97409,2,1,1,4,PENTE SASSY (chemin de la),-20.9642,55.65905,8,4,3
202100011622,180Â 951,C01,4,2,1,0,3,0,-1,-1, -1,-1,2021,0.0,1,2,0,2,1,0,1,,3,ANATOLE DE LA FORGE (BOULEVARD),0,,1,2,0,2,(1),(1),1,, -1,1,0,1,50,16,10,2021,10:30,1,13,13214,2,2,0,5,ANATOLE DE LA FORGE (BOULEVARD),43.3403169012,5.3870329371,10,4,3
202100039831,130Â 382,A01,1,1,2,0,8,-1,-1,-1, -1,-1,2021,24.0,1,2,0,0,1,0,1,,4,LIEUTAUD (COURS),0,,2,2,0,1,(1),(1),1,, -1,1,9,1,50,15,5,2021,05:00,2,13,13206,2,1,0,7,LIEUTAUD (COURS),43.29105,5.38311,5,1,1
202100041933,126Â 665,A01,1,1,1,3,2,6,-1,0,0,-1,2021,16.0,1,1,8,0,8,14,3,,4,RUE DES HALLES,0,,1,1,1,1,(1),(1),1,, -1,1,0,1,30,30,4,2021,16:20,1,75,75101,2,5,0,6,RUE DES HALLES,48.860026,2.346475,16,2,1
202100010947,182Â 157,B01,1,1,1,3,8,0,-1,-1, -1,-1,2021,38.0,-1,1,0,2,7,25,5,,3,ELYSEE RECLUS (AVENUE) NÂ° 23 AU 217,0,,1,2,1,1,0,1,1,, -1,1,0,5,30,26,10,2021,09:10,1,93,93059,2,3,0,3,MERCHER (PASSAGE),48.94933,2.35775,9,2,2
202100049752,112Â 811,A01,1,1,1,0,2,6,-1,-1, -1,-1,2021,59.0,2,1,0,0,8,1,1,,3,BASQUE (AVENUE DU GRAND),0,,2,2,0,1,4,760,2,, -1,2,0,1,50,28,2,2021,15:10,1,64,64102,2,6,1,7,BASQUE (AVENUE DU GRAND),43.49093,-1.45352,15,1,1
202100041942,126Â 651,A01,10,3,2,3,0,-1,-1,3,3,1,2021,68.0,2,2,0,1,1,1,1,,3,RTE DE LA LIBERATION ,0,,-1,2,0,1,1,0,1,, -1,1,0,1,50,30,4,2021,10:50,1,94,94019,2,1,0,6,Route de la LibÃ©ration,48.80161,2.54052,10,2,1
202100041615,127Â 218,B01,1,1,1,5,2,-1,-1,0,0,-1,2021,52.0,2,1,0,2,1,1,5,,3,1006,-1,,1,1,0,1,122,365,2,, -1,1,5,1,50,26,3,2021,13:25,1,73,73261,2,6,0,3,D1006 R du Temple,45.219938,6.464784,13,2,2
202100013678,177Â 253,A01,1,1,1,0,2,6,-1,0,0,-1,2021,36.0,2,1,0,2,1,13,1,,4,IMPINIERS TRAV.CH.ET MONTEE DES,0,,2,2,0,2,(1),(1),1,, -1,1,0,1,50,11,10,2021,16:25,1,6,6155,2,1,0,1,IMPINIERS TRAV.CH.ET MONTEE DES,43.588288,7.05234,16,2,2
202100048098,115Â 779,A01,1,1,2,5,1,-1,-1,0,0,-1,2021,74.0,1,2,0,2,1,19,1,,3,6015,-1,D,2,3,0,2,29,500,2,, -1,1,0,1,80,15,3,2021,09:29,1,27,27598,1,1,0,1,"D6015, PK 029+500 vers VIRONVAY",49.226342,1.212037,9,2,2
202100032184,144Â 230,A01,2,2,2,5,2,6,9,0,0,-1,2021,25.0,2,1,0,0,7,1,1,,3,93,0,,2,2,0,2,89,500,2,, -1,1,0,3,80,27,6,2021,15:30,1,26,26040,1,1,0,7,D93,44.565569,5.557795,15,2,1
202100052574,107Â 749,B01,1,1,2,1,8,0,-1,0,0,-1,2021,53.0,2,1,0,2,6,15,5,,4,RUE DE SEVRES,0,,2,3,0,1,(1),(1),1,, -1,1,0,1,30,4,2,2021,08:30,1,75,75106,2,1,0,2,RUE DE SEVRES,48.848917,2.321499,8,2,2
202100051745,109Â 202,A01,10,3,2,5,0,-1,-1,6,1,2,2021,47.0,2,2,8,1,2,13,1,,3,37,0,U,2,2,0,1,47,350,1,, -1,1,0,1,80,13,2,2021,16:00,1,58,58210,1,1,0,6,Planchez,47.143073,4.026253,16,2,1
202100024277,158Â 276,B01,1,1,1,1,2,-1,-1,-1, -1,-1,2021,47.0,1,1,0,2,8,2,3,,4,RUE FRANCOIS DE SOURDIS,0,,1,0,1,2,(1),(1),1,,0,1,0,1,50,13,8,2021,18:45,1,33,33063,2,4,0,3,Rue FranÃ§ois de Sourdis,44.83252,-0.58792,18,2,2
202100005869,191Â 299,B01,1,1,2,0,2,0,-1,-1, -1,-1,2021,65.0,2,1,0,2,1,1,1,,3,RABAN (ROUTE DE),0,,2,2,0,1,1,900,1,, -1,1,0,1,50,26,11,2021,11:10,1,973,97302,2,2,0,3,RABAN (ROUTE DE),4.9295243203,-52.3151049614,11,2,2
202100032445,143Â 782,A01,10,3,1,0,0,-1,-1,1,3,2,2021,17.0,2,2,0,1,3,19,1,,3,ROUTE DEPARTEMENTALE 14,0,,2,2,0,1,1,0,1,, -1,1,0,1,70,23,6,2021,18:30,3,972,97213,1,9,0,6,ROUTE DEPARTEMENTALE 14,14.6245793035,-61.0186457634,18,2,1
202100044950,121Â 385,B01,1,1,1,0,1,-1,-1,-1, -1,-1,2021,26.0,1,2,0,2,1,1,1,,4,MAGUDAS (AVE DE),0,,2,4,0,1,(1),(1),1,, -1,1,0,1,50,6,4,2021,14:30,1,33,33162,2,2,0,3,Avenue de Magudas,44.85828,-0.66631,14,2,2
202100050148,112Â 084,A01,1,1,1,4,8,-1,-1,-1, -1,-1,2021,36.0,2,5,0,2,1,1,3,,4,,0,,1,2,0,1,(1),(1),1,, -1,1,0,1,50,25,2,2021,16:40,1,69,69388,2,3,0,3,JOSEPH CHAPELLE (R),45.736156375,4.8680073358,16,2,2
202100012927,178Â 630,A01,1,1,1,1,2,-1,-1,0,0,-1,2021,16.0,2,1,0,2,1,5,1,,3,,0,,2,2,0,1,9,705,3,,4,1,0,1,50,16,10,2021,13:15,1,89,89464,2,3,0,1,Rue de la Grosse Pierre,48.085914,3.299383,13,2,2
202100036443,136Â 565,A01,1,1,2,9,1,0,-1,-1, -1,-1,2021,24.0,1,2,0,2,1,15,1,,4,RONDEAU   BOULEVARD ARISTIDE,0,,2,2,0,1,(1),(1),1,, -1,1,0,1,30,4,6,2021,19:35,1,17,17300,2,1,0,1,RONDEAU   BOULEVARD ARISTIDE,46.158523,-1.186524,19,3,2
202100030343,147Â 523,A01,1,1,1,0,2,0,-1,-1, -1,-1,2021,63.0,1,1,15,0,0,0,1,,7,PIERREFEU (ROUTE DE) RD 12,0,,2,2,0,1,35,0,2,, -1,1,0,1,70,6,7,2021,12:35,1,83,83069,1,1,0,6,PIERREFEU (ROUTE DE) RD 12,43.1756481036,6.1178638239,12,1,1
202100045829,119Â 834,B01,1,1,1,1,2,-1,-1,0,0,-1,2021,43.0,-1,1,0,2,8,2,5,,3,31,0,,-1,2,0,1,18,300,1,, -1,1,0,1,80,31,3,2021,20:00,2,42,42162,1,3,0,3,Route de Roanne,46.019056,4.000354,20,2,2
202100031966,144Â 606,A01,1,1,1,5,2,-1,-1,-1, -1,-1,2021,29.0,3,1,0,0,1,26,1,,4,LOUIS BLANC (RUE),0,,2,2,0,1,(1),(1),1,, -1,2,0,1,50,27,6,2021,21:00,1,79,79329,2,1,0,6,44 Rue Louis Blanc,46.986047,-0.21511,21,1,1
202100021998,162Â 315,B01,1,1,2,5,0,-1,-1,0,0,-1,2021,61.0,0,0,0,2,7,19,3,,3,161,0,D,2,2,0,1,0,200,1,, -1,1,0,1,50,27,8,2021,19:05,2,7,7306,2,1,0,3,Route du Rocher,44.429137,4.355435,19,2,2
202100016118,172Â 831,B01,1,1,1,1,2,0,-1,-1, -1,-1,2021,19.0,1,1,0,2,7,1,1,,3,GENERAL LECLERC  (RUE   ),0,,2,2,0,1,2,126,1,, -1,1,0,1,50,28,9,2021,08:00,1,77,77372,2,3,0,3,D334,48.881912,2.697491,8,2,2
202100050124,112Â 136,B01,1,1,2,0,1,-1,-1,0,0,-1,2021,30.0,3,2,0,2,1,1,1,,4,,-1,,2,2,0,2,(1),(1),1,, -1,1,0,1,50,27,2,2021,17:20,1,69,69243,2,1,0,2,RADISSON (R),45.896299,4.438173,17,3,2
202100039642,130Â 733,B01,1,1,1,1,1,-1,-1,0,0,-1,2021,57.0,1,2,0,0,1,1,1,,3,38,0,D,2,2,0,1,7,200,1,, -1,1,0,1,80,18,5,2021,07:00,1,63,63211,1,2,0,3,l'Etang du pendu,45.486358,3.76079,7,3,2
202100020026,165Â 828,B01,1,1,1,5,1,8,-1,-1, -1,-1,2021,34.0,1,2,0,2,6,1,1,,1,A86 INT,0,,3,4,0,1,49,200,1,, -1,1,0,1,90,8,9,2021,03:25,5,94,94065,1,1,0,2,A86 INT,48.75377,2.35497,3,2,2
202100056269,101Â 317,A01,1,1,1,0,2,8,-1,-1, -1,-1,2021,37.0,0,1,0,2,1,1,1,,4,CAPELETTE (AVENUE DE LA),0,,1,1,0,4,(1),(1),1,, -1,2,0,1,50,4,1,2021,12:20,1,13,13210,2,3,1,1,CAPELETTE (AVENUE DE LA),43.283815,5.401791,12,2,2
202100001919,198Â 363,B01,1,1,1,3,2,6,-1,-1, -1,-1,2021,24.0,1,1,0,2,7,2,1,,3,ALLENDE (AVENUE SALVADOR),0,,3,3,0,2,48,956,1,, -1,1,0,1,50,21,12,2021,12:45,1,93,93031,2,1,0,3,ALLENDE (AVENUE SALVADOR),48.9561036551,2.3085435664,12,2,2
202100008844,185Â 932,B01,1,1,1,5,2,6,-1,0,0,-1,2021,32.0,2,1,0,2,1,1,1,,4,AVENUE PAUL DOUMER,0,,2,2,0,2,(1),(1),2,, -1,1,0,1,30,7,11,2021,01:15,5,75,75116,2,3,0,3,AVENUE PAUL DOUMER,48.861888,2.286131,1,3,2
202100028867,150Â 121,B01,1,1,2,5,8,0,-1,-1, -1,-1,2021,51.0,3,1,8,0,8,9,5,,3,HENRI POURCHASSE (QU),0,,2,2,0,1,0,0,1,, -1,1,0,1,50,15,7,2021,20:10,1,94,94041,2,1,0,3,HENRI POURCHASSE (QU),48.80934,2.40796,20,2,2
202100013535,177Â 531,B01,2,2,2,4,1,0,-1,-1, -1,-1,2021,19.0,2,5,0,2,5,1,1,,1,21 DEMOISELLES  (PERIPH OUEST A620),0,,3,7,0,2,15,863,1,, -1,1,3,1,70,13,10,2021,10:50,1,31,31555,1,1,0,3,21 DEMOISELLES  (PERIPH OUEST A620),43.5732,1.47266,10,3,2
202100045181,120Â 976,A01,1,1,1,5,0,-1,-1,0,0,-1,2021,45.0,3,1,0,0,1,1,1,,4,,-1,,2,2,0,1,(1),(1),1,, -1,1,0,1,50,4,4,2021,19:00,2,27,27002,2,1,0,7,14 bis Rue du Pressoir,48.759029,1.108635,19,1,1
202100053773,105Â 627,A01,1,1,1,5,1,-1,-1,0,0,-1,2021,72.0,2,2,0,0,0,2,1,,3,74,0,,2,2,0,1,6,90,1,, -1,1,0,3,50,25,1,2021,15:50,1,86,86224,2,1,0,7,Rue Philadelphe Aubert,46.90663,0.404364,15,1,1
202100022125,162Â 083,A01,1,1,1,1,2,8,-1,-1, -1,-1,2021,52.0,2,1,0,2,4,23,0,,3,GENERAL LECLERC (AVENUE)(1/41 ET 2/76),0,,-1,1,0,1,0,1,1,, -1,1,0,1,50,26,8,2021,15:20,1,93,93055,2,1,0,2,GENERAL LECLERC (AVENUE)(1/41 ET 2/76),48.89827,2.40626,15,2,2
202100015616,173Â 763,B01,1,1,1,5,2,8,-1,-1, -1,-1,2021,24.0,3,1,0,2,7,1,1,,4,FRANÃOISE DUPARC (BOULEVARD),0,,2,4,0,1,0,0,1,, -1,1,0,1,50,1,10,2021,16:30,1,13,13204,2,1,0,3,FRANÃOISE DUPARC (BOULEVARD),43.304496848,5.4010477711,16,2,2
202100037071,135Â 437,A01,10,3,1,2,0,-1,-1,3,3,1,2021,9.0,1,2,0,1,2,15,0,,4,MONTGUICHET  (CHEMIN DE),0,,2,2,0,2,1,0,1,, -1,1,6,8,50,31,5,2021,11:40,1,93,93032,2,3,0,6,Chemin de Montguichet / Rue Watteau,48.8843,2.54732,11,2,1
202100005226,192Â 438,A01,1,1,1,5,1,-1,-1,-1, -1,-1,2021,79.0,2,2,1,0,1,14,1,,4,,0,,2,2,2,1,(1),(1),1,, -1,2,0,3,50,1,12,2021,15:42,1,69,69034,2,1,1,6,PASTEUR (R),45.7911353001,4.8428624868,15,1,1
202100044331,122Â 427,B01,7,2,2,5,1,3,-1,0,0,-1,2021,6.0,1,2,0,2,8,26,1,,3,619,-1,,-1,2,0,1,80,0,1,, -1,1,0,1,-1,12,4,2021,08:30,1,10,10209,1,2,0,6,route dÃ©partementale 619,48.244068,4.281567,8,3,2
202100007381,188Â 564,A01,10,3,1,2,8,-1,-1,3,5,1,2021,9.0,3,2,0,1,7,1,1,,4,,-1,,3,2,0,1,(1),(1),1,,"5,5",1,0,1,30,19,11,2021,11:40,1,68,68315,2,1,0,6,Rue de la Marne,47.888313,7.230951,11,2,1
202100003251,195Â 950,A01,2,2,2,0,2,6,-1,-1, -1,-1,2021,23.0,1,1,0,0,0,1,1,,3,PLAGE (BD DE LA) DU 161 ET +,0,,1,1,0,1,21,750,1,, -1,1,0,1,50,11,12,2021,15:50,1,33,33009,2,2,0,7,PLAGE (BD DE LA) DU 161 ET +,44.66275,-1.17583,15,2,1
202100005726,191Â 565,A01,1,1,1,1,1,4,-1,-1, -1,-1,2021,24.0,1,2,3,0,1,21,1,,1,A13,0,,3,3,0,1,36,299,1,, -1,2,0,1,130,29,11,2021,08:40,2,78,78238,1,1,0,6,A13,48.97059,1.87642,8,1,1
202100027662,152Â 275,A01,1,1,1,5,2,6,-1,-1, -1,-1,2021,74.0,2,1,0,2,1,13,1,,1,AUTOROUTE A 62,0,,3,4,0,1,5,670,1,, -1,1,0,1,130,22,7,2021,08:30,1,33,33080,1,1,0,3,AUTOROUTE A 62,44.725735,-0.52659,8,3,2
202100054320,104Â 665,B01,1,1,1,1,8,0,-1,0,0,-1,2021,20.0,3,1,0,2,0,1,5,,7,2b,0,,-1,2,0,1,(1),(1),1,, -1,1,0,1,50,14,1,2021,07:13,5,63,63063,2,6,0,3,BLANZAT (RUE DE),45.83127,3.08666,7,2,2
202100001867,198Â 459,A01,1,1,1,1,1,0,-1,0,0,-1,2021,61.0,2,2,0,2,9,1,1,,7,RD 674,0,,2,2,0,2,43,729,1,, -1,1,0,1,80,21,12,2021,08:00,1,54,54498,1,1,0,5,RM 674,48.72198,6.27152,8,3,3
202100045220,120Â 894,B01,1,1,2,9,2,0,-1,0,0,-1,2021,18.0,2,1,0,2,1,1,1,,4,ALOUETTES (AVENUE DES),0,,2,4,0,1,(1),(1),1,, -1,1,0,1,50,3,4,2021,11:00,1,71,71306,2,2,0,3,ALOUETTES (AVENUE DES),46.6823852097,4.3621169085,11,2,2
202100031984,144Â 575,A01,10,3,1,0,0,-1,-1,5,9,1,2021,45.0,3,2,8,1,1,1,1,,4,PLACIDE CAFFO (PLACE),0,,2,2,0,1,1,0,1,, -1,1,6,8,50,27,6,2021,20:50,2,13,13203,2,1,0,1,PLACIDE CAFFO (PLACE),43.31304,5.38486,20,4,1
202100001245,199Â 541,A01,1,1,2,5,1,-1,-1,0,0,-1,2021,62.0,1,2,0,2,1,13,1,,3,938,3,D,2,2,0,1,29,963,1,,6,1,0,1,80,22,12,2021,15:45,1,79,79049,1,1,1,1,,46.869918,-0.382268,15,2,2
202100011860,180Â 522,B01,1,1,1,0,2,0,-1,-1, -1,-1,2021,51.0,3,1,0,2,1,0,1,,3,PAUL VAILLANT COUTURIER (AV),0,,-1,2,0,1,0,0,1,, -1,2,0,1,50,20,10,2021,23:25,5,94,94037,2,1,1,3,PAUL VAILLANT COUTURIER (AV),48.81652,2.338,23,2,2
202100006680,189Â 841,B01,2,2,1,0,2,-1,-1,-1, -1,-1,2021,22.0,1,1,0,2,1,1,1,,4,GOUESNOU (DE 43 A 219 ET 38 A 212),0,,2,2,0,1,(1),(1),1,, -1,1,5,1,50,13,11,2021,20:38,5,29,29019,2,4,0,1,Rue de Gouesnou,48.41275,-4.46844,20,3,2
202100021583,163Â 053,A01,1,1,1,0,8,0,-1,-1, -1,-1,2021,61.0,1,4,0,0,8,0,1,,3,DIDIER (ROUTE DE),0,,2,2,0,1,0,0,4,, -1,1,0,1,50,31,8,2021,18:55,3,972,97209,2,1,0,7,DIDIER (ROUTE DE),14.63291,-61.08054,18,1,1
202100005111,192Â 639,A01,1,1,1,9,1,0,-1,-1, -1,-1,2021,15.0,3,2,1,0,0,1,1,,4,R PIERRE MAUROY ,0,,2,2,0,1,1,0,3,, -1,1,0,1,50,2,12,2021,16:00,1,94,94016,2,1,0,6,Rue Pierre Mauroy,48.791338,2.330175,16,1,1
202100011632,180Â 930,A01,1,1,1,1,2,6,-1,0,0,-1,2021,20.0,2,1,0,0,8,3,1,,4,PORTE DAUPHINE,0,,1,4,0,1,15,200,1,, -1,2,0,1,70,20,10,2021,08:30,1,75,75116,2,1,1,7,PORTE DAUPHINE,48.870597,2.272352,8,1,1
202100013127,178Â 283,A01,1,1,1,9,1,0,-1,-1, -1,-1,2021,36.0,2,2,0,2,1,1,2,,4,CHARLES SCHMIDT(RUE) : APRES 49,0,,2,2,0,1,0,0,1,, -1,1,0,1,50,13,10,2021,01:25,5,93,93070,2,4,0,3,CHARLES SCHMIDT(RUE) : APRES 49,48.90159,2.33479,1,2,2
202100008037,187Â 363,A01,10,3,1,5,0,-1,-1,3,3,1,2021,76.0,3,1,0,1,1,1,1,,4,BD MAURICE BOURDET,0,,2,2,0,2,0,0,1,, -1,2,8,1,50,15,11,2021,17:00,2,13,13201,2,1,1,1,BD MAURICE BOURDET,43.30231,5.37942,17,2,1
202100023121,160Â 286,B01,1,1,1,5,2,0,-1,-1, -1,-1,2021,5.0,2,1,0,2,1,0,5,,4,RUE MARIE LOUISE DISSART,0,,2,2,0,2,(1),(1),1,, -1,1,0,3,50,20,8,2021,19:15,1,31,31555,2,1,0,3,RUE MARIE LOUISE DISSART,43.6,1.372,19,2,2
202100049504,113Â 265,B01,2,2,1,0,1,0,-1,-1, -1,-1,2021,11.0,0,2,0,2,6,1,1,,4,RUE JEAN COCTEAU ,0,,2,2,0,1,(1),(1),1,, -1,1,0,1,50,28,2,2021,17:25,1,31,31557,2,3,0,3,RUE JEAN COCTEAU ,43.59204,1.32036,17,4,2
202100008487,186Â 564,B01,1,1,1,1,8,-1,-1,0, -1,-1,2021,41.0,2,1,0,2,1,9,1,,4,MONTAIGNE RUE,0,,2,2,0,2,(1),(1),2,, -1,2,0,1,50,9,11,2021,17:50,3,29,29232,2,1,1,2,Rue Montaigne,47.98569,-4.09846,17,2,2
202100018317,168Â 883,A01,1,1,1,0,8,0,-1,0, -1,-1,2021,43.0,1,1,9,0,1,1,5,,3,GENERAL DE GAULLE (AVENUE),0,,-1,2,0,1,0,0,1,, -1,1,0,1,50,17,9,2021,06:30,2,71,71118,2,1,0,7,GENERAL DE GAULLE (AVENUE),46.79610164,4.8114015321,6,1,1
202100019332,167Â 071,A01,1,1,2,5,2,6,-1,0,0,-1,2021,16.0,1,1,0,2,1,1,1,,2,JAURES (AVE JEAN),0,,2,2,0,1,18,930,1,, -1,1,0,1,50,12,9,2021,15:10,1,65,65047,2,3,0,1,JAURES (AVE JEAN),43.24341,0.09578,15,2,2
202100002349,197Â 584,A01,1,1,2,0,2,6,-1,-1, -1,-1,2021,30.0,2,1,0,2,3,0,1,,1,AUTOROUTE A3,0,,3,6,0,1,11,0,1,, -1,1,0,1,90,18,12,2021,13:40,1,93,93005,1,1,0,3,AUTOROUTE A3,48.9314117644,2.4811711212,13,2,2
202100041161,128Â 026,B01,1,1,2,1,2,0,-1,-1, -1,-1,2021,65.0,1,1,0,2,1,1,5,,3,61,0,,2,2,1,1,0,1,1,, -1,2,0,1,50,6,5,2021,18:10,1,92,92046,2,1,0,1,Charles de gaulle,48.823297,2.299814,18,2,2
202100035137,138Â 898,A01,10,3,1,5,0,-1,-1,7,9,1,2021,61.0,1,2,1,2,5,4,1,,3,349,0,A,2,1,0,1,2,100,1,, -1,1,0,1,80,8,6,2021,13:00,1,64,64279,1,1,0,6,D349 PAS DE ROLLAND,43.314245055,-1.4006074252,13,3,1
202100048335,115Â 357,A01,10,3,1,4,0,-1,-1,1,3,1,2021,56.0,1,5,0,1,3,1,3,,3,,-1,,1,2,0,1,23,640,2,, -1,2,5,1,50,12,3,2021,08:45,1,85,85128,2,6,1,6,rond point jean Monnet,46.458489,-1.146945,8,2,1
202100030499,147Â 253,A01,2,2,2,0,1,0,-1,-1, -1,-1,2021,29.0,2,2,0,2,4,1,1,,1,A50 - Sens Aubagne vers Marseille,0,,1,2,0,2,26,0,1,, -1,1,0,1,90,6,7,2021,18:17,1,13,13005,1,1,0,4,A50 - Sens Aubagne vers Marseille,43.278,5.586,18,5,3
202100014084,176Â 525,A01,1,1,1,5,8,-1,-1,0,0,-1,2021,24.0,2,2,6,0,1,1,1,,7,31,-1,,2,2,1,1,25,1819,1,, -1,1,2,3,50,10,10,2021,03:00,3,44,44094,2,3,0,6,Quai des Mariniers,47.294359,-1.383408,3,1,1
202100027565,152Â 451,A01,1,1,2,9,8,0,-1,0,0,-1,2021,37.0,2,1,0,2,7,17,5,,4,AVENUE JEAN JAURES,0,,1,1,1,1,(1),(1),1,, -1,1,0,5,50,22,7,2021,15:43,1,75,75119,2,1,0,3,AVENUE JEAN JAURES,48.883308,2.371998,15,2,2
202100021327,163Â 531,A01,1,1,1,1,0,-1,-1,0,0,-1,2021,60.0,1,2,13,0,2,1,1,,3,94,-1,,2,2,0,2,30,135,3,, -1,2,0,3,80,3,9,2021,17:00,1,81,81161,1,1,0,6,D94,43.871949,2.495034,17,1,1
202100053734,105Â 693,A01,1,1,1,0,2,6,-1,-1, -1,-1,2021,20.0,3,1,0,0,7,0,1,,4,avenue pierre mendÃ¨s france,0,,2,2,0,1,1,0,1,, -1,2,0,1,50,22,1,2021,19:30,2,49,49353,2,1,1,7,avenue pierre mendÃ¨s france,47.448212,-0.508788,19,1,1