Num_Acc,id_vehicule,num_veh,place,catu,sexe,trajet,secu1,secu2,secu3,locp,actp,etatp,year_acc,victim_age,senc,catv,obs,obsm,choc,manv,motor,occutc,catr,voie,v1,v2,circ,nbv,vosp,prof,pr,pr1,plan,lartpc,larrout,surf,infra,situ,vma,jour,mois,an,hrmn,lum,dep,com,agg_,int,atm,col,adr,lat,long,hour,nb_victim,nb_vehicules
202100014171,176Â 362,B01,1,1,1,5,2,0,-1,-1, -1,-1,2021,16.0,3,1,0,2,8,0,3,,7,STALINGRAD (RUE DE),0,,2,2,1,1,0,0,1,, -1,1,0,5,50,9,10,2021,19:00,5,38,38185,2,4,0,3,STALINGRAD (RUE DE),45.17097,5.72382,19,2,2
202100032220,144Â 167,B01,1,1,1,1,1,0,-1,-1, -1,-1,2021,21.0,1,2,0,2,4,2,1,,1,A50 - Sens Aubagne vers Marseille,0,,-1,2,0,1,15,0,1,, -1,1,0,1,90,25,6,2021,15:30,1,13,13005,1,1,0,2,A50 - Sens Aubagne vers Marseille,43.28102,5.58229,15,3,3
202100049987,112Â 390,A01,2,2,2,2,1,0,-1,-1, -1,-1,2021,30.0,1,5,1,0,1,1,1,,5,GEORGES GRATIANT (AVENUE),0,,2,1,0,1,0,(1),1,, -1,2,9,1,30,26,2,2021,08:15,1,972,97209,2,1,1,6,GEORGES GRATIANT (AVENUE),14.61346,-61.03712,8,2,1
202100043253,124Â 347,A01,2,2,2,5,1,-1,-1,0,0,-1,2021,40.0,3,2,0,2,3,19,1,,3,6007,-1,,3,2,0,2,58,512,1,, -1,1,5,1,50,21,4,2021,13:57,1,6,6150,1,9,0,5,Route Moyenne Corniche,43.73071,7.390269,13,9,3
202100022809,160Â 836,A01,1,1,1,5,2,0,-1,-1, -1,-1,2021,19.0,3,1,0,0,0,1,1,,4,RUE PIERRE GILLES DE GENNES,0,,2,2,0,1,(1),(1),1,, -1,1,0,1,50,1,8,2021,02:50,3,41,41295,1,1,0,7,RUE PIERRE GILLES DE GENNES,47.5725,1.3731,2,1,1
202100007484,188Â 377,A01,1,1,1,9,1,-1,-1,0,0,-1,2021,24.0,2,2,13,0,2,0,1,,3,122,0,A,2,2,0,1,19,450,2,,"3,8",1,0,1,80,18,11,2021,23:00,3,79,79345,1,1,0,6,,46.547085,-0.274787,23,1,1
202100050223,111Â 941,B01,1,1,1,1,2,8,-1,-1, -1,-1,2021,39.0,1,1,0,2,3,3,1,,3,HENRI BARBUSSE (AV),0,,1,0,0,1,1,0,1,, -1,1,0,1,50,25,2,2021,11:00,1,94,94081,2,6,0,3,HENRI BARBUSSE (AV),48.79255,2.38739,11,2,2
202100044519,122Â 134,A01,2,2,1,0,1,-1,-1,0,0,-1,2021,38.0,2,2,2,0,3,0,1,,3,906,-1,,2,2,0,3,43,500,3,, -1,2,0,3,70,10,4,2021,14:30,1,78,78557,1,1,1,6,RD 906,48.63444,1.749315,14,2,1
202100025722,155Â 708,A01,4,2,2,0,1,0,-1,-1, -1,-1,2021,14.0,3,2,0,2,1,13,1,,3,D 607,0,,2,3,0,1,27,940,1,, -1,1,0,1,90,2,8,2021,07:02,2,77,77186,1,9,0,1,D607,48.35045,2.69593,7,5,2
202100042214,126Â 168,B01,2,2,1,5,1,0,-1,0,0,-1,2021,28.0,2,5,0,2,8,1,1,,4,AVENUE DES CHAMPS ELYSEES,0,,2,6,3,1,(1),(1),1,, -1,1,0,1,50,28,4,2021,01:45,5,75,75108,2,2,0,3,AVENUE DES CHAMPS ELYSEES,48.86774,2.313978,1,4,2
202100009413,184Â 875,B01,1,1,2,0,1,0,-1,-1, -1,-1,2021,67.0,2,2,0,2,3,1,1,,4,GENCAY (ROUTE DE),0,,2,4,0,1,(1),(1),1,, -1,2,0,1,50,3,11,2021,15:25,1,86,86194,2,2,1,3,Route de Gencay,46.567486,0.357563,15,3,2
202100033261,142Â 317,A01,1,1,1,1,2,6,-1,0,0,-1,2021,16.0,3,1,0,2,8,15,1,,3,578,0,,2,2,0,1,3,330,1,, -1,1,0,1,80,19,6,2021,12:30,1,7,7197,1,3,0,3,D578,45.21436,4.669806,12,2,2
202100051893,108Â 945,A01,1,1,1,4,8,0,-1,0,0,-1,2021,32.0,1,1,0,2,9,5,1,,7,,-1,,3,-1,-1,1,(1),(1),1,, -1,2,0,1,-1,9,2,2021,19:01,5,63,63113,2,2,0,3,Paul DiomÃ¨de (rue),45.78373,3.0767,19,2,2
202100000347,201Â 094,B01,1,1,1,1,1,-1,-1,-1, -1,-1,2021,23.0,2,2,0,2,3,16,1,,4,MARECHAL DE SAXE                    (AV),0,,1,1,3,1,(1),(1),1,, -1,1,0,1,50,23,9,2021,07:30,2,69,69383,2,2,0,5,MARECHAL DE SAXE (AV),45.76268,4.84514,7,2,2
202100016105,172Â 854,A01,10,3,1,0,0,-1,-1,3,3,1,2021,35.0,0,2,0,1,4,4,1,,4,GEORGES GUYNEMER (RUE),0,,2,2,0,1,(1),(1),1,, -1,1,0,1,50,25,9,2021,15:30,1,80,80021,2,1,0,6,GEORGES GUYNEMER (RUE),49.9106004466,2.3006344711,15,2,1
202100022490,161Â 429,A01,2,2,2,9,1,-1,-1,0,0,-1,2021,58.0,1,2,5,2,6,1,1,,3,261,0,D,2,2,0,1,0,530,1,, -1,1,0,1,80,4,8,2021,22:15,3,33,33138,1,1,0,2,D261,45.049138,-0.107337,22,3,2
202100015385,174Â 208,A01,1,1,1,5,0,-1,-1,0,0,-1,2021,41.0,2,2,0,2,1,1,1,,3,136,0,,2,2,0,1,3,800,2,,"4,5",1,0,1,80,3,10,2021,18:15,1,79,79286,1,2,0,1,,46.623715,-0.58474,18,6,2
202100047462,116Â 928,A01,1,1,1,0,8,0,-1,-1, -1,-1,2021,47.0,1,1,0,2,1,3,1,,1,86,0,,3,4,0,1,6,300,1,, -1,1,0,1,90,19,3,2021,08:50,1,92,92036,1,1,0,3,A86,48.9353674804,2.2648550687,8,2,2
202100019613,166Â 580,A01,1,1,1,5,2,0,-1,-1, -1,-1,2021,86.0,1,1,0,0,0,13,1,,4,ANCIENNE RN 1,0,,2,1,0,1,1,0,3,, -1,1,0,3,50,10,9,2021,19:51,3,974,97416,1,1,0,7,ANCIENNE RN 1,-21.3245,55.44552,19,1,1
202100016747,171Â 687,B01,2,1,1,5,2,-1,-1,0,0,-1,2021,72.0,2,1,0,2,8,26,5,,3,538,-1,,2,3,0,1,50,200,3,, -1,1,0,1,80,27,9,2021,09:20,1,26,26064,1,6,0,3,Rond point de la FusÃ©e,44.90306,5.008693,9,2,2
202100037222,135Â 147,A01,1,1,1,5,1,0,-1,-1, -1,-1,2021,75.0,1,5,6,0,2,1,1,,4,FOCH (DU MARECHAL),0,,2,2,0,1,(1),(1),1,, -1,1,0,1,50,29,5,2021,09:05,1,60,60382,2,1,0,6,Rue du MarÃ©chal Foch,49.4281580175,2.8236365317,9,1,1
202100042397,125Â 846,A01,2,2,2,9,1,-1,-1,0,0,-1,2021,31.0,3,2,0,2,3,15,1,,3,1201,0,,2,2,0,2,23,580,1,, -1,1,2,1,80,27,3,2021,20:10,3,73,73128,1,3,0,3,D1201,45.74215,5.922575,20,3,2
202100005798,191Â 428,A01,1,1,1,1,8,-1,-1,0,0,-1,2021,33.0,2,2,0,0,0,0,1,,3,25,0,D,2,2,0,1,10,500,1,, -1,1,0,8,50,29,11,2021,03:05,3,60,60176,2,1,0,7,D25,49.224971,2.90523,3,1,1
202100021499,163Â 206,B01,1,1,1,4,2,0,-1,-1, -1,-1,2021,37.0,3,1,0,2,1,26,1,,3,907,0,,1,2,1,2,0,0,1,, -1,1,0,5,50,1,9,2021,12:08,1,92,92064,2,9,0,2,DAILLY,48.8454830687,2.2201888227,12,2,2
202100046451,118Â 752,A01,10,3,1,5,0,-1,-1,1,5,1,2021,9.0,0,2,0,1,3,1,1,,4,,-1,,1,1,0,1,(1),(1),1,, -1,1,0,1,30,22,3,2021,16:45,1,10,10323,2,9,0,6,Rue Louis Pasteur,48.51783,3.728002,16,2,1
202100045397,120Â 586,A01,1,1,1,0,1,0,-1,-1, -1,-1,2021,80.0,2,2,1,0,2,1,1,,4,ROCHEPINARD (RUE DE),0,,1,1,0,1,(1),(1),1,, -1,1,0,1,50,1,4,2021,16:30,1,37,37208,2,1,0,7,ROCHEPINARD (RUE DE),47.3720194727,0.7208969665,16,1,1
202100050888,110Â 715,Z01,10,3,2,0,8,8,-1,3,3,1,2021,19.0,1,2,0,1,1,1,1,,4,OBERLIN (RUE),0,,2,2,0,1,(1),(1),1,, -1,1,0,1,50,12,2,2021,15:55,1,54,54395,2,3,0,6,rue de Dieuze,48.6985857029,6.192586273,15,2,1
202100040896,128Â 528,B01,1,1,1,5,8,8,-1,-1, -1,-1,2021,22.0,2,1,0,2,7,1,5,,4,LYAUTEY,0,,1,2,0,1,0,0,1,, -1,1,5,1,50,6,5,2021,07:55,1,64,64445,2,3,0,3,LYAUTEY,43.3044,-0.3673,7,2,2
202100010343,183Â 216,B01,1,1,1,9,2,6,-1,0,0,-1,2021,20.0,1,1,0,2,1,1,1,,4,BOULEVARD DE L HOPITAL,0,,1,2,0,2,(1),(1),1,, -1,1,0,1,50,27,10,2021,13:35,1,75,75105,2,3,0,3,BOULEVARD DE L HOPITAL,48.841858,2.363151,13,2,2
202100028810,150Â 223,A01,1,1,1,5,8,0,-1,-1, -1,-1,2021,80.0,2,1,12,0,0,1,5,,4,VERDUN (AVENUE DE),0,,3,3,0,1,(1),(1),1,, -1,2,0,4,50,13,7,2021,10:48,1,74,74012,2,1,1,7,VERDUN (AVENUE DE),46.1888552095,6.2439879117,10,1,1
202100021474,163Â 257,B01,1,1,2,0,1,0,-1,0,0,-1,2021,41.0,0,2,1,0,7,24,1,,3,,0,,2,2,0,1,23,460,1,, -1,1,0,3,50,1,9,2021,11:45,1,6,6069,2,1,0,3,CARNOT (BOULEVARD ET TRAVERSE),43.65691,6.92328,11,2,2
202100011741,180Â 737,A01,1,1,2,5,1,4,-1,-1, -1,-1,2021,43.0,1,2,4,0,3,21,1,,1,AUTOROUTE A5A,0,,-1,4,0,1,0,600,2,, -1,1,0,1,90,22,10,2021,13:30,1,77,77251,1,1,0,6,AUTOROUTE A5A,48.62887,2.53683,13,1,1
202100011357,181Â 429,B01,1,1,2,0,1,0,-1,-1, -1,-1,2021,29.0,2,2,8,2,4,16,1,,2,RN1 ROCADE DE CHAUVEL,0,,3,2,0,2,(1),(1),1,, -1,1,2,1,90,23,10,2021,13:15,1,971,97101,1,1,0,2,RN1 ROCADE DE CHAUVEL,16.23864,-61.52319,13,4,2
202100036380,136Â 674,B01,1,1,1,0,1,8,-1,-1, -1,-1,2021,23.0,0,1,0,2,7,1,1,,4,GEOFFROY ST HILAIRE (AVENUE),0,,2,2,0,1,0,0,1,, -1,1,0,1,50,4,6,2021,13:40,1,91,91223,2,9,0,3,GEOFFROY ST HILAIRE (AVENUE),48.43523,2.14775,13,2,2
202100005443,192Â 065,A01,1,1,2,4,1,-1,-1,0,0,-1,2021,51.0,2,2,0,2,8,2,1,,1,A9,-1,,3,3,0,1,191,500,1,, -1,1,0,1,130,30,11,2021,18:40,3,11,11262,1,1,0,6,A9,43.162415,2.993281,18,2,2
202100042149,126Â 284,B01,1,1,2,5,1,-1,-1,0,0,-1,2021,67.0,2,2,0,2,8,1,1,,3,NIHERNE (RUE DE),0,,2,2,0,1,7,755,1,, -1,1,0,1,80,6,2,2021,09:50,1,36,36202,1,1,0,3,Route de Niherne,46.8660000104,1.6268458861,9,2,2
202100053275,106Â 506,A01,1,1,1,5,2,0,-1,-1, -1,-1,2021,69.0,1,1,0,2,4,15,5,,3,GEORGES SUANT (RUE),0,,2,2,0,1,0,0,1,, -1,1,0,1,50,29,1,2021,10:15,1,92,92002,2,3,0,3,GEORGES SUANT (RUE),48.7438797859,2.2841907755,10,2,2
202100007059,189Â 136,A01,10,3,2,5,0,-1,-1,5,9,1,2021,44.0,2,1,0,1,1,25,3,,4,PIERRE BROSSOLETTE,0,,1,1,0,1,0,0,1,, -1,1,0,4,50,20,11,2021,19:40,5,93,93051,2,1,0,3,PIERRE BROSSOLETTE,48.84817,2.54905,19,2,1
202100050463,111Â 495,B01,1,1,1,9,1,0,-1,-1, -1,-1,2021,22.0,2,2,0,2,1,1,1,,4,MONTS D'ARREE (AVENUE DES),0,,3,4,1,2,(1),(1),1,, -1,1,0,1,50,23,2,2021,13:50,1,35,35238,2,2,0,5,MONTS D'ARREE (AVENUE DES),48.13517,-1.65949,13,3,3
202100019911,166Â 040,A01,1,1,1,9,2,6,-1,0,0,-1,2021,51.0,2,1,0,1,7,21,1,,4,BOULEVARD SAINT GERMAIN,0,,1,8,1,1,(1),(1),3,, -1,1,0,1,50,7,9,2021,23:30,5,75,75107,2,7,0,6,BOULEVARD SAINT GERMAIN,48.856075,2.325474,23,2,1
202100009601,184Â 547,A01,1,1,1,0,1,0,-1,-1, -1,-1,2021,52.0,2,2,4,0,3,0,1,,1,VA007307 FRANCAZAL A64 Sortie 37,0,,3,3,0,1,283,609,1,, -1,2,0,1,90,3,11,2021,03:30,3,31,31433,1,1,1,6,VA007307 FRANCAZAL A64 Sortie 37,43.54002,1.39567,3,1,1
202100031862,144Â 805,A01,1,1,1,9,2,0,-1,-1, -1,-1,2021,16.0,1,1,0,2,0,0,0,,3,HAUTMONT (RUE D'),0,,-1,0,0,1,1,0,1,, -1,1,0,1,50,28,6,2021,22:55,5,59,59392,2,9,0,3,HAUTMONT (RUE D'),50.27694,3.9622,22,2,2
202100027738,152Â 133,B01,1,1,1,1,8,-1,-1,-1, -1,-1,2021,47.0,3,0,0,2,5,19,3,,4,BREIL (DU),0,,1,2,0,1,0,0,2,, -1,1,9,1,50,21,7,2021,12:24,1,35,35238,2,2,0,3,BREIL (DU),48.09685,-1.63529,12,2,2
202100055431,102Â 768,A01,10,3,2,5,0,-1,-1,2,3,1,2021,29.0,1,5,0,1,1,21,1,,4,583,0,,2,2,0,1,0,0,1,, -1,2,0,1,50,10,1,2021,17:15,1,988,98818,2,1,1,6,RUE JACQUES IEKAWE,-22.24823,166.45585,17,2,1
202100020720,164Â 592,B01,1,1,1,4,2,0,-1,0,0,-1,2021,33.0,1,1,0,2,4,1,1,,4,RUE DE LA MAIN D OR,0,,2,2,0,1,(1),(1),1,, -1,1,0,1,30,5,9,2021,18:00,1,75,75111,2,3,0,2,RUE DE LA MAIN D OR,48.851655,2.377946,18,2,2
202100050707,111Â 054,B01,1,1,1,0,2,6,-1,0,0,-1,2021,30.0,3,1,0,2,1,2,1,,3,503,-1,,2,2,0,1,4,900,1,, -1,1,0,1,50,22,2,2021,09:45,1,42,42124,2,1,0,2,Route de Saint Pierre de Boeuf,45.3726147118,4.704670608,9,2,2
202100030903,146Â 522,A01,1,1,1,5,2,-1,-1,0,0,-1,2021,63.0,1,1,0,2,1,13,1,,3,53,-1,,2,2,0,1,30,700,1,, -1,1,0,1,80,4,7,2021,17:40,1,31,31334,1,1,0,5,185 Route de Saint-Sulpice,43.371162,1.312963,17,5,3
202100054486,104Â 374,A01,10,3,1,9,0,-1,-1,2,1,1,2021,26.0,-1,2,0,1,2,1,1,,3,PASTEUR (BOULEVARD) DE 40 A +,0,,-1,2,0,1,0,1,1,, -1,2,0,1,50,19,1,2021,11:55,1,93,93027,2,1,0,6,PASTEUR (BOULEVARD) DE 40 A +,48.92686,2.3848,11,2,1
202100028495,150Â 782,B01,1,1,1,5,2,0,-1,0,0,-1,2021,5.0,0,1,0,2,7,19,5,,4,RUE MARX DORMOY,0,,2,4,3,1,(1),(1),1,, -1,1,0,6,50,17,7,2021,12:55,1,75,75118,2,3,0,3,RUE MARX DORMOY,48.88906,2.359919,12,2,2
202100039114,131Â 714,B01,1,1,1,9,2,6,-1,-1, -1,-1,2021,24.0,2,1,0,2,1,1,1,,4,GRANDE BRETAGNE (AV DE) DU 39AU 306,0,,2,4,2,1,(1),(1),1,, -1,1,0,1,50,20,5,2021,14:20,1,31,31555,2,1,0,3,GRANDE BRETAGNE (AV DE) DU 39AU 306,43.59843,1.41864,14,2,2
202100010948,182Â 156,A01,1,1,2,5,1,0,-1,-1, -1,-1,2021,57.0,1,2,8,0,1,1,1,,3,KENNEDY (AVENUE JOHN FITZGERALD),0,,3,2,0,1,0,0,1,, -1,1,0,8,50,26,10,2021,10:15,1,93,93013,2,1,0,1,KENNEDY (AVENUE JOHN FITZGERALD),48.93861,2.42615,10,1,1
202100047431,116Â 987,A01,1,1,2,5,8,-1,-1,0,0,-1,2021,21.0,1,2,0,0,9,1,1,,3,7,-1,,2,2,0,1,30,700,2,, -1,1,0,3,80,20,3,2021,03:00,3,1,1351,1,1,0,7,Route des Iles,46.154077,4.865227,3,1,1
202100004197,194Â 252,A01,1,1,1,4,1,-1,-1,-1, -1,-1,2021,36.0,1,4,13,0,7,14,1,,1,AUTOROUTE A 63,0,,3,4,0,1,8,550,1,, -1,2,0,1,110,8,12,2021,08:50,1,33,33122,1,1,1,6,AUTOROUTE A 63,44.740778,-0.711098,8,1,1
202100039632,130Â 751,A01,1,1,1,5,0,-1,-1,0,0,-1,2021,45.0,1,2,4,0,7,1,1,,3,238,-1,D,2,2,0,1,2,500,2,, -1,1,2,4,50,14,5,2021,22:00,5,84,84027,1,1,0,7,Caderousse,44.095507,4.721632,22,1,1
202100028715,150Â 392,A01,1,1,2,5,2,6,-1,0,0,-1,2021,56.0,1,1,0,0,7,13,1,,3,81,-1,,2,2,0,1,82,200,3,, -1,1,0,1,80,16,7,2021,14:55,1,201,201203,1,1,0,7,RD 81,42.291152,8.678963,14,1,1
202100047053,117Â 666,A01,1,1,1,0,2,6,-1,0,0,-1,2021,45.0,1,1,0,0,7,15,1,,4,MORILLOT (RUE PAUL),0,,1,1,0,1,(1),(1),2,, -1,1,0,1,50,22,3,2021,10:10,1,6,6083,2,1,0,7,MORILLOT (RUE PAUL),43.767679,7.487332,10,1,1
202100033576,141Â 749,A01,1,1,1,5,2,8,-1,-1, -1,-1,2021,38.0,2,1,0,0,0,1,5,,3,152,0,,2,2,2,1,4,550,1,, -1,2,0,5,70,17,6,2021,11:45,1,56,56162,1,1,1,7,Boulevard de lâAtlantique D152,47.7096,-3.43992,11,1,1
202100012873,178Â 716,Z01,10,3,2,9,0,-1,-1,2,3,1,2021,52.0,1,1,0,1,2,1,0,,4,RUE DE TOLBIAC,0,,2,3,3,2,(1),(1),1,, -1,1,0,1,30,16,10,2021,18:10,1,75,75113,2,1,0,6,RUE DE TOLBIAC,48.828234,2.37248,18,2,1
202100000426,200Â 949,B01,1,1,1,0,8,-1,-1,-1, -1,-1,2021,28.0,3,1,0,0,0,0,3,,4,MARC BLOCH                          (R ),0,,1,4,0,1,(1),(1),1,, -1,1,0,1,50,15,8,2021,01:50,5,69,69387,2,1,0,6,MARC BLOCH (R ),45.746786051,4.8460929489,1,1,1
202100005799,191Â 427,A01,8,2,1,5,1,-1,-1,0,0,-1,2021,16.0,2,2,2,0,2,1,1,,2,171,-1,,3,4,0,1,68,943,1,, -1,2,0,3,100,25,11,2021,23:45,3,44,44033,1,1,0,6,N171; PK 68+800; sens SAINT-NAZAIRE - NANTES,47.359888,-1.967647,23,3,1
202100028439,150Â 879,A01,4,2,2,0,1,0,-1,-1, -1,-1,2021,1.0,1,2,0,2,3,17,1,,1,A13W,0,,3,4,0,1,22,299,1,, -1,1,0,1,110,18,7,2021,15:00,1,78,78007,1,1,0,2,A13W,48.899178,2.005413,15,6,2
202100038088,133Â 582,A01,9,2,2,5,8,-1,-1,0,0,-1,2021,18.0,2,2,2,0,6,13,1,,3,389,-1,,2,2,0,2,1,800,2,, -1,2,0,3,80,27,5,2021,08:32,2,25,25413,1,1,0,6,D389,46.690944,6.185035,8,4,1
202100018684,168Â 245,A01,2,2,1,5,1,-1,-1,0,0,-1,2021,25.0,1,2,2,0,1,1,1,,4,,-1,,2,2,0,1,(1),(1),2,,4,1,0,3,-1,11,7,2021,05:00,3,33,33080,2,1,0,6,Chemin du Port des Places,44.73209,-0.511224,5,2,1
202100005286,192Â 338,A01,10,3,2,9,0,-1,-1,4,3,2,2021,71.0,3,2,0,1,3,15,1,,7,BELFORT BOULEVARD DE,0,,3,3,1,1,(1),(1),1,, -1,2,0,1,50,25,11,2021,17:10,2,59,59350,2,9,0,6,BELFORT BOULEVARD DE,50.61891,3.07632,17,3,1
202100038512,132Â 804,B01,1,1,1,4,2,6,-1,-1, -1,-1,2021,29.0,3,1,0,2,2,1,1,,4,PRUNEAU (AVE GENERAL),0,,2,4,0,1,0,0,1,, -1,2,2,1,50,24,5,2021,11:30,1,83,83137,2,2,0,3,PRUNEAU (AVE GENERAL),43.12222,5.95557,11,2,2
202100020676,164Â 676,A01,1,1,1,9,2,0,-1,-1, -1,-1,2021,53.0,1,1,0,2,1,1,1,,4,VICTOR LAMON (AVENUE),0,,2,2,0,1,0,0,1,, -1,1,0,1,50,4,9,2021,23:20,5,972,97209,2,1,0,1,VICTOR LAMON (AVENUE),14.602316,-61.056854,23,2,2
202100034062,140Â 875,A01,10,3,2,0,0,-1,-1,8,1,1,2021,50.0,3,2,0,1,4,26,0,,6,GRIMAULT (BD LEON),0,,-1,0,0,1,(1),(1),1,, -1,1,9,8,-1,15,6,2021,11:43,1,35,35238,2,1,0,6,GRIMAULT (BD LEON),48.09107,-1.65249,11,2,1
202100006580,190Â 035,A01,1,1,1,5,2,0,-1,-1, -1,-1,2021,31.0,1,1,12,0,7,18,1,,3,LATTRE-DE-TASSIGNY (AVENUE DU MARECHAL),0,,2,4,0,1,0,0,1,, -1,1,0,1,50,22,11,2021,19:00,5,87,87085,2,3,0,7,LATTRE-DE-TASSIGNY (AVENUE DU MARECHAL),45.8256,1.27883,19,1,1
202100024459,157Â 956,A01,1,1,1,5,0,-1,-1,0,0,-1,2021,40.0,0,2,15,0,9,26,1,,9,,-1,,2,2,0,2,(1),(1),4,, -1,1,0,8,-1,13,8,2021,12:15,1,74,74286,1,9,0,7,Le Bouaz Dessos (Informations),46.326058,6.736235,12,2,1
202100024452,157Â 970,B01,1,1,1,5,2,6,-1,0,0,-1,2021,48.0,2,1,0,2,1,1,1,,3,4,0,,2,2,0,2,77,800,1,, -1,1,0,1,80,13,8,2021,19:30,2,4,4143,1,2,0,3,Ch des Buissonnades / RD 4,43.884847,5.908416,19,8,2
202100008221,187Â 020,A01,1,1,1,0,1,0,-1,-1, -1,-1,2021,26.0,1,5,0,2,1,2,1,,1,AUTOROUTE A86,0,,3,6,0,1,26,299,1,, -1,1,0,1,90,14,11,2021,17:55,3,93,93064,1,1,0,2,AUTOROUTE A86,48.88283,2.47107,17,2,2
202100025552,156Â 000,A01,1,1,1,0,1,-1,-1,0,0,-1,2021,23.0,2,2,9,0,1,21,1,,3,64,0,,2,2,0,1,30,775,3,, -1,1,0,3,80,5,8,2021,23:50,3,1,1412,1,1,0,6,D64,46.165959,4.948112,23,1,1
202100052919,107Â 129,B01,1,1,1,5,2,0,-1,-1, -1,-1,2021,44.0,3,1,0,0,0,21,1,,4,PIERRE GUIGNOIS (R),0,,-1,0,0,1,0,0,1,, -1,2,0,1,50,31,1,2021,17:10,1,94,94041,2,3,1,7,SAINT JUST (R),48.8122,2.3917,17,2,2
202100002247,197Â 767,A01,1,1,2,1,8,0,-1,0,0,-1,2021,19.0,1,2,4,2,3,13,1,,2,PORTE DE CLEUNAY,0,,3,6,0,1,13,100,1,, -1,1,9,8,90,18,12,2021,21:45,3,35,35238,2,1,0,6,RN136,48.09859,-1.71377,21,1,1
202100007240,188Â 814,A01,1,1,1,9,8,0,-1,-1, -1,-1,2021,20.0,1,2,0,0,1,26,1,,4,MOULIN BOULEVARD,0,,2,2,0,1,1,0,1,, -1,1,0,1,50,20,11,2021,00:45,5,49,49007,2,1,0,6,MOULIN BOULEVARD,47.4906,-0.54774,0,1,1
202100045268,120Â 805,A01,1,1,1,5,2,-1,-1,0,0,-1,2021,60.0,2,1,0,2,1,1,1,,3,6089,0,D,2,2,0,1,108,650,1,, -1,1,0,1,80,3,4,2021,15:55,1,24,24372,1,2,0,2,Jevah - D6089,45.143153,0.557621,15,2,2
202100046257,119Â 092,A01,2,2,2,5,2,6,-1,0,0,-1,2021,57.0,1,1,0,2,7,17,1,,2,5,-1,,2,2,0,2,78,640,3,, -1,1,0,1,80,28,3,2021,18:15,1,39,39129,1,1,0,3,,46.663306,5.946941,18,3,2
202100029031,149Â 839,A01,1,1,1,5,1,-1,-1,0,0,-1,2021,30.0,1,2,0,0,3,13,1,,3,992,-1,,2,2,0,1,10,400,3,, -1,2,0,3,80,15,7,2021,02:45,3,1,1294,1,1,1,7,route du rhÃ´ne,45.670101,5.679918,2,1,1
202100026682,154Â 013,A01,1,1,1,1,2,6,-1,0,0,-1,2021,25.0,1,1,0,2,2,9,1,,4,RUE DE LOURMEL,0,,2,1,0,1,(1),(1),1,, -1,1,0,1,50,28,7,2021,16:20,1,75,75115,2,1,0,3,RUE DE LOURMEL,48.837188,2.281204,16,2,2
202100048221,115Â 560,A01,1,1,1,5,2,8,-1,-1, -1,-1,2021,18.0,1,1,0,0,0,26,1,,9,DE VILLIERS 5CHEMIN ADAM),0,,2,2,3,1,0,0,3,, -1,1,9,1,50,12,3,2021,09:45,1,974,97416,1,1,0,7,DE VILLIERS 5CHEMIN ADAM),-21.2741506926,55.4987015979,9,1,1
202100013488,177Â 626,B01,1,1,1,1,2,6,-1,-1, -1,-1,2021,21.0,2,1,0,2,1,1,1,,4,AV BLAISE PASCAL,0,,2,2,0,1,0,0,1,, -1,1,0,1,50,13,10,2021,07:45,1,91,91432,2,1,0,3,AV BLAISE PASCAL,48.69626,2.33369,7,2,2
202100029368,149Â 281,B01,1,1,2,0,8,-1,-1,0,0,-1,2021,55.0,1,2,0,2,3,1,1,,3,999,0,,2,3,0,2,100,370,2,, -1,2,0,1,90,13,7,2021,18:50,1,12,12186,1,1,1,3,D999 - PK 100+500,43.876795,2.585451,18,3,2
202100050058,112Â 262,A01,1,1,1,9,2,0,-1,0,0,-1,2021,36.0,3,1,0,2,1,1,5,,4,PLACE CHARLES DE GAULLE,0,,1,1,0,1,(1),(1),2,, -1,1,0,1,50,25,2,2021,09:12,1,75,75116,2,7,0,2,PLACE CHARLES DE GAULLE,48.873203,2.295127,9,2,2
202100011110,181Â 870,A01,1,1,1,5,2,0,-1,0,0,-1,2021,26.0,1,1,0,2,1,1,5,,4,QUAI DES GRANDS AUGUSTINS,0,,2,4,1,1,17,0,1,, -1,1,-1,5,30,24,10,2021,03:00,5,75,75106,2,1,0,1,QUAI DES GRANDS AUGUSTINS,48.854103,2.343585,3,2,2
202100023482,159Â 653,A01,1,1,1,5,2,6,9,0,0,-1,2021,40.0,2,1,0,2,1,13,1,,3,6,0,,2,2,0,2,6,720,3,, -1,1,0,1,80,19,8,2021,18:19,1,12,12216,1,1,1,3,La Roque Basse,44.511113,2.838598,18,2,2
202100048252,115Â 499,B01,2,2,2,0,2,6,-1,-1, -1,-1,2021,64.0,3,1,0,2,4,2,1,,4,BUTTE AUX CAILLES (ROND POINT DE LA),0,,2,2,0,1,0,0,2,, -1,1,0,1,50,12,3,2021,15:00,1,64,64024,2,6,0,2,BUTTE AUX CAILLES (ROND POINT DE LA),43.497142,-1.50892,15,3,2
202100034614,139Â 843,A01,1,1,2,9,2,0,-1,0,0,-1,2021,28.0,2,1,0,2,2,1,5,,4,AVENUE DU GENERAL LECLERC,0,,2,4,3,1,(1),(1),1,, -1,1,5,6,50,12,6,2021,21:00,1,75,75114,2,7,0,3,AVENUE DU GENERAL LECLERC,48.82791,2.326867,21,2,2
202100004133,194Â 353,B01,1,1,2,5,1,0,-1,-1, -1,-1,2021,41.0,1,2,0,2,2,1,1,,3,PARIS  (RUE DE),0,,2,4,0,1,1,0,1,, -1,1,0,1,50,7,12,2021,11:00,1,93,93032,2,2,0,3,PARIS  (RUE DE),48.86592,2.5678,11,2,2