Num_Acc,id_vehicule,num_veh,place,catu,sexe,trajet,secu1,secu2,secu3,locp,actp,etatp,year_acc,victim_age,senc,catv,obs,obsm,choc,manv,motor,occutc,catr,voie,v1,v2,circ,nbv,vosp,prof,pr,pr1,plan,lartpc,larrout,surf,infra,situ,vma,jour,mois,an,hrmn,lum,dep,com,agg_,int,atm,col,adr,lat,long,hour,nb_victim,nb_vehicules
202100018751,168Â 125,A01,1,1,1,5,8,-1,-1,-1, -1,-1,2021,8.0,3,1,0,2,1,26,0,,4,SUEL (DU) ( R ),0,,2,2,0,2,(1),(1),1,, -1,1,0,1,50,11,9,2021,13:20,1,69,69091,2,1,0,1,SUEL (DU) (R),45.5821530627,4.7718746717,13,2,2
202100004686,193Â 398,A01,10,3,2,0,0,-1,-1,3,3,2,2021,3.0,1,2,0,1,2,1,1,,4,BELLECOUR                           (PL),0,,1,2,3,1,(1),(1),1,, -1,1,0,1,50,3,12,2021,16:40,2,69,69382,2,1,0,6,BELLECOUR (PL),45.7569892259,4.830545783,16,2,1
202100026125,154Â 995,B01,1,1,2,0,1,0,-1,0,0,-1,2021,40.0,2,2,0,2,8,1,1,,7,,0,,3,5,0,1,(1),(1),1,, -1,1,0,1,50,30,7,2021,09:04,1,63,63113,2,2,0,3,FLAUBERT/ Schuman,45.76415,3.12595,9,2,2
202100046725,118Â 252,A01,10,3,1,0,0,-1,-1,2,3,1,2021,25.0,1,3,0,1,1,26,1,1.0,4,GAMBETTA                            (CO),0,,2,4,3,1,(1),(1),1,, -1,1,0,1,50,24,3,2021,16:00,1,69,69387,2,1,0,6,GAMBETTA (CR),45.75088,4.85555,16,2,1
202100031967,144Â 605,A01,1,1,1,-1,0,-1,-1,-1, -1,-1,2021,22.0,2,1,3,0,0,0,-1,,7,,-1,,2,-1,-1,2,1,700,3,, -1,1,0,1,80,27,6,2021,17:21,1,76,76131,1,1,0,7,CÃ´te de la Maison BrÃ»lÃ©e (D132),49.348195,0.931084,17,2,1
202100047452,116Â 945,A01,1,1,1,2,2,-1,-1,0,0,-1,2021,17.0,1,1,0,0,8,1,1,,3,164,0,D,-1,2,0,2,5,645,1,, -1,1,0,1,80,19,3,2021,16:40,1,79,79049,1,1,0,7,Habitation la Roche dâOr Beaulieu (Beaulieu-sous-Bressuire),46.888377,-0.494438,16,1,1
202100011283,181Â 568,A01,1,1,1,1,1,-1,-1,0,0,-1,2021,45.0,1,2,0,2,3,1,1,,1,87,0,A,3,4,0,1,72,800,1,, -1,2,0,1,130,25,10,2021,08:25,2,85,85097,1,1,1,6,a87,46.925707,-1.02396,8,1,1
202100002876,196Â 629,A01,10,3,1,0,0,-1,-1,2,3,1,2021,20.0,2,2,0,1,1,26,0,,2,NAPOLEON COURS AVANT BEVERINI,0,,2,1,0,1,0,150,1,, -1,1,0,1,50,9,9,2021,07:08,2,201,201004,2,1,0,6,NAPOLEON COURS AVANT BEVERINI,41.91903,8.7368,7,2,1
202100005678,191Â 649,A01,1,1,1,1,2,6,-1,0,0,-1,2021,50.0,1,1,0,2,6,1,1,,1,57,-1,,3,2,0,1,13,530,3,, -1,1,3,1,90,29,11,2021,21:45,3,83,83130,1,1,1,2,Autoroute A57 sortie nÂ° 7,43.194864,6.040195,21,2,2
202100029874,148Â 394,B01,1,1,1,1,2,-1,-1,0,0,-1,2021,23.0,1,1,0,2,2,17,1,,3,31,0,D,2,2,0,1,32,0,1,, -1,1,0,1,80,9,7,2021,14:20,1,22,22265,1,3,0,3,Croas Diben (Calvaire),48.759078,-3.396183,14,2,2
202100055535,102Â 583,B01,1,1,1,1,2,0,-1,0,0,-1,2021,52.0,2,1,0,0,0,21,5,,4,QUAI D ORSAY,0,,2,2,1,1,(1),(1),1,, -1,1,-1,5,50,11,1,2021,17:42,2,75,75107,2,2,0,7,QUAI D ORSAY,48.862832,2.313455,17,1,1
202100010745,182Â 523,B01,1,1,1,1,0,0,-1,-1, -1,-1,2021,30.0,3,1,0,2,1,0,3,,4,D'AGEN (RUE),0,,1,2,0,1,1,0,1,, -1,1,0,1,50,27,10,2021,05:45,5,94,94021,2,1,0,3,Rue dâAgen,48.76212,2.34958,5,2,2
202100015586,173Â 822,A01,1,1,2,0,2,6,-1,-1, -1,-1,2021,19.0,2,1,14,0,0,0,1,,4,QUAI DE PALUDATE,0,,2,2,0,1,(1),(1),1,, -1,1,0,1,50,2,10,2021,06:05,5,33,33063,2,1,0,6,QUAI DE PALUDATE,44.828002,-0.552299,6,2,2
202100034832,139Â 449,A01,1,1,1,5,2,6,-1,0,0,-1,2021,57.0,2,1,0,2,1,2,1,,3,2,0,,2,1,0,1,3,450,1,,"3,5",1,0,1,80,12,6,2021,15:37,1,32,32187,1,3,0,2,D2,43.560289,0.441974,15,2,2
202100024661,157Â 573,A01,1,1,1,5,2,6,9,0,0,-1,2021,23.0,2,1,0,2,2,2,1,,3,906,0,,2,1,0,1,9,136,1,, -1,1,0,1,80,6,8,2021,22:46,4,71,71202,1,3,0,2,D906,46.8478352948,4.8089702235,22,2,2
202100050152,112Â 075,A01,10,3,2,5,0,-1,-1,2,3,1,2021,6.0,1,2,0,1,1,1,1,,4,CROIX PAQUET                        (PL),0,,2,2,0,2,(1),(1),1,, -1,1,0,1,50,24,2,2021,17:50,1,69,69381,2,3,0,6,CROIX PAQUET (PL),45.77024,4.83635,17,2,1
202100010625,182Â 743,B01,2,2,2,3,1,-1,-1,0,0,-1,2021,78.0,2,2,0,2,1,1,1,,3,route,0,C,2,2,0,1,1,450,1,, -1,1,5,1,80,28,10,2021,12:00,1,16,16073,1,2,0,3,dÃ©partementale 77,45.263107,0.058494,12,3,2
202100044170,122Â 721,A01,1,1,2,1,2,6,-1,0,0,-1,2021,28.0,1,1,0,2,3,18,1,,4,AVENUE DUQUESNE,0,,2,4,1,1,(1),(1),1,, -1,1,0,1,50,13,4,2021,16:35,1,75,75107,2,2,0,3,AVENUE DUQUESNE,48.850717,2.311648,16,2,2
202100046489,118Â 690,A01,10,3,1,0,0,-1,-1,2,3,1,2021,54.0,1,2,0,1,2,1,1,,4,BARTHELEMY BUYER                    (AV),0,,2,3,0,1,(1),(1),1,, -1,2,0,1,50,26,3,2021,17:30,1,69,69389,2,1,1,6,BARTHELEMY BUYER                    (AV),45.76362,4.79667,17,2,1
202100031158,146Â 038,A01,2,2,1,5,8,0,-1,-1, -1,-1,2021,21.0,1,2,8,0,1,26,1,,4,BOURRELY (CHEMIN DES),0,,3,2,0,1,1,0,1,, -1,1,0,1,50,3,7,2021,03:00,5,13,13215,2,1,0,1,BOURRELY (CHEMIN DES),43.38386,5.36508,3,2,1
202100055040,103Â 432,B01,1,1,2,3,1,-1,-1,-1, -1,-1,2021,88.0,2,2,0,2,8,1,1,,4,,0,,2,3,2,1,(1),(1),1,, -1,2,5,1,50,14,1,2021,13:50,1,33,33192,2,2,1,3,Cours du GÃ©nÃ©ral de Gaulle,44.77851,-0.60979,13,3,2
202100030527,147Â 195,A01,1,1,1,0,2,0,-1,-1, -1,-1,2021,26.0,1,1,0,-1,1,26,1,,1,AUTOROUTE A1,0,,-1,6,0,1,2,200,1,, -1,2,0,1,90,5,7,2021,00:15,3,972,97213,1,1,0,2,AUTOROUTE A1,14.6181013193,-61.034052372,0,2,2
202100041744,126Â 994,A01,1,1,1,5,1,0,-1,-1, -1,-1,2021,37.0,2,2,0,0,0,2,1,,1,A50-Sens Toulon vers Aubagne,0,,1,3,0,2,28,500,1,, -1,2,0,1,90,1,5,2021,11:45,1,13,13085,1,1,1,6,A50-Sens Toulon vers Aubagne,43.257485,5.592506,11,1,1
202100041587,127Â 267,A01,1,1,1,5,2,-1,-1,0,0,-1,2021,62.0,1,1,0,5,1,1,1,,3,154,-1,,2,2,0,1,11,293,1,, -1,1,0,1,50,4,5,2021,09:35,1,76,76697,1,1,1,6,Route de la VallÃ©e,49.79476,1.17315,9,1,1
202100012881,178Â 702,A01,2,2,1,5,2,0,-1,0,0,-1,2021,40.0,1,1,0,0,1,15,1,,4,BOULEVARD DE LA MADELEINE,0,,2,4,0,1,(1),(1),1,, -1,1,0,1,30,16,10,2021,04:00,5,75,75109,2,3,0,7,BOULEVARD DE LA MADELEINE,48.86973,2.326492,4,2,1
202100047755,116Â 386,A01,10,3,1,9,0,-1,-1,3,3,1,2021,56.0,1,2,0,1,1,0,1,,2,JAURES (BLD 2 JEAN),0,,1,3,1,1,0,0,1,, -1,1,0,1,50,16,3,2021,05:50,3,974,97411,2,1,1,6,JAURES (BLD 2 JEAN),-20.90098,55.49281,5,2,1
202100009149,185Â 357,B01,1,1,2,1,1,-1,-1,-1, -1,-1,2021,26.0,1,2,0,2,3,1,1,,3,10,-1,,2,2,0,1,92,500,1,,7,1,0,1,80,6,11,2021,11:05,1,33,33033,1,9,0,3,D10,44.72263,-0.428574,11,2,2
202100017376,170Â 580,B01,4,2,2,0,8,0,-1,-1, -1,-1,2021,31.0,2,2,0,2,2,1,1,,1,13,0,,1,3,0,1,3,799,1,, -1,1,1,1,70,22,9,2021,21:40,5,92,92064,1,1,0,3,A13,48.8392352667,2.21316576,21,5,2
202100005327,192Â 268,B01,1,1,1,0,2,-1,-1,-1, -1,-1,2021,32.0,1,1,0,2,0,0,0,,3,LANDORTHE (ROUTE),0,,2,2,0,1,24,330,1,, -1,1,0,1,50,30,11,2021,16:45,1,31,31483,2,1,0,3,LANDORTHE (ROUTE),43.11601,0.74793,16,2,2
202100003191,196Â 065,B01,1,1,1,1,1,-1,-1,0,0,-1,2021,43.0,2,5,0,2,3,1,1,,3,922,0,D,2,2,0,1,33,765,1,, -1,1,0,1,90,14,12,2021,17:50,3,15,15063,1,1,0,1,D922,45.149018,2.388539,17,4,2
202100022411,161Â 584,C01,2,2,1,0,1,-1,-1,0,0,-1,2021,0.0,0,2,0,2,8,1,1,,3,QUATORZE JUILLET 1789 (AVENUE DU),0,,1,3,0,1,(1),(1),1,, -1,1,0,1,50,23,8,2021,20:25,1,80,80021,2,2,0,5,ALEXANDRE DUMAS (RUE),49.87558,2.28176,20,4,3
202100033074,142Â 623,A01,1,1,1,9,2,0,-1,0,0,-1,2021,32.0,1,1,0,1,6,25,5,,4,RUE DE BELLEVILLE,0,,2,2,0,2,(1),(1),1,, -1,1,0,4,50,21,6,2021,20:15,1,75,75120,2,1,0,6,RUE DE BELLEVILLE,48.876395,2.403928,20,2,1
202100003923,194Â 744,A01,1,1,1,5,2,-1,-1,0,0,-1,2021,20.0,3,1,0,2,3,9,1,,3,512,-1,,2,2,0,1,2,800,3,, -1,1,0,1,50,10,12,2021,20:30,5,60,60307,2,1,0,3,366 rue de la croix du chene,49.3356390386,2.2594617605,20,2,2
202100015660,173Â 677,A01,1,1,1,1,8,0,-1,-1, -1,-1,2021,38.0,1,1,0,2,1,1,3,,3,JEAN JAURES (AVE)  => 53,0,,2,4,1,1,0,1,1,, -1,1,0,1,50,2,10,2021,10:00,1,93,93001,2,1,0,1,JEAN JAURES (AVE)  => 53,48.9033856879,2.391621424,10,2,2
202100054241,104Â 799,A01,1,1,2,5,8,0,-1,0,0,-1,2021,29.0,2,1,0,2,8,16,3,,4,RUE RAYMOND LOSSERAND,0,,1,1,0,1,(1),(1),1,, -1,1,0,1,50,21,1,2021,12:45,1,75,75114,2,1,0,2,RUE RAYMOND LOSSERAND,48.832122,2.314701,12,2,2
202100052537,107Â 811,B01,1,1,1,5,1,8,-1,-1, -1,-1,2021,33.0,1,2,0,2,1,1,1,,3,162,0,,2,2,0,1,1,930,1,, -1,2,0,1,50,3,2,2021,12:10,1,56,56162,2,1,1,1,DUPUY DE LOME (RUE),47.74202,-3.40424,12,4,2
202100012008,180Â 247,A01,1,1,2,0,1,0,-1,0,0,-1,2021,20.0,1,2,0,2,1,26,1,,7,CRISTAL (AVENUE ERNEST),0,,2,2,0,1,(1),(1),1,, -1,1,0,1,50,19,10,2021,18:50,2,63,63113,2,1,0,4,CRISTAL (AVENUE ERNEST),45.75943,3.14311,18,3,3
202100016754,171Â 677,A01,2,2,1,1,2,6,-1,-1, -1,-1,2021,16.0,2,1,0,2,4,1,1,,1,A50-Sens Aubagne vers Marseille,0,,3,3,0,2,5,699,2,, -1,1,0,1,90,25,9,2021,05:40,3,13,13211,1,1,0,2,A50-Sens Aubagne vers Marseille,43.2925,5.4548,5,3,2
202100020628,164Â 754,A01,1,1,1,5,2,-1,-1,0,0,-1,2021,57.0,0,1,0,2,8,13,1,,3,111,-1,,2,2,0,2,31,(1),3,,7,1,0,1,80,5,9,2021,13:10,1,38,38422,1,9,0,3,RD 111 - MONTEE DE CHAMROUSSE,45.154125,5.872707,13,2,2
202100004421,193Â 860,B01,1,1,2,2,2,8,-1,-1, -1,-1,2021,13.0,2,1,9,1,1,25,5,,4,VERDUN (AV. DE) 1 A 33,0,,-1,2,0,1,1,0,1,, -1,2,9,4,50,6,12,2021,17:20,5,93,93010,2,9,1,3,VERDUN (AV. DE) 1 A 33,48.9054172695,2.4898070098,17,2,2
202100015310,174Â 339,A01,1,1,1,0,1,0,-1,-1, -1,-1,2021,66.0,2,2,0,0,8,2,1,,1,A12 W,0,,3,7,0,1,0,800,1,, -1,1,0,1,110,3,10,2021,11:15,1,78,78043,1,1,0,6,A12 W,48.839764,2.094399,11,2,1
202100056196,101Â 443,A01,10,3,2,0,0,-1,-1,3,3,1,2021,42.0,1,2,0,1,1,1,1,,4,DANJOU (RUE) 17/FIN - 20/FIN,0,,1,1,0,1,0,0,1,, -1,1,0,1,50,5,1,2021,19:06,5,92,92012,2,2,0,6,DANJOU (RUE) 17/FIN - 20/FIN,48.8336509767,2.2479810648,19,2,1
202100032997,142Â 764,A01,1,1,1,1,1,-1,-1,-1,0,-1,2021,39.0,2,2,0,2,4,2,1,,1,AUTOROUTE A1,0,,3,7,0,1,20,399,1,, -1,1,1,1,90,22,6,2021,18:00,1,95,95527,1,1,0,4,AUTOROUTE A1,49.02092,2.53377,18,3,3
202100001246,199Â 536,B01,1,1,1,4,0,-1,-1,0,0,-1,2021,61.0,2,4,0,2,6,1,1,,3,137,-1,,2,2,0,1,6,700,1,, -1,2,0,1,80,28,12,2021,19:50,3,33,33425,1,1,1,5,,45.054235,-0.475706,19,5,5
202100053422,106Â 225,B01,1,1,1,2,8,8,-1,-1, -1,-1,2021,17.0,1,1,0,2,3,19,5,,3,MONTABO (ROUTE DE) 1,0,,2,2,1,1,2,299,3,, -1,1,9,1,30,27,1,2021,12:40,1,973,97302,2,1,0,3,MONTABO (ROUTE DE) 1,4.94127,-52.30283,12,2,2
202100015437,174Â 115,B01,1,1,1,1,1,0,-1,-1, -1,-1,2021,54.0,2,5,0,2,1,1,1,,1,A7-Sens Marseille vers Lyon,0,,1,3,0,2,272,500,1,, -1,1,0,1,90,2,10,2021,11:00,1,13,13106,1,1,0,2,A7-Sens Marseille vers Lyon,43.38613,5.35105,11,2,2
202100022766,160Â 904,A01,1,1,1,1,1,-1,-1,-1, -1,-1,2021,40.0,1,2,4,0,1,1,1,,1,A43   9.894 A 13.029,0,,3,8,0,1,11,0,1,, -1,1,0,1,130,24,8,2021,06:10,2,69,69287,1,1,0,1,A43 ,45.6843,5.00558,6,2,2
202100022674,161Â 090,B01,1,1,1,4,1,0,-1,-1, -1,-1,2021,61.0,0,2,0,2,6,24,1,,3,909,0,,1,2,1,1,0,0,1,, -1,1,0,3,50,25,8,2021,09:45,1,92,92044,2,1,0,3,VIC. HUGO(RUE)115A149 ET 148A178,48.8993823454,2.2933655287,9,2,2
202100004923,192Â 991,A01,10,3,2,9,0,-1,-1,2,9,1,2021,28.0,2,2,0,1,3,1,2,,4,BOULEVARD DE MAGENTA,0,,3,4,1,1,(1),(1),1,, -1,2,0,1,30,3,12,2021,18:40,5,75,75110,2,1,1,6,BOULEVARD DE MAGENTA,48.877696,2.354798,18,2,1
202100046616,118Â 442,B01,1,1,1,5,2,4,-1,0,0,-1,2021,51.0,2,1,0,2,2,1,5,,3,BRIAND (AVENUE ARISTIDE),0,,2,2,0,1,31,400,1,, -1,1,0,1,30,24,3,2021,09:05,1,27,27299,2,3,0,3,BRIAND (AVENUE ARISTIDE),49.0504,1.1646,9,2,2
202100052076,108Â 633,A01,1,1,1,1,1,-1,-1,0,0,-1,2021,51.0,1,2,0,2,2,13,1,,1,51,-1,,3,4,0,1,27,900,1,, -1,1,0,1,130,4,2,2021,20:20,3,13,13113,1,1,0,2,A51 PK 027+900,43.595094,5.486834,20,2,2
202100055741,102Â 227,A01,1,1,1,0,2,0,-1,-1, -1,-1,2021,31.0,1,1,0,1,1,13,1,,3,CHAMP BORNE (ROUTE DE),0,,2,0,0,1,3,700,1,, -1,1,0,1,30,8,1,2021,15:08,1,974,97409,2,1,0,6,Route de Champ Borne,-20.9426569109,55.6797623634,15,2,1
202100012683,179Â 045,A01,1,1,2,5,8,0,-1,0,0,-1,2021,16.0,2,1,0,2,1,1,3,,4,RUE DE GRENELLE,0,,-1,1,0,1,(1),(1),1,, -1,1,-1,5,30,17,10,2021,14:50,1,75,75107,2,2,0,3,RUE DE GRENELLE,48.855,2.324579,14,2,2
202100035599,138Â 085,A01,1,1,1,1,8,-1,-1,0,0,-1,2021,49.0,1,1,0,2,6,1,1,,2,20,0,T,1,1,0,1,10,150,2,, -1,1,9,1,50,9,6,2021,16:00,1,201,201271,1,6,0,2,T20,41.971664,8.819082,16,2,2
202100008663,186Â 255,A01,1,1,2,9,1,-1,-1,-1, -1,-1,2021,21.0,2,2,0,2,1,2,1,,1,A57,0,,3,4,0,1,0,100,1,, -1,2,0,1,70,9,11,2021,11:50,1,83,83137,1,1,1,4,A57,43.12073,5.95176,11,6,5
202100056136,101Â 541,A01,1,1,1,1,2,-1,-1,-1, -1,-1,2021,27.0,1,1,0,2,1,15,1,,4,,0,,2,4,0,1,(1),(1),1,, -1,1,0,1,50,5,1,2021,17:40,5,69,69387,2,1,0,5,GARIBALDI (R),45.7455,4.8491,17,3,3
202100006917,189Â 402,A01,10,3,2,0,0,-1,-1,3,3,1,2021,45.0,0,2,0,1,1,15,1,,4,PROVENCE (COURS DE),0,,2,2,0,2,(1),(1),1,, -1,1,0,1,50,18,11,2021,08:15,2,51,51230,2,3,0,7,Rue Louise Auban-MoÃ«t,49.033587,3.956606,8,2,1
202100022063,162Â 190,B01,1,1,1,5,2,6,-1,-1, -1,-1,2021,62.0,3,1,0,2,1,1,1,,6,PARKING CENT.RE CIAL CARREFOUR,0,,-1,-1,0,1,0,0,1,, -1,1,9,8,30,28,8,2021,13:20,1,83,83090,1,1,0,3,PARKING CENT.RE CIAL CARREFOUR,43.12451,5.87614,13,2,2
202100008578,186Â 403,A01,1,1,2,3,1,0,-1,-1, -1,-1,2021,59.0,2,2,3,0,1,17,1,,2,RN 118,0,,3,4,0,1,6,940,3,, -1,1,0,2,110,11,11,2021,13:30,1,91,91534,1,1,0,7,RN 118,48.73375,2.16979,13,1,1
202100041001,128Â 330,B01,1,1,1,0,1,-1,-1,0,0,-1,2021,37.0,1,5,0,2,7,1,1,,3,562,0,D,2,2,0,1,6,488,2,, -1,1,0,1,80,7,5,2021,11:45,1,83,83032,1,1,0,3,D562,43.463721,6.130393,11,3,2
202100040558,129Â 117,A01,2,2,1,5,1,-1,-1,0,0,-1,2021,31.0,2,2,0,0,8,1,1,,3,906,-1,,2,2,0,1,39,375,1,, -1,1,0,1,90,9,5,2021,16:30,1,21,21009,1,2,0,3,D906,47.1860822679,4.39856117,16,3,2
202100021566,163Â 087,A01,1,1,1,0,2,6,-1,-1, -1,-1,2021,59.0,1,1,0,2,1,2,1,,1,AUTOROUTE A1,0,,3,10,0,1,4,500,1,, -1,1,0,1,90,1,9,2021,18:20,1,93,93066,1,1,0,4,AUTOROUTE A1,48.93312,2.37704,18,2,2
202100054152,104Â 952,A01,1,1,1,5,1,-1,-1,0,0,-1,2021,30.0,1,2,0,2,8,1,1,,3,908,-1,,2,2,0,2,51,450,3,, -1,7,0,1,80,23,1,2021,10:05,1,4,4006,1,1,0,6,RD 908 - La baumelle,44.258555,6.58905,10,2,2
202100010709,182Â 582,A01,1,1,1,3,2,6,-1,-1, -1,-1,2021,31.0,1,1,0,2,3,16,1,,4,CÃTE D'AMOUR (RTE DE LA) 100 AU 362 - 13,0,,2,5,2,2,(1),(1),1,, -1,1,0,1,50,22,10,2021,18:25,1,44,44184,2,2,0,3,CÃTE D'AMOUR (RTE DE LA) 100 AU 362 - 13,47.25923,-2.24693,18,2,2
202100001319,199Â 403,A01,10,3,1,3,0,-1,-1,4,3,1,2021,73.0,2,2,0,1,3,1,1,,3,975,0,,2,3,0,1,17,620,1,, -1,2,0,1,50,28,12,2021,07:30,5,1,1266,2,2,1,6,Route de Bourg,46.3359538903,5.1292540133,7,2,1
202100012628,179Â 140,A01,10,3,2,2,0,-1,-1,3,3,1,2021,17.0,3,2,0,1,2,1,1,,4,BROSSELETTE (RUE PIERRE),0,,2,2,0,1,(1),(1),1,, -1,1,6,1,50,12,10,2021,08:00,1,95,95585,2,1,0,6,BROSSELETTE (RUE PIERRE),48.9940704732,2.3783576488,8,2,1
202100025646,155Â 842,B01,1,1,1,5,2,6,-1,-1, -1,-1,2021,70.0,1,1,0,2,1,1,1,,3,906,0,,2,5,2,2,0,0,1,, -1,1,5,1,50,4,8,2021,16:15,1,92,92046,2,3,0,3,PIERRE BROSSOLETTE (AVENUE),48.8115314878,2.300208807,16,2,2
202100034327,140Â 374,A01,10,3,1,3,0,-1,-1,3,3,1,2021,74.0,1,5,0,1,4,4,1,,4,DOMBASLE (RUE),0,,1,1,0,1,1,0,1,, -1,1,0,1,50,15,6,2021,11:20,1,93,93048,2,1,0,6,Rue Dombasle,48.864637,2.450692,11,3,1
202100040488,129Â 233,B01,1,1,1,9,2,0,-1,0,0,-1,2021,22.0,2,1,0,2,1,1,1,,4,TY BOS AVENUE DE,0,,2,2,0,1,51,800,1,, -1,1,0,1,50,10,5,2021,13:00,1,29,29232,2,1,0,1,Avenue de Ty Bos,47.9762046923,-4.0684595705,13,2,2
202100007007,189Â 232,B01,1,1,1,1,8,0,-1,-1, -1,-1,2021,42.0,3,1,0,0,0,0,5,,4,FABRI DE PEIRESC (AVENUE),0,,2,2,0,1,0,0,1,, -1,1,0,1,50,20,11,2021,10:00,1,83,83062,1,1,0,6,FABRI DE PEIRESC (AVENUE),43.14107,6.03003,10,2,2
202100006070,190Â 954,A01,2,2,1,5,1,-1,-1,-1, -1,-1,2021,22.0,1,2,4,0,3,13,1,,1,AUTOROUTE A 62,0,,1,2,0,1,0,150,3,, -1,2,3,1,50,27,11,2021,05:15,5,33,33550,1,1,1,6,AUTOROUTE A 62,44.776558,-0.556736,5,2,1
202100054608,104Â 173,A01,10,3,2,0,0,-1,-1,3,3,1,2021,30.0,2,2,0,1,2,1,1,,4,JULES LAGAISSE (R),0,,-1,2,0,1,1,0,1,, -1,1,0,1,30,18,1,2021,13:25,1,94,94081,2,1,0,6,JULES LAGAISSE (R),48.79733,2.38028,13,2,1
202100009865,184Â 069,A01,10,3,2,0,0,-1,-1,9,3,1,2021,59.0,3,5,0,1,4,20,1,,4,,-1,,2,2,0,1,(1),(1),1,, -1,1,0,1,50,2,11,2021,13:40,1,27,27275,2,1,0,6,Rue du GÃ©nÃ©ral de Gaulle,49.160113,1.336395,13,2,1
202100011012,182Â 045,A01,10,3,2,5,0,-1,-1,3,5,1,2021,27.0,2,5,0,1,1,21,1,,3,42,-1,D,-1,2,0,2,0,740,1,, -1,1,0,1,50,27,10,2021,10:10,1,80,80685,2,1,0,6,26 Rue de Paris,49.696552,2.78949,10,2,1
202100032812,143Â 126,A01,2,2,1,5,8,0,-1,-1, -1,-1,2021,46.0,0,1,0,2,6,17,1,,4,LECONTE DE LISLE (AVENUE),0,,2,2,0,1,0,0,1,, -1,1,0,1,30,21,6,2021,16:07,1,974,97411,2,1,0,5,LECONTE DE LISLE (AVENUE),-20.89555,55.48944,16,4,3
202100014119,176Â 448,A01,10,3,2,5,0,-1,-1,2,3,1,2021,73.0,1,2,0,1,1,1,1,,3,,-1,,2,2,0,1,1,517,1,, -1,1,0,1,50,8,10,2021,18:35,2,48,48095,2,1,0,6,PONT ROUPT (AVENUE DU),44.517772,3.490408,18,2,1
202100026966,153Â 508,B01,1,1,2,0,1,0,-1,-1, -1,-1,2021,45.0,0,2,0,2,8,1,1,,4,GAMBETTA AVENUE,0,,2,3,0,1,1,0,1,, -1,1,0,1,50,25,7,2021,18:00,1,93,93046,2,9,0,3,Avenue Gambetta,48.918415,2.521146,18,3,2
202100021055,164Â 023,A01,1,1,2,5,0,-1,-1,-1, -1,-1,2021,15.0,1,1,0,2,1,1,5,,4,LORENTZ-MONOD (ALL. DR),0,,2,2,1,2,(1),(1),1,, -1,1,0,5,30,3,9,2021,12:30,1,33,33009,2,1,0,1,LORENTZ-MONOD (ALL. DR),44.65418,-1.16521,12,2,2
202100031312,145Â 769,B01,1,1,2,0,2,6,-1,-1, -1,-1,2021,32.0,1,1,0,2,1,2,1,,3,GUY MOQUET (AV),0,,2,1,0,2,1,0,1,, -1,1,0,1,50,2,7,2021,11:57,1,94,94074,2,1,0,3,Avenue Guy MÃ´quet,48.73993,2.47349,11,2,2
202100003983,194Â 631,B01,1,1,1,0,2,0,-1,-1, -1,-1,2021,7.0,3,1,0,2,0,0,0,,4,HUSSON (BOULEVARD),0,,2,2,0,1,0,0,1,, -1,1,0,1,50,8,12,2021,11:45,1,91,91687,2,6,0,3,HUSSON (BOULEVARD),48.675429,2.378016,11,2,2
202100041378,127Â 644,A01,1,1,1,1,8,-1,-1,0,0,-1,2021,45.0,1,2,2,0,8,17,1,,3,63,0,B,2,2,0,1,0,600,3,, -1,2,0,3,80,6,5,2021,13:30,1,57,57069,1,1,1,6,D63b,49.255506,6.648968,13,1,1
202100042290,126Â 033,A01,1,1,2,1,1,0,-1,-1, -1,-1,2021,63.0,1,2,0,2,1,2,1,,3,VICTOR SCHOELCHER (AVENUE),0,,1,4,0,1,0,0,1,, -1,1,0,1,50,27,4,2021,09:25,1,91,91687,2,1,0,2,VICTOR SCHOELCHER (AVENUE),48.64666,2.36577,9,2,2
202100022796,160Â 858,A01,5,2,2,5,1,8,-1,-1, -1,-1,2021,31.0,1,2,0,2,0,15,1,,4,RHIN (ROUTE DU),0,,3,4,0,1,0,0,2,, -1,2,0,1,50,22,8,2021,01:13,5,67,67482,2,3,1,3,RHIN (ROUTE DU),48.57263,7.79278,1,6,2
202100023439,159Â 724,B01,1,1,1,9,2,8,-1,-1, -1,-1,2021,82.0,2,1,0,2,7,15,5,,3,GALLOIS (CARREFOUR DES),0,,1,1,0,1,1,0,2,, -1,1,0,1,50,17,8,2021,13:10,1,22,22278,2,6,0,2,GALLOIS (CARREFOUR DES),48.4973168164,-2.7471711501,13,2,2
202100011969,180Â 325,A01,2,2,2,0,2,-1,-1,-1, -1,-1,2021,20.0,2,1,12,0,1,1,1,,4,JEAN XXIII                          (BD),0,,2,3,3,1,(1),(1),1,, -1,1,0,1,50,21,10,2021,00:10,5,69,69388,2,1,1,6,JEAN XXIII (BD),45.73996,4.87425,0,2,1
202100021230,163Â 709,A01,10,3,1,1,0,-1,-1,9,2,1,2021,47.0,0,4,0,1,7,4,1,,6,INDUSTRIE. RUE DE L',0,,-1,0,0,1,0,0,1,, -1,1,9,8,50,2,9,2021,15:30,1,76,76322,2,1,0,6,INDUSTRIE. RUE DE L',49.420124,1.03301,15,2,1