Num_Acc,id_vehicule,num_veh,place,catu,sexe,trajet,secu1,secu2,secu3,locp,actp,etatp,year_acc,victim_age,senc,catv,obs,obsm,choc,manv,motor,occutc,catr,voie,v1,v2,circ,nbv,vosp,prof,pr,pr1,plan,lartpc,larrout,surf,infra,situ,vma,jour,mois,an,hrmn,lum,dep,com,agg_,int,atm,col,adr,lat,long,hour,nb_victim,nb_vehicules
202100055407,102Â 807,A01,1,1,1,0,0,-1,-1,0,0,-1,2021,21.0,3,5,3,0,2,0,1,,3,,-1,,2,2,0,1,9,300,4,, -1,9,2,1,50,13,1,2021,03:00,3,988,98804,1,3,0,6,tribu de nakÃ©ty mission,-21.54797,166.04158,3,1,1
202100021721,162Â 812,A01,1,1,1,9,2,6,-1,0,0,-1,2021,61.0,2,1,9,0,1,0,1,,3,42,0,D,2,2,0,1,11,480,1,, -1,1,0,8,80,30,8,2021,23:50,3,30,30258,1,6,0,6,DÃ©partementale 42 30800,43.740393,4.409232,23,1,1
202100048600,114Â 889,A01,1,1,1,0,8,-1,-1,0,0,-1,2021,20.0,3,2,16,0,0,14,1,,4,0,0, -,2,2,0,1,0,0,1,, -1,1,0,3,80,9,3,2021,23:40,3,83,83072,2,1,0,7,Chemin de la Martinette,43.479448,6.353477,23,1,1
202100033415,142Â 041,Z01,10,3,2,5,0,-1,-1,2,3,2,2021,4.0,1,2,0,1,1,1,1,,4,TROIS MAGES (RUE DES),0,,1,1,0,2,0,0,1,, -1,1,0,1,50,19,6,2021,19:07,1,13,13201,2,3,0,3,TROIS MAGES (RUE DES),43.29425,5.38542,19,3,1
202100052362,108Â 117,B01,1,1,1,5,1,-1,-1,0,0,-1,2021,64.0,1,2,0,0,4,2,1,,3,642,-1,,1,2,0,1,9,95,1,, -1,1,0,1,90,5,2,2021,14:40,1,59,59091,1,1,0,2,D6642,50.727274,2.572582,14,3,2
202100053740,105Â 684,B01,1,1,1,0,2,0,-1,-1, -1,-1,2021,34.0,2,1,0,2,1,1,1,,1,VA007331 A620,0,,3,3,0,1,0,20,1,, -1,1,0,1,90,22,1,2021,17:40,2,31,31555,1,1,0,5,VA007331 A620,43.64755,1.42172,17,3,3
202100008678,186Â 226,A01,1,1,1,9,2,6,-1,-1, -1,-1,2021,31.0,1,1,0,2,1,18,1,,4,FRERES LUMIERE (DES)                (AV),0,,1,1,2,1,(1),(1),1,, -1,1,0,1,50,8,11,2021,17:05,2,69,69388,2,2,0,3,FRERES LUMIERE (DES) (AV),45.74319,4.87482,17,2,2
202100038968,131Â 984,A01,10,3,1,2,0,-1,-1,2,4,1,2021,14.0,2,1,0,1,1,1,1,,4,BOULEVARD DE MENILMONTANT,0,,-1,1,0,1,(1),(1),1,, -1,1,0,1,30,21,5,2021,10:35,1,75,75111,2,1,0,6,BOULEVARD DE MENILMONTANT,48.862398,2.387533,10,3,1
202100028627,150Â 545,A01,1,1,2,9,1,0,-1,-1, -1,-1,2021,19.0,1,2,0,2,1,2,1,,3,AQUITAINE (AVENUE DE L'),0,,2,3,0,1,0,0,1,, -1,1,0,1,50,15,7,2021,23:30,5,64,64102,2,1,0,2,AQUITAINE (AVENUE DE L'),43.48691,-1.46913,23,2,2
202100047756,116Â 385,B01,1,1,2,1,1,8,-1,-1, -1,-1,2021,36.0,2,2,3,2,8,11,1,,2,ROUTE NATIONALE NÂ° 1,0,,-1,4,0,1,(1),(1),1,, -1,1,0,1,110,16,3,2021,13:30,1,974,97407,1,1,0,3,ROUTE NATIONALE NÂ° 1,-20.95114,55.31788,13,2,2
202100001080,199Â 831,A01,10,3,1,5,0,-1,-1,3,3,1,2021,55.0,0,2,0,1,1,2,1,,4,DOCTEUR CLAUDE BERNARD (RUE DU),0,,1,1,0,1,0,0,1,, -1,2,0,1,50,29,12,2021,18:10,5,93,93005,2,1,1,6,DOCTEUR CLAUDE BERNARD (RUE DU),48.9519990495,2.5206107294,18,2,1
202100035813,137Â 691,A01,1,1,1,5,6,2,-1,0,0,-1,2021,68.0,1,1,0,2,3,1,5,,3,87,0,D,2,2,0,2,(1),(1),1,, -1,1,8,1,80,8,6,2021,14:11,1,22,22365,1,1,0,3,Milin Coz Saint Georges,48.3376810026,-3.2685184479,14,2,2
202100048176,115Â 632,B01,1,1,1,4,2,6,9,0,0,-1,2021,35.0,1,1,0,2,2,2,1,,2,7,-1,,2,2,0,1,19,200,3,, -1,1,0,1,70,14,3,2021,17:40,1,26,26341,1,1,0,2,1 Rue ImpÃ©riale,45.142881,4.823084,17,2,2
202100005454,192Â 040,A01,1,1,2,1,2,6,-1,0,0,-1,2021,19.0,1,1,0,2,0,0,1,,3,,-1,,2,1,0,2,7,150,3,,4,2,0,1,80,30,11,2021,10:15,1,38,38148,1,1,0,1,route de la chapelle,45.615133,5.465119,10,2,2
202100007282,188Â 734,B01,1,1,2,1,2,-1,-1,-1, -1,-1,2021,25.0,1,1,0,2,4,1,5,,3,GARSALEC (avenue de),0,,3,2,0,1,5,400,2,, -1,1,3,1,70,19,11,2021,17:15,2,29,29051,1,1,0,2,Avenue de Garsalec,48.017112,-4.000677,17,2,2
202100031191,145Â 982,A01,10,3,1,9,8,8,-1,2,4,1,2021,33.0,1,2,0,1,0,1,0,,4,AVENUE JEAN JAURES,0,,2,4,0,1,(1),(1),1,, -1,1,0,1,50,3,7,2021,03:25,5,75,75119,2,1,0,6,AVENUE JEAN JAURES,48.888621,2.392411,3,2,1
202100028902,150Â 064,A01,1,1,2,9,1,-1,-1,0,0,-1,2021,21.0,2,2,2,0,7,1,1,,3,999,-1,,2,2,0,2,18,450,3,, -1,2,0,3,80,16,7,2021,11:50,1,63,63448,1,1,1,6,l'enclos,45.474841,3.465645,11,1,1
202100017750,169Â 895,A01,1,1,1,0,2,6,9,0,0,-1,2021,62.0,2,1,0,0,0,3,1,,3,683,-1,,2,2,0,1,70,880,1,, -1,1,0,1,80,21,9,2021,18:00,1,25,25313,1,4,0,6,D683 PR71,47.358796,6.412284,18,2,2
202100000258,201Â 265,A01,1,1,1,5,1,0,-1,0,0,-1,2021,70.0,1,2,1,0,2,21,1,,3,,0,,2,2,0,2,21,911,1,, -1,2,0,3,50,26,12,2021,00:02,5,6,6069,2,1,0,6,SEMARD - LA GARE (AVENUE PIERRE),43.65492,6.92729,0,1,1
202100030103,147Â 969,A01,1,1,1,5,2,-1,-1,0,0,-1,2021,82.0,3,1,0,2,7,12,5,,3,26,-1,,-1,1,0,1,(1),(1),2,, -1,2,9,1,80,27,6,2021,11:15,1,28,28279,1,6,1,3,D26,48.635142,1.502692,11,2,2
202100000576,200Â 673,C01,1,1,1,0,1,0,-1,-1, -1,-1,2021,48.0,2,2,0,2,8,2,1,,3,ROCADE EST (RD 610),0,,3,3,3,1,17,0,3,, -1,1,0,1,110,8,11,2021,16:51,1,10,10081,1,9,0,6,ROCADE EST (RD 610),48.30741576,4.02225705,16,5,3
202100034441,140Â 169,B01,1,1,1,0,0,0,-1,-1, -1,-1,2021,58.0,2,1,0,2,1,1,5,,3,JACQUES KABLE (R),0,,2,2,0,2,1,0,1,, -1,1,0,1,50,14,6,2021,19:30,1,94,94052,2,2,0,3,Rue Jacques KablÃ©,48.8358,2.4886,19,2,2
202100032266,144Â 087,B01,1,1,1,0,1,0,-1,-1, -1,-1,2021,32.0,2,2,0,2,1,1,1,,7,SALENGRO ROGER RUE,0,,2,2,1,1,(1),(1),3,, -1,1,0,1,50,21,6,2021,18:40,1,59,59350,2,1,0,5,SALENGRO ROGER RUE,50.62546,3.11516,18,3,3
202100041285,127Â 811,A01,10,3,1,5,0,-1,-1,2,3,3,2021,12.0,1,2,0,1,3,1,1,,4,BOURBONNAIS (DU),0,,2,2,0,1,(1),(1),1,, -1,1,0,1,30,4,5,2021,16:00,1,35,35238,2,1,0,6,BOURBONNAIS (DU),48.12068,-1.71101,16,2,1
202100011726,180Â 770,B01,1,1,1,0,2,-1,-1,0,0,-1,2021,16.0,2,1,0,2,1,1,1,,3,159,2,D,2,2,0,1,19,800,1,, -1,1,0,1,50,22,10,2021,19:20,5,88,88367,2,3,0,1,Rue Carnot,48.34406,6.635088,19,2,2
202100052795,107Â 354,B01,1,1,1,5,2,8,-1,-1, -1,-1,2021,17.0,2,1,0,2,1,1,1,,3,FERRIERE (AVENUE DE),0,,2,2,0,1,1,367,1,, -1,2,0,1,50,1,2,2021,13:20,1,9,9122,2,3,1,3,FERRIERE (AVENUE DE),42.9536699484,1.6148179024,13,3,2
202100041004,128Â 324,A01,1,1,1,5,2,6,-1,0,0,-1,2021,62.0,0,1,0,0,2,1,1,,4,,-1,,2,2,0,2,(1),(1),4,, -1,1,0,1,50,8,5,2021,14:45,1,64,64066,2,1,0,7,chemin Itharaco,43.179962,-1.260579,14,2,1
202100029420,149Â 194,A01,1,1,1,0,2,0,-1,-1, -1,-1,2021,31.0,2,1,6,0,1,1,1,,7,ROUTE DE LA MOUTONNE,0,,2,2,0,2,5,430,3,, -1,1,0,3,80,11,7,2021,20:10,1,83,83034,2,1,0,6,ROUTE DE LA MOUTONNE,43.1113519434,6.051305294,20,1,1
202100015423,174Â 138,A01,1,1,1,1,1,-1,-1,0,0,-1,2021,23.0,2,2,7,0,7,13,1,,3,12,0,,2,2,0,2,1,700,3,, -1,2,0,1,-1,4,10,2021,13:20,1,83,83023,1,1,1,7,D12,43.399899,6.083529,13,1,1
202100051465,109Â 709,A01,1,1,1,5,0,-1,-1,0,0,-1,2021,8.0,3,1,0,2,3,0,3,,4,,-1,,2,2,0,2,(1),(1),1,, -1,1,0,1,50,14,2,2021,17:00,1,57,57767,2,1,0,3,Ronde des Ãcureuils,49.328297,6.231233,17,2,2
202100054188,104Â 888,B01,1,1,1,1,2,6,-1,-1, -1,-1,2021,56.0,2,1,0,2,1,1,1,,4,LOTISSEMENT ARTISANAL JEAN MONET,0,,2,2,0,2,0,0,1,, -1,2,0,1,50,21,1,2021,07:54,5,87,87048,1,1,1,3,LOTISSEMENT ARTISANAL JEAN MONET,45.79339,1.24944,7,2,2
202100039687,130Â 640,A01,10,3,1,0,0,-1,-1,2,5,1,2021,11.0,1,2,0,1,8,1,1,,4,PELOUSE (RUE) NÂ° PAIRS 2 A 72,0,,1,1,2,2,0,0,1,, -1,1,0,1,50,15,5,2021,13:10,1,72,72181,2,1,0,6,PELOUSE (RUE) NÂ° PAIRS 2 A 72,48.001829,0.199599,13,2,1
202100025394,156Â 266,A01,1,1,1,5,2,6,-1,0,0,-1,2021,20.0,2,1,6,0,1,1,1,,4,107,0,,2,2,0,1,(1),(1),4,, -1,1,0,3,50,6,8,2021,17:50,1,22,22003,2,1,0,7,Rue du Chatelet,48.455481,-2.129551,17,1,1
202100051116,110Â 305,B01,1,1,1,5,0,-1,-1,0,0,-1,2021,24.0,2,6,7,2,1,17,1,,3,724,0,D,2,2,0,1,88,260,1,, -1,1,0,1,70,18,2,2021,18:30,1,56,56101,1,1,0,3,Pont er pach,47.825092,-3.199714,18,2,2
202100010863,182Â 309,A01,10,3,2,5,0,-1,-1,1,3,2,2021,18.0,3,2,0,1,2,1,1,,4,FONTAINEBLEAU(AVENUE DE),0,,2,3,0,2,0,0,1,, -1,1,0,1,50,24,10,2021,07:49,1,77,77431,2,1,1,6,FONTAINEBLEAU(AVENUE DE),48.278798,2.682572,7,2,1
202100048597,114Â 892,A01,10,3,1,4,0,-1,-1,6,9,2,2021,38.0,2,4,0,1,3,13,1,,3,6,0,D,2,3,0,2,2,370,1,, -1,1,0,3,80,10,3,2021,08:15,1,974,97415,1,1,0,6,D6,-21.019738,55.270715,8,4,1
202100015754,173Â 510,B01,1,1,1,1,1,0,-1,-1, -1,-1,2021,35.0,2,2,1,0,2,26,2,,4,PAUL ARMANGOT (R),0,,1,1,0,1,1,0,1,, -1,2,0,1,30,1,10,2021,19:35,5,94,94081,2,1,1,3,Rue Paul Armangot,48.778824,2.379772,19,2,2
202100005982,191Â 105,B01,1,1,1,0,1,0,-1,-1, -1,-1,2021,44.0,1,2,0,2,3,1,1,,7,VALENTINE (ROUTE DE LA),0,,2,2,0,1,0,0,1,, -1,1,0,1,50,26,11,2021,06:30,2,13,13211,2,3,1,1,VALENTINE (ROUTE DE LA),43.2906,5.46333,6,2,2
202100005997,191Â 078,A01,1,1,2,9,8,0,-1,0,0,-1,2021,29.0,2,1,0,2,9,18,5,,4,RUE DU FAUBOURG SAINT MARTIN,0,,2,4,0,1,(1),(1),1,, -1,2,0,1,30,26,11,2021,22:25,5,75,75110,2,2,1,3,RUE DU FAUBOURG SAINT MARTIN,48.883875,2.368586,22,2,2
202100035270,138Â 656,B01,1,1,1,0,2,-1,-1,-1, -1,-1,2021,53.0,1,1,0,2,3,1,1,,4,RUE JEAN MERMOZ,0,,2,2,1,2,(1),(1),2,, -1,1,5,1,50,10,6,2021,15:00,1,33,33162,2,3,0,3,Avenue Jean Mermoz,44.86972,-0.66239,15,2,2
202100042293,126Â 027,A01,1,1,1,0,1,0,-1,-1, -1,-1,2021,58.0,1,0,0,2,1,2,1,,3,REBAIS (AVENUE DE),0,,3,2,0,2,0,42,3,, -1,1,0,1,30,27,4,2021,15:15,1,77,77131,2,6,0,2,REBAIS (AVENUE DE),48.81359,3.0873,15,2,2
202100028607,150Â 579,A01,1,1,2,0,1,0,-1,-1, -1,-1,2021,28.0,2,2,14,0,4,23,1,,1,AUTOROUTE (A1),0,,3,6,0,2,0,100,1,, -1,1,0,1,90,15,7,2021,06:35,1,972,97209,1,1,0,4,AUTOROUTE (A1),14.6143154849,-61.0504245758,6,3,3
202100046593,118Â 484,A01,3,2,1,0,1,0,-1,-1, -1,-1,2021,4.0,1,2,0,2,1,2,1,,4,SAINT BERNARD (CHEMIN DE),0,,2,2,0,1,0,0,1,, -1,1,0,1,50,25,3,2021,08:00,1,64,64102,2,1,0,2,SAINT BERNARD (CHEMIN DE),43.50264,-1.48395,8,3,2
202100031611,145Â 252,A01,1,1,1,0,2,6,-1,-1, -1,-1,2021,56.0,1,1,0,2,8,11,1,,3,JEAN-JAURES (BD),0,,2,2,0,1,0,1,1,, -1,2,0,1,50,29,6,2021,09:10,1,93,93070,2,2,1,3,JEAN-JAURES (BD),48.91522,2.33773,9,2,2
202100010872,182Â 293,A01,1,1,1,9,1,0,-1,-1, -1,-1,2021,52.0,1,2,0,2,3,5,1,,4,POINCARE (BOULEVARD HENRI),0,,2,4,0,1,(1),(1),1,, -1,1,0,1,50,22,10,2021,18:00,1,66,66136,2,1,0,3,POINCARE (BOULEVARD HENRI),42.69115,2.89827,18,2,2
202100033685,141Â 551,A01,4,2,1,0,1,0,-1,-1, -1,-1,2021,11.0,1,2,0,2,1,2,1,,3,PAUL BERT (RUE),0,,2,4,0,1,1,0,1,, -1,1,0,1,50,16,6,2021,18:45,1,92,92025,2,1,0,4,PAUL BERT (RUE),48.929472,2.246326,18,4,3
202100017603,170Â 157,A01,1,1,1,9,2,6,-1,-1, -1,-1,2021,27.0,1,1,0,2,7,17,1,,2,kaweni-Poste ( rue de la ),0,,2,2,0,1,0,0,1,, -1,1,9,1,50,21,9,2021,11:01,1,976,97611,2,1,0,3,kaweni-Poste ( rue de la ),-12.771683,45.222266,11,2,2
202100049552,113Â 185,A01,1,1,1,4,1,-1,-1,0,0,-1,2021,37.0,2,4,0,0,0,14,6,,1,88,-1,,3,4,0,1,10,100,1,, -1,1,0,3,130,2,3,2021,07:00,2,61,61256,1,1,0,7,a 88 PK 010+100,48.663536,0.06772,7,1,1
202100046559,118Â 546,A01,10,3,1,9,0,-1,-1,5,3,1,2021,33.0,3,2,0,1,1,25,1,,4,ALEX. FLEMING (BOULEVARD),0,,4,3,0,1,(1),(1),1,, -1,1,9,4,50,19,1,2021,16:10,1,13,13204,2,1,0,6,ALEX. FLEMING (BOULEVARD),43.3142420023,5.406190753,16,2,1
202100042455,125Â 731,B01,1,1,1,9,2,0,-1,-1, -1,-1,2021,27.0,2,1,0,2,2,15,1,,4,MISTRAL (BOULEVARD FREDERIC),0,,2,2,0,1,0,0,1,, -1,1,0,1,50,23,4,2021,17:30,1,66,66136,2,1,0,3,MISTRAL (BOULEVARD FREDERIC),42.69795,2.90553,17,2,2
202100049444,113Â 380,B01,1,1,2,0,1,-1,-1,0,0,-1,2021,41.0,0,2,0,2,1,1,1,,3,519,0,F,2,2,0,1,0,800,1,, -1,1,0,1,70,3,3,2021,16:00,1,38,38198,1,2,0,1,Route de Saint-sulpice,45.339259,4.944304,16,4,2
202100040797,128Â 692,A01,1,1,1,9,2,6,9,0,0,-1,2021,28.0,2,1,15,0,1,15,1,,3,622,-1,,2,2,0,2,30,650,2,, -1,1,0,3,70,9,5,2021,01:08,3,81,81031,1,1,0,7,Lieu-dit Amiguet,43.62626,2.476516,1,1,1
202100048245,115Â 512,A01,10,3,2,2,0,-1,-1,3,3,2,2021,12.0,2,2,0,1,2,26,1,,3,BIOUX (ROUTE DE),0,,2,2,1,1,81,440,1,, -1,2,5,1,50,11,3,2021,15:39,1,71,71270,2,1,1,6,BIOUX (ROUTE DE),46.29815,4.81954,15,3,1
202100025881,155Â 423,B01,1,1,1,0,1,0,-1,-1, -1,-1,2021,28.0,0,2,0,2,3,2,1,,3,JEAN JAURES (AVENUE),0,,2,3,0,1,0,0,1,, -1,1,0,1,50,2,8,2021,08:48,1,93,93047,2,2,0,3,JEAN JAURES (AVENUE),48.898849,2.546515,8,2,2
202100021809,162Â 637,A01,4,2,1,4,8,0,-1,0,0,-1,2021,26.0,1,2,0,2,8,5,1,,4,RUE DE LA CHAPELLE,0,,2,5,3,1,(1),(1),1,, -1,1,0,1,30,30,8,2021,19:15,2,75,75118,2,2,0,3,RUE DE LA CHAPELLE,48.89852,2.35936,19,4,2
202100010069,183Â 696,B01,1,1,2,2,1,-1,-1,0,0,-1,2021,36.0,1,2,0,0,2,1,1,,3,9,0,,2,2,0,1,52,150,1,, -1,1,0,1,50,19,10,2021,16:00,1,51,51367,2,3,0,3,Rue dâOiry,48.9508083083,4.0299517168,16,2,2
202100034554,139Â 958,B01,1,1,1,0,2,-1,-1,-1, -1,-1,2021,46.0,1,1,8,2,3,1,1,,4,BEGUIN (DU)                         (R ),0,,1,1,0,1,(1),(1),1,, -1,1,0,1,50,13,6,2021,18:25,1,69,69387,2,2,0,3,BEGUIN (DU) (R),45.74874,4.84939,18,2,2
202100022609,161Â 201,A01,10,3,1,0,0,-1,-1,3,3,1,2021,52.0,1,2,0,1,1,1,1,,4,MITTELHAUSBERGEN (ROUTE DE),0,,2,2,0,1,(1),(1),1,, -1,2,0,1,30,23,8,2021,11:20,1,67,67482,2,1,1,6,MITTELHAUSBERGEN (ROUTE DE),48.59403,7.72015,11,2,1
202100039916,130Â 238,B01,2,2,1,0,1,0,-1,-1, -1,-1,2021,7.0,2,2,1,0,4,23,1,,2,6,0,,3,2,0,1,0,0,1,, -1,2,0,1,50,14,5,2021,11:20,1,91,91114,1,1,1,2,ROUTE NATIONALE 5,48.67865,2.49598,11,3,2
202100003651,195Â 227,A01,3,2,1,0,1,0,-1,-1, -1,-1,2021,7.0,0,2,0,2,1,1,1,,4,LECLERC (AVENUE DU GENERAL),0,,2,2,0,1,(1),(1),1,, -1,7,0,1,50,9,12,2021,08:40,1,45,45068,2,1,0,2,49 Rue Aristide Briand,48.0099726139,2.7401098609,8,3,2
202100038177,133Â 408,B01,1,1,1,1,2,0,-1,-1, -1,-1,2021,19.0,1,1,0,2,1,1,5,,4,SAINT MARC (RUE ),0,,2,2,0,1,(1),(1),1,, -1,2,0,1,50,26,5,2021,08:20,1,45,45234,2,1,1,3,26 Rue Saint Marc,47.9047539284,1.9227960741,8,2,2
202100050393,111Â 618,A01,1,1,1,5,2,6,9,0,0,-1,2021,48.0,1,1,0,0,9,1,1,,3,238,0,E,1,1,0,3,0,32,3,, -1,2,5,1,50,22,2,2021,17:30,1,61,61464,1,1,0,7,D238e,48.609646,0.165224,17,1,1
202100002798,196Â 768,A01,1,1,1,1,2,6,-1,0,0,-1,2021,21.0,2,1,0,2,1,1,1,,4,AVENUE GEORGE V,0,,3,2,2,1,(1),(1),1,, -1,1,0,1,30,14,12,2021,18:15,5,75,75108,2,2,0,3,AVENUE GEORGE V,48.870064,2.300994,18,2,2
202100036670,136Â 165,A01,10,3,1,9,0,-1,-1,4,3,1,2021,36.0,2,2,0,1,2,15,1,,3,PERI RUE GABRIEL NÂ°1 A 35,0,,2,3,0,1,0,0,1,, -1,1,0,1,50,3,6,2021,19:20,1,92,92049,2,2,1,6,PERI RUE GABRIEL NÂ°1 A 35,48.81803,2.32237,19,2,1
202100046454,118Â 748,B01,1,1,1,5,2,-1,-1,0,0,-1,2021,34.0,2,1,0,2,1,2,1,,3,709,0,D,2,2,0,1,18,950,1,, -1,1,0,1,50,27,3,2021,11:05,1,24,24352,2,3,0,3,Avenue Guy de Larigaudie,45.237785,0.348473,11,2,2
202100055676,102Â 337,A01,1,1,1,9,2,6,-1,0,0,-1,2021,34.0,2,1,0,2,7,17,1,,4,BOULEVARD DU MONTPARNASSE,0,,2,2,3,1,(1),(1),1,, -1,1,0,1,50,9,1,2021,05:40,5,75,75106,2,5,0,3,BOULEVARD DU MONTPARNASSE,48.845093,2.320128,5,2,2
202100004976,192Â 895,C01,5,2,1,5,8,-1,-1,0,0,-1,2021,31.0,2,2,0,2,1,26,1,,1,10,-1,,3,3,0,1,93,200,1,,"13,5",2,9,1,90,4,12,2021,17:20,3,45,45154,1,1,1,5,A10 PK 93+200,47.969956,1.857805,17,9,3
202100055349,102Â 901,A01,1,1,1,4,2,6,-1,0,0,-1,2021,57.0,1,1,12,0,1,13,1,,4,BOULEVARD MALESHERBES,0,,2,1,0,1,(1),(1),1,, -1,2,0,1,30,12,1,2021,18:00,5,75,75117,2,3,1,6,BOULEVARD MALESHERBES,48.884642,2.307989,18,1,1
202100007984,187Â 462,A01,2,2,2,5,1,0,-1,-1, -1,-1,2021,21.0,3,5,12,0,1,26,1,,9,ESCADRILLE NORMANDIE NIEMEN (AVENUE DE L,0,,1,1,0,1,0,0,2,, -1,2,9,1,50,16,11,2021,01:20,5,91,91434,2,9,0,7,ESCADRILLE NORMANDIE NIEMEN (AVENUE DE L,48.64795,2.34947,1,2,1
202100002594,197Â 146,B01,3,2,2,0,1,-1,-1,-1, -1,-1,2021,55.0,0,2,0,2,1,1,1,,4,JAURES. AVENUE JEAN,0,,2,2,0,1,0,0,1,, -1,1,0,1,50,16,12,2021,13:24,1,76,76498,2,1,1,5,JAURES. AVENUE JEAN,49.4254,1.05822,13,5,3
202100004819,193Â 168,B01,1,1,1,9,2,6,-1,0,0,-1,2021,27.0,1,1,1,2,2,18,3,,4,BOULEVARD DE STRASBOURG,0,,1,0,3,1,(1),(1),1,, -1,2,0,6,30,3,12,2021,11:50,1,75,75110,2,1,1,5,BOULEVARD DE STRASBOURG,48.871515,2.355498,11,3,3
202100012360,179Â 623,A01,1,1,1,0,1,0,-1,-1, -1,-1,2021,60.0,2,5,0,2,1,2,1,,1,AUTOROUTE A86,0,,3,8,0,1,26,0,1,, -1,1,0,1,70,19,10,2021,21:10,3,93,93064,1,1,0,2,AUTOROUTE A86,48.8842701357,2.4695885075,21,2,2
202100039554,130Â 889,B01,1,1,1,0,2,0,-1,-1, -1,-1,2021,19.0,1,1,0,2,1,3,1,,3,BADUEL (ROUTE DE),0,,2,2,0,1,4,599,1,, -1,1,0,1,50,17,5,2021,17:50,1,973,97302,2,1,0,3,BADUEL (ROUTE DE),4.927696473,-52.2919507028,17,2,2
202100044103,122Â 842,A01,1,1,1,0,0,-1,-1,0,0,-1,2021,19.0,1,1,0,2,8,9,5,,7,41,0,,2,2,0,1,(1),(1),1,, -1,1,0,1,80,15,4,2021,08:55,1,59,59011,1,1,0,3,Route de Don,50.539781,2.921033,8,2,2
202100030935,146Â 463,A01,1,1,2,0,8,-1,-1,0,0,-1,2021,71.0,1,2,8,0,1,1,1,,3,418,-1,,2,2,0,1,34,0,1,, -1,2,0,4,50,4,7,2021,16:35,1,68,68145,2,1,1,6,1 Grand Rue,48.0812,7.387359,16,1,1
202100000529,200Â 756,A01,10,3,1,5,0,-1,-1,4,3,1,2021,79.0,1,3,0,1,1,1,3,,4,BOULEVARD BESSIERES,0,,3,6,0,1,(1),(1),1,, -1,1,-1,6,30,26,1,2021,16:30,1,75,75117,2,1,0,6,BOULEVARD BESSIERES,48.897572,2.327011,16,2,1
202100046061,119Â 417,A01,1,1,1,0,2,-1,-1,-1, -1,-1,2021,66.0,2,1,0,0,6,9,1,,4,TONY GARNIER                        (AV),0,,3,7,0,1,(1),(1),1,, -1,1,0,1,50,29,3,2021,14:20,1,69,69387,2,2,0,3,TONY GARNIER                        (AV),45.7262453572,4.8377487339,14,2,2
202100041994,126Â 561,A01,2,1,1,5,2,6,-1,-1, -1,-1,2021,31.0,1,1,0,2,1,11,1,,1,A4,0,,3,4,0,1,15,0,1,, -1,1,0,1,110,30,4,2021,17:00,1,93,93051,1,1,0,2,A4,48.8348190517,2.5785747566,17,3,2
202100054248,104Â 788,Z01,10,3,1,5,0,-1,-1,4,3,2,2021,71.0,3,1,0,1,0,1,3,,4,BOULEVARD HENRI IV,0,,2,4,1,1,(1),(1),1,, -1,1,-1,5,30,20,1,2021,12:40,1,75,75104,2,4,0,6,BOULEVARD HENRI IV,48.852215,2.366003,12,2,1
202100050010,112Â 352,B01,1,1,2,1,2,8,-1,-1, -1,-1,2021,57.0,1,1,0,2,3,1,1,,3,MARCEL DASSAULT (BD),0,,2,4,0,2,12,905,1,, -1,1,0,1,30,26,2,2021,07:35,1,64,64122,2,1,0,3,MARCEL DASSAULT (BD),43.461,-1.54668,7,2,2
202100052716,107Â 505,A01,1,1,1,1,1,-1,-1,0,0,-1,2021,40.0,1,2,15,0,9,0,1,,3,280,-1,D,2,2,0,1,2,0,2,, -1,1,0,3,-1,3,2,2021,05:20,3,83,83087,1,1,1,6,route de marseille D280,43.384768,5.770158,5,1,1
202100044250,122Â 573,B01,1,1,1,5,8,8,-1,-1, -1,-1,2021,18.0,1,1,0,2,1,1,3,,4,LAZARET (RUE DU),0,,1,3,0,1,0,0,3,, -1,2,0,1,50,4,4,2021,11:10,1,67,67482,2,1,1,6,LAZARET (RUE DU),48.56405713,7.7554724726,11,3,2
202100056079,101Â 640,A01,1,1,2,0,2,6,-1,-1, -1,-1,2021,56.0,0,1,0,0,0,26,1,,3,3,0,,2,4,0,2,1,0,1,, -1,2,0,1,50,6,1,2021,18:05,5,92,92073,2,1,1,7,WASHINGTON (BOULEVARD),48.8770121257,2.2168323398,18,1,1
202100011417,181Â 314,B01,1,1,1,9,2,0,-1,0,0,-1,2021,18.0,1,1,0,2,7,1,1,,4,AVENUE SIMON BOLIVAR,0,,2,2,0,2,(1),(1),1,, -1,1,0,1,30,23,10,2021,16:00,1,75,75119,2,1,0,3,AVENUE SIMON BOLIVAR,48.876324,2.375838,16,2,2
202100044970,121Â 349,B01,1,1,2,0,1,0,-1,0,0,-1,2021,60.0,1,2,0,2,4,1,1,,2,RN 94,0,,2,2,0,1,72,558,1,, -1,1,0,1,50,2,4,2021,16:29,1,5,5061,2,1,0,4,RN 94,44.573261,6.108942,16,5,4
202100008144,187Â 159,B01,2,2,1,9,1,0,-1,0,0,-1,2021,20.0,2,2,0,2,2,1,1,,4,QUAI DE LA SEINE,0,,1,2,0,1,(1),(1),1,, -1,1,0,1,30,14,11,2021,21:45,5,75,75119,2,3,0,3,QUAI DE LA SEINE,48.887124,2.375468,21,3,2
202100056438,101Â 017,D01,1,1,1,1,1,0,-1,-1, -1,-1,2021,39.0,1,2,0,2,4,0,0,,3,FRANCE (AV. ANATOLE) DE 79 ET 80 A FIN,0,,-1,2,0,1,0,1,1,, -1,1,0,1,50,2,1,2021,10:10,1,93,93010,2,1,0,4,FRANCE (AV. ANATOLE) DE 79 ET 80 A FIN,48.89152181,2.4967023753,10,4,4