Num_Acc,id_vehicule,num_veh,place,catu,sexe,trajet,secu1,secu2,secu3,locp,actp,etatp,year_acc,victim_age,senc,catv,obs,obsm,choc,manv,motor,occutc,catr,voie,v1,v2,circ,nbv,vosp,prof,pr,pr1,plan,lartpc,larrout,surf,infra,situ,vma,jour,mois,an,hrmn,lum,dep,com,agg_,int,atm,col,adr,lat,long,hour,nb_victim,nb_vehicules
202100000253,201Â 271,B01,1,1,1,0,2,0,-1,-1, -1,-1,2021,62.0,2,1,0,2,0,0,1,,3,CORNICHE (ROUTE DE LA)  CD21,0,,2,2,0,2,1,0,1,, -1,1,0,1,50,29,9,2021,11:48,1,74,74119,2,2,0,3,SAINT THOMAS (ROUTE DE),46.38871,6.590088,11,2,2
202100020949,164Â 216,A01,5,2,1,5,0,-1,-1,0,0,-1,2021,22.0,3,5,0,0,9,13,1,,4,VU 20,0,,2,2,0,1,(1),(1),1,, -1,1,0,1,30,5,9,2021,01:30,3,988,98819,1,1,0,7,St Jean Baptiste (Tribu),-20.429456,164.440151,1,11,1
202100018430,168Â 683,A01,1,1,1,0,1,5,-1,-1, -1,-1,2021,25.0,3,2,9,0,1,1,1,,3,SADI CARNOT,0,,2,4,0,1,0,0,1,, -1,1,0,4,50,17,9,2021,07:28,5,93,93029,2,3,0,6,Rue Sadi Carnot / Rue Adrien Froment,48.9266,2.439,7,1,1
202100006041,190Â 996,A01,1,1,1,1,2,6,-1,0,0,-1,2021,31.0,2,1,11,0,1,0,1,,3,834,0,D,2,2,0,1,28,600,1,, -1,2,0,1,70,27,11,2021,20:20,3,64,64519,2,1,1,7,Route de Bordeaux,43.366834,-0.380208,20,1,1
202100021670,162Â 897,B01,1,1,1,1,2,0,-1,-1, -1,-1,2021,39.0,1,1,0,2,1,1,5,,3,908,0,,-1,1,0,1,0,0,1,, -1,1,0,5,50,31,8,2021,19:20,1,92,92026,2,3,0,3,VERDUN (DE 62 A FIN),48.9012950949,2.2599488497,19,2,2
202100002634,197Â 071,A01,1,1,1,5,2,6,-1,-1, -1,-1,2021,32.0,3,1,14,0,0,15,1,,4,RAVELIN (RUE),0,,1,1,0,1,0,0,2,, -1,1,0,1,30,15,12,2021,21:00,5,10,10387,2,1,0,6,RAVELIN (RUE),48.29701,4.06497,21,2,1
202100030401,147Â 424,A01,10,3,1,0,0,-1,-1,3,3,1,2021,83.0,1,2,0,1,1,15,1,,4,GOUNOD (RUE),0,,1,1,0,1,0,0,1,, -1,1,0,1,50,30,6,2021,07:20,1,6,6088,2,2,0,6,GOUNOD (RUE),43.69961,7.26029,7,2,1
202100011654,180Â 893,A01,10,3,2,0,0,-1,-1,2,4,1,2021,43.0,1,2,0,1,2,1,1,,3,VERDUN.(AVENUE DE),0,,2,2,0,1,1,0,1,, -1,1,0,1,50,22,10,2021,09:25,1,94,94028,2,1,0,6,VERDUN.(AVENUE DE),48.79609,2.46346,9,2,1
202100037568,134Â 513,A01,1,1,1,0,2,8,-1,-1, -1,-1,2021,24.0,2,1,0,0,7,1,1,,4,RUE DU LT COLONEL ARNAUD BELTRAME,0,,2,2,0,2,0,0,3,, -1,1,0,1,70,28,5,2021,18:40,1,91,91223,1,1,0,7,RUE DU LT COLONEL ARNAUD BELTRAME,48.44576,2.13798,18,1,1
202100012143,180Â 010,A01,10,3,1,0,0,-1,-1,2,B,1,2021,38.0,0,0,0,1,0,26,0,,3,PASTEUR S2  (AVENUE),0,,1,2,0,2,0,0,1,, -1,2,0,1,50,18,10,2021,22:50,5,93,93048,2,1,1,6,PASTEUR S2  (AVENUE),48.86843,2.43354,22,2,1
202100045758,119Â 959,B01,1,1,2,0,8,0,-1,-1, -1,-1,2021,58.0,3,1,0,2,8,1,5,,4,PAUL BERT,0,,2,4,2,1,1,0,1,, -1,1,0,5,50,31,3,2021,15:30,1,49,49007,2,1,0,3,PAUL BERT,47.46635,-0.55307,15,2,2
202100006558,190Â 078,A01,10,3,2,1,0,-1,-1,2,3,1,2021,15.0,2,1,0,1,1,26,1,,9,LECONTE DE LISLE (AVENUE),0,,2,2,3,1,0,0,1,, -1,1,9,1,50,22,11,2021,17:55,1,974,97411,2,1,0,3,LECONTE DE LISLE (AVENUE),-20.89328,55.48463,17,2,1
202100037255,135Â 087,A01,2,2,1,0,1,0,-1,0,0,-1,2021,24.0,0,2,0,2,1,0,1,,4,ARTS (AVENUE),0,,2,2,0,1,0,0,1,, -1,1,0,1,50,28,5,2021,01:18,3,30,30189,2,2,0,6,ARTS (AVENUE),43.82346,4.33559,1,3,2
202100022288,161Â 794,A01,10,3,2,5,0,-1,-1,3,3,1,2021,85.0,3,1,0,1,1,1,1,,4,GARIBALDI (PL.),0,,1,1,0,1,0,0,3,, -1,1,6,1,30,27,8,2021,17:00,1,6,6088,2,7,0,6,GARIBALDI (PL.),43.700432,7.28047,17,2,1
202100042738,125Â 243,A01,1,1,1,5,1,-1,-1,0,0,-1,2021,21.0,2,2,2,0,1,1,1,,3,31,0,D,2,2,0,1,(1),(1),1,, -1,1,0,8,80,25,4,2021,17:19,1,80,80070,1,1,0,6,D31,50.076794,2.3647,17,1,1
202100040811,128Â 672,B01,1,1,1,5,2,-1,-1,0,0,-1,2021,73.0,1,1,0,2,1,16,1,,3,9,0,D,2,2,0,2,41,100,1,, -1,1,0,1,80,9,5,2021,15:00,1,70,70147,1,3,0,2,D9/D95,47.565968,6.650913,15,3,2
202100041861,126Â 801,A01,10,3,1,0,0,-1,-1,6,9,1,2021,39.0,1,4,0,9,0,0,0,,3,154,-1,,2,2,0,2,(1),(1),4,, -1,1,0,3,50,1,5,2021,17:40,1,59,59441,2,1,0,6,Rue Wuillaume,50.27668,3.775841,17,2,1
202100054653,104Â 101,A01,1,1,1,4,1,-1,-1,0,0,-1,2021,41.0,2,5,3,0,0,14,1,,3,649,-1,,3,4,0,1,78,0,1,, -1,2,0,3,110,18,1,2021,18:09,3,59,59640,1,1,1,7,CD 649,50.297427,3.68654,18,1,1
202100011983,180Â 298,B01,1,1,1,2,2,6,-1,-1, -1,-1,2021,16.0,1,1,0,2,1,1,1,,2,FOCH (AVENUE MARECHAL),0,,2,2,0,1,25,500,1,, -1,1,0,1,50,14,10,2021,12:05,1,84,84087,2,1,0,3,FOCH (AVENUE MARECHAL),44.132834,4.813811,12,2,2
202100006986,189Â 275,A01,1,1,2,9,1,0,-1,-1, -1,-1,2021,57.0,2,2,0,2,1,18,1,,1,A13,0,,3,3,0,1,42,349,1,, -1,2,0,1,110,21,11,2021,11:25,1,78,78402,1,1,1,5,A13,48.9643,1.7977,11,3,3
202100025113,156Â 764,A01,1,1,1,0,2,0,-1,-1, -1,-1,2021,55.0,2,1,0,0,8,5,1,,4,JEAN BART (RUE),0,,1,0,0,1,0,0,1,, -1,1,0,1,30,7,8,2021,16:55,1,64,64122,2,1,0,7,JEAN BART (RUE),43.48104,-1.55786,16,1,1
202100010329,183Â 238,A01,1,1,1,0,1,0,-1,0,0,-1,2021,37.0,1,2,0,2,1,10,1,,3,CD NÂ°  402,0,,2,0,0,2,1,0,1,, -1,1,0,1,50,29,10,2021,18:50,3,14,14167,2,1,0,3,CD NÂ°  402,49.204163,-0.308868,18,2,2
202100017895,169Â 634,A01,1,1,1,0,2,8,-1,-1, -1,-1,2021,37.0,1,1,1,2,1,1,1,,3,989,0,,1,1,0,1,0,0,1,, -1,2,0,1,30,20,9,2021,09:10,1,92,92040,2,3,0,5,GENERAL LECLERC,48.8264204396,2.2784598815,9,3,3
202100046891,117Â 957,A01,10,3,2,0,0,-1,-1,1,3,1,2021,75.0,2,2,0,1,4,4,1,,4,GEORGE V (QUAI),0,,1,3,0,1,(1),(1),1,, -1,1,0,1,50,4,2,2021,15:20,1,76,76351,2,3,0,6,Quai George V,49.491,0.10984,15,3,1
202100039663,130Â 697,A01,1,1,1,4,1,-1,-1,0,0,-1,2021,34.0,1,4,0,2,1,2,1,,3,932,0,A,2,2,0,1,1,850,1,, -1,1,0,1,80,18,5,2021,08:52,1,60,60138,1,1,0,2,Route de Compiegne,49.225025,2.615443,8,2,2
202100050245,111Â 904,A01,2,2,2,5,1,-1,-1,0,0,-1,2021,58.0,2,2,3,0,7,1,1,,1,4,0,A,3,4,0,2,295,800,3,, -1,2,0,3,130,26,2,2021,09:54,1,54,54371,1,1,1,6,AUTOROUTE A4 ,49.1993792,5.9324965,9,2,1
202100000414,200Â 967,B01,2,2,1,5,1,0,-1,-1, -1,-1,2021,28.0,0,2,0,2,4,23,1,,4,LECLERC (AVE GENERAL),0,,2,6,0,1,0,0,1,, -1,1,0,1,50,13,11,2021,07:45,1,83,83137,2,1,0,2,LECLERC (AVE GENERAL),43.12567,5.92861,7,3,2
202100051908,108Â 915,A01,1,1,1,5,2,6,-1,0, -1,-1,2021,16.0,2,1,0,2,7,15,1,,4,TRURO (AVENUE DE),0,,1,1,0,1,(1),(1),2,, -1,1,5,1,50,10,2,2021,13:45,1,29,29151,2,6,0,3,Avenue de Truro,48.5881,-3.82434,13,2,2
202100023172,160Â 198,A01,2,2,2,5,1,-1,-1,0,0,-1,2021,68.0,3,2,8,0,2,1,1,,4,,-1,,2,2,0,1,(1),(1),1,,"5,5",1,0,1,50,21,8,2021,14:30,1,22,22137,2,3,0,7,15 Ru Kreisker,48.283686,-3.421742,14,2,1
202100039677,130Â 664,A01,1,1,1,0,1,0,-1,-1, -1,-1,2021,41.0,2,2,4,0,1,0,1,,1,AUTOROUTE A3,0,,3,9,0,2,6,0,3,, -1,2,0,1,70,16,5,2021,00:10,4,93,93010,1,1,1,6,AUTOROUTE A3,48.8891,2.473,0,1,1
202100047649,116Â 582,B01,1,1,1,9,2,6,-1,0,0,-1,2021,34.0,1,1,0,2,8,1,1,,4,PLACE DE LA REPUBLIQUE,0,,2,7,1,1,(1),(1),1,, -1,2,0,1,50,17,3,2021,08:25,1,75,75110,2,7,1,3,PLACE DE LA REPUBLIQUE,48.867951,2.362391,8,2,2
202100032404,143Â 851,A01,1,1,1,5,2,-1,-1,0,0,-1,2021,23.0,2,1,0,2,1,17,1,,2,1,-1,,2,2,2,1,3,0,1,, -1,1,0,1,-1,25,6,2021,08:10,1,987,98715,1,1,1,3,"PK 3,00",-17.584522,-149.568578,8,2,2
202100047333,117Â 159,A01,1,1,1,0,2,0,-1,-1, -1,-1,2021,30.0,1,1,0,2,1,2,1,,4,BOURG BELE (RUE DU)  NÂ° PAIRS 124 ET >,0,,2,2,0,1,0,0,1,, -1,1,0,1,50,17,3,2021,17:15,1,72,72181,2,1,0,2,BOURG BELE (RUE DU)  NÂ° PAIRS 124 ET >,47.99595,0.19586,17,2,2
202100051139,110Â 264,A01,1,1,1,4,1,8,-1,0,0,-1,2021,43.0,1,4,3,0,3,6,1,,1,Autoroute A 31,0,,3,4,0,1,235,800,1,, -1,1,0,1,130,17,2,2021,07:05,2,54,54232,1,1,0,7,Autoroute A 31,48.68435,5.94978,7,2,2
202100034563,139Â 936,B01,1,1,1,0,8,0,-1,-1, -1,-1,2021,27.0,1,1,0,2,1,1,3,,4,BONHOMMET VICTOR (RUE) NÂ° IMP,0,,-1,1,3,2,0,0,1,, -1,1,6,1,50,13,6,2021,20:20,1,72,72181,2,3,0,3,EPERON (PL DE L') NÂ°  2 A 14,48.004864897,0.1951691508,20,2,2
202100012322,179Â 709,A01,1,1,2,0,2,6,-1,0,0,-1,2021,28.0,3,1,4,0,1,1,1,,3,,-1,,2,2,0,1,1,420,2,,4,1,0,1,80,20,10,2021,07:45,2,6,6085,2,1,0,7,Chemin de Carimail,43.574733,6.976007,7,1,1
202100015873,173Â 305,Z01,10,3,1,2,0,-1,-1,3,3,1,2021,12.0,3,2,0,1,1,1,0,,4,RHONE (DU)                        (R ),0,,2,2,3,1,(1),(1),1,, -1,1,0,6,50,29,9,2021,07:10,2,69,69149,2,1,0,6,RHONE (DU) (AV),45.7171519327,4.8150104284,7,2,1
202100028700,150Â 418,B01,2,2,2,0,2,0,-1,-1, -1,-1,2021,13.0,0,1,0,0,0,2,1,,3,MICHELET (AVE) : DU 1 AU 103,0,,2,2,0,1,0,0,1,, -1,1,0,1,50,16,7,2021,15:30,1,93,93070,2,1,0,3,MICHELET (AVE) : DU 1 AU 103,48.906909,2.344131,15,3,2
202100042849,125Â 076,B01,1,1,1,5,2,0,-1,-1, -1,-1,2021,69.0,1,1,0,2,1,1,5,,3,RD810,0,,2,5,1,1,28,399,1,, -1,1,0,5,50,23,4,2021,09:45,1,64,64545,2,1,0,3,RD810,43.3747,-1.67917,9,2,2
202100052276,108Â 265,A01,10,3,1,1,0,-1,-1,6,A,1,2021,42.0,3,2,0,1,1,14,1,,4,,-1,,2,2,0,1,(1),(1),1,, -1,2,0,3,90,6,2,2021,14:45,1,971,97125,2,1,1,6,Route Touristique,16.246526,-61.291834,14,2,1
202100047944,116Â 038,B01,1,1,1,1,1,-1,-1,-1, -1,-1,2021,20.0,2,5,0,2,2,2,3,,4,VOIVILLE EST ROND POINT,0,,1,2,0,1,(1),(1),1,, -1,1,0,1,50,15,3,2021,18:15,2,17,17415,2,6,0,3,VOIVILLE EST ROND POINT,45.74024,-0.6613,18,2,2
202100043121,124Â 598,B01,1,1,1,1,2,6,-1,-1, -1,-1,2021,53.0,2,1,0,2,7,11,1,,1,AUTOROUTE A1,0,,3,10,0,1,3,299,1,, -1,1,0,1,90,22,4,2021,08:00,1,93,93066,1,1,0,3,AUTOROUTE A1,48.92947,2.36154,8,2,2
202100040014,130Â 069,A01,2,2,1,5,1,-1,-1,0,0,-1,2021,22.0,2,2,0,0,7,1,1,,3,122,-1,,2,2,0,1,(1),(1),2,, -1,2,0,1,70,14,5,2021,18:15,1,59,59581,1,1,1,6,CD122,50.66354,2.762997,18,6,2
202100037353,134Â 900,A01,1,1,1,5,2,6,-1,0,0,-1,2021,55.0,1,1,0,5,1,1,1,,3,11,-1,,2,2,0,1,13,150,1,,"5,5",1,0,1,50,29,5,2021,15:15,1,10,10313,2,1,0,6,Grande rue,48.356666,4.500752,15,2,2
202100012347,179Â 654,A01,1,1,1,1,2,6,-1,-1, -1,-1,2021,51.0,2,1,0,2,7,3,1,,1,A50-Sens Aubagne vers Marseille,0,,1,3,0,1,9,800,1,, -1,1,0,1,90,19,10,2021,07:32,1,13,13211,1,9,0,3,A50-Sens Aubagne vers Marseille,43.28613,5.51032,7,2,2
202100008627,186Â 319,A01,1,1,1,0,2,0,-1,-1, -1,-1,2021,22.0,1,1,0,2,3,1,3,,4,VICTOR HUGO (AVENUE,0,,2,2,0,1,0,0,2,, -1,1,0,1,50,10,11,2021,08:20,2,92,92002,2,3,0,1,VICTOR HUGO (AVENUE,48.7601609043,2.313336879,8,2,2
202100003662,195Â 209,A01,10,3,2,3,0,-1,-1,3,3,1,2021,30.0,0,2,0,1,1,16,1,,4,ETANG DU DIABLE (RUE DE L'),0,,2,2,3,1,(1),(1),3,, -1,2,9,1,50,9,12,2021,19:30,3,35,35278,1,1,1,6,ETANG DU DIABLE (RUE DE L'),48.137929,-1.686247,19,2,1
202100024618,157Â 655,A01,1,1,1,0,2,0,-1,-1, -1,-1,2021,17.0,3,1,12,0,1,18,1,,4,SAINT MENET (AVENUE DE),0,,3,2,0,1,0,0,2,, -1,1,0,1,50,11,8,2021,17:05,1,13,13211,2,1,0,1,SAINT MENET (AVENUE DE),43.2891232174,5.5109548136,17,1,1
202100014334,176Â 084,B01,1,1,1,1,2,0,-1,-1, -1,-1,2021,40.0,1,1,0,2,3,2,1,,3,TOULOUSE (RUE DE),0,,2,2,0,1,0,0,2,, -1,2,0,1,50,7,10,2021,07:53,3,87,87065,1,1,0,3,TOULOUSE (RUE DE),45.80015,1.29549,7,2,2
202100040642,128Â 967,A01,1,1,1,0,0,-1,-1,0,0,-1,2021,33.0,0,1,13,0,2,1,1,,4,,0,,2,2,0,1,(1),(1),2,, -1,2,0,3,50,9,5,2021,20:20,5,973,97353,2,1,1,7,Route de l'Aeroport,3.647072,-54.032044,20,1,1
202100040601,129Â 041,B01,1,1,1,0,2,0,-1,-1, -1,-1,2021,61.0,1,1,0,2,1,1,1,,7,AEROPORT (AVENUE DE L'),0,,2,2,0,1,2,400,1,, -1,1,0,1,70,8,5,2021,17:15,1,83,83069,1,9,0,3,AEROPORT (AVENUE DE L'),43.08463,6.14844,17,2,2
202100017462,170Â 415,B01,2,2,2,5,1,-1,-1,-1, -1,-1,2021,75.0,3,2,0,2,4,1,2,,4,QUAI DU PRESIDENT WILSON,0,,1,2,1,1,(1),(1),1,, -1,1,0,1,50,22,9,2021,22:40,3,33,33039,2,1,0,4,QUAI DU PRESIDENT WILSON,44.81234,-0.53424,22,5,4
202100035615,138Â 059,B01,1,1,1,5,0,-1,-1,0,0,-1,2021,18.0,1,1,0,2,8,1,5,,3,2020,-1,,2,2,0,1,11,500,1,, -1,1,0,1,90,8,6,2021,14:25,1,45,45008,1,1,0,3,"relais des muids, route nationale 20",48.057857,1.876098,14,2,2
202100000872,200Â 182,A01,1,1,2,3,1,8,-1,-1, -1,-1,2021,32.0,3,2,13,0,1,13,1,,4,LAPEYRUSSE (LIEU-DIT),0,,2,2,0,2,(1),(1),2,, -1,2,0,3,90,24,12,2021,10:15,1,15,15012,1,1,0,6,LAPEYRUSSE (LIEU-DIT),44.87431,2.45097,10,1,1
202100004353,193Â 977,C01,2,2,2,0,1,-1,-1,0,0,-1,2021,28.0,3,2,0,2,3,1,1,,3,118,-1,,2,2,0,1,(1),(1),3,, -1,2,0,1,80,7,12,2021,17:30,3,67,67473,1,1,0,4,D118,48.580706,7.479249,17,4,3
202100045239,120Â 861,B01,1,1,1,5,8,0,-1,0,0,-1,2021,18.0,2,1,0,2,1,9,5,,4,AVENUE DE LA PORTE DU PRE SAINT GERVAIS,0,,3,3,0,2,(1),(1),1,, -1,1,0,1,50,2,4,2021,20:00,5,75,75119,2,2,0,3,AVENUE DE LA PORTE DU PRE SAINT GERVAIS,48.878883,2.401875,20,3,2
202100013712,177Â 194,B01,1,1,1,2,8,0,-1,-1, -1,-1,2021,23.0,3,1,0,2,1,2,5,,4,CHAMPY RICHARDETS (BOULEVARD),0,,1,1,1,1,0,0,2,, -1,1,5,1,50,12,10,2021,08:45,1,93,93051,2,6,0,3,CHAMPY RICHARDETS (BOULEVARD),48.83721,2.57745,8,2,2
202100054783,103Â 873,B01,1,1,1,1,2,6,-1,0,0,-1,2021,29.0,1,1,0,2,2,1,1,,4,PLACE DE LA PORTE MAILLOT,0,,1,3,0,1,(1),(1),2,, -1,1,0,1,50,15,1,2021,16:30,5,75,75117,2,7,0,3,PLACE DE LA PORTE MAILLOT,48.8786285526,2.2821468115,16,2,2
202100013924,176Â 811,A01,1,1,2,1,1,-1,-1,0,0,-1,2021,34.0,1,2,0,2,3,1,1,,3,131E3,-1,,2,2,0,1,30,150,2,, -1,1,0,1,80,12,10,2021,07:35,3,62,62302,1,1,1,1,D131 E3,50.591622,1.9817,7,2,2
202100034390,140Â 267,B01,1,1,2,1,2,6,-1,0,0,-1,2021,33.0,1,1,0,2,4,9,1,,3,,-1,,1,2,0,1,(1),(1),1,, -1,1,9,8,30,30,5,2021,06:45,2,67,67101,2,6,0,2,rond point de la colonne,48.52354,7.498158,6,2,2
202100041515,127Â 405,A01,2,2,1,9,8,0,-1,0,0,-1,2021,22.0,0,1,0,2,7,17,1,,4,MARECHAL LECLERC (AVENUE DU),0,,-1,0,0,1,1,0,1,, -1,1,0,1,50,30,4,2021,15:45,1,71,71306,2,6,0,3,MARECHAL LECLERC (AVENUE DU),46.6811,4.37024,15,3,2
202100010661,182Â 676,B01,1,1,1,5,2,6,9,-1, -1,-1,2021,35.0,2,1,0,2,2,1,1,,7,BUS (RD301)   0.000 A 2.800,0,,3,6,0,1,1,100,1,, -1,1,0,1,90,27,10,2021,16:40,1,69,69276,1,1,0,3,D301   0.000 A 2.800,45.6823,4.85088,16,2,2
202100013366,177Â 849,A01,1,1,1,0,1,5,-1,-1, -1,-1,2021,34.0,1,2,4,0,2,9,1,,1,A13,0,,1,1,0,1,11,500,1,, -1,1,3,1,70,14,10,2021,02:50,5,78,78524,1,1,0,6,A13,48.84044,2.11407,2,1,1
202100002691,196Â 967,A01,1,1,1,9,8,-1,-1,0,0,-1,2021,38.0,3,2,2,0,3,1,1,,4,,-1,,2,2,0,1,(1),(1),1,,"3,5",1,0,3,80,17,12,2021,17:40,2,37,37115,1,1,0,6,CÃ©ry,46.9974532934,0.719762072,17,1,1
202100005590,191Â 812,A01,1,1,1,1,2,-1,-1,0,0,-1,2021,27.0,1,1,11,0,3,1,1,,3,911,-1,,2,2,0,2,59,15,3,, -1,2,8,1,80,1,12,2021,06:40,2,47,47065,1,1,0,6,D911,44.371677,0.355704,6,1,1
202100046113,119Â 336,A01,3,2,1,0,1,0,-1,0,0,-1,2021,21.0,3,2,2,0,1,1,1,,4,IVRY (ROUTE D'),0,,2,1,0,1,(1),(1),1,, -1,1,0,3,50,29,3,2021,23:05,5,27,27681,2,3,0,6,IVRY (ROUTE D'),49.08276,1.47764,23,3,1
202100024977,157Â 013,B01,1,1,1,0,2,6,-1,-1, -1,-1,2021,23.0,1,1,0,2,8,3,1,,7,ROUTE DEPARTEMENTALE 652,0,,3,2,0,1,2,900,1,, -1,2,0,1,90,6,8,2021,18:00,1,59,59356,1,1,0,3,ROUTE DEPARTEMENTALE 652,50.6532880138,3.0043745041,18,2,2
202100027744,152Â 120,B01,1,1,1,1,1,8,-1,0,0,-1,2021,27.0,2,2,0,2,7,1,1,,3,ANDUZE (VIEILLE ROUTE D'),0,,2,2,0,1,0,640,3,, -1,1,0,1,50,9,7,2021,12:44,1,30,30007,2,3,0,6,ANDUZE (VIEILLE ROUTE D'),44.1023,4.075,12,2,2
202100056325,101Â 217,A01,1,1,1,5,2,8,-1,-1, -1,-1,2021,37.0,2,1,1,2,8,1,1,,4,PRESBYTERE(RUE),0,,1,0,0,1,0,0,1,, -1,1,5,1,50,3,1,2021,08:15,1,974,97416,2,3,0,3,PRESBYTERE(RUE),-21.3363,55.4779,8,2,2
202100039867,130Â 324,A01,1,1,1,5,2,6,-1,0,0,-1,2021,48.0,2,1,0,2,1,11,1,,9,10,0,,2,2,0,1,84,300,1,, -1,1,0,1,80,15,5,2021,10:30,1,202,202123,1,1,0,-1,RT 10,42.032297,9.417933,10,3,3
202100047150,117Â 489,A01,2,2,2,5,1,-1,-1,0,0,-1,2021,69.0,1,5,3,0,1,1,1,,1,61,-1,,1,2,0,1,355,0,1,, -1,9,0,1,130,19,3,2021,18:20,1,11,11098,1,1,1,6,A61,43.167635,2.719953,18,3,2
202100003859,194Â 857,A01,10,3,1,0,0,-1,-1,4,3,1,2021,73.0,1,2,0,1,1,15,1,,3,GALLIENI (BOULEVARD) (1/19),0,,2,2,0,1,0,0,1,, -1,1,0,1,50,16,10,2021,10:10,1,92,92036,2,2,1,6,GALLIENI (BOULEVARD) (1/19),48.9234409613,2.3214385775,10,2,1
202100022058,162Â 199,B01,1,1,1,4,2,-1,-1,-1, -1,-1,2021,20.0,2,1,0,2,1,1,1,,4,GENERAL GIRAUD (DU)                 (CO),0,,2,2,2,2,(1),(1),3,, -1,1,0,1,50,29,8,2021,01:00,5,69,69381,2,4,0,3,GENERAL GIRAUD (DU) (CR),45.76952,4.82402,1,2,2
202100039108,131Â 728,A01,1,1,1,9,1,0,-1,0,0,-1,2021,69.0,1,2,0,2,3,21,1,,4,PATUREAU FRANCOEUR ( AVE JEAN ),0,,2,2,0,1,(1),(1),1,, -1,2,0,1,50,19,5,2021,11:54,1,36,36044,2,1,0,5,89 Avenue Jean Patureau Francoeur,46.7816,1.7067,11,3,3
202100001862,198Â 468,A01,10,3,2,2,8,8,-1,3,3,2,2021,7.0,3,2,0,1,1,15,1,,7,ZOLA EMILE RUE,0,,-1,2,0,1,(1),(1),1,, -1,1,0,8,50,3,12,2021,12:15,1,59,59350,2,2,0,6,ZOLA EMILE RUE,50.63349,3.00531,12,3,1
202100032913,142Â 930,B01,1,1,2,3,8,0,-1,-1, -1,-1,2021,21.0,2,2,0,2,2,1,1,,3,GROUPE MANOUCHIAN (AV DU),0,,3,3,0,1,1,0,1,, -1,2,0,1,50,22,6,2021,20:20,1,94,94081,2,1,0,3,Avenue du Groupe Manouchian,48.78766,2.40687,20,3,2
202100037418,134Â 773,A01,1,1,1,5,8,0,-1,-1, -1,-1,2021,46.0,2,2,2,2,1,1,1,,7,PARIS. RUE DE,0,,2,2,0,1,2,850,1,, -1,1,0,1,50,30,5,2021,14:45,1,76,76681,2,3,0,3,PARIS. RUE DE,49.40815,1.10138,14,2,2
202100002416,197Â 459,A01,10,3,2,0,0,-1,-1,4,3,1,2021,27.0,2,2,0,1,1,1,1,,4,GAMBETTA (BOULEVARD LEON) NÂ°IMPAIR,0,,2,3,0,1,0,0,1,, -1,1,0,1,30,17,12,2021,09:00,1,46,46042,2,1,0,3,GAMBETTA (BOULEVARD LEON) NÂ°IMPAIR,44.44427,1.44191,9,2,1
202100008756,186Â 087,A01,1,1,1,9,2,6,-1,0,0,-1,2021,44.0,3,1,0,2,6,11,1,,4,BOULEVARD PERIPHERIQUE INTERIEUR SUD,0,,1,3,0,1,5,600,1,, -1,1,0,1,70,9,11,2021,20:00,5,75,75114,2,4,0,2,BOULEVARD PERIPHERIQUE INTERIEUR SUD,48.820927,2.321828,20,2,2
202100014549,175Â 697,B01,1,1,2,5,1,-1,-1,-1, -1,-1,2021,34.0,1,2,0,2,4,2,1,,4,PIERRE SEMARD                       (AV),0,,3,4,2,1,(1),(1),1,, -1,1,0,1,50,7,10,2021,13:35,1,69,69259,2,1,0,2,PIERRE SEMARD (AV),45.70866,4.87616,13,2,2
202100018280,168Â 948,A01,1,1,2,5,1,-1,-1,0,0,-1,2021,20.0,1,2,4,0,3,13,1,,2,124,-1,,3,4,0,1,52,500,1,, -1,2,0,3,110,19,9,2021,04:30,3,32,32183,1,1,0,6,rn 124 PK 52500,43.648808,0.687332,4,1,1
202100031142,146Â 074,B01,1,1,1,1,1,0,-1,0,0,-1,2021,35.0,0,5,0,2,6,19,1,,4,FALAISES (ROUTE DES) NATION A ANDELLE,0,,2,2,0,1,(1),(1),1,, -1,1,0,1,50,1,7,2021,08:30,1,27,27701,2,2,0,3,FALAISES (ROUTE DES) NATION A ANDELLE,49.27365,1.22374,8,2,2
202100021256,163Â 664,A01,1,1,1,1,1,0,-1,-1, -1,-1,2021,28.0,1,2,0,2,4,1,1,,3,MAQUIS (AVENUE DU),0,,2,2,0,3,44,0,1,, -1,1,0,1,50,2,9,2021,19:50,1,46,46042,2,1,0,2,MAQUIS (AVENUE DU),44.4517,1.4486,19,2,2
202100024126,158Â 534,A01,1,1,1,3,2,6,-1,-1, -1,-1,2021,38.0,2,1,0,2,1,21,1,,4,MICHELFELDEN ( RUE DE ),0,,1,1,1,1,(1),(1),1,, -1,1,0,5,50,14,8,2021,17:45,1,68,68297,2,1,0,3,MICHELFELDEN ( RUE DE ),47.597208,7.559954,17,2,2
202100019674,166Â 481,A01,2,2,1,5,2,0,-1,-1, -1,-1,2021,34.0,3,0,0,2,1,15,3,,4,LOIRE (QUAI DE LA),0,,2,2,1,1,(1),(1),1,, -1,1,0,1,50,10,9,2021,04:44,5,37,37261,2,3,0,6,LOIRE (QUAI DE LA),47.3975412612,0.6674046814,4,5,2
202100002168,197Â 910,A01,1,1,1,5,1,-1,-1,0,0,-1,2021,43.0,1,2,9,0,9,1,1,,3,338,-1,,2,2,0,1,22,900,2,, -1,1,0,3,90,21,12,2021,12:40,1,72,72187,1,1,0,6,Les Gabilles,47.803528,0.322852,12,1,1