Num_Acc,id_vehicule,num_veh,place,catu,sexe,trajet,secu1,secu2,secu3,locp,actp,etatp,year_acc,victim_age,senc,catv,obs,obsm,choc,manv,motor,occutc,catr,voie,v1,v2,circ,nbv,vosp,prof,pr,pr1,plan,lartpc,larrout,surf,infra,situ,vma,jour,mois,an,hrmn,lum,dep,com,agg_,int,atm,col,adr,lat,long,hour,nb_victim,nb_vehicules
202100046471,118Â 719,A01,1,1,1,5,2,-1,-1,0,0,-1,2021,59.0,2,1,0,2,1,1,1,,3,311,0,D,2,2,0,1,3,151,1,, -1,1,0,1,70,27,3,2021,17:25,1,69,69028,1,1,0,2,NEUVE (RTE),45.7293750955,4.7031059318,17,2,2
202100034844,139Â 427,A01,1,1,1,5,2,6,9,0,0,-1,2021,22.0,1,1,5,0,1,13,1,,3,41,-1,,2,2,0,2,12,105,3,, -1,1,0,3,80,13,6,2021,16:15,1,29,29062,1,1,0,6,Lieu Dit Ti Ar Prat,48.158485,-3.926829,16,1,1
202100025902,155Â 390,B01,1,1,1,5,2,4,-1,0,0,-1,2021,73.0,1,0,0,2,8,15,5,,3,49,0,,2,2,0,1,14,300,1,, -1,2,0,1,80,3,8,2021,09:00,1,71,71422,1,2,1,3,intersection RD 49 / RD18,46.695915,4.761404,9,2,2
202100000074,201Â 620,A01,10,3,2,5,0,-1,-1,3,3,1,2021,14.0,1,2,0,1,1,1,1,,4,ONZE NOVEMBRE 1918 (RD PT DU),0,,1,2,0,2,(1),(1),3,, -1,1,2,1,50,16,11,2021,15:55,1,4,4070,2,1,1,6,RP 11 novembre dir Grand Pont,44.09104,6.23085,15,2,1
202100049014,114Â 147,A01,1,1,1,5,2,-1,-1,0,0,-1,2021,18.0,3,1,2,0,1,0,1,,4,,0,,-1,2,0,1,(1),(1),4,, -1,9,0,8,-1,7,3,2021,16:35,1,24,24106,1,1,1,6,la bessede,45.017562,1.208603,16,1,1
202100055485,102Â 672,C01,1,1,2,1,1,0,-1,-1, -1,-1,2021,25.0,1,2,0,2,4,1,1,,4,RUE JACQUES DUCLOS,0,,2,2,2,1,(1),(1),1,, -1,1,0,1,50,11,1,2021,18:06,5,44,44109,2,1,0,4,RUE JACQUES DUCLOS,47.24093,-1.54061,18,3,3
202100052510,107Â 860,A01,1,1,1,1,8,-1,-1,-1, -1,-1,2021,42.0,1,5,0,2,1,12,1,,1,43,0,,3,9,0,1,9,600,1,, -1,2,0,1,90,3,2,2021,16:52,1,69,69290,1,1,0,5,A43 ,45.7054,4.9604,16,4,4
202100030984,146Â 360,A01,10,3,2,0,0,-1,-1,5,2,2,2021,32.0,0,2,9,0,1,15,1,,4,CEP AVENUE DU,0,,-1,1,0,1,(1),(1),2,, -1,1,9,1,50,1,7,2021,20:25,1,78,78498,2,6,0,6,CEP AVENUE DU,48.928829,2.041463,20,3,1
202100042846,125Â 081,A01,1,1,1,0,8,0,-1,-1, -1,-1,2021,44.0,1,1,0,2,1,1,3,,4,GAULLE (AVENUE GENERAL DE),0,,2,0,2,1,(1),(1),1,, -1,1,0,1,50,22,4,2021,18:35,1,66,66136,2,1,0,6,GAULLE (AVENUE GENERAL DE),42.6965,2.88069,18,2,2
202100029386,149Â 250,A01,4,2,1,5,8,-1,-1,0,0,-1,2021,13.0,2,2,13,0,9,14,1,,1,10,-1,,3,3,0,1,125,153,1,,"13,5",2,0,3,-1,13,7,2021,13:15,1,45,45317,1,1,0,6,A10-PK125 + 153,47.769438,1.572075,13,4,1
202100016940,171Â 343,A01,1,1,1,5,1,-1,-1,-1, -1,-1,2021,82.0,1,2,0,2,2,15,1,,4,AVE MONTESQUIEU,0,,2,2,2,1,(1),(1),1,, -1,1,0,1,50,23,9,2021,13:30,1,33,33281,2,3,0,1,Avenue Montesquieu,44.84635,-0.63505,13,2,2
202100018324,168Â 871,A01,1,1,1,5,1,8,-1,-1, -1,-1,2021,20.0,1,2,8,0,1,13,1,,4,EUROPE (AVENUE DE L ),0,,2,2,0,1,0,0,3,, -1,1,0,1,50,16,9,2021,23:25,4,67,67447,2,1,0,6,EUROPE (AVENUE DE L ),48.61238,7.70821,23,3,1
202100049348,113Â 551,A01,1,1,2,0,2,6,-1,-1, -1,-1,2021,30.0,1,1,0,9,0,1,1,,2,kaweni-Kaweni nord ( Z I ),0,,2,0,0,1,0,0,1,, -1,1,0,1,50,3,3,2021,11:10,1,976,97611,2,1,0,7,kaweni-Kaweni nord ( Z I ),-12.76834,45.22432,11,1,1
202100004165,194Â 306,A01,1,1,1,1,1,-1,-1,0,0,-1,2021,44.0,0,2,0,6,1,19,1,,3,1017,0,,2,2,0,1,15,300,3,, -1,2,0,5,80,6,12,2021,19:10,3,60,60238,1,1,1,6,D1017,49.2468358885,2.5863661765,19,1,1
202100017237,170Â 835,A01,1,1,1,5,2,-1,-1,0,0,-1,2021,88.0,0,0,0,0,0,0,3,,4,,-1,,2,2,0,2,(1),(1),1,,4,1,0,1,50,24,9,2021,14:40,1,26,26188,2,1,0,7,155 avenue de Verdun,44.235203,5.188513,14,1,1
202100029528,149Â 015,A01,1,1,1,5,0,-1,-1,0,0,-1,2021,60.0,2,2,4,0,1,1,1,,2,4,0,,3,4,0,1,15,303,1,, -1,2,0,1,90,7,2,2021,19:20,3,77,77470,1,1,1,4,N4,48.735772,2.771537,19,4,4
202100026106,155Â 031,B01,3,2,2,5,1,-1,-1,0,0,-1,2021,11.0,2,2,0,2,4,16,1,,4,12,0,,2,2,0,1,0,0,1,, -1,1,5,1,50,31,7,2021,14:10,1,988,98818,2,3,0,2,ROUTE DE L'ANSE VATA/RUE MARCELLIN LACABANNE,-22.29362,166.44655,14,4,2
202100054767,103Â 906,A01,1,1,1,5,8,0,-1,-1, -1,-1,2021,33.0,2,1,0,2,1,1,5,,4,RICHEMOND (QUAI DE),0,,2,2,0,1,(1),(1),1,, -1,2,0,1,50,16,1,2021,19:30,5,35,35238,2,9,1,3,RICHEMOND (QUAI DE),48.1099,-1.67391,19,2,2
202100029318,149Â 359,A01,1,1,1,5,2,6,-1,0,0,-1,2021,24.0,2,1,0,2,1,3,1,,4,BOULEVARD PERIPHERIQUE,0,,1,4,0,1,(1),(1),1,, -1,1,0,1,70,10,7,2021,15:40,1,75,75116,2,4,0,4,BOULEVARD PERIPHERIQUE,48.850786,2.251995,15,3,3
202100053732,105Â 696,B01,1,1,1,5,2,-1,-1,-1, -1,-1,2021,17.0,1,1,0,2,7,17,1,,3,MATIGNON (AV DES),0,,2,2,2,1,0,1,1,, -1,1,0,1,50,23,1,2021,14:30,1,50,50218,2,1,0,3,MATIGNON (AV DES),48.83771,-1.57337,14,2,2
202100054686,104Â 036,B01,1,1,1,4,2,0,-1,0,0,-1,2021,35.0,1,1,0,2,8,1,1,,4,BOULEVARD SAINT MICHEL,0,,2,3,1,1,(1),(1),1,, -1,1,0,1,50,17,1,2021,18:10,5,75,75106,2,1,0,3,BOULEVARD SAINT MICHEL,48.845607,2.339892,18,3,2
202100033393,142Â 077,A01,10,3,2,3,0,-1,-1,4,3,1,2021,74.0,1,2,0,1,3,15,1,,4,PAUL VERLAINE       (Rue),0,,2,2,0,1,(1),(1),1,, -1,1,5,1,50,19,6,2021,10:50,1,69,69266,2,2,0,6,PAUL VERLAINE (R),45.7682810991,4.880210638,10,2,1
202100051663,109Â 345,B01,1,1,1,1,8,0,-1,-1, -1,-1,2021,23.0,1,1,0,2,8,18,5,,3,JEAN JAURES (AVENUE),0,,1,4,0,1,19,619,1,, -1,1,0,1,50,12,2,2021,08:00,1,78,78481,2,1,0,3,JEAN JAURES (AVENUE),48.897971,2.111372,8,2,2
202100015477,174Â 037,B01,5,2,2,0,8,-1,-1,-1, -1,-1,2021,69.0,2,3,0,2,5,1,1,3.0,4,MARECHAL DE SAXE                    (AV),0,,1,1,3,1,(1),(1),1,, -1,1,0,6,50,1,10,2021,12:10,1,69,69383,2,3,0,3,MARECHAL DE SAXE (AV),45.75531,4.84661,12,4,2
202100052651,107Â 612,B01,1,1,1,1,2,6,-1,-1,0,-1,2021,43.0,2,1,0,2,7,1,1,,3,311,0,,2,2,0,1,13,900,1,, -1,1,0,1,50,29,1,2021,12:45,1,95,95288,2,1,0,2,SARCELLES (RUE DE),48.98493,2.36218,12,2,2
202100043299,124Â 267,B01,3,2,2,0,1,0,-1,-1, -1,-1,2021,8.0,1,2,0,2,4,2,1,,1,AUTOROUTE A1,0,,2,4,0,1,4,500,1,, -1,3,0,1,90,20,4,2021,10:25,1,972,97213,2,1,1,4,AUTOROUTE A1,14.61315,-61.01007,10,6,3
202100050292,111Â 810,B01,1,1,1,9,1,0,-1,0,0,-1,2021,29.0,1,2,0,2,6,1,1,,1,A13W,0,,1,4,0,1,1,500,1,, -1,1,1,1,70,25,2,2021,06:30,5,75,75116,1,1,0,2,A13W,48.848377,2.247359,6,2,2
202100020184,165Â 558,A01,1,1,1,5,2,6,-1,0,0,-1,2021,23.0,3,1,12,0,2,1,1,,4,,0,,2,2,0,1,(1),(1),1,,4,1,0,1,50,7,9,2021,23:30,4,7,7324,2,1,0,6,120 Avenue du 8 Mai 1945,45.054082,4.835686,23,1,1
202100026620,154Â 123,A01,2,2,1,5,1,-1,-1,-1,0,-1,2021,27.0,1,2,4,0,1,17,1,,3,D170,0,,3,4,0,1,14,0,3,, -1,2,0,2,90,27,7,2021,15:00,1,95,95088,1,1,1,6,RD 170,48.97654,2.42938,15,2,1
202100048313,115Â 397,B01,1,1,2,9,8,0,-1,-1, -1,-1,2021,24.0,3,2,0,2,4,2,1,,4,CAMILLE PISSARO (ROUTE),0,,2,2,0,1,0,0,1,, -1,1,0,1,50,12,3,2021,12:15,1,93,93005,2,3,0,4,RAOUL DUFY (AVENUE),48.9602146259,2.5022955582,12,3,3
202100036863,135Â 805,B01,1,1,1,2,8,0,-1,0,0,-1,2021,18.0,1,1,0,2,2,20,5,,3,HENRI BARBUSSE (AVE) NÂ°2-124,0,,2,2,0,1,0,1,1,, -1,1,0,1,50,31,5,2021,08:20,1,93,93029,2,1,0,3,Avenue Henri Barbusse,48.92005,2.45139,8,2,2
202100054005,105Â 218,A01,10,3,2,3,0,-1,-1,2,3,1,2021,76.0,1,4,0,1,2,16,1,,3,91,-1,A,2,2,0,2,10,620,3,, -1,5,5,1,30,23,1,2021,11:45,1,73,73227,2,6,0,6,D91A,45.41529,6.650457,11,2,1
202100005340,192Â 245,A01,10,3,1,2,0,-1,-1,2,3,1,2021,19.0,1,2,0,1,3,1,1,,4,,0,,2,2,0,1,(1),(1),1,, -1,2,0,1,50,30,11,2021,18:30,5,25,25056,2,1,1,6,LAPLACE   RUE PIERRE,47.251364,5.986897,18,3,2
202100037639,134Â 379,A01,1,1,1,1,1,5,-1,-1, -1,-1,2021,24.0,2,2,0,2,1,1,1,,4,GALLIENI (AVENUE),0,,2,2,0,1,0,0,1,, -1,1,0,1,50,29,5,2021,10:57,1,93,93031,2,1,0,4,Avenue GalliÃ©ni,48.96371,2.297959,10,5,3
202100041840,126Â 828,B01,1,1,1,-1,0,-1,-1,0,0,-1,2021,26.0,0,1,0,0,-1,1,3,,4,,-1,,1,1,3,2,(1),(1),1,, -1,1,0,1,50,1,5,2021,01:30,3,80,80620,2,1,0,7,Chemin Noir,49.932884,2.933191,1,1,1
202100003224,196Â 009,B01,1,1,1,1,1,0,-1,-1, -1,-1,2021,26.0,2,2,0,2,4,1,1,,2,RN12 EXT,0,,3,3,0,1,32,0,1,, -1,1,0,1,110,13,12,2021,13:30,1,78,78208,1,1,0,2,RN12 EXT,48.799988,1.981698,13,2,2
202100011764,180Â 685,A01,10,3,1,0,8,8,-1,6,2,1,2021,50.0,3,1,0,1,0,26,1,,4,RN1 (ROUTE NATIONALE),0,,2,3,0,1,0,0,1,, -1,1,0,3,50,21,10,2021,04:20,3,974,97416,2,1,0,6,RN1 (ROUTE NATIONALE),-21.32881,55.45235,4,2,1
202100021710,162Â 832,B01,1,1,2,5,2,-1,-1,0,0,-1,2021,35.0,1,1,0,2,1,1,1,,3,43,-1,,2,2,0,1,17,382,4,, -1,1,0,1,50,31,8,2021,13:50,1,88,88116,2,3,0,3,Rue de la Gare,47.954967,6.825134,13,2,2
202100033462,141Â 957,A01,1,1,1,1,1,-1,-1,0,0,-1,2021,31.0,1,2,6,0,1,0,1,,3,908,0,D,2,2,0,1,63,650,3,, -1,1,0,8,50,19,6,2021,17:50,1,61,61145,2,1,0,6,Les Poulicheres,48.590884,-0.632744,17,1,1
202100056059,101Â 682,A01,1,1,1,4,2,0,-1,0,0,-1,2021,19.0,2,1,0,0,1,0,1,,4,MISTRAL (AVENUE ET PLACE FREDERIC),0,,2,2,0,1,0,0,3,, -1,1,0,1,50,6,1,2021,22:45,3,6,6069,2,1,0,7,MISTRAL (AVENUE ET PLACE FREDERIC),43.64282,6.91412,22,1,1
202100056295,101Â 271,A01,10,3,1,0,0,-1,-1,2,3,1,2021,34.0,1,2,0,1,4,26,1,,3,VICTOR HUGO (AVE)  => 120,0,,2,4,0,1,0,1,1,, -1,1,0,1,50,4,1,2021,10:10,1,93,93001,2,1,0,6,VICTOR HUGO (AVE)  => 120,48.9110263553,2.3792587058,10,2,1
202100019998,165Â 887,A01,1,1,1,5,1,-1,-1,0,0,-1,2021,59.0,2,2,8,0,1,0,1,,3,631,0,A,2,2,0,1,2,440,1,, -1,1,0,4,70,10,9,2021,12:45,1,81,81105,2,1,0,6,Boulevard du Docteur Pontier,43.771444,1.994674,12,1,1
202100014587,175Â 636,A01,10,3,1,5,0,-1,-1,4,3,1,2021,50.0,2,2,0,1,1,1,1,,4,MERCADER (BOULEVARD FELIX),0,,2,4,0,1,(1),(1),1,, -1,1,0,1,50,5,10,2021,18:32,1,66,66136,2,1,0,6,MERCADER (BOULEVARD FELIX),42.6937,2.89049,18,2,1
202100016577,172Â 001,A01,1,1,1,5,2,6,-1,0,0,-1,2021,17.0,1,1,0,0,7,1,1,,4,785,-1,,2,2,1,1,91,950,1,, -1,1,-1,1,30,27,9,2021,21:30,5,29,29171,2,1,0,7,D785 - Route de Pont lâAbbÃ©,47.843975,-4.278874,21,1,1
202100044182,122Â 698,B01,1,1,1,5,2,6,-1,-1, -1,-1,2021,30.0,2,1,0,2,6,1,1,,4,,0,,-1,1,0,1,0,1,1,, -1,1,5,1,50,13,4,2021,12:14,1,92,92049,2,2,0,3,JAURES PLACE JEAN,48.81614,2.31143,12,2,2
202100014043,176Â 596,A01,1,1,1,5,2,6,-1,0,0,-1,2021,26.0,1,1,0,2,4,17,1,,3,996,0,,2,2,0,1,52,890,3,,4,1,0,1,50,10,10,2021,17:20,1,71,71558,2,1,0,1,Route du Bois Chevret,46.479194,5.244974,17,4,2
202100035151,138Â 879,A01,10,3,1,5,0,-1,-1,6,2,1,2021,66.0,1,2,0,1,8,2,1,,1,320,-1,,3,4,0,1,10,400,1,, -1,1,0,2,110,11,6,2021,22:15,3,57,57227,1,1,0,6,A320,49.196078,6.933897,22,2,1
202100003066,196Â 280,B01,2,2,2,0,1,0,-1,-1, -1,-1,2021,12.0,1,2,0,2,3,1,1,,3,ROUTE DEPARTEMENTALE 15,0,,2,2,0,1,3,500,1,, -1,1,0,1,80,12,12,2021,11:20,1,972,97213,1,1,0,1,ROUTE DEPARTEMENTALE 15,14.6443096774,-61.0101512074,11,5,2
202100029840,148Â 453,A01,1,1,1,5,2,6,-1,-1, -1,-1,2021,31.0,2,1,0,0,7,26,1,,3,GENERAL GALLIENI (AV DU),0,,-1,2,1,1,1,0,1,, -1,1,0,1,50,9,7,2021,00:10,5,94,94042,2,2,0,7,Avenue du GÃ©nÃ©ral GalliÃ©ni,48.82006,2.47936,0,1,1
202100046961,117Â 837,B01,1,1,1,1,1,0,-1,-1, -1,-1,2021,29.0,1,2,1,0,4,23,1,,4,LECLERC.(RUE DU GENERAL),0,,2,2,0,1,1,0,1,, -1,1,0,1,50,22,3,2021,14:20,1,94,94028,2,1,0,2,Rue du GÃ©nÃ©ral Leclerc,48.791062,2.464622,14,2,2
202100023958,158Â 810,A01,1,1,2,5,1,-1,-1,0,0,-1,2021,64.0,2,2,0,2,1,1,1,,3,907,0,D,2,2,0,1,54,80,3,, -1,1,0,1,80,16,8,2021,19:00,1,30,30269,1,3,0,3,Departementale 907,44.11225,3.86299,19,2,2
202100017342,170Â 649,A01,1,1,1,5,1,8,-1,-1, -1,-1,2021,30.0,1,2,4,0,6,1,1,,1,A55 - Sens Marseille vers Martigues,0,,1,2,0,2,15,0,2,, -1,1,0,1,90,23,9,2021,21:30,3,13,13071,1,1,0,3,A55 - Sens Marseille vers Martigues,43.397749,5.287068,21,1,1
202100053224,106Â 599,B01,1,1,1,1,2,6,-1,0,0,-1,2021,55.0,1,1,0,2,1,1,1,,4,,0,,2,2,0,1,1,0,1,, -1,2,0,1,50,29,1,2021,08:30,1,14,14118,2,1,1,3,Rue de Falaise,49.16574,-0.35044,8,2,2
202100042582,125Â 509,B01,1,1,1,5,0,-1,-1,0,0,-1,2021,18.0,2,1,0,2,8,7,5,,4,RENARD. RUE DU,0,,2,2,3,2,(1),(1),1,, -1,1,9,6,30,25,4,2021,15:40,1,76,76540,2,2,0,3,RENARD. RUE DU,49.45195,1.06902,15,2,2
202100032963,142Â 837,A01,1,1,1,9,8,-1,-1,0,0,-1,2021,30.0,1,2,13,0,9,1,1,,3,951,0,,2,2,0,1,9,100,3,, -1,1,0,8,80,10,4,2021,00:00,3,45,45087,1,1,0,6,D951-PR 9 + 100,47.573298,2.766066,0,1,1
202100028958,149Â 964,B01,1,1,2,1,1,0,-1,-1, -1,-1,2021,22.0,2,2,0,2,4,23,1,,1,A4,0,,1,5,0,1,9,100,1,, -1,2,1,1,90,14,7,2021,08:20,1,94,94017,1,1,1,2,A4,48.828166544,2.5039882462,8,2,2
202100012255,179Â 819,A01,10,3,2,1,0,-1,-1,3,3,1,2021,41.0,2,2,0,1,3,26,1,,3,MAURICE THOREZ (AV),0,,1,2,0,1,0,0,1,, -1,1,0,1,30,19,10,2021,12:20,1,94,94041,2,1,0,6,Avenue Maurice Thorez,48.81596,2.37718,12,2,1
202100016428,172Â 271,A01,1,1,1,0,2,0,-1,-1, -1,-1,2021,59.0,2,1,0,2,1,3,1,,1,A12 W,0,,3,3,0,1,0,600,1,, -1,1,0,1,90,28,9,2021,07:30,1,78,78043,1,1,0,3,A12 W,48.84021,2.09562,7,2,2
202100030463,147Â 320,B01,1,1,1,5,2,6,9,0,0,-1,2021,16.0,1,1,0,2,1,1,1,,3,813,0,D,2,2,0,1,62,1,1,, -1,1,5,1,80,6,7,2021,17:45,1,47,47095,1,6,0,3,D813,44.4270060785,0.2827391623,17,2,2
202100017695,169Â 991,A01,10,3,2,0,0,-1,-1,1,3,1,2021,80.0,3,5,0,1,4,26,1,,4,MOULIN HARVY (ALLEE DU),0,,2,2,0,1,0,0,1,, -1,1,0,1,30,21,9,2021,10:40,1,93,93053,2,1,0,6,AllÃ©e du Moulin Harvy,48.8928417551,2.4693408608,10,2,1
202100045132,121Â 060,A01,2,2,2,0,1,0,-1,-1, -1,-1,2021,22.0,1,2,0,2,1,1,1,,7,ESTAQUE PLAGE,0,,2,2,0,2,60,500,2,, -1,1,0,1,50,5,4,2021,01:00,5,13,13216,2,1,0,3,ESTAQUE PLAGE,43.35793,5.28749,1,3,2
202100051438,109Â 753,A01,10,3,2,2,0,-1,-1,3,3,2,2021,19.0,3,2,0,1,1,1,1,,4,UNIVERSITE RUE DE L',0,,2,2,0,2,(1),(1),1,, -1,2,0,1,30,15,2,2021,07:55,5,29,29232,2,1,1,6,Rue de lâUniversite,47.98143,-4.09681,7,3,1
202100006503,190Â 177,A01,1,1,1,1,1,-1,-1,0,0,-1,2021,25.0,2,2,0,2,9,1,1,,3,6,0,D,2,2,0,2,(1),(1),2,, -1,2,0,1,80,25,11,2021,04:15,3,22,22345,1,1,1,1,Saint-Mieux,48.322571,-2.555881,4,4,2
202100046720,118Â 259,A01,10,3,2,1,0,-1,-1,2,3,1,2021,66.0,2,2,0,1,6,4,1,,3,AGENT SARRE (AV DE L'),0,,2,2,0,1,0,0,1,, -1,1,0,1,50,8,1,2021,09:40,1,92,92025,2,2,0,6,MENELOTTE 2A 50 (AV),48.9237840543,2.2595961392,9,4,1
202100049813,112Â 710,A01,7,2,2,9,8,-1,-1,0,0,-1,2021,6.0,3,2,13,0,1,1,1,,3,449,-1,D,2,2,0,2,(1),(1),2,, -1,1,0,3,80,28,2,2021,19:45,3,40,40083,1,4,0,1,22 Route de Courpignon,43.618462,-0.378605,19,2,1
202100024870,157Â 205,A01,1,1,1,0,2,6,-1,-1, -1,-1,2021,64.0,2,1,0,0,3,0,1,,3,BAYONNE (AVENUE DE),0,,2,4,3,1,9,400,1,, -1,1,0,1,50,9,8,2021,14:00,1,64,64024,2,1,0,7,BAYONNE (AVENUE DE),43.48098,-1.51109,14,1,1
202100000230,201Â 316,A01,10,3,1,0,0,-1,-1,2,3,1,2021,62.0,2,2,0,1,1,1,1,,4,,0,,1,2,0,1,(1),(1),1,, -1,1,0,1,50,13,11,2021,11:20,1,6,6088,2,1,0,6,LEPANTE (R. DE),43.706327,7.268612,11,2,1
202100017702,169Â 981,A01,1,1,1,5,2,6,-1,-1, -1,-1,2021,27.0,1,1,0,0,1,1,1,,3,VERSAILLES (RUE DE),0,,2,2,0,1,0,0,1,, -1,2,0,1,50,19,9,2021,22:20,5,92,92077,2,1,1,7,VERSAILLES (RUE DE),48.820568,2.172284,22,1,1
202100018994,167Â 681,A01,10,3,2,1,0,-1,-1,3,3,1,2021,54.0,2,2,0,1,1,1,1,,4,RUE DE LA CONVENTION,0,,2,2,0,1,(1),(1),1,, -1,2,0,1,30,14,9,2021,18:20,1,75,75115,2,3,1,6,RUE DE LA CONVENTION,48.8406723062,2.2888386647,18,3,1
202100013030,178Â 458,B01,1,1,1,9,2,6,-1,-1, -1,-1,2021,18.0,2,1,0,2,1,17,1,,4,COMMANDANT CHARCOT (DU)             (R ),0,,2,2,0,1,(1),(1),1,, -1,1,0,1,50,15,10,2021,16:10,1,69,69202,2,1,0,3,COMMANDANT CHARCOT (DU) (R),45.7483103518,4.7926434875,16,2,2
202100046992,117Â 786,A01,10,3,2,1,0,-1,-1,1,9,1,2021,18.0,3,2,0,1,1,20,1,,6,,0,,2,1,0,2,(1),(1),1,, -1,1,0,1,50,24,3,2021,08:55,1,38,38553,2,1,0,6,rue louis ganel,45.619193,5.152349,8,2,1
202100031495,145Â 460,A01,1,1,1,0,1,-1,-1,0,0,-1,2021,23.0,1,2,0,2,3,13,1,,3,28,-1,E,2,2,0,2,0,545,3,, -1,1,0,1,-1,11,6,2021,19:30,1,69,69097,1,1,0,1,D28E2,45.5108628751,4.722340107,19,2,2
202100029638,148Â 810,A01,2,2,2,0,1,0,-1,-1, -1,-1,2021,26.0,2,2,1,0,1,1,1,,4,PASCAL RUE,0,,2,2,1,1,0,0,1,, -1,1,0,1,50,10,7,2021,11:00,1,92,92050,2,1,0,6,PASCAL RUE,48.8974500417,2.2031182051,11,2,1
202100035012,139Â 116,A01,1,1,1,9,2,6,-1,-1, -1,-1,2021,26.0,2,1,0,2,1,2,1,,7,RD 177,0,,3,5,0,1,26,301,1,, -1,1,5,1,70,11,6,2021,18:00,1,35,35281,1,3,0,2,RD 177,48.06729,-1.7143,18,2,2
202100052084,108Â 620,A01,1,1,1,0,0,-1,-1,0,0,-1,2021,18.0,3,1,6,0,1,1,1,,4,,-1,,2,2,0,1,(1),(1),3,, -1,1,0,1,50,5,2,2021,22:30,5,30,30010,2,1,0,6,52 Chemin de la Pousarenco,44.048856,3.974775,22,1,1
202100042020,126Â 512,A01,10,3,1,5,0,-1,-1,3,3,1,2021,82.0,1,2,0,1,1,15,1,,4,NAPOLEON  I,0,,1,1,0,1,0,0,2,, -1,1,5,1,50,28,4,2021,14:21,1,57,57630,2,4,0,6,NAPOLEON  I,48.73539,7.0527,14,6,1
202100053641,105Â 847,A01,10,3,1,0,0,-1,-1,4,3,1,2021,26.0,1,2,0,1,3,26,0,,3,VARAGNAT (AVENUE HENRI),0,,1,1,0,1,0,1,1,, -1,2,0,4,50,24,1,2021,21:02,5,93,93010,2,1,1,6,VARAGNAT (AVENUE HENRI),48.9151726578,2.4840949189,21,2,1
202100013343,177Â 899,A01,1,1,1,5,1,-1,-1,0,0,-1,2021,71.0,1,2,0,2,8,15,1,,3,922,-1,,2,2,0,3,19,700,1,, -1,1,5,1,80,14,10,2021,17:05,1,63,63426,1,2,1,3,D922,45.585783,2.646847,17,2,2
202100011948,180Â 365,A01,1,1,1,0,2,8,-1,-1, -1,-1,2021,23.0,2,1,0,2,8,3,1,,1,AUTOROUTE A86,0,,3,6,0,1,28,500,3,, -1,1,0,1,90,21,10,2021,19:00,2,93,93048,1,1,0,3,AUTOROUTE A86,48.86544,2.48193,19,2,2
202100015923,173Â 203,A01,1,1,2,1,1,0,-1,0,0,-1,2021,42.0,1,2,0,2,1,1,1,,3,JUIN (BOULEVARD MARECHAL),0,,-1,2,0,1,1,0,1,, -1,1,5,1,50,29,9,2021,13:30,1,14,14118,2,6,0,3,JUIN (BOULEVARD MARECHAL),49.21104,-0.36362,13,2,2
202100012102,180Â 082,B01,1,1,1,1,2,-1,-1,0,0,-1,2021,35.0,1,1,0,2,1,1,1,,3,88,-1,,2,2,0,3,4,800,1,, -1,1,5,1,80,26,8,2021,16:30,1,85,85213,1,3,0,3,D88/ Rte de l'imbretiÃ¨re,46.628575,-1.32411,16,2,2
202100000618,200Â 599,A01,1,1,1,5,8,0,-1,-1, -1,-1,2021,56.0,2,1,14,0,1,1,3,,4,ELYSEE RECLUS (RUE),0,,2,2,0,1,0,0,1,, -1,9,0,1,50,31,12,2021,16:20,2,77,77294,2,3,0,7,ELYSEE RECLUS (RUE),48.9582,2.5957,16,1,1
202100045070,121Â 169,A01,1,1,1,4,8,-1,-1,0,0,-1,2021,66.0,2,5,15,0,9,2,1,,3,2152,0,,2,2,0,1,36,500,1,, -1,1,0,3,90,6,4,2021,06:30,2,45,45095,1,1,0,6,D2152,48.046917,2.125661,6,1,1
202100002205,197Â 851,B01,1,1,1,1,1,-1,-1,0,0,-1,2021,22.0,0,2,0,2,5,9,1,,3,302,0,D,3,4,0,1,(1),(1),1,, -1,1,0,1,90,21,12,2021,06:45,3,38,38557,2,6,0,3,D302,45.76664,5.075319,6,2,2
202100004578,193Â 590,B01,1,1,2,5,8,-1,-1,0,0,-1,2021,51.0,2,2,0,2,3,14,1,,3,474,-1,,2,2,0,1,41,690,1,, -1,2,0,3,80,6,12,2021,18:40,3,70,70324,1,1,1,1,18 Avenue de la MaladiÃ¨re,47.535693,6.040823,18,2,2
202100013884,176Â 879,B01,2,2,2,5,1,0,-1,0,0,-1,2021,78.0,1,2,0,2,3,1,1,,2,RN85,0,,2,2,0,2,34,73,3,, -1,1,0,1,80,10,10,2021,00:40,3,5,5061,1,1,0,1,route NapolÃ©on,44.57979,6.08204,0,3,2
202100034277,140Â 470,A01,1,1,1,5,8,0,-1,-1, -1,-1,2021,12.0,3,1,0,2,8,9,2,,2,ONZE NOVEMBRE 1918 (QUAI DU),0,,2,2,0,1,0,0,1,, -1,1,0,1,50,15,6,2021,20:20,1,30,30007,2,3,0,3,ONZE NOVEMBRE 1918 (QUAI DU),44.12765,4.07323,20,3,2
202100020907,164Â 279,A01,7,2,2,3,0,-1,-1,0,0,-1,2021,77.0,3,3,0,2,1,2,1,2.0,9,,0,,2,2,0,1,(1),(1),1,,5,1,0,1,50,5,9,2021,11:45,1,44,44154,2,1,0,2,Avenue du MarÃ©chal Foch,47.239669,-2.169057,11,3,2
202100009691,184Â 381,A01,1,1,2,5,8,-1,-1,0,0,-1,2021,24.0,3,2,8,0,1,0,1,,4,,-1,,2,1,0,1,(1),(1),3,,7,2,0,4,50,3,11,2021,23:49,5,38,38449,1,1,1,6,Rue du Santoyon,45.660455,5.107617,23,1,1