Num_Acc,id_vehicule,num_veh,place,catu,sexe,trajet,secu1,secu2,secu3,locp,actp,etatp,year_acc,victim_age,senc,catv,obs,obsm,choc,manv,motor,occutc,catr,voie,v1,v2,circ,nbv,vosp,prof,pr,pr1,plan,lartpc,larrout,surf,infra,situ,vma,jour,mois,an,hrmn,lum,dep,com,agg_,int,atm,col,adr,lat,long,hour,nb_victim,nb_vehicules
202100041721,127Â 033,A01,3,2,2,5,1,-1,-1,0,0,-1,2021,20.0,2,2,4,0,1,11,1,,2,106,0,N,3,4,0,1,24,900,1,, -1,1,0,1,110,2,5,2021,18:00,1,30,30046,1,1,0,6,N106,43.99424,4.190258,18,5,1
202100042025,126Â 505,A01,10,3,2,5,0,-1,-1,4,3,2,2021,27.0,0,2,0,1,2,1,1,,3,MENDES FRANCE (BOULEVARD),0,,3,4,0,1,26,269,1,, -1,1,0,1,50,27,4,2021,10:15,1,50,50129,2,2,0,6,MENDES FRANCE (BOULEVARD),49.634524,-1.626085,10,3,1
202100047914,116Â 090,D01,4,2,1,5,1,0,-1,-1, -1,-1,2021,49.0,2,2,0,2,4,2,1,,4,PONT NEUF,0,,2,2,2,1,(1),(1),1,, -1,1,2,1,50,14,3,2021,17:50,1,81,81004,2,1,0,4,PONT NEUF,43.93294,2.14671,17,8,5
202100012749,178Â 929,A01,1,1,1,5,2,-1,-1,0,0,-1,2021,61.0,0,1,13,0,2,0,1,,2,101,-1,,2,2,0,1,(1),(1),1,, -1,2,0,3,60,9,10,2021,11:35,1,987,98714,1,1,1,3,quartier Amanahune - rte 101,-16.495417,-151.738889,11,2,1
202100025249,156Â 523,A01,10,3,2,5,0,-1,-1,8,3,2,2021,65.0,3,2,0,1,3,26,1,,6,MENIVAL (DE)                        (AV),0,,-1,0,0,1,(1),(1),1,, -1,1,0,8,30,6,8,2021,14:55,1,69,69385,2,1,0,6,MENIVAL (DE) (AV),45.7565,4.784,14,2,1
202100001366,199Â 323,Y01,1,1,1,0,8,0,-1,0,0,-1,2021,58.0,1,1,0,2,3,1,5,,4,IMP EDOUARD BRANLY,0,,2,2,1,1,0,0,1,, -1,1,0,5,50,23,12,2021,19:40,5,91,91103,2,9,0,3,IMP EDOUARD BRANLY,48.60332,2.30648,19,2,2
202100009027,185Â 575,B01,2,2,2,0,1,-1,-1,0,0,-1,2021,59.0,2,2,0,2,1,1,1,,3,127,0,D,2,2,0,2,6,160,3,, -1,1,0,1,50,31,10,2021,18:00,3,30,30206,2,1,0,5,D127,43.898944,4.422641,18,4,3
202100043831,123Â 337,A01,1,1,1,5,2,6,-1,0,0,-1,2021,57.0,3,1,13,0,8,1,1,,3,250,0,D,2,2,0,2,2,200,1,, -1,1,0,3,80,16,4,2021,17:50,1,7,7050,1,1,0,7,D250 ,44.431401,4.136669,17,1,1
202100055092,103Â 339,A01,1,1,2,1,8,0,-1,-1, -1,-1,2021,28.0,1,5,0,2,1,9,1,,4,PRINCIPALE DU PORT (ROUTE) (S/SA15/+),0,,1,2,1,1,0,0,3,, -1,2,5,1,50,14,1,2021,07:25,5,92,92036,2,6,1,3,PRINCIPALE DU PORT (ROUTE) (S/SA15/+),48.9379605635,2.2777695679,7,2,2
202100010476,182Â 999,B01,1,1,1,0,8,0,-1,-1, -1,-1,2021,53.0,0,1,0,2,7,13,5,,4,BAZIN,0,,2,1,0,2,0,0,3,, -1,1,0,1,30,28,10,2021,14:40,1,971,97101,1,1,0,1,BAZIN,16.26877,-61.49007,14,2,2
202100039153,131Â 639,B01,1,1,1,0,1,0,-1,-1, -1,-1,2021,25.0,2,2,0,2,4,1,1,,2,PARIS (RTE DE),0,,2,2,0,2,0,0,1,, -1,1,0,1,70,20,5,2021,09:00,1,94,94070,1,1,0,4,Route de Paris,48.72426,2.55907,9,3,3
202100050483,111Â 458,A01,1,1,1,5,2,0,-1,0,0,-1,2021,40.0,1,1,0,1,3,1,5,,4,QUAI DE LA RAPEE,0,,-1,2,1,1,(1),(1),1,, -1,1,-1,5,50,23,2,2021,17:35,2,75,75112,2,2,0,6,QUAI DE LA RAPEE,48.845851,2.367637,17,2,1
202100049916,112Â 514,A01,1,1,1,5,2,-1,-1,0,0,-1,2021,72.0,1,1,0,2,2,9,1,,3,122,0,,2,2,0,1,2,74,1,, -1,1,0,1,50,27,2,2021,18:05,2,26,26041,2,3,0,3,Route Barthelemy de Laffemas,45.216257,4.829049,18,2,2
202100036140,137Â 085,B01,1,1,1,0,2,-1,-1,0,0,-1,2021,15.0,1,1,0,2,1,1,1,,3,15,0,D,2,2,0,1,1,258,2,, -1,1,0,1,80,6,6,2021,11:40,1,44,44067,1,3,0,3,Rue du Gue,47.691205,-1.869891,11,2,2
202100053323,106Â 410,B01,1,1,1,5,8,0,-1,-1, -1,-1,2021,23.0,3,1,0,2,8,15,6,,4,BOISRIPEAUX,0,,2,1,0,1,(1),(1),3,, -1,1,9,1,50,27,1,2021,22:25,5,971,97101,2,9,0,2,BOISRIPEAUX,16.27763,-61.50435,22,2,2
202100025601,155Â 922,A01,1,1,1,1,2,8,-1,-1, -1,-1,2021,53.0,1,1,16,0,0,15,1,,4,CHEMIN DE LA MAROUETTE,0,,2,2,0,1,0,0,1,, -1,8,0,1,50,4,8,2021,06:30,2,64,64024,2,1,1,7,route de Pitoys,43.46324,-1.50884,6,1,1
202100010772,182Â 480,A01,1,1,2,5,1,-1,-1,0,0,-1,2021,89.0,3,2,13,0,3,1,1,,4,2,0,C,2,1,0,1,2,8,3,, -1,1,0,3,80,27,10,2021,16:38,1,56,56006,1,1,0,6,Les Placieux,47.901461,-2.295235,16,1,1
202100034825,139Â 464,B01,1,1,1,5,2,9,-1,0,0,-1,2021,30.0,2,1,0,2,1,1,1,,3,558,0,D,2,2,0,1,1,500,3,, -1,1,0,1,80,13,6,2021,11:40,1,83,83031,1,1,0,5,D558,43.384217,6.359711,11,4,3
202100032335,143Â 960,B01,1,1,2,1,1,0,-1,-1, -1,-1,2021,19.0,2,2,0,2,2,1,1,,3,BOISSY (AVENUE DE),0,,2,2,0,1,1,0,1,, -1,1,0,1,50,24,6,2021,20:50,1,94,94011,2,2,0,3,Avenue de Boissy,48.77417,2.48189,20,2,2
202100012318,179Â 716,A01,1,1,1,1,2,4,6,0,0,-1,2021,56.0,1,1,0,2,2,1,5,,7,77,-1,,2,2,0,1,3,680,2,, -1,1,5,1,50,19,10,2021,07:50,2,37,37179,1,6,0,3,La CoudriÃ¨re,47.4486482994,0.7275679921,7,2,2
202100000833,200Â 240,A01,1,1,1,0,8,0,-1,-1, -1,-1,2021,47.0,3,1,0,2,8,18,3,,4,ROBERT SCHUMANN,0,,1,1,2,1,0,0,1,, -1,1,0,1,50,14,12,2021,17:10,1,64,64445,2,1,0,3,Avenue Robert Schuman,43.30969,-0.36605,17,2,2
202100003482,195Â 531,A01,1,1,1,5,8,-1,-1,0,0,-1,2021,52.0,2,2,13,0,2,0,1,,3,7,0,D,2,2,0,1,14,300,1,, -1,1,0,3,80,11,12,2021,20:18,3,30,30275,1,1,0,6,D7,44.097592,4.22243,20,1,1
202100008267,186Â 935,A01,1,1,2,2,1,0,-1,-1, -1,-1,2021,19.0,1,2,0,2,6,1,1,,3,,-1,,2,2,-1,1,1,0,1,, -1,2,0,1,50,13,11,2021,09:08,1,94,94074,2,2,1,3,Rue Sacco et Vanzetti,48.74204,2.46635,9,2,2
202100054113,105Â 022,B01,1,1,2,0,2,0,-1,-1, -1,-1,2021,43.0,3,1,0,2,4,1,1,,4,CHE DES ROMPUS,0,,1,0,0,1,1,0,2,, -1,1,0,1,30,22,1,2021,13:20,1,94,94079,2,1,0,3,Chemin des Rompus,48.83109,2.5521,13,2,2
202100010508,182Â 940,A01,1,1,1,9,2,6,-1,-1, -1,-1,2021,16.0,2,1,0,2,0,15,1,,4,BIARRITZ (AVENUE DE),0,,2,2,1,1,0,0,1,, -1,1,0,1,30,27,10,2021,18:10,1,64,64024,2,1,0,3,BIARRITZ (AVENUE DE),43.4803878444,-1.5163975954,18,2,2
202100030898,146Â 531,A01,1,1,1,5,2,-1,-1,0,0,-1,2021,65.0,1,1,0,1,3,1,5,,3,192,0,,2,2,1,1,1,347,2,, -1,1,0,5,80,5,7,2021,12:00,1,44,44069,1,1,0,6,D192,47.290139,-2.405094,12,2,1
202100001685,198Â 782,A01,1,1,1,9,1,0,-1,0,0,-1,2021,26.0,1,2,8,2,1,1,1,,4,BOULEVARD DE ROCHECHOUART,0,,3,3,0,1,(1),(1),1,, -1,1,0,4,30,4,10,2021,14:23,1,75,75118,2,3,0,6,BOULEVARD DE ROCHECHOUART,48.883706,2.348303,14,6,2
202100039024,131Â 890,A01,1,1,1,5,1,-1,-1,0,0,-1,2021,20.0,2,2,6,0,1,1,1,,3,,0,,2,2,0,1,7,300,3,, -1,2,0,4,50,22,5,2021,03:30,4,60,60435,2,4,0,6,D150,49.5767355128,1.8769090175,3,1,1
202100009205,185Â 255,A01,1,1,1,3,2,0,-1,-1, -1,-1,2021,38.0,3,1,0,0,8,1,1,,5,Z I LA LEZARDE,0,,2,2,0,1,2,0,1,, -1,9,9,1,30,5,11,2021,15:00,1,972,97213,1,1,0,7,Z I LA LEZARDE,14.60915,-61.00747,15,1,1
202100032653,143Â 400,B01,1,1,1,5,2,6,-1,-1, -1,-1,2021,34.0,2,1,0,2,4,2,1,,7,BOISGUILBERT. QUAI DE,0,,1,5,0,1,14,900,1,, -1,1,0,1,50,23,6,2021,21:38,2,76,76540,2,1,0,2,BOISGUILBERT. QUAI DE,49.44083,1.08166,21,3,2
202100020453,165Â 074,A01,10,3,1,9,0,-1,-1,5,A,1,2021,89.0,3,2,1,0,0,20,1,,4,DERYCKE MARCEL RUE,0,,1,2,1,1,(1),(1),2,, -1,2,0,1,50,26,5,2021,11:45,1,59,59328,2,1,1,2,DERYCKE MARCEL RUE,50.643727,3.03458,11,3,2
202100007746,187Â 908,A01,10,3,2,0,0,-1,-1,2,3,2,2021,5.0,3,1,0,1,1,15,1,,4,Cavani Massimoni rue de,0,,2,2,0,2,0,0,2,, -1,1,9,1,30,16,11,2021,10:46,1,976,97611,2,1,0,6,cavani-Cavani Massimoni rue de,-12.78219,45.22054,10,2,1
202100014720,175Â 403,A01,1,1,1,5,1,-1,-1,0,0,-1,2021,66.0,2,2,0,0,0,24,1,,3,643,0,,2,2,0,1,(1),(1),1,, -1,1,0,3,70,27,9,2021,16:40,1,59,59228,2,1,0,7,Route Nationale 43,50.3409455977,3.0959012598,16,1,1
202100022989,160Â 535,A01,1,1,1,5,2,-1,-1,0,0,-1,2021,49.0,1,1,12,2,7,1,1,,3,D178,0,A,3,2,0,2,23,248,1,, -1,1,5,1,50,7,5,2021,15:55,1,35,35360,2,6,0,3,Boulevard Denis Papin,48.106955,-1.207804,15,2,2
202100044490,122Â 171,A01,1,1,1,0,2,6,-1,-1, -1,-1,2021,47.0,3,1,4,0,3,17,1,,4,R HENRI BARBUSSE,0,,-1,2,0,1,1,0,1,, -1,1,9,1,50,7,4,2021,10:15,1,94,94034,2,1,0,6,Rue Henri Barbusse,48.756,2.322,10,1,1
202100010999,182Â 065,A01,1,1,1,5,2,6,-1,0,0,-1,2021,19.0,3,1,0,2,2,1,1,,3,570,-1,N,1,2,0,1,(1),(1),2,, -1,1,5,1,-1,26,10,2021,15:30,1,13,13094,1,6,0,3,Laurade,43.792047,4.711901,15,2,2
202100016509,172Â 117,B01,1,1,1,5,1,0,-1,-1, -1,-1,2021,74.0,3,2,0,2,1,1,1,,3,D709 (Rte de Mussidan),0,,2,2,0,1,0,100,1,, -1,1,0,1,80,26,9,2021,17:45,1,24,24037,1,1,0,5,D709 (Rte de Mussidan),44.86935,0.45662,17,6,3
202100017001,171Â 232,A01,1,1,1,5,2,6,-1,0,0,-1,2021,41.0,1,1,0,2,3,13,1,,4,PORTE DE LA VILLETTE,0,,1,4,0,1,24,500,1,, -1,1,0,1,70,25,9,2021,18:40,1,75,75119,2,1,0,2,BD PERIPHERIQUE INTERIEUR,48.900188,2.379269,18,2,2
202100031739,145Â 024,A01,1,1,1,9,2,6,-1,0,0,-1,2021,40.0,0,1,1,0,4,16,1,,4,BOULEVARD DE LA TOUR MAUBOURG,0,,2,2,0,1,(1),(1),1,, -1,1,0,1,50,29,6,2021,00:35,5,75,75107,2,2,0,6,BOULEVARD DE LA TOUR MAUBOURG,48.85727,2.309944,0,1,1
202100054511,104Â 337,A01,10,3,2,0,0,-1,-1,1,1,1,2021,47.0,2,2,0,1,5,1,1,,3,906,-1,,2,2,0,1,66,0,3,, -1,1,0,1,50,18,1,2021,12:20,1,28,28140,2,1,0,6,Avenue de la Prairie,48.603006,1.666435,12,2,1
202100025761,155Â 637,A01,1,1,1,1,2,6,-1,0,0,-1,2021,24.0,1,1,0,2,1,2,1,,4,PORTE DE VERSAILLES,0,,1,3,0,1,8,0,1,, -1,1,0,1,70,3,8,2021,09:40,1,75,75115,2,1,0,2,PORTE DE VERSAILLES,48.828061,2.290946,9,2,2
202100004952,192Â 938,A01,1,1,1,5,0,-1,-1,0,0,-1,2021,33.0,3,1,13,0,1,0,1,,4,,-1,,2,2,0,1,(1),(1),1,,4,1,0,3,50,4,12,2021,02:38,5,974,97422,2,1,0,1,Chemin Philidor TÃ©cher,-21.243115,55.548828,2,1,1
202100027236,153Â 034,B01,1,1,2,0,1,8,-1,-1, -1,-1,2021,26.0,1,2,0,2,2,1,1,,3,WINSTON CHURCHILL (AV),0,,3,4,0,1,0,1,1,, -1,1,0,1,50,24,7,2021,17:20,1,94,94078,2,3,0,3,Avenue Winston Churchill,48.753663,2.450699,17,2,2
202100000598,200Â 633,B01,1,1,1,2,2,8,-1,-1, -1,-1,2021,15.0,1,1,0,2,1,1,1,,4,FAIDHERBE (BOULEVARD DU GENERAL),0,,2,2,0,1,0,0,1,, -1,2,0,1,50,3,12,2021,06:47,5,49,49099,2,6,1,3,FAIDHERBE (BOULEVARD DU GENERAL),47.06536,-0.87052,6,2,2
202100003654,195Â 223,A01,10,3,2,0,0,-1,-1,3,3,1,2021,55.0,1,2,0,1,7,1,1,,4,BOULEVARD VICTOR HUGO,0,,2,2,2,1,0,0,1,, -1,2,0,1,50,9,12,2021,17:55,5,44,44109,2,1,1,6,BOULEVARD VICTOR HUGO,47.203507,-1.55097,17,2,1
202100025574,155Â 960,B01,1,1,2,0,2,8,-1,-1, -1,-1,2021,22.0,3,1,0,2,8,3,1,,4,MISTRAL (BOULEVARD FREDERIC),0,,2,2,0,1,(1),(1),1,, -1,1,9,1,50,1,6,2021,17:35,1,11,11262,2,1,0,6,MISTRAL (BOULEVARD FREDERIC),43.19003,3.00593,17,2,2
202100001238,199Â 559,A01,1,1,1,4,1,-1,-1,0,0,-1,2021,39.0,1,4,0,0,6,2,1,,1,A62,0,,1,3,0,1,217,713,1,, -1,1,0,1,130,4,11,2021,01:40,3,31,31091,1,9,0,2,A62 pk 217.800,43.716302,1.401975,1,2,2
202100043388,124Â 108,B01,1,1,2,5,1,-1,-1,0,0,-1,2021,72.0,2,2,0,2,3,1,1,,4,,0,,2,2,0,1,(1),(1),3,, -1,2,0,1,70,20,4,2021,18:45,2,23,23024,1,1,1,1,Rue de la Chapuzerie,45.950434,2.116477,18,2,2
202100006405,190Â 350,A01,10,3,1,2,0,-1,-1,3,3,1,2021,21.0,2,1,0,1,1,1,1,,7,JOUHAUX (BD LEON),0,,3,4,0,1,(1),(1),1,, -1,1,0,1,50,23,11,2021,15:55,1,63,63113,2,1,0,6,JOUHAUX (BD LEON),45.7945481124,3.1173545122,15,2,1
202100045432,120Â 524,Z01,10,3,2,1,8,8,-1,2,5,1,2021,20.0,1,1,0,1,0,1,0,,4,PLACE DE CLICHY,0,,1,3,3,1,(1),(1),1,, -1,1,0,1,50,2,4,2021,18:30,1,75,75109,2,7,0,6,PLACE DE CLICHY,48.883447,2.327683,18,2,1
202100046627,118Â 422,A01,10,3,1,0,0,-1,-1,4,3,1,2021,11.0,1,2,0,1,2,1,1,,4,CARLONE (BD),0,,2,1,0,2,(1),(1),1,, -1,1,0,1,50,25,3,2021,17:40,1,6,6088,2,1,0,7,CARLONE (BD),43.693826,7.238989,17,2,1
202100045456,120Â 483,A01,1,1,2,1,8,0,-1,-1, -1,-1,2021,36.0,1,1,0,2,1,25,5,,4,,0,,1,1,0,1,0,0,1,, -1,1,0,1,50,2,4,2021,09:40,1,92,92051,2,1,0,3,JACQUES DULUD (RUE),48.88081,2.26683,9,2,2
202100033906,141Â 155,A01,2,2,1,0,8,8,-1,-1, -1,-1,2021,17.0,2,2,0,2,2,1,1,,3,913,0,,2,3,0,1,0,0,2,, -1,1,0,1,50,15,6,2021,20:31,1,92,92050,2,6,0,3,BOULE PLACE DE LA,48.8868373063,2.2004412797,20,3,2
202100036990,135Â 577,A01,1,1,1,5,2,8,-1,-1, -1,-1,2021,16.0,2,1,0,2,1,26,1,,4,CIVRAY (RUE DE),0,,2,2,0,2,0,0,1,, -1,1,0,1,30,1,6,2021,15:40,1,57,57240,2,2,0,3,CIVRAY (RUE DE),49.1510354,6.8127871,15,3,2
202100054789,103Â 862,B01,1,1,1,5,2,6,-1,0,0,-1,2021,67.0,1,1,0,2,8,1,1,,4,BOULEVARD DES BATIGNOLLES,0,,3,2,0,1,(1),(1),1,, -1,2,0,1,50,16,1,2021,18:30,5,75,75108,2,1,1,3,BOULEVARD DES BATIGNOLLES,48.88183,2.31979,18,2,2
202100037278,135Â 040,B01,1,1,1,9,2,8,-1,-1, -1,-1,2021,35.0,1,1,0,2,2,1,1,,3,PARIS (ROUTE DE),0,,1,2,0,1,29,400,2,, -1,1,0,1,80,4,5,2021,12:45,1,1,1451,1,6,0,3,PARIS (ROUTE DE),46.23281,5.20027,12,2,2
202100013821,176Â 989,B01,2,2,1,0,1,0,-1,-1, -1,-1,2021,15.0,1,2,0,2,3,1,1,,4,BLUM (AV. LEON),0,,2,2,0,3,(1),(1),1,, -1,1,0,1,50,11,10,2021,15:12,1,88,88160,2,2,0,3,BLUM (AV. LEON),48.19053,6.45987,15,3,2
202100046836,118Â 062,A01,1,1,2,5,1,-1,-1,0,0,-1,2021,60.0,1,2,0,2,8,9,1,,3,100,0,,2,2,0,2,12,0,1,, -1,1,5,1,80,24,3,2021,09:40,1,10,10019,1,2,0,3,pk 12 D100,48.394718,4.366379,9,4,2
202100040140,129Â 848,B01,1,1,1,0,8,0,-1,-1, -1,-1,2021,19.0,1,1,0,2,0,0,3,,4,UNIVERSITE (DE L')                  (R ),0,,1,3,3,1,(1),(1),1,, -1,1,0,1,50,12,5,2021,22:50,5,69,69387,2,3,0,3,UNIVERSITE (DE L') (R),45.74923,4.84194,22,2,2
202100009411,184Â 880,B01,1,1,1,5,2,0,-1,-1, -1,-1,2021,19.0,1,1,0,2,1,1,1,,3,LIMOGES (AVENUE DE),0,,2,2,0,1,0,0,1,, -1,2,0,1,50,2,11,2021,18:00,1,87,87050,2,1,1,3,LIMOGES (AVENUE DE),45.87616,1.23779,18,2,2
202100030344,147Â 522,A01,1,1,2,0,1,-1,-1,-1, -1,-1,2021,22.0,3,2,0,2,1,1,1,,4,RUE DES 3 PINS,0,,2,2,0,1,0,0,1,, -1,1,0,1,70,5,7,2021,17:35,1,83,83034,1,1,0,2,RUE DES 3 PINS,43.106864371,6.0511788726,17,2,2
202100000543,200Â 735,A01,1,1,1,5,2,0,-1,-1, -1,-1,2021,19.0,2,1,0,2,1,1,1,,4,JEAN MOULIN (BOULEVARD),0,,2,6,3,1,0,0,1,, -1,1,0,1,50,9,11,2021,23:55,5,13,13205,2,1,0,3,JEAN MOULIN (BOULEVARD),43.2903,5.39983,23,2,2
202100038197,133Â 367,B01,1,1,2,9,1,0,-1,-1, -1,-1,2021,32.0,2,2,0,2,8,15,1,,3,,0,,1,2,0,2,(1),(1),1,, -1,1,0,1,50,26,5,2021,20:15,1,11,11069,2,9,0,3,BARBES BD PAIRS,43.2103370949,2.3485510443,20,2,2
202100036765,135Â 988,A01,10,3,2,3,0,-1,-1,2,1,1,2021,90.0,1,5,0,1,6,20,1,,9,GENERAL LECLERC (RUE DU),0,,2,2,0,1,0,0,1,, -1,1,1,1,50,2,6,2021,10:40,1,91,91122,2,9,0,6,GENERAL LECLERC (RUE DU),48.69644,2.1624,10,2,1
202100019101,167Â 492,A01,2,2,2,0,1,0,-1,-1, -1,-1,2021,29.0,2,2,0,2,4,1,1,,1,A7-Sens Marseille vers Lyon,0,,-1,3,0,1,265,0,1,, -1,1,0,1,110,13,9,2021,16:30,1,13,13071,1,1,0,2,A7-Sens Marseille vers Lyon,43.4137770542,5.2802740607,16,3,2
202100026612,154Â 138,B01,1,1,1,1,1,0,-1,-1, -1,-1,2021,60.0,1,2,0,2,6,1,1,,2,JAURES (BOULEVARD JEAN),0,,2,2,0,1,(1),(1),1,, -1,2,0,1,50,28,7,2021,06:45,2,974,97411,2,1,1,2,JAURES (BOULEVARD JEAN),-20.88865,55.44923,6,2,2
202100039544,130Â 907,A01,1,1,1,4,8,0,-1,-1, -1,-1,2021,44.0,1,5,3,0,1,12,1,,1,AUTOROUTE A86,0,,3,6,0,3,28,860,2,, -1,2,0,1,70,17,5,2021,13:50,1,93,93064,1,1,0,6,AUTOROUTE A86,48.86272,2.48272,13,1,1
202100046484,118Â 695,A01,1,1,1,1,1,0,-1,-1, -1,-1,2021,42.0,1,2,4,0,1,21,1,,2,RN104,0,,3,4,0,1,6,99,1,, -1,1,0,1,110,27,3,2021,10:00,1,77,77373,1,1,0,7,RN104,48.7816,2.61594,10,1,1
202100022493,161Â 425,A01,1,1,2,5,0,-1,-1,0,0,-1,2021,25.0,1,2,5,0,1,14,1,,1,65,0,A,3,4,0,1,72,600,1,, -1,1,0,3,130,26,8,2021,13:00,1,40,40103,1,1,0,7,a 65 pk 72+600,43.937184,-0.391903,13,1,1
202100054682,104Â 041,A01,10,3,2,5,0,-1,-1,2,2,1,2021,70.0,3,2,0,1,1,1,1,,4,QUATREFAGES   RUE DES,0,,2,2,0,1,(1),(1),2,, -1,1,1,1,30,17,1,2021,17:50,1,17,17300,2,1,0,6,QUATREFAGES   RUE DES,46.16191,-1.18243,17,2,1
202100022332,161Â 718,A01,10,3,1,9,0,-1,-1,1,9,1,2021,52.0,1,5,0,1,2,1,1,,3,106,0,D,2,2,0,1,52,135,1,, -1,1,0,1,50,16,8,2021,13:40,1,33,33236,2,1,0,6,,44.750608,-1.180834,13,2,1
202100030271,147Â 655,B01,1,1,1,1,2,6,-1,0,0,-1,2021,29.0,1,1,13,2,7,17,1,,3,151,-1,,2,2,0,1,(1),(1),1,, -1,1,0,1,70,7,7,2021,16:55,1,202,202049,1,1,0,3,cd 151,42.527199,8.840142,16,4,2
202100025378,156Â 294,A01,1,1,1,5,1,-1,-1,0,0,-1,2021,43.0,2,2,13,0,1,1,1,,3,1205,0,D,2,2,0,1,(1),(1),1,, -1,1,0,3,80,5,8,2021,11:55,1,74,74264,1,1,0,7,Cluses,46.058953,6.565919,11,1,1
202100034162,140Â 696,B01,1,1,1,1,2,6,-1,0,0,-1,2021,62.0,2,1,0,2,1,1,0,,3,115,0,,2,2,0,1,15,381,1,, -1,1,0,1,80,15,6,2021,13:08,1,17,17482,1,2,0,3,D115,46.150033,-0.809587,13,2,2
202100042171,126Â 242,B01,1,1,2,0,1,0,-1,0,0,-1,2021,44.0,1,2,0,2,5,1,1,,4,BONNEFONS (RUE JEAN),0,,1,2,0,1,(1),(1),1,, -1,2,0,1,50,28,4,2021,10:24,1,63,63113,2,2,1,3,BESSET/BONNEFONS,45.7829,3.07814,10,2,2
202100016718,171Â 740,A01,2,2,2,5,1,-1,-1,0,0,-1,2021,81.0,1,2,2,0,1,14,1,,2,122,-1,N,2,2,0,1,123,500,3,, -1,1,0,3,80,25,9,2021,14:35,1,15,15151,1,1,0,6,N122,45.192589,3.082768,14,2,1
202100037206,135Â 176,B01,1,1,1,5,2,-1,-1,-1, -1,-1,2021,25.0,1,1,0,2,2,2,1,,4,,0,,1,2,0,2,(1),(1),3,, -1,1,3,3,50,31,5,2021,19:25,1,69,69266,2,1,0,7,EMILE ZOLA (CR),45.7640224808,4.9098988061,19,2,2
202100031770,144Â 974,B01,1,1,1,1,2,6,-1,0,0,-1,2021,34.0,0,1,0,2,8,1,1,,7,35,0,D,2,2,0,1,(1),(1),1,, -1,1,0,1,50,29,6,2021,19:10,1,13,13078,2,2,0,3,avenue du port,43.393904,4.797893,19,2,2
202100019484,166Â 810,B01,1,1,1,4,2,-1,-1,-1, -1,-1,2021,39.0,1,1,0,2,1,1,1,,4,WILSON (BOULEVARD DU PRESIDENT) COTE PAI,0,,2,2,0,1,(1),(1),1,, -1,1,0,1,50,11,9,2021,22:24,3,51,51454,2,1,0,1,Boulevard du PrÃ©sident Wilson,49.2359226163,4.0268039739,22,2,2
202100025150,156Â 700,A01,1,1,2,5,2,6,-1,0,0,-1,2021,34.0,2,1,12,2,3,21,3,,4,RUE DU FAUBOURG SAINT MARTIN,0,,2,3,3,1,(1),(1),1,, -1,1,0,1,50,7,8,2021,00:30,5,75,75110,2,3,0,3,RUE DU FAUBOURG SAINT MARTIN,48.875612,2.359322,0,2,2
202100020844,164Â 386,A01,10,3,2,0,0,-1,-1,2,3,1,2021,35.0,1,2,0,1,0,15,-1,,4,DE LATTRE DE TASSIGNY (AV. MAL),0,,2,3,0,1,(1),(1),1,, -1,1,0,1,30,4,9,2021,16:00,1,54,54395,2,3,0,6,TISSERANT (RUE DU CARDINAL),48.68758,6.18356,16,2,1
202100034022,140Â 946,A01,10,3,2,0,0,-1,-1,2,3,2,2021,6.0,3,2,0,1,1,1,1,,4,PASTEUR (RUE),0,,2,2,0,1,0,0,1,, -1,1,0,1,50,16,6,2021,10:55,1,91,91326,2,2,0,6,PASTEUR (RUE),48.68694,2.37806,10,2,1
202100013010,178Â 492,B01,1,1,1,1,1,0,-1,-1, -1,-1,2021,33.0,1,2,0,2,3,1,1,,3,444,0,,1,1,0,1,0,280,1,, -1,1,0,1,50,16,10,2021,01:42,3,91,91477,1,1,0,1,RD 444,48.72465,2.2455,1,2,2
202100034749,139Â 597,A01,1,1,2,5,2,6,-1,-1, -1,-1,2021,17.0,2,1,12,0,0,1,1,,4,MOURA (ALLEE DU),0,,2,2,0,2,0,0,1,, -1,1,0,1,50,12,6,2021,12:10,1,64,64122,2,1,0,7,MOURA (ALLEE DU),43.45985,-1.53702,12,1,1
202100021940,162Â 409,B01,1,1,1,5,8,0,-1,-1, -1,-1,2021,31.0,2,2,0,2,1,1,1,,4,LITTORAL (CHEMIN DU),0,,2,2,0,1,0,0,1,, -1,1,0,1,50,29,8,2021,07:10,1,13,13216,2,1,0,1,LITTORAL (CHEMIN DU),43.347226021,5.3441682112,7,3,2
202100035977,137Â 377,A01,1,1,1,5,2,6,-1,0,0,-1,2021,16.0,3,1,0,2,1,1,1,,4,,-1,,2,2,0,2,(1),(1),1,,4,1,0,1,30,7,6,2021,19:47,1,31,31044,2,2,0,3,Chemin de la Manne,43.599387,1.505449,19,3,2
202100028346,151Â 033,A01,9,2,1,5,1,-1,-1,0,0,-1,2021,7.0,2,2,8,0,7,1,1,,3,977,-1,,-1,2,0,1,(1),(1),1,, -1,1,0,3,80,18,7,2021,23:00,3,84,84056,1,1,0,6,Route de ViolÃ¨s,44.143329,4.941809,23,3,1
202100019963,165Â 950,A01,1,1,1,5,2,6,-1,0,0,-1,2021,61.0,2,1,13,0,1,11,1,,3,,0,,2,2,0,2,(1),(1),2,, -1,1,0,3,90,3,9,2021,22:07,3,14,14371,1,1,0,6,D579,49.038065,0.150719,22,1,1