Num_Acc,id_vehicule,num_veh,place,catu,sexe,trajet,secu1,secu2,secu3,locp,actp,etatp,year_acc,victim_age,senc,catv,obs,obsm,choc,manv,motor,occutc,catr,voie,v1,v2,circ,nbv,vosp,prof,pr,pr1,plan,lartpc,larrout,surf,infra,situ,vma,jour,mois,an,hrmn,lum,dep,com,agg_,int,atm,col,adr,lat,long,hour,nb_victim,nb_vehicules
202100049340,113Â 566,A01,1,1,1,1,1,5,-1,-1, -1,-1,2021,25.0,1,2,0,2,7,12,1,,1,86,0,,3,4,0,1,1,0,1,, -1,1,0,1,90,3,3,2021,20:30,5,92,92050,1,1,0,3,A86,48.9073656235,2.2124782132,20,2,2
202100039910,130Â 250,B01,1,1,1,0,2,6,-1,-1, -1,-1,2021,55.0,1,1,0,2,2,0,1,,7,SIDOINE APPOLINAIRE                 (AV),0,,2,3,0,2,353,300,1,, -1,1,0,1,50,11,5,2021,17:40,1,69,69389,2,1,0,3,M6,45.76245,4.80452,17,2,2
202100040334,129Â 507,A01,10,3,2,3,8,8,-1,3,3,1,2021,68.0,2,2,0,1,1,1,1,,3,POINCARE (AV. RAYMOND),0,,2,2,0,1,(1),(1),1,, -1,1,0,1,50,4,5,2021,16:55,1,60,60382,2,1,1,6,Avenue Raymond PoincarÃ©,49.4232731426,2.8241944312,16,2,1
202100024197,158Â 420,B01,2,2,2,5,1,-1,-1,0,0,-1,2021,83.0,1,2,3,0,6,1,1,,2,7,0,,3,4,0,2,80,550,1,, -1,1,0,1,110,12,8,2021,16:58,1,58,58152,1,1,0,3,N7,46.903824,3.157464,16,3,2
202100016198,172Â 687,A01,10,3,1,5,0,-1,-1,2,3,1,2021,61.0,3,2,0,1,2,1,1,,4,STANG BIHAN RUE DE,0,,2,2,0,1,(1),(1),1,, -1,1,0,1,50,27,9,2021,10:00,1,29,29232,2,1,0,6,Rue de Stang Bihan,48.01076,-4.09791,10,2,1
202100034373,140Â 299,A01,1,1,2,3,1,-1,-1,0,0,-1,2021,78.0,1,2,0,2,8,1,1,,3,36,-1,,2,2,0,1,13,300,1,, -1,1,0,1,80,16,6,2021,13:50,1,21,21567,1,2,0,3,D36,47.112809,4.487143,13,2,2
202100034200,140Â 615,A01,1,1,1,0,8,0,-1,-1, -1,-1,2021,21.0,1,2,3,0,0,26,1,,1,A13,0,,1,3,0,1,44,0,1,, -1,1,0,1,110,16,6,2021,10:45,1,78,78402,1,1,0,6,A13,48.964135,1.774099,10,1,1
202100019476,166Â 823,A01,1,1,2,0,2,0,-1,-1, -1,-1,2021,15.0,1,1,0,2,1,13,1,,3,PAUL GELOS (RUE),0,,2,3,0,1,27,750,1,, -1,1,0,1,50,11,9,2021,11:10,1,64,64545,2,3,0,3,PAUL GELOS (RUE),43.377909,-1.672476,11,2,2
202100025794,155Â 586,B01,1,1,1,5,2,6,-1,0,0,-1,2021,60.0,0,1,0,2,7,0,1,,7,D35,-1,,2,2,0,1,(1),(1),1,, -1,1,0,1,50,27,7,2021,18:00,1,13,13078,2,2,0,3,Avenue du Port,43.388772,4.802662,18,2,2
202100032215,144Â 179,B01,1,1,2,5,2,-1,-1,0,0,-1,2021,29.0,2,1,0,2,4,2,5,,3,538,0,,2,2,0,1,56,340,1,, -1,1,0,1,80,26,6,2021,16:30,1,26,26206,1,1,0,2,D538,44.853602,5.007266,16,2,2
202100037066,135Â 446,A01,1,1,1,0,1,0,-1,-1, -1,-1,2021,48.0,0,2,0,2,4,0,1,,3,VILLEPINTE (ROUTE DE),0,,2,2,0,1,0,1,1,, -1,1,0,1,50,1,6,2021,08:10,1,93,93073,2,6,0,2,Route de Villepinte / Avenue Vauban,48.97089,2.54889,8,2,2
202100039963,130Â 157,B01,1,1,1,5,2,0,-1,-1, -1,-1,2021,40.0,2,1,0,2,1,1,1,,4,GALLIENI (AV),0,,2,4,2,1,1,0,1,, -1,2,0,1,50,14,5,2021,15:25,1,94,94067,2,3,0,3,Avenue Gallieni,48.84664,2.41656,15,2,2
202100040654,128Â 950,B01,1,1,1,1,2,6,-1,0,0,-1,2021,46.0,1,1,0,2,1,13,1,,2,20,0,T,2,2,0,1,11,500,1,, -1,1,0,1,80,10,5,2021,16:30,1,201,201271,1,1,0,3,RT 20 LA CALDANICCIA,41.973239,8.821614,16,2,2
202100018717,168Â 182,B01,1,1,1,1,2,6,-1,-1, -1,-1,2021,31.0,2,1,0,2,1,3,1,,2,RN104,0,,-1,0,0,1,8,250,2,, -1,2,0,1,110,15,9,2021,08:30,1,77,77373,1,1,0,2,RN104,48.7627007223,2.616012618,8,2,2
202100025366,156Â 319,A01,1,1,1,5,2,6,-1,0,0,-1,2021,51.0,2,1,13,0,0,1,1,,3,208,0,,2,2,0,1,11,500,2,, -1,1,0,3,90,6,8,2021,19:20,1,3,3223,1,1,0,7,LE CHITIN,46.177286,3.585652,19,1,1
202100032120,144Â 337,A01,1,1,1,0,1,0,-1,-1, -1,-1,2021,43.0,3,2,0,2,2,15,1,,7,CANTON VERT (AVENUE DU),0,,-1,3,0,2,0,0,1,, -1,1,0,1,50,26,6,2021,14:30,1,13,13002,2,1,0,3,CANTON VERT (AVENUE DU),43.3406147888,5.4731002548,14,2,2
202100007522,188Â 309,A01,1,1,2,0,1,-1,-1,0,0,-1,2021,40.0,3,2,0,0,4,23,1,,3,76,-1,,2,2,0,2,(1),(1),3,, -1,1,0,1,80,18,11,2021,11:30,1,38,38449,1,1,0,2,Route d Heyrieux,45.639653,5.088054,11,2,2
202100041196,127Â 964,A01,1,1,2,5,2,-1,-1,0,0,-1,2021,31.0,3,1,13,0,1,1,1,,3,136,0,,2,2,0,1,(1),(1),2,, -1,1,0,3,80,7,5,2021,15:10,1,50,50400,1,1,0,7,D136,49.337358,-1.440931,15,1,1
202100001447,199Â 196,A01,1,1,1,1,1,-1,-1,-1,0,-1,2021,50.0,3,2,0,2,3,19,1,,3,AV DU GENERAL DE GAULLE,0,,3,4,0,1,6,500,1,, -1,1,0,1,50,24,12,2021,01:37,5,95,95268,2,2,0,3,AV DU GENERAL DE GAULLE,48.97667,2.39203,1,2,2
202100019235,167Â 250,B01,1,1,1,3,8,0,-1,-1, -1,-1,2021,28.0,3,1,0,2,8,5,3,,4,,0,,1,1,0,1,0,0,1,, -1,1,0,1,50,13,9,2021,15:00,1,92,92025,2,9,0,3,GENERAL CREMER (RUE DU),48.913325,2.242478,15,2,2
202100019247,167Â 225,B01,2,2,2,1,1,-1,-1,0,0,-1,2021,52.0,1,2,0,2,1,1,1,,3,98,-1,,2,2,0,3,31,800,1,, -1,1,0,1,80,13,9,2021,08:25,1,83,83019,1,1,0,1,Col du Gratteloup (Col de montagne),43.17141,6.331714,8,4,2
202100053788,105Â 604,A01,10,3,2,9,0,-1,-1,0,9,1,2021,23.0,2,2,0,1,3,1,1,,3,25,-1,,2,2,0,1,17,50,1,, -1,1,0,1,80,26,1,2021,20:10,3,68,68139,1,1,0,6,D25,47.5983208307,7.2278766747,20,2,1
202100040219,129Â 705,A01,1,1,1,4,2,6,-1,0,0,-1,2021,23.0,2,1,0,2,7,2,1,,4,AVENUE DE FLANDRE,0,,1,2,0,1,(1),(1),1,, -1,1,0,1,50,12,5,2021,19:50,1,75,75119,2,2,0,3,AVENUE DE FLANDRE,48.894433,2.38149,19,2,2
202100029688,148Â 731,B01,1,1,2,1,1,-1,-1,0,0,-1,2021,49.0,2,2,0,2,7,11,1,,3,115,0,D,2,2,0,1,15,64,1,, -1,1,0,1,80,9,7,2021,07:20,1,17,17482,1,1,0,3,D115,46.152011,-0.81243,7,2,2
202100021832,162Â 603,A01,1,1,1,5,1,-1,-1,0,0,-1,2021,62.0,1,2,4,0,1,0,1,,1,7,-1,,3,5,0,1,141,300,1,, -1,1,0,1,130,30,8,2021,13:50,1,26,26324,1,1,0,6,Autoroute A7,44.337453,4.73793,13,1,1
202100049802,112Â 726,A01,1,1,1,5,8,-1,-1,0,0,-1,2021,25.0,3,1,9,0,1,1,1,,4,,-1,,2,2,0,1,(1),(1),4,, -1,1,0,1,50,28,2,2021,16:15,1,49,49135,2,1,0,7,Chemin du Port Albert,47.567211,-0.603735,16,2,1
202100009810,184Â 160,B01,1,1,1,1,8,0,-1,0,0,-1,2021,37.0,1,1,0,2,1,17,1,,4,RUE DE PATAY,0,,1,2,0,2,(1),(1),1,, -1,1,-1,6,30,2,11,2021,12:00,1,75,75113,2,1,0,3,RUE DE PATAY,48.824938,2.37559,12,4,2
202100044246,122Â 579,B01,1,1,1,5,2,0,-1,-1, -1,-1,2021,18.0,1,1,0,2,7,1,1,,4,LIBERATION (AVENUE DE LA),0,,2,3,0,1,(1),(1),1,, -1,1,0,1,50,12,4,2021,10:40,1,86,86194,2,1,0,3,Avenue de la LibÃ©ration,46.56434,0.31755,10,2,2
202100032938,142Â 885,A01,1,1,1,0,2,6,-1,-1, -1,-1,2021,35.0,1,1,0,2,1,1,1,,4,,0,,2,0,0,1,0,0,1,, -1,1,0,1,50,15,6,2021,17:15,1,92,92040,2,7,0,5,LEON BLUM (PLACE),48.821036,2.260629,17,3,3
202100017899,169Â 627,B01,1,1,1,5,2,6,-1,-1, -1,-1,2021,18.0,1,1,0,2,1,0,1,,4,,0,,2,2,0,2,1,0,1,, -1,1,0,1,50,20,9,2021,17:55,1,92,92019,2,3,0,3,JUSTICE (CHEMIN),48.767005659,2.2658523917,17,2,2
202100022790,160Â 868,B01,1,1,1,0,2,0,-1,-1, -1,-1,2021,34.0,3,1,0,2,2,17,1,,4,MISTRAL AVENUE FREDERIC,0,,2,2,0,1,0,0,1,, -1,1,0,1,50,20,8,2021,16:20,1,84,84031,2,1,0,3,MISTRAL AVENUE FREDERIC,44.04901,5.0364,16,2,2
202100055534,102Â 584,A01,1,1,1,1,8,0,-1,0,0,-1,2021,48.0,1,1,9,0,1,19,5,,4,RUE ARSENE HOUSSAYE,0,,1,1,0,1,(1),(1),1,, -1,1,0,1,50,11,1,2021,08:20,2,75,75108,2,1,0,6,RUE ARSENE HOUSSAYE,48.874793,2.299932,8,1,1
202100016449,172Â 226,A01,1,1,1,5,1,0,-1,-1, -1,-1,2021,25.0,2,2,4,0,3,13,1,,1,AUTOROUTE A20,0,,3,4,0,1,187,600,1,, -1,1,0,1,110,26,9,2021,00:35,3,87,87065,1,1,0,6,AUTOROUTE A20,45.79888,1.29617,0,2,2
202100021144,163Â 866,A01,1,1,1,5,1,-1,-1,0,0,-1,2021,22.0,0,2,0,0,0,0,1,,3,518,0,Z,2,2,0,1,0,500,1,, -1,1,0,3,80,4,9,2021,00:55,3,38,38189,1,1,0,7,D518z,45.639473,5.045278,0,1,1
202100008736,186Â 119,B01,1,1,1,1,2,0,-1,-1, -1,-1,2021,33.0,1,1,0,2,8,1,1,,4,BAILLE (BOULEVARD),0,,2,3,0,1,0,0,1,, -1,1,0,1,50,8,11,2021,13:00,1,13,13206,2,2,0,3,BAILLE (BOULEVARD),43.28759,5.39023,13,2,2
202100021845,162Â 581,A01,1,1,2,1,1,-1,-1,0,0,-1,2021,59.0,1,2,0,2,1,13,1,,3,41,0,,3,2,0,4,34,820,4,, -1,1,2,1,80,30,8,2021,14:22,1,71,71218,1,1,0,1,Grands Moulins,46.311176,4.357377,14,3,2
202100013218,178Â 112,A01,10,3,1,5,0,-1,-1,1,5,2,2021,4.0,1,2,0,1,1,9,1,,3,GRANDE CEINTURE (RUE DE LA),0,,2,2,0,1,3,300,1,, -1,1,0,1,50,14,10,2021,13:45,1,95,95018,2,1,0,6,GRANDE CEINTURE (RUE DE LA),48.9497,2.26144,13,2,1
202100003468,195Â 553,B01,1,1,2,5,2,6,-1,0,0,-1,2021,15.0,2,1,0,2,4,1,1,,3,820,0,D,2,2,0,1,65,219,1,, -1,1,0,1,80,11,12,2021,16:45,1,31,31145,1,1,0,2,D820,43.299049,1.527185,16,3,2
202100011766,180Â 681,A01,1,1,1,9,8,-1,-1,-1, -1,-1,2021,26.0,0,1,0,0,0,25,3,,4,LECLERC                             (AV),0,,2,2,2,1,(1),(1),1,, -1,1,0,4,50,22,10,2021,00:55,5,69,69387,2,1,0,7,LECLERC (AV),45.73915,4.82595,0,1,1
202100029514,149Â 041,A01,1,1,1,0,1,-1,-1,0,0,-1,2021,21.0,1,2,0,2,1,13,1,,3,982,0,,2,2,0,1,15,800,4,, -1,2,2,1,70,12,7,2021,13:35,1,8,8406,1,1,1,1,D982,49.373935,4.708393,13,2,2
202100031001,146Â 320,A01,10,3,2,5,0,-1,-1,3,3,1,2021,86.0,1,5,0,1,3,15,1,,4,11 NOVEMBRE 1918 (RUE DU),0,,2,2,0,2,(1),(1),1,, -1,1,5,1,50,3,7,2021,19:20,1,71,71306,2,3,0,6,Rue du 11 Novembre 1918,46.676708,4.364386,19,2,1
202100000154,201Â 472,A01,10,3,1,5,0,-1,-1,1,3,1,2021,76.0,1,2,0,1,1,15,1,,4,BACCIOCCHI COMTE RUE,0,,1,1,0,1,(1),(1),1,, -1,1,0,1,50,31,12,2021,09:05,1,201,201004,2,4,0,6,BACCIOCCHI COMTE RUE,41.9463509,8.7547114,9,2,1
202100031110,146Â 133,A01,10,3,2,3,0,-1,-1,3,3,1,2021,92.0,1,2,0,1,3,1,1,,4,BREST (DE),0,,3,2,3,1,(1),(1),1,, -1,1,0,1,50,2,7,2021,10:00,1,35,35238,2,3,0,6,BREST (DE),48.11175,-1.6892,10,3,1
202100040870,128Â 572,A01,1,1,1,0,8,-1,-1,-1, -1,-1,2021,36.0,2,1,0,2,3,1,3,,4,,0,,2,2,0,1,(1),(1),1,, -1,1,0,1,50,7,5,2021,19:15,1,69,69259,2,1,0,3,MARTYRS DE LA RESISTANCE (DES)      (AV),45.69339,4.8742,19,2,2
202100005080,192Â 696,A01,1,1,1,4,2,6,-1,0,0,-1,2021,20.0,0,1,0,0,3,15,3,,4,FOCH (AVENUE DU MARECHAL),0,,1,1,0,1,(1),(1),2,, -1,2,0,1,50,27,11,2021,13:25,1,27,27229,2,1,1,7,FOCH (AVENUE DU MARECHAL),49.02973,1.11673,13,1,1
202100026739,153Â 924,A01,1,1,1,5,1,-1,-1,0,0,-1,2021,36.0,1,2,4,0,3,1,1,,1,a26,-1,,1,4,0,1,223,400,1,, -1,1,0,2,130,28,7,2021,23:00,3,2,2498,1,1,0,7,a26,49.536799,3.857617,23,1,1
202100023105,160Â 312,A01,10,3,1,0,0,-1,-1,5,9,1,2021,35.0,3,2,6,1,1,1,0,,4,PATINIERES (CHEMIN DES),0,,2,2,0,2,0,1,2,, -1,2,0,4,30,21,8,2021,23:25,5,74,74298,2,1,1,6,PATINIERES (CHEMIN DES),46.188921,6.253814,23,2,1
202100009515,184Â 704,B01,1,1,2,0,0,-1,-1,0,0,-1,2021,76.0,0,1,0,2,1,2,6,,4,,-1,,2,2,0,1,(1),(1),1,,5,2,0,1,50,4,11,2021,10:37,1,44,44154,2,2,0,3,Avenue de la Combe des Bondres,47.2214092436,-2.1612864733,10,2,2
202100037288,135Â 021,A01,10,3,2,9,0,-1,-1,4,3,1,2021,25.0,2,1,0,1,1,5,1,,4,RUE DE L AMIRAL MOUCHEZ,0,,2,2,0,1,(1),(1),1,, -1,1,0,1,50,30,5,2021,19:25,1,75,75114,2,1,0,6,RUE DE L AMIRAL MOUCHEZ,48.820263,2.343947,19,3,1
202100050875,110Â 739,A01,1,1,2,9,1,0,-1,-1, -1,-1,2021,31.0,2,2,0,2,4,23,1,,7,BRIAND. RUE ARISTIDE,0,,2,2,0,1,57,800,1,, -1,1,-1,1,50,17,2,2021,14:50,1,76,76497,2,3,0,2,Rue Aristide Briand,49.39367,1.02361,14,2,2
202100034027,140Â 940,B01,1,1,1,5,2,6,-1,-1, -1,-1,2021,52.0,2,1,0,2,1,23,1,,4,GUESDE (RUE JULES),0,,1,1,0,1,0,0,1,, -1,1,0,1,30,15,6,2021,16:23,1,87,87085,2,1,0,2,GUESDE (RUE JULES),45.82948,1.26166,16,2,2
202100049086,114Â 015,A01,1,1,1,0,0,-1,-1,0,0,-1,2021,22.0,2,1,0,2,7,1,5,,1,CHAMPAGNE   (  AVENUE DE),0,,2,4,0,1,7,560,1,, -1,1,0,1,50,5,3,2021,12:00,1,51,51454,2,3,0,3,Avenue de Champagne,49.235088,4.041933,12,2,2
202100043595,123Â 747,A01,1,1,1,1,1,-1,-1,0,0,-1,2021,72.0,2,2,2,0,1,1,1,,3,67,-1,C,2,2,0,1,5,130,3,, -1,2,0,3,80,13,1,2021,07:25,4,77,77211,1,4,1,7,RD67,48.563637,2.956787,7,1,1
202100000973,200Â 018,A01,10,3,1,0,8,8,-1,6,B,2,2021,27.0,1,2,0,1,1,0,0,,3,VICTOR SCHOELCHER (AVENUE),0,,1,4,0,1,(1),(1),1,, -1,2,0,3,50,28,12,2021,12:30,1,91,91687,2,1,1,6,VICTOR SCHOELCHER (AVENUE),48.650731,2.369197,12,2,1
202100033035,142Â 694,A01,10,3,1,5,8,8,-1,2,3,1,2021,8.0,1,2,0,1,3,9,1,,4,PAIX RUE DE LA,0,,1,1,0,1,(1),(1),1,, -1,1,0,1,30,19,6,2021,12:25,1,59,59378,2,3,0,6,PAIX RUE DE LA,50.6629,3.08019,12,2,1
202100013578,177Â 446,B01,1,1,1,1,2,6,-1,-1, -1,-1,2021,49.0,3,1,0,2,1,17,1,,4,cavani-Rond point du Stade,0,,2,2,0,2,0,0,1,, -1,1,0,1,50,11,10,2021,15:50,1,976,97611,2,1,0,1,cavani-Rond point du Stade,-12.78307,45.22349,15,2,2
202100022506,161Â 400,B01,2,2,1,4,1,-1,-1,0,0,-1,2021,39.0,1,5,0,2,3,1,1,,3,101,0,D,2,2,0,1,7,994,3,,5,1,0,1,80,26,8,2021,06:50,1,60,60247,1,1,0,5,D101,49.4314872921,2.5384764693,6,4,3
202100014499,175Â 792,A01,1,1,1,0,2,-1,-1,0,0,-1,2021,30.0,1,1,0,2,2,13,1,,3,675,0,D,2,2,0,1,3,68,1,, -1,1,0,1,80,8,10,2021,14:48,1,27,27133,1,1,0,6,Route Nationale,49.354923,0.899414,14,6,4
202100031600,145Â 273,B01,1,1,1,9,2,6,-1,0,0,-1,2021,56.0,0,1,0,2,2,1,1,,4,QUAI BRANLY,0,,3,6,3,1,(1),(1),1,, -1,1,0,1,50,30,6,2021,14:16,1,75,75107,2,3,0,3,QUAI BRANLY,48.859046,2.293492,14,2,2
202100045882,119Â 745,A01,1,1,1,5,2,6,-1,0,0,-1,2021,28.0,1,1,4,0,8,2,1,,4,AUTOROUTE A6A,0,,1,2,0,2,(1),(1),3,, -1,1,1,1,70,31,3,2021,13:00,1,75,75114,2,1,0,6,ECHANGEUR ORLEANS,48.8171044154,2.3346932532,13,2,1
202100011445,181Â 262,A01,2,2,1,0,1,-1,-1,0,0,-1,2021,21.0,3,2,15,0,1,14,1,,9,,-1,,-1,1,1,1,(1),(1),1,, -1,1,6,5,20,23,10,2021,23:15,3,54,54100,1,1,0,6,voie verte,48.77007,6.35622,23,2,1
202100015104,174Â 709,A01,1,1,2,5,1,0,-1,0,0,-1,2021,27.0,2,2,0,2,5,18,1,,4,ECHANGEUR MUETTE,0,,1,4,0,1,14,100,1,, -1,1,0,1,70,4,10,2021,06:52,5,75,75116,2,1,0,2,ECHANGEUR MUETTE,48.862014,2.264393,6,2,2
202100052272,108Â 273,A01,1,1,1,1,1,-1,-1,0,0,-1,2021,56.0,1,2,3,0,0,0,1,,1,A71,0,,1,4,0,1,292,189,1,, -1,2,0,2,110,7,2,2021,15:35,1,3,3031,1,1,1,7,A71,46.4200903678,2.702380812,15,1,1
202100052413,108Â 025,A01,10,3,1,0,0,-1,-1,4,3,1,2021,45.0,1,1,0,1,2,1,1,,4,PRESIDENT WILSON (BOULEVARD),0,,2,3,3,1,0,0,3,, -1,1,0,1,50,4,2,2021,17:40,5,67,67482,2,1,0,6,PRESIDENT WILSON (BOULEVARD),48.589555,7.740747,17,2,1
202100036322,136Â 766,A01,1,1,1,5,2,6,-1,0,0,-1,2021,25.0,1,1,13,0,1,1,1,,3,5,0,D,2,2,0,3,2,50,2,, -1,1,0,3,90,6,6,2021,13:00,1,72,72145,1,1,0,7,LES CHATAIGNIERS,48.1943337048,-0.1375865938,13,1,1
202100052507,107Â 865,A01,2,2,1,2,2,6,-1,0,0,-1,2021,13.0,1,1,0,2,1,17,1,,3,76,0,D,2,2,0,4,5,400,1,, -1,1,0,1,50,5,2,2021,16:40,1,69,69050,2,2,0,3,ARBRESLE (DE L') (RTE),45.8736842255,4.6434244057,16,3,2
202100028260,151Â 179,B01,1,1,1,1,2,6,-1,-1, -1,-1,2021,40.0,2,1,0,2,3,1,1,,1,6,0,,1,3,0,1,17,620,1,, -1,1,0,1,110,19,7,2021,07:45,1,91,91589,1,1,0,3,AUTOROUTE A6,48.67454,2.34221,7,2,2
202100014174,176Â 356,A01,10,3,1,0,0,-1,-1,3,0,-1,2021,9.0,0,2,0,2,1,26,1,,4,PETRI (LOUIS),0,,2,2,0,1,(1),(1),1,, -1,1,0,1,30,9,10,2021,17:20,1,35,35238,2,1,0,6,PETRI (LOUIS),48.094562,-1.639245,17,2,1
202100046238,119Â 122,A01,1,1,1,5,2,8,-1,-1, -1,-1,2021,17.0,3,1,0,2,0,0,1,,7,ROVARCH (AVENUE PIERRE),0,,1,1,0,1,0,0,1,, -1,1,0,1,50,27,3,2021,17:05,1,13,13028,2,6,0,3,ROVARCH (AVENUE PIERRE),43.1894896748,5.6286946086,17,2,2
202100043265,124Â 329,A01,1,1,2,0,1,-1,-1,0,0,-1,2021,89.0,1,2,0,2,1,1,1,,3,363,-1,,2,2,0,1,0,900,1,, -1,1,9,1,90,22,4,2021,12:50,1,30,30004,1,1,0,6,D363,43.712526,4.198043,12,3,2
202100005801,191Â 424,B01,2,2,2,5,1,-1,-1,0,0,-1,2021,33.0,2,2,0,2,3,1,1,,7,613,-1,D,2,2,0,1,37,949,1,, -1,1,0,1,50,28,11,2021,03:00,5,34,34095,2,1,0,1,d613 devant nÂ°56 bis avenue Georges ClÃ©menceau,43.546355,3.776593,3,3,2
202100014125,176Â 439,A01,1,1,1,1,2,0,-1,-1, -1,-1,2021,19.0,1,1,0,2,2,2,1,,4,MADELEINE (ROUTE DE LA),0,,2,2,0,1,2,0,1,, -1,1,0,1,50,9,10,2021,08:20,1,973,97302,2,1,0,3,MADELEINE (ROUTE DE LA),4.9214600187,-52.3224048615,8,3,2
202100036570,136Â 344,A01,10,3,1,9,0,-1,-1,1,3,1,2021,7.0,1,2,0,1,1,1,1,,4,mamoudzou centre-Rassi Boina KaÃ¯m (rue),0,,2,0,0,1,0,0,1,, -1,1,0,1,50,3,6,2021,15:50,1,976,97611,2,1,0,6,mamoudzou centre-Rassi Boina KaÃ¯m (rue),-12.78413,45.22964,15,2,1
202100017722,169Â 948,B01,1,1,1,5,0,-1,-1,0,0,-1,2021,12.0,1,1,0,2,8,13,5,,3,23,-1,,2,2,0,1,27,600,3,, -1,1,0,1,80,22,9,2021,17:15,1,71,71029,1,1,0,2,11bis Route de Dole,46.855807,5.363399,17,3,2
202100038331,133Â 121,A01,1,1,1,0,2,8,-1,-1, -1,-1,2021,20.0,0,1,0,2,1,9,1,,4,,0,,2,2,0,1,(1),(1),1,, -1,1,0,1,50,24,5,2021,18:30,1,85,85194,2,1,0,3,RUE LOUIS BRAILLE,46.50419,-1.78703,18,2,2
202100036286,136Â 819,A01,10,3,2,0,0,-1,-1,2,3,1,2021,35.0,2,2,0,1,1,11,1,,3,13,0,,2,3,0,1,0,0,1,, -1,1,0,1,50,5,6,2021,10:40,1,92,92025,2,2,0,6,VALMY (BD DE),48.9276470749,2.2536998435,10,2,1
202100006473,190Â 228,A01,10,3,2,1,0,-1,-1,2,3,1,2021,20.0,1,1,0,1,3,1,1,,4,RUE DU QUATRE SEPTEMBRE,0,,1,3,3,1,(1),(1),1,, -1,1,0,1,30,23,11,2021,18:20,5,75,75102,2,2,0,6,RUE DU QUATRE SEPTEMBRE,48.869174,2.338691,18,2,1
202100036968,135Â 621,A01,10,3,2,5,0,-1,-1,4,3,1,2021,73.0,2,2,0,1,1,1,1,,3,AVENUE DE L EUROPE,0,,1,3,0,2,2,220,1,, -1,1,5,1,70,26,5,2021,10:15,1,78,78354,2,3,0,6,AVENUE DE L EUROPE,48.97516,1.69226,10,2,1
202100014774,175Â 306,B01,1,1,1,0,2,6,-1,-1, -1,-1,2021,16.0,2,1,0,2,1,1,1,,4,EUGENIE (RUE),0,,2,2,0,1,(1),0,1,, -1,1,0,1,50,6,10,2021,12:35,1,83,83069,2,1,0,2,EUGENIE (RUE),43.121656,6.115,12,2,2
202100055634,102Â 407,A01,1,1,1,5,0,-1,-1,0,0,-1,2021,62.0,2,1,13,0,9,14,1,,2,1,-1,,2,2,0,3,313,413,2,, -1,2,0,3,110,11,1,2021,14:40,1,988,98831,1,1,1,6,RT1 - VOH,-20.88583,164.65981,14,1,1
202100031329,145Â 740,B01,2,2,1,0,2,0,-1,-1, -1,-1,2021,35.0,2,1,0,2,2,3,1,,3,PRÃSIDENT PAUL DOUMER (QUAI DU),0,,1,2,0,2,0,0,1,, -1,1,2,1,50,2,7,2021,18:20,1,92,92026,2,1,0,2,PRÃSIDENT PAUL DOUMER (QUAI DU),48.88976,2.2558,18,3,2
202100020762,164Â 524,A01,1,1,1,5,8,-1,-1,0,0,-1,2021,23.0,1,2,2,0,9,0,1,,3,10,0,D,2,2,0,1,13,790,2,,"5,5",1,0,3,90,5,9,2021,14:30,1,61,61345,1,1,0,6,D10,48.429072,0.761104,14,1,1
202100000248,201Â 279,A01,3,2,1,5,2,6,-1,0,0,-1,2021,15.0,2,1,0,2,2,15,1,,3,CD 677,0,,2,3,0,1,499,0,1,, -1,1,5,1,50,11,11,2021,18:30,5,14,14699,2,2,0,1,D 677,49.34017,0.10312,18,3,2
202100019396,166Â 959,A01,8,2,2,2,1,-1,-1,0,0,-1,2021,9.0,2,2,2,0,1,13,1,,3,14,0,D,2,2,0,1,30,150,3,, -1,1,0,3,80,13,9,2021,08:10,1,56,56033,1,1,0,6,La Chauvelais,47.837137,-2.102174,8,5,1
202100011611,180Â 971,A01,1,1,1,1,2,0,-1,-1, -1,-1,2021,49.0,2,1,0,2,1,7,1,,4,DOUMERGUE (RUE GASTON),0,,3,6,3,1,5,295,1,, -1,1,5,1,50,22,10,2021,07:25,2,31,31557,2,2,0,3,DOUMERGUE (RUE GASTON),43.58786,1.35534,7,2,2
202100049219,113Â 775,A01,10,3,2,2,0,-1,-1,2,3,3,2021,13.0,3,3,0,1,2,20,1,1.0,4,CLOCHETTES (DES)                    (R ),0,,1,1,3,1,(1),(1),1,, -1,1,9,1,30,4,3,2021,12:30,1,69,69199,2,1,0,6,CLOCHETTES (DES) (R),45.6973,4.856,12,2,1
202100013039,178Â 442,A01,10,3,2,0,8,8,-1,2,3,1,2021,25.0,1,2,0,1,3,19,2,,4,AICARD (RUE JEAN),0,,2,2,0,1,0,0,3,, -1,1,0,1,30,5,10,2021,17:19,1,83,83069,2,2,0,6,AICARD (RUE JEAN),43.11764,6.13029,17,2,1
202100033125,142Â 546,A01,1,1,1,2,1,-1,-1,0,0,-1,2021,39.0,0,2,0,2,1,1,0,,4,,-1,,2,1,0,1,(1),(1),1,,3,2,0,1,90,22,6,2021,08:30,1,14,14194,1,1,1,1,Chemin de la Bunoserie,49.096829,0.391125,8,4,2
202100041247,127Â 873,B01,1,1,1,0,2,8,-1,-1, -1,-1,2021,37.0,2,1,0,2,1,1,1,,3,EBOUE (ROCADE FELIX),0,,2,2,0,1,2,50,1,, -1,1,0,1,50,5,5,2021,18:36,4,973,97302,2,2,0,3,RABAN (ROUTE DE),4.93105,-52.31335,18,2,2