Num_Acc,id_vehicule,num_veh,place,catu,sexe,trajet,secu1,secu2,secu3,locp,actp,etatp,year_acc,victim_age,senc,catv,obs,obsm,choc,manv,motor,occutc,catr,voie,v1,v2,circ,nbv,vosp,prof,pr,pr1,plan,lartpc,larrout,surf,infra,situ,vma,jour,mois,an,hrmn,lum,dep,com,agg_,int,atm,col,adr,lat,long,hour,nb_victim,nb_vehicules
202100019878,166Â 109,A01,1,1,1,0,8,0,-1,-1, -1,-1,2021,34.0,2,1,0,2,1,19,5,,2,SADI-CARNOT (BOULEVARD),0,,2,2,0,1,50,200,1,, -1,2,0,1,50,9,9,2021,19:30,1,32,32013,2,1,1,2,SADI-CARNOT (BOULEVARD),43.6408190781,0.5856883103,19,2,2
202100047207,117Â 384,A01,10,3,1,3,0,-1,-1,2,3,1,2021,71.0,3,2,0,1,1,15,1,,4,PAUL LACAVE,0,,1,1,0,1,(1),(1),1,, -1,1,0,1,50,13,2,2021,08:40,1,971,97120,2,3,0,6,PAUL LACAVE,16.24248,-61.53317,8,2,1
202100043880,123Â 238,B01,3,2,2,5,1,0,-1,0,0,-1,2021,25.0,2,2,9,0,5,15,1,,3,GENERAL DE GAULLE (AVENUE DU),0,,2,2,0,1,35,445,1,, -1,1,5,1,50,15,4,2021,02:35,5,47,47323,2,3,0,4,GENERAL DE GAULLE (AVENUE DU),44.40984,0.70893,2,8,3
202100052006,108Â 750,B01,1,1,1,1,1,8,-1,-1, -1,-1,2021,46.0,1,2,0,1,4,2,1,,4,VAUZELLES,0,,2,2,0,1,0,0,1,, -1,1,0,1,50,3,2,2021,16:20,1,58,58194,2,1,0,2,VAUZELLES,47.0022,3.1526,16,2,2
202100039603,130Â 798,A01,1,1,1,5,2,0,-1,0,0,-1,2021,27.0,2,1,0,2,1,2,1,,4,AVENUE JEAN JAURES,0,,2,2,0,1,(1),(1),1,, -1,2,0,1,50,16,5,2021,21:00,2,75,75119,2,1,1,2,AVENUE JEAN JAURES,48.883855,2.374335,21,2,2
202100028736,150Â 361,A01,10,3,1,5,0,-1,-1,1,3,2,2021,85.0,2,1,0,1,2,1,1,,3,888,-1,,2,2,0,4,12,77,3,, -1,1,0,1,50,16,7,2021,22:40,5,31,31212,2,1,0,6,31 Route Departementale 888,43.705003,1.560804,22,3,1
202100002191,197Â 877,A01,1,1,1,5,1,-1,-1,0,0,-1,2021,49.0,1,2,13,0,2,1,1,,3,958,-1,D,2,2,0,1,54,600,1,, -1,7,0,3,80,18,12,2021,22:10,3,58,58035,1,1,0,3,cd958,47.065883,3.443978,22,2,1
202100055716,102Â 271,A01,1,1,2,9,1,-1,-1,0,0,-1,2021,47.0,2,2,4,0,3,21,1,,1,35,0,,3,4,0,1,88,800,1,, -1,1,0,1,130,8,1,2021,08:35,1,68,68266,1,1,0,6,AUTORUTE 35,47.876822,7.385162,8,1,1
202100012918,178Â 640,A01,2,2,1,5,1,-1,-1,0,0,-1,2021,21.0,2,2,13,0,9,13,1,,3,780,0,,2,2,0,1,9,60,1,, -1,1,0,3,80,16,10,2021,03:20,3,56,56205,1,1,0,6,RD 780,47.564626,-2.709374,3,4,1
202100049077,114Â 036,B01,2,2,2,0,2,8,-1,-1, -1,-1,2021,25.0,0,1,1,2,7,1,1,,4,FORET NOIRE (AVENUE DE LA),0,,2,5,0,1,(1),(1),1,, -1,1,0,1,50,4,3,2021,17:40,2,67,67482,2,3,0,3,FORET NOIRE (AVENUE DE LA),48.586,7.76402,17,3,2
202100022173,162Â 011,A01,1,1,1,5,2,-1,-1,0,0,-1,2021,18.0,3,1,0,2,1,17,1,,3,704,0,D,2,2,0,1,(1),(1),1,, -1,1,0,1,50,28,8,2021,15:45,1,24,24520,2,3,0,3,Avenue du GÃ©nÃ©ral de Gaulle,44.90572,1.20182,15,2,2
202100036423,136Â 600,A01,1,1,2,1,2,0,-1,-1, -1,-1,2021,18.0,1,1,0,0,3,26,1,,3,GAULLE RUE CHARLES DE,0,,2,2,0,1,5,0,1,, -1,2,0,1,50,4,6,2021,08:55,1,49,49246,2,1,1,7,GAULLE RUE CHARLES DE,47.42424,-0.52471,8,1,1
202100014202,176Â 306,A01,1,1,1,4,2,0,-1,0,0,-1,2021,32.0,1,1,0,2,7,17,3,,4,BOULEVARD NEY,0,,3,2,0,1,(1),(1),1,, -1,1,0,1,50,8,10,2021,13:55,1,75,75118,2,1,0,3,BOULEVARD NEY,48.898488,2.356199,13,2,2
202100028464,150Â 838,A01,10,3,1,5,0,-1,-1,4,3,1,2021,12.0,1,2,0,1,2,15,1,,7,JOSEPH FAURE ( R ),0,,1,1,0,1,0,1,2,, -1,1,9,1,30,17,7,2021,21:54,5,69,69091,2,4,0,6,JOSEPH FAURE (R),45.5854735919,4.7745585464,21,2,1
202100039740,130Â 548,A01,1,1,1,4,1,-1,-1,0,0,-1,2021,20.0,3,5,6,0,3,1,1,,3,215,0,,2,2,0,2,42,22,1,, -1,2,0,3,50,14,5,2021,11:55,1,77,77151,1,1,1,6,D215,48.711368,3.163129,11,1,1
202100014307,176Â 130,A01,10,3,2,0,0,-1,-1,1,5,1,2021,12.0,3,2,0,2,1,1,1,,4,CHURCHILL WINSTON (BD) NÂ° IMP 41 ET >,0,,3,2,3,1,0,0,1,, -1,1,0,1,50,8,10,2021,08:00,1,72,72181,2,1,0,6,CHURCHILL WINSTON (BD) NÂ° IMP 41 ET >,47.99063,0.22916,8,2,1
202100017380,170Â 569,A01,1,1,1,0,2,6,-1,-1, -1,-1,2021,35.0,2,1,0,2,1,2,1,,1,AUTOROUTE A1,0,,1,3,0,1,12,399,1,, -1,2,0,1,110,24,9,2021,07:45,1,93,93005,1,1,1,2,AUTOROUTE A1,48.962895,2.47053,7,2,2
202100034637,139Â 804,A01,1,1,1,1,1,-1,-1,0,0,-1,2021,21.0,1,2,0,2,1,13,1,,3,,-1,,2,2,0,1,(1),(1),1,,4,1,0,1,80,14,6,2021,07:45,1,24,24442,1,1,0,1,D6089,45.117915,0.498755,7,4,2
202100045928,119Â 659,B01,1,1,1,0,8,-1,-1,-1, -1,-1,2021,80.0,2,1,0,0,0,0,5,,4,JEAN JAURES      (Rue),0,,2,2,0,1,(1),(1),1,, -1,1,0,1,50,29,3,2021,18:50,1,69,69266,2,2,0,6,JEAN JAURES (R),45.75816,4.88515,18,2,2
202100027674,152Â 252,B01,1,1,2,1,1,0,-1,-1, -1,-1,2021,36.0,1,2,6,2,2,1,1,,1,A86 INT,0,,3,5,0,1,32,99,3,, -1,1,1,1,90,22,7,2021,09:25,1,94,94052,1,1,0,5,A86 INT,48.83505,2.4936,9,3,3
202100019129,167Â 432,A01,10,3,1,5,0,-1,-1,9,B,1,2021,69.0,0,1,0,1,1,1,5,,4,PAUL VERLAINE       (Rue),0,,2,2,2,1,(1),(1),1,, -1,1,0,1,50,13,9,2021,07:30,1,69,69266,2,2,0,6,PAUL VERLAINE (R),45.76477,4.88045,7,2,1
202100050677,111Â 103,A01,1,1,1,1,1,-1,-1,0,0,-1,2021,45.0,2,2,0,2,3,13,1,,3,744,0,,2,2,0,2,16,638,1,,6,2,0,1,-1,22,2,2021,07:05,3,79,79123,1,1,1,5,La Roche au Cou Montigny,46.7958,-0.655982,7,3,3
202100049066,114Â 054,A01,1,1,1,0,2,0,-1,-1, -1,-1,2021,16.0,0,1,0,2,1,1,1,,4,TREWEY BOULEVARD,0,,2,2,0,1,0,0,1,, -1,1,0,1,50,1,3,2021,17:50,1,84,84080,1,1,0,2,TREWEY BOULEVARD,44.03342,4.99594,17,2,2
202100035947,137Â 430,B01,1,1,1,9,2,0,-1,0,0,-1,2021,25.0,1,1,0,2,8,17,5,,4,BOULEVARD BEAUMARCHAIS,0,,2,2,3,1,(1),(1),1,, -1,1,0,6,50,7,6,2021,13:20,1,75,75111,2,1,0,3,BOULEVARD BEAUMARCHAIS,48.858318,2.367898,13,2,2
202100032462,143Â 754,A01,1,1,2,5,8,0,-1,-1, -1,-1,2021,26.0,1,2,6,0,1,16,1,,4,NOBLE (RUE DU),0,,1,1,0,1,0,0,3,, -1,1,0,1,50,24,6,2021,03:00,5,84,84087,2,1,0,7,NOBLE (RUE DU),44.1349808,4.8109796,3,1,1
202100015023,174Â 851,A01,1,1,2,0,1,0,-1,0,0,-1,2021,19.0,3,2,0,2,3,26,1,,7,RECLUS (AVENUE ELISEE),0,,1,2,0,1,(1),(1),1,, -1,1,5,1,50,30,9,2021,16:35,1,63,63113,2,6,0,3,RECLUS (AVENUE ELISEE),45.7834,3.14405,16,2,2
202100002140,197Â 963,B01,4,2,2,0,1,0,-1,-1, -1,-1,2021,61.0,3,2,0,0,0,0,0,,4,SAINT MICHEL (GRANDE RUE) DU 2AU 175,0,,2,2,1,1,(1),(1),1,, -1,1,0,1,50,19,12,2021,09:20,1,31,31555,2,1,1,2,SAINT MICHEL (GRANDE RUE) DU 2AU 175,43.586872,1.446877,9,4,2
202100009450,184Â 809,B01,1,1,1,0,2,0,-1,-1, -1,-1,2021,23.0,3,1,0,2,1,1,1,,4,BORD DE CRAU CHEMIN DU,0,,2,2,0,1,1,0,1,, -1,1,0,1,50,4,11,2021,09:40,1,13,13047,2,1,0,3,BORD DE CRAU CHEMIN DU,43.51968,4.96497,9,2,2
202100006257,190Â 613,A01,3,2,2,5,1,-1,-1,-1, -1,-1,2021,18.0,3,2,0,2,2,1,1,,4,QUAI LOUIS XVIII,0,,3,4,0,1,(1),(1),1,, -1,1,5,1,50,13,11,2021,05:35,5,33,33063,2,3,0,3,Quai Louis XVIII,44.84334,-0.57022,5,9,2
202100005013,192Â 822,A01,1,1,1,5,1,-1,-1,-1,0,-1,2021,20.0,2,2,3,0,1,1,1,,1,AUTOROUTE A115,0,,3,4,0,1,5,900,2,, -1,1,2,2,90,3,12,2021,01:00,3,95,95607,1,1,0,6,A115,49.0125881857,2.2214698792,1,1,1
202100048787,114Â 563,Z01,10,3,2,1,0,-1,-1,4,3,1,2021,40.0,1,2,0,1,2,1,0,,4,BAC (AV DU),0,,2,2,0,1,0,0,1,, -1,1,0,1,30,6,3,2021,08:50,1,94,94068,2,1,0,6,BAC (AV DU),48.79379,2.51321,8,2,1
202100012519,179Â 334,A01,1,1,1,5,1,-1,-1,0,0,-1,2021,42.0,1,2,0,2,8,1,1,,3,74,-1,A,2,2,0,1,8,325,1,, -1,1,0,1,80,15,10,2021,12:45,1,62,62118,1,2,0,3,D74,50.370762,2.551129,12,2,2
202100006774,189Â 680,A01,2,2,1,5,0,-1,-1,0,0,-1,2021,19.0,1,2,0,2,1,5,1,,3,1,-1,,3,2,0,3,15,0,3,,5,1,0,1,-1,24,11,2021,05:30,2,976,97613,1,1,0,1,CCD1,-12.763443,45.09937,5,12,2
202100030412,147Â 407,A01,1,1,2,9,8,0,-1,0,0,-1,2021,56.0,1,1,0,2,8,1,5,,4,AVENUE DU GENERAL LECLERC,0,,1,2,3,1,(1),(1),1,, -1,1,0,6,50,6,7,2021,17:50,1,75,75114,2,2,0,3,AVENUE DU GENERAL LECLERC,48.823273,2.325448,17,2,2
202100037495,134Â 650,A01,1,1,2,0,2,6,9,0,0,-1,2021,34.0,2,1,0,2,1,1,1,,3,674,-1,,2,2,0,4,14,600,1,, -1,1,0,1,80,30,5,2021,12:15,1,54,54242,1,2,1,4,D674,48.623549,5.891405,12,5,4
202100018874,167Â 911,A01,1,1,1,5,0,-1,-1,0,0,-1,2021,19.0,0,1,0,2,1,5,3,,3,,0,,2,2,0,2,(1),(1),2,,4,2,0,1,50,15,9,2021,16:20,1,13,13027,2,9,1,1,Chemin de l Arenier,43.87437,4.864417,16,2,2
202100008823,185Â 971,B01,1,1,1,1,1,-1,-1,-1, -1,-1,2021,50.0,1,2,0,2,4,1,1,,2,ROUTE NATIONALE 230,0,,3,6,0,1,43,595,1,, -1,1,0,1,90,8,11,2021,06:45,5,33,33249,1,1,0,4,Rocade Rive Droite N230 -E27-,44.87865,-0.50949,6,6,5
202100006319,190Â 491,A01,1,1,2,0,1,0,-1,-1, -1,-1,2021,29.0,1,2,0,2,4,1,1,,4,,0,,1,1,0,1,0,0,1,, -1,1,0,8,30,25,11,2021,10:09,1,92,92012,2,1,0,2,COURS DE L'ILE SEGUIN,48.8284483712,2.2354361415,10,2,2
202100041315,127Â 758,A01,2,2,2,9,2,0,-1,0,0,-1,2021,30.0,2,1,0,0,7,16,1,,4,BOULEVARD GARIBALDI,0,,1,1,0,1,(1),(1),1,, -1,1,0,1,50,5,5,2021,10:20,1,75,75115,2,4,0,7,BOULEVARD GARIBALDI,48.845805,2.309511,10,2,1
202100043955,123Â 108,A01,1,1,1,9,1,-1,-1,0,0,-1,2021,53.0,3,2,0,2,2,13,1,,3,386,0,D,2,2,0,1,34,800,1,, -1,1,0,1,70,15,4,2021,14:00,1,69,69007,1,1,0,3,D386,45.495357,4.820539,14,2,2
202100001328,199Â 386,A01,9,2,1,5,8,-1,-1,0,0,-1,2021,6.0,1,2,0,2,3,14,1,,1,6,-1,,3,6,0,1,409,300,1,, -1,2,0,1,130,28,12,2021,15:30,1,69,69242,1,1,1,2,A6,46.127508,4.764676,15,5,2
202100046772,118Â 167,B01,1,1,1,0,8,5,-1,-1, -1,-1,2021,52.0,2,0,0,2,3,1,0,,3,SIBIAN (AVENUE DE),0,,1,0,0,2,0,212,1,, -1,1,0,1,50,24,3,2021,10:00,1,9,9122,2,1,0,3,SIBIAN (AVENUE DE),42.96536,1.59494,10,2,2
202100024031,158Â 691,B01,1,1,1,0,2,0,-1,-1, -1,-1,2021,42.0,1,1,0,2,1,1,0,,3,REPUBLIQUE (AV DE LA),0,,4,2,0,1,0,0,1,, -1,1,0,1,30,14,8,2021,23:50,5,94,94081,2,2,0,3,REPUBLIQUE (AV DE LA),48.80242,2.39738,23,2,2
202100018121,169Â 225,A01,1,1,1,5,2,0,-1,-1, -1,-1,2021,16.0,1,1,0,2,2,17,1,,4,AV DE LA LIBERATION,0,,2,6,0,1,(1),(1),1,, -1,1,0,1,50,18,9,2021,11:29,1,202,202033,2,6,0,3,AV DE LA LIBERATION,42.6858020188,9.4453498549,11,2,2
202100035347,138Â 526,A01,1,1,2,0,1,0,-1,-1, -1,-1,2021,32.0,2,2,1,2,1,17,0,,4,MASSON (RUE SUZANNE),0,,2,2,0,1,0,0,3,, -1,1,0,1,50,9,6,2021,18:40,1,93,93027,2,1,1,1,MASSON (RUE SUZANNE),48.92342,2.38734,18,6,2
202100025704,155Â 740,B01,1,1,1,0,8,0,-1,-1, -1,-1,2021,59.0,3,2,0,2,1,0,3,,4,MARIE (RUE SAINTE),0,,1,1,0,1,0,0,1,, -1,1,9,1,50,3,8,2021,11:20,1,974,97411,2,2,0,3,PARIS (RUE DE),-20.8839,55.45039,11,4,2
202100008688,186Â 206,B01,1,1,1,0,8,0,-1,-1, -1,-1,2021,17.0,3,1,0,2,1,0,1,,3,117,0,,2,2,0,2,0,0,1,, -1,1,0,1,30,8,11,2021,19:45,5,91,91216,2,1,0,5,CORBEIL (RUE),48.67032,2.33245,19,3,3
202100001875,198Â 444,A01,1,1,1,1,1,8,-1,-1, -1,-1,2021,22.0,1,2,4,0,9,1,1,,7,RD 37,0,,2,4,3,1,13,600,2,, -1,7,0,1,90,21,12,2021,06:40,3,37,37195,2,1,0,6,,47.376550928,0.6511035562,6,1,1
202100008496,186Â 546,B01,1,1,1,4,2,6,-1,0,0,-1,2021,22.0,3,1,0,2,4,23,1,,4,DONADEI EUGENE AVENUE,0,,1,1,0,1,(1),(1),2,, -1,1,0,1,50,10,11,2021,13:30,1,6,6123,1,1,0,2,DONADEI EUGENE AVENUE,43.660318,7.194999,13,2,2
202100051930,108Â 883,B01,1,1,1,4,2,6,-1,0,0,-1,2021,43.0,1,1,0,2,4,23,1,,4,AVENUE DE MARIGNY,0,,2,3,3,1,(1),(1),1,, -1,7,0,1,50,10,2,2021,11:57,1,75,75108,2,1,0,2,AVENUE DE MARIGNY,48.870567,2.315887,11,2,2
202100055728,102Â 252,A01,1,1,1,0,1,-1,-1,0,0,-1,2021,92.0,2,2,6,0,1,1,1,,7,30,0,,2,2,0,2,20,950,1,, -1,1,5,8,50,9,1,2021,17:15,2,69,69127,2,2,0,6,MARCEL MERIEUX (AV),45.779276,4.705662,17,1,1
202100030050,148Â 069,B01,1,1,2,3,1,0,-1,-1, -1,-1,2021,33.0,2,2,0,2,4,1,1,,3,7,0,,1,2,0,1,0,0,1,, -1,1,0,1,50,8,7,2021,11:25,1,92,92026,2,1,0,2,MARECHAL JOFFRE (QUAI DU),48.900132,2.27377,11,2,2
202100006462,190Â 246,A01,10,3,2,5,0,-1,-1,2,3,1,2021,53.0,2,1,0,1,7,1,5,,4,BOULEVARD VICTOR,0,,1,1,1,1,(1),(1),1,, -1,1,-1,5,50,24,11,2021,12:20,1,75,75115,2,2,0,6,BOULEVARD VICTOR,48.833506,2.286527,12,2,1
202100019244,167Â 230,A01,1,1,1,5,2,6,9,0,0,-1,2021,66.0,2,1,2,0,1,13,1,,3,986,-1,,2,2,0,1,21,800,1,, -1,1,0,3,50,12,9,2021,12:39,1,63,63386,1,1,0,6,"D986, lieu-dit PRADES",45.743509,2.813251,12,1,1
202100023381,159Â 825,A01,1,1,1,5,8,-1,-1,0,0,-1,2021,78.0,1,2,0,2,8,19,1,,3,924,-1,,1,1,0,1,49,750,2,, -1,1,5,8,50,20,8,2021,16:45,1,32,32207,1,9,0,3,D924,43.66031,0.65838,16,3,2
202100026266,154Â 750,B01,4,2,1,0,1,8,-1,-1, -1,-1,2021,13.0,2,2,0,2,1,1,1,,3,7,0,,1,2,0,1,0,0,1,, -1,1,0,1,50,29,7,2021,20:50,1,91,91027,2,3,0,3,AV FRANCOIS MITTERRAND,48.70501,2.37146,20,5,2
202100029512,149Â 044,A01,1,1,2,1,1,-1,-1,0,0,-1,2021,19.0,2,2,6,0,2,17,1,,3,948,0,D,2,2,0,1,92,800,1,, -1,1,0,1,80,11,7,2021,16:30,1,85,85018,1,1,0,6,D948 - les mÃ©nites,46.92157,-2.09231,16,1,1
202100028294,151Â 119,A01,1,1,1,9,1,-1,-1,-1, -1,-1,2021,38.0,1,2,1,0,3,13,1,,4,CLEMENCEAU (BD GEORGES),0,,2,2,2,1,(1),(1),1,, -1,1,0,1,50,18,7,2021,06:30,2,35,35238,2,1,0,6,CLEMENCEAU (BD GEORGES),48.09451,-1.68526,6,1,1
202100039979,130Â 132,B01,1,1,2,3,1,-1,-1,0,0,-1,2021,58.0,2,2,0,2,2,1,1,,3,,-1,,2,2,0,1,6,200,1,, -1,1,0,1,-1,15,5,2021,11:45,1,95,95205,1,1,0,3,RD316,49.02331,2.386587,11,2,2
202100002852,196Â 683,A01,1,1,1,5,2,-1,-1,0,0,-1,2021,61.0,2,1,0,0,1,19,1,,3,160,0,D,2,2,0,1,34,880,1,, -1,1,0,1,80,17,12,2021,20:00,3,85,85084,1,2,0,3,D60,46.781591,-1.208558,20,2,2
202100041806,126Â 880,B01,1,1,1,9,2,6,-1,0,0,-1,2021,47.0,1,1,0,2,3,3,1,,4,PORTE DE SAINT CLOUD,0,,1,4,0,1,10,500,3,, -1,1,0,1,70,30,4,2021,19:00,1,75,75116,2,1,0,3,PORTE DE SAINT CLOUD,48.83527,2.258863,19,2,2
202100039766,130Â 504,B01,1,1,1,0,0,-1,-1,0,0,-1,2021,14.0,2,1,0,2,3,13,5,,3,983,0,,2,2,0,1,48,688,1,, -1,2,0,1,50,17,5,2021,17:40,1,78,78263,2,1,1,3,Rue de l''Eglise,48.774226,1.671129,17,2,2
202100014870,175Â 133,B01,1,1,1,5,8,0,-1,-1, -1,-1,2021,14.0,1,1,0,2,1,2,5,,4,,0,,2,2,0,1,0,0,1,, -1,1,0,1,30,6,10,2021,16:25,1,92,92012,2,2,0,2,SILLY (RUE DE) 89/FIN - 90/FIN,48.833368452,2.2334541815,16,2,2
202100042096,126Â 386,B01,1,1,2,5,1,-1,-1,0,0,-1,2021,33.0,0,2,0,1,3,1,1,,4,,-1,,2,2,0,1,(1),(1),1,, -1,1,0,1,-1,24,4,2021,19:15,1,49,49307,2,2,0,3,Rue de la Croix de Bois (Brain-sur-l'Authion),47.447652,-0.419551,19,6,2
202100015270,174Â 419,B01,1,1,1,5,2,-1,-1,0,0,-1,2021,40.0,1,6,0,2,3,15,1,,3,366,0,,2,2,0,1,1,160,1,, -1,1,0,1,80,3,10,2021,15:00,1,35,35358,1,3,0,3,Rue de la Rance,48.541266,-1.961371,15,2,2
202100054870,103Â 727,B01,2,2,2,1,1,0,-1,-1, -1,-1,2021,33.0,3,2,0,2,1,6,1,,3,402,0,,1,2,0,1,4,1267,1,, -1,2,0,1,70,14,1,2021,16:43,1,77,77296,1,3,1,3,AV PAUL DELOUVRIER,48.61895,2.5894,16,6,2
202100046353,118Â 916,A01,1,1,1,5,2,6,-1,-1, -1,-1,2021,53.0,1,1,0,2,8,1,1,,4,DE GAULLE (BD CHARLES),0,,2,4,0,1,(1),(1),1,, -1,1,0,1,50,27,3,2021,19:40,5,37,37214,2,3,0,6,DE GAULLE (BD CHARLES),47.4145240123,0.669906479,19,2,2
202100028454,150Â 853,A01,1,1,2,0,1,0,-1,-1, -1,-1,2021,49.0,1,2,0,2,1,2,1,,2,TOUTES RUES,0,,2,4,0,1,1,0,1,, -1,1,0,1,70,16,7,2021,11:35,1,202,202037,2,1,0,2,TOUTES RUES,42.61841,9.43722,11,3,3
202100026702,153Â 980,B01,1,1,1,5,2,6,-1,0,0,-1,2021,42.0,1,6,0,2,7,17,1,,3,136,0,,2,2,0,1,6,640,3,, -1,1,0,1,80,28,7,2021,15:50,1,26,26344,1,1,0,3,380 Chemin de Saudon,44.62498,5.02006,15,2,2
202100018547,168Â 483,A01,1,1,2,0,1,-1,-1,-1, -1,-1,2021,32.0,3,2,0,2,7,13,1,,3,BEAUREGARD DE ROUTE,0,,2,2,0,1,(1),(1),3,, -1,2,0,1,50,16,9,2021,15:00,1,69,69264,1,1,0,5,BEAUREGARD (DE) (RTE),45.99873,4.73963,15,4,3
202100040473,129Â 260,A01,2,2,1,0,2,0,-1,-1, -1,-1,2021,15.0,1,1,0,2,7,10,1,,4,EPINETTE RUE DE L,0,,3,2,0,1,(1),(1),1,, -1,1,0,4,50,9,5,2021,15:30,1,59,59560,1,1,0,3,EPINETTE RUE DE L,50.55596,3.05865,15,4,2
202100006576,190Â 042,B01,1,1,1,1,2,6,-1,-1, -1,-1,2021,30.0,2,1,0,2,1,2,1,,3,LONGPONT (ROUTE DE),0,,2,2,0,1,0,0,1,, -1,1,0,1,50,23,11,2021,08:30,1,91,91549,2,1,0,3,LONGPONT (ROUTE DE),48.65128,2.30807,8,2,2
202100012225,179Â 867,A01,1,1,2,2,2,0,-1,-1, -1,-1,2021,36.0,3,1,0,2,7,1,3,,4,,0,,1,1,0,1,(1),(1),2,, -1,1,5,1,50,18,10,2021,11:35,1,15,15014,2,6,0,3,MOULIN (RUE JEAN),44.918356,2.424784,11,2,2
202100046699,118Â 304,A01,1,1,1,5,2,-1,-1,0,0,-1,2021,21.0,3,1,8,0,0,1,5,,4,,-1,,-1,1,0,4,(1),(1),1,, -1,1,9,3,50,25,3,2021,16:56,1,52,52449,1,1,0,6,Chemin de l'Ãtang,47.835795,5.322329,16,1,1
202100026745,153Â 915,A01,2,2,1,5,0,-1,-1,0,0,-1,2021,20.0,1,5,0,0,1,1,1,,3,2,-1,,2,2,0,1,6,(1),1,, -1,1,0,3,50,30,7,2021,00:50,5,988,98817,2,1,0,6,Route de la corniche/RPS2,-22.276995,166.573699,0,2,1
202100023804,159Â 071,A01,1,1,1,5,2,6,-1,0,0,-1,2021,17.0,1,1,0,0,1,0,1,,3,111,-1,D,2,2,0,1,6,10,3,,4,1,0,3,80,15,8,2021,17:30,1,34,34163,1,1,0,7,D111,43.653738,3.699474,17,1,1
202100042464,125Â 715,A01,1,1,1,0,1,8,-1,-1, -1,-1,2021,19.0,3,2,6,0,1,1,1,,4,MOUGEOT (RUE DENIS),0,,2,2,0,3,0,0,3,, -1,1,0,8,50,24,4,2021,20:35,2,52,52045,2,1,0,6,MOUGEOT (RUE DENIS),48.65009,4.9721,20,1,1
202100055802,102Â 121,A01,1,1,1,0,1,-1,-1,-1, -1,-1,2021,21.0,1,2,2,0,1,1,1,,3,218,0,,2,2,1,2,12,480,3,, -1,7,-1,5,70,8,1,2021,12:20,1,33,33529,1,1,0,6,BISCAROSSE (AVE) DUNE VERS BISCA,44.572214,-1.220448,12,1,1
202100043118,124Â 602,A01,1,1,1,2,2,6,-1,-1, -1,-1,2021,21.0,1,1,12,0,7,1,1,,1,A507 sens Marseille - Aubagne,0,,1,3,0,1,5,949,1,, -1,1,1,1,70,21,4,2021,09:00,1,13,13055,1,1,0,6,A507 sens Marseille - Aubagne,43.300729,5.425132,9,1,1
202100000573,200Â 679,A01,1,1,1,5,1,8,-1,-1, -1,-1,2021,19.0,1,2,15,0,9,1,1,,7,L'ENJOLRAS (AVE DE),0,,2,2,0,1,0,0,1,, -1,9,8,1,50,9,11,2021,01:00,5,13,13075,2,1,0,5,L'ENJOLRAS (AVE DE),43.3395,5.4546,1,1,1
202100014102,176Â 491,A01,4,2,1,0,1,0,-1,-1, -1,-1,2021,10.0,2,2,0,2,1,2,0,,1,AUTOROUTE A1,0,,3,4,0,1,7,500,1,, -1,1,0,1,90,10,10,2021,17:30,1,93,93013,1,1,0,2,AUTOROUTE A1,48.9388824189,2.4179720876,17,3,2
202100028095,151Â 488,B01,1,1,1,9,2,-1,-1,-1, -1,-1,2021,54.0,3,1,0,2,1,1,1,,4,FRANCIS DE PRESSENSE                (AV),0,,2,2,1,1,(1),(1),1,, -1,1,0,1,50,19,7,2021,08:35,1,69,69259,2,3,0,3,FRANCIS DE PRESSENSE (AV),45.7172,4.8704,8,2,2
202100045235,120Â 867,A01,10,3,2,5,0,-1,-1,3,3,1,2021,62.0,0,2,0,1,4,4,3,,4,EMILE CAILLOL (RUE),0,,2,1,0,1,(1),(1),1,, -1,1,0,1,50,3,4,2021,09:30,1,13,13212,2,1,0,6,EMILE CAILLOL (RUE),43.3025,5.4159,9,2,1
202100023945,158Â 832,A01,1,1,1,5,0,-1,-1,0,0,-1,2021,64.0,1,2,0,0,9,1,1,,3,28,-1,,2,2,0,1,47,100,1,, -1,1,2,3,80,26,7,2021,22:20,2,29,29201,1,1,0,7,Lieu Dit Kerbizivin,48.392082,-4.735708,22,1,1
202100028577,150Â 638,A01,1,1,1,5,0,-1,-1,0,0,-1,2021,15.0,0,6,6,0,7,1,1,,4,,-1,,2,2,0,1,(1),(1),1,,4,1,0,1,80,18,7,2021,00:00,5,33,33551,1,1,0,6,11 Lieu Dit Bidou,45.078597,-0.620486,0,1,1
202100025127,156Â 741,A01,2,2,1,5,1,0,-1,-1, -1,-1,2021,32.0,3,2,0,2,6,2,2,,4,BESANCON (DU 72TER A LA FIN),0,,2,2,0,1,(1),(1),1,, -1,2,0,1,50,7,8,2021,23:00,5,25,25462,2,3,1,2,BESANCON (DU 72TER A LA FIN),46.91702,6.34431,23,3,2
202100006466,190Â 239,A01,10,3,2,5,0,-1,-1,2,3,1,2021,75.0,2,2,0,1,4,4,1,,4,RUE DE NANCY,0,,1,1,0,1,(1),(1),1,, -1,1,0,1,30,24,11,2021,10:45,1,75,75110,2,4,0,6,RUE DE NANCY,48.872065,2.359832,10,2,1
202100012482,179Â 396,B01,1,1,1,5,2,6,-1,0,0,-1,2021,33.0,1,1,0,2,2,17,1,,4,AVENUE D IENA,0,,3,2,0,1,(1),(1),2,, -1,1,0,1,30,18,10,2021,16:18,1,75,75116,2,7,0,3,AVENUE D IENA,48.86795,2.295699,16,2,2