Num_Acc,id_vehicule,num_veh,place,catu,sexe,trajet,secu1,secu2,secu3,locp,actp,etatp,year_acc,victim_age,senc,catv,obs,obsm,choc,manv,motor,occutc,catr,voie,v1,v2,circ,nbv,vosp,prof,pr,pr1,plan,lartpc,larrout,surf,infra,situ,vma,jour,mois,an,hrmn,lum,dep,com,agg_,int,atm,col,adr,lat,long,hour,nb_victim,nb_vehicules
202100032005,144Â 536,A01,1,1,1,0,2,-1,-1,-1, -1,-1,2021,28.0,1,1,0,2,1,2,3,,4,,0,,2,2,0,1,0,0,1,, -1,1,0,1,50,27,6,2021,20:40,1,92,92012,2,1,0,2,JEAN JAURES (BOULEVARD) 217/FIN - 210/FI,48.8278374323,2.24679932,20,2,2
202100042325,125Â 969,A01,1,1,1,1,2,-1,-1,0,0,-1,2021,23.0,3,1,3,0,7,21,1,,4,POULGUINAN PONT DE,0,,1,2,0,1,0,0,1,, -1,1,2,1,50,27,4,2021,07:51,1,29,29232,2,1,0,7,Pont de Poulguinan,47.98399,-4.11586,7,1,1
202100019209,167Â 293,A01,1,1,2,1,2,0,-1,0,0,-1,2021,24.0,1,1,0,2,8,1,3,,4,BOULEVARD DE STRASBOURG,0,,2,5,1,2,(1),(1),1,, -1,1,0,5,30,13,9,2021,20:11,5,75,75110,2,5,0,3,BOULEVARD DE STRASBOURG,48.874816,2.3574,20,2,2
202100055266,103Â 034,B01,1,1,1,0,8,0,-1,-1, -1,-1,2021,37.0,2,1,0,2,1,1,1,,1,A86,0,,3,6,0,1,78,800,1,, -1,2,0,1,70,13,1,2021,17:55,3,92,92050,1,1,0,4,A86,48.8924467985,2.1850347181,17,3,3
202100051761,109Â 180,B01,10,3,1,0,8,-1,-1,1,9,1,2021,65.0,2,2,1,1,2,1,1,,7,941,0,M,2,3,0,2,4,0,1,, -1,7,0,1,80,12,2,2021,18:45,3,63,63263,1,1,1,6,Route de la Baraque,45.7840653164,3.0437077582,18,3,2
202100042751,125Â 225,A01,1,1,1,5,8,-1,-1,0,0,-1,2021,48.0,1,2,8,0,1,14,1,,3,529,0,D,2,2,0,1,24,10,1,, -1,1,0,4,80,24,4,2021,21:30,5,38,38499,1,1,0,1,D529 LE CREY,44.940775,5.765172,21,1,1
202100013708,177Â 200,A01,10,3,1,0,0,-1,-1,5,3,1,2021,3.0,3,2,0,1,1,26,1,,4,PARC (AVENUE DU),0,,2,2,0,1,0,0,1,, -1,1,0,1,50,12,10,2021,19:00,2,93,93073,2,1,0,6,PARC (AVENUE DU),48.95594,2.5666,19,2,1
202100017910,169Â 608,A01,1,1,2,2,1,-1,-1,0,0,-1,2021,28.0,1,2,0,0,0,1,1,,3,19,0,D,2,2,0,1,23,630,3,, -1,2,0,3,80,19,9,2021,16:53,1,43,43117,1,1,1,6,D19,45.285546,3.465242,16,1,1
202100014617,175Â 588,B01,1,1,1,0,1,0,-1,-1, -1,-1,2021,77.0,3,2,15,2,0,0,1,,7,DEPARTEMENTALE 48 (RTE ),0,,2,0,0,1,1,233,3,, -1,1,0,1,50,6,10,2021,17:00,1,13,13043,2,1,0,2,DEPARTEMENTALE 48 (RTE ),43.3968,5.21953,17,3,2
202100026767,153Â 876,B01,10,3,2,0,0,-1,-1,5,A,1,2021,79.0,2,2,1,1,5,15,1,,4,DUCHENE (RUE),0,,2,2,0,1,(1),(1),1,, -1,1,0,1,50,27,7,2021,12:15,1,42,42095,2,2,0,2,DUCHENE (RUE),45.3894748725,4.2843564727,12,3,2
202100035187,138Â 810,A01,1,1,1,0,1,-1,-1,-1, -1,-1,2021,38.0,2,2,0,2,3,14,1,,1,AUTOROUTE A 63,0,,3,4,0,1,7,500,1,, -1,1,0,1,110,11,6,2021,11:05,1,33,33122,1,1,0,3,,44.746102,-0.701387,11,2,2
202100037642,134Â 371,A01,1,1,2,9,1,-1,-1,0,0,-1,2021,27.0,1,2,0,2,2,15,1,,3,445,-1,,2,4,3,1,(1),(1),1,, -1,1,0,1,50,30,5,2021,14:55,1,91,91235,2,2,0,1,Av du Dr Louis Francois Fichez,48.641746,2.363069,14,3,2
202100014923,175Â 037,B01,2,2,1,1,8,8,-1,-1, -1,-1,2021,59.0,2,5,0,2,2,1,1,,1,A13W,0,,1,3,0,1,39,0,1,, -1,2,0,1,130,5,10,2021,19:20,3,78,78029,1,1,1,3,A13W,48.963548,1.841649,19,3,2
202100035079,138Â 993,B01,1,1,1,0,2,0,-1,-1, -1,-1,2021,56.0,1,1,0,2,8,19,5,,3,POMPADOUR(CARREFOUR),0,,1,3,1,1,1,0,1,, -1,1,5,5,50,11,6,2021,20:30,1,94,94028,2,6,0,3,POMPADOUR(CARREFOUR),48.77416,2.43964,20,3,2
202100029611,148Â 857,B01,1,1,1,5,1,0,-1,-1, -1,-1,2021,19.0,2,2,0,2,7,1,1,,4,JULIEN GREE (RUE),0,,2,2,0,1,(1),(1),1,, -1,2,0,1,50,11,7,2021,01:09,5,10,10387,2,2,0,3,MAURICE ROMAGON (RUE),48.28203,4.09087,1,2,2
202100015735,173Â 539,A01,2,2,2,5,1,0,-1,0,0,-1,2021,49.0,2,2,15,2,2,15,1,,4,PORTE DE VINCENNES,0,,1,4,0,1,31,700,1,, -1,1,0,1,70,30,9,2021,19:15,2,75,75120,2,1,0,4,BD PERIPHERIQUE EXTERIEUR,48.848263,2.414947,19,4,3
202100025547,156Â 008,A01,1,1,1,9,2,6,-1,0,0,-1,2021,56.0,1,1,0,0,0,0,1,,3,20,0,R,2,4,0,3,28,100,1,, -1,1,0,1,90,6,8,2021,14:05,1,91,91226,1,1,0,7,Route Nationale 20,48.480194,2.192287,14,1,1
202100027113,153Â 250,A01,10,3,2,3,0,-1,-1,2,3,1,2021,86.0,0,2,0,1,2,9,1,,3,724,0,D,2,2,0,1,24,354,1,, -1,1,0,1,50,10,7,2021,11:20,1,41,41084,2,7,0,6,17 Rue Nationale,47.385793,1.957445,11,2,1
202100023070,160Â 381,A01,1,1,2,0,1,8,-1,-1, -1,-1,2021,31.0,2,2,14,0,1,1,0,,7,ESPLANADE FRANCOIS MITTERRAND ,0,,1,2,0,1,13,711,1,, -1,1,0,3,50,26,7,2021,22:55,5,31,31149,2,1,0,6,RN124,43.60621,1.33497,22,1,1
202100018498,168Â 568,B01,1,1,1,0,2,6,-1,0,0,-1,2021,46.0,3,1,0,2,1,9,1,,2,7,-1,,3,5,0,1,28,160,1,, -1,1,0,1,50,17,9,2021,15:55,1,38,38468,2,2,0,3,N7,45.349124,4.802962,15,2,2
202100038442,132Â 932,B01,1,1,1,5,0,-1,-1,0,0,-1,2021,15.0,0,1,0,2,1,1,5,,3,518,-1,,2,2,0,1,(1),(1),1,, -1,1,5,1,80,26,5,2021,13:45,1,38,38384,1,2,0,3,D518,45.342743,5.333406,13,2,2
202100017034,171Â 171,A01,10,3,2,5,0,-1,-1,5,5,2,2021,1.0,2,2,0,1,1,9,1,,4,RUE DE L AMIRAL D ESTAING,0,,1,1,0,1,(1),(1),1,, -1,1,0,4,30,23,9,2021,13:30,1,75,75116,2,1,0,6,RUE DE L AMIRAL D ESTAING,48.867185,2.293289,13,2,1
202100044448,122Â 239,A01,1,1,1,1,8,8,-1,-1, -1,-1,2021,31.0,1,1,12,0,8,26,3,,3,STALINGRAD (AVENUE DE),0,,2,2,0,2,0,0,1,, -1,2,0,1,50,10,4,2021,13:35,1,91,91477,2,1,1,7,STALINGRAD (AVENUE DE),48.715255,2.256093,13,1,1
202100031055,146Â 231,B01,1,1,1,1,0,0,-1,-1, -1,-1,2021,35.0,0,1,0,0,0,0,5,,4,TEMPLEMARS RUE DU MONT DE,0,,3,2,0,1,(1),(1),1,, -1,1,0,1,50,1,7,2021,08:45,1,59,59648,2,1,0,2,TEMPLEMARS RUE DU MONT DE,50.5749702447,3.0303812027,8,2,2
202100052505,107Â 868,A01,1,1,2,1,1,-1,-1,0,0,-1,2021,29.0,0,2,0,2,1,15,1,,3,,-1,,2,4,0,1,(1),(1),1,, -1,1,5,1,70,5,2,2021,09:00,1,38,38449,1,2,0,3,Boulevard de Tharabie,45.6582401803,5.1011590506,9,2,2
202100003819,194Â 926,B01,2,2,2,0,1,0,-1,-1, -1,-1,2021,15.0,1,2,0,2,4,2,1,,1,AUTOROUTE A3,0,,1,3,0,1,6,0,3,, -1,2,0,1,70,10,12,2021,09:45,1,93,93010,1,1,0,4,AUTOROUTE A3,48.89093,2.47359,9,6,5
202100008937,185Â 743,B01,1,1,2,5,1,-1,-1,-1, -1,-1,2021,34.0,0,2,0,2,8,15,1,,4,POUSSIN. RUE NICOLAS,0,,2,2,0,1,0,0,1,, -1,1,0,1,50,7,11,2021,20:00,5,76,76231,2,3,0,3,POUSSIN. RUE NICOLAS,49.285994,1.003411,20,2,2
202100019513,166Â 751,A01,10,3,1,9,0,-1,-1,2,5,1,2021,36.0,2,2,0,1,3,1,1,,4,RUE CROZATIER,0,,2,2,0,1,(1),(1),1,, -1,1,0,1,30,11,9,2021,18:40,1,75,75112,2,4,0,6,RUE CROZATIER,48.849660683,2.379435894,18,4,2
202100031556,145Â 351,A01,1,1,1,1,2,6,-1,-1, -1,-1,2021,43.0,1,1,0,2,1,3,1,,1,A104,0,,3,4,0,1,24,399,1,, -1,1,0,1,90,1,7,2021,08:50,1,77,77438,1,1,0,5,A104,48.8672434741,2.6703641706,8,3,3
202100037348,134Â 909,A01,1,1,1,1,1,-1,-1,0,0,-1,2021,60.0,2,2,2,0,2,1,1,,3,115,0,A,2,2,0,2,(1),(1),1,, -1,1,0,1,80,1,6,2021,10:00,1,66,66150,1,1,1,7,Route de la Preste,42.410962,2.457789,10,1,1
202100033164,142Â 484,A01,3,2,1,5,1,0,-1,-1, -1,-1,2021,8.0,2,2,1,0,1,2,1,,1,A86 EXT,0,,1,3,0,1,61,668,1,, -1,1,0,1,110,20,6,2021,10:57,1,78,78640,1,1,0,2,A86 EXT,48.77956,2.19124,10,4,2
202100049871,112Â 595,B01,2,2,2,0,1,0,-1,-1, -1,-1,2021,38.0,2,2,0,2,1,16,1,,4,LEDRU ROLLIN QUAI NÂ° 1 A 99,0,,2,2,0,1,0,0,1,, -1,1,0,1,50,27,2,2021,16:30,1,72,72181,2,3,0,3,LEDRU ROLLIN QUAI NÂ° 1 A 99,48.00923,0.19393,16,3,2
202100015399,174Â 180,A01,10,3,1,3,0,-1,-1,3,3,1,2021,72.0,2,2,0,1,1,26,2,,3,36,-1,,2,2,0,1,(1),(1),1,, -1,1,6,1,30,25,9,2021,08:40,1,45,45300,2,1,1,6,36 Route d OrlÃ©ans,47.845516,2.032578,8,2,1
202100011723,180Â 774,A01,1,1,1,5,8,-1,-1,0,0,-1,2021,15.0,1,2,15,0,9,13,1,,3,14,0,,2,2,0,1,21,280,1,, -1,1,0,3,70,21,8,2021,00:25,3,45,45335,1,1,0,6,D14-PR 21 + 280,47.805027,2.109461,0,3,1
202100020278,165Â 390,B01,1,1,2,0,1,0,-1,0,0,-1,2021,22.0,1,2,0,2,4,2,1,,4,VINGT SIXIEME R.I.,0,,2,4,2,1,(1),(1),1,, -1,1,-1,1,50,6,9,2021,17:16,1,54,54395,2,1,0,2,Boulevard du 26e RÃ©giment dâInfanterie,48.6988756004,6.1876271801,17,2,2
202100024199,158Â 417,B01,1,1,2,0,1,-1,-1,0,0,-1,2021,24.0,0,2,0,2,1,1,1,,3,118,0,D,2,2,0,1,3,390,3,, -1,1,0,1,80,15,8,2021,15:20,1,60,60142,1,1,0,1,D118,49.1295709702,2.5400691031,15,2,2
202100027864,151Â 907,C01,2,2,2,5,1,-1,-1,-1, -1,-1,2021,52.0,2,2,0,2,1,2,1,,1,AUTOROUTE A 10,0,,3,6,0,1,530,979,1,, -1,1,0,1,110,21,7,2021,03:10,3,33,33143,1,1,0,4,AUTOROUTE A 10,44.974968,-0.433433,3,7,4
202100018250,168Â 992,B01,1,1,1,5,2,7,-1,0,0,-1,2021,50.0,1,1,0,2,8,21,1,,3,1,0,,2,1,0,1,37,730,1,,5,1,0,1,80,19,9,2021,17:35,1,2,2217,1,1,0,1,"D1, coucy",49.513674,3.310168,17,2,2
202100048079,115Â 807,A01,1,1,1,1,1,-1,-1,0,0,-1,2021,24.0,2,2,16,0,1,2,1,,1,404,-1,,1,4,0,1,9,230,1,, -1,9,0,3,110,15,3,2021,07:20,1,1,1237,1,1,1,7,A404,46.202557,5.593414,7,1,1
202100015350,174Â 274,A01,10,3,1,0,0,-1,-1,2,3,1,2021,73.0,3,1,0,1,1,1,1,,7,PLAGE BOULEVARD DE LA,0,,3,5,1,1,(1),(1),1,, -1,1,0,1,50,2,10,2021,11:00,1,6,6027,2,1,0,6,PLAGE BOULEVARD DE LA,43.657816,7.170693,11,2,1
202100037063,135Â 451,B01,1,1,1,2,2,0,-1,-1, -1,-1,2021,16.0,1,1,0,2,3,13,5,,4,ETIENNE DOLET (R),0,,2,2,0,1,0,0,1,, -1,1,0,1,50,31,5,2021,17:30,1,94,94002,2,1,0,3,ETIENNE DOLET (R),48.79461,2.42549,17,2,2
202100055702,102Â 295,A01,2,2,2,5,2,6,9,0,0,-1,2021,36.0,1,1,0,0,8,15,1,,3,10,0,,2,2,0,2,13,305,1,0,"6,6",1,0,1,80,10,1,2021,16:15,1,16,16090,1,1,0,7,,45.611255,-0.067897,16,2,1
202100010558,182Â 859,A01,1,1,1,1,2,0,-1,0,0,-1,2021,22.0,2,1,0,2,1,17,3,,4,RUE JOUFFROY D ABBANS,0,,2,2,0,1,(1),(1),1,, -1,1,0,1,30,28,10,2021,15:15,1,75,75117,2,1,0,3,RUE JOUFFROY D ABBANS,48.885682,2.30872,15,2,2
202100014356,176Â 049,A01,2,2,2,5,1,0,-1,-1, -1,-1,2021,23.0,3,2,1,0,3,13,1,,4,VOLTAIRE (RUE),0,,2,2,0,1,(1),(1),1,, -1,1,0,1,30,9,10,2021,01:00,5,59,59650,2,9,0,6,VOLTAIRE (RUE),50.7112913585,3.1963298562,1,2,1
202100044892,121Â 476,A01,2,2,1,4,1,-1,-1,0,0,-1,2021,36.0,2,5,0,2,2,1,1,,1,40,0,,1,2,0,1,178,500,1,, -1,1,0,1,130,8,4,2021,05:20,3,1,1301,1,1,0,2,A40 - PK178 +500,46.264692,5.143694,5,3,2
202100010082,183Â 678,A01,1,1,2,1,2,6,-1,0,0,-1,2021,32.0,1,1,16,0,0,1,1,,3,30,-1,,2,2,0,1,6,400,1,, -1,6,0,3,80,30,10,2021,20:44,3,14,14745,1,1,1,7,D30,49.366117,-0.905042,20,1,1
202100039751,130Â 527,A01,1,1,1,0,8,-1,-1,0,0,-1,2021,21.0,1,2,0,2,7,13,1,,3,951,-1,,2,2,0,1,24,200,1,, -1,2,0,1,90,16,5,2021,11:50,1,18,18209,1,1,1,1,RD 951 PK 24+200,46.688118,2.467504,11,3,2
202100018799,168Â 041,A01,10,3,1,4,0,-1,-1,4,4,2,2021,61.0,2,2,0,1,7,1,1,,4,RUE CARDINET,0,,2,2,0,1,(1),(1),1,, -1,1,0,1,30,14,9,2021,16:30,1,75,75117,2,3,0,6,RUE CARDINET,48.890245,2.317221,16,2,1
202100050514,111Â 406,A01,1,1,2,0,1,-1,-1,0,0,-1,2021,39.0,1,2,0,2,6,1,1,,3,,0,D,2,2,0,2,47,(1),2,, -1,1,5,1,70,23,2,2021,17:45,1,22,22347,1,2,0,3,Rue de Traou Meur,48.7835402258,-3.2043600082,17,2,2
202100041151,128Â 046,B01,1,1,1,5,2,0,-1,-1, -1,-1,2021,28.0,1,1,0,2,1,1,1,,3,STALINGRAD (BD DE),0,,1,2,0,1,0,1,2,, -1,1,0,1,50,5,5,2021,21:45,5,94,94022,2,2,0,3,Boulevard de Stalingrad,48.7727560439,2.4002766609,21,6,2
202100012119,180Â 049,A01,10,3,1,4,9,-1,-1,6,A,2,2021,52.0,1,5,1,1,6,20,1,,4,,-1,,2,2,0,2,(1),(1),1,,4,1,0,1,50,20,10,2021,17:10,1,68,68292,2,1,0,6,12 Rue Rene Biery,47.870907,7.036803,17,2,1
202100037061,135Â 454,C01,1,1,1,9,2,0,-1,-1, -1,-1,2021,50.0,2,1,0,2,6,1,5,,3,WESTERMEYER (R),0,,1,1,0,1,0,375,1,, -1,1,0,1,50,1,6,2021,18:20,1,94,94041,2,4,0,3,Rue Westermeyer,48.81805,2.39489,18,2,2
202100028243,151Â 210,A01,1,1,1,5,8,-1,-1,0,0,-1,2021,38.0,2,2,6,0,7,1,1,,2,30,-1,,2,2,0,2,17,500,3,, -1,1,0,3,70,20,7,2021,03:25,5,202,202093,1,1,0,4,ZA CORABARA - RT 30,42.611317,8.891501,3,1,1
202100029774,148Â 567,A01,10,3,2,5,0,-1,-1,3,1,1,2021,24.0,1,2,0,1,1,1,1,,3,ROBERT SCHUMANN (BOULEVARD),0,,2,4,0,1,0,260,1,, -1,1,0,1,50,7,7,2021,17:36,1,57,57757,2,1,0,6,ROBERT SCHUMANN (BOULEVARD),49.35379,6.17957,17,2,1
202100020115,165Â 670,A01,10,3,2,5,0,-1,-1,3,3,1,2021,52.0,1,2,0,1,1,1,1,,3,FOCH (AV),0,,2,2,0,1,0,0,1,, -1,1,2,1,30,7,9,2021,09:20,1,94,94068,2,1,0,1,FOCH (AV),48.80518,2.48422,9,2,1
202100028452,150Â 857,A01,10,3,1,5,0,-1,-1,2,5,1,2021,4.0,2,2,0,1,8,1,1,,4,MONT BLANC (DU)                     (AV),0,,2,2,0,1,(1),(1),1,, -1,1,9,1,50,17,7,2021,17:00,1,69,69286,2,1,0,6,MONT BLANC (DU)  (AV),45.81162,4.89412,17,3,1
202100041512,127Â 410,B01,1,1,1,9,2,6,-1,-1, -1,-1,2021,32.0,1,1,0,2,3,0,1,,4,MADAGASCAR. RUE DE,0,,1,2,0,1,(1),(1),2,, -1,1,0,1,50,3,5,2021,14:10,1,76,76540,2,9,0,6,MADAGASCAR. RUE DE,49.437,1.06616,14,2,2
202100041210,127Â 943,B01,1,1,1,5,2,-1,-1,0,0,-1,2021,55.0,1,1,0,2,8,1,5,,3,23,0,,2,2,0,1,17,70,1,, -1,1,0,1,50,7,5,2021,19:00,1,57,57160,2,2,0,1,rue des Jonquilles/rue de la Houve,49.21479,6.694032,19,2,2
202100011911,180Â 434,A01,1,1,1,5,1,-1,-1,0,0,-1,2021,23.0,2,2,8,0,2,14,1,,3,993,0,,2,2,0,2,52,275,2,, -1,1,0,3,90,22,10,2021,00:30,3,12,12208,1,1,0,6,D993,43.97636,2.913437,0,2,2
202100015591,173Â 810,B01,1,1,1,1,2,6,-1,-1, -1,-1,2021,24.0,0,1,0,2,1,1,1,,4,AVE DE VERDUN,0,,2,2,0,1,(1),(1),1,, -1,1,0,1,50,1,10,2021,12:58,1,33,33281,2,3,0,3,Avenue de Verdun,44.84136,-0.64438,12,2,2
202100050444,111Â 533,A01,1,1,1,0,2,6,-1,-1, -1,-1,2021,16.0,1,1,0,2,1,2,1,,3,EUROPE (BD) AVE. NANTES/PONT VIVIER,0,,2,4,0,1,3,792,3,, -1,1,3,1,70,23,2,2021,18:00,1,79,79191,2,2,0,2,Boulevard de l'Europe,46.335697,-0.45165,18,2,2
202100012517,179Â 337,A01,1,1,1,0,1,-1,-1,0,0,-1,2021,34.0,2,2,4,0,3,13,1,,1,10,-1,,2,3,0,1,138,850,2,,10,1,0,1,-1,25,8,2021,18:30,1,41,41252,1,1,0,6,"Autoroute A10, PK138.650",47.690844,1.43142,18,1,1
202100051303,109Â 971,A01,2,2,2,9,1,0,-1,-1, -1,-1,2021,63.0,1,2,0,2,1,1,1,,4,GEORGES POMPIDOU BD,0,,2,4,1,1,(1),(1),1,, -1,2,0,1,50,15,2,2021,11:00,1,10,10387,2,2,0,3,GEORGES POMPIDOU (RUE),48.28894,4.08425,11,3,2
202100027275,152Â 970,A01,1,1,1,5,2,-1,-1,0,0,-1,2021,41.0,0,1,2,0,0,0,1,,9,,0,,-1,1,0,1,(1),(1),1,, -1,3,0,8,50,24,7,2021,17:40,1,45,45327,1,1,0,6,Les Arrachis,47.934488,2.076067,17,1,1
202100032920,142Â 915,B01,1,1,1,9,1,0,-1,-1, -1,-1,2021,44.0,2,2,0,0,8,15,3,,4,MUSSELBURGH (R DE),0,,3,2,0,1,0,0,1,, -1,1,0,1,50,22,6,2021,17:50,1,94,94017,2,1,0,3,Rue de Musselburgh,48.806394,2.523263,17,2,2
202100041640,127Â 172,B01,1,1,2,5,1,0,-1,-1, -1,-1,2021,31.0,3,2,0,2,0,0,0,,4,HAGUENAU,0,,1,1,0,1,(1),(1),3,, -1,1,0,1,50,8,4,2021,19:50,1,62,62193,2,6,0,2,HAGUENAU,50.940305,1.877946,19,2,2
202100033872,141Â 214,A01,1,1,1,5,2,6,-1,0,0,-1,2021,32.0,1,1,0,2,2,13,1,,4,PORTE D ORLEANS,0,,1,4,0,1,5,600,1,, -1,1,0,1,70,14,6,2021,10:50,1,75,75114,2,1,0,2,PORTE D ORLEANS,48.820927,2.321828,10,4,2
202100018169,169Â 132,A01,1,1,1,1,2,6,-1,0,0,-1,2021,48.0,2,1,0,2,2,2,1,,4,BOULEVARD SAINT GERMAIN,0,,1,3,0,2,(1),(1),1,, -1,1,5,1,30,17,9,2021,23:47,5,75,75105,2,5,0,2,BOULEVARD SAINT GERMAIN,48.850817,2.345528,23,2,2
202100022473,161Â 463,A01,10,3,2,3,0,-1,-1,3,3,1,2021,40.0,2,1,0,1,3,1,5,,4,BOULEVARD DE BELLEVILLE,0,,1,1,1,1,(1),(1),1,, -1,1,0,5,30,26,8,2021,17:40,1,75,75111,2,1,0,6,BOULEVARD DE BELLEVILLE,48.867938,2.381807,17,2,1
202100043624,123Â 702,A01,1,1,1,0,2,6,-1,-1, -1,-1,2021,23.0,2,1,0,2,1,17,1,,4,HARDOY (RUE DE),0,,2,2,0,2,0,0,1,, -1,1,0,1,50,16,4,2021,18:30,1,64,64024,2,3,0,5,HARDOY (RUE DE),43.49342,-1.50885,18,3,3
202100004202,194Â 244,A01,1,1,1,0,1,0,-1,-1, -1,-1,2021,67.0,2,2,0,2,1,1,1,,1,AUTOROUTE A6,0,,3,6,0,1,23,584,1,, -1,1,0,1,110,8,12,2021,18:10,3,91,91521,1,1,0,4,AUTOROUTE A6,48.642976,2.391546,18,3,3
202100026606,154Â 148,A01,1,1,1,4,1,4,-1,-1, -1,-1,2021,21.0,2,5,0,2,1,1,1,,1,A4,0,,1,4,0,1,9,0,1,, -1,1,1,2,90,28,7,2021,14:30,1,94,94017,1,1,0,2,A4,48.8273238388,2.5090636814,14,2,2
202100055156,103Â 227,A01,1,1,1,0,2,6,-1,-1, -1,-1,2021,56.0,1,1,0,2,4,1,1,,3,7,0,,3,2,0,4,5,0,1,, -1,2,1,1,50,13,1,2021,09:20,1,91,91027,2,1,1,2,AV FRANCOIS MITTERRAND,48.70643,2.3714,9,2,2
202100012516,179Â 338,B01,1,1,2,4,1,5,-1,0,0,-1,2021,39.0,2,2,4,0,4,2,1,,1,10,0,A,4,3,0,2,156,200,1,,10,1,8,1,80,15,10,2021,08:29,2,41,41223,1,1,0,2,A10,47.618951,1.250768,8,2,2
202100040378,129Â 430,A01,1,1,2,5,2,0,-1,-1, -1,-1,2021,50.0,1,1,0,2,0,1,5,,3,BD DE STALINGRAD ,0,,1,2,0,1,1,0,1,, -1,2,0,1,50,11,5,2021,15:10,1,94,94022,2,1,1,7,Boulevard de Stalingrad,48.76816,2.40304,15,3,3
202100044136,122Â 782,A01,1,1,1,9,2,0,-1,-1, -1,-1,2021,17.0,3,1,8,0,1,13,1,,4,PAULMY (AVENUE DES ALLEES),0,,3,6,3,1,0,0,1,, -1,1,0,1,50,12,4,2021,12:35,1,64,64102,2,1,0,7,PAULMY (AVENUE DES ALLEES),43.49193,-1.48096,12,1,1
202100043018,124Â 779,B01,1,1,1,0,2,0,-1,-1, -1,-1,2021,29.0,0,1,0,2,7,26,1,,4,PASCAL BLAISE (AVENUE),0,,-1,2,0,1,(1),(1),1,, -1,1,0,8,50,22,4,2021,14:40,1,60,60057,2,1,0,3,Avenue Blaise Pascal,49.4189,2.11411,14,2,2
202100012980,178Â 537,B01,1,1,1,1,2,-1,-1,0,0,-1,2021,57.0,2,1,0,2,8,23,1,,3,28,-1,E,2,2,0,1,0,1,1,, -1,1,0,1,50,15,10,2021,18:30,1,51,51308,2,3,0,3,D28E3,49.288435,3.806393,18,2,2
202100051089,110Â 357,B01,1,1,1,1,2,0,-1,-1, -1,-1,2021,17.0,1,1,0,2,0,0,1,,3,ALSACE LORRAINE (BD D),0,,2,2,0,1,1,0,1,, -1,1,0,1,50,18,2,2021,22:15,5,94,94058,2,2,0,1,ALSACE LORRAINE (BD D),48.84921,2.49607,22,2,2
202100045103,121Â 117,A01,10,3,1,4,8,8,-1,0,9,2,2021,28.0,1,1,0,1,1,0,1,,3,AV PAUL VAILLANT COUTURIER ,0,,2,2,0,1,1,0,1,, -1,1,0,1,50,2,4,2021,18:50,1,94,94081,2,1,0,6,Avenue Paul Vaillant Couturier,48.79351,2.39594,18,2,1
202100035883,137Â 547,B01,1,1,1,9,1,8,-1,-1, -1,-1,2021,22.0,2,2,0,2,1,1,1,,3,418,0,,-1,2,0,1,7,750,1,, -1,1,0,1,50,6,6,2021,18:50,1,77,77464,2,1,0,1,CLAYE  (RUE DE  ),48.89304,2.70832,18,4,2
202100027182,153Â 128,A01,1,1,1,4,1,0,-1,-1, -1,-1,2021,26.0,2,4,13,0,7,14,1,,1,A104,0,,1,2,0,1,14,800,1,, -1,1,0,8,90,23,7,2021,21:00,1,77,77514,1,1,0,7,A104,48.94252,2.628311,21,1,1
202100029522,149Â 024,B01,1,1,2,5,1,-1,-1,0,0,-1,2021,36.0,2,2,0,0,3,1,1,,2,5,-1,,2,2,0,1,(1),(1),1,, -1,1,0,1,50,11,7,2021,19:31,3,971,97125,2,1,0,1,N5,16.260668,-61.275891,19,2,2
202100043324,124Â 221,B01,1,1,1,5,8,0,-1,-1, -1,-1,2021,66.0,2,1,14,0,0,0,0,,3,TRAPPISTINES ( BOULEVARD DES ),0,,2,2,0,1,0,0,1,, -1,1,5,1,50,20,4,2021,12:10,1,53,53130,2,2,0,3,TRAPPISTINES ( BOULEVARD DES ),48.05985,-0.77606,12,2,2
202100056126,101Â 558,A01,1,1,1,1,2,6,-1,-1, -1,-1,2021,42.0,1,1,0,2,3,3,1,,1,AUTOROUTE A86,0,,3,6,0,1,27,799,1,, -1,1,0,1,90,4,1,2021,19:30,3,93,93064,1,1,0,3,AUTOROUTE A86,48.87275,2.48041,19,2,2
202100039470,131Â 055,A01,1,1,2,5,1,0,-1,0,0,-1,2021,33.0,2,2,0,2,1,2,1,,4,BOULEVARD PERIPHERIQUE,0,,1,4,0,1,14,400,1,, -1,1,1,1,70,16,5,2021,17:50,1,75,75116,2,1,0,4,BOULEVARD PERIPHERIQUE,48.864239,2.266641,17,3,3
202100016208,172Â 665,A01,1,1,1,5,1,0,-1,-1, -1,-1,2021,54.0,2,2,0,2,1,2,1,,2,33 PK RN11 NANTES ROCADE,0,,2,4,0,1,34,686,1,, -1,1,0,1,50,28,9,2021,16:00,1,17,17291,1,1,0,4,N11,46.17315,-1.1168,16,3,3
202100026950,153Â 538,A01,10,3,2,3,0,-1,-1,2,A,1,2021,70.0,1,5,0,1,2,1,3,,4,RUE BEAUREPAIRE,0,,-1,1,0,1,(1),(1),1,, -1,2,0,1,30,26,7,2021,12:40,2,75,75110,2,1,1,6,RUE BEAUREPAIRE,48.870646,2.363979,12,2,1
202100049324,113Â 598,A01,2,2,1,0,1,-1,-1,0,0,-1,2021,17.0,2,2,2,0,7,21,1,,3,103,-1,,1,1,0,1,3,305,1,, -1,1,0,3,70,4,3,2021,17:00,1,6,6152,1,1,0,7,Route du Parc,43.617223,7.037113,17,2,1