Num_Acc,id_vehicule,num_veh,place,catu,sexe,trajet,secu1,secu2,secu3,locp,actp,etatp,year_acc,victim_age,senc,catv,obs,obsm,choc,manv,motor,occutc,catr,voie,v1,v2,circ,nbv,vosp,prof,pr,pr1,plan,lartpc,larrout,surf,infra,situ,vma,jour,mois,an,hrmn,lum,dep,com,agg_,int,atm,col,adr,lat,long,hour,nb_victim,nb_vehicules
202100032351,143Â 935,A01,10,3,1,5,0,-1,-1,1,3,1,2021,7.0,1,2,0,1,3,1,1,,4,CITES (RUE DES)  => 91,0,,1,1,1,1,0,0,1,, -1,1,0,1,50,24,6,2021,21:15,1,93,93001,2,1,0,3,CITES (RUE DES)  => 91,48.906037,2.387385,21,2,1
202100046211,119Â 166,A01,1,1,1,0,2,6,-1,-1, -1,-1,2021,21.0,2,1,14,0,1,11,1,,4,,0,,1,4,3,1,(1),(1),1,, -1,1,0,1,50,22,3,2021,19:45,5,69,69382,2,1,0,2,DOCTEUR GAILLETON (DU) (Q),45.75151,4.83286,19,2,2
202100046790,118Â 136,A01,1,1,1,5,2,6,-1,0,0,-1,2021,26.0,1,1,0,1,1,1,1,,4,RUE LA FAYETTE,0,,1,2,1,1,(1),(1),1,, -1,1,0,1,50,24,3,2021,12:00,1,75,75109,2,5,1,6,RUE LA FAYETTE,48.872944,2.333245,12,2,1
202100022113,162Â 100,A01,10,3,1,9,0,-1,-1,0,0,-1,2021,44.0,2,1,0,1,1,1,3,,4,RUE DE L UNIVERSITE,0,,2,2,1,1,(1),(1),1,, -1,1,0,5,30,28,8,2021,15:40,1,75,75107,2,2,0,6,RUE DE L UNIVERSITE,48.861115,2.310298,15,3,1
202100036021,137Â 303,A01,2,2,1,4,1,-1,-1,0,0,-1,2021,36.0,2,5,0,2,1,13,1,,2,36,0,,2,2,0,1,45,353,1,, -1,1,0,1,80,7,6,2021,16:26,1,77,77277,1,1,0,5,N36,48.731434,2.854578,16,4,3
202100030854,146Â 610,B01,1,1,1,5,2,0,-1,0,0,-1,2021,58.0,3,1,0,2,2,19,5,,4,ALLEE DE LONGCHAMP,0,,2,4,0,1,(1),(1),1,, -1,1,0,1,50,4,7,2021,15:55,1,75,75116,2,1,0,3,ALLEE DE LONGCHAMP,48.873493,2.267118,15,2,2
202100029435,149Â 164,A01,1,1,1,0,2,8,-1,-1, -1,-1,2021,27.0,1,1,0,2,2,1,1,,4,JEAN TCHORLOU (rd pt),0,,1,2,0,1,0,0,2,, -1,1,0,1,50,11,7,2021,18:00,1,13,13211,2,9,0,3,JEAN TCHORLOU (rd pt),43.2900061634,5.4942952006,18,1,1
202100017817,169Â 772,A01,1,1,1,5,1,-1,-1,-1, -1,-1,2021,26.0,0,2,12,0,1,1,1,,4,JENNER (PLACE),0,,1,1,0,2,0,0,1,, -1,1,1,8,50,20,9,2021,02:00,5,76,76351,2,4,0,6,JENNER (PLACE),49.50849,0.13695,2,1,1
202100021332,163Â 522,B01,9,2,2,1,1,-1,-1,0,0,-1,2021,48.0,1,2,0,2,3,1,1,,3,44,-1,,2,2,0,2,2,920,1,, -1,1,2,1,80,31,8,2021,12:20,1,68,68043,1,4,0,3,D44,47.855067,7.242463,12,6,2
202100015666,173Â 665,A01,1,1,1,5,8,-1,-1,0,0,-1,2021,43.0,1,5,0,0,1,1,1,,3,674,-1,,2,2,0,2,55,123,1,, -1,1,0,3,80,2,10,2021,22:40,3,54,54374,1,1,0,7,RD674,48.7622147192,6.4059734346,22,1,1
202100005643,191Â 702,B01,2,2,1,5,2,6,-1,0,0,-1,2021,19.0,1,1,0,2,8,1,1,,4,BOULEVARD DU GENERAL JEAN SIMON,0,,1,2,0,1,(1),(1),1,, -1,1,0,1,30,29,11,2021,11:10,1,75,75113,2,1,0,3,BOULEVARD DU GENERAL JEAN SIMON,48.82683,2.384839,11,3,2
202100039081,131Â 778,A01,1,1,1,5,0,0,-1,-1, -1,-1,2021,31.0,2,2,2,0,3,13,1,,4,GENERAL FERRIE (AVENUE),0,,2,2,1,2,(1),(1),1,, -1,1,0,4,50,19,5,2021,23:20,5,76,76351,2,1,0,6,GENERAL FERRIE (AVENUE),49.5042689999,0.1781417094,23,1,1
202100033636,141Â 643,A01,1,1,1,5,2,6,-1,0,0,-1,2021,67.0,1,1,0,0,8,1,1,,4,RUE DE LA CONVENTION,0,,2,3,3,1,(1),(1),1,, -1,8,0,1,50,17,6,2021,10:00,1,75,75115,2,2,0,7,RUE DE LA CONVENTION,48.837231,2.296463,10,1,1
202100049733,112Â 850,B01,1,1,1,9,2,0,-1,-1, -1,-1,2021,34.0,1,1,0,2,1,2,1,,1,AUTOROUTE A86,0,,3,8,0,1,15,0,1,, -1,1,0,1,90,1,3,2021,18:30,1,93,93001,1,1,0,2,AUTOROUTE A86,48.92087,2.37175,18,2,2
202100056340,101Â 192,A01,1,1,1,5,8,0,-1,-1, -1,-1,2021,20.0,1,1,0,2,1,1,1,,4,,0,,2,2,0,2,0,0,1,, -1,1,0,1,50,2,1,2021,15:10,1,15,15014,2,2,0,3,PRADES (AVENUE DES),44.9165,2.43673,15,2,2
202100011439,181Â 275,B01,1,1,1,1,2,6,-1,-1, -1,-1,2021,36.0,1,1,0,2,2,1,1,,3,SALENGRO (AVENUE ROGER),0,,3,2,0,1,0,0,1,, -1,1,0,1,50,23,10,2021,21:35,5,92,92022,2,1,0,3,SALENGRO (AVENUE ROGER),48.818735261,2.1980676055,21,2,2
202100006520,190Â 150,A01,1,1,1,5,2,6,9,0,0,-1,2021,67.0,2,1,0,2,8,1,1,,3,1205,0,D,2,2,0,1,(1),(1),2,, -1,1,0,1,50,25,11,2021,17:00,1,74,74081,2,1,0,3,Avenue Louis Rouxel (Pont),46.058748,6.57478,17,2,2
202100039738,130Â 551,A01,2,2,2,5,1,-1,-1,0,0,-1,2021,46.0,1,2,0,2,2,12,1,,1,7,0,,3,5,0,1,104,900,1,, -1,1,0,1,130,17,5,2021,06:15,2,26,26106,1,1,0,2,"Autoroute a7, PK 104.900",44.642104,4.786696,6,3,2
202100030589,147Â 076,B01,1,1,2,5,1,5,-1,-1, -1,-1,2021,68.0,1,2,0,2,7,1,1,,2,20 (R.N.) COTE NORD DU TUNNEL,0,,2,2,0,1,36,456,1,, -1,1,8,1,70,1,7,2021,16:45,1,9,9013,1,1,0,4,20 (R.N.) COTE NORD DU TUNNEL,42.980849,1.62322,16,5,5
202100011373,181Â 394,B01,1,1,1,4,2,0,-1,-1, -1,-1,2021,20.0,1,1,0,2,8,1,1,,4,GAMBETTA (BOULEVARD),0,,2,2,0,1,(1),(1),1,, -1,1,0,1,50,18,10,2021,19:15,2,62,62193,2,1,0,3,GAMBETTA (BOULEVARD),50.94712,1.84826,19,2,2
202100001989,198Â 243,B01,2,2,2,0,2,0,-1,-1, -1,-1,2021,17.0,1,1,0,2,2,1,1,,2, 1,0,,2,2,0,1,0,0,1,, -1,1,0,1,50,20,12,2021,08:05,1,976,97611,2,1,0,2,kaweni-Mangrove (route de la),-12.77585,45.2274,8,3,2
202100002336,197Â 612,B01,1,1,1,1,2,-1,-1,0,0,-1,2021,52.0,2,1,0,2,1,1,1,,3,15,0,D,2,2,0,1,17,363,1,,4,1,0,1,50,17,12,2021,17:20,2,31,31486,1,2,0,1,D15,43.425037,1.280197,17,2,2
202100025709,155Â 729,B01,1,1,1,5,1,-1,-1,-1, -1,-1,2021,68.0,3,2,0,2,1,1,1,,7,MARYSE BASTIE                       (R ),0,,2,2,0,2,0,1,1,, -1,1,0,1,70,2,8,2021,18:25,1,69,69286,2,1,0,2,MARYSE BASTIE (R),45.82535,4.91805,18,2,2
202100009944,183Â 920,A01,1,1,1,5,2,-1,-1,0,0,-1,2021,16.0,1,1,0,2,1,1,1,,3,845,-1,,2,2,0,1,3,0,1,, -1,1,0,1,50,30,10,2021,17:50,1,62,62520,2,6,0,3,Rue du 11 Novembre,50.570513,2.666341,17,2,2
202100046690,118Â 318,A01,1,1,1,0,1,-1,-1,0,0,-1,2021,20.0,2,2,13,0,2,1,1,,3,134,-1,,2,2,0,2,85,587,1,, -1,1,0,3,80,25,3,2021,22:15,3,17,17243,1,1,0,6,D134,45.252127,-0.271182,22,1,1
202100054395,104Â 533,B01,1,1,1,3,1,-1,-1,0,0,-1,2021,36.0,1,2,0,2,1,1,1,,4,,-1,,2,2,0,1,(1),(1),1,, -1,1,0,1,50,21,1,2021,13:28,1,69,69072,2,3,0,3,PLATEAU (DU) (CHM),45.800676,4.768063,13,2,2
202100029787,148Â 544,B01,1,1,2,5,8,0,-1,-1, -1,-1,2021,68.0,1,1,0,2,7,5,5,,4,DOUMER (AVENUE PAUL),0,,1,1,1,1,(1),(1),1,, -1,1,0,1,30,30,6,2021,14:00,1,40,40088,2,3,0,3,DOUMER (AVENUE PAUL),43.70236,-1.05652,14,3,2
202100001348,199Â 348,A01,1,1,2,5,1,4,-1,-1, -1,-1,2021,58.0,1,2,4,0,1,2,1,,2,RN 104,0,,3,6,0,2,40,500,3,, -1,2,0,1,30,26,12,2021,10:40,1,91,91521,1,1,1,6,RN 104,48.63405,2.40056,10,1,1
202100054982,103Â 536,A01,7,2,2,5,8,-1,-1,0,0,-1,2021,53.0,1,2,4,9,1,16,1,,1,1,0,A,1,1,0,1,122,560,3,, -1,1,0,8,70,15,1,2021,21:10,5,80,80033,1,9,0,6,A1 PK 122+000,49.886063,2.838807,21,3,1
202100054610,104Â 170,A01,10,3,1,0,0,-1,-1,2,3,1,2021,18.0,1,2,0,1,2,26,1,,3,GENERAL GALLIENI (RUE DU),0,,2,2,0,2,0,0,1,, -1,1,0,1,50,17,1,2021,13:55,1,94,94079,2,1,0,3,GENERAL GALLIENI (RUE DU),48.824,2.541,13,2,1
202100037509,134Â 621,B01,2,2,1,5,1,-1,-1,0,0,-1,2021,76.0,1,2,0,2,1,1,1,,1,1,-1,,2,2,0,1,(1),(1),1,, -1,1,0,1,50,27,5,2021,12:20,1,988,98805,1,1,0,5,VE1,-22.225938,166.461665,12,6,3
202100054663,104Â 072,B01,1,1,1,0,2,6,-1,-1, -1,-1,2021,23.0,1,1,0,2,1,1,1,,4,doujani-MosquÃ©e de doujani ( rue de la ),0,,2,0,0,1,0,0,1,, -1,1,0,1,50,17,1,2021,19:00,5,976,97611,2,1,0,1,doujani-MosquÃ©e de doujani ( rue de la ),-12.79422,45.21501,19,2,2
202100039835,130Â 377,A01,10,3,2,5,0,-1,-1,3,3,1,2021,4.0,1,2,0,1,1,1,1,,4,ISNARD (RUE MAXIMIN),0,,1,1,0,2,(1),(1),2,, -1,1,0,1,30,15,5,2021,19:47,1,6,6069,2,1,0,6,ISNARD (RUE MAXIMIN),43.66016,6.92268,19,2,1
202100038790,132Â 278,B01,1,1,1,9,2,0,-1,-1, -1,-1,2021,24.0,1,1,0,2,3,1,0,,3,REPUBLIQUE (AVENUE),0,,3,4,0,1,0,0,1,, -1,1,0,1,50,22,5,2021,19:00,1,93,93031,2,3,0,3,REPUBLIQUE (AVENUE),48.9515,2.32077,19,2,2
202100032591,143Â 518,A01,10,3,1,5,0,-1,-1,1,5,1,2021,82.0,3,4,0,1,8,26,0,,4,,-1,,2,1,0,1,(1),(1),3,,3,1,0,1,50,24,6,2021,10:30,1,67,67388,2,1,0,6,Rue des Roses,48.930185,7.664085,10,2,1
202100025822,155Â 533,A01,1,1,1,9,1,-1,-1,0,0,-1,2021,27.0,1,2,3,0,1,0,1,,1,35,0,A,2,2,0,2,(1),(1),2,, -1,1,3,2,70,4,8,2021,07:00,2,68,68118,1,1,0,6,A35 - bretelle nÂ°33,47.741437,7.42355,7,1,1
202100025756,155Â 645,B01,1,1,1,0,2,6,-1,0,0,-1,2021,51.0,1,1,0,2,3,0,1,,4,CASTORS (CHEMIN DES),0,,4,2,0,2,(1),(1),3,, -1,1,9,1,50,3,8,2021,13:45,1,6,6069,2,9,0,3,CASTORS (CHEMIN DES),43.641456,6.933079,13,2,2
202100009493,184Â 741,A01,1,1,1,1,1,-1,-1,0,0,-1,2021,56.0,1,2,0,2,9,17,1,,3,16,-1,,2,2,0,1,25,0,1,, -1,1,0,1,80,29,10,2021,14:15,1,51,51144,1,1,0,3,D16,48.735106,4.922905,14,2,2
202100048070,115Â 822,A01,1,1,1,5,1,-1,-1,0,0,-1,2021,28.0,2,2,6,0,3,0,1,,3,,-1,,2,2,0,1,29,320,3,, -1,1,0,1,80,13,3,2021,23:30,4,83,83046,1,9,0,6,D22,43.501618,6.145375,23,1,1
202100020008,165Â 868,E01,1,1,1,1,1,0,-1,-1, -1,-1,2021,30.0,2,2,0,2,1,1,1,,1,A7-Sens Marseille vers Lyon,0,,-1,3,0,1,265,500,1,, -1,1,1,1,90,8,9,2021,15:25,1,13,13071,1,1,0,4,A7-Sens Marseille vers Lyon,43.412478,5.281948,15,12,5
202100013654,177Â 306,B01,1,1,2,0,8,0,-1,-1, -1,-1,2021,46.0,0,1,0,2,4,25,0,,4,MINIMES (BD DES) DU 1AU 76,0,,1,3,3,1,(1),(1),1,, -1,1,0,4,50,12,10,2021,19:08,5,31,31555,2,1,0,6,MINIMES (BD DES) DU 1AU 76,43.615653,1.44643,19,3,3
202100013530,177Â 543,B01,2,2,2,0,2,8,-1,-1, -1,-1,2021,17.0,1,1,0,2,3,1,1,,4,LODEVE (AVENUE DE,0,,2,3,0,1,(1),(1),1,, -1,1,0,1,50,11,10,2021,17:35,1,34,34172,2,1,0,3,LODEVE (AVENUE DE,43.61369,3.83921,17,3,2
202100015945,173Â 162,A01,10,3,1,5,0,-1,-1,2,3,1,2021,69.0,1,2,0,1,3,1,1,,4,RUE DE LA TOUR,0,,1,1,0,1,(1),(1),1,, -1,1,0,1,30,30,9,2021,10:20,1,75,75116,2,2,0,6,RUE DE LA TOUR,48.862799,2.276325,10,2,1
202100002436,197Â 416,A01,10,3,1,9,0,-1,-1,8,2,1,2021,33.0,3,2,1,2,3,18,1,,4,PRADO (AVENUE DU),0,,2,6,0,1,0,0,1,, -1,2,0,6,50,17,12,2021,08:45,1,13,13208,2,3,0,5,PRADO (AVENUE DU),43.2695790275,5.387077712,8,3,2
202100031610,145Â 255,A01,1,1,1,0,1,0,-1,-1, -1,-1,2021,29.0,1,2,0,2,2,1,1,,3,LIBERATION RD14 (BOULEVARD),0,,2,3,0,1,0,1,1,, -1,1,0,1,50,26,6,2021,18:50,1,93,93066,2,1,0,3,Boulevard de la LibÃ©ration,48.928075,2.341314,18,2,2
202100005611,191Â 773,C01,1,1,1,0,1,-1,-1,0,0,-1,2021,27.0,0,2,0,2,8,1,1,,3,200,-1,,2,2,0,2,19,500,2,, -1,2,2,1,70,1,12,2021,18:23,3,60,60409,1,1,0,4,D200,49.286843,2.469027,18,6,4
202100053173,106Â 689,B01,1,1,1,4,1,0,-1,-1, -1,-1,2021,23.0,2,2,0,2,1,1,1,,7,AVENUE DE FONT BRUN,0,,3,2,0,2,44,50,1,, -1,1,9,1,50,29,1,2021,21:00,5,83,83034,2,1,0,2,AVENUE DE FONT BRUN,43.0849664566,6.1081310594,21,2,2
202100038371,133Â 049,A01,1,1,1,0,2,-1,-1,-1, -1,-1,2021,28.0,2,1,0,2,1,2,5,,4,AVE PASTEUR,0,,2,3,2,1,(1),(1),1,, -1,1,5,1,50,25,5,2021,15:00,1,33,33318,2,3,0,3,Avenue Pasteur,44.80249,-0.64459,15,2,2
202100036044,137Â 258,B01,2,2,2,5,1,0,-1,-1, -1,-1,2021,55.0,1,2,0,2,1,1,1,,3,EUCALYPTUS (ROUTE DES),0,,2,2,0,2,5,850,2,, -1,2,0,1,50,5,6,2021,17:00,2,974,97411,2,1,1,1,EUCALYPTUS (ROUTE DES),-20.886495,55.434686,17,3,2
202100002231,197Â 801,A01,10,3,2,0,0,-1,-1,2,2,1,2021,86.0,3,2,0,1,8,15,1,,6,PL DU MARCHE,0,,-1,0,0,1,0,0,1,, -1,1,9,8,50,18,12,2021,11:30,1,91,91425,2,1,0,6,PL DU MARCHE,48.639714,2.271011,11,2,1
202100013392,177Â 793,B01,1,1,2,1,2,0,-1,0,0,-1,2021,25.0,1,1,0,2,8,1,1,,4,RUE ETIENNE MARCEL,0,,2,3,0,1,(1),(1),1,, -1,1,0,1,30,13,10,2021,14:10,1,75,75102,2,3,0,3,RUE ETIENNE MARCEL,48.865111,2.343907,14,3,2
202100000371,201Â 045,B01,1,1,1,5,2,-1,-1,0,0,-1,2021,69.0,2,1,1,2,7,1,5,,3,RD608,-1,,1,2,-1,1,0,230,2,, -1,1,-1,1,50,25,10,2021,14:34,1,65,65417,2,6,0,3,Rue Edouard Dallas,43.223768,0.094108,14,2,2
202100026273,154Â 734,B01,1,1,1,0,1,0,-1,-1, -1,-1,2021,50.0,1,2,0,2,7,1,1,,4,RUAUDIN (RUE) NÂ° IMP 1 A 67,0,,2,2,0,2,0,0,2,, -1,1,0,1,50,30,7,2021,18:51,1,72,72181,2,4,0,6,RUAUDIN (RUE) NÂ° IMP 1 A 67,47.96963,0.234218,18,3,3
202100042157,126Â 269,A01,7,2,2,0,8,0,-1,-1, -1,-1,2021,60.0,0,3,0,2,3,15,1,2.0,4,NEREE,0,,-1,1,0,2,0,0,1,, -1,1,0,1,50,26,4,2021,12:00,1,971,97101,2,9,0,3,NEREE,16.26805,-61.5025,12,3,2
202100012017,180Â 231,A01,10,3,1,2,0,-1,-1,8,7,1,2021,15.0,1,2,0,1,2,7,1,,4,BALZAC (SQUARE),0,,1,1,3,1,0,0,1,, -1,1,0,1,30,18,10,2021,17:10,1,49,49328,2,1,0,6,BALZAC (SQUARE),47.25234,-0.08236,17,2,1
202100037909,133Â 903,A01,1,1,1,5,2,-1,-1,0,0,-1,2021,29.0,0,6,0,0,1,0,1,,9,,0,,-1,5,0,2,(1),(1),1,, -1,1,0,8,5,29,5,2021,15:00,1,60,60595,1,1,0,7,Rue de Rotibequet,49.480673,2.424588,15,1,1
202100019066,167Â 562,B01,1,1,1,1,1,-1,-1,0,0,-1,2021,40.0,2,2,0,0,4,15,1,,3,911,0,D,2,2,0,1,21,637,1,, -1,1,0,1,80,10,9,2021,16:20,1,17,17253,1,2,1,2,D911,46.020643,-0.845776,16,2,2
202100003716,195Â 106,A01,1,1,1,4,2,6,-1,0,0,-1,2021,21.0,2,1,0,0,8,1,1,,4,PORTE D ASNIERES,0,,1,4,0,1,18,600,1,, -1,2,0,1,70,9,12,2021,23:50,5,75,75117,2,1,1,7,PORTE D ASNIERES,48.892762,2.302367,23,1,1
202100049874,112Â 589,B01,1,1,1,5,2,0,-1,-1, -1,-1,2021,17.0,3,1,0,2,8,17,1,,4,LISSES (RUE DES),0,,2,2,0,1,0,0,1,, -1,1,0,1,30,27,2,2021,09:40,1,64,64102,2,7,0,3,LISSES (RUE DES),43.48947,-1.47201,9,3,2
202100035674,137Â 948,B01,1,1,1,5,2,-1,-1,-1,0,-1,2021,51.0,1,1,0,2,4,2,5,,3,DOCTEUR SCHWEITZER  RUE DU,0,,2,2,0,1,4,0,1,, -1,1,0,1,50,7,6,2021,18:00,1,95,95014,2,1,0,2,DOCTEUR SCHWEITZER  RUE DU,48.9967665625,2.2991895676,18,2,2
202100012758,178Â 915,A01,1,1,1,0,8,-1,-1,0,0,-1,2021,45.0,1,2,0,2,1,5,1,,3,21,-1,,2,2,0,1,14,962,1,, -1,1,0,1,80,18,10,2021,17:45,1,77,77142,1,1,0,6,D21,48.861736,2.933822,17,3,3
202100002663,197Â 022,A01,10,3,1,4,0,-1,-1,2,3,1,2021,21.0,2,1,0,1,2,21,3,,4,RAYMOND MARCHERON (RUE),0,,2,2,0,1,0,0,1,, -1,1,0,1,50,16,12,2021,13:00,1,92,92075,2,1,0,6,RAYMOND MARCHERON (RUE),48.8190413885,2.2873368859,13,2,1
202100027202,153Â 093,A01,1,1,1,1,2,0,-1,-1, -1,-1,2021,16.0,1,1,0,2,7,11,1,,4,BAUMETTE PROMENADE,0,,2,2,0,1,1,0,1,, -1,1,0,1,50,24,7,2021,08:45,1,49,49007,2,1,0,3,BAUMETTE PROMENADE,47.4591,-0.56891,8,2,2
202100026188,154Â 884,B01,2,2,2,5,1,-1,-1,0,0,-1,2021,75.0,2,2,0,2,7,1,2,,3,102,0,D,2,2,0,1,20,468,1,,"5,6",2,0,1,80,26,7,2021,10:20,1,79,79126,1,2,1,3,,46.178048,-0.366454,10,3,2
202100012716,178Â 987,A01,1,1,1,5,0,-1,-1,0,0,-1,2021,55.0,3,6,13,0,2,14,1,,4,,-1,,2,2,0,1,(1),(1),1,,4,1,0,3,50,17,10,2021,16:00,1,32,32064,2,1,0,6,Lieu Dit HiguÃ©,43.88672,0.133322,16,1,1
202100036608,136Â 269,A01,1,1,2,9,8,0,-1,-1, -1,-1,2021,21.0,1,2,0,9,1,26,1,,1,A87N,0,,3,4,0,1,1,0,1,, -1,2,0,1,90,3,6,2021,12:45,1,49,49267,2,1,0,6,A87N,47.46542,-0.5166,12,1,1
202100004551,193Â 640,B01,1,1,1,1,2,0,-1,-1, -1,-1,2021,19.0,1,1,0,2,8,0,1,,3,BALLANGER (BD ROBERT),0,,2,2,0,1,0,1,1,, -1,2,0,1,50,5,12,2021,17:40,5,93,93078,2,9,1,3,BALLANGER (BD ROBERT),48.95552,2.53901,17,2,2
202100037555,134Â 535,A01,10,3,2,0,0,-1,-1,5,9,1,2021,27.0,3,5,0,1,1,26,1,,4,PAUL VERLAINE,0,,2,1,0,1,0,0,1,, -1,1,9,8,50,29,5,2021,15:58,1,32,32013,2,1,0,7,PAUL VERLAINE,43.66663,0.59048,15,2,1
202100029619,148Â 842,A01,1,1,1,9,2,0,-1,0,0,-1,2021,27.0,2,1,0,0,1,1,3,,4,AVENUE ALBERT BARTHOLOME,0,,2,2,0,1,(1),(1),1,, -1,1,0,1,50,10,7,2021,03:00,5,75,75115,2,3,0,7,AVENUE ALBERT BARTHOLOME,48.827726,2.300127,3,1,1
202100036550,136Â 384,A01,1,1,1,5,2,6,-1,0,0,-1,2021,18.0,3,1,0,2,1,1,1,,4,,-1,,2,2,0,2,(1),(1),1,,"4,2",1,0,1,50,5,6,2021,20:00,1,79,79049,2,1,0,3,Rue Jean Jaures,46.841499,-0.490297,20,2,2
202100025670,155Â 795,A01,7,2,1,9,3,-1,-1,0,0,-1,2021,1.0,1,2,0,2,1,13,1,,3,2076,0,,2,2,0,1,2,46,1,, -1,2,0,1,50,4,8,2021,07:02,2,18,18155,2,1,1,1,D2076,46.819731,3.023686,7,5,2
202100011516,181Â 134,B01,1,1,1,0,2,6,-1,-1, -1,-1,2021,26.0,1,1,0,2,7,1,1,,1,86,0,,3,2,0,1,0,800,1,, -1,1,0,1,70,22,10,2021,20:25,5,92,92050,1,1,0,3,A86,48.9064397664,2.2110575438,20,3,2
202100017053,171Â 143,A01,1,1,1,9,2,6,-1,0,0,-1,2021,33.0,2,1,0,2,1,1,1,,4,PLACE COLUCHE,0,,1,2,0,1,(1),(1),1,, -1,1,0,1,30,23,9,2021,00:45,5,75,75113,2,2,0,3,Rue de lâAmiral Mouchez,48.826448,2.34181,0,2,2
202100018194,169Â 088,A01,1,1,2,0,1,8,-1,-1, -1,-1,2021,25.0,0,2,8,2,1,21,1,,4,CLAUSSE (RUE HENRI),0,,2,2,0,1,(1),(1),1,, -1,1,0,4,50,18,9,2021,09:40,1,93,93008,2,2,0,6,CLAUSSE (RUE HENRI),48.9132806745,2.4664329847,9,1,1
202100023143,160Â 247,B01,1,1,1,0,2,6,-1,-1, -1,-1,2021,50.0,1,1,0,2,1,1,1,,3,MONTFERMEIL (ALLEE DE) 118-160,0,,1,2,0,1,0,1,1,, -1,1,0,1,50,20,8,2021,23:15,5,93,93062,2,2,0,3,AllÃ©e de Montfermeil / Allee Notre Dame des Anges,48.89669,2.5301,23,2,2
202100055428,102Â 773,A01,1,1,1,0,2,0,-1,-1, -1,-1,2021,43.0,2,1,0,0,0,2,1,,1,AUTOROUTE A86,0,,3,7,0,1,27,0,1,, -1,2,0,1,90,12,1,2021,08:00,1,93,93064,1,1,1,7,AUTOROUTE A86,48.8792,2.47632,8,1,1
202100023338,159Â 895,A01,9,2,1,5,8,-1,-1,0,0,-1,2021,36.0,1,2,1,0,1,1,1,,3,143,0,,2,2,0,2,2,240,1,, -1,1,0,3,80,21,8,2021,11:15,1,202,202341,1,1,0,1,D143,42.225149,9.217787,11,3,1
202100051365,109Â 864,A01,3,2,2,5,1,-1,-1,0,0,-1,2021,20.0,3,2,2,0,1,1,1,,4, Route de Barreaud,0,,2,2,0,2,(1),(1),3,, -1,2,0,3,50,30,1,2021,00:37,3,33,33219,1,1,1,6,Route de Barreaud,44.998557,-0.386109,0,3,1
202100052918,107Â 131,B01,1,1,1,3,2,6,-1,-1, -1,-1,2021,34.0,1,1,0,2,0,0,0,,4,MAHIEU (AV),0,,2,1,0,1,1,0,1,, -1,1,0,1,50,28,1,2021,12:15,1,94,94068,2,3,0,3,MAHIEU (AV),48.808696,2.479597,12,2,2
202100011587,181Â 014,A01,1,1,1,9,8,0,-1,-1, -1,-1,2021,30.0,1,1,0,2,3,26,5,,4,GAULLE BOULEVARD CHARLES DE,0,,2,2,0,1,1,0,1,, -1,1,0,1,30,22,10,2021,11:22,1,49,49007,2,1,0,3,,47.46975,-0.56169,11,2,2
202100017316,170Â 699,A01,10,3,2,5,0,-1,-1,4,3,2,2021,52.0,1,2,0,1,2,2,1,,3,603,0,,2,2,0,1,74,400,1,, -1,1,9,6,50,23,9,2021,20:27,5,57,57484,2,1,0,6,45 Rue Nationale,49.167177,6.86689,20,2,1
202100027800,152Â 021,A01,1,1,1,5,2,6,9,0,0,-1,2021,59.0,1,1,0,2,2,17,1,,3,933,0,,2,2,0,1,42,250,1,, -1,1,0,1,80,22,7,2021,10:15,1,47,47034,1,1,0,3,Metairie Neuve,44.410666,0.12512,10,2,2
202100019889,166Â 080,B01,1,1,2,5,1,8,-1,-1, -1,-1,2021,21.0,3,2,0,2,3,1,1,,4,GOUDES (CHEMIN DES),0,,2,2,0,2,0,0,2,, -1,1,0,1,50,9,9,2021,01:30,5,13,13208,2,1,0,1,GOUDES (CHEMIN DES),43.21503,5.34822,1,3,2
202100054785,103Â 869,A01,1,1,1,5,2,6,-1,0,0,-1,2021,22.0,1,1,0,2,1,1,1,,4,PLACE EDOUARD RENARD,0,,1,3,0,1,(1),(1),1,, -1,5,0,1,50,16,1,2021,12:10,1,75,75112,2,7,1,3,PLACE EDOUARD RENARD,48.8353540591,2.4066048252,12,2,2
202100010353,183Â 200,A01,10,3,2,9,0,-1,-1,4,3,1,2021,22.0,1,1,0,1,1,1,1,,4,BOULEVARD RICHARD LENOIR,0,,1,2,0,1,(1),(1),1,, -1,2,0,1,30,29,10,2021,16:20,1,75,75111,2,3,1,6,BOULEVARD RICHARD LENOIR,48.855484,2.381818,16,2,1
202100053917,105Â 370,A01,1,1,2,5,1,1,-1,0,0,-1,2021,22.0,1,2,3,2,1,1,1,,1,1,0,,3,4,0,1,2,335,3,, -1,1,0,1,50,24,1,2021,04:45,2,988,98818,1,1,0,2,VE1 SENS SUD/NORD,-22.24938,166.45292,4,6,2
202100027458,152Â 647,A01,1,1,1,5,0,-1,-1,0,0,-1,2021,34.0,3,5,16,0,9,26,1,,4,25,-1,,2,2,0,1,(1),(1),2,, -1,9,0,1,70,24,7,2021,07:30,1,988,98831,1,1,0,7,VU60,-20.936962,164.718039,7,2,1
202100001439,199Â 212,A01,1,1,1,1,2,6,-1,-1, -1,-1,2021,26.0,2,1,0,2,1,1,1,,2,N186,0,,1,2,0,1,48,500,1,, -1,1,0,1,90,24,12,2021,15:50,1,94,94065,1,1,0,2,N186,48.7535043338,2.3613490863,15,2,2