Num_Acc,id_vehicule,num_veh,place,catu,sexe,trajet,secu1,secu2,secu3,locp,actp,etatp,year_acc,victim_age,senc,catv,obs,obsm,choc,manv,motor,occutc,catr,voie,v1,v2,circ,nbv,vosp,prof,pr,pr1,plan,lartpc,larrout,surf,infra,situ,vma,jour,mois,an,hrmn,lum,dep,com,agg_,int,atm,col,adr,lat,long,hour,nb_victim,nb_vehicules
202100034076,140Â 852,B01,1,1,2,1,2,8,-1,0,0,-1,2021,24.0,1,1,0,2,1,19,0,,4,DELMAS   AVENUE MAURICE,0,,2,2,1,1,(1),(1),1,, -1,1,5,1,30,15,6,2021,09:13,1,17,17300,2,2,1,3,DELMAS   AVENUE MAURICE,46.15879,-1.15949,9,2,2
202100030212,147Â 763,A01,1,1,1,5,2,0,-1,0,0,-1,2021,16.0,1,1,0,2,1,18,1,,4,PUGETS MOYENNE CORNICHE DES,0,,2,2,0,2,(1),(1),2,, -1,1,0,1,70,7,7,2021,16:50,1,6,6123,1,1,0,3,PUGETS MOYENNE CORNICHE DES,43.69215,7.1792,16,2,2
202100027197,153Â 105,A01,1,1,1,9,2,8,-1,-1, -1,-1,2021,31.0,3,1,0,2,0,17,0,,4,BROSSOLETTE (STADE),0,,2,2,0,1,(1),(1),1,, -1,1,0,1,50,24,7,2021,20:35,1,78,78440,2,9,0,3,BROSSOLETTE (STADE),48.97873,1.91586,20,3,2
202100019343,167Â 054,A01,1,1,1,5,8,-1,-1,-1, -1,-1,2021,20.0,1,2,13,0,9,6,1,,2,RN136,0,,3,5,0,1,15,373,3,, -1,1,3,3,90,12,9,2021,09:05,1,35,35238,1,1,0,6,RN136,48.11796,-1.71956,9,1,1
202100039761,130Â 511,B01,1,1,1,5,2,-1,-1,0,0,-1,2021,33.0,1,1,0,2,1,17,1,,2,RT2,0,,2,2,0,1,14,500,1,, -1,1,0,1,80,15,5,2021,18:30,5,987,98722,1,3,0,1,RT2 PK 14+500,-17.5080706245,-149.4497990906,18,3,2
202100015428,174Â 131,D01,2,2,1,0,8,-1,-1,0,0,-1,2021,25.0,1,2,0,0,1,1,1,,3,1120,0,A,2,2,0,1,50,150,1,, -1,2,2,1,50,1,10,2021,17:30,1,19,19101,2,1,1,4,Avenue de Coulaud,45.247413078,1.7715668678,17,5,4
202100043068,124Â 692,A01,10,3,1,5,0,0,-1,1,3,1,2021,43.0,1,1,0,1,1,1,1,,3,PAUL VAILLANT COUTURIER (BD),0,,2,3,3,1,1,0,1,, -1,1,0,1,30,22,4,2021,19:35,2,94,94041,2,1,0,6,PAUL VAILLANT COUTURIER (BD),48.8174,2.39879,19,2,1
202100027196,153Â 106,A01,10,3,2,5,0,-1,-1,1,A,2,2021,24.0,3,2,0,1,2,1,1,,4,UNION (RUE DE L' ),0,,2,1,0,1,(1),(1),1,, -1,1,0,1,50,24,7,2021,19:35,1,95,95018,2,1,0,6,UNION (RUE DE L' ),48.94,2.21832,19,2,1
202100016918,171Â 380,B01,1,1,1,0,2,0,-1,-1, -1,-1,2021,59.0,0,1,0,0,0,0,5,,4,SCHUMAN ( BD ROBERT ),0,,2,2,0,1,(1),(1),1,, -1,1,0,5,50,24,9,2021,17:45,1,44,44109,2,1,0,3,SCHUMAN ( BD ROBERT ),47.23759,-1.56966,17,2,2
202100000727,200Â 411,A01,10,3,1,5,0,-1,-1,2,3,3,2021,73.0,1,2,0,1,1,19,1,,3,RIMBAUD A. QUAI,0,,2,2,0,1,0,0,1,, -1,2,0,1,30,29,12,2021,18:00,3,8,8105,2,1,1,6,RIMBAUD A. QUAI,49.77564,4.72163,18,3,1
202100045590,120Â 237,A01,1,1,1,0,2,0,-1,-1, -1,-1,2021,57.0,1,1,0,2,1,1,1,,2,PERIPHERIQUE SUD,0,,3,0,0,1,16,528,1,, -1,1,0,1,90,1,4,2021,09:15,1,44,44143,1,1,0,2,PERIPHERIQUE SUD,47.16689,-1.52156,9,2,2
202100001636,198Â 880,A01,10,3,2,0,0,-1,-1,9,3,1,2021,79.0,3,2,0,1,4,4,1,,4,ANTONIN ET PIERRE MAGNE AVENUE,0,,2,2,0,1,0,0,1,, -1,1,0,1,10,23,12,2021,09:10,1,93,93046,2,1,0,6,ANTONIN ET PIERRE MAGNE AVENUE,48.9128264044,2.5343096432,9,2,1
202100054263,104Â 761,B01,1,1,2,9,8,0,-1,-1, -1,-1,2021,42.0,1,1,0,2,0,1,0,,3,,-1,,2,-1,-1,1,(1),(1),1,, -1,2,0,1,-1,21,1,2021,16:10,1,92,92004,2,2,1,3,PONT DE CLICHY,48.9109432484,2.2985563768,16,2,2
202100002014,198Â 192,A01,1,1,1,0,2,6,-1,0,0,-1,2021,24.0,3,1,0,2,1,1,1,,7,FLAUBERT (BD GUSTAVE),0,,3,4,0,1,(1),(1),1,, -1,1,0,1,50,17,12,2021,17:48,5,63,63113,2,5,0,3,FLAUBERT (BD GUSTAVE),45.77296,3.12096,17,2,2
202100009801,184Â 175,A01,1,1,1,5,2,6,-1,0,0,-1,2021,43.0,1,1,0,2,1,3,1,,4,BOULEVARD PERIPHERIQUE,0,,1,4,0,1,20,600,1,, -1,2,0,1,70,30,10,2021,16:35,1,75,75117,2,1,1,3,BOULEVARD PERIPHERIQUE,48.90053,2.326254,16,2,2
202100046212,119Â 163,B01,2,2,2,5,1,-1,-1,-1, -1,-1,2021,32.0,2,2,0,2,1,15,1,,4,COMBATTANTS EN AFN 1952-1962 (DES)  (AV),0,,2,2,0,2,(1),(1),1,, -1,2,0,1,50,13,3,2021,18:10,2,69,69286,2,3,1,3,COMBATTANTS EN AFN 1952-1962 (DES) (AV),45.81514,4.89365,18,6,2
202100053675,105Â 792,A01,1,1,2,9,1,-1,-1,0,0,-1,2021,75.0,0,2,0,0,2,13,1,,3,2,-1,D,2,2,0,1,26,510,4,, -1,1,0,1,70,26,1,2021,17:09,1,84,84118,1,1,0,1,D2,43.930655,5.323445,17,5,2
202100042592,125Â 491,A01,1,1,2,0,1,-1,-1,-1, -1,-1,2021,81.0,2,2,0,2,3,1,1,,4,ANGLAIS (PROM. DES),0,,2,2,0,1,(1),(1),1,, -1,2,0,1,50,25,4,2021,17:20,1,33,33009,2,2,1,3,Promenade des Anglais,44.65642,-1.17628,17,2,2
202100050956,110Â 596,A01,1,1,1,5,2,-1,-1,0,0,-1,2021,47.0,1,1,13,0,8,1,1,,3,77,-1,,2,2,0,1,5,800,1,, -1,1,0,3,70,19,2,2021,21:50,4,36,36247,1,1,0,6,La Pointe du Jour,46.912055,1.650095,21,1,1
202100005101,192Â 656,B01,1,1,2,2,2,0,-1,0,0,-1,2021,23.0,1,1,0,2,0,1,5,,4,BOULEVARD ARAGO,0,,2,4,1,2,(1),(1),1,, -1,1,-1,5,30,2,12,2021,09:50,1,75,75114,2,1,0,6,BOULEVARD ARAGO,48.834533,2.335417,9,3,2
202100041200,127Â 959,A01,1,1,1,5,0,-1,-1,0,0,-1,2021,23.0,1,2,2,0,2,1,1,,3,35,0,,2,2,0,1,37,400,1,, -1,2,0,3,80,7,5,2021,00:24,3,21,21607,1,1,0,6,Route DÃ©partementale 35,47.000334,5.174024,0,1,1
202100012861,178Â 737,A01,1,1,1,5,2,6,-1,0,0,-1,2021,54.0,1,1,0,2,3,21,1,,4,ECHANGEUR BERCY,0,,1,4,0,1,34,800,1,, -1,1,0,1,70,16,10,2021,15:00,1,75,75112,2,1,0,2,ECHANGEUR BERCY,48.827765,2.393486,15,2,2
202100000766,200Â 345,A01,10,3,1,5,0,-1,-1,1,5,2,2021,2.0,3,2,0,1,1,1,1,,4,GOUNIN (RUE EMILE),0,,2,1,0,1,(1),(1),1,, -1,1,0,1,50,31,12,2021,13:30,1,37,37122,1,1,0,6,GOUNIN (RUE EMILE),47.3562072797,0.6643402576,13,2,1
202100013735,177Â 156,A01,1,1,1,5,2,-1,-1,0,0,-1,2021,55.0,2,1,5,0,3,1,1,,3,19,-1,,2,2,0,2,(1),(1),3,, -1,1,9,8,80,6,10,2021,14:00,1,63,63116,1,1,0,6,D19,45.990343,3.076022,14,1,1
202100047305,117Â 211,A01,1,1,1,5,1,-1,-1,0,0,-1,2021,27.0,1,2,9,0,1,0,1,,3,1203,-1,,2,2,0,1,28,750,1,, -1,1,5,8,70,19,3,2021,00:25,5,74,74007,2,6,0,6,D1203,46.070119,6.346536,0,1,1
202100047351,117Â 131,B01,1,1,2,0,1,0,-1,-1, -1,-1,2021,40.0,3,5,0,2,4,23,0,,4,PASSE DEBOUT (RUE PASSE DEBOUT),0,,2,2,0,1,(1),(1),1,, -1,1,0,1,50,19,3,2021,13:05,1,45,45302,2,1,0,2,Rue Passe Debout,47.935614,1.880996,13,2,2
202100049217,113Â 779,A01,3,2,2,2,8,0,-1,-1, -1,-1,2021,5.0,0,2,8,0,1,21,1,,4,SAINT ANTOINE (CHEMIN),0,,2,2,0,1,1,0,1,, -1,1,0,1,50,4,3,2021,08:20,1,973,97302,2,2,0,6,SAINT ANTOINE (CHEMIN),4.93216,-52.29721,8,3,2
202100039815,130Â 410,B01,1,1,1,9,8,0,-1,-1, -1,-1,2021,37.0,2,1,0,2,8,7,1,,4,MULHOUSE (BOULEVARD DE),0,,2,2,0,1,(1),(1),1,, -1,1,5,1,50,15,5,2021,18:00,1,59,59512,2,2,0,3,MULHOUSE (BOULEVARD DE),50.68753,3.19816,18,2,2
202100040058,129Â 993,A01,1,1,1,5,2,0,-1,-1, -1,-1,2021,18.0,2,1,0,2,1,17,1,,3,CD 275,0,,2,2,0,2,0,0,1,, -1,2,0,1,80,13,5,2021,15:00,1,14,14701,1,2,1,3,D275,49.31097,0.0839,15,2,2
202100022754,160Â 927,A01,1,1,2,0,8,0,-1,-1, -1,-1,2021,26.0,3,0,0,0,0,1,3,,3,BAC (AV DU),0,,2,2,0,1,0,0,1,, -1,1,0,1,30,23,8,2021,12:50,1,94,94068,2,1,0,7,BAC (AV DU),48.79404,2.51284,12,1,1
202100003860,194Â 856,A01,1,1,1,5,8,0,-1,-1, -1,-1,2021,17.0,1,1,0,2,1,1,3,,3,1,0,,-1,2,0,1,0,0,1,, -1,1,0,1,50,9,12,2021,20:00,5,92,92024,2,2,0,3,CLICHY (QUAI DE) DE (104 A 202),48.9084448856,2.3002161831,20,2,2
202100001006,199Â 966,A01,1,1,2,4,1,0,-1,-1, -1,-1,2021,34.0,2,2,0,2,8,15,1,,3,VAL DE SAIRE (RUE DU),0,,2,2,0,1,0,0,1,, -1,1,5,1,50,28,12,2021,09:45,1,50,50129,2,3,0,3,VAL DE SAIRE (RUE DU),49.6389,-1.61777,9,2,2
202100000554,200Â 712,A01,1,1,2,5,8,0,-1,0,0,-1,2021,20.0,2,0,1,0,2,1,3,,4,GRANDE ARMEE AVENUE,0,,2,2,0,2,(1),(1),3,, -1,1,0,4,50,4,9,2021,02:00,5,201,201004,2,1,0,7,GRANDE ARMEE AVENUE,41.92769,8.73342,2,2,1
202100054222,104Â 829,A01,10,3,1,2,0,-1,-1,5,9,2,2021,4.0,2,5,0,1,7,16,1,,4,CRIMEE (RUE DE),0,,1,1,0,2,(1),(1),1,, -1,1,0,4,50,21,1,2021,11:50,1,13,13203,2,1,0,6,CRIMEE (RUE DE),43.308086,5.379413,11,2,1
202100005364,192Â 198,A01,1,1,1,0,2,8,-1,0,0,-1,2021,17.0,0,1,0,2,1,2,1,,4,,0,,2,2,0,1,(1),(1),1,, -1,1,0,1,30,30,11,2021,14:50,1,6,6088,2,1,0,2,CLUVIER (RUE),43.701903,7.25401,14,2,2
202100016117,172Â 835,A01,1,1,1,0,-1,0,-1,-1, -1,-1,2021,16.0,1,1,0,2,1,2,5,,4,RUE DES PRES SAINT MARTIN,0,,3,2,0,1,0,0,1,, -1,1,0,1,50,28,9,2021,16:35,1,77,77373,2,1,0,2,RUE DES PRES SAINT MARTIN,48.7915880156,2.6133362983,16,2,2
202100001468,199Â 162,B01,1,1,1,0,-1,0,-1,0,0,-1,2021,33.0,2,1,0,2,1,1,1,,4,LECLERC (AVENUE DU MARECHAL),0,,2,1,0,1,1,0,1,, -1,2,0,1,50,23,12,2021,05:50,5,47,47323,2,1,0,3,LECLERC (AVENUE DU MARECHAL),44.401408,0.705588,5,2,2
202100034956,139Â 221,A01,1,1,1,5,2,8,-1,-1, -1,-1,2021,37.0,1,1,0,2,1,1,1,,4,BARATTES (AVENUE DES),0,,2,2,0,1,0,0,1,, -1,1,0,1,30,10,6,2021,20:00,1,74,74010,2,2,0,3,BARATTES (AVENUE DES),45.90589,6.13736,20,2,2
202100044209,122Â 649,A01,1,1,1,5,2,-1,-1,0,0,-1,2021,41.0,3,1,0,2,1,1,5,,4,,0,,2,2,0,2,(1),(1),1,, -1,1,0,1,50,13,4,2021,12:40,1,78,78683,2,3,0,1,Impasse Charles de Meneau,48.813187,1.881816,12,2,2
202100039101,131Â 740,A01,1,1,2,0,8,0,-1,0,0,-1,2021,24.0,3,2,1,0,1,1,1,,4,,0,,2,2,0,2,(1),(1),1,, -1,1,0,1,30,21,5,2021,03:30,5,54,54395,2,1,0,6,ALIX-LE-CLERC (RUE),48.7018341209,6.1668893695,3,1,1
202100017065,171Â 121,A01,10,3,1,5,0,-1,-1,8,3,1,2021,84.0,2,5,0,1,4,4,1,,4,PLACE JACQUES BONSERGENT,0,,1,1,0,1,(1),(1),2,, -1,1,0,1,30,23,9,2021,12:29,1,75,75110,2,7,0,6,PLACE JACQUES BONSERGENT,48.8712807187,2.3605403511,12,2,1
202100047766,116Â 366,A01,2,2,2,0,1,0,-1,-1, -1,-1,2021,25.0,0,2,0,2,8,10,1,,4,COMMERCE (RUE DU),0,,2,2,0,1,0,0,1,, -1,1,0,1,50,18,1,2021,16:40,1,83,83129,2,1,0,3,COMMERCE (RUE DU),43.115188,5.844106,16,3,2
202100051592,109Â 473,B01,2,2,2,9,2,6,-1,0,0,-1,2021,6.0,1,1,0,2,2,17,3,,4,RUE CAULAINCOURT,0,,2,2,0,2,(1),(1),1,, -1,1,0,1,50,13,2,2021,14:45,1,75,75118,2,5,0,3,RUE CAULAINCOURT,48.8896910112,2.3401891402,14,3,2
202100003592,195Â 327,B01,1,1,2,9,1,0,-1,-1, -1,-1,2021,33.0,2,2,0,0,9,14,1,,3,D 210,0,,2,2,0,1,9,699,1,, -1,1,0,8,80,8,12,2021,17:00,1,77,77079,1,1,0,7,D210,48.4199,2.81397,17,2,2
202100053991,105Â 243,A01,4,2,1,5,8,-1,-1,0,0,-1,2021,18.0,2,2,2,0,7,0,1,,3,49,-1,,2,2,0,1,12,430,2,, -1,2,0,3,80,24,1,2021,03:50,3,31,31135,1,1,1,6,D49,43.231126,1.100639,3,5,1
202100011510,181Â 148,A01,1,1,1,9,2,4,-1,-1, -1,-1,2021,37.0,1,1,0,2,1,12,0,,1,AUTOROUTE A86,0,,1,2,0,2,51,500,1,, -1,1,0,1,90,23,10,2021,12:45,1,94,94034,1,1,0,2,AUTOROUTE A86,48.7596,2.3215,12,2,2
202100031225,145Â 926,A01,1,1,1,5,1,-1,-1,0,0,-1,2021,32.0,0,2,0,0,0,26,1,,5,,-1,,-1,2,0,1,(1),(1),1,,5,2,9,8,30,4,7,2021,04:05,3,95,95116,1,1,1,7,Chemin du Bac des Aubins,49.147563,2.331161,4,2,1
202100027649,152Â 297,A01,1,1,1,5,2,-1,-1,0,0,-1,2021,14.0,2,1,0,2,7,15,1,,4,,-1,,2,2,0,1,1,1,1,,4,1,0,1,50,23,7,2021,17:20,1,202,202042,1,1,0,1,Route de Lanciatojo,42.578955,9.464212,17,2,2
202100055985,101Â 819,A01,1,1,2,0,1,-1,-1,0,0,-1,2021,24.0,1,2,0,0,4,2,1,,3,12,-1,,2,2,0,2,(1),(1),3,, -1,1,0,1,80,8,1,2021,10:10,1,9,9312,1,1,0,2,D12,43.092467,1.681552,10,3,2
202100002655,197Â 038,A01,1,1,1,1,2,0,-1,-1, -1,-1,2021,25.0,1,1,12,2,1,2,1,,3,AV ROUGET DE L ISLE ,0,,3,4,0,1,1,0,1,, -1,1,0,1,50,15,12,2021,23:00,5,94,94081,2,1,0,2,Avenue Rouget de Lisle,48.7824,2.39408,23,2,2
202100036703,136Â 103,A01,1,1,1,5,2,6,-1,0,0,-1,2021,16.0,3,1,6,0,2,1,1,,4,,-1,,2,2,0,1,(1),(1),2,,4,1,0,4,50,4,6,2021,16:20,1,85,85261,2,1,0,6,5 Rue du Pont,46.561058,-1.139479,16,1,1
202100017911,169Â 607,A01,10,3,2,3,0,-1,-1,8,9,2,2021,93.0,0,2,0,1,4,20,1,,6,,-1,,-1,-1,0,1,(1),(1),1,,4,2,0,1,30,18,9,2021,16:15,1,33,33138,2,9,0,6,28b Rue Baste,45.035197,-0.128905,16,2,1
202100002441,197Â 408,A01,1,1,1,0,1,0,-1,-1, -1,-1,2021,41.0,2,2,4,0,2,26,1,,3,ROCADE EST (RD 610),0,,1,1,0,2,21,0,2,, -1,1,0,2,50,16,12,2021,16:40,2,10,10081,1,1,0,6,ROCADE EST (RD 610),48.32936,4.05043,16,1,1
202100030650,146Â 972,A01,10,3,1,0,0,-1,-1,1,5,1,2021,65.0,1,2,0,1,1,1,1,,3,2,-1,,2,2,2,1,10,300,1,, -1,1,0,1,50,6,7,2021,10:17,1,973,97309,2,1,0,6,Route de Remire (rd2),4.908126,-52.272788,10,2,1
202100047196,117Â 405,A01,1,1,1,9,2,6,-1,0,0,-1,2021,59.0,1,1,0,2,1,2,1,,1,A4,0,,1,5,0,1,5,500,1,, -1,1,0,1,90,21,3,2021,15:30,1,75,75112,1,1,0,2,A4,48.8227757025,2.4629199094,15,2,2
202100050088,112Â 205,A01,1,1,1,1,1,0,-1,-1, -1,-1,2021,25.0,1,1,0,2,3,1,1,,4,DANJOU (RUE) 1/15 - 2/18 BIS,0,,1,1,0,1,0,0,1,, -1,1,8,1,50,25,2,2021,21:15,5,92,92012,2,2,0,3,DANJOU (RUE) 1/15 - 2/18 BIS,48.8336223419,2.2479861975,21,2,2
202100000150,201Â 477,A01,10,3,1,2,8,8,-1,2,3,1,2021,7.0,2,2,1,0,1,13,1,,4,MASCAREIGNES (Avenue des),0,,2,2,0,1,(1),(1),1,, -1,1,0,1,50,10,11,2021,06:55,1,974,97409,2,1,0,1,MASCAREIGNES (Avenue des),-20.93325,55.64618,6,2,1
202100037726,134Â 230,B01,1,1,1,5,2,6,-1,-1, -1,-1,2021,29.0,2,1,0,2,7,1,1,,1,A86 EXT,0,,3,4,0,1,38,200,1,, -1,1,0,1,90,28,5,2021,21:30,3,94,94028,1,1,0,3,A86 EXT,48.79629,2.44342,21,2,2
202100052016,108Â 731,B01,1,1,1,0,2,0,-1,-1, -1,-1,2021,37.0,0,1,0,2,1,1,1,,4,AV CRAMPEL,0,,-1,2,0,1,(1),(1),1,, -1,2,0,1,50,8,2,2021,10:30,1,31,31555,2,1,1,3,AV CRAMPEL,43.58636,1.45731,10,2,2
202100048915,114Â 325,A01,1,1,1,5,8,0,-1,-1, -1,-1,2021,23.0,2,2,0,0,9,12,1,,1,AUTOROUTE A6B,0,,3,3,0,1,9,199,1,, -1,1,0,1,110,6,3,2021,21:00,3,91,91689,1,1,0,7,AUTOROUTE A6B,48.73958,2.3192,21,1,1
202100008478,186Â 582,A01,2,2,1,3,1,0,-1,-1, -1,-1,2021,75.0,2,2,0,2,4,20,1,,4,FOUGERES (RUE DE),0,,2,4,1,1,(1),(1),1,, -1,1,0,5,30,10,11,2021,10:25,1,35,35238,2,1,1,2,FOUGERES (RUE DE),48.1263626549,-1.6540775998,10,3,2
202100020217,165Â 498,B01,1,1,1,0,1,0,-1,-1, -1,-1,2021,55.0,1,2,0,2,1,0,1,,4,CANAL BOSSIERE (ROUTE DU),0,,2,2,0,1,(1),(1),1,, -1,1,0,1,50,10,5,2021,07:50,1,76,76305,2,1,0,1,CANAL BOSSIERE (ROUTE DU),49.49701,0.19925,7,2,2
202100056176,101Â 475,A01,10,3,2,2,0,-1,-1,4,3,2,2021,7.0,1,1,0,1,2,17,1,,4,RUE DES PYRENEES,0,,2,2,0,1,(1),(1),1,, -1,1,8,1,30,5,1,2021,18:20,5,75,75120,2,1,0,6,RUE DES PYRENEES,48.87388,2.386293,18,2,1
202100012233,179Â 856,B01,2,2,2,0,1,0,-1,-1, -1,-1,2021,73.0,1,2,0,2,3,1,1,,3,ROCADE SUD RD 6161,0,,3,2,0,2,11,0,2,, -1,1,5,1,80,18,10,2021,14:25,1,11,11069,1,3,1,3,ROCADE SUD RD 6161,43.2041,2.38635,14,3,2
202100023249,160Â 059,B01,1,1,1,0,8,0,-1,-1, -1,-1,2021,30.0,1,1,0,2,1,1,0,,3,GENERAL DE GAULLE,0,,2,2,0,1,(1),(1),1,, -1,1,0,1,50,20,8,2021,19:20,5,971,97101,2,3,0,1,GENERAL DE GAULLE,16.2554,-61.52714,19,2,2
202100040213,129Â 718,B01,1,1,1,0,1,0,-1,0,0,-1,2021,21.0,3,2,0,2,4,9,1,,7,POMPIDOU GEORGES BOULEVARD,0,,3,4,0,1,(1),(1),1,, -1,1,0,1,50,12,5,2021,08:00,1,6,6123,2,6,0,2,POMPIDOU GEORGES BOULEVARD,43.6688,7.19539,8,2,2
202100043456,123Â 982,A01,1,1,2,0,1,0,-1,0,0,-1,2021,17.0,1,2,0,0,1,15,1,,4,HAUTS CLOS (RUE DES),0,,1,1,0,1,(1),0,1,, -1,1,0,1,50,18,4,2021,11:35,1,10,10387,2,1,0,6,HAUTS CLOS (RUE DES),48.2826407715,4.0775156021,11,2,1
202100005212,192Â 461,B01,1,1,2,1,1,0,-1,-1, -1,-1,2021,23.0,2,2,0,2,7,1,1,,4,FERRIER (RUE),0,,1,1,0,1,0,0,1,, -1,1,0,1,30,25,8,2021,20:30,1,19,19031,2,2,0,3,FERRIER (RUE),45.16315,1.53751,20,2,2
202100002186,197Â 884,A01,1,1,1,1,8,-1,-1,0,0,-1,2021,51.0,2,2,0,0,9,17,1,,3,322,0,D,2,2,0,2,6,520,2,, -1,1,0,3,80,20,12,2021,17:20,3,39,39101,1,1,0,7,,47.091821,5.42922,17,1,1
202100013944,176Â 776,A01,2,2,2,0,1,-1,-1,0,0,-1,2021,41.0,0,2,0,0,0,0,1,,3,D24,0,A,2,2,0,1,28,250,1,, -1,1,0,8,90,10,10,2021,20:00,3,16,16074,1,1,0,6,D24,45.44073,-0.086635,20,2,1
202100034467,140Â 120,A01,1,1,1,5,1,-1,-1,0,0,-1,2021,21.0,1,2,3,0,1,1,1,,1,6,0,,3,4,0,1,262,300,1,, -1,1,0,3,130,15,6,2021,09:55,1,21,21630,1,1,0,6,Autoroute A6- PK 262+300- sens Paris vers Lyon,47.256799,4.532815,9,1,1
202100036603,136Â 277,A01,10,3,2,5,0,-1,-1,1,1,1,2021,89.0,1,5,0,1,4,26,1,,4,RABELAIS (DU),0,,2,2,0,1,(1),(1),1,, -1,1,0,1,50,2,6,2021,10:24,1,63,63019,2,1,0,6,RABELAIS (DU),45.79525,3.16364,10,2,1
202100027173,153Â 142,A01,4,2,2,5,8,0,-1,-1, -1,-1,2021,6.0,2,2,6,0,1,2,1,,1,AUTOROUTE A6,0,,1,3,0,2,17,399,2,, -1,2,0,1,110,25,7,2021,11:00,1,91,91589,1,1,1,6,AUTOROUTE A6,48.67709,2.33893,11,4,1
202100056344,101Â 183,B01,1,1,2,5,2,0,-1,-1, -1,-1,2021,48.0,2,1,0,2,0,0,1,,4,GASTON CREMIEUX (RUE),0,,2,0,0,1,(1),(1),1,, -1,2,0,1,50,2,1,2021,09:40,1,13,13208,2,1,1,3,GASTON CREMIEUX (RUE),43.27899,5.380154,9,2,2
202100032528,143Â 625,A01,10,3,1,5,0,-1,-1,3,3,2,2021,9.0,2,2,0,1,3,1,1,,4,BILLOTTE.(AVE DU GAL PIERRE),0,,2,2,0,1,1,0,1,, -1,1,0,8,30,24,6,2021,19:17,1,94,94028,2,1,0,7,Av du General Pierre Billotte,48.77454,2.45703,19,2,1
202100044113,122Â 823,A01,1,1,1,0,2,0,-1,-1, -1,-1,2021,23.0,1,1,0,2,1,0,1,,4,DU LYCEE(RUE),0,,2,2,0,1,0,0,1,, -1,1,0,1,50,13,4,2021,12:10,1,974,97409,2,9,0,3,DU LYCEE(RUE),-20.96376,55.65275,12,2,2
202100010895,182Â 253,A01,1,1,2,0,1,0,-1,0,0,-1,2021,20.0,1,2,0,2,1,2,1,,7,FORET DE HAYE (AVENUE DE LA),0,,2,4,0,1,(1),(1),1,, -1,1,0,1,50,26,10,2021,08:00,1,54,54547,2,1,0,2,FORET DE HAYE (AVENUE DE LA),48.6510492604,6.1456717551,8,2,2
202100002651,197Â 044,B01,1,1,2,4,1,8,-1,-1, -1,-1,2021,52.0,2,2,0,2,3,1,1,,4,B DE LA MARNE ,0,,2,1,0,1,1,0,1,, -1,1,0,1,50,15,12,2021,21:15,5,94,94068,2,2,0,3,Boulevard de la Marne,48.789,2.509,21,3,2
202100012117,180Â 052,A01,10,3,2,5,0,-1,-1,3,3,1,2021,74.0,2,2,0,1,1,1,1,,4,64,-1,D,2,2,0,1,(1),(1),1,, -1,1,0,1,50,20,10,2021,13:50,1,70,70310,2,1,0,6,44 Avenue de la RÃ©publique,47.68571,6.49515,13,2,1
202100030200,147Â 787,B01,1,1,1,1,1,-1,-1,0,0,-1,2021,35.0,1,5,0,2,4,2,0,,2,RN814,0,,1,2,0,1,25,399,1,, -1,1,0,1,90,7,7,2021,17:54,1,14,14181,1,1,0,4,N814,49.153719,-0.315086,17,4,3
202100002370,197Â 548,B01,1,1,1,1,2,-1,-1,-1, -1,-1,2021,20.0,1,1,0,2,0,2,1,,4,ST CYR (DE)                         (R ),0,,2,3,3,1,(1),(1),1,, -1,2,0,1,50,16,12,2021,12:50,1,69,69389,2,1,1,3,SAINT-CYR (DE) (R),45.78847,4.80806,12,2,2
202100021802,162Â 650,B01,2,2,2,9,1,0,-1,0,0,-1,2021,63.0,0,2,0,2,4,1,1,,4,BOULEVARD PERIPHERIQUE,0,,1,4,0,1,29,0,1,, -1,1,0,1,70,30,8,2021,19:15,1,75,75120,2,1,0,2,BOULEVARD PERIPHERIQUE,48.872376,2.412504,19,3,2
202100019172,167Â 361,A01,2,2,2,1,1,0,-1,-1, -1,-1,2021,23.0,1,2,0,2,1,26,1,,4,MARMITIERE,0,,2,2,0,1,1,0,1,, -1,1,0,1,50,13,9,2021,17:13,1,49,49267,2,1,0,2,MARMITIERE,47.471,-0.492,17,3,2
202100033315,142Â 219,A01,1,1,1,5,2,0,-1,-1, -1,-1,2021,25.0,1,1,0,0,7,1,1,,4,TOULOUSE (RUE DE),0,,3,4,0,1,0,0,1,, -1,1,0,1,50,12,6,2021,12:15,1,87,87085,2,1,0,7,TOULOUSE (RUE DE),45.80826,1.28697,12,1,1
202100010084,183Â 676,A01,1,1,1,5,1,-1,-1,0,0,-1,2021,74.0,1,2,6,0,2,2,1,,3,13,0,,2,2,0,1,26,0,1,, -1,2,0,3,-1,31,10,2021,19:20,3,83,83046,1,1,0,7,"RD 13, pk 026+000",43.517171,6.160471,19,1,1
202100008302,186Â 882,A01,1,1,1,0,2,-1,-1,0,0,-1,2021,60.0,0,1,4,0,1,0,1,,7,45,0,M,2,2,0,2,(1),(1),3,, -1,1,0,1,-1,12,11,2021,19:00,3,6,6059,2,1,0,6,1986 Avenue du MarÃ©chal de Lattre de Tassigny,43.727316,7.379788,19,1,1
202100028002,151Â 651,A01,1,1,1,1,2,6,-1,0,0,-1,2021,19.0,0,1,0,2,1,1,1,,4,,0,,2,2,0,1,(1),(1),1,,4,1,0,1,50,21,7,2021,09:10,1,74,74256,2,3,0,1,Rte de Blancheville,45.968011,6.625365,9,2,2
202100021385,163Â 421,A01,1,1,1,5,1,-1,-1,0,0,-1,2021,81.0,1,2,7,2,7,19,1,,3,6,0,D,2,2,0,1,(1),(1),3,, -1,1,0,1,-1,22,8,2021,09:30,1,40,40125,1,2,0,3,Route de Dax,43.647821,-1.098877,9,2,2