Num_Acc,id_vehicule,num_veh,place,catu,sexe,trajet,secu1,secu2,secu3,locp,actp,etatp,year_acc,victim_age,senc,catv,obs,obsm,choc,manv,motor,occutc,catr,voie,v1,v2,circ,nbv,vosp,prof,pr,pr1,plan,lartpc,larrout,surf,infra,situ,vma,jour,mois,an,hrmn,lum,dep,com,agg_,int,atm,col,adr,lat,long,hour,nb_victim,nb_vehicules
202100054003,105Â 220,A01,4,2,2,5,1,-1,-1,0,0,-1,2021,20.0,1,2,0,0,2,26,1,,1,5,-1,,3,4,0,1,77,200,1,, -1,2,0,3,130,23,1,2021,17:45,2,89,89111,1,1,1,7,A5 PK 77+200,48.23808,3.454621,17,4,1
202100046222,119Â 150,A01,1,1,1,0,2,-1,-1,-1, -1,-1,2021,22.0,3,1,0,2,8,2,1,,4,SALVADOR ALLENDE                    (AV),0,,2,2,0,1,(1),(1),1,, -1,1,0,1,50,28,3,2021,16:10,1,69,69256,2,2,0,3,SALVADOR ALLENDE (AV),45.78075,4.92336,16,2,2
202100006929,189Â 380,A01,1,1,1,0,8,0,-1,-1, -1,-1,2021,45.0,1,2,1,0,0,0,0,,7,PLOMBIERES (BOULEVARD DES),0,,3,4,0,1,0,0,1,, -1,1,0,1,50,21,11,2021,04:03,5,13,13214,2,1,0,2,PLOMBIERES (BOULEVARD DES),43.31551,5.38645,4,2,2
202100032310,144Â 003,A01,1,1,1,1,2,6,-1,0,0,-1,2021,22.0,1,1,0,2,1,2,1,,4,BOULEVARD PERIPHERIQUE,0,,1,5,0,1,(1),(1),1,, -1,2,0,1,70,23,6,2021,02:25,5,75,75112,2,4,1,2,BOULEVARD PERIPHERIQUE,48.826973,2.390044,2,2,2
202100038561,132Â 719,A01,1,1,1,4,1,-1,-1,0,0,-1,2021,50.0,1,4,0,0,9,0,1,,3,64,-1,,2,2,0,2,5,700,2,, -1,1,0,3,80,25,5,2021,11:52,1,82,82018,1,1,0,7,D 64,44.11869,1.527267,11,1,1
202100012423,179Â 501,A01,1,1,2,1,8,0,-1,-1, -1,-1,2021,21.0,0,1,0,2,1,9,3,,4,SCHWEITZER (AVENUE DU DOCTEUR ALBERT),0,,2,2,0,1,0,0,1,, -1,1,0,1,50,15,10,2021,17:35,1,66,66136,2,3,0,3,SCHWEITZER (AVENUE DU DOCTEUR ALBERT),42.71828,2.87897,17,2,2
202100032201,144Â 201,A01,10,3,1,5,-1,-1,-1,6,2,3,2021,19.0,1,1,0,1,2,14,1,,3,,-1,,2,1,0,1,(1),(1),1,,3,1,0,3,50,27,6,2021,17:10,1,976,97608,1,1,0,6,Route des Badamiers,-12.776349,45.282029,17,3,1
202100031061,146Â 219,B01,2,2,2,5,1,8,-1,-1, -1,-1,2021,98.0,1,2,0,2,3,1,1,,4,CARNOT (RUE  LAZARE ),0,,2,2,0,1,(1),(1),1,, -1,1,0,1,50,1,7,2021,15:40,1,56,56121,2,2,0,3,CARNOT (RUE  LAZARE ),47.7427,-3.36073,15,3,2
202100002997,196Â 420,A01,1,1,1,0,0,-1,-1,0,0,-1,2021,27.0,1,2,7,0,1,1,1,,3,62,-1,,2,2,0,1,29,950,1,, -1,2,0,1,90,14,12,2021,23:15,3,86,86300,1,6,1,7,D62,46.664404,0.203853,23,1,1
202100038507,132Â 813,A01,1,1,1,5,1,0,-1,-1, -1,-1,2021,23.0,1,2,0,2,1,5,1,,1,AUTOROUTE A1,0,,3,4,0,1,4,500,1,, -1,1,0,1,90,21,5,2021,23:20,5,972,97213,1,1,0,4,AUTOROUTE A1,14.61372,-61.01096,23,4,3
202100024144,158Â 502,A01,1,1,1,0,2,6,-1,0,0,-1,2021,56.0,2,1,6,0,1,2,1,,3,RENOIR (AVENUE AUGUSTE),0,,2,2,0,1,5,688,2,, -1,1,0,1,50,14,8,2021,12:05,1,6,6069,2,1,0,6,RENOIR (AVENUE AUGUSTE),43.681746,6.961238,12,1,1
202100047414,117Â 020,A01,10,3,2,9,0,-1,-1,5,2,1,2021,83.0,3,1,0,1,1,25,5,,4,986,0,,1,1,0,1,0,0,3,, -1,1,9,4,30,19,3,2021,14:30,1,92,92002,2,1,0,6,PROSPER LEGOUTE (PASSAGE),48.74351,2.296319,14,2,1
202100000583,200Â 658,A01,1,1,1,0,8,0,-1,-1, -1,-1,2021,23.0,1,1,1,0,1,21,5,,2,RN03,0,,3,4,3,2,58,299,1,, -1,1,0,2,90,13,11,2021,01:00,3,974,97416,1,1,0,6,RN03,-21.30185,55.50198,1,1,1
202100025145,156Â 710,A01,2,2,2,9,1,0,-1,0,0,-1,2021,48.0,0,2,0,2,2,1,1,,4,RUE DE MOUZAIA,0,,2,4,0,2,(1),(1),1,, -1,1,0,1,50,7,8,2021,10:15,1,75,75119,2,5,0,3,RUE DE MOUZAIA,48.880076,2.398463,10,3,2
202100054827,103Â 798,A01,10,3,1,3,0,-1,-1,3,3,1,2021,61.0,3,2,0,1,2,1,1,,4,,-1,,2,2,0,1,(1),(1),1,, -1,1,0,1,50,13,1,2021,15:30,1,83,83047,2,1,0,6,Avenue de la 1ere Dfl,43.151384,6.071008,15,2,1
202100016346,172Â 416,A01,10,3,2,9,0,8,-1,2,4,1,2021,24.0,1,2,0,1,2,1,1,,4,AVENUE PAUL DOUMER,0,,2,2,0,2,(1),(1),1,, -1,1,0,1,30,28,9,2021,16:20,1,75,75116,2,2,0,6,AVENUE PAUL DOUMER,48.861015,2.283393,16,3,1
202100015943,173Â 166,A01,1,1,1,5,2,6,-1,0,0,-1,2021,44.0,3,1,0,2,2,2,1,,4,BOULEVARD PERIPHERIQUE,0,,1,4,0,1,(1),(1),1,, -1,1,0,1,70,30,9,2021,20:10,5,75,75116,2,4,0,2,BD PERIPHERIQUE INTERIEUR,48.84332,2.254611,20,2,2
202100020313,165Â 329,A01,1,1,2,0,1,0,-1,-1, -1,-1,2021,43.0,1,2,0,2,4,23,6,,3,ROCADE OUEST (RD 610),0,,1,0,0,1,12,500,1,, -1,1,0,1,90,6,9,2021,07:35,1,10,10333,2,1,0,2,ROCADE OUEST (RD 610),48.2735,4.04688,7,2,2
202100050452,111Â 519,A01,1,1,1,5,2,-1,-1,0,0,-1,2021,55.0,2,1,0,0,0,26,6,,4,FERRY (RUE JULES),0,,-1,2,0,1,(1),(1),1,, -1,1,0,1,50,23,2,2021,09:15,1,65,65417,2,1,0,7,FERRY (RUE JULES),43.227127,0.104313,9,1,1
202100053953,105Â 312,A01,10,3,2,3,0,-1,-1,3,3,1,2021,74.0,3,2,0,1,2,15,1,,4,MONGE GASPARD,0,,2,2,0,1,0,0,1,, -1,1,0,1,50,23,1,2021,15:00,1,11,11069,2,1,0,7,Rue MONGE GASPARD,43.20553,2.30829,15,2,1
202100007668,188Â 044,A01,1,1,2,1,2,6,-1,0,0,-1,2021,18.0,1,1,0,0,8,16,1,,4,BOULEVARD DE STRASBOURG,0,,2,5,1,1,(1),(1),1,, -1,2,0,1,30,17,11,2021,08:00,1,75,75110,2,2,0,7,BOULEVARD DE STRASBOURG,48.869327,2.35424,8,1,1
202100040515,129Â 186,A01,10,3,2,5,0,-1,-1,5,3,2,2021,9.0,2,2,0,1,1,2,1,,3,LENINE (R),0,,1,2,0,1,1,0,1,, -1,2,0,1,50,9,5,2021,19:10,2,94,94041,2,1,1,6,LENINE (R),48.81771,2.39731,19,2,1
202100027729,152Â 149,Z01,10,3,2,5,0,-1,-1,3,3,1,2021,20.0,1,1,0,1,1,1,1,,4,,0,,1,1,0,1,0,0,1,, -1,1,0,1,50,20,7,2021,11:50,1,49,49099,2,2,0,6,OISILLONNETTE (RUE DE L'),47.0661,-0.87623,11,2,1
202100053287,106Â 485,B01,1,1,2,5,1,-1,-1,0,0,-1,2021,79.0,1,2,0,2,1,1,1,,3,933,-1,,2,3,0,1,42,200,1,, -1,2,5,1,80,29,1,2021,10:45,1,64,64010,1,3,1,3,RD 933,43.333144,-1.01538,10,2,2
202100015404,174Â 170,A01,1,1,1,5,1,-1,-1,0,0,-1,2021,28.0,0,2,0,2,3,15,0,,3,28,0,B,2,2,0,1,5,(1),1,, -1,1,0,1,80,2,10,2021,14:35,1,21,21614,1,3,0,3,D120B,47.441615,5.210395,14,5,2
202100049961,112Â 446,A01,1,1,1,9,1,-1,-1,0,0,-1,2021,20.0,2,2,9,0,1,12,1,,2,11,-1,,3,4,0,1,5,500,1,, -1,1,3,1,110,28,2,2021,13:40,1,202,202148,1,9,0,6,Route territoriale 11 - bretelle accÃ¨s aÃ©roport de Poretta,42.551824,9.460827,13,3,1
202100039999,130Â 095,A01,1,1,1,5,0,-1,-1,0,0,-1,2021,56.0,1,6,0,0,0,0,1,,3,45,0,D,2,2,0,1,4,350,1,, -1,1,0,8,80,14,5,2021,21:00,1,64,64447,1,1,0,7,"PK4+350, RD45",43.530975,-0.493779,21,1,1
202100037996,133Â 745,A01,1,1,2,1,1,-1,-1,-1, -1,-1,2021,56.0,2,2,0,0,0,14,1,,3,RN 138,0,,-1,2,0,1,6,820,1,, -1,1,0,1,90,27,5,2021,05:00,3,61,61497,1,1,0,7,Les longs bas,48.47295,0.10538,5,1,1
202100016782,171Â 614,B01,1,1,2,0,0,-1,-1,-1, -1,-1,2021,20.0,1,1,12,2,1,5,3,,4,,0,,1,3,0,1,(1),(1),1,, -1,1,0,1,50,25,9,2021,22:30,5,69,69388,2,1,0,1,EPARGNE (DE L') (R),45.74192,4.85986,22,2,2
202100042502,125Â 649,A01,1,1,1,1,2,6,-1,0,0,-1,2021,29.0,2,1,0,2,8,13,1,,4,BOULEVARD SAINT JACQUES,0,,1,1,0,2,(1),(1),1,, -1,1,0,1,50,26,4,2021,16:10,1,75,75114,2,3,0,3,BOULEVARD SAINT JACQUES,48.833315,2.335011,16,2,2
202100039283,131Â 383,A01,10,3,1,0,0,-1,-1,3,3,1,2021,21.0,1,2,0,1,2,1,1,,4,DELESSERT (BOULEVARD BENJAMIN),0,,3,3,1,1,0,0,1,, -1,1,0,1,50,18,5,2021,18:00,1,49,49328,2,1,0,6,DELESSERT (BOULEVARD BENJAMIN),47.25382,-0.08564,18,2,1
202100006538,190Â 111,A01,1,1,1,0,1,-1,-1,-1, -1,-1,2021,41.0,1,2,13,0,7,1,1,,1,ROCADE A 630,0,,3,6,0,1,21,299,1,, -1,2,3,1,90,24,11,2021,03:35,3,33,33318,1,1,1,6,ROCADE A 630,44.80232,-0.65913,3,1,1
202100022349,161Â 697,B01,1,1,2,5,2,6,-1,0,0,-1,2021,38.0,2,1,0,0,7,1,1,,2,85,-1,,2,2,0,2,7,770,2,, -1,1,5,1,80,25,8,2021,09:12,1,5,5142,1,3,0,3,N85,44.774676,6.017804,9,2,2
202100041817,126Â 862,A01,1,1,1,9,2,0,-1,0,0,-1,2021,27.0,2,1,1,0,8,14,5,,4,RUE DU CHEMIN VERT,0,,1,1,0,2,(1),(1),1,, -1,1,0,1,50,1,5,2021,01:40,5,75,75111,2,1,0,6,RUE DU CHEMIN VERT,48.860533,2.379369,1,1,1
202100010448,183Â 046,A01,1,1,2,5,1,-1,-1,0,0,-1,2021,19.0,1,2,0,2,1,1,1,,3,923,-1,,2,2,0,1,20,500,2,, -1,2,0,1,80,30,10,2021,08:25,1,60,60257,1,1,1,1,RD 923,49.25628,1.990392,8,5,2
202100012879,178Â 706,B01,1,1,2,9,8,0,-1,0,0,-1,2021,27.0,2,1,0,2,6,15,5,,4,AVENUE DE L OPERA,0,,2,4,3,1,(1),(1),1,, -1,1,-1,6,30,16,10,2021,08:36,1,75,75102,2,3,0,3,AVENUE DE L OPERA,48.869041,2.332954,8,2,2
202100011478,181Â 209,A01,1,1,1,5,8,-1,-1,0,0,-1,2021,21.0,2,2,2,0,1,1,1,,3,951,-1,,2,2,0,2,61,280,1,, -1,1,0,3,80,24,10,2021,04:45,3,4,4130,1,1,0,7,"RD 951, lieu-dit l'Espinasse",44.048717,5.805888,4,1,1
202100051743,109Â 207,A01,1,1,1,1,1,-1,-1,0,0,-1,2021,42.0,1,2,2,0,1,14,1,,2,88,0,,2,2,0,1,26,940,2,, -1,2,0,3,80,12,2,2021,19:20,3,12,12026,1,1,1,6,N88,44.389904,2.795473,19,1,1
202100037386,134Â 841,A01,1,1,1,0,1,0,-1,-1, -1,-1,2021,22.0,1,4,0,0,0,0,1,,4,BPNL   34.000 A 34.614,0,,-1,2,0,2,34,0,2,, -1,1,0,1,50,31,5,2021,12:30,1,69,69081,1,9,0,7,BPNL   34.000 A 34.614,45.77297,4.7891,12,1,1
202100052220,108Â 364,A01,2,2,2,3,2,8,-1,-1, -1,-1,2021,28.0,1,1,0,0,0,1,1,,7,PEINTRES ROUX (avenue),0,,1,1,0,1,11,900,1,, -1,1,0,1,50,7,2,2021,09:35,1,13,13211,2,1,0,7,PEINTRES ROUX (avenue),43.301032,5.476484,9,2,1
202100043235,124Â 376,A01,1,1,1,4,0,-1,-1,0,0,-1,2021,18.0,3,4,0,0,0,14,1,,4,2,0,C,2,2,0,2,(1),(1),1,, -1,1,0,3,70,21,4,2021,12:20,1,56,56061,1,1,0,7,la planchette,47.749424,-2.142366,12,1,1
202100020364,165Â 237,A01,2,2,2,5,2,-1,-1,0,0,-1,2021,20.0,1,1,0,0,8,1,1,,3,50,-1,D,2,2,0,1,1,800,1,, -1,1,0,1,80,7,9,2021,21:00,3,54,54434,1,3,0,7,Intersection D50D et D913,48.4436786691,6.1255109305,21,2,1
202100023560,159Â 526,A01,10,3,1,5,8,-1,-1,2,3,1,2021,47.0,2,4,0,1,8,1,1,,4,MARIUS VIVIER MERLE                 (BD),0,,2,4,0,1,(1),(1),1,, -1,1,0,1,30,18,8,2021,16:10,1,69,69383,2,2,0,6,MARIUS VIVIER MERLE (BD),45.76265,4.85787,16,2,1
202100050289,111Â 816,B01,1,1,1,0,2,6,-1,-1, -1,-1,2021,35.0,2,1,0,2,3,3,1,,1,6B,0,,1,2,0,1,3,799,1,, -1,1,0,1,90,25,2,2021,09:45,1,94,94038,1,1,0,3,AUTOROUTE A6B,48.7845,2.347,9,2,2
202100035321,138Â 574,Z01,10,3,2,5,8,8,-1,4,3,1,2021,78.0,2,1,0,1,1,1,1,,4,PLACE DE LA BATAILLE DE STALINGRAD,0,,3,3,0,1,(1),(1),1,, -1,1,0,1,50,10,6,2021,18:25,1,75,75110,2,2,0,6,PLACE DE LA BATAILLE DE STALINGRAD,48.883861,2.368563,18,2,1
202100003481,195Â 532,A01,2,2,2,5,1,-1,-1,0,0,-1,2021,19.0,1,2,2,0,7,1,1,,3,126,0,D,2,2,0,1,16,826,3,, -1,2,0,3,80,11,12,2021,19:40,3,17,17140,1,1,0,7,D126,45.891532,-1.250296,19,3,1
202100042039,126Â 481,B01,1,1,1,5,2,0,-1,-1, -1,-1,2021,27.0,2,1,0,2,1,17,1,,4,MARCEL (RUE ETIENNE),0,,3,2,0,1,0,0,1,, -1,2,0,1,50,28,4,2021,11:20,1,18,18279,2,1,1,3,MARCEL (RUE ETIENNE),47.217,2.099,11,3,2
202100037997,133Â 744,B01,4,2,1,0,1,0,-1,-1, -1,-1,2021,11.0,0,2,0,2,1,2,1,,7,GRAMME (CHAUSSEE),0,,3,4,0,1,(1),(1),1,, -1,1,0,1,50,27,5,2021,17:30,1,59,59599,2,1,0,5,GRAMME (CHAUSSEE),50.7377,3.16437,17,4,3
202100055760,102Â 195,A01,10,3,1,5,0,-1,-1,4,3,1,2021,60.0,3,5,0,1,1,9,1,,4,PETIT ROC FER (CHEMIN DU),0,,1,1,0,1,(1),(1),1,, -1,1,0,1,50,7,1,2021,18:40,5,86,86214,2,1,0,6,Chemin du Petit Rocfer,46.56404,0.35251,18,2,1
202100013723,177Â 176,A01,1,1,1,0,2,6,-1,-1, -1,-1,2021,38.0,1,1,4,0,8,21,1,,3,1,0,,3,3,0,1,0,0,1,, -1,1,0,1,50,12,10,2021,09:55,1,92,92012,2,1,0,6,POINT DU JOUR (QUAI DU),48.8338477149,2.2610753775,9,2,2
202100028160,151Â 363,A01,1,1,1,5,8,0,-1,0,0,-1,2021,25.0,1,1,0,2,1,17,5,,4,QUAI DE CONTI,0,,2,3,1,1,(1),(1),2,, -1,1,0,5,30,19,7,2021,22:25,5,75,75106,2,1,0,2,QUAI DE CONTI,48.857517,2.338121,22,2,2
202100021053,164Â 026,A01,1,1,1,5,2,6,-1,-1, -1,-1,2021,37.0,1,1,0,2,1,2,1,,7,DODIN (AVENUE ROGER),0,,2,2,1,1,23,428,1,, -1,1,5,1,50,3,9,2021,15:50,1,35,35281,2,2,0,2,DODIN (AVENUE ROGER),48.08683,-1.70698,15,2,2
202100009902,183Â 993,B01,1,1,1,0,2,0,-1,-1, -1,-1,2021,26.0,1,1,0,0,4,23,1,,4,EMILE ZOLA     (Cours),0,,2,4,2,1,(1),(1),1,, -1,2,0,1,50,2,11,2021,00:30,5,69,69266,2,2,0,2,EMILE ZOLA (CO),45.76934,4.88032,0,2,2
202100014591,175Â 631,A01,10,3,2,5,8,8,-1,2,3,1,2021,62.0,1,2,0,1,4,20,0,,9,VERON (RUE A.),0,,3,0,0,1,(1),(1),1,, -1,2,0,1,50,1,10,2021,12:40,1,62,62193,2,1,1,6,VERON (RUE A.),50.944911,1.822467,12,2,1
202100002174,197Â 901,A01,1,1,1,4,1,-1,-1,0,0,-1,2021,33.0,2,4,12,0,8,1,1,,3,929,-1,,2,2,0,1,30,1012,1,, -1,1,5,4,-1,21,12,2021,03:45,3,76,76328,1,6,0,7,D929/D151,49.666593,1.189004,3,1,1
202100001869,198Â 455,B01,1,1,2,5,1,0,-1,0,0,-1,2021,73.0,1,2,0,2,2,1,1,,7,AGINCOURT  (ROUTE RD 913),0,,2,3,0,2,(1),(1),1,, -1,1,0,1,80,20,12,2021,17:18,3,54,54184,1,1,0,5,AGINCOURT  (ROUTE RD 83,48.7175244792,6.2409510612,17,5,5
202100007758,187Â 890,A01,1,1,1,4,2,6,-1,-1, -1,-1,2021,47.0,2,1,1,0,1,25,1,,4,ST CLAIR (DE)                       (GR),0,,1,1,0,1,(1),(1),1,, -1,1,0,4,50,15,11,2021,11:45,1,69,69034,2,1,0,3,ST CLAIR (DE) (GR),45.7897,4.8564,11,2,2
202100021559,163Â 101,A01,1,1,1,0,2,6,-1,-1, -1,-1,2021,32.0,2,1,0,0,5,1,1,,2,104,0,,1,1,0,3,43,669,3,, -1,1,3,1,50,1,9,2021,11:45,1,91,91235,1,1,0,7,RN 104,48.62638,2.35295,11,1,1
202100035677,137Â 940,A01,1,1,1,1,2,6,-1,-1,0,-1,2021,30.0,1,1,12,1,1,1,1,,3,RESIDENCE JULIUS ET ETHEL ROSENBERG,0,,1,2,0,1,0,500,1,, -1,1,0,1,50,7,6,2021,18:00,1,95,95063,2,1,0,6,Rue Julius et Ethel Rosenberg,48.92346,2.21725,18,3,1
202100041057,128Â 222,B01,2,2,2,0,2,0,-1,-1, -1,-1,2021,47.0,1,1,0,2,1,21,1,,4,JOLIOT CURIE                        (R ),0,,2,3,0,1,(1),(1),1,, -1,1,0,1,50,3,5,2021,19:10,1,69,69385,2,1,1,1,JOLIOT CURIE (R),45.7562715074,4.7963272203,19,3,2
202100025128,156Â 740,A01,1,1,2,5,1,0,-1,-1, -1,-1,2021,22.0,2,2,0,0,1,0,1,,2,4E ZOUAVE (DU) (AVENUE),0,,4,4,0,1,78,680,1,, -1,1,5,1,50,8,8,2021,00:30,5,17,17306,2,3,0,1,4E ZOUAVE (DU) (AVENUE),45.629428,-0.993671,0,2,2
202100039577,130Â 844,A01,1,1,1,5,2,0,-1,-1, -1,-1,2021,51.0,1,1,0,0,0,1,3,,4,WILSON (AVENUE DU PRESIDENT),0,,2,2,0,1,(1),(1),1,, -1,2,0,1,30,15,5,2021,19:00,1,41,41018,2,1,1,7,WILSON (AVENUE DU PRESIDENT),47.58248,1.34141,19,1,1
202100014932,175Â 021,A01,10,3,2,2,0,-1,-1,2,3,2,2021,11.0,1,2,0,1,1,15,6,,2,GERMAIN ST RUF (AVENUE ),0,,2,2,0,1,(1),(1),1,, -1,1,0,1,50,5,10,2021,14:00,1,971,97107,2,1,0,6,GERMAIN ST RUF (AVENUE ),16.0507,-61.56258,14,3,1
202100026701,153Â 982,A01,1,1,1,0,1,-1,-1,0,0,-1,2021,77.0,1,2,0,2,1,5,1,,3,1083,0,,2,2,0,1,28,208,1,, -1,1,0,1,80,28,7,2021,14:10,1,1,1235,1,1,0,1,,46.062951,5.083126,14,3,2
202100034269,140Â 485,B01,1,1,2,5,1,8,-1,-1, -1,-1,2021,25.0,3,2,0,2,1,1,1,,7,AVENUE EDMOND ESMONIN,0,,3,7,0,1,2,500,1,, -1,1,5,1,50,15,6,2021,23:10,5,38,38185,2,2,0,3,Avenue LÃ©on Blum,45.16187,5.71595,23,3,2
202100003861,194Â 853,A01,1,1,1,0,2,6,-1,-1, -1,-1,2021,25.0,1,1,0,2,1,21,1,,4,,0,,1,1,0,1,0,0,1,, -1,1,0,1,50,9,12,2021,17:50,5,92,92024,2,1,0,1,PIERRE BEREGOVOY (RUE),48.9016583291,2.2947236896,17,2,2
202100035955,137Â 415,B01,1,1,1,5,8,0,-1,-1, -1,-1,2021,43.0,2,1,0,2,3,9,5,,3,OUEST(ROUTE DE L'),0,,2,2,0,2,0,0,2,, -1,1,0,1,50,7,6,2021,18:30,1,94,94011,2,6,0,3,Route de lâOuest,48.78027,2.47609,18,2,2
202100048861,114Â 423,B01,1,1,1,5,2,8,-1,-1, -1,-1,2021,32.0,1,1,0,2,1,1,1,,4,SAKAKINI (BOULEVARD),0,,1,0,0,1,(1),(1),1,, -1,1,0,1,50,7,3,2021,19:45,5,13,13205,2,3,0,3,SAKAKINI (BOULEVARD),43.2975,5.40073,19,2,2
202100047451,116Â 948,A01,1,1,1,5,1,-1,-1,0,0,-1,2021,37.0,2,5,0,2,8,1,1,,3,902,0,,2,2,0,2,34,10,3,, -1,5,0,1,80,1,2,2021,07:20,1,73,73232,1,1,1,3,D902,45.5465905053,6.9074658715,7,3,2
202100041349,127Â 699,A01,1,1,1,5,1,-1,-1,0,0,-1,2021,43.0,1,2,0,0,1,1,1,,3,603,0,,2,2,0,3,37,510,1,, -1,2,0,3,80,5,5,2021,20:45,3,57,57695,1,1,1,7,D603 VARIZE,49.106958,6.445971,20,1,1
202100041143,128Â 064,B01,1,1,1,1,2,6,-1,0,0,-1,2021,48.0,1,1,0,2,4,2,1,,4,PLACE D ITALIE,0,,1,3,0,1,(1),(1),2,, -1,2,0,1,50,6,5,2021,12:09,1,75,75113,2,7,1,2,PLACE D ITALIE,48.831887,2.355829,12,2,2
202100053342,106Â 372,A01,1,1,1,1,2,6,-1,-1, -1,-1,2021,19.0,2,1,0,2,1,26,1,,4,ADOLPHE THIERS (RUE),0,,2,2,0,2,0,0,1,, -1,2,0,1,50,27,1,2021,12:15,1,10,10333,2,1,0,2,ADOLPHE THIERS (RUE),48.28308,4.06439,12,2,2
202100053665,105Â 810,A01,2,2,2,5,1,-1,-1,0,0,-1,2021,69.0,2,2,0,2,1,1,1,,3,13,-1,D,2,2,0,1,12,950,1,, -1,1,0,1,80,26,1,2021,15:45,1,27,27372,1,2,0,1,D13,49.354668,1.63508,15,3,2
202100000994,199Â 982,A01,10,3,1,5,0,-1,-1,4,3,1,2021,79.0,1,1,0,1,1,1,1,,4,ALSACE LORRAINE D',0,,2,2,0,1,0,0,1,, -1,1,0,1,50,28,12,2021,10:25,1,64,64445,2,1,0,6,Boulevard dâAlsace Lorraine,43.3048814973,-0.3706330061,10,2,1
202100021970,162Â 358,B01,1,1,1,5,2,-1,-1,0,0,-1,2021,56.0,2,1,0,2,1,1,5,,3,909,-1,,-1,2,1,3,(1),(1),1,, -1,1,0,5,50,28,8,2021,19:50,2,74,74299,2,9,0,3,73 Rte d Annecy,45.895692,6.166003,19,2,2
202100039669,130Â 677,D01,1,1,1,0,1,0,-1,-1, -1,-1,2021,34.0,1,2,0,2,0,0,1,,1,6,0,,3,3,0,1,14,357,1,, -1,2,0,1,110,16,5,2021,22:16,3,91,91161,1,1,1,5,AUTOROUTE A6,48.6973,2.31519,22,7,4
202100018909,167Â 845,B01,1,1,1,0,1,0,-1,-1, -1,-1,2021,50.0,2,2,0,2,2,2,1,,2,PASTEUR (AVENUE),0,,1,1,0,1,0,0,1,, -1,1,0,1,50,14,9,2021,06:45,1,972,97209,1,1,0,4,PASTEUR (AVENUE),14.61468,-61.06276,6,3,3
202100031686,145Â 121,A01,1,1,1,5,2,6,-1,0,0,-1,2021,25.0,2,1,3,0,2,1,1,,3,733,-1,,2,2,0,1,28,624,1,, -1,1,0,3,80,1,7,2021,01:00,3,17,17185,1,1,0,6,Moulin de chalons,45.721282,-0.966668,1,1,1
202100005645,191Â 698,B01,1,1,1,5,1,0,-1,0,0,-1,2021,38.0,3,2,0,2,8,1,1,,4,AVENUE PIERRE DE COUBERTIN,0,,1,2,0,1,(1),(1),2,, -1,2,0,1,30,28,11,2021,17:52,5,75,75113,2,7,1,3,AVENUE PIERRE DE COUBERTIN,48.8161308469,2.3442131281,17,2,2
202100016072,172Â 922,B01,1,1,2,5,0,-1,-1,-1, -1,-1,2021,80.0,0,1,0,1,0,0,-1,,4,FRANCIS DE PRESSENSE                (AV),0,,2,3,2,1,(1),(1),1,, -1,1,0,5,50,28,9,2021,13:40,1,69,69259,2,2,0,6,FRANCIS DE PRESSENSE (AV),45.72659,4.86258,13,2,1
202100052740,107Â 460,A01,1,1,2,0,1,0,-1,-1, -1,-1,2021,58.0,2,2,0,2,4,9,1,,2,RN 104,0,,3,6,0,2,34,150,1,, -1,1,0,1,90,3,2,2021,17:00,1,91,91174,1,1,0,4,RN 104,48.62161,2.46284,17,3,3
202100032544,143Â 596,A01,1,1,1,5,2,6,9,0,0,-1,2021,39.0,2,1,0,2,7,1,1,,3,6,0,,2,1,0,1,61,300,1,,3,1,0,1,80,24,6,2021,16:30,1,14,14505,1,2,0,3,D6,48.967578,-0.410479,16,2,2
202100039614,130Â 782,A01,1,1,1,2,2,6,-1,-1, -1,-1,2021,18.0,1,1,0,0,0,1,1,,3,AV CHARLES GIDE ,0,,2,2,2,1,1,0,1,, -1,1,0,1,50,17,5,2021,17:35,1,94,94043,2,1,0,7,Avenue Charles Gide,48.807464,2.354696,17,1,1
202100051238,110Â 097,A01,1,1,2,0,1,-1,-1,0,0,-1,2021,26.0,2,2,0,2,2,15,1,,3,948,0,D,2,2,0,1,34,700,1,, -1,1,0,1,50,17,2,2021,12:40,1,45,45315,2,2,0,1,Route de Cerdon,47.760413,2.374055,12,2,2
202100003212,196Â 031,A01,1,1,1,4,1,-1,-1,0,0,-1,2021,49.0,2,4,0,0,0,1,1,,3,116,-1,,2,2,0,1,22,700,2,, -1,1,0,3,30,14,12,2021,14:00,1,33,33060,1,1,0,7,D116,44.562619,-0.342851,14,1,1
202100022552,161Â 316,B01,2,2,2,5,2,6,-1,0,0,-1,2021,32.0,2,1,15,2,1,1,1,,3,1506,0,D,2,2,0,2,(1),(1),1,, -1,1,0,1,50,27,8,2021,11:15,1,74,74056,2,1,0,1,Rte des Montets,45.986109,6.927803,11,3,2
202100026308,154Â 666,B01,1,1,1,4,8,-1,-1,-1, -1,-1,2021,18.0,1,1,0,2,3,1,5,,4,SAINT-MARTIN,0,,1,2,2,2,(1),(1),1,, -1,1,0,5,50,30,7,2021,22:50,5,35,35238,2,1,0,3,Rue SAINT-MARTIN,48.11985,-1.68035,22,2,2
202100015262,174Â 430,B01,9,2,2,1,1,-1,-1,0,0,-1,2021,6.0,2,2,0,2,3,23,1,,3,936,0,,2,3,0,4,26,130,1,, -1,1,0,1,80,4,10,2021,17:00,1,33,33157,1,3,0,1,,44.817814,-0.253978,17,3,2