Num_Acc,id_vehicule,num_veh,place,catu,sexe,trajet,secu1,secu2,secu3,locp,actp,etatp,year_acc,victim_age,senc,catv,obs,obsm,choc,manv,motor,occutc,catr,voie,v1,v2,circ,nbv,vosp,prof,pr,pr1,plan,lartpc,larrout,surf,infra,situ,vma,jour,mois,an,hrmn,lum,dep,com,agg_,int,atm,col,adr,lat,long,hour,nb_victim,nb_vehicules
202100024044,158Â 667,B01,1,1,1,1,9,-1,-1,0,0,-1,2021,50.0,2,1,0,2,4,1,5,,3,942,-1,,2,2,0,1,1,300,1,, -1,1,2,1,80,16,8,2021,04:30,3,62,62205,1,1,0,2,D942,50.724326,2.331269,4,2,2
202100032142,144Â 296,B01,1,1,1,9,2,6,-1,0,0,-1,2021,52.0,2,1,0,2,8,18,1,,4,RUE DE MAUBEUGE,0,,1,2,3,2,(1),(1),1,, -1,1,0,6,30,25,6,2021,19:40,1,75,75109,2,4,0,3,RUE DE MAUBEUGE,48.876852,2.341902,19,2,2
202100036761,135Â 994,B01,1,1,1,1,2,5,-1,-1, -1,-1,2021,67.0,2,1,0,2,8,1,1,,4,OBSERVANCE (DE L')                  (MO),0,,2,2,0,2,(1),(1),1,, -1,1,0,1,50,1,6,2021,08:00,1,69,69389,2,4,1,1,OBSERVANCE (DE L')                  (MO),45.76479,4.8117,8,2,2
202100033950,141Â 079,A01,1,1,1,1,2,6,-1,0,0,-1,2021,58.0,2,1,0,2,1,1,1,,4,,0,,2,2,0,2,(1),(1),2,,7,1,1,1,50,18,6,2021,17:28,1,6,6085,2,1,0,1,560 Chemin du Chateau,43.58587,7.001188,17,2,2
202100049392,113Â 473,B01,1,1,1,9,1,-1,-1,-1, -1,-1,2021,55.0,1,2,0,2,1,1,1,,4,MEGRET (RUE DE),0,,1,1,2,1,(1),(1),1,, -1,1,0,1,30,3,3,2021,13:45,1,33,33522,2,2,0,3,Rue de Megret,44.80289,-0.58919,13,3,2
202100022019,162Â 272,B01,1,1,1,5,2,6,-1,0,0,-1,2021,21.0,1,1,0,2,4,1,1,,3,1004,-1,D,2,3,0,1,(1),(1),1,, -1,2,0,1,50,29,8,2021,19:45,2,67,67226,2,9,0,2,D1004,48.602822,7.595919,19,2,2
202100001229,199Â 574,A01,2,2,2,5,1,-1,-1,0,0,-1,2021,74.0,1,2,13,2,5,12,1,,3,906,0,,2,3,0,1,10,700,1,, -1,2,0,1,90,27,12,2021,17:25,3,71,71194,1,1,1,3,D906,46.836229,4.819618,17,3,2
202100022423,161Â 559,A01,1,1,1,0,2,0,-1,-1, -1,-1,2021,16.0,1,1,0,2,1,17,1,,4,PRESABURU ALLEE),0,,2,2,0,1,0,0,1,, -1,1,0,1,50,26,8,2021,17:20,1,64,64545,2,1,0,3,PRESABURU ALLEE),43.36,-1.7,17,2,2
202100030043,148Â 084,B01,2,1,1,5,-1,0,-1,-1, -1,-1,2021,29.0,0,0,0,2,0,0,0,,3,SAINT LEU (ROUTE),0,,2,2,0,1,0,1,1,, -1,1,0,1,50,7,7,2021,18:45,1,93,93079,2,1,0,3,Route de Saint-Leu,48.951335,2.339292,18,2,2
202100018894,167Â 872,B01,1,1,1,0,1,0,-1,-1, -1,-1,2021,41.0,2,2,0,2,4,2,1,,1,AUTOROUTE A104,0,,3,8,0,2,4,0,3,, -1,2,0,1,90,15,9,2021,08:00,1,93,93078,1,1,1,2,AUTOROUTE A104,48.9584243006,2.5335100435,8,2,2
202100043328,124Â 214,A01,1,1,2,9,8,0,-1,-1, -1,-1,2021,45.0,1,1,14,0,0,1,5,,4,LETANDUERE,0,,-1,2,0,1,1,0,1,, -1,1,0,1,50,20,4,2021,17:14,1,49,49007,2,1,0,7,LETANDUERE,47.457433,-0.554087,17,1,1
202100008464,186Â 610,B01,1,1,1,0,2,0,-1,0,0,-1,2021,48.0,1,1,0,2,1,1,5,,4,DEROULEDE (AVENUE PAUL),0,,1,1,2,1,(1),(1),1,, -1,1,0,1,50,11,11,2021,11:25,1,54,54304,2,2,0,1,DEROULEDE (AVENUE PAUL),48.68516,6.15581,11,2,2
202100023393,159Â 802,B01,2,2,1,0,2,6,-1,-1, -1,-1,2021,31.0,1,1,0,2,4,1,1,,1,AUTOROUTE A86,0,,3,6,0,1,27,799,1,, -1,1,1,1,70,20,8,2021,10:00,1,93,93064,1,1,0,2,AUTOROUTE A86,48.87268,2.4804,10,3,2
202100019225,167Â 266,B01,1,1,2,0,1,0,-1,-1, -1,-1,2021,35.0,2,2,0,2,2,9,1,,4,"""REPUBLIQUE (AVENUE DE LA """"COTE PAIRS""""",0,,2,2,0,1,0,0,1,, -1,1,0,1,50,12,9,2021,19:55,5,93,93007,2,9,0,3,"""REPUBLIQUE (AVENUE DE LA """"COTE PAIRS""""",48.935522,2.468339,19,2,2
202100001320,199Â 402,A01,1,1,2,3,1,-1,-1,0,0,-1,2021,77.0,2,2,6,0,1,1,3,,3,52,-1,,1,1,0,1,9,158,3,, -1,2,0,1,50,27,12,2021,10:30,1,1,1321,2,2,1,6,Route de Tossiat,46.1627184045,5.3296780586,10,1,1
202100025906,155Â 385,A01,2,2,1,5,2,6,-1,0,0,-1,2021,21.0,2,1,0,0,4,1,1,,3,92,-1,,2,2,0,1,17,672,1,,7,1,0,1,80,11,6,2021,23:00,3,44,44069,1,1,0,2,Route de la Baule,47.310518,-2.409149,23,3,2
202100053037,106Â 920,A01,1,1,1,5,2,6,-1,-1, -1,-1,2021,24.0,1,1,0,0,0,0,1,,2,RN104,0,,3,2,0,1,7,199,1,, -1,2,0,1,90,31,1,2021,16:20,1,77,77373,1,1,1,2,RN104,48.7719082684,2.6117344336,16,2,2
202100009598,184Â 551,A01,1,1,1,1,2,6,-1,-1, -1,-1,2021,44.0,1,1,0,0,8,0,1,,4,A631,0,,3,6,0,1,(1),(1),1,, -1,2,0,1,70,3,11,2021,08:35,1,33,33039,1,1,1,7,A631,44.81438,-0.53511,8,1,1
202100031648,145Â 183,A01,1,1,1,1,2,6,-1,0,0,-1,2021,18.0,2,1,0,2,8,15,1,,2,2088,-1,,2,2,0,1,61,900,1,, -1,1,5,1,80,1,7,2021,14:15,1,12,12043,1,2,0,3,Le Lac Sud,44.286284,2.502608,14,2,2
202100020327,165Â 302,B01,1,1,1,1,2,0,-1,0,0,-1,2021,46.0,1,1,0,2,3,1,5,,4,AVENUE DU GENERAL LECLERC,0,,2,4,3,1,(1),(1),1,, -1,1,8,1,50,7,9,2021,19:40,1,75,75114,2,3,0,3,AVENUE DU GENERAL LECLERC,48.831206,2.32979,19,2,2
202100049160,113Â 883,B01,1,1,2,0,2,0,-1,-1, -1,-1,2021,38.0,1,1,0,2,8,1,3,,4,EMILE ZOLA ( RUE ),0,,1,1,0,1,0,0,1,, -1,1,0,1,50,5,3,2021,18:10,1,92,92004,2,2,0,3,EMILE ZOLA ( RUE ),48.9253895554,2.2816479206,18,2,2
202100017502,170Â 340,A01,1,1,1,1,2,6,-1,0,0,-1,2021,46.0,1,1,0,2,1,12,1,,4,ROUTE DE LA TOURELLE,0,,2,2,0,2,(1),(1),1,, -1,1,0,1,50,22,9,2021,08:00,1,75,75112,2,1,0,2,ROUTE DE LA TOURELLE,48.8434049334,2.422965467,8,2,2
202100046689,118Â 319,A01,1,1,2,5,1,-1,-1,0,0,-1,2021,23.0,0,2,2,0,3,13,1,,3,652,0,D,2,2,0,1,118,500,1,, -1,1,0,3,50,24,3,2021,03:38,3,40,40317,2,1,0,6,Avenue du GÃ©nÃ©ral de Gaulle,43.688093,-1.34089,3,1,1
202100008165,187Â 125,B01,1,1,1,5,1,5,-1,0,0,-1,2021,21.0,1,2,13,2,3,11,1,,3,933,0,,2,2,0,2,70,170,3,, -1,2,0,1,80,13,11,2021,16:20,2,1,1194,2,1,0,1,D933,45.960895,4.750568,16,2,2
202100045214,120Â 911,B01,1,1,1,1,2,6,-1,-1, -1,-1,2021,40.0,2,1,0,2,3,13,1,,4,HERBOUVILLE (D')                    (CO),0,,3,5,3,1,(1),(1),1,, -1,1,0,1,50,30,3,2021,20:30,5,69,69384,2,5,0,3,HERBOUVILLE (D') (CR),45.7790598624,4.8410660144,20,2,2
202100000381,201Â 022,B01,1,1,2,1,1,0,-1,-1, -1,-1,2021,41.0,2,2,0,2,3,2,1,,3,VAL DE SAIRE (RUE DU),0,,2,2,0,1,(1),(1),1,, -1,2,0,1,50,9,11,2021,18:55,5,50,50129,2,1,1,1,VAL DE SAIRE (RUE DU),49.63882,-1.61586,18,2,2
202100045922,119Â 674,A01,1,1,2,0,1,-1,-1,0,0,-1,2021,29.0,0,2,0,2,3,15,1,,4,JOLIOT CURIE (RUE),0,,2,2,0,3,(1),(1),1,, -1,1,0,1,50,26,3,2021,07:35,1,80,80489,2,3,0,1,JOLIOT CURIE (RUE),49.8713,2.35965,7,2,2
202100053970,105Â 283,B01,1,1,1,0,1,0,-1,-1, -1,-1,2021,42.0,0,2,0,2,4,0,1,,4,MOUSQUETAIRES (AV DES),0,,2,2,0,1,1,0,1,, -1,2,0,1,50,23,1,2021,15:30,1,94,94079,2,2,0,5,MOUSQUETAIRES (AV DES),48.82,2.55,15,3,3
202100006896,189Â 443,A01,1,1,1,5,1,-1,-1,-1,0,-1,2021,57.0,2,2,3,0,1,26,1,,2,RN 184,0,,-1,2,0,1,2,700,1,, -1,2,3,1,70,21,11,2021,23:25,3,95,95572,1,1,1,6,RN 184,49.03247,2.10788,23,1,1
202100006167,190Â 788,A01,3,2,2,5,0,-1,-1,0,0,-1,2021,6.0,1,2,2,0,9,14,1,,3,10,-1,,2,2,0,1,(1),(1),1,, -1,2,0,3,90,27,11,2021,19:15,3,988,98830,2,1,1,6,tribu de TiouandÃ©,-20.720434,165.027008,19,4,1
202100055011,103Â 478,D01,1,1,1,0,2,8,-1,-1, -1,-1,2021,35.0,1,1,3,0,1,3,1,,3,ROUTE DEPARTEMENTALE 3,0,,2,2,0,1,5,990,1,, -1,1,0,1,80,13,1,2021,19:35,3,972,97213,1,1,0,5,ROUTE DEPARTEMENTALE 3,14.64514,-60.9909,19,4,4
202100002832,196Â 713,A01,2,2,1,5,1,-1,-1,0,0,-1,2021,29.0,2,2,0,2,1,9,1,,3,1075,-1,,1,1,0,1,122,500,2,, -1,2,5,1,80,16,12,2021,16:40,3,38,38242,1,6,1,3,Col du Fau (Selle),44.908239,5.626202,16,3,2
202100045056,121Â 194,A01,1,1,1,0,2,6,9,0,0,-1,2021,47.0,2,1,0,2,1,17,1,,3,1201,0,D,2,2,0,1,2,70,1,, -1,1,0,1,80,6,4,2021,17:25,1,74,74233,1,1,0,2,1172 Rte d'Annecy,45.808537,5.98288,17,2,2
202100054902,103Â 672,B01,1,1,1,0,2,0,-1,-1, -1,-1,2021,28.0,1,1,0,2,8,1,1,,7,RTE DE REVEL,0,,-1,2,0,1,26,700,1,, -1,2,0,1,50,14,1,2021,19:15,5,31,31555,2,1,1,3,68 Route de Revel,43.57582,1.48838,19,2,2
202100011204,181Â 706,A01,10,3,1,0,0,-1,-1,3,3,1,2021,21.0,1,2,0,1,2,1,1,,4,ESQUERMES RUE D' NÂ° IMPAIRS 37 - 113,0,,2,0,0,1,(1),(1),1,, -1,1,0,1,50,24,10,2021,18:00,2,59,59350,2,1,0,6,ESQUERMES RUE D' NÂ° IMPAIRS 37 - 113,50.62275,3.04075,18,2,1
202100046331,118Â 954,A01,1,1,1,0,2,0,-1,-1, -1,-1,2021,36.0,1,1,0,2,7,1,1,,4,MARSEILLE (DE)                      (R ),0,,1,1,0,1,(1),(1),1,, -1,1,0,1,50,24,3,2021,19:25,5,69,69387,2,2,0,7,MARSEILLE (DE) (R),45.74764,4.83735,19,1,1
202100052064,108Â 654,A01,1,1,1,5,1,-1,-1,0,0,-1,2021,35.0,1,2,0,4,3,26,1,,3,927,0,,2,1,3,1,17,588,1,, -1,5,4,8,70,24,1,2021,13:20,1,76,76105,1,8,1,1,Rue de l'Eglise,49.632726,1.046898,13,2,2
202100006212,190Â 706,A01,1,1,2,1,2,-1,-1,-1, -1,-1,2021,33.0,1,1,0,1,1,1,5,,4,JEAN JAURES                         (AV),0,,2,2,2,1,(1),(1),1,, -1,1,0,1,50,17,11,2021,12:40,1,69,69387,2,1,0,6,JEAN JAURES (AV),45.74175,4.83981,12,2,1
202100027406,152Â 725,B01,1,1,2,1,1,0,-1,-1, -1,-1,2021,26.0,1,2,0,2,1,26,1,,4,VELPEAU (RUE),0,,2,2,0,1,0,0,1,, -1,1,0,1,30,23,7,2021,13:30,1,92,92002,2,1,0,1,VELPEAU (RUE),48.76184,2.30491,13,2,2
202100016911,171Â 392,B01,3,2,2,4,1,0,-1,-1, -1,-1,2021,31.0,3,2,0,2,4,2,1,,7,CLOS DU MOINE (RUE DU),0,,1,1,0,1,1,0,1,, -1,1,5,1,50,24,9,2021,17:07,1,45,45285,2,1,0,2,CLOS DU MOINE (RUE DU),47.915,1.8691,17,4,2
202100008291,186Â 899,A01,10,3,1,3,0,-1,-1,1,3,1,2021,20.0,0,1,0,1,1,1,1,,4,,-1,,2,2,0,1,(1),(1),1,,6,1,0,1,50,12,11,2021,18:00,4,79,79079,2,1,0,7,53 Rue Sainte Anne,46.926405,-0.750595,18,2,1
202100042235,126Â 132,A01,1,1,1,0,2,0,-1,-1, -1,-1,2021,23.0,1,1,12,0,1,13,0,,3,13,0,,2,2,0,2,1,0,1,, -1,1,0,1,50,27,4,2021,23:10,5,92,92025,2,1,0,6,VALMY (BD DE),48.9256348332,2.2528934083,23,1,1
202100016126,172Â 817,A01,10,3,2,0,0,-1,-1,2,3,1,2021,56.0,2,2,0,1,1,1,1,,4,EMILE ZOLA     (Cours),0,,2,3,2,1,(1),(1),1,, -1,1,0,1,50,29,9,2021,12:45,1,69,69266,2,3,0,6,EMILE ZOLA (CR),45.77074,4.86562,12,2,1
202100026895,153Â 632,A01,1,1,1,1,1,-1,-1,0,0,-1,2021,20.0,2,2,8,0,2,1,1,,3,908,0,,2,2,0,1,12,200,1,, -1,2,0,3,80,27,7,2021,19:40,1,54,54102,1,1,0,6,D908,48.7146805826,5.8574670561,19,1,1
202100038465,132Â 891,B01,1,1,1,0,2,6,9,0,0,-1,2021,25.0,1,1,0,2,1,1,1,,3,559,-1,,2,2,0,1,100,500,1,, -1,1,0,1,70,26,5,2021,16:45,1,83,83115,1,1,0,1,Av du Croiseur Leger le Malin,43.3225375669,6.6639910444,16,2,2
202100049510,113Â 253,A01,1,1,1,1,2,8,-1,-1, -1,-1,2021,38.0,1,1,0,2,2,3,1,,7,CAMOINS (AVENUE DES),0,,2,2,0,1,1,100,1,, -1,1,0,1,50,2,3,2021,17:55,1,13,13211,2,1,0,3,CAMOINS (AVENUE DES),43.298956,5.500031,17,2,2
202100047581,116Â 715,A01,1,1,2,1,1,-1,-1,0,0,-1,2021,30.0,2,2,0,2,3,1,1,,3,958,0,D,2,2,0,1,2,0,4,, -1,1,0,1,80,18,3,2021,06:50,2,59,59289,1,1,0,5,RD 958,50.217406,3.502386,6,3,3
202100020126,165Â 650,B01,1,1,1,1,2,0,-1,-1, -1,-1,2021,24.0,2,1,0,2,1,3,0,,4,ROMAINVILLE (RUE DE),0,,2,2,0,1,1,0,1,, -1,1,0,1,30,8,9,2021,12:10,1,93,93048,2,1,0,1,Rue de Romainville,48.8702121635,2.446799127,12,2,2
202100020061,165Â 766,B01,1,1,1,0,2,6,-1,-1, -1,-1,2021,18.0,2,1,1,2,1,1,1,,7,TOULON RD 46 ( ROUTE DE ),0,,2,2,0,1,12,40,1,, -1,1,0,1,70,7,9,2021,15:15,1,83,83069,2,1,0,3,TOULON RD 46 ( ROUTE DE ),43.1262542862,6.0979968309,15,2,2
202100033631,141Â 650,A01,10,3,2,9,0,-1,-1,2,3,1,2021,43.0,1,1,0,1,1,1,3,,4,RUE DU RANELAGH,0,,1,1,0,1,(1),(1),1,, -1,1,0,1,50,18,6,2021,14:15,1,75,75116,2,2,0,6,RUE DU RANELAGH,48.855382,2.27093,14,2,1
202100047437,116Â 975,B01,2,2,1,0,0,-1,-1,0,0,-1,2021,26.0,3,1,0,2,1,1,3,,4,21,0,,2,2,3,2,(1),(1),1,, -1,1,5,6,50,20,3,2021,12:30,1,74,74010,2,6,0,3,21 Bd Costa de Beauregard,45.882223,6.099896,12,3,2
202100030617,147Â 026,A01,1,1,1,5,1,-1,-1,0,0,-1,2021,30.0,2,2,0,2,1,5,1,,2,2,-1,,2,2,0,2,20,500,3,, -1,1,0,1,80,5,7,2021,23:05,3,972,97204,1,1,0,1,N2,14.685481,-61.165609,23,3,2
202100010494,182Â 964,B01,1,1,1,9,2,6,-1,-1, -1,-1,2021,28.0,2,1,0,2,2,1,1,,3,d301 de chantoiseau /grand veneur,0,,2,2,0,1,5,42,1,, -1,1,0,1,80,28,10,2021,16:10,1,77,77186,1,1,0,6,D301,48.38229,2.74713,16,2,2
202100002732,196Â 887,B01,2,2,1,2,2,0,-1,-1, -1,-1,2021,13.0,1,1,0,2,1,1,1,,3,MONTABO (ROUTE DE) 2,0,,2,2,0,1,2,10,1,, -1,1,0,1,70,15,12,2021,06:56,2,973,97302,2,9,0,6,MONTABO (ROUTE DE) 2,4.942152453,-52.3047731817,6,3,2
202100011778,180Â 658,A01,1,1,1,0,1,4,-1,-1, -1,-1,2021,71.0,2,2,9,0,2,14,1,,3,GAMBETTA (AV),0,,2,2,0,1,(1),(1),1,, -1,1,0,4,50,21,10,2021,20:21,5,81,81004,2,1,0,6,GAMBETTA (AV),43.92122,2.14643,20,1,1
202100042866,125Â 044,A01,2,2,2,5,1,8,-1,-1, -1,-1,2021,19.0,0,2,1,0,9,26,1,,4,VAILLANT ( AV. EDOUARD ),0,,2,2,0,1,(1),(1),1,, -1,1,0,1,30,22,4,2021,20:23,1,56,56083,2,1,0,6,VAILLANT ( AV. EDOUARD ),47.82381,-3.24941,20,2,1
202100014278,176Â 178,A01,1,1,1,5,2,6,-1,0,0,-1,2021,54.0,1,1,0,2,1,1,1,,3,902,-1,,-1,2,0,2,32,200,2,, -1,1,0,1,80,9,10,2021,12:50,1,5,5007,1,1,0,1,Route de lâIzoard,44.803534,6.737494,12,2,2
202100011627,180Â 938,B01,1,1,1,0,2,0,0,0,0,-1,2021,35.0,1,1,0,2,0,0,0,,3,HENRI BARBUSSE (RUE),0,,-1,2,0,1,65,788,1,, -1,2,5,1,50,22,10,2021,05:25,5,10,10357,2,6,0,3,CELESTIN PHILBOIS (RUE),48.300417,4.108746,5,2,2
202100005723,191Â 571,B01,1,1,2,1,1,8,-1,-1, -1,-1,2021,37.0,2,2,0,2,4,2,1,,1,AUTOROUTE A6,0,,3,6,0,1,13,500,1,, -1,1,0,1,110,29,11,2021,09:47,1,91,91161,1,1,0,2,AUTOROUTE A6,48.70241,2.30775,9,2,2
202100002849,196Â 688,B01,1,1,1,5,1,-1,-1,0,0,-1,2021,86.0,3,2,0,0,8,16,1,,3,01,0,D,2,2,0,1,2,500,1,, -1,1,0,1,90,17,12,2021,15:00,1,16,16028,1,3,0,3,D 1,45.492148437,-0.1551014185,15,2,2
202100033902,141Â 160,Y01,1,1,1,5,0,-1,-1,0,0,-1,2021,64.0,2,1,1,1,1,19,5,,4,,0,,1,1,0,1,0,0,1,, -1,1,0,1,50,15,6,2021,08:30,1,92,92064,2,1,0,6,EGLISE,48.8425414349,2.21937038,8,2,2
202100039044,131Â 846,B01,2,2,2,5,2,6,-1,-1, -1,-1,2021,30.0,2,1,0,2,1,21,1,,1,6,0,,3,-1,0,1,9,119,1,, -1,1,0,1,90,21,5,2021,14:28,1,91,91689,1,1,0,4,AUTOROUTE A6B,48.73935,2.32009,14,4,3
202100014308,176Â 129,A01,10,3,1,5,0,-1,-1,4,3,1,2021,76.0,1,2,0,1,1,15,1,,4,RECTEUR JEAN SARRAILH,0,,2,4,0,1,0,0,1,, -1,1,0,1,50,7,10,2021,17:50,1,64,64445,2,3,0,6,RECTEUR JEAN SARRAILH,43.309762,-0.36987,17,2,1
202100027268,152Â 983,A01,1,1,1,5,1,-1,-1,0,0,-1,2021,21.0,2,2,5,0,1,1,1,,3,D783,-1,,2,2,0,1,29,400,3,, -1,1,2,3,80,25,7,2021,07:15,1,29,29293,1,1,0,6,D783 - Pont du Minaouet,47.858756254,-3.8798832891,7,1,1
202100039739,130Â 549,A01,1,1,1,5,2,6,-1,0,0,-1,2021,21.0,1,1,0,0,0,2,5,,3,982,0,,2,2,0,1,45,(1),1,, -1,1,0,1,80,14,5,2021,14:40,1,30,30014,1,1,0,7,D982,44.001104,4.385519,14,1,1
202100046984,117Â 799,A01,1,1,1,1,2,6,-1,0,0,-1,2021,32.0,1,1,0,2,1,1,1,,4,13,0,,3,2,0,1,43,500,1,, -1,1,5,1,50,24,3,2021,12:05,1,29,29160,2,1,0,2,Rue des 3 Freres le Roy,48.498077,-4.427746,12,2,2
202100006758,189Â 704,B01,1,1,1,3,2,6,-1,0,0,-1,2021,42.0,2,1,0,2,1,1,1,,3,673,0,,2,2,0,2,76,100,1,, -1,1,0,1,30,23,11,2021,18:35,5,46,46127,2,9,0,3,dÃ©partementale 673,44.732802,1.375737,18,2,2
202100039363,131Â 239,A01,1,1,1,2,2,6,-1,0,0,-1,2021,15.0,2,1,0,2,1,13,1,,3,63,0,,2,2,0,1,(1),(1),2,, -1,1,0,1,80,19,5,2021,12:40,1,37,37061,1,1,0,1,La Grande Roue,46.916368,1.023295,12,2,2
202100015001,174Â 890,A01,5,2,1,0,1,0,-1,-1, -1,-1,2021,23.0,1,2,2,0,3,13,1,,4,PLESSIS (BOULEVARD DU),0,,2,2,0,1,1,0,1,, -1,2,0,4,50,3,10,2021,01:30,5,71,71306,2,1,1,6,PLESSIS (BOULEVARD DU),46.676,4.38371,1,5,1
202100040588,129Â 067,A01,10,3,2,5,0,-1,-1,2,3,1,2021,67.0,2,5,0,1,2,1,1,,4,RUE JACQUES IEKAWE,0,,2,2,0,2,0,0,1,, -1,1,0,1,50,7,5,2021,17:50,5,988,98818,2,3,0,6,RUE JACQUES IEKAWE/RUE CIRCULAIRE,-22.24002,166.4717,17,2,1
202100025443,156Â 185,A01,1,1,1,5,1,0,-1,-1, -1,-1,2021,65.0,2,2,0,2,1,13,1,,3,REPUBLIQUE (RUE DE LA),0,,2,2,0,1,3,320,3,, -1,1,0,1,50,30,7,2021,06:13,2,57,57019,2,1,1,1,REPUBLIQUE (RUE DE LA),49.26261,6.13936,6,2,2
202100017728,169Â 937,B01,1,1,1,0,2,6,-1,0,0,-1,2021,30.0,1,1,0,2,3,1,1,,3,88,-1,,2,1,0,2,18,640,1,,3,1,0,1,50,22,9,2021,08:55,1,1,1258,2,3,0,3,Route de Francheleins,46.093792,4.779503,8,2,2
202100028881,150Â 098,B01,2,1,1,0,2,0,-1,-1, -1,-1,2021,48.0,2,1,0,2,1,1,1,,3,9,0,,1,2,0,1,0,0,1,, -1,1,5,1,50,15,7,2021,17:50,1,92,92026,2,2,0,3,CHARRAS,48.8951756756,2.2499321401,17,2,2
202100002915,196Â 560,A01,1,1,2,1,8,-1,-1,-1, -1,-1,2021,28.0,1,2,0,2,9,2,1,,3,D 941,0,,2,2,0,1,136,0,1,, -1,2,0,1,80,13,12,2021,07:55,2,62,62727,1,1,0,5,D 941,50.46592,2.57956,7,6,6
202100013084,178Â 354,A01,1,1,2,1,8,0,-1,-1, -1,-1,2021,61.0,1,1,0,0,0,2,3,,4,CHATEAUGIRON (DE),0,,2,2,1,1,(1),(1),1,, -1,1,0,1,50,15,10,2021,20:30,5,35,35238,2,1,0,7,CHATEAUGIRON (DE),48.09874,-1.64487,20,1,1
202100040579,129Â 087,B01,1,1,1,0,1,0,-1,-1, -1,-1,2021,25.0,1,5,0,2,1,1,1,,1,A7-Sens Lyon vers Marseille,0,,-1,3,0,1,270,0,1,, -1,2,0,1,90,10,5,2021,16:20,1,13,13071,1,1,1,4,A7-Sens Lyon vers Marseille,43.4036,5.3431,16,4,3
202100014977,174Â 933,A01,1,1,2,0,2,0,-1,-1, -1,-1,2021,24.0,3,1,0,0,0,9,1,,4,21 AOUT 1944 (BD DU),0,,3,4,0,1,0,0,2,, -1,2,0,1,50,5,10,2021,15:38,1,87,87085,2,6,0,7,21 AOUT 1944 (BD DU),45.80811,1.26414,15,1,1
202100010484,182Â 985,B01,1,1,1,0,2,8,-1,-1, -1,-1,2021,34.0,3,1,0,2,7,1,1,,3,MAI 1945 (AVENUE DU 8),0,,1,1,0,1,0,0,3,, -1,1,5,1,30,28,10,2021,06:20,5,91,91223,2,6,0,3,MAI 1945 (AVENUE DU 8),48.43727,2.16334,6,2,2
202100008827,185Â 963,B01,1,1,1,0,2,0,-1,-1, -1,-1,2021,21.0,2,1,0,2,0,2,1,,1,AUTOROUTE A6,0,,3,6,0,1,34,0,1,, -1,1,0,1,110,9,11,2021,09:00,1,91,91179,1,1,0,2,AUTOROUTE A6,48.56242,2.48114,9,2,2
202100039711,130Â 599,A01,1,1,1,9,2,6,-1,0,0,-1,2021,30.0,2,1,0,2,1,2,1,,4,RUE POUCHET,0,,2,2,0,2,(1),(1),1,, -1,1,0,1,50,16,5,2021,16:00,1,75,75117,2,3,0,2,RUE POUCHET,48.895094,2.321318,16,3,2
202100005886,191Â 269,B01,1,1,1,2,1,0,-1,-1, -1,-1,2021,14.0,2,1,0,2,1,9,0,,3,AV JEAN PIERRE BENARD,0,,1,4,0,1,0,0,1,, -1,1,5,1,50,26,11,2021,08:30,1,91,91027,2,9,0,3,AV JEAN PIERRE BENARD,48.71304,2.37825,8,2,2
202100003255,195Â 945,A01,10,3,2,0,0,-1,-1,2,3,1,2021,16.0,2,1,0,1,1,14,1,,4,MARÃCHAL DE LATTRE (AVENUE),0,,2,3,3,1,0,0,1,, -1,1,0,1,50,12,12,2021,14:49,1,13,13209,2,1,0,1,MARÃCHAL DE LATTRE (AVENUE),43.2458675037,5.4171708921,14,2,1
202100028178,151Â 329,B01,1,1,1,0,2,8,-1,-1, -1,-1,2021,63.0,2,1,12,2,3,5,1,,3,CROISAT AMBROISE RD 29 BIS,0,,2,3,0,1,0,1,1,, -1,1,0,1,50,19,7,2021,14:00,1,93,93066,2,1,0,3,Rue Ambroise Croizat,48.932396,2.34887,14,2,2
202100010565,182Â 848,A01,1,1,1,9,2,0,-1,0,0,-1,2021,42.0,2,1,0,2,1,17,1,,4,QUAI PANHARD ET LEVASSOR,0,,2,4,0,1,(1),(1),1,, -1,1,0,1,30,28,10,2021,15:30,1,75,75113,2,1,0,5,QUAI PANHARD ET LEVASSOR,48.8290269717,2.3837649822,15,4,3
202100025450,156Â 174,A01,1,1,2,5,2,8,-1,-1, -1,-1,2021,41.0,1,1,0,0,7,1,1,,4,WAGNER (BOULEVARD RICHARD),0,,3,4,0,2,(1),(1),1,, -1,2,0,1,50,4,8,2021,20:20,1,37,37261,2,3,0,7,WAGNER (BOULEVARD RICHARD),47.3743481269,0.703927651,20,1,1
202100040357,129Â 467,A01,1,1,1,1,2,0,-1,-1, -1,-1,2021,45.0,0,1,0,2,1,2,1,,4,ENCO DE BOTTE (RTE),0,,2,2,0,1,0,(1),1,, -1,1,0,1,50,11,5,2021,08:30,1,13,13002,2,1,0,3,ENCO DE BOTTE (RTE),43.322904744,5.4797471414,8,2,2
202100027808,152Â 008,B01,1,1,1,0,2,6,-1,0,0,-1,2021,25.0,1,1,0,2,1,0,1,,3,130,0,O,2,2,0,1,6,60,1,, -1,1,0,1,50,21,7,2021,18:40,1,78,78020,1,2,0,3,RD11,48.889563,1.722112,18,2,2