Num_Acc,id_vehicule,num_veh,place,catu,sexe,trajet,secu1,secu2,secu3,locp,actp,etatp,year_acc,victim_age,senc,catv,obs,obsm,choc,manv,motor,occutc,catr,voie,v1,v2,circ,nbv,vosp,prof,pr,pr1,plan,lartpc,larrout,surf,infra,situ,vma,jour,mois,an,hrmn,lum,dep,com,agg_,int,atm,col,adr,lat,long,hour,nb_victim,nb_vehicules
202100028571,150Â 649,A01,1,1,1,5,2,-1,-1,0,0,-1,2021,9.0,2,1,0,2,1,1,5,,3,215,0,C,2,2,0,2,1,800,3,, -1,1,0,1,80,18,7,2021,15:45,1,38,38548,1,1,0,1,Route de Bois Barbu,45.068471,5.535049,15,4,2
202100014515,175Â 764,A01,1,1,1,5,1,-1,-1,0,0,-1,2021,20.0,2,2,0,2,3,17,1,,3,65,-1,B,2,1,0,1,3,200,1,, -1,1,0,1,80,9,10,2021,09:15,1,38,38535,1,1,0,1,Route DÃ©partementale 65B,45.774423,5.259855,9,2,2
202100056067,101Â 666,B01,1,1,1,1,2,0,-1,0,0,-1,2021,41.0,1,1,0,2,8,1,1,,4,BOULEVARD JOURDAN,0,,1,2,1,2,(1),(1),1,, -1,2,0,1,50,6,1,2021,14:00,1,75,75114,2,1,0,3,BOULEVARD JOURDAN,48.821679,2.332948,14,2,2
202100015764,173Â 490,C01,1,1,1,1,1,0,-1,-1, -1,-1,2021,43.0,1,2,0,2,0,0,1,,3,CROIZAT AMBROISE RD 29 BIS,0,,2,2,0,1,0,1,1,, -1,1,0,1,50,29,9,2021,18:50,1,93,93066,2,9,0,5,Rue Ambroise Croizat,48.93224,2.34893,18,3,3
202100005984,191Â 100,A01,10,3,1,0,0,-1,-1,4,3,1,2021,19.0,3,5,0,1,3,15,1,,4,VERNE JULES -AVENUE-,0,,-1,2,0,1,1,0,2,, -1,2,0,1,50,25,11,2021,19:40,5,11,11069,2,2,1,6,VERNE JULES -AVENUE-,43.20852,2.33029,19,2,1
202100021678,162Â 884,B01,2,2,2,5,1,-1,-1,0,0,-1,2021,83.0,2,2,0,2,1,1,1,,3,62,-1,,2,2,0,1,7,400,1,, -1,1,0,1,50,23,8,2021,15:20,1,57,57437,2,4,0,3,Rue de Metrich,49.422231,6.296443,15,4,2
202100043653,123Â 646,B01,1,1,1,5,8,0,-1,0,0,-1,2021,30.0,1,1,0,2,5,2,5,,4,RUE DE TURBIGO,0,,2,4,1,1,(1),(1),1,, -1,1,-1,5,20,17,4,2021,19:05,1,75,75103,2,2,0,2,RUE DE TURBIGO,48.865921,2.358099,19,2,2
202100029697,148Â 715,B01,2,2,2,5,1,-1,-1,0,0,-1,2021,74.0,2,2,0,2,1,2,1,,1,8,0,,3,3,0,1,56,400,1,, -1,1,0,1,130,10,7,2021,09:20,1,83,83116,1,1,0,1,Autoroute A8 PK 056+400 Nord,43.458402,5.869703,9,5,2
202100004226,194Â 195,A01,1,1,1,0,2,-1,-1,0,0,-1,2021,30.0,0,0,0,2,2,26,3,,4,STRASBOURG (BOULEVARD DE),0,,2,2,0,1,(1),(1),1,, -1,1,0,1,50,2,12,2021,18:15,5,80,80021,2,1,0,3,STRASBOURG (BOULEVARD DE),49.89064,2.277138,18,2,2
202100010932,182Â 188,B01,1,1,1,4,1,0,-1,0,0,-1,2021,47.0,2,2,0,2,4,7,1,,4,AVENUE DE FLANDRE,0,,1,3,3,1,(1),(1),1,, -1,1,-1,6,30,25,10,2021,13:21,1,75,75119,2,2,0,2,AVENUE DE FLANDRE,48.892439,2.378907,13,2,2
202100001785,198Â 601,A01,10,3,1,5,0,-1,-1,3,3,1,2021,86.0,1,2,0,1,1,1,1,,3,632,0,D,2,2,0,1,23,66,1,, -1,1,0,1,50,22,12,2021,18:30,2,31,31499,2,1,0,6,31 avenue des PyrÃ©nÃ©es,43.509788,1.172124,18,2,1
202100045961,119Â 599,B01,1,1,1,0,2,6,-1,-1, -1,-1,2021,32.0,1,1,1,2,3,1,1,,4,PALUDS (AVENUE DES),0,,2,2,0,1,0,0,1,, -1,1,0,1,50,30,3,2021,14:15,1,13,13005,2,1,0,3,PALUDS (AVENUE DES),43.2907,5.59511,14,2,2
202100015826,173Â 385,A01,2,2,2,5,1,-1,-1,0,0,-1,2021,19.0,2,2,3,0,2,1,1,,1,9,0,A,3,4,0,1,25,0,1,, -1,1,0,3,130,28,8,2021,06:40,2,30,30107,1,1,0,6,"autoroute A9, PK 25+000, sens Sud-Nord",43.961859,4.634439,6,3,1
202100021924,162Â 437,B01,1,1,1,5,1,0,-1,-1, -1,-1,2021,40.0,2,2,0,2,3,19,1,,7,MOCQUET GUY RUE,0,,2,2,0,1,(1),(1),1,, -1,2,5,1,50,29,8,2021,04:00,5,59,59360,2,2,1,3,MOCQUET GUY RUE,50.60673,3.01706,4,3,2
202100042524,125Â 612,B01,1,1,1,4,1,-1,-1,0,0,-1,2021,32.0,1,5,0,2,1,13,1,,3,15,0,D,2,2,0,1,11,900,1,, -1,2,0,1,80,27,4,2021,14:30,1,82,82156,1,1,1,2,D15,44.001111,0.988233,14,2,2
202100055941,101Â 890,C01,1,1,1,9,2,6,-1,0,0,-1,2021,40.0,1,1,0,2,3,1,1,,4,RUE ORDENER,0,,2,2,1,1,(1),(1),1,, -1,2,0,1,50,6,1,2021,08:22,1,75,75118,2,1,1,5,RUE ORDENER,48.890292,2.358565,8,4,3
202100002025,198Â 172,B01,3,2,2,0,8,0,-1,-1, -1,-1,2021,27.0,1,2,0,2,1,1,1,,4,LIBERTE (AVENUE DE LA,0,,-1,2,0,1,(1),(1),1,, -1,1,0,1,50,19,12,2021,23:30,5,34,34172,2,1,0,1,Avenue de la LibertÃ©,43.60696,3.86402,23,4,2
202100047503,116Â 851,C01,1,1,1,4,1,-1,-1,0, -1,-1,2021,44.0,1,0,0,2,4,26,1,,4,MENDES FRANCE  PIERRE AVENUE,0,,2,2,0,2,(1),(1),1,, -1,1,0,1,50,16,3,2021,11:35,1,29,29232,2,1,0,2,Avenue Pierre Mendes-France,47.9774,-4.124,11,2,2
202100045811,119Â 870,A01,1,1,1,0,1,0,-1,-1, -1,-1,2021,31.0,0,1,0,2,1,1,0,,4,PARC (RUE DU),0,,1,1,0,1,0,0,1,, -1,1,5,1,50,31,3,2021,13:25,1,93,93077,2,2,0,3,PARC (RUE DU),48.88114,2.52624,13,2,2
202100010191,183Â 487,B01,1,1,1,3,1,0,-1,-1, -1,-1,2021,71.0,0,2,0,0,3,0,1,,3,9,0,,-1,2,0,1,0,0,1,, -1,2,0,1,50,30,10,2021,13:30,1,92,92004,2,1,1,1,GRESILLONS ( AVENUE DES  ),48.9168237819,2.3062625527,13,2,2
202100041148,128Â 052,A01,1,1,1,4,2,6,-1,-1, -1,-1,2021,27.0,1,1,0,2,1,1,1,,4,CORNEILLES (BD DES),0,,2,2,0,1,0,0,1,, -1,2,0,1,30,6,5,2021,13:50,1,94,94068,2,2,1,3,CORNEILLES (BD DES),48.7858023476,2.4921476841,13,2,2
202100012152,180Â 000,A01,10,3,2,0,0,-1,-1,4,3,1,2021,81.0,2,1,0,1,1,1,1,,4,TORPILLEUR SIROCCO (RUE DU),0,,3,3,0,1,(1),(1),1,, -1,1,0,1,50,14,10,2021,19:36,2,63,63113,2,3,0,6,TORPILLEUR SIROCCO (RUE DU),45.81116,3.1073,19,2,1
202100033182,142Â 452,A01,1,1,1,4,2,6,-1,-1, -1,-1,2021,21.0,2,1,0,2,1,15,1,,3,52,0,,2,1,0,2,0,100,1,, -1,1,0,1,50,19,6,2021,20:35,1,91,91691,2,1,0,1,GABRIEL PERI(RUE) DU NÂ°70 AU NÂ°122,48.70586,2.48807,20,2,2
202100035537,138Â 187,A01,1,1,1,1,2,6,-1,0,0,-1,2021,51.0,1,1,14,0,2,14,1,,4,BOULEVARD BERTHIER,0,,3,2,0,1,0,(1),1,, -1,1,1,1,50,9,6,2021,10:40,1,75,75117,2,1,0,6,BOULEVARD BERTHIER,48.892392,2.308684,10,1,1
202100039122,131Â 698,A01,1,1,1,0,2,8,-1,-1, -1,-1,2021,17.0,0,1,0,2,1,13,1,,4,GOUEDIC (DE),0,,2,2,0,2,0,0,1,, -1,1,0,1,50,2,4,2021,18:20,1,22,22278,2,1,0,1,GOUEDIC (DE),48.5092240968,-2.7543754576,18,2,2
202100027205,153Â 085,B01,1,1,2,0,1,0,-1,-1, -1,-1,2021,31.0,2,2,0,2,1,1,1,,4,SAINT JUST (RUE),0,,2,2,0,1,(1),(1),1,, -1,1,0,1,50,24,7,2021,15:00,1,45,45068,2,1,0,1,36 Rue Saint-Just,48.0048,2.71842,15,6,2
202100005859,191Â 318,B01,2,2,2,5,2,6,-1,-1, -1,-1,2021,33.0,2,1,0,2,4,2,1,,1,A86 EXT,0,,1,1,0,2,37,500,1,, -1,1,3,1,90,28,11,2021,19:00,3,94,94028,1,9,0,2,A86 EXT,48.8029887864,2.448374033,19,3,2
202100001598,198Â 950,A01,10,3,1,0,0,-1,-1,4,0,1,2021,71.0,2,2,0,1,1,1,1,,4,FRATERNITE(RUE DE LA ),0,,2,2,0,1,0,0,1,, -1,1,0,1,50,16,12,2021,14:50,1,47,47323,2,1,0,6,FRATERNITE(RUE DE LA ),44.40729,0.70841,14,2,1
202100027782,152Â 054,B01,1,1,2,1,1,0,-1,-1, -1,-1,2021,27.0,3,2,0,2,6,1,1,,4,PICASSO  (AVENUE),0,,2,2,0,1,0,0,2,, -1,1,5,1,50,21,7,2021,09:30,1,93,93047,2,2,1,3,PICASSO  (AVENUE),48.902337,2.56081,9,2,2
202100014261,176Â 203,A01,1,1,2,5,1,-1,-1,0,0,-1,2021,21.0,2,2,2,0,8,1,1,,3,11,0,D,2,2,0,1,10,(1),1,, -1,9,0,3,80,9,10,2021,20:00,3,9,9173,1,1,0,6,d11,43.048804,1.559787,20,1,1
202100006816,189Â 592,A01,1,1,2,1,8,0,-1,0,0,-1,2021,36.0,1,1,0,0,0,21,3,,4,RUE MADEMOISELLE,0,,1,1,0,1,(1),(1),1,, -1,1,0,1,30,22,11,2021,07:55,1,75,75115,2,3,0,7,RUE MADEMOISELLE,48.843695,2.298542,7,1,1
202100039602,130Â 799,Z01,10,3,1,5,0,0,-1,2,3,1,2021,65.0,1,5,0,1,4,4,0,,4,RUE DES AMANDIERS,0,,1,1,3,1,(1),(1),1,, -1,2,0,6,50,17,5,2021,11:56,1,75,75120,2,3,1,6,RUE DES AMANDIERS,48.866166,2.389691,11,2,1
202100043344,124Â 187,B01,1,1,1,1,2,6,-1,0,0,-1,2021,63.0,1,1,0,2,7,1,1,,4,BOULEVARD PERIPHERIQUE,0,,1,4,0,1,18,100,1,, -1,1,1,1,70,20,4,2021,17:35,1,75,75117,2,1,0,3,BOULEVARD PERIPHERIQUE,48.8896605938,2.297325019,17,2,2
202100016440,172Â 242,A01,10,3,2,0,0,-1,-1,3,0,1,2021,72.0,1,2,0,1,1,1,1,,4,LORY LES HAUTS (RUE),0,,2,2,0,2,0,0,1,, -1,1,0,1,50,25,9,2021,19:20,5,974,97411,2,1,0,1,LORY LES HAUTS (RUE),-20.8877,55.4805,19,2,1
202100023102,160Â 319,A01,1,1,1,1,1,8,-1,-1, -1,-1,2021,28.0,1,2,0,2,1,21,3,,3,D 402,0,,2,2,0,1,48,200,1,, -1,1,0,1,80,20,8,2021,02:25,3,77,77433,1,1,0,1,D 402,48.78919,3.06419,2,2,2
202100022750,160Â 935,B01,1,1,1,3,2,0,-1,0,0,-1,2021,17.0,2,1,0,2,1,1,3,,4,RUE DU FAUBOURG SAINT MARTIN,0,,1,3,0,1,(1),(1),1,, -1,1,0,1,50,24,8,2021,17:30,1,75,75110,2,1,0,3,RUE DU FAUBOURG SAINT MARTIN,48.870461,2.35638,17,2,2
202100050118,112Â 151,D01,5,2,1,5,8,-1,-1,0,0,-1,2021,7.0,2,2,0,2,2,1,1,,1,A71,0,A,1,4,0,1,299,100,1,, -1,1,0,1,130,27,2,2021,13:00,1,3,3097,1,1,0,4,A 71 - PK 299 +100 - Sens Clermont vers Paris,46.36538,2.744544,13,21,5
202100010818,182Â 393,A01,10,3,1,0,0,-1,-1,6,9,1,2021,67.0,3,2,0,1,4,4,1,,6,,-1,,-1,0,0,1,(1),(1),1,,0,1,9,8,-1,28,10,2021,12:43,1,22,22081,2,1,0,6,Rue des Grands Champs,48.481605,-2.644444,12,2,1
202100033600,141Â 706,A01,1,1,1,1,2,6,-1,-1, -1,-1,2021,22.0,1,1,1,0,1,17,1,,4,LABARRE (AVE MIRIEU DE),0,,2,2,0,1,(1),(1),3,, -1,1,0,1,50,18,6,2021,21:02,1,33,33039,2,1,0,6,Avenue Mirieu de Labarre,44.7879786464,-0.5361131199,21,1,1
202100035144,138Â 889,B01,2,2,2,5,2,-1,-1,0,0,-1,2021,16.0,1,1,0,2,1,1,1,,3,,-1,,2,2,0,2,8,636,1,, -1,1,5,1,80,11,6,2021,23:40,3,85,85023,1,2,0,3,d7,46.539219,-1.157759,23,3,2
202100020757,164Â 532,B01,1,1,1,5,2,6,-1,0,0,-1,2021,16.0,1,1,0,2,4,1,1,,3,933,-1,,3,2,0,1,8,320,1,, -1,1,0,1,70,5,9,2021,16:00,1,71,71332,1,2,0,2,D933,46.6346858373,4.9851378723,16,2,2
202100013181,178Â 185,B01,1,1,1,1,1,-1,-1,0,0,-1,2021,18.0,2,2,13,0,0,1,1,,3,674,0,D,2,2,0,1,17,0,1,, -1,1,5,1,90,15,10,2021,12:15,1,88,88321,1,1,0,7,D674,48.38557,5.719231,12,2,2
202100048162,115Â 660,B01,1,1,1,9,2,0,-1,-1, -1,-1,2021,45.0,0,1,0,2,2,2,1,,3,ARGENTEUIL (ROUTE D'),0,,2,2,0,1,0,1,1,, -1,8,0,1,50,13,3,2021,09:10,1,93,93031,2,3,1,3,ARGENTEUIL (ROUTE D'),48.96004,2.2919,9,2,2
202100000325,201Â 138,A01,10,3,2,2,0,-1,-1,2,3,1,2021,12.0,1,2,0,1,0,15,-1,,4,,-1,,2,-1,2,1,(1),(1),1,, -1,-1,0,1,50,1,2,2021,07:30,2,33,33063,2,2,-1,6,Rue Pasteur,44.84575,-0.61775,7,2,1
202100038146,133Â 464,A01,3,2,1,5,8,0,-1,-1, -1,-1,2021,8.0,1,1,0,0,1,1,1,,4,BROWN Serge (RUE),0,,2,1,0,1,(1),(1),1,, -1,2,0,1,50,25,5,2021,21:30,3,973,97302,2,1,0,7,BROWN Serge (RUE),4.9312208162,-52.3333905739,21,3,1
202100048868,114Â 406,B01,1,1,1,5,2,6,-1,0,0,-1,2021,26.0,2,1,0,2,7,3,1,,4,PORTE DES TERNES,0,,1,4,3,1,16,600,1,, -1,1,0,1,70,6,3,2021,17:00,1,75,75117,2,1,0,5,PORTE DES TERNES,48.881094,2.282154,17,5,5
202100053020,106Â 948,A01,1,1,1,5,2,-1,-1,0,0,-1,2021,17.0,1,1,8,0,2,9,1,,3,,-1,,1,1,0,1,(1),(1),3,, -1,2,5,3,50,1,2,2021,09:25,1,31,31395,2,6,1,6,13 Avenue Pierre 2 d'Aragon,43.463339,1.325215,9,1,1
202100018224,169Â 029,A01,10,3,2,5,0,-1,-1,6,3,2,2021,13.0,2,2,0,1,3,2,1,,3,226E2,0,D,2,2,0,1,15,175,1,, -1,1,0,1,80,19,9,2021,01:00,3,62,62057,1,9,0,6,Route de Zutkerque,50.863828,2.069635,1,2,1
202100037212,135Â 166,A01,2,2,1,0,2,0,-1,-1, -1,-1,2021,11.0,2,1,0,0,7,17,1,,3,GETARIA(AVENUE),0,,2,0,0,1,20,670,1,, -1,1,0,1,70,31,5,2021,17:15,1,64,64249,1,1,0,3,GETARIA(AVENUE),43.41797,-1.60836,17,3,2
202100031170,146Â 017,B01,1,1,1,5,8,0,-1,-1, -1,-1,2021,23.0,3,1,0,2,4,9,0,,4,DEPORTES DE LA RESISTANCE(AV),0,,2,2,0,1,0,0,1,, -1,1,0,1,50,1,7,2021,20:50,2,13,13001,2,1,0,3,DEPORTES DE LA RESISTANCE(AV),43.52496,5.46034,20,2,2
202100014796,175Â 262,A01,1,1,1,0,2,-1,-1,-1, -1,-1,2021,19.0,1,1,0,2,1,19,5,,4,PETIT DELBOURG (RUE DU),0,,2,2,0,1,(1),(1),1,, -1,1,0,1,50,6,10,2021,12:10,1,51,51454,2,2,0,3,Rue du Petit Delbourg,49.2524566617,4.0514523492,12,2,2
202100028925,150Â 028,B01,1,1,2,5,1,-1,-1,0,0,-1,2021,31.0,1,2,6,0,6,15,1,,3,1089,-1,,2,2,0,1,9,400,1,,4,1,0,1,50,12,7,2021,13:50,1,42,42013,2,2,0,3,Avenue des Farges,45.646484,4.291357,13,3,2
202100050403,111Â 601,A01,1,1,2,9,1,-1,-1,0,0,-1,2021,33.0,3,2,2,0,1,13,1,,3,158,-1,,2,2,0,1,2,100,2,, -1,1,0,3,80,25,2,2021,12:30,1,40,40002,1,1,0,6,1800 Route de la Chalosse,43.608671,-0.755648,12,1,1
202100006122,190Â 860,B01,1,1,2,0,8,0,-1,-1, -1,-1,2021,20.0,3,1,0,2,1,1,3,,4,EMILE  COSSONNEAU  (AVENUE),0,,2,2,0,1,1,0,1,, -1,1,0,1,50,25,11,2021,17:00,2,93,93032,2,2,0,3,HAUTE CARRIERE   (RUE DE LA),48.874460702,2.5585484505,17,2,2
202100014525,175Â 744,B01,1,1,1,1,2,6,-1,-1, -1,-1,2021,64.0,2,1,0,2,8,1,1,,1,BRETELLE17  ACCES TOULON CENTRE N -T,0,,1,2,0,1,72,750,1,, -1,1,0,1,70,8,10,2021,08:10,1,83,83137,1,1,0,4,BRETELLE17  ACCES TOULON CENTRE N -T,43.12118,5.95212,8,4,3
202100013542,177Â 519,A01,1,1,2,5,1,0,-1,0,0,-1,2021,27.0,0,2,12,0,3,16,1,,4,CORBEAU (RUE CHARLES),0,,-1,1,0,1,(1),(1),1,, -1,1,0,1,30,9,10,2021,22:55,5,27,27229,2,1,0,6,CORBEAU (RUE CHARLES),49.02445,1.15119,22,1,1
202100026855,153Â 718,A01,1,1,2,5,2,0,-1,0,0,-1,2021,57.0,2,0,0,0,1,1,3,,4,PLACE DE L ALMA,0,,2,3,1,1,(1),(1),1,, -1,2,0,1,50,27,7,2021,18:00,1,75,75108,2,7,1,7,PLACE DE L ALMA,48.864351,2.301847,18,1,1
202100016331,172Â 448,B01,1,1,1,0,2,-1,-1,0,0,-1,2021,15.0,2,1,0,2,4,1,1,,3,1001,-1,,2,3,0,2,16,800,1,,"10,5",1,0,1,80,30,9,2021,15:55,1,60,60575,1,1,0,2,D1001,49.3032798997,2.1981521861,15,2,2
202100001081,199Â 830,A01,10,3,1,0,0,-1,-1,3,3,2,2021,5.0,3,5,0,1,5,1,0,,4,COMMANDANT BRASSEUR (RUE DU),0,,1,1,0,1,0,0,1,, -1,2,0,1,50,29,12,2021,21:15,5,93,93005,2,1,1,6,COMMANDANT BRASSEUR (RUE DU),48.9351267255,2.4982470049,21,3,1
202100015813,173Â 409,A01,1,1,1,5,2,-1,-1,0,0,-1,2021,26.0,2,1,0,2,1,2,1,,3,65,0,D,2,2,0,1,11,202,1,, -1,1,0,1,50,29,9,2021,17:05,1,44,44041,2,3,0,2,D65,47.099428,-1.608451,17,2,2
202100019917,166Â 031,A01,1,1,1,1,8,0,-1,-1, -1,-1,2021,26.0,2,2,0,2,8,9,1,,3,BAS MARIN (R DU),0,,2,3,0,1,1,0,1,, -1,2,0,1,50,9,9,2021,06:35,2,94,94073,2,9,1,3,Rue du Bas Marin,48.75233,2.3875,6,2,2
202100047301,117Â 218,A01,1,1,1,5,0,-1,-1,0,0,-1,2021,20.0,3,1,0,2,1,21,1,,2,7,-1,,2,2,0,1,(1),(1),1,, -1,1,0,1,50,21,3,2021,00:55,5,978,97801,2,9,0,3,RN 7 - quartier de Bellevue,18.059227,-63.085701,0,3,2
202100044505,122Â 152,A01,2,2,2,5,1,-1,-1,0,0,-1,2021,46.0,1,2,13,0,1,1,1,,3,1093,-1,,2,2,0,1,14,(1),1,, -1,1,0,3,80,11,4,2021,00:10,3,63,63317,1,1,0,6,D1093,45.951469,3.323971,0,2,1
202100015972,173Â 118,B01,1,1,1,5,8,8,-1,0,0,-1,2021,11.0,2,1,0,2,-1,25,5,,3,VICTOR HUGO (BD),0,,2,0,0,1,0,0,1,, -1,1,0,1,50,30,9,2021,17:10,1,92,92024,2,1,0,6,VICTOR HUGO (BD),48.9014267412,2.3168970057,17,2,2
202100018611,168Â 368,A01,10,3,1,9,0,-1,-1,2,3,1,2021,20.0,1,1,0,1,1,1,1,,4,BOULEVARD VOLTAIRE,0,,2,4,0,1,(1),(1),1,, -1,1,0,1,30,15,9,2021,21:19,5,75,75111,2,3,0,6,BOULEVARD VOLTAIRE,48.852145,2.389679,21,2,1
202100013700,177Â 214,B01,1,1,1,4,2,0,-1,-1, -1,-1,2021,29.0,1,1,0,2,9,0,5,,3,MAXIME GORKI (BD),0,,2,4,0,1,1,0,1,, -1,1,8,1,50,12,10,2021,00:38,5,94,94076,2,3,0,3,Boulevard Maxime Gorki,48.78843,2.36817,0,2,2
202100014801,175Â 249,B01,1,1,1,1,8,0,-1,-1, -1,-1,2021,27.0,2,1,0,2,1,1,3,,4,ROYALE (RUE),0,,2,2,3,1,(1),(1),1,, -1,1,0,1,30,6,10,2021,08:50,1,45,45234,2,2,0,3,Rue Royale,47.89824,1.90418,8,2,2
202100003443,195Â 601,A01,10,3,2,9,0,-1,-1,4,3,1,2021,28.0,2,2,0,1,1,15,2,,4,RUE DE LYON,0,,2,3,3,1,(1),(1),1,, -1,1,0,1,30,11,12,2021,20:15,5,75,75112,2,2,0,6,RUE DE LYON,48.846649,2.372011,20,2,1
202100002962,196Â 478,A01,1,1,1,1,2,6,-1,0,0,-1,2021,51.0,1,1,0,2,2,1,1,,4,PORTE DE SAINT CLOUD,0,,1,4,0,1,10,500,1,, -1,1,0,1,70,14,12,2021,08:40,1,75,75116,2,1,0,2,PORTE DE SAINT CLOUD,48.83527,2.259963,8,2,2
202100017772,169Â 848,A01,1,1,1,1,2,6,-1,-1, -1,-1,2021,31.0,1,1,14,2,1,3,1,,1,A86,0,,3,8,0,1,8,100,1,, -1,1,0,1,90,21,9,2021,09:40,1,92,92036,1,1,0,4,A86,48.9360068665,2.2884313862,9,3,3
202100020039,165Â 808,B01,1,1,1,0,2,-1,-1,-1, -1,-1,2021,37.0,3,1,0,2,1,1,1,,4,GUILLOTIERE (DE LA)                 (GR),0,,1,2,2,1,(1),(1),1,, -1,1,0,1,50,8,9,2021,23:45,5,69,69387,2,2,0,3,GUILLOTIERE (DE LA) (R),45.75105,4.84822,23,4,2
202100028323,151Â 068,A01,1,1,1,5,2,0,-1,0,0,-1,2021,65.0,1,1,0,2,1,13,3,,4,RUE ARISTIDE BRIAND,0,,2,2,0,1,(1),(1),1,, -1,1,0,1,50,18,7,2021,19:40,1,75,75107,2,3,0,1,RUE ARISTIDE BRIAND,48.861587,2.319335,19,2,2
202100028057,151Â 562,B01,3,2,1,9,1,3,-1,0,0,-1,2021,7.0,2,2,0,2,1,21,1,,3,19,0,,2,2,0,1,4,200,1,, -1,1,0,1,80,20,7,2021,21:45,3,1,1403,1,1,0,1,D19,45.8278,5.4431,21,4,2
202100028416,150Â 923,A01,1,1,2,5,1,-1,-1,0,0,-1,2021,18.0,2,2,0,2,3,5,1,,3,1006,0,,2,2,0,2,174,930,3,, -1,1,0,1,80,18,7,2021,19:45,1,73,73290,1,1,0,1,D1006,45.2535353205,6.9073598385,19,3,2
202100045626,120Â 180,B01,1,1,2,1,1,0,-1,0,0,-1,2021,56.0,1,2,0,2,6,23,1,,4,AVENUE D IENA,0,,3,1,0,2,(1),(1),1,, -1,1,0,1,50,31,3,2021,19:30,1,75,75116,2,2,0,2,AVENUE D IENA,48.8671825955,2.2953647375,19,2,2
202100016338,172Â 434,D01,1,1,1,0,1,0,-1,-1, -1,-1,2021,23.0,1,2,0,2,1,1,1,,1,AUTOROUTE A86,0,,1,0,0,1,51,500,1,, -1,1,0,1,70,29,9,2021,08:55,1,94,94034,1,1,0,4,AUTOROUTE A86,48.7597943467,2.3218478062,8,4,4
202100013541,177Â 520,A01,1,1,1,1,2,8,-1,0,0,-1,2021,37.0,1,1,0,2,7,17,1,,3,BONNARD (RUE PIERRE),0,,-1,2,0,1,13,970,1,, -1,1,0,1,50,12,10,2021,17:35,1,27,27681,2,9,0,6,BONNARD (RUE PIERRE),49.0991111,1.4886653,17,2,2
202100016397,172Â 324,A01,10,3,1,5,0,-1,-1,1,3,1,2021,55.0,2,2,0,1,3,19,1,,4,,-1,,2,2,0,1,(1),(1),1,, -1,1,0,1,50,28,9,2021,14:45,1,59,59067,2,1,0,6,rue du port,50.971015,2.427147,14,2,1
202100033634,141Â 646,A01,1,1,1,9,2,0,-1,0,0,-1,2021,38.0,2,1,0,2,3,17,1,,4,RUE DE LA CROIX NIVERT,0,,2,2,0,1,(1),(1),1,, -1,2,0,1,50,18,6,2021,16:30,1,75,75115,2,1,1,3,RUE DE LA CROIX NIVERT,48.841522,2.292514,16,2,2
202100018700,168Â 216,A01,1,1,1,1,2,6,-1,-1, -1,-1,2021,28.0,2,1,0,2,1,13,1,,1,AUTOROUTE A6B,0,,1,2,0,1,6,579,1,, -1,2,0,1,110,15,9,2021,18:05,1,94,94021,1,1,0,3,AUTOROUTE A6B,48.75971,2.33846,18,2,2
202100009882,184Â 040,A01,1,1,2,1,1,-1,-1,-1,0,-1,2021,37.0,1,2,0,2,1,17,3,,2,RN 184,0,,3,6,0,1,3,500,1,, -1,1,0,1,110,2,11,2021,06:30,3,95,95572,1,1,0,6,RN 184,49.035598,2.117236,6,1,1
202100041320,127Â 750,A01,10,3,2,9,0,-1,-1,2,3,1,2021,28.0,1,1,0,1,2,1,1,,4,BOULEVARD DE BONNE NOUVELLE,0,,2,4,0,1,(1),(1),1,, -1,1,0,1,50,5,5,2021,09:15,1,75,75110,2,3,0,6,BOULEVARD DE BONNE NOUVELLE,48.870384,2.349572,9,2,1
202100050035,112Â 306,B01,1,1,1,0,2,6,-1,-1, -1,-1,2021,56.0,3,1,0,2,7,17,1,,4,LECLERC COURS DU MARECHAL,0,,2,2,0,1,(1),(1),1,, -1,1,0,1,50,26,2,2021,16:45,1,17,17415,2,1,0,3,LECLERC COURS DU MARECHAL,45.75388,-0.65457,16,2,2
202100037260,135Â 078,B01,1,1,1,0,2,8,-1,-1, -1,-1,2021,18.0,1,1,0,2,1,1,6,,3,VERDUN (AVENUE DE),0,,2,2,0,2,0,0,1,, -1,1,5,1,50,3,5,2021,13:45,1,28,28085,2,2,0,3,VERDUN (AVENUE DE),48.45464,1.47397,13,3,2
202100028751,150Â 333,A01,2,2,1,5,1,-1,-1,0,0,-1,2021,23.0,1,2,0,2,1,1,1,,1,81,0,A,3,4,0,1,249,600,1,, -1,1,0,1,130,16,7,2021,18:35,1,53,53054,1,1,0,2,A81 Point Kilometrique 249.600,48.11597,-0.780716,18,3,2
202100037227,135Â 139,B01,1,1,1,4,2,0,-1,-1, -1,-1,2021,21.0,2,1,0,2,1,1,3,,7,HUGO VICTOR RUE,0,,2,2,0,1,(1),(1),2,, -1,1,0,1,50,29,4,2021,20:40,5,59,59350,2,4,0,3,HUGO VICTOR RUE,50.6278,3.01316,20,2,2
202100008984,185Â 659,B01,2,2,2,4,1,-1,-1,0,0,-1,2021,29.0,3,5,0,2,1,15,1,,4,,-1,,2,1,0,2,(1),(1),1,,3,1,0,1,50,6,11,2021,10:10,1,63,63358,2,4,0,1,Lieu Dit Chamalet,46.056742,3.06084,10,3,2
202100024386,158Â 093,A01,1,1,1,5,0,-1,-1,0,0,-1,2021,30.0,1,0,0,2,1,9,3,,3,925,-1,,2,2,0,2,8,800,3,, -1,1,5,1,50,12,8,2021,06:45,2,65,65305,2,3,0,3,D925,42.9603542713,0.5684088721,6,2,2