Num_Acc,id_vehicule,num_veh,place,catu,sexe,trajet,secu1,secu2,secu3,locp,actp,etatp,year_acc,victim_age,senc,catv,obs,obsm,choc,manv,motor,occutc,catr,voie,v1,v2,circ,nbv,vosp,prof,pr,pr1,plan,lartpc,larrout,surf,infra,situ,vma,jour,mois,an,hrmn,lum,dep,com,agg_,int,atm,col,adr,lat,long,hour,nb_victim,nb_vehicules
202100048873,114Â 397,A01,1,1,1,1,2,0,-1,-1, -1,-1,2021,29.0,1,1,0,2,1,16,1,,3,1,0,,3,4,0,1,0,0,1,, -1,1,5,1,50,7,3,2021,21:55,5,92,92012,2,3,0,3,ALPHONSE LE GALLO (QUAI) 1/34,48.8346144118,2.2259701165,21,2,2
202100008442,186Â 647,A01,1,1,1,0,1,8,-1,-1, -1,-1,2021,54.0,1,2,0,2,1,1,1,,4,BAS DU FORT,0,,1,1,0,1,(1),(1),1,, -1,1,0,1,50,10,11,2021,10:40,1,971,97113,1,1,0,2,BAS DU FORT,16.22165,-61.52246,10,2,2
202100049283,113Â 668,A01,10,3,2,1,0,-1,-1,3,3,1,2021,51.0,1,1,0,1,4,1,5,,4,RUE SAINT GEORGES,0,,1,1,0,1,(1),(1),1,, -1,1,0,1,50,3,3,2021,13:05,1,75,75109,2,1,0,6,RUE SAINT GEORGES,48.875782,2.337124,13,2,1
202100023599,159Â 451,B01,2,2,2,5,8,-1,-1,0,0,-1,2021,18.0,2,0,0,2,1,5,3,,4,CHEMIN VERT (RUE DU - NÂ°79),0,,3,8,1,1,1,0,3,, -1,1,9,1,50,18,8,2021,21:35,5,14,14118,2,1,0,3,Rue du Chemin Vert,49.19427,-0.39492,21,3,2
202100032117,144Â 343,B01,2,2,1,0,1,0,-1,-1, -1,-1,2021,17.0,2,2,0,2,6,2,1,,3,ROCADE OUEST,0,,2,2,0,1,48,507,1,, -1,1,0,6,80,26,6,2021,01:15,3,17,17415,1,1,0,2,ROCADE OUEST,45.736866,-0.659912,1,3,2
202100020186,165Â 556,B01,1,1,2,1,0,-1,-1,0,0,-1,2021,28.0,2,1,0,2,7,1,3,,7,,-1,,-1,1,0,1,(1),(1),1,,3,1,0,1,50,8,9,2021,17:45,1,69,69204,2,6,0,3,CHARLY (DE) (RTE),45.682255,4.793928,17,2,2
202100031565,145Â 333,A01,10,3,2,1,0,-1,-1,3,3,1,2021,51.0,1,2,0,1,1,1,1,,4,CONTI (RUE ANITA),0,,2,2,2,1,(1),(1),1,, -1,2,0,1,50,22,6,2021,17:00,1,35,35288,2,1,1,6,CONTI (RUE ANITA),48.647944,-2.004122,17,2,1
202100040454,129Â 297,A01,1,1,1,5,2,6,-1,-1, -1,-1,2021,25.0,2,1,9,0,1,26,1,,3,RUE COMBS LA VILLE,0,,2,2,0,1,0,100,2,, -1,1,0,1,50,10,5,2021,14:40,1,91,91514,2,1,0,6,RUE COMBS LA VILLE,48.670725,2.541174,14,1,1
202100000206,201Â 368,B01,1,1,2,0,2,6,-1,-1, -1,-1,2021,42.0,2,1,0,2,1,16,1,,3,EUROPE (AVENUE DE L'),0,,2,2,0,1,0,1,1,, -1,1,5,1,50,29,11,2021,18:00,5,74,74012,2,3,0,3,EUROPE (AVENUE DE L'),46.183581,6.23124,18,3,2
202100052966,107Â 041,A01,1,1,1,9,8,0,-1,-1, -1,-1,2021,52.0,1,1,0,2,8,19,5,,3,EBOUE (ROCADE FELIX),0,,2,2,0,1,1,0,1,, -1,1,0,1,50,31,1,2021,17:15,1,973,97302,2,2,0,5,EBOUE (ROCADE FELIX),4.9243272354,-52.3240613937,17,3,3
202100004347,193Â 986,A01,1,1,2,1,2,6,-1,0,0,-1,2021,64.0,2,1,14,0,1,1,1,,3,231,0,,2,2,0,1,10,911,1,, -1,2,0,1,50,18,11,2021,21:05,4,77,77318,2,1,1,6,D216,48.789955,2.918345,21,1,1
202100009955,183Â 903,A01,1,1,1,1,1,-1,-1,0,0,-1,2021,37.0,1,2,2,0,2,14,1,,3,656,0,,2,2,0,1,14,800,3,, -1,2,0,3,80,2,11,2021,07:40,1,46,46033,1,1,1,6,Rue de Bovila RD656,44.400338,1.172791,7,1,1
202100028320,151Â 074,A01,10,3,1,5,0,-1,-1,2,3,1,2021,75.0,2,2,0,1,2,1,2,,4,BOULEVARD VOLTAIRE,0,,2,2,0,1,(1),(1),1,, -1,1,0,1,50,18,7,2021,16:20,1,75,75111,2,1,0,6,BOULEVARD VOLTAIRE,48.864729,2.3685,16,2,1
202100047520,116Â 823,A01,10,3,2,9,0,-1,-1,2,3,1,2021,34.0,1,2,0,1,2,1,1,,4,QUAI DU LOUVRE,0,,1,3,0,1,(1),(1),1,, -1,2,0,1,50,17,3,2021,17:50,1,75,75101,2,2,1,6,QUAI DU LOUVRE,48.858506,2.342487,17,4,1
202100008391,186Â 733,A01,9,2,1,5,1,-1,-1,0,0,-1,2021,28.0,1,2,0,0,9,1,1,,1,28,0,,3,4,0,1,174,500,1,, -1,2,0,2,130,13,11,2021,01:30,3,61,61301,1,1,1,7,A 28 PK 174+500,48.567999,0.174952,1,4,1
202100044960,121Â 368,A01,1,1,2,5,8,0,-1,-1, -1,-1,2021,45.0,0,2,0,2,2,19,1,,7,SAINT-PIERRE,0,,2,2,0,3,0,0,1,, -1,1,0,1,80,24,3,2021,16:25,1,13,13056,1,3,0,3,VENTRONS,43.3788,5.06373,16,2,2
202100039981,130Â 128,B01,1,1,1,5,2,6,9,0,0,-1,2021,46.0,1,1,0,0,4,2,1,,2,102,-1,,1,-1,-1,2,(1),(1),2,, -1,1,5,1,-1,14,5,2021,11:30,1,43,43262,1,3,0,2,D912,45.26364,3.414093,11,2,2
202100005710,191Â 598,A01,10,3,1,2,0,-1,-1,2,3,1,2021,12.0,1,2,0,1,2,2,1,,3,7,-1,,2,2,0,2,27,275,1,, -1,1,0,1,50,25,11,2021,16:30,1,42,42168,2,1,0,6,Rue de lâAncienne Poste,45.416543,4.67612,16,2,1
202100032494,143Â 686,B01,1,1,1,1,2,6,-1,-1, -1,-1,2021,17.0,2,1,0,2,3,1,1,,3,RD 936 E1,0,,2,2,0,1,0,1,1,, -1,1,0,1,80,24,6,2021,18:50,1,24,24437,2,1,0,1,RD 936 E1,44.83324,0.45268,18,2,2
202100013289,177Â 986,A01,2,2,2,0,1,0,-1,-1, -1,-1,2021,22.0,2,2,2,0,5,18,1,,4,DROITS DE L'HOMME (AVENUE),0,,1,1,0,1,1,233,3,, -1,1,3,1,50,14,10,2021,20:21,5,13,13117,2,1,0,6,DROITS DE L'HOMME (AVENUE),43.4289043503,5.2693682474,20,3,2
202100052055,108Â 669,B01,1,1,2,0,1,8,-1,-1, -1,-1,2021,25.0,1,2,0,2,8,1,1,,4,CLAUDE DEBUSSY (AVENUE),0,,3,2,0,1,0,0,1,, -1,1,0,1,50,29,1,2021,12:10,1,92,92036,2,2,0,3,CLAUDE DEBUSSY (AVENUE),48.9264293146,2.2972626688,12,2,2
202100055657,102Â 370,B01,1,1,1,5,1,8,-1,0,0,-1,2021,55.0,0,2,0,2,5,24,1,,4,RUDEL (ET IMP DU),0,,2,2,0,1,(1),(1),1,, -1,1,0,1,50,9,1,2021,14:35,1,81,81004,2,1,0,3,RUDEL (ET IMP DU),43.92416,2.12246,14,2,2
202100027983,151Â 686,A01,1,1,1,0,1,8,-1,-1, -1,-1,2021,25.0,1,2,0,2,1,21,1,,3,MOULIN JEAN (AVENUE) NR 2 A 8 ET 1 A 11,0,,2,4,0,1,0,0,1,, -1,1,9,1,50,19,7,2021,22:30,5,93,93066,2,2,0,1,MOULIN JEAN (AVENUE) NR 2 A 8 ET 1 A 11,48.94197,2.36538,22,1,1
202100039995,130Â 103,A01,1,1,1,5,2,7,-1,0,0,-1,2021,36.0,1,1,0,2,8,15,1,,3,04,-1,,2,2,0,1,2,536,1,, -1,1,0,1,80,8,5,2021,18:50,1,31,31361,1,1,0,3,07 Route de TOULOUSE,43.335335,1.321873,18,2,2
202100013810,177Â 010,B01,1,1,1,1,8,-1,-1,-1, -1,-1,2021,36.0,2,1,0,2,8,19,5,,4,GENERAL SARRAIL (DU)                (QU),0,,1,2,1,1,(1),(1),1,, -1,1,5,1,50,11,10,2021,08:30,1,69,69386,2,3,0,3,GENERAL SARRAIL (DU)                (QU),45.76768,4.8413,8,2,2
202100053595,105Â 917,A01,1,1,1,1,2,4,-1,-1, -1,-1,2021,60.0,1,1,0,0,7,0,3,,4,ORGEMONT,0,,2,2,2,1,1,0,1,, -1,2,0,1,30,25,1,2021,08:30,2,49,49007,2,2,0,7,ORGEMONT,47.45483,-0.54828,8,1,1
202100005826,191Â 379,B01,1,1,2,3,1,-1,-1,0,0,-1,2021,44.0,3,2,0,2,3,15,3,,4,2422,-1,,4,3,0,2,(1),(1),1,, -1,1,5,1,50,29,11,2021,14:05,1,67,67300,2,5,0,1,avenue de la gare,48.535903,7.498598,14,2,2
202100022502,161Â 409,A01,1,1,1,5,2,6,-1,0,0,-1,2021,44.0,1,1,0,2,1,17,1,,7,560,0,,2,2,0,4,5,750,2,, -1,1,0,1,70,27,8,2021,15:50,1,83,83120,1,1,0,5,D560,43.383142,5.736345,15,3,3
202100023378,159Â 832,A01,1,1,1,5,6,2,9,0,0,-1,2021,26.0,2,1,0,0,0,1,1,,3,496,-1,D,2,2,0,2,5,500,2,, -1,1,0,1,80,21,8,2021,12:08,1,42,42328,1,1,0,7,Route du Mongenet,45.571334,3.976461,12,1,1
202100041552,127Â 332,B01,1,1,1,5,2,6,-1,0,0,-1,2021,32.0,1,1,0,0,2,16,1,,4,PLACE AUGUSTE BARON,0,,2,4,0,1,(1),(1),3,, -1,8,0,1,50,3,5,2021,14:20,1,75,75119,2,7,0,6,PLACE AUGUSTE BARON,48.900673,2.387033,14,3,2
202100045123,121Â 079,B01,1,1,2,0,8,0,-1,-1, -1,-1,2021,66.0,1,2,0,2,1,1,1,,7,FAIDHERBE (BD ),0,,2,2,1,1,(1),(1),1,, -1,1,5,1,50,2,4,2021,08:30,1,59,59017,2,2,0,5,FAIDHERBE (BD ),50.69035,2.8662,8,3,3
202100053583,105Â 942,A01,1,1,1,5,8,0,-1,-1, -1,-1,2021,22.0,1,2,4,0,3,0,1,,3,ROCADE,0,,3,2,0,1,8,300,1,, -1,2,0,1,110,26,1,2021,20:15,3,62,62525,1,1,1,7,ROCADE,50.738741,2.253929,20,1,1
202100048188,115Â 618,A01,3,2,2,5,1,0,-1,0,0,-1,2021,22.0,1,2,2,0,8,17,1,,3,8,-1,,2,2,0,2,21,200,3,, -1,2,0,1,80,14,3,2021,12:15,1,64,64273,1,1,0,6,CD 8,43.267269,-1.214075,12,3,1
202100051535,109Â 579,A01,2,2,1,5,0,-1,-1,0,0,-1,2021,66.0,2,2,15,0,0,1,1,,3,921,0,D,2,2,0,1,4,565,1,, -1,1,0,1,80,14,2,2021,22:15,3,76,76263,1,1,0,7,Route du Tronquay,49.45285,1.50996,22,2,1
202100042248,126Â 112,B01,1,1,2,0,1,-1,-1,0,0,-1,2021,70.0,2,2,8,2,3,1,1,,3,2209,0,D,2,4,0,1,4,675,1,, -1,2,5,1,90,28,4,2021,13:10,1,3,3080,1,2,1,3,D2209,46.103497,3.260517,13,5,2
202100036996,135Â 567,B01,1,1,2,1,1,0,-1,0,0,-1,2021,48.0,2,2,0,2,4,2,1,,4,LONGUES RAYES (RUE DES),0,,-1,2,0,1,(1),(1),1,, -1,1,0,1,50,1,6,2021,18:05,1,54,54431,2,1,0,4,135 rue des LONGUES RAYES (RUE DES),48.89563,6.04576,18,4,3
202100035938,137Â 448,A01,1,1,1,4,2,6,-1,0,0,-1,2021,37.0,1,1,0,2,7,3,1,,4,BOULEVARD PERIPHERIQUE,0,,1,4,0,1,24,400,1,, -1,1,0,1,70,7,6,2021,15:30,1,75,75119,2,1,0,3,BOULEVARD PERIPHERIQUE,48.900171,2.377907,15,2,2
202100041243,127Â 880,A01,10,3,2,5,0,-1,-1,3,3,1,2021,16.0,3,1,0,1,1,26,1,,4,cavani-Belle vue (rue),0,,2,1,0,3,0,0,3,, -1,1,0,1,50,5,5,2021,17:40,1,976,97611,2,1,0,6,cavani-Belle vue (rue),-12.78656,45.21939,17,2,1
202100020796,164Â 475,B01,1,1,1,5,2,6,-1,0,0,-1,2021,64.0,3,0,0,2,3,13,3,,4,,0,,2,2,0,2,(1),(1),2,,4,1,0,1,50,5,9,2021,11:05,1,57,57396,2,1,0,1,Rue de la CÃ´te,49.124774,6.094043,11,2,2
202100023553,159Â 541,B01,1,1,1,5,1,0,-1,-1, -1,-1,2021,27.0,1,2,0,2,4,2,1,,1,AUTOROUTE A1,0,,1,8,0,1,186,600,3,, -1,2,0,1,130,16,8,2021,21:45,3,62,62274,1,1,1,2,AUTOROUTE A1,50.432551,2.979017,21,2,2
202100034308,140Â 410,A01,1,1,1,9,2,6,-1,0,0,-1,2021,31.0,2,1,0,2,7,17,1,,4,RUE MANIN,0,,2,2,0,1,(1),(1),1,, -1,1,0,1,30,14,6,2021,09:40,1,75,75119,2,2,0,3,RUE MANIN,48.883008,2.385563,9,2,2
202100041711,127Â 053,B01,1,1,1,5,2,-1,-1,0,0,-1,2021,55.0,1,1,0,2,1,16,5,,3,32,0,,-1,2,0,2,4,530,2,, -1,1,0,1,50,13,4,2021,18:45,1,35,35099,2,4,0,1,Les Faroulais,48.086587,-1.552194,18,2,2
202100028614,150Â 569,A01,2,2,1,5,1,0,-1,-1, -1,-1,2021,22.0,1,2,1,0,7,1,1,,4,JUIN (RUE DU MARECHAL),0,,2,2,0,1,0,0,4,, -1,1,0,1,30,16,7,2021,03:40,5,87,87085,2,1,0,6,JUIN (RUE DU MARECHAL),45.83183,1.22234,3,4,1
202100039178,131Â 592,A01,1,1,1,1,2,6,9,0,0,-1,2021,47.0,2,1,0,6,3,14,1,,3,922,-1,D,2,2,0,1,49,41,1,, -1,1,0,1,80,20,5,2021,22:26,3,95,95055,1,1,0,6,RD 922,49.09963,2.460432,22,1,1
202100015080,174Â 750,A01,1,1,2,2,8,0,-1,-1, -1,-1,2021,21.0,1,1,0,0,0,0,3,,4,REPUBLIQUE   BOULEVARD DE LA,0,,2,2,3,2,(1),(1),2,, -1,1,0,6,30,5,10,2021,17:57,1,17,17300,2,1,0,7,REPUBLIQUE   BOULEVARD DE LA,46.13952,-1.15544,17,1,1
202100011367,181Â 407,A01,2,2,2,5,8,-1,-1,-1, -1,-1,2021,21.0,1,2,11,0,9,1,1,,7,NICE (ROUTE DE),0,,2,2,0,1,14,900,2,, -1,1,0,3,70,23,10,2021,05:45,3,83,83069,1,1,0,7,NICE (ROUTE DE),43.13197,6.17102,5,2,1
202100006105,190Â 893,B01,1,1,2,1,8,0,-1,0,0,-1,2021,67.0,3,1,0,2,8,5,5,,4,QUAI DE L HOTEL DE VILLE,0,,2,4,2,1,(1),(1),1,, -1,1,0,1,30,25,11,2021,09:50,1,75,75104,2,2,0,3,QUAI DE L HOTEL DE VILLE,48.856074,2.350688,9,2,2
202100028233,151Â 231,B01,2,2,1,5,8,-1,-1,0,0,-1,2021,21.0,2,2,0,2,2,18,1,,1,71,0,,3,4,0,1,368,600,1,, -1,1,0,1,130,19,7,2021,08:15,1,63,63116,1,1,0,5,A71 PR 368+600 sens province vers paris,45.985781,3.108444,8,6,3
202100039820,130Â 401,A01,10,3,1,5,0,-1,-1,4,3,2,2021,3.0,1,2,0,1,1,26,1,,4,VAUGAREAU,0,,-1,2,0,1,1,0,1,, -1,1,0,1,50,15,5,2021,11:56,1,49,49007,2,2,0,6,VAUGAREAU,47.48269,-0.53065,11,2,1
202100000984,199Â 997,A01,1,1,2,0,1,0,-1,-1, -1,-1,2021,22.0,3,2,0,2,1,13,1,,3,HERMIERES  (RUE   ),0,,2,2,0,2,1,0,4,, -1,2,0,1,50,29,12,2021,15:10,1,77,77209,1,1,1,1,HERMIERES  (RUE   ),48.86299,2.70268,15,2,2
202100013543,177Â 515,A01,1,1,1,0,2,8,-1,-1, -1,-1,2021,54.0,3,1,0,2,1,1,1,,4,DOUX   CHEMIN DU PUITS,0,,2,1,0,1,(1),(1),1,, -1,1,5,1,50,13,10,2021,19:15,2,17,17028,2,3,0,3,DOUX   CHEMIN DU PUITS,46.13175,-1.13755,19,2,2
202100018690,168Â 236,B01,10,3,1,5,0,-1,-1,1,A,1,2021,54.0,1,2,0,1,1,1,1,,3,950,0,D,2,2,0,1,14,365,1,, -1,1,0,1,110,16,9,2021,23:55,3,62,62865,1,1,0,6,RD 950,50.333936,2.958471,23,2,1
202100009707,184Â 351,B01,1,1,1,0,2,0,-1,-1, -1,-1,2021,40.0,2,1,0,2,3,3,1,,2,104,0,,3,6,0,1,34,0,1,, -1,1,0,1,90,3,11,2021,17:55,3,91,91174,1,1,0,3,RN 104,48.612,2.449,17,2,2
202100039599,130Â 803,A01,1,1,1,5,2,6,-1,0,0,-1,2021,45.0,3,1,12,0,1,14,1,,4,QUAI DES TUILERIES,0,,1,3,0,1,(1),(1),1,, -1,1,0,1,50,16,5,2021,15:45,1,75,75101,2,1,0,6,QUAI DES TUILERIES,48.863117,2.323237,15,2,1
202100021318,163Â 547,B01,2,2,1,5,2,0,-1,-1, -1,-1,2021,32.0,3,1,0,2,2,1,1,,4,JEAN JAURES (AVENUE) NÂ° 8 A 72,0,,2,2,0,1,0,0,1,, -1,1,0,1,50,2,9,2021,13:30,1,92,92048,2,1,0,3,JEAN JAURES (AVENUE) NÂ° 8 A 72,48.8099011326,2.2429141402,13,3,2
202100042817,125Â 126,A01,10,3,1,0,0,-1,-1,5,5,1,2021,3.0,3,1,0,1,7,0,5,,4,BD DU DOC CATHELIN,0,,-1,0,0,1,0,0,1,, -1,1,6,4,10,23,4,2021,17:40,1,91,91345,2,1,0,6,BD DU DOC CATHELIN,48.68851,2.28868,17,2,1
202100007038,189Â 176,A01,1,1,1,9,8,0,-1,-1, -1,-1,2021,19.0,2,1,0,2,1,19,5,,4,PETITE RUE ROBERT,0,,1,1,0,1,(1),(1),1,, -1,1,0,1,50,20,11,2021,14:24,1,10,10387,2,2,0,3,PETITE RUE ROBERT,48.2939,4.0819,14,2,2
202100000982,200Â 000,A01,1,1,1,0,2,0,-1,-1, -1,-1,2021,19.0,1,1,9,2,8,1,1,,3,MOULIN (AVENUE JEAN),0,,2,4,0,1,6,172,1,, -1,2,0,1,80,28,12,2021,09:00,1,78,78015,2,1,1,3,MOULIN (AVENUE JEAN),48.98876,2.05391,9,2,2
202100020032,165Â 820,Z01,10,3,1,9,0,-1,-1,4,3,1,2021,84.0,2,1,0,1,0,1,1,,4,PLACE DE LA REPUBLIQUE,0,,2,4,0,1,(1),(1),1,, -1,1,0,1,50,2,9,2021,20:21,5,75,75103,2,7,0,6,PLACE DE LA REPUBLIQUE,48.8665651184,2.3648410244,20,2,1
202100023096,160Â 331,A01,1,1,2,0,1,8,-1,-1, -1,-1,2021,24.0,3,2,16,0,9,1,1,,4,BOZON,0,,2,2,0,3,0,0,2,, -1,2,0,3,70,21,8,2021,14:35,1,971,97101,1,1,1,7,BOZON,16.241066714,-61.5105628967,14,4,1
202100003259,195Â 938,A01,1,1,1,4,8,0,-1,0,0,-1,2021,41.0,1,0,0,2,1,18,3,,4,RUE DE CLIGNANCOURT,0,,1,1,0,2,(1),(1),1,, -1,2,0,1,30,12,12,2021,16:30,2,75,75118,2,5,1,3,RUE DE CLIGNANCOURT,48.888345,2.348014,16,2,2
202100036285,136Â 821,B01,1,1,1,0,8,0,-1,-1, -1,-1,2021,50.0,1,1,0,2,1,1,5,,3,909,0,,2,3,0,1,0,0,1,, -1,1,0,1,50,5,6,2021,22:05,5,92,92044,2,1,0,3,VIC. HUGO(RUE)001A067 ET002A078,48.893636711,2.2993470648,22,2,2
202100001281,199Â 470,A01,10,3,1,3,0,-1,-1,2,5,1,2021,25.0,1,0,0,1,2,16,6,,4,EDMOND ROSTAND                      (R ),0,,2,2,3,2,(1),(1),1,, -1,1,9,8,30,17,12,2021,10:45,1,69,69290,2,9,0,6,EDMOND ROSTAND (R),45.69439,4.94288,10,2,1
202100011297,181Â 542,A01,9,2,2,5,1,-1,-1,0,0,-1,2021,9.0,2,2,0,0,2,23,1,,1,6,-1,,3,4,0,1,306,600,1,, -1,1,0,1,130,24,10,2021,23:45,3,21,21347,1,1,0,3,PK306+600,47.000919,4.860163,23,6,2
202100003619,195Â 279,A01,10,3,1,0,0,-1,-1,4,3,1,2021,57.0,3,2,0,1,1,16,1,,4,GENERAL DE GAULLE (RUE DU),0,,2,2,0,1,(1),(1),3,, -1,2,0,1,50,8,12,2021,07:58,2,60,60684,2,1,0,6,Rue du GÃ©nÃ©ral de Gaulle,49.284484466,2.4880760908,7,3,1
202100036667,136Â 170,B01,2,2,1,0,2,0,-1,-1, -1,-1,2021,21.0,1,1,0,2,2,1,1,,3,FELIX FAURE (BLD)  => 118/119,0,,2,2,0,1,0,0,1,, -1,1,0,1,50,3,6,2021,13:40,1,93,93001,2,1,0,3,FELIX FAURE (BLD)  => 118/119,48.902934,2.384036,13,3,2
202100051339,109Â 904,B01,1,1,1,5,1,-1,-1,0,0,-1,2021,57.0,1,2,0,2,1,1,1,,3,4,-1,,2,2,0,1,0,800,1,, -1,1,0,1,80,17,2,2021,13:00,1,62,62147,1,2,0,3,Rue de Ficheux,50.210664,2.748733,13,2,2
202100055774,102Â 170,A01,10,3,2,5,0,-1,-1,2,3,1,2021,71.0,1,2,0,2,1,9,1,,4,FLANDRES/DUNKERQUE (CARREFOUR),0,,-1,1,0,1,0,0,3,, -1,1,0,1,50,7,1,2021,08:30,1,66,66136,2,1,0,6,FLANDRES/DUNKERQUE (CARREFOUR),42.68668,2.90734,8,2,1
202100046806,118Â 109,A01,10,3,2,2,0,-1,-1,2,3,1,2021,16.0,2,2,0,1,2,19,2,,4,JAURES RUE JEAN,0,,1,1,0,1,1,0,1,, -1,1,9,1,50,24,3,2021,07:43,1,93,93063,2,9,0,6,JAURES RUE JEAN,48.8770009682,2.4489748478,7,2,1
202100013728,177Â 167,A01,1,1,2,2,2,0,-1,-1, -1,-1,2021,18.0,1,1,0,2,1,1,1,,3,ARISTIDE BRIAND (AVENUE),0,,2,2,1,1,0,0,1,, -1,1,0,1,50,12,10,2021,18:10,1,92,92002,2,3,0,3,ARISTIDE BRIAND (AVENUE),48.7568,2.30636,18,2,2
202100027315,152Â 899,B01,1,1,1,0,1,0,-1,-1, -1,-1,2021,56.0,1,2,0,2,8,0,1,,1,AUTOROUTE A3,0,,3,6,0,1,11,300,1,, -1,1,0,1,110,23,7,2021,21:10,1,93,93007,1,1,0,5,AUTOROUTE A3,48.93315,2.48084,21,3,3
202100047159,117Â 470,B01,1,1,1,5,2,-1,-1,0,0,-1,2021,67.0,2,1,2,2,8,1,5,,3,978,0,,2,2,0,1,18,850,1,, -1,1,0,1,80,20,3,2021,13:05,1,71,71014,1,1,1,3,Route de Chateau-chinon,46.960653,4.282833,13,2,2
202100012830,178Â 789,A01,10,3,2,5,8,8,-1,2,3,1,2021,19.0,1,2,0,1,3,2,1,,4,GAMBETTA LEON RUE,0,,2,2,0,1,(1),(1),1,, -1,1,0,1,30,16,10,2021,03:35,5,59,59350,2,1,0,6,GAMBETTA LEON RUE,50.6312754544,3.0591022968,3,2,1
202100009528,184Â 679,A01,1,1,1,1,1,-1,-1,0,0,-1,2021,25.0,2,2,2,0,3,17,1,,2,2,-1,,2,2,0,1,(1),(1),1,, -1,1,0,3,70,3,11,2021,14:10,1,971,97134,1,1,0,6,Route du Bouchu,16.065139,-61.761099,14,1,1
202100044399,122Â 316,A01,1,1,1,3,2,6,-1,0,0,-1,2021,33.0,1,1,0,2,8,1,1,,3,303,0,,2,2,0,2,13,70,3,, -1,1,0,1,80,7,4,2021,18:15,1,63,63438,1,1,0,3,D 303 route de miolle,45.721357,3.476164,18,2,2
202100039705,130Â 611,A01,1,1,1,9,1,8,-1,0,0,-1,2021,45.0,1,2,9,2,1,13,2,,4,BOULEVARD DE BELLEVILLE,0,,2,4,0,1,(1),(1),1,, -1,2,0,1,50,15,5,2021,14:09,1,75,75120,2,2,1,2,BOULEVARD DE BELLEVILLE,48.867007,2.382866,14,3,2
202100003868,194Â 838,A01,1,1,2,1,1,-1,-1,0,0,-1,2021,24.0,2,2,0,2,5,17,1,,1,6,-1,,3,5,0,1,402,700,1,, -1,5,0,1,130,10,12,2021,08:00,2,71,71481,1,1,1,5,A6 PK 402.700 SENS LYON-PARIS,46.186308,4.772605,8,3,3
202100038748,132Â 355,B01,1,1,1,4,8,-1,-1,-1, -1,-1,2021,30.0,0,1,0,2,1,1,3,,4,VESLE (RUE),0,,2,1,0,1,(1),(1),1,, -1,2,-1,1,50,22,5,2021,19:00,1,51,51454,2,2,1,3,Rue de Vesle,49.252719,4.026798,19,2,2
202100051879,108Â 967,A01,10,3,2,5,0,-1,-1,2,3,1,2021,85.0,2,1,0,1,1,5,1,,4,JEROME DULAAR                       (R ),0,,1,1,2,1,(1),(1),1,, -1,1,0,1,50,10,2,2021,10:40,1,69,69384,2,1,0,6,JEROME DULAAR (R),45.7770526927,4.8242824634,10,2,1
202100024513,157Â 843,B01,3,2,1,0,1,0,-1,0,0,-1,2021,16.0,1,2,0,2,3,1,1,,4,LAMARTINE (RUE),0,,1,1,0,1,(1),(1),1,, -1,1,0,1,50,11,8,2021,19:44,1,63,63063,2,2,0,3,LAMARTINE (RUE),45.83316,3.10048,19,4,2
202100018629,168Â 336,A01,1,1,1,0,2,8,-1,-1, -1,-1,2021,28.0,1,1,0,2,1,1,1,,3,,0,,2,2,0,1,0,0,1,, -1,1,0,1,50,15,9,2021,22:15,5,92,92078,2,2,0,3,GALLIENI (BOULEVARD) (1/19),48.92493016,2.3254711926,22,2,2
202100052647,107Â 620,B01,2,2,2,0,1,8,-1,-1, -1,-1,2021,29.0,1,2,0,0,4,2,1,,1,AUTOROUTE A1,0,,3,3,0,1,4,100,1,, -1,1,0,1,90,3,2,2021,15:25,1,972,97213,1,1,0,2,AUTOROUTE A1,14.61603,-61.01564,15,3,2
202100013612,177Â 387,A01,1,1,1,0,8,0,-1,-1, -1,-1,2021,35.0,3,1,0,0,0,1,5,,4,ESTIENNE D'ORVES (BD D'),0,,3,4,2,1,0,0,1,, -1,1,0,1,70,11,10,2021,23:50,5,72,72181,1,1,0,7,ESTIENNE D'ORVES (BD D'),47.98288,0.18826,23,1,1
202100023620,159Â 406,B01,1,1,1,5,2,0,-1,-1, -1,-1,2021,11.0,2,1,0,2,3,26,5,,3,BD DE STALINGRAD - PONT DE NOGENT ,0,,-1,2,0,1,1,0,1,, -1,1,0,1,50,18,8,2021,21:50,5,94,94017,2,1,0,3,Boulevard de Stalingrad,48.82779,2.49388,21,2,2
202100027941,151Â 761,A01,1,1,1,0,1,0,-1,-1, -1,-1,2021,55.0,3,2,0,2,1,15,1,,4,CLOVIS HUGUES (RUE),0,,-1,2,0,1,0,0,1,, -1,1,0,1,50,20,7,2021,09:30,1,13,13203,2,2,0,3,CLOVIS HUGUES (RUE),43.3096092584,5.3861043983,9,2,2
202100018116,169Â 234,A01,1,1,2,0,1,-1,-1,-1, -1,-1,2021,25.0,2,2,0,2,8,2,1,,4,JEAN JAURES                         (AV),0,,2,2,0,1,(1),(1),1,, -1,1,0,1,30,18,9,2021,15:00,1,69,69149,2,9,0,6,JEAN JAURES (AV),45.71383,4.81947,15,1,1
202100009869,184Â 063,A01,1,1,1,9,2,6,-1,-1, -1,-1,2021,21.0,2,1,0,0,1,26,1,,1,ROCADE A 630,0,,3,6,0,1,33,384,1,, -1,2,3,1,90,2,11,2021,08:35,1,33,33039,1,1,1,6,Rocade Sud Est A630,44.79698,-0.53803,8,1,1