Num_Acc,id_vehicule,num_veh,place,catu,sexe,trajet,secu1,secu2,secu3,locp,actp,etatp,year_acc,victim_age,senc,catv,obs,obsm,choc,manv,motor,occutc,catr,voie,v1,v2,circ,nbv,vosp,prof,pr,pr1,plan,lartpc,larrout,surf,infra,situ,vma,jour,mois,an,hrmn,lum,dep,com,agg_,int,atm,col,adr,lat,long,hour,nb_victim,nb_vehicules
202100032183,144Â 231,A01,2,2,1,0,2,6,-1,0,0,-1,2021,27.0,1,1,3,0,8,0,1,,2,7,0,N,1,1,0,1,20,800,3,, -1,1,3,1,50,26,6,2021,16:20,1,3,3286,1,1,0,6,RN7,46.52766,3.351645,16,2,1
202100033599,141Â 708,B01,1,1,1,3,8,0,-1,0,0,-1,2021,22.0,3,1,0,2,2,1,5,,4,NOGUERES HENRI (RD POINT),0,,1,2,0,1,(1),(1),2,, -1,1,0,1,50,14,6,2021,14:45,1,34,34032,2,6,0,3,NOGUERES HENRI (RD POINT),43.3533917661,3.2250532508,14,2,2
202100030812,146Â 689,A01,10,3,2,5,0,-1,-1,4,1,1,2021,55.0,1,2,14,1,2,23,1,,4,TACITURNE (AVENUE GUILLAUME LE),0,,4,2,0,1,0,0,1,, -1,1,0,1,50,30,6,2021,17:55,1,84,84087,2,3,0,3,TACITURNE (AVENUE GUILLAUME LE),44.14188,4.81314,17,2,1
202100038294,133Â 196,B01,1,1,1,5,2,-1,-1,0,0,-1,2021,27.0,1,1,0,2,1,1,1,,3,663,-1,,2,2,0,2,1,740,1,, -1,1,0,1,80,22,5,2021,14:10,1,69,69110,1,1,0,5,D663,45.581352,4.525702,14,3,3
202100049964,112Â 441,A01,1,1,1,5,1,-1,-1,0,0,-1,2021,22.0,2,2,1,2,1,2,1,,3,74,-1,,2,2,0,1,28,110,3,, -1,1,8,1,50,26,2,2021,16:00,1,57,57714,2,1,0,2,D74,49.090242,6.547098,16,3,2
202100022407,161Â 592,A01,1,1,1,0,2,6,-1,-1, -1,-1,2021,56.0,1,1,1,0,1,1,1,,7,FRONT DE MER (BOULEVARD),0,,2,2,0,1,22,600,1,, -1,1,0,1,50,26,8,2021,14:00,1,83,83069,2,1,0,2,FRONT DE MER (BOULEVARD),43.1041,6.1744,14,2,2
202100038234,133Â 301,A01,1,1,2,0,1,0,-1,-1, -1,-1,2021,41.0,2,2,1,0,3,26,1,,4,SALENGRO (AVENUE ROGER),0,,2,2,0,1,0,0,1,, -1,1,9,3,50,26,5,2021,18:45,1,93,93078,2,1,0,2,Avenue Roger Salengro,48.953475,2.539454,18,2,2
202100034433,140Â 184,A01,1,1,1,9,2,6,-1,0,0,-1,2021,28.0,1,1,12,0,1,21,5,,4,QUAI VOLTAIRE,0,,1,2,1,1,(1),(1),1,, -1,1,0,5,50,14,6,2021,15:15,1,75,75107,2,1,0,6,QUAI VOLTAIRE,48.858818,2.331504,15,1,1
202100033235,142Â 361,A01,5,2,2,5,1,-1,-1,0,0,-1,2021,16.0,1,2,2,0,1,1,1,,3,41,-1,,2,2,0,1,(1),(1),2,, -1,2,0,3,50,21,6,2021,01:25,5,59,59462,1,1,1,6,D41,50.494938,3.013397,1,5,1
202100025526,156Â 042,A01,1,1,2,5,1,-1,-1,0,0,-1,2021,26.0,1,2,0,2,3,13,1,,3,,-1,,2,2,0,1,(1),(1),1,, -1,1,0,1,90,4,8,2021,12:00,1,14,14062,1,1,0,1,D404,49.299942,-0.432887,12,2,2
202100005892,191Â 258,B01,1,1,1,0,2,0,-1,-1, -1,-1,2021,17.0,3,1,0,2,1,26,1,,4,NOTRE DAME DE SANTE AVENUE,0,,2,1,0,1,0,1,1,, -1,1,0,1,50,19,11,2021,12:45,1,84,84031,2,1,0,3,NOTRE DAME DE SANTE AVENUE,44.060619,5.048713,12,2,2
202100029466,149Â 116,A01,2,2,2,5,1,-1,-1,0,0,-1,2021,15.0,2,2,2,0,1,14,1,,3,916,0,,2,2,0,1,20,190,1,, -1,1,0,3,50,11,7,2021,09:55,1,62,62835,2,1,0,6,Rue de Saint-Pol,50.431561,2.375509,9,2,1
202100052044,108Â 688,B01,1,1,1,1,2,6,-1,-1, -1,-1,2021,20.0,1,1,0,2,0,1,1,,3,GENERAL GALLIENI (AV DU),0,,2,4,3,1,1,0,1,, -1,1,0,1,50,9,2,2021,18:00,5,94,94042,2,3,0,3,GENERAL GALLIENI (AV DU),48.820062,2.477272,18,2,2
202100022867,160Â 744,A01,2,2,2,5,2,6,-1,0,0,-1,2021,52.0,2,1,0,2,1,17,1,,3,20,0,,2,2,0,1,12,500,1,, -1,1,5,1,80,24,8,2021,17:00,1,77,77154,1,3,0,3,D20,48.818295,2.913061,17,3,2
202100027834,151Â 963,A01,1,1,1,5,2,6,-1,0,0,-1,2021,33.0,2,1,0,2,1,2,1,,3,927,0,,2,2,0,1,8,150,1,, -1,1,0,1,90,21,7,2021,18:15,1,28,28199,1,1,0,2,927,48.205358,1.869698,18,2,2
202100035178,138Â 828,A01,1,1,1,1,2,6,9,0,0,-1,2021,32.0,2,1,0,2,1,17,1,,3,62,0,,2,2,0,1,19,79,1,, -1,1,0,1,80,11,6,2021,18:41,1,57,57574,1,1,0,1,D62,49.481304,6.204835,18,2,2
202100054166,104Â 927,B01,1,1,1,0,1,-1,-1,0,0,-1,2021,27.0,0,2,0,2,3,1,1,,3,330,0,A,2,2,0,1,4,100,2,, -1,2,0,1,80,22,1,2021,09:15,1,60,60087,1,1,1,3,Borest,49.1799860993,2.6755764484,9,2,2
202100037096,135Â 396,A01,2,2,2,5,1,-1,-1,0,0,-1,2021,60.0,0,2,9,0,3,1,1,,6,,-1,,-1,-1,0,1,(1),(1),1,,4,1,0,8,50,1,6,2021,20:15,1,76,76711,2,1,0,6,Quai Francois 1er,50.0607,1.372345,20,3,1
202100040790,128Â 704,A01,1,1,1,5,2,6,-1,0,0,-1,2021,27.0,2,1,13,0,2,2,1,,3,98,0,D,2,2,0,2,1,500,2,, -1,1,0,1,80,8,5,2021,17:25,1,57,57300,1,1,0,7,D98d,48.692773,7.210765,17,2,1
202100045416,120Â 552,B01,1,1,1,0,2,8,-1,-1,0,-1,2021,37.0,3,1,0,2,1,1,1,,3,MARIGARDE (ROUTE DE LA),0,,2,2,0,2,20,569,2,, -1,1,0,1,50,2,4,2021,13:25,1,6,6069,2,1,0,3,MARIGARDE (ROUTE DE LA),43.653675,6.935996,13,2,2
202100027440,152Â 674,B01,1,1,1,5,2,6,9,0,0,-1,2021,28.0,1,1,0,2,1,1,1,,3,918,0,D,2,2,0,1,51,880,1,, -1,1,0,1,80,23,7,2021,11:35,1,64,64490,1,3,0,3,D918,43.223848,-1.298726,11,2,2
202100024019,158Â 712,B01,4,2,1,0,1,-1,-1,0,0,-1,2021,1.0,3,2,0,2,8,1,2,,4,ROMAIN (RUE JEAN),0,,-1,1,0,1,1,0,1,, -1,1,0,1,50,15,8,2021,19:00,1,14,14118,2,3,0,3,Rue Jean Romain,49.17873,-0.36122,19,4,2
202100031843,144Â 834,A01,2,2,2,5,1,0,-1,-1, -1,-1,2021,30.0,2,2,1,0,3,0,1,,4,PRESIDENT WILSON,0,,2,2,0,1,(1),(1),1,, -1,2,0,1,50,26,6,2021,02:00,5,76,76447,2,1,0,6,PRESIDENT WILSON,49.54075,0.17941,2,3,1
202100021494,163Â 215,B01,1,1,1,0,8,0,-1,-1, -1,-1,2021,35.0,3,1,0,2,4,1,1,,3,ARISTIDE BRIAND AVENUE,0,,1,2,0,1,1,0,1,, -1,1,0,3,50,1,9,2021,21:17,5,93,93046,2,9,0,2,Avenue Aristide Briand,48.9141019003,2.5263862609,21,2,2
202100006594,190Â 010,A01,1,1,2,9,1,-1,-1,0,0,-1,2021,22.0,0,2,0,2,3,16,1,,4,RUE DU PROFESSEUR CHRISTIAN CABROL,0,,2,4,0,1,(1),(1),1,, -1,1,0,1,50,22,11,2021,14:50,1,80,80021,2,2,0,3,RUE DU PROFESSEUR CHRISTIAN CABROL,49.88047,2.27116,14,2,2
202100049415,113Â 430,A01,1,1,1,5,2,0,-1,0,0,-1,2021,73.0,2,0,0,0,0,21,3,,4,PORT DE LA BOURDONNAIS,0,,2,1,3,1,(1),(1),1,, -1,1,6,1,50,3,3,2021,16:00,1,75,75107,2,1,0,7,PORT DE LA BOURDONNAIS,48.86285,2.300589,16,1,1
202100054334,104Â 641,A01,4,2,1,4,1,0,-1,-1, -1,-1,2021,39.0,2,2,0,2,1,1,1,,7,1090,0,,2,8,3,1,2,875,1,, -1,1,0,1,70,20,1,2021,19:20,3,38,38516,2,9,0,3,Avenue de Verdun,45.19242,5.74634,19,5,2
202100037223,135Â 146,A01,1,1,2,5,1,0,-1,-1, -1,-1,2021,39.0,1,2,1,0,2,2,1,,4,TOURCOING (RUE DE),0,,2,2,2,1,(1),(1),1,, -1,1,0,1,50,31,5,2021,20:10,1,59,59426,2,1,0,6,TOURCOING (RUE DE),50.746028,3.157938,20,1,1
202100048623,114Â 850,B01,1,1,1,1,1,-1,-1,0,0,-1,2021,45.0,1,2,0,0,4,2,1,,7,D498,0,D,1,2,0,1,47,500,1,, -1,1,0,1,70,11,3,2021,08:40,1,42,42097,1,1,0,2,M498,45.521477,4.290692,8,2,2
202100029334,149Â 330,A01,1,1,1,5,8,0,-1,0,0,-1,2021,71.0,2,1,12,0,1,11,5,,4,RUE DE RIVOLI,0,,2,3,1,1,(1),(1),1,, -1,1,0,5,20,12,7,2021,13:40,1,75,75104,2,3,0,6,RUE DE RIVOLI,48.855209,2.361128,13,1,1
202100021467,163Â 270,A01,10,3,1,0,0,-1,-1,2,3,2,2021,8.0,1,2,0,1,1,1,1,,4,LÃON GAMBETTA (ALLEE),0,,2,3,0,1,0,0,1,, -1,1,0,1,50,1,9,2021,10:30,1,13,13201,2,1,0,6,LÃON GAMBETTA (ALLEE),43.299,5.383,10,2,1
202100003613,195Â 288,B01,1,1,1,1,2,6,-1,-1, -1,-1,2021,51.0,2,1,0,2,1,1,1,,4,LECLERC (PLACE DU GENERAL),0,,2,2,0,1,0,0,3,, -1,2,0,1,30,10,12,2021,04:30,5,64,64024,2,1,1,1,LECLERC (PLACE DU GENERAL),43.49471,-1.529,4,2,2
202100034840,139Â 433,B01,1,1,1,5,2,-1,-1,0,0,-1,2021,16.0,3,1,0,2,1,1,1,,4,,-1,,2,1,0,1,(1),(1),1,,"3,5",1,9,1,50,11,6,2021,18:00,1,68,68042,2,6,0,3,Rue du Rhin,47.602318,7.506913,18,2,2
202100046248,119Â 106,A01,1,1,1,9,0,0,-1,-1, -1,-1,2021,27.0,2,1,0,2,2,15,1,,3,AV DE CHOISY,0,,2,2,0,1,1,0,1,, -1,1,0,1,50,28,3,2021,15:00,1,94,94078,2,1,0,3,Avenue de Choisy,48.748288,2.435474,15,2,2
202100033481,141Â 928,A01,1,1,2,3,1,-1,-1,0,0,-1,2021,79.0,1,2,2,0,2,1,1,,3,16,-1,,2,2,0,1,11,900,1,, -1,9,8,1,30,14,6,2021,14:45,1,4,4206,1,1,0,6,RD 16,43.996921,5.828258,14,1,1
202100005011,192Â 826,B01,1,1,2,1,1,-1,-1,-1,0,-1,2021,45.0,2,2,0,2,1,2,1,,1,AUTOROUTE A15,0,,3,9,0,1,7,99,1,, -1,2,0,1,110,3,12,2021,18:30,3,95,95018,1,1,1,4, A15,48.9592264155,2.2728019953,18,3,3
202100019845,166Â 165,A01,10,3,1,5,0,-1,-1,2,3,1,2021,48.0,2,2,0,1,1,21,1,,4,LECLERC (AVENUE DU GENERAL),0,,2,3,2,1,0,0,1,, -1,1,0,1,50,7,9,2021,19:54,1,87,87085,2,1,0,6,LECLERC (AVENUE DU GENERAL),45.8514,1.26609,19,2,1
202100056331,101Â 209,B01,1,1,1,5,1,-1,-1,-1,0,-1,2021,25.0,2,2,0,2,1,1,1,,3,915,0,,3,5,0,1,33,900,1,, -1,1,3,1,70,2,1,2021,22:27,5,95,95500,1,9,0,1,VIOSNE (BOULEVARD DE LA),49.0514590794,2.0813735588,22,2,2
202100052114,108Â 555,B01,4,2,1,4,1,8,-1,-1, -1,-1,2021,24.0,0,2,0,2,1,1,1,,4,LENORMAND. RUE,0,,2,2,0,1,0,0,1,, -1,2,0,1,50,16,1,2021,06:55,5,76,76165,2,2,0,3,Rue Lenormand,49.28387,1.01242,6,4,2
202100015120,174Â 682,A01,1,1,1,4,2,6,-1,0,0,-1,2021,36.0,1,1,9,2,1,18,1,,4,RUE DES QUATRE FILS,0,,1,1,0,1,(1),(1),1,, -1,2,0,1,30,5,10,2021,13:30,1,75,75103,2,3,0,3,RUE DES QUATRE FILS,48.860455,2.359718,13,3,2
202100041354,127Â 691,A01,1,1,1,0,2,-1,-1,0,0,-1,2021,23.0,2,1,0,2,2,17,1,,3,31,-1,,2,2,0,1,5,875,1,, -1,1,0,1,80,6,5,2021,17:29,1,11,11441,1,1,0,3,D31,43.210861,3.076392,17,2,2
202100001885,198Â 426,A01,10,3,1,0,0,-1,-1,2,3,1,2021,45.0,0,2,0,1,1,19,1,,4,VILLAGE (CHAUSSEE DU),0,,2,1,0,1,(1),(1),1,, -1,1,6,1,50,21,12,2021,18:25,4,27,27701,2,1,0,6,VILLAGE (CHAUSSEE DU),49.26445,1.20538,18,2,1
202100017745,169Â 905,A01,1,1,1,1,1,-1,-1,0,0,-1,2021,20.0,1,2,0,2,1,1,1,,3,372,-1,,2,2,0,1,14,500,3,, -1,1,0,1,80,21,9,2021,22:10,3,91,91180,1,1,0,1,RD.372 PK 14+500,48.447853,2.500017,22,2,2
202100000351,201Â 087,A01,1,1,1,5,8,-1,-1,-1, -1,-1,2021,32.0,2,2,8,0,3,14,1,,4,BALMONT (DE)                        (BD),0,,2,3,3,2,(1),(1),1,, -1,1,0,1,50,13,11,2021,03:15,5,69,69389,2,9,0,6,BALMONT (DE) (BD),45.78629,4.8012,3,1,1
202100048163,115Â 658,A01,1,1,1,1,8,0,-1,-1, -1,-1,2021,19.0,3,2,0,2,6,1,1,,4,DENIS PAPIN  (AVENUE),0,,2,2,0,1,0,0,1,, -1,1,0,1,50,13,3,2021,21:15,3,93,93047,2,2,0,3,DENIS PAPIN  (AVENUE),48.9064626635,2.5878556697,21,3,2
202100039838,130Â 371,A01,1,1,1,1,2,6,-1,0,0,-1,2021,36.0,1,1,0,2,3,1,1,,4,RUE LEGENDRE,0,,1,1,0,1,(1),(1),1,, -1,2,0,1,50,15,5,2021,08:20,1,75,75117,2,7,1,3,RUE LEGENDRE,48.886634,2.318469,8,2,2
202100034858,139Â 399,A01,2,2,1,5,2,6,-1,0,0,-1,2021,16.0,3,1,0,2,8,13,1,,4,,0,,2,2,0,3,0,0,2,,5,1,0,1,50,1,6,2021,19:05,1,40,40312,2,1,0,1,Rue Louis Aragon,43.537423,-1.468999,19,3,2
202100010859,182Â 318,B01,1,1,1,1,2,0,-1,-1, -1,-1,2021,41.0,2,1,0,2,1,1,1,,3,TARASCON ( Avenue de),0,,2,6,1,1,0,9,1,, -1,2,0,1,50,2,9,2021,16:45,1,84,84007,2,1,1,3,TARASCON ( Avenue de),43.91887,4.80933,16,4,2
202100030929,146Â 477,B01,1,1,1,5,1,-1,-1,0,0,-1,2021,66.0,2,2,0,2,1,0,0,,3,RN3,0,A,2,2,0,1,6,500,1,, -1,2,0,1,80,3,4,2021,19:05,5,973,97309,2,1,1,1,Route de Degrad des Cannes,4.875084,-52.278206,19,2,2
202100036031,137Â 282,B01,2,2,2,5,2,6,9,0,0,-1,2021,37.0,1,1,0,2,1,1,1,,3,137,-1,,2,2,0,1,23,280,1,, -1,1,0,1,80,7,6,2021,17:35,1,33,33458,1,1,0,2,Lieu Dit les Clotiers,45.159244,-0.596315,17,3,2
202100050496,111Â 437,A01,10,3,1,5,0,-1,-1,1,3,1,2021,4.0,2,2,0,1,1,1,0,,4,THERESE (AL.),0,,2,2,0,1,0,0,3,, -1,1,0,1,30,23,2,2021,14:30,1,93,93010,2,1,0,6,THERESE (AL.),48.9032948221,2.4987245934,14,2,1
202100051835,109Â 050,A01,10,3,2,5,0,-1,-1,3,3,1,2021,48.0,1,2,0,1,1,15,1,,4,GASTON NAVAILLE (RUE),0,,2,1,0,1,1,0,1,, -1,1,0,1,50,10,2,2021,17:40,1,93,93050,2,3,0,6,GASTON NAVAILLE (RUE),48.87088,2.53325,17,2,1
202100054848,103Â 763,A01,10,3,2,1,0,-1,-1,4,3,1,2021,26.0,2,2,0,1,1,1,1,,4,,0,,3,3,3,1,(1),(1),1,, -1,2,0,1,50,15,1,2021,18:10,5,69,69383,2,1,1,6,GAMBETTA (CR),45.75602,4.84099,18,2,1
202100036845,135Â 838,A01,1,1,1,5,8,0,-1,0,0,-1,2021,21.0,2,1,0,2,1,17,3,,4,RUE SAINT HONORE,0,,1,1,2,1,(1),(1),1,, -1,1,0,1,30,2,6,2021,15:30,1,75,75101,2,2,0,3,RUE SAINT HONORE,48.866612,2.328586,15,2,2
202100020888,164Â 312,B01,1,1,1,5,2,6,-1,-1, -1,-1,2021,54.0,1,1,0,2,8,1,1,,3,FOCH (AV),0,,2,1,0,1,1,0,1,, -1,1,0,1,30,4,9,2021,16:45,1,94,94068,2,4,0,3,Carrefour du 8 Mai 1945,48.802033,2.49255,16,2,2
202100038710,132Â 441,B01,1,1,1,5,2,6,9,0,0,-1,2021,19.0,1,1,0,2,1,13,1,,3,7,-1,,2,2,0,1,34,700,3,, -1,1,0,1,80,23,5,2021,13:00,1,69,69139,1,1,0,1,D7,45.808951,4.472251,13,5,2
202100004132,194Â 356,B01,1,1,1,9,2,6,-1,-1, -1,-1,2021,33.0,1,1,0,2,2,1,1,,3,FRANCE ANATOLE (BOULEVARD) NR AUTRES,0,,1,4,0,1,0,1,1,, -1,2,0,1,50,6,12,2021,09:00,1,93,93066,2,9,1,3,FRANCE ANATOLE (BOULEVARD) NR AUTRES,48.9220120504,2.3468976123,9,2,2
202100030393,147Â 440,A01,1,1,1,0,2,0,-1,-1, -1,-1,2021,43.0,2,1,0,2,7,26,1,,4,CAPITAINE GEZE (BOULEVARD),0,,2,4,0,1,0,0,1,, -1,1,0,1,50,6,7,2021,12:20,1,13,13214,2,3,0,3,CAPITAINE GEZE (BOULEVARD),43.33067,5.3716,12,2,2
202100003959,194Â 673,B01,1,1,1,9,1,8,-1,-1, -1,-1,2021,56.0,2,2,0,2,7,1,1,,4,DIGUE RONJON,0,,2,2,0,1,(1),(1),1,, -1,1,0,1,50,8,12,2021,15:45,1,973,97302,2,2,0,3,DIGUE RONJON,4.93334,-52.33169,15,2,2
202100022106,162Â 109,B01,1,1,1,9,2,0,-1,0,0,-1,2021,54.0,0,1,0,2,0,1,5,,4,RUE SOUFFLOT,0,,2,2,1,1,(1),(1),1,, -1,1,0,5,50,27,8,2021,01:35,5,75,75105,2,2,0,1,RUE SOUFFLOT,48.8468,2.343347,1,2,2
202100034535,140Â 001,A01,1,1,2,5,2,6,-1,-1, -1,-1,2021,57.0,1,1,4,0,3,0,1,,1,A50,0,,3,6,0,1,38,500,3,, -1,1,9,1,130,11,6,2021,20:15,1,13,13028,1,1,0,6,A50,43.20904,5.628001,20,1,1
202100049721,112Â 871,A01,10,3,2,2,0,-1,-1,1,3,2,2021,33.0,2,2,0,1,1,15,1,,4,,0,,1,1,0,1,(1),(1),1,, -1,1,0,1,50,1,3,2021,09:00,1,33,33056,2,3,0,6,Rue Alexis de Cholet,44.909482,-0.637985,9,2,1
202100001379,199Â 305,A01,1,1,1,5,2,6,-1,0,0,-1,2021,51.0,1,1,0,2,1,1,1,,4,AVENUE GAMBETTA,0,,2,3,1,2,(1),(1),1,, -1,2,-1,5,30,25,12,2021,15:40,1,75,75120,2,1,1,3,AVENUE GAMBETTA,48.863162,2.388583,15,2,2
202100002075,198Â 088,B01,1,1,1,0,8,-1,-1,0,0,-1,2021,27.0,2,1,0,2,1,1,1,,3,437,-1,,2,3,0,1,122,720,1,, -1,9,0,1,50,21,12,2021,20:20,5,25,25463,2,3,0,1,Rue de MontbÃ©liard,47.394529,6.770368,20,2,2
202100035517,138Â 225,A01,1,1,1,9,2,0,-1,-1, -1,-1,2021,38.0,2,1,0,2,1,17,1,,4,MADRAGUE VILLE (chemin de la),0,,2,2,0,1,(1),(1),1,, -1,1,0,1,50,9,6,2021,16:20,1,13,13215,2,1,0,3,MADRAGUE VILLE (chemin de la),43.34576,5.35471,16,2,2
202100025297,156Â 442,A01,10,3,1,5,8,8,-1,4,3,1,2021,39.0,1,2,0,1,2,15,1,,4,SAINT LAZARE (AVENUE DE),0,,-1,1,0,1,(1),(1),1,, -1,1,9,1,30,6,8,2021,01:00,5,34,34172,2,4,0,6,SAINT LAZARE (AVENUE DE),43.61768,3.886,1,2,1
202100004956,192Â 932,D01,1,1,2,-1,1,-1,-1,-1, -1,-1,2021,51.0,1,2,0,-1,3,1,-1,,3,10,-1,,2,2,0,1,17,400,1,,"5,5",1,0,1,90,3,12,2021,13:10,1,23,23095,1,2,0,3,La Toueille,46.139415,1.602314,13,3,2
202100030468,147Â 309,B01,1,1,1,5,0,-1,-1,0,0,-1,2021,36.0,1,1,0,0,4,2,0,,3,304,-1,,2,1,0,1,19,556,1,, -1,1,0,1,90,27,6,2021,23:25,3,72,72143,1,1,0,2,Route Departementale 304,47.87009,0.45115,23,2,2
202100031078,146Â 191,B01,1,1,1,5,8,0,-1,-1, -1,-1,2021,62.0,1,1,0,2,0,2,5,,4,Dainville,0,,2,1,0,1,1,0,1,, -1,1,0,1,30,3,7,2021,21:20,1,49,49007,2,1,0,1,VOLNEY,47.46,-0.5373,21,2,2
202100056503,100Â 903,A01,1,1,1,5,2,6,-1,0,0,-1,2021,20.0,1,1,6,0,2,0,1,,2,1,0,C,2,2,0,1,(1),(1),2,, -1,1,2,8,70,1,1,2021,16:30,1,974,97414,1,1,0,6,Ã©changeur du Gol (Embranchement d'autoroute),-21.284029,55.392262,16,1,1
202100013220,178Â 109,A01,10,3,1,2,0,-1,-1,2,3,1,2021,15.0,3,1,0,1,2,1,1,,4,RUE LEONTINE SOHIER,0,,-1,2,0,1,0,0,1,, -1,1,0,1,30,14,10,2021,08:10,1,91,91345,2,1,0,6,RUE LEONTINE SOHIER,48.69233,2.30054,8,2,1
202100051481,109Â 685,A01,10,3,2,5,0,-1,-1,3,3,1,2021,26.0,1,5,0,1,3,1,1,,3,201,-1,,2,2,0,1,45,100,1,, -1,2,9,1,50,16,2,2021,07:55,2,68,68118,2,1,0,6,177 Rue du GÃ©nÃ©ral de Gaulle,47.717107,7.419479,7,2,1
202100029915,148Â 333,A01,1,1,1,5,2,6,-1,0,0,-1,2021,19.0,3,1,3,0,1,1,1,,3,489,-1,,2,2,0,2,(1),(1),2,, -1,1,0,3,80,9,7,2021,00:00,3,69,69269,1,1,0,6,D489,45.7205964628,4.6100118756,0,1,1
202100055616,102Â 437,A01,1,1,1,0,1,0,-1,-1, -1,-1,2021,20.0,2,2,4,0,1,21,1,,1,AUTOROUTE A86,0,,3,6,0,1,11,699,1,, -1,1,0,3,70,10,1,2021,16:45,1,92,92078,1,1,0,6,AUTOROUTE A86,48.9283084303,2.3316245851,16,3,1
202100007419,188Â 498,A01,4,2,2,0,3,-1,-1,0,0,-1,2021,2.0,3,2,0,0,3,1,1,,4,,-1,,2,2,0,2,(1),(1),1,,5,2,0,3,80,20,11,2021,18:30,3,80,80530,1,1,1,7,Rue de Vaux,49.946877,2.561477,18,2,1
202100038910,132Â 078,B01,1,1,1,1,1,8,-1,-1, -1,-1,2021,24.0,1,2,9,2,1,1,1,,3,CD 40,0,,3,2,0,1,(1),(1),1,, -1,1,5,1,50,18,5,2021,22:20,3,59,59284,1,2,0,3,CD 40,50.417631,3.407234,22,2,2
202100019151,167Â 396,A01,10,3,2,9,0,-1,-1,3,1,2,2021,12.0,0,1,0,1,4,1,0,,4,REPUBLIQUE (RUE DE LA ),0,,2,2,0,1,(1),(1),1,, -1,1,0,6,30,12,9,2021,12:20,1,80,80021,2,2,0,6,REPUBLIQUE (RUE DE LA ),49.89201,2.29715,12,2,1
202100005234,192Â 426,A01,10,3,1,2,0,-1,-1,1,3,1,2021,11.0,3,2,0,1,2,1,1,,4,OISE (BOULEVARD DE L'),0,,2,2,0,1,(1),(1),1,, -1,2,2,1,50,1,12,2021,15:25,1,95,95127,2,1,1,6,OISE (BOULEVARD DE L'),49.04642,2.04072,15,2,1
202100055197,103Â 152,B01,1,1,2,1,1,0,-1,-1, -1,-1,2021,28.0,1,2,0,2,4,2,1,,4,GEORGES POMPIDOU (RUE),0,,1,3,0,1,(1),(1),1,, -1,2,5,1,50,12,1,2021,18:00,5,10,10387,2,1,1,2,GEORGES POMPIDOU (RUE),48.29663,4.0945,18,2,2
202100019974,165Â 929,B01,1,1,1,3,8,-1,-1,0,0,-1,2021,52.0,3,1,0,2,7,1,1,,4,,-1,,2,2,0,1,(1),(1),1,,"5,5",1,0,1,50,10,9,2021,13:15,1,973,97307,2,9,0,3,Route de la Distillerie,4.875538,-52.335021,13,2,2
202100023737,159Â 190,A01,1,1,1,5,2,6,-1,0,0,-1,2021,39.0,0,1,11,0,1,13,1,,4,AVENUE DAUMESNIL,0,,2,4,0,1,(1),(1),1,, -1,1,0,1,50,17,8,2021,06:29,2,75,75112,2,2,0,6,AVENUE DAUMESNIL,48.846008,2.378011,6,1,1
202100038986,131Â 955,A01,1,1,1,0,1,8,-1,-1, -1,-1,2021,23.0,1,1,0,2,7,17,1,,3,CROIZAT AMBROISE RD 29 BIS,0,,2,2,0,1,0,1,1,, -1,1,0,1,50,21,5,2021,19:13,1,93,93066,2,1,0,3,Rue Ambroise Croizat,48.932409,2.348846,19,2,2
202100053622,105Â 875,A01,1,1,2,2,2,6,-1,0,0,-1,2021,16.0,2,1,0,0,9,1,1,,3,Route de PLASCASSIER,0,,2,2,0,2,17,825,2,, -1,7,0,1,50,26,1,2021,08:10,2,6,6069,1,1,0,7,Route de PLASCASSIER,43.648735,6.96111,8,1,1
202100055268,103Â 027,A01,2,1,1,0,2,0,-1,-1, -1,-1,2021,41.0,3,1,0,2,1,19,1,,4,REMPARTS (RUE),0,,2,2,0,1,0,0,1,, -1,1,5,1,50,11,1,2021,19:05,5,987,98735,2,2,0,3,REMPARTS (RUE),-17.53245,-149.56768,19,2,2
202100000077,201Â 614,A01,10,3,2,3,8,8,-1,1,B,1,2021,74.0,3,2,0,1,0,26,1,,6,MITTERAND ( ESPLANADE FRANCOIS ),0,,-1,-1,0,1,(1),(1),1,, -1,2,0,1,50,28,12,2021,15:15,1,62,62178,2,1,1,6,MITTERAND ( ESPLANADE FRANCOIS ),50.482275,2.546655,15,2,1
202100015330,174Â 305,A01,2,2,2,5,1,-1,-1,-1, -1,-1,2021,21.0,1,2,15,2,1,21,1,,4,JAURES (AVENUE JEAN) DU NÂ° 74 A FIN (PAI,0,,2,2,0,1,(1),(1),1,, -1,2,0,3,50,3,10,2021,05:00,5,51,51454,2,3,1,7,Avenue Jean JaurÃ¨s,49.2621590464,4.0523889642,5,2,1
202100036878,135Â 778,A01,1,1,1,0,1,-1,-1,0,0,-1,2021,39.0,2,2,2,0,3,13,1,,3,1113,0,,2,2,0,1,37,506,3,, -1,1,0,3,80,3,6,2021,14:20,1,33,33030,1,1,0,6,,44.6199518906,-0.3239893913,14,1,1
202100016948,171Â 330,C01,1,1,2,1,1,0,-1,-1, -1,-1,2021,27.0,1,2,0,2,1,1,1,,1,24 EMPALOT  (PERIPH OUEST A620),0,,1,4,0,1,12,171,1,, -1,1,2,1,90,24,9,2021,15:10,1,31,31555,1,1,0,5,24 EMPALOT  (PERIPH OUEST A620),43.57057,1.4328,15,3,3