Num_Acc,id_vehicule,num_veh,place,catu,sexe,trajet,secu1,secu2,secu3,locp,actp,etatp,year_acc,victim_age,senc,catv,obs,obsm,choc,manv,motor,occutc,catr,voie,v1,v2,circ,nbv,vosp,prof,pr,pr1,plan,lartpc,larrout,surf,infra,situ,vma,jour,mois,an,hrmn,lum,dep,com,agg_,int,atm,col,adr,lat,long,hour,nb_victim,nb_vehicules
202100032512,143Â 652,A01,1,1,1,1,2,6,-1,0,0,-1,2021,46.0,2,1,0,2,2,15,1,,4,AVENUE DE LA PORTE DE SAINT CLOUD,0,,2,8,0,1,(1),(1),1,, -1,1,0,1,50,23,6,2021,11:10,1,75,75116,2,4,0,3,AVENUE DE LA PORTE DE SAINT CLOUD,48.838675,2.253949,11,2,2
202100040634,128Â 980,B01,1,1,1,0,1,0,-1,-1, -1,-1,2021,43.0,0,0,0,0,0,0,0,,3,BRIAND ( AV. ARISTIDE) 134 A 212,0,,-1,0,0,1,1,0,1,, -1,1,0,1,50,8,5,2021,23:30,5,93,93057,1,1,0,2,BRIAND ( AV. ARISTIDE) 134 A 212,48.909414,2.504742,23,3,3
202100047546,116Â 780,B01,1,1,2,1,2,4,-1,-1, -1,-1,2021,27.0,2,1,0,2,1,1,5,,4,COLOMBES ( RUE DE 31 A ),0,,2,2,0,1,0,0,1,, -1,1,0,1,50,18,3,2021,09:10,1,92,92004,2,3,0,3,COLOMBES ( RUE DE 31 A ),48.9139413675,2.2805542499,9,2,2
202100044848,121Â 552,B01,2,2,2,0,8,0,-1,-1, -1,-1,2021,15.0,1,2,0,2,1,26,1,,3,DIX NEUF MARS   (RUE DU),0,,2,2,0,2,1,0,1,, -1,1,0,1,50,6,4,2021,03:30,5,93,93032,2,3,0,1,DIX NEUF MARS   (RUE DU),48.89551,2.54383,3,3,2
202100024208,158Â 403,A01,3,2,1,5,1,-1,-1,0,0,-1,2021,51.0,2,2,13,0,1,1,1,,1,19,0,,1,2,0,1,0,485,2,, -1,1,3,2,90,15,8,2021,01:30,3,89,89080,1,1,0,6,Autoroute A19,48.270626,3.292294,1,3,1
202100009455,184Â 803,B01,1,1,2,1,1,0,-1,-1, -1,-1,2021,54.0,1,2,0,2,2,26,1,,4,YSER (DE L'),0,,2,2,0,1,0,0,1,, -1,1,0,1,50,3,11,2021,15:53,1,2,2738,2,9,0,3,YSER (DE L'),49.663027,3.289022,15,2,2
202100022701,161Â 023,B01,1,1,1,4,2,-1,-1,-1, -1,-1,2021,64.0,0,1,0,2,8,1,5,,4,RICHELIEU,0,,2,2,0,1,0,0,1,, -1,1,0,1,50,23,8,2021,16:00,1,76,76351,2,2,0,3,RICHELIEU,49.48937,0.10296,16,2,2
202100036499,136Â 463,A01,2,2,2,5,1,-1,-1,0,0,-1,2021,14.0,1,2,0,2,7,1,1,,3,27,-1,,2,1,0,1,18,800,1,, -1,2,0,1,80,4,6,2021,15:30,1,42,42294,1,2,1,3,Route de Pradines,46.008178,4.130114,15,3,2
202100012586,179Â 222,A01,1,1,1,5,1,-1,-1,0,0,-1,2021,81.0,1,5,0,2,3,19,1,,3,6015,0,D,2,2,0,1,77,304,1,, -1,1,8,1,80,17,10,2021,11:55,1,76,76714,1,2,0,3,D6015,49.545373,0.393448,11,3,2
202100030047,148Â 075,B01,1,1,1,0,2,0,-1,-1, -1,-1,2021,24.0,3,1,0,2,1,1,1,,3,7,0,,1,2,1,1,0,0,1,, -1,1,0,1,50,7,7,2021,17:30,1,92,92062,2,3,0,3,LAFARGUES (RUE PAUL),48.883889,2.249584,17,2,2
202100007293,188Â 711,A01,10,3,2,5,0,-1,-1,2,4,1,2021,65.0,3,2,0,1,4,4,1,,4,ROMPSAY   AVENUE DE,0,,2,2,0,1,(1),(1),1,, -1,1,0,1,50,18,11,2021,21:20,5,17,17300,2,1,0,6,ROMPSAY   AVENUE DE,46.16128,-1.1302,21,2,1
202100015188,174Â 562,B01,2,2,2,9,1,-1,-1,0,0,-1,2021,64.0,1,2,0,2,3,1,1,,3,21,0,,2,2,0,1,6,500,2,, -1,2,0,1,70,5,10,2021,17:00,1,23,23178,2,2,0,1,Lieu dit Le Logis,45.828336,2.336617,17,3,2
202100053528,106Â 037,A01,1,1,1,0,1,-1,-1,0,0,-1,2021,38.0,2,2,0,0,8,1,1,,3,751,-1,,2,2,0,1,56,300,1,, -1,1,0,1,80,5,1,2021,12:00,1,37,37014,1,1,0,3,D751,47.263971,0.459881,12,2,2
202100037139,135Â 307,A01,1,1,1,0,2,6,-1,-1, -1,-1,2021,37.0,2,1,0,2,4,2,1,,1,AUTOROUTE A23,0,,3,4,0,1,12,500,1,, -1,1,0,1,110,31,5,2021,08:20,1,59,59435,1,1,0,2,AUTOROUTE A23,50.49067,3.21271,8,2,2
202100016320,172Â 466,A01,1,1,1,1,2,6,9,0,0,-1,2021,57.0,3,1,0,2,1,1,1,,7,21,-1,B,2,2,0,1,2,800,1,, -1,1,0,1,80,30,9,2021,07:10,2,13,13092,1,3,0,1,Chemin DÃ©partemental 21b,43.515335,5.121324,7,2,2
202100016038,172Â 989,B01,1,1,1,4,8,4,-1,-1, -1,-1,2021,44.0,2,4,0,2,6,23,1,,1,A7-Sens Marseille vers Lyon,0,,-1,3,0,1,267,691,1,, -1,1,0,2,110,29,9,2021,12:17,1,13,13071,1,1,0,2,A7-Sens Marseille vers Lyon,43.404706,5.303648,12,2,2
202100003265,195Â 928,B01,2,2,1,9,1,0,-1,0,0,-1,2021,17.0,2,2,0,2,7,16,1,,4,RUE LA BOETIE,0,,2,2,0,1,(1),(1),1,, -1,2,0,1,30,12,12,2021,00:35,5,75,75108,2,2,1,3,RUE LA BOETIE,48.872858,2.310774,0,3,2
202100006402,190Â 353,B01,1,1,1,4,2,6,-1,-1, -1,-1,2021,47.0,2,1,0,2,1,17,1,,4,BAYONNE DE,0,,2,2,0,1,0,0,1,, -1,1,0,1,50,9,11,2021,07:10,5,64,64129,2,1,0,3,BAYONNE DE,43.3017167639,-0.3954219818,7,2,2
202100019155,167Â 389,B01,1,1,1,0,2,6,-1,-1, -1,-1,2021,51.0,1,1,0,0,0,1,1,,4,ANDRE CARETTE,0,,1,3,2,1,0,0,1,, -1,2,0,1,50,10,9,2021,13:15,1,76,76351,2,1,0,7,ANDRE CARETTE,49.48944,0.11738,13,2,2
202100006831,189Â 570,A01,1,1,1,0,1,0,-1,-1, -1,-1,2021,20.0,1,2,1,0,4,24,1,,4,VLADIMIR I. LENINE (DU 01 AU 58)     Z2,0,,2,2,0,1,0,0,1,, -1,1,0,1,50,21,11,2021,19:55,5,93,93007,2,9,0,2,VLADIMIR I. LENINE (DU 01 AU 58)     Z2,48.9473081987,2.448232521,19,2,2
202100022088,162Â 143,A01,1,1,2,0,1,5,-1,-1, -1,-1,2021,20.0,1,2,8,0,9,21,1,,3,VERDUN (ROUTE DE),0,,2,2,0,1,65,555,1,, -1,1,0,3,70,27,8,2021,19:25,1,21,21054,1,1,0,6,82 Route de Verdun,47.004176815,4.8578089909,19,1,1
202100020034,165Â 817,A01,1,1,1,0,1,0,-1,-1, -1,-1,2021,20.0,1,2,0,2,1,5,1,,3,RD 967,0,,3,2,0,1,77,750,1,, -1,3,0,1,80,22,5,2021,23:55,3,2,2408,1,1,0,1,RD 967,49.58973,3.62696,23,3,2
202100046902,117Â 936,A01,1,1,1,2,2,0,-1,-1, -1,-1,2021,15.0,1,1,0,2,3,1,1,,4,MIRAMBEAU (ROUTE DE),0,,2,2,0,1,0,0,1,, -1,1,0,1,50,23,3,2021,08:30,1,64,64024,2,3,0,3,MIRAMBEAU (ROUTE DE),43.4757,-1.51023,8,2,2
202100010430,183Â 079,A01,1,1,1,1,1,-1,-1,0,0,-1,2021,39.0,1,2,0,2,1,1,1,,3,106,0,D,3,4,0,1,36,290,1,, -1,1,0,1,80,29,10,2021,21:35,3,33,33229,1,6,0,2,,44.77837,-1.018244,21,2,2
202100013140,178Â 259,A01,1,1,1,0,2,0,-1,-1, -1,-1,2021,23.0,-1,1,0,2,8,16,1,,3,CHARLES DE GAULLE [CD115] (AVENUE),0,,3,0,0,1,0,0,1,, -1,1,0,1,50,15,10,2021,19:25,5,93,93005,2,2,0,3,TURGOT (RUE),48.9306273664,2.4832001601,19,2,2
202100019789,166Â 275,B01,1,1,1,0,2,6,-1,0,0,-1,2021,79.0,0,1,0,2,1,1,1,,4,,-1,,2,2,0,1,(1),(1),1,,4,1,9,1,50,26,6,2021,15:00,1,69,69244,2,1,0,3,POMME (DE LA) (CHM),45.762074,4.781819,15,2,2
202100050332,111Â 733,A01,1,1,2,5,1,0,-1,-1, -1,-1,2021,52.0,3,2,0,2,1,1,1,,1,A87N,0,,2,4,0,1,0,0,1,, -1,1,0,1,90,23,2,2021,17:30,1,49,49353,2,1,0,4,A87N,47.45462,-0.51411,17,3,3
202100037177,135Â 231,B01,2,2,1,5,1,0,-1,-1, -1,-1,2021,20.0,1,2,0,2,2,1,1,,3,JACQUES DUCLOS (AVENUE),0,,2,2,0,1,0,0,1,, -1,1,0,1,50,30,5,2021,21:40,1,91,91549,2,1,0,3,JACQUES DUCLOS (AVENUE),48.635,2.347,21,3,2
202100035798,137Â 719,B01,1,1,1,0,2,6,-1,0,0,-1,2021,38.0,2,1,0,2,3,2,1,,3,554,-1,,2,2,0,1,89,300,2,, -1,1,0,1,50,8,6,2021,16:55,1,83,83017,2,1,0,2,RD 554,43.23886,6.004629,16,2,2
202100028349,151Â 028,A01,1,1,1,5,2,6,9,0,0,-1,2021,21.0,0,1,0,0,7,1,1,,3,1004,-1,,2,2,0,2,(1),(1),1,, -1,1,0,1,80,17,7,2021,19:30,1,67,67366,1,1,0,7,D1004,48.755736,7.330263,19,1,1
202100030859,146Â 602,A01,1,1,1,9,2,0,-1,0,0,-1,2021,26.0,1,1,0,2,1,2,5,,4,RUE LOUIS BRAILLE,0,,2,2,0,2,(1),(1),1,, -1,1,0,1,50,4,7,2021,01:40,5,75,75112,2,1,0,2,RUE LOUIS BRAILLE,48.83972,2.40212,1,2,2
202100041167,128Â 016,A01,1,1,1,1,2,6,-1,-1, -1,-1,2021,23.0,2,1,0,2,7,2,1,,3,,0,,2,2,0,1,0,0,1,, -1,2,0,1,30,6,5,2021,08:00,1,92,92023,2,1,1,2,PORTE DE TRIVAUX (RUE DE) NÂ°57 A 197 ET,48.7904244799,2.2556677163,8,2,2
202100004434,193Â 838,B01,1,1,1,1,1,9,-1,0,0,-1,2021,44.0,2,5,0,2,1,1,1,,3,612,-1,,2,2,0,1,9,532,1,, -1,1,5,1,90,6,12,2021,20:15,5,34,34159,1,1,0,3,RD612,43.513845,3.805422,20,2,2
202100042626,125Â 432,B01,1,1,1,5,2,-1,-1,0,0,-1,2021,56.0,1,1,0,0,3,1,0,,3,38,0,,2,2,0,4,21,600,1,, -1,1,0,1,80,24,4,2021,18:30,1,57,57706,1,1,0,2,Route DÃ©partementale 38,48.825023,6.769794,18,2,2
202100048102,115Â 771,A01,1,1,1,1,8,0,-1,-1, -1,-1,2021,26.0,2,5,0,2,4,1,1,,1,A50-Sens Aubagne vers Marseille,0,,-1,3,0,1,10,399,1,, -1,1,0,1,90,8,3,2021,08:17,1,13,13070,2,1,0,2,A50-Sens Aubagne vers Marseille,43.28518,5.51679,8,2,2
202100030991,146Â 337,A01,1,1,1,5,2,6,-1,-1, -1,-1,2021,18.0,1,1,8,0,1,1,1,,3,GENEVE (RUE DE),0,,2,2,0,1,0,0,2,, -1,1,0,1,50,16,6,2021,20:53,1,74,74008,2,1,0,6,GENEVE (RUE DE),46.19302,6.22533,20,1,1
202100042187,126Â 217,B01,1,1,1,1,2,-1,-1,-1, -1,-1,2021,46.0,1,1,0,2,8,12,5,,4,RUE DE ROME,0,,2,2,0,2,(1),(1),1,, -1,1,0,1,50,28,4,2021,16:10,1,33,33032,2,3,0,6,Rue de Rome,44.896299,-0.520196,16,2,2
202100054839,103Â 779,B01,1,1,1,9,2,8,-1,-1, -1,-1,2021,26.0,2,1,0,0,0,3,1,,1,A4,0,,3,6,0,1,7,99,1,, -1,1,0,1,90,15,1,2021,11:00,1,94,94017,1,1,0,7,A4,48.82911,2.4804,11,2,2
202100041347,127Â 702,B01,1,1,2,1,1,-1,-1,0,0,-1,2021,24.0,3,2,5,0,8,15,1,,4,,-1,,2,2,0,1,(1),(1),1,, -1,1,0,1,50,6,5,2021,06:10,3,38,38239,2,3,0,3,Route de Champfeuillet,45.34322,5.56283,6,3,2
202100014139,176Â 414,B01,1,1,1,9,1,8,-1,-1, -1,-1,2021,47.0,1,2,0,2,3,1,1,,3,RTE NATIONALE 20,0,,3,4,0,2,0,0,1,, -1,1,3,1,70,9,10,2021,03:30,3,91,91339,1,1,0,1,RTE NATIONALE 20,48.62824,2.26257,3,2,2
202100035553,138Â 161,A01,1,1,2,5,2,0,-1,0,0,-1,2021,64.0,1,1,14,0,1,14,5,,4,RUE DE RIVOLI,0,,2,4,1,1,(1),(1),1,, -1,1,0,5,30,9,6,2021,14:00,1,75,75104,2,1,0,6,RUE DE RIVOLI,48.855268,2.360885,14,1,1
202100026232,154Â 812,A01,1,1,1,5,2,6,9,0,0,-1,2021,31.0,1,1,0,0,7,1,1,,3,1006,0,D,2,2,0,1,145,650,1,, -1,1,0,1,80,21,7,2021,12:00,1,73,73026,1,1,0,3,D1006,45.208947,6.730237,12,2,2
202100048687,114Â 726,A01,1,1,1,1,8,0,-1,-1, -1,-1,2021,53.0,0,1,0,2,1,1,1,,4,CHATEAU GOMBERT CHEMIN,0,,2,2,0,1,(1),(1),1,, -1,1,0,1,50,8,3,2021,15:40,1,13,13213,2,1,0,2,CHATEAU GOMBERT CHEMIN,43.345079,5.423645,15,2,2
202100025728,155Â 694,B01,2,2,2,5,1,0,-1,0,0,-1,2021,80.0,1,2,0,2,1,1,1,,3,RD 2009,0,,2,2,0,2,19,399,1,, -1,1,0,1,80,31,7,2021,14:40,1,63,63300,1,1,0,5,RD 2009,45.9129103873,3.1311249733,14,4,3
202100017526,170Â 294,B01,1,1,2,2,2,6,-1,0,0,-1,2021,16.0,3,1,0,2,7,1,1,,4,,0,,2,2,0,1,(1),(1),1,,4,1,0,1,50,20,9,2021,17:25,1,49,49063,2,1,0,3,27 Avenue de la Gare,47.346599,-0.746841,17,2,2
202100012888,178Â 692,A01,10,3,1,5,0,-1,-1,9,3,1,2021,66.0,0,2,0,1,6,20,1,,6,RABELAIS (R),0,,-1,0,0,1,0,0,1,, -1,1,0,1,10,16,10,2021,14:37,1,94,94019,2,1,0,6,Rue Rabelais,48.80298,2.55308,14,2,1
202100016299,172Â 499,A01,10,3,2,3,8,-1,-1,2,3,1,2021,69.0,3,5,0,1,4,20,1,,4,,-1,,1,1,0,2,(1),(1),1,,"3,5",1,0,1,50,30,9,2021,07:35,1,48,48140,2,1,0,6,69 Rue ThÃ©ophile Roussel,44.802171,3.275626,7,2,1
202100043544,123Â 829,B01,1,1,1,9,2,6,-1,-1, -1,-1,2021,35.0,1,1,0,2,1,1,1,,4,MARAICHERS (CHE DES) DU 3AU 50,0,,2,3,0,1,(1),(1),1,, -1,1,5,6,50,17,4,2021,19:55,2,31,31555,2,9,0,3,MARAICHERS (CHE DES) DU 3AU 50,43.56729,1.46435,19,2,2
202100004457,193Â 799,B01,1,1,2,5,1,-1,-1,0,0,-1,2021,56.0,2,2,0,2,3,1,1,,1,,-1,,1,2,0,1,324,400,1,, -1,1,0,1,130,5,12,2021,17:20,2,51,51099,1,1,0,3,A26,48.821074,4.28954,17,3,2
202100049412,113Â 433,B01,1,1,1,9,8,0,-1,0,0,-1,2021,48.0,1,1,0,2,4,13,5,,4,AVENUE D ITALIE,0,,2,4,0,1,(1),(1),1,, -1,1,0,1,30,1,3,2021,22:41,5,75,75113,2,3,0,2,AVENUE D ITALIE,48.820412,2.359095,22,3,2
202100011270,181Â 590,A01,1,1,2,0,1,-1,-1,0,0,-1,2021,23.0,1,2,0,2,2,21,1,,3,925,0,,2,2,0,3,59,940,1,, -1,1,0,1,80,25,10,2021,12:10,1,76,76646,1,2,0,5,D925,49.809749,0.668449,12,5,5
202100023873,158Â 955,B01,1,1,1,5,8,0,-1,-1, -1,-1,2021,14.0,1,1,0,2,1,1,5,,4,,0,,3,4,1,1,0,0,1,, -1,1,4,5,50,13,8,2021,18:10,1,67,67482,2,8,0,6,ROMAINS (ROUTE DES),48.57976,7.71711,18,3,2
202100047112,117Â 558,B01,1,1,2,0,1,0,-1,-1, -1,-1,2021,43.0,2,2,0,2,4,2,1,,1,AUTOROUTE A86,0,,3,6,0,1,22,0,1,, -1,1,1,1,90,12,3,2021,10:35,1,93,93008,1,1,0,2,AUTOROUTE A86,48.9088,2.44935,10,2,2
202100044804,121Â 627,B01,1,1,1,1,2,6,-1,-1, -1,-1,2021,19.0,1,1,0,2,8,1,1,,4,,0,,2,2,1,1,(1),(1),1,, -1,1,0,1,50,7,4,2021,07:45,2,69,69266,2,1,0,7,GABRIEL PERI (R),45.77074,4.86354,7,1,1
202100010290,183Â 315,B01,1,1,1,3,8,0,-1,0,0,-1,2021,71.0,2,5,0,2,2,15,1,,3,MARQUI (AVENUE ALEXANDRE),0,,3,2,0,1,0,970,1,, -1,1,0,1,50,27,10,2021,19:05,1,65,65286,2,3,0,3,MARQUI (AVENUE ALEXANDRE),43.10499,-0.04147,19,6,2
202100031998,144Â 549,A01,2,2,2,0,1,0,-1,-1, -1,-1,2021,19.0,1,2,0,2,6,23,1,,3,MONTFERMEIL (ALLEE DE) 74 - 114,0,,1,1,0,1,0,1,1,, -1,2,0,1,50,27,6,2021,15:15,1,93,93062,2,1,0,2,AllÃ©e de Montfermeil,48.89662,2.53039,15,3,2
202100007411,188Â 510,B01,7,2,1,0,1,-1,-1,0,0,-1,2021,46.0,2,2,0,0,2,1,1,,3,415,-1,,2,2,0,1,34,600,1,, -1,2,0,1,80,20,11,2021,06:05,3,68,68007,1,1,1,1,D415 PK 34+600,48.052956,7.449632,6,4,2
202100054081,105Â 078,A01,10,3,2,1,0,-1,-1,3,3,1,2021,37.0,2,2,0,1,2,15,1,,3,D768,0,,1,1,0,1,(1),(1),2,, -1,1,2,1,30,8,1,2021,08:55,2,22,22113,2,1,0,6,SAINTE ANNE (PONT),48.73057,-3.46042,8,2,1
202100017946,169Â 549,B01,1,1,2,1,2,6,-1,0,0,-1,2021,30.0,2,1,0,0,4,2,1,,2,198,0,N,2,2,0,1,26,0,1,, -1,1,5,1,50,21,9,2021,08:37,1,201,201247,2,6,0,2,Les Quatre Chemins,41.5955105809,9.2745454861,8,2,2
202100011105,181Â 879,B01,1,1,2,0,1,0,-1,-1, -1,-1,2021,58.0,1,2,0,2,1,2,1,,3,LECLERC (AVENUE DU GENERAL),0,,2,0,0,1,48,279,1,, -1,1,0,1,50,25,10,2021,10:10,1,9,9122,2,1,0,2,LECLERC (AVENUE DU GENERAL),42.978033,1.609647,10,2,2
202100018575,168Â 432,A01,1,1,1,2,2,6,-1,-1, -1,-1,2021,15.0,2,1,0,2,1,1,1,,4,VALLES (RUE JULES),0,,2,2,0,1,(1),(1),3,, -1,1,0,1,50,6,9,2021,16:30,1,43,43157,2,1,0,1,10 Rue Jules Valles,45.0447743574,3.8869540393,16,2,2
202100004427,193Â 848,B01,1,1,1,0,2,8,-1,-1, -1,-1,2021,50.0,1,1,0,2,1,1,3,,4,,0,,2,2,0,1,0,0,1,, -1,2,0,1,50,3,12,2021,15:30,1,92,92036,2,3,1,3,SEINE (ROUTE DE LA) (1),48.9405866526,2.2915372252,15,2,2
202100005836,191Â 361,A01,2,2,2,0,1,0,-1,-1, -1,-1,2021,19.0,1,2,0,2,4,2,1,,1,A50-Sens Marseille vers Aubagne,0,,1,3,0,1,6,0,1,, -1,1,0,2,90,27,11,2021,16:15,1,13,13211,1,1,0,2,A50-Sens Marseille vers Aubagne,43.2947808399,5.4640638827,16,3,2
202100047905,116Â 107,B01,2,2,1,0,2,8,-1,-1, -1,-1,2021,41.0,2,1,0,2,7,2,1,,2,RN9,0,,-1,2,0,1,0,1,2,, -1,1,0,1,50,13,3,2021,12:20,1,972,97209,1,6,0,3,RN9,14.61166,-61.0422,12,3,2
202100030842,146Â 634,A01,4,2,2,5,8,0,-1,-1, -1,-1,2021,23.0,1,2,1,0,1,6,1,,2,7,0,,2,2,0,1,28,575,1,, -1,9,5,8,50,3,7,2021,21:49,5,42,42127,2,3,0,6,Route de Paris,46.066315,4.054489,21,4,1
202100050503,111Â 427,A01,1,1,2,3,1,-1,-1,0,0,-1,2021,25.0,3,2,6,2,1,0,1,,4,,-1,,2,2,0,1,(1),(1),1,, -1,1,0,1,80,17,2,2021,14:30,1,35,35167,1,1,0,1,Le Bas Boulay,47.8716,-1.340636,14,3,2
202100033487,141Â 918,A01,2,2,1,5,1,-1,-1,0,0,-1,2021,23.0,2,2,9,0,5,6,1,,7,307,-1,,3,3,3,1,45,100,1,, -1,1,5,1,50,20,6,2021,01:05,5,69,69044,2,9,0,3,PARIS (DE) (RTE),45.782022,4.750176,1,4,2
202100001433,199Â 219,A01,1,1,2,0,1,0,-1,-1, -1,-1,2021,23.0,1,2,4,0,1,1,1,,1,AUTOROUTE A86,0,,3,3,0,1,19,0,1,, -1,2,1,1,90,25,12,2021,18:15,2,93,93029,1,1,1,1,AUTOROUTE A86,48.92737,2.41888,18,1,1
202100040598,129Â 049,B01,2,2,2,5,1,8,-1,-1, -1,-1,2021,20.0,1,2,0,1,4,26,1,,2,FELIX EBOUE (BOULVARD G.GENERAL),0,,2,2,0,4,(1),(1),1,, -1,1,0,1,50,8,5,2021,12:30,1,971,97105,2,1,0,2,FELIX EBOUE (BOULVARD G.GENERAL),15.992145127,-61.7281651497,12,3,2
202100024623,157Â 645,A01,1,1,1,5,2,8,-1,-1, -1,-1,2021,24.0,1,1,0,0,0,13,5,,3,TASSINI (AVENUE VICTOR),0,,2,2,0,2,19,700,4,, -1,1,0,8,50,11,8,2021,13:00,1,7,7281,1,1,0,7,,44.9519,4.8235,13,1,1
202100011667,180Â 869,B01,1,1,1,2,2,6,-1,-1, -1,-1,2021,16.0,2,1,0,2,7,1,1,,3,COLONEL FABIEN (AVENUE),0,,1,4,3,1,0,1,1,, -1,2,5,1,50,19,10,2021,08:15,1,93,93066,2,3,1,3,COLONEL FABIEN (AVENUE),48.9448213773,2.3535231297,8,2,2
202100010375,183Â 164,B01,1,1,1,0,2,0,-1,-1, -1,-1,2021,26.0,2,1,0,2,1,2,1,,3,AVENUE GASTON ROUSSEL,0,,-1,2,0,1,0,1,1,, -1,1,0,1,50,28,10,2021,12:40,1,93,93063,2,9,0,3,AVENUE GASTON ROUSSEL,48.893702238,2.4357463924,12,2,2
202100046910,117Â 923,A01,1,1,2,0,8,0,-1,-1, -1,-1,2021,77.0,3,1,8,0,1,1,5,,4,PERREYEUX,0,,2,2,1,1,1,0,1,, -1,1,0,5,30,22,3,2021,17:15,1,49,49353,2,1,0,1,PERREYEUX,47.4571852773,-0.5118915439,17,1,1
202100000178,201Â 425,A01,1,1,1,0,1,0,-1,-1, -1,-1,2021,60.0,2,2,2,2,1,26,1,,4,SOISSONS (AVENUE DE) 01,0,,2,1,0,2,0,0,1,, -1,1,0,1,50,22,5,2021,18:00,1,2,2168,2,1,0,2,SOISSONS (AVENUE DE) 01,49.044554,3.399328,18,3,2
202100020649,164Â 719,A01,1,1,1,0,1,-1,-1,0,0,-1,2021,38.0,2,5,0,2,1,1,1,,7,6,-1,,3,4,0,1,12,(1),1,, -1,1,0,1,110,7,9,2021,13:53,1,13,13015,1,1,0,4,CD6,43.447513,5.443983,13,4,3
202100048282,115Â 448,B01,1,1,1,0,2,6,-1,0,0,-1,2021,16.0,2,1,0,2,7,1,1,,4,CLAUDE DEBUSSY (RUE),0,,2,0,0,1,(1),(1),1,, -1,1,0,1,50,12,3,2021,09:55,1,10,10297,2,3,0,3,CLAUDE DEBUSSY (RUE),48.32211,4.1056,9,2,2
202100051737,109Â 214,A01,1,1,2,9,1,-1,-1,0,0,-1,2021,24.0,1,2,4,0,1,26,1,,1,34,-1,A,2,4,0,1,51,300,1,, -1,1,0,2,130,13,2,2021,11:05,1,8,8479,1,1,0,6,A34,49.637017,4.564123,11,2,1
202100021137,163Â 876,A01,1,1,1,5,1,-1,-1,0,0,-1,2021,29.0,3,2,13,0,1,13,1,,4,,-1,D,2,2,0,2,(1),(1),3,,4,1,0,3,50,3,9,2021,20:15,1,80,80039,2,1,0,6,Rue d Eu,50.090755,1.448071,20,5,1
202100018641,168Â 318,B01,1,1,1,5,2,-1,-1,0,0,-1,2021,49.0,1,1,0,0,4,2,5,,3,70,0,,2,2,0,1,2,420,1,, -1,1,0,1,80,13,8,2021,14:50,1,57,57527,1,1,0,6,D70,49.029656,6.240615,14,2,2
202100027397,152Â 741,B01,2,2,2,0,1,0,-1,-1, -1,-1,2021,58.0,2,2,0,2,7,15,1,,3,GENERAL LECLERC (AV DU),0,,-1,4,0,1,1,0,1,, -1,1,0,1,50,23,7,2021,17:25,1,94,94046,2,2,0,3,Avenue du GÃ©nÃ©ral Leclerc,48.80583,2.44094,17,3,2
202100039459,131Â 076,A01,1,1,2,5,8,-1,-1,-1, -1,-1,2021,52.0,1,1,0,2,1,19,5,,3,LECLERC (AVE DU GAL) DU 02 ET +,0,,2,2,0,1,18,140,1,, -1,1,0,1,50,18,5,2021,15:00,1,33,33529,2,6,0,3,Avenue du GÃ©nÃ©ral Leclerc,44.64835,-1.1525,15,2,2
202100004974,192Â 898,A01,1,1,1,4,0,-1,-1,0,0,-1,2021,30.0,2,4,3,0,2,1,1,,1,40,-1,,3,4,0,1,112,712,3,, -1,2,2,1,90,4,12,2021,01:10,3,1,1087,1,1,1,6,A40 point kilomÃ©trique 112+650,46.171034,5.678784,1,1,1
202100030430,147Â 380,B01,1,1,2,9,0,0,-1,-1, -1,-1,2021,40.0,1,1,0,2,8,26,5,,3,TASSIGNY(AVE DU MARECHAL DE LATTRE DE),0,,-1,3,1,1,1,0,1,, -1,1,0,5,50,6,7,2021,11:10,1,94,94028,2,3,0,3,BORDIERES(RUE DES),48.80043,2.4513,11,2,2
202100028625,150Â 549,B01,1,1,2,9,2,6,-1,-1, -1,-1,2021,35.0,2,1,0,2,5,1,1,,3,ROND POINT DU GRAND BASQUE,0,,1,2,0,1,4,630,4,, -1,1,0,1,50,16,7,2021,13:30,1,64,64102,2,6,0,3,ROND POINT DU GRAND BASQUE,43.49123,-1.45339,13,2,2
202100041975,126Â 591,A01,2,2,1,0,1,-1,-1,0,0,-1,2021,39.0,1,2,14,2,1,1,1,,3,83,-1,,-1,1,0,1,(1),(1),1,, -1,1,5,1,50,30,4,2021,22:00,3,66,66017,1,6,0,6,Zone d'Estaque,42.787468,3.036927,22,2,1
202100008479,186Â 581,B01,1,1,1,0,8,-1,-1,-1, -1,-1,2021,40.0,1,1,0,2,8,19,5,,4,RUE DES VIVANTS,0,,2,2,0,1,(1),(1),1,, -1,1,0,1,30,10,11,2021,21:40,5,33,33063,2,2,0,3,Rue des Vivants,44.85358,-0.54168,21,2,2
202100006656,189Â 890,A01,1,1,1,3,2,0,-1,-1, -1,-1,2021,55.0,1,1,0,2,1,1,1,,4,DUBOIS (RUE MAURICE DUBOIS),0,,1,1,0,1,1,0,1,, -1,1,0,1,50,23,11,2021,12:20,1,45,45234,2,2,0,3,DUBOIS (RUE MAURICE DUBOIS),47.9226406455,1.8956780434,12,2,2
202100023436,159Â 731,A01,10,3,2,1,0,-1,-1,3,3,1,2021,39.0,0,2,0,1,1,9,1,,4,SALENGRO ROGER RUE,0,,-1,1,0,1,(1),(1),1,, -1,1,0,1,30,19,8,2021,18:50,1,29,29232,2,1,0,6,Rue Roger Salengro,47.9881606455,-4.0865948796,18,2,1