Num_Acc,id_vehicule,num_veh,place,catu,sexe,trajet,secu1,secu2,secu3,locp,actp,etatp,year_acc,victim_age,senc,catv,obs,obsm,choc,manv,motor,occutc,catr,voie,v1,v2,circ,nbv,vosp,prof,pr,pr1,plan,lartpc,larrout,surf,infra,situ,vma,jour,mois,an,hrmn,lum,dep,com,agg_,int,atm,col,adr,lat,long,hour,nb_victim,nb_vehicules
202100009313,185Â 057,A01,1,1,1,0,2,6,-1,-1, -1,-1,2021,33.0,2,1,0,2,1,21,1,,3,ARISTIDE BRIAND (AVENUE COTE PAIRS),0,,2,2,0,1,0,1,1,, -1,1,0,1,50,5,11,2021,09:20,1,93,93007,2,3,0,2,ARISTIDE BRIAND (AVENUE COTE PAIRS),48.9445895919,2.4484629929,9,2,2
202100050519,111Â 395,B01,1,1,1,1,2,6,-1,0,0,-1,2021,35.0,2,1,0,2,1,1,1,,3,36,0,,2,2,0,1,5,352,1,, -1,1,0,1,80,24,2,2021,16:40,1,43,43113,1,4,1,3,D36,45.007717,3.998122,16,2,2
202100011514,181Â 139,C01,1,1,1,9,2,6,-1,-1, -1,-1,2021,23.0,2,1,4,2,9,1,0,,2,RN12,0,,1,6,0,1,19,899,1,, -1,1,0,1,110,22,10,2021,21:15,3,78,78117,1,1,0,5,RN12,48.78812,2.14036,21,7,3
202100005194,192Â 493,B01,1,1,1,9,1,0,-1,-1, -1,-1,2021,48.0,2,2,0,2,8,11,1,,1,AUTOROUTE A6,0,,2,6,0,1,23,0,1,, -1,1,0,1,110,2,12,2021,05:45,3,91,91521,1,1,0,3,AUTOROUTE A6,48.64188,2.39282,5,2,2
202100025351,156Â 342,A01,1,1,1,1,1,-1,-1,0,0,-1,2021,39.0,1,2,0,2,1,13,1,,3,922,0,D,2,2,0,1,37,500,1,, -1,1,0,1,80,6,8,2021,20:20,1,41,41194,1,1,0,1,D922,47.375788,1.732525,20,6,2
202100049598,113Â 088,B01,1,1,2,1,1,-1,-1,-1, -1,-1,2021,60.0,2,2,0,2,6,16,1,,4,CLAUDE BAUDRAND                     (R ),0,,2,2,0,1,(1),(1),1,, -1,1,0,1,50,1,3,2021,07:40,1,69,69034,2,3,0,2,CLAUDE BAUDRAND (R),45.7861283889,4.8341785574,7,2,2
202100033064,142Â 637,B01,1,1,2,1,1,0,-1,-1, -1,-1,2021,49.0,1,2,0,2,1,1,1,,4,ROME (RUE DE),0,,2,2,3,1,0,0,1,, -1,1,0,1,50,21,6,2021,08:05,1,13,13206,2,2,0,3,ROME (RUE DE),43.2921,5.38038,8,2,2
202100041851,126Â 815,A01,1,1,1,0,1,-1,-1,0,0,-1,2021,24.0,1,5,6,0,3,1,1,,3,21,0,D,2,2,0,1,43,12,3,, -1,1,2,3,80,2,5,2021,01:30,3,8,8097,1,1,0,7,D21,49.306889,4.747853,1,1,1
202100042923,124Â 944,B01,1,1,1,1,2,6,-1,-1, -1,-1,2021,69.0,1,1,0,2,1,1,1,,4,PRESIDENT ALLENDE (AV DU),0,,-1,-1,0,1,0,0,1,, -1,1,0,1,50,23,4,2021,08:30,1,94,94076,2,2,0,4,Av du President Salvador Allende,48.794976,2.354331,8,3,3
202100012942,178Â 603,A01,1,1,1,5,1,-1,-1,0,0,-1,2021,60.0,2,2,2,0,7,1,1,,3,625,0,,2,2,0,1,0,800,1,, -1,1,0,3,80,17,10,2021,00:47,3,31,31210,1,1,0,6,Route de Mirepoix,43.389498,1.693809,0,1,1
202100054376,104Â 567,B01,1,1,1,0,8,0,-1,-1, -1,-1,2021,26.0,1,1,1,0,0,1,5,,3,ANATOLE FRANCE (BLD) PAIR,0,,2,2,0,1,0,1,1,, -1,2,0,1,50,20,1,2021,17:30,5,93,93001,2,1,1,6,ANATOLE FRANCE (BLD) PAIR,48.91597377,2.3815370908,17,2,2
202100019242,167Â 233,A01,1,1,1,5,2,-1,-1,0,0,-1,2021,47.0,2,1,0,2,1,5,5,,3,35,-1,,2,2,0,2,5,200,4,, -1,9,8,4,50,13,9,2021,14:20,1,67,67073,2,3,0,1,Route de Scherwiller,48.279395,7.402055,14,2,2
202100004381,193Â 928,A01,1,1,1,1,2,6,-1,-1,0,-1,2021,53.0,2,1,0,2,2,21,1,,3,RD 170 ,0,,3,4,0,1,17,899,1,, -1,1,0,1,90,6,12,2021,14:45,1,95,95277,1,1,0,3,RD 170 ,48.97711,2.47627,14,2,2
202100046888,117Â 961,B01,1,1,1,1,2,6,-1,-1, -1,-1,2021,24.0,0,1,0,2,1,1,1,,4,SCHEURER KESTNER. RUE,0,,2,2,0,1,(1),(1),1,, -1,1,0,1,50,19,3,2021,16:00,1,76,76165,2,1,0,1,SCHEURER KESTNER. RUE,49.280062,1.015306,16,2,2
202100024980,157Â 009,B01,1,1,1,0,1,4,-1,-1, -1,-1,2021,39.0,1,2,0,2,7,0,1,,1,15,0,,3,8,0,1,4,0,1,, -1,2,0,1,110,9,8,2021,10:20,1,92,92036,1,1,0,5,AUTOROUTE A15,48.9378886633,2.297667219,10,3,3
202100013308,177Â 957,A01,8,2,1,9,8,0,-1,0,0,-1,2021,50.0,1,3,0,2,5,17,1,3.0,4,BOULEVARD DIDEROT,0,,-1,2,0,1,(1),(1),1,, -1,1,8,1,30,14,10,2021,13:55,1,75,75112,2,3,0,3,BOULEVARD DIDEROT,48.8477918851,2.3906207085,13,4,2
202100011829,180Â 578,B01,1,1,1,9,2,0,-1,-1, -1,-1,2021,27.0,0,1,0,2,1,1,1,,7,SAINT MENET (AVENUE DE),0,,2,2,0,1,0,0,1,, -1,1,2,1,50,21,10,2021,16:40,1,13,13211,2,9,0,3,SAINT MENET (AVENUE DE),43.2869501681,5.51420331,16,2,2
202100034006,140Â 973,A01,10,3,2,0,0,-1,-1,4,3,1,2021,79.0,1,4,0,1,1,1,1,,3,,-1,,2,-1,-1,1,(1),(1),1,, -1,1,5,1,-1,16,6,2021,10:21,1,92,92035,2,2,0,6,Pierre Joigneaux ( rue ),48.91119,2.2549,10,2,1
202100022431,161Â 543,B01,1,1,1,5,2,6,-1,-1, -1,-1,2021,22.0,1,1,0,2,3,1,1,,3,NATIONALE (AVENUE) LA NEUVILLETTE,0,,2,2,1,1,14,50,1,, -1,1,0,5,50,26,8,2021,17:40,1,51,51454,2,1,0,3,Avenue Nationale de la Neuvillette,49.28736,4.00725,17,2,2
202100002650,197Â 046,A01,1,1,1,5,2,6,-1,0,0,-1,2021,60.0,1,1,0,2,2,17,1,,4,RUE LA FAYETTE,0,,2,4,0,1,(1),(1),1,, -1,1,0,1,30,16,12,2021,19:55,5,75,75110,2,2,0,3,RUE LA FAYETTE,48.881607,2.365773,19,2,2
202100050112,112Â 165,A01,1,1,1,5,2,6,-1,0,0,-1,2021,65.0,1,1,0,2,2,1,1,,3,703,-1,,2,2,0,2,41,(1),1,, -1,1,0,1,50,27,2,2021,14:45,1,24,24142,2,3,0,1,Route de Saint Georges,44.833566,0.972253,14,4,2
202100054533,104Â 298,A01,1,1,2,1,1,0,-1,-1, -1,-1,2021,25.0,1,2,14,0,9,1,1,,1,A51-Sens Marseille vers Aix en Provence,0,,1,1,0,2,15,0,3,, -1,7,0,1,70,19,1,2021,06:15,3,13,13001,1,1,0,7,A51-Sens Marseille vers Aix en Provence,43.50427,5.41004,6,1,1
202100026547,154Â 244,B01,1,1,1,3,2,-1,-1,0,0,-1,2021,16.0,1,1,0,2,1,1,1,,3,15,-1,,2,2,0,1,8,670,1,,7,1,0,1,50,30,7,2021,11:30,1,44,44067,2,2,0,5,Rue de BeslÃ©,47.631175,-1.836251,11,3,3
202100023745,159Â 173,A01,1,1,1,1,2,6,-1,0,0,-1,2021,52.0,2,1,0,2,7,1,1,,4,PLACE DU CARROUSEL,0,,3,1,0,1,(1),(1),1,, -1,1,2,1,50,17,8,2021,09:15,1,75,75101,2,2,0,3,PLACE DU CARROUSEL,48.860102,2.333321,9,2,2
202100018903,167Â 855,A01,1,1,2,9,2,0,-1,0,0,-1,2021,32.0,3,1,0,2,7,1,5,,4,PLACE DE LA PORTE DE MONTREUIL,0,,1,5,0,1,(1),(1),2,, -1,1,2,1,50,2,7,2021,10:32,1,75,75120,2,7,0,3,PLACE DE LA PORTE DE MONTREUIL,48.854586,2.413438,10,2,2
202100040475,129Â 257,A01,10,3,1,5,0,-1,-1,1,3,1,2021,12.0,3,2,0,1,2,1,1,,4,JARDINS (RUE DES),0,,-1,1,0,1,0,0,1,, -1,2,0,1,50,6,5,2021,18:10,1,57,57368,2,3,1,6,JARDINS (RUE DES),49.33759,6.04003,18,2,1
202100024416,158Â 040,B01,1,1,1,0,2,6,9,0,0,-1,2021,37.0,1,1,0,2,1,1,1,,3,40,0,,2,2,0,1,5,373,3,, -1,1,0,1,80,12,8,2021,06:30,2,85,85130,1,1,0,3,La Petite SigonniÃ¨re,46.76209,-1.67593,6,2,2
202100025713,155Â 722,A01,1,1,1,1,1,0,-1,-1, -1,-1,2021,52.0,2,2,0,2,6,15,1,,3,AV HENRI BARBUSSE,0,,2,2,0,1,0,100,1,, -1,1,5,1,50,3,8,2021,20:55,1,91,91657,2,3,0,3,AV HENRI BARBUSSE,48.70048,2.42096,20,5,2
202100003999,194Â 598,B01,1,1,2,0,0,-1,-1,-1, -1,-1,2021,51.0,1,1,0,2,0,1,-1,,3,FOCH (AVENUE DU MARECHAL),0,,2,0,0,1,23,100,1,, -1,1,0,1,50,8,12,2021,13:45,1,78,78551,2,9,0,6,FOCH (AVENUE DU MARECHAL),48.900372,2.088111,13,2,2
202100038002,133Â 733,A01,1,1,1,5,2,0,-1,-1, -1,-1,2021,18.0,1,1,0,2,7,17,1,,4,FRATERNITÃ (BOULEVARD DE LA),0,,2,2,1,1,(1),(1),1,, -1,1,0,1,50,24,5,2021,16:50,1,44,44184,2,1,0,3,FRATERNITÃ (BOULEVARD DE LA),47.28261,-2.21938,16,2,2
202100041433,127Â 541,B01,1,1,1,0,8,0,-1,-1, -1,-1,2021,31.0,1,1,0,0,4,1,1,,3,ALPHONSE LE GALLO (QUAI) 1/34,0,,3,4,0,1,0,0,1,, -1,1,0,1,50,4,5,2021,20:00,1,92,92012,2,3,0,2,ALPHONSE LE GALLO (QUAI) 1/34,48.83256,2.22755,20,2,2
202100036181,137Â 021,A01,2,2,1,5,1,-1,-1,0,0,-1,2021,22.0,1,2,1,0,1,1,1,,4,,-1,,2,2,0,1,(1),(1),2,,4,1,0,1,50,5,6,2021,21:20,2,65,65059,2,1,0,1,6 Avenue du Groupe Bernard,43.065352,0.155192,21,5,2
202100035406,138Â 433,A01,1,1,1,1,1,-1,-1,0,0,-1,2021,53.0,1,2,3,0,1,1,1,,7,65,-1,,1,1,0,1,4,409,2,, -1,1,2,3,70,10,6,2021,12:25,1,34,34090,1,1,0,7,D65,43.660514,3.929104,12,1,1
202100022033,162Â 248,B01,1,1,1,0,2,6,-1,-1, -1,-1,2021,29.0,2,1,0,2,7,3,1,,1,A7-Sens Marseille vers Lyon,0,,1,2,0,1,278,500,1,, -1,1,0,1,70,27,8,2021,15:32,1,13,13215,1,1,0,3,A7-Sens Marseille vers Lyon,43.33876,5.37686,15,2,2
202100022415,161Â 574,A01,1,1,2,4,1,0,-1,-1, -1,-1,2021,41.0,0,5,0,2,4,1,1,,4,GAMBETTA (RUE),0,,2,2,0,1,(1),(1),1,, -1,1,0,1,50,25,8,2021,12:35,1,71,71486,2,2,0,6,GAMBETTA (RUE),46.64415,4.37052,12,2,2
202100000205,201Â 370,A01,1,1,2,0,1,-1,-1,-1, -1,-1,2021,25.0,1,2,0,2,4,1,1,,4,,-1,,2,2,-1,1,(1),(1),1,, -1,1,9,1,50,23,12,2021,23:00,4,33,33550,2,1,0,2,Rue du Docteur Schweitzer,44.77345,-0.53631,23,2,2
202100008095,187Â 267,B01,2,2,2,5,2,-1,-1,0,0,-1,2021,46.0,2,1,0,2,1,1,1,,3,12,-1,,2,2,0,1,3,580,1,, -1,1,2,1,-1,13,11,2021,17:00,1,30,30123,1,1,0,3,D12,43.724669,4.164843,17,3,2
202100033800,141Â 345,A01,10,3,2,5,0,-1,-1,2,3,1,2021,12.0,2,2,0,1,7,1,1,,4,EDELWEISS (RUE DES),0,,2,1,0,1,0,0,1,, -1,1,0,1,30,17,6,2021,19:55,1,74,74010,2,1,0,6,EDELWEISS (RUE DES),45.9191,6.12811,19,4,1
202100017336,170Â 665,A01,1,1,1,5,2,-1,-1,0,0,-1,2021,15.0,3,1,0,2,1,9,1,,4,,-1,,1,2,0,1,(1),(1),1,,4,1,0,1,30,22,9,2021,15:45,1,22,22162,2,2,0,3,Rue de Goas Plat,48.776069,-3.037419,15,2,2
202100001752,198Â 657,A01,1,1,1,5,2,6,-1,0,0,-1,2021,87.0,3,1,15,0,1,14,1,,4,AVENUE DE LOWENDAL,0,,2,2,1,1,(1),(1),1,, -1,1,9,1,50,22,12,2021,17:20,5,75,75107,2,1,0,6,AVENUE DE LOWENDAL,48.85206,2.30763,17,1,1
202100041005,128Â 323,A01,1,1,2,5,0,-1,-1,0,0,-1,2021,48.0,0,6,0,0,1,0,1,,4,620,0,A,2,2,0,2,10,0,1,, -1,1,0,8,80,7,5,2021,15:27,1,64,64476,1,1,0,7,620 Ozpindegiko Bidea,43.316955,-1.217208,15,1,1
202100037783,134Â 124,A01,1,1,1,5,1,-1,-1,-1, -1,-1,2021,20.0,1,2,4,0,1,1,1,,2,AXE NORD SUD,0,,3,4,0,2,58,400,3,, -1,1,0,1,80,26,5,2021,23:00,3,50,50203,1,1,0,6,AXE NORD SUD,49.6349,-1.5765,23,1,1
202100034839,139Â 437,A01,1,1,1,5,2,6,-1,0,0,-1,2021,45.0,1,1,0,2,1,0,1,,3,763,-1,D,2,2,0,1,13,500,1,, -1,1,0,1,80,12,6,2021,17:51,1,49,49069,1,4,0,4,D763,47.359389,-1.175123,17,3,3
202100042315,125Â 986,B01,1,1,1,1,2,4,-1,-1, -1,-1,2021,28.0,1,1,0,2,1,15,5,,4,LANDES (RUE DES),0,,1,2,1,1,(1),(1),2,, -1,1,5,1,50,27,4,2021,09:10,1,35,35055,2,6,0,3,LANDES (RUE DES),48.09305,-1.61798,9,2,2
202100039752,130Â 526,A01,1,1,1,5,1,-1,-1,0,0,-1,2021,20.0,2,2,0,0,9,1,1,,3,36,-1,D,2,2,0,2,8,200,3,, -1,2,0,1,80,16,5,2021,09:30,1,43,43113,1,9,1,7,D36,44.988052,4.020138,9,1,1
202100050373,111Â 656,A01,1,1,2,9,8,0,-1,-1, -1,-1,2021,33.0,1,2,0,2,1,1,1,,3,QUEUE EN BRIE (RTE DE LA),0,,3,2,0,1,(1),(1),1,, -1,1,0,1,50,24,2,2021,13:40,1,94,94071,2,1,0,2,QUEUE EN BRIE (RTE DE LA),48.7615117618,2.5331864848,13,2,2
202100026359,154Â 580,B01,1,1,1,5,2,-1,-1,0,0,-1,2021,67.0,2,1,0,0,2,21,5,,3,925,-1,,2,2,0,1,5,500,1,, -1,1,0,1,80,29,7,2021,16:30,1,65,65193,1,1,0,7,Route de MaulÃ©oon,42.9868459475,0.5739980937,16,2,2
202100037833,134Â 031,A01,10,3,1,3,0,-1,-1,3,3,1,2021,56.0,1,1,0,1,1,1,1,,4,AVENUE DE VILLIERS,0,,2,2,0,1,(1),(1),1,, -1,1,0,1,50,27,5,2021,20:20,2,75,75117,2,2,0,6,AVENUE DE VILLIERS,48.881945,2.313557,20,2,1
202100029684,148Â 737,A01,9,2,2,5,1,-1,-1,0,0,-1,2021,3.0,2,2,13,2,3,1,1,,3,1006,0,D,2,2,0,4,51,730,3,, -1,2,1,1,70,4,7,2021,11:00,1,73,73171,1,1,1,1,D1006,45.498113,6.043586,11,5,2
202100004558,193Â 628,A01,1,1,2,0,1,0,-1,-1, -1,-1,2021,31.0,2,2,14,0,1,21,1,,4,CARNOT (AVENUE) DU 1-2 AU 43-46,0,,1,1,0,2,1,0,1,, -1,1,0,1,50,5,12,2021,00:00,5,93,93049,2,3,0,6,CARNOT (AVENUE) DU 1-2 AU 43-46,48.86199,2.50215,0,1,1
202100018843,167Â 964,B01,1,1,1,5,2,-1,-1,0,0,-1,2021,69.0,0,1,0,2,1,1,5,,3,17,0,D,2,2,0,2,14,0,1,, -1,1,0,1,50,2,8,2021,11:25,1,49,49218,2,1,0,3,Rue de la Mairie (le Fuilet),47.281079,-1.118952,11,2,2
202100043944,123Â 129,A01,1,1,2,9,1,-1,-1,0,0,-1,2021,73.0,2,2,0,2,1,1,1,,3,930,0,D,2,2,0,1,23,620,1,, -1,1,0,1,80,16,4,2021,13:55,1,60,60365,1,2,0,3,D930,49.597903,2.046289,13,3,2
202100034531,140Â 006,A01,1,1,2,1,1,-1,-1,0,0,-1,2021,27.0,2,2,2,0,3,17,1,,3,915,-1,,2,2,0,1,2,300,1,, -1,1,0,3,80,15,6,2021,08:30,1,60,60363,1,1,1,6,Route dÃ©partementale 915,49.1860034775,1.8923934102,8,1,1
202100034790,139Â 527,B01,2,2,2,5,2,6,-1,0,0,-1,2021,29.0,1,1,0,2,2,1,1,,4,PLACE DE LA CONCORDE,0,,1,6,0,1,(1),(1),2,, -1,1,0,1,50,12,6,2021,16:05,1,75,75108,2,7,0,1,PLACE DE LA CONCORDE,48.86495,2.32033,16,4,2
202100049148,113Â 905,B01,1,1,2,0,8,0,-1,-1, -1,-1,2021,20.0,1,2,0,2,4,23,1,,3,PAUL ET CAMILLE THOMOUX (RUE) COTE IMPAI,0,,3,2,1,1,1,1,1,, -1,1,0,1,50,4,3,2021,23:10,5,93,93050,2,1,0,4,PAUL ET CAMILLE THOMOUX (RUE) COTE IMPAI,48.8648714263,2.5296715835,23,5,4
202100002052,198Â 126,A01,1,1,1,5,8,0,-1,-1, -1,-1,2021,29.0,1,1,0,2,1,1,5,,3,EMILE ZOLA (R),0,,2,8,0,1,0,0,1,, -1,1,2,1,50,19,12,2021,16:40,1,94,94002,2,2,0,3,EMILE ZOLA (R),48.79825,2.42079,16,2,2
202100012754,178Â 922,B01,1,1,1,1,2,-1,-1,0,0,-1,2021,37.0,1,1,0,2,2,13,1,,3,652,0,D,2,2,1,1,1,(1),1,, -1,1,0,1,50,18,10,2021,07:15,5,33,33199,2,3,0,3,76 Route des Lacs,44.63056,-1.110009,7,2,2
202100012766,178Â 902,A01,1,1,1,5,0,-1,-1,0,0,-1,2021,65.0,3,2,17,0,3,0,1,,9,,-1,,2,2,0,2,(1),(1),3,,4,1,0,3,50,12,9,2021,18:39,1,74,74243,2,1,0,7,2 R des Muguets,46.137598,6.079513,18,1,1
202100007596,188Â 161,A01,10,3,1,2,8,8,-1,4,5,1,2021,14.0,1,2,0,1,1,16,1,,4,RIETH (RUE DU),0,,3,3,0,1,0,0,1,, -1,1,0,1,50,10,11,2021,11:20,1,67,67482,2,3,0,6,RIETH (RUE DU),48.60224,7.71995,11,2,1
202100050797,110Â 882,B01,1,1,1,5,2,-1,-1,0,0,-1,2021,24.0,1,1,0,2,4,2,5,,3,922,0,D,2,2,0,3,43,337,2,, -1,1,0,3,80,20,2,2021,13:00,1,95,95594,1,1,0,2,RD 922,49.1254065456,2.3975953962,13,2,2
202100054590,104Â 202,B01,1,1,1,1,2,6,-1,0,0,-1,2021,51.0,3,1,0,2,1,26,1,,4,,0,,2,2,0,1,0,0,1,, -1,1,0,1,70,18,1,2021,06:52,3,47,47031,1,1,1,2,Rocade,44.17396,0.62909,6,2,2
202100035069,139Â 011,B01,1,1,2,9,8,0,-1,0,0,-1,2021,17.0,1,1,14,2,1,1,3,,4,AVENUE DE FRIEDLAND,0,,2,2,0,2,(1),(1),1,, -1,1,0,1,50,11,6,2021,10:25,1,75,75108,2,1,0,3,AVENUE DE FRIEDLAND,48.874651,2.304405,10,2,2
202100003960,194Â 668,A01,1,1,1,0,1,8,-1,-1, -1,-1,2021,21.0,3,2,1,0,1,13,1,,4,UNIVERSITE CHICAGO (RUE DE),0,,1,1,0,1,(1),(1),3,, -1,1,9,1,50,8,12,2021,13:55,1,973,97302,2,1,0,4,UNIVERSITE CHICAGO (RUE DE),4.9343419926,-52.2989493013,13,4,4
202100004289,194Â 091,Z01,10,3,2,1,0,-1,-1,3,3,1,2021,42.0,2,1,0,1,0,1,3,,4,AVENUE DES TERNES,0,,2,2,0,1,(1),(1),1,, -1,1,0,1,50,7,12,2021,09:15,1,75,75117,2,3,0,6,AVENUE DES TERNES,48.879003,2.292813,9,2,1
202100005994,191Â 083,B01,1,1,1,9,2,0,-1,0,0,-1,2021,28.0,1,1,1,2,1,18,1,,4,RUE DE JAVEL,0,,1,1,0,1,(1),(1),1,, -1,2,0,1,30,27,11,2021,14:30,1,75,75115,2,1,1,3,RUE DE JAVEL,48.844941,2.283478,14,2,2
202100048540,114Â 987,A01,2,2,1,5,1,0,-1,-1, -1,-1,2021,23.0,1,2,8,0,5,13,1,,3,ROMAINS (RUE DES),0,,2,2,0,1,3,700,3,, -1,1,0,4,50,8,3,2021,00:14,5,57,57221,2,1,0,6,ROMAINS (RUE DES),49.3325,6.13517,0,3,1
202100048504,115Â 060,B01,1,1,2,5,1,-1,-1,-1, -1,-1,2021,48.0,2,2,0,2,4,23,1,,4,MARCEL SEMBAT                       (BD),0,,-1,2,0,1,(1),(1),1,, -1,1,0,1,30,10,3,2021,15:30,1,69,69259,2,3,0,2,PIERRE SEMARD (AV),45.7120080336,4.8747754097,15,2,2
202100016181,172Â 715,B01,1,1,1,0,2,6,-1,0,0,-1,2021,47.0,3,1,0,2,8,1,1,,4,BELLE-ISLE (I12 A H15,0,,3,2,0,1,(1),(1),1,, -1,1,0,1,50,27,9,2021,15:05,1,34,34003,2,1,0,3,BELLE-ISLE (I12 A H15,43.28489,3.50249,15,2,2
202100008584,186Â 390,B01,1,1,1,1,1,-1,-1,-1,0,-1,2021,37.0,2,2,0,2,4,2,1,,2,RN 184,0,,3,4,0,1,4,400,1,, -1,1,0,1,90,10,11,2021,16:45,1,95,95572,1,1,0,4,RN 184,49.039843,2.126717,16,4,4
202100044095,122Â 856,B01,1,1,1,5,6,-1,-1,0,0,-1,2021,74.0,3,0,0,2,3,1,3,,4,205,0,,2,2,0,1,(1),(1),1,, -1,1,0,1,80,15,4,2021,11:00,1,95,95690,1,1,0,1,RUE CALVIN,49.088556683,1.8126802576,11,3,2
202100020502,164Â 987,B01,5,2,1,5,1,-1,-1,-1, -1,-1,2021,39.0,3,2,0,4,7,1,1,,4,ROGER SALENGRO                      (R ),0,,4,3,0,1,(1),(1),1,,"11,6",1,4,6,50,6,9,2021,18:15,1,69,69256,2,8,1,5,ROGER SALENGRO (R),45.76285,4.92935,18,5,3
202100043973,123Â 079,A01,1,1,1,0,2,6,9,0,0,-1,2021,64.0,1,1,0,2,1,2,1,,3,4,0,D,3,2,0,1,6,472,1,, -1,1,0,1,50,16,4,2021,11:00,1,6,6018,1,1,0,7,2815 Route de Valbonne,43.634219,7.075313,11,1,1
202100037979,133Â 773,A01,10,3,2,5,0,-1,-1,3,3,1,2021,45.0,3,2,0,1,1,1,1,,4,AVE CHARLES NICOLLE,0,,2,0,0,1,(1),(1),1,, -1,1,0,1,50,27,5,2021,15:50,1,76,76217,2,1,0,6,AVE CHARLES NICOLLE,49.92834,1.10377,15,2,1
202100033734,141Â 467,A01,1,1,2,9,1,-1,-1,0,0,-1,2021,81.0,2,2,14,0,3,1,1,,5,9,0,A,1,1,0,1,191,100,1,, -1,1,0,1,50,10,6,2021,08:15,1,30,30326,1,9,0,6,Aire de Tavel-Sud (Embranchement d'autoroute),43.998588,4.698243,8,1,1
202100038047,133Â 653,A01,1,1,1,5,0,0,-1,0,0,-1,2021,12.0,1,1,0,2,5,19,5,,3,FOCH (AV),0,,2,1,0,1,1,0,1,, -1,2,0,1,30,26,5,2021,15:20,1,94,94068,2,1,1,3,Avenue Foch,48.80188,2.49336,15,2,2
202100017393,170Â 544,A01,2,2,2,5,1,8,-1,-1, -1,-1,2021,17.0,2,2,16,0,1,12,1,,1,A104,0,,-1,2,0,1,20,800,1,, -1,1,0,3,90,24,9,2021,23:10,3,77,77517,1,1,0,6,A104,48.897619,2.659721,23,2,1
202100051660,109Â 351,B01,1,1,1,1,2,0,-1,-1, -1,-1,2021,29.0,2,1,0,0,3,21,1,,4,JOFFRE (BD MARECHAL),0,,2,2,0,1,0,0,1,, -1,1,0,1,50,12,2,2021,07:15,1,83,83137,2,3,0,3,JOFFRE (BD MARECHAL),43.12365,5.94925,7,2,2
202100041036,128Â 264,A01,1,1,2,0,1,4,-1,-1, -1,-1,2021,48.0,2,2,0,2,4,1,1,,1,A50-Sens Aubagne vers Marseille,0,,-1,3,0,1,11,0,1,, -1,1,0,1,90,6,5,2021,09:20,1,13,13005,1,1,0,2,A50-Sens Aubagne vers Marseille,43.285,5.5248,9,2,2
202100016385,172Â 345,A01,1,1,1,0,2,8,-1,-1, -1,-1,2021,37.0,1,1,0,2,2,17,1,,3,9,0,,2,2,0,1,0,0,1,, -1,1,0,1,50,23,9,2021,17:45,1,92,92036,2,3,0,3,ALEXANDRE (RUE),48.9226,2.32051,17,2,2
202100011307,181Â 529,B01,2,2,2,5,2,6,9,0,0,-1,2021,52.0,3,1,0,2,1,1,1,,3,570,0,D,2,2,3,1,(1),(1),1,, -1,1,5,1,80,24,10,2021,14:15,1,13,13004,1,4,0,3,"d570, d37",43.608387,4.47769,14,3,2
202100013158,178Â 228,A01,1,1,1,0,1,-1,-1,0,0,-1,2021,62.0,2,2,9,0,1,1,1,,3,911,0,F,2,2,0,1,1,75,1,, -1,1,0,4,30,15,10,2021,19:45,2,47,47106,2,1,0,6,Avenue Gambetta,44.497837,0.98502,19,1,1
202100001902,198Â 396,A01,1,1,1,1,2,0,-1,0,0,-1,2021,30.0,1,1,0,2,4,7,1,,4,RUE DE VAUGIRARD,0,,2,4,3,1,(1),(1),1,, -1,1,-1,6,30,21,12,2021,15:30,1,75,75115,2,2,0,3,RUE DE VAUGIRARD,48.840403,2.304258,15,2,2
202100054001,105Â 223,B01,1,1,1,5,2,6,-1,0,0,-1,2021,51.0,1,1,0,2,3,1,0,,3,38,0,,2,2,0,2,10,(1),4,, -1,1,0,1,70,24,1,2021,13:30,1,83,83133,1,1,0,3,RD.38 - PK10,43.5960987169,6.8582582474,13,3,2
202100016591,171Â 977,A01,1,1,1,5,2,-1,-1,0,0,-1,2021,35.0,1,1,13,0,2,1,1,,3,,0,,2,2,0,1,5,50,3,,6,1,5,3,70,25,8,2021,01:25,3,29,29230,1,1,0,6,Lieu Dit le Moustoir,47.9502638074,-3.52020326,1,1,1
202100006543,190Â 101,A01,1,1,2,1,1,-1,-1,0,0,-1,2021,21.0,1,2,1,0,7,14,1,,4,,-1,,2,2,-1,1,(1),(1),1,, -1,1,0,3,50,22,7,2021,09:04,1,65,65440,2,1,0,6,8 Av Aristide Briand,43.227797,0.069299,9,1,1
202100007967,187Â 488,A01,10,3,2,5,0,-1,-1,5,1,1,2021,72.0,2,1,0,1,1,1,3,,4,ST MAURICE                          (R ),0,,-1,1,0,1,(1),(1),1,, -1,1,0,4,50,15,11,2021,16:50,2,69,69388,2,1,0,6,ST MAURICE (R),45.74345,4.86788,16,2,1
202100005880,191Â 279,B01,1,1,1,4,8,-1,-1,-1, -1,-1,2021,51.0,2,2,0,2,4,23,1,,4,HERBOUVILLE (D')                    (CO),0,,1,2,3,1,(1),(1),1,, -1,2,0,1,50,25,11,2021,11:20,1,69,69384,2,1,1,5,HERBOUVILLE (D') (CR),45.775033949,4.8389786482,11,3,3
202100028379,150Â 980,B01,1,1,1,5,2,-1,-1,0,0,-1,2021,44.0,2,1,0,2,7,1,1,,3,79,-1,,2,2,0,1,33,750,3,, -1,1,0,1,50,18,7,2021,17:35,1,31,31451,2,1,0,3,Boulevard de la RÃ©publique,43.459951,2.002988,17,2,2