Num_Acc,id_vehicule,num_veh,place,catu,sexe,trajet,secu1,secu2,secu3,locp,actp,etatp,year_acc,victim_age,senc,catv,obs,obsm,choc,manv,motor,occutc,catr,voie,v1,v2,circ,nbv,vosp,prof,pr,pr1,plan,lartpc,larrout,surf,infra,situ,vma,jour,mois,an,hrmn,lum,dep,com,agg_,int,atm,col,adr,lat,long,hour,nb_victim,nb_vehicules
202100009087,185Â 464,A01,1,1,1,5,1,0,-1,-1, -1,-1,2021,19.0,2,2,12,0,7,1,1,,7,HAUTEVALLE (ROUTE),0,,2,2,1,1,(1),(1),2,, -1,1,0,1,50,6,11,2021,06:20,3,59,59352,2,1,0,6,HAUTEVALLE (ROUTE),50.73799,3.08812,6,1,1
202100036772,135Â 975,B01,1,1,1,1,1,5,-1,-1, -1,-1,2021,50.0,1,2,0,2,2,1,1,,3,LEGRAND (RUE EDOUARD),0,,2,2,0,2,4,100,1,, -1,1,5,1,50,1,6,2021,14:45,1,78,78138,2,2,0,3,LEGRAND (RUE EDOUARD),48.9752,2.0317,14,3,2
202100037146,135Â 289,A01,1,1,1,0,2,0,-1,-1, -1,-1,2021,33.0,1,1,0,2,1,3,1,,1,86,0,,3,2,0,1,7,99,1,, -1,1,0,1,90,1,6,2021,17:30,1,92,92036,1,1,1,2,A86,48.933523869,2.2754620724,17,4,2
202100040342,129Â 494,B01,1,1,1,2,8,-1,-1,-1, -1,-1,2021,38.0,1,1,0,2,0,17,5,,4,SOLFERINO (BD),0,,2,2,0,1,(1),(1),1,, -1,1,0,1,50,11,5,2021,18:45,1,35,35238,2,3,0,3,SOLFERINO (BD),48.10448,-1.66864,18,3,2
202100011586,181Â 017,B01,1,1,1,4,8,0,-1,-1, -1,-1,2021,30.0,1,0,0,2,2,26,3,,4,COUBERTIN BOULEVARD,0,,2,2,0,1,1,0,1,, -1,1,0,1,50,22,10,2021,18:20,1,49,49007,2,1,0,3,COUBERTIN BOULEVARD,47.46737,-0.5299,18,2,2
202100039312,131Â 330,A01,10,3,2,5,8,8,-1,2,3,2,2021,7.0,2,1,0,1,3,26,1,,3,,0,,2,2,0,2,23,35,1,, -1,1,0,1,50,19,5,2021,18:10,1,6,6069,2,1,0,6,Avenue Pierre SÃ©mard,43.654685,6.921992,18,2,1
202100053564,105Â 975,A01,10,3,1,0,0,-1,-1,4,3,2,2021,74.0,3,2,0,1,3,15,1,,4,,0,,3,2,0,1,(1),(1),1,, -1,1,0,1,50,26,1,2021,08:55,1,69,69286,2,2,0,6,EUROPE (DE L') (AV),45.81585,4.89872,8,2,1
202100044077,122Â 889,B01,1,1,2,9,1,-1,-1,0,0,-1,2021,53.0,0,2,0,2,3,1,1,,4,0,0, -,3,2,0,2,0,0,3,, -1,1,0,1,50,15,4,2021,08:44,1,91,91553,2,1,0,4,Route de Saint Germain,48.626613,2.496118,8,3,3
202100032624,143Â 448,A01,1,1,1,1,2,0,-1,-1, -1,-1,2021,31.0,1,1,0,2,7,2,1,,1,AUTOROUTE A3,0,,3,10,0,1,7,0,1,, -1,1,0,1,70,23,6,2021,19:30,1,93,93053,1,1,0,3,AUTOROUTE A3,48.89752,2.46977,19,2,2
202100043789,123Â 410,A01,1,1,1,1,2,6,-1,0,0,-1,2021,21.0,2,1,0,2,3,3,1,,4,PORTE DE MONTREUIL,0,,3,4,0,1,30,500,1,, -1,1,0,1,70,14,4,2021,17:45,1,75,75120,2,1,0,3,PORTE DE MONTREUIL,48.859033,2.41411,17,2,2
202100039163,131Â 621,B01,1,1,1,1,2,8,-1,-1, -1,-1,2021,21.0,1,1,0,2,7,16,1,,3,913,0,,3,5,0,1,0,0,1,, -1,2,0,1,50,14,5,2021,17:30,1,92,92063,2,3,0,3,BONAPARTE (AVENUE NAPOLEON) SUD,48.8773961092,2.1734851599,17,2,2
202100010497,182Â 957,B01,1,1,2,0,1,-1,-1,-1, -1,-1,2021,39.0,0,2,0,2,7,16,1,,3,RD 54B,0,,1,2,0,1,12,93,2,, -1,1,9,1,80,28,10,2021,15:40,1,76,76026,1,6,0,3,RD 54B,49.87597,1.11733,15,2,2
202100018253,168Â 988,A01,2,2,2,5,1,-1,-1,0,0,-1,2021,20.0,1,2,3,2,1,13,1,,3,117,-1,,2,2,0,1,99,878,3,, -1,1,0,1,80,19,9,2021,15:48,1,9,9235,1,1,0,1,CD 117,43.036042,0.997751,15,4,2
202100022129,162Â 076,B01,2,2,1,0,1,0,-1,-1, -1,-1,2021,30.0,1,1,0,2,0,1,1,,3,BOULEVARD DE LA DEFENSE,0,,1,2,0,1,0,0,1,, -1,1,0,1,50,28,8,2021,21:30,5,92,92050,2,2,0,3,BOULEVARD DE LA DEFENSE,48.8972431612,2.2243183851,21,3,2
202100018355,168Â 815,A01,10,3,1,0,8,8,-1,5,1,1,2021,75.0,3,1,0,1,1,2,0,,4,DOUZILLIERE (RUE DE LA),0,,2,2,2,1,(1),(1),1,, -1,1,0,5,50,17,9,2021,11:30,1,37,37122,2,1,0,6,DOUZILLIERE (RUE DE LA),47.3368878479,0.6532309439,11,2,1
202100053787,105Â 605,A01,1,1,2,1,1,-1,-1,0,0,-1,2021,57.0,1,2,14,0,1,1,1,,3,473,0,,2,2,0,2,15,700,1,, -1,5,0,1,80,15,1,2021,07:22,3,68,68049,1,1,1,6,RD473,47.501698,7.327503,7,1,1
202100002740,196Â 870,Z01,10,3,2,5,0,-1,-1,3,3,1,2021,15.0,1,2,0,1,1,26,0,,3,VAILLANT COUTURIER (RUE PAUL),0,,2,2,0,1,0,250,1,, -1,1,0,1,50,15,12,2021,17:25,1,95,95018,2,1,0,6,Avenue Gabriel Peri,48.9441606298,2.2510385513,17,2,1
202100020573,164Â 859,Z01,10,3,2,1,8,8,-1,4,3,1,2021,54.0,1,1,0,1,7,1,3,,4,RUE DE RIVOLI,0,,1,2,0,1,(1),(1),1,, -1,1,0,1,30,6,9,2021,12:00,1,75,75104,2,3,0,6,RUE DE RIVOLI,48.85572,2.358981,12,2,1
202100049497,113Â 279,A01,1,1,1,1,8,0,-1,-1, -1,-1,2021,22.0,3,1,0,4,1,26,3,,4,VIGNAT (RUE EUGENE),0,,2,2,2,1,(1),(1),1,, -1,1,5,1,50,1,3,2021,08:05,1,45,45234,2,6,0,3,Rue Eugene Vignat,47.905849403,1.9097245485,8,2,2
202100053364,106Â 333,B01,1,1,1,5,2,6,-1,-1, -1,-1,2021,43.0,1,1,0,2,4,0,1,,3,BRIAND ( AV.  ARISTIDE) 93 A 175,0,,1,3,0,1,0,1,1,, -1,2,0,1,50,28,1,2021,19:40,5,93,93057,2,1,1,1,BRIAND ( AV.  ARISTIDE) 93 A 175,48.9094085797,2.5039337333,19,2,2
202100036231,136Â 923,A01,10,3,1,2,0,-1,-1,3,3,1,2021,9.0,1,2,0,1,5,1,1,,4,ANNEXION (RUE DE L'),0,,2,2,0,1,0,0,1,, -1,1,0,1,50,4,6,2021,17:55,1,74,74012,2,1,0,6,ANNEXION (RUE DE L'),46.18593,6.23934,17,2,1
202100052770,107Â 403,B01,1,1,2,3,1,0,-1,-1, -1,-1,2021,57.0,1,2,0,2,1,1,1,,7,75,0,,2,2,0,1,7,100,4,, -1,2,0,1,50,28,1,2021,11:06,1,44,44114,2,1,1,1,75,47.26706,-1.62217,11,2,2
202100008980,185Â 664,A01,10,3,2,5,0,-1,-1,3,3,1,2021,91.0,3,2,0,1,1,19,4,,3,128,0,,-1,2,0,1,0,0,1,, -1,1,0,1,50,7,11,2021,17:50,5,92,92007,2,1,0,6,RAVERA (AVENUE HENRI) NÂ° 1 A 109 ET 2 A,48.7980748783,2.3033201694,17,2,1
202100019929,166Â 009,A01,10,3,2,5,0,-1,-1,1,3,1,2021,42.0,1,1,0,1,2,1,5,,4,63,0,,-1,2,0,1,0,0,1,, -1,1,0,1,50,8,9,2021,19:10,1,92,92049,2,1,0,6,REPUBLIQUE AVENUE DE LA NÂ°92 A FIN,48.813429023,2.3164626052,19,2,1
202100023863,158Â 971,B01,1,1,2,5,1,-1,-1,-1, -1,-1,2021,24.0,0,2,0,2,8,1,1,,4,GERANIUMS (DES),0,,2,2,0,1,0,0,1,, -1,1,0,1,50,13,8,2021,14:30,1,76,76351,2,2,0,3,GERANIUMS (DES),49.50537,0.16335,14,2,2
202100042030,126Â 496,B01,1,1,1,1,2,4,-1,-1, -1,-1,2021,31.0,2,1,0,2,1,1,0,,4,ROUTE DE RENNES,0,,2,5,2,2,(1),(1),1,, -1,1,0,1,50,29,4,2021,08:34,1,44,44109,2,3,0,1,ROUTE DE RENNES,47.25034,-1.5768,8,2,2
202100006694,189Â 815,A01,1,1,2,5,2,8,-1,-1, -1,-1,2021,50.0,1,1,0,2,7,1,1,,7,RUE AURELIENNE,0,,2,2,0,1,0,0,1,, -1,1,0,1,50,23,11,2021,18:30,5,13,13103,2,9,0,3,RUE AURELIENNE,43.63,5.08,18,1,1
202100044154,122Â 748,B01,1,1,1,0,2,8,-1,-1, -1,-1,2021,52.0,0,1,0,2,2,3,1,,4,EMILE ZOLA (RUE),0,,2,2,0,1,0,0,1,, -1,1,0,1,50,13,4,2021,09:40,1,13,13209,2,1,0,3,EMILE ZOLA (RUE),43.247,5.399,9,2,2
202100030547,147Â 155,B01,1,1,2,0,1,0,-1,-1, -1,-1,2021,44.0,2,2,0,2,4,23,1,,4,LEON BLUM,0,,2,2,2,1,0,0,1,, -1,1,0,1,50,5,7,2021,07:43,1,64,64445,2,3,1,2,LEON BLUM,43.31433,-0.33323,7,2,2
202100048762,114Â 605,A01,1,1,2,0,1,0,-1,-1, -1,-1,2021,35.0,2,2,0,2,2,1,1,,1,AUTOROUTE A10,0,,-1,2,0,1,4,0,1,, -1,1,0,1,90,9,3,2021,17:25,1,91,91377,1,1,0,3,AUTOROUTE A10,48.71684,2.29144,17,2,2
202100051639,109Â 386,B01,1,1,2,0,1,0,-1,-1, -1,-1,2021,53.0,1,2,0,2,2,1,1,,1,AUTOROUTE A3,0,,3,8,0,1,7,699,1,, -1,1,0,1,90,12,2,2021,19:30,3,93,93010,1,1,0,3,AUTOROUTE A3,48.90391,2.4715,19,2,2
202100011503,181Â 161,A01,1,1,1,5,2,6,9,0,0,-1,2021,27.0,1,1,7,0,3,1,1,,3,812,0,D,2,2,0,1,33,0,3,, -1,1,0,8,-1,24,10,2021,17:15,1,35,35253,1,1,0,6,PK 33,48.257749,-1.414114,17,1,1
202100043356,124Â 168,A01,1,1,1,4,2,0,-1,-1, -1,-1,2021,32.0,2,1,0,9,1,9,1,,3,R RASPAIL ,0,,1,2,3,1,1,0,3,, -1,1,0,1,50,19,4,2021,20:15,1,94,94041,2,1,0,3,Rue Raspail,48.809391,2.389594,20,2,2
202100009935,183Â 935,A01,1,1,1,0,1,0,-1,-1, -1,-1,2021,70.0,1,2,0,2,3,9,0,,3,ARISTIDE BRIAND (AVENUE) COTE DES NÂ°1A87,0,,1,2,0,1,0,1,2,, -1,1,0,1,50,1,11,2021,13:58,1,93,93072,2,6,0,3,GAMBETTA (AVENUE),48.9629740804,2.3772784951,13,2,2
202100017291,170Â 744,A01,1,1,2,5,2,-1,-1,0,0,-1,2021,28.0,3,1,0,2,1,13,1,,2,101,-1,,2,2,0,1,(1),(1),3,, -1,1,0,1,40,23,9,2021,19:00,5,987,98714,1,1,0,3,Matira,-16.535517,-151.746495,19,2,2
202100047553,116Â 767,A01,1,1,1,5,2,6,-1,0,0,-1,2021,37.0,1,1,6,0,0,1,1,,3,900,-1,,2,2,0,2,58,88,1,, -1,1,0,1,80,19,3,2021,14:45,1,4,4033,1,1,0,6,RD 900,44.448221,6.37096,14,1,1
202100035384,138Â 464,B01,1,1,1,5,2,-1,-1,0,0,-1,2021,31.0,2,1,0,2,1,1,1,,3,15,-1,,2,2,0,2,9,300,3,, -1,1,0,1,70,10,6,2021,11:15,1,43,43218,1,1,0,2,La Paravent,45.035269,4.0334,11,3,2
202100038379,133Â 038,A01,1,1,2,1,2,6,-1,0,0,-1,2021,31.0,1,1,0,2,1,2,1,,4,LE DEAN AIME JEAN RUE,0,,2,2,0,3,(1),(1),1,, -1,1,0,1,50,25,5,2021,08:06,1,29,29232,2,1,0,2,Rue le Dean,47.99276,-4.09178,8,2,2
202100024034,158Â 684,B01,1,1,1,5,0,0,-1,-1, -1,-1,2021,19.0,2,1,0,2,8,19,5,,3,AV VICTOR HUGO,0,,1,2,0,1,1,0,1,, -1,1,0,1,50,15,8,2021,20:50,2,94,94022,2,3,0,3,Rue Pompadour,48.7688,2.42254,20,2,2
202100020070,165Â 751,A01,10,3,1,0,0,-1,-1,2,3,1,2021,52.0,2,2,0,1,3,1,1,,4,NATIONALE (RUE),0,,1,1,0,1,(1),(1),1,, -1,1,0,1,30,8,9,2021,12:15,1,59,59599,2,1,0,6,NATIONALE (RUE),50.724,3.1582,12,2,1
202100054694,104Â 023,A01,10,3,2,0,0,-1,-1,4,3,1,2021,60.0,1,2,0,1,1,16,1,,3,PASTEUR (BD),0,,2,2,0,1,1,0,3,, -1,2,0,1,20,17,1,2021,12:25,1,94,94034,2,1,1,6,PASTEUR (BD),48.7572,2.32624,12,2,1
202100056322,101Â 222,A01,1,1,2,5,1,8,-1,-1, -1,-1,2021,22.0,1,2,4,0,1,1,1,,1,A86.INT,0,,3,2,0,1,29,0,1,, -1,1,0,1,90,4,1,2021,21:50,3,93,93064,1,1,0,5,A86.INT,48.862957797,2.4828028678,21,4,3
202100002643,197Â 056,B01,1,1,1,1,2,0,-1,0,0,-1,2021,38.0,1,1,0,2,1,1,3,,4,RUE DOUDEAUVILLE,0,,1,1,0,1,(1),(1),1,, -1,1,0,1,30,16,12,2021,06:40,5,75,75118,2,1,0,2,RUE DOUDEAUVILLE,48.888766,2.356739,6,2,2
202100025357,156Â 333,A01,1,1,2,1,8,-1,-1,0,0,-1,2021,30.0,3,2,13,0,1,0,1,,3,237,-1,,2,2,0,2,(1),(1),2,, -1,1,9,1,90,7,8,2021,01:45,3,202,202346,1,1,0,6,lieu dit san giabico,42.496055,9.447856,1,1,1
202100041258,127Â 850,A01,10,3,2,5,0,-1,-1,3,3,1,2021,87.0,2,2,0,1,3,15,1,,4,LABUSSIERE (AVENUE EMILE),0,,2,2,0,1,0,0,1,, -1,1,0,1,50,4,5,2021,15:00,1,87,87085,2,3,0,6,GUTEMBERG (RUE),45.84122,1.25645,15,2,1
202100056128,101Â 555,A01,1,1,2,1,1,0,-1,-1,0,-1,2021,26.0,2,2,8,0,1,14,1,,1,15,0,,1,1,0,1,14,699,1,, -1,2,0,1,70,4,1,2021,09:40,2,95,95424,1,1,1,6, A15,48.99388,2.18445,9,1,1
202100004611,193Â 532,B01,1,1,2,5,1,0,-1,-1, -1,-1,2021,57.0,1,2,0,0,0,0,1,,1,A50-Sens Marseille vers Aubagne,0,,1,2,0,2,13,399,3,, -1,2,0,1,90,4,12,2021,20:55,3,13,13005,1,1,0,4,A50-Sens Marseille vers Aubagne,43.2899907187,5.5553269386,20,6,5
202100032974,142Â 817,A01,1,1,1,1,2,6,-1,0,0,-1,2021,48.0,1,1,16,0,0,1,1,,3,902,0,,2,2,0,1,16,970,2,, -1,1,0,3,70,23,6,2021,13:10,1,4,4019,1,1,0,7,RD 902 - av Emile Aubert,44.379898,6.629015,13,1,1
202100031790,144Â 934,A01,1,1,1,5,0,-1,-1,0,0,-1,2021,49.0,0,1,15,0,1,1,1,,4,rue ampÃ¨re,-1,,-1,-1,0,1,(1),(1),1,,3,1,0,1,50,11,6,2021,20:30,1,77,77377,1,9,0,6,zone industrielle des presles,48.728265,2.727076,20,1,1
202100032036,144Â 485,A01,1,1,1,9,1,-1,-1,0,0,-1,2021,30.0,1,2,2,0,2,0,1,,3,D37,0,D,2,2,0,2,20,930,1,, -1,1,0,3,50,27,6,2021,23:44,5,30,30227,2,1,0,6,D37,44.2543,4.202169,23,1,1
202100007100,189Â 077,A01,1,1,1,5,0,-1,-1,0,0,-1,2021,36.0,2,2,2,0,1,1,1,,4,,-1,D,2,2,0,1,(1),(1),1,, -1,1,0,3,80,16,11,2021,22:38,3,33,33449,1,1,0,6,Avenue du Temple ,44.894978,-0.800071,22,1,1
202100028834,150Â 185,B01,4,2,2,0,1,0,-1,-1, -1,-1,2021,7.0,2,2,0,2,4,1,1,,1,ECHANGEUR ST MARTIN ( A624-RD 901),0,,3,6,0,1,1,870,3,, -1,1,0,1,90,15,7,2021,14:05,1,31,31555,1,1,0,2,ECHANGEUR ST MARTIN ( A624-RD 901),43.61166,1.38097,14,5,2
202100015232,174Â 476,A01,2,2,2,1,1,0,-1,0,0,-1,2021,22.0,2,2,0,2,2,1,1,,4,RUE MORNAY,0,,1,1,0,1,(1),(1),1,, -1,1,0,1,30,4,10,2021,08:55,1,75,75104,2,2,0,3,RUE MORNAY,48.849515,2.365643,8,3,2
202100007255,188Â 788,B01,1,1,1,1,2,6,-1,-1, -1,-1,2021,27.0,1,1,0,2,8,1,1,,7,RN 60,0,,3,4,0,1,98,650,1,, -1,1,0,1,70,18,11,2021,07:40,2,45,45302,1,1,0,3,D2060-PR90+650,47.94531,1.89732,7,2,2
202100041130,128Â 090,B01,1,1,1,1,2,6,-1,-1, -1,-1,2021,16.0,1,1,1,2,1,21,1,,3,LYON (ROUTE DE),0,,3,2,0,1,19,0,1,, -1,2,0,1,50,6,5,2021,08:25,1,3,3190,2,1,1,5,LYON (ROUTE DE),46.54011,3.3446,8,3,3
202100047852,116Â 224,A01,9,2,1,5,1,-1,-1,0,0,-1,2021,48.0,2,2,10,0,2,6,1,,3,948,0,,2,2,0,1,3,234,3,, -1,2,0,1,70,17,3,2021,00:15,3,79,79150,1,6,1,6,,46.13753,0.175921,0,3,1
202100038368,133Â 055,A01,1,1,1,1,2,6,-1,-1, -1,-1,2021,57.0,3,1,0,2,3,2,1,,4,BREILLOU (RUE DU),0,,2,2,0,2,(1),(1),1,, -1,1,0,1,50,25,5,2021,08:30,1,35,35055,2,1,0,3,BREILLOU (RUE DU),48.09803,-1.62081,8,3,2
202100035249,138Â 693,B01,1,1,1,0,2,0,-1,0,0,-1,2021,30.0,1,1,0,2,1,26,1,,4,JAURES (BD JEAN),0,,1,3,2,1,(1),(1),1,, -1,1,0,1,50,10,6,2021,09:18,1,63,63113,2,1,0,2,JAURES (BD JEAN),45.76784,3.08191,9,2,2
202100024173,158Â 453,A01,1,1,2,5,1,-1,-1,0,0,-1,2021,83.0,0,2,0,0,0,1,1,,3,764,0,D,2,2,0,1,6,214,1,, -1,1,0,3,90,13,8,2021,11:20,1,41,41145,1,1,0,7,Route de Sambin,47.458062,1.295089,11,2,2
202100032048,144Â 468,A01,1,1,1,5,2,6,-1,0,0,-1,2021,18.0,3,1,0,0,9,1,1,,9,,-1,,2,1,0,2,(1),(1),1,,3,1,0,1,-1,27,6,2021,04:30,2,68,68294,2,1,0,7,Chemin du kiosque,48.262941,7.222459,4,1,1
202100035264,138Â 667,A01,1,1,1,0,2,0,-1,-1, -1,-1,2021,29.0,2,1,0,2,1,1,1,,4,JAURES (RUE JEAN),0,,2,2,0,1,(1),(1),1,, -1,1,0,1,50,9,6,2021,13:29,1,37,37233,2,2,0,6,JAURES (RUE JEAN),47.3899750814,0.7259827852,13,2,2
202100018068,169Â 337,A01,2,2,1,5,1,-1,-1,0,0,-1,2021,27.0,1,2,16,0,1,1,1,,3,6,-1,,2,2,0,1,49,245,1,, -1,1,0,3,-1,15,9,2021,05:15,3,33,33214,1,1,0,7,contournement du moutchic,45.007584,-1.132134,5,2,1
202100039777,130Â 487,A01,1,1,1,5,2,6,9,0,0,-1,2021,62.0,0,1,12,0,0,26,1,,2,N2,0,,2,2,0,1,10,400,3,, -1,1,0,4,30,16,5,2021,14:45,1,60,60446,1,6,0,7,route nationale 2,49.147215,2.81147,14,1,1
202100038173,133Â 415,A01,10,3,1,5,0,-1,-1,4,3,1,2021,67.0,3,1,0,1,1,16,1,,4,LECLERC (AV. DU MAL),0,,1,2,0,1,(1),(1),1,, -1,1,0,1,50,5,5,2021,08:45,1,62,62427,2,1,0,6,LECLERC (AV. DU MAL),50.423045,2.937721,8,2,1
202100015847,173Â 348,A01,1,1,1,5,2,0,-1,-1, -1,-1,2021,36.0,2,1,0,2,4,2,1,,1,AUTOROUTE A1,0,,3,6,0,1,182,586,1,, -1,1,0,1,130,30,9,2021,08:05,1,62,62427,1,1,0,2,AUTOROUTE A1,50.397456,2.982774,8,2,2
202100010409,183Â 111,A01,2,2,2,5,2,6,-1,0,0,-1,2021,15.0,1,1,0,0,9,21,1,,3,975,-1,,2,3,0,1,17,610,1,, -1,1,0,1,50,29,10,2021,17:40,1,1,1266,2,2,0,7,Route de Bourg,46.3361060524,5.1291641593,17,4,2
202100026213,154Â 844,A01,1,1,1,5,1,-1,-1,0,0,-1,2021,20.0,1,2,2,0,9,17,1,,3,997,-1,,2,2,0,1,26,53,1,, -1,9,0,1,-1,1,8,2021,00:15,3,23,23255,1,1,0,7,D997,46.227806,2.238405,0,2,1
202100040684,128Â 902,A01,2,2,1,5,0,-1,-1,0,0,-1,2021,5.0,3,1,13,0,0,26,1,,4,rue,-1,,2,2,0,2,(1),(1),1,, -1,1,0,3,50,9,5,2021,17:30,1,67,67388,2,1,0,7,17 Rue de la Vallee Nehwiller,48.965608,7.701438,17,2,1
202100054107,105Â 032,B01,2,2,1,9,2,0,-1,-1, -1,-1,2021,15.0,2,1,0,2,3,1,1,,3,AV DE LA REPUBLIQUE,0,,2,2,0,1,1,0,1,, -1,1,0,8,50,22,1,2021,18:10,2,94,94046,2,4,0,3,REPUBLIQUE (AV DE LA),48.8,2.44,18,3,2
202100044339,122Â 413,A01,2,2,2,5,8,-1,-1,0,0,-1,2021,38.0,3,2,16,0,9,26,1,,5,17,-1,,2,2,0,2,(1),(1),2,, -1,2,0,1,50,13,4,2021,02:15,3,988,98831,2,1,1,7,Hors RÃ©seau public - Plage de Gatope,-20.966138,164.656101,2,2,1
202100007583,188Â 184,B01,2,2,2,5,1,-1,-1,-1, -1,-1,2021,32.0,0,2,0,2,4,1,1,,7,ROCHES. ROUTE DES (CD 18),0,,2,2,0,1,17,100,1,, -1,2,0,1,50,14,11,2021,20:30,5,76,76486,2,1,0,2,ROCHES. ROUTE DES (CD 18),49.322,1.014,20,3,2
202100048420,115Â 207,B01,1,1,1,4,2,6,-1,-1, -1,-1,2021,22.0,1,1,0,2,1,2,1,,4,PARADIS (RUE),0,,2,2,0,2,0,0,1,, -1,1,0,1,50,11,3,2021,19:50,2,13,13208,2,1,0,3,PARADIS (RUE),43.27538,5.38433,19,2,2
202100024815,157Â 300,A01,1,1,1,5,2,6,-1,0,0,-1,2021,40.0,2,1,0,2,1,3,1,,3,98,0,A,2,2,1,1,2,0,1,, -1,1,0,1,70,9,8,2021,19:20,1,83,83065,1,1,0,3,D98a,43.2571353449,6.5941250323,19,2,2
202100050646,111Â 157,A01,1,1,2,1,1,-1,-1,0,0,-1,2021,24.0,2,2,0,2,3,13,1,,3,321,-1,,2,2,0,1,2,230,1,, -1,1,0,1,70,23,2,2021,17:00,1,27,27188,1,1,0,1,Route d'Elbeuf,49.299431,1.07982,17,2,2
202100050240,111Â 910,B01,1,1,1,1,2,6,-1,-1, -1,-1,2021,33.0,2,1,0,2,1,2,1,,4,,0,,3,3,0,1,0,0,1,, -1,1,0,1,50,25,2,2021,19:49,5,92,92025,2,2,0,2,PAUL BERT (RUE),48.9273809396,2.2470125556,19,2,2
202100009232,185Â 207,A01,10,3,2,0,0,-1,-1,3,1,1,2021,63.0,0,2,0,1,2,16,1,,4,AGASSE PASCAL MARIE,0,,2,3,0,1,(1),(1),1,, -1,1,0,1,50,3,11,2021,15:50,1,66,66136,2,3,0,6,AGASSE PASCAL MARIE,42.6943078262,2.8724051267,15,2,1
202100025548,156Â 007,A01,1,1,1,5,2,6,9,0,0,-1,2021,59.0,1,1,0,0,8,1,1,,3,59,0,D,2,2,0,2,20,470,2,, -1,1,0,3,80,6,8,2021,09:35,1,201,201247,1,1,0,7,D59,41.603698,9.180815,9,1,1
202100049781,112Â 760,A01,10,3,1,5,0,-1,-1,1,3,1,2021,24.0,1,2,0,1,1,1,0,,4,GRAVIERS (RUE DES),0,,-1,2,0,1,1,0,1,, -1,1,0,1,50,28,2,2021,16:45,2,93,93064,2,1,0,6,GRAVIERS (RUE DES),48.8733047758,2.4978351089,16,2,1
202100055541,102Â 576,B01,1,1,1,0,2,0,-1,-1, -1,-1,2021,39.0,3,1,0,2,1,1,1,,1,LOUISON BOBET (AV),0,,1,2,0,2,30,0,1,, -1,1,3,1,50,10,1,2021,19:10,5,94,94033,2,2,0,3,LOUISON BOBET (AV),48.85236,2.48898,19,2,2
202100017052,171Â 145,Z01,10,3,2,5,0,-1,-1,4,3,1,2021,71.0,2,1,0,1,3,17,3,,4,BOULEVARD VINCENT AURIOL,0,,3,2,0,2,(1),(1),1,, -1,1,0,1,30,23,9,2021,13:57,1,75,75113,2,2,0,6,BOULEVARD VINCENT AURIOL,48.8333169825,2.3636532497,13,2,1
202100029168,149Â 611,A01,1,1,1,1,2,6,-1,-1, -1,-1,2021,36.0,2,1,0,0,0,26,1,,3,VERSAILLES (AV DE),0,,1,6,0,2,127,0,1,, -1,2,0,1,50,13,7,2021,13:16,1,94,94073,2,1,1,7,Avenue de Versailles,48.75866,2.39474,13,1,1
202100030792,146Â 724,B01,1,1,1,0,2,0,-1,-1, -1,-1,2021,37.0,1,1,0,2,7,1,1,,3,32,0,,2,2,0,1,0,0,1,, -1,1,0,1,50,30,6,2021,18:40,1,91,91691,2,9,0,3,MARCEAU BAILLIOTI(RUE),48.7074,2.49578,18,3,2
202100041531,127Â 375,A01,10,3,2,0,0,-1,-1,2,3,1,2021,18.0,1,2,0,1,3,1,1,,4,MOISE (RUE REMI),0,,2,2,0,1,(1),(1),2,, -1,1,0,1,50,1,3,2021,09:05,1,42,42044,2,1,0,6,Rue Remy Moise,45.4031791318,4.3511156514,9,2,1
202100034655,139Â 775,A01,2,2,1,5,1,-1,-1,0,0,-1,2021,20.0,1,2,13,0,1,1,1,,3,155,-1,D,2,2,0,1,(1),(1),1,, -1,1,0,3,70,13,6,2021,06:30,1,201,201098,1,1,0,6,Verghia,41.808781,8.764451,6,2,1
202100026998,153Â 456,A01,1,1,1,5,1,-1,-1,0,0,-1,2021,19.0,3,2,6,0,1,13,1,,4,,-1,,2,2,0,1,(1),(1),1,,4,1,0,8,70,25,7,2021,03:30,3,26,26305,1,1,0,6,735 Chemin des Andrans,44.590475,4.901898,3,1,1
202100040804,128Â 682,A01,1,1,2,5,8,-1,-1,0,0,-1,2021,20.0,2,2,15,0,9,13,1,,3,,-1,B,2,2,0,1,0,300,2,, -1,1,0,3,80,9,5,2021,07:05,1,25,25091,1,1,0,7,D437b,47.277511,6.824559,7,2,1
202100051045,110Â 430,B01,1,1,1,0,2,-1,-1,-1, -1,-1,2021,20.0,1,1,0,2,1,1,1,,4,EPERNAY (AVENUE D') COTE IMPAIR,0,,2,1,0,1,(1),(1),1,, -1,2,0,1,50,18,2,2021,18:55,5,51,51454,2,1,1,1,Avenue dâEpernay,49.2370986024,4.0140511576,18,2,2
202100039030,131Â 881,A01,1,1,1,5,8,-1,-1,0,0,-1,2021,30.0,1,2,7,0,1,1,1,,1,1,-1,A,3,3,0,1,44,0,1,, -1,1,9,1,50,22,5,2021,03:38,5,60,60138,1,9,0,6,"BarriÃ¨re de pÃ©age de CHAMANT, autoroute A1",49.215526,2.627943,3,1,1
202100019540,166Â 704,A01,2,2,1,4,1,-1,-1,0,0,-1,2021,40.0,1,5,0,2,2,21,1,,1,6,0,,3,5,0,1,382,920,1,, -1,1,0,1,130,10,9,2021,05:56,3,71,71270,1,1,0,2,"Autoroute A6, PK 382.920, sens Paris-Lyon",46.352734,4.827676,5,3,2