Num_Acc,id_vehicule,num_veh,place,catu,sexe,trajet,secu1,secu2,secu3,locp,actp,etatp,year_acc,victim_age,senc,catv,obs,obsm,choc,manv,motor,occutc,catr,voie,v1,v2,circ,nbv,vosp,prof,pr,pr1,plan,lartpc,larrout,surf,infra,situ,vma,jour,mois,an,hrmn,lum,dep,com,agg_,int,atm,col,adr,lat,long,hour,nb_victim,nb_vehicules
202100039604,130Â 796,Z01,10,3,2,9,0,-1,-1,3,3,1,2021,22.0,1,1,0,1,1,1,0,,4,RUE DOUDEAUVILLE,0,,1,1,0,1,(1),(1),1,, -1,2,6,1,30,17,5,2021,01:05,5,75,75118,2,5,0,6,RUE DOUDEAUVILLE,48.888288,2.351538,1,2,1
202100027296,152Â 938,A01,1,1,1,0,8,-1,-1,0,0,-1,2021,36.0,1,1,0,0,8,9,1,,3,419,0,D,2,2,0,1,12,850,1,, -1,1,5,1,80,23,7,2021,18:45,1,67,67510,1,6,0,3,pk 12 D144,48.763953,7.69665,18,2,2
202100011260,181Â 606,A01,1,1,1,0,8,-1,-1,0,0,-1,2021,27.0,3,2,13,0,3,1,1,,4,,0,,2,2,0,1,(1),(1),1,,4,1,0,3,80,24,10,2021,00:30,3,86,86262,1,1,0,6,La Grange,46.426045,0.794733,0,1,1
202100003852,194Â 869,A01,10,3,1,2,0,-1,-1,2,3,1,2021,13.0,3,2,0,1,1,1,1,,3,MONTAIGNE (AVE),0,,2,2,1,2,0,0,1,, -1,2,0,1,50,8,12,2021,13:00,1,93,93051,2,1,0,3,MONTAIGNE (AVE),48.84241,2.54224,13,2,1
202100049382,113Â 490,B01,1,1,1,0,1,0,-1,0,0,-1,2021,26.0,1,2,0,2,4,2,1,,4,SAINT ROBERT (RUE),0,,1,1,0,1,0,0,1,, -1,1,0,1,50,2,3,2021,10:59,1,63,63113,2,1,0,2,SAINT ROBERT (RUE),45.79137,3.1162,10,2,2
202100010572,182Â 832,A01,10,3,2,5,0,-1,-1,4,3,1,2021,54.0,2,1,0,1,7,1,1,,4,RUE DE TURENNE,0,,2,2,0,1,(1),(1),1,, -1,1,0,1,30,28,10,2021,17:50,1,75,75103,2,2,0,6,RUE DE TURENNE,48.858157,2.36449,17,2,1
202100035200,138Â 777,A01,10,3,2,5,0,-1,-1,2,3,1,2021,17.0,3,2,0,1,3,1,1,,4,PORT DE BOUC ROUTE DE,0,,2,2,0,1,0,0,1,, -1,1,0,1,50,1,6,2021,09:50,1,13,13056,2,1,0,6,PORT DE BOUC ROUTE DE,43.41048,5.01906,9,2,1
202100010694,182Â 607,B01,1,1,2,1,8,-1,-1,-1, -1,-1,2021,26.0,3,1,0,2,1,19,5,,7,GAMBETTA. BOULEVARD,0,,2,2,0,1,0,1,1,, -1,1,-1,1,50,27,10,2021,09:00,1,76,76540,2,2,0,3,GAMBETTA. BOULEVARD,49.43867936,1.1079317167,9,2,2
202100053490,106Â 107,B01,1,1,1,0,1,0,-1,-1, -1,-1,2021,56.0,1,2,0,2,6,9,1,,2,R DE PARIS,0,,1,4,0,1,0,0,1,, -1,2,0,1,50,27,1,2021,07:15,5,94,94078,2,1,1,3,PARIS (R DE),48.74062,2.44673,7,4,2
202100001800,198Â 583,B01,7,2,2,0,1,-1,-1,0,0,-1,2021,29.0,1,2,0,2,1,2,1,,1,9,0,,1,3,0,1,80,0,1,, -1,1,0,1,130,10,12,2021,17:39,3,34,34146,1,1,0,4,Autoroute A9/PK80/Sens NIMES/MTP,43.697859,4.105915,17,6,3
202100040198,129Â 747,A01,9,2,2,2,1,0,-1,0,0,-1,2021,17.0,0,3,0,2,2,1,1,2.0,4,ARTOIS (RUE D'),0,,2,2,0,2,(1),(1),1,, -1,2,0,1,50,12,5,2021,16:05,1,27,27229,2,3,1,1,ARTOIS (RUE D'),49.03301,1.1389,16,3,2
202100040629,128Â 990,B01,2,2,2,5,2,0,-1,0,0,-1,2021,39.0,1,1,0,2,3,1,1,,4,PONT CHARLES DE GAULLE,0,,2,-1,0,1,(1),(1),1,, -1,1,5,1,50,9,5,2021,20:54,1,75,75113,2,2,0,3,PONT CHARLES DE GAULLE,48.841909,2.367907,20,3,2
202100012984,178Â 531,B01,1,1,1,5,1,-1,-1,0,0,-1,2021,25.0,1,2,0,2,2,1,1,,3,8,-1,,-1,1,3,3,83,400,1,,3,1,5,3,80,17,10,2021,00:00,5,42,42285,1,2,1,4,Route de Montbrison,45.575893,4.117427,0,7,3
202100039106,131Â 732,B01,1,1,1,0,1,0,-1,-1, -1,-1,2021,63.0,3,2,0,2,3,1,1,,4,POMPIDOU (AVENUE GEORGES),0,,2,4,0,1,(1),(1),2,, -1,2,0,1,50,19,5,2021,14:15,1,37,37261,2,1,0,5,POMPIDOU (AVENUE GEORGES),47.3880727435,0.7083515525,14,3,3
202100010570,182Â 835,A01,1,1,2,9,2,0,-1,0,0,-1,2021,26.0,2,1,0,2,8,1,5,,4,PLACE DE L OPERA,0,,1,2,3,1,(1),(1),1,, -1,1,-1,6,30,27,10,2021,20:45,5,75,75102,2,7,0,3,PLACE DE L OPERA,48.870296,2.33269,20,2,2
202100039878,130Â 309,B01,1,1,1,5,2,-1,-1,0,0,-1,2021,37.0,3,1,0,2,1,19,1,,4,,-1,,2,2,0,1,(1),(1),1,, -1,1,0,1,80,15,5,2021,19:15,1,17,17385,2,2,0,3,Rue Gustave Bausmayer,45.940985,-1.329719,19,3,2
202100027078,153Â 320,A01,4,2,1,5,1,8,-1,-1, -1,-1,2021,7.0,3,2,0,2,5,20,1,,4,GOUFFONNE (TRAVERSE DE LA),0,,2,2,0,1,0,0,1,, -1,1,0,1,30,25,7,2021,15:50,1,13,13209,2,1,0,2,GOUFFONNE (TRAVERSE DE LA),43.24881,5.40913,15,4,2
202100005354,192Â 217,Z01,10,3,2,9,8,8,-1,2,3,2,2021,15.0,1,0,0,1,3,1,0,,4,MIREILLE LAUZE (BOULEVARD),0,,2,1,0,1,0,0,1,, -1,1,0,1,50,29,11,2021,15:30,1,13,13210,2,1,0,2,MIREILLE LAUZE (BOULEVARD),43.2824,5.40608,15,2,1
202100037169,135Â 247,A01,10,3,1,0,0,-1,-1,9,B,2,2021,4.0,3,2,0,1,6,20,1,,4,CHARLES PLASSE                      (R ),0,,2,2,0,1,(1),(1),1,, -1,1,0,1,30,31,5,2021,16:20,1,69,69199,2,1,0,6,CHARLES PLASSE (R),45.70911,4.85332,16,3,1
202100040419,129Â 364,A01,10,3,2,5,0,-1,-1,3,3,2,2021,15.0,1,2,0,1,1,1,0,,2,2,-1,,2,2,0,1,(1),(1),1,, -1,1,0,1,50,25,3,2021,17:20,1,971,97104,2,1,0,6,Avenue du PÃ¨re Labat,16.013388,-61.746452,17,2,1
202100015341,174Â 288,B01,7,2,2,9,8,0,-1,-1, -1,-1,2021,59.0,2,3,0,2,3,1,1,3.0,4,ARCOLE (BD D) DU 1AU 79,0,,1,5,3,1,(1),(1),1,, -1,1,0,6,50,3,10,2021,09:30,1,31,31555,2,1,0,2,ARCOLE (BD D) DU 1AU 79,43.61059,1.44291,9,5,2
202100034728,139Â 638,B01,1,1,1,0,2,6,-1,-1, -1,-1,2021,29.0,2,1,0,2,4,2,1,,1,AUTOROUTE A1,0,,3,8,0,1,8,0,1,, -1,1,0,1,90,12,6,2021,19:10,1,93,93013,1,1,0,2,AUTOROUTE A1,48.94024,2.42278,19,2,2
202100048779,114Â 575,Z01,10,3,2,5,8,8,-1,4,3,1,2021,60.0,3,1,0,1,1,16,5,,4,RUE LUCIEN SAMPAIX,0,,-1,1,3,1,(1),(1),1,, -1,1,0,1,50,8,3,2021,17:53,1,75,75110,2,4,0,6,RUE LUCIEN SAMPAIX,48.874459,2.362849,17,2,1
202100054211,104Â 847,A01,1,1,2,5,2,8,-1,-1, -1,-1,2021,54.0,3,1,0,2,1,1,1,,4,BERTHIER (RUE),0,,2,2,0,1,(1),(1),1,, -1,1,0,1,50,19,1,2021,12:00,1,37,37261,2,3,0,6,BERTHIER (RUE),47.4251252974,0.6752381913,12,2,2
202100033518,141Â 862,Z01,4,2,2,0,1,0,-1,-1, -1,-1,2021,29.0,1,2,0,2,1,26,1,,1,AUTOROUTE A1,0,,3,8,0,1,4,0,1,, -1,1,0,1,90,19,6,2021,06:30,1,93,93066,1,1,0,6,AUTOROUTE A1,48.93164,2.37064,6,4,2
202100035857,137Â 598,B01,1,1,1,4,1,0,-1,-1, -1,-1,2021,40.0,2,5,0,2,6,1,1,,1,AUTOROUTE A86,0,,2,4,0,1,51,200,1,, -1,1,0,1,70,8,6,2021,12:32,1,94,94034,1,1,0,3,AUTOROUTE A86,48.75942,2.32254,12,2,2
202100017397,170Â 536,B01,1,1,1,1,2,0,-1,-1, -1,-1,2021,44.0,1,1,0,2,1,1,1,,1,A4,0,,1,5,0,1,31,900,1,, -1,1,0,1,130,22,9,2021,20:30,3,77,77018,1,1,0,2,A4,48.835444,2.807555,20,2,2
202100037708,134Â 264,A01,1,1,1,5,2,-1,-1,0,0,-1,2021,58.0,1,1,0,0,0,1,5,,4,,-1,,2,2,0,1,(1),(1),1,, -1,1,0,8,50,30,5,2021,09:26,1,22,22168,2,1,0,7,Rue de Pleumeur-bodou,48.804722,-3.474619,9,1,1
202100015393,174Â 193,A01,1,1,2,1,1,-1,-1,0,0,-1,2021,29.0,1,2,0,2,1,0,0,,3,473,-1,,2,1,0,2,(1),(1),3,, -1,2,0,1,80,4,10,2021,16:25,1,68,68090,1,1,1,1,D473,47.497988,7.316422,16,2,2
202100041518,127Â 400,B01,1,1,2,0,8,-1,-1,-1, -1,-1,2021,26.0,2,1,0,2,1,1,3,,4,JEAN JAURES      (Rue),0,,2,2,2,1,(1),(1),1,, -1,1,0,1,50,3,5,2021,15:00,1,69,69266,2,3,0,3,JEAN JAURES (R),45.75703,4.88066,15,2,2
202100018417,168Â 706,Z01,10,3,1,1,8,8,-1,5,3,1,2021,23.0,1,1,0,1,4,25,1,,3,TASSIGNY(AVE DU MARECHAL DE LATTRE DE),0,,-1,0,0,1,0,0,1,, -1,1,9,4,50,17,9,2021,07:15,1,94,94028,2,3,0,2,TASSIGNY(AVE DU MARECHAL DE LATTRE DE),48.80043,2.45138,7,2,1
202100035900,137Â 519,A01,4,2,1,0,1,0,-1,-1, -1,-1,2021,10.0,1,2,1,2,3,1,1,,4,LILLE (RUE DE),0,,2,2,0,1,(1),(1),1,, -1,1,0,1,50,7,6,2021,08:20,1,59,59599,2,1,0,1,LILLE (RUE DE),50.722615,3.151896,8,4,2
202100041312,127Â 763,A01,1,1,1,1,2,6,-1,0,0,-1,2021,30.0,1,1,0,2,7,1,1,,4,RUE DE LA JONQUIERE,0,,1,2,0,1,(1),(1),1,, -1,1,0,1,50,5,5,2021,20:00,1,75,75117,2,2,0,3,RUE DE LA JONQUIERE,48.893744,2.322141,20,2,2
202100038732,132Â 393,B01,1,1,2,5,1,0,-1,-1, -1,-1,2021,40.0,2,2,0,2,4,1,1,,2,A104,0,,3,3,0,1,9,899,1,, -1,2,0,1,90,22,5,2021,19:15,1,77,77249,1,1,1,6,A104,48.7475407504,2.6138919249,19,3,3
202100046889,117Â 959,A01,1,1,1,5,2,6,-1,-1, -1,-1,2021,23.0,2,1,0,0,7,21,1,,2,VOIE RAPIDE SUD 3 (RN 338),0,,1,1,0,2,4,800,1,, -1,1,3,1,50,5,3,2021,17:45,1,76,76322,1,4,0,7,VOIE RAPIDE SUD 3 (RN 338),49.4132943316,1.0424894647,17,1,1
202100031270,145Â 847,B01,2,2,2,5,2,6,-1,0,0,-1,2021,58.0,2,1,0,2,1,1,1,,3,7,0,,2,2,0,1,30,5,1,, -1,1,5,1,80,3,7,2021,18:25,1,83,83023,1,1,0,3,Dn7,43.406096,6.021184,18,3,2
202100041853,126Â 813,A01,2,2,2,5,1,-1,-1,0,0,-1,2021,53.0,1,2,4,0,2,2,1,,1,1,0,A,1,5,0,1,44,0,1,, -1,1,7,6,30,2,5,2021,17:40,1,60,60138,1,1,0,6,A1 barriÃ¨re de pÃ©age de CHAMANT pk 44+000,49.2154601021,2.6261315344,17,2,1
202100035667,137Â 958,A01,2,2,1,0,8,-1,-1,-1, -1,-1,2021,19.0,1,0,0,0,0,1,0,,4,VIVIANI                             (AV),0,,3,2,2,1,(1),(1),1,, -1,1,0,1,50,9,6,2021,01:30,5,69,69259,2,1,0,7,VIVIANI (AV),45.72649,4.86399,1,3,1
202100044656,121Â 891,B01,1,1,1,4,8,-1,-1,-1, -1,-1,2021,20.0,2,1,0,2,1,19,5,,4,IRENE JOLIOT CURIE                  (BD),0,,3,5,1,2,(1),(1),1,, -1,1,0,1,50,8,4,2021,14:45,1,69,69259,2,1,0,3,IRENE JOLIOT CURIE (BD),45.71791,4.87629,14,2,2
202100006751,189Â 714,B01,1,1,1,0,1,-1,-1,0,0,-1,2021,33.0,2,2,0,2,1,1,1,,3,660,-1,,2,3,0,1,20,420,2,,"11,5",1,0,1,90,23,11,2021,20:25,3,89,89240,1,1,0,1,D660,48.177276,3.362246,20,3,2
202100049970,112Â 431,A01,1,1,1,5,6,-1,-1,0,0,-1,2021,31.0,1,1,0,0,0,2,1,,3,74,-1,,2,2,0,2,10,195,4,, -1,1,0,1,80,28,2,2021,15:45,1,27,27023,1,1,0,7,D74,48.989511,1.05568,15,1,1
202100014235,176Â 244,A01,1,1,1,5,2,-1,-1,0,0,-1,2021,17.0,2,1,0,2,1,2,1,,3,288,-1,,2,2,0,2,1,135,1,, -1,1,0,1,80,9,10,2021,09:50,1,47,47044,1,2,0,2,Seguinel,44.662163,0.572142,9,2,2
202100037080,135Â 420,A01,10,3,1,4,0,-1,-1,1,3,1,2021,55.0,0,1,0,1,1,5,0,,4,,-1,,1,1,0,1,(1),(1),1,, -1,1,0,1,50,2,6,2021,10:25,1,973,97353,2,1,0,6,Rue Maripa,3.640588,-54.02912,10,2,1
202100006897,189Â 441,B01,1,1,1,5,2,6,-1,0,0,-1,2021,17.0,0,1,0,0,7,1,1,,4,,-1,,2,2,0,1,(1),(1),1,,4,1,0,1,50,30,6,2021,17:22,1,38,38465,2,2,0,1,rue des champagnes,45.702433,5.500985,17,2,2
202100015530,173Â 928,B01,1,1,1,0,2,8,-1,-1, -1,-1,2021,21.0,2,1,0,2,7,1,1,,4,KENNEDY (BD JOHN-FITZGERALD),0,,3,4,0,1,0,0,1,, -1,1,0,1,50,29,9,2021,14:32,1,66,66136,2,1,1,3,KENNEDY (BD JOHN-FITZGERALD),42.69012,2.90219,14,2,2
202100012549,179Â 284,A01,1,1,1,4,1,-1,-1,0,0,-1,2021,41.0,1,4,0,0,7,26,1,,3,981,0,D,2,2,0,2,19,0,3,, -1,2,9,1,50,19,10,2021,10:05,1,60,60029,2,6,0,7,Route de Gisors,49.368517,1.986305,10,1,1
202100047155,117Â 480,A01,1,1,1,0,0,-1,-1,0,0,-1,2021,46.0,1,2,0,2,1,5,1,,3,1206,-1,,2,2,0,2,14,200,3,, -1,1,0,1,80,22,3,2021,12:40,1,74,74309,1,1,0,5,D1206,46.132721,6.054455,12,3,3
202100046418,118Â 805,A01,1,1,1,5,1,-1,-1,0,0,-1,2021,22.0,2,2,2,0,4,13,1,,3,178,-1,,2,2,0,1,31,325,3,, -1,1,0,3,80,28,3,2021,06:45,3,35,35097,1,1,0,6,La Basse Tuillerie,48.035615,-1.2012,6,1,1
202100013622,177Â 366,B01,2,2,2,0,1,8,-1,-1, -1,-1,2021,26.0,2,2,0,2,4,2,1,,3,,0,,3,2,0,1,9,895,1,, -1,1,0,1,90,11,10,2021,17:23,1,66,66136,1,1,0,4,R D 900,42.672448,2.859934,17,4,3
202100052113,108Â 559,A01,10,3,1,5,0,-1,-1,3,1,1,2021,75.0,2,2,0,1,1,26,1,,7,FRONT DE MER (BOULEVARD),0,,2,2,1,1,12,400,1,, -1,1,9,1,50,7,2,2021,11:30,1,83,83069,2,1,0,6,FRONT DE MER (BOULEVARD),43.10716,6.17771,11,2,1
202100048663,114Â 770,A01,1,1,1,0,2,0,-1,-1, -1,-1,2021,36.0,2,1,0,0,0,0,1,,4,CHANTIERS (DES),0,,2,2,0,1,(1),(1),1,, -1,2,0,1,50,7,3,2021,14:05,1,76,76351,2,4,0,7,CHANTIERS (DES),49.49848,0.16274,14,1,1
202100027615,152Â 365,C01,1,1,2,5,1,-1,-1,0,0,-1,2021,56.0,2,2,0,2,4,1,1,,3,678,0,,2,2,0,1,32,915,1,, -1,1,0,1,50,23,7,2021,16:55,1,71,71263,2,1,0,4,68 Rue du Guidon,46.638207,5.213447,16,4,3
202100010027,183Â 777,A01,10,3,2,3,0,-1,-1,8,4,1,2021,82.0,3,5,0,1,4,20,1,,4,MARCHE (PETITE ALLEE),0,,1,1,0,1,(1),(1),1,, -1,1,0,8,30,28,10,2021,15:00,1,17,17306,2,1,0,6,Rue Font de Cherves,45.62803,-1.03116,15,2,1
202100022072,162Â 174,A01,10,3,1,5,0,-1,-1,4,3,1,2021,24.0,3,2,0,1,3,1,1,,7,CHASSEURS DE DRIANT PLACE DES,0,,1,2,0,1,(1),(1),1,, -1,1,0,1,50,28,8,2021,14:35,1,59,59350,2,1,0,6,CHASSEURS DE DRIANT PLACE DES,50.61856,3.03261,14,2,1
202100042889,125Â 002,B01,1,1,1,5,2,6,-1,-1, -1,-1,2021,21.0,2,1,0,2,8,19,1,,4,MONTREDON (AVENUE DE),0,,1,2,0,1,(1),(1),2,, -1,1,0,1,30,23,4,2021,23:05,5,13,13208,2,1,0,3,MONTREDON (AVENUE DE),43.2401,5.3669,23,2,2
202100034522,140Â 023,A01,7,2,2,5,8,-1,-1,0,0,-1,2021,51.0,2,2,0,2,2,1,1,,2,7,-1,,2,2,0,4,56,1000,1,, -1,1,5,1,70,13,6,2021,17:30,1,3,3235,1,2,0,3,RN7,46.256807,3.521081,17,4,2
202100038485,132Â 856,A01,1,1,1,4,1,8,-1,-1, -1,-1,2021,33.0,2,5,0,2,4,1,1,,1,A51-Sens Aix en Provence vers Marseille,0,,1,2,0,1,1,100,1,, -1,1,0,1,90,25,5,2021,17:20,1,13,13106,1,1,0,2,A51-Sens Aix en Provence vers Marseille,43.39997,5.35379,17,2,2
202100041332,127Â 726,A01,10,3,1,5,0,-1,-1,2,9,2,2021,18.0,1,3,0,1,2,15,1,1.0,4,ROGER SALENGRO NÂ° 94 - FIN,0,,2,2,0,1,0,0,1,, -1,1,0,1,30,15,4,2021,00:15,5,93,93029,2,1,0,6,ROGER SALENGRO NÂ° 94 - FIN,48.91421,2.43622,0,2,1
202100032875,143Â 002,A01,1,1,1,9,8,0,-1,-1, -1,-1,2021,18.0,1,1,0,2,3,26,1,,3,CHATENAY AVENUE VICTOR,0,,2,2,0,1,1,0,1,, -1,1,0,1,70,21,6,2021,11:51,1,49,49007,2,5,0,3,CHATENAY AVENUE VICTOR,47.48229,-0.52198,11,2,2
202100010190,183Â 489,A01,2,2,1,5,1,8,-1,-1, -1,-1,2021,19.0,1,2,12,0,2,0,1,,4,PEPINIERE (ALLEE DE LA ),0,,1,1,0,1,0,0,1,, -1,2,0,1,50,30,10,2021,05:30,3,92,92036,2,1,1,6,PEPINIERE (ALLEE DE LA ),48.9267730562,2.2902056349,5,2,1
202100021596,163Â 028,B01,1,1,1,0,8,-1,-1,-1, -1,-1,2021,50.0,3,1,0,2,1,1,0,,4,NORD      (Rue du),0,,1,1,2,1,(1),(1),1,, -1,1,0,1,50,30,8,2021,18:30,1,69,69266,2,2,0,3,NORD (DU) (R),45.76381,4.88317,18,2,2
202100025703,155Â 741,B01,1,1,2,1,1,-1,-1,0,0,-1,2021,23.0,2,2,0,2,3,1,1,,3,,-1,,2,2,0,1,(1),(1),1,, -1,1,0,1,-1,2,6,2021,08:10,1,59,59063,2,1,0,1,Rue Marcellin Berthelot,50.137676,3.380195,8,2,2
202100036785,135Â 956,A01,10,3,2,3,0,-1,-1,8,3,1,2021,67.0,1,2,0,1,1,26,1,,4,CHANELLES (RUE DES),0,,2,2,0,1,(1),(1),1,, -1,1,0,1,50,1,6,2021,08:37,1,63,63113,2,1,0,6,CHANELLES (RUE DES),45.78854,3.08258,8,2,1
202100017449,170Â 435,A01,1,1,2,0,1,-1,-1,-1, -1,-1,2021,18.0,1,2,0,2,1,2,1,,4,ROEDERER (BOULEVARD LOUIS),0,,1,2,0,2,(1),(1),1,, -1,1,1,1,50,21,9,2021,17:45,1,51,51454,2,1,0,2,Boulevard Louis Roederer,49.2573418234,4.0237182876,17,2,2
202100016110,172Â 847,A01,1,1,2,1,1,0,-1,-1, -1,-1,2021,26.0,1,2,1,0,2,26,1,,4,FRANKLIN,0,,2,2,0,1,(1),(1),1,, -1,1,0,1,50,29,9,2021,21:50,5,78,78551,2,1,0,6,FRANKLIN,48.90334,2.0832,21,1,1
202100053688,105Â 769,C01,1,1,1,3,1,4,-1,-1, -1,-1,2021,21.0,2,2,0,2,2,1,1,,7,351,0,,3,2,0,1,1,549,1,, -1,1,0,1,90,21,1,2021,17:49,3,67,67482,1,1,0,4,M351,48.58831,7.70635,17,3,3
202100000553,200Â 713,B01,2,2,1,0,1,0,-1,-1, -1,-1,2021,46.0,1,2,0,2,4,2,1,,3,SAMPIERO BD,0,,3,3,0,1,0,900,1,, -1,1,0,1,50,25,9,2021,16:30,1,201,201004,2,1,0,2,SAMPIERO BD,41.926471,8.73884,16,3,2
202100007838,187Â 727,B01,2,2,1,5,1,0,-1,-1, -1,-1,2021,46.0,1,2,0,2,4,23,1,,4,GENERAL GALLIENI (RUE DU),0,,2,2,0,1,(1),(1),1,, -1,1,0,1,50,15,11,2021,14:00,1,10,10362,2,1,0,2,GENERAL GALLIENI (RUE DU),48.29392,4.05452,14,3,2
202100015118,174Â 685,A01,10,3,2,5,0,-1,-1,4,5,1,2021,38.0,2,1,0,1,3,21,1,,4,QUAI DES TUILERIES,0,,1,3,3,1,(1),(1),1,, -1,2,0,1,30,5,10,2021,20:30,5,75,75101,2,1,1,6,QUAI DES TUILERIES,48.862443,2.325168,20,2,1
202100006239,190Â 652,B01,1,1,1,3,1,0,-1,-1, -1,-1,2021,31.0,3,2,0,2,3,1,1,,6,EGALITE RUE DE L,0,,-1,0,0,1,(1),(1),1,, -1,1,0,1,30,24,11,2021,18:05,5,59,59220,1,9,0,3,EGALITE RUE DE L,50.58171,3.07926,18,2,2
202100055503,102Â 635,B01,1,1,1,1,2,6,-1,-1, -1,-1,2021,52.0,0,1,0,2,1,1,1,,4,RACATI (rue),0,,1,1,0,2,(1),(1),1,, -1,1,0,1,50,11,1,2021,16:33,1,13,13203,2,2,0,1,STRASBOURG (BOULEVARD),43.30751,5.37579,16,2,2
202100035400,138Â 441,A01,1,1,1,5,1,-1,-1,0,0,-1,2021,34.0,1,5,5,0,1,1,1,,3,983,-1,,2,2,0,1,9,400,3,, -1,1,0,1,50,10,6,2021,23:00,3,95,95141,2,1,0,6,RD 983,49.135975988,1.7901599407,23,1,1
202100002841,196Â 700,B01,1,1,1,5,0,-1,-1,0,0,-1,2021,61.0,2,1,16,2,8,2,5,,3,81,-1,,2,2,0,3,0,200,1,, -1,1,0,1,80,17,12,2021,15:55,2,2,2232,1,1,0,3,Le Virlet,49.207557,3.053057,15,2,2
202100032134,144Â 309,A01,1,1,1,4,2,6,-1,0,0,-1,2021,33.0,1,1,1,0,1,21,1,,4,RUE DE LA CROIX NIVERT,0,,2,2,0,1,(1),(1),1,, -1,1,0,1,30,26,6,2021,20:30,2,75,75115,2,2,0,6,RUE DE LA CROIX NIVERT,48.845948,2.298729,20,1,1
202100022704,161Â 017,B01,1,1,2,0,0,-1,-1,-1, -1,-1,2021,20.0,0,1,0,2,1,15,3,,4,SAINT CHARLES (ROCADE),0,,2,3,0,1,0,0,1,, -1,1,0,1,50,20,8,2021,15:30,1,66,66136,1,1,0,3,SAINT CHARLES (ROCADE),42.6776553589,2.8512451798,15,2,2
202100045427,120Â 530,B01,2,2,2,9,2,0,-1,0,0,-1,2021,17.0,3,1,0,2,3,1,1,,4,COURS DES MARECHAUX,0,,2,2,0,1,(1),(1),1,, -1,1,0,1,50,2,4,2021,17:30,1,75,75112,2,2,0,3,COURS DES MARECHAUX,48.844576,2.438766,17,3,2
202100012856,178Â 746,A01,10,3,2,0,0,-1,-1,4,3,1,2021,53.0,1,2,0,1,3,15,1,,3,JUIN (BOULEVARD MARECHAL),0,,2,4,2,1,1,0,1,, -1,2,5,1,50,16,10,2021,08:00,1,14,14118,2,3,1,6,COLBERT (RUE JEAN-BAPTISTE),49.21021,-0.36758,8,2,1
202100024962,157Â 043,A01,1,1,1,0,1,-1,-1,0,0,-1,2021,79.0,1,2,0,2,3,1,1,,3,41,-1,,2,2,0,1,5,578,3,, -1,2,0,1,80,10,8,2021,08:36,1,77,77273,1,1,1,1,Route dÃ©partementale 41,49.048684,2.762761,8,2,2
202100038338,133Â 103,A01,1,1,1,5,1,0,-1,-1, -1,-1,2021,28.0,1,2,0,2,1,1,1,,4,DALBIEZ (AVENUE VICTOR),0,,2,2,0,1,0,0,1,, -1,1,0,1,50,21,5,2021,22:38,5,66,66136,2,1,0,3,DALBIEZ (AVENUE VICTOR),42.68956,2.88448,22,2,2
202100013883,176Â 882,B01,1,1,1,2,2,0,-1,0,0,-1,2021,17.0,1,1,0,0,8,2,1,,3,PAOUTE (ROUTE ET TRAVERSE DE LA),0,,2,2,0,1,2,821,1,, -1,1,0,1,50,11,10,2021,09:35,1,6,6069,1,1,0,7,PAOUTE (ROUTE ET TRAVERSE DE LA),43.633109,6.957532,9,2,2
202100000147,201Â 482,A01,1,1,2,5,1,-1,-1,-1,0,-1,2021,21.0,2,2,16,0,1,1,1,,1,AUTOROUTE A115,0,,3,4,0,1,10,0,1,, -1,2,0,1,90,29,12,2021,15:35,1,95,95060,1,1,1,7,A115,49.0430348796,2.187974453,15,1,1
202100020615,164Â 775,A01,1,1,1,5,2,6,-1,0,0,-1,2021,66.0,1,1,13,0,3,15,1,,3,14,0,,2,2,0,2,31,100,2,, -1,9,0,3,80,5,9,2021,17:10,1,11,11065,1,1,0,6,D14,42.869981,2.415843,17,1,1
202100029159,149Â 625,B01,1,1,2,9,1,0,-1,0,0,-1,2021,22.0,1,2,0,2,4,23,1,,4,AVENUE DU TREMBLAY,0,,2,2,0,1,(1),(1),1,, -1,2,0,1,50,13,7,2021,20:25,1,75,75112,2,2,1,2,AVENUE DU TREMBLAY,48.835819,2.453104,20,2,2
202100017002,171Â 231,B01,1,1,1,1,2,0,-1,0,0,-1,2021,55.0,2,1,0,2,8,3,1,,4,PORTE DE CHAMPERRET,0,,1,4,0,1,17,300,1,, -1,1,0,1,70,25,9,2021,16:35,1,75,75117,2,1,0,3,BD PERIPHERIQUE EXTERIEUR,48.8859,2.288119,16,2,2
202100001517,199Â 086,A01,1,1,1,0,8,-1,-1,0,0,-1,2021,43.0,3,1,12,0,0,1,1,,2,1,0,C,2,2,0,1,(1),(1),3,,7,1,0,4,50,26,12,2021,00:50,3,974,97414,2,1,0,1,Avenue du Dr Raymond Verges,-21.287196,55.408924,0,1,1
202100055709,102Â 284,B01,1,1,1,0,2,-1,-1,0,0,-1,2021,15.0,1,1,0,2,1,26,1,,3,36,0,C,2,2,0,1,(1),(1),1,, -1,1,0,1,50,9,1,2021,17:15,2,38,38408,1,2,0,3,Route du Stade,45.584104,4.998747,17,2,2
202100014950,174Â 982,A01,1,1,1,0,2,0,-1,-1, -1,-1,2021,36.0,0,1,0,2,9,19,1,,4,MIRZA (CITE),0,,2,1,0,1,(1),(1),1,, -1,1,0,1,50,4,10,2021,18:09,5,973,97302,2,2,0,3,MIRZA (CITE),4.93254,-52.3254,18,2,2