Num_Acc,id_vehicule,num_veh,place,catu,sexe,trajet,secu1,secu2,secu3,locp,actp,etatp,year_acc,victim_age,senc,catv,obs,obsm,choc,manv,motor,occutc,catr,voie,v1,v2,circ,nbv,vosp,prof,pr,pr1,plan,lartpc,larrout,surf,infra,situ,vma,jour,mois,an,hrmn,lum,dep,com,agg_,int,atm,col,adr,lat,long,hour,nb_victim,nb_vehicules
202100052494,107Â 892,B01,1,1,1,5,2,-1,-1,0,0,-1,2021,17.0,1,1,0,0,4,2,5,,7,3,0,,2,2,0,1,46,100,1,, -1,1,0,1,80,5,2,2021,15:40,1,42,42208,1,1,0,2,Lieu Dit le Pilon,45.5340429132,4.4399573877,15,2,2
202100022571,161Â 276,A01,1,1,1,0,8,0,-1,-1, -1,-1,2021,25.0,1,1,0,2,2,12,1,,2,104,0,,3,3,0,1,31,299,1,, -1,1,0,1,90,25,8,2021,20:00,1,91,91553,1,1,0,2,RN 104,48.63232,2.49594,20,2,2
202100009665,184Â 434,A01,10,3,2,0,0,-1,-1,3,3,1,2021,86.0,3,2,0,1,1,1,1,,4,,-1,,1,2,3,1,(1),(1),1,,5,2,0,6,50,3,11,2021,11:00,1,44,44154,2,6,0,6,Place de la Victoire,47.246967,-2.166447,11,2,1
202100043307,124Â 251,A01,1,1,1,5,2,6,-1,-1, -1,-1,2021,25.0,1,1,1,0,4,9,1,,4,DUTREIX (RUE ARMAND),0,,2,2,0,1,0,0,1,, -1,1,0,1,50,17,4,2021,09:20,1,87,87085,2,3,0,3,DUTREIX (RUE ARMAND),45.83363,1.23005,9,1,1
202100017441,170Â 450,A01,1,1,1,1,1,0,-1,-1, -1,-1,2021,25.0,1,2,3,0,3,1,1,,3,RD 301 (ROCADE MINIERE),0,,3,4,0,1,7,450,1,, -1,1,0,1,110,22,9,2021,21:05,3,62,62083,1,1,0,7,RD 301 (ROCADE MINIERE),50.44609,2.599917,21,1,1
202100052091,108Â 601,B01,1,1,1,0,1,8,-1,-1, -1,-1,2021,48.0,2,2,0,2,4,2,1,,1,A515CD-Gardanne vers A51-Marseille,0,,1,2,0,1,1,200,1,, -1,2,0,1,110,8,2,2021,17:55,3,13,13015,1,1,1,2,A515CD-Gardanne vers A51-Marseille,43.42862,5.40124,17,3,3
202100019015,167Â 649,B01,1,1,1,1,2,6,-1,-1, -1,-1,2021,49.0,1,1,0,2,1,1,1,,4,BOURDIGNON (R),0,,2,2,0,1,0,0,1,, -1,1,0,1,30,14,9,2021,13:00,1,94,94068,2,2,0,3,BOURDIGNON (R),48.80383,2.47708,13,2,2
202100008228,187Â 004,B01,3,2,1,0,1,0,-1,-1, -1,-1,2021,12.0,1,2,0,2,3,1,1,,1,AUTOROUTE A86,0,,3,4,0,1,23,200,1,, -1,2,0,1,90,13,11,2021,16:50,2,93,93053,1,1,1,2,AUTOROUTE A86,48.90426,2.46593,16,4,2
202100000568,200Â 688,A01,1,1,1,5,8,0,-1,-1, -1,-1,2021,19.0,2,0,0,0,0,0,3,,4,Victor Hugo (Rue),0,,1,1,0,1,0,0,1,, -1,9,0,1,50,10,10,2021,05:50,5,19,19272,2,1,0,7,Victor Hugo (Rue),45.2626741212,1.7616232917,5,1,1
202100031850,144Â 823,B01,1,1,1,0,8,0,-1,-1, -1,-1,2021,28.0,2,1,0,2,7,1,0,,4,RACINE (AVENUE),0,,1,1,1,1,0,0,1,, -1,1,9,5,30,26,6,2021,11:00,1,67,67482,2,1,0,3,RACINE (AVENUE),48.59601,7.70029,11,2,2
202100053404,106Â 267,B01,1,1,1,0,1,-1,-1,0,0,-1,2021,57.0,1,2,0,2,1,1,1,,3,1017,0,D,2,2,0,1,9,880,1,, -1,2,0,1,80,29,1,2021,09:25,1,80,80685,1,2,0,3,D1017,49.6965244746,2.8064972162,9,2,2
202100055603,102Â 469,A01,1,1,1,1,1,-1,-1,0,0,-1,2021,28.0,2,2,0,2,3,1,1,,3,790,-1,,2,2,0,1,4,300,1,, -1,2,0,1,80,12,1,2021,12:45,1,29,29230,1,1,1,5,D790 - Lieu Dit Kerrant Sparl,47.9461570131,-3.5080143116,12,3,3
202100013650,177Â 312,A01,1,1,1,4,1,0,-1,-1, -1,-1,2021,50.0,1,5,0,2,4,2,1,,7,MELESSE (ROND POINT DE),0,,2,0,0,1,7,63,1,, -1,1,0,1,80,12,10,2021,07:30,3,35,35278,1,1,1,2,MELESSE (ROND POINT DE),48.161341,-1.689935,7,3,2
202100025849,155Â 481,B01,1,1,1,0,2,6,-1,-1, -1,-1,2021,36.0,2,1,0,2,1,0,1,,1,AUTOROUTE A1,0,,3,10,0,1,4,699,1,, -1,1,0,1,90,3,8,2021,15:50,1,93,93066,1,1,0,3,AUTOROUTE A1,48.93367,2.38067,15,2,2
202100045537,120Â 346,A01,1,1,1,5,0,-1,-1,-1, -1,-1,2021,35.0,2,1,0,2,1,1,3,,4,GEORGES LADOIRE                         ,0,,1,1,0,1,(1),(1),1,, -1,1,0,1,50,1,4,2021,15:05,1,69,69276,2,1,0,3,GEORGES LADOIRE (R),45.6667871225,4.8486262986,15,2,2
202100004843,193Â 131,B01,1,1,2,5,1,-1,-1,0,0,-1,2021,63.0,1,2,0,2,6,2,1,,1,84,-1,,3,4,0,1,261,900,1,, -1,2,0,1,130,3,12,2021,17:15,1,14,14738,1,1,1,4,A84,49.164055,-0.438981,17,5,3
202100025904,155Â 387,B01,1,1,1,0,2,-1,-1,0,0,-1,2021,17.0,1,1,8,2,1,5,1,,3,908,0,D,4,3,0,1,37,36,4,, -1,1,0,1,50,3,8,2021,09:45,1,34,34119,2,6,0,1,D908,43.592681,3.107076,9,2,2
202100021526,163Â 165,A01,2,2,2,5,1,-1,-1,0,0,-1,2021,74.0,1,2,4,0,1,10,1,,1,87,0,A,3,4,0,1,112,110,1,, -1,1,7,1,70,31,8,2021,10:05,1,85,85191,1,1,0,6,A 87 pk 112+110,46.672851,-1.345941,10,2,1
202100024065,158Â 634,A01,1,1,1,5,2,6,-1,0,0,-1,2021,18.0,3,1,0,0,0,21,1,,3,322,0,,2,2,0,1,0,700,1,, -1,1,0,3,80,14,8,2021,13:50,1,7,7260,1,1,0,7,,44.692421,4.71631,13,1,1
202100022862,160Â 752,B01,2,2,1,5,1,-1,-1,0,0,-1,2021,56.0,2,2,0,2,7,2,1,,1,6,0,,3,4,0,1,83,728,1,, -1,1,0,1,130,24,8,2021,02:30,3,77,77071,1,1,0,3,Autoroute A6 au pointv kilomÃ©trique 081.500,48.197376,2.807178,2,3,2
202100052722,107Â 494,A01,1,1,1,1,6,2,-1,0,0,-1,2021,39.0,2,1,0,2,1,1,1,,3,1075,0,,3,2,0,1,19,200,1,, -1,1,0,1,50,4,2,2021,15:30,1,1,1304,2,1,0,3,rue saint exupery,46.053018,5.335047,15,3,2
202100042540,125Â 588,A01,10,3,2,3,0,-1,-1,5,4,1,2021,47.0,1,2,0,1,5,15,1,,4,,-1,,2,2,0,1,(1),(1),1,, -1,1,5,4,50,27,4,2021,10:47,1,10,10323,2,1,0,7,Passage Julian Grimau,48.522255,3.726388,10,2,1
202100026728,153Â 942,A01,9,2,2,5,1,-1,-1,0,0,-1,2021,17.0,2,2,6,0,2,21,1,,3,13,-1,,2,2,0,1,9,400,2,, -1,2,0,1,-1,28,7,2021,00:15,3,43,43030,2,1,1,6,D13,45.106114,3.842152,0,3,1
202100026000,155Â 205,Z01,10,3,1,5,8,8,-1,4,3,1,2021,50.0,2,1,0,1,1,1,1,,4,LIBERATION (BOULEVARD),0,,2,2,0,1,0,0,1,, -1,1,0,1,50,1,8,2021,13:05,1,13,13205,2,1,0,6,LIBERATION (BOULEVARD),43.3008035067,5.3905386512,13,2,1
202100021737,162Â 780,B01,2,2,2,5,1,-1,-1,-1, -1,-1,2021,53.0,2,2,3,2,4,1,1,,1,A46N   0.000 A 2.930,0,,2,4,0,1,2,400,1,, -1,1,0,1,130,30,8,2021,14:45,1,69,69005,1,1,0,5,A46N,45.9291321035,4.742262762,14,4,3
202100047952,116Â 023,A01,2,2,1,5,2,6,-1,0,0,-1,2021,30.0,1,1,0,2,2,3,1,,4,PORTE DE BAGNOLET,0,,1,4,0,1,30,400,1,, -1,2,0,1,70,13,3,2021,16:10,1,75,75120,2,1,0,3,PORTE DE BAGNOLET,48.85993,2.413982,16,3,2
202100016212,172Â 657,B01,1,1,1,0,2,6,-1,0,0,-1,2021,22.0,3,1,0,2,7,26,1,,4,CALMETTE (RUE),0,,3,2,0,1,1,0,4,, -1,1,9,1,50,28,9,2021,16:15,1,14,14437,2,1,0,6,CALMETTE (RUE),49.18101,-0.31668,16,3,3
202100005396,192Â 148,A01,1,1,1,9,2,8,-1,-1, -1,-1,2021,18.0,0,1,0,0,1,17,1,,4,,0,,2,2,0,1,0,0,1,, -1,2,0,1,50,1,12,2021,15:44,1,92,92076,2,1,0,7,CAZES,48.839076,2.164478,15,1,1
202100013859,176Â 925,B01,2,2,2,5,1,0,-1,-1, -1,-1,2021,28.0,3,2,0,2,4,23,1,,4,BRAY (RUE DE),0,,2,2,0,1,(1),(1),1,, -1,1,0,1,50,11,10,2021,11:10,1,35,35051,1,1,0,2,BRAY (RUE DE),48.10771,-1.61573,11,4,2
202100046885,117Â 966,B01,1,1,2,9,1,0,-1,-1, -1,-1,2021,29.0,3,2,0,2,1,1,1,,3,AV RENE CASSIN,0,,2,2,0,2,0,777,1,, -1,1,0,1,50,22,3,2021,19:20,2,77,77251,2,1,0,1,AV RENE CASSIN,48.62896,2.56692,19,2,2
202100035441,138Â 362,B01,1,1,1,1,2,6,-1,-1, -1,-1,2021,23.0,1,1,0,2,1,3,1,,1,A4,0,,3,6,0,1,12,899,1,, -1,1,0,1,110,10,6,2021,14:40,1,93,93051,1,1,0,2,A4,48.83617,2.5497,14,2,2
202100003126,196Â 179,B01,2,2,1,0,1,0,-1,-1, -1,-1,2021,21.0,2,2,0,2,4,2,1,,2,PORTE DE BREQUIGNY,0,,3,4,0,1,11,270,1,, -1,1,0,1,90,13,12,2021,18:40,3,35,35238,1,1,0,2,PORTE DE BREQUIGNY,48.08496,-1.69935,18,3,2
202100011836,180Â 564,B01,1,1,1,0,2,0,0,0,0,-1,2021,11.0,3,1,0,2,1,25,0,,4,GENERAL GALLIENI (RUE DU),0,,2,2,0,1,(1),(1),1,, -1,1,0,4,50,20,10,2021,12:15,1,10,10362,2,1,0,3,GENERAL GALLIENI (RUE DU),48.29371,4.05357,12,2,2
202100051523,109Â 598,B01,2,1,1,1,2,0,-1,-1, -1,-1,2021,26.0,1,1,0,2,1,1,0,,3,PARIS (RUE DE),0,,2,2,0,1,1,1,1,, -1,1,6,1,50,14,2,2021,17:40,2,93,93048,2,1,0,3,PARIS (RUE DE),48.8560756572,2.4248278538,17,2,2
202100049863,112Â 607,B01,1,1,1,0,1,0,-1,-1, -1,-1,2021,26.0,2,1,0,2,1,17,0,,3,REPUBLIQUE (AVENUE DE LA),0,,2,2,0,2,0,100,1,, -1,1,0,1,30,27,2,2021,13:10,1,91,91421,2,3,0,3,REPUBLIQUE (AVENUE DE LA),48.70805,2.45351,13,2,2
202100028840,150Â 167,A01,10,3,1,5,0,-1,-1,1,B,1,2021,73.0,3,2,0,2,2,1,1,,4,GARE DE FOS,0,,2,2,0,1,0,0,1,, -1,1,0,1,50,13,7,2021,10:20,1,13,13077,2,1,0,3,GARE DE FOS,43.40676,4.98447,10,2,1
202100046829,118Â 073,A01,1,1,1,5,2,-1,-1,0,0,-1,2021,16.0,3,0,12,0,3,13,1,,4, --,-1,,2,2,0,1,(1),(1),3,, -1,1,0,1,50,24,3,2021,18:25,1,46,46127,2,1,0,6,Route du Mont Saint-jean,44.738454,1.373891,18,1,1
202100002341,197Â 603,B01,1,1,2,1,8,0,-1,-1, -1,-1,2021,53.0,2,2,0,2,5,1,1,,1,A51-Sens Marseille vers Aix en Provence,0,,-1,4,0,1,4,949,1,, -1,1,0,1,90,17,12,2021,15:41,1,13,13019,1,1,0,3,A51-Sens Marseille vers Aix en Provence,43.4244075473,5.3755434254,15,2,2
202100026020,155Â 167,A01,1,1,1,1,2,-1,-1,0,0,-1,2021,39.0,0,1,0,0,0,0,1,,3,957,0,D,2,2,0,2,8,720,1,, -1,2,0,1,80,28,6,2021,19:00,1,41,41091,1,1,0,6,D957,47.648622,1.2745,19,2,2
202100041765,126Â 956,A01,10,3,1,3,0,0,0,3,3,1,2021,71.0,0,2,0,1,2,15,0,,4,ST LAURENT CHEMIN DE,0,,2,4,0,1,(1),(1),2,, -1,1,0,1,50,16,4,2021,10:45,1,6,6027,2,9,0,6,ST LAURENT CHEMIN DE,43.66462,7.17179,10,2,1
202100044951,121Â 383,A01,1,1,1,-1,0,-1,-1,-1, -1,-1,2021,34.0,1,2,0,0,1,1,-1,,2,,-1,,3,-1,-1,1,(1),(1),1,, -1,1,0,1,-1,6,4,2021,05:57,5,32,32013,2,1,0,6,CORPS FRANC POMMIES (AVENUE DU),43.6320817283,0.5819351966,5,1,1
202100011591,181Â 008,A01,1,1,1,1,2,6,-1,-1, -1,-1,2021,17.0,2,1,0,2,2,2,1,,4,MARNE (AVENUE DE LA),0,,2,2,1,1,0,0,1,, -1,1,0,1,30,22,10,2021,16:45,1,45,45234,2,1,0,2,MARNE (AVENUE DE LA),47.91458,1.92887,16,2,2
202100037215,135Â 159,A01,1,1,2,0,2,6,-1,-1, -1,-1,2021,41.0,1,1,0,2,1,2,1,,3,BAYONNE (AVENUE DE),0,,2,4,0,1,9,395,1,, -1,1,5,1,30,31,5,2021,08:50,1,64,64024,2,3,0,2,BAYONNE (AVENUE DE),43.48111,-1.51173,8,2,2
202100047968,115Â 999,B01,2,1,2,1,1,0,-1,-1, -1,-1,2021,35.0,1,1,0,2,1,1,1,,4,,0,,2,2,0,1,0,0,1,, -1,2,0,1,50,15,3,2021,09:32,1,92,92033,2,1,1,3,DIX NEUF JANVIER,48.849293898,2.1837955713,9,2,2
202100017712,169Â 963,A01,1,1,1,5,1,-1,-1,0,0,-1,2021,74.0,2,2,7,0,1,1,1,,1,6,-1,,3,4,0,1,246,750,1,, -1,1,0,1,130,21,9,2021,16:30,1,21,21177,1,1,0,6,A6 PK 246+750 sens LYON vers PARIS,47.3653655765,4.4138910521,16,2,1
202100033984,141Â 008,A01,1,1,1,0,2,0,-1,-1, -1,-1,2021,36.0,2,1,0,0,8,3,1,,1,AUTOROUTE A3,0,,3,10,0,1,7,699,1,, -1,1,0,1,90,17,6,2021,08:45,1,93,93010,1,1,0,7,AUTOROUTE A3,48.90329,2.47111,8,1,1
202100016946,171Â 333,Z01,10,3,1,0,0,-1,-1,4,3,2,2021,3.0,0,2,0,1,1,0,0,,4,BD LASCROSSES,0,,2,6,3,1,(1),(1),1,, -1,1,0,1,50,24,9,2021,16:15,1,31,31555,2,1,0,6,BD LASCROSSES,43.609228,1.430932,16,2,1
202100025529,156Â 036,A01,1,1,1,5,2,6,-1,0,0,-1,2021,63.0,1,1,0,0,7,16,1,,3,317,0,,2,2,0,3,73,0,3,, -1,9,0,1,80,6,8,2021,14:05,1,50,50580,1,3,0,7,D317,49.529286,-1.754685,14,1,1
202100053573,105Â 959,B01,1,1,1,0,2,0,-1,-1, -1,-1,2021,30.0,1,1,0,2,1,1,3,,3,LATTRE-DE-TASSIGNY (AVENUE DU MARECHAL),0,,2,5,0,1,0,0,1,, -1,1,0,1,50,25,1,2021,14:05,1,87,87085,2,1,0,3,LATTRE-DE-TASSIGNY (AVENUE DU MARECHAL),45.82565,1.2702,14,2,2
202100001206,199Â 616,B01,1,1,1,9,2,7,-1,0,0,-1,2021,38.0,1,1,0,2,2,18,1,,4,AVENUE JEAN JAURES,0,,3,2,0,1,(1),(1),1,, -1,2,0,1,30,27,12,2021,16:10,1,75,75119,2,2,1,4,AVENUE JEAN JAURES,48.882797,2.370264,16,3,3
202100054336,104Â 637,A01,10,3,1,5,0,-1,-1,2,3,1,2021,92.0,1,5,0,1,2,15,1,,4,,0,,1,1,0,2,(1),(1),1,, -1,1,0,1,50,14,1,2021,11:50,1,34,34032,2,1,0,6,HEROLD (RUE FERDINAND),43.34039,3.22325,11,2,1
202100045448,120Â 500,B01,1,1,2,9,8,0,-1,-1, -1,-1,2021,14.0,1,1,0,2,7,0,5,,3,SAINT GERMAIN  (RUE),0,,2,4,0,1,1,0,1,, -1,1,0,1,50,2,4,2021,16:00,1,93,93032,2,3,0,3,SAINT GERMAIN  (RUE),48.88455,2.53201,16,2,2
202100003028,196Â 369,B01,1,1,1,1,2,6,-1,0,0,-1,2021,29.0,2,1,0,2,8,1,1,,4,D911,-1,,2,2,0,1,3,800,1,, -1,1,0,1,50,15,12,2021,16:40,2,33,33397,2,1,0,3,126 Avenue d Aquitaine,44.898915,-0.494165,16,2,2
202100020968,164Â 187,A01,10,3,1,9,0,-1,-1,1,9,2,2021,60.0,1,2,0,1,3,1,1,,3,130,0,,2,2,0,1,3,2,1,, -1,1,0,1,80,5,9,2021,16:00,1,53,53175,1,1,0,6,RD 130,48.032656,-0.664083,16,2,1
202100041326,127Â 737,A01,1,1,1,9,2,0,-1,-1, -1,-1,2021,60.0,2,1,0,2,1,5,5,,4,QU DE CHAMPIGNOL,0,,1,1,0,2,1,0,1,, -1,1,0,1,20,2,5,2021,10:10,1,94,94068,2,3,0,1,Quai de Champignol,48.80942,2.5106,10,4,2
202100005568,191Â 847,A01,1,1,2,0,8,0,-1,-1, -1,-1,2021,22.0,1,1,0,0,7,19,3,,3,12,0,,1,1,0,1,0,0,1,, -1,2,9,8,30,30,11,2021,10:14,1,92,92026,2,1,0,7,RÃPUBLIQUE ( DE 82 A FIN ),48.9005674285,2.2484850883,10,1,1
202100054220,104Â 833,A01,1,1,2,1,1,0,-1,0,0,-1,2021,20.0,1,2,0,2,1,1,1,,2,814,0,,3,4,0,1,1,0,1,, -1,2,0,1,90,20,1,2021,08:25,1,14,14327,1,1,1,2,N814,49.18793,-0.33107,8,2,2
202100032481,143Â 712,B01,1,1,1,0,8,0,-1,0,0,-1,2021,74.0,1,1,0,2,8,9,6,,4,COLMAR (AV. DE),0,,1,1,0,1,0,0,1,, -1,1,0,1,50,23,6,2021,09:57,1,47,47001,2,2,0,3,COLMAR (AV. DE),44.19402,0.6409,9,2,2
202100009954,183Â 904,A01,2,2,2,5,1,-1,-1,0,0,-1,2021,14.0,2,2,13,0,2,1,1,,3,222,0,D,2,2,0,1,3,570,1,, -1,1,0,1,80,31,10,2021,16:00,1,61,61288,1,1,0,6,D222,48.625993,0.038613,16,2,1
202100054602,104Â 182,A01,10,3,1,9,0,-1,-1,3,3,1,2021,77.0,1,1,0,1,1,1,5,,4,BOULEVARD DE MENILMONTANT,0,,1,1,1,1,(1),(1),1,, -1,1,-1,5,30,18,1,2021,17:30,2,75,75120,2,1,0,6,BOULEVARD DE MENILMONTANT,48.866366,2.383667,17,2,1
202100002387,197Â 516,A01,1,1,1,0,2,8,-1,-1, -1,-1,2021,22.0,2,1,0,2,1,2,1,,2,VOIE RAPIDE URBAINE,0,,3,7,0,1,4,30,1,, -1,1,0,1,90,17,12,2021,17:00,3,73,73065,1,1,0,2,RN201,45.5794,5.91559,17,2,2
202100042588,125Â 498,B01,2,2,2,0,1,0,-1,-1, -1,-1,2021,28.0,0,2,0,2,1,1,1,,4,VERDUN (RUE DE VERDUN),0,,2,2,0,1,(1),(1),1,, -1,1,0,1,50,25,4,2021,15:30,1,45,45147,2,3,0,1,Rue de Verdun,47.9347639461,1.9090685339,15,3,2
202100023029,160Â 463,B01,1,1,1,5,8,0,-1,-1, -1,-1,2021,28.0,1,1,0,2,1,1,5,,4,JOURDAN (PLACE),0,,4,3,0,1,0,0,1,, -1,1,0,1,50,22,7,2021,21:05,1,87,87085,2,2,0,3,JOURDAN (PLACE),45.83225,1.26463,21,2,2
202100043392,124Â 101,A01,1,1,1,9,1,-1,-1,0,0,-1,2021,52.0,0,2,13,0,1,1,1,,3,606,-1,,2,2,0,1,91,888,1,, -1,1,0,8,70,20,4,2021,16:50,1,89,89077,2,1,0,6,D606,47.760633,3.609921,16,1,1
202100019372,167Â 003,A01,1,1,2,9,1,0,-1,0,0,-1,2021,21.0,1,2,0,2,1,14,3,,4,ROUTE DE SEVRES A NEUILLY,0,,2,2,0,1,(1),(1),1,, -1,1,0,1,30,12,9,2021,01:02,5,75,75116,2,1,0,3,ROUTE DE SEVRES A NEUILLY,48.873075,2.24735,1,2,2
202100044383,122Â 339,A01,2,2,1,5,2,6,-1,0,0,-1,2021,18.0,1,1,0,2,8,13,1,,4,,-1,,2,2,0,1,(1),(1),3,, -1,1,0,1,30,12,4,2021,19:15,1,85,85301,2,1,0,3,Rue du Champ de la Foire,46.824742,-1.126742,19,3,2
202100051354,109Â 882,A01,1,1,2,5,2,6,-1,0,0,-1,2021,19.0,2,1,0,0,8,1,1,,3,29,0,D,2,2,0,2,14,750,2,0,"6,2",9,0,1,80,16,2,2021,12:00,1,16,16071,1,3,0,7,Lieu-dit La Gouie,45.92383,0.754589,12,1,1
202100002328,197Â 629,A01,1,1,2,5,2,-1,-1,0,0,-1,2021,35.0,1,1,0,0,0,1,6,,3,916,0,,1,1,0,1,(1),(1),2,, -1,1,9,1,50,19,12,2021,09:50,1,66,66088,2,6,0,2,Rue du Riberal,42.6777555974,2.632920742,9,2,2
202100041705,127Â 064,B01,1,1,1,5,2,-1,-1,0,0,-1,2021,25.0,3,6,0,2,2,15,1,,7,,0,,3,3,3,1,10,0,1,, -1,1,5,1,80,2,5,2021,18:45,2,69,69283,1,4,0,6,YVES FARGE (R),45.652973,4.939792,18,2,2
202100015413,174Â 155,A01,1,1,1,1,1,-1,-1,0,0,-1,2021,46.0,2,2,5,0,1,0,3,,1,9,0,A,3,5,0,1,61,700,1,, -1,1,0,3,90,30,9,2021,10:20,1,30,30036,1,1,0,6,Autoroute A9 pk 61.700 sens 2 direction NIMES,43.775231,4.284389,10,1,1
202100006783,189Â 662,A01,10,3,1,4,4,-1,-1,6,9,1,2021,42.0,1,1,0,1,1,1,1,,3,74,-1,,2,2,0,1,19,(1),1,, -1,2,0,1,70,24,11,2021,20:00,5,83,83115,2,1,0,6,Route du Plan de la Tour,43.327632,6.613067,20,2,1
202100033286,142Â 270,B01,1,2,2,5,1,0,-1,-1, -1,-1,2021,36.0,1,2,0,2,4,1,1,,1,86,0,,3,3,0,2,2,500,1,, -1,1,0,1,90,19,6,2021,11:55,1,92,92025,1,1,0,4,A86,48.9189886921,2.2237886747,11,4,3
202100012238,179Â 846,A01,2,2,2,5,1,0,-1,0,0,-1,2021,69.0,2,2,4,0,1,21,1,,4,BOULEVARD PERIPHERIQUE,0,,1,4,0,1,(1),(1),1,, -1,1,0,1,70,19,10,2021,12:15,1,75,75118,2,4,0,6,BOULEVARD PERIPHERIQUE,48.900856,2.364249,12,2,1
202100053177,106Â 681,A01,1,1,1,0,2,6,-1,-1, -1,-1,2021,43.0,2,1,0,2,3,12,1,,3,EUROPE (AVENUE DE L'),0,,3,4,0,1,3,800,1,, -1,2,0,1,50,29,1,2021,17:55,5,78,78440,2,1,1,2,EUROPE (AVENUE DE L'),48.97713,1.914692,17,2,2
202100046877,117Â 985,B01,1,1,1,5,2,6,-1,-1, -1,-1,2021,32.0,3,1,0,2,1,2,1,,4,PONT ACHARD (BOULEVARD),0,,3,2,0,2,(1),(1),2,, -1,1,0,1,50,20,2,2021,15:50,1,86,86194,2,1,0,3,Boulevard Pont Achard,46.574769,0.3289,15,4,2
202100010577,182Â 823,A01,1,1,1,5,2,6,-1,-1, -1,-1,2021,16.0,1,1,0,2,7,1,1,,4,CHAMPEVAL(AVE JEAN-BAPTISTE),0,,2,2,0,1,0,0,1,, -1,1,0,1,50,27,10,2021,20:10,5,94,94028,2,3,0,3,Avenue Jean-Baptiste Champeval,48.79546,2.4562,20,2,2
202100020760,164Â 527,A01,1,1,1,5,2,6,-1,0,0,-1,2021,52.0,2,1,0,0,7,1,1,,3,996,0,D,2,2,0,2,14,500,3,, -1,1,0,1,80,5,9,2021,15:50,1,63,63236,1,1,0,7,D996,45.582749,2.816352,15,2,1
202100052205,108Â 393,A01,1,1,2,5,8,-1,-1,-1, -1,-1,2021,23.0,2,2,8,0,1,16,1,,4,ROGER SALENGRO                      (R ),0,,2,2,0,1,(1),(1),3,, -1,2,0,4,50,7,2,2021,12:00,1,69,69259,2,1,0,6,ROGER SALENGRO (R),45.7188137138,4.8713395,12,2,1
202100056225,101Â 396,A01,2,1,1,0,2,0,-1,-1, -1,-1,2021,56.0,1,1,0,9,1,1,1,,1,A507 sens Marseille - Aubagne,0,,3,3,0,1,8,500,1,, -1,1,1,1,70,5,1,2021,18:35,5,13,13055,1,1,0,6,A507 sens Marseille - Aubagne,43.289166,5.424457,18,1,1
202100011776,180Â 662,B01,1,1,1,1,2,6,-1,-1, -1,-1,2021,33.0,1,1,2,2,1,1,1,,3,ROUTE DE ROQUEMAURE,0,,2,2,0,1,0,0,1,, -1,2,0,1,80,21,10,2021,07:10,3,84,84087,1,1,1,3,ROUTE DE ROQUEMAURE,44.10981,4.79237,7,2,2
202100025169,156Â 667,B01,1,1,1,5,1,-1,-1,0,0,-1,2021,44.0,1,2,0,2,4,23,1,,2,137,0,N,3,4,0,1,40,724,1,, -1,1,0,1,110,7,8,2021,15:25,1,35,35206,1,1,0,4,RN 137,48.057624,-1.680109,15,6,3
202100044336,122Â 419,B01,1,1,1,3,2,-1,-1,0,0,-1,2021,49.0,2,1,0,2,3,21,1,,2,2,0,,2,2,0,2,3,0,1,, -1,1,0,1,80,15,2,2021,09:30,1,973,97307,1,1,0,1,route nationale 2,4.863955,-52.333331,9,2,2
202100010331,183Â 235,A01,4,2,2,9,1,0,-1,0,0,-1,2021,6.0,1,2,0,2,1,11,1,,3,MONTALIVET (COURS),0,,3,2,0,1,1,0,1,, -1,1,0,1,70,28,10,2021,17:55,1,14,14437,2,9,0,3,D513,49.1829,-0.3192,17,4,2
202100052816,107Â 314,A01,1,1,1,5,2,6,-1,-1, -1,-1,2021,37.0,1,1,14,0,1,14,1,,3,DORMOY AVENUE MARX NÂ°102 A FIN,0,,2,3,3,1,0,0,1,, -1,1,0,6,50,2,2,2021,18:00,5,92,92049,2,1,0,7,DORMOY AVENUE MARX NÂ°102 A FIN,48.8108579349,2.306329608,18,1,1
202100046205,119Â 177,A01,1,1,1,0,2,6,-1,-1, -1,-1,2021,28.0,2,1,0,0,0,15,1,,1,A12 W,0,,1,1,0,2,5,900,2,, -1,1,3,1,50,28,3,2021,18:10,1,78,78073,1,1,0,7,A12 W,48.802766,2.048116,18,1,1
202100006076,190Â 943,B01,1,1,1,0,1,0,-1,-1, -1,-1,2021,19.0,1,2,0,2,4,2,1,,2,RN 104,0,,1,3,0,1,34,599,1,, -1,2,0,1,90,26,11,2021,18:40,3,91,91174,1,1,1,4,RN 104,48.61223,2.44864,18,4,3
202100000525,200Â 762,A01,10,3,2,0,0,-1,-1,2,B,-1,2021,58.0,0,2,0,1,2,20,1,,4,VIAL JEAN ANTOINE RUE,0,,2,2,0,1,(1),(1),1,, -1,1,0,1,30,20,12,2021,08:02,1,42,42207,2,3,0,6,Rue Jean-Antoine Vial,45.47685,4.50877,8,2,1
202100011679,180Â 850,A01,1,1,2,0,2,6,-1,-1, -1,-1,2021,25.0,0,1,0,0,0,1,1,,4,PDT ROOSEVELT (QUAI DU),0,,1,2,0,1,0,0,1,, -1,1,0,1,50,17,9,2021,02:25,5,92,92040,2,1,0,7,PDT ROOSEVELT (QUAI DU),48.83131,2.26202,2,2,1