Num_Acc,id_vehicule,num_veh,place,catu,sexe,trajet,secu1,secu2,secu3,locp,actp,etatp,year_acc,victim_age,senc,catv,obs,obsm,choc,manv,motor,occutc,catr,voie,v1,v2,circ,nbv,vosp,prof,pr,pr1,plan,lartpc,larrout,surf,infra,situ,vma,jour,mois,an,hrmn,lum,dep,com,agg_,int,atm,col,adr,lat,long,hour,nb_victim,nb_vehicules
202100007173,188Â 936,B01,1,1,2,9,2,-1,-1,0,0,-1,2021,20.0,0,1,0,2,1,16,3,,4,JEAN CATELAS (RUE),0,,2,3,0,1,(1),(1),1,, -1,1,0,1,50,16,11,2021,18:35,5,80,80021,2,2,0,1,JEAN CATELAS (RUE),49.89648,2.28886,18,2,2
202100011288,181Â 559,A01,1,1,1,9,8,-1,-1,0,0,-1,2021,59.0,1,1,7,0,0,6,1,,3,11,0,D,3,1,0,1,10,350,2,,4,1,5,1,90,25,10,2021,14:40,1,16,16393,1,1,0,6,Allee des Platanes,45.758691,0.140966,14,1,1
202100015176,174Â 582,A01,10,3,2,3,0,-1,-1,3,3,1,2021,79.0,0,5,0,1,3,0,1,,4,,-1,,2,2,0,1,(1),(1),1,,4,2,0,1,50,6,10,2021,18:22,1,88,88114,2,1,1,6,Rue de la Gde Duchesse Wladimir,48.1806526625,5.8945512773,18,2,1
202100047604,116Â 662,A01,3,2,2,5,1,0,-1,-1, -1,-1,2021,19.0,2,2,12,9,1,14,1,,3,BLANCHARD,0,,1,2,0,1,(1),(1),3,, -1,1,0,4,30,17,3,2021,14:30,1,971,97120,1,9,0,6,BLANCHARD,16.224162563,-61.5266346931,14,4,1
202100050915,110Â 667,B01,1,1,1,0,8,8,-1,-1, -1,-1,2021,40.0,1,2,0,2,8,2,1,,4,TERRUSSE (RUE),0,,1,1,0,1,(1),(1),1,, -1,1,0,1,50,13,2,2021,20:33,5,13,13205,2,2,0,3,TERRUSSE (RUE),43.296364,5.391519,20,2,2
202100030349,147Â 510,A01,10,3,1,0,0,-1,-1,4,3,1,2021,68.0,3,3,0,1,1,1,3,,4,BRIAND ARISTIDE (PL),0,,1,2,1,1,0,0,1,, -1,2,0,6,50,5,7,2021,15:50,1,72,72181,2,1,0,6,BRIAND ARISTIDE (PL),48.00224,0.1985,15,2,1
202100047578,116Â 719,A01,1,1,1,4,1,-1,-1,0,0,-1,2021,59.0,2,2,0,2,3,13,1,,3,3,0,,2,2,0,1,45,200,1,, -1,1,0,1,80,16,3,2021,17:45,1,86,86163,1,1,0,1,Route de la Foret,46.62219,0.443293,17,3,2
202100001924,198Â 355,A01,10,3,1,0,8,8,-1,0,A,-1,2021,39.0,1,2,0,2,6,23,1,,4,COLBERT  (RUE),0,,1,1,0,2,0,0,1,, -1,1,0,1,30,21,12,2021,20:55,5,92,92025,2,1,0,6,COLBERT  133   126 (RUE),48.915874,2.232273,20,4,2
202100036566,136Â 349,A01,1,1,1,1,2,6,-1,-1, -1,-1,2021,48.0,1,1,0,2,2,3,1,,1,AUTOROUTE A86,0,,4,4,0,1,49,976,2,, -1,2,2,1,70,4,6,2021,09:10,1,94,94034,1,1,0,2,AUTOROUTE A86,48.75581,2.34237,9,2,2
202100043316,124Â 233,A01,1,1,2,0,8,0,-1,-1, -1,-1,2021,21.0,1,1,0,2,7,1,3,,4,OFFICIERS (RUE DES),0,,1,1,2,1,0,0,1,, -1,2,9,1,30,19,4,2021,07:45,1,67,67043,2,4,1,3,OFFICIERS (RUE DES),48.611644,7.753061,7,2,2
202100051736,109Â 216,B01,1,1,1,0,8,-1,-1,0,0,-1,2021,16.0,1,0,0,2,1,1,3,,2,1,-1,A,2,2,0,1,(1),(1),1,, -1,1,0,1,50,12,2,2021,21:45,3,974,97413,2,1,0,3,249 Rue du General Lambert,-21.173812,55.287843,21,2,2
202100021680,162Â 882,A01,1,1,1,5,8,-1,-1,0,0,-1,2021,24.0,1,2,0,2,1,1,1,,3,71,-1,,2,2,0,1,8,800,1,, -1,1,0,1,80,1,9,2021,06:40,2,81,81133,1,1,0,1,"D71, PK. 8.800",43.8773285454,2.1559815109,6,3,2
202100009629,184Â 494,A01,10,3,2,1,0,-1,-1,2,3,1,2021,35.0,1,1,1,1,1,14,1,,3,PONT DE CRETEIL - PONT DE CRETEIL (R DU),0,,1,2,0,1,1,0,1,, -1,1,5,1,50,2,11,2021,19:10,5,94,94068,2,9,0,6,Rue du Pont de CrÃ©teil,48.80723,2.47102,19,2,1
202100035573,138Â 131,A01,1,1,1,5,2,8,-1,-1, -1,-1,2021,29.0,1,1,0,2,4,1,1,,3,BONAPARTE (AVENUE NAPOLEON) NORD,0,,3,3,0,1,0,0,1,, -1,1,9,1,50,5,6,2021,17:50,1,92,92063,2,1,0,2,BONAPARTE (AVENUE NAPOLEON) NORD,48.87264,2.16313,17,2,2
202100038552,132Â 732,B01,1,1,1,1,1,-1,-1,0,0,-1,2021,45.0,1,2,0,2,4,1,1,,1,84,-1,,3,4,0,1,259,400,1,, -1,1,0,1,130,25,5,2021,07:45,1,14,14738,1,1,0,2,A84,49.158574,-0.469102,7,2,2
202100000018,201Â 730,A01,1,1,1,4,1,-1,-1,0,0,-1,2021,28.0,2,4,0,2,1,1,1,,1,,-1,,2,4,-1,1,204,0,1,, -1,1,7,1,90,13,9,2021,13:00,1,14,14203,1,1,0,6,A13,49.232161,-0.064375,13,3,2
202100049854,112Â 622,B01,1,1,1,5,1,1,-1,0,0,-1,2021,61.0,1,5,0,2,4,23,1,,4,RUE GEORGES CLEMENCEAU,0,,1,3,0,1,0,0,1,, -1,1,0,1,50,28,2,2021,08:15,1,988,98818,2,3,0,2,RUE GEORGES CLEMENCEAU/RUE EUGENE PROCHERON,-22.27571,166.44204,8,3,2
202100009668,184Â 428,A01,10,3,2,5,0,-1,-1,3,3,1,2021,71.0,2,2,0,1,1,1,1,,3,17,-1,,2,2,0,1,67,271,1,, -1,2,5,1,50,3,11,2021,18:31,5,31,31232,2,6,1,6,Avenue du 8 Mai 1945,43.767522,1.296644,18,2,1
202100044783,121Â 663,A01,1,1,1,0,2,6,-1,-1, -1,-1,2021,25.0,1,1,5,2,1,1,1,,1,AUTOROUTE A86,0,,3,8,0,1,12,500,1,, -1,1,0,1,90,7,4,2021,19:45,2,93,93066,1,1,0,3,AUTOROUTE A86,48.92565,2.33845,19,2,2
202100038671,132Â 515,B01,2,2,1,5,1,-1,-1,0,0,-1,2021,29.0,1,2,2,2,2,1,1,,3,20,0,D,2,2,0,1,30,436,1,, -1,1,0,1,-1,23,5,2021,17:30,1,31,31228,1,1,0,1,D20 PK/PR 30+500,43.684512,1.601075,17,3,2
202100052694,107Â 538,A01,10,3,1,1,0,-1,-1,4,3,2,2021,30.0,1,5,0,1,2,15,1,,4,RUE DE RIVOLI,0,,2,4,0,1,(1),(1),1,, -1,2,0,1,50,3,2,2021,09:25,1,75,75101,2,5,1,6,RUE DE RIVOLI,48.85875,2.347495,9,2,1
202100010559,182Â 857,A01,10,3,2,5,8,8,-1,2,3,1,2021,78.0,2,1,0,1,1,1,5,,4,BOULEVARD BERTHIER,0,,2,6,2,1,(1),(1),1,, -1,1,-1,5,30,27,10,2021,16:40,1,75,75117,2,2,0,6,BOULEVARD BERTHIER,48.894262,2.31361,16,2,1
202100022165,162Â 025,B01,1,1,1,0,0,-1,-1,0,0,-1,2021,13.0,3,1,0,2,1,15,5,,4,0,0,R,2,2,0,1,(1),(1),1,, -1,1,0,1,50,28,8,2021,19:30,1,60,60471,2,3,0,3,Rue du Monchel,49.5751835058,3.0053971083,19,2,2
202100016764,171Â 654,A01,1,1,1,0,1,0,-1,-1, -1,-1,2021,59.0,1,2,0,2,4,18,0,,1,AUTOROUTE A3,0,,3,2,0,1,13,500,1,, -1,2,0,1,90,26,9,2021,19:50,1,93,93005,1,1,0,2,AUTOROUTE A3,48.955932012,2.4732244334,19,2,2
202100047567,116Â 743,A01,10,3,1,4,0,-1,-1,1,3,1,2021,29.0,2,1,0,1,1,17,1,,3,,-1,,2,2,0,1,6,0,1,, -1,1,0,1,50,19,3,2021,13:30,1,973,97309,2,1,0,1,Route de Montjoly (rd1),4.920547,-52.27973,13,3,2
202100016076,172Â 911,C01,1,1,2,1,1,-1,-1,-1, -1,-1,2021,36.0,3,2,0,2,1,1,1,,4,DE LATTRE DE TASSIGNY               (PT),0,,4,6,1,1,(1),(1),1,, -1,1,1,1,50,28,9,2021,08:10,1,69,69381,2,1,0,4,LATTRE DE TASSIGNY ( DE) (PT),45.77248,4.83862,8,4,4
202100006743,189Â 730,A01,10,3,1,9,8,0,-1,3,3,1,2021,28.0,1,2,0,1,1,1,1,,3,50,0,,2,2,0,1,0,0,1,, -1,1,0,1,50,23,11,2021,19:35,5,92,92012,2,2,0,6,ANDRE MORIZET (AVENUE) 1/47 - 2/52,48.8350194307,2.2412887216,19,2,1
202100002219,197Â 824,B01,1,1,1,0,2,0,-1,-1, -1,-1,2021,22.0,1,1,0,2,3,3,1,,1,AUTOROUTE A86,0,,3,5,0,1,13,600,1,, -1,1,0,1,90,17,12,2021,18:00,3,93,93066,1,1,0,3,AUTOROUTE A86,48.922545,2.353057,18,3,3
202100041715,127Â 045,A01,1,1,1,1,1,-1,-1,0,0,-1,2021,42.0,1,2,6,0,1,1,1,,3,512,-1,,2,2,0,1,18,940,1,, -1,1,1,3,50,3,5,2021,13:10,1,14,14726,2,1,0,6,D512,48.841005,-0.802876,13,1,1
202100027167,153Â 157,B01,2,2,2,5,2,0,-1,-1, -1,-1,2021,60.0,3,1,0,2,2,3,1,,1,A7-Sens Lyon vers Marseille,0,,3,2,0,1,272,831,2,, -1,1,0,1,50,25,7,2021,14:00,1,13,13215,1,1,0,3,A7-Sens Lyon vers Marseille,43.37866,5.35706,14,4,2
202100042789,125Â 172,A01,1,1,1,0,2,6,-1,0,0,-1,2021,56.0,3,1,0,0,0,17,1,,4,,-1,,2,2,0,1,(1),(1),1,, -1,1,0,1,80,24,4,2021,15:25,1,60,60022,1,1,0,7,Rue de Saint-maximin,49.22205,2.501353,15,1,1
202100038860,132Â 167,A01,1,1,1,5,1,-1,-1,-1, -1,-1,2021,31.0,1,2,13,0,1,1,1,,1,A515CD-Gardanne vers A51-Marseille,0,,1,2,0,3,0,500,2,, -1,2,0,1,90,22,5,2021,01:10,3,13,13015,1,1,1,7,A515CD-Gardanne vers A51-Marseille,43.43054,5.39077,1,2,1
202100048390,115Â 263,B01,1,1,1,0,1,0,-1,-1, -1,-1,2021,23.0,0,2,0,2,1,1,1,,4,ARISTIDE BRIAND,0,,2,2,0,1,0,0,1,, -1,1,0,1,50,9,3,2021,21:10,5,76,76351,2,2,0,5,Rue Aristide Briand,49.500562,0.13918,21,3,3
202100040980,128Â 369,B01,1,1,1,5,8,0,-1,-1, -1,-1,2021,34.0,1,1,0,2,1,1,5,,3,992,0,,1,1,1,1,0,0,1,, -1,1,9,1,30,7,5,2021,15:05,1,92,92025,2,1,0,1,CHARLES DE GAULLE (BD),48.9152234477,2.2282129526,15,2,2
202100047268,117Â 271,A01,1,1,2,1,2,6,-1,-1, -1,-1,2021,31.0,1,1,0,2,1,2,5,,4,,0,,2,2,0,1,0,0,1,, -1,1,0,1,50,20,3,2021,11:15,1,92,92012,2,2,0,2,JEAN JAURES (BOULEVARD) 217/FIN - 210/FI,48.8278804176,2.246760428,11,2,2
202100009853,184Â 087,B01,1,1,1,5,2,6,-1,0,0,-1,2021,25.0,1,1,0,2,1,1,1,,3,2,-1,,2,2,0,2,5,200,1,, -1,1,0,1,70,19,10,2021,16:15,1,976,97613,1,1,0,1,D2,-12.761006,45.110073,16,2,2
202100019009,167Â 658,Z01,10,3,2,5,0,-1,-1,4,3,1,2021,85.0,0,1,0,1,1,1,5,,4,RUE DE RIVOLI,0,,2,4,0,1,(1),(1),1,, -1,1,0,1,30,14,9,2021,17:50,1,75,75104,2,2,0,6,RUE DE RIVOLI,48.85851,2.348218,17,2,1
202100053093,106Â 827,C01,4,2,1,0,1,0,-1,-1, -1,-1,2021,2.0,1,2,1,0,1,16,1,,4,LEON GOURDAULT (AV),0,,1,0,0,1,0,1,1,, -1,1,0,1,50,30,1,2021,18:50,5,94,94022,2,1,0,4,LEON GOURDAULT (AV),48.76416,2.40537,18,5,3
202100041689,127Â 089,B01,1,1,1,5,2,6,-1,0,0,-1,2021,25.0,2,1,0,2,1,17,1,,4,AVENUE DE LA REPUBLIQUE,0,,2,2,0,1,(1),(1),1,, -1,2,0,1,30,2,5,2021,17:00,1,75,75111,2,4,1,3,AVENUE DE LA REPUBLIQUE,48.866503,2.368004,17,2,2
202100051806,109Â 097,A01,10,3,2,5,0,-1,-1,3,3,1,2021,74.0,3,2,0,1,1,1,1,,4,ELUARD BOULEVARD PAUL,0,,2,2,0,2,0,0,1,, -1,1,0,1,50,10,2,2021,15:30,1,13,13056,2,1,0,3,ELUARD BOULEVARD PAUL,43.42242,5.05467,15,2,1
202100042729,125Â 260,B01,1,1,1,5,2,-1,-1,0,0,-1,2021,61.0,2,1,0,0,4,2,5,,3,936,-1,,2,2,0,1,4,750,2,, -1,1,0,1,50,24,4,2021,12:01,1,1,1353,1,1,0,2,D936,45.983216,4.790125,12,2,2
202100018240,169Â 004,A01,1,1,1,5,2,6,-1,0,0,-1,2021,17.0,0,1,0,0,0,1,1,,3,137,-1,D,2,2,0,2,28,600,1,, -1,1,0,1,80,2,9,2021,19:00,1,60,60130,1,1,0,7,D137,49.381814,2.513251,19,2,1
202100026409,154Â 489,A01,1,1,2,2,1,4,-1,-1, -1,-1,2021,23.0,1,2,0,2,3,18,1,,1,AUTOROUTE A86,0,,1,4,0,1,49,810,3,, -1,1,0,1,70,30,7,2021,07:40,1,94,94065,1,1,0,3,AUTOROUTE A86,48.75544,2.3432,7,2,2
202100032311,144Â 002,A01,1,1,1,1,2,0,-1,0,0,-1,2021,48.0,2,1,1,0,1,14,5,,4,RUE DU FER A MOULIN,0,,2,2,0,1,(1),(1),1,, -1,1,0,1,30,25,6,2021,19:20,1,75,75105,2,3,0,6,RUE DU FER A MOULIN,48.83892,2.353238,19,1,1
202100056253,101Â 344,A01,10,3,1,0,0,-1,-1,3,3,2,2021,47.0,1,0,0,1,1,19,0,,7,933,0,,2,2,1,1,(1),(1),1,, -1,2,0,1,30,4,1,2021,08:43,2,59,59350,2,1,1,6,DUNKERQUE AVENUE,50.64565,2.98579,8,2,1
202100032049,144Â 466,B01,1,1,1,5,2,6,-1,0,0,-1,2021,22.0,1,1,0,2,1,1,1,,3,417,0,D,2,2,0,1,14,200,1,, -1,2,0,1,80,27,6,2021,16:30,1,88,88531,1,1,0,3,316 Route de Colmar,48.084447,6.912814,16,3,2
202100051905,108Â 922,B01,1,1,1,0,2,-1,-1,-1, -1,-1,2021,36.0,2,1,0,2,1,1,1,,4,AVE DE LA MARNE,0,,2,7,0,1,(1),(1),1,, -1,2,8,1,50,9,2,2021,19:20,5,33,33281,2,2,1,3,Avenue de la Marne,44.8328,-0.64812,19,2,2
202100013146,178Â 248,B01,1,1,1,1,8,0,-1,-1, -1,-1,2021,34.0,1,1,1,0,1,1,5,,3,HENRI BARBUSSE (AV),0,,2,2,0,1,0,0,1,, -1,1,0,1,50,15,10,2021,19:50,4,92,92025,2,1,0,6,HENRI BARBUSSE (AV),48.921561,2.252669,19,2,2
202100030500,147Â 250,A01,1,1,1,5,1,0,-1,-1, -1,-1,2021,75.0,1,2,3,0,1,1,1,,1,A50-Sens Aubagne vers Toulon,0,,3,3,0,2,30,600,1,, -1,1,0,1,110,6,7,2021,14:35,1,13,13022,1,1,0,1,A50-Sens Aubagne vers Toulon,43.227,5.583,14,1,1
202100043163,124Â 517,A01,1,1,1,5,8,0,-1,-1, -1,-1,2021,17.0,1,1,0,2,1,2,0,,4,,0,,2,2,0,1,(1),(1),1,, -1,1,0,1,50,21,4,2021,12:20,1,45,45234,2,3,0,2,Rue du Faubourg Bannier,47.91056,1.90054,12,2,2
202100051489,109Â 668,A01,1,1,1,4,1,-1,-1,0,0,-1,2021,45.0,1,5,0,2,7,1,6,,3,988,-1,,2,2,0,1,0,100,2,, -1,7,0,1,80,16,2,2021,07:50,1,8,8137,1,1,0,3,RD88,49.820127,4.698286,7,2,2
202100025501,156Â 081,A01,10,3,1,5,0,-1,-1,2,9,1,2021,42.0,0,4,0,1,7,16,1,,3,VICTOR HUGO (AVE)  NÂ° 122 =>,0,,2,2,0,1,0,0,3,, -1,1,0,1,50,5,8,2021,12:30,1,93,93001,2,9,0,3,VICTOR HUGO (AVE)  NÂ° 122 =>,48.912093,2.379813,12,2,1
202100037837,134Â 024,A01,10,3,2,1,0,-1,-1,4,3,1,2021,52.0,1,1,0,1,1,1,1,,4,AVENUE DU MAINE,0,,1,1,0,1,(1),(1),1,, -1,1,0,1,50,28,5,2021,09:55,1,75,75114,2,1,0,6,AVENUE DU MAINE,48.839497,2.321907,9,2,1
202100026777,153Â 859,B01,1,1,2,1,1,-1,-1,-1, -1,-1,2021,32.0,2,2,0,2,4,23,1,,4,ST JEAN DE DIEU                     (R ),0,,2,2,0,1,(1),(1),1,, -1,1,2,1,50,26,7,2021,08:40,1,69,69387,2,4,0,4,JULES CARTERET (BD),45.726,4.84502,8,3,3
202100043046,124Â 731,A01,1,1,1,1,8,0,-1,-1, -1,-1,2021,20.0,1,1,0,2,1,1,5,,4,JULES GUESDE (RUE),0,,2,2,1,1,(1),(1),1,, -1,1,0,5,50,22,4,2021,13:23,1,10,10387,2,3,0,3,JULES GUESDE (RUE),48.294,4.08185,13,2,2
202100039461,131Â 071,A01,1,1,1,1,1,0,-1,-1, -1,-1,2021,30.0,1,2,2,0,1,14,0,,7,ROUTE DE JEAN MOULIN-RN 538,0,,2,2,0,1,0,0,1,, -1,1,0,3,80,18,5,2021,12:45,1,13,13103,1,1,0,6,ROUTE DE JEAN MOULIN-RN 538,43.62021,5.09648,12,1,1
202100047294,117Â 227,B01,2,2,2,5,1,-1,-1,0,0,-1,2021,26.0,3,2,0,2,8,1,1,,4,,-1,,2,2,0,1,(1),(1),1,, -1,1,5,1,80,21,3,2021,11:25,1,85,85073,1,2,0,3,SAINTE GERMAINE,46.487948,-1.177104,11,4,2
202100028658,150Â 490,A01,10,3,1,5,0,-1,-1,1,3,1,2021,11.0,0,2,0,1,1,1,1,,4,PAUL (RUE MARCEL),0,,2,2,3,1,(1),(1),1,, -1,1,0,1,50,16,7,2021,19:05,1,27,27229,2,1,0,6,PAUL (RUE MARCEL),49.028737,1.163348,19,2,1
202100048002,115Â 935,A01,1,1,1,5,-1,0,-1,-1, -1,-1,2021,47.0,1,2,6,0,6,1,1,,1,A507 sens Marseille - Aubagne,0,,1,2,0,1,8,979,2,, -1,1,1,1,70,13,3,2021,21:10,5,13,13055,1,1,0,6,A507 sens Marseille - Aubagne,43.288639,5.424497,21,1,1
202100035444,138Â 356,A01,10,3,2,0,0,-1,-1,5,A,2,2021,88.0,1,2,0,1,7,20,1,,4,ROSES (RUE DES),0,,2,2,0,1,0,0,1,, -1,1,0,4,50,8,6,2021,12:16,1,87,87085,2,1,0,6,ROSES (RUE DES),45.85343,1.24769,12,2,1
202100054099,105Â 046,B01,1,1,1,9,2,-1,-1,0,0,-1,2021,40.0,1,1,1,2,1,17,1,,4,RUE ALPHONSE DE NEUVILLE,0,,2,2,0,1,(1),(1),1,, -1,1,0,1,50,22,1,2021,11:40,1,75,75117,2,1,0,3,RUE ALPHONSE DE NEUVILLE,48.88624,2.302019,11,2,2
202100022083,162Â 150,A01,1,1,1,9,2,6,-1,-1, -1,-1,2021,16.0,1,1,0,2,1,1,1,,4,BRIAND (CRS ARISTIDE) (5-35) IMPAIRS,0,,2,3,3,1,(1),(1),1,, -1,1,0,1,50,28,8,2021,10:50,1,33,33063,2,2,0,3,Cours Aristide Briand,44.831845,-0.5773,10,2,2
202100033801,141Â 344,A01,1,1,1,9,2,0,-1,0,0,-1,2021,14.0,0,1,0,2,1,1,1,,4,,0,,2,2,0,1,(1),(1),1,, -1,1,0,1,50,16,6,2021,17:00,1,71,71486,2,2,0,3,Rue Colbert,46.64681,4.32134,17,2,2
202100038241,133Â 288,A01,10,3,2,0,0,-1,-1,4,3,1,2021,71.0,3,1,0,1,1,26,5,,3,9,0,,2,0,0,1,0,0,1,, -1,2,0,1,50,26,5,2021,11:00,1,92,92026,2,6,0,6,JEAN MERMOZ (SQUARE ET PLACE),48.90248,2.2749,11,2,1
202100020995,164Â 135,B01,1,1,1,0,2,0,-1,-1, -1,-1,2021,19.0,0,1,0,2,0,0,0,,4,NEGRES MARONS (RUE DES) CITE BONHOMME,0,,2,1,0,1,(1),(1),1,, -1,1,0,1,50,31,8,2021,20:30,5,973,97302,2,2,0,3,NEGRES MARONS (RUE DES) CITE BONHOMME,4.9215077646,-52.3193796874,20,2,2
202100004970,192Â 906,A01,1,1,1,1,8,-1,-1,0,0,-1,2021,22.0,1,2,13,0,2,0,1,,3,12,0,,2,2,0,1,1,181,2,, -1,2,0,3,80,3,12,2021,16:50,1,36,36022,1,1,1,6,Les Patras.,46.6196393117,1.7046511173,16,1,1
202100040706,128Â 857,D01,1,1,2,5,1,-1,-1,-1, -1,-1,2021,20.0,1,2,0,2,4,2,1,,1,AUTOROUTE A10,0,,3,6,0,1,542,200,1,, -1,2,0,1,90,9,5,2021,17:00,1,33,33096,1,1,1,4,Autoroute A10,44.8907232449,-0.5025315555,17,6,4
202100042043,126Â 473,B01,1,1,2,5,8,0,-1,-1, -1,-1,2021,78.0,1,1,1,0,2,1,5,,4,CARNOT   AVENUE,0,,2,4,1,1,(1),(1),1,, -1,1,0,1,50,29,4,2021,13:35,1,17,17300,2,1,0,3,CARNOT   AVENUE,46.16454,-1.17825,13,2,2
202100007342,188Â 630,B01,1,1,1,5,2,0,-1,0,0,-1,2021,33.0,2,1,0,2,5,18,5,,4,RUE DROUOT,0,,1,1,0,1,(1),(1),1,, -1,1,0,1,30,16,11,2021,18:55,5,75,75109,2,1,0,3,RUE DROUOT,48.873762,2.340673,18,2,2
202100032275,144Â 068,A01,1,1,1,1,8,0,-1,-1, -1,-1,2021,31.0,1,1,0,2,2,26,1,,4,FOCH BOULEVARD,0,,2,2,0,1,1,0,1,, -1,1,0,1,50,24,6,2021,05:31,2,49,49007,2,2,0,3,FOCH BOULEVARD,47.46642,-0.55293,5,2,2
202100023624,159Â 395,B01,1,1,1,0,2,6,-1,0,0,-1,2021,46.0,2,1,0,2,1,1,1,,7,,-1,,2,1,0,1,(1),(1),3,,3,1,0,1,-1,20,7,2021,18:15,1,6,6149,2,1,0,1,119 Route de Laghet,43.746903,7.328766,18,2,2
202100000177,201Â 430,A01,1,1,1,0,2,0,-1,-1, -1,-1,2021,45.0,1,1,0,2,1,3,1,,3,PARIS RUE DE,0,,2,2,0,1,0,1,1,, -1,1,0,1,30,27,2,2021,12:45,1,93,93045,2,9,0,1,PARIS RUE DE,48.88125,2.42095,12,2,2
202100001567,199Â 010,B01,1,1,2,3,1,0,-1,-1, -1,-1,2021,33.0,1,2,0,2,4,2,1,,4,RUE AUGUSTE BENEBIG,0,,2,4,0,3,0,0,1,, -1,1,0,1,50,23,12,2021,12:05,1,988,98818,2,1,0,2,RUE AUGUSTE BENEBIG,-22.27155,166.45145,12,3,2
202100034933,139Â 266,C01,2,2,1,2,1,8,-1,-1, -1,-1,2021,10.0,2,2,14,2,4,2,2,,4,Bd RenÃ© Serge NABAJOTH,0,,2,2,0,1,(1),(1),1,, -1,1,9,1,50,11,6,2021,14:13,1,971,97101,1,1,0,4,Bd RenÃ© Serge NABAJOTH,16.2804531537,-61.5045247424,14,4,3
202100036325,136Â 761,A01,1,1,1,9,2,-1,-1,0,0,-1,2021,30.0,0,1,13,0,2,1,5,,3,603,0,D,2,2,0,2,3,738,1,, -1,1,0,1,80,6,6,2021,10:00,1,6,6041,1,1,0,6,Route de Grasse,43.770071,6.972027,10,1,1
202100025256,156Â 512,B01,1,1,2,1,2,0,-1,-1, -1,-1,2021,23.0,3,1,0,2,8,1,5,,4,CARREAU (RUE DU),0,,-1,2,0,1,(1),(1),1,, -1,1,0,1,50,6,8,2021,07:10,1,86,86194,2,1,0,3,Rue du Carreau,46.607833,0.342032,7,2,2
202100028713,150Â 395,A01,10,3,1,0,0,-1,-1,9,3,3,2021,11.0,1,5,0,1,2,1,1,,4,,0,,1,1,0,1,0,0,1,, -1,1,0,1,50,16,7,2021,20:10,1,92,92004,2,1,0,6,MOURINOUX ( RUE DES ),48.93055,2.27529,20,2,1
202100004303,194Â 065,B01,1,1,1,0,2,8,-1,-1, -1,-1,2021,52.0,3,1,0,2,8,18,1,,3,MARECHAL DE LATTRE DE TASSIGNY (AV),0,,1,2,1,2,0,0,1,, -1,1,0,1,30,7,12,2021,12:30,1,94,94069,2,1,0,3,MARECHAL DE LATTRE DE TASSIGNY (AV),48.81942,2.41977,12,2,2
202100003686,195Â 164,A01,1,1,1,5,1,8,-1,-1, -1,-1,2021,39.0,3,2,0,2,8,9,1,,3,DIX HUIT JUIN 1940 (AVENUE DU),0,,2,2,0,1,2,327,1,, -1,1,0,1,50,12,11,2021,14:10,1,19,19031,2,3,0,3,DIX HUIT JUIN 1940 (AVENUE DU),45.15695,1.49054,14,3,2
202100009910,183Â 979,B01,4,2,1,0,1,0,-1,-1, -1,-1,2021,9.0,0,2,0,2,3,1,1,,4,RUE ARISTIDE MAILLOL,0,,2,2,0,1,(1),(1),3,, -1,2,0,1,50,1,11,2021,05:30,5,31,31555,2,1,1,1,RUE ARISTIDE MAILLOL,43.57973,1.39651,5,5,2
202100028709,150Â 401,A01,1,1,1,1,2,6,-1,-1, -1,-1,2021,25.0,2,1,0,2,1,17,1,,3,50,0,,2,4,1,1,0,0,1,, -1,1,0,1,50,15,7,2021,07:55,1,92,92049,2,1,0,2,BARBES RUE,48.8171845943,2.3301690817,7,2,2
202100051287,110Â 002,A01,10,3,2,5,0,-1,-1,3,3,2,2021,66.0,3,2,0,1,1,1,1,,4,FLORALIES ( AVENUE DES ),0,,2,1,0,1,(1),(1),1,, -1,1,0,1,50,9,1,2021,16:45,1,44,44055,2,1,0,6,FLORALIES ( AVENUE DES ),47.29121,-2.39568,16,3,1
202100054401,104Â 521,A01,10,3,2,3,0,-1,-1,2,3,1,2021,88.0,1,2,0,1,1,1,1,,3,549,-1,,-1,2,0,1,(1),(1),1,, -1,1,0,1,30,21,1,2021,09:45,1,59,59466,2,3,0,6,Rue Nationale,50.52077,3.114195,9,2,1
202100049269,113Â 691,A01,1,1,1,4,2,6,-1,0,0,-1,2021,58.0,2,1,0,2,6,11,1,,4,PORTE DE CLIGNANCOURT,0,,1,4,0,1,22,0,1,, -1,1,0,1,70,3,3,2021,08:05,1,75,75118,2,1,0,2,PORTE DE CLIGNANCOURT,48.901076,2.345273,8,2,2
202100045554,120Â 313,A01,1,1,2,3,2,6,-1,-1, -1,-1,2021,21.0,2,1,0,2,2,15,3,,7,LYAUTEY (AVE MARECHAL),0,,1,4,0,1,0,0,2,, -1,1,0,1,50,31,3,2021,13:25,1,83,83137,2,4,0,3,FOCH (AVE DU MARECHAL),43.12679,5.92287,13,2,2
202100012193,179Â 924,A01,1,1,1,5,1,-1,-1,0,0,-1,2021,78.0,1,2,1,0,1,1,1,,4,CARNOT (RUE),0,,2,2,0,1,(1),(1),1,, -1,1,0,1,50,19,10,2021,15:45,1,65,65440,2,1,0,2,CARNOT (RUE),43.222705,0.070121,15,2,2
202100017096,171Â 071,B01,1,1,1,3,2,6,-1,-1, -1,-1,2021,27.0,1,1,0,2,8,15,1,,3,REPUBLIQUE (AV DE LA),0,,2,2,0,1,1,0,1,, -1,1,0,1,50,24,9,2021,08:30,1,94,94021,2,1,0,3,Avenue de la RÃ©publique,48.76271,2.3669,8,2,2