Num_Acc,id_vehicule,num_veh,place,catu,sexe,trajet,secu1,secu2,secu3,locp,actp,etatp,year_acc,victim_age,senc,catv,obs,obsm,choc,manv,motor,occutc,catr,voie,v1,v2,circ,nbv,vosp,prof,pr,pr1,plan,lartpc,larrout,surf,infra,situ,vma,jour,mois,an,hrmn,lum,dep,com,agg_,int,atm,col,adr,lat,long,hour,nb_victim,nb_vehicules
202100018816,168Â 011,B01,1,1,1,5,2,0,-1,-1, -1,-1,2021,29.0,1,1,0,2,1,1,1,,3,PARC (RUE DU),0,,1,2,2,1,0,0,1,, -1,2,0,5,50,15,9,2021,17:50,1,93,93053,2,3,1,3,PARC (RUE DU),48.89343,2.44434,17,2,2
202100045209,120Â 923,B01,2,2,2,0,1,0,-1,-1, -1,-1,2021,49.0,1,5,0,2,4,2,1,,1,AUTOROUTE A1,0,,2,4,0,1,6,0,1,, -1,1,0,1,90,3,4,2021,12:30,1,972,97213,2,1,0,2,AUTOROUTE A1,14.60356,-61.00207,12,4,2
202100021888,162Â 509,A01,2,2,1,5,1,-1,-1,0,0,-1,2021,24.0,2,2,0,2,3,0,1,,3,26,-1,,2,2,0,1,2,925,1,, -1,1,2,1,70,30,8,2021,15:40,1,17,17058,1,1,0,1,D26,45.847255,-1.170452,15,4,2
202100005100,192Â 657,Z01,10,3,2,9,8,8,-1,2,3,1,2021,65.0,1,1,0,1,0,5,5,,4,RUE DE JAVEL,0,,1,1,0,1,(1),(1),1,, -1,1,0,1,30,1,12,2021,23:40,5,75,75115,2,1,0,6,RUE DE JAVEL,48.842345,2.290015,23,2,1
202100038432,132Â 947,A01,1,1,1,5,1,-1,-1,0,0,-1,2021,36.0,2,2,0,2,1,2,1,,3,40,0,A,2,2,0,2,14,0,1,, -1,1,0,1,80,23,5,2021,11:00,1,201,201085,1,1,0,2,RT 40,41.918613,8.888578,11,3,2
202100019361,167Â 021,B01,5,2,1,0,8,-1,-1,0,0,-1,2021,9.0,0,2,0,2,1,1,1,,4,ARIANE (BD DE L'),0,,3,4,0,1,(1),(1),1,, -1,1,0,8,50,12,9,2021,15:58,1,6,6088,2,9,0,3,ARIANE (BD DE L'),43.73466,7.29662,15,7,2
202100003074,196Â 267,B01,4,2,2,5,-1,-1,-1,-1, -1,-1,2021,21.0,1,2,1,2,1,1,1,,4,MAUVENDIERE (RUE DE LA),0,,2,2,0,1,0,0,1,, -1,2,0,1,50,11,12,2021,18:51,5,87,87085,2,3,0,3,MAUVENDIERE (RUE DE LA),45.83311,1.2485,18,3,2
202100030518,147Â 208,A01,10,3,1,-1,0,-1,-1,5,3,1,2021,55.0,2,1,0,1,1,1,1,,3,BLOSSAC (BOULEVARD DE),0,,1,2,1,1,22,600,1,, -1,1,0,1,30,29,6,2021,15:35,1,86,86066,2,1,0,6,Boulevard de Blossac,46.81627,0.54494,15,2,1
202100009717,184Â 331,B01,1,1,1,0,2,6,-1,0, -1,-1,2021,17.0,2,1,0,2,1,2,1,,7,CANNES AVENUE DE (RN7),0,,2,2,1,2,(1),(1),1,, -1,1,0,1,50,8,6,2021,15:05,1,6,6027,2,1,0,3,CANNES AVENUE DE (RN7),43.65431,7.14851,15,2,2
202100009699,184Â 367,A01,1,1,1,5,1,-1,-1,-1, -1,-1,2021,20.0,2,2,13,0,9,13,1,,1,A57,0,,1,1,0,1,6,0,2,, -1,2,3,3,90,3,11,2021,06:00,3,83,83062,1,1,1,7,A57,43.143674515,6.0206848383,6,3,1
202100020062,165Â 763,B01,1,1,1,5,2,6,-1,-1, -1,-1,2021,68.0,2,1,0,2,6,2,0,,3,CLAYE  (RUE DE  ),0,,2,2,0,2,9,102,2,, -1,1,0,1,50,8,9,2021,11:20,1,77,77464,2,4,0,2,D418,48.8849,2.70656,11,2,2
202100050685,111Â 092,A01,1,1,1,4,1,-1,-1,0,0,-1,2021,25.0,1,5,0,2,1,1,1,,2,,0,N,2,2,0,1,17,900,1,, -1,1,0,1,80,9,2,2021,08:00,2,22,22147,1,9,0,2,Beau Soleil,48.194619,-2.453728,8,2,2
202100055300,102Â 975,A01,10,3,1,2,0,-1,-1,3,3,1,2021,13.0,1,2,0,1,8,1,1,,4,WAGNER RICHARD RUE,0,,2,2,0,1,(1),(1),1,, -1,2,0,1,50,12,1,2021,08:50,1,59,59350,2,1,1,6,WAGNER RICHARD RUE,50.60544,3.053,8,2,1
202100017100,171Â 064,B01,1,1,1,9,2,8,-1,-1, -1,-1,2021,59.0,2,1,0,2,1,1,1,,4,SAVAR.(RUE JULIETTE),0,,2,2,0,1,0,1,1,, -1,1,0,1,50,23,9,2021,18:15,1,94,94028,2,2,0,1,SAVAR.(RUE JULIETTE),48.78,2.4655,18,2,2
202100007076,189Â 110,A01,1,1,1,5,8,-1,-1,0,0,-1,2021,20.0,2,5,13,0,3,1,1,,3,54,-1,,2,2,0,2,54,800,4,, -1,2,0,3,80,21,11,2021,04:15,3,202,202043,1,1,0,3,Lavasina,42.756986,9.457018,4,1,1
202100026327,154Â 634,A01,10,3,1,5,0,-1,-1,3,3,2,2021,76.0,3,5,0,1,1,1,1,,4,WALESA (BD LECH),0,,1,2,0,1,(1),(1),1,, -1,1,0,1,50,30,7,2021,11:30,1,6,6088,2,1,0,6,WALESA (BD LECH),43.699563,7.28738,11,3,1
202100031289,145Â 811,A01,1,1,1,0,2,0,-1,-1, -1,-1,2021,21.0,2,1,0,2,8,3,1,,1,AUTOROUTE A86,0,,3,8,0,1,15,800,1,, -1,1,1,1,90,2,7,2021,15:45,1,93,93027,1,1,0,4,AUTOROUTE A86,48.92291,2.38068,15,3,3
202100024596,157Â 691,A01,1,1,2,0,1,0,-1,-1, -1,-1,2021,53.0,2,2,0,2,4,26,1,,7,LENINE. BOULEVARD,0,,3,4,0,1,5,450,1,, -1,1,0,1,90,11,8,2021,17:30,1,76,76575,1,1,0,2,LENINE. BOULEVARD,49.39779,1.11166,17,2,2
202100007460,188Â 417,B01,1,1,1,9,2,0,-1,-1, -1,-1,2021,33.0,1,1,0,2,8,3,1,,4,VAILLANT COUTURIER (AVENUE PAUL),0,,1,2,0,1,0,1,1,, -1,1,0,1,50,18,11,2021,19:00,5,93,93008,2,1,0,5,VAILLANT COUTURIER (AVENUE PAUL),48.9084635812,2.4518085169,19,3,3
202100049913,112Â 519,A01,10,3,1,5,0,-1,-1,2,3,2,2021,5.0,1,2,0,1,2,1,1,,4,,-1,,1,1,0,1,(1),(1),1,, -1,1,0,1,50,27,2,2021,16:45,1,51,51649,2,1,0,7,Place Maucourt,48.7240957087,4.5815032095,16,3,1
202100018159,169Â 152,B01,1,1,1,0,2,0,-1,-1, -1,-1,2021,27.0,3,1,0,2,1,19,1,,4,RIVE NEUVE (QUAI DE),0,,2,0,0,1,0,0,1,, -1,1,0,1,50,18,9,2021,03:55,3,13,13201,2,1,0,3,RIVE NEUVE (QUAI DE),43.2929713335,5.3693310904,3,2,2
202100047706,116Â 474,A01,2,2,1,0,2,0,-1,-1, -1,-1,2021,38.0,1,1,0,2,1,26,6,,4,RABAN (ROUTE DE),0,,2,1,0,1,(1),(1),1,, -1,1,0,1,50,7,3,2021,10:20,1,973,97302,2,3,0,3,RABAN (ROUTE DE),4.9279758056,-52.313869,10,3,2
202100008414,186Â 696,A01,10,3,2,5,0,-1,-1,3,3,1,2021,87.0,0,2,0,1,2,20,1,,7,561,0,A,2,2,0,2,(1),(1),4,, -1,1,0,8,30,20,10,2021,16:30,1,13,13084,2,9,0,1,Rue Louis Emmanuel de Florans,43.716257,5.311205,16,2,1
202100034789,139Â 529,A01,1,1,1,1,2,0,-1,0,0,-1,2021,36.0,1,1,0,2,1,5,3,,4,RUE LA FAYETTE,0,,2,4,1,2,(1),(1),1,, -1,1,0,5,50,12,6,2021,00:55,5,75,75109,2,1,0,1,RUE LA FAYETTE,48.876976,2.348111,0,2,2
202100031740,145Â 023,A01,1,1,1,9,2,6,-1,0,0,-1,2021,62.0,1,1,0,2,4,23,1,,4,BOULEVARD DE SEBASTOPOL,0,,2,5,0,1,(1),(1),1,, -1,2,0,1,30,29,6,2021,08:10,1,75,75103,2,2,1,2,BOULEVARD DE SEBASTOPOL,48.868672,2.353895,8,2,2
202100016733,171Â 707,B01,2,2,1,5,1,-1,-1,0,0,-1,2021,70.0,2,2,0,2,4,1,1,,1,10,-1,,3,4,0,2,455,300,1,,10,1,9,1,130,26,9,2021,22:30,3,17,17354,1,1,0,4,A10,45.615962,-0.605192,22,11,5
202100018491,168Â 582,A01,1,1,1,0,1,-1,-1,0,0,-1,2021,37.0,1,2,0,2,1,13,1,,3,37,-1,,2,2,0,1,42,959,3,, -1,1,0,1,90,17,9,2021,13:25,1,34,34209,1,1,0,1,D37,43.293396,3.360083,13,3,2
202100054543,104Â 278,B01,1,1,1,0,2,0,-1,-1, -1,-1,2021,60.0,1,1,0,0,0,0,1,,1,A13,0,,-1,3,0,1,39,750,1,, -1,1,0,1,130,19,1,2021,15:40,1,78,78217,1,1,0,3,A13,48.963314,1.831438,15,2,2
202100037119,135Â 353,A01,1,1,1,5,8,-1,-1,0,0,-1,2021,27.0,1,2,2,0,1,1,1,,3,21,-1,,2,2,0,1,5,600,3,, -1,1,0,3,80,2,6,2021,00:20,3,70,70389,1,1,0,6,RD21 PR005+600,47.397768,5.623884,0,1,1
202100042208,126Â 177,A01,1,1,2,4,2,6,-1,0,0,-1,2021,54.0,1,1,0,2,1,2,1,,4,PORTE DE PASSY,0,,1,4,0,1,13,0,1,, -1,1,0,1,70,27,4,2021,11:10,1,75,75116,2,1,0,2,PORTE DE PASSY,48.854539,2.254923,11,2,2
202100049998,112Â 373,A01,10,3,2,5,0,-1,-1,3,3,1,2021,18.0,1,2,0,1,1,2,1,,3,JOHN KENNEDY (AVENUE),0,,3,4,0,1,2,90,1,, -1,1,0,1,50,25,2,2021,15:30,1,86,86194,2,1,0,6,Avenue John Kennedy,46.586942,0.365035,15,2,1
202100033581,141Â 742,A01,1,1,1,0,2,-1,-1,-1, -1,-1,2021,18.0,1,1,0,2,0,15,1,,4,FRANCHET D'ESPEREY (BOULEVARD),0,,2,9,0,1,(1),(1),1,, -1,1,5,1,50,17,6,2021,20:12,1,51,51454,2,2,0,3,Boulevard Franchet dâEsperey,49.2419279252,4.0141976661,20,2,2
202100017274,170Â 778,B01,1,1,1,5,2,6,-1,0,0,-1,2021,53.0,1,1,0,2,3,13,1,,3,465,-1,,2,2,0,2,5,150,2,, -1,1,0,1,80,25,9,2021,14:20,1,88,88426,1,1,0,1,Rue du Ballon d Alsace,47.837696,6.833405,14,2,2
202100036150,137Â 068,A01,1,1,1,1,1,-1,-1,0,0,-1,2021,54.0,2,4,0,0,0,1,1,,3,435,-1,,2,2,0,1,2,0,3,, -1,1,2,3,80,28,5,2021,14:30,1,9,9094,1,1,0,7,rd 435,43.12184,1.061409,14,1,1
202100027424,152Â 697,A01,1,1,2,5,1,-1,-1,0,0,-1,2021,23.0,2,2,0,2,8,1,1,,2,7,-1,,4,3,0,3,59,700,2,, -1,1,5,1,70,24,7,2021,18:40,1,42,42128,1,9,0,1,N7,45.918087,4.331703,18,4,2
202100023140,160Â 254,A01,1,1,2,1,1,0,-1,-1, -1,-1,2021,28.0,2,2,0,2,1,2,1,,2,FONTAINEBLEAU (AV DE),0,,1,2,0,1,0,0,1,, -1,1,0,1,70,21,8,2021,11:42,1,94,94065,1,1,0,2,FONTAINEBLEAU (AV DE),48.7465617661,2.3668627738,11,2,2
202100046554,118Â 554,A01,1,1,2,4,1,-1,-1,-1, -1,-1,2021,20.0,2,4,3,0,1,13,1,,1,AUTOROUTE A 62,0,,1,2,0,1,0,204,2,, -1,2,3,1,70,26,3,2021,21:20,4,33,33550,1,1,1,6,AUTOROUTE A 62,44.778827,-0.557464,21,1,1
202100031993,144Â 559,A01,2,2,2,9,8,0,-1,0,0,-1,2021,26.0,1,1,0,2,8,1,3,,4,PONT NOTRE DAME,0,,1,2,1,1,(1),(1),1,, -1,2,2,5,30,27,6,2021,02:50,5,75,75104,2,2,1,3,PONT NOTRE DAME,48.855673,2.34832,2,3,2
202100053942,105Â 330,B01,1,1,2,1,8,0,-1,-1, -1,-1,2021,26.0,3,1,0,2,8,19,5,,4,STENDHAL (AVENUE),0,,3,2,2,1,(1),(1),1,, -1,2,0,1,50,22,1,2021,11:00,1,37,37261,2,1,0,6,STENDHAL (AVENUE),47.3682354792,0.7086754092,11,2,2
202100035937,137Â 451,A01,2,2,2,5,1,0,-1,0,0,-1,2021,88.0,2,2,0,2,4,2,1,,4,BOULEVARD PERIPHERIQUE,0,,1,4,0,1,24,0,1,, -1,1,0,1,70,7,6,2021,17:15,1,75,75119,2,1,0,4,BOULEVARD PERIPHERIQUE,48.90073,2.372563,17,4,3
202100042475,125Â 697,B01,1,1,1,5,2,-1,-1,-1, -1,-1,2021,24.0,1,1,0,2,8,1,1,,4,RUE DE BEARN,0,,1,1,0,1,(1),(1),1,, -1,2,0,1,30,26,4,2021,15:45,1,33,33281,2,1,1,3,Rue de BÃ©arn,44.83646,-0.61793,15,2,2
202100048714,114Â 683,B01,1,1,1,9,1,0,-1,-1, -1,-1,2021,24.0,1,1,0,0,0,0,1,,3,PASTEUR (BOULEVARD) DE 1 A 39,0,,2,2,0,1,0,1,1,, -1,1,0,1,50,8,3,2021,11:55,1,93,93027,2,1,0,1,PASTEUR (BOULEVARD) DE 1 A 39,48.9207750246,2.3830885679,11,2,2
202100041761,126Â 962,A01,10,3,2,0,0,-1,-1,3,3,1,2021,59.0,3,5,0,1,3,1,1,,4,CALVAIRE RUE DU,0,,1,1,0,1,(1),(1),1,, -1,1,9,1,50,19,4,2021,10:25,1,59,59350,2,2,0,6,CALVAIRE RUE DU,50.6344,3.08627,10,3,1
202100045066,121Â 176,A01,1,1,1,5,1,-1,-1,0,0,-1,2021,42.0,2,2,10,0,1,13,1,,3,12,-1,,2,2,0,1,38,650,1,, -1,1,0,3,80,2,4,2021,07:15,1,31,31442,1,1,0,6,18 Route de Caujac,43.331057,1.437537,7,1,1
202100038723,132Â 415,D01,1,1,1,5,1,0,-1,-1, -1,-1,2021,34.0,2,2,0,2,2,2,0,,1,AUTOROUTE A6B,0,,1,4,0,1,3,250,1,, -1,1,0,1,90,23,5,2021,12:50,1,94,94038,1,1,0,4,AUTOROUTE A6B,48.77431,2.34625,12,4,4
202100020776,164Â 504,A01,1,1,1,5,2,-1,-1,0,0,-1,2021,52.0,2,1,0,0,0,1,5,,3,135,-1,A,2,1,0,1,8,300,1,, -1,1,2,1,-1,6,9,2021,10:45,1,14,14371,1,1,0,7,D135a,49.01382,0.253496,10,1,1
202100055698,102Â 302,A01,1,1,1,1,2,6,-1,-1, -1,-1,2021,22.0,2,1,0,2,1,1,1,,3,CLEMENCEAU GEORGES AVENUE NÂ°IMPAIR,0,,1,4,0,1,0,0,1,, -1,1,0,1,50,9,1,2021,21:20,5,92,92050,2,4,0,3,CLEMENCEAU GEORGES AVENUE NÂ°IMPAIR,48.8857674241,2.219235599,21,2,2
202100003655,195Â 222,A01,1,1,1,1,1,0,-1,-1, -1,-1,2021,24.0,1,2,6,0,3,13,1,,3,BONNEVILLE (AVENUE DE),0,,2,2,0,1,(1),(1),1,, -1,5,5,3,50,10,12,2021,03:45,5,43,43002,2,6,1,6,Avenue de Bonneville,45.0506558928,3.8824412227,3,1,1
202100048195,115Â 610,B01,1,1,1,0,2,-1,-1,0,0,-1,2021,50.0,2,1,0,2,1,13,1,,3,6110,-1,D,2,2,0,2,4,300,2,, -1,1,0,1,80,13,3,2021,09:40,1,30,30352,1,1,0,1,D6110,43.803221,4.087558,9,2,2
202100041202,127Â 957,A01,10,3,1,0,0,-1,-1,5,9,1,2021,30.0,0,5,0,1,0,0,1,,4,,-1,,1,1,0,2,(1),(1),1,, -1,1,0,4,50,7,5,2021,16:21,1,69,69244,2,1,0,6,VICTOR HUGO (AV),45.7699412816,4.7884478941,16,2,1
202100029206,149Â 550,A01,2,2,2,5,1,-1,-1,0,0,-1,2021,72.0,1,2,12,0,0,1,1,,3,976,0,D,2,1,0,1,55,750,1,, -1,1,5,8,90,11,7,2021,10:50,1,41,41002,1,6,0,7,D976,47.334809,1.239191,10,5,1
202100042775,125Â 189,A01,1,1,1,9,2,-1,-1,0,0,-1,2021,60.0,1,1,0,0,0,1,1,,3,130,0,D,2,2,0,2,26,350,3,, -1,1,0,3,80,23,4,2021,21:25,3,78,78113,1,1,0,7,D130,49.025298,1.818506,21,1,1
202100027868,151Â 899,A01,1,1,2,5,1,-1,-1,-1,0,-1,2021,28.0,2,2,4,2,1,14,1,,1,AUTOROUTE A1,0,,3,8,0,1,25,700,1,, -1,1,0,1,130,20,7,2021,21:57,2,95,95641,1,1,0,2,AUTOROUTE A1,49.06706,2.55246,21,2,2
202100038559,132Â 722,B01,1,1,1,5,2,6,-1,0,0,-1,2021,17.0,1,1,12,2,3,1,1,,4,105,0,D,2,2,0,1,(1),(1),3,, -1,2,0,1,50,24,5,2021,22:00,3,76,76480,2,1,1,3,Route de Fremard,49.802714,0.687534,22,2,2
202100015003,174Â 886,B01,1,1,2,1,1,-1,-1,-1, -1,-1,2021,42.0,3,2,0,2,1,1,0,,4,ST BONNET DE MURE (DE)              (CH),0,,4,2,0,1,(1),(1),1,, -1,2,6,1,30,5,10,2021,07:15,1,69,69290,1,1,1,1,ST BONNET DE MURE (DE) (CHM),45.689669508,4.9787388059,7,2,2
202100055053,103Â 405,A01,1,1,2,1,2,6,-1,0,0,-1,2021,27.0,1,1,0,2,1,1,1,,4,,0,,1,1,0,1,1,0,1,, -1,1,0,1,50,14,1,2021,08:05,2,14,14118,2,7,0,3,Place du Canada,49.18241,-0.36845,8,2,2
202100021091,163Â 955,A01,10,3,2,5,0,-1,-1,0,0,-1,2021,50.0,3,1,0,1,1,16,5,,4,PONT DE L ALMA,0,,2,3,1,2,(1),(1),1,, -1,1,0,5,30,3,9,2021,11:15,1,75,75116,2,2,0,6,PONT DE L ALMA,48.864192,2.301555,11,2,1
202100055886,101Â 981,B01,1,1,1,0,1,0,-1,-1, -1,-1,2021,79.0,1,2,0,2,4,0,1,,1,AUTOROUTE A3,0,,3,6,0,1,12,100,3,, -1,2,0,1,90,7,1,2021,17:00,2,93,93007,1,1,1,2,A3,48.94315,2.47791,17,2,2
202100001818,198Â 549,A01,1,1,1,9,1,-1,-1,0,0,-1,2021,66.0,1,2,9,9,1,2,1,,3,644,-1,D,2,2,0,1,8,500,1,, -1,2,9,3,50,23,12,2021,17:45,5,59,59389,2,1,1,6,Rue Lain,50.108046,3.207847,17,1,1
202100000173,201Â 434,A01,1,1,1,5,2,6,-1,-1, -1,-1,2021,40.0,1,1,0,2,8,15,1,,4,CLEMENCEAU (BOULEVARD GEORGES),0,,2,2,0,1,(1),(1),1,, -1,1,0,1,30,13,10,2021,13:00,1,13,13028,2,9,0,3,CLEMENCEAU (BOULEVARD GEORGES),43.17712,5.61079,13,2,2
202100046681,118Â 332,A01,1,1,1,1,2,6,-1,0,0,-1,2021,59.0,1,1,0,6,1,1,1,,3,61,0,D,2,2,0,1,8,600,1,, -1,1,0,1,80,24,3,2021,22:52,3,201,201006,1,1,0,6,Cardiglione,41.9876502024,8.722076585,22,1,1
202100042808,125Â 141,B01,1,1,1,1,0,-1,-1,-1, -1,-1,2021,41.0,3,1,0,2,1,1,5,,7,YVES FARGE                          (BD),0,,2,2,0,1,63,650,1,, -1,1,0,1,50,23,4,2021,19:30,1,69,69199,2,2,1,3,YVES FARGES (BD),45.6886594149,4.8616433144,19,2,2
202100006745,189Â 727,B01,1,1,1,1,2,0,-1,-1, -1,-1,2021,32.0,1,1,0,2,3,1,1,,3,920,0,,2,2,1,1,0,0,1,, -1,1,0,1,50,23,11,2021,08:50,1,92,92002,2,3,0,3,ARISTIDE BRIAND (AVENUE),48.75681,2.30636,8,2,2
202100051136,110Â 271,A01,1,1,1,1,6,-1,-1,0,0,-1,2021,60.0,2,0,0,0,2,16,3,,3,D46,0,,2,2,0,1,10,340,3,, -1,1,0,4,50,19,2,2021,08:20,2,62,62148,2,6,0,7,D46,50.379759,2.906107,8,1,1
202100031306,145Â 782,B01,1,1,2,9,2,0,-1,0,0,-1,2021,24.0,1,1,0,2,7,19,3,,4,QUAI BRANLY,0,,2,6,1,1,(1),(1),1,, -1,1,0,5,50,2,7,2021,14:20,1,75,75107,2,3,0,3,QUAI BRANLY,48.857473,2.291051,14,2,2
202100050978,110Â 562,A01,1,1,1,1,1,-1,-1,0,0,-1,2021,19.0,1,2,2,0,1,1,1,,3,115,-1,,2,2,0,2,11,800,1,, -1,1,0,3,80,19,2,2021,21:30,3,64,64412,1,1,0,7,D115,43.319542,-0.888948,21,1,1
202100042298,126Â 019,B01,2,2,2,5,2,-1,-1,0,0,-1,2021,18.0,3,1,0,2,1,1,1,,4,LAC (CHEMIN DU),0,,2,2,0,2,(1),(1),3,, -1,1,0,1,50,23,4,2021,16:40,1,65,65286,2,1,0,1,LAC (CHEMIN DU),43.105497,-0.076264,16,3,2
202100008151,187Â 148,B01,1,1,1,4,2,6,-1,-1, -1,-1,2021,24.0,2,1,0,2,1,1,1,,3,SAUSSAIES (R DES),0,,2,2,0,4,1,0,1,, -1,2,9,1,50,14,11,2021,07:15,5,94,94016,2,2,1,3,Rue des Saussaies,48.78674,2.33748,7,2,2
202100031992,144Â 560,A01,10,3,2,5,0,-1,-1,4,3,1,2021,74.0,0,2,0,1,7,15,1,,4,BOULEVARD RASPAIL,0,,1,2,1,2,(1),(1),1,, -1,2,0,1,30,27,6,2021,11:25,1,75,75114,2,3,1,6,BOULEVARD RASPAIL,48.839411,2.330539,11,2,1
202100007678,188Â 027,B01,1,1,1,1,8,0,-1,-1, -1,-1,2021,29.0,1,1,0,2,7,1,5,,4,JOFFRES (AVENUE),0,,2,2,0,1,1,0,1,, -1,1,0,1,50,17,11,2021,08:20,1,93,93032,2,2,0,3,JOFFRES (AVENUE),48.88933,2.52153,8,2,2
202100008868,185Â 890,A01,2,2,1,4,1,-1,-1,0,0,-1,2021,15.0,2,5,0,2,1,2,1,,1,7,-1,,3,5,0,1,109,350,1,, -1,1,0,1,130,9,11,2021,12:45,1,26,26312,1,1,0,2,Autourte du Soleil,44.607182,4.793687,12,3,2
202100014326,176Â 097,B01,1,1,1,9,1,0,-1,-1, -1,-1,2021,56.0,1,2,0,2,1,26,1,,4,GERMAIN ST RUF (AVENUE ),0,,2,2,0,1,(1),(1),1,, -1,1,8,1,50,7,10,2021,17:06,1,971,97107,2,9,0,1,GERMAIN ST RUF (AVENUE ),16.0521923318,-61.5622329712,17,2,2
202100010502,182Â 951,B01,1,1,1,1,1,-1,-1,-1, -1,-1,2021,45.0,3,2,0,2,3,1,1,,4,PAIX (DE LA) ( R ),0,,2,2,2,1,(1),(1),1,, -1,1,0,1,50,28,10,2021,06:48,5,69,69091,1,1,1,1,PAIX (DE LA) (R),45.58275,4.74343,6,3,2
202100043731,123Â 518,B01,1,1,2,5,1,0,-1,-1, -1,-1,2021,26.0,1,2,0,2,4,1,1,,4,RUE JULES FERRY,0,,1,3,0,1,0,0,1,, -1,2,0,1,50,16,4,2021,16:30,1,988,98818,2,1,1,2,RUE JULES FERRY,-22.26809,166.43751,16,2,2
202100016878,171Â 454,B01,1,1,2,9,8,0,-1,-1, -1,-1,2021,25.0,1,1,0,2,3,1,5,,4,ALSACE LORRAINE D',0,,1,1,2,1,0,0,1,, -1,1,0,5,50,24,9,2021,11:30,1,64,64445,2,1,0,3,ALSACE LORRAINE D',43.30457,-0.36794,11,2,2
202100050022,112Â 330,A01,1,1,2,0,1,-1,-1,-1, -1,-1,2021,24.0,1,2,0,2,3,9,1,,4,CHARPAK (RUE GEORGES),0,,2,2,1,1,(1),(1),1,, -1,1,0,1,50,26,2,2021,11:24,1,51,51058,2,1,0,3,Avenue FranÃ§ois Jacob,49.2202842989,4.0059215133,11,3,2
202100028517,150Â 739,A01,1,1,2,9,1,-1,-1,0,0,-1,2021,19.0,1,2,7,0,1,19,1,,3,143,-1,,2,2,0,1,10,600,2,, -1,1,0,3,50,18,7,2021,06:00,1,27,27391,2,3,0,7,Rue d Ezy,48.828728,1.347794,6,1,1
202100012582,179Â 227,A01,1,1,1,5,2,-1,-1,0,0,-1,2021,76.0,3,1,0,0,0,0,5,,4,,0,,2,2,0,2,(1),(1),1,,4,1,0,1,80,17,10,2021,11:05,1,85,85009,1,1,0,7,Route de Chaix,46.436423,-0.866482,11,1,1
202100033054,142Â 659,B01,1,1,1,0,2,-1,-1,-1, -1,-1,2021,65.0,1,1,0,2,1,1,1,,4,PCE MARTYRS DE LA RESISTANCE,0,,2,2,0,1,(1),(1),2,, -1,2,0,1,50,22,6,2021,01:00,5,33,33063,2,1,1,1,Place Martyrs de la RÃ©sistance,44.84214,-0.58511,1,2,2
202100055610,102Â 451,A01,1,1,2,9,1,0,-1,-1, -1,-1,2021,29.0,1,2,0,2,1,1,1,,1,A13,0,,3,6,0,2,48,376,3,, -1,1,0,1,110,11,1,2021,12:30,1,78,78362,1,1,0,3,A13,48.976578,1.719264,12,2,2
202100055705,102Â 291,A01,1,1,2,5,1,-1,-1,0,0,-1,2021,36.0,2,2,0,2,6,23,1,,3,577,-1,,2,3,0,1,0,950,1,, -1,1,0,1,90,8,1,2021,19:40,3,14,14579,1,2,0,2,D577,49.042706,-0.726387,19,4,2
202100045565,120Â 286,A01,1,1,1,3,1,-1,-1,-1, -1,-1,2021,83.0,3,2,0,2,3,20,1,,4,ECOSSAIS (rue des),0,,2,2,0,1,(1),(1),1,, -1,1,0,3,50,31,3,2021,10:48,1,69,69115,1,1,0,3,ECOSSAIS (DE L') (R),45.9759428388,4.7289119697,10,3,2
202100044854,121Â 543,B01,1,1,1,0,2,0,-1,-1, -1,-1,2021,25.0,1,1,0,2,1,1,1,,3,REPUBLIQUE AVENUE DE LA,0,,2,2,0,1,0,0,1,, -1,1,0,1,50,7,4,2021,08:50,1,92,92050,2,3,0,3,REPUBLIQUE AVENUE DE LA,48.9102947493,2.2191792727,8,2,2
202100056235,101Â 375,B01,1,1,2,9,0,-1,-1,-1, -1,-1,2021,34.0,1,1,0,0,8,1,3,,4,,0,,2,2,0,1,(1),(1),1,, -1,1,0,1,50,4,1,2021,09:00,1,69,69383,2,1,0,7,Rue Baraban,45.7597592289,4.8679511094,9,1,1
202100028252,151Â 193,B01,1,1,1,0,2,6,-1,0,0,-1,2021,26.0,2,1,0,2,2,17,1,,3,1083,-1,,2,2,0,1,1,668,1,, -1,1,0,1,50,20,7,2021,08:00,1,1,1249,2,1,1,3,Route de Strasbourg,45.866614,4.912654,8,2,2
202100045558,120Â 306,A01,1,1,1,2,2,8,-1,-1, -1,-1,2021,17.0,1,1,1,0,0,1,1,,4,MOULINS NÂ°1 A 31 ET NÂ°2 A 44,0,,2,2,0,2,(1),(1),1,, -1,1,0,1,50,1,4,2021,09:10,1,78,78586,2,2,0,3,ROOSEVELT (PRESIDENT),48.94458,2.16902,9,2,2
202100035644,138Â 004,B01,2,2,2,0,1,0,-1,-1, -1,-1,2021,37.0,2,2,0,2,4,2,1,,1,TVPCM-Sens Saint Victor vers Les Ports,0,,1,2,0,1,1,549,1,, -1,1,1,1,50,6,6,2021,19:34,1,13,13202,1,1,0,2,TVPCM-Sens Saint Victor vers Les Ports,43.2943,5.36395,19,5,2
202100025144,156Â 712,A01,10,3,1,5,0,-1,-1,2,5,1,2021,39.0,2,5,0,1,1,1,1,,4,BOULEVARD SAINT MARCEL,0,,2,4,0,1,(1),(1),1,, -1,2,0,1,30,7,8,2021,12:30,1,75,75105,2,2,1,6,BOULEVARD SAINT MARCEL,48.83851,2.357049,12,2,1