Num_Acc,id_vehicule,num_veh,place,catu,sexe,trajet,secu1,secu2,secu3,locp,actp,etatp,year_acc,victim_age,senc,catv,obs,obsm,choc,manv,motor,occutc,catr,voie,v1,v2,circ,nbv,vosp,prof,pr,pr1,plan,lartpc,larrout,surf,infra,situ,vma,jour,mois,an,hrmn,lum,dep,com,agg_,int,atm,col,adr,lat,long,hour,nb_victim,nb_vehicules
202100044731,121Â 760,A01,1,1,2,5,1,-1,-1,0,0,-1,2021,67.0,1,2,0,2,1,1,1,,2,25,0,N,2,2,0,1,12,912,1,, -1,1,5,1,80,9,4,2021,09:30,1,62,62086,1,2,0,3,D8,50.218147,2.578343,9,3,2
202100041834,126Â 835,A01,1,1,2,5,2,6,-1,0,0,-1,2021,38.0,1,1,16,0,1,1,1,,3,148,0,D,2,2,0,1,10,560,1,0,"4,8",1,0,3,80,2,5,2021,16:40,1,16,16150,1,1,0,7,Lieu-dit la Basse Perche,45.638857,-0.263543,16,1,1
202100001079,199Â 833,A01,1,1,1,4,2,6,-1,-1, -1,-1,2021,34.0,1,1,0,2,1,1,1,,3,ARISTIDE BRIAND (AVENUE COTE PAIRS),0,,2,3,3,1,1,0,1,, -1,1,0,1,50,28,12,2021,15:35,1,93,93007,2,1,0,3,ARISTIDE BRIAND (AVENUE COTE PAIRS),48.9442394228,2.4472164978,15,2,2
202100027964,151Â 716,A01,1,1,2,5,1,0,-1,0,0,-1,2021,34.0,2,2,0,2,1,2,1,,4,BOULEVARD VOLTAIRE,0,,2,2,0,1,(1),(1),1,, -1,1,0,1,30,20,7,2021,16:05,1,75,75111,2,1,0,2,BOULEVARD VOLTAIRE,48.861396,2.374101,16,2,2
202100038747,132Â 357,B01,1,1,1,0,1,-1,-1,-1, -1,-1,2021,86.0,2,2,0,2,1,2,1,,4,SENECHAL (RUE ADRIEN),0,,2,2,0,2,(1),(1),2,, -1,1,0,1,30,22,5,2021,17:20,1,51,51454,2,1,0,1,Rue Adrien SÃ©nÃ©chal,49.222755,4.015324,17,4,2
202100033530,141Â 836,A01,1,1,1,0,2,0,-1,-1, -1,-1,2021,30.0,1,1,0,2,7,15,1,,4,MERE THERESA (rue),0,,2,2,0,1,(1),(1),1,, -1,1,0,1,50,18,6,2021,16:15,1,973,97302,2,3,0,3,MERE THERESA (rue),4.92245,-52.31258,16,2,2
202100040566,129Â 105,A01,2,2,1,5,0,-1,-1,0,0,-1,2021,19.0,1,2,6,0,1,1,1,,3,,-1,,2,2,0,2,(1),(1),3,, -1,1,0,1,50,7,5,2021,19:45,5,971,97118,2,1,0,7,Chemin de Montebello,16.17559,-61.597724,19,2,1
202100027386,152Â 764,A01,1,1,1,4,2,6,-1,0,0,-1,2021,32.0,1,1,0,2,1,7,1,,4,BOULEVARD MALESHERBES,0,,2,2,3,1,(1),(1),1,, -1,1,0,6,50,23,7,2021,12:35,1,75,75117,2,4,0,3,BOULEVARD MALESHERBES,48.888853,2.304283,12,2,2
202100013450,177Â 697,A01,1,1,1,5,2,-1,-1,0,0,-1,2021,54.0,1,6,16,0,2,0,1,,3,985,0,A,2,2,0,1,25,700,1,, -1,1,0,3,80,8,10,2021,20:00,3,58,58110,1,1,0,7,D985,47.178451,3.725261,20,1,1
202100037393,134Â 824,B01,1,1,2,0,1,0,-1,-1, -1,-1,2021,29.0,1,2,0,2,6,1,1,,1,86,0,,1,3,0,1,79,599,1,, -1,1,1,1,70,31,5,2021,09:20,1,92,92050,1,1,0,4,A86,48.8959108167,2.195209915,9,5,4
202100044238,122Â 592,A01,4,2,1,1,1,-1,-1,-1, -1,-1,2021,57.0,1,2,0,2,4,0,1,,4,STALINGRAD (DE)                     (BD),0,,1,4,1,1,(1),(1),1,, -1,1,0,1,50,12,4,2021,18:55,1,69,69386,2,1,0,2,STALINGRAD (BD),45.7706796187,4.8585864157,18,4,2
202100018215,169Â 045,A01,10,3,2,0,0,-1,-1,4,3,1,2021,49.0,1,2,0,1,3,1,1,,4,EUROPE (BOULEVARD DE L'),0,,2,4,1,1,(1),(1),1,, -1,1,2,1,50,17,9,2021,16:35,1,54,54547,2,9,0,6,EUROPE (BOULEVARD DE L'),48.66169,6.17412,16,2,1
202100048383,115Â 274,B01,1,1,1,2,8,-1,-1,0,0,-1,2021,12.0,0,1,0,2,1,25,5,,4,EDOUARD LUCAS (RUE),0,,2,2,0,1,(1),(1),1,, -1,1,0,1,30,10,3,2021,11:10,1,80,80021,2,1,0,3,EDOUARD LUCAS (RUE),49.89988,2.26863,11,2,2
202100041995,126Â 557,B01,1,1,1,0,2,0,-1,-1, -1,-1,2021,39.0,1,1,0,2,8,1,0,,2,JAURES (BOULEVARD JEAN),0,,3,6,0,2,(1),(1),1,, -1,2,0,1,50,29,4,2021,13:45,1,974,97411,2,2,0,3,JAURES (BOULEVARD JEAN),-20.88838,55.44643,13,2,2
202100026071,155Â 084,B01,1,1,1,4,1,-1,-1,0,0,-1,2021,38.0,2,2,0,2,3,1,1,,3,98,-1,D,2,2,0,1,6,404,1,, -1,1,9,1,50,2,8,2021,08:20,1,6,6018,1,3,0,3,Route des Dolines,43.621698,7.05866,8,2,2
202100046555,118Â 552,A01,1,1,1,0,2,-1,-1,-1, -1,-1,2021,39.0,2,1,0,2,1,0,1,,2,ROUTE NATIONALE 89,0,,3,4,0,1,48,599,3,, -1,1,0,1,90,26,3,2021,18:15,1,33,33013,1,1,0,2,RN89,44.866251,-0.48597,18,2,2
202100044522,122Â 131,A01,10,3,1,5,0,-1,-1,1,3,2,2021,42.0,1,2,0,1,3,11,1,,3,572,-1,N,2,2,0,1,(1),(1),1,, -1,1,0,1,80,11,4,2021,14:00,1,13,13004,1,1,0,1,Rte de St Gilles,43.411125,4.726619,14,2,1
202100037913,133Â 896,A01,9,2,2,5,8,-1,-1,0,0,-1,2021,33.0,2,2,13,0,1,0,1,,3,,0,,2,2,1,1,3,450,2,, -1,1,0,3,50,27,5,2021,23:00,3,85,85288,2,1,0,7,50 Rue de Cayola,46.453868,-1.710505,23,3,1
202100035574,138Â 128,A01,1,1,1,0,8,0,-1,-1, -1,-1,2021,23.0,2,1,0,2,1,1,5,,3,7,0,,1,3,0,1,0,0,1,, -1,1,5,1,50,9,6,2021,14:46,1,92,92062,2,3,0,3,DE DION BOUTON (QUAI) DU 29 AU 65,48.8855351858,2.2514207661,14,2,2
202100049274,113Â 682,A01,1,1,2,1,2,8,-1,0,0,-1,2021,26.0,1,1,2,0,1,1,5,,4,QUAI DE LA SEINE,0,,1,1,1,1,(1),(1),1,, -1,2,-1,5,50,4,3,2021,15:25,1,75,75119,2,2,1,7,QUAI DE LA SEINE,48.884379,2.369193,15,1,1
202100055837,102Â 067,B01,1,1,1,0,2,6,-1,-1, -1,-1,2021,55.0,1,1,0,2,1,17,1,,3,RTE DE LA LIBERATION,0,,3,2,0,1,0,0,1,, -1,1,9,1,50,8,1,2021,18:00,5,94,94019,2,1,0,3,LIBERATION (RTE DE LA),48.80418,2.53617,18,2,2
202100001634,198Â 883,A01,1,1,1,0,1,5,-1,-1, -1,-1,2021,24.0,2,2,0,2,6,26,1,,3,EMILE COSSONNEAU (AVE),0,,1,2,0,1,1,0,1,, -1,1,0,1,50,23,12,2021,04:45,5,93,93051,2,1,0,3,EMILE COSSONNEAU (AVE),48.84925,2.56251,4,4,2
202100025979,155Â 243,A01,4,2,1,5,1,0,-1,-1, -1,-1,2021,15.0,2,2,1,0,6,26,1,,4,ZOLA (EMILE),0,,2,3,2,1,(1),(1),1,, -1,1,0,1,50,1,8,2021,20:30,1,45,45234,2,1,0,6,42 Rue Emile Zola,47.9103255329,1.9079571962,20,4,1
202100029387,149Â 249,A01,4,2,2,5,8,-1,-1,0,0,-1,2021,7.0,2,2,0,0,7,14,1,,1,10,0,,3,3,0,1,66,716,1,,"13,5",2,0,3,130,12,7,2021,03:39,3,28,28199,1,1,0,3,A10,48.200183,1.850422,3,4,1
202100037402,134Â 808,A01,2,2,2,5,1,1,-1,0,0,-1,2021,22.0,1,2,0,2,2,12,1,,4,LAROQUE (PROMENADE ROGER),0,,2,2,0,1,0,0,1,, -1,1,0,1,50,30,5,2021,04:20,5,988,98818,2,3,0,3,PROMENADE ROGER LAROQUE/ROUTE DE L'AQUARIUM,-22.30282,166.43867,4,4,2
202100039780,130Â 484,C01,1,1,1,5,1,0,-1,-1, -1,-1,2021,55.0,2,2,0,2,1,2,1,,1,A507 sens Aubagne- Marseille,0,,1,3,0,1,1,840,1,, -1,1,1,1,70,16,5,2021,11:45,1,13,13055,1,1,0,2,A507 sens Aubagne- Marseille,43.33007,5.39412,11,4,3
202100044004,123Â 019,A01,1,1,1,5,8,-1,-1,-1, -1,-1,2021,21.0,1,5,8,2,1,19,1,,4,FRANCISQUE JOMARD                   (R ),0,,2,2,0,2,(1),(1),1,, -1,1,0,1,50,13,4,2021,23:20,5,69,69149,2,2,0,3,FRANCISQUE JOMARD (R),45.71758,4.79043,23,2,2
202100001682,198Â 788,B01,2,2,2,5,2,6,-1,0,0,-1,2021,33.0,1,1,0,2,1,1,1,,1,A4,0,,3,8,0,1,5,0,1,, -1,1,0,1,90,22,12,2021,20:10,3,75,75112,1,1,0,2,A4,48.8195429804,2.4591994286,20,4,2
202100020734,164Â 568,A01,1,1,1,1,1,-1,-1,0,0,-1,2021,20.0,0,2,2,0,8,1,1,,4,,-1,,2,2,0,1,(1),(1),2,,4,1,0,3,45,1,9,2021,19:45,1,17,17420,1,1,0,7,Le Moulin Neuf,46.110737,-1.017782,19,1,1
202100028163,151Â 359,B01,1,1,2,9,8,0,-1,0,0,-1,2021,36.0,1,1,0,2,0,5,3,,4,RUE DE KABYLIE,0,,1,0,1,1,(1),(1),1,, -1,1,0,5,30,19,7,2021,19:40,1,75,75119,2,3,0,3,RUE DE KABYLIE,48.884293,2.367615,19,2,2
202100026469,154Â 386,A01,10,3,1,1,0,-1,-1,2,3,1,2021,49.0,1,5,0,1,2,1,1,,4,CRS DU MEDOC,0,,2,2,1,1,(1),(1),1,, -1,1,0,1,50,28,7,2021,16:00,1,33,33063,2,1,0,6,Cours du MÃ©doc,44.86337,-0.57285,16,2,1
202100053045,106Â 905,B01,1,1,1,5,8,0,-1,-1, -1,-1,2021,27.0,3,1,0,2,0,16,1,,4,EDOUARD JEANNE (RUE),0,,2,2,0,1,(1),(1),3,, -1,1,0,1,30,30,1,2021,15:03,1,972,97209,2,1,0,1,EDOUARD JEANNE (RUE),14.62053,-61.05609,15,2,2
202100005088,192Â 678,B01,1,1,1,4,1,4,-1,-1, -1,-1,2021,37.0,3,5,0,2,3,1,3,,4,JEAN JAURES (AVENUE),0,,2,2,0,1,(1),(1),1,, -1,2,0,1,50,1,12,2021,16:18,1,10,10081,2,2,0,3,JEAN JAURES (AVENUE),48.31147,4.03671,16,2,2
202100043497,123Â 911,A01,1,1,1,0,1,-1,-1,0,0,-1,2021,65.0,1,2,6,0,3,1,1,,4,,-1,,2,2,0,1,(1),(1),1,, -1,1,0,4,50,19,4,2021,17:55,1,89,89124,2,1,0,6,4 bis Rue de l'Ilot,48.335032,3.166062,17,1,1
202100026972,153Â 500,B01,1,1,1,5,2,-1,-1,0,0,-1,2021,59.0,1,1,0,2,3,1,1,,3,4,0,D,2,2,0,1,40,200,4,, -1,1,0,1,80,27,7,2021,12:35,1,201,201262,1,1,0,3,D4,42.133781,8.853457,12,2,2
202100025280,156Â 467,A01,10,3,2,0,8,8,-1,4,3,1,2021,45.0,1,2,0,1,2,1,1,,4,AIGUILLETTES  (BD 5 A 73-2 A 94),0,,3,4,0,1,(1),(1),1,, -1,2,0,1,50,6,8,2021,08:15,1,54,54578,2,3,0,6,AIGUILLETTES  (BD 5 A 73-2 A 94),48.67239,6.15464,8,2,1
202100005837,191Â 359,A01,1,1,1,5,1,-1,-1,-1, -1,-1,2021,66.0,2,2,0,2,2,2,1,,1,A89 539.050 A 541.188,0,,3,4,0,1,539,799,1,, -1,1,0,1,110,27,11,2021,10:25,1,69,69250,1,1,0,2,A89 539.050 A 541.188,45.81996,4.70716,10,2,2
202100027943,151Â 756,C01,1,1,2,1,2,0,-1,-1, -1,-1,2021,56.0,0,1,0,2,1,1,1,,4,MENDES FRANCE (AVENUE),0,,1,3,0,1,1,0,1,, -1,1,0,1,50,20,7,2021,07:02,1,13,13208,2,1,0,3,MENDES FRANCE (AVENUE),43.2601,5.37534,7,3,3
202100008438,186Â 655,B01,1,1,2,1,1,-1,-1,-1, -1,-1,2021,61.0,1,2,0,2,3,1,1,,4,RAZES (DES)                             ,0,,2,2,0,1,(1),(1),1,, -1,1,0,1,50,7,11,2021,07:15,2,69,69276,2,4,0,3,RAZES (DES) (R),45.6657421275,4.8518881202,7,2,2
202100020827,164Â 418,A01,1,1,1,0,2,8,-1,-1, -1,-1,2021,30.0,2,1,0,2,1,17,1,,4,ABBE LAVIGNE (AVENUE),0,,2,2,0,1,0,0,1,, -1,1,0,1,30,4,9,2021,15:13,1,972,97209,2,1,0,1,ABBE LAVIGNE (AVENUE),14.61241,-61.07172,15,2,2
202100050891,110Â 712,A01,2,2,2,5,2,-1,-1,-1, -1,-1,2021,45.0,0,1,0,2,1,1,1,,4,JOLIOT-CURIE (RUE),0,,2,2,0,1,(1),(1),1,, -1,2,0,1,50,18,2,2021,12:10,1,51,51454,2,3,1,3,Rue Joliot Curie,49.2267451605,4.0031441204,12,3,2
202100030177,147Â 826,A01,3,2,2,0,1,0,-1,-1, -1,-1,2021,8.0,3,2,0,2,7,15,1,,7,EGALITE (BOULEVARD DE L'),0,,2,4,0,1,(1),(1),1,, -1,1,5,1,50,7,7,2021,14:15,1,59,59650,2,2,0,3,EGALITE (BOULEVARD DE L'),50.7104,3.19722,14,3,2
202100033642,141Â 632,A01,10,3,2,4,8,8,-1,4,3,3,2021,37.0,1,1,0,1,8,15,5,,4,AVENUE PARMENTIER,0,,2,2,0,1,(1),(1),1,, -1,1,0,1,30,18,6,2021,08:45,1,75,75111,2,2,0,6,AVENUE PARMENTIER,48.869995,2.371048,8,2,1
202100004581,193Â 586,A01,1,1,1,3,1,-1,-1,0,0,-1,2021,87.0,1,2,0,2,1,13,1,,3,37,-1,,2,2,0,1,4,(1),1,, -1,2,0,1,80,6,12,2021,08:00,2,58,58046,1,1,1,1,dÃ©partementale 37,46.862678,3.663104,8,3,2
202100013980,176Â 711,B01,1,1,1,5,8,0,-1,-1, -1,-1,2021,18.0,2,1,0,2,1,1,5,,4,ANANAS (ROUTE DES),0,,2,2,0,2,0,0,1,, -1,1,0,1,50,10,10,2021,22:15,5,974,97411,1,8,0,3,ANANAS (ROUTE DES),-20.91923,55.48291,22,4,2
202100012355,179Â 634,B01,1,1,1,1,2,6,-1,-1, -1,-1,2021,20.0,1,1,0,2,6,3,1,,1,AUTOROUTE A86,0,,-1,2,0,3,50,723,1,, -1,2,0,1,70,19,10,2021,07:50,1,94,94034,1,1,0,3,AUTOROUTE A86,48.75678,2.33104,7,2,2
202100034598,139Â 869,B01,2,2,2,0,2,0,-1,-1, -1,-1,2021,58.0,1,1,0,2,1,13,1,,9,DEPORTES DE LA RESISTANCE(AV),0,,3,3,0,2,0,0,1,, -1,1,5,8,70,12,6,2021,10:40,1,13,13001,1,1,1,3,DEPORTES DE LA RESISTANCE(AV),43.5008114374,5.3796962623,10,3,2
202100034372,140Â 300,A01,2,2,2,5,1,-1,-1,0,0,-1,2021,72.0,2,2,0,0,0,1,1,,3,33,-1,,2,2,0,2,16,465,1,, -1,9,9,8,80,15,6,2021,15:50,1,53,53055,1,1,0,7,La Noirie,48.418522,-0.548841,15,2,1
202100039962,130Â 158,A01,1,1,1,9,2,0,-1,0,0,-1,2021,24.0,3,1,14,0,1,15,1,,4,AVENUE DE TOURVILLE,0,,2,2,0,1,(1),(1),1,, -1,1,0,1,50,14,5,2021,01:40,5,75,75107,2,7,0,6,AVENUE DE TOURVILLE,48.854082,2.306374,1,1,1
202100001127,199Â 757,A01,1,1,2,0,1,0,-1,-1, -1,-1,2021,26.0,2,2,0,2,1,12,1,,1,A7-Sens Marseille vers Lyon,0,,1,3,0,1,268,0,1,, -1,1,0,1,110,26,12,2021,19:35,3,13,13071,1,1,0,2,A7-Sens Marseille vers Lyon,43.4188476451,5.2726006508,19,1,1
202100015139,174Â 649,B01,1,1,1,0,2,8,-1,-1, -1,-1,2021,17.0,2,1,0,2,1,0,1,,3,39,0,,2,2,0,1,0,0,1,, -1,1,0,1,50,2,10,2021,13:30,1,92,92063,2,3,0,3,RICHELIEU (BOULEVARD),48.870571816,2.1842300892,13,2,2
202100004103,194Â 406,B01,1,1,1,5,1,0,-1,-1, -1,-1,2021,25.0,1,2,0,2,1,1,1,,4,FERRY ( BOULEVARD JULES),0,,2,2,0,1,(1),(1),1,, -1,2,0,1,50,8,12,2021,22:00,5,1,1053,2,2,1,3,FERRY ( BOULEVARD JULES),46.19561,5.22192,22,2,2
202100040405,129Â 388,A01,1,1,1,4,8,-1,-1,0,0,-1,2021,57.0,1,4,13,0,1,13,1,,3,802,-1,,2,2,0,1,12,100,3,, -1,2,0,3,80,11,5,2021,08:35,1,46,46090,1,1,1,6,"Axe dÃ©partemental 802, Point Route 12+100",44.677412,1.719403,8,1,1
202100021807,162Â 642,A01,1,1,2,1,2,0,-1,0,0,-1,2021,27.0,2,1,0,2,1,1,3,,4,QUAI DE LA GARE,0,,2,6,1,1,(1),(1),1,, -1,1,0,5,30,28,8,2021,23:15,5,75,75113,2,2,0,1,QUAI DE LA GARE,48.83735,2.373883,23,2,2
202100028729,150Â 374,A01,1,1,1,3,2,-1,-1,0,0,-1,2021,30.0,1,1,0,0,0,0,1,,3,,-1,,2,2,0,1,47,250,3,,4,1,5,1,50,17,7,2021,18:30,1,61,61181,2,3,0,7,Rue Lemercier,48.793846,0.297258,18,1,1
202100011531,181Â 106,A01,1,1,1,5,2,6,-1,-1, -1,-1,2021,34.0,1,1,12,0,8,1,1,,7,GENERAL LECLERC                     (AV),0,,2,-1,0,1,1,50,1,, -1,1,0,1,50,23,10,2021,00:10,5,69,69034,2,1,0,6,GENERAL LECLERC                     (AV),45.80465,4.86427,0,1,1
202100015590,173Â 814,B01,1,1,1,9,2,6,-1,-1, -1,-1,2021,22.0,1,1,0,2,8,1,2,,4,RUE CONDORCET,0,,1,1,0,1,(1),(1),1,, -1,1,0,1,50,1,10,2021,15:45,1,33,33063,2,2,0,5,Rue Condorcet,44.8564,-0.5774,15,3,3
202100006997,189Â 251,B01,2,2,1,0,1,0,-1,-1, -1,-1,2021,32.0,2,2,0,2,7,13,1,,2,RTE NATIONALE 6,0,,1,2,0,1,6,300,1,, -1,1,0,1,50,20,11,2021,13:15,1,91,91114,2,1,0,2,RTE NATIONALE 6,48.681774,2.492037,13,7,2
202100048428,115Â 195,A01,10,3,1,9,0,-1,-1,2,3,1,2021,18.0,2,2,0,1,1,1,1,,4,CONSIDERANT ( RUE VICTOR ),0,,2,2,0,1,(1),(1),3,, -1,1,9,1,50,10,3,2021,18:25,2,3,3185,2,1,0,6,CONSIDERANT ( RUE VICTOR ),46.34318,2.59009,18,2,1
202100008863,185Â 898,A01,10,3,1,0,0,-1,-1,2,3,1,2021,24.0,1,1,0,1,1,1,3,,4,COMMANDANT DUVAL (RUE DU),0,,1,1,0,1,0,0,1,, -1,1,0,1,30,8,11,2021,18:25,5,92,92023,2,1,0,6,COMMANDANT DUVAL (RUE DU),48.78272,2.23403,18,2,1
202100042970,124Â 863,B01,1,1,1,0,1,-1,-1,0,0,-1,2021,32.0,1,2,0,2,1,5,1,,3,613,0,,2,2,0,2,62,110,1,, -1,1,0,1,80,24,4,2021,09:15,1,27,27425,1,1,0,1,route dÃ©partemantale 613,49.148815,0.699821,9,2,2
202100005711,191Â 597,A01,10,3,2,3,0,-1,-1,4,1,1,2021,50.0,1,2,0,1,1,1,1,,3,117,0,D,2,2,0,1,12,687,1,, -1,2,0,8,30,24,11,2021,17:43,5,9,9160,2,1,1,6,Avenue du Docteur Bernadac,42.931769,1.851384,17,2,1
202100029023,149Â 853,B01,1,1,1,5,2,-1,-1,0,0,-1,2021,73.0,2,1,0,2,9,2,5,,3,909,-1,,2,2,0,1,29,995,1,, -1,1,0,1,90,14,7,2021,10:45,1,61,61179,1,1,0,2,rd909 (La Fresnaye-au-Sauvage),48.724718,-0.261011,10,2,2
202100002629,197Â 081,B01,1,1,1,5,8,0,-1,-1, -1,-1,2021,19.0,0,1,0,2,8,1,1,,4,DANIEL CASANOVA (BOULEVARD),0,,2,3,0,1,0,0,1,, -1,1,0,1,50,16,12,2021,12:30,1,13,13214,2,1,0,3,DANIEL CASANOVA (BOULEVARD),43.329044325,5.3756949881,12,2,2
202100012535,179Â 307,A01,10,3,1,3,0,-1,-1,2,3,1,2021,41.0,1,2,0,1,6,1,1,,3,472,-1,D,2,2,0,1,25,85,1,, -1,1,0,1,50,15,10,2021,17:08,1,39,39500,2,1,0,6,16 Rue de la RÃ©publique,46.936393,5.877348,17,2,1
202100053265,106Â 523,A01,10,3,1,0,0,-1,-1,2,3,1,2021,12.0,3,2,0,1,1,1,1,,4,BUTTE VERTE,0,,2,2,0,1,0,0,1,, -1,1,0,1,50,29,1,2021,16:10,1,93,93051,2,1,0,6,BUTTE VERTE,48.8380341594,2.5723013719,16,2,1
202100034817,139Â 477,A01,1,1,1,5,1,-1,-1,0,0,-1,2021,44.0,3,2,13,0,1,1,1,,4,,-1,,2,2,0,2,(1),(1),1,,4,1,0,3,80,13,6,2021,00:00,3,47,47076,1,1,0,6,Chemin de Marquisat,44.085057,0.728724,0,1,1
202100035031,139Â 077,A01,10,3,2,5,0,-1,-1,3,3,1,2021,15.0,2,2,0,2,1,1,2,,4,SIDI BRAHIM (SQUARE),0,,2,2,0,1,0,0,1,, -1,1,0,1,30,11,6,2021,11:30,1,13,13205,2,1,0,3,SIDI BRAHIM (SQUARE),43.29732,5.4001,11,2,1
202100006431,190Â 302,B01,1,1,2,1,2,-1,-1,0,0,-1,2021,28.0,3,1,0,2,8,23,5,,4,ROBESPIERRE (DE 33 A 107 ET 26 A 94),0,,2,3,0,2,(1),(1),2,, -1,1,5,1,50,23,11,2021,07:05,5,29,29019,2,2,0,3,Rue Robespierre,48.41328,-4.49138,7,2,2
202100049571,113Â 150,A01,1,1,1,1,1,0,-1,-1, -1,-1,2021,37.0,1,2,0,9,3,1,1,,1,A7-Sens Lyon vers Marseille,0,,2,3,0,2,278,0,1,, -1,1,0,1,70,2,3,2021,17:30,1,13,13214,1,1,0,6,A7-Sens Lyon vers Marseille,43.3379,5.3768,17,1,1
202100004447,193Â 815,A01,1,1,1,0,2,6,-1,0,0,-1,2021,33.0,2,1,0,0,0,1,1,,3,115,-1,,2,2,0,1,11,300,1,, -1,1,0,1,80,6,12,2021,20:10,3,66,66160,1,1,0,7,La Forge,42.494979,2.705555,20,1,1
202100018188,169Â 098,A01,1,1,1,9,1,0,-1,-1, -1,-1,2021,25.0,2,2,4,2,1,0,1,,4,ALMA (PAS DE L),0,,2,1,0,2,1,0,2,, -1,1,2,1,50,18,9,2021,07:00,5,94,94055,2,1,0,1,Passage de lâAlma,48.783841,2.516593,7,2,2
202100029043,149Â 824,B01,1,1,1,5,1,-1,-1,0,0,-1,2021,66.0,2,2,0,0,4,24,1,,1,20,0,A,3,4,3,1,400,900,1,, -1,1,0,2,130,15,7,2021,11:10,1,82,82149,1,1,0,2,A20,44.1246259115,1.4786373542,11,2,2
202100048902,114Â 347,A01,1,1,1,5,2,-1,-1,0,0,-1,2021,32.0,2,1,0,2,1,2,1,,3,41,-1,,2,2,0,2,30,170,1,, -1,1,0,1,30,5,3,2021,16:10,1,974,97408,2,1,0,2,CD41,-20.927126,55.346686,16,2,2
202100027715,152Â 174,A01,10,3,1,5,0,-1,-1,1,5,3,2021,17.0,1,2,0,1,1,2,1,,4,SALENGRO ROGER  BD,0,,2,2,2,1,(1),(1),1,, -1,1,0,1,50,21,7,2021,23:40,5,69,69264,2,1,0,6,ROGER SALENGRO  (BD),45.99824,4.71611,23,2,1
202100027665,152Â 269,B01,1,1,1,0,2,6,-1,-1, -1,-1,2021,35.0,1,1,0,2,1,1,1,,1,6,0,,3,6,0,2,17,799,1,, -1,1,0,1,110,22,7,2021,15:10,1,91,91589,1,1,0,2,AUTOROUTE A6,48.67314,2.34345,15,2,2
202100025428,156Â 209,A01,1,1,1,0,8,-1,-1,-1, -1,-1,2021,33.0,3,2,0,2,3,26,1,,3,MARECHAL LECLERC,0,,2,3,3,2,35,242,1,,11,2,0,1,80,4,8,2021,20:46,1,79,79191,1,2,0,3,Rue du MarÃ©chal Leclerc,46.35128,-0.44092,20,2,2
202100039590,130Â 819,B01,5,2,1,9,1,0,-1,-1, -1,-1,2021,32.0,0,2,0,2,1,1,1,,4,ALBERT EINSTEIN (RUE),0,,2,4,0,1,(1),(1),1,, -1,1,0,6,50,17,5,2021,18:00,1,13,13213,2,1,0,3,ALBERT EINSTEIN (RUE),43.34081,5.44266,18,3,2
202100003167,196Â 104,A01,1,1,1,0,2,6,-1,-1, -1,-1,2021,36.0,2,1,14,0,4,13,1,,3,MUSSELBURGH (R DE),0,,2,2,0,1,0,0,1,, -1,2,0,1,30,12,12,2021,11:30,1,94,94017,2,1,1,3,MUSSELBURGH (R DE),48.80869,2.52061,11,1,1
202100041043,128Â 249,B01,2,2,2,0,1,0,-1,-1, -1,-1,2021,28.0,2,2,0,2,4,2,1,,1,AUTOROUTE A86,0,,3,8,0,1,13,500,1,, -1,1,0,1,90,7,5,2021,18:00,1,93,93066,1,1,0,2,AUTOROUTE A86,48.92273,2.35178,18,3,2
202100030315,147Â 575,B01,1,1,1,1,2,6,-1,-1, -1,-1,2021,41.0,1,1,0,2,2,3,1,,1,A4,0,,3,8,0,1,12,0,1,, -1,1,0,1,110,7,7,2021,17:25,1,94,94079,1,1,0,6,A4,48.8352511054,2.5387158104,17,3,3
202100037126,135Â 342,A01,1,1,2,9,1,-1,-1,0,0,-1,2021,29.0,2,2,0,2,1,17,1,,3,178,-1,,2,2,0,2,25,36,1,, -1,1,0,1,80,2,6,2021,07:50,1,35,35360,1,1,0,5,RD 178,48.091095,-1.204848,7,5,5
202100032915,142Â 926,B01,1,1,1,4,8,0,-1,-1, -1,-1,2021,23.0,1,1,0,2,1,1,5,,3,MARECHAL LECLERC (BD DU),0,,2,4,1,4,1,0,1,, -1,2,5,5,50,22,6,2021,14:00,1,94,94042,2,2,1,3,MARECHAL LECLERC (BD DU),48.81205,2.46863,14,2,2
202100054652,104Â 102,B01,1,1,2,0,1,-1,-1,0,0,-1,2021,26.0,0,2,0,0,4,16,1,,3,137,0,D,2,2,0,1,19,250,1,, -1,1,6,1,70,18,1,2021,19:16,3,60,60134,2,2,0,2,D137,49.3183755697,2.432350109,19,2,2
202100006362,190Â 426,B01,1,1,1,1,1,-1,-1,0,0,-1,2021,23.0,3,2,0,2,1,1,1,,3,7,0,D,2,2,0,2,0,0,1,, -1,2,0,1,80,25,11,2021,17:50,3,22,22330,1,1,0,1,La Croix Mallet,48.2512893773,-2.8279323574,17,4,2
202100056205,101Â 428,B01,1,1,1,5,1,-1,-1,0,0,-1,2021,67.0,1,2,0,2,1,1,1,,3,D105,0,,2,2,0,1,23,961,1,, -1,1,0,1,90,5,1,2021,15:10,1,3,3180,1,2,0,3,D53-D105,46.5096617381,3.4638747167,15,3,2
202100030668,146Â 936,B01,1,1,2,5,0,-1,-1,0,0,-1,2021,61.0,1,1,0,2,4,2,5,,3,D23,-1,,2,2,0,1,40,22,1,, -1,1,0,1,80,6,7,2021,14:58,1,33,33341,1,1,0,3,,45.072483,-0.511614,14,2,2