Num_Acc,id_vehicule,num_veh,place,catu,sexe,trajet,secu1,secu2,secu3,locp,actp,etatp,year_acc,victim_age,senc,catv,obs,obsm,choc,manv,motor,occutc,catr,voie,v1,v2,circ,nbv,vosp,prof,pr,pr1,plan,lartpc,larrout,surf,infra,situ,vma,jour,mois,an,hrmn,lum,dep,com,agg_,int,atm,col,adr,lat,long,hour,nb_victim,nb_vehicules
202100044168,122Â 724,A01,10,3,1,9,0,-1,-1,2,3,1,2021,72.0,1,1,0,1,7,1,3,,4,RUE SAINT MAUR,0,,1,1,0,1,(1),(1),1,, -1,1,0,1,50,13,4,2021,10:50,1,75,75111,2,1,0,6,RUE SAINT MAUR,48.869725,2.373668,10,2,1
202100010019,183Â 788,A01,1,1,2,5,1,0,-1,-1, -1,-1,2021,27.0,1,2,0,0,1,26,1,,3,RD 323,0,,1,1,0,1,37,600,3,, -1,1,0,1,70,31,10,2021,11:45,1,49,49007,1,1,0,6,RD 323,47.46458,-0.57347,11,2,1
202100021759,162Â 732,A01,2,2,2,5,1,0,-1,-1, -1,-1,2021,28.0,2,2,0,2,1,2,1,,4,BORIE (BOULEVARD DE LA),0,,3,4,0,1,6,500,1,, -1,1,0,1,50,29,8,2021,13:49,1,87,87085,2,1,0,2,BORIE (BOULEVARD DE LA),45.84416,1.24055,13,3,2
202100026257,154Â 765,A01,1,1,1,0,1,8,-1,-1, -1,-1,2021,64.0,3,2,1,0,2,1,1,,4,NEHRU (ALLEE),0,,2,2,0,1,0,0,1,, -1,1,0,1,50,25,7,2021,13:00,1,974,97407,2,1,0,3,NEHRU (ALLEE),-20.93846,55.30215,13,1,1
202100044427,122Â 272,B01,2,2,1,0,2,6,-1,-1, -1,-1,2021,25.0,2,1,0,2,9,26,1,,1,AUTOROUTE A6B,0,,1,3,0,1,6,605,1,, -1,2,0,1,110,11,4,2021,11:06,1,94,94021,1,9,1,6,AUTOROUTE A6B,48.76059,2.33928,11,5,2
202100040129,129Â 871,B01,2,2,2,9,1,0,-1,-1, -1,-1,2021,43.0,2,2,0,2,4,2,1,,1,A507 sens Aubagne- Marseille,0,,3,3,0,1,1,919,1,, -1,1,1,1,70,12,5,2021,16:45,1,13,13055,1,1,0,4,A507 sens Aubagne- Marseille,43.33006,5.39219,16,6,4
202100041420,127Â 566,B01,2,1,1,0,2,0,-1,-1, -1,-1,2021,19.0,3,1,0,2,1,1,1,,3,VAILLANT-COUTURIER AV. PAUL,0,,2,2,0,1,0,1,1,, -1,1,6,1,30,3,5,2021,17:44,1,93,93063,2,1,0,3,Avenue Paul Vaillant - Couturier,48.88506,2.43413,17,2,2
202100006283,190Â 565,A01,10,3,2,9,0,-1,-1,2,3,1,2021,54.0,1,1,0,1,1,1,1,,4,RUE DE LA MONTAGNE SAINTE GENEVIEVE,0,,1,2,1,2,(1),(1),1,, -1,2,0,1,30,25,11,2021,19:50,5,75,75105,2,1,1,6,RUE DE LA MONTAGNE SAINTE GENEVIEVE,48.848335,2.348518,19,2,1
202100004528,193Â 680,B01,1,1,1,0,2,0,-1,-1, -1,-1,2021,29.0,2,1,0,2,1,1,1,,4,ENDOUME (RUE D'),0,,2,3,0,1,(1),(1),1,, -1,1,0,1,50,5,12,2021,00:51,5,13,13207,2,2,0,1,ENDOUME (RUE D'),43.28981,5.36627,0,2,2
202100040172,129Â 794,A01,1,1,1,5,1,0,-1,-1, -1,-1,2021,16.0,2,2,6,0,2,14,1,,3,VOLKRANGE (ROUTE DE),0,,2,2,0,1,0,920,3,, -1,1,5,1,50,11,5,2021,02:52,3,57,57672,2,1,0,6,VOLKRANGE (ROUTE DE),49.36474,6.09214,2,4,1
202100028596,150Â 603,B01,2,2,2,5,1,0,-1,-1, -1,-1,2021,5.0,2,2,0,2,4,1,1,,2,RN104,0,,3,3,0,1,6,500,1,, -1,1,0,1,90,17,7,2021,17:00,1,77,77373,1,1,0,2,RN104,48.7869240079,2.6174129882,17,4,3
202100018471,168Â 615,A01,1,1,1,4,1,5,-1,0,0,-1,2021,25.0,2,5,0,2,3,13,1,,3,578,-1,,2,2,0,1,105,900,1,, -1,1,0,1,80,17,9,2021,15:40,1,7,7016,1,1,0,1,le raccourcis,44.707264,4.362495,15,3,2
202100036170,137Â 038,B01,2,2,2,5,2,-1,-1,0,0,-1,2021,29.0,2,1,0,2,1,2,1,,3,372,0,D,2,2,0,1,15,850,3,, -1,1,0,1,-1,6,6,2021,15:00,1,91,91180,1,1,0,3,D372,48.443807,2.484369,15,3,2
202100036964,135Â 627,A01,1,1,1,9,1,-1,-1,0,0,-1,2021,21.0,-1,2,0,2,1,15,1,,3,D1235,0,,-1,2,0,1,(1),(1),1,, -1,1,0,1,50,29,5,2021,12:55,1,80,80256,2,1,0,3,LOUIS PASTEUR (AVENUE),49.91359,2.2357,12,3,2
202100039743,130Â 543,A01,10,3,2,5,0,-1,-1,2,1,1,2021,85.0,3,2,0,1,2,0,1,,4,,0,,1,1,0,1,(1),(1),1,, -1,2,6,1,20,14,5,2021,15:20,1,71,71137,2,1,1,6,Rue Lamartine,46.433624,4.65823,15,2,1
202100049107,113Â 977,B01,1,1,1,5,8,0,-1,-1, -1,-1,2021,77.0,1,1,0,2,7,26,5,,4,GAMBETTA (BOULEVARD),0,,2,2,0,1,(1),(1),1,, -1,2,0,1,50,5,3,2021,13:10,1,31,31483,2,3,0,3,GAMBETTA (BOULEVARD),43.09772,0.71274,13,2,2
202100054620,104Â 153,A01,1,1,1,0,1,0,-1,-1, -1,-1,2021,26.0,0,2,0,2,4,0,1,,4,PDT WILSON(RUE) 2A24 ET 1A21,0,,2,3,0,1,0,0,1,, -1,1,0,8,70,17,1,2021,22:29,5,92,92044,2,1,0,2,PDT WILSON(RUE) 2A24 ET 1A21,48.89039,2.2919,22,2,2
202100006953,189Â 339,A01,1,1,1,0,1,-1,-1,0,0,-1,2021,74.0,2,2,1,0,2,1,1,,3,933,0,,2,2,0,1,74,465,1,, -1,1,0,1,50,21,11,2021,18:45,5,1,1427,2,1,0,6,avenue du premier RFM,45.937184,4.785501,18,1,1
202100029446,149Â 146,B01,1,1,1,9,2,0,-1,0,0,-1,2021,29.0,3,1,0,2,0,1,5,,4,PLACE DE LA CONCORDE,0,,2,8,0,1,(1),(1),1,, -1,1,0,1,50,11,7,2021,02:40,5,75,75108,2,7,0,3,PLACE DE LA CONCORDE,48.864087,2.320112,2,2,2
202100030988,146Â 341,B01,3,2,1,0,1,0,-1,-1, -1,-1,2021,32.0,3,2,0,2,3,0,1,,3,AV THIBAUD DE CHAMPAGNE,0,,2,2,0,2,13,558,1,, -1,1,0,1,50,28,6,2021,10:00,1,77,77307,2,1,0,1,AV THIBAUD DE CHAMPAGNE,48.877759,2.73831,10,4,2
202100054171,104Â 915,B01,4,2,2,0,3,-1,-1,-1, -1,-1,2021,2.0,2,2,0,2,9,1,1,,2,ROUTE NATIONALE 230,0,,3,7,0,1,34,833,1,, -1,1,2,1,90,22,1,2021,15:15,1,33,33065,1,1,0,6,ROUTE NATIONALE 230,44.809046,-0.525565,15,5,3
202100036047,137Â 252,B01,1,1,1,4,2,-1,-1,-1, -1,-1,2021,31.0,3,1,0,2,1,25,3,,4,,0,,1,1,0,1,(1),(1),1,, -1,1,0,1,50,6,6,2021,20:47,1,69,69381,2,3,0,3,PUITS GAILLOT (R),45.76795,4.83592,20,2,2
202100055947,101Â 881,A01,1,1,1,1,2,0,-1,0,0,-1,2021,52.0,1,1,0,0,0,7,3,,4,BOULEVARD SAINT GERMAIN,0,,1,4,3,1,(1),(1),1,, -1,2,-1,6,50,7,1,2021,18:15,5,75,75107,2,3,1,7,BOULEVARD SAINT GERMAIN,48.86142,2.320394,18,1,1
202100000764,200Â 347,A01,10,3,2,0,0,-1,-1,2,3,1,2021,78.0,1,2,1,1,2,1,1,,7,PASTEUR RUE LOUIS,0,,2,2,0,1,7,900,1,, -1,2,0,1,50,14,11,2021,10:15,1,42,42103,2,1,1,6,Rue Louis Pasteur,45.50004,4.56642,10,3,1
202100042873,125Â 031,A01,1,1,1,0,2,0,-1,-1, -1,-1,2021,20.0,1,1,0,2,1,1,1,,7,Rue de la Tour de Varan,0,,2,2,0,1,23,1180,1,, -1,9,0,1,50,23,4,2021,18:40,1,42,42095,2,1,0,5,Rue de la Tour de Varan,45.39102,4.28232,18,3,3
202100056088,101Â 624,B01,1,1,1,5,2,-1,-1,0,0,-1,2021,68.0,2,1,12,0,0,1,5,,3,,-1,,2,2,0,2,5,222,1,, -1,1,0,1,50,6,1,2021,16:51,1,64,64410,2,3,0,7,avenue Henry IV,43.372621,-0.62871,16,2,2
202100035275,138Â 649,B01,1,1,1,0,8,-1,-1,0,0,-1,2021,58.0,0,1,0,2,1,1,5,,4,COLAS ALAIN (PARTIE ZI),0,,2,2,0,1,(1),(1),1,, -1,1,0,5,50,8,6,2021,07:08,1,29,29019,2,1,0,3,Rue Alain Colas,48.39087,-4.44466,7,2,2
202100005807,191Â 413,A01,1,1,1,5,1,-1,-1,0,0,-1,2021,40.0,2,2,0,2,1,13,1,,3,924,0,,2,2,0,2,54,676,2,, -1,2,0,1,90,29,11,2021,12:30,1,61,61486,1,1,0,5,Lieu Dit la Brigaudiere,48.761561,-0.682016,12,3,3
202100055196,103Â 155,B01,1,1,2,9,1,8,-1,-1, -1,-1,2021,54.0,3,2,0,2,1,1,1,,4,JONQUIERES (RUE ET CHEMIN DE),0,,2,2,0,1,(1),(1),1,, -1,1,9,1,50,12,1,2021,12:10,1,11,11262,2,3,0,3,JONQUIERES (RUE ET CHEMIN DE),43.16628,2.98179,12,2,2
202100001307,199Â 428,A01,10,3,2,5,0,-1,-1,6,3,2,2021,72.0,1,5,0,1,2,1,1,,9,A,-1,,1,1,0,1,(1),(1),1,, -1,1,6,1,20,6,12,2021,11:10,1,68,68269,2,1,0,6,18 grand'rue,48.193744,7.322761,11,2,1
202100022925,160Â 645,A01,10,3,1,5,0,-1,-1,2,9,2,2021,6.0,2,2,0,1,2,4,1,,4,AVENUE MARC SANGNIER,0,,1,1,0,1,(1),(1),1,, -1,1,0,1,50,22,8,2021,12:55,1,75,75114,2,1,0,6,AVENUE MARC SANGNIER,48.826566,2.305273,12,3,1
202100015511,173Â 974,A01,2,2,1,4,1,0,-1,-1, -1,-1,2021,58.0,2,2,2,2,7,1,1,,4,SIZAIRE (BD.HENRI),0,,1,2,0,1,(1),(1),1,, -1,1,0,1,50,1,10,2021,05:45,5,81,81065,2,1,0,3,SIZAIRE (BD.HENRI),43.60143,2.23896,5,6,2
202100044391,122Â 329,A01,2,2,1,9,8,-1,-1,0,0,-1,2021,48.0,1,2,13,0,9,13,1,,3,1,0,D,2,2,0,2,47,800,3,, -1,2,0,3,-1,10,4,2021,11:40,1,56,56017,1,1,1,6,CalpÃ©rit,47.86891,-2.74991,11,2,1
202100002364,197Â 556,B01,1,1,2,9,2,-1,-1,-1, -1,-1,2021,41.0,2,1,0,2,1,9,1,,4,ANATOLE FRANCE                      (R ),0,,1,1,2,1,(1),(1),1,, -1,1,0,1,30,17,12,2021,08:50,1,69,69199,2,9,0,1,ANATOLE FRANCE (R),45.7108442523,4.8530763388,8,2,2
202100048685,114Â 731,A01,1,1,2,2,2,0,-1,-1, -1,-1,2021,26.0,2,1,0,2,1,1,5,,4,LUCE (BOULEVARD),0,,1,2,0,1,1,0,1,, -1,1,0,1,50,9,3,2021,14:30,1,13,13208,2,2,0,3,LUCE (BOULEVARD),43.2573637921,5.3942857122,14,2,2
202100048998,114Â 171,B01,1,1,2,5,0,-1,-1,0,0,-1,2021,57.0,1,1,0,2,4,11,5,,3,,-1,,2,-1,-1,1,8,868,1,, -1,1,0,1,80,7,3,2021,16:30,1,61,61422,1,2,0,2,D673,48.680279,0.619633,16,2,2
202100038342,133Â 096,A01,1,1,1,0,2,0,-1,-1, -1,-1,2021,25.0,2,1,0,2,1,18,1,,3,RD810,0,,2,3,0,1,28,315,1,, -1,1,0,1,50,25,5,2021,17:15,1,64,64545,2,1,0,2,RD810,43.37477,-1.6786,17,3,2
202100009247,185Â 181,B01,1,1,1,9,1,0,-1,-1, -1,-1,2021,27.0,1,2,0,2,3,2,1,,4,RUE DE L'ATLAS,0,,2,-1,0,1,(1),(1),1,, -1,1,0,1,50,5,11,2021,05:45,5,38,38151,2,2,0,3,RUE DE L'ATLAS,45.15005,5.69938,5,2,2
202100028055,151Â 564,B01,1,1,1,5,0,-1,-1,0,0,-1,2021,46.0,1,1,0,2,3,1,5,,3,902,0,D,2,2,0,2,92,650,3,, -1,1,0,1,80,21,7,2021,08:00,1,73,73290,1,1,1,3,Col de la Madeleine D902,45.293607,6.922417,8,2,2
202100025192,156Â 632,A01,1,1,1,5,1,-1,-1,0,0,-1,2021,25.0,2,2,0,0,0,1,1,,2,7,0,,2,2,0,1,52,990,2,, -1,1,0,1,80,7,8,2021,02:45,3,26,26124,1,1,0,7,Iles du Chez,44.862379,4.854959,2,1,1
202100031164,146Â 029,A01,1,1,1,1,2,8,-1,-1, -1,-1,2021,32.0,0,1,0,2,6,1,1,,7,PEINTRES ROUX (AVENUE DES),0,,2,4,0,1,0,0,1,, -1,1,0,1,50,2,7,2021,14:50,1,13,13212,2,1,0,3,PEINTRES ROUX (AVENUE DES),43.303,5.473,14,2,2
202100001897,198Â 406,A01,10,3,2,0,0,-1,-1,2,3,2,2021,26.0,3,2,0,1,1,1,1,,6,AUCHAN ( CENTRE COMMERCIAL),0,,1,1,0,1,1,0,1,, -1,1,0,1,30,20,12,2021,19:30,5,13,13005,2,1,0,1,AUCHAN ( CENTRE COMMERCIAL),43.29582,5.59377,19,3,1
202100043975,123Â 076,B01,1,1,2,1,1,-1,-1,0,0,-1,2021,33.0,2,2,0,2,4,15,1,,7,10,0,D,2,2,0,1,38,500,1,, -1,1,0,1,80,16,4,2021,15:00,1,13,13114,1,3,0,2,Route de Berre,43.545022,5.343513,15,2,2
202100033931,141Â 110,A01,1,1,1,5,2,-1,-1,0,0,-1,2021,20.0,2,1,0,2,1,5,1,,4,,-1,,2,1,0,2,(1),(1),2,,3,1,0,1,50,17,6,2021,18:00,1,38,38195,2,1,1,1,IMPASSE DU RESERVOIR,45.143343,5.375383,18,2,2
202100044317,122Â 453,A01,10,3,1,5,0,-1,-1,4,3,1,2021,87.0,1,1,0,1,1,1,1,,3,BRIAND AVENUE ARISTIDE AUTRES NÂ°,0,,3,4,1,1,0,1,1,, -1,1,5,1,50,12,4,2021,16:36,1,92,92049,2,2,0,6,BRIAND AVENUE ARISTIDE AUTRES NÂ°,48.817473092,2.3254537582,16,2,1
202100038830,132Â 219,A01,2,2,2,5,2,-1,-1,0,0,-1,2021,52.0,1,1,0,2,1,17,1,,3,16,-1,,2,2,0,1,12,743,1,, -1,1,0,1,90,23,5,2021,14:45,1,37,37038,1,1,0,1,rd16,47.2785850366,0.3253608193,14,4,2
202100002960,196Â 482,B01,1,1,1,1,2,6,-1,0,0,-1,2021,42.0,1,1,0,2,3,3,3,,4,PORTE DAUPHINE,0,,1,4,0,1,15,100,1,, -1,1,0,1,70,14,12,2021,17:35,5,75,75116,2,1,0,3,PORTE DAUPHINE,48.869784,2.271684,17,2,2
202100047510,116Â 838,B01,2,2,1,4,1,0,-1,-1, -1,-1,2021,22.0,1,2,0,2,4,23,0,,4,MAZARGUES (AVENUE DE),0,,1,1,0,1,0,0,1,, -1,1,0,1,50,18,3,2021,17:15,1,13,13208,2,1,0,2,MAZARGUES (AVENUE DE),43.24,5.39,17,5,2
202100017309,170Â 711,B01,2,2,1,1,1,-1,-1,0,0,-1,2021,23.0,1,2,0,2,1,1,1,,3,606,-1,,2,3,0,1,50,195,1,, -1,1,0,1,80,23,9,2021,20:15,5,89,89468,1,3,0,3,D606,48.022162,3.313542,20,3,2
202100029736,148Â 639,B01,1,1,1,0,2,6,-1,-1, -1,-1,2021,63.0,3,1,0,2,8,1,1,,4,JAURES (BLD 2 JEAN),0,,4,2,0,1,0,0,2,, -1,1,0,1,50,8,7,2021,16:00,1,974,97411,2,6,0,3,JAURES (BLD 2 JEAN),-20.90104,55.49683,16,2,2
202100048643,114Â 806,A01,1,1,1,1,2,6,-1,-1, -1,-1,2021,29.0,2,1,0,2,1,0,1,,1,4,0,,1,5,0,1,1,500,1,, -1,1,0,8,90,10,3,2021,09:00,1,94,94018,1,1,0,2,A4,48.81831,2.40985,9,2,2
202100016088,172Â 888,B01,1,1,1,0,1,0,-1,-1, -1,-1,2021,22.0,2,1,0,2,1,17,1,,4,RUE PIERRE BROSSOLETTE,0,,2,1,0,1,0,100,1,, -1,1,0,1,50,28,9,2021,08:00,2,91,91201,2,3,0,3,RUE PIERRE BROSSOLETTE,48.68393,2.415201,8,2,2
202100008396,186Â 723,A01,1,1,1,5,2,-1,-1,0,0,-1,2021,15.0,1,1,0,2,1,2,1,,3,1079,-1,,2,1,0,1,7,490,1,,3,1,0,1,80,13,11,2021,11:40,1,1,1365,1,2,1,3,D1079,46.2854081924,4.928624779,11,4,2
202100023988,158Â 758,A01,2,2,1,0,1,0,-1,-1, -1,-1,2021,1.0,2,2,0,0,2,14,1,,3,RD 41 (ROCADE),0,,1,2,0,1,6,300,2,, -1,2,2,1,60,15,8,2021,16:12,1,972,97209,1,1,1,6,RD 41 (ROCADE),14.6052,-61.08847,16,2,1
202100010127,183Â 600,B01,1,1,2,1,1,8,-1,-1, -1,-1,2021,41.0,3,2,0,2,4,1,1,,4,DOTHEMARE,0,,2,2,0,1,0,0,1,, -1,1,0,1,30,29,10,2021,13:50,1,971,97101,2,1,0,2,DOTHEMARE,16.27038,-61.51602,13,3,2
202100005229,192Â 435,B01,2,2,2,0,2,8,-1,-1, -1,-1,2021,27.0,1,1,0,2,8,0,1,,3,SECTEUR DAMPIERRE,0,,3,2,0,1,(1),(1),1,, -1,1,9,8,70,29,11,2021,18:21,5,971,97113,1,9,0,3,SECTEUR DAMPIERRE,16.20919,-61.47054,18,3,2
202100001582,198Â 981,A01,10,3,1,5,0,-1,-1,3,3,1,2021,81.0,2,2,0,1,1,1,1,,3,CENTRALE (RUE),0,,2,2,0,1,0,560,1,, -1,1,6,1,20,23,12,2021,11:05,1,73,73031,2,1,0,6,D8E CENTRALE (RUE),45.57455,5.94523,11,2,1
202100010480,182Â 990,A01,10,3,1,1,0,-1,-1,4,3,1,2021,11.0,2,2,0,1,8,16,1,,4,MONTTESSUY (RUE DE),0,,2,2,0,1,0,0,1,, -1,1,2,1,50,28,10,2021,15:30,1,91,91326,2,3,0,6,MONTTESSUY (RUE DE),48.688155,2.384687,15,2,1
202100002967,196Â 470,A01,10,3,1,1,0,-1,-1,2,3,1,2021,61.0,1,1,0,1,1,1,5,,4,AVENUE JEAN MOULIN,0,,1,2,2,1,(1),(1),1,, -1,1,0,1,30,14,12,2021,09:15,1,75,75114,2,1,0,6,AVENUE JEAN MOULIN,48.827303,2.325561,9,2,1
202100046881,117Â 974,A01,1,1,1,4,2,-1,-1,0,0,-1,2021,33.0,0,1,0,2,2,11,1,,4,QUATORZE JUILLET 1789 (AVENUE DU),0,,3,4,0,1,(1),(1),1,, -1,1,0,1,50,19,3,2021,11:50,1,80,80021,2,1,0,2,QUATORZE JUILLET 1789 (AVENUE DU),49.87137,2.28042,11,2,2
202100006572,190Â 051,A01,1,1,1,3,2,-1,-1,-1,0,-1,2021,26.0,1,1,0,2,4,23,1,,3,POMPIDOU GEORGES (AVENUE),0,,2,2,0,1,8,650,1,, -1,1,0,1,50,22,11,2021,13:40,1,95,95277,2,1,0,2,RD 370,48.991083252,2.4316048622,13,2,2
202100045802,119Â 883,A01,1,1,1,0,0,-1,-1,0,0,-1,2021,23.0,2,1,0,2,1,1,5,,3,MARCEL BOYER (QU),0,,2,7,1,1,1,0,1,, -1,1,0,5,50,31,3,2021,21:35,5,94,94041,2,9,0,1,Quai Marcel Boyer,48.82173,2.39346,21,2,2
202100010334,183Â 229,B01,1,1,2,5,2,0,-1,-1, -1,-1,2021,20.0,2,0,0,2,1,1,3,,4,BAILLE (BOULEVARD),0,,2,4,1,1,0,0,1,, -1,1,0,1,50,28,10,2021,11:00,1,13,13205,2,2,0,6,BAILLE (BOULEVARD),43.28777,5.39012,11,2,2
202100042552,125Â 568,A01,1,1,1,5,1,-1,-1,0,0,-1,2021,61.0,2,2,2,0,3,1,3,,3,4096,0,,2,2,0,1,18,0,1,, -1,1,0,3,50,27,4,2021,16:05,1,4,4245,2,1,0,6,RD 4096 - Av des Farigoules,43.871628,5.843348,16,1,1
202100043448,123Â 997,A01,1,1,2,1,1,5,-1,0,0,-1,2021,35.0,1,2,0,2,1,26,1,,4,MONTEZE (ROUTE DE),0,,2,2,0,1,0,0,1,, -1,1,0,1,50,19,4,2021,19:45,1,30,30243,2,1,0,1,MONTEZE (ROUTE DE),44.07046,4.09703,19,2,2
202100044882,121Â 494,A01,1,1,1,1,2,6,9,0,0,-1,2021,39.0,2,1,1,2,1,1,1,,3,32,0,C,2,2,0,4,0,530,1,, -1,1,0,1,70,6,4,2021,17:25,1,1,1098,1,3,1,3,D32c,45.777685,5.688059,17,2,2
202100018193,169Â 089,A01,1,1,2,5,1,0,-1,-1, -1,-1,2021,33.0,3,2,12,0,6,2,1,,3,DE GAULLE (AVENUE DU GENERAL),0,,3,4,0,1,0,0,2,, -1,1,0,1,50,18,9,2021,02:30,5,93,93030,2,1,0,2,Avenue du GÃ©nÃ©ral de Gaulle,48.94646,2.41433,2,4,2
202100034863,139Â 392,A01,1,1,1,9,0,-1,-1,0,0,-1,2021,68.0,1,2,13,0,1,0,1,,3,89,-1,,2,2,0,1,12,400,1,, -1,1,0,3,80,12,6,2021,20:15,1,37,37111,1,1,0,6,Travaille Coquin,47.1610446806,1.0909616342,20,1,1
202100004992,192Â 864,B01,1,1,1,5,2,6,-1,0,0,-1,2021,15.0,2,1,0,2,1,1,1,,3,936,-1,,2,2,0,1,128,800,1,, -1,2,5,1,50,1,12,2021,18:15,5,64,64496,2,3,1,1,Avenue de la Soule,43.46886,-1.444391,18,2,2
202100029760,148Â 591,A01,1,1,2,1,1,0,-1,-1, -1,-1,2021,24.0,1,2,0,2,1,1,1,,4,ESTIENNE D'ORVES (BD D'),0,,3,6,0,1,0,0,1,, -1,1,0,1,70,8,7,2021,19:00,1,72,72181,2,2,0,1,ESTIENNE D'ORVES (BD D'),47.98425,0.18533,19,2,2
202100027996,151Â 664,A01,2,2,2,5,2,6,-1,0,0,-1,2021,59.0,1,1,0,2,1,17,1,,3,112,0,,2,2,0,1,1,650,1,, -1,1,0,1,50,18,7,2021,10:50,1,26,26295,2,1,0,2,31 B Rue de la VallÃ©e,45.172167,4.866836,10,3,2
202100056082,101Â 635,A01,1,1,2,1,2,0,-1,-1, -1,-1,2021,27.0,1,1,0,0,0,16,1,,3,PONT DE BILLANCOURT (PLACE DU),0,,1,2,0,2,0,0,2,, -1,2,9,1,50,6,1,2021,09:40,1,92,92012,2,6,1,7,PONT DE BILLANCOURT (PLACE DU),48.8251294829,2.2485584972,9,1,1
202100047856,116Â 218,A01,1,1,1,5,2,-1,-1,0,0,-1,2021,15.0,0,1,0,0,0,21,1,,4,0000,-1,,-1,2,0,1,(1),(1),1,, -1,6,0,1,-1,13,3,2021,16:45,1,78,78530,2,1,0,7,1 Chemin des Bilheux,48.908158,1.671445,16,1,1
202100019978,165Â 924,A01,2,2,2,5,2,-1,-1,0,0,-1,2021,31.0,2,6,3,0,2,1,1,,3,,-1,,2,2,0,1,6,540,1,,4,1,3,1,50,13,8,2021,21:35,5,6,6085,2,4,0,6,Avenue Notre-Dame de Vie,43.598228,7.002425,21,3,2
202100020189,165Â 552,A01,1,1,1,5,2,6,9,0,0,-1,2021,27.0,2,1,13,0,1,1,1,,3,355,0,,2,2,0,3,17,500,2,, -1,1,0,3,80,8,9,2021,17:10,1,29,29238,1,1,0,7,"RD 355- Lieu-dit ""Keraguennec""",48.310102,-4.569025,17,1,1
202100051732,109Â 224,A01,1,1,1,1,2,8,-1,-1, -1,-1,2021,53.0,2,1,0,0,0,1,5,,3,7,0,,2,2,1,1,0,0,1,, -1,7,0,5,30,12,2,2021,09:00,1,92,92048,2,1,0,7,VAUGIRARD (ROUTE DE),48.82014,2.23968,9,1,1
202100036564,136Â 354,A01,1,1,1,0,1,-1,-1,-1, -1,-1,2021,25.0,2,2,0,2,1,1,1,,1,ROCADE A 630,0,,3,6,0,1,15,314,1,, -1,2,0,1,90,4,6,2021,12:30,1,33,33281,1,1,1,4,ROCADE A 630,44.848805,-0.668537,12,4,3
202100050262,111Â 877,A01,1,1,1,0,2,6,-1,0,0,-1,2021,67.0,2,1,0,0,0,14,0,,3,927,0,D,2,2,0,1,49,0,1,, -1,1,0,1,80,25,2,2021,14:00,1,36,36220,1,1,0,7,,46.628194,1.415981,14,1,1
202100004486,193Â 750,A01,4,2,2,5,1,-1,-1,-1,0,-1,2021,22.0,2,2,1,2,1,1,1,,1,AUTOROUTE A15,0,,3,8,0,1,7,500,1,, -1,2,0,1,110,5,12,2021,22:00,3,95,95018,1,1,1,4, A15,48.9614172101,2.2685694695,22,7,3
202100022038,162Â 237,B01,2,2,2,5,1,-1,-1,-1, -1,-1,2021,22.0,2,2,3,2,6,11,1,,1,A6   428.880 A 431.800,0,,3,7,0,1,430,850,1,, -1,1,3,1,110,28,8,2021,21:30,3,69,69009,1,1,0,2,A6,45.94407,4.71868,21,3,2
202100049038,114Â 102,B01,2,2,2,0,1,0,-1,-1, -1,-1,2021,19.0,1,2,4,0,4,2,1,,1,AUTOROUTE A86,0,,3,6,0,1,28,100,2,, -1,1,1,1,90,6,3,2021,12:30,1,93,93064,1,1,0,4,AUTOROUTE A86,48.87036,2.48238,12,4,3
202100045399,120Â 583,A01,1,1,1,5,8,-1,-1,-1, -1,-1,2021,63.0,2,1,0,2,2,15,0,,4,CRS MARECHAL JUIN,0,,3,6,2,1,(1),(1),1,, -1,1,5,1,50,2,4,2021,18:44,1,33,33063,2,4,0,2,Cours MarÃ©chal Juin,44.835957,-0.58342,18,2,2
202100010443,183Â 056,B01,1,1,1,3,2,4,-1,0,0,-1,2021,56.0,1,1,0,2,5,1,5,,4,100,3,T,2,2,0,1,(1),(1),1,, -1,1,0,1,50,29,10,2021,17:20,1,69,69069,2,3,0,3,TOURETTE (DE LA) (R),45.745918,4.732394,17,2,2
202100013210,178Â 124,B01,1,1,1,0,2,-1,-1,-1, -1,-1,2021,40.0,2,1,0,2,1,19,5,,4,FRERES LAFRANCHI (DES)                  ,0,,1,2,0,1,(1),(1),1,, -1,1,0,1,50,14,10,2021,17:15,1,69,69259,2,4,1,1,MARCEL SEMBAT (BD),45.71309,4.87682,17,2,2
202100029744,148Â 624,A01,1,1,1,5,2,6,-1,-1, -1,-1,2021,27.0,1,1,0,2,1,2,1,,4,DOCTEUR HORAND (DU)                 (R ),0,,1,1,2,1,(1),(1),1,, -1,1,0,1,50,8,7,2021,17:10,1,69,69389,2,1,0,2,DOCTEUR HORAND (DU) (R),45.7718651471,4.8018340766,17,2,2
202100016815,171Â 561,A01,1,1,1,0,8,0,-1,-1, -1,-1,2021,16.0,3,1,0,2,1,26,5,,3,AV DU PDT SALVADOR ALLENDE,0,,3,2,0,1,0,0,1,, -1,1,0,1,50,22,9,2021,18:00,1,91,91377,2,1,0,3,AV DU PDT SALVADOR ALLENDE,48.730045,2.258691,18,2,2
202100032447,143Â 779,A01,10,3,1,0,0,-1,-1,3,3,1,2021,43.0,3,2,0,1,1,1,1,,4,TOUTES RUES,0,,2,4,0,1,1,0,1,, -1,1,9,1,50,23,6,2021,19:40,1,202,202033,2,9,0,6,TOUTES RUES,42.70215,9.45156,19,2,1
202100013457,177Â 686,A01,1,1,1,5,2,6,-1,0,0,-1,2021,24.0,0,1,15,0,1,1,1,,3,23,-1,D,2,2,0,1,6,190,2,, -1,1,0,3,-1,13,10,2021,15:20,1,27,27050,1,1,0,6,Route de Nassandres,49.096267,0.758014,15,1,1