Num_Acc,id_vehicule,num_veh,place,catu,sexe,trajet,secu1,secu2,secu3,locp,actp,etatp,year_acc,victim_age,senc,catv,obs,obsm,choc,manv,motor,occutc,catr,voie,v1,v2,circ,nbv,vosp,prof,pr,pr1,plan,lartpc,larrout,surf,infra,situ,vma,jour,mois,an,hrmn,lum,dep,com,agg_,int,atm,col,adr,lat,long,hour,nb_victim,nb_vehicules
202100028111,151Â 456,A01,2,2,1,0,1,-1,-1,-1, -1,-1,2021,17.0,3,2,0,2,1,19,2,,4,EMILE ZOLA     (Cours),0,,2,4,2,1,(1),(1),1,, -1,1,0,1,50,19,7,2021,00:30,5,69,69266,2,2,0,3,EMILE ZOLA (CR),45.7686,4.88442,0,6,2
202100011905,180Â 445,A01,1,1,2,3,1,-1,-1,0,0,-1,2021,71.0,2,2,0,2,3,13,3,,3,977,0,,2,2,0,1,24,400,1,, -1,1,0,1,80,22,10,2021,11:30,1,71,71070,1,1,0,1,D977,46.711332,4.734378,11,2,2
202100055706,102Â 289,A01,3,2,2,5,1,-1,-1,0,0,-1,2021,16.0,1,2,13,0,1,1,1,,3,131,0,C,2,2,0,1,2,500,3,, -1,1,0,3,80,9,1,2021,16:30,1,55,55267,1,1,0,7,d131c,49.047914,5.832635,16,3,1
202100041863,126Â 797,A01,1,1,2,1,1,0,-1,-1, -1,-1,2021,38.0,1,2,4,2,9,2,1,,2,N12Y,0,,3,4,0,1,29,0,1,, -1,1,0,1,110,1,5,2021,08:00,1,78,78073,1,1,0,3,N12Y,48.796953,2.021976,8,2,2
202100014597,175Â 622,A01,10,3,1,0,0,-1,-1,4,3,1,2021,72.0,0,2,0,1,1,16,1,,7,POTIE GEORGES RUE,0,,2,2,0,1,(1),(1),1,, -1,1,0,1,50,4,10,2021,08:55,1,59,59360,2,3,0,6,POTIE GEORGES RUE,50.61349,3.00573,8,2,1
202100021180,163Â 805,B01,1,1,1,1,1,-1,-1,0,0,-1,2021,52.0,0,2,0,0,3,0,1,,3,D1340,0,,3,4,0,2,(1),(1),1,, -1,2,0,1,-1,3,8,2021,06:55,2,67,67023,1,1,1,2,D1340,48.775155,7.716351,6,2,2
202100038674,132Â 506,B01,1,1,2,0,1,-1,-1,0,0,-1,2021,64.0,1,2,0,2,2,1,1,,3,D101,0,,2,2,0,2,2,(1),2,, -1,1,0,1,70,22,5,2021,13:45,1,1,1033,1,3,0,3,D101,46.11204,5.800792,13,3,2
202100049875,112Â 587,A01,10,3,1,0,0,-1,-1,3,3,1,2021,14.0,0,2,0,1,3,16,1,,7,QUESNOY RUE DE,0,,1,2,0,1,(1),(1),3,, -1,1,0,1,50,23,2,2021,18:10,1,59,59636,2,6,0,6,QUESNOY RUE DE,50.69325,3.05173,18,2,1
202100018817,168Â 009,A01,1,1,1,0,2,8,-1,-1, -1,-1,2021,65.0,2,1,0,2,7,1,1,,3,PARIS RUE DE,0,,2,2,0,1,1,0,1,, -1,1,0,1,50,14,9,2021,14:00,1,93,93045,2,5,0,3,Rue de Paris / Rue des BruyÃ¨res,48.878991,2.413012,14,2,2
202100036907,135Â 729,A01,1,1,1,5,2,-1,-1,0,0,-1,2021,57.0,1,1,3,2,1,17,1,,2,20,-1,,2,2,0,2,94,400,1,, -1,2,0,1,80,3,6,2021,14:30,1,9,9189,1,1,1,3,MÃ©rens-les-Vals,42.611854,1.819659,14,2,2
202100006693,189Â 817,B01,1,1,1,5,1,0,-1,-1, -1,-1,2021,18.0,1,2,0,2,9,2,1,,3,D 90,0,,2,2,0,2,2,220,1,, -1,1,0,1,80,8,10,2021,09:00,1,30,30032,1,3,0,3,D 90,43.81375,4.61098,9,2,2
202100022694,161Â 046,A01,1,1,2,5,8,-1,-1,-1, -1,-1,2021,18.0,2,1,12,0,1,1,5,,4,CHEMIN NEUF (DU)                    (MO),0,,1,1,2,2,(1),(1),3,, -1,1,0,1,50,23,8,2021,12:30,1,69,69385,2,1,0,6,CHEMIN NEUF (DU) (MO),45.762,4.826,12,1,1
202100054554,104Â 260,A01,10,3,1,2,0,-1,-1,4,3,1,2021,10.0,1,5,0,0,3,1,0,,3,41,0,,2,2,0,1,3,900,1,, -1,1,0,1,50,18,1,2021,08:22,2,95,95018,2,4,0,6,STALINGRAD (AVENUE DE),48.9521391317,2.2672150932,8,2,1
202100035314,138Â 585,Z01,10,3,1,5,0,-1,-1,2,3,1,2021,78.0,2,1,0,1,1,1,5,,4,BOULEVARD SAINT JACQUES,0,,3,3,0,1,(1),(1),1,, -1,1,0,1,50,9,6,2021,13:15,1,75,75114,2,1,0,6,BOULEVARD SAINT JACQUES,48.832904,2.336474,13,2,1
202100015645,173Â 707,A01,1,1,2,5,2,6,-1,0,0,-1,2021,29.0,2,1,0,2,1,17,1,,4,RUE DU FAUBOURG SAINT HONORE,0,,2,4,0,2,(1),(1),1,, -1,2,0,1,30,2,10,2021,19:10,5,75,75108,2,3,1,1,RUE DU FAUBOURG SAINT HONORE,48.877465,2.299248,19,2,2
202100025620,155Â 888,A01,1,1,1,4,1,8,-1,-1, -1,-1,2021,32.0,2,5,0,2,1,1,1,,4,PRADO (AVENUE DU),0,,2,6,3,1,0,0,1,, -1,1,0,1,50,3,8,2021,10:49,1,13,13208,2,3,0,3,PRADO (AVENUE DU),43.28,5.38,10,2,2
202100015225,174Â 487,B01,1,1,1,1,2,0,-1,-1, -1,-1,2021,40.0,1,1,0,2,8,1,1,,4,AVENUE DE LA REPUBLIQUE,0,,2,4,0,1,(1),(1),1,, -1,1,0,1,30,4,10,2021,17:10,1,75,75111,2,5,0,3,AVENUE DE LA REPUBLIQUE,48.865129,2.374926,17,2,2
202100012266,179Â 800,A01,1,1,1,0,2,6,-1,-1, -1,-1,2021,18.0,1,1,0,2,2,21,1,,4,DE GAULLE AVENUE DU GENERAL,0,,2,2,0,1,0,0,1,, -1,1,0,1,50,19,10,2021,17:35,1,93,93074,2,1,0,2,DE GAULLE AVENUE DU GENERAL,48.9394,2.57127,17,2,2
202100034139,140Â 741,B01,1,1,2,5,1,-1,-1,0,0,-1,2021,27.0,1,2,0,2,8,1,1,,3,981,-1,,2,2,0,1,34,900,1,, -1,1,0,1,80,14,6,2021,17:30,1,71,71498,1,1,0,3,D981,46.622587283,4.6829202015,17,2,2
202100042218,126Â 161,A01,10,3,1,0,0,-1,-1,2,3,1,2021,22.0,2,1,0,1,1,1,1,,3,PAUL VAILLANT COUTURIER (AV),0,,2,1,0,2,0,0,1,, -1,1,0,1,50,28,4,2021,05:45,5,94,94003,2,1,0,1,PAUL VAILLANT COUTURIER (AV),48.80218,2.33848,5,2,1
202100013628,177Â 355,A01,10,3,1,2,0,-1,-1,2,3,1,2021,11.0,3,3,0,1,1,1,1,1.0,4,CARNOT (AVENUE),0,,4,3,3,3,(1),(1),1,, -1,1,0,6,50,11,10,2021,09:08,1,63,63113,2,1,0,6,CARNOT (AVENUE),45.77627,3.0931,9,2,1
202100033433,142Â 012,A01,1,1,1,9,2,0,-1,0,0,-1,2021,41.0,1,1,14,0,0,14,1,,4,QUAI D ORSAY,0,,2,6,0,1,(1),(1),1,, -1,1,0,1,50,19,6,2021,01:30,5,75,75107,2,1,0,6,QUAI D ORSAY,48.862883,2.316927,1,1,1
202100036541,136Â 399,B01,1,1,1,2,1,-1,-1,0,0,-1,2021,19.0,1,2,0,2,1,1,1,,3,26,0,,2,2,0,1,5,800,1,, -1,1,0,1,80,2,6,2021,13:30,1,13,13089,1,3,0,3,D26,43.832669,4.988635,13,2,2
202100037124,135Â 345,A01,1,1,1,0,2,6,-1,0,0,-1,2021,55.0,2,1,0,0,9,1,1,,3,218,-1,D,2,2,0,2,4,870,2,, -1,1,0,1,50,1,6,2021,17:50,1,73,73006,2,1,0,7,D218 Rte de Megeve,45.557577,6.62445,17,1,1
202100049600,113Â 085,A01,2,2,1,9,8,0,-1,-1, -1,-1,2021,26.0,1,1,0,2,1,2,1,,4,FRONT DE MER ( BOULEVARD),0,,2,1,0,1,(1),(1),1,, -1,1,0,1,50,1,3,2021,16:15,1,971,97107,2,1,0,3,FRONT DE MER ( BOULEVARD),16.04236,-61.56438,16,4,2
202100054433,104Â 458,B01,1,1,2,9,1,-1,-1,-1, -1,-1,2021,56.0,0,2,0,2,1,1,1,,4,CAPLAIN (RUE DU),0,,2,4,0,1,(1),(1),1,, -1,2,0,1,50,18,1,2021,18:00,5,50,50602,2,2,1,3,NORTHEIM (AVENUE DE),49.64409,-1.58119,18,2,2
202100008666,186Â 251,A01,1,1,2,0,1,8,-1,-1, -1,-1,2021,64.0,2,5,0,2,8,12,1,,2,RN6 PROVINCE / RN104 INT,0,,1,0,0,1,28,0,1,, -1,1,0,1,90,10,11,2021,20:35,4,91,91617,1,1,1,7,RN6 PROVINCE / RN104 INT,48.63162,2.51784,20,1,1
202100021565,163Â 088,B01,1,1,1,0,2,6,-1,-1, -1,-1,2021,20.0,2,1,0,2,0,2,1,,1,AUTOROUTE A3,0,,3,5,0,1,1,500,1,, -1,1,1,1,90,1,9,2021,16:20,1,93,93006,1,1,0,2,AUTOROUTE A3,48.8695473617,2.4299369253,16,2,2
202100021857,162Â 564,A01,1,1,1,1,2,6,-1,0,0,-1,2021,23.0,1,1,9,0,9,2,1,,3,d12,0,D,2,2,0,1,35,134,3,, -1,1,5,1,50,31,8,2021,08:00,1,31,31345,2,6,0,6,Route des PyrÃ©nÃ©es,43.370363,1.418347,8,1,1
202100029259,149Â 459,A01,10,3,2,5,0,-1,-1,3,3,1,2021,63.0,1,2,0,1,1,1,1,,3,BRADFER ( RUE ERNEST ),0,,2,2,0,1,0,0,1,, -1,1,0,1,50,6,7,2021,17:00,1,55,55029,2,1,0,6,BRADFER ( RUE ERNEST ),48.7691,5.17232,17,2,1
202100016712,171Â 748,A01,1,1,1,5,0,-1,-1,0,0,-1,2021,79.0,1,2,13,0,9,14,1,,3,62,-1,,2,2,0,1,17,670,2,, -1,1,0,3,80,24,9,2021,21:10,3,49,49237,1,1,0,6,les petits chenes cd62,47.461225,0.119412,21,1,1
202100001441,199Â 208,A01,2,2,2,0,2,0,-1,-1, -1,-1,2021,37.0,1,1,0,2,1,1,1,,4,TROUBIRAN (CHEMIN DE),0,,2,2,0,1,(1),(1),1,, -1,1,0,1,50,25,12,2021,04:20,1,973,97309,2,1,0,5,TROUBIRAN (CHEMIN DE),4.91791,-52.30714,4,4,3
202100037677,134Â 309,A01,1,1,1,5,2,9,-1,0,0,-1,2021,36.0,3,1,0,0,3,0,1,,4,,-1,,2,1,0,2,(1),(1),1,, -1,1,0,3,80,28,5,2021,17:40,1,7,7278,1,1,0,7,Route du Moulinon,44.828559,4.600782,17,1,1
202100017327,170Â 678,A01,10,3,1,5,0,-1,-1,1,1,1,2021,19.0,2,2,0,1,2,1,1,,3,674,0,D,2,2,0,1,19,773,1,, -1,2,0,1,80,26,9,2021,01:00,3,33,33393,1,1,1,6,Route de Coutras,45.002179,-0.183635,1,2,1
202100007608,188Â 141,A01,1,1,1,1,2,6,-1,-1, -1,-1,2021,16.0,0,1,0,2,1,2,1,,4,FAUCHER (RUE LEON),0,,-1,2,0,1,(1),(1),1,, -1,2,0,1,50,16,11,2021,18:22,5,51,51454,2,1,1,2,Rue LÃ©on Faucher,49.2692954852,4.0441608783,18,2,2
202100055552,102Â 555,A01,1,1,1,0,2,0,-1,-1, -1,-1,2021,32.0,0,1,0,2,3,26,1,,3,JEAN JAURES  (AVE)  157 A 213,0,,2,2,1,1,0,1,1,, -1,1,0,5,30,10,1,2021,13:33,1,93,93001,2,1,0,3,JEAN JAURES  (AVE)  157 A 213,48.9096372127,2.3984156517,13,2,2
202100034772,139Â 560,A01,1,1,2,0,1,5,-1,-1, -1,-1,2021,65.0,1,2,1,0,3,13,1,,4,CHARMILLES (MAIL DES),0,,1,2,0,1,(1),(1),2,, -1,1,0,1,50,10,6,2021,16:10,1,10,10387,2,1,0,6,CHARMILLES (MAIL DES),48.29975,4.08747,16,1,1
202100021697,162Â 853,A01,2,2,2,5,2,-1,-1,0,0,-1,2021,52.0,2,1,0,0,8,1,1,,3,922,-1,,3,2,0,2,10,100,2,, -1,8,0,1,80,29,8,2021,16:35,1,34,34257,1,1,0,7,cd 922 pk 10+100,43.6749117108,3.0002099352,16,2,1
202100027304,152Â 926,A01,1,1,1,5,1,-1,-1,0,0,-1,2021,80.0,2,2,0,2,1,13,2,,3,6015,-1,,2,3,0,2,37,100,1,, -1,1,0,1,70,23,7,2021,14:00,1,27,27469,1,1,0,1,RD6015,49.280422,1.158296,14,2,2
202100027663,152Â 273,A01,1,1,1,0,1,-1,-1,-1, -1,-1,2021,39.0,1,2,4,0,0,12,1,,1,AUTOROUTE A 62,0,,3,4,0,1,11,900,1,, -1,1,0,1,130,22,7,2021,07:25,1,33,33474,1,1,0,6,,44.678605,-0.48571,7,1,1
202100037200,135Â 188,B01,1,1,1,0,2,0,-1,-1, -1,-1,2021,21.0,2,1,0,2,1,0,1,,4,GOBELINS (DES),0,,2,2,0,2,0,0,2,, -1,1,0,1,50,30,5,2021,20:30,1,76,76351,2,2,0,1,GOBELINS (DES),49.49857,0.10559,20,2,2
202100025843,155Â 492,B01,1,1,2,5,1,0,-1,-1, -1,-1,2021,57.0,1,2,0,2,8,1,1,,1,A50,0,,3,6,0,1,53,900,1,, -1,1,0,1,130,30,7,2021,19:40,1,83,83027,1,1,0,3,A50,43.1750195329,5.7697120318,19,2,2
202100003947,194Â 690,B01,1,1,1,1,1,4,-1,-1, -1,-1,2021,52.0,1,2,6,2,5,1,1,,1,A86 INT,0,,1,3,0,1,30,899,3,, -1,1,1,1,90,8,12,2021,23:55,5,94,94052,1,1,0,2,A86 INT,48.8433249102,2.4931240082,23,2,2
202100007845,187Â 714,A01,1,1,1,1,2,6,-1,0,0,-1,2021,46.0,2,1,0,2,2,3,1,,4,PORTE D AUBERVILLIERS,0,,1,4,0,1,24,100,1,, -1,1,0,1,70,15,11,2021,07:50,1,75,75119,2,4,0,3,PORTE D AUBERVILLIERS,48.900606,2.373933,7,3,2
202100041203,127Â 956,A01,1,1,2,0,1,-1,-1,0,0,-1,2021,30.0,1,2,3,0,1,1,1,,1,42,0,,3,4,0,1,11,556,1,, -1,2,0,2,110,30,4,2021,17:50,1,1,1418,1,1,1,6,A42,45.826907,5.015526,17,1,1
202100043566,123Â 794,A01,1,1,1,0,2,0,-1,-1, -1,-1,2021,36.0,0,1,0,0,0,1,1,,4,JULES VALLES (ALLEE),0,,2,2,0,1,0,0,1,, -1,1,0,1,50,18,4,2021,20:20,1,93,93014,2,1,0,7,JULES VALLES (ALLEE),48.9143370318,2.5533556974,20,1,1
202100033116,142Â 560,A01,1,1,1,4,2,6,-1,0,0,-1,2021,49.0,1,1,0,0,9,1,1,,3,931,0,,2,2,0,2,38,800,1,, -1,1,0,1,50,14,6,2021,06:50,2,32,32107,1,1,0,7,chemin de la terrasse,43.954134,0.351915,6,1,1
202100017079,171Â 099,A01,10,3,2,5,0,-1,-1,4,3,1,2021,79.0,1,5,0,1,3,15,1,,4,RUE SAINTE CROIX DE LA BRETONNERIE,0,,2,2,0,1,(1),(1),1,, -1,1,0,1,30,24,9,2021,12:20,1,75,75104,2,2,0,6,RUE SAINTE CROIX DE LA BRETONNERIE,48.858504,2.35527,12,2,1
202100039854,130Â 342,B01,1,1,2,5,1,0,-1,-1, -1,-1,2021,43.0,1,2,0,2,4,1,1,,3,PRESIDENT SALVADOR ALLENDE (RUE DU),0,,1,2,0,1,0,0,1,, -1,2,0,1,50,15,5,2021,16:40,1,92,92025,2,1,0,2,PRESIDENT SALVADOR ALLENDE (RUE DU),48.9185089765,2.2250640392,16,2,2
202100009186,185Â 291,A01,1,1,1,0,2,0,-1,-1, -1,-1,2021,42.0,1,1,16,0,1,1,1,,1,A14,0,,1,1,0,1,0,500,3,, -1,3,0,1,50,5,11,2021,23:10,5,92,92050,1,1,0,6,A14,48.8945735128,2.2298811523,23,1,1
202100041275,127Â 824,A01,1,1,1,0,2,0,-1,0,0,-1,2021,65.0,2,1,0,2,1,26,1,,7,LAVOISIERS (BD),0,,1,3,0,1,(1),(1),1,, -1,1,0,1,50,4,5,2021,12:29,1,63,63113,2,1,0,2,53 Boulevard Lavoisier,45.78594,3.07947,12,2,2
202100028930,150Â 020,A01,1,1,1,5,2,6,9,0,0,-1,2021,38.0,2,1,13,0,9,1,1,,3,906,0,D,2,2,0,1,27,200,1,, -1,1,0,1,80,14,7,2021,17:00,1,30,30130,1,1,0,7,D 906,44.311842,3.968296,17,1,1
202100035916,137Â 487,A01,1,1,1,5,1,-1,-1,-1, -1,-1,2021,55.0,1,2,1,0,3,13,1,,4,Rue LAFOND,0,,1,1,0,1,(1),(1),1,, -1,1,0,1,50,7,6,2021,15:15,1,35,35238,2,1,0,6,Rue LAFOND,48.12136,-1.66635,15,1,1
202100005433,192Â 085,A01,10,3,2,3,0,-1,-1,2,3,1,2021,69.0,1,2,0,1,1,1,1,,7,952,-1,,2,2,0,1,27,610,1,, -1,1,0,1,30,1,12,2021,17:25,5,37,37203,2,1,0,6,55 Quai de la Loire,47.4085935669,0.7576268777,17,2,1
202100016722,171Â 734,B01,1,1,1,3,2,-1,-1,0,0,-1,2021,65.0,1,1,0,2,8,15,1,,3,116,0,,2,2,0,1,(1),(1),1,, -1,1,0,1,80,27,9,2021,12:30,1,50,50142,1,4,0,3,D 116,49.696742,-1.388971,12,2,2
202100050225,111Â 936,A01,1,1,1,0,2,6,-1,-1, -1,-1,2021,26.0,2,1,0,2,3,1,0,,3,ROGER SALENGRO (AV),0,,1,1,0,1,1,0,1,, -1,1,9,1,20,25,2,2021,12:05,1,94,94017,2,9,0,3,Avenue Roger Salengro,48.817186,2.497322,12,2,2
202100052356,108Â 134,A01,1,1,1,5,2,6,9,0,0,-1,2021,23.0,2,1,8,0,0,1,1,,3,504,0,D,2,2,0,1,50,500,3,, -1,1,0,3,50,7,2,2021,18:50,2,69,69074,2,1,0,6,RIVOLET (DE) (RTE),45.9993926616,4.6397937993,18,1,1
202100039442,131Â 102,A01,10,3,1,5,0,-1,-1,2,3,1,2021,73.0,1,2,0,1,1,1,1,,7,LIBERATION (AVENUE DE LA),0,,2,2,0,1,(1),(1),1,, -1,1,0,1,50,18,5,2021,18:50,1,54,54395,2,1,0,6,LIBERATION (AVENUE DE LA),48.6964559723,6.1517965794,18,2,1
202100016821,171Â 553,A01,10,3,1,0,0,-1,-1,3,3,2,2021,4.0,1,2,0,1,1,1,1,,4,JEAN RAYNAL (RUE),0,,2,4,0,1,0,0,1,, -1,1,0,1,50,24,9,2021,18:00,1,91,91434,2,1,0,6,JEAN RAYNAL (RUE),48.660989,2.345127,18,2,1
202100042203,126Â 185,A01,1,1,1,0,2,8,-1,-1, -1,-1,2021,15.0,0,1,0,0,0,15,1,,3,LA BEYLESSE (CARREFOUR),0,,-1,2,0,1,52,20,1,, -1,2,0,1,50,28,4,2021,13:15,1,7,7281,2,6,1,7,LA BEYLESSE (CARREFOUR),44.9452,4.85254,13,1,1
202100025075,156Â 833,A01,1,1,1,5,2,6,-1,0,0,-1,2021,57.0,1,1,0,2,1,13,1,,3,900,0,,2,2,0,1,105,10,3,, -1,1,0,1,80,8,8,2021,17:30,1,4,4120,1,1,0,1,RD 900,44.476628,6.779197,17,2,2
202100040953,128Â 415,A01,1,1,1,5,2,6,-1,0,0,-1,2021,64.0,1,1,0,2,6,1,1,,4,QUAI DE BERCY,0,,2,6,0,2,(1),(1),1,, -1,1,0,1,50,7,5,2021,14:10,1,75,75112,2,1,0,3,QUAI DE BERCY,48.838911,2.375629,14,2,2
202100055213,103Â 124,A01,10,3,2,1,0,-1,-1,4,3,1,2021,26.0,2,2,0,1,3,1,1,,4,RUE DE MAUBEUGE,0,,1,2,3,1,(1),(1),1,, -1,1,0,1,30,13,1,2021,08:10,1,75,75109,2,4,0,6,RUE DE MAUBEUGE,48.878621,2.345963,8,2,1
202100046168,119Â 243,A01,10,3,2,5,0,-1,-1,3,3,1,2021,15.0,1,2,0,1,2,1,1,,3,306,-1,,3,2,0,1,5,765,1,, -1,1,0,1,70,26,3,2021,15:10,1,56,56078,1,1,0,6,Z.A. Pen ManÃ© (ArrÃªt de bus),47.80659,-3.461804,15,2,1
202100009506,184Â 720,A01,1,1,1,5,1,-1,-1,0,0,-1,2021,47.0,1,5,3,2,3,2,1,,7,17,-1,D,2,2,0,1,11,549,2,, -1,2,0,1,80,1,11,2021,05:50,3,34,34217,2,1,1,1,980 Route de Mende,43.70355,3.867302,5,2,2
202100032349,143Â 938,A01,10,3,2,3,8,8,-1,4,3,1,2021,17.0,1,0,0,1,1,1,0,,3,GALLIENI (AV.) DE 111 A 175,0,,2,3,0,1,1,0,1,, -1,1,0,1,50,25,6,2021,16:40,1,93,93010,2,1,0,6,GALLIENI (AV.) DE 111 A 175,48.906349,2.482611,16,2,1
202100056302,101Â 257,A01,1,1,1,1,2,6,-1,0,0,-1,2021,30.0,1,1,0,0,7,1,1,,3,316,-1,,3,2,0,1,18,700,1,, -1,2,0,1,80,4,1,2021,19:15,5,95,95149,1,6,1,7,RD 316,49.127161,2.429942,19,1,1
202100029730,148Â 648,A01,1,1,1,0,1,0,-1,-1, -1,-1,2021,24.0,2,2,0,2,4,9,1,,1,AUTOROUTE A1,0,,3,9,0,2,0,100,1,, -1,1,0,1,90,9,7,2021,22:40,5,93,93066,1,1,0,2,AUTOROUTE A1,48.90287,2.35863,22,2,2
202100026817,153Â 785,A01,1,1,2,5,1,8,-1,-1, -1,-1,2021,32.0,3,2,8,2,3,16,1,,4,LAC (AVENUE DU),0,,2,0,0,1,(1),(1),2,, -1,1,0,1,50,26,7,2021,19:45,1,37,37208,2,6,0,5,LAC (AVENUE DU),47.3659856363,0.7176411152,19,3,3
202100002128,197Â 992,A01,1,1,1,5,2,8,-1,-1, -1,-1,2021,60.0,1,1,14,0,1,1,1,,4,LYAUTEY (BD.MARECHAL),0,,2,1,0,2,(1),(1),1,, -1,1,0,8,50,18,12,2021,01:50,5,81,81065,2,1,0,6,LYAUTEY (BD.MARECHAL),43.604921,2.255287,1,1,1
202100027318,152Â 893,B01,2,2,2,0,1,0,-1,-1, -1,-1,2021,15.0,1,2,0,2,9,1,1,,2,MACE (BOULEVARD GABRIEL),0,,2,2,0,1,(1),(1),1,, -1,1,0,1,50,23,7,2021,09:50,1,974,97411,2,1,0,6,MACE (BOULEVARD GABRIEL),-20.87297,55.44768,9,4,3
202100042752,125Â 224,A01,1,1,1,5,2,6,-1,0,0,-1,2021,28.0,3,1,17,0,1,0,1,,4,nc,0,N,-1,2,0,2,(1),(1),2,, -1,1,0,3,90,25,4,2021,15:30,1,3,3105,1,1,0,6,Route des Charpes,46.220261,3.719419,15,1,1
202100006421,190Â 318,B01,1,1,1,0,2,0,-1,-1, -1,-1,2021,31.0,1,1,0,2,1,1,1,,4,BOULEVARD DE LA PRAIRIE DE MAUVES,0,,3,2,0,1,(1),(1),1,, -1,1,0,1,80,24,11,2021,18:30,3,44,44109,1,1,0,3,BOULEVARD DE LA PRAIRIE DE MAUVES,47.22348,-1.5016,18,2,2
202100025524,156Â 045,A01,1,1,1,9,1,-1,-1,0,0,-1,2021,20.0,1,2,0,2,2,1,1,,3,300,-1,D,2,2,0,2,3,880,3,, -1,2,0,1,70,6,8,2021,16:24,1,72,72295,1,1,0,1,lieu dit le marquoie,48.340363,0.347518,16,2,2
202100047219,117Â 361,A01,1,1,1,0,1,0,-1,-1, -1,-1,2021,23.0,3,2,8,0,1,1,1,,4,SAINT MANS SQUARE,0,,2,2,0,1,1,0,1,, -1,1,0,1,50,20,3,2021,18:15,2,49,49007,2,1,0,6,SAINT MANS SQUARE,47.48577,-0.51212,18,1,1
202100034410,140Â 226,B01,1,1,1,4,1,-1,-1,-1, -1,-1,2021,38.0,2,5,0,2,4,2,1,,1,AUTOROUTE A 63,0,,3,4,0,1,11,0,1,, -1,1,0,1,130,15,6,2021,07:50,1,33,33122,1,1,0,4,,44.724659,-0.733242,7,4,3
202100050307,111Â 778,A01,1,1,1,1,2,6,-1,-1, -1,-1,2021,45.0,1,1,0,0,8,1,1,,3,CHARLES DE GAULLE (AVENUE),0,,2,0,0,1,0,100,1,, -1,1,0,1,50,24,2,2021,13:35,1,91,91421,2,2,0,3,CHARLES DE GAULLE (AVENUE),48.69644,2.45676,13,2,2
202100041467,127Â 485,B01,1,1,1,9,2,6,-1,0,0,-1,2021,34.0,2,1,0,2,1,1,1,,3,182,-1,,2,2,0,1,10,461,3,,"6,7",1,2,1,80,5,5,2021,18:06,1,79,79048,1,4,0,3,,46.369648,-0.283622,18,2,2
202100002321,197Â 643,A01,10,3,2,5,0,-1,-1,3,3,2,2021,51.0,1,2,0,1,7,1,1,,3,766,0,D,2,2,0,1,39,780,1,, -1,1,0,4,50,18,12,2021,17:00,2,37,37167,2,1,0,6,1 Avenue de la Liberation,47.5466425758,0.5467884243,17,2,1
202100016316,172Â 472,A01,10,3,1,5,0,-1,-1,3,3,1,2021,83.0,1,2,0,1,2,1,1,,3,,-1,,2,2,0,1,3,850,1,,4,1,6,1,50,30,9,2021,10:40,1,66,66180,2,1,0,6,90 Allees de la Mediterranee,42.7718831973,3.0050584674,10,2,1
202100016158,172Â 758,A01,10,3,1,1,8,8,-1,4,3,1,2021,31.0,2,0,0,1,0,1,1,,4,FAUBOURG SAINT VINCENT (RUE DU ) DU139 A,0,,2,2,0,1,(1),(1),1,, -1,1,0,1,50,29,9,2021,10:27,1,45,45234,2,2,0,6,Rue du Faubourg Saint Vincent,47.91252,1.91565,10,2,1
202100012571,179Â 243,A01,1,1,2,1,2,6,-1,0,0,-1,2021,18.0,1,1,0,0,9,1,1,,3,201,-1,,2,1,0,1,51,380,1,, -1,8,0,1,50,15,10,2021,17:20,1,68,68309,2,6,0,7,D201,47.665293,7.444139,17,1,1
202100051225,110Â 114,A01,2,2,1,0,8,8,-1,0,0,-1,2021,27.0,1,4,2,0,0,21,1,,3,6,0,,2,2,0,1,10,605,1,, -1,1,0,3,80,18,2,2021,08:50,1,26,26157,1,1,0,6,Route de Crest,44.608656,4.85056,8,2,1
202100048156,115Â 669,B01,1,1,1,4,2,0,-1,-1, -1,-1,2021,26.0,1,1,0,2,1,1,1,,3,BD MAXIME GORKI,0,,2,4,1,1,1,0,1,, -1,1,0,1,50,13,3,2021,13:00,1,94,94076,2,1,0,2,Boulevard Maxime Gorki,48.79233,2.36962,13,2,2
202100032438,143Â 792,A01,10,3,1,5,0,-1,-1,3,3,1,2021,70.0,1,2,0,1,1,1,1,,4,BRETON (AVENUE ANDRE),0,,2,2,0,1,0,0,1,, -1,1,6,1,50,24,6,2021,10:20,1,46,46042,2,9,0,-1,BRETON (AVENUE ANDRE),44.44698,1.432471,10,2,1
202100037903,133Â 914,A01,1,1,1,5,2,6,-1,0,0,-1,2021,68.0,2,1,0,9,1,2,5,,3,17,0,D,2,2,2,1,6,250,1,, -1,1,0,5,90,29,5,2021,16:30,1,15,15215,1,1,0,2,Lieu Dit Oyez,44.97681,2.519249,16,2,2
202100050377,111Â 650,B01,1,1,1,1,1,0,-1,-1, -1,-1,2021,54.0,2,5,0,2,1,1,1,,4,PAUL VAILLANT COUTURIER (RUE),0,,1,1,0,2,1,0,1,, -1,1,0,1,50,24,2,2021,19:10,5,93,93049,2,2,0,3,PAUL VAILLANT COUTURIER (RUE),48.8614,2.504,19,2,2
202100043704,123Â 569,A01,1,1,1,4,1,-1,-1,0,0,-1,2021,34.0,1,2,0,2,2,2,1,,2,10,-1,,2,2,0,2,27,700,1,,7,1,0,1,80,18,4,2021,06:50,2,201,201247,1,1,0,2,RT10,41.621466,9.284059,6,2,2