Num_Acc,id_vehicule,num_veh,place,catu,sexe,trajet,secu1,secu2,secu3,locp,actp,etatp,year_acc,victim_age,senc,catv,obs,obsm,choc,manv,motor,occutc,catr,voie,v1,v2,circ,nbv,vosp,prof,pr,pr1,plan,lartpc,larrout,surf,infra,situ,vma,jour,mois,an,hrmn,lum,dep,com,agg_,int,atm,col,adr,lat,long,hour,nb_victim,nb_vehicules
202100046293,119Â 032,A01,7,2,1,5,0,-1,-1,0,0,-1,2021,24.0,1,2,0,2,3,15,1,,3,135,-1,,2,2,0,1,28,820,1,, -1,1,0,1,80,28,3,2021,00:30,3,30,30347,1,2,0,6,D135,43.731267,4.272952,0,4,2
202100045082,121Â 151,B01,1,1,1,1,8,-1,-1,0,0,-1,2021,41.0,2,2,5,2,2,5,1,,4,40,-1,,2,2,0,1,(1),(1),1,, -1,1,0,1,80,24,3,2021,19:20,2,66,66065,1,1,0,1,D40,42.6055589071,2.9868968949,19,2,2
202100015728,173Â 551,C01,1,1,1,0,1,0,-1,-1, -1,-1,2021,68.0,1,2,0,2,6,1,1,,1,AUTOROUTE A15,0,,1,8,0,1,5,0,1,, -1,1,2,1,110,28,9,2021,09:00,1,92,92036,1,1,0,4,AUTOROUTE A15,48.9436471157,2.2877561673,9,3,3
202100046167,119Â 244,A01,1,1,1,5,2,-1,-1,0,0,-1,2021,45.0,3,1,13,0,1,1,1,,4,,-1,,2,2,0,1,(1),(1),2,, -1,1,0,3,50,29,3,2021,17:45,1,56,56165,1,1,0,6,Le Bois Hellio (Monterrein),47.894068,-2.33967,17,2,1
202100055578,102Â 511,A01,1,1,1,3,1,-1,-1,0,0,-1,2021,47.0,1,2,10,0,2,1,1,,3,18,0,D,2,2,0,2,32,610,1,, -1,2,2,1,80,11,1,2021,18:15,3,56,56242,1,1,1,6,ManÃ© Derves,48.099513,-3.16819,18,1,1
202100048789,114Â 560,B01,1,1,1,1,2,6,-1,-1, -1,-1,2021,38.0,2,1,0,2,7,1,1,,3,PARIS (R DE),0,,2,2,1,1,0,375,1,, -1,1,0,1,30,8,3,2021,12:10,1,94,94018,2,3,0,3,PARIS (R DE),48.827444,2.404502,12,2,2
202100030795,146Â 717,B01,1,1,2,9,1,0,-1,-1, -1,-1,2021,22.0,0,2,0,2,1,9,1,,4,,0,,2,2,0,1,0,0,1,, -1,1,0,1,50,29,6,2021,17:40,1,91,91434,2,1,0,3,JUVISY (AVENUE DE),48.653969,2.353929,17,2,2
202100029400,149Â 227,B01,1,1,1,9,1,-1,-1,0,0,-1,2021,40.0,1,4,0,9,3,1,1,,3,2,-1,A,2,2,0,1,3,500,2,, -1,1,0,1,80,12,7,2021,18:05,1,85,85178,1,1,0,7,Le Boucheau,46.749256,-1.455581,18,2,2
202100001387,199Â 289,B01,2,2,2,5,8,0,-1,-1, -1,-1,2021,20.0,3,1,0,2,3,1,3,,4,JEAN MERMOZ (AVENUE),0,,2,2,0,1,0,0,1,, -1,2,0,1,30,25,12,2021,16:20,1,93,93033,2,2,1,3,JEAN MERMOZ (AVENUE),48.86078,2.5826,16,3,2
202100006092,190Â 912,A01,1,1,2,1,2,6,-1,0,0,-1,2021,57.0,2,1,0,2,7,1,1,,4,PORTE D AUTEUIL,0,,1,4,0,1,(1),(1),1,, -1,1,0,1,70,25,11,2021,18:45,5,75,75116,2,4,0,3,PORTE D AUTEUIL,48.84673,2.254527,18,2,2
202100031073,146Â 200,A01,2,2,2,5,2,6,-1,-1, -1,-1,2021,17.0,1,1,0,2,5,1,1,,3,VENDEENS (AV DES),0,,2,2,0,1,0,505,1,, -1,1,0,1,50,29,6,2021,16:45,1,50,50218,2,1,0,2,VENDEENS (AV DES),48.83532,-1.5793,16,3,2
202100028273,151Â 159,A01,1,1,2,5,2,8,-1,-1, -1,-1,2021,63.0,1,1,0,2,1,1,1,,3,ZEPHIR (ROCADE),0,,2,1,0,1,3,612,1,, -1,1,0,1,50,18,7,2021,10:50,1,973,97302,2,3,0,3,ZEPHIR (ROCADE),4.93573,-52.30272,10,4,2
202100039268,131Â 414,A01,1,1,1,0,2,-1,-1,0,0,-1,2021,15.0,0,1,0,2,0,5,3,,4,COQUELICOTS (RUE DES),0,,1,1,0,1,(1),(1),3,, -1,1,0,1,50,13,5,2021,15:12,1,80,80021,2,1,0,3,COQUELICOTS (RUE DES),49.89348,2.25428,15,2,2
202100000508,200Â 793,B01,1,1,2,0,1,0,-1,-1, -1,-1,2021,42.0,1,2,0,2,1,23,0,,4,GUITTON JEAN (ALLEE),0,,1,1,0,2,(1),(1),1,, -1,1,0,1,50,8,11,2021,08:55,1,42,42218,2,1,0,2,Les Allees Jean Guitton,45.46143,4.37965,8,2,2
202100015797,173Â 432,B01,1,1,1,4,1,-1,-1,0,0,-1,2021,35.0,2,2,3,2,3,1,1,,3,768,-1,,2,2,0,1,72,285,1,, -1,2,2,1,80,1,10,2021,11:30,1,56,56237,1,1,0,1,D768,48.040596,-2.950135,11,2,2
202100024089,158Â 601,A01,1,1,1,5,2,6,-1,0,0,-1,2021,18.0,1,1,0,2,1,1,1,,3,17,-1,,2,2,0,1,13,600,3,, -1,1,0,1,50,14,8,2021,12:25,1,7,7312,2,1,0,1,,45.12666,4.772246,12,3,2
202100029647,148Â 794,A01,2,2,2,5,8,-1,-1,0,0,-1,2021,52.0,1,2,3,0,1,1,1,,1,19,-1,,3,4,0,1,104,900,2,, -1,1,0,8,130,11,7,2021,09:55,1,45,45301,1,1,0,6,A19-PR 104 + 900,48.108692,2.130661,9,2,1
202100027080,153Â 316,A01,1,1,1,0,2,6,-1,-1, -1,-1,2021,35.0,3,1,0,2,1,13,1,,7,CIOTAT (ROUTE DE LA RN559),0,,2,2,1,2,0,0,3,, -1,1,0,1,80,24,7,2021,11:45,1,13,13005,1,1,0,1,CIOTAT (ROUTE DE LA RN559),43.27137,5.58925,11,2,2
202100001914,198Â 372,A01,10,3,2,5,0,-1,-1,2,3,2,2021,43.0,3,5,0,1,1,15,3,,4,FOUR (R DU),0,,2,2,0,1,0,1,1,, -1,1,0,1,50,21,12,2021,13:45,1,94,94022,2,3,0,6,Rue du Four,48.7544,2.40933,13,3,1
202100023091,160Â 339,A01,1,1,1,5,8,0,-1,-1, -1,-1,2021,10.0,1,0,0,2,1,5,5,,3,BOIS NOIRS (ALLEE DES) (2),0,,2,2,0,2,(1),(1),1,, -1,1,0,4,50,20,8,2021,17:30,1,974,97416,2,1,0,3,BOIS NOIRS (ALLEE DES) (2),-21.28574,55.46003,17,2,2
202100001627,198Â 893,A01,1,1,1,1,8,0,-1,0,0,-1,2021,42.0,1,0,14,0,3,13,3,,4,RUE DE RIVOLI,0,,2,3,1,1,(1),(1),1,, -1,1,-1,5,30,23,12,2021,08:30,1,75,75101,2,2,0,6,RUE DE RIVOLI,48.860075,2.343403,8,1,1
202100039150,131Â 644,A01,1,1,1,1,2,6,-1,-1, -1,-1,2021,24.0,3,1,0,2,1,17,1,,4,PORT AUTONOME.,0,,2,2,0,1,0,0,1,, -1,1,0,1,50,20,5,2021,08:40,1,94,94011,2,1,0,3,PORT AUTONOME.,48.78302,2.48776,8,2,2
202100000746,200Â 381,A01,2,2,2,0,8,0,-1,-1, -1,-1,2021,19.0,1,2,16,2,2,13,1,,4,Section Port Blanc,0,,2,1,0,2,(1),(1),3,, -1,1,0,1,30,31,12,2021,17:47,4,971,97113,1,9,0,3,Section Port Blanc,16.23611,-61.44583,17,3,2
202100009524,184Â 687,A01,2,2,1,5,2,6,-1,0,0,-1,2021,38.0,1,1,0,0,0,2,1,,3,116,-1,,2,2,0,1,27,500,1,, -1,1,0,1,80,24,10,2021,18:20,1,17,17057,1,1,0,7,D116,46.177334,-0.842514,18,2,1
202100050076,112Â 226,B01,1,1,1,1,2,6,-1,-1, -1,-1,2021,28.0,1,1,0,2,1,0,1,,3,"""STALINGRAD (AVENUE), NR 88 A 114 BIS""",0,,2,2,0,1,0,1,1,, -1,1,0,1,50,25,2,2021,13:20,1,93,93066,2,1,0,3,"""STALINGRAD (AVENUE), NR 88 A 114 BIS""",48.9473774146,2.373748971,13,2,2
202100029801,148Â 519,A01,1,1,1,0,2,6,-1,-1, -1,-1,2021,33.0,1,1,0,2,2,26,1,,4,JOFFRE   BOULEVARD (79 et 18),0,,2,2,0,1,(1),(1),1,, -1,1,0,1,50,8,7,2021,22:55,5,17,17300,2,9,0,3,JOFFRE   BOULEVARD (79 et 18),46.15659,-1.14287,22,2,2
202100029569,148Â 937,A01,1,1,1,0,1,0,-1,-1, -1,-1,2021,39.0,2,2,4,2,3,0,1,,1,AUTOROUTE A1,0,,2,8,3,2,4,0,1,, -1,1,0,1,90,10,7,2021,04:00,5,972,97213,1,1,0,6,AUTOROUTE A1,14.61815,-61.03242,4,1,1
202100018231,169Â 017,A01,1,1,1,5,0,-1,-1,0,0,-1,2021,25.0,2,2,16,0,9,1,1,,3,776,-1,,3,4,0,1,8,(1),1,, -1,2,0,3,90,19,9,2021,04:35,3,22,22193,1,1,0,7,D776,48.438255,-2.433364,4,1,1
202100054368,104Â 579,A01,1,1,1,1,2,6,-1,-1, -1,-1,2021,34.0,2,1,0,2,1,2,1,,3,LENINE (AVENUE) NR 28 A 62 ET 13 A 41,0,,2,4,0,1,0,1,1,, -1,2,0,1,50,20,1,2021,07:00,5,93,93066,2,3,0,2,LENINE (AVENUE) NR 28 A 62 ET 13 A 41,48.9449416885,2.35953919,7,2,2
202100032667,143Â 371,A01,1,1,1,1,1,-1,-1,-1, -1,-1,2021,21.0,2,2,3,0,1,13,1,,3,CONQUERANT (BOULEVARD GUILLAUME LE),0,,3,4,0,1,28,30,1,, -1,2,5,1,50,21,6,2021,08:20,1,50,50129,2,4,1,6,CONQUERANT (BOULEVARD GUILLAUME LE),49.64524,-1.63802,8,1,1
202100051319,109Â 938,A01,1,1,1,1,2,0,-1,0,0,-1,2021,19.0,2,1,0,2,1,1,1,,4,AVENUE DES GOBELINS,0,,2,4,0,1,(1),(1),1,, -1,2,0,1,50,15,2,2021,20:30,5,75,75113,2,3,1,3,AVENUE DES GOBELINS,48.833931,2.353815,20,2,2
202100043403,124Â 081,A01,1,1,1,1,1,8,-1,-1, -1,-1,2021,24.0,1,2,0,2,2,21,1,,1,A13W,0,,3,4,0,2,22,0,1,, -1,1,0,1,110,20,4,2021,17:10,1,78,78007,1,1,0,4,A13W,48.897143,2.006424,17,4,3
202100041725,127Â 028,A01,1,1,1,5,2,6,-1,0,0,-1,2021,58.0,3,1,0,0,1,1,1,,4,,0,,2,2,0,1,(1),(1),2,,5,1,0,1,50,1,5,2021,11:40,1,33,33122,1,1,0,7,Chemin Saint-Ãloi de Noyon,44.712212,-0.741298,11,1,1
202100000702,200Â 458,B01,1,1,2,0,1,0,-1,0,0,-1,2021,22.0,1,2,0,2,4,2,1,,4,,0,,3,4,1,1,(1),(1),1,, -1,1,0,1,50,31,12,2021,18:30,5,6,6088,2,3,0,4,ARIANE (BD DE L'),43.734105,7.292184,18,4,3
202100055969,101Â 845,B01,1,1,2,1,8,-1,-1,0,0,-1,2021,16.0,2,1,0,0,7,1,1,,3,904,0,,2,2,0,1,48,500,1,, -1,1,0,1,80,7,1,2021,19:30,3,1,1089,1,2,0,3,D904,45.959448,5.302035,19,2,2
202100012970,178Â 556,A01,1,1,2,5,1,-1,-1,0,0,-1,2021,60.0,2,2,0,2,3,15,1,,3,3,0,,2,2,0,1,3,0,1,, -1,1,0,1,80,17,10,2021,12:25,1,77,77460,1,2,0,2,D3,49.003181,3.060057,12,2,2
202100012622,179Â 149,B01,1,1,1,1,8,-1,-1,-1, -1,-1,2021,24.0,1,1,9,2,4,1,3,,4,ROCHETTE (DE LA)                    (MO),0,,1,1,0,2,(1),(1),1,, -1,1,0,1,50,8,10,2021,23:45,5,69,69034,2,9,0,2,ROCHETTE (DE LA) (MO),45.78846,4.82729,23,2,2
202100002794,196Â 774,A01,10,3,2,9,0,-1,-1,3,3,1,2021,16.0,1,2,0,1,3,15,2,,4,RUE RAYMOND LOSSERAND,0,,1,1,0,1,(1),(1),1,, -1,1,0,1,50,14,12,2021,17:05,5,75,75114,2,2,0,6,RUE DE RIDDER,48.830958,2.31229,17,2,1
202100019457,166Â 860,A01,1,1,1,5,2,6,9,0,0,-1,2021,16.0,3,1,0,0,7,1,1,,4,,0,,2,2,0,2,(1),(1),3,,4,9,9,1,50,20,5,2021,18:32,1,38,38051,1,1,0,6,Rue des Ecoles,45.3193,4.876159,18,1,1
202100039002,131Â 924,A01,1,1,2,0,2,8,-1,-1, -1,-1,2021,60.0,1,1,0,2,3,19,5,,4,PARIS (RUE DE) 1/97 - 2/114,0,,1,1,2,1,0,0,1,, -1,1,0,1,50,21,5,2021,08:20,1,92,92012,2,3,0,3,PARIS (RUE DE) 1/97 - 2/114,48.841153934,2.2401796281,8,2,2
202100020310,165Â 333,A01,1,1,2,2,1,0,-1,-1, -1,-1,2021,20.0,1,2,1,0,2,1,1,,4,VALLON DE TOULOUSE (RUE),0,,2,2,0,1,0,0,1,, -1,1,0,1,50,7,9,2021,07:30,1,13,13209,2,1,0,4,VALLON DE TOULOUSE (RUE),43.2675066948,5.4216286042,7,1,1
202100028232,151Â 233,A01,10,3,2,3,8,-1,-1,9,B,1,2021,75.0,3,4,0,1,0,15,1,,3,751,-1,,2,2,0,1,(1),(1),1,, -1,1,0,1,50,20,7,2021,09:45,1,49,49261,2,9,0,6,quai de la loire,47.34972,-0.226529,9,2,1
202100001016,199Â 949,B01,1,1,1,1,2,0,-1,0,0,-1,2021,18.0,3,1,0,2,6,1,1,,4,COMBES (BD EMILE),0,,2,4,1,1,(1),(1),1,, -1,1,0,1,50,28,12,2021,18:40,4,35,35238,2,2,0,3,Boulevard Emile Combes,48.09348,-1.66853,18,2,2
202100044498,122Â 160,A01,3,2,2,4,1,-1,-1,0,0,-1,2021,56.0,2,2,4,0,2,1,1,,1,31,0,,3,5,0,2,96,500,2,, -1,2,0,1,130,11,4,2021,13:15,1,52,52014,1,1,1,6,a31 pk 96+500,47.7671737656,5.1909756656,13,3,1
202100027811,152Â 001,A01,1,1,1,3,2,6,-1,0,0,-1,2021,20.0,2,1,0,2,1,1,1,,3,933,-1,,2,2,0,1,6,300,1,, -1,1,0,1,80,22,7,2021,09:00,1,80,80092,1,2,0,3,D 933,49.960345,2.27402,9,2,2
202100002363,197Â 558,A01,1,1,2,0,8,-1,-1,-1, -1,-1,2021,46.0,1,0,0,2,1,1,3,,4,ALBERT THOMAS                       (CO),0,,1,2,3,1,(1),(1),1,, -1,1,0,6,50,17,12,2021,14:05,1,69,69383,2,2,0,1,ALBERT THOMAS (CR),45.7444330685,4.8745749146,14,2,2
202100024025,158Â 702,B01,1,1,1,5,2,0,-1,0,0,-1,2021,41.0,1,1,0,2,1,5,5,,4,RUE LAGILLE,0,,1,1,0,1,(1),(1),1,, -1,1,0,1,30,15,8,2021,22:00,5,75,75118,2,3,0,3,RUE LAGILLE,48.894616,2.329104,22,2,2
202100011605,180Â 982,A01,1,1,1,5,2,0,-1,-1, -1,-1,2021,25.0,3,1,0,2,7,1,1,,4,DUBOUT (AVENUE ALBERT),0,,1,2,0,1,(1),(1),3,, -1,1,0,1,50,21,10,2021,00:30,5,34,34172,2,1,0,3,DUBOUT (AVENUE ALBERT),43.60244,3.89148,0,2,2
202100026783,153Â 848,A01,2,2,1,5,1,0,-1,-1, -1,-1,2021,42.0,1,2,1,0,1,14,1,,4,NEXON (RUE DE),0,,2,2,0,1,0,0,1,, -1,2,0,1,50,26,7,2021,16:42,1,87,87085,2,1,1,6,NEXON (RUE DE),45.8195,1.26584,16,2,1
202100049487,113Â 298,A01,1,1,1,5,8,0,-1,0,0,-1,2021,42.0,1,1,0,2,1,2,5,,4,FERRE (PLACE),0,,1,1,0,1,(1),(1),3,, -1,1,5,1,50,2,3,2021,12:25,1,65,65440,2,6,0,2,FERRE (PLACE),43.228352,0.075421,12,2,2
202100011050,181Â 970,B01,1,1,1,0,2,6,-1,-1, -1,-1,2021,24.0,3,1,0,2,7,1,1,,7,EUROPE (DE L')                      (BD),0,,3,3,1,1,0,1,1,, -1,1,0,1,50,25,10,2021,08:00,1,69,69152,2,9,0,3,EUROPE (DE L')                      (BD),45.70709,4.82124,8,2,2
202100045017,121Â 260,B01,1,1,2,0,8,-1,-1,-1, -1,-1,2021,57.0,1,1,0,2,7,1,3,,4,JACQUARD                            (R ),0,,1,1,2,1,(1),(1),1,, -1,1,0,1,50,5,4,2021,19:00,1,69,69384,2,2,0,3,JACQUARD (R),45.77631,4.82367,19,2,2
202100048243,115Â 516,B01,1,1,2,1,8,0,-1,-1, -1,-1,2021,26.0,0,0,0,2,1,1,5,,4,RONDEAUX. AVENUE JEAN,0,,2,2,1,1,21,600,1,, -1,1,0,5,30,9,3,2021,08:45,1,76,76540,2,1,0,2,RONDEAUX. AVENUE JEAN,49.43337,1.0752,8,2,2
202100000770,200Â 338,B01,1,1,2,1,2,4,-1,0,0,-1,2021,19.0,0,1,0,2,1,13,3,,4,JAURES (RUE JEAN),0,,1,2,3,2,(1),(1),1,, -1,1,9,6,50,31,12,2021,18:05,5,27,27229,2,1,0,1,JAURES (RUE JEAN),49.02136,1.15151,18,2,2
202100048790,114Â 559,B01,1,1,2,0,1,0,-1,-1, -1,-1,2021,57.0,3,2,0,2,1,0,1,,4,GUY MOCQUET (R),0,,2,1,0,1,1,0,1,, -1,1,0,1,50,8,3,2021,14:40,1,94,94017,2,3,0,4,GUY MOCQUET (R),48.8192,2.51463,14,2,2
202100012577,179Â 234,B01,1,1,1,5,2,-1,-1,0,0,-1,2021,23.0,0,1,0,0,8,23,1,,3,2,-1,,2,2,0,1,1,(1),1,, -1,1,0,1,50,19,10,2021,16:55,1,38,38381,1,3,0,3,Route du Stade,45.56018,5.477538,16,2,2
202100041460,127Â 498,A01,1,1,1,2,2,6,9,0,0,-1,2021,17.0,1,1,7,0,1,17,1,,7,113,0,,2,2,0,2,33,50,1,, -1,2,0,1,70,5,5,2021,08:50,1,13,13051,1,1,1,1,D113,43.589083,5.11883,8,1,1
202100014434,175Â 897,A01,1,1,1,0,1,0,-1,-1, -1,-1,2021,46.0,-1,2,15,0,4,23,1,,3,BRANLY BD EDOUARD,0,,1,2,0,1,1,0,1,, -1,1,8,1,30,8,10,2021,14:45,1,93,93063,2,6,0,2,BRANLY BD EDOUARD,48.8739632001,2.4404792383,14,2,2
202100006451,190Â 267,B01,1,1,1,5,2,6,-1,0,0,-1,2021,31.0,1,1,0,2,8,0,1,,3,ROCHAT AV.PHILIPPE,0,,4,4,2,1,23,525,1,, -1,1,5,1,50,9,11,2021,10:35,1,6,6004,2,2,0,3,VAUTRIN BD DU GENERAL,43.585114,7.118088,10,2,2
202100028748,150Â 339,A01,10,3,1,5,0,-1,-1,5,9,3,2021,16.0,1,2,0,1,2,16,1,,3,,-1,,2,2,0,1,59,600,1,,4,1,0,4,50,14,7,2021,00:30,5,88,88486,2,3,0,6,2 Rue Michel Collinet,48.007819,6.716246,0,5,1
202100055002,103Â 495,A01,1,1,2,1,1,0,-1,-1,0,-1,2021,21.0,1,2,0,2,1,26,1,,2,104,0,,3,4,0,1,14,100,1,, -1,2,0,1,110,14,1,2021,07:50,3,95,95365,1,1,1,2,RN 104,49.0652290063,2.4079027885,7,2,2
202100039917,130Â 237,A01,10,3,2,3,8,8,-1,3,3,1,2021,70.0,3,2,0,1,5,23,1,,4,JOFFRE (MARECHAL),0,,2,2,0,1,0,0,1,, -1,1,0,1,50,14,5,2021,10:37,1,87,87114,2,2,0,6,JOFFRE (MARECHAL),45.83734,1.30721,10,2,1
202100045963,119Â 594,B01,1,1,1,0,2,8,-1,-1, -1,-1,2021,23.0,1,1,0,2,1,1,1,,3,GENERAL SARRAIL (AVE),0,,2,2,0,1,(1),(1),1,, -1,1,0,1,50,29,3,2021,20:09,1,10,10081,2,9,0,3,GENERAL SARRAIL (AVE),48.311474,4.052933,20,2,2
202100019928,166Â 010,B01,1,1,1,1,2,6,-1,-1, -1,-1,2021,48.0,3,1,0,2,3,9,0,,3,985,0,,1,0,0,1,1,0,1,, -1,1,2,1,50,1,9,2021,12:00,1,92,92073,2,1,0,3,PONT DE SURESNES,48.8670496202,2.2287762165,12,2,2
202100051294,109Â 989,B01,1,1,1,4,2,6,-1,-1, -1,-1,2021,56.0,2,1,0,2,2,1,1,,4,BD DU PDT FRANKLIN ROOSEVELT,0,,3,4,1,1,(1),(1),1,, -1,1,1,1,50,16,2,2021,07:15,2,33,33522,2,1,0,3,Boulevard du PrÃ©sident Franklin Roosevelt,44.820576,-0.581753,7,2,2
202100044878,121Â 500,A01,1,1,1,1,2,6,-1,0,0,-1,2021,35.0,1,1,16,0,0,1,1,,3,224,0,D,2,2,0,4,13,190,1,, -1,1,0,3,80,6,4,2021,20:10,2,35,35223,1,1,0,7,D224,48.021979,-2.040377,20,1,1
202100032978,142Â 809,C01,1,1,1,5,1,0,-1,-1, -1,-1,2021,36.0,2,2,0,2,1,2,1,,1,A507 sens Aubagne- Marseille,0,,-1,3,0,1,3,299,1,, -1,1,0,1,70,22,6,2021,15:50,1,13,13055,1,1,0,4,A507 sens Aubagne- Marseille,43.3236364488,5.4226441383,15,3,3
202100038039,133Â 667,A01,1,1,2,1,8,0,-1,0,0,-1,2021,24.0,1,1,0,2,8,11,3,,4,AVENUE DES CANADIENS,0,,1,3,0,3,(1),(1),1,, -1,1,0,1,50,27,5,2021,11:00,1,75,75112,2,1,0,3,AVENUE DES CANADIENS,48.817959,2.460356,11,2,2
202100045340,120Â 696,A01,10,3,2,0,0,-1,-1,5,1,2,2021,21.0,3,3,0,1,2,1,1,1.0,4,GUYON (FELIX),0,,2,2,0,2,0,0,1,, -1,1,0,4,50,2,4,2021,11:35,1,974,97411,2,1,0,6,Rue FÃ©lix Guyon,-20.87882,55.45445,11,2,1
202100004438,193Â 830,C01,9,2,2,9,1,-1,-1,0,0,-1,2021,42.0,1,2,0,2,1,2,1,,2,165,0,,3,6,0,1,96,336,1,, -1,1,3,1,90,6,12,2021,07:50,2,56,56098,1,1,0,4,N165 bretelle Ã©changeur,47.778298,-3.354151,7,5,3
202100029056,149Â 804,A01,1,1,1,5,2,-1,-1,0,0,-1,2021,21.0,2,1,9,0,1,1,1,,4,6,0,D,3,2,1,1,(1),(1),2,, -1,2,5,1,50,8,7,2021,02:28,5,33,33449,2,6,1,6,Avenue Descartes,44.882252,-0.688105,2,1,1
202100006571,190Â 054,A01,1,1,1,5,8,-1,-1,-1,0,-1,2021,16.0,3,1,1,2,1,1,1,,4,LAUGERE JEAN (AVENUE),0,,2,2,0,1,(1),(1),1,, -1,1,0,1,50,22,11,2021,17:50,5,95,95019,2,9,0,1,LAUGERE JEAN (AVENUE),48.9953633941,2.417485714,17,2,2
202100019238,167Â 241,B01,1,1,2,9,2,8,-1,-1, -1,-1,2021,31.0,1,1,9,2,7,19,5,,3,7,0,,2,0,0,1,0,0,1,, -1,1,0,1,50,11,9,2021,16:50,1,92,92004,2,1,0,3,AULAGNIER ( QUAI ),48.9119704836,2.3015389274,16,2,2
202100048125,115Â 723,B01,1,1,1,0,1,0,-1,-1, -1,-1,2021,53.0,2,2,0,2,9,1,1,,3,7,0,,2,6,0,1,0,0,1,, -1,1,0,1,50,13,3,2021,13:40,1,91,91027,2,1,0,4,RTE NATIONALE 7,48.704837,2.371586,13,3,3
202100050626,111Â 196,A01,1,1,1,0,2,6,9,0,0,-1,2021,30.0,2,1,0,2,1,17,1,,3,41,0,D,2,2,0,1,58,998,1,, -1,1,0,1,80,23,2,2021,16:16,1,25,25334,1,1,1,2,D41,46.963839,6.149297,16,2,2
202100002547,197Â 228,A01,1,1,1,5,8,-1,-1,0,0,-1,2021,42.0,0,2,0,2,1,5,1,,3,34,-1,,2,2,0,1,2,0,1,, -1,2,0,1,80,19,12,2021,07:56,2,60,60103,1,1,0,1,D34,49.426552,2.240191,7,2,2
202100035520,138Â 220,A01,10,3,2,0,0,-1,-1,9,3,1,2021,77.0,2,2,0,1,2,1,1,,4,BIR HAKEIM (RUE),0,,1,1,0,1,0,0,1,, -1,1,0,1,30,9,6,2021,07:30,1,13,13201,2,1,0,1,BIR HAKEIM (RUE),43.2968563248,5.3763236297,7,2,1
202100020512,164Â 969,B01,1,1,2,0,8,0,-1,-1, -1,-1,2021,20.0,1,2,0,2,9,1,1,,7,LAINE (ROUTE DE LA),0,,3,12,0,1,(1),(1),1,, -1,1,5,1,50,6,9,2021,06:30,2,59,59650,2,5,0,3,ALGER  (RUE D'),50.70797,3.18662,6,2,2
202100021631,162Â 960,A01,1,1,1,0,1,0,-1,-1, -1,-1,2021,16.0,1,2,1,0,1,0,1,,4,AMANDIERS (PARC LES),0,,1,2,0,2,0,0,1,, -1,1,0,4,30,30,8,2021,03:30,5,13,13071,2,1,0,2,AMANDIERS (PARC LES),43.38716,5.33647,3,3,2
202100044946,121Â 392,B01,1,1,2,5,1,0,-1,-1, -1,-1,2021,20.0,1,2,0,2,4,2,1,,4,MARECHAL JUIN (BD),0,,2,4,0,2,(1),(1),1,, -1,1,0,1,50,5,4,2021,09:20,1,37,37261,2,1,0,2,MARECHAL JUIN (BD),47.40638,0.7031,9,4,2
202100047599,116Â 671,A01,10,3,2,9,0,-1,-1,3,3,1,2021,28.0,1,2,0,1,3,1,1,,4,LOUIS BLANC                         (R ),0,,2,2,2,1,(1),(1),1,, -1,2,0,1,30,17,3,2021,12:25,1,69,69386,2,2,1,6,LOUIS BLANC (R),45.7644817421,4.8461030405,12,3,1
202100048835,114Â 468,B01,1,1,1,4,1,0,-1,-1, -1,-1,2021,49.0,2,2,0,2,8,2,1,,1,AUTOROUTE A6B,0,,1,3,0,2,8,725,1,, -1,1,0,1,110,8,3,2021,06:30,3,91,91689,1,1,0,3,AUTOROUTE A6B,48.74347,2.32326,6,2,2
202100009666,184Â 433,A01,1,1,1,1,1,-1,-1,0,0,-1,2021,23.0,2,2,0,2,0,13,1,,3,463,0,D,2,2,0,1,30,955,1,, -1,1,0,1,80,3,11,2021,18:10,2,35,35069,1,1,0,5,D463,48.037637,-1.500951,18,4,3
202100003213,196Â 030,A01,2,2,1,4,1,-1,-1,0,0,-1,2021,53.0,3,2,8,0,9,1,1,,3,35,-1,,2,2,0,1,(1),(1),1,, -1,3,0,1,80,10,12,2021,09:45,1,22,22260,1,1,1,7,Lieu Dit Lohan,48.233478,-2.906013,9,3,1
202100034323,140Â 382,B01,2,2,1,0,1,5,-1,-1, -1,-1,2021,32.0,1,2,0,0,0,0,1,,2,MARECHAL DE LATTRE DE TASSIGNY (AV),0,,3,4,0,1,1,0,2,, -1,1,5,1,50,14,6,2021,22:30,5,94,94075,2,9,0,6,Avenue du Mal de Lattre de Tassigny,48.72744,2.53103,22,3,2
202100050230,111Â 927,B01,1,1,1,0,2,8,-1,-1, -1,-1,2021,24.0,-1,1,0,2,1,16,0,,3,PAUL VAILLANT COUTURIER (BOULEVARD),0,,2,3,1,2,1,1,1,, -1,1,0,1,50,25,2,2021,18:30,5,93,93048,2,2,0,3,VICTOR BEAUSSE (RUE),48.8667164873,2.4451259719,18,2,2
202100005977,191Â 115,B01,1,1,1,5,8,0,-1,-1, -1,-1,2021,35.0,0,2,0,2,6,1,1,,4,PLOMBIERES (BOULEVARD DES),0,,1,2,0,2,0,0,2,, -1,1,0,1,50,26,11,2021,15:50,1,13,13203,2,1,0,2,PLOMBIERES (BOULEVARD DES),43.3176796556,5.3810225711,15,2,2