Num_Acc,id_vehicule,num_veh,place,catu,sexe,trajet,secu1,secu2,secu3,locp,actp,etatp,year_acc,victim_age,senc,catv,obs,obsm,choc,manv,motor,occutc,catr,voie,v1,v2,circ,nbv,vosp,prof,pr,pr1,plan,lartpc,larrout,surf,infra,situ,vma,jour,mois,an,hrmn,lum,dep,com,agg_,int,atm,col,adr,lat,long,hour,nb_victim,nb_vehicules
202100017626,170Â 113,A01,1,1,1,5,1,8,-1,-1, -1,-1,2021,90.0,1,2,0,2,3,9,0,,4,ALTKIRCH (RUE D'),0,,2,2,0,1,1,0,1,, -1,1,0,1,50,18,9,2021,20:25,5,68,68066,2,3,0,3,ALTKIRCH (RUE D'),48.06939,7.33956,20,2,2
202100026662,154Â 051,A01,1,1,2,5,1,-1,-1,-1, -1,-1,2021,24.0,3,2,0,2,3,1,1,,4,BESSE (RUE EDMOND),0,,2,2,0,1,(1),(1),1,, -1,1,0,1,50,27,7,2021,03:05,5,33,33063,2,9,0,3,Rue Edmond Besse,44.887244,-0.547015,3,4,2
202100016322,172Â 464,A01,10,3,1,1,0,-1,-1,2,3,2,2021,53.0,0,2,0,1,2,1,1,,4,,-1,,2,-1,-1,1,(1),(1),1,, -1,1,0,1,-1,30,9,2021,08:40,1,13,13099,1,2,1,3,CEA Cadarache,43.69862,5.743961,8,2,1
202100030962,146Â 411,A01,3,2,2,9,1,0,-1,-1, -1,-1,2021,63.0,1,2,4,0,8,2,1,,1,A13,0,,3,4,0,1,21,700,1,, -1,2,0,1,110,4,7,2021,06:27,2,78,78133,1,1,1,6,A13,48.893417,2.008204,6,3,1
202100029441,149Â 156,B01,1,1,1,9,1,0,-1,0,0,-1,2021,33.0,1,2,0,2,3,16,1,,4,BOULEVARD DIDEROT,0,,1,2,0,1,(1),(1),1,, -1,1,0,1,50,11,7,2021,04:45,5,75,75112,2,2,0,3,BOULEVARD DIDEROT,48.846106,2.376011,4,2,2
202100024634,157Â 625,A01,10,3,1,2,0,-1,-1,3,3,2,2021,5.0,1,2,0,1,0,1,1,,4,HUIT MAI 1945 (AV DU),0,,-1,2,0,1,1,0,1,, -1,1,0,8,50,11,8,2021,17:00,1,94,94081,2,1,0,6,HUIT MAI 1945 (AV DU),48.78439,2.39789,17,2,1
202100018247,168Â 997,A01,1,1,1,5,2,6,-1,0,0,-1,2021,57.0,3,1,12,0,8,1,1,,4,,-1,,2,2,0,2,(1),(1),3,,6,2,9,1,50,18,9,2021,21:06,5,29,29103,2,1,1,6,100 Route de Pencran,48.448397,-4.239768,21,1,1
202100016497,172Â 139,A01,1,1,2,2,8,0,-1,-1, -1,-1,2021,14.0,1,1,0,2,5,19,5,,7,,0,,2,2,0,1,(1),(1),1,, -1,1,0,1,50,27,9,2021,12:50,1,45,45234,2,1,0,3,Rue Brise Pain,47.90228,1.88637,12,2,2
202100045994,119Â 544,B01,1,1,1,0,2,0,-1,-1, -1,-1,2021,55.0,1,1,0,2,1,19,5,,3,LAGNY (RUE DE),0,,1,2,2,1,1,1,1,, -1,1,0,1,30,30,3,2021,19:00,1,93,93048,2,9,0,1,LAGNY (RUE DE),48.8491973896,2.4225370244,19,2,2
202100003227,196Â 004,A01,2,2,1,0,1,8,-1,-1, -1,-1,2021,35.0,1,2,0,2,4,1,1,,1,AUTOROUTE A1,0,,3,6,0,2,2,799,1,, -1,2,2,1,90,12,12,2021,03:40,4,93,93066,1,1,1,2,AUTOROUTE A1,48.92711,2.3571,3,3,2
202100006004,191Â 066,A01,1,1,1,9,2,6,-1,-1, -1,-1,2021,31.0,1,1,0,2,1,2,1,,3,PONT DE CRETEIL - PONT DE CRETEIL (R DU),0,,1,2,0,1,1,0,1,, -1,1,0,1,30,26,11,2021,14:00,1,94,94068,2,1,0,2,Rue du Pont de CrÃ©teil,48.80118,2.47226,14,2,2
202100015150,174Â 629,A01,1,1,2,1,1,-1,-1,0,0,-1,2021,19.0,2,2,0,0,1,1,1,,3,44,-1,,-1,1,0,1,31,(1),2,, -1,1,0,3,80,29,9,2021,19:10,2,22,22105,1,1,0,7,route dÃ©partementale 44,48.506682,-2.136412,19,1,1
202100053776,105Â 623,B01,1,1,2,1,1,-1,-1,0,0,-1,2021,40.0,0,2,0,2,1,17,1,,3,151,-1,,2,2,0,2,7,600,1,, -1,1,0,1,80,25,1,2021,18:20,3,69,69270,1,1,0,1,D151,45.624543,4.977837,18,3,2
202100029976,148Â 214,A01,2,2,1,5,1,8,-1,-1, -1,-1,2021,22.0,2,2,0,2,1,0,1,,3,PLAPPEVILLE (ROUTE DE ),0,,2,2,0,1,0,0,3,, -1,1,0,1,50,8,7,2021,00:40,5,57,57049,2,1,0,1,PLAPPEVILLE (ROUTE DE ),49.12801,6.15139,0,3,2
202100018012,169Â 434,C01,4,2,1,5,3,0,-1,0,0,-1,2021,0.0,1,2,0,2,5,2,1,,4,PORTE DE BAGNOLET,0,,1,4,0,1,29,400,1,, -1,1,0,1,70,19,9,2021,18:50,2,75,75120,2,1,0,4,BD PERIPHERIQUE INTERIEUR,48.868742,2.413252,18,6,4
202100025063,156Â 855,A01,1,1,2,9,1,-1,-1,0,0,-1,2021,51.0,3,2,0,2,3,1,1,,4,,-1,,4,2,0,1,(1),(1),3,,5,1,0,1,-1,20,7,2021,08:28,1,69,69027,2,4,0,1,PLAINE D'ELITE (DE LA) (CHM),45.661301,4.750943,8,2,2
202100014507,175Â 779,B01,1,1,1,0,0,-1,-1,0,0,-1,2021,19.0,2,0,0,2,7,5,0,,3,11,-1,,2,2,0,1,8,500,3,,"5,5",1,0,1,50,8,10,2021,16:15,1,973,97311,1,1,0,1,7489 Avenue Christophe Colomb (route de saint jean),5.435426,-54.037671,16,4,2
202100003597,195Â 317,A01,10,3,2,5,0,-1,-1,5,1,1,2021,76.0,2,2,12,1,2,14,1,,3,EDITH CAVELL,0,,2,2,0,2,0,697,2,, -1,2,0,4,50,9,12,2021,12:20,1,76,76552,2,1,0,6,EDITH CAVELL,49.50807,0.08375,12,2,1
202100041850,126Â 816,A01,1,1,1,5,2,-1,-1,0,0,-1,2021,35.0,2,1,7,0,1,1,1,,3,45,0,,2,2,0,1,2,50,2,, -1,1,0,3,80,1,5,2021,19:55,1,37,37263,1,4,0,6,Les Halbarderies,47.2862201771,0.852387422,19,1,1
202100039754,130Â 523,A01,1,1,1,5,0,-1,-1,0,0,-1,2021,38.0,0,6,0,0,1,26,1,,9,,-1,,-1,2,0,1,(1),(1),1,, -1,1,0,1,80,16,5,2021,17:15,1,24,24535,1,4,0,7,la borgne,44.916422,1.349967,17,2,1
202100022656,161Â 122,B01,1,1,1,1,2,0,-1,0,0,-1,2021,19.0,1,1,0,2,0,1,1,,4,BOULEVARD MALESHERBES,0,,2,4,1,1,(1),(1),1,, -1,1,0,1,30,25,8,2021,15:40,1,75,75117,2,3,0,3,BOULEVARD MALESHERBES,48.885883,2.306485,15,2,2
202100013581,177Â 441,A01,1,1,2,5,1,0,-1,-1, -1,-1,2021,33.0,2,2,0,2,7,26,1,,4,DODU 2 (RUE JULIETTE),0,,-1,1,0,2,0,0,1,, -1,2,0,1,40,12,10,2021,08:55,1,974,97411,2,2,1,3,DODU 2 (RUE JULIETTE),-20.87778,55.45106,8,2,2
202100037127,135Â 337,A01,1,1,1,2,2,6,9,0,0,-1,2021,15.0,1,1,12,0,2,20,1,,4,5,0,C,2,2,0,1,(1),(1),1,, -1,1,0,4,50,2,6,2021,09:15,1,60,60500,2,1,0,7,30 Rue du Savert,49.097946,2.761999,9,1,1
202100009490,184Â 746,B01,1,1,1,9,2,8,-1,-1, -1,-1,2021,42.0,1,1,9,2,4,1,1,,3,11,0,,2,0,0,1,0,0,1,, -1,1,0,1,50,3,11,2021,07:50,2,92,92004,2,1,0,2,ROBERT DUPONT,48.9226026298,2.2858509421,7,2,2
202100025216,156Â 591,A01,2,2,2,5,8,-1,-1,0,0,-1,2021,18.0,2,2,6,0,3,1,1,,3,368,0,D,2,2,0,1,6,92,3,, -1,1,0,4,50,8,8,2021,06:00,2,201,201247,2,1,0,6,Palavesa,41.627437,9.251384,6,2,1
202100028876,150Â 106,B01,1,1,1,0,8,0,-1,-1, -1,-1,2021,43.0,1,1,0,2,8,1,0,,3,VAILLANT COUTURIER (AVENUE PAUL),0,,1,3,2,1,0,0,1,, -1,1,0,1,50,15,7,2021,21:00,1,93,93008,2,1,0,3,Avenue Paul Vaillant - Couturier,48.90828,2.45224,21,2,2
202100005688,191Â 630,A01,2,2,2,9,1,-1,-1,0,0,-1,2021,67.0,2,2,0,2,3,13,1,,2,77,-1,,2,2,0,1,38,490,1,,"7,8",2,0,1,80,30,11,2021,15:15,1,89,89276,1,1,1,1,N77,48.055494,3.800776,15,4,2
202100017780,169Â 833,A01,1,1,1,1,8,0,-1,-1, -1,-1,2021,41.0,2,2,0,2,9,1,1,,2,RN104,0,,3,6,0,1,19,700,1,, -1,1,0,1,110,21,9,2021,17:30,1,77,77122,1,1,0,2,RN104,48.66204,2.61355,17,2,2
202100055335,102Â 922,A01,10,3,1,5,0,-1,-1,1,3,1,2021,73.0,1,2,0,1,1,1,1,,4,,0,,2,2,0,1,1,0,1,, -1,1,0,1,50,12,1,2021,19:55,5,14,14118,2,1,0,7,Place Courtonne,49.18396,-0.35653,19,2,1
202100032945,142Â 867,B01,1,1,1,4,2,0,-1,-1, -1,-1,2021,35.0,2,1,0,2,2,17,1,,3,HUGO (AVENUE VICTOR),0,,2,4,1,1,0,0,1,, -1,1,0,1,50,22,6,2021,18:45,2,92,92007,2,1,0,3,HUGO (AVENUE VICTOR),48.804805136,2.3223169148,18,2,2
202100022837,160Â 791,A01,9,2,1,5,1,5,-1,0,0,-1,2021,21.0,2,2,13,2,2,14,1,,3,950,-1,,3,4,0,1,5,0,1,, -1,1,0,2,110,23,8,2021,22:40,3,62,62042,1,1,0,1,D950,50.313489,2.834483,22,4,2
202100042353,125Â 918,A01,1,1,1,1,2,6,-1,0,0,-1,2021,40.0,2,1,0,1,1,21,3,,4,RUE NATIONALE,0,,1,4,1,1,(1),(1),1,, -1,1,0,5,30,27,4,2021,09:35,1,75,75113,2,1,0,6,RUE NATIONALE,48.830602,2.364268,9,2,1
202100054436,104Â 454,A01,10,3,2,1,0,-1,-1,4,3,1,2021,34.0,2,2,0,1,3,11,1,,3,656,0,,3,4,0,1,45,1220,1,, -1,1,5,1,50,19,1,2021,07:55,2,47,47001,2,7,0,6,Place EugÃ¨ne Pelletan,44.20351,0.62448,7,2,1
202100039011,131Â 909,B01,1,1,1,5,2,6,9,0,0,-1,2021,25.0,1,1,0,2,1,1,1,,3,996,-1,D,2,2,0,1,(1),(1),1,, -1,1,0,1,70,22,5,2021,12:00,1,71,71558,1,3,0,1,540 Route des Charmettes,46.49188,5.243461,12,2,2
202100043218,124Â 406,B01,1,1,1,1,2,0,-1,-1, -1,-1,2021,47.0,3,1,0,2,7,1,5,,3,13,0,,1,3,1,2,0,0,1,, -1,1,0,5,50,21,4,2021,19:50,1,92,92026,2,2,0,3,CIRCULAIRE (BOULEVARD),48.8908743007,2.2476415336,19,2,2
202100043650,123Â 652,B01,1,1,1,4,2,6,-1,0,0,-1,2021,35.0,1,1,0,2,8,1,1,,4,QUAI DE GRENELLE,0,,2,2,0,1,(1),(1),1,, -1,1,0,1,50,17,4,2021,19:20,1,75,75115,2,2,0,3,QUAI DE GRENELLE,48.8544189859,2.2886507939,19,2,2
202100001497,199Â 113,A01,1,1,1,1,1,0,-1,0,0,-1,2021,32.0,1,5,6,0,1,1,1,,4,QUAI DE BERCY,0,,2,6,0,1,(1),(1),1,, -1,2,0,4,50,24,12,2021,19:58,5,75,75112,2,2,1,6,QUAI DE BERCY,48.833605,2.38222,19,2,1
202100010417,183Â 101,A01,1,1,2,5,8,-1,-1,0,0,-1,2021,61.0,2,2,16,0,0,21,1,,3,908,0,,2,2,0,1,22,90,1,, -1,1,0,8,80,29,10,2021,15:00,1,4,4219,1,1,0,7,RD 908,44.0560785193,6.5786862373,15,1,1
202100056158,101Â 505,A01,10,3,1,0,0,-1,-1,2,3,1,2021,17.0,1,2,0,1,2,1,1,,3,NEUFCHATEL (RUE DE) DU NÂ° 1 A 121 (IMPAI,0,,2,2,0,1,0,600,1,, -1,1,0,1,50,5,1,2021,14:45,1,51,51454,2,1,0,7,Rue de Neufchatel,49.274772198,4.0267714595,14,2,1
202100046506,118Â 657,A01,2,2,2,0,2,0,-1,-1, -1,-1,2021,35.0,2,1,0,2,7,17,1,,3,ITHURRALDE ANDRE (AVENUE),0,,2,2,0,1,25,399,1,, -1,1,0,1,50,26,3,2021,11:15,1,64,64483,2,3,0,5,ITHURRALDE ANDRE (AVENUE),43.392418,-1.653082,11,4,3
202100044384,122Â 338,A01,1,1,1,9,2,-1,-1,0,0,-1,2021,55.0,1,1,0,0,0,1,1,,4,101,-1,,2,2,0,1,(1),(1),1,, -1,2,0,1,50,10,4,2021,20:30,5,30,30178,2,1,1,7,40 Rue de la RÃ©publique,44.07204,4.742105,20,1,1
202100003421,195Â 641,B01,1,1,1,2,2,0,-1,-1, -1,-1,2021,15.0,1,1,0,2,1,1,1,,3,VALETTE (RUE),0,,2,2,0,1,0,1,1,, -1,1,0,1,30,11,12,2021,16:00,1,24,24037,2,1,0,3,VALETTE (RUE),44.85719,0.47436,16,2,2
202100030360,147Â 494,A01,10,3,2,0,0,-1,-1,3,3,1,2021,70.0,1,2,0,1,1,1,1,,3,COLLIEZ GUSTAVE(RUE),0,,-1,2,0,1,(1),(1),1,, -1,1,0,1,50,3,7,2021,11:25,1,59,59456,2,1,0,6,COLLIEZ GUSTAVE(RUE),50.37722,3.21256,11,2,1
202100055961,101Â 856,B01,10,3,1,9,0,-1,-1,5,9,1,2021,18.0,3,2,1,1,2,0,1,,4,MARNE (AVENUE DE LA),0,,2,2,0,1,0,0,1,, -1,1,0,4,50,4,1,2021,17:30,1,93,93031,2,1,0,1,MARNE (AVENUE DE LA),48.9535018094,2.3272741883,17,3,2
202100055442,102Â 754,B01,1,1,2,0,8,-1,-1,-1, -1,-1,2021,43.0,3,2,5,2,3,1,6,,4,,0,,2,2,0,1,(1),(1),1,, -1,1,0,8,50,8,1,2021,16:15,1,69,69256,2,2,0,3,JEAN MOULIN                         (AV),45.78901,4.91439,16,2,2
202100050367,111Â 667,B01,1,1,2,1,1,0,-1,-1, -1,-1,2021,26.0,0,2,0,2,1,1,1,,3,GENERAL DE GAULLE (AV DU),0,,2,0,0,1,1,0,1,, -1,1,0,1,50,24,2,2021,14:10,1,94,94058,2,2,0,3,GENERAL DE GAULLE (AV DU),48.839029,2.508632,14,2,2
202100015339,174Â 292,A01,1,1,2,9,1,8,-1,-1, -1,-1,2021,21.0,1,2,2,0,8,1,1,,3,BARRAN (CHEMIN DE),0,,2,2,0,1,0,0,4,, -1,2,0,3,80,3,10,2021,17:52,1,32,32013,1,1,1,7,BARRAN (CHEMIN DE),43.65213,0.53109,17,1,1
202100056413,101Â 064,B01,1,1,1,0,2,8,-1,-1, -1,-1,2021,25.0,1,1,0,2,1,2,1,,4,PARADIS (RUE),0,,1,2,0,2,0,0,1,, -1,1,0,1,50,1,1,2021,20:32,5,13,13206,2,1,0,3,PARADIS (RUE),43.2857,5.38006,20,2,2
202100032754,143Â 226,A01,1,1,1,5,8,-1,-1,0,0,-1,2021,75.0,3,2,13,0,3,13,1,,4,03,0,,2,2,0,1,(1),(1),1,, -1,1,0,3,80,23,6,2021,09:34,1,29,29246,1,1,0,6,Lieu-Dit Kerivoal,48.368692,-4.158205,9,2,1
202100047328,117Â 171,A01,1,1,1,0,2,-1,-1,0,0,-1,2021,18.0,0,1,1,0,7,16,3,,4,ABBAYE (RUE DE L'),0,,1,1,0,1,(1),(1),1,, -1,2,0,1,50,17,3,2021,13:35,1,80,80021,2,1,1,6,ABBAYE (RUE DE L'),49.89572,2.27781,13,1,1
202100001416,199Â 246,A01,10,3,2,5,0,-1,-1,2,3,1,2021,17.0,1,2,0,1,0,1,-1,,3,1,-1,,3,4,0,1,(1),(1),1,, -1,1,0,1,50,27,12,2021,02:30,5,988,98817,2,1,0,6,avenue des deux baies,-22.229317,166.523691,2,2,1
202100025389,156Â 274,A01,1,1,2,5,2,-1,-1,0,0,-1,2021,28.0,2,1,0,2,1,1,1,,3,1203,-1,,1,1,0,2,(1),(1),1,, -1,4,0,1,80,7,8,2021,12:45,1,74,74116,1,9,1,3,D1203,46.072494,6.288332,12,2,2
202100011459,181Â 237,A01,1,1,1,5,2,6,-1,0,0,-1,2021,31.0,2,1,13,0,1,0,1,,3,654,-1,,2,2,0,1,67,0,3,, -1,1,0,3,80,23,10,2021,21:30,3,32,32444,1,1,0,6,D654,43.686293,0.999026,21,1,1
202100023492,159Â 639,A01,1,1,1,5,2,6,-1,0,0,-1,2021,51.0,1,6,0,2,2,17,1,,3,906,-1,,2,3,0,1,57,200,1,, -1,1,0,1,90,20,8,2021,02:00,3,71,71305,1,1,0,3,D906,46.4561592211,4.889508322,2,2,2
202100000201,201Â 380,B01,1,1,1,5,0,-1,-1,-1, -1,-1,2021,86.0,1,1,0,2,3,9,5,,4,CLAUDE BERNARD (RUE ),0,,4,1,0,1,0,0,1,, -1,2,5,1,30,30,11,2021,09:45,1,61,61001,2,6,1,3,CLAUDE BERNARD (RUE ),48.43652,0.10496,9,2,2
202100054847,103Â 765,B01,1,1,1,9,0,-1,-1,-1, -1,-1,2021,46.0,2,1,0,2,8,1,3,,4,,0,,1,1,0,1,(1),(1),1,, -1,2,0,1,50,15,1,2021,17:55,5,69,69388,2,2,1,3,ETATS-UNIS (DES) (BD),45.72938,4.86776,17,2,2
202100038187,133Â 388,B01,2,2,1,0,2,-1,-1,-1, -1,-1,2021,22.0,2,1,0,2,1,1,1,,4,RUE MICHEL MONTAIGNE,0,,2,2,0,2,(1),(1),1,, -1,1,0,1,50,26,5,2021,13:30,1,33,33249,2,2,0,3,Rue Michel Montaigne,44.87593,-0.51509,13,3,2
202100025058,156Â 868,A01,10,3,2,3,0,-1,-1,3,3,1,2021,72.0,2,2,0,1,1,1,1,,3,D21,0,,2,1,0,1,15,274,1,, -1,1,0,1,50,5,8,2021,15:00,1,85,85114,2,1,0,6,Rue du MarÃ©chal Joffre,46.424255,-1.574537,15,2,1
202100020508,164Â 977,A01,1,1,2,0,1,0,-1,-1, -1,-1,2021,23.0,1,2,0,2,1,26,1,,3,SOULT (AVENUE MARECHAL),0,,3,4,0,2,8,806,1,, -1,1,0,1,50,6,9,2021,12:33,1,64,64102,2,1,0,4,SOULT (AVENUE MARECHAL),43.48368,-1.50025,12,4,3
202100015603,173Â 793,B01,1,1,2,5,1,5,-1,0,0,-1,2021,27.0,0,2,0,2,3,1,1,,4,BOIS DES COMMUNES (RUE DU),0,,2,2,0,1,(1),(1),4,, -1,2,0,1,50,1,10,2021,20:20,5,27,27229,2,1,1,1,BOIS DES COMMUNES (RUE DU),49.03091,1.17903,20,3,2
202100034284,140Â 456,B01,1,1,1,0,2,0,-1,-1, -1,-1,2021,37.0,1,1,0,2,7,1,1,,2,RN12,0,,3,4,0,1,57,500,1,, -1,1,3,1,90,28,5,2021,17:10,1,22,22278,1,1,0,3,RN12,48.521969,-2.748896,17,2,2
202100054938,103Â 612,B01,1,1,1,0,2,8,-1,-1, -1,-1,2021,34.0,1,1,0,2,3,1,3,,3,ALSACE-LORRAINE (BOULEVARD),0,,3,4,0,1,1,1,1,, -1,2,0,1,50,15,1,2021,19:25,5,93,93064,2,2,0,3,ALSACE-LORRAINE (BOULEVARD),48.8849855023,2.4816066027,19,2,2
202100036425,136Â 598,A01,10,3,1,0,8,8,-1,3,3,2,2021,3.0,3,5,0,1,1,15,0,,4,ORIOL BENOIT RUE,0,,1,1,0,1,(1),(1),2,, -1,1,0,1,50,3,6,2021,11:50,1,42,42207,2,1,0,6,Avenue de la LibÃ©ration,45.47304,4.51691,11,2,1
202100022386,161Â 635,A01,1,1,1,5,8,-1,-1,0,0,-1,2021,25.0,1,2,13,0,9,1,1,,3,57,-1,,3,2,0,1,14,800,1,, -1,1,0,8,80,22,8,2021,23:00,3,57,57323,1,1,0,6,D57,49.401817,6.141315,23,1,1
202100004792,193Â 212,A01,1,1,1,1,2,6,-1,-1, -1,-1,2021,46.0,0,1,0,2,2,1,1,,4,RABATAU (BOULEVARD),0,,2,2,0,1,0,0,2,, -1,1,2,1,50,3,12,2021,05:20,5,13,13210,2,1,0,3,RABATAU (BOULEVARD),43.276567766,5.3976833013,5,2,2
202100030203,147Â 781,B01,10,3,1,0,0,-1,-1,2,9,1,2021,51.0,1,2,0,2,6,23,1,,4,NOTRE DAME (BOULEVARD),0,,1,0,0,2,0,0,1,, -1,1,0,1,50,7,7,2021,19:20,1,13,13206,2,1,0,2,NOTRE DAME (BOULEVARD),43.2874620117,5.3736044099,19,3,2
202100015861,173Â 325,B01,1,1,1,2,1,0,-1,-1, -1,-1,2021,50.0,1,2,0,2,6,2,1,,4,Ravine creuse (chemin),0,,2,0,0,1,0,0,1,, -1,1,0,1,50,30,9,2021,07:30,1,974,97409,2,1,0,2,Ravine creuse (chemin),-20.96391,55.66478,7,2,2
202100035135,138Â 901,A01,2,2,2,5,8,-1,-1,0,0,-1,2021,61.0,1,2,0,2,1,0,1,,3,22,-1,,2,2,0,1,19,600,1,,4,1,0,1,80,5,6,2021,20:55,1,45,45135,1,3,0,1,D22,48.250987,2.041703,20,4,2
202100031884,144Â 762,A01,2,2,1,5,2,6,-1,-1, -1,-1,2021,14.0,1,1,10,0,0,1,1,,4,ROSTAND ( IMPASSE),0,,2,1,0,1,0,0,1,, -1,1,0,1,50,28,6,2021,22:20,5,13,13210,2,1,0,7,ROSTAND ( IMPASSE),43.27745,5.41514,22,2,1
202100017197,170Â 896,A01,1,1,2,5,1,-1,-1,0,0,-1,2021,18.0,3,2,2,0,1,1,1,,4,5,0,,2,2,0,1,(1),(1),1,, -1,2,0,3,30,25,9,2021,18:50,2,80,80815,1,1,0,6,Bois du Petit Periot,50.300045,1.75513,18,1,1
202100055142,103Â 249,A01,1,1,2,1,1,0,-1,-1, -1,-1,2021,31.0,2,2,0,2,1,1,1,,1,A4,0,,3,5,0,1,1,500,1,, -1,2,0,1,90,14,1,2021,07:10,2,94,94018,1,1,1,3,A4,48.818906873,2.4080615714,7,2,2
202100033010,142Â 739,A01,1,1,2,1,1,-1,-1,-1, -1,-1,2021,48.0,1,2,1,0,8,21,1,,4,MONTAGNY (DE)                       (R ),0,,2,2,2,1,(1),(1),2,, -1,1,0,1,50,21,6,2021,09:00,1,69,69388,2,1,0,5,MONTAGNY (DE) (R),45.7323579455,4.850754647,9,3,3
202100022982,160Â 548,B01,1,1,1,1,2,-1,-1,0,0,-1,2021,42.0,1,1,0,2,1,1,1,,3,1075,0,D,2,2,0,1,5,482,1,, -1,1,0,1,80,23,8,2021,13:52,1,38,38320,1,2,0,3,D1075,45.829278,5.409608,13,2,2
202100032145,144Â 290,A01,1,1,2,9,2,0,-1,0,0,-1,2021,24.0,2,1,0,0,0,1,3,,4,RUE DE TURENNE,0,,2,2,0,1,(1),(1),1,, -1,2,0,1,30,26,6,2021,01:45,5,75,75104,2,1,1,7,RUE DE TURENNE,48.856278,2.36417,1,1,1
202100051331,109Â 917,C01,1,1,1,1,1,0,-1,-1, -1,-1,2021,49.0,-1,2,0,2,1,23,1,,3,RAOUL DUFY (AVENUE),0,,2,4,0,1,(1),(1),1,, -1,2,5,1,50,16,2,2021,05:00,5,93,93005,2,3,1,5,RAOUL DUFY (AVENUE),48.9601710066,2.5023195693,5,4,3
202100037808,134Â 075,B01,1,1,2,5,8,-1,-1,0,0,-1,2021,22.0,1,1,0,2,1,1,5,,4,SIEUR DE BRAS (RUE DU),0,,1,2,0,1,1,0,1,, -1,1,0,1,50,27,5,2021,10:20,1,14,14181,2,1,0,3,Rue du Sieur de Bras,49.1536,-0.3283,10,2,2
202100032412,143Â 837,A01,1,1,1,5,2,-1,-1,0,0,-1,2021,29.0,0,1,0,0,0,1,1,,3,344,0,D,2,2,0,1,(1),(1),1,, -1,1,0,1,80,26,6,2021,05:00,3,67,67339,1,1,0,7,D344,48.8810345525,7.9247903824,5,1,1
202100017620,170Â 124,A01,1,1,1,1,2,0,-1,-1, -1,-1,2021,20.0,1,1,8,0,1,0,1,,4,Bld  DE LA COMMUNAUTE,0,,2,0,0,1,(1),(1),1,, -1,1,0,4,50,20,9,2021,15:45,1,78,78118,2,1,0,7,Bld  DE LA COMMUNAUTE,48.985536,1.674407,15,1,1
202100036143,137Â 079,A01,1,1,1,2,2,6,-1,0,0,-1,2021,15.0,1,1,0,2,1,1,1,,3,32,-1,E,2,2,0,1,3,68,1,, -1,1,0,1,50,7,6,2021,08:14,1,31,31066,2,1,0,3,576 Route de Paulhac,43.791207,1.600657,8,2,2
202100031378,145Â 662,B01,1,1,1,5,2,6,-1,0,0,-1,2021,17.0,2,1,0,2,3,15,1,,3,906,0,D,2,2,0,1,16,715,1,,4,1,0,1,90,2,7,2021,19:00,1,21,21546,1,2,0,3,D906 carrefour avec le chemin des mouillerandes,47.322221,4.194138,19,3,2
202100034786,139Â 532,A01,1,1,2,9,2,0,-1,0,0,-1,2021,29.0,2,1,0,2,1,1,5,,4,RUE DES BOULETS,0,,2,2,1,2,(1),(1),1,, -1,1,0,5,30,12,6,2021,15:00,1,75,75111,2,2,0,3,RUE DES BOULETS,48.850469,2.390594,15,2,2
202100036023,137Â 297,B01,1,1,1,0,1,-1,-1,0,0,-1,2021,68.0,2,2,0,2,1,1,1,,2,20,-1,,2,2,0,1,109,500,1,, -1,1,0,1,80,8,6,2021,10:40,1,202,202337,1,1,0,1,RT 20,42.468979,9.23314,10,3,2
202100015897,173Â 255,A01,10,3,1,2,0,0,0,5,1,1,2021,14.0,1,2,12,1,5,17,1,,7,CURIE (CHAUSSEE PIERRE),0,,3,2,1,1,(1),(1),1,, -1,1,0,1,50,30,9,2021,11:30,1,59,59599,2,1,0,6,CURIE (CHAUSSEE PIERRE),50.7338505302,3.1805810771,11,2,1
202100007601,188Â 152,B01,1,1,2,5,8,0,-1,-1, -1,-1,2021,18.0,3,1,0,2,5,9,3,,3,CHARLES BAUDELAIRE(RUE),0,,2,2,0,2,2,520,1,, -1,1,9,6,50,17,11,2021,16:10,1,61,61117,2,2,1,3,CHARLES BAUDELAIRE(RUE),48.4318,0.05608,16,2,2
202100027798,152Â 025,A01,1,1,1,5,1,-1,-1,0,0,-1,2021,26.0,1,2,4,0,7,1,1,,3,1201,0,,3,4,0,1,(1),(1),2,, -1,1,0,1,70,20,7,2021,07:58,1,74,74112,1,1,0,3,D1201,45.929834,6.120147,7,3,2
202100009947,183Â 916,A01,7,2,2,5,1,-1,-1,0,0,-1,2021,18.0,1,2,13,0,1,1,1,,3,199,0,D,2,2,0,1,13,925,3,, -1,1,0,3,70,2,11,2021,00:30,3,56,56240,1,1,0,6,Belle-Croix,47.540861,-2.693281,0,4,1
202100051785,109Â 134,A01,1,1,1,1,2,-1,-1,0,0,-1,2021,21.0,1,1,14,0,1,26,1,,3,DOULLENS (de),0,,2,1,0,2,(1),(1),1,, -1,1,9,1,50,10,2,2021,16:30,1,80,80001,2,1,0,6,DOULLENS (de),50.1110668648,1.8676230312,16,1,1
202100035504,138Â 249,A01,10,3,2,5,0,-1,-1,4,1,1,2021,70.0,3,2,0,1,2,1,1,,4,HALLES (RUE DES),0,,2,2,0,1,(1),(1),1,, -1,1,0,1,50,8,6,2021,15:45,1,37,37261,2,1,0,6,HALLES (RUE DES),47.3935308035,0.684883432,15,2,1
202100014732,175Â 375,B01,1,1,1,0,1,0,-1,-1, -1,-1,2021,23.0,1,2,0,2,4,1,1,,1,AUTOROUTE A6A,0,,1,3,0,1,4,500,1,, -1,1,0,1,90,7,10,2021,01:26,3,94,94038,2,1,0,2,AUTOROUTE A6A,48.77755,2.34652,1,2,2