Num_Acc,id_vehicule,num_veh,place,catu,sexe,trajet,secu1,secu2,secu3,locp,actp,etatp,year_acc,victim_age,senc,catv,obs,obsm,choc,manv,motor,occutc,catr,voie,v1,v2,circ,nbv,vosp,prof,pr,pr1,plan,lartpc,larrout,surf,infra,situ,vma,jour,mois,an,hrmn,lum,dep,com,agg_,int,atm,col,adr,lat,long,hour,nb_victim,nb_vehicules
202100051028,110Â 461,B01,1,1,1,1,2,4,-1,-1, -1,-1,2021,51.0,3,1,0,2,1,13,6,,4,MOULIN (RUE JEAN),0,,2,2,0,1,0,0,1,, -1,1,0,1,50,15,2,2021,07:47,1,84,84087,2,1,1,6,Avenue Jean Moulin,44.151315,4.806474,7,2,2
202100008775,186Â 055,A01,10,3,2,5,0,-1,-1,3,3,1,2021,39.0,1,2,0,1,2,1,1,,3,Verdun 1916 ( avenue de ),0,,2,4,0,1,0,0,1,, -1,1,0,1,50,9,11,2021,16:35,1,92,92035,2,1,0,6,Verdun 1916 ( avenue de ),48.905453099,2.2348460555,16,2,1
202100036776,135Â 971,A01,10,3,2,5,0,-1,-1,7,8,1,2021,68.0,1,3,0,1,3,1,3,,4,RACINE (AVENUE),0,,2,2,3,1,0,0,1,, -1,1,4,6,50,31,5,2021,13:30,1,67,67482,2,8,0,6,RACINE (AVENUE),48.59625,7.69843,13,2,1
202100038542,132Â 749,A01,1,1,1,5,8,0,-1,-1, -1,-1,2021,18.0,1,2,1,0,1,13,1,,4,MOUTIERS AVENUE,0,,2,2,0,1,1,0,1,, -1,1,0,4,50,24,5,2021,19:30,1,93,93046,2,1,0,6,MOUTIERS AVENUE,48.92562,2.53633,19,1,1
202100040501,129Â 211,A01,1,1,1,5,2,0,-1,0,0,-1,2021,81.0,1,1,0,2,0,15,5,,4,RUE DE CHARENTON,0,,2,3,0,1,(1),(1),1,, -1,1,0,1,30,10,5,2021,14:26,1,75,75112,2,2,1,3,RUE DE CHARENTON,48.837292,2.391227,14,2,2
202100053272,106Â 511,A01,1,1,1,0,8,0,-1,-1, -1,-1,2021,20.0,2,1,0,2,3,15,3,,3,STALINGRAD (AV DE),0,,2,2,0,1,1,0,1,, -1,2,0,1,50,29,1,2021,19:15,5,92,92025,2,3,1,3,STALINGRAD (AV DE),48.9300171985,2.267729938,19,2,2
202100054330,104Â 648,B01,1,1,1,5,2,6,-1,-1, -1,-1,2021,24.0,1,1,0,2,1,1,1,,4,THIVET (AVENUE),0,,2,2,0,2,(1),(1),3,, -1,1,0,1,50,15,1,2021,17:00,1,50,50129,2,1,0,2,THIVET (AVENUE),49.63501,-1.65456,17,2,2
202100051234,110Â 103,A01,1,1,2,3,2,-1,-1,0,0,-1,2021,41.0,1,1,0,0,8,26,1,,4,,-1,,2,2,0,1,(1),(1),1,, -1,2,0,1,50,18,2,2021,14:30,1,85,85047,2,1,1,7,Rue de Saint-jean-de-monts,46.843682,-1.888688,14,1,1
202100006725,189Â 763,A01,1,1,1,9,2,6,-1,0,0,-1,2021,36.0,2,1,0,1,3,1,1,,4,BOULEVARD AUGUSTE BLANQUI,0,,1,1,1,2,(1),(1),1,, -1,1,0,1,30,23,11,2021,18:45,5,75,75113,2,1,0,6,BOULEVARD AUGUSTE BLANQUI,48.830677,2.344636,18,2,1
202100050524,111Â 386,A01,1,1,1,5,0,-1,-1,0,0,-1,2021,29.0,1,1,0,0,0,1,5,,3,160,-1,,2,2,0,1,3,200,1,, -1,1,0,1,80,24,2,2021,17:23,1,53,53109,1,1,0,7,D160,48.294251,-0.480663,17,1,1
202100015792,173Â 443,A01,1,1,1,1,1,-1,-1,0,0,-1,2021,19.0,2,2,0,2,5,12,1,,1,75,0,A,3,4,0,1,313,125,1,, -1,1,0,2,130,2,8,2021,13:30,1,34,34199,1,1,0,3,a75,43.454866,3.43106,13,2,2
202100017568,170Â 220,A01,2,2,2,1,1,-1,-1,0,0,-1,2021,35.0,2,2,0,2,2,1,1,,3,335.3,0,,2,2,0,1,1,800,1,, -1,1,0,1,80,23,9,2021,08:45,1,28,28285,1,2,0,1,D335.3,48.461518,1.678746,8,3,2
202100006207,190Â 715,A01,1,1,2,1,1,0,-1,-1, -1,-1,2021,60.0,1,2,6,0,1,14,1,,4,BOEUF (CHEMIN) (1),0,,2,2,0,2,0,0,1,, -1,1,0,3,50,25,11,2021,07:20,1,974,97416,2,1,0,6,BOEUF (CHEMIN) (1),-21.2872,55.46761,7,1,1
202100039991,130Â 111,B01,2,2,2,3,1,-1,-1,0,0,-1,2021,35.0,1,2,15,2,1,1,1,,3,102E2,0,,2,2,0,1,4,520,1,, -1,2,0,1,80,15,5,2021,11:10,1,33,33208,1,2,1,3,D102e2,45.383456,-0.956127,11,4,2
202100031423,145Â 576,A01,1,1,1,5,8,8,-1,0,0,-1,2021,84.0,2,1,0,2,8,1,5,,4,RUE NOLLET,0,,1,2,2,1,(1),(1),1,, -1,2,0,1,30,30,6,2021,12:20,1,75,75117,2,2,0,3,RUE NOLLET,48.88639,2.322372,12,2,2
202100050116,112Â 158,B01,1,1,1,1,1,5,-1,0,0,-1,2021,52.0,1,2,4,2,3,12,1,,1,A5,-1,,3,3,0,2,34,650,1,, -1,1,0,1,130,26,2,2021,19:41,3,77,77305,1,1,0,2,A5 PK 34+650 SENS 1 direction Troyes,48.397443,2.978223,19,2,2
202100014423,175Â 916,A01,10,3,1,2,0,-1,-1,2,3,2,2021,13.0,2,1,0,1,2,0,1,,3,VICTOR HUGO (R),0,,2,2,0,1,1,0,1,, -1,1,0,1,50,8,10,2021,09:30,1,94,94046,2,1,0,6,Rue Victor Hugo,48.79969,2.43935,9,2,1
202100001638,198Â 876,C01,1,1,1,0,1,0,-1,-1, -1,-1,2021,59.0,3,2,0,2,3,0,1,,3,MERMOZ (AVENUE JEAN),0,,2,2,0,1,0,1,1,, -1,1,0,1,50,23,12,2021,17:00,2,93,93027,2,6,0,5,MERMOZ (AVENUE JEAN),48.93208,2.39966,17,5,3
202100019135,167Â 424,A01,1,1,1,1,1,-1,-1,-1, -1,-1,2021,34.0,1,2,1,0,2,2,1,,4,HERBOUVILLE (D')                    (CO),0,,2,5,3,1,(1),(1),1,, -1,1,0,1,50,13,9,2021,13:40,1,69,69384,2,1,0,6,HERBOUVILLE (D') (CR),45.77615,4.83978,13,1,1
202100008772,186Â 061,B01,1,1,2,1,0,-1,-1,0,0,-1,2021,52.0,3,1,0,-1,4,26,5,,4,,0,,2,0,0,1,1,0,1,, -1,9,9,6,30,9,11,2021,09:30,1,92,92073,2,9,0,6,GARDENAT LAPOSTOL (RUE),48.8738738204,2.2240957618,9,2,2
202100033215,142Â 392,A01,1,1,1,4,1,0,-1,0,0,-1,2021,53.0,1,2,0,0,5,23,1,,4,RUE DU FAUBOURG SAINT MARTIN,0,,2,2,0,1,(1),(1),1,, -1,2,0,1,50,20,6,2021,20:10,2,75,75110,2,3,1,2,RUE DU FAUBOURG SAINT MARTIN,48.880405,2.364307,20,2,2
202100037724,134Â 234,A01,1,1,1,5,2,6,-1,-1, -1,-1,2021,20.0,1,1,0,2,8,26,1,,1,A4,0,,1,2,0,1,17,500,1,, -1,1,0,1,70,28,5,2021,22:50,3,77,77169,1,1,0,6,A4,48.83008,2.61078,22,1,1
202100006742,189Â 731,B01,1,1,1,0,2,0,-1,-1, -1,-1,2021,27.0,2,1,0,2,9,1,1,,3,HENRI BARBUSSE (AVENUE),0,,2,2,0,2,0,0,1,, -1,1,0,1,50,23,11,2021,20:15,5,92,92023,2,3,0,3,HENRI BARBUSSE (AVENUE),48.81565,2.256066,20,2,2
202100039432,131Â 118,A01,10,3,2,1,8,-1,-1,3,3,1,2021,34.0,2,1,0,1,3,17,0,,4,FLORIAN      (Rue),0,,2,2,0,1,(1),(1),1,, -1,1,0,1,50,18,5,2021,12:50,1,69,69266,2,2,0,6,FLORIAN (R),45.76186,4.88079,12,2,1
202100039861,130Â 333,B01,2,2,2,3,1,-1,-1,0,0,-1,2021,74.0,1,2,12,2,3,1,1,,3,912,0,A,3,1,0,1,7,619,1,, -1,1,5,3,50,11,5,2021,15:30,1,23,23176,2,6,0,3,Avenue de la Liberte,46.235487,1.488948,15,6,2
202100024665,157Â 564,B01,2,2,2,0,1,-1,-1,0,0,-1,2021,75.0,2,2,0,0,8,15,1,,3,123,-1,D,2,2,0,1,27,280,1,, -1,1,0,1,80,12,8,2021,12:05,1,60,60481,1,3,0,3,D123,49.289732,2.84531,12,3,2
202100012069,180Â 139,A01,10,3,2,5,0,-1,-1,1,3,1,2021,63.0,3,5,0,1,3,15,1,,4,GENERAL LECLERC (PLACE DU),0,,1,1,2,1,0,0,2,, -1,1,0,1,30,19,10,2021,14:45,1,93,93005,2,1,0,3,GENERAL LECLERC (PLACE DU),48.92759,2.49062,14,2,1
202100054466,104Â 405,B01,1,1,2,0,1,0,-1,0,0,-1,2021,20.0,2,2,0,2,8,1,1,,3,REVELLY (PLACE  DU ),0,,1,2,0,1,69,850,2,, -1,1,0,1,50,18,1,2021,16:15,1,5,5061,2,1,0,3,REVELLY (PLACE  DU ),44.561125,6.080247,16,2,2
202100034178,140Â 658,A01,1,1,1,5,1,-1,-1,0,0,-1,2021,51.0,1,2,0,2,3,2,1,,1,5,0,,3,4,0,2,56,900,1,, -1,1,0,1,130,17,6,2021,05:45,1,89,89255,1,1,0,2,A5,48.318493,3.236203,5,3,2
202100032946,142Â 865,A01,10,3,2,0,0,-1,-1,4,3,1,2021,12.0,2,1,9,1,1,1,1,,3,MARNE   ( AVENUE DE LA ),0,,2,0,0,1,0,0,1,, -1,1,0,1,50,21,6,2021,18:50,1,92,92004,2,2,0,6,MARNE   ( AVENUE DE LA ),48.9096377731,2.2864879668,18,2,1
202100036910,135Â 724,A01,10,3,1,5,0,-1,-1,3,3,1,2021,79.0,2,2,0,1,1,1,1,,3,d20,-1,,3,2,0,1,(1),(1),1,, -1,1,9,1,-1,2,6,2021,12:30,1,53,53062,2,1,0,6,41 Rue Garnier,47.823147,-0.707447,12,2,1
202100037327,134Â 949,A01,1,1,1,1,2,-1,-1,0,0,-1,2021,35.0,2,0,0,2,1,13,3,,3,4,0,,2,2,2,2,5,900,1,, -1,1,0,1,30,1,6,2021,06:00,3,974,97415,2,1,0,1,Rue Louis Desjardin,-20.978871,55.331553,6,2,2
202100031981,144Â 579,A01,3,2,1,5,1,8,-1,0,0,-1,2021,19.0,2,2,2,0,0,16,1,,4,CD 580,0,,1,1,0,1,1,0,1,, -1,2,0,1,50,26,6,2021,03:55,3,14,14333,1,1,1,7,CD 580,49.412522,0.266597,3,2,1
202100006305,190Â 522,A01,1,1,1,5,2,6,-1,-1, -1,-1,2021,20.0,2,1,0,0,8,1,1,,3,VERSAILLES (AV DE),0,,1,2,0,1,1,0,1,, -1,1,0,1,50,25,11,2021,15:00,1,94,94073,2,1,0,7,Avenue de Versailles,48.75701,2.38866,15,1,1
202100055063,103Â 387,B01,1,1,1,5,2,8,-1,0,0,-1,2021,68.0,1,1,0,2,1,2,6,,3,CARIMAI (RUE),0,,2,2,0,1,0,468,1,, -1,2,0,1,50,13,1,2021,09:10,1,6,6030,2,1,0,2,CARIMAI (RUE),43.5672,6.97019,9,2,2
202100015706,173Â 597,B01,3,2,2,5,2,-1,-1,0,0,-1,2021,18.0,1,1,0,2,1,1,1,,3,1010,-1,,2,2,0,1,90,400,1,,7,1,5,1,50,2,10,2021,19:30,2,33,33042,2,2,0,3,Route de Bayonne,44.489074,-0.791574,19,3,2
202100017272,170Â 781,B01,1,1,1,5,2,-1,-1,0,0,-1,2021,32.0,2,1,0,2,2,21,1,,3,877,-1,,2,2,0,1,12,850,1,, -1,1,0,1,80,25,9,2021,17:30,1,8,8037,1,1,0,3,CD 877,49.858764,4.351519,17,2,2
202100028023,151Â 621,A01,2,2,1,5,1,-1,-1,0,0,-1,2021,31.0,1,2,0,2,3,19,1,,3,51,-1,,2,2,0,1,10,600,1,, -1,1,0,1,80,20,7,2021,21:00,2,14,14504,1,2,0,3,D510,49.207876,0.339375,21,3,2
202100021943,162Â 403,B01,2,2,2,5,2,6,-1,0,0,-1,2021,23.0,3,1,0,2,0,0,1,,7,NICE AVENUE DE (RN7),0,,2,2,0,1,(1),(1),1,, -1,1,0,1,50,29,8,2021,22:00,5,6,6027,2,9,0,1,NICE AVENUE DE (RN7),43.65917,7.16439,22,3,2
202100014978,174Â 932,Z01,10,3,1,2,8,8,-1,3,3,1,2021,15.0,1,2,0,1,0,17,0,,4,DUTREIX (RUE ARMAND),0,,2,2,0,1,0,0,1,, -1,2,0,1,50,5,10,2021,07:58,2,87,87085,2,1,1,6,DUTREIX (RUE ARMAND),45.8342,1.2279,7,2,1
202100047912,116Â 095,A01,10,3,2,5,0,-1,-1,3,3,1,2021,37.0,2,2,0,1,1,15,1,,4,TRESAGUET (RUE DE),0,,2,2,0,1,0,0,1,, -1,1,0,1,50,14,3,2021,17:46,1,87,87085,2,1,0,6,TRESAGUET (RUE DE),45.84358,1.23164,17,2,1
202100000319,201Â 148,B01,1,1,1,1,1,0,-1,-1, -1,-1,2021,35.0,3,2,0,2,6,2,1,,4,ADRIEN BLANC ALLâE,0,,1,2,0,1,1,0,1,, -1,1,0,1,50,21,6,2021,09:30,1,13,13047,2,1,0,2,ADRIEN BLANC ALLâE,43.4823470555,4.9958238903,9,2,2
202100045550,120Â 320,A01,4,2,2,0,1,0,-1,-1, -1,-1,2021,17.0,1,2,0,2,7,17,1,,2,RAYMOND POMIER (RUE),0,,2,2,0,2,0,100,1,, -1,1,0,1,50,30,3,2021,13:00,1,91,91421,2,2,0,3,RAYMOND POMIER (RUE),48.70379,2.44332,13,6,2
202100045136,121Â 053,A01,1,1,2,5,2,0,-1,-1, -1,-1,2021,39.0,1,1,0,2,1,17,1,,4,MAURICE BOUCHOR (RUE),0,,2,2,0,1,0,0,1,, -1,1,0,1,50,4,4,2021,18:32,1,10,10387,2,3,0,3,MAURICE BOUCHOR (RUE),48.30416,4.05553,18,3,2
202100002601,197Â 132,B01,1,1,2,0,8,0,-1,-1, -1,-1,2021,11.0,2,1,0,2,2,5,5,,4,,0,,1,2,0,1,(1),(1),1,, -1,1,0,1,50,15,12,2021,14:25,1,67,67447,2,3,0,3,CHASSEURS (RUE DES),48.60285,7.74752,14,2,2
202100042195,126Â 198,B01,1,1,1,9,2,6,-1,-1, -1,-1,2021,54.0,1,1,0,2,1,1,0,,4,NORMANDIN   RUE EMILE,0,,2,2,1,1,(1),(1),1,, -1,1,0,1,30,28,4,2021,16:28,1,17,17300,2,1,0,3,NORMANDIN   RUE EMILE,46.14941,-1.1447,16,2,2
202100054103,105Â 038,A01,10,3,2,2,0,-1,-1,2,0,2,2021,52.0,3,2,0,1,2,1,1,,4,RUE SAINT MERRI,0,,1,1,0,1,(1),(1),1,, -1,1,0,1,15,22,1,2021,16:30,1,75,75104,2,2,0,6,RUE SAINT MERRI,48.859571,2.352582,16,2,1
202100021310,163Â 560,A01,1,1,1,0,1,0,-1,-1, -1,-1,2021,38.0,1,1,0,0,1,26,3,,3,DOCTEUR BAUER(RUE DU) :NÂ° 1 AU 73,0,,1,2,0,1,0,0,1,, -1,1,0,1,50,2,9,2021,13:10,1,93,93070,2,1,0,1,DOCTEUR BAUER(RUE DU) :NÂ° 1 AU 73,48.91189,2.33646,13,2,2
202100028980,149Â 924,A01,1,1,1,0,2,0,-1,0,0,-1,2021,55.0,1,1,14,0,1,17,1,,4,CESSOLE (BD DE) (A PARTIR DU 101-114),0,,2,3,3,2,(1),(1),1,, -1,1,0,1,50,14,7,2021,13:23,1,6,6088,2,1,0,6,Boulevard de Cessole,43.71933,7.25209,13,2,2
202100011094,181Â 897,A01,10,3,2,5,0,-1,-1,2,A,1,2021,27.0,2,5,0,1,0,1,1,,4,CHATEAU (DE 37 A 55 ET 34 A 50),0,,2,2,0,1,(1),(1),1,, -1,1,0,1,50,13,9,2021,15:25,1,29,29019,2,1,0,6,Rue du ChÃ¢teau,48.3864028957,-4.4871103764,15,2,1
202100033840,141Â 269,B01,2,2,2,5,1,0,-1,0,0,-1,2021,22.0,0,2,0,2,1,1,1,,3,ROUTE DE CORNEILHAN (RD.154),0,,2,2,0,1,2,215,1,, -1,1,0,1,80,15,6,2021,23:50,3,34,34032,1,1,0,1,ROUTE DE CORNEILHAN (RD.154),43.36829,3.20992,23,3,2
202100025598,155Â 926,A01,10,3,2,5,0,-1,-1,4,3,1,2021,61.0,1,2,0,1,2,1,1,,4,ALDUY (Paul),0,,2,2,0,1,0,0,1,, -1,2,0,1,50,4,8,2021,11:28,1,66,66136,2,1,1,6,ALDUY (Paul),42.67809,2.90499,11,2,1
202100014742,175Â 358,A01,1,1,1,0,2,6,-1,-1, -1,-1,2021,21.0,1,1,0,2,9,1,1,,1,AUTOROUTE A86,0,,-1,3,0,1,22,0,1,, -1,1,1,1,90,7,10,2021,09:40,1,93,93008,1,1,0,2,AUTOROUTE A86,48.9091277259,2.4483409523,9,2,2
202100036282,136Â 826,B01,1,1,1,9,2,0,-1,-1, -1,-1,2021,26.0,1,1,0,2,1,2,1,,4,HENRI BARBUSSE (AVE) NÂ°2-124,0,,2,2,0,1,0,0,1,, -1,1,0,1,50,5,6,2021,15:40,1,93,93029,2,1,0,3,Avenue Henri Barbusse,48.92015,2.45205,15,2,2
202100017987,169Â 474,A01,1,1,2,5,2,6,-1,-1, -1,-1,2021,24.0,1,1,0,2,7,21,1,,3,AV DE L EUROPE,0,,1,3,0,1,0,0,1,, -1,2,0,1,50,18,9,2021,20:10,5,91,91377,2,1,1,7,AV DE L EUROPE,48.726737,2.278093,20,1,1
202100040792,128Â 698,A01,1,1,1,5,1,-1,-1,0,0,-1,2021,78.0,3,2,9,0,5,9,1,,3,724,0,,2,2,0,1,80,950,1,, -1,1,0,1,70,7,5,2021,16:45,1,56,56101,1,3,0,3,Lieu-dit Lann Menhir,47.857165,-3.122016,16,2,2
202100029167,149Â 613,A01,1,1,1,0,1,0,-1,-1, -1,-1,2021,25.0,3,2,0,2,1,17,1,,5,DES MARAICHERS (AVENUE),0,,2,4,0,1,0,0,2,, -1,2,0,1,50,13,7,2021,20:15,2,94,94021,1,9,1,3,DES MARAICHERS (AVENUE),48.76302,2.34872,20,2,2
202100003249,195Â 953,B01,3,2,1,0,1,0,-1,-1, -1,-1,2021,3.0,2,2,0,2,0,0,1,,2,ROCADE,0,,3,4,0,1,11,300,1,, -1,2,0,1,90,12,12,2021,18:40,3,35,35281,1,1,1,2,ROCADE,48.08611,-1.7,18,4,2
202100022700,161Â 030,B01,1,1,2,9,1,0,-1,-1, -1,-1,2021,44.0,1,2,0,2,1,2,1,,2,ROCADE RN88 EST,0,,1,2,0,1,36,919,1,, -1,1,0,1,90,23,8,2021,18:00,1,81,81004,1,1,0,2,ROCADE RN88 EST,43.91141,2.14162,18,2,2
202100026790,153Â 834,A01,1,1,1,0,1,0,-1,-1, -1,-1,2021,83.0,1,2,1,0,3,1,1,,4,RD 147,0,,2,2,0,1,(1),(1),1,, -1,1,0,1,30,23,7,2021,15:05,1,76,76481,1,1,0,6,Route de la ChÃªnaie,49.5307701258,0.1034474373,15,1,1
202100016018,173Â 031,A01,1,1,2,0,1,-1,-1,0,0,-1,2021,61.0,2,2,0,2,4,2,1,,3,307,-1,,3,2,0,1,21,230,1,, -1,1,0,1,80,1,10,2021,09:00,1,78,78233,1,1,0,2,D307,48.867984,1.965162,9,2,2
202100020567,164Â 868,A01,10,3,1,9,0,-1,-1,4,3,1,2021,53.0,1,2,0,1,1,16,1,,4,QUAI D AUSTERLITZ,0,,2,4,0,1,(1),(1),1,, -1,1,0,1,50,6,9,2021,06:05,5,75,75113,2,2,0,6,QUAI D AUSTERLITZ,48.837599,2.373662,6,2,1
202100033179,142Â 458,A01,10,3,1,5,0,-1,-1,2,3,1,2021,10.0,1,1,0,1,1,9,1,,3,PERI GABRIEL RUE,0,,2,2,0,1,10,100,1,, -1,1,0,1,50,20,6,2021,21:25,2,201,201004,2,1,0,7,PERI GABRIEL RUE,41.9156,8.73066,21,2,1
202100051474,109Â 694,B01,10,3,2,9,4,-1,-1,1,3,1,2021,25.0,3,2,1,0,1,1,1,,3,52,0,,2,2,0,2,(1),(1),4,, -1,2,0,1,80,16,2,2021,07:28,3,50,50569,1,1,0,6,2 Rte de la Croix Periers,49.063892,-1.337017,7,2,1
202100029156,149Â 630,A01,10,3,2,9,0,-1,-1,4,3,1,2021,21.0,0,2,0,1,1,16,1,,4,QUAI DE GRENELLE,0,,2,5,0,1,(1),(1),1,, -1,1,0,1,50,13,7,2021,08:40,1,75,75115,2,3,0,6,QUAI DE GRENELLE,48.854415,2.288686,8,2,1
202100009962,183Â 891,B01,2,2,1,1,1,-1,-1,0,0,-1,2021,25.0,1,2,1,0,2,1,1,,2,175,-1,,1,4,0,3,58,950,1,, -1,2,0,1,110,1,11,2021,21:30,3,50,50589,1,1,0,2,RN 175 PK 58.950,48.581182,-1.440958,21,3,2
202100001998,198Â 226,A01,1,1,2,1,2,-1,-1,0,0,-1,2021,44.0,0,1,0,2,2,19,1,,4,JEAN CATELAS (RUE),0,,2,2,0,1,(1),(1),1,, -1,1,0,1,50,17,12,2021,12:45,1,80,80489,2,2,0,3,JEAN CATELAS (RUE),49.87372,2.35298,12,2,2
202100038309,133Â 162,A01,1,1,1,1,1,0,-1,-1,0,-1,2021,31.0,1,2,0,2,2,1,1,,1,AUTOROUTE A1,0,,3,6,0,1,18,200,1,, -1,2,0,1,110,26,5,2021,06:30,1,95,95527,1,1,1,3, A1,49.00207,2.52374,6,2,2
202100016944,171Â 336,A01,1,1,1,5,0,-1,-1,-1, -1,-1,2021,19.0,2,1,13,0,0,0,1,,3,LAGRUA (RUE),0,,2,3,1,1,46,542,1,, -1,1,0,1,50,25,9,2021,01:35,5,33,33529,2,1,0,6,,44.64133,-1.15694,1,1,1
202100055083,103Â 354,A01,10,3,1,5,0,-1,-1,3,3,1,2021,15.0,1,2,0,1,2,1,1,,4,FRANCEVILLE  (RUE DE),0,,2,1,0,1,1,0,1,, -1,2,0,1,50,12,1,2021,17:40,5,93,93032,2,8,1,6,FRANCEVILLE  (RUE DE),48.89035,2.54594,17,2,1
202100052463,107Â 938,B01,1,1,1,4,8,0,-1,0,0,-1,2021,21.0,2,1,0,2,7,10,5,,4,RUE DE RICHELIEU,0,,1,1,0,1,(1),(1),1,, -1,1,0,1,30,5,2,2021,12:20,1,75,75102,2,3,0,3,RUE DE RICHELIEU,48.867681,2.337927,12,2,2
202100011592,181Â 006,A01,1,1,1,0,2,6,-1,-1, -1,-1,2021,19.0,1,1,0,0,8,1,1,,4,RABIER (RUE FERNAND),0,,2,2,0,1,(1),(1),1,, -1,1,0,1,50,22,10,2021,08:50,1,45,45234,2,2,0,7,Rue Fernand Rabier,47.90381,1.90976,8,1,1
202100055065,103Â 384,A01,1,1,2,1,2,6,-1,0,0,-1,2021,26.0,1,1,0,2,1,1,1,,4,ECHANGEUR MUETTE,0,,1,4,0,1,14,100,1,, -1,2,0,1,70,13,1,2021,07:20,5,75,75116,2,1,1,2,ECHANGEUR MUETTE,48.861934,2.2646,7,2,2
202100051764,109Â 176,B01,1,1,1,9,1,-1,-1,0,0,-1,2021,61.0,2,2,0,2,1,1,1,,3,1001,-1,,2,2,0,1,11,400,1,, -1,1,0,1,80,13,2,2021,03:50,3,60,60197,1,1,0,1,rd 1001,49.239534,2.215199,3,5,2
202100001589,198Â 968,B01,1,1,2,9,1,8,-1,-1, -1,-1,2021,50.0,1,2,0,2,4,1,1,,4,JEAN MERMOZ,0,,-1,2,0,1,0,0,1,, -1,1,6,1,50,23,12,2021,13:40,1,64,64445,2,1,0,2,Avenue Jean Mermoz,43.3116138159,-0.3772902489,13,2,2
202100025316,156Â 405,B01,1,1,2,0,1,0,-1,-1, -1,-1,2021,23.0,3,2,0,2,4,1,1,,7,D.10,0,,2,2,0,1,0,0,1,, -1,1,0,1,50,6,8,2021,19:15,1,13,13063,2,1,0,2,D.10,43.57071,5.01999,19,6,2
202100030789,146Â 728,B01,1,1,1,5,2,8,-1,-1, -1,-1,2021,23.0,2,1,0,2,7,1,1,,3,66,0,,2,2,0,1,0,0,1,, -1,1,0,1,50,30,6,2021,16:30,1,91,91377,2,3,0,3,AV DU PRESIDENT J F KENNEDY,48.736364,2.292252,16,2,2
202100025883,155Â 420,B01,1,1,1,5,2,8,-1,-1, -1,-1,2021,48.0,-1,1,0,2,8,19,5,,3,8 MAI 45 (AVENUE DU 184 AU 240)  Z1,0,,3,2,0,1,0,1,1,, -1,1,0,1,50,2,8,2021,18:25,1,93,93007,2,1,0,3,8 MAI 45 (AVENUE DU 184 AU 240)  Z1,48.95182,2.44096,18,2,2
202100052554,107Â 782,B01,1,1,1,0,2,6,-1,-1, -1,-1,2021,21.0,2,1,0,2,7,1,1,,2,33 PK RN11 NANTES ROCADE,0,,3,4,0,1,34,672,1,, -1,1,0,1,50,4,2,2021,12:25,1,17,17291,1,1,0,3,33 PK RN11 NANTES ROCADE,46.17303,-1.11658,12,2,2
202100026802,153Â 817,A01,1,1,1,9,2,6,-1,-1, -1,-1,2021,17.0,3,1,5,0,4,0,1,,4,LATECOERE (ALLEE PIERRE),0,,2,2,0,1,0,0,1,, -1,1,0,1,30,27,7,2021,18:45,1,64,64102,2,1,0,7,AllÃ©e Pierre LatÃ©coÃ¨re,43.4662850589,-1.4920055866,18,1,1
202100031630,145Â 215,B01,1,1,1,5,1,-1,-1,0,0,-1,2021,69.0,3,2,0,2,7,1,1,,4,,0,,2,2,0,1,(1),(1),1,,3,2,0,1,80,26,6,2021,16:35,1,35,35176,1,2,0,3,AllÃ©e des PrimevÃ¨res,47.791056,-1.844164,16,3,2
202100009124,185Â 401,Z01,10,3,1,0,8,8,-1,3,3,1,2021,19.0,3,0,0,1,0,0,0,,4,ANATOLE FRANCE (AV),0,,2,2,1,1,1,0,1,, -1,1,0,1,50,6,11,2021,11:00,1,94,94078,2,1,0,3,ANATOLE FRANCE (AV),48.7435569009,2.4522421359,11,2,1
202100005315,192Â 289,B01,1,1,1,0,1,0,-1,-1, -1,-1,2021,42.0,0,2,0,2,5,1,1,,4,LECLERC (AVENUE DU GENERAL),0,,3,4,3,1,(1),(1),1,, -1,1,0,1,30,1,12,2021,19:10,5,35,35238,2,1,0,2,LECLERC (AVENUE DU GENERAL),48.11405,-1.6347,19,2,2
202100012269,179Â 794,B01,1,1,1,1,1,0,-1,-1, -1,-1,2021,47.0,1,1,0,0,0,0,5,,3,CASANOVA DANIELLE NR 52-SUIV ET 21-SUIV,0,,2,1,0,1,0,1,1,, -1,1,0,1,50,19,10,2021,09:15,1,93,93066,2,1,0,3,CASANOVA DANIELLE NR 52-SUIV ET 21-SUIV,48.92884,2.36234,9,2,2
202100024828,157Â 275,A01,2,2,1,5,1,0,-1,-1, -1,-1,2021,17.0,1,2,0,2,4,2,1,,1,A55-Sens Martigues vers Marseille,0,,1,3,0,1,0,200,1,, -1,1,3,1,90,9,8,2021,00:59,3,13,13071,1,1,0,2,A55-Sens Martigues vers Marseille,43.40019,5.29698,0,3,2
202100031692,145Â 110,A01,1,1,2,5,1,-1,-1,0,0,-1,2021,25.0,0,2,0,2,1,2,1,,3,840,-1,,2,2,0,1,21,125,1,, -1,2,0,1,80,29,6,2021,11:55,1,27,27424,1,1,1,2,D840,48.920723,0.939438,11,2,2
202100011696,180Â 825,A01,1,1,1,5,1,-1,-1,0,0,-1,2021,43.0,2,2,0,0,9,1,1,,3,18,0,,2,2,0,1,37,580,2,, -1,1,0,3,80,22,10,2021,23:50,3,89,89133,1,1,0,7,Hameau d Arblay,47.978311,3.142209,23,1,1