Num_Acc,id_vehicule,num_veh,place,catu,sexe,trajet,secu1,secu2,secu3,locp,actp,etatp,year_acc,victim_age,senc,catv,obs,obsm,choc,manv,motor,occutc,catr,voie,v1,v2,circ,nbv,vosp,prof,pr,pr1,plan,lartpc,larrout,surf,infra,situ,vma,jour,mois,an,hrmn,lum,dep,com,agg_,int,atm,col,adr,lat,long,hour,nb_victim,nb_vehicules
202100011962,180Â 339,A01,9,2,2,9,0,-1,-1,0,0,-1,2021,25.0,3,2,13,0,0,0,1,,4,,0,,2,2,0,2,(1),(1),1,,4,9,0,3,50,30,7,2021,02:50,3,74,74201,1,1,0,6,Che des Fillinges,46.105427,6.095792,2,2,1
202100022282,161Â 805,A01,1,1,1,9,2,8,-1,-1, -1,-1,2021,21.0,3,1,0,2,0,0,1,,4,CLARY (RUE),0,,-1,2,0,1,0,0,1,, -1,1,0,1,30,26,8,2021,09:30,1,13,13203,2,2,0,3,CLARY (RUE),43.30925,5.37228,9,3,2
202100043276,124Â 309,B01,1,1,1,5,2,6,-1,0,0,-1,2021,19.0,2,1,0,2,1,1,1,,7,15,0,,2,2,2,1,46,900,1,, -1,1,0,1,80,22,4,2021,18:45,1,13,13059,1,3,1,3,"RD 15, PK 46.900",43.6496,5.538933,18,3,2
202100048327,115Â 371,A01,1,1,1,9,1,-1,-1,0,0,-1,2021,91.0,3,5,0,0,8,19,1,,3,10,-1,,2,2,0,1,6,672,1,, -1,2,5,1,80,13,3,2021,07:45,1,49,49041,1,2,1,3,carrefour de bonneveau - CD 10,47.288225,0.047722,7,2,2
202100006027,191Â 019,A01,1,1,1,5,1,-1,-1,0,0,-1,2021,27.0,2,2,2,0,2,1,1,,3,19,0,,2,2,0,3,91,400,2,, -1,2,0,3,80,27,11,2021,21:00,3,46,46329,1,1,1,6,D19,44.335667,1.631298,21,1,1
202100021301,163Â 579,A01,1,1,2,1,2,0,-1,0,0,-1,2021,53.0,3,0,0,0,0,1,3,,4,BOULEVARD BOURDON,0,,2,4,1,1,(1),(1),1,, -1,1,0,5,30,2,9,2021,10:00,1,75,75104,2,3,0,7,BOULEVARD BOURDON,48.851652,2.36766,10,1,1
202100020899,164Â 293,A01,1,1,1,5,1,-1,-1,0,0,-1,2021,58.0,2,2,0,0,0,0,1,,3,902,-1,,2,2,0,2,126,765,2,, -1,1,0,8,80,4,9,2021,10:05,1,73,73306,1,1,0,7,D902 Route du Galibier,45.0839,6.427882,10,1,1
202100034833,139Â 446,A01,1,1,1,5,2,6,9,0,0,-1,2021,25.0,1,1,0,2,1,1,1,,3,987,0,,2,2,0,1,35,800,4,, -1,1,0,1,80,12,6,2021,19:15,1,71,71546,1,1,0,1,RD987 Trambly,46.326002,4.524581,19,3,2
202100024209,158Â 402,B01,1,1,1,5,2,6,-1,0,0,-1,2021,46.0,2,1,0,2,1,1,1,,3,17,-1,,2,2,0,1,10,200,1,,4,1,0,1,50,14,8,2021,18:30,1,71,71371,2,3,0,3,Route de Macon/avenue de la gare,46.345185095,4.7209559538,18,4,2
202100039381,131Â 210,B01,1,1,1,0,6,2,-1,0,0,-1,2021,16.0,2,1,0,2,6,2,1,,3,312,-1,,1,1,0,1,4,500,2,, -1,1,0,1,50,19,5,2021,18:30,1,64,64304,2,6,0,3,D312,43.473057,-1.395457,18,2,2
202100043838,123Â 320,B01,1,1,1,1,2,6,-1,0,0,-1,2021,28.0,1,1,0,2,1,1,1,,2,1,0,N,2,2,0,1,(1),(1),1,, -1,1,0,1,50,16,4,2021,15:55,1,974,97408,2,3,0,3,Rue Leconte de Lisle,-20.936002,55.333289,15,2,2
202100010162,183Â 536,A01,10,3,1,5,0,-1,-1,4,3,1,2021,44.0,1,2,0,1,1,1,1,,3,COURTAIS   (DE  BOULEVARD),0,,2,2,0,1,0,0,1,, -1,1,0,1,50,31,10,2021,01:03,5,3,3185,2,1,0,6,COURTAIS   (DE  BOULEVARD),46.33853,2.60455,1,2,1
202100035487,138Â 279,A01,10,3,2,3,0,-1,-1,3,3,1,2021,85.0,1,2,0,1,3,1,1,,4,REIMS (AVENUE DE),0,,2,2,0,1,(1),(1),1,, -1,1,9,1,50,8,6,2021,12:15,1,59,59606,2,1,0,6,REIMS (AVENUE DE),50.342157,3.525919,12,2,1
202100012943,178Â 602,A01,1,1,1,5,0,-1,-1,0,0,-1,2021,17.0,1,2,0,2,4,17,1,,3,25,0,D,2,2,0,1,41,250,1,, -1,1,0,1,70,16,10,2021,11:33,1,31,31206,1,1,0,2,D25,43.275143,1.492537,11,2,2
202100035290,138Â 622,B01,1,1,1,1,2,0,-1,-1, -1,-1,2021,52.0,0,1,0,2,9,2,1,,4,ROUET (RUE DU),0,,2,0,0,2,0,0,1,, -1,1,0,1,50,10,6,2021,07:45,1,13,13208,2,3,0,3,ROUET (RUE DU),43.2761411456,5.3949921909,7,2,2
202100020101,165Â 694,Z01,10,3,1,9,0,-1,-1,2,3,1,2021,47.0,1,2,0,1,0,1,0,,4,PLACE DE LA CHAPELLE,0,,2,4,3,1,(1),(1),1,, -1,1,5,1,30,8,9,2021,18:50,1,75,75118,2,7,0,6,PLACE DE LA CHAPELLE,48.884542,2.359282,18,2,1
202100032093,144Â 384,B01,1,1,2,0,1,-1,-1,-1, -1,-1,2021,48.0,3,2,0,2,1,1,1,,3,RD 934,0,,2,2,0,2,17,221,3,, -1,2,0,1,80,22,6,2021,16:10,1,77,77132,1,1,0,1,RD 934,48.881,2.7855,16,2,2
202100041152,128Â 044,B01,2,2,2,0,1,0,-1,-1, -1,-1,2021,42.0,1,2,0,2,4,1,1,,4,ANDRE TOUTAIN (AVENUE),0,,2,2,0,1,0,0,1,, -1,2,0,1,50,6,5,2021,16:25,1,93,93071,2,1,1,4,Avenue AndrÃ© Toutain,48.945282,2.525165,16,4,3
202100046533,118Â 608,B01,1,1,1,1,2,6,-1,-1, -1,-1,2021,36.0,2,1,0,2,1,7,1,,4,SEJOURNE (AV PAUL) DU 1AU 16,0,,2,4,3,4,(1),(1),1,, -1,1,0,6,50,26,3,2021,15:30,1,31,31555,2,2,0,3,SEJOURNE (AV PAUL) DU 1AU 16,43.60595,1.42823,15,2,2
202100038545,132Â 745,B01,1,1,1,4,2,0,-1,-1, -1,-1,2021,24.0,1,1,0,2,8,1,1,,3,VICTOR HUGO (BD),0,,3,4,0,1,0,0,1,, -1,2,0,1,50,24,5,2021,15:20,1,92,92024,2,3,0,3,VICTOR HUGO (BD),48.9020976845,2.318007946,15,2,2
202100007436,188Â 458,Z01,10,3,2,5,8,8,-1,3,3,1,2021,67.0,1,1,0,1,0,1,0,,4,RUE BELGRAND,0,,-1,2,0,1,(1),(1),1,, -1,1,0,1,30,18,11,2021,12:20,1,75,75120,2,3,0,6,RUE BELGRAND,48.864625,2.405646,12,2,1
202100036492,136Â 474,A01,2,1,1,4,2,8,-1,-1, -1,-1,2021,28.0,1,1,0,2,1,2,1,,3,KUPKA (RUE FRANCK) TOUR,0,,1,1,0,1,0,0,1,, -1,2,0,1,50,4,6,2021,11:05,1,92,92062,2,9,0,2,KUPKA (RUE FRANCK) TOUR,48.8907833965,2.2342008321,11,2,2
202100012737,178Â 951,B01,1,1,1,5,0,-1,-1,0,0,-1,2021,38.0,3,1,0,2,1,13,5,,4,,-1,,2,2,0,2,(1),(1),3,,4,1,0,1,50,16,10,2021,16:10,1,85,85090,1,4,0,5,RUE DES TUMULUS,46.857711,-0.822258,16,3,3
202100018762,168Â 103,A01,1,1,1,0,2,0,-1,-1, -1,-1,2021,56.0,0,1,0,2,1,26,1,,4,RUE DU SOUVENIR FRANCAIS,0,,1,0,0,1,(1),0,4,, -1,1,0,1,50,15,9,2021,06:50,5,44,44162,2,6,0,1,RUE DU SOUVENIR FRANCAIS,47.2099317804,-1.6289056296,6,2,2
202100026907,153Â 614,B01,2,2,2,5,1,-1,-1,0,0,-1,2021,62.0,1,2,0,9,3,1,1,,1,63,-1,A,3,3,0,1,110,600,1,, -1,1,0,1,130,22,7,2021,03:46,3,40,40152,1,1,0,6,Autoroute A63 - PK 110.600,43.946114,-1.079235,3,3,2
202100020230,165Â 473,B01,1,1,1,0,1,0,-1,-1, -1,-1,2021,30.0,1,1,0,2,1,17,0,,2,NATIONALE 6 (GLACIERE),0,,1,1,0,1,0,100,1,, -1,1,0,8,50,7,9,2021,08:45,1,91,91421,2,1,0,2,NATIONALE 6 (GLACIERE),48.70899,2.44197,8,3,2
202100013032,178Â 455,A01,10,3,2,4,0,-1,-1,3,2,1,2021,62.0,2,5,0,1,0,4,1,,6,PL DE L ESPLANADE,0,,-1,0,0,1,0,100,1,, -1,1,9,1,30,15,10,2021,10:00,1,91,91097,2,1,0,6,PL DE L ESPLANADE,48.69056,2.52906,10,2,1
202100017019,171Â 196,Z01,3,2,2,5,1,0,-1,0,0,-1,2021,35.0,2,2,7,0,1,13,2,,4,BOULEVARD SAINT MICHEL,0,,2,4,0,1,(1),(1),1,, -1,1,0,1,30,25,9,2021,04:52,5,75,75106,2,3,0,6,BOULEVARD SAINT MICHEL,48.852767,2.343829,4,3,1
202100033460,141Â 961,A01,10,3,1,3,0,-1,-1,3,3,2,2021,14.0,1,1,1,1,1,17,1,,3,908,-1,,2,2,0,1,43,112,1,, -1,2,9,1,50,19,6,2021,17:20,1,61,61168,2,1,0,5,2 Route de Bagnoles,48.586054,-0.36521,17,8,3
202100044599,121Â 999,B01,1,1,1,5,2,6,-1,-1, -1,-1,2021,56.0,2,1,0,2,3,1,1,,3,BD MAXIME GORKI ,0,,2,4,0,1,1,0,1,, -1,1,0,1,50,9,4,2021,14:30,1,94,94076,2,2,0,3,Boulevard Maxime Gorki,48.79125,2.36987,14,2,2
202100029668,148Â 763,A01,1,1,2,5,2,7,-1,0,0,-1,2021,24.0,1,1,6,0,2,1,1,,3,440,0,,2,2,0,2,8,800,2,, -1,1,0,3,80,10,7,2021,11:40,1,47,47242,1,1,0,7,Lastreilles,44.567977,0.996063,11,1,1
202100030157,147Â 863,B01,1,1,1,0,2,-1,-1,0,0,-1,2021,43.0,0,1,0,2,1,1,5,,4,BEAUVILLE CENTRE (BOULEVARD),0,,2,2,0,4,(1),(1),1,, -1,1,0,1,50,5,7,2021,16:50,1,80,80021,2,1,0,3,BEAUVILLE CENTRE (BOULEVARD),49.89864,2.31198,16,2,2
202100038876,132Â 137,B01,1,1,1,1,8,0,-1,-1, -1,-1,2021,19.0,3,1,0,2,7,1,5,,4,ROND POINT BUTTE CITRONNELLE,0,,1,2,1,1,0,0,3,, -1,1,0,1,50,20,5,2021,08:50,1,974,97407,2,1,0,3,ROND POINT BUTTE CITRONNELLE,-20.93169,55.29684,8,2,2
202100016904,171Â 407,B01,1,1,2,1,8,0,-1,-1, -1,-1,2021,18.0,1,1,0,2,1,26,5,,4,NOTRE DAME DU LAC AVENUE,0,,1,2,0,1,1,0,2,, -1,1,0,1,30,24,9,2021,12:40,1,49,49007,2,1,0,3,NOTRE DAME DU LAC AVENUE,47.475569,-0.583445,12,2,2
202100038662,132Â 526,A01,1,1,1,3,2,0,-1,-1, -1,-1,2021,40.0,2,1,0,2,1,26,1,,4,COURNEUVE (RUE DE LA),0,,1,1,0,1,0,0,1,, -1,1,0,1,50,23,5,2021,10:00,1,93,93001,2,1,0,2,COURNEUVE (RUE DE LA),48.916375,2.38424,10,2,2
202100047853,116Â 223,A01,1,1,1,5,2,-1,-1,0,0,-1,2021,20.0,1,1,0,0,0,2,1,,3,1324,0,D,2,2,0,1,28,450,1,, -1,2,0,1,50,17,3,2021,18:40,2,60,60661,2,1,1,7,58 Route de Chantilly,49.235357,2.983213,18,2,1
202100047513,116Â 833,A01,1,1,1,4,2,8,-1,-1, -1,-1,2021,26.0,2,1,0,2,1,2,5,,4,BARBACANE,0,,1,2,0,2,0,0,2,, -1,1,0,1,30,17,3,2021,16:05,1,11,11069,2,1,0,2,BARBACANE,43.20935,2.36041,16,2,2
202100043827,123Â 344,B01,1,1,1,5,2,6,-1,0,0,-1,2021,24.0,2,1,0,2,1,1,1,,3,9,0,,2,2,0,2,6,200,1,, -1,1,5,1,70,16,4,2021,18:45,1,29,29191,1,4,0,3,Lieu Dit la Croix de Pierre,48.544484,-3.758998,18,2,2
202100014065,176Â 555,A01,10,3,1,1,0,-1,-1,1,3,1,2021,27.0,1,5,0,1,1,1,1,,3,10,0,,2,2,0,1,14,850,1,, -1,1,0,1,50,7,10,2021,13:45,1,95,95580,2,1,0,6,RD 10,49.088254,2.557197,13,2,1
202100030796,146Â 715,B01,1,1,1,5,8,0,-1,-1, -1,-1,2021,35.0,3,1,0,2,1,1,5,,4,,0,,2,4,0,4,0,0,1,, -1,1,0,1,50,29,6,2021,17:15,1,91,91687,2,2,0,2,MARMONT (AVENUE),48.66,2.37,17,2,2
202100033602,141Â 703,A01,1,1,1,0,2,-1,-1,-1, -1,-1,2021,36.0,1,0,0,2,1,1,3,,4,AVE JEAN JAURES,0,,3,4,3,1,(1),(1),1,, -1,2,9,5,50,17,6,2021,23:35,3,33,33119,2,1,1,2,Avenue Jean JaurÃ¨s,44.85354,-0.53803,23,2,2
202100045576,120Â 265,A01,1,1,1,0,0,-1,-1,-1, -1,-1,2021,31.0,1,1,0,2,0,2,5,,7,REPUBLIQUE BOULEVARD DE LA,0,,2,2,1,1,(1),(1),1,, -1,1,0,1,50,25,3,2021,21:40,5,59,59360,2,2,0,3,REPUBLIQUE BOULEVARD DE LA,50.60781,3.01607,21,2,2
202100008543,186Â 468,A01,10,3,1,9,0,-1,-1,1,2,1,2021,66.0,2,5,0,1,2,1,1,,3,1,0,,2,2,0,1,5,74,1,,"5,5",1,0,1,80,11,11,2021,18:00,3,50,50562,1,1,0,6,La Bijude,49.608579,-1.257463,18,2,1
202100053336,106Â 385,B01,1,1,2,0,1,0,-1,-1, -1,-1,2021,25.0,0,2,0,2,4,2,1,,4,PARIS (RUE DE),0,,3,4,0,1,(1),(1),1,, -1,2,0,1,50,27,1,2021,15:32,1,35,35051,2,1,1,2,PARIS (RUE DE),48.11428,-1.60619,15,2,2
202100026947,153Â 544,A01,1,1,1,9,2,6,-1,0,0,-1,2021,36.0,1,1,0,2,7,17,1,,4,BOULEVARD VOLTAIRE,0,,2,-1,1,1,(1),(1),1,, -1,1,0,1,30,26,7,2021,19:50,1,75,75111,2,2,0,3,BOULEVARD VOLTAIRE,48.850394,2.392522,19,2,2
202100018530,168Â 512,B01,1,1,1,0,1,0,-1,-1, -1,-1,2021,59.0,1,1,0,2,2,1,0,,3,CD 117 (ROUTE DE JOUY),0,,-1,2,0,1,0,0,1,, -1,2,0,1,90,15,9,2021,18:20,1,91,91064,1,1,1,2,CD 117 (ROUTE DE JOUY),48.752706,2.203964,18,2,2
202100053355,106Â 352,B01,1,1,1,9,2,6,-1,0,0,-1,2021,27.0,2,1,0,2,1,1,1,,4,RUE DE CHATEAUDUN,0,,2,2,3,1,(1),(1),1,, -1,1,0,1,50,28,1,2021,14:28,1,75,75109,2,1,0,2,RUE DE CHATEAUDUN,48.876286,2.333616,14,3,2
202100003410,195Â 661,B01,1,1,1,5,2,-1,-1,-1, -1,-1,2021,44.0,3,1,0,2,1,1,5,,4,LANSON (RUE),0,,2,2,0,1,(1),(1),1,, -1,1,0,1,50,11,12,2021,11:45,1,51,51454,2,1,0,2,Rue Lanson,49.24563,4.05774,11,2,2
202100032320,143Â 987,A01,2,2,1,9,2,6,-1,0,0,-1,2021,21.0,2,1,0,2,7,1,1,,4,BOULEVARD DELESSERT,0,,2,2,0,2,(1),(1),1,, -1,1,0,1,50,24,6,2021,10:05,1,75,75116,2,3,0,3,BOULEVARD DELESSERT,48.859622,2.287714,10,3,2
202100035927,137Â 469,A01,1,1,1,0,1,-1,-1,0,0,-1,2021,23.0,2,2,10,0,1,1,1,,2,ECHANGEUR NÂ° 13 ( PORTE D ' ESPAGNE ),0,,1,4,0,1,1,0,1,, -1,1,5,8,50,7,6,2021,06:00,2,14,14341,1,6,1,6,N814,49.1456,-0.33889,6,2,1
202100045110,121Â 104,A01,1,1,1,1,0,-1,-1,-1, -1,-1,2021,38.0,2,1,0,2,4,12,3,,4,TCHECOSLOVAQUES (DES)         (BD),0,,1,3,3,1,(1),(1),1,, -1,1,0,1,50,4,4,2021,15:50,1,69,69387,2,1,0,2,TCHECOSLOVAQUES (DES) (BD),45.7450012741,4.858329222,15,2,2
202100019458,166Â 858,A01,2,2,1,4,1,-1,-1,0,0,-1,2021,21.0,3,5,0,2,1,17,1,,4,,-1,,2,2,0,1,(1),(1),1,,4,1,0,1,50,17,5,2021,08:05,1,38,38449,2,3,0,2,Avenue des Arrivaux,45.64217,5.11945,8,3,2
202100027051,153Â 364,A01,3,2,1,0,1,-1,-1,-1, -1,-1,2021,24.0,1,2,0,2,7,1,1,,4,GARIBALDI                           (R ),0,,1,4,3,1,(1),(1),1,, -1,1,0,1,50,25,7,2021,01:35,5,69,69383,2,2,0,3,GARIBALDI (R),45.7621,4.8518,1,4,2
202100039295,131Â 361,B01,2,2,2,2,2,6,-1,-1, -1,-1,2021,17.0,1,1,0,2,6,1,1,,4,SAINT DENIS AVENUE,0,,2,2,0,1,(1),(1),1,, -1,1,0,1,50,19,5,2021,13:24,1,29,29232,2,1,0,1,Avenue Saint Denis,47.9959570347,-4.0808406473,13,3,2
202100015155,174Â 621,A01,1,1,1,4,2,6,-1,0,0,-1,2021,65.0,1,1,0,0,7,1,1,,3,5,0,,2,2,0,1,67,850,1,, -1,2,0,3,80,2,10,2021,17:45,1,86,86117,1,1,1,7,D5,46.503721,0.850282,17,1,1
202100016556,172Â 038,A01,10,3,1,0,0,-1,-1,1,3,1,2021,47.0,2,2,0,1,3,2,1,,3,PONT BLANC.CHARLES TILLON (RUE)  3/80 =>,0,,1,2,1,1,0,1,1,, -1,2,0,1,50,27,9,2021,00:19,5,93,93001,2,1,1,6,PONT BLANC.CHARLES TILLON (RUE)  3/80 =>,48.916,2.3925,0,2,1
202100044861,121Â 531,B01,1,1,1,5,2,6,9,0,0,-1,2021,63.0,2,1,0,2,1,1,1,,3,941,-1,D,2,2,0,1,4,465,1,, -1,1,0,5,50,8,4,2021,11:38,1,62,62060,2,2,0,3,20 Rue du GÃ©nÃ©ral de Gaulle,50.231471,2.11706,11,2,2
202100030066,148Â 042,A01,1,1,1,0,2,6,4,0,0,-1,2021,16.0,2,1,0,0,0,14,1,,4,D56,-1,,-1,2,0,1,(1),(1),3,, -1,1,0,1,80,23,6,2021,17:24,1,57,57370,1,9,0,7,Eclus,49.398002,6.276589,17,1,1
202100050451,111Â 521,B01,1,1,1,4,1,0,-1,0,0,-1,2021,31.0,2,5,0,2,4,23,1,,3,LOURDES (AVENUE DE),0,,2,3,0,1,0,715,1,, -1,1,0,1,50,23,2,2021,10:35,1,65,65331,2,9,0,4,LOURDES (AVENUE DE),43.2162,0.05476,10,3,3
202100004618,193Â 514,A01,1,1,2,5,1,-1,-1,-1, -1,-1,2021,20.0,1,2,0,2,1,2,1,,1,AUTOROUTE A 62,0,,3,4,0,1,7,269,1,, -1,2,0,1,130,5,12,2021,18:05,3,33,33448,1,1,1,2,AUTOROUTE A 62,44.713829,-0.516983,18,2,2
202100013772,177Â 090,A01,10,3,2,1,0,-1,-1,0,0,2,2021,19.0,0,2,0,1,2,1,1,,7,72,0,D,2,2,0,1,(1),(1),1,, -1,1,0,3,80,13,10,2021,07:20,3,13,13035,1,1,0,2,D17d,43.678732,5.065432,7,2,1
202100021730,162Â 795,A01,2,2,2,9,1,-1,-1,0,0,-1,2021,21.0,0,2,2,0,3,0,1,,3,57,-1,,2,2,0,2,13,1,2,, -1,1,0,1,80,27,8,2021,09:00,1,27,27312,1,1,0,6,D57,49.042499,1.305249,9,2,1
202100002923,196Â 545,A01,1,1,1,5,2,8,-1,-1, -1,-1,2021,24.0,2,1,16,0,0,1,1,,2,165,0,,3,2,0,2,98,245,3,, -1,2,3,1,70,12,12,2021,10:10,1,56,56185,1,1,1,7,N165 bretelle Ã©changeur ,47.7713,-3.37732,10,1,1
202100008738,186Â 115,A01,10,3,2,9,0,-1,-1,4,3,1,2021,67.0,3,2,0,1,1,2,1,,7,DALMAS JEAN (RUE),0,,2,5,2,1,0,0,1,, -1,1,0,1,50,6,11,2021,15:10,1,13,13001,2,3,0,6,JAS DE BOUFFAN (AV DU),43.53185,5.42996,15,2,1
202100028278,151Â 150,A01,1,1,1,0,1,-1,-1,-1, -1,-1,2021,22.0,2,2,0,2,1,15,1,,4,EUROPE (DE L')                      (BD),0,,2,2,0,1,(1),(1),2,, -1,2,0,1,50,16,7,2021,08:35,1,69,69149,2,9,1,1,EUROPE (DE L') (BD),45.70944,4.80561,8,2,2
202100023670,159Â 314,C01,1,1,1,0,1,0,-1,-1, -1,-1,2021,50.0,1,1,0,2,1,2,1,,2,RN13,0,,3,6,0,1,7,0,1,, -1,1,0,1,70,18,8,2021,10:20,1,92,92051,1,1,0,4,RN13,48.8808970151,2.272855027,10,3,3
202100049471,113Â 332,B01,1,1,1,4,6,-1,-1,-1, -1,-1,2021,31.0,1,1,0,2,3,1,1,,4,JULES FAVRE                         (BD),0,,1,2,3,1,(1),(1),1,, -1,1,0,1,50,2,3,2021,19:00,5,69,69386,2,3,0,3,JULES FAVRE                         (BD),45.764638589,4.8585551301,19,2,2
202100048916,114Â 324,B01,1,1,2,0,1,0,-1,-1, -1,-1,2021,23.0,2,2,0,2,4,23,1,,1,AUTOROUTE A6,0,,1,3,0,1,10,199,3,, -1,1,0,1,110,6,3,2021,21:00,3,91,91689,1,1,0,2,AUTOROUTE A6,48.7395,2.3192,21,2,2
202100046240,119Â 118,A01,1,1,2,5,2,6,-1,-1, -1,-1,2021,36.0,1,1,6,0,1,1,1,,4,GEORGES CLEMENCEAU,0,,2,2,0,1,0,0,2,, -1,1,0,4,50,28,3,2021,18:15,1,2,2738,2,1,0,7,GEORGES CLEMENCEAU,49.65385,3.28532,18,1,1
202100011511,181Â 146,B01,1,1,1,0,1,4,-1,-1, -1,-1,2021,60.0,1,2,0,2,8,1,1,,3,RD 444,0,,3,2,0,1,1,812,1,, -1,1,0,1,70,22,10,2021,14:25,1,91,91312,1,1,0,3,RD 444,48.73204,2.23636,14,2,2
202100005935,191Â 184,A01,1,1,1,5,2,0,-1,0,0,-1,2021,75.0,1,1,0,2,1,26,5,,7,LUPCOURT (ROUTE DE),0,,2,2,0,3,(1),(1),1,, -1,1,0,1,70,24,11,2021,16:35,2,54,54197,1,1,0,3,LUPCOURT (ROUTE DE),48.6262020297,6.2181188076,16,2,2
202100052408,108Â 033,B01,1,1,1,9,2,8,-1,-1, -1,-1,2021,16.0,3,1,0,2,1,1,1,,4,SAINT SAUVEUR (AVENUE),0,,-1,2,0,2,(1),(1),3,, -1,1,0,1,50,5,2,2021,13:45,1,71,71153,2,2,0,3,SAINT SAUVEUR (AVENUE),46.8085604,4.44498511,13,2,2
202100051498,109Â 654,A01,1,1,2,0,1,0,-1,-1, -1,-1,2021,55.0,1,2,3,0,3,0,1,,1,A7-Sens Lyon vers Marseille,0,,1,3,0,1,266,500,1,, -1,1,0,1,110,15,2,2021,13:00,1,13,13071,1,1,0,6,A7-Sens Lyon vers Marseille,43.403643,5.312173,13,1,1
202100008053,187Â 337,A01,1,1,1,9,2,0,-1,0,0,-1,2021,23.0,2,1,0,2,8,1,1,,4,RUE DU FAUBOURG SAINT ANTOINE,0,,2,2,0,2,(1),(1),1,, -1,2,0,1,30,15,11,2021,14:50,1,75,75111,2,5,1,3,RUE DU FAUBOURG SAINT ANTOINE,48.848976,2.392001,14,2,2
202100034920,139Â 289,B01,1,1,1,1,0,0,-1,0,0,-1,2021,19.0,1,1,0,2,1,1,1,,1,ROUTE EXPRESS DU MONT DORE,0,,2,2,0,1,0,0,1,, -1,1,0,1,50,10,6,2021,18:07,5,988,98818,1,1,0,3,ROUTE EXPRESS DU MONT DORE,-22.2365,166.48607,18,4,3
202100015152,174Â 626,A01,1,1,1,5,2,-1,-1,0,0,-1,2021,68.0,2,1,0,0,0,1,1,,3,8,-1,,2,2,0,1,20,250,1,, -1,1,0,3,80,6,10,2021,16:00,1,84,84028,1,1,0,7,D8,44.223291,4.93417,16,1,1
202100007775,187Â 853,A01,10,3,2,5,0,-1,-1,4,3,2,2021,40.0,1,2,0,1,3,15,1,,3,RENOIR (RUE),0,,2,2,0,1,11,145,1,, -1,2,0,1,50,16,11,2021,19:03,5,78,78440,2,3,1,6,RENOIR (RUE),48.99895,1.91723,19,3,1
202100019774,166Â 300,B01,9,2,1,0,3,-1,-1,0,0,-1,2021,2.0,1,2,0,2,3,16,1,,3,2,-1,,2,2,0,1,43,638,1,, -1,1,0,1,80,11,9,2021,16:30,1,1,1046,1,2,0,3,Route de ChÃ¢tillon (Pont),46.2110768076,4.9328023195,16,8,2
202100051506,109Â 629,B01,1,1,2,0,2,6,-1,-1, -1,-1,2021,17.0,2,1,0,2,7,2,1,,4,THOMAS (AVENUE AMBROISE),0,,2,3,0,2,0,0,1,, -1,1,9,1,50,13,2,2021,12:17,1,83,83069,2,2,0,3,THOMAS (AVENUE AMBROISE),43.11921,6.13105,12,2,2
202100025740,155Â 674,A01,10,3,2,5,0,-1,-1,4,3,1,2021,71.0,0,2,0,1,1,15,1,,4,RUE MARGUERITE CRAUSTE,0,,2,3,1,1,(1),(1),1,, -1,2,5,1,50,3,8,2021,18:45,1,33,33063,2,2,1,6,Rue Marguerite Crauste,44.83545,-0.58875,18,2,1
202100006017,191Â 039,A01,10,3,1,0,8,8,-1,9,4,1,2021,35.0,3,5,0,1,4,20,1,,3,986,0,,2,1,0,1,0,0,1,, -1,2,0,8,15,27,11,2021,15:50,1,92,92025,2,9,0,6,BOURNARD (RUE DU),48.9230185593,2.2563171387,15,2,1
202100031822,144Â 874,A01,2,2,1,5,2,0,-1,-1, -1,-1,2021,30.0,1,1,0,2,1,1,1,,2,BISHOP (Avenue Maurice),0,,3,6,3,1,2,200,1,, -1,1,0,1,50,27,6,2021,17:40,1,972,97209,2,3,0,3,BISHOP (Avenue Maurice),14.60727,-61.05709,17,5,2
202100054128,104Â 996,A01,1,1,1,1,2,6,-1,-1, -1,-1,2021,43.0,2,1,0,0,0,1,3,,4,JEAN JAURES (BOULEVARD) 63/215 - 70/208,0,,1,2,0,1,0,0,1,, -1,2,0,1,50,22,1,2021,09:25,1,92,92012,2,3,0,7,JEAN JAURES (BOULEVARD) 63/215 - 70/208,48.8378474977,2.2410857678,9,2,2
202100017396,170Â 538,B01,1,1,2,1,1,4,-1,-1, -1,-1,2021,46.0,2,2,0,2,4,23,1,,1,A4.W,0,,3,3,0,1,15,800,1,, -1,1,0,2,110,23,9,2021,10:00,1,77,77083,1,1,0,2,A4.W,48.8342,2.5899,10,2,2
202100041374,127Â 650,A01,1,1,1,4,8,-1,-1,0,0,-1,2021,53.0,2,4,16,2,9,1,1,,3,609,-1,,2,2,0,2,92,300,1,, -1,2,0,1,90,30,4,2021,16:52,1,34,34081,1,1,1,6,Route de Narbonne ,43.309004,3.169641,16,2,2
202100012043,180Â 182,B01,1,1,2,4,2,0,-1,0,0,-1,2021,31.0,1,1,0,2,3,1,5,,4,RUE BELGRAND,0,,1,1,1,1,(1),(1),1,, -1,1,-1,5,30,20,10,2021,14:00,1,75,75120,2,7,0,3,RUE BELGRAND,48.864482,2.408397,14,2,2
202100008714,186Â 158,A01,1,1,2,1,2,-1,-1,-1, -1,-1,2021,33.0,2,1,0,2,0,2,3,,3,MONTFOULON (CHEMIN DE),0,,2,2,0,1,1,300,1,, -1,1,0,3,80,4,11,2021,13:20,1,61,61143,1,1,0,7,MONTFOULON (CHEMIN DE),48.44253,0.05978,13,1,1