Num_Acc,id_vehicule,num_veh,place,catu,sexe,trajet,secu1,secu2,secu3,locp,actp,etatp,year_acc,victim_age,senc,catv,obs,obsm,choc,manv,motor,occutc,catr,voie,v1,v2,circ,nbv,vosp,prof,pr,pr1,plan,lartpc,larrout,surf,infra,situ,vma,jour,mois,an,hrmn,lum,dep,com,agg_,int,atm,col,adr,lat,long,hour,nb_victim,nb_vehicules
202100052678,107Â 569,A01,10,3,1,5,0,-1,-1,2,3,3,2021,12.0,2,2,0,1,2,1,1,,4,ALLEE DES TULIPES,0,,2,2,0,1,(1),(1),1,, -1,2,0,1,50,3,2,2021,15:15,1,33,33318,2,3,1,6,AllÃ©e des Tulipes,44.79014,-0.63191,15,2,1
202100007279,188Â 739,A01,1,1,2,1,1,0,-1,-1, -1,-1,2021,33.0,1,2,4,0,3,26,1,,1,VA007622 RANGUEIL A620 Sortie 23,0,,3,3,0,1,14,785,1,, -1,1,0,1,90,9,11,2021,08:50,1,31,31555,1,1,0,6,VA007622 RANGUEIL A620 Sortie 23,43.57205,1.46049,8,1,1
202100024086,158Â 605,A01,1,1,1,5,2,-1,-1,0,0,-1,2021,65.0,1,1,0,0,3,15,1,,3,cd32,-1,,2,2,0,2,(1),(1),2,, -1,1,0,1,-1,14,8,2021,17:30,1,74,74041,2,1,0,7,Route de la Solitude,46.296581,6.672515,17,2,1
202100011404,181Â 337,B01,1,1,1,5,2,6,-1,-1, -1,-1,2021,17.0,1,1,0,2,1,1,1,,4,PIERRE BROSSOLETTE (RUE),0,,2,2,0,1,(1),(1),1,, -1,1,0,1,50,23,10,2021,12:45,1,10,10387,2,3,0,1,PIERRE BROSSOLETTE (RUE),48.29894,4.0767,12,2,2
202100031230,145Â 918,A01,1,1,1,5,2,6,-1,0,0,-1,2021,21.0,0,1,0,0,7,1,1,,4,0,-1,,-1,2,0,2,(1),(1),3,, -1,1,0,1,50,4,7,2021,16:00,1,83,83036,1,1,0,7,Avenue des Sauvagieres,43.199345,6.525165,16,1,1
202100055946,101Â 882,A01,10,3,2,5,0,-1,-1,4,3,1,2021,88.0,1,2,0,1,2,16,1,,4,BOULEVARD MALESHERBES,0,,2,6,0,1,(1),(1),1,, -1,2,0,1,50,7,1,2021,18:09,5,75,75108,2,2,0,6,BOULEVARD MALESHERBES,48.878408,2.315553,18,2,1
202100029247,149Â 481,A01,2,2,1,5,2,6,-1,-1, -1,-1,2021,36.0,2,1,0,2,3,2,1,,1,86,0,,-1,4,0,1,52,735,1,, -1,3,1,1,70,13,7,2021,15:55,1,92,92002,1,1,1,2,AUTOROUTE A86,48.7632033216,2.3051235029,15,3,2
202100051725,109Â 235,B01,1,1,1,0,2,8,-1,-1, -1,-1,2021,56.0,2,1,0,2,2,1,6,,3,GENERAL LECLERC(AVE DU)89/FIN ET 122/FIN,0,,1,3,1,1,0,1,1,, -1,1,0,1,50,12,2,2021,13:29,1,93,93055,2,3,0,3,CARTIER BRESSON DU 1/39.2/44,48.89886,2.40728,13,2,2
202100055305,102Â 968,B01,2,2,1,0,1,0,-1,0,0,-1,2021,22.0,1,2,0,2,4,23,1,,4,,0,,1,2,3,1,(1),(1),1,, -1,2,-1,1,30,12,1,2021,15:40,1,54,54395,2,1,1,4,JAURES (BOULEVARD JE,48.6819721231,6.1781170964,15,4,3
202100051579,109Â 498,C01,1,1,2,5,1,0,-1,0,0,-1,2021,50.0,1,2,0,2,4,1,1,,7,RD 674,0,,2,2,0,1,40,832,1,, -1,1,0,1,70,13,2,2021,11:00,1,54,54184,1,1,0,4,RM 674,48.70606,6.242569,11,5,3
202100010997,182Â 069,A01,1,1,1,4,1,-1,-1,0,0,-1,2021,36.0,0,5,0,0,0,0,1,,4,,-1,,1,2,0,1,(1),(1),3,,4,1,0,8,50,19,10,2021,00:53,3,77,77142,2,1,0,7,Route de Serbonne,48.847537,2.923533,0,1,1
202100006289,190Â 553,B01,1,1,1,9,2,0,-1,0,0,-1,2021,34.0,2,1,0,2,8,1,1,,4,PLACE DENFERT ROCHEREAU,0,,-1,4,0,1,(1),(1),1,, -1,1,0,1,50,24,11,2021,15:00,1,75,75114,2,7,0,3,PLACE DENFERT ROCHEREAU,48.83369,2.331927,15,2,2
202100040784,128Â 713,A01,1,1,1,5,1,-1,-1,0,0,-1,2021,30.0,1,2,13,0,2,1,1,,3,D222,-1,,2,2,0,1,2,788,1,, -1,1,0,1,80,9,5,2021,00:14,3,76,76235,1,1,0,7,D222,49.918133,1.276433,0,1,1
202100046438,118Â 774,A01,1,1,1,5,2,-1,-1,0,0,-1,2021,55.0,2,1,0,2,1,1,5,,3,53,0,D,2,2,0,1,3,100,1,, -1,1,0,1,80,27,3,2021,17:00,1,39,39572,1,1,0,7,,46.932763,5.750163,17,1,1
202100022051,162Â 213,B01,1,1,1,9,2,0,-1,-1, -1,-1,2021,25.0,3,1,0,2,1,26,1,,4,mamoudzou centre-Mamawe (rue),0,,1,1,0,2,0,0,1,, -1,1,0,1,30,27,8,2021,14:55,1,976,97611,2,3,0,1,mamoudzou centre-Mamawe (rue),-12.78035,45.23154,14,2,2
202100048145,115Â 689,A01,10,3,2,5,0,-1,-1,3,3,1,2021,45.0,1,1,0,1,1,1,1,,4,STRASBOURG (BOULEVARD DE),0,,2,2,0,1,(1),(1),1,, -1,1,0,1,50,12,3,2021,10:40,1,6,6029,2,1,0,6,STRASBOURG (BOULEVARD DE),43.554188,7.028542,10,2,1
202100026344,154Â 605,A01,1,1,1,0,1,0,-1,-1, -1,-1,2021,20.0,1,2,0,2,2,21,1,,3,THIERS (AVENUE),0,,3,2,0,1,0,0,1,, -1,1,0,1,50,30,7,2021,15:00,1,93,93062,2,1,0,3,THIERS (AVENUE),48.898334,2.520121,15,2,1
202100002197,197Â 865,B01,1,1,1,5,0,-1,-1,0,0,-1,2021,13.0,2,1,0,2,0,15,0,,3,708,0,D,2,2,0,2,96,650,1,, -1,1,0,1,70,20,12,2021,12:35,1,24,24189,1,2,0,3,Le Lardot (Ruisseau),44.869295,0.18629,12,2,2
202100003561,195Â 381,A01,2,2,2,5,1,-1,-1,-1, -1,-1,2021,17.0,3,2,12,2,2,17,1,,4,BELLEVUE                            (QU),0,,1,2,0,1,(1),(1),1,, -1,1,0,1,50,9,12,2021,17:20,3,69,69034,2,1,0,6,BELLEVUE (Q),45.78146,4.84305,17,6,3
202100018387,168Â 756,B01,1,1,1,1,2,6,-1,0,0,-1,2021,55.0,0,1,0,2,1,1,1,,4,SAINT EXUPERY (AVENUE ANTOINE DE),0,,2,2,0,1,(1),(1),1,, -1,1,0,1,50,17,9,2021,17:35,1,6,6069,2,2,0,3,SAINT EXUPERY (AVENUE ANTOINE DE),43.66218,6.93425,17,2,2
202100003969,194Â 653,B01,1,1,1,1,2,8,-1,-1, -1,-1,2021,56.0,1,1,0,2,1,1,1,,5,Z I LA JAMBETTE,0,,2,2,0,4,0,100,1,, -1,1,0,1,50,7,12,2021,13:40,1,972,97213,2,1,0,3,Z I LA JAMBETTE,14.617205,-61.031521,13,2,2
202100036494,136Â 470,B01,1,1,1,1,8,0,-1,-1, -1,-1,2021,51.0,2,0,0,2,7,2,3,,4,,0,,2,2,1,1,0,0,1,, -1,1,0,1,50,3,6,2021,17:30,1,92,92060,2,9,0,3,GALILEE (AVENUE),48.77397,2.24488,17,2,2
202100008996,185Â 636,A01,1,1,1,5,2,6,-1,0,0,-1,2021,19.0,1,1,0,0,0,26,1,,3,34,-1,D,2,2,0,2,1,350,3,, -1,1,0,1,80,7,11,2021,16:06,1,42,42067,1,1,0,7,Route du PilÃ¢t,45.344009,4.603261,16,1,1
202100035162,138Â 857,B01,1,1,1,9,2,6,-1,0,0,-1,2021,15.0,2,1,0,2,6,1,1,,3,112,0,D,2,2,0,1,23,165,1,, -1,1,0,1,70,11,6,2021,22:10,3,34,34154,1,2,0,3,D112,43.631122,3.997562,22,3,2
202100031469,145Â 499,A01,1,1,1,0,2,6,-1,0,0,-1,2021,64.0,2,1,13,0,0,17,1,,3,8,-1,,2,2,0,1,6,350,1,, -1,1,0,3,80,1,7,2021,20:55,2,46,46231,1,1,0,6,Le Trieu,44.500435,1.109485,20,2,2
202100022181,161Â 994,A01,1,1,1,9,2,-1,-1,0,0,-1,2021,16.0,1,1,6,0,0,0,1,,4,,-1,,2,2,0,1,(1),(1),2,,5,1,0,4,-1,28,8,2021,15:25,1,77,77168,2,1,0,6,31 Rue du Bois des Places,48.167396,2.881978,15,1,1
202100008567,186Â 423,A01,1,1,1,5,2,6,-1,0,0,-1,2021,27.0,0,1,2,0,1,0,1,,3,56,0,D,2,2,0,2,(1),(1),4,, -1,1,0,8,-1,12,11,2021,16:30,1,87,87161,1,1,0,6,Marsac,45.871291,1.462469,16,1,1
202100042850,125Â 073,B01,1,1,1,5,2,8,-1,-1, -1,-1,2021,39.0,2,1,0,2,7,1,5,,4,MOULIN DU,0,,-1,1,0,1,0,0,1,, -1,1,9,1,70,23,4,2021,18:45,1,64,64348,2,6,0,3,SANTONA DE,43.32281,-0.39954,18,2,2
202100039625,130Â 761,A01,10,3,1,2,0,-1,-1,4,3,1,2021,18.0,1,2,0,1,1,0,2,,3,GENERAL DE GAULLE (AV DU) NÂ°130 A 340 ET,0,,1,2,0,1,0,0,1,, -1,2,6,1,50,17,5,2021,09:44,1,92,92023,2,1,0,6,GENERAL DE GAULLE (AV DU) NÂ°130 A 340 ET,48.7805174168,2.2396371514,9,2,1
202100054119,105Â 012,A01,2,2,1,2,2,6,-1,-1, -1,-1,2021,13.0,1,1,0,2,8,18,1,,3,PIERRE BROSSOLETTE (AVENUE),0,,2,4,2,1,0,0,1,, -1,1,0,1,50,22,1,2021,18:20,5,92,92046,2,3,0,3,PIERRE BROSSOLETTE (AVENUE),48.82103,2.31227,18,3,2
202100039157,131Â 632,A01,10,3,1,0,0,-1,-1,2,3,1,2021,5.0,3,2,1,1,3,26,1,,3,LEFEVRE RAYMOND,0,,2,2,0,1,0,0,1,, -1,1,0,1,50,19,5,2021,19:45,1,93,93006,2,1,0,3,LEFEVRE RAYMOND,48.87236,2.42851,19,2,1
202100007647,188Â 080,A01,10,3,2,5,0,-1,-1,3,3,1,2021,69.0,2,2,0,1,5,13,1,,4,TILLEULS (BD.DES),0,,-1,2,0,1,(1),(1),1,, -1,1,0,1,30,29,10,2021,16:45,1,4,4112,2,1,0,7,Boulevard des Tilleuls,43.8351702215,5.7836806933,16,2,1
202100027810,152Â 004,A01,1,1,1,1,2,6,-1,0,0,-1,2021,20.0,2,1,0,2,1,1,1,,3,55,0,D,2,2,0,1,(1),(1),1,, -1,1,0,1,50,22,7,2021,00:05,5,201,201130,2,1,0,3,Centre commercial i candilelli,41.89969,8.810413,0,2,2
202100035419,138Â 407,A01,2,2,2,0,1,-1,-1,0,0,-1,2021,45.0,2,2,0,0,4,11,1,,3,d 47,0,D,-1,2,0,1,(1),(1),1,, -1,1,0,1,-1,11,6,2021,20:00,1,59,59015,2,4,0,2,RUE DE DOUAI,50.282038,3.104743,20,3,2
202100041360,127Â 676,A01,1,1,1,0,1,-1,-1,0,0,-1,2021,58.0,2,2,0,2,3,13,1,,3,1084,0,,2,3,0,1,79,846,1,, -1,2,0,1,80,6,5,2021,16:25,1,1,1204,1,1,1,5,D1084,46.168486,5.678397,16,6,4
202100043075,124Â 679,A01,10,3,1,5,0,-1,-1,2,3,1,2021,18.0,2,2,0,1,1,1,1,,4,REPUBLIQUE (AVENUE DE LA),0,,1,1,0,1,0,0,1,, -1,1,0,1,50,21,4,2021,15:45,1,92,92063,2,1,0,6,REPUBLIQUE (AVENUE DE LA),48.8790959734,2.1768674254,15,2,1
202100035834,137Â 650,B01,1,1,1,5,2,-1,-1,0,0,-1,2021,65.0,1,1,0,2,1,1,5,,3,98,-1,,2,2,0,1,52,180,1,, -1,1,0,1,70,9,6,2021,09:00,1,83,83042,1,1,0,1,N 98,43.245246,6.534103,9,2,2
202100034477,140Â 096,B01,1,1,1,5,2,-1,-1,0,0,-1,2021,83.0,2,1,0,2,6,1,5,,3,980,-1,,2,2,0,1,91,300,1,, -1,1,0,1,80,15,6,2021,10:45,1,71,71414,1,1,0,2,Route Saint-FerrÃ©ol,47.0096588416,4.2952944362,10,2,2
202100027442,152Â 672,A01,1,1,1,0,1,-1,-1,0,0,-1,2021,25.0,1,2,0,0,9,0,1,,3,67,0,,2,2,0,1,15,600,1,, -1,2,0,8,80,24,7,2021,03:25,3,10,10404,1,1,1,6,RD67,48.041473,4.558859,3,3,1
202100000448,200Â 905,B01,1,1,1,1,2,6,9,0,0,-1,2021,55.0,1,1,0,6,1,1,1,,3,59,-1,,2,2,0,1,(1),(1),1,, -1,1,0,1,70,9,9,2021,06:45,2,73,73081,1,1,0,6,D59 Villaret Rouge,45.6911481,6.11196,6,2,2
202100001168,199Â 685,A01,10,3,1,0,0,-1,-1,2,1,1,2021,66.0,3,3,0,1,2,16,1,1.0,4,BD CHILPERIC,0,,4,1,0,1,(1),(1),3,, -1,2,9,8,10,27,12,2021,06:35,5,77,77108,2,1,1,6,BD CHILPERIC,48.87476,2.5843,6,2,1
202100048845,114Â 452,B01,1,1,1,4,2,0,-1,-1, -1,-1,2021,19.0,2,1,1,0,2,13,1,,3,RD30,0,,1,2,1,1,20,500,1,, -1,1,0,1,70,1,3,2021,21:20,5,78,78498,1,1,0,6,RD30,48.94575,2.06154,21,1,1
202100019333,167Â 069,A01,10,3,2,5,0,-1,-1,5,9,3,2021,18.0,1,2,0,1,7,26,1,,4,PASCAL BLAISE,0,,2,2,0,1,(1),(1),1,, -1,1,0,1,50,11,9,2021,01:35,5,62,62907,2,1,0,7,PASCAL BLAISE,50.4832,3.00295,1,6,1
202100052614,107Â 675,A01,10,3,2,5,0,-1,-1,1,1,2,2021,30.0,1,2,0,1,3,1,1,,3,177,-1,,2,2,0,1,0,870,1,, -1,1,0,1,80,4,2,2021,19:20,3,72,72376,1,1,0,6,Bas Colomboeuf,47.858871,0.484917,19,2,1
202100031285,145Â 816,A01,1,1,1,0,2,4,-1,-1, -1,-1,2021,52.0,2,1,0,2,2,2,1,,1,AUTOROUTE A3,0,,3,8,0,1,0,800,1,, -1,1,0,1,90,3,7,2021,13:15,1,93,93006,1,1,0,3,AUTOROUTE A3,48.86649,2.4239,13,2,2
202100054712,103Â 994,A01,10,3,2,5,0,-1,-1,5,2,1,2021,85.0,2,5,0,1,6,4,1,,3,929,-1,,-1,2,0,1,8,673,1,, -1,1,0,4,50,18,1,2021,14:35,1,76,76752,2,1,0,6,47 Rue Jacques Ferny,49.669523,0.900834,14,2,1
202100008522,186Â 501,A01,1,1,2,4,0,-1,-1,0,0,-1,2021,49.0,2,2,0,2,2,1,1,,3,93,-1,,2,2,0,1,12,250,2,, -1,2,0,1,80,12,11,2021,09:10,1,63,63143,1,1,1,1,RD 93,46.03253,3.273239,9,2,2
202100019660,166Â 503,A01,10,3,1,5,8,8,-1,4,3,2,2021,6.0,2,2,0,1,1,1,1,,3,DE GAULLE ( Rue du GÃ©nÃ©ral),0,,2,2,0,1,9,850,1,, -1,1,0,1,30,9,9,2021,18:30,1,62,62894,2,1,0,6,DE GAULLE ( Rue du GÃ©nÃ©ral),50.76215,1.63346,18,3,1
202100019844,166Â 166,A01,10,3,2,2,0,-1,-1,1,3,1,2021,17.0,1,2,0,1,1,1,1,,4,PERRIN (RUE FRANCOIS),0,,2,2,0,1,0,0,1,, -1,1,0,1,50,8,9,2021,12:16,1,87,87085,2,1,0,6,PERRIN (RUE FRANCOIS),45.82971,1.24786,12,2,1
202100013236,178Â 081,A01,10,3,2,2,0,-1,-1,2,3,1,2021,11.0,3,2,0,1,2,1,1,,4,FRANCIS DE PRESSENSE    (Rue),0,,-1,2,0,1,(1),(1),1,, -1,1,0,1,50,14,10,2021,16:45,1,69,69266,2,1,0,6,FRANCIS DE PRESSENSE (R),45.77153,4.88145,16,2,1
202100008641,186Â 299,A01,1,1,1,0,1,-1,-1,0,0,-1,2021,77.0,2,2,0,2,1,1,1,,3,2371,0,,2,2,0,1,5,800,1,, -1,1,0,1,90,10,11,2021,20:25,3,3,3217,1,1,0,2,RD2371,46.338003,2.668025,20,2,2
202100035692,137Â 914,B01,1,1,1,1,2,4,-1,-1, -1,-1,2021,56.0,1,1,0,2,1,0,5,,4,ANATOLE FRANCE                      (R ),0,,1,1,2,1,(1),(1),1,, -1,1,0,1,50,8,6,2021,11:30,1,69,69290,2,9,0,3,ANATOLE FRANCE (R),45.6924416137,4.9337893724,11,2,2
202100042764,125Â 206,A01,2,2,2,9,1,-1,-1,0,0,-1,2021,72.0,1,2,3,0,9,1,1,,1,77,-1,,3,4,0,1,43,600,3,, -1,1,0,3,130,23,4,2021,16:31,1,45,45332,1,1,0,6,A77-PR 43 + 600,47.862543,2.693764,16,2,1
202100008670,186Â 241,B01,1,1,1,1,2,0,-1,-1, -1,-1,2021,20.0,2,1,0,2,7,3,1,,1,A4,0,,3,10,0,1,9,0,1,, -1,1,0,1,90,10,11,2021,06:40,3,94,94017,1,1,0,3,A4,48.82716,2.50842,6,2,2
202100009701,184Â 364,B01,3,2,2,5,1,-1,-1,-1, -1,-1,2021,73.0,2,2,0,2,4,2,1,,2,RN346   29.300 A 34.350,0,,3,6,0,1,32,700,3,, -1,2,0,1,90,3,11,2021,09:40,1,69,69275,1,1,0,2,RN346   29.300 A 34.350,45.7734,4.98439,9,7,2
202100034960,139Â 212,A01,1,1,1,9,2,8,-1,0,0,-1,2021,21.0,1,1,0,2,1,9,1,,4,,0,,2,4,0,1,(1),(1),1,, -1,1,0,1,50,11,6,2021,20:40,2,71,71076,2,1,0,1,Avenue de Paris,46.80596,4.84446,20,2,2
202100015066,174Â 776,B01,1,1,2,5,8,-1,-1,0,0,-1,2021,76.0,1,1,0,2,1,1,5,,4,ORIERES (RUE DES),0,,2,2,0,1,(1),(1),1,, -1,1,0,1,30,14,9,2021,15:15,1,35,35115,2,2,0,6,CANROBERT (RUE),48.350972,-1.191228,15,2,2
202100017286,170Â 753,B01,1,1,1,4,2,6,-1,0,0,-1,2021,53.0,2,1,0,2,1,1,1,,1,8,0,,3,4,0,1,189,500,1,, -1,1,7,1,50,24,9,2021,14:25,1,6,6088,1,1,0,3,Autoroute A8 PÃ©age 1/2 sud PK189.400 SENS ITALIE FRANCE,43.699951,7.18832,14,2,2
202100051444,109Â 741,B01,1,1,1,9,8,0,-1,-1, -1,-1,2021,29.0,3,2,0,2,8,1,1,,4,GARE (BOULEVARD DE LA),0,,3,2,0,1,0,0,1,, -1,1,3,1,50,15,2,2021,09:30,1,13,13070,2,9,0,6,GARE (BOULEVARD DE LA),43.28512,5.51411,9,2,2
202100006911,189Â 413,B01,2,2,1,5,2,6,-1,-1, -1,-1,2021,16.0,2,1,0,2,1,17,1,,3,"RD58, ObÃ©lisque Ã  panneau ONF Bourron",0,,2,2,0,1,0,934,1,, -1,1,0,1,80,20,11,2021,11:10,1,77,77186,1,3,0,3,D58,48.39261,2.70355,11,3,2
202100000638,200Â 566,B01,1,1,1,0,1,8,-1,-1, -1,-1,2021,35.0,1,2,0,2,4,1,1,,4,,0,,2,2,0,1,0,0,1,, -1,1,0,1,50,31,12,2021,17:00,1,92,92036,2,1,0,2,MARCEL ROYER (RUE),48.9144930756,2.2974005342,17,2,2
202100049652,112Â 988,B01,1,1,1,4,1,8,-1,-1, -1,-1,2021,58.0,1,5,0,2,1,1,1,,3,FOURQUES ROUTE DE,0,,2,2,0,1,2,950,1,, -1,1,0,1,80,26,2,2021,06:15,2,30,30032,1,3,1,3,FOURQUES ROUTE DE,43.78337,4.62571,6,2,2
202100040701,128Â 867,C01,5,2,2,5,1,0,-1,-1, -1,-1,2021,34.0,1,2,6,2,1,1,1,,1,A51-Sens Marseille vers Aix en Provence,0,,1,3,0,1,1,125,1,, -1,1,0,1,90,8,5,2021,17:48,1,13,13106,1,1,0,5,A51-Sens Marseille vers Aix en Provence,43.40325,5.35696,17,10,4
202100048476,115Â 115,B01,1,1,2,5,1,-1,-1,0,0,-1,2021,71.0,2,2,0,2,2,1,1,,2,57,-1,,2,2,0,1,67,780,1,, -1,1,0,1,80,10,3,2021,13:50,1,70,70326,1,1,0,3,RN57,47.442732,6.075246,13,2,2
202100035059,139Â 027,A01,10,3,1,5,0,-1,-1,3,3,1,2021,28.0,1,1,0,1,1,1,1,,4,AVENUE DE VILLIERS,0,,2,2,0,1,(1),(1),1,, -1,1,0,1,50,11,6,2021,19:40,1,75,75117,2,1,0,6,AVENUE DE VILLIERS,48.88202,2.313169,19,2,1
202100006992,189Â 260,A01,1,1,2,5,1,0,-1,-1, -1,-1,2021,23.0,2,2,0,2,6,1,1,,1,A86.EXT,0,,3,6,0,1,32,500,2,, -1,2,1,1,70,21,11,2021,14:00,1,94,94052,1,1,1,2,A86.EXT,48.83125,2.49191,14,2,2
202100019299,167Â 138,B01,4,2,2,5,1,-1,-1,-1, -1,-1,2021,10.0,1,2,0,2,4,2,1,,1,AUTOROUTE A 10,0,,3,6,0,1,548,700,1,, -1,1,0,1,90,12,9,2021,18:40,1,33,33096,1,1,0,2,AUTOROUTE A 10,44.888416,-0.504,18,6,2
202100011242,181Â 637,A01,1,1,1,5,2,0,-1,0,0,-1,2021,31.0,1,1,0,2,7,17,1,,4,RUE OBERKAMPF,0,,1,1,0,2,(1),(1),1,, -1,2,0,1,30,24,10,2021,09:20,1,75,75111,2,1,0,3,RUE OBERKAMPF,48.865894,2.378357,9,2,2
202100024769,157Â 377,A01,1,1,1,1,2,6,-1,0,0,-1,2021,41.0,2,1,0,2,7,2,1,,4,PLACE D ITALIE,0,,1,3,0,2,(1),(1),2,, -1,8,0,1,50,9,8,2021,10:40,1,75,75113,2,7,0,2,PLACE D ITALIE,48.831589,2.356221,10,2,2
202100041463,127Â 492,B01,1,1,2,0,1,-1,-1,0,0,-1,2021,29.0,1,2,0,2,2,17,1,,3,606,0,,2,3,0,1,68,700,1,, -1,1,0,1,90,4,5,2021,08:10,1,89,89085,1,1,0,5,d606,47.936688,3.503931,8,3,3
202100028324,151Â 067,A01,2,2,1,9,2,0,-1,0,0,-1,2021,22.0,0,1,8,0,0,25,3,,4,RUE LA FAYETTE,0,,2,4,0,1,(1),(1),1,, -1,1,0,4,30,18,7,2021,03:05,3,75,75109,2,4,0,6,RUE LA FAYETTE,48.876053,2.34468,3,2,1
202100046428,118Â 789,A01,1,1,1,5,2,-1,-1,0,0,-1,2021,60.0,1,1,0,0,1,1,1,,3,161,-1,D,2,2,0,2,4,880,2,, -1,1,0,3,80,28,3,2021,14:50,1,71,71284,1,1,0,7,Route de Cruzille,46.5218370113,4.8014551188,14,1,1
202100036169,137Â 039,A01,1,1,1,5,0,-1,-1,0,0,-1,2021,62.0,3,1,0,2,1,1,1,,4,,-1,,2,2,0,1,(1),(1),1,,5,1,0,1,50,7,5,2021,18:00,1,971,97117,2,2,0,3,Rue John Fitzgerald Kennedy,16.326662,-61.347463,18,2,2
202100005206,192Â 467,A01,10,3,2,0,0,-1,-1,2,3,1,2021,11.0,2,3,0,1,3,26,2,1.0,4,,0,,2,2,0,1,0,0,1,, -1,1,0,1,50,30,11,2021,15:27,1,92,92063,2,2,0,6,BONS RAISINS (RUE DES),48.87248,2.19617,15,2,1
202100039339,131Â 283,A01,1,1,1,5,0,-1,-1,0,0,-1,2021,11.0,3,1,0,2,2,1,5,,4,,0,,2,2,0,2,1,500,1,, -1,1,0,1,50,18,5,2021,17:05,2,972,97210,1,1,0,3,Faurien Montaou,14.585821,-60.914581,17,2,2
202100046663,118Â 361,A01,10,3,1,0,0,-1,-1,3,3,1,2021,18.0,1,2,0,1,2,1,1,,4,ARTS  (AVENUE DES - COTE PAIR),0,,2,2,0,2,1,0,1,, -1,2,9,1,50,25,3,2021,08:39,1,93,93032,2,1,1,6,ARTS  (AVENUE DES - COTE PAIR),48.88516,2.54752,8,2,1
202100053352,106Â 356,A01,1,1,2,9,2,0,-1,0,0,-1,2021,30.0,3,1,0,2,1,1,1,,4,BOULEVARD AUGUSTE BLANQUI,0,,1,2,0,2,(1),(1),1,, -1,2,0,1,50,28,1,2021,13:55,1,75,75113,2,3,0,2,BOULEVARD AUGUSTE BLANQUI,48.830294,2.347203,13,2,2
202100024798,157Â 327,A01,1,1,1,5,2,6,-1,0,0,-1,2021,15.0,3,1,0,0,7,1,1,,4,,-1,,2,1,0,1,(1),(1),1,,3,9,0,1,50,10,8,2021,14:47,1,29,29160,1,1,0,7,Lieu Dit Penvern,48.5190075791,-4.4388279319,14,1,1
202100046607,118Â 459,B01,1,1,2,0,-1,0,-1,-1, -1,-1,2021,39.0,2,1,0,2,8,0,5,,7,BOULEVARD MARÃCHAL FOCH,0,,3,7,2,1,0,125,1,, -1,1,0,1,50,25,3,2021,07:20,2,38,38185,2,2,0,3,Cours de la LibÃ©ration,45.18021,5.71672,7,2,2
202100003073,196Â 268,B01,1,1,1,2,2,0,-1,-1,0,-1,2021,16.0,2,1,0,2,1,13,1,,3,DIVISION LECLERC,0,,2,2,0,1,2,450,1,, -1,1,0,1,30,13,12,2021,08:20,2,95,95210,2,1,0,1,Avenue de la Division Leclerc,48.972542284,2.3102603853,8,2,2
202100020880,164Â 327,A01,1,1,1,1,2,6,-1,0,0,-1,2021,49.0,2,1,0,2,3,3,1,,4,BOULEVARD PERIPHERIQUE,0,,1,4,0,1,33,800,1,, -1,1,1,1,70,2,9,2021,08:48,1,75,75112,2,1,0,3,BD PERIPHERIQUE EXTERIEUR,48.831934,2.405092,8,2,2
202100005958,191Â 146,B01,1,1,1,5,2,-1,-1,-1, -1,-1,2021,23.0,1,1,0,2,1,1,1,,4,MERIGNAC (AVENUE DE),0,,2,2,1,1,(1),(1),1,, -1,1,0,1,50,22,11,2021,19:45,5,33,33063,2,2,0,3,Avenue de MÃ©rignac,44.83863,-0.621,19,2,2
202100034094,140Â 821,A01,10,3,2,5,0,-1,-1,3,3,1,2021,84.0,0,2,0,1,1,15,1,,4,RUE DE LA POMPE,0,,1,1,0,1,(1),(1),1,, -1,1,0,1,50,15,6,2021,11:30,1,75,75116,2,4,0,6,RUE DE LA POMPE,48.871087,2.283447,11,2,1
202100019735,166Â 370,B01,1,1,1,3,2,8,-1,-1, -1,-1,2021,26.0,3,1,0,2,1,1,1,,4,CEDRES (R DES),0,,1,1,0,1,1,0,1,, -1,2,0,1,30,10,9,2021,18:30,1,94,94068,2,2,1,3,CEDRES (R DES),48.79749,2.50879,18,3,2
202100005269,192Â 367,A01,2,2,1,5,1,8,-1,-1, -1,-1,2021,18.0,1,2,9,0,1,13,1,,7,,0,,3,3,1,1,0,0,1,, -1,1,0,1,50,26,11,2021,22:20,5,67,67447,2,3,0,6,BERLIN (AVENUE DE),48.6099,7.71121,22,2,1
202100004400,193Â 892,Z01,10,3,1,9,8,8,-1,4,3,1,2021,23.0,1,2,0,1,1,16,0,,4,AVENUE DE LA PORTE BRANCION,0,,2,4,0,1,(1),(1),1,, -1,1,0,1,30,6,12,2021,06:27,4,75,75115,2,3,0,6,AVENUE DE LA PORTE BRANCION,48.827563,2.301056,6,2,1
202100042987,124Â 833,B01,1,1,1,5,2,-1,-1,0,0,-1,2021,46.0,1,1,0,2,1,1,5,,3,115E6,-1,,2,2,0,4,4,818,3,, -1,1,0,1,70,23,4,2021,11:20,1,33,33554,1,3,0,3,,44.886435,-0.469344,11,2,2
202100039532,130Â 934,B01,1,1,1,5,2,-1,-1,0,0,-1,2021,65.0,2,1,0,2,1,1,5,,3,1090,-1,,2,2,0,2,80,65,1,, -1,1,0,1,30,23,3,2021,15:35,1,73,73285,2,1,0,3,D1090 R de la Liberation,45.624157,6.796859,15,2,2
202100028225,151Â 242,B01,1,1,2,5,2,-1,-1,0,0,-1,2021,57.0,3,1,0,2,1,1,6,,3,56,-1,D,2,2,0,1,(1),(1),1,,3,1,0,1,50,20,7,2021,10:15,1,24,24392,2,3,0,3,Peneyral,44.956842,1.273298,10,6,2