Num_Acc,id_vehicule,num_veh,place,catu,sexe,trajet,secu1,secu2,secu3,locp,actp,etatp,year_acc,victim_age,senc,catv,obs,obsm,choc,manv,motor,occutc,catr,voie,v1,v2,circ,nbv,vosp,prof,pr,pr1,plan,lartpc,larrout,surf,infra,situ,vma,jour,mois,an,hrmn,lum,dep,com,agg_,int,atm,col,adr,lat,long,hour,nb_victim,nb_vehicules
202100017636,170Â 096,A01,10,3,1,1,0,-1,-1,3,3,1,2021,58.0,1,2,0,1,2,1,1,,4,COLBERT,0,,2,2,0,1,0,0,1,, -1,1,0,1,50,8,9,2021,16:15,1,58,58194,2,1,0,6,COLBERT,46.9962,3.1572,16,2,1
202100025688,155Â 768,A01,1,1,1,1,1,-1,-1,0,0,-1,2021,19.0,1,2,2,0,1,1,1,,3,263,0,D,2,2,0,1,43,700,3,, -1,1,0,8,80,4,8,2021,06:50,2,67,67474,1,1,0,6,D264,48.932679,7.879719,6,1,1
202100048222,115Â 559,B01,1,1,2,0,1,0,-1,-1, -1,-1,2021,31.0,3,2,0,2,8,1,1,,4,CROIZAT(RUE),0,,2,2,0,1,0,0,1,, -1,1,0,1,50,10,3,2021,15:50,1,974,97407,2,2,0,3,CROIZAT(RUE),-20.94185,55.28856,15,3,2
202100014594,175Â 626,A01,1,1,2,0,1,0,-1,-1, -1,-1,2021,23.0,1,2,0,2,2,19,1,,4,BRUN PAIN (RUE DU),0,,2,2,0,1,(1),(1),1,, -1,1,0,1,30,7,10,2021,15:40,1,59,59599,2,2,0,3,BRUN PAIN (RUE DU),50.72719,3.13892,15,2,2
202100047191,117Â 413,B01,2,2,2,5,1,-1,-1,-1, -1,-1,2021,18.0,2,2,0,2,7,1,1,,1,AUTOROUTE A 10,0,,3,6,0,2,533,200,1,, -1,1,2,1,130,21,3,2021,11:05,1,33,33143,1,1,0,3,AUTOROUTE A 10,44.957978,-0.448222,11,3,2
202100010659,182Â 679,A01,2,2,2,0,1,0,-1,-1, -1,-1,2021,15.0,1,2,0,2,4,1,1,,1,A50-Sens Marseille vers Aubagne,0,,3,3,0,1,7,0,1,, -1,1,0,1,90,27,10,2021,16:20,1,13,13211,1,1,0,5,A50-Sens Marseille vers Aubagne,43.2928,5.4761,16,4,3
202100038467,132Â 888,A01,1,1,1,1,1,-1,-1,0,0,-1,2021,48.0,1,2,0,2,8,15,1,,7,46,0,A,2,2,0,2,1,714,1,, -1,1,0,1,70,21,5,2021,16:30,1,13,13041,2,2,0,3,D46a,43.459465,5.489361,16,2,2
202100035392,138Â 452,B01,2,2,2,1,1,-1,-1,0,0,-1,2021,44.0,3,2,0,2,1,1,1,,4,,0,,2,2,0,2,(1),(1),2,,4,1,0,1,50,10,6,2021,16:35,1,30,30341,2,1,0,1,Rue des Acacias,43.702164,4.282109,16,3,2
202100052411,108Â 028,A01,1,1,1,2,2,6,-1,-1, -1,-1,2021,31.0,1,1,0,2,3,2,1,,4,RHIN (AVENUE DU),0,,1,2,0,1,0,0,1,, -1,2,0,1,50,5,2,2021,08:00,2,67,67482,2,1,1,2,RHIN (AVENUE DU),48.572379,7.766092,8,2,2
202100026546,154Â 247,A01,1,1,1,9,1,-1,-1,0,0,-1,2021,19.0,2,2,2,0,1,16,1,,3,10,-1,D,2,2,0,1,15,300,1,, -1,1,0,3,80,27,6,2021,17:30,1,68,68368,1,1,0,6,D10,48.056155,7.212553,17,1,1
202100044673,121Â 859,A01,1,1,1,0,2,0,-1,0,0,-1,2021,41.0,2,1,0,2,1,13,1,,4,LAVOISIERS (BD),0,,2,3,0,1,(1),(1),1,, -1,1,0,1,50,7,4,2021,11:45,1,63,63113,2,2,0,3,LAVOISIERS/St-Alyre,45.78659,3.08087,11,2,2
202100001272,199Â 488,A01,1,1,2,5,1,-1,-1,-1, -1,-1,2021,20.0,1,2,0,2,3,19,1,,4,GENAS (DE)                          (RO),0,,1,1,0,1,(1),(1),1,, -1,2,0,1,50,26,12,2021,17:40,5,69,69383,2,2,1,3,GENAS (DE) (RTE),45.7536,4.8953,17,6,2
202100027096,153Â 282,B01,4,2,2,5,1,0,-1,-1, -1,-1,2021,0.0,1,2,0,2,4,23,2,,3,909,0,,1,3,0,1,0,0,1,, -1,1,0,1,50,25,7,2021,18:00,1,92,92044,2,3,0,2,VIC. HUGO(RUE)077A089 ET 090A110,48.8967717502,2.2957320258,18,5,2
202100028916,150Â 042,A01,1,1,1,5,8,-1,-1,0,0,-1,2021,26.0,1,2,0,2,1,13,1,,3,570,-1,D,2,2,0,1,(1),(1),3,, -1,1,0,1,80,16,7,2021,06:10,2,13,13045,1,1,0,1,d570n,43.86259,4.769343,6,2,2
202100041772,126Â 945,A01,1,1,1,4,2,-1,-1,-1, -1,-1,2021,25.0,1,1,0,2,7,1,1,,4,,-1,,2,2,-1,1,(1),(1),4,, -1,1,0,1,30,6,1,2021,21:30,5,73,73065,2,3,0,3,Ch de Jacob / R des tilleuls,45.56188,5.913355,21,2,2
202100018136,169Â 199,B01,1,1,2,3,8,-1,-1,-1, -1,-1,2021,67.0,3,0,0,2,7,19,3,,4,ALBERT 1ER (BOULEVARD),0,,2,4,1,1,(1),(1),1,, -1,1,0,1,50,18,9,2021,17:00,1,51,51454,2,6,0,1,Boulevard Albert 1er,49.2648265,4.00998283,17,2,2
202100040214,129Â 716,A01,2,2,1,1,2,6,-1,0,0,-1,2021,23.0,1,1,0,2,8,12,1,,4,PORTE DE BAGNOLET,0,,1,4,0,1,29,600,1,, -1,1,0,1,70,12,5,2021,08:25,1,75,75120,2,1,0,2,PORTE DE BAGNOLET,48.866942,2.41322,8,3,2
202100046973,117Â 817,B01,1,1,1,5,2,-1,-1,0,0,-1,2021,64.0,0,1,0,2,1,23,5,,4,,-1,,-1,2,0,1,(1),(1),1,, -1,1,6,6,30,23,3,2021,09:30,1,83,83019,2,9,0,3,Route des LavandiÃ¨res,43.13950197,6.35760064,9,2,2
202100003641,195Â 243,A01,1,1,1,0,1,-1,-1,-1, -1,-1,2021,30.0,0,2,8,0,9,9,1,,3,BRETON (RUE DU),0,,2,2,0,1,(1),(1),2,, -1,2,0,1,70,8,12,2021,00:40,5,50,50416,1,1,1,6,BRETON (RUE DU),49.653726,-1.706795,0,1,1
202100028722,150Â 383,B01,1,1,1,5,2,9,-1,0,0,-1,2021,13.0,3,1,0,2,1,19,0,,3,343,-1,,-1,2,0,3,(1),(1),1,, -1,1,0,1,70,17,7,2021,14:25,1,202,202009,1,1,0,3,D343 - Domaine de Mavella,42.084337,9.45925,14,2,2
202100036702,136Â 104,C01,1,1,2,1,1,-1,-1,0,0,-1,2021,29.0,2,2,0,2,3,1,1,,3,20,-1,D,2,2,0,2,51,500,1,, -1,1,0,1,80,3,6,2021,08:10,2,53,53059,1,1,0,5,D20,48.100023,-0.515971,8,3,3
202100049258,113Â 711,B01,1,1,1,0,2,-1,-1,-1, -1,-1,2021,60.0,1,1,0,2,1,15,5,,4,AVE DE LA GARE,0,,-1,2,0,1,(1),(1),3,, -1,1,0,1,50,4,3,2021,08:20,1,33,33063,2,4,0,3,Avenue de la Gare,44.84425,-0.62904,8,2,2
202100016308,172Â 486,A01,1,1,1,0,2,-1,-1,0,0,-1,2021,36.0,1,1,0,2,1,3,1,,2,RN4,0,,2,2,0,1,(1),(1),1,, -1,1,0,1,50,29,9,2021,16:40,1,971,97128,2,1,0,3,Durivage,16.223684,-61.397535,16,2,2
202100000056,201Â 647,A01,2,1,1,0,2,0,-1,-1, -1,-1,2021,31.0,0,1,0,0,1,14,1,,9,ANCIENNE RN 1,0,,2,2,0,1,30,0,1,, -1,1,9,8,70,11,12,2021,04:10,3,974,97416,1,1,0,7,ANCIENNE RN 1,-21.32217,55.44482,4,1,1
202100016463,172Â 200,A01,1,1,1,5,1,-1,-1,-1, -1,-1,2021,39.0,1,2,0,0,0,1,1,,3,RD 31,0,,2,2,0,1,0,2011,1,, -1,1,8,1,50,26,9,2021,01:00,3,76,76270,1,1,0,6,RD 31,49.55284,0.14015,1,1,1
202100013249,178Â 059,B01,1,1,2,0,1,0,-1,-1, -1,-1,2021,65.0,2,2,0,2,4,1,1,,2,165,0,,3,4,0,1,39,1,1,, -1,1,0,1,110,13,10,2021,11:35,1,56,56251,1,1,0,2,N165 sens Brest/Nantes,47.64328,-2.6932,11,2,2
202100042680,125Â 343,A01,1,1,1,5,2,6,-1,-1, -1,-1,2021,27.0,0,1,14,0,1,1,1,,5,FOUTHIAUX (RUE DES),0,,-1,1,3,1,1,0,1,, -1,1,6,6,30,24,4,2021,18:55,1,71,71499,1,1,0,6,FOUTHIAUX (RUE DES),46.64523,4.30748,18,1,1
202100025861,155Â 459,B01,1,1,1,5,0,-1,-1,0,0,-1,2021,7.0,3,1,0,2,0,26,5,,4,,-1,,2,2,0,1,375,(1),1,, -1,1,0,1,50,30,3,2021,17:45,1,38,38463,1,1,1,1,Route de Rossat,45.179851,5.359078,17,2,2
202100038611,132Â 619,B01,1,1,1,0,1,0,-1,-1, -1,-1,2021,25.0,1,1,0,2,1,1,1,,4,RUE GABRIEL PERI,0,,1,1,0,1,0,100,1,, -1,1,0,1,50,23,5,2021,18:30,1,91,91201,2,2,0,3,RUE DU CHEMIN VERT,48.68779,2.42392,18,2,2
202100045279,120Â 785,B01,2,2,2,0,1,9,-1,0,0,-1,2021,36.0,2,2,0,0,4,15,1,,3,5,0,D,2,2,0,1,11,600,1,, -1,1,0,1,80,3,4,2021,18:45,1,74,74310,1,4,0,2,D5,45.829654,6.059417,18,5,2
202100051997,108Â 765,A01,1,1,1,5,1,8,-1,-1, -1,-1,2021,85.0,1,2,1,0,2,1,1,,3,PINS (ROUTE DES),0,,2,2,0,1,56,378,1,, -1,1,2,3,50,8,2,2021,15:10,1,85,85194,2,1,0,6,PINS (ROUTE DES),46.54218,-1.79751,15,1,1
202100049772,112Â 772,A01,1,1,2,9,2,6,-1,0,0,-1,2021,53.0,1,1,0,2,3,7,3,,4,BOULEVARD POISSONNIERE,0,,1,3,1,1,(1),(1),1,, -1,1,-1,6,30,28,2,2021,12:27,1,75,75109,2,2,0,3,BOULEVARD POISSONNIERE,48.871481,2.34305,12,3,2
202100038995,131Â 935,B01,1,1,1,1,2,0,-1,-1, -1,-1,2021,48.0,1,1,0,2,1,17,0,,3,,0,,2,2,0,2,1,0,1,, -1,1,0,1,50,21,5,2021,08:35,1,92,92073,2,1,0,3,FUSILLES DE LA RESISTANCE 1940-1945 (ROU,48.8787202496,2.2174036503,8,2,2
202100038159,133Â 442,B01,2,2,1,5,1,0,-1,-1, -1,-1,2021,21.0,2,2,0,2,1,15,1,,7,ANCIENS COMBATANTS D'INDOCHINE (AV DES),0,,3,4,0,1,23,160,1,, -1,1,0,1,50,26,5,2021,21:25,5,83,83126,2,9,0,3,ANCIENS COMBATANTS D'INDOCHINE (AV DES),43.10404,5.853763,21,3,2
202100031409,145Â 607,A01,1,1,1,0,2,0,-1,-1, -1,-1,2021,37.0,2,1,0,2,1,3,1,,1,AUTOROUTE A3,0,,3,6,0,1,11,899,1,, -1,1,0,1,90,2,7,2021,15:15,1,93,93005,1,1,0,2,AUTOROUTE A3,48.94127,2.47856,15,2,2
202100020306,165Â 340,A01,1,1,1,1,2,6,-1,0,0,-1,2021,36.0,1,1,3,0,1,13,1,,2,FALAISE (ROUTE DE),0,,1,4,0,1,1,0,1,, -1,1,0,1,50,7,9,2021,07:50,1,14,14341,1,1,0,7,FALAISE (ROUTE DE),49.14583,-0.3489,7,1,1
202100008241,186Â 983,A01,2,2,2,0,1,-1,-1,-1, -1,-1,2021,29.0,1,2,1,0,1,16,1,,4,BONNAND                             (R ),0,,1,1,2,1,(1),(1),1,, -1,2,0,1,50,13,11,2021,22:40,5,69,69383,2,2,1,6,BONNAND (R),45.74931,4.88394,22,4,1
202100050532,111Â 373,A01,10,3,1,1,0,-1,-1,2,3,1,2021,16.0,2,2,0,1,2,1,1,,7,20,0,,2,2,0,1,9,870,1,, -1,1,0,1,50,15,2,2021,13:20,1,13,13081,2,1,0,1,Avenue Charles de Gaulle,43.488595,5.2299,13,2,1
202100014492,175Â 807,B01,1,1,1,5,2,-1,-1,0,0,-1,2021,79.0,3,1,0,2,1,1,5,,3,D592,-1,,2,2,0,4,(1),(1),3,, -1,1,0,1,80,9,10,2021,17:15,1,50,50252,1,1,1,3,Village Courtoise,48.887016,-1.459841,17,2,2
202100021630,162Â 962,A01,1,1,1,5,2,8,-1,-1, -1,-1,2021,49.0,1,1,0,0,8,21,1,,3,ROULLET  PAUL ( AVENUE),0,,2,2,0,4,47,488,2,, -1,1,0,1,70,31,8,2021,23:40,5,17,17333,2,9,0,7,ROULLET  PAUL ( AVENUE),45.57719,-0.98653,23,1,1
202100004461,193Â 792,B01,1,1,1,0,1,-1,-1,0,0,-1,2021,61.0,1,2,0,2,3,1,1,,3,618,0,D,2,2,0,1,88,250,1,, -1,1,0,1,-1,6,12,2021,16:45,2,66,66093,1,1,0,1,D 618,42.523205,2.930227,16,2,2
202100046463,118Â 731,B01,1,1,1,3,1,-1,-1,0,0,-1,2021,61.0,2,2,0,2,3,1,1,,3,562,0,,2,2,0,2,68,500,1,, -1,1,0,1,80,27,3,2021,14:35,1,83,83138,1,1,0,5,D562,43.599662,6.698994,14,3,3
202100022747,160Â 941,A01,1,1,1,9,2,6,-1,0,0,-1,2021,21.0,2,1,0,2,0,1,1,,4,BOULEVARD DAVOUT,0,,1,2,0,1,(1),(1),1,, -1,1,0,1,50,23,8,2021,23:30,5,75,75120,2,4,0,3,BOULEVARD DAVOUT,48.856253,2.410008,23,2,2
202100028010,151Â 639,A01,1,1,1,1,2,6,-1,0,0,-1,2021,20.0,1,1,11,0,0,1,1,,3,49,0,,2,2,0,1,2,228,1,, -1,1,0,1,50,20,7,2021,23:00,5,76,76507,2,1,0,6,16 Route d Eu,50.041105,1.439928,23,1,1
202100007217,188Â 856,A01,10,3,2,0,0,-1,-1,5,9,1,2021,55.0,3,2,0,1,4,26,1,,7,REPUBLIQUE AV DE LA (NÂ°930-1002),0,,-1,0,0,1,(1),(1),1,, -1,1,9,8,10,19,10,2021,17:10,1,59,59378,2,1,0,6,REPUBLIQUE AV DE LA (NÂ°930-1002),50.6643764032,3.1016678403,17,2,1
202100032239,144Â 137,B01,1,1,1,1,2,8,-1,-1, -1,-1,2021,40.0,2,1,0,2,1,1,1,,4,BASSIN MARTIN (CHEMIN),0,,2,2,0,2,0,0,3,, -1,1,0,1,50,25,6,2021,07:10,1,974,97416,1,1,0,3,BASSIN MARTIN (CHEMIN),-21.32554,55.4987,7,2,2
202100045378,120Â 620,A01,10,3,1,0,0,-1,-1,2,3,1,2021,13.0,2,2,12,1,1,1,1,,7,MIRABEAU (RUE),0,,2,2,0,1,(1),(1),1,, -1,1,0,1,50,2,4,2021,15:30,1,59,59421,2,1,0,6,MIRABEAU (RUE),50.70628,3.12988,15,2,1
202100008973,185Â 676,A01,1,1,1,9,0,0,-1,-1, -1,-1,2021,19.0,1,1,0,2,2,19,5,,3,LOUISON BOBET (AV),0,,3,4,2,1,1,0,1,, -1,2,0,1,50,7,11,2021,10:30,1,94,94033,2,1,1,3,Avenue Louison Bobet,48.85238,2.48632,10,2,2
202100024903,157Â 146,B01,1,1,2,0,1,0,-1,-1, -1,-1,2021,19.0,3,2,0,2,4,4,1,,4,AV LE FOLL,0,,1,3,0,1,1,0,1,, -1,1,0,1,50,9,8,2021,09:30,1,94,94077,2,1,0,2,Avenue le Foll,48.72843,2.432,9,2,2
202100010749,182Â 516,B01,1,1,1,1,2,0,-1,-1, -1,-1,2021,58.0,1,1,0,2,5,2,0,,3,MICHELET(AV):NÂ°1AU 103,0,,2,1,0,1,0,1,1,, -1,1,0,1,50,27,10,2021,13:00,1,93,93070,2,1,0,3,Avenue Michelet,48.9077113049,2.3316415562,13,2,2
202100031156,146Â 042,A01,1,1,1,4,1,0,-1,0,0,-1,2021,35.0,1,2,4,2,3,9,1,,2,RN 814,0,,3,4,0,1,1,0,1,, -1,1,0,1,90,30,6,2021,10:05,1,14,14383,1,9,0,2,N814,49.14616,-0.40911,10,2,2
202100049173,113Â 858,B01,1,1,1,0,1,-1,-1,0,0,-1,2021,34.0,2,2,0,2,3,1,1,,3,957,0,,2,2,0,2,28,700,3,, -1,1,0,1,80,5,3,2021,22:30,3,89,89267,1,1,0,1,D957,47.55281,4.072731,22,2,2
202100012330,179Â 696,B01,2,2,1,5,2,6,-1,0,0,-1,2021,16.0,3,1,0,2,1,1,1,,7,96,0,D,2,2,0,1,7,300,1,, -1,1,0,1,50,15,10,2021,21:00,5,13,13086,2,1,0,1,4 Avenue des Allies,43.350998,5.604182,21,3,2
202100017111,171Â 045,B01,1,1,1,1,2,0,-1,-1, -1,-1,2021,58.0,2,1,0,2,7,1,1,,2,MARECHAL DE LATTRE DE TASSIGNY (AV),0,,2,4,0,1,0,0,1,, -1,1,0,1,50,22,9,2021,19:20,2,94,94075,1,1,0,3,Avenue du Mal de Lattre de Tassigny,48.73233,2.52228,19,2,2
202100001086,199Â 824,A01,1,1,1,0,1,0,-1,-1, -1,-1,2021,56.0,1,2,0,2,2,1,1,,3,990,0,,2,2,0,1,0,0,1,, -1,1,0,1,50,28,12,2021,14:48,1,92,92063,2,3,0,3,NATIONAL (BOULEVARD),48.8875181499,2.1853888035,14,2,2
202100044462,122Â 218,B01,1,1,1,5,2,0,-1,-1, -1,-1,2021,27.0,1,1,0,2,1,1,1,,7,RTE D ALBI,0,,2,1,0,1,2,628,1,, -1,1,0,1,50,10,4,2021,14:00,1,31,31555,2,1,0,3,RTE D ALBI,43.63505,1.46379,14,2,2
202100021698,162Â 852,A01,9,2,2,5,3,-1,-1,0,0,-1,2021,0.0,2,2,0,0,6,1,1,,3,D62,0,,3,4,0,1,1,500,1,, -1,1,0,1,90,26,8,2021,02:00,3,34,34154,1,1,0,2,D62e2,43.550764,3.988316,2,8,2
202100020768,164Â 516,B01,1,1,1,5,2,6,-1,0,0,-1,2021,18.0,2,1,0,2,1,1,1,,3,887,-1,,2,2,0,2,5,100,1,, -1,1,5,1,70,5,9,2021,17:30,1,29,29026,1,3,1,1,Pencran Prat Ty Glaz,48.1924737567,-4.1093406677,17,3,2
202100012602,179Â 189,B01,1,1,2,0,1,0,-1,-1, -1,-1,2021,50.0,1,2,0,2,4,2,1,,1,AUTOROUTE A86,0,,3,4,0,1,23,200,1,, -1,1,0,1,90,18,10,2021,17:15,1,93,93008,1,1,0,4,AUTOROUTE A86,48.9056607807,2.4635386402,17,3,3
202100017421,170Â 487,A01,1,1,1,1,1,0,-1,-1, -1,-1,2021,31.0,2,2,0,2,8,11,0,,3,MANTES (ROUTE DE),0,,1,2,0,1,24,480,1,, -1,1,0,1,50,22,9,2021,09:30,1,78,78133,2,9,0,3,MANTES (ROUTE DE),48.906896,2.048555,9,2,2
202100010957,182Â 142,A01,10,3,2,4,8,-1,-1,6,A,1,2021,41.0,2,4,1,0,2,11,1,,1,,-1,,1,1,0,1,264,0,1,,3,1,0,2,130,26,10,2021,16:34,1,66,66015,1,9,0,6,Village Catalan,42.577911,2.844794,16,2,1
202100035381,138Â 469,A01,1,1,1,5,2,6,9,0,0,-1,2021,22.0,0,1,0,0,0,1,1,,9,,-1,,2,1,0,1,(1),(1),1,,3,6,0,1,80,24,5,2021,10:00,1,50,50486,1,1,0,7,Route du Hameau Travers,49.431768,-1.642606,10,1,1
202100038150,133Â 457,B01,1,1,1,5,2,6,-1,-1, -1,-1,2021,34.0,1,1,0,0,4,1,1,,4,GENERAL SARRAIL (DU)                (QU),0,,1,4,1,1,(1),(1),1,, -1,1,6,1,50,26,5,2021,17:15,1,69,69386,2,1,0,2,GENERAL SARRAIL (DU) (Q),45.7679705106,4.8412642478,17,2,2
202100055340,102Â 912,A01,1,1,2,0,2,8,-1,0,0,-1,2021,33.0,3,1,8,2,8,1,1,,4,DELILLE (RUE),0,,1,1,0,1,(1),(1),1,, -1,1,0,1,50,12,1,2021,14:20,1,6,6088,2,2,0,3,DELILLE (RUE),43.70158,7.27613,14,2,2
202100049941,112Â 477,A01,1,1,2,5,2,6,-1,0,0,-1,2021,25.0,1,1,0,2,2,17,1,,3,465,-1,,2,2,0,1,(1),(1),1,, -1,1,0,1,50,28,2,2021,15:35,1,90,90093,2,3,0,3,grande rue,47.690742,6.83584,15,2,2
202100010018,183Â 790,B01,1,1,1,9,1,0,-1,-1, -1,-1,2021,28.0,1,2,0,2,1,1,1,,4,MOULIN BOULEVARD,0,,2,2,0,1,1,0,1,, -1,1,0,1,50,1,11,2021,00:26,5,49,49007,2,1,0,1,MOULIN BOULEVARD,47.48715,-0.53906,0,2,2
202100018001,169Â 453,A01,10,3,2,5,0,-1,-1,2,5,3,2021,9.0,2,2,0,1,2,1,1,,4,COURLANCY (RUE DE),0,,2,2,0,1,(1),(1),1,, -1,1,0,1,30,19,9,2021,17:58,1,51,51454,2,2,0,7,Rue de Courlancy,49.2457779495,4.0176087073,17,3,1
202100045074,121Â 164,A01,1,1,1,4,1,-1,-1,0,0,-1,2021,23.0,2,4,16,0,2,1,1,,3,806,-1,,2,2,0,1,87,320,1,, -1,1,0,3,90,6,4,2021,17:50,1,48,48042,1,1,0,7,"D 806, PK 87 + 320",44.56829,3.495026,17,1,1
202100000632,200Â 577,A01,1,1,1,1,8,0,-1,-1, -1,-1,2021,24.0,3,1,8,0,1,1,1,,7,RN 96 (ROUTE NATIONALE ),0,,2,2,0,1,0,0,1,, -1,1,0,3,80,3,12,2021,05:00,5,13,13005,1,1,0,6,RN 96 (ROUTE NATIONALE ),43.3033903107,5.5717629971,5,1,1
202100055924,101Â 914,B01,1,1,1,5,2,-1,-1,-1, -1,-1,2021,63.0,2,1,0,2,8,19,3,,3,112,0,,2,2,1,1,2,440,1,, -1,1,-1,1,50,7,1,2021,15:10,1,33,33529,2,3,0,3,Boulevard de Cazaux,44.6129,-1.13476,15,2,2
202100039404,131Â 162,A01,10,3,1,5,0,-1,-1,3,3,1,2021,74.0,2,2,0,1,1,1,1,,2,SADI-CARNOT (BOULEVARD),0,,1,2,0,1,49,101,2,, -1,2,0,1,50,14,5,2021,09:20,1,32,32013,2,1,0,6,SADI-CARNOT (BOULEVARD),43.6489,0.5894,9,2,1
202100011147,181Â 807,B01,1,1,2,4,1,-1,-1,0,0,-1,2021,39.0,1,2,0,2,1,1,1,,3,654,0,,2,2,0,2,76,500,1,, -1,1,0,1,80,25,10,2021,15:10,1,32,32160,1,1,0,2,Le Haillau du Haut,43.624341,1.071301,15,3,2
202100013034,178Â 452,A01,1,1,1,5,8,0,-1,-1, -1,-1,2021,54.0,3,1,0,0,0,0,5,,4,CASSEAUX (AVE DES) (VC),0,,2,2,0,1,0,0,1,, -1,1,0,1,50,15,10,2021,10:23,1,87,87085,2,1,0,7,CASSEAUX (AVE DES) (VC),45.84001,1.28416,10,1,1
202100010470,183Â 008,B01,1,1,1,5,2,-1,-1,-1, -1,-1,2021,72.0,3,1,0,2,1,1,5,,4,CLOS VERGER (DU)                    (R ),0,,2,2,0,1,(1),(1),1,, -1,1,0,1,30,28,10,2021,17:45,2,69,69259,1,9,0,3,CLOS VERGER (DU) (R),45.7217136949,4.8940175772,17,2,2
202100013579,177Â 445,A01,10,3,2,9,0,-1,-1,2,3,1,2021,19.0,3,2,0,1,1,1,1,,9,OCEANITES (AVENUE DES),0,,1,1,0,2,22,0,1,, -1,2,9,1,30,11,10,2021,15:40,1,974,97416,1,1,1,1,OCEANITES (AVENUE DES),-21.3265,55.4703,15,2,1
202100000527,200Â 758,B01,1,1,1,0,2,0,-1,-1, -1,-1,2021,23.0,3,1,0,2,1,0,1,,4,SEMARD (AVENUE PIERRE),0,,2,3,0,1,(1),(1),1,, -1,2,0,1,30,13,11,2021,18:10,5,1,1053,2,3,1,1,SEMARD (AVENUE PIERRE),46.2001408249,5.2154568583,18,2,2
202100042838,125Â 093,B01,1,1,1,0,8,0,-1,-1, -1,-1,2021,45.0,1,1,0,2,3,2,0,,4,CHAMPS ( RUE DES ),0,,2,2,0,1,(1),(1),1,, -1,1,0,1,50,4,4,2021,10:50,1,68,68297,2,2,0,3,CHAMPS ( RUE DES ),47.571201,7.556195,10,2,2
202100031892,144Â 749,A01,1,1,1,5,2,0,-1,0,0,-1,2021,20.0,2,1,0,2,3,18,1,,7,CANNES AVENUE DE (RN7),0,,2,2,0,2,(1),(1),2,, -1,1,0,1,50,27,6,2021,11:10,1,6,6027,2,1,0,2,CANNES AVENUE DE (RN7),43.65327,7.14636,11,2,2
202100013126,178Â 284,B01,2,2,2,9,2,6,-1,-1, -1,-1,2021,27.0,2,1,0,2,1,1,1,,3,JULES GUESDE (AVENUE) COTE NÂ° IMPAIRS,0,,2,1,0,1,0,1,1,, -1,1,0,1,50,15,10,2021,20:15,5,93,93072,2,3,0,3,JULES GUESDE (AVENUE) COTE NÂ° IMPAIRS,48.96324,2.38577,20,3,2
202100000166,201Â 448,D01,3,2,2,0,1,8,-1,-1, -1,-1,2021,15.0,2,2,0,2,1,2,1,,2,RN 1589 LA TRANSHUMANCE,0,,2,2,3,1,0,0,1,, -1,1,0,1,80,15,7,2021,18:30,1,13,13047,1,1,0,4,RN 1589 LA TRANSHUMANCE,43.50428,4.96562,18,9,4
202100011486,181Â 198,B01,1,1,1,5,2,-1,-1,0,0,-1,2021,23.0,2,1,0,2,1,1,5,,3,486,0,,2,2,0,2,24,960,1,, -1,1,0,1,80,21,10,2021,15:50,1,88,88075,1,3,0,3,38 Route de Gerardmer,48.014175,6.885424,15,2,2
202100009564,184Â 611,A01,1,1,2,5,1,-1,-1,0,0,-1,2021,77.0,2,2,6,0,1,1,1,,3,MAURICE THOREZ (BLD),0,,2,0,0,1,0,0,3,, -1,1,5,8,50,11,5,2021,10:25,1,14,14225,2,6,0,6,Boulevard Maurice Thorez,49.27617,-0.10198,10,2,1
202100000099,201Â 573,A01,3,2,2,5,1,0,-1,-1, -1,-1,2021,18.0,1,2,0,2,7,18,1,,2,RD 925,0,,3,2,0,1,30,223,1,, -1,2,0,1,80,13,11,2021,22:00,4,62,62037,1,1,1,1,RN 25,50.323498,2.740636,22,9,2
202100011650,180Â 900,B01,1,1,1,4,2,0,-1,-1, -1,-1,2021,32.0,2,1,0,2,2,1,1,,3,PRESIDENT ALLENDE (AV DU),0,,2,2,0,2,0,0,1,, -1,1,0,1,50,21,10,2021,23:09,5,94,94076,2,1,0,3,Av du President Salvador Allende,48.79687,2.35021,23,2,2
202100010132,183Â 588,A01,2,2,1,5,8,-1,-1,-1, -1,-1,2021,23.0,2,2,0,2,3,19,1,,4,FELIX FAURE                         (AV),0,,2,4,3,1,(1),(1),1,, -1,1,5,1,50,30,10,2021,06:30,5,69,69383,2,2,0,3,GAMBETTA (CR),45.7526549288,4.8508554697,6,5,2
202100030149,147Â 882,B01,1,1,2,5,0,-1,-1,0,0,-1,2021,31.0,1,1,0,2,8,1,0,,4,MONTGOLFIER                         (R ),0,,1,1,2,1,(1),(1),1,, -1,1,0,1,30,7,7,2021,10:45,1,69,69386,2,1,0,3,MONTGOLFIER (R),45.77189,4.84874,10,2,2
202100032128,144Â 320,B01,1,1,2,9,2,6,-1,0,0,-1,2021,49.0,2,1,0,2,3,1,1,,4,RUE DU COMMANDANT L HERMINIER,0,,2,4,1,1,(1),(1),1,, -1,1,0,6,50,26,6,2021,17:12,1,75,75120,2,2,0,3,RUE DU COMMANDANT L HERMINIER,48.846702,2.41588,17,2,2