Num_Acc,id_vehicule,num_veh,place,catu,sexe,trajet,secu1,secu2,secu3,locp,actp,etatp,year_acc,victim_age,senc,catv,obs,obsm,choc,manv,motor,occutc,catr,voie,v1,v2,circ,nbv,vosp,prof,pr,pr1,plan,lartpc,larrout,surf,infra,situ,vma,jour,mois,an,hrmn,lum,dep,com,agg_,int,atm,col,adr,lat,long,hour,nb_victim,nb_vehicules
202100031109,146Â 134,A01,1,1,1,5,1,5,-1,-1, -1,-1,2021,25.0,2,2,1,0,1,1,1,,4,VILLEBOIS MAREUIL (BD),0,,2,3,2,1,(1),(1),2,, -1,2,5,4,50,3,7,2021,05:32,5,35,35238,2,2,1,6,VILLEBOIS MAREUIL (BD),48.100641,-1.649665,5,1,1
202100020577,164Â 851,A01,1,1,1,1,2,8,-1,-1, -1,-1,2021,32.0,1,1,0,2,4,2,5,,4,ROBESPIERRE (R),0,,1,1,0,2,1,0,1,, -1,1,0,1,30,6,9,2021,12:45,1,94,94041,2,1,0,2,Rue Robespierre,48.809369,2.385566,12,2,2
202100027623,152Â 347,A01,1,1,1,5,0,-1,-1,0,0,-1,2021,56.0,2,6,0,0,0,0,1,,4,Crapa,0,,2,2,0,2,(1),(1),2,, -1,1,0,1,50,22,7,2021,19:50,1,39,39323,2,1,0,7,10 Rue du Crapaud,47.164669,5.499988,19,1,1
202100012349,179Â 649,B01,1,1,1,1,1,-1,-1,-1, -1,-1,2021,31.0,1,2,0,2,4,2,1,,1,A43   3.865 A 9.894,0,,1,5,0,1,6,900,1,, -1,1,0,1,90,19,10,2021,19:15,4,69,69290,1,1,0,2,A43   3.865 A 9.894,45.7061493159,4.9590826035,19,2,2
202100040262,129Â 636,B01,1,1,1,5,0,-1,-1,0,0,-1,2021,16.0,3,1,0,2,1,1,5,,4,,0,,2,2,0,1,(1),(1),1,, -1,1,0,1,50,12,5,2021,22:45,3,1,1145,2,1,0,1,Chemin du Mas Vernon,46.068556,5.204322,22,2,2
202100006615,189Â 965,A01,1,1,1,0,2,0,-1,-1, -1,-1,2021,14.0,1,1,0,0,0,1,1,,3,PATTON GENERAL RTE ST-AUBIN A AV RUBILLA,0,,1,1,0,2,0,0,1,, -1,2,0,1,50,21,11,2021,14:50,1,72,72181,2,1,1,7,PATTON GENERAL RTE ST-AUBIN A AV RUBILLA,48.02012,0.17037,14,1,1
202100036995,135Â 570,A01,1,1,1,5,2,8,-1,-1, -1,-1,2021,25.0,2,1,0,2,2,1,1,,4,SIAM (RUE  DE ),0,,2,2,0,1,(1),(1),1,, -1,1,0,1,30,28,5,2021,20:10,1,56,56121,2,3,0,3,SIAM (RUE  DE ),47.7391,-3.37592,20,2,2
202100003770,195Â 020,A01,2,2,2,5,1,-1,-1,0,0,-1,2021,18.0,2,2,0,0,0,1,1,,3,613,0,,2,2,0,1,15,0,1,, -1,2,0,3,80,11,12,2021,02:00,3,11,11256,1,1,1,6,rd 613 pk 15,43.118121,2.80057,2,2,1
202100014435,175Â 895,A01,10,3,1,0,0,-1,-1,2,3,1,2021,14.0,1,1,0,1,3,21,1,,3,PARIS RUE DE,0,,3,4,0,1,1,0,1,, -1,1,0,1,50,8,10,2021,14:00,1,93,93045,2,1,0,6,PARIS RUE DE,48.88222,2.42386,14,2,1
202100031219,145Â 937,B01,1,1,1,9,2,0,-1,-1, -1,-1,2021,23.0,1,1,0,2,6,1,1,,3,9,0,,2,3,0,1,0,0,1,, -1,1,5,1,50,2,7,2021,22:55,5,92,92026,2,3,0,3,SAINT DENIS BD (120 A 174 / 199 A 315),48.9021755272,2.2736737132,22,3,2
202100008395,186Â 728,A01,1,1,1,5,1,-1,-1,0,0,-1,2021,70.0,2,2,2,0,9,13,1,,3,994,0,,2,2,0,1,40,230,4,, -1,2,0,3,80,12,11,2021,21:15,3,12,12142,1,1,1,6,D994,44.400088,2.358879,21,1,1
202100024982,157Â 004,B01,1,1,1,1,2,6,-1,-1, -1,-1,2021,55.0,2,1,0,2,1,1,1,,2,RN406.W,0,,1,2,0,1,2,400,1,, -1,1,0,1,90,9,8,2021,20:30,3,94,94074,1,1,0,4,RN406.W,48.7668528202,2.4541433386,20,3,3
202100044424,122Â 278,A01,1,1,2,9,8,0,-1,-1, -1,-1,2021,21.0,1,2,5,0,0,1,1,,1,A51,0,,-1,1,0,2,0,649,2,, -1,2,0,2,90,27,3,2021,07:35,1,13,13015,1,1,0,6,A515CD-Gardanne vers A51-Marseille,43.43011,5.39006,7,1,1
202100011432,181Â 289,B01,1,1,1,9,0,0,-1,-1, -1,-1,2021,19.0,2,1,0,2,1,1,5,,3,GAULLE(CARREFOUR CHARLES DE),0,,1,2,0,1,1,0,3,, -1,1,5,1,50,23,10,2021,01:45,5,94,94011,2,9,0,2,Carrefour du-GÃ©nÃ©ral-de-Gaulle,48.76797,2.48778,1,2,2
202100026680,154Â 017,B01,1,1,2,1,2,5,-1,0,0,-1,2021,49.0,1,1,0,2,1,16,1,,4,RUE DE ROME,0,,2,3,2,1,(1),(1),1,, -1,2,6,1,50,27,7,2021,14:30,1,75,75117,2,2,1,3,RUE DE ROME,48.884009,2.31851,14,2,2
202100047699,116Â 488,B01,1,1,2,0,1,0,-1,-1, -1,-1,2021,37.0,2,2,0,2,0,2,1,,1,AUTOROUTE A3,0,,3,6,0,1,8,0,1,, -1,1,0,1,110,17,3,2021,21:00,3,93,93010,1,1,0,5,AUTOROUTE A3,48.90654,2.47245,21,4,4
202100018923,167Â 818,B01,1,1,1,1,2,-1,-1,0,0,-1,2021,48.0,0,1,0,2,1,1,1,,4,RENE GAMBIER (RUE),0,,2,2,0,1,(1),(1),1,, -1,1,0,1,50,13,9,2021,12:10,1,80,80164,2,1,0,3,RENE GAMBIER (RUE),49.88508,2.35046,12,2,2
202100053238,106Â 567,A01,1,1,1,4,2,6,-1,0,0,-1,2021,31.0,2,1,0,2,1,2,1,,4,BOULEVARD SAINT MICHEL,0,,2,4,0,1,(1),(1),1,, -1,1,0,1,50,29,1,2021,20:15,5,75,75105,2,4,0,2,BOULEVARD SAINT MICHEL,48.846905,2.340603,20,2,2
202100014638,175Â 549,A01,1,1,1,9,2,0,-1,0,0,-1,2021,27.0,1,1,0,2,1,17,1,,4,AVENUE PARMENTIER,0,,2,2,0,1,(1),(1),1,, -1,1,0,1,30,7,10,2021,22:15,5,75,75111,2,3,0,3,AVENUE PARMENTIER,48.869319,2.371568,22,2,2
202100022147,162Â 049,A01,2,2,2,5,2,-1,-1,0,0,-1,2021,17.0,3,1,0,0,8,1,1,,3,218,0,D,2,2,0,1,0,0,1,, -1,2,0,1,50,28,8,2021,18:05,1,67,67342,2,2,1,7,6 Rue de Molsheim,48.549395,7.331417,18,2,1
202100001882,198Â 430,A01,10,3,2,9,0,-1,-1,1,B,2,2021,80.0,1,2,0,1,3,26,1,,4,PEGUY (BOULEVARD CHARLES),0,,-1,2,0,1,0,0,1,, -1,1,0,1,30,21,12,2021,16:55,1,28,28085,2,9,0,1,PEGUY (BOULEVARD CHARLES),48.452,1.4877,16,2,1
202100005178,192Â 526,B01,1,1,2,1,1,-1,-1,0,0,-1,2021,47.0,2,2,0,2,3,1,1,,3,7,0,,2,2,2,1,12,800,3,, -1,2,0,1,80,3,12,2021,08:25,2,69,69112,1,1,0,1,SAIN BEL (DE) (RTE),45.8049658788,4.6464550495,8,2,2
202100015016,174Â 864,A01,8,2,2,9,8,0,-1,-1, -1,-1,2021,29.0,2,3,0,0,0,1,2,4.0,4,ROBERT SCHUMANN,0,,2,2,0,1,0,0,1,, -1,1,0,1,50,4,10,2021,10:20,1,64,64445,2,3,0,7,DUFAU,43.3093198343,-0.3636339828,10,4,1
202100026295,154Â 690,A01,10,3,2,3,0,-1,-1,2,3,1,2021,51.0,2,1,0,1,1,1,1,,3,SEMARD (RUE PIERRE),0,,1,1,0,2,30,180,3,, -1,1,0,1,50,29,7,2021,17:35,1,51,51230,2,1,0,7,Rue Pierre Semard,49.04566,3.96145,17,2,1
202100008171,187Â 116,B01,2,2,1,4,1,-1,-1,0,0,-1,2021,51.0,2,5,0,2,2,1,1,,3,79,-1,,2,2,0,1,5,150,1,, -1,2,0,1,90,15,11,2021,16:20,1,51,51545,1,1,1,1,D79,48.745659,4.212586,16,3,2
202100002888,196Â 608,A01,10,3,2,0,0,-1,-1,3,3,1,2021,69.0,2,2,0,1,3,1,1,,3,ALBERT 1ER BD,0,,2,2,0,1,(1),(1),1,, -1,1,0,1,50,14,12,2021,10:05,1,201,201004,2,1,0,6,ALBERT 1ER BD,41.91286,8.72466,10,2,1
202100016783,171Â 613,A01,1,1,2,0,1,-1,-1,-1, -1,-1,2021,80.0,2,2,0,2,3,2,1,,4,FELIX FAURE                         (AV),0,,2,2,3,1,(1),(1),1,, -1,1,0,1,50,25,9,2021,17:18,1,69,69383,2,1,0,2,FELIX FAURE (AV),45.75286,4.8524,17,2,2
202100034578,139Â 909,B01,1,1,1,5,8,-1,-1,-1, -1,-1,2021,20.0,2,1,0,2,1,19,3,,4,REIMS (RUE DE),0,,1,2,0,2,(1),(1),2,, -1,1,0,1,50,12,6,2021,20:50,1,51,51230,2,1,0,1,Rue de Reims,49.0453409478,3.9616580039,20,2,2
202100025424,156Â 215,A01,1,1,1,5,1,0,-1,-1, -1,-1,2021,21.0,1,2,8,0,1,13,1,,3,LIMOGES (AVENUE DE),0,,2,2,0,1,0,0,1,, -1,2,0,1,50,4,8,2021,00:15,5,87,87113,2,1,1,6,LIMOGES (AVENUE DE),45.85725,1.31188,0,1,1
202100041837,126Â 832,A01,1,1,1,5,2,-1,-1,0,0,-1,2021,47.0,2,1,0,0,0,15,1,,3,364,-1,,2,2,0,2,3,55,3,, -1,1,0,1,80,26,4,2021,19:15,1,64,64172,1,4,0,7,3055 Route des Landes,43.5408078042,-0.5607914788,19,1,1
202100018092,169Â 290,B01,1,1,1,5,1,0,-1,-1, -1,-1,2021,34.0,1,2,0,2,4,2,1,,1,86,0,,3,6,0,1,2,99,1,, -1,1,0,1,90,18,9,2021,12:40,1,92,92050,1,1,0,4,A86,48.9153626913,2.220438594,12,5,4
202100027717,152Â 170,B01,1,1,1,0,2,6,-1,-1, -1,-1,2021,18.0,2,1,0,2,1,1,1,,4,FLANDRES (RUE DE),0,,2,2,0,1,0,0,1,, -1,1,0,1,30,20,7,2021,13:00,1,67,67482,2,3,0,3,FLANDRES (RUE DE),48.58177,7.77468,13,2,2
202100037087,135Â 412,A01,1,1,1,5,1,-1,-1,0,0,-1,2021,24.0,3,2,0,2,3,1,1,,4, -,0,,2,2,0,2,(1),(1),4,, -1,1,0,1,80,1,6,2021,19:10,1,202,202143,1,1,0,3,Route ALBARICCIA,42.227902,9.526944,19,2,2
202100015172,174Â 589,A01,1,1,1,1,2,6,-1,0,0,-1,2021,15.0,1,1,0,2,1,13,1,,3,25,0,D,2,2,0,1,(1),(1),3,, -1,2,0,1,80,6,10,2021,09:00,1,24,24366,1,1,0,1,Les Filolies,44.890437,1.131186,9,3,2
202100007292,188Â 712,B01,1,1,2,9,2,6,-1,-1, -1,-1,2021,20.0,3,1,0,2,7,1,1,,4,HAUTES FOLIES (AVENUE DES),0,,2,2,0,1,(1),(1),1,, -1,1,0,1,50,16,11,2021,08:40,1,17,17461,2,1,0,3,HAUTES FOLIES (AVENUE DES),45.63761,-1.06428,8,2,2
202100007824,187Â 761,A01,1,1,2,5,1,5,-1,0,0,-1,2021,27.0,0,2,0,2,1,9,1,,4,LAKANAL (RUE),0,,2,1,0,1,(1),(1),2,, -1,2,0,1,70,16,11,2021,17:05,4,27,27229,2,2,1,3,ALLENDE (BOULEVARD DU PRESIDENT),49.00344,1.14809,17,3,2
202100045020,121Â 254,A01,10,3,2,0,0,-1,-1,3,3,2,2021,68.0,1,2,0,1,2,2,1,,3,,0,,-1,2,0,1,0,0,1,, -1,2,0,1,50,5,4,2021,14:45,1,91,91687,2,1,1,6,MARMONT (AVENUE),48.664,2.3753,14,2,1
202100038963,131Â 992,A01,10,3,2,5,0,-1,-1,2,4,1,2021,12.0,1,2,0,1,1,1,2,,4,RUE DURANTON,0,,1,1,0,1,(1),(1),1,, -1,1,0,1,50,21,5,2021,17:40,1,75,75115,2,1,0,6,RUE DURANTON,48.840794,2.285034,17,2,1
202100005540,191Â 898,A01,10,3,2,5,0,-1,-1,4,3,1,2021,79.0,2,2,0,1,4,4,1,,4,RUE DU BUISSON SAINT LOUIS,0,,1,1,0,1,(1),(1),1,, -1,1,0,1,30,30,11,2021,15:25,1,75,75110,2,2,0,6,RUE DU BUISSON SAINT LOUIS,48.873622,2.375046,15,2,1
202100022951,160Â 599,B01,2,2,1,3,1,-1,-1,0,0,-1,2021,39.0,2,2,0,2,8,1,1,,2,20,-1,,2,2,0,2,73,(1),3,, -1,1,0,1,80,23,8,2021,18:00,1,202,202096,1,1,0,3,Route territoriale 20,42.3078635908,9.1538965715,18,3,2
202100036139,137Â 087,B01,1,1,1,5,2,-1,-1,0,0,-1,2021,54.0,1,1,0,2,1,18,5,,3,33,0,D,2,2,0,1,66,661,1,, -1,1,0,1,50,6,6,2021,10:50,1,44,44129,2,3,0,3,Place de l Eglise,47.437801,-2.088137,10,2,2
202100025166,156Â 672,B01,1,1,1,5,2,-1,-1,0,0,-1,2021,46.0,2,1,0,2,8,1,5,,3,RD902,-1,,2,2,0,2,28,(1),4,, -1,1,0,1,80,8,8,2021,16:15,1,5,5027,1,1,0,3,CD 902,44.822562,6.735928,16,2,2
202100051236,110Â 100,B01,1,1,2,5,2,-1,-1,0,0,-1,2021,68.0,2,0,12,2,0,2,3,,7,7,-1,,2,2,0,1,3,500,1,, -1,1,0,4,50,17,2,2021,15:40,1,69,69044,2,1,0,7,SAIN-BEL (DE) (RTE),45.7706472189,4.741187515,15,2,2
202100026028,155Â 156,A01,1,1,2,5,2,6,-1,0,0,-1,2021,28.0,1,6,8,0,1,1,1,,3,D202,2,E,2,2,0,1,1,500,1,, -1,2,0,3,50,1,8,2021,04:15,4,17,17376,1,1,1,6,Route de la FerandiÃ¨re,46.24746,-1.0417,4,2,1
202100046477,118Â 710,A01,1,1,2,0,1,8,-1,-1, -1,-1,2021,35.0,1,2,0,2,0,0,1,,1,A13,0,,3,6,0,1,43,900,1,, -1,1,0,1,130,27,3,2021,18:30,1,78,78402,1,1,0,4,A13,48.964085,1.775474,18,4,3
202100042381,125Â 874,A01,1,1,1,5,8,0,-1,-1, -1,-1,2021,13.0,0,1,0,2,0,26,3,,3,67,0,,1,1,3,1,0,0,2,, -1,1,0,1,50,27,4,2021,16:10,1,92,92002,2,1,0,3,JULES FERRY (AVENUE),48.7489128907,2.3077592254,16,2,2
202100043332,124Â 208,B01,1,1,1,0,8,-1,-1,-1, -1,-1,2021,17.0,1,1,0,4,2,0,5,,4,RUE DES FRERES MOGA,0,,2,2,3,1,(1),(1),1,, -1,1,4,6,50,20,4,2021,17:10,1,33,33039,2,2,0,6,Rue des FrÃ¨res Moga,44.80005,-0.55145,17,2,2
202100008310,186Â 870,A01,1,1,1,5,2,-1,-1,0,0,-1,2021,61.0,1,1,13,0,0,1,1,,3,20,0,D,2,2,0,3,9,850,2,, -1,1,0,3,80,11,11,2021,14:30,1,53,53085,1,1,0,7,Chon,48.384388,-0.25938,14,1,1
202100017629,170Â 108,A01,10,3,2,2,0,-1,-1,1,3,1,2021,13.0,1,1,0,1,1,1,1,,4,BASTIAT (RUE FREDERIC),0,,1,1,0,1,0,0,1,, -1,1,8,1,30,21,9,2021,07:30,1,64,64102,2,1,0,6,BASTIAT (RUE FREDERIC),43.49214,-1.47155,7,2,1
202100006043,190Â 993,A01,10,3,2,5,0,-1,-1,3,3,2,2021,42.0,1,2,0,1,2,16,1,,4,,-1,,2,2,0,1,(1),(1),1,,4,1,5,1,30,24,11,2021,13:56,1,53,53140,2,6,1,6,rue du maine,48.121908,-0.718811,13,2,1
202100044880,121Â 498,A01,1,1,1,3,1,-1,-1,0,0,-1,2021,65.0,1,2,0,2,3,13,1,,3,937,0,D,2,2,0,1,(1),(1),3,, -1,1,0,1,50,7,4,2021,12:00,1,2,2173,2,1,0,1,Rue Anatole France,49.6112,3.22114,12,2,2
202100052495,107Â 889,A01,1,1,1,5,0,-1,-1,0,0,-1,2021,71.0,2,2,0,2,1,5,1,,3,158,0,,2,2,0,1,0,900,3,, -1,2,0,1,80,6,2,2021,12:58,1,46,46307,1,1,0,1,Les traverses,44.521693,1.003146,12,2,2
202100032724,143Â 276,A01,10,3,1,9,0,-1,-1,5,5,2,2021,9.0,1,1,0,1,1,1,5,,4,JEAN JAURES(RUE) 1A55 ET 2A54,0,,1,1,0,1,0,0,1,, -1,1,0,1,50,23,6,2021,19:30,1,92,92044,2,9,0,6,JEAN JAURES(RUE) 1A55 ET 2A54,48.8930492497,2.2943047943,19,3,1
202100007772,187Â 858,B01,4,2,2,0,3,-1,-1,0,0,-1,2021,3.0,0,2,0,2,4,1,1,,3,RN1029,0,,2,2,0,1,(1),(1),1,, -1,1,0,1,80,15,11,2021,08:45,1,80,80724,1,1,0,4,RN1029,49.85982,2.2093,8,5,3
202100024719,157Â 462,A01,1,1,1,0,1,0,-1,-1, -1,-1,2021,27.0,3,2,0,2,1,26,1,,3,31,-1,,2,2,-1,1,(1),(1),1,, -1,1,0,1,-1,9,8,2021,12:55,1,91,91201,2,2,0,5,RUE CHARLES MORY,48.68349,2.43204,12,4,2
202100054905,103Â 667,A01,10,3,2,0,0,-1,-1,3,3,1,2021,17.0,3,2,0,1,1,1,1,,4,ROURE REMY(BOULEVARD),0,,2,2,0,1,(1),(1),1,, -1,2,0,1,50,15,1,2021,18:00,1,26,26281,2,1,1,6,41 Boulevard Remy Roure,45.05015,5.04117,18,2,1
202100002819,196Â 734,B01,1,1,2,0,1,0,-1,-1, -1,-1,2021,42.0,1,1,0,2,0,0,5,,3,109,0,,2,2,0,1,0,0,1,, -1,1,0,1,50,15,12,2021,11:00,1,92,92036,2,2,0,3,JEAN JAURES (RUE) (1/33),48.9267617686,2.2946432233,11,2,2
202100011414,181Â 318,A01,10,3,2,9,0,-1,-1,5,1,1,2021,19.0,1,2,0,1,1,5,1,,4,AVENUE NIEL,0,,2,1,3,1,(1),(1),1,, -1,1,0,4,30,21,10,2021,20:01,5,75,75117,2,2,0,6,AVENUE NIEL,48.88298,2.296384,20,3,1
202100035446,138Â 354,B01,1,1,2,5,1,0,-1,0,0,-1,2021,32.0,1,2,0,2,2,1,1,,4,AVENUE JEAN JAURES,0,,2,2,0,1,(1),(1),1,, -1,1,0,1,50,8,6,2021,22:35,5,75,75119,2,2,0,3,AVENUE JEAN JAURES,48.887769,2.389278,22,3,2
202100031097,146Â 154,B01,2,2,2,5,1,0,-1,-1, -1,-1,2021,20.0,1,2,1,0,2,14,1,,3,75,0,,2,1,0,1,0,0,3,, -1,1,0,1,50,1,7,2021,23:30,5,38,38318,2,1,0,6,Route de Cancanne,45.5335719624,4.9035125971,23,2,1
202100028913,150Â 047,B01,1,1,1,5,2,6,-1,0,0,-1,2021,27.0,2,1,0,2,1,3,1,,7,820,0,,2,2,3,1,14,941,1,, -1,1,0,1,70,15,7,2021,20:45,1,31,31182,1,1,0,1,route dÃ©partementale 820,43.691692,1.402946,20,2,2
202100000014,201Â 737,B01,1,1,1,0,8,0,-1,-1, -1,-1,2021,12.0,1,1,0,2,0,0,5,,3,39,0,,2,4,0,4,0,0,1,, -1,1,0,1,50,17,10,2021,15:24,1,92,92063,2,2,0,3,HOPITAL STELL (BOULEVARD DE L'),48.8810767676,2.1844232082,15,2,2
202100034052,140Â 893,A01,10,3,2,9,0,-1,-1,3,3,1,2021,56.0,2,1,0,1,1,1,3,,4,COURLANCY (RUE DE),0,,2,2,0,1,(1),(1),1,, -1,1,0,1,50,16,6,2021,10:00,1,51,51454,2,1,0,7,Rue de Courlancy,49.24454,4.0193,10,2,1
202100034716,139Â 666,A01,1,1,2,5,8,-1,-1,-1, -1,-1,2021,30.0,1,2,4,2,2,14,1,,2,RN88,0,,3,4,0,2,41,800,1,, -1,1,0,2,90,12,6,2021,17:20,1,42,42099,1,1,0,3,RN88,45.3748394913,4.2709123935,17,2,2
202100023379,159Â 828,D01,1,1,1,5,2,-1,-1,0,0,-1,2021,74.0,3,1,0,2,1,2,5,,9,,0,,2,2,0,1,(1),(1),1,, -1,1,0,5,50,21,8,2021,10:00,1,38,38565,1,1,0,4,Chemin des Digues,45.296645,5.616615,10,4,4
202100045218,120Â 901,A01,1,1,2,0,8,0,-1,-1, -1,-1,2021,45.0,1,1,0,0,2,9,1,,4,GODILLOT  ( AVENUE ALEXIS ),0,,2,2,0,1,(1),0,1,, -1,1,0,1,50,3,4,2021,14:25,1,83,83069,2,2,0,3,SAINT JACQUES (RUE),43.11085,6.12421,14,3,2
202100018753,168Â 121,A01,1,1,2,5,2,6,-1,-1, -1,-1,2021,22.0,1,1,14,0,1,1,1,,4,GAMBETTA (RUE),0,,1,1,0,2,0,0,1,, -1,1,0,1,30,15,9,2021,05:25,5,64,64122,2,1,0,7,GAMBETTA (RUE),43.47925,-1.56426,5,1,1
202100045238,120Â 863,B01,1,1,1,9,2,6,-1,0,0,-1,2021,20.0,2,1,0,2,2,1,1,,4,BOULEVARD SERURIER,0,,1,2,0,1,(1),(1),1,, -1,1,0,1,50,3,4,2021,16:15,1,75,75119,2,2,0,3,BOULEVARD SERURIER,48.877207,2.406676,16,2,2
202100006403,190Â 352,A01,10,3,1,1,0,-1,-1,3,3,1,2021,77.0,2,5,0,1,1,15,1,,4,JARDIN PUBLIC (AVENUE DU),0,,1,1,0,2,0,0,1,, -1,2,0,1,30,24,11,2021,09:00,1,64,64122,2,1,0,6,JARDIN PUBLIC (AVENUE DU),43.48005,-1.56044,9,2,1
202100054165,104Â 928,A01,1,1,1,5,2,6,-1,0,0,-1,2021,31.0,0,1,0,0,2,1,1,,3,19,0,,-1,2,0,1,10,915,1,, -1,1,0,8,50,22,1,2021,16:00,1,27,27168,2,1,0,7,Route Amfreville sous les Monts,49.25476,1.270133,16,1,1
202100045441,120Â 511,A01,1,1,1,1,1,0,-1,-1, -1,-1,2021,25.0,0,2,0,2,1,1,1,,4,DEUX COMMUNES (BD DES),0,,2,2,0,2,1,0,1,, -1,1,0,1,50,2,4,2021,21:20,1,94,94052,2,2,0,3,Boulevard des 2 Communes,48.840519,2.474235,21,4,2
202100054810,103Â 825,A01,1,1,1,0,8,-1,-1,0,0,-1,2021,31.0,2,2,15,0,2,1,1,,3,613,0,D,2,2,0,1,65,500,2,, -1,1,0,3,80,16,1,2021,22:30,3,11,11015,1,1,0,6,D613,42.952221,2.367377,22,1,1
202100041818,126Â 861,A01,10,3,2,5,0,-1,-1,2,3,2,2021,1.0,2,1,0,0,0,1,5,,4,BOULEVARD DE STRASBOURG,0,,1,3,1,1,(1),(1),1,, -1,2,0,5,50,1,5,2021,17:05,1,75,75110,2,1,1,6,BOULEVARD DE STRASBOURG,48.872816,2.356189,17,3,1
202100012465,179Â 426,A01,10,3,1,0,0,-1,-1,4,3,1,2021,10.0,1,2,0,1,2,1,1,,4,LIEUTAUD (COURS),0,,2,2,0,1,0,0,1,, -1,1,6,1,50,18,10,2021,12:40,1,13,13206,2,1,0,6,LIEUTAUD (COURS),43.28834,5.38442,12,2,1
202100039664,130Â 695,C01,1,1,2,0,1,-1,-1,0,0,-1,2021,44.0,2,2,0,0,1,1,1,,3,1016,0,,3,4,0,1,26,900,1,, -1,1,0,1,110,18,5,2021,08:10,1,60,60524,1,1,0,4,RD 1016,49.337777,2.434075,8,7,7
202100054681,104Â 042,B01,1,1,2,0,1,0,-1,-1, -1,-1,2021,23.0,3,2,0,2,2,1,1,,4,LUMIERES (AVE DES FRERES),0,,1,1,0,1,0,0,2,, -1,1,0,1,50,17,1,2021,18:30,2,30,30007,2,6,0,3,LUMIERES (AVE DES FRERES),44.13,4.08,18,2,2
202100023256,160Â 044,A01,10,3,2,0,0,-1,-1,1,2,3,2021,5.0,3,2,0,1,7,1,1,,4,SAINT CHARLES (rue ),0,,2,1,0,1,0,9,1,, -1,1,0,1,30,17,8,2021,20:00,1,84,84007,2,1,0,6,SAINT CHARLES (rue ),43.94451,4.80348,20,2,1
202100005605,191Â 785,B01,1,1,1,5,0,-1,-1,0,0,-1,2021,88.0,2,0,0,2,7,14,3,,4,,-1,,2,1,0,1,(1),(1),2,,3,1,0,1,30,10,6,2021,16:50,1,84,84054,2,6,0,3,Cours RenÃ© Char,43.911111,5.056157,16,2,2
202100045280,120Â 784,B01,1,1,1,5,0,-1,-1,0,0,-1,2021,18.0,1,1,0,2,1,1,5,,3,5,-1,,2,2,0,2,(1),(1),2,, -1,1,0,1,50,4,4,2021,11:55,1,74,74011,2,1,0,2,D5,45.9242,6.172262,11,2,2
202100017217,170Â 870,A01,1,1,2,1,1,-1,-1,0,0,-1,2021,20.0,3,2,13,0,2,14,1,,4,,0,,2,2,0,1,(1),(1),2,,4,1,0,8,80,19,9,2021,15:30,1,29,29140,1,1,0,6,Lieu-Dit Ty Neol,48.396115,-4.304189,15,1,1
202100045861,119Â 778,A01,1,1,1,5,0,-1,-1,0,0,-1,2021,23.0,1,1,0,0,0,2,1,,3,25,0,,1,1,0,1,12,600,1,, -1,1,0,1,90,1,4,2021,14:20,1,52,52187,1,1,0,7,route dÃ©partemental 25,48.367411,5.354697,14,2,2
202100018730,168Â 159,B01,7,2,2,5,0,-1,-1,-1, -1,-1,2021,64.0,1,3,0,2,3,1,0,3.0,4,FRANCOIS GILLET      (Rue),0,,2,2,0,1,(1),(1),1,, -1,1,0,1,30,15,9,2021,14:50,1,69,69266,2,1,0,1,FRANCOIS GILLET (R),45.7596328462,4.8752582073,14,4,2
202100009331,185Â 026,A01,1,1,1,5,1,-1,-1,0,0,-1,2021,25.0,1,2,13,0,9,6,1,,3,D60,0,D,1,1,1,4,(1),(1),2,, -1,1,5,8,80,6,11,2021,01:36,3,62,62869,2,6,0,6,D60,50.258277,2.741341,1,1,1
202100010920,182Â 205,A01,1,1,1,0,2,6,-1,-1, -1,-1,2021,49.0,1,1,0,0,3,21,1,,4,CAPELETTE (AVENUE DE LA),0,,3,2,0,1,0,0,3,, -1,1,0,1,50,26,10,2021,21:50,5,13,13210,2,1,0,7,CAPELETTE (AVENUE DE LA),43.2806991632,5.4069969449,21,1,1
202100031985,144Â 574,Z01,10,3,2,5,8,8,-1,4,9,1,2021,72.0,2,0,0,1,2,0,0,,4,CORDERIE (BOULEVARD DE LA),0,,2,4,0,2,0,0,1,, -1,1,0,8,50,27,6,2021,14:15,1,13,13207,2,1,0,3,CORDERIE (BOULEVARD DE LA),43.2903216979,5.3691037406,14,2,1
202100004908,193Â 015,B01,1,1,2,5,1,0,-1,-1, -1,-1,2021,25.0,2,2,5,2,4,12,1,,1,A86 EXT,0,,1,3,0,1,45,299,3,, -1,2,1,1,80,4,12,2021,03:45,3,94,94073,1,1,1,4,A86 EXT,48.76823,2.379,3,3,3
202100020056,165Â 777,A01,1,1,2,1,1,0,-1,-1, -1,-1,2021,22.0,2,2,0,2,1,1,1,,3,RD 347,0,,2,2,0,1,0,15,1,, -1,1,0,1,70,8,9,2021,08:20,1,86,86158,1,1,0,2,RD 347,46.644121,0.292177,8,2,2
202100024734,157Â 433,B01,1,1,1,0,1,0,-1,-1, -1,-1,2021,25.0,1,2,0,2,2,1,1,,4,FAUBOURG D'ARRAS RUE,0,,2,2,0,1,(1),(1),1,, -1,2,0,1,50,9,8,2021,13:30,1,59,59350,2,1,1,3,FAUBOURG D'ARRAS RUE,50.60812,3.059553,13,2,2