Num_Acc,id_vehicule,num_veh,place,catu,sexe,trajet,secu1,secu2,secu3,locp,actp,etatp,year_acc,victim_age,senc,catv,obs,obsm,choc,manv,motor,occutc,catr,voie,v1,v2,circ,nbv,vosp,prof,pr,pr1,plan,lartpc,larrout,surf,infra,situ,vma,jour,mois,an,hrmn,lum,dep,com,agg_,int,atm,col,adr,lat,long,hour,nb_victim,nb_vehicules
202100005455,192Â 039,A01,1,1,1,0,0,-1,-1,0,0,-1,2021,46.0,3,2,15,0,1,13,1,,4,,-1,,2,2,0,2,(1),(1),3,,4,2,0,3,80,2,12,2021,15:40,1,85,85247,1,1,0,6,Rue du bocage,46.961789,-1.054763,15,1,1
202100012131,180Â 028,A01,10,3,1,2,0,-1,-1,3,3,2,2021,5.0,2,2,0,1,2,1,1,,3,20,0,D,2,1,0,1,(1),(1),1,, -1,2,0,1,50,21,10,2021,17:00,1,59,59249,2,1,1,6,Rue Jean JaurÃ¨s,50.015599,4.048499,17,2,1
202100000321,201Â 145,A01,10,3,2,5,0,-1,-1,3,3,1,2021,67.0,3,2,0,1,1,1,1,,4,,0,,1,2,0,2,0,0,1,, -1,1,0,1,50,23,12,2021,17:10,5,30,30189,2,2,0,6,SAUVE (RUE),43.8371,4.3454,17,2,1
202100032499,143Â 677,B01,1,1,1,1,8,0,-1,-1, -1,-1,2021,17.0,3,1,0,2,7,2,5,,4,JUIN (AVENUE MARECHAL),0,,3,2,0,1,(1),(1),2,, -1,1,0,1,30,24,6,2021,08:45,1,17,17333,2,6,0,3,JUIN (AVENUE MARECHAL),45.612851,-0.991181,8,2,2
202100026812,153Â 796,A01,10,3,1,5,0,-1,-1,3,3,1,2021,18.0,2,2,0,1,3,1,1,,7,DUNKERQUE AVENUE DE,0,,2,2,0,1,(1),(1),1,, -1,1,9,1,50,17,7,2021,13:10,1,59,59328,2,1,0,6,DUNKERQUE AVENUE DE,50.6392257495,3.0207681656,13,2,1
202100026603,154Â 152,A01,2,2,2,0,1,0,-1,-1, -1,-1,2021,20.0,1,2,4,0,3,1,1,,1,AUTOROUTE A1,0,,3,6,0,1,31,100,1,, -1,1,0,1,130,28,7,2021,17:30,1,60,60494,1,1,0,6,AUTOROUTE A1,49.1151978773,2.5544916841,17,2,1
202100055908,101Â 939,B01,1,1,2,5,1,0,-1,-1, -1,-1,2021,25.0,1,2,0,2,0,0,1,,7,617,0,,2,2,0,1,(1),(1),1,, -1,2,5,1,50,7,1,2021,18:30,5,59,59090,2,6,1,4,GAULLE (AVENUE DU GENERAL DE),50.68448,3.08499,18,3,3
202100029780,148Â 556,A01,1,1,1,5,8,0,-1,0,0,-1,2021,17.0,1,1,0,2,1,2,1,,4,,0,,1,1,0,2,(1),(1),4,, -1,1,0,1,50,8,7,2021,16:50,1,54,54382,2,1,0,3,SAINT FIACRE (RUE),49.54097,5.78187,16,2,2
202100046514,118Â 641,A01,1,1,1,9,8,0,-1,0,0,-1,2021,20.0,2,1,0,2,1,21,1,,4,PAINLEVE (RUE PAUL),0,,2,2,0,1,(1),(1),1,, -1,1,0,1,50,24,3,2021,16:59,1,63,63113,2,1,0,1,PAINLEVE (RUE PAUL),45.77875,3.10722,16,2,2
202100001577,198Â 993,B01,1,1,1,5,2,6,-1,-1, -1,-1,2021,51.0,2,1,0,2,3,1,1,,2,TUNNEL,0,,2,2,0,1,1,0,1,, -1,1,1,1,50,22,12,2021,19:00,5,202,202033,2,1,0,6,TUNNEL,42.69478,9.45221,19,6,3
202100033048,142Â 669,A01,1,1,1,5,1,8,-1,-1, -1,-1,2021,48.0,3,2,0,2,1,21,1,,4,BONNIN (AVENUE JEAN),0,,3,2,0,1,(1),(1),1,, -1,1,0,1,50,20,6,2021,16:30,1,37,37233,2,1,0,2,BONNIN (AVENUE JEAN),47.3953567465,0.7123647855,16,3,2
202100055978,101Â 832,B01,1,1,1,1,0,-1,-1,0,0,-1,2021,22.0,2,1,0,2,1,1,5,,3,78,0,,2,2,0,2,0,10,1,, -1,1,0,1,50,6,1,2021,12:10,1,76,76711,2,1,0,1,Rue de la Commune de Paris,50.060445,1.372696,12,2,2
202100050089,112Â 203,B01,1,1,2,5,8,0,-1,-1, -1,-1,2021,9.0,3,1,0,2,1,25,5,,4,,0,,1,1,0,2,1,0,1,, -1,1,0,4,50,26,2,2021,16:20,1,92,92007,2,3,0,3,MIRABEAU (ALLEE),48.7896050009,2.3135474324,16,2,2
202100001375,199Â 311,A01,10,3,1,3,0,-1,-1,1,3,1,2021,73.0,1,5,0,1,4,4,1,,4,JOFFRE (PLACE),0,,2,1,0,1,(1),(1),1,, -1,1,0,1,50,20,10,2021,10:30,1,19,19275,2,1,0,6,JOFFRE (PLACE),45.547262406,2.3092598386,10,2,1
202100011374,181Â 392,A01,1,1,1,5,2,0,-1,-1, -1,-1,2021,20.0,3,1,14,2,3,5,1,,7,LOEUL (AVENUE ALPHONSE),0,,2,2,0,1,(1),(1),1,, -1,1,0,1,50,23,10,2021,17:50,5,59,59508,2,1,0,3,LOEUL (AVENUE ALPHONSE),50.7574387346,3.1227892877,17,2,2
202100012402,179Â 539,A01,1,1,1,0,2,-1,-1,0,0,-1,2021,31.0,0,1,0,2,1,9,1,,4,GRAND MARAIS (RUE DU),0,,1,2,0,1,(1),(1),1,, -1,1,0,1,50,16,10,2021,14:30,1,80,80021,2,9,0,2,GRAND MARAIS (RUE DU),49.91995,2.26839,14,2,2
202100029810,148Â 503,A01,10,3,2,0,0,-1,-1,3,3,2,2021,34.0,2,2,0,1,2,2,0,,3,LERIDA (AVENUE DE),0,,3,2,0,1,40,784,3,, -1,1,9,1,50,9,7,2021,09:45,1,9,9122,2,1,0,6,LERIDA (AVENUE DE),42.964405,1.602892,9,2,1
202100014224,176Â 268,B01,1,1,1,5,2,0,-1,-1, -1,-1,2021,29.0,2,1,0,2,3,2,1,,3,STALINGRAD - PONT DE NOGENT (BD DE),0,,1,3,0,1,0,0,1,, -1,1,0,1,50,9,10,2021,16:55,1,94,94017,2,9,0,3,STALINGRAD - PONT DE NOGENT (BD DE),48.82956,2.49316,16,2,2
202100016162,172Â 752,A01,1,1,2,0,2,0,-1,-1, -1,-1,2021,25.0,0,1,0,2,1,1,1,,4,RUE DES PILIERS DE LA CHAUVINIERE,0,,2,2,0,1,(1),(1),1,, -1,2,0,1,50,29,9,2021,07:50,1,44,44162,2,1,0,1,RUE DES PILIERS DE LA CHAUVINIERE,47.22995,-1.63451,7,2,2
202100034973,139Â 185,A01,1,1,1,2,2,6,-1,-1, -1,-1,2021,17.0,2,1,0,2,1,9,1,,4,LAURIERS DES,0,,2,2,0,1,0,0,2,, -1,1,0,1,30,10,6,2021,09:25,1,64,64445,2,6,0,3,LAURIERS DES,43.30176,-0.34464,9,2,2
202100053406,106Â 261,A01,1,1,2,0,1,0,-1,-1, -1,-1,2021,34.0,1,2,0,2,2,16,1,,1,A55-Sens Martigues vers Marseille,0,,1,2,0,1,14,310,3,, -1,1,0,1,110,27,1,2021,18:00,3,13,13071,1,4,0,5,A55-Sens Martigues vers Marseille,43.3977122771,5.2883559465,18,3,3
202100032023,144Â 506,A01,2,2,2,5,2,6,-1,0,0,-1,2021,57.0,1,1,0,0,1,14,1,,3,996,0,,2,2,0,1,0,660,2,, -1,1,0,3,80,25,6,2021,11:55,1,1,1124,1,9,0,7,Route de Varennes,46.453289,5.2327,11,2,1
202100026057,155Â 108,B01,1,1,1,9,1,-1,-1,0,0,-1,2021,55.0,0,2,0,2,3,14,1,,4,,-1,,2,2,0,1,(1),(1),1,,4,1,5,1,50,1,8,2021,15:40,1,29,29158,2,3,0,1,9 Route de Kerglib,47.812921556,-4.3417815864,15,2,2
202100027505,152Â 560,A01,1,1,2,1,1,0,-1,-1, -1,-1,2021,43.0,2,2,0,2,8,13,1,,3,310,0,,2,3,0,1,0,0,1,, -1,1,2,1,50,22,7,2021,17:00,1,91,91286,2,1,0,5,EMILE ALLIAUD (AVENUE),48.64953,2.38366,17,3,3
202100016849,171Â 502,A01,1,1,1,1,2,-1,-1,-1, -1,-1,2021,21.0,3,1,0,0,8,0,1,,4,SEIZIEME PORT (AVENUE DU),0,,2,2,0,1,0,0,2,, -1,1,0,1,50,22,9,2021,17:30,1,76,76351,2,6,0,7,SEIZIEME PORT (AVENUE DU),49.48337,0.16499,17,1,1
202100050607,111Â 229,B01,1,1,1,5,2,8,-1,-1, -1,-1,2021,19.0,1,1,0,2,7,1,1,,4,VOLTAIRE (RUE),0,,2,2,0,1,0,0,1,, -1,2,0,1,50,19,2,2021,08:15,1,92,92063,2,3,1,3,VOLTAIRE (RUE),48.8736,2.19547,8,3,2
202100024880,157Â 188,B01,1,1,1,0,1,5,-1,-1, -1,-1,2021,18.0,1,2,0,2,7,1,1,,7,REYNOARD (AV. M.),0,,3,4,0,1,3,400,1,, -1,1,0,1,50,8,8,2021,22:05,5,38,38185,2,3,0,3,Avenue Marie Reynoard,45.1647,5.72855,22,2,2
202100013732,177Â 160,A01,7,2,1,2,3,1,-1,0,0,-1,2021,1.0,3,2,0,2,3,9,1,,3,,-1,,-1,2,0,1,(1),205,1,, -1,1,0,1,50,12,10,2021,16:12,1,84,84104,2,9,0,3,Chemin des Combes,44.193588,4.9946,16,3,2
202100046674,118Â 342,A01,10,3,1,9,0,-1,-1,1,1,1,2021,25.0,0,2,0,1,8,2,1,,4,,-1,,2,2,0,2,(1),(1),3,, -1,1,0,1,50,24,3,2021,18:00,1,74,74026,2,1,0,7,R des Garennes,45.958494,6.041404,18,2,1
202100005300,192Â 316,A01,1,1,1,5,2,6,-1,-1, -1,-1,2021,30.0,2,1,0,0,0,15,1,,3,FAUBOURG BANNIER (RUE DU ),0,,2,2,0,1,1,0,2,, -1,2,0,1,50,2,12,2021,01:00,5,45,45147,2,6,0,7,FAUBOURG BANNIER (RUE DU ),47.93403,1.89489,1,1,1
202100053329,106Â 397,B01,1,1,1,3,2,6,-1,-1, -1,-1,2021,21.0,1,1,0,2,7,1,1,,4,LACOUTURE (RUE PIERRE),0,,2,2,0,1,0,0,3,, -1,2,0,1,50,26,1,2021,18:15,5,64,64140,2,3,1,3,LACOUTURE (RUE PIERRE),43.53148,-1.47349,18,2,2
202100000051,201Â 658,A01,1,1,2,5,8,8,-1,-1, -1,-1,2021,40.0,3,1,0,2,8,1,5,,4,SQUARE DE L HERACLES,0,,2,2,0,1,(1),(1),1,, -1,1,2,1,50,9,11,2021,23:30,5,31,31555,2,9,0,3,SQUARE DE L HERACLES,43.60749,1.42812,23,2,2
202100049165,113Â 874,B01,2,2,1,4,1,-1,-1,0,0,-1,2021,56.0,1,5,3,1,1,21,1,,1,6,0,,3,5,0,1,390,150,1,, -1,1,0,1,130,5,3,2021,19:30,3,71,71105,1,1,0,6,A6 PK 390.100 sens PARIS-LYON,46.298085,4.792142,19,6,2
202100012673,179Â 063,B01,1,1,1,1,2,6,-1,0,0,-1,2021,23.0,1,1,0,2,8,2,1,,4,BOULEVARD DE COURCELLES,0,,2,1,1,1,(1),(1),1,, -1,1,0,1,30,15,10,2021,23:30,5,75,75117,2,2,0,3,BOULEVARD DE COURCELLES,48.880863,2.312644,23,2,2
202100037242,135Â 112,A01,2,2,1,0,1,0,-1,-1, -1,-1,2021,24.0,1,2,0,2,3,1,1,,4,RUE DU PERRAY,0,,2,0,0,1,(1),(1),1,, -1,1,0,1,30,4,5,2021,21:15,5,44,44109,2,1,0,3,RUE DU PERRAY,47.24714,-1.51146,21,3,2
202100026772,153Â 867,A01,2,1,1,0,2,0,-1,-1, -1,-1,2021,23.0,3,1,0,2,0,1,1,,4,mamoudzou centre-Haladi Selemani ( rue ),0,,2,2,0,3,0,0,2,, -1,1,0,1,50,27,7,2021,05:40,5,976,97611,2,9,0,7,mamoudzou centre-Haladi Selemani ( rue ),-12.78442,45.22924,5,2,2
202100020112,165Â 674,A01,1,1,1,9,2,6,-1,0,0,-1,2021,46.0,2,1,0,2,1,18,3,,4,AVENUE DE SUFFREN,0,,2,2,0,1,(1),(1),1,, -1,1,0,1,30,7,9,2021,09:25,1,75,75107,2,3,0,3,AVENUE DE SUFFREN,48.856928,2.291959,9,2,2
202100044075,122Â 893,A01,10,3,2,5,0,-1,-1,3,3,1,2021,70.0,2,2,0,1,2,1,1,,3,916,-1,,2,2,0,1,(1),(1),1,, -1,2,0,1,-1,15,4,2021,10:25,1,59,59478,2,1,1,6,Faubourg de Cassel,50.961469,2.433292,10,2,1
202100024344,158Â 161,A01,1,1,1,5,2,6,-1,0,0,-1,2021,17.0,3,1,8,0,1,1,1,,4,,0,,2,1,0,1,(1),(1),3,,3,1,0,3,80,13,8,2021,15:50,1,14,14579,1,1,0,6,Route du Monde Ancien,49.035385,-0.70202,15,1,1
202100024918,157Â 120,A01,1,1,1,5,2,-1,-1,0,0,-1,2021,36.0,1,1,0,0,1,17,1,,3,2,0,,2,2,0,1,(1),600,1,, -1,1,0,1,80,22,7,2021,18:15,3,974,97415,1,1,0,3,29 Route de Mafate,-20.973782,55.305168,18,2,2
202100048228,115Â 548,A01,1,1,2,0,1,-1,-1,-1, -1,-1,2021,20.0,2,2,1,0,2,1,1,,4,OBSERVANCE (DE L')                  (MO),0,,2,2,0,1,(1),(1),1,, -1,1,0,1,50,12,3,2021,08:00,1,69,69389,2,1,0,6,OBSERVANCE (DE L') (MO),45.766510181,4.8095915536,8,2,1
202100009462,184Â 791,A01,1,1,1,1,8,0,-1,0,0,-1,2021,60.0,1,1,9,0,1,1,5,,4,BOULEVARD JOURDAN,0,,2,8,1,1,(1),(1),1,, -1,2,-1,5,50,4,11,2021,08:45,1,75,75114,2,1,0,6,BOULEVARD JOURDAN,48.822839,2.327596,8,1,1
202100026272,154Â 737,B01,1,1,1,0,8,0,-1,-1, -1,-1,2021,26.0,1,1,0,2,1,2,5,,3,ABEL-LEBLANC (RUE),0,,2,2,1,1,8,940,1,, -1,1,0,1,50,29,7,2021,15:15,1,77,77320,2,3,0,3,D44 x D934,48.825425,3.03751,15,2,2
202100055803,102Â 119,B01,1,1,1,0,2,4,-1,-1, -1,-1,2021,29.0,1,1,0,2,0,1,5,,7,RD POINT GASCOGNE,0,,1,2,0,1,0,1028,2,, -1,1,0,1,50,8,1,2021,08:36,2,31,31149,2,1,0,2,Rond-point de Gascogne,43.60859,1.3268,8,2,2
202100014346,176Â 064,A01,10,3,2,2,0,-1,-1,3,5,2,2021,5.0,1,2,0,1,1,1,1,,4,PETITES FERMES (RUE DES),0,,2,2,0,1,0,0,1,, -1,1,0,1,30,7,10,2021,11:55,1,67,67482,2,1,0,6,PETITES FERMES (RUE DES),48.58016,7.71343,11,2,1
202100047870,116Â 193,A01,1,1,1,5,2,-1,-1,0,0,-1,2021,56.0,1,1,0,2,1,1,5,,3,14,-1,,2,2,0,1,13,480,3,, -1,1,0,1,80,16,3,2021,09:00,1,30,30036,1,3,1,3,Route de Camargue,43.765391,4.298589,9,2,2
202100048539,114Â 990,A01,1,1,1,4,1,0,-1,-1, -1,-1,2021,39.0,1,2,0,2,8,16,1,,7,RESISTANTS (RUE DES ),0,,2,2,1,1,(1),(1),1,, -1,1,0,1,50,8,3,2021,21:00,5,59,59017,2,2,0,3,RESISTANTS (RUE DES ),50.691386,2.873115,21,4,2
202100033522,141Â 853,A01,1,1,1,4,2,6,-1,-1, -1,-1,2021,36.0,1,1,2,0,1,2,1,,2,RN406.Y,0,,1,2,0,1,0,100,1,, -1,2,0,1,90,19,6,2021,20:00,1,94,94028,1,1,1,6,RN406.Y,48.7843499486,2.4401287031,20,1,1
202100022607,161Â 204,A01,10,3,1,5,8,-1,-1,3,3,1,2021,75.0,1,0,0,1,1,9,0,,4,ANATOLE FRANCE     (Rue),0,,1,1,2,1,(1),(1),1,, -1,1,0,1,50,25,8,2021,08:35,1,69,69266,2,2,0,6,ANATOLE FRANCE (R),45.76971,4.88903,8,2,1
202100022679,161Â 078,B01,2,2,2,5,1,0,-1,-1, -1,-1,2021,11.0,1,2,0,2,4,2,1,,1,10,0,,1,3,0,1,3,99,1,, -1,1,0,1,90,25,8,2021,17:15,1,91,91377,1,1,0,2,AUTOROUTE A10,48.7239,2.2981,17,3,2
202100040241,129Â 669,A01,1,1,1,9,1,5,-1,-1, -1,-1,2021,24.0,1,2,11,0,1,13,1,,3,QUATRE SEPTEMBRE (QUAI DU),0,,3,4,2,1,0,0,1,, -1,1,5,1,50,12,5,2021,00:10,5,92,92012,2,3,0,6,QUATRE SEPTEMBRE (QUAI DU),48.8527149803,2.2263729572,0,1,1
202100052884,107Â 188,B01,1,1,1,1,1,0,-1,-1, -1,-1,2021,52.0,3,2,0,2,4,23,1,,3,GANCE (BOULEVARD ABEL),0,,3,4,0,2,5,600,1,, -1,2,0,1,70,1,2,2021,07:57,2,37,37261,2,6,0,2,GANCE (BOULEVARD ABEL),47.419909517,0.7166250945,7,2,2
202100023307,159Â 955,B01,1,1,1,9,1,0,-1,0,0,-1,2021,23.0,1,2,0,2,1,1,1,,7,PLAGE BOULEVARD DE LA,0,,2,4,0,1,(1),(1),1,, -1,1,0,1,50,20,8,2021,02:50,5,6,6027,2,1,0,1,PLAGE BOULEVARD DE LA,43.65673,7.16455,2,2,2
202100009111,185Â 422,A01,1,1,2,0,1,0,-1,-1, -1,-1,2021,30.0,1,2,0,2,1,1,1,,4,ROGER SALENGRO (AVENUE),0,,2,2,0,2,0,0,1,, -1,1,0,1,50,6,11,2021,06:15,3,13,13203,2,1,0,3,ROGER SALENGRO (AVENUE),43.3155548643,5.3698672884,6,2,2
202100006244,190Â 641,A01,1,1,1,1,8,0,-1,-1, -1,-1,2021,35.0,1,1,0,1,1,25,5,,4,BRIOLLAY ROUTE,0,,2,2,0,1,1,0,1,, -1,1,0,4,30,24,11,2021,07:29,5,49,49007,2,1,0,6,BRIOLLAY ROUTE,47.49223,-0.528984,7,2,1
202100003543,195Â 412,B01,1,1,1,9,1,8,-1,-1, -1,-1,2021,68.0,3,2,0,2,8,1,1,,4,CROIZAT(RUE),0,,2,2,0,1,0,0,1,, -1,1,0,1,50,9,12,2021,15:00,1,974,97407,1,2,0,3,CROIZAT(RUE),-20.94185,55.28855,15,3,2
202100044935,121Â 407,A01,1,1,1,5,2,6,-1,-1, -1,-1,2021,47.0,2,1,0,0,7,1,1,,3,LOUIS DE FOIX (AVENUE),0,,2,2,0,1,0,550,1,, -1,1,0,1,30,5,4,2021,15:55,1,64,64102,2,1,0,7,LOUIS DE FOIX (AVENUE),43.51008,-1.46817,15,1,1
202100043587,123Â 758,A01,1,1,1,3,0,-1,-1,0,0,-1,2021,37.0,2,1,1,0,1,0,3,,3,27,0,,2,2,0,1,12,58,1,, -1,1,0,1,50,19,4,2021,14:45,1,72,72189,2,1,0,6,Rue de Mamers,48.256276,0.318944,14,1,1
202100041465,127Â 490,A01,1,1,1,5,2,-1,-1,0,0,-1,2021,20.0,3,1,0,0,4,23,1,,3,,-1,,2,2,0,1,(1),(1),1,, -1,1,0,1,50,2,5,2021,17:25,1,38,38467,2,3,0,2,43 Chemin des Champagnes,45.668885,5.365679,17,2,2
202100009315,185Â 053,A01,10,3,2,0,0,-1,-1,2,3,1,2021,28.0,1,2,0,1,2,19,1,,4,ALESIA (RUE D'),0,,-1,0,0,1,0,0,1,, -1,1,9,8,50,5,11,2021,20:00,5,93,93005,2,2,0,6,ALESIA (RUE D'),48.9254886052,2.5031772064,20,2,1
202100043904,123Â 191,A01,1,1,1,5,2,6,-1,0,0,-1,2021,49.0,2,1,0,2,4,2,1,,4,ECHANGEUR BERCY,0,,1,2,0,1,(1),(1),2,, -1,1,0,1,50,15,4,2021,15:45,1,75,75112,2,1,0,2,ECHANGEUR BERCY,48.827488,2.393555,15,2,2
202100027896,151Â 846,A01,1,1,1,5,1,8,-1,-1, -1,-1,2021,29.0,2,2,8,0,2,14,1,,3,LENINGRAD (BD DE),0,,3,4,0,1,95,1000,1,, -1,1,0,3,50,18,7,2021,07:10,1,76,76351,2,1,0,6,LENINGRAD (BD DE),49.49997,0.16845,7,1,1
202100002099,198Â 045,B01,1,1,1,5,2,6,-1,0,0,-1,2021,51.0,1,1,0,2,1,17,1,,3,99,0,,2,2,0,1,10,400,2,, -1,1,0,1,80,22,12,2021,11:00,1,13,13100,1,1,0,2,D99,43.788843,4.850761,11,4,2
202100023478,159Â 659,A01,1,1,2,0,1,-1,-1,0,0,-1,2021,27.0,1,2,0,2,1,1,1,,2,5,-1,,2,2,0,2,(1),(1),2,, -1,1,0,1,50,18,8,2021,06:45,1,972,97217,1,1,0,1,Pointe BorgnÃ¨se (Informations),14.455105,-60.903536,6,2,2
202100054276,104Â 742,A01,1,1,2,1,1,-1,-1,0,0,-1,2021,55.0,1,2,14,0,1,1,1,,3,71,-1,,2,2,0,1,9,288,1,, -1,2,0,1,80,21,1,2021,19:15,3,35,35184,1,1,1,6,RD 71,48.218963,-2.028368,19,1,1
202100015875,173Â 300,A01,1,1,1,0,2,6,-1,0,0,-1,2021,20.0,2,1,0,2,0,1,1,,2,MEZZAVIA ROUTE DE,0,,2,2,0,2,(1),(1),1,, -1,1,0,1,50,30,9,2021,14:13,1,201,201004,2,1,0,5,MEZZAVIA ROUTE DE,41.9458,8.76011,14,3,3
202100019904,166Â 053,A01,1,1,1,9,2,6,-1,0,0,-1,2021,29.0,1,1,0,0,0,21,3,,4,BOULEVARD EDGAR QUINET,0,,1,1,0,1,(1),(1),1,, -1,1,0,1,30,8,9,2021,13:00,1,75,75114,2,5,0,7,BOULEVARD EDGAR QUINET,48.841275,2.324867,13,1,1
202100003211,196Â 033,A01,1,1,1,5,2,6,-1,0,0,-1,2021,46.0,0,1,0,0,1,1,1,,4,699,0,D,2,2,0,1,(1),(1),1,, -1,1,0,1,50,13,12,2021,19:00,5,16,16199,2,1,0,2,111 Route Angouleme,45.661598,0.219725,19,2,2
202100005451,192Â 051,A01,1,1,2,1,1,-1,-1,0,0,-1,2021,21.0,1,2,0,2,1,13,1,,3,2566,0,D,2,2,0,1,3,205,1,, -1,1,0,1,80,30,11,2021,13:00,1,6,6077,1,1,0,1,rd 2566 pk 3+300,43.861989,7.347178,13,2,2
202100003728,195Â 087,A01,1,1,1,2,8,0,-1,0,0,-1,2021,18.0,2,1,0,0,0,1,5,,4,BOULEVARD SAINT JACQUES,0,,1,1,1,2,(1),(1),1,, -1,2,-1,5,30,10,12,2021,13:40,1,75,75114,2,1,0,7,BOULEVARD SAINT JACQUES,48.83265,2.337406,13,1,1
202100025796,155Â 582,A01,1,1,2,9,1,-1,-1,0,0,-1,2021,21.0,2,2,13,0,1,1,1,,3,15,-1,,2,2,0,1,83,350,4,, -1,1,0,3,80,3,8,2021,16:15,1,28,28103,1,1,0,6,D15,48.011444,1.213861,16,1,1
202100014144,176Â 406,B01,1,1,1,5,2,6,-1,-1, -1,-1,2021,15.0,1,1,0,2,2,17,1,,4,allÃ©e de l'empereur,0,,2,2,0,1,(1),(1),1,, -1,1,0,1,50,9,10,2021,17:10,1,82,82121,2,9,0,3,allÃ©e de l'empereur,44.01663,1.35665,17,2,2
202100007120,189Â 041,A01,10,3,2,0,0,-1,-1,1,5,1,2021,10.0,1,2,0,1,8,1,1,,3,MARECHAL FOCH,0,,2,2,0,2,3,703,1,, -1,1,0,1,50,18,11,2021,17:00,2,76,76447,2,1,0,6,MARECHAL FOCH,49.54041,0.18748,17,2,1
202100005624,191Â 736,A01,1,1,1,0,1,0,-1,-1, -1,-1,2021,29.0,1,1,0,2,3,6,0,,1,15,0,,3,2,0,1,4,500,1,, -1,1,0,1,90,29,11,2021,23:00,3,92,92036,1,9,0,3,AUTOROUTE A15,48.9407403854,2.2929114253,23,2,2
202100017891,169Â 643,A01,1,1,2,0,8,0,-1,-1, -1,-1,2021,14.0,0,1,0,0,0,26,5,,9,,0,,-1,1,0,1,0,0,1,, -1,1,0,1,30,16,9,2021,11:00,1,92,92064,2,1,0,7,PARC SAINT CLOUD,48.83924,2.1962,11,1,1
202100005708,191Â 601,A01,1,1,1,5,1,5,-1,0,0,-1,2021,22.0,3,2,0,2,0,0,1,,7,6,0,D,3,2,0,1,0,0,1,, -1,1,0,1,110,28,11,2021,03:00,3,13,13015,1,1,0,2,D60,43.444324,5.438291,3,2,2
202100021752,162Â 747,A01,10,3,1,5,0,-1,-1,3,3,1,2021,47.0,2,2,0,1,2,19,1,,4,ROUTE DE L'ANSE VATA,0,,2,2,0,2,0,0,1,, -1,1,9,1,50,30,8,2021,18:30,5,988,98818,2,2,0,6,ROUTE DE L'ANSE VATA/RUE BICHAT,-22.2771,166.44775,18,2,1
202100044644,121Â 922,A01,3,2,2,0,2,6,-1,-1, -1,-1,2021,49.0,1,1,0,2,1,2,1,,1,86,0,,3,6,0,1,1,350,1,, -1,1,0,1,90,9,4,2021,16:30,1,92,92050,1,1,0,4,A86,48.9101759772,2.2157239175,16,8,3
202100029365,149Â 285,A01,9,2,1,5,0,-1,-1,0,0,-1,2021,16.0,3,2,13,0,3,1,1,,3,101,-1,,2,2,0,1,2,250,1,,5,1,0,8,80,12,7,2021,21:27,2,11,11043,1,1,0,5,Le Moulin,43.228062,2.435188,21,6,1
202100048724,114Â 666,A01,1,1,1,5,2,6,-1,0,0,-1,2021,16.0,3,1,13,0,1,1,1,,3,125,0,D,2,2,0,1,25,600,3,, -1,1,0,3,80,5,3,2021,01:15,3,49,49082,1,1,0,7,Saint Charles,47.3284834785,-0.7266735576,1,1,1
202100037431,134Â 750,B01,2,2,1,5,8,8,-1,-1, -1,-1,2021,32.0,3,2,0,0,4,1,1,,4,GRANDE BRETAGNE (AV DE) DU 39AU 306,0,,2,2,0,1,(1),(1),1,, -1,1,9,1,50,30,5,2021,13:20,1,31,31555,2,1,0,6,GRANDE BRETAGNE (AV DE) DU 39AU 306,43.6034020959,1.4073550701,13,3,2
202100025945,155Â 309,A01,1,1,1,1,1,-1,-1,0,0,-1,2021,26.0,2,2,0,2,3,17,1,,3,915,-1,,2,2,0,1,34,582,1,, -1,1,0,1,80,3,8,2021,19:20,1,76,76535,1,3,0,2,chemin dÃ©partemental 915,49.627913,1.485456,19,2,2
202100048314,115Â 396,A01,1,1,1,0,8,0,-1,-1, -1,-1,2021,28.0,2,0,0,2,2,14,6,,3,131,0,,2,4,0,1,0,0,1,, -1,1,0,1,50,10,3,2021,10:35,1,92,92035,2,1,0,2,Verdun 1916 ( avenue de ),48.905215,2.234297,10,2,2
202100019824,166Â 204,B01,1,1,1,4,2,6,-1,-1, -1,-1,2021,38.0,2,1,0,2,1,3,1,,1,A4,0,,3,9,0,1,2,299,2,, -1,1,0,1,90,10,9,2021,08:05,1,94,94069,1,1,0,2,A4,48.81748,2.42397,8,2,2
202100022084,162Â 149,B01,1,1,2,0,1,-1,-1,-1, -1,-1,2021,25.0,1,2,0,2,4,20,1,,3,BISCAROSSE (AVE) DUNE VERS BISCA,0,,2,2,0,1,11,340,1,, -1,1,0,1,70,28,8,2021,16:00,1,33,33529,1,1,0,2,BISCAROSSE (AVE) DUNE VERS BISCA,44.57977,-1.2127,16,3,2
202100006841,189Â 555,A01,1,1,1,0,8,0,-1,-1, -1,-1,2021,88.0,3,1,0,2,1,5,5,,4,,0,,1,1,0,1,0,0,1,, -1,1,0,5,50,22,11,2021,15:20,1,92,92012,2,2,0,3,MARCEL LOYAU (RUE),48.84269,2.24895,15,2,2
202100028584,150Â 626,A01,1,1,1,5,2,6,-1,0,0,-1,2021,23.0,2,1,13,0,1,19,1,,3,55,0,,2,2,0,2,27,185,1,, -1,1,0,3,80,18,7,2021,19:15,1,60,60575,1,1,1,7,D55,49.2878155725,2.2233506178,19,1,1
202100043074,124Â 680,A01,10,3,2,5,8,8,-1,3,3,1,2021,25.0,2,2,0,1,3,1,1,,3,62,0,,1,1,2,1,0,0,2,, -1,1,5,1,50,22,4,2021,18:15,1,92,92046,2,6,0,6,DE STALINGRAD,48.8122344848,2.2934952378,18,2,1