Num_Acc,id_vehicule,num_veh,place,catu,sexe,trajet,secu1,secu2,secu3,locp,actp,etatp,year_acc,victim_age,senc,catv,obs,obsm,choc,manv,motor,occutc,catr,voie,v1,v2,circ,nbv,vosp,prof,pr,pr1,plan,lartpc,larrout,surf,infra,situ,vma,jour,mois,an,hrmn,lum,dep,com,agg_,int,atm,col,adr,lat,long,hour,nb_victim,nb_vehicules
202100020630,164Â 750,A01,7,2,1,5,8,-1,-1,0,0,-1,2021,29.0,2,2,0,2,1,14,1,,3,116,0,,2,2,0,1,7,200,1,, -1,1,0,1,80,7,9,2021,17:45,1,58,58115,1,9,0,2,D 116,46.827998,3.336995,17,4,2
202100044790,121Â 651,A01,1,1,2,3,1,-1,-1,-1, -1,-1,2021,24.0,2,2,0,2,1,2,1,,7,YVES FARGE (RN 7)                   (BD),0,,2,2,0,1,62,800,1,, -1,1,0,1,50,7,4,2021,12:15,1,69,69259,2,2,0,2,YVES FARGE (BD),45.6954016647,4.8591274023,12,3,2
202100004622,193Â 503,A01,1,1,2,0,1,8,-1,-1, -1,-1,2021,20.0,1,2,4,0,1,1,1,,1,BRETELLE A10/RN20,0,,1,1,0,1,1,399,1,, -1,2,0,1,70,5,12,2021,17:10,3,91,91377,1,1,1,7,BRETELLE A10/RN20,48.716535,2.29102,17,1,1
202100055968,101Â 846,A01,1,1,1,5,2,8,-1,-1, -1,-1,2021,28.0,1,1,0,0,2,1,1,,3,PETIT ANTOINE (RUE),0,,2,2,0,2,1,0,1,, -1,2,0,1,30,6,1,2021,23:47,5,92,92032,2,1,1,7,PETIT ANTOINE (RUE),48.7902,2.28873,23,1,1
202100013163,178Â 219,A01,1,1,1,9,8,-1,-1,0,0,-1,2021,38.0,1,2,14,0,1,6,1,,3,9,0,,2,2,0,1,11,800,1,, -1,1,5,1,-1,14,10,2021,23:00,4,50,50185,1,6,0,7,D9,48.851098,-1.233966,23,1,1
202100038524,132Â 780,B01,1,1,2,5,1,0,-1,0,0,-1,2021,25.0,2,2,0,2,8,1,1,,4,PORTE D AUBERVILLIERS,0,,1,4,0,1,24,200,1,, -1,1,0,1,70,23,5,2021,21:45,4,75,75119,2,1,0,3,PORTE D AUBERVILLIERS,48.900479,2.37528,21,4,2
202100046550,118Â 570,B01,1,1,2,0,1,0,-1,-1, -1,-1,2021,27.0,1,2,0,2,4,2,1,,1,A51-Sens Aix en Provence vers Marseille,0,,-1,2,0,1,3,194,1,, -1,1,0,1,70,24,3,2021,19:00,1,13,13019,1,1,0,5,A51-Sens Aix en Provence vers Marseille,43.42058,5.368478,19,3,3
202100015941,173Â 170,A01,1,1,1,2,2,6,-1,0,0,-1,2021,52.0,2,1,0,2,1,2,1,,4,BOULEVARD SAINT GERMAIN,0,,1,3,0,1,(1),(1),1,, -1,2,0,1,30,29,9,2021,13:20,1,75,75105,2,2,1,2,BOULEVARD SAINT GERMAIN,48.8495034053,2.3528393849,13,3,2
202100031834,144Â 851,B01,1,1,2,-1,0,-1,-1,-1, -1,-1,2021,24.0,2,2,0,2,0,19,-1,,4,,-1,,2,-1,-1,1,(1),(1),1,, -1,1,0,1,-1,10,6,2021,21:40,2,84,84007,2,1,0,3,C.De GAULLE (Rocade),43.92885,4.81276,21,2,2
202100011716,180Â 787,A01,1,1,2,5,2,-1,-1,0,0,-1,2021,59.0,2,1,0,0,0,1,5,,3,808,0,D,2,2,0,2,7,400,1,, -1,1,0,3,90,23,10,2021,17:30,1,48,48072,1,1,0,7,D808,44.504249,3.340402,17,1,1
202100038084,133Â 587,A01,1,1,1,5,8,-1,-1,0,0,-1,2021,42.0,2,2,13,0,1,1,1,,3,108,-1,D,2,2,0,1,4,900,2,, -1,1,0,3,80,27,5,2021,22:30,3,47,47251,1,4,0,6,D108,44.294156,0.248383,22,1,1
202100008602,186Â 361,A01,10,3,1,5,0,-1,-1,4,5,2,2021,11.0,1,2,0,1,3,1,1,,4,AVENUE LEDRU ROLLIN,0,,2,2,0,1,(1),(1),1,, -1,1,0,1,30,10,11,2021,20:50,5,75,75111,2,2,0,6,AVENUE LEDRU ROLLIN,48.853277,2.377297,20,2,1
202100013945,176Â 775,A01,1,1,1,9,0,-1,-1,0,0,-1,2021,21.0,2,2,2,0,1,26,1,,3,79,0,D,2,2,1,1,2,800,1,, -1,1,0,3,80,11,10,2021,03:00,3,40,40310,1,9,0,1,D79,43.748824,-1.402366,3,1,1
202100006259,190Â 608,C01,2,2,2,2,1,-1,-1,-1, -1,-1,2021,22.0,1,2,0,0,4,1,1,,3,PONT L'ABBE ROUTE DE,0,,3,4,0,1,0,0,1,, -1,1,0,1,90,25,11,2021,08:00,1,29,29232,1,1,0,4,D785 - Route de Pont lâAbbe,47.97773,-4.13121,8,5,4
202100024637,157Â 621,A01,1,1,1,0,2,0,-1,-1, -1,-1,2021,33.0,2,1,0,2,8,1,1,,3,PAUL VAILLANT COUTURIER (AV),0,,2,2,0,1,0,0,1,, -1,1,0,1,50,10,8,2021,19:00,1,94,94076,2,3,0,3,PAUL VAILLANT COUTURIER (AV),48.79447,2.35858,19,2,2
202100007196,188Â 892,B01,1,1,1,1,1,0,-1,-1, -1,-1,2021,50.0,1,2,0,2,2,2,6,,4,PAUL MARCELLIN                      (AV),0,,3,2,2,1,(1),(1),1,, -1,1,0,1,50,9,11,2021,17:25,5,69,69256,2,3,0,3,PAUL MARCELLIN (AV),45.77505,4.93202,17,2,2
202100002327,197Â 631,A01,1,1,2,0,1,7,-1,0,0,-1,2021,19.0,2,2,0,2,2,1,1,,2,10,0,,3,0,0,1,38,0,1,,0,1,0,1,90,18,12,2021,23:30,3,78,78601,1,1,0,2,N10,48.617194,1.831348,23,3,2
202100049421,113Â 423,A01,1,1,1,5,8,0,-1,-1, -1,-1,2021,15.0,1,1,0,2,8,1,5,,4,MARECHAL LECLERC (R DU),0,,2,2,0,1,0,375,1,, -1,1,0,4,50,3,3,2021,16:45,1,94,94069,2,1,0,1,MARECHAL LECLERC (R DU),48.817896,2.443544,16,2,2
202100002628,197Â 083,A01,1,1,1,1,1,5,-1,-1, -1,-1,2021,30.0,2,2,0,2,3,15,1,,4,SAINT MENET (MONTEE),0,,2,2,0,2,1,0,1,, -1,1,0,1,50,16,12,2021,11:50,1,13,13211,2,9,0,3,SAINT MENET (MONTEE),43.294524733,5.491107597,11,2,2
202100025654,155Â 825,A01,8,2,2,9,1,-1,-1,0,0,-1,2021,50.0,2,5,0,2,1,2,1,,1,7,-1,,3,5,0,1,126,651,1,, -1,1,0,1,130,5,8,2021,10:35,1,26,26169,1,1,0,5,Autoroute du Soleil,44.463611,4.761124,10,8,3
202100030004,148Â 163,A01,10,3,2,0,0,-1,-1,3,3,1,2021,26.0,2,2,0,1,1,1,1,,3,CASSIN(AVENUE RENE),0,,2,2,0,1,12,300,1,, -1,1,5,1,50,8,7,2021,15:15,1,4,4112,2,1,0,6,RD 6,43.82257,5.79146,15,2,1
202100055718,102Â 268,A01,2,2,1,5,0,-1,-1,0,0,-1,2021,30.0,3,2,13,0,1,14,1,,4,26,0,A,2,2,0,1,1,100,3,, -1,1,0,3,90,10,1,2021,16:45,1,988,98829,1,1,0,6,RM2,-21.61746,166.25482,16,2,1
202100022163,162Â 027,A01,10,3,1,0,0,-1,-1,2,5,1,2021,34.0,3,2,0,1,1,1,1,,3,266,0,,2,2,0,1,(1),(1),1,, -1,1,0,1,30,28,8,2021,07:10,1,50,50401,2,1,0,6,21 Route de Saint Marcouf,49.473382,-1.78271,7,2,1
202100032654,143Â 399,A01,1,1,1,0,2,6,-1,-1, -1,-1,2021,49.0,1,1,0,2,4,2,1,,4,CLEMENCEAU GEORGES ( BD) NÂ° PAIRS,0,,3,6,0,1,0,0,1,, -1,1,0,1,50,22,6,2021,17:40,1,72,72181,2,1,0,2,CLEMENCEAU GEORGES ( BD) NÂ° PAIRS,47.9807,0.217,17,2,2
202100039935,130Â 203,A01,1,1,1,3,1,0,-1,-1, -1,-1,2021,90.0,1,2,15,0,1,0,1,,3,AVENUE DE FRANCE,0,,-1,2,1,1,0,262,2,, -1,1,2,4,50,12,5,2021,17:04,1,57,57283,2,1,0,6,Avenue de France,49.2511745901,6.1663482237,17,1,1
202100004563,193Â 620,A01,1,1,1,5,2,0,-1,-1, -1,-1,2021,72.0,1,1,14,0,1,13,1,,3,2,0,,2,2,0,1,0,0,1,, -1,2,9,1,30,5,12,2021,19:00,5,92,92023,2,1,1,7,HENRI BARBUSSE (AVENUE),48.8157645997,2.2550028563,19,1,1
202100006273,190Â 580,A01,1,1,1,5,1,0,-1,-1, -1,-1,2021,35.0,2,2,0,2,1,2,1,,2,ROUTE NATIONALE 20,0,,1,2,0,1,20,649,1,, -1,2,0,1,90,25,11,2021,20:10,3,9,9225,1,1,1,2,ROUTE NATIONALE 20,43.108913,1.631874,20,2,2
202100039654,130Â 712,A01,1,1,1,0,2,6,-1,0,0,-1,2021,33.0,2,1,0,2,1,2,1,,1,10,0,,3,4,0,1,300,500,1,, -1,1,0,1,130,17,5,2021,14:59,1,86,86158,1,1,0,2,A10 PK 300.500,46.630998,0.35172,14,2,2
202100001205,199Â 618,A01,1,1,2,5,8,0,-1,0,0,-1,2021,22.0,2,1,0,2,1,2,3,,4,RUE DES ORTEAUX,0,,1,1,0,2,(1),(1),1,, -1,2,0,1,30,27,12,2021,19:00,5,75,75120,2,2,1,2,RUE DES ORTEAUX,48.856133,2.405505,19,2,2
202100051502,109Â 640,A01,1,1,1,5,2,0,-1,-1, -1,-1,2021,69.0,2,1,0,2,1,2,3,,4,UNGER (RUE EDOUARD),0,,2,2,3,1,0,0,1,, -1,1,0,1,50,14,2,2021,21:50,5,988,98818,2,1,0,6,UNGER (RUE EDOUARD),-22.26302,166.4444,21,2,2
202100056330,101Â 211,A01,1,1,2,5,1,-1,-1,-1, -1,-1,2021,21.0,2,2,4,0,9,26,1,,4,,0,,2,6,0,2,(1),(1),3,, -1,2,0,1,50,1,1,2021,08:40,1,69,69389,2,6,1,6,BOURGOGNE (DE)                      (R ),45.78156,4.80027,8,1,1
202100031264,145Â 859,A01,1,1,2,5,0,-1,-1,0,0,-1,2021,52.0,1,2,0,2,3,16,1,,3,402,-1,,2,2,0,1,56,774,1,, -1,1,0,1,80,3,7,2021,15:30,1,77,77238,1,2,0,5,D402,48.868773,3.091793,15,4,3
202100020673,164Â 681,A01,1,1,1,5,2,4,-1,-1, -1,-1,2021,48.0,2,1,15,0,8,1,1,,4,MORNE PITAULT (ROUTE DE),0,,2,2,0,2,3,0,3,, -1,9,0,1,50,5,9,2021,19:00,2,972,97213,1,1,0,7,MORNE PITAULT (ROUTE DE),14.61183,-60.9619,19,1,1
202100015282,174Â 398,A01,1,1,1,0,1,-1,-1,0,0,-1,2021,19.0,1,2,3,0,1,0,1,,1,8,0,,3,4,0,1,186,0,2,, -1,1,0,2,90,30,9,2021,06:40,2,6,6088,1,1,0,6,"A8, chaussÃ©e sud, pk 186.000,",43.670541,7.201452,6,1,1
202100018960,167Â 751,A01,1,1,1,0,8,-1,-1,-1, -1,-1,2021,46.0,0,1,0,2,3,1,5,,4,RUE DE LA FAIENCERIE,0,,2,2,3,1,(1),(1),3,, -1,1,0,4,20,14,9,2021,15:50,1,33,33063,2,1,0,3,Rue de la Faiencerie,44.86039,-0.55568,15,2,2
202100036617,136Â 255,B01,1,1,1,1,2,6,-1,-1, -1,-1,2021,29.0,2,1,0,2,1,1,1,,4,RTE DU MEDOC,0,,2,4,2,1,(1),(1),1,, -1,1,5,1,50,3,6,2021,08:50,1,33,33069,2,2,0,3,Route du MÃ©doc,44.87426,-0.61863,8,2,2
202100044851,121Â 548,A01,10,3,1,0,0,-1,-1,3,3,1,2021,27.0,2,2,0,1,2,1,1,,3,REPUBLIQUE (AVE DE LA ) => NO 41/50,0,,2,2,0,1,0,1,1,, -1,1,0,1,50,7,4,2021,18:00,1,93,93001,2,1,0,6,REPUBLIQUE (AVE DE LA ) => NO 41/50,48.90429,2.39137,18,2,1
202100053661,105Â 817,A01,1,1,1,4,1,-1,-1,0,0,-1,2021,30.0,2,2,0,2,3,13,1,,3,981,0,,2,2,0,1,24,100,1,, -1,2,0,1,70,27,1,2021,11:50,1,58,58118,1,1,1,1,Les Cours Garnet,46.823046,3.704624,11,2,2
202100009778,184Â 217,A01,1,1,1,0,2,-1,-1,-1, -1,-1,2021,21.0,2,1,0,2,1,1,5,,4,CRS PASTEUR,0,,1,3,0,1,(1),(1),1,, -1,2,0,1,50,2,11,2021,17:50,1,33,33063,2,1,1,2,Cours Pasteur,44.83431,-0.57469,17,2,2
202100012633,179Â 132,A01,1,1,2,5,1,-1,-1,-1, -1,-1,2021,26.0,1,2,0,2,3,13,1,,7,RD46,0,,2,2,0,1,0,626,1,, -1,1,0,1,80,15,10,2021,17:00,1,83,83137,1,1,0,1,RD46,43.131831,5.918982,17,4,2
202100032206,144Â 194,A01,7,2,1,5,1,-1,-1,0,0,-1,2021,22.0,1,2,6,0,2,14,1,,3,115,-1,,2,2,0,1,57,250,2,, -1,1,0,3,50,25,6,2021,00:40,5,33,33165,2,1,0,6,Avenue de Lignan,44.81819,-0.447401,0,3,1
202100021029,164Â 073,B01,1,1,1,5,2,6,-1,-1, -1,-1,2021,27.0,2,1,0,2,8,1,1,,3,BASQUE (AVENUE DU GRAND),0,,2,5,0,1,5,325,1,, -1,1,0,1,50,1,9,2021,13:40,1,64,64102,2,1,0,3,BASQUE (AVENUE DU GRAND),43.48827,-1.45982,13,2,2
202100055971,101Â 841,A01,10,3,1,2,0,-1,-1,5,9,3,2021,15.0,2,2,0,1,1,1,1,,3,956,0,,2,2,0,2,8,0,2,, -1,7,0,4,50,8,1,2021,08:00,2,57,57365,2,1,0,6,D956,49.397349,6.433702,8,5,1
202100001893,198Â 413,A01,1,1,2,0,2,6,-1,-1, -1,-1,2021,26.0,2,1,2,0,3,26,1,,4,SAINT LOUP (BOULEVARD DE),0,,2,2,0,1,0,0,3,, -1,1,6,1,50,21,12,2021,23:15,5,13,13211,2,1,0,7,SAINT LOUP (BOULEVARD DE),43.2834999457,5.434166806,23,1,1
202100045841,119Â 814,A01,1,1,1,1,2,6,-1,0,0,-1,2021,20.0,2,1,0,5,1,1,1,,3,153,-1,,2,2,0,1,0,500,1,, -1,1,0,1,80,1,4,2021,06:45,2,32,32305,1,1,0,6,Avenue du Catalan,43.820101,-0.08748,6,1,1
202100039310,131Â 332,A01,1,1,1,5,2,8,-1,-1, -1,-1,2021,62.0,3,1,8,0,1,0,5,,4,GROSS-UMSTADT (AVENUE DE),0,,2,2,0,1,(1),(1),1,, -1,1,0,1,50,19,5,2021,16:50,1,7,7281,2,1,0,7,GROSS-UMSTADT (AVENUE DE),44.94502,4.85559,16,1,1
202100037842,134Â 016,A01,1,1,1,9,8,0,-1,0,0,-1,2021,25.0,2,1,0,2,7,19,3,,4,BOULEVARD HAUSSMANN,0,,1,3,0,1,(1),(1),1,, -1,1,0,1,50,28,5,2021,02:40,5,75,75109,2,4,0,3,BOULEVARD HAUSSMANN,48.872594,2.335836,2,2,2
202100027590,152Â 408,A01,1,1,1,0,2,0,-1,-1, -1,-1,2021,23.0,0,1,0,2,4,0,1,,4,21,0,,2,2,0,1,0,0,1,, -1,1,0,1,50,22,7,2021,21:30,2,92,92062,2,1,0,2,REPUBLIQUE (RUE DE LA) NÂ° 100 A 14,48.886505226,2.2444224896,21,2,2
202100047616,116Â 641,A01,10,3,1,5,0,-1,-1,3,3,2,2021,14.0,1,2,0,1,2,1,1,,3,BELLE ETOILE,0,,2,0,0,2,0,908,3,, -1,1,0,1,50,10,3,2021,14:30,1,76,76447,1,6,0,6,PRESIDENT WILSON,49.5348695336,0.1786079783,14,3,1
202100037446,134Â 725,B01,1,1,2,5,8,0,-1,0,0,-1,2021,21.0,3,1,0,2,8,19,3,,4,PONT D IENA,0,,2,8,1,1,(1),(1),1,, -1,1,2,1,50,30,5,2021,12:30,1,75,75116,2,7,0,3,PONT D IENA,48.860389,2.291258,12,2,2
202100029560,148Â 952,B01,1,1,1,9,2,6,-1,-1, -1,-1,2021,52.0,1,1,0,2,1,2,1,,1,A4,0,,3,3,0,1,14,500,1,, -1,1,0,1,110,8,7,2021,23:40,4,93,93051,1,1,0,6,A4,48.8352965341,2.5718894005,23,2,2
202100045638,120Â 160,B01,1,1,2,3,8,0,-1,0,0,-1,2021,42.0,2,1,0,2,8,23,5,,4,RUE MARBEUF,0,,1,2,0,1,(1),(1),1,, -1,1,0,1,50,1,4,2021,14:05,1,75,75108,2,2,0,2,RUE MARBEUF,48.870112,2.306578,14,2,2
202100000858,200Â 202,B01,1,1,2,0,8,-1,-1,-1, -1,-1,2021,28.0,1,1,0,2,1,2,3,,3,PAIX (BOULEVARD DE LA),0,,2,3,1,2,18,300,1,, -1,1,5,1,50,30,12,2021,23:10,5,51,51454,2,6,0,3,Place Aristide Briand,49.2571493094,4.039375931,23,2,2
202100024766,157Â 382,B01,1,1,1,5,2,6,-1,0,0,-1,2021,23.0,2,1,0,2,2,1,1,,4,PLACE DE L ALMA,0,,2,6,0,1,(1),(1),1,, -1,1,5,1,50,8,8,2021,11:11,1,75,75108,2,7,0,3,PLACE DE L ALMA,48.864728,2.301652,11,2,2
202100002869,196Â 648,B01,1,1,2,0,1,-1,-1,0,0,-1,2021,34.0,0,2,0,2,1,1,1,,3,1314,-1,,2,2,0,1,7,534,3,, -1,2,0,1,80,17,12,2021,16:45,2,76,76432,1,1,0,1,Route de Neufchatel - D1314,49.668905,1.510792,16,2,2
202100015543,173Â 899,B01,1,1,1,5,2,6,-1,-1, -1,-1,2021,24.0,2,1,0,2,1,1,1,,4,BARTHES (RUE DES),0,,2,2,0,1,0,0,1,, -1,2,0,1,30,29,9,2021,21:50,5,64,64024,2,3,1,3,BARTHES (RUE DES),43.4834424046,-1.5110587707,21,3,2
202100039933,130Â 206,B01,1,1,2,3,2,6,-1,-1, -1,-1,2021,35.0,1,1,0,2,7,1,5,,3,C. JUCHAT (CARREFOUR),0,,1,2,0,1,(1),(1),1,, -1,1,5,1,30,14,5,2021,12:00,1,60,60159,2,6,0,3,carrefour Juchat,49.41963,2.82034,12,2,2
202100051986,108Â 784,A01,10,3,2,0,0,-1,-1,1,3,1,2021,64.0,1,2,0,1,1,26,1,,4,TOUSSAINT LOUVERTURE (rue),0,,2,2,0,1,(1),(1),1,, -1,1,9,1,50,9,2,2021,18:00,2,973,97302,2,1,0,6,TOUSSAINT LOUVERTURE (rue),4.9259519963,-52.3063158989,18,2,1
202100026238,154Â 800,A01,2,2,2,5,8,-1,-1,0,0,-1,2021,20.0,2,2,0,0,1,1,1,,3,149,-1,,2,2,0,1,6,0,1,, -1,1,0,3,80,1,8,2021,04:43,3,60,60328,1,1,0,6,D149,49.507866188,2.0878443717,4,2,1
202100029326,149Â 343,B01,3,2,1,5,3,0,-1,0,0,-1,2021,0.0,2,2,0,2,6,23,1,,4,AVENUE COURTELINE,0,,3,2,0,1,(1),(1),1,, -1,2,0,1,50,12,7,2021,12:10,1,75,75112,2,2,0,2,AVENUE COURTELINE,48.844004,2.413836,12,3,2
202100010593,182Â 795,A01,1,1,1,0,2,6,-1,-1, -1,-1,2021,32.0,0,1,0,2,1,26,0,,3,9,0,,1,3,0,1,0,0,1,, -1,1,0,1,50,28,10,2021,13:46,1,92,92044,2,1,0,2,ANA.FRANCE(RUE)77A139 ET 74A124,48.8964999624,2.2810417414,13,2,2
202100052706,107Â 520,A01,10,3,2,1,8,8,-1,4,3,1,2021,24.0,1,2,0,1,3,15,1,,4,,0,,1,2,0,1,0,0,1,, -1,2,0,1,50,3,2,2021,08:05,5,92,92044,2,2,1,6,PDT WILSON(RUE)107A131 ET 110A130,48.89642,2.28656,8,2,1
202100005772,191Â 476,A01,1,1,1,5,1,0,-1,0,0,-1,2021,41.0,1,2,0,2,4,2,1,,4,PORTE D IVRY,0,,1,4,0,1,1,800,1,, -1,2,0,1,70,27,11,2021,12:55,1,75,75113,2,1,1,2,PORTE D IVRY,48.818397,2.369347,12,2,2
202100035597,138Â 090,A01,1,1,1,5,2,-1,-1,0,0,-1,2021,68.0,1,1,0,5,0,1,5,,3,75,0,D,2,2,0,2,11,225,3,, -1,1,0,1,50,9,6,2021,10:45,1,51,51582,2,1,0,7,Grande Rue Saint Nicolas,49.2978240716,3.8950003128,10,2,1
202100001295,199Â 449,A01,1,1,1,9,2,6,-1,0,0,-1,2021,29.0,2,1,0,2,4,10,1,,4,PLACE LEON BLUM,0,,1,3,0,1,(1),(1),2,, -1,2,0,1,30,26,12,2021,20:40,5,75,75111,2,7,1,2,PLACE LEON BLUM,48.85797,2.380366,20,2,2
202100048159,115Â 665,B01,2,2,2,9,1,0,-1,-1, -1,-1,2021,29.0,-1,2,0,2,1,1,2,,3,JAURES RUE JEAN,0,,2,2,0,1,1,1,1,, -1,1,0,1,50,13,3,2021,16:00,1,93,93015,2,1,0,3,JAURES RUE JEAN,48.915592519,2.5786896526,16,4,2
202100042291,126Â 031,B01,1,1,1,5,2,6,-1,-1, -1,-1,2021,43.0,1,1,0,2,1,1,1,,3,BROSSET (BD GENERAL),0,,1,1,1,1,26,950,1,, -1,1,0,1,30,27,4,2021,13:40,1,83,83137,2,1,0,3,BROSSET (BD GENERAL),43.12817,5.90644,13,2,2
202100022988,160Â 538,A01,1,1,1,5,0,-1,-1,0,0,-1,2021,19.0,1,1,0,2,1,2,5,,3,83,-1,,2,2,0,1,(1),(1),1,, -1,1,0,1,50,23,8,2021,03:15,5,14,14384,2,1,0,2,D83,49.30727,-0.359384,3,2,2
202100019951,165Â 972,A01,1,1,1,1,2,-1,-1,0,0,-1,2021,27.0,1,1,0,2,1,1,1,,3,1203,-1,,2,2,0,1,6,995,1,,5,2,0,1,80,10,9,2021,12:30,1,74,74062,1,3,1,3,rte d'annecy,45.982795,6.165422,12,2,2
202100032897,142Â 958,B01,1,1,1,1,2,6,-1,0,0,-1,2021,46.0,1,1,0,2,2,3,1,,4,BOULEVARD PERIPHERIQUE,0,,1,4,0,1,18,900,1,, -1,1,2,1,70,21,6,2021,17:15,1,75,75117,2,1,0,3,BOULEVARD PERIPHERIQUE,48.894393,2.305535,17,2,2
202100017551,170Â 253,B01,8,2,1,9,1,-1,-1,0,0,-1,2021,17.0,2,2,0,2,1,1,1,,3,934,-1,,2,2,0,1,6,300,2,, -1,1,0,1,80,23,9,2021,10:45,1,2,2671,1,1,0,3,Route dÃ©partementale 934,49.512183,3.20466,10,6,2
202100039844,130Â 360,B01,5,2,1,9,1,0,-1,0,0,-1,2021,22.0,2,2,0,2,6,1,1,,4,BOULEVARD HAUSSMANN,0,,1,3,0,1,(1),(1),1,, -1,2,0,1,50,14,5,2021,18:17,1,75,75109,2,5,1,3,BOULEVARD HAUSSMANN,48.873788,2.326904,18,7,2
202100014384,176Â 000,A01,10,3,2,3,0,-1,-1,1,1,1,2021,89.0,1,5,0,1,4,4,3,,4,,0,,2,1,0,1,(1),(1),1,, -1,1,6,6,30,8,10,2021,09:45,1,26,26362,2,3,0,6,49 Rue Madier de Montjau,44.932674,4.893894,9,2,1
202100032753,143Â 227,A01,1,1,1,9,8,-1,-1,0,0,-1,2021,86.0,2,2,1,0,1,1,1,,3,122,0,,2,2,0,1,43,300,1,, -1,1,0,1,50,20,6,2021,14:55,1,41,41161,2,1,0,6,Rue de la Grande Sologne,47.53525,2.043341,14,1,1
202100054250,104Â 785,A01,1,1,1,1,2,8,-1,0,0,-1,2021,27.0,2,1,0,2,1,18,1,,4,BOULEVARD BEAUMARCHAIS,0,,2,4,3,1,(1),(1),1,, -1,2,0,1,50,21,1,2021,16:10,1,75,75103,2,2,1,3,BOULEVARD BEAUMARCHAIS,48.860105,2.367464,16,2,2
202100027865,151Â 905,A01,1,1,2,5,1,-1,-1,-1, -1,-1,2021,37.0,1,2,0,2,1,1,1,,1,ROCADE A 630,0,,3,6,0,1,31,200,1,, -1,1,0,1,90,20,7,2021,21:15,2,33,33550,1,1,0,3,ROCADE A 630,44.777999,-0.556732,21,3,2
202100004123,194Â 371,A01,1,1,2,5,8,0,-1,0,0,-1,2021,15.0,1,1,0,2,2,1,5,,4,BOULEVARD SAINT GERMAIN,0,,2,4,3,1,(1),(1),1,, -1,1,0,6,30,8,12,2021,12:50,1,75,75107,2,2,0,3,BOULEVARD SAINT GERMAIN,48.858502,2.323115,12,2,2
202100039721,130Â 580,A01,1,1,2,9,2,0,-1,0,0,-1,2021,22.0,1,1,0,0,1,1,3,,4,RUE DE RIVOLI,0,,2,4,0,1,(1),(1),1,, -1,2,0,1,50,16,5,2021,18:40,1,75,75101,2,2,1,7,RUE DE RIVOLI,48.860901,2.340839,18,1,1
202100039968,130Â 147,A01,1,1,1,5,0,0,-1,-1, -1,-1,2021,38.0,2,1,0,0,0,26,1,,4,R DES MAHONIAS,0,,2,2,0,1,1,0,1,, -1,3,0,1,50,14,5,2021,17:45,1,94,94075,2,1,0,7,Rue des Mahonias,48.72508,2.53678,17,1,1
202100028501,150Â 768,B01,4,2,2,5,1,0,-1,0,0,-1,2021,12.0,3,2,0,2,1,1,1,,4,PLACE DE LA CONCORDE,0,,1,4,0,1,(1),(1),1,, -1,1,0,1,50,17,7,2021,15:55,1,75,75108,2,7,0,3,PLACE DE LA CONCORDE,48.865857,2.319933,15,5,2
202100047500,116Â 856,A01,10,3,1,5,0,-1,-1,2,3,1,2021,68.0,3,2,0,1,1,1,1,,4,MOULINS (QUAI DES),0,,2,2,0,1,(1),(1),1,, -1,1,0,1,30,8,2,2021,18:15,2,34,34301,2,1,0,6,MOULINS (QUAI DES),43.410026,3.70599,18,2,1
202100002684,196Â 977,B01,2,2,1,0,8,-1,-1,0,0,-1,2021,52.0,2,2,0,2,3,1,1,,3,29,0,,2,2,0,1,12,500,3,, -1,1,0,1,80,17,12,2021,11:10,1,72,72041,1,1,0,1,RD29,48.081335,0.630072,11,3,2
202100011849,180Â 541,A01,10,3,2,9,0,-1,-1,3,3,1,2021,47.0,1,1,0,1,1,1,5,,4,RUE DE VAUGIRARD,0,,1,3,1,1,(1),(1),1,, -1,2,-1,5,30,21,10,2021,18:25,1,75,75115,2,4,0,6,RUE DE VAUGIRARD,48.833903,2.290131,18,2,1
202100045403,120Â 576,B01,1,1,2,1,1,-1,-1,-1, -1,-1,2021,48.0,3,2,0,2,7,1,1,,4,DONNART MATHIEU (DE 1 A 59 ET 2 A 40),0,,2,2,0,1,(1),(1),1,, -1,1,0,1,50,1,4,2021,12:30,1,29,29019,2,1,0,3,Rue Mathieu Donnart,48.3996,-4.48577,12,2,2
202100008092,187Â 270,A01,1,1,1,5,2,6,-1,0,0,-1,2021,17.0,1,1,0,0,0,1,1,,3,16,-1,,2,2,0,1,19,200,1,, -1,1,9,1,50,10,11,2021,14:50,1,4,4088,2,1,0,7,RD 16 (Av Claude Delorme),43.961978,5.784978,14,1,1
202100051002,110Â 506,B01,2,2,1,5,2,-1,-1,0,0,-1,2021,16.0,3,1,0,2,6,5,1,,4,,-1,,2,2,0,1,(1),(1),1,, -1,1,0,1,50,19,2,2021,15:50,1,62,62801,2,1,0,6,8 Rue Raoul Briquet,50.391579,2.742957,15,3,2
202100014657,175Â 515,A01,10,3,1,9,0,-1,-1,0,0,-1,2021,57.0,0,2,0,1,3,16,0,,3,GALLIENI (AV.) DE 1 A 109,0,,1,3,0,1,1,0,1,, -1,1,9,1,50,7,10,2021,10:15,1,93,93010,2,1,0,7,GALLIENI (AV.) DE 1 A 109,48.905853,2.479034,10,2,1