Num_Acc,id_vehicule,num_veh,place,catu,sexe,trajet,secu1,secu2,secu3,locp,actp,etatp,year_acc,victim_age,senc,catv,obs,obsm,choc,manv,motor,occutc,catr,voie,v1,v2,circ,nbv,vosp,prof,pr,pr1,plan,lartpc,larrout,surf,infra,situ,vma,jour,mois,an,hrmn,lum,dep,com,agg_,int,atm,col,adr,lat,long,hour,nb_victim,nb_vehicules
202100038422,132Â 964,A01,1,1,1,3,2,6,-1,-1, -1,-1,2021,51.0,1,1,0,2,3,1,1,,3,19,0,,1,2,1,1,0,0,1,, -1,1,0,5,50,25,5,2021,17:03,1,92,92024,2,3,0,3,MARTRE (RUE) DE (1 A 41),48.89914,2.30969,17,2,2
202100050243,111Â 906,A01,10,3,2,5,0,-1,-1,3,3,1,2021,90.0,2,5,0,1,2,16,1,,4,BRETAGNE ( RUE DE ),0,,2,2,0,1,0,0,1,, -1,2,0,1,50,21,1,2021,15:00,1,92,92004,2,3,0,6,BRETAGNE ( RUE DE ),48.9053537495,2.2826985269,15,2,1
202100035870,137Â 567,C01,1,1,1,5,2,8,-1,-1, -1,-1,2021,41.0,1,1,0,2,4,2,5,,2,ROUTE NATIONALE 1,0,,-1,2,0,3,10,0,1,, -1,1,0,1,70,6,6,2021,08:30,1,972,97213,1,1,0,5,ROUTE NATIONALE 1,14.64978,-60.9749,8,4,4
202100003752,195Â 050,A01,10,3,1,5,0,-1,-1,2,3,2,2021,54.0,3,1,0,1,8,16,1,,3,BOURNARD (RUE DU),0,,2,2,3,1,0,0,1,, -1,1,6,1,30,9,12,2021,18:20,5,92,92025,2,3,0,6,JULIEN GALLE (RUE),48.9233281689,2.2583824396,18,3,1
202100010236,183Â 416,A01,1,1,1,5,1,-1,-1,0,0,-1,2021,34.0,2,2,8,0,0,1,1,,3,126,-1,,2,2,0,2,7,0,1,, -1,2,0,1,80,31,10,2021,10:50,1,60,60241,1,1,0,7,Route DÃ©partementale 126,49.126522,2.635946,10,6,1
202100012643,179Â 114,A01,1,1,2,3,1,-1,-1,-1, -1,-1,2021,68.0,3,2,1,0,3,20,2,,3,FRANS ROUTE DE,0,,-1,0,0,1,0,1,1,, -1,1,0,8,50,16,10,2021,13:00,1,69,69264,2,1,0,6,D306,45.9821322528,4.7415447235,13,1,1
202100006066,190Â 959,A01,10,3,2,5,8,-1,-1,2,3,2,2021,27.0,3,2,0,1,1,1,1,,3,D916,-1,A,2,2,0,1,6,800,1,, -1,2,0,1,50,27,11,2021,19:30,5,60,60524,2,1,1,6,Avenue Jean Jaures,49.323706,2.442146,19,2,1
202100029302,149Â 386,A01,1,1,2,0,1,-1,-1,-1, -1,-1,2021,21.0,1,2,0,2,1,1,1,,4,FREVILLE (AVENUE HENRI),0,,3,4,2,1,(1),(1),1,, -1,1,5,1,50,12,7,2021,14:50,1,35,35238,2,2,0,3,FREVILLE (AVENUE HENRI),48.09209,-1.67484,14,2,2
202100047006,117Â 754,A01,1,1,1,4,1,0,-1,-1, -1,-1,2021,30.0,1,4,0,0,9,1,1,,1,BDL,0,,3,4,0,2,0,379,2,, -1,1,2,1,50,23,3,2021,16:00,1,93,93027,1,1,0,7,BDL,48.92696,2.40339,16,1,1
202100050655,111Â 141,A01,1,1,1,1,1,0,-1,-1, -1,-1,2021,39.0,2,2,6,0,1,0,1,,1,A86.EXT,0,,-1,3,0,1,30,600,1,, -1,1,1,1,90,22,2,2021,08:20,1,94,94058,1,1,0,6,A86.EXT,48.8463007176,2.492279962,8,1,1
202100014262,176Â 202,B01,9,2,1,5,1,-1,-1,0,0,-1,2021,12.0,0,2,0,2,7,1,1,,3,151,0,,2,2,0,1,29,920,1,, -1,1,0,1,80,9,10,2021,20:00,3,60,60518,1,2,0,3,D151,49.5743487576,2.1828002058,20,5,2
202100031325,145Â 747,A01,1,1,1,1,2,6,-1,-1, -1,-1,2021,48.0,1,1,0,2,4,23,1,,4,STRASBOURG (BOULEVARD DE),0,,2,2,0,1,0,0,1,, -1,1,0,1,50,2,7,2021,06:40,1,93,93005,2,1,0,2,Boulevard de Strasbourg,48.924999,2.487464,6,2,2
202100030362,147Â 491,A01,4,2,1,0,8,0,-1,-1, -1,-1,2021,28.0,2,2,8,0,8,13,1,,4,COMMERCE(RUE DU),0,,2,2,0,2,(1),(1),1,, -1,2,0,3,50,5,7,2021,22:05,1,56,56260,2,1,0,6,COMMERCE (RUE DU),47.64603,-2.75767,22,3,1
202100049921,112Â 508,B01,1,1,1,5,2,-1,-1,0,0,-1,2021,68.0,2,1,0,0,4,1,5,,3,32,-1,,2,2,0,3,6,600,1,, -1,1,0,1,80,27,2,2021,09:20,1,51,51171,1,1,0,2,D32,49.3780024577,3.8749670519,9,2,2
202100037286,135Â 024,A01,1,1,1,5,8,0,-1,0,0,-1,2021,15.0,2,1,0,2,4,11,3,,4,QUAI BRANLY,0,,2,0,1,1,(1),(1),1,, -1,1,0,5,30,30,5,2021,17:45,1,75,75115,2,1,0,2,QUAI BRANLY,48.855803,2.289726,17,2,2
202100003371,195Â 734,A01,1,1,2,9,8,-1,-1,0,0,-1,2021,43.0,2,2,15,0,2,13,1,,3,906,-1,,2,2,1,1,31,410,3,, -1,2,0,1,80,13,12,2021,10:05,1,78,78030,1,1,0,1,D906,48.658045,1.90218,10,2,2
202100056105,101Â 597,A01,1,1,1,1,1,-1,-1,0,0,-1,2021,47.0,1,5,0,2,1,12,1,,1,A11,-1,,1,5,0,2,146,400,1,, -1,1,0,1,130,6,1,2021,18:20,3,72,72031,1,1,0,2,A11 PK 146+400,48.087339,0.503139,18,2,2
202100021828,162Â 609,B01,1,1,1,9,2,8,-1,-1, -1,-1,2021,19.0,1,1,0,2,0,21,1,,3,19,0,,2,0,0,1,0,0,1,, -1,1,0,1,50,19,8,2021,20:10,2,92,92036,2,1,0,3,PIERRE DE COUBERTIN  ( BD ),48.93031,2.28462,20,2,2
202100052755,107Â 429,A01,1,1,1,9,2,0,-1,-1, -1,-1,2021,17.0,3,1,0,2,0,0,1,,4,MAINGOT (RUE THEODORE),0,,2,2,0,1,0,0,3,, -1,1,0,1,50,29,1,2021,13:40,1,91,91521,2,6,0,3,MAINGOT (RUE THEODORE),48.65929,2.40724,13,3,2
202100048256,115Â 493,B01,1,1,2,0,8,0,-1,-1, -1,-1,2021,35.0,3,1,0,2,7,1,5,,4,,0,,2,2,0,2,(1),(1),3,, -1,2,5,1,30,11,3,2021,09:30,1,56,56260,2,6,0,3,GARE (GIRATOIRE DE LA),47.6640912781,-2.7553930879,9,2,2
202100024810,157Â 308,A01,1,1,1,0,2,-1,-1,0,0,-1,2021,58.0,0,1,0,2,1,1,1,,3,113,0,,2,2,0,1,13,10,1,,5,1,5,1,50,11,8,2021,12:58,1,49,49377,2,2,0,3,Rue de Bennefray,47.519581,-0.436122,12,2,2
202100052171,108Â 455,A01,1,1,1,9,1,-1,-1,0,0,-1,2021,29.0,1,2,0,2,1,13,1,,3,347,-1,,2,2,0,1,29,900,1,, -1,2,0,1,90,9,2,2021,10:30,1,86,86286,1,1,0,1,Lieu Dit la Balbiniere,46.879159,0.142736,10,2,2
202100012030,180Â 207,B01,1,1,1,0,1,0,-1,-1, -1,-1,2021,49.0,3,5,10,2,3,1,1,,7,LONDRES (AVENUE DE),0,,2,2,0,1,0,9,1,, -1,1,2,1,50,20,10,2021,07:19,1,13,13117,2,2,0,3,LONDRES (AVENUE DE),43.42718,5.23536,7,2,2
202100052612,107Â 677,A01,1,1,2,1,1,-1,-1,0,0,-1,2021,20.0,1,2,2,6,1,1,1,,3,62,-1,,2,2,0,4,25,864,1,, -1,2,0,1,80,4,2,2021,05:15,3,35,35331,1,1,1,6,La Bedoyere,48.085923,-1.912298,5,1,1
202100043220,124Â 402,B01,1,1,1,5,2,8,-1,-1, -1,-1,2021,60.0,1,1,0,2,1,1,5,,4,TRANSVAAL (RUE DU),0,,1,1,0,1,0,0,1,, -1,1,0,1,50,21,4,2021,07:30,1,92,92012,2,2,0,3,TRANSVAAL (RUE DU),48.848359054,2.2372359037,7,2,2
202100051112,110Â 311,A01,10,3,1,4,4,-1,-1,6,9,3,2021,45.0,1,2,0,9,2,1,1,,3,3508,0,,2,2,0,1,14,360,1,, -1,1,8,1,80,18,2,2021,22:30,3,74,74213,1,1,0,6,D3508,45.909508,6.08415,22,2,1
202100027117,153Â 244,A01,2,2,1,5,1,-1,-1,0,0,-1,2021,28.0,3,2,0,2,1,5,1,,4,,0,,2,2,0,1,(1),(1),3,,4,1,5,1,80,25,7,2021,17:05,1,29,29023,1,3,0,1,Lieu-dit Kermen Bras,48.649009,-3.922784,17,5,2
202100039322,131Â 314,B01,1,1,1,5,0,0,-1,-1, -1,-1,2021,12.0,2,1,0,2,0,19,5,,3,AV YOURI GAGARINE,0,,3,4,0,1,1,0,1,, -1,2,0,1,50,19,5,2021,14:40,1,94,94081,2,1,0,3,YOURI GAGARINE (AV),48.7862,2.39179,14,2,2
202100029886,148Â 376,A01,1,1,1,0,2,6,-1,0,0,-1,2021,38.0,1,1,15,0,1,1,1,,3,9,0,D,2,2,0,1,8,542,1,, -1,1,0,4,50,10,7,2021,02:45,5,6,6090,2,1,0,7,Route de Cannes,43.603003,6.920421,2,1,1
202100038056,133Â 637,A01,10,3,1,1,8,8,-1,8,1,1,2021,39.0,0,2,0,1,8,2,1,,3,NEPTUNE (PLACE),0,,1,1,1,1,0,0,3,, -1,1,0,1,50,27,5,2021,07:45,1,93,93051,2,1,0,6,Place Neptune,48.84045,2.55045,7,2,1
202100025840,155Â 498,B01,1,1,2,1,1,0,-1,-1, -1,-1,2021,26.0,2,2,0,2,4,2,1,,1,A51-Sens Aix en Provence vers Marseille,0,,1,3,0,1,5,760,1,, -1,1,0,1,110,2,8,2021,17:05,1,13,13015,1,1,0,4,A51-Sens Aix en Provence vers Marseille,43.432,5.393,17,5,3
202100016186,172Â 706,A01,10,3,1,2,0,-1,-1,1,3,1,2021,7.0,1,2,0,1,3,1,1,,4,PCE FERDINAND BUISSON,0,,1,1,0,1,(1),(1),1,, -1,1,0,1,30,27,9,2021,19:00,1,33,33063,2,7,0,6,Place Ferdinand Buisson,44.82378,-0.5514,19,2,1
202100002998,196Â 418,B01,1,1,2,5,1,-1,-1,0,0,-1,2021,48.0,2,2,0,2,3,1,1,,3,683,-1,,2,2,0,1,94,650,3,, -1,2,0,1,50,5,12,2021,18:10,5,25,25372,2,1,1,1,7 rue de Belfort,47.45784,6.594834,18,4,2
202100044495,122Â 163,A01,1,1,1,5,6,2,-1,0,0,-1,2021,26.0,0,6,0,0,2,0,1,,4,,0,,2,2,0,1,91,30,1,, -1,1,0,1,50,21,3,2021,12:15,1,37,37232,1,1,0,7,rue ferrÃ©e,47.2917793767,0.2778637221,12,1,1
202100016185,172Â 707,A01,1,1,1,5,2,6,-1,-1, -1,-1,2021,28.0,2,1,2,0,1,1,1,,4,RUE DE LA MISSION DU HAUT BRION,0,,2,2,1,1,(1),(1),3,, -1,1,0,3,50,28,9,2021,02:45,3,33,33522,2,1,0,6,Avenue du Haut-Brion,44.81235,-0.60632,2,1,1
202100007363,188Â 592,A01,10,3,1,0,0,-1,-1,2,3,1,2021,58.0,1,2,0,1,4,4,1,,3,DELIZY (DU 1 AU 13 ET DU 2 AU 10),0,,2,3,0,1,0,1,1,, -1,1,0,1,50,19,11,2021,14:10,1,93,93055,2,1,0,6,DELIZY (DU 1 AU 13 ET DU 2 AU 10),48.89314,2.40967,14,3,1
202100047033,117Â 702,B01,1,1,1,9,2,8,-1,-1, -1,-1,2021,17.0,1,1,0,2,3,1,1,,4,EDOUARD HERRIOT,0,,2,2,0,1,0,0,1,, -1,1,0,1,50,22,3,2021,07:45,1,64,64445,2,2,0,3,EDOUARD HERRIOT,43.3043414743,-0.3798356652,7,2,2
202100045412,120Â 557,A01,10,3,1,5,0,-1,-1,5,1,1,2021,88.0,3,5,0,1,7,1,1,,4,CHALMEL (RUE),0,,2,2,0,1,(1),(1),1,, -1,1,0,1,50,2,4,2021,15:42,1,10,10387,2,1,0,6,CHALMEL (RUE),48.2960755339,4.062712267,15,2,1
202100010674,182Â 642,D01,1,1,1,5,1,-1,-1,-1,0,-1,2021,22.0,1,2,0,2,4,2,1,,1,AUTOROUTE A1,0,,3,7,0,1,15,399,1,, -1,1,0,1,110,28,10,2021,15:45,1,95,95277,1,1,0,4,A1,48.981734,2.500006,15,5,4
202100050627,111Â 195,B01,1,1,1,5,1,-1,-1,0,0,-1,2021,75.0,1,2,0,2,7,17,1,,3,4,-1,,2,2,0,1,18,500,1,, -1,1,0,3,80,22,2,2021,14:00,1,29,29274,1,1,0,3,D4 - Keranguen,47.9867037281,-3.7164592547,14,2,2
202100018985,167Â 697,B01,1,1,1,9,2,6,-1,0,0,-1,2021,52.0,2,1,0,2,5,1,1,,4,AVENUE DE LA PORTE D AUBERVILLIERS,0,,3,3,0,1,(1),(1),1,, -1,2,0,1,30,14,9,2021,07:05,2,75,75118,2,3,1,3,AVENUE DE LA PORTE D AUBERVILLIERS,48.899847,2.37025,7,2,2
202100023373,159Â 841,B01,10,3,2,5,0,-1,-1,6,B,1,2021,56.0,2,1,0,2,1,1,1,,3,61,0,A,2,2,0,1,0,850,1,, -1,1,0,1,70,20,8,2021,10:05,1,83,83068,1,1,0,1,D 61 A,43.27098,6.560565,10,3,2
202100049718,112Â 874,A01,1,1,1,1,1,-1,-1,0,0,-1,2021,49.0,1,2,13,6,1,1,1,,3,978,0,,1,2,0,1,37,700,4,, -1,9,0,3,80,1,3,2021,06:15,3,63,63038,1,1,0,6,Route DÃ©partementale 978,45.5085837865,2.9094536304,6,1,1
202100046938,117Â 875,A01,4,2,2,5,1,0,-1,-1, -1,-1,2021,22.0,0,2,0,2,1,0,1,,4,LUMINY (AVENUE DE),0,,2,-1,0,2,(1),(1),2,, -1,1,0,1,30,22,3,2021,17:30,2,13,13209,2,1,0,1,LUMINY (AVENUE DE),43.238824,5.435868,17,3,2
202100021835,162Â 597,B01,1,1,2,5,2,6,-1,0,0,-1,2021,16.0,2,1,0,2,1,1,1,,3,44,-1,,2,2,0,1,(1),(1),1,,4,1,0,1,50,30,8,2021,18:05,1,68,68032,2,2,0,1,Rue Principale,47.847907,7.216907,18,2,2
202100033511,141Â 877,A01,1,1,1,5,2,-1,-1,-1, -1,-1,2021,41.0,1,1,0,2,1,2,1,,1,ROCADE A 630,0,,3,6,0,2,12,911,2,, -1,2,3,1,70,18,6,2021,23:25,4,33,33162,1,1,0,4,Rocade Nord Ouest A630,44.863736,-0.65498,23,3,3
202100011317,181Â 511,B01,1,1,2,5,1,-1,-1,0,0,-1,2021,53.0,1,2,0,2,1,1,1,,3,,-1,,2,2,0,2,10,795,1,,0,1,0,1,50,22,10,2021,16:30,1,86,86121,2,3,0,3,Rue de la Frugerie,46.63196,0.079013,16,2,2
202100026437,154Â 442,B01,1,1,1,5,2,-1,-1,0,0,-1,2021,54.0,0,1,0,2,1,1,3,,4,TROIS CAILLOUX (RUE DES),0,,2,1,3,1,(1),(1),1,, -1,1,0,1,30,27,7,2021,14:00,1,80,80021,2,1,0,1,TROIS CAILLOUX (RUE DES),49.89242,2.29975,14,2,2
202100045418,120Â 549,A01,1,1,1,5,2,6,-1,0,0,-1,2021,57.0,1,1,0,2,3,3,1,,4,PORTE DE CHAMPERRET,0,,1,4,0,1,17,100,1,, -1,1,0,1,70,2,4,2021,16:10,1,75,75117,2,1,0,5,PORTE DE CHAMPERRET,48.884578,2.286301,16,3,3
202100030257,147Â 682,B01,1,1,2,0,1,0,-1,-1, -1,-1,2021,28.0,0,2,0,2,4,23,1,,3,920,0,,1,4,0,1,0,0,1,, -1,1,5,1,50,7,7,2021,17:45,1,92,92002,2,1,0,2,DIVISION LECLERC (53 A 217 - 58 A 186),48.74351,2.30301,17,2,2
202100036471,136Â 509,A01,10,3,2,1,0,-1,-1,3,3,3,2021,17.0,2,1,0,2,1,17,1,,4,AVENUE DU MAINE,0,,2,3,3,1,(1),(1),1,, -1,1,0,1,50,3,6,2021,18:15,1,75,75114,2,1,0,6,AVENUE DU MAINE,48.833802,2.324458,18,3,1
202100006347,190Â 449,A01,10,3,2,3,0,-1,-1,6,B,1,2021,80.0,1,2,0,1,2,0,1,,2,4,-1,,2,2,0,1,(1),(1),1,, -1,1,0,1,50,26,11,2021,08:56,1,971,97128,2,1,0,6,Castaing,16.228816,-61.374113,8,2,1
202100037391,134Â 829,B01,1,1,1,0,1,0,-1,-1, -1,-1,2021,23.0,2,2,0,2,0,0,1,,1,AUTOROUTE A6,0,,-1,3,0,1,22,700,1,, -1,1,0,1,110,31,5,2021,13:10,1,91,91286,1,1,0,2,AUTOROUTE A6,48.64368,2.39076,13,2,2
202100045362,120Â 652,D01,2,2,2,0,1,-1,-1,0,0,-1,2021,18.0,0,2,0,2,4,1,1,,4,DEFENSE PASSIVE (AVENUE DE LA),0,,2,3,0,1,(1),(1),1,, -1,1,0,1,50,1,4,2021,17:30,1,80,80674,2,1,0,4,DEFENSE PASSIVE (AVENUE DE LA),49.90938,2.32763,17,6,5
202100018823,167Â 999,A01,10,3,2,0,0,-1,-1,2,3,2,2021,18.0,2,1,0,1,1,17,1,,3,907,0,,2,2,0,1,0,0,1,, -1,2,0,1,50,15,9,2021,08:40,1,92,92064,2,1,1,6,GOUNOD,48.842405774,2.2077458756,8,2,1
202100036209,136Â 966,B01,1,1,1,1,2,6,-1,-1, -1,-1,2021,34.0,2,1,0,2,1,3,1,,2,RN104,0,,3,6,0,2,18,500,1,, -1,1,0,1,110,6,6,2021,15:20,1,77,77175,1,1,0,2,RN104,48.6725,2.6115,15,2,2
202100013230,178Â 091,A01,10,3,1,0,0,-1,-1,3,3,1,2021,62.0,1,2,0,1,1,1,1,,3,ANDRE MAGINOT (BOULEVARD),0,,2,2,0,1,0,308,1,, -1,1,0,1,50,14,10,2021,10:45,1,77,77186,2,1,0,6,D417,48.406027,2.689132,10,2,1
202100041082,128Â 178,A01,10,3,2,5,0,-1,-1,2,3,1,2021,15.0,2,2,0,1,7,1,1,,3,ST-LOUIS ( RUE DE ),0,,2,2,0,1,1,200,1,, -1,2,2,1,50,6,5,2021,13:59,1,68,68149,2,2,1,6,ST-LOUIS ( RUE DE ),47.59284,7.57752,13,2,1
202100018272,168Â 960,A01,1,1,1,3,5,1,-1,0,0,-1,2021,30.0,0,2,2,0,7,1,1,,4,370,0,,2,2,0,1,(1),(1),2,, -1,1,0,3,50,18,9,2021,19:15,1,13,13027,2,1,0,6,370 chemin des iscles,43.888081,4.863853,19,2,1
202100047660,116Â 561,B01,1,1,1,9,2,8,-1,-1, -1,-1,2021,37.0,1,1,0,2,1,13,5,,3,R DE PARIS,0,,2,2,1,1,1,0,1,, -1,2,0,1,30,17,3,2021,17:10,1,94,94018,2,1,1,1,PARIS (R DE),48.82216,2.41245,17,2,2
202100051228,110Â 109,B01,1,1,1,5,2,-1,-1,0,0,-1,2021,70.0,2,1,0,2,4,1,5,,3,6098,-1,,2,2,1,1,10,162,1,, -1,1,2,1,-1,18,2,2021,08:30,1,6,6079,2,1,0,5,295 avenue du general de gaulle,43.53166,6.948127,8,2,2
202100041779,126Â 934,A01,2,2,1,5,1,-1,-1,-1,0,-1,2021,23.0,2,2,0,2,1,13,1,,3,AV DE STALINGRAD,0,,2,4,0,1,1,0,3,, -1,2,0,1,50,1,5,2021,16:26,1,95,95268,2,1,1,1,AV DE STALINGRAD,48.9657773797,2.4084198475,16,4,2
202100048495,115Â 076,A01,1,1,1,0,2,0,-1,-1, -1,-1,2021,49.0,2,1,0,2,3,1,1,,1,AUTOROUTE A6,0,,3,6,0,1,20,100,1,, -1,2,0,1,70,11,3,2021,09:31,1,91,91687,1,1,0,3,AUTOROUTE A6,48.6607,2.3714,9,2,2
202100024567,157Â 747,A01,10,3,1,9,0,-1,-1,9,3,1,2021,28.0,3,2,0,1,4,26,1,,3,HUIT-MAI-1945 (AVENUE DU),0,,3,4,0,1,0,0,1,, -1,1,9,1,10,12,8,2021,19:45,1,93,93030,2,9,0,6,Avenue du 8 Mai 1945,48.947302,2.436212,19,2,1
202100008360,186Â 787,A01,10,3,2,2,0,-1,-1,4,3,1,2021,17.0,1,5,0,1,2,1,1,,4,RUE ARMAND CARREL,0,,2,2,0,2,(1),(1),1,, -1,1,0,1,30,12,11,2021,13:17,1,75,75119,2,2,0,6,RUE ARMAND CARREL,48.882608,2.380313,13,2,1
202100006415,190Â 327,B01,1,1,1,0,8,-1,-1,-1, -1,-1,2021,71.0,3,1,0,2,1,1,5,,4,SOUVENIR FRANCAIS (PLACE DU),0,,1,2,0,1,(1),(1),2,, -1,1,0,1,50,24,11,2021,12:30,1,51,51454,2,6,0,3,Place du Souvenir FranÃ§ais,49.269235,4.070023,12,2,2
202100051570,109Â 517,B01,1,1,2,5,1,0,-1,-1,0,-1,2021,40.0,2,2,0,2,1,2,0,,3,AV DU GENERAL DE GAULLE,0,,3,4,0,1,7,700,1,, -1,1,0,1,50,10,2,2021,18:30,5,95,95268,2,1,0,1,AV DU GENERAL DE GAULLE,48.9704188861,2.4032378197,18,3,2
202100034958,139Â 217,B01,1,1,1,9,1,0,-1,0,0,-1,2021,56.0,1,2,0,2,5,1,1,,4,,0,,2,2,0,1,1,0,1,, -1,1,0,1,50,11,6,2021,21:00,1,71,71486,2,2,0,5,Avenue Waldeck Rochet,46.6649534,4.3681765948,21,4,3
202100046364,118Â 894,B01,1,1,1,4,2,6,-1,0,0,-1,2021,26.0,1,1,0,2,8,1,1,,4,PLACE PAUL PAINLEVE,0,,1,1,0,1,(1),(1),1,, -1,1,0,1,50,26,3,2021,14:45,1,75,75105,2,2,0,3,PLACE PAUL PAINLEVE,48.850277,2.34455,14,2,2
202100047715,116Â 456,A01,1,1,2,1,1,4,-1,-1, -1,-1,2021,49.0,2,2,1,0,2,1,1,,4,RUE BAYETTO,0,,1,1,0,1,0,0,1,, -1,1,0,1,50,8,3,2021,17:50,1,91,91027,2,1,0,6,RUE BAYETTO,48.70189,2.37298,17,1,1
202100033115,142Â 561,A01,1,1,1,5,2,-1,-1,0,0,-1,2021,36.0,3,1,6,0,1,1,1,,4,,-1,,2,2,0,1,(1),(1),2,, -1,2,0,3,80,15,5,2021,18:00,1,82,82186,1,1,1,6,Borde Basse,44.131949,0.886057,18,1,1
202100050766,110Â 937,A01,1,1,2,3,8,0,-1,0,0,-1,2021,53.0,1,1,0,0,0,25,5,,4,PLACE ETIENNE PERNET,0,,1,1,0,1,(1),(1),1,, -1,1,0,4,30,20,2,2021,17:55,5,75,75115,2,1,0,7,PLACE ETIENNE PERNET,48.843002,2.292683,17,1,1
202100015636,173Â 723,B01,2,2,1,9,2,6,-1,0,0,-1,2021,29.0,1,1,0,2,2,16,1,,4,AVENUE DE LA PORTE DE LA CHAPELLE,0,,4,2,0,1,(1),(1),3,, -1,1,0,1,30,2,10,2021,08:20,1,75,75118,2,2,0,2,AVENUE DE LA PORTE DE LA CHAPELLE,48.898682,2.35933,8,3,2
202100004512,193Â 708,A01,1,1,2,9,1,-1,-1,-1, -1,-1,2021,25.0,2,2,6,0,1,16,1,,7,GENERAL DE GAULLE                   (AV),0,,2,2,3,1,1,500,1,, -1,2,5,8,50,4,12,2021,07:05,5,69,69034,2,2,1,6,GENERAL DE GAULLE (AV),45.80988,4.85731,7,1,1
202100022643,161Â 146,A01,1,1,2,5,1,8,-1,-1, -1,-1,2021,71.0,0,2,0,2,5,23,1,,7,PEINTRES ROUX (AVENUE DES),0,,2,4,0,1,0,0,1,, -1,1,0,1,50,25,8,2021,12:45,1,13,13212,2,1,0,2,PEINTRES ROUX (AVENUE DES),43.3037338646,5.4729360341,12,2,2
202100033907,141Â 153,A01,1,1,2,0,8,0,-1,-1, -1,-1,2021,27.0,1,1,0,0,0,19,5,,4,COUTURE D'AUXERRE (RUE DE LA) (52/138),0,,2,2,0,1,0,0,1,, -1,2,0,1,50,17,6,2021,01:25,5,92,92036,2,1,1,7,COUTURE D'AUXERRE (RUE DE LA) (52/138),48.9272207427,2.2884476374,1,1,1
202100047586,116Â 703,B01,1,1,1,9,1,0,-1,-1, -1,-1,2021,39.0,1,2,0,2,4,23,1,,1,A7-Sens Lyon vers Marseille,0,,1,3,0,1,274,0,1,, -1,1,0,1,90,17,3,2021,18:30,1,13,13215,2,1,0,4,A7-Sens Lyon vers Marseille,43.36931,5.36093,18,3,3
202100000561,200Â 697,B01,1,1,2,5,2,8,-1,-1, -1,-1,2021,29.0,2,1,0,2,8,1,5,,4,JENNER (RUE EDWARD),0,,1,1,2,2,(1),(1),1,, -1,1,0,5,30,8,11,2021,19:48,5,56,56121,2,3,0,3,JENNER (RUE EDWARD),47.75141,-3.37084,19,2,2
202100018683,168Â 247,A01,1,1,1,5,2,6,-1,0,0,-1,2021,23.0,1,1,0,2,8,1,1,,3,30,-1,E,2,2,0,3,41,550,3,, -1,1,0,1,80,27,8,2021,15:35,1,24,24558,1,1,0,1,Le Cingle,44.887438,0.814276,15,2,2
202100003478,195Â 538,A01,1,1,1,5,8,-1,-1,0,0,-1,2021,46.0,1,2,2,0,8,26,1,,3,441,0,,2,2,0,1,40,500,1,, -1,1,9,3,80,11,12,2021,19:31,3,10,10300,1,1,0,6,D441,48.443234,4.371829,19,2,1
202100038517,132Â 793,B01,1,1,1,5,1,0,-1,-1, -1,-1,2021,48.0,3,2,0,2,3,1,1,,7,PERTUISET (ROUTE DU),0,,2,2,0,2,4,950,4,, -1,2,0,1,80,24,5,2021,19:30,1,42,42031,1,1,0,1,Route du Pertuiset,45.4124786093,4.2372543812,19,2,2
202100025781,155Â 606,A01,10,3,1,9,0,-1,-1,1,3,1,2021,66.0,3,2,0,1,3,1,1,,4,STADE DE FRANCE (AVENUE DU),0,,2,4,3,1,0,1,1,, -1,1,0,1,50,2,8,2021,16:25,1,93,93066,2,1,0,6,Avenue du Stade de France,48.91872,2.36185,16,2,1
202100002274,197Â 719,B01,1,1,2,5,2,6,-1,0,0,-1,2021,32.0,3,1,0,2,0,21,1,,4,PONT ALEXANDRE III,0,,2,6,1,1,(1),(1),1,, -1,1,2,1,30,17,12,2021,17:15,5,75,75108,2,2,0,3,PONT ALEXANDRE III,48.864667,2.313663,17,3,2
202100008007,187Â 422,A01,10,3,2,0,0,-1,-1,3,3,1,2021,85.0,3,2,0,1,1,1,1,,7,VARENNE (RUE ALEXANDRE),0,,2,2,0,1,(1),(1),1,, -1,1,0,1,50,11,11,2021,09:51,1,63,63032,2,1,0,6,VARENNE (RUE ALEXANDRE),45.7550562664,3.087541759,9,2,1
202100052146,108Â 501,B01,1,1,1,5,8,0,-1,0,0,-1,2021,28.0,1,1,0,2,0,1,3,,4,RUE D AMSTERDAM,0,,2,2,1,2,(1),(1),1,, -1,2,-1,5,30,7,2,2021,18:00,5,75,75108,2,3,0,3,RUE D AMSTERDAM,48.880433,2.327052,18,2,2
202100033955,141Â 071,A01,7,2,1,5,1,3,-1,0,0,-1,2021,0.0,2,2,2,0,6,1,1,,3,6,0,D,2,2,0,1,2,750,1,, -1,2,0,3,80,17,6,2021,20:12,1,11,11138,1,1,1,6,RD 6,43.277893,1.946318,20,2,1
202100026312,154Â 659,B01,1,1,1,4,8,0,-1,-1, -1,-1,2021,46.0,1,5,0,2,6,24,0,,7,RAMELET MOUNDI (CH DE),0,,2,1,0,1,33,481,1,, -1,1,0,1,50,30,7,2021,14:45,1,31,31557,2,9,0,2,RAMELET MOUNDI (CH DE),43.5816,1.36776,14,2,2
202100031408,145Â 609,A01,1,1,1,1,2,6,-1,-1,0,-1,2021,22.0,1,1,0,2,3,9,1,,1,AUTOROUTE A15,0,,3,6,0,1,22,399,1,, -1,1,0,1,90,2,7,2021,17:20,1,95,95572,1,1,0,3,A15,49.03401,2.10276,17,2,2