Num_Acc,id_vehicule,num_veh,place,catu,sexe,trajet,secu1,secu2,secu3,locp,actp,etatp,year_acc,victim_age,senc,catv,obs,obsm,choc,manv,motor,occutc,catr,voie,v1,v2,circ,nbv,vosp,prof,pr,pr1,plan,lartpc,larrout,surf,infra,situ,vma,jour,mois,an,hrmn,lum,dep,com,agg_,int,atm,col,adr,lat,long,hour,nb_victim,nb_vehicules
202100039526,130Â 947,C01,1,1,1,9,1,-1,-1,0,0,-1,2021,50.0,1,2,0,2,1,2,1,,3,938,0,D,2,2,0,2,16,0,2,, -1,2,0,1,50,19,5,2021,14:15,1,78,78575,1,1,1,5,Route de Limours,48.689572,2.064292,14,5,4
202100021090,163Â 956,B01,1,1,2,9,2,0,-1,0,0,-1,2021,54.0,1,1,0,2,1,1,5,,4,ALLEE DU BORD DE L EAU,0,,3,1,1,1,(1),(1),3,, -1,1,0,5,30,3,9,2021,14:00,1,75,75116,2,2,0,3,ALLEE DU BORD DE L EAU,48.876131,2.246359,14,2,2
202100001030,199Â 925,A01,1,1,1,5,2,6,-1,-1, -1,-1,2021,17.0,1,1,0,0,0,12,1,,3,RD 70 (route dÃ©partementale),0,,3,4,0,1,2,900,1,, -1,2,0,1,80,28,12,2021,19:05,3,29,29039,1,1,1,7,D70 - La Boissiere,47.921070859,-3.9012175799,19,1,1
202100040248,129Â 659,A01,1,1,1,5,1,5,-1,0,0,-1,2021,23.0,2,2,2,0,1,1,1,,3,27,0,,2,2,0,1,8,292,2,, -1,1,0,3,80,13,5,2021,01:16,3,56,56081,1,1,0,6,D27,48.076588,-3.657846,1,1,1
202100027906,151Â 826,A01,1,1,1,5,2,6,-1,-1, -1,-1,2021,53.0,1,1,12,0,3,11,1,,4,LAPORTE (AVENUE JEAN LEON),0,,-1,3,0,1,0,0,1,, -1,1,0,1,50,20,7,2021,13:35,1,64,64024,2,1,0,7,LAPORTE (AVENUE JEAN LEON),43.4969,-1.50794,13,1,1
202100044521,122Â 132,A01,1,1,2,9,0,-1,-1,0,0,-1,2021,46.0,1,2,15,0,0,1,1,,3,900,0,,2,2,0,1,82,970,1,, -1,1,0,8,70,11,4,2021,15:32,1,4,4195,1,1,0,6,RD 900 (Les Graves du Riou Bourdoux),44.385501,6.611629,15,1,1
202100041387,127Â 630,B01,1,1,2,1,2,6,-1,-1, -1,-1,2021,23.0,2,1,0,2,8,1,1,,1,AUTOROUTE A 62,0,,3,4,0,1,6,969,1,, -1,1,0,1,130,4,5,2021,08:45,1,33,33448,1,1,0,3,,44.715621,-0.518461,8,3,2
202100040575,129Â 093,A01,1,1,1,5,1,-1,-1,0,0,-1,2021,52.0,1,2,0,0,0,13,1,,3,119,-1,,2,3,0,1,15,940,1,, -1,1,0,1,90,9,5,2021,12:30,1,9,9244,1,1,0,6,D119,43.076333,1.775386,12,1,1
202100043089,124Â 655,B01,1,1,1,5,2,-1,-1,0,0,-1,2021,16.0,2,1,0,2,1,15,1,,3,90,0,D,2,2,0,1,7,50,1,,4,1,0,1,50,22,4,2021,18:20,1,81,81048,2,2,0,3,Carrefoul,44.0008260433,2.1252146881,18,2,2
202100054792,103Â 856,B01,1,1,2,1,1,0,-1,-1, -1,-1,2021,35.0,3,2,0,2,3,16,1,,4,RUE BOUGLIONE,0,,2,0,0,2,1,0,1,, -1,1,0,1,50,15,1,2021,09:15,1,94,94011,2,9,0,1,BOUGLIONE(RUE),48.768756,2.484862,9,2,2
202100030341,147Â 528,B01,2,2,2,5,1,0,-1,-1, -1,-1,2021,21.0,1,2,0,2,1,1,1,,3,LATTRE-DE-TASSIGNY (AVENUE DU MARECHAL),0,,2,4,0,1,0,0,1,, -1,1,3,1,50,3,7,2021,20:05,2,87,87085,2,2,0,3,LATTRE-DE-TASSIGNY (AVENUE DU MARECHAL),45.82705,1.28357,20,3,2
202100009673,184Â 420,A01,2,2,2,5,1,-1,-1,0,0,-1,2021,18.0,1,2,13,0,7,1,1,,3,46,0,D,2,2,0,1,23,600,1,, -1,2,0,3,70,3,11,2021,18:30,3,43,43012,1,1,1,6,Route de Firminy,45.37251,4.210033,18,3,1
202100020484,165Â 022,B01,1,1,1,4,1,-1,-1,-1, -1,-1,2021,19.0,1,5,0,2,2,15,1,,4,CANUTS (DES)                        (BD),0,,2,3,2,1,(1),(1),1,, -1,1,0,1,50,6,9,2021,19:30,1,69,69384,2,2,0,3,CANUTS (DES) (BD),45.77954,4.82748,19,2,2
202100043250,124Â 352,A01,1,1,2,3,8,-1,-1,0,0,-1,2021,62.0,1,2,13,0,2,1,1,,3,2144,0,A,2,2,0,1,5,600,2,, -1,1,0,8,90,21,4,2021,18:20,1,3,3106,1,1,0,6,1240 Route de Montlucon,46.261707,2.69452,18,1,1
202100010615,182Â 760,A01,1,1,1,5,2,6,-1,0,0,-1,2021,49.0,3,1,0,0,7,1,1,,5,sans,0,A,1,1,0,2,(1),(1),4,, -1,6,0,8,30,28,10,2021,17:00,1,29,29228,1,1,0,7,Lieu Dit Kerscoulet,48.0363124786,-4.6105402708,17,2,1
202100014207,176Â 297,A01,1,1,1,9,2,6,-1,0,0,-1,2021,26.0,2,1,1,2,2,14,1,,4,BOULEVARD DE MENILMONTANT,0,,1,2,1,1,55,0,1,, -1,1,0,1,30,9,10,2021,16:55,1,75,75111,2,1,0,5,BOULEVARD DE MENILMONTANT,48.861836,2.387818,16,3,3
202100051013,110Â 484,B01,1,1,1,0,1,0,-1,-1, -1,-1,2021,43.0,2,2,0,2,4,2,1,,1,AUTOROUTE A3,0,,3,10,0,1,1,799,1,, -1,1,0,1,70,19,2,2021,11:20,1,93,93048,1,1,0,2,A3,48.8722,2.43352,11,2,2
202100052717,107Â 504,A01,10,3,1,9,0,-1,-1,3,3,1,2021,81.0,2,2,0,0,1,2,1,,2,135,-1,,2,2,0,1,12,300,1,, -1,1,0,1,50,4,2,2021,11:50,1,55,55543,2,1,0,6,37 Rue de Tronville,48.704093,5.298253,11,2,1
202100024273,158Â 282,A01,2,2,2,5,2,6,-1,-1, -1,-1,2021,19.0,2,1,0,0,1,1,1,,3,FOURCHES (RD PT DES),0,,1,1,0,1,0,1110,2,, -1,1,0,1,50,11,8,2021,17:00,1,50,50129,2,6,0,7,FOURCHES (RD PT DES),49.63662,-1.64978,17,2,1
202100010180,183Â 506,B01,2,2,2,9,1,0,-1,-1, -1,-1,2021,15.0,3,2,0,2,8,1,1,,3,THEOPHILE SUEUR (BOULEVARD),0,,1,2,0,1,1,0,1,, -1,2,5,1,50,30,10,2021,00:05,5,93,93048,2,5,1,3,THEOPHILE SUEUR (BOULEVARD),48.86334,2.46655,0,6,2
202100043616,123Â 714,A01,1,1,1,1,1,0,-1,-1, -1,-1,2021,20.0,2,5,0,2,3,11,1,,3,CD 257,0,,3,4,0,2,0,0,1,, -1,1,2,1,50,16,4,2021,21:17,5,91,91589,2,9,0,3,CD 257,48.67076,2.33743,21,2,2
202100009170,185Â 323,A01,1,1,1,0,2,6,9,0,0,-1,2021,50.0,1,1,0,2,3,0,1,,3,RD 41,-1,,2,2,3,2,22,550,3,, -1,1,0,1,90,7,11,2021,09:20,1,974,97408,1,1,0,1,cd 41,-20.931621,55.389204,9,2,2
202100033057,142Â 653,B01,1,1,1,0,2,6,-1,-1, -1,-1,2021,60.0,1,1,0,2,1,1,1,,4,CARNOT (AVE ),0,,3,2,1,2,(1),(1),4,, -1,2,0,1,50,21,6,2021,05:15,5,33,33119,2,1,0,1,Avenue Carnot,44.86315,-0.53008,5,2,2
202100052309,108Â 216,A01,1,1,1,0,1,-1,-1,-1, -1,-1,2021,38.0,1,2,0,2,1,13,1,,3,MAURIAC  AVENUE FRANCOIS,0,,2,2,0,1,10,860,1,, -1,2,0,1,50,6,2,2021,17:17,2,51,51454,2,1,1,1,Rue Francois Mauriac,49.2366735693,3.9971027261,17,2,2
202100049342,113Â 562,A01,1,1,1,1,1,0,-1,-1, -1,-1,2021,47.0,1,4,4,2,0,26,1,,1,AUTOROUTE A86,0,,3,10,0,4,15,500,1,, -1,2,0,1,90,4,3,2021,15:50,1,93,93027,1,1,0,6,AUTOROUTE A86,48.92203,2.37829,15,1,1
202100024095,158Â 591,B01,1,1,2,5,1,-1,-1,0,0,-1,2021,19.0,3,2,0,2,1,2,1,,4,,-1,,2,2,0,1,(1),(1),3,,4,1,0,4,50,15,8,2021,19:55,1,60,60589,2,1,0,1,Rue Louis Saint Just,49.24256,2.470408,19,2,2
202100004091,194Â 428,A01,10,3,1,9,0,-1,-1,3,3,1,2021,16.0,2,2,0,1,1,1,1,,4,,0,,2,2,0,1,(1),(1),1,, -1,1,9,1,50,6,12,2021,14:50,1,11,11262,2,2,1,6,Rue dâAoste,43.19212,3.01516,14,2,1
202100052862,107Â 227,A01,10,3,1,2,0,-1,-1,1,B,1,2021,17.0,2,2,0,1,1,1,1,,4,BRIAND (RUE ARISTIDE),0,,2,2,0,1,(1),(1),1,, -1,2,0,1,50,1,2,2021,08:05,2,87,87085,2,1,1,6,BRIAND (RUE ARISTIDE),45.8547,1.28814,8,2,1
202100008648,186Â 288,A01,1,1,1,9,1,-1,-1,0,0,-1,2021,69.0,2,2,0,2,2,15,1,,3,,-1,,2,2,0,4,45,460,2,, -1,2,0,1,70,10,11,2021,15:30,1,30,30088,1,3,0,3,d 999,43.859101,4.115796,15,2,2
202100055290,102Â 990,B01,2,2,2,5,1,0,-1,0,0,-1,2021,67.0,1,2,1,0,4,2,1,,4,CAVELL (RUE EDITH),0,,2,2,0,1,(1),(1),1,, -1,2,0,1,50,12,1,2021,12:00,1,71,71153,2,1,1,2,CAVELL (RUE EDITH),46.79549,4.42476,12,3,2
202100046653,118Â 376,A01,10,3,1,0,0,-1,-1,2,3,1,2021,62.0,1,1,0,1,1,26,0,,4,MUSSELBURGH (R DE),0,,2,2,0,1,0,0,1,, -1,2,0,1,30,25,3,2021,09:00,1,94,94017,2,1,0,1,MUSSELBURGH (R DE),48.809,2.519,9,2,1
202100009260,185Â 154,B01,1,1,2,4,1,-1,-1,-1, -1,-1,2021,36.0,1,2,0,2,1,2,1,,3,TREQUEFFELEC  ROND POINT DE,0,,1,2,0,1,55,570,2,, -1,1,0,1,70,4,11,2021,15:30,1,29,29232,1,6,1,2,Rond Point de Trequeffelec,48.00341,-4.08392,15,2,2
202100039412,131Â 152,B01,1,1,1,5,2,8,-1,-1, -1,-1,2021,59.0,0,1,0,2,8,1,1,,4,NOVY JICIN                          (BD),0,,2,2,0,1,(1),(1),1,, -1,1,5,1,50,18,5,2021,09:50,1,69,69259,2,2,0,3,NOVY JICIN  (BD),45.6961,4.89719,9,2,2
202100008325,186Â 845,A01,2,2,2,9,0,-1,-1,0,0,-1,2021,16.0,3,2,2,0,1,1,1,,4,,-1,,-1,1,0,2,(1),(1),2,, -1,6,0,8,-1,14,11,2021,04:25,3,88,88095,1,1,1,6,foret de chatenois,48.307932,5.809257,4,3,1
202100027407,152Â 723,A01,1,1,1,5,1,8,-1,-1, -1,-1,2021,20.0,1,5,1,0,3,1,1,,3,MARECHAL JOFFRE (BD DU) (1 A 41 - 2 A 56,0,,1,2,0,2,0,0,1,, -1,1,0,1,50,23,7,2021,04:05,5,92,92014,2,1,0,6,MARECHAL JOFFRE (BD DU) (1 A 41 - 2 A 56,48.78541,2.31669,4,1,1
202100053246,106Â 552,A01,10,3,2,9,0,-1,-1,2,3,1,2021,58.0,1,2,0,1,1,1,1,,4,BOULEVARD RASPAIL,0,,2,4,0,1,(1),(1),1,, -1,2,0,1,50,29,1,2021,18:15,5,75,75114,2,4,0,6,BOULEVARD RASPAIL,48.840589,2.330139,18,2,1
202100030306,147Â 595,A01,1,1,1,1,2,6,-1,0,0,-1,2021,19.0,2,1,0,0,2,2,1,,3,6015,0,D,2,2,0,2,39,500,1,, -1,1,0,1,-1,7,7,2021,18:35,1,27,27469,2,1,0,3,Avenue de Lattre de Tassigny,49.298857,1.158682,18,2,2
202100053778,105Â 620,A01,9,2,2,2,1,-1,-1,0,0,-1,2021,4.0,2,2,0,2,1,13,1,,3,D79,-1,,2,2,0,1,33,800,1,, -1,5,0,1,80,25,1,2021,07:50,2,57,57389,1,1,1,1,D79,49.050586,6.706293,7,3,2
202100001641,198Â 871,B01,1,1,1,1,2,6,-1,-1, -1,-1,2021,23.0,2,1,0,2,1,1,1,,3,72,0,,2,2,0,2,0,0,3,, -1,1,0,1,30,22,12,2021,17:16,5,92,92040,2,4,0,3,PIERRE BROSSOLETTE,48.8195909429,2.2664411366,17,2,2
202100026026,155Â 159,A01,1,1,1,5,1,-1,-1,0,0,-1,2021,21.0,2,2,7,0,9,1,1,,3,2144,-1,,2,2,0,2,19,154,1,, -1,1,0,3,80,1,8,2021,19:45,1,63,63358,1,1,0,7,route dÃ©partementale 2144,46.048574,3.049328,19,1,1
202100024850,157Â 238,B01,1,1,1,9,2,8,-1,-1, -1,-1,2021,21.0,3,1,0,2,0,15,1,,4,MERE THERESA (rue),0,,2,2,0,1,(1),(1),1,, -1,1,9,1,50,9,8,2021,18:15,2,973,97302,2,4,0,3,MERE THERESA (rue),4.92616,-52.31361,18,2,2
202100037607,134Â 439,A01,1,1,1,9,2,6,-1,0,0,-1,2021,33.0,2,1,0,2,1,1,1,,4,RUE RIQUET,0,,1,3,1,1,(1),(1),1,, -1,1,0,1,50,29,5,2021,11:45,1,75,75119,2,2,0,3,RUE RIQUET,48.889696,2.368129,11,2,2
202100014474,175Â 833,A01,1,1,1,1,2,6,-1,0,0,-1,2021,50.0,2,1,0,6,1,1,1,,3,104,0,,2,2,0,1,9,450,1,, -1,1,0,1,80,8,10,2021,16:45,1,42,42006,1,1,0,6,Route dâUsson,45.383916,3.991492,16,1,1
202100040315,129Â 540,A01,10,3,1,1,0,-1,-1,2,3,2,2021,12.0,1,2,0,1,2,1,1,,3,rue des etats unis,0,,2,2,0,1,114,700,1,, -1,2,0,1,50,10,5,2021,16:15,1,88,88383,2,4,1,6,rue des etats unis,48.01634,6.58516,16,3,1
202100034227,140Â 565,A01,1,1,1,5,2,0,-1,-1, -1,-1,2021,28.0,1,1,0,2,1,1,1,,4,VERLAQUE (AV NOEL ),0,,2,2,0,1,0,0,1,, -1,1,0,1,30,16,6,2021,23:27,5,83,83126,2,3,0,3,VERLAQUE (AV NOEL ),43.08286,5.89132,23,2,2
202100040639,128Â 971,A01,7,2,2,3,1,-1,-1,0,0,-1,2021,50.0,2,2,15,0,9,0,1,,3,613,0,D,2,2,0,1,85,300,2,, -1,1,0,1,80,8,5,2021,10:40,1,11,11036,1,1,0,6,D 613,42.846434,2.101151,10,4,1
202100043263,124Â 331,A01,1,1,1,5,0,-1,-1,0,0,-1,2021,28.0,3,2,6,0,2,1,1,,4,,0,,2,2,0,2,(1),(1),1,, -1,1,0,3,50,19,4,2021,03:45,5,27,27670,2,1,0,6,Rue des Bruyeres du Fayel,49.389469,1.353561,3,1,1
202100000795,200Â 296,B01,1,1,1,0,2,6,-1,-1, -1,-1,2021,30.0,2,1,0,2,1,2,1,,3,JEAN JAURES  (AVE)  157 A 213,0,,-1,1,3,1,0,1,1,, -1,1,0,1,50,31,12,2021,14:00,1,93,93001,2,1,0,3,JEAN JAURES  (AVE)  157 A 213,48.91298,2.40216,14,3,2
202100052089,108Â 608,B01,1,1,1,1,4,-1,-1,0,0,-1,2021,19.0,1,1,0,2,4,1,5,,3,2,-1,D,2,2,0,1,76,228,1,, -1,2,5,1,80,8,2,2021,06:45,5,33,33256,1,1,1,2,D2,44.966851,-0.626172,6,2,2
202100051046,110Â 428,A01,1,1,2,3,1,-1,-1,-1, -1,-1,2021,92.0,1,2,0,2,3,1,1,,4,CLOVIS (RUE),0,,1,2,0,1,(1),(1),1,, -1,1,0,1,50,18,2,2021,11:15,1,51,51454,2,2,0,3,Rue Clovis,49.2507688676,4.0283728222,11,2,2
202100003333,195Â 802,A01,1,1,1,5,2,6,-1,0,0,-1,2021,51.0,0,1,0,0,0,1,1,,4,VC,0,,2,2,0,1,(1),(1),3,, -1,2,0,1,80,12,12,2021,10:20,1,64,64382,1,1,0,7,Route d Aulet,43.49971,-0.649652,10,1,1
202100018572,168Â 438,A01,1,1,2,5,1,0,-1,-1, -1,-1,2021,30.0,3,2,13,0,3,13,1,,2,R N 13,0,,1,1,0,2,(1),(1),2,, -1,2,0,3,50,14,9,2021,09:20,1,50,50203,1,1,1,6,R N 13,49.59908,-1.59591,9,1,1
202100021076,163Â 984,B01,1,1,1,5,2,6,-1,0,0,-1,2021,21.0,1,1,0,2,8,1,1,,4,JAURES JEAN (AVENUE),0,,2,2,0,1,(1),(1),1,, -1,1,0,1,50,30,8,2021,18:50,1,12,12145,2,2,0,3,JAURES JEAN (AVENUE),44.10432,3.08003,18,2,2
202100051446,109Â 739,B01,2,2,2,5,1,0,-1,0,0,-1,2021,43.0,1,2,0,2,4,2,1,,4,GEORGES POMPIDOU ( BD),0,,2,3,0,1,0,1,1,, -1,1,0,1,50,13,2,2021,13:23,1,5,5061,2,1,0,2,GEORGES POMPIDOU ( BD),44.55585,6.078359,13,6,2
202100007929,187Â 568,B01,1,1,1,0,2,-1,-1,0,0,-1,2021,52.0,2,1,0,2,1,26,1,,3,61,0,D,2,2,0,1,(1),(1),1,, -1,1,0,1,50,22,10,2021,13:15,1,59,59216,2,1,0,3,Rue de Thun l Eveque,50.220008,3.2681,13,2,2
202100003993,194Â 611,A01,10,3,2,-1,0,-1,-1,3,3,1,2021,68.0,-1,2,0,1,0,1,-1,,4,,-1,,2,-1,-1,1,(1),(1),1,, -1,1,9,1,30,5,12,2021,18:30,3,82,82121,2,1,0,6,GAMBETTA (AVENUE),44.01787,1.358994,18,2,1
202100028325,151Â 066,B01,1,1,1,5,0,0,-1,-1, -1,-1,2021,56.0,3,1,0,0,0,0,5,,4,HOCHE (R),0,,2,2,0,1,1,0,1,, -1,1,0,1,30,18,7,2021,18:10,1,94,94052,2,9,0,7,Rue Hoche,48.83366,2.49068,18,2,2
202100050217,111Â 951,A01,1,1,2,1,8,0,-1,0,0,-1,2021,29.0,2,1,0,0,0,1,5,,4,RUE DE LA CONVENTION,0,,2,3,3,1,(1),(1),1,, -1,1,0,1,50,25,2,2021,08:40,1,75,75115,2,2,0,7,RUE DE LA CONVENTION,48.837235,2.296433,8,1,1
202100003920,194Â 749,B01,1,1,1,5,2,-1,-1,0,0,-1,2021,16.0,2,1,0,2,1,0,5,,3,611,-1,,2,2,0,2,15,145,1,,"12,7",2,5,1,50,9,12,2021,18:55,5,79,79270,2,2,1,3,Av du Mal de Lattre de Tassigny,46.413319,-0.205672,18,2,2
202100026561,154Â 221,A01,1,1,2,0,1,-1,-1,0,0,-1,2021,21.0,0,2,2,0,3,2,1,,4,,-1,,2,2,0,1,(1),(1),3,,4,1,0,3,-1,30,7,2021,05:00,3,24,24587,2,1,0,6,Les Mazers,44.830959,1.214236,5,1,1
202100037736,134Â 216,B01,1,1,2,0,0,-1,-1,-1, -1,-1,2021,34.0,1,1,0,2,8,1,0,,4,CLAUDE BERNARD                      (QU),0,,1,3,1,1,(1),(1),1,, -1,1,0,1,50,28,5,2021,19:00,1,69,69387,2,3,0,3,CLAUDE BERNARD (Q),45.75298,4.83783,19,2,2
202100034617,139Â 835,B01,1,1,1,9,2,6,-1,0,0,-1,2021,20.0,1,1,0,2,8,7,1,,4,AVENUE DE LA PORTE DE VINCENNES,0,,1,3,3,1,(1),(1),2,, -1,1,0,6,50,13,6,2021,01:05,5,75,75112,2,4,0,3,AVENUE DE LA PORTE DE VINCENNES,48.846518,2.413956,1,2,2
202100041351,127Â 696,A01,1,1,1,5,2,-1,-1,0,0,-1,2021,70.0,1,1,14,9,1,1,5,,3,980,-1,,2,2,0,2,44,200,1,, -1,2,0,1,80,5,5,2021,09:40,1,51,51052,1,1,1,7,D980,49.273716,4.159055,9,1,1
202100031394,145Â 637,A01,1,1,1,4,2,6,-1,0,0,-1,2021,21.0,1,1,12,0,1,16,1,,3,489,0,D,2,2,0,1,7,200,3,, -1,1,0,4,50,2,7,2021,20:00,2,69,69094,2,6,0,6,Le Tupinier,45.746631,4.703436,20,1,1
202100053696,105Â 752,B01,1,1,2,1,2,6,-1,-1, -1,-1,2021,43.0,2,1,0,2,1,3,1,,1,A4,0,,3,6,0,1,13,300,1,, -1,1,0,1,110,26,1,2021,08:20,1,93,93051,1,1,0,2,A4,48.836048085,2.5559506947,8,2,2
202100000491,200Â 828,C01,1,1,2,0,1,-1,-1,-1, -1,-1,2021,35.0,2,2,0,2,4,23,1,,3,VERDUN (RUE DE),0,,2,2,0,1,70,1000,1,, -1,1,0,1,50,29,10,2021,17:45,1,76,76351,2,1,0,4,VERDUN (RUE DE),49.5017868881,0.1546383607,17,3,3
202100021070,163Â 996,A01,10,3,1,0,0,-1,-1,3,3,1,2021,75.0,1,2,0,1,0,1,1,,4,SAINT PIERRE (PLACE),0,,-1,2,0,1,1,0,1,, -1,1,0,1,50,3,9,2021,15:25,1,14,14118,2,1,0,6,Place Saint-Pierre,49.18399,-0.36145,15,2,1
202100020694,164Â 639,A01,1,1,1,0,2,6,-1,-1, -1,-1,2021,36.0,2,1,12,0,7,1,1,,3,PYLA (BD DU),0,,2,2,0,1,(1),(1),2,, -1,1,0,1,50,5,9,2021,15:25,1,33,33529,1,1,0,6,PYLA (BD DU),44.63135,-1.15643,15,1,1
202100001209,199Â 610,A01,1,1,2,9,8,0,-1,0,0,-1,2021,22.0,1,2,11,0,1,13,1,,4,AVENUE PARMENTIER,0,,2,2,0,1,(1),(1),1,, -1,1,0,1,30,27,12,2021,20:10,5,75,75111,2,3,0,6,AVENUE PARMENTIER,48.861154,2.377846,20,1,1
202100052849,107Â 251,C01,1,1,1,0,2,0,-1,-1, -1,-1,2021,48.0,1,1,0,2,1,2,1,,1,A12 Y,0,,1,3,0,1,0,649,3,, -1,2,0,1,90,2,2,2021,07:45,2,78,78043,1,1,1,5,A12 Y,48.842068,2.095735,7,3,3
202100040030,130Â 046,B01,1,1,1,9,2,0,-1,-1, -1,-1,2021,32.0,2,1,0,2,8,18,1,,3,VIRGILE (AVENUE),0,,2,2,2,1,0,200,1,, -1,1,0,1,50,13,5,2021,14:15,1,973,97302,2,1,0,3,VIRGILE (AVENUE),4.94111,-52.32103,14,2,2
202100051834,109Â 052,B01,1,1,1,0,8,0,-1,-1, -1,-1,2021,52.0,3,2,0,2,1,0,0,,4,MEDERIC (AVENUE),0,,2,2,0,1,0,0,1,, -1,5,0,1,50,11,2,2021,17:00,1,93,93051,2,1,1,4,MEDERIC (AVENUE),48.8293,2.5701,17,3,3
202100026978,153Â 489,A01,1,1,1,5,2,-1,-1,0,0,-1,2021,25.0,1,1,0,2,3,10,1,,2,2,-1,,4,3,0,1,51,200,1,, -1,1,0,1,80,26,7,2021,23:10,3,974,97410,1,1,0,3,RN 2,-21.108574,55.749264,23,5,2
202100014935,175Â 014,A01,10,3,1,0,0,-1,-1,1,3,1,2021,12.0,1,2,0,1,2,1,1,,4,NEGRIER GENERAL (BD) NÂ° PAIRS,0,,2,2,0,2,0,0,1,, -1,1,0,1,50,4,10,2021,17:10,1,72,72181,2,1,0,6,NEGRIER GENERAL (BD) NÂ° PAIRS,48.00963,0.20705,17,2,1
202100026542,154Â 251,A01,1,1,1,0,1,-1,-1,0,0,-1,2021,83.0,1,5,7,2,3,13,1,,3,911,0,,2,2,0,2,37,380,3,, -1,1,0,1,90,30,7,2021,17:44,1,12,12266,1,1,0,1,RD 911 ,44.262462,2.821437,17,2,2
202100044212,122Â 642,B01,1,1,1,5,2,6,-1,0,0,-1,2021,41.0,1,1,0,2,1,1,1,,3,3,-1,,2,2,0,2,14,600,1,, -1,1,0,1,50,27,3,2021,16:30,1,67,67263,2,3,0,6,Route de Bitche,49.004367,7.790133,16,3,2
202100026631,154Â 107,B01,1,1,1,0,2,0,-1,-1, -1,-1,2021,57.0,3,1,0,2,0,19,5,,4,GENESLAY FELIX (AV) NÂ° PAIRS 2 A 144,0,,1,1,1,1,0,0,1,, -1,2,9,6,50,28,7,2021,06:20,2,72,72181,2,6,0,6,TIRONNEAU ADRIEN (PL),47.9829,0.2104,6,2,2
202100013313,177Â 949,A01,10,3,2,5,0,-1,-1,4,3,1,2021,19.0,1,1,0,1,1,1,1,,4,BOULEVARD DE STRASBOURG,0,,2,4,0,1,(1),(1),1,, -1,1,0,1,30,14,10,2021,20:25,5,75,75110,2,2,0,6,BOULEVARD DE STRASBOURG,48.872278,2.355935,20,2,1
202100006492,190Â 198,A01,1,1,1,5,2,8,-1,-1, -1,-1,2021,53.0,1,1,0,2,3,13,1,,4,,0,,1,1,0,1,0,0,3,, -1,1,0,1,50,24,11,2021,10:15,1,92,92012,2,1,0,2,ANATOLE FRANCE (BOULEVARD) 5/FIN,48.848401106,2.2414979339,10,2,2
202100043829,123Â 340,A01,2,2,1,0,0,-1,-1,0,0,-1,2021,28.0,2,2,0,2,1,13,1,,3,,-1,E,2,2,0,1,0,600,1,, -1,1,0,1,80,16,4,2021,20:33,2,2,2748,1,1,0,1,D1e7,49.082693,3.633599,20,4,2
202100039385,131Â 202,A01,10,3,2,5,8,-1,-1,9,2,2,2021,25.0,2,2,0,1,7,13,1,,3,52,0,,2,2,0,1,31,200,1,, -1,1,0,1,80,15,5,2021,15:38,1,27,27546,1,1,0,6,DÃ©partementale 52,49.088047,1.138303,15,2,1
202100000423,200Â 952,A01,1,1,1,0,1,-1,-1,0,0,-1,2021,25.0,3,2,2,0,1,0,1,,4,,-1,,2,2,0,1,(1),(1),1,,4,1,0,3,80,22,12,2021,19:50,3,67,67085,2,1,0,6,Rue du Vignoble,48.5692715951,7.4650651217,19,1,1
202100015910,173Â 229,B01,1,1,2,1,1,4,-1,-1, -1,-1,2021,29.0,2,2,0,2,4,1,1,,4,Daniel Mayer,0,,2,2,1,1,(1),(1),1,, -1,1,0,1,50,30,9,2021,09:00,1,37,37261,2,1,0,2,Daniel Mayer,47.4186450092,0.6942616693,9,2,2
202100047276,117Â 258,B01,1,1,1,5,2,6,-1,0,0,-1,2021,54.0,0,1,0,2,1,1,1,,3,20,0,D,3,2,0,3,11,950,1,, -1,1,0,1,80,20,3,2021,16:00,1,49,49192,1,3,0,3,Lieu Dit le Gouchau,47.004653,-0.74339,16,2,2
202100000658,200Â 537,A01,10,3,2,5,0,-1,-1,3,3,1,2021,29.0,2,2,0,1,1,1,1,,4,BLANC LOUIS,0,,2,2,0,1,(1),(1),1,, -1,2,5,1,30,28,12,2021,17:45,5,12,12145,2,6,1,6,BLANC LOUIS,44.0954482474,3.0764623582,17,2,1
202100049017,114Â 144,A01,3,2,2,3,1,-1,-1,0,0,-1,2021,29.0,2,2,6,2,2,2,1,,3,,-1,,2,2,-1,1,0,1,1,, -1,1,5,1,50,6,3,2021,16:45,1,17,17344,2,4,0,2,Avenue de Cognac,45.850692,-0.529189,16,5,2
202100045187,120Â 968,A01,1,1,1,5,0,-1,-1,0,0,-1,2021,21.0,1,1,0,0,0,1,1,,2,RT91,0,,2,2,1,1,7,800,4,, -1,1,0,1,60,3,4,2021,21:40,3,987,98729,1,1,0,7,pk 07+800 AFAREAITU,-17.542161,-149.775324,21,2,1
202100015524,173Â 937,B01,1,1,1,0,2,6,-1,-1, -1,-1,2021,37.0,2,1,0,2,8,1,1,,4,FRANCOIS MITTERRAND                 (AV),0,,2,2,0,1,(1),(1),1,, -1,1,0,1,50,1,10,2021,12:55,1,69,69029,2,2,0,3,FRANCOIS MITTERRAND (AV),45.73796,4.92273,12,2,2