Num_Acc,id_vehicule,num_veh,place,catu,sexe,trajet,secu1,secu2,secu3,locp,actp,etatp,year_acc,victim_age,senc,catv,obs,obsm,choc,manv,motor,occutc,catr,voie,v1,v2,circ,nbv,vosp,prof,pr,pr1,plan,lartpc,larrout,surf,infra,situ,vma,jour,mois,an,hrmn,lum,dep,com,agg_,int,atm,col,adr,lat,long,hour,nb_victim,nb_vehicules
202100015359,174Â 259,B01,1,1,1,4,1,8,-1,0,0,-1,2021,40.0,1,2,0,2,4,2,1,,4,RUE DE LA GLACIERE,0,,2,2,0,1,(1),(1),1,, -1,2,0,1,30,2,10,2021,23:00,5,75,75113,2,2,1,4,RUE DE LA GLACIERE,48.830816,2.34411,23,4,3
202100028342,151Â 037,A01,1,1,1,5,2,6,9,0,0,-1,2021,71.0,1,1,0,2,2,1,1,,3,d4,-1,,1,2,0,1,16,100,2,, -1,1,0,1,50,19,7,2021,16:00,1,95,95487,1,6,0,3,D4,49.152291,2.253324,16,2,2
202100034023,140Â 945,A01,10,3,1,0,0,-1,-1,1,9,1,2021,60.0,2,4,0,2,2,1,1,,3,R.D.20,0,,2,4,0,1,31,500,1,, -1,1,9,1,70,15,6,2021,20:55,1,91,91433,1,1,0,6,R.D.20,48.46513,2.181446,20,2,1
202100028582,150Â 629,B01,2,2,1,0,1,9,-1,0,0,-1,2021,86.0,1,2,14,0,6,2,1,,3,840,-1,D,2,2,0,1,23,750,1,, -1,1,0,1,70,18,7,2021,12:45,1,27,27165,2,1,0,2,Route de Breteuil,48.943875,0.94543,12,5,2
202100009873,184Â 056,A01,1,1,1,0,1,0,-1,-1, -1,-1,2021,20.0,2,2,0,0,0,2,1,,2,RN 104,0,,3,2,0,1,42,49,1,, -1,2,0,1,110,2,11,2021,06:15,4,91,91086,1,1,1,7,RN 104,48.6232,2.38899,6,1,1
202100020148,165Â 615,B01,1,1,2,5,1,-1,-1,0,0,-1,2021,44.0,2,2,0,2,3,1,1,,4,2,-1,,2,2,0,1,(1),(1),3,, -1,1,0,1,80,7,9,2021,18:10,1,80,80661,1,1,1,1,Rue de Villers Bocage,49.980302,2.340174,18,2,2
202100000127,201Â 529,A01,10,3,2,5,0,-1,-1,4,3,1,2021,81.0,3,3,0,1,2,19,3,,4,BOURGET (AVENUE PAUL),0,,4,0,3,1,0,0,1,, -1,1,4,6,40,15,2,2021,16:13,1,83,83069,2,8,0,6,BOURGET (AVENUE PAUL),43.10966,6.12207,16,2,1
202100028598,150Â 598,A01,1,1,1,5,2,8,-1,0,0,-1,2021,28.0,2,1,0,2,1,5,5,,1,A4,0,,3,4,0,1,5,900,2,, -1,2,0,1,90,16,7,2021,04:20,3,75,75112,1,1,1,3,A4,48.8215162124,2.4620640278,4,2,2
202100008985,185Â 657,A01,2,2,2,5,1,-1,-1,0,0,-1,2021,13.0,1,2,0,2,2,14,1,,2,10,-1,,3,4,0,1,1,850,1,"2,7",15,2,0,1,110,7,11,2021,13:25,1,79,79150,1,1,1,3,,46.134386,0.1768,13,3,2
202100043980,123Â 070,B01,1,1,1,1,1,-1,-1,0,0,-1,2021,54.0,3,5,0,2,2,25,3,,4,,-1,,2,2,1,1,(1),(1),1,,4,1,0,1,50,16,4,2021,14:23,1,68,68300,2,1,0,3,44 Rue des Bains,47.787255,7.378362,14,2,2
202100024171,158Â 457,A01,7,2,2,5,3,-1,-1,0,0,-1,2021,4.0,1,2,0,2,3,13,1,,3,86,0,,2,1,0,1,4,465,3,,4,1,0,1,80,15,8,2021,14:45,1,71,71494,1,1,0,1,RD 86 route du chateau,46.407642,4.849268,14,5,2
202100002490,197Â 323,A01,10,3,2,0,0,-1,-1,2,3,1,2021,60.0,2,2,0,1,2,16,1,,3,rd 05,-1,,2,2,0,1,(1),(1),2,, -1,1,0,1,50,18,12,2021,09:25,1,972,97223,2,1,0,6,Rue Cassien Sainte-Claire,14.562852,-60.937049,9,2,1
202100003970,194Â 651,A01,1,1,1,0,1,8,-1,-1, -1,-1,2021,84.0,3,2,1,0,1,0,1,,4,TAMARINS DES INDES (RUE DES),0,,1,1,0,1,0,0,1,, -1,1,0,3,50,6,12,2021,11:00,1,972,97209,2,1,0,6,TAMARINS DES INDES (RUE DES),14.61108,-61.05258,11,1,1
202100048146,115Â 688,B01,1,1,1,5,2,0,-1,0,0,-1,2021,48.0,3,1,0,2,1,1,5,,4,BOUALAM ROND POINT BACHAGA,0,,1,2,0,1,0,0,2,, -1,1,9,1,50,13,3,2021,09:50,1,6,6027,2,9,0,3,BOUALAM ROND POINT BACHAGA,43.66024,7.14415,9,2,2
202100052199,108Â 406,A01,1,1,1,0,2,6,-1,-1, -1,-1,2021,49.0,1,1,0,2,1,2,1,,1,AUTOROUTE A2,0,,3,4,0,1,54,99,1,, -1,1,0,1,110,5,2,2021,08:00,1,59,59288,1,1,0,2,AUTOROUTE A2,50.3222798715,3.4268760681,8,2,2
202100006246,190Â 632,B01,1,1,1,5,1,0,-1,-1, -1,-1,2021,55.0,0,2,0,2,3,1,1,,7,GRAVENAND ROUTE DU CENTRE DE,0,,2,2,0,2,10,650,3,, -1,1,0,1,50,21,11,2021,17:20,1,42,42186,2,1,0,5,Route du Centre de Gravenand,45.52784,4.59436,17,6,3
202100049950,112Â 464,A01,1,1,1,5,2,-1,-1,0,0,-1,2021,20.0,1,1,14,0,1,1,1,,3,36,0,,2,2,0,1,24,300,1,, -1,1,0,1,70,28,2,2021,16:00,1,38,38048,1,1,0,6,D36,45.600377,5.125079,16,1,1
202100012455,179Â 448,A01,10,3,2,9,0,-1,-1,3,3,1,2021,52.0,1,2,0,1,1,1,1,,4,DESBALS (RUE HENRI),0,,3,4,0,1,(1),(1),1,, -1,1,0,1,50,18,10,2021,10:50,1,31,31555,2,1,0,6,DESBALS (RUE HENRI),43.57908,1.411,10,2,1
202100024260,158Â 303,A01,10,3,2,5,0,-1,-1,9,9,2,2021,21.0,3,2,0,1,7,1,1,,4,SENIX (CHEMIN DE),0,,2,1,0,2,0,0,1,, -1,1,0,1,30,13,8,2021,20:50,2,64,64483,1,1,0,6,SENIX (CHEMIN DE),43.420630001,-1.62167,20,2,1
202100023446,159Â 713,A01,10,3,2,5,0,-1,-1,2,3,3,2021,26.0,2,1,0,1,1,1,1,,4,ANGLAIS (DU NÂ° 1 AU NÂ° 43),0,,3,6,0,1,0,0,1,, -1,1,0,1,50,20,8,2021,00:40,5,6,6088,2,1,0,6,ANGLAIS (DU NÂ° 1 AU NÂ° 43),43.69372,7.25616,0,2,1
202100002263,197Â 739,A01,1,1,1,1,2,6,-1,0,0,-1,2021,50.0,2,1,0,2,3,3,1,,4,PORTE D ORLEANS,0,,1,3,0,1,(1),(1),1,, -1,1,0,1,70,17,12,2021,14:45,1,75,75114,2,4,0,3,PORTE D ORLEANS,48.820532,2.323112,14,2,2
202100050414,111Â 585,B01,1,1,1,5,2,-1,-1,0,0,-1,2021,44.0,3,1,0,2,7,1,5,,9, -,0, -,2,2,1,1,(1),(1),1,, -1,1,0,5,-1,25,2,2021,17:00,1,71,71342,2,1,0,3,voie verte Ã©cluse numÃ©ro 23,46.444267,4.124873,17,2,2
202100056301,101Â 258,A01,10,3,2,3,0,-1,-1,3,3,2,2021,19.0,2,1,0,1,1,1,1,,7,612,-1,,1,1,0,1,0,23,3,, -1,1,5,1,50,4,1,2021,17:40,2,34,34270,2,6,0,6,Route de Sete,43.583453,3.848702,17,3,1
202100030398,147Â 431,A01,1,1,1,5,8,0,-1,-1, -1,-1,2021,21.0,1,1,15,0,1,0,0,,3,TOUR DU ROY QUAI,0,,2,2,0,1,0,0,1,, -1,1,0,1,50,6,7,2021,16:52,1,8,8105,2,1,0,6,TOUR DU ROY QUAI,49.7605,4.71448,16,1,1
202100019260,167Â 205,A01,10,3,1,9,0,-1,-1,9,B,1,2021,2.0,3,2,0,1,3,26,1,,6,,-1,,-1,-1,0,1,(1),(1),1,,"3,5",1,9,8,-1,13,9,2021,18:45,1,31,31206,2,9,0,6,parking clinique verdaich,43.276104,1.489098,18,2,1
202100041159,128Â 029,A01,1,1,1,0,8,0,-1,-1, -1,-1,2021,24.0,2,1,0,2,1,1,3,,3,VERDUN (AVENUE) (IMPAIRS JJAURES>A86),0,,2,4,2,1,0,0,1,, -1,2,5,1,50,6,5,2021,07:40,1,92,92078,2,3,1,3,VERDUN (AVENUE) (IMPAIRS JJAURES>A86),48.935502448,2.3338901133,7,2,2
202100001888,198Â 422,B01,1,1,1,0,1,0,-1,-1, -1,-1,2021,45.0,1,2,0,2,1,0,1,,3,TREGUIER (ROUTE DE),0,,-1,0,0,2,(1),(1),1,, -1,2,0,1,70,6,10,2021,22:25,3,22,22113,1,3,0,1,TREGUIER (ROUTE DE),48.7397666648,-3.4289574623,22,2,2
202100041671,127Â 118,A01,10,3,1,3,0,-1,-1,3,3,1,2021,26.0,1,2,0,1,2,1,1,,4,QUIMPER ( RUE DE),0,,2,2,0,1,(1),(1),1,, -1,1,0,8,50,27,4,2021,12:15,1,29,29039,2,1,0,6,Rue de Quimper,47.886052,-3.919729,12,2,1
202100016058,172Â 945,A01,10,3,1,9,8,8,-1,1,9,1,2021,20.0,3,4,0,0,0,16,1,,4,PASCAL (RUE),0,,2,2,0,1,(1),(1),3,, -1,2,0,1,50,28,9,2021,05:03,5,62,62548,2,1,1,6,PASCAL (RUE),50.94107,1.93201,5,2,1
202100014414,175Â 935,A01,1,1,1,9,2,6,-1,0,0,-1,2021,30.0,2,1,0,2,1,1,1,,4,AVENUE DES CHAMPS ELYSEES,0,,2,8,0,1,(1),(1),1,, -1,1,0,1,30,7,10,2021,20:35,5,75,75108,2,7,0,3,AVENUE DES CHAMPS ELYSEES,48.8677998,2.313906,20,2,2
202100050687,111Â 089,A01,10,3,1,2,0,-1,-1,3,3,3,2021,12.0,1,2,0,1,3,1,1,,3,522,0,D,2,2,0,2,10,300,1,, -1,1,5,1,70,22,2,2021,17:51,2,38,38351,1,1,0,6,1464 Route DÃ©partementale 522,45.547319,5.251529,17,2,1
202100046262,119Â 083,B01,1,1,2,5,1,-1,-1,0,0,-1,2021,21.0,2,2,0,2,1,2,1,,1,750,0,A,3,2,0,1,27,391,1,, -1,1,0,1,110,28,3,2021,17:50,1,34,34114,1,1,0,2,A750,43.641003,3.571827,17,3,2
202100026810,153Â 800,A01,2,2,1,1,1,0,-1,-1, -1,-1,2021,24.0,2,0,0,2,0,9,0,,7,CLEMENCEAU RUE,0,,2,2,0,1,(1),(1),1,, -1,2,5,1,50,27,7,2021,21:10,1,59,59648,2,3,0,2,CLEMENCEAU RUE,50.5938184035,3.0511415005,21,3,2
202100047171,117Â 452,B01,1,1,1,0,0,-1,-1,0,0,-1,2021,37.0,0,1,0,2,1,17,1,,2,7,0,N,2,2,0,4,6,275,1,, -1,1,0,1,50,21,3,2021,19:10,5,978,97801,2,1,0,3,RN7 - Route de la Savane,18.092441,-63.065944,19,2,2
202100044098,122Â 850,A01,1,1,1,1,0,-1,-1,0,0,-1,2021,24.0,2,1,0,0,2,1,3,,3,61,0,B,2,2,0,1,0,300,1,, -1,1,0,1,50,12,4,2021,08:30,1,1,1043,2,6,0,6,Chemin du Sermoraz,45.827667,4.997808,8,2,2
202100037068,135Â 442,A01,10,3,2,5,0,-1,-1,5,5,1,2021,14.0,0,0,0,1,0,25,0,,4,STALINGRAD (RUE DE),0,,1,1,0,1,1,0,1,, -1,1,6,4,10,1,6,2021,12:20,1,93,93048,2,1,0,6,STALINGRAD (RUE DE),48.8590881636,2.4430534243,12,2,1
202100012899,178Â 670,A01,1,1,1,0,2,6,-1,-1, -1,-1,2021,65.0,2,1,14,0,1,1,1,,3,9,0,,3,2,0,1,0,0,2,, -1,1,9,1,50,16,10,2021,21:45,5,92,92026,2,1,0,6,BAUDIN,48.895578,2.250516,21,1,1
202100016412,172Â 302,A01,5,2,2,9,0,-1,-1,0,0,-1,2021,32.0,2,2,0,2,2,21,1,,1,51,-1,,3,2,0,1,23,500,1,, -1,1,0,1,130,29,9,2021,08:45,1,13,13113,1,1,0,4,A51 pk 23.500,43.5895847008,5.4797994649,8,5,3
202100041090,128Â 164,A01,1,1,1,5,2,8,-1,-1, -1,-1,2021,27.0,2,6,0,2,2,13,1,,3,58,0,,2,2,0,1,(1),(1),1,, -1,1,0,1,50,5,5,2021,20:37,1,59,59569,2,1,0,1,LAMENDIN (RUE ARTHUR),50.36995,3.11246,20,2,2
202100048325,115Â 374,A01,2,2,2,5,2,6,-1,0,0,-1,2021,39.0,1,1,0,0,8,1,1,,3,54,-1,,2,2,0,1,(1),(1),1,, -1,1,0,1,30,13,3,2021,16:00,1,11,11235,2,1,0,7,D54,43.005769,2.370343,16,2,1
202100029504,149Â 057,A01,1,1,1,5,2,-1,-1,0,0,-1,2021,22.0,0,1,13,0,2,1,1,,3,37,-1,,2,2,0,2,4,212,2,, -1,1,0,1,80,12,7,2021,01:12,3,6,6150,1,1,0,6,Avenue de Cap d Ail,43.731352,7.394271,1,1,1
202100042249,126Â 110,A01,1,1,2,5,2,6,-1,0,0,-1,2021,17.0,1,1,0,2,1,13,1,,3,,-1,,2,2,0,1,(1),(1),1,, -1,1,0,1,50,22,4,2021,12:35,1,14,14654,2,3,0,3,Route de Magny,49.036335,-0.02657,12,2,2
202100015387,174Â 202,B01,1,1,2,5,1,-1,-1,0,0,-1,2021,40.0,2,2,0,2,6,23,1,,2,10,-1,,2,2,0,1,137,570,1,,7,2,0,1,50,4,10,2021,20:30,5,202,202207,2,1,0,2,hameau de FOLELLI,42.449705,9.506521,20,3,3
202100047145,117Â 497,A01,10,3,1,5,8,8,-1,1,3,1,2021,56.0,1,2,0,1,1,1,1,,4,RUE JEAN JAURES ,0,,2,2,0,1,0,0,1,, -1,1,0,1,30,21,3,2021,20:45,5,93,93063,2,1,0,6,JAURES RUE JEAN,48.8808174692,2.4419847327,20,2,1
202100001858,198Â 474,A01,1,1,1,9,1,0,-1,-1, -1,-1,2021,29.0,1,2,0,2,3,5,1,,4,,0,,2,2,0,1,(1),(1),1,, -1,1,0,1,50,19,12,2021,20:16,3,66,66136,1,1,0,1,PRADES (AVENUE DE ) ST CHARLES,42.6927303774,2.8463213146,20,2,2
202100025474,156Â 133,B01,1,1,1,5,2,6,-1,-1, -1,-1,2021,16.0,1,1,0,2,1,19,1,,4,Jean CHARCOT (Rue),0,,2,2,0,1,(1),(1),1,, -1,2,0,1,50,5,8,2021,03:00,5,7,7102,2,2,0,3,Jean CHARCOT (Rue),44.93643,4.86859,3,3,2
202100049220,113Â 774,B01,1,1,1,0,0,-1,-1,-1, -1,-1,2021,28.0,1,1,0,2,8,1,5,,4,UNIVERSITE (DE L')                  (PT),0,,1,4,0,1,(1),(1),1,, -1,1,0,1,50,4,3,2021,09:45,1,69,69387,2,2,0,3,UNIVERSITE (DE L') (PT),45.75198,4.83683,9,2,2
202100038925,132Â 055,B01,1,1,2,0,1,-1,-1,-1, -1,-1,2021,67.0,1,2,0,2,1,1,1,,1,,0,,1,1,0,1,10,450,1,, -1,1,3,1,50,20,5,2021,08:20,1,33,33075,2,2,0,3,Avenue du MÃ©doc,44.87963,-0.62681,8,2,2
202100005989,191Â 092,B01,1,1,1,9,2,6,-1,0,0,-1,2021,35.0,1,1,0,2,1,1,1,,4,RUE DES PYRENEES,0,,2,2,2,1,(1),(1),1,, -1,2,0,1,30,27,11,2021,10:20,1,75,75120,2,4,0,3,RUE DES PYRENEES,48.873802,2.388027,10,2,2
202100044739,121Â 747,B01,1,1,1,5,2,6,-1,0,0,-1,2021,32.0,1,1,0,2,1,14,1,,3,RD95,-1,,2,1,0,1,10,280,1,,3,1,0,1,50,8,4,2021,18:30,1,71,71441,2,4,0,1,la belouze,46.3156761393,4.5602809883,18,2,2
202100032136,144Â 306,Z01,10,3,2,9,0,-1,-1,3,3,2,2021,7.0,2,1,0,1,8,1,5,,4,RUE DU COMMERCE,0,,2,2,1,1,(1),(1),1,, -1,1,0,5,30,25,6,2021,16:20,1,75,75115,2,7,0,6,RUE DU COMMERCE,48.844507,2.293726,16,3,1
202100046002,119Â 527,A01,1,1,2,1,8,0,-1,-1, -1,-1,2021,49.0,2,1,0,2,1,25,3,,3,986,0,,2,0,0,1,0,0,1,, -1,1,0,1,50,30,3,2021,08:45,1,92,92025,2,2,0,3,AGENT SARRE (AV DE L'),48.9248394752,2.2666746673,8,2,2
202100010626,182Â 740,A01,1,1,1,5,2,6,-1,0,0,-1,2021,15.0,1,1,7,2,1,1,1,,4,1,0,C,2,2,0,1,(1),(1),1,, -1,1,0,1,80,28,10,2021,12:15,1,24,24171,1,2,0,3,2049 Route NapolÃ©on,45.385197,0.90436,12,2,2
202100037333,134Â 937,B01,1,1,2,5,1,-1,-1,0,0,-1,2021,48.0,2,2,0,2,6,1,1,,3,86,-1,,2,2,0,1,9,700,2,, -1,1,0,1,70,1,6,2021,13:00,1,85,85038,1,1,0,3,La Funerie,46.916254,-1.318692,13,2,2
202100055250,103Â 064,A01,1,1,1,4,0,-1,-1,0,0,-1,2021,57.0,2,4,3,0,3,13,1,,1,9,0,,3,3,0,1,131,54,1,, -1,1,0,1,130,14,1,2021,13:16,1,34,34157,1,1,0,6,"A9, PK 131.000",43.451081,3.59446,13,1,1
202100048692,114Â 717,A01,1,1,1,0,8,0,-1,0,0,-1,2021,15.0,0,1,0,0,0,1,1,,4,LABOURS ( CHEMIN DES ),0,,2,2,0,2,0,1,1,, -1,1,0,3,50,7,3,2021,15:00,1,5,5061,2,3,0,7,LABOURS ( CHEMIN DES ),44.57784,6.0862,15,1,1
202100010627,182Â 739,A01,10,3,2,5,0,-1,-1,6,2,3,2021,47.0,2,2,8,1,2,1,1,,3,D37,-1,,2,2,0,1,8,500,3,, -1,1,0,1,80,28,10,2021,18:45,1,27,27075,1,1,0,6,D37,48.900281,0.699992,18,4,1
202100014112,176Â 464,A01,1,1,1,9,1,4,-1,-1, -1,-1,2021,22.0,2,2,0,2,4,1,1,,1,A86 EXT,0,,1,3,0,1,43,299,1,, -1,1,0,1,90,9,10,2021,23:15,3,94,94081,1,1,0,2,A86 INT,48.7740034256,2.4056004171,23,2,2
202100019746,166Â 348,B01,1,1,1,0,2,8,-1,-1, -1,-1,2021,17.0,2,1,0,2,1,9,1,,3,BREMENT (RUE DE) 1 A 83 - 2 A 78,0,,2,2,1,1,0,0,1,, -1,1,0,1,50,8,9,2021,12:50,1,93,93053,2,3,0,3,BREMENT (RUE DE) 1 A 83 - 2 A 78,48.88925,2.45479,12,2,2
202100015503,173Â 991,A01,1,1,2,5,1,0,-1,-1, -1,-1,2021,62.0,1,2,0,2,2,15,1,,3,RD 704A,0,,3,3,0,2,0,0,2,, -1,1,0,1,70,30,9,2021,12:43,1,87,87065,1,3,0,3,RD 704A,45.79821,1.29565,12,2,2
202100035209,138Â 765,B01,1,1,1,5,0,0,-1,0,0,-1,2021,72.0,1,1,0,2,4,1,5,,4,PROMENADE PIERRE VERNIER,0,,2,2,1,1,0,0,1,, -1,1,0,5,30,9,6,2021,12:15,1,988,98818,2,1,0,2,PROMENADE PIERRE VERNIER,-22.28748,166.45757,12,2,2
202100025608,155Â 912,A01,1,1,1,0,1,0,-1,-1, -1,-1,2021,79.0,3,2,12,0,1,15,1,,7,GANCE (BOULEVARD ABEL),0,,3,4,0,1,(1),(1),2,, -1,1,0,1,50,3,8,2021,16:58,1,37,37261,2,6,0,7,GANCE (BOULEVARD ABEL),47.41012,0.72032,16,1,1
202100048478,115Â 109,A01,1,1,1,0,2,-1,-1,0,0,-1,2021,45.0,1,1,0,2,3,21,5,,3,3,-1,,2,2,0,2,19,1021,3,, -1,1,0,1,50,12,3,2021,11:00,1,6,6010,1,1,0,5,Route de Gourdon,43.684947,6.974854,11,3,3
202100007957,187Â 508,A01,10,3,1,0,0,-1,-1,4,3,1,2021,13.0,3,2,0,1,8,1,1,,4,BRILLIER(COUR),0,,3,5,0,1,(1),(1),1,, -1,1,9,1,50,23,5,2021,15:15,1,38,38544,2,1,0,6,Cours Brillier,45.5219,4.87178,15,2,1
202100053269,106Â 517,A01,10,3,1,0,8,8,-1,3,3,1,2021,39.0,-1,1,0,1,1,26,0,,3,JEAN JAURES (AVENUE),0,,2,2,0,1,1,1,1,, -1,1,0,1,50,28,1,2021,11:50,1,93,93032,2,1,0,6,JEAN JAURES (AVENUE),48.8835405792,2.529487469,11,2,1
202100016483,172Â 163,A01,2,2,2,5,1,8,-1,-1, -1,-1,2021,19.0,3,2,2,0,1,13,1,,4,ZAY (RUE  JEAN ),0,,2,2,0,2,(1),(1),1,, -1,2,0,3,50,26,9,2021,06:20,5,56,56121,2,1,0,6,ZAY (RUE  JEAN ),47.74543,-3.38652,6,2,1
202100051540,109Â 570,C01,1,1,2,5,1,-1,-1,0,0,-1,2021,56.0,1,2,0,2,3,1,1,,3,470,0,D,2,2,0,1,24,750,2,, -1,1,0,1,90,15,2,2021,12:00,1,39,39443,1,2,0,5,,46.543919,5.599267,12,5,3
202100049171,113Â 861,A01,8,2,2,3,1,-1,-1,0,0,-1,2021,11.0,1,2,0,0,8,9,1,,3,724,0,D,2,2,0,1,33,800,2,, -1,1,0,1,80,5,3,2021,17:50,1,56,56070,1,3,0,3,Le Bas de la Lande,47.952155,-2.566383,17,6,2
202100049429,113Â 408,A01,10,3,1,4,0,-1,-1,-1, -1,1,2021,22.0,1,5,0,1,2,9,1,,4,CHARLES FLOQUET (AVENUE),0,,1,1,0,1,0,0,1,, -1,1,0,1,30,3,3,2021,10:30,1,93,93007,2,9,0,6,CHARLES FLOQUET (AVENUE),48.940552706,2.4483263564,10,2,1
202100009217,185Â 238,A01,1,1,1,5,1,-1,-1,-1,0,-1,2021,16.0,3,2,1,0,3,14,1,,4,MARAIS (AVENUE DES),0,,2,2,0,1,(1),(1),3,, -1,1,0,1,50,5,11,2021,15:00,1,95,95252,2,1,0,3,MARAIS (AVENUE DES),48.9909095986,2.2230792046,15,6,2
202100003463,195Â 561,A01,1,1,1,5,1,-1,-1,0,0,-1,2021,36.0,1,2,0,2,3,1,1,,3,10,-1,,2,2,0,1,3,636,1,,"5,5",1,0,1,90,12,12,2021,17:35,3,61,61118,1,2,0,3,D10,48.470531,0.645361,17,2,2
202100043876,123Â 243,A01,1,1,1,0,1,-1,-1,-1, -1,-1,2021,24.0,1,2,0,2,1,1,1,,4,BRUYANT (RUE),0,,2,1,0,1,(1),(1),1,, -1,1,0,1,50,15,4,2021,18:20,1,51,51454,2,2,0,1,Rue Bruyant,49.2590999256,4.0126398115,18,3,2
202100053166,106Â 703,B01,3,2,2,5,1,8,-1,-1, -1,-1,2021,16.0,1,2,0,2,1,1,1,,2,DUMANOIR ( ALLEE ),0,,-1,2,0,1,(1),(1),1,, -1,1,0,1,50,28,1,2021,20:50,5,971,97107,2,3,0,1,DUMANOIR ( ALLEE ),16.03255,-61.56954,20,4,2
202100025555,155Â 996,A01,1,1,1,0,2,-1,-1,0,0,-1,2021,21.0,1,1,0,2,1,16,1,,3,46,-1,,2,2,0,1,5,779,3,, -1,1,0,1,80,5,8,2021,16:45,1,40,40011,1,4,0,1,1218 route de BONNUT,43.5639915342,-0.7839560509,16,2,2
202100039279,131Â 390,A01,10,3,1,5,0,-1,-1,1,3,3,2021,25.0,1,2,0,1,2,1,1,,2,A216,0,,1,6,0,1,1,800,1,, -1,1,9,1,50,19,5,2021,13:40,1,62,62193,1,1,0,6,A216,50.97037,1.8794,13,3,1
202100043531,123Â 852,A01,3,2,1,5,1,-1,-1,-1,0,-1,2021,26.0,1,2,0,2,3,1,1,,3,RD 170 B6 ,0,,1,2,0,1,0,200,3,, -1,1,0,1,70,19,4,2021,14:25,1,95,95277,1,1,0,3,RD 170 B6 ,48.9740810748,2.4851202965,14,4,2
202100022683,161Â 068,B01,1,1,2,5,1,0,-1,-1, -1,-1,2021,35.0,2,2,0,2,9,1,1,,1,A86 INT,0,,3,6,0,1,39,99,1,, -1,1,0,1,90,25,8,2021,13:30,1,94,94028,1,1,0,4,A86 INT,48.79146,2.44096,13,3,3
202100017151,170Â 982,A01,1,1,1,5,2,6,-1,0,0,-1,2021,31.0,2,1,0,2,1,17,1,,7,,-1,,2,2,0,2,6,750,1,, -1,1,0,1,70,23,9,2021,17:40,1,63,63345,1,3,0,2,D942/chemin,45.745994,2.958777,17,2,2
202100030838,146Â 642,A01,1,1,1,3,2,-1,-1,-1, -1,-1,2021,30.0,3,1,0,2,1,1,1,,4,FOURIAUX (RUE MARIE-CLEMENCE),0,,-1,2,0,1,(1),(1),1,, -1,2,0,1,50,4,7,2021,13:00,1,51,51454,2,4,1,1,Rue Marie ClÃ©mence Fouriaux,49.26504,4.02256,13,2,2
202100053230,106Â 585,B01,1,1,1,4,1,8,-1,-1, -1,-1,2021,47.0,3,5,0,2,4,23,1,,3,RD 6009 NARBONNE - BEZIERS,0,,2,2,0,1,0,0,1,, -1,1,0,1,80,28,1,2021,09:00,1,11,11262,2,1,0,2,RD 6009 NARBONNE - BEZIERS,43.195233,2.996139,9,2,2
202100038746,132Â 359,A01,1,1,1,0,1,0,-1,0,0,-1,2021,35.0,1,2,0,2,1,1,1,,4,TOLSTOI (BOULEVARD),0,,2,3,0,1,(1),(1),1,, -1,1,0,1,50,22,5,2021,09:50,1,54,54526,2,3,0,3,TOLSTOI (BOULEVARD),48.6813726711,6.2160398439,9,2,2
202100021972,162Â 355,A01,2,2,2,5,1,-1,-1,0,0,-1,2021,56.0,2,2,0,2,7,19,1,,2,40,0,T,2,2,0,2,9,250,1,, -1,1,0,1,80,28,8,2021,23:00,3,201,201104,1,1,0,5,RT 40 Ã  hauteur motel Aqua Dolce,41.913072,8.842835,23,4,3
202100014869,175Â 134,A01,1,1,1,0,2,6,-1,-1, -1,-1,2021,36.0,2,1,0,0,0,1,1,,4,BATELIER (RUE DES) DE (1 A 19),0,,1,1,0,1,0,0,1,, -1,1,0,1,30,1,10,2021,11:55,1,92,92024,2,1,0,7,BATELIER (RUE DES) DE (1 A 19),48.9064177731,2.3045647144,11,1,1
202100053489,106Â 108,A01,10,3,1,2,0,-1,-1,3,3,1,2021,13.0,1,2,0,1,3,1,1,,4,JULIAN GRIMAU (R),0,,2,2,0,1,1,0,1,, -1,2,0,8,30,27,1,2021,07:50,5,94,94081,2,1,1,6,Rue Julian Grimau,48.77836,2.37592,7,2,1
202100016584,171Â 987,A01,1,1,1,9,9,-1,-1,0,0,-1,2021,48.0,0,2,0,9,9,0,1,,4,,0,,2,1,0,1,(1),(1),1,,3,1,0,8,80,17,9,2021,02:00,1,7,7126,1,9,0,7,Chemin de Lacessas,44.421264,4.424143,2,1,1
202100008750,186Â 095,A01,1,1,1,9,2,6,-1,0,0,-1,2021,35.0,1,1,0,2,8,21,1,,4,BOULEVARD BERTHIER,0,,2,1,0,1,(1),(1),1,, -1,1,0,1,30,9,11,2021,13:40,1,75,75117,2,7,0,7,BOULEVARD BERTHIER,48.887168,2.297963,13,1,1
202100037232,135Â 131,B01,2,2,1,0,1,0,-1,0,0,-1,2021,19.0,1,2,0,2,3,1,1,,4,OLYMPE DE GOUGES,0,,2,2,0,1,(1),(1),1,, -1,1,0,1,30,31,5,2021,17:45,1,54,54395,2,1,0,1,OLYMPE DE GOUGES,48.6968525374,6.1950042844,17,3,2
202100050261,111Â 878,A01,2,2,1,5,1,-1,-1,0,0,-1,2021,21.0,1,2,6,2,1,1,1,,3,619,-1,,1,1,0,1,1,0,3,, -1,2,0,1,50,26,2,2021,12:50,1,10,10033,2,1,1,3,Boulevard de la RÃ©publique,48.230444,4.708307,12,4,2
202100000775,200Â 329,A01,1,1,1,0,1,0,-1,-1, -1,-1,2021,51.0,1,2,0,2,3,1,1,,7,ALPHONSE DAUDET (RUE),0,,1,1,0,1,(1),(1),1,, -1,1,0,1,50,31,12,2021,11:20,1,13,13213,2,3,1,3,ALPHONSE DAUDET (RUE),43.31779,5.40609,11,2,2