Num_Acc,id_vehicule,num_veh,place,catu,sexe,trajet,secu1,secu2,secu3,locp,actp,etatp,year_acc,victim_age,senc,catv,obs,obsm,choc,manv,motor,occutc,catr,voie,v1,v2,circ,nbv,vosp,prof,pr,pr1,plan,lartpc,larrout,surf,infra,situ,vma,jour,mois,an,hrmn,lum,dep,com,agg_,int,atm,col,adr,lat,long,hour,nb_victim,nb_vehicules
202100015947,173Â 160,A01,10,3,2,9,0,-1,-1,2,5,1,2021,52.0,1,1,0,1,8,18,1,,4,RUE DE LA CONVENTION,0,,-1,0,0,1,(1),(1),1,, -1,1,0,1,30,30,9,2021,19:20,2,75,75115,2,2,0,6,RUE DE LA CONVENTION,48.837231,2.296438,19,2,1
202100002259,197Â 744,A01,10,3,2,5,0,-1,-1,3,3,1,2021,54.0,1,3,0,1,3,1,1,1.0,4,LUCIEN MOREL PAYEN (RUE),0,,2,3,0,1,(1),(1),3,, -1,1,0,1,50,18,12,2021,07:39,5,10,10387,2,3,0,6,LUCIEN MOREL PAYEN (RUE),48.3059,4.0926,7,2,1
202100008554,186Â 444,A01,1,1,2,2,1,-1,-1,0,0,-1,2021,55.0,2,2,13,0,4,2,1,,3,901,0,D,2,2,0,1,(1),(1),1,, -1,1,0,1,80,12,11,2021,07:45,1,84,84054,1,1,0,2,D 901,43.903729,5.082244,7,2,2
202100005077,192Â 702,B01,1,1,1,2,2,6,-1,-1, -1,-1,2021,15.0,1,1,0,2,1,1,1,,4,NOURRIC (CHEMIN DE),0,,2,2,0,4,0,0,4,, -1,1,0,1,50,2,12,2021,13:10,1,32,32013,2,1,0,3,NOURRIC (CHEMIN DE),43.63441,0.59585,13,2,2
202100046952,117Â 851,A01,1,1,2,9,8,0,-1,0,0,-1,2021,25.0,2,1,0,1,3,1,5,,4,BOULEVARD DE PICPUS,0,,2,4,1,1,(1),(1),1,, -1,1,-1,5,30,23,3,2021,10:50,1,75,75112,2,4,0,6,BOULEVARD DE PICPUS,48.846503,2.400021,10,2,1
202100021124,163Â 899,A01,1,1,2,2,1,-1,-1,0,0,-1,2021,18.0,1,2,0,2,5,12,1,,3,173,0,,3,4,0,1,10,500,1,, -1,1,0,1,110,3,9,2021,20:30,2,35,35167,1,1,0,3,Route dÃ©partementale 173,47.8433981235,-1.3307331235,20,4,2
202100013525,177Â 551,A01,1,1,1,4,2,6,-1,-1, -1,-1,2021,19.0,2,1,0,2,2,2,1,,4,FAUBOURG BANNIER (RUE DU ),0,,2,2,0,1,(1),(1),1,, -1,1,0,1,50,13,10,2021,19:55,5,45,45234,2,2,0,3,Rue du Faubourg Bannier,47.9089346854,1.9009537697,19,2,2
202100015475,174Â 041,A01,10,3,2,0,0,-1,-1,4,3,1,2021,30.0,2,2,0,1,3,15,1,,4,CREQUI (DE)                         (R ),0,,1,2,2,1,(1),(1),1,, -1,1,0,1,30,2,10,2021,14:45,1,69,69386,2,1,0,6,CREQUI (DE) (R),45.76369,4.84706,14,2,1
202100013762,177Â 111,B01,1,1,1,5,0,-1,-1,0,0,-1,2021,59.0,1,1,0,2,4,1,5,,3,6086,0,A,2,2,0,1,42,715,1,, -1,1,5,1,50,2,8,2021,16:30,1,30,30212,2,1,0,2,RD6086,43.934495,4.557111,16,2,2
202100012066,180Â 145,B01,1,1,2,9,8,0,-1,-1, -1,-1,2021,35.0,-1,2,2,2,1,12,1,,3,DE PRESSENSE FRANCIS,0,,-1,1,0,1,0,9,1,, -1,2,0,1,50,19,10,2021,07:30,5,93,93066,2,1,1,4,DE PRESSENSE FRANCIS,48.921251452,2.3656922579,7,3,3
202100055210,103Â 129,B01,1,1,1,1,2,0,-1,0,0,-1,2021,31.0,3,1,0,2,2,1,1,,4,BOULEVARD ROMAIN ROLLAND,0,,2,2,0,1,(1),(1),1,, -1,2,0,1,50,13,1,2021,14:37,1,75,75114,2,5,1,3,BOULEVARD ROMAIN ROLLAND,48.822375651,2.3141509295,14,2,2
202100044030,122Â 975,A01,1,1,1,4,1,-1,-1,0,0,-1,2021,48.0,3,3,0,2,1,2,6,1.0,4,BREST ROUTE DE,0,,1,1,0,1,(1),(1),2,, -1,1,9,1,50,13,4,2021,18:10,1,29,29232,2,6,0,2,Route du Loc H,48.01903,-4.08422,18,2,2
202100031036,146Â 263,A01,10,3,2,3,0,-1,-1,4,3,1,2021,29.0,1,1,0,1,1,1,1,,3,SOULT (AVENUE MARECHAL),0,,2,4,0,2,8,865,1,, -1,1,0,1,50,28,6,2021,12:40,1,64,64102,2,1,0,6,SOULT (AVENUE MARECHAL),43.48368,-1.50096,12,2,1
202100012744,178Â 935,A01,1,1,1,4,1,-1,-1,0,0,-1,2021,41.0,1,2,0,0,4,1,1,,1,11,0,A,3,2,0,4,237,500,1,,10,1,0,3,130,17,10,2021,11:45,1,49,49188,1,1,0,7,A11 - PK 237+500,47.59534,-0.31517,11,1,1
202100053154,106Â 727,B01,1,1,2,5,1,8,-1,-1, -1,-1,2021,63.0,3,2,0,2,4,1,1,,4,MASCAREIGNES(BOULEVARD),0,,2,3,3,1,0,0,1,, -1,1,0,1,70,29,1,2021,12:20,1,974,97407,1,1,0,4,MASCAREIGNES(BOULEVARD),-20.936567,55.307452,12,3,3
202100028359,151Â 012,A01,1,1,1,5,2,-1,-1,0,0,-1,2021,66.0,1,1,0,0,0,1,1,,3,d11,0,,2,2,0,1,18,808,2,, -1,1,0,3,80,18,7,2021,19:00,1,76,76021,1,1,0,7,Route de Mentheville,49.688764,0.416569,19,1,1
202100039089,131Â 762,A01,2,2,2,9,2,8,-1,-1, -1,-1,2021,18.0,1,1,0,2,1,1,1,,4,LIEGE DE,0,,-1,2,0,1,0,0,1,, -1,1,0,1,50,20,5,2021,18:05,1,64,64445,2,1,0,2,LIEGE DE,43.29973,-0.37449,18,3,2
202100011346,181Â 448,B01,1,1,1,0,8,0,-1,-1, -1,-1,2021,21.0,1,0,0,2,0,2,3,,4,L'ABBE ROUGIER (RUE),0,,3,2,0,1,0,0,1,, -1,1,0,1,50,22,10,2021,08:15,1,987,98736,1,1,0,3,L'ABBE ROUGIER (RUE),-17.52923,-149.55114,8,3,2
202100044934,121Â 408,B01,1,1,2,5,2,6,-1,-1, -1,-1,2021,19.0,2,1,0,2,8,1,1,,4,PAULMY (AVENUE DES ALLEES),0,,2,4,0,1,0,0,2,, -1,1,5,1,50,5,4,2021,18:30,1,64,64102,2,3,0,3,PAULMY (AVENUE DES ALLEES),43.49504,-1.47847,18,2,2
202100030682,146Â 911,B01,1,1,2,1,1,4,-1,-1,0,-1,2021,58.0,1,2,4,2,1,1,1,,2,RN 104,0,,3,4,0,1,12,399,2,, -1,2,0,1,110,5,7,2021,08:40,1,95,95682,1,1,1,2,RN 104,49.06827,2.38573,8,2,2
202100038515,132Â 798,B01,4,2,1,9,1,8,-1,-1, -1,-1,2021,3.0,0,2,0,2,1,26,0,,7,CARNOT (PLACE),0,,-1,2,0,1,(1),(1),1,, -1,2,5,1,50,24,5,2021,16:05,1,59,59332,2,2,1,3,CARNOT (PLACE),50.667297,3.211128,16,4,2
202100055807,102Â 114,A01,2,2,2,0,1,0,-1,-1, -1,-1,2021,66.0,3,2,8,0,1,1,1,,4,JACQUARD RUE,0,,2,2,0,1,(1),(1),1,, -1,1,0,1,50,8,1,2021,14:45,1,25,25056,2,4,0,6,JACQUARD RUE,47.240122,5.993761,14,2,1
202100051797,109Â 113,B01,1,1,1,5,1,0,-1,-1, -1,-1,2021,73.0,3,2,0,2,8,15,1,,4,POMPIDOU (AVENUE GEORGES),0,,2,3,0,1,(1),(1),1,, -1,2,0,1,50,10,2,2021,11:35,1,37,37261,2,3,0,3,POMPIDOU (AVENUE GEORGES),47.3849855656,0.7102822065,11,2,2
202100003717,195Â 105,A01,10,3,1,5,0,-1,-1,2,3,1,2021,42.0,2,2,0,1,2,1,1,,4,BOULEVARD RICHARD LENOIR,0,,3,1,1,1,(1),(1),1,, -1,2,0,1,30,10,12,2021,01:21,5,75,75111,2,2,1,6,BOULEVARD RICHARD LENOIR,48.854017,2.368977,1,3,1
202100034815,139Â 480,A01,10,3,2,0,0,-1,-1,3,3,1,2021,75.0,1,1,0,1,1,1,5,,4,AUGUSTE MOUNIE (RUE),0,,1,1,1,1,0,0,1,, -1,1,6,1,30,12,6,2021,19:00,1,92,92002,2,1,0,6,AUGUSTE MOUNIE (RUE),48.7539709158,2.3023518843,19,2,1
202100022080,162Â 158,B01,1,1,1,5,2,6,-1,-1, -1,-1,2021,52.0,1,1,0,2,1,1,1,,4,MOULIN JEAN (RUE),0,,-1,2,0,1,(1),(1),1,, -1,1,0,1,50,27,8,2021,17:40,1,34,34301,2,2,0,3,CHAVASSE (RUE),43.41001,3.68831,17,2,2
202100051189,110Â 173,B01,1,1,1,9,2,6,-1,0,0,-1,2021,23.0,1,1,0,2,2,17,1,,4,AVENUE PARMENTIER,0,,1,1,0,1,(1),(1),1,, -1,1,0,1,30,17,2,2021,12:50,1,75,75111,2,3,0,3,AVENUE PARMENTIER,48.858425,2.380065,12,2,2
202100010664,182Â 666,B01,1,1,1,0,1,0,-1,-1, -1,-1,2021,27.0,2,2,0,2,1,2,0,,1,AUTOROUTE A6,0,,3,3,0,1,18,950,1,, -1,1,0,1,110,28,10,2021,19:30,5,91,91434,1,1,0,4,AUTOROUTE A6,48.66799,2.35559,19,5,5
202100010003,183Â 819,A01,1,1,1,5,2,6,-1,-1, -1,-1,2021,26.0,1,1,12,0,2,14,1,,4,BAUDOT (RUE EMILE),0,,3,2,0,1,0,0,1,, -1,2,0,4,50,31,10,2021,20:43,5,91,91377,2,1,0,7,BAUDOT (RUE EMILE),48.71905,2.26434,20,1,1
202100027536,152Â 507,B01,2,2,2,0,1,0,-1,-1, -1,-1,2021,15.0,0,2,0,2,3,1,1,,4,AMBOISE (RUE D'),0,,1,1,0,1,(1),(1),1,, -1,1,0,1,50,22,7,2021,19:25,1,37,37261,2,2,0,3,AMBOISE (RUE D'),47.3818698318,0.6898829184,19,3,2
202100009268,185Â 130,A01,2,2,2,0,1,0,-1,-1, -1,-1,2021,17.0,3,2,0,2,1,0,1,,4,SAINT JOSEPH (CHEMIN DE),0,,2,4,0,1,0,0,1,, -1,1,0,1,50,5,11,2021,10:10,1,13,13215,2,1,0,3,SAINT JOSEPH (CHEMIN DE),43.3593444114,5.3649780714,10,3,2
202100010216,183Â 448,A01,1,1,1,5,1,-1,-1,0,0,-1,2021,35.0,1,2,3,0,3,0,1,,2,141,0,N,3,4,0,1,86,250,3,, -1,1,0,1,110,31,10,2021,05:10,3,16,16216,1,1,0,6,"RN 141, PR 86+250",45.6871429662,-0.0809973478,5,1,1
202100047666,116Â 549,A01,10,3,1,9,0,-1,-1,3,3,1,2021,88.0,3,2,0,1,1,16,1,,4,CHAUVELOT (RUE),0,,1,1,0,1,(1),(1),1,, -1,2,0,1,50,17,3,2021,18:50,2,75,75114,2,3,1,6,BOULEVARD ADOPLPHE PINARD,48.8234458006,2.3090855777,18,2,1
202100000433,200Â 932,B01,1,1,1,2,2,6,-1,0,0,-1,2021,16.0,1,1,0,2,1,1,1,,3,,-1,,2,2,0,1,(1),(1),1,,4,1,0,1,80,10,11,2021,06:45,3,49,49018,1,2,0,3,D60,47.495226,-0.130849,6,2,2
202100021390,163Â 410,B01,1,1,1,1,1,0,-1,-1, -1,-1,2021,25.0,1,2,0,2,4,1,1,,1,A507 sens Marseille - Aubagne,0,,1,2,0,2,3,329,3,, -1,1,1,1,70,1,9,2021,07:36,1,13,13055,1,1,0,2,A507 sens Marseille - Aubagne,43.300384,5.425309,7,2,2
202100055230,103Â 097,A01,1,1,2,5,1,0,-1,-1, -1,-1,2021,21.0,2,2,0,2,8,13,1,,4,MARTYRS DE LA DEPORTATION (RUE DES),0,,2,2,0,1,0,0,1,, -1,2,0,1,50,13,1,2021,19:00,5,93,93007,1,1,1,3,MARTYRS DE LA DEPORTATION (RUE DES),48.947362,2.438727,19,2,2
202100003306,195Â 857,A01,10,3,2,5,8,-1,-1,4,6,1,2021,36.0,1,2,0,1,1,1,1,,3,422,-1,,2,2,0,1,19,900,1,, -1,2,9,1,30,10,12,2021,17:10,5,67,67348,2,1,0,6,139 rue du gÃ©nÃ©ral gouraud,48.463032,7.470629,17,2,1
202100021263,163Â 650,A01,2,2,2,0,2,-1,-1,-1, -1,-1,2021,35.0,0,1,0,2,4,23,1,,4,RUE DU BOCAGE CAUD,0,,2,2,0,1,(1),(1),1,, -1,1,0,1,50,24,8,2021,23:40,5,33,33063,2,3,0,2,Rue du Bocage,44.8496,-0.60136,23,3,2
202100005209,192Â 464,Z01,10,3,1,0,0,-1,-1,9,B,1,2021,18.0,3,2,0,1,0,0,1,,4,CHEM DE LEYRAN,0,,2,2,0,1,(1),(1),1,, -1,1,0,1,50,23,7,2021,16:45,1,33,33550,2,1,0,6,Chemin de Leyran,44.77712,-0.54589,16,2,1
202100009675,184Â 415,A01,1,1,2,5,1,-1,-1,0,0,-1,2021,94.0,1,2,0,0,0,1,1,,3,254,-1,,2,2,0,1,6,139,3,, -1,1,0,3,80,4,11,2021,09:55,1,17,17362,1,1,0,6,Moulin de Bergis,45.369895,-0.609044,9,1,1
202100051859,109Â 006,B01,1,1,1,2,0,-1,-1,0,0,-1,2021,13.0,2,1,0,2,7,19,5,,3,916,0,,1,1,0,1,15,785,1,, -1,2,0,1,50,12,2,2021,08:10,2,66,66108,2,1,1,3,19 Avenue Jean JaurÃ©s,42.691204,2.699776,8,2,2
202100009669,184Â 426,B01,1,1,1,1,1,-1,-1,0,0,-1,2021,23.0,2,5,0,2,1,9,1,,3,5,-1,D,2,2,0,2,2,840,1,, -1,2,0,1,50,2,11,2021,08:07,2,72,72334,2,9,1,3,85 Rue du GÃ©nÃ©ral de Gaulle,48.191649,-0.129147,8,2,2
202100001363,199Â 328,A01,2,2,2,0,2,6,-1,-1, -1,-1,2021,16.0,3,1,12,0,1,1,1,,4,RUE PIERRE BROSSOLETTE,0,,2,2,0,2,0,0,1,, -1,1,0,1,50,24,12,2021,17:00,1,974,97407,1,1,1,7,RUE PIERRE BROSSOLETTE,-20.9534,55.30498,17,2,1
202100009410,184Â 882,B01,1,1,1,4,2,6,-1,-1,0,-1,2021,25.0,3,1,0,2,1,1,1,,4,VILLEBOIS MAREUIL (RUE),0,,2,1,0,1,(1),(1),1,, -1,1,0,1,50,28,10,2021,10:50,1,95,95427,2,3,1,3,VILLEBOIS MAREUIL (RUE),48.96219,2.33024,10,2,2
202100003122,196Â 185,B01,2,2,1,5,1,0,-1,-1, -1,-1,2021,38.0,0,2,0,2,1,15,1,,4,TAILLES (AVENUE DES),0,,2,2,0,1,(1),(1),1,, -1,1,0,1,50,12,11,2021,19:25,5,41,41295,2,2,0,3,TAILLES (AVENUE DES),47.59505,1.38912,19,3,2
202100009681,184Â 402,B01,1,1,2,4,1,-1,-1,0,0,-1,2021,54.0,1,2,0,0,4,2,1,,3,213,0,D,4,3,0,2,21,0,1,, -1,1,2,1,70,3,11,2021,15:59,1,44,44103,1,1,0,2,D213,47.296026,-2.177675,15,2,2
202100053881,105Â 435,B01,1,1,2,4,8,-1,-1,0,0,-1,2021,52.0,3,2,0,0,7,1,1,,4,,-1,,2,2,0,1,(1),(1),1,, -1,2,5,1,80,23,1,2021,09:55,1,1,1348,1,2,1,3,Chemin de Mereges,46.187838,4.812355,9,2,2
202100056178,101Â 473,B01,1,1,1,5,2,0,-1,0,0,-1,2021,40.0,1,1,0,2,0,1,1,,4,BOULEVARD DE LA VILLETTE,0,,1,1,0,1,(1),(1),1,, -1,2,0,1,50,5,1,2021,11:00,1,75,75119,2,1,0,3,BOULEVARD DE LA VILLETTE,48.875579,2.373132,11,2,2
202100041874,126Â 774,B01,1,1,2,3,1,-1,-1,-1, -1,-1,2021,28.0,2,2,0,2,8,1,1,,4,COMMANDANT CHARCOT (DU)             (R ),0,,2,4,0,1,(1),(1),1,, -1,1,0,1,30,28,4,2021,16:50,1,69,69385,2,1,0,3,COMMANDANT CHARCOT (R),45.7538,4.8055,16,4,2
202100034970,139Â 191,B01,1,1,1,5,8,0,-1,-1, -1,-1,2021,10.0,1,1,0,2,0,1,3,,4,RHIN (ROUTE DU),0,,2,3,0,1,0,0,1,, -1,1,0,1,50,9,6,2021,17:15,1,67,67482,2,1,0,3,RHIN (ROUTE DU),48.5735,7.7979,17,2,2
202100007886,187Â 644,A01,1,1,1,5,2,-1,-1,0,0,-1,2021,19.0,3,1,0,2,3,1,1,,3,27,0,D,2,2,0,3,(1),(1),1,, -1,1,0,1,50,17,11,2021,19:28,3,974,97422,2,3,0,1,Chemin Neuf,-21.244172,55.512559,19,2,2
202100000105,201Â 564,B01,1,1,1,5,1,-1,-1,0,0,-1,2021,28.0,2,2,0,2,1,1,1,,3,16,0,D,2,2,0,2,24,130,2,, -1,2,0,1,70,28,12,2021,15:45,1,74,74011,1,1,1,1,D16,45.908077,6.199679,15,3,2
202100038462,132Â 895,B01,1,1,2,1,1,-1,-1,0,0,-1,2021,38.0,2,2,0,0,4,1,1,,3,81,-1,,2,2,0,1,221,800,1,, -1,1,0,1,80,26,5,2021,08:30,1,202,202205,1,1,0,2,Patrimonio,42.698318,9.35739,8,2,2
202100024042,158Â 671,B01,1,1,1,5,0,-1,-1,0,0,-1,2021,37.0,1,1,0,2,1,0,5,,3,191,-1,,2,2,0,2,36,878,1,, -1,1,0,1,80,14,8,2021,17:50,1,62,62439,1,9,0,3,888 Route du Ventu,50.799005,1.872252,17,2,2
202100000368,201Â 051,A01,1,1,2,0,1,0,-1,0,0,-1,2021,88.0,2,2,6,2,1,4,1,,4,,0,,2,2,0,1,(1),(1),1,, -1,1,0,1,50,13,11,2021,17:00,2,6,6069,2,6,0,2,POISSONNIERS (CHEMIN DES),43.647177,6.940159,17,2,2
202100024414,158Â 045,A01,1,1,1,0,2,-1,-1,0,0,-1,2021,34.0,2,1,0,2,1,17,1,,3,753,0,D,2,2,0,1,70,530,1,, -1,1,0,1,80,13,8,2021,19:45,1,85,85172,1,1,0,5,Route de Challans,46.827517,-1.947927,19,4,3
202100052194,108Â 416,A01,1,1,1,0,1,-1,-1,0,0,-1,2021,48.0,2,2,2,2,1,2,1,,3,23,-1,,2,2,0,1,14,800,1,, -1,2,0,1,80,8,2,2021,10:27,1,57,57160,1,1,1,2,DÃPARTEMENTAL 23,49.217541,6.664538,10,2,2
202100030151,147Â 878,B01,1,1,1,1,2,-1,-1,-1, -1,-1,2021,49.0,1,1,0,2,2,17,1,,4,PIERRE TERRASSE                     (AV),0,,2,2,0,1,(1),(1),1,, -1,2,0,1,50,6,7,2021,10:15,1,69,69034,2,1,1,3,PIERRE TERRASSE (AV),45.79915,4.84769,10,2,2
202100022785,160Â 873,A01,10,3,2,1,0,-1,-1,5,1,1,2021,47.0,1,2,0,1,5,20,1,,3,PERI (AVENUE GABRIEL),0,,3,4,0,1,4,0,1,, -1,1,0,4,50,23,8,2021,17:30,1,95,95018,2,1,0,6,RD 311,48.9389054811,2.2499471872,17,2,1
202100036660,136Â 183,RA01,10,3,2,2,0,-1,-1,5,3,1,2021,14.0,2,5,0,1,1,9,1,,4,LISBONNE (RUE DE),0,,2,1,0,1,0,0,1,, -1,1,9,4,50,3,6,2021,08:30,1,93,93064,2,9,0,6,LISBONNE (RUE DE),48.88025,2.473865,8,2,1
202100040189,129Â 763,B01,1,1,1,5,8,0,-1,-1, -1,-1,2021,27.0,1,1,1,2,7,17,5,,4,SAINT-HELIER,0,,2,2,1,1,(1),(1),1,, -1,1,0,1,30,12,5,2021,06:10,5,35,35238,2,1,0,3,SAINT-HELIER,48.10623,-1.66751,6,2,2
202100010209,183Â 460,B01,1,1,1,5,2,-1,-1,0,0,-1,2021,41.0,0,1,0,2,7,23,5,,4,,-1,,2,2,0,1,(1),(1),2,,4,1,0,3,70,9,10,2021,10:55,1,44,44195,1,1,0,1,Moulin de la PÃ¢quelais (Patrimoine national),47.341007,-1.896064,10,2,2
202100010399,183Â 124,A01,1,1,1,5,2,-1,-1,0,0,-1,2021,28.0,2,1,0,0,0,1,5,,3,386,0,D,2,2,0,1,4,900,1,, -1,1,0,3,80,2,9,2021,15:30,1,51,51287,1,1,0,7,D386,49.0933360557,3.9403481312,15,1,1
202100029881,148Â 383,A01,1,1,1,5,1,-1,-1,0,0,-1,2021,32.0,1,2,2,0,9,1,1,,3,21,-1,,2,2,0,1,14,700,1,, -1,1,0,3,90,10,7,2021,01:10,3,3,3289,1,1,0,6,Queue de l Etang,46.379978,3.536042,1,1,1
202100054382,104Â 556,A01,10,3,1,5,0,-1,-1,1,9,1,2021,34.0,2,2,0,1,1,9,1,,2,2,-1,,2,-1,0,1,121,50,1,, -1,1,9,1,90,21,1,2021,20:30,3,974,97405,1,1,0,6,Rue Augustin MÃ©zino,-21.363901,55.539805,20,2,1
202100051134,110Â 275,B01,1,1,1,5,1,-1,-1,0,0,-1,2021,21.0,1,2,0,0,1,1,1,,3,622,0,D,2,2,0,1,6,50,1,, -1,2,0,1,80,24,1,2021,15:35,1,81,81143,2,1,1,1,D622,43.535716,2.104037,15,2,2
202100014595,175Â 624,B01,1,1,1,0,-1,0,-1,-1, -1,-1,2021,50.0,2,1,0,2,1,1,5,,4,TESTELIN (RUE ACHILLE),0,,2,1,0,1,(1),(1),1,, -1,1,0,1,50,7,10,2021,12:15,1,59,59599,2,2,1,3,TESTELIN (RUE ACHILLE),50.73462,3.18537,12,2,2
202100008794,186Â 029,A01,1,1,1,0,1,5,-1,0,0,-1,2021,27.0,1,2,2,0,1,1,0,,3,85,-1,,2,2,0,1,14,460,2,, -1,1,0,3,80,9,11,2021,20:55,3,35,35104,1,1,0,6,La Maison Neuve,48.472827,-1.692661,20,1,1
202100045054,121Â 197,A01,1,1,1,5,1,-1,-1,0,0,-1,2021,36.0,2,2,8,0,3,1,1,,3,,-1,,2,2,0,1,4,926,1,, -1,1,0,8,80,6,4,2021,03:30,3,85,85109,1,3,0,6,l'aubonniÃ¨re,46.862087,-1.095854,3,1,1
202100051659,109Â 353,B01,1,1,1,5,2,0,-1,-1, -1,-1,2021,16.0,3,1,0,2,1,1,1,,4,DE LATTRE DE TASSIGNY (BOULEVARD),0,,2,2,0,1,0,0,1,, -1,1,0,1,50,5,2,2021,15:00,1,30,30351,1,1,0,3,DE LATTRE DE TASSIGNY (BOULEVARD),43.968422,4.780694,15,3,2
202100017298,170Â 731,A01,1,1,1,1,2,6,-1,0,0,-1,2021,60.0,1,1,0,2,4,1,1,,2,3,0,,3,4,0,1,10,0,1,, -1,1,0,1,110,25,9,2021,03:45,3,77,77196,1,1,1,2,N3,48.947724,2.732199,3,2,2
202100041499,127Â 429,A01,1,1,1,0,8,0,-1,-1, -1,-1,2021,24.0,1,1,0,2,4,26,1,,3,CONDORCET (AVENUE),0,,2,2,0,1,1,500,3,, -1,1,9,1,30,1,5,2021,23:20,5,972,97209,2,9,0,6,CONDORCET (AVENUE),14.6085868929,-61.0830306847,23,1,1
202100045336,120Â 702,A01,1,1,1,0,2,8,-1,-1, -1,-1,2021,32.0,2,1,14,0,9,12,1,,2,RN12,0,,3,4,0,1,23,0,1,, -1,9,0,1,110,2,4,2021,21:00,3,78,78646,1,1,0,7,RN12,48.7918,2.09688,21,1,1
202100017918,169Â 592,A01,1,1,1,1,1,-1,-1,0,0,-1,2021,25.0,2,2,0,2,5,21,1,,3,768,0,D,2,2,0,1,12,330,1,, -1,1,0,1,80,20,9,2021,15:07,1,56,56168,1,1,0,5,D768,47.593242,-3.131962,15,4,3
202100041913,126Â 700,B01,1,1,1,0,1,0,-1,-1, -1,-1,2021,56.0,3,2,1,2,6,24,1,,4,ANGOULEME (COUR D'),0,,2,2,0,1,(1),0,1,, -1,1,0,1,50,27,4,2021,17:15,1,15,15014,2,9,0,2,ANGOULEME (COUR D'),44.93027,2.45,17,2,2
202100050615,111Â 217,A01,1,1,1,1,2,6,9,0,0,-1,2021,60.0,2,1,13,0,9,1,1,,3,D31,0,A,2,2,0,2,0,74,2,, -1,1,0,3,80,23,2,2021,16:45,1,76,76238,1,1,0,7,Rue de Coupeauville,49.562703,0.223578,16,1,1
202100027024,153Â 410,B01,1,1,1,5,2,6,-1,0,0,-1,2021,47.0,3,1,0,2,1,13,1,,3,513,-1,,2,2,0,2,(1),(1),4,, -1,1,0,1,80,21,7,2021,19:00,1,38,38153,1,1,0,1,D513,45.203449,5.633497,19,2,2
202100025333,156Â 371,B01,1,1,1,5,1,0,-1,0,0,-1,2021,34.0,2,2,0,2,8,2,1,,4,AVENUE DE LA GRANDE ARMEE,0,,2,6,0,1,(1),(1),1,, -1,1,0,1,50,5,8,2021,19:45,2,75,75116,2,7,0,5,AVENUE DE LA GRANDE ARMEE,48.874008,2.29411,19,5,3
202100046433,118Â 782,A01,1,1,1,9,2,6,-1,0,0,-1,2021,18.0,0,1,0,2,2,0,1,,4,,-1,,2,2,0,1,(1),(1),3,, -1,1,0,1,50,27,3,2021,14:15,1,49,49331,2,9,0,1,Quai Jean JaurÃ¨s,47.686124,-0.870597,14,2,2
202100055270,103Â 023,A01,1,1,1,0,2,0,-1,-1, -1,-1,2021,14.0,1,1,0,2,7,19,0,,4,SPATULES (RUE DES) CITE EAU LISETTE,0,,2,1,0,1,0,0,1,, -1,2,0,1,50,12,1,2021,14:15,1,973,97302,2,1,1,3,SPATULES (RUE DES) CITE EAU LISETTE,4.9263,-52.32305,14,2,2
202100024636,157Â 623,A01,2,2,1,0,1,0,-1,-1, -1,-1,2021,35.0,1,2,10,0,2,21,1,,3,R GABRIEL PERI,0,,3,2,0,2,1,0,3,, -1,1,0,3,50,11,8,2021,03:46,5,94,94016,2,3,0,6,GABRIEL PERI (R),48.79227,2.34391,3,2,1
202100043014,124Â 784,A01,1,1,1,1,2,0,-1,-1, -1,-1,2021,37.0,2,1,14,2,9,1,1,,3,LUIS MARIANO ( RUE-ROND POINT)),0,,2,2,0,1,0,750,1,, -1,1,9,1,50,21,4,2021,07:55,1,64,64122,2,1,0,7,LUIS MARIANO ( RUE-ROND POINT)),43.4594239142,-1.5424235716,7,1,1
202100004663,193Â 442,B01,1,1,1,5,2,6,-1,-1, -1,-1,2021,37.0,2,1,0,2,1,1,1,,3,MATIGNON (AV DES),0,,2,3,0,1,0,0,1,, -1,1,0,1,50,2,12,2021,14:45,1,50,50218,2,1,0,2,MATIGNON (AV DES),48.8378,-1.57081,14,2,2
202100046467,118Â 725,A01,1,1,1,5,2,6,-1,0,0,-1,2021,28.0,1,1,11,0,8,1,0,,3,1201,0,R,2,2,0,1,1,1,1,, -1,1,0,1,70,28,3,2021,05:55,5,74,74201,1,1,0,7,RD 1201 - route d'Annecy,46.116781,6.096967,5,1,1
202100026177,154Â 906,A01,1,1,2,0,1,-1,-1,0,0,-1,2021,55.0,1,2,0,2,7,19,1,,3,39,-1,,3,4,0,1,6,950,2,, -1,1,0,1,90,31,7,2021,17:00,1,68,68300,1,9,0,3,Route de ChalampÃ©,47.784968,7.430186,17,4,2
202100006166,190Â 790,A01,3,2,2,5,1,-1,-1,0,0,-1,2021,69.0,1,2,0,2,1,11,1,,1,10,0,A,1,3,0,1,38,300,1,,14,2,0,1,130,26,11,2021,15:30,1,28,28169,1,1,0,2,A10,48.433482,1.904758,15,6,3
202100041924,126Â 680,A01,2,2,2,9,1,0,-1,-1, -1,-1,2021,62.0,0,2,0,2,2,1,1,,4,AVENUE DE LA PORTE DE SAINT OUEN,0,,1,4,0,1,(1),(1),1,, -1,1,0,1,50,30,4,2021,12:30,1,75,75118,2,2,0,3,AVENUE DE LA PORTE DE SAINT OUEN,48.897647,2.329001,12,3,2