Num_Acc,id_vehicule,num_veh,place,catu,sexe,trajet,secu1,secu2,secu3,locp,actp,etatp,year_acc,victim_age,senc,catv,obs,obsm,choc,manv,motor,occutc,catr,voie,v1,v2,circ,nbv,vosp,prof,pr,pr1,plan,lartpc,larrout,surf,infra,situ,vma,jour,mois,an,hrmn,lum,dep,com,agg_,int,atm,col,adr,lat,long,hour,nb_victim,nb_vehicules
202100035154,138Â 874,A01,1,1,1,0,0,-1,-1,0,0,-1,2021,66.0,1,1,0,2,1,13,5,,2,5,0,,2,2,0,1,(1),(1),1,, -1,1,0,1,50,11,6,2021,20:20,5,971,97116,2,3,0,1,"Route nationale 5, BosrÃ©don",16.310327,-61.487651,20,2,2
202100041461,127Â 497,A01,1,1,1,9,1,-1,-1,0,0,-1,2021,69.0,1,2,4,2,6,2,1,,1,709,-1,,3,4,0,1,4,100,1,, -1,1,0,1,90,3,5,2021,10:00,1,34,34022,1,1,0,3,A709,43.665737,4.005589,10,2,2
202100010128,183Â 599,B01,4,2,1,5,1,8,-1,-1, -1,-1,2021,8.0,1,2,0,2,5,2,1,,2,RN1 (ROUTE NATIONALE),0,,1,1,0,2,21,0,3,, -1,1,9,1,50,29,10,2021,17:00,1,974,97416,1,9,0,2,RN1 (ROUTE NATIONALE),-21.3322,55.4574,17,5,2
202100053378,106Â 310,A01,1,1,1,3,1,-1,-1,0,0,-1,2021,92.0,1,2,0,2,3,5,1,,3,62,0,D,2,2,0,1,39,95,3,, -1,2,0,1,80,29,1,2021,09:15,1,63,63381,1,1,0,1,rd62,45.8436767166,2.9038631402,9,2,2
202100007198,188Â 888,A01,1,1,2,0,1,8,-1,-1, -1,-1,2021,48.0,1,2,6,0,1,26,1,,7,BARRAGE (RUE DU),0,,-1,1,0,2,(1),(1),1,, -1,9,1,8,30,18,11,2021,08:45,1,67,67447,2,1,0,6,BARRAGE (RUE DU),48.60302,7.75341,8,1,1
202100011879,180Â 490,A01,1,1,1,4,1,0,-1,-1, -1,-1,2021,26.0,3,0,13,0,8,13,1,,4,,0,,2,1,0,2,0,0,1,, -1,2,0,1,30,21,10,2021,18:20,2,92,92033,2,1,1,6,BRETIGNY,48.84019,2.17558,18,1,1
202100016704,171Â 765,C01,1,1,1,5,2,-1,-1,0,0,-1,2021,28.0,2,1,0,2,0,1,1,,7,43,-1,,2,2,0,2,3,200,3,, -1,1,0,1,80,25,9,2021,15:20,1,76,76636,1,1,0,4,D43,49.49595,0.907187,15,4,4
202100025483,156Â 115,A01,7,2,2,9,8,0,-1,0,0,-1,2021,0.0,2,3,0,2,2,7,1,3.0,4,BOULEVARD VINCENT AURIOL,0,,2,4,3,2,(1),(1),1,, -1,1,0,6,30,5,8,2021,10:54,1,75,75113,2,2,0,3,BOULEVARD VINCENT AURIOL,48.83281,2.362062,10,4,2
202100044054,122Â 932,A01,1,1,1,9,2,6,-1,-1, -1,-1,2021,43.0,1,1,0,2,3,1,1,,3,AV FOCH,0,,2,2,0,1,1,0,1,, -1,1,9,1,30,12,4,2021,19:30,1,94,94068,2,3,0,3,Avenue Foch,48.799441,2.499045,19,2,2
202100042178,126Â 229,A01,1,1,1,5,2,6,-1,-1, -1,-1,2021,70.0,2,1,1,0,2,1,1,,4,TORTERON (rue),0,,2,2,0,2,(1),(1),1,, -1,1,0,1,30,27,4,2021,14:25,1,50,50502,2,1,0,6,TORTERON (rue),49.11448,-1.097115,14,1,1
202100028292,151Â 123,B01,2,2,2,0,0,0,-1,0,0,-1,2021,28.0,1,3,0,2,7,26,1,2.0,4,STANISLAS (PLACE ET PORTE),0,,1,4,0,1,(1),(1),1,, -1,1,5,1,50,18,7,2021,23:50,5,54,54395,2,3,0,3,STANISLAS (PLACE ET PORTE),48.69109,6.17518,23,3,2
202100009419,184Â 862,B01,1,1,1,0,8,0,-1,-1, -1,-1,2021,40.0,1,1,0,2,3,15,5,,4,BONNEVILLE (ROUTE DE),0,,-1,2,1,1,0,1,1,, -1,2,0,1,50,4,11,2021,08:55,1,74,74012,2,1,0,3,BONNEVILLE (ROUTE DE),46.18417,6.24252,8,2,2
202100024301,158Â 233,A01,1,1,2,0,1,0,-1,0,0,-1,2021,79.0,3,2,4,0,1,2,1,,3,FOUX (PLACE DE LA),0,,-1,2,0,2,1,46,2,, -1,1,0,1,50,13,8,2021,10:16,1,6,6069,2,1,0,6,FOUX (PLACE DE LA),43.660244,6.922326,10,1,1
202100043729,123Â 525,B01,1,1,1,1,2,6,-1,-1,0,-1,2021,32.0,2,1,0,2,3,3,1,,1,AUTOROUTE A115,0,,3,9,0,1,0,10,1,, -1,1,0,1,70,16,4,2021,09:00,1,95,95582,1,1,0,3, A115,48.9725650218,2.2472267236,9,2,2
202100055444,102Â 750,A01,1,1,1,0,1,0,-1,-1, -1,-1,2021,74.0,1,2,15,0,1,19,1,,3,PAUL LACAVE (AVENUE ),0,,2,2,0,1,100,0,1,, -1,1,9,4,50,9,1,2021,11:00,1,971,97105,2,4,0,6,PAUL LACAVE (AVENUE ),15.9943625441,-61.7184072733,11,1,1
202100032786,143Â 172,A01,2,2,1,4,1,-1,-1,0,0,-1,2021,29.0,2,2,0,2,2,1,1,,3,674,0,D,2,2,0,1,(1),(1),1,, -1,2,0,1,50,24,6,2021,10:25,1,88,88270,2,2,1,3,D674,48.31761,5.584244,10,4,2
202100045912,119Â 689,A01,2,2,1,0,8,-1,-1,-1, -1,-1,2021,20.0,1,2,0,2,7,15,1,,4,EUROPE (DE L')                      (AV),0,,3,2,0,1,(1),(1),1,, -1,1,0,1,50,29,3,2021,21:15,5,69,69286,2,3,0,3,EUROPE (DE L')                      (AV),45.81219,4.88976,21,3,2
202100012691,179Â 032,A01,2,2,1,5,2,6,-1,-1, -1,-1,2021,11.0,2,1,0,2,8,15,1,,3,NEUILLY (ROUTE),0,,2,3,0,1,0,0,1,, -1,1,0,1,30,17,10,2021,19:15,5,93,93051,2,1,0,3,NEUILLY (ROUTE),48.85115,2.53444,19,3,2
202100041638,127Â 176,A01,10,3,2,5,0,-1,-1,1,3,1,2021,11.0,1,2,0,1,2,1,1,,4,CHENOVE (DE) (RUE),0,,2,2,0,1,(1),(1),1,, -1,2,0,1,50,16,3,2021,16:30,1,21,21231,2,1,1,6,CHENOVE (DE) (RUE),47.30679,5.02267,16,2,1
202100022788,160Â 870,A01,1,1,2,0,8,8,-1,-1, -1,-1,2021,17.0,0,1,0,0,0,26,1,,4,MONTFAUCON (BOULEVARD DE),0,,2,2,0,2,0,0,1,, -1,1,5,1,50,22,8,2021,18:40,1,91,91223,2,3,0,7,MONTFAUCON (BOULEVARD DE),48.44042,2.16024,18,1,1
202100002865,196Â 655,A01,1,1,1,5,2,6,-1,0,0,-1,2021,16.0,1,1,0,2,8,13,1,,3,2566,0,,2,2,0,1,4,666,2,, -1,1,0,1,80,17,12,2021,12:10,1,6,6077,1,1,0,1,Route de Luceram,43.873821,7.3518,12,2,2
202100034188,140Â 641,A01,10,3,1,5,0,-1,-1,9,0,1,2021,37.0,0,2,0,1,1,26,1,,6,,-1,,-1,-1,0,1,(1),(1),1,,4,1,9,8,30,16,6,2021,22:50,5,60,60589,2,1,0,6,Rue de Valmy,49.233787,2.466986,22,2,1
202100046338,118Â 944,A01,1,1,1,5,2,6,-1,-1, -1,-1,2021,18.0,2,1,9,0,1,1,1,,3,,0,,2,2,0,1,48,844,1,, -1,1,5,1,50,27,3,2021,03:00,5,85,85191,2,1,0,6,GUTEMBERG RUE (SECTEUR 311),46.68387,-1.4299,3,1,1
202100028457,150Â 848,A01,10,3,2,3,0,-1,-1,2,3,1,2021,75.0,1,2,0,1,1,9,1,,4,CASTEL (RUE),0,,2,1,0,3,0,0,1,, -1,1,0,1,30,17,7,2021,13:40,1,83,83137,2,1,0,6,Boulevard Grignan,43.10962,5.93977,13,2,1
202100008038,187Â 362,A01,10,3,1,0,0,-1,-1,2,3,1,2021,13.0,1,2,0,1,0,1,1,,4,,0,,2,2,0,1,(1),(1),1,, -1,1,0,1,50,12,11,2021,13:38,1,11,11262,2,1,0,6,Rue Saint Salvayre,43.18571,2.98418,13,2,1
202100030450,147Â 346,A01,2,2,2,5,1,-1,-1,0,0,-1,2021,18.0,1,2,14,0,0,1,1,,3,6,-1,,2,2,0,1,53,(1),1,, -1,8,0,1,80,27,6,2021,18:50,1,14,14689,1,1,1,6,D6,48.988103,-0.495715,18,2,1
202100028447,150Â 866,B01,1,1,2,0,2,6,9,0,0,-1,2021,29.0,1,1,0,2,3,18,1,,7,,-1,,2,2,3,1,45,500,1,,"5,5",1,0,6,70,25,3,2021,12:40,1,69,69116,2,2,0,3,ROUTE NATIONALE 6,45.8181899346,4.7713172436,12,2,2
202100021930,162Â 424,A01,1,1,1,5,2,0,-1,-1, -1,-1,2021,22.0,2,1,0,0,8,1,1,,4,GRAMMONT (AVENUE DE),0,,2,4,0,1,(1),(1),1,, -1,1,0,1,50,29,8,2021,17:53,1,37,37261,2,1,0,7,GRAMMONT (AVENUE DE),47.382358656,0.6920980562,17,1,1
202100031008,146Â 309,D01,2,2,2,-1,8,-1,-1,-1, -1,-1,2021,11.0,2,2,0,2,8,0,1,,4,GENAS    (Route de),0,,2,5,0,1,(1),(1),1,, -1,1,0,1,50,3,7,2021,17:00,1,69,69266,2,2,0,3,GENAS (DE) (RTE) ,45.75156,4.90646,17,3,2
202100044398,122Â 318,A01,1,1,1,1,2,-1,-1,0,0,-1,2021,30.0,2,1,0,0,0,1,1,,3,7,-1,,2,2,0,2,7,1120,2,, -1,1,0,1,80,9,4,2021,17:00,1,63,63157,1,1,0,7,D7,45.658185,3.414549,17,1,1
202100055649,102Â 383,A01,2,2,2,5,8,0,-1,-1, -1,-1,2021,40.0,1,2,4,0,1,14,1,,2,N118,0,,3,5,0,2,0,400,1,, -1,1,0,1,70,10,1,2021,19:35,3,92,92072,1,1,0,6,N118,48.8257540877,2.2215878963,19,2,1
202100050749,110Â 971,A01,1,1,1,2,2,6,-1,0,0,-1,2021,16.0,3,1,0,2,1,2,1,,3,SAINT PIERRE (RUE),0,,2,2,0,1,(1),(1),1,, -1,2,0,1,50,16,2,2021,15:20,1,22,22113,2,1,1,2,SAINT PIERRE (RUE),48.75218,-3.45432,15,2,2
202100055989,101Â 810,A01,1,1,1,4,1,-1,-1,0,0,-1,2021,30.0,2,2,0,0,2,1,1,,3,146,0,,2,2,1,2,(1),(1),1,, -1,7,0,1,80,8,1,2021,09:15,1,40,40046,1,1,0,1,D146,44.434653,-1.226671,9,2,2
202100043517,123Â 877,B01,1,1,1,1,2,6,-1,0,0,-1,2021,60.0,1,1,0,2,8,19,1,,3,,-1,,2,2,0,1,(1),(1),1,, -1,1,0,1,50,20,4,2021,01:00,5,84,84092,2,1,0,3,115 Avenue Charles de Gaulle,43.954865,4.838351,1,6,2
202100013337,177Â 908,A01,1,1,2,0,1,5,-1,-1, -1,-1,2021,39.0,1,2,1,0,3,13,1,,3,3,0,,2,2,2,2,0,0,2,, -1,1,0,1,50,13,10,2021,23:35,5,92,92050,2,1,0,6,VAILLANT COUTURIER PAUL RUE,48.879477706,2.2081384855,23,1,1
202100005767,191Â 483,B01,2,2,2,5,1,-1,-1,0,0,-1,2021,49.0,2,2,0,2,8,1,1,,3,CAVALERIE (COTE DE LA ),0,,2,2,0,2,48,185,3,, -1,1,0,1,90,14,11,2021,19:00,3,12,12145,1,1,0,5,CAVALERIE (COTE DE LA ),44.08829,3.08762,19,7,4
202100044944,121Â 395,A01,1,1,2,1,0,-1,-1,-1, -1,-1,2021,20.0,1,1,0,2,4,0,3,,4,SAINT NICOLAS (RUE),0,,2,2,0,1,(1),(1),1,, -1,1,0,1,50,5,4,2021,17:00,1,50,50218,2,3,0,3,SAINT NICOLAS (RUE),48.83202,-1.56703,17,2,2
202100051483,109Â 681,A01,1,1,1,5,2,-1,-1,0,0,-1,2021,26.0,2,1,0,2,1,3,1,,2,2,0,A,2,2,0,1,12,400,1,, -1,2,0,1,60,13,2,2021,19:20,5,987,98725,2,3,1,3,AHONU PK 12.4,-17.5074943164,-149.4833096266,19,2,2
202100045640,120Â 156,A01,1,1,1,5,8,0,-1,0,0,-1,2021,14.0,1,1,0,2,0,2,5,,4,RUE DE RIVOLI,0,,2,3,1,1,(1),(1),1,, -1,1,-1,5,30,31,3,2021,14:35,1,75,75101,2,3,0,2,RUE DE RIVOLI,48.864413,2.330124,14,2,2
202100041009,128Â 317,A01,1,1,1,0,1,-1,-1,0,0,-1,2021,29.0,2,2,0,2,2,14,1,,1,35,0,A,3,4,0,1,435,650,1,, -1,1,3,1,110,7,5,2021,21:15,2,67,67084,1,1,0,3,A35,48.317094,7.482376,21,2,2
202100052085,108Â 619,A01,1,1,1,4,1,-1,-1,0,0,-1,2021,29.0,3,2,0,0,3,2,1,,4,1,0,,2,2,0,1,0,550,3,, -1,2,0,3,30,10,2,2021,13:00,1,5,5167,1,1,0,7,voie de Sigottier Ã  la Montagne,44.455441,5.687109,13,2,1
202100020245,165Â 452,B01,1,1,1,9,2,6,-1,0,0,-1,2021,29.0,0,1,0,2,1,15,1,,6,CHEMIN DE GLISY,0,,-1,-1,1,1,(1),(1),1,, -1,1,0,1,30,2,9,2021,22:00,5,80,80379,2,1,0,1,CHEMIN DE GLISY,49.86714,2.3782,22,3,2
202100010934,182Â 185,A01,1,1,1,9,2,0,-1,0,0,-1,2021,18.0,2,1,0,2,1,1,3,,4,RUE DE L ABBE GROULT,0,,1,1,0,1,(1),(1),1,, -1,1,0,1,30,26,10,2021,13:50,1,75,75115,2,2,0,3,RUE DE L ABBE GROULT,48.839637,2.29654,13,2,2
202100045295,120Â 758,A01,2,2,1,5,0,-1,-1,0,0,-1,2021,12.0,3,6,0,2,1,1,1,,4,,0,,2,1,0,2,(1),(1),2,,3,1,0,1,80,4,4,2021,15:30,1,26,26097,1,1,0,1,79 Chemin des Pres,44.71729,4.834564,15,3,2
202100049163,113Â 878,A01,1,1,1,9,1,-1,-1,0,0,-1,2021,69.0,2,2,13,0,3,1,1,,3,749,-1,,2,2,0,1,64,0,1,, -1,1,0,8,80,6,3,2021,10:20,1,86,86140,1,1,0,7,D749,46.410434,0.703897,10,1,1
202100054386,104Â 550,A01,10,3,1,0,0,-1,-1,1,2,1,2021,29.0,3,2,0,1,3,1,1,,3,204,0,,2,2,0,1,33,512,1,, -1,2,0,1,80,20,1,2021,19:35,3,77,77385,1,1,1,6,D204,48.838537,3.236611,19,2,1
202100019941,165Â 988,B01,1,1,1,5,2,-1,-1,0,0,-1,2021,42.0,1,1,0,2,1,1,5,,3,205,0,,2,2,0,2,(1),(1),1,, -1,1,0,1,80,9,9,2021,15:30,1,84,84111,1,1,0,1,"Route de L'OUVÃZE, D205",44.231735,5.100282,15,2,2
202100033944,141Â 087,A01,1,1,2,5,1,-1,-1,0,0,-1,2021,73.0,1,2,0,0,4,1,1,,3,971,0,,2,2,0,1,83,0,1,, -1,1,0,1,50,16,6,2021,08:50,1,21,21154,2,1,0,2,Rue Mal de Lattre de Tassigny,47.858857,4.572421,8,2,2
202100044779,121Â 671,B01,1,1,1,0,1,0,-1,-1, -1,-1,2021,40.0,1,2,0,2,5,1,1,,1,86,0,,3,4,0,3,52,799,1,, -1,1,0,1,70,7,4,2021,12:09,1,92,92002,1,1,0,2,AUTOROUTE A86,48.7629853869,2.3043052888,12,2,2
202100035545,138Â 173,A01,1,1,1,1,2,6,-1,0,0,-1,2021,53.0,1,1,0,2,4,23,1,,4,BOULEVARD MONTMARTRE,0,,2,2,0,1,(1),(1),1,, -1,1,0,1,50,6,6,2021,21:10,5,75,75109,2,2,0,2,BOULEVARD MONTMARTRE,48.871479,2.343073,21,2,2
202100017887,169Â 650,A01,1,1,1,0,1,0,-1,-1, -1,-1,2021,48.0,1,5,0,2,1,1,1,,2,HUIT MAI 1945 (AV DU),0,,2,4,0,3,0,1,1,, -1,2,0,1,30,20,9,2021,05:40,5,94,94078,2,3,1,3,Avenue du 8 Mai 1945,48.72771,2.44555,5,4,2
202100046954,117Â 847,A01,1,1,1,9,2,0,-1,0,0,-1,2021,51.0,1,1,7,2,2,17,3,,4,BOULEVARD RICHARD LENOIR,0,,3,2,1,1,(1),(1),1,, -1,1,-1,5,50,23,3,2021,17:30,1,75,75111,2,3,0,3,BOULEVARD RICHARD LENOIR,48.857056,2.371203,17,2,2
202100018228,169Â 023,A01,4,2,2,5,1,-1,-1,0,0,-1,2021,19.0,1,2,2,0,8,1,1,,3,431,-1,,2,2,0,2,16,500,3,, -1,1,0,8,80,18,9,2021,01:37,3,68,68315,1,1,0,7,D431,47.862902,7.13253,1,3,1
202100055228,103Â 101,B01,1,1,1,0,8,0,-1,-1, -1,-1,2021,44.0,2,1,0,2,4,1,1,,3,JULES GUESDE (AVENUE) COTE DU NÂ°2 AU NÂ°1,0,,2,2,0,1,0,1,1,, -1,2,0,1,50,13,1,2021,13:20,1,93,93072,2,1,1,2,JULES GUESDE (AVENUE) COTE DU NÂ°2 AU NÂ°1,48.9612141016,2.3816125989,13,2,2
202100051461,109Â 714,A01,1,1,2,1,1,0,-1,-1, -1,-1,2021,43.0,1,2,1,2,1,1,1,,3,911,0,,1,3,1,1,0,0,1,, -1,1,0,1,50,15,2,2021,07:44,2,92,92024,2,2,0,3,JEAN JAURES (BD) DE 47 A 109)   (56 A 14,48.9000303556,2.3062290251,7,2,2
202100010509,182Â 939,B01,1,1,1,1,0,-1,-1,0,0,-1,2021,44.0,1,1,0,2,1,1,-1,,7,,-1,,2,3,0,1,(1),(1),1,,4,1,5,1,-1,27,10,2021,07:56,4,63,63113,2,5,0,1,MERMOZ /PrÃ© la reine,45.78793,3.12252,7,2,2
202100008061,187Â 324,A01,10,3,2,0,0,-1,-1,3,3,1,2021,25.0,2,2,0,1,3,1,1,,3,BRY (RTE DE),0,,2,2,0,1,0,0,1,, -1,2,0,1,50,15,11,2021,18:35,5,94,94079,2,3,1,6,BRY (RTE DE),48.83144,2.53439,18,2,1
202100000908,200Â 123,A01,1,1,2,3,1,-1,-1,0,0,-1,2021,59.0,1,2,0,2,1,13,1,,3,975,-1,,2,2,0,1,(1),(1),1,, -1,1,0,1,80,29,12,2021,12:45,1,84,84029,1,1,0,1,Route d Orange Rd975,44.152444,4.855077,12,2,2
202100035109,138Â 946,A01,3,2,2,5,0,-1,-1,0,0,-1,2021,24.0,1,2,2,0,1,1,1,,3,RD98,-1,,2,2,0,1,42,700,1,, -1,1,0,3,90,12,6,2021,13:15,1,83,83019,1,1,0,6,Route du Dom PK42,43.208825192,6.447622776,13,3,1
202100010076,183Â 687,B01,1,1,1,5,1,-1,-1,0,0,-1,2021,54.0,2,2,3,2,8,1,1,,3,683,0,D,2,2,0,1,83,0,1,, -1,2,0,1,80,1,11,2021,16:00,1,25,25156,1,1,1,3,D683,47.39871,6.508713,16,3,2
202100010283,183Â 328,B01,1,1,2,1,0,-1,-1,-1, -1,-1,2021,38.0,2,1,0,2,3,2,0,,4,ETIENNE GAGNAIRE   (Rue),0,,2,2,0,1,(1),(1),1,, -1,1,0,1,50,29,10,2021,18:20,5,69,69266,2,1,0,3,ETIENNE GAGNAIRE (R),45.772962113,4.8656372213,18,2,2
202100015803,173Â 422,A01,1,1,1,5,2,6,9,0,0,-1,2021,15.0,1,1,8,0,8,5,1,,3,506,0,,2,2,0,1,2,600,1,, -1,1,9,4,30,2,10,2021,11:00,1,202,202207,2,1,0,6,D 506 route d'orezza,42.444148,9.496586,11,1,1
202100049031,114Â 116,A01,1,1,2,1,1,8,-1,-1, -1,-1,2021,29.0,1,2,0,2,8,1,1,,1,A50-Sens Aubagne vers Marseille,0,,3,3,0,1,10,0,1,, -1,1,0,2,90,5,3,2021,16:45,1,13,13211,1,1,0,3,A50-Sens Aubagne vers Marseille,43.28659,5.50826,16,1,1
202100025809,155Â 558,B01,1,1,1,5,2,4,-1,0,0,-1,2021,76.0,2,1,0,2,3,15,0,,3,D219,0,,2,2,0,1,(1),(1),1,, -1,1,0,1,50,3,8,2021,10:00,1,3,3018,2,2,0,3,D219,46.247873,3.265675,10,2,2
202100046371,118Â 882,A01,1,1,1,1,2,0,-1,0,0,-1,2021,38.0,1,1,0,2,8,1,5,,4,AVENUE JEAN JAURES,0,,1,2,1,1,(1),(1),1,, -1,2,0,1,20,26,3,2021,22:30,5,75,75119,2,1,1,6,AVENUE JEAN JAURES,48.8832179531,2.3716319802,22,2,2
202100022505,161Â 403,A01,10,3,2,5,0,-1,-1,1,3,1,2021,75.0,3,2,0,1,1,15,1,,4,13,0,,1,1,0,2,(1),(1),2,, -1,1,0,1,30,26,8,2021,09:10,1,56,56094,2,1,1,6,Place de l Eglise,47.763135,-3.238816,9,2,1
202100001244,199Â 542,B01,10,3,2,5,0,-1,-1,5,0,-1,2021,74.0,3,2,0,1,2,1,1,,3,386,0,,2,2,0,1,11,400,3,, -1,2,0,8,50,27,12,2021,14:25,1,69,69268,1,3,1,1,GENERAL BROSSET (DU) (AV),45.653257,4.750939,14,3,2
202100040749,128Â 771,A01,1,1,1,5,1,-1,-1,-1, -1,-1,2021,37.0,1,2,1,0,4,4,1,,4,BUFERON (DE),0,,2,2,0,1,(1),(1),1,, -1,1,0,1,50,8,5,2021,16:50,1,35,35238,2,9,0,6,BUFERON (DE),48.09906,-1.68949,16,1,1
202100020819,164Â 430,A01,2,2,1,5,1,-1,-1,-1,0,-1,2021,19.0,2,2,0,2,9,1,1,,1,AUTOROUTE A15,0,,3,6,0,1,14,899,1,, -1,2,0,1,110,5,9,2021,05:00,3,95,95424,1,1,1,6, A15,48.9942,2.18468,5,2,1
202100029728,148Â 655,B01,4,2,2,0,1,0,-1,-1, -1,-1,2021,8.0,1,2,0,2,4,1,1,,1,A86,0,,3,4,0,1,3,200,1,, -1,1,0,1,90,10,7,2021,15:41,1,92,92025,1,1,0,2,A86,48.9232300709,2.2288666058,15,5,2
202100001344,199Â 356,A01,1,1,2,0,1,0,-1,-1, -1,-1,2021,29.0,1,2,0,2,1,2,1,,1,AUTOROUTE A86,0,,2,4,0,1,51,700,1,, -1,2,1,1,70,26,12,2021,19:15,5,94,94034,1,1,1,4,AUTOROUTE A86,48.76048,2.31988,19,3,3
202100005366,192Â 194,A01,10,3,1,5,0,-1,-1,4,3,1,2021,84.0,1,2,0,1,1,15,1,,2,COMMANDANT DUMONT ( AVENUE),0,,2,3,0,2,36,661,1,, -1,1,0,1,50,30,11,2021,08:35,1,5,5061,2,3,1,6,VILLAROBERT ( RUE DE ),44.56985,6.08332,8,2,1
202100024659,157Â 577,A01,1,1,1,5,8,-1,-1,0,0,-1,2021,31.0,2,2,12,0,2,0,1,,7,63,0,A,2,2,0,1,1,951,1,, -1,1,0,4,50,11,8,2021,03:20,5,31,31157,2,1,0,6,Route de Tournefeuille,43.542374,1.338176,3,1,1
202100046963,117Â 833,A01,10,3,2,3,0,-1,-1,9,1,1,2021,54.0,1,5,0,1,5,4,1,,9,FONTAINE,0,,1,1,0,1,0,1,1,, -1,1,0,1,30,23,3,2021,15:05,1,93,93066,2,1,0,6,FONTAINE,48.9370292078,2.354902194,15,2,1
202100006511,190Â 166,A01,10,3,2,5,0,-1,-1,3,3,1,2021,74.0,1,2,0,1,2,1,1,,3,948,0,D,2,2,0,2,16,335,1,, -1,1,0,1,50,23,11,2021,14:25,1,16,16106,2,9,0,6,30 avenue du GÃ©nÃ©ral de Gaulle,46.006099,0.672687,14,2,1
202100053017,106Â 953,B01,1,1,2,1,8,-1,-1,0,0,-1,2021,37.0,2,2,0,2,4,2,1,,3,84,-1,,2,2,0,1,2,430,1,, -1,1,0,1,80,20,1,2021,07:40,1,1,1027,1,3,0,4,RD 84,45.833045,5.115273,7,3,3
202100053579,105Â 949,A01,1,1,2,0,1,0,-1,-1, -1,-1,2021,51.0,3,2,0,2,3,26,1,,3,INTER. RUE DE SANCE  RUE SIMONE VEIL,0,,2,2,0,1,18,690,1,, -1,2,0,1,50,25,1,2021,10:30,1,71,71270,2,6,0,3,INTER. RUE DE SANCE  RUE SIMONE VEIL,46.3258766404,4.8310776737,10,2,2
202100015029,174Â 845,B01,1,1,1,5,8,0,-1,-1, -1,-1,2021,11.0,1,1,0,2,7,19,5,,3,COET (RUE ANTOINE),0,,1,1,0,1,(1),(1),1,, -1,1,0,1,50,4,10,2021,18:35,1,59,59654,2,1,0,3,COET (RUE ANTOINE),50.38707,3.11311,18,2,2
202100047648,116Â 584,B01,1,1,1,1,2,6,-1,0,0,-1,2021,60.0,1,1,0,2,7,3,1,,4,PORTE D ITALIE,0,,1,4,0,1,2,0,1,, -1,1,0,1,70,16,3,2021,06:30,1,75,75113,2,1,0,3,PORTE D ITALIE,48.817738,2.367338,6,2,2
202100055365,102Â 874,A01,10,3,1,4,0,-1,-1,2,A,1,2021,45.0,1,5,1,1,2,1,1,,4,QUAI HENRI IV,0,,1,2,0,1,(1),(1),1,, -1,1,0,1,50,11,1,2021,10:15,1,75,75104,2,3,0,6,QUAI HENRI IV,48.848927,2.362493,10,2,1
202100040043,130Â 022,A01,2,2,2,0,1,0,-1,0,0,-1,2021,23.0,1,2,0,2,1,17,1,,3,CENTRE A CENTRE (ROUTE),0,,2,2,0,1,2,0,1,, -1,1,0,1,80,12,5,2021,15:50,1,71,71540,1,3,0,2,CENTRE A CENTRE (ROUTE),46.7488738057,4.4415869017,15,3,2
202100034906,139Â 318,A01,1,1,1,5,1,0,-1,-1, -1,-1,2021,38.0,2,2,0,2,1,11,1,,2,104,0,,1,12,0,2,59,700,1,, -1,1,0,2,110,12,6,2021,00:20,3,91,91363,1,1,0,3,RN 104,48.6641,2.189435,0,2,2
202100045578,120Â 262,B01,1,1,1,0,2,6,-1,-1, -1,-1,2021,73.0,2,1,0,2,1,1,0,,3,MALO CELESTIN,0,,2,2,0,1,(1),(1),1,, -1,1,0,1,50,31,3,2021,13:50,1,59,59155,2,1,0,3,MALO CELESTIN,51.02421,2.39721,13,3,2
202100029747,148Â 619,B01,1,1,1,1,8,-1,-1,-1,0,-1,2021,43.0,3,1,0,2,3,1,5,,3,GARE (AVENUE DE LA),0,,2,2,0,1,11,660,1,, -1,1,5,1,50,9,7,2021,07:43,1,95,95427,2,2,0,3,Rue du Muret,48.9749120725,2.3428559303,7,2,2
202100030731,146Â 829,A01,1,1,1,0,2,0,-1,-1, -1,-1,2021,21.0,1,1,0,2,1,1,1,,3,MONTABO (ROUTE DE) 2,0,,2,2,0,1,2,50,1,, -1,1,0,1,50,1,7,2021,09:20,1,973,97302,2,3,0,3,MONTABO (ROUTE DE) 2,4.94178,-52.3041,9,2,2
202100021347,163Â 495,A01,1,1,1,5,2,-1,-1,0,0,-1,2021,84.0,2,1,0,0,6,9,1,,3,201,-1,,2,1,0,1,62,50,1,,3,1,0,1,80,2,9,2021,15:35,1,68,68042,1,5,0,3,D201,47.5875017607,7.5085933506,15,2,2
202100047846,116Â 234,A01,1,1,1,0,1,0,-1,-1, -1,-1,2021,37.0,1,1,0,2,7,17,1,,3,PAUL VAILLANT COUTURIER (RUE),0,,2,2,0,1,1,1,1,, -1,2,0,1,50,15,3,2021,11:25,1,93,93032,2,9,1,3,PAUL VAILLANT COUTURIER (RUE),48.87102,2.5545,11,2,2
202100048215,115Â 571,B01,1,1,1,5,1,0,-1,-1, -1,-1,2021,50.0,2,2,0,0,4,9,1,,1,13,0,,1,1,0,1,6,500,3,, -1,2,3,1,50,13,3,2021,13:40,1,92,92047,1,1,1,2,A13,48.8353909775,2.1783346513,13,2,2
202100044227,122Â 613,A01,2,2,2,0,1,0,-1,-1, -1,-1,2021,73.0,1,2,0,2,6,26,1,,1,AUTOROUTE A3,0,,3,10,0,1,6,400,1,, -1,1,0,1,70,12,4,2021,09:40,1,93,93010,1,1,0,2,AUTOROUTE A3,48.89363,2.47242,9,3,2