Num_Acc,id_vehicule,num_veh,place,catu,sexe,trajet,secu1,secu2,secu3,locp,actp,etatp,year_acc,victim_age,senc,catv,obs,obsm,choc,manv,motor,occutc,catr,voie,v1,v2,circ,nbv,vosp,prof,pr,pr1,plan,lartpc,larrout,surf,infra,situ,vma,jour,mois,an,hrmn,lum,dep,com,agg_,int,atm,col,adr,lat,long,hour,nb_victim,nb_vehicules
202100002958,196Â 486,B01,1,1,2,4,2,4,-1,-1, -1,-1,2021,40.0,3,1,0,2,1,0,3,,6,AIRE DES MOISSONS,0,,-1,-1,3,1,(1),(1),1,, -1,2,9,6,30,13,12,2021,12:35,1,10,10357,2,9,1,3,AIRE DES MOISSONS,48.29,4.13,12,2,2
202100046406,118Â 823,B01,1,1,1,5,2,6,-1,-1, -1,-1,2021,21.0,1,1,0,2,1,17,1,,3,72,0,,2,0,0,1,0,0,1,, -1,1,0,1,30,26,3,2021,18:06,2,92,92040,2,1,0,3,EGALITE ( DE L'),48.81686,2.26051,18,2,2
202100004815,193Â 176,B01,1,1,2,9,8,0,-1,0,0,-1,2021,58.0,1,1,0,2,8,15,0,,4,AVENUE DAUMESNIL,0,,2,2,0,1,(1),(1),1,, -1,2,0,1,30,4,12,2021,15:23,1,75,75112,2,3,0,3,AVENUE DAUMESNIL,48.839951,2.432149,15,2,2
202100025034,156Â 906,A01,10,3,2,5,0,-1,-1,2,3,2,2021,8.0,2,2,0,1,2,1,1,,3,75,0,,-1,2,0,1,51,148,1,, -1,1,0,1,50,9,8,2021,16:45,1,76,76515,2,1,0,6,front de mer,49.904976,0.925051,16,2,1
202100034354,140Â 328,A01,1,1,2,5,2,6,-1,0,0,-1,2021,31.0,2,1,0,0,1,1,1,,3,D18,-1,,2,2,0,1,7,200,3,, -1,1,0,1,80,14,6,2021,17:42,1,39,39047,1,1,0,7,,46.5663,6.080053,17,1,1
202100013976,176Â 719,A01,3,2,2,9,8,0,-1,-1, -1,-1,2021,22.0,1,2,2,2,1,1,1,,4,CARNOT (BD),0,,1,3,3,2,0,0,2,, -1,1,6,4,50,25,4,2021,06:50,2,13,13001,2,1,0,1,CARNOT (BD),43.52568,5.45507,6,4,1
202100044129,122Â 795,A01,10,3,2,3,0,-1,-1,3,3,1,2021,34.0,3,3,0,1,3,1,0,,9,RUE DE MAISON ROUGE,0,,2,2,3,1,1,0,1,, -1,1,4,6,140,9,4,2021,15:42,1,77,77215,2,8,0,6,RUE DE MAISON ROUGE,48.736422,2.732769,15,2,1
202100032870,143Â 013,B01,1,1,1,1,2,0,-1,0,0,-1,2021,33.0,1,1,0,2,2,1,5,,7,STRASBOURG (AVENUE DE),0,,2,5,2,1,(1),(1),1,, -1,1,-1,1,50,21,6,2021,08:45,1,54,54395,2,1,0,3,STRASBOURG (AVENUE DE),48.6789398145,6.1971477047,8,2,2
202100051877,108Â 970,A01,1,1,1,5,2,6,-1,-1, -1,-1,2021,20.0,1,1,0,2,1,2,1,,2,MORNE PITAULT (ROUTE DE),0,,2,2,0,1,0,700,1,, -1,1,0,1,50,10,2,2021,17:50,1,972,97213,2,3,0,3,MORNE PITAULT (ROUTE DE),14.62538,-60.97292,17,2,2
202100049446,113Â 378,A01,1,1,2,0,1,-1,-1,0,0,-1,2021,47.0,1,2,2,0,1,2,1,,3,930,0,D,2,2,0,3,54,400,2,, -1,2,0,3,80,4,3,2021,12:40,1,60,60111,1,1,1,6,D930,49.6313832511,2.4600255489,12,1,1
202100040943,128Â 436,A01,1,1,1,9,2,6,-1,-1, -1,-1,2021,28.0,1,1,4,0,3,13,1,,3,,0,,2,2,0,2,0,0,3,, -1,1,0,3,50,6,5,2021,17:45,1,11,11069,2,1,0,4,MAGINOT ANDRE -AVENUE-,43.21956,2.38066,17,3,3
202100014184,176Â 340,B01,1,1,1,0,2,6,-1,0,0,-1,2021,40.0,1,1,0,2,1,1,1,,3,BIJUDE (CHEMIN DE LA ),0,,2,2,0,1,1,0,1,, -1,1,0,1,50,9,10,2021,11:00,1,14,14125,1,1,0,3,D79B,49.23074,-0.37625,11,2,2
202100039530,130Â 938,A01,2,2,2,3,1,-1,-1,0,0,-1,2021,18.0,2,2,0,2,3,1,1,,3,91,-1,,2,2,0,1,0,101,1,, -1,1,0,1,50,18,5,2021,17:15,1,89,89257,2,2,0,3,Avenue Jean Jacques Rousseau,47.963944,3.523237,17,3,2
202100054674,104Â 056,A01,1,1,2,9,1,-1,-1,-1, -1,-1,2021,28.0,1,2,0,2,1,11,1,,7,317,0,,2,4,0,1,(1),(1),1,, -1,2,0,1,50,17,1,2021,17:20,5,69,69256,2,1,0,2,GARIBALDI (AV),45.76728,4.93361,17,3,2
202100048399,115Â 244,A01,10,3,2,2,0,-1,-1,3,3,2,2021,13.0,1,2,0,1,1,16,1,,4,,0,,2,2,0,1,(1),(1),1,, -1,1,0,1,50,11,3,2021,08:12,1,63,63193,2,4,0,6,GARGAILLES (RUE DES),45.7699982828,3.1897557165,8,2,1
202100033174,142Â 466,B01,4,2,2,0,1,-1,-1,-1, -1,-1,2021,41.0,2,2,0,2,4,23,1,,7,VIENNE (DE)                             ,0,,2,2,0,1,66,400,1,, -1,1,0,1,50,19,6,2021,10:40,1,69,69276,2,2,0,2,VIENNE (DE) (RTE),45.66404,4.85764,10,3,2
202100044923,121Â 426,A01,2,2,2,5,1,-1,-1,-1, -1,-1,2021,26.0,2,2,0,2,3,16,1,,4,REPUBLIQUE (COURS DE LA),0,,3,6,2,2,0,0,1,, -1,1,4,1,50,2,4,2021,17:45,1,76,76351,2,3,0,3,REPUBLIQUE (COURS DE LA),49.49767,0.12802,17,3,2
202100010510,182Â 937,B01,1,1,1,5,8,0,-1,-1, -1,-1,2021,18.0,2,1,0,2,0,0,3,,4,BLUM (AVE LEON....NÂ°53),0,,1,2,0,1,(1),(1),1,, -1,1,0,1,50,28,10,2021,19:20,1,62,62525,2,1,0,3,BLUM (AVE LEON....NÂ°53),50.740219,2.276148,19,2,2
202100012176,179Â 955,B01,1,1,1,2,2,6,-1,-1, -1,-1,2021,16.0,1,1,0,2,1,2,1,,4,RUE PIERRE BROSSOLETTE,0,,2,2,0,1,0,100,1,, -1,1,0,1,50,19,10,2021,17:40,1,91,91201,2,1,0,2,RUE PIERRE BROSSOLETTE,48.6902,2.42427,17,2,2
202100009372,184Â 953,B01,1,1,1,5,0,-1,-1,0,0,-1,2021,76.0,3,1,0,0,8,1,5,,4,,-1,,2,2,0,1,(1),(1),1,,5,1,0,1,80,5,11,2021,17:25,1,22,22008,1,1,1,3,Rue des FougÃ¨res,48.413903,-2.096323,17,2,2
202100048704,114Â 698,A01,10,3,1,2,0,-1,-1,2,5,3,2021,16.0,1,2,0,1,3,1,1,,4,AUBERT (AV),0,,1,1,1,1,1,0,1,, -1,1,0,1,20,9,3,2021,17:35,1,94,94080,2,1,0,6,AUBERT (AV),48.8475,2.42904,17,2,1
202100007427,188Â 480,A01,1,1,1,1,2,6,-1,-1,0,-1,2021,58.0,1,1,0,2,1,3,1,,1,AUTOROUTE A15,0,,3,7,0,1,23,899,1,, -1,1,0,1,110,19,11,2021,17:00,3,95,95127,1,1,0,3,A15,49.039425,2.084596,17,2,2
202100011767,180Â 680,A01,1,1,2,0,8,-1,-1,-1, -1,-1,2021,30.0,2,2,0,2,1,1,1,,4,CHAUSSON                            (R ),0,,1,1,0,1,(1),(1),1,, -1,1,0,1,50,21,10,2021,09:00,1,69,69259,2,1,0,3,CHAUSSON (R),45.72834,4.85438,9,2,2
202100019625,166Â 560,A01,2,2,1,0,1,0,-1,-1, -1,-1,2021,20.0,1,2,4,0,1,26,1,,2,BAS DU FORT,0,,3,4,0,1,(1),(1),3,, -1,2,0,1,90,10,9,2021,19:55,5,971,97113,1,1,0,6,BAS DU FORT,16.22121,-61.52164,19,4,1
202100045364,120Â 647,A01,1,1,1,1,2,8,-1,-1, -1,-1,2021,57.0,1,1,1,0,1,26,1,,3,MANTES (ROUTE DE),0,,3,2,0,1,24,600,1,, -1,1,0,1,50,3,4,2021,00:50,5,78,78133,2,1,0,6,MANTES (ROUTE DE),48.907221,2.04754,0,1,1
202100004616,193Â 521,B01,3,2,1,5,3,-1,-1,-1, -1,-1,2021,1.0,2,2,0,2,9,2,1,,1,A43   0.550 A 3.353,0,,3,6,0,1,2,100,1,, -1,2,0,1,70,4,12,2021,14:05,1,69,69029,1,1,0,4,A43,45.72776,4.90759,14,6,4
202100029404,149Â 220,A01,1,1,1,0,2,6,-1,-1, -1,-1,2021,25.0,2,1,0,0,0,21,1,,1,AUTOROUTE A6,0,,3,8,0,1,28,780,1,, -1,2,0,1,90,12,7,2021,14:26,1,91,91340,1,1,1,7,AUTOROUTE A6,48.59936,2.4402,14,1,1
202100011387,181Â 367,A01,1,1,1,5,1,0,-1,-1, -1,-1,2021,24.0,1,2,2,0,9,14,1,,3,Park Poullig rond point,0,,-1,2,0,1,5,10,1,, -1,1,2,3,80,22,10,2021,19:40,3,29,29232,1,6,0,7,Lieu dit Park Poullig,48.030736711,-4.085073173,19,1,1
202100007351,188Â 613,B01,1,1,1,1,2,6,-1,-1, -1,-1,2021,37.0,2,1,0,2,1,1,1,,3,FONTAINEBLEAU (AV DE),0,,1,1,0,1,211,0,1,, -1,2,0,1,50,19,11,2021,18:11,5,94,94073,2,1,1,3,Avenue de Fontainebleau,48.767275,2.368227,18,2,2
202100009710,184Â 344,B01,1,1,1,5,1,0,-1,-1, -1,-1,2021,26.0,1,2,0,2,4,2,1,,1,AUTOROUTE A6A,0,,3,12,0,2,8,0,1,, -1,3,0,1,110,2,11,2021,23:20,3,91,91689,1,1,1,2,AUTOROUTE A6A,48.74947,2.32802,23,2,2
202100025273,156Â 480,C01,1,1,2,1,1,0,-1,-1, -1,-1,2021,26.0,1,2,0,2,1,1,1,,4,ADOUR (AVENUE DE L'),0,,2,2,1,1,0,0,1,, -1,2,0,1,50,7,8,2021,01:25,5,64,64024,2,1,1,5,ADOUR (AVENUE DE L'),43.52053,-1.50246,1,5,3
202100003966,194Â 658,A01,1,1,1,0,2,-1,-1,-1, -1,-1,2021,43.0,3,1,0,0,0,1,1,,4,DEBOURG                             (AV),0,,2,2,2,1,(1),(1),1,, -1,2,0,1,50,7,12,2021,20:30,5,69,69387,2,1,1,7,DEBOURG (AV),45.73148,4.83009,20,1,1
202100054505,104Â 346,B01,1,1,2,5,1,-1,-1,0,0,-1,2021,43.0,2,2,0,2,2,1,1,,3,5,0,,2,2,0,2,(1),(1),2,, -1,2,0,1,80,19,1,2021,11:30,1,74,74198,1,1,1,1,Rte du Fier,45.928573,6.187062,11,2,2
202100000305,201Â 174,A01,10,3,1,5,0,-1,-1,1,3,1,2021,69.0,0,2,0,1,1,1,1,,4,JACARANDAS (CITE),0,,2,1,0,1,0,0,1,, -1,1,0,1,50,4,11,2021,19:31,5,973,97302,2,1,0,6,JACARANDAS (CITE),4.9351410894,-52.316208601,19,2,1
202100008704,186Â 179,A01,1,1,1,4,2,8,-1,-1, -1,-1,2021,47.0,1,1,0,1,3,1,5,,4,COURSE (PETITE RUE DE LA),0,,2,2,1,1,0,0,1,, -1,2,0,5,30,7,11,2021,14:30,1,67,67482,2,3,1,6,COURSE (PETITE RUE DE LA),48.58301,7.73563,14,2,1
202100022082,162Â 153,B01,1,1,2,0,2,-1,-1,-1, -1,-1,2021,64.0,3,1,0,2,2,1,1,,4,RUE JUDE,0,,-1,2,1,1,(1),(1),1,, -1,1,0,1,50,28,8,2021,12:40,1,33,33162,2,2,0,3,Rue Jude,44.8656,-0.63542,12,2,2
202100027200,153Â 098,A01,1,1,1,5,1,0,-1,-1, -1,-1,2021,94.0,1,2,1,2,2,21,6,,3,CADOT ( HENRI ),0,,2,2,0,4,3,300,1,, -1,1,0,3,50,22,7,2021,11:15,1,62,62178,2,9,0,1,CADOT ( HENRI ),50.481415,2.549022,11,3,2
202100011341,181Â 456,B01,10,3,1,0,0,-1,-1,3,3,2,2021,32.0,3,2,0,1,4,2,1,,4,BOLLEE (AV) NÂ° IMP 347 ET >,0,,2,2,2,1,0,0,1,, -1,1,0,1,50,23,10,2021,19:50,5,72,72181,2,1,0,6,BOLLEE (AV) NÂ° IMP 347 ET >,48.0021699674,0.2072703836,19,3,2
202100031144,146Â 066,A01,1,1,2,1,1,0,-1,-1, -1,-1,2021,24.0,2,2,0,2,2,11,1,,3,,0,,1,2,0,1,36,80,1,, -1,1,0,1,50,1,7,2021,09:12,1,25,25056,2,1,0,3,BELFORT RUE DE (inf144),47.2469,6.02654,9,2,2
202100008962,185Â 697,B01,2,2,2,5,2,8,-1,0,0,-1,2021,60.0,1,1,0,2,8,1,1,,4,AVENUE DE LA PORTE DE VINCENNES,0,,3,4,0,1,(1),(1),1,, -1,1,0,1,30,6,11,2021,19:35,5,75,75120,2,5,0,3,AVENUE DE LA PORTE DE VINCENNES,48.846705,2.415823,19,3,2
202100043530,123Â 853,A01,1,1,1,0,2,6,-1,-1, -1,-1,2021,27.0,2,1,0,2,3,3,1,,1,AUTOROUTE A104,0,,3,6,0,1,3,500,3,, -1,1,0,1,90,19,4,2021,18:00,1,93,93078,1,1,0,3,AUTOROUTE A104,48.95871,2.52687,18,2,2
202100023691,159Â 269,A01,2,2,1,5,1,8,-1,-1, -1,-1,2021,21.0,2,2,2,0,2,14,1,,4,EUROPE (AVENUE DE L'),0,,2,2,0,1,(1),(1),1,, -1,1,0,4,50,17,8,2021,20:20,1,71,71153,2,1,0,6,Avenue de lâEurope,46.8083964573,4.4233362152,20,2,1
202100054980,103Â 539,A01,1,1,1,5,2,6,-1,0,0,-1,2021,23.0,1,1,0,2,1,11,1,,3,937,0,D,2,2,0,1,19,349,1,, -1,1,0,1,80,16,1,2021,07:45,3,85,85129,1,1,0,1,Alexandrie,46.834835,-1.485422,7,2,2
202100002914,196Â 563,A01,1,1,2,0,1,0,-1,0,0,-1,2021,52.0,1,2,0,2,1,2,1,,7,CLEMENTEL (BD ETIENNE),0,,3,4,0,1,(1),(1),1,, -1,1,0,1,50,13,12,2021,18:39,5,63,63113,2,3,0,2,CLEMENTEL (BD ETIENNE),45.80644,3.10934,18,2,2
202100053039,106Â 916,A01,1,1,1,4,2,6,-1,-1, -1,-1,2021,26.0,1,1,0,0,9,1,1,,2,RN104,0,,3,2,0,1,0,600,2,, -1,2,0,1,90,31,1,2021,14:20,1,77,77169,1,1,0,7,RN104,48.8246280256,2.6155684865,14,1,1
202100002456,197Â 383,A01,1,1,1,9,2,0,-1,0,0,-1,2021,27.0,1,1,0,2,1,1,1,,4,ALLEE DE LONGCHAMP,0,,3,4,0,1,(1),(1),1,, -1,1,0,1,30,17,12,2021,00:45,5,75,75116,2,4,0,6,ALLEE DE LONGCHAMP,48.876858,2.276471,0,3,2
202100046202,119Â 182,A01,1,1,2,5,1,8,-1,-1, -1,-1,2021,26.0,2,2,0,2,3,13,1,,1,6,0,,3,6,0,1,28,899,1,, -1,1,0,1,110,29,3,2021,15:45,1,91,91340,1,1,0,3,AUTOROUTE A6,48.6,2.43977,15,3,2
202100043652,123Â 647,B01,1,1,2,9,2,0,-1,0,0,-1,2021,34.0,3,1,0,2,1,1,5,,4,RUE DU FAUBOURG SAINT MARTIN,0,,1,2,1,1,(1),(1),1,, -1,1,0,1,50,17,4,2021,16:20,1,75,75110,2,3,0,2,RUE DU FAUBOURG SAINT MARTIN,48.870692,2.35654,16,2,2
202100007234,188Â 824,B01,1,1,1,5,2,6,-1,-1, -1,-1,2021,29.0,1,1,0,2,1,2,1,,2,RN 162,0,,3,5,0,1,0,0,1,, -1,1,3,1,90,18,11,2021,19:00,3,53,53054,1,1,0,2,RN 162,48.09661,-0.74783,19,2,2
202100013083,178Â 356,B01,1,1,2,1,8,0,-1,-1, -1,-1,2021,61.0,1,1,0,2,8,1,5,,4,MOULIN A VENT (RUE DU),0,,2,2,0,1,(1),(1),1,, -1,1,0,1,50,15,10,2021,13:10,1,37,37208,2,2,0,6,MOULIN A VENT (RUE DU),47.3503007562,0.74046379,13,2,2
202100044764,121Â 697,B01,1,1,1,5,2,6,-1,0,0,-1,2021,18.0,3,1,0,2,1,13,1,,4,,-1,,2,2,0,1,(1),(1),3,, -1,1,0,1,50,17,3,2021,12:35,1,66,66094,1,1,1,1,Avenue de la Mer,42.605276,3.008033,12,2,2
202100047406,117Â 032,B01,1,1,1,0,2,0,-1,-1, -1,-1,2021,30.0,-1,1,0,2,1,1,1,,3,GALLIENI (AV.) DE 132 A 186,0,,1,2,0,1,1,0,1,, -1,1,0,1,50,19,3,2021,13:00,1,93,93010,2,1,0,3,GALLIENI (AV.) DE 132 A 186,48.9062807055,2.4839734111,13,2,2
202100033176,142Â 463,B01,2,2,1,0,1,0,-1,-1, -1,-1,2021,60.0,1,2,0,2,3,1,1,,4,PERRACHE                            (QU),0,,1,4,0,1,(1),(1),1,, -1,1,2,8,50,19,6,2021,13:10,1,69,69382,2,2,0,3,PERRACHE (Q),45.7443883143,4.8266154036,13,3,2
202100020494,165Â 004,A01,1,1,1,5,1,0,-1,-1, -1,-1,2021,38.0,1,2,17,2,3,13,2,,3,RD725  route de la ROCHE POSAY,0,,2,2,0,1,18,95,3,, -1,1,0,1,80,22,8,2021,19:40,1,86,86066,1,1,1,1,Route de la Roche Posay,46.823483,0.597624,19,3,2
202100020193,165Â 545,B01,1,1,1,1,2,-1,-1,-1, -1,-1,2021,41.0,2,1,0,2,8,3,1,,1,ROCADE A 630,0,,3,6,0,1,29,736,1,, -1,2,0,1,90,8,9,2021,08:16,1,33,33550,1,1,1,3,ROCADE A 630,44.78023,-0.57675,8,2,2
202100020589,164Â 829,B01,1,1,1,1,2,0,-1,-1, -1,-1,2021,61.0,-1,1,0,2,8,1,1,,3,VAILLANT COUTURIER (AVENUE PAUL),0,,1,2,0,1,(1),(1),1,, -1,1,0,1,50,6,9,2021,13:15,1,93,93008,2,3,0,3,VAILLANT COUTURIER (AVENUE PAUL),48.905738,2.465152,13,3,2
202100031690,145Â 113,A01,5,2,2,5,1,-1,-1,0,0,-1,2021,19.0,2,2,6,0,3,1,1,,4,45,0,,2,2,0,1,10,500,1,, -1,1,0,3,50,1,7,2021,00:30,5,29,29058,2,1,0,6,16 Rue des GlÃ©nan,47.862489,-3.988377,0,5,1
202100024324,158Â 192,A01,1,1,1,0,1,8,-1,-1, -1,-1,2021,38.0,0,2,0,2,5,9,1,,3,DE LATTRE DE TASSIGNY (1 A 51),0,,3,4,0,1,0,1,1,, -1,1,0,1,50,13,8,2021,20:32,2,93,93031,2,9,0,3,Avenue de Lattre de Tassigny,48.956687,2.310551,20,2,2
202100008580,186Â 400,B01,1,1,1,9,2,6,-1,-1, -1,-1,2021,30.0,1,1,0,2,5,1,1,,2,118,0,,3,2,0,2,0,800,3,, -1,1,0,1,70,10,11,2021,18:55,3,92,92072,1,1,0,4,N118,48.8224757424,2.2222421137,18,3,3
202100011827,180Â 582,A01,1,1,1,0,2,6,-1,-1, -1,-1,2021,25.0,1,1,0,2,8,1,1,,4,MARÃCHAL DE LATTRE (AVENUE),0,,2,2,0,1,0,0,1,, -1,1,0,1,50,21,10,2021,20:10,5,13,13209,2,1,0,3,MARÃCHAL DE LATTRE (AVENUE),43.2461395339,5.4175267586,20,2,2
202100034705,139Â 691,A01,1,1,1,9,2,6,-1,0,0,-1,2021,27.0,1,1,0,2,1,17,1,,3,759,0,,2,2,0,1,6,20,1,, -1,1,0,1,90,14,6,2021,17:00,1,86,86287,1,1,0,3,D759,47.05533,0.149227,17,3,2
202100045037,121Â 223,B01,1,1,1,9,2,6,-1,0,0,-1,2021,23.0,1,1,0,2,3,1,1,,4,AVENUE EDOUARD VAILLANT,0,,1,4,0,1,(1),(1),3,, -1,2,0,1,50,5,4,2021,13:53,1,75,75116,2,2,1,3,AVENUE EDOUARD VAILLANT,48.836774,2.253648,13,2,2
202100036802,135Â 923,B01,1,1,1,9,8,8,-1,-1, -1,-1,2021,71.0,3,1,0,2,1,1,1,,4,VERDISSES (LIEU DIT LES,0,,2,1,0,1,(1),(1),4,, -1,1,0,1,50,2,6,2021,09:30,1,34,34003,1,1,0,1,VERDISSES (LIEU DIT LES),43.29879,3.44248,9,2,2
202100050548,111Â 341,C01,1,1,2,0,1,0,-1,-1, -1,-1,2021,24.0,2,2,0,2,4,2,1,,1,AUTOROUTE A1,0,,3,8,0,1,10,0,1,, -1,1,1,1,110,22,2,2021,08:40,1,93,93007,1,1,0,4,A1,48.9492,2.44691,8,5,4
202100009177,185Â 311,A01,2,2,1,5,1,-1,-1,0,0,-1,2021,38.0,2,2,17,0,1,11,1,,7,24,0,D,2,2,0,1,22,25,1,, -1,1,0,3,80,5,11,2021,05:00,3,31,31417,1,1,0,6,211 Route de LÃ©vignac,43.62803,1.240634,5,2,1
202100010486,182Â 981,A01,3,2,1,5,1,0,-1,-1, -1,-1,2021,21.0,3,2,2,0,1,1,1,,4,FONTCOUVERTE(Avenue de),0,,3,4,3,1,0,1,1,, -1,1,5,4,50,24,10,2021,05:50,4,84,84007,2,1,0,6,FONTCOUVERTE(Avenue de),43.93667,4.8461,5,3,1
202100022027,162Â 257,A01,1,1,1,5,2,-1,-1,0,0,-1,2021,58.0,1,1,0,0,0,21,1,,3,765,-1,,2,2,0,1,63,740,1,, -1,1,5,1,50,29,8,2021,10:00,1,56,56007,2,6,0,7,Bel Air,47.67146269,-2.99417004,10,1,1
202100025689,155Â 766,B01,1,1,1,5,2,6,-1,0,0,-1,2021,21.0,2,1,12,2,0,9,1,,3,125,-1,,-1,1,0,2,28,530,2,, -1,1,5,1,50,5,8,2021,11:55,1,26,26206,2,6,0,3,1  Avenue du Vercors,44.831914,4.977944,11,3,2
202100009933,183Â 939,B01,1,1,1,9,1,0,-1,-1, -1,-1,2021,73.0,3,2,0,2,4,1,1,,9,CHAPIT RE ( RUE DU),0,,1,4,0,2,6,400,1,, -1,2,2,1,50,1,11,2021,06:00,3,77,77291,2,1,0,2,CHAPIT RE ( RUE DU),49.0046,2.58453,6,3,2
202100037955,133Â 821,A01,2,2,2,0,2,0,-1,-1, -1,-1,2021,18.0,2,1,0,2,1,2,1,,2,JAURES (BOULEVARD JEAN),0,,3,4,0,1,(1),(1),1,, -1,1,0,1,70,27,5,2021,16:30,1,974,97411,2,1,0,2,JAURES (BOULEVARD JEAN),-20.90192,55.49856,16,3,2
202100012699,179Â 018,A01,1,1,1,5,2,-1,-1,0,0,-1,2021,47.0,1,1,6,0,7,1,5,,3,11,-1,,2,1,0,2,17,825,2,,"5,5",1,0,3,50,16,10,2021,10:55,1,68,68173,2,4,0,6,Les Cottis,48.102119,7.193629,10,1,1
202100016452,172Â 222,A01,10,3,1,2,0,-1,-1,3,3,1,2021,12.0,3,2,0,1,7,1,1,,4,IASSY (AVENUE DE),0,,2,3,0,1,(1),(1),1,, -1,1,0,1,50,24,9,2021,08:30,1,86,86194,2,1,0,6,Avenue d'Iassy,46.573786,0.391614,8,3,1
202100016527,172Â 090,B01,1,1,1,0,2,6,-1,-1, -1,-1,2021,18.0,1,1,0,2,1,1,1,,4,GUILLOUX (LOUIS),0,,2,5,0,1,(1),(1),1,, -1,1,0,1,50,23,9,2021,21:35,5,35,35238,2,2,0,1,GUILLOUX (LOUIS),48.112,-1.70233,21,2,2
202100025067,156Â 848,A01,1,1,1,5,1,-1,-1,0,0,-1,2021,75.0,1,2,17,0,2,14,1,,2,1,0,,2,2,0,1,60,450,1,, -1,1,0,3,90,9,8,2021,14:00,1,988,98802,1,1,0,6,RT1 EntrÃ©e Sud de TOMO - PR 60 + 450,-21.963465,166.158385,14,4,1
202100039700,130Â 620,A01,10,3,2,0,0,-1,-1,4,3,2,2021,42.0,1,2,0,1,3,15,1,,4,ENDOUME (RUE D'),0,,2,3,0,1,(1),(1),1,, -1,2,0,8,50,16,5,2021,17:40,1,13,13207,2,2,1,6,ENDOUME (RUE D'),43.2897,5.36633,17,3,1
202100027061,153Â 345,A01,1,1,1,5,8,-1,-1,0,0,-1,2021,45.0,2,1,0,2,1,1,5,,4,BIGORRE (RUE DE),0,,2,2,1,1,(1),(1),2,, -1,1,0,1,30,25,7,2021,11:42,1,65,65331,2,3,0,1,BIGORRE (RUE DE),43.199504,0.060051,11,2,2
202100000782,200Â 315,A01,1,1,1,4,2,6,-1,0,0,-1,2021,34.0,1,1,0,2,4,15,1,,4,AVENUE D ITALIE,0,,2,4,1,1,(1),(1),1,, -1,1,0,1,30,31,12,2021,20:34,5,75,75113,2,3,0,4,AVENUE D ITALIE,48.822784,2.358334,20,3,3
202100014149,176Â 400,A01,10,3,1,0,0,-1,-1,5,9,1,2021,18.0,2,2,0,1,7,1,1,,4,PRUILLE (RTE DE),0,,2,2,0,1,0,0,1,, -1,1,0,1,50,9,10,2021,15:45,1,72,72257,2,1,0,6,PRUILLE (RTE DE),47.98384,0.14719,15,2,1
202100038010,133Â 718,B01,1,1,1,1,2,8,-1,-1, -1,-1,2021,26.0,2,1,0,2,7,1,5,,4,CUCILLE (AVENUE DE),0,,2,2,1,1,(1),(1),1,, -1,2,0,5,50,26,5,2021,13:00,1,35,35238,2,9,1,3,CUCILLE (AVENUE DE),48.128693,-1.698332,13,2,2
202100045531,120Â 357,A01,1,1,1,5,2,0,-1,-1, -1,-1,2021,21.0,1,1,0,2,2,2,1,,4,PATELIN (chemin),0,,2,2,0,1,0,0,1,, -1,1,0,1,50,1,4,2021,10:40,1,974,97409,1,1,0,2,PATELIN (chemin),-20.9716480329,55.6746317986,10,2,2
202100039247,131Â 457,A01,10,3,1,0,8,8,-1,0,5,2,2021,8.0,1,2,0,1,1,1,1,,4,mamoudzou centre-Haladi Selemani ( rue ),0,,1,0,0,1,0,0,1,, -1,1,0,1,50,19,5,2021,13:10,1,976,97611,2,1,0,6,mamoudzou centre-Haladi Selemani ( rue ),-12.78169,45.2315,13,2,1
202100009272,185Â 125,A01,1,1,2,1,1,8,-1,-1, -1,-1,2021,27.0,2,2,0,0,1,1,1,,3,AURIAC -CHEMIN-,0,,2,2,0,2,1,0,3,, -1,2,0,1,50,4,11,2021,08:40,1,11,11069,2,1,0,7,AURIAC -CHEMIN-,43.19214,2.33598,8,1,1
202100006879,189Â 480,E01,1,1,1,1,1,-1,-1,0,0,-1,2021,31.0,2,2,0,2,7,12,1,,3,14,0,A,3,4,0,1,30,200,1,, -1,1,0,1,110,23,11,2021,08:30,1,95,95658,1,1,1,5,RD 14,49.080992,1.935697,8,8,6
202100010498,182Â 956,A01,1,1,1,1,2,6,-1,-1, -1,-1,2021,32.0,1,1,0,2,7,14,1,,4,PASTEUR (RUE LOUIS),0,,2,2,0,4,(1),(1),1,, -1,2,0,1,50,28,10,2021,08:30,1,71,71059,2,1,1,7,PASTEUR (RUE LOUIS),46.8106,4.47494,8,1,1
202100049876,112Â 585,A01,1,1,2,5,2,6,-1,-1, -1,-1,2021,21.0,2,1,0,2,1,17,1,,3,779,0,,2,2,0,1,0,610,1,, -1,1,0,1,50,27,2,2021,18:05,1,56,56260,2,2,0,3,Rue de Sainte-Anne,47.66228,-2.77857,18,2,2
202100039561,130Â 876,B01,1,1,1,5,8,0,-1,-1, -1,-1,2021,22.0,1,1,0,2,4,1,5,,4,VALIN (AVENUE DU GENERAL MARTIAL),0,,1,2,0,1,0,0,3,, -1,1,0,1,50,14,5,2021,13:13,1,87,87085,2,2,0,2,VALIN (AVENUE DU GENERAL MARTIAL),45.81092,1.27434,13,2,2