Num_Acc,id_vehicule,num_veh,place,catu,sexe,trajet,secu1,secu2,secu3,locp,actp,etatp,year_acc,victim_age,senc,catv,obs,obsm,choc,manv,motor,occutc,catr,voie,v1,v2,circ,nbv,vosp,prof,pr,pr1,plan,lartpc,larrout,surf,infra,situ,vma,jour,mois,an,hrmn,lum,dep,com,agg_,int,atm,col,adr,lat,long,hour,nb_victim,nb_vehicules
202100017690,170Â 001,A01,1,1,1,5,2,6,-1,-1, -1,-1,2021,29.0,3,1,0,2,1,2,1,,4,FOSSE AUX BICHES (ALL DE LA),0,,2,2,0,2,15,0,1,, -1,1,0,1,50,21,9,2021,21:30,4,94,94075,2,3,0,3,AllÃ©e de la Fosse aux Biches,48.72368,2.52032,21,2,2
202100008311,186Â 869,A01,1,1,1,5,1,-1,-1,0,0,-1,2021,35.0,1,2,2,0,2,2,1,,3,941,0,,2,2,0,1,13,50,1,, -1,2,0,3,70,14,11,2021,18:00,3,28,28314,1,1,0,4,Les SalandiÃ¨res,48.605411,0.923527,18,1,1
202100001082,199Â 829,A01,10,3,1,0,0,-1,-1,4,3,1,2021,36.0,3,2,0,1,2,15,2,,4,GABRIEL PERI (RUE),0,,2,2,0,1,0,0,1,, -1,1,5,1,50,28,12,2021,17:40,2,93,93071,2,2,0,1,GABRIEL PERI (RUE),48.94444,2.5333,17,2,1
202100050078,112Â 223,A01,3,2,2,0,1,0,-1,-1, -1,-1,2021,35.0,3,2,0,2,2,0,2,,4,RAMIERS (AVENUE),0,,2,1,0,1,1,0,1,, -1,1,0,1,50,26,2,2021,11:30,1,93,93049,2,2,0,3,ROSNY (AVENUE),48.8708744603,2.5123502886,11,3,2
202100040972,128Â 380,B01,1,1,2,3,1,0,-1,-1, -1,-1,2021,36.0,3,2,0,2,5,15,1,,4,LYAUTEY,0,,1,1,0,1,0,0,1,, -1,1,0,1,50,7,5,2021,11:15,1,93,93031,2,1,0,3,Rue Lyautey,48.965406,2.298463,11,2,2
202100006008,191Â 057,A01,1,1,1,5,1,0,-1,-1, -1,-1,2021,58.0,2,2,14,2,1,0,1,,3,PARIS (RUE DE),0,,3,2,0,1,1,0,1,, -1,2,0,1,50,26,11,2021,22:00,5,94,94028,2,1,1,2,Rue de Paris,48.79469,2.45976,22,2,2
202100010340,183Â 221,B01,1,1,2,5,1,4,-1,0,0,-1,2021,30.0,1,2,0,2,4,2,1,,4,PORTE DE CLICHY,0,,1,4,0,1,19,900,1,, -1,1,0,1,70,29,10,2021,20:00,5,75,75117,2,1,0,2,PORTE DE CLICHY,48.898986,2.317292,20,2,2
202100045095,121Â 126,B01,1,1,2,0,1,0,-1,-1, -1,-1,2021,34.0,2,2,0,2,8,2,1,,1,AUTOROUTE A3,0,,3,7,0,1,3,500,1,, -1,1,0,1,70,5,4,2021,19:00,1,93,93053,1,1,0,3,AUTOROUTE A3,48.88085,2.45226,19,2,2
202100037460,134Â 706,A01,2,2,2,0,1,0,-1,-1, -1,-1,2021,50.0,1,2,4,2,3,16,1,,3,988,0,,1,2,0,1,0,0,1,, -1,1,5,1,50,29,5,2021,16:10,1,92,92078,2,3,0,3,MARC SANGNIER (AVENUE),48.9296961017,2.3263373627,16,6,2
202100028384,150Â 975,A01,1,1,2,9,1,-1,-1,0,0,-1,2021,36.0,2,2,0,0,9,0,1,,3,64,-1,,2,2,0,1,16,765,2,, -1,1,0,3,80,18,7,2021,21:20,3,1,1336,1,1,0,7,Route de Condeissiat,46.1423354892,5.1158259107,21,1,1
202100032392,143Â 872,A01,1,1,1,5,2,6,9,0,0,-1,2021,68.0,1,1,15,0,3,1,1,,3,2371,0,,2,2,0,2,3,300,3,, -1,1,0,3,70,26,6,2021,11:49,1,3,3217,1,1,0,7,D2371,46.338069,2.642169,11,1,1
202100004333,194Â 013,B01,1,1,2,1,9,-1,-1,0,0,-1,2021,52.0,1,1,0,2,3,1,5,,3,10,-1,,2,2,0,1,0,300,1,,5,2,0,1,50,7,12,2021,17:00,2,18,18197,2,2,1,3,Avenue de la RÃ©publique,46.727297,2.507967,17,2,2
202100040020,130Â 061,A01,2,2,1,5,1,-1,-1,-1,0,-1,2021,25.0,2,2,3,0,2,12,1,,1,AUTOROUTE A15,0,,3,8,0,1,8,500,1,, -1,2,0,1,110,14,5,2021,14:55,2,95,95582,1,1,1,6, A15,48.96659,2.25579,14,2,1
202100049746,112Â 823,Y01,1,1,1,5,0,-1,-1,0,0,-1,2021,11.0,0,1,0,2,0,0,5,,4,CALIFORNIE CHEMIN DE LA,0,,-1,2,0,1,(1),(1),1,, -1,1,0,1,50,20,2,2021,16:40,1,78,78624,1,1,0,7,CALIFORNIE CHEMIN DE LA,48.95506,2.0156,16,2,2
202100042767,125Â 202,A01,7,2,1,5,8,-1,-1,0,0,-1,2021,18.0,3,2,13,0,2,14,1,,7,55,-1,G,2,2,0,1,1,750,1,, -1,1,0,3,80,25,4,2021,02:00,3,13,13112,1,1,0,7,Avenue Jean Pallet,43.52201,5.237153,2,3,1
202100033541,141Â 819,A01,1,1,1,0,2,6,-1,0,0,-1,2021,30.0,3,1,0,2,1,26,1,,4,CASAMARTA IMM. CHEMIN DE CANDIA,0,,4,1,0,2,(1),(1),2,, -1,1,0,1,30,17,6,2021,11:45,1,201,201004,2,1,0,1,CASAMARTA IMM. CHEMIN DE CANDIA,41.93648,8.74748,11,2,2
202100038887,132Â 121,A01,1,1,1,5,8,0,-1,-1, -1,-1,2021,22.0,3,2,6,0,3,26,1,,4,RUE COLLENOT,0,,1,1,0,1,0,0,3,, -1,1,0,3,20,22,5,2021,00:30,5,91,91103,2,1,0,7,RUE COLLENOT,48.60743,2.31193,0,1,1
202100043103,124Â 632,A01,1,1,1,4,1,-1,-1,0,0,-1,2021,32.0,2,4,3,9,3,0,1,,1,A4,-1,,3,4,0,1,177,500,1,, -1,1,0,1,130,23,4,2021,09:40,1,51,51205,1,1,0,7,A4,49.0350545071,4.4118529558,9,1,1
202100040524,129Â 171,B01,1,1,1,0,2,6,-1,-1, -1,-1,2021,35.0,1,1,0,2,7,1,1,,3,LENINE (AVENUE) NÂ°36 AU 120 ET NÂ°45 AU 1,0,,1,2,0,1,0,0,1,, -1,1,0,1,50,10,5,2021,18:25,1,93,93059,2,1,0,3,LENINE (AVENUE) NÂ°36 AU 120 ET NÂ°45 AU 1,48.95709,2.35836,18,3,2
202100052493,107Â 894,B01,1,1,1,0,1,-1,-1,0,0,-1,2021,34.0,1,2,0,2,2,1,0,,3,926,0,D,2,2,0,2,26,149,3,, -1,2,0,1,50,5,2,2021,19:15,5,61,61389,2,2,1,1,D926,48.714291,0.433724,19,2,2
202100015723,173Â 563,A01,1,1,2,5,1,0,-1,-1, -1,-1,2021,25.0,-1,2,0,2,1,1,1,,1,AUTOROUTE A3,0,,1,1,0,1,12,0,1,, -1,2,3,1,70,2,10,2021,05:05,3,93,93005,1,1,0,2,AUTOROUTE A3,48.96414,2.47373,5,2,2
202100046643,118Â 393,A01,1,1,1,1,2,0,-1,0,0,-1,2021,19.0,1,1,0,2,1,2,1,,4,BOULEVARD BEAUMARCHAIS,0,,2,4,3,1,(1),(1),1,, -1,1,0,1,50,24,3,2021,20:40,5,75,75111,2,2,0,2,BOULEVARD BEAUMARCHAIS,48.855804,2.368492,20,2,2
202100052860,107Â 231,B01,1,1,1,4,2,6,-1,-1,0,-1,2021,53.0,1,1,0,2,8,1,1,,3,392,0,,2,2,0,1,8,350,1,, -1,2,0,1,50,29,1,2021,19:03,5,95,95424,2,1,1,3,PONTOISE(BOULEVARD DE),48.98631,2.18188,19,2,2
202100040266,129Â 630,A01,1,1,1,5,2,6,9,0,0,-1,2021,64.0,1,1,0,6,1,1,1,,3,12,0,,2,2,0,1,2,995,3,, -1,1,0,1,80,12,5,2021,17:45,1,6,6068,1,1,0,7,D12,43.733135,6.958058,17,1,1
202100026307,154Â 668,B01,1,1,1,9,2,6,-1,-1, -1,-1,2021,26.0,3,1,0,2,8,1,1,,4,MALRAUX (QUAI ANDRE),0,,3,4,0,1,(1),(1),1,, -1,1,0,1,50,29,7,2021,23:30,5,37,37261,2,2,0,6,MALRAUX (QUAI ANDRE),47.39754,0.69944,23,2,2
202100053229,106Â 589,A01,1,1,1,1,2,8,-1,-1, -1,-1,2021,20.0,1,1,0,2,1,9,1,,4,PAUTRIER (RUE),0,,2,2,0,2,(1),(1),1,, -1,1,0,1,50,28,1,2021,14:15,1,13,13204,2,3,0,3,PAUTRIER (RUE),43.308976,5.391493,14,2,2
202100034280,140Â 464,B01,2,2,2,5,1,-1,-1,-1, -1,-1,2021,44.0,1,2,0,2,4,1,1,,4,MONTAIGNE (DE 39 A 111 ET 32 A 96),0,,-1,2,0,1,(1),(1),1,, -1,1,0,1,30,15,6,2021,12:30,1,29,29019,2,1,0,2,Boulevard Montaigne,48.40322,-4.481,12,3,2
202100038639,132Â 569,A01,2,2,2,9,1,0,-1,-1, -1,-1,2021,35.0,1,2,0,2,1,11,1,,4,BONNEFOY (RUE),0,,-1,2,0,1,(1),(1),1,, -1,1,0,1,50,22,5,2021,13:45,1,13,13210,2,9,0,2,BONNEFOY (RUE),43.28058,5.400959,13,3,2
202100047489,116Â 877,B01,1,1,1,1,2,6,-1,-1, -1,-1,2021,47.0,3,1,0,2,1,1,1,,4,MIRAMBEAU (ROUTE DE),0,,2,3,0,2,0,0,1,, -1,1,0,1,50,17,3,2021,18:00,1,64,64024,2,1,0,3,MIRAMBEAU (ROUTE DE),43.4770843401,-1.5101668239,18,2,2
202100020072,165Â 748,A01,1,1,1,5,2,0,-1,0,0,-1,2021,18.0,3,1,0,1,1,11,1,,4,BAUDOIN IX RUE,0,,2,2,0,1,(1),(1),1,, -1,1,0,1,50,7,9,2021,19:40,1,59,59009,2,1,0,6,BAUDOIN IX RUE,50.6239874475,3.1317526102,19,2,1
202100009447,184Â 814,A01,10,3,1,5,0,-1,-1,3,3,1,2021,51.0,0,0,0,1,0,26,0,,4,KLEBER QUAI JEAN BAPTISTE,0,,2,2,0,1,0,0,1,, -1,1,0,1,30,31,10,2021,02:38,5,13,13056,2,1,0,6,KLEBER QUAI JEAN BAPTISTE,43.40663,5.05505,2,2,1
202100050887,110Â 717,B01,1,1,1,0,2,0,-1,0,0,-1,2021,32.0,1,1,0,2,7,1,5,,4,BOUDONVILLE (Rue de),0,,1,1,0,1,(1),(1),1,, -1,1,0,1,30,18,2,2021,19:45,5,54,54395,2,2,0,3,BOUDONVILLE (Rue de),48.69893,6.16795,19,2,2
202100018665,168Â 277,A01,1,1,1,5,1,-1,-1,0,0,-1,2021,75.0,2,2,0,2,8,13,1,,1,52,0,A,4,3,0,1,0,0,1,, -1,1,3,1,70,13,9,2021,19:15,2,13,13025,1,1,0,5,A52,43.482071965,5.5586957932,19,4,3
202100040291,129Â 582,A01,2,1,1,0,2,6,-1,-1, -1,-1,2021,29.0,2,1,0,2,1,12,1,,1,AUTOROUTE A6,0,,1,3,0,1,10,300,1,, -1,1,0,1,110,12,5,2021,17:00,1,91,91689,1,1,0,2,AUTOROUTE A6,48.7266,2.31361,17,2,2
202100053670,105Â 801,A01,1,1,2,2,1,-1,-1,0,0,-1,2021,20.0,1,2,0,0,4,1,1,,1,8,0,,3,5,0,1,187,400,1,, -1,1,0,1,110,26,1,2021,09:15,1,6,6088,1,1,0,2,A8 PK 187+400 chaussÃ©e sud,43.677339,7.195069,9,2,2
202100051334,109Â 913,A01,10,3,2,0,0,-1,-1,3,3,1,2021,86.0,3,2,0,1,3,15,1,,4,HUIT MAI 45 (RUE DU),0,,2,0,0,2,0,0,1,, -1,2,0,1,50,2,2,2021,11:30,1,92,92025,2,3,1,6,HUIT MAI 45 (RUE DU),48.9229433926,2.2590261698,11,2,1
202100045895,119Â 723,B01,1,1,1,4,1,0,-1,-1, -1,-1,2021,59.0,1,5,0,2,4,1,1,,1,A4,0,,-1,4,0,1,4,0,1,, -1,1,0,1,90,29,3,2021,16:40,1,94,94069,1,1,0,2,A4,48.81719,2.43047,16,2,2
202100026173,154Â 913,B01,9,2,1,5,1,-1,-1,0,0,-1,2021,12.0,1,2,3,2,3,1,1,,1,6,0,,3,5,0,1,365,400,1,, -1,1,0,1,130,1,8,2021,04:00,3,71,71550,1,1,0,3,A6 Pk 365+400 sens Paris - Lyon,46.495453,4.898593,4,6,2
202100029673,148Â 757,B01,1,1,1,5,1,-1,-1,0,0,-1,2021,62.0,1,2,0,9,1,1,1,,3,17,-1,,2,2,0,1,5,917,1,, -1,1,0,1,80,10,7,2021,14:40,1,31,31510,1,1,0,1,DÃ©partementale 17 - Pk 28+400,43.266675,0.706472,14,3,2
202100004441,193Â 824,A01,9,2,2,4,0,-1,-1,0,0,-1,2021,25.0,1,2,13,0,1,1,0,,3,162,-1,,2,2,0,1,16,600,2,, -1,2,0,3,80,6,12,2021,14:30,1,49,49140,1,1,1,7,D162,47.183413,0.016394,14,2,1
202100021157,163Â 844,A01,1,1,1,0,2,6,9,0,0,-1,2021,24.0,1,1,1,0,7,13,1,,3,12,0,D,2,2,0,2,37,0,3,, -1,1,0,1,80,3,9,2021,17:00,1,88,88225,1,1,0,2,La HoussiÃ¨re,48.070305,6.449597,17,2,2
202100015911,173Â 227,B01,1,1,1,0,2,0,-1,-1, -1,-1,2021,55.0,3,1,0,2,7,1,1,,3,ROUTE DE SAVONNIERES,0,,1,2,0,1,(1),(1),2,, -1,1,0,1,50,29,9,2021,18:00,1,37,37122,1,6,0,6,ROUTE DE SAVONNIERES,47.36739,0.65267,18,2,2
202100001428,199Â 228,C01,2,2,1,0,1,0,-1,-1, -1,-1,2021,31.0,2,2,0,2,4,0,1,,1,A55-Sens Martigues vers Marseille,0,,1,3,0,1,4,0,3,, -1,2,0,1,90,25,12,2021,12:30,1,13,13215,1,1,0,5,A55-Sens Martigues vers Marseille,43.33183,5.35447,12,5,4
202100048699,114Â 706,A01,10,3,2,9,0,-1,-1,0,0,-1,2021,45.0,1,2,0,1,2,1,1,,4,BOULEVARD DES CAPUCINES,0,,2,6,3,1,(1),(1),1,, -1,1,0,1,50,9,3,2021,17:00,1,75,75109,2,2,0,6,BOULEVARD DES CAPUCINES,48.8701085941,2.3291145135,17,3,1
202100026157,154Â 938,B01,1,1,1,9,8,0,-1,0,0,-1,2021,19.0,2,1,1,0,3,1,5,,4,AVENUE DE LA REPUBLIQUE,0,,2,0,1,1,(1),(1),1,, -1,1,0,5,30,31,7,2021,16:35,1,75,75111,2,1,0,3,AVENUE DE LA REPUBLIQUE,48.864456,2.378832,16,3,2
202100051973,108Â 806,B01,1,1,2,0,1,-1,-1,-1, -1,-1,2021,27.0,1,2,0,2,1,2,1,,2,ROUTE NATIONALE 230,0,,1,1,0,4,39,850,1,, -1,1,3,1,50,10,2,2021,15:40,1,33,33013,1,1,0,4,Rocade Rive Droite N230,44.84474,-0.50162,15,4,3
202100012929,178Â 626,A01,1,1,1,1,1,-1,-1,0,0,-1,2021,31.0,1,2,0,2,1,1,1,,3,156,-1,,2,2,0,3,17,96,1,, -1,1,0,1,90,15,10,2021,16:45,1,49,49003,1,1,0,1,D156 - PR 17+96,47.242411,-0.366637,16,3,2
202100028820,150Â 205,A01,1,1,1,5,1,8,-1,-1, -1,-1,2021,20.0,1,2,2,0,1,14,2,,4,LECLERC ( BD GENERAL ),0,,2,2,0,1,(1),(1),3,, -1,1,0,1,30,14,7,2021,04:05,5,56,56121,2,6,0,6,LECLERC ( BD GENERAL ),47.75006,-3.3663,4,1,1
202100052958,107Â 059,A01,1,1,1,5,1,-1,-1,0,0,-1,2021,49.0,1,2,2,0,1,1,1,,3,20,-1,,2,2,0,1,14,288,1,, -1,1,0,3,80,31,1,2021,09:00,1,26,26317,1,1,0,6,529 Route de la Guinguette,44.287179,4.989123,9,1,1
202100031507,145Â 440,A01,1,1,1,0,2,6,9,0,0,-1,2021,49.0,2,1,2,2,3,5,1,,3,47,-1,,2,2,0,2,6,540,1,, -1,1,0,1,80,1,7,2021,16:25,1,83,83008,1,1,0,1,RD47,43.51705,6.650205,16,2,2
202100027156,153Â 175,B01,1,1,1,5,2,6,-1,0,0,-1,2021,34.0,1,1,0,2,2,2,1,,3,81,-1,,2,2,0,1,4,712,1,, -1,1,0,1,80,24,7,2021,11:45,1,66,66212,1,1,0,2,D81,42.752051,3.02145,11,2,2
202100041610,127Â 228,B01,1,1,2,0,0,-1,-1,0,0,-1,2021,78.0,0,1,0,2,1,0,0,,3,D938,-1,,3,2,1,1,(1),(1),1,, -1,2,0,1,50,1,5,2021,11:45,1,84,84054,2,6,1,3,Route de Carpentras,43.926629,5.063174,11,2,2
202100041770,126Â 948,A01,10,3,1,0,0,-1,-1,1,1,1,2021,17.0,2,1,0,1,1,1,1,,2,tsoundzou-SIM ( rue de la ),0,,1,0,0,2,0,0,2,, -1,1,0,1,50,11,4,2021,12:30,1,976,97611,2,1,0,6,tsoundzou-SIM ( rue de la ),-12.81469,45.20072,12,2,1
202100032502,143Â 669,A01,1,1,1,0,1,0,-1,-1, -1,-1,2021,37.0,1,2,0,2,1,2,1,,9,FERRINI FORTUNE (AV),0,,2,2,0,1,0,0,1,, -1,1,0,1,50,24,6,2021,20:50,2,13,13001,2,1,0,2,FERRINI FORTUNE (AV),43.50321,5.43605,20,3,2
202100051478,109Â 689,A01,1,1,1,1,2,6,9,0,0,-1,2021,23.0,2,1,7,0,0,1,1,,3,612,0,,3,4,0,4,8,971,3,, -1,2,0,3,90,16,2,2021,08:55,1,34,34159,1,1,1,6,route dÃ©partementale 612,43.518609,3.808937,8,1,1
202100054613,104Â 166,C01,2,2,2,0,1,0,-1,-1, -1,-1,2021,35.0,-1,2,14,0,4,23,1,,3,ARISTIDE BRIAND AVENUE,0,,-1,1,0,1,0,1,1,, -1,1,8,1,50,17,1,2021,23:20,5,93,93046,2,1,0,4,ARISTIDE BRIAND AVENUE,48.9107,2.5129,23,4,3
202100054771,103Â 898,A01,1,1,1,3,2,6,-1,0,0,-1,2021,26.0,2,1,0,0,2,16,1,,4,EAU BLANCHE  ROND POINT DE L',0,,1,2,0,2,53,700,3,, -1,2,5,1,50,16,1,2021,14:10,1,29,29232,2,1,1,7,D783 - Rond Point de L'Eau Blanche,47.99025,-4.0739,14,1,1
202100045164,121Â 002,A01,1,1,1,0,1,-1,-1,0,0,-1,2021,75.0,2,2,5,0,0,1,1,,1,75,0,,2,4,0,2,115,690,2,, -1,1,0,2,130,5,4,2021,10:55,1,48,48002,1,1,0,6,AUTOROUTE A75 PK 115+690,44.878571,3.244604,10,1,1
202100005878,191Â 286,A01,1,1,1,5,1,-1,-1,-1, -1,-1,2021,22.0,3,2,2,0,1,1,1,,4,ROUTE DE FONTAINE                   (RO),0,,2,2,0,2,(1),(1),4,, -1,2,0,1,50,27,11,2021,03:00,3,69,69286,1,1,1,6,FONTAINES (DE) (RTE),45.82548,4.88048,3,2,1
202100005621,191Â 742,A01,1,1,1,4,2,0,-1,-1, -1,-1,2021,47.0,2,1,0,2,3,3,1,,1,AUTOROUTE A6,0,,-1,3,0,1,20,200,1,, -1,2,0,1,90,30,11,2021,08:46,1,91,91687,1,1,0,3,AUTOROUTE A6,48.6615,2.37,8,2,2
202100017963,169Â 519,A01,1,1,2,5,1,-1,-1,-1, -1,-1,2021,73.0,1,2,0,2,1,2,1,,1,ROCADE A 630,0,,3,8,0,1,32,350,1,, -1,1,0,1,90,14,9,2021,11:55,1,33,33039,1,1,0,2,,44.79676,-0.53823,11,2,2
202100019071,167Â 553,B01,1,1,1,5,0,-1,-1,0,0,-1,2021,56.0,3,1,0,2,1,1,5,,7,,-1,,2,2,1,1,(1),(1),1,,4,1,0,5,50,14,9,2021,11:25,1,38,38486,2,1,0,2,10 Rue du Docteur Schweitzer,45.158865,5.696329,11,2,2
202100029275,149Â 434,B01,1,1,2,1,1,0,-1,-1, -1,-1,2021,25.0,1,2,0,2,1,2,1,,3,RTE NATIONALE 7,0,,3,2,0,4,0,0,1,, -1,2,1,1,50,12,7,2021,09:35,1,91,91027,2,1,1,2,RTE NATIONALE 7,48.717391,2.37081,9,2,2
202100033652,141Â 615,B01,1,1,1,1,2,0,-1,-1, -1,-1,2021,28.0,2,1,14,2,1,2,3,,4,LAPLACE (AV),0,,2,2,0,2,1,0,1,, -1,1,9,1,50,18,6,2021,06:35,5,94,94003,2,1,1,3,Avenue Laplace,48.80843,2.33263,6,2,2
202100010054,183Â 725,B01,1,1,1,1,1,0,-1,-1, -1,-1,2021,31.0,1,2,0,2,6,24,1,,4,GUTEMBERG BOULEVARD,0,,2,2,0,1,1,0,1,, -1,2,0,1,50,31,10,2021,06:15,5,93,93046,2,1,0,2,GUTEMBERG BOULEVARD,48.91359,2.51778,6,2,2
202100050433,111Â 549,B01,1,1,1,0,0,0,-1,-1, -1,-1,2021,35.0,3,1,0,2,5,19,3,,4,PAUL CAZENEUVE                      (R ),0,,2,5,1,1,(1),(1),1,, -1,1,0,1,50,23,2,2021,08:09,1,69,69388,2,2,0,2,PAUL CAZENEUVE (R),45.7346799506,4.8632630141,8,2,2
202100041475,127Â 471,A01,1,1,2,9,1,0,-1,-1, -1,-1,2021,28.0,1,2,4,0,1,2,1,,1,AUTOROUTE A6,0,,3,6,0,1,33,299,1,, -1,2,0,1,110,4,5,2021,15:15,1,91,91179,1,1,1,6,AUTOROUTE A6,48.56715,2.47292,15,1,1
202100000268,201Â 243,A01,1,1,1,5,1,-1,-1,-1, -1,-1,2021,78.0,1,5,6,0,1,1,1,,4,FEUILLAT                            (R ),0,,1,1,0,1,(1),(1),1,, -1,1,0,4,50,7,10,2021,09:45,1,69,69383,2,1,0,6,FEUILLAT (R),45.745091,4.87475,9,1,1
202100049761,112Â 794,A01,10,3,1,0,0,-1,-1,1,3,1,2021,23.0,1,2,0,1,3,1,1,,4,THIERS (RUE),0,,2,2,0,1,0,1,1,, -1,1,2,1,50,28,2,2021,17:53,1,8,8409,2,1,1,6,THIERS (RUE),49.70158,4.93756,17,2,1
202100051662,109Â 348,B01,1,1,2,0,2,-1,-1,0,0,-1,2021,44.0,0,1,0,2,4,11,3,,4,CHATEAUDUN (BOULEVARD DE),0,,2,4,0,1,(1),(1),1,, -1,5,0,1,50,9,2,2021,10:20,1,80,80021,2,1,1,2,CHATEAUDUN (BOULEVARD DE),49.88642,2.27924,10,2,2
202100054995,103Â 510,B01,1,1,1,1,2,6,-1,-1,0,-1,2021,31.0,1,1,0,2,5,3,1,,1,15,0,,3,6,0,1,20,0,1,, -1,1,0,1,90,15,1,2021,18:50,3,95,95572,1,1,0,2, A15,49.02536,2.13171,18,2,2
202100042036,126Â 488,A01,1,1,1,5,8,-1,-1,0,0,-1,2021,91.0,1,2,0,2,3,13,1,,4,QUIMPER ( RUE DE),0,,2,2,0,2,(1),(1),1,, -1,1,0,1,50,29,4,2021,15:46,1,29,29039,2,1,0,1,Rue de Quimper,47.8860439888,-3.919695742,15,2,2
202100052514,107Â 851,A01,1,1,2,1,0,-1,-1,-1, -1,-1,2021,31.0,2,1,0,2,1,1,5,,4,CAMILLE ROY                         (R ),0,,1,1,0,1,(1),(1),1,, -1,1,0,1,50,4,2,2021,19:00,5,69,69387,2,2,0,1,CAMILLE ROY (R),45.7451324432,4.8466658592,19,2,2
202100047805,116Â 303,C01,1,1,2,0,1,0,-1,-1, -1,-1,2021,63.0,2,2,0,2,1,24,1,,4,LENOTRE (RUE),0,,3,-1,0,1,(1),(1),1,, -1,1,5,1,50,5,3,2021,12:00,1,21,21231,2,3,0,5,LENOTRE (RUE),47.3099290185,5.0455838442,12,3,3
202100021964,162Â 368,A01,1,1,1,5,2,-1,-1,0,0,-1,2021,39.0,2,1,0,2,3,13,5,,3,89,0,T,2,2,0,2,2,600,3,, -1,1,0,1,80,29,8,2021,15:30,1,5,5027,1,1,0,3,Route Departementale 89 t,44.877616,6.739211,15,2,2
202100052619,107Â 669,B01,1,1,1,5,0,-1,-1,0,0,-1,2021,39.0,2,1,0,0,4,1,5,,2,85,-1,,2,2,0,1,21,420,1,, -1,1,0,1,80,5,2,2021,13:40,1,4,4049,1,1,0,2,RN 85,44.086953,6.010144,13,2,2
202100023053,160Â 412,A01,1,1,1,5,2,8,-1,-1, -1,-1,2021,29.0,2,1,0,2,9,1,1,,3,MARTIN (RUE MARCEAU),0,,2,2,0,1,(1),(1),1,, -1,2,0,1,50,24,7,2021,23:25,5,59,59234,2,3,0,3,MARTIN (RUE MARCEAU),50.39962,3.10107,23,2,2
202100054581,104Â 214,A01,1,1,1,0,1,0,-1,-1, -1,-1,2021,58.0,3,2,0,2,1,1,1,,4,,0,,1,1,0,2,(1),(1),1,, -1,1,5,1,30,18,1,2021,15:15,1,56,56260,2,6,0,3,CLISCOUET (GIRATOIRE),47.64,-2.7694,15,4,2
202100042264,126Â 083,B01,1,1,1,1,0,-1,-1,0,0,-1,2021,18.0,2,1,0,2,2,26,5,,3,968,0,R,2,2,0,1,56,380,1,, -1,2,9,8,30,29,4,2021,08:45,1,81,81099,2,7,1,3,Intersection place de la libÃ©ration - D 988,43.899918,1.898553,8,2,2
202100044297,122Â 483,A01,1,1,2,1,2,0,-1,0,0,-1,2021,32.0,3,0,0,2,8,19,3,,4,AVENUE DE L HIPPODROME,0,,2,1,0,1,(1),(1),3,, -1,1,0,1,50,12,4,2021,18:30,1,75,75116,2,2,0,3,AVENUE DE L HIPPODROME,48.857841,2.250278,18,2,2
202100039960,130Â 161,A01,2,2,1,9,2,6,-1,0,0,-1,2021,25.0,1,1,0,2,2,1,1,,4,BOULEVARD DE MENILMONTANT,0,,1,1,0,1,(1),(1),1,, -1,1,0,1,50,14,5,2021,19:34,1,75,75120,2,1,0,3,BOULEVARD DE MENILMONTANT,48.863811,2.386554,19,3,2
202100012713,178Â 992,A01,1,1,1,5,1,-1,-1,0,0,-1,2021,77.0,2,2,0,2,3,15,1,,3,12,0,D,2,2,0,1,9,420,1,, -1,1,0,1,80,14,10,2021,14:40,1,82,82035,1,2,0,3,D12,44.035406,1.008993,14,5,2
202100032300,144Â 021,B01,1,1,1,5,8,0,-1,-1, -1,-1,2021,18.0,1,1,0,2,0,0,5,,3,ALSACE-LORRAINE (PLACE),0,,2,2,1,1,0,1,1,, -1,1,0,1,50,25,6,2021,21:15,1,8,8409,2,9,0,3,ALSACE-LORRAINE (PLACE),49.70218,4.94456,21,2,2
202100030152,147Â 875,A01,1,1,1,0,1,0,-1,-1, -1,-1,2021,51.0,1,2,0,2,1,15,1,,2,PATRICK SAINT ELOI ( AVENUE ),0,,2,4,0,1,(1),(1),1,, -1,1,5,1,50,7,7,2021,16:15,1,971,97101,2,3,0,3,PATRICK SAINT ELOI ( AVENUE ),16.25421,-61.52294,16,2,2
202100002707,196Â 933,A01,9,2,1,5,1,-1,-1,0,0,-1,2021,18.0,2,2,2,0,8,1,1,,4,,-1,,2,2,0,2,(1),(1),1,,4,1,0,3,50,18,12,2021,00:25,5,33,33056,2,1,0,6,Avenue du 11 Novembre,44.9023099,-0.618283,0,3,1
202100029889,148Â 371,A01,9,2,1,5,1,-1,-1,0,0,-1,2021,25.0,1,2,5,0,2,1,1,,3,443,0,,2,2,0,2,49,(1),4,, -1,1,0,3,80,10,7,2021,04:00,3,10,10034,1,1,0,6,RD443,48.129864,4.388738,4,5,1
202100040230,129Â 687,A01,1,1,1,9,2,6,-1,-1, -1,-1,2021,19.0,1,1,0,2,1,2,1,,3,GAULLE(AVENUE DU GENERAL DE),0,,1,3,0,1,0,0,2,, -1,2,5,1,50,11,5,2021,16:50,1,94,94028,2,9,1,2,GAULLE(AVENUE DU GENERAL DE),48.7842377248,2.4516892433,16,2,2
202100033396,142Â 072,A01,1,1,2,0,2,0,-1,-1, -1,-1,2021,18.0,2,1,0,2,1,17,1,,3,ITHURRALDE ANDRE (AVENUE),0,,2,2,0,1,25,0,1,, -1,1,0,1,50,19,6,2021,18:00,1,64,64483,2,1,0,3,ITHURRALDE ANDRE (AVENUE),43.3939336067,-1.6503695119,18,2,2