Num_Acc,id_vehicule,num_veh,place,catu,sexe,trajet,secu1,secu2,secu3,locp,actp,etatp,year_acc,victim_age,senc,catv,obs,obsm,choc,manv,motor,occutc,catr,voie,v1,v2,circ,nbv,vosp,prof,pr,pr1,plan,lartpc,larrout,surf,infra,situ,vma,jour,mois,an,hrmn,lum,dep,com,agg_,int,atm,col,adr,lat,long,hour,nb_victim,nb_vehicules
202100006864,189Â 515,A01,1,1,1,3,0,-1,-1,0,0,-1,2021,61.0,3,1,0,0,0,0,5,,3,119,-1,,2,2,0,2,(1),(1),3,, -1,1,0,1,80,23,11,2021,13:15,1,50,50567,1,1,0,7,42 Hameau Vautier,49.574744,-1.49634,13,1,1
202100041591,127Â 261,B01,1,1,1,5,2,-1,-1,0,0,-1,2021,77.0,1,1,0,2,1,1,5,,7,1082,0,D,2,2,0,2,59,600,1,,"10,5",1,5,1,70,3,5,2021,08:55,2,42,42097,2,2,0,1,M1082,45.498252,4.317466,8,2,2
202100018313,168Â 889,A01,10,3,1,3,0,-1,-1,1,3,1,2021,87.0,1,2,0,1,3,1,1,,7,LIBERATION (AVE DE LA),0,,2,2,0,2,11,70,1,, -1,1,0,1,50,17,9,2021,07:55,1,83,83144,2,1,1,6,LIBERATION (AVE DE LA),43.14299,5.98952,7,2,1
202100012652,179Â 098,A01,1,1,1,0,2,0,-1,0,0,-1,2021,16.0,1,1,0,2,7,1,1,,4,ARC ( RUE JEANNE D'N,0,,1,3,0,1,(1),(1),1,, -1,1,0,1,50,17,10,2021,16:50,1,54,54395,2,2,0,3,ARC ( RUE JEANNE D'N,48.67977,6.17612,16,2,2
202100023902,158Â 910,A01,10,3,2,5,0,-1,-1,3,3,2,2021,70.0,3,2,0,1,4,4,3,,4,CAMILLE CLAUDEL (RUE),0,,2,2,0,1,(1),(1),1,, -1,1,0,1,50,15,8,2021,17:41,1,10,10387,2,1,0,6,CAMILLE CLAUDEL (RUE),48.2931,4.081,17,5,1
202100054989,103Â 522,B01,1,1,2,9,1,-1,-1,-1, -1,-1,2021,41.0,1,2,0,2,4,2,1,,1,10,0,,3,6,0,2,538,150,1,, -1,1,0,1,130,15,1,2021,07:35,4,33,33397,1,1,0,4,AUTOROUTE A 10,44.920482,-0.47559,7,5,3
202100044574,122Â 043,A01,1,1,2,5,1,-1,-1,0,0,-1,2021,65.0,3,2,13,0,2,15,1,,4,LAGADEUC JEHAN RUE,0,,2,2,0,2,(1),(1),2,, -1,1,0,1,30,8,4,2021,17:05,1,29,29232,2,1,0,7,Rue Jehan Lagadeuc,48.0055809291,-4.1054467857,17,1,1
202100012710,178Â 998,B01,1,1,2,5,2,6,-1,0,0,-1,2021,64.0,3,1,0,2,1,1,1,,4,,0,,2,2,0,1,(1),(1),1,,4,1,0,1,50,4,10,2021,11:15,1,56,56186,2,2,0,3,Rue du Point du Jour,47.487415,-3.127477,11,2,2
202100001692,198Â 766,A01,10,3,2,5,0,-1,-1,5,0,2,2021,28.0,2,2,1,1,1,1,1,,4,VENDOME                             (R ),0,,1,1,0,1,(1),(1),1,, -1,1,0,1,50,22,12,2021,17:15,2,69,69383,2,2,0,1,VENDOME (R),45.76222,4.84623,17,3,2
202100004013,194Â 567,B01,1,1,1,5,1,8,-1,-1, -1,-1,2021,72.0,2,2,0,2,6,1,1,,3,VERT GALANT DU,0,,2,2,0,1,0,560,1,, -1,2,0,1,70,8,12,2021,16:00,2,64,64335,1,1,1,2,VERT GALANT DU,43.31939,-0.45238,16,2,2
202100023444,159Â 716,B01,1,1,1,1,2,8,-1,-1, -1,-1,2021,43.0,3,1,0,2,1,1,1,,7,CLUB HIPPIQUE (AV),0,,3,8,1,1,0,0,2,, -1,1,2,1,50,19,8,2021,08:13,1,13,13001,2,9,0,1,CLUB HIPPIQUE (AV),43.51212,5.42514,8,2,2
202100007739,187Â 924,A01,1,1,1,1,1,4,-1,-1,0,-1,2021,46.0,1,5,4,2,1,1,1,,2,RN 104,0,,1,1,0,1,25,0,2,, -1,1,0,1,50,17,11,2021,09:05,1,95,95212,1,1,0,6,RN 104,49.03346,2.54227,9,1,1
202100015975,173Â 113,A01,1,1,1,0,1,-1,-1,0,0,-1,2021,63.0,1,5,0,2,3,19,1,,3,929,0,D,2,2,0,1,23,500,1,, -1,2,0,1,80,1,10,2021,14:00,1,80,80016,1,1,1,3,DÃ©partementale 929,49.992319,2.617021,14,3,2
202100021577,163Â 064,A01,10,3,1,0,0,-1,-1,4,3,1,2021,71.0,1,2,0,1,1,1,1,,3,CABASSOU (ROUTE DE),0,,2,1,0,1,0,200,1,, -1,1,0,1,50,31,8,2021,19:50,5,973,97302,2,9,0,6,CABASSOU (ROUTE DE),4.9200572277,-52.3195989133,19,2,1
202100050145,112Â 089,A01,1,1,1,5,8,-1,-1,-1, -1,-1,2021,40.0,1,1,0,2,1,15,5,,4,MARYSE BASTIE                       (R ),0,,1,3,1,1,(1),(1),1,, -1,1,0,1,50,25,2,2021,23:40,5,69,69388,2,2,0,1,MARYSE BASTIE (R),45.74132,4.87417,23,2,2
202100022619,161Â 184,B01,2,2,1,3,1,0,-1,-1, -1,-1,2021,89.0,3,2,0,2,3,5,1,,4,CARLING (RUE DE),0,,2,2,0,1,1,0,1,, -1,1,8,1,50,25,8,2021,13:20,1,57,57336,2,1,0,1,CARLING (RUE DE),49.16,6.732,13,3,2
202100007770,187Â 863,B01,1,1,1,0,2,6,-1,-1, -1,-1,2021,43.0,1,1,0,2,2,2,1,,7,RUE DES 3 PINS,0,,2,2,1,1,40,270,3,, -1,2,0,1,50,15,11,2021,11:10,1,83,83034,2,1,1,3,RUE DES 3 PINS,43.09679,6.06844,11,2,2
202100014887,175Â 101,A01,1,1,1,1,1,-1,-1,0,0,-1,2021,22.0,2,5,0,2,1,1,1,,3,11,-1,,2,2,0,3,30,600,1,,7,1,0,1,80,25,8,2021,07:00,1,64,64368,1,3,0,1,CD 11,43.380006,-1.088108,7,3,2
202100019806,166Â 245,B01,1,1,1,0,1,0,-1,-1, -1,-1,2021,41.0,1,2,0,2,4,2,2,,1,A55-Sens Marseille vers Martigues,0,,1,3,0,2,9,0,1,, -1,1,0,1,110,10,9,2021,07:40,1,13,13216,1,1,0,4,A55-Sens Marseille vers Martigues,43.36633,5.33229,7,3,3
202100025148,156Â 705,A01,2,2,2,5,2,6,-1,0,0,-1,2021,21.0,3,1,0,2,1,1,1,,4,AVENUE DE LA PORTE D ITALIE,0,,1,4,1,1,(1),(1),1,, -1,1,0,1,50,6,8,2021,03:55,5,75,75113,2,3,0,2,AVENUE DE LA PORTE D ITALIE,48.816425426,2.3601384457,3,4,2
202100047948,116Â 031,B01,2,2,1,5,1,0,-1,-1, -1,-1,2021,9.0,3,2,0,2,4,26,1,,4,BODIN (AVENUE EMILE),0,,2,2,0,1,0,0,1,, -1,1,0,1,50,11,3,2021,16:20,1,13,13028,2,1,0,2,BODIN (AVENUE EMILE),43.19035,5.60357,16,3,2
202100010864,182Â 307,B01,1,1,1,1,2,6,-1,-1, -1,-1,2021,33.0,1,1,0,2,4,1,1,,3,D 934,0,,2,2,0,1,45,500,1,, -1,1,0,1,80,26,10,2021,23:05,3,77,77070,1,1,0,2,D934,48.79305,3.11173,23,2,2
202100052792,107Â 359,A01,1,1,1,4,2,6,-1,-1, -1,-1,2021,19.0,3,1,0,0,0,1,1,,4,MONTESQUIEU (AVENUE),0,,2,2,0,1,0,0,1,, -1,1,0,1,50,30,1,2021,19:30,5,11,11262,2,1,0,7,MONTESQUIEU (AVENUE),43.19068,3.02277,19,1,1
202100025314,156Â 409,A01,10,3,2,5,8,8,-1,2,3,2,2021,8.0,3,2,0,1,1,26,1,,9,MICHELET (BOULEVARD),0,,1,1,0,1,0,0,1,, -1,1,0,1,30,5,8,2021,16:40,1,13,13209,2,1,0,3,MICHELET (BOULEVARD),43.25942,5.398,16,2,1
202100004905,193Â 023,A01,1,1,1,1,2,6,-1,-1, -1,-1,2021,47.0,2,1,0,2,4,3,1,,1,A86 EXT,0,,3,3,0,1,45,400,3,, -1,2,1,1,90,4,12,2021,09:00,1,94,94073,1,1,1,7,A86 EXT,48.7678501065,2.37867726,9,1,1
202100019652,166Â 516,A01,1,1,2,0,1,0,-1,-1, -1,-1,2021,42.0,1,2,0,2,3,20,1,,4,DEGRE (RTE),0,,2,2,0,1,0,0,1,, -1,1,0,1,50,10,9,2021,21:15,5,72,72181,2,1,0,3,DEGRE (RTE),48.01708,0.17786,21,2,2
202100005162,192Â 549,A01,1,1,2,0,1,-1,-1,0,0,-1,2021,32.0,2,2,13,0,8,15,1,,3,60,-1,,2,2,0,1,7,300,1,, -1,2,0,3,70,2,12,2021,02:10,3,18,18028,1,3,0,6,D60,47.110615,2.293873,2,1,1
202100032566,143Â 558,B01,1,1,1,0,1,-1,-1,0,0,-1,2021,32.0,2,2,0,2,1,5,1,,3,28,0,,2,2,0,2,16,856,2,, -1,1,0,1,70,24,6,2021,20:01,1,1,1266,1,1,0,1,Route de Macon,46.332218,5.106737,20,2,2
202100016576,172Â 002,A01,10,3,1,3,0,-1,-1,3,3,1,2021,79.0,1,2,0,1,2,1,1,,3,72,-1,,2,2,0,1,26,880,1,, -1,1,0,1,50,28,9,2021,09:45,1,25,25309,2,1,0,6,32 Grande Rue,46.916389,6.308321,9,2,1
202100009695,184Â 373,B01,1,1,1,5,4,-1,-1,0,0,-1,2021,36.0,1,1,0,2,7,1,5,,3,938,3,D,-1,2,0,1,20,850,1,, -1,1,5,1,50,3,11,2021,22:35,5,79,79049,2,6,0,3,Boulevard de lâEurope,46.834912,-0.481505,22,2,2
202100003741,195Â 065,A01,10,3,2,0,0,-1,-1,2,3,1,2021,16.0,0,2,0,1,3,15,3,,4,DEQUET (RUE LOUIS),0,,1,1,0,1,0,0,1,, -1,2,9,1,50,10,12,2021,08:15,2,93,93073,2,3,1,6,DEQUET (RUE LOUIS),48.9491611431,2.5843566656,8,2,1
202100040407,129Â 385,B01,1,1,1,5,2,-1,-1,0,0,-1,2021,32.0,1,1,13,2,3,1,1,,3,221,-1,,2,2,0,1,2,281,3,, -1,1,0,1,80,10,5,2021,15:25,1,72,72107,1,3,0,1,Malvoisine,47.9718,-0.03029,15,2,2
202100056228,101Â 389,B01,1,1,2,0,1,0,-1,-1, -1,-1,2021,61.0,2,2,0,2,3,1,1,,2,RN 118,0,,1,2,0,1,11,949,1,, -1,1,0,1,90,5,1,2021,19:15,3,91,91471,1,1,0,3,RN 118,48.699,2.1923,19,2,2
202100047427,116Â 994,A01,3,2,2,5,0,-1,-1,0,0,-1,2021,20.0,2,2,2,0,1,14,1,,3,802,-1,,2,2,0,1,29,900,2,, -1,1,0,3,80,20,3,2021,01:36,3,46,46051,1,1,0,6,RD 802 PR 29+900,44.622628,1.91065,1,5,1
202100051910,108Â 912,A01,1,1,1,4,1,0,-1,0,0,-1,2021,47.0,1,4,0,2,1,1,1,,2,Route Nationale 814,0,,3,4,0,1,15,800,1,, -1,1,3,1,110,10,2,2021,12:45,1,14,14254,1,1,0,2,N814,49.147617654,-0.4115152359,12,2,2
202100017014,171Â 204,A01,1,1,1,9,2,6,-1,0,0,-1,2021,29.0,2,1,0,2,0,16,1,,4,ECHANGEUR CHAPELLE,0,,1,2,0,2,(1),(1),1,, -1,1,0,1,50,21,9,2021,17:00,1,75,75118,2,4,0,2,ECHANGEUR CHAPELLE,48.901118,2.354841,17,2,2
202100015517,173Â 954,A01,1,1,1,1,1,0,-1,-1, -1,-1,2021,39.0,1,2,0,2,4,0,1,,3,FRANKLIN ROOSEVELT (AVENUE),0,,3,2,0,1,1,562,1,, -1,1,0,1,50,30,9,2021,11:25,1,77,77014,2,1,0,4,D210,48.415706,2.721146,11,3,3
202100018366,168Â 798,A01,1,1,2,2,2,-1,-1,0, -1,-1,2021,19.0,0,1,6,0,1,1,1,,4,CREAC' H GWEN BOULEVARD DE,0,,2,2,0,1,(1),(1),1,, -1,2,2,1,50,17,9,2021,14:34,1,29,29232,2,1,1,6,Boulevard de Creac H Gwen,47.97996,-4.10327,14,1,1
202100000999,199Â 975,B01,1,1,1,0,1,0,-1,-1, -1,-1,2021,36.0,1,2,0,2,1,1,1,,7,WAMBRECHIES RUE DE,0,,2,2,0,1,(1),(1),1,, -1,2,5,1,50,28,12,2021,14:20,1,59,59386,2,3,1,3,WAMBRECHIES RUE DE,50.678561,3.063816,14,2,2
202100045293,120Â 760,B01,1,1,2,3,1,9,-1,0,0,-1,2021,23.0,1,2,0,0,8,1,1,,3,2,-1,,2,2,0,2,71,269,1,, -1,1,5,1,80,3,4,2021,14:50,1,2,2665,1,2,0,3,D1,49.233713,3.370163,14,4,2
202100029596,148Â 885,A01,1,1,1,5,1,0,-1,-1, -1,-1,2021,32.0,0,2,0,2,1,26,1,,4,,0,,2,4,0,2,(1),(1),1,, -1,1,0,1,50,10,7,2021,22:00,2,44,44109,2,3,0,2,BOULEVARD ROBERT SCHUMAN,47.245958,-1.576645,22,2,2
202100046522,118Â 627,B01,1,1,2,0,8,-1,-1,-1, -1,-1,2021,31.0,0,1,0,2,2,15,3,,4,MARCHANDEAU (AVENUE PAUL),0,,-1,4,0,1,(1),(1),1,, -1,1,0,1,50,26,3,2021,08:35,1,51,51454,2,6,0,3,Rond-Point de l'Ordre National du MÃ©rite,49.2423332049,4.0247083399,8,2,2
202100030581,147Â 092,A01,1,1,1,0,8,0,-1,-1, -1,-1,2021,54.0,3,2,0,2,1,1,1,,4,VICTOR ROMAN (AVENUE),0,,2,1,0,2,0,0,2,, -1,1,0,1,50,5,7,2021,15:20,1,13,13106,2,1,0,1,VICTOR ROMAN (AVENUE),43.39264,5.37142,15,2,2
202100006938,189Â 366,A01,10,3,1,9,0,-1,-1,2,5,1,2021,27.0,1,1,0,1,1,1,1,,4,BOULEVARD DE LA CHAPELLE,0,,1,1,0,1,(1),(1),1,, -1,2,0,1,30,21,11,2021,14:10,1,75,75118,2,3,1,6,BOULEVARD DE LA CHAPELLE,48.884181,2.35412,14,2,1
202100016529,172Â 084,B01,2,2,2,0,1,0,-1,-1, -1,-1,2021,30.0,2,2,0,2,7,2,1,,1,A4,0,,3,8,0,1,9,600,1,, -1,1,1,1,90,25,9,2021,20:10,5,94,94017,1,1,0,4,A4,48.8275,2.50832,20,8,6
202100021319,163Â 546,A01,10,3,1,9,0,-1,-1,1,3,1,2021,26.0,2,2,0,1,7,1,1,,4,986,0,,2,2,0,1,0,0,1,, -1,1,0,1,50,1,9,2021,09:00,1,92,92025,2,1,0,6,GABRIEL PERI (RUE),48.918227,2.238915,9,2,1
202100032436,143Â 795,A01,10,3,2,0,0,-1,-1,4,3,1,2021,76.0,2,5,0,1,2,2,1,,4,GAMBETTA  BD,0,,2,3,0,1,(1),(1),1,, -1,1,5,1,50,24,6,2021,16:05,1,69,69264,2,2,0,6,GAMBETTA (BD),45.98969,4.71503,16,2,1
202100022778,160Â 886,A01,1,1,1,0,2,6,-1,-1, -1,-1,2021,52.0,2,1,0,2,3,9,1,,3,QUARANTE SOUS ROUTE DE,0,,3,3,0,1,26,1130,1,, -1,2,3,1,70,22,6,2021,10:10,1,78,78498,1,1,1,3,QUARANTE SOUS ROUTE DE,48.91513,2.0191,10,2,2
202100010916,182Â 215,B01,1,1,1,0,1,-1,-1,0,0,-1,2021,24.0,1,2,0,2,4,1,1,,4,BLUM LEON,0,,2,4,0,1,(1),(1),1,, -1,1,0,1,50,30,8,2021,16:38,1,29,29019,2,1,0,4,Boulevard LÃ©on Blum,48.4077,-4.4851,16,3,3
202100040187,129Â 767,Z01,10,3,2,0,0,-1,-1,4,3,2,2021,7.0,2,2,0,1,1,1,1,,4,DE GAULLE (AVENUE DU GENERAL),0,,2,2,1,1,(1),(1),1,, -1,1,0,1,50,10,5,2021,17:49,1,37,37261,2,2,0,6,DE GAULLE (AVENUE DU GENERAL),47.3809305552,0.6999658942,17,2,1
202100052684,107Â 560,B01,1,1,1,0,1,0,0,0,0,-1,2021,31.0,1,2,0,2,1,1,1,,7,NICE AVENUE DE (RN7),0,,2,2,0,1,(1),(1),1,, -1,1,0,1,50,3,2,2021,18:19,5,6,6027,2,2,0,3,NICE AVENUE DE (RN7),43.65958,7.16958,18,2,2
202100025894,155Â 403,A01,10,3,2,3,0,-1,-1,3,3,1,2021,61.0,0,2,0,1,2,1,1,,9,31,0,D,2,2,0,2,(1),(1),2,, -1,1,0,1,50,2,8,2021,17:07,1,974,97405,2,1,0,1,Rue Mahe de la Bourdonnais,-21.355284,55.564966,17,2,1
202100012827,178Â 793,B01,1,1,1,2,0,-1,-1,0,0,-1,2021,11.0,2,1,0,2,7,25,5,,3,SCHWEITZER (RUE DU DR ALBERT),0,,2,2,0,1,(1),(1),1,, -1,1,5,1,50,13,10,2021,12:20,1,68,68376,2,6,0,6,SCHWEITZER (RUE DU DR ALBERT),47.81649,7.32674,12,2,2
202100033427,142Â 020,A01,10,3,1,5,0,-1,-1,4,3,1,2021,43.0,0,1,0,1,2,1,1,,4,ALLEE DE LONGCHAMP,0,,2,4,0,1,(1),(1),1,, -1,1,0,1,50,11,6,2021,19:50,1,75,75116,2,2,0,6,ALLEE DE LONGCHAMP,48.874712,2.270495,19,2,1
202100048422,115Â 204,B01,1,1,1,0,2,0,-1,-1, -1,-1,2021,28.0,2,1,0,2,4,1,0,,4,SAINT MITRE A FOUR DE BUZE (CHEMIN),0,,2,2,0,2,(1),(1),1,, -1,1,0,1,50,11,3,2021,14:10,1,13,13213,2,1,0,2,SAINT MITRE A FOUR DE BUZE (CHEMIN),43.345293,5.416037,14,2,2
202100003471,195Â 549,A01,10,3,2,1,0,-1,-1,3,0,1,2021,19.0,3,2,0,1,1,1,1,,4,?,-1,,2,2,0,1,(1),(1),1,, -1,2,0,1,50,10,12,2021,19:14,5,38,38140,2,1,1,6,Rue de Belledonne,45.278704,5.890684,19,2,1
202100047975,115Â 986,B01,2,1,1,9,2,0,-1,-1, -1,-1,2021,21.0,1,1,0,2,1,1,0,,3,101,0,,3,6,0,1,0,0,1,, -1,1,2,1,50,15,3,2021,11:10,1,92,92012,2,1,0,6,PONT DE BILLANCOURT (PLACE DU),48.8247750571,2.2485645825,11,1,1
202100032068,144Â 427,B01,1,1,1,5,2,6,-1,-1, -1,-1,2021,22.0,1,1,0,2,8,1,1,,2,RN104,0,,3,6,0,1,4,300,1,, -1,1,0,1,90,26,6,2021,17:45,1,77,77373,1,1,0,3,RN104,48.79433,2.62008,17,2,2
202100020427,165Â 129,A01,1,1,1,1,2,6,-1,0,0,-1,2021,40.0,1,1,7,0,1,1,1,,3,1001,-1,,2,1,0,1,59,900,1,,5,1,0,3,50,7,9,2021,23:00,5,60,60104,2,1,0,6,D1001,49.640803,2.277587,23,1,1
202100026418,154Â 475,A01,1,1,2,9,1,0,-1,-1, -1,-1,2021,21.0,1,2,0,2,4,1,1,,2,LITTORAL (ROUTE 1 DU),0,,2,4,0,1,(1),(1),1,, -1,1,9,1,90,29,7,2021,11:00,1,974,97411,2,1,0,2,LITTORAL (ROUTE 1 DU),-20.88114,55.39755,11,2,2
202100014934,175Â 017,A01,10,3,2,1,0,-1,-1,4,3,1,2021,35.0,3,2,0,1,1,15,1,,1,,-1,,2,-1,-1,1,23,0,1,, -1,2,3,1,80,5,10,2021,07:20,5,33,33318,2,3,1,6,Avenue Antoine Becquerel,44.78944,-0.64795,7,2,1
202100002432,197Â 425,B01,1,1,1,3,1,0,-1,-1, -1,-1,2021,59.0,2,2,0,2,4,2,1,,2,RN12,0,,1,1,0,1,1,0,1,, -1,1,0,1,70,17,12,2021,17:45,3,22,22106,1,9,0,4,RN12,48.49416,-2.72361,17,4,3
202100024726,157Â 447,A01,1,1,2,4,8,0,-1,-1, -1,-1,2021,32.0,1,1,0,2,2,19,3,,4,,0,,4,1,1,1,0,0,3,, -1,1,0,1,50,9,8,2021,11:00,1,67,67482,2,1,0,3,EGLISE ROUGE (RUE DE L ),48.59265,7.74586,11,2,2
202100017416,170Â 497,A01,1,1,1,9,8,0,-1,-1, -1,-1,2021,15.0,3,1,0,2,1,1,1,,4,,0,,2,2,0,1,0,0,1,, -1,1,0,1,50,22,9,2021,14:18,1,91,91286,2,3,0,3,PASTEUR (RUE),48.654208,2.394158,14,2,2
202100040876,128Â 559,A01,1,1,2,1,1,8,-1,-1, -1,-1,2021,60.0,1,2,0,0,3,1,0,,4,POETE CHRISTOPHE ( CAYENNE ),0,,2,2,0,1,(1),(1),2,, -1,1,0,1,50,6,5,2021,11:25,1,971,97107,2,1,0,3,POETE CHRISTOPHE ( CAYENNE ),16.04012,-61.5652,11,3,2
202100026284,154Â 711,A01,1,1,1,9,8,0,-1,-1, -1,-1,2021,35.0,2,0,0,0,0,16,3,,4,"""FOCH (AV, DU MARECHAL)""",0,,2,2,0,2,0,0,3,, -1,2,0,1,30,25,7,2021,02:15,5,64,64122,2,1,1,7,"""FOCH (AV, DU MARECHAL)""",43.47786,-1.55729,2,1,1
202100000879,200Â 174,B01,1,1,2,5,1,0,-1,-1, -1,-1,2021,23.0,2,2,0,2,1,1,1,,4,MAROTS (RUE DES),0,,2,2,0,2,(1),(1),1,, -1,2,0,1,50,29,12,2021,18:35,5,10,10387,2,3,1,3,MAROTS (RUE DES),48.306381476,4.0447068214,18,2,2
202100037248,135Â 100,B01,1,1,2,5,8,-1,-1,-1, -1,-1,2021,80.0,3,1,0,2,1,2,6,,4,Loriettes (Rue des),0,,1,2,1,1,(1),(1),2,, -1,1,0,1,30,31,5,2021,18:15,1,35,35238,2,6,0,2,Loriettes (Rue des),48.08387,-1.67734,18,2,2
202100001045,199Â 896,C01,1,1,2,1,1,0,-1,0,0,-1,2021,22.0,3,2,0,2,4,1,1,,7,,0,,3,6,0,1,(1),(1),1,, -1,1,0,1,50,27,12,2021,07:30,2,6,6027,2,1,0,4,PLAGE BOULEVARD DE LA,43.650689,7.151955,7,3,3
202100052235,108Â 336,A01,2,1,1,5,1,0,-1,-1, -1,-1,2021,18.0,2,1,1,0,2,14,1,,4,,0,,-1,2,0,1,0,0,1,, -1,2,0,1,50,7,2,2021,00:18,5,92,92002,2,1,1,6,BOIS DE VERRIERES (AVENUE DU),48.7550971892,2.2881477992,0,1,1
202100014603,175Â 613,B01,1,1,1,0,1,8,-1,-1, -1,-1,2021,61.0,2,2,0,2,8,15,1,,7,VERDUN (AVENUE DE),0,,2,4,0,1,0,0,1,, -1,1,5,1,50,7,10,2021,08:50,1,45,45284,2,3,0,3,VERDUN (AVENUE DE),47.92545,1.99412,8,2,2
202100030827,146Â 661,B01,1,1,1,0,8,0,-1,-1, -1,-1,2021,41.0,3,1,0,2,1,5,3,,4,RICHARD ( PLACE DES DUCS),0,,2,4,0,1,0,0,2,, -1,1,0,1,50,3,7,2021,13:50,1,76,76259,2,7,0,1,RICHARD ( PLACE DES DUCS),49.75528,0.38,13,2,2
202100014661,175Â 508,A01,10,3,2,5,0,-1,-1,1,3,1,2021,85.0,3,2,12,0,1,26,1,,4,,0,,-1,1,0,2,0,0,1,, -1,1,0,1,10,6,10,2021,17:00,1,92,92020,2,1,0,6,BERTHELOT AVENUE MARCELIN,48.809268,2.29511,17,2,1
202100000235,201Â 307,B01,1,1,1,0,2,-1,-1,0,0,-1,2021,18.0,3,1,0,0,2,1,1,,4,,-1,,1,2,0,1,(1),(1),2,,5,1,5,1,50,21,12,2021,19:15,5,29,29075,2,6,0,3,Rue Saint-Thudon,48.44129411,-4.40083265,19,2,2
202100023418,159Â 761,A01,10,3,2,3,0,-1,-1,3,3,1,2021,88.0,1,2,0,1,2,1,1,,3,R.N. 10,0,,2,2,0,1,0,0,1,, -1,1,9,1,50,19,8,2021,11:45,1,64,64140,2,1,0,6,62 avenue Charles de Gaulle,43.526908,-1.464035,11,2,1
202100024101,158Â 580,B01,1,1,1,1,1,8,-1,-1, -1,-1,2021,27.0,1,2,0,2,4,23,2,,7,35,0,,3,5,0,1,0,1,1,, -1,1,0,1,90,10,8,2021,18:20,1,67,67482,1,1,0,4,M35,48.58717,7.72726,18,4,3
202100052934,107Â 100,A01,1,1,1,1,2,-1,-1,0,0,-1,2021,36.0,1,1,0,2,1,17,1,,3,1005,-1,,2,2,0,1,5,900,1,, -1,2,5,1,50,1,2,2021,16:45,1,74,74105,2,5,1,1,2 route de geneve,46.305646,6.301083,16,2,2
202100021023,164Â 085,B01,1,1,2,0,1,0,-1,-1, -1,-1,2021,32.0,1,2,0,2,2,1,1,,3,SAINT CHARLES (ROCADE),0,,1,2,0,1,0,0,2,, -1,1,0,1,50,2,9,2021,10:54,1,66,66136,1,6,0,3,euro-mÃ©diterranÃ©e,42.67009,2.85844,10,2,2
202100043887,123Â 223,B01,1,1,2,0,2,6,-1,-1, -1,-1,2021,18.0,2,1,0,2,3,1,1,,3,FOCH (AVENUE DU MARECHAL),0,,2,2,0,1,11,930,1,, -1,1,0,1,50,15,4,2021,09:45,1,31,31483,2,1,0,3,FOCH (AVENUE DU MARECHAL),43.105,0.7149,9,2,2
202100048300,115Â 419,B01,1,1,1,0,2,6,-1,-1, -1,-1,2021,44.0,2,1,0,0,3,1,1,,3,JEAN JAURES (AV),0,,2,4,0,1,1,0,1,, -1,2,0,1,50,11,3,2021,09:15,1,94,94081,2,3,1,3,JEAN JAURES (AV),48.79408,2.40059,9,2,2
202100050817,110Â 846,A01,1,1,2,3,1,-1,-1,0,0,-1,2021,57.0,1,2,16,0,3,1,1,,3,651,-1,,2,2,0,2,2,700,2,, -1,1,0,8,-1,21,2,2021,10:14,1,43,43185,1,1,0,7,D651,45.401399,3.303291,10,3,1
202100024579,157Â 723,B01,1,1,1,0,1,0,-1,-1, -1,-1,2021,59.0,2,2,0,0,0,0,1,,1,86,0,,3,6,0,1,2,400,1,, -1,1,0,1,90,12,8,2021,17:00,1,92,92050,1,1,0,2,A86,48.9180852121,2.2229496253,17,2,2
202100034515,140Â 032,A01,1,1,1,0,2,6,-1,0,0,-1,2021,30.0,0,1,0,0,0,1,1,,3,104,0,,2,2,0,1,13,1025,1,, -1,1,0,1,50,14,6,2021,19:50,1,77,77520,2,6,0,7,Rue RenÃ© Lefebvre,48.319734,2.654325,19,1,1
202100040322,129Â 529,B01,1,1,1,1,2,-1,-1,-1, -1,-1,2021,34.0,0,1,0,2,8,1,5,,4,JEAN JAURES                         (R ),0,,2,2,1,1,(1),(1),1,, -1,1,0,5,50,11,5,2021,13:15,1,69,69282,2,3,0,3,JEAN JAURES (R),45.77757,5.02091,13,2,2
202100016774,171Â 631,B01,1,1,2,5,1,0,-1,-1, -1,-1,2021,28.0,1,2,0,2,3,11,1,,2,JAURES (BOULEVARD JEAN),0,,1,2,0,1,(1),(1),2,, -1,1,0,1,50,23,9,2021,08:20,1,974,97411,2,6,0,3,JAURES (BOULEVARD JEAN),-20.90244,55.50343,8,2,2
202100021459,163Â 286,B01,1,1,1,0,2,-1,-1,-1, -1,-1,2021,5.0,0,1,0,2,8,1,6,,4,AVE ROGER CHAUMET,0,,2,2,1,1,(1),(1),1,, -1,1,0,5,50,1,9,2021,11:30,1,33,33318,2,9,0,3,Avenue Roger Chaumet,44.80173,-0.63506,11,2,2
202100000533,200Â 749,A01,1,1,1,1,2,6,-1,-1, -1,-1,2021,27.0,1,1,1,0,9,1,1,,4,,0,,1,3,3,1,(1),(1),1,, -1,1,0,1,50,10,11,2021,09:00,1,69,69381,2,1,0,6,PECHERIE (DE LA) (Q),45.7659,4.83087,9,1,1
202100031221,145Â 935,B01,1,1,1,5,2,0,-1,-1, -1,-1,2021,47.0,1,1,0,2,3,1,1,,3,910,0,,1,2,0,1,0,0,1,, -1,1,0,1,50,3,7,2021,13:20,1,92,92012,2,1,0,3,EDOUARD VAILLANT (AVENUE) DEBUT/56 - COT,48.834961191,2.2476562858,13,2,2