Num_Acc,id_vehicule,num_veh,place,catu,sexe,trajet,secu1,secu2,secu3,locp,actp,etatp,year_acc,victim_age,senc,catv,obs,obsm,choc,manv,motor,occutc,catr,voie,v1,v2,circ,nbv,vosp,prof,pr,pr1,plan,lartpc,larrout,surf,infra,situ,vma,jour,mois,an,hrmn,lum,dep,com,agg_,int,atm,col,adr,lat,long,hour,nb_victim,nb_vehicules
202100024774,157Â 368,A01,1,1,2,1,2,8,-1,-1, -1,-1,2021,34.0,1,1,0,2,1,2,3,,3,REPUBLIQUE (AV DE LA),0,,2,2,0,1,1,0,1,, -1,1,0,1,50,9,8,2021,19:00,1,94,94046,2,1,0,3,Avenue de la RÃ©publique,48.809825,2.454878,19,2,2
202100014156,176Â 389,B01,1,1,2,0,1,0,-1,-1, -1,-1,2021,21.0,2,2,0,0,8,0,1,,7,GRAMME (CHAUSSEE),0,,3,4,0,1,(1),(1),1,, -1,1,0,1,50,10,10,2021,00:05,5,59,59599,2,1,0,3,GRAMME (CHAUSSEE),50.737456,3.165275,0,2,2
202100003991,194Â 615,A01,1,1,1,0,8,0,-1,-1, -1,-1,2021,32.0,2,1,0,2,1,1,1,,7,GEOFFROY ST HILAIRE (AVENUE),0,,2,2,0,1,49,70,1,, -1,1,0,1,30,7,12,2021,18:38,2,83,83069,2,1,0,3,GEOFFROY ST HILAIRE (AVENUE),43.1078421718,6.1287564039,18,2,2
202100053832,105Â 525,B01,1,1,1,0,1,0,-1,-1, -1,-1,2021,34.0,0,2,2,0,0,0,1,,4,GRANDE BROSSE (AVENUE DE LA),0,,2,1,0,1,1,0,1,, -1,1,0,8,50,23,1,2021,20:50,5,91,91434,2,3,0,3,GRANDE BROSSE (AVENUE DE LA),48.6558,2.3582,20,2,2
202100019800,166Â 258,A01,2,2,1,5,2,-1,-1,0,0,-1,2021,7.0,1,1,0,2,8,19,1,,3,728,-1,,2,2,0,1,37,460,1,, -1,2,0,1,70,11,9,2021,10:40,1,17,17219,2,1,0,3,cd 728,45.83155,-1.123223,10,3,2
202100013105,178Â 318,A01,10,3,1,5,0,-1,-1,2,3,1,2021,89.0,1,4,0,1,3,1,1,,4,AVENUE DES CHAMPS ELYSEES,0,,2,4,1,1,(1),(1),1,, -1,1,0,1,50,13,10,2021,16:33,1,75,75108,2,1,1,6,AVENUE DES CHAMPS ELYSEES,48.869376,2.308938,16,2,1
202100026264,154Â 754,A01,1,1,1,0,2,0,-1,-1, -1,-1,2021,40.0,1,1,0,2,1,21,1,,2,VIEUX BOURG,0,,1,1,0,3,(1),(1),3,, -1,1,3,1,30,24,7,2021,20:15,5,971,97101,2,4,0,2,VIEUX BOURG,16.24951,-61.52847,20,3,2
202100039403,131Â 164,A01,2,2,1,0,8,0,-1,-1, -1,-1,2021,16.0,1,1,0,2,8,19,3,,4,CHURCHILL WINSTON (BD) NÂ° IMP 41 ET >,0,,3,4,2,1,0,0,1,, -1,1,0,1,50,13,5,2021,16:25,1,72,72181,2,2,0,1,CHURCHILL WINSTON (BD) NÂ° IMP 41 ET >,47.989372,0.22081,16,3,2
202100034571,139Â 923,A01,1,1,2,5,8,0,-1,-1, -1,-1,2021,28.0,3,5,6,0,0,2,1,,4,SAINTE-CATHERINE,0,,2,2,0,2,0,0,2,, -1,1,2,1,50,13,6,2021,22:34,4,64,64335,2,1,0,7,SAINTE-CATHERINE,43.32712,-0.43997,22,1,1
202100050550,111Â 333,B01,1,1,2,4,1,0,-1,-1, -1,-1,2021,39.0,2,2,0,2,1,1,1,,1,A4,0,,-1,4,0,1,10,0,1,, -1,1,1,1,90,22,2,2021,12:50,1,94,94017,1,1,0,4,A4,48.82667,2.51628,12,5,5
202100024521,157Â 829,A01,1,1,1,5,2,8,-1,-1, -1,-1,2021,18.0,3,1,0,2,1,1,6,,3,FOCH (AV DU MARECHAL),0,,2,2,0,1,0,0,1,, -1,1,0,1,50,7,8,2021,13:10,1,40,40192,2,9,0,3,FOCH (AV DU MARECHAL),43.8962,-0.49142,13,2,2
202100018606,168Â 379,B01,1,1,1,9,1,0,-1,0,0,-1,2021,57.0,1,2,0,2,4,2,1,,4,AVENUE EDOUARD VAILLANT,0,,1,2,0,1,(1),(1),1,, -1,1,0,1,30,16,9,2021,15:00,1,75,75116,2,4,0,4,ECHANGEUR SAINT CLOUD,48.8386872621,2.2539704813,15,3,3
202100045637,120Â 163,B01,1,1,2,1,8,0,-1,0,0,-1,2021,59.0,1,1,0,2,0,13,5,,4,BOULEVARD HAUSSMANN,0,,1,3,1,1,(1),(1),1,, -1,1,-1,6,50,1,4,2021,18:35,1,75,75109,2,3,0,3,BOULEVARD HAUSSMANN,48.873421,2.329698,18,2,2
202100026535,154Â 262,B01,1,1,1,0,2,-1,-1,0,0,-1,2021,54.0,2,1,0,2,6,16,5,,3,340,0,,2,2,0,1,4,(1),1,, -1,1,0,1,80,11,7,2021,19:40,1,67,67029,1,6,0,3,D340,48.882441,7.149868,19,2,2
202100026472,154Â 380,A01,1,1,1,9,2,6,-1,-1, -1,-1,2021,73.0,2,1,0,2,8,1,1,,3,ANRTP (PEGASE),0,,3,4,0,1,4,0,3,, -1,1,5,1,50,28,7,2021,12:15,1,22,22113,2,6,0,3,ANRTP (PEGASE),48.753234,-3.45832,12,2,2
202100038700,132Â 456,A01,10,3,2,9,0,-1,-1,2,3,1,2021,79.0,2,1,0,1,1,1,5,,4,,-1,,2,2,0,1,(1),(1),1,, -1,1,0,1,30,22,5,2021,18:10,1,33,33090,2,1,0,6,Chemin de Barbicadge,44.766096,-0.65345,18,2,1
202100032901,142Â 952,A01,1,1,1,4,2,6,-1,0,0,-1,2021,27.0,1,1,0,2,1,2,1,,4,AVENUE VICTOR HUGO,0,,2,2,0,1,(1),(1),1,, -1,2,0,1,50,21,6,2021,23:20,5,75,75116,2,1,0,2,AVENUE VICTOR HUGO,48.870884,2.288231,23,2,2
202100040714,128Â 837,B01,2,2,2,5,1,-1,-1,-1,0,-1,2021,28.0,2,2,0,2,4,2,1,,1,AUTOROUTE A1,0,,3,10,0,1,16,200,1,, -1,1,0,1,110,9,5,2021,14:00,1,95,95527,1,1,0,2,A1,48.98762,2.50797,14,3,2
202100005326,192Â 269,A01,2,2,1,5,2,8,-1,-1, -1,-1,2021,25.0,1,1,8,0,1,26,1,,4,RUE DE L AMIRAL GALACHE,0,,1,1,0,1,(1),(1),2,, -1,1,0,1,20,30,11,2021,03:40,5,31,31555,2,1,0,7,RUE DE L AMIRAL GALACHE,43.5993801668,1.4331954718,3,2,1
202100009055,185Â 518,A01,3,2,1,5,1,0,-1,-1, -1,-1,2021,7.0,2,2,0,2,5,1,1,,1,AUTOROUTE A3,0,,1,4,0,1,1,799,1,, -1,1,0,1,90,7,11,2021,14:10,1,93,93048,1,1,0,4,AUTOROUTE A3,48.8713,2.4324,14,4,3
202100014716,175Â 410,A01,1,1,2,0,2,-1,-1,0,0,-1,2021,21.0,1,1,0,2,1,17,1,,3,768,-1,,2,2,0,2,(1),(1),1,,4,1,0,1,80,8,10,2021,17:30,1,22,22155,1,3,0,3,Le Pignon Blanc,48.244779,-2.720109,17,2,2
202100007507,188Â 340,B01,7,2,2,0,1,-1,-1,0,0,-1,2021,35.0,1,2,0,0,4,1,1,,1,51,0,A,1,4,0,1,27,0,1,, -1,1,0,1,130,18,11,2021,18:10,3,13,13113,1,1,0,2,A51,43.592031,5.482089,18,4,2
202100034448,140Â 155,A01,2,1,1,1,2,6,-1,0, -1,-1,2021,35.0,3,1,0,2,1,26,1,,3,ARISTIDE BRIAND AVENUE,0,,3,6,0,1,0,1,1,, -1,1,0,1,5,14,6,2021,08:15,1,93,93046,2,1,0,5,Avenue Aristide Briand,48.911383,2.518106,8,3,3
202100023520,159Â 594,A01,2,2,2,0,1,-1,-1,0,0,-1,2021,64.0,1,2,0,2,3,2,1,,2,2,-1,,2,2,0,1,1,800,1,, -1,1,0,1,50,20,8,2021,09:00,1,973,97307,2,1,0,2,Route de la Distillerie,4.876158,-52.337263,9,3,2
202100004768,193Â 261,B01,1,1,1,0,0,-1,-1,-1, -1,-1,2021,73.0,3,1,0,2,1,1,5,,4,RUE DE LACANAU CAUD,0,,2,2,0,1,(1),(1),1,, -1,2,0,1,50,4,12,2021,11:00,1,33,33063,2,6,1,3,Rue de Lacanau,44.8483,-0.61686,11,2,2
202100007595,188Â 163,B01,1,1,1,0,1,8,-1,-1, -1,-1,2021,39.0,1,2,0,2,4,2,1,,4,COLMAR (AVENUE DE),0,,3,8,1,1,0,0,1,, -1,1,4,1,50,10,11,2021,20:10,5,67,67482,2,8,0,2,COLMAR (AVENUE DE),48.55586,7.74571,20,2,2
202100017729,169Â 935,A01,1,1,1,1,2,6,-1,0,0,-1,2021,31.0,1,1,0,2,1,0,1,,3,311,-1,D,2,2,0,2,16,600,3,, -1,1,0,1,90,22,9,2021,08:24,1,72,72137,1,1,0,1,D311,48.400688,0.201745,8,2,2
202100052937,107Â 096,A01,10,3,1,9,0,-1,-1,3,3,1,2021,16.0,1,2,0,1,3,0,0,,4,938,0,,2,2,0,2,53,103,1,, -1,2,0,1,50,2,2,2021,08:35,1,79,79202,2,1,1,7,Avenue Pierre Mendes-France,46.6446711,-0.249062,8,2,1
202100017373,170Â 585,B01,1,1,1,0,1,0,-1,-1, -1,-1,2021,54.0,2,2,0,2,4,26,1,,1,13,0,,3,6,0,2,4,500,1,, -1,1,0,1,90,23,9,2021,20:00,5,92,92064,1,1,0,2,A13,48.8394936751,2.2046648274,20,2,2
202100006644,189Â 909,A01,10,3,1,5,0,-1,-1,1,3,1,2021,88.0,3,2,0,1,1,1,1,,3,,0,,-1,2,0,1,0,0,1,, -1,1,9,1,50,23,11,2021,10:55,1,52,52121,2,1,0,6,REPUBLIQUE (AVENUE),48.10459,5.14296,10,2,1
202100031111,146Â 132,B01,1,1,2,3,1,-1,-1,-1, -1,-1,2021,78.0,1,2,0,2,4,23,1,,4,JAURES (BD JEAN),0,,2,2,0,2,(1),(1),1,, -1,1,0,1,30,18,6,2021,19:00,1,35,35115,2,1,0,2,JAURES (BD JEAN),48.35099,-1.19673,19,2,2
202100004117,194Â 381,B01,1,1,1,5,2,6,-1,0,0,-1,2021,20.0,1,1,0,2,8,11,1,,4,QUAI D ISSY LES MOULINEAUX,0,,2,4,0,1,(1),(1),1,, -1,1,0,1,30,1,12,2021,00:10,5,75,75115,2,4,0,2,QUAI D ISSY LES MOULINEAUX,48.834582,2.265672,0,2,2
202100035803,137Â 712,B01,1,1,1,5,1,-1,-1,0,0,-1,2021,42.0,2,2,0,2,3,1,1,,3,1508,-1,,2,2,0,1,2,750,1,, -1,1,0,1,-1,9,6,2021,15:45,1,74,74109,1,1,0,1,D1508,46.090745,5.834073,15,5,2
202100019073,167Â 550,A01,1,1,1,0,8,-1,-1,0,0,-1,2021,66.0,1,2,3,0,3,14,1,,1,10,-1,,1,3,0,1,104,418,1,,10,1,9,8,130,13,9,2021,15:00,1,45,45067,1,9,0,6,A10,47.894928,1.774292,15,1,1
202100022834,160Â 797,A01,2,2,2,5,0,-1,-1,0,0,-1,2021,16.0,3,1,0,0,7,1,1,,4,,-1,,2,2,0,2,(1),(1),1,,4,2,0,1,50,22,8,2021,05:45,2,39,39331,2,1,0,7,,46.79101,6.12147,5,2,1
202100053112,106Â 796,A01,1,1,1,5,1,-1,-1,0,0,-1,2021,40.0,2,2,13,0,1,1,1,,3,980,0,,2,2,0,1,55,400,1,, -1,2,0,3,80,30,1,2021,21:00,3,71,71038,1,1,0,7,route dÃ©partementale 980,46.756416,4.358096,21,1,1
202100017161,170Â 967,B01,1,1,1,0,1,-1,-1,0,0,-1,2021,53.0,1,2,0,2,3,1,1,,3,62,-1,D,2,2,0,1,(1),(1),1,, -1,1,5,1,80,24,9,2021,10:45,1,22,22302,1,3,0,3,Route du Guildo,48.580373,-2.196718,10,2,2
202100034290,140Â 447,B01,2,2,2,5,1,-1,-1,0,0,-1,2021,74.0,1,2,0,2,4,1,1,,2,ECHANGEUR NÂ° 10 ( ETERVILLE ),0,,3,4,0,1,16,500,1,, -1,1,0,1,110,15,6,2021,09:10,1,14,14254,1,1,0,2,N814,49.14741,-0.41093,9,3,2
202100047992,115Â 955,A01,1,1,2,1,2,6,-1,0,0,-1,2021,36.0,2,1,4,0,8,13,1,,1,8,0,,3,4,0,1,185,800,3,, -1,1,0,1,90,15,3,2021,18:35,1,6,6088,1,1,0,7,A8 PK 185+800 en chaussÃ©e Nord,43.672854,7.200272,18,1,1
202100025885,155Â 416,A01,10,3,2,5,0,-1,-1,2,5,1,2021,54.0,1,2,0,1,1,9,1,,4,CALVAIRE,0,,1,1,0,1,0,0,1,, -1,1,0,1,50,2,8,2021,11:00,1,92,92064,2,1,0,6,CALVAIRE,48.8482865927,2.2188234554,11,2,1
202100037251,135Â 093,A01,1,1,2,0,1,-1,-1,-1, -1,-1,2021,19.0,2,2,0,2,7,1,1,,4,LAURIERS (ALL. DES),0,,2,1,0,1,(1),(1),1,, -1,1,0,1,50,31,5,2021,11:35,1,33,33529,2,2,0,3,Avenue des Mimosas,44.632739,-1.19796,11,2,2
202100047048,117Â 675,B01,1,1,2,5,1,0,-1,-1, -1,-1,2021,84.0,0,2,12,2,1,1,1,,4,STADE   RUE DU,0,,2,2,0,1,(1),(1),1,, -1,1,0,1,30,22,3,2021,19:40,5,17,17300,2,2,0,3,STADE   RUE DU,46.16058,-1.17929,19,2,2
202100023380,159Â 826,B01,1,1,1,0,2,6,-1,0,0,-1,2021,33.0,1,1,0,2,1,1,1,,2,122,-1,,2,2,0,1,14,800,1,, -1,1,0,1,70,21,8,2021,10:10,1,46,46015,1,3,0,3,N122,44.670432,2.165771,10,2,2
202100040290,129Â 584,A01,1,1,1,4,8,0,-1,-1, -1,-1,2021,41.0,2,4,0,0,2,1,0,,2,RN 104,0,,3,4,0,1,46,99,2,, -1,1,0,8,90,12,5,2021,03:15,3,91,91549,1,1,0,7,RN 104,48.62484,2.33241,3,1,1
202100003622,195Â 273,A01,2,2,1,0,1,0,-1,-1, -1,-1,2021,23.0,2,2,1,0,2,14,1,,7,FAUBOURG DES POSTES RUE,0,,2,2,0,1,(1),(1),1,, -1,2,0,4,50,10,12,2021,00:00,5,59,59350,2,1,0,6,FAUBOURG DES POSTES RUE,50.6106869019,3.0454444885,0,2,1
202100038530,132Â 768,B01,1,1,2,5,8,0,-1,0,0,-1,2021,24.0,2,1,0,2,1,1,5,,4,AVENUE DE LA REPUBLIQUE,0,,1,1,1,2,(1),(1),1,, -1,2,0,5,50,24,5,2021,17:00,1,75,75111,2,5,0,3,AVENUE DE LA REPUBLIQUE,48.865155,2.374922,17,2,2
202100043480,123Â 941,B01,1,1,2,9,1,8,-1,-1, -1,-1,2021,32.0,2,2,0,2,3,9,1,,3,913,0,,1,2,2,1,0,0,2,, -1,1,0,1,50,17,4,2021,18:20,1,92,92050,2,6,0,3,BOULE PLACE DE LA,48.8872359859,2.2006445378,18,2,2
202100023481,159Â 654,A01,1,1,1,0,2,-1,-1,0,0,-1,2021,67.0,2,1,0,0,0,2,6,,3,2144,0,D,2,2,0,4,8,700,1,, -1,1,0,1,80,19,8,2021,12:00,1,63,63116,1,1,0,7,D2144,45.97792,3.094874,12,1,1
202100032719,143Â 283,A01,1,1,2,9,8,0,-1,-1, -1,-1,2021,56.0,0,2,0,0,2,1,1,,4,COURCELLES (AVENUE DE),0,,2,0,0,1,0,0,1,, -1,1,0,1,50,23,6,2021,09:30,1,93,93005,2,2,0,3,POMEREU (AVENUE DE),48.92544,2.49331,9,2,2
202100036439,136Â 573,A01,1,1,2,1,1,0,-1,-1, -1,-1,2021,31.0,3,2,0,2,2,9,0,,2,N 154 (ROCADE),0,,3,2,0,2,0,0,2,, -1,1,0,1,70,4,6,2021,16:10,1,28,28332,1,1,0,3,N 154 (ROCADE),48.73063,1.39005,16,3,3
202100020792,164Â 481,B01,1,1,1,5,2,-1,-1,0,0,-1,2021,55.0,1,1,0,2,1,1,5,,7,60,-1,A,2,2,0,1,0,0,1,, -1,1,5,1,50,4,9,2021,11:15,1,13,13015,2,3,0,3,AVENUE THIERS,43.447584,5.432906,11,3,3
202100029750,148Â 615,A01,10,3,1,5,0,-1,-1,2,3,1,2021,48.0,2,2,0,1,1,1,1,,4,MONTBERNAGE (RUE DE),0,,2,2,0,2,(1),(1),1,, -1,1,0,1,50,29,6,2021,16:35,1,86,86194,2,1,0,6,Rue de Montbernage,46.582836,0.359274,16,2,1
202100040123,129Â 882,A01,1,1,2,5,1,-1,-1,0,0,-1,2021,49.0,2,2,13,0,1,1,1,,3,520,0,A,2,2,0,2,3,100,3,, -1,2,0,3,70,14,5,2021,16:50,1,38,38407,1,1,0,7,D520a,45.33815,5.661864,16,1,1
202100013787,177Â 061,B01,1,1,2,5,1,-1,-1,-1, -1,-1,2021,20.0,1,2,0,2,6,1,1,,2,RN346   29.300 A 34.350,0,,3,4,0,1,34,25,1,, -1,1,0,1,90,7,10,2021,22:00,3,69,69275,1,1,0,3,RN346,45.7615549858,4.9851107597,22,2,2
202100022907,160Â 676,B01,2,2,1,5,2,8,-1,-1, -1,-1,2021,7.0,2,1,0,2,1,1,1,,4,MARKSTEIN (RUE DU),0,,2,2,0,1,(1),(1),1,, -1,2,0,1,50,22,8,2021,16:05,1,68,68376,2,3,1,3,MARKSTEIN (RUE DU),47.81057,7.33123,16,4,2
202100017961,169Â 522,C01,1,1,1,0,1,-1,-1,-1, -1,-1,2021,28.0,2,2,0,2,4,2,1,,7,RD383   3.750 A 7.640,0,,3,8,0,1,6,99,1,, -1,1,1,1,70,7,9,2021,20:30,5,69,69266,2,1,0,4,RD383   3.750 A 7.640,45.75627,4.90844,20,3,3
202100051817,109Â 080,B01,2,2,2,0,1,0,-1,-1, -1,-1,2021,75.0,3,2,0,2,1,0,1,,4,ALEXANDRO VOLTA -RUE-,0,,2,2,0,1,0,0,1,, -1,1,0,1,50,9,2,2021,17:44,2,11,11069,2,1,0,3,ALEXANDRO VOLTA -RUE-,43.20465,2.30972,17,3,2
202100053836,105Â 519,B01,1,1,1,0,2,0,-1,0,0,-1,2021,27.0,1,1,0,2,1,1,3,,4,,0,,2,2,0,1,(1),(1),1,, -1,1,0,1,30,24,1,2021,17:40,5,54,54395,2,2,0,6,AUXONNE (RUE D'),48.70063,6.16852,17,2,2
202100033208,142Â 404,B01,1,1,1,9,2,6,-1,0,0,-1,2021,35.0,1,1,0,2,3,18,1,,4,AVENUE DE LA PORTE DE SAINT OUEN,0,,4,2,0,1,(1),(1),1,, -1,1,0,1,50,20,6,2021,13:35,1,75,75117,2,2,0,3,AVENUE DE LA PORTE DE SAINT OUEN,48.897747,2.329049,13,2,2
202100041546,127Â 342,A01,1,1,1,5,2,8,-1,-1, -1,-1,2021,30.0,2,1,0,2,1,1,1,,3,BUNAU VARILLA -AV-,0,,2,2,0,1,(1),(1),1,, -1,1,5,1,50,2,5,2021,16:45,1,11,11069,2,2,0,3,BUNAU VARILLA -AV-,43.20776,2.33692,16,3,2
202100056194,101Â 447,B01,1,1,2,4,8,8,-1,-1, -1,-1,2021,20.0,2,1,0,2,1,1,3,,4,QUENTIN JULES AVENUE,0,,2,2,3,1,0,0,1,, -1,2,0,1,50,4,1,2021,19:30,5,92,92050,2,3,0,3,QUENTIN JULES AVENUE,48.8962228854,2.1887674366,19,2,2
202100021634,162Â 956,B01,1,1,2,1,8,0,-1,-1, -1,-1,2021,30.0,1,1,0,2,8,0,0,,7,TROIS LUCS A LA VALENTINE (route),0,,2,2,0,2,0,0,1,, -1,1,0,8,30,31,8,2021,14:45,1,13,13212,2,1,0,3,TROIS LUCS A LA VALENTINE (route),43.304406583,5.4739350641,14,2,2
202100006168,190Â 785,C01,7,2,1,5,1,9,-1,0,0,-1,2021,3.0,2,2,13,2,8,1,1,,3,23,-1,,2,2,0,2,(1),(1),3,, -1,2,0,1,70,2,11,2021,14:15,1,971,97118,1,1,1,4,Route de la Traversee,16.2059142031,-61.6324907541,14,5,4
202100046373,118Â 878,A01,1,1,1,5,1,0,-1,0,0,-1,2021,93.0,1,2,1,0,7,14,1,,4,RUE DU COMMANDANT GUILBAUD,0,,3,2,0,1,(1),(1),1,, -1,1,0,1,50,27,3,2021,17:20,1,75,75116,2,1,0,6,RUE DU COMMANDANT GUILBAUD,48.8399967787,2.2515588999,17,1,1
202100006916,189Â 405,B01,1,1,1,9,1,0,-1,-1, -1,-1,2021,74.0,1,2,0,2,4,23,1,,4,ALFRED NOBEL,0,,2,2,1,1,0,0,1,, -1,1,0,1,50,21,11,2021,09:40,1,64,64445,1,1,0,2,ALFRED NOBEL,43.30897,-0.32897,9,3,2
202100010986,182Â 091,A01,1,1,2,1,1,-1,-1,0,0,-1,2021,29.0,1,2,0,0,4,2,1,,3,981,0,D,2,2,0,2,18,50,3,, -1,2,0,1,80,27,10,2021,07:15,3,60,60029,1,1,1,2,D981,49.366285,1.979095,7,2,2
202100014247,176Â 225,A01,1,1,1,5,2,6,-1,0,0,-1,2021,18.0,1,1,0,0,0,2,1,,3,385,0,D,2,2,0,2,3,820,1,, -1,1,0,1,80,9,10,2021,10:50,1,61,61005,1,1,0,7,D385,48.334596,0.580596,10,1,1
202100049702,112Â 899,A01,10,3,2,0,0,-1,-1,3,3,1,2021,61.0,2,2,0,1,3,15,1,,7,,-1,,2,2,0,2,0,200,1,, -1,1,0,1,50,2,3,2021,10:05,1,69,69088,2,1,0,6,SIMON ROUSSEAU (AV),45.8354968349,4.8472755029,10,2,1
202100005782,191Â 461,A01,1,1,1,9,2,6,-1,0,0,-1,2021,31.0,2,1,0,2,2,1,1,,4,AVENUE DES CHAMPS ELYSEES,0,,1,3,0,1,(1),(1),1,, -1,2,0,1,30,27,11,2021,05:10,5,75,75108,2,6,0,3,AVENUE DES CHAMPS ELYSEES,48.869004,2.310355,5,2,2
202100007148,188Â 992,A01,10,3,2,2,0,-1,-1,5,3,1,2021,15.0,1,1,0,1,1,19,1,,4,PIERRE DELORE                       (R ),0,,2,2,0,1,(1),(1),1,, -1,1,0,1,50,18,11,2021,07:35,1,69,69388,2,4,0,6,PIERRE DELORE (R),45.73839,4.85264,7,2,1
202100051928,108Â 885,A01,1,1,1,9,2,0,-1,0,0,-1,2021,31.0,1,1,0,2,4,23,1,,4,RUE DE LA FIDELITE,0,,1,2,3,1,(1),(1),1,, -1,5,0,1,50,10,2,2021,18:50,5,75,75110,2,2,1,2,RUE DE LA FIDELITE,48.874364,2.355415,18,2,2
202100025381,156Â 287,A01,1,1,1,5,2,-1,-1,0,0,-1,2021,32.0,1,1,0,0,0,13,1,,3,56,-1,,2,2,0,1,(1),(1),2,, -1,1,0,1,70,7,8,2021,00:30,3,68,68118,1,1,0,7,Rue d Eschentzwiller,47.722546,7.416546,0,1,1
202100024571,157Â 740,B01,1,1,1,1,2,0,-1,-1, -1,-1,2021,57.0,1,1,0,2,8,15,5,,3,VERDUN (AVENUE DE) DU 152 AU 226,0,,2,2,0,1,0,0,1,, -1,1,5,1,30,12,8,2021,15:00,1,92,92048,2,6,0,3,VERDUN (AVENUE DE) DU 152 AU 226,48.8179,2.24884,15,2,2
202100024348,158Â 156,A01,1,1,1,5,2,9,-1,0,0,-1,2021,84.0,2,1,0,0,4,0,1,,1,75,0,A,1,4,0,2,259,350,3,, -1,1,0,1,110,14,8,2021,07:55,1,34,34064,1,1,0,2,A75,43.852154,3.306005,7,2,2
202100017960,169Â 524,A01,1,1,1,5,2,6,-1,-1, -1,-1,2021,56.0,1,1,0,2,1,26,1,,2,RN346  N/S  25.736 A 29.300,0,,1,2,0,1,27,200,1,, -1,1,3,1,90,11,9,2021,20:45,3,69,69256,1,1,0,2,EST (ROC),45.7956740704,4.9321437284,20,2,2
202100001022,199Â 937,B01,1,1,1,0,2,8,-1,-1, -1,-1,2021,17.0,1,1,0,2,1,1,1,,3,BEREGOVOY (AVENUE PIERRE),0,,2,2,0,1,0,1841,1,, -1,1,0,1,50,24,12,2021,19:55,5,34,34336,2,1,0,3,BEREGOVOY (AVENUE PIERRE),43.32177,3.2713,19,4,2
202100056132,101Â 548,B01,2,2,1,0,1,0,-1,-1, -1,-1,2021,54.0,3,2,0,2,1,0,1,,4,PARIS (RUE DE),0,,2,3,1,1,0,0,1,, -1,1,0,1,50,5,1,2021,19:30,5,974,97411,2,3,0,3,Rue de Paris,-20.883954,55.450423,19,5,2
202100007246,188Â 803,B01,1,1,2,9,8,0,-1,-1, -1,-1,2021,25.0,1,1,0,2,1,26,5,,4,RICHARD,0,,2,2,0,1,1,0,1,, -1,1,0,1,30,17,11,2021,07:37,2,49,49007,2,6,0,3,RICHARD,47.46637,-0.55728,7,2,2
202100056061,101Â 679,B01,1,1,1,1,1,0,-1,0,0,-1,2021,30.0,2,5,0,2,4,23,1,,4,PORTE DE SEVRES,0,,-1,2,0,2,(1),(1),1,, -1,1,0,1,50,5,1,2021,20:35,5,75,75115,2,4,0,4,PORTE DE SEVRES,48.8348262592,2.2740060137,20,3,3
202100055223,103Â 109,A01,1,1,1,1,2,0,-1,-1, -1,-1,2021,42.0,1,0,1,2,7,1,3,,3,GABRIEL-PERI (AV),0,,2,2,2,1,0,1,1,, -1,1,0,1,50,13,1,2021,09:37,1,93,93070,2,1,0,3,GABRIEL-PERI (AV),48.909308,2.332937,9,2,2
202100043140,124Â 559,A01,10,3,2,3,0,-1,-1,3,3,1,2021,44.0,1,2,0,1,1,16,1,,4,FUSILIERS MARINS (AVE DES),0,,2,2,0,1,0,0,1,, -1,1,0,1,50,21,4,2021,09:22,1,83,83137,2,9,0,6,FUSILIERS MARINS (AVE DES),43.12777,5.90672,9,2,1
202100028844,150Â 160,B01,1,1,1,5,8,0,-1,0,0,-1,2021,12.0,2,1,0,2,1,25,3,,7,PRINCESSE GRACE DE MONACO (AVENUE),0,,2,3,0,1,0,0,1,, -1,1,0,4,50,15,7,2021,13:35,1,6,6159,2,1,0,2,PRINCESSE GRACE DE MONACO (AVENUE),43.70018,7.30565,13,3,2
202100010489,182Â 975,A01,1,1,1,0,2,-1,-1,0,0,-1,2021,18.0,0,1,0,2,1,7,1,,4,ALBERT CAMUS (RUE),0,,2,2,0,1,(1),(1),1,, -1,1,0,1,50,26,10,2021,08:40,1,80,80725,2,1,0,3,ALBERT CAMUS (RUE),49.87115,2.25895,8,2,2
202100028113,151Â 451,B01,1,1,2,9,1,0,-1,-1, -1,-1,2021,44.0,1,2,0,2,4,1,1,,3,R D 900,0,,3,2,0,1,24,623,1,, -1,1,0,1,50,16,7,2021,15:51,1,66,66136,1,1,0,2,R D 900,42.67464,2.86344,15,2,2
202100054202,104Â 863,B01,7,2,2,2,8,0,-1,-1, -1,-1,2021,18.0,1,3,0,2,3,1,1,2.0,4,Rue Fortier,0,,1,2,3,1,(1),(1),1,, -1,1,0,6,50,18,1,2021,14:25,1,59,59178,2,1,0,3,FORTIER (RUE),50.37298,3.08275,14,3,2
202100026595,154Â 165,A01,1,1,1,0,8,0,-1,-1, -1,-1,2021,22.0,1,2,2,0,1,0,1,,3,RD 188 CHEVREUSE,0,,2,2,0,1,6,199,1,, -1,1,0,8,70,29,7,2021,15:45,1,91,91661,1,1,0,6,RD 188 CHEVREUSE,48.69689,2.22957,15,1,1
202100018014,169Â 428,A01,1,1,1,5,2,6,-1,0,0,-1,2021,47.0,2,1,0,2,4,3,1,,4,PORTE DE PANTIN,0,,1,4,0,1,26,0,1,, -1,1,0,1,70,19,9,2021,07:40,1,75,75119,2,1,0,4,BD PERIPHERIQUE EXTERIEUR,48.895385,2.394802,7,3,3