Num_Acc,id_vehicule,num_veh,place,catu,sexe,trajet,secu1,secu2,secu3,locp,actp,etatp,year_acc,victim_age,senc,catv,obs,obsm,choc,manv,motor,occutc,catr,voie,v1,v2,circ,nbv,vosp,prof,pr,pr1,plan,lartpc,larrout,surf,infra,situ,vma,jour,mois,an,hrmn,lum,dep,com,agg_,int,atm,col,adr,lat,long,hour,nb_victim,nb_vehicules
202100025951,155Â 295,B01,1,1,1,1,2,8,-1,-1, -1,-1,2021,35.0,2,1,0,2,8,26,1,,1,86,0,,1,2,0,1,3,99,1,, -1,1,0,1,90,2,8,2021,09:15,1,92,92025,1,1,0,3,A86,48.9227631754,2.2275204652,9,2,2
202100038095,133Â 570,A01,1,1,1,5,2,-1,-1,0,0,-1,2021,15.0,3,1,0,0,2,1,1,,4,,-1,,2,2,0,1,(1),(1),3,, -1,1,0,3,50,28,5,2021,17:15,1,1,1159,1,1,0,7,Route des Dimes,46.3343718904,4.8725821018,17,2,1
202100054742,103Â 945,A01,1,1,1,4,1,0,-1,-1, -1,-1,2021,21.0,2,2,0,2,1,1,1,,1, A6B,0,,1,12,0,2,3,400,1,, -1,1,3,1,90,15,1,2021,23:01,3,94,94038,1,1,0,3,AUTOROUTE A6B,48.7872277387,2.3448745932,23,2,2
202100004513,193Â 707,B01,1,1,2,5,1,-1,-1,-1,0,-1,2021,28.0,3,2,1,2,3,1,1,,4,EGLISE (RUE DE L'),0,,1,1,0,1,(1),(1),1,, -1,1,0,1,50,1,12,2021,10:10,1,95,95585,2,2,0,3,EGLISE (RUE DE L'),48.9985826446,2.3800098896,10,2,2
202100034993,139Â 146,B01,1,1,2,0,1,0,-1,0,0,-1,2021,32.0,1,2,0,2,4,2,1,,4,ADAM  (RUE SIGISBERT),0,,1,1,0,1,(1),(1),1,, -1,1,0,1,30,10,6,2021,15:10,1,54,54395,2,1,0,2,ADAM  (RUE SIGISBERT),48.6994551388,6.1811811606,15,3,2
202100044191,122Â 684,B01,2,2,2,5,1,-1,-1,0,0,-1,2021,84.0,1,2,0,2,1,1,1,,7,29,-1,,2,2,0,1,9,96,1,, -1,5,0,1,80,11,4,2021,13:00,1,35,35024,1,1,1,1,D29,48.162604,-1.663324,13,4,2
202100041836,126Â 833,A01,10,3,2,9,0,-1,-1,2,3,1,2021,27.0,3,2,0,1,1,16,0,,4,,-1,,2,2,0,1,(1),(1),1,, -1,1,0,1,50,20,4,2021,10:57,1,6,6161,2,2,0,6,avenue de la rÃ©publique,43.643676,7.141027,10,2,1
202100015539,173Â 907,A01,1,1,1,0,2,6,-1,-1, -1,-1,2021,33.0,1,1,0,2,2,17,1,,4,ALLEES MARINES (AVENUE DES),0,,2,2,0,1,0,0,1,, -1,1,0,1,30,1,10,2021,14:40,1,64,64102,2,1,0,3,ALLEES MARINES (AVENUE DES),43.49999,-1.49057,14,2,2
202100024201,158Â 413,B01,1,1,2,4,0,-1,-1,0,0,-1,2021,13.0,0,1,7,2,8,19,5,,4,,0,,2,2,0,2,(1),(1),1,,4,1,0,1,50,14,8,2021,19:40,1,33,33214,1,1,1,3,Route du Baganais,45.001391,-1.180275,19,2,2
202100006984,189Â 280,B01,1,1,2,1,1,4,-1,-1, -1,-1,2021,52.0,2,2,0,2,4,2,1,,7,Autoroute A.35,0,,3,4,0,1,301,299,1,, -1,1,0,1,90,16,11,2021,14:30,1,67,67482,1,1,0,4,M35,48.5876060763,7.7283722162,14,3,3
202100000309,201Â 165,B01,2,2,2,0,1,8,-1,-1, -1,-1,2021,27.0,3,2,0,2,1,1,1,,7,PLAGE (RTE DE LA ),0,,2,2,0,1,0,0,1,, -1,1,0,1,70,11,7,2021,18:50,1,13,13054,1,1,0,1,PLAGE (RTE DE LA ),43.43486,5.1972,18,3,2
202100014756,175Â 335,A01,1,1,1,0,2,6,-1,-1, -1,-1,2021,19.0,3,1,15,0,1,17,1,,4,kaweni-Massakini (rue),0,,2,2,0,1,0,0,1,, -1,1,0,1,50,3,9,2021,14:35,1,976,97611,2,1,0,7,kaweni-Massakini (rue),-12.76058,45.22648,14,1,1
202100012735,178Â 955,A01,1,1,1,9,0,-1,-1,0,0,-1,2021,16.0,2,2,13,0,9,1,1,,3,926,0,,2,2,0,1,38,563,1,, -1,1,0,8,80,16,10,2021,09:00,1,36,36031,1,1,0,6,Chamboise,46.877613,1.395539,9,1,1
202100006998,189Â 249,A01,3,2,1,5,8,8,-1,0,0,-1,2021,31.0,2,5,16,0,7,14,1,,4,AVENUE JAMES COOK,0,,2,2,0,2,0,0,2,, -1,2,0,1,50,20,11,2021,20:15,3,988,98818,2,1,1,7,AVENUE JAMES COOK,-22.26285,166.39706,20,3,1
202100034846,139Â 422,A01,1,1,1,5,2,6,-1,0,0,-1,2021,38.0,2,1,3,0,7,1,1,,2,116,-1,,2,2,0,2,69,500,2,, -1,1,0,3,80,13,6,2021,18:30,1,66,66080,1,1,0,7,RN116,42.506963,2.174386,18,1,1
202100036809,135Â 910,B01,1,1,1,0,2,6,-1,-1, -1,-1,2021,60.0,2,1,0,0,5,12,1,,3,MORTEAU DE (DU 0 AU 30),0,,4,10,0,1,37,400,2,, -1,1,5,1,50,2,6,2021,13:00,1,25,25462,2,6,0,3,MORTEAU DE (DU 0 AU 30),46.90573,6.35766,13,2,2
202100035195,138Â 789,A01,2,1,1,0,2,0,-1,-1, -1,-1,2021,25.0,1,1,0,2,0,1,1,,1,AUTOROUTE A104,0,,3,7,0,1,1,399,1,, -1,1,0,1,90,11,6,2021,09:00,1,93,93078,1,1,0,6,AUTOROUTE A104,48.96803,2.50954,9,1,1
202100039088,131Â 764,A01,1,1,2,0,1,0,-1,-1, -1,-1,2021,36.0,2,2,0,2,1,13,1,,3,RD810,0,,2,2,0,2,32,500,1,, -1,2,0,1,70,19,5,2021,09:30,1,64,64545,1,1,1,1,RD810,43.36151,-1.71948,9,2,2
202100039443,131Â 101,A01,10,3,2,5,0,-1,-1,3,3,1,2021,20.0,1,5,0,1,2,1,1,,4,FOCH (AVENUE 18 ET 9 A FIN),0,,1,3,3,1,(1),(1),1,, -1,2,-1,1,50,18,5,2021,12:10,1,54,54395,2,1,1,6,FOCH (AVENUE 18 ET 9 A FIN),48.6863,6.1676,12,2,1
202100017276,170Â 774,A01,1,1,1,0,2,-1,-1,0,0,-1,2021,33.0,1,1,0,2,2,1,1,,4,rue,0,,2,2,0,1,(1),(1),3,, -1,1,0,1,50,26,9,2021,12:40,1,973,97307,2,1,0,3,Rue du Champ de Canne,4.876441,-52.323742,12,2,2
202100044664,121Â 877,B01,2,2,2,5,2,6,-1,-1, -1,-1,2021,20.0,-1,1,0,2,8,1,1,,3,BEAUFORT (ROUTE DE),0,,2,2,0,2,39,120,4,, -1,1,0,1,80,8,4,2021,19:00,1,73,73011,1,1,0,3,D925,45.68459,6.40053,19,3,2
202100047946,116Â 035,A01,1,1,1,0,2,0,-1,-1, -1,-1,2021,57.0,3,1,0,2,1,3,1,,4,FLEMING AVENUE DU ALEXANDER,0,,2,2,0,1,(1),(1),1,, -1,1,0,1,50,12,3,2021,11:30,1,13,13056,2,1,0,3,FLEMING AVENUE DU ALEXANDER,43.41969,5.05844,11,2,2
202100022995,160Â 526,B01,1,1,1,4,2,0,-1,-1, -1,-1,2021,25.0,1,1,0,2,2,12,1,,1,AUTOROUTE A3,0,,3,6,0,1,9,500,1,, -1,1,0,1,110,22,8,2021,20:30,1,93,93010,1,1,0,3,AUTOROUTE A3,48.91918,2.47898,20,2,2
202100005565,191Â 852,B01,1,1,1,0,8,0,-1,-1, -1,-1,2021,25.0,0,1,0,2,3,15,0,,3,909,0,,1,3,0,1,0,0,1,, -1,1,5,6,50,30,11,2021,09:05,1,92,92044,2,1,0,3,VIC. HUGO(RUE)115A149 ET 148A178,48.897771,2.294852,9,2,2
202100025835,155Â 513,B01,1,1,1,5,0,-1,-1,0,0,-1,2021,51.0,1,0,0,2,2,19,3,,4,887,-1,,2,2,0,2,39,100,1,, -1,2,5,1,50,3,8,2021,09:25,1,29,29042,2,6,0,3,Boulevard de la France Libre,48.239455,-4.494411,9,2,2
202100022836,160Â 793,B01,1,1,1,5,1,-1,-1,0,0,-1,2021,33.0,2,2,3,2,6,1,1,,1,84,-1,A,3,4,0,3,110,0,1,, -1,1,0,1,130,22,8,2021,21:30,2,35,35152,1,1,0,3,A 84,48.232307,-1.484887,21,3,2
202100024279,158Â 272,A01,1,1,1,1,8,0,-1,-1, -1,-1,2021,20.0,2,1,0,2,1,1,5,,4,AVE DU TAILLAN-MEDOC,0,,2,3,2,1,(1),(1),1,, -1,1,0,5,50,13,8,2021,12:40,1,33,33162,2,3,0,3,Avenue du Taillan-MÃ©doc,44.88118,-0.65273,12,2,2
202100009700,184Â 366,A01,2,2,2,5,1,0,-1,-1, -1,-1,2021,39.0,1,2,4,0,8,19,1,,1,A50,0,,3,6,0,1,37,700,1,, -1,1,0,1,130,1,11,2021,03:15,3,13,13023,1,1,0,6,A50,43.20987,5.62421,3,2,1
202100044441,122Â 249,A01,1,1,1,0,8,0,-1,-1, -1,-1,2021,29.0,0,1,1,0,2,26,1,,4,ITEVA (RUE SOSTHENE),0,,1,1,0,2,0,0,1,, -1,1,0,1,50,10,4,2021,21:20,5,974,97416,2,1,0,6,ITEVA (RUE SOSTHENE),-21.3392093518,55.4841589468,21,1,1
202100054609,104Â 172,A01,1,1,2,1,2,8,-1,-1, -1,-1,2021,33.0,1,1,0,2,2,17,1,,4,JULES GUESDE (QU),0,,2,2,0,1,0,0,1,, -1,1,0,1,50,18,1,2021,10:20,1,94,94081,2,3,0,3,JULES GUESDE (QU),48.80289,2.41034,10,2,2
202100005341,192Â 243,A01,1,1,1,2,8,0,-1,-1, -1,-1,2021,11.0,2,1,0,2,1,21,3,,4,ILE DE FRANCE AVENUE DE L',0,,3,2,0,2,1,0,1,, -1,2,0,8,50,30,11,2021,12:20,1,25,25056,2,1,1,3,ILE DE FRANCE AVENUE DE L',47.22147,5.96805,12,3,2
202100014028,176Â 627,A01,10,3,1,5,0,-1,-1,2,3,3,2021,9.0,1,2,0,1,2,26,1,,4,EL OUAFI HAMED BOUGERA,0,,2,4,0,1,0,1,1,, -1,1,0,1,50,10,10,2021,16:25,1,93,93066,2,1,0,6,EL OUAFI HAMED BOUGERA,48.9227682089,2.3639904857,16,2,1
202100013698,177Â 217,A01,1,1,1,0,1,5,-1,-1, -1,-1,2021,39.0,2,5,0,2,1,13,0,,3,CHOISY (AV DE),0,,3,2,0,1,1,0,1,, -1,1,0,1,50,12,10,2021,00:40,5,94,94078,2,1,0,1,Avenue de Choisy,48.74589,2.43749,0,4,2
202100055032,103Â 444,B01,2,2,1,0,1,-1,-1,-1, -1,-1,2021,48.0,2,2,0,2,4,2,1,,3,CHAMPAGNE   (  AVENUE DE),0,,-1,4,0,1,22,900,1,, -1,2,0,1,70,13,1,2021,16:45,2,51,51454,2,1,1,2,Avenue de Champagne,49.228501047,4.0311688547,16,4,2
202100051956,108Â 837,A01,1,1,1,1,1,-1,-1,0,0,-1,2021,37.0,2,2,0,2,3,13,1,,2,40,-1,,2,2,0,1,10,350,1,, -1,1,0,1,80,11,2,2021,08:30,1,201,201085,1,1,0,6,Valle Torta,41.909623,8.859208,8,2,2
202100048045,115Â 864,V01,10,3,2,5,0,-1,-1,9,1,1,2021,80.0,0,1,0,1,1,1,5,,9,BOEUFS(CHEMIN DES),0,,-1,0,0,1,0,0,1,, -1,1,0,8,30,14,3,2021,12:00,1,94,94028,2,1,0,2,BOEUFS(CHEMIN DES),48.769,2.43334,12,2,1
202100020616,164Â 774,A01,1,1,2,0,1,-1,-1,0,0,-1,2021,36.0,2,2,2,0,3,0,1,,3,119,-1,,2,2,0,1,13,800,1,, -1,1,0,3,80,7,9,2021,07:30,1,11,11018,1,1,0,6,D119,43.209117,2.187352,7,1,1
202100007585,188Â 181,B01,1,1,1,1,2,-1,-1,-1, -1,-1,2021,40.0,3,1,0,2,1,1,5,,4,REPUBLIQUE (COURS DE LA),0,,3,4,1,1,0,0,1,, -1,1,0,5,50,16,11,2021,15:25,1,76,76351,2,1,0,3,REPUBLIQUE (COURS DE LA),49.49236,0.123855,15,2,2
202100045036,121Â 225,A01,10,3,2,9,0,-1,-1,3,3,1,2021,19.0,1,1,0,1,1,1,1,,4,AVENUE DE CLICHY,0,,2,3,0,2,(1),(1),1,, -1,2,0,1,30,5,4,2021,14:03,1,75,75117,2,3,1,6,AVENUE DE CLICHY,48.888793,2.323348,14,2,1
202100003756,195Â 043,A01,1,1,1,2,2,6,-1,-1, -1,-1,2021,16.0,1,1,0,2,1,1,1,,4,,0,,2,2,0,1,0,0,1,, -1,1,0,1,50,10,12,2021,14:50,1,92,92012,2,2,0,3,JEAN JAURES (BOULEVARD) 1/61 - COTE IMPA,48.845049,2.23725,14,2,2
202100029136,149Â 671,A01,1,1,2,0,8,-1,-1,-1, -1,-1,2021,52.0,3,2,0,2,3,13,1,,4,AVE DE LABARDE,0,,2,2,0,1,(1),(1),1,, -1,2,0,1,70,13,7,2021,13:15,1,33,33063,2,1,1,3,Avenue de Labarde,44.90812,-0.55649,13,2,2
202100018902,167Â 862,A01,10,3,1,0,0,-1,-1,3,3,1,2021,16.0,2,2,0,1,1,1,1,,3,ARISTIDE BRIAND AVENUE,0,,3,6,3,1,0,0,1,, -1,2,0,1,50,14,9,2021,11:55,1,93,93046,2,1,1,6,Avenue Aristide Briand,48.9119,2.52005,11,2,1
202100002342,197Â 600,B01,1,1,1,5,1,-1,-1,-1, -1,-1,2021,56.0,2,2,0,2,4,1,1,,2,RN346   34.850 A 36.215,0,,3,4,0,1,34,900,1,, -1,2,0,1,90,16,12,2021,22:45,5,69,69271,1,1,0,2,RN346  34.850 A 36.215,45.7533986234,4.9855399132,22,2,2
202100000659,200Â 535,B01,1,1,1,5,2,0,-1,-1, -1,-1,2021,16.0,1,1,0,2,3,11,1,,3,DORMOY ( RUE MARX ),0,,2,2,0,1,0,0,1,, -1,1,0,1,50,31,12,2021,17:50,3,3,3101,2,1,0,3,DORMOY ( RUE MARX ),46.359551,2.544622,17,2,2
202100031656,145Â 170,A01,1,1,1,9,1,-1,-1,0,0,-1,2021,24.0,2,2,0,2,1,11,1,,3,579,-1,,2,2,0,2,44,300,1,, -1,2,0,1,90,29,6,2021,12:40,1,14,14371,1,1,1,1,D579,49.055287,0.175792,12,2,2
202100017028,171Â 181,B01,1,1,1,9,0,2,-1,0,0,-1,2021,53.0,2,1,0,2,3,1,3,,4,RUE D AUBERVILLIERS,0,,3,3,1,1,(1),(1),1,, -1,1,5,5,30,23,9,2021,18:00,1,75,75118,2,2,0,3,RUE D AUBERVILLIERS,48.8987138032,2.3703834414,18,2,2
202100044266,122Â 542,A01,1,1,1,1,8,0,-1,-1, -1,-1,2021,41.0,3,1,0,2,1,1,3,,7,HAUBOURDIN RUE D   NÂ°IMPAIR,0,,2,2,0,1,(1),(1),1,, -1,1,5,1,50,12,4,2021,05:40,5,59,59648,2,2,0,3,CLEMENCEAU RUE,50.5995,3.0532,5,2,2
202100042660,125Â 377,B01,1,1,1,9,2,6,-1,-1, -1,-1,2021,32.0,2,1,0,2,7,2,1,,2,385,0,,3,2,0,1,56,580,1,, -1,1,0,1,90,24,4,2021,20:39,1,92,92019,1,1,0,3,RN 385 INT,48.7610236418,2.2517548115,20,2,2
202100003540,195Â 416,A01,1,1,1,9,2,6,-1,-1, -1,-1,2021,76.0,3,1,0,2,7,3,1,,2,LANCASTEL (BOULEVARD),0,,3,4,0,1,(1),(1),1,, -1,1,0,1,70,8,12,2021,17:20,1,974,97411,1,1,0,3,LANCASTEL (BOULEVARD),-20.87933,55.45928,17,4,2
202100002508,197Â 292,B01,1,1,2,9,1,-1,-1,0,0,-1,2021,27.0,2,2,0,2,1,1,1,,7,498,-1,,2,2,0,1,19,850,1,, -1,9,0,8,80,18,12,2021,17:00,2,42,42266,1,1,0,1,Route de Beauvoir,45.421859,4.052238,17,2,2
202100019907,166Â 046,A01,1,1,1,9,1,0,-1,0,0,-1,2021,35.0,1,2,0,2,1,1,1,,4,AVENUE DES CANADIENS,0,,1,3,0,1,(1),(1),1,, -1,1,0,1,50,9,9,2021,16:15,1,75,75112,2,1,0,3,AVENUE DES CANADIENS,48.8172379826,2.4560657381,16,2,2
202100042742,125Â 238,A01,1,1,1,5,8,-1,-1,0,0,-1,2021,38.0,2,2,3,0,1,14,1,,3,613,0,,2,2,0,1,74,900,2,, -1,1,0,8,80,25,4,2021,17:30,1,11,11103,1,1,0,7,D613,42.940049,2.270318,17,1,1
202100008048,187Â 345,A01,10,3,2,5,0,-1,-1,5,1,1,2021,82.0,2,2,0,1,6,4,1,,4,VILLA MALAKOFF,0,,1,1,0,1,(1),(1),1,, -1,2,0,4,30,15,11,2021,17:20,2,75,75116,2,3,1,6,VILLA MALAKOFF,48.86561,2.286399,17,2,1
202100014833,175Â 193,A01,1,1,2,5,8,0,-1,0,0,-1,2021,26.0,2,1,0,2,1,21,5,,4,RUE FESSART,0,,2,2,2,1,(1),(1),1,, -1,1,0,5,30,6,10,2021,14:10,1,75,75119,2,3,0,7,RUE FESSART,48.876822,2.385308,14,2,2
202100024782,157Â 353,A01,2,2,1,5,2,0,-1,-1, -1,-1,2021,18.0,1,1,0,2,1,1,1,,4,,0,,1,2,0,1,0,0,1,, -1,1,0,1,50,10,8,2021,16:55,1,92,92050,2,2,0,3,SARTROUVILLE RUE DE,48.9098480979,2.2156306005,16,3,2
202100001007,199Â 963,B01,1,1,1,5,1,8,-1,-1, -1,-1,2021,25.0,2,2,6,2,8,1,1,,4,CHOUTEAU (BOULEVARD GUY),0,,2,2,0,1,0,0,1,, -1,1,0,1,50,11,12,2021,23:35,4,49,49099,2,2,0,3,CHOUTEAU (BOULEVARD GUY),47.06705,-0.890442,23,3,2
202100018604,168Â 382,A01,1,1,2,5,2,0,-1,0,0,-1,2021,61.0,1,1,0,0,0,1,5,,4,PLACE SAINT FERDINAND,0,,1,2,0,1,(1),(1),1,, -1,2,0,1,30,15,9,2021,16:00,1,75,75117,2,7,1,7,PLACE SAINT FERDINAND,48.877963,2.287885,16,1,1
202100026912,153Â 607,A01,1,1,1,5,2,6,-1,0,0,-1,2021,75.0,3,1,0,0,0,20,1,,4,0,0,A,2,2,0,2,(1),(1),1,, -1,1,0,3,30,28,7,2021,09:45,1,29,29233,2,1,0,7,14 Rue de Ty-Bordeaux,47.86627,-3.550046,9,1,1
202100043637,123Â 676,B01,2,2,1,0,1,0,-1,-1, -1,-1,2021,36.0,0,2,0,0,1,1,-1,,6,TOURAINE,0,,-1,-1,0,1,(1),(1),1,, -1,1,9,1,20,16,4,2021,16:40,1,28,28218,2,9,0,3,TOURAINE,48.4353037,1.443360417,16,4,2
202100013899,176Â 857,A01,1,1,1,0,1,0,-1,-1, -1,-1,2021,70.0,1,2,4,0,2,1,1,,3,MAURICE BERTEAUX (R),0,,2,2,0,2,1,0,1,, -1,1,8,1,30,10,10,2021,23:25,5,94,94071,2,1,0,6,Rue Maurice Berteaux,48.77261,2.51922,23,1,1
202100034601,139Â 864,B01,1,1,1,1,2,6,0,0,0,-1,2021,34.0,3,1,0,0,4,0,1,,4,VOIE RAPIDE,0,,1,2,0,1,(1),(1),1,, -1,1,0,1,70,13,6,2021,19:00,1,6,6088,2,1,0,2,VOIE RAPIDE,43.689795,7.239791,19,2,2
202100008512,186Â 520,A01,3,2,1,9,8,0,-1,-1, -1,-1,2021,25.0,1,2,1,2,1,2,1,,3,NOISY ROUTE DE,0,,2,2,0,1,0,0,1,, -1,1,0,1,50,11,11,2021,07:54,1,93,93063,2,1,1,2,NOISY ROUTE DE,48.895083994,2.4282840639,7,6,2
202100015630,173Â 733,A01,10,3,2,5,0,-1,-1,1,3,1,2021,39.0,2,1,0,1,9,13,0,,7,GAUDE AVENUE DE LA,0,,2,2,0,2,(1),(1),4,, -1,1,0,1,50,1,10,2021,12:20,1,6,6027,1,1,0,6,GAUDE AVENUE DE LA,43.66694,7.152678,12,2,1
202100029367,149Â 282,A01,1,1,1,5,1,-1,-1,0,0,-1,2021,20.0,2,2,2,9,1,13,1,,4,,-1,,2,2,0,2,(1),(1),3,,4,2,0,3,50,12,7,2021,23:30,3,63,63210,2,9,1,6,Boulevard du Foirail,45.92152,3.325778,23,1,1
202100024592,157Â 701,A01,1,1,1,5,8,0,-1,-1, -1,-1,2021,18.0,1,0,0,0,8,1,3,,4,BRIAND (RUE ARISTIDE),0,,2,2,0,1,0,0,1,, -1,1,0,1,50,11,8,2021,05:34,5,87,87085,2,1,0,7,BRIAND (RUE ARISTIDE),45.85635,1.28428,5,1,1
202100031499,145Â 453,B01,1,1,2,2,1,-1,-1,0,0,-1,2021,44.0,2,2,0,2,3,2,1,,3,2152,-1,,2,2,0,1,10,1,1,, -1,1,0,1,90,1,7,2021,17:20,1,41,41252,1,1,0,6,Route dÃ©partementale 2152 - PK 10,47.686712,1.488733,17,3,2
202100035690,137Â 918,B01,1,1,2,1,8,0,-1,-1, -1,-1,2021,29.0,1,1,0,2,1,1,5,,7,51,0,,2,2,0,1,18,500,1,, -1,1,9,4,50,8,6,2021,06:20,1,76,76157,2,1,0,1,CANAL. RUE DU (CD 51),49.45924,1.0439,6,2,2
202100037614,134Â 424,A01,2,2,1,9,2,0,-1,0,0,-1,2021,29.0,0,1,3,0,1,14,1,,4,QUAI BRANLY,0,,1,1,0,1,(1),(1),3,, -1,1,0,1,50,28,5,2021,22:55,5,75,75115,2,1,0,6,QUAI BRANLY,48.854735,2.289025,22,2,1
202100008521,186Â 503,A01,1,1,1,5,0,-1,-1,0,0,-1,2021,40.0,3,2,6,0,2,1,1,,3,108,0,,2,2,0,1,(1),(1),1,, -1,1,0,4,50,11,11,2021,17:55,5,28,28225,2,1,0,1,9 Rue Jean Moulin,48.351964,1.25963,17,1,1
202100055050,103Â 411,A01,1,1,2,5,1,0,-1,-1, -1,-1,2021,31.0,1,2,0,2,1,15,1,,3,901,0,,2,3,0,1,(1),(1),1,, -1,2,0,1,50,13,1,2021,13:30,1,19,19031,2,3,0,3,RIBOT (AVENUE),45.16461,1.50282,13,6,2
202100036622,136Â 249,B01,1,1,2,1,1,0,-1,-1, -1,-1,2021,48.0,2,2,0,2,8,1,1,,2,FRANCAIS LIBRES (BD),0,,1,2,0,2,0,0,1,, -1,1,0,1,70,1,6,2021,10:20,1,30,30189,2,1,0,3,FRANCAIS LIBRES (BD),43.83768,4.32034,10,2,2
202100012064,180Â 149,B01,2,2,1,0,1,0,-1,-1, -1,-1,2021,11.0,3,2,0,2,3,15,1,,4,STATION (AVENUE DE LA),0,,2,2,0,1,0,0,1,, -1,1,0,1,50,20,10,2021,12:30,1,93,93073,2,3,0,3,STATION (AVENUE DE LA),48.9564,2.57251,12,4,2
202100002979,196Â 450,Z01,10,3,1,0,0,-1,-1,4,3,1,2021,47.0,3,2,0,1,1,0,1,,4,POULIES (PLACE),0,,2,2,0,3,0,1,2,, -1,1,9,4,50,14,12,2021,20:10,5,93,93066,2,7,0,6,POULIES (PLACE),48.9381822047,2.3605809002,20,2,1
202100048440,115Â 172,B01,1,1,1,9,2,6,-1,0,0,-1,2021,41.0,1,1,0,2,1,1,1,,4,AVENUE DES CHAMPS ELYSEES,0,,2,8,0,1,(1),(1),1,, -1,1,0,1,50,10,3,2021,11:16,1,75,75108,2,2,0,5,AVENUE DES CHAMPS ELYSEES,48.867783,2.313905,11,4,3
202100031620,145Â 233,A01,1,1,1,1,2,6,-1,-1, -1,-1,2021,64.0,2,1,0,2,1,2,1,,3,180,0,,2,2,0,1,0,0,1,, -1,1,0,1,50,30,6,2021,20:30,1,92,92033,2,1,0,2,PORTE JAUNE,48.842424024,2.1990063787,20,2,2
202100042137,126Â 308,A01,1,1,1,5,1,0,-1,0,0,-1,2021,31.0,1,2,14,0,1,1,1,,3,D84,0,,2,2,0,2,12,550,1,, -1,1,0,1,80,30,4,2021,16:40,1,2,2084,1,1,0,7,Rue de Marigny,49.013576,3.229659,16,1,1
202100009651,184Â 457,A01,1,1,2,1,1,0,-1,-1, -1,-1,2021,21.0,3,2,0,2,3,15,1,,3,920,0,,3,5,0,1,0,0,2,, -1,2,5,1,50,3,11,2021,05:51,5,92,92007,2,1,1,3,BRIAND (AVENUE ARISTIDE) NÂ° 162 A 300,48.79091,2.31976,5,2,2
202100042405,125Â 833,A01,1,1,1,0,2,-1,-1,0,0,-1,2021,48.0,1,1,0,2,1,1,1,,2,,-1,,2,2,0,1,(1),(1),1,, -1,1,0,1,70,28,4,2021,14:10,1,976,97607,1,1,0,1,Ironi Be,-12.835109,45.18769,14,2,2
202100055907,101Â 942,B01,7,2,2,0,8,0,-1,0,0,-1,2021,2.0,1,3,0,2,3,1,1,2.0,7,CHATEAUBRIAND (RUE),0,,3,4,0,1,(1),(1),1,, -1,2,5,1,50,7,1,2021,13:55,1,63,63113,2,6,0,3,CHATEAUBRIAND (RUE),45.7892,3.0807,13,3,2
202100023695,159Â 262,A01,1,1,2,0,1,8,-1,-1, -1,-1,2021,54.0,2,2,0,2,1,2,1,,3,BLANC AVENUE ROSETTE,0,,2,2,0,2,1,540,4,, -1,1,0,1,70,16,8,2021,18:12,1,66,66136,1,1,0,2,BLANC AVENUE ROSETTE,42.69942,2.91671,18,2,2
202100025472,156Â 135,B01,1,1,1,5,8,0,-1,-1, -1,-1,2021,7.0,3,1,0,2,8,5,5,,4,CANAL PROMENADE,0,,1,1,0,2,1,0,2,, -1,9,0,1,50,5,8,2021,08:00,1,11,11069,2,1,0,6,CANAL PROMENADE,43.21763,2.34933,8,2,2
202100000968,200Â 024,B01,1,1,1,0,8,0,-1,-1, -1,-1,2021,32.0,2,1,0,2,1,17,1,,3,RAVINE VILAINE (CHEMIN DEPARTEMENTAL DE),0,,-1,-1,0,1,0,0,1,, -1,1,0,1,50,28,12,2021,06:38,1,972,97209,2,1,0,3,RAVINE VILAINE (CHEMIN DEPARTEMENTAL DE),14.63345,-61.05967,6,3,2
202100028714,150Â 393,A01,1,1,1,5,2,-1,-1,0,0,-1,2021,51.0,1,1,0,2,2,17,1,,3,137,0,,3,4,0,1,68,250,1,, -1,1,0,1,110,16,7,2021,16:55,1,35,35317,1,1,0,3,D137,48.271487,-1.784225,16,2,2
202100018807,168Â 027,A01,1,1,1,4,2,8,-1,-1, -1,-1,2021,35.0,1,1,0,2,2,1,1,,3,MINIMES (AV DES),0,,2,2,0,1,1,0,1,, -1,2,0,1,50,15,9,2021,12:35,1,94,94067,2,1,1,3,Avenue des Minimes,48.84164,2.42715,12,2,2
202100048671,114Â 757,Z01,10,3,2,0,8,8,-1,1,3,1,2021,27.0,0,2,0,1,3,9,0,,4,KINET (ALLEE FERNAND),0,,-1,1,0,1,(1),(1),1,, -1,1,0,1,30,8,3,2021,10:25,1,51,51454,2,1,0,7,AllÃ©e Fernand Kinet,49.235469,4.021785,10,2,1
202100007931,187Â 564,A01,1,1,1,4,1,0,-1,-1, -1,-1,2021,48.0,1,5,0,2,4,2,1,,1,A50-Sens Marseille vers Aubagne,0,,1,1,0,1,3,200,1,, -1,1,0,1,50,16,11,2021,18:15,3,13,13210,1,1,0,2,A50-Sens Marseille vers Aubagne,43.28581,5.43093,18,2,2
202100032139,144Â 301,B01,1,1,1,9,2,0,-1,0,0,-1,2021,34.0,1,1,0,2,1,1,1,,4,BOULEVARD SOULT,0,,3,2,0,2,(1),(1),1,, -1,1,0,1,50,26,6,2021,11:30,1,75,75112,2,4,0,3,BOULEVARD SOULT,48.83891,2.408449,11,2,2
202100011502,181Â 163,B01,1,1,1,5,2,6,-1,0,0,-1,2021,16.0,1,1,0,2,1,15,1,,3,786,0,D,2,2,0,3,(1),(1),1,, -1,1,0,1,50,24,10,2021,10:00,1,22,22214,2,3,0,1,Kermanach,48.751174,-2.987208,10,2,2