Num_Acc,id_vehicule,num_veh,place,catu,sexe,trajet,secu1,secu2,secu3,locp,actp,etatp,year_acc,victim_age,senc,catv,obs,obsm,choc,manv,motor,occutc,catr,voie,v1,v2,circ,nbv,vosp,prof,pr,pr1,plan,lartpc,larrout,surf,infra,situ,vma,jour,mois,an,hrmn,lum,dep,com,agg_,int,atm,col,adr,lat,long,hour,nb_victim,nb_vehicules
202100013551,177Â 499,B01,1,1,1,1,2,6,0,0,0,-1,2021,32.0,3,1,0,2,3,17,1,,7,POMPIDOU GEORGES BOULEVARD,0,,2,2,0,1,(1),(1),1,, -1,1,0,1,50,13,10,2021,08:00,1,6,6123,2,1,0,5,POMPIDOU GEORGES BOULEVARD,43.673295,7.193374,8,3,3
202100013908,176Â 842,B01,2,1,1,0,1,0,-1,-1, -1,-1,2021,52.0,0,0,0,2,0,0,0,,3,180,0,,-1,2,0,1,0,0,1,, -1,1,0,1,50,11,10,2021,19:11,5,92,92064,2,3,0,1,CAMP CANADIEN,48.852899,2.205848,19,2,2
202100005187,192Â 504,A01,2,2,2,5,1,0,-1,-1, -1,-1,2021,59.0,1,2,0,2,4,2,1,,1,A50-Sens Marseille vers Aubagne,0,,-1,3,0,1,6,0,1,, -1,1,0,1,90,1,12,2021,15:43,1,13,13211,1,1,0,2,A50-Sens Marseille vers Aubagne,43.29467,5.46397,15,3,2
202100051824,109Â 070,B01,1,1,2,1,1,0,-1,0,0,-1,2021,45.0,1,2,0,2,4,23,1,,4,RUE DE SAINT QUENTIN,0,,1,2,0,2,(1),(1),1,, -1,5,0,1,50,10,2,2021,10:20,1,75,75110,2,2,1,2,RUE DE SAINT QUENTIN,48.878975,2.355756,10,2,2
202100050356,111Â 689,A01,1,1,2,0,1,5,-1,-1, -1,-1,2021,29.0,1,2,0,2,1,2,1,,3,SAVIPOL (ZI),0,,2,2,0,1,3,500,1,, -1,1,0,1,90,23,2,2021,14:13,1,10,10362,1,1,0,4,SAVIPOL (ZI),48.30058,4.01904,14,3,3
202100049483,113Â 304,A01,1,1,1,2,2,6,-1,-1, -1,-1,2021,17.0,3,1,0,2,1,5,1,,4,LYCEE CHEMIN DU,0,,2,2,1,2,(1),(1),4,, -1,1,-1,5,-1,2,3,2021,15:28,1,73,73008,2,1,0,3,LYCEE CHEMIN DU,45.6663776815,5.9116958418,15,2,2
202100019251,167Â 220,B01,1,1,1,5,2,6,9,0,0,-1,2021,59.0,1,1,0,2,3,1,1,,3,452,0,,2,2,0,1,1,400,4,, -1,1,0,1,80,13,9,2021,15:05,1,71,71112,1,1,0,1,D452,46.416589,4.569969,15,2,2
202100054515,104Â 331,B01,1,1,1,1,2,6,-1,0,0,-1,2021,38.0,2,1,0,2,6,1,1,,7,307,-1,,3,4,0,1,47,900,1,, -1,1,5,1,50,14,1,2021,09:40,1,69,69244,2,2,1,3,PARIS (DE) (RTE),45.764174,4.76907,9,2,2
202100020984,164Â 156,B01,2,2,1,0,1,0,-1,-1, -1,-1,2021,33.0,2,2,0,2,4,1,1,,1,AUTOROUTE A3,0,,3,8,0,1,1,0,1,, -1,1,0,1,90,3,9,2021,09:00,1,93,93006,1,1,0,2,AUTOROUTE A3,48.86719,2.42634,9,3,2
202100030054,148Â 063,A01,1,1,1,4,0,-1,-1,0,0,-1,2021,25.0,1,5,8,0,2,1,1,,3,188,0,,2,2,0,1,9,850,3,, -1,1,0,3,80,8,7,2021,18:50,1,44,44180,1,1,0,6,La cheneliÃ¨re - FREIGNE,47.533096,-1.11751,18,1,1
202100040421,129Â 361,A01,2,2,1,5,8,-1,-1,0,0,-1,2021,23.0,2,2,2,0,1,13,1,,3,30,0,,2,2,0,2,10,0,2,, -1,1,0,3,80,12,5,2021,03:30,3,57,57669,1,1,0,6,D30,49.136378,6.881218,3,2,1
202100021312,163Â 557,A01,10,3,1,0,0,-1,-1,1,3,1,2021,36.0,1,5,0,1,3,26,1,,4,JULES GUESDE (RUE),0,,1,1,2,2,1,0,1,, -1,1,0,1,30,2,9,2021,19:30,1,93,93048,2,1,1,6,Rue Jules Guesde,48.8628773349,2.4786400795,19,2,1
202100042033,126Â 491,B01,10,3,1,9,0,-1,-1,9,3,1,2021,23.0,3,2,0,1,2,26,1,,4,GANGES (ROUTE DE,0,,1,2,0,1,(1),(1),1,, -1,2,0,1,50,29,4,2021,00:30,5,34,34172,2,9,1,6,GANGES (ROUTE DE),43.63115,3.85413,0,2,1
202100053523,106Â 044,C01,1,1,2,5,1,-1,-1,0,0,-1,2021,27.0,2,2,0,0,3,1,1,,3,920,0,D,2,2,0,2,19,0,1,, -1,2,0,1,90,22,1,2021,18:20,3,15,15156,1,1,0,5,Rancilhac - PK 19 D920,44.824724,2.494411,18,4,4
202100051539,109Â 572,A01,1,1,1,0,1,5,-1,0,0,-1,2021,52.0,1,2,0,2,1,13,1,,2,164,0,N,2,2,0,1,95,0,1,, -1,2,0,1,80,15,2,2021,09:24,1,22,22061,1,1,1,1,ZA de Goperen,48.255177,-3.38484,9,2,2
202100052030,108Â 709,A01,10,3,2,1,0,-1,-1,9,3,1,2021,23.0,2,3,0,1,0,0,1,1.0,4,PASTE (BLD. DE),0,,-1,0,0,4,(1),(1),2,, -1,1,0,1,30,9,2,2021,12:16,1,7,7186,2,9,0,6,PASTE (BLD. DE),44.72583,4.59517,12,2,1
202100000454,200Â 896,A01,2,2,1,0,8,0,-1,-1, -1,-1,2021,20.0,3,2,9,0,2,14,1,,4,GUILHEM,0,,2,2,0,1,0,0,1,, -1,2,0,1,50,14,11,2021,07:05,4,64,64445,2,1,1,7,GUILHEM,43.3204047836,-0.3351634741,7,2,1
202100051457,109Â 720,C01,10,3,2,0,0,-1,-1,1,9,2,2021,36.0,0,2,1,0,1,1,1,,3,RESISTANCE (RUE DE LA),0,,2,4,0,1,0,1,1,, -1,2,5,1,50,15,2,2021,20:45,5,93,93073,2,6,0,6,RESISTANCE (RUE DE LA),48.9472,2.56641,20,3,1
202100014826,175Â 205,A01,1,1,1,5,2,-1,-1,0,0,-1,2021,22.0,2,1,14,0,1,1,1,,3,10,0,D,2,2,0,1,0,0,1,, -1,1,9,1,50,29,7,2021,21:45,5,74,74242,1,1,0,7,route d'epagny,45.835243,6.15052,21,1,1
202100013649,177Â 314,A01,1,1,1,4,1,0,-1,-1, -1,-1,2021,47.0,2,4,15,0,1,13,1,,4,LE GUILLOUX (HENRI),0,,2,2,0,1,(1),(1),1,, -1,1,0,8,50,12,10,2021,08:30,1,35,35238,2,1,0,6,LE GUILLOUX (HENRI),48.11756,-1.69375,8,1,1
202100011143,181Â 815,B01,1,1,1,0,8,-1,-1,0,0,-1,2021,40.0,1,1,0,2,1,2,1,,3,712,0,D,2,2,0,1,0,0,1,, -1,2,0,1,50,24,10,2021,18:25,1,22,22020,2,1,1,2,7 Route de Rennes,48.315503,-2.25342,18,2,2
202100027845,151Â 943,A01,1,1,1,1,2,-1,-1,0,0,-1,2021,37.0,1,1,0,2,8,5,1,,2,211,-1,,2,2,0,2,(1),(1),3,, -1,1,0,1,50,21,7,2021,15:40,1,977,97701,2,1,0,1,"rt47, morne tourterelle",17.894155,-62.831519,15,3,2
202100025578,155Â 953,B01,2,2,1,3,1,5,-1,-1, -1,-1,2021,10.0,1,2,0,2,8,1,1,,2,QUATRE VOIES GILLOT (ROUTE A),0,,3,4,0,2,6,0,3,, -1,2,0,1,90,2,8,2021,14:30,1,974,97411,1,1,1,3,QUATRE VOIES GILLOT (ROUTE A),-20.8889,55.5005,14,3,2
202100052257,108Â 296,A01,1,1,2,2,1,-1,-1,0,0,-1,2021,66.0,1,2,0,2,5,17,1,,3,83,0,,3,4,0,1,20,400,1,, -1,2,0,1,110,8,2,2021,08:14,1,68,68315,1,1,1,4,Route DÃ©partementale 83,47.885557,7.254667,8,4,4
202100039021,131Â 894,A01,7,2,2,5,8,-1,-1,0,0,-1,2021,19.0,1,2,9,2,7,1,1,,3,933,0,,2,1,0,2,55,400,1,, -1,2,5,1,50,21,5,2021,21:15,5,1,1263,2,2,1,3,INTERSECTION D27/D933,46.07984,4.769247,21,4,2
202100021945,162Â 399,A01,1,1,1,5,1,0,-1,0,0,-1,2021,36.0,1,2,4,2,1,13,6,,4,ECHANGEUR ORLEANS,0,,1,2,0,1,(1),(1),1,, -1,1,0,1,50,28,8,2021,21:25,5,75,75114,2,4,0,4,ECHANGEUR ORLEANS,48.8195300289,2.3284015059,21,4,3
202100007898,187Â 620,A01,1,1,1,5,1,-1,-1,0,0,-1,2021,26.0,2,2,13,0,1,14,1,,2,10,-1,,3,2,0,2,96,600,1,,7,1,0,3,110,14,11,2021,01:45,3,86,86039,1,1,0,7,N10,46.242809,0.165932,1,1,1
202100020625,164Â 759,A01,2,2,2,5,2,6,-1,0,0,-1,2021,19.0,2,1,0,2,1,17,1,,3,150,-1,,2,2,0,2,5,800,3,, -1,1,0,1,80,7,9,2021,15:20,1,29,29049,1,1,0,5,D150 - Lieu Dit Kervestou,48.029456,-3.901241,15,4,3
202100039035,131Â 873,A01,1,1,1,9,2,6,-1,0,0,-1,2021,21.0,3,1,13,0,0,21,1,,9,254,0,,2,1,0,1,(1),(1),4,, -1,2,0,3,80,22,5,2021,03:45,3,58,58124,1,1,0,6,D.254,47.085764,3.050224,3,1,1
202100028115,151Â 448,A01,1,1,1,5,8,0,-1,-1, -1,-1,2021,32.0,1,1,0,2,1,15,5,,4,CHARLES DE GAULLE,0,,2,0,0,1,0,0,1,, -1,1,0,1,50,19,7,2021,09:05,1,64,64348,2,1,0,3,CHARLES DE GAULLE,43.3069036134,-0.4051047564,9,2,2
202100025281,156Â 466,B01,1,1,1,5,1,0,-1,-1, -1,-1,2021,23.0,2,2,0,2,3,1,1,,4,MORTINS (Route des),0,,2,2,0,1,0,0,1,, -1,1,0,1,50,4,8,2021,13:25,1,49,49328,1,1,0,1,MORTINS (Route des),47.27581,-0.13122,13,2,2
202100049896,112Â 549,A01,1,1,1,0,8,0,-1,-1, -1,-1,2021,27.0,2,1,0,2,1,1,1,,4,NATIONAL (BOULEVARD),0,,2,2,0,1,0,0,1,, -1,2,0,1,50,27,2,2021,18:30,5,13,13203,2,1,1,2,NATIONAL (BOULEVARD),43.3087872657,5.3806800346,18,2,2
202100017896,169Â 633,B01,1,1,1,4,1,0,-1,-1, -1,-1,2021,45.0,2,2,0,2,4,23,1,,3,908,0,,2,2,0,1,0,0,1,, -1,1,0,1,50,20,9,2021,13:00,1,92,92035,2,2,1,2,RÃ©publique ( boulevard de la ),48.9063381299,2.2486996651,13,4,2
202100052139,108Â 513,A01,1,1,1,1,2,8,-1,0,0,-1,2021,54.0,1,1,0,2,1,1,5,,4,QUAI DE LA SEINE,0,,2,2,1,1,(1),(1),1,, -1,1,-1,5,30,8,2,2021,10:35,1,75,75119,2,3,0,3,QUAI DE LA SEINE,48.885326,2.37183,10,2,2
202100048901,114Â 348,B01,1,1,2,5,1,-1,-1,0,0,-1,2021,41.0,1,2,0,2,4,2,1,,4,,-1,,2,2,0,1,(1),(1),1,, -1,1,0,1,50,7,3,2021,17:45,2,974,97402,2,3,0,2,Rue Francois Rolland,-21.002591,55.693163,17,2,2
202100013025,178Â 467,A01,1,1,1,0,2,6,-1,-1, -1,-1,2021,30.0,3,1,0,2,1,19,1,,7,AMBROISE CROIZAT                    (BD),0,,1,3,0,1,2,0,1,, -1,1,0,1,50,14,10,2021,16:10,1,69,69259,2,2,0,3,EMILE ZOLA (R),45.70314,4.88744,16,2,2
202100046921,117Â 904,B01,1,1,1,0,2,0,-1,-1, -1,-1,2021,36.0,0,1,0,2,1,1,1,,7,AV JEAN CHAUBET,0,,3,4,0,1,37,569,1,, -1,1,0,1,50,23,3,2021,20:40,5,31,31555,2,3,0,3,AV JEAN CHAUBET,43.60525,1.47993,20,2,2
202100022209,161Â 947,A01,10,3,2,0,0,-1,-1,4,3,1,2021,75.0,2,2,0,1,1,26,2,,4,FONDERIE (RUE DE LA),0,,2,2,0,1,0,0,2,, -1,1,0,1,50,26,8,2021,13:15,1,72,72181,2,1,0,6,FONDERIE (RUE DE LA),48.00658,0.18915,13,2,1
202100010037,183Â 756,A01,1,1,1,5,2,6,-1,0,0,-1,2021,59.0,1,1,0,2,1,3,1,,4,PORTE DE CLIGNANCOURT,0,,1,4,0,1,22,400,1,, -1,2,0,1,70,31,10,2021,12:15,1,75,75118,2,1,0,2,PORTE DE CLIGNANCOURT,48.901041,2.350764,12,2,2
202100049546,113Â 193,B01,1,1,1,5,2,6,-1,-1, -1,-1,2021,18.0,3,1,0,2,8,1,1,,4,FELIX FAURE (RUE),0,,2,2,0,1,0,0,1,, -1,1,0,1,50,2,3,2021,14:20,1,92,92025,2,2,0,3,FELIX FAURE (RUE),48.9147757248,2.2550216317,14,2,2
202100037663,134Â 336,B01,1,1,1,1,2,6,-1,0,0,-1,2021,18.0,3,1,0,2,1,1,1,,4,,-1,,2,2,0,1,(1),(1),1,,"4,5",1,0,1,50,30,5,2021,07:00,1,29,29259,1,1,0,1,Route de Keradennec,48.695974,-4.007649,7,3,2
202100052727,107Â 486,A01,1,1,1,1,1,-1,-1,0,0,-1,2021,51.0,2,2,0,2,3,0,1,,3,6,0,D,2,2,0,2,(1),(1),4,, -1,2,0,1,50,3,2,2021,07:15,2,8,8391,2,1,1,1,8 Rue Carnot,49.736842,4.926518,7,2,2
202100039424,131Â 131,A01,1,1,1,0,1,8,-1,-1, -1,-1,2021,27.0,2,5,0,2,2,1,1,,3,20,0,,3,4,0,1,32,400,1,, -1,2,0,1,90,17,5,2021,14:45,1,91,91433,1,1,0,6,R.D.20,48.47007,2.1853,14,2,1
202100050862,110Â 763,B01,1,1,1,4,1,0,-1,0,0,-1,2021,51.0,2,2,0,2,4,2,1,,4,SEBASTIANU COSTA BD,0,,-1,4,0,1,(1),(1),1,, -1,1,0,1,50,19,2,2021,11:42,1,201,201004,2,1,0,2,SEBASTIANU COSTA BD,41.9390778578,8.7423206139,11,2,2
202100008357,186Â 791,A01,10,3,1,0,0,-1,-1,3,3,2,2021,5.0,1,0,0,1,2,26,0,,4,PASTEUR (BD),0,,2,2,0,1,(1),(1),1,, -1,2,0,1,30,12,11,2021,13:20,1,6,6088,2,1,1,6,PASTEUR (BD),43.714164,7.279941,13,2,1
202100018771,168Â 087,B01,1,1,1,1,2,8,-1,-1, -1,-1,2021,27.0,2,1,0,2,7,1,1,,7,VOIE DE LA LIBERTE,0,,3,4,0,1,47,764,1,, -1,1,5,1,50,15,9,2021,08:30,1,35,35055,1,6,0,3,RD 173,48.07781,-1.6324,8,2,2
202100043064,124Â 699,A01,1,1,1,1,2,0,-1,-1, -1,-1,2021,42.0,2,1,1,2,8,17,5,,4,AV DU BAC,0,,2,2,0,1,1,0,1,, -1,1,0,1,30,22,4,2021,13:45,1,94,94068,2,1,0,7,BAC (AV DU),48.794887,2.510482,13,2,2
202100032518,143Â 640,A01,1,1,1,5,2,6,-1,0,0,-1,2021,49.0,2,1,14,0,1,14,1,,4,AVENUE DE LA PORTE DE VINCENNES,0,,2,6,3,1,(1),(1),1,, -1,1,0,1,50,24,6,2021,00:20,5,75,75112,2,1,0,6,AVENUE DE LA PORTE DE VINCENNES,48.846904,2.412017,0,1,1
202100047270,117Â 267,A01,1,1,1,4,2,6,-1,-1, -1,-1,2021,41.0,1,1,0,2,7,25,1,,4,,0,,1,1,1,1,0,0,1,, -1,1,0,4,50,20,3,2021,08:40,1,92,92012,2,1,0,3,AGUESSEAU (RUE D') 1/89 - 2/82,48.8440592348,2.2364607453,8,2,2
202100030707,146Â 869,A01,1,1,2,5,1,1,-1,0,0,-1,2021,76.0,2,2,0,2,1,13,1,,4,VOIE DE DEGAGEMENT EST,0,,2,2,0,1,0,0,3,, -1,1,0,1,50,29,6,2021,13:20,1,988,98818,2,1,0,5,VOIE DE DEGAGEMENT EST,-22.28014,166.46564,13,3,3
202100008746,186Â 102,B01,1,1,2,9,8,0,-1,0,0,-1,2021,22.0,1,1,0,2,7,1,3,,4,RUE DE MENILMONTANT,0,,2,2,0,1,(1),(1),1,, -1,1,0,1,30,9,11,2021,17:00,2,75,75120,2,1,0,6,RUE DE MENILMONTANT,48.870353,2.397893,17,2,2
202100027228,153Â 050,B01,1,1,1,5,2,6,-1,0,0,-1,2021,32.0,0,1,0,2,1,1,1,,4,COURS LA REINE,0,,1,2,0,1,(1),(1),1,, -1,2,0,1,50,24,7,2021,20:10,1,75,75108,2,2,1,3,COURS LA REINE,48.864679,2.313656,20,2,2
202100032832,143Â 091,B01,1,1,1,0,1,0,-1,-1, -1,-1,2021,48.0,2,2,0,2,6,1,1,,7,SALINS ( ROUTE DES VIEUX),0,,2,2,0,1,41,350,1,, -1,2,0,1,70,20,6,2021,12:15,1,83,83069,1,1,1,5,SALINS ( ROUTE DES VIEUX),43.1209867891,6.1859464645,12,6,3
202100049630,113Â 029,A01,1,1,1,5,2,8,-1,-1, -1,-1,2021,63.0,1,1,0,2,0,1,5,,4,CHIQUITO DE CAMBO (RUE),0,,2,1,0,2,0,0,3,, -1,1,0,1,50,1,3,2021,16:55,1,64,64122,2,1,0,7,CHIQUITO DE CAMBO (RUE),43.45763,-1.55307,16,1,1
202100051407,109Â 797,A01,1,1,1,0,1,-1,-1,0,0,-1,2021,41.0,0,2,0,2,5,15,1,,4,EUROPE (AVENUE DE L'),0,,2,4,0,1,(1),(1),1,, -1,1,0,1,50,11,2,2021,08:15,1,80,80021,2,1,0,3,EUROPE (AVENUE DE L'),49.9123220425,2.3026732988,8,2,2
202100040429,129Â 345,A01,1,1,1,5,1,-1,-1,-1,0,-1,2021,48.0,1,2,3,2,1,18,1,,1,AUTOROUTE A115,0,,1,2,0,1,0,400,3,, -1,1,0,1,70,11,5,2021,20:40,2,95,95582,1,1,0,2, A115,48.9758416468,2.2423267365,20,2,2
202100009451,184Â 808,A01,10,3,2,0,0,-1,-1,3,3,1,2021,60.0,1,2,0,1,1,1,1,,7,DIX NEUF MARS 1962 (AVENUE DU),0,,2,2,0,2,(1),(1),1,, -1,1,6,1,50,4,11,2021,09:10,1,13,13005,2,1,0,6,DIX NEUF MARS 1962 (AVENUE DU),43.2879323812,5.5721860209,9,2,1
202100026825,153Â 772,B01,1,1,1,5,2,-1,-1,-1, -1,-1,2021,48.0,1,1,0,2,1,1,1,,4,AVE JEAN CORDIER,0,,2,2,2,1,(1),(1),1,, -1,1,0,1,30,27,7,2021,11:50,1,33,33318,2,2,0,3,Avenue Jean Cordier,44.81142,-0.6246,11,2,2
202100010611,182Â 766,A01,1,1,1,5,0,-1,-1,0,0,-1,2021,38.0,1,2,13,0,5,1,1,,3,906,-1,,2,2,0,1,(1),(1),1,, -1,1,0,3,-1,28,10,2021,21:45,3,63,63291,1,9,0,6,D906,45.950462,3.480473,21,1,1
202100006900,189Â 438,A01,10,3,1,0,0,-1,-1,3,3,1,2021,61.0,2,2,0,1,3,1,1,,3,ROCHEFORT (DE)  (AVENUE),0,,2,2,0,1,39,502,1,, -1,1,0,1,50,19,11,2021,17:45,2,17,17306,2,1,0,6,ROCHEFORT (DE)  (AVENUE),45.64312,-1.02479,17,2,1
202100039803,130Â 434,B01,2,2,2,5,1,0,-1,-1, -1,-1,2021,55.0,1,2,0,2,3,2,1,,4,HENON                               (R ),0,,2,2,0,1,(1),(1),1,, -1,2,0,1,50,15,5,2021,19:00,1,69,69384,2,2,1,1,HENON (R),45.7796,4.8208,19,3,2
202100044239,122Â 590,A01,1,1,2,0,0,-1,-1,-1, -1,-1,2021,14.0,1,1,0,2,8,26,3,,4,DOCTEUR MOUISSET (DU)               (R ),0,,1,1,1,1,(1),(1),1,, -1,1,0,1,50,12,4,2021,16:00,1,69,69386,2,9,0,6,DOCTEUR MOUISSET (R),45.771303,4.842401,16,2,1
202100039181,131Â 589,A01,1,1,2,3,1,-1,-1,0,0,-1,2021,80.0,2,2,2,0,1,1,1,,3,775,0,D,2,2,0,1,29,1,1,, -1,1,0,3,80,20,5,2021,12:15,1,56,56184,1,1,0,6,Avenue de Bocquenay,47.683733,-2.44323,12,1,1
202100034389,140Â 270,B01,1,1,2,5,1,-1,-1,0,0,-1,2021,38.0,2,2,0,2,1,17,1,,3,83,0,,3,4,0,1,26,700,1,, -1,1,9,1,110,9,6,2021,18:45,1,68,68287,1,1,0,1,D83,47.934935,7.277292,18,2,2
202100039344,131Â 273,A01,1,1,1,5,1,-1,-1,0,0,-1,2021,36.0,1,2,8,0,1,1,1,,4,,-1,,2,2,0,2,(1),(1),1,, -1,1,0,1,80,19,5,2021,21:13,2,56,56178,1,1,0,6,Rue de Kerficelle,48.066981,-2.993774,21,1,1
202100014465,175Â 847,B01,1,1,1,0,2,-1,-1,0,0,-1,2021,57.0,1,1,0,2,1,0,1,,3,966,-1,,2,2,0,1,4,900,1,, -1,1,0,1,90,9,10,2021,14:30,1,51,51183,1,1,0,3,D966,49.311205,4.023271,14,4,2
202100020461,165Â 061,A01,1,1,1,0,2,0,-1,-1, -1,-1,2021,37.0,2,1,0,2,1,19,1,,4,SARRAZINS RUE,0,,1,0,0,1,(1),(1),1,, -1,1,0,1,50,18,5,2021,20:00,1,59,59350,2,2,0,3,MARCHE RUE DU,50.62588,3.05163,20,2,2
202100002262,197Â 740,A01,10,3,1,5,0,-1,-1,1,3,1,2021,72.0,1,5,0,1,3,15,1,,4,INDUSTRIE (RUE DE L'),0,,2,1,0,1,(1),(1),1,, -1,1,0,1,50,17,12,2021,12:00,1,7,7019,2,1,0,6,INDUSTRIE (RUE DE L'),44.61866,4.3893,12,2,1
202100041424,127Â 560,A01,10,3,1,5,0,-1,-1,1,3,1,2021,78.0,1,2,0,1,4,20,1,,4,,0,,1,1,0,1,0,0,1,, -1,1,0,1,50,4,5,2021,08:10,1,92,92063,2,1,1,6,ALBERT 1ER (AVENUE),48.8853465392,2.1722025036,8,2,1
202100002479,197Â 339,B01,1,1,1,0,2,0,-1,-1, -1,-1,2021,18.0,2,1,0,2,1,3,1,,4,PONT (CHEM. DU),0,,-1,2,0,1,0,0,1,, -1,2,0,1,50,17,12,2021,00:10,5,93,93010,2,9,1,1,PONT (CHEM. DU),48.9081363664,2.4896606701,0,2,2
202100013442,177Â 707,A01,1,1,1,1,2,6,9,0,0,-1,2021,16.0,2,1,12,0,2,1,1,,3,1089,0,D,2,2,0,1,32,125,2,, -1,1,0,4,50,13,10,2021,17:10,1,42,42019,2,1,0,6,10 Rue de Clermont,45.747585,4.000799,17,1,1
202100019090,167Â 521,B01,1,1,1,5,8,-1,-1,0,0,-1,2021,23.0,2,1,0,2,1,1,5,,3,71,0,,2,2,0,2,0,274,1,,4,2,0,1,50,15,9,2021,10:05,1,1,1249,2,2,0,3,Rue Joseph Carre,45.826844,4.952951,10,2,2
202100011403,181Â 339,A01,2,2,2,-1,1,0,0,0,0,-1,2021,82.0,3,2,0,2,1,1,1,,3,RD33,0,,2,2,0,1,1,0,1,, -1,1,0,1,80,23,10,2021,09:25,1,11,11069,1,1,0,2,RD33,43.2337,2.2659,9,3,2
202100017182,170Â 923,B01,1,1,1,0,2,6,-1,0,0,-1,2021,17.0,0,1,0,2,2,1,1,,3,468,-1,,3,2,0,1,(1),(1),1,, -1,2,0,1,50,11,9,2021,13:45,1,67,67106,2,1,1,3,Route de Herrlisheim,48.754403,7.943587,13,2,2
202100049971,112Â 430,A01,1,1,1,0,8,-1,-1,0,0,-1,2021,35.0,1,2,6,0,1,1,1,,7,41,-1,,2,2,0,1,(1),(1),1,, -1,1,0,4,50,28,2,2021,02:00,5,59,59011,2,1,0,6,127 Route de Don,50.535625,2.925322,2,1,1
202100011560,181Â 059,A01,10,3,2,5,0,-1,-1,4,3,1,2021,59.0,1,2,0,1,1,1,1,,4,DESNOYE (BOULEVARD DR. JOSEPH),0,,2,4,0,1,0,0,1,, -1,1,0,1,50,22,10,2021,12:04,1,66,66136,2,1,0,6,DESNOYE (BOULEVARD DR. JOSEPH),42.71567,2.88788,12,2,1
202100050640,111Â 168,B01,1,1,1,0,0,-1,-1,0,0,-1,2021,18.0,0,1,0,2,1,1,6,,4,VC,0,,2,2,0,1,(1),(1),1,, -1,1,0,1,50,20,2,2021,17:45,5,67,67230,2,2,0,3,Rue des Chasseurs,48.7911836909,7.8289377391,17,2,2
202100024868,157Â 208,B01,2,2,1,5,1,-1,-1,0,0,-1,2021,18.0,1,2,0,2,4,2,1,,3,BORDEAUX (ROUTE DE) CD 935,0,,2,2,0,1,40,284,1,, -1,1,0,1,70,8,8,2021,17:41,1,65,65100,1,1,0,2,BORDEAUX (ROUTE DE) CD 935,43.2600445613,0.0718080997,17,5,2
202100046676,118Â 340,A01,1,1,1,0,1,-1,-1,0,0,-1,2021,67.0,1,2,0,2,3,15,1,,3,23,-1,,2,2,0,1,23,600,3,, -1,1,0,1,70,25,3,2021,07:00,1,83,83097,1,1,0,3,Intersection D23 Route de TRETS / Chemin des grosses Pierres,43.496322,5.72919,7,2,2
202100035449,138Â 346,C01,1,1,1,1,8,0,-1,-1, -1,-1,2021,32.0,1,2,12,0,3,1,1,,2,JAURES (BOULEVARD JEAN),0,,1,3,0,1,(1),(1),1,, -1,1,0,1,70,9,6,2021,23:00,5,974,97411,2,2,0,5,TOURETTE (RUE),-20.8884,55.4464,23,6,3
202100017054,171Â 142,A01,10,3,1,5,0,-1,-1,4,3,2,2021,4.0,2,2,0,1,7,1,1,,4,RUE BARON LE ROY,0,,2,2,0,1,(1),(1),1,, -1,1,0,1,30,25,9,2021,19:00,2,75,75112,2,2,0,6,RUE BARON LE ROY,48.835192,2.387347,19,2,1
202100028639,150Â 522,A01,3,2,2,5,8,0,-1,-1, -1,-1,2021,17.0,1,2,0,0,1,9,1,,4,MONTAIGNE AVENUE,0,,2,1,0,1,1,0,1,, -1,1,0,1,30,16,7,2021,20:54,1,49,49007,2,1,0,6,MONTAIGNE AVENUE,47.46612,-0.52122,20,3,1
202100052668,107Â 583,A01,1,1,1,1,8,-1,-1,-1, -1,-1,2021,31.0,2,1,0,0,0,26,5,,4,VESLE (RUE),0,,2,2,0,1,(1),(1),1,, -1,2,9,1,30,3,2,2021,17:26,1,51,51454,2,1,1,7,Rue de Vesle,49.2531166285,4.0278436128,17,1,1
202100056118,101Â 572,A01,1,1,1,1,1,-1,-1,0,0,-1,2021,19.0,1,2,6,2,8,17,1,,3,13,-1,,2,2,0,1,(1),(1),1,, -1,1,0,1,80,6,1,2021,07:30,2,22,22076,1,1,0,3,CD 13,48.545492,-2.391897,7,2,2
202100052325,108Â 186,Z01,10,3,1,3,0,-1,-1,4,3,1,2021,40.0,2,1,0,1,0,1,1,,4,RUE REGNAULT,0,,2,1,0,1,(1),(1),1,, -1,2,0,1,50,6,2,2021,17:18,1,75,75113,2,2,1,6,RUE REGNAULT,48.822914,2.36873,17,2,1
202100027213,153Â 073,A01,1,1,2,0,1,-1,-1,0, -1,-1,2021,78.0,1,2,13,0,1,19,1,,3,LE GUENNEC LOUIS BOULEVARD,0,,3,4,0,1,2,350,1,, -1,1,0,3,70,22,7,2021,23:36,3,29,29232,2,1,0,6,Boulevard Louis Le Guennec,47.9822,-4.1102,23,1,1
202100017283,170Â 759,A01,1,1,1,0,1,-1,-1,0,0,-1,2021,19.0,2,2,13,0,3,1,1,,3,30,-1,,2,2,0,1,14,350,1,, -1,2,0,1,80,25,9,2021,19:35,2,53,53243,1,1,0,7,D30,48.143597,-0.936563,19,1,1
202100035740,137Â 826,B01,1,1,1,0,8,0,-1,-1, -1,-1,2021,17.0,2,1,0,2,0,0,1,,3,RD 6113,0,,1,2,0,1,(1),(1),1,, -1,1,0,8,90,7,6,2021,05:15,3,11,11069,1,1,0,6,RD 6113,43.2045,2.4096,5,4,4