Num_Acc,id_vehicule,num_veh,place,catu,sexe,trajet,secu1,secu2,secu3,locp,actp,etatp,year_acc,victim_age,senc,catv,obs,obsm,choc,manv,motor,occutc,catr,voie,v1,v2,circ,nbv,vosp,prof,pr,pr1,plan,lartpc,larrout,surf,infra,situ,vma,jour,mois,an,hrmn,lum,dep,com,agg_,int,atm,col,adr,lat,long,hour,nb_victim,nb_vehicules
202100002858,196Â 669,B01,1,1,1,0,1,-1,-1,0,0,-1,2021,35.0,1,2,3,2,4,14,1,,1,42,0,,-1,4,0,1,20,700,1,, -1,2,0,2,130,15,12,2021,19:55,3,1,1032,1,1,1,4,A42,45.860413,5.122955,19,4,4
202100036866,135Â 800,A01,10,3,1,1,0,-1,-1,1,3,1,2021,62.0,1,2,0,1,4,20,0,,4,RENARD (RUE EDOUARD),0,,2,2,0,1,80,0,1,, -1,1,0,8,50,2,6,2021,08:20,1,93,93008,2,1,0,6,RENARD (RUE EDOUARD),48.91533,2.41335,8,2,1
202100025240,156Â 541,A01,1,1,1,5,2,6,-1,-1, -1,-1,2021,27.0,1,1,0,2,1,1,1,,1,A4,0,,1,5,0,1,7,0,1,, -1,2,0,1,90,7,8,2021,21:45,3,94,94042,1,1,0,2,A4,48.8283679668,2.4755835633,21,2,2
202100056371,101Â 140,A01,1,1,2,4,0,-1,-1,0,0,-1,2021,28.0,3,2,16,0,0,13,1,,4,1,-1,,2,2,0,1,(1),(1),2,, -1,1,0,1,-1,3,1,2021,11:45,1,988,98809,1,1,0,7,RM1,-22.620013,167.447047,11,1,1
202100020584,164Â 839,A01,1,1,1,4,2,6,-1,-1, -1,-1,2021,16.0,3,1,0,2,1,26,0,,4,ESPACE LUMIERE-DELATTRE DE TASSIGNY,0,,1,2,0,1,0,0,1,, -1,1,0,1,50,6,9,2021,10:50,1,93,93031,2,1,0,2,ESPACE LUMIERE-DELATTRE DE TASSIGNY,48.95192,2.31314,10,2,2
202100012283,179Â 773,A01,1,1,1,5,1,-1,-1,0,0,-1,2021,23.0,1,2,13,0,1,1,1,,3,11,0,,2,2,0,1,65,400,4,,"5,5",1,0,3,80,17,10,2021,12:20,1,86,86112,1,1,0,6,D11,46.244235,0.691146,12,2,1
202100005927,191Â 197,A01,10,3,1,5,8,8,-1,3,3,1,2021,69.0,1,2,0,1,1,1,1,,4,Avenue du 14 Juillet 1789,0,,2,2,0,1,0,0,1,, -1,1,6,1,30,24,11,2021,18:24,5,57,57672,2,1,0,6,Avenue du 14 Juillet 1789,49.35783,6.13018,18,2,1
202100021277,163Â 622,A01,1,1,1,1,8,0,-1,-1, -1,-1,2021,51.0,2,1,0,2,8,19,5,,4,BROCARD (RUE),0,,2,2,0,1,(1),(1),1,, -1,1,0,5,50,1,9,2021,12:05,1,10,10387,2,6,0,1,BROCARD (RUE),48.3086,4.0691,12,2,2
202100014898,175Â 083,A01,1,1,1,0,2,6,-1,0,0,-1,2021,17.0,0,1,6,0,1,15,1,,4,,-1,,2,2,0,2,(1),(1),1,,4,2,0,1,50,7,10,2021,13:05,1,8,8222,2,3,1,7,42 rue de l'espÃ©rance,50.003188,4.71064,13,1,1
202100029615,148Â 850,B01,1,1,2,9,2,0,-1,0,0,-1,2021,40.0,1,1,0,2,8,1,5,,4,BOULEVARD DE MENILMONTANT,0,,3,2,1,1,(1),(1),1,, -1,1,0,5,30,9,7,2021,11:55,1,75,75120,2,3,0,3,BOULEVARD DE MENILMONTANT,48.866043,2.38402,11,2,2
202100039763,130Â 508,A01,10,3,2,5,0,-1,-1,2,3,2,2021,2.0,1,2,0,1,1,1,1,,2,1,0,N,2,2,0,1,255,800,1,, -1,1,0,1,50,17,5,2021,07:00,1,973,97311,2,1,0,6,1571 Avenue Gaston Monnerville,5.493384,-54.015784,7,3,1
202100039756,130Â 521,A01,1,1,1,1,0,-1,-1,0,0,-1,2021,39.0,2,6,0,0,0,1,1,,3,130,-1,,2,2,0,1,27,370,1,, -1,1,0,1,80,17,5,2021,16:40,1,17,17477,1,1,0,7,D130,45.988485,-0.144749,16,1,1
202100006617,189Â 962,B01,1,1,1,3,1,-1,-1,-1, -1,-1,2021,61.0,3,2,0,2,3,19,1,,4,JULES VERNE                         (R ),0,,2,2,0,1,(1),(1),1,, -1,1,0,8,50,23,11,2021,18:45,5,69,69290,1,2,0,3,JULES VERNE (R),45.70076,4.98138,18,2,2
202100047153,117Â 482,A01,1,1,1,5,2,-1,-1,0,0,-1,2021,58.0,3,1,0,0,0,1,5,,4,52,0,A,2,2,0,1,(1),(1),1,, -1,1,0,1,70,18,3,2021,14:30,1,56,56094,1,1,0,7,Lieu Dit le Braigno,47.796833,-3.244255,14,1,1
202100008693,186Â 197,A01,10,3,2,0,0,-1,-1,5,9,1,2021,40.0,0,2,0,1,3,20,1,,6,COMMUNE DE PARIS (AVENUE DE LA),0,,-1,-1,0,1,(1),(1),1,, -1,1,0,1,50,6,11,2021,18:10,5,80,80021,2,1,0,6,COMMUNE DE PARIS (AVENUE DE LA),49.91667,2.25596,18,2,1
202100038593,132Â 652,A01,2,2,2,0,1,0,-1,-1, -1,-1,2021,51.0,2,2,3,0,1,1,1,,1,AUTOROUTE A86,0,,3,6,0,1,19,200,2,, -1,1,1,1,90,24,5,2021,22:00,2,93,93029,1,1,0,6,AUTOROUTE A86,48.9249,2.4257,22,2,1
202100016852,171Â 498,A01,1,1,1,0,2,6,-1,-1, -1,-1,2021,21.0,3,1,0,2,1,2,1,,4,CHAMP DU VERGER (RUE DU),0,,2,2,0,1,0,0,1,, -1,1,0,1,50,24,9,2021,22:50,5,72,72003,2,1,0,3,CHAMP DU VERGER (RUE DU),47.9449743792,0.1588261125,22,2,2
202100015025,174Â 849,A01,10,3,1,5,8,8,-1,1,5,-1,2021,8.0,1,2,0,0,3,1,1,,4,GARE (CITE DE LA),0,,2,1,0,1,(1),(1),2,, -1,1,0,1,30,28,8,2021,18:30,1,62,62573,2,1,0,7,GARE (CITE DE LA),50.499886,2.892521,18,2,1
202100032460,143Â 758,A01,10,3,1,0,0,-1,-1,2,3,1,2021,3.0,3,3,0,1,1,26,2,1.0,4,BRUXELLES (RUE DE),0,,2,2,0,1,1,0,1,, -1,1,0,1,50,23,6,2021,18:15,1,90,90010,2,1,0,1,BRUXELLES (RUE DE),47.63374,6.84119,18,2,1
202100029925,148Â 312,B01,1,1,1,0,2,6,-1,-1, -1,-1,2021,28.0,2,1,0,2,7,1,1,,1,A7-Sens Marseille vers Lyon,0,,1,7,0,1,265,899,1,, -1,1,0,1,110,8,7,2021,08:45,1,13,13071,1,1,0,3,A7-Sens Marseille vers Lyon,43.40696,5.29044,8,2,2
202100010511,182Â 935,A01,10,3,1,5,0,-1,-1,2,3,1,2021,14.0,1,2,0,1,1,1,1,,4,SPAS (R),0,,2,2,0,1,(1),(1),1,, -1,1,0,1,30,9,10,2021,18:45,2,62,62523,2,1,0,6,SPAS (R),50.45342,2.851538,18,2,1
202100055817,102Â 099,A01,10,3,1,2,0,-1,-1,2,3,1,2021,10.0,3,2,0,1,3,1,1,,4,OLYMPIE BOULEVARD D',0,,2,2,0,1,(1),(1),1,, -1,1,0,1,30,5,1,2021,17:10,2,13,13063,2,9,0,6,OLYMPIE BOULEVARD D',43.59195,5.00209,17,2,1
202100031504,145Â 446,A01,2,2,2,5,2,6,-1,0,0,-1,2021,59.0,0,1,14,0,9,1,1,,3,118,-1,,2,2,0,2,(1),(1),3,, -1,9,0,1,30,1,7,2021,20:15,1,202,202248,2,1,0,6,d118,42.423412,9.163992,20,2,1
202100013008,178Â 495,A01,1,1,2,1,1,0,-1,-1, -1,-1,2021,41.0,2,2,0,2,3,2,1,,1,A47,0,,-1,6,0,1,14,500,1,, -1,1,0,1,90,12,10,2021,08:30,1,42,42186,1,1,0,2,A47,45.5385212267,4.639219619,8,2,2
202100022325,161Â 729,B01,1,1,1,9,2,6,-1,0,0,-1,2021,52.0,2,1,8,2,3,1,1,,3,44,-1,,2,2,0,2,8,640,1,, -1,1,0,1,90,21,8,2021,14:33,1,19,19202,1,3,0,3,Route de Venarsal,45.231473,1.596279,14,2,2
202100000078,201Â 613,B01,2,2,2,5,2,6,-1,-1, -1,-1,2021,14.0,2,1,0,2,3,15,1,,4,PICARDIE (AVENUE DE),0,,2,2,0,1,1,(1),1,, -1,1,0,1,50,23,12,2021,15:00,1,62,62826,2,4,0,3,PICARDIE (AVENUE DE),50.51751,1.60947,15,4,2
202100013075,178Â 370,B01,1,1,1,0,2,-1,-1,-1, -1,-1,2021,28.0,0,1,0,2,2,1,1,,4,PASTEUR (RUE),0,,2,2,0,1,(1),(1),1,, -1,1,0,1,50,13,10,2021,12:30,1,51,51573,2,1,0,3,Rue Pasteur,49.2484750555,4.0004509243,12,4,2
202100051351,109Â 886,B01,1,1,1,2,6,2,-1,0,0,-1,2021,16.0,2,1,0,2,0,1,1,,4,,-1,,-1,2,0,1,(1),(1),1,, -1,1,0,1,30,16,2,2021,17:20,1,14,14319,2,1,0,1,Route de Cormelles,49.14798,-0.288337,17,2,2
202100052388,108Â 069,A01,10,3,2,2,8,8,-1,3,3,1,2021,16.0,1,2,0,1,2,19,1,,4,LIBERTE (AVENUE DE LA),0,,3,2,0,1,0,0,1,, -1,1,6,1,30,5,2,2021,14:00,1,91,91549,2,9,0,6,LIBERTE (AVENUE DE LA),48.639584,2.349039,14,2,1
202100013029,178Â 460,B01,1,1,1,0,2,6,-1,-1, -1,-1,2021,43.0,1,1,0,2,1,17,1,,7,GENERAL LECLERC                     (AV),0,,2,2,3,2,0,200,1,, -1,1,0,1,50,15,10,2021,18:00,1,69,69034,2,9,0,3,GENERAL LECLERC (AV),45.7988476362,4.8523789644,18,2,2
202100055786,102Â 149,A01,1,1,1,0,2,0,-1,0,0,-1,2021,57.0,1,1,0,2,0,26,1,,7,,0,,1,2,0,1,(1),(1),1,, -1,1,0,1,30,8,1,2021,12:10,1,54,54395,2,2,0,4,MON DESERT (RUE),48.6845008996,6.1787205935,12,3,3
202100052947,107Â 078,D01,1,1,2,1,1,-1,-1,0,0,-1,2021,27.0,2,2,0,2,1,2,1,,1,43,-1,,3,4,0,3,53,950,1,, -1,2,0,1,110,1,2,2021,08:03,2,38,38377,1,1,1,4,A 43 pk 53.950,45.563576,5.495433,8,4,4
202100035263,138Â 669,A01,1,1,1,0,2,0,-1,-1, -1,-1,2021,17.0,2,1,0,2,1,1,1,,4,EUROPE (AVENUE DE L'),0,,2,2,0,1,(1),(1),1,, -1,1,0,1,50,9,6,2021,15:30,1,37,37261,2,2,0,6,EUROPE (AVENUE DE L'),47.4229082677,0.6857040524,15,2,2
202100009507,184Â 719,A01,1,1,1,5,8,-1,-1,0,0,-1,2021,32.0,2,2,15,0,7,13,1,,3,69,0, -,2,2,0,1,4,100,1,, -1,1,0,4,70,5,11,2021,03:10,5,19,19229,1,1,0,6,25 Avenue de la Marquisie,45.1578775938,1.4697529157,3,1,1
202100026180,154Â 900,B01,2,2,2,0,2,-1,-1,0,0,-1,2021,49.0,2,1,0,2,1,1,1,,3,901,0,D,2,2,0,1,15,550,3,, -1,1,0,1,80,31,7,2021,14:00,1,30,30134,1,1,0,1,D901,44.285967,4.465122,14,3,2
202100048302,115Â 417,B01,1,1,1,4,1,0,-1,-1, -1,-1,2021,30.0,1,2,0,2,7,1,1,,4,CHENNEVIERES (AV DE),0,,2,2,0,1,0,0,1,, -1,2,0,1,30,12,3,2021,15:50,1,94,94068,2,2,1,3,CHENNEVIERES (AV DE),48.7897796651,2.5149464607,15,2,2
202100004993,192Â 863,A01,10,3,1,2,0,-1,-1,5,5,1,2021,13.0,3,2,0,1,3,8,1,,4,,-1,,1,1,3,1,(1),(1),1,,4,2,9,6,30,3,12,2021,08:42,2,47,47157,2,1,1,6,Rue Jean Mermoz,44.499643,0.180802,8,2,1
202100008064,187Â 316,Z01,10,3,2,0,8,8,-1,2,3,1,2021,72.0,1,1,0,1,1,1,0,,4,"""PERI GABRIEL, NR 116 A 144 ET 135 A 149",0,,1,1,0,1,0,0,1,, -1,1,0,1,30,15,11,2021,17:50,5,93,93066,2,3,0,3,"""PERI GABRIEL, NR 116 A 144 ET 135 A 149",48.942766,2.356874,17,2,1
202100005198,192Â 481,B01,1,1,1,0,2,6,-1,-1, -1,-1,2021,24.0,2,1,0,2,1,3,1,,1,AUTOROUTE A86,0,,3,3,0,1,21,0,2,, -1,1,1,1,90,2,12,2021,17:30,3,93,93008,1,1,0,3,AUTOROUTE A86,48.91239,2.43786,17,2,2
202100046118,119Â 329,A01,10,3,1,0,0,-1,-1,5,3,1,2021,19.0,1,2,0,1,2,1,0,,4,JOUCHOUX RUE AUGUSTE,0,,2,2,0,1,(1),(1),1,, -1,1,0,1,50,29,3,2021,17:00,1,25,25056,2,1,0,6,JOUCHOUX RUE AUGUSTE,47.23725,5.98843,17,2,1
202100019298,167Â 139,A01,2,2,2,5,1,-1,-1,-1, -1,-1,2021,20.0,2,2,0,2,1,2,1,,1,AUTOROUTE A 63,0,,1,4,0,1,8,0,1,, -1,1,0,1,110,13,9,2021,17:40,1,33,33122,1,1,0,2,AUTOROUTE A 63,44.743325,-0.706232,17,3,2
202100006704,189Â 796,B01,1,1,1,0,2,8,-1,-1, -1,-1,2021,22.0,3,1,0,2,1,1,1,,4,CREISSEL (BOULEVARD DE),0,,1,2,0,1,(1),(1),1,, -1,1,9,1,50,19,11,2021,15:50,1,11,11262,2,3,0,3,CREISSEL (BOULEVARD DE),43.18048,3.03001,15,2,2
202100053515,106Â 058,A01,10,3,1,5,0,-1,-1,6,1,1,2021,28.0,2,5,0,1,7,1,1,,3,130,-1,,2,2,0,1,10,100,1,, -1,1,0,1,80,25,1,2021,17:15,1,78,78070,1,1,1,6,D130,48.916773,1.749618,17,2,1
202100012471,179Â 416,A01,10,3,2,3,0,-1,-1,3,3,1,2021,38.0,1,1,0,1,1,17,1,,3,AILES (ALLEE DES),0,,3,2,0,1,0,0,1,, -1,1,0,1,50,16,10,2021,18:15,1,3,3310,2,1,0,6,AILES (ALLEE DES),46.14268,3.4151,18,2,1
202100032286,144Â 049,A01,1,1,2,9,1,-1,-1,-1, -1,-1,2021,90.0,0,2,1,0,1,1,1,,6,LAGRUA (RUE),0,,-1,-1,1,1,(1),(1),1,, -1,1,0,1,30,25,6,2021,11:20,1,33,33529,1,1,0,6,Rue Lagrua,44.639924,-1.155005,11,1,1
202100015015,174Â 865,B01,1,1,1,5,2,6,-1,-1, -1,-1,2021,15.0,3,1,0,2,1,1,1,,4,BENEHARNUM DE,0,,2,1,0,1,0,0,1,, -1,1,0,1,50,4,10,2021,17:43,1,64,64335,2,1,0,3,BENEHARNUM DE,43.33062,-0.43524,17,2,2
202100028469,150Â 829,A01,1,1,1,5,0,8,-1,-1, -1,-1,2021,74.0,3,0,0,2,4,1,3,,4,MIRABEAU (PONT),0,,2,3,3,3,(1),(1),3,, -1,1,2,1,50,17,7,2021,08:40,1,37,37261,2,4,0,6,MIRABEAU (PONT),47.4027045961,0.7019689679,8,2,2
202100012191,179Â 928,B01,1,1,1,5,8,0,-1,-1, -1,-1,2021,28.0,2,1,0,2,1,1,5,,4,LIEPVRE (RUE DE),0,,1,2,1,1,0,0,1,, -1,1,0,1,30,18,10,2021,17:10,1,67,67482,2,1,0,1,LIEPVRE (RUE DE),48.569461,7.769103,17,2,2
202100055654,102Â 375,B01,2,2,2,5,2,8,-1,-1, -1,-1,2021,56.0,2,1,0,2,7,1,1,,3,MONTABO (ROUTE DE) 1,0,,2,2,0,1,2,500,1,, -1,2,0,1,50,9,1,2021,12:14,1,973,97302,2,1,1,2,MONTABO (ROUTE DE) 1,4.93804,-52.29912,12,3,2
202100019837,166Â 175,B01,1,1,1,4,2,8,-1,-1, -1,-1,2021,25.0,1,1,0,2,2,17,1,,4,ENTRAIDE (ROUTE DE L'),0,,2,1,0,2,0,0,1,, -1,1,0,1,50,9,9,2021,12:45,1,972,97209,2,1,0,3,ENTRAIDE (ROUTE DE L'),14.62316,-61.05547,12,2,2
202100043495,123Â 914,A01,10,3,2,5,0,-1,-1,1,3,1,2021,69.0,3,5,0,1,5,4,1,,4,,-1,,2,1,0,1,(1),(1),1,,3,1,0,1,50,20,4,2021,15:00,1,71,71157,2,1,0,6,Impasse des troenes,46.493769,5.379728,15,2,1
202100042330,125Â 959,A01,10,3,2,9,0,-1,-1,2,3,1,2021,49.0,1,1,0,1,1,1,1,,4,ROGER SALENGRO (AVENUE),0,,2,2,0,1,(1),(1),1,, -1,1,0,1,50,27,4,2021,22:30,4,13,13215,2,1,0,6,ROGER SALENGRO (AVENUE),43.32035,5.36745,22,2,1
202100026801,153Â 818,A01,1,1,1,0,2,0,-1,-1, -1,-1,2021,46.0,3,1,8,0,1,0,0,,4,TRESPOEY,0,,2,2,0,1,0,0,1,, -1,1,0,1,30,27,7,2021,01:20,5,64,64445,2,1,0,7,TRESPOEY,43.2988954314,-0.3493228555,1,1,1
202100047285,117Â 242,A01,1,1,1,0,2,9,-1,0,0,-1,2021,71.0,1,1,0,0,9,1,2,,3,174,0,,2,2,0,2,11,600,2,, -1,1,0,1,80,21,3,2021,16:00,1,32,32033,1,1,0,7,Antin,43.674949,0.30957,16,1,1
202100001699,198Â 751,B01,1,1,1,9,1,8,-1,-1, -1,-1,2021,48.0,3,2,0,2,3,15,1,,3,PREMIERE ARMEE FRANCAISE (AVENUE DE LA),0,,2,2,0,1,0,0,1,, -1,1,0,1,50,22,12,2021,21:20,5,90,90010,2,2,0,3,JAURES (AVENUE JEAN) A 150 ET 117,47.6545,6.8481,21,2,2
202100048389,115Â 264,A01,10,3,1,2,0,-1,-1,3,3,2,2021,5.0,0,5,0,1,1,1,1,,4,NICOLLE. RUE CHARLES,0,,2,2,0,1,(1),(1),1,, -1,1,0,1,30,9,3,2021,11:30,1,76,76575,2,3,0,6,Rue Charles Nicolle,49.39845,1.07823,11,2,1
202100026768,153Â 874,A01,10,3,1,9,0,-1,-1,1,4,1,2021,3.0,2,5,0,1,1,1,1,,4,RUE BILLAUDEL,0,,2,1,0,1,(1),(1),1,, -1,1,0,1,50,27,7,2021,18:15,1,33,33063,2,1,0,6,Rue Billaudel,44.825837,-0.564954,18,2,1
202100004450,193Â 810,A01,1,1,1,5,1,-1,-1,0,0,-1,2021,20.0,1,2,0,2,2,15,1,,3,562,0,,2,2,0,1,49,250,1,, -1,1,0,1,80,7,12,2021,18:45,3,83,83028,1,3,0,3,Jonction D225 et D562,43.572269,6.534306,18,2,2
202100035651,137Â 988,A01,1,1,1,1,2,6,-1,-1, -1,-1,2021,42.0,1,1,0,0,0,1,1,,1,AUTOROUTE A10,0,,3,3,0,1,5,500,1,, -1,1,0,1,90,9,6,2021,13:10,1,91,91136,1,1,0,7,AUTOROUTE A10,48.71448,2.27243,13,1,1
202100038943,132Â 020,A01,3,2,1,0,1,0,-1,-1, -1,-1,2021,9.0,1,2,0,2,1,1,1,,3,ROCADE OUEST (RD 610),0,,3,4,0,1,0,0,1,, -1,1,0,1,50,21,5,2021,17:43,1,10,10362,2,1,0,2,ROCADE OUEST (RD 610),48.2907,4.03584,17,4,2
202100006020,191Â 034,A01,10,3,1,0,0,-1,-1,3,3,1,2021,30.0,2,2,0,1,2,15,1,,3,1,0,,3,4,0,1,0,0,1,, -1,2,0,1,50,27,11,2021,21:00,5,92,92012,2,2,1,6,QUATRE SEPTEMBRE (QUAI DU),48.841233659,2.2253564,21,2,1
202100042430,125Â 778,A01,1,1,1,0,8,-1,-1,-1, -1,-1,2021,37.0,1,0,9,0,0,2,6,,4,ARLOING                             (QU),0,,2,2,1,1,(1),(1),1,, -1,1,0,5,50,26,4,2021,19:00,1,69,69389,2,9,0,6,ARLOING (Q),45.7718261702,4.8114752769,19,1,1
202100012056,180Â 161,A01,1,1,1,9,2,8,-1,-1, -1,-1,2021,19.0,2,1,1,0,1,26,1,,3,JEAN JAURES (AV),0,,2,2,0,1,0,0,1,, -1,1,0,1,50,20,10,2021,04:55,5,94,94081,2,9,0,3,Avenue Jean JaurÃ¨s,48.79317,2.39596,4,2,2
202100005864,191Â 310,B01,1,1,1,0,2,6,-1,0,0,-1,2021,30.0,3,1,0,2,8,15,1,,4,GENERAL DE GAULLE (AVENUE),0,,2,2,0,2,0,0,1,, -1,1,0,1,30,7,7,2021,17:05,1,14,14699,2,1,1,3,Avenue Charles de Gaulle,49.34989,0.10685,17,2,2
202100052234,108Â 338,A01,1,1,1,0,2,6,-1,-1, -1,-1,2021,20.0,3,1,0,2,1,1,1,,4,,0,,2,2,0,1,0,0,1,, -1,2,0,1,50,7,2,2021,12:00,1,92,92035,2,2,1,3,Jules Ferry ( rue ),48.9044899048,2.2361053526,12,2,2
202100021527,163Â 164,A01,1,1,1,0,2,6,-1,0,0,-1,2021,64.0,1,1,0,0,7,21,1,,3,985,-1,D,2,2,0,1,12,750,1,, -1,1,0,1,80,31,8,2021,18:52,1,58,58170,1,1,0,2,Route de Clamecy,47.336816,3.65952,18,2,2
202100003739,195Â 068,A01,2,2,2,5,8,0,-1,-1, -1,-1,2021,30.0,0,3,0,0,0,1,1,3.0,4,BONNEUIL (AV DE),0,,2,2,0,2,1,0,1,, -1,1,0,8,50,10,12,2021,15:50,1,94,94071,2,1,0,7,BONNEUIL (AV DE),48.76949,2.51066,15,3,1
202100007410,188Â 512,B01,2,2,2,0,1,-1,-1,0,0,-1,2021,29.0,3,2,7,0,8,19,1,,3,176,-1,,2,2,0,1,5,670,1,,"5,5",1,0,1,80,19,11,2021,17:40,1,78,78470,1,2,0,3,D176,48.578403,1.798746,17,5,2
202100040819,128Â 661,A01,1,1,1,5,2,-1,-1,0,0,-1,2021,37.0,2,1,0,2,1,2,1,,3,11,0,D,2,2,0,1,17,800,1,, -1,1,0,1,80,9,5,2021,17:00,1,53,53073,1,1,0,2,La GirardiÃ¨re,47.801241,-1.088488,17,3,2
202100053585,105Â 938,A01,1,1,1,5,1,8,-1,-1, -1,-1,2021,32.0,1,2,1,0,1,13,1,,4,Rue Pasteur,0,,2,2,0,1,(1),(1),1,, -1,2,0,1,50,24,1,2021,19:30,5,59,59654,2,1,1,6,PASTEUR (RUE),50.38698,3.11049,19,1,1
202100031496,145Â 457,A01,1,1,1,5,2,6,9,0,0,-1,2021,21.0,1,1,15,0,1,17,1,,2,5,0,N,2,1,0,1,19,0,1,, -1,1,0,1,80,2,7,2021,12:50,1,971,97116,1,4,0,3,Route du 13 Fevrier 1952,16.323661,-61.413429,12,2,2
202100006172,190Â 779,A01,1,1,1,5,1,-1,-1,0,0,-1,2021,20.0,1,2,0,0,0,21,1,,3,83,0,,3,4,0,1,31,100,1,, -1,1,0,3,110,21,11,2021,05:00,3,68,68287,1,1,0,7,Rouffach,47.968954,7.303073,5,4,1
202100045489,120Â 427,B01,1,1,1,5,1,-1,-1,0,0,-1,2021,57.0,1,2,0,2,3,1,1,,3,703,-1,,2,3,0,1,83,950,1,, -1,1,0,1,90,2,4,2021,16:15,1,24,24510,1,1,0,1,D703,44.836749,1.095774,16,4,2
202100014864,175Â 143,B01,1,1,2,0,1,8,-1,-1, -1,-1,2021,23.0,0,2,0,2,4,23,1,,4,FLAUBERT (RUE GUSTAVE),0,,2,0,0,1,0,0,1,, -1,1,0,1,50,3,9,2021,17:35,1,92,92063,2,2,0,2,FLAUBERT (RUE GUSTAVE),48.8692479892,2.2035634518,17,2,2
202100049952,112Â 461,B01,4,2,2,5,8,-1,-1,0,0,-1,2021,32.0,2,2,0,2,1,1,1,,1,63,0,A,3,4,0,1,12,700,1,, -1,1,0,1,130,28,2,2021,05:45,3,33,33122,1,1,0,2,,44.7126965714,-0.7463853351,5,4,2
202100053750,105Â 663,B01,1,1,1,1,2,0,-1,0,0,-1,2021,51.0,2,1,0,2,4,1,5,,4,QUAI D ORSAY,0,,2,4,1,1,(1),(1),1,, -1,1,-1,5,50,25,1,2021,09:50,1,75,75107,2,2,0,3,QUAI D ORSAY,48.86286,2.31345,9,2,2
202100027136,153Â 204,A01,2,2,2,5,1,-1,-1,0,0,-1,2021,42.0,1,2,13,0,1,13,1,,3,4,-1,,2,2,0,2,13,215,3,, -1,1,0,8,80,25,7,2021,22:35,3,64,64504,1,1,0,7,Col St Ignace,43.322212,-1.599498,22,2,1
202100024834,157Â 262,A01,1,1,1,0,1,0,-1,-1, -1,-1,2021,26.0,2,2,0,2,9,2,1,,1,AUTOROUTE A25,0,,3,2,0,1,2,0,2,, -1,1,0,1,70,8,8,2021,02:50,3,59,59350,1,1,0,6,AUTOROUTE A25,50.6165072925,3.0600022534,2,1,1
202100006741,189Â 734,B01,1,1,1,0,1,0,-1,-1, -1,-1,2021,50.0,2,1,0,2,1,1,1,,3,1,0,,2,4,0,1,0,0,1,, -1,9,0,1,50,21,11,2021,01:10,5,92,92024,2,2,0,3,CLICHY (QUAI DE) DE (8 A 60),48.90854,2.30013,1,2,2
202100041265,127Â 840,A01,10,3,1,0,8,8,-1,4,5,2,2021,10.0,3,2,0,1,1,2,1,,4,MOZART                              (R ),0,,1,1,0,1,(1),(1),1,, -1,1,0,1,50,5,5,2021,18:05,1,69,69290,2,2,0,6,MOZART (R),45.69393,4.93837,18,2,1
202100052209,108Â 387,A01,10,3,2,3,8,8,-1,3,3,1,2021,85.0,3,2,0,1,1,1,1,,4,PL HENRI BARBUSSE,0,,1,2,0,1,0,0,2,, -1,2,9,6,30,7,2,2021,11:35,1,91,91479,2,9,1,6,PL HENRI BARBUSSE,48.71281,2.3635,11,2,1
202100054931,103Â 624,B01,1,1,2,5,8,8,-1,-1, -1,-1,2021,49.0,3,1,0,2,8,19,0,,4,R DU FER A CHEVAL,0,,2,2,0,1,0,1,1,, -1,1,0,1,50,15,1,2021,13:15,1,94,94054,2,1,0,2,FER A CHEVAL (R DU),48.74384,2.40805,13,3,2
202100052975,107Â 024,B01,1,1,1,5,8,-1,-1,-1, -1,-1,2021,49.0,2,2,0,2,1,15,1,,4,AVE LENINE,0,,2,2,3,4,(1),(1),1,, -1,2,0,1,50,31,1,2021,18:45,5,33,33039,2,2,0,1,Avenue LÃ©nine,44.79694,-0.55592,18,2,2
202100000674,200Â 509,B01,1,1,1,0,2,6,-1,-1, -1,-1,2021,43.0,2,1,0,2,1,17,1,,7,QUICK (CD6),0,,2,5,1,2,0,0,2,, -1,1,0,1,80,11,6,2021,16:35,1,13,13071,1,1,0,3,QUICK (CD6),43.41292,5.33761,16,2,2
202100034053,140Â 891,B01,1,1,2,5,1,-1,-1,-1, -1,-1,2021,33.0,2,2,0,2,5,2,1,,4,CESSART (AVENUE DE),0,,3,4,1,1,0,0,1,, -1,1,5,1,50,15,6,2021,16:55,1,50,50129,2,3,0,4,CESSART (AVENUE DE),49.64439,-1.6316,16,3,3
202100031365,145Â 684,A01,2,2,1,5,1,-1,-1,0,0,-1,2021,21.0,2,2,13,0,9,13,1,,3,1,-1,,2,2,0,1,27,940,1,,7,1,0,3,80,3,7,2021,18:55,1,2,2719,1,1,0,6,route dÃ©partementale 1,49.587443,3.26317,18,3,1
202100037035,135Â 501,B01,1,1,1,1,1,8,-1,0,0,-1,2021,71.0,1,2,0,2,8,1,1,,4,PORTE DAUPHINE,0,,1,4,0,1,15,200,1,, -1,1,1,1,70,1,6,2021,10:45,1,75,75116,2,1,0,3,PORTE DAUPHINE,48.870483,2.272529,10,2,2
202100010704,182Â 593,B01,1,1,2,0,1,0,-1,-1, -1,-1,2021,66.0,3,2,0,2,3,1,1,,4,REPUBLIQUE (AVE DE LA) NÂ° 90 A LA FIN,0,,-1,2,0,1,0,1,1,, -1,1,0,1,50,24,10,2021,16:05,1,52,52448,2,1,0,3,REPUBLIQUE (AVE DE LA) NÂ° 90 A LA FIN,48.637698,4.939827,16,2,2