Num_Acc,id_vehicule,num_veh,place,catu,sexe,trajet,secu1,secu2,secu3,locp,actp,etatp,year_acc,victim_age,senc,catv,obs,obsm,choc,manv,motor,occutc,catr,voie,v1,v2,circ,nbv,vosp,prof,pr,pr1,plan,lartpc,larrout,surf,infra,situ,vma,jour,mois,an,hrmn,lum,dep,com,agg_,int,atm,col,adr,lat,long,hour,nb_victim,nb_vehicules
202100023791,159Â 099,B01,1,1,1,5,2,-1,-1,0,0,-1,2021,67.0,2,1,0,2,3,1,5,,3,740,0,,2,2,0,2,2,600,1,, -1,1,0,1,50,15,8,2021,10:10,1,45,45061,1,3,1,3,Avenue des Acacias,48.0378932619,2.7475909169,10,2,2
202100014843,175Â 178,A01,1,1,2,1,2,0,-1,0,0,-1,2021,52.0,1,1,0,4,1,19,5,,4,BOULEVARD JOURDAN,0,,3,2,3,1,(1),(1),1,, -1,1,-1,6,50,6,10,2021,09:05,1,75,75114,2,2,0,3,BOULEVARD JOURDAN,48.82137,2.334353,9,2,2
202100014169,176Â 366,B01,1,1,1,0,2,0,-1,-1, -1,-1,2021,29.0,1,1,0,2,1,1,1,,4,PLACE DELORME,0,,2,0,0,1,(1),(1),1,, -1,1,0,1,30,9,10,2021,14:30,1,44,44109,2,7,0,1,PLACE DELORME,47.21507,-1.56359,14,2,2
202100026572,154Â 205,A01,1,1,1,5,2,-1,-1,0,0,-1,2021,19.0,3,1,0,0,7,1,1,,4,,-1,,2,2,0,1,(1),(1),1,, -1,1,0,1,-1,30,7,2021,08:40,1,971,97110,1,1,0,7,chemin de la montagne,16.320737,-61.04403,8,1,1
202100049233,113Â 753,A01,1,1,1,0,2,6,-1,-1, -1,-1,2021,35.0,2,1,0,2,1,17,1,,3,LEMENC (BOULEVARD),0,,2,2,2,2,44,45,2,, -1,1,0,1,50,4,3,2021,11:10,1,73,73065,2,3,0,1,D991 LEMENC (BOULEVARD),45.57016,5.92435,11,3,2
202100030168,147Â 843,B01,1,1,1,4,1,8,-1,-1, -1,-1,2021,42.0,1,5,0,2,5,2,1,,7,HERRENSCHMIDT (AVENUE),0,,2,3,0,1,(1),(1),1,, -1,2,0,1,50,6,7,2021,18:30,1,67,67482,2,1,1,2,HERRENSCHMIDT (AVENUE),48.59888,7.75272,18,2,2
202100005796,191Â 431,A01,2,2,2,5,1,-1,-1,0,0,-1,2021,18.0,1,2,3,0,2,9,1,,2,176,0,N,2,2,0,1,5,800,1,, -1,1,0,1,110,28,11,2021,11:20,1,22,22190,1,1,0,6,RN 176 - PR : 05+800,48.518566,-2.038693,11,2,1
202100024157,158Â 480,A01,1,1,1,5,1,-1,-1,0,0,-1,2021,28.0,1,2,0,0,1,14,1,,3,118,0,D,2,2,0,2,5,800,3,, -1,1,0,8,80,14,8,2021,17:50,1,11,11079,1,1,0,7,D 118,43.403285872,2.2982668877,17,1,1
202100041726,127Â 027,A01,1,1,1,5,1,-1,-1,0,0,-1,2021,49.0,2,2,0,2,1,26,1,,1,a64,-1,,1,2,0,1,55,500,1,, -1,1,0,1,130,3,5,2021,16:00,1,64,64112,1,1,0,3,a64 pk 55.500,43.5114262489,-0.8906489611,16,2,2
202100034959,139Â 215,A01,1,1,1,2,2,8,-1,0,0,-1,2021,16.0,1,1,0,2,2,26,1,,4,SCHOELCHER (BOULEVARD VICTOR),0,,2,2,0,1,(1),(1),1,, -1,1,0,1,50,10,6,2021,10:00,1,71,71270,2,4,0,3,Boulevard Victor Schoelcher,46.314339,4.815564,10,2,2
202100056289,101Â 281,B01,2,2,1,0,1,0,-1,-1, -1,-1,2021,45.0,2,2,0,2,4,2,1,,3,"""LANDY RD 20, NR IMPAIRS 1 A 144""",0,,2,4,0,1,0,1,1,, -1,1,0,1,50,2,1,2021,18:15,5,93,93066,2,1,0,2,"""LANDY RD 20, NR IMPAIRS 1 A 144""",48.91534,2.35686,18,3,2
202100032931,142Â 898,A01,10,3,1,9,0,-1,-1,3,3,3,2021,12.0,1,2,0,1,1,1,1,,3,BOISSIERE (BOULEVARD DE LA),0,,2,2,0,1,1,0,1,, -1,2,0,1,50,22,6,2021,14:45,1,93,93048,2,1,1,6,Boulevard de la BoissiÃ¨re,48.877697,2.459917,14,2,1
202100020249,165Â 442,B01,1,1,1,5,8,6,-1,-1, -1,-1,2021,44.0,1,1,0,2,8,11,5,,3,D.306,0,,2,3,1,1,9,282,1,, -1,1,0,1,50,3,9,2021,18:05,1,77,77495,1,1,0,3,D306,48.56125,2.63366,18,2,2
202100040725,128Â 817,A01,1,1,1,4,1,8,-1,-1, -1,-1,2021,37.0,1,3,0,2,3,26,1,1.0,4,EUROPE (DE L')                      (AV),0,,2,2,0,1,(1),(1),1,, -1,1,0,1,50,7,5,2021,12:00,1,69,69286,2,1,0,3,EUROPE (DE L')                      (AV),45.81701,4.90017,12,2,2
202100054413,104Â 492,B01,1,1,1,0,2,-1,-1,-1, -1,-1,2021,25.0,2,1,0,2,1,0,1,,4,,0,,1,2,3,1,(1),(1),1,, -1,1,0,1,50,19,1,2021,08:45,1,69,69259,2,2,0,3,VIENNE (DE) (RTE),45.72908,4.85383,8,2,2
202100028279,151Â 147,B01,1,1,1,5,2,-1,-1,0,0,-1,2021,3.0,3,1,0,2,8,1,5,,4,ECANCOURT (BOULEVARD D'),0,,2,2,0,2,(1),(1),1,, -1,1,0,1,50,17,7,2021,19:13,1,95,95323,2,1,1,3,ECANCOURT (BOULEVARD D'),49.01085,2.04618,19,2,2
202100047049,117Â 673,A01,10,3,1,3,0,-1,-1,4,3,1,2021,89.0,1,2,0,1,2,1,1,,2,PLOMB DU CANTAL (AVENUE DU),0,,3,4,0,1,48,461,1,, -1,1,5,1,50,21,3,2021,08:45,1,15,15014,2,9,0,6,Avenue du Plomb du Cantal,44.91225,2.43686,8,2,1
202100046147,119Â 275,B01,1,1,1,5,2,8,-1,-1, -1,-1,2021,43.0,1,1,0,2,8,1,1,,3,MARECHAL DE LATTRE DE TASSIGNY (AV DU),0,,1,7,2,1,(1),(1),1,, -1,1,0,1,30,29,3,2021,19:30,1,94,94018,2,1,0,3,MARECHAL DE LATTRE DE TASSIGNY (AV DU),48.823178481,2.4198211174,19,2,2
202100053005,106Â 973,B01,1,1,1,0,8,-1,-1,0,0,-1,2021,67.0,1,2,0,2,1,1,1,,3,41,-1,,2,2,0,2,13,450,2,, -1,2,0,1,80,1,2,2021,15:30,1,32,32047,1,1,1,3,D41,44.013937,0.532,15,2,2
202100020445,165Â 087,A01,10,3,2,3,0,-1,-1,3,3,1,2021,82.0,1,2,0,1,4,20,1,,9,FOURNET (PLACE),0,,1,0,0,1,0,0,1,, -1,1,0,1,50,17,5,2021,16:15,1,14,14366,2,1,0,6,D579,49.14062,0.22718,16,2,1
202100025372,156Â 307,A01,2,2,2,5,1,-1,-1,0,0,-1,2021,16.0,2,2,2,0,8,1,1,,3,24,0,D,2,2,0,1,16,600,1,, -1,2,0,3,-1,7,8,2021,11:00,1,43,43212,1,1,1,6,Bouffelaure,45.34047,3.990961,11,2,1
202100023661,159Â 333,B01,1,1,1,5,2,6,-1,0,0,-1,2021,17.0,2,1,0,2,1,1,1,,3,2422,-1,,4,3,1,1,(1),(1),1,, -1,1,0,1,50,17,8,2021,19:00,1,67,67101,2,9,0,3,rue du Chateau Saint Jean,48.529093,7.498088,19,3,2
202100031291,145Â 805,A01,1,1,2,9,2,0,-1,0,0,-1,2021,35.0,1,1,0,2,4,2,1,,4,RUE DE MENILMONTANT,0,,2,2,0,1,(1),(1),1,, -1,1,0,1,50,2,7,2021,19:50,1,75,75120,2,2,0,2,RUE DE MENILMONTANT,48.870082,2.395766,19,2,2
202100012611,179Â 170,A01,1,1,1,1,2,6,-1,0,0,-1,2021,52.0,2,1,8,0,0,17,1,,4,,-1,,2,2,2,1,(1),766,1,,7,1,0,4,50,15,6,2021,18:55,1,74,74278,2,1,0,7,Av des Iles,46.083523,6.523846,18,1,1
202100026378,154Â 543,A01,1,1,1,5,2,6,-1,0,0,-1,2021,40.0,1,1,0,0,8,0,1,,2,7,-1,,2,2,0,2,56,870,1,, -1,2,2,1,70,31,7,2021,00:30,5,26,26124,2,1,1,7,4950 Route Nationale 7,44.834326,4.864626,0,1,1
202100005957,191Â 148,B01,1,1,2,0,1,-1,-1,-1, -1,-1,2021,53.0,1,2,0,2,7,1,1,,4,PEYDAVANT (RUE ),0,,2,2,1,1,(1),(1),3,, -1,2,0,1,50,26,11,2021,22:23,5,33,33522,2,6,1,3,Rue Peydavant,44.8067,-0.58619,22,2,2
202100014621,175Â 579,A01,1,1,2,0,1,0,-1,-1, -1,-1,2021,20.0,3,2,0,2,1,15,1,,4,NECKARBISCHOFSHEIM (CD),0,,2,2,0,1,0,0,1,, -1,1,0,1,50,6,10,2021,18:20,1,10,10081,2,1,0,1,NECKARBISCHOFSHEIM (CD),48.31256,4.0359,18,2,2
202100054458,104Â 418,B01,1,1,1,5,2,6,-1,-1, -1,-1,2021,22.0,1,1,0,2,1,1,1,,4,RABATAU (BOULEVARD),0,,2,3,0,1,(1),(1),1,, -1,1,0,1,50,18,1,2021,14:00,1,13,13208,2,1,0,3,RABATAU (BOULEVARD),43.275648,5.39619,14,2,2
202100027930,151Â 784,A01,1,1,2,0,8,-1,-1,-1, -1,-1,2021,61.0,0,1,0,0,0,1,0,,4,PISTE 214,0,,2,2,1,2,(1),(1),1,, -1,1,0,1,50,20,7,2021,09:45,1,33,33529,1,1,0,7,PISTE 214,44.584033,-1.203468,9,1,1
202100011477,181Â 210,A01,2,2,1,5,2,6,-1,0,0,-1,2021,12.0,1,1,0,2,8,13,1,,3,61,-1,,2,2,0,1,3,500,1,, -1,1,0,1,80,24,10,2021,17:20,1,24,24412,1,1,0,3,Le Petit Pech,44.985138,1.280787,17,3,2
202100022844,160Â 781,A01,1,1,1,5,2,6,-1,0,0,-1,2021,63.0,2,1,6,0,1,15,1,,4,,-1,,2,1,0,1,(1),(1),1,,4,1,0,8,50,23,8,2021,22:00,5,71,71305,2,4,0,6,Chemin du Lavoir de By,46.470102,4.851134,22,1,1
202100043063,124Â 701,A01,1,1,1,9,8,0,-1,0,0,-1,2021,28.0,2,1,0,2,0,21,5,,4,RUE DE L AMIRAL DE COLIGNY,0,,2,3,0,1,(1),(1),1,, -1,1,0,1,30,22,4,2021,18:00,1,75,75101,2,3,0,7,RUE DE L AMIRAL DE COLIGNY,48.858989,2.339879,18,2,2
202100026903,153Â 622,A01,1,1,2,5,0,-1,-1,0,0,-1,2021,14.0,3,1,2,0,1,1,5,,4,,-1,,2,2,0,2,(1),(1),1,, -1,6,0,3,-1,28,7,2021,12:30,1,27,27198,2,1,0,6,Aigremont,48.843254,1.011922,12,1,1
202100035345,138Â 529,A01,1,1,1,0,1,0,-1,-1, -1,-1,2021,18.0,1,2,0,2,2,15,1,,3,ARISTIDE BRIAND (RUE),0,,2,2,0,1,1,0,1,, -1,1,0,1,50,9,6,2021,15:19,1,93,93032,2,3,0,3,ARISTIDE BRIAND (RUE),48.879463,2.533805,15,2,2
202100000134,201Â 510,A01,10,3,2,2,0,-1,-1,3,3,3,2021,11.0,2,1,0,1,1,17,1,,4,DE GAULLE (Ave Charles),0,,2,2,0,2,(1),(1),1,, -1,1,0,1,50,18,10,2021,15:40,1,62,62160,2,3,0,6,DE GAULLE (Ave Charles),50.730792,1.619438,15,4,2
202100021629,162Â 963,B01,1,1,1,0,2,0,-1,-1, -1,-1,2021,30.0,1,1,0,2,1,1,1,,4,BOURROCHES (DES) (BOULEVARD),0,,2,2,0,1,0,0,1,, -1,1,0,1,50,27,8,2021,15:45,1,21,21231,2,1,0,2,BOURROCHES (DES) (BOULEVARD),47.3088310939,5.0172919661,15,2,2
202100050620,111Â 210,B01,1,1,1,0,1,-1,-1,0,0,-1,2021,42.0,3,2,0,2,2,1,1,,4,,-1,,2,2,0,1,(1),(1),1,, -1,1,0,1,70,19,2,2021,17:00,1,33,33394,1,2,0,3,Lieu Dit le Rivallon,44.89741,-0.18459,17,2,2
202100053416,106Â 240,A01,1,1,2,1,1,0,-1,-1, -1,-1,2021,37.0,1,2,0,2,1,2,1,,1,14,0,,1,4,0,1,0,400,1,, -1,1,1,1,70,28,1,2021,19:30,5,92,92026,1,1,0,2,A14,48.887671,2.251633,19,2,2
202100053152,106Â 731,A01,1,1,1,1,2,0,-1,-1, -1,-1,2021,53.0,1,1,2,2,1,17,1,,4,C U SACREE (QTIER RICHMOND),0,,2,2,1,1,0,0,1,, -1,1,0,1,30,25,1,2021,16:46,1,987,98735,2,1,0,3,C U SACREE (QTIER RICHMOND),-17.52753,-149.55857,16,2,2
202100019946,165Â 980,B01,3,2,1,9,1,-1,-1,0,0,-1,2021,54.0,1,2,0,2,4,1,1,,2,10,-1,,2,2,0,2,97,300,1,,7,2,0,1,70,10,9,2021,09:15,1,202,202009,1,1,1,2,RT 10 - Le Fort,42.1045111009,9.5152115824,9,3,2
202100055155,103Â 228,A01,10,3,2,0,0,-1,-1,1,3,1,2021,34.0,1,2,0,1,2,1,1,,3,AV FRANCOIS MITTERRAND,0,,3,4,0,1,5,0,1,, -1,2,0,1,50,13,1,2021,15:15,1,91,91027,2,1,1,6,AV FRANCOIS MITTERRAND,48.70188,2.3715,15,2,1
202100039020,131Â 896,A01,1,1,2,5,2,-1,-1,0,0,-1,2021,46.0,2,6,2,0,1,1,1,,3,568,-1,,2,2,0,1,5,900,1,, -1,2,0,3,90,21,5,2021,18:30,1,3,3289,1,1,1,7,dÃ©partementale 568,46.362922,3.524272,18,1,1
202100019655,166Â 510,A01,1,1,1,0,8,0,-1,-1, -1,-1,2021,20.0,0,1,0,2,1,19,3,,4,SAINT-ASSISCLE (BOULEVARD DE),0,,2,4,0,1,0,0,1,, -1,2,0,1,30,10,9,2021,14:19,1,66,66136,2,1,1,3,SAINT-ASSISCLE (BOULEVARD DE),42.6955369666,2.8784957528,14,2,2
202100009390,184Â 918,A01,1,1,1,5,1,4,-1,-1,0,-1,2021,30.0,1,2,4,0,1,1,1,,1,AUTOROUTE A15,0,,3,6,0,1,16,600,1,, -1,2,0,1,90,4,11,2021,23:30,3,95,95306,1,1,1,6, A15,49.00488,2.16641,23,3,1
202100009133,185Â 385,B01,1,1,1,0,8,0,-1,-1, -1,-1,2021,26.0,1,1,0,2,7,1,5,,3,180,0,,2,2,0,1,0,0,2,, -1,1,5,1,50,6,11,2021,09:20,1,92,92064,2,6,1,3,COLONEL DE ROCHEBRUNE,48.8547248354,2.1980434656,9,2,2
202100004519,193Â 696,B01,2,2,2,5,1,0,-1,-1, -1,-1,2021,30.0,3,2,0,2,2,21,1,,7,MARQUETTE RUE DE,0,,3,2,0,2,(1),(1),3,, -1,2,1,1,50,5,12,2021,01:10,5,59,59636,2,9,0,1,MARQUETTE RUE DE,50.68414,3.06137,1,5,2
202100012672,179Â 064,B01,2,2,1,5,2,0,-1,0,0,-1,2021,30.0,1,1,0,2,1,1,1,,4,BOULEVARD MALESHERBES,0,,1,2,0,1,(1),(1),1,, -1,1,0,1,30,17,10,2021,01:31,5,75,75108,2,2,0,3,BOULEVARD MALESHERBES,48.880849,2.312539,1,3,2
202100055358,102Â 886,B01,1,1,1,9,2,6,-1,0,0,-1,2021,21.0,2,1,0,2,3,1,1,,4,BOULEVARD PONIATOWSKI,0,,1,2,0,1,(1),(1),1,, -1,2,0,1,50,12,1,2021,10:10,1,75,75112,2,7,1,3,BOULEVARD PONIATOWSKI,48.833345,2.402269,10,2,2
202100028551,150Â 685,A01,9,2,1,0,1,-1,-1,0,0,-1,2021,16.0,2,2,6,0,3,1,1,,3,D939,2,E,2,2,0,1,(1),(1),3,, -1,1,0,4,50,17,7,2021,15:40,1,24,24064,2,1,0,6,8 Avenue de Perigueux,45.357664,0.651986,15,3,1
202100052382,108Â 081,A01,1,1,1,5,1,0,-1,-1, -1,-1,2021,84.0,3,2,0,2,3,9,1,,2,11 - RT,0,,2,5,0,2,1,0,1,, -1,1,0,1,50,5,2,2021,14:30,1,202,202033,2,3,0,3,11 - RT,42.66536,9.44258,14,4,2
202100051505,109Â 633,B01,1,1,1,4,1,0,-1,-1,0,-1,2021,47.0,1,5,0,2,3,23,2,,3,AV DE STALINGRAD,0,,3,4,0,1,1,600,1,, -1,1,0,1,50,14,2,2021,20:00,5,95,95268,2,1,0,3,AV DE STALINGRAD,48.970275,2.413607,20,2,2
202100038591,132Â 655,B01,1,1,2,5,1,-1,-1,-1, -1,-1,2021,20.0,1,2,4,2,4,1,1,,7,M6   455.000 A 455.614,0,,3,4,0,1,455,0,1,, -1,1,0,1,70,23,5,2021,21:30,3,69,69382,1,1,0,2,M6   455.000 A 455.614,45.7508884023,4.8225973251,21,2,2
202100048822,114Â 498,A01,1,1,1,0,0,-1,-1,0,0,-1,2021,35.0,-1,2,0,0,0,1,1,,9,,-1,,2,2,0,2,(1),(1),2,, -1,1,0,1,70,8,3,2021,13:50,1,973,97360,1,1,0,7,Route d'APATOU,5.182072,-54.318595,13,1,1
202100011043,181Â 980,B01,1,1,1,0,2,0,-1,-1, -1,-1,2021,62.0,1,1,0,2,4,0,1,,2,kaweni-Kaweni nord ( Z I ),0,,2,2,0,1,0,0,1,, -1,1,0,1,50,25,10,2021,12:20,1,976,97611,2,3,0,3,kaweni-Kaweni nord ( Z I ),-12.76403,45.22555,12,2,2
202100036767,135Â 986,A01,10,3,1,1,0,-1,-1,2,3,1,2021,20.0,1,2,0,2,2,1,1,,3,ESTIENNE D'ORVES (AVENUE D'),0,,2,2,0,1,0,0,1,, -1,1,8,1,30,2,6,2021,10:30,1,91,91326,2,1,0,6,ESTIENNE D'ORVES (AVENUE D'),48.69,2.37,10,2,1
202100022294,161Â 783,Z01,2,2,1,5,2,0,-1,0,0,-1,2021,15.0,1,1,0,0,1,1,1,,4,RUE DES DOCTEURS DEJERINE,0,,1,1,1,1,(1),(1),1,, -1,1,0,1,50,26,8,2021,21:15,5,75,75120,2,1,0,3,RUE DES DOCTEURS DEJERINE,48.856079,2.411937,21,3,2
202100015869,173Â 310,A01,2,2,1,5,1,0,-1,-1, -1,-1,2021,20.0,1,2,0,2,2,2,1,,3,RELIGIEUSES (ROUTE DES),0,,2,2,0,2,(1),(1),1,, -1,1,0,1,50,29,9,2021,22:30,5,972,97209,2,3,0,6,RELIGIEUSES (ROUTE DES),14.60961,-61.06005,22,3,1
202100025531,156Â 034,A01,7,2,2,5,1,-1,-1,0,0,-1,2021,8.0,2,2,13,0,1,21,1,,3,32,0,D,2,2,0,1,12,650,2,, -1,2,0,3,80,6,8,2021,19:30,2,9,9113,1,1,1,7,Camp de Serres,42.836356,1.297787,19,3,1
202100044604,121Â 989,A01,1,1,2,0,1,0,-1,-1, -1,-1,2021,42.0,2,2,0,2,1,2,1,,3,R DU GENERAL DE GAULLE,0,,2,5,0,1,1,0,1,, -1,1,0,1,50,9,4,2021,12:20,1,94,94060,2,1,0,2,GENERAL DE GAULLE (R DU),48.78001,2.57818,12,2,2
202100014041,176Â 601,A01,2,2,2,0,1,-1,-1,0,0,-1,2021,46.0,1,2,0,2,3,0,1,,3,643,-1,,2,3,0,1,(1),(1),1,, -1,2,0,1,80,10,10,2021,06:40,3,59,59213,1,1,1,1,D643 pr 29 +700,50.158233,3.306584,6,4,2
202100049162,113Â 879,B01,1,1,1,4,1,-1,-1,0,0,-1,2021,53.0,1,4,0,2,1,2,1,,3,928,-1,,2,2,0,1,0,830,1,, -1,1,0,1,80,5,3,2021,16:31,1,62,62481,1,1,0,2,D928,50.283499,1.989985,16,2,2
202100033076,142Â 620,B01,1,1,1,4,2,6,-1,0,0,-1,2021,21.0,2,1,0,2,1,7,3,,4,AVENUE GAMBETTA,0,,2,2,3,2,(1),(1),1,, -1,2,0,6,30,19,6,2021,20:29,1,75,75120,2,1,1,3,AVENUE GAMBETTA,48.870124,2.403022,20,2,2
202100005955,191Â 151,A01,10,3,1,0,0,-1,-1,2,3,1,2021,24.0,2,2,0,1,1,1,1,,4,RAVAZ (AVENUE DU PROFESSEUR LOUIS,0,,2,2,0,1,(1),(1),1,, -1,2,9,1,50,25,11,2021,18:45,5,34,34172,2,3,1,6,RAVAZ (AVENUE DU PROFESSEUR LOUIS,43.62097,3.84885,18,2,1
202100009720,184Â 326,A01,1,1,1,9,2,8,-1,-1, -1,-1,2021,27.0,3,1,0,2,1,19,1,,4,RUE MONDESIR,0,,1,1,0,1,0,0,1,, -1,2,0,1,30,1,11,2021,13:05,1,44,44109,2,2,1,3,RUE MONDESIR,47.21725,-1.56927,13,2,2
202100018715,168Â 186,A01,2,2,1,0,8,0,-1,-1, -1,-1,2021,19.0,1,2,3,0,0,0,0,,2,RN104,0,,-1,2,0,1,0,100,3,, -1,2,0,1,70,15,9,2021,12:55,1,77,77337,1,1,1,6,RN104,48.8290209708,2.6186505189,12,2,1
202100037070,135Â 439,A01,1,1,1,0,2,8,-1,-1, -1,-1,2021,35.0,2,1,0,2,8,21,1,,3,"JULES GUESDES  (RUE, DU 2 AU 96 ET DE 1",0,,3,2,0,1,1,0,1,, -1,1,0,5,50,31,5,2021,16:45,1,93,93032,2,4,0,3,Avenue du President Pompidou / Rue Jules Guesde,48.88143,2.5412,16,3,2
202100054645,104Â 115,B01,1,1,1,1,2,-1,-1,0,0,-1,2021,30.0,1,1,0,2,3,13,1,,2,5,0,,2,2,0,1,23,500,3,, -1,1,0,1,80,19,1,2021,05:00,3,971,97117,1,1,0,1,Nationale 5,16.335697,-61.376538,5,2,2
202100017807,169Â 790,B01,1,1,2,5,8,-1,-1,0,0,-1,2021,54.0,0,1,0,2,1,1,5,,4,RENE ET MARCELLE SOBO (RUE),0,,2,2,0,1,(1),(1),1,, -1,1,0,1,50,11,9,2021,10:00,1,80,80021,2,3,0,3,RENE ET MARCELLE SOBO (RUE),49.8792258371,2.3352421757,10,2,2
202100023103,160Â 316,A01,10,3,1,5,0,-1,-1,2,3,1,2021,6.0,0,2,0,1,0,1,1,,4,BRAQUE. RUE GEORGES,0,,2,2,0,2,0,0,2,, -1,1,0,1,30,21,8,2021,19:29,1,76,76319,2,1,0,6,BRAQUE. RUE GEORGES,49.34789,0.99722,19,2,1
202100034820,139Â 472,A01,1,1,1,5,2,6,-1,0,0,-1,2021,72.0,1,1,0,0,0,9,1,,3,431,0,D,2,2,0,1,7,100,1,, -1,1,0,1,70,13,6,2021,12:45,1,68,68229,1,9,0,7,D431,47.904724,7.103316,12,1,1
202100001046,199Â 893,A01,1,1,1,1,1,-1,-1,0,0,-1,2021,39.0,3,2,8,0,1,1,1,,4,PATAC (BARREAU DE),0,,2,2,0,2,0,1,2,, -1,7,0,4,50,28,12,2021,07:32,2,5,5061,2,1,1,6,PATAC (BARREAU DE),44.53899,6.07072,7,1,1
202100034249,140Â 525,B01,1,1,1,0,2,6,-1,-1, -1,-1,2021,39.0,2,1,0,2,1,1,1,,4,FORET (AVENUE DE LA),0,,2,2,0,1,0,0,1,, -1,1,0,1,50,14,6,2021,13:30,1,64,64024,2,9,0,3,BARRE (PROMENADE DE LA),43.508283,-1.52232,13,3,2
202100034399,140Â 250,A01,1,1,2,1,1,0,-1,-1, -1,-1,2021,41.0,1,2,0,0,4,23,1,,1,TVPCD-Sens Les Ports vers Saint Victor,0,,1,2,0,1,0,839,1,, -1,1,1,1,50,10,6,2021,08:24,1,13,13202,2,1,0,2,TVPCD-Sens Les Ports vers Saint Victor,43.2978,5.363,8,2,2
202100020617,164Â 773,A01,1,1,1,5,1,-1,-1,0,0,-1,2021,73.0,1,2,6,0,8,13,1,,3,17,0,,2,2,0,1,12,400,1,, -1,1,0,3,50,7,9,2021,13:15,1,63,63443,2,1,0,6,9 Route de Pontmort,45.94278,3.182042,13,1,1
202100000377,201Â 032,C01,1,1,1,5,2,-1,-1,-1, -1,-1,2021,65.0,1,1,0,2,4,1,-1,,3,,-1,,2,2,0,1,(1),(1),3,, -1,1,0,1,80,8,5,2021,16:30,1,33,33044,1,1,0,6,RD140,44.768685,-0.172133,16,3,3
202100049530,113Â 223,B01,1,1,1,5,8,0,-1,0,0,-1,2021,28.0,1,1,0,2,1,1,5,,4,BOULEVARD DE LA BASTILLE,0,,2,2,2,1,(1),(1),1,, -1,1,-1,5,50,1,3,2021,17:45,1,75,75112,2,3,0,3,BOULEVARD DE LA BASTILLE,48.846461,2.366899,17,2,2
202100044868,121Â 518,A01,1,1,1,5,0,-1,-1,0,0,-1,2021,10.0,3,1,0,2,1,19,5,,4,,-1,,2,2,0,1,(1),(1),3,, -1,1,0,1,50,7,4,2021,16:47,1,61,61097,2,3,0,3,Residence du Plan d'Eau,48.485197,0.652104,16,2,2
202100037307,134Â 985,A01,1,1,2,9,1,0,-1,0, -1,-1,2021,21.0,1,2,1,0,1,1,1,,3,MICHELET (BLD) NÂ° 82 A 114,0,,1,1,1,1,0,1,1,, -1,1,0,1,50,31,5,2021,15:30,1,93,93053,2,2,0,3,Boulevard Michelet / Boulevard Gambetta,48.8932046098,2.4610335231,15,3,2
202100048515,115Â 042,A01,1,1,1,5,2,6,-1,-1, -1,-1,2021,37.0,2,1,0,2,1,1,1,,3,CORBEIL (ROUTE DE),0,,2,2,0,1,0,0,1,, -1,1,0,1,50,10,3,2021,13:35,1,91,91434,2,1,0,2,CORBEIL (ROUTE DE),48.656695,2.338956,13,2,2
202100019728,166Â 379,A01,1,1,2,9,2,0,-1,0,0,-1,2021,26.0,3,1,0,0,0,1,1,,4,QUAI DE LA RAPEE,0,,3,3,0,2,(1),(1),1,, -1,3,0,1,50,9,9,2021,00:55,5,75,75112,2,1,1,7,QUAI DE LA RAPEE,48.8424736948,2.3714804714,0,1,1
202100019909,166Â 043,A01,2,2,2,9,2,0,-1,0,0,-1,2021,62.0,2,1,0,0,0,1,1,,4,RUE DU FAUBOURG SAINT MARTIN,0,,2,2,0,1,(1),(1),1,, -1,2,0,1,30,9,9,2021,19:30,1,75,75110,2,2,1,7,RUE DU FAUBOURG SAINT MARTIN,48.881104,2.365161,19,2,1
202100021638,162Â 948,A01,10,3,1,0,0,-1,-1,9,9,1,2021,86.0,0,2,0,1,4,20,2,,6,,0,,-1,0,0,1,(1),(1),1,, -1,1,9,8,30,31,8,2021,13:55,1,11,11069,2,9,0,6,RIVOLI  -BD ET IMPASSE-,43.2286,2.35926,13,2,1
202100031025,146Â 282,A01,2,2,2,5,1,-1,-1,0,0,-1,2021,17.0,1,2,0,2,7,1,1,,3,JOFFRE (AVENUE DU MARECHAL),0,,2,2,0,1,1,853,1,, -1,1,0,1,50,29,6,2021,20:50,1,65,65440,2,3,0,3,JOFFRE (AVENUE DU MARECHAL),43.23955,0.07026,20,4,2
202100020093,165Â 709,A01,10,3,2,3,0,-1,-1,3,3,1,2021,83.0,1,2,0,1,4,26,1,,4,GAMBETTA (BOULEVARD),0,,2,2,0,1,0,0,1,, -1,1,0,1,50,2,9,2021,17:58,1,2,2738,2,1,0,7,GAMBETTA (BOULEVARD),49.653222,3.289819,17,2,1
202100028680,150Â 456,A01,10,3,1,5,0,-1,-1,4,3,1,2021,92.0,2,1,0,1,1,1,3,,4,BOULEVARD PEREIRE,0,,1,1,0,1,(1),(1),1,, -1,1,0,1,30,16,7,2021,15:00,1,75,75117,2,2,0,6,BOULEVARD PEREIRE,48.880849,2.289954,15,2,1
202100010461,183Â 024,A01,1,1,2,0,1,4,-1,-1, -1,-1,2021,19.0,2,2,4,0,1,1,1,,1,AUTOROUTE A86,0,,1,3,0,2,18,399,2,, -1,2,0,1,90,29,10,2021,16:15,1,93,93027,1,1,1,7,AUTOROUTE A86,48.9283642663,2.4146747589,16,1,1