Num_Acc,id_vehicule,num_veh,place,catu,sexe,trajet,secu1,secu2,secu3,locp,actp,etatp,year_acc,victim_age,senc,catv,obs,obsm,choc,manv,motor,occutc,catr,voie,v1,v2,circ,nbv,vosp,prof,pr,pr1,plan,lartpc,larrout,surf,infra,situ,vma,jour,mois,an,hrmn,lum,dep,com,agg_,int,atm,col,adr,lat,long,hour,nb_victim,nb_vehicules
202100034239,140Â 545,A01,1,1,1,0,1,8,-1,-1, -1,-1,2021,39.0,2,2,0,2,1,1,1,,4,8 MAI 1945 (DU)                     (AV),0,,2,2,0,1,(1),(1),1,, -1,1,0,1,50,15,6,2021,09:00,1,69,69256,2,1,0,4,8 MAI 1945 (DU) (AV),45.78795,4.91391,9,4,3
202100018663,168Â 279,A01,1,1,1,9,0,-1,-1,0,0,-1,2021,48.0,3,1,0,0,0,0,3,,4,,-1,,2,2,0,2,(1),(1),1,,5,1,0,1,30,14,9,2021,20:00,5,78,78455,2,1,0,7,1allÃ©e du bon repos 78590,48.842869,2.071964,20,1,1
202100055417,102Â 793,B01,1,1,1,3,1,-1,-1,-1, -1,-1,2021,26.0,1,2,0,2,4,2,1,,4,,0,,1,1,0,2,34,0,1,, -1,1,0,1,50,11,1,2021,18:30,3,69,69081,1,1,0,2,PERIPHERIQUE NORD (BD),45.7745650827,4.7906720638,18,3,2
202100035089,138Â 977,A01,10,3,1,9,0,-1,-1,4,3,2,2021,13.0,0,2,0,1,0,0,1,,3,HUIT-MAI-1945 (AVENUE DU),0,,2,4,3,1,0,1,1,, -1,1,0,6,50,10,6,2021,22:00,2,93,93030,2,1,0,6,Avenue du 8 Mai 1945,48.949152,2.438642,22,2,1
202100001981,198Â 259,A01,1,1,1,9,2,8,-1,-1, -1,-1,2021,70.0,2,1,0,2,1,3,1,,1,AUTOROUTE A3,0,,3,6,0,1,8,899,1,, -1,1,0,1,90,21,12,2021,14:05,1,93,93010,1,1,0,2,AUTOROUTE A3,48.9145865289,2.4774491787,14,2,2
202100022406,161Â 594,A01,1,1,1,3,1,8,-1,-1, -1,-1,2021,75.0,3,2,14,0,3,14,1,,4,RIVIERE (QUAI COMMANDANT),0,,2,2,2,1,0,0,1,, -1,1,9,1,50,25,8,2021,21:05,5,83,83137,2,1,0,6,RIVIERE (QUAI COMMANDANT),43.135895,5.907193,21,1,1
202100020141,165Â 625,A01,1,1,1,5,1,-1,-1,0,0,-1,2021,64.0,1,5,2,0,1,0,1,,3,12,0,D,2,2,0,1,5,267,1,, -1,1,0,3,80,8,9,2021,20:50,3,76,76202,1,1,0,7,D12,49.790425,1.379026,20,1,1
202100035359,138Â 505,A01,10,3,1,5,0,-1,-1,1,5,1,2021,19.0,1,2,0,1,7,1,1,,3,48,-1,D,2,2,0,2,24,100,1,, -1,1,0,1,80,11,6,2021,17:45,1,51,51056,1,1,0,7,D48,48.6055854641,3.6161772667,17,2,1
202100020425,165Â 132,A01,1,1,1,0,2,6,-1,0,0,-1,2021,48.0,1,1,0,2,1,1,1,,3,126,-1,,2,2,0,1,0,427,1,, -1,1,0,1,50,7,9,2021,17:47,1,14,14663,2,1,0,3,Route d Esquay,49.274259,-0.686098,17,3,2
202100015655,173Â 686,A01,1,1,1,4,2,0,-1,-1, -1,-1,2021,23.0,2,1,0,2,8,1,1,,3,GARE (PLACE DE LA),0,,2,8,0,1,0,1,1,, -1,2,0,1,50,2,10,2021,20:35,5,93,93077,2,6,1,3,Place de la Gare,48.8892895808,2.5112208724,20,2,2
202100021174,163Â 816,B01,1,1,1,0,2,6,9,0,0,-1,2021,52.0,1,1,0,2,1,1,1,,3,943,-1,,2,2,0,1,(1),(1),3,, -1,1,0,1,-1,4,9,2021,11:40,1,84,84068,1,1,0,3,D943,43.773433,5.353341,11,2,2
202100001916,198Â 370,A01,1,1,2,1,1,0,-1,-1, -1,-1,2021,25.0,-1,2,0,2,1,23,0,,3,JOHN F. KENNEDY (AVENUE),0,,-1,2,0,1,0,1,1,, -1,1,0,1,50,21,12,2021,19:30,5,93,93071,1,1,0,2,JOHN F. KENNEDY (AVENUE),48.9384806633,2.5132674934,19,2,2
202100053707,105Â 734,B01,1,1,1,5,2,0,-1,-1, -1,-1,2021,25.0,3,1,0,2,1,1,5,,4,AV PAUL DELOUVRIER,0,,1,2,0,2,0,0,2,, -1,2,8,1,50,22,1,2021,18:35,3,91,91228,2,1,0,1,AV PAUL DELOUVRIER,48.625069,2.422415,18,2,2
202100006810,189Â 604,B01,2,2,2,9,1,0,-1,-1, -1,-1,2021,14.0,2,2,4,2,6,11,1,,2,RN104,0,,3,5,0,1,10,200,1,, -1,1,0,1,90,23,11,2021,12:30,1,77,77249,1,1,0,2,RN104,48.7464753991,2.6138538972,12,3,2
202100017575,170Â 208,A01,1,1,1,5,2,-1,-1,0,0,-1,2021,22.0,1,1,0,2,2,17,1,,4,,-1,,2,2,0,1,(1),(1),1,,5,1,0,1,30,22,9,2021,19:00,1,89,89257,2,3,0,3,Avenue de l Europe,47.965517,3.520362,19,2,2
202100033325,142Â 193,B01,1,1,1,0,2,6,-1,-1, -1,-1,2021,32.0,0,1,0,2,1,17,1,,7,222,0,,2,2,0,1,(1),(1),1,, -1,1,0,1,50,11,6,2021,12:50,1,67,67267,2,1,0,1,GRAFFENSTADEN (RUE DE),48.54895,7.6808,12,2,2
202100015741,173Â 529,A01,10,3,1,5,0,-1,-1,2,3,1,2021,17.0,1,5,0,1,2,1,1,,4,RUE DE DANTZIG,0,,2,2,0,2,(1),(1),1,, -1,2,0,1,30,1,10,2021,18:00,1,75,75115,2,3,1,6,RUE DE DANTZIG,48.832544,2.297616,18,3,1
202100054727,103Â 967,A01,1,1,1,1,2,6,-1,0,0,-1,2021,43.0,2,1,12,0,8,17,1,,4,6085,-1,D,2,1,0,1,60,800,1,, -1,1,0,1,30,14,1,2021,17:45,2,6,6085,2,1,0,7,765 Avenue Saint Martin,43.609265,6.981581,17,2,2
202100050312,111Â 771,A01,10,3,2,1,0,-1,-1,3,3,1,2021,49.0,2,2,0,1,1,1,1,,4,CHROL (AVENUE DU PERE LEONID),0,,2,2,0,1,(1),(1),1,, -1,1,9,1,50,4,1,2021,07:55,2,82,82121,2,1,0,6,CHROL (AVENUE DU PERE LEONID),44.01003,1.37471,7,2,1
202100005201,192Â 476,A01,1,1,1,1,2,6,-1,-1,0,-1,2021,49.0,2,1,0,2,1,3,1,,1,AUTOROUTE A15,0,,3,8,0,1,8,300,1,, -1,2,0,1,110,1,12,2021,09:25,1,95,95582,1,1,1,5, A15,48.96563,2.25888,9,3,3
202100000587,200Â 651,B01,1,1,1,1,2,6,-1,0,0,-1,2021,26.0,1,1,0,2,7,1,1,,3,37,-1,,2,2,0,1,9,400,1,, -1,1,0,1,50,2,12,2021,13:40,1,67,67205,2,3,0,1,5 Rue de la Republique,48.700225,7.788682,13,2,2
202100000729,200Â 406,A01,10,3,2,3,0,-1,-1,4,3,1,2021,41.0,1,2,0,1,1,1,1,,3,LENOTRE (RUE G.),0,,2,3,0,1,37,486,2,, -1,2,0,1,30,27,12,2021,18:30,5,78,78517,2,7,0,6,LENOTRE (RUE G.),48.64285,1.82566,18,2,1
202100033969,141Â 046,B01,1,1,1,1,2,6,-1,0,0,-1,2021,48.0,1,1,0,2,1,1,1,,4,,-1,,2,2,0,1,(1),(1),1,,4,1,0,1,30,15,6,2021,20:33,2,33,33003,2,3,0,3,Avenue LÃ©on Blum,44.932331,-0.48007,20,2,2
202100008696,186Â 192,A01,2,2,1,5,1,0,-1,-1, -1,-1,2021,31.0,1,2,1,0,3,14,1,,3,MARECHAL JOFFRE (AVENUE DU),0,,-1,2,0,1,41,370,1,, -1,2,0,1,50,7,11,2021,07:06,5,78,78401,2,1,1,6,MARECHAL JOFFRE (AVENUE DU),49.00863,1.93198,7,2,1
202100051152,110Â 240,A01,1,1,1,4,2,6,-1,-1, -1,-1,2021,48.0,3,1,0,0,7,1,1,,4,VUILLERME                           (R ),0,,1,1,0,1,(1),(1),3,, -1,8,0,1,50,16,2,2021,19:30,5,69,69382,2,2,0,7,VUILLERME (R),45.7343834668,4.8181505052,19,1,1
202100024893,157Â 163,A01,10,3,2,5,0,-1,-1,2,1,1,2021,21.0,2,1,0,1,1,1,5,,4,AVENUE DE L HIPPODROME,0,,2,1,1,1,(1),(1),1,, -1,1,0,5,30,14,7,2021,20:00,1,75,75116,2,1,0,6,AVENUE DE L HIPPODROME,48.863629,2.236969,20,2,1
202100055425,102Â 779,A01,1,1,1,0,1,0,-1,-1, -1,-1,2021,27.0,2,2,3,0,3,2,1,,1,AUTOROUTE A104,0,,3,6,0,1,3,0,1,, -1,2,0,1,90,12,1,2021,20:45,3,93,93078,1,1,1,6,AUTOROUTE A104,48.963,2.52237,20,2,1
202100026400,154Â 504,A01,1,1,1,5,1,-1,-1,0,0,-1,2021,55.0,2,2,0,2,1,17,1,,3,1,0,D,2,2,0,1,7,750,1,,"5,5",1,0,1,50,30,7,2021,21:37,2,33,33322,2,1,0,3,1160 Route de Soulac,44.954428,-0.703442,21,3,2
202100009697,184Â 371,B01,1,1,1,0,2,-1,-1,0,0,-1,2021,67.0,3,1,0,2,7,1,5,,2,176,-1,,3,4,0,1,(1),(1),1,, -1,1,3,1,-1,3,11,2021,11:00,1,22,22388,1,4,1,3,D776,48.436518,-2.144641,11,2,2
202100045310,120Â 739,A01,10,3,2,5,0,-1,-1,9,3,3,2021,15.0,3,1,0,1,1,1,1,,4,00,0,X,2,2,0,1,0,0,2,, -1,1,0,1,50,3,4,2021,18:30,1,24,24133,2,1,0,6,Residence les Bruyeres,45.535506,0.972928,18,2,1
202100050982,110Â 554,B01,1,1,2,0,1,-1,-1,0,0,-1,2021,28.0,2,2,0,2,1,17,1,,3,938,0,,2,2,3,4,4,600,3,, -1,1,8,1,30,20,2,2021,07:45,2,37,37151,2,1,0,1,,47.4387630632,0.6408247076,7,2,2
202100050960,110Â 587,B01,1,1,1,5,2,6,-1,0,0,-1,2021,49.0,1,1,0,2,1,2,1,,3,1,-1,,2,2,0,1,24,500,1,, -1,1,0,1,80,20,2,2021,17:30,1,57,57343,1,1,0,2,D1,49.325017,6.181194,17,2,2
202100051900,108Â 934,B01,1,1,2,4,8,0,-1,-1, -1,-1,2021,57.0,1,1,0,2,8,1,0,,3,PHARAON DE WINTER (RUE),0,,2,2,0,2,(1),(1),1,, -1,7,0,1,30,9,2,2021,16:25,1,59,59043,2,1,0,2,PHARAON DE WINTER (RUE),50.7343102475,2.7258954942,16,2,2
202100052840,107Â 271,B01,1,1,1,1,1,-1,-1,0,0,-1,2021,41.0,1,2,0,2,3,0,1,,3,54,0,,2,2,0,1,8,49,1,, -1,1,0,1,80,2,2,2021,15:35,1,77,77095,1,1,0,1,D54,48.959384,2.748642,15,2,2
202100029479,149Â 096,A01,4,2,2,0,8,-1,-1,0,0,-1,2021,19.0,1,2,4,0,3,1,1,,2,4,-1,,3,4,0,2,24,100,1,, -1,2,0,1,110,12,7,2021,10:18,1,55,55291,1,1,1,7,Route Nationale 4,48.674229,5.299315,10,3,1
202100043156,124Â 529,A01,1,1,1,1,1,8,-1,-1, -1,-1,2021,38.0,1,2,16,0,2,1,1,,4,VILLENEUVE ST-CARADEC (LIEU-DIT),0,,2,2,0,1,(1),(1),3,, -1,1,0,1,80,20,4,2021,07:50,1,56,56083,1,1,0,7,VILLENEUVE ST-CARADEC (LIEU-DIT),47.82405,-3.28248,7,1,1
202100027056,153Â 354,A01,1,1,1,0,2,8,-1,-1, -1,-1,2021,29.0,2,1,15,0,1,1,1,,7,MER (AVENUE DE LA) NÂ° PAIRS,0,,2,2,1,1,20,420,1,, -1,1,0,3,50,25,7,2021,23:21,5,83,83129,2,1,0,6,MER (AVENUE DE LA) NÂ° PAIRS,43.100656,5.824159,23,1,1
202100050914,110Â 669,A01,1,1,1,0,2,6,-1,-1, -1,-1,2021,29.0,2,1,0,2,7,17,1,,4,LIBERATION (BOULEVARD),0,,2,0,0,1,(1),(1),1,, -1,1,0,1,50,19,2,2021,14:50,1,13,13204,2,1,0,3,LIBERATION (BOULEVARD),43.3021800327,5.3947417438,14,2,2
202100040418,129Â 366,B01,1,1,2,4,0,-1,-1,0,0,-1,2021,49.0,2,2,0,0,3,19,6,,4,,0,,2,2,0,1,(1),(1),1,,7,1,0,1,30,12,5,2021,09:05,1,975,97502,2,1,0,3,Rue Brusle,46.784995,-56.172372,9,2,2
202100019208,167Â 295,A01,1,1,1,5,2,0,-1,0,0,-1,2021,28.0,1,1,0,2,2,17,1,,4,RUE CROZATIER,0,,2,2,0,1,(1),(1),1,, -1,1,0,1,50,13,9,2021,10:25,1,75,75112,2,2,0,3,RUE CROZATIER,48.846772,2.381732,10,2,2
202100051654,109Â 361,A01,10,3,1,9,0,-1,-1,4,3,1,2021,26.0,3,2,0,1,1,26,1,,4,FOCH (BOULEVARD DU MARECHAL),0,,2,2,0,1,0,0,1,, -1,1,0,1,50,12,2,2021,15:20,1,91,91645,2,1,0,6,FOCH (BOULEVARD DU MARECHAL),48.74462,2.26735,15,2,1
202100014671,175Â 488,A01,10,3,1,0,0,-1,-1,3,3,1,2021,71.0,3,2,0,1,3,1,1,,3,941,0,D,2,2,0,1,(1),(1),1,, -1,1,9,1,50,8,10,2021,10:05,1,87,87154,2,1,0,1,Avenue d Oradour-sur-Glane,45.894787,0.911114,10,2,1
202100052265,108Â 285,B01,1,1,1,5,0,-1,-1,0,0,-1,2021,75.0,2,1,0,2,1,15,5,,3,166,0,,2,2,0,2,7,157,1,, -1,1,0,1,80,8,2,2021,11:30,1,26,26277,1,3,0,3,Route dâAutichamp,44.68861,4.944544,11,2,2
202100049674,112Â 949,A01,1,1,1,9,1,8,-1,-1, -1,-1,2021,82.0,2,2,15,0,3,1,1,,4,NOUVEAU MONDE (rue du),0,,2,2,0,2,1,0,3,, -1,1,0,8,50,28,2,2021,11:50,1,94,94028,2,1,0,6,NOUVEAU MONDE (rue du),48.77028,2.45667,11,2,1
202100027391,152Â 752,A01,1,1,1,0,2,0,-1,-1, -1,-1,2021,31.0,1,1,0,2,1,0,1,,3,WINSTON CHURCHILL (AV),0,,1,2,0,1,1,0,1,, -1,1,0,1,50,23,7,2021,12:30,1,94,94078,2,3,0,3,Avenue Winston Churchill,48.7531,2.4522,12,2,2
202100006031,191Â 013,A01,1,1,1,5,0,-1,-1,0,0,-1,2021,23.0,1,1,0,2,1,1,5,,4,0,0,C,2,1,0,1,0,0,2,, -1,2,6,1,30,28,11,2021,00:10,3,74,74010,2,4,1,3,12 Rue Centrale,45.9065278762,6.146579951,0,2,2
202100052066,108Â 650,A01,1,1,2,1,1,-1,-1,0,0,-1,2021,38.0,2,2,0,2,2,13,1,,3,21,0,,2,2,0,2,17,32,1,, -1,5,0,1,80,10,2,2021,12:30,1,35,35227,1,1,1,5,le lieu benoit - RD21,48.198305,-1.870036,12,3,3
202100042713,125Â 285,A01,10,3,2,5,0,-1,-1,3,3,2,2021,9.0,1,2,0,1,3,16,1,,4,GENERAL JOINVILLE,0,,2,1,0,1,0,1,3,, -1,1,9,1,50,24,4,2021,20:05,1,93,93066,2,6,0,6,GENERAL JOINVILLE,48.93549,2.3679,20,2,1
202100024829,157Â 273,A01,2,2,2,5,1,0,-1,-1, -1,-1,2021,44.0,2,2,3,2,4,2,1,,1,A7-Sens Marseille vers Lyon,0,,1,2,0,1,271,0,1,, -1,1,0,1,90,9,8,2021,12:15,1,13,13106,1,1,0,4,A7-Sens Marseille vers Lyon,43.39792,5.35053,12,7,3
202100026090,155Â 054,B01,1,1,1,5,2,-1,-1,0,0,-1,2021,16.0,0,1,0,2,1,5,0,,4,,0,,2,2,0,1,(1),(1),2,, -1,1,9,1,50,2,8,2021,16:30,1,59,59105,2,1,0,1,Rue de la Chapelle,50.43628,3.244953,16,2,2
202100029192,149Â 571,A01,1,1,1,4,8,-1,-1,0,0,-1,2021,19.0,1,5,2,0,3,0,1,,3,981,0,D,2,2,0,1,34,300,1,, -1,1,0,1,80,13,7,2021,17:15,1,30,30286,1,1,0,6,DÃ©partementale 981,43.983853,4.462734,17,1,1
202100045746,119Â 981,A01,10,3,2,9,0,-1,-1,3,3,1,2021,29.0,1,2,0,1,1,2,1,,4,KENNEDY (BD JOHN-FITZGERALD),0,,3,4,0,1,(1),(1),1,, -1,1,0,1,50,30,3,2021,13:53,1,66,66136,2,1,0,6,KENNEDY (BD JOHN-FITZGERALD),42.68982,2.90257,13,2,1
202100010057,183Â 719,B01,1,1,1,9,8,0,-1,-1, -1,-1,2021,19.0,3,2,0,2,8,15,1,,3,909,0,,2,2,0,1,0,0,1,, -1,1,9,1,50,31,10,2021,06:40,5,92,92025,2,9,0,3,STALINGRAD (AV DE),48.931353,2.266948,6,2,2
202100008040,187Â 358,B01,1,1,1,0,1,5,-1,0,0,-1,2021,48.0,1,2,1,2,3,19,1,,4,,0,,1,2,0,1,(1),(1),1,, -1,2,0,1,50,15,11,2021,07:08,2,6,6088,2,2,1,3,SMOLETT (R.),43.70285,7.2865,7,2,2
202100030396,147Â 435,A01,1,1,2,3,1,0,-1,-1, -1,-1,2021,58.0,2,2,0,2,3,13,1,,4,,0,,2,2,0,1,1,0,3,, -1,1,0,1,50,5,7,2021,11:50,1,11,11069,2,1,0,1,PAPIN DENIS -BD-,43.21098,2.32656,11,2,2
202100019357,167Â 029,B01,2,2,1,5,1,8,-1,-1, -1,-1,2021,34.0,2,2,0,2,1,1,1,,7,GARDANNE (ROUTE DE ),0,,2,2,0,2,0,0,2,, -1,1,0,1,70,12,9,2021,11:15,1,13,13001,2,1,0,1,Route de Gardanne,43.49026,5.40681,11,5,2
202100013974,176Â 722,A01,1,1,1,1,2,8,-1,-1, -1,-1,2021,21.0,1,1,0,0,7,16,1,,1,A4,0,,-1,2,0,4,8,0,3,, -1,1,3,1,50,11,10,2021,00:25,3,94,94017,1,1,0,6,A4,48.8302582522,2.4893581867,0,1,1
202100043929,123Â 151,B01,1,1,1,0,2,8,-1,-1, -1,-1,2021,29.0,2,1,0,2,8,18,1,,3,JEAN LOLIVE (AVENUE)(107/135 ET 108/132),0,,3,2,1,1,0,1,1,, -1,1,0,1,50,14,4,2021,18:15,1,93,93055,2,2,0,3,JEAN LOLIVE (AVENUE)(107/135 ET 108/132),48.8925769386,2.4097107456,18,2,2
202100011258,181Â 608,A01,10,3,2,3,0,-1,-1,9,2,1,2021,66.0,3,2,0,1,4,20,1,,6,65,0,D,-1,-1,0,1,(1),(1),1,, -1,2,9,1,50,24,10,2021,17:50,1,35,35236,2,7,1,6,Place de la RÃ©publique,47.651497,-2.084893,17,2,1
202100051286,110Â 004,B01,1,1,2,1,1,0,-1,-1, -1,-1,2021,51.0,2,2,0,2,6,23,1,,7,ORMES (ROUTE D'),0,,3,4,0,1,1,1,1,, -1,1,0,1,90,16,2,2021,08:10,1,45,45302,1,1,0,2,Route dâOrmes-D557 PR1+1,47.952711,1.856268,8,2,2
202100001261,199Â 513,A01,1,1,1,1,1,-1,-1,-1,0,-1,2021,45.0,2,2,3,2,1,1,1,,1,AUTOROUTE A15,0,,1,5,0,2,22,0,2,, -1,2,0,1,70,27,12,2021,06:40,3,95,95572,1,1,1,2, A15,49.0328974301,2.1075081825,6,2,2
202100018574,168Â 435,A01,3,2,2,0,1,0,-1,-1, -1,-1,2021,21.0,2,2,8,0,3,14,1,,7,RD 955,0,,-1,0,0,1,1,0,2,, -1,1,0,1,80,16,9,2021,04:48,3,45,45235,1,1,0,1,RD 955,47.95716,1.79248,4,4,2
202100054912,103Â 655,B01,1,1,1,1,2,0,-1,-1, -1,-1,2021,15.0,1,1,0,2,8,1,1,,4,PAIX (RUE DE LA),0,,2,2,0,1,(1),(1),1,, -1,1,0,1,50,15,1,2021,09:07,1,10,10387,2,1,0,3,PAIX (RUE DE LA),48.30125,4.07027,9,2,2
202100028405,150Â 942,A01,1,1,1,5,2,6,9,0,0,-1,2021,49.0,2,1,0,0,0,1,1,,3,122.1,0,,2,2,0,2,0,150,2,, -1,1,0,3,80,18,7,2021,18:00,1,28,28015,1,1,0,7,D122.14,48.524173,1.771352,18,1,1
202100055389,102Â 839,B01,1,1,1,1,2,6,-1,0,0,-1,2021,16.0,2,1,0,2,3,1,1,,3,761,0,,2,4,1,1,18,250,1,, -1,2,9,5,110,12,1,2021,07:50,3,49,49182,1,1,0,1,D761,47.217775,-0.305611,7,2,2
202100056102,101Â 602,A01,10,3,1,3,0,-1,-1,2,3,1,2021,84.0,1,2,0,1,1,1,1,,3,671,-1,,2,2,0,1,34,600,1,, -1,2,0,1,50,7,1,2021,08:05,2,10,10358,2,1,1,6,6 Boulevard Daniel Traini,48.171384,4.215531,8,2,1
202100031681,145Â 129,A01,1,1,1,5,2,6,-1,0,0,-1,2021,31.0,1,1,0,0,7,1,1,,3,13,0,,2,2,0,1,21,850,2,, -1,1,0,3,50,20,6,2021,04:50,3,4,4245,2,1,0,7,RD 13,43.879722,5.845113,4,1,1
202100055327,102Â 934,A01,1,1,1,5,1,-1,-1,-1, -1,-1,2021,39.0,2,2,0,2,6,9,1,,4,,0,,2,2,0,1,(1),(1),1,, -1,1,0,1,30,12,1,2021,09:15,1,33,33162,2,2,0,3,Rue du Moulin a Vent,44.88536,-0.64104,9,2,2
202100008954,185Â 710,A01,1,1,2,0,1,8,-1,-1, -1,-1,2021,22.0,0,2,0,2,1,8,1,,4,VALLON DE TOULOUSE (RUE),0,,1,3,0,1,0,0,1,, -1,1,3,1,50,7,11,2021,12:50,1,13,13209,2,2,0,3,VALLON DE TOULOUSE (RUE),43.26,5.415,12,4,2
202100039926,130Â 219,A01,1,1,1,0,8,0,-1,-1, -1,-1,2021,20.0,1,1,0,2,0,19,5,,4,LIEPVRE (RUE DE),0,,2,3,1,1,0,0,1,, -1,1,0,1,50,12,5,2021,18:40,1,67,67482,2,3,0,3,LIEPVRE (RUE DE),48.5714934159,7.7701325984,18,2,2
202100055434,102Â 765,A01,10,3,1,0,0,-1,-1,2,5,1,2021,3.0,3,2,0,1,1,1,1,,4,LALLOUETTE(RUE),0,,1,1,0,1,0,0,1,, -1,2,0,1,50,10,1,2021,14:00,1,973,97302,2,1,1,6,LALLOUETTE(RUE),4.94021,-52.33147,14,2,1
202100041900,126Â 724,A01,1,1,1,9,1,0,-1,-1, -1,-1,2021,32.0,2,2,0,2,9,26,1,,7,RD 37,0,,3,4,0,1,8,899,1,, -1,1,0,3,90,30,4,2021,21:15,3,37,37122,2,1,0,2,RD 37,47.3409376466,0.6515160799,21,2,2
202100035697,137Â 904,A01,10,3,2,5,-1,-1,-1,8,A,1,2021,23.0,1,1,0,1,1,1,5,,3,FORGES (AVENUE DES),0,,-1,2,0,1,1,465,1,, -1,1,0,1,50,8,6,2021,08:40,1,65,65440,2,1,0,6,FORGES (AVENUE DES),43.241172,0.078278,8,2,1
202100028771,150Â 298,A01,1,1,1,5,1,-1,-1,0,0,-1,2021,25.0,2,2,15,0,9,6,1,,3,1113,-1,,2,1,0,1,24,270,1,, -1,1,0,8,80,16,7,2021,02:05,3,33,33323,1,6,0,6,Route dÃ©partementale 1113,44.570369,-0.213643,2,2,1
202100005124,192Â 620,A01,1,1,1,0,2,4,-1,-1, -1,-1,2021,16.0,2,1,1,2,1,2,3,,3,907,0,,3,4,0,1,0,0,1,, -1,1,0,1,50,2,12,2021,17:45,5,92,92047,2,1,0,3,REPUBLIQUE,48.837628763,2.1609807014,17,2,2
202100028090,151Â 496,B01,1,1,1,9,2,0,-1,-1, -1,-1,2021,19.0,1,1,0,2,3,13,5,,2,mamoudzou centre-RP Passot quai colas (R,0,,2,2,0,1,0,0,1,, -1,1,0,1,50,19,7,2021,07:00,1,976,97611,2,1,0,3,mamoudzou centre-RP Passot quai colas (R,-12.77677,45.23192,7,2,2
202100026170,154Â 919,A01,2,2,2,5,1,-1,-1,0,0,-1,2021,21.0,1,2,0,2,1,2,1,,2,7,0,,2,2,0,1,14,260,1,, -1,2,0,1,50,30,7,2021,18:00,1,38,38336,2,1,0,5,1035 N7,45.470093,4.8284,18,7,3
202100040015,130Â 067,A01,1,1,2,0,8,0,-1,-1, -1,-1,2021,36.0,1,2,4,0,2,14,1,,1,A50,0,,3,6,0,1,44,32,1,, -1,1,0,2,130,13,5,2021,19:25,1,83,83035,1,1,0,6,A50,43.17871,5.76961,19,1,1
202100007871,187Â 671,A01,1,1,1,1,1,0,-1,-1, -1,-1,2021,33.0,1,2,0,2,3,9,1,,3,LECLERC (AVENU DE LA DIVISION),0,,1,2,0,1,0,1,1,, -1,1,0,1,50,16,11,2021,09:00,1,93,93013,2,2,0,3,LECLERC (AVENU DE LA DIVISION),48.9382490268,2.4289973162,9,2,2
202100004069,194Â 476,A01,1,1,1,5,1,0,-1,-1, -1,-1,2021,49.0,-1,2,15,0,1,9,1,,4,GONIN (AV CLAUDE),0,,1,2,0,1,(1),(1),1,, -1,2,0,1,90,13,11,2021,23:30,3,31,31069,2,9,1,7,GONIN (AV CLAUDE),43.625533,1.38592,23,2,1
202100025291,156Â 451,B01,1,1,1,5,1,0,-1,-1, -1,-1,2021,38.0,3,2,0,2,3,26,1,,7,ALBERT REYNIER (RUE),0,,2,4,1,1,3,500,1,, -1,1,0,1,50,6,8,2021,22:40,5,38,38185,2,4,0,3,Rue Albert Reynier,45.16761,5.70471,22,3,2
202100050399,111Â 607,A01,1,1,1,0,1,-1,-1,0,0,-1,2021,20.0,2,2,8,0,1,1,1,,3,562,0,,2,2,0,1,6,200,1,, -1,1,0,1,50,25,2,2021,19:40,4,14,14572,2,3,0,6,Saint Lazare,48.870685,-0.520864,19,1,1
202100001119,199Â 768,B01,1,1,2,0,6,2,-1,0,0,-1,2021,41.0,2,1,0,2,1,1,1,,3,13,0,D,2,2,0,1,21,711,1,, -1,1,5,1,80,30,12,2021,17:43,2,34,34009,1,2,0,3,D13,43.4714905424,3.3755995112,17,2,2
202100007715,187Â 969,B01,1,1,2,5,1,-1,-1,0,0,-1,2021,72.0,2,2,3,2,3,1,1,,1,19,-1,,3,4,0,2,34,900,2,, -1,2,2,1,130,17,11,2021,09:12,1,45,45281,1,1,1,3,"A 19, p.k 034.900",48.040558,3.033278,9,3,2
202100001547,199Â 038,A01,1,1,1,5,8,-1,-1,0,0,-1,2021,25.0,1,2,4,0,0,1,1,,1,13,-1,,1,5,0,1,71,800,1,, -1,2,0,3,130,25,12,2021,01:30,3,27,27612,1,1,1,7,Autoroute A13 - PK 071.800,49.071543,1.406298,1,2,1
202100014552,175Â 692,A01,1,1,1,5,8,0,-1,-1, -1,-1,2021,20.0,2,1,0,2,1,13,5,,4,LUCIEN SPORTISSE                    (R ),0,,2,2,0,2,(1),(1),2,, -1,1,0,1,50,7,10,2021,17:20,1,69,69381,2,1,0,1,LUCIEN SPORTISSE (R),45.7703199374,4.8307091285,17,2,2
202100025082,156Â 822,A01,1,1,1,0,2,-1,-1,0,0,-1,2021,19.0,0,1,0,2,1,16,1,,4,,-1,,2,2,0,1,(1),(1),1,,5,1,0,1,50,29,7,2021,19:45,1,49,49193,2,3,0,1,1 Rue Pierre de Ronsard,47.129777,-0.897054,19,2,2
202100008854,185Â 913,B01,1,1,1,0,1,0,-1,-1, -1,-1,2021,37.0,1,5,0,2,3,1,1,,4,BUISSONS (AV DES),0,,2,0,0,1,1,0,1,, -1,1,0,1,50,8,11,2021,18:14,4,94,94048,2,1,0,1,BUISSONS (AV DES),48.75,2.55,18,3,2
202100042568,125Â 536,A01,1,1,1,0,1,0,-1,-1, -1,-1,2021,27.0,1,2,0,2,1,2,1,,1,A4,0,,1,4,0,1,3,299,1,, -1,1,0,1,90,26,4,2021,18:00,1,94,94069,1,1,0,4,A4,48.8173019527,2.4323648133,18,3,3