Num_Acc,id_vehicule,num_veh,place,catu,sexe,trajet,secu1,secu2,secu3,locp,actp,etatp,year_acc,victim_age,senc,catv,obs,obsm,choc,manv,motor,occutc,catr,voie,v1,v2,circ,nbv,vosp,prof,pr,pr1,plan,lartpc,larrout,surf,infra,situ,vma,jour,mois,an,hrmn,lum,dep,com,agg_,int,atm,col,adr,lat,long,hour,nb_victim,nb_vehicules
202100001831,198Â 524,A01,10,3,1,0,0,-1,-1,6,3,2,2021,15.0,3,0,0,1,0,26,1,,4,cavani-Briquetterie ( rue de la ),0,,2,2,0,1,0,0,1,, -1,1,0,1,30,14,12,2021,20:11,5,976,97611,2,1,0,6,cavani-Briquetterie ( rue de la ),-12.782202,45.222914,20,3,1
202100045883,119Â 743,B01,2,1,1,0,2,0,-1,-1, -1,-1,2021,24.0,1,1,0,2,3,1,1,,1,86,0,,3,4,0,1,8,399,1,, -1,1,0,1,90,31,3,2021,17:10,1,92,92036,1,1,0,3,A86,48.936748257,2.2920407186,17,2,2
202100039653,130Â 714,A01,10,3,2,5,0,-1,-1,1,6,1,2021,64.0,3,2,0,5,3,1,1,,4,,-1,,2,2,0,1,(1),(1),1,, -1,1,0,1,80,18,5,2021,06:55,2,24,24167,1,1,0,6,Route de Sainte Marthe,44.659626,0.409209,6,2,1
202100014342,176Â 071,A01,1,1,1,9,2,6,-1,-1, -1,-1,2021,15.0,0,1,0,2,2,1,1,,4,SAINT GERVAIS. CAVEE,0,,1,2,0,2,0,0,1,, -1,1,0,1,30,8,10,2021,09:00,1,76,76540,2,2,0,3,SAINT GERVAIS. CAVEE,49.44991,1.08381,9,2,2
202100054455,104Â 423,B01,1,1,1,1,2,0,-1,-1, -1,-1,2021,42.0,3,1,0,2,0,17,5,,4,POMMERAIE   PLACE DE LA,0,,2,2,0,1,(1),(1),1,, -1,1,0,1,30,19,1,2021,13:25,1,17,17274,2,1,0,3,POMMERAIE   PLACE DE LA,46.15484,-1.0966,13,2,2
202100013141,178Â 257,A01,1,1,1,1,2,6,-1,-1, -1,-1,2021,60.0,-1,1,0,2,1,2,1,,3,JEAN JAURES (AVE) 55 A 129,0,,3,2,0,1,0,1,1,, -1,1,0,1,30,15,10,2021,07:57,2,93,93027,2,3,0,1,JEAN JAURES (AVE) 55 A 129,48.91801,2.4077,7,2,2
202100048104,115Â 765,B01,1,1,1,9,1,8,-1,-1, -1,-1,2021,54.0,2,2,0,2,3,2,1,,1,A7-Sens Marseille vers Lyon,0,,1,3,0,1,279,200,1,, -1,1,0,1,90,12,3,2021,09:20,1,13,13214,1,1,0,2,A7-Sens Marseille vers Lyon,43.3318,5.3777,9,4,2
202100037589,134Â 471,B01,1,1,1,5,2,-1,-1,-1, -1,-1,2021,32.0,1,1,0,2,1,0,1,,3,BETHENY (RUE DE),0,,2,2,0,2,0,900,1,, -1,1,0,1,50,28,5,2021,21:00,1,51,51454,2,3,0,1,Rue de Betheny,49.265362539,4.0447905681,21,3,2
202100038118,133Â 530,A01,1,1,2,2,1,-1,-1,0,0,-1,2021,22.0,2,2,2,0,1,0,1,,3,934,-1,D,2,2,0,1,6,600,2,, -1,1,0,8,80,28,5,2021,08:20,1,64,64230,1,1,0,7,D934,43.17524,-0.394564,8,1,1
202100054006,105Â 216,A01,10,3,2,2,0,-1,-1,3,3,1,2021,10.0,1,2,0,1,2,1,2,,3,24,-1,,2,2,0,1,5,150,1,, -1,2,0,1,50,22,1,2021,16:50,1,38,38507,2,1,1,6,Chemin de Vaillant,45.716443,5.171379,16,2,1
202100048509,115Â 051,Z01,10,3,1,2,8,8,-1,6,3,1,2021,15.0,2,2,0,1,1,16,0,,3,GRAND CAMP(SECTION),0,,2,2,0,1,0,0,1,, -1,1,0,3,50,7,1,2021,12:50,1,971,97101,2,1,0,6,GRAND CAMP(SECTION),16.25132,-61.53251,12,2,1
202100052900,107Â 161,B01,1,1,1,0,1,0,-1,-1, -1,-1,2021,51.0,1,5,0,2,3,0,1,,4,BAILLE (BOULEVARD),0,,2,4,0,1,(1),(1),1,, -1,2,0,1,50,1,2,2021,09:30,1,13,13205,2,1,1,4,BAILLE (BOULEVARD),43.2885955309,5.3937842465,9,3,3
202100014557,175Â 684,B01,1,1,2,4,1,0,-1,0,0,-1,2021,30.0,2,2,0,2,8,7,1,,2,PRINCE IMPERIAL COURS,0,,3,4,3,1,(1),(1),1,, -1,1,0,1,50,2,10,2021,18:20,1,201,201004,2,3,0,3,PRINCE IMPERIAL COURS,41.93421,8.7475,18,2,2
202100047675,116Â 535,B01,1,1,1,0,2,6,-1,0,0,-1,2021,45.0,2,1,0,2,1,1,1,,3,113,-1,,2,2,0,2,5,489,2,, -1,1,0,1,80,17,3,2021,13:30,1,6,6095,1,1,0,1,35 Boulevard des 5 Communes,43.650157,6.884576,13,2,2
202100033008,142Â 744,B01,1,1,1,5,2,0,-1,-1, -1,-1,2021,24.0,3,1,0,2,1,1,1,,4,CARPAYE(AVENUE),0,,2,2,0,1,0,0,1,, -1,1,0,1,50,20,6,2021,18:05,5,974,97407,2,1,0,3,CARPAYE(AVENUE),-20.946409,55.298725,18,2,2
202100032237,144Â 140,A01,1,1,1,9,2,0,-1,-1, -1,-1,2021,24.0,1,1,0,2,1,1,1,,4,CLEMENCEAU ( RUE QTIER DEFLESSELLE),0,,4,5,0,1,0,0,2,, -1,1,5,8,50,24,6,2021,18:40,5,987,98735,1,2,0,3,CLEMENCEAU ( RUE QTIER DEFLESSELLE),-17.537612,-149.562178,18,2,2
202100037671,134Â 320,B01,1,1,1,5,2,6,-1,0,0,-1,2021,61.0,2,1,0,2,1,1,1,,3,13,0,D,2,2,0,1,37,622,3,, -1,1,0,1,80,30,5,2021,14:50,1,83,83026,1,1,0,5,D13,43.452701,6.214185,14,5,3
202100011190,181Â 729,A01,2,2,1,5,1,-1,-1,-1, -1,-1,2021,27.0,2,2,0,2,1,13,1,,7,307                      ,0,,2,2,0,2,63,900,1,, -1,1,0,1,50,24,10,2021,06:50,5,69,69276,1,1,0,1,LYON (DE) (RTE)    ,45.6877,4.86149,6,4,2
202100001643,198Â 867,A01,10,3,1,0,0,-1,-1,6,1,1,2021,46.0,2,2,0,1,2,1,1,,3,20,-1,N,3,2,0,1,48,300,1,, -1,2,0,1,90,25,12,2021,19:30,3,91,91414,1,1,1,6,N20,48.353055,2.049133,19,2,1
202100049786,112Â 752,A01,1,1,1,0,8,0,-1,-1, -1,-1,2021,19.0,1,1,0,2,1,0,1,,3,GALLIENI (AV.) DE 111 A 175,0,,2,2,0,1,0,1,1,, -1,1,0,1,50,28,2,2021,06:25,5,93,93010,2,2,0,1,GALLIENI (AV.) DE 111 A 175,48.9059970237,2.4803187703,6,2,2
202100004726,193Â 330,B01,1,1,1,0,8,0,-1,-1, -1,-1,2021,11.0,3,1,0,2,1,1,5,,4,ARC JEANNE D' (RUE),0,,1,1,0,1,0,0,1,, -1,1,0,1,50,2,12,2021,12:40,1,72,72181,2,1,0,3,ARC JEANNE D' (RUE),48.00171,0.20936,12,2,2
202100016949,171Â 327,A01,10,3,1,0,0,-1,-1,5,9,2,2021,22.0,0,5,1,0,3,15,0,,4,SAINT PIERRE (PL) DU 8AU 17,0,,1,1,0,1,(1),(1),2,, -1,1,0,4,20,23,9,2021,22:15,5,31,31555,2,7,0,6,SAINT PIERRE (PL) DU 8AU 17,43.60357,1.43503,22,3,1
202100047170,117Â 453,A01,10,3,2,9,0,-1,-1,1,9,1,2021,73.0,2,4,0,1,6,20,1,,3,60,-1,,2,2,0,2,7,100,2,, -1,1,0,1,90,22,3,2021,14:50,1,52,52004,1,1,0,6,D60,48.4619149395,5.2770509717,14,2,1
202100050950,110Â 607,A01,1,1,1,0,2,0,-1,-1, -1,-1,2021,21.0,1,1,0,2,1,0,1,,3,DE PRESSENSE FRANCIS,0,,1,4,0,1,0,1,1,, -1,1,0,1,50,19,2,2021,14:30,1,93,93066,2,1,0,3,DE PRESSENSE FRANCIS,48.9244,2.37315,14,2,2
202100023156,160Â 228,A01,2,2,2,9,2,6,-1,0,0,-1,2021,47.0,2,1,4,0,1,1,1,,3,559,0,,2,2,0,2,79,150,2,, -1,1,0,3,80,21,8,2021,21:40,3,83,83048,1,1,0,6,Boulevard Saint Raphael,43.196604,6.561424,21,2,1
202100051332,109Â 916,A01,10,3,2,0,0,-1,-1,2,3,1,2021,59.0,1,5,0,1,4,4,1,,4,DANTON(RUE)125+ ET 134BIS+,0,,1,1,1,1,0,0,1,, -1,2,0,6,50,16,2,2021,18:20,5,92,92044,2,3,1,6,DANTON(RUE)125+ ET 134BIS+,48.8975159453,2.2772410512,18,2,1
202100027483,152Â 599,A01,1,1,2,5,1,8,-1,-1, -1,-1,2021,22.0,1,2,0,9,1,12,1,,1,AUTOROUTE A86,0,,1,2,0,1,50,150,1,, -1,1,0,1,70,23,7,2021,21:35,1,94,94034,1,1,0,6,AUTOROUTE A86,48.75548,2.34296,21,2,1
202100036903,135Â 739,B01,1,1,1,0,2,6,-1,0,0,-1,2021,48.0,1,1,0,2,2,17,1,,3,1075,-1,,2,2,0,1,16,760,1,, -1,1,0,1,70,30,5,2021,12:50,1,1,1151,1,1,0,3,D1075,46.072996,5.323911,12,2,2
202100020292,165Â 363,Z01,10,3,2,0,0,-1,-1,1,3,1,2021,36.0,1,0,0,1,1,9,1,,4,AVENUE DU CHATEAU D'EAU,0,,2,2,0,1,(1),(1),1,, -1,1,0,1,50,7,9,2021,06:03,5,33,33281,2,1,0,6,Avenue du ChÃ¢teau dâEau,44.85279,-0.64635,6,2,1
202100026248,154Â 778,A01,1,1,2,5,1,-1,-1,-1,0,-1,2021,24.0,1,2,4,0,3,21,1,,1,AUTOROUTE A15,0,,3,6,0,1,12,100,1,, -1,1,0,1,110,31,7,2021,13:45,1,95,95252,1,1,0,6,A15,48.98393,2.21762,13,1,1
202100034299,140Â 429,A01,1,1,1,0,2,0,-1,-1, -1,-1,2021,44.0,1,1,0,2,1,2,1,,4,AV STALINGRAD,0,,2,0,0,1,0,0,1,, -1,1,0,1,50,9,5,2021,09:10,1,13,13004,2,1,0,3,AV STALINGRAD,43.68906,4.63659,9,2,2
202100041089,128Â 165,A01,10,3,2,1,0,-1,-1,4,3,1,2021,35.0,1,2,0,1,2,15,1,,4,BIENFAISANCE (RUE DE LA),0,,2,2,0,1,(1),(1),2,, -1,1,0,8,50,6,5,2021,05:15,5,59,59599,2,9,0,6,BIENFAISANCE (RUE DE LA),50.724662,3.157842,5,2,1
202100052208,108Â 389,B01,1,1,1,5,2,6,9,-1, -1,-1,2021,20.0,2,1,0,2,1,1,1,,4,ROGER SALENGRO                      (R ),0,,2,0,0,1,(1),(1),1,, -1,1,0,1,50,7,2,2021,16:05,1,69,69389,2,2,0,3,ROGER SALENGRO (R),45.77811,4.80576,16,3,2
202100042587,125Â 499,A01,10,3,1,5,8,8,-1,8,B,3,2021,12.0,0,1,0,1,0,0,1,,4,SEMARD (RUE PIERRE SEMARD),0,,-1,0,0,1,(1),(1),1,, -1,1,0,1,50,25,4,2021,16:35,1,45,45147,2,1,0,6,Rue Pierre Semard,47.9314,1.90621,16,2,1
202100014873,175Â 128,A01,8,2,2,1,8,0,-1,-1, -1,-1,2021,37.0,1,3,0,2,1,26,1,3.0,3,77,0,,2,2,1,1,0,0,1,, -1,1,0,1,50,6,10,2021,19:30,2,92,92014,2,1,0,2,MONTROUGE (AVENUE DE),48.7854105925,2.3104669154,19,4,2
202100046798,118Â 122,B01,4,2,1,0,3,0,-1,-1, -1,-1,2021,5.0,2,2,0,0,6,1,1,,3,AV DE LA REPUBLIQUE ,0,,1,2,0,1,0,1,1,, -1,1,0,1,50,24,3,2021,18:22,1,94,94022,2,1,0,2,REPUBLIQUE (AV DE LA),48.759775,2.408577,18,4,2
202100054940,103Â 607,B01,1,1,1,1,1,8,-1,-1, -1,-1,2021,41.0,2,2,0,2,4,15,3,,4,BALLON,0,,2,1,0,1,0,0,3,, -1,1,0,1,50,15,1,2021,08:15,1,93,93051,2,1,0,2,BALLON,48.8327775152,2.5816047192,8,2,2
202100040952,128Â 417,A01,10,3,1,5,0,-1,-1,4,3,1,2021,68.0,2,5,0,1,2,16,3,,4,BOULEVARD BRUNE,0,,3,2,0,1,(1),(1),1,, -1,1,0,1,50,7,5,2021,07:50,1,75,75114,2,2,0,6,BOULEVARD BRUNE,48.82489,2.318378,7,2,1
202100035613,138Â 063,B01,1,1,1,2,2,-1,-1,0,0,-1,2021,18.0,3,1,0,2,1,13,1,,3,1,0,,2,2,0,1,(1),(1),2,,"5,5",1,0,1,80,10,6,2021,09:00,1,50,50342,1,1,0,1,Rue du Cap,49.647678,-1.243687,9,2,2
202100030564,147Â 122,A01,1,1,1,1,2,6,-1,-1, -1,-1,2021,34.0,3,1,0,0,5,1,1,,4,DUCLOS (AVENUE JACQUES),0,,2,2,0,1,(1),(1),1,, -1,2,0,1,50,5,7,2021,08:00,1,37,37233,2,1,1,7,DUCLOS (AVENUE JACQUES),47.3811074508,0.7348997891,8,1,1
202100002421,197Â 450,B01,10,3,1,0,0,-1,-1,4,3,1,2021,78.0,1,5,0,1,2,0,1,,7,DODIN (AVENUE ROGER),0,,-1,2,0,1,23,450,1,, -1,1,0,1,30,17,12,2021,10:35,2,35,35281,1,9,0,6,DODIN (AVENUE ROGER),48.090926,-1.704723,10,2,1
202100003623,195Â 272,B01,1,1,1,0,0,0,0,-1, -1,-1,2021,26.0,2,1,9,2,2,1,5,,7,ACACIAS AVENUE DES,0,,2,2,1,1,(1),(1),1,, -1,2,0,1,50,9,12,2021,17:50,5,59,59410,2,9,0,3,ACACIAS AVENUE DES,50.6420970519,3.101234436,17,2,2
202100039328,131Â 302,A01,1,1,1,9,1,0,-1,-1, -1,-1,2021,26.0,2,2,0,2,1,5,1,,3,RTE DE LA GRANGE ,0,,2,2,0,1,1,0,1,, -1,2,0,1,50,19,5,2021,12:44,1,94,94075,2,1,0,1,Route de la Grange,48.733,2.517,12,2,2
202100004912,193Â 008,A01,10,3,1,5,0,-1,-1,1,5,1,2021,14.0,1,5,0,1,3,1,1,,4,RUE RIQUET,0,,2,2,0,1,(1),(1),1,, -1,2,0,1,30,3,12,2021,14:20,1,75,75119,2,1,1,6,RUE RIQUET,48.88886,2.372754,14,2,1
202100028420,150Â 915,A01,1,1,1,5,2,-1,-1,0,0,-1,2021,67.0,1,1,6,0,1,13,1,,3,910,-1,,3,2,0,2,1,200,3,, -1,1,0,4,50,18,7,2021,18:20,1,53,53094,1,1,1,7,Le Port,47.998602,-0.73456,18,1,1
202100015644,173Â 709,A01,1,1,1,9,2,0,-1,0,0,-1,2021,36.0,2,1,0,2,0,1,1,,4,RUE SAINT MAUR,0,,2,2,0,1,(1),(1),1,, -1,2,0,1,30,1,10,2021,22:40,5,75,75111,2,2,1,3,RUE SAINT MAUR,48.861095,2.381153,22,3,2
202100027168,153Â 154,F01,1,1,1,0,1,0,-1,-1, -1,-1,2021,45.0,2,2,0,2,7,0,1,,1,A7-Sens Marseille vers Lyon,0,,1,3,0,1,275,0,1,, -1,1,0,1,90,25,7,2021,12:00,1,13,13215,1,1,0,4,A7-Sens Marseille vers Lyon,43.3458187582,5.3736421119,12,6,6
202100013538,177Â 526,A01,1,1,2,5,8,0,-1,0,0,-1,2021,49.0,1,0,0,2,8,1,3,,4,TREGUNC ( RUE DE ),0,,2,2,3,1,1,800,2,, -1,1,5,6,50,11,10,2021,11:53,1,29,29039,2,6,0,3,Rue de TrÃ©gunc,47.8652473283,-3.9016424417,11,2,2
202100022828,160Â 806,B01,4,2,1,0,1,8,-1,-1, -1,-1,2021,9.0,0,2,0,2,7,11,1,,3,REPUBLIQUE (AVENUE),0,,2,4,0,1,0,0,1,, -1,1,4,1,50,23,8,2021,22:55,5,93,93031,2,3,0,3,REPUBLIQUE (AVENUE),48.948,2.33864,22,5,2
202100053578,105Â 950,A01,2,2,1,5,2,6,-1,-1, -1,-1,2021,16.0,1,1,0,2,2,9,1,,4,ARMAND (RUE LOUIS),0,,2,2,2,1,(1),(1),1,, -1,1,-1,1,50,26,1,2021,16:00,1,73,73011,2,2,0,3,ARMAND (RUE LOUIS),45.6590930591,6.3709629625,16,3,2
202100004106,194Â 401,A01,1,1,1,1,2,6,-1,0,0,-1,2021,36.0,1,1,0,2,1,1,1,,4,PORTE D ORLEANS,0,,1,3,0,1,(1),(1),1,, -1,1,0,1,70,8,12,2021,14:35,1,75,75114,2,4,0,2,PORTE D ORLEANS,48.820678,2.323145,14,2,2
202100011640,180Â 917,A01,2,2,1,5,0,0,-1,0,0,-1,2021,14.0,1,1,0,0,0,1,3,,4,RUE DES VOLONTAIRES,0,,1,1,0,1,(1),(1),1,, -1,1,0,1,30,22,10,2021,16:00,1,75,75115,2,2,0,7,RUE DES VOLONTAIRES,48.843063,2.306853,16,2,1
202100030915,146Â 501,A01,10,3,1,9,0,-1,-1,1,9,1,2021,86.0,3,6,0,1,1,1,1,,4,,0,,2,2,0,2,(1),(1),4,,3,2,0,1,-1,3,7,2021,14:20,1,73,73107,1,4,1,6,lieu dit les bruns,45.4679706778,5.8847349032,14,2,1
202100028602,150Â 591,A01,1,1,1,1,2,8,-1,-1, -1,-1,2021,26.0,3,1,0,2,1,17,1,,4,CHAUDRON  (BLD 1 DU),0,,2,2,0,1,0,0,1,, -1,1,0,1,50,16,7,2021,07:45,1,974,97411,2,1,0,3,CHAUDRON  (BLD 1 DU),-20.89737,55.49634,7,2,2
202100024728,157Â 442,A01,10,3,1,5,0,-1,-1,4,3,2,2021,89.0,1,2,0,1,3,15,1,,4,,0,,2,3,0,1,(1),(1),1,, -1,1,0,1,50,9,8,2021,12:44,1,66,66136,2,3,0,6,BOURRAT BOULEVARD JEAN,42.7005803779,2.9024824202,12,3,1
202100026494,154Â 342,B01,1,1,1,9,1,0,-1,0,0,-1,2021,45.0,2,2,0,2,6,22,1,,4,RUE DES MARAICHERS,0,,2,3,0,1,(1),(1),1,, -1,1,0,1,30,29,7,2021,14:30,1,75,75120,2,2,0,3,RUE D AVRON,48.852792,2.406632,14,2,2
202100015212,174Â 509,A01,2,2,2,5,1,-1,-1,-1,0,-1,2021,63.0,1,2,0,2,4,21,1,,1,AUTOROUTE A15,0,,3,4,0,1,8,0,3,, -1,1,3,2,90,1,9,2021,14:00,1,95,95582,1,1,0,2, A15,48.963927,2.263203,14,3,2
202100005685,191Â 636,B01,1,1,1,5,1,-1,-1,0,0,-1,2021,67.0,1,2,0,2,3,1,1,,3,28,-1,,2,2,0,1,33,950,2,,"4,4",1,0,1,80,30,11,2021,13:40,1,79,79242,1,1,0,1,,46.944205,-0.527805,13,2,2
202100025939,155Â 318,A01,10,3,2,5,0,-1,-1,3,3,1,2021,44.0,3,2,0,1,2,1,1,,7,96,-1,,2,2,0,1,(1),(1),1,, -1,1,6,8,50,30,7,2021,11:30,1,13,13016,2,9,0,1,Rue Jean Pourchier,43.397132,5.591375,11,2,1
202100024427,158Â 019,B01,1,1,1,0,2,-1,-1,0,0,-1,2021,42.0,1,1,0,2,4,23,1,,3,2,0,,-1,2,0,1,6,900,1,, -1,1,8,1,50,13,8,2021,11:45,1,973,97309,1,1,0,2,257 Route d Attila Cabassou,4.88912,-52.289965,11,2,2
202100028391,150Â 965,B01,7,2,1,5,1,-1,-1,0,0,-1,2021,28.0,2,2,0,0,6,1,1,,3,27,0,A,2,2,0,1,9,795,1,, -1,1,0,1,80,15,7,2021,20:30,2,36,36136,1,2,0,3,,46.931305,1.173885,20,4,2
202100050164,112Â 050,B01,1,1,1,0,2,0,-1,-1, -1,-1,2021,37.0,1,1,0,2,1,1,1,,4,BROGNY (AVENUE DE) (SECTEUR 410),0,,2,0,0,1,0,0,1,, -1,1,0,1,50,24,2,2021,10:47,1,74,74010,2,1,0,1,BROGNY (AVENUE DE) (SECTEUR 410),45.9218685755,6.1256021261,10,2,2
202100034475,140Â 100,B01,1,1,1,5,2,-1,-1,0,0,-1,2021,66.0,2,1,0,2,1,1,5,,3,921,2,B,2,2,0,4,(1),(1),1,, -1,1,0,1,80,15,6,2021,14:30,1,65,65470,1,3,0,3,Route d Argeles,43.0625257868,-0.0429609418,14,2,2
202100002241,197Â 778,B01,1,1,1,0,8,-1,-1,-1, -1,-1,2021,22.0,1,1,0,2,3,0,3,,3,ALFRED ANATOLE THEVENET (AVENUE),0,,1,1,0,1,44,450,1,, -1,1,0,1,50,14,12,2021,18:25,4,51,51663,2,1,0,3,Avenue Alfred Anatole Thevenet,49.0554,3.96481,18,2,2
202100004430,193Â 844,B01,1,1,1,0,1,0,-1,-1, -1,-1,2021,27.0,2,1,1,2,4,0,1,,3,909,0,,-1,2,0,1,0,0,1,, -1,1,0,1,50,3,12,2021,21:30,5,92,92004,2,1,0,3,Avenue dâArgenteuil,48.9175875873,2.2816693783,21,2,2
202100036837,135Â 852,A01,1,1,1,5,8,0,-1,0,0,-1,2021,22.0,1,1,0,2,8,19,5,,4,RUE DE LA CROIX NIVERT,0,,2,3,0,1,(1),(1),1,, -1,1,0,1,50,2,6,2021,14:30,1,75,75115,2,1,0,3,RUE DE LA CROIX NIVERT,48.847386,2.300796,14,2,2
202100029884,148Â 379,A01,1,1,1,5,1,-1,-1,0,0,-1,2021,20.0,1,2,2,0,1,1,1,,3,207,-1,,2,2,0,1,6,800,3,, -1,1,0,3,80,10,7,2021,03:00,3,58,58300,1,1,1,6,D207,47.066044,3.193792,3,1,1
202100024528,157Â 816,A01,10,3,1,5,0,-1,-1,2,3,2,2021,4.0,1,2,0,1,2,1,1,,3,JAURES (BOULEVARD JEAN),0,,2,2,0,1,0,0,1,, -1,1,0,1,30,12,8,2021,20:40,1,28,28085,2,1,0,1,JAURES (BOULEVARD JEAN),48.45173,1.49149,20,3,1
202100014713,175Â 415,A01,1,1,1,1,1,-1,-1,0,0,-1,2021,94.0,3,2,0,0,0,1,1,,4,,-1,,-1,2,0,1,(1),(1),2,,4,1,9,8,50,6,10,2021,17:18,1,17,17219,2,1,0,7,La Cayenne,45.789028,-1.125412,17,1,1
202100014634,175Â 557,A01,1,1,1,4,2,0,-1,0,0,-1,2021,19.0,1,1,0,2,5,17,1,,4,BOULEVARD EDGAR QUINET,0,,2,2,0,1,(1),(1),1,, -1,1,0,1,30,6,10,2021,13:25,1,75,75114,2,3,1,3,BOULEVARD EDGAR QUINET,48.839455,2.330252,13,2,2
202100010713,182Â 576,B01,2,2,2,5,1,0,-1,-1, -1,-1,2021,14.0,3,5,0,2,4,2,0,,4,SOUVESTRE (RUE EMILE),0,,2,2,0,1,(1),(1),2,, -1,1,0,1,50,27,10,2021,17:00,1,35,35281,2,3,0,2,SOUVESTRE (RUE EMILE),48.06855,-1.69978,17,4,2
202100013615,177Â 380,A01,2,2,1,0,1,-1,-1,-1, -1,-1,2021,25.0,2,2,0,2,1,2,1,,4,LUCIEN BUISSON                      (AV),0,,2,2,0,1,(1),(1),1,, -1,2,0,1,50,4,10,2021,19:10,5,69,69282,2,1,1,4,LUCIEN BUISSON (AV),45.76513,4.996558,19,5,3
202100042922,124Â 947,A01,2,2,1,0,1,0,-1,-1, -1,-1,2021,55.0,2,2,0,2,3,23,1,,4,AV PASTEUR,0,,2,3,1,1,1,0,1,, -1,1,5,1,50,23,4,2021,09:50,1,94,94016,2,1,0,3,Avenue Pasteur,48.78669,2.32355,9,3,2
202100032411,143Â 838,B01,1,1,1,9,1,-1,-1,0,0,-1,2021,35.0,1,2,0,2,1,1,1,,3,606,0,R,2,2,0,1,92,920,1,, -1,1,0,1,80,25,6,2021,17:00,1,89,89077,1,3,0,3,,47.751822,3.605565,17,3,2
202100007975,187Â 477,A01,1,1,1,9,8,0,-1,-1, -1,-1,2021,25.0,1,1,0,2,1,19,1,,2,SECTION PLIANE,0,,2,2,0,1,(1),(1),2,, -1,1,0,1,50,14,11,2021,12:30,1,971,97113,2,1,0,1,SECTION PLIANE,16.2103339366,-61.4416837692,12,2,2
202100024569,157Â 744,A01,10,3,1,9,0,-1,-1,2,9,1,2021,55.0,1,1,0,1,1,0,1,,4,ANATOLE FRANCE (ALLEE),0,,2,2,0,1,0,0,1,, -1,1,8,8,50,12,8,2021,19:38,1,93,93014,2,1,0,6,AllÃ©e Anatole France,48.9055,2.55614,19,2,1
202100022360,161Â 679,A01,1,1,1,5,2,6,-1,0,0,-1,2021,56.0,1,1,0,0,7,1,1,,3,979,-1,,2,2,0,1,89,970,3,, -1,1,0,1,30,27,8,2021,20:00,2,30,30003,2,6,0,7,RD 979,43.568864,4.189841,20,1,1
202100053014,106Â 958,A01,2,2,1,5,0,-1,-1,0,0,-1,2021,31.0,2,2,7,0,1,14,1,,3,988,-1,,2,2,0,1,30,810,1,, -1,2,5,3,80,1,2,2021,14:10,1,78,78522,1,3,0,7,D988,48.577615,1.965635,14,2,1
202100044976,121Â 336,B01,1,1,1,1,8,0,-1,0,0,-1,2021,23.0,2,1,0,2,4,2,5,,4,RUE DE CLICHY,0,,1,2,0,3,(1),(1),1,, -1,2,0,1,50,5,4,2021,16:20,1,75,75109,2,1,1,2,RUE DE CLICHY,48.882121,2.328089,16,2,2
202100038795,132Â 267,A01,2,2,2,9,1,5,-1,-1, -1,-1,2021,19.0,1,5,0,2,1,15,1,,4,AUGUSTE RENOIR (RUE),0,,2,2,0,1,0,0,2,, -1,2,0,1,50,22,5,2021,19:13,1,93,93005,2,1,0,1,Rue Auguste Renoir,48.95434,2.4927,19,3,2
202100040599,129Â 046,A01,1,1,2,5,0,-1,-1,-1,0,-1,2021,16.0,3,1,0,2,1,25,5,,4,JAURES JEAN (RUE),0,,2,0,0,1,(1),(1),1,, -1,1,0,4,50,9,5,2021,15:30,1,95,95019,2,1,0,3,JAURES JEAN (RUE),48.99493,2.41938,15,3,2
202100004076,194Â 457,B01,1,1,2,1,1,0,-1,-1, -1,-1,2021,41.0,2,2,0,2,4,23,1,,3,,0,,2,2,1,2,38,60,1,, -1,2,0,1,50,7,12,2021,08:43,1,25,25056,2,1,0,4,Rue de Belfort,47.25598,6.04112,8,3,3
202100040916,128Â 487,A01,10,3,1,5,8,8,-1,3,3,1,2021,86.0,3,3,0,1,2,16,1,1.0,4,RUE LESDIGUIÃRES,0,,2,4,3,1,(1),(1),1,, -1,2,9,1,30,7,5,2021,09:45,1,38,38185,2,3,1,6,Rue LesdiguiÃ¨res,45.18617,5.72464,9,2,1
202100052839,107Â 273,A01,1,1,2,0,1,-1,-1,0,0,-1,2021,34.0,2,2,0,2,1,13,1,,3,,-1,,2,2,0,2,(1),(1),1,, -1,1,0,1,70,2,2,2021,08:30,1,971,97128,1,1,0,1,Route de FouchÃ©,16.243048,-61.395991,8,2,2
202100033268,142Â 306,A01,1,1,1,1,1,-1,-1,0,0,-1,2021,50.0,1,2,13,2,1,13,1,,1,31,-1,A,3,4,0,1,182,200,1,, -1,1,0,3,130,21,6,2021,04:15,3,88,88440,1,1,0,3,A31,48.267966,5.861893,4,2,2
202100027095,153Â 283,A01,1,1,1,9,8,8,-1,-1, -1,-1,2021,29.0,1,1,0,2,1,5,1,,3,DOCTEUR ROUX RUE DU,0,,2,2,0,1,101,0,1,, -1,1,0,1,50,25,7,2021,20:00,1,93,93046,2,1,0,3,Rue du Docteur Roux,48.933476,2.55112,20,2,2
202100003032,196Â 364,A01,1,1,1,0,2,0,-1,-1, -1,-1,2021,29.0,2,1,0,2,8,18,1,,1,A50-Sens Aubagne vers Marseille,0,,3,4,0,1,10,449,1,, -1,1,0,1,90,13,12,2021,09:20,1,13,13070,1,1,0,3,A50-Sens Aubagne vers Marseille,43.285771,5.512812,9,2,2