Num_Acc,id_vehicule,num_veh,place,catu,sexe,trajet,secu1,secu2,secu3,locp,actp,etatp,year_acc,victim_age,senc,catv,obs,obsm,choc,manv,motor,occutc,catr,voie,v1,v2,circ,nbv,vosp,prof,pr,pr1,plan,lartpc,larrout,surf,infra,situ,vma,jour,mois,an,hrmn,lum,dep,com,agg_,int,atm,col,adr,lat,long,hour,nb_victim,nb_vehicules
202100012912,178Â 650,A01,1,1,1,1,2,-1,-1,0,0,-1,2021,18.0,2,1,0,2,1,2,1,,3,939,0,D,2,2,0,1,159,100,1,, -1,1,0,1,80,16,10,2021,12:40,1,62,62113,1,3,0,2,D939,50.349318,2.537472,12,4,2
202100008995,185Â 637,A01,1,1,1,5,1,-1,-1,0,0,-1,2021,31.0,2,2,2,0,9,13,1,,3,908,0,,2,2,0,1,3,200,1,, -1,1,0,3,80,8,11,2021,16:45,2,55,55072,1,1,0,7,D908,49.163659,5.632306,16,1,1
202100028749,150Â 336,A01,1,1,2,5,1,-1,-1,0,0,-1,2021,32.0,1,2,4,0,3,0,1,,1,51,-1,,3,4,0,2,28,500,2,, -1,1,0,8,130,16,7,2021,23:50,3,13,13113,1,1,0,3,Autoroute A51 - PK 28+500,43.605987,5.497134,23,10,3
202100046778,118Â 155,B01,1,1,1,4,2,6,-1,0,0,-1,2021,25.0,1,1,0,2,7,1,1,,4,BOULEVARD PEREIRE,0,,1,1,0,1,(1),(1),1,, -1,1,0,1,50,24,3,2021,08:30,5,75,75117,2,2,0,3,BOULEVARD PEREIRE,48.88784,2.307088,8,2,2
202100042665,125Â 370,A01,2,2,2,5,1,0,-1,-1, -1,-1,2021,74.0,2,2,0,2,2,15,1,,4,RUE JACQUES IEKAWE,0,,2,2,0,1,0,0,1,, -1,1,5,1,50,23,4,2021,18:00,3,988,98818,2,2,0,3,RUE JACQUES IEKAWE/RUE ARMAND OHLEN,-22.24839,166.46377,18,3,2
202100029549,148Â 974,B01,1,1,1,5,1,-1,-1,-1, -1,-1,2021,42.0,1,2,0,2,4,2,1,,1,ROCADE A 630,0,,3,6,0,1,27,83,1,, -1,1,0,1,90,11,7,2021,18:12,1,33,33192,1,1,0,2,ROCADE A 630,44.78762,-0.59954,18,7,2
202100004264,194Â 134,A01,10,3,2,5,8,8,-1,1,3,1,2021,19.0,1,2,0,1,3,1,1,,4,VOLTAIRE (BD),0,,2,2,0,1,(1),(1),1,, -1,2,0,1,50,6,12,2021,10:50,1,35,35238,2,1,1,6,VOLTAIRE (BD),48.105060198,-1.6964845061,10,2,1
202100046461,118Â 735,B01,1,1,1,0,2,-1,-1,0,0,-1,2021,29.0,2,1,0,2,1,17,1,,3,114,-1,D,2,2,0,1,(1),(1),1,, -1,1,0,1,80,27,3,2021,18:40,3,971,97117,1,3,0,1,Route de Caillebot,16.312633,-61.365402,18,2,2
202100002667,197Â 011,A01,1,1,1,0,1,-1,-1,0,0,-1,2021,88.0,2,2,7,0,1,0,1,,3,749,-1,,2,2,0,1,74,90,3,, -1,7,0,3,80,18,12,2021,08:45,1,37,37035,1,4,0,6,,46.9982911289,0.3183135018,8,1,1
202100018706,168Â 205,A01,1,1,2,0,1,0,-1,-1, -1,-1,2021,23.0,1,2,0,2,2,2,0,,1,AUTOROUTE A1,0,,3,3,0,1,6,400,1,, -1,1,0,1,90,16,9,2021,13:00,1,93,93027,1,1,0,2,AUTOROUTE A1,48.9353079174,2.4023287771,13,3,2
202100040627,128Â 993,A01,10,3,2,5,0,-1,-1,3,3,2,2021,5.0,2,2,0,1,2,1,1,,4,AVENUE ALBERT BARTHOLOME,0,,2,2,0,1,(1),(1),1,, -1,1,0,1,50,9,5,2021,16:25,1,75,75115,2,3,0,6,AVENUE ALBERT BARTHOLOME,48.829085,2.293269,16,3,1
202100000996,199Â 980,A01,1,1,1,5,2,6,-1,-1, -1,-1,2021,41.0,2,1,0,2,1,18,1,,3,BAYONNE (AVENUE DE),0,,2,2,3,1,9,640,1,, -1,2,5,6,50,27,12,2021,17:55,5,64,64024,2,1,1,1,24 Avenue de Bayonne,43.48068,-1.51382,17,2,2
202100045028,121Â 239,B01,1,1,2,0,1,0,-1,-1, -1,-1,2021,53.0,2,2,0,2,2,1,1,,4,PLOMBIERES (BOULEVARD DES),0,,3,4,0,1,(1),(1),1,, -1,1,0,1,50,5,4,2021,16:15,1,13,13203,2,1,0,5,PLOMBIERES (BOULEVARD DES),43.317729,5.380956,16,3,3
202100027128,153Â 215,B01,1,1,1,5,1,-1,-1,0,0,-1,2021,66.0,1,2,0,2,3,1,1,,2,94,-1,,2,2,0,1,97,20,1,, -1,1,0,1,80,25,7,2021,21:05,3,5,5164,1,1,0,3,RN 94,44.535583,6.384645,21,4,2
202100044563,122Â 061,B01,3,2,1,5,3,8,-1,-1, -1,-1,2021,4.0,1,2,0,2,1,1,1,,3,ALLENDE ( AV. PRES. SALVADOR ),0,,2,2,0,2,92,680,1,, -1,1,0,1,70,8,4,2021,11:10,1,56,56083,1,2,0,3,ALLENDE ( AV. PRES. SALVADOR ),47.81064,-3.25235,11,3,2
202100003815,194Â 934,A01,1,1,1,9,2,6,-1,0,0,-1,2021,54.0,2,1,0,2,7,1,1,,1,A13Y,0,,3,2,0,1,1,0,1,, -1,1,0,1,110,10,12,2021,17:50,3,75,75116,1,1,0,2,A13Y,48.8482649185,2.2422891855,17,2,2
202100012884,178Â 698,A01,10,3,1,9,0,-1,-1,2,3,1,2021,22.0,1,4,0,1,1,17,1,,4,COLONEL FABIEN (R),0,,2,2,0,1,1,0,1,, -1,1,0,8,50,16,10,2021,13:35,1,94,94074,2,9,0,6,Rue du Colonel Fabien,48.745399,2.469167,13,2,1
202100019719,166Â 392,B01,1,1,1,1,2,0,-1,0,0,-1,2021,53.0,2,1,0,2,1,1,1,,4,BOULEVARD DE LA VILLETTE,0,,3,2,0,1,(1),(1),1,, -1,1,0,1,50,10,9,2021,16:10,1,75,75110,2,3,0,3,BOULEVARD DE LA VILLETTE,48.881493,2.370404,16,2,2
202100045405,120Â 570,A01,1,1,2,5,1,0,-1,0,0,-1,2021,34.0,1,2,0,2,1,17,1,,4,FROS (RUE DU),0,,-1,2,0,1,0,0,1,, -1,1,0,1,50,26,3,2021,17:00,1,22,22215,2,1,0,3,FROS (RUE DU),48.500475,-2.800925,17,2,2
202100027794,152Â 031,B01,1,1,1,0,2,-1,-1,0,0,-1,2021,24.0,1,1,3,2,3,0,1,,2,5,-1,N,1,4,0,1,(1),(1),1,, -1,1,0,1,70,21,7,2021,12:20,1,972,97221,1,1,0,3,national 5,14.533009,-60.982999,12,2,2
202100018040,169Â 380,B01,1,1,1,5,2,6,-1,0,0,-1,2021,16.0,1,1,2,2,3,1,1,,3,10,0,D,2,2,0,1,102,35,1,,7,2,0,1,50,19,9,2021,20:35,5,33,33355,2,3,0,1,D10,44.667459,-0.350592,20,2,2
202100026357,154Â 583,A01,2,2,1,5,2,6,-1,0,0,-1,2021,16.0,2,1,13,0,1,14,1,,3,17,0,D,2,2,0,1,15,800,1,, -1,1,0,3,90,31,7,2021,01:00,3,34,34314,1,1,0,7,D17,43.737848,3.867123,1,2,1
202100018696,168Â 225,B01,2,1,1,4,2,6,-1,-1, -1,-1,2021,32.0,1,1,0,2,1,12,1,,1,A507 sens Marseille - Aubagne,0,,3,4,0,2,7,429,1,, -1,1,1,1,70,10,9,2021,16:40,1,13,13055,1,1,0,2,A507 sens Marseille - Aubagne,43.30002,5.42461,16,2,2
202100034643,139Â 794,B01,1,1,1,5,2,6,-1,0,0,-1,2021,16.0,2,1,0,0,4,2,1,,3,984,0,F,2,2,0,1,0,415,1,, -1,1,0,1,50,13,6,2021,22:45,5,1,1354,1,1,0,2,Route de Meyrin,46.238196,6.038634,22,3,2
202100043533,123Â 848,B01,1,1,1,0,2,6,-1,-1, -1,-1,2021,50.0,1,1,0,2,8,1,1,,4,CREUZET                             (R ),0,,1,1,0,1,(1),(1),1,, -1,1,0,1,50,18,4,2021,16:30,1,69,69387,2,2,0,3,CREUZET (R),45.7508937678,4.8467074239,16,2,2
202100035698,137Â 903,A01,10,3,2,0,0,-1,-1,3,3,1,2021,70.0,3,2,0,1,1,15,1,,4,ITHURRICO ETCHEA (RUE),0,,2,2,0,1,0,0,1,, -1,1,0,1,50,7,6,2021,13:25,1,64,64483,2,1,0,6,ITHURRICO ETCHEA (RUE),43.38828,-1.6489,13,2,1
202100033688,141Â 547,B01,1,1,1,0,8,0,-1,-1, -1,-1,2021,25.0,2,0,0,2,7,1,3,,4,,0,,3,2,0,1,0,0,1,, -1,1,9,1,50,18,6,2021,20:45,1,92,92012,2,1,0,3,SILLY (RUE DE) 1/87 - 2/88,48.838317315,2.2321665287,20,2,2
202100042611,125Â 457,A01,10,3,2,5,0,-1,-1,2,3,1,2021,66.0,2,2,0,1,3,1,1,,3,CHARLES DE GAULLE (BD) (15 AU 69),0,,2,2,0,1,0,0,1,, -1,1,0,1,50,25,4,2021,12:35,1,92,92078,2,3,0,6,CHARLES DE GAULLE (BD) (15 AU 69),48.9364521872,2.3323014379,12,2,1
202100029388,149Â 247,A01,8,2,2,5,0,-1,-1,0,0,-1,2021,20.0,2,2,0,2,2,1,1,,1,A26,-1,,3,4,0,4,147,6,1,, -1,1,0,1,130,13,7,2021,10:50,1,59,59623,1,1,0,2,A26 PK 147.6,50.0277319573,3.1710536403,10,4,2
202100021868,162Â 545,B01,2,2,2,0,1,-1,-1,0,0,-1,2021,94.0,2,2,0,2,6,1,1,,3,14,2,D,2,2,0,1,23,100,1,, -1,1,0,1,-1,31,8,2021,14:25,1,27,27407,1,2,0,1,D14b,49.308973,1.467361,14,3,2
202100020434,165Â 113,A01,1,1,1,1,2,6,-1,-1, -1,-1,2021,55.0,2,1,0,2,8,3,1,,1,86,0,,3,4,0,1,6,0,1,, -1,1,0,1,110,7,9,2021,09:15,1,92,92025,1,1,0,3,A86,48.9354125442,2.261189974,9,2,2
202100029193,149Â 569,A01,1,1,1,5,2,6,-1,0,0,-1,2021,47.0,1,1,0,2,8,2,1,,3,140,-1,,2,2,0,1,16,710,1,, -1,1,0,1,80,13,7,2021,20:00,1,56,56015,1,1,0,2,Le Flachec,47.623058,-2.53473,20,2,2
202100055766,102Â 182,A01,10,3,1,2,0,-1,-1,5,9,1,2021,17.0,3,3,0,1,7,16,1,1.0,4,Rue de FlacÃ©,0,,3,2,0,1,(1),(1),1,, -1,2,9,4,30,8,1,2021,07:45,5,71,71270,2,1,0,6,R de FlacÃ©,46.3140825468,4.8279337369,7,2,1
202100030955,146Â 425,A01,1,1,2,5,1,0,-1,-1, -1,-1,2021,59.0,1,2,0,2,3,14,1,,2,104,0,,3,2,0,2,58,400,1,, -1,2,0,1,70,4,7,2021,18:40,1,91,91363,1,1,1,5,RN 104,48.65789,2.18259,18,5,4
202100000955,200Â 042,C01,1,1,1,4,2,6,-1,-1, -1,-1,2021,19.0,1,1,0,2,4,1,1,,1,A104,0,,3,8,0,2,23,600,1,, -1,1,0,1,90,30,12,2021,21:00,3,77,77438,1,1,0,4,A104,48.8740514647,2.6695436473,21,7,3
202100009504,184Â 724,A01,1,1,1,5,9,-1,-1,0,0,-1,2021,21.0,1,1,0,0,4,2,5,,3,845,-1,,2,2,2,1,8,525,1,, -1,2,0,5,50,4,11,2021,21:45,5,62,62502,2,1,1,2,Route de BÃ©thune,50.614515,2.688893,21,2,2
202100027069,153Â 333,B01,1,1,2,0,2,6,-1,0,0,-1,2021,17.0,1,1,0,2,1,23,1,,4,HIPPODROME RUE DE L',0,,2,2,0,1,(1),(1),1,, -1,2,0,1,50,24,7,2021,19:10,1,29,29232,2,1,0,2,Rue de lâHippodrome,47.99618,-4.09569,19,2,2
202100045920,119Â 677,A01,1,1,1,0,2,-1,-1,0,0,-1,2021,30.0,0,1,0,2,2,18,1,,4,GEORGES POMPIDOU (AVENUE),0,,-1,4,0,1,(1),(1),1,, -1,1,0,1,50,26,3,2021,17:40,1,80,80021,2,1,0,3,GEORGES POMPIDOU (AVENUE),49.90174,2.28389,17,2,2
202100049383,113Â 489,A01,1,1,1,5,2,6,-1,-1, -1,-1,2021,49.0,3,1,0,2,1,1,6,,4,PROGRES (RUE DU ),0,,2,2,0,1,(1),(1),1,, -1,1,0,1,50,3,3,2021,15:10,1,59,59017,2,3,0,3,PROGRES (RUE DU ),50.6911012682,2.8757612407,15,2,2
202100029018,149Â 862,A01,2,2,2,5,1,-1,-1,0,0,-1,2021,49.0,1,2,0,2,1,11,1,,2,30,0,,2,2,0,1,10,50,1,, -1,1,0,1,70,14,7,2021,16:50,1,202,202050,1,1,0,1,RT30,42.557731,8.795902,16,4,2
202100049399,113Â 457,A01,1,1,1,4,2,0,-1,-1, -1,-1,2021,40.0,1,1,0,2,2,17,1,,4,PONT DE VIVAUX (BOULEVARD),0,,2,2,0,1,(1),(1),1,, -1,1,0,1,50,3,3,2021,20:25,5,13,13210,2,1,0,5,PONT DE VIVAUX (BOULEVARD),43.2809210045,5.4219964415,20,3,3
202100056498,100Â 913,A01,1,1,1,5,1,0,-1,-1, -1,-1,2021,21.0,2,2,0,2,1,2,1,,2,RN104,0,,1,2,0,1,12,0,1,, -1,1,0,1,110,2,1,2021,14:15,1,77,77249,1,1,0,6,RN104,48.7312281445,2.6091964028,14,6,3
202100019055,167Â 580,A01,2,2,2,5,1,-1,-1,0,0,-1,2021,16.0,2,2,2,0,1,1,1,,3,33,-1,,2,2,0,1,3,882,1,, -1,1,0,3,90,22,8,2021,13:00,1,72,72031,1,1,0,6,Route de Tuffe,48.088189,0.512817,13,2,1
202100011597,180Â 999,B01,1,1,1,0,1,0,-1,-1, -1,-1,2021,59.0,2,2,0,2,4,1,1,,4,POMPIDOU (AVENUE GEORGES),0,,2,3,0,2,(1),(1),1,, -1,2,2,1,50,21,10,2021,18:35,2,37,37261,2,1,0,2,POMPIDOU (AVENUE GEORGES),47.3809632918,0.7127021626,18,2,2
202100037361,134Â 887,A01,10,3,2,2,0,-1,-1,3,3,1,2021,12.0,0,2,0,0,3,1,1,,3,111,-1,,3,2,0,4,10,659,1,,4,1,0,1,70,31,5,2021,17:20,1,34,34320,2,1,0,6,dÃ©partementale 111,43.657549,3.726125,17,2,1
202100014729,175Â 385,C01,2,2,2,1,1,-1,-1,-1, -1,-1,2021,20.0,1,2,0,2,5,2,1,,1,AUTOROUTE A 63,0,,3,6,0,1,0,981,1,, -1,2,0,1,110,5,10,2021,12:20,1,33,33192,1,1,0,4,Autoroute A63,44.783389,-0.632054,12,4,3
202100038473,132Â 879,A01,1,1,1,5,1,-1,-1,0,0,-1,2021,25.0,0,2,13,0,0,0,1,,4,5,-1,D,2,2,0,1,(1),(1),1,, -1,1,0,1,80,25,5,2021,23:30,3,33,33417,1,1,0,7,Route des Tronquats,44.962707,-0.903406,23,1,1
202100017825,169Â 757,B01,1,1,2,5,1,0,-1,-1, -1,-1,2021,34.0,2,2,0,2,4,23,1,,3,SOULT (AVENUE MARECHAL),0,,3,6,3,1,7,730,1,, -1,1,0,1,50,19,9,2021,15:15,1,64,64102,2,1,0,2,SOULT (AVENUE MARECHAL),43.48756,-1.48353,15,2,2
202100048537,114Â 993,A01,2,2,1,4,1,0,-1,-1, -1,-1,2021,39.0,3,2,0,2,2,21,1,,4,BLUM (AVE LEON....NÂ°53),0,,2,2,0,1,(1),(1),1,, -1,1,0,1,50,6,3,2021,14:30,1,62,62525,2,2,0,3,BLUM (AVE LEON....NÂ°53),50.74016,2.276358,14,4,2
202100018573,168Â 437,B01,2,2,2,5,1,0,-1,-1, -1,-1,2021,24.0,1,2,0,2,7,26,1,,4,MILLOT BOULEVARD JACQUES,0,,2,2,0,1,1,0,1,, -1,1,0,1,50,16,9,2021,06:45,5,49,49007,2,1,0,3,MILLOT BOULEVARD JACQUES,47.453225,-0.538132,6,3,2
202100023225,160Â 104,B01,1,1,1,5,1,-1,-1,0,0,-1,2021,72.0,1,2,0,2,3,1,1,,3,D2,-1,A,2,2,0,1,1,300,1,, -1,1,0,1,80,21,8,2021,15:50,1,85,85178,1,1,0,1,D2a,46.761914,-1.484892,15,3,2
202100054964,103Â 566,A01,1,1,1,1,1,-1,-1,0,0,-1,2021,33.0,2,2,6,0,1,0,1,,4,,-1,,2,2,0,1,(1),(1),1,, -1,1,0,4,50,15,1,2021,19:55,5,66,66024,2,1,0,6,Avenue d'Espagne,42.520051,2.831431,19,1,1
202100030818,146Â 679,A01,10,3,2,0,0,-1,-1,3,3,1,2021,74.0,1,2,0,1,1,1,1,,4,COURBOULAY PAUL (RUE),0,,3,2,0,1,0,0,1,, -1,1,0,1,50,2,7,2021,15:34,1,72,72181,2,1,0,6,COURBOULAY PAUL (RUE),48.0034525443,0.1913309095,15,2,1
202100025973,155Â 253,KA01,2,2,1,5,1,0,-1,-1, -1,-1,2021,30.0,-1,2,13,0,1,9,1,,3,,-1,,3,4,-1,1,17,301,2,, -1,1,5,8,70,1,8,2021,03:40,3,77,77288,1,6,0,6,VOISENON  (ROUTE DE),48.556074,2.663289,3,2,1
202100042198,126Â 194,A01,1,1,1,0,1,0,-1,-1, -1,-1,2021,22.0,1,2,0,2,8,10,1,,7,MENARD (PIERRE) (BOULEVARD),0,,2,3,0,2,0,100,1,, -1,1,2,1,50,28,4,2021,18:50,1,13,13211,2,1,0,3,MENARD (PIERRE) (BOULEVARD),43.290604467,5.4401504611,18,2,2
202100008899,185Â 833,B01,1,1,2,4,1,-1,-1,0,0,-1,2021,50.0,2,2,0,2,1,1,1,,1,6,0,,3,3,0,4,74,800,3,, -1,1,0,1,130,8,11,2021,15:30,1,77,77333,1,1,0,4,A6,48.25887,2.725918,15,3,3
202100024169,158Â 459,A01,1,1,1,5,0,-1,-1,0,0,-1,2021,24.0,2,2,2,0,1,14,1,,3,12,0,,2,2,0,1,44,727,1,, -1,1,0,3,80,15,8,2021,07:10,2,32,32365,1,1,0,6,D12,43.357731,0.694531,7,1,1
202100002207,197Â 848,A01,10,3,2,5,0,-1,-1,3,3,1,2021,68.0,1,2,0,1,1,1,1,,3,927,-1,,2,2,0,1,1,500,1,, -1,1,6,1,50,20,12,2021,11:30,1,9,9282,2,1,0,6,Route de Toulouse,43.239134,1.572901,11,2,1
202100021429,163Â 348,B01,1,1,2,9,2,8,-1,-1, -1,-1,2021,60.0,2,1,0,2,1,1,1,,4,TOULON (ANCIEN CHEMIN DE),0,,2,1,0,1,0,0,1,, -1,1,0,1,50,30,8,2021,19:20,1,83,83123,2,1,0,3,TOULON (ANCIEN CHEMIN DE),43.132949,5.790936,19,2,2
202100029981,148Â 205,A01,1,1,1,5,1,8,-1,0,0,-1,2021,23.0,3,2,2,0,9,1,1,,3,RD 956,0,,3,4,0,1,(1),(1),1,, -1,1,0,1,90,8,7,2021,02:10,3,41,41212,1,1,0,6,RD 956,47.56094,1.37308,2,1,1
202100027461,152Â 643,A01,1,1,1,1,2,6,9,0,0,-1,2021,41.0,2,1,16,0,0,14,1,,3,104,0,,2,2,0,1,37,700,4,, -1,1,0,3,80,23,7,2021,11:40,1,28,28279,1,1,1,7,D104 PR37+700,48.631802,1.53343,11,2,2
202100045923,119Â 672,A01,1,1,2,3,1,8,-1,-1, -1,-1,2021,35.0,3,2,0,2,6,15,1,,4,PIERRE CURIE (RUE),0,,2,2,0,1,(1),(1),1,, -1,1,9,1,50,30,3,2021,13:25,1,78,78440,2,9,1,2,PIERRE CURIE (RUE),48.993982,1.918482,13,2,2
202100029038,149Â 830,A01,1,1,1,0,2,-1,-1,0,0,-1,2021,23.0,3,1,0,2,8,1,5,,4,port,0,R,1,1,2,1,(1),(1),1,, -1,1,0,1,50,15,7,2021,19:30,1,17,17323,2,2,0,3,Rue de la Plage,46.034811,-1.374836,19,4,2
202100036495,136Â 469,A01,10,3,2,3,0,-1,-1,3,3,1,2021,87.0,2,0,0,1,8,1,3,,4,,0,,2,1,1,1,0,0,1,, -1,1,0,5,50,4,6,2021,12:30,1,92,92012,2,2,0,6,ANDRE MORIZET (AVENUE) 1/47 - 2/52,48.8350111549,2.2412806749,12,2,1
202100054424,104Â 471,B01,2,2,2,0,1,0,-1,-1, -1,-1,2021,17.0,1,2,0,2,4,2,1,,4,BOUSSIRON AVENUE SIMON,0,,2,2,0,1,0,0,1,, -1,1,0,1,50,14,1,2021,17:44,1,66,66136,2,1,0,2,BOUSSIRON AVENUE SIMON,42.69442,2.93138,17,3,2
202100044670,121Â 865,B01,2,2,1,0,2,0,-1,-1, -1,-1,2021,14.0,1,1,0,2,1,1,1,,4,GOLF (AVENUE DU),0,,2,2,0,1,(1),(1),1,, -1,1,0,1,50,8,4,2021,17:05,1,64,64189,2,3,0,3,rue FranÃ§ois TURNACO,43.3829768116,-1.6643965244,17,3,2
202100043891,123Â 215,A01,1,1,1,1,1,-1,-1,0,0,-1,2021,22.0,2,2,0,2,3,9,1,,4,MUSSET ALFRED DE,0,,2,2,2,3,(1),(1),1,, -1,1,-1,1,50,15,4,2021,08:35,1,29,29019,2,3,0,3,Rue Alfred de Musset,48.39043,-4.4675,8,2,2
202100038846,132Â 191,B01,9,2,2,9,1,-1,-1,0,0,-1,2021,82.0,1,2,0,2,3,1,1,,3,D620,-1,,2,2,0,4,25,758,1,, -1,1,0,1,70,21,5,2021,11:29,1,11,11433,1,3,0,1,D620,43.300306,2.464542,11,5,2
202100006976,189Â 296,B01,1,1,1,5,2,6,-1,0,0,-1,2021,68.0,1,1,0,2,3,1,5,,7,M118,-1,,2,2,0,1,(1),(1),3,, -1,1,0,1,50,16,11,2021,16:25,1,6,6065,2,3,1,3,Route de Saint-Laurent,43.721793,7.167211,16,2,2
202100050966,110Â 578,A01,1,1,1,1,0,-1,-1,0,0,-1,2021,29.0,3,2,15,0,0,1,1,,4,,-1,,2,2,0,1,(1),(1),1,, -1,1,0,1,80,19,2,2021,22:40,3,80,80332,1,1,0,7,route de romaine,50.241033,1.728335,22,1,1
202100012501,179Â 363,B01,1,1,1,5,2,6,-1,-1, -1,-1,2021,56.0,-1,1,0,2,8,0,1,,3,DROITS DE LHOMME (CARREFOUR DES),0,,1,2,0,1,1,0,1,, -1,1,0,1,50,18,10,2021,11:35,1,93,93005,2,3,0,3,DROITS DE LHOMME (CARREFOUR DES),48.9304390769,2.4817852635,11,2,2
202100032861,143Â 029,B01,1,1,1,9,2,0,-1,0,0,-1,2021,48.0,1,1,0,2,8,9,5,,4,BARBIER DAUBREE (AVENUE),0,,2,2,0,1,(1),(1),1,, -1,1,0,1,50,21,6,2021,21:46,1,63,63113,2,2,0,3,BARBIER DAUBREE (AVENUE),45.78835,3.09551,21,2,2
202100009063,185Â 505,A01,10,3,1,-1,0,-1,-1,2,3,1,2021,22.0,3,2,0,0,0,26,0,,4,LAC (AVENUE DU),0,,2,2,0,4,(1),(1),3,, -1,1,9,1,50,5,11,2021,20:40,5,37,37122,2,1,0,6,LAC (AVENUE DU),47.3499535957,0.6403023005,20,2,1
202100044679,121Â 849,A01,10,3,2,9,0,-1,-1,3,5,1,2021,9.0,1,2,0,1,7,1,1,,4,HAASBERGEN (RUE),0,,2,2,0,1,(1),(1),1,, -1,1,0,1,30,7,4,2021,18:45,1,54,54526,2,2,0,6,HAASBERGEN (RUE),48.6883628826,6.2126465142,18,2,1
202100015827,173Â 384,A01,1,1,1,1,2,6,-1,0,0,-1,2021,44.0,2,1,0,2,5,1,1,,1,6,0,,3,3,0,3,43,800,3,, -1,2,0,1,130,1,10,2021,17:20,1,77,77359,1,1,1,5,Perthes,48.480503,2.514582,17,3,3
202100003680,195Â 177,A01,10,3,2,5,0,-1,-1,3,3,1,2021,77.0,1,2,0,1,1,1,1,,4,DEVOS (BOULEVARD JULIEN),0,,2,3,1,1,(1),(1),1,, -1,1,0,1,50,9,12,2021,09:50,1,27,27681,2,2,0,6,DEVOS (BOULEVARD JULIEN),49.08685,1.47394,9,2,1
202100018141,169Â 188,A01,2,2,2,5,1,8,-1,-1, -1,-1,2021,35.0,3,2,0,2,2,1,1,,1,A10,0,,1,2,0,1,(1),(1),1,, -1,2,3,1,50,18,9,2021,18:10,1,37,37233,2,3,0,3,BONNIN (AVENUE JEAN),47.3957399056,0.7065137029,18,3,2
202100025952,155Â 293,A01,1,1,2,0,1,0,-1,-1, -1,-1,2021,63.0,2,2,0,2,2,0,1,,1,A12 W,0,,-1,4,0,1,2,700,1,, -1,1,0,1,110,2,8,2021,09:00,1,78,78043,1,1,0,2,A12 W,48.824534,2.074272,9,2,2
202100055643,102Â 392,A01,1,1,1,5,1,0,-1,-1, -1,-1,2021,27.0,2,2,3,0,3,13,1,,1,A55-Sens Martigues vers Marseille,0,,1,2,0,1,16,700,1,, -1,5,0,1,110,10,1,2021,09:00,1,13,13088,1,1,1,6,A55-Sens Martigues vers Marseille,43.39114,5.26713,9,1,1
202100017353,170Â 627,B01,1,1,1,5,1,-1,-1,-1, -1,-1,2021,62.0,1,5,4,2,6,1,1,,1,AUTOROUTE A 10,0,,3,6,0,1,0,165,3,, -1,1,0,1,90,24,9,2021,10:20,1,33,33249,1,1,0,2,Autoroute A10,44.8849,-0.51063,10,2,2
202100008376,186Â 759,B01,2,1,1,0,8,0,-1,-1, -1,-1,2021,30.0,2,1,4,2,0,5,3,,3,BARBUSSE HENRI BOULEVARD,0,,1,1,0,1,0,0,1,, -1,1,8,1,30,12,11,2021,17:30,5,93,93063,2,1,0,1,BARBUSSE HENRI BOULEVARD,48.8832,2.44104,17,2,2
202100000697,200Â 468,B01,1,1,1,0,2,0,-1,-1, -1,-1,2021,15.0,1,1,0,2,2,15,1,,4,,0,,3,5,0,1,(1),(1),1,, -1,1,5,1,50,31,12,2021,17:30,2,71,71306,2,2,0,3,ALOUETTES (AVENUE DES),46.6790396831,4.3656806501,17,2,2
202100045002,121Â 288,B01,1,1,1,4,1,-1,-1,0,0,-1,2021,51.0,1,4,0,2,3,1,1,,1,43,-1,A,2,2,0,2,192,600,2,, -1,7,2,1,70,7,4,2021,07:24,2,73,73117,1,1,1,1,A43 pk 192+600,45.189029,6.643325,7,2,2
202100035129,138Â 911,A01,1,1,1,3,2,-1,-1,0,0,-1,2021,56.0,2,1,14,0,1,17,1,,7,63,0,G,2,2,0,1,0,500,1,, -1,1,5,1,80,12,6,2021,16:30,1,31,31293,1,1,0,6,D63g,43.717651,1.387139,16,1,1
202100043642,123Â 666,B01,1,1,1,9,1,0,-1,-1, -1,-1,2021,46.0,1,2,0,2,4,0,1,,4,PRADO (AVENUE DU),0,,1,2,0,1,(1),(1),1,, -1,2,0,1,50,17,4,2021,10:30,1,13,13206,2,1,1,2,PRADO (AVENUE DU),43.28282,5.38539,10,2,2
202100033536,141Â 828,B01,1,1,1,5,8,0,-1,-1, -1,-1,2021,39.0,1,1,0,2,4,2,3,,4,DOCTEUR GAILLETON (DU)              (QU),0,,1,4,3,1,(1),(1),1,, -1,1,0,6,50,18,6,2021,22:00,5,69,69382,2,1,0,2,DOCTEUR GAILLETON (DU) (Q),45.75126,4.83233,22,2,2
202100038176,133Â 410,B01,1,1,1,0,2,-1,-1,-1, -1,-1,2021,33.0,1,1,0,2,1,0,1,,3,,-1,,2,2,0,1,1,200,1,, -1,1,0,1,-1,26,5,2021,20:30,1,51,51454,2,2,0,3,Rue de Betheny,49.2653748703,4.044800747,20,2,2
202100011966,180Â 331,B01,1,1,1,5,8,0,-1,-1, -1,-1,2021,21.0,2,1,0,2,3,1,5,,4,SOURCE (RUE DE LA),0,,2,2,0,1,0,0,1,, -1,1,0,1,50,19,10,2021,19:20,3,974,97411,2,3,0,3,SOURCE (RUE DE LA),-20.89052,55.44806,19,2,2