Num_Acc,id_vehicule,num_veh,place,catu,sexe,trajet,secu1,secu2,secu3,locp,actp,etatp,year_acc,victim_age,senc,catv,obs,obsm,choc,manv,motor,occutc,catr,voie,v1,v2,circ,nbv,vosp,prof,pr,pr1,plan,lartpc,larrout,surf,infra,situ,vma,jour,mois,an,hrmn,lum,dep,com,agg_,int,atm,col,adr,lat,long,hour,nb_victim,nb_vehicules
202100050534,111Â 369,B01,1,1,1,1,8,-1,-1,0,0,-1,2021,55.0,2,2,0,2,2,21,1,,3,2371,0,D,2,2,0,1,15,148,1,, -1,1,0,1,70,22,2,2021,17:50,1,3,3104,1,3,0,3,Route de MontluÃ§on,46.3344716976,2.7850210655,17,2,2
202100053491,106Â 104,B01,1,1,1,4,2,6,-1,-1, -1,-1,2021,57.0,1,1,0,2,1,1,1,,4,MAURICE BERTEAUX (BD),0,,3,2,0,1,0,0,1,, -1,1,0,1,50,26,1,2021,18:00,5,94,94068,2,1,0,4,MAURICE BERTEAUX (BD),48.8099,2.4687,18,3,3
202100044948,121Â 388,A01,1,1,1,0,2,0,-1,-1, -1,-1,2021,23.0,0,1,13,0,0,26,1,,5,DAURAT (RUE DIDIER),0,,-1,1,0,1,(1),(1),1,, -1,9,0,8,50,6,4,2021,17:45,1,35,35281,1,1,0,6,DAURAT (RUE DIDIER),48.07318,-1.71618,17,1,1
202100033175,142Â 464,A01,1,1,1,0,2,0,-1,-1, -1,-1,2021,57.0,3,1,0,2,0,21,1,,4,CHEMIN NEUF (DU)                    (MO),0,,1,2,1,2,(1),(1),1,, -1,1,0,1,50,19,6,2021,19:50,1,69,69385,2,1,0,7,CHEMIN NEUF (DU) (MO),45.76041,4.8247,19,1,1
202100001745,198Â 668,B01,1,1,1,5,2,6,-1,0,0,-1,2021,30.0,3,1,0,2,7,17,1,,4,QUAI D ISSY LES MOULINEAUX,0,,1,2,0,1,(1),(1),1,, -1,1,0,1,50,22,12,2021,18:50,5,75,75115,2,5,0,3,QUAI D ISSY LES MOULINEAUX,48.835491,2.266986,18,2,2
202100018270,168Â 962,A01,1,1,2,5,0,-1,-1,0,0,-1,2021,60.0,0,6,0,0,0,1,1,,4,0,0,A,2,2,0,1,(1),(1),2,, -1,2,0,3,50,18,9,2021,19:10,2,30,30270,2,1,1,7,Chemin de Montredon,44.10169,4.016971,19,2,1
202100019676,166Â 477,A01,1,1,1,5,2,8,-1,-1, -1,-1,2021,65.0,1,1,0,2,7,1,1,,4,BEAULIEU (RUE DE),0,,2,2,0,2,0,0,1,, -1,1,0,1,50,9,9,2021,13:40,1,37,37122,2,1,0,6,BEAULIEU (RUE DE),47.3627178463,0.6593858479,13,2,2
202100030890,146Â 544,A01,1,1,2,4,1,-1,-1,0,0,-1,2021,21.0,2,5,0,2,3,13,1,,4,,-1,,2,2,0,2,(1),(1),3,,4,1,0,1,50,2,7,2021,13:40,1,71,71395,2,1,1,1,Route du Bourg,46.528314,4.258554,13,2,2
202100044184,122Â 695,B01,2,1,1,0,8,0,-1,-1, -1,-1,2021,38.0,3,1,0,2,3,5,0,,3,106,0,,2,2,1,1,0,0,1,, -1,1,0,1,50,13,4,2021,14:20,1,92,92026,2,3,0,3,CIRCULAIRE (BOULEVARD),48.8896486035,2.2501990199,14,2,2
202100011713,180Â 793,A01,1,1,1,5,2,6,9,0,0,-1,2021,24.0,2,1,3,0,0,1,1,,3,939,0,D,3,2,0,2,14,220,2,, -1,1,9,3,90,23,10,2021,18:45,3,24,24115,1,1,0,6,D939,45.271353,0.672097,18,1,1
202100046266,119Â 076,B01,1,1,2,1,1,-1,-1,0,0,-1,2021,48.0,1,2,0,2,1,1,1,,3,767,-1,D,4,2,0,1,4,184,4,, -1,1,8,1,50,26,3,2021,21:15,3,56,56206,1,1,0,1,Le Poteau D767,47.702065,-2.767138,21,3,2
202100032609,143Â 488,B01,1,1,1,1,2,-1,-1,0,0,-1,2021,48.0,1,1,0,0,8,1,1,,4,,-1,,2,2,0,1,(1),(1),3,,4,1,0,1,30,24,6,2021,18:00,1,33,33056,2,1,0,7,Rue Louis Pasteur,44.912648,-0.64122,18,2,2
202100053347,106Â 363,A01,1,1,1,9,2,6,-1,0,0,-1,2021,34.0,1,1,0,2,8,1,1,,4,BOULEVARD D INDOCHINE,0,,2,4,0,2,(1),(1),1,, -1,2,0,1,50,28,1,2021,15:20,1,75,75119,2,2,0,3,BOULEVARD D INDOCHINE,48.883654,2.396974,15,2,2
202100046276,119Â 059,A01,1,1,1,0,1,8,-1,0,0,-1,2021,21.0,2,2,17,0,9,1,1,,3,3,-1,,2,2,0,1,25,150,3,, -1,2,0,3,90,27,3,2021,02:00,3,3,3313,1,1,0,6,Route de CÃ©rilly,46.580457,2.800612,2,1,1
202100029957,148Â 254,A01,1,1,1,0,2,0,-1,-1, -1,-1,2021,21.0,2,1,0,2,1,2,1,,4,8 MAI 1945 (AVENUE DU),0,,3,5,0,1,(1),(1),1,, -1,1,0,1,50,7,7,2021,15:15,1,86,86194,2,1,0,3,Avenue du 8 Mai 1945,46.55691,0.30973,15,2,2
202100039713,130Â 596,A01,1,1,1,5,2,0,-1,0,0,-1,2021,67.0,1,1,14,0,7,12,5,,4,BOULEVARD GARIBALDI,0,,1,3,0,1,(1),(1),1,, -1,1,0,1,50,16,5,2021,16:20,1,75,75115,2,1,0,6,BOULEVARD GARIBALDI,48.845323,2.310144,16,1,1
202100004093,194Â 425,B01,1,1,2,0,1,0,-1,-1, -1,-1,2021,20.0,3,2,0,2,5,9,1,,3,MICHEL BAROIN (RUE),0,,-1,1,0,1,0,0,1,, -1,2,0,1,50,7,12,2021,08:06,2,10,10343,2,6,0,3,MICHEL BAROIN (RUE),48.27428,4.09072,8,2,2
202100020767,164Â 518,A01,1,1,1,2,2,-1,-1,0,0,-1,2021,10.0,2,1,0,2,1,13,5,,4,,-1,,2,2,0,2,(1),(1),2,,3,1,0,1,50,3,9,2021,13:15,1,39,39354,2,1,1,1,175 Rue de la Rochette,46.898802,5.647354,13,2,2
202100008706,186Â 176,A01,1,1,1,4,2,8,-1,-1, -1,-1,2021,28.0,1,1,0,2,1,1,1,,4,VOSGES (AVENUE DES),0,,2,5,1,1,0,0,1,, -1,1,0,1,50,5,11,2021,19:15,5,67,67482,2,3,0,5,VOSGES (AVENUE DES),48.59049,7.74826,19,3,3
202100039680,130Â 653,B01,2,2,2,0,1,8,-1,-1, -1,-1,2021,37.0,2,2,0,2,1,1,1,,2,tsoundzou-Mariage (place -tsoundzou 2),0,,2,0,0,1,0,0,1,, -1,1,0,1,50,15,5,2021,12:25,1,976,97611,2,1,0,5,tsoundzou-Mariage (place -tsoundzou 2),-12.8135,45.20218,12,7,3
202100032552,143Â 583,B01,1,1,1,5,2,-1,-1,0,0,-1,2021,25.0,1,1,0,2,7,2,1,,4,37,-1,,2,2,0,2,(1),(1),1,, -1,1,0,1,30,25,6,2021,16:35,1,42,42036,1,1,0,2,830 MontÃ©e des Roches,45.53073,4.558425,16,2,2
202100002636,197Â 068,A01,10,3,1,2,0,-1,-1,3,3,3,2021,12.0,1,2,0,1,3,1,2,,4,MOULIN (AV. J.),0,,2,2,0,1,(1),(1),1,, -1,1,5,6,30,16,12,2021,15:50,1,4,4112,2,1,0,6,Av Jean Moulin,43.82968,5.77845,15,2,1
202100025731,155Â 689,A01,1,1,1,1,2,6,-1,0, -1,-1,2021,41.0,1,1,3,0,2,14,1,,3,RD601 (DÃÂ©VIÃÂ©E),0,,2,2,0,1,(1),(1),2,, -1,1,0,1,70,3,8,2021,22:25,3,59,59273,1,1,0,7,RD601 (DÃÂ©VIÃÂ©E),50.98791,2.1534,22,1,1
202100053966,105Â 291,B01,1,1,1,4,1,0,-1,0,0,-1,2021,44.0,2,2,0,2,3,1,1,,4,RUE TAITBOUT,0,,1,0,0,1,(1),(1),1,, -1,2,0,1,50,23,1,2021,11:15,1,75,75109,2,2,1,3,RUE TAITBOUT,48.875191,2.335202,11,2,2
202100011172,181Â 760,B01,2,2,2,0,1,5,-1,0,0,-1,2021,50.0,2,2,0,2,3,1,1,,3,95,0,D,2,2,0,1,4,275,1,, -1,1,0,1,80,26,10,2021,16:00,1,42,42304,1,2,0,1,Route de Saint Romain,45.535904,4.150128,16,3,2
202100018501,168Â 564,A01,1,1,1,2,2,6,-1,0,0,-1,2021,15.0,2,1,13,0,7,14,1,,3,910,0,D,2,2,0,1,7,975,2,, -1,1,0,8,70,16,9,2021,15:00,1,33,33362,1,1,0,6,Lieu Dit le Canton,45.025296,-0.183124,15,1,1
202100013927,176Â 808,A01,1,1,1,1,0,-1,-1,0,0,-1,2021,25.0,2,2,2,0,3,14,1,,3,993,0,,2,1,0,1,3,850,3,, -1,2,0,1,80,6,10,2021,18:45,3,57,57374,1,1,1,6,Rue de la 2e Db,48.608777,7.032913,18,1,1
202100055198,103Â 150,A01,1,1,2,5,1,8,-1,-1, -1,-1,2021,36.0,3,2,0,2,1,2,1,,3,Route departementale 96 ,0,,3,2,0,1,0,20,1,, -1,1,2,1,90,12,1,2021,18:20,3,7,7316,1,1,0,2,Route departementale 96 ,44.908279,4.866571,18,2,2
202100002127,197Â 993,B01,1,1,1,5,8,0,-1,-1, -1,-1,2021,22.0,1,1,0,2,1,26,5,,4,QUATRE VINGT TREIZIEME RI RUE DU,0,,2,2,0,2,1,0,1,, -1,1,0,1,30,19,12,2021,14:55,1,85,85191,2,3,0,3,QUATRE VINGT TREIZIEME RI RUE DU,46.668864,-1.423133,14,2,2
202100000456,200Â 892,B01,1,1,1,5,8,0,-1,-1, -1,-1,2021,78.0,2,1,0,2,8,19,5,,4,EUROPE (PONT DE L'EUROPE),0,,2,4,0,1,1,0,1,, -1,1,2,1,50,8,11,2021,17:00,1,45,45298,2,1,0,3,EUROPE (PONT DE L'EUROPE),47.89336,1.87625,17,2,2
202100046838,118Â 059,A01,10,3,1,5,0,-1,-1,1,3,1,2021,91.0,3,2,0,1,1,15,1,,4,,-1,,1,1,0,1,(1),(1),1,, -1,1,0,1,30,25,3,2021,17:40,1,7,7349,2,3,0,6,Rue Colette,44.812813,4.791525,17,2,1
202100004811,193Â 184,A01,1,1,1,9,2,0,-1,0,0,-1,2021,29.0,3,1,0,0,8,1,1,,4,AVENUE NIEL,0,,2,2,0,1,(1),(1),1,, -1,2,0,1,30,4,12,2021,01:00,5,75,75117,2,3,1,7,AVENUE NIEL,48.88327,2.296565,1,1,1
202100056191,101Â 451,A01,1,1,1,0,1,0,-1,-1, -1,-1,2021,32.0,1,1,0,0,0,0,0,,3,VAILLANT COUTURIER (AVENUE PAUL),0,,-1,1,0,1,0,1,1,, -1,2,0,8,50,5,1,2021,08:20,1,93,93008,2,6,1,3,VAILLANT COUTURIER (AVENUE PAUL),48.9082478415,2.4523975911,8,2,2
202100039521,130Â 959,A01,2,2,1,4,1,-1,-1,0,0,-1,2021,25.0,2,2,3,0,1,1,1,,1,6,0,,3,2,0,1,88,700,1,, -1,4,0,2,110,19,5,2021,11:00,1,77,77168,1,1,1,3,A6,48.172668,2.859449,11,3,2
202100045264,120Â 813,B01,1,1,1,4,8,0,-1,-1, -1,-1,2021,30.0,3,1,0,2,8,10,5,,3,12,0,,2,2,0,1,0,0,1,, -1,1,0,1,50,3,4,2021,20:20,2,92,92026,2,1,0,3,RÃPUBLIQUE ( DE 01 A 31 ET DE 02 A 52 ),48.899968,2.246622,20,2,2
202100046524,118Â 624,A01,1,1,1,2,2,6,-1,-1, -1,-1,2021,16.0,0,1,0,2,1,1,1,,4,GAMBETTA (RUE),0,,2,4,0,1,(1),(1),1,, -1,1,0,1,50,25,3,2021,07:05,2,50,50602,2,2,0,3,GAMBETTA (RUE),49.64155,-1.5802,7,2,2
202100033444,141Â 990,A01,2,2,2,5,2,0,-1,-1, -1,-1,2021,60.0,1,1,1,0,1,1,1,,3,50,0,,2,2,1,1,0,0,1,, -1,1,0,1,50,18,6,2021,23:40,5,92,92012,2,1,0,6,REPUBLIQUE (BOULEVARD DE LA) 5/77BIS - 6,48.8328760349,2.2474229336,23,2,1
202100041737,127Â 009,A01,1,1,1,5,0,-1,-1,0,0,-1,2021,29.0,0,1,1,0,1,26,1,,9,,-1,,2,2,0,1,(1),(1),1,,4,1,9,8,50,2,5,2021,16:35,1,40,40184,2,9,0,6,Rue de la Gare,44.198097,-1.223431,16,1,1
202100038229,133Â 313,B01,1,1,1,0,2,8,-1,-1, -1,-1,2021,26.0,2,1,0,2,8,1,1,,4,AV LUCIEN FRANCAIS ,0,,2,2,0,1,1,0,1,, -1,2,0,1,50,26,5,2021,16:40,1,94,94081,2,1,1,4,LUCIEN FRANCAIS (AV),48.78566,2.3878,16,3,3
202100040125,129Â 880,A01,1,1,1,5,2,6,-1,0,0,-1,2021,28.0,2,1,0,2,8,20,1,,3,306,0,D,2,1,1,1,24,500,1,, -1,1,0,1,50,13,5,2021,18:25,1,72,72154,2,1,0,3,Avenue Rhin et Danube,47.700791,-0.089913,18,2,2
202100035459,138Â 327,A01,10,3,2,1,0,-1,-1,5,1,1,2021,41.0,1,2,0,1,5,20,1,,4,GARE (RUE DE LA),0,,1,2,0,1,0,100,2,, -1,1,4,4,30,9,6,2021,17:55,1,91,91691,2,9,1,6,GARE (RUE DE LA),48.706972,2.485205,17,3,1
202100007725,187Â 953,B01,2,2,1,4,1,-1,-1,0,0,-1,2021,21.0,1,2,0,2,8,1,1,,3,1,-1,D,2,2,0,1,4,650,1,,7,1,0,1,90,17,11,2021,17:00,2,88,88104,1,2,0,5,D1,48.3087554147,5.6902635098,17,5,4
202100050578,111Â 279,A01,1,1,1,5,8,-1,-1,-1, -1,-1,2021,14.0,2,1,0,2,1,19,5,,4,HERDUIN (RUE DU LIEUTENANT),0,,2,2,0,1,(1),(1),1,, -1,1,0,8,50,22,2,2021,13:50,1,51,51454,2,2,0,3,Rue Lieutenant Herduin,49.2491529193,4.0369893307,13,3,2
202100040099,129Â 920,A01,1,1,2,9,1,-1,-1,0,0,-1,2021,64.0,3,2,15,0,1,1,1,,3,11,0,B,2,2,0,1,(1),(1),1,, -1,1,0,3,70,13,5,2021,19:00,1,38,38397,1,1,0,6,Route Departementale 11 B,45.23576,5.829014,19,1,1
202100055514,102Â 616,A01,1,1,2,0,1,0,-1,0,0,-1,2021,65.0,1,2,0,2,4,1,1,,2,RN 85,0,,2,2,0,2,31,350,2,, -1,7,0,1,80,10,1,2021,12:50,1,5,5061,1,1,0,2,RN 85,44.60094,6.0794,12,2,2
202100021153,163Â 851,B01,2,2,2,5,1,-1,-1,0,0,-1,2021,18.0,2,5,0,2,2,1,1,,2,77,0,,2,2,0,1,14,700,1,, -1,1,0,1,80,4,9,2021,08:00,1,10,10359,1,1,0,1,N77,48.133244,3.983359,8,4,2
202100033524,141Â 847,B01,1,1,1,1,1,4,-1,-1, -1,-1,2021,30.0,2,2,0,2,4,1,1,,1,A86 EXT,0,,3,3,0,1,42,299,1,, -1,1,0,1,90,18,6,2021,20:45,1,94,94022,1,1,0,6,A86 EXT,48.7766211418,2.4180461375,20,2,2
202100028693,150Â 431,A01,3,2,2,1,1,0,-1,-1, -1,-1,2021,29.0,3,2,0,2,5,1,1,,4,GENERAL GIRAUD (BD DU),0,,2,1,0,1,0,0,1,, -1,1,0,1,30,16,7,2021,18:20,1,94,94068,2,2,0,3,GENERAL GIRAUD (BD DU),48.7886,2.48931,18,3,2
202100044768,121Â 689,A01,1,1,1,5,2,6,-1,0,0,-1,2021,62.0,2,1,13,9,2,1,1,,3,40,-1,,-1,2,0,1,5,500,1,, -1,1,0,3,80,8,4,2021,18:35,1,54,54150,1,1,0,7,D 40,48.7725745562,6.1451554293,18,1,1
202100009030,185Â 570,A01,1,1,1,5,2,6,9,0,0,-1,2021,54.0,1,1,0,2,7,1,1,,7,908,0,D,2,2,0,1,37,300,1,, -1,1,0,1,80,7,11,2021,10:25,1,13,13110,1,3,0,3,Route de Peynier,43.449729,5.670147,10,2,2
202100048437,115Â 178,B01,1,1,2,9,2,0,-1,0,0,-1,2021,30.0,1,1,0,2,0,1,3,,4,RUE DE WATTIGNIES,0,,2,2,1,1,(1),(1),1,, -1,2,-1,5,30,11,3,2021,08:50,1,75,75112,2,2,0,3,RUE DE WATTIGNIES,48.83624,2.394652,8,2,2
202100044133,122Â 788,B01,1,1,2,5,1,8,-1,-1, -1,-1,2021,55.0,2,2,0,2,3,1,1,,4,PFASTATT (RUE DE),0,,2,3,0,1,(1),(1),1,, -1,1,0,1,50,13,4,2021,11:13,1,68,68224,2,2,0,1,PFASTATT (RUE DE),47.7540400998,7.3141781305,11,3,2
202100004968,192Â 910,A01,1,1,1,5,1,-1,-1,0,0,-1,2021,19.0,1,2,6,0,1,1,1,,3,2,-1,,2,2,0,4,15,39,1,, -1,2,5,4,50,3,12,2021,22:00,4,50,50551,2,6,1,6,Avenue Division Leclerc,49.385662,-1.5271,22,1,1
202100055750,102Â 211,A01,1,1,1,0,2,0,-1,-1, -1,-1,2021,36.0,3,1,0,2,3,9,1,,4,GIACCOBBI - AV PAUL,0,,1,2,0,2,1,0,1,, -1,1,0,1,50,8,1,2021,16:40,1,202,202033,2,1,0,3,GIACCOBBI - AV PAUL,42.67223,9.43834,16,2,2
202100049337,113Â 571,A01,1,1,1,0,1,-1,-1,-1, -1,-1,2021,53.0,2,2,0,2,1,1,1,,1,ROCADE A 630,0,,3,4,0,1,12,123,1,, -1,1,0,1,70,3,3,2021,17:00,1,33,33162,1,1,0,2,,44.870909,-0.642687,17,3,2
202100044156,122Â 744,B01,1,1,1,5,2,0,-1,0,0,-1,2021,71.0,2,0,0,2,3,25,5,,4,ROUQUIER (BOULEVARD EMMANUEL),0,,2,2,0,1,(1),(1),1,, -1,1,0,4,50,13,4,2021,09:00,1,6,6069,2,1,1,3,ROUQUIER (BOULEVARD EMMANUEL),43.63323,6.939292,9,2,2
202100036540,136Â 401,A01,1,1,1,5,2,6,-1,0,0,-1,2021,22.0,1,1,2,0,1,1,1,,3,994,-1,,2,2,0,1,22,121,4,, -1,1,0,3,90,5,6,2021,16:15,1,5,5081,1,1,0,6,RD 994 PK23+021,44.415728,5.652251,16,1,1
202100025910,155Â 374,A01,1,1,1,5,1,-1,-1,0,0,-1,2021,56.0,1,2,13,0,1,0,1,,3,,-1,,2,1,0,2,(1),(1),2,,3,2,0,3,80,3,8,2021,16:15,1,3,3110,1,1,1,7,Chemin de Pouzat,46.125404,3.363286,16,1,1
202100040482,129Â 246,B01,1,1,1,1,1,-1,-1,-1, -1,-1,2021,45.0,2,2,0,2,4,2,1,,2,RN136,0,,3,4,0,1,16,764,1,, -1,1,0,1,90,10,5,2021,17:45,1,35,35238,1,1,0,4,RN136,48.12879,-1.71193,17,3,3
202100010645,182Â 711,C01,1,1,1,1,2,6,9,0,0,-1,2021,59.0,1,1,0,2,1,1,1,,3,87,0,D,2,1,0,2,17,628,1,,3,1,0,1,80,26,10,2021,14:30,1,81,81038,1,2,0,5,rd 87,43.894452,1.89313,14,3,3
202100036307,136Â 789,A01,1,1,1,5,2,-1,-1,0,0,-1,2021,49.0,3,1,0,2,1,5,1,,4,,0,,2,2,0,1,(1),(1),3,,4,1,0,1,80,5,6,2021,21:25,2,56,56252,1,1,0,1,22 Rue du Pont Neuf,47.533156,-2.6600346,21,2,2
202100002755,196Â 844,A01,1,1,2,5,8,0,-1,-1, -1,-1,2021,21.0,0,1,0,2,1,1,3,,3,MARCET (RUE BAPTISTE),0,,2,1,1,1,23,200,1,, -1,1,0,1,50,13,12,2021,16:30,1,50,50602,2,2,0,3,MARCET (RUE BAPTISTE),49.63615,-1.59455,16,2,2
202100016230,172Â 626,A01,3,2,1,4,8,-1,-1,-1, -1,-1,2021,29.0,2,4,0,2,2,17,1,,3,MISTRAL (AVENUE F.),0,,2,2,0,1,9,775,1,, -1,1,0,1,50,27,9,2021,18:15,1,4,4112,2,1,0,3,RD 4096 (Av frederic Mistral),43.8241282804,5.7876686306,18,4,2
202100024803,157Â 319,A01,1,1,1,0,8,-1,-1,0,0,-1,2021,68.0,1,5,13,0,2,1,1,,3,268,-1,,2,2,0,1,2,0,1,, -1,1,0,3,-1,10,8,2021,15:00,1,50,50215,1,1,0,7,Rue de la Clerquerie,49.085377,-1.547002,15,1,1
202100040299,129Â 568,A01,10,3,2,9,0,-1,-1,2,A,1,2021,75.0,1,2,1,1,7,1,1,,3,AUBERGER (AVENUE FERNAND),0,,2,2,0,1,0,356,1,, -1,1,0,1,50,14,2,2021,11:48,1,3,3023,2,2,0,6,Avenue Fernand Auberger,46.114092,3.411336,11,2,1
202100032202,144Â 199,B01,1,1,1,5,2,-1,-1,0,0,-1,2021,18.0,2,1,0,2,1,1,1,,3,102,0,D,2,2,0,3,(1),(1),3,, -1,1,0,1,80,26,6,2021,18:50,5,971,97128,1,4,0,1,Surgy,16.266235,-61.337185,18,2,2
202100048682,114Â 735,B01,1,1,1,9,1,0,-1,-1, -1,-1,2021,34.0,3,2,0,2,2,1,0,,4,FRAIS VALLON (AVENUE),0,,-1,2,0,1,(1),(1),1,, -1,1,0,1,50,9,3,2021,22:30,5,13,13213,2,2,0,3,PEYPIN (RUE DE),43.3255973855,5.4224940349,22,2,2
202100015652,173Â 692,B01,1,1,1,4,2,6,-1,-1, -1,-1,2021,23.0,0,1,0,2,7,16,1,,3,BOILEAU (AV),0,,2,2,0,1,0,0,1,, -1,2,0,1,50,2,10,2021,20:15,5,94,94017,2,6,1,3,BOILEAU (AV),48.80324,2.551,20,3,2
202100047740,116Â 415,B01,2,2,2,5,1,0,-1,0,0,-1,2021,64.0,1,2,0,2,1,1,1,,4,BRUXELLES (RUE DE),0,,2,2,0,1,(1),(1),2,, -1,1,0,1,30,6,3,2021,12:00,1,54,54431,2,2,0,3,BRUXELLES (RUE DE),48.91601,6.06816,12,3,2
202100023555,159Â 537,A01,1,1,2,5,1,0,-1,-1, -1,-1,2021,30.0,1,2,0,2,1,1,1,,1,A4,0,,3,4,0,1,6,0,1,, -1,1,0,1,90,19,8,2021,19:40,1,94,94042,1,1,0,2,A4,48.82519,2.463966,19,2,2
202100026831,153Â 759,A01,3,2,1,5,3,1,-1,-1,0,-1,2021,0.0,1,2,0,2,1,1,1,,4,PAULET GENERAL (173 ET 206 A FIN),0,,-1,2,0,1,(1),(1),1,, -1,1,0,1,50,27,7,2021,14:00,1,29,29019,2,1,0,2,Rue GÃ©nÃ©ral Paulet,48.409016,-4.476099,14,3,2
202100025290,156Â 455,B01,1,1,2,5,1,8,-1,-1, -1,-1,2021,56.0,1,2,0,2,4,1,1,,3,RD 956,0,,3,4,0,1,(1),(1),1,, -1,2,5,1,90,4,8,2021,14:25,1,41,41212,1,1,1,2,RD 956,47.56214,1.37278,14,2,2
202100052401,108Â 045,A01,1,1,1,0,1,0,-1,-1, -1,-1,2021,38.0,1,2,1,0,2,9,1,,7,RD 938 (VERS GRAND COURONNE),0,,2,2,0,1,1,100,1,, -1,2,0,1,50,4,2,2021,11:50,1,76,76486,2,1,0,6,RD 938 (VERS GRAND COURONNE),49.30101,0.99255,11,1,1
202100049358,113Â 535,Z01,10,3,2,9,0,-1,-1,8,9,1,2021,23.0,3,2,0,1,0,0,0,,4,LEON GRANIER                        (R ),0,,2,2,0,1,(1),(1),1,, -1,1,0,8,15,2,3,2021,19:00,5,69,69202,2,1,0,6,LEON GRANIER (R),45.7351597373,4.784880649,19,2,1
202100008012,187Â 411,A01,1,1,1,1,2,6,-1,-1, -1,-1,2021,54.0,1,1,0,2,0,1,1,,3,VALLE (AVENUE ERNEST),0,,-1,3,0,1,0,100,1,, -1,1,0,8,50,9,11,2021,13:52,1,51,51230,2,1,0,3,Avenue Ernest VallÃ©,49.0471681567,3.9540441334,13,2,2
202100008665,186Â 253,A01,1,1,1,0,1,0,-1,-1, -1,-1,2021,26.0,1,2,0,2,1,2,1,,2,ROUTE NATIONALE 227,0,,-1,4,0,1,(1),(1),1,, -1,1,0,1,90,9,11,2021,19:45,5,59,59009,1,1,0,2,ROUTE NATIONALE 227,50.639845782,3.1434765458,19,2,2
202100002265,197Â 734,A01,1,1,1,9,8,0,-1,0,0,-1,2021,53.0,1,1,0,2,3,1,5,,4,BOULEVARD DE LA VILLETTE,0,,3,2,1,1,(1),(1),1,, -1,1,-1,5,30,18,12,2021,12:45,1,75,75119,2,3,0,3,BOULEVARD DE LA VILLETTE,48.874382,2.374501,12,2,2
202100043255,124Â 341,B01,1,1,1,5,0,-1,-1,0,0,-1,2021,11.0,3,1,0,2,8,15,5,,4,,-1,,2,2,0,1,(1),(1),1,,5,1,0,1,50,21,4,2021,14:00,1,45,45196,2,3,0,3,Rue du Gris Meunier,47.8465979978,1.7914614036,14,2,2
202100008864,185Â 897,B01,1,1,1,0,8,0,-1,-1, -1,-1,2021,44.0,1,1,0,2,3,0,3,,4,,0,,-1,2,0,1,0,0,1,, -1,1,0,1,50,8,11,2021,12:45,1,92,92009,2,1,0,3,ABBE GLATZ  ( RUE DE L' ),48.9200552947,2.2766335309,12,2,2
202100049410,113Â 436,A01,1,1,2,2,8,0,-1,0,0,-1,2021,67.0,1,2,1,0,1,20,3,,4,RUE DUHESME,0,,1,1,0,2,(1),(1),1,, -1,1,0,1,50,2,3,2021,15:45,1,75,75118,2,5,0,6,RUE DUHESME,48.891186,2.339639,15,1,1
202100054036,105Â 157,A01,10,3,1,0,0,-1,-1,9,B,1,2021,83.0,0,2,0,1,1,0,-1,,4,,-1,,2,-1,0,1,(1),(1),1,, -1,1,0,1,-1,20,1,2021,07:55,2,84,84007,2,1,-1,6,MONCLAR (Avenue),43.93744,4.80504,7,2,1
202100003180,196Â 084,B01,9,2,2,9,1,-1,-1,0,0,-1,2021,12.0,1,2,0,2,7,1,1,,3,721,0,,2,2,0,4,10,200,1,,7,1,5,1,70,15,12,2021,17:30,3,91,91001,1,3,0,3,CD 721,48.348587,2.176868,17,4,2
202100050893,110Â 708,A01,10,3,1,0,0,-1,-1,3,3,1,2021,62.0,3,2,0,1,1,1,1,,4,LARREY,0,,2,2,0,1,1,0,1,, -1,1,0,1,30,19,2,2021,10:35,1,49,49007,2,1,0,6,LARREY,47.479878,-0.555284,10,2,1
202100014970,174Â 947,C01,2,2,2,0,1,0,-1,-1, -1,-1,2021,39.0,3,2,0,2,0,2,1,,4,SEBASTIANU COSTA BD,0,,3,4,0,1,(1),(1),1,, -1,2,0,1,50,5,10,2021,19:47,5,201,201004,2,1,1,5,SEBASTIANU COSTA BD,41.9420755333,8.7495008653,19,4,3
202100049477,113Â 316,B01,1,1,1,0,2,8,-1,-1, -1,-1,2021,59.0,2,1,0,2,4,23,1,,4,BUGE (CHEMIN DE LA)NÂ° PAIRS,0,,2,1,2,1,0,0,1,, -1,1,0,1,50,28,2,2021,10:25,1,83,83123,2,1,0,4,BUGE (CHEMIN DE LA)NÂ° PAIRS,43.12092,5.80708,10,4,3
202100042367,125Â 898,A01,1,1,2,1,1,0,-1,-1, -1,-1,2021,52.0,3,2,0,2,2,1,1,,4,CHAPIT RE ( RUE DU),0,,1,1,0,2,0,0,2,, -1,1,0,1,50,27,4,2021,16:30,1,93,93073,2,3,1,3,CHAPIT RE ( RUE DU),49.0061,2.5558,16,2,2
202100010177,183Â 510,B01,1,1,1,0,1,0,-1,-1, -1,-1,2021,60.0,3,2,0,2,1,0,1,,4,GENERAL DE GAULLE (R DU),0,,2,2,0,2,1,0,2,, -1,2,0,1,50,30,10,2021,14:50,1,94,94053,2,1,1,1,Rue du GÃ©nÃ©ral de Gaulle,48.77677,2.54085,14,2,2