Num_Acc,id_vehicule,num_veh,place,catu,sexe,trajet,secu1,secu2,secu3,locp,actp,etatp,year_acc,victim_age,senc,catv,obs,obsm,choc,manv,motor,occutc,catr,voie,v1,v2,circ,nbv,vosp,prof,pr,pr1,plan,lartpc,larrout,surf,infra,situ,vma,jour,mois,an,hrmn,lum,dep,com,agg_,int,atm,col,adr,lat,long,hour,nb_victim,nb_vehicules
202100041134,128Â 081,A01,10,3,2,5,0,-1,-1,2,3,1,2021,83.0,3,1,0,1,1,1,1,,4,AVENUE GAMBETTA,0,,2,2,0,2,(1),(1),1,, -1,2,0,1,50,6,5,2021,15:20,1,75,75120,2,2,1,6,AVENUE GAMBETTA,48.869678,2.402643,15,2,1
202100047354,117Â 128,B01,2,2,2,0,1,0,-1,-1, -1,-1,2021,42.0,2,2,0,2,4,26,1,,2,ROCADE 10-11,0,,3,4,0,1,7,539,1,, -1,1,0,1,90,19,3,2021,15:28,1,35,35206,1,1,0,2,ROCADE 10-11,48.08148,-1.65424,15,3,2
202100005615,191Â 762,A01,1,1,1,1,8,4,-1,-1, -1,-1,2021,36.0,1,5,0,2,4,23,1,,1,A7-Sens Lyon vers Marseille,0,,1,1,0,3,272,830,3,, -1,1,3,1,50,29,11,2021,21:15,3,13,13106,1,1,0,2,A7-Sens Lyon vers Marseille,43.3908634045,5.3510057299,21,2,2
202100024507,157Â 853,A01,1,1,1,0,2,8,-1,-1, -1,-1,2021,24.0,1,1,0,2,1,7,1,,3,FONTAINE LA MALLET (DE),0,,2,2,0,1,9,180,1,, -1,1,0,1,80,10,8,2021,18:15,1,76,76447,1,3,0,2,FONTAINE LA MALLET (DE),49.54303,0.16621,18,2,2
202100004556,193Â 632,A01,1,1,1,0,1,0,-1,-1, -1,-1,2021,27.0,3,2,0,2,1,1,1,,4,BOBIGNY (AVENUE DE),0,,2,2,1,1,0,0,2,, -1,2,0,1,50,5,12,2021,00:30,5,93,93053,2,1,1,1,BOBIGNY (AVENUE DE),48.8941120622,2.4485604465,0,3,2
202100027297,152Â 936,A01,2,2,2,5,1,-1,-1,0,0,-1,2021,91.0,1,2,6,0,2,0,1,,3,517,-1,,2,2,0,1,23,200,1,, -1,1,0,3,50,25,7,2021,16:15,1,38,38515,2,1,0,6,Route de CrÃ©mieu,45.683641,5.312158,16,2,1
202100045847,119Â 805,A01,1,1,1,1,5,1,-1,0,0,-1,2021,22.0,3,5,13,2,3,1,1,,3,D2,-1,,2,2,0,1,24,650,1,, -1,1,0,1,80,31,3,2021,18:10,1,46,46204,1,2,0,3,Les vitarelles,44.689716,1.556671,18,2,2
202100055950,101Â 875,A01,10,3,1,0,0,-1,-1,2,3,1,2021,57.0,2,1,0,1,1,3,1,,3,ROSTAND.(RUE JEAN),0,,1,2,0,1,1,0,1,, -1,2,0,1,50,6,1,2021,19:10,5,94,94011,2,9,1,4,Avenue Jean Rostand,48.76764,2.48651,19,4,3
202100025946,155Â 304,B01,2,2,2,0,1,0,-1,-1, -1,-1,2021,24.0,0,2,0,2,0,0,1,,1,A507 sens Aubagne- Marseille,0,,1,3,0,2,1,320,1,, -1,1,1,1,70,2,7,2021,15:29,1,13,13055,1,1,0,2,A507 sens Aubagne- Marseille,43.33,5.3985,15,3,2
202100031746,145Â 013,B01,1,1,1,0,2,6,-1,-1, -1,-1,2021,44.0,1,1,0,2,7,1,1,,4,POITOU (R DU),0,,2,2,0,1,1,0,1,, -1,1,0,1,50,29,6,2021,13:25,1,94,94021,2,1,0,3,Rue du Poitou,48.77595,2.35993,13,2,2
202100004184,194Â 277,A01,1,1,1,4,0,-1,-1,0,0,-1,2021,20.0,1,4,0,0,2,1,1,,3,677,-1,,3,4,0,1,70,500,1,, -1,1,0,8,110,8,12,2021,07:30,2,10,10172,1,1,0,7,Route dÃ©partementale 677,48.616796,4.168968,7,1,1
202100036664,136Â 176,A01,10,3,2,9,0,-1,-1,9,2,1,2021,51.0,2,2,0,1,5,26,1,,4,GENERAL GALLIENI (RUE DU),0,,1,0,3,1,1,0,1,, -1,1,6,1,20,2,6,2021,15:30,1,93,93048,2,1,0,6,GENERAL GALLIENI (RUE DU),48.85954,2.44039,15,2,1
202100055499,102Â 645,A01,1,1,2,5,1,-1,-1,0, -1,-1,2021,34.0,2,2,0,2,1,16,1,,3,PRESIDENT ALLENDE BOULEVARD,0,,3,4,0,1,55,570,1,, -1,1,0,1,70,9,1,2021,16:03,1,29,29232,2,6,0,4,Boulevard President Allende,48.0033412771,-4.0838134289,16,11,3
202100011101,181Â 886,B01,1,1,1,1,2,8,-1,-1, -1,-1,2021,46.0,2,1,0,2,1,17,1,,4,ROMAIN ROLLAND (BOULEVARD),0,,2,2,0,1,0,0,1,, -1,1,0,1,50,25,10,2021,17:50,1,13,13210,2,1,0,3,ROMAIN ROLLAND (BOULEVARD),43.274708466,5.415358829,17,2,2
202100018043,169Â 376,B01,1,1,1,5,1,-1,-1,0,0,-1,2021,28.0,2,2,0,0,6,1,1,,1,7,0,,3,5,0,1,105,150,1,, -1,2,0,1,130,19,9,2021,22:15,3,26,26106,1,1,1,2,Autoroute A7,44.644895,4.79233,22,5,2
202100047980,115Â 977,A01,1,1,2,5,2,-1,-1,0,0,-1,2021,43.0,3,1,15,2,1,1,6,,4,,0,,-1,2,0,1,(1),(1),1,, -1,1,0,1,50,13,3,2021,17:50,1,11,11203,2,1,0,1,Rue Jules Verne,43.190540046,2.7692144032,17,2,2
202100002552,197Â 220,B01,1,1,2,5,1,-1,-1,-1, -1,-1,2021,49.0,1,2,0,2,6,2,1,,1,A43   13.029 A 15.971,0,,3,6,0,1,15,300,1,, -1,2,0,1,130,13,12,2021,21:55,3,69,69288,1,1,1,2,A43,45.67059,5.04665,21,2,2
202100024658,157Â 579,B01,1,1,1,5,2,-1,-1,0,0,-1,2021,70.0,1,1,1,0,1,1,5,,7,17,0,,2,2,2,1,7,277,1,, -1,1,0,5,70,12,8,2021,11:05,1,34,34169,1,1,0,2,D.17,43.668524,3.868282,11,2,2
202100021530,163Â 159,A01,10,3,1,4,8,-1,-1,6,1,1,2021,72.0,1,2,0,1,1,23,1,,3,108,0,,2,2,0,1,0,600,1,, -1,1,0,3,50,31,8,2021,03:00,3,21,21422,2,1,1,6,25 Rue Grillot,47.342687,4.203291,3,1,1
202100049485,113Â 301,B01,1,1,1,5,8,0,-1,-1, -1,-1,2021,64.0,0,1,0,2,8,1,5,,4,LOTI (RUE PIERRE),0,,2,2,1,1,(1),(1),1,, -1,1,0,1,50,2,3,2021,14:10,1,68,68224,2,3,0,3,LOTI (RUE PIERRE),47.73366,7.30169,14,2,2
202100006035,191Â 008,A01,1,1,1,5,2,6,-1,0,0,-1,2021,14.0,2,1,1,0,1,14,1,,3,911F,-1,,2,2,0,2,2,930,1,,4,1,0,3,50,28,11,2021,13:30,1,47,47106,2,1,0,6,49 Rue LÃ©on Jouhaux,44.494748,0.965396,13,1,1
202100001242,199Â 549,B01,1,1,1,9,0,-1,-1,0,0,-1,2021,17.0,2,1,0,2,1,19,5,,7,21,0,,3,2,2,1,3,600,1,, -1,1,5,1,30,29,12,2021,14:30,1,13,13014,2,3,0,3,Avenue Joliot Curie,43.481251,5.176136,14,2,2
202100003647,195Â 234,A01,1,1,2,9,8,0,-1,-1, -1,-1,2021,49.0,1,0,0,0,7,26,3,,4,HERAUDIERES,0,,1,2,0,1,1,0,2,, -1,1,0,1,30,9,12,2021,09:01,1,49,49267,2,6,0,7,HERAUDIERES,47.46106,-0.47894,9,1,1
202100052173,108Â 452,B01,1,1,1,5,1,-1,-1,0,0,-1,2021,40.0,1,2,0,2,4,23,1,,2,265,-1,,3,4,0,1,(1),(1),2,, -1,2,0,1,90,1,2,2021,07:50,3,29,29075,1,1,1,5,N265,48.42893,-4.437833,7,3,3
202100014606,175Â 606,A01,1,1,1,5,2,0,-1,-1, -1,-1,2021,31.0,3,1,11,0,1,7,1,,4,JAURES (PLACE JEAN),0,,-1,0,3,1,(1),(1),1,, -1,1,5,6,40,5,10,2021,04:20,5,37,37261,2,7,0,6,JAURES (PLACE JEAN),47.3900814189,0.6889123845,4,1,1
202100015614,173Â 767,A01,1,1,1,0,8,0,-1,-1, -1,-1,2021,34.0,0,2,8,0,1,1,1,,7,VALBARELLE (BOULEVARD DE LA ),0,,2,2,0,1,0,0,1,, -1,1,0,1,50,2,10,2021,06:05,5,13,13211,2,1,0,1,VALBARELLE (BOULEVARD DE LA ),43.288,5.452,6,1,1
202100008895,185Â 839,A01,1,1,1,0,1,-1,-1,0,0,-1,2021,23.0,1,2,0,2,1,13,1,,3,68,0,,2,2,0,1,17,900,1,, -1,1,0,1,80,9,11,2021,08:30,1,34,34153,1,1,0,5,D68,43.7182010974,3.831497521,8,3,3
202100031621,145Â 232,A01,10,3,2,5,0,-1,-1,3,3,1,2021,45.0,3,2,0,1,1,1,1,,4,,0,,2,2,0,2,0,0,1,, -1,1,0,1,50,28,6,2021,10:40,1,92,92063,2,1,0,6,VERSAILLES (AVENUE DE),48.8556912164,2.1635462344,10,2,1
202100013898,176Â 859,B01,1,1,1,0,2,0,-1,-1, -1,-1,2021,29.0,3,1,0,2,6,1,1,,3,AUGUSTE FRANCHOT (R),0,,2,1,0,1,0,1,1,, -1,1,0,1,50,11,10,2021,21:00,4,94,94022,2,3,0,3,AUGUSTE FRANCHOT (R),48.76762,2.40632,21,3,2
202100031774,144Â 967,B01,1,1,1,5,0,-1,-1,0,0,-1,2021,10.0,3,1,0,2,3,1,5,,4,,-1,,2,2,0,1,(1),(1),1,,4,1,0,1,50,30,6,2021,18:50,1,77,77242,2,3,0,3,rue d'en bas,48.498603,3.234208,18,2,2
202100040626,128Â 995,B01,1,1,1,9,8,0,-1,0,0,-1,2021,38.0,3,1,0,2,1,1,5,,4,RUE DE BELLEVILLE,0,,2,4,0,1,(1),(1),1,, -1,1,0,1,50,9,5,2021,11:20,1,75,75119,2,2,0,3,RUE DE BELLEVILLE,48.875463,2.39901,11,3,2
202100004783,193Â 228,B01,1,1,1,4,1,0,-1,-1, -1,-1,2021,49.0,3,5,0,2,4,9,3,,3,,0,,2,2,0,1,11,250,3,, -1,1,0,1,50,9,11,2021,08:35,1,25,25056,2,6,1,2,CHURCHILL BD WINSTON,47.24519,5.99654,8,2,2
202100037664,134Â 333,A01,1,1,2,1,1,-1,-1,0,0,-1,2021,42.0,2,2,0,2,8,9,1,,3,140,-1,,2,2,0,1,0,10,1,, -1,1,5,8,80,29,5,2021,20:35,1,29,29167,1,3,0,3,Le Moustoir Menez Ar Groas,47.996136,-4.254445,20,3,2
202100024780,157Â 357,A01,1,1,1,0,2,8,-1,-1, -1,-1,2021,38.0,3,1,0,2,1,2,1,,3,ROUAILLER (ALLEE DU),0,,2,0,0,2,0,0,1,, -1,1,0,1,50,10,8,2021,10:30,1,93,93014,2,1,0,2,Boulevard Gagarine,48.90481,2.54516,10,2,2
202100036917,135Â 713,A01,10,3,2,0,0,-1,-1,3,3,1,2021,27.0,2,1,0,1,3,1,1,,3,1,-1,,2,2,2,1,5,500,1,, -1,1,0,1,50,2,6,2021,19:50,5,973,97309,2,1,0,6,Route de Montjoly,4.924641,-52.284976,19,2,1
202100000880,200Â 172,B01,1,1,2,1,1,0,-1,-1, -1,-1,2021,46.0,2,2,0,2,3,1,1,,4,ANDRE MALRAUX (RUE),0,,2,2,0,1,(1),(1),3,, -1,2,0,1,50,29,12,2021,12:53,1,10,10387,2,1,1,3,ANDRE MALRAUX (RUE),48.3114765078,4.0822792053,12,2,2
202100018462,168Â 628,B01,1,1,1,0,0,-1,-1,0,0,-1,2021,57.0,1,1,0,0,3,2,5,,3,105,0,D,1,1,0,1,(1),(1),2,, -1,1,0,1,50,18,9,2021,09:15,1,68,68349,2,6,0,3,D105,47.599609,7.576994,9,2,2
202100017214,170Â 873,A01,10,3,1,3,0,-1,-1,3,3,1,2021,83.0,1,2,0,1,3,1,1,,3,901,0,,2,2,0,1,25,990,3,, -1,1,0,1,30,23,9,2021,11:30,1,12,12138,2,3,1,6,D901,44.473891,2.465041,11,3,1
202100006713,189Â 783,A01,1,1,1,5,2,6,-1,0,0,-1,2021,26.0,1,1,13,0,1,17,1,,3,RD944,0,,2,2,0,2,0,852,3,, -1,1,0,3,90,20,11,2021,16:45,1,5,5061,1,1,0,6,RD944,44.59319,6.09076,16,1,1
202100000599,200Â 631,A01,10,3,2,5,0,-1,-1,3,3,1,2021,83.0,3,2,0,1,3,16,1,,4,PERRIERES (DESCENTE DES),0,,2,2,0,4,0,0,2,, -1,1,9,1,50,30,12,2021,16:45,1,30,30028,2,9,0,6,PERRIERES (DESCENTE DES),44.1610038898,4.6188342422,16,2,1
202100025649,155Â 837,C01,1,1,2,5,1,-1,-1,0,0,-1,2021,19.0,1,2,0,2,1,1,1,,2,40,0,T,2,2,0,2,95,400,3,, -1,2,0,1,80,1,8,2021,18:25,1,201,201272,1,1,0,5,RT 40,41.505147,8.950446,18,4,3
202100024483,157Â 901,A01,1,1,1,0,1,0,-1,-1, -1,-1,2021,20.0,1,2,0,2,4,26,1,,1,AUTOROUTE A86,0,,3,6,0,1,21,399,2,, -1,1,1,1,70,11,8,2021,22:35,5,93,93008,1,1,0,2,AUTOROUTE A86,48.910711,2.44221,22,2,2
202100003242,195Â 972,A01,1,1,1,5,1,-1,-1,-1, -1,-1,2021,39.0,0,2,0,2,1,1,1,,4,NANSEN. RUE FRIDTJOF,0,,2,4,0,1,0,0,2,, -1,1,0,1,50,12,12,2021,23:30,5,76,76540,2,3,0,3,NANSEN. RUE FRIDTJOF,49.44566,1.0619,23,3,2
202100054205,104Â 858,A01,10,3,2,2,0,-1,-1,2,3,1,2021,14.0,1,2,0,1,1,15,1,,3,CHAMPAGNE AVENUE DE,0,,1,1,0,2,22,0,2,, -1,2,3,1,50,21,1,2021,07:45,2,51,51454,2,3,0,7,Rue de Louvois,49.2298998058,4.0355499161,7,2,1
202100029754,148Â 604,A01,1,1,1,5,0,-1,-1,-1, -1,-1,2021,24.0,3,1,6,0,1,0,0,,5,RUE ALBERT DAUVERGNE,0,,-1,0,3,2,0,1,4,, -1,9,6,6,15,8,7,2021,02:38,5,77,77114,2,1,0,6,RUE ALBERT DAUVERGNE,48.7274049212,2.6589094503,2,1,1
202100013302,177Â 965,A01,10,3,2,5,0,-1,-1,3,3,1,2021,75.0,2,1,0,1,3,1,1,,4,AVENUE DE LA PORTE DES TERNES,0,,2,4,0,1,(1),(1),1,, -1,1,0,1,30,14,10,2021,12:55,1,75,75117,2,3,0,6,AVENUE DE LA PORTE DES TERNES,48.878995,2.292782,12,2,1
202100031198,145Â 972,B01,1,1,1,9,2,0,-1,0,0,-1,2021,25.0,2,1,0,2,1,9,5,,4,RUE DE CHATEAUDUN,0,,1,3,0,1,(1),(1),1,, -1,1,0,1,30,3,7,2021,17:50,1,75,75109,2,2,0,3,RUE DE CHATEAUDUN,48.875869,2.340336,17,2,2
202100016271,172Â 551,B01,1,1,1,4,2,6,-1,-1, -1,-1,2021,39.0,3,1,0,2,1,1,1,,4,77,0,,2,2,0,1,0,0,1,, -1,1,0,1,50,29,9,2021,14:05,1,92,92007,2,1,0,3,PASTEUR (AVENUE LOUIS) AUTRES NUMEROS,48.8026269035,2.3189802468,14,2,2
202100054865,103Â 735,A01,1,1,1,1,2,6,-1,-1, -1,-1,2021,23.0,1,1,0,2,1,1,1,,4,BELFORT (RUE DE),0,,1,1,0,1,0,0,1,, -1,2,0,1,50,14,1,2021,15:14,1,87,87085,2,2,1,3,HOCHE (RUE),45.84029,1.25905,15,2,2
202100034842,139Â 431,A01,1,1,2,3,1,-1,-1,0,0,-1,2021,53.0,1,2,0,2,1,17,1,,3,23,0,D,2,2,0,1,4,350,1,, -1,1,0,1,80,12,6,2021,11:14,1,44,44048,1,3,0,2,LE BOTTEREAU,47.376667,-1.247056,11,3,2
202100000972,200Â 019,A01,1,1,1,1,2,0,-1,-1,0,-1,2021,24.0,3,1,8,0,1,26,1,,4,OISE (BOULEVARD DE L'),0,,3,4,1,1,(1),(1),1,, -1,2,0,5,50,29,12,2021,06:05,5,95,95127,2,1,1,6,OISE (BOULEVARD DE L'),49.04665,2.06014,6,1,1
202100035375,138Â 479,B01,1,1,1,5,2,-1,-1,0,0,-1,2021,68.0,2,1,0,2,8,2,5,,3,784,0,D,2,2,0,1,36,500,1,, -1,1,0,1,80,11,6,2021,14:30,1,29,29228,1,1,0,3,Route de la Pointe du Raz,48.029768,-4.597886,14,2,2
202100010407,183Â 115,A01,1,1,1,5,1,-1,-1,0,0,-1,2021,24.0,1,2,14,0,9,13,1,,3,1082,0,,2,2,0,2,78,450,2,, -1,2,0,3,80,30,10,2021,06:30,3,42,42172,1,1,1,6,Route de Bourg-Argental,45.3795341162,4.4397651988,6,1,1
202100033466,141Â 951,A01,7,2,2,5,1,-1,-1,0,0,-1,2021,17.0,1,2,13,0,8,16,1,,3,26,3,D,2,2,0,1,1,520,3,, -1,1,0,3,80,19,6,2021,20:15,2,68,68050,1,1,1,6,D26,47.664054,7.053067,20,3,1
202100023756,159Â 153,B01,1,1,2,4,1,0,-1,-1, -1,-1,2021,54.0,3,2,0,2,2,1,1,,3,913,0,,1,3,0,1,0,0,2,, -1,1,8,1,30,17,8,2021,11:05,1,92,92062,2,1,0,2,GENERAL DE GAULLE (AVENUE DU),48.88809,2.23492,11,2,2
202100039333,131Â 292,B01,1,1,2,5,8,0,-1,-1, -1,-1,2021,61.0,1,2,0,2,2,1,1,,4,,0,,2,2,2,2,0,0,1,, -1,2,0,1,50,19,5,2021,09:30,1,92,92073,2,2,1,3,ESTIENNE D'ORVES (RUE HONORE D'),48.8734848262,2.2252370417,9,2,2
202100018457,168Â 639,A01,10,3,1,9,0,-1,-1,3,3,1,2021,75.0,1,2,0,1,7,16,1,,3,130,0,,2,2,0,1,(1),(1),1,, -1,1,2,1,50,18,9,2021,08:45,1,63,63047,2,9,1,6,D 130 - Pont de la Dordogne,45.5891091643,2.74319553,8,2,1
202100028336,151Â 046,A01,1,1,1,0,2,6,-1,-1, -1,-1,2021,24.0,0,1,0,2,4,1,1,,3,MARCEL DASSAULT,0,,2,3,0,1,0,0,1,, -1,1,0,1,50,18,7,2021,03:00,5,92,92064,2,3,0,2,MARCEL DASSAULT,48.852964,2.222814,3,2,2
202100027892,151Â 855,A01,1,1,1,9,8,-1,-1,0,0,-1,2021,23.0,0,1,0,2,1,19,3,,4,BEAUVAIS (RUE DE),0,,1,1,0,2,(1),(1),3,, -1,1,0,1,30,17,7,2021,23:45,5,80,80021,2,1,0,1,BEAUVAIS (RUE DE),49.89291,2.29427,23,2,2
202100009259,185Â 156,B01,1,1,1,0,1,-1,-1,-1, -1,-1,2021,30.0,1,2,0,2,1,2,1,,4,PRESIDENT ALLENDE BOULEVARD,0,,2,4,0,1,(1),0,1,, -1,1,2,1,70,4,11,2021,14:30,1,29,29232,2,1,0,4,Boulevard President Allende,47.99363,-4.07331,14,3,3
202100051624,109Â 417,A01,1,1,1,5,2,6,-1,0,0,-1,2021,25.0,1,1,0,0,0,13,1,,3,6110,-1,,2,2,0,1,23,500,2,, -1,1,0,3,80,13,2,2021,16:00,1,30,30002,1,1,0,7,D6110,43.966195,4.098115,16,1,1
202100033532,141Â 834,A01,10,3,2,0,0,-1,-1,3,3,1,2021,57.0,1,2,0,1,8,15,1,,4,CARNOT                              (R ),0,,1,2,3,1,(1),(1),1,, -1,1,0,1,50,18,6,2021,10:15,1,69,69199,2,1,0,6,CARNOT                              (R ),45.707921855,4.8641210496,10,2,1
202100054033,105Â 161,A01,1,1,1,4,8,0,-1,-1, -1,-1,2021,29.0,3,5,0,9,3,1,-1,,4,BUHLER (RUE ETIENNETTE),0,,3,2,0,2,1,0,1,, -1,2,4,8,50,21,1,2021,12:45,1,90,90099,2,1,0,3,BUHLER (RUE ETIENNETTE),47.6665,6.83663,12,2,2
202100027981,151Â 690,B01,1,1,1,3,8,0,-1,-1, -1,-1,2021,54.0,1,1,0,2,3,1,5,,4,HUGUES CLOVIS,0,,2,2,0,1,0,0,1,, -1,1,0,1,50,20,7,2021,09:45,1,93,93066,2,1,0,3,Rue Clovis Hugues,48.942865,2.374902,9,2,2
202100035035,139Â 072,Z01,10,3,2,1,8,8,-1,2,3,1,2021,20.0,2,0,0,1,0,1,0,,4,COMMANDANT DE ROBIEN (RUE),0,,2,2,0,1,0,0,1,, -1,1,0,1,50,10,6,2021,18:40,1,13,13211,2,1,0,3,COMMANDANT DE ROBIEN (RUE),43.2888,5.49478,18,2,1
202100016879,171Â 453,B01,4,2,2,5,1,8,-1,-1, -1,-1,2021,37.0,2,2,0,2,4,23,1,,4,MONNAIE,0,,-1,0,0,1,0,0,1,, -1,1,0,1,30,24,9,2021,11:15,1,64,64445,2,1,0,2,MONNAIE,43.294,-0.376,11,4,2
202100029508,149Â 051,A01,1,1,1,5,1,-1,-1,0,0,-1,2021,33.0,2,2,1,0,1,1,1,,3,27,-1,,2,2,0,2,(1),(1),4,, -1,1,0,4,50,10,7,2021,22:37,5,18,18186,2,1,0,6,7 rue La Fontaine,47.098577,2.173893,22,1,1
202100019141,167Â 414,A01,10,3,1,2,0,-1,-1,3,3,2,2021,8.0,2,5,0,1,8,1,1,,3,,0,,2,2,1,1,0,100,1,, -1,1,6,8,50,13,9,2021,16:45,1,91,91114,2,1,1,6,AV CHARLES CHRISTOFLE,48.702383,2.493554,16,3,1
202100012071,180Â 137,B01,1,1,1,5,8,0,-1,-1, -1,-1,2021,33.0,1,1,0,2,8,16,5,,4,,0,,2,2,0,1,0,0,3,, -1,1,0,1,50,19,10,2021,18:30,1,92,92048,2,6,0,3,COLONEL MORAINE (ROUTE DU),48.7890421514,2.2218105197,18,2,2
202100054091,105Â 060,B01,2,2,2,5,1,-1,-1,0,0,-1,2021,52.0,1,2,0,2,3,1,1,,3,D911,0,,2,2,0,2,3,670,2,, -1,1,0,1,80,19,1,2021,15:48,1,12,12145,1,1,0,3,D911,44.12229,3.05664,15,3,2
202100040398,129Â 398,A01,2,2,1,5,0,-1,-1,0,0,-1,2021,22.0,2,1,2,0,1,0,1,,3,151,-1,,2,2,0,1,(1),(1),1,, -1,1,8,3,50,12,5,2021,02:00,3,202,202049,2,1,0,7,route dÃ©partementale 151A,42.509913,8.864164,2,2,1
202100034588,139Â 889,B01,1,1,2,5,2,0,-1,0,0,-1,2021,58.0,2,1,0,2,1,1,5,,3,COTES (RUE DES),0,,-1,2,0,2,3,340,3,, -1,1,0,1,80,13,6,2021,11:00,1,27,27554,1,1,0,3,COTES (RUE DES),49.10422,1.43318,11,2,2
202100012419,179Â 509,B01,1,1,1,0,1,8,-1,-1, -1,-1,2021,44.0,1,2,0,2,6,1,1,,4,ROMAINS (ROUTE DES),0,,2,2,1,1,0,0,1,, -1,1,0,1,50,15,10,2021,19:40,4,67,67118,2,1,0,3,ROMAINS (ROUTE DES),48.5814811074,7.6940573752,19,2,2
202100002268,197Â 728,B01,1,1,1,5,2,6,-1,0,0,-1,2021,34.0,1,1,0,2,1,1,1,,4,RUE DE COURCELLES,0,,2,2,0,1,(1),(1),1,, -1,1,0,1,30,18,12,2021,13:50,1,75,75117,2,1,0,3,RUE DE COURCELLES,48.889023,2.293272,13,2,2
202100010528,182Â 908,A01,1,1,2,5,1,0,-1,-1, -1,-1,2021,42.0,1,2,6,0,1,1,1,,4,BARRIERE RUE DE LA,0,,2,2,0,2,(1),(1),2,, -1,1,0,1,50,9,10,2021,16:42,1,42,42186,2,1,0,6,Rue de la BarriÃ©re,45.5297327904,4.6163729822,16,1,1
202100014678,175Â 475,B01,1,1,1,1,2,-1,-1,0,0,-1,2021,40.0,0,1,0,2,1,1,1,,1,,-1,,1,-1,-1,3,(1),(1),1,, -1,1,3,1,-1,8,10,2021,07:20,1,67,67194,1,2,0,3,D29,48.747913,7.914818,7,2,2
202100035990,137Â 355,A01,1,1,1,5,8,-1,-1,0,0,-1,2021,28.0,3,2,13,0,1,16,1,,3,RD90,-1,,2,2,0,2,6,800,3,, -1,1,0,1,80,7,6,2021,21:00,1,80,80668,2,1,0,7,avenue du chateau,49.784738,2.385932,21,1,1
202100032420,143Â 824,A01,1,1,1,5,9,1,-1,0,0,-1,2021,30.0,2,2,0,0,9,0,1,,3,31,-1,,2,2,0,1,72,185,1,, -1,1,0,1,50,25,6,2021,21:16,2,2,2831,1,1,0,7,D31,49.906947,4.187945,21,1,1
202100047063,117Â 646,B01,1,1,1,9,8,0,-1,-1, -1,-1,2021,24.0,2,1,0,2,8,3,0,,3,ROSNY (AVENUE DE),0,,1,2,0,1,1,730,1,, -1,1,0,1,50,22,3,2021,13:20,1,93,93077,2,1,0,3,ROSNY (AVENUE DE),48.88398,2.50043,13,2,2
202100039042,131Â 851,B01,1,1,2,1,1,-1,-1,-1, -1,-1,2021,41.0,1,2,0,2,6,0,1,,1,A7   13.970 A 15.270,0,,3,6,0,1,14,0,1,, -1,1,0,1,110,19,5,2021,07:05,1,69,69294,1,1,0,4,A7,45.6373211455,4.8227448463,7,6,4
202100047045,117Â 680,A01,1,1,1,0,1,-1,-1,-1, -1,-1,2021,43.0,2,2,0,2,1,1,1,,4,LIBERATION (CRS DE LA),0,,3,2,0,1,(1),(1),1,, -1,1,8,1,50,22,3,2021,15:30,1,33,33522,2,2,0,4,Cours de la LibÃ©ration,44.8067,-0.59172,15,3,3
202100000878,200Â 175,A01,1,1,2,0,1,0,-1,-1, -1,-1,2021,72.0,2,2,0,2,1,16,1,,4,PASTEUR (RUE),0,,2,2,0,1,0,0,1,, -1,2,0,1,50,29,12,2021,19:33,5,10,10325,2,2,1,1,PASTEUR (RUE),48.2623984493,4.0728378296,19,2,2
202100047110,117Â 562,A01,1,1,2,5,1,0,-1,-1,0,-1,2021,21.0,2,2,3,0,1,13,1,,2,RN 184,0,,3,4,0,1,11,500,3,, -1,1,0,1,90,22,3,2021,17:15,1,95,95678,1,1,0,6,RN 184,49.05901,2.21027,17,1,1
202100005435,192Â 083,A01,1,1,1,5,0,-1,-1,0,0,-1,2021,23.0,1,1,0,2,1,0,1,,3,916,-1,D,2,2,0,1,4,720,3,, -1,1,2,1,80,20,11,2021,23:00,3,30,30077,1,1,0,3,,44.151985,4.056869,23,2,2
202100035486,138Â 280,A01,1,1,1,5,2,6,-1,-1, -1,-1,2021,59.0,2,1,0,2,2,21,1,,3,CD 119,0,,2,2,0,1,558,320,1,, -1,1,5,1,70,20,5,2021,14:30,1,62,62548,1,2,1,1,CD 119,50.971621,1.962411,14,2,2
202100015637,173Â 721,A01,10,3,2,1,0,-1,-1,3,3,1,2021,28.0,1,2,0,1,3,15,2,,4,RUE TORRICELLI,0,,1,1,0,1,(1),(1),1,, -1,2,0,1,30,2,10,2021,14:40,1,75,75117,2,2,1,6,RUE TORRICELLI,48.880916,2.292124,14,2,1
202100003700,195Â 139,A01,1,1,1,1,1,0,-1,-1, -1,-1,2021,27.0,3,2,0,2,3,26,1,,6,ZI Pont Rouge,0,,-1,-1,0,1,3,0,1,, -1,2,9,8,50,10,12,2021,13:30,1,11,11069,2,1,1,3,ZI PONT ROUGE,43.23661,2.36648,13,2,2
202100026300,154Â 682,A01,1,1,1,0,1,0,-1,-1, -1,-1,2021,20.0,3,2,1,0,2,26,1,,4,BOULEVARD BENONI GOULLIN,0,,3,4,2,1,0,0,1,, -1,1,9,1,50,31,7,2021,00:03,5,44,44109,2,1,0,6,BOULEVARD BENONI GOULLIN,47.20149,-1.55191,0,1,1
202100023533,159Â 575,A01,9,2,2,5,1,-1,-1,0,0,-1,2021,22.0,1,2,0,2,7,19,1,,2,568,0,N,3,4,0,1,(1),(1),1,, -1,1,0,1,90,13,8,2021,13:30,1,13,13004,1,2,0,3,Route Nationale 568,43.584406594,4.7648717587,13,4,2