Num_Acc,id_vehicule,num_veh,place,catu,sexe,trajet,secu1,secu2,secu3,locp,actp,etatp,year_acc,victim_age,senc,catv,obs,obsm,choc,manv,motor,occutc,catr,voie,v1,v2,circ,nbv,vosp,prof,pr,pr1,plan,lartpc,larrout,surf,infra,situ,vma,jour,mois,an,hrmn,lum,dep,com,agg_,int,atm,col,adr,lat,long,hour,nb_victim,nb_vehicules
202100036217,136Â 952,B01,2,2,2,9,2,0,-1,-1, -1,-1,2021,22.0,1,1,0,2,1,1,1,,3,BADUEL (ROUTE DE),0,,2,2,2,1,3,50,1,, -1,1,0,1,50,5,6,2021,18:40,2,973,97302,2,1,0,3,BADUEL (ROUTE DE),4.93001,-52.30418,18,3,2
202100029861,148Â 416,A01,1,1,1,1,2,6,-1,-1, -1,-1,2021,27.0,2,1,0,2,1,1,1,,3,912,0,,2,2,0,1,0,0,1,, -1,1,0,1,50,8,7,2021,15:00,1,92,92024,2,3,0,2,VICTOR HUGO (BD),48.90316,2.31971,15,2,2
202100027668,152Â 263,B01,1,1,1,0,1,8,-1,-1, -1,-1,2021,73.0,1,2,0,2,4,16,1,,2,N12Y,0,,1,1,0,1,31,0,1,, -1,1,0,1,70,21,7,2021,17:00,1,78,78073,1,1,0,2,N12Y,48.799268,1.995459,17,2,2
202100040223,129Â 699,A01,1,1,1,9,2,6,-1,0,0,-1,2021,49.0,2,1,0,2,4,2,1,,4,RUE LA FAYETTE,0,,2,3,0,1,(1),(1),1,, -1,1,0,1,50,12,5,2021,12:20,1,75,75110,2,2,0,2,RUE LA FAYETTE,48.879477,2.357682,12,2,2
202100047743,116Â 409,B01,1,1,1,5,2,6,-1,-1, -1,-1,2021,30.0,2,1,0,2,1,1,5,,4,MAGINOT (AV. ANDRE),0,,2,3,1,1,(1),(1),1,, -1,1,0,5,50,6,3,2021,09:35,1,37,37261,2,1,0,6,MAGINOT (AV. ANDRE),47.4223848961,0.6967928412,9,2,2
202100008250,186Â 967,B01,1,1,1,4,2,-1,-1,-1, -1,-1,2021,28.0,0,1,0,2,8,1,3,,4,MARC BLOCH                          (R ),0,,1,3,3,1,(1),(1),1,, -1,1,0,1,50,12,11,2021,13:10,1,69,69387,2,2,0,3,MARC BLOCH (R),45.74702,4.84569,13,2,2
202100016941,171Â 340,B01,1,1,2,1,8,-1,-1,-1, -1,-1,2021,31.0,1,1,0,2,7,0,5,,4,AVE DE L'YSER,0,,3,2,2,1,(1),(1),1,, -1,1,0,1,50,23,9,2021,08:20,1,33,33281,2,6,0,3,Avenue de lâYser,44.8412576755,-0.6538560243,8,2,2
202100006604,189Â 986,B01,1,1,2,5,1,0,-1,-1, -1,-1,2021,26.0,3,2,0,2,1,1,1,,4,RTE DE FEROLLES,0,,2,2,0,1,0,0,2,, -1,2,0,1,50,21,11,2021,00:10,5,77,77450,2,6,1,1,RTE DE FEROLLES,48.716958,2.597492,0,2,2
202100008358,186Â 789,B01,1,1,1,1,2,6,-1,0,0,-1,2021,26.0,2,1,0,2,3,3,1,,4,PORTE DAUPHINE,0,,1,4,0,1,15,0,1,, -1,1,1,1,70,12,11,2021,17:40,5,75,75116,2,1,0,3,PORTE DAUPHINE,48.869171,2.270687,17,3,2
202100002126,197Â 996,B01,1,1,2,5,8,0,-1,-1, -1,-1,2021,52.0,1,1,0,2,7,1,5,,4,BELLEVUE (RUE DE),0,,2,1,0,3,0,0,1,, -1,1,0,1,50,19,12,2021,14:00,1,91,91312,2,3,0,3,BELLEVUE (RUE DE),48.738366,2.233941,14,2,2
202100029849,148Â 438,A01,10,3,2,0,0,-1,-1,3,3,1,2021,51.0,1,2,0,1,1,9,1,,4,ANATOLE FRANCE,0,,1,2,0,1,0,0,1,, -1,1,6,8,50,9,7,2021,16:00,1,93,93029,2,1,0,1,ANATOLE FRANCE,48.9256186568,2.4489051104,16,2,1
202100019848,166Â 159,A01,1,1,2,0,2,6,-1,-1, -1,-1,2021,16.0,2,1,0,2,0,18,1,,4,CLADEL (RUE LEON),0,,2,2,0,1,(1),(1),1,, -1,1,0,1,50,9,9,2021,09:55,1,82,82121,2,1,0,3,CLADEL (RUE LEON),44.0222835,1.3609737,9,2,2
202100035642,138Â 009,C01,2,2,2,9,1,0,-1,-1, -1,-1,2021,24.0,1,2,0,2,1,2,1,,1,A507 sens Marseille - Aubagne,0,,3,4,0,2,7,519,1,, -1,1,1,1,70,9,6,2021,19:00,1,13,13055,1,1,0,4,A507 sens Marseille - Aubagne,43.29602,5.42471,19,4,3
202100007071,189Â 117,A01,1,1,2,5,2,6,9,0,0,-1,2021,30.0,1,1,13,0,1,1,1,,3,166,0,,2,2,0,2,9,800,2,, -1,1,0,1,80,20,11,2021,16:30,1,30,30225,1,1,0,6,D 166,44.148458,4.540539,16,1,1
202100006638,189Â 923,A01,10,3,1,0,0,-1,-1,3,2,1,2021,83.0,2,4,0,1,3,1,1,,3,RN 225,0,,3,1,0,1,1,0,1,, -1,1,0,1,50,23,11,2021,07:20,2,59,59183,2,1,0,6,RN 225,51.0208459821,2.3182439804,7,2,1
202100017518,170Â 309,A01,1,1,2,1,1,0,-1,-1, -1,-1,2021,27.0,3,2,8,2,2,15,1,,3,BARBUSSE (AVENUE HENRI) A30,0,,3,4,0,2,0,0,1,, -1,1,0,1,50,22,9,2021,17:45,1,93,93008,2,9,0,3,BARBUSSE (AVENUE HENRI) A30,48.9084,2.42736,17,2,2
202100025057,156Â 869,A01,1,1,2,5,0,-1,-1,0,0,-1,2021,35.0,1,6,2,0,1,13,1,,4,202,0,,2,2,0,4,(1),(1),1,, -1,1,0,8,80,8,8,2021,17:15,1,24,24471,1,1,0,6,La Brunie,44.925706,1.298854,17,1,1
202100037221,135Â 148,B01,1,1,1,4,1,0,-1,-1, -1,-1,2021,48.0,2,2,0,2,1,19,1,,4,JACQUARD (BOULEVARD),0,,2,2,0,1,(1),(1),1,, -1,2,0,1,30,4,5,2021,04:20,5,62,62193,2,2,1,3,JACQUARD (BOULEVARD),50.951727,1.853469,4,4,2
202100035152,138Â 878,A01,2,2,2,5,1,-1,-1,0,0,-1,2021,25.0,1,2,0,2,1,2,1,,1,62,-1,A,3,4,0,1,28,503,1,, -1,1,0,1,130,12,6,2021,18:25,1,33,33343,1,1,0,2,,44.579494,-0.331221,18,3,2
202100049738,112Â 839,A01,1,1,1,0,8,-1,-1,-1, -1,-1,2021,21.0,1,1,0,2,2,1,1,,4,VOLTAIRE                            (R ),0,,1,1,0,1,(1),(1),1,, -1,1,0,1,50,28,2,2021,14:50,1,69,69383,2,2,0,3,VOLTAIRE (R),45.75839,4.84868,14,2,2
202100037072,135Â 435,A01,1,1,2,5,1,5,-1,-1, -1,-1,2021,37.0,3,2,0,2,1,2,1,,3,RAOUL DUFY (AVENUE),0,,1,1,0,1,0,0,1,, -1,1,0,1,30,1,6,2021,14:10,1,93,93005,2,1,0,2,RAOUL DUFY (AVENUE),48.95807,2.50498,14,2,2
202100026623,154Â 118,A01,10,3,1,0,0,-1,-1,2,3,1,2021,73.0,3,2,0,1,1,14,1,,4,FONTCOUVERTE(Avenue de),0,,3,2,1,1,0,9,1,, -1,1,0,1,50,7,7,2021,09:30,1,84,84007,2,1,0,6,FONTCOUVERTE(Avenue de),43.93783,4.83236,9,2,1
202100041197,127Â 963,A01,1,1,2,3,1,-1,-1,0,0,-1,2021,53.0,3,2,13,0,2,1,1,,3,24,0,,2,2,0,1,17,520,2,, -1,1,0,3,80,6,5,2021,17:55,1,50,50186,1,1,0,7,Rue du Hameau Pepin,49.48345,-1.456182,17,1,1
202100052239,108Â 328,B01,1,1,1,9,1,0,-1,-1, -1,-1,2021,36.0,2,2,0,2,4,2,1,,1,AUTOROUTE A10,0,,3,3,0,1,4,119,1,, -1,2,0,1,90,7,2,2021,16:30,1,91,91377,1,1,1,4,AUTOROUTE A10,48.715833,2.290298,16,4,3
202100011016,182Â 041,A01,3,2,2,0,1,0,-1,-1, -1,-1,2021,17.0,1,2,3,0,3,1,1,,1,A52-Sens Pont de l'Etoile vers Toulon,0,,1,2,0,1,22,600,1,, -1,1,0,2,130,26,10,2021,13:13,1,13,13005,1,1,0,5,A52-Sens Pont de l'Etoile vers Toulon,43.307,5.592,13,3,1
202100023434,159Â 734,B01,1,1,1,0,0,-1,-1,-1, -1,-1,2021,70.0,3,1,0,2,7,1,5,,3,ERMITAGE (AVE DE L'),0,,2,2,0,1,(1),(1),1,, -1,1,0,1,50,19,8,2021,21:25,2,33,33529,2,6,0,3,Avenue de lâErmitage,44.63226,-1.20304,21,2,2
202100007714,187Â 970,A01,1,1,1,5,2,-1,-1,0,0,-1,2021,71.0,2,1,0,0,0,1,5,,3,165,0,D,3,4,0,4,9,100,1,, -1,1,0,3,-1,11,10,2021,14:40,1,88,88516,1,1,0,7,D165,48.192573,5.92685,14,1,1
202100030641,146Â 987,A01,1,1,2,0,1,-1,-1,0,0,-1,2021,80.0,1,2,13,0,2,0,1,,3,2,-1,E,2,1,0,1,0,486,3,,3,2,0,1,80,20,6,2021,17:35,1,1,1368,1,3,1,6,D2,46.194712,4.954072,17,1,1
202100043962,123Â 099,A01,10,3,1,2,0,-1,-1,2,1,1,2021,12.0,3,2,0,1,3,2,1,,4,,-1,,-1,2,0,1,(1),(1),1,, -1,1,0,1,30,26,1,2021,08:00,2,47,47210,1,1,0,6,Avenue du 11 Novembre,44.252059,0.383983,8,2,1
202100020656,164Â 707,A01,1,1,1,5,2,6,-1,0,0,-1,2021,62.0,3,1,5,0,1,1,1,,4,d10,0, -,2,2,0,1,(1),(1),4,, -1,1,2,3,70,5,9,2021,21:15,3,33,33487,1,4,0,6,Rue Armand Beraud -Rd 10,44.971829,-0.479587,21,1,1
202100018645,168Â 313,A01,1,1,1,5,0,-1,-1,0,0,-1,2021,65.0,1,1,0,2,1,2,5,,3,16,-1,,2,2,0,1,59,724,1,, -1,1,0,1,80,15,9,2021,11:00,1,56,56119,1,3,0,2,Route de Belz,47.686987,-3.124022,11,2,2
202100026632,154Â 104,B01,1,1,2,0,1,8,-1,0,0,-1,2021,23.0,2,2,0,2,4,2,1,,3,MONTCENIS (ROUTE DE),0,,2,2,0,1,2,60,1,, -1,1,0,1,50,26,7,2021,17:10,1,71,71153,2,1,0,5,29 Route de Montcenis,46.8010485263,4.4120175909,17,3,3
202100043553,123Â 815,B01,2,2,1,0,1,0,-1,0,0,-1,2021,27.0,2,2,0,2,1,15,1,,4,CHENES AVENUE DES,0,,2,2,0,2,(1),(1),1,, -1,1,0,1,50,18,4,2021,17:05,1,6,6027,2,2,0,1,CHENES AVENUE DES,43.66207,7.16841,17,3,2
202100052769,107Â 405,A01,4,2,2,2,1,8,-1,-1, -1,-1,2021,8.0,0,2,0,2,5,19,1,,4,GALLOUX (AVENUE GASTON),0,,2,4,0,1,(1),(1),1,, -1,2,5,1,50,2,2,2021,08:30,1,45,45286,2,2,1,3,Avenue Gaston Galloux,47.8841238306,1.9243098913,8,3,2
202100003199,196Â 053,B01,1,1,1,2,0,-1,-1,0,0,-1,2021,12.0,3,1,0,2,8,26,5,,4,,-1,,3,1,0,1,(1),(1),4,,5,1,0,1,50,14,12,2021,07:45,2,74,74081,2,1,1,3,26 Avenue Georges ClÃ©menceau,46.067013,6.573533,7,2,2
202100031768,144Â 977,A01,10,3,2,5,0,-1,-1,2,3,1,2021,69.0,1,2,0,1,1,1,1,,3,,-1,,1,2,0,1,21,0,1,,5,2,0,1,50,25,6,2021,16:10,1,95,95313,2,1,1,6,Grande Rue,49.112166,2.217323,16,2,1
202100023718,159Â 221,B01,1,1,2,1,2,-1,-1,0,0,-1,2021,45.0,3,1,1,0,1,1,5,,4,MONTGOLFIER RUE DES FRERE (402),0,,2,2,0,1,(1),(1),1,, -1,1,0,1,50,17,8,2021,17:00,1,26,26362,2,1,0,3,43 Rue des FrÃ¨res Montgolfier,44.91932,4.90126,17,2,2
202100030889,146Â 545,A01,1,1,1,5,1,-1,-1,0,0,-1,2021,45.0,1,2,0,2,2,17,1,,3,678,-1,,2,2,0,1,33,40,1,, -1,1,0,1,50,5,7,2021,09:00,1,71,71263,2,1,0,3,16 Rue du Guidon,46.6336479855,5.2169185279,9,2,2
202100053606,105Â 899,A01,3,2,1,9,1,0,-1,-1, -1,-1,2021,37.0,1,2,0,2,1,2,1,,7,PORTE DE ST MALO,0,,1,2,0,1,0,764,1,, -1,1,0,1,70,26,1,2021,08:05,2,35,35278,1,1,0,4,PORTE DE ST MALO,48.13956,-1.6952,8,4,3
202100022375,161Â 653,A01,1,1,1,5,2,6,-1,0,0,-1,2021,46.0,1,1,0,0,7,1,1,,3,191,-1,,2,2,0,2,71,500,4,, -1,1,0,1,30,27,8,2021,17:30,1,78,78398,2,1,0,6,D191,48.755029,1.832233,17,2,1
202100038115,133Â 534,A01,1,1,1,5,1,-1,-1,0,0,-1,2021,36.0,1,2,15,0,0,1,1,,7,60,0,A,-1,2,0,1,(1),(1),1,, -1,1,0,1,70,26,5,2021,20:40,5,13,13015,1,1,0,7,Avenue Thiers,43.448834,5.443677,20,1,1
202100021031,164Â 069,A01,1,1,2,0,1,0,-1,-1, -1,-1,2021,34.0,3,2,0,2,2,9,2,,4,FRIOUL (IMPASSE),0,,2,2,0,1,(1),(1),1,, -1,1,0,1,50,3,9,2021,08:50,1,59,59152,2,2,0,3,FRIOUL (IMPASSE),50.7566266074,2.9888418317,8,2,2
202100038156,133Â 448,B01,1,1,2,0,8,0,-1,-1, -1,-1,2021,28.0,3,1,0,2,7,1,5,,4,TOUSSAINT L'OUVERTURE,0,,2,2,0,1,0,0,1,, -1,1,5,1,30,26,5,2021,17:44,1,91,91549,2,6,0,3,TOUSSAINT L'OUVERTURE,48.63825,2.34533,17,2,2
202100014170,176Â 365,A01,2,2,1,0,1,0,-1,-1, -1,-1,2021,23.0,1,2,0,2,1,26,1,,7,BOULEVARD CHARLES DE GAULLE,0,,3,0,0,1,(1),(1),1,, -1,2,0,1,70,9,10,2021,10:00,1,44,44162,2,1,1,3,BOULEVARD CHARLES DE GAULLE,47.22007,-1.65522,10,4,2
202100030143,147Â 895,A01,10,3,2,3,0,-1,-1,2,3,1,2021,81.0,3,2,0,1,3,1,1,,6,MAGUDAS (AVE DE),0,,-1,-1,3,1,(1),(1),1,, -1,2,0,1,-1,7,7,2021,12:30,1,33,33281,2,9,1,6,Avenue de Magudas,44.85602,-0.65265,12,2,1
202100054197,104Â 871,A01,10,3,1,0,0,-1,-1,2,B,1,2021,12.0,1,2,0,1,2,1,1,,4,CHARLES DE GAULLE                   (AV),0,,2,2,0,1,(1),(1),1,, -1,1,0,1,50,21,1,2021,17:15,2,69,69290,2,1,0,6,CHARLES DE GAULLE                   (AV),45.70367,4.93449,17,2,1
202100048231,115Â 543,A01,1,1,1,5,1,8,-1,-1, -1,-1,2021,64.0,1,5,14,9,1,26,1,,9,MARINA (ZONE COMMERCIALE),0,,2,2,3,1,(1),(1),1,, -1,1,9,6,30,3,3,2021,21:45,5,971,97120,1,1,0,6,MARINA (ZONE COMMERCIALE),16.22064,-61.52807,21,1,1
202100056093,101Â 615,A01,1,1,1,5,1,-1,-1,0,0,-1,2021,70.0,1,2,0,2,1,13,1,,3,16,-1,,2,2,0,1,7,200,3,, -1,1,0,1,80,6,1,2021,12:00,1,71,71008,1,1,0,1,"Lieu-dit ""Les Granges""",46.230574,4.367602,12,2,2
202100048481,115Â 104,B01,1,1,1,5,1,-1,-1,0,0,-1,2021,29.0,2,2,0,2,8,1,1,,3,35,-1,,2,2,0,2,7,50,3,, -1,1,0,1,80,11,3,2021,15:45,1,52,52392,1,1,0,3,D35,47.907484,5.498649,15,2,2
202100036528,136Â 422,A01,2,2,2,5,1,-1,-1,0,0,-1,2021,68.0,1,2,7,0,2,1,1,,2,88,-1,,2,2,0,1,71,243,1,, -1,1,0,1,80,5,6,2021,11:11,1,48,48039,1,1,0,6,RN88,44.477068,3.348352,11,2,1
202100013592,177Â 423,A01,1,1,1,0,8,8,-1,-1, -1,-1,2021,45.0,1,2,0,2,2,17,1,,3,CHAUVEL,0,,1,2,0,2,(1),(1),1,, -1,2,0,1,50,10,10,2021,14:25,1,971,97101,1,9,1,2,CHAUVEL,16.2395078716,-61.5200686455,14,2,2
202100025546,156Â 010,B01,1,1,1,5,2,-1,-1,0,0,-1,2021,66.0,1,1,0,2,1,0,5,,3,122,0,A,2,2,0,3,(1),(1),3,, -1,1,0,1,80,6,8,2021,07:15,1,971,97102,1,4,1,5,carrefour D122 - route Anse Maurice,16.47681,-61.501765,7,3,3
202100003594,195Â 322,A01,1,1,1,1,2,6,-1,-1, -1,-1,2021,60.0,2,1,0,9,2,1,1,,3,RD152 de l'obÃ©lisque Ã  panneau ONF,0,,2,2,0,2,38,752,1,, -1,2,0,1,70,9,12,2021,06:50,3,77,77186,1,1,0,6,D152,48.38113,2.65585,6,2,1
202100048925,114Â 303,A01,10,3,2,3,0,-1,-1,3,3,1,2021,36.0,2,2,0,1,3,1,1,,4,ALBERT THOMAS                       (CO),0,,1,2,3,1,(1),(1),1,, -1,1,0,1,50,6,3,2021,12:30,1,69,69388,2,1,0,6,ALBERT THOMAS (CR),45.7452336498,4.8721818231,12,2,1
202100011581,181Â 024,B01,1,1,1,1,8,-1,-1,-1, -1,-1,2021,29.0,0,1,0,2,5,3,5,,4,COGNACQ JAY (RUE),0,,1,2,0,1,(1),(1),2,, -1,2,5,1,50,22,10,2021,07:55,2,51,51454,2,6,0,3,Avenue dâEpernay,49.2297840599,4.0147393106,7,2,2
202100034693,139Â 713,A01,2,2,1,0,8,-1,-1,0,0,-1,2021,48.0,3,5,0,0,3,1,1,,2,,-1,,2,2,-1,-1,(1),(1),-1,, -1,1,-1,3,-1,13,6,2021,20:00,5,988,98823,1,3,0,7,tribu de Grondu,-21.069406,165.391542,20,4,1
202100009609,184Â 529,A01,10,3,1,1,0,-1,-1,2,3,1,2021,22.0,2,2,0,1,1,1,1,,3,IENA -ALLEE D'- NÂ° IMPAIRS APRES 51,0,,1,2,0,1,(1),(1),2,, -1,1,0,1,50,2,11,2021,13:40,1,11,11069,2,1,0,6,IENA -ALLEE D'- NÂ° IMPAIRS APRES 51,43.21755,2.34521,13,2,1
202100035888,137Â 539,A01,10,3,1,0,0,-1,-1,1,4,1,2021,58.0,1,5,0,2,4,20,1,,4,22 NOVEMBRE (RUE DU),0,,2,2,2,1,0,0,1,, -1,1,0,1,30,4,6,2021,10:50,1,67,67482,2,1,0,6,22 NOVEMBRE (RUE DU),48.5828533307,7.7422472835,10,2,1
202100026548,154Â 243,A01,10,3,1,5,8,-1,-1,1,3,1,2021,47.0,1,5,0,1,1,1,1,,3,355,-1,,2,2,0,3,7,393,1,, -1,1,0,1,80,30,7,2021,08:15,2,35,35049,1,2,1,6,HERICAN,48.679404,-1.881983,8,2,1
202100049070,114Â 047,A01,1,1,2,3,1,0,-1,-1, -1,-1,2021,44.0,1,2,5,0,0,1,1,,4,COLLET ROBERT (RUE),0,,1,2,0,2,0,0,2,, -1,1,0,1,50,5,3,2021,18:10,1,72,72181,2,1,0,7,COLLET ROBERT (RUE),47.97441,0.21693,18,1,1
202100003366,195Â 747,A01,2,2,2,5,1,-1,-1,0,0,-1,2021,57.0,1,2,3,0,6,1,1,,1,4,-1,,3,4,0,1,462,150,1,, -1,1,0,1,130,12,12,2021,16:35,1,67,67033,1,1,0,4,Autoroute A4,48.749639,7.682818,16,6,3
202100039335,131Â 289,A01,1,1,1,5,1,8,-1,-1, -1,-1,2021,22.0,3,2,15,0,1,9,1,,3,REPUBLIQUE AV. NÂ°27 A 105 ET 26 A 178,0,,2,2,0,1,0,0,3,, -1,1,5,8,50,19,5,2021,01:15,5,92,92020,2,6,0,6,REPUBLIQUE AV. NÂ°27 A 105 ET 26 A 178,48.8073694278,2.2983014396,1,1,1
202100030214,147Â 759,B01,1,1,1,5,1,0,-1,-1, -1,-1,2021,32.0,1,2,16,0,1,1,1,,4,JEAN JAURES,0,,1,2,0,1,0,0,1,, -1,1,5,1,50,6,7,2021,14:26,1,2,2738,2,2,0,3,JEAN JAURES,49.659403,3.30411,14,2,2
202100012281,179Â 776,A01,1,1,1,4,2,6,-1,-1, -1,-1,2021,48.0,2,1,0,2,2,18,1,,3,GENERAL LECLERC (AV.) (1 A 55BIS - 2 A 4,0,,1,1,0,2,0,0,1,, -1,1,0,1,50,19,10,2021,12:00,1,92,92014,2,1,0,2,GENERAL LECLERC (AV.) (1 A 55BIS - 2 A 4,48.782800861,2.3167392612,12,2,2
202100008774,186Â 057,A01,1,1,1,0,2,6,-1,-1, -1,-1,2021,41.0,0,1,0,2,1,17,0,,3,GALLIENI (BOULEVARD),0,,2,2,0,1,0,0,1,, -1,1,0,1,30,9,11,2021,10:19,1,92,92040,2,3,0,3,Boulevard GalliÃ©ni,48.8297425982,2.2673410177,10,2,2
202100036858,135Â 814,A01,10,3,1,3,0,-1,-1,4,3,1,2021,63.0,1,2,0,1,4,4,0,,3,R A TRAIT,0,,2,2,0,2,1,0,1,, -1,1,0,1,50,20,5,2021,10:30,1,94,94017,2,1,0,6,Rue a Trait,48.812203,2.513861,10,2,1
202100003886,194Â 808,A01,2,2,1,0,0,-1,-1,0,0,-1,2021,45.0,2,1,0,6,3,1,1,,3,120,0,A,2,2,0,1,2,300,1,, -1,2,0,1,80,10,12,2021,18:52,3,55,55519,1,1,1,6,Route de Guerpont,48.722785,5.269361,18,2,1
202100005394,192Â 151,A01,10,3,1,2,0,-1,-1,2,3,1,2021,12.0,1,5,0,1,2,1,1,,4,"""HENRI BARBUSSE (AVENUE """"DU 01 AU 80"""")",0,,2,0,0,1,0,0,1,, -1,2,0,1,50,1,12,2021,10:20,1,93,93007,2,2,0,6,"""HENRI BARBUSSE (AVENUE """"DU 01 AU 80"""")",48.9401662007,2.4624878168,10,2,1
202100028087,151Â 502,A01,1,1,2,5,1,8,-1,0,0,-1,2021,22.0,1,2,3,0,3,1,1,,1,A4,0,,3,8,0,1,5,0,1,, -1,1,0,1,90,19,7,2021,19:40,1,75,75112,1,1,0,6,A4,48.8187729748,2.4575042725,19,1,1
202100009343,185Â 006,A01,1,1,2,0,1,-1,-1,0,0,-1,2021,33.0,1,2,8,2,4,1,1,,3,785,-1,D,2,2,0,1,64,500,1,, -1,1,0,1,80,5,11,2021,21:00,3,29,29020,1,1,0,2,D785 - Menhir Al Leurguer,48.058506,-4.023077,21,2,2
202100028890,150Â 083,B01,1,1,1,0,2,6,-1,0,0,-1,2021,18.0,0,1,0,2,1,1,1,,4,,-1,,2,-1,-1,-1,(1),(1),-1,, -1,-1,-1,-1,-1,15,7,2021,08:45,1,974,97422,2,3,0,3,Rue du GÃ©nÃ©ral de Gaulle,-21.273893,55.517491,8,2,2
202100037522,134Â 594,A01,1,1,2,5,0,-1,-1,0,0,-1,2021,22.0,2,2,2,0,5,13,1,,3,80,-1,,2,2,0,1,2,800,3,, -1,1,0,3,80,31,5,2021,12:10,1,66,66059,1,1,0,7,D80,42.618328,2.941139,12,1,1
202100044167,122Â 725,A01,1,1,2,1,8,0,-1,0,0,-1,2021,56.0,3,0,0,0,0,1,3,,4,ROUTES DES BARRIERS,0,,2,1,3,2,(1),(1),1,, -1,1,-1,5,30,13,4,2021,17:00,1,75,75112,2,1,0,7,ROUTES DES BARRIERS,48.81834,2.44949,17,1,1
202100026340,154Â 611,B01,1,1,1,1,2,6,-1,-1, -1,-1,2021,41.0,1,1,0,2,4,0,1,,3,LUGO (AV DE),0,,1,2,0,1,0,1,1,, -1,1,0,1,50,30,7,2021,10:40,1,94,94022,2,1,0,2,Avenue de Lugo,48.77331,2.40934,10,2,2
202100053351,106Â 359,A01,1,1,1,4,8,0,-1,0,0,-1,2021,19.0,1,1,0,2,1,5,5,,4,RUE SAINT CHARLES,0,,1,1,0,1,(1),(1),1,, -1,2,0,1,50,27,1,2021,21:00,5,75,75115,2,5,1,3,RUE SAINT CHARLES,48.849966,2.288425,21,2,2
202100046800,118Â 119,C01,1,1,1,9,2,0,-1,-1, -1,-1,2021,46.0,1,1,1,2,2,9,5,,3,ALFORTVILLE (AV D),0,,2,2,0,1,1,0,1,, -1,1,0,1,50,23,3,2021,17:15,1,94,94022,2,9,0,4,Avenue dâAlfortville,48.770691,2.413664,17,3,3
202100028217,151Â 256,B01,1,1,2,9,8,-1,-1,0,0,-1,2021,76.0,1,4,0,0,6,1,0,,3,30,-1,,2,2,0,1,12,563,1,, -1,1,0,1,80,18,7,2021,16:10,1,72,72369,1,1,1,3,D30,47.722802,0.29522,16,2,2
202100013053,178Â 412,A01,10,3,2,2,0,-1,-1,2,3,1,2021,8.0,3,2,0,1,2,1,1,,4,GARIGLIANO (BOULEVARD),0,,2,2,0,1,0,0,1,, -1,1,6,1,50,14,10,2021,13:55,1,65,65440,2,1,0,6,GARIGLIANO (BOULEVARD),43.245333,0.06348,13,2,1
202100041296,127Â 793,A01,1,1,2,0,1,8,-1,-1, -1,-1,2021,60.0,1,2,0,2,3,13,1,,3,EXPRESS (VOIE),0,,2,2,0,1,35,958,1,, -1,2,0,1,80,4,5,2021,16:50,1,17,17306,2,1,1,5,EXPRESS (VOIE),45.64415,-1.04173,16,5,3
202100044684,121Â 840,A01,1,1,1,4,2,8,-1,-1, -1,-1,2021,46.0,1,1,0,2,6,1,1,,4,VICTOIRE (BOULEVARD DE LA ),0,,3,4,0,4,0,0,1,, -1,1,0,1,50,7,4,2021,13:50,1,49,49099,1,2,0,3,VICTOIRE (BOULEVARD DE LA ),47.05662,-0.87775,13,2,2
202100031508,145Â 439,A01,1,1,1,1,2,-1,-1,0,0,-1,2021,26.0,1,1,0,2,1,13,1,,3,116,0,,-1,2,0,2,1,776,2,, -1,1,0,1,80,25,6,2021,18:30,1,6,6098,1,1,0,1,D 116,43.970847,6.903223,18,2,2
202100015214,174Â 506,A01,1,1,1,0,2,5,-1,-1, -1,-1,2021,62.0,1,1,3,0,3,1,1,,1,A5b,0,,-1,2,0,1,0,600,1,, -1,1,0,1,110,5,10,2021,16:40,1,77,77122,1,1,0,7,A5b,48.653604,2.616322,16,1,1
202100021114,163Â 914,B01,1,1,1,0,2,6,-1,-1, -1,-1,2021,51.0,1,1,0,2,8,1,1,,3,,-1,,2,2,-1,1,(1),(1),1,, -1,1,0,1,-1,3,9,2021,16:45,1,93,93077,2,3,0,3,Rue de la Montagne Savart / Grande Rue,48.882663,2.518125,16,2,2
202100021462,163Â 277,B01,1,1,1,0,2,8,-1,-1, -1,-1,2021,15.0,2,1,0,2,7,1,1,,4,CLEMENCEAU (BD),0,,2,2,0,1,1,0,1,, -1,1,0,1,50,1,9,2021,15:05,1,22,22278,2,1,0,3,CLEMENCEAU (BD),48.50865,-2.76019,15,2,2
202100025877,155Â 432,B01,3,2,1,0,1,0,-1,-1, -1,-1,2021,19.0,1,2,0,2,6,15,1,,3,QU BLANQUI,0,,2,2,0,1,1,0,1,, -1,1,0,1,50,2,8,2021,04:45,5,94,94002,2,3,0,3,BLANQUI (QU),48.8034,2.41312,4,4,2
202100000930,200Â 086,B01,1,1,2,5,1,-1,-1,0,0,-1,2021,62.0,1,2,0,2,2,19,1,,3,417,-1,,2,2,0,1,37,0,1,, -1,2,0,1,90,30,12,2021,11:35,1,52,52162,1,2,1,3,CD 417,47.969827,5.612769,11,2,2
202100056051,101Â 696,B01,1,1,2,1,8,0,-1,-1, -1,-1,2021,30.0,2,1,0,2,3,1,5,,4,BLUM  LEON RUE,0,,2,0,0,1,(1),(1),1,, -1,1,5,1,50,6,1,2021,22:10,5,29,29232,2,3,0,1,Rue Tristan,47.985618038,-4.0778160095,22,2,2