Num_Acc,id_vehicule,num_veh,place,catu,sexe,trajet,secu1,secu2,secu3,locp,actp,etatp,year_acc,victim_age,senc,catv,obs,obsm,choc,manv,motor,occutc,catr,voie,v1,v2,circ,nbv,vosp,prof,pr,pr1,plan,lartpc,larrout,surf,infra,situ,vma,jour,mois,an,hrmn,lum,dep,com,agg_,int,atm,col,adr,lat,long,hour,nb_victim,nb_vehicules
202100005048,192Â 760,B01,1,1,2,0,8,-1,-1,-1, -1,-1,2021,53.0,3,2,0,2,1,1,1,,4,ELISEE RECLUS                       (R ),0,,2,2,1,1,(1),(1),1,, -1,2,0,1,50,2,12,2021,17:30,5,69,69275,1,1,1,1,ELISEE RECLUS (R),45.7567,4.95486,17,2,2
202100004216,194Â 214,B01,1,1,1,0,8,0,-1,-1, -1,-1,2021,35.0,1,1,0,2,0,0,5,,2,ROUTE DU SACRE COEUR,0,,2,2,0,1,(1),(1),1,, -1,1,0,1,50,5,12,2021,21:30,3,974,97407,2,1,0,5,ROUTE DU SACRE COEUR,-20.9588083992,55.3194451332,21,3,3
202100044219,122Â 632,A01,1,1,1,1,1,-1,-1,-1, -1,-1,2021,39.0,1,5,0,2,1,1,1,,2,ROUTE NATIONALE 89,0,,3,4,0,1,49,979,1,, -1,1,0,1,50,13,4,2021,18:07,1,33,33013,1,1,0,2,ROUTE NATIONALE 89,44.868645,-0.502807,18,2,2
202100053004,106Â 975,A01,1,1,1,1,1,-1,-1,0,0,-1,2021,19.0,2,2,13,0,9,1,1,,3,767,0,,1,1,0,4,3,680,2,, -1,2,3,3,90,31,1,2021,16:05,1,56,56206,1,1,1,6,Le Poteau D767,47.697718,-2.766538,16,1,1
202100053346,106Â 366,A01,1,1,1,1,2,0,-1,0,0,-1,2021,25.0,2,1,0,2,1,13,1,,4,PORTE DE CHAMPERRET,0,,1,-1,0,1,16,900,1,, -1,2,0,1,70,28,1,2021,08:20,2,75,75117,2,1,1,2,PORTE DE CHAMPERRET,48.883425,2.284172,8,2,2
202100014426,175Â 911,B01,1,1,1,5,2,0,-1,-1, -1,-1,2021,24.0,1,1,0,2,4,3,1,,4,TASSIGNY(AVE DU MARECHAL DE LATTRE DE),0,,1,3,0,1,0,0,1,, -1,1,0,1,50,7,10,2021,16:05,1,94,94028,2,1,0,2,TASSIGNY(AVE DU MARECHAL DE LATTRE DE),48.80103,2.45502,16,3,3
202100021208,163Â 750,A01,10,3,2,5,0,-1,-1,3,3,1,2021,33.0,3,2,0,1,1,2,2,,4,RUE SOMMEVILLE,0,,1,1,0,1,(1),(1),1,, -1,1,0,1,50,1,9,2021,13:20,1,77,77122,2,1,0,6,RUE SOMMEVILLE,48.664879179,2.56282,13,2,1
202100029914,148Â 335,B01,1,1,1,1,2,9,-1,0,0,-1,2021,47.0,2,1,0,2,4,1,5,,7,36,0,D,1,1,0,1,3,150,3,, -1,1,0,1,50,9,7,2021,07:00,1,69,69296,1,6,1,2,D36,45.64242,4.82683,7,2,2
202100000151,201Â 476,B01,1,1,2,1,1,-1,-1,0,0,-1,2021,42.0,1,2,0,2,3,21,1,,3,439,-1,,2,2,0,2,2,800,1,, -1,1,0,1,80,10,12,2021,19:56,3,63,63446,1,1,0,1,D439 pr2+800,46.043034,3.188766,19,2,2
202100042042,126Â 475,B01,1,1,2,9,2,8,-1,-1, -1,-1,2021,31.0,2,1,0,2,7,0,1,,2,35 PK RN11 ROCADE NANTES,0,,3,4,0,1,35,100,1,, -1,1,3,1,50,29,4,2021,15:55,1,17,17291,1,1,0,3,N11,46.17177,-1.12127,15,2,2
202100024792,157Â 335,A01,2,2,1,0,1,-1,-1,0,0,-1,2021,45.0,1,2,5,0,3,13,1,,2,4,-1,,1,4,0,1,9,950,1,, -1,1,0,8,110,11,8,2021,18:10,1,55,55015,1,1,0,7,PK9+950,48.6412935671,5.1112926006,18,2,1
202100005735,191Â 546,A01,10,3,1,9,0,-1,-1,2,3,1,2021,95.0,2,2,0,1,2,1,1,,3,UNAL (AVENUE MARCEL),0,,3,2,0,1,2,213,1,, -1,1,9,1,50,28,11,2021,17:45,4,82,82121,2,1,0,6,330 Avenue Marcel Unal,44.00743,1.38058,17,2,1
202100035836,137Â 647,A01,1,1,1,1,2,-1,-1,0,0,-1,2021,31.0,3,1,0,2,3,0,1,,3,571,0,D,2,2,0,1,1,1,1,, -1,1,0,1,-1,8,6,2021,14:20,1,13,13027,1,9,0,2,D571,43.89417,4.824795,14,1,1
202100037426,134Â 759,B01,1,1,1,4,2,0,-1,-1, -1,-1,2021,28.0,0,1,1,2,9,1,1,,4,ROUTE DE RENNES,0,,2,2,2,1,(1),(1),1,, -1,1,0,5,50,29,5,2021,19:15,1,44,44114,2,1,0,5,ROUTE DE RENNES,47.25774,-1.57953,19,3,3
202100011169,181Â 766,B01,1,1,1,5,2,6,-1,0,0,-1,2021,71.0,1,0,0,2,8,2,3,,3,2,0,D,2,2,0,1,74,775,1,, -1,1,0,1,-1,25,10,2021,15:00,1,66,66175,2,1,0,3,Avenue des albÃ¨res,42.546989,2.92146,15,2,2
202100023106,160Â 311,A01,1,1,2,5,8,0,-1,-1, -1,-1,2021,20.0,3,1,0,0,9,1,3,,4,LEPIC BOULEVARD,0,,2,2,0,1,(1),(1),1,, -1,9,0,1,50,20,8,2021,09:30,1,73,73008,2,1,0,7,LEPIC BOULEVARD,45.6822010675,5.9070289135,9,1,1
202100024045,158Â 664,A01,1,1,1,1,2,-1,-1,0,0,-1,2021,34.0,2,1,0,0,2,17,1,,3,RD151,-1,,2,2,0,1,4,950,1,, -1,1,0,1,50,15,8,2021,20:30,2,51,51662,2,3,0,3,Avenue de Rethel,49.2942942187,4.1259583797,20,2,2
202100001400,199Â 270,A01,1,1,1,5,1,9,-1,0,0,-1,2021,21.0,2,2,13,0,9,1,1,,3,61,0,,2,2,0,2,22,400,2,, -1,2,0,3,80,27,12,2021,05:30,3,71,71482,1,1,1,6,D61 PR 22+400,46.854369,4.319059,5,1,1
202100021920,162Â 443,B01,1,1,1,5,8,0,-1,-1, -1,-1,2021,23.0,3,1,0,2,1,1,3,,4,RECLUS (FAUBOURG),0,,2,2,0,2,(1),(1),2,, -1,1,0,1,30,28,8,2021,19:20,1,73,73065,2,4,0,1,RECLUS (FAUBOURG),45.5698940662,5.9214704062,19,2,2
202100046377,118Â 872,A01,1,1,1,1,2,6,-1,0,0,-1,2021,34.0,2,1,0,2,1,1,1,,4,RUE D ALESIA,0,,1,0,1,1,(1),(1),1,, -1,1,8,1,50,26,3,2021,11:25,1,75,75114,2,2,0,6,RUE D ALESIA,48.82783,2.330499,11,2,2
202100040263,129Â 635,A01,1,1,1,5,2,6,-1,0,0,-1,2021,54.0,1,1,12,0,9,1,1,,3,3,0,D,2,2,0,1,56,480,1,, -1,1,9,1,50,13,5,2021,19:03,1,70,70267,2,1,0,7,Gevigney-et-Mercey,47.794266,5.937652,19,1,1
202100033350,142Â 153,B01,1,1,1,0,8,-1,-1,-1, -1,-1,2021,22.0,1,1,0,2,1,1,5,,4,EYSINES (AVE D),0,,-1,4,0,1,(1),(1),1,, -1,1,0,1,50,14,6,2021,17:50,1,33,33069,2,6,0,3,Avenue dâEysines,44.860695,-0.612476,17,2,2
202100019461,166Â 852,A01,10,3,1,0,0,-1,-1,2,3,1,2021,45.0,1,2,0,1,1,15,1,,3,VAILLANT-COUTURIER (AVENUE PAUL),0,,1,1,0,1,0,0,1,, -1,1,0,1,50,10,9,2021,21:30,3,93,93027,2,9,0,6,Avenue Paul Vaillant Couturier,48.92818,2.41845,21,2,1
202100037346,134Â 912,B01,1,1,1,5,0,-1,-1,0,0,-1,2021,32.0,2,1,0,2,7,6,5,,2,7,0,,2,2,0,1,77,200,1,, -1,1,0,1,50,30,5,2021,19:00,1,26,26353,2,1,0,1,route nationale 7,44.664181,4.791123,19,2,2
202100025065,156Â 851,A01,2,2,1,5,0,-1,-1,0,0,-1,2021,17.0,2,2,0,2,1,1,1,,2,1,-1,,2,2,0,1,57,100,4,, -1,1,0,1,60,8,8,2021,18:30,5,987,98747,1,1,0,1,"Afaahiti, Pk 57+100, RT1",-17.735055,-149.331687,18,5,2
202100040161,129Â 811,A01,1,1,2,0,2,6,-1,-1, -1,-1,2021,19.0,2,1,0,2,2,1,1,,4,TRESPOEY,0,,2,2,0,1,0,0,1,, -1,1,0,1,50,12,5,2021,18:00,1,64,64445,2,1,0,2,TRESPOEY,43.2986,-0.35679,18,2,2
202100008891,185Â 846,A01,10,3,2,2,8,-1,-1,3,3,1,2021,15.0,1,5,0,1,3,1,1,,3,6,-1,,2,2,0,1,0,500,1,, -1,1,0,1,80,8,11,2021,18:50,3,973,97307,1,9,0,6,Route de Stoupan,4.80103,-52.362846,18,2,1
202100051485,109Â 676,C01,1,1,2,0,1,-1,-1,0,0,-1,2021,27.0,2,2,0,2,2,1,1,,2,3,-1,,3,4,0,1,12,0,1,, -1,2,9,1,110,29,1,2021,18:37,2,77,77196,1,1,1,4,N 3 PK 12,48.950225,2.759725,18,5,5
202100001215,199Â 601,A01,4,2,2,9,8,0,-1,-1, -1,-1,2021,35.0,0,3,0,2,1,19,0,5.0,4,NATIONS (AVENUE DES),0,,2,2,3,1,0,0,1,, -1,1,0,1,30,27,12,2021,18:20,5,93,93078,2,9,0,3,NATIONS (AVENUE DES),48.97463,2.51415,18,7,2
202100051935,108Â 873,A01,2,2,1,4,1,0,-1,-1, -1,-1,2021,34.0,3,2,1,2,1,24,1,,4,GENERAL GALLIENI (AVENUE),0,,2,2,0,1,0,0,1,, -1,7,0,1,50,10,2,2021,17:30,1,93,93059,2,3,0,5,EDOUARD VAILLANT (RUE),48.9687950666,2.3626845749,17,6,3
202100013406,177Â 769,A01,10,3,1,0,0,-1,-1,1,3,1,2021,17.0,1,5,0,1,2,1,1,,4,MONTAIGNE (AVE),0,,2,2,0,1,0,0,1,, -1,1,0,1,30,13,10,2021,10:30,1,93,93051,2,1,0,6,MONTAIGNE (AVE),48.84512,2.53875,10,2,1
202100054659,104Â 088,F01,1,1,1,0,1,0,-1,-1, -1,-1,2021,32.0,1,2,0,2,4,2,1,,1,AUTOROUTE A86,0,,3,8,0,1,10,800,1,, -1,2,0,1,90,17,1,2021,12:15,1,92,92036,1,1,1,5,AUTOROUTE A86,48.93257,2.32193,12,12,12
202100044984,121Â 322,A01,1,1,1,1,2,6,-1,-1, -1,-1,2021,49.0,3,1,14,0,1,14,1,,4,FRANCE ANATOLE (BOULEVARD) NR AUTRES,0,,-1,5,0,2,0,1,1,, -1,1,5,1,50,6,4,2021,09:13,1,93,93066,2,1,0,3,FRANCE ANATOLE (BOULEVARD) NR AUTRES,48.9225051728,2.3471454112,9,2,2
202100001930,198Â 345,A01,1,1,1,1,1,-1,-1,0,0,-1,2021,21.0,2,2,0,2,1,13,1,,3,53,0,D,2,2,0,1,9,200,1,, -1,1,0,1,80,22,12,2021,13:30,1,42,42120,1,4,0,1,Route de Villemontais,45.986876,3.970592,13,2,2
202100023147,160Â 242,A01,10,3,1,0,0,-1,-1,3,3,1,2021,9.0,3,2,0,2,1,1,1,,4,ALBERT WALTER (RUE),0,,2,2,0,1,0,0,1,, -1,1,0,1,50,21,8,2021,18:10,1,93,93001,2,1,0,3,ALBERT WALTER (RUE),48.923502,2.368376,18,2,1
202100032574,143Â 544,A01,1,1,1,4,8,-1,-1,0,0,-1,2021,37.0,2,4,0,0,0,0,1,,3,7,0,,2,2,0,1,15,0,1,, -1,1,0,1,80,24,6,2021,19:15,1,60,60076,1,1,0,7,D7,49.6779416844,1.794026892,19,1,1
202100000279,201Â 224,A01,10,3,1,3,0,-1,-1,3,3,1,2021,79.0,1,5,0,1,1,1,1,,3,THIERS (AVENUE) NÂ° PAIRS,0,,2,2,0,2,25,505,1,, -1,1,0,1,50,12,8,2021,09:40,1,19,19275,2,1,1,6,THIERS (AVENUE) NÂ° PAIRS,45.54595,2.30548,9,2,1
202100029385,149Â 253,A01,2,2,1,5,0,-1,-1,0,0,-1,2021,24.0,2,1,0,2,1,19,1,,2,1,0,,2,2,0,1,(1),(1),1,, -1,1,0,1,60,11,7,2021,18:30,3,987,98745,1,1,0,5,Murifenua,-16.603066,-151.536331,18,5,3
202100025623,155Â 883,B01,1,1,1,5,2,6,-1,-1, -1,-1,2021,18.0,2,1,0,2,8,1,1,,4,LECLERC AV. DU GENERAL IMPAIR ...93,0,,2,4,0,1,0,0,1,, -1,2,0,1,50,4,8,2021,16:00,1,11,11069,2,1,0,3,LECLERC AV. DU GENERAL IMPAIR ...93,43.2106,2.3633,16,2,2
202100005176,192Â 529,B01,1,1,1,1,2,-1,-1,0,0,-1,2021,18.0,1,1,0,2,1,1,1,,3,24,-1,D,2,2,0,1,18,10,1,, -1,2,0,1,80,1,12,2021,17:30,2,30,30027,1,1,0,3,,44.0693,4.070299,17,2,2
202100033991,140Â 997,A01,10,3,1,0,0,-1,-1,1,3,1,2021,44.0,2,2,0,1,1,1,1,,4,kaweni-Pendu (Place),0,,2,0,0,1,0,0,1,, -1,1,0,1,50,7,6,2021,17:05,1,976,97611,2,1,0,6,kaweni-Pendu (Place),-12.75803,45.23225,17,2,1
202100040044,130Â 020,A01,1,1,1,0,2,0,-1,-1, -1,-1,2021,18.0,1,1,8,2,7,21,1,,4,FLACHET    (Rue),0,,1,2,1,1,(1),(1),1,, -1,2,0,1,50,13,5,2021,16:35,1,69,69266,2,2,1,7,FLACHET  (R),45.7677064676,4.889687889,16,1,1
202100031617,145Â 239,A01,10,3,2,9,0,-1,-1,2,3,1,2021,21.0,2,1,0,1,0,21,1,,4,VICTOR HUGO  (AVENUE),0,,2,2,0,1,0,0,1,, -1,1,0,1,50,30,6,2021,14:00,1,93,93047,2,9,0,6,Avenue Victor Hugo,48.900704,2.562249,14,2,1
202100050919,110Â 660,A01,2,2,2,5,2,6,-1,-1, -1,-1,2021,26.0,2,1,0,0,0,1,1,,4,Avenue du PrÃ©sident Franklin Roosevelt ,0,,1,2,0,1,0,0,1,, -1,1,0,1,50,19,2,2021,11:10,1,11,11069,2,1,0,7,Avenue du PrÃ©sident Franklin Roosevelt ,43.21722,2.34649,11,2,1
202100008677,186Â 229,B01,1,1,1,1,2,0,-1,-1, -1,-1,2021,37.0,2,1,0,2,7,2,1,,3,BADUEL (ROUTE DE),0,,2,2,0,1,4,300,1,, -1,1,0,1,50,8,11,2021,07:25,1,973,97302,2,1,0,3,BADUEL (ROUTE DE),4.92773,-52.29161,7,2,2
202100034730,139Â 633,A01,2,2,1,5,1,0,-1,-1, -1,-1,2021,30.0,2,2,4,0,3,13,1,,1,A86 EXT,0,,3,6,0,1,41,599,1,, -1,1,0,1,90,13,6,2021,06:45,1,94,94028,1,1,1,6,A86 EXT,48.7760435069,2.4284361398,6,2,1
202100011126,181Â 845,B01,1,1,1,0,1,0,-1,-1, -1,-1,2021,30.0,1,1,14,2,2,26,1,,3,JEAN LOLIVE (AVENUE)(137/FIN ET 134/FIN),0,,-1,2,0,1,0,1,1,, -1,1,9,1,50,25,10,2021,18:00,1,93,93055,2,1,0,3,JEAN LOLIVE (AVENUE)(137/FIN ET 134/FIN),48.8931442561,2.4131098454,18,2,2
202100048716,114Â 681,A01,1,1,2,1,1,0,-1,-1, -1,-1,2021,30.0,3,2,15,2,1,13,1,,3,ANDRE CITROEN (BOULEVARD),0,,2,3,0,1,0,1,1,, -1,1,0,1,50,9,3,2021,08:25,1,93,93005,2,1,0,6,ANDRE CITROEN (BOULEVARD),48.95877,2.4857,8,1,1
202100010372,183Â 168,B01,1,1,1,1,0,-1,-1,0,0,-1,2021,51.0,2,1,0,2,1,1,5,,3,WILSON (AVENUE DU PRESIDENT),0,,1,2,3,1,0,1,1,, -1,1,0,1,50,27,10,2021,16:10,1,93,93066,2,3,0,3,MITERRAND FRANCOIS (AVENUE),48.9181622246,2.3571313876,16,2,2
202100016479,172Â 172,D01,1,1,1,1,1,0,-1,0,0,-1,2021,55.0,2,5,0,0,4,2,1,,7,,0,,3,4,0,2,(1),(1),1,, -1,1,0,1,70,9,9,2021,12:40,1,63,63070,1,1,0,5,RD 2089,45.73954,3.07266,12,4,4
202100000307,201Â 170,B01,1,1,2,9,2,0,-1,-1, -1,-1,2021,50.0,1,0,0,2,1,0,5,,4,DESCHIZEAUX (ROND POINT LOUIS),0,,2,2,0,1,(1),(1),3,, -1,1,0,1,50,22,6,2021,14:50,1,36,36044,2,6,0,3,deschizeau,46.81032,1.68703,14,2,2
202100001211,199Â 607,A01,4,2,1,5,8,0,-1,0,0,-1,2021,20.0,2,1,0,2,1,1,3,,4,RUE DU PONT LOUIS PHILIPPE,0,,3,2,1,1,(1),(1),1,, -1,1,-1,5,30,27,12,2021,16:15,1,75,75104,2,2,0,3,RUE DU PONT LOUIS PHILIPPE,48.856285,2.356599,16,3,2
202100039568,130Â 861,A01,1,1,2,0,1,8,-1,-1, -1,-1,2021,23.0,2,2,0,2,8,17,1,,3,R D 900,0,,3,4,0,1,19,840,1,, -1,1,0,1,90,6,5,2021,08:30,1,66,66136,1,1,0,6,R D 900,42.72094,2.87483,8,2,2
202100028743,150Â 349,A01,9,2,1,5,0,-1,-1,0,0,-1,2021,9.0,1,2,2,0,5,14,1,,3,4202,-1,,2,2,0,1,53,760,1,, -1,1,0,8,70,17,7,2021,16:10,1,4,4076,1,1,0,6,RD 4202,43.954224,6.852529,16,3,1
202100008579,186Â 402,A01,1,1,1,0,1,0,-1,-1, -1,-1,2021,25.0,1,2,4,0,1,16,1,,2,RN 441,0,,1,3,0,1,24,319,3,, -1,1,0,1,70,11,11,2021,13:33,1,91,91521,1,9,0,6,RN 441,48.63576,2.40106,13,1,1
202100047440,116Â 968,B01,1,1,1,4,8,-1,-1,0,0,-1,2021,42.0,2,5,0,2,1,1,1,,1,10,0,,3,6,0,1,80,500,1,, -1,1,0,1,130,19,3,2021,18:05,1,45,45008,1,1,0,1,A10 PK 080+500,48.064314,1.846218,18,2,2
202100005684,191Â 638,B01,1,1,2,1,2,-1,-1,0,0,-1,2021,32.0,1,1,0,0,4,1,5,,3,45,-1,,2,2,0,1,5,650,1,, -1,1,0,1,80,24,11,2021,16:45,3,57,57505,1,1,0,2,D45,48.702181,7.119935,16,2,2
202100014181,176Â 344,B01,1,1,2,5,1,-1,-1,-1, -1,-1,2021,19.0,2,2,0,2,8,1,1,,4,JAURES JEAN (DE 239 ET 240 A FIN),0,,1,2,0,1,(1),(1),1,, -1,1,5,1,30,9,10,2021,23:30,5,29,29019,2,3,0,3,Rue Jean JaurÃ¨s,48.40032,-4.47065,23,3,2
202100017723,169Â 947,A01,2,2,2,5,2,6,9,0,0,-1,2021,25.0,1,1,0,0,2,1,1,,3,974,-1,,2,2,0,1,59,600,2,, -1,1,0,3,80,21,9,2021,13:45,1,71,71321,1,1,0,7,Route dÃ©partementale 974,46.786959,4.557899,13,2,1
202100052901,107Â 158,A01,1,1,1,1,2,6,-1,-1, -1,-1,2021,37.0,2,1,14,0,3,26,1,,4,FONTANGE (RUE),0,,1,1,0,1,(1),(1),1,, -1,2,0,1,30,1,2,2021,06:35,3,13,13206,2,1,1,6,FONTANGE (RUE),43.2928,5.3854,6,1,1
202100052285,108Â 250,B01,1,1,2,9,1,-1,-1,0,0,-1,2021,30.0,1,2,0,0,5,1,1,,3,903,-1,,2,2,0,4,46,750,1,, -1,1,0,1,90,7,2,2021,19:10,3,74,74128,1,1,0,2,Rte de Thonon,46.155006,6.31936,19,2,2
202100050890,110Â 713,A01,10,3,1,2,0,-1,-1,3,5,2,2021,12.0,0,5,0,1,1,1,1,,4,EUROPE (AVENUE DE L'),0,,3,4,3,1,(1),(1),1,, -1,1,0,1,50,19,2,2021,15:45,1,51,51454,2,3,0,7,Avenue de lâEurope,49.2505871418,4.0651796384,15,2,1
202100019932,166Â 004,A01,1,1,1,0,2,6,-1,-1, -1,-1,2021,29.0,1,1,0,0,8,26,1,,3,908,0,,2,2,0,1,0,0,1,, -1,2,8,1,50,4,9,2021,20:55,5,92,92035,2,1,0,7,RÃ©publique ( boulevard de la ),48.906616,2.246561,20,1,1
202100055367,102Â 872,FA01,1,1,2,1,2,0,-1,-1, -1,-1,2021,28.0,2,1,0,2,8,19,5,,3,LEON BLUM (AV),0,,1,1,1,1,1,0,1,, -1,2,0,5,30,12,1,2021,18:45,5,94,94046,2,1,1,3,LEON BLUM (AV),48.80224,2.43525,18,2,2
202100040292,129Â 581,A01,1,1,1,0,2,4,-1,-1, -1,-1,2021,51.0,2,1,0,2,1,3,1,,1,86,0,,2,6,0,1,10,800,3,, -1,1,0,1,90,12,5,2021,19:10,1,92,92036,1,1,0,5,AUTOROUTE A86,48.9334085389,2.3213132742,19,3,3
202100028339,151Â 043,A01,10,3,1,5,0,-1,-1,1,3,1,2021,47.0,2,2,0,1,2,1,1,,3,6089,-1,,2,2,0,1,96,600,1,, -1,1,0,1,70,17,7,2021,11:00,1,24,24543,1,1,0,7,Gabillou,45.040272,0.380348,11,2,1
202100033113,142Â 563,A01,1,1,1,1,1,-1,-1,0,0,-1,2021,42.0,0,2,16,0,9,17,1,,3,486,-1,,2,2,0,1,2,646,1,, -1,1,0,3,80,17,6,2021,15:10,1,76,76298,1,1,0,7,D486,49.7340866397,0.3886145353,15,1,1
202100010761,182Â 497,B01,1,1,1,5,2,-1,-1,0,0,-1,2021,72.0,1,1,0,2,4,2,5,,3,58,0, -,2,2,0,1,4,250,1,, -1,1,0,1,80,27,10,2021,16:40,1,86,86183,1,1,0,2,D58,46.951979,0.6466357,16,2,2
202100054754,103Â 928,A01,10,3,1,0,0,-1,-1,2,3,2,2021,77.0,1,1,0,1,1,1,1,,7,JOFFRE (BD MARECHAL),0,,2,2,0,1,1,100,1,, -1,1,0,1,50,16,1,2021,10:00,1,83,83137,2,9,0,6,JOFFRE (BD MARECHAL),43.12345,5.94811,10,3,1
202100031885,144Â 761,A01,2,2,1,0,1,0,-1,-1, -1,-1,2021,20.0,1,2,9,0,1,14,1,,4,SAINT JOSEPH (CHEMIN DE),0,,2,3,0,1,0,0,1,, -1,1,0,4,50,28,6,2021,12:00,1,13,13215,1,1,0,1,SAINT JOSEPH (CHEMIN DE),43.3543159791,5.3698703702,12,2,1
202100013623,177Â 365,A01,2,2,1,5,1,0,-1,-1, -1,-1,2021,28.0,1,2,0,2,1,1,1,,4,PAS-DE-LA-PAILLE (CHEMIN DU),0,,2,2,0,1,(1),(1),2,, -1,1,0,1,50,9,10,2021,02:25,3,66,66136,2,1,0,1,PAS-DE-LA-PAILLE (CHEMIN DU),42.68623,2.86592,2,3,2
202100051497,109Â 655,A01,2,2,2,5,1,-1,-1,0,0,-1,2021,69.0,1,2,6,0,2,1,1,,3,10,-1,,2,2,0,1,(1),(1),1,, -1,2,0,8,50,15,2,2021,12:05,1,59,59086,2,1,1,6,Rue de la Gare,50.81034,2.67936,12,2,1
202100052880,107Â 193,A01,10,3,1,0,0,-1,-1,1,9,1,2021,22.0,1,5,0,1,7,1,1,,7,2,0,,2,2,0,1,(1),(1),1,, -1,2,0,1,50,31,1,2021,18:00,3,54,54025,2,1,1,6,CHARTREUSE (AVENUE DE LA),48.66178,6.25462,18,2,1
202100046482,118Â 697,A01,1,1,1,5,1,0,-1,-1,0,-1,2021,26.0,2,2,3,0,1,11,1,,2,RN 184,0,,3,4,0,1,12,0,1,, -1,1,0,1,110,26,3,2021,11:00,1,95,95678,1,1,0,6,RN 184,49.0642631784,2.2138264282,11,1,1
202100052341,108Â 159,A01,10,3,1,5,0,-1,-1,1,2,1,2021,72.0,2,2,0,1,2,1,1,,3,105,-1,,2,2,0,1,11,700,1,, -1,2,0,1,80,5,2,2021,18:45,3,52,52365,1,1,1,3,D105,48.081118,4.920486,18,3,2
202100027902,151Â 835,D01,2,2,2,0,1,0,-1,-1, -1,-1,2021,22.0,1,2,0,2,3,1,1,,4,ELISEE RECLUS                       (R ),0,,2,2,0,1,(1),(1),3,, -1,1,0,1,50,19,7,2021,18:15,1,69,69275,2,1,0,5,ELISEE RECLUS (R),45.7518,4.94217,18,7,5
202100029739,148Â 632,A01,4,2,1,0,1,0,-1,-1, -1,-1,2021,16.0,1,2,4,2,4,2,1,,1,AUTOROUTE A1,0,,2,6,0,1,3,0,1,, -1,1,0,1,90,8,7,2021,21:49,5,972,97213,1,1,0,2,AUTOROUTE A1,14.61867,-61.02311,21,4,2
202100040615,129Â 017,A01,2,2,1,0,1,0,-1,-1, -1,-1,2021,29.0,1,2,12,0,2,14,1,,4,TUNNEL PRADO SUD,0,,1,2,0,1,(1),(1),2,, -1,1,1,4,50,8,5,2021,23:52,5,13,13208,2,1,0,6,TUNNEL PRADO SUD,43.27253,5.391498,23,2,1
202100017015,171Â 202,A01,1,1,1,1,2,6,-1,0,0,-1,2021,62.0,1,1,0,0,0,1,1,,4,PORTE D ASNIERES,0,,1,4,0,1,18,400,1,, -1,1,0,1,70,21,9,2021,16:10,1,75,75117,2,1,0,7,BD PERIPHERIQUQE INTERIEUR,48.891371,2.300476,16,1,1
202100031161,146Â 035,B01,1,1,1,1,1,8,-1,-1, -1,-1,2021,25.0,1,2,0,2,3,1,1,,7,JEAN PAUL SARTRE (AVENUE),0,,2,6,0,1,0,0,1,, -1,1,0,1,50,3,7,2021,02:15,5,13,13213,2,1,0,3,JEAN PAUL SARTRE (AVENUE),43.31382,5.40607,2,2,2
202100055843,102Â 058,A01,10,3,1,2,0,-1,-1,4,3,1,2021,12.0,1,4,0,1,7,26,1,,4,"""SEMBAT MARCEL (BD), NR 2 A 66 ET 1 A 47",0,,1,4,3,1,0,0,1,, -1,2,0,1,50,8,1,2021,08:35,1,93,93066,2,1,0,6,"""SEMBAT MARCEL (BD), NR 2 A 66 ET 1 A 47",48.9314007088,2.3534755111,8,2,1
202100039308,131Â 335,B01,1,1,1,1,2,0,-1,-1, -1,-1,2021,32.0,2,1,0,2,0,0,1,,7,RABATAU (BOULEVARD),0,,2,4,0,2,0,500,1,, -1,2,0,1,50,18,5,2021,19:00,1,13,13210,2,9,1,3,RABATAU (BOULEVARD),43.2808,5.399403,19,2,2
202100013803,177Â 023,A01,2,2,1,4,8,-1,-1,-1, -1,-1,2021,34.0,2,5,0,2,1,14,1,,2,RN104,0,,3,4,0,1,11,500,1,, -1,1,0,1,90,11,10,2021,08:45,1,77,77249,1,1,0,2,RN104,48.735557,2.611678,8,3,2
202100001239,199Â 557,A01,1,1,2,0,1,5,-1,0,0,-1,2021,33.0,2,2,0,6,3,1,1,,2,12,-1,,1,4,0,1,45,900,1,, -1,1,3,1,110,26,12,2021,14:40,1,22,22246,1,9,0,2,ROUTE NATIONALE 12 PR 045+900,48.476563,-2.60818,14,6,2
202100038818,132Â 233,A01,10,3,2,5,0,-1,-1,1,5,1,2021,17.0,1,1,0,1,1,1,1,,4,,-1,,1,2,0,1,(1),(1),1,,4,1,0,1,50,22,5,2021,18:00,1,29,29215,2,1,0,6,Rue du Stade,47.989626,-4.427028,18,2,1
202100024469,157Â 934,A01,1,1,2,3,0,-1,-1,0,0,-1,2021,58.0,3,0,0,0,1,1,3,,4,,-1,,2,2,0,2,(1),(1),1,,4,1,0,1,-1,13,8,2021,10:00,1,22,22210,2,1,0,7,Route de Kerber,48.815759,-3.017957,10,1,1
202100021953,162Â 386,A01,10,3,1,5,0,-1,-1,8,3,1,2021,67.0,2,2,0,1,5,20,1,,4,AVENUE MONTAIGNE,0,,1,1,0,1,(1),(1),1,, -1,1,0,1,50,29,8,2021,14:17,1,75,75108,2,3,0,6,AVENUE MONTAIGNE,48.86646,2.304977,14,2,1