Num_Acc,id_vehicule,num_veh,place,catu,sexe,trajet,secu1,secu2,secu3,locp,actp,etatp,year_acc,victim_age,senc,catv,obs,obsm,choc,manv,motor,occutc,catr,voie,v1,v2,circ,nbv,vosp,prof,pr,pr1,plan,lartpc,larrout,surf,infra,situ,vma,jour,mois,an,hrmn,lum,dep,com,agg_,int,atm,col,adr,lat,long,hour,nb_victim,nb_vehicules
202100049320,113Â 605,B01,1,1,1,1,2,-1,-1,0,0,-1,2021,31.0,2,1,0,2,1,17,1,,2,2,0,,2,2,0,3,9,70,2,, -1,1,9,1,80,5,3,2021,09:50,1,973,97307,1,1,0,3,Route Nationale 2,4.8185,-52.346648,9,2,2
202100051694,109Â 290,A01,2,2,2,1,1,0,-1,0,0,-1,2021,18.0,2,2,0,2,1,1,1,,4,GUILLOU (BOULEVARD YVES),0,,2,0,0,1,1,0,1,, -1,1,0,1,50,12,2,2021,16:55,1,14,14118,2,1,0,2,Boulevard Yves Guillou,49.1785460187,-0.3625917435,16,3,2
202100054773,103Â 889,B01,1,1,1,9,8,-1,-1,0,0,-1,2021,52.0,1,1,0,2,1,1,5,,3,128,0,,2,2,0,1,0,0,4,, -1,1,0,1,30,16,1,2021,18:00,3,26,26198,2,6,0,3,3 Route de Saint Gervais,44.55518,4.75933,18,2,2
202100004056,194Â 497,A01,1,1,1,0,1,8,-1,-1, -1,-1,2021,55.0,2,2,3,0,2,14,1,,2,RN136,0,,3,6,0,1,24,700,1,, -1,1,0,2,90,8,12,2021,22:09,3,35,35051,1,1,0,6,RN136,48.146443,-1.617216,22,1,1
202100026163,154Â 931,A01,1,1,2,0,2,8,-1,-1, -1,-1,2021,31.0,1,0,12,2,7,26,3,,3,KENNEDY (AVENUE DU PRESIDENT),0,,2,2,1,1,0,0,1,, -1,1,0,5,50,31,7,2021,16:10,1,93,93064,1,1,0,3,KENNEDY (AVENUE DU PRESIDENT),48.87,2.486,16,2,2
202100046704,118Â 295,A01,1,1,1,5,2,6,-1,0,0,-1,2021,46.0,3,1,9,0,0,0,1,,4,65,0,D,2,2,0,1,(1),(1),1,, -1,1,0,1,50,22,3,2021,11:00,1,27,27022,2,1,0,7,Rue de la Chartreuse,49.170141,1.347376,11,1,1
202100012053,180Â 167,B01,1,1,1,1,8,0,-1,0,0,-1,2021,42.0,2,1,0,2,1,1,5,,4,RUE SAINT HONORE,0,,1,1,0,1,(1),(1),1,, -1,1,0,1,30,20,10,2021,14:20,1,75,75101,2,1,0,3,RUE SAINT HONORE,48.864189,2.333481,14,2,2
202100055064,103Â 385,A01,10,3,2,1,0,-1,-1,3,3,3,2021,45.0,2,2,0,1,1,26,1,,4,GAMBETTA (BOULEVARD),0,,2,2,0,1,0,0,1,, -1,1,5,1,50,13,1,2021,07:40,2,2,2738,2,1,0,6,GAMBETTA (BOULEVARD),49.653146,3.289605,7,2,1
202100002612,197Â 112,B01,1,1,1,1,1,8,-1,-1, -1,-1,2021,58.0,1,2,0,2,1,1,1,,4,VERNE (RUE JULES),0,,2,2,0,1,(1),(1),1,, -1,1,0,1,30,15,12,2021,21:45,5,44,44184,2,2,0,3,VERNE (RUE JULES),47.29613,-2.19211,21,2,2
202100036729,136Â 058,A01,2,2,1,5,1,-1,-1,0,0,-1,2021,21.0,1,2,13,0,2,15,1,,3,20,-1,,2,2,0,4,55,845,2,, -1,1,0,8,80,3,6,2021,02:55,3,86,86222,1,1,0,7,D20,46.681267,0.387987,2,3,1
202100043832,123Â 336,B01,1,1,1,5,1,-1,-1,0,0,-1,2021,63.0,3,2,0,2,3,1,1,,4,6,-1,,2,1,0,1,(1),(1),1,, -1,1,0,1,80,15,4,2021,16:00,1,53,53042,1,1,0,1,Le Bois de Nance,48.413743,-0.783334,16,2,2
202100050472,111Â 476,B01,1,1,1,1,2,0,-1,-1, -1,-1,2021,45.0,1,1,0,2,7,1,3,,4,JEAN JAURES (AVENUE),0,,2,2,0,1,(1),(1),1,, -1,2,0,1,50,22,2,2021,22:05,5,21,21231,2,2,1,3,120 Avenue Jean JaurÃ¨s,47.30495,5.023072,22,2,2
202100017537,170Â 274,A01,10,3,2,5,0,-1,-1,3,3,1,2021,77.0,0,2,0,1,1,19,1,,7,,-1,,2,2,0,1,(1),(1),1,,4,1,5,1,50,22,9,2021,13:55,1,6,6126,2,4,0,6,avenue des moulins,43.823546,7.19056,13,2,1
202100000136,201Â 508,B01,1,1,2,0,8,0,-1,-1, -1,-1,2021,44.0,3,1,0,2,3,0,0,,4,BILLIERES (AV ETIENNE) DU 1AU 78,0,,2,3,1,1,(1),(1),1,, -1,1,0,5,5,25,5,2021,15:55,1,31,31555,2,1,0,3,BILLIERES (AV ETIENNE) DU 1AU 78,43.5969171534,1.4261841774,15,2,2
202100000125,201Â 532,A01,1,1,1,0,8,0,-1,-1, -1,-1,2021,23.0,2,2,0,0,3,1,1,,3,RD 1005,0,,1,1,0,1,18,150,2,, -1,2,2,1,90,16,7,2021,05:48,2,74,74013,1,1,1,7,RD 1005,46.348261,6.44184,5,1,1
202100024747,157Â 413,A01,1,1,1,5,2,8,-1,-1, -1,-1,2021,53.0,2,1,4,0,1,14,1,,4,VAUBAN (AVENUE),0,,2,2,0,1,(1),(1),1,, -1,1,0,1,50,16,7,2021,01:00,3,34,34108,1,1,0,7,VAUBAN (AVENUE),43.431782,3.769192,1,1,1
202100037100,135Â 390,A01,1,1,2,5,1,-1,-1,0,0,-1,2021,64.0,2,2,13,0,2,1,1,,4,,-1,,2,2,0,1,(1),(1),3,, -1,1,0,3,80,30,5,2021,18:10,1,31,31033,2,1,0,6,26 Chemin de Traverse du Bouet,43.331687,1.484061,18,1,1
202100020572,164Â 860,A01,1,1,1,5,2,6,-1,0,0,-1,2021,17.0,1,1,0,0,0,1,1,,4,QUAI ANATOLE FRANCE,0,,1,3,0,1,(1),(1),1,, -1,1,0,1,30,6,9,2021,20:19,1,75,75107,2,1,0,7,QUAI ANATOLE FRANCE,48.860302,2.327049,20,2,1
202100051948,108Â 850,A01,1,1,1,5,2,-1,-1,0,0,-1,2021,36.0,1,1,8,0,0,1,1,,3,6007,0,,1,2,0,2,30,462,2,, -1,1,0,4,70,10,2,2021,20:10,5,6,6161,1,1,0,7,Route Departementale 6007,43.643824,7.133195,20,1,1
202100015127,174Â 670,B01,1,1,2,1,2,0,-1,-1, -1,-1,2021,62.0,1,1,0,2,8,2,1,,3,GENERAL LECLERC (R DU),0,,2,2,0,1,0,0,1,, -1,2,0,1,50,5,10,2021,19:20,2,94,94071,2,1,0,3,GENERAL LECLERC (R DU),48.77741,2.51156,19,2,2
202100023788,159Â 102,A01,1,1,2,0,1,-1,-1,0,0,-1,2021,73.0,2,2,2,0,3,0,1,,3,945,0,,2,2,0,1,4,650,1,, -1,1,0,3,50,18,8,2021,16:15,1,5,5132,1,1,0,6,route du domaine,44.663571,6.103678,16,1,1
202100009884,184Â 035,A01,1,1,2,5,1,-1,-1,-1,0,-1,2021,53.0,1,2,4,0,3,13,1,,2,RN 184,0,,3,6,0,1,3,0,1,, -1,2,0,1,90,1,11,2021,19:50,3,95,95572,1,1,1,6,RN 184,49.0338681278,2.1113988159,19,1,1
202100015424,174Â 137,A01,10,3,1,5,8,-1,-1,5,6,1,2021,37.0,1,2,0,1,7,1,1,,3,,-1,,1,1,0,1,(1),(1),1,,3,2,0,8,30,3,10,2021,21:45,5,68,68334,2,1,1,6,47 rue curiale,47.811836,7.099003,21,2,1
202100003304,195Â 863,A01,1,1,1,5,1,-1,-1,0,0,-1,2021,27.0,1,2,0,2,1,1,1,,3,116,-1,,2,2,0,4,(1),(1),1,, -1,1,0,1,80,13,12,2021,11:18,1,971,97125,1,2,0,3,carrefour D116 / D102,16.267548,-61.320003,11,5,2
202100026596,154Â 163,A01,2,2,2,0,1,8,-1,-1, -1,-1,2021,19.0,1,2,0,2,1,0,1,,1,6,0,,2,6,0,1,21,600,1,, -1,1,0,1,110,29,7,2021,04:50,3,91,91286,1,1,0,2,AUTOROUTE A6,48.65373,2.3807,4,3,2
202100018671,168Â 266,A01,1,1,1,9,1,-1,-1,0,0,-1,2021,19.0,2,2,8,0,1,0,1,,3,27,0,,2,2,0,1,33,800,2,, -1,1,0,4,50,25,8,2021,03:00,5,18,18133,2,1,0,6,Rue Yves Lacelle,46.95596,2.253249,3,1,1
202100020754,164Â 536,A01,1,1,1,0,2,6,-1,0,0,-1,2021,36.0,3,1,0,0,0,0,1,,4,,-1,,2,2,0,1,(1),(1),2,,5,1,0,1,70,6,9,2021,13:35,1,60,60547,1,1,1,7,Rue du Prieure,49.3360708596,2.5157811641,13,1,1
202100049369,113Â 513,B01,1,1,1,5,1,0,-1,-1, -1,-1,2021,78.0,2,2,0,2,2,1,1,,4,TUTTLINGEN(AVENUE DE),0,,2,2,0,2,0,0,1,, -1,1,0,1,50,25,2,2021,11:52,1,83,83050,1,2,0,1,TUTTLINGEN(AVENUE DE),43.52835,6.44165,11,2,2
202100053338,106Â 379,A01,10,3,2,0,0,-1,-1,4,3,1,2021,71.0,1,2,0,1,5,16,1,,4,AVENUE BEL AIR,0,,3,3,0,1,(1),(1),2,, -1,1,0,1,50,28,1,2021,11:10,1,33,33063,2,2,0,6,Avenue Bel Air,44.83974,-0.60693,11,2,1
202100041951,126Â 634,A01,2,2,1,2,2,0,-1,-1, -1,-1,2021,8.0,-1,1,0,2,6,1,1,,3,PRESIDENT ROOSEVELT (AVENUE DU),0,,2,2,0,1,0,1,1,, -1,1,0,1,50,30,4,2021,16:40,1,93,93001,2,2,0,3,PRESIDENT ROOSEVELT (AVENUE DU),48.91739,2.38005,16,3,2
202100010553,182Â 866,A01,10,3,1,5,0,-1,-1,2,5,1,2021,14.0,2,2,0,1,2,1,2,,4,RUE DE LA REUNION,0,,1,1,0,2,(1),(1),1,, -1,1,0,1,30,27,10,2021,18:30,5,75,75120,2,1,0,6,RUE DE LA REUNION,48.854302,2.402062,18,2,1
202100007863,187Â 684,A01,1,1,2,1,1,0,-1,-1, -1,-1,2021,38.0,1,2,0,2,4,1,2,,2,NATIONALE 19,0,,2,0,0,1,2,0,1,, -1,2,0,1,70,16,11,2021,12:20,1,94,94048,1,1,0,2,Route Nationale 19,48.727771,2.538147,12,2,2
202100036507,136Â 448,A01,1,1,1,5,2,-1,-1,0,0,-1,2021,14.0,3,1,0,2,1,13,1,,4,,-1,,2,2,0,1,(1),(1),2,,"3,5",2,0,1,80,4,6,2021,17:25,1,82,82179,1,1,1,3,Chemin de Bartalbenque,44.164344,1.604497,17,2,2
202100032587,143Â 524,A01,1,1,1,5,2,6,-1,0,0,-1,2021,20.0,1,1,6,0,1,1,1,,3,17,0,,2,2,0,1,(1),(1),2,, -1,1,0,4,50,23,6,2021,15:45,1,8,8281,2,1,0,6,3 Route de Pure,49.66752,5.192411,15,1,1
202100026670,154Â 037,B01,1,1,2,1,2,6,-1,-1, -1,-1,2021,39.0,3,1,1,2,8,2,1,,6,ONZE NOVEMBRE 1918 AVENUE DU,0,,-1,-1,0,1,(1),(1),1,, -1,1,0,1,30,25,6,2021,18:20,1,17,17299,2,9,0,3,ONZE NOVEMBRE 1918 AVENUE DU,45.92371,-0.95831,18,2,2
202100011029,182Â 010,A01,1,1,1,1,2,8,-1,-1, -1,-1,2021,59.0,2,1,0,2,8,1,1,,1,AUTOROUTE A86,0,,3,8,0,1,14,0,1,, -1,1,0,1,90,26,10,2021,08:10,2,93,93066,1,1,0,5,AUTOROUTE A86,48.92219,2.36125,8,3,3
202100046767,118Â 177,A01,1,1,1,1,2,6,-1,-1, -1,-1,2021,26.0,1,1,0,2,1,2,1,,4,VALENTINE (ROUTE DE LA),0,,2,2,0,1,0,0,1,, -1,1,0,1,50,24,3,2021,12:30,1,13,13211,2,1,0,2,VALENTINE (ROUTE DE LA),43.2901752356,5.4712360875,12,2,2
202100034990,139Â 153,A01,1,1,2,0,1,0,-1,-1, -1,-1,2021,54.0,3,2,0,2,1,17,1,,7,MONNET JEAN RUE,0,,2,2,0,1,(1),(1),3,, -1,1,0,1,50,11,6,2021,13:30,1,59,59356,2,1,0,1,MONNET JEAN RUE,50.6630277633,2.9859638214,13,2,2
202100027513,152Â 546,B01,1,1,1,1,2,0,-1,-1, -1,-1,2021,37.0,3,1,0,2,1,1,1,,3,D.50,0,,2,3,0,2,14,813,1,, -1,1,0,1,50,20,7,2021,21:00,1,77,77326,1,3,0,3,D50,48.5858,2.5572,21,2,2
202100037466,134Â 695,A01,1,1,1,5,1,-1,-1,0,0,-1,2021,61.0,1,5,0,0,0,1,1,,3,23,-1,,4,2,0,1,51,800,1,, -1,1,0,3,80,30,5,2021,17:30,1,86,86081,2,1,0,7,21 Route des Mottes,46.788499,0.450354,17,1,1
202100048627,114Â 841,A01,1,1,1,5,2,6,9,0,0,-1,2021,21.0,1,1,5,0,7,14,1,,3,913,0,,2,2,0,2,18,0,2,, -1,1,0,3,70,7,3,2021,16:00,1,95,95656,1,1,0,6,Cote du Pavillon,49.0615469749,1.7197723549,16,2,1
202100007067,189Â 123,B01,1,1,1,1,1,-1,-1,0,0,-1,2021,57.0,1,2,0,2,1,1,1,,3,228,0,A,2,2,0,1,(1),(1),1,, -1,1,0,1,-1,21,11,2021,06:30,2,67,67382,2,2,0,3,2 Route de Fessenheim,48.625133,7.570385,6,2,2
202100036149,137Â 069,A01,1,1,1,5,2,-1,-1,0,0,-1,2021,38.0,1,1,0,0,8,1,1,,3,112,-1,,2,2,0,2,(1),(1),2,, -1,1,0,1,80,5,6,2021,11:30,1,14,14552,1,1,0,7,D112,49.301789,-0.606995,11,1,1
202100006775,189Â 677,B01,2,2,2,1,1,-1,-1,0,0,-1,2021,61.0,2,2,0,2,4,1,1,,1,13,-1,,1,5,0,1,163,600,2,, -1,1,0,1,130,24,11,2021,08:10,1,27,27258,1,1,1,4,A13,49.336784,0.413243,8,6,4
202100043588,123Â 757,A01,1,1,2,0,1,-1,-1,0,0,-1,2021,29.0,0,2,7,2,1,1,1,,3,153,0,,2,2,0,3,10,90,3,, -1,1,0,1,90,18,4,2021,11:15,1,60,60322,1,2,0,3,Route dÃ©partementale 153,49.303317,1.884053,11,2,2
202100018801,168Â 038,A01,1,1,1,4,2,0,-1,0,0,-1,2021,23.0,2,1,0,2,1,13,1,,4,QUAI DE GRENELLE,0,,2,5,0,1,(1),(1),1,, -1,2,0,1,30,14,9,2021,19:40,2,75,75115,2,1,1,3,QUAI DE GRENELLE,48.851808,2.285076,19,2,2
202100028991,149Â 906,A01,1,1,1,9,2,6,-1,0,0,-1,2021,53.0,1,1,1,0,1,13,1,,4,QUAI AUX FLEURS,0,,1,2,0,1,(1),(1),1,, -1,2,0,1,50,14,7,2021,03:20,5,75,75104,2,1,1,6,QUAI AUX FLEURS,48.85443,2.351363,3,1,1
202100011812,180Â 607,A01,10,3,2,0,0,-1,-1,4,3,2,2021,28.0,1,1,0,1,1,1,1,,4,BOULEVARD ROBERT SCHUMAN,0,,2,2,3,1,0,0,1,, -1,2,0,1,50,21,10,2021,20:09,5,44,44109,2,1,1,6,BOULEVARD ROBERT SCHUMAN,47.24506,-1.57598,20,3,1
202100007366,188Â 587,A01,10,3,2,5,0,-1,-1,9,B,2,2021,2.0,1,1,0,2,1,18,1,,3,"JULES GUESDES  (RUE,A PARTIR 98, COTE IM",0,,1,1,1,1,1,0,1,, -1,1,0,1,50,19,11,2021,19:10,5,93,93032,2,9,0,3,"JULES GUESDES  (RUE,A PARTIR 98, COTE IM",48.87982,2.54532,19,4,2
202100033753,141Â 439,C01,1,1,2,1,1,8,-1,-1, -1,-1,2021,48.0,2,2,0,2,1,2,1,,1,A55-Sens Martigues vers Marseille,0,,1,2,0,2,36,99,3,, -1,1,0,1,50,15,6,2021,10:50,1,13,13056,1,1,0,4,A55-Sens Martigues vers Marseille,43.39613,5.04594,10,3,3
202100054042,105Â 148,A01,1,1,1,1,1,0,-1,-1, -1,-1,2021,44.0,1,2,4,0,9,1,3,,2,RTE NATIONALE N 4,0,,1,2,0,1,4,571,1,, -1,2,0,1,90,22,1,2021,20:55,3,77,77350,1,1,0,6,RTE NATIONALE N 4,48.7678486714,2.6454692002,20,4,4
202100046796,118Â 126,A01,10,3,1,3,0,-1,-1,9,1,1,2021,88.0,3,5,0,1,4,4,1,,6,MARECHAL JOFFRE (AV DU),0,,-1,0,3,1,(1),(1),1,, -1,1,9,6,10,24,3,2021,12:00,1,94,94033,2,9,0,6,MARECHAL JOFFRE (AV DU),48.85295,2.48408,12,2,1
202100005728,191Â 561,A01,1,1,1,0,2,6,-1,-1, -1,-1,2021,62.0,1,1,0,2,8,3,1,,1,AUTOROUTE A3,0,,3,4,0,1,5,500,2,, -1,1,0,1,90,29,11,2021,15:30,1,93,93064,1,1,0,3,AUTOROUTE A3,48.88606,2.47315,15,2,2
202100035603,138Â 080,A01,1,1,2,9,1,-1,-1,0,0,-1,2021,39.0,2,2,13,0,3,13,1,,3,27,-1,,2,2,0,1,9,960,2,, -1,1,0,3,90,8,6,2021,15:00,1,12,12254,1,1,0,6,D27,44.478117,2.521593,15,1,1
202100012123,180Â 042,B01,1,1,2,1,2,-1,-1,0,0,-1,2021,50.0,1,1,0,2,6,15,5,,3,632,-1,,2,2,0,1,6,750,1,, -1,1,0,1,80,21,10,2021,13:55,1,26,26313,1,3,0,2,Chemin des Grandes Terres,44.97698,4.961749,13,2,2
202100051430,109Â 765,A01,1,1,1,5,1,-1,-1,-1, -1,-1,2021,48.0,0,2,1,0,1,1,1,,4,MEDERIC (RUE),0,,2,2,0,1,(1),(1),1,, -1,1,0,8,50,14,2,2021,21:10,5,50,50602,2,1,0,6,MEDERIC (RUE),49.64235,-1.58713,21,1,1
202100023747,159Â 170,A01,1,1,1,1,1,0,-1,-1, -1,-1,2021,40.0,3,2,4,0,1,1,1,,5,PL DE LA LOGISTIQUE,0,,3,4,0,1,1,0,1,, -1,1,7,1,50,17,8,2021,17:10,1,94,94065,1,6,0,6,Zone SOGARIS,48.75142,2.36107,17,1,1
202100010143,183Â 569,B01,10,3,1,0,0,-1,-1,1,1,1,2021,39.0,1,2,0,1,8,1,1,,3,SOULT (AVENUE MARECHAL),0,,3,4,3,2,8,198,1,, -1,2,0,1,50,30,10,2021,07:10,5,64,64102,2,1,0,6,SOULT (AVENUE MARECHAL),43.48535,-1.49375,7,2,1
202100018562,168Â 455,A01,10,3,1,0,0,-1,-1,2,3,1,2021,43.0,1,2,0,1,0,26,1,,3,YPRES (RUE D'),0,,2,2,0,1,(1),(1),1,, -1,1,0,1,30,16,9,2021,10:30,1,59,59043,2,1,0,6,YPRES (RUE D'),50.7408583873,2.7379628209,10,2,1
202100053456,106Â 168,A01,1,1,2,5,1,8,-1,-1, -1,-1,2021,79.0,1,2,0,2,1,13,1,,3,,0,,2,2,0,1,1,590,2,, -1,2,0,1,50,27,1,2021,10:40,1,45,45208,2,1,1,1,Avenue Louis-Maurice Chautemps,48.011992,2.759228,10,2,2
202100010416,183Â 103,B01,2,2,2,5,1,-1,-1,0,0,-1,2021,43.0,2,2,2,2,8,1,1,,3,4100,-1,,2,2,0,1,11,0,1,, -1,1,0,1,80,29,10,2021,13:43,1,4,4160,1,1,0,6,RD 4100,43.8661767535,5.6843733788,13,3,2
202100045762,119Â 953,B01,1,1,1,1,1,0,-1,-1, -1,-1,2021,50.0,2,2,0,2,3,1,1,,4,MONNET (RUE JEAN),0,,2,2,0,2,(1),(1),2,, -1,2,0,1,50,26,3,2021,17:13,1,42,42044,2,1,1,1,Rue Jean Monnet,45.39664,4.33386,17,5,2
202100049297,113Â 642,A01,8,2,2,5,8,0,-1,-1, -1,-1,2021,52.0,2,3,0,2,1,2,1,2.0,3,407,0,,2,2,0,2,0,0,3,, -1,1,0,1,30,4,3,2021,08:35,1,92,92072,2,3,0,2,VILLE D'AVRAY (RUE DE ),48.823757484,2.2087588906,8,3,2
202100005943,191Â 172,B01,3,2,2,5,1,0,-1,-1, -1,-1,2021,17.0,1,2,0,2,7,1,1,,4,ALBERT 1ER (RUE ALBERT 1ER),0,,2,2,3,1,1,0,1,, -1,2,0,1,50,27,11,2021,16:30,5,45,45234,2,3,1,3,ALBERT 1ER (RUE ALBERT 1ER),47.90827,1.90686,16,6,2
202100034164,140Â 692,A01,1,1,1,5,2,-1,-1,0,0,-1,2021,15.0,2,1,0,2,1,17,1,,3,82,-1,,2,2,0,2,15,200,1,, -1,1,0,1,80,16,6,2021,14:45,1,87,87203,1,1,0,2,Lieu-dit Lardimalie,45.630005,1.441805,14,2,2
202100045088,121Â 140,A01,1,1,1,0,8,-1,-1,0,0,-1,2021,58.0,2,2,5,0,2,0,1,,3,160,-1,,2,2,0,1,4,500,2,, -1,1,9,3,50,6,4,2021,00:00,3,7,7200,1,1,0,6,Route du Tunnel,44.7203331747,4.1342832148,0,1,1
202100036187,137Â 011,B01,1,1,1,5,2,-1,-1,0,0,-1,2021,30.0,1,1,0,2,7,17,1,,3,D1001,0,,4,2,0,1,21,0,1,, -1,1,0,1,50,7,6,2021,17:20,1,60,60462,2,1,0,3,Rue de Calais,49.331939,2.199304,17,2,2
202100050192,111Â 999,B01,2,2,1,0,2,-1,-1,-1, -1,-1,2021,51.0,1,1,0,2,1,1,1,,4,TOULOUSE (RTE DE),0,,2,3,1,1,(1),(1),1,, -1,1,0,1,50,25,2,2021,11:00,1,33,33550,2,1,0,3,Route de Toulouse,44.791979,-0.567158,11,3,2
202100008583,186Â 392,A01,1,1,2,5,1,-1,-1,-1,0,-1,2021,27.0,2,2,13,0,1,17,1,,2,RN 104,0,,3,4,0,1,2,500,1,, -1,1,0,1,110,11,11,2021,06:45,3,95,95061,1,1,1,6,RN 104,49.067428,2.256232,6,1,1
202100000379,201Â 028,A01,1,1,1,0,2,-1,-1,0,0,-1,2021,58.0,0,1,0,2,7,1,1,,3,D6285,0,,3,4,0,2,1,791,1,, -1,1,0,1,50,25,9,2021,15:00,1,6,6085,2,4,0,3,604 Chemin des Campelieres,43.582501,7.009706,15,2,2
202100014454,175Â 865,A01,1,1,1,0,1,-1,-1,0,0,-1,2021,22.0,1,2,2,0,1,1,1,,3,167,0,,-1,2,0,1,0,500,1,, -1,1,0,3,80,8,10,2021,23:35,3,14,14427,1,1,0,6,le pont des vers,48.851084,-0.389671,23,1,1
202100055873,102Â 010,A01,3,2,2,9,0,-1,-1,0,0,-1,2021,49.0,2,2,0,2,1,1,1,,1,A9,-1,,3,5,0,1,53,600,1,, -1,1,0,1,130,9,1,2021,02:42,3,30,30189,1,1,0,1,"Autoroute A9, point kilomÃ©trique 053.600",43.814959,4.363396,2,4,2
202100006943,189Â 359,B01,4,2,2,9,0,0,-1,0,0,-1,2021,55.0,1,3,1,2,3,21,1,3.0,4,AVENUE DE FRIEDLAND,0,,3,4,0,1,(1),(1),1,, -1,1,0,1,30,20,11,2021,19:30,5,75,75108,2,4,0,3,AVENUE DE FRIEDLAND,48.874078,2.298212,19,4,2
202100016476,172Â 176,B01,1,1,1,1,2,0,-1,0,0,-1,2021,47.0,3,1,0,2,1,1,1,,4,FERNAND ALBOS (RUE),0,,2,2,0,1,(1),(1),1,, -1,1,0,1,50,23,9,2021,07:33,2,63,63019,2,5,0,3,FERNAND ALBOS (RUE),45.7945785207,3.1628099084,7,2,2
202100025083,156Â 819,A01,1,1,1,5,0,-1,-1,0,0,-1,2021,11.0,3,1,0,2,5,1,5,,4,,0,O,2,2,0,4,0,0,1,,7,1,0,1,30,8,8,2021,15:30,1,49,49023,2,3,0,3,Rue des Mauges (beauprÃ©au),47.19841,-0.994552,15,2,2
202100037114,135Â 359,A01,2,2,1,9,0,-1,-1,0,0,-1,2021,39.0,1,2,13,0,1,0,1,,2,1,-1,,2,2,0,1,210,100,1,, -1,1,0,3,110,29,5,2021,14:10,1,988,98827,1,1,0,7,RT1 PK 210+100,-21.369736,165.189571,14,2,1
202100039211,131Â 534,A01,1,1,1,9,1,-1,-1,0,0,-1,2021,54.0,1,2,0,2,1,13,1,,3,1059,-1,,2,2,0,1,15,900,1,, -1,1,0,1,80,21,5,2021,10:30,1,68,68185,1,1,0,1,RD1059,48.266541,7.301209,10,4,2
202100016489,172Â 153,A01,2,2,2,3,1,0,-1,-1, -1,-1,2021,19.0,3,2,15,0,2,1,1,,3,VILLIERS EN LIEU (ROUTE DE),0,,-1,2,0,1,0,1,2,, -1,1,0,1,80,25,9,2021,16:15,1,52,52235,1,1,0,6,VILLIERS EN LIEU (ROUTE DE),48.646142,4.905856,16,2,1
202100019595,166Â 607,A01,1,1,1,5,0,-1,-1,0,0,-1,2021,53.0,3,1,13,0,1,1,5,,4,,-1,,2,1,0,2,(1),(1),1,,"3,5",1,0,3,50,2,9,2021,22:00,3,26,26220,1,1,0,6,Chemin de Pied de Vaux,44.372644,5.12465,22,1,1
202100016260,172Â 569,B01,1,1,1,0,8,0,-1,-1, -1,-1,2021,49.0,2,1,0,2,3,1,3,,3,ROSNY (RUE DE),0,,2,2,0,1,0,1,1,, -1,2,0,1,30,29,9,2021,08:05,1,93,93048,2,2,1,3,Rue de Rosny / Boulevard de la BoissiÃ¨re,48.87115,2.47085,8,2,2
202100029500,149Â 062,A01,1,1,1,5,2,6,-1,0,0,-1,2021,16.0,2,1,0,2,1,1,1,,3,129,-1,,2,2,0,1,38,600,3,, -1,1,0,1,90,10,7,2021,20:50,1,3,3092,1,1,0,1,Le Bois,46.418353,3.197263,20,2,2
202100029353,149Â 300,A01,2,2,2,0,8,-1,-1,0,0,-1,2021,44.0,2,2,0,2,1,1,1,,3,957,0,,2,2,0,1,7,384,2,, -1,2,0,1,80,13,7,2021,11:45,1,41,41091,1,1,1,1,D957,47.637562,1.282504,11,4,2
202100020626,164Â 756,A01,1,1,1,1,2,6,-1,0,0,-1,2021,36.0,1,1,13,0,9,6,1,,3,712,-1,,2,2,0,2,31,700,4,, -1,1,0,8,80,4,9,2021,13:15,1,29,29266,1,1,0,6,D712 - Koad Ar C Hastell,48.5186209129,-3.928449298,13,1,1
202100047274,117Â 261,A01,1,1,1,1,0,-1,-1,0,0,-1,2021,25.0,2,2,8,0,9,14,1,,3,674,0,,2,2,0,1,0,50,2,, -1,1,0,3,80,21,3,2021,05:20,3,33,33154,1,1,0,6,D674,45.117447,-0.009999,5,1,1
202100040489,129Â 232,B01,1,1,1,5,2,-1,-1,0, -1,-1,2021,74.0,1,1,1,2,7,1,5,,4,PONT L'ABBE ROUTE DE,0,,2,2,2,1,(1),(1),1,, -1,1,0,1,50,9,5,2021,08:39,1,29,29232,2,1,0,3,Route de Pont lâAbbe,47.98117,-4.1212,8,2,2
202100043906,123Â 189,A01,1,1,2,5,2,0,-1,0,0,-1,2021,28.0,2,1,0,2,3,13,3,,4,BOULEVARD BRUNE,0,,3,3,0,1,(1),(1),1,, -1,1,0,1,50,15,4,2021,15:20,1,75,75114,2,1,0,3,BOULEVARD BRUNE,48.826646,2.310423,15,3,2
202100025653,155Â 828,A01,2,2,1,1,8,-1,-1,0,0,-1,2021,39.0,2,2,4,0,0,0,1,,1,41,-1,,3,4,0,2,142,900,3,, -1,4,0,1,110,4,8,2021,16:30,1,74,74307,1,1,1,7,A41,46.005413,6.12623,16,2,1
202100031183,145Â 996,A01,3,2,1,0,8,0,-1,0,0,-1,2021,19.0,1,2,0,2,2,15,1,,7,NICE AVENUE DE (RN7),0,,2,2,0,1,(1),(1),1,, -1,1,0,1,50,4,7,2021,01:30,5,6,6027,2,2,0,3,NICE AVENUE DE (RN7),43.6596,7.16958,1,3,2
202100050910,110Â 677,B01,1,1,1,3,0,-1,-1,-1, -1,-1,2021,48.0,1,1,0,2,4,1,5,,2,RN 141,0,,1,2,0,1,110,430,2,40,"7,5",1,0,1,50,19,2,2021,10:35,1,16,16102,2,6,0,2,gir,45.693834,-0.347862,10,2,2