Num_Acc,id_vehicule,num_veh,place,catu,sexe,trajet,secu1,secu2,secu3,locp,actp,etatp,year_acc,victim_age,senc,catv,obs,obsm,choc,manv,motor,occutc,catr,voie,v1,v2,circ,nbv,vosp,prof,pr,pr1,plan,lartpc,larrout,surf,infra,situ,vma,jour,mois,an,hrmn,lum,dep,com,agg_,int,atm,col,adr,lat,long,hour,nb_victim,nb_vehicules
202100008315,186Â 864,A01,1,1,1,5,0,-1,-1,0,0,-1,2021,40.0,0,0,0,0,0,1,0,,2,7,0,,2,2,0,1,(1),(1),1,, -1,1,0,1,50,13,11,2021,15:00,1,978,97801,2,1,0,7,RN7 - 66 Route Nationale,18.064169,-63.039658,15,1,1
202100004871,193Â 086,A01,1,1,1,0,2,6,9,0,0,-1,2021,50.0,2,1,4,0,4,2,1,,3,307,-1,,3,4,0,1,14,200,1,, -1,2,0,1,90,4,12,2021,18:30,3,78,78455,1,1,1,2,Route Nationale 307,48.847943,2.053478,18,2,2
202100042555,125Â 564,A01,1,1,1,5,2,-1,-1,0,0,-1,2021,57.0,1,1,0,0,1,18,5,,3,55,0,D,2,2,0,1,8,700,1,, -1,1,8,1,50,26,4,2021,12:50,1,88,88173,1,1,0,7,D55,48.359471,6.243539,12,1,1
202100048343,115Â 344,B01,1,1,1,1,2,6,-1,0,0,-1,2021,28.0,1,1,0,0,1,1,1,,3,92,-1,,2,2,0,1,(1),(1),1,, -1,1,5,1,70,12,3,2021,19:20,5,38,38341,1,3,0,3,D1006,45.567033,5.414245,19,2,2
202100052112,108Â 560,A01,10,3,1,5,0,-1,-1,1,3,1,2021,37.0,3,1,0,1,1,1,1,,4,JUIN (AVE ALPHONSE),0,,1,4,3,1,0,0,1,, -1,1,0,1,50,8,2,2021,14:00,1,83,83137,2,1,0,6,JUIN (AVE ALPHONSE),43.1205,5.9457,14,2,1
202100031528,145Â 408,A01,1,1,1,0,2,0,-1,-1, -1,-1,2021,49.0,2,1,0,2,1,26,1,,1,A55-Sens Martigues vers Marseille,0,,1,3,0,1,2,0,1,, -1,1,2,1,70,30,6,2021,18:00,1,13,13202,1,1,0,2,A55-Sens Martigues vers Marseille,43.3238739724,5.3628263331,18,2,2
202100014559,175Â 681,A01,1,1,1,0,1,0,-1,-1, -1,-1,2021,47.0,0,2,4,0,1,13,1,,4,ALL DE LA BOURBONNAIS,0,,1,1,0,1,0,0,1,, -1,1,2,1,50,8,10,2021,00:45,5,91,91657,2,1,0,7,ALL DE LA BOURBONNAIS,48.718158,2.436805,0,1,1
202100044995,121Â 300,A01,1,1,1,1,2,6,-1,0,0,-1,2021,18.0,0,1,0,2,2,1,1,,4,,-1,,2,2,0,1,(1),(1),1,, -1,1,0,1,50,6,4,2021,17:40,1,74,74112,2,3,0,3,R du Nante,45.936777,6.090299,17,2,2
202100020342,165Â 274,A01,1,1,2,5,2,0,-1,-1, -1,-1,2021,34.0,2,1,0,2,8,19,5,,3,PRESIDENT WILSON (AV DU),0,,2,2,1,1,0,0,1,, -1,1,0,1,50,7,9,2021,17:15,1,94,94016,2,1,0,3,Avenue du PrÃ©sident Wilson,48.79074,2.32728,17,2,2
202100020790,164Â 484,A01,2,2,2,5,2,6,9,0,0,-1,2021,61.0,2,1,13,0,3,1,0,,3,2,-1,,2,2,0,4,1,800,4,, -1,1,0,1,80,5,9,2021,14:30,1,83,83077,1,1,0,7,RD2,43.278783,5.948163,14,2,1
202100016258,172Â 572,A01,10,3,2,0,0,-1,-1,4,3,2,2021,0.0,2,2,0,1,1,16,1,,3,,0,,2,2,1,1,0,0,1,, -1,1,6,1,30,29,9,2021,10:30,1,93,93048,2,1,0,6,Boulevard Henri Barbusse,48.86836,2.44151,10,4,1
202100024092,158Â 595,C01,1,1,1,5,2,6,-1,0,0,-1,2021,57.0,0,1,0,2,3,0,1,,3,53,0,D,2,1,0,1,28,45,2,,3,1,0,1,80,14,8,2021,19:30,1,24,24080,1,2,0,3,D53,44.707157,0.923656,19,4,2
202100056215,101Â 410,A01,1,1,1,5,0,-1,-1,0,0,-1,2021,37.0,1,1,0,0,3,1,5,,3,151,0,,2,2,0,1,4,800,1,, -1,1,0,1,-1,5,1,2021,15:25,1,95,95446,1,1,0,7,RD 151,49.116388,2.180909,15,1,1
202100046771,118Â 168,A01,10,3,1,9,0,-1,-1,6,9,1,2021,48.0,1,2,0,1,2,14,1,,7,EGUILLES (ROUTE D'),0,,2,2,1,2,1,0,1,, -1,1,8,5,50,24,3,2021,16:50,1,13,13001,1,1,0,6,EGUILLES (ROUTE D'),43.5419706408,5.4056230058,16,2,1
202100038565,132Â 712,A01,2,2,1,5,1,-1,-1,0,0,-1,2021,22.0,2,2,0,2,3,1,1,,3,26,-1,,2,2,0,1,6,400,2,, -1,9,0,1,80,23,5,2021,15:15,1,86,86213,1,1,0,3,La BruyÃ¨re,46.440277,0.03261,15,3,2
202100016280,172Â 534,B01,1,1,2,1,1,-1,-1,0,0,-1,2021,52.0,2,2,0,2,2,1,1,,3,122,0,D,2,2,0,1,12,600,2,, -1,1,0,1,70,29,9,2021,16:30,1,56,56070,1,3,0,3,Le Petit Rouvran,47.916047,-2.527927,16,2,2
202100024141,158Â 507,A01,1,1,1,5,1,-1,-1,0,0,-1,2021,41.0,2,2,0,2,3,13,1,,3,COMTES D'ARMAGNAC (AVENUE DES),0,,-1,2,0,1,1,930,2,, -1,1,0,1,50,14,8,2021,12:35,1,12,12084,2,1,0,1,COMTES D'ARMAGNAC (AVENUE DES),44.084361,3.057332,12,2,2
202100019704,166Â 425,A01,1,1,1,0,1,0,-1,-1, -1,-1,2021,23.0,0,2,0,2,1,10,6,,7,RTE D' ALLAUCH,0,,2,-1,0,1,0,0,1,, -1,1,0,1,50,10,9,2021,09:01,1,13,13211,2,3,0,5,RTE D' ALLAUCH,43.30205,5.50114,9,4,3
202100026779,153Â 854,A01,1,1,1,5,1,-1,-1,-1, -1,-1,2021,34.0,2,2,1,0,1,1,1,,4,PIERRE BRUNIER                      (R ),0,,2,2,0,2,(1),(1),1,, -1,1,0,3,50,27,7,2021,10:15,1,69,69034,2,1,0,6,PIERRE BRUNIER (R),45.78328,4.82929,10,1,1
202100045285,120Â 777,A01,10,3,1,5,0,-1,-1,3,3,1,2021,75.0,1,2,0,1,1,1,1,,3,217,0,,3,4,0,1,0,1,1,, -1,1,0,1,50,4,4,2021,18:24,1,47,47049,2,1,0,6,45 Allee des Promenades,44.443225,0.621656,18,3,1
202100002583,197Â 167,B01,1,1,1,1,1,-1,-1,-1,0,-1,2021,41.0,1,5,0,2,1,2,1,,3,CROIZAT AMBROISE,0,,2,2,0,1,5,500,1,, -1,1,0,1,50,16,12,2021,17:50,5,95,95280,1,1,0,4,CROIZAT AMBROISE,49.02158,2.45293,17,3,3
202100021460,163Â 283,B01,1,1,1,9,2,6,-1,-1, -1,-1,2021,43.0,0,1,0,0,0,0,1,,4,SAINT SIMON (RTE DE) DU 276 AU 389,0,,3,4,0,1,(1),(1),1,, -1,1,0,1,50,31,8,2021,23:00,5,31,31555,2,1,0,1,SAINT SIMON (RTE DE) DU 276 AU 389,43.58983,1.41513,23,3,2
202100028437,150Â 885,A01,1,1,1,0,2,6,-1,-1, -1,-1,2021,34.0,2,1,0,2,1,2,1,,1,AUTOROUTE A6B,0,,3,4,0,4,1,970,3,, -1,1,0,1,70,18,7,2021,11:15,1,94,94003,1,1,0,2,AUTOROUTE A6B,48.8,2.3437,11,3,2
202100000779,200Â 322,A01,1,1,1,9,2,0,-1,0,0,-1,2021,27.0,1,1,0,2,1,1,1,,4,BOULEVARD BERTHIER,0,,3,3,0,1,(1),(1),1,, -1,2,0,1,30,31,12,2021,00:30,5,75,75117,2,2,0,3,BOULEVARD BERTHIER,48.894305,2.313769,0,2,2
202100054186,104Â 891,A01,10,3,1,5,0,-1,-1,2,3,1,2021,46.0,3,2,0,1,1,16,1,,3,RUE PDT FRANCOIS MITTERRAND,0,,2,2,0,2,0,0,1,, -1,2,5,1,50,21,1,2021,16:40,2,91,91345,2,4,1,6,RUE PDT FRANCOIS MITTERRAND,48.69198,2.29051,16,2,1
202100039105,131Â 735,B01,1,1,1,5,2,0,-1,-1, -1,-1,2021,32.0,1,1,0,2,1,1,1,,4,JACQUEMIN (RUE JEAN BERNARD),0,,2,2,0,1,(1),(1),1,, -1,1,0,1,50,20,5,2021,10:19,1,37,37261,2,3,0,6,VAILLANT (RUE EDOUARD),47.3869769068,0.6981499717,10,2,2
202100008743,186Â 107,A01,1,1,1,1,2,6,-1,0,0,-1,2021,32.0,2,1,0,2,2,3,1,,4,PORTE DE SAINT OUEN,0,,1,4,0,1,21,0,1,, -1,1,0,1,70,9,11,2021,18:10,5,75,75118,2,4,0,3,PORTE DE SAINT OUEN,48.900792,2.3317,18,2,2
202100032227,144Â 154,B01,1,1,1,0,2,6,-1,-1, -1,-1,2021,31.0,1,1,0,2,7,1,1,,1,86,0,,3,4,0,1,7,500,1,, -1,1,0,1,90,25,6,2021,16:50,1,92,92036,1,9,0,3,A86,48.934401859,2.2803246122,16,2,2
202100045003,121Â 287,A01,1,1,1,1,1,-1,-1,0,0,-1,2021,59.0,1,5,0,2,8,10,1,,2,RN1,-1,,2,2,0,1,42,500,1,, -1,4,0,3,80,7,4,2021,14:00,1,973,97305,1,3,1,3,Rue du Singe Rouge,5.0687486202,-52.5925408602,14,2,2
202100012013,180Â 238,A01,10,3,1,2,0,-1,-1,3,3,1,2021,17.0,3,2,0,1,1,1,1,,7,LEZENNES BOULEVARD DE,0,,3,3,2,1,(1),(1),1,, -1,3,0,1,50,20,10,2021,07:30,5,59,59350,2,3,1,6,NAPOLEON CHEMIN DU PAVE,50.61809,3.10932,7,2,1
202100038069,133Â 612,B01,1,1,1,5,2,-1,-1,0,0,-1,2021,53.0,2,1,0,0,1,0,1,,3,133,0,D,-1,2,0,1,11,500,3,, -1,1,0,1,80,28,5,2021,15:05,1,67,67061,1,4,0,1,D133,48.815836,7.433367,15,2,2
202100034491,140Â 075,B01,1,1,1,0,2,-1,-1,0,0,-1,2021,18.0,1,1,0,2,1,2,1,,2,7,-1,,2,2,0,1,67,165,1,, -1,1,0,1,50,14,6,2021,18:33,1,26,26166,2,2,1,3,Boulevard FrÃ©dÃ©ric Mistral,44.753362,4.817655,18,2,2
202100046712,118Â 277,B01,2,2,2,9,1,-1,-1,-1, -1,-1,2021,77.0,1,2,0,2,3,23,1,,1,ROCADE A 630,0,,3,6,0,1,15,350,1,, -1,1,3,1,90,25,3,2021,18:00,1,33,33281,1,1,0,2,ROCADE A 630,44.848697,-0.668891,18,3,2
202100047363,117Â 112,B01,1,1,1,5,4,9,-1,0, -1,-1,2021,61.0,2,1,0,2,1,1,5,,3,RD 783,0,,1,1,0,4,1,160,3,, -1,1,3,8,50,19,3,2021,13:45,1,29,29039,1,4,0,3,Rue de Lanriec,47.8692,-3.89456,13,2,2
202100027994,151Â 669,A01,1,1,1,5,8,-1,-1,0,0,-1,2021,73.0,1,2,0,2,1,13,1,,2,2,-1,,2,2,0,2,31,50,2,, -1,1,0,1,50,13,7,2021,12:10,1,972,97225,2,1,0,1,Savane du Fort,14.74864,-61.174246,12,2,2
202100032841,143Â 073,C01,1,1,2,1,1,8,-1,-1, -1,-1,2021,42.0,2,2,0,2,2,0,1,,3,PONTOISE AV DE,0,,2,3,1,2,20,40,3,, -1,2,0,1,70,22,6,2021,12:50,1,78,78498,1,1,1,5,PONTOISE AV DE,48.94216,2.05982,12,3,3
202100010603,182Â 775,A01,1,1,2,3,1,-1,-1,0,0,-1,2021,73.0,1,2,0,2,1,13,1,,3,1,-1,,2,2,0,1,22,10,3,,"5,5",1,0,1,90,29,10,2021,11:35,1,23,23258,1,1,0,1,Route dÃ©partementale 1,46.2939873013,1.4735627174,11,2,2
202100017935,169Â 565,B01,1,1,1,1,2,6,-1,0,0,-1,2021,17.0,2,1,0,2,1,1,1,,3,101,-1,,2,2,0,1,6,950,1,,"5,5",1,0,1,50,18,6,2021,18:15,1,4,4149,1,3,0,1,RD 101,44.0442695764,5.9534334456,18,2,2
202100013087,178Â 349,B01,2,2,2,0,2,-1,-1,-1, -1,-1,2021,51.0,3,1,0,2,7,1,1,,4,AVE D'EYSINES CAUD,0,,2,2,0,1,(1),(1),1,, -1,1,0,1,30,15,10,2021,12:50,1,33,33063,2,2,0,3,Avenue d'Eysines,44.8581,-0.60518,12,3,2
202100052980,107Â 017,A01,10,3,1,0,0,-1,-1,3,3,1,2021,92.0,3,2,0,1,1,1,1,,4,CARTONNERIE (BOULEVARD DE LA ),0,,2,3,0,1,0,0,1,, -1,1,0,1,50,31,1,2021,10:15,1,13,13211,2,1,0,1,CARTONNERIE (BOULEVARD DE LA ),43.2916327761,5.4606252689,10,2,1
202100031545,145Â 370,B01,1,1,1,0,1,0,-1,-1, -1,-1,2021,42.0,2,2,0,0,5,1,1,,1,15,0,,1,4,0,2,4,500,3,, -1,1,0,1,50,30,6,2021,21:40,1,92,92036,1,1,0,2,AUTOROUTE A15,48.9406783537,2.2926308104,21,2,2
202100052243,108Â 322,C01,1,1,1,1,8,0,-1,-1, -1,-1,2021,37.0,2,5,0,2,3,2,1,,2,385,0,,1,2,0,2,56,0,1,, -1,2,0,1,90,6,2,2021,21:00,3,91,91645,1,1,1,4,RN 385 ExtÃ¨rieure,48.760008,2.257768,21,3,3
202100033836,141Â 277,A01,1,1,1,0,8,0,-1,-1, -1,-1,2021,49.0,3,1,0,4,1,1,3,,4,RUE DES PEUPLIERS,0,,2,2,3,1,0,0,1,, -1,1,4,1,50,17,6,2021,17:40,1,38,38185,2,1,0,3,RUE DES PEUPLIERS,45.16477,5.73058,17,2,2
202100034866,139Â 388,B01,1,1,1,5,1,-1,-1,0,0,-1,2021,43.0,2,2,0,2,1,0,1,,3,16,0,D,-1,2,0,2,6,900,1,, -1,1,0,1,70,12,6,2021,19:00,1,30,30223,1,9,0,1,Route des Fumades,44.177827,4.169668,19,2,2
202100037678,134Â 308,A01,2,2,2,5,1,-1,-1,0,0,-1,2021,15.0,2,2,8,0,9,14,1,,3,626,0,D,2,2,0,1,30,900,1,, -1,1,0,3,80,30,5,2021,08:08,1,40,40058,1,1,0,7,RD 626 - PK 30 + 900,44.077612,-0.441835,8,2,1
202100030215,147Â 757,A01,1,1,2,4,2,6,-1,0,0,-1,2021,58.0,1,1,0,2,3,3,1,,4,BOULEVARD PERIPHERIQUE,0,,1,4,0,1,14,100,1,, -1,1,0,1,70,7,7,2021,15:30,1,75,75116,2,1,0,3,BOULEVARD PERIPHERIQUE,48.861934,2.2646,15,2,2
202100032484,143Â 704,A01,10,3,1,5,0,-1,-1,3,3,2,2021,5.0,2,2,0,1,2,1,1,,4,COLOMB (RUE CHRISTOPHE),0,,2,2,1,1,(1),(1),1,, -1,1,0,1,50,24,6,2021,18:20,1,37,37261,2,2,0,6,COLOMB (RUE CHRISTOPHE),47.3794372137,0.700647911,18,2,1
202100010078,183Â 684,A01,1,1,1,5,2,-1,-1,0,0,-1,2021,19.0,1,1,1,0,1,1,1,,3,121,0,E,2,2,0,1,0,237,1,, -1,1,0,4,50,31,10,2021,17:00,1,3,3264,1,1,0,6,30 Avenue des Sources,46.063847,3.45706,17,1,1
202100031917,144Â 697,B01,1,1,1,5,1,0,-1,-1, -1,-1,2021,27.0,3,2,0,2,4,1,1,,3,NEUILLY (PONT),0,,2,2,0,1,0,0,1,, -1,1,2,1,30,28,6,2021,16:53,1,93,93051,2,1,0,4,NEUILLY (PONT),48.853536,2.532733,16,4,4
202100049359,113Â 534,A01,10,3,1,1,0,-1,-1,5,9,1,2021,35.0,3,2,0,1,2,14,1,,4,GENERAL DE GAULLE,0,,-1,2,0,1,(1),(1),2,, -1,1,9,4,50,3,3,2021,11:15,1,971,97101,2,9,0,6,GENERAL DE GAULLE,16.25229,-61.52821,11,2,1
202100053387,106Â 295,A01,2,2,2,9,1,-1,-1,0,0,-1,2021,24.0,1,2,2,0,1,1,1,,3,31,-1,,2,2,0,1,25,0,1,, -1,1,0,1,90,29,1,2021,15:10,1,48,48137,1,1,0,6,"D31, PK25+000",44.44549,3.475692,15,2,1
202100020835,164Â 402,A01,1,1,2,0,1,0,-1,-1, -1,-1,2021,33.0,1,2,0,2,1,13,1,,3,CD 922,0,,2,2,0,1,4,260,1,, -1,1,0,1,80,4,9,2021,21:15,2,78,78227,1,1,0,1,CD 922,49.0188,1.95314,21,2,2
202100030587,147Â 083,A01,2,2,2,0,1,8,-1,-1, -1,-1,2021,51.0,1,2,13,0,9,13,1,,3,ESCOSSE CHEMIN D',0,,2,2,0,1,31,0,3,, -1,9,9,3,80,5,7,2021,09:15,1,9,9225,1,1,0,6,Route dâEscosse,43.129209,1.604019,9,2,1
202100032614,143Â 475,C01,1,1,1,4,1,8,-1,-1, -1,-1,2021,49.0,2,2,0,2,4,1,1,,1,A507 sens Aubagne- Marseille,0,,1,3,0,2,2,700,1,, -1,1,1,1,70,23,6,2021,08:20,1,13,13055,1,1,0,2,A507 sens Aubagne- Marseille,43.33002,5.40206,8,4,4
202100018664,168Â 278,A01,1,1,1,1,1,-1,-1,0,0,-1,2021,29.0,2,2,15,0,1,14,1,,1,42,0,,3,4,0,1,33,0,1,, -1,1,0,3,130,17,9,2021,16:05,1,1,1099,1,1,0,7,AUTOROUTE A42 - PK 033+000 - SENS GENEVE/LYON,45.911645,5.246176,16,1,1
202100029773,148Â 568,A01,1,1,1,0,2,6,-1,-1, -1,-1,2021,26.0,3,1,0,0,0,1,1,,4,COLBERT,0,,2,2,0,1,0,0,1,, -1,1,0,1,50,9,6,2021,10:50,1,58,58194,2,1,0,7,COLBERT,46.99477,3.15835,10,1,1
202100014871,175Â 131,A01,1,1,2,1,2,6,-1,-1, -1,-1,2021,34.0,1,1,0,2,3,13,3,,3,GENERAL LECLERC (AVENUE DU) 35/FIN - 60/,0,,1,3,0,1,0,0,1,, -1,1,0,1,50,6,10,2021,08:56,1,92,92012,2,1,0,3,GENERAL LECLERC (AVENUE DU) 35/FIN - 60/,48.8298202887,2.2302943468,8,2,2
202100017153,170Â 980,A01,1,1,1,4,0,-1,-1,0,0,-1,2021,64.0,2,4,0,0,8,1,1,,3,55,-1,,2,2,0,1,3,100,3,, -1,1,0,1,80,23,9,2021,16:25,1,54,54235,1,1,0,7,D55,48.4882117871,6.0150575639,16,1,1
202100010322,183Â 257,B01,1,1,2,0,0,-1,-1,-1, -1,-1,2021,23.0,1,1,0,2,0,2,3,,4,RUE D'AMBARES,0,,2,2,0,1,(1),(1),1,, -1,1,0,1,50,28,10,2021,14:05,1,33,33032,2,1,0,3,Rue d'AmbarÃ¨s,44.91583,-0.50949,14,2,2
202100040264,129Â 633,B01,1,1,1,5,2,6,-1,0,0,-1,2021,17.0,2,1,0,2,1,1,1,,3,D978,-1,A,2,2,0,1,13,440,1,, -1,2,0,1,80,12,5,2021,21:45,3,58,58021,1,1,1,1,RD 978A - intersection du lieu -dit La Ponconnerie,46.786764,3.202043,21,2,2
202100053191,106Â 656,B01,1,1,1,0,0,-1,-1,0,0,-1,2021,22.0,0,1,0,2,1,5,3,,4,,0,,2,2,0,1,(1),(1),1,, -1,1,0,1,50,29,1,2021,09:59,1,63,63113,2,2,0,3,THEURIET (RUE ANDRE),45.76878,3.07809,9,2,2
202100038666,132Â 522,Z01,10,3,2,0,8,8,-1,2,3,1,2021,10.0,1,1,0,1,1,2,0,,4,SAINTE CATHERINE (RUE),0,,1,1,0,2,1,0,1,, -1,1,0,1,30,23,5,2021,22:40,5,92,92019,2,1,0,6,SAINTE CATHERINE (RUE),48.765968728,2.2808378935,22,2,1
202100004343,193Â 993,A01,1,1,1,4,1,-1,-1,0,0,-1,2021,36.0,1,5,1,0,2,14,1,,1,8,-1,A,1,4,0,1,177,0,1,, -1,1,0,2,110,7,12,2021,15:30,1,6,6161,1,1,0,2,A8,43.636283,7.127462,15,2,2
202100048660,114Â 775,A01,10,3,1,0,0,-1,-1,2,3,1,2021,78.0,2,2,0,1,2,1,1,,4,CHANTIERS (RUE DES),0,,2,3,0,1,(1),(1),1,, -1,1,0,1,50,5,3,2021,13:35,1,78,78646,2,1,0,6,CHANTIERS (RUE DES),48.79541,2.13955,13,2,1
202100022863,160Â 750,A01,10,3,2,5,0,-1,-1,1,3,2,2021,46.0,3,2,0,1,2,26,1,,6,,-1,,-1,-1,0,1,(1),(1),2,,4,1,9,8,30,14,8,2021,00:40,5,11,11202,2,1,0,6,Parking du Camp Redon,42.863344,3.045734,0,4,1
202100035686,137Â 925,B01,1,1,1,1,2,0,-1,-1, -1,-1,2021,34.0,2,1,0,2,1,1,5,,3,ARDUS (AVENUE D'),0,,2,2,0,1,23,150,1,, -1,1,0,1,50,7,6,2021,07:40,1,82,82121,2,3,0,3,ARDUS (AVENUE D'),44.037979,1.356935,7,2,2
202100030736,146Â 820,B01,2,2,1,5,1,-1,-1,-1, -1,-1,2021,46.0,1,2,0,2,2,1,1,,4,ABONDANCE (DE L')                   (R ),0,,1,1,0,1,(1),(1),1,, -1,1,0,1,50,3,7,2021,23:45,5,69,69383,2,2,0,3,ABONDANCE (DE L') (R),45.7534,4.85027,23,4,2
202100023118,160Â 289,A01,2,2,2,0,8,-1,-1,-1, -1,-1,2021,21.0,1,2,9,0,1,1,1,,4,AVE DU PRESIDENT J.F. KENNEDY,0,,3,4,3,1,(1),(1),1,, -1,1,0,1,50,21,8,2021,07:15,2,33,33119,2,1,0,6,Avenue du PrÃ©sident J.F. Kennedy,44.86624,-0.51124,7,2,1
202100030979,146Â 369,C01,1,1,1,9,1,-1,-1,0,0,-1,2021,70.0,1,2,0,2,8,24,1,,3,ABBEVILLE (RUE D'),0,,2,3,3,1,(1),(1),1,, -1,1,0,1,50,29,6,2021,18:20,1,80,80021,2,1,0,4,ABBEVILLE (RUE D'),49.91089,2.25679,18,4,4
202100052721,107Â 496,A01,2,2,1,1,1,-1,-1,0,0,-1,2021,51.0,2,2,13,0,1,1,1,,3,36,0,,2,2,0,1,48,500,1,, -1,2,5,8,80,4,2,2021,04:15,3,29,29141,1,4,1,6,D14 - Route de Huelgoat,48.3234667035,-3.8526394278,4,3,1
202100037144,135Â 297,A01,1,1,2,0,1,0,-1,-1, -1,-1,2021,41.0,2,2,0,2,3,14,1,,1,AUTOROUTE A6,0,,3,8,0,1,28,649,1,, -1,1,0,1,90,1,6,2021,08:26,1,91,91340,1,1,0,5,AUTOROUTE A6,48.59779,2.44136,8,3,3
202100033247,142Â 342,A01,2,2,1,5,2,-1,-1,0,0,-1,2021,21.0,1,1,0,0,6,1,1,,3,123,-1,,2,2,0,1,11,310,3,, -1,1,0,1,90,23,5,2021,15:25,1,49,49308,1,1,0,7,RD  123  lieu dit LES HAUTES BROSSES,47.367054,-0.481896,15,2,1
202100032670,143Â 367,B01,1,1,2,9,1,8,-1,-1, -1,-1,2021,21.0,3,2,0,2,2,15,1,,4,SAINT-JEAN BAPTISTE DE LA SALLE,0,,2,4,2,1,(1),(1),1,, -1,1,5,1,50,23,6,2021,14:45,1,35,35238,2,3,0,3,SAINT-JEAN BAPTISTE DE LA SALLE,48.11466,-1.70095,14,2,2
202100016436,172Â 254,B01,1,1,2,1,1,0,-1,-1, -1,-1,2021,40.0,2,2,0,2,9,2,1,,2,RN104,0,,1,3,0,1,15,200,1,, -1,2,0,1,90,27,9,2021,16:30,1,77,77450,1,1,0,5,RN104,48.706973,2.598406,16,6,6
202100047922,116Â 075,A01,10,3,1,5,0,-1,-1,2,5,1,2021,14.0,2,2,0,1,8,1,1,,4,MITTERRAND (BD FRANCOIS),0,,2,3,0,1,(1),(1),1,, -1,1,0,1,50,13,3,2021,11:14,1,63,63113,2,1,0,6,MITTERRAND (BD FRANCOIS),45.77123,3.08873,11,2,1
202100001380,199Â 303,B01,1,1,1,5,1,0,-1,0,0,-1,2021,35.0,3,2,0,2,4,1,1,,4,AVENUE DE LA PORTE DE LA CHAPELLE,0,,1,1,0,1,(1),(1),3,, -1,2,0,1,50,24,12,2021,18:10,5,75,75118,2,4,0,2,AVENUE DE LA PORTE DE LA CHAPELLE,48.899466,2.35941,18,2,2
202100030326,147Â 556,B01,1,1,1,0,8,-1,-1,-1, -1,-1,2021,42.0,1,1,0,2,7,1,3,,4,SEBASTIEN GRYPHE                    (R ),0,,1,1,2,1,(1),(1),1,, -1,2,0,1,50,6,7,2021,16:55,1,69,69387,2,2,1,3,SEBASTIEN GRYPHE (R),45.75082,4.84242,16,2,2
202100020013,165Â 855,B01,1,1,1,1,2,6,-1,-1, -1,-1,2021,29.0,2,1,0,2,2,3,1,,1,AUTOROUTE A6B,0,,1,3,0,1,4,300,1,, -1,1,0,1,90,8,9,2021,17:05,1,94,94038,1,1,0,3,AUTOROUTE A6B,48.7789,2.34672,17,2,2
202100031564,145Â 334,B01,1,1,1,5,2,7,-1,0,0,-1,2021,20.0,1,1,0,2,1,1,1,,3,ROUTE DEPARTEMENTALE 920,0,,2,2,0,1,46,320,2,, -1,1,5,1,80,26,6,2021,20:10,1,36,36202,1,3,0,3,,46.74398,1.61613,20,2,2
202100037794,134Â 106,A01,1,1,1,5,2,0,-1,-1, -1,-1,2021,73.0,2,1,0,2,2,2,5,,4,SEBASTOPOL (RUE),0,,1,1,0,1,(1),(1),1,, -1,1,0,1,50,27,5,2021,13:45,1,37,37261,2,1,0,6,SEBASTOPOL (RUE),47.3882778068,0.6847160825,13,2,2
202100011495,181Â 180,A01,1,1,1,0,2,6,-1,0,0,-1,2021,18.0,1,1,0,2,0,17,1,,3,554,0,,2,2,0,2,55,200,1,, -1,1,0,1,80,22,10,2021,19:15,3,83,83143,1,1,0,5,DÃ©partementale 554,43.432182,6.071792,19,4,4
202100031304,145Â 786,A01,1,1,1,5,2,6,-1,0,0,-1,2021,75.0,1,1,0,2,1,1,1,,4,RUE DE REUILLY,0,,2,2,0,1,(1),(1),1,, -1,1,0,1,50,1,7,2021,18:45,1,75,75112,2,3,0,3,RUE DE REUILLY,48.846584,2.38746,18,2,2
202100004733,193Â 320,C01,1,1,1,0,1,0,-1,-1, -1,-1,2021,43.0,2,2,0,2,4,2,1,,3,GAULLE CHARLES (RUE DE),0,,2,2,0,1,12,691,1,, -1,2,0,1,50,3,12,2021,15:40,1,64,64260,2,1,1,4,Boulevard de Gaulle,43.35699,-1.77632,15,3,3
202100047097,117Â 586,A01,1,1,1,1,2,6,-1,0,0,-1,2021,21.0,2,1,0,2,1,3,1,,3,404,-1,,2,2,0,4,0,280,1,, -1,1,0,1,50,23,3,2021,17:25,1,77,77153,2,3,0,3,Rue Louis Braille,49.049335,2.673449,17,5,2
202100002285,197Â 699,A01,10,3,1,0,0,-1,-1,3,3,1,2021,46.0,1,2,0,1,1,1,1,,3,REPUBLIQUE (AVE DE LA ) 43/106 =>,0,,2,2,0,1,0,1,1,, -1,1,0,1,50,18,12,2021,10:00,1,93,93001,2,1,0,6,REPUBLIQUE (AVE DE LA ) 43/106 =>,48.90435,2.39135,10,2,1
202100048323,115Â 378,A01,1,1,1,9,1,-1,-1,0,0,-1,2021,22.0,1,2,0,2,7,1,1,,7,982,0,,2,2,0,1,21,200,3,, -1,2,9,1,90,13,3,2021,07:55,1,76,76750,1,1,1,3,CD982,49.460063,0.835197,7,3,2
202100016109,172Â 848,B01,1,1,2,0,1,-1,-1,0,0,-1,2021,42.0,0,2,0,2,3,16,1,,4,MERCEY (RUE DE),0,,1,1,0,1,(1),(1),1,, -1,1,0,1,50,23,9,2021,14:55,1,80,80021,2,3,0,3,MERCEY (RUE DE),49.87979,2.32804,14,2,2