Num_Acc,id_vehicule,num_veh,place,catu,sexe,trajet,secu1,secu2,secu3,locp,actp,etatp,year_acc,victim_age,senc,catv,obs,obsm,choc,manv,motor,occutc,catr,voie,v1,v2,circ,nbv,vosp,prof,pr,pr1,plan,lartpc,larrout,surf,infra,situ,vma,jour,mois,an,hrmn,lum,dep,com,agg_,int,atm,col,adr,lat,long,hour,nb_victim,nb_vehicules
202100040468,129Â 272,B01,2,2,2,5,1,-1,-1,-1, -1,-1,2021,87.0,2,2,0,2,1,1,1,,3,LECLERC GENERAL  BD,0,,2,2,2,1,3,100,1,, -1,3,0,1,50,10,5,2021,13:50,1,69,69264,2,2,1,3,LECLERC GENERAL (BD),45.9984,4.70852,13,3,2
202100016222,172Â 640,A01,1,1,1,0,0,0,-1,-1, -1,-1,2021,22.0,0,1,0,2,3,19,5,,4,CARDINALE (RUE),0,,1,2,1,1,1,0,1,, -1,1,0,1,30,27,9,2021,08:50,1,13,13001,2,2,0,3,CARDINALE (RUE),43.5253954396,5.4509483732,8,2,2
202100041318,127Â 753,A01,1,1,1,9,2,6,-1,0,0,-1,2021,55.0,2,1,0,2,1,2,3,,4,BOULEVARD JOURDAN,0,,1,2,0,1,(1),(1),1,, -1,2,0,1,50,5,5,2021,15:10,1,75,75114,2,1,1,2,BOULEVARD JOURDAN,48.819819,2.340732,15,2,2
202100036259,136Â 868,A01,1,1,1,5,2,6,-1,0,0,-1,2021,36.0,2,1,0,2,2,3,1,,4,PORTE DE VERSAILLES,0,,1,3,0,1,8,300,1,, -1,1,0,1,70,5,6,2021,11:30,1,75,75115,2,1,0,3,PORTE DE VERSAILLES,48.829478,2.287441,11,2,2
202100046949,117Â 856,A01,1,1,1,9,8,0,-1,0,0,-1,2021,17.0,1,1,0,0,0,21,5,,4,BOULEVARD SERURIER,0,,1,2,0,2,(1),(1),3,, -1,1,0,1,50,23,3,2021,08:00,1,75,75119,2,2,0,7,BOULEVARD SERURIER,48.878851,2.401886,8,1,1
202100033300,142Â 247,B01,1,1,2,5,2,0,-1,-1, -1,-1,2021,37.0,1,1,0,2,1,1,1,,3,FELIX EBOUE(ROCADE),0,,2,2,0,1,1,700,1,, -1,1,0,1,50,14,6,2021,18:55,5,973,97302,2,1,0,2,FELIX EBOUE(ROCADE),4.9381119292,-52.3166263104,18,2,2
202100028063,151Â 552,B01,1,1,1,5,0,-1,-1,0,0,-1,2021,66.0,1,1,0,2,1,1,5,,3,788,-1,D,2,2,0,1,16,(1),1,, -1,1,0,3,50,20,7,2021,18:45,1,22,22353,2,1,0,1,Route de Poull Palud,48.825316,-3.492633,18,2,2
202100018804,168Â 032,A01,1,1,2,1,2,0,-1,0,0,-1,2021,37.0,2,1,0,2,8,15,5,,4,BOULEVARD VOLTAIRE,0,,2,4,0,1,(1),(1),1,, -1,2,0,1,30,15,9,2021,08:50,1,75,75111,2,2,1,3,BOULEVARD VOLTAIRE,48.865168,2.367759,8,2,2
202100014771,175Â 313,B01,1,1,1,9,2,8,-1,-1, -1,-1,2021,14.0,1,1,0,2,8,1,3,,3,COUR DE FRANCE (AVENUE DE LA),0,,3,4,0,2,(1),(1),1,, -1,1,0,1,50,6,10,2021,14:15,1,91,91326,2,1,0,3,COUR DE FRANCE (AVENUE DE LA),48.68984,2.37072,14,2,2
202100017476,170Â 383,A01,10,3,2,5,0,-1,-1,3,3,1,2021,75.0,2,2,0,1,1,1,1,,4,PAUL SIRVENT (AVE),0,,2,2,0,2,0,0,1,, -1,1,0,1,30,22,9,2021,18:40,2,13,13075,2,1,0,1,PAUL SIRVENT (AVE),43.3449307048,5.4607825484,18,2,1
202100028066,151Â 545,A01,1,1,1,0,1,0,-1,-1, -1,-1,2021,33.0,1,5,0,2,6,2,1,,1,Tunnel Prado CarÃ©nage,0,,1,2,0,1,0,1,1,, -1,1,1,1,60,20,7,2021,08:30,1,13,13207,1,1,0,2,Tunnel Prado CarÃ©nage,43.2896366904,5.3701579571,8,2,2
202100008284,186Â 908,B01,1,1,1,5,2,-1,-1,0,0,-1,2021,54.0,1,1,0,2,1,1,1,,2,2,-1,,2,2,0,1,25,0,1,, -1,1,0,1,50,13,11,2021,06:20,1,972,97204,2,1,0,1,le coin,14.703064,-61.182046,6,2,2
202100031788,144Â 937,A01,1,1,1,1,8,-1,-1,0,0,-1,2021,54.0,2,2,8,0,3,13,1,,3,42,0,,2,2,0,1,18,250,1,, -1,1,0,3,70,15,6,2021,06:45,1,45,45332,1,1,0,6,D42-18+250,47.848845,2.669824,6,1,1
202100009741,184Â 292,A01,3,2,2,5,1,0,-1,-1, -1,-1,2021,20.0,2,2,3,2,1,2,1,,1,AUTOROUTE A20,0,,3,4,0,1,187,199,1,, -1,2,0,1,110,30,10,2021,14:00,1,87,87065,1,1,1,2,AUTOROUTE A20,45.80415,1.29712,14,3,2
202100018788,168Â 058,A01,10,3,1,0,0,-1,-1,2,1,1,2021,25.0,3,2,0,9,2,16,1,,4,QUATORZE JUILLET (RUE DU),0,,1,1,2,1,(1),(1),1,, -1,2,0,1,50,14,9,2021,08:39,1,10,10387,2,1,1,6,QUATORZE JUILLET (RUE DU),48.2942,4.0778,8,2,1
202100056028,101Â 735,A01,10,3,1,3,0,-1,-1,4,3,1,2021,53.0,1,5,0,1,2,16,1,,3,AV LEON BLUM,0,,2,1,0,1,(1),(1),1,, -1,1,0,3,50,6,1,2021,06:55,5,91,91027,2,2,0,6,AV LEON BLUM,48.70997,2.38554,6,2,1
202100006216,190Â 698,A01,2,2,2,5,1,-1,-1,-1, -1,-1,2021,75.0,1,2,0,2,2,15,1,,4,ROBERT SCHUMAN          (PT),0,,2,4,1,1,(1),(1),1,, -1,1,5,1,50,24,11,2021,20:15,5,69,69384,2,2,0,3,ROBERT SCHUMAN (PT),45.7799849829,4.8109066486,20,3,2
202100030415,147Â 402,A01,1,1,1,9,8,0,-1,0,0,-1,2021,21.0,2,1,0,2,0,1,5,,4,BOULEVARD DE L HOPITAL,0,,3,5,0,2,(1),(1),1,, -1,1,0,1,50,6,7,2021,08:50,1,75,75113,2,4,0,7,BOULEVARD DE L HOPITAL,48.838758,2.360923,8,2,2
202100004594,193Â 566,A01,10,3,2,0,0,-1,-1,1,3,1,2021,48.0,2,2,0,1,1,1,1,,3,402,-1,,2,2,0,2,25,509,1,, -1,2,0,1,50,6,12,2021,08:30,1,77,77107,2,1,0,6,D402,48.666683,2.842541,8,2,1
202100014133,176Â 424,B01,2,2,2,0,2,0,-1,-1, -1,-1,2021,33.0,2,1,0,2,1,1,1,,1,AUTOROUTE A1,0,,3,6,3,1,3,0,1,, -1,1,0,1,90,8,10,2021,09:32,1,972,97213,1,1,0,2,AUTOROUTE A1,14.6183,-61.03538,9,3,2
202100044111,122Â 827,C01,1,1,1,5,1,0,-1,-1, -1,-1,2021,42.0,1,2,0,2,1,26,1,,2,LITTORAL (ROUTE 3 DU),0,,1,2,0,1,(1),(1),1,, -1,1,0,1,90,12,4,2021,08:40,1,974,97411,1,1,0,4,LITTORAL (ROUTE 3 DU),-20.874576,55.426542,8,3,3
202100030083,148Â 011,A01,1,1,1,9,1,-1,-1,0,0,-1,2021,68.0,2,2,8,0,1,1,1,,3,613,0,,2,2,0,1,2,500,1,, -1,1,0,3,90,9,7,2021,06:20,2,14,14334,1,1,0,6,D613,49.143243,0.388545,6,1,1
202100051846,109Â 031,A01,1,1,1,9,8,-1,-1,0,0,-1,2021,20.0,2,2,0,2,3,26,1,,3,538,-1,,2,2,0,1,73,750,3,, -1,2,0,1,80,12,2,2021,13:00,1,26,26115,1,1,1,4,Route de MontÃ©limar ,44.692917,5.005558,13,9,3
202100013465,177Â 668,A01,1,1,2,0,1,-1,-1,0,0,-1,2021,54.0,2,2,0,2,1,17,1,,2,151,0,,2,2,0,1,29,390,3,, -1,1,0,1,80,13,10,2021,18:30,1,89,89427,1,1,0,4,N151,47.751657,3.545012,18,5,3
202100052859,107Â 233,A01,1,1,2,5,1,-1,-1,-1, -1,-1,2021,53.0,2,2,0,2,4,1,1,,4,DUQUESNE                            (R ),0,,1,2,3,1,(1),(1),1,, -1,2,0,1,50,1,2,2021,16:40,1,69,69386,2,1,1,2,DUQUESNE (R),45.77286,4.8464,16,2,2
202100005260,192Â 379,A01,2,2,2,0,8,0,-1,-1, -1,-1,2021,20.0,3,1,0,2,1,1,3,,4,COURBOULAY PAUL (RUE),0,,2,2,2,1,0,0,1,, -1,1,0,1,50,29,11,2021,16:35,1,72,72181,2,2,0,3,COURBOULAY PAUL (RUE),48.00588,0.1922,16,3,2
202100017430,170Â 469,A01,1,1,1,0,2,6,-1,-1, -1,-1,2021,41.0,2,1,0,2,1,17,1,,3,ITALIENS (BD DES),0,,2,2,0,1,0,0,2,, -1,1,0,1,70,22,9,2021,17:05,1,72,72181,2,1,0,1,ITALIENS (BD DES),47.996,0.20757,17,2,2
202100051256,110Â 061,B01,1,1,1,0,2,0,-1,-1, -1,-1,2021,26.0,1,1,0,2,2,1,1,,4,BERTHELOT                           (AV),0,,1,2,0,1,(1),(1),1,, -1,2,0,1,50,16,2,2021,21:25,5,69,69387,2,2,1,3,BERTHELOT                           (AV),45.74346,4.84729,21,2,2
202100033925,141Â 120,A01,1,1,1,1,2,6,-1,0,0,-1,2021,49.0,1,1,0,0,8,1,1,,3,59,0,B,2,2,0,1,0,925,3,, -1,6,0,1,80,18,6,2021,05:15,3,81,81252,1,1,0,7,D59b,43.668298,2.233819,5,1,1
202100033835,141Â 278,B01,1,1,1,5,2,6,-1,0,0,-1,2021,44.0,2,1,0,2,1,1,1,,4,MIMARD ETIENNE A PARTIR NÃ¸ 29-36,0,,2,4,0,1,(1),(1),1,, -1,1,0,1,50,13,6,2021,00:45,5,42,42218,2,2,0,1,Rue Etienne Mimard,45.43887,4.39702,0,2,2
202100020200,165Â 529,B01,1,1,1,1,2,0,-1,-1, -1,-1,2021,43.0,2,1,0,2,7,3,1,,1,10,0,,1,2,0,1,4,199,1,, -1,1,0,1,70,8,9,2021,08:38,1,91,91377,1,1,0,3,AUTOROUTE A10,48.71562,2.29069,8,2,2
202100034471,140Â 109,B01,2,2,2,0,1,-1,-1,0,0,-1,2021,73.0,2,2,0,2,3,1,1,,3,6086,0,,2,2,0,1,20,500,1,, -1,1,0,1,80,15,6,2021,15:58,1,30,30141,1,1,0,6,D6086,44.1102,4.6131,15,4,3
202100038049,133Â 650,B01,1,1,1,1,0,0,-1,-1, -1,-1,2021,53.0,0,1,0,2,4,26,5,,4,BD GALLIENI ,0,,2,2,0,1,1,0,1,, -1,1,2,1,50,27,5,2021,05:29,2,94,94046,2,9,0,2,GALLIENI (BD),48.79675,2.43088,5,2,2
202100032373,143Â 898,A01,1,1,1,5,0,-1,-1,0,0,-1,2021,35.0,2,2,12,0,0,1,1,,3,9,0,,2,2,0,1,46,500,1,, -1,1,0,1,80,25,6,2021,23:00,5,51,51413,1,6,0,7,D9,49.002217,4.032589,23,1,1
202100018783,168Â 067,A01,1,1,2,5,1,0,-1,-1, -1,-1,2021,31.0,2,2,11,0,1,1,1,,4,Corniche John FitzgÃ©rald Kennedy,0,,2,5,1,2,317,0,3,, -1,1,0,1,50,15,9,2021,04:50,5,13,13207,2,1,0,6,Corniche John FitzgÃ©rald Kennedy,43.2753,5.36007,4,1,1
202100023679,159Â 293,A01,1,1,1,1,2,6,-1,-1, -1,-1,2021,49.0,2,1,0,2,0,1,1,,4,GALLIENI                            (PT),0,,2,5,0,1,(1),(1),1,, -1,1,0,1,50,17,8,2021,06:25,2,69,69382,2,1,0,7,GALLIENI (PT),45.7485374091,4.8314470053,6,1,1
202100008206,187Â 052,B01,1,1,1,1,1,-1,-1,0,0,-1,2021,28.0,1,2,0,2,1,1,1,,3,rd16,-1,,2,2,0,1,5,100,3,, -1,1,0,1,80,15,11,2021,06:45,3,95,95641,1,1,1,2,RD 16,49.062142,2.568146,6,2,2
202100001616,198Â 910,A01,1,1,1,0,2,8,-1,0,0,-1,2021,22.0,2,1,0,2,3,18,1,,4,BRETON BD ANDRE,0,,4,2,0,1,(1),(1),3,, -1,1,5,1,50,23,12,2021,15:10,1,6,6004,2,6,0,5,BRETON BD ANDRE,43.601517,7.074563,15,3,3
202100047603,116Â 664,B01,2,1,1,1,2,0,-1,-1, -1,-1,2021,33.0,2,1,0,2,2,17,1,,2,PATRICK SAINT ELOI ( AVENUE ),0,,2,2,0,1,(1),(1),1,, -1,1,0,1,50,17,3,2021,13:45,1,971,97101,2,1,0,3,PATRICK SAINT ELOI ( AVENUE ),16.25855,-61.51914,13,2,2
202100015527,173Â 932,A01,1,1,2,5,1,8,-1,-1, -1,-1,2021,37.0,1,2,8,0,3,13,1,,4,LIBERTE (PLACE DE LA),0,,1,1,0,1,0,0,1,, -1,1,0,4,50,1,10,2021,00:50,5,67,67447,2,1,0,6,LIBERTE (PLACE DE LA),48.60645,7.75344,0,1,1
202100003677,195Â 186,A01,1,1,2,0,1,-1,-1,-1, -1,-1,2021,22.0,2,2,0,2,4,1,1,,3,MORBIHAN AVENUE DU,0,,3,4,0,1,2,50,1,, -1,2,0,1,110,9,12,2021,18:10,3,29,29232,1,1,1,2,D365 - Avenue du Morbihan,47.97815,-4.03566,18,2,2
202100041077,128Â 185,A01,2,2,2,0,1,0,-1,-1, -1,-1,2021,20.0,1,2,2,0,0,19,1,,7,PENE. RUE ANNIE DE,0,,2,2,0,2,9,100,3,, -1,2,0,8,50,6,5,2021,23:20,3,76,76540,2,9,1,6,PENE. RUE ANNIE DE,49.43377,1.1143,23,3,1
202100007321,188Â 665,B01,1,1,1,0,2,0,-1,0,0,-1,2021,33.0,1,1,0,2,1,2,3,,4,,0,,2,2,0,1,(1),(1),1,, -1,1,0,1,50,13,11,2021,05:54,5,6,6088,2,2,0,3,ROASSAL (R. CLEMENT),43.708077,7.25697,5,2,2
202100001133,199Â 746,B01,1,1,2,1,2,6,-1,-1, -1,-1,2021,59.0,1,1,0,2,6,2,1,,1,ROCADE A 630,0,,3,6,0,1,26,899,1,, -1,1,0,1,90,22,10,2021,18:00,1,33,33192,1,1,0,6,ROCADE A 630,44.78852,-0.60131,18,2,2
202100054988,103Â 525,B01,1,1,2,1,1,-1,-1,-1, -1,-1,2021,21.0,1,2,0,2,5,23,1,,2,89,0,,3,6,0,1,49,923,1,, -1,1,3,1,70,15,1,2021,19:45,5,33,33013,1,1,0,4,ROUTE NATIONALE 89,44.868723,-0.501886,19,8,4
202100051071,110Â 386,A01,1,1,1,1,2,6,-1,-1, -1,-1,2021,26.0,1,1,0,2,1,17,1,,4,SAINT PIERRE (RUE),0,,2,2,0,1,0,0,1,, -1,1,0,1,50,17,2,2021,14:30,1,13,13205,2,3,0,3,SAINT PIERRE (RUE),43.2918330003,5.4074828052,14,2,2
202100027232,153Â 042,B01,1,1,2,3,0,-1,-1,0,0,-1,2021,48.0,0,2,0,2,7,24,1,,6,L'APPEL DU DIX-HUIT JUIN 1940 (AV DE),0,,-1,0,0,1,1,0,1,, -1,1,9,1,20,24,7,2021,14:20,1,94,94078,2,1,0,3,L'APPEL DU DIX-HUIT JUIN 1940 (AV DE),48.761317,2.442774,14,2,2
202100023995,158Â 748,A01,10,3,2,5,0,-1,-1,1,3,1,2021,19.0,1,3,0,1,3,1,1,1.0,3,PARIS (RUE DE),0,,3,4,0,2,4,650,1,, -1,1,0,1,50,15,8,2021,15:20,1,95,95680,2,1,0,6,RD 316,49.010388,2.384154,15,2,1
202100013088,178Â 347,A01,1,1,1,0,2,-1,-1,-1, -1,-1,2021,28.0,2,1,6,2,1,17,1,,4,RUE ARISTIDE BERGES,0,,2,2,0,1,(1),(1),1,, -1,1,0,1,50,15,10,2021,12:40,1,33,33167,2,1,0,3,Rue Aristide BergÃ¨s,44.82116,-0.53015,12,2,2
202100037220,135Â 150,B01,1,1,2,3,1,0,-1,0,0,-1,2021,74.0,2,2,0,2,1,15,1,,7,MALINTRAT (RTE DE ),0,,2,2,0,1,(1),(1),1,, -1,1,0,1,50,29,5,2021,11:24,1,63,63164,2,2,0,2,D2 MALINTRAT (RTE DE )/VC,45.81382,3.16094,11,2,2
202100049946,112Â 469,A01,1,1,1,0,8,-1,-1,0,0,-1,2021,34.0,3,2,6,0,1,0,1,,4,,0,,2,2,0,1,(1),(1),1,, -1,1,0,4,50,27,2,2021,21:10,5,30,30012,2,1,0,6,702 Avenue Jean Moulin,43.892001,4.68444,21,1,1
202100040555,129Â 121,B01,1,1,2,1,1,-1,-1,0,0,-1,2021,35.0,1,2,0,2,3,1,1,,3,579,0,,2,2,0,1,6,300,1,, -1,1,0,1,80,11,5,2021,12:45,1,14,14578,1,9,0,1,D579,49.369462,0.204822,12,3,2
202100053330,106Â 394,A01,1,1,1,5,1,0,-1,-1, -1,-1,2021,21.0,2,2,0,2,2,1,1,,3,TUNIS (RUE DE),0,,2,2,0,1,85,415,1,, -1,1,0,1,50,28,1,2021,16:50,1,62,62193,2,1,0,5,TUNIS (RUE DE),50.94338,1.83835,16,4,4
202100033119,142Â 556,B01,1,1,1,5,2,9,-1,0,0,-1,2021,71.0,3,1,0,2,4,2,5,,3,53,-1,,2,2,0,4,(1),(1),2,, -1,1,2,1,80,22,6,2021,11:45,1,49,49030,1,1,0,2,Route de LonguÃ© RD 53,47.382304,-0.085477,11,2,2
202100015483,174Â 028,A01,10,3,2,5,0,-1,-1,5, -1,-1,2021,22.0,1,1,0,1,0,25,1,,4,JULES COURMONT                      (QU),0,,1,1,1,2,(1),(1),1,, -1,1,0,4,50,30,9,2021,19:30,2,69,69382,2,1,0,6,JULES COURMONT (Q),45.7580123363,4.8368420125,19,2,1
202100010088,183Â 670,A01,10,3,1,0,0,-1,-1,2,3,1,2021,78.0,1,2,0,1,3,1,1,,3,980,-1,,3,2,0,1,58,650,1,, -1,1,0,1,50,25,10,2021,09:35,1,21,21425,2,1,1,6,Route dÃ©partementale 980,47.626883,4.338757,9,2,1
202100041380,127Â 642,A01,1,1,1,4,1,-1,-1,0,0,-1,2021,20.0,2,2,13,0,2,1,1,,3,45,0,,2,2,0,1,16,500,1,, -1,2,0,3,80,6,5,2021,09:00,1,1,1065,1,9,1,6,dÃ©partementale 45,46.207636,5.141945,9,1,1
202100013009,178Â 494,A01,2,2,2,5,1,0,-1,-1, -1,-1,2021,59.0,1,2,0,2,8,14,1,,1,AUTOROUTE A6A,0,,3,6,0,1,7,99,1,, -1,1,2,1,110,16,10,2021,06:30,3,94,94034,1,1,0,3,AUTOROUTE A6A,48.75631,2.33422,6,2,1
202100039382,131Â 208,B01,1,1,1,5,2,6,9,0,0,-1,2021,41.0,2,1,0,2,1,1,5,,3,109e5,0,D,2,2,0,1,22,805,3,, -1,1,0,1,30,20,5,2021,07:30,1,33,33060,1,4,0,1,Le Sourd-est,44.562661,-0.342663,7,2,2
202100007667,188Â 045,A01,1,1,2,1,2,8,-1,0,0,-1,2021,52.0,1,1,0,0,8,1,1,,4,RUE DU LOUVRE,0,,1,3,3,1,(1),(1),1,, -1,2,0,1,30,17,11,2021,08:50,1,75,75102,2,2,1,7,RUE DU LOUVRE,48.866749,2.343829,8,1,1
202100055390,102Â 837,B01,1,1,1,5,2,6,-1,0,0,-1,2021,68.0,2,1,0,2,1,17,1,,3,774,0,D,2,2,0,1,1,242,1,, -1,2,0,1,80,12,1,2021,16:00,1,44,44072,1,2,0,3,LA VILLE EN BOIS,47.490605,-2.297484,16,2,2
202100000100,201Â 572,A01,10,3,2,9,0,-1,-1,5,2,1,2021,70.0,1,2,0,1,1,2,1,,3,SAINT DENIS (RUE DE),0,,2,2,0,1,0,1,1,, -1,1,0,4,50,19,12,2021,11:30,1,93,93001,2,1,0,6,SAINT DENIS (RUE DE),48.9201788318,2.377595678,11,3,1
202100012654,179Â 095,A01,2,2,1,5,2,-1,-1,-1, -1,-1,2021,31.0,0,1,11,0,1,1,1,,4,AVE DE MAGUDAS,0,,2,4,1,1,(1),(1),1,, -1,1,0,1,50,17,10,2021,07:05,5,33,33281,2,1,0,7,AVE DE MAGUDAS,44.85875,-0.67338,7,2,1
202100034131,140Â 757,A01,10,3,2,3,0,-1,-1,2,9,1,2021,58.0,3,2,0,2,1,1,1,,6,,0,,-1,-1,0,1,0,0,1,, -1,1,0,1,20,16,6,2021,15:30,1,92,92036,2,1,0,6,GENEAL DE GAULLE (AVENUE) (1/41),48.934335,2.317671,15,2,1
202100006458,190Â 252,A01,1,1,1,9,8,0,-1,0,0,-1,2021,41.0,2,1,12,0,3,13,5,,4,BOULEVARD RASPAIL,0,,1,2,3,1,(1),(1),1,, -1,1,0,1,30,24,11,2021,22:15,5,75,75106,2,4,0,6,BOULEVARD RASPAIL,48.842413,2.329555,22,1,1
202100009200,185Â 264,B01,1,1,1,1,8,0,-1,-1, -1,-1,2021,18.0,0,1,0,2,1,1,1,,4,FLAMBOYANTS (RUE DES),0,,2,1,0,1,(1),(1),1,, -1,1,0,1,50,4,11,2021,18:33,2,973,97302,2,9,0,3,FLAMBOYANTS (RUE DES),4.9229294373,-52.3207787276,18,3,2
202100037488,134Â 662,A01,1,1,1,5,2,6,9,0,0,-1,2021,48.0,2,1,0,2,1,13,1,,3,142,-1,,2,2,0,2,10,700,3,, -1,9,0,1,90,29,5,2021,12:05,1,34,34132,1,1,0,3,RD 142 PR 10+700,43.807759,3.247919,12,2,2
202100040636,128Â 975,A01,10,3,1,0,0,-1,-1,1,5,2,2021,9.0,3,2,0,1,3,1,0,,4,LOUIS SAILLANT (RUE),0,,-1,2,0,1,0,0,1,, -1,1,0,1,30,9,5,2021,13:00,1,93,93005,2,1,0,6,Rue Louis Saillant,48.95279,2.476538,13,3,1
202100001031,199Â 924,A01,10,3,1,3,0,-1,-1,3,3,1,2021,24.0,3,2,0,1,2,9,1,,4,KERMENGUY,0,,-1,2,0,1,(1),(1),1,, -1,2,0,1,50,7,12,2021,18:53,5,29,29019,2,1,1,6,Rue de Kermenguy,48.404331,-4.500063,18,2,1
202100038191,133Â 380,B01,2,2,2,5,1,-1,-1,-1,0,-1,2021,75.0,2,2,0,2,8,1,1,,4,KERGUERES (Route de),0,,2,2,0,2,(1),(1),2,, -1,1,0,1,70,25,5,2021,12:30,1,29,29039,1,1,0,1,Route de KerguÃ©res,47.8988970373,-3.9382517338,12,3,2
202100026097,155Â 043,A01,2,2,1,0,1,0,-1,-1, -1,-1,2021,49.0,2,2,4,2,8,2,1,,1,6A,0,,3,-1,0,2,8,800,1,, -1,1,0,1,110,31,7,2021,13:40,1,91,91689,1,1,0,3,AUTOROUTE A6A,48.743481,2.321666,13,4,2
202100045788,119Â 904,A01,1,1,1,9,2,6,-1,0,0,-1,2021,61.0,3,1,0,2,2,1,1,,4,AVENUE DE FLANDRE,0,,3,4,3,1,(1),(1),1,, -1,1,0,1,50,31,3,2021,12:30,1,75,75119,2,2,0,3,AVENUE DE FLANDRE,48.890578,2.37686,12,2,2
202100003955,194Â 680,A01,2,2,2,5,1,0,-1,-1, -1,-1,2021,75.0,2,2,0,2,1,13,1,,2,RN 141,0,,2,2,0,1,110,800,1,, -1,1,0,1,90,24,7,2021,15:45,1,16,16102,1,1,0,1,RN 141,45.69537,-0.350914,15,4,2
202100016086,172Â 892,B01,1,1,2,0,1,0,-1,-1, -1,-1,2021,30.0,1,2,0,2,6,0,1,,4,RUE DE LA MONTAGNE,0,,1,0,0,1,0,0,1,, -1,2,0,1,50,29,9,2021,08:38,1,91,91161,2,6,1,3,RUE DE LA MONTAGNE,48.69645,2.30677,8,2,2
202100041308,127Â 770,A01,1,1,1,4,2,6,-1,0,0,-1,2021,28.0,3,1,0,2,8,18,1,,4,ECHANGEUR BERCY,0,,1,1,0,1,(1),(1),2,, -1,1,0,1,50,5,5,2021,14:40,1,75,75112,2,4,0,3,ECHANGEUR BERCY,48.827816,2.394984,14,2,2
202100045789,119Â 903,B01,1,1,1,9,2,6,-1,0,0,-1,2021,31.0,1,1,0,2,2,17,1,,4,AVENUE DE LA PORTE DE CLIGNANCOURT,0,,2,6,0,1,(1),(1),1,, -1,1,0,1,50,30,3,2021,21:15,5,75,75118,2,2,0,3,AVENUE DE LA PORTE DE CLIGNANCOURT,48.89934,2.344169,21,4,2
202100002789,196Â 782,B01,1,1,1,5,2,0,-1,0,0,-1,2021,29.0,2,1,0,2,1,1,1,,4,ALLEE DE LA REINE MARGUERITE,0,,2,2,0,1,(1),(1),1,, -1,1,0,1,50,15,12,2021,20:15,5,75,75116,2,2,0,3,ALLEE DE LA REINE MARGUERITE,48.858566,2.244879,20,2,2
202100015903,173Â 246,A01,1,1,1,5,1,0,-1,0,0,-1,2021,26.0,1,2,9,0,1,1,1,,4,EUROPE (BOULEVARD DE L'),0,,1,2,0,1,(1),(1),3,, -1,1,0,1,50,1,10,2021,02:10,5,54,54547,2,6,0,6,EUROPE (BOULEVARD DE L'),48.6626317228,6.1727575431,2,2,1
202100036723,136Â 069,B01,1,1,2,0,1,-1,-1,0,0,-1,2021,43.0,1,2,0,2,1,1,1,,3,54,-1,B,2,2,0,1,(1),(1),4,, -1,2,0,1,50,2,6,2021,16:45,1,38,38348,2,1,1,1,366 Route de Montceau,45.58435,5.330831,16,5,2
202100028828,150Â 192,A01,1,1,2,5,1,8,-1,-1, -1,-1,2021,37.0,1,2,0,2,1,1,1,,7,JEAN PERROT (AVENUE),0,,3,2,3,1,1,500,1,, -1,2,0,1,50,15,7,2021,02:10,5,38,38185,2,2,1,3,Avenue Jean Perrot,45.18063,5.73498,2,5,2
202100019279,167Â 174,A01,1,1,2,0,1,-1,-1,0,0,-1,2021,28.0,1,2,2,0,1,1,1,,2,1,-1,,3,2,0,1,57,100,2,, -1,1,0,8,60,13,9,2021,10:35,1,987,98747,1,1,0,1,PK 57+100 - RT 1,-17.7648,-149.213089,10,2,1
202100048585,114Â 911,A01,10,3,2,1,0,-1,-1,3,3,1,2021,34.0,1,2,0,1,2,1,1,,4,Rue Boieldieu,0,,1,1,0,1,1,0,2,, -1,1,0,1,50,10,3,2021,08:40,1,94,94079,2,1,0,6,BOIELDIEU (AV),48.826412,2.541612,8,2,1
202100045991,119Â 549,A01,1,1,1,0,1,0,-1,-1, -1,-1,2021,33.0,0,5,0,2,1,0,0,,4,FRANCOIS DE PAULE (R),0,,2,2,0,1,0,0,1,, -1,1,0,1,50,29,3,2021,10:20,1,94,94055,2,3,0,3,FRANCOIS DE PAULE (R),48.78804,2.53976,10,2,2
202100020270,165Â 402,B01,1,1,1,0,1,0,-1,0,0,-1,2021,89.0,2,2,0,2,3,16,1,,7,,0,,2,3,3,1,(1),(1),1,, -1,1,0,1,50,3,9,2021,11:45,1,63,63019,2,3,0,3,M769 Gagarine /curie M54b,45.79169,3.16524,11,2,2
202100048497,115Â 073,B01,1,1,2,9,1,0,-1,-1, -1,-1,2021,31.0,2,2,0,2,3,2,1,,1,AUTOROUTE A3,0,,3,6,0,1,10,600,1,, -1,1,0,1,90,11,3,2021,20:30,4,93,93005,1,1,0,2,AUTOROUTE A3,48.92787,2.48148,20,2,2
202100056513,100Â 889,A01,1,1,1,5,1,-1,-1,0,0,-1,2021,20.0,2,2,13,2,1,2,1,,1,89,-1,,3,4,3,1,538,800,1,, -1,2,0,3,110,1,1,2021,11:20,1,69,69112,1,1,0,2,A89 (PK 538.800),45.8199351156,4.6939644814,11,2,2
202100018358,168Â 811,A01,1,1,1,1,2,8,-1,-1, -1,-1,2021,16.0,3,1,12,0,7,1,1,,4,MAGINOT (AV. ANDRE),0,,2,2,0,1,(1),(1),1,, -1,1,0,1,50,16,9,2021,05:55,5,37,37261,2,1,0,7,MAGINOT (AV. ANDRE),47.43595,0.70862,5,1,1