Num_Acc,id_vehicule,num_veh,place,catu,sexe,trajet,secu1,secu2,secu3,locp,actp,etatp,year_acc,victim_age,senc,catv,obs,obsm,choc,manv,motor,occutc,catr,voie,v1,v2,circ,nbv,vosp,prof,pr,pr1,plan,lartpc,larrout,surf,infra,situ,vma,jour,mois,an,hrmn,lum,dep,com,agg_,int,atm,col,adr,lat,long,hour,nb_victim,nb_vehicules
202100039109,131Â 723,A01,10,3,1,2,0,-1,-1,2,4,1,2021,7.0,2,2,0,1,1,1,1,,4,VOLCLAIR (BD LOUIS),0,,3,4,2,1,(1),(1),1,, -1,1,0,1,50,20,5,2021,12:10,1,35,35238,2,1,0,6,VOLCLAIR (BD LOUIS),48.08824,-1.66184,12,2,1
202100021528,163Â 161,A01,1,1,1,5,2,6,-1,0,0,-1,2021,16.0,1,1,0,2,1,17,1,,3,9,-1,D,2,2,0,1,6,522,1,, -1,1,5,1,50,2,9,2021,14:50,1,6,6090,2,3,0,2,320 Avenue de Cannes,43.590944,6.933505,14,2,2
202100027585,152Â 417,B01,1,1,1,5,2,0,-1,-1, -1,-1,2021,60.0,3,1,0,2,1,0,1,,3,REPUBLIQUE (AVENUE DE LA),0,,2,-1,3,1,1,0,1,, -1,1,0,1,50,22,7,2021,21:25,2,93,93064,2,1,0,1,REPUBLIQUE (AVENUE DE LA),48.86972,2.48531,21,2,2
202100010897,182Â 248,B01,1,1,2,1,1,-1,-1,-1, -1,-1,2021,31.0,3,2,0,2,1,1,1,,4,REMOULEURS (RUE DES),0,,2,2,0,1,(1),(1),1,, -1,1,0,1,50,26,10,2021,10:25,1,51,51172,2,2,0,3,Rue des Remouleurs,49.2156001407,4.0639586104,10,2,2
202100018200,169Â 077,B01,2,2,2,0,1,0,-1,-1, -1,-1,2021,20.0,2,2,0,2,1,1,1,,1,A55-Sens Martigues vers Marseille,0,,1,1,0,3,3,65,1,, -1,1,0,1,50,18,9,2021,15:00,1,13,13215,1,1,0,2,A55-Sens Martigues vers Marseille,43.3629,5.3411,15,3,2
202100010643,182Â 714,B01,2,2,1,5,1,-1,-1,0,0,-1,2021,43.0,0,2,0,2,1,1,1,,7,531,0,D,-1,2,0,1,(1),(1),1,,4,1,0,1,50,24,9,2021,23:37,5,38,38474,2,2,0,1,Rue de l ArgentiÃ¨re,45.205611,5.682426,23,3,2
202100030657,146Â 956,B01,1,1,2,5,1,-1,-1,0,0,-1,2021,28.0,1,2,0,2,8,1,1,,1,8,0,A,1,5,0,2,15,79,1,, -1,1,0,1,110,2,7,2021,18:05,1,13,13001,1,1,0,3,autoroute A8 point kilomÃ©trique 15+790 sens nord/sud,43.527673,5.400295,18,2,2
202100028905,150Â 060,A01,1,1,1,1,8,-1,-1,0,0,-1,2021,24.0,3,2,0,0,8,19,1,,3,888,0,,2,2,0,1,60,700,1,, -1,1,5,1,90,16,7,2021,15:03,1,12,12043,1,2,0,3,D888,44.285622,2.518838,15,2,2
202100014359,176Â 044,B01,1,1,1,1,2,8,-1,-1, -1,-1,2021,27.0,3,1,0,2,8,15,5,,4,BONDUES RUE DE,0,,2,2,0,1,(1),(1),2,, -1,1,0,1,50,8,10,2021,09:20,1,59,59636,2,3,0,3,BONDUES RUE DE,50.6874786876,3.0612813571,9,2,2
202100051773,109Â 156,B01,1,1,1,0,1,0,-1,-1, -1,-1,2021,23.0,1,2,0,2,4,23,1,,3,ENTRE DEUX (CHEMIN) CD26,0,,2,2,0,1,(1),(1),1,, -1,1,0,1,70,11,2,2021,14:10,1,974,97416,1,1,1,4,ENTRE DEUX (CHEMIN) CD26,-21.30258,55.43151,14,3,3
202100007495,188Â 359,A01,1,1,1,5,2,6,-1,0,0,-1,2021,25.0,2,1,15,0,1,15,1,,3,770,-1,D,2,2,0,1,12,100,2,, -1,1,0,1,80,19,11,2021,16:50,1,29,29106,1,1,0,6,D770 - Ty Feunteun,48.116976,-4.072763,16,1,1
202100035890,137Â 535,A01,1,1,1,0,8,0,-1,-1, -1,-1,2021,17.0,0,1,0,2,1,5,3,,4,SAINT-ASSISCLE (BOULEVARD DE),0,,1,1,0,1,0,0,2,, -1,1,0,1,30,6,6,2021,21:03,2,66,66136,2,6,0,1,SAINT-ASSISCLE (BOULEVARD DE),42.69257,2.87962,21,2,2
202100051171,110Â 208,A01,1,1,1,4,2,-1,-1,-1, -1,-1,2021,23.0,1,1,0,2,1,1,3,,4,RUE VILLEDIEU,0,,1,1,0,1,(1),(1),1,, -1,1,0,1,50,17,2,2021,20:05,5,33,33063,2,2,0,3,Rue Villedieu,44.83107,-0.57518,20,2,2
202100046547,118Â 577,A01,10,3,2,5,0,-1,-1,1,3,2,2021,8.0,3,5,0,1,3,15,1,,9,MANDARINIERS (AV. DES),0,,-1,1,0,4,(1),(1),2,, -1,1,9,1,50,26,3,2021,17:00,1,6,6088,2,1,0,6,MANDARINIERS (AV. DES),43.67975,7.22133,17,2,1
202100046340,118Â 940,B01,1,1,1,5,1,0,-1,-1, -1,-1,2021,40.0,3,2,0,2,8,15,1,,4,CROIX VERTE (RUE DE LA),0,,2,2,0,1,(1),(1),1,, -1,1,0,1,50,27,3,2021,12:50,1,78,78440,2,3,0,3,CROIX VERTE (RUE DE LA),48.98795,1.92544,12,3,2
202100005159,192Â 555,B01,1,1,1,5,2,-1,-1,0,0,-1,2021,19.0,2,1,0,2,1,1,1,,3,2,0,,2,2,0,1,3,115,1,, -1,1,0,1,80,25,11,2021,18:55,3,45,45020,1,3,0,1,D2-PR3+115,47.843358,1.666164,18,2,2
202100037807,134Â 077,B01,1,1,1,5,8,-1,-1,0,0,-1,2021,73.0,1,1,0,2,1,1,5,,3,COTE DE NACRE(AVENUE),0,,2,4,0,1,1,0,1,, -1,1,0,1,50,26,5,2021,16:15,1,14,14118,2,3,0,3,D7,49.20601,-0.361628,16,2,2
202100009320,185Â 044,A01,1,1,1,5,2,6,-1,-1, -1,-1,2021,25.0,1,1,0,2,1,1,1,,3,129,0,,2,2,0,1,0,1,1,, -1,1,0,1,50,5,11,2021,21:05,5,92,92020,2,2,0,3,BROSSOLETTE RUE PIERRE AUTRES NÂ°,48.7997701486,2.2856658697,21,2,2
202100040115,129Â 894,A01,1,1,1,5,2,-1,-1,0,0,-1,2021,67.0,1,1,13,0,1,0,1,,2,1,0,A,2,2,0,2,163,800,2,, -1,1,0,3,110,13,5,2021,10:15,1,988,98803,1,1,0,6,col de trazegnies,-21.585865,165.505621,10,1,1
202100015587,173Â 820,A01,1,1,1,0,0,-1,-1,-1, -1,-1,2021,28.0,1,1,0,2,8,19,3,,4,QUAI DE BACALAN,0,,2,2,0,1,(1),(1),1,, -1,1,0,1,50,2,10,2021,02:00,5,33,33063,2,2,0,3,Quai de Bacalan,44.86005,-0.55406,2,2,2
202100011122,181Â 854,A01,1,1,1,0,2,6,-1,-1, -1,-1,2021,25.0,2,1,0,2,2,15,1,,3,VERDUN (AV DE),0,,2,4,2,1,0,499,1,, -1,2,0,1,50,25,10,2021,20:50,3,94,94046,2,3,0,3,Avenue de Verdun,48.80926,2.45958,20,2,2
202100027005,153Â 447,A01,1,1,1,9,2,-1,-1,0,0,-1,2021,52.0,1,1,9,0,0,1,1,,3,905,0,,3,2,0,1,8,600,2,, -1,1,0,8,50,26,7,2021,14:15,1,21,21425,2,1,0,6,D905,47.624562,4.317976,14,1,1
202100003142,196Â 153,B01,1,1,1,0,1,8,-1,-1, -1,-1,2021,80.0,1,2,0,2,4,2,1,,2,CALIX (VIADUC DE ) CHERBOURG/PARIS,0,,1,4,0,3,3,200,1,, -1,2,0,1,70,11,12,2021,11:45,1,14,14437,2,1,0,4,CALIX (VIADUC DE ) CHERBOURG/PARIS,49.1842,-0.3275,11,3,3
202100036080,137Â 190,B01,1,1,1,0,1,0,-1,-1, -1,-1,2021,36.0,1,2,0,0,0,0,1,,4,FRANÃOISE DUPARC (BOULEVARD),0,,-1,4,0,1,0,0,1,, -1,1,0,1,50,6,6,2021,01:30,5,13,13204,2,9,0,6,FRANÃOISE DUPARC (BOULEVARD),43.30579,5.40099,1,2,2
202100055999,101Â 790,A01,1,1,1,1,1,-1,-1,0,0,-1,2021,23.0,2,2,6,0,1,1,1,,3,28,0,,2,2,0,1,29,300,4,, -1,1,0,1,30,8,1,2021,18:06,5,38,38412,2,1,0,6,Route de Villette,45.399542,5.723888,18,1,1
202100018945,167Â 780,B01,1,1,1,0,8,0,-1,-1, -1,-1,2021,28.0,1,1,8,2,3,1,5,,4,ISLY RUE,0,,2,2,1,1,(1),(1),1,, -1,1,0,1,50,13,9,2021,09:00,1,59,59350,2,3,0,3,ISLY RUE,50.6223455786,3.0362629521,9,2,2
202100043872,123Â 249,A01,10,3,1,5,0,-1,-1,2,3,1,2021,63.0,1,0,0,1,1,15,1,,3,HERSIN (RUE D'),0,,3,1,0,1,25,450,1,, -1,1,0,1,20,14,4,2021,14:30,1,62,62083,2,1,0,6,HERSIN (RUE D'),50.45607,2.627261,14,2,1
202100053730,105Â 698,A01,1,1,2,5,1,0,-1,-1, -1,-1,2021,50.0,3,2,0,2,4,1,1,,4,rue Baudouin IX,0,,2,2,0,1,(1),(1),1,, -1,1,0,1,50,22,1,2021,12:50,1,59,59009,2,1,0,2,BAUDOIN IX RUE,50.6238,3.13542,12,2,2
202100054760,103Â 915,A01,1,1,1,5,2,6,-1,-1, -1,-1,2021,22.0,2,1,0,0,0,26,1,,3,HUIT MAI 1S33 (AVENUE DU),0,,3,4,0,2,4,0,1,, -1,1,0,1,80,16,1,2021,13:40,1,64,64024,2,1,0,7,avenue du 8 mai 1945,43.45567,-1.49486,13,1,1
202100041123,128Â 102,B01,1,1,1,9,2,0,-1,-1, -1,-1,2021,33.0,3,1,0,2,1,1,1,,7,PEYPIN (RUE DE),0,,2,5,0,1,6,100,1,, -1,1,5,1,50,5,5,2021,20:20,1,13,13213,2,2,0,4,ROSE (AVENUE DE LA),43.326448,5.421477,20,3,3
202100004760,193Â 272,B01,1,1,1,0,2,6,-1,-1, -1,-1,2021,22.0,2,1,0,2,1,16,1,,4,ARMORIQUE (BD D'),0,,2,6,0,1,(1),(1),1,, -1,2,5,1,50,3,12,2021,21:00,5,35,35238,2,2,1,1,PATTON (AVENUE DU GENERAL SIR GEORGES),48.12876,-1.66425,21,2,2
202100020921,164Â 259,A01,2,2,1,3,1,-1,-1,0,0,-1,2021,19.0,1,2,2,0,1,0,1,,3,902,0,D,2,2,0,1,8,100,1,, -1,1,0,3,50,4,9,2021,17:05,1,34,34071,2,1,0,6,23 Avenue de la Chapelle,43.802393,3.116085,17,2,1
202100038571,132Â 702,B01,1,1,1,3,1,-1,-1,0,0,-1,2021,76.0,2,2,0,2,3,1,1,,3,332,0,D,2,2,0,2,27,60,2,, -1,2,0,1,50,25,5,2021,16:45,1,60,60066,2,1,1,6,D332,49.2861454401,2.8719447395,16,2,2
202100046038,119Â 467,A01,1,1,1,5,2,-1,-1,0,0,-1,2021,86.0,1,1,0,2,8,19,5,,3,2,-1,,2,2,0,2,46,790,1,, -1,1,5,1,-1,30,3,2021,15:45,1,31,31568,1,2,0,3,croisement CD.2  -  CD.11,43.480079,1.691165,15,2,2
202100056031,101Â 731,A01,1,1,1,1,1,0,-1,-1, -1,-1,2021,20.0,2,2,0,0,7,13,1,,4,SOLIGNAC (RUE DE),0,,2,2,0,2,0,0,2,, -1,1,0,1,50,4,1,2021,19:30,2,87,87085,2,1,0,7,SOLIGNAC (RUE DE),45.8076,1.26393,19,1,1
202100005459,192Â 032,A01,2,2,2,5,1,-1,-1,0,0,-1,2021,70.0,2,2,0,2,3,9,1,,3,56,-1,,4,2,0,2,5,800,4,, -1,2,0,1,50,1,12,2021,15:20,1,62,62557,2,4,0,3,Rue de la Gare,50.321717,2.70128,15,3,2
202100007134,189Â 018,A01,1,1,1,5,1,8,-1,-1, -1,-1,2021,15.0,1,2,1,0,2,1,3,,4,RUISSEAU DES NOIRS (RUE),0,,1,1,0,1,0,0,1,, -1,1,0,1,30,14,11,2021,13:00,1,974,97411,2,1,0,3,RUISSEAU DES NOIRS (RUE),-20.88635,55.45412,13,1,1
202100016659,171Â 850,A01,1,1,1,5,2,6,-1,-1, -1,-1,2021,55.0,2,1,1,0,7,1,1,,4,Corniche John FitzgÃ©rald Kennedy,0,,2,3,0,2,0,0,2,, -1,2,0,1,50,25,9,2021,23:00,5,13,13207,2,1,1,5,Corniche John FitzgÃ©rald Kennedy,43.268,5.369,23,1,1
202100036235,136Â 914,B01,1,1,1,5,2,8,-1,-1, -1,-1,2021,16.0,3,1,0,2,1,0,1,,7,NATIONS UNIES (AVENUE DES),0,,3,2,0,1,(1),(1),1,, -1,1,0,1,50,5,6,2021,17:05,1,59,59512,2,1,0,3,NATIONS UNIES (AVENUE DES),50.6939912215,3.1758498064,17,2,2
202100007807,187Â 792,A01,10,3,1,5,0,-1,-1,4,3,1,2021,59.0,1,2,0,1,2,1,1,,4,PARIS ( RUE DE ),0,,2,2,0,1,0,0,1,, -1,1,9,1,30,15,11,2021,06:30,5,53,53130,2,1,0,6,PARIS ( RUE DE ),48.07117,-0.76535,6,2,1
202100031978,144Â 584,B01,1,1,1,5,8,0,-1,-1, -1,-1,2021,32.0,1,0,0,2,4,2,3,,4,AV JEAN RIEUX,0,,-1,2,0,1,(1),(1),1,, -1,2,0,1,50,27,6,2021,22:15,5,31,31555,2,1,1,2,AV JEAN RIEUX,43.58532,1.47588,22,2,2
202100002575,197Â 181,A01,10,3,1,9,0,-1,-1,1,A,1,2021,43.0,1,2,1,1,5,26,1,,4,ALFRED DE MUSSET                    (R ),0,,2,2,0,2,(1),(1),1,, -1,2,0,1,50,16,12,2021,08:40,1,69,69383,2,1,1,6,ALFRED DE MUSSET (R),45.74703,4.89211,8,2,1
202100025052,156Â 877,A01,1,1,1,5,2,6,9,0,0,-1,2021,39.0,1,1,0,2,1,16,1,,3,5,0,,2,2,0,2,3,100,3,, -1,1,0,1,70,8,8,2021,15:30,1,90,90093,1,6,0,3,D5,47.686196,6.844241,15,2,2
202100006299,190Â 536,B01,3,2,2,9,1,0,-1,0,0,-1,2021,22.0,3,2,8,2,3,1,1,,4,PLACE DE LA CONCORDE,0,,1,3,0,1,(1),(1),1,, -1,1,0,1,50,25,11,2021,01:10,5,75,75108,2,7,0,3,PLACE DE LA CONCORDE,48.864078,2.320123,1,4,2
202100014438,175Â 890,A01,10,3,1,3,0,-1,-1,3,3,2,2021,63.0,1,2,0,1,1,1,1,,4,GENERAL LECLERC (PLACE DU),0,,1,1,0,1,1,0,2,, -1,1,0,1,50,8,10,2021,12:35,1,93,93005,2,6,0,6,GENERAL LECLERC (PLACE DU),48.9276074428,2.4904458984,12,2,1
202100036704,136Â 101,A01,1,1,1,0,2,6,-1,0,0,-1,2021,18.0,3,1,0,2,1,19,1,,3,4,-1,,2,1,0,1,33,300,1,,3,1,0,1,80,4,6,2021,14:00,1,28,28087,1,3,0,1,Herville,48.709484,1.253654,14,2,2
202100015781,173Â 461,A01,10,3,2,9,0,-1,-1,3,3,1,2021,55.0,2,2,0,1,4,4,1,,4,,0,,1,1,0,1,0,0,1,, -1,1,0,1,30,30,9,2021,19:30,1,92,92024,2,2,0,6,GASTON PAYMAL (RUE) DE (1A 3)   (2   4),48.9030952134,2.3093777423,19,2,1
202100011868,180Â 506,A01,1,1,1,4,2,0,-1,-1, -1,-1,2021,22.0,1,1,0,2,7,1,1,,4,POUSSIN (RUE),0,,1,1,0,1,0,0,1,, -1,2,0,1,50,21,10,2021,14:50,1,93,93077,2,2,1,6,POUSSIN (RUE),48.88617,2.50698,14,1,1
202100027330,152Â 870,B01,1,1,1,0,8,0,-1,-1, -1,-1,2021,15.0,3,1,0,2,8,2,5,,4,,0,,-1,0,0,1,0,0,1,, -1,1,0,1,50,22,7,2021,22:20,5,91,91570,2,1,0,3,POTAGERS (RUE DES),48.64278,2.30806,22,2,2
202100010981,182Â 098,A01,1,1,1,0,8,-1,-1,0,0,-1,2021,58.0,1,2,13,0,2,1,1,,3,105,0,D,2,2,0,1,14,500,1,, -1,1,0,3,-1,26,10,2021,20:00,3,72,72282,1,1,0,6,Lieu-dit l'Aumone,48.300939,-0.104145,20,1,1
202100045491,120Â 422,B01,1,1,1,0,2,-1,-1,0,0,-1,2021,32.0,2,1,0,2,8,17,1,,3,986,0,L,2,2,0,1,1,350,1,, -1,1,0,1,80,3,4,2021,10:15,1,30,30317,1,2,0,3,RD 986L,43.92309,4.562888,10,2,2
202100049245,113Â 732,B01,1,1,1,4,8,0,-1,-1, -1,-1,2021,27.0,3,0,0,2,1,0,3,,4,RIHOUR PLACE,0,,1,1,1,1,(1),(1),1,, -1,1,0,8,30,27,2,2021,16:00,1,59,59350,2,7,0,3,RIHOUR PLACE,50.63521,3.06201,16,2,2
202100045023,121Â 248,B01,2,2,1,5,2,6,-1,-1, -1,-1,2021,8.0,1,1,0,2,1,1,1,,4,GREUZE    (Rue),0,,1,1,0,1,(1),(1),1,, -1,1,0,1,50,5,4,2021,14:01,1,69,69266,2,9,0,3,GREUZE (R),45.76785,4.89358,14,4,2
202100048599,114Â 890,A01,10,3,2,0,0,-1,-1,1,3,1,2021,20.0,2,5,0,1,1,1,1,,2,4,0,N,3,2,0,1,83,580,1,, -1,2,0,5,50,11,3,2021,17:45,2,51,51649,2,1,0,6,Avenue de Paris,48.727365,4.580494,17,2,1
202100024142,158Â 505,A01,2,2,2,0,1,0,-1,-1, -1,-1,2021,26.0,1,2,0,2,1,9,1,,3,MEDIEVALE -VOIE-,0,,2,2,0,1,11,0,2,, -1,1,0,1,80,14,8,2021,13:15,1,11,11069,1,4,0,1,MEDIEVALE -VOIE-,43.20324,2.37405,13,3,2
202100007218,188Â 855,B01,1,1,2,0,1,0,-1,-1, -1,-1,2021,29.0,1,2,0,2,4,23,1,,7,REPUBLIQUE AV DE LA (NÂ°834-920),0,,1,1,0,1,(1),(1),1,, -1,1,9,1,50,18,11,2021,07:42,2,59,59378,2,1,0,4,REPUBLIQUE AV DE LA (NÂ°834-920),50.66021,3.09408,7,4,4
202100032216,144Â 177,C01,1,1,1,0,1,-1,-1,0,0,-1,2021,20.0,2,2,0,0,8,1,1,,3,,-1,,2,2,0,1,6,900,1,,3,1,0,1,80,27,6,2021,12:15,1,69,69206,1,2,0,5,D20,46.051046,4.68186,12,4,3
202100043913,123Â 175,A01,1,1,1,5,2,0,-1,0,0,-1,2021,29.0,1,1,0,2,4,23,1,,4,AVENUE DES GOBELINS,0,,2,4,0,2,(1),(1),1,, -1,1,0,1,50,14,4,2021,22:20,5,75,75113,2,3,0,2,AVENUE DES GOBELINS,48.832856,2.354637,22,2,2
202100046387,118Â 854,A01,10,3,2,5,0,-1,-1,2,3,1,2021,37.0,1,1,0,1,1,1,5,,4,RUE VIVIENNE,0,,2,2,1,1,(1),(1),1,, -1,1,-1,5,30,25,3,2021,11:15,1,75,75102,2,3,0,6,RUE VIVIENNE,48.869353,2.340331,11,2,1
202100021191,163Â 784,C01,1,1,2,0,1,0,-1,-1, -1,-1,2021,23.0,1,2,0,2,1,2,1,,1,A7-Sens Lyon vers Marseille,0,,1,3,0,1,275,0,1,, -1,1,1,1,90,3,9,2021,13:50,5,13,13215,1,1,0,2,A7-Sens Lyon vers Marseille,43.36798,5.36081,13,5,5
202100050799,110Â 879,B01,1,1,1,5,2,6,-1,0,0,-1,2021,15.0,3,1,0,2,3,1,1,,4,,-1,,2,2,0,1,(1),(1),1,, -1,1,0,1,30,20,2,2021,17:00,1,67,67281,2,1,0,1,10 Rue du Lavoir,48.16747,7.548633,17,2,2
202100015705,173Â 599,A01,1,1,1,4,2,6,-1,0,0,-1,2021,54.0,2,1,0,2,2,1,1,,3,918,0,,2,2,0,2,65,890,1,, -1,1,0,1,80,1,10,2021,14:40,1,65,65123,1,1,0,3,Quartier Espiadet Payolle,42.94375,0.286868,14,2,2
202100050123,112Â 138,A01,2,2,1,5,1,-1,-1,0,0,-1,2021,24.0,3,2,0,0,9,1,1,,9,,-1,,-1,1,0,2,(1),(1),1,, -1,1,0,8,-1,25,2,2021,16:00,1,13,13060,1,1,0,7,chemin de la guiramande - chemin DFCI,43.489249,5.468037,16,2,1
202100006350,190Â 446,A01,1,1,1,1,2,6,9,0,0,-1,2021,24.0,1,1,0,0,0,1,1,,2,113,0,N,2,1,0,1,19,200,2,, -1,1,0,1,-1,26,11,2021,17:00,3,34,34327,1,1,0,7,N113,43.653941,3.983952,17,1,1
202100032902,142Â 951,B01,1,1,1,1,2,6,-1,0,0,-1,2021,47.0,1,1,0,2,3,1,1,,4,RUE DE L AMIRAL ROUSSIN,0,,1,1,0,1,(1),(1),1,, -1,1,0,1,50,22,6,2021,19:50,2,75,75115,2,1,0,3,RUE DE L AMIRAL ROUSSIN,48.841833,2.300739,19,2,2
202100033266,142Â 310,A01,2,2,2,5,1,-1,-1,0,0,-1,2021,46.0,1,2,0,2,3,1,1,,3,127,0,D,2,2,0,1,19,800,1,, -1,1,0,1,80,11,6,2021,22:30,3,17,17347,1,2,0,3,Intersection D 127 / rue de pelouaille,45.956013,-0.503161,22,4,2
202100031559,145Â 344,B01,1,1,2,5,1,0,-1,-1, -1,-1,2021,31.0,3,2,0,0,1,24,1,,4,AMPERE (RUE ),0,,2,4,1,1,(1),(1),1,, -1,1,0,4,30,3,6,2021,11:15,1,38,38185,2,1,0,1,Rue AmpÃ¨re,45.18595,5.70583,11,3,2
202100012144,180Â 009,A01,10,3,2,5,0,-1,-1,4,5,2,2021,6.0,1,0,0,1,1,1,3,,4,BOULEVARD DE ROCHECHOUART,0,,3,2,1,1,(1),(1),1,, -1,1,0,5,30,18,10,2021,18:25,5,75,75118,2,3,0,6,BOULEVARD DE ROCHECHOUART,48.882547,2.341912,18,2,1
202100036467,136Â 516,A01,1,1,2,4,1,0,-1,0,0,-1,2021,25.0,3,2,0,2,1,2,1,,4,ALLEE DE LA REINE MARGUERITE,0,,2,4,0,1,(1),(1),1,, -1,1,0,1,50,4,6,2021,08:45,1,75,75116,2,1,0,2,ALLEE DE LA REINE MARGUERITE,48.860137,2.245921,8,2,2
202100053256,106Â 536,A01,1,1,1,1,2,8,-1,-1, -1,-1,2021,25.0,1,1,0,2,1,21,1,,4,ALMA (AV DE L),0,,2,3,0,1,0,0,2,, -1,2,0,1,50,28,1,2021,07:25,5,94,94068,2,1,1,6,Avenue de lâAlma,48.788419,2.495272,7,4,3
202100037600,134Â 452,A01,1,1,2,0,1,0,-1,0,0,-1,2021,45.0,1,2,6,0,2,14,1,,3,Route de PLASCASSIER,0,,-1,2,0,1,19,99,1,, -1,1,0,2,50,29,5,2021,06:40,1,6,6069,1,1,0,7,Route de PLASCASSIER,43.652448,6.951861,6,1,1
202100043668,123Â 619,A01,1,1,1,0,1,-1,-1,0,0,-1,2021,43.0,2,2,2,0,1,1,1,,3,178,-1,,2,2,0,1,30,800,2,, -1,1,0,3,80,17,4,2021,21:22,3,44,44077,1,1,0,6,Le Marais,47.533407,-1.398445,21,1,1
202100023189,160Â 167,A01,1,1,1,0,2,6,-1,0,0,-1,2021,30.0,1,1,0,2,1,17,1,,2,113,0,,3,3,3,1,(1),(1),2,, -1,1,0,1,80,22,8,2021,19:10,1,30,30083,1,9,0,2,N113,43.728099,4.222109,19,3,2
202100043781,123Â 427,A01,2,2,2,5,1,5,-1,-1, -1,-1,2021,31.0,1,2,16,0,9,1,1,,7,ROUTE NATIONALE 113 - LA GARE,0,,1,1,0,3,1,233,2,, -1,2,0,3,80,16,4,2021,20:40,3,13,13117,2,1,1,7,ROUTE NATIONALE 113 - LA GARE,43.44513,5.23931,20,2,1
202100028739,150Â 355,A01,1,1,1,5,2,6,-1,0,0,-1,2021,57.0,3,6,13,0,1,0,1,,4,,-1,,2,2,0,1,(1),(1),1,, -1,1,0,3,50,16,7,2021,19:35,1,18,18141,1,1,0,6,lieu dit La Petite VallÃ©e,47.147714,2.246307,19,2,1
202100045700,120Â 054,B01,2,2,2,5,1,-1,-1,0,0,-1,2021,28.0,2,2,0,2,4,15,1,,3,1508,-1,,2,2,0,1,4,450,1,, -1,1,0,1,50,29,3,2021,14:51,1,73,73303,2,1,0,2,D1508 Route d'Annecy,45.7496864802,6.4103112984,14,3,2
202100031492,145Â 465,A01,2,2,1,5,8,-1,-1,0,0,-1,2021,22.0,2,2,6,0,9,0,6,,1,A39,-1,,3,4,0,1,120,384,1,, -1,1,2,3,130,2,7,2021,05:00,2,71,71143,1,1,0,6,A39,46.451497,5.288029,5,2,1
202100035896,137Â 524,A01,1,1,1,0,2,0,-1,0,0,-1,2021,16.0,1,1,0,2,1,19,1,,4,MICHELIN (AVENUE EDOUARD),0,,1,2,0,1,(1),(1),1,, -1,1,0,1,50,4,6,2021,15:16,1,63,63113,2,2,0,3,MICHELIN (AVENUE EDOUARD),45.78074,3.10925,15,2,2
202100052557,107Â 777,A01,2,2,1,0,2,6,-1,-1, -1,-1,2021,18.0,2,1,0,2,1,17,1,,4,MAZARGUES (AVENUE DE),0,,2,2,0,1,(1),(1),1,, -1,1,0,1,50,4,2,2021,16:43,1,13,13208,2,3,0,3,MAZARGUES (AVENUE DE),43.26372,5.39247,16,3,2
202100022456,161Â 496,A01,2,2,1,0,8,0,-1,-1, -1,-1,2021,28.0,2,1,0,0,0,1,1,,7,ESTAQUE PLAGE,0,,2,2,0,1,0,0,1,, -1,1,0,3,50,26,8,2021,21:30,5,13,13216,2,6,0,7,ESTAQUE PLAGE,43.36179,5.30299,21,2,1
202100041040,128Â 255,A01,1,1,1,0,2,6,-1,-1, -1,-1,2021,26.0,2,1,0,2,1,2,1,,2,ROUTE NATIONALE 356,0,,3,4,0,1,0,500,2,, -1,1,0,1,90,3,5,2021,15:45,1,59,59350,1,1,0,2,ROUTE NATIONALE 356,50.625297,3.084186,15,2,2
202100052226,108Â 351,A01,1,1,1,5,2,0,-1,-1, -1,-1,2021,32.0,1,1,0,2,1,1,1,,7,PIOLINE (CH DE LA),0,,2,2,0,1,0,90,1,, -1,1,0,1,50,7,2,2021,12:30,1,13,13001,2,1,0,2,PIOLINE (CH DE LA),43.51028,5.40948,12,2,2
202100045979,119Â 566,B01,1,1,2,5,8,0,-1,0,0,-1,2021,47.0,2,1,0,2,3,15,5,,4,RUE DE LA GLACIERE,0,,2,2,0,1,(1),(1),1,, -1,1,0,1,30,30,3,2021,16:45,1,75,75113,2,2,0,3,RUE DE LA GLACIERE,48.834974,2.344993,16,2,2
202100044591,122Â 014,A01,10,3,2,9,0,-1,-1,2,3,2,2021,3.0,2,1,0,1,1,3,1,,4,AVENUE JEAN JAURES,0,,2,2,0,1,(1),(1),1,, -1,1,0,1,50,9,4,2021,14:20,1,75,75119,2,1,0,6,AVENUE JEAN JAURES,48.886827,2.385592,14,3,1
202100029118,149Â 703,B01,1,1,1,4,2,-1,-1,-1, -1,-1,2021,25.0,0,1,0,2,7,1,1,,4,ROYAL (PLACE),0,,1,2,0,1,(1),(1),1,, -1,2,0,1,50,13,7,2021,20:32,5,51,51454,2,3,1,3,Place Royale,49.2553759355,4.0337352455,20,6,2
202100012993,178Â 519,A01,1,1,1,5,1,-1,-1,0,0,-1,2021,61.0,1,5,13,0,3,1,1,,3,177,-1,,2,2,0,1,14,4,1,,"5,5",1,0,4,80,16,10,2021,20:20,3,79,79088,2,1,0,6,16 Route de ClessÃ©,46.794243,-0.35845,20,1,1
202100012267,179Â 797,B01,1,1,1,0,2,6,-1,-1, -1,-1,2021,29.0,2,1,0,2,1,3,1,,3,SAINT LEU (ROUTE),0,,2,2,2,1,0,1,1,, -1,1,0,1,50,19,10,2021,09:37,1,93,93079,2,3,0,3,SAINT LEU (ROUTE),48.9532237186,2.3366170444,9,2,2