Num_Acc,id_vehicule,num_veh,place,catu,sexe,trajet,secu1,secu2,secu3,locp,actp,etatp,year_acc,victim_age,senc,catv,obs,obsm,choc,manv,motor,occutc,catr,voie,v1,v2,circ,nbv,vosp,prof,pr,pr1,plan,lartpc,larrout,surf,infra,situ,vma,jour,mois,an,hrmn,lum,dep,com,agg_,int,atm,col,adr,lat,long,hour,nb_victim,nb_vehicules
202100022235,161Â 899,B01,1,1,1,4,2,6,-1,0,0,-1,2021,24.0,2,1,0,2,8,2,1,,4,DUPONT (RUE),0,,2,2,0,1,(1),(1),1,, -1,1,0,1,50,27,8,2021,20:40,5,65,65440,2,2,0,3,DUPONT (RUE),43.23701,0.08186,20,2,2
202100000232,201Â 312,A01,2,2,2,5,2,6,-1,0,0,-1,2021,24.0,2,1,0,2,1,8,1,,4,CESSOLE (BD DE) (JUSQU'AU NÂ° 93-110),0,,2,3,3,2,(1),(1),1,, -1,1,0,1,50,19,8,2021,18:25,1,6,6088,2,3,0,3,CESSOLE (BD DE) (JUSQU'AU NÂ° 93-110),43.712655,7.255274,18,3,2
202100017529,170Â 288,B01,1,1,1,3,1,-1,-1,0,0,-1,2021,54.0,2,2,0,2,3,1,1,,3,188,-1,,2,2,0,1,12,290,2,,4,1,5,1,80,22,9,2021,16:00,1,71,71007,1,4,0,1,D188,46.5104688514,4.6463396188,16,2,2
202100028146,151Â 393,C01,4,2,2,0,3,8,-1,-1, -1,-1,2021,1.0,1,2,0,2,4,23,1,,4,POILUS (AVENUE DES),0,,2,2,0,1,0,0,1,, -1,1,0,1,50,19,7,2021,15:00,1,13,13212,2,1,0,4,POILUS (AVENUE DES),43.319036005,5.4592958714,15,10,3
202100014016,176Â 647,A01,10,3,1,5,0,-1,-1,4,3,1,2021,35.0,1,1,0,1,1,1,1,,4,BOULEVARD BARBES,0,,2,4,0,1,(1),(1),1,, -1,1,0,1,30,10,10,2021,00:30,5,75,75118,2,2,0,6,BOULEVARD BARBES,48.883834,2.349481,0,2,1
202100019462,166Â 851,A01,10,3,1,5,8,8,-1,9,3,1,2021,22.0,0,2,0,1,2,1,1,,4,BOIS DE NEFLES (RUE DU),0,,1,1,0,1,0,0,1,, -1,1,0,1,30,11,9,2021,18:15,2,974,97411,2,3,0,2,BOIS DE NEFLES (RUE DU),-20.89015,55.4568,18,2,1
202100025636,155Â 862,A01,2,2,1,5,2,6,-1,-1, -1,-1,2021,28.0,2,1,0,2,1,7,1,,3,AV HENRI BARBUSSE,0,,2,4,3,2,1,0,1,, -1,1,0,1,50,4,8,2021,19:20,1,94,94081,2,5,0,3,Avenue Henri Barbusse,48.79297,2.39536,19,5,2
202100050415,111Â 583,B01,1,1,1,5,2,-1,-1,0,0,-1,2021,65.0,2,1,0,2,3,15,5,,3,3,-1,,2,2,0,2,9,120,1,, -1,1,0,1,90,25,2,2021,14:30,1,52,52366,1,3,0,1,D3 PK 9+120,47.91714,5.189506,14,3,2
202100040356,129Â 469,B01,1,1,1,4,1,0,-1,-1, -1,-1,2021,34.0,3,5,0,2,0,0,1,,4,VALDONNE (AVENUE DE),0,,-1,2,0,1,(1),(1),1,, -1,1,0,1,50,11,5,2021,08:30,1,13,13213,2,1,0,2,VALDONNE (AVENUE DE),43.324228,5.415398,8,2,2
202100037552,134Â 538,A01,10,3,2,5,0,-1,-1,3,3,1,2021,21.0,2,2,0,1,1,1,1,,4,JEAN MERMOZ,0,,2,2,0,1,(1),(1),1,, -1,1,0,1,50,29,5,2021,15:10,1,64,64445,2,1,0,6,JEAN MERMOZ,43.3226,-0.37957,15,2,1
202100053452,106Â 173,A01,10,3,1,5,0,-1,-1,2,3,1,2021,85.0,2,5,0,1,2,1,1,,3,31,0,,2,2,0,1,(1),(1),1,, -1,2,0,1,50,26,1,2021,17:55,2,54,54329,2,1,0,6,RUE SAINT MAUR,48.58488,6.48405,17,2,1
202100029080,149Â 767,B01,1,1,1,0,8,0,-1,0, -1,-1,2021,37.0,2,1,0,2,8,1,1,,3,156,0,,3,2,0,1,0,0,1,, -1,2,0,1,50,13,7,2021,21:50,2,91,91377,2,9,1,3,RUE ROBERT SCHUMAN,48.72816,2.25897,21,2,2
202100020711,164Â 609,A01,1,1,1,4,2,6,-1,0,0,-1,2021,44.0,2,1,0,2,1,2,1,,4,BOULEVARD SAINT MICHEL,0,,2,3,0,1,(1),(1),1,, -1,2,0,1,30,5,9,2021,02:20,5,75,75106,2,2,1,2,BOULEVARD SAINT MICHEL,48.843949,2.338969,2,2,2
202100049800,112Â 730,A01,1,1,1,5,1,-1,-1,0,0,-1,2021,40.0,1,2,2,0,3,19,1,,3,36,0,D,2,2,0,1,(1),11,1,, -1,1,5,3,80,26,2,2021,01:54,5,82,82135,1,3,0,6,Route de Villebrumier,43.902666,1.451789,1,1,1
202100047742,116Â 411,A01,4,2,2,0,1,0,-1,-1, -1,-1,2021,11.0,2,2,0,2,4,1,1,,3,,0,,2,2,0,1,0,0,1,, -1,1,0,1,50,7,3,2021,12:34,1,38,38544,2,1,0,2,LAFAYETTE(RUE),45.52729,4.89784,12,6,2
202100024285,158Â 262,A01,1,1,1,1,1,0,-1,-1, -1,-1,2021,21.0,1,2,3,0,1,1,1,,1,VA007547 SOUPETARD A61 Sortie 16,0,,1,6,0,1,232,764,1,, -1,1,3,2,90,11,8,2021,12:46,1,31,31555,2,9,0,6,VA007547 SOUPETARD A61 Sortie 16,43.610337,1.484551,12,1,1
202100013232,178Â 088,B01,1,1,1,5,2,8,-1,-1, -1,-1,2021,70.0,3,1,0,2,8,13,5,,3,D6015,0,,2,2,0,1,65,349,1,, -1,1,0,1,70,14,10,2021,08:35,1,76,76382,1,1,0,3,D6015,49.5879204449,0.5361843109,8,2,2
202100017254,170Â 809,A01,1,1,1,3,1,-1,-1,0,0,-1,2021,80.0,2,2,0,0,8,19,0,,3,105,0,,2,2,0,2,7,900,1,, -1,1,0,1,90,24,9,2021,10:45,1,43,43114,1,3,0,3,D500,45.168858,4.210929,10,2,2
202100015618,173Â 760,B01,1,1,1,9,8,0,-1,-1, -1,-1,2021,59.0,2,1,0,2,1,1,1,,4,RIVE NEUVE (QUAI DE),0,,2,4,0,1,0,0,1,, -1,1,0,1,50,1,10,2021,14:50,1,13,13207,2,1,0,3,RIVE NEUVE (QUAI DE),43.29239,5.36638,14,3,2
202100042998,124Â 815,A01,1,1,1,0,2,8,-1,-1, -1,-1,2021,18.0,1,1,0,2,1,1,1,,3,BADUEL (ROUTE DE),0,,2,2,0,1,1,500,1,, -1,1,0,1,50,20,4,2021,17:45,1,973,97302,2,9,0,3,BADUEL (ROUTE DE),4.9370772318,-52.3156313898,17,2,2
202100006304,190Â 523,A01,10,3,2,2,0,-1,-1,2,3,1,2021,11.0,2,2,1,1,3,1,1,,4,GUIPONS (R DES),0,,1,1,0,1,1,0,1,, -1,2,0,1,50,25,11,2021,17:05,2,94,94076,2,1,1,6,Rue des Guipons,48.80479,2.36214,17,2,1
202100018448,168Â 654,A01,1,1,1,5,0,-1,-1,0,0,-1,2021,53.0,3,1,0,0,0,1,3,,3,,0,,2,1,1,1,(1),(1),1,,"3,5",1,0,1,50,15,9,2021,22:17,5,68,68300,2,1,0,7,Rue de Mulhouse,47.780067,7.365075,22,1,1
202100046936,117Â 878,B01,1,1,1,5,2,0,-1,-1, -1,-1,2021,19.0,2,1,0,2,7,1,1,,4,GARIBALDI (BOULEVARD) NÂ° IMPAIRS,0,,2,4,0,4,(1),(1),1,, -1,1,0,1,50,23,3,2021,18:10,1,13,13201,2,1,0,3,GARIBALDI (BOULEVARD) NÂ° IMPAIRS,43.296879,5.381227,18,3,2
202100048740,114Â 641,A01,1,1,1,0,1,-1,-1,0,0,-1,2021,24.0,1,2,8,0,1,0,1,,3,138,0,,2,2,0,1,6,400,1,, -1,1,0,1,80,9,3,2021,17:40,1,27,27569,1,2,0,6,D138,49.108658,0.519072,17,1,1
202100024729,157Â 440,B01,1,1,2,1,8,-1,-1,0,0,-1,2021,30.0,1,1,0,2,7,26,6,,3,COMMANDEUR (AVENUE DU),0,,2,2,0,1,10,888,1,, -1,1,5,1,50,10,8,2021,17:20,1,65,65100,2,6,0,3,MONTAIGU (RUE DU),43.25828,0.03957,17,2,2
202100030674,146Â 927,B01,3,2,1,5,3,0,-1,-1, -1,-1,2021,6.0,2,2,0,2,4,2,1,,1,A72,0,,3,4,0,1,1,900,1,, -1,1,0,1,90,30,6,2021,15:30,1,42,42218,1,1,0,2,A72,45.44896,4.42224,15,3,2
202100040669,128Â 929,A01,1,1,1,5,2,-1,-1,0,0,-1,2021,17.0,1,1,0,2,1,1,6,,3,390,0,,2,2,0,1,129,0,3,, -1,1,5,1,80,10,5,2021,09:50,1,50,50032,1,2,0,5,Les Chasses,49.114978,-1.002237,9,3,3
202100003761,195Â 035,A01,1,1,1,4,1,-1,-1,0,0,-1,2021,25.0,1,2,0,2,1,0,1,,1,7,0,,3,3,0,1,140,600,1,, -1,1,0,1,130,7,12,2021,14:10,1,26,26324,1,1,0,2,Autorute du Soleil,44.326358,4.739217,14,4,2
202100030340,147Â 531,A01,1,1,2,5,1,0,-1,-1, -1,-1,2021,34.0,2,2,0,2,5,1,1,,3,RD 704A,0,,2,2,0,2,0,0,4,, -1,2,0,1,80,3,7,2021,13:01,1,87,87065,1,1,1,6,RD 704A,45.79468,1.29511,13,3,2
202100055787,102Â 147,A01,10,3,2,0,0,-1,-1,2,3,1,2021,12.0,1,2,0,1,2,1,1,,4,BARTHOU (BOULEVARD LOUIS) PAIR,0,,2,1,0,2,(1),(1),1,, -1,1,0,1,50,8,1,2021,14:45,1,51,51454,2,1,0,7,Boulevard Louis Barthou,49.2336083657,4.0305754997,14,2,1
202100008205,187Â 054,A01,10,3,1,1,4,-1,-1,4,3,2,2021,29.0,2,2,0,1,3,1,1,,3,603,0,,2,2,0,2,0,207,1,, -1,2,0,1,50,15,11,2021,17:00,2,77,77183,2,2,1,6,D407,48.941613,3.130344,17,3,1
202100004777,193Â 240,B01,1,1,2,4,8,-1,-1,-1, -1,-1,2021,40.0,0,2,0,2,4,2,1,,4,BARBUSSE HENRI RUE,0,,2,2,0,2,(1),(1),1,, -1,2,0,1,50,3,12,2021,11:30,1,29,29232,2,1,1,2,Rue Henri Barbusse,47.99045,-4.07584,11,2,2
202100013433,177Â 722,A01,1,1,2,1,1,-1,-1,0,0,-1,2021,34.0,2,2,0,2,1,2,1,,3,38,-1,,2,2,0,1,7,250,1,, -1,1,0,1,80,14,10,2021,07:50,2,50,50420,1,2,0,2,Hotel Hochu,49.060929,-1.202472,7,2,2
202100053184,106Â 667,B01,1,1,1,0,1,0,-1,-1, -1,-1,2021,51.0,1,2,0,2,4,2,1,,2,Bretelle accÃ¨s RN 70,0,,1,1,0,2,37,775,3,, -1,1,3,1,80,29,1,2021,15:25,1,71,71040,1,1,0,2,Bretelle accÃ¨s RN 70,46.69827,4.3869,15,2,2
202100019853,166Â 151,B01,1,1,1,0,2,6,-1,-1, -1,-1,2021,52.0,3,1,0,2,1,21,6,,4,CLOS DE LA FAMILLE (DU),0,,2,2,0,1,(1),(1),1,, -1,1,0,1,50,9,9,2021,06:25,5,78,78133,2,2,0,1,CLOS DE LA FAMILLE (DU),48.90344,2.04519,6,2,2
202100041625,127Â 200,A01,1,1,1,0,1,0,-1,-1, -1,-1,2021,26.0,2,2,3,0,9,2,1,,1,AUTOROUTE A23,0,,3,4,0,1,1,799,1,, -1,1,0,1,90,2,5,2021,07:15,1,59,59523,1,1,0,6,AUTOROUTE A23,50.585523,3.149724,7,1,1
202100011522,181Â 122,A01,1,1,2,1,1,0,-1,-1, -1,-1,2021,25.0,1,2,0,0,1,1,1,,1,A4,0,,1,3,0,1,4,0,1,, -1,2,0,1,90,22,10,2021,08:44,1,94,94069,1,1,0,6,A4,48.8171389327,2.4422619339,8,1,1
202100048893,114Â 364,A01,1,1,1,5,1,-1,-1,0,0,-1,2021,28.0,1,2,6,0,1,0,1,,3,120,0,,2,2,0,2,19,200,4,, -1,1,0,1,70,7,3,2021,17:50,1,7,7167,1,1,0,7,,44.813993,4.616479,17,1,1
202100019594,166Â 608,B01,1,1,1,5,1,-1,-1,0,0,-1,2021,37.0,1,2,0,2,1,1,1,,3,108,-1,D,2,2,0,1,22,350,1,,4,1,0,1,50,11,9,2021,17:20,1,42,42211,2,2,0,1,Rue de la Becque,45.528133,4.233424,17,2,2
202100028931,150Â 018,A01,1,1,1,5,2,-1,-1,0,0,-1,2021,26.0,1,1,0,2,7,15,5,,3,8,-1,,2,2,0,2,27,630,1,, -1,1,0,1,80,10,7,2021,19:30,1,84,84049,1,1,0,3,D8,44.16377,4.974414,19,2,2
202100021400,163Â 395,A01,1,1,1,1,2,6,-1,-1,0,-1,2021,39.0,2,1,0,2,1,3,1,,1,AUTOROUTE A15,0,,3,6,0,1,19,100,1,, -1,1,0,1,110,1,9,2021,19:00,1,95,95488,1,1,0,3, A15,49.01926,2.13968,19,2,2
202100038734,132Â 390,A01,1,1,1,0,1,-1,-1,-1, -1,-1,2021,29.0,2,2,1,0,7,2,1,,4,FRANCIS DE PRESSENSE                (AV),0,,2,2,2,1,(1),(1),1,, -1,1,0,1,50,22,5,2021,13:45,1,69,69259,2,1,0,7,FRANCIS DE PRESSENSE                (AV),45.72618,4.86295,13,1,1
202100015769,173Â 482,B01,1,1,1,0,8,0,-1,-1, -1,-1,2021,35.0,3,1,0,2,1,1,0,,3,REPUBLIQUE (AVENUE),0,,3,2,1,1,0,1,1,, -1,1,0,5,50,1,10,2021,06:30,5,93,93031,2,3,0,3,Rue des Solivats / Avenue de la RÃ©publique,48.9485307924,2.3360871077,6,2,2
202100035044,139Â 055,A01,1,1,1,0,2,0,-1,0,0,-1,2021,47.0,1,1,0,0,8,1,1,,3,DUVAL (AVENUE MATHIAS),0,,2,2,0,1,0,51,2,, -1,1,0,1,50,11,6,2021,15:10,1,6,6069,2,1,0,6,DUVAL (AVENUE MATHIAS),43.654109,6.920725,15,1,1
202100009997,183Â 829,A01,1,1,1,5,8,0,-1,-1, -1,-1,2021,21.0,2,1,0,2,8,1,1,,3,ROUTE DEPARTEMENTALE 3,0,,1,2,0,1,(1),(1),2,, -1,1,9,1,50,30,10,2021,18:20,3,972,97213,2,1,0,1,ROUTE DEPARTEMENTALE 3,14.61571,-60.98999,18,2,2
202100006337,190Â 466,A01,1,1,1,3,1,-1,-1,0,0,-1,2021,76.0,2,2,0,2,1,13,1,,3,1,-1,,2,2,0,2,18,100,3,,7,2,0,1,90,26,11,2021,15:45,1,72,72373,1,1,1,1,pk 18+100 D1,48.039615,0.743959,15,2,2
202100023332,159Â 904,A01,1,1,1,0,8,-1,-1,0,0,-1,2021,18.0,2,2,2,0,0,1,1,,3,59,-1,,2,2,0,1,14,520,1,, -1,1,0,3,80,20,8,2021,22:30,3,27,27073,1,1,0,6,D59,48.861323,1.335641,22,1,1
202100004249,194Â 159,B01,1,1,1,0,1,0,-1,-1, -1,-1,2021,34.0,3,2,0,2,8,15,1,,3,VERGY (RUE DE),0,,-1,2,0,1,0,0,3,, -1,2,0,1,50,3,12,2021,18:20,5,52,52448,2,1,1,3,VERGY (RUE DE),48.6329,4.9356,18,4,2
202100031019,146Â 290,A01,10,3,2,5,0,-1,-1,3,3,1,2021,87.0,1,2,0,1,1,1,1,,4,CLEMENCEAU (BOULEVARD),0,,2,3,3,1,0,0,1,, -1,1,0,1,50,1,7,2021,16:11,1,66,66136,2,1,0,6,CLEMENCEAU (BOULEVARD),42.70081,2.89168,16,2,1
202100052062,108Â 657,A01,2,2,1,5,1,-1,-1,0,0,-1,2021,15.0,2,2,0,2,2,19,1,,3,951,0,D,2,2,0,2,7,26,2,, -1,2,0,1,90,10,2,2021,17:15,2,23,23207,1,1,1,1,pk 7 D951,46.268086,1.556175,17,4,2
202100050941,110Â 624,Z01,10,3,1,1,0,-1,-1,4,3,1,2021,58.0,1,2,0,1,1,16,0,,3,R CHAPSAL ,0,,1,1,0,1,1,0,1,, -1,2,0,1,50,19,2,2021,07:30,2,94,94042,2,1,0,6,CHAPSAL (R),48.82032,2.46709,7,2,1
202100050551,111Â 328,A01,1,1,2,1,1,0,-1,-1, -1,-1,2021,26.0,2,2,0,2,6,1,1,,2,RN104,0,,-1,4,0,1,11,300,1,, -1,2,0,1,110,22,2,2021,07:45,1,77,77249,1,1,1,3,RN104,48.7368615789,2.6124278647,7,2,2
202100044986,121Â 318,A01,8,2,2,0,8,0,-1,-1, -1,-1,2021,24.0,1,2,2,0,1,0,1,,3,PERI (BOULEVARD GABRIEL) 39 / 44 - FIN,0,,2,2,0,2,1,0,3,, -1,1,0,4,50,6,4,2021,03:40,5,93,93064,2,1,0,6,PERI (BOULEVARD GABRIEL) 39 / 44 - FIN,48.8775395825,2.4826419353,3,3,1
202100040335,129Â 506,A01,10,3,1,0,0,-1,-1,5,4,2,2021,49.0,1,2,0,1,7,14,1,,3,LILLE (RUE DE),0,,2,2,0,2,(1),(1),1,, -1,1,0,4,50,11,5,2021,13:45,1,59,59043,2,1,0,6,LILLE (RUE DE),50.7365,2.7395,13,2,1
202100015774,173Â 474,B01,1,1,1,0,8,0,-1,-1, -1,-1,2021,15.0,2,0,0,2,8,1,3,,3,985,0,,3,4,1,1,0,0,1,, -1,1,0,1,50,25,9,2021,17:30,1,92,92064,2,1,0,3,REPUBLIQUE,48.8467175416,2.2141490524,17,2,2
202100054432,104Â 460,A01,1,1,1,0,1,0,-1,0,0,-1,2021,22.0,1,2,0,2,2,15,1,,3,PAIX (AVENUE),0,,4,4,0,1,(1),(1),3,, -1,1,0,1,50,13,1,2021,15:10,1,54,54323,2,3,0,3,PAIX (AVENUE),49.52917,5.76311,15,2,2
202100038327,133Â 132,A01,1,1,2,9,8,0,-1,-1, -1,-1,2021,51.0,1,2,0,2,3,17,1,,4,DE LA BALANCE (CHEMIN),0,,-1,2,0,1,(1),(1),2,, -1,1,0,1,50,24,5,2021,12:04,1,971,97101,1,1,0,1,DE LA BALANCE (CHEMIN),16.2909,-61.49177,12,2,2
202100044529,122Â 123,A01,1,1,1,1,1,0,-1,-1, -1,-1,2021,54.0,1,2,4,0,8,13,1,,1,A86,0,,3,4,0,1,3,180,1,, -1,2,0,1,90,10,4,2021,16:20,1,92,92025,1,1,1,6,A86,48.9231213777,2.2286452406,16,1,1
202100051167,110Â 215,B01,1,1,1,0,2,8,-1,-1, -1,-1,2021,29.0,3,1,0,2,0,0,0,,4,RIGOURDIERE (RUE DE LA),0,,2,2,0,1,(1),(1),1,, -1,1,5,1,50,17,2,2021,18:45,2,35,35051,2,9,0,7,RIGOURDIERE (RUE DE LA),48.1146,-1.59194,18,3,2
202100024801,157Â 322,A01,1,1,2,5,2,6,-1,0,0,-1,2021,17.0,1,1,0,2,1,13,1,,3,288,0,,2,2,0,2,1,500,4,, -1,1,0,1,80,11,8,2021,08:30,1,14,14086,1,1,0,1,D288,49.3388141045,0.1072068213,8,2,2
202100030639,146Â 993,B01,1,1,1,1,1,-1,-1,0,0,-1,2021,24.0,1,2,0,2,1,1,1,,3,71,-1,,2,2,0,1,43,0,1,, -1,1,0,1,80,5,7,2021,13:30,1,38,38130,1,1,0,1,Route de la Gare,45.36631,5.264036,13,2,2
202100051876,108Â 973,B01,1,1,1,9,2,8,-1,-1, -1,-1,2021,42.0,1,1,0,2,1,1,1,,3,MADELEINE (ROUTE DE LA),0,,2,2,0,1,0,949,1,, -1,1,9,1,50,10,2,2021,13:25,1,973,97302,2,1,0,3,MADELEINE (ROUTE DE LA),4.93071,-52.32622,13,2,2
202100039091,131Â 757,B01,1,1,1,0,1,0,-1,-1, -1,-1,2021,34.0,2,2,0,2,6,1,1,,4,LEON BLUM,0,,2,0,1,1,0,0,1,, -1,1,0,1,50,19,5,2021,18:00,1,64,64445,2,1,0,3,LEON BLUM,43.31544,-0.33245,18,2,2
202100019919,166Â 028,A01,1,1,1,0,2,6,-1,-1, -1,-1,2021,34.0,2,1,0,0,3,26,1,,4,ARDOIN(RUE),0,,2,2,0,1,0,0,1,, -1,2,0,1,50,5,9,2021,03:13,5,93,93070,2,1,1,7,ARDOIN(RUE),48.91192,2.32492,3,1,1
202100054868,103Â 729,A01,1,1,1,0,1,-1,-1,0,0,-1,2021,23.0,2,2,0,2,8,17,1,,2,ROCADE NORD RN 1,0,,1,2,0,1,(1),(1),3,, -1,2,0,1,110,14,1,2021,10:05,1,80,80021,1,1,1,3,ROCADE NORD RN 1,49.92376,2.28713,10,2,2
202100027349,152Â 835,A01,1,1,2,0,2,6,-1,-1, -1,-1,2021,50.0,1,1,0,2,1,1,1,,3,ITHURRALDE ANDRE (AVENUE),0,,2,2,0,1,24,0,3,, -1,1,0,1,50,23,7,2021,10:45,1,64,64483,2,6,0,3,ITHURRALDE ANDRE (AVENUE),43.39936,-1.64085,10,2,2
202100001060,199Â 867,A01,1,1,1,4,2,6,-1,0,0,-1,2021,48.0,3,1,0,0,1,21,1,,4,RUE DE LA PORTE D ISSY,0,,-1,0,0,1,(1),(1),1,, -1,1,0,1,30,27,12,2021,13:40,1,75,75115,2,2,0,7,RUE DE LA PORTE D ISSY,48.832067,2.280678,13,1,1
202100052779,107Â 387,B01,1,1,2,0,8,-1,-1,-1, -1,-1,2021,29.0,1,1,0,2,2,9,6,,4,AVENUE DE L'YSER,0,,3,2,2,1,(1),(1),2,, -1,1,0,1,50,2,2,2021,07:45,2,33,33281,2,6,0,3,Avenue de lâYser,44.84118,-0.65098,7,2,2
202100002577,197Â 178,B01,1,1,1,2,1,0,-1,-1, -1,-1,2021,20.0,1,2,0,2,6,16,1,,3,SOLEIL LEVANT (BOULEVARD DU),0,,-1,1,0,1,0,0,1,, -1,1,5,1,50,16,12,2021,06:45,1,972,97209,2,1,0,3,SOLEIL LEVANT (BOULEVARD DU),14.61966,-61.03914,6,2,2
202100010350,183Â 205,A01,1,1,1,1,2,6,-1,0,0,-1,2021,35.0,1,1,0,0,1,16,1,,4,RUE HENRI BARBUSSE,0,,1,1,0,1,(1),(1),1,, -1,1,0,1,30,29,10,2021,07:55,2,75,75114,2,4,0,7,RUE HENRI BARBUSSE,48.838689,2.336666,7,1,1
202100049414,113Â 431,A01,10,3,2,9,0,-1,-1,1,A,2,2021,10.0,2,1,0,1,1,1,5,,4,RUE DE L ECHIQUIER,0,,1,1,1,1,(1),(1),1,, -1,1,0,1,50,3,3,2021,12:50,1,75,75110,2,1,0,6,RUE DE L ECHIQUIER,48.871298,2.351567,12,2,1
202100023612,159Â 419,B01,1,1,1,9,2,0,-1,0,0,-1,2021,49.0,1,1,0,2,0,1,5,,4,RUE DE LA CHAPELLE,0,,2,4,3,1,(1),(1),1,, -1,1,0,6,50,18,8,2021,11:25,1,75,75118,2,3,0,3,RUE DE LA CHAPELLE,48.8964241853,2.3592988802,11,2,2
202100007066,189Â 126,B01,1,1,1,0,2,6,-1,0,0,-1,2021,50.0,1,1,0,2,8,1,1,,3,48,0,,2,2,0,1,9,205,1,, -1,1,0,1,80,19,11,2021,13:06,1,83,83148,1,1,0,3,Route de Saint-Tropez,43.409081,6.429931,13,2,2
202100015542,173Â 902,A01,1,1,1,0,2,6,-1,-1, -1,-1,2021,52.0,2,1,0,2,2,14,1,,3,SOULT (AVENUE MARECHAL),0,,3,4,0,1,8,930,2,, -1,1,0,1,50,30,9,2021,05:30,5,64,64102,2,1,0,3,SOULT (AVENUE MARECHAL),43.48338,-1.50159,5,2,2
202100031953,144Â 627,A01,1,1,1,5,1,-1,-1,0,0,-1,2021,25.0,1,2,2,0,1,1,1,,3,33,-1,,2,2,0,2,(1),(1),3,, -1,2,0,3,80,23,2,2021,08:25,1,9,9247,1,1,0,6,D33,42.954145,1.244684,8,1,1
202100052458,107Â 947,A01,10,3,2,5,0,-1,-1,3,3,1,2021,70.0,1,2,0,1,1,1,1,,4,RUE DE LOURMEL,0,,1,1,0,1,(1),(1),1,, -1,1,0,1,50,5,2,2021,14:10,1,75,75115,2,2,0,6,RUE DE LOURMEL,48.844564,2.287051,14,2,1
202100046866,118Â 004,B01,1,1,2,1,2,-1,-1,-1, -1,-1,2021,51.0,1,1,0,2,1,1,3,,4,FELIX FAURE                         (AV),0,,2,2,3,1,(1),(1),1,, -1,1,0,1,50,23,3,2021,07:40,1,69,69383,2,3,0,3,FELIX FAURE (AV),45.75529,4.87268,7,2,2
202100016698,171Â 778,A01,1,1,1,4,1,-1,-1,0,0,-1,2021,59.0,2,4,3,0,3,13,1,,2,165,-1,,3,5,0,1,11,450,1,, -1,1,0,1,110,24,9,2021,10:45,1,44,44194,1,9,0,6,RN 165 - PK 011+450,47.256542,-1.687836,10,1,1
202100011250,181Â 623,B01,1,1,1,4,2,0,-1,-1, -1,-1,2021,24.0,1,1,0,2,1,19,3,,4,PROGRES (RUE DU) NÂ° 33 A ... - NÂ° PAIRS,0,,2,2,0,2,0,0,1,, -1,1,0,1,50,24,10,2021,21:48,5,93,93053,2,3,0,3,PROGRES (RUE DU) NÂ° 33 A ... - NÂ° PAIRS,48.88549,2.46189,21,5,2
202100021950,162Â 389,A01,1,1,1,9,2,0,-1,0,0,-1,2021,20.0,1,1,0,2,1,13,3,,4,AVENUE DU MAINE,0,,2,4,0,2,(1),(1),1,, -1,1,0,1,50,28,8,2021,02:36,5,75,75115,2,1,0,1,AVENUE DU MAINE,48.844474,2.320093,2,2,2
202100001008,199Â 962,A01,10,3,2,5,0,-1,-1,4,3,1,2021,16.0,1,2,0,1,1,1,1,,4,GALLIENI AVENUE,0,,2,2,0,1,1,0,1,, -1,2,0,1,50,29,12,2021,09:46,1,49,49246,2,1,1,6,GALLIENI AVENUE,47.4367,-0.5163,9,2,1
202100030167,147Â 845,B01,1,1,1,0,8,0,-1,-1, -1,-1,2021,26.0,2,1,0,2,2,19,5,,7,ROBERTSAU (RUE DE LA),0,,2,4,1,1,(1),(1),1,, -1,2,0,1,50,6,7,2021,19:45,1,67,67043,2,1,1,3,ROBERTSAU (RUE DE LA),48.612992,7.764914,19,2,2
202100039924,130Â 224,B01,1,1,2,0,1,-1,-1,-1, -1,-1,2021,26.0,2,2,0,2,5,1,1,,4,ANTOINE PRIMAT     (Rue),0,,2,2,0,1,(1),(1),1,, -1,1,0,1,50,14,5,2021,21:05,1,69,69266,2,2,0,3,POIZAT (R),45.75818,4.89328,21,3,2
202100028280,151Â 146,B01,1,1,2,5,1,0,-1,-1, -1,-1,2021,32.0,1,2,0,2,6,2,1,,7,KENNEDY (AVENUE J.)NÂ°PAIRS 2A2560,0,,2,2,0,2,2,515,1,, -1,1,0,1,50,16,7,2021,13:15,1,83,83129,2,1,1,3,KENNEDY (AVENUE J.)NÂ°PAIRS 2A2560,43.1077455676,5.8333218098,13,2,2
202100006226,190Â 678,B01,1,1,2,5,8,0,-1,-1, -1,-1,2021,59.0,3,1,0,2,8,1,5,,3,,0,,2,4,0,1,4,960,1,, -1,2,5,1,50,25,11,2021,17:36,5,78,78440,2,6,1,1,BECHEVILLE (RUE DE),48.9874,1.91221,17,2,2
202100025798,155Â 578,A01,2,2,2,0,1,-1,-1,0,0,-1,2021,42.0,2,2,0,2,1,1,1,,3,12,-1,C,2,2,0,2,3,800,1,, -1,2,0,1,45,4,8,2021,11:25,1,38,38084,2,2,1,1,le grand chemin,45.344417,5.522245,11,10,2
202100027525,152Â 526,A01,10,3,2,0,0,-1,-1,3,3,1,2021,69.0,1,2,0,1,3,16,1,,4,LAROCHEFOUCAULD (AVENUE DE),0,,-1,4,0,1,0,0,1,, -1,1,0,1,50,21,7,2021,16:15,1,64,64024,2,2,0,6,Boulevard du B.a.b.,43.48735,-1.53647,16,2,1
202100036872,135Â 791,B01,2,2,2,0,1,0,-1,-1, -1,-1,2021,19.0,1,2,0,2,5,15,1,,3,986,0,,1,2,0,1,0,0,1,, -1,1,0,1,50,1,6,2021,23:10,5,92,92050,2,2,0,2,MARTIN HENRI AVENUE,48.8927759556,2.1875399351,23,3,2