Num_Acc,id_vehicule,num_veh,place,catu,sexe,trajet,secu1,secu2,secu3,locp,actp,etatp,year_acc,victim_age,senc,catv,obs,obsm,choc,manv,motor,occutc,catr,voie,v1,v2,circ,nbv,vosp,prof,pr,pr1,plan,lartpc,larrout,surf,infra,situ,vma,jour,mois,an,hrmn,lum,dep,com,agg_,int,atm,col,adr,lat,long,hour,nb_victim,nb_vehicules
202100048239,115Â 528,A01,1,1,1,9,2,6,-1,-1, -1,-1,2021,19.0,1,1,0,2,2,15,1,,4,EQUARTS,0,,1,1,0,1,(1),(1),1,, -1,1,0,1,50,12,3,2021,13:40,1,79,79191,2,2,0,1,Rue des Equarts,46.32138,-0.4758,13,2,2
202100022046,162Â 223,A01,1,1,2,1,1,0,-1,-1, -1,-1,2021,49.0,2,2,4,2,6,11,1,,1,A4,0,,3,5,0,1,1,0,1,, -1,1,0,1,90,28,8,2021,05:00,3,94,94018,1,1,0,4,A4,48.8205076244,2.4018322324,5,3,3
202100006529,190Â 131,A01,10,3,1,9,0,-1,-1,1,4,1,2021,77.0,2,4,0,1,7,20,1,,3,22,-1,,2,2,0,1,21,759,1,, -1,2,0,1,50,25,11,2021,12:00,1,76,76566,2,1,1,6,Rue Andre Marie,49.59809,0.974693,12,2,1
202100017989,169Â 472,A01,10,3,2,0,0,-1,-1,4,3,1,2021,16.0,1,1,0,1,1,2,1,,4,CARNOT (AVE LAZARE),0,,2,2,0,1,0,0,1,, -1,1,0,1,50,19,9,2021,14:25,1,83,83137,2,1,0,6,CARNOT (AVE LAZARE),43.12921,5.92411,14,2,1
202100003809,194Â 945,B01,1,1,1,1,2,0,-1,-1, -1,-1,2021,59.0,2,1,0,2,7,1,1,,1,AUTOROUTE A6B,0,,2,6,0,1,8,500,1,, -1,2,0,1,110,10,12,2021,09:00,1,91,91689,1,1,1,4,AUTOROUTE A6B,48.733761,2.316084,9,3,3
202100024052,158Â 653,B01,4,2,2,5,8,-1,-1,0,0,-1,2021,28.0,1,2,0,0,2,1,1,,3,612,0,A,2,2,0,1,1,417,1,, -1,1,0,3,80,16,8,2021,06:50,1,34,34332,1,1,0,1,RD612A,43.319401,3.427831,6,5,2
202100033419,142Â 034,A01,1,1,1,1,2,6,-1,0,0,-1,2021,44.0,2,1,0,2,1,3,1,,4,PORTE DE SAINT CLOUD,0,,1,4,0,1,11,200,1,, -1,1,0,1,70,18,6,2021,07:50,1,75,75116,2,1,0,2,PORTE DE SAINT CLOUD,48.839633,2.254164,7,2,2
202100016420,172Â 288,B01,1,1,1,1,2,-1,-1,0,0,-1,2021,37.0,1,1,0,2,1,1,1,,4,,-1,,2,2,0,1,(1),(1),1,,5,1,0,1,50,28,9,2021,07:30,2,69,69204,2,1,0,1,MOULINS (DES) (CHM),45.696558,4.812012,7,2,2
202100048903,114Â 344,A01,7,2,1,5,0,-1,-1,0,0,-1,2021,17.0,1,2,0,2,4,1,1,,2,1,-1,,2,2,0,1,13,20,1,, -1,2,0,1,80,7,3,2021,20:00,3,973,97305,1,1,1,2,PK13 RN1,4.925154,-52.39029,20,7,2
202100022004,162Â 303,A01,1,1,2,5,2,-1,-1,0,0,-1,2021,19.0,1,1,0,0,0,0,1,,3,763,-1,,3,2,0,1,21,916,1,, -1,1,0,2,110,28,8,2021,06:00,3,85,85108,1,1,0,7,D763,46.915101,-1.380284,6,2,1
202100007264,188Â 772,B01,1,1,1,9,1,8,-1,-1, -1,-1,2021,28.0,3,2,0,2,4,2,1,,4,,0,,2,2,0,1,(1),(1),1,, -1,1,0,1,50,17,11,2021,20:50,5,37,37261,2,2,0,2,DE GAULLE (AVENUE DU GENERAL),47.3809163067,0.6999208448,20,2,2
202100022956,160Â 590,A01,1,1,2,5,1,-1,-1,0,0,-1,2021,61.0,1,2,0,2,1,5,1,,3,63,0,,2,2,0,2,17,10,2,, -1,1,5,1,80,23,8,2021,19:00,1,29,29134,1,1,0,1,D63 - Route de Moellien,48.100077,-4.214153,19,2,2
202100042579,125Â 514,B01,1,1,1,1,1,5,-1,-1, -1,-1,2021,47.0,3,5,0,2,4,9,1,,4,RUE DU JUBILE,0,,1,3,0,1,0,0,1,, -1,1,9,1,70,24,4,2021,06:20,1,91,91339,1,1,0,3,RUE DU JUBILE,48.61701,2.25701,6,2,2
202100036628,136Â 236,A01,1,1,1,0,8,0,-1,-1, -1,-1,2021,20.0,1,2,1,0,1,14,1,,4,BRIAND (AVENUE ARISTIDE),0,,2,2,0,2,(1),(1),1,, -1,1,0,1,50,3,6,2021,06:07,2,15,15014,2,1,0,6,BRIAND (AVENUE ARISTIDE),44.92357,2.44699,6,1,1
202100043325,124Â 219,B01,1,1,1,1,2,6,-1,-1, -1,-1,2021,41.0,2,1,0,2,1,1,1,,4,BOUIN (RUE JEAN),0,,2,2,0,1,(1),(1),1,, -1,1,0,1,50,19,4,2021,07:30,1,50,50602,2,3,0,3,BOUIN (RUE JEAN),49.63351,-1.5862,7,2,2
202100002166,197Â 912,A01,1,1,1,5,1,-1,-1,0,0,-1,2021,34.0,1,2,13,0,2,14,1,,2,5,-1,,3,4,0,1,2,500,1,, -1,2,0,3,-1,19,12,2021,22:05,3,972,97207,1,1,1,7,N5,14.589151,-60.982574,22,2,1
202100011252,181Â 619,A01,2,2,2,5,1,0,-1,-1, -1,-1,2021,17.0,3,2,12,0,3,14,1,,3,PAUL CEZANNE (RUE),0,,1,2,3,1,0,0,2,, -1,1,9,3,50,24,10,2021,00:30,5,93,93005,2,1,0,1,PAUL CEZANNE (RUE),48.95207,2.48631,0,3,2
202100039284,131Â 382,B01,1,1,1,1,8,0,-1,-1, -1,-1,2021,17.0,1,1,0,2,1,26,3,,4,BIRGE BOULEVARD,0,,-1,2,0,1,1,0,1,, -1,1,0,1,50,19,5,2021,09:10,1,49,49267,2,2,0,3,BIRGE BOULEVARD,47.4708,-0.519,9,2,2
202100050715,111Â 035,C01,1,1,2,5,1,-1,-1,-1, -1,-1,2021,44.0,2,2,0,2,7,17,1,,1,450  ,0,,3,4,0,1,2,200,1,, -1,2,0,1,90,12,2,2021,14:50,1,69,69204,1,1,0,4,A450,45.68745,4.81117,14,3,3
202100007607,188Â 143,A01,10,3,2,0,0,-1,-1,1,3,1,2021,46.0,2,2,0,1,1,0,1,,4,Raoul Laurent (avenue),0,,2,2,0,1,1,0,1,, -1,1,0,1,50,8,11,2021,18:00,2,52,52448,2,1,0,7,1 Raoul Laurent (avenue),48.64571,4.96104,18,2,1
202100025500,156Â 082,B01,1,1,2,0,8,0,-1,-1, -1,-1,2021,39.0,1,1,0,2,6,2,3,,4,REPUBLIQUE RUE DE LA,0,,2,2,0,1,1,0,1,, -1,1,9,1,30,4,8,2021,17:50,1,93,93063,2,9,0,3,REPUBLIQUE RUE DE LA,48.8791,2.4331,17,2,2
202100008236,186Â 989,A01,10,3,1,5,8,8,-1,1,3,1,2021,71.0,2,1,0,1,1,1,1,,3,AGERBOL (AVENUE D'),0,,2,2,0,2,0,347,3,, -1,1,0,1,50,4,11,2021,17:05,2,6,6012,2,1,0,6,AGERBOL (AVENUE D'),43.75361,7.43087,17,2,1
202100001192,199Â 643,A01,1,1,1,5,2,6,-1,0,0,-1,2021,55.0,1,1,0,0,0,2,1,,7,RD 29,0,,-1,1,0,1,44,237,3,, -1,2,0,1,50,27,12,2021,11:40,1,35,35024,2,6,0,7,D29,48.15525,-1.62529,11,1,1
202100003827,194Â 910,A01,10,3,1,5,0,-1,-1,3,3,1,2021,11.0,2,1,0,1,1,17,1,,4,RUE BELGRAND,0,,2,2,0,1,(1),(1),1,, -1,1,0,1,30,8,12,2021,10:20,1,75,75120,2,3,0,6,RUE BELGRAND,48.864624,2.405623,10,2,1
202100044335,122Â 421,B01,1,1,2,3,0,-1,-1,0,0,-1,2021,67.0,3,1,0,0,4,1,5,,4,,-1,,2,2,0,1,(1),(1),1,, -1,1,0,1,50,12,4,2021,18:20,1,40,40046,2,3,1,2,Rue du Thym,44.386156,-1.167582,18,2,2
202100005041,192Â 777,B01,1,1,2,1,1,0,-1,-1, -1,-1,2021,47.0,1,2,0,2,4,2,1,,2,ALLENDE (QUAI SALVADOR),0,,3,4,0,1,17,80,1,, -1,1,0,1,50,30,11,2021,09:05,1,87,87085,2,1,0,4,ALLENDE (QUAI SALVADOR),45.81912,1.25771,9,3,3
202100021436,163Â 330,A01,1,1,2,0,8,8,-1,-1, -1,-1,2021,23.0,1,1,0,2,8,19,3,,4,,0,,3,7,1,1,0,0,1,, -1,1,0,1,50,31,8,2021,08:35,1,67,67482,2,1,0,3,ENGELBREIT (RUE DE L ),48.58529,7.70686,8,2,2
202100023597,159Â 457,Z01,10,3,2,0,0,-1,-1,3,3,1,2021,28.0,3,2,0,1,7,1,0,,4,71Â° RI (DU),0,,2,2,0,1,1,0,1,, -1,1,0,1,30,10,7,2021,19:30,1,22,22278,2,1,0,6,71Â° RI (DU),48.51112,-2.76041,19,2,1
202100006669,189Â 865,B01,1,1,2,0,2,-1,-1,-1, -1,-1,2021,26.0,2,1,0,2,1,1,1,,4,RUE DE LA CROIX DE MONJOUS,0,,1,1,1,1,(1),(1),1,, -1,1,5,1,50,21,11,2021,12:30,1,33,33192,2,2,0,3,Rue de la Croix de Monjous,44.77465,-0.59719,12,2,2
202100003762,195Â 031,A01,1,1,1,5,2,6,-1,0,0,-1,2021,48.0,1,1,0,2,1,17,1,,3,925,0,D,2,2,0,1,10,750,1,, -1,1,0,1,80,11,12,2021,18:50,3,76,76404,1,1,0,5,D925,49.58544,0.250475,18,5,3
202100011153,181Â 796,B01,1,1,1,0,2,-1,-1,0,0,-1,2021,58.0,1,1,0,0,8,16,5,,3,32.1,-1,D,2,2,0,1,4,795,1,, -1,1,2,1,50,25,10,2021,17:40,2,68,68192,2,3,1,3,Rue de Romagny,47.631308,7.059317,17,2,2
202100038634,132Â 581,A01,1,1,1,0,2,6,-1,-1, -1,-1,2021,40.0,1,1,0,2,4,0,1,,7,ALBI (RTE D) DU 1AU 243,0,,2,2,0,1,2,966,1,, -1,1,0,1,50,22,5,2021,23:15,5,31,31555,2,1,0,2,ALBI (RTE D) DU 1AU 243,43.63879,1.46532,23,2,2
202100051672,109Â 331,A01,1,1,1,9,8,-1,-1,-1, -1,-1,2021,17.0,2,1,0,2,1,25,3,,4,PLONGERON (AVENUE MAURICE) LA NEUVILLETT,0,,-1,1,0,1,(1),(1),1,, -1,1,0,4,50,12,2,2021,17:31,1,51,51454,2,1,0,3,Avenue Maurice Plongeron Neuv,49.2932037782,4.0135332079,17,2,2
202100010013,183Â 802,B01,1,1,1,0,8,-1,-1,-1, -1,-1,2021,32.0,1,0,0,2,1,19,3,,4,GENAS    (Route de),0,,2,5,1,1,(1),(1),1,, -1,1,0,1,50,26,10,2021,13:10,1,69,69266,2,5,0,3,GENAS (DE) (RTE),45.75207,4.90256,13,2,2
202100018917,167Â 831,A01,1,1,1,0,2,8,-1,-1, -1,-1,2021,27.0,3,1,13,0,0,14,1,,4,MAS-GIGOU (RUE DU),0,,2,2,0,1,0,0,1,, -1,2,0,3,50,13,9,2021,22:30,3,87,87085,2,1,1,7,MAS-GIGOU (RUE DU),45.86407,1.25899,22,1,1
202100026103,155Â 035,A01,1,1,1,5,2,6,-1,-1,0,-1,2021,21.0,1,1,0,2,7,1,1,,1,AUTOROUTE A15,0,,3,9,0,1,22,299,1,, -1,1,0,1,110,31,7,2021,10:10,1,95,95572,1,1,0,3, A15,49.0339,2.10409,10,2,2
202100031933,144Â 664,A01,1,1,2,5,2,6,-1,0,0,-1,2021,21.0,1,1,0,2,7,17,1,,3,952,-1,,2,2,0,2,47,590,1,, -1,1,0,1,80,27,6,2021,19:15,1,4,4135,1,1,0,3,RD 952,43.848363,6.199079,19,6,2
202100000328,201Â 135,B01,1,1,1,0,2,6,-1,-1, -1,-1,2021,23.0,1,1,0,0,9,1,1,,4,,-1,,1,2,3,1,(1),(1),1,, -1,1,0,1,50,28,1,2021,16:30,1,33,33063,2,3,0,7,Rue de Saget,44.82752,-0.55798,16,2,2
202100021405,163Â 385,B01,1,1,1,5,2,6,9,0,0,-1,2021,37.0,1,1,0,2,1,26,1,,3,70,-1,,2,2,0,2,26,80,1,, -1,1,0,1,80,28,5,2021,20:20,1,62,62299,1,1,0,3,D70,50.458804,2.306593,20,2,2
202100002439,197Â 410,B01,1,1,1,5,2,6,-1,-1, -1,-1,2021,42.0,1,1,0,2,7,1,1,,3,BUNAU VARILLA -AV-,0,,2,2,0,1,1,0,1,, -1,1,0,1,50,17,12,2021,20:25,5,11,11069,2,1,0,3,BUNAU VARILLA -AV-,43.20981,2.33942,20,2,2
202100013637,177Â 341,B01,1,1,1,4,1,0,-1,-1, -1,-1,2021,34.0,2,3,0,2,3,1,1,1.0,4,ROI GEORGE (PLACE DU ),0,,3,2,0,3,0,0,2,, -1,2,0,1,50,12,10,2021,20:59,5,57,57463,2,2,1,3,ROI GEORGE (PLACE DU ),49.1109957,6.1698343,20,2,2
202100035838,137Â 644,A01,1,1,1,5,2,-1,-1,0,0,-1,2021,70.0,1,1,0,9,0,1,5,,7,559,0,,2,2,0,2,14,150,1,, -1,1,0,1,80,8,6,2021,17:00,1,63,63263,2,1,0,7,D559 - route de durtol,45.8068051489,3.0133575544,17,1,1
202100047493,116Â 871,B01,1,1,1,0,8,0,-1,0,0,-1,2021,53.0,1,1,0,2,2,1,5,,4,CHAMPRATEL (RUE DE),0,,2,2,0,1,(1),(1),1,, -1,1,0,1,50,17,3,2021,13:57,1,63,63113,2,2,0,3,CHAMPRATEL (RUE DE),45.81018,3.11415,13,2,2
202100028605,150Â 585,A01,1,1,1,0,1,8,-1,-1, -1,-1,2021,22.0,2,2,0,2,2,2,1,,1,AUTOROUTE (A1),0,,1,6,0,1,0,699,1,, -1,1,0,1,90,16,7,2021,17:05,1,972,97209,1,1,0,2,AUTOROUTE (A1),14.61827,-61.03856,17,2,2
202100023162,160Â 214,A01,1,1,2,5,0,-1,-1,0,0,-1,2021,14.0,2,1,0,2,1,15,5,,3,1,0,D,2,2,0,1,53,252,1,,5,1,0,1,80,21,8,2021,16:45,1,79,79009,1,4,0,3,,46.263228,-0.583037,16,3,2
202100008067,187Â 313,A01,1,1,2,1,1,0,-1,-1, -1,-1,2021,34.0,2,2,0,2,3,16,1,,4,BIZET (AVENUE),0,,2,2,0,1,1,0,1,, -1,2,0,1,50,15,11,2021,14:06,1,93,93050,2,3,1,3,BIZET (AVENUE),48.8719215966,2.5502291358,14,2,2
202100016630,171Â 907,B01,2,2,2,0,8,-1,-1,-1, -1,-1,2021,16.0,3,1,0,2,1,16,5,,4,,0,,1,1,1,2,(1),(1),1,, -1,1,0,1,50,25,6,2021,19:00,2,69,69381,2,3,0,6,PIERRE DUPONT (R),45.77015,4.81786,19,3,2
202100034718,139Â 661,A01,1,1,1,0,2,5,-1,-1, -1,-1,2021,41.0,2,1,0,2,1,3,1,,1,AUTOROUTE A6,0,,-1,6,0,1,11,899,1,, -1,1,0,1,110,13,6,2021,16:50,1,91,91161,1,1,0,2,AUTOROUTE A6,48.7168,2.3097,16,2,2
202100019024,167Â 633,A01,1,1,1,9,1,0,-1,-1, -1,-1,2021,44.0,3,2,0,4,3,15,1,,4,SAULES (VOI DES),0,,2,3,3,1,1,0,1,, -1,2,5,1,50,14,9,2021,08:25,1,94,94054,2,3,1,3,SAULES (VOI DES),48.74756,2.4178,8,2,2
202100004378,193Â 932,A01,1,1,1,0,1,0,-1,-1, -1,-1,2021,53.0,2,5,3,0,2,1,1,,1,AUTOROUTE A3,0,,3,8,0,1,13,800,1,, -1,1,0,1,90,7,12,2021,09:00,2,93,93005,1,1,0,3,AUTOROUTE A3,48.95722,2.47312,9,1,1
202100037456,134Â 710,A01,1,1,1,0,2,8,-1,-1, -1,-1,2021,46.0,1,1,1,0,7,0,1,,3,STALINGRAD (AV DE),0,,3,4,0,1,1,0,1,, -1,1,0,1,50,30,5,2021,08:35,1,94,94021,2,1,0,6,178 Avenue de Stalingrad,48.7664,2.3679,8,1,1
202100012256,179Â 818,A01,10,3,2,1,0,0,-1,5,3,1,2021,45.0,1,2,0,1,2,12,1,,3,GARE (AV DE LA),0,,2,2,0,2,1,0,1,, -1,1,0,1,50,19,10,2021,08:15,1,94,94065,2,1,0,6,Avenue de la Gare,48.74157,2.35277,8,2,1
202100039734,130Â 557,A01,9,2,2,5,1,-1,-1,0,0,-1,2021,37.0,2,2,15,0,1,1,1,,1,16,-1,A,3,5,0,1,29,800,1,, -1,3,0,3,110,16,5,2021,18:40,1,95,95313,1,1,1,6,A16,49.113256,2.254451,18,6,1
202100002131,197Â 983,A01,1,1,1,0,8,-1,-1,-1, -1,-1,2021,53.0,1,2,0,2,3,13,1,,4,ANTOINE PRIMAT     (Rue),0,,2,2,0,1,(1),(1),1,, -1,1,0,1,50,19,12,2021,18:40,5,69,69266,2,1,0,1,ANTOINE PRIMAT (R),45.7581868998,4.8940175772,18,2,2
202100019391,166Â 966,B01,1,1,1,0,2,-1,-1,0,0,-1,2021,16.0,0,1,0,2,7,1,1,,4,39,0,,2,2,0,1,(1),(1),1,, -1,1,0,1,50,10,9,2021,16:35,1,974,97414,2,3,0,3,Rue des Bois de Piment,-21.282891,55.418794,16,3,2
202100001034,199Â 919,A01,10,3,2,0,0,-1,-1,3,3,1,2021,53.0,2,2,0,1,1,1,1,,3,AUDINCOURT (RUE D'),0,,3,3,0,1,139,200,3,, -1,2,0,1,50,29,11,2021,07:50,2,25,25230,2,1,1,6,AUDINCOURT (RUE D'),47.49459,6.83965,7,2,1
202100031295,145Â 799,A01,10,3,1,1,0,-1,-1,4,4,1,2021,48.0,1,2,0,1,1,1,1,,4,AVENUE RAYMOND POINCARE,0,,2,2,0,1,(1),(1),1,, -1,1,0,1,50,2,7,2021,10:47,1,75,75116,2,7,0,6,AVENUE RAYMOND POINCARE,48.869421,2.285419,10,2,1
202100037828,134Â 038,A01,1,1,1,9,2,0,-1,0,0,-1,2021,25.0,2,1,0,2,1,1,1,,4,PLACE AUGUSTE METIVIER,0,,2,2,0,2,(1),(1),1,, -1,1,0,1,30,28,5,2021,11:40,1,75,75120,2,4,0,3,PLACE AUGUSTE METIVIER,48.863043,2.388016,11,2,2
202100040253,129Â 650,A01,1,1,1,5,0,-1,-1,0,0,-1,2021,70.0,2,1,0,9,4,15,0,,3,20,0,,2,2,0,1,21,580,1,, -1,1,0,1,80,12,5,2021,08:55,1,63,63180,1,3,0,2,D20 Route de Joze/ VC,45.8604171087,3.3184200928,8,2,2
202100025744,155Â 667,B01,1,1,1,5,2,0,-1,0,0,-1,2021,29.0,1,1,0,2,1,17,1,,2,TEIL (Route du),0,,2,2,0,1,3,118,1,, -1,1,0,1,70,3,8,2021,17:43,1,26,26198,2,3,0,3,Route du Teil,44.551612,4.698643,17,3,2
202100021568,163Â 082,A01,1,1,1,0,1,0,-1,-1, -1,-1,2021,37.0,1,5,0,2,3,1,1,,1,AUTOROUTE A1,0,,3,8,0,1,0,699,1,, -1,1,1,1,90,1,9,2021,11:40,1,93,93066,1,1,0,3,AUTOROUTE A1,48.90765,2.35844,11,2,2
202100023024,160Â 474,A01,1,1,1,5,8,0,-1,-1, -1,-1,2021,26.0,2,2,0,2,2,0,1,,2,RTE DE FONTAINEBLEAU,0,,3,2,0,1,0,0,1,, -1,1,1,1,70,2,8,2021,02:50,5,91,91479,1,1,0,3,RTE DE FONTAINEBLEAU,48.72881,2.36837,2,3,2
202100015919,173Â 213,A01,3,2,1,5,8,0,-1,-1, -1,-1,2021,42.0,1,2,6,0,1,0,1,,4,,0,,2,3,0,2,(1),(1),3,, -1,1,0,4,50,30,9,2021,23:55,5,25,25056,2,1,0,6,FAURE AVENUE EDGAR,47.24438,6.0184,23,4,1
202100014150,176Â 397,A01,8,2,2,9,1,-1,-1,-1, -1,-1,2021,15.0,3,2,0,2,2,10,1,,4,GABRIEL PERI                        (AV),0,,2,2,3,1,(1),(1),2,, -1,1,0,1,50,9,10,2021,21:25,5,69,69256,2,2,0,5,GABRIEL PERI (AV),45.77256,4.91233,21,8,3
202100014816,175Â 221,A01,10,3,1,9,0,-1,-1,5,3,1,2021,2.0,3,5,0,1,5,1,1,,4,GÃNÃRAL DE GAULLE (AVENUE DU),0,,2,2,0,2,0,0,2,, -1,1,0,1,50,6,10,2021,08:20,1,13,13002,2,1,0,3,GÃNÃRAL DE GAULLE (AVENUE DU),43.3374703445,5.4834910946,8,2,1
202100043604,123Â 733,B01,2,2,2,5,1,5,-1,-1, -1,-1,2021,25.0,1,2,0,2,1,2,1,,1,A50-Sens Marseille vers Aubagne,0,,1,3,0,1,11,899,1,, -1,2,0,1,90,17,4,2021,15:00,1,13,13005,1,1,1,3,A50-Sens Marseille vers Aubagne,43.2864,5.53512,15,3,2
202100020823,164Â 424,A01,1,1,2,5,1,0,-1,-1, -1,-1,2021,68.0,1,2,0,2,7,1,1,,1,A104,0,,3,6,0,1,8,500,1,, -1,1,3,1,90,4,9,2021,12:00,1,77,77294,1,1,0,3,A104,48.97291,2.57649,12,2,2
202100038975,131Â 974,B01,1,1,1,0,8,0,-1,-1, -1,-1,2021,42.0,1,1,0,2,0,1,5,,3,GEORGES GOSNAT (AV),0,,2,3,3,1,0,0,1,, -1,1,0,1,50,21,5,2021,13:17,1,94,94041,2,9,0,2,Avenue Georges Gosnat,48.81345,2.38859,13,2,2
202100042832,125Â 103,A01,1,1,1,5,2,0,-1,-1, -1,-1,2021,22.0,3,1,12,0,1,0,1,,6,PREMIER MAI,0,,-1,-1,0,1,(1),(1),1,, -1,1,0,4,50,22,4,2021,10:45,1,76,76305,2,1,0,7,PREMIER MAI,49.50545,0.23557,10,1,1
202100028012,151Â 636,B01,1,1,1,1,8,-1,-1,0,0,-1,2021,47.0,3,1,0,2,8,1,1,,4,D79,-1,,2,2,0,1,(1),(1),1,, -1,1,0,1,50,19,7,2021,07:35,1,49,49180,2,4,1,3,Rue du Docteur Jean Rabilloud,47.370981,-0.105138,7,2,2
202100037128,135Â 334,B01,1,1,1,1,2,-1,-1,0,0,-1,2021,38.0,1,1,0,2,1,1,5,,3,917,-1,,2,2,0,2,39,115,1,, -1,1,0,1,50,2,6,2021,07:55,1,62,62861,2,4,0,3,D917,50.368295,2.799894,7,2,2
202100036386,136Â 664,A01,10,3,1,0,0,-1,-1,2,3,1,2021,14.0,3,2,1,1,3,17,1,,4,ROUX SEIGNORET (RUE DU DOCTEUR),0,,2,2,0,1,0,0,1,, -1,1,0,1,50,3,6,2021,19:30,1,83,83069,2,1,0,6,ROUX SEIGNORET (RUE DU DOCTEUR),43.1213738374,6.1316975359,19,2,1
202100027278,152Â 967,A01,1,1,1,5,1,-1,-1,0,0,-1,2021,20.0,2,2,8,0,8,14,1,,3,59,0,,2,2,0,2,16,500,1,, -1,2,0,1,80,25,7,2021,08:30,1,18,18111,1,1,0,6,D59,47.234949,2.629412,8,1,1
202100002721,196Â 906,B01,1,1,2,0,1,0,-1,-1, -1,-1,2021,34.0,2,2,0,2,4,2,1,,1,AUTOROUTE A10,0,,3,6,0,1,2,99,1,, -1,1,0,1,90,15,12,2021,20:15,3,91,91377,1,1,0,4,AUTOROUTE A10,48.725444,2.300585,20,3,3
202100049427,113Â 411,B01,1,1,1,4,2,0,-1,-1, -1,-1,2021,27.0,1,1,0,2,1,1,5,,3,PARIS (RUE DE),0,,2,2,0,1,1,1,1,, -1,1,0,1,50,3,3,2021,14:35,1,93,93048,2,1,0,3,PARIS (RUE DE),48.8564709634,2.4267214934,14,2,2
202100011616,180Â 961,A01,1,1,2,1,1,8,-1,-1, -1,-1,2021,50.0,1,2,0,2,4,1,1,,4,NORMANDIN   RUE EMILE,0,,3,2,0,1,(1),(1),1,, -1,1,5,1,30,22,10,2021,09:25,1,17,17300,2,1,0,2,NORMANDIN   RUE EMILE,46.1421,-1.14026,9,2,2
202100009659,184Â 441,A01,10,3,1,9,0,-1,-1,1,3,1,2021,63.0,2,2,0,1,2,1,1,,3,6118,0,D,2,2,0,1,16,500,3,, -1,1,0,1,80,3,11,2021,17:45,3,11,11106,1,1,0,6,D1118,43.240692,3.043392,17,2,1
202100041170,128Â 010,A01,1,1,2,5,1,-1,-1,0,0,-1,2021,82.0,2,2,16,0,0,0,1,,3,70,-1,,2,2,0,2,9,2,2,, -1,1,0,3,80,6,5,2021,13:30,1,201,201348,1,1,0,7,RD 70,42.158194,8.756973,13,1,1
202100024385,158Â 096,B01,1,1,1,5,2,6,-1,0,0,-1,2021,16.0,1,1,0,2,1,1,1,,3,34,0, -,2,2,0,1,18,213,1,, -1,1,0,1,50,12,8,2021,21:30,5,31,31390,2,1,0,5,Avenue des Toureilles,43.091817,0.56085,21,3,3
202100006470,190Â 233,A01,1,1,1,1,2,6,-1,0,0,-1,2021,29.0,1,1,0,0,1,1,1,,4,RUE DE BABYLONE,0,,1,1,0,1,(1),(1),1,, -1,1,8,1,30,24,11,2021,18:45,5,75,75107,2,1,0,7,RUE DE BABYLONE,48.85173,2.325786,18,1,1
202100052389,108Â 068,B01,1,1,1,0,1,0,-1,-1, -1,-1,2021,26.0,1,2,0,2,4,2,2,,3,RTE NATIONALE 20,0,,3,0,0,1,0,0,1,, -1,1,0,1,70,5,2,2021,08:05,1,91,91339,2,1,0,2,RTE NATIONALE 20,48.61893,2.25818,8,3,2
202100014784,175Â 284,B01,1,1,1,4,2,6,-1,-1, -1,-1,2021,22.0,1,1,0,2,1,1,1,,4,CLEMENCEAU (BOULEVARD),0,,2,3,0,1,0,0,1,, -1,1,0,1,50,4,10,2021,20:31,5,66,66136,2,3,0,3,CLEMENCEAU (BOULEVARD),42.70027,2.88966,20,2,2
202100033681,141Â 558,A01,1,1,1,0,8,0,-1,-1, -1,-1,2021,18.0,1,1,0,0,1,1,3,,4,AMPERE RUE,0,,-1,1,1,1,0,0,1,, -1,2,0,1,50,18,6,2021,18:00,1,92,92050,2,1,0,7,AMPERE RUE,48.9013971164,2.1951976418,18,1,1
202100019678,166Â 473,A01,1,1,1,1,2,8,-1,-1, -1,-1,2021,18.0,3,1,0,2,1,2,1,,4,PONT VOLANT (RUE DU),0,,2,2,0,2,(1),(1),1,, -1,1,0,1,50,9,9,2021,09:00,1,37,37122,2,1,0,2,PONT VOLANT (RUE DU),47.3616518055,0.6730006143,9,2,2
202100015193,174Â 551,B01,1,1,1,4,1,-1,-1,-1, -1,-1,2021,71.0,2,2,0,2,4,2,1,,7,RD383   7.640 A 11.044,0,,3,8,0,1,8,899,1,, -1,2,0,1,70,4,10,2021,14:30,1,69,69029,1,1,0,2,RD383   7.640 A 11.044,45.73888,4.90453,14,3,2
202100034558,139Â 950,A01,10,3,2,1,0,-1,-1,2,2,1,2021,29.0,3,2,0,1,4,4,1,,6,AV ANATOLE FRANCE,0,,-1,-1,0,1,(1),(1),1,, -1,1,0,1,50,10,6,2021,18:50,1,95,95268,2,1,0,6,AV ANATOLE FRANCE,48.975534,2.389378,18,2,1
202100002334,197Â 616,A01,9,2,1,5,1,3,-1,0,0,-1,2021,4.0,1,2,8,0,1,1,1,,3,2,-1,,2,2,0,2,1,800,3,, -1,2,0,3,80,20,12,2021,18:45,3,63,63204,1,1,1,6,"D2, route de pont du chateau",45.7982849841,3.2050654292,18,3,1
202100041199,127Â 960,A01,1,1,1,1,1,-1,-1,0,0,-1,2021,44.0,2,5,8,0,2,1,1,,3,12,0,,2,2,0,2,16,415,3,, -1,1,0,3,80,4,5,2021,21:00,2,53,53146,1,1,0,6,d12,48.211848,-0.703892,21,1,1
202100013954,176Â 758,B01,2,2,1,0,2,-1,-1,0,0,-1,2021,18.0,0,1,0,2,3,10,1,,3,4,0,D,2,2,0,2,0,0,3,, -1,1,0,1,-1,10,10,2021,15:35,1,976,97604,2,1,0,1,ccd4,-12.947087,45.100497,15,3,2