Num_Acc,id_vehicule,num_veh,place,catu,sexe,trajet,secu1,secu2,secu3,locp,actp,etatp,year_acc,victim_age,senc,catv,obs,obsm,choc,manv,motor,occutc,catr,voie,v1,v2,circ,nbv,vosp,prof,pr,pr1,plan,lartpc,larrout,surf,infra,situ,vma,jour,mois,an,hrmn,lum,dep,com,agg_,int,atm,col,adr,lat,long,hour,nb_victim,nb_vehicules
202100055203,103Â 142,A01,1,1,1,9,8,0,-1,0,0,-1,2021,50.0,1,1,0,2,1,11,5,,4,QUAI SAINT BERNARD,0,,2,3,0,1,(1),(1),1,, -1,2,0,1,50,13,1,2021,21:04,5,75,75105,2,3,1,3,QUAI SAINT BERNARD,48.846845,2.360977,21,2,2
202100005956,191Â 150,A01,1,1,2,5,0,-1,-1,-1, -1,-1,2021,29.0,2,1,0,2,4,1,3,,4,QUAI DE BACALAN,0,,1,1,0,1,(1),(1),1,, -1,2,0,1,50,27,11,2021,02:50,5,33,33063,2,1,1,2,QUAI DE BACALAN,44.85846,-0.55802,2,2,2
202100048689,114Â 723,B01,5,2,1,5,2,6,-1,-1, -1,-1,2021,20.0,1,1,0,2,1,1,1,,4,CHARMILLES (MAIL DES),0,,1,2,0,1,0,0,1,, -1,1,0,1,50,8,3,2021,11:55,1,10,10387,2,2,0,6,CHARMILLES (MAIL DES),48.30169,4.08723,11,4,3
202100026610,154Â 141,B01,5,2,1,0,8,0,-1,-1, -1,-1,2021,1.0,1,2,8,2,1,1,1,,4,RUE DE L'ALMA ANDRE BALLANDE,0,,-1,2,0,2,0,0,1,, -1,1,0,1,50,29,7,2021,08:50,1,988,98818,2,2,0,3,RUE DE L'ALMA ANDRE BALLANDE,-22.26955,166.44335,8,7,2
202100048017,115Â 913,B01,1,1,1,5,2,-1,-1,-1, -1,-1,2021,31.0,1,1,0,2,1,1,1,,4,ROGER SALENGRO                      (R ),0,,2,2,0,1,(1),(1),1,, -1,1,0,1,50,13,3,2021,10:45,1,69,69389,2,2,0,3,ROGER SALENGRO (R),45.77812,4.80574,10,3,2
202100051549,109Â 555,A01,1,1,1,3,1,-1,-1,0,0,-1,2021,27.0,1,2,10,0,3,1,1,,3,942,-1,,2,2,0,2,37,600,4,, -1,1,2,3,50,14,2,2021,18:00,2,87,87028,1,1,0,6,D942 PK 37+600,46.232697,0.933108,18,1,1
202100029940,148Â 283,A01,10,3,1,2,0,-1,-1,3,5,3,2021,12.0,2,2,0,1,2,1,1,,3,ROUTE DE LA BAIE DES DAMES,0,,3,2,2,1,0,0,1,, -1,1,0,1,50,8,7,2021,16:40,1,988,98818,2,1,0,6,ROUTE DE LA BAIE DES DAMES,-22.23298,166.43387,16,3,1
202100003362,195Â 755,A01,1,1,1,5,2,-1,-1,0,0,-1,2021,17.0,2,1,0,2,1,1,1,,3,142,-1,,2,2,0,1,46,500,1,, -1,1,5,1,70,11,12,2021,17:45,3,17,17339,1,3,0,1,D148,45.462366,-0.443283,17,2,2
202100032838,143Â 079,A01,2,2,2,5,1,-1,-1,-1, -1,-1,2021,84.0,1,2,1,2,8,1,1,,4,DENIS PAPIN (RUE),0,,2,2,0,1,(1),(1),1,,"5,4",2,0,1,50,21,6,2021,16:35,1,79,79329,2,2,1,3,22 Rue Denis Papin,46.9838,-0.21433,16,3,2
202100027552,152Â 474,A01,10,3,1,5,0,-1,-1,2,9,1,2021,59.0,2,1,0,1,1,1,3,,4,CARMES (RUE DES),0,,2,2,2,1,(1),(1),1,, -1,1,0,5,30,21,7,2021,13:15,1,15,15014,2,1,0,6,Rue des Carmes,44.9272,2.4434,13,2,1
202100012019,180Â 228,B01,1,1,2,5,2,6,-1,0,0,-1,2021,17.0,3,1,0,2,7,1,1,,4,ESPAGNE (AVENUE D'),0,,2,0,0,1,0,0,1,, -1,1,0,1,50,19,10,2021,18:35,1,47,47001,2,6,0,3,LECLERC (AV. DU GENERAL),44.1855,0.62133,18,2,2
202100028862,150Â 128,A01,10,3,1,5,0,-1,-1,2,3,1,2021,31.0,1,1,0,1,1,1,3,,4,RUE LECOURBE,0,,1,2,0,1,(1),(1),1,, -1,1,0,1,50,15,7,2021,10:45,1,75,75115,2,1,0,6,RUE LECOURBE,48.842783,2.30328,10,2,1
202100030429,147Â 381,A01,7,2,2,4,8,0,-1,-1, -1,-1,2021,31.0,2,3,1,0,0,21,1,4.0,3,LENINE (R),0,,1,2,0,1,1,0,1,, -1,1,0,1,50,6,7,2021,15:50,1,94,94041,2,1,0,7,Rue LÃ©nine,48.81566,2.39351,15,4,1
202100033311,142Â 226,A01,1,1,2,5,1,-1,-1,-1,0,-1,2021,43.0,3,2,0,2,1,15,1,,4,LUAT  ( CHEMIN DU ),0,,2,2,0,1,(1),(1),1,, -1,1,0,1,50,11,6,2021,19:10,1,95,95539,1,1,0,3,Rue du Luat,49.009149,2.352433,19,4,2
202100003250,195Â 952,B01,1,1,2,5,2,8,-1,-1, -1,-1,2021,45.0,1,1,0,2,4,1,5,,3,MEDITERRANNEE (Rond point),0,,2,0,0,1,16,25,3,, -1,1,0,1,50,12,12,2021,12:00,1,34,34003,2,6,0,6,MEDITERRANNEE (Rond point),43.32674,3.48172,12,2,2
202100014374,176Â 018,A01,1,1,1,1,8,0,-1,-1, -1,-1,2021,55.0,3,1,0,2,1,18,5,,4,SAINT-HELIER,0,,2,3,2,2,(1),(1),1,, -1,1,0,1,30,8,10,2021,08:35,1,35,35238,2,1,0,2,SAINT-HELIER,48.10736,-1.66591,8,2,2
202100022994,160Â 528,A01,1,1,2,0,1,0,-1,-1, -1,-1,2021,19.0,1,2,0,0,1,12,1,,1,A13,0,,3,2,0,1,47,700,1,, -1,1,0,2,110,22,8,2021,15:50,1,78,78362,1,1,0,7,A13,48.974323,1.727884,15,1,1
202100051591,109Â 476,A01,1,1,1,9,2,6,-1,0,0,-1,2021,32.0,2,1,1,2,2,17,1,,4,RUE D AVRON,0,,2,2,0,1,(1),(1),1,, -1,1,0,1,30,13,2,2021,18:40,5,75,75120,2,1,0,3,RUE D AVRON,48.851443,2.399049,18,2,2
202100035160,138Â 860,A01,8,2,2,1,0,-1,-1,0,0,-1,2021,21.0,2,2,0,2,1,15,1,,2,10,0,T,2,2,0,3,18,250,1,,7,1,0,1,80,11,6,2021,23:15,3,201,201247,1,3,0,1,Parking,41.533768,9.2645,23,6,2
202100056496,100Â 917,A01,1,1,1,5,1,4,-1,-1,0,-1,2021,37.0,2,2,4,0,1,1,1,,2,104,0,,3,5,0,1,4,99,2,, -1,7,0,1,90,1,1,2021,00:40,3,95,95042,1,1,0,6,RN 104,49.0565,2.28952,0,1,1
202100010117,183Â 623,B01,3,2,2,5,1,-1,-1,-1,0,-1,2021,11.0,1,2,4,2,6,2,1,,1,AUTOROUTE A15,0,,1,2,0,1,21,299,3,, -1,1,3,1,50,30,10,2021,17:55,1,95,95572,1,1,0,2,A15,49.03439,2.11322,17,4,2
202100030235,147Â 719,B01,1,1,2,9,2,0,-1,0,0,-1,2021,33.0,2,1,0,2,4,23,5,,4,RUE DE LA TOUR D AUVERGNE,0,,2,2,0,1,(1),(1),1,, -1,1,0,1,30,7,7,2021,19:15,1,75,75109,2,2,0,2,RUE DE LA TOUR D AUVERGNE,48.878761,2.34532,19,2,2
202100052676,107Â 572,B01,1,1,1,2,8,8,-1,-1, -1,-1,2021,15.0,1,1,0,2,1,1,5,,4,DOUETS (RUE DES),0,,2,4,0,1,(1),(1),1,, -1,2,0,1,50,3,2,2021,07:50,2,37,37261,2,6,0,6,DOUETS (RUE DES),47.4327695364,0.6859133871,7,2,2
202100041129,128Â 093,A01,10,3,1,0,0,-1,-1,2,3,1,2021,89.0,3,2,0,1,1,9,1,,4,CHASSEURS ALPINS (ROND-POINT),0,,1,0,0,2,(1),(1),3,, -1,1,0,1,50,6,5,2021,11:30,1,6,6069,2,9,0,6,CHASSEURS ALPINS (ROND-POINT),43.65056,6.92205,11,2,1
202100038068,133Â 613,A01,1,1,2,5,1,-1,-1,0,0,-1,2021,89.0,1,2,13,0,1,1,1,,3,121,0,D,2,2,0,1,26,200,2,, -1,1,0,1,80,27,5,2021,17:45,1,11,11303,1,1,1,6,D121,42.930913,2.052641,17,1,1
202100045309,120Â 740,A01,1,1,1,5,2,6,-1,0,0,-1,2021,60.0,2,1,0,0,0,16,1,,3,120,0,D,2,2,0,2,71,100,3,, -1,1,0,1,80,3,4,2021,15:00,1,7,7204,1,1,0,7,RD 120,44.993667,4.38273,15,1,1
202100036263,136Â 860,A01,1,1,1,5,8,0,-1,0,0,-1,2021,30.0,3,2,0,2,2,13,0,,4,ECHANGEUR BERCY,0,,1,2,3,1,(1),(1),3,, -1,1,0,1,50,3,6,2021,14:00,1,75,75112,2,4,0,5,ECHANGEUR BERCY,48.827929,2.389531,14,6,3
202100043122,124Â 595,A01,1,1,1,5,2,6,-1,-1, -1,-1,2021,25.0,1,1,0,2,1,26,1,,1,A5b,0,,1,2,0,1,9,0,1,, -1,1,0,1,110,22,4,2021,13:40,1,77,77495,1,1,0,2,A5b,48.575226027,2.6389769484,13,2,2
202100051796,109Â 116,B01,1,1,1,0,1,0,-1,-1, -1,-1,2021,75.0,2,2,0,2,3,0,1,,7,FAYOL (BOULEVARD),0,,2,2,0,2,2,700,1,, -1,1,0,1,50,6,2,2021,15:35,1,42,42095,2,1,0,1,Boulevard Fayol,45.38333,4.30133,15,2,2
202100046824,118Â 080,A01,10,3,2,2,0,-1,-1,3,3,1,2021,12.0,1,1,0,1,3,1,1,,7,2,0,D,2,2,0,1,14,238,1,, -1,1,5,1,50,24,3,2021,07:40,1,31,31541,2,6,0,6,route de Toulouse,43.680482,1.36275,7,2,1
202100001527,199Â 070,A01,2,2,2,5,1,-1,-1,0,0,-1,2021,23.0,1,2,8,0,2,1,1,,4,,-1,,2,2,0,1,(1),(1),1,,4,2,0,3,50,25,12,2021,02:30,3,44,44069,2,1,1,6,Rue de Pradel,47.317014,-2.447408,2,2,1
202100017605,170Â 152,A01,1,1,2,4,1,0,-1,-1, -1,-1,2021,40.0,1,2,0,2,1,17,1,,2,RN3 (1),0,,1,2,0,2,56,0,1,, -1,1,0,1,90,21,9,2021,08:40,1,974,97416,1,1,0,2,RN3 (1),-21.30619,55.49883,8,2,2
202100016467,172Â 192,A01,1,1,2,0,8,0,-1,-1, -1,-1,2021,20.0,1,1,0,2,5,2,5,,4,GENERAL DE GAULLE (AVENUE DU),0,,3,3,1,1,0,0,2,, -1,1,0,5,50,24,9,2021,12:10,1,67,67482,2,1,0,2,GENERAL DE GAULLE (AVENUE DU),48.57814,7.76926,12,2,2
202100030099,147Â 978,A01,7,2,2,5,1,-1,-1,0,0,-1,2021,20.0,1,2,4,2,2,17,1,,1,9,-1,A,3,5,0,1,91,900,1,, -1,1,0,1,110,6,7,2021,05:45,2,34,34240,1,1,0,3,A9,43.64592,3.978553,5,8,2
202100029144,149Â 652,A01,5,2,2,0,2,0,-1,-1, -1,-1,2021,57.0,0,1,0,2,7,1,1,,7,HENRI BARNIER (BOULEVARD),0,,2,4,0,2,1,0,1,, -1,1,0,1,50,14,7,2021,02:40,5,13,13215,2,1,0,3,HENRI BARNIER (BOULEVARD),43.3729,5.3512,2,3,2
202100031641,145Â 196,A01,1,1,2,5,1,-1,-1,0,0,-1,2021,21.0,1,2,3,0,1,1,0,,3,85,-1,,2,2,0,1,8,105,2,, -1,1,0,1,70,30,7,2021,09:35,1,95,95056,1,1,0,6,D85,49.101409,2.361285,9,1,1
202100009870,184Â 062,A01,1,1,1,0,2,6,-1,-1, -1,-1,2021,23.0,0,1,0,0,0,0,1,,7,ROUTE DEPARTEMENTALE 652,0,,-1,4,0,1,2,599,2,, -1,2,0,1,90,30,10,2021,02:45,3,59,59356,1,1,0,7,ROUTE DEPARTEMENTALE 652,50.6531791788,3.0043530464,2,1,1
202100048376,115Â 284,A01,1,1,1,0,2,8,-1,-1, -1,-1,2021,19.0,3,1,0,2,2,26,1,,3,IMPERIALE - ROUTE,0,,-1,2,0,1,1,0,1,, -1,1,0,1,50,11,3,2021,10:15,1,202,202033,2,6,0,3,IMPERIALE - ROUTE,42.6710789074,9.4424310304,10,2,2
202100051197,110Â 161,A01,10,3,1,5,0,-1,-1,1,B,2,2021,86.0,1,2,0,1,4,4,1,,4,ROUERGUE (R DU),0,,2,2,0,1,0,0,1,, -1,1,0,1,50,17,2,2021,16:40,1,94,94021,2,1,0,2,ROUERGUE (R DU),48.77623,2.36301,16,2,1
202100033404,142Â 057,A01,1,1,1,0,8,0,-1,-1, -1,-1,2021,44.0,1,2,1,0,1,15,1,,4,LEMOINE ( RUE FELIX ),0,,2,3,2,1,0,0,1,, -1,1,0,1,50,19,6,2021,21:35,1,44,44109,2,1,0,6,LEMOINE ( RUE FELIX ),47.23569,-1.54683,21,1,1
202100017230,170Â 848,B01,2,2,2,5,1,-1,-1,0,0,-1,2021,71.0,2,2,8,0,2,1,1,,3,,0,,2,1,0,1,(1),(1),1,,"3,5",1,0,1,50,25,9,2021,17:30,1,38,38434,1,2,0,3,Route de la VallÃ©e,45.526068,5.552234,17,5,2
202100034767,139Â 567,A01,10,3,2,3,0,-1,-1,3,3,1,2021,32.0,3,2,0,1,3,1,1,,4,BUIS (RUE DU),0,,2,2,0,1,(1),(1),1,, -1,1,0,8,50,11,6,2021,11:19,1,15,15014,2,1,0,6,Boulevard du Pavatou,44.93185,2.45027,11,2,1
202100010665,182Â 664,A01,1,1,1,4,2,6,-1,-1, -1,-1,2021,32.0,2,1,0,2,1,3,1,,2,RN 104,0,,1,2,0,1,42,500,1,, -1,1,0,1,110,28,10,2021,13:57,1,91,91235,1,1,0,3,RN 104,48.62486,2.36306,13,3,2
202100046693,118Â 313,A01,10,3,1,2,0,-1,-1,3,3,1,2021,9.0,1,2,0,1,2,1,1,,3,5,-1,,2,2,0,1,(1),(1),4,, -1,1,0,1,50,26,3,2021,13:15,1,8,8491,2,1,0,6,1 Avenue Jean JaurÃ¨s,49.737275,4.855057,13,2,1
202100049726,112Â 864,A01,1,1,2,1,1,-1,-1,0,0,-1,2021,55.0,1,2,15,2,3,1,1,,4,,-1,,2,2,0,2,(1),(1),1,, -1,1,0,1,50,2,3,2021,16:30,1,60,60504,2,1,0,1,322 Rue de la Vigne au Mai,49.343226,2.198263,16,3,2
202100044125,122Â 802,A01,10,3,2,5,0,-1,-1,3,3,1,2021,23.0,1,2,0,1,1,19,1,,3,AV DE LONGJUMEAU,0,,-1,0,0,1,0,0,1,, -1,1,0,1,50,13,4,2021,18:03,2,91,91589,2,3,0,6,AV DE LONGJUMEAU,48.68512,2.34928,18,2,1
202100055294,102Â 983,B01,1,1,1,2,2,6,-1,-1, -1,-1,2021,16.0,1,1,0,2,1,1,1,,3,GETARIA(AVENUE),0,,2,3,0,1,20,0,1,, -1,1,0,1,50,11,1,2021,08:09,2,64,64249,2,3,0,3,Avenue Getaria,43.42331,-1.60515,8,2,2
202100006115,190Â 873,B01,2,2,2,5,0,0,-1,-1, -1,-1,2021,69.0,2,3,0,2,2,2,1,2.0,3,VICTOR HUGO (AV),0,,1,2,0,1,0,1,1,, -1,2,0,1,50,26,11,2021,14:30,1,94,94022,2,3,1,3,Avenue Victor Hugo,48.76931,2.42237,14,3,2
202100025785,155Â 600,B01,1,1,2,0,2,6,-1,-1, -1,-1,2021,28.0,1,1,0,2,1,1,1,,3,ARISTIDE BRIAND (AVENUE COTE PAIRS),0,,2,2,0,1,0,1,1,, -1,1,0,1,50,3,8,2021,14:20,1,93,93007,2,1,0,6,ARISTIDE BRIAND (AVENUE COTE PAIRS),48.944205579,2.447095296,14,2,2
202100007572,188Â 207,A01,10,3,2,0,0,-1,-1,3,3,1,2021,19.0,2,2,0,1,1,1,1,,3,CHANZY (BOULEVARD),0,,2,4,0,1,(1),(1),1,, -1,1,0,1,50,15,11,2021,10:37,1,971,97120,2,1,0,6,CHANZY (BOULEVARD),16.24111,-61.53586,10,2,1
202100049179,113Â 847,B01,1,1,1,0,2,-1,-1,0,0,-1,2021,31.0,2,1,0,2,1,1,0,,3,958,-1,,2,2,0,1,(1),(1),1,, -1,1,0,1,50,6,3,2021,16:30,1,54,54200,2,5,0,3,D958,48.8752157441,5.8473980435,16,3,2
202100028957,149Â 965,A01,1,1,1,5,1,-1,-1,-1, -1,-1,2021,29.0,1,2,0,2,1,26,1,,1,A86.INT,0,,1,2,0,1,31,0,1,, -1,1,1,1,90,14,7,2021,17:45,1,94,94033,1,1,0,5,A86.INT,48.84764,2.49136,17,3,3
202100053353,106Â 355,A01,10,3,1,1,0,-1,-1,4,3,1,2021,25.0,1,1,0,1,1,1,1,,4,BOULEVARD VOLTAIRE,0,,2,2,0,1,(1),(1),1,, -1,2,0,1,30,28,1,2021,18:30,5,75,75111,2,2,1,6,BOULEVARD VOLTAIRE,48.864403,2.369048,18,3,1
202100042103,126Â 371,A01,1,1,1,5,0,-1,-1,0,0,-1,2021,84.0,3,1,6,0,1,15,5,,3,,-1,,-1,1,0,2,7,703,2,, -1,9,1,8,-1,30,4,2021,15:30,1,50,50582,1,1,0,1,Les Boussardieres,48.702029,-0.927395,15,1,1
202100025996,155Â 213,A01,10,3,2,0,0,-1,-1,5,9,2,2021,27.0,0,2,15,0,1,25,0,,9,ESTAQUE PLAGE,0,,-1,2,0,1,0,0,1,, -1,1,9,4,50,2,8,2021,01:00,5,13,13216,2,1,0,1,ESTAQUE PLAGE,43.3578,5.31947,1,3,1
202100042108,126Â 363,B01,1,1,1,5,0,-1,-1,0,0,-1,2021,14.0,0,1,0,2,1,19,0,,3,66,-1,,2,2,0,1,4,375,1,, -1,1,0,1,50,30,4,2021,12:30,1,27,27511,2,3,0,3,D66,49.144966,0.995303,12,2,2
202100005438,192Â 077,B01,1,1,2,5,1,-1,-1,0,0,-1,2021,43.0,2,2,0,2,1,1,1,,7,543,-1,D,-1,2,0,2,12,800,4,, -1,2,0,1,80,1,12,2021,20:45,3,13,13091,1,1,1,1,D543,43.621258,5.354676,20,2,2
202100005779,191Â 467,A01,1,1,1,1,2,0,-1,0,0,-1,2021,30.0,1,1,0,0,0,21,1,,4,RUE DE TOLBIAC,0,,2,2,3,1,(1),(1),1,, -1,2,5,1,30,27,11,2021,03:25,5,75,75113,2,2,1,7,RUE DE TOLBIAC,48.825945,2.345213,3,2,2
202100056023,101Â 743,A01,1,1,1,5,2,0,-1,0,0,-1,2021,26.0,2,1,0,2,1,2,1,,2,MEZZAVIA ROUTE DE,0,,2,2,0,1,2,915,1,, -1,1,0,1,50,6,1,2021,12:05,1,201,201004,2,9,0,2,MEZZAVIA ROUTE DE,41.95194,8.77751,12,2,2
202100000320,201Â 146,A01,1,1,2,9,1,-1,-1,-1, -1,-1,2021,63.0,1,2,0,2,5,1,1,,7,PICOT (AVE DU COLONEL),0,,1,2,0,2,1,1,2,, -1,1,5,1,50,31,12,2021,17:00,1,83,83144,2,6,0,3,PICOT (AVE DU COLONEL),43.13518,5.97755,17,2,2
202100030138,147Â 903,B01,2,2,1,1,1,-1,-1,-1,0,-1,2021,53.0,1,2,0,2,4,2,1,,1,AUTOROUTE A15,0,,3,10,0,2,9,899,2,, -1,1,0,1,110,7,7,2021,06:50,1,95,95582,1,1,0,2, A15,48.97472,2.24404,6,3,2
202100037933,133Â 863,A01,1,1,1,1,1,-1,-1,0,0,-1,2021,44.0,1,5,6,0,6,2,1,,3,75,-1,,2,2,0,1,28,950,1,, -1,1,0,1,80,29,5,2021,15:10,1,38,38067,1,1,0,3,Route de Vienne,45.68015,5.16845,15,4,2
202100003957,194Â 676,A01,1,1,1,4,8,0,-1,-1, -1,-1,2021,55.0,1,2,0,2,1,2,1,,3,D28 LIGNE DES BAMBOUS,0,,2,3,0,1,(1),(1),3,, -1,1,0,1,50,7,12,2021,11:50,1,974,97416,2,9,0,2,D28 LIGNE DES BAMBOUS,-21.3066,55.49772,11,2,2
202100011079,181Â 922,A01,1,1,2,0,1,0,-1,-1, -1,-1,2021,64.0,3,2,0,2,8,9,1,,4,GUILLAUDOT(BOULEVARD DU GENERAL MAURICE),0,,2,2,2,1,(1),(1),1,, -1,1,5,1,50,24,10,2021,12:35,1,56,56260,2,3,0,3,GUILLAUDOT(BOULEVARD DU GENERAL MAURICE),47.666972,-2.7457143,12,2,2
202100037611,134Â 430,B01,1,1,1,5,2,6,-1,0,0,-1,2021,34.0,3,1,0,2,8,1,1,,4,PLACE DU TROCADERO ET DU 11 NOVEMBRE,0,,1,1,0,1,(1),(1),3,, -1,1,0,1,50,28,5,2021,21:00,5,75,75116,2,7,0,3,PLACE DU TROCADERO ET DU 11 NOVEMBRE,48.863922,2.290464,21,3,2
202100051904,108Â 924,A01,1,1,2,9,1,-1,-1,-1, -1,-1,2021,30.0,2,2,0,2,8,1,1,,4,,0,,1,1,0,2,(1),(1),1,, -1,1,0,1,50,10,2,2021,16:00,1,33,33063,2,6,0,3,Rue des Pins Francs,44.861729,-0.623489,16,3,2
202100011571,181Â 040,B01,1,1,2,1,2,0,-1,-1, -1,-1,2021,33.0,2,1,0,2,1,1,5,,4,PAUL CLAUDEL (RUE),0,,2,2,1,1,0,0,2,, -1,1,5,5,50,22,10,2021,08:30,1,61,61001,2,2,0,1,PAUL CLAUDEL (RUE),48.41654,0.09424,8,2,2
202100001263,199Â 504,F01,2,2,1,5,1,0,-1,-1, -1,-1,2021,28.0,2,2,0,2,1,1,1,,1,A4,0,,3,8,0,1,9,500,1,, -1,2,1,1,90,27,12,2021,13:15,1,94,94017,1,1,1,4,A4,48.82772,2.50788,13,7,6
202100007439,188Â 453,A01,10,3,2,1,8,8,-1,2,3,1,2021,48.0,3,2,0,1,4,4,1,,4,PLACE DU GENERAL KOENIG,0,,1,1,3,1,(1),(1),1,, -1,1,0,1,30,18,11,2021,09:15,1,75,75117,2,7,0,6,PLACE DU GENERAL KOENIG,48.880708,2.285282,9,2,1
202100039881,130Â 303,B01,1,1,1,0,2,6,-1,0,0,-1,2021,16.0,1,1,0,2,1,19,1,,2,66,-1,,2,2,0,2,22,669,1,, -1,2,0,1,50,15,5,2021,19:25,1,88,88369,2,3,1,3,25 Rue d'Alsace,47.89396,6.741373,19,2,2
202100055882,101Â 988,A01,1,1,1,1,2,6,-1,-1, -1,-1,2021,60.0,1,1,0,2,1,2,1,,1,A86,0,,3,4,0,1,77,300,1,, -1,1,0,1,50,8,1,2021,19:00,3,92,92063,2,1,0,2,A86,48.8888479305,2.1682789922,19,2,2
202100012344,179Â 661,A01,2,2,2,9,1,0,-1,-1, -1,-1,2021,39.0,2,2,3,2,4,18,1,,1,A7-Sens Marseille vers Lyon,0,,1,2,0,1,258,0,1,, -1,1,0,1,110,19,10,2021,13:30,1,13,13117,1,1,0,2,A7-Sens Marseille vers Lyon,43.47675,5.23789,13,3,2
202100011833,180Â 572,A01,1,1,1,0,2,0,-1,-1, -1,-1,2021,15.0,1,1,0,2,1,2,1,,7,NAPOLLON (ROUTE DE),0,,2,2,0,1,0,100,1,, -1,1,2,1,50,20,10,2021,18:20,1,13,13005,2,2,0,2,NAPOLLON (ROUTE DE),43.3164037751,5.5869655204,18,2,2
202100040086,129Â 941,A01,2,2,1,9,1,5,-1,0,0,-1,2021,38.0,1,2,2,0,2,0,2,,1,4,-1,,1,2,0,1,277,300,1,, -1,1,0,3,130,14,5,2021,09:55,1,55,55400,1,1,0,7,"AUTOROUTE A4 - PK 277,300",49.142734,5.705225,9,4,1
202100033730,141Â 473,B01,9,2,2,9,1,9,-1,0,0,-1,2021,5.0,2,2,0,2,3,26,1,,3,999,-1,,2,2,0,2,43,200,2,, -1,2,0,1,70,18,6,2021,10:00,1,30,30088,1,1,0,1,D 999,43.861438,4.143316,10,5,2
202100020520,164Â 956,A01,1,1,2,9,8,0,-1,-1, -1,-1,2021,80.0,1,2,0,2,3,15,1,,4,JUIN PLACE ET RUE,0,,2,2,0,1,1,0,1,, -1,1,0,1,50,6,9,2021,18:13,1,49,49007,2,1,0,3,JUIN PLACE ET RUE,47.445416,-0.570147,18,2,2
202100028911,150Â 052,B01,2,2,2,0,1,-1,-1,0,0,-1,2021,82.0,1,2,0,2,1,1,1,,3,D213,-1,,3,4,0,1,37,500,1,, -1,1,5,1,90,15,7,2021,10:25,1,44,44131,1,9,0,3,D213,47.143814,-2.132716,10,3,2
202100037024,135Â 521,A01,10,3,2,1,0,-1,-1,4,3,1,2021,30.0,1,5,0,1,1,15,1,,4,VAUCELLES (RUE DE),0,,2,4,0,1,1,0,1,, -1,1,0,1,50,1,6,2021,08:35,1,14,14118,2,4,0,6,Rue de Vaucelles,49.17479,-0.35325,8,2,1
202100012488,179Â 384,B01,1,1,1,9,2,6,-1,0,0,-1,2021,57.0,2,1,0,2,0,1,1,,4,RUE PELLEPORT,0,,2,2,0,2,(1),(1),1,, -1,1,0,1,30,18,10,2021,10:50,1,75,75120,2,2,0,3,RUE PELLEPORT,48.870782,2.399221,10,3,2
202100042981,124Â 843,B01,1,1,1,5,2,-1,-1,0,0,-1,2021,54.0,3,1,0,2,2,0,0,,4,7,0,D,2,2,0,2,0,0,4,, -1,1,0,1,50,22,4,2021,14:30,1,6,6128,1,1,1,3,616 chemin des salettes,43.691782,7.118266,14,2,2
202100045077,121Â 160,A01,1,1,1,5,1,-1,-1,-1, -1,-1,2021,23.0,2,2,1,2,2,12,1,,1,A9,0,,3,5,0,1,196,300,1,, -1,1,0,2,130,5,4,2021,16:55,1,11,11024,1,1,0,6,A9 PK 196.300,43.108722,2.949786,16,5,2
202100025539,156Â 022,B01,1,1,1,5,0,-1,-1,0,0,-1,2021,14.0,0,1,8,0,4,19,5,,3,,-1,,2,2,0,1,4,469,1,,3,2,0,1,50,5,8,2021,18:10,1,17,17208,2,2,0,2,Rue de Curzay,46.224295,-0.994112,18,2,2
202100043211,124Â 420,B01,1,1,1,0,1,0,-1,-1, -1,-1,2021,20.0,-1,2,0,2,7,1,0,,3,COURTRY RUE DE,0,,2,2,0,2,0,1,1,, -1,1,9,1,70,21,4,2021,19:52,1,93,93074,1,1,0,3,COURTRY RUE DE,48.9360722058,2.6017402465,19,2,2
202100027758,152Â 091,A01,1,1,2,9,8,0,-1,0,0,-1,2021,31.0,1,1,4,0,1,13,5,,4,AVENUE GAMBETTA,0,,2,2,1,2,(1),(1),1,, -1,1,0,5,50,21,7,2021,15:45,1,75,75120,2,5,0,6,AVENUE GAMBETTA,48.868331,2.401426,15,1,1
202100048023,115Â 906,B01,1,1,1,9,8,-1,-1,-1, -1,-1,2021,40.0,0,2,1,0,4,23,1,,6,THOMAS (RUE ALBERT) DU NÂ° 1 A 5 ET NÂ°2,0,,-1,0,0,1,(1),(1),1,, -1,1,9,8,10,12,3,2021,18:35,5,51,51454,2,1,0,4,Rue Albert Thomas,49.238809177,4.04533516,18,4,3
202100018526,168Â 518,A01,10,3,1,5,0,-1,-1,1,2,1,2021,33.0,0,2,0,1,2,1,1,,4,SURVILLE (DE)                       (R ),0,,2,2,1,1,(1),(1),1,, -1,1,0,1,50,16,9,2021,04:50,5,69,69388,2,9,0,6,SURVILLE (DE) (R),45.71933,4.854,4,2,1
202100014480,175Â 824,A01,2,2,2,5,1,-1,-1,0,0,-1,2021,79.0,3,2,0,2,3,1,1,,3,11,-1,D,2,2,0,1,(1),(1),1,,5,1,0,1,80,9,10,2021,09:45,1,22,22137,1,1,0,1,Keroguiou,48.273197,-3.444895,9,3,2
202100050777,110Â 918,A01,1,1,1,0,8,0,-1,-1, -1,-1,2021,25.0,2,1,12,0,1,26,1,,3,HUIT MAI 1945 (AV DU),0,,1,1,0,1,1,0,3,, -1,1,5,1,50,20,2,2021,19:20,5,94,94044,2,6,0,6,Avenue du 8 Mai 1945,48.75152,2.49057,19,1,1
202100006937,189Â 367,A01,10,3,1,5,0,-1,-1,2,A,-1,2021,50.0,2,3,0,1,7,1,3,,4,BOULEVARD NEY,0,,2,0,3,1,(1),(1),1,, -1,2,-1,6,10,21,11,2021,15:34,1,75,75118,2,2,1,6,BOULEVARD NEY,48.898073,2.344277,15,2,1