Num_Acc,id_vehicule,num_veh,place,catu,sexe,trajet,secu1,secu2,secu3,locp,actp,etatp,year_acc,victim_age,senc,catv,obs,obsm,choc,manv,motor,occutc,catr,voie,v1,v2,circ,nbv,vosp,prof,pr,pr1,plan,lartpc,larrout,surf,infra,situ,vma,jour,mois,an,hrmn,lum,dep,com,agg_,int,atm,col,adr,lat,long,hour,nb_victim,nb_vehicules
202100001303,199Â 436,B01,1,1,1,4,2,8,-1,-1, -1,-1,2021,43.0,2,1,0,2,3,16,0,,3,131,0,,3,5,0,1,0,0,1,, -1,2,0,1,50,26,12,2021,21:29,5,92,92050,2,2,1,3,JOLIOT CURIE F. ET IRENE AVENUE  NÂ°PAIRS,48.88935,2.20415,21,2,2
202100014760,175Â 330,A01,10,3,1,0,0,-1,-1,1,3,1,2021,28.0,1,2,0,1,0,1,1,,2,JAURES (BLD 1 JEAN),0,,1,4,1,1,(1),(1),1,, -1,1,0,1,60,4,10,2021,19:40,5,974,97411,2,1,0,6,JAURES (BLD 1 JEAN),-20.8953,55.47287,19,3,1
202100035302,138Â 603,B01,1,1,1,9,2,0,-1,0,0,-1,2021,32.0,2,1,0,2,3,1,1,,4,RUE DU COMMANDANT L HERMINIER,0,,2,4,0,1,(1),(1),1,, -1,1,0,1,30,10,6,2021,07:35,1,75,75120,2,2,0,3,RUE DU COMMANDANT L HERMINIER,48.84671,2.415866,7,2,2
202100006673,189Â 855,A01,1,1,1,5,8,0,-1,-1, -1,-1,2021,17.0,1,2,0,2,1,2,1,,4,PL DU DR JOSEPH BAYLAC,0,,3,3,0,1,(1),(1),1,, -1,2,9,1,50,23,11,2021,20:50,5,31,31555,2,1,1,2,PL DU DR JOSEPH BAYLAC,43.60791,1.397395,20,2,2
202100039493,131Â 015,A01,1,1,1,1,1,-1,-1,0,0,-1,2021,40.0,2,2,0,2,1,17,1,,3,20,0,,2,2,0,1,9,140,1,, -1,2,5,1,90,19,5,2021,07:00,1,49,49192,1,2,0,1,"RD20, PK 08.900",47.019315,-0.77033,7,2,2
202100017350,170Â 632,B01,4,2,1,5,1,-1,-1,-1, -1,-1,2021,8.0,2,2,0,2,4,2,1,,1,ROCADE A 630,0,,3,6,0,1,33,485,1,, -1,1,0,1,90,25,9,2021,17:30,1,33,33039,1,1,0,2,ROCADE A 630,44.797744,-0.537466,17,5,2
202100005647,191Â 694,B01,1,1,1,9,8,0,-1,0,0,-1,2021,23.0,1,1,0,2,1,1,3,,4,RUE ALIBERT,0,,2,1,0,2,(1),(1),1,, -1,1,0,1,30,29,11,2021,08:10,1,75,75110,2,5,0,3,RUE ALIBERT,48.871739,2.367918,8,2,2
202100012923,178Â 634,B01,1,1,1,0,6,2,-1,0,0,-1,2021,49.0,1,1,0,2,1,1,1,,3,15,0,,2,2,0,3,14,0,1,, -1,1,0,1,80,16,10,2021,14:33,1,32,32290,1,1,0,1,D15,43.951177,0.213815,14,3,2
202100034538,139Â 993,B01,1,1,1,3,1,-1,-1,-1, -1,-1,2021,34.0,2,2,0,2,8,1,1,,1,AUTOROUTE A 10,0,,3,6,0,1,541,600,1,, -1,1,0,1,110,14,6,2021,16:15,1,33,33397,1,1,0,3,AUTOROUTE A 10,44.894899,-0.497586,16,2,2
202100020322,165Â 311,A01,1,1,1,1,2,6,-1,0,0,-1,2021,31.0,1,1,0,2,2,1,1,,4,AVENUE DE FLANDRE,0,,1,3,0,1,(1),(1),1,, -1,1,0,1,30,7,9,2021,08:06,1,75,75119,2,1,0,2,AVENUE DE FLANDRE,48.889665,2.37537,8,2,2
202100021639,162Â 947,A01,10,3,1,0,0,-1,-1,1,1,1,2021,43.0,2,2,0,1,2,1,1,,3,,0,,2,2,0,1,53,0,1,, -1,1,0,1,80,25,8,2021,23:35,3,11,11069,1,1,0,6,ROCADE NORD EST - RD 6113,43.233375,2.369382,23,2,1
202100031220,145Â 936,A01,1,1,1,0,8,0,-1,-1, -1,-1,2021,42.0,1,2,1,0,2,14,1,,4,,0,,1,0,0,1,19,0,1,, -1,1,0,1,50,3,7,2021,07:30,1,92,92023,2,1,0,6,PLAISANCE (RUE DE),48.78034,2.23478,7,1,1
202100030268,147Â 661,A01,10,3,1,5,0,-1,-1,0,1,2,2021,64.0,1,2,0,1,2,2,1,,3,34,0,D,2,2,0,1,26,700,1,, -1,1,0,1,80,7,7,2021,12:30,1,56,56155,1,1,0,6,Route de la Roche Bernard,47.478718,-2.430981,12,2,1
202100046301,119Â 018,A01,1,1,1,5,2,-1,-1,0,0,-1,2021,49.0,1,1,0,2,1,1,1,,3,64,0,,2,2,0,1,9,700,2,, -1,1,0,1,80,28,3,2021,14:00,1,95,95627,1,1,0,3,Route dÃ©partementale 64,49.1399555446,2.0964854737,14,4,2
202100008190,187Â 082,A01,1,1,2,1,1,5,-1,0,0,-1,2021,40.0,1,2,0,2,3,15,1,,3,2,-1,,2,1,0,1,56,740,1,,3,2,0,1,80,15,11,2021,07:15,2,1,1437,1,2,0,3,Route de la MÃ©trode,46.4500103586,5.0243968862,7,3,2
202100046206,119Â 176,A01,1,1,2,0,1,5,-1,-1, -1,-1,2021,43.0,1,2,3,2,3,19,1,,2,RN12 EXT,0,,3,6,0,1,32,599,1,, -1,1,0,1,110,27,3,2021,19:00,2,78,78490,1,1,0,2,RN12 EXT,48.80047,1.97273,19,2,2
202100000672,200Â 512,A01,1,1,1,1,2,6,-1,-1, -1,-1,2021,43.0,1,1,0,2,1,3,1,,1,AUTOROUTE A6,0,,1,3,0,1,13,854,1,, -1,1,0,1,110,31,12,2021,16:45,2,91,91161,1,1,0,2,AUTOROUTE A6,48.69789,2.31449,16,2,2
202100040449,129Â 305,B01,1,1,2,5,1,-1,-1,-1, -1,-1,2021,35.0,3,2,0,2,3,1,1,,4,ESSES (DES)                         (MO),0,,2,1,0,2,(1),(1),4,, -1,2,0,1,50,10,5,2021,16:30,1,69,69384,2,1,1,3,ESSES (DES)                         (MO),45.77216,4.81605,16,2,2
202100011929,180Â 402,B01,1,1,1,1,2,-1,-1,0,0,-1,2021,16.0,1,1,0,2,8,0,1,,3,24,-1,,2,2,0,1,23,652,1,, -1,1,0,1,50,22,10,2021,09:00,1,34,34145,2,3,0,1,Avenue de Mauguio,43.67406,4.127469,9,2,2
202100001614,198Â 913,A01,1,1,1,1,8,4,-1,-1, -1,-1,2021,52.0,1,1,15,0,1,1,3,,4,GEORGES POMPIDOU (RUE),0,,1,2,2,1,(1),(1),2,, -1,1,0,5,50,21,12,2021,12:22,1,10,10387,2,6,0,7,GEORGES POMPIDOU (RUE),48.2911123632,4.0884339807,12,1,1
202100038082,133Â 591,A01,1,1,1,5,2,-1,-1,0,0,-1,2021,34.0,1,1,5,0,1,1,1,,3,113,-1,D,2,2,0,2,6,930,3,, -1,1,0,1,90,28,5,2021,09:54,1,61,61474,1,1,0,6,D113,48.768318,0.030357,9,1,1
202100017124,171Â 027,A01,1,1,1,0,2,0,-1,-1, -1,-1,2021,19.0,1,1,3,0,2,1,1,,3,Route Nationale 3,0,,3,4,0,1,18,500,1,, -1,1,0,1,70,23,9,2021,07:55,1,93,93046,1,1,0,6,D933,48.92835,2.55219,7,1,1
202100041470,127Â 482,C01,1,1,2,5,1,8,-1,-1, -1,-1,2021,19.0,1,2,0,2,1,1,1,,1,A51-Sens Marseille vers Aix en Provence,0,,1,3,0,1,4,0,1,, -1,1,0,1,90,3,5,2021,18:00,1,13,13019,1,1,0,4,A51-Sens Marseille vers Aix en Provence,43.4244,5.37591,18,3,3
202100052835,107Â 280,B01,1,1,1,5,1,-1,-1,0,0,-1,2021,69.0,1,2,0,2,8,11,1,,1,8,-1,,3,5,0,2,202,300,1,, -1,1,2,1,110,30,1,2021,10:50,1,6,6149,1,1,0,3,"A8, PK 202.300 chaussÃ©e sud",43.733895,7.31653,10,3,2
202100047651,116Â 579,B01,1,1,1,1,2,6,-1,0,0,-1,2021,61.0,3,1,0,2,2,17,1,,4,BOULEVARD LANNES,0,,2,1,0,1,(1),(1),1,, -1,2,0,1,50,17,3,2021,17:45,2,75,75116,2,3,1,3,BOULEVARD LANNES,48.86687,2.271822,17,2,2
202100037474,134Â 684,A01,2,2,2,5,2,6,-1,0,0,-1,2021,63.0,1,1,0,2,3,1,1,,3,7,0,N,2,2,0,2,15,0,1,, -1,1,5,1,50,30,5,2021,10:05,1,84,84083,2,1,0,3,Route Nationale 7,44.19729,4.736175,10,3,2
202100030069,148Â 037,A01,1,1,1,0,0,-1,-1,0,0,-1,2021,56.0,2,1,0,0,0,1,0,,3,142,-1,,2,2,0,2,1,840,1,, -1,1,0,1,80,9,7,2021,14:00,1,80,80186,1,1,0,7,D142,49.812346,2.823272,14,1,1
202100049870,112Â 597,B01,3,2,1,5,1,0,-1,-1, -1,-1,2021,21.0,3,2,0,2,4,1,1,,4,MOULIN (AVENUE JEAN),0,,2,2,0,1,0,0,3,, -1,1,0,8,50,27,2,2021,10:47,1,77,77445,2,1,0,2,MOULIN (AVENUE JEAN),48.59421,2.58382,10,4,2
202100049464,113Â 347,A01,1,1,2,1,1,0,-1,-1,0,-1,2021,24.0,2,2,0,0,9,1,1,,2,RN 104,0,,2,4,0,1,12,300,2,, -1,1,0,1,110,3,3,2021,09:50,1,95,95682,1,1,0,7,RN 104,49.068389912,2.3835771191,9,1,1
202100035871,137Â 565,A01,1,1,1,5,1,5,-1,-1, -1,-1,2021,28.0,2,2,4,0,1,26,1,,3,RD 41 (ROCADE),0,,1,1,0,1,5,500,3,, -1,2,0,1,60,6,6,2021,22:32,5,972,97209,1,1,1,6,RD 41 (ROCADE),14.61027,-61.08427,22,1,1
202100040217,129Â 709,A01,10,3,2,5,0,-1,-1,4,3,1,2021,28.0,2,2,0,1,2,1,1,,4,BOULEVARD ORNANO,0,,2,5,0,1,(1),(1),1,, -1,1,0,1,50,11,5,2021,18:57,1,75,75118,2,4,0,6,BOULEVARD ORNANO,48.892335,2.349067,18,5,1
202100007037,189Â 178,B01,1,1,1,0,2,0,-1,-1, -1,-1,2021,44.0,1,1,0,2,1,1,1,,4,VOLTAIRE (RUE),0,,2,4,0,1,(1),(1),1,, -1,1,0,1,50,20,11,2021,17:27,5,10,10387,2,1,0,3,VOLTAIRE (RUE),48.294,4.06608,17,2,2
202100024974,157Â 022,B01,1,1,1,5,1,-1,-1,-1, -1,-1,2021,45.0,1,2,0,2,6,1,2,,1,A50,0,,1,1,0,3,63,500,1,, -1,1,3,1,70,6,8,2021,11:23,1,83,83129,1,1,0,1,A50,43.1202970331,5.8488638741,11,2,2
202100020664,164Â 694,A01,1,1,2,1,8,0,-1,-1, -1,-1,2021,21.0,3,2,7,0,1,9,1,,2,N118,0,,1,1,0,1,4,199,4,, -1,1,0,3,50,5,9,2021,23:00,3,78,78640,1,1,0,6,N118,48.77653,2.22129,23,1,1
202100007489,188Â 369,B01,1,1,1,5,1,-1,-1,0,0,-1,2021,76.0,2,2,0,0,8,1,1,,3,28,0,,2,2,0,1,21,498,1,, -1,1,0,1,90,19,11,2021,11:50,1,61,61440,1,2,0,3,Lieu Dit la Jarciere,48.739281,0.718001,11,2,2
202100055486,102Â 671,A01,2,2,2,0,8,0,-1,-1, -1,-1,2021,28.0,1,2,14,0,9,1,1,,4,,0,,2,2,2,1,(1),0,1,, -1,1,1,8,30,10,1,2021,04:45,5,44,44109,2,1,0,6,RUE ANATOLE DE MONZIE,47.20505,-1.53848,4,3,1
202100013838,176Â 958,A01,1,1,1,4,2,8,-1,-1, -1,-1,2021,43.0,1,1,0,2,4,15,1,,4,CHARMILLE (RUE DE LA),0,,2,2,0,1,0,0,1,, -1,1,0,1,50,10,10,2021,22:20,5,67,67482,2,1,0,2,CHARMILLE (RUE DE LA),48.58031,7.71883,22,2,2
202100008681,186Â 221,B01,1,1,1,0,1,-1,-1,-1, -1,-1,2021,21.0,2,2,0,2,1,1,1,,4,CHARLES RICHARD                     (R ),0,,1,1,2,1,(1),(1),1,, -1,1,0,1,50,8,11,2021,12:00,1,69,69383,2,2,0,3,CHARLES RICHARD (R),45.75057,4.88764,12,2,2
202100027914,151Â 814,A01,1,1,1,0,1,0,-1,0,0,-1,2021,24.0,1,2,0,2,2,2,1,,7,LIBERATION (AVENUE DE LA),0,,2,1,0,2,(1),(1),1,, -1,1,0,1,50,19,7,2021,13:40,1,54,54395,2,9,0,2,LIBERATION (AVENUE DE LA),48.697278,6.154478,13,2,2
202100019913,166Â 037,B01,1,1,1,9,1,0,-1,-1, -1,-1,2021,33.0,1,2,1,2,1,17,1,,3,ABBE ROGER DERRY (AV DE L),0,,2,2,0,1,1,0,1,, -1,2,0,8,30,8,9,2021,22:20,5,94,94081,2,3,1,1,Avenue de lâAbbÃ© Roger Derry,48.78979,2.39022,22,2,2
202100021558,163Â 102,A01,1,1,1,4,1,6,-1,-1, -1,-1,2021,34.0,2,1,0,2,1,3,1,,1,AUTOROUTE A6B,0,,1,3,0,2,8,199,1,, -1,1,0,1,110,1,9,2021,16:55,1,91,91689,1,1,0,2,AUTOROUTE A6B,48.746,2.326,16,2,2
202100047841,116Â 244,A01,1,1,2,0,1,0,-1,-1, -1,-1,2021,34.0,3,2,0,2,8,15,1,,3,CANADIENS (AV DES),0,,1,2,0,1,0,375,3,, -1,1,0,1,50,16,3,2021,09:05,1,94,94069,2,2,0,3,CANADIENS (AV DES),48.81723,2.4588,9,2,2
202100023741,159Â 181,B01,2,2,2,1,1,0,-1,0,0,-1,2021,24.0,1,2,0,2,4,23,1,,4,SOUTERRAIN BERCY,0,,3,3,0,2,(1),(1),1,, -1,1,0,1,50,16,8,2021,17:45,1,75,75112,2,1,0,4,SOUTERRAIN BERCY,48.830822,2.385755,17,5,3
202100017785,169Â 825,A01,10,3,2,9,0,-1,-1,3,3,1,2021,69.0,1,5,0,1,1,26,1,,3,SAINTONGE BLANC. A APOTRES AVENUE DE,0,,2,2,0,1,0,508,1,, -1,1,6,8,50,10,9,2021,16:15,1,17,17415,1,1,1,6,SAINTONGE BLANC. A APOTRES AVENUE DE,45.740177,-0.653248,16,2,1
202100042565,125Â 543,A01,1,1,1,0,2,6,-1,-1, -1,-1,2021,63.0,2,1,3,0,9,2,1,,7,ROUTE NATIONALE 356,0,,3,4,0,1,7,59,1,, -1,1,0,1,90,24,4,2021,18:21,1,59,59646,1,1,0,6,ROUTE NATIONALE 356,50.683163,3.13196,18,1,1
202100037373,134Â 867,A01,1,1,1,5,2,-1,-1,0,0,-1,2021,63.0,2,1,0,0,9,1,5,,3,431,-1,,2,2,0,2,5,0,3,, -1,1,0,1,80,31,5,2021,14:00,1,68,68178,1,1,0,7,D431,47.905699,7.089615,14,1,1
202100036822,135Â 882,B01,1,1,1,0,2,8,-1,-1, -1,-1,2021,39.0,2,1,0,2,7,26,5,,3,,0,,2,2,0,1,(1),(1),3,, -1,1,9,1,50,28,5,2021,20:21,2,11,11262,2,6,0,3,CARNOT (AVENUE),43.2005,3.01936,20,2,2
202100014296,176Â 148,B01,1,1,2,-1,0,-1,-1,-1, -1,-1,2021,40.0,1,2,0,2,1,2,1,,7,R.N. 353,0,,3,4,0,1,4,800,1,, -1,1,0,1,110,8,10,2021,08:55,1,67,67218,1,1,0,2,M353,48.502937,7.718281,8,2,2
202100043821,123Â 353,B01,1,1,2,5,1,-1,-1,0,0,-1,2021,29.0,0,2,0,2,4,0,1,,3,D660,-1,,2,2,0,1,7,312,2,, -1,1,0,8,30,16,4,2021,15:30,1,89,89171,2,1,0,2,D 660,48.2250062067,3.5073208809,15,3,2
202100054351,104Â 607,A01,1,1,1,1,2,6,-1,0,0,-1,2021,46.0,1,1,0,2,7,1,1,,4,ECHANGEUR MAILLOT,0,,1,2,0,2,(1),(1),3,, -1,1,1,1,50,20,1,2021,08:15,1,75,75116,2,4,0,3,ECHANGEUR MAILLOT,48.877813,2.279685,8,2,2
202100005975,191Â 117,Z01,10,3,1,9,8,8,-1,2,9,1,2021,46.0,3,2,0,1,1,0,0,,4,ROGER SALENGRO (AVENUE),0,,1,1,0,1,1,0,2,, -1,1,9,1,50,26,11,2021,19:46,4,13,13203,2,7,0,6,ROGER SALENGRO (AVENUE),43.30911,5.37414,19,2,1
202100055800,102Â 124,A01,1,1,1,1,2,6,-1,-1, -1,-1,2021,31.0,1,1,3,0,0,17,1,,3,612,0,,3,4,0,1,67,1423,3,, -1,1,0,1,90,7,1,2021,07:40,3,34,34032,1,1,0,5,ROUTE DEPARTEMENTALE 612,43.36237,3.24291,7,3,3
202100029172,149Â 605,B01,1,1,2,9,1,0,-1,-1, -1,-1,2021,22.0,3,2,0,2,3,9,1,,3,KENNEDY (AVENUE JOHN FITZGERALD),0,,3,4,0,1,0,1,1,, -1,2,0,8,50,13,7,2021,17:40,1,93,93013,2,2,1,3,Avenue John Fitzgerald Kennedy / Rue de lâEgalitÃ©,48.93894,2.4243,17,4,2
202100006151,190Â 818,B01,1,1,2,1,2,6,-1,0,0,-1,2021,16.0,1,1,0,2,1,1,1,,3,D90,-1,,2,2,0,1,17,422,1,, -1,1,0,1,50,26,11,2021,08:30,1,85,85096,2,2,0,3,Route de Paulx,46.898997,-1.827565,8,2,2
202100019115,167Â 457,A01,2,1,1,0,2,6,-1,-1, -1,-1,2021,58.0,2,1,0,0,7,0,1,,2,N118,0,,3,5,0,2,1,500,1,, -1,1,0,1,50,13,9,2021,11:50,1,92,92072,1,1,0,7,N118,48.8174026347,2.2162951801,11,1,1
202100008450,186Â 635,B01,1,1,2,5,1,0,-1,-1, -1,-1,2021,46.0,2,2,0,2,4,1,1,,3,MARECHAL FOCH (AVENUE DU),0,,2,2,0,1,4,600,1,, -1,1,0,1,50,10,11,2021,12:10,1,78,78440,2,2,0,2,MARECHAL FOCH (AVENUE DU),48.989141,1.898331,12,2,2
202100014846,175Â 173,B01,1,1,2,5,1,0,-1,-1, -1,-1,2021,27.0,1,2,0,0,6,1,1,,3,STALINGRAD (BD DE),0,,2,2,0,1,1,0,1,, -1,1,0,1,50,6,10,2021,11:05,1,94,94081,2,2,0,3,Boulevard de Stalingrad,48.7984,2.38169,11,3,2
202100018094,169Â 284,E01,2,2,2,0,1,0,-1,-1, -1,-1,2021,58.0,1,2,0,2,4,2,1,,1,AUTOROUTE A1,0,,3,8,0,1,11,399,1,, -1,1,0,1,110,19,9,2021,18:30,1,93,93005,1,1,0,4,AUTOROUTE A1,48.95771,2.46214,18,7,6
202100030941,146Â 447,A01,1,1,1,5,8,-1,-1,0,0,-1,2021,25.0,3,2,8,0,1,1,1,,4,,-1,,2,2,0,1,(1),(1),2,,"5,5",1,0,4,30,4,7,2021,05:20,5,26,26235,2,7,0,6,31 Place du Champ de Mars,44.376158,4.698737,5,2,1
202100022880,160Â 721,A01,1,1,1,5,0,-1,-1,0,0,-1,2021,18.0,3,1,0,0,7,0,1,,6,,-1,,-1,0,0,1,(1),(1),1,,4,1,0,8,50,24,8,2021,00:00,5,59,59524,2,1,0,7,Rue du 11 Novembre,50.565078,2.906147,0,1,1
202100015186,174Â 565,A01,2,2,2,5,0,-1,-1,0,0,-1,2021,21.0,0,2,6,0,0,6,1,,3,152,-1,,2,2,0,1,3,100,4,, -1,1,0,3,50,2,10,2021,23:57,5,69,69270,2,1,0,7,HENRI VALENCIN (R),45.633561,4.93962,23,2,1
202100022985,160Â 542,A01,1,1,1,5,1,-1,-1,0,0,-1,2021,77.0,2,2,7,0,6,0,1,,3,1089,0,,2,3,0,1,87,620,1,, -1,1,9,3,90,21,8,2021,13:40,1,19,19101,1,1,0,6,D1089,45.249980998,1.7746179923,13,1,1
202100039151,131Â 643,A01,1,1,1,0,2,0,-1,-1, -1,-1,2021,30.0,2,1,0,2,1,11,1,,3,RHIN ET DANUBE(RUE DU),0,,-1,4,0,1,1,0,1,, -1,1,0,1,50,19,5,2021,20:45,1,94,94011,2,1,0,3,Avenue Rhin et Danube,48.770691,2.489853,20,2,2
202100003785,195Â 001,B01,1,1,1,0,1,-1,-1,0,0,-1,2021,19.0,1,2,0,2,3,1,1,,3,1,-1,,2,2,0,1,34,0,1,,"5,5",2,0,1,90,11,12,2021,09:25,1,87,87068,1,1,0,1,Grand Bagnol,46.153631,1.428995,9,3,2
202100008051,187Â 340,A01,2,2,2,5,1,0,-1,0,0,-1,2021,21.0,1,2,7,0,1,12,1,,4,AVENUE PARMENTIER,0,,2,2,0,1,(1),(1),1,, -1,2,0,1,30,15,11,2021,18:10,5,75,75111,2,3,1,6,AVENUE PARMENTIER,48.863071,2.376185,18,2,1
202100022067,162Â 184,A01,1,1,1,0,2,6,-1,-1, -1,-1,2021,16.0,2,1,0,2,1,16,1,,4,CHANZY (GENERAL),0,,2,2,0,1,0,0,1,, -1,1,0,1,50,19,8,2021,16:10,1,76,76217,2,6,0,1,CURIE (RUE PIERRE),49.91761,1.07727,16,2,2
202100025985,155Â 231,A01,4,2,1,0,1,-1,-1,-1, -1,-1,2021,19.0,0,2,8,0,1,1,1,,4,BD DU PRESIDENT WILSON,0,,3,2,0,1,(1),(1),1,, -1,2,0,1,50,1,8,2021,06:25,5,33,33063,2,1,1,6,Boulevard du PrÃ©sident Wilson,44.85218,-0.59465,6,4,1
202100047636,116Â 606,A01,10,3,2,5,-1,-1,-1,0,0,-1,2021,68.0,1,0,0,0,0,26,0,,4,JEAN MOULIN (BOULEVARD),0,,2,4,3,1,(1),(1),1,, -1,1,0,8,50,17,3,2021,17:25,1,13,13205,2,1,0,6,JEAN MOULIN (BOULEVARD),43.2910797616,5.3999451553,17,2,1
202100008525,186Â 492,A01,1,1,1,0,1,-1,-1,0,0,-1,2021,19.0,2,2,0,2,1,13,1,,2,10,-1,,2,2,0,1,30,700,1,,7,1,0,1,80,12,11,2021,07:30,2,41,41287,1,1,1,1,La Basse Roche,47.747865,1.040697,7,2,2
202100003486,195Â 523,C01,7,2,2,5,8,-1,-1,0,0,-1,2021,1.0,1,2,3,2,0,21,1,,1,35,0,,3,4,0,1,101,550,1,, -1,1,0,1,110,11,12,2021,18:30,3,68,68278,1,1,0,5,A35,47.7703872195,7.4122309685,18,7,3
202100021935,162Â 416,B01,1,1,1,0,2,0,-1,-1, -1,-1,2021,73.0,1,1,0,2,1,1,5,,3,PIMONT (BOULEVAR LOUIS),0,,1,1,0,1,0,1,1,, -1,1,0,1,50,29,8,2021,16:40,1,24,24037,2,9,0,3,PIMONT (BOULEVAR LOUIS),44.84355,0.4845,16,2,2
202100019373,167Â 002,A01,1,1,2,5,2,0,-1,0,0,-1,2021,62.0,3,0,12,0,1,14,3,,4,PLACE DE LA CONCORDE,0,,1,8,0,1,(1),(1),1,, -1,1,0,1,30,12,9,2021,17:10,1,75,75108,2,7,0,6,PLACE DE LA CONCORDE,48.8641736983,2.3202051795,17,1,1
202100037031,135Â 507,B01,1,1,1,4,2,6,-1,0,0,-1,2021,25.0,1,1,0,2,1,1,1,,4,RIQUIER (BD DE),0,,1,3,3,1,(1),(1),1,, -1,1,8,1,50,1,6,2021,22:10,5,6,6088,2,2,0,3,RIQUIER (BD DE),43.70216,7.28875,22,2,2
202100029059,149Â 800,A01,1,1,1,0,1,0,-1,-1, -1,-1,2021,20.0,1,2,4,0,1,0,1,,1,AUTOROUTE A6,0,,3,3,0,1,32,799,2,, -1,2,0,1,110,14,7,2021,06:30,2,91,91179,1,1,0,7,AUTOROUTE A6,48.5677,2.47201,6,1,1
202100056169,101Â 487,A01,10,3,2,5,0,-1,-1,5,1,1,2021,78.0,2,1,0,1,1,1,5,,4,MICHELET (BOULEVARD),0,,-1,0,1,1,(1),(1),1,, -1,1,0,5,50,5,1,2021,17:30,5,13,13208,2,1,0,6,MICHELET (BOULEVARD),43.26594,5.39534,17,2,1
202100039217,131Â 523,A01,1,1,2,1,1,-1,-1,0,0,-1,2021,28.0,2,2,0,2,3,13,1,,3,12,-1,,2,2,0,1,31,415,2,, -1,1,0,1,70,21,5,2021,12:20,1,31,31263,1,1,0,1,Route de Saverdun,43.398983,1.403632,12,2,2
202100035941,137Â 442,A01,10,3,2,5,0,-1,-1,4,3,1,2021,79.0,1,1,0,1,2,1,5,,4,RUE D AVRON,0,,2,2,0,1,(1),(1),1,, -1,1,0,1,30,7,6,2021,18:40,1,75,75120,2,2,0,6,RUE D AVRON,48.851851,2.401382,18,2,1
202100000564,200Â 693,B01,1,1,1,5,2,0,-1,-1, -1,-1,2021,58.0,1,1,0,2,5,26,5,,4,PERDRIAU,0,,1,2,0,1,1,0,2,, -1,1,0,1,30,10,11,2021,16:15,1,49,49246,2,6,0,3,PERDRIAU,47.4394,-0.486,16,2,2
202100028686,150Â 445,A01,10,3,1,9,0,-1,-1,3,3,2,2021,4.0,3,1,0,1,1,1,3,,4,RUE DES LONGUES RAIES,0,,1,1,1,3,(1),(1),1,, -1,1,0,5,30,16,7,2021,17:20,1,75,75113,2,3,0,6,RUE DES LONGUES RAIES,48.821203,2.350552,17,4,1
202100001690,198Â 770,B01,1,1,2,5,1,8,-1,-1, -1,-1,2021,33.0,1,2,0,2,5,2,1,,3,BADUEL (ROUTE DE),0,,2,2,0,1,3,300,1,, -1,2,0,1,50,22,12,2021,18:20,5,973,97302,2,1,0,2,BADUEL (ROUTE DE),4.9290643299,-52.3009335995,18,2,2
202100024687,157Â 517,B01,1,1,2,1,2,6,-1,0,0,-1,2021,59.0,1,1,12,2,1,1,1,,3,663,0,D,2,2,0,1,17,700,3,, -1,1,0,1,50,12,8,2021,08:00,1,25,25043,2,1,0,1,5 Rue du GÃ©nÃ©ral de Gaulle,47.49468,6.771814,8,3,2
202100036997,135Â 565,B01,1,1,2,0,1,-1,-1,-1, -1,-1,2021,40.0,1,2,0,2,6,16,1,,4,ARNOULD (BOULEVARD CHARLES),0,,2,2,0,1,(1),(1),1,, -1,1,0,1,50,1,6,2021,17:36,1,51,51454,2,3,0,2,Boulevard Charles Arnould,49.2664859537,4.0148844215,17,2,2
202100015153,174Â 624,B01,1,1,2,1,1,5,-1,0,0,-1,2021,28.0,3,2,0,2,3,1,1,,3,339.7,0,,2,2,0,1,(1),(1),2,, -1,1,0,1,80,6,10,2021,08:30,1,28,28177,1,1,1,1,D339.7,48.41143,1.51805,8,2,2
202100031926,144Â 680,A01,1,1,1,0,2,6,-1,0,0,-1,2021,15.0,1,1,9,0,2,1,1,,3,,-1,,2,2,0,1,(1),(1),1,,"5,5",1,0,3,50,28,6,2021,16:30,1,37,37063,2,1,0,6,Rue Gambetta,47.59656,0.913512,16,1,1
202100020552,164Â 895,A01,1,1,1,1,2,6,-1,-1, -1,-1,2021,40.0,1,1,0,2,1,2,1,,3,VILLOTE (ALLEES DE),0,,1,2,0,1,40,319,1,, -1,1,0,1,50,6,9,2021,10:45,1,9,9122,2,1,0,2,VILLOTE (ALLEES DE),42.964075,1.608138,10,2,2
202100016544,172Â 057,B01,1,1,1,1,2,0,-1,-1, -1,-1,2021,43.0,2,1,0,2,1,1,1,,3,PIERRE MENDES FRANCE (AV),0,,2,2,0,1,1,0,1,, -1,1,0,1,50,26,9,2021,10:00,1,94,94042,2,1,0,3,Avenue Pierre MendÃ¨s- France,48.81429,2.46251,10,2,2
202100013349,177Â 888,A01,1,1,1,5,2,-1,-1,0,0,-1,2021,46.0,1,1,0,2,1,5,1,,3,D2,0,,2,2,2,1,9,700,1,, -1,1,0,5,50,14,10,2021,12:30,1,973,97309,2,1,0,3,Route de RÃ©mire,4.900023,-52.273743,12,2,2
202100001325,199Â 390,B01,1,1,2,3,1,-1,-1,0,0,-1,2021,37.0,2,2,0,2,1,1,1,,7,222,0,M,2,2,0,2,(1),(1),2,, -1,2,2,1,70,24,12,2021,15:46,1,67,67152,2,1,1,1,Route de Lingolsheim,48.531335,7.689866,15,2,2