Num_Acc,id_vehicule,num_veh,place,catu,sexe,trajet,secu1,secu2,secu3,locp,actp,etatp,year_acc,victim_age,senc,catv,obs,obsm,choc,manv,motor,occutc,catr,voie,v1,v2,circ,nbv,vosp,prof,pr,pr1,plan,lartpc,larrout,surf,infra,situ,vma,jour,mois,an,hrmn,lum,dep,com,agg_,int,atm,col,adr,lat,long,hour,nb_victim,nb_vehicules
202100038827,132Â 222,A01,1,1,1,9,1,-1,-1,0,0,-1,2021,50.0,1,2,2,0,7,13,1,,3,933,0,,2,2,0,1,26,750,1,, -1,1,0,3,80,22,5,2021,22:11,3,64,64513,1,1,0,7,D933,43.435688,-0.929171,22,1,1
202100032375,143Â 896,A01,2,2,1,5,1,-1,-1,0,0,-1,2021,29.0,1,2,8,0,2,1,1,,3,14,0,D,2,2,0,2,17,200,2,, -1,1,0,3,90,26,6,2021,18:00,1,19,19099,1,1,0,6,D14,45.072581,1.69565,18,3,1
202100033913,141Â 143,A01,10,3,2,3,0,-1,-1,3,3,1,2021,45.0,1,5,0,1,1,1,1,,3,922,-1,,2,2,0,1,27,360,1,, -1,1,0,1,50,17,6,2021,17:40,1,95,95313,2,1,0,6,RD 922,49.107365,2.220919,17,2,1
202100015925,173Â 200,B01,1,1,1,1,8,0,-1,-1, -1,-1,2021,55.0,3,2,0,2,8,1,1,,7,CARGO RHIN FIDELI (RUE),0,,2,7,0,2,0,0,4,, -1,1,0,1,50,30,9,2021,17:00,1,13,13202,2,1,0,3,CARGO RHIN FIDELI (RUE),43.32707,5.35807,17,2,2
202100030288,147Â 629,B01,1,1,2,4,1,-1,-1,0,0,-1,2021,63.0,2,2,3,2,8,2,1,,3,709,-1,,-1,2,0,1,45,800,3,, -1,1,0,1,80,8,7,2021,07:05,1,24,24234,1,1,0,3,Haut Tresseroux,44.974332,0.403039,7,2,2
202100039569,130Â 859,A01,1,1,1,9,2,8,-1,-1, -1,-1,2021,22.0,2,1,0,2,1,17,1,,3,OLOF PALME,0,,2,2,0,1,29,440,1,, -1,1,0,1,70,17,5,2021,07:50,1,64,64445,2,3,0,2,OLOF PALME,43.3359436136,-0.3637182713,7,2,2
202100049401,113Â 453,A01,10,3,1,5,0,-1,-1,2,3,3,2021,14.0,3,2,0,1,1,2,0,,4,BOSPHORE (BOULEVARD DU),0,,3,2,0,1,1,0,1,, -1,1,0,1,50,3,3,2021,17:10,1,13,13215,2,1,0,6,BOSPHORE (BOULEVARD DU),43.37243,5.36529,17,2,1
202100036795,135Â 937,A01,2,2,1,1,8,0,-1,-1, -1,-1,2021,17.0,3,1,0,0,2,26,1,,4,AMBROISE PARE,0,,-1,2,0,1,1,0,1,, -1,1,0,1,50,1,6,2021,08:38,1,49,49007,2,1,0,7,AMBROISE PARE,47.4740455784,-0.5753231049,8,2,1
202100043365,124Â 153,B01,1,1,1,4,2,0,-1,-1, -1,-1,2021,24.0,1,1,0,2,1,17,1,,4,HENRI BARBUSSE (AVE) NÂ°126-280,0,,2,2,0,1,0,0,1,, -1,1,0,1,50,19,4,2021,16:00,1,93,93029,2,9,0,3,HENRI BARBUSSE (AVE) NÂ°126-280,48.92265,2.45699,16,2,2
202100034837,139Â 440,A01,9,2,2,5,0,-1,-1,0,0,-1,2021,17.0,1,2,7,0,9,1,1,,3,303,0,D,2,2,0,1,8,250,2,, -1,1,0,1,80,11,6,2021,22:50,3,61,61081,1,1,0,7,La Fevrie,48.661776,0.222908,22,4,1
202100029342,149Â 318,A01,1,1,1,0,2,8,-1,-1, -1,-1,2021,52.0,1,1,0,2,3,20,1,,4,BENHAMOU (R. MAURICE),0,,2,0,0,1,1,0,1,, -1,2,0,1,50,12,7,2021,17:45,1,93,93010,2,1,1,3,BENHAMOU (R. MAURICE),48.913062,2.482593,17,2,2
202100031034,146Â 267,A01,1,1,1,4,2,6,-1,-1, -1,-1,2021,30.0,2,1,0,2,7,17,1,,4,MAUBEC (RUE),0,,-1,3,0,2,0,0,1,, -1,1,0,1,30,29,6,2021,21:20,1,64,64102,2,3,0,3,MAUBEC (RUE),43.49809,-1.46751,21,2,2
202100036497,136Â 466,B01,1,1,1,1,0,-1,-1,0,0,-1,2021,61.0,2,1,1,2,6,19,5,,3,64,-1,,2,2,0,1,21,300,1,, -1,1,0,1,50,5,6,2021,09:30,1,95,95313,2,1,0,3,Avenue de Paris,49.1114577856,2.2217327356,9,2,2
202100055256,103Â 054,B01,2,2,2,5,1,-1,-1,0,0,-1,2021,71.0,1,2,0,2,1,1,1,,7,29,-1,,2,2,0,1,1,970,1,, -1,1,0,1,70,13,1,2021,17:40,3,83,83047,1,1,0,1,Route de Pierrefeu,43.161961,6.099837,17,3,2
202100025887,155Â 413,B01,1,1,2,0,8,0,-1,0,0,-1,2021,15.0,2,1,1,0,1,1,3,,4,,0,,2,2,1,1,0,0,1,, -1,1,0,1,50,2,8,2021,14:00,1,92,92050,2,1,0,6,PICASSO PABLO AVENUE,48.8907521392,2.2159052817,14,2,2
202100020925,164Â 252,A01,1,1,1,5,2,6,-1,0,0,-1,2021,55.0,1,1,0,2,3,1,1,,3,11,-1,,2,2,0,1,2,799,2,,"5,5",1,0,1,80,5,9,2021,09:48,1,2,2258,1,4,0,3,D 11,49.137403,3.183932,9,2,2
202100032409,143Â 843,A01,1,1,1,5,2,-1,-1,0,0,-1,2021,46.0,2,1,0,2,4,26,5,,3,6,-1,,2,1,0,1,(1),(1),1,, -1,1,0,1,80,25,6,2021,16:36,1,84,84141,1,1,0,2,avenue charles de gaulle,43.967757,4.921495,16,2,2
202100022272,161Â 827,B01,1,1,1,1,1,-1,-1,0, -1,-1,2021,44.0,3,2,0,2,3,1,1,,4,GLENAN ( AVENUE DES ),0,,2,2,0,1,(1),(1),1,, -1,1,0,1,50,27,8,2021,10:20,1,29,29039,2,2,0,3,Avenue des GlÃ©nan,47.85676,-3.9128,10,3,2
202100007055,189Â 144,B01,1,1,2,5,1,0,-1,-1, -1,-1,2021,21.0,2,2,0,2,1,2,1,,3,SALVADOR ALLENDE (AV),0,,1,1,0,1,1,0,1,, -1,1,0,1,30,20,11,2021,11:20,1,94,94017,2,1,0,4,Avenue Salvador AllendÃ©,48.8093253811,2.546255627,11,3,3
202100016964,171Â 302,B01,1,1,1,1,8,0,-1,-1, -1,-1,2021,55.0,2,1,1,0,1,26,5,,4,CHALEZEULE RUE DE (entre 51 ET 72),0,,2,2,2,2,(1),(1),1,, -1,1,0,5,50,24,9,2021,08:15,1,25,25056,2,1,0,6,CHALEZEULE RUE DE (entre 51 ET 72),47.24753,6.03779,8,3,2
202100015041,174Â 825,A01,3,2,1,9,1,3,-1,-1, -1,-1,2021,2.0,3,2,0,2,1,1,1,,4,JAURES (AVENUE JEAN ) DU NÂ° 61 A FIN,0,,4,4,0,1,(1),(1),1,, -1,2,5,1,50,3,10,2021,13:00,1,51,51454,2,2,1,3,Avenue Jean JaurÃ¨s,49.26354,4.05605,13,4,2
202100056318,101Â 231,A01,10,3,2,2,0,-1,-1,1,0,2,2021,8.0,3,1,0,1,1,5,1,,4,,-1,,1,1,0,1,(1),(1),1,, -1,2,0,1,-1,5,1,2021,12:20,1,60,60395,2,1,1,6,Rue Salentin,49.239675,2.13267,12,2,1
202100032209,144Â 188,B01,2,2,2,5,2,4,6,0,0,-1,2021,49.0,2,1,0,2,1,1,1,,3,949,0,D,2,2,0,1,24,100,1,, -1,1,0,1,90,26,6,2021,18:30,1,5,5172,2,1,0,3,TUILIERE 05700,44.3557890855,5.7173150991,18,3,2
202100034174,140Â 666,A01,1,1,1,0,1,-1,-1,0,0,-1,2021,19.0,1,2,0,2,1,5,1,,3,603,-1,,2,2,0,1,33,900,1,, -1,1,9,3,80,16,6,2021,16:30,1,77,77415,1,1,0,1,D603,48.951606,3.044243,16,3,2
202100002734,196Â 882,A01,1,1,2,0,8,-1,-1,-1, -1,-1,2021,29.0,2,1,0,2,0,21,1,,4,FEUILLAT                            (R ),0,,2,2,0,1,(1),(1),1,, -1,1,0,1,50,15,12,2021,09:00,1,69,69383,2,1,0,7,FEUILLAT (R),45.75082,4.87615,9,2,2
202100024071,158Â 627,A01,1,1,1,5,2,6,9,0,0,-1,2021,24.0,1,1,13,0,1,13,1,,3,116,-1,,2,2,0,3,10,300,3,, -1,1,0,3,80,15,8,2021,20:20,1,28,28195,1,1,0,6,Rue de l Aqueduc,48.574233,1.60351,20,1,1
202100045948,119Â 624,Z01,1,1,1,9,8,0,-1,-1, -1,-1,2021,28.0,2,2,1,2,1,18,1,,4,AV DE GRANDE BRETAGNE,0,,2,4,3,1,(1),(1),1,, -1,1,9,1,50,7,3,2021,12:40,1,31,31555,2,9,0,5,AV DE GRANDE BRETAGNE,43.602117,1.410023,12,6,3
202100053649,105Â 835,A01,1,1,2,1,8,-1,-1,0,0,-1,2021,25.0,2,2,0,0,8,1,1,,3,335,0,D,2,2,0,1,3,995,2,, -1,7,0,8,70,26,1,2021,06:45,3,60,60231,1,1,1,7,Route de Pierrefonds,49.264892,2.915497,6,1,1
202100051704,109Â 272,A01,10,3,2,9,0,-1,-1,2,3,1,2021,52.0,1,1,0,1,1,26,1,,7,NICE AVENUE DE (RN7),0,,2,2,0,1,(1),(1),1,, -1,1,0,1,50,11,2,2021,09:10,1,6,6027,2,1,0,6,NICE AVENUE DE (RN7),43.659205,7.164091,9,2,1
202100021873,162Â 535,A01,1,1,1,1,2,6,9,0,0,-1,2021,22.0,2,1,0,2,1,13,1,,3,307,-1,,2,2,0,1,21,880,1,, -1,1,0,1,80,31,8,2021,12:00,1,78,78233,1,3,0,5,Route Nationale 307,48.871363,1.957862,12,3,3
202100046716,118Â 266,B01,1,1,1,0,1,8,-1,-1, -1,-1,2021,25.0,2,2,3,2,4,1,1,,1,A104,0,,3,8,0,1,8,199,1,, -1,1,0,1,90,25,3,2021,12:00,1,77,77294,1,1,0,2,A104,48.97259,2.57566,12,2,2
202100017094,171Â 074,A01,1,1,1,5,1,0,-1,-1, -1,-1,2021,47.0,2,2,12,-1,2,1,1,,3,VERDUN (AV DE),0,,1,2,0,1,1,0,2,, -1,1,0,1,50,24,9,2021,21:19,5,94,94041,2,1,0,7,VERDUN (AV DE),48.811742,2.371355,21,1,1
202100020078,165Â 737,A01,1,1,2,0,1,0,-1,-1, -1,-1,2021,58.0,1,2,0,2,1,1,1,,4,HOSPITALITE (RUE DE L'),0,,1,1,1,1,(1),(1),1,, -1,1,0,1,50,7,9,2021,14:38,1,37,37261,2,2,0,2,HOSPITALITE (RUE DE L'),47.3902659398,0.6706046971,14,3,2
202100051911,108Â 911,B01,2,2,1,0,2,8,-1,-1, -1,-1,2021,29.0,2,1,0,2,1,0,1,,4,LIEUTAUD (COURS),0,,2,2,0,1,(1),(1),1,, -1,1,0,1,50,10,2,2021,12:15,1,13,13206,2,1,0,1,LIEUTAUD (COURS),43.2884714761,5.3844313216,12,3,2
202100040258,129Â 643,A01,1,1,1,9,2,-1,-1,0,0,-1,2021,57.0,1,1,0,0,0,1,1,,3,64,0, -,2,2,0,1,8,250,2,, -1,2,0,3,80,12,5,2021,18:15,1,86,86109,1,1,1,7,D64,46.930001,0.144539,18,1,1
202100002096,198Â 051,B01,1,1,2,5,1,-1,-1,0,0,-1,2021,57.0,2,2,0,2,1,2,1,,1,9,0,,2,3,0,1,87,8347,1,, -1,1,0,1,130,21,12,2021,10:45,1,34,34294,1,1,0,5,autoroute A9 pk 77.000 sens 2 vers Nimes,43.701144,4.114246,10,3,3
202100026722,153Â 952,B01,1,1,1,1,2,6,-1,0,0,-1,2021,56.0,1,1,0,0,4,2,1,,3,936,0,D,2,2,0,1,18,300,1,, -1,1,0,1,-1,25,7,2021,17:50,1,1,1389,2,6,0,2,474 Route de Chatillon,46.07586,4.902456,17,2,2
202100007490,188Â 368,A01,2,2,1,5,1,-1,-1,0,0,-1,2021,17.0,1,2,0,0,4,23,1,,3,89,0,N,2,2,0,1,10,450,1,, -1,1,0,1,70,30,10,2021,04:45,5,42,42200,2,2,0,2,Avenue de Bellegarde,45.645893,4.277501,4,3,2
202100024940,157Â 082,A01,1,1,1,5,2,6,-1,0,0,-1,2021,65.0,1,1,0,0,0,1,5,,3,48,-1,P,2,2,0,2,28,11,3,, -1,1,0,3,50,8,8,2021,11:30,1,31,31317,2,1,0,7,Les ArrougÃ¨s,43.30688,1.108407,11,1,1
202100012832,178Â 787,B01,1,1,1,0,2,0,-1,0,0,-1,2021,52.0,1,1,0,2,4,1,5,,7,OUDILLE (RUE CHARLES),0,,1,1,2,2,(1),(1),1,, -1,1,-1,1,50,16,10,2021,14:50,1,54,54578,2,3,0,3,OUDILLE (RUE CHARLES),48.67212,6.14424,14,2,2
202100044319,122Â 450,B01,1,1,1,4,1,0,-1,-1, -1,-1,2021,38.0,1,3,0,2,2,1,1,1.0,3,REDOUTE ( AVENUE DE LA  ),0,,3,3,0,1,0,0,1,, -1,1,5,1,50,2,4,2021,21:15,5,92,92004,2,2,0,3,REDOUTE ( AVENUE DE LA  ),48.9268352181,2.2733277615,21,2,2
202100019566,166Â 656,A01,1,1,1,5,1,-1,-1,0,0,-1,2021,50.0,1,2,6,0,1,1,1,,3,4,-1,,2,2,0,2,22,700,1,, -1,1,0,3,80,12,9,2021,03:30,3,14,14371,1,1,0,6,D4,49.003811,0.171873,3,1,1
202100022936,160Â 624,B01,1,1,1,3,0,-1,-1,0,0,-1,2021,25.0,2,1,0,0,4,0,5,,3,741,-1,,2,2,0,3,40,500,1,, -1,1,0,1,90,23,8,2021,14:55,1,86,86276,1,1,0,2,D741 PK40.500,46.253897,0.523531,14,2,2
202100023605,159Â 442,B01,6,2,2,5,8,0,-1,-1, -1,-1,2021,57.0,2,3,0,2,3,1,1,2.0,4,LOMBARDS (AVENUE),0,,2,2,3,1,(1),(1),1,, -1,1,0,6,50,16,8,2021,11:35,1,10,10387,2,1,0,3,LOMBARDS (AVENUE),48.27812,4.06767,11,3,2
202100043738,123Â 507,C01,1,1,1,1,1,-1,-1,-1, -1,-1,2021,54.0,3,5,0,2,8,1,1,,4,LYONNAIS (DU)                           ,0,,2,2,0,3,(1),(1),1,, -1,1,2,1,50,16,4,2021,05:45,5,69,69259,2,1,0,5,BERLIET (PT),45.7027602229,4.8939728623,5,3,3
202100015798,173Â 430,A01,1,1,1,1,1,-1,-1,0,0,-1,2021,24.0,1,2,0,2,1,13,1,,2,4,-1,,2,2,0,2,45,798,1,, -1,2,0,1,80,2,10,2021,16:20,1,77,77239,1,1,1,1,N4,48.691768,3.16196,16,2,2
202100004990,192Â 869,A01,10,3,1,9,0,-1,-1,1,3,1,2021,26.0,3,2,0,1,0,1,0,,4,9,0,,-1,2,0,1,(1),(1),1,, -1,2,0,1,50,3,12,2021,19:31,5,57,57206,2,1,1,6,1 Impasse de Savoie,49.30493,6.103388,19,2,1
202100001255,199Â 520,A01,1,1,2,0,8,0,-1,-1, -1,-1,2021,25.0,2,2,0,0,1,1,1,,1,86,0,,1,2,0,1,6,900,2,, -1,2,0,1,90,26,12,2021,23:30,3,92,92036,1,1,1,6,A86,48.9341712069,2.2714914867,23,3,1
202100019301,167Â 134,A01,1,1,1,0,1,0,-1,-1, -1,-1,2021,24.0,2,2,0,2,9,2,1,,1,AUTOROUTE A 21,0,,3,4,0,1,43,400,1,, -1,1,0,1,110,10,9,2021,18:15,1,59,59501,1,1,0,6,AUTOROUTE A 21,50.3746116443,3.2430115329,18,1,1
202100036408,136Â 623,A01,1,1,1,2,2,8,-1,-1, -1,-1,2021,15.0,1,1,0,2,1,25,5,,3,724,0,,2,2,0,1,93,520,1,, -1,1,0,4,30,3,6,2021,08:23,1,56,56083,2,3,0,3,Avenue Salvador Allende,47.80537,-3.26075,8,2,2
202100001286,199Â 464,A01,1,1,1,5,1,0,-1,-1, -1,-1,2021,73.0,1,2,8,0,1,19,1,,4,,0,,2,3,0,1,(1),(1),1,, -1,1,0,8,50,25,12,2021,16:10,1,45,45234,2,2,0,6,Quai du Chatelet,47.89799,1.90462,16,1,1
202100011507,181Â 153,A01,1,1,1,5,1,0,-1,-1, -1,-1,2021,33.0,3,2,4,0,8,1,1,,1,A55-Sens Martigues vers Marseille,0,,1,2,0,1,39,(1),3,, -1,1,1,1,50,23,10,2021,01:30,5,13,13056,1,1,0,6,A55-Sens Martigues vers Marseille,43.411896,5.025331,1,1,1
202100039203,131Â 549,A01,1,1,1,9,2,6,-1,0,0,-1,2021,68.0,1,1,0,2,3,13,1,,3,6009,-1,,2,2,0,1,50,200,2,, -1,1,0,1,80,21,5,2021,07:46,1,11,11144,1,1,0,3,D6009,42.868258,2.986307,7,2,2
202100030325,147Â 558,B01,1,1,2,0,2,-1,-1,-1, -1,-1,2021,36.0,3,1,0,2,1,19,3,,4,,0,,2,5,1,1,(1),(1),1,, -1,2,0,1,50,6,7,2021,16:55,1,69,69388,2,2,1,3,ETATS UNIS (DES) (BD),45.73458,4.86334,16,2,2
202100010710,182Â 580,B01,10,3,1,5,0,-1,-1,3,3,1,2021,85.0,2,2,0,1,4,1,1,,4,DENTELLE (AV. DE LA),0,,1,2,0,1,(1),(1),1,, -1,1,0,1,50,27,10,2021,14:29,1,43,43157,2,1,0,2,6 Avenue de la Dentelle,45.04183,3.88861,14,4,2
202100029805,148Â 511,A01,1,1,1,0,2,6,-1,-1, -1,-1,2021,26.0,1,1,0,2,1,17,1,,4,SAINT ANTOINE (AVENUE DE),0,,2,2,0,1,0,0,1,, -1,1,0,1,50,9,7,2021,14:40,1,13,13215,2,3,0,3,SAINT ANTOINE (AVENUE DE),43.3681,5.3564,14,2,2
202100051630,109Â 405,A01,2,2,1,5,8,-1,-1,0,0,-1,2021,45.0,1,2,2,0,1,1,1,,3,976,-1,,2,2,0,1,5,300,1,, -1,1,0,1,80,14,2,2021,03:05,3,58,58126,1,1,0,6,10 Route de Bourges,46.945979,3.093327,3,2,1
202100028404,150Â 943,A01,1,1,1,5,2,6,-1,0,0,-1,2021,24.0,1,1,12,0,1,1,1,,3,122,-1,,2,2,0,2,10,500,3,, -1,1,0,1,80,18,7,2021,23:15,5,28,28015,1,1,0,7,Rue de la LibÃ©ration,48.525558,1.748199,23,1,1
202100025858,155Â 464,A01,1,1,1,5,1,-1,-1,0,0,-1,2021,29.0,2,2,0,0,9,16,1,,3,1075,-1,,2,2,0,1,129,900,3,, -1,1,0,8,50,27,3,2021,21:20,5,38,38342,1,1,0,7,RD 1075,44.900648,5.616033,21,2,1
202100004066,194Â 482,B01,1,1,2,0,1,0,-1,-1, -1,-1,2021,54.0,1,2,0,2,1,2,1,,1,14 CROIX DAURADE (PERIPH EST A62),0,,1,3,0,1,228,954,1,, -1,2,0,1,90,8,12,2021,18:55,5,31,31555,2,1,1,4,14 CROIX DAURADE (PERIPH EST A62),43.64478,1.46893,18,3,3
202100028131,151Â 421,A01,1,1,1,5,2,0,-1,-1, -1,-1,2021,8.0,2,1,0,2,1,16,5,,4,AZALEES (PASSAGE DES),0,,2,2,0,1,(1),(1),3,, -1,1,0,1,30,19,7,2021,18:30,1,45,45234,2,1,0,1,Passage des AzalÃ©es,47.8875823315,1.9114977121,18,2,2
202100002314,197Â 654,A01,10,3,2,3,0,-1,-1,3,3,1,2021,75.0,1,2,0,1,1,0,1,,3,125,-1,D,2,2,0,1,21,150,2,, -1,2,0,1,50,3,12,2021,18:00,5,35,35188,2,1,1,6,Boulevard de la Duchesse Anne,48.14141,-1.963801,18,2,1
202100050998,110Â 517,A01,2,2,1,0,1,-1,-1,0,0,-1,2021,16.0,2,2,6,2,7,15,1,,3,1084,0,,2,2,0,1,33,600,1,, -1,1,0,1,80,20,2,2021,11:05,1,1,1213,1,1,0,3,1084,45.931726,5.288554,11,3,2
202100000300,201Â 186,B01,1,1,1,4,2,9,6,0,0,-1,2021,38.0,2,1,0,2,5,0,1,,2,5,-1,,1,4,0,1,(1),(1),2,, -1,1,0,1,70,1,7,2021,17:10,1,972,97207,1,6,0,2,Route nationale 5,14.57158,-60.981824,17,2,2
202100006501,190Â 180,A01,1,1,1,2,2,6,-1,0,0,-1,2021,17.0,1,1,0,2,2,1,1,,3,142,0,D,2,2,0,1,25,641,2,, -1,1,0,1,80,23,11,2021,07:45,1,76,76144,1,2,0,3,Route de Veules,49.764009,0.880998,7,2,2
202100017683,170Â 015,B01,1,1,1,1,8,0,-1,-1, -1,-1,2021,23.0,1,1,1,0,1,1,5,,3,PIERRE BROSSOLETTE (AV),0,,2,2,0,1,1,0,1,, -1,1,0,1,30,19,9,2021,15:30,1,94,94058,2,1,0,6,PIERRE BROSSOLETTE (AV),48.83482,2.5051,15,2,2
202100009192,185Â 277,A01,10,3,2,0,0,-1,-1,3,3,1,2021,59.0,2,1,0,1,1,17,1,,4,"""KENNEDY (AVENUE DU PRESIDENT J,F)""",0,,2,2,0,1,0,0,1,, -1,2,6,1,30,4,11,2021,17:00,1,64,64122,2,1,0,6,"""KENNEDY (AVENUE DU PRESIDENT J,F)""",43.4719,-1.55549,17,2,1
202100047323,117Â 178,A01,10,3,2,0,0,-1,-1,1,3,1,2021,31.0,3,2,0,1,1,19,1,,4,BOIS DE NEFLES (ROUTE DE),0,,2,2,0,1,(1),(1),1,, -1,1,0,1,30,19,3,2021,08:10,1,974,97411,2,1,0,6,Route de Bois de NÃ¨fles (c.d. 49),-20.89136,55.48029,8,2,1
202100047568,116Â 741,A01,2,2,1,4,1,-1,-1,0,0,-1,2021,45.0,1,4,6,0,2,1,1,,1,A63,0,,3,3,0,1,171,500,3,, -1,2,2,2,130,19,3,2021,06:30,3,64,64102,1,1,1,7,A63,43.496178,-1.446831,6,2,1
202100022775,160Â 889,A01,1,1,1,1,1,0,-1,-1, -1,-1,2021,42.0,2,2,3,0,3,1,1,,2,RN406.W,0,,3,2,0,1,4,699,1,, -1,1,0,1,90,24,8,2021,06:15,3,94,94044,1,1,0,6,RN406.W,48.7578165023,2.4789462089,6,1,1
202100013586,177Â 433,B01,1,1,1,1,1,-1,-1,-1, -1,-1,2021,30.0,2,2,0,2,3,15,1,,7,JEAN JAURES                         (AV),0,,2,2,0,1,(1),(1),1,, -1,1,0,1,50,12,10,2021,08:42,1,69,69199,2,3,0,3,JEAN JAURES (AV),45.71112,4.8551,8,2,2
202100007075,189Â 111,B01,2,2,2,0,2,-1,-1,0,0,-1,2021,15.0,2,1,13,9,2,21,1,,2,10,-1,,2,2,0,1,143,50,2,,7,1,0,1,50,20,11,2021,18:20,5,202,202343,2,3,0,2,T10,42.4982223494,9.4680261614,18,3,2
202100037203,135Â 183,B01,1,1,1,1,2,8,-1,0,0,-1,2021,62.0,1,1,0,2,7,2,0,,3,CLUNY (ROUTE DE),0,,1,2,1,1,78,99,2,, -1,1,5,1,50,3,5,2021,18:30,1,71,71105,2,6,0,3,CLUNY (ROUTE DE),46.31279,4.78576,18,2,2
202100044298,122Â 481,B01,1,1,1,1,2,6,-1,0,0,-1,2021,67.0,2,1,0,2,5,2,1,,4,RUE LOUIS ARMAND,0,,2,2,0,1,(1),(1),1,, -1,1,0,1,50,12,4,2021,12:30,1,75,75115,2,2,0,2,RUE LOUIS ARMAND,48.832072,2.280652,12,2,2
202100034660,139Â 766,A01,1,1,1,5,1,-1,-1,0,0,-1,2021,19.0,1,2,0,2,3,13,1,,3,23,0,,2,2,0,1,10,145,3,, -1,1,0,1,80,14,6,2021,09:30,1,71,71311,1,1,0,1,Route de Frangy,46.7098615351,5.3018363883,9,3,2
202100046919,117Â 907,A01,1,1,1,0,2,0,-1,-1, -1,-1,2021,24.0,1,1,0,2,3,18,1,,7,RTE D ALBI,0,,2,2,1,1,2,966,1,, -1,1,0,1,50,18,3,2021,21:42,5,31,31555,2,1,0,3,RTE D ALBI,43.63855,1.46526,21,2,2
202100011484,181Â 201,A01,1,1,2,3,1,-1,-1,0,0,-1,2021,46.0,1,2,0,0,1,1,1,,3,22,-1,,2,2,0,1,(1),(1),2,, -1,1,0,8,80,24,10,2021,11:30,1,8,8355,1,1,0,7,RD 22,49.931869,4.424111,11,1,1
202100018614,168Â 364,A01,10,3,1,9,0,-1,-1,4,5,1,2021,58.0,1,1,0,1,3,1,1,,4,AVENUE BOSQUET,0,,2,4,0,1,(1),(1),1,, -1,1,0,1,30,16,9,2021,12:48,1,75,75107,2,7,0,6,AVENUE BOSQUET,48.8546302515,2.3055423725,12,2,1
202100025755,155Â 647,A01,10,3,2,5,0,-1,-1,2,6,2,2021,67.0,3,3,0,1,3,1,0,,4,MONTEL (BD PAUL),0,,1,2,3,1,(1),(1),1,, -1,1,9,6,40,26,7,2021,21:08,5,6,6088,2,1,0,6,MONTEL (BD PAUL),43.675605,7.206718,21,2,1
202100021944,162Â 401,A01,1,1,1,1,1,0,-1,0,0,-1,2021,26.0,3,2,0,0,3,11,1,,3,SAINT BERNARD CH.,0,,2,2,0,2,0,1166,1,, -1,1,0,1,50,28,8,2021,10:30,1,6,6155,2,1,0,1,SAINT BERNARD CH.,43.5977,7.0576,10,3,2
202100031214,145Â 945,B01,1,1,2,1,0,-1,-1,0,0,-1,2021,50.0,2,1,0,2,3,0,0,,4,SAINT GOBAIN (RUE DE),0,,3,2,0,1,0,0,1,, -1,1,0,1,10,3,7,2021,08:20,1,93,93001,2,1,0,3,SAINT GOBAIN (RUE DE),48.912758,2.367575,8,2,2
202100040612,129Â 023,A01,4,2,1,5,1,-1,-1,0,0,-1,2021,23.0,2,2,0,0,9,2,1,,2,RN12,0,,3,4,0,2,19,0,1,, -1,1,2,1,110,9,5,2021,02:05,3,29,29151,1,1,0,7,N12 - Viaduc,48.5937355883,-3.835188866,2,4,1
202100005146,192Â 575,B01,1,1,2,1,1,-1,-1,0,0,-1,2021,61.0,1,2,0,2,1,1,2,,3,8,-1,,2,2,0,1,6,0,1,, -1,1,0,1,50,3,12,2021,08:05,2,51,51562,2,1,0,1,Rue de Sillery,49.211857,4.102079,8,2,2
202100015529,173Â 930,A01,1,1,2,0,1,8,-1,-1, -1,-1,2021,39.0,1,2,0,2,3,1,1,,4,JACQUES KABLE (RUE),0,,2,3,0,1,(1),(1),1,, -1,1,0,1,50,30,9,2021,08:40,1,67,67482,2,3,0,3,JACQUES KABLE (RUE),48.59332,7.75263,8,2,2
202100046932,117Â 885,A01,1,1,2,5,1,0,-1,-1, -1,-1,2021,64.0,2,2,0,2,1,2,1,,4,BESANCON (DU 26 AU 72),0,,2,2,0,1,(1),(1),1,, -1,1,0,1,50,23,3,2021,11:30,1,25,25462,2,1,0,2,BESANCON (DU 26 AU 72),46.908852,6.349164,11,2,2
202100046678,118Â 335,A01,1,1,1,5,1,-1,-1,0,0,-1,2021,78.0,1,2,1,0,2,1,1,,3,D11,-1,,2,2,0,1,17,740,1,, -1,2,0,1,80,25,3,2021,09:30,1,56,56189,1,1,1,2,Le Poteau,47.955147,-2.721502,9,3,2
202100052894,107Â 171,A01,1,1,2,5,1,0,-1,-1, -1,-1,2021,31.0,2,2,0,0,2,14,1,,3,POINTIS INARD (ROUTE DE),0,,2,2,0,1,9,950,1,, -1,2,0,3,80,1,2,2021,14:58,1,31,31344,1,1,1,7,POINTIS INARD (ROUTE DE),43.09685,0.75921,14,1,1
202100029044,149Â 822,A01,1,1,2,5,1,-1,-1,0,0,-1,2021,71.0,1,2,3,0,1,1,2,,1,62,0,A,3,4,0,1,117,(1),1,, -1,2,3,2,130,14,7,2021,07:15,1,47,47238,1,1,1,6,A 62 - PK 117,44.20007,0.501997,7,1,1