Num_Acc,id_vehicule,num_veh,place,catu,sexe,trajet,secu1,secu2,secu3,locp,actp,etatp,year_acc,victim_age,senc,catv,obs,obsm,choc,manv,motor,occutc,catr,voie,v1,v2,circ,nbv,vosp,prof,pr,pr1,plan,lartpc,larrout,surf,infra,situ,vma,jour,mois,an,hrmn,lum,dep,com,agg_,int,atm,col,adr,lat,long,hour,nb_victim,nb_vehicules
202100019221,167Â 273,B01,1,1,1,0,1,0,-1,-1, -1,-1,2021,20.0,2,1,0,2,1,17,1,,3,ARISTIDE BRIAND (BOULEVARD),0,,2,2,0,1,0,0,1,, -1,1,0,1,50,13,9,2021,08:20,1,93,93048,2,1,0,3,Boulevard Aristide Briand,48.8697,2.4494,8,2,2
202100055865,102Â 025,A01,1,1,1,5,2,-1,-1,0,0,-1,2021,53.0,3,1,0,2,1,1,1,,4,,0,,2,2,0,1,(1),(1),1,, -1,6,0,1,80,9,1,2021,15:10,1,50,50164,1,9,1,1,Les Landes de Jacre,49.004818,-1.025773,15,3,2
202100015322,174Â 316,A01,1,1,1,0,1,0,-1,-1, -1,-1,2021,19.0,1,2,0,2,7,15,1,,3,BAYONNE (AVENUE DE),0,,2,1,0,1,9,755,1,, -1,2,0,1,30,3,10,2021,21:20,5,64,64024,2,3,1,3,DUFOURG (RUE AMEDE),43.4803489195,-1.5155003965,21,2,2
202100007431,188Â 467,A01,1,1,1,4,2,8,-1,0,0,-1,2021,53.0,3,1,0,2,2,19,3,,4,AVENUE DU GENERAL LECLERC,0,,2,5,1,1,(1),(1),1,, -1,1,-1,5,50,18,11,2021,15:00,1,75,75114,2,7,0,3,AVENUE DU GENERAL LECLERC,48.828022,2.326934,15,2,2
202100046112,119Â 338,B01,1,1,1,0,2,4,-1,-1, -1,-1,2021,28.0,1,1,0,2,1,1,1,,4,LECLERC (RUE DU MARECHAL),0,,2,-1,0,1,0,0,1,, -1,1,9,1,50,29,3,2021,16:10,1,28,28220,2,2,0,3,LECLERC (RUE DU MARECHAL),48.42843,1.46026,16,2,2
202100026286,154Â 708,A01,2,2,2,5,2,8,-1,-1, -1,-1,2021,38.0,1,1,0,0,0,1,1,,3,CD941,0,,2,2,0,1,0,500,1,, -1,1,0,1,80,29,7,2021,19:15,1,62,62540,1,1,0,7,CD941,50.4587019,2.575848,19,2,1
202100003114,196Â 201,A01,2,2,2,0,1,0,-1,-1, -1,-1,2021,83.0,1,2,0,2,7,1,1,,4,BRIGACHTAL (AVENUE DE),0,,2,4,0,1,(1),(1),1,, -1,2,0,1,50,13,12,2021,12:18,1,54,54184,2,2,0,3,BRIGACHTAL (AVENUE DE),48.7006365235,6.2247006297,12,4,2
202100023688,159Â 275,A01,1,1,1,0,2,0,-1,-1, -1,-1,2021,48.0,3,1,0,2,8,19,0,,4,INDUSTRIE (RUE DE L'),0,,3,3,0,1,0,1,1,, -1,1,0,1,50,17,8,2021,11:45,1,74,74133,2,1,0,6,INDUSTRIE (RUE DE L'),46.18626,6.22167,11,2,2
202100037638,134Â 380,A01,2,2,1,0,1,0,-1,-1, -1,-1,2021,23.0,3,2,0,2,1,1,1,,3,PAUL VAILLANT COUTURIER (RUE),0,,3,4,0,1,1,0,3,, -1,1,0,1,50,29,5,2021,02:30,5,93,93032,2,2,0,1,Avenue Vaillant Couturier / Rue du Chemin de Fer,48.87691,2.54921,2,3,2
202100055482,102Â 678,A01,1,1,1,4,2,0,-1,-1, -1,-1,2021,26.0,1,1,0,0,0,1,1,,4,FAURE QUAI,0,,-1,2,0,1,1,0,1,, -1,1,0,1,30,11,1,2021,08:11,2,49,49007,2,1,0,7,FAURE QUAI,47.48003,-0.55123,8,1,1
202100039358,131Â 249,A01,1,1,2,3,1,-1,-1,0,0,-1,2021,25.0,2,2,0,9,1,1,1,,2,85,0,N,2,3,0,1,51,680,1,, -1,1,0,1,70,5,5,2021,17:00,1,5,5170,1,1,0,6,RN85,44.446362,6.032095,17,2,2
202100033410,142Â 048,A01,10,3,2,9,0,-1,-1,4,3,1,2021,66.0,3,0,0,1,1,1,3,,4,CLEMENCEAU GEORGES (DE 16 ET 37 A FIN),0,,2,2,0,1,(1),(1),1,, -1,1,5,1,30,19,6,2021,19:45,1,29,29019,2,3,0,6,Avenue Georges Clemenceau,48.390645,-4.487046,19,2,1
202100047564,116Â 747,A01,1,1,1,5,1,-1,-1,0,0,-1,2021,20.0,1,2,7,0,3,26,1,,3,941,0,D,2,2,0,1,733,0,3,, -1,2,0,3,70,17,3,2021,16:20,1,23,23131,1,1,1,7,Letrade,45.887778,2.487419,16,1,1
202100003640,195Â 244,A01,1,1,2,5,1,0,-1,-1, -1,-1,2021,36.0,2,2,11,0,3,13,1,,3,HAGUE (BOULEVARD DE LA),0,,2,2,2,1,(1),(1),2,, -1,2,0,1,50,9,12,2021,17:05,5,50,50416,1,1,1,6,HAGUE (BOULEVARD DE LA),49.66754,-1.70187,17,1,1
202100026119,155Â 007,A01,1,1,1,5,2,8,-1,-1, -1,-1,2021,33.0,1,1,0,2,1,1,1,,3,AV DE L EUROPE,0,,1,2,2,2,0,0,1,, -1,1,1,1,50,30,7,2021,12:25,1,91,91377,2,1,0,2,AV DE L EUROPE,48.7266,2.279,12,2,2
202100028461,150Â 842,A01,1,1,1,0,2,0,-1,-1, -1,-1,2021,52.0,1,1,9,0,1,26,1,,3,ALENCON (RTE D'),0,,1,1,0,1,0,261,3,, -1,1,0,3,50,17,7,2021,17:00,1,72,72181,1,1,0,6,ALENCON (RTE D'),48.02958,0.1792,17,1,1
202100004376,193Â 934,A01,2,2,2,1,1,0,-1,-1, -1,-1,2021,33.0,1,2,0,2,1,2,1,,1,AUTOROUTE A3,0,,3,4,0,1,15,0,1,, -1,1,0,1,90,7,12,2021,14:20,1,93,93005,1,1,0,4,AUTOROUTE A3,48.96795092,2.479499269,14,5,4
202100051864,108Â 995,A01,1,1,1,0,1,-1,-1,0,0,-1,2021,71.0,1,2,0,2,3,13,1,,2,85,0,,2,2,0,1,49,625,1,, -1,2,0,1,80,10,2,2021,16:05,1,38,38317,1,1,1,1,Route NapolÃ©on,45.12484,5.69263,16,3,2
202100040680,128Â 910,B01,1,1,1,1,8,-1,-1,0,0,-1,2021,50.0,1,2,0,2,4,2,1,,3,948,-1,,3,4,0,1,18,500,1,, -1,1,0,1,110,9,5,2021,08:40,1,85,85093,1,1,0,2,RD 948 - PR 018.500,46.65316,-1.23052,8,2,2
202100009204,185Â 257,A01,1,1,1,1,8,-1,-1,-1, -1,-1,2021,30.0,2,0,0,2,1,25,3,,4,BONNEL (DE)                         (R ),0,,1,3,0,1,(1),(1),1,, -1,1,0,4,50,5,11,2021,08:45,1,69,69383,2,1,0,3,BONNEL (DE) (R),45.7628650669,4.8611658812,8,2,2
202100031537,145Â 388,A01,1,1,1,0,1,0,-1,-1, -1,-1,2021,54.0,2,4,0,2,1,1,1,,1,AUTOROUTE A6,0,,1,3,0,1,22,500,1,, -1,1,0,1,110,1,7,2021,09:45,1,91,91286,1,1,0,4,AUTOROUTE A6,48.651952,2.382693,9,4,4
202100022118,162Â 093,A01,1,1,1,1,2,0,-1,-1, -1,-1,2021,35.0,1,1,0,2,1,1,3,,4,BOULEVARD DE STRASBOURG,0,,2,5,1,1,(1),(1),1,, -1,1,0,5,30,28,8,2021,14:15,1,75,75110,2,1,0,3,BOULEVARD DE STRASBOURG,48.870113,2.354695,14,2,2
202100002749,196Â 853,A01,10,3,2,2,0,-1,-1,8,3,1,2021,14.0,1,3,0,1,1,1,3,,4,BORDEAUX (PLACE DE),0,,2,2,3,1,(1),(1),1,, -1,1,4,6,50,14,12,2021,18:05,5,67,67482,2,8,0,6,BORDEAUX (PLACE DE),48.59405,7.75769,18,2,1
202100030785,146Â 734,A01,1,1,1,5,1,5,-1,-1, -1,-1,2021,24.0,1,2,12,0,2,14,1,,3,CORBEIL (RUE),0,,2,2,0,1,0,0,1,, -1,1,0,1,50,1,7,2021,02:10,5,91,91216,2,1,0,6,CORBEIL (RUE),48.670513,2.332283,2,1,1
202100022444,161Â 519,B01,5,2,2,0,2,6,-1,0,0,-1,2021,20.0,2,1,0,2,2,0,0,,4,BERTHELOT (BOULEVARD),0,,-1,2,0,1,(1),(1),1,, -1,1,5,1,50,26,8,2021,22:08,5,34,34172,2,2,0,3,Avenue de Maurin,43.59973,3.87547,22,3,2
202100032718,143Â 286,A01,1,1,1,0,2,8,-1,-1, -1,-1,2021,41.0,1,1,0,2,1,17,1,,3,PASTEUR (BOULEVARD) DE 1 A 39,0,,2,1,0,1,27,0,1,, -1,1,0,1,50,23,6,2021,10:55,1,93,93027,2,2,0,3,PASTEUR (BOULEVARD) DE 1 A 39,48.9209878155,2.3831098527,10,2,2
202100006563,190Â 069,A01,10,3,2,0,0,-1,-1,1,3,1,2021,53.0,1,2,0,1,3,1,1,,4,JACQUES DUCLOS                      (AV),0,,2,2,2,1,(1),(1),1,, -1,1,0,1,50,23,11,2021,17:45,5,69,69259,2,1,0,6,JACQUES DUCLOS (AV),45.69702,4.88836,17,2,1
202100015857,173Â 330,B01,1,1,1,0,2,6,-1,-1, -1,-1,2021,29.0,1,1,0,2,1,1,1,,4,JURANVILLE (BOULEVARD),0,,2,3,0,1,(1),(1),1,, -1,1,5,1,50,30,9,2021,18:00,1,18,18033,2,3,0,3,JURANVILLE (BOULEVARD),47.0856245457,2.3884937362,18,2,2
202100043543,123Â 831,A01,10,3,2,0,0,-1,-1,2,B,1,2021,88.0,2,2,0,1,6,4,1,,4,,0,,2,2,0,1,(1),(1),1,, -1,1,0,1,30,18,4,2021,12:20,1,33,33529,2,2,0,6,Rue Henri Dheurle,44.6320415917,-1.1424241721,12,2,1
202100030447,147Â 351,A01,1,1,1,0,2,8,-1,-1, -1,-1,2021,44.0,2,1,0,2,1,17,1,,4,102,0,,2,2,0,1,0,0,1,, -1,1,0,1,30,6,7,2021,15:25,1,92,92012,2,3,0,3,PARIS (RUE DE) 97BIS/FIN - 116/FIN,48.841652,2.235863,15,2,2
202100048876,114Â 392,A01,3,2,1,5,1,-1,-1,0,0,-1,2021,10.0,2,2,0,0,7,19,1,,3,,-1,,2,2,0,1,30,300,1,, -1,1,0,1,80,7,3,2021,17:20,1,85,85174,1,3,0,1,cd148,46.487826,-0.899248,17,6,2
202100025751,155Â 654,B01,1,1,1,0,2,6,-1,-1, -1,-1,2021,24.0,2,1,0,2,1,1,1,,4,AV DE LA LIBERATION,0,,2,2,0,1,0,0,1,, -1,1,0,1,50,3,8,2021,20:15,2,13,13004,2,1,0,5,AV DE LA LIBERATION,43.703784445,4.6415980918,20,9,3
202100041291,127Â 802,A01,1,1,1,0,2,6,-1,-1, -1,-1,2021,42.0,1,1,2,0,2,2,1,,4,POMPIDOU (AV GEORGE) DU 2AU 21,0,,1,2,1,2,(1),(1),1,, -1,1,0,8,50,4,5,2021,22:40,5,31,31555,2,1,0,6,POMPIDOU (AV GEORGE) DU 2AU 21,43.61225,1.45841,22,1,1
202100045084,121Â 146,A01,1,1,1,1,2,6,-1,0,0,-1,2021,54.0,2,1,10,0,9,1,1,,3,18,-1,,2,2,0,1,20,500,2,, -1,1,0,1,80,6,4,2021,05:50,3,34,34289,1,1,0,6,D 18,43.386373,3.386364,5,1,1
202100036522,136Â 428,A01,7,2,1,5,3,9,-1,0,0,-1,2021,5.0,2,2,2,0,0,19,1,,2,88,-1,,2,2,0,2,72,300,2,, -1,2,0,8,80,4,6,2021,17:50,1,43,43084,1,9,1,6,Route Nationale 88,44.97925,3.857832,17,4,1
202100028590,150Â 614,A01,1,1,1,0,2,0,-1,-1, -1,-1,2021,44.0,1,1,0,2,2,1,1,,1,AUTOROUTE A3,0,,3,8,0,1,9,199,3,, -1,1,0,1,70,17,7,2021,13:10,1,93,93010,1,1,0,2,AUTOROUTE A3,48.91642,2.47775,13,2,2
202100003240,195Â 976,B01,1,1,2,5,1,4,-1,-1, -1,-1,2021,29.0,1,2,0,9,1,1,1,,2,RN88 OUEST,0,,3,2,0,1,35,500,1,, -1,1,0,1,90,12,12,2021,20:00,3,81,81004,1,1,0,7,RN88 OUEST,43.917352,2.164576,20,2,2
202100048881,114Â 384,A01,1,1,1,4,1,-1,-1,0,0,-1,2021,62.0,1,4,15,0,2,1,1,,2,4,-1,,2,2,0,2,46,100,1,, -1,1,0,3,50,7,3,2021,20:50,5,51,51164,2,1,0,7,N4,48.747559,4.061379,20,1,1
202100043817,123Â 362,B01,10,3,2,5,0,-1,-1,0,9,1,2021,44.0,1,2,0,0,6,24,1,,2,1,-1,,3,2,0,1,(1),(1),1,, -1,1,0,1,110,4,4,2021,11:50,1,974,97415,1,1,0,2,tamarins,-20.985343,55.291486,11,4,2
202100027372,152Â 789,B01,1,1,1,5,2,0,-1,-1, -1,-1,2021,26.0,3,1,0,2,1,1,1,,4,PIERRE CHEVALIER (avenue),0,,3,2,0,2,1,0,1,, -1,1,5,1,50,23,7,2021,14:00,1,13,13212,2,2,0,1,PIERRE CHEVALIER (avenue),43.2949124364,5.4270375391,14,2,2
202100047918,116Â 080,A01,10,3,2,0,0,-1,-1,3,3,1,2021,46.0,2,2,0,1,1,1,1,,3,,0,,2,2,3,1,1,700,3,, -1,2,0,1,50,15,3,2021,13:40,1,64,64545,2,6,1,6,11 rue de poutillenea,43.383043,-1.692823,13,2,1
202100009859,184Â 078,B01,2,2,1,5,2,-1,-1,0,0,-1,2021,16.0,0,1,0,2,1,1,1,,4,,-1,,2,2,0,1,(1),(1),1,,6,1,0,1,50,2,11,2021,18:45,5,34,34145,2,3,0,1,Avenue des 4 Saisons,43.676699,4.116064,18,3,2
202100016705,171Â 762,A01,1,1,1,5,1,-1,-1,0,0,-1,2021,59.0,3,2,0,2,1,1,1,,4,7,0,C,2,2,0,1,(1),(1),1,,"4,3",1,0,1,80,27,9,2021,09:20,1,79,79351,1,2,0,3,Route de Faye,46.416193,-0.534956,9,2,2
202100033472,141Â 942,A01,1,1,1,5,1,-1,-1,0,0,-1,2021,23.0,2,2,8,9,1,2,1,,3,75,-1,,2,2,0,1,12,500,1,, -1,1,0,3,80,19,6,2021,21:20,2,38,38288,1,1,0,7,DÃ©partemental 75,45.574669,5.030944,21,1,1
202100025241,156Â 539,C01,1,1,2,5,1,0,-1,-1, -1,-1,2021,30.0,1,2,0,2,1,1,1,,1,A86 INT,0,,-1,2,0,1,49,99,1,, -1,1,0,1,90,6,8,2021,11:30,1,94,94065,1,1,0,4,A86 INT,48.7539,2.3526,11,3,3
202100008662,186Â 260,A01,1,1,2,9,1,8,-1,-1, -1,-1,2021,34.0,1,2,3,2,4,2,2,,1,A7-Sens Lyon vers Marseille,0,,1,3,0,1,264,0,1,, -1,2,0,1,110,10,11,2021,08:30,1,13,13117,1,1,1,2,A7-Sens Lyon vers Marseille,43.418088,5.273441,8,4,2
202100025477,156Â 127,A01,1,1,1,4,2,6,-1,0,0,-1,2021,36.0,1,1,0,2,8,3,1,,4,AVENUE DE LA PORTE DE BAGNOLET,0,,2,7,0,1,(1),(1),1,, -1,1,0,1,50,5,8,2021,14:04,1,75,75120,2,3,0,3,AVENUE DE LA PORTE DE BAGNOLET,48.864776,2.410148,14,2,2
202100021881,162Â 521,A01,10,3,1,4,4,-1,-1,1,3,1,2021,44.0,1,2,0,1,2,1,1,,3,11,0,D,2,2,0,1,33,902,1,,5,1,0,1,50,31,8,2021,04:45,5,66,66133,2,1,0,6,Route de Sorede,42.563697,2.96355,4,2,1
202100042807,125Â 143,A01,1,1,1,5,8,-1,-1,-1, -1,-1,2021,20.0,3,0,13,0,1,26,1,,4,,0,,-1,0,0,2,(1),(1),1,, -1,9,6,8,1,23,4,2021,19:00,1,69,69199,2,1,0,6,DEUX FERMES (DES) (R),45.69209,4.85323,19,1,1
202100000762,200Â 350,A01,2,2,1,5,1,0,-1,-1, -1,-1,2021,20.0,1,2,11,0,3,13,1,,3,SALINE (BOULEVARD DE LA),0,,3,4,1,1,29,673,1,, -1,1,5,1,70,30,12,2021,23:30,5,50,50173,2,2,0,6,SALINE (BOULEVARD DE LA),49.654,-1.64924,23,2,1
202100016518,172Â 101,A01,1,1,2,5,1,0,-1,0,0,-1,2021,32.0,1,2,1,0,2,1,1,,7,,0,,2,4,0,1,(1),(1),1,, -1,1,0,1,50,25,9,2021,12:30,1,6,6027,2,1,0,6,JAURES AVENUE JEAN,43.65866,7.16953,12,2,1
202100025659,155Â 814,A01,1,1,1,5,0,-1,-1,0,0,-1,2021,20.0,1,1,0,2,0,1,5,,3,102,0,A,2,2,0,2,3,638,1,, -1,2,0,1,80,4,8,2021,19:00,1,56,56166,1,3,1,2,Kerprat Vihan,47.910043,-3.290062,19,2,2
202100046356,118Â 908,A01,1,1,1,5,1,0,-1,-1, -1,-1,2021,23.0,2,2,1,0,2,15,1,,4,MIREILLE LAUZE (BOULEVARD),0,,2,2,0,1,(1),(1),2,, -1,1,0,1,50,27,3,2021,20:00,5,13,13210,2,1,0,3,MIREILLE LAUZE (BOULEVARD),43.2848786764,5.4213694753,20,1,1
202100008629,186Â 316,B01,1,1,1,5,0,-1,-1,0,0,-1,2021,63.0,1,2,0,2,3,13,1,,3,943,-1,,2,2,0,1,77,600,1,, -1,1,0,1,80,11,11,2021,18:20,3,62,62087,1,1,0,1,D943,50.801032,2.114342,18,3,2
202100031799,144Â 921,A01,1,1,2,9,1,-1,-1,-1, -1,-1,2021,38.0,2,2,0,2,4,1,1,,1,A50-Sens Aubagne vers Marseille,0,,1,3,0,1,3,0,1,, -1,1,0,1,90,28,6,2021,14:40,2,13,13211,1,1,0,2,A50-Sens Aubagne vers Marseille,43.2878,5.4406,14,1,1
202100003446,195Â 596,A01,1,1,1,4,2,6,-1,0,0,-1,2021,24.0,1,1,0,2,1,1,1,,4,RUE DES PYRAMIDES,0,,1,2,0,1,(1),(1),1,, -1,1,0,1,30,11,12,2021,00:25,5,75,75101,2,2,0,3,RUE DES PYRAMIDES,48.864564,2.332697,0,2,2
202100015566,173Â 862,A01,1,1,1,5,1,0,-1,-1, -1,-1,2021,40.0,1,2,1,0,1,1,1,,4,JAURES (AVENUE JEAN),0,,-1,2,0,1,0,0,1,, -1,1,0,1,50,25,8,2021,03:25,5,46,46042,2,1,0,3,JAURES (AVENUE JEAN),44.44932,1.433925,3,1,1
202100039703,130Â 615,A01,1,1,1,5,1,0,-1,0,0,-1,2021,25.0,1,2,14,0,9,1,1,,4,ECHANGEUR BERCY,0,,1,2,0,1,(1),(1),1,, -1,2,0,1,50,15,5,2021,09:00,1,75,75112,2,4,1,6,ECHANGEUR BERCY,48.827158,2.392033,9,1,1
202100047244,117Â 312,A01,10,3,1,9,0,-1,-1,2,1,1,2021,17.0,2,5,0,1,2,1,1,,4,RUE DE LA CHARBONNIERE,0,,1,0,3,1,(1),(1),1,, -1,1,0,1,50,20,3,2021,17:40,1,75,75118,2,2,0,6,RUE DE LA CHARBONNIERE,48.884223,2.352407,17,3,1
202100030409,147Â 412,B01,1,1,1,9,2,6,-1,0,0,-1,2021,59.0,1,1,0,2,7,17,1,,4,BOULEVARD DE LA CHAPELLE,0,,1,2,0,1,(1),(1),1,, -1,1,0,1,50,6,7,2021,11:38,1,75,75118,2,3,0,3,BOULEVARD DE LA CHAPELLE,48.883976,2.351251,11,2,2
202100011837,180Â 563,A01,1,1,2,0,8,-1,-1,0,0,-1,2021,38.0,2,2,9,0,1,0,1,,4,ST ROCH (PLACE),0,,1,2,0,1,(1),(1),4,, -1,1,9,8,50,22,10,2021,01:00,5,6,6083,2,6,0,6,ST ROCH (PLACE),43.77442,7.50126,1,1,1
202100047486,116Â 884,A01,1,1,1,5,1,0,-1,-1, -1,-1,2021,20.0,1,2,0,2,1,13,1,,3,PEYREBLANQUE DE,0,,2,2,0,1,0,800,1,, -1,1,0,1,50,18,3,2021,08:35,1,64,64269,2,1,0,1,Avenue Pierre de Belsunce,43.29566,-0.30669,8,3,2
202100015012,174Â 870,A01,10,3,1,9,0,-1,-1,2,3,1,2021,3.0,1,5,0,1,8,1,1,,3,HONDRAT (ISIDORE),0,,1,1,0,1,0,0,1,, -1,1,0,1,30,1,10,2021,13:00,1,66,66136,2,1,0,6,HONDRAT (ISIDORE),42.7042,2.88345,13,2,1
202100002065,198Â 105,A01,1,1,2,5,1,-1,-1,0,0,-1,2021,36.0,1,2,13,0,1,14,1,,2,1,-1,,2,2,0,2,(1),(1),2,, -1,1,2,8,110,16,12,2021,22:00,3,988,98810,1,1,0,7,Lieu dit TROULALA,-20.6491,164.36226,22,1,1
202100038076,133Â 600,A01,1,1,1,5,1,-1,-1,0,0,-1,2021,77.0,1,2,13,0,2,0,1,,1,88,-1,A,3,4,0,1,0,600,1,, -1,1,2,3,110,27,5,2021,13:00,1,61,61464,1,1,0,6,A88,48.636156,0.185781,13,1,1
202100038437,132Â 940,A01,1,1,1,0,8,8,8,0,0,-1,2021,31.0,2,2,13,0,1,1,1,,3,131,0,D,2,2,0,1,6,613,3,, -1,1,0,8,80,25,5,2021,20:20,1,34,34241,1,1,0,6,D131,43.605587,3.547601,20,1,1
202100006671,189Â 860,A01,1,1,2,1,1,0,-1,-1, -1,-1,2021,19.0,2,2,0,0,9,9,1,,1,VA007342 LA CEPIERE  A620 Sortie 27,0,,1,4,0,3,6,472,3,, -1,2,0,1,90,23,11,2021,23:30,3,31,31555,2,1,1,4,VA007342 LA CEPIERE  A620 Sortie 27,43.60278,1.39975,23,3,3
202100053968,105Â 286,A01,1,1,1,9,2,6,-1,0,0,-1,2021,56.0,2,1,0,2,1,1,1,,4,RUE DE L ARSENAL,0,,1,1,0,1,(1),(1),1,, -1,2,0,1,30,23,1,2021,20:00,5,75,75104,2,2,0,3,RUE DE LA CERISAIE,48.851753,2.367006,20,2,2
202100034686,139Â 725,B01,1,1,1,0,2,6,-1,0,0,-1,2021,17.0,3,1,0,2,1,1,1,,4,,-1,,2,2,0,1,(1),(1),2,, -1,1,0,1,30,28,5,2021,15:30,1,24,24340,1,1,0,1,81 Route de Sivadal,44.862168,0.418972,15,3,2
202100021647,162Â 935,A01,1,1,2,4,2,6,-1,0,0,-1,2021,20.0,2,1,14,0,1,17,1,,4,BOULEVARD MALESHERBES,0,,1,0,0,1,(1),(1),1,, -1,1,0,1,30,30,8,2021,08:50,1,75,75117,2,2,0,6,BOULEVARD MALESHERBES,48.884026,2.308698,8,1,1
202100035910,137Â 501,A01,1,1,1,1,2,6,-1,-1, -1,-1,2021,23.0,1,1,0,2,1,2,1,,3,JAURES (PLACE JEAN),0,,3,4,0,1,26,5,1,, -1,1,5,1,50,4,6,2021,14:10,1,50,50129,2,2,0,2,JAURES (PLACE JEAN),49.63389,-1.62255,14,2,2
202100050458,111Â 507,A01,1,1,2,1,1,-1,-1,-1, -1,-1,2021,35.0,1,2,0,2,3,13,1,,3,PLANCHE DU BOIS (lieu dit Le),0,,2,2,0,4,0,0,2,, -1,1,0,1,50,23,2,2021,11:15,1,50,50502,2,1,1,3,PLANCHE DU BOIS (lieu dit Le),49.1217,-1.0611,11,2,2
202100029785,148Â 547,A01,10,3,1,0,0,-1,-1,4,1,1,2021,21.0,1,2,0,1,1,1,1,,7,MIRABEAU,0,,2,2,0,1,53,900,1,, -1,1,0,1,30,7,7,2021,18:00,1,42,42305,2,4,0,6,Rue Mirabeau,45.47931,4.42226,18,2,1
202100009427,184Â 848,A01,10,3,2,5,0,-1,-1,2,3,1,2021,57.0,1,2,0,1,2,1,1,,3,SAINT MIHIEL ( RUE DE ),0,,2,2,0,1,1,0,1,, -1,2,0,1,50,3,11,2021,07:40,2,55,55029,2,1,1,6,SAINT MIHIEL ( RUE DE ),48.77358,5.17343,7,2,1
202100052578,107Â 743,A01,1,1,1,5,2,6,-1,0,0,-1,2021,22.0,2,1,0,0,7,1,1,,4,QUAI FRANCOIS MITTERRAND,0,,1,4,0,1,(1),(1),1,, -1,2,0,1,50,3,2,2021,15:30,1,75,75101,2,7,1,7,QUAI FRANCOIS MITTERRAND,48.8601175384,2.3333448172,15,1,1
202100022249,161Â 873,C01,2,2,1,0,1,0,-1,0,0,-1,2021,63.0,1,2,0,2,5,1,1,,4,JAURES (AVENUE JEAN),0,,2,2,0,1,(1),(1),1,, -1,1,0,1,50,27,8,2021,15:05,1,54,54547,2,3,0,6,JAURES (AVENUE JEAN),48.66261,6.16208,15,7,3
202100018178,169Â 118,A01,2,2,1,9,1,0,-1,0,0,-1,2021,25.0,1,5,7,2,7,1,1,,4,RUE DE DUNKERQUE,0,,2,3,0,1,(1),(1),1,, -1,1,0,1,30,18,9,2021,04:30,5,75,75110,2,2,0,3,RUE DE DUNKERQUE,48.879543,2.357227,4,3,2
202100050553,111Â 326,A01,2,2,1,0,2,8,-1,-1, -1,-1,2021,25.0,2,1,0,6,1,1,1,,2,m'tsapere-Nationale 2 (route),0,,2,2,0,1,0,0,1,, -1,1,0,1,50,21,2,2021,22:00,3,976,97611,1,1,0,6,m'tsapere-Nationale 2 (route),-12.79392,45.21882,22,2,1
202100011194,181Â 722,C01,1,1,1,0,1,-1,-1,-1, -1,-1,2021,30.0,2,2,0,2,1,1,2,,7,TOULON RD 46 ( ROUTE DE ),0,,2,2,1,1,7,183,1,, -1,1,0,1,70,22,10,2021,19:45,2,83,83047,1,1,0,5,TOULON RD 46 ( ROUTE DE ),43.1266382371,6.084584713,19,4,3
202100047562,116Â 751,A01,1,1,2,0,2,6,9,0,0,-1,2021,23.0,2,1,0,2,1,1,1,,2,94,-1,,2,2,0,2,90,600,1,, -1,1,0,1,80,18,3,2021,10:55,1,5,5040,1,3,0,3,"RN94,PK090600",44.530436,6.31466,10,2,2
202100023399,159Â 793,B01,5,2,2,5,1,0,-1,-1, -1,-1,2021,16.0,1,2,0,2,1,2,1,,1,AUTOROUTE A21,0,,1,4,0,1,3,299,1,, -1,1,0,1,130,18,8,2021,21:45,3,62,62510,1,1,0,2,AUTOROUTE A21,50.437224,2.747467,21,6,2
202100022965,160Â 576,B01,1,1,1,5,2,6,-1,0,0,-1,2021,24.0,2,1,0,2,1,17,1,,3,15,0,D,2,2,0,1,6,150,3,0,6,1,0,1,80,23,8,2021,14:00,1,16,16243,1,3,0,3,Lieu-dit Les Chatelins,45.709866,-0.235681,14,2,2
202100008226,187Â 009,A01,1,1,1,0,1,0,-1,-1, -1,-1,2021,23.0,1,2,0,2,2,1,1,,1,AUTOROUTE A1,0,,3,4,0,1,10,300,1,, -1,2,0,1,110,14,11,2021,08:15,2,93,93007,1,1,1,6,AUTOROUTE A1,48.9509602862,2.4498930167,8,2,2
202100007278,188Â 741,A01,1,1,1,5,2,6,-1,-1, -1,-1,2021,30.0,1,1,0,2,1,17,1,,4,ALL DES DEMOISELLES,0,,2,2,0,1,(1),(1),1,, -1,1,0,1,50,17,11,2021,13:35,1,31,31555,2,2,0,1,ALL DES DEMOISELLES,43.588335,1.458728,13,2,2
202100008285,186Â 907,A01,1,1,1,5,2,-1,-1,0,0,-1,2021,39.0,1,1,0,0,0,1,1,,3,16,-1,,2,2,0,2,22,200,1,, -1,2,0,1,80,13,11,2021,17:00,1,63,63093,1,1,0,7,RD16 22+200,46.0007225463,2.9859447885,17,1,1
202100015544,173Â 898,B01,1,1,1,5,1,0,-1,-1, -1,-1,2021,34.0,2,2,0,2,7,1,1,,3,MAES (AV. ALFRED ),0,,2,2,0,1,23,430,1,, -1,1,0,1,50,21,8,2021,01:45,5,62,62498,2,2,0,3,MAES (AV. ALFRED ),50.42721,2.80925,1,2,2
202100037479,134Â 676,A01,1,1,1,0,0,-1,-1,0,0,-1,2021,72.0,2,2,1,2,2,5,1,,2,10,0,,2,2,0,1,13,100,1,, -1,1,5,1,50,30,5,2021,16:00,1,202,202123,2,9,0,1,Avenue du 9 Septembre,42.015811,9.405107,16,3,2