Num_Acc,id_vehicule,num_veh,place,catu,sexe,trajet,secu1,secu2,secu3,locp,actp,etatp,year_acc,victim_age,senc,catv,obs,obsm,choc,manv,motor,occutc,catr,voie,v1,v2,circ,nbv,vosp,prof,pr,pr1,plan,lartpc,larrout,surf,infra,situ,vma,jour,mois,an,hrmn,lum,dep,com,agg_,int,atm,col,adr,lat,long,hour,nb_victim,nb_vehicules
202100034613,139Â 844,A01,1,1,1,9,2,6,-1,0,0,-1,2021,37.0,1,1,0,0,0,21,1,,4,RUE LECOURBE,0,,1,2,0,1,(1),(1),1,, -1,1,0,1,50,11,6,2021,23:35,5,75,75115,2,1,0,7,RUE LECOURBE,48.844103,2.307756,23,1,1
202100003214,196Â 029,B01,1,1,1,4,1,8,-1,-1, -1,-1,2021,48.0,1,4,0,2,3,2,1,,1,A7-Sens Lyon vers Marseille,0,,1,2,0,1,261,500,1,, -1,1,0,1,90,3,12,2021,11:15,1,13,13117,1,1,0,2,A7-Sens Lyon vers Marseille,43.43876,5.25075,11,2,2
202100013616,177Â 379,A01,1,1,1,0,1,-1,-1,-1, -1,-1,2021,50.0,1,2,15,0,1,14,1,,4,JEAN JAURES                         (R ),0,,2,4,1,1,(1),(1),1,, -1,1,0,1,50,21,9,2021,11:40,1,69,69282,2,3,0,2,JEAN JAURES (R),45.7739398562,5.0179255843,11,2,2
202100023426,159Â 747,Z01,10,3,1,5,0,-1,-1,3,3,1,2021,74.0,2,5,0,1,1,2,1,,3,MONZIE (AVENUE ANATOLE OU DE TOULOUSE),0,,2,2,0,1,2,160,1,, -1,1,6,1,50,19,8,2021,16:50,1,46,46042,2,1,0,6,MONZIE (AVENUE ANATOLE OU DE TOULOUSE),44.439941,1.441589,16,2,1
202100047072,117Â 630,A01,1,1,1,5,2,-1,-1,0,0,-1,2021,38.0,2,1,0,0,1,0,5,,4,,-1,,2,2,0,2,(1),(1),4,, -1,1,0,1,50,22,3,2021,13:30,1,6,6149,1,1,0,6,Route de Villefranche,43.729933,7.309577,13,1,1
202100011146,181Â 808,A01,1,1,2,5,1,-1,-1,0,0,-1,2021,69.0,0,2,13,0,9,1,1,,2,20,0,,2,2,0,2,(1),(1),1,, -1,1,0,3,80,25,10,2021,14:55,1,202,202329,1,1,0,7,RT 20,42.345223,9.174056,14,1,1
202100043925,123Â 157,B01,1,1,1,1,1,0,-1,-1, -1,-1,2021,53.0,1,2,0,2,4,15,1,,4,R DU MOULIN A VENT ,0,,2,2,0,1,1,0,1,, -1,1,0,1,50,15,4,2021,19:40,1,94,94071,2,1,0,2,Rue du Moulin Ã  Vent,48.76403,2.52954,19,2,2
202100000071,201Â 623,B01,1,1,1,0,0,-1,-1,-1, -1,-1,2021,14.0,0,1,0,0,0,0,0,,4,DUPONT ALPHONSE (RUE),0,,1,0,0,1,(1),(1),1,, -1,1,0,1,30,14,10,2021,17:10,1,60,60057,2,1,0,1,Rue Alphonse Dupont,49.41862,2.08343,17,3,2
202100052768,107Â 406,A01,2,2,1,0,1,-1,-1,-1, -1,-1,2021,20.0,2,2,1,0,1,14,1,,4,RIBOT (RUE ALEXANDRE),0,,1,1,0,2,(1),(1),1,, -1,1,0,1,50,3,2,2021,01:40,5,51,51454,2,1,0,6,Rue Alexandre Ribot,49.2448967685,4.0153028858,1,2,1
202100045021,121Â 253,A01,1,1,1,9,2,6,-1,0,0,-1,2021,20.0,1,1,0,2,2,1,1,,2,RN 88,0,,1,2,0,1,30,566,1,, -1,1,5,1,30,5,4,2021,19:20,1,81,81144,1,6,0,3,RN 88,43.96153,2.16738,19,2,2
202100017061,171Â 129,Z01,2,2,1,9,2,0,-1,0,0,-1,2021,18.0,1,1,0,0,0,15,1,,4,RUE DE LA ROQUETTE,0,,1,1,0,1,(1),(1),1,, -1,1,0,1,30,23,9,2021,15:40,1,75,75111,2,3,0,7,RUE DE LA ROQUETTE,48.855518,2.374416,15,2,1
202100035158,138Â 864,A01,1,1,1,1,1,5,-1,0,0,-1,2021,23.0,1,5,1,0,2,2,1,,2,12,0,N,3,4,0,1,39,200,1,, -1,2,0,2,110,11,3,2021,07:00,2,78,78321,1,1,1,2,nationale 12 PK 39.200 sens Paris-Province,48.793281,1.887932,7,2,2
202100009048,185Â 531,A01,1,1,2,5,1,4,-1,-1, -1,-1,2021,19.0,1,2,0,2,8,13,1,,2,RN 449,0,,1,3,0,1,0,144,1,, -1,2,3,1,70,7,11,2021,10:20,1,91,91521,1,1,1,3,RN 449,48.6355,2.4015,10,2,2
202100021741,162Â 771,A01,1,1,2,0,2,0,-1,-1, -1,-1,2021,61.0,2,1,0,2,5,3,1,,1,86,0,,-1,3,0,1,0,100,1,, -1,1,0,1,90,31,8,2021,09:15,1,92,92050,1,1,0,6,A86,48.902257,2.203464,9,2,2
202100005306,192Â 304,B01,1,1,1,0,2,0,-1,-1, -1,-1,2021,25.0,1,1,0,2,1,1,1,,4,RUE DE LA SYONNIERE,0,,2,0,0,1,1,0,1,, -1,1,0,1,50,1,12,2021,13:30,1,44,44162,2,3,0,3,RUE DE LA SYONNIERE,47.25021,-1.64585,13,2,2
202100046239,119Â 119,B01,2,2,2,0,2,8,-1,-1, -1,-1,2021,62.0,3,1,0,9,4,0,1,,7,ROOSEVELT (AVENUE FRANKLIN ),0,,2,2,0,1,0,0,1,, -1,1,6,1,30,28,3,2021,15:45,1,13,13028,2,9,0,5,ROOSEVELT (AVENUE FRANKLIN ),43.1832,5.61622,15,4,3
202100006400,190Â 356,B01,2,2,2,3,1,-1,-1,-1, -1,-1,2021,10.0,3,2,0,2,4,1,1,,4,GUSTAVE NICOLLE,0,,2,2,0,1,0,0,1,, -1,1,0,1,50,23,11,2021,17:51,2,76,76351,2,1,0,2,GUSTAVE NICOLLE,49.4919,0.1492,17,3,2
202100028164,151Â 357,B01,1,1,1,5,2,0,-1,-1, -1,-1,2021,31.0,2,1,0,2,1,17,1,,4,RUE VAUVENARGUES,0,,2,2,0,1,(1),(1),1,, -1,1,0,1,50,19,7,2021,08:00,1,75,75118,2,5,0,3,RUE VAUVENARGUES,48.894173,2.332636,8,2,2
202100031807,144Â 908,A01,1,1,2,5,1,-1,-1,-1,0,-1,2021,22.0,1,2,4,0,9,13,1,,3,RD 170,0,,3,4,0,1,1,0,1,, -1,2,0,1,70,29,6,2021,19:50,1,95,95582,1,1,1,6,RD 170,48.96416,2.26856,19,1,1
202100047900,116Â 114,B01,1,1,1,0,8,0,-1,-1, -1,-1,2021,30.0,2,2,0,2,3,16,1,,4,CHARLES DE GAULLE                   (QU),0,,1,3,1,1,(1),(1),3,, -1,2,0,1,50,15,3,2021,21:15,5,69,69386,2,9,1,3,CHARLES DE GAULLE (Q),45.78297,4.84827,21,2,2
202100028040,151Â 593,B01,1,1,2,0,2,6,-1,0,0,-1,2021,53.0,2,1,0,2,8,1,1,,3,161,-1,,3,1,0,1,19,1350,3,, -1,1,0,1,90,19,7,2021,18:45,1,86,86174,1,1,0,3,D161,46.778729,0.520005,18,2,2
202100021098,163Â 944,B01,1,1,2,1,2,0,-1,0,0,-1,2021,39.0,2,0,0,2,1,1,3,,4,AVENUE DES CHAMPS ELYSEES,0,,2,10,1,2,(1),(1),1,, -1,1,0,5,50,3,9,2021,18:20,1,75,75108,2,3,0,3,AVENUE DES CHAMPS ELYSEES,48.871391,2.302621,18,3,2
202100026040,155Â 135,B01,1,1,2,4,0,-1,-1,0,0,-1,2021,39.0,1,4,0,0,4,2,1,,3,1215,0,,3,4,0,1,37,340,1,, -1,1,0,1,-1,29,7,2021,13:20,1,33,33248,1,1,0,2,,45.102032,-0.802732,13,2,2
202100010036,183Â 759,A01,2,2,1,5,2,0,-1,-1, -1,-1,2021,18.0,1,1,0,2,1,17,1,,3,,0,,2,2,0,1,9,670,1,, -1,2,0,1,50,31,10,2021,12:09,1,4,4112,2,1,1,3,MISTRAL (AVENUE F.),43.8230751,5.7876289,12,3,2
202100020383,165Â 205,B01,1,1,1,0,2,6,-1,0,0,-1,2021,17.0,1,1,0,2,1,2,1,,3,419,0,D,2,2,2,1,44,400,1,, -1,1,0,1,50,8,9,2021,11:00,1,68,68135,2,1,0,2,Rue de Saint-Louis,47.57806,7.533531,11,3,2
202100029431,149Â 169,A01,2,2,1,5,1,8,-1,-1, -1,-1,2021,25.0,3,2,2,0,1,14,1,,4,MENEZ ( CHEMIN DU PARC),0,,2,2,0,2,(1),(1),2,, -1,1,0,3,80,11,7,2021,02:22,3,29,29039,1,1,0,6,Chemin de Parc Menez,47.9038549999,-3.9376219017,2,2,1
202100049618,113Â 051,A01,10,3,1,0,0,-1,-1,3,3,1,2021,54.0,1,2,0,1,1,1,1,,4,ROMAINS (ROUTE DES),0,,2,4,1,1,(1),(1),1,, -1,1,0,1,50,28,2,2021,10:55,1,67,67482,2,1,0,6,ROMAINS (ROUTE DES),48.579081,7.712773,10,2,1
202100032493,143Â 688,A01,10,3,2,1,0,-1,-1,9,3,1,2021,38.0,1,2,0,1,4,4,1,,4,CARNOT (RUE),0,,1,1,0,1,(1),(1),1,, -1,1,0,6,20,24,6,2021,18:06,1,27,27681,2,1,0,6,CARNOT (RUE),49.09279,1.48621,18,2,1
202100052858,107Â 235,B01,1,1,1,0,2,8,-1,-1, -1,-1,2021,45.0,1,1,0,2,1,1,1,,4,SOURCE DE BADUEL (CHEMIN DE LA),0,,2,2,0,1,(1),(1),1,, -1,1,0,1,50,1,2,2021,07:55,1,973,97302,2,3,0,1,SOURCE DE BADUEL (CHEMIN DE LA),4.92953,-52.30876,7,4,2
202100046249,119Â 103,Y01,2,2,1,5,0,-1,-1,0,0,-1,2021,12.0,0,1,0,2,7,0,3,,4,CANAL (R DU),0,,1,1,0,1,1,0,1,, -1,1,6,1,30,28,3,2021,18:50,1,94,94058,2,1,0,2,Rue du Canal,48.8510959666,2.5129723549,18,3,2
202100007625,188Â 116,B01,1,1,2,2,0,-1,-1,-1, -1,-1,2021,18.0,2,1,0,2,1,0,5,,4,AVE DE TIVOLI,0,,2,2,0,2,(1),(1),1,, -1,1,0,1,30,17,11,2021,07:45,2,33,33069,2,6,0,3,Avenue de Tivoli,44.86858,-0.59708,7,2,2
202100013597,177Â 417,A01,10,3,1,0,0,-1,-1,6,3,1,2021,25.0,3,2,0,1,0,20,1,,3,RUE HONORE D ESTIENNE D ORVES,0,,-1,2,0,1,0,0,1,, -1,1,9,1,50,9,10,2021,21:05,5,91,91228,2,3,0,6,RUE HONORE D ESTIENNE D ORVES,48.62484,2.433683,21,2,1
202100053192,106Â 654,B01,1,1,2,0,1,0,-1,0,0,-1,2021,22.0,2,2,0,2,2,1,1,,4,,0,,2,2,0,1,(1),(1),1,, -1,2,0,1,50,27,1,2021,21:21,5,63,63113,2,4,1,3,ORADOU (RUE DE L'),45.7696204475,3.111860834,21,2,2
202100031591,145Â 286,A01,1,1,2,1,2,6,-1,0,0,-1,2021,39.0,2,1,0,2,1,1,1,,4,ROUTE DE SURESNES,0,,2,6,0,1,(1),(1),1,, -1,1,0,1,50,30,6,2021,14:20,1,75,75116,2,2,0,3,ROUTE DE SURESNES,48.865086,2.234505,14,2,2
202100018244,169Â 000,A01,9,2,2,5,0,-1,-1,0,0,-1,2021,16.0,1,2,13,0,2,21,1,,3,108,-1,,2,2,0,1,16,150,2,, -1,1,0,3,80,18,9,2021,23:56,3,49,49080,1,1,0,6,D108,47.697704,-0.459827,23,4,1
202100040767,128Â 742,A01,1,1,1,4,2,0,-1,0,0,-1,2021,22.0,1,1,0,2,9,1,1,,4,RUE SPONTINI,0,,1,1,0,1,(1),(1),1,, -1,1,0,1,50,7,5,2021,21:40,5,75,75116,2,2,0,3,RUE SPONTINI,48.867644,2.277011,21,2,2
202100040036,130Â 035,A01,1,1,1,0,2,0,-1,-1, -1,-1,2021,55.0,3,1,0,0,0,0,0,,4,ORANGERIE (RUE DE L'),0,,1,1,0,1,0,0,1,, -1,1,0,1,50,13,5,2021,17:37,1,91,91549,2,1,1,7,ORANGERIE (RUE DE L'),48.639621,2.330821,17,1,1
202100010945,182Â 162,B01,1,1,1,0,2,0,-1,-1, -1,-1,2021,38.0,2,1,0,2,1,17,1,,3,BALLANGER (BD ROBERT),0,,2,2,0,1,112,0,1,, -1,2,0,1,50,26,10,2021,16:35,1,93,93078,2,3,0,3,BALLANGER (BD ROBERT),48.9539,2.53402,16,2,2
202100040964,128Â 396,B01,1,1,1,1,2,6,-1,-1, -1,-1,2021,34.0,3,1,0,2,8,1,1,,2,GENERAL LECLERC (AV DU),0,,3,4,0,1,0,0,1,, -1,2,0,1,70,6,5,2021,07:08,1,94,94004,2,1,1,3,GENERAL LECLERC (AV DU),48.75891,2.50178,7,3,3
202100045953,119Â 614,A01,1,1,1,1,1,-1,-1,0, -1,-1,2021,54.0,1,2,0,5,0,21,1,,2,RN165 (VE),0,,3,4,0,1,33,400,1,, -1,1,3,3,110,30,3,2021,04:00,3,29,29039,1,1,0,6,N165,47.92286,-3.89106,4,1,1
202100022321,161Â 737,B01,1,1,1,5,2,-1,-1,0,0,-1,2021,72.0,1,1,0,2,8,13,5,,3,643,0,,2,2,0,2,41,500,1,, -1,1,0,1,80,28,8,2021,14:25,1,54,54067,1,1,0,3,D643 PK 41-500,49.435427,5.6595039368,14,2,2
202100040919,128Â 481,B01,1,1,1,2,2,6,-1,-1, -1,-1,2021,16.0,1,1,0,2,7,1,3,,4,MARECHAL LECLERC (RD PT),0,,1,2,0,1,(1),(1),1,, -1,1,0,1,50,7,5,2021,08:20,1,37,37214,2,6,0,6,MARECHAL LECLERC (RD PT),47.4198279315,0.6633009374,8,2,2
202100052037,108Â 698,A01,10,3,2,1,0,-1,-1,1,3,1,2021,59.0,1,2,0,1,8,1,1,,4,RUE DES SUISSES,0,,1,1,0,1,(1),(1),1,, -1,1,0,1,50,8,2,2021,07:40,2,75,75114,2,3,0,6,RUE DES SUISSES,48.830687,2.314306,7,2,1
202100037359,134Â 889,B01,1,1,1,5,2,-1,-1,0,0,-1,2021,33.0,2,1,0,2,1,1,1,,2,1,0,,2,2,0,1,6,600,1,, -1,1,0,1,70,26,5,2021,18:30,2,973,97307,1,6,0,3,RN 1 PR7,4.837042,-52.338889,18,3,2
202100031269,145Â 849,B01,1,1,1,0,8,-1,-1,0,0,-1,2021,40.0,2,1,0,2,1,1,1,,3,7,-1,,2,2,0,1,1,175,1,, -1,1,0,1,50,3,7,2021,19:30,1,83,83107,2,1,0,3,Route DÃ©partementale 7,43.452545,6.633339,19,2,2
202100052110,108Â 564,A01,1,1,1,4,2,0,-1,-1, -1,-1,2021,20.0,2,1,14,0,1,26,1,,4,GRAND CERF (BOULEVARD DU),0,,2,3,3,1,(1),(1),1,, -1,2,0,6,50,5,2,2021,17:45,2,86,86194,2,1,1,1,Boulevard du Grand Cerf,46.58536,0.337422,17,2,2
202100027040,153Â 381,A01,3,2,1,5,1,0,-1,-1, -1,-1,2021,1.0,1,2,0,0,0,0,1,,1,A5b,0,,1,2,0,1,5,599,1,, -1,1,0,1,110,26,7,2021,01:00,3,77,77384,1,1,0,6,A5b,48.602273,2.634138,1,3,2
202100017167,170Â 953,A01,1,1,1,5,2,6,-1,0,0,-1,2021,61.0,1,1,0,2,3,1,1,,3,08,0,D,2,2,0,1,22,360,1,, -1,1,0,1,80,23,9,2021,16:45,1,84,84028,1,1,0,1,Route dÃ©partementale 08,44.206327,4.942989,16,2,2
202100012026,180Â 214,A01,1,1,1,0,1,0,-1,0, -1,-1,2021,27.0,2,2,8,2,2,19,1,,4,HAUTE RUE,0,,3,4,0,2,(1),(1),3,, -1,2,5,1,50,20,10,2021,15:40,1,29,29232,2,1,1,1,Rue Haute,47.98873,-4.11096,15,2,2
202100045278,120Â 788,B01,1,1,1,5,2,-1,-1,0,0,-1,2021,53.0,3,1,0,2,1,1,6,,4,,-1,,2,2,0,1,(1),(1),1,, -1,1,0,1,80,11,3,2021,12:45,1,56,56015,1,1,0,3,Le Rendez Vous,47.632067,-2.55886,12,2,2
202100035624,138Â 044,A01,1,1,1,5,2,6,-1,0,0,-1,2021,48.0,1,1,13,0,1,0,1,,3,4,0,D,2,2,0,1,41,950,2,, -1,1,0,3,80,30,5,2021,16:10,1,24,24581,1,1,0,7,Siorac Est,45.034154,0.570023,16,2,1
202100015779,173Â 464,B01,1,1,1,1,2,6,-1,-1, -1,-1,2021,28.0,1,1,0,2,1,2,1,,3,SAINT-DENIS BD (120 A 174 / DE 199 A 315,0,,2,3,0,1,0,0,1,, -1,2,0,1,50,1,10,2021,18:30,2,92,92026,2,3,1,3,SAINT-DENIS BD (120 A 174 / DE 199 A 315,48.90217,2.27369,18,2,2
202100036902,135Â 740,A01,2,2,1,0,1,-1,-1,0,0,-1,2021,31.0,1,2,6,0,1,0,1,,3,56,-1,,2,2,0,1,13,540,1,, -1,1,0,3,50,3,6,2021,02:22,4,2,2086,2,1,0,6,5 Rue de l Ãglise,49.579444,3.213061,2,2,1
202100024502,157Â 864,A01,1,1,2,0,1,0,-1,-1, -1,-1,2021,31.0,3,2,0,2,7,14,1,,4,ALL DE L'AVANT-SCENE,0,,1,2,0,1,0,1,1,, -1,1,0,1,50,12,8,2021,17:50,1,77,77251,2,1,0,2,ALL DE L'AVANT-SCENE,48.61806,2.54713,17,2,2
202100037057,135Â 462,A01,1,1,2,1,1,0,-1,-1, -1,-1,2021,47.0,0,2,14,0,1,1,1,,6,CAILLES (R DES),0,,-1,0,0,2,1,0,1,, -1,1,0,1,30,1,6,2021,10:30,1,94,94044,2,1,0,6,Rue des Cailles,48.7429083635,2.4832749367,10,1,1
202100018372,168Â 787,B01,1,1,1,5,8,0,-1,-1, -1,-1,2021,87.0,1,1,0,2,0,2,5,,4,,0,,1,2,0,1,(1),(1),1,, -1,1,0,1,50,17,9,2021,17:35,1,25,25462,2,3,0,3,Rue de la LibÃ©ration,46.9179,6.34356,17,2,2
202100004405,193Â 885,A01,10,3,2,9,8,8,-1,4,3,1,2021,25.0,1,5,0,1,1,15,1,,4,BOULEVARD JULES FERRY,0,,3,2,0,1,(1),(1),1,, -1,2,0,1,30,6,12,2021,11:45,1,75,75111,2,2,0,6,BOULEVARD JULES FERRY,48.868687,2.367075,11,2,1
202100054299,104Â 702,A01,1,1,1,0,2,0,-1,-1, -1,-1,2021,26.0,1,1,4,0,3,1,1,,1,A55-Sens Marseille vers Martigues,0,,1,1,0,4,3,750,2,, -1,2,0,1,70,19,1,2021,21:20,3,13,13202,1,1,0,1,A55-Sens Marseille vers Martigues,43.3289542547,5.3563060644,21,1,1
202100018882,167Â 899,A01,2,2,2,0,1,5,-1,-1, -1,-1,2021,60.0,2,2,0,2,4,1,1,,1,A507 sens Aubagne- Marseille,0,,1,3,0,1,2,240,1,, -1,1,1,1,70,11,9,2021,09:45,1,13,13055,1,1,0,4,A507 sens Aubagne- Marseille,43.33015,5.39965,9,6,5
202100052903,107Â 156,A01,1,1,2,5,1,8,-1,-1, -1,-1,2021,41.0,3,2,0,2,6,15,1,,4,Avenue du PrÃ©sident Franklin Roosevelt ,0,,1,2,0,1,0,0,1,, -1,2,2,1,50,30,1,2021,11:35,1,11,11069,2,1,1,3,Avenue du PrÃ©sident Franklin Roosevelt ,43.2166205844,2.3478847643,11,3,2
202100040134,129Â 859,A01,1,1,1,5,2,6,-1,-1,0,-1,2021,25.0,2,1,0,0,9,1,1,,2,RN 184,0,,3,4,0,2,5,500,3,, -1,2,0,1,50,13,5,2021,18:25,1,95,95572,1,1,1,7,RN 184,49.0489,2.13514,18,1,1
202100039280,131Â 388,A01,1,1,2,5,1,0,-1,-1, -1,-1,2021,52.0,1,2,0,2,4,23,1,,7,JAURES JEAN METRO,0,,2,2,0,1,(1),(1),1,, -1,1,0,1,50,11,5,2021,18:35,1,59,59009,2,1,0,2,JAURES JEAN METRO,50.65883,3.1347,18,2,2
202100021981,162Â 341,A01,1,1,1,5,2,6,-1,0,0,-1,2021,31.0,0,1,0,2,1,5,1,,3,129,0,,2,2,0,1,12,280,1,, -1,1,0,1,80,28,8,2021,21:15,3,49,49224,1,4,0,3,Route du Bois Saint Marc,47.326036,-0.024145,21,2,2
202100023580,159Â 489,B01,1,1,1,9,1,0,-1,0,0,-1,2021,86.0,1,2,0,2,4,2,1,,4,DURAND (RUE GILLES),0,,1,2,0,1,(1),(1),1,, -1,1,0,1,50,18,8,2021,12:00,1,63,63113,2,1,0,2,DURAND (RUE GILLES),45.7849,3.08002,12,2,2
202100027568,152Â 446,B01,1,1,1,9,2,6,-1,0,0,-1,2021,25.0,1,1,0,2,4,1,1,,4,BOULEVARD MALESHERBES,0,,2,2,0,1,(1),(1),1,, -1,1,0,1,50,22,7,2021,16:45,1,75,75117,2,2,0,2,BOULEVARD MALESHERBES,48.881878,2.311296,16,2,2
202100033574,141Â 752,A01,10,3,2,5,0,-1,-1,2,5,1,2021,11.0,1,2,0,1,2,1,1,,4,FARGES (RUE YVES),0,,2,2,0,1,0,0,1,, -1,1,0,1,50,15,6,2021,19:10,1,57,57306,2,1,0,6,FARGES (RUE YVES),49.35377,6.06071,19,2,1
202100018865,167Â 927,A01,1,1,1,1,2,6,-1,0,0,-1,2021,28.0,2,1,0,2,1,1,1,,3,123,-1,,2,2,0,1,3,200,1,, -1,1,0,1,80,16,9,2021,07:20,2,49,49222,1,3,0,2,D 123,47.369379,-0.56909,7,2,2
202100036026,137Â 291,A01,2,2,2,2,1,-1,-1,0,0,-1,2021,17.0,2,2,0,2,7,19,1,,3,905,0,,2,2,0,1,102,900,1,, -1,1,5,1,70,8,6,2021,06:45,1,21,21352,1,2,0,3,d905,47.21779,5.258578,6,3,2
202100023590,159Â 472,A01,3,2,1,0,1,-1,-1,-1, -1,-1,2021,18.0,2,2,9,0,8,13,1,,4,CHATILLON (DE),0,,2,2,0,1,(1),(1),1,, -1,1,0,4,50,16,8,2021,17:00,1,35,35238,2,3,0,6,CHATILLON (DE),48.08863,-1.67229,17,3,1
202100019768,166Â 313,B01,1,1,2,5,2,-1,-1,0,0,-1,2021,29.0,1,1,0,2,4,2,5,,3,929,-1,,2,2,0,2,81,820,1,, -1,1,0,1,90,11,8,2021,12:30,1,65,65017,1,1,0,2,D929,42.8218737417,0.1755069437,12,2,2
202100014177,176Â 351,A01,2,2,1,5,1,-1,-1,-1, -1,-1,2021,20.0,1,2,11,2,1,6,1,,4,CHEMIN DE COURREJEAN,0,,3,2,0,1,(1),(1),1,, -1,1,0,1,50,9,10,2021,07:25,2,33,33039,2,1,0,3,Route de Courrejean,44.79182,-0.53785,7,3,2
202100014856,175Â 156,B01,1,1,1,1,8,0,-1,-1, -1,-1,2021,55.0,-1,1,0,2,1,1,0,,3,VICTOR-HUGO (BD),0,,2,4,1,1,0,1,1,, -1,1,0,8,50,6,10,2021,14:10,1,93,93070,2,1,0,3,VICTOR-HUGO (BD),48.90902,2.32933,14,2,2
202100035380,138Â 470,A01,1,1,1,5,2,6,-1,0,0,-1,2021,17.0,2,1,6,0,1,0,1,,3,94,0,,2,2,0,1,14,200,3,, -1,2,0,3,80,11,6,2021,01:45,3,14,14098,1,1,1,6,D94,49.212754,-0.536013,1,1,1
202100036006,137Â 325,A01,1,1,1,1,2,-1,-1,0,0,-1,2021,22.0,1,1,13,0,2,1,1,,3,147,-1,,2,2,0,2,19,0,2,, -1,1,0,3,80,8,6,2021,11:10,1,53,53061,1,1,0,7,Le Petit Valore,48.429244,-0.413733,11,1,1
202100038556,132Â 726,B01,1,1,1,0,2,-1,-1,0,0,-1,2021,32.0,2,1,3,2,9,1,1,,3,13,0,D,2,2,0,1,54,50,3,, -1,2,0,1,80,24,5,2021,20:00,1,83,83018,1,1,1,2,D13,43.353613,6.186483,20,2,2
202100025850,155Â 480,A01,1,1,2,0,8,0,-1,-1, -1,-1,2021,28.0,2,2,0,0,1,26,1,,1,AUTOROUTE A86,0,,3,6,0,2,27,799,2,, -1,2,3,1,90,3,8,2021,04:00,3,93,93064,1,1,1,6,AUTOROUTE A86,48.87263,2.4807,4,2,2
202100056119,101Â 571,A01,2,2,2,5,1,0,-1,-1, -1,-1,2021,27.0,2,2,4,0,1,1,1,,1,A50-Sens Toulon vers Aubagne,0,,1,3,0,3,28,700,2,, -1,2,0,1,110,2,1,2021,11:00,1,13,13085,1,1,1,7,A50-Sens Toulon vers Aubagne,43.25479,5.59467,11,5,1
202100044028,122Â 979,A01,1,1,1,0,2,-1,-1,-1, -1,-1,2021,15.0,2,1,0,2,1,1,1,,4,AVE DES MARRONNIERS,0,,2,4,1,1,(1),(1),1,, -1,1,0,1,30,14,4,2021,18:45,1,33,33281,2,3,0,2,Avenue des Marronniers,44.84329,-0.67787,18,2,2
202100003170,196Â 101,A01,1,1,1,2,1,0,-1,-1, -1,-1,2021,20.0,3,2,14,0,1,26,1,,3,SEMAT ROGER,0,,1,2,3,2,0,0,1,, -1,2,9,6,50,13,12,2021,02:55,5,93,93066,2,1,0,1,SEMAT ROGER,48.947982,2.357305,2,1,1
202100019830,166Â 189,B01,2,2,1,0,2,8,-1,-1, -1,-1,2021,25.0,3,1,0,2,1,16,1,,2,CARPAYE(AVENUE),0,,2,2,0,1,0,0,1,, -1,1,0,1,50,8,9,2021,20:50,5,974,97407,2,2,0,1,CARPAYE(AVENUE),-20.9485304205,55.2997791424,20,3,2
202100002778,196Â 800,A01,2,2,1,0,1,0,-1,-1, -1,-1,2021,19.0,1,2,0,2,1,9,1,,2,OUEST BOULEVARD,0,,2,2,0,2,12,250,1,, -1,1,5,1,50,15,12,2021,18:15,5,25,25056,2,2,0,3,OUEST BOULEVARD,47.22752,5.97967,18,3,2
202100024905,157Â 143,B01,2,2,2,5,1,0,-1,-1, -1,-1,2021,68.0,3,2,0,2,5,1,1,,3,WILSON (AVENUE DU PRESIDENT),0,,1,4,0,1,(1),(1),1,, -1,2,5,1,30,9,8,2021,09:40,1,93,93066,2,2,1,5,Avenue du PrÃ©sident Wilson / Rue du Landy,48.9153724593,2.3575440382,9,4,3
202100020109,165Â 680,Z01,10,3,1,5,8,8,-1,3,3,1,2021,36.0,2,1,0,1,0,1,0,,4,AVENUE PHILIPPE AUGUSTE,0,,2,2,0,1,(1),(1),1,, -1,2,0,1,30,8,9,2021,22:00,5,75,75111,2,3,1,6,AVENUE PHILIPPE AUGUSTE,48.85299,2.39306,22,2,1
202100030490,147Â 269,A01,1,1,1,5,2,9,-1,0,0,-1,2021,56.0,1,1,0,0,9,15,5,,3,902,0,D,2,2,0,2,92,860,2,, -1,1,0,1,80,5,7,2021,15:00,1,73,73290,1,1,0,7,D902 Col de la Madeleine,45.294634,6.926429,15,1,1
202100021587,163Â 045,A01,2,2,2,5,2,6,-1,-1,0,-1,2021,24.0,3,1,0,2,1,1,1,,4,FABRE HENRI,0,,2,2,0,1,(1),(1),1,, -1,1,0,1,50,31,8,2021,15:12,1,95,95280,2,4,0,3,FABRE HENRI,49.03415,2.47208,15,3,2
202100010910,182Â 229,B01,1,1,1,1,2,0,-1,-1, -1,-1,2021,50.0,2,1,0,2,1,1,0,,4,FONTAINE (RUE DE LA),0,,-1,2,0,1,(1),(1),1,, -1,1,0,1,50,26,10,2021,08:15,1,35,35051,2,6,1,3,FONTAINE (RUE DE LA),48.11405,-1.6073,8,2,2
202100007221,188Â 846,A01,10,3,2,2,0,-1,-1,3,3,2,2021,8.0,1,2,0,1,1,14,1,,4,VALENCIENNES (RUE DE),0,,2,4,3,1,(1),(1),3,, -1,1,0,1,50,16,11,2021,16:50,1,59,59178,2,3,0,6,VALENCIENNES (RUE DE),50.36711,3.08509,16,3,1