Num_Acc,id_vehicule,num_veh,place,catu,sexe,trajet,secu1,secu2,secu3,locp,actp,etatp,year_acc,victim_age,senc,catv,obs,obsm,choc,manv,motor,occutc,catr,voie,v1,v2,circ,nbv,vosp,prof,pr,pr1,plan,lartpc,larrout,surf,infra,situ,vma,jour,mois,an,hrmn,lum,dep,com,agg_,int,atm,col,adr,lat,long,hour,nb_victim,nb_vehicules
202100043111,124Â 614,B01,1,1,1,5,2,6,9,0,0,-1,2021,43.0,1,1,0,2,2,21,1,,3,2,-1,,2,2,0,1,18,384,1,, -1,1,0,1,80,23,4,2021,18:20,1,85,85178,1,1,0,3,La TenaillÃ¨re,46.78947,-1.5658,18,2,2
202100008380,186Â 751,A01,1,1,1,0,1,0,-1,-1, -1,-1,2021,64.0,3,2,0,2,3,1,0,,3,7,0,,3,0,1,1,0,0,1,, -1,1,0,1,50,12,11,2021,14:35,1,92,92062,2,3,0,3,Quai de Dion Bouton,48.8855192681,2.2514355183,14,2,2
202100001494,199Â 117,B01,1,1,1,9,2,0,-1,0,0,-1,2021,46.0,1,1,0,2,3,1,1,,4,RUE BELGRAND,0,,2,2,1,1,(1),(1),1,, -1,2,0,1,30,24,12,2021,12:45,1,75,75120,2,2,1,3,RUE BELGRAND,48.864794,2.401313,12,2,2
202100052057,108Â 666,A01,10,3,1,5,0,-1,-1,3,3,1,2021,6.0,2,2,0,1,2,1,1,,4,GAMBETTA (RUE),0,,2,1,0,1,0,0,1,, -1,1,0,1,50,9,2,2021,17:55,5,92,92012,2,2,0,6,GAMBETTA (RUE),48.8454431249,2.2407656908,17,2,1
202100042931,124Â 931,A01,1,1,2,9,1,0,-1,-1, -1,-1,2021,73.0,0,5,8,0,1,26,1,,4,LENINE (BOULEVARD),0,,2,2,3,1,0,0,1,, -1,1,4,6,50,23,4,2021,10:30,1,93,93008,2,3,0,6,LENINE (BOULEVARD),48.90646,2.44113,10,1,1
202100019581,166Â 634,A01,1,1,1,1,2,6,9,0,0,-1,2021,29.0,1,1,0,2,1,17,1,,3,17,-1,,2,2,0,1,(1),(1),1,, -1,1,0,1,-1,25,8,2021,08:00,1,91,91579,2,1,0,3,Avenue Charles RenÃ© de Mortemart,48.540009,2.342512,8,2,2
202100014115,176Â 453,C01,1,1,2,1,2,8,-1,-1, -1,-1,2021,30.0,2,1,0,2,1,3,1,,1,A4,0,,-1,8,0,1,12,500,1,, -1,1,9,1,110,8,10,2021,08:00,1,93,93051,1,9,0,5,A4,48.83656,2.544,8,3,3
202100010686,182Â 619,A01,4,2,2,5,8,0,-1,-1, -1,-1,2021,19.0,3,2,4,0,2,14,1,,2,TUNNEL,0,,2,2,0,1,1,0,1,, -1,1,1,6,50,27,10,2021,03:44,5,202,202033,2,1,0,6,TUNNEL,42.6948144393,9.4522243738,3,4,1
202100014106,176Â 479,A01,1,1,1,0,1,0,-1,-1, -1,-1,2021,29.0,2,2,0,2,1,2,1,,1,AUTOROUTE A1,0,,3,8,0,1,10,0,1,, -1,1,0,1,110,10,10,2021,07:00,3,93,93007,1,1,0,2,AUTOROUTE A1,48.9491803375,2.4469619685,7,2,2
202100051490,109Â 667,A01,1,1,1,9,2,6,-1,0,0,-1,2021,17.0,2,1,0,0,9,26,1,,4,,0,,2,2,0,1,(1),(1),1,, -1,5,0,6,50,15,2,2021,15:00,1,68,68247,2,1,0,7,18 Rue Saint-nicolas,47.9120490581,6.9732961804,15,1,1
202100032475,143Â 724,A01,2,2,1,0,1,0,-1,-1, -1,-1,2021,20.0,3,2,15,0,1,14,0,,4,FLANDRES (RESIDENCE DES),0,,2,2,3,1,(1),(1),1,, -1,1,0,8,50,24,6,2021,04:40,5,59,59508,2,1,0,6,FLANDRES (RESIDENCE DES),50.74591,3.13584,4,2,1
202100024280,158Â 270,A01,1,1,2,0,8,-1,-1,-1, -1,-1,2021,48.0,3,1,0,2,0,1,1,,4,AVE FRANCOIS MITTERRAND,0,,3,2,0,1,(1),(1),1,, -1,1,0,1,50,12,8,2021,10:45,1,33,33281,2,6,0,3,AVE FRANCOIS MITTERRAND,44.81719,-0.67516,10,2,2
202100038106,133Â 550,B01,1,1,1,5,2,-1,-1,0,0,-1,2021,18.0,2,1,0,2,4,1,1,,3,412,-1,,2,2,0,1,0,500,1,, -1,1,0,1,80,25,5,2021,19:00,1,30,30019,1,2,0,6,D412,43.739081,4.144657,19,3,2
202100005598,191Â 801,A01,1,1,1,1,1,-1,-1,0,0,-1,2021,23.0,2,5,2,2,7,0,1,,3,224,-1,D,2,2,0,1,12,150,1,,5,2,0,1,50,1,12,2021,12:15,1,53,53126,2,2,1,3,Rue des Vilaines,48.362307,-0.99717,12,2,2
202100050212,111Â 960,A01,10,3,1,5,0,-1,-1,2,3,1,2021,50.0,2,4,0,1,2,1,1,,4,RUE CUSTINE,0,,2,2,0,1,(1),(1),1,, -1,1,0,1,50,25,2,2021,16:00,1,75,75118,2,1,0,6,RUE CUSTINE,48.889677,2.343362,16,2,1
202100023768,159Â 132,A01,1,1,1,5,2,6,-1,0,0,-1,2021,69.0,1,1,6,0,8,1,1,,3,1,-1,,2,2,0,1,132,250,1,,7,1,0,4,50,17,8,2021,15:10,1,56,56199,2,1,0,6,60 Rue Nicolas le Grand,48.127512,-3.71531,15,1,1
202100004310,194Â 050,B01,1,1,2,0,1,0,-1,-1, -1,-1,2021,66.0,3,2,0,2,6,2,1,,3,MEAUX RUE DE,0,,2,2,0,1,1,0,1,, -1,2,0,1,50,6,12,2021,17:50,5,93,93074,2,4,1,5,MEAUX RUE DE,48.93791,2.59615,17,3,3
202100010155,183Â 545,B01,1,1,1,0,2,6,-1,-1, -1,-1,2021,29.0,1,1,0,2,8,1,1,,4,RTE DU MEDOC,0,,3,2,2,1,(1),(1),1,, -1,1,4,1,50,29,10,2021,20:00,5,33,33075,2,2,0,3,Route du MÃ©doc,44.87358,-0.61725,20,2,2
202100000415,200Â 965,A01,1,1,1,9,2,8,-1,-1, -1,-1,2021,73.0,1,1,0,2,3,17,1,,7,HOUOT (AVENUE CDT),0,,2,2,0,1,4,430,1,, -1,1,0,1,50,8,11,2021,17:05,1,83,83062,1,1,0,3,HOUOT (AVENUE CDT),43.10772,5.98517,17,2,2
202100047059,117Â 653,B01,1,1,1,5,2,0,-1,0,0,-1,2021,67.0,1,1,0,2,2,1,5,,4,BOULEVARD VOLTAIRE,0,,2,2,1,1,(1),(1),1,, -1,1,-1,5,30,22,3,2021,14:25,1,75,75111,2,2,0,3,BOULEVARD VOLTAIRE,48.855324,2.38428,14,2,2
202100002254,197Â 754,A01,10,3,1,1,0,-1,-1,2,3,1,2021,18.0,1,2,0,1,1,9,1,,3,BRETAGNE (ROUTE DE ),0,,2,2,0,1,1,0,1,, -1,1,0,1,50,18,12,2021,18:15,5,14,14101,2,1,0,6,D675,49.16642,-0.41392,18,2,1
202100052683,107Â 561,A01,10,3,2,1,0,-1,-1,3,3,1,2021,20.0,2,1,0,1,1,1,1,,4,ROGER BRUN (RUE),0,,1,1,0,2,0,0,1,, -1,1,0,1,30,3,2,2021,14:27,1,13,13205,2,1,0,1,ROGER BRUN (RUE),43.2860376203,5.3919795019,14,2,1
202100009230,185Â 211,A01,1,1,1,5,1,8,-1,-1, -1,-1,2021,44.0,1,2,0,2,2,1,1,,4,ROMAINS (ROUTE DES),0,,2,3,1,1,0,0,1,, -1,1,0,1,50,5,11,2021,05:30,5,67,67482,2,3,0,3,ROMAINS (ROUTE DES),48.58006,7.6971,5,3,2
202100013841,176Â 952,B01,1,1,1,0,2,0,-1,0,0,-1,2021,20.0,3,1,0,2,8,19,5,,4,PAULINES (AVENUE DES),0,,3,4,0,1,(1),(1),1,, -1,1,0,1,50,5,10,2021,18:44,2,63,63113,2,1,0,3,PAULINES (AVENUE DES),45.77565,3.09651,18,2,2
202100040232,129Â 685,B01,1,1,1,1,2,0,-1,-1, -1,-1,2021,45.0,3,1,0,2,0,0,1,,3,LIBERATION RD14 (BOULEVARD),0,,2,2,0,1,0,1,1,, -1,1,0,1,50,11,5,2021,17:00,1,93,93066,2,1,0,3,Boulevard de la LibÃ©ration,48.928168,2.341324,17,2,2
202100001724,198Â 705,B01,1,1,2,2,2,6,-1,-1, -1,-1,2021,15.0,3,1,0,2,4,23,1,,4,FOCH MARECHAL,0,,2,4,0,3,(1),(1),1,, -1,1,0,1,30,22,12,2021,19:50,5,29,29019,2,1,0,2,Avenue MarÃ©chal Foch,48.392596,-4.487608,19,2,2
202100037258,135Â 082,B01,1,1,1,1,2,6,-1,0,0,-1,2021,39.0,1,1,0,2,0,1,1,,4,VALY HIR (DE 59 A 79 ET 124 A 142),0,,2,2,0,1,(1),(1),1,, -1,1,0,1,30,26,5,2021,20:49,1,29,29019,2,3,0,1,Rue du Valy-Hir,48.3853011128,-4.5246542901,20,2,2
202100015006,174Â 880,A01,1,1,1,0,2,6,-1,-1, -1,-1,2021,17.0,-1,1,0,2,7,3,1,,3,,0,,2,2,0,1,0,300,1,, -1,1,0,1,50,5,10,2021,12:00,1,69,69264,1,3,0,3,RENAN ERNEST (R),45.9928571516,4.7071909904,12,2,2
202100007735,187Â 931,B01,2,2,2,0,8,0,-1,-1, -1,-1,2021,52.0,0,3,0,2,3,0,1,2.0,1,A51-Sens Aix en Provence vers Marseille,0,,1,4,3,1,1,500,1,, -1,1,0,1,90,17,11,2021,18:30,1,13,13106,1,1,0,2,A51-Sens Aix en Provence vers Marseille,43.406012,5.361142,18,3,2
202100023181,160Â 182,A01,1,1,2,5,1,-1,-1,0,0,-1,2021,26.0,1,2,0,2,3,1,1,,3,109,0,B,2,2,0,1,5,212,2,, -1,1,0,1,50,21,8,2021,23:30,5,6,6090,2,1,0,1,1008 Route de la Fenerie,43.584569,6.923182,23,3,2
202100022526,161Â 366,A01,1,1,1,5,2,6,-1,0,0,-1,2021,53.0,1,1,13,0,7,1,1,,3,518,-1,,2,2,0,2,47,560,4,, -1,1,0,3,80,27,8,2021,16:00,1,26,26069,1,1,0,6,Route du Col de Rousset,44.820416,5.392785,16,1,1
202100045212,120Â 916,B01,1,1,2,1,1,-1,-1,-1, -1,-1,2021,33.0,2,2,0,2,4,23,1,,4,MARGNOLLES (DE)                     (R ),0,,2,2,1,2,(1),(1),1,, -1,1,0,1,50,2,4,2021,18:30,1,69,69034,2,1,0,4,MARGNOLLES (DE) (R),45.78409,4.83519,18,4,4
202100013253,178Â 051,B01,1,1,1,0,2,0,-1,0,0,-1,2021,22.0,1,1,0,2,1,1,5,,4,JAURES (AVENUE JEAN),0,,2,2,0,1,(1),(1),1,, -1,1,0,1,50,13,10,2021,18:20,1,54,54547,2,1,0,3,JAURES (AVENUE JEAN),48.6603709737,6.1596169498,18,2,2
202100024467,157Â 936,A01,1,1,1,1,2,6,-1,0,0,-1,2021,70.0,2,1,0,6,1,1,1,,4,211,0,D,2,2,0,1,(1),(1),1,, -1,1,0,1,80,12,8,2021,23:40,3,33,33376,1,1,0,6,Route de Louens,44.934,-0.715485,23,1,1
202100055849,102Â 048,A01,10,3,2,0,0,-1,-1,3,3,1,2021,30.0,2,2,0,1,1,15,1,,4,MICHEL JANIN   (RUE),0,,2,2,0,1,1,0,1,, -1,2,0,1,50,8,1,2021,07:00,5,93,93032,2,3,1,6,MICHEL JANIN   (RUE),48.8801,2.5494,7,2,1
202100024598,157Â 687,A01,3,2,2,0,3,0,-1,-1, -1,-1,2021,0.0,1,2,1,0,2,14,1,,4,ISAAC (RUE) NÂ° IMP 1 A 141,0,,2,2,0,1,0,0,1,, -1,1,0,1,50,11,8,2021,11:00,1,72,72181,2,1,0,6,ISAAC (RUE) NÂ° IMP 1 A 141,48.01298,0.21564,11,2,1
202100006999,189Â 248,A01,1,1,1,5,2,8,-1,-1, -1,-1,2021,50.0,1,1,0,2,4,0,1,,2,JAURES (BOULEVARD JEAN),0,,1,2,0,1,(1),(1),1,, -1,1,0,1,70,20,11,2021,09:05,1,974,97411,2,1,0,2,JAURES (BOULEVARD JEAN),-20.9010008023,55.491181612,9,3,2
202100011412,181Â 321,B01,2,2,2,1,2,6,-1,0,0,-1,2021,46.0,2,1,0,2,7,3,1,,4,PORTE MAILLOT,0,,1,4,0,1,16,0,1,, -1,1,0,1,70,21,10,2021,08:50,1,75,75116,2,1,0,3,PORTE MAILLOT,48.876429,2.278361,8,3,2
202100016515,172Â 107,A01,1,1,1,5,2,0,-1,-1, -1,-1,2021,16.0,1,1,0,2,1,2,1,,4,CROZET (AVENUE LOUIS ),0,,2,2,0,1,0,0,1,, -1,1,0,1,50,23,9,2021,17:30,1,13,13028,2,1,0,2,CROZET (AVENUE LOUIS ),43.17942,5.59974,17,2,2
202100007183,188Â 913,B01,1,1,1,1,1,-1,-1,-1, -1,-1,2021,22.0,1,2,4,2,4,1,1,,2,VOIE RAPIDE SUD 3 (RN 338),0,,3,3,0,1,5,0,1,, -1,1,0,1,90,11,11,2021,06:45,5,76,76322,1,1,0,2,VOIE RAPIDE SUD 3 (RN 338),49.41539,1.04529,6,2,2
202100030462,147Â 321,A01,9,2,1,5,1,3,-1,0,0,-1,2021,6.0,1,2,12,0,3,2,1,,3,2144,0,,2,2,0,4,(1),(1),1,, -1,1,0,1,30,6,7,2021,18:20,1,63,63338,2,1,0,1,rue jean jaurÃ¨s,46.162218,2.833711,18,4,2
202100025213,156Â 594,B01,2,2,2,5,1,-1,-1,0,0,-1,2021,18.0,1,2,0,2,6,2,1,,1,837,-1,,3,4,0,1,3,362,1,, -1,1,3,1,110,7,8,2021,17:35,1,17,17299,1,1,0,2,A837 - PK 002.400 - Sens Rochefort vers Saintes,45.963594,-0.965424,17,7,2
202100002720,196Â 909,A01,1,1,1,0,1,0,-1,-1, -1,-1,2021,29.0,1,5,0,2,1,2,1,,2,RN 104,0,,1,3,0,1,39,110,1,, -1,1,0,1,90,16,12,2021,10:40,1,91,91228,1,1,0,2,RN 104,48.63192,2.40728,10,2,2
202100032219,144Â 169,B01,1,1,1,0,2,0,-1,-1, -1,-1,2021,25.0,1,1,0,2,2,1,1,,1,A557-Liaison A7 Marseille-A55 Marseille,0,,-1,2,0,1,0,100,1,, -1,1,0,1,50,25,6,2021,17:25,1,13,13203,2,1,0,2,A557-Liaison A7 Marseille-A55 Marseille,43.32025,5.37219,17,2,2
202100047937,116Â 051,A01,10,3,1,0,0,-1,-1,2,3,1,2021,17.0,1,2,0,1,1,1,1,,7,JOSEPH VALLIER (BOULEVARD),0,,3,5,0,1,56,750,1,, -1,2,5,1,50,15,3,2021,09:30,1,38,38185,2,1,1,6,Boulevard Joseph Vallier,45.18019,5.71524,9,2,1
202100045277,120Â 789,A01,1,1,2,0,1,-1,-1,0,0,-1,2021,20.0,1,2,13,0,1,1,1,,3,174,-1,E,2,2,0,2,1,480,2,, -1,1,0,1,90,2,4,2021,15:12,1,19,19241,1,1,0,6,route dÃ©partementale 174E4,45.7135447468,2.0776532691,15,1,1
202100022220,161Â 926,A01,10,3,1,5,0,-1,-1,2,3,1,2021,48.0,2,2,6,1,1,21,1,,3,DIVISION LECLERC (AVENEU DE LA),0,,2,2,0,1,1,600,1,, -1,1,0,1,50,17,8,2021,21:00,5,95,95197,2,2,0,6,RD 928,48.9670367634,2.317434481,21,3,2
202100004359,193Â 966,A01,1,1,1,5,8,-1,-1,0,0,-1,2021,59.0,0,2,13,0,3,13,1,,3,401,-1,,-1,2,0,1,(1),(1),1,, -1,2,0,8,80,5,12,2021,18:35,3,40,40123,1,1,1,7,RD 401,43.795288,-1.12457,18,1,1
202100045716,120Â 031,A01,1,1,2,0,1,0,-1,-1, -1,-1,2021,52.0,1,2,0,2,1,1,1,,2,RN 118,0,,1,2,0,1,1,851,1,, -1,1,0,1,90,31,3,2021,18:45,1,91,91064,1,1,0,4,RN 118,48.7556,2.22357,18,4,4
202100020505,164Â 982,A01,10,3,1,5,0,-1,-1,2,3,1,2021,15.0,1,2,0,1,1,1,1,,4,JULIEN PANCHOT (AVENUE),0,,2,2,0,1,0,0,1,, -1,1,0,1,50,5,9,2021,12:23,1,66,66136,2,1,0,6,JULIEN PANCHOT (AVENUE),42.69284,2.8859,12,2,1
202100000967,200Â 026,A01,10,3,2,0,0,-1,-1,3,3,1,2021,24.0,1,5,0,1,1,1,1,,4,GENAS (DE)                          (RO),0,,2,2,0,1,(1),(1),1,, -1,2,0,1,50,28,12,2021,18:03,3,69,69383,2,1,1,6,GENAS (DE) (RTE),45.7543125249,4.8833504319,18,2,1
202100052639,107Â 634,B01,1,1,2,4,1,-1,-1,-1, -1,-1,2021,48.0,2,2,0,2,4,23,1,,2,ROUTE NATIONALE 230,0,,3,6,0,1,42,799,1,, -1,1,3,1,90,4,2,2021,07:40,2,33,33249,1,1,0,2,Route nationale 230,44.871921,-0.506074,7,2,2
202100045060,121Â 186,B01,2,2,2,5,1,-1,-1,0,0,-1,2021,74.0,2,2,0,0,2,1,1,,3,609,0,D,2,2,0,1,41,272,1,, -1,1,0,1,90,23,3,2021,17:25,2,34,34079,1,4,1,1,D609,43.643871,3.448763,17,4,2
202100029223,149Â 525,A01,1,1,1,5,1,-1,-1,0,0,-1,2021,56.0,1,2,0,0,2,1,1,,3,D201,-1,,2,3,0,1,44,475,1,, -1,1,5,1,50,14,7,2021,06:20,1,68,68118,2,2,0,3,138 Rue du GÃ©nÃ©ral de Gaulle,47.72282,7.418113,6,2,2
202100051072,110Â 383,B01,1,1,1,1,2,0,-1,-1, -1,-1,2021,20.0,2,1,0,2,1,1,1,,4,DALMAS JEAN (RUE),0,,2,2,0,1,1,0,1,, -1,1,0,1,50,18,2,2021,08:40,1,13,13001,2,1,0,3,DALMAS JEAN (RUE),43.53294,5.42812,8,2,2
202100027773,152Â 069,B01,1,1,2,1,0,0,-1,-1, -1,-1,2021,39.0,2,1,0,2,1,0,5,,3,JEAN COMPAGNON (QU),0,,2,2,0,1,1,0,1,, -1,1,0,1,50,21,7,2021,20:15,1,94,94041,2,1,0,3,Quai Jean Compagnon,48.81991,2.39714,20,2,2
202100005741,191Â 537,A01,1,1,1,0,8,0,-1,-1, -1,-1,2021,19.0,1,1,14,0,0,26,0,,2,ROUTE NATIONALE 5,0,,1,1,0,1,3,799,3,, -1,9,0,1,90,27,11,2021,03:20,5,972,97213,1,1,0,6,ROUTE NATIONALE 5,14.5935,-60.9836,3,1,1
202100022569,161Â 282,B01,1,1,1,0,8,0,-1,-1, -1,-1,2021,35.0,2,2,0,2,1,3,0,,1,10,0,,3,3,0,1,3,400,1,, -1,1,0,1,110,26,8,2021,09:10,1,91,91377,1,1,0,3,AUTOROUTE A10,48.72063,2.29448,9,2,2
202100000667,200Â 521,A01,1,1,1,3,2,-1,-1,0,0,-1,2021,31.0,3,1,0,2,8,15,1,,2,2,-1,,2,2,0,1,(1),(1),1,,4,1,0,1,70,31,12,2021,12:30,1,971,97129,1,9,0,3,RN2,16.294144,-61.670664,12,2,2
202100045089,121Â 138,A01,1,1,1,5,2,-1,-1,0,0,-1,2021,54.0,2,1,0,0,1,1,5,,3,8,-1,,2,2,0,1,20,625,1,, -1,1,0,1,50,3,4,2021,12:15,1,65,65401,2,9,0,2,Route DÃ©partementale 8,43.185853,0.101709,12,2,2
202100043647,123Â 657,B01,1,1,2,5,8,0,-1,0,0,-1,2021,12.0,1,1,0,2,8,19,5,,4,AVENUE GAMBETTA,0,,3,2,0,1,(1),(1),1,, -1,1,0,1,30,17,4,2021,16:00,1,75,75120,2,2,0,3,AVENUE GAMBETTA,48.87495,2.4057,16,2,2
202100038807,132Â 246,A01,1,1,1,5,2,6,-1,0,0,-1,2021,47.0,3,1,0,2,2,19,1,,3,37,0,,2,2,0,1,7,156,1,, -1,1,0,1,80,23,5,2021,16:45,1,77,77411,1,2,0,3,D37,48.8465904589,3.151429296,16,2,2
202100051554,109Â 543,C01,1,1,2,9,1,-1,-1,0,0,-1,2021,51.0,2,2,0,2,3,1,1,,3,42,0,D,2,2,0,1,10,120,1,, -1,1,0,1,80,14,2,2021,19:00,3,30,30258,1,1,0,4,D42. PK 10+120,43.7516,4.4069,19,3,3
202100027063,153Â 342,B01,1,1,1,9,1,0,-1,-1, -1,-1,2021,22.0,1,2,0,2,1,1,1,,4,GUESDE JULES RUE,0,,2,2,0,1,(1),(1),1,, -1,2,0,4,50,25,7,2021,03:40,5,59,59585,2,2,1,3,GUESDE JULES RUE,50.573964768,3.053129102,3,2,2
202100009144,185Â 366,B01,1,1,1,9,1,-1,-1,0,0,-1,2021,47.0,1,2,0,2,3,0,1,,3,45,0,D,2,2,0,1,6,496,1,, -1,1,0,1,50,7,10,2021,21:45,5,59,59528,2,4,0,3,Rue Francois Mitterrand,50.2089460856,3.4160572959,21,2,2
202100008116,187Â 221,C01,1,1,1,2,1,4,-1,-1, -1,-1,2021,40.0,2,2,0,2,4,2,1,,1,AUTOROUTE A106,0,,1,2,0,1,6,511,1,, -1,1,0,1,90,15,11,2021,09:07,1,94,94065,1,1,0,4,AUTOROUTE A106,48.7588572105,2.3474976308,9,5,4
202100033725,141Â 481,B01,1,1,1,1,2,6,-1,0,0,-1,2021,48.0,1,1,0,2,1,1,1,,3,954,0,,2,2,0,1,29,10,3,, -1,1,5,1,50,18,6,2021,07:15,2,21,21663,2,3,0,3,Rue Victor Hugo,47.539905,4.440011,7,2,2
202100019747,166Â 346,A01,1,1,2,9,8,0,-1,-1, -1,-1,2021,12.0,0,1,0,2,1,1,3,,3,MARCEL CACHIN (AVENUE) COTE NÂ°16 AU 50,0,,2,2,0,1,0,0,1,, -1,1,0,1,50,10,9,2021,15:10,1,93,93072,2,3,0,3,MARCEL CACHIN (AVENUE) COTE NÂ°16 AU 50,48.9591418817,2.382273674,15,2,2
202100043898,123Â 202,B01,1,1,1,0,2,8,-1,-1, -1,-1,2021,28.0,1,1,0,2,1,1,1,,4,JEAN LOMBARD (AVENUE),0,,2,2,1,1,0,0,1,, -1,1,0,1,50,14,4,2021,19:00,1,13,13211,2,1,0,3,JEAN LOMBARD (AVENUE),43.2889133217,5.4312999216,19,2,2
202100013642,177Â 328,C01,1,1,1,4,1,-1,-1,-1, -1,-1,2021,31.0,2,2,0,2,4,1,2,,3,CHAMPAGNE   (  AVENUE DE),0,,3,4,1,1,23,700,1,, -1,1,0,1,70,12,10,2021,11:56,1,51,51454,2,1,0,4,Avenue de Champagne,49.21841,4.0199,11,3,3
202100051125,110Â 291,A01,1,1,2,5,2,-1,-1,0,0,-1,2021,64.0,1,1,0,2,8,1,1,,3,933,-1,,2,2,0,1,22,(1),1,, -1,1,0,1,50,19,2,2021,11:40,1,1,1159,2,1,0,1,D933,46.333206,4.887784,11,2,2
202100049271,113Â 688,B01,1,1,1,1,2,0,-1,0,0,-1,2021,31.0,1,1,0,2,1,17,1,,4,RUE DE BELLEVILLE,0,,3,0,3,2,(1),(1),1,, -1,1,0,1,50,4,3,2021,21:00,3,75,75119,2,3,0,2,RUE DE BELLEVILLE,48.872422,2.378101,21,2,2
202100019512,166Â 752,A01,1,1,1,9,2,0,-1,0,0,-1,2021,43.0,1,1,0,2,8,9,5,,4,AVENUE DU MAINE,0,,2,5,0,1,(1),(1),1,, -1,1,0,1,50,10,9,2021,23:50,5,75,75114,2,1,0,3,AVENUE DU MAINE,48.828415,2.326704,23,2,2
202100004913,193Â 007,A01,10,3,1,5,0,-1,-1,3,3,1,2021,54.0,1,2,0,1,4,4,1,,4,RUE BOINOD,0,,1,1,0,1,(1),(1),1,, -1,2,0,1,30,3,12,2021,15:13,1,75,75118,2,2,1,6,RUE BOINOD,48.892979,2.350601,15,2,1
202100055323,102Â 940,B01,5,2,2,0,8,0,-1,-1, -1,-1,2021,63.0,3,3,0,2,3,1,0,3.0,4,,0,,2,1,3,1,(1),(1),1,, -1,1,0,1,50,12,1,2021,09:00,1,34,34172,2,1,0,3,TOULOUSE (AVENUE DE,43.59689,3.86374,9,4,2
202100021927,162Â 430,B01,1,1,1,0,2,0,-1,-1, -1,-1,2021,46.0,3,1,0,2,1,1,1,,4,ARRADON (RUE JEROME D'),0,,2,2,0,1,(1),(1),1,, -1,9,0,1,50,29,8,2021,09:55,1,56,56260,2,3,0,3,ARRADON (RUE JEROME D'),47.65542,-2.772252,9,2,2
202100054910,103Â 659,A01,10,3,2,5,0,-1,-1,3,3,1,2021,65.0,1,5,0,1,1,1,1,,3,PONTY AVENUE W.,0,,-1,2,0,1,34,935,1,, -1,2,0,1,50,15,1,2021,08:00,3,17,17299,2,1,1,6,PONTY AVENUE W.,45.94372,-0.95985,8,2,1
202100055057,103Â 398,A01,10,3,1,2,0,-1,-1,2,3,1,2021,13.0,2,2,0,1,3,26,1,,4,JULES CANTINI (AVENUE),0,,2,2,0,1,(1),(1),1,, -1,1,0,1,50,13,1,2021,08:00,1,13,13206,2,1,0,6,JULES CANTINI (AVENUE),43.28431,5.3869,8,2,1
202100029872,148Â 396,B01,2,2,1,5,8,-1,-1,0,0,-1,2021,23.0,2,2,0,2,6,24,1,,2,10,-1,,2,1,0,1,136,900,1,,"3,3",1,0,1,50,10,7,2021,09:00,1,202,202207,2,1,0,2,RT 10,42.44528,9.507734,9,5,2
202100014232,176Â 249,A01,1,1,1,4,1,0,-1,-1, -1,-1,2021,65.0,1,3,0,2,3,2,1,1.0,3,908,0,,3,4,0,1,0,0,1,, -1,1,0,1,50,9,10,2021,17:11,1,92,92051,2,1,0,2,"BINEAU (BOULEVARD, NÂ°133 A 217 ET 134 A",48.89245,2.26879,17,4,2
202100003283,195Â 895,A01,1,1,1,9,2,6,-1,0,0,-1,2021,25.0,1,1,0,2,1,17,1,,3,81,0,D,2,2,0,1,3,300,1,, -1,1,0,1,70,14,12,2021,12:09,1,201,201006,1,1,0,3,Cardichioza,41.977235,8.779846,12,3,2
202100038793,132Â 273,A01,1,1,1,0,2,0,-1,-1, -1,-1,2021,24.0,2,1,0,2,6,21,1,,3,PASTEUR (BOULEVARD) DE 1 A 39,0,,2,2,0,1,0,1,1,, -1,2,0,1,50,22,5,2021,15:50,1,93,93027,2,1,0,2,Boulevard Pasteur,48.92065,2.38301,15,2,2
202100010900,182Â 244,A01,1,1,1,5,8,-1,-1,-1, -1,-1,2021,26.0,1,2,10,0,1,13,1,,4,CALIGNY (QUAI DE),0,,2,4,0,1,(1),(1),3,, -1,1,0,3,50,24,10,2021,05:40,5,50,50129,2,1,0,6,CALIGNY (QUAI DE),49.64111,-1.62116,5,1,1
202100003714,195Â 110,A01,1,1,1,0,2,0,-1,-1, -1,-1,2021,32.0,2,1,0,2,1,21,1,,4,GAULLE (AV. DU GAL. DE),0,,2,1,1,1,0,0,1,, -1,1,0,1,30,9,12,2021,09:50,1,3,3190,2,1,0,2,GAULLE (AV. DU GAL. DE),46.57119,3.32381,9,2,2
202100002703,196Â 939,A01,1,1,1,5,2,6,-1,0,0,-1,2021,41.0,1,1,0,6,1,1,1,,3,905,0,,2,2,0,1,30,0,1,, -1,1,0,3,90,18,12,2021,14:15,1,55,55255,1,1,0,6,D905,49.43925,5.385173,14,1,1
202100032293,144Â 037,A01,1,1,2,5,8,0,-1,-1, -1,-1,2021,50.0,1,2,1,0,1,13,1,,4,COUBERTIN   AVENUE PIERRE DE,0,,2,1,0,1,(1),(1),1,, -1,1,0,3,30,24,6,2021,21:15,1,17,17300,2,1,0,6,COUBERTIN   AVENUE PIERRE DE,46.1666,-1.17045,21,1,1
202100041891,126Â 740,B01,1,1,2,3,1,0,-1,-1, -1,-1,2021,54.0,1,2,0,2,2,2,1,,4,BELLEVUE (DE),0,,2,2,0,1,0,0,1,, -1,1,5,1,50,29,4,2021,18:25,1,57,57630,2,2,0,3,BELLEVUE (DE),48.7443982,7.0661446,18,2,2