Num_Acc,id_vehicule,num_veh,place,catu,sexe,trajet,secu1,secu2,secu3,locp,actp,etatp,year_acc,victim_age,senc,catv,obs,obsm,choc,manv,motor,occutc,catr,voie,v1,v2,circ,nbv,vosp,prof,pr,pr1,plan,lartpc,larrout,surf,infra,situ,vma,jour,mois,an,hrmn,lum,dep,com,agg_,int,atm,col,adr,lat,long,hour,nb_victim,nb_vehicules
202100031462,145Â 510,A01,1,1,1,5,0,-1,-1,0,0,-1,2021,40.0,1,1,2,0,1,13,1,,3,151,0,,2,2,0,1,7,780,3,, -1,1,0,3,80,2,7,2021,19:20,1,56,56244,1,1,0,6,D151,47.812578,-2.4966,19,1,1
202100043877,123Â 242,A01,1,1,1,0,2,6,-1,-1, -1,-1,2021,62.0,2,1,0,2,1,17,1,,4,CLEMENCEAU (AVENUE GEORGES),0,,2,2,0,2,(1),(1),1,, -1,1,0,1,50,15,4,2021,16:32,1,51,51454,2,1,0,3,Avenue Georges ClÃ©menceau,49.25075,4.05119,16,3,2
202100044151,122Â 757,B01,1,1,1,5,2,6,-1,-1, -1,-1,2021,23.0,1,1,0,2,1,17,1,,4,VAILLANT (AVENUE EDOUARD),0,,2,2,0,4,1,0,1,, -1,1,0,1,50,13,4,2021,18:45,1,18,18279,2,1,0,3,VAILLANT (AVENUE EDOUARD),47.23,2.06,18,2,2
202100045024,121Â 247,B01,1,1,2,1,1,0,-1,0,0,-1,2021,51.0,1,2,0,2,1,1,1,,4,SAULXURES (AVENUE DE),0,,2,2,0,1,(1),(1),1,, -1,1,0,1,50,4,4,2021,11:50,1,54,54184,2,1,0,2,SAULXURES (AVENUE DE),48.70395,6.24616,11,2,2
202100032737,143Â 254,B01,1,1,1,0,2,-1,-1,0,0,-1,2021,56.0,0,1,0,2,6,0,1,,3,53,0,,2,2,0,2,5,225,1,, -1,1,0,1,50,24,6,2021,18:40,2,974,97410,2,1,0,3,Chemin Departemental 53 Olympe,-21.041619,55.662929,18,2,2
202100056045,101Â 706,B01,1,1,1,1,2,0,-1,-1, -1,-1,2021,29.0,1,1,0,2,1,1,1,,4,,0,,-1,2,0,1,1,0,1,, -1,1,0,1,50,5,1,2021,19:46,5,49,49007,2,1,0,1,DAVIERS BOULEVARD,47.4788,-0.55668,19,2,2
202100014108,176Â 474,B01,2,2,2,0,1,0,-1,-1, -1,-1,2021,42.0,2,2,0,2,2,2,1,,1,AUTOROUTE A86,0,,3,4,0,1,26,899,1,, -1,1,0,1,90,9,10,2021,18:45,2,93,93064,1,1,0,3,AUTOROUTE A86,48.87908,2.47638,18,5,2
202100019072,167Â 551,A01,1,1,1,5,1,-1,-1,0,0,-1,2021,27.0,2,2,13,0,0,0,1,,1,64,0,A,-1,2,0,1,0,900,2,, -1,1,3,2,90,14,9,2021,23:45,5,64,64496,1,1,0,7,autoroute A64-PK 00+900,43.474784,-1.437817,23,1,1
202100023356,159Â 866,A01,1,1,2,0,2,-1,-1,0,0,-1,2021,44.0,2,1,0,0,0,0,1,,3,348,-1,D,2,2,0,2,1,(1),1,, -1,1,0,3,80,20,8,2021,19:36,1,64,64424,1,1,0,7,Route de Garaibie,43.187312,-0.946793,19,1,1
202100031710,145Â 076,A01,1,1,1,1,1,0,-1,-1, -1,-1,2021,34.0,1,2,0,2,1,1,1,,2,RN814,0,,1,2,0,1,1,0,3,, -1,1,0,1,70,28,6,2021,15:30,1,14,14341,1,1,0,2,N814,49.14587,-0.33757,15,2,2
202100038163,133Â 431,B01,1,1,1,1,0,-1,-1,-1, -1,-1,2021,27.0,2,1,0,2,2,15,5,,4,CORDIERE (DE LA)                    (R ),0,,2,2,0,1,(1),(1),1,, -1,1,0,1,50,26,5,2021,18:30,1,69,69290,2,3,0,3,CORDIERE (DE LA) (R),45.69259,4.95567,18,2,2
202100037954,133Â 823,A01,1,1,2,1,2,2,-1,0,0,-1,2021,64.0,2,1,0,2,1,1,1,,4,VOIE DE DEGAGEMENT EST,0,,2,2,0,1,0,0,1,, -1,1,0,1,50,26,5,2021,10:55,1,988,98818,2,3,0,2,VOIE DE DEGAGEMENT EST/RUE CHARLEROI,-22.28001,166.46515,10,2,2
202100018484,168Â 592,A01,5,2,1,5,0,-1,-1,0,0,-1,2021,18.0,1,2,13,0,2,17,1,,3,4,0,R,2,2,0,1,37,571,3,, -1,1,0,3,-1,17,9,2021,18:00,1,988,98829,1,1,0,6,Lieu dit NÃ©ri,-21.6448,166.1916,18,5,1
202100033395,142Â 075,C01,1,1,1,0,1,-1,-1,0,0,-1,2021,43.0,2,2,0,2,4,2,1,,3,PAU (ROUTE DE),0,,2,2,0,1,51,395,1,, -1,1,0,1,50,19,6,2021,11:40,1,65,65440,2,1,0,4,PAU (ROUTE DE),43.2381,0.04012,11,3,3
202100031182,145Â 998,B01,1,1,1,5,2,6,-1,0,0,-1,2021,31.0,1,1,0,2,1,17,1,,4,,0,,2,2,0,1,(1),(1),1,, -1,1,0,1,50,2,7,2021,21:15,2,6,6029,2,1,0,3,MIDI (BOULEVARD DU),43.54659,6.97504,21,2,2
202100001252,199Â 523,A01,1,1,2,0,1,8,-1,-1, -1,-1,2021,23.0,2,2,4,0,1,1,1,,1,A12 W,0,,3,1,0,2,7,0,3,, -1,2,0,1,70,27,12,2021,11:35,1,78,78423,1,1,1,6,A12 W,48.793494,2.040672,11,1,1
202100030521,147Â 205,A01,10,3,2,5,0,-1,-1,3,3,2,2021,49.0,3,2,0,1,1,1,1,,5,CENTRE COMMERCIAL CORA,0,,1,2,0,1,(1),(1),1,, -1,1,0,1,30,9,6,2021,15:00,1,62,62842,1,1,0,6,CENTRE COMMERCIAL CORA,50.461434,2.825756,15,3,1
202100044301,122Â 475,B01,1,1,1,1,2,6,-1,0,0,-1,2021,63.0,2,1,0,2,8,1,1,,4,RUE LA FAYETTE,0,,2,2,0,1,(1),(1),1,, -1,1,0,1,50,12,4,2021,09:39,1,75,75110,2,2,0,3,RUE LA FAYETTE,48.87933,2.357099,9,2,2
202100023694,159Â 263,A01,1,1,1,5,2,0,-1,-1, -1,-1,2021,65.0,1,1,0,2,3,18,1,,3,83,0,,3,2,0,1,3,500,1,, -1,1,5,1,50,16,8,2021,20:00,1,67,67462,2,1,0,3,RN 83 SUD,48.24892,7.43644,20,2,2
202100035991,137Â 354,B01,9,2,1,5,1,-1,-1,0,0,-1,2021,6.0,2,2,0,2,1,21,2,,3,21,0,,2,2,0,1,25,200,2,, -1,1,0,1,80,6,6,2021,17:50,1,33,33342,1,9,0,1,D21,44.933229,-0.030556,17,4,2
202100015496,174Â 004,A01,1,1,2,4,1,0,-1,-1, -1,-1,2021,23.0,3,2,8,0,1,26,1,,3,VERSAILLES (RUE DE),0,,-1,2,0,2,0,0,1,, -1,1,0,1,50,1,10,2021,12:45,1,91,91471,2,1,0,6,VERSAILLES (RUE DE),48.711828,2.183203,12,2,1
202100004058,194Â 494,A01,10,3,1,9,0,-1,-1,4,3,1,2021,18.0,0,5,0,1,0,1,1,,4,TILLON (AVENUE CHARLES),0,,4,5,0,1,(1),(1),1,, -1,2,0,6,50,7,12,2021,18:50,5,35,35238,2,2,0,6,TILLON (AVENUE CHARLES),48.12456,-1.70293,18,2,1
202100003988,194Â 621,B01,1,1,2,1,1,0,-1,-1, -1,-1,2021,22.0,2,2,0,2,2,21,1,,2,PERIGUEUX (ROUTE DE),0,,2,2,0,1,5,680,3,, -1,2,0,1,70,5,12,2021,06:22,5,87,87075,1,1,1,1,PERIGUEUX (ROUTE DE),45.7951,1.22348,6,2,2
202100008335,186Â 829,B01,1,1,1,0,1,0,-1,-1, -1,-1,2021,21.0,1,2,0,2,4,2,1,,1,A7-Sens Marseille vers Lyon,0,,1,3,0,1,276,0,1,, -1,1,0,1,90,13,11,2021,18:00,5,13,13215,1,1,0,2,A7-Sens Marseille vers Lyon,43.35318,5.36521,18,4,3
202100008322,186Â 851,B01,1,1,2,0,1,-1,-1,0,0,-1,2021,44.0,1,2,0,2,1,2,1,,3,973,-1,,2,2,0,1,(1),(1),1,, -1,1,0,1,80,13,11,2021,17:10,2,84,84147,1,3,0,4,Route de Pertuis,43.70225,5.451013,17,5,3
202100012380,179Â 582,B01,1,1,1,0,1,-1,-1,-1, -1,-1,2021,31.0,1,2,0,2,3,15,1,,4,ANDRE SENTUC                        (R ),0,,2,2,2,1,(1),(1),1,, -1,1,0,1,50,18,10,2021,19:45,5,69,69259,2,3,0,3,ANDRE SENTUC (R),45.71002,4.86779,19,2,2
202100012727,178Â 969,A01,1,1,1,5,2,6,-1,0,0,-1,2021,15.0,1,1,13,0,1,1,1,,3,68,-1,,2,2,0,1,288,0,4,, -1,1,0,3,90,16,10,2021,11:40,1,38,38095,1,1,0,6,Rte de Saint Bonnet de Chavagne,45.13302,5.255316,11,2,1
202100049594,113Â 095,A01,10,3,2,0,0,-1,-1,2,3,1,2021,67.0,1,5,0,1,7,20,1,,4,FRERES LUMIERE (DES)                (AV),0,,1,2,3,1,(1),(1),1,, -1,1,0,6,50,1,3,2021,14:30,1,69,69388,2,1,0,6,FRERES LUMIERE (DES)                (AV),45.74441,4.8689,14,2,1
202100053324,106Â 408,B01,1,1,1,5,2,8,-1,-1,0,-1,2021,23.0,2,1,0,2,1,1,1,,3,48,0,,2,4,0,1,0,600,1,, -1,1,5,1,50,28,1,2021,20:40,5,95,95018,2,2,0,3,GALLIENI (BOULEVARD),48.9427880862,2.2431246191,20,2,2
202100012523,179Â 328,A01,1,1,1,0,1,-1,-1,0,0,-1,2021,36.0,1,2,0,2,3,0,1,,3,925,-1,,2,2,0,1,24,600,1,, -1,1,0,1,70,18,10,2021,15:15,1,80,80163,1,1,0,1,D 925,50.10891,1.781266,15,4,2
202100043783,123Â 424,B01,2,2,2,5,2,0,-1,-1, -1,-1,2021,17.0,1,1,0,2,7,1,1,,4,LANCIER (CHEMIN DU),0,,2,2,0,1,(1),(1),1,, -1,2,0,1,50,15,4,2021,17:50,1,13,13208,2,9,1,3,LANCIER (CHEMIN DU),43.246913,5.396064,17,3,2
202100037741,134Â 207,A01,1,1,2,0,8,0,-1,-1, -1,-1,2021,25.0,1,2,6,0,1,13,1,,3,CHATEAUBOEUF (ROUTE DE),0,,2,2,0,2,0,0,2,, -1,2,9,8,30,27,5,2021,02:00,5,972,97209,2,1,1,7,CHATEAUBOEUF (ROUTE DE),14.62415,-61.04217,2,1,1
202100027001,153Â 451,A01,1,1,1,4,0,-1,-1,0,0,-1,2021,18.0,2,4,13,0,2,14,1,,3,146,0,,2,2,0,2,0,200,1,, -1,1,0,3,50,27,7,2021,10:20,1,14,14070,2,1,0,6,D146 ,49.19035,-0.044079,10,1,1
202100028236,151Â 221,B01,2,2,2,5,1,-1,-1,0,0,-1,2021,61.0,2,2,0,2,6,1,1,,1,75,-1,A,3,4,3,1,1,100,1,, -1,1,0,1,90,20,7,2021,11:30,1,63,63113,1,1,0,2,A75 Pk 001.100,45.765921,3.138871,11,3,2
202100025095,156Â 798,A01,2,2,1,5,1,-1,-1,-1,0,-1,2021,42.0,2,2,4,0,1,14,1,,1,AUTOROUTE A15,0,,3,10,0,2,7,800,3,, -1,1,0,1,70,8,8,2021,16:15,1,95,95018,1,1,0,6,A15,48.96292,2.26532,16,2,1
202100031224,145Â 929,B01,1,1,1,1,1,-1,-1,0,0,-1,2021,32.0,1,2,0,2,1,1,1,,3,10,0,,2,2,0,2,1,600,1,,"5,5",1,0,1,80,4,7,2021,06:15,2,83,83058,1,1,0,1,Route de Lorgues,43.5320616045,6.3212352783,6,2,2
202100018248,168Â 996,A01,9,2,2,5,8,-1,-1,0,0,-1,2021,6.0,2,2,3,0,8,1,1,,3,8,-1,D,2,2,0,1,20,120,3,, -1,2,0,1,80,18,9,2021,10:35,1,31,31278,1,1,1,6,DÃ©partementale 8,43.181875,0.807205,10,3,1
202100005902,191Â 239,A01,10,3,1,2,0,-1,-1,1,1,3,2021,14.0,3,1,0,1,7,1,1,,3,CONSTANCE (BOULEVARD DE ),0,,3,4,0,2,21,995,1,, -1,1,1,8,30,26,11,2021,08:30,1,77,77186,2,1,0,6,D607,48.402105,2.687202,8,2,1
202100052895,107Â 170,A01,10,3,2,2,0,-1,-1,3,3,2,2021,17.0,1,2,0,1,1,1,1,,4,RUE DES PRUNELLES,0,,2,2,0,1,(1),(1),1,, -1,1,0,1,50,26,1,2021,18:50,3,22,22187,2,1,0,6,RUE DES PRUNELLES,48.53572,-2.75593,18,2,1
202100040716,128Â 833,A01,1,1,1,5,2,-1,-1,-1,0,-1,2021,57.0,1,1,13,0,9,14,1,,2,RN 104,0,,3,4,0,2,24,650,3,, -1,1,0,1,70,9,5,2021,02:30,3,95,95212,1,1,0,6,RN 104,49.0288268648,2.5284433365,2,1,1
202100005725,191Â 566,A01,1,1,1,1,1,0,-1,-1, -1,-1,2021,44.0,2,2,0,2,0,1,1,,1,A12 Y,0,,1,2,0,1,7,699,1,, -1,1,0,1,90,29,11,2021,19:08,3,78,78423,1,1,0,4,A12 Y,48.787576,2.036387,19,3,3
202100040985,128Â 359,B01,1,1,1,5,2,6,9,0,0,-1,2021,34.0,2,1,0,2,8,1,1,,3,96,-1,D,2,2,0,1,31,558,1,, -1,1,0,1,80,8,5,2021,14:05,1,76,76146,1,2,0,3,Route de Sommery,49.59476,1.37423,14,2,2
202100027107,153Â 259,A01,2,2,2,0,1,-1,-1,0,0,-1,2021,36.0,1,2,0,0,2,12,1,,1,28,0,A,3,2,0,1,257,515,2,, -1,2,0,3,130,25,7,2021,16:55,1,27,27001,1,1,1,7,A28,49.162287,0.696945,16,3,1
202100043035,124Â 749,A01,1,1,1,4,2,6,-1,-1, -1,-1,2021,25.0,1,1,0,2,1,1,1,,4,AV JEAN RIEUX,0,,2,2,0,1,(1),(1),1,, -1,1,0,1,50,22,4,2021,22:55,5,31,31555,2,3,0,3,AV JEAN RIEUX,43.58722,1.47394,22,2,2
202100034361,140Â 317,A01,1,1,1,5,2,6,-1,0,0,-1,2021,47.0,1,1,0,2,2,17,1,,3,966,-1,,2,2,0,2,2,600,1,, -1,1,0,1,80,16,6,2021,17:35,1,2,2601,1,9,1,3,D 966,49.406767,4.041139,17,2,2
202100024256,158Â 311,B01,1,1,2,0,8,8,-1,-1, -1,-1,2021,41.0,2,1,0,2,0,1,3,,4,,0,,2,2,0,2,0,0,2,, -1,1,0,1,50,13,8,2021,00:15,5,67,67482,2,3,0,1,PECHEURS (QUAI DES),48.58238,7.75729,0,3,2
202100000940,200Â 070,B01,1,1,1,3,0,-1,-1,0,0,-1,2021,61.0,3,1,0,2,8,19,5,,3,906,0,,2,2,0,1,35,550,1,, -1,1,0,1,50,30,12,2021,17:00,1,71,71512,2,1,0,3,route de chalon,46.6358876566,4.8710922884,17,2,2
202100021168,163Â 825,A01,1,1,1,0,2,-1,-1,0,0,-1,2021,23.0,3,1,0,0,0,1,1,,4,,-1,,2,2,0,1,(1),(1),1,,5,1,0,1,50,3,9,2021,22:50,5,971,97129,2,1,0,7,Rue de Depot,16.319506,-61.684724,22,1,1
202100017465,170Â 406,A01,1,1,2,9,2,6,-1,-1, -1,-1,2021,29.0,2,1,0,2,1,18,1,,3,UZES (ROUTE D'),0,,2,2,0,1,1,290,1,, -1,1,0,1,50,22,9,2021,19:00,2,30,30007,2,3,0,3,UZES (ROUTE D'),44.10962,4.11243,19,2,2
202100021094,163Â 950,A01,10,3,2,9,0,-1,-1,4,3,1,2021,56.0,2,1,0,1,1,16,1,,4,AVENUE DU MAINE,0,,2,4,0,1,(1),(1),1,, -1,1,0,1,50,2,9,2021,18:20,1,75,75114,2,7,0,6,AVENUE DU MAINE,48.8280351099,2.3268011174,18,2,1
202100053060,106Â 881,A01,1,1,1,5,2,6,-1,0, -1,-1,2021,17.0,3,1,14,0,1,1,1,,4,BENODET ROUTE DE,0,,1,2,0,2,0,0,3,, -1,2,1,1,30,20,1,2021,14:41,1,29,29232,1,1,1,6,Parking CC Geant - Route de Benodet,47.9747071603,-4.0917178988,14,4,1
202100021437,163Â 328,C01,4,2,2,5,1,-1,-1,0,0,-1,2021,72.0,1,2,0,2,1,1,1,,3,MARECHAL FOCH (RUE DU ),0,,3,2,0,1,42,150,1,, -1,2,0,1,80,1,9,2021,13:36,1,65,65251,1,3,1,5,Av des PyrÃ©nÃ©es,43.21501,0.07188,13,7,4
202100022365,161Â 670,A01,1,1,1,5,1,-1,-1,0,0,-1,2021,20.0,1,2,2,0,7,0,1,,2,27,-1,,3,4,0,1,21,400,2,, -1,2,3,3,100,28,8,2021,11:10,1,76,76700,1,4,1,6,RN27 PR021.000,49.6659668222,1.0435799696,11,1,1
202100018473,168Â 610,B01,2,2,2,0,1,-1,-1,0,0,-1,2021,72.0,0,2,0,2,1,1,1,,3,928,-1,,2,2,0,2,62,700,1,, -1,1,0,1,80,15,9,2021,10:45,1,28,28033,1,2,0,1,D928,48.496748,1.057171,10,3,2
202100022228,161Â 913,A01,1,1,1,0,8,0,-1,-1, -1,-1,2021,15.0,3,1,8,0,0,10,1,,4,ANNEXION (RUE DE L'),0,,2,2,0,1,0,1,1,, -1,1,0,1,50,24,8,2021,18:35,1,74,74012,2,1,0,6,ANNEXION (RUE DE L'),46.18539,6.24208,18,1,1
202100004355,193Â 972,B01,1,1,1,0,1,-1,-1,0,0,-1,2021,30.0,2,2,0,2,1,1,1,,3,D83,0,,2,2,0,2,14,(1),1,, -1,2,0,1,80,7,12,2021,18:15,3,54,54186,1,1,1,5,D83,48.73858,6.22382,18,3,3
202100001552,199Â 032,A01,1,1,1,5,1,-1,-1,0,0,-1,2021,20.0,1,2,9,0,2,1,1,,3,859,0,D,2,2,0,1,19,155,3,, -1,1,0,3,80,26,12,2021,02:30,5,201,201247,1,1,0,6,D859,41.567354,9.256464,2,1,1
202100036960,135Â 634,A01,10,3,1,0,0,-1,-1,1,3,1,2021,27.0,3,5,1,1,1,0,1,,4,RUE DES MARGUERITES,0,,2,2,0,1,0,0,1,, -1,1,0,1,30,31,5,2021,11:30,1,91,91345,2,1,0,6,RUE DES MARGUERITES,48.697012,2.301907,11,2,1
202100036714,136Â 086,A01,10,3,2,9,0,-1,-1,2,3,1,2021,66.0,3,2,0,1,4,4,1,,6,,0,,-1,-1,0,1,(1),(1),1,, -1,1,9,1,50,18,5,2021,11:45,1,84,84003,2,1,0,2,246 Quai GÃ©nÃ©ral Leclerc,43.876524,5.399233,11,2,1
202100012961,178Â 570,A01,2,2,2,9,1,-1,-1,0,0,-1,2021,79.0,2,2,13,0,3,1,1,,3,981,-1,,2,2,0,1,10,800,3,, -1,1,0,3,50,16,10,2021,10:05,1,21,21363,2,1,0,6,D981 Hameau de fontaine,47.11454,4.449366,10,2,1
202100012228,179Â 864,Z01,10,3,2,2,8,8,-1,1,3,1,2021,15.0,3,2,0,1,2,1,0,,4,LAZARINE (RUE),0,,1,1,0,1,0,0,2,, -1,1,0,1,50,19,10,2021,13:30,1,13,13212,2,1,0,3,LAZARINE (RUE),43.3044360634,5.4167758849,13,2,1
202100025158,156Â 684,B01,1,1,1,4,2,8,-1,-1, -1,-1,2021,36.0,1,1,0,2,1,17,1,,4,,0,,2,1,0,1,0,0,1,, -1,1,0,1,50,7,8,2021,20:50,2,92,92050,2,4,0,3,ONZE NOVEMBRE RUE DU,48.9068743858,2.2186106443,20,2,2
202100056139,101Â 533,B01,2,2,2,5,1,0,-1,-1,0,-1,2021,81.0,2,2,0,2,3,1,1,,3,125,0,,2,2,0,1,0,850,1,, -1,2,0,1,50,4,1,2021,18:45,5,95,95428,2,9,1,1,route de SAINT BRICE,48.9934334914,2.3349571082,18,3,2
202100036763,135Â 991,A01,1,1,1,9,8,-1,-1,-1, -1,-1,2021,19.0,2,1,0,0,1,1,5,,4,CHEMIN NEUF (DU)                    (MO),0,,1,2,1,4,(1),(1),1,, -1,1,0,1,30,1,6,2021,19:00,1,69,69385,2,1,0,7,CHEMIN NEUF (DU)                    (MO),45.7594,4.8242,19,1,1
202100020855,164Â 370,A01,1,1,1,5,8,0,-1,-1, -1,-1,2021,16.0,2,1,0,2,1,1,3,,4,VERDUN (PLACE DE),0,,1,1,0,1,(1),(1),1,, -1,1,0,1,30,4,9,2021,22:15,5,38,38185,2,3,0,3,Rue GÃ©nÃ©ral Marchand,45.1893,5.73164,22,3,2
202100000601,200Â 628,A01,1,1,1,0,8,-1,-1,0,0,-1,2021,27.0,2,1,0,2,1,1,0,,3,0,0,A,1,1,0,1,0,0,1,, -1,1,0,1,50,31,12,2021,18:35,5,974,97414,2,1,0,2,Rue Saint Louis,-21.288273,55.412193,18,2,2
202100045643,120Â 151,A01,1,1,1,0,2,6,-1,-1, -1,-1,2021,20.0,1,1,0,2,1,2,1,,3,BD MAURICE BERTEAUX ,0,,3,4,0,1,1,0,1,, -1,1,0,1,30,31,3,2021,18:30,1,94,94068,2,1,0,2,Boulevard Maurice Berteaux,48.81069,2.46989,18,2,2
202100029180,149Â 592,A01,10,3,1,0,0,-1,-1,4,3,3,2021,17.0,1,2,0,1,1,1,1,,3,992,0,,1,2,0,1,0,0,1,, -1,2,0,1,50,13,7,2021,17:48,1,92,92025,2,1,1,6,CHARLES DE GAULLE (BD),48.914323,2.229426,17,2,1
202100041662,127Â 132,B01,1,1,1,0,1,0,-1,-1, -1,-1,2021,44.0,1,2,0,0,0,0,1,,1,ARMARIS (BD DES),0,,3,3,0,1,2,500,1,, -1,1,5,1,50,27,4,2021,22:10,5,83,83137,2,3,0,3,Avenue MirasoulÃ©ou,43.13153,5.98226,22,4,2
202100030324,147Â 560,B01,1,1,2,0,1,-1,-1,-1, -1,-1,2021,27.0,1,2,0,2,4,1,1,,4,PIERRE SEMARD                       (AV),0,,2,3,2,2,(1),(1),1,, -1,2,2,1,50,6,7,2021,20:30,2,69,69259,2,1,1,4,PIERRE SEMARD (AV),45.7088948859,4.8760816455,20,4,3
202100051447,109Â 736,A01,1,1,1,4,2,6,-1,0,0,-1,2021,50.0,1,1,0,2,1,3,1,,4,PORTE DE CLICHY,0,,-1,4,0,1,19,600,1,, -1,1,0,1,70,15,2,2021,15:40,1,75,75117,2,1,0,2,PORTE DE CLICHY,48.89781,2.31361,15,2,2
202100006616,189Â 964,B01,1,1,1,0,2,0,-1,0,0,-1,2021,49.0,1,1,0,2,1,2,3,,3,BIOUX (ROUTE DE),0,,2,2,2,1,0,530,2,, -1,1,0,1,50,23,11,2021,07:25,1,71,71270,2,6,0,2,Rue Charles Pillet,46.29784,4.81955,7,2,2
202100029678,148Â 745,A01,1,1,1,5,1,-1,-1,0,0,-1,2021,79.0,2,2,0,0,1,1,1,,7,97,-1,,2,2,0,3,10,3,3,, -1,1,0,8,80,9,7,2021,17:10,1,6,6073,1,9,0,7,M97,44.197141,7.06586,17,2,1
202100015858,173Â 329,A01,10,3,1,1,0,-1,-1,2,3,1,2021,36.0,1,2,0,1,1,1,1,,4,SQUARE (PLACE DU),0,,2,2,0,1,(1),(1),1,, -1,1,0,1,50,30,9,2021,18:30,1,15,15014,2,1,0,6,Place du Square,44.92806,2.4433,18,2,1
202100042671,125Â 358,A01,10,3,1,0,0,-1,-1,2,3,1,2021,39.0,2,2,0,1,1,26,0,,4,BD LEGITIMUS,0,,2,2,0,1,(1),(1),1,, -1,1,0,1,50,23,4,2021,11:10,1,971,97120,2,1,0,6,BD LEGITIMUS,16.2426045133,-61.5362531193,11,2,1
202100001970,198Â 281,B01,2,2,1,0,1,0,-1,-1, -1,-1,2021,13.0,1,2,0,2,0,26,1,,1,A50-Sens Aubagne vers Marseille,0,,1,2,0,1,11,0,1,, -1,1,0,1,90,21,12,2021,15:15,1,13,13005,1,1,0,2,A50-Sens Aubagne vers Marseille,43.2877,5.54304,15,3,2
202100014988,174Â 916,A01,2,2,2,0,1,-1,-1,0,0,-1,2021,45.0,0,2,14,0,1,1,1,,4,PRES FORETS (RUE DES),0,,2,5,1,1,(1),(1),1,, -1,2,0,8,50,2,10,2021,22:05,5,80,80021,2,1,1,6,PRES FORETS (RUE DES),49.9015,2.28363,22,2,1
202100025816,155Â 547,B01,1,1,1,5,2,6,-1,0,0,-1,2021,51.0,2,1,0,2,1,23,1,,3,23,-1,,2,2,0,2,0,50,1,, -1,1,0,1,50,3,8,2021,16:50,1,4,4144,2,1,0,2,RD 23,43.779654,6.340238,16,2,2
202100054384,104Â 554,A01,1,1,2,4,1,-1,-1,0,0,-1,2021,56.0,2,2,13,0,1,1,1,,3,5,-1,,2,2,0,2,62,500,2,, -1,1,0,3,80,20,1,2021,17:15,2,86,86006,1,1,0,7,Lieu Dit Tournac,46.546423,0.872403,17,1,1
202100053107,106Â 805,A01,1,1,1,5,0,-1,-1,0,0,-1,2021,31.0,3,1,8,0,1,1,1,,4,,-1,,2,2,0,1,(1),(1),1,, -1,1,0,1,50,31,1,2021,10:40,1,974,97414,2,1,0,6,Chemin de l'Enclos,-21.280382,55.427093,10,1,1
202100002100,198Â 042,B01,7,2,1,5,1,-1,-1,0,0,-1,2021,5.0,1,2,0,2,3,1,1,,3,10.4,-1,,2,2,0,1,0,0,1,, -1,2,5,1,50,4,12,2021,10:30,1,68,68117,2,3,0,3,Rue du Muhlele,48.042448356,7.1728381813,10,3,2
202100013062,178Â 396,A01,1,1,1,0,8,0,-1,-1, -1,-1,2021,47.0,3,2,0,2,1,2,1,,7,MOSELLE BOULEVARD NÂ°IMPAIRS,0,,1,3,0,1,(1),(1),1,, -1,1,0,8,50,15,10,2021,17:40,1,59,59350,2,9,0,2,MOSELLE BOULEVARD NÂ°IMPAIRS,50.62384,3.02857,17,2,2
202100050321,111Â 752,A01,1,1,1,9,1,0,-1,-1, -1,-1,2021,50.0,1,2,0,2,6,9,1,,4,COPENHAGUE (ROND POINT DE),0,,1,1,0,1,(1),(1),2,, -1,1,0,1,50,23,2,2021,13:15,1,66,66136,2,1,0,3,COPENHAGUE (ROND POINT DE),42.69111,2.85173,13,2,2
202100055620,102Â 426,A01,6,2,1,9,8,0,-1,-1, -1,-1,2021,17.0,1,2,0,2,3,26,1,,1,RN 2,0,,3,9,0,1,19,610,1,, -1,1,3,1,70,8,1,2021,23:30,3,93,93078,1,1,0,2,A104,48.95783,2.53098,23,8,2
202100007433,188Â 463,B01,1,1,1,9,2,0,-1,0,0,-1,2021,51.0,2,1,0,2,1,1,5,,4,RUE DU CHERCHE MIDI,0,,-1,1,0,1,(1),(1),1,, -1,1,0,1,30,9,11,2021,21:10,5,75,75106,2,1,0,1,RUE DU CHERCHE MIDI,48.847165,2.328017,21,2,2
202100051281,110Â 012,A01,10,3,1,2,0,-1,-1,3,3,1,2021,18.0,0,2,0,1,1,1,1,,4,CHEVERT ( PLACE ),0,,2,2,0,1,0,0,1,, -1,1,6,1,30,3,2,2021,07:40,2,55,55545,2,1,0,7,CHEVERT ( PLACE ),49.15951,5.386,7,2,1
202100005014,192Â 821,A01,1,1,1,9,1,-1,-1,-1, -1,-1,2021,29.0,1,2,0,0,0,1,0,,1,A4,0,,1,2,0,1,22,0,2,, -1,2,3,1,70,3,12,2021,00:55,3,77,77121,1,1,0,7,A4,48.8317683835,2.6736625863,0,1,1
202100053397,106Â 278,A01,1,1,2,1,1,-1,-1,0,0,-1,2021,25.0,0,2,0,0,2,1,1,,3,179,0,D,2,2,0,2,(1),(1),2,, -1,7,0,1,90,27,1,2021,08:10,1,84,84103,1,1,0,6,D179,43.921266,5.475011,8,1,1
202100007795,187Â 818,A01,10,3,1,0,0,-1,-1,4,3,1,2021,30.0,2,2,0,1,3,1,1,,7,GRAMME (CHAUSSEE),0,,3,4,0,1,(1),(1),1,, -1,1,0,1,50,16,11,2021,07:07,3,59,59599,2,1,0,6,GRAMME (CHAUSSEE),50.73671,3.17,7,2,1