Num_Acc,id_vehicule,num_veh,place,catu,sexe,trajet,secu1,secu2,secu3,locp,actp,etatp,year_acc,victim_age,senc,catv,obs,obsm,choc,manv,motor,occutc,catr,voie,v1,v2,circ,nbv,vosp,prof,pr,pr1,plan,lartpc,larrout,surf,infra,situ,vma,jour,mois,an,hrmn,lum,dep,com,agg_,int,atm,col,adr,lat,long,hour,nb_victim,nb_vehicules
202100010135,183Â 581,A01,2,2,2,5,1,-1,-1,-1, -1,-1,2021,21.0,2,2,8,0,3,1,1,,4,DEBROUSSE                           (AV),0,,2,4,0,2,(1),(1),1,, -1,1,0,1,30,29,10,2021,20:20,5,69,69385,2,1,0,7,DEBROUSSE                           (AV),45.7512,4.8159,20,2,1
202100045876,119Â 755,B01,1,1,1,5,2,-1,-1,0,0,-1,2021,18.0,3,1,0,0,1,1,5,,7,306,-1,,2,2,0,2,(1),(1),1,, -1,1,0,1,80,31,3,2021,17:45,1,69,69117,1,3,0,3,RD306,45.8565923895,4.7381329536,17,2,2
202100032226,144Â 157,B01,1,1,1,0,1,0,-1,-1, -1,-1,2021,46.0,2,2,0,2,4,2,1,,1,86,0,,3,4,0,1,52,799,1,, -1,1,1,1,70,25,6,2021,08:55,1,92,92002,1,1,0,2,AUTOROUTE A86,48.7629853869,2.3043052888,8,2,2
202100037773,134Â 144,A01,10,3,1,3,0,-1,-1,4,3,2,2021,22.0,1,2,9,1,9,14,1,,7,BEETHOVEN AVENUE,0,,-1,2,0,1,(1),(1),2,, -1,1,5,8,50,28,5,2021,21:06,2,59,59350,2,3,0,6,LAMBRET OSCAR AVENUE,50.6184523451,3.0328783393,21,2,1
202100054587,104Â 206,A01,1,1,1,1,2,8,-1,-1, -1,-1,2021,17.0,2,1,0,2,1,1,1,,4,CALINS (AVENUE DES),0,,2,4,0,2,0,0,1,, -1,2,0,1,50,15,1,2021,22:45,5,49,49099,2,2,0,3,CALINS (AVENUE DES),47.05948,-0.87402,22,3,2
202100006157,190Â 806,A01,10,3,1,4,4,-1,-1,6,B,1,2021,47.0,1,5,0,1,2,0,1,,1,2,-1,E,3,4,0,1,6,700,1,, -1,1,8,2,110,25,11,2021,18:30,3,988,98805,1,1,0,6,"VE2 sens NOUMEA/PAITA, ZAC PANDA",-22.182557,166.431992,18,2,1
202100050839,110Â 811,A01,1,1,1,0,0,-1,-1,0,0,-1,2021,22.0,2,2,2,0,1,1,1,,3,22,-1,,2,2,0,2,4,0,1,, -1,1,0,1,80,21,2,2021,00:45,3,1,1211,1,1,0,6,,46.130876,5.191362,0,1,1
202100038814,132Â 238,A01,1,1,1,5,0,-1,-1,0,0,-1,2021,73.0,3,0,0,0,0,1,3,,4,,-1,,2,2,1,1,(1),(1),1,, -1,2,0,5,-1,23,5,2021,16:00,1,80,80713,2,1,1,7,13 rue du bout d'Amont,50.282406,1.596997,16,1,1
202100028833,150Â 186,A01,1,1,1,5,2,6,-1,-1, -1,-1,2021,56.0,2,1,11,0,0,1,1,,3,ARCACHON (BD D'),0,,2,2,1,2,0,925,1,, -1,1,0,1,30,15,7,2021,16:00,1,33,33529,2,1,0,6,,44.6403239659,-1.172486139,16,1,1
202100006869,189Â 507,B01,1,1,1,5,1,-1,-1,0,0,-1,2021,69.0,1,2,0,2,1,1,1,,3,103,-1,,2,2,0,1,(1),(1),1,, -1,1,0,1,80,22,11,2021,14:56,1,27,27518,1,1,1,1,D103,49.449044,0.52125,14,2,2
202100013606,177Â 398,B01,1,1,2,2,8,0,-1,-1, -1,-1,2021,16.0,3,1,0,2,3,16,5,,3,PASTEUR (QUAI),0,,2,3,0,2,0,1,1,, -1,1,0,1,50,12,10,2021,08:45,1,77,77288,2,1,0,6,D415A,48.53706,2.66073,8,1,1
202100004730,193Â 323,A01,10,3,2,0,0,-1,-1,9,B,-1,2021,71.0,2,2,0,1,3,1,1,,4,POUDRETTE     (Rue de la),0,,2,3,0,1,(1),(1),1,, -1,1,0,1,50,3,12,2021,11:30,1,69,69266,2,3,0,6,POUDRETTE (DE LA) (R),45.7616725224,4.9201342463,11,2,1
202100006361,190Â 427,B01,1,1,2,5,0,-1,-1,0,0,-1,2021,36.0,3,1,0,2,8,1,5,,4,,-1,,2,2,0,1,(1),(1),1,,"5,5",1,0,1,50,27,10,2021,15:50,1,22,22168,2,2,0,3,Route de Pleumeur-Bodou,48.801009,-3.473386,15,2,2
202100014090,176Â 514,A01,2,2,1,5,1,-1,-1,-1, -1,-1,2021,27.0,1,2,0,2,1,2,1,,1,AUTOROUTE A10,0,,3,6,0,1,542,600,1,, -1,1,0,1,90,10,10,2021,17:20,1,33,33249,1,1,0,2,Autoroute A10,44.887147,-0.506138,17,5,2
202100050727,111Â 012,B01,1,1,1,0,2,0,-1,-1, -1,-1,2021,21.0,1,1,0,2,7,1,1,,3,MADELEINE (ROUTE DE LA),0,,2,2,0,1,2,0,1,, -1,1,0,1,50,18,2,2021,09:50,1,973,97302,2,3,0,3,MADELEINE (ROUTE DE LA),4.92172,-52.32263,9,2,2
202100012548,179Â 285,A01,1,1,1,5,1,-1,-1,0,0,-1,2021,56.0,1,2,3,2,5,1,1,,3,7,-1,,2,2,0,2,25,900,3,, -1,2,0,1,80,18,10,2021,14:45,1,50,50320,1,1,1,1,"La motiniere , RD 7",48.851035,-1.381917,14,2,2
202100038262,133Â 256,B01,1,1,1,1,2,-1,-1,0,0,-1,2021,18.0,3,1,0,2,8,0,1,,4,nÂ°7,-1,,2,2,0,1,(1),(1),3,, -1,1,0,1,80,25,5,2021,13:57,1,22,22164,1,3,0,1,Lieu dit Les fontaines,48.590041,-3.292157,13,2,2
202100034886,139Â 357,A01,1,1,2,0,1,-1,-1,0,0,-1,2021,28.0,1,2,0,0,8,1,1,,3,D5,0,D,2,2,0,2,2,200,3,, -1,1,0,1,80,12,6,2021,18:20,1,83,83037,1,1,0,3,Route de la Roquebrussanne,43.397172,6.031481,18,2,2
202100045097,121Â 123,A01,10,3,1,0,0,-1,-1,3,3,1,2021,19.0,1,2,0,1,1,1,1,,4,AIGUILLETTES  (BD 5 A 73-2 A 94),0,,2,4,0,1,(1),(1),1,, -1,1,0,1,50,4,4,2021,13:10,1,54,54578,2,1,0,6,AIGUILLETTES  (BD 5 A 73-2 A 94),48.67145,6.15632,13,2,1
202100055069,103Â 376,B01,1,1,2,5,8,0,-1,0,0,-1,2021,13.0,3,1,0,2,8,19,5,,4,BOULEVARD SUCHET,0,,2,4,0,1,(1),(1),1,, -1,2,0,1,50,14,1,2021,19:10,5,75,75116,2,3,1,6,BOULEVARD SUCHET,48.853019,2.261921,19,2,2
202100023354,159Â 869,A01,2,2,2,5,2,-1,-1,0,0,-1,2021,41.0,2,1,0,2,1,2,1,,2,85,0,,2,2,0,1,7,700,1,, -1,1,2,1,70,20,8,2021,15:30,1,5,5142,1,1,0,2,Pont de Richards (Plateforme),44.7744384455,6.0177675582,15,4,2
202100038283,133Â 216,A01,1,1,1,4,8,-1,-1,0,0,-1,2021,48.0,3,5,0,9,8,26,1,,4,79,0,,2,2,0,3,(1),(1),3,, -1,1,0,1,50,25,5,2021,09:35,1,972,97230,2,1,0,7,79 Lotissement l'Autre Bord,14.740235,-60.94974,9,1,1
202100008407,186Â 705,B01,2,2,2,5,0,-1,-1,0,0,-1,2021,24.0,1,1,14,2,1,1,1,,3,15,-1,,2,2,0,1,(1),(1),1,, -1,1,0,1,80,12,11,2021,19:10,5,972,97228,1,9,0,3,D15,14.739579,-61.018284,19,3,2
202100040318,129Â 536,A01,1,1,1,9,2,0,-1,-1, -1,-1,2021,19.0,1,1,0,2,1,26,1,,3,HENRI  IV (RUE),0,,1,2,0,1,0,885,1,, -1,1,0,1,50,11,5,2021,20:15,2,81,81065,2,2,0,3,HENRI  IV (RUE),43.60637,2.2411,20,4,2
202100011761,180Â 690,A01,1,1,1,1,1,-1,-1,0,0,-1,2021,56.0,2,5,0,9,8,1,1,,3,186,-1,,2,2,0,2,4,250,1,, -1,1,0,1,50,3,6,2021,17:50,1,74,74042,1,1,0,6,route de brizon,46.055692,6.442451,17,1,1
202100052712,107Â 511,A01,1,1,1,4,1,-1,-1,0,0,-1,2021,34.0,1,4,0,0,8,14,1,,3,32,-1,,2,2,0,1,10,200,1,, -1,1,0,1,80,4,2,2021,09:58,1,54,54089,1,1,0,7,Route dÃ©partementale 32,48.78354,6.291218,9,1,1
202100017331,170Â 671,B01,1,1,1,0,1,-1,-1,0,0,-1,2021,44.0,1,2,0,0,2,1,1,,3,47,0,,2,2,0,2,6,789,1,, -1,1,0,1,80,25,9,2021,01:15,3,72,72147,1,1,0,6,D47,48.106857,0.196876,1,1,1
202100043371,124Â 142,B01,1,1,1,1,2,6,-1,-1, -1,-1,2021,26.0,3,1,0,2,1,1,1,,4,,0,,2,2,0,1,0,0,1,, -1,1,0,1,50,19,4,2021,19:20,1,92,92062,2,5,0,3,FRANCE (RUE  ANATOLE) NÂ° 2 AU 20,48.882538402,2.2398901443,19,2,2
202100037093,135Â 400,B01,1,1,1,5,1,-1,-1,0,0,-1,2021,55.0,2,2,0,2,3,1,1,,3,3,0,D,2,2,0,2,49,70,3,, -1,1,0,1,90,2,6,2021,13:30,1,82,82102,1,1,0,1,lieu dit rodier,44.015071,0.849423,13,2,2
202100037706,134Â 268,B01,1,1,2,5,2,6,-1,0,0,-1,2021,42.0,1,1,0,2,1,1,1,,4,2,0,A,2,2,1,1,(1),(1),1,, -1,1,0,1,50,30,5,2021,10:20,1,26,26235,2,1,0,3, 4 RUE DU LAC,44.368236,4.706451,10,2,2
202100041042,128Â 250,A01,2,2,2,0,1,0,-1,-1, -1,-1,2021,58.0,2,2,0,2,1,2,1,,2,RN12 EXT,0,,3,6,0,1,29,0,1,, -1,1,0,1,110,7,5,2021,15:40,1,78,78423,1,1,0,2,RN12 EXT,48.79684,2.021996,15,3,2
202100031152,146Â 049,B01,1,1,1,5,8,0,-1,-1, -1,-1,2021,92.0,3,1,0,2,4,9,0,,4,MAIL   ALLEE DU,0,,1,1,0,2,(1),(1),1,, -1,1,9,1,30,1,7,2021,11:15,1,17,17300,2,1,0,3,MAIL   ALLEE DU,46.15556,-1.16921,11,2,2
202100025541,156Â 019,A01,1,1,1,5,2,6,-1,0,0,-1,2021,31.0,2,1,3,0,7,1,1,,1,352,0,A,3,4,0,1,9,580,3,, -1,1,3,1,110,6,8,2021,18:40,1,67,67101,1,4,0,6,A352 PR 009+580,48.520179,7.501441,18,1,1
202100024818,157Â 295,A01,1,1,1,5,2,-1,-1,0,0,-1,2021,76.0,2,1,0,0,1,1,5,,3,16,-1,E,2,2,0,2,1,0,1,, -1,9,0,1,80,11,8,2021,14:45,1,55,55435,1,1,0,7,departementale 16,48.743717,5.022308,14,1,1
202100039374,131Â 221,A01,1,1,1,5,8,-1,-1,0,0,-1,2021,16.0,2,1,0,0,0,1,1,,4,,-1,,2,2,0,1,(1),(1),2,, -1,1,0,1,50,3,5,2021,13:30,1,33,33118,2,1,0,7,Avenue des Chenes,44.780944,-0.462424,13,1,1
202100025549,156Â 006,B01,1,1,1,3,2,6,9,0,0,-1,2021,26.0,2,1,0,2,8,1,1,,3,81,-1,,2,1,0,1,4,580,1,,3,1,0,1,80,5,8,2021,11:20,1,83,83064,1,3,0,3,D81,43.321033,6.044696,11,2,2
202100009275,185Â 119,A01,1,1,1,5,2,6,-1,0,0,-1,2021,85.0,1,1,0,2,8,13,1,,7,,0,,1,4,0,1,(1),(1),1,, -1,1,0,1,50,5,11,2021,10:05,1,6,6088,2,1,0,3,ANGLAIS (A PARTIR DU NÂ° 351),43.66904,7.22122,10,2,2
202100017962,169Â 520,A01,1,1,1,1,2,6,-1,-1, -1,-1,2021,51.0,1,1,16,0,8,26,1,,2,ROUTE NATIONALE 230,0,,3,6,0,1,43,599,1,, -1,2,0,1,90,20,9,2021,09:10,1,33,33249,1,1,1,7,Rocade Rive Droite N230,44.878758,-0.509464,9,1,1
202100039433,131Â 117,A01,10,3,1,2,0,-1,-1,2,3,1,2021,18.0,2,2,0,1,1,1,0,,4,MARC SANGNIER    (Avenue),0,,2,2,0,1,(1),(1),1,, -1,1,0,1,50,18,5,2021,10:15,1,69,69266,2,1,0,6,MARC SANGNIER (AV),45.7587348029,4.8763407359,10,2,1
202100004481,193Â 757,A01,1,1,1,0,2,6,-1,-1, -1,-1,2021,54.0,2,1,0,2,0,3,1,,1,A86 EXT,0,,-1,3,0,1,60,799,1,, -1,1,0,1,90,6,12,2021,07:55,1,78,78640,1,1,0,3,A86 EXT,48.778848,2.202811,7,2,2
202100004412,193Â 873,A01,1,1,2,1,2,8,-1,-1, -1,-1,2021,34.0,2,1,0,2,8,17,1,,3,AV LEDRU ROLLIN ,0,,2,2,0,1,1,0,1,, -1,2,0,1,50,6,12,2021,06:45,5,94,94058,2,3,1,3,Avenue Ledru-Rollin,48.83934,2.49608,6,2,2
202100043007,124Â 798,A01,1,1,2,0,2,-1,-1,0,0,-1,2021,22.0,0,1,0,2,4,19,3,,4,FACULTES (AVENUE DES),0,,3,3,0,1,(1),(1),1,, -1,1,0,1,50,21,4,2021,13:55,1,80,80725,2,1,0,3,FACULTES (AVENUE DES),49.87346,2.2614,13,2,2
202100009059,185Â 510,B01,2,2,2,0,1,0,-1,-1, -1,-1,2021,21.0,2,2,0,2,1,2,1,,1,AUTOROUTE A3,0,,-1,10,0,1,15,500,1,, -1,1,0,1,90,6,11,2021,18:30,5,93,93005,1,9,0,4,AUTOROUTE A3,48.963685,2.473966,18,4,3
202100021181,163Â 802,A01,1,1,1,0,2,-1,-1,0,0,-1,2021,64.0,2,1,13,0,9,17,1,,3,110,0,D,2,2,0,1,4,260,1,,"5,5",1,0,1,80,27,8,2021,13:30,1,73,73116,1,1,0,6,D110,45.246016,6.321597,13,2,2
202100017367,170Â 595,A01,1,1,1,1,2,6,-1,-1, -1,-1,2021,41.0,2,1,0,0,0,3,1,,1,A86,0,,3,4,0,1,7,0,1,, -1,1,0,1,90,25,9,2021,15:05,1,92,92036,1,1,0,7,A86,48.9337071386,2.2742219004,15,1,1
202100055144,103Â 245,A01,1,1,1,1,2,6,-1,-1, -1,-1,2021,44.0,1,1,0,2,3,3,1,,1,A86 INT,0,,1,3,0,1,45,0,2,, -1,2,0,1,90,13,1,2021,09:45,1,94,94073,1,1,1,2,A86 INT,48.7700640244,2.3810429395,9,2,2
202100011102,181Â 884,B01,1,1,1,0,1,0,-1,-1, -1,-1,2021,52.0,3,5,0,2,0,26,1,,4,LÃON BANCAL (RUE),0,,1,2,0,1,0,0,1,, -1,1,0,1,50,25,10,2021,07:10,5,13,13211,2,1,0,2,LÃON BANCAL (RUE),43.2877763625,5.4804950984,7,2,2
202100018000,169Â 454,B01,3,2,2,5,1,-1,-1,-1,0,-1,2021,17.0,2,2,0,2,7,15,3,,7,BOIS AVENUE DU,0,,2,3,0,2,(1),(1),1,, -1,1,0,1,50,19,9,2021,00:20,4,59,59009,2,2,0,3,BOIS AVENUE DU,50.63168,3.14064,0,6,2
202100023802,159Â 074,B01,1,1,2,5,8,-1,-1,0,0,-1,2021,67.0,2,2,3,0,5,1,1,,1,6,0,A,3,6,0,1,412,200,1,, -1,2,0,1,130,17,8,2021,16:05,1,69,69019,1,1,0,5,A6,46.1030400507,4.7533000531,16,4,3
202100033858,141Â 242,B01,2,2,2,0,1,0,-1,-1, -1,-1,2021,19.0,0,2,0,2,1,24,1,,4,MORETTI (BOULEVARD),0,,2,2,0,2,0,0,1,, -1,1,0,1,50,17,6,2021,14:45,1,13,13214,2,1,0,1,MORETTI (BOULEVARD),43.3262,5.37578,14,5,2
202100049927,112Â 497,B01,2,2,2,5,2,6,-1,0,0,-1,2021,51.0,1,1,0,2,7,13,1,,3,80,0,,2,2,0,1,9,850,2,, -1,1,0,1,80,27,2,2021,12:00,1,202,202043,1,1,0,3,Grotta Murata,42.78602,9.48354,12,3,2
202100013887,176Â 874,A01,1,1,1,9,2,0,-1,0,0,-1,2021,55.0,2,1,0,2,7,3,1,,4,PORTE DE CHATILLON,0,,1,3,0,1,6,400,1,, -1,1,0,1,70,9,10,2021,11:45,1,75,75114,2,4,0,7,PORTE DE CHATILLON,48.823131,2.31157,11,1,1
202100019535,166Â 714,B01,1,1,1,0,2,6,-1,0,0,-1,2021,30.0,1,1,0,2,2,1,1,,3,81,0,D,2,2,0,1,35,700,1,, -1,1,0,1,70,11,9,2021,17:45,1,201,201348,1,1,0,3,RD 81 funtanella,42.114858,8.65212,17,2,2
202100005236,192Â 422,B01,1,1,1,0,1,0,-1,-1, -1,-1,2021,46.0,1,1,0,9,0,0,1,,2,NATIONALE 6 (REVEIL MATIN),0,,1,2,0,1,0,100,1,, -1,1,0,1,90,1,12,2021,20:30,4,91,91421,2,9,0,3,NATIONALE 6 (REVEIL MATIN),48.70961,2.44174,20,2,2
202100044826,121Â 591,A01,10,3,2,0,0,-1,-1,4,3,1,2021,23.0,1,1,0,1,1,18,1,,4,BD MARECHAL LECLERC,0,,3,4,3,1,(1),(1),1,, -1,1,5,6,50,7,4,2021,17:40,1,33,33063,2,2,0,6,Boulevard MarÃ©chal Leclerc,44.827958,-0.593299,17,2,1
202100022633,161Â 162,B01,1,1,2,0,1,0,-1,-1, -1,-1,2021,35.0,0,2,0,2,4,1,1,,4,BRAY (RUE DE),0,,2,2,0,1,(1),(1),1,, -1,1,0,1,50,25,8,2021,12:20,1,35,35051,2,1,0,2,BRAY (RUE DE),48.10462,-1.63057,12,2,2
202100006410,190Â 343,B01,1,1,1,9,2,6,-1,-1, -1,-1,2021,41.0,1,1,0,2,4,1,1,,3,RENE MARLIN (CARREFOUR),0,,1,1,0,1,0,0,2,, -1,1,0,1,50,4,6,2021,09:30,1,58,58194,2,6,0,2,RENE MARLIN (CARREFOUR),46.9999,3.1556,9,2,2
202100037959,133Â 814,A01,2,2,2,9,2,8,-1,-1, -1,-1,2021,45.0,2,1,0,2,5,16,6,,3,CATAYEE (JUSTIN),0,,1,1,0,1,0,800,3,, -1,2,9,1,50,27,5,2021,10:15,1,973,97302,2,6,1,3,CATAYEE (JUSTIN),4.92498,-52.32363,10,3,2
202100045654,120Â 134,A01,1,1,2,0,2,0,-1,-1, -1,-1,2021,18.0,1,1,0,2,7,19,3,,4,WALWEIN (AVENUE),0,,2,2,0,1,1,0,1,, -1,1,0,1,30,1,4,2021,19:10,1,93,93048,2,9,0,3,WALWEIN (AVENUE),48.8620489113,2.4452705764,19,3,2
202100002179,197Â 894,A01,1,1,1,0,8,-1,-1,0,0,-1,2021,35.0,2,2,13,0,2,0,1,,3,62,-1,,2,2,0,2,38,0,1,, -1,1,0,3,80,21,12,2021,16:50,1,63,63381,1,1,0,6,RD62,45.846976,2.900458,16,1,1
202100047057,117Â 656,B01,1,1,2,1,1,0,-1,0,0,-1,2021,58.0,2,2,0,2,4,23,1,,4,PONT CHARLES DE GAULLE,0,,2,5,0,1,(1),(1),1,, -1,1,2,1,50,21,3,2021,19:00,5,75,75112,2,1,0,4,PONT CHARLES DE GAULLE,48.842951,2.369862,19,3,3
202100018583,168Â 417,A01,1,1,1,5,2,0,-1,0,0,-1,2021,18.0,3,1,0,0,0,1,5,,4,DUPONT DE L'EURE (PLACE),0,,2,2,0,1,(1),(1),1,, -1,1,0,1,50,16,9,2021,15:56,1,27,27229,2,1,0,7,DUPONT DE L'EURE (PLACE),49.02925,1.15205,15,1,1
202100001091,199Â 814,A01,1,1,1,0,2,6,-1,-1, -1,-1,2021,27.0,1,1,0,0,8,16,1,,3,MARECHAL DE LATTRE DE TASSIGNY (AVENUE),0,,2,6,2,1,0,0,3,, -1,2,0,6,50,29,12,2021,15:50,1,92,92012,2,1,1,7,MARECHAL DE LATTRE DE TASSIGNY (AVENUE),48.840894678,2.2276335955,15,1,1
202100032811,143Â 128,A01,10,3,1,9,0,-1,-1,2,3,1,2021,38.0,2,1,0,1,1,1,1,,4,HUBERT DE LISLE(BOULEVARD),0,,1,1,0,1,0,0,1,, -1,1,0,1,50,21,6,2021,16:50,1,974,97416,2,1,0,3,HUBERT DE LISLE(BOULEVARD),-21.34362,55.46978,16,2,1
202100035633,138Â 025,B01,1,1,2,4,0,-1,-1,0,0,-1,2021,23.0,1,2,1,0,4,1,1,,3,906,-1,,2,4,0,1,66,250,1,, -1,1,0,1,90,10,6,2021,10:23,1,71,71448,1,1,0,2,Route Nationale 6,46.383116,4.867673,10,2,2
202100019029,167Â 624,A01,1,1,1,1,8,0,-1,-1, -1,-1,2021,45.0,2,1,0,2,7,1,5,,3,910,0,,1,4,1,1,0,0,2,, -1,1,5,1,50,14,9,2021,15:45,1,92,92022,2,3,0,3,SALENGRO (AVENUE ROGER),48.80557,2.18419,15,2,2
202100042599,125Â 478,A01,10,3,2,5,0,-1,-1,2,9,1,2021,68.0,1,1,0,1,4,25,5,,7,BEAU RIVAGE (BOULEVARD),0,,-1,0,0,1,0,100,1,, -1,1,6,4,1,24,4,2021,10:40,1,13,13028,2,1,0,6,BEAU RIVAGE (BOULEVARD),43.187005,5.623046,10,2,1
202100039290,131Â 371,A01,10,3,2,1,0,-1,-1,3,3,1,2021,38.0,1,2,0,1,1,9,1,,4,VILLON PIERRE (RUE),0,,2,3,0,1,(1),(1),1,, -1,1,0,1,50,11,5,2021,16:45,1,34,34032,2,1,0,6,VILLON PIERRE (RUE),43.34247,3.2394,16,2,1
202100050645,111Â 160,A01,1,1,1,0,0,-1,-1,0,0,-1,2021,22.0,1,1,0,2,3,9,5,,3,44,0,D,1,2,0,4,17,60,2,, -1,1,5,1,50,22,2,2021,12:00,1,29,29058,2,6,0,3,D44 - Rond Point de Ker Elo,47.8979779797,-4.0144985187,12,2,2
202100017814,169Â 776,A01,1,1,1,0,2,0,-1,-1, -1,-1,2021,52.0,3,1,0,2,1,7,1,,7,DIEPPE. ROUTE DE (RN 27),0,,2,3,3,1,18,500,1,, -1,2,0,1,50,20,9,2021,17:55,1,76,76216,2,1,1,3,DIEPPE. ROUTE DE (RN 27),49.467657,1.050998,17,2,2
202100004218,194Â 211,A01,10,3,1,3,8,-1,-1,4,3,1,2021,85.0,1,1,0,1,1,1,3,,4,JEAN MERMOZ                         (AV),0,,2,4,3,1,(1),(1),1,, -1,2,0,1,50,6,12,2021,07:00,5,69,69388,2,1,1,6,JEAN MERMOZ (AV),45.73248,4.88133,7,2,1
202100053078,106Â 849,A01,1,1,1,9,2,6,-1,0,0,-1,2021,26.0,2,1,0,2,1,15,1,,4,AVENUE DE LA PORTE D ASNIERES,0,,2,6,0,1,(1),(1),1,, -1,2,0,1,50,29,1,2021,12:45,1,75,75117,2,4,1,3,AVENUE DE LA PORTE D ASNIERES,48.892289,2.301019,12,2,2
202100054818,103Â 811,B01,1,1,1,1,2,6,-1,0,0,-1,2021,28.0,1,1,0,2,1,1,1,,3,152,-1,,2,2,0,1,0,500,1,, -1,1,0,1,50,15,1,2021,18:40,5,28,28359,2,1,0,1,9 Rue Eugene Raymond,48.762033,1.237494,18,2,2
202100041261,127Â 845,B01,1,1,1,1,2,0,-1,-1, -1,-1,2021,57.0,1,1,0,2,1,1,3,,9,PAROISSE (RUE DE LA),0,,1,1,2,1,0,0,1,, -1,1,0,1,30,5,5,2021,13:45,1,77,77186,2,1,0,2,PAROISSE (RUE DE LA),48.408,2.69787,13,2,2
202100023763,159Â 142,A01,1,1,1,5,1,-1,-1,0,0,-1,2021,60.0,1,2,0,2,3,13,1,,3,943,0,,2,2,0,1,79,500,3,, -1,1,0,1,80,17,8,2021,20:30,1,62,62618,1,1,0,1,D943,50.808406,2.092847,20,5,2
202100038201,133Â 361,B01,2,2,2,0,1,8,-1,0,0,-1,2021,0.0,1,2,0,2,4,2,1,,4,Cours Jacquin,0,,2,3,1,1,(1),(1),1,, -1,2,0,1,50,26,5,2021,09:15,1,10,10387,2,1,1,2,JACQUIN (RUE),48.30396,4.08061,9,3,2
202100020746,164Â 548,A01,1,1,1,5,2,-1,-1,0,0,-1,2021,39.0,0,1,0,0,0,1,1,,3,99,0,D,2,2,0,1,14,20,3,, -1,1,0,8,80,5,9,2021,19:40,1,60,60069,1,1,0,7,Rue Bernard Hamelin,49.168039811,2.9290913422,19,1,1
202100007672,188Â 035,A01,10,3,1,5,0,-1,-1,4,3,1,2021,82.0,2,2,0,1,1,15,1,,3,DALAYRAC (R),0,,2,2,0,1,0,0,1,, -1,2,0,1,50,17,11,2021,09:15,1,94,94033,2,2,0,1,DALAYRAC (R),48.84901,2.45996,9,2,1
202100013955,176Â 756,A01,9,2,1,4,1,-1,-1,0,0,-1,2021,28.0,3,5,0,2,1,13,1,,4,,-1,,2,2,0,1,(1),(1),1,,4,1,0,1,50,12,10,2021,15:40,1,1,1004,2,9,0,1,70 Avenue de la Liberation,45.96814,5.339313,15,4,2
202100009929,183Â 944,A01,1,1,1,9,8,0,-1,0,0,-1,2021,25.0,1,1,1,0,0,13,3,,4,AVENUE BOSQUET,0,,1,4,0,1,(1),(1),1,, -1,1,0,1,30,1,11,2021,04:40,5,75,75107,2,2,0,6,AVENUE BOSQUET,48.856234,2.304909,4,1,1
202100014415,175Â 932,B01,1,1,1,5,2,0,-1,0,0,-1,2021,53.0,1,1,0,2,1,1,3,,4,RUE DE RIVOLI,0,,2,4,1,1,(1),(1),1,, -1,1,-1,5,30,8,10,2021,16:45,1,75,75104,2,2,0,3,RUE DE RIVOLI,48.855956,2.357983,16,2,2
202100011498,181Â 171,A01,1,1,1,5,2,6,-1,0,0,-1,2021,34.0,2,1,0,2,1,2,1,,3,1,0,,2,2,0,1,100,900,1,,"5,5",1,0,1,80,24,10,2021,14:30,1,86,86220,1,1,0,2,D1,46.098987,0.268693,14,3,2
202100046735,118Â 233,A01,10,3,1,2,0,-1,-1,3,3,1,2021,13.0,1,2,0,1,3,16,1,,3,AV HENRI DUNANT,0,,2,2,0,1,0,0,1,, -1,1,0,1,50,24,3,2021,08:30,1,91,91027,2,3,1,6,AV HENRI DUNANT,48.710785,2.388383,8,2,1
202100027030,153Â 400,B01,2,2,2,0,1,-1,-1,0,0,-1,2021,25.0,1,2,0,2,1,1,3,,3,935,-1,D,2,2,0,1,9,0,1,, -1,1,0,1,80,26,7,2021,12:35,1,60,60408,1,2,0,3,D935,49.480171,2.749103,12,3,2
202100029797,148Â 528,B01,3,2,1,9,1,8,-1,0,0,-1,2021,8.0,3,2,0,2,4,1,1,,4,GRABIEUX (QUAI DU),0,,3,2,0,1,0,0,1,, -1,2,0,1,50,7,7,2021,23:50,5,30,30007,2,1,0,2,GRABIEUX (QUAI DU),44.14026,4.08757,23,3,2
202100054115,105Â 018,B01,1,1,1,0,2,6,-1,-1, -1,-1,2021,24.0,1,1,0,2,1,2,1,,3,MEHUL (1/37. 2/24),0,,2,2,0,2,0,1,1,, -1,1,0,1,50,22,1,2021,14:43,1,93,93055,2,2,0,3,MEHUL (1/37. 2/24),48.8891480797,2.4101451945,14,2,2
202100023324,159Â 924,B01,1,1,1,1,2,8,-1,-1, -1,-1,2021,39.0,2,1,0,2,1,1,0,,3,JEAN MOULIN (AVENUE),0,,2,2,1,2,1,0,1,, -1,1,0,1,30,20,8,2021,09:15,1,93,93048,2,3,0,3,Avenue Jean Moulin / Rue GalilÃ©e,48.8597,2.4503,9,2,2
202100025149,156Â 703,B01,4,2,2,5,1,0,-1,0,0,-1,2021,63.0,3,2,0,2,4,23,1,,4,QUAI DE LA RAPEE,0,,1,6,0,2,(1),(1),1,, -1,2,0,1,50,7,8,2021,13:15,1,75,75112,2,1,0,2,QUAI DE LA RAPEE,48.842584,2.371567,13,3,2
202100038842,132Â 198,A01,1,1,1,0,8,-1,-1,0,0,-1,2021,29.0,2,5,8,0,1,14,1,,3,9,-1,,2,2,0,1,0,950,2,, -1,2,0,3,50,23,5,2021,06:00,3,973,97311,1,1,0,7,Route de Mana,5.496985,-53.971581,6,2,1