Num_Acc,id_vehicule,num_veh,place,catu,sexe,trajet,secu1,secu2,secu3,locp,actp,etatp,year_acc,victim_age,senc,catv,obs,obsm,choc,manv,motor,occutc,catr,voie,v1,v2,circ,nbv,vosp,prof,pr,pr1,plan,lartpc,larrout,surf,infra,situ,vma,jour,mois,an,hrmn,lum,dep,com,agg_,int,atm,col,adr,lat,long,hour,nb_victim,nb_vehicules
202100015589,173Â 816,A01,1,1,1,4,2,6,-1,-1, -1,-1,2021,43.0,2,1,0,2,8,7,1,,4,BD ALFRED DANEY,0,,3,4,3,1,(1),(1),1,, -1,1,0,6,50,1,10,2021,19:50,5,33,33063,2,1,0,3,Boulevard Alfred Daney,44.86786,-0.57137,19,2,2
202100022169,162Â 019,A01,1,1,1,5,2,6,-1,0,0,-1,2021,18.0,3,1,0,0,0,1,1,,4,578,-1,D,2,2,0,2,(1),(1),1,, -1,1,0,1,80,29,8,2021,08:30,1,7,7290,1,1,0,7,Chemin du Gayte,44.95141,4.494357,8,1,1
202100039043,131Â 849,B01,1,1,1,1,2,6,-1,-1, -1,-1,2021,27.0,2,1,0,2,1,3,1,,2,104,0,,-1,3,0,1,36,400,1,, -1,1,0,1,70,21,5,2021,17:30,1,91,91340,1,1,0,3,RN 104,48.6091,2.43945,17,2,2
202100024584,157Â 715,A01,1,1,1,1,1,-1,-1,0,0,-1,2021,48.0,1,2,3,0,1,2,1,,1,7,0,,3,5,0,1,59,650,1,, -1,2,0,3,130,1,5,2021,18:50,1,26,26250,1,1,1,6,A7 Pk 059.700,45.026738,4.874861,18,1,1
202100013537,177Â 528,B01,1,1,1,0,1,0,-1,-1, -1,-1,2021,72.0,3,2,0,2,3,12,1,,4,FRANCE LIBRE  AVENUE DE LA,0,,-1,2,0,1,(1),(1),1,, -1,1,5,1,30,13,10,2021,10:55,1,29,29232,2,6,0,3,Avenue de la France Libre,48.00596,-4.09723,10,2,2
202100050616,111Â 216,A01,1,1,1,5,2,-1,-1,0,0,-1,2021,67.0,1,1,0,0,0,16,5,,7,6,-1,,2,2,0,2,79,100,3,, -1,8,0,1,90,23,2,2021,09:00,1,42,42320,1,1,0,7,Route de Saint Romain,45.551353,4.517848,9,1,1
202100031909,144Â 715,A01,10,3,1,2,0,-1,-1,3,3,2,2021,5.0,1,2,15,0,1,24,1,,4,VINCENT BUREAU (R),0,,2,1,0,1,1,0,1,, -1,1,0,4,50,28,6,2021,12:10,1,94,94074,2,1,0,6,Rue Vincent Bureau,48.7397386579,2.4605727196,12,2,1
202100022593,161Â 231,A01,1,1,1,0,2,8,-1,-1, -1,-1,2021,33.0,1,1,0,2,6,1,1,,3,RD 41 (ROCADE),0,,1,2,0,1,3,500,1,, -1,1,0,1,60,25,8,2021,12:40,1,972,97209,1,1,0,2,RD 41 (ROCADE),14.61177,-61.06998,12,2,2
202100011166,181Â 772,A01,1,1,1,4,2,7,-1,0,0,-1,2021,37.0,2,1,0,2,8,1,1,,3,338,-1,,1,4,0,2,52,120,1,, -1,2,0,1,70,25,10,2021,17:45,1,72,72065,1,1,1,3,RD338,48.03457,0.17728,17,2,2
202100016868,171Â 470,A01,2,2,1,5,1,8,-1,-1, -1,-1,2021,25.0,1,2,8,0,2,14,1,,4,EUROPE (PONT DE L ),0,,2,2,1,2,0,0,2,, -1,1,2,3,50,23,9,2021,04:55,5,67,67482,2,1,0,6,EUROPE (PONT DE L ),48.5732,7.799744,4,2,1
202100017023,171Â 189,A01,1,1,1,1,2,6,-1,0,0,-1,2021,26.0,2,1,0,2,3,2,1,,4,AVENUE DE FLANDRE,0,,3,3,0,1,(1),(1),1,, -1,1,0,1,30,25,9,2021,17:15,1,75,75119,2,3,0,2,AVENUE DE FLANDRE,48.885808,2.37067,17,2,2
202100055322,102Â 942,Z01,10,3,1,9,0,-1,-1,3,3,1,2021,47.0,3,2,1,1,1,1,1,,4,,0,,2,2,0,1,(1),(1),1,, -1,1,0,1,50,12,1,2021,12:50,1,34,34172,2,3,0,6,SAINT CLEMENT (AVENUE),43.616919,3.84624,12,3,2
202100036979,135Â 599,A01,1,1,1,5,2,8,-1,-1, -1,-1,2021,36.0,1,6,0,2,0,13,1,,4,SALLUSTE (RUE),0,,2,2,0,1,0,0,3,, -1,1,0,1,50,29,5,2021,18:50,1,67,67482,2,1,0,3,SALLUSTE (RUE),48.5830690664,7.695657846,18,2,2
202100042410,125Â 821,A01,1,1,2,1,1,-1,-1,0,0,-1,2021,46.0,1,2,3,2,7,13,1,,3,940,-1,,2,2,0,2,40,160,2,, -1,2,0,1,90,28,4,2021,08:35,1,19,19101,1,9,1,1,lieu dit marvialle,45.241173,1.772447,8,2,2
202100013432,177Â 724,A01,1,1,1,4,2,6,-1,0,0,-1,2021,58.0,1,1,14,0,1,1,1,,2,1,-1,A,2,2,2,1,56,900,3,, -1,1,9,8,80,13,10,2021,12:45,1,974,97413,1,1,0,5,Pointe au Sel les Bas,-21.199209,55.284598,12,1,1
202100035518,138Â 223,B01,2,2,2,0,2,0,-1,-1, -1,-1,2021,5.0,1,1,0,2,7,26,0,,4,JULES CANTINI (AVENUE),0,,1,2,0,1,(1),(1),1,, -1,1,0,1,50,9,6,2021,18:00,1,13,13208,2,1,0,3,JULES CANTINI (AVENUE),43.2828908524,5.3892633319,18,3,2
202100003128,196Â 174,B01,10,3,1,-1,0,-1,-1,2,3,1,2021,55.0,1,2,0,2,9,23,1,,2,RD1250 (BONNEVAL - LA HUME) - Z.A.,0,,2,2,0,1,40,800,3,, -1,1,0,1,80,13,12,2021,16:20,2,33,33529,1,6,0,2,RD1250 (BONNEVAL - LA HUME) - Z.A.,44.61857,-1.1255,16,3,2
202100002117,198Â 011,A01,2,1,1,1,1,5,-1,-1, -1,-1,2021,67.0,3,5,0,2,7,1,1,,4,BOIS DE NEFLES (ROUTE DE),0,,2,2,0,1,0,0,1,, -1,1,9,1,30,19,12,2021,19:00,3,974,97411,2,2,0,3,BOIS DE NEFLES (ROUTE DE),-20.89396,55.47847,19,2,2
202100046475,118Â 714,B01,2,2,2,0,1,-1,-1,-1, -1,-1,2021,57.0,2,2,5,2,8,1,1,,1,AUTOROUTE A 10,0,,3,6,0,1,541,700,1,, -1,1,0,1,110,27,3,2021,11:00,1,33,33397,1,1,0,3,AUTOROUTE A 10,44.893971,-0.498595,11,3,2
202100042877,125Â 026,A01,10,3,1,0,0,-1,-1,1,3,1,2021,33.0,2,2,0,1,0,1,1,,4,BASSEE (RUE DE LA),0,,2,2,0,1,(1),(1),1,, -1,1,0,1,50,21,4,2021,14:45,1,37,37261,2,1,1,6,BASSEE (RUE DE LA),47.4232327411,0.6816372872,14,3,1
202100044919,121Â 433,A01,10,3,2,0,0,-1,-1,3,3,-1,2021,24.0,1,2,0,1,1,1,1,,3,MAIN (BOULEVARD) 48 A 72 et CHAMOISERIE,0,,2,5,1,1,75,363,1,,10,1,2,1,50,6,4,2021,12:50,1,79,79191,2,1,0,7,,46.32473,-0.46797,12,2,1
202100051216,110Â 129,C01,2,2,2,3,1,-1,-1,0,0,-1,2021,73.0,2,2,0,2,3,1,1,,2,30,-1,,2,2,0,1,4,700,1,, -1,1,0,1,70,17,2,2021,12:30,1,202,202050,1,1,0,-1,route territoriale 30,42.555269,8.791624,12,4,3
202100020646,164Â 724,A01,1,1,1,4,1,-1,-1,0,0,-1,2021,18.0,1,4,0,2,3,13,1,,3,923,0,D,2,2,0,1,11,838,3,, -1,1,0,1,70,6,9,2021,14:00,1,44,44096,1,1,0,1,D923,47.414313,-1.189372,14,2,2
202100037411,134Â 793,A01,1,1,1,0,2,6,-1,-1, -1,-1,2021,26.0,3,1,12,0,2,1,1,,4,BOUCLE (DE LA)                      (MO),0,,1,2,1,2,(1),(1),2,, -1,1,0,5,50,30,5,2021,22:15,5,69,69034,2,1,0,7,BOUCLE (DE LA)                      (MO),45.78284,4.83699,22,1,1
202100031380,145Â 658,A01,1,1,1,3,1,-1,-1,0,0,-1,2021,38.0,2,2,13,0,0,1,1,,3,140,-1,,2,2,1,1,10,130,2,, -1,1,0,3,90,2,7,2021,22:00,2,37,37156,1,1,0,6,D140,47.3668376339,0.8421957814,22,1,1
202100045806,119Â 878,B01,1,1,1,5,2,0,-1,-1, -1,-1,2021,78.0,1,1,0,2,0,0,0,,3,GAMBETTA (AV),0,,3,12,0,1,(1),(1),1,, -1,1,0,1,30,31,3,2021,09:30,1,94,94022,2,2,0,3,Rue Rouget de Lisle,48.7629303844,2.403707656,9,2,2
202100053476,106Â 126,A01,1,1,2,1,8,0,-1,0,0,-1,2021,36.0,1,0,0,0,0,1,3,,4,AVENUE DU BELVEDERE,0,,2,2,1,2,(1),(1),3,, -1,1,0,1,50,26,1,2021,08:10,2,75,75119,2,1,0,7,AVENUE DU BELVEDERE,48.88035,2.407486,8,1,1
202100027596,152Â 398,A01,1,1,1,0,2,8,-1,-1, -1,-1,2021,35.0,2,1,0,2,1,17,1,,3,909,0,,2,0,0,1,0,0,1,, -1,1,0,1,50,21,7,2021,19:30,1,92,92009,2,1,0,1,ARGENTEUIL ( AVENUE D' ),48.9228487953,2.2763518989,19,2,2
202100005102,192Â 653,B01,1,1,1,9,2,6,-1,0,0,-1,2021,46.0,2,1,0,2,2,1,1,,4,AVENUE DAUMESNIL,0,,2,0,0,1,(1),(1),1,, -1,1,0,1,30,2,12,2021,10:05,1,75,75112,2,3,0,3,AVENUE DAUMESNIL,48.843244,2.383689,10,2,2
202100035804,137Â 709,B01,1,1,1,0,2,-1,-1,0,0,-1,2021,58.0,1,1,0,2,7,3,1,,3,1508,-1,,2,2,0,1,(1),(1),1,, -1,1,0,1,50,9,6,2021,18:00,1,74,74242,2,1,0,3,route d albertville,45.831565,6.175089,18,2,2
202100048767,114Â 597,B01,1,1,1,0,2,6,-1,-1, -1,-1,2021,53.0,2,1,0,2,7,1,1,,1,AUTOROUTE A3,0,,3,6,0,1,6,599,1,, -1,1,0,1,90,9,3,2021,09:00,1,93,93053,1,1,0,3,AUTOROUTE A3,48.89519,2.47119,9,2,2
202100017800,169Â 802,B01,1,1,1,3,1,0,-1,-1, -1,-1,2021,37.0,2,2,0,2,5,15,1,,4,AV PAUL VAILLANT COUTURIER,0,,2,2,0,1,0,100,1,, -1,1,0,1,50,20,9,2021,16:50,1,91,91657,2,2,0,3,AV PAUL VAILLANT COUTURIER,48.69825,2.42541,16,2,2
202100038469,132Â 884,A01,10,3,1,5,0,-1,-1,2,3,3,2021,16.0,1,1,0,1,1,19,1,,3,78,0,F,2,2,0,1,1,85,3,, -1,1,0,1,50,25,5,2021,16:35,1,1,1313,2,1,0,6,195 Route des Marlis,46.258258,6.076351,16,2,1
202100010299,183Â 297,B01,1,1,1,0,0,0,-1,-1, -1,-1,2021,33.0,1,1,0,2,3,26,5,,7,TOURNAI PONT DE,0,,2,5,1,1,(1),(1),1,, -1,2,2,5,50,29,10,2021,16:40,1,59,59350,2,1,0,3,TOURNAI PONT DE,50.62194,3.08852,16,2,2
202100043146,124Â 551,A01,1,1,2,5,1,8,-1,-1, -1,-1,2021,54.0,1,2,0,2,1,1,1,,3,18 JUIN 1940 DU,0,,2,2,0,1,10,50,1,, -1,1,0,1,70,21,4,2021,18:00,1,64,64284,2,1,0,2,18 JUIN 1940 DU,43.2915,-0.4055,18,2,2
202100038954,132Â 007,A01,1,1,1,5,2,6,-1,0,0,-1,2021,27.0,2,1,0,0,7,3,1,,4,PORTE D IVRY,0,,1,4,0,1,0,900,1,, -1,1,0,1,70,21,5,2021,08:45,1,75,75113,2,1,0,7,PORTE D IVRY,48.822313,2.380376,8,1,1
202100049542,113Â 202,B01,1,1,2,9,1,0,-1,-1, -1,-1,2021,36.0,1,2,0,2,5,1,1,,4,EMILE DESPREZ,0,,2,1,0,1,0,0,1,, -1,1,0,1,30,28,2,2021,01:18,5,93,93029,2,3,0,3,CASTELNAU (AVENUE),48.92916,2.45822,1,2,2
202100030395,147Â 436,A01,1,1,1,5,0,-1,-1,0,0,-1,2021,60.0,1,1,0,0,8,1,5,,3,JAURES JEAN (AVENUE),0,,2,2,0,1,18,600,1,, -1,1,0,3,70,5,7,2021,14:15,1,12,12305,1,1,0,7,JAURES JEAN (AVENUE),44.54877,2.21774,14,1,1
202100017287,170Â 751,A01,1,1,1,0,1,-1,-1,0,0,-1,2021,31.0,2,2,13,0,8,17,1,,1,48,-1,,1,4,0,1,70,500,3,, -1,1,0,3,130,25,9,2021,09:30,1,38,38331,1,1,0,7,Autoroute A48 + PR 070+500,45.356126,5.522518,9,2,1
202100031126,146Â 105,Z01,10,3,1,5,0,-1,-1,2,1,1,2021,12.0,2,2,0,1,1,1,1,,4,LECLERC (BD DU MAL) DU 01 ET +,0,,2,3,0,1,(1),(1),1,, -1,1,0,1,50,2,7,2021,10:15,1,33,33009,2,1,0,6,Boulevard du GÃ©nÃ©ral Leclerc,44.65985,-1.16627,10,2,1
202100003994,194Â 609,B01,1,1,1,0,2,-1,-1,0,0,-1,2021,47.0,0,1,0,2,1,1,5,,4,HAUTE DES TANNEURS (RUE),0,,1,1,0,1,(1),(1),1,, -1,1,0,1,50,7,12,2021,12:05,1,80,80021,2,2,0,3,HAUTE DES TANNEURS (RUE),49.8967,2.29786,12,2,2
202100047339,117Â 148,A01,10,3,2,9,0,-1,-1,3,3,2,2021,79.0,1,2,0,1,1,26,1,,4,ESTAING (RUE D'),0,,2,2,0,1,(1),(1),1,, -1,1,0,1,50,17,3,2021,07:45,1,63,63113,2,1,0,6,Lucie et Raymond Aubrac (Rue),45.78448,3.1098,7,3,1
202100037056,135Â 463,B01,1,1,2,9,8,0,-1,0,0,-1,2021,28.0,0,1,0,2,7,19,5,,4,PLACE DE LA REPUBLIQUE,0,,2,4,0,1,(1),(1),1,, -1,1,0,1,50,31,5,2021,21:35,5,75,75103,2,7,0,3,PLACE DE LA REPUBLIQUE,48.867149,2.363725,21,2,2
202100009022,185Â 587,A01,1,1,1,5,1,-1,-1,0,0,-1,2021,44.0,1,2,0,2,4,1,1,,1,709,0,A,1,4,0,1,6,550,1,, -1,1,0,1,90,7,11,2021,20:50,3,34,34240,1,1,0,2,A709,43.631175,3.967953,20,2,2
202100054457,104Â 420,A01,1,1,1,0,2,6,-1,-1, -1,-1,2021,27.0,1,1,0,2,1,17,1,,7,AVENUE DE LA PATROUILLE DE FRANCE-RN 538,0,,2,3,0,1,14,100,1,, -1,1,5,1,50,19,1,2021,17:30,2,13,13103,2,2,0,3,AVENUE DE LA PATROUILLE DE FRANCE-RN 538,43.6223220134,5.0990885496,17,2,2
202100010988,182Â 087,A01,1,1,1,0,1,-1,-1,0,0,-1,2021,50.0,3,5,0,0,2,0,0,,4,1,0,C,2,2,0,1,1,200,2,, -1,1,0,3,80,26,10,2021,08:15,2,16,16414,1,1,0,7,voie communale,45.85203,0.10996,8,1,1
202100021904,162Â 475,A01,2,2,2,0,1,0,-1,-1, -1,-1,2021,0.0,2,2,0,2,4,2,1,,1,AUTOROUTE A3,0,,3,8,0,1,1,399,1,, -1,1,1,1,70,30,8,2021,17:20,1,93,93006,1,1,0,2,AUTOROUTE A3,48.86931,2.4291,17,3,2
202100027195,153Â 107,A01,1,1,1,5,2,0,-1,-1,0,-1,2021,25.0,3,1,15,0,1,13,1,,4,PONTOISE(CHEMIN DE),0,,2,1,0,1,(1),(1),1,, -1,1,0,4,50,23,7,2021,19:12,1,95,95306,2,1,0,6,PONTOISE(CHEMIN DE),49.0124662116,2.1405637264,19,1,1
202100054794,103Â 852,A01,1,1,1,4,1,0,-1,-1, -1,-1,2021,35.0,3,3,0,2,1,2,1,1.0,4,SALVADOR ALLENDE (AVENUE),0,,1,1,0,1,0,0,1,, -1,5,0,1,50,16,1,2021,14:15,1,93,93071,2,1,1,2,SALVADOR ALLENDE (AVENUE),48.94847,2.53075,14,2,2
202100012537,179Â 304,B01,1,1,1,0,2,6,9,0,0,-1,2021,54.0,1,1,0,2,1,1,1,,3,28,-1,D,-1,2,0,1,1,442,1,, -1,1,0,1,50,27,8,2021,18:50,1,38,38001,1,1,0,1,1536 Rte de Saint Geoire En Valdaine,45.498974,5.607054,18,2,2
202100036426,136Â 597,B01,1,1,2,0,8,0,-1,-1, -1,-1,2021,26.0,3,1,0,2,3,19,5,,4,RUE MAURICE DODERO,0,,2,2,0,1,(1),(1),2,, -1,1,0,1,30,4,6,2021,17:20,1,38,38185,2,3,0,1,RUE MAURICE DODERO,45.16468,5.73047,17,2,2
202100050651,111Â 149,A01,1,1,2,0,1,0,-1,-1, -1,-1,2021,30.0,2,2,0,2,1,2,1,,1,AUTOROUTE A21,0,,3,4,0,1,27,100,1,, -1,1,0,1,110,19,2,2021,18:45,3,59,59234,1,1,0,2,AUTOROUTE A21,50.40285,3.057419,18,2,2
202100042117,126Â 345,A01,10,3,1,3,0,-1,-1,1,3,1,2021,86.0,1,2,0,1,2,15,1,,4,,0,,2,2,0,1,(1),(1),1,, -1,1,0,1,50,29,4,2021,16:00,1,21,21515,2,3,0,6,Rue du Commerce,47.308892,5.0983,16,2,1
202100049223,113Â 768,A01,4,2,1,0,8,0,-1,-1, -1,-1,2021,20.0,2,2,8,0,2,14,1,,3,PERRIN (SECTEUR),0,,2,2,0,1,(1),(1),1,, -1,1,0,3,80,28,2,2021,02:00,5,971,97101,1,1,0,6,PERRIN (SECTEUR),16.2946,-61.51138,2,3,1
202100039480,131Â 037,A01,2,2,2,9,2,6,-1,0,0,-1,2021,54.0,2,1,0,2,1,1,1,,4,RUE DE CASTIGLIONE,0,,1,1,0,1,(1),(1),1,, -1,1,0,1,50,17,5,2021,10:00,1,75,75101,2,2,0,3,RUE DE CASTIGLIONE,48.86593,2.327891,10,3,2
202100014976,174Â 934,A01,1,1,2,1,2,6,-1,-1, -1,-1,2021,21.0,1,1,0,0,0,21,1,,4,BELLAC (RUE DE),0,,2,2,0,1,0,0,1,, -1,2,0,1,50,5,10,2021,12:39,1,87,87085,2,1,0,7,BELLAC (RUE DE),45.84596,1.24559,12,1,1
202100020906,164Â 281,A01,1,1,1,5,1,-1,-1,0,0,-1,2021,71.0,2,2,13,0,1,1,1,,3,8.6,-1,,2,2,0,2,1,200,2,, -1,1,0,3,80,5,9,2021,15:15,1,42,42017,1,1,0,6,D8.6,45.3717,4.545915,15,2,1
202100031914,144Â 706,B01,1,1,1,5,8,0,-1,-1, -1,-1,2021,23.0,3,2,0,2,6,15,1,,4,HUCAILLES (RUE DES),0,,1,1,0,1,0,0,1,, -1,1,0,1,50,27,6,2021,23:26,5,93,93072,2,1,0,3,HUCAILLES (RUE DES),48.963549,2.381975,23,2,2
202100029646,148Â 797,A01,1,1,1,5,2,6,-1,0,0,-1,2021,35.0,1,1,6,2,7,1,1,,3,430,-1,,2,2,0,2,23,600,3,, -1,2,0,1,80,11,7,2021,11:00,1,68,68178,1,1,0,5,D430,47.937536,7.098144,11,3,3
202100054802,103Â 837,A01,1,1,2,1,1,-1,-1,0,0,-1,2021,52.0,2,2,13,2,3,26,1,,3,855,-1,,3,2,0,2,6,650,1,, -1,5,0,1,80,15,1,2021,11:55,1,57,57361,1,1,1,1,Route DÃ©partementale 855,49.397848,6.381576,11,2,2
202100017042,171Â 162,A01,10,3,1,1,0,-1,-1,4,3,1,2021,55.0,1,2,0,1,1,15,1,,4,BOULEVARD DE PORT ROYAL,0,,2,6,0,1,(1),(1),1,, -1,1,0,1,30,25,9,2021,09:05,1,75,75114,2,2,0,6,BOULEVARD DE PORT ROYAL,48.839671,2.336648,9,2,1
202100050737,110Â 993,A01,1,1,1,0,2,8,-1,-1, -1,-1,2021,30.0,1,1,0,2,0,0,0,,4,MONTLHERY (RUE DE),0,,2,2,0,1,0,0,1,, -1,1,0,1,50,17,2,2021,15:00,1,91,91434,2,1,0,2,MONTLHERY (RUE DE),48.661063,2.344496,15,2,2
202100002999,196Â 416,A01,1,1,1,0,2,6,-1,0,0,-1,2021,25.0,1,1,0,2,1,17,1,,3,58,0,D,2,2,0,1,59,1025,1,, -1,1,0,1,80,16,12,2021,07:35,2,44,44005,1,9,0,1,Le Bois Hamon,47.186242,-1.974792,7,2,2
202100018463,168Â 626,B01,1,1,1,5,2,-1,-1,0,0,-1,2021,27.0,1,1,0,2,1,1,1,,3,25,-1,,2,2,0,1,0,530,1,, -1,1,0,1,70,17,9,2021,15:30,1,39,39470,1,1,0,1,,46.505928,6.028674,15,2,2
202100051414,109Â 788,A01,1,1,2,0,1,-1,-1,-1, -1,-1,2021,38.0,1,2,0,2,1,1,1,,4,MARNE        (Rue de la),0,,1,1,0,1,0,(1),1,, -1,1,0,1,50,14,2,2021,10:30,1,69,69266,2,2,0,3,MARNE (DE LA) (R),45.7524809194,4.9061346521,10,2,2
202100039556,130Â 885,B01,1,1,1,2,0,-1,-1,-1, -1,-1,2021,15.0,1,1,0,2,1,25,3,,4,PROFESSEUR PAUL SISLEY (DU)         (R ),0,,1,1,1,1,(1),(1),1,, -1,2,0,4,50,17,5,2021,14:15,1,69,69383,2,1,1,3,PROFESSEUR PAUL SISLEY (DU) (R),45.75028,4.86852,14,2,2
202100026870,153Â 691,B01,1,1,1,0,8,0,-1,-1, -1,-1,2021,26.0,1,1,0,2,1,1,3,,3,SADI CARNOT,0,,2,2,0,1,0,0,1,, -1,1,0,1,50,26,7,2021,21:55,2,93,93029,2,3,0,3,SADI CARNOT,48.92588,2.44022,21,2,2
202100035300,138Â 607,B01,1,1,1,9,2,0,-1,0,0,-1,2021,20.0,2,1,0,2,1,1,5,,4,RUE D AVRON,0,,2,2,0,1,(1),(1),1,, -1,1,0,1,50,10,6,2021,19:20,1,75,75120,2,1,0,3,RUE D AVRON,48.851992,2.402134,19,2,2
202100013101,178Â 325,A01,10,3,2,5,0,-1,-1,3,3,1,2021,18.0,1,2,0,1,1,1,1,,3,REPUBLIQUE (BOULEVARD DE LA),0,,2,2,0,1,0,140,1,, -1,1,0,1,50,16,10,2021,01:02,5,6,6029,2,1,0,6,REPUBLIQUE (BOULEVARD DE LA),43.553592,7.02501,1,2,1
202100013273,178Â 016,A01,10,3,1,5,0,-1,-1,1,3,1,2021,81.0,2,2,0,1,3,20,1,,4,RUE PROFESSEUR JEAN AURIAC,0,,-1,0,0,1,(1),(1),1,, -1,1,0,8,50,14,10,2021,07:58,2,33,33249,2,1,0,6,RUE PROFESSEUR JEAN AURIAC,44.87573,-0.51865,7,2,1
202100038628,132Â 591,A01,10,3,1,0,0,-1,-1,3,3,1,2021,60.0,1,2,0,1,1,15,1,,4,DUBUISSON (RUE),0,,1,1,0,1,(1),(1),1,, -1,1,0,1,50,23,5,2021,10:05,1,42,42044,2,1,0,6,Rue Dubuisson,45.39737,4.327619,10,2,1
202100006288,190Â 555,B01,1,1,1,2,2,6,-1,0,0,-1,2021,20.0,2,1,0,2,8,1,1,,4,AVENUE KLEBER,0,,2,3,3,1,(1),(1),1,, -1,1,0,1,30,24,11,2021,13:30,1,75,75116,2,3,1,3,AVENUE KLEBER,48.86781,2.290713,13,2,2
202100049039,114Â 100,A01,1,1,1,1,1,0,-1,-1, -1,-1,2021,28.0,1,2,0,2,2,14,1,,1,AUTOROUTE A86,0,,3,6,0,3,26,899,1,, -1,1,0,1,90,6,3,2021,06:45,3,93,93064,1,1,0,3,AUTOROUTE A86,48.87787,2.47746,6,2,2
202100054026,105Â 174,B01,1,1,1,1,1,0,-1,-1, -1,-1,2021,43.0,1,2,0,2,8,1,1,,7,95,0,,1,2,0,1,2,300,1,, -1,2,0,1,50,22,1,2021,16:49,2,69,69259,2,2,1,3,PAUL BERT (R),45.70053,4.88774,16,3,2
202100001504,199Â 104,A01,1,1,1,1,1,0,-1,-1, -1,-1,2021,59.0,3,2,0,2,7,1,1,,3,LOUIS BLANC (AV),0,,2,2,0,1,0,0,1,, -1,1,0,1,30,23,12,2021,18:40,5,94,94068,2,2,0,3,LOUIS BLANC (AV),48.79208,2.49715,18,2,2
202100018120,169Â 227,B01,2,2,1,0,2,6,-1,-1, -1,-1,2021,51.0,3,1,0,2,8,1,1,,2,SAMPIERO CORSO - AV,0,,3,4,0,1,1,0,1,, -1,1,0,1,70,18,9,2021,18:25,1,202,202033,2,1,0,3,SAMPIERO CORSO - AV,42.667,9.44282,18,6,2
202100004096,194Â 418,B01,1,1,1,4,2,6,-1,0,0,-1,2021,57.0,2,1,0,2,1,21,1,,4,,0,,1,3,0,1,(1),(1),1,, -1,1,0,1,50,7,12,2021,12:40,1,6,6088,2,1,0,2,ANGLAIS (DU NÂ° 265 AU NÂ° 350),43.67932,7.23034,12,2,2
202100009999,183Â 825,B01,1,1,1,0,2,8,-1,-1, -1,-1,2021,47.0,2,1,0,2,1,17,1,,2,PALAIS ROYAL,0,,2,2,0,1,(1),(1),2,, -1,1,0,1,70,31,10,2021,19:50,3,971,97101,1,3,0,3,PALAIS ROYAL,16.2996,-61.49117,19,2,2
202100007200,188Â 884,A01,1,1,1,5,2,6,-1,-1, -1,-1,2021,15.0,2,1,0,2,2,17,1,,4,GASTON CAMBOT,0,,2,2,0,1,0,0,1,, -1,1,0,1,50,19,11,2021,19:15,5,64,64284,2,3,0,3,GASTON CAMBOT,43.29043,-0.39402,19,2,2
202100032064,144Â 435,A01,1,1,2,1,1,-1,-1,-1, -1,-1,2021,28.0,2,2,4,0,8,12,1,,1,AUTOROUTE A3,0,,3,12,0,1,17,500,1,, -1,2,0,1,90,27,6,2021,07:40,1,95,95277,1,1,1,6,AUTOROUTE A3,48.98419,2.50218,7,1,1
202100053667,105Â 806,A01,10,3,1,1,0,-1,-1,6,A,1,2021,48.0,1,2,0,1,2,1,1,,3,806,-1,,2,2,0,2,88,700,2,, -1,7,0,3,90,27,1,2021,07:20,2,48,48042,1,1,0,6,"PK 88+700, RD 806",44.57917,3.496302,7,2,1
202100046929,117Â 889,A01,10,3,1,2,0,-1,-1,3,3,1,2021,18.0,3,2,0,1,1,15,1,,3,MENDES FRANCE (AVENUE PIERRE),0,,2,2,0,1,(1),(1),1,, -1,1,0,1,50,23,3,2021,12:30,1,27,27681,2,2,0,6,MADELEINE (RUE DE LA),49.08949,1.4823,12,2,1
202100031151,146Â 051,B01,1,1,2,1,8,0,-1,-1, -1,-1,2021,57.0,3,1,0,2,1,2,3,,4,DENFERT-ROCHEREAU   AVENUE (15),0,,1,2,1,2,(1),(1),2,, -1,1,0,5,50,2,7,2021,08:20,1,17,17300,2,6,0,3,DENFERT-ROCHEREAU   AVENUE (15),46.1656,-1.1883,8,2,2
202100017870,169Â 678,A01,2,2,1,0,1,0,0,0,0,-1,2021,18.0,2,0,8,0,2,26,0,,4,CANNES (ROUTE DE)  -RD 6085-,0,,2,2,0,1,0,0,1,, -1,1,0,1,50,20,9,2021,01:49,5,6,6069,2,1,0,6,CANNES (ROUTE DE)  -RD 6085-,43.63836,6.95056,1,2,1
202100013895,176Â 863,B01,1,1,1,9,2,6,-1,0,0,-1,2021,16.0,3,1,0,2,1,1,1,,4,AVENUE DE NOGENT,0,,2,6,1,1,(1),(1),3,, -1,1,0,1,50,11,10,2021,00:30,5,75,75112,2,2,0,3,AVENUE DE NOGENT,48.842104,2.449033,0,2,2
202100019079,167Â 541,A01,1,1,1,5,1,-1,-1,0,0,-1,2021,31.0,2,2,0,0,1,26,1,,7,,-1,,2,2,0,1,0,800,1,,4,1,5,1,30,13,9,2021,18:00,1,34,34327,2,6,0,3,Rue de la Monnaie,43.66006,3.970104,18,2,2
202100012824,178Â 796,A01,1,1,1,5,8,-1,-1,-1, -1,-1,2021,19.0,3,2,8,2,3,9,1,,7,REPUBLIQUE (DE)                     (R ),0,,1,2,0,1,0,1,2,, -1,1,9,1,50,16,10,2021,05:40,5,69,69282,2,9,0,3,REPUBLIQUE (DE) (R),45.7601,5.031,5,2,2