Num_Acc,id_vehicule,num_veh,place,catu,sexe,trajet,secu1,secu2,secu3,locp,actp,etatp,year_acc,victim_age,senc,catv,obs,obsm,choc,manv,motor,occutc,catr,voie,v1,v2,circ,nbv,vosp,prof,pr,pr1,plan,lartpc,larrout,surf,infra,situ,vma,jour,mois,an,hrmn,lum,dep,com,agg_,int,atm,col,adr,lat,long,hour,nb_victim,nb_vehicules
202100018380,168Â 769,B01,1,1,1,0,2,6,-1,-1, -1,-1,2021,35.0,0,1,0,2,1,1,1,,4,ROSE (AVENUE DE LA),0,,-1,4,0,1,0,0,1,, -1,1,0,1,50,17,9,2021,14:30,1,13,13213,2,1,0,3,ROSE (AVENUE DE LA),43.3266836674,5.4225641386,14,2,2
202100051406,109Â 799,B01,1,1,2,0,1,-1,-1,0,0,-1,2021,19.0,0,2,0,2,4,1,1,,4,TERRAL (RUE),0,,2,2,0,1,(1),(1),3,, -1,1,0,1,50,11,2,2021,10:35,1,80,80021,2,1,0,2,TERRAL (RUE),49.90863,2.29162,10,2,2
202100046039,119Â 465,A01,1,1,1,0,8,-1,-1,0,0,-1,2021,23.0,2,2,8,0,8,19,1,,3,159,-1,,2,2,0,2,0,617,3,, -1,1,0,3,50,28,3,2021,19:30,5,72,72264,2,9,0,6,Rue des Jumeaux,47.830984,-0.325583,19,1,1
202100013690,177Â 231,B01,1,1,1,9,2,6,-1,0,0,-1,2021,49.0,2,1,0,2,2,3,1,,4,AVENUE LEDRU ROLLIN,0,,2,2,0,1,(1),(1),1,, -1,1,0,1,30,12,10,2021,08:40,1,75,75112,2,1,0,3,AVENUE LEDRU ROLLIN,48.84934,2.373801,8,2,2
202100044617,121Â 968,A01,1,1,1,5,2,0,-1,-1, -1,-1,2021,33.0,2,1,0,2,1,1,1,,3,GENERAL LECLERC (AV.) (1 A 55BIS - 2 A 4,0,,1,2,1,3,0,0,1,, -1,2,0,1,50,9,4,2021,20:35,5,92,92014,2,2,1,3,GENERAL LECLERC (AV.) (1 A 55BIS - 2 A 4,48.7842501022,2.3172459487,20,2,2
202100051610,109Â 437,B01,1,1,1,5,1,0,-1,-1, -1,-1,2021,61.0,2,2,9,2,2,1,1,,3,LIBERATION (PLACE DE LA),0,,4,5,0,1,0,0,1,, -1,1,0,1,50,13,2,2021,15:50,1,92,92014,2,7,0,3,LIBERATION (PLACE DE LA),48.77681,2.31426,15,3,2
202100006700,189Â 807,A01,1,1,2,0,1,0,-1,-1, -1,-1,2021,42.0,0,2,0,2,4,9,1,,4,SAINT JUST (AVENUE DE),0,,2,2,0,1,0,0,1,, -1,1,0,1,50,22,11,2021,16:30,1,13,13213,2,3,0,2,SAINT JUST (AVENUE DE),43.31737,5.40566,16,2,2
202100051203,110Â 150,A01,1,1,1,5,2,0,-1,-1, -1,-1,2021,41.0,1,1,0,0,1,19,3,,3,LUCIEN LANTERNIER (AVENUE) (1/17),0,,2,2,0,1,0,0,1,, -1,1,0,1,50,17,2,2021,15:47,1,92,92036,2,1,0,7,LUCIEN LANTERNIER (AVENUE) (1/17),48.9326554434,2.2922544585,15,1,1
202100004475,193Â 770,A01,2,2,1,1,1,-1,-1,-1, -1,-1,2021,26.0,2,5,0,2,1,2,1,,2,ROUTE NATIONALE 89,0,,3,4,0,1,48,973,1,, -1,1,0,1,110,6,12,2021,11:00,1,33,33013,1,1,0,2,Route Nationale 89,44.86716,-0.49045,11,3,2
202100042705,125Â 297,B01,1,1,1,9,2,0,-1,0,0,-1,2021,25.0,2,1,0,2,1,1,5,,4,BOULEVARD VOLTAIRE,0,,2,2,1,1,(1),(1),1,, -1,1,-1,5,50,24,4,2021,19:00,1,75,75111,2,4,0,3,BOULEVARD VOLTAIRE,48.8528225019,2.3884873746,19,2,2
202100044763,121Â 699,A01,10,3,1,5,0,-1,-1,1,3,1,2021,71.0,1,2,0,1,2,1,1,,3,D751,0,,2,2,0,1,85,200,1,, -1,1,0,1,70,8,4,2021,21:30,3,37,37258,1,1,0,6,7 route de Thizay,47.171365,0.137866,21,2,1
202100050402,111Â 602,B01,1,1,1,5,0,-1,-1,0,0,-1,2021,68.0,1,4,0,0,4,1,1,,3,924,-1,,2,2,0,1,50,200,1,, -1,1,0,1,80,24,2,2021,10:37,1,40,40313,1,2,0,2,Route de Saint-sever,43.816585,-0.783548,10,2,2
202100027882,151Â 875,B01,1,1,1,0,1,0,-1,-1, -1,-1,2021,58.0,2,2,0,0,0,0,1,,3,MONTAUBAN (SECTEUR),0,,-1,2,0,1,(1),(1),1,, -1,1,0,1,30,20,7,2021,10:15,1,971,97113,2,3,0,3,MONTAUBAN (SECTEUR),16.20629,-61.49849,10,2,2
202100055789,102Â 144,A01,10,3,2,2,0,-1,-1,3,3,2,2021,42.0,2,2,0,1,3,1,1,,4,LAGRANGE (RUE LEO),0,,2,3,0,1,0,0,1,, -1,1,0,1,50,7,1,2021,16:10,1,50,50602,2,2,0,6,LAGRANGE (RUE LEO),49.63922,-1.58354,16,2,1
202100032634,143Â 433,B01,1,1,1,0,1,0,-1,-1, -1,-1,2021,43.0,3,2,0,2,1,1,1,,2,JAURES (BOULEVARD JEAN),0,,-1,0,0,1,0,0,1,, -1,2,0,8,70,23,6,2021,10:30,1,974,97411,2,1,1,6,JAURES (BOULEVARD JEAN),-20.90003,55.50678,10,2,2
202100035404,138Â 436,B01,1,1,1,0,2,-1,-1,0,0,-1,2021,35.0,1,1,0,0,1,13,1,,3,613,0,,2,2,0,1,44,279,1,, -1,1,0,1,80,11,6,2021,16:50,1,34,34113,1,1,0,2,RD613,43.507931,3.720036,16,2,2
202100051793,109Â 119,A01,1,1,2,0,1,0,-1,0,0,-1,2021,33.0,1,2,0,2,1,13,1,,4,SCARPONE (BD DE),0,,2,4,3,1,(1),(1),1,, -1,1,0,1,50,11,2,2021,16:35,1,54,54395,2,1,0,3,SCARPONE (BD DE),48.7051513625,6.1626528203,16,3,2
202100030064,148Â 046,B01,1,1,1,0,2,6,-1,0,0,-1,2021,24.0,1,1,0,2,1,1,1,,3,132,0,,2,2,0,1,5,0,4,, -1,1,0,1,80,9,7,2021,18:00,1,67,67437,1,3,0,2,Route dÃ©partementale 132,48.733394,7.341292,18,3,2
202100056208,101Â 423,A01,1,1,2,0,1,-1,-1,0,0,-1,2021,36.0,1,2,1,0,1,5,1,,3,619,0,,2,2,0,1,27,800,1,, -1,2,0,6,70,6,1,2021,08:00,2,10,10220,1,1,0,6,D619,48.503057,3.769813,8,1,1
202100047071,117Â 631,B01,1,1,2,5,1,-1,-1,0,0,-1,2021,67.0,1,2,0,2,8,1,1,,3,83,-1,,2,2,0,1,37,900,1,, -1,1,0,1,80,22,3,2021,17:15,1,86,86285,1,2,0,3,D13,46.413245,0.628538,17,2,2
202100010089,183Â 669,A01,10,3,2,5,0,-1,-1,1,1,2,2021,66.0,1,2,0,1,2,2,1,,3,38,0,D,2,2,2,1,41,500,1,, -1,2,9,1,70,31,10,2021,17:00,1,85,85234,2,1,0,6,200 Route de Notre-Dame-de-Monts,46.806952,-2.100674,17,4,1
202100026748,153Â 910,B01,1,1,1,1,2,6,-1,0,0,-1,2021,16.0,1,1,0,2,1,1,1,,2,,-1,,2,-1,-1,-1,(1),(1),-1,, -1,-1,3,-1,-1,27,7,2021,08:50,1,28,28374,1,2,1,3,Intersection RD26 et RN154,48.60627,1.419811,8,2,2
202100035519,138Â 222,B01,1,1,1,0,8,0,-1,-1, -1,-1,2021,46.0,2,1,0,2,3,17,1,,7,CROIX ROUGE (AVENUE),0,,2,2,0,1,0,0,2,, -1,1,0,1,50,9,6,2021,13:20,1,13,13213,2,1,0,3,CROIX ROUGE (AVENUE),43.3326,5.43564,13,2,2
202100017646,170Â 078,B01,1,1,1,0,2,0,-1,-1, -1,-1,2021,54.0,0,1,0,0,0,0,1,,7,ingres (auguste),0,,2,2,0,1,11,249,1,, -1,1,0,1,50,21,9,2021,12:10,1,31,31149,2,3,0,1,PUJOUANE (CHEMIN DE LA),43.595,1.34818,12,2,2
202100011968,180Â 327,A01,1,1,1,0,2,8,-1,-1, -1,-1,2021,40.0,2,1,0,2,7,17,1,,4,UNIVERSITE CHICAGO (RUE DE),0,,2,2,0,1,(1),(1),1,, -1,1,0,1,50,20,10,2021,08:45,1,973,97302,2,1,0,3,UNIVERSITE CHICAGO (RUE DE),4.9340908883,-52.2991169393,8,2,2
202100012695,179Â 025,B01,1,1,2,0,1,-1,-1,0,0,-1,2021,77.0,2,2,0,0,2,1,1,,3,242,0,,2,2,0,1,5,800,3,,4,1,0,1,80,17,10,2021,11:30,1,47,47146,1,3,0,1,Avenue de Casseneuil,44.43029,0.686147,11,2,2
202100023910,158Â 895,A01,1,1,2,9,1,0,-1,0,0,-1,2021,25.0,1,2,1,0,1,13,1,,4,AVENUE DU MAINE,0,,2,4,0,1,(1),(1),1,, -1,1,0,1,50,15,8,2021,03:30,5,75,75114,2,4,0,6,AVENUE DU MAINE,48.8314608054,2.3253800506,3,1,1
202100034600,139Â 866,A01,10,3,1,5,0,-1,-1,3,3,1,2021,13.0,2,2,0,1,1,1,1,,3,VILLOTE (ALLEES DE),0,,1,2,0,1,0,0,1,, -1,1,0,1,30,12,6,2021,10:00,1,9,9122,2,1,0,7,VILLOTE (ALLEES DE),42.963544,1.60717,10,2,1
202100036033,137Â 279,A01,10,3,2,1,0,-1,-1,1,3,1,2021,60.0,3,2,0,1,1,26,1,,6,,0,,-1,0,0,1,(1),(1),1,,7,1,0,8,-1,7,6,2021,14:15,1,50,50025,2,1,0,6,Avenue du Rocher,48.678621,-1.342049,14,2,1
202100037844,134Â 013,A01,1,1,2,5,1,8,-1,-1, -1,-1,2021,29.0,1,2,1,0,1,1,1,,4,R JULIAN GRIMAU ,0,,2,2,0,1,1,0,1,, -1,1,0,1,50,27,5,2021,23:30,3,94,94081,2,1,0,6,Rue Julian Grimau,48.7778,2.37649,23,1,1
202100011802,180Â 621,A01,10,3,1,5,0,-1,-1,3,3,1,2021,58.0,2,2,0,1,1,16,1,,3,TOURS (ROUTE DE),0,,2,2,0,1,0,0,1,, -1,1,0,1,70,19,10,2021,08:45,1,49,49328,2,1,0,6,TOURS (ROUTE DE),47.26709,-0.06971,8,2,1
202100020733,164Â 569,A01,1,1,1,5,2,6,-1,0,0,-1,2021,22.0,2,1,15,0,1,6,1,,3,8043,0,A,2,2,0,1,27,400,2,, -1,1,5,4,50,5,9,2021,23:30,5,8,8145,2,6,0,7,route nationale,49.672106,5.029217,23,1,1
202100039260,131Â 431,B01,3,2,2,0,1,0,-1,-1, -1,-1,2021,2.0,0,0,0,0,0,0,0,,4,,0,,1,3,3,1,(1),(1),1,, -1,2,0,1,50,19,5,2021,16:40,1,69,69384,2,1,0,4,BIRMINGHAM (DE)                     (AV),45.77456,4.81342,16,6,3
202100026086,155Â 062,A01,1,1,2,1,1,-1,-1,0,0,-1,2021,21.0,2,2,0,2,3,13,1,,7,87,0,D,2,2,0,1,0,700,1,, -1,1,0,1,80,2,8,2021,08:00,1,69,69163,1,1,0,1,D87,45.934916,4.771821,8,3,2
202100014377,176Â 011,B01,1,1,2,0,2,-1,-1,-1, -1,-1,2021,30.0,2,1,0,2,0,1,1,,4,QUAI DE BRAZZA,0,,2,2,0,1,(1),(1),1,, -1,1,0,1,50,8,10,2021,20:00,4,33,33063,2,3,0,1,Quai de Brazza,44.85519,-0.55096,20,2,2
202100037524,134Â 591,A01,1,1,1,5,2,6,-1,0,0,-1,2021,44.0,1,1,0,2,3,13,1,,7,45,0,A,2,2,0,2,5,600,4,, -1,1,0,1,80,22,5,2021,17:30,1,13,13007,1,1,0,3,Route de la Sainte Baume,43.340395,5.652401,17,2,2
202100004823,193Â 161,B01,1,1,1,0,2,6,-1,-1, -1,-1,2021,32.0,1,1,0,2,1,1,1,,3,PARIS (AV DE),0,,2,2,1,1,1,0,1,, -1,2,9,1,50,4,12,2021,07:40,2,94,94080,2,1,1,3,Avenue de Paris,48.8457,2.428,7,2,2
202100053348,106Â 362,A01,10,3,1,3,0,-1,-1,3,3,1,2021,85.0,2,5,0,1,0,1,1,,4,BOULEVARD PEREIRE,0,,1,1,0,1,(1),(1),1,, -1,2,0,1,50,28,1,2021,18:00,5,75,75117,2,2,1,6,BOULEVARD PEREIRE,48.882891,2.293736,18,2,1
202100029906,148Â 346,A01,1,1,1,5,2,6,-1,0,0,-1,2021,25.0,1,1,7,0,1,13,1,,3,,-1,,2,2,0,1,1,407,3,, -1,1,0,3,50,10,7,2021,12:00,1,83,83071,2,1,0,6,Chemin du Pansard,43.123101,6.234612,12,1,1
202100030491,147Â 268,B01,1,1,1,5,0,-1,-1,0,0,-1,2021,14.0,1,1,0,0,0,1,0,,3,537,0,D,2,2,0,1,6,62,3,, -1,3,5,1,50,6,7,2021,16:50,1,44,44209,2,6,0,6,D537,47.331755,-1.617833,16,2,2
202100006467,190Â 238,A01,1,1,1,4,2,6,-1,0,0,-1,2021,27.0,2,1,0,1,1,17,1,,4,RUE DE COURCELLES,0,,2,2,0,1,(1),(1),1,, -1,1,0,1,30,24,11,2021,17:30,3,75,75108,2,5,0,6,RUE DE COURCELLES,48.876382,2.307865,17,2,1
202100036842,135Â 844,B01,1,1,1,9,2,8,-1,0,0,-1,2021,62.0,1,0,0,2,2,1,3,,4,RUE DE REUILLY,0,,2,2,0,1,(1),(1),1,, -1,1,0,1,50,1,6,2021,17:25,1,75,75112,2,1,0,3,RUE DE REUILLY,48.84156,2.393512,17,2,2
202100006946,189Â 353,A01,1,1,2,5,1,0,-1,-1, -1,-1,2021,33.0,2,2,0,2,2,15,1,,2,MARECHAL DE LATTRE DE TASSIGNY (AV),0,,2,2,0,1,1,0,1,, -1,2,0,1,90,21,11,2021,13:00,1,94,94075,2,4,1,3,Avenue du Mal de Lattre de Tassigny,48.72745,2.53112,13,2,2
202100048899,114Â 352,B01,1,1,1,5,0,-1,-1,0,0,-1,2021,65.0,2,1,0,2,1,1,5,,3,5,-1,,2,2,0,2,65,804,1,, -1,1,0,1,80,7,3,2021,16:00,1,13,13011,1,3,0,3,Route DÃ©partementale 5,43.734782,4.821169,16,2,2
202100008672,186Â 237,B01,1,1,2,5,1,0,-1,0,0,-1,2021,49.0,3,2,0,2,2,21,1,,4,TRESQUES (ROUTE DE),0,,2,1,0,1,(1),(1),1,, -1,1,9,1,50,26,8,2021,14:10,1,30,30028,2,9,0,1,,44.15101,4.6119,14,3,2
202100030894,146Â 536,A01,1,1,1,5,2,-1,-1,0,0,-1,2021,17.0,1,1,0,2,1,17,1,,3,18.5,0,D,2,2,0,1,1,900,1,, -1,1,5,1,50,4,7,2021,22:00,5,68,68099,2,9,0,3,D18.5,47.68616,7.265981,22,2,2
202100004901,193Â 030,A01,1,1,1,1,1,0,-1,-1, -1,-1,2021,54.0,1,2,4,0,1,1,1,,1,AUTOROUTE A1,0,,3,8,0,1,12,0,1,, -1,2,0,1,110,4,12,2021,10:15,1,93,93005,1,1,1,1,AUTOROUTE A1,48.96083,2.46834,10,1,1
202100031878,144Â 772,A01,1,1,2,2,1,0,-1,-1, -1,-1,2021,34.0,1,2,0,2,1,9,1,,2,,-1,,1,1,-1,1,(1),(1),3,, -1,2,3,1,-1,17,5,2021,08:40,1,22,22187,2,4,0,2,VERDUN (rue de ),48.5451869899,-2.7868795395,8,2,2
202100029449,149Â 141,A01,1,1,1,5,1,8,-1,-1, -1,-1,2021,27.0,1,2,10,0,1,1,1,,4,JULES GRAVEREAUX (AV),0,,2,2,0,3,0,0,2,, -1,1,0,4,50,10,7,2021,09:30,1,94,94038,2,1,0,6,Avenue Jules Gravereaux,48.776541,2.330261,9,1,1
202100042834,125Â 100,B01,1,1,1,4,8,0,-1,-1, -1,-1,2021,22.0,1,1,0,2,3,1,5,,4,FLEURUS (RUE DE) NÂ° IMP,0,,1,1,0,2,0,0,1,, -1,1,0,1,50,23,4,2021,20:15,1,72,72181,2,1,0,3,FLEURUS (RUE DE) NÂ° IMP,47.99658,0.19565,20,2,2
202100008795,186Â 027,B01,1,1,2,5,1,-1,-1,0,0,-1,2021,47.0,3,2,0,2,1,1,1,,7,70,0,M,2,2,0,2,(1),(1),2,, -1,2,0,1,90,10,11,2021,16:00,1,6,6020,1,1,0,1,M70,43.98718,7.323997,16,2,2
202100028262,151Â 175,B01,1,1,2,1,1,-1,-1,-1, -1,-1,2021,34.0,1,2,0,2,4,23,1,,1,RD 170,0,,3,8,0,1,9,199,1,, -1,1,0,1,90,19,7,2021,05:15,3,95,95582,1,1,0,2,A15,48.9701,2.2499,5,2,2
202100025711,155Â 726,A01,1,1,1,1,2,0,-1,-1, -1,-1,2021,17.0,3,1,0,0,7,26,1,,4,RUE DE L'HUREPOIX,0,,2,1,0,1,0,0,4,, -1,2,0,1,50,3,8,2021,05:55,1,91,91103,2,1,1,7,RUE DE L'HUREPOIX,48.59855,2.29947,5,1,1
202100044939,121Â 403,A01,1,1,2,4,2,6,-1,-1, -1,-1,2021,19.0,1,1,0,0,1,1,3,,4,SAINT EXUPERY (BOULEVARD),0,,2,2,0,1,0,0,1,, -1,1,0,1,50,27,2,2021,21:25,5,58,58194,2,1,0,7,SAINT EXUPERY (BOULEVARD),47.0038,3.164,21,1,1
202100006728,189Â 757,A01,1,1,1,9,1,0,-1,-1, -1,-1,2021,53.0,1,2,1,2,1,1,1,,4,SPINOZA (AV),0,,1,1,0,1,1,0,1,, -1,1,0,1,50,14,11,2021,21:15,5,94,94041,2,1,0,6,9 Avenue Spinoza,48.812524,2.389315,21,2,2
202100004754,193Â 285,A01,8,2,2,2,1,0,-1,0,0,-1,2021,15.0,3,2,0,2,1,1,1,,4,BOILLOT (RUE A.),0,,2,2,0,1,0,0,1,, -1,1,0,1,50,3,12,2021,08:38,1,47,47001,2,1,0,2,BOILLOT (RUE A.),44.20645,0.64059,8,4,2
202100048703,114Â 699,A01,1,1,1,3,1,0,-1,-1, -1,-1,2021,20.0,1,2,0,2,1,1,1,,4,GROUPE MANOUCHIAN (AV DU),0,,4,8,0,1,1,0,1,, -1,1,0,1,50,8,3,2021,18:00,1,94,94081,2,1,0,1,GROUPE MANOUCHIAN (AV DU),48.789369,2.40566,18,5,2
202100029681,148Â 741,A01,1,1,1,5,2,-1,-1,0,0,-1,2021,30.0,1,1,0,0,7,21,5,,3,80,-1,,-1,2,0,1,18,200,2,, -1,1,0,1,80,11,7,2021,11:35,1,14,14335,1,1,0,7,D80,49.188681,-0.078186,11,2,2
202100033039,142Â 687,B01,1,1,2,1,1,-1,-1,-1, -1,-1,2021,49.0,1,2,0,2,3,0,1,,3,VILLAGE GENVRESSE,0,,2,2,0,1,0,734,1,, -1,1,0,1,80,15,6,2021,15:25,1,50,50218,1,1,0,2,VILLAGE GENVRESSE,48.82586,-1.55389,15,2,2
202100035303,138Â 601,A01,1,1,1,3,2,0,-1,0,0,-1,2021,31.0,2,1,0,2,1,17,1,,4,RUE CURIAL,0,,2,2,0,1,(1),(1),1,, -1,1,0,1,50,10,6,2021,15:35,1,75,75119,2,3,0,3,RUE CURIAL,48.892066,2.372568,15,2,2
202100041393,127Â 616,B01,1,1,1,1,2,0,-1,-1, -1,-1,2021,61.0,2,1,0,2,4,3,1,,2,RN 118,0,,3,4,0,1,6,0,1,, -1,1,0,1,110,5,5,2021,08:00,1,91,91534,1,1,0,2,RN 118,48.73796,2.17853,8,2,2
202100011024,182Â 018,A01,1,1,1,1,2,0,-1,-1, -1,-1,2021,43.0,2,1,0,2,1,1,1,,2,RD 118,0,,3,4,0,1,14,100,1,, -1,1,0,1,90,26,10,2021,09:00,1,91,91692,1,1,0,2,RD 118,48.6795825375,2.191439867,9,2,2
202100038097,133Â 567,B01,1,1,1,5,9,-1,-1,0,0,-1,2021,68.0,2,1,0,2,6,1,5,,4,93,-1,,2,2,0,1,(1),(1),3,, -1,1,0,1,50,27,5,2021,11:20,1,26,26183,2,3,0,3,890 Chemin du Canal,44.715717,5.097849,11,2,2
202100013609,177Â 394,A01,1,1,2,1,1,-1,-1,-1, -1,-1,2021,52.0,0,2,0,2,6,19,1,,4,JULES LECESNE (RUE),0,,2,2,0,1,0,0,1,, -1,1,0,1,50,11,10,2021,19:30,1,76,76351,2,2,0,3,JULES LECESNE (RUE),49.493139,0.12017,19,2,2
202100022655,161Â 123,A01,4,2,2,5,1,0,-1,0,0,-1,2021,24.0,2,2,1,0,3,14,1,,4,RUE D AUBERVILLIERS,0,,1,1,1,1,(1),(1),1,, -1,1,0,1,50,24,8,2021,22:05,5,75,75119,2,1,0,6,RUE D AUBERVILLIERS,48.891636,2.369039,22,4,1
202100038808,132Â 245,A01,1,1,1,5,2,6,-1,0,0,-1,2021,54.0,2,1,0,0,9,1,1,,3,45,-1,,2,2,0,1,11,400,1,, -1,2,0,1,80,23,5,2021,14:42,1,57,57334,1,1,1,7,RD 45,48.685323,7.182226,14,1,1
202100055433,102Â 766,A01,1,1,1,3,1,0,-1,-1, -1,-1,2021,26.0,2,5,4,0,1,15,1,,2,KARTING (DU),0,,-1,4,0,1,(1),(1),2,, -1,2,0,2,90,11,1,2021,18:05,1,974,97411,2,1,1,7,KARTING (DU),-20.8933901266,55.5018782616,18,1,1
202100048774,114Â 584,A01,10,3,1,5,0,-1,-1,4,3,1,2021,52.0,1,3,0,1,7,1,3,,4,BOULEVARD NEY,0,,3,2,0,1,(1),(1),1,, -1,1,0,1,50,7,3,2021,18:30,2,75,75118,2,2,0,6,BOULEVARD NEY,48.8979757509,2.3442257918,18,2,1
202100013878,176Â 892,A01,1,1,2,0,1,0,-1,-1, -1,-1,2021,44.0,3,2,0,2,1,1,1,,7,ALEX ANSALDI (RUE),0,,2,7,0,2,0,0,1,, -1,1,0,1,50,11,10,2021,07:10,1,13,13214,2,9,0,3,ALEX ANSALDI (RUE),43.33589,5.39858,7,2,2
202100044483,122Â 183,B01,1,1,1,5,2,0,-1,0,0,-1,2021,31.0,2,1,0,2,1,1,5,,4,BOULEVARD BRUNE,0,,3,3,1,1,(1),(1),1,, -1,2,-1,5,50,10,4,2021,10:15,1,75,75114,2,1,1,3,BOULEVARD BRUNE,48.825325,2.31638,10,2,2
202100054695,104Â 022,B01,2,2,1,4,1,0,-1,-1, -1,-1,2021,41.0,1,2,0,2,4,23,1,,4,R DE BOURGOGNE ,0,,-1,2,0,1,1,0,1,, -1,5,0,1,50,16,1,2021,15:00,1,94,94075,2,1,1,2,BOURGOGNE (R DE),48.72349,2.52853,15,3,2
202100007048,189Â 158,A01,1,1,2,5,1,0,-1,0,0,-1,2021,19.0,3,2,1,0,1,13,3,,4,AVENUE DE VERSAILLES,0,,2,2,0,1,(1),(1),1,, -1,1,0,1,30,20,11,2021,07:00,5,75,75116,2,2,0,6,AVENUE DE VERSAILLES,48.845301,2.271591,7,1,1
202100008397,186Â 721,A01,1,1,1,5,1,-1,-1,0,0,-1,2021,48.0,0,2,8,0,1,1,1,,3,92,0,A,2,2,0,2,0,521,1,, -1,1,0,1,50,12,11,2021,13:15,1,6,6079,2,1,0,1,Avenue de la Mer,43.535456,6.946165,13,1,1
202100045560,120Â 294,B01,1,1,1,9,2,6,-1,-1, -1,-1,2021,51.0,0,1,0,2,3,1,1,,4,ROOSEVELT. AVENUE FRANKLIN,0,,2,2,0,1,(1),(1),1,, -1,1,0,1,50,1,4,2021,19:00,1,76,76322,2,3,0,3,Avenue Franklin Roosevelt,49.4006,1.0532,19,2,2
202100027576,152Â 432,A01,1,1,2,2,8,0,-1,0,0,-1,2021,19.0,2,1,1,0,1,1,3,,4,RUE DES PETITS PERES,0,,1,1,0,1,(1),(1),1,, -1,1,0,1,50,22,7,2021,09:05,1,75,75102,2,4,0,6,RUE DES PETITS PERES,48.866177,2.339997,9,1,1
202100041047,128Â 240,A01,1,1,1,0,2,6,-1,-1, -1,-1,2021,25.0,1,1,4,0,7,18,1,,2,LITTORAL (ROUTE 2 DU),0,,1,3,0,1,(1),(1),1,, -1,1,0,1,90,6,5,2021,16:30,1,974,97411,1,1,0,7,LITTORAL (ROUTE 2 DU),-20.87984,55.40285,16,1,1
202100029665,148Â 768,A01,1,1,1,0,1,-1,-1,0,0,-1,2021,38.0,1,2,0,0,0,17,1,,3,214,-1,D,2,2,0,1,10,950,1,, -1,1,0,3,80,10,7,2021,15:15,1,63,63352,1,1,0,7,D214,45.449274,3.222588,15,1,1
202100031124,146Â 109,B01,1,1,1,0,2,-1,-1,-1, -1,-1,2021,35.0,1,1,0,2,2,1,5,,4,AVE MARCEL DASSAULT,0,,3,2,2,1,(1),(1),1,, -1,1,0,1,50,30,6,2021,05:50,2,33,33281,2,6,0,3,Avenue Marcel Dassault,44.8481,-0.67964,5,2,2
202100031002,146Â 319,A01,4,2,2,5,1,0,-1,0,0,-1,2021,20.0,1,2,6,0,2,15,1,,3,57,0,,2,2,0,1,15,930,1,, -1,2,0,1,50,29,6,2021,02:00,3,71,71306,2,2,1,6,Rue de Montcenis,46.692185551,4.3471958197,2,4,1
202100006560,190Â 076,B01,2,2,2,0,2,8,-1,-1, -1,-1,2021,8.0,2,1,0,2,7,1,1,,4,BRUTUS (CITE),0,,2,2,0,1,(1),(1),1,, -1,1,0,1,50,23,11,2021,13:34,1,973,97302,2,1,0,3,BRUTUS (CITE),4.9414900943,-52.3195656538,13,3,2
202100028630,150Â 538,A01,1,1,1,0,2,0,-1,-1, -1,-1,2021,35.0,3,1,0,2,1,1,1,,7,SALENGRO ROGER RUE,0,,2,2,1,1,(1),(1),3,, -1,1,0,1,50,16,7,2021,15:10,1,59,59350,2,1,0,1,SALENGRO ROGER RUE,50.62564,3.11507,15,2,2
202100018634,168Â 329,A01,1,1,1,4,8,-1,-1,0,0,-1,2021,27.0,3,4,13,0,0,0,0,,4,VC,0, -,2,2,0,1,(1),(1),1,, -1,1,0,3,50,16,9,2021,17:30,1,62,62066,2,1,0,6,Rue de Beaulieu,50.478633,2.09938,17,1,1
202100049641,113Â 010,A01,10,3,2,5,0,-1,-1,1,5,2,2021,7.0,3,2,0,1,1,1,1,,4,NIVERNAIS (DU),0,,1,1,0,1,(1),(1),1,, -1,1,0,1,30,1,3,2021,15:40,1,35,35238,2,1,0,6,NIVERNAIS (DU),48.12203,-1.70957,15,2,1
202100005576,191Â 835,A01,10,3,2,5,0,-1,-1,3,3,1,2021,65.0,3,2,0,1,2,1,1,,4,,-1,,3,2,0,1,(1),(1),1,, -1,1,9,6,50,24,11,2021,11:10,1,40,40065,2,9,0,6,Boulevard des Cigales,43.640644,-1.425655,11,2,1
202100026698,153Â 990,B01,1,1,1,1,2,8,-1,-1, -1,-1,2021,50.0,2,1,0,2,3,1,1,,3,CLEMENCEAU GEORGES AVENUE NÂ°IMPAIR,0,,2,6,1,1,0,0,1,, -1,1,0,1,50,28,7,2021,09:15,1,92,92050,2,9,0,3,CLEMENCEAU GEORGES AVENUE NÂ°IMPAIR,48.885763588,2.2192208469,9,2,2
202100046487,118Â 692,B01,10,3,2,9,0,-1,-1,3,3,1,2021,53.0,1,1,0,1,1,26,0,,4,ETATS UNIS (DES)                    (BD),0,,3,2,3,1,(1),(1),1,, -1,1,9,1,50,26,3,2021,15:30,1,69,69388,2,1,0,6,ETATS UNIS (DES) (BD),45.7324200916,4.8653776646,15,2,1
202100054817,103Â 814,A01,1,1,1,9,2,6,-1,0,0,-1,2021,18.0,1,1,0,2,1,19,1,,3,2076,0,,2,2,0,1,40,950,1,, -1,1,0,1,90,17,1,2021,14:45,1,18,18289,1,2,0,3,40+950,46.95161,2.568569,14,3,2
202100013474,177Â 653,B01,1,1,1,0,2,6,9,0,0,-1,2021,37.0,1,1,0,2,0,17,1,,4,,-1,,2,2,0,1,(1),(1),1,,"5,5",1,0,1,50,14,10,2021,17:35,1,60,60141,2,1,0,6,Rue d Orgemont,49.189199,2.460042,17,2,2