Num_Acc,id_vehicule,num_veh,place,catu,sexe,trajet,secu1,secu2,secu3,locp,actp,etatp,year_acc,victim_age,senc,catv,obs,obsm,choc,manv,motor,occutc,catr,voie,v1,v2,circ,nbv,vosp,prof,pr,pr1,plan,lartpc,larrout,surf,infra,situ,vma,jour,mois,an,hrmn,lum,dep,com,agg_,int,atm,col,adr,lat,long,hour,nb_victim,nb_vehicules
202100029340,149Â 320,A01,1,1,2,5,1,0,-1,-1, -1,-1,2021,38.0,2,2,0,2,4,23,1,,4,VAILLANT-COUTURIER (AVENUE PAUL),0,,2,2,0,1,0,0,1,, -1,1,0,1,50,12,7,2021,18:35,1,93,93078,2,1,1,2,Avenue Paul Vaillant Couturier,48.95589,2.5352,18,2,2
202100004306,194Â 057,A01,1,1,1,1,1,0,-1,-1, -1,-1,2021,18.0,3,2,0,2,1,13,1,,4,CHAPIT RE ( RUE DU),0,,2,2,0,1,0,0,3,, -1,2,0,1,30,7,12,2021,11:45,1,93,93073,2,1,1,1,CHAPIT RE ( RUE DU),48.98697,2.54073,11,2,2
202100056052,101Â 694,A01,10,3,2,5,0,-1,-1,3,3,1,2021,43.0,2,2,0,1,3,1,1,,4,VEXIN (CHAUSSEE DU),0,,2,2,0,1,(1),(1),1,, -1,1,6,1,30,6,1,2021,14:40,1,27,27375,2,1,0,6,VEXIN (CHAUSSEE DU),49.21967,1.17863,14,2,1
202100002673,197Â 000,B01,7,2,1,9,8,-1,-1,0,0,-1,2021,37.0,2,2,0,2,3,0,1,,2,1,0,N,2,2,0,4,7,300,3,,7,2,0,1,80,17,12,2021,08:45,1,971,97109,1,1,1,1,"route nationale 1, dos d'ane",15.995681,-61.679065,8,6,2
202100041409,127Â 584,A01,1,1,1,9,2,6,-1,0,0,-1,2021,22.0,3,1,0,2,1,1,1,,4,PONT CHARLES DE GAULLE,0,,1,2,3,1,(1),(1),1,, -1,1,2,1,50,4,5,2021,20:20,2,75,75113,2,1,0,3,PONT CHARLES DE GAULLE,48.842455,2.368899,20,2,2
202100021286,163Â 606,A01,10,3,1,5,0,-1,-1,2,3,1,2021,82.0,1,1,0,1,3,1,3,,4,RUE PASCAL,0,,2,2,1,1,(1),(1),1,, -1,1,0,5,30,2,9,2021,16:20,1,75,75105,2,1,0,6,RUE PASCAL,48.837346,2.349124,16,2,1
202100034822,139Â 470,A01,1,1,1,5,2,6,9,0,0,-1,2021,31.0,1,1,0,2,1,2,1,,1,57,0,A,3,4,0,1,10,200,1,, -1,1,0,1,110,13,6,2021,04:40,2,83,83054,1,1,0,2,A57,43.168128,6.051364,4,2,2
202100021466,163Â 271,A01,1,1,1,9,2,0,-1,-1, -1,-1,2021,41.0,1,1,0,2,1,1,1,,4,PASTEUR (AVENUE),0,,2,3,0,2,0,0,1,, -1,1,0,1,50,1,9,2021,16:30,1,13,13207,2,1,0,3,PASTEUR (AVENUE),43.2906,5.35919,16,2,2
202100048324,115Â 376,A01,1,1,1,1,1,-1,-1,0,0,-1,2021,29.0,2,2,0,2,1,1,1,,2,30,-1,,2,2,0,1,4,150,3,, -1,1,0,1,70,12,3,2021,20:20,3,202,202050,1,1,0,3,route territoriale 30,42.549358,8.786804,20,3,2
202100007994,187Â 443,B01,1,1,1,0,8,0,-1,-1, -1,-1,2021,11.0,1,1,0,2,0,19,3,,4,COQUELOUP (RUE DE),0,,2,2,0,2,0,0,1,, -1,1,0,1,50,15,11,2021,12:15,1,74,74305,2,3,0,3,COQUELOUP (RUE DE),46.20026,6.2518,12,2,2
202100005108,192Â 643,A01,1,1,2,5,8,0,-1,-1, -1,-1,2021,66.0,1,1,0,2,1,1,5,,4,CAFFIN (AV),0,,2,2,0,1,0,0,1,, -1,1,0,1,30,30,11,2021,09:40,1,94,94068,2,3,0,3,CAFFIN (AV),48.79143,2.50933,9,2,2
202100003335,195Â 798,A01,7,2,2,1,8,-1,-1,0,0,-1,2021,62.0,2,2,3,2,1,2,1,,1,20,0,A,3,4,0,2,285,288,1,, -1,2,3,1,130,12,12,2021,21:06,3,19,19147,1,9,0,3,Echangeur A20 NESPOULS (Embranchement d'autoroute),45.064591,1.506307,21,4,2
202100030896,146Â 533,A01,1,1,2,1,8,-1,-1,0,0,-1,2021,50.0,1,2,13,0,1,13,1,,3,63E2,0,D,2,2,0,2,0,450,2,, -1,1,0,1,80,5,7,2021,01:15,3,39,39339,1,1,0,6,,46.355499,5.77103,1,1,1
202100031004,146Â 316,B01,1,1,1,5,2,8,-1,-1, -1,-1,2021,22.0,1,1,0,2,1,2,1,,3,AUTUN (RUE D'),0,,2,2,0,1,61,165,1,, -1,1,0,1,50,1,7,2021,17:30,1,71,71309,2,2,0,3,27 Rue dâAutun,46.7929560576,4.3889371816,17,2,2
202100046087,119Â 375,A01,1,1,1,5,2,0,-1,-1, -1,-1,2021,41.0,1,1,13,0,1,1,1,,4,GARE (RUE DE LA),0,,1,1,0,1,0,0,1,, -1,1,0,3,50,27,3,2021,17:05,1,57,57221,2,1,0,6,GARE (RUE DE LA),49.32861,6.11989,17,1,1
202100019813,166Â 229,A01,1,1,1,1,2,0,-1,-1, -1,-1,2021,36.0,2,1,0,2,8,18,0,,1,AUTOROUTE A6,0,,3,0,0,1,16,0,1,, -1,1,0,1,110,10,9,2021,08:00,1,91,91216,1,1,0,6,AUTOROUTE A6,48.684,2.328,8,2,2
202100039209,131Â 538,A01,1,1,1,5,2,6,9,0,0,-1,2021,29.0,1,1,2,2,2,17,1,,7,556,-1,,2,2,0,1,1,0,1,, -1,1,0,1,80,20,5,2021,16:15,1,13,13059,1,1,0,3,D556,43.658597,5.494258,16,2,2
202100028116,151Â 446,B01,1,1,1,5,2,6,-1,-1, -1,-1,2021,54.0,1,1,0,2,1,1,1,,3,ATHERBEA (AVENUE),0,,2,3,0,1,18,610,2,, -1,1,0,1,50,19,7,2021,15:40,1,64,64125,2,1,0,1,ATHERBEA (AVENUE),43.43239,-1.59651,15,2,2
202100055819,102Â 096,A01,1,1,1,2,8,0,-1,-1, -1,-1,2021,18.0,2,1,0,2,3,19,5,,4,KLEBER (RUE),0,,2,2,0,1,(1),(1),1,, -1,2,0,1,50,8,1,2021,07:50,2,10,10387,2,2,0,3,KLEBER (RUE),48.30326,4.08529,7,2,2
202100010868,182Â 300,B01,1,1,1,0,1,-1,-1,-1, -1,-1,2021,35.0,1,2,0,2,2,15,1,,7,GENAS (DE)                          (RO),0,,2,0,3,1,1,0,1,, -1,1,0,1,50,26,10,2021,17:30,1,69,69029,2,1,0,3,GENAS (DE) (RTE),45.7479010381,4.9213546515,17,2,2
202100046069,119Â 404,A01,2,2,2,5,2,6,-1,-1, -1,-1,2021,54.0,1,1,0,2,4,2,1,,3,DE GAULLE(ROND POINT CHARLES),0,,1,2,0,1,2,770,3,, -1,1,5,1,50,28,3,2021,16:40,1,83,83050,2,6,0,2,DE GAULLE(ROND POINT CHARLES),43.5198,6.47236,16,3,2
202100009930,183Â 943,A01,1,1,1,9,2,6,-1,0,0,-1,2021,36.0,1,1,0,0,3,1,1,,4,RUE DES ARCHIVES,0,,1,1,0,1,(1),(1),1,, -1,2,0,1,30,1,11,2021,17:00,5,75,75103,2,2,1,7,RUE DES ARCHIVES,48.861243,2.358209,17,1,1
202100018066,169Â 340,B01,1,1,2,0,1,-1,-1,0,0,-1,2021,39.0,1,2,0,2,1,2,1,,2,RN1,0,A,2,2,0,3,42,400,3,, -1,1,0,4,70,20,9,2021,13:28,1,974,97415,1,1,0,2,Chemin Bruniquel (gil les Bs),-21.097633,55.247165,13,2,2
202100052977,107Â 021,A01,10,3,1,5,0,-1,-1,2,1,1,2021,40.0,1,2,0,1,1,1,1,,3,112,0,,2,2,0,1,0,0,2,, -1,2,5,1,50,31,1,2021,19:45,5,33,33529,2,6,1,6,DE GAULLE (AVE CHARLES) 02 ET +,44.63306,-1.14488,19,2,1
202100032024,144Â 505,A01,1,1,1,1,2,6,-1,0,0,-1,2021,46.0,2,1,0,0,9,21,1,,3,56,-1,,2,2,0,1,6,535,1,, -1,1,0,3,80,28,6,2021,04:25,3,1,1380,1,1,0,7,Route de Cormoz,46.449604,5.198904,4,1,1
202100050983,110Â 551,B01,2,2,1,5,1,-1,-1,0,0,-1,2021,48.0,2,2,3,2,2,17,1,,1,39,-1,,1,2,0,1,133,320,1,, -1,1,0,1,130,20,2,2021,06:15,3,1,1038,1,1,0,2,Autoroute A39 - PK 133+320,46.344998,5.286103,6,4,2
202100036943,135Â 663,A01,1,1,1,0,1,0,-1,-1, -1,-1,2021,25.0,1,2,0,2,1,1,1,,3,TRENET (RUE CHARLES),0,,2,2,0,1,0,0,1,, -1,1,9,1,50,17,5,2021,16:35,1,11,11262,2,3,0,2,Avenue Charles Trenet,43.18481,2.99785,16,4,2
202100030640,146Â 991,A01,1,1,1,5,2,6,-1,0,0,-1,2021,59.0,3,1,0,2,1,5,1,,4,,-1,,2,2,0,2,(1),(1),2,,4,1,0,1,80,2,7,2021,18:00,1,2,2452,1,1,0,1,D735,49.886385,3.19339,18,2,2
202100041341,127Â 712,B01,1,1,2,1,1,-1,-1,0,0,-1,2021,60.0,2,2,0,2,1,1,1,,2,5,0,N,2,2,0,1,80,480,3,, -1,8,0,1,80,5,5,2021,08:15,1,39,39129,1,1,0,1,,46.648523,5.942037,8,3,2
202100007878,187Â 660,A01,1,1,1,9,2,6,-1,-1, -1,-1,2021,30.0,2,1,12,0,1,0,1,,3,912,0,,2,4,0,1,0,0,2,, -1,1,0,1,50,16,11,2021,03:19,5,92,92024,2,1,0,7,VICTOR HUGO (BD),48.89709,2.30968,3,1,1
202100050946,110Â 613,B01,1,1,2,1,2,0,-1,-1, -1,-1,2021,22.0,2,1,0,2,8,2,1,,4,AV LAFERRIERE,0,,2,2,0,1,1,0,1,, -1,1,5,1,50,19,2,2021,18:40,5,94,94028,2,2,0,3,Avenue LaferriÃ¨re / Rue ChÃ©ret,48.80269,2.46045,18,2,2
202100037179,135Â 229,B01,1,1,1,0,2,0,-1,-1, -1,-1,2021,16.0,1,1,0,0,0,0,0,,3,32,0,,2,2,0,1,0,100,1,, -1,1,0,1,30,4,5,2021,18:35,1,91,91191,2,1,0,3,Jean Jaures (Avenue),48.71513,2.45943,18,2,2
202100050268,111Â 866,B01,1,1,1,1,1,-1,-1,0,0,-1,2021,75.0,3,2,15,2,7,21,1,,4,,-1,,2,2,0,4,0,0,2,, -1,1,0,1,50,25,2,2021,18:50,2,24,24054,2,3,0,3,Chemin communal 3,44.755994,0.533384,18,3,2
202100024067,158Â 631,A01,1,1,1,5,0,-1,-1,0,0,-1,2021,55.0,3,2,2,0,1,1,1,,3,0,0,,2,2,0,1,0,0,3,, -1,1,0,3,80,15,8,2021,23:45,3,24,24291,1,1,0,1,Chemin de Gouny,45.054913,1.156515,23,1,1
202100055111,103Â 304,A01,1,1,2,1,1,-1,-1,0,0,-1,2021,49.0,3,2,0,2,7,19,1,,3,64,0,,2,2,0,2,22,200,1,, -1,2,0,1,50,12,1,2021,07:50,3,29,29199,2,2,1,3,D64 - ZI de Kerbriant,48.573015,-3.719848,7,2,2
202100028083,151Â 510,A01,2,2,1,5,1,-1,-1,-1,0,-1,2021,22.0,1,2,5,0,3,13,1,,1,AUTOROUTE A15,0,,3,1,0,2,17,219,3,, -1,1,3,1,50,20,7,2021,02:10,3,95,95306,1,1,0,6, A15,49.00887,2.1598,2,2,1
202100008731,186Â 127,B01,1,1,1,1,2,6,-1,-1, -1,-1,2021,48.0,3,1,0,2,8,1,1,,4,DE GAULLE (AVE DU GENERAL),0,,2,2,0,1,0,0,1,, -1,1,0,1,30,8,11,2021,09:00,1,30,30007,2,1,0,3,DE GAULLE (AVE DU GENERAL),44.1268,4.08139,9,2,2
202100020473,165Â 040,A01,10,3,1,5,0,-1,-1,3,3,1,2021,91.0,3,2,0,1,3,1,2,,6,STADE (RUE DU),0,,-1,0,0,1,(1),(1),1,, -1,2,0,6,20,4,5,2021,17:10,1,68,68271,2,1,1,6,STADE (RUE DU),47.74721,7.3581,17,2,1
202100034683,139Â 730,A01,1,1,1,1,1,-1,-1,0,0,-1,2021,58.0,0,2,0,2,1,26,1,,3,106.2,-1,,2,2,0,1,(1),(1),3,, -1,1,0,1,80,9,6,2021,05:00,2,28,28023,1,3,0,3,D106.2 / D106.4,48.528258,1.628466,5,2,2
202100039646,130Â 723,A01,1,1,1,1,1,-1,-1,0,0,-1,2021,30.0,1,2,13,2,3,14,1,,3,193,-1,,2,2,0,1,(1),(1),2,, -1,1,0,1,80,18,5,2021,14:45,1,14,14120,1,1,0,1,D193,49.065459,-0.760546,14,3,2
202100006822,189Â 583,A01,1,1,2,5,1,0,-1,-1, -1,-1,2021,33.0,2,2,0,2,8,1,1,,3,JEAN COMPAGNON (QU),0,,2,2,0,1,1,0,1,, -1,1,9,1,50,22,11,2021,21:10,5,94,94041,2,2,0,3,Quai Jean Compagnon,48.81913,2.39941,21,2,2
202100046040,119Â 464,B01,2,2,1,5,2,-1,-1,0,0,-1,2021,25.0,2,1,0,2,3,1,1,,3,D7C,-1,,2,2,0,1,34,400,1,, -1,1,0,1,50,27,3,2021,15:45,1,14,14228,2,2,0,3,Avenue de la Basilique,49.298018,-0.371062,15,3,2
202100027340,152Â 852,B01,1,1,1,5,2,0,-1,-1, -1,-1,2021,63.0,1,1,0,2,3,0,6,,4,TASSIGNY (DE LATTRE DE),0,,2,2,0,1,0,0,1,, -1,1,0,1,50,22,7,2021,11:20,1,81,81163,2,3,0,3,TASSIGNY (DE LATTRE DE),43.4895087656,2.369141914,11,2,2
202100030082,148Â 013,A01,1,1,1,5,1,-1,-1,0,0,-1,2021,67.0,3,2,6,2,8,19,1,,3,609,0,,2,2,0,2,1,701,1,, -1,1,0,1,50,9,7,2021,12:55,1,6,6007,1,1,0,3,1681 Route de Saint Jacques,43.620167,6.918206,12,2,2
202100001066,199Â 859,B01,1,1,1,1,2,6,-1,-1, -1,-1,2021,29.0,2,1,0,2,1,1,1,,3,JEAN JAURES (R),0,,2,4,0,1,1,0,1,, -1,1,0,1,50,28,12,2021,19:20,5,94,94046,2,3,0,3,Rue Jean JaurÃ¨s,48.79562,2.43383,19,3,2
202100010217,183Â 447,A01,2,2,1,0,8,-1,-1,0,0,-1,2021,18.0,1,2,0,2,2,1,1,,3,2,0,D,2,2,0,2,36,453,3,, -1,1,0,1,80,29,10,2021,18:00,1,40,40321,1,1,0,1,D2 route de geaune,43.644305,-0.435977,18,4,2
202100008950,185Â 718,A01,1,1,2,5,8,0,-1,-1, -1,-1,2021,22.0,1,2,2,2,1,1,1,,4,MERMOZ (BD JEAN),0,,2,2,0,1,0,0,1,, -1,2,5,1,50,7,11,2021,06:40,5,35,35281,2,2,1,2,MERMOZ (BD JEAN),48.09631,-1.6927,6,2,2
202100030046,148Â 077,A01,1,1,1,0,2,6,-1,-1, -1,-1,2021,34.0,2,1,0,2,2,17,1,,3,JEAN JAURES  (AVE)  157 A 213,0,,2,2,0,1,0,0,1,, -1,1,0,1,50,8,7,2021,18:10,1,93,93001,2,1,0,6,JEAN JAURES  (AVE)  157 A 213,48.905597,2.374617,18,2,2
202100046457,118Â 744,B01,1,1,1,1,1,-1,-1,0,0,-1,2021,30.0,2,2,0,0,4,1,1,,1,35,-1,,3,4,0,1,104,0,1,, -1,1,0,1,130,24,3,2021,17:45,1,68,68278,1,1,0,2,A 35 PK 104+000,47.744734,7.421168,17,2,2
202100006799,189Â 629,C01,9,2,1,0,1,0,-1,-1, -1,-1,2021,27.0,2,2,0,2,4,2,1,,1,13,0,,1,3,0,1,6,599,1,, -1,1,0,1,110,22,11,2021,18:10,3,92,92047,1,1,0,4,A13,48.835241057,2.1770575759,18,7,4
202100009349,184Â 995,B01,1,1,1,9,1,-1,-1,0,0,-1,2021,36.0,1,2,0,2,4,15,1,,3,933,-1,,2,2,0,4,54,500,1,, -1,2,0,1,80,5,11,2021,18:35,3,64,64437,1,1,1,5,RD933 PK54+500,43.2638547199,-1.0394954681,18,3,3
202100026716,153Â 961,A01,10,3,1,4,4,-1,-1,1,3,1,2021,53.0,1,2,0,1,8,17,1,,3,287,0,,2,2,0,1,0,85,1,, -1,1,0,1,50,29,7,2021,06:50,1,71,71282,2,1,0,6,7 Rue de la Croix Blanchot,46.837468,4.358425,6,2,1
202100002664,197Â 021,B01,10,3,2,2,0,-1,-1,3,3,2,2021,11.0,1,2,0,1,1,2,2,,3,104,0,,2,2,0,1,0,0,1,, -1,1,0,8,30,16,12,2021,13:10,1,92,92062,2,1,0,6,WALLACE (BD RICHARD) DU 17 AU 91 ET DU 3,48.880896,2.237632,13,2,1
202100029298,149Â 394,B01,1,1,2,5,8,0,-1,0,0,-1,2021,88.0,1,1,0,2,0,0,5,,4,DUNANT BOULEVARD,0,,2,2,0,1,1,0,1,, -1,2,0,1,50,12,7,2021,10:10,1,49,49007,2,1,0,3,DUNANT BOULEVARD,47.48331,-0.52756,10,2,2
202100029835,148Â 461,A01,1,1,1,9,2,0,-1,0,0,-1,2021,48.0,3,1,14,0,2,14,5,,4,PLACE DE LA CONCORDE,0,,3,4,0,1,(1),(1),1,, -1,1,0,1,50,9,7,2021,16:30,1,75,75108,2,7,0,6,PLACE DE LA CONCORDE,48.864103,2.32011,16,1,1
202100053600,105Â 911,A01,1,1,2,5,1,8,-1,-1, -1,-1,2021,21.0,2,2,0,2,1,1,1,,4,DANIEL MAYER,0,,2,2,0,1,(1),(1),1,, -1,1,0,1,50,25,1,2021,15:55,1,37,37261,2,1,0,4,DANIEL MAYER,47.4186419428,0.6874231716,15,3,3
202100023353,159Â 871,B01,2,2,2,5,1,-1,-1,0,0,-1,2021,35.0,0,2,0,2,1,1,1,,3,3,-1,,2,2,0,1,14,900,3,, -1,1,0,1,70,21,8,2021,14:55,1,6,6089,1,1,0,1,Route de Cannes,43.65474,7.003715,14,3,2
202100046875,117Â 989,A01,10,3,2,2,0,-1,-1,1,A,1,2021,33.0,3,2,0,1,6,4,1,,4,REPUBLIQUE (RUE DE LA),0,,2,1,0,1,0,0,1,, -1,1,6,1,30,23,3,2021,08:49,1,87,87048,2,1,0,6,REPUBLIQUE (RUE DE LA),45.79105,1.23425,8,2,1
202100029473,149Â 104,B01,2,2,1,5,1,-1,-1,0,0,-1,2021,72.0,2,2,0,2,8,0,1,,3,743,2,D,2,2,0,1,1,665,1,,"6,3",2,0,1,50,12,7,2021,00:15,5,79,79202,2,6,1,3,,46.63603,-0.246012,0,4,2
202100019414,166Â 930,A01,1,1,2,5,2,6,9,0,0,-1,2021,52.0,2,1,14,0,7,1,1,,3,12,0,D,2,2,0,1,21,700,1,, -1,1,0,1,80,12,9,2021,12:05,1,72,72346,1,1,0,7,Le Pavillon du Buisson,47.865206,0.01281,12,1,1
202100005107,192Â 645,A01,1,1,2,0,1,0,-1,-1, -1,-1,2021,33.0,1,2,0,2,4,23,1,,3,QU JULES GUESDE,0,,1,3,0,2,1,0,1,, -1,1,0,1,50,2,12,2021,16:05,2,94,94081,2,1,0,2,Quai Jules Guesde,48.79533,2.418,16,2,2
202100035452,138Â 342,B01,1,1,1,0,1,-1,-1,-1, -1,-1,2021,44.0,2,2,0,2,8,1,2,,4,,0,,1,1,2,1,(1),(1),1,, -1,1,0,1,50,9,6,2021,20:20,1,69,69387,2,2,0,3,JABOULAY (R),45.74909,4.83608,20,2,2
202100011976,180Â 311,B01,1,1,1,1,1,-1,-1,-1,0,-1,2021,52.0,3,2,0,2,1,13,1,,4,AV EUGENE VARLIN,0,,-1,2,0,1,(1),(1),1,, -1,1,0,1,50,20,10,2021,14:30,1,95,95268,2,1,0,1,RUE EUGENE VARLIN,48.963821,2.402277,14,2,2
202100028103,151Â 471,B01,1,1,1,5,1,8,-1,-1, -1,-1,2021,80.0,1,2,0,2,4,23,1,,3,RD 160,0,,3,4,0,1,87,484,1,, -1,1,0,1,110,17,7,2021,22:50,3,85,85194,1,1,0,2,RD 160,46.52042,-1.74261,22,2,2
202100026705,153Â 976,A01,2,2,1,4,0,-1,-1,0,0,-1,2021,18.0,1,5,15,0,3,1,1,,3,362.5,0,,2,2,0,1,2,458,1,, -1,2,0,1,80,27,7,2021,22:55,3,28,28330,2,1,1,6,Lieu Dit Auvilliers,48.005971,1.513812,22,2,1
202100045296,120Â 756,A01,1,1,2,5,1,-1,-1,0,0,-1,2021,59.0,1,2,0,0,0,21,1,,3,9,0,,2,2,0,2,2,100,2,, -1,1,0,3,80,4,4,2021,12:10,1,54,54292,1,1,0,7,D9,48.5256860426,6.4391899111,12,1,1
202100023099,160Â 327,B01,2,2,1,5,2,0,-1,-1, -1,-1,2021,22.0,2,1,0,2,1,2,1,,7,AEROPORT (AVENUE DE L'),0,,2,2,1,1,2,680,1,, -1,1,0,1,70,21,8,2021,23:40,5,83,83069,1,1,0,2,AEROPORT (AVENUE DE L'),43.09267,6.14067,23,3,2
202100001594,198Â 957,A01,10,3,2,1,0,-1,-1,3,3,1,2021,57.0,2,2,0,1,1,1,1,,3,MICHEL LOUISE(BOULEVARD),0,,2,2,0,2,(1),(1),1,, -1,7,0,1,50,22,12,2021,08:25,1,59,59574,2,1,0,6,MICHEL LOUISE(BOULEVARD),50.35696,3.2814,8,2,1
202100009966,183Â 886,A01,10,3,2,5,0,-1,-1,3,3,1,2021,64.0,3,2,0,1,1,0,1,,4,,-1,,2,2,0,1,(1),(1),1,,6,1,0,1,30,2,11,2021,09:13,1,6,6084,2,1,1,6,310 Avenue de Grasse,43.622419,6.968615,9,2,1
202100006814,189Â 595,A01,1,1,1,9,2,8,-1,0,0,-1,2021,25.0,2,1,0,2,1,2,1,,4,BOULEVARD PERIPHERIQUE EXTERIEUR OUEST,0,,2,5,0,1,15,700,2,, -1,1,0,1,70,21,11,2021,01:15,5,75,75116,2,1,0,2,BOULEVARD PERIPHERIQUE EXTERIEUR OUEST,48.874475,2.275778,1,2,2
202100037086,135Â 413,A01,10,3,1,9,0,-1,-1,6,B,1,2021,23.0,1,2,0,1,2,1,1,,3,601,-1,,2,2,0,1,30,0,1,, -1,1,0,1,70,2,6,2021,15:45,1,59,59260,1,1,0,6,D601,51.0573316098,2.4898247305,15,2,1
202100000580,200Â 664,A01,1,1,2,0,1,8,-1,-1, -1,-1,2021,40.0,3,2,0,2,1,1,1,,4,MOSAIQUE ((RUE DE LA),0,,2,2,0,1,(1),(1),1,, -1,1,9,1,50,14,12,2021,08:41,1,11,11262,2,3,0,3,MOSAIQUE ((RUE DE LA),43.1832645566,3.0092561245,8,2,2
202100016438,172Â 247,A01,1,1,2,0,1,8,-1,-1, -1,-1,2021,57.0,1,2,0,2,3,1,1,,3,ROUTE DEPARTEMENTALE 29,0,,2,2,0,1,4,543,1,, -1,1,0,1,80,27,9,2021,08:15,1,9,9225,1,1,0,3,ROUTE DEPARTEMENTALE 29,43.11929,1.65228,8,2,2
202100019619,166Â 569,B01,5,2,2,0,1,-1,-1,-1, -1,-1,2021,45.0,3,3,0,2,1,1,1,4.0,4,GAMBETTA                            (R ),0,,2,2,0,1,(1),(1),1,, -1,1,0,1,50,10,9,2021,14:30,1,69,69259,2,3,0,3,GAMBETTA (R),45.69853,4.88297,14,5,2
202100019983,165Â 913,B01,1,1,1,4,2,7,-1,0,0,-1,2021,48.0,1,1,0,2,1,1,1,,1,26,-1,A,1,1,0,1,336,100,3,, -1,1,3,1,50,9,9,2021,15:52,1,51,51545,1,9,0,1,A26,48.7301405401,4.2223573009,15,2,2
202100051187,110Â 176,B01,1,1,1,1,2,8,-1,0,0,-1,2021,33.0,2,1,0,2,1,1,5,,4,PONT NATIONAL,0,,2,4,1,1,(1),(1),1,, -1,2,-1,5,50,17,2,2021,08:48,1,75,75113,2,1,0,3,PONT NATIONAL,48.827042,2.385453,8,2,2
202100023323,159Â 926,A01,2,2,2,0,2,0,-1,-1, -1,-1,2021,17.0,1,1,0,2,1,1,1,,3,ROSNY (AVENUE DE) NÂ° 56 A 242,0,,2,4,0,1,0,0,1,, -1,1,0,1,50,20,8,2021,17:35,1,93,93053,2,2,0,3,ROSNY (AVENUE DE) NÂ° 56 A 242,48.8989659491,2.4709716439,17,3,2
202100039551,130Â 894,D01,3,2,2,5,1,8,-1,-1, -1,-1,2021,22.0,2,2,0,2,4,2,1,,7,351,0,,1,3,0,1,1,0,1,, -1,2,0,1,90,6,5,2021,17:50,1,67,67482,1,1,1,4,M351,48.58694,7.71475,17,7,5
202100032939,142Â 882,A01,1,1,1,5,2,0,-1,-1, -1,-1,2021,24.0,1,1,0,2,3,13,5,,4,,0,,2,2,0,1,0,0,1,, -1,1,0,1,50,11,6,2021,23:15,5,92,92036,2,1,0,1,CABOEUFS (RUE DES) (103/291),48.923676,2.310464,23,2,2
202100015474,174Â 042,B01,2,2,2,9,2,8,-1,-1, -1,-1,2021,22.0,2,1,0,2,7,1,1,,3,BADUEL (ROUTE DE),0,,2,2,0,1,4,600,1,, -1,1,9,1,50,1,10,2021,20:50,3,973,97302,2,9,0,3,BADUEL (ROUTE DE),4.9276861398,-52.2915623188,20,3,2
202100009388,184Â 920,A01,1,1,1,1,1,-1,-1,-1,0,-1,2021,46.0,2,2,4,0,1,1,1,,1,AUTOROUTE A15,0,,3,6,0,1,15,500,1,, -1,1,0,1,110,5,11,2021,06:30,3,95,95306,1,1,0,6, A15,48.998755,2.176823,6,1,1
202100050228,111Â 930,B01,2,2,1,1,1,0,-1,-1, -1,-1,2021,56.0,2,2,0,2,4,23,1,,3,ANDRE ROUY (R),0,,2,2,0,1,1,0,1,, -1,1,0,1,50,25,2,2021,12:00,1,94,94079,2,1,0,2,ANDRE ROUY (R),48.82212,2.55396,12,3,2
202100037870,133Â 970,A01,2,1,1,9,2,8,-1,-1, -1,-1,2021,20.0,3,1,0,2,7,17,1,,4,,0,,2,0,0,1,0,0,1,, -1,1,0,1,50,27,5,2021,18:40,1,92,92062,2,1,0,3,WALLACE (BD RICHARD) DU 2 AU 28 ET DU 1,48.8789,2.24188,18,2,2
202100047787,116Â 331,B01,1,1,1,9,8,-1,-1,-1, -1,-1,2021,27.0,2,2,0,2,1,15,1,,7,BREUCQ BOULEVARD DU,0,,1,3,0,1,(1),(1),1,, -1,2,5,1,50,16,3,2021,13:50,1,59,59009,2,2,1,3,MARQUE AVENUE DE LA,50.64264,3.14487,13,2,2
202100033540,141Â 821,A01,1,1,1,0,8,-1,-1,-1, -1,-1,2021,43.0,1,1,0,2,1,1,5,,4,ROUVILLE                            (PL),0,,2,2,2,2,(1),(1),1,, -1,1,0,1,50,18,6,2021,11:00,1,69,69381,2,1,0,1,ROUVILLE (PL),45.76958,4.82542,11,2,2
202100031796,144Â 925,A01,1,1,1,1,1,-1,-1,0,0,-1,2021,48.0,3,2,0,0,3,2,1,,3,1006,0,D,1,1,0,1,(1),(1),1,, -1,2,0,1,50,29,6,2021,20:50,5,38,38315,2,2,1,3,27 Avenue de la FolatiÃ¨re,45.536648,5.660378,20,2,2
202100010837,182Â 355,B01,1,1,1,5,2,6,-1,-1, -1,-1,2021,18.0,1,1,0,2,1,3,1,,1,A4,0,,3,8,0,1,9,500,1,, -1,1,1,1,90,27,10,2021,17:05,1,94,94017,1,1,0,2,A4,48.8273238388,2.5090636814,17,2,2
202100050543,111Â 350,A01,1,1,1,5,1,0,-1,-1,0,-1,2021,57.0,1,2,0,5,1,12,1,,2,RN 184,0,,3,3,0,1,13,199,1,, -1,1,0,1,110,23,2,2021,01:55,3,95,95678,1,1,0,6,RN 184,49.0729089475,2.2286545153,1,1,1