Num_Acc,id_vehicule,num_veh,place,catu,sexe,trajet,secu1,secu2,secu3,locp,actp,etatp,year_acc,victim_age,senc,catv,obs,obsm,choc,manv,motor,occutc,catr,voie,v1,v2,circ,nbv,vosp,prof,pr,pr1,plan,lartpc,larrout,surf,infra,situ,vma,jour,mois,an,hrmn,lum,dep,com,agg_,int,atm,col,adr,lat,long,hour,nb_victim,nb_vehicules
202100006489,190Â 202,A01,1,1,2,5,8,8,-1,-1, -1,-1,2021,30.0,1,1,0,0,0,26,5,,3,50,0,,2,2,0,1,0,1,1,, -1,1,0,1,50,24,11,2021,15:20,1,92,92049,2,1,0,7,PERI RUE GABRIEL NÂ°37 A 99,48.8194557955,2.3141777515,15,1,1
202100010790,182Â 449,B01,1,1,2,5,0,-1,-1,0,0,-1,2021,41.0,1,1,0,2,0,1,5,,4,,-1,,2,2,0,1,(1),(1),1,,4,1,0,1,50,27,10,2021,17:02,1,45,45146,1,1,1,3,Route des Trays,47.719994,1.930992,17,2,2
202100010979,182Â 103,B01,1,1,1,5,2,-1,-1,0,0,-1,2021,54.0,2,1,0,2,1,9,5,,3,D1090,0,D,-1,2,0,1,16,10,1,, -1,1,0,1,50,25,10,2021,10:45,1,38,38140,2,1,1,3,103 Avenue Joliot Curie,45.283966,5.882783,10,2,2
202100051605,109Â 449,A01,1,1,1,4,2,0,-1,-1, -1,-1,2021,32.0,2,1,0,2,7,21,1,,3,PARIS (RUE DE),0,,2,3,1,1,0,1,1,, -1,1,0,1,50,13,2,2021,14:00,1,93,93048,2,3,0,3,PARIS (RUE DE),48.8578,2.4348,14,2,2
202100022848,160Â 777,A01,1,1,1,3,1,-1,-1,0,0,-1,2021,20.0,2,2,2,0,3,17,1,,3,38,0,D,2,2,0,4,0,500,2,, -1,1,0,1,80,24,8,2021,12:05,1,35,35211,1,1,0,6,D 38,48.020358,-2.164135,12,3,1
202100054070,105Â 097,A01,10,3,2,2,8,8,-1,2,4,2,2021,11.0,3,2,0,1,2,1,1,,4,GENIAUX (RUE CHARLES),0,,2,2,0,3,(1),(1),1,, -1,2,0,1,50,22,1,2021,17:05,1,35,35238,2,1,0,6,GENIAUX (RUE CHARLES),48.1129,-1.7136,17,2,1
202100012837,178Â 777,A01,1,1,1,5,8,0,-1,-1, -1,-1,2021,28.0,1,1,1,0,1,1,5,,4,BERANGER (BOULEVARD),0,,2,4,0,1,(1),(1),1,, -1,1,0,1,50,16,10,2021,05:45,3,37,37261,2,1,0,6,BERANGER (BOULEVARD),47.38899,0.67899,5,1,1
202100027917,151Â 808,A01,1,1,1,1,2,0,-1,-1, -1,-1,2021,37.0,1,1,0,0,1,26,1,,4,GASNIER AVENUE,0,,2,2,0,1,1,0,1,, -1,1,0,1,30,19,7,2021,16:33,1,49,49007,2,1,0,7,GASNIER AVENUE,47.4843,-0.57111,16,1,1
202100044057,122Â 927,B01,1,1,1,1,2,0,-1,-1, -1,-1,2021,24.0,-1,1,0,2,3,1,1,,3,WILSON (AVENUE DU PRESIDENT),0,,-1,4,0,1,0,1,1,, -1,1,0,1,50,14,4,2021,17:10,1,93,93066,2,9,0,3,WILSON (AVENUE DU PRESIDENT),48.9148411225,2.3581130983,17,3,2
202100007613,188Â 135,A01,1,1,1,5,1,0,-1,-1, -1,-1,2021,31.0,2,2,8,0,3,1,1,,4,TOURATIER (RUE),0,,2,2,0,1,(1),(1),1,, -1,2,0,4,50,17,11,2021,04:35,5,45,45338,2,1,1,6,Rue Touratier,47.9932,2.70654,4,1,1
202100001118,199Â 770,B01,2,2,2,5,1,-1,-1,0,0,-1,2021,46.0,1,2,4,0,4,2,1,,1,13,0,A,3,5,0,1,105,0,1,, -1,2,0,1,130,29,12,2021,18:27,3,27,27188,1,1,0,2,,49.291091,1.123604,18,7,2
202100036627,136Â 237,A01,1,1,2,0,1,0,-1,-1, -1,-1,2021,45.0,3,2,0,2,5,15,1,,4,FABIEN   RUE DU COLONEL,0,,2,2,0,1,(1),(1),1,, -1,1,0,1,50,2,6,2021,18:15,1,17,17028,2,2,0,3,FABIEN   RUE DU COLONEL,46.12966,-1.11652,18,2,2
202100024166,158Â 464,A01,9,2,1,5,3,-1,-1,0,0,-1,2021,0.0,1,2,0,2,1,13,1,,3,948,-1,,2,3,0,2,35,500,1,,"10,3",1,0,1,90,14,8,2021,20:00,1,79,79061,1,1,0,5,,46.247983,-0.18945,20,8,3
202100010499,182Â 954,A01,1,1,2,9,1,8,-1,-1, -1,-1,2021,36.0,1,2,0,2,3,15,1,,4,SAINT HELENS (RUE DE ),0,,3,2,2,1,(1),(1),1,, -1,1,0,1,50,27,10,2021,16:30,1,71,71076,2,3,0,1,Avenue Edouard Herriot,46.79688,4.86846,16,2,2
202100008467,186Â 603,B01,1,1,1,5,2,0,-1,-1, -1,-1,2021,63.0,0,1,0,2,7,1,1,,4,SURCOUF (RUE),0,,2,2,0,1,0,0,3,, -1,1,0,1,50,9,11,2021,13:00,1,50,50173,2,1,0,3,SURCOUF (RUE),49.65696,-1.66145,13,2,2
202100030065,148Â 044,B01,1,1,1,5,2,-1,-1,0,0,-1,2021,66.0,3,1,0,2,8,1,5,,3,97,-1,,2,2,0,1,(1),(1),1,, -1,1,0,1,70,8,7,2021,15:30,1,35,35024,1,1,0,3,RD 97,48.159894,-1.625086,15,2,2
202100032876,143Â 001,A01,1,1,1,0,1,0,-1,-1, -1,-1,2021,30.0,3,2,0,2,8,19,1,,4,GALLOUX (AVENUE GASTON),0,,3,4,0,2,(1),(1),1,, -1,1,0,1,50,22,6,2021,22:58,4,45,45286,2,2,0,3,Rue Demay,47.88525,1.92445,22,2,2
202100014650,175Â 527,A01,10,3,2,1,0,-1,-1,2,3,1,2021,24.0,-1,1,0,1,1,3,1,,3,MARCEL CACHIN (AVENUE) COTE NÂ°16 AU 50,0,,2,2,1,1,0,1,1,, -1,1,0,1,50,7,10,2021,07:10,3,93,93072,2,1,0,6,MARCEL CACHIN (AVENUE) COTE NÂ°16 AU 50,48.95779,2.38255,7,2,1
202100035945,137Â 434,B01,1,1,1,1,2,6,-1,0,0,-1,2021,29.0,2,1,0,2,1,13,1,,4,BOULEVARD VOLTAIRE,0,,2,4,0,1,(1),(1),1,, -1,1,0,1,30,7,6,2021,18:04,1,75,75111,2,1,0,1,BOULEVARD VOLTAIRE,48.862,2.372,18,2,2
202100031604,145Â 265,A01,1,1,1,4,2,6,-1,-1, -1,-1,2021,37.0,2,1,0,2,2,17,1,,4,CASALIS.(AVE DU DR PAUL),0,,2,2,0,1,1,0,1,, -1,1,0,1,50,30,6,2021,13:15,1,94,94028,2,9,0,3,Avenue du Docteur Paul Casalis,48.7806,2.4729,13,2,2
202100034559,139Â 949,A01,1,1,1,0,2,8,-1,-1, -1,-1,2021,18.0,1,1,0,2,1,2,1,,4,STRASBOURG (BD DE ),0,,2,6,0,1,0,0,1,, -1,1,0,1,50,12,6,2021,22:47,5,83,83137,2,1,0,2,STRASBOURG (BD DE ),43.1249,5.93233,22,2,2
202100004692,193Â 388,A01,1,1,1,0,2,8,-1,-1, -1,-1,2021,58.0,1,1,0,2,1,1,3,,3,ACHILLE RENE BOISNEUF (RUE),0,,2,2,0,1,(1),(1),1,, -1,1,0,1,50,3,12,2021,10:15,1,971,97101,2,3,0,3,ACHILLE RENE BOISNEUF (RUE),16.26921,-61.50606,10,2,2
202100025308,156Â 421,A01,1,1,2,0,1,-1,-1,0,0,-1,2021,50.0,1,2,0,2,4,16,1,,4,BAYEUX (RUE DU143 IMPAIR . 160 PAIR,0,,2,2,0,1,(1),(1),1,, -1,1,0,1,50,5,8,2021,20:20,1,14,14118,2,3,0,6,D9A,49.18515,-0.39564,20,3,3
202100031388,145Â 646,B01,1,1,1,1,0,-1,-1,0,0,-1,2021,52.0,1,1,0,2,4,2,5,,7,8,-1,C,2,2,0,1,2,775,1,, -1,1,0,1,50,30,6,2021,07:50,1,13,13041,2,1,0,2,D8c,43.449492,5.449825,7,2,2
202100035617,138Â 055,A01,1,1,2,5,2,6,-1,0,0,-1,2021,63.0,1,1,2,0,0,1,1,,3,36,-1,,2,1,0,2,34,285,3,, -1,1,0,3,80,10,6,2021,15:15,1,36,36070,1,1,0,6,la route du lac,46.443772,1.596794,15,1,1
202100018733,168Â 154,B01,1,1,1,9,8,-1,-1,-1, -1,-1,2021,24.0,1,1,0,2,1,21,1,,4,HENON                               (R ),0,,2,2,0,1,(1),(1),1,, -1,1,9,1,30,14,9,2021,09:25,1,69,69384,2,2,0,3,JACQUES-LOUIS HENON (R),45.77958,4.82737,9,2,2
202100009238,185Â 200,A01,1,1,2,1,1,0,-1,0,0,-1,2021,31.0,1,2,0,0,1,1,1,,7,ARMENTIERES (RUE D'),0,,2,2,0,1,(1),(1),1,, -1,1,0,3,50,5,11,2021,16:30,1,59,59152,1,9,0,7,ARMENTIERES (RUE D'),50.75755,2.99174,16,1,1
202100041179,127Â 991,A01,1,1,1,1,2,6,-1,0,0,-1,2021,31.0,3,1,0,2,7,17,1,,4,,0,A,2,2,0,1,(1),(1),1,, -1,1,0,1,30,6,5,2021,13:25,1,56,56143,2,3,0,3,Rue du General de Gaulle,47.552335,-2.480738,13,5,2
202100050802,110Â 871,B01,1,1,1,5,2,6,-1,0,0,-1,2021,28.0,1,1,0,2,8,1,5,,3,611,-1,,2,2,0,1,26,800,2,, -1,1,0,1,80,21,2,2021,10:30,1,11,11390,1,3,0,3,D611,43.110359,2.757429,10,2,2
202100013419,177Â 745,B01,2,1,2,1,8,0,-1,-1, -1,-1,2021,47.0,1,1,0,2,1,1,5,,4,PASTEUR RUE,0,,1,1,0,1,0,0,1,, -1,1,0,1,50,13,10,2021,18:20,1,92,92049,2,1,0,3,PASTEUR RUE,48.820251715,2.3157120067,18,2,2
202100001680,198Â 792,B01,4,2,2,5,3,0,-1,-1, -1,-1,2021,7.0,1,2,0,2,4,2,1,,1,A4,0,,3,6,0,1,4,0,1,, -1,1,0,1,90,23,12,2021,17:30,2,94,94069,1,1,0,4,A4,48.8171389327,2.4422619339,17,4,3
202100046713,118Â 273,A01,1,1,2,4,1,-1,-1,-1, -1,-1,2021,44.0,2,4,0,2,1,2,1,,1,ROCADE A 630,0,,3,4,0,1,13,69,1,, -1,1,8,1,70,22,3,2021,18:10,1,33,33162,1,1,0,4,ROCADE A 630,44.86356,-0.655284,18,7,5
202100051838,109Â 045,A01,1,1,1,2,1,0,-1,-1, -1,-1,2021,47.0,2,2,3,0,1,13,1,,3,67,0,,-1,2,0,1,0,0,3,, -1,7,0,4,50,10,2,2021,16:33,1,92,92002,2,1,1,6,JEAN MONNET (AVENUE),48.74637,2.29649,16,1,1
202100019387,166Â 977,B01,1,1,1,0,2,6,-1,0,0,-1,2021,53.0,2,1,0,2,8,1,1,,3,146,-1,,2,2,0,1,4,580,1,,4,1,0,1,80,13,9,2021,13:50,1,12,12217,1,2,0,3,D146,44.4118879836,1.9253772497,13,2,2
202100023309,159Â 951,A01,1,1,1,5,8,0,-1,0,0,-1,2021,10.0,3,1,0,2,1,16,5,,4,MAISONS BLANCHES (RUE DES),0,,2,2,0,1,1,0,1,, -1,1,0,1,50,20,8,2021,15:25,1,5,5023,2,9,0,3,MAISONS BLANCHES (RUE DES),44.88312,6.62858,15,2,2
202100009589,184Â 567,B01,1,1,1,4,2,0,-1,-1, -1,-1,2021,27.0,1,1,1,0,1,1,5,,3,724,0,,2,2,0,1,103,178,1,, -1,1,0,5,50,31,10,2021,17:10,1,56,56098,2,1,0,3,JAURES (RUE  JEAN ),47.76413,-3.36036,17,2,2
202100015498,174Â 002,A01,1,1,2,0,1,0,-1,-1, -1,-1,2021,40.0,3,2,0,2,4,1,1,,3,GABRIEL PERI (AVENUE),0,,2,2,0,1,0,0,1,, -1,2,0,1,50,2,10,2021,19:25,5,91,91326,2,1,1,4,GABRIEL PERI (AVENUE),48.69582,2.36772,19,2,2
202100039585,130Â 827,A01,10,3,1,5,0,-1,-1,5,5,2,2021,5.0,0,1,0,1,1,25,3,,4,FEUCHERES (AVENUE),0,,-1,1,3,1,0,0,1,, -1,1,0,4,30,15,5,2021,19:00,1,30,30189,2,1,0,6,FEUCHERES (AVENUE),43.8344,4.363,19,2,1
202100026513,154Â 309,B01,1,1,1,0,1,0,-1,-1, -1,-1,2021,21.0,0,1,0,2,1,1,1,,3,CHANZY (BOULEVARD),0,,2,2,1,1,1,0,1,, -1,1,0,1,50,29,7,2021,17:00,1,93,93048,2,3,0,3,Boulevard de Chanzy / Rue des Sorins,48.85873,2.42724,17,2,2
202100025833,155Â 517,B01,1,1,2,0,2,-1,-1,0,0,-1,2021,34.0,1,1,0,2,8,1,1,,3,117,-1,D,2,2,0,1,13,120,1,, -1,2,0,1,50,4,8,2021,06:50,2,9,9160,2,9,1,3,16 Rue Jean JaurÃ¨s,42.93208,1.847044,6,2,2
202100040244,129Â 664,B01,1,1,1,5,0,-1,-1,0,0,-1,2021,15.0,3,1,0,2,1,15,5,,4,,-1,,2,2,0,1,(1),(1),3,,4,1,0,1,50,12,5,2021,18:37,1,68,68300,2,7,0,1,9 AllÃ©e des Alouettes,47.792469,7.380087,18,2,2
202100053280,106Â 496,A01,7,2,1,5,1,-1,-1,0,0,-1,2021,21.0,3,2,2,0,1,1,1,,4,0,0,A,2,2,0,1,0,0,1,, -1,2,0,3,50,23,1,2021,16:15,1,83,83140,1,1,1,6,Chemin de la Menuguette,43.415746,5.928717,16,3,1
202100016861,171Â 481,A01,10,3,1,0,0,-1,-1,3,3,1,2021,75.0,2,2,0,1,3,16,1,,4,REPUBLIQUE (DE)                     (R ),0,,2,2,0,1,(1),(1),1,, -1,1,0,8,50,23,9,2021,19:20,2,69,69282,2,6,0,6,REPUBLIQUE (DE LA) (R),45.76842,4.99117,19,2,1
202100020333,165Â 291,A01,1,1,2,1,2,6,-1,0,0,-1,2021,23.0,1,1,0,2,1,1,1,,4,BOULEVARD DE ROCHECHOUART,0,,1,2,3,1,(1),(1),1,, -1,1,0,1,30,7,9,2021,08:50,1,75,75118,2,3,0,2,BOULEVARD DE ROCHECHOUART,48.883221,2.345315,8,2,2
202100020121,165Â 660,A01,1,1,1,1,2,0,-1,-1, -1,-1,2021,34.0,3,1,0,0,0,1,1,,4,NOYER GRENOT (R DU),0,,2,2,0,1,0,1,1,, -1,1,0,1,50,8,9,2021,09:00,1,94,94054,2,2,0,7,Rue du Noyer Grenot,48.74918,2.40189,9,1,1
202100035796,137Â 722,A01,1,1,1,5,1,-1,-1,0,0,-1,2021,17.0,1,2,0,0,9,0,1,,3,443,0,,2,2,0,1,7,950,1,, -1,1,0,1,80,8,6,2021,19:15,1,63,63013,1,1,0,7,Le Creux du Lac,45.981621,3.181443,19,2,1
202100017088,171Â 085,B01,1,1,1,2,2,6,-1,-1, -1,-1,2021,24.0,2,1,0,2,6,1,1,,3,LEDRU ROLLIN (AV),0,,2,2,0,1,1,0,2,, -1,1,9,1,50,24,9,2021,14:50,1,94,94058,2,1,0,3,LEDRU ROLLIN (AV),48.842289,2.501748,14,2,2
202100045792,119Â 899,A01,10,3,2,5,0,-1,-1,2,3,1,2021,74.0,3,1,0,1,1,1,5,,4,ROUTE DES LACS A PASSY,0,,2,2,1,1,(1),(1),1,, -1,1,-1,5,50,29,3,2021,14:45,1,75,75116,2,3,0,6,ROUTE DES LACS A PASSY,48.858413,2.258892,14,2,1
202100052845,107Â 261,A01,1,1,2,1,8,-1,-1,0,0,-1,2021,33.0,1,2,2,2,7,17,1,,3,402,-1,,2,2,0,1,(1),(1),1,, -1,1,0,3,75,2,2,2021,16:25,1,14,14076,1,1,0,6,Rue de la Mer,49.221378,-0.289877,16,2,2
202100027990,151Â 673,B01,1,1,1,9,2,-1,-1,0,0,-1,2021,64.0,1,1,0,2,3,13,1,,3,268,-1,,2,2,0,2,53,300,2,, -1,1,0,1,50,21,7,2021,12:05,1,201,201308,1,1,0,3,Saint AndrÃ©,41.697045,9.069192,12,2,2
202100016065,172Â 936,B01,1,1,2,0,1,0,-1,-1, -1,-1,2021,46.0,1,2,0,2,1,2,1,,4,VICTOIRE (AVENUE DE LA),0,,2,2,0,2,0,0,1,, -1,2,0,1,50,27,9,2021,07:00,1,974,97411,2,2,1,3,VICTOIRE (AVENUE DE LA),-20.87661,55.44782,7,3,2
202100000430,200Â 941,B01,2,2,2,0,2,0,-1,-1, -1,-1,2021,26.0,1,1,0,2,2,1,0,,4,PRADO (AVENUE DU),0,,1,4,0,1,0,0,1,, -1,1,9,1,50,13,11,2021,23:20,5,13,13208,2,1,0,3,PRADO (AVENUE DU),43.2704975943,5.3881923555,23,3,2
202100027204,153Â 089,C01,1,1,2,0,2,8,-1,-1, -1,-1,2021,15.0,3,1,0,2,8,1,1,,3,DOUMER (ALLEE PAUL),0,,2,2,0,2,0,480,3,, -1,1,0,1,50,20,7,2021,18:40,1,48,48095,2,1,0,5,DOUMER (ALLEE PAUL),44.52103,3.49963,18,4,3
202100017762,169Â 875,A01,1,1,1,5,1,0,-1,-1, -1,-1,2021,24.0,1,2,0,2,1,2,1,,1,A51-Sens Marseille vers Aix en Provence,0,,1,3,0,1,4,500,1,, -1,1,0,1,90,21,9,2021,18:15,1,13,13071,1,1,0,2,A51-Sens Marseille vers Aix en Provence,43.4150368421,5.3649166262,18,5,5
202100051127,110Â 289,A01,2,2,2,9,1,-1,-1,0,0,-1,2021,48.0,2,2,3,0,8,1,1,,1,62,-1,A,3,4,0,1,53,0,1,, -1,1,0,8,130,19,2,2021,15:00,1,33,33002,1,9,0,6,,44.511182,-0.061578,15,2,1
202100013862,176Â 921,A01,1,1,1,5,1,-1,-1,-1, -1,-1,2021,74.0,3,2,0,4,8,15,1,,4,RTE DU MEDOC,0,,2,3,3,1,(1),(1),1,, -1,1,4,6,50,11,10,2021,07:45,1,33,33069,2,2,0,3,Route du MÃ©doc,44.8743458825,-0.6185522676,7,2,2
202100027321,152Â 887,A01,1,1,1,5,2,0,-1,-1, -1,-1,2021,13.0,0,1,0,2,1,19,3,,4,A.HENRI(RUE),0,,2,1,0,1,(1),(1),1,, -1,1,0,1,30,23,7,2021,11:10,1,973,97302,2,1,0,3,A.HENRI(RUE),4.9226612363,-52.3113594953,11,2,2
202100047981,115Â 975,B01,1,1,1,9,2,6,-1,0,0,-1,2021,37.0,1,1,0,2,1,2,1,,3,137,0,D,2,2,0,1,119,198,1,, -1,1,0,1,50,15,3,2021,20:15,3,17,17407,2,1,0,3,Route de Nantes,46.206792,-1.026949,20,2,2
202100050774,110Â 923,A01,10,3,1,9,0,-1,-1,2,3,1,2021,40.0,1,2,0,1,4,4,1,,4,RUE DES JEUNEURS,0,,-1,1,1,1,(1),(1),1,, -1,1,0,1,30,20,2,2021,13:50,1,75,75102,2,1,0,6,RUE DES JEUNEURS,48.869315,2.345421,13,2,1
202100020015,165Â 850,B01,1,1,1,0,2,0,-1,-1, -1,-1,2021,22.0,2,1,0,2,8,3,1,,2,RN12 INT,0,,3,3,0,1,22,500,1,, -1,2,0,2,110,9,9,2021,09:30,1,78,78646,1,1,1,3,RN12 INT,48.791124,2.104646,9,2,2
202100040858,128Â 599,A01,1,1,2,1,1,4,-1,-1, -1,-1,2021,55.0,2,2,0,2,1,2,1,,1,6,0,,3,3,0,1,10,699,1,, -1,1,0,1,110,8,5,2021,17:30,1,91,91689,1,1,0,4,AUTOROUTE A6,48.737581,2.318748,17,3,2
202100044725,121Â 770,B01,1,1,1,4,2,0,-1,-1, -1,-1,2021,30.0,1,1,0,2,8,1,1,,3,R JEAN JAURES ,0,,1,2,0,1,1,0,1,, -1,1,0,1,30,7,4,2021,20:15,2,94,94022,2,1,0,3,Rue Jean Jaures,48.765204,2.408051,20,2,2
202100023382,159Â 823,A01,2,2,2,5,1,-1,-1,0,0,-1,2021,52.0,2,2,0,2,1,1,1,,3,129,-1,,2,2,0,1,45,300,1,, -1,1,0,1,80,20,8,2021,20:55,1,17,17462,1,1,0,1,rd 129,45.776008,-0.56154,20,5,2
202100053061,106Â 879,B01,4,2,2,2,3,1,-1,-1, -1,-1,2021,1.0,3,2,0,2,8,1,1,,4,BONNE NOUVELLE NOTRE DAME DE,0,,2,2,0,4,(1),(1),1,, -1,2,5,1,50,29,1,2021,08:47,1,29,29019,2,4,0,3,Rue Notre Dame de Bonne Nouvelle,48.403809533,-4.4866716738,8,5,2
202100048062,115Â 833,A01,1,1,2,0,1,-1,-1,0,0,-1,2021,23.0,1,2,0,2,5,5,1,,3,930,0,,2,2,0,1,3,236,1,, -1,2,0,1,80,15,3,2021,10:20,1,76,76260,1,1,1,1,Route de Gerberoy,49.494821,1.766632,10,2,2
202100042300,126Â 015,A01,10,3,2,5,0,-1,-1,2,3,1,2021,4.0,2,2,0,1,0,21,1,,4,GENERAL EUGENE BOUET (RUE DU),0,,1,1,0,2,0,0,1,, -1,2,0,1,50,27,4,2021,18:00,1,64,64102,2,1,1,6,GENERAL EUGENE BOUET (RUE DU),43.5012032411,-1.4674552816,18,2,1
202100020848,164Â 380,A01,1,1,1,0,1,0,-1,-1, -1,-1,2021,45.0,0,2,8,0,0,1,1,,4,RUE DE LA PAPOTIERE,0,,2,2,0,1,(1),0,2,, -1,1,0,1,30,4,9,2021,22:30,5,44,44109,2,1,0,6,RUE DE LA PAPOTIERE,47.24145,-1.49491,22,1,1
202100037590,134Â 468,A01,1,1,1,0,2,6,-1,-1, -1,-1,2021,57.0,2,1,0,2,1,1,1,,4,DE GAULLE (BD CHARLES),0,,2,4,1,1,(1),(1),1,, -1,1,5,1,50,29,5,2021,19:16,1,37,37214,2,2,0,6,DE GAULLE (BD CHARLES),47.4115415477,0.6755753607,19,3,2
202100008368,186Â 775,A01,1,1,1,4,2,0,-1,0,0,-1,2021,28.0,2,1,0,2,8,5,1,,4,AVENUE CLAUDE VELLEFAUX,0,,2,2,0,2,(1),(1),1,, -1,1,0,1,30,12,11,2021,16:06,2,75,75110,2,2,0,1,AVENUE CLAUDE VELLEFAUX,48.875214,2.370333,16,2,2
202100027502,152Â 567,B01,1,1,1,0,2,0,-1,-1, -1,-1,2021,26.0,2,1,0,2,1,7,1,,4,RECCO ABBE BOULEVARD,0,,3,4,3,1,(1),(1),1,, -1,1,0,6,50,22,7,2021,18:50,1,201,201004,2,1,0,3,RECCO ABBE BOULEVARD,41.9379183107,8.740033865,18,3,2
202100001330,199Â 381,A01,1,1,2,5,0,-1,-1,0,0,-1,2021,27.0,1,1,0,2,3,0,5,,2,91,-1,,2,2,0,1,2,600,1,, -1,1,0,1,40,27,12,2021,11:30,1,987,98729,2,1,0,3,PK2.6,-17.478295,-149.779052,11,2,2
202100030205,147Â 777,A01,10,3,2,9,0,-1,-1,2,3,1,2021,69.0,3,4,0,1,8,9,1,,4,MERIMEE,0,,1,2,0,1,1,0,1,, -1,1,9,8,50,7,7,2021,10:00,1,13,13214,2,6,0,6,MERIMEE,43.32771,5.39672,10,2,1
202100027837,151Â 958,B01,1,1,1,5,1,-1,-1,0,0,-1,2021,72.0,2,5,0,2,2,15,1,,2,12,-1,,1,1,0,1,73,260,1,, -1,2,3,1,50,5,7,2021,17:15,1,35,35275,1,5,1,1,D21,48.160063,-1.834862,17,2,2
202100027338,152Â 856,B01,1,1,1,1,2,6,-1,-1, -1,-1,2021,65.0,1,1,0,2,7,16,1,,4,RUE DES 3 PINS,0,,1,1,0,1,0,0,2,, -1,1,5,1,50,22,7,2021,22:10,5,83,83034,2,1,0,3,RUE DES 3 PINS,43.1072,6.051994,22,2,2
202100000485,200Â 837,A01,1,1,2,9,1,0,-1,-1, -1,-1,2021,25.0,1,2,3,0,3,1,1,,1,A7-Sens Lyon vers Marseille,0,,1,2,0,1,264,1,1,, -1,1,0,1,90,19,12,2021,04:20,3,13,13071,1,1,0,6,A7-Sens Lyon vers Marseille,43.418027,5.273375,4,2,2
202100033609,141Â 693,A01,1,1,2,5,1,5,-1,0,0,-1,2021,20.0,1,2,9,0,1,26,1,,3,SAINT LEGER (RUE DU FAUBOURG),0,,2,2,0,1,29,300,2,, -1,2,5,4,50,18,6,2021,03:55,5,27,27229,2,9,1,6,SAINT LEGER (RUE DU FAUBOURG),49.0355355026,1.1562966171,3,4,1
202100048886,114Â 377,C01,2,2,2,0,1,-1,-1,0,0,-1,2021,59.0,2,2,0,2,3,1,1,,3,67,-1,,2,2,0,1,34,500,1,, -1,1,5,1,80,8,3,2021,14:30,1,29,29201,1,2,0,5,D67 - Route de Trebabu,48.3805145843,-4.7119366229,14,5,3
202100045015,121Â 263,A01,10,3,1,0,0,-1,-1,1,3,1,2021,44.0,1,5,0,1,5,1,1,,3,RECHERCHANT (RUE ADRIEN) (2),0,,2,2,0,1,1,610,4,, -1,1,0,1,50,4,4,2021,11:00,1,974,97416,1,1,0,6,RECHERCHANT (RUE ADRIEN) (2),-21.282511,55.474857,11,2,1
202100010335,183Â 228,A01,10,3,2,9,0,-1,-1,1,3,1,2021,20.0,1,2,0,1,7,1,1,,4,JEAN SIMONNET (RUE),0,,1,1,0,1,0,0,1,, -1,2,9,1,50,29,10,2021,18:00,2,10,10387,2,1,1,7,JEAN SIMONNET (RUE),48.30166,4.08215,18,2,1
202100038486,132Â 851,D01,1,1,1,4,1,0,-1,-1, -1,-1,2021,60.0,1,5,0,2,5,1,1,,1,A50-Sens Marseille vers Aubagne,0,,3,3,0,1,2,800,1,, -1,1,0,1,90,25,5,2021,08:30,1,13,13211,1,1,0,5,A50-Sens Marseille vers Aubagne,43.285011,5.424381,8,5,5
202100051033,110Â 448,B01,1,1,1,1,1,4,-1,-1, -1,-1,2021,26.0,2,5,0,2,4,23,1,,3,PARIS (AVENUE DE),0,,2,3,0,1,40,99,1,, -1,2,0,1,50,16,2,2021,18:15,5,77,77320,2,1,1,6,PARIS (AVENUE DE),48.81786,3.05409,18,2,2
202100055542,102Â 575,A01,1,1,1,0,1,5,-1,-1, -1,-1,2021,29.0,3,2,0,0,1,21,1,,3,HALPERN.(AVENUE BERNARD),0,,1,3,0,1,(1),(1),1,, -1,1,0,1,70,9,1,2021,22:41,5,94,94028,2,1,0,6,HALPERN.(AVENUE BERNARD),48.789214,2.451538,22,2,1
202100029100,149Â 734,A01,10,3,2,0,0,-1,-1,9,9,1,2021,67.0,1,2,1,0,1,1,1,,4,MOSCOU (RUE DE),0,,2,2,0,1,0,0,1,, -1,2,0,1,50,12,7,2021,15:38,1,72,72095,2,1,1,6,MOSCOU (RUE DE),48.02224,0.20706,15,2,1
202100017809,169Â 787,A01,1,1,2,0,8,-1,-1,0,0,-1,2021,19.0,0,1,0,2,8,1,3,,4,ALBERT 1ER (MAIL),0,,2,4,0,1,(1),(1),1,, -1,1,0,1,50,14,9,2021,08:15,1,80,80021,2,1,0,3,ALBERT 1ER (MAIL),49.88856,2.30288,8,2,2
202100021808,162Â 639,B01,2,2,1,5,1,0,-1,0,0,-1,2021,17.0,1,2,0,2,5,1,1,,4,QUAI DE BERCY,0,,1,2,0,1,(1),(1),2,, -1,1,0,1,50,28,8,2021,23:50,5,75,75112,2,4,0,2,QUAI DE BERCY,48.82644,2.390669,23,3,2
202100041663,127Â 129,A01,1,1,1,0,2,8,-1,-1, -1,-1,2021,23.0,3,1,8,2,2,17,1,,3,RD 934 dit THIBAULT DE CHAMPAGNE,0,,2,2,0,1,16,46,1,, -1,1,5,1,50,1,5,2021,10:20,1,77,77111,2,2,0,3,RD 934 dit THIBAULT DE CHAMPAGNE,48.88041,2.77051,10,2,2
202100016684,171Â 807,A01,1,1,1,5,2,6,-1,-1, -1,-1,2021,19.0,3,1,0,2,8,1,1,,3,7,0,,1,2,0,1,0,0,1,, -1,1,0,1,50,26,9,2021,17:40,1,92,92040,2,1,0,3,STALINGRAD (QUAI DE),48.8227927499,2.2535046449,17,2,2