Num_Acc,id_vehicule,num_veh,place,catu,sexe,trajet,secu1,secu2,secu3,locp,actp,etatp,year_acc,victim_age,senc,catv,obs,obsm,choc,manv,motor,occutc,catr,voie,v1,v2,circ,nbv,vosp,prof,pr,pr1,plan,lartpc,larrout,surf,infra,situ,vma,jour,mois,an,hrmn,lum,dep,com,agg_,int,atm,col,adr,lat,long,hour,nb_victim,nb_vehicules
202100005039,192Â 781,B01,1,1,1,4,1,0,-1,-1, -1,-1,2021,36.0,2,5,0,0,4,2,1,,2,NATIONALE 6 (PARTIE FORET),0,,1,0,0,1,0,100,1,, -1,1,0,1,50,2,12,2021,11:30,1,91,91421,2,1,0,2,NATIONALE 6 (PARTIE FORET),48.690276,2.461174,11,2,2
202100049826,112Â 683,A01,1,1,2,3,1,-1,-1,0,0,-1,2021,26.0,2,2,0,2,2,1,1,,2,,-1,,1,-1,-1,1,37,666,3,, -1,1,3,1,-1,27,2,2021,16:55,1,78,78601,1,3,1,3,D936,48.620215,1.832174,16,5,2
202100009711,184Â 343,A01,1,1,1,0,2,0,-1,-1, -1,-1,2021,36.0,1,1,0,0,0,21,1,,1,A86,0,,3,2,0,1,0,899,1,, -1,1,0,1,90,3,11,2021,18:00,3,92,92050,1,1,0,7,A86,48.907055,2.212029,18,1,1
202100028979,149Â 926,B01,1,1,2,1,1,5,-1,-1, -1,-1,2021,32.0,1,2,0,2,1,1,1,,7,GARDANNE (ROUTE DE ),0,,1,0,0,1,0,0,2,, -1,1,0,1,50,14,7,2021,06:20,2,13,13001,2,9,0,1,GARDANNE (ROUTE DE ),43.53,5.40683,6,2,2
202100003464,195Â 559,A01,1,1,1,5,2,6,-1,0,0,-1,2021,36.0,0,1,0,0,8,1,1,,4,1,0,,2,2,0,2,(1),(1),2,, -1,2,0,1,50,12,12,2021,17:00,5,12,12101,2,1,0,7,Route de la Planque,44.604986,2.245803,17,1,1
202100054370,104Â 576,B01,1,1,1,0,1,0,-1,-1, -1,-1,2021,45.0,2,2,0,2,3,1,1,,4,COLMET LEPINAY (RUE),0,,1,1,0,1,1,0,1,, -1,1,0,1,30,20,1,2021,14:30,1,93,93048,2,2,0,3,COLMET LEPINAY (RUE),48.85496,2.44294,14,3,2
202100001592,198Â 962,A01,1,1,1,0,2,0,-1,0,0,-1,2021,59.0,1,1,0,2,1,2,1,,7,BINGEN (BD JACQUES),0,,3,5,0,1,(1),(1),1,, -1,1,0,1,90,21,12,2021,16:27,1,63,63113,1,9,0,2,BINGEN (BD JACQUES),45.77171,3.11847,16,2,2
202100013870,176Â 908,B01,1,1,1,1,2,0,-1,0, -1,-1,2021,29.0,1,1,0,2,1,2,1,,4,MOULIN A POUDRE (DE 15 ET 16 A FIN),0,,-1,2,0,1,(1),(1),1,, -1,1,0,1,50,11,10,2021,17:45,1,29,29019,2,3,0,3,Rue du Moulin Ã  Poudre,48.4011204858,-4.4897518955,17,2,2
202100034112,140Â 786,A01,10,3,2,1,0,0,-1,2,8,1,2021,19.0,2,5,0,1,1,13,1,,3,PONT DE CRETEIL (R DU),0,,2,2,3,1,1,0,1,, -1,1,9,6,50,15,6,2021,15:20,1,94,94068,2,1,0,6,Rue du Pont de CrÃ©teil,48.80057,2.47179,15,2,1
202100038018,133Â 704,A01,1,1,1,0,1,0,-1,-1, -1,-1,2021,47.0,2,2,2,0,0,26,0,,7,BLAGNAC (ROUTE DE),0,,2,1,0,1,43,297,1,, -1,1,0,1,50,26,5,2021,17:04,1,31,31555,2,1,0,6,BLAGNAC (ROUTE DE),43.6226,1.4051,17,1,1
202100016250,172Â 585,A01,1,1,2,9,2,0,-1,0,0,-1,2021,23.0,1,1,0,2,1,2,1,,4,BOULEVARD SAINT GERMAIN,0,,2,4,0,1,(1),(1),1,, -1,1,0,1,30,29,9,2021,09:00,1,75,75107,2,2,0,2,BOULEVARD SAINT GERMAIN,48.858507,2.323118,9,2,2
202100024356,158Â 145,B01,1,1,1,1,0,-1,-1,0,0,-1,2021,19.0,3,0,0,2,3,1,5,,3,103,0,,2,2,0,1,1,248,1,, -1,1,0,1,80,14,8,2021,14:25,1,76,76144,1,2,0,3,DÃPARTEMENTALE 103,49.758969,0.869004,14,2,2
202100051348,109Â 889,A01,10,3,2,5,0,-1,-1,4,3,1,2021,74.0,3,2,0,1,2,1,1,,4,,-1,,2,2,0,1,(1),(1),1,, -1,2,6,1,50,16,2,2021,11:45,1,22,22377,2,1,1,6,Rue Saint Marc,48.666056,-2.860694,11,2,1
202100031516,145Â 426,A01,1,1,1,5,2,6,-1,0,0,-1,2021,16.0,1,1,0,2,7,15,1,,3,87,-1,,2,2,0,2,6,190,3,, -1,1,0,1,50,2,7,2021,17:15,1,1,1400,2,9,0,3,D87,45.805843,5.491847,17,2,2
202100018888,167Â 885,A01,10,3,1,9,0,-1,-1,6,1,1,2021,36.0,2,4,0,1,1,2,1,,1,AUTOROUTE A25,0,,3,4,0,1,6,386,1,, -1,1,0,1,90,14,9,2021,03:00,3,59,59360,1,1,0,6,AUTOROUTE A25,50.6189207315,3.0031718326,3,2,1
202100049111,113Â 969,A01,1,1,1,0,8,0,-1,0,0,-1,2021,42.0,1,0,0,9,0,26,0,,2,ROUTE DE PONT D ISERE-RN7,0,,3,2,0,1,40,540,1,, -1,1,0,1,80,5,3,2021,16:25,1,26,26058,1,9,0,6,1700 Route des Combeaux aux Chanalets,44.974681,4.883723,16,1,1
202100036420,136Â 604,A01,1,1,1,9,8,0,-1,-1, -1,-1,2021,15.0,1,1,0,0,3,26,1,,4,MONPLAISIR BOULEVARD,0,,2,2,0,1,1,0,1,, -1,2,0,1,50,4,6,2021,19:35,1,49,49007,2,1,0,7,MONPLAISIR BOULEVARD,47.487,-0.5152,19,1,1
202100037777,134Â 136,A01,1,1,1,0,2,0,-1,0,0,-1,2021,58.0,3,1,0,2,1,1,1,,4,PASTEUR (RUE LOUIS),0,,2,4,0,1,(1),(1),1,, -1,1,0,1,50,28,5,2021,16:55,1,54,54328,2,4,0,2,rue Pasteur,48.61755,6.17942,16,3,2
202100028907,150Â 057,A01,1,1,1,5,2,-1,-1,0,0,-1,2021,27.0,1,1,0,0,0,1,1,,3,D2,-1,,2,2,0,1,16,880,2,, -1,1,0,3,-1,15,7,2021,23:50,3,34,34281,1,1,0,7,D2,43.527829,3.569098,23,1,1
202100001979,198Â 263,C01,1,1,1,5,1,0,-1,-1, -1,-1,2021,32.0,2,2,0,2,4,2,1,,1,AUTOROUTE A6,0,,3,6,0,1,10,399,1,, -1,1,0,1,110,21,12,2021,13:50,1,91,91689,1,1,0,4,AUTOROUTE A6,48.73016,2.31482,13,3,3
202100031082,146Â 184,A01,1,1,1,1,2,0,-1,-1, -1,-1,2021,39.0,1,1,0,2,1,26,1,,4,GASNIER AVENUE,0,,2,2,0,1,1,0,1,, -1,1,0,1,50,30,6,2021,18:06,1,49,49007,2,1,0,2,GASNIER AVENUE,47.483438,-0.569914,18,2,2
202100053924,105Â 357,A01,4,2,1,0,1,0,-1,-1, -1,-1,2021,21.0,1,2,9,0,3,13,1,,4,L'ASSAINISSEMENT (RUE DE),0,,1,1,0,1,(1),(1),1,, -1,1,0,1,30,23,1,2021,06:50,2,971,97120,2,1,0,6,L'ASSAINISSEMENT (RUE DE),16.2458158828,-61.5313791932,6,4,1
202100000302,201Â 181,A01,10,3,2,5,0,-1,-1,9,9,2,2021,34.0,3,1,0,1,4,1,3,,9,,-1,,-1,-1,-1,1,(1),(1),1,, -1,1,0,8,-1,10,6,2021,22:30,5,33,33063,2,1,-1,6,Promenade Quai des Chartrons,44.853526,-0.565706,22,2,1
202100023037,160Â 449,B01,1,1,2,0,0,-1,-1,0,0,-1,2021,20.0,0,1,0,2,1,19,3,,3,PASTEUR MARTIN LUTHER KING (SQUARE DU),0,,3,4,3,1,10,297,1,, -1,1,5,1,50,27,6,2021,10:49,1,78,78621,2,9,0,3,PASTEUR MARTIN LUTHER KING (SQUARE DU),48.7732,1.98884,10,2,2
202100047102,117Â 578,B01,1,1,1,4,8,-1,-1,0,0,-1,2021,53.0,1,2,0,2,2,15,1,,3,468,-1,,2,2,0,1,41,540,1,, -1,1,0,1,80,23,3,2021,11:00,1,68,68246,1,3,0,3,RD 468,47.989074,7.535827,11,2,2
202100027891,151Â 857,B01,1,1,1,0,2,-1,-1,0,0,-1,2021,21.0,0,1,0,2,1,1,1,,4,PIERRE ROLLIN (RUE),0,,2,3,0,1,(1),(1),1,, -1,1,0,1,50,17,7,2021,14:53,1,80,80021,2,1,0,3,PIERRE ROLLIN (RUE),49.87639,2.31329,14,2,2
202100022579,161Â 258,A01,1,1,1,4,1,4,-1,-1, -1,-1,2021,41.0,1,2,0,2,1,2,1,,1,A4,0,,3,3,0,1,25,800,1,, -1,1,0,1,130,25,8,2021,09:10,1,77,77058,1,1,0,2,A4,48.8287948439,2.7243070605,9,2,2
202100009311,185Â 060,A01,1,1,1,0,1,0,-1,-1, -1,-1,2021,51.0,1,2,0,2,3,1,1,,4,JULES VERNE,0,,2,1,0,1,66,0,1,, -1,2,0,1,30,4,11,2021,16:50,1,93,93029,2,9,1,3,JULES VERNE,48.922971,2.420959,16,3,2
202100041259,127Â 849,A01,2,2,1,5,1,0,-1,-1, -1,-1,2021,12.0,2,0,8,0,1,1,1,,4,JEAN FERRAT (RUE),0,,2,2,0,1,0,0,1,, -1,1,0,1,50,2,5,2021,16:03,1,87,87085,2,1,0,6,JEAN FERRAT (RUE),45.87901,1.26253,16,2,1
202100025990,155Â 222,A01,1,1,1,5,2,-1,-1,0,0,-1,2021,17.0,1,1,0,2,4,26,1,,4,LOC' H ROUTE DU,0,,2,2,0,1,(1),(1),1,, -1,1,0,1,50,31,7,2021,19:45,1,29,29232,2,1,0,2,Route du Loc H,48.0106,-4.09455,19,2,2
202100040592,129Â 060,B01,1,1,2,9,8,-1,-1,-1, -1,-1,2021,25.0,0,1,0,0,0,0,0,,4,ALBERT THOMAS                       (CO),0,,2,4,1,2,(1),(1),1,, -1,1,0,1,50,9,5,2021,19:57,2,69,69383,2,2,0,3,ALBERT THOMAS (CR),45.746678226,4.8681208491,19,2,2
202100044377,122Â 347,A01,1,1,1,5,2,0,-1,-1, -1,-1,2021,25.0,1,1,0,2,1,1,5,,3,VICTOR HUGO (AVE)  NÂ° 167 =>,0,,2,2,0,1,0,1,1,, -1,1,0,1,50,11,4,2021,13:05,1,93,93001,2,3,0,3,VICTOR HUGO (AVE)  NÂ° 167 =>,48.912485699,2.3801741084,13,2,2
202100053758,105Â 651,B01,1,1,1,1,2,0,-1,-1, -1,-1,2021,62.0,1,1,0,2,4,23,1,,3,BD DE STALINGRAD,0,,2,2,0,1,1,0,1,, -1,1,0,1,50,20,1,2021,10:15,1,94,94017,2,1,0,2,STALINGRAD (BD DE),48.81773,2.50705,10,2,2
202100015285,174Â 390,A01,1,1,2,0,1,-1,-1,0,0,-1,2021,37.0,1,2,9,0,3,0,1,,3,106,0,,2,2,0,2,(1),(1),1,, -1,1,0,3,80,21,9,2021,03:50,5,971,97116,1,1,0,6,D106,16.338461,-61.509581,3,1,1
202100043834,123Â 333,A01,10,3,2,5,8,-1,-1,1,2,1,2021,64.0,3,1,0,1,3,1,1,,4,,0,,2,2,0,1,(1),(1),3,, -1,1,0,1,50,17,4,2021,09:30,1,85,85135,2,1,0,6,29 Rue de la Nicoliere,46.538741,-1.209993,9,2,1
202100018161,169Â 147,A01,1,1,1,0,2,6,-1,-1, -1,-1,2021,38.0,3,1,8,2,2,2,1,,7,RN 8,0,,2,2,0,1,0,100,1,, -1,1,0,1,30,17,9,2021,16:50,1,13,13005,2,9,0,6,RN 8,43.2848711546,5.591840744,16,2,2
202100022034,162Â 245,A01,1,1,1,0,1,0,-1,-1, -1,-1,2021,29.0,1,5,4,2,3,1,1,,1,A51-Sens Marseille vers Aix en Provence,0,,1,2,0,1,11,0,1,, -1,1,8,1,70,28,8,2021,10:30,1,13,13019,1,1,0,2,A51-Sens Marseille vers Aix en Provence,43.4272270327,5.383756076,10,4,2
202100013256,178Â 046,A01,10,3,2,0,0,-1,-1,1,3,1,2021,17.0,1,2,0,1,1,1,1,,3,NEUFCHATEL (RUE DE) DU NÂ° 1 A 121 (IMPAI,0,,2,2,0,1,0,1300,1,, -1,1,0,1,50,12,10,2021,13:47,1,51,51454,2,1,0,6,Rue de Neufchatel,49.27248,4.02641,13,2,1
202100012509,179Â 349,B01,1,1,1,5,1,-1,-1,0,0,-1,2021,24.0,2,2,0,2,3,13,1,,3,241,-1,,2,2,0,2,1,500,2,, -1,1,0,1,80,16,10,2021,16:35,1,47,47192,1,1,1,1,RD 241 La GrÃ¨ze,44.555127,0.554101,16,2,2
202100003274,195Â 910,A01,1,1,2,0,2,6,-1,-1, -1,-1,2021,18.0,2,1,0,2,1,13,1,,3,1,0,,2,2,0,1,0,0,1,, -1,2,0,1,50,12,12,2021,14:00,1,92,92024,2,1,1,3,CLICHY (QUAI DE) DE (104 A 202),48.9123230927,2.3112970591,14,2,2
202100005641,191Â 706,A01,1,1,1,4,2,6,-1,0,0,-1,2021,24.0,1,1,0,2,1,1,1,,4,RUE DE LA FAISANDERIE,0,,1,1,0,1,(1),(1),1,, -1,1,0,1,30,28,11,2021,21:10,5,75,75116,2,2,0,3,RUE DE LA FAISANDERIE,48.868147,2.275524,21,2,2
202100038299,133Â 185,B01,1,1,1,1,0,-1,-1,0,0,-1,2021,26.0,3,1,0,2,1,15,5,,4,,-1,,2,2,0,1,(1),(1),1,, -1,1,0,1,50,27,5,2021,09:00,1,59,59449,2,1,0,3,Rue Claude Jean,50.470675,3.248193,9,2,2
202100015448,174Â 093,A01,1,1,2,5,1,-1,-1,-1,0,-1,2021,24.0,1,2,4,0,4,1,1,,1,AUTOROUTE A15,0,,3,6,0,1,22,799,1,, -1,2,0,1,70,3,10,2021,12:35,1,95,95218,1,1,1,6, A15,49.0351184028,2.0985061907,12,1,1
202100009318,185Â 049,A01,2,1,1,9,2,8,-1,-1, -1,-1,2021,16.0,3,1,0,0,0,0,6,,4,,0,,1,1,0,1,0,0,1,, -1,1,0,8,50,5,11,2021,13:00,1,92,92026,2,1,0,7,Rue de lâIndustrie,48.8919693807,2.2565585375,13,1,1
202100051248,110Â 079,B01,1,1,1,5,0,-1,-1,0,0,-1,2021,73.0,1,1,0,2,5,1,5,,3,514,-1,,2,2,0,1,(1),(1),1,, -1,1,5,1,50,18,2,2021,15:35,1,14,14488,2,6,1,3,Route de Saint Aubin d'Arquenay,49.271676,-0.264798,15,2,2
202100011897,180Â 460,B01,1,1,1,1,0,-1,-1,0,0,-1,2021,31.0,1,1,0,2,1,1,5,,3,7738,0,A,2,2,0,2,2,230,1,, -1,2,0,1,80,22,10,2021,05:45,3,56,56226,1,1,1,1,Le Bout du Pont -,47.961781,-2.149077,5,2,2
202100006210,190Â 709,A01,1,1,2,9,2,0,-1,-1, -1,-1,2021,25.0,1,1,3,0,1,9,1,,4,GALMOT (AVENUE),0,,1,1,0,1,(1),(1),1,, -1,1,8,1,50,24,11,2021,09:40,1,973,97302,2,1,0,6,GALMOT (AVENUE),4.9315780596,-52.3295066357,9,1,1
202100027021,153Â 414,A01,1,1,1,4,0,-1,-1,0,0,-1,2021,53.0,2,4,0,0,4,2,0,,3,26,-1,,2,2,0,1,6,400,1,, -1,1,0,1,80,27,7,2021,06:19,2,13,13018,1,1,0,2,cd 26 PR 06-400,43.855481,4.957912,6,2,2
202100047387,117Â 066,B01,1,1,1,9,2,6,-1,0,0,-1,2021,59.0,2,1,0,2,3,3,1,,4,AVENUE MATHURIN MOREAU,0,,2,2,0,2,(1),(1),1,, -1,1,0,1,50,19,3,2021,17:28,2,75,75119,2,4,0,3,AVENUE MATHURIN MOREAU,48.878298,2.372901,17,2,2
202100040103,129Â 914,B01,1,1,1,5,2,-1,-1,0,0,-1,2021,43.0,1,1,0,2,4,2,1,,3,1075,0,,2,2,0,1,3,700,3,, -1,1,0,1,50,13,5,2021,13:40,1,5,5146,2,9,0,4,D1075,44.616947,5.708326,13,3,3
202100012246,179Â 833,A01,1,1,1,9,2,0,-1,0,0,-1,2021,32.0,1,1,0,2,1,9,1,,4,RUE ORDENER,0,,2,4,0,1,(1),(1),1,, -1,1,0,1,30,19,10,2021,16:38,1,75,75118,2,1,0,3,RUE ORDENER,48.890283,2.358836,16,2,2
202100025606,155Â 915,B01,1,1,1,5,8,0,-1,-1, -1,-1,2021,53.0,3,1,0,2,8,19,0,,4,GÃTÃ (RUE DU CDT) DU 35 AU 121 - DU 64 A,0,,3,2,0,1,(1),(1),1,, -1,1,0,1,50,2,8,2021,19:30,1,44,44184,2,2,0,3,GÃTÃ (RUE DU CDT) DU 35 AU 121 - DU 64 A,47.277,-2.22754,19,3,2
202100040994,128Â 344,A01,1,1,1,5,1,-1,-1,0,0,-1,2021,40.0,1,2,2,0,1,1,1,,3,820,-1,D,2,2,0,1,63,400,1,, -1,1,0,1,50,7,5,2021,16:25,1,31,31145,2,1,0,6,845 Les Baccarets,43.310495,1.513367,16,1,1
202100026197,154Â 868,A01,1,1,1,5,1,-1,-1,0,0,-1,2021,39.0,1,2,2,0,0,0,1,,3,1,0, -,2,2,0,2,(1),(1),2,,7,1,0,3,80,1,8,2021,10:00,1,84,84079,1,1,0,7,D1,44.082607,5.365883,10,1,1
202100024794,157Â 333,B01,1,1,1,5,2,-1,-1,0,0,-1,2021,65.0,2,1,0,2,8,1,5,,7,3,0,,2,2,0,2,40,450,3,, -1,1,0,1,50,10,8,2021,15:30,1,42,42302,2,1,0,3,Rue des Ãcoles,45.50414,4.435092,15,2,2
202100038716,132Â 430,A01,1,1,1,3,1,-1,-1,0,0,-1,2021,28.0,2,2,13,0,2,15,1,,3,37,-1,,2,2,0,1,3,600,4,, -1,1,0,3,80,24,5,2021,10:00,1,50,50041,1,4,0,6,D37 PR 03.600,49.622047,-1.797246,10,1,1
202100045886,119Â 733,C01,1,1,1,0,2,0,-1,-1, -1,-1,2021,32.0,1,1,0,2,7,17,1,,1,4,0,,1,2,0,1,0,0,3,, -1,1,0,1,70,30,3,2021,21:00,3,94,94069,1,1,0,6,A4,48.8165584712,2.4494408898,21,3,3
202100044132,122Â 790,B01,2,2,1,2,1,-1,-1,-1, -1,-1,2021,18.0,3,2,0,2,7,15,1,,4,TEMPS MODERNES (DES)            (AV),0,,2,2,0,1,(1),(1),1,, -1,1,0,1,50,25,3,2021,17:55,1,69,69290,2,2,0,3,TEMPS MODERNES (DES) (AV),45.70763,4.9189,17,3,2
202100027114,153Â 249,B01,1,1,1,5,2,6,-1,0,0,-1,2021,59.0,1,1,0,2,8,1,1,,3,673,-1,,2,2,0,1,0,670,1,, -1,1,0,1,50,21,7,2021,19:00,1,39,39526,2,3,1,3,1 Rue Nationale,47.038544,5.412848,19,2,2
202100018108,169Â 250,A01,4,2,1,0,1,0,-1,-1, -1,-1,2021,29.0,1,2,13,0,1,13,1,,3,vahibe-Departementale 3 ( route ),0,,-1,2,0,1,0,0,3,, -1,1,0,8,50,17,9,2021,16:20,1,976,97611,1,1,0,7,vahibe-Departementale 3 ( route ),-12.78915,45.16419,16,3,1
202100034999,139Â 134,A01,1,1,1,5,2,6,-1,-1, -1,-1,2021,25.0,2,1,0,2,1,17,1,,3,GENNES (ROUTE DE) D 751,0,,2,2,0,1,3,500,1,, -1,1,0,1,50,9,6,2021,18:20,1,49,49328,2,1,0,1,GENNES (ROUTE DE) D 751,47.27793,-0.11636,18,2,2
202100030501,147Â 248,B01,1,1,1,5,1,0,-1,-1, -1,-1,2021,26.0,1,2,0,2,1,2,1,,1,A507 sens Marseille - Aubagne,0,,-1,3,0,1,5,599,1,, -1,1,1,1,70,6,7,2021,09:00,1,13,13055,1,1,0,2,A507 sens Marseille - Aubagne,43.2974878396,5.4248757362,9,2,2
202100033271,142Â 301,A01,1,1,1,5,2,-1,-1,0,0,-1,2021,21.0,2,1,0,2,1,2,1,,2,19,0,R,2,2,0,1,58,60,1,, -1,1,0,1,50,19,6,2021,14:30,1,70,70416,2,4,0,5,RN 19,47.665189,6.350902,14,3,3
202100015237,174Â 468,A01,2,1,1,1,8,0,-1,-1, -1,-1,2021,47.0,1,1,0,2,8,19,5,,3,"""LANDY RD 20, NR PAIRS 2 A 144""",0,,2,2,0,1,0,1,1,, -1,1,0,1,50,4,10,2021,09:10,1,93,93066,2,9,0,1,Rue du Landy,48.915323,2.353326,9,2,2
202100012680,179Â 052,A01,1,1,1,4,2,6,-1,0,0,-1,2021,33.0,2,1,0,0,7,7,1,,4,BOULEVARD DE CLICHY,0,,1,2,3,1,(1),(1),1,, -1,9,-1,6,30,16,10,2021,20:45,5,75,75109,2,2,0,7,BOULEVARD DE CLICHY,48.881929,2.339702,20,1,1
202100037797,134Â 101,A01,10,3,2,5,0,-1,-1,1,3,1,2021,32.0,2,1,0,1,1,1,1,,7,AGAU (AVENUE DE L'),0,,-1,2,0,1,0,474,1,, -1,1,0,1,80,28,5,2021,18:30,1,34,34129,1,1,0,6,AGAU (AVENUE DE L'),43.58637,3.90825,18,2,1
202100050784,110Â 908,B01,1,1,1,4,2,0,-1,-1, -1,-1,2021,26.0,2,1,0,2,7,17,1,,3,EDOUARD VAILLANT (AVENUE) - DEBUT/55 - C,0,,2,5,0,1,0,0,1,, -1,1,0,1,50,20,2,2021,19:40,5,92,92012,2,2,0,3,EDOUARD VAILLANT (AVENUE) - DEBUT/55 - C,48.8354542452,2.2495151311,19,2,2
202100051556,109Â 540,B01,1,1,1,5,2,-1,-1,0,0,-1,2021,66.0,2,1,0,2,6,1,5,,3,8,0,,2,2,0,1,12,400,2,, -1,1,0,3,90,13,2,2021,15:10,1,65,65335,1,1,0,3,RD 8,43.114122,0.121134,15,2,2
202100016012,173Â 041,A01,1,1,1,5,1,-1,-1,0,0,-1,2021,64.0,2,5,16,0,3,1,1,,3,22,0,,2,2,0,3,26,850,1,, -1,1,0,3,90,25,8,2021,14:15,1,53,53124,1,1,0,7,route dÃ©partementale 22,47.844314,-0.876642,14,1,1
202100034088,140Â 831,A01,10,3,2,5,0,-1,-1,8,9,3,2021,3.0,3,5,0,1,4,4,1,,4,AVENUE ALBERT DE MUN,0,,-1,1,0,1,(1),(1),1,, -1,1,6,1,20,16,6,2021,17:24,1,75,75116,2,1,0,6,AVENUE ALBERT DE MUN,48.863114,2.291588,17,4,1
202100023724,159Â 210,B01,1,1,1,5,1,-1,-1,0,0,-1,2021,41.0,1,2,0,2,1,1,1,,3,CD 405,0,,2,0,0,4,1,0,1,, -1,1,0,1,50,16,8,2021,21:35,2,14,14118,2,1,0,1,D405,49.17023,-0.38447,21,2,2
202100051104,110Â 328,B01,1,1,1,4,8,0,-1,-1, -1,-1,2021,62.0,2,2,0,2,2,1,3,,4,PUVIS DE CHAVANNES,0,,3,2,0,1,0,0,1,, -1,2,0,1,50,18,2,2021,09:15,1,92,92026,2,1,1,3,PUVIS DE CHAVANNES,48.8990002177,2.2354276288,9,2,2
202100048496,115Â 075,B01,1,1,2,0,1,0,-1,-1, -1,-1,2021,32.0,2,2,0,0,0,0,1,,1,A13,0,,3,6,0,1,26,600,1,, -1,1,0,1,110,11,3,2021,08:10,1,78,78672,1,1,0,2,A13,48.929775,1.984258,8,2,2
202100006145,190Â 830,A01,2,2,1,5,1,-1,-1,0,0,-1,2021,22.0,2,2,2,0,8,14,1,,3,78,0,,2,2,0,1,18,800,1,, -1,1,0,3,80,26,11,2021,19:30,3,44,44182,1,1,0,6,103 Route de Saint Pere En Retz,47.189178,-2.130207,19,2,1
202100024195,158Â 422,A01,1,1,1,5,1,-1,-1,0,0,-1,2021,21.0,1,2,4,0,8,2,1,,1,40,-1,,3,5,0,1,167,100,1,, -1,1,0,1,130,15,8,2021,07:15,2,1,1451,1,1,0,6,A40,46.23637,5.277943,7,1,1
202100002906,196Â 576,B01,1,1,2,1,8,-1,-1,-1, -1,-1,2021,23.0,1,1,0,4,8,0,3,,4,JOSEPH DESBOIS                      (R ),0,,2,2,3,1,(1),(1),1,, -1,2,4,1,50,14,12,2021,06:15,5,69,69282,2,8,1,3,JOSEPH DESBOIS (R),45.77108,5.00364,6,2,2
202100029184,149Â 585,B01,1,1,1,4,2,6,-1,-1, -1,-1,2021,34.0,2,1,0,0,8,17,1,,4,,0,,2,2,0,1,0,0,1,, -1,2,0,1,30,13,7,2021,20:05,1,92,92012,2,3,1,7,SEVRES (RUE DE) 1/55 - 2/40,48.83992,2.22852,20,2,2
202100000350,201Â 089,A01,1,1,1,5,1,-1,-1,-1, -1,-1,2021,40.0,1,2,0,2,1,2,1,,7,M7   2.278 A 3.690,0,,3,6,0,1,3,99,1,, -1,1,0,1,70,24,12,2021,01:45,3,69,69142,1,1,0,2,M7,45.7192041632,4.8187065125,1,2,2
202100035175,138Â 832,A01,1,1,1,5,2,-1,-1,0,0,-1,2021,16.0,1,1,0,0,1,1,1,,3,67,0,,-1,2,0,4,(1),(1),4,, -1,1,2,1,80,11,6,2021,16:25,1,14,14322,1,1,0,7,D67,49.253465,-0.70982,16,1,1
202100032459,143Â 759,A01,1,1,1,5,2,0,-1,-1, -1,-1,2021,78.0,0,1,0,1,1,2,5,,4,RUE DU LT COLONEL ARNAUD BELTRAME,0,,2,2,1,2,0,0,2,, -1,1,0,3,70,23,6,2021,18:05,1,91,91223,1,1,0,6,RUE DU LT COLONEL ARNAUD BELTRAME,48.447,2.13795,18,2,1
202100035451,138Â 343,A01,8,2,2,0,0,-1,-1,-1, -1,-1,2021,34.0,2,3,0,2,3,1,1,2.0,7,AMBROISE CROIZAT                    (BD),0,,3,6,1,1,2,0,1,, -1,1,0,1,50,9,6,2021,22:50,5,69,69259,2,2,0,3,AMBROISE CROIZAT (BD),45.70324,4.88748,22,3,2
202100011535,181Â 100,A01,1,1,1,1,2,6,-1,-1, -1,-1,2021,18.0,1,1,0,2,2,17,1,,4,MARIETTON                           (R ),0,,2,1,0,1,(1),(1),1,, -1,1,0,1,50,22,10,2021,08:50,1,69,69389,2,2,0,3,MARIETTON (R),45.7757451736,4.8019795941,8,2,2
202100003606,195Â 301,B01,8,2,1,4,8,-1,-1,-1, -1,-1,2021,44.0,2,5,0,2,4,23,1,,4,,0,,2,2,2,1,(1),(1),1,, -1,1,0,1,50,10,12,2021,12:10,1,69,69266,2,1,0,2,PIERRE LOUIS BERNAIX (R),45.76153,4.89666,12,4,2
202100016723,171Â 733,B01,1,1,2,1,4,-1,-1,0,0,-1,2021,33.0,2,1,0,0,3,2,5,,3,919,-1,,2,2,0,2,39,593,1,, -1,1,0,1,80,27,9,2021,07:10,3,9,9103,1,1,0,3,D919,43.027584,1.575208,7,2,2
202100040180,129Â 778,B01,1,1,1,1,8,0,-1,-1, -1,-1,2021,27.0,1,1,0,2,3,0,6,,4,CARNOT,0,,-1,2,0,1,1,0,1,, -1,1,0,1,50,11,5,2021,12:46,1,49,49007,2,3,0,3,CARNOT,47.47534,-0.54855,12,2,2
202100050350,111Â 702,A01,1,1,2,5,1,8,-1,-1, -1,-1,2021,56.0,2,2,0,2,1,9,1,,4,BOUYALA D'ARNAUD (BOULEVARD),0,,2,2,0,1,0,0,1,, -1,1,0,1,30,24,2,2021,13:00,1,13,13212,2,9,0,3,BOUYALA D'ARNAUD (BOULEVARD),43.2977651822,5.4405786128,13,2,2
202100029462,149Â 122,B01,2,2,1,5,1,-1,-1,0,0,-1,2021,38.0,2,2,3,2,8,1,1,,1,11,-1,,3,3,0,3,40,100,1,,"13,5",1,0,1,130,11,7,2021,20:30,1,28,28015,1,1,0,3,Autoroute Oceane - A11,48.512177,1.767249,20,6,2