Num_Acc,id_vehicule,num_veh,place,catu,sexe,trajet,secu1,secu2,secu3,locp,actp,etatp,year_acc,victim_age,senc,catv,obs,obsm,choc,manv,motor,occutc,catr,voie,v1,v2,circ,nbv,vosp,prof,pr,pr1,plan,lartpc,larrout,surf,infra,situ,vma,jour,mois,an,hrmn,lum,dep,com,agg_,int,atm,col,adr,lat,long,hour,nb_victim,nb_vehicules
202100028885,150Â 091,B01,1,1,1,9,2,8,-1,-1, -1,-1,2021,16.0,1,1,9,2,1,17,1,,4,,0,,2,0,0,1,0,0,1,, -1,1,0,1,50,15,7,2021,15:45,1,92,92004,2,3,0,3,HENRI POINCARE,48.9303606641,2.2813542187,15,2,2
202100004743,193Â 302,B01,1,1,1,1,8,0,-1,-1, -1,-1,2021,33.0,1,1,0,2,4,1,3,,4,AMERIQUE (CHAUSSEE D'),0,,3,4,0,1,0,0,1,, -1,2,0,1,50,1,12,2021,06:32,5,57,57672,2,1,1,2,AMERIQUE (CHAUSSEE D'),49.37053,6.16217,6,2,2
202100042483,125Â 684,A01,10,3,1,5,0,-1,-1,3,9,2,2021,13.0,1,2,0,1,3,1,1,,4,JUIN 18  RUE,0,,2,2,3,1,(1),(1),1,, -1,1,9,1,30,26,4,2021,17:22,1,17,17291,2,9,0,6,JUIN 18  RUE,46.17627,-1.11335,17,2,1
202100023658,159Â 337,A01,10,3,2,3,0,-1,-1,9,B,1,2021,73.0,2,5,0,1,3,1,1,,4,,-1,,2,2,0,1,(1),(1),1,,4,1,0,1,50,19,8,2021,10:35,1,34,34272,2,1,0,6,rue du chateau,43.659792,4.113173,10,2,1
202100046213,119Â 162,A01,2,2,1,1,8,0,-1,-1, -1,-1,2021,23.0,1,2,6,0,2,1,1,,4,RUE VICTOR HUGO,0,,2,2,0,3,0,100,1,, -1,1,0,1,50,28,3,2021,05:00,5,91,91201,2,3,0,6,RUE VICTOR HUGO,48.6825,2.4177,5,2,1
202100044846,121Â 556,A01,10,3,2,1,0,-1,-1,2,3,1,2021,32.0,3,1,0,1,1,17,1,,4,AV DU GENERAL MALLERET JOINVILLE ,0,,2,2,0,1,1,0,1,, -1,1,0,1,50,6,4,2021,21:00,3,94,94002,2,3,0,6,Avenue du General Malleret-Joinville,48.80272,2.4253,21,2,1
202100023101,160Â 320,B01,1,1,1,4,1,8,-1,-1, -1,-1,2021,45.0,3,5,0,2,3,15,1,,3,CLOS DE L'AUMONE (BOULEVARD DU),0,,2,2,0,1,2,213,1,, -1,1,0,1,70,21,8,2021,10:37,1,77,77169,1,3,0,3,CLOS DE L'AUMONE (BOULEVARD DU),48.82617,2.61103,10,2,2
202100043667,123Â 620,A01,10,3,1,3,8,8,-1,3,3,1,2021,75.0,1,1,0,1,1,16,1,,3,VERDUN (RUE DE) NÂ° PAIRS,0,,-1,0,0,1,1,0,3,, -1,1,6,1,30,17,4,2021,11:30,1,92,92007,2,6,0,6,VERDUN (RUE DE) NÂ° PAIRS,48.8019870628,2.3167875409,11,2,1
202100011430,181Â 291,A01,1,1,1,5,2,0,-1,-1, -1,-1,2021,15.0,1,1,0,2,1,18,1,,2,L'APPEL DU DIX-HUIT JUIN 1940 (AV DE),0,,3,6,0,1,1,0,1,, -1,1,0,1,50,23,10,2021,21:19,5,94,94078,2,9,0,3,L'APPEL DU DIX-HUIT JUIN 1940 (AV DE),48.75935,2.44338,21,4,2
202100036734,136Â 050,B01,1,1,1,0,1,0,-1,-1, -1,-1,2021,22.0,1,2,0,2,3,1,1,,1,A7-Sens Lyon vers Marseille,0,,1,3,3,1,281,0,1,, -1,1,0,1,90,25,5,2021,18:50,1,13,13203,1,1,0,4,A7-Sens Lyon vers Marseille,43.317052,5.377237,18,4,3
202100014508,175Â 777,A01,2,2,1,5,1,-1,-1,0,0,-1,2021,23.0,1,2,2,0,3,13,1,,3,43,-1,,2,2,0,1,22,530,1,, -1,1,0,3,80,9,10,2021,07:50,2,95,95169,1,1,0,6,RD 43,49.132286,1.88805,7,2,1
202100052259,108Â 294,A01,1,1,1,1,2,6,-1,0,0,-1,2021,59.0,2,6,2,0,1,13,1,,3,43,-1,,2,2,0,2,19,850,1,, -1,2,0,3,80,8,2,2021,14:15,1,74,74208,1,1,0,6,Rte de Plaine Joux,45.946015,6.722032,14,1,1
202100037182,135Â 223,B01,1,1,1,4,2,8,-1,-1, -1,-1,2021,23.0,1,1,0,0,0,0,1,,4,,0,,2,1,0,1,0,0,1,, -1,1,0,1,50,3,5,2021,20:50,2,91,91687,2,2,0,1,PRESIDENT KENNEDY (AVENUE DU),48.66653,2.36424,20,2,2
202100015633,173Â 729,B01,1,1,1,2,8,0,-1,-1, -1,-1,2021,12.0,1,1,0,2,7,26,5,,3,1079,0,,1,0,1,1,32,0,1,, -1,1,6,5,50,1,10,2021,17:34,1,1,1053,2,1,0,7,EDOUARD HERRIOT ( BD),46.211056539,5.2195667293,17,2,2
202100045927,119Â 661,B01,1,1,2,1,8,0,-1,-1, -1,-1,2021,54.0,2,1,0,2,1,1,5,,4,WILBUR WRIGHT (RUE),0,,2,4,0,3,0,0,1,, -1,1,5,1,50,29,3,2021,12:38,1,72,72181,2,6,0,3,WILBUR WRIGHT (RUE),48.0078,0.1985,12,2,2
202100048920,114Â 312,A01,4,2,1,5,1,0,-1,-1,0,-1,2021,21.0,1,2,1,0,1,12,1,,3,RD 170 ,0,,3,4,0,1,0,500,2,, -1,1,0,1,70,6,3,2021,16:15,1,95,95088,1,1,0,2,RD 170 ,48.9747978786,2.4264658202,16,4,2
202100055892,101Â 971,A01,10,3,1,5,0,-1,-1,4,3,1,2021,24.0,2,3,0,1,1,1,1,1.0,4,,0,,2,3,3,1,(1),(1),1,, -1,1,-1,1,50,7,1,2021,19:20,5,69,69386,2,3,0,6,MARECHAL DE SAXE (AV),45.7660148898,4.8444369435,19,2,1
202100053977,105Â 267,A01,4,2,1,0,1,0,-1,-1, -1,-1,2021,23.0,1,0,15,0,9,14,1,,3,VAILLANT-COUTURIER (AVENUE PAUL),0,,1,1,0,2,0,0,1,, -1,1,0,1,50,23,1,2021,01:40,3,93,93027,2,9,0,6,VAILLANT-COUTURIER (AVENUE PAUL),48.926922752,2.4172818661,1,4,1
202100020506,164Â 981,A01,10,3,1,5,0,-1,-1,3,3,1,2021,50.0,2,2,0,1,1,1,1,,4,JEAN MERMOZ,0,,2,2,0,1,0,0,1,, -1,1,0,1,50,5,9,2021,12:30,1,64,64129,2,1,0,6,JEAN MERMOZ,43.31743,-0.37834,12,2,1
202100047496,116Â 863,A01,1,1,2,1,2,8,-1,-1, -1,-1,2021,26.0,1,1,16,0,8,15,1,,4,SEMBAT (RUE  MARCEL ),0,,1,1,0,1,(1),(1),2,, -1,1,5,1,30,17,3,2021,18:10,1,56,56121,2,6,0,7,Rue Marcel Sembat,47.74835,-3.37442,18,1,1
202100041262,127Â 844,A01,1,1,1,0,2,0,-1,-1, -1,-1,2021,51.0,0,1,0,2,7,10,1,,4,FAURE. RUE FELIX,0,,2,2,0,1,(1),(1),1,, -1,1,0,1,50,5,5,2021,07:10,1,76,76165,2,1,0,3,FAURE. RUE FELIX,49.28859,1.03198,7,2,2
202100025016,156Â 936,Z01,10,3,1,5,8,8,-1,3,3,1,2021,82.0,1,2,0,1,4,4,0,,4,BOULEVARD DE LA VILLETTE,0,,2,3,0,1,(1),(1),1,, -1,1,0,1,50,8,8,2021,20:20,1,75,75119,2,3,0,6,BOULEVARD DE LA VILLETTE,48.875153,2.373618,20,2,1
202100031282,145Â 825,D01,1,1,2,5,1,0,-1,-1, -1,-1,2021,40.0,1,2,0,2,4,2,0,,1,AUTOROUTE A86,0,,1,2,0,2,51,500,1,, -1,1,0,1,70,3,7,2021,13:40,1,94,94034,1,1,0,4,AUTOROUTE A86,48.7599,2.3223,13,4,4
202100032041,144Â 477,A01,1,1,1,5,2,6,-1,0,0,-1,2021,37.0,2,1,13,0,3,0,1,,3,1091,0,,2,2,0,2,50,0,1,, -1,1,0,1,80,28,6,2021,13:10,1,38,38237,1,1,0,7,rd1091 - le chambon,45.039264,6.177235,13,1,1
202100002536,197Â 248,A01,1,1,1,5,0,-1,-1,0,0,-1,2021,36.0,3,2,0,2,1,0,1,,3,D27,-1,,2,2,0,2,1,800,1,, -1,1,0,1,50,18,12,2021,20:05,5,69,69200,2,1,0,1,991 PONCHARRA (DE) (RTE),45.864479,4.483164,20,2,2
202100047606,116Â 658,A01,2,2,2,4,1,0,-1,-1,0,-1,2021,42.0,2,2,0,2,3,1,1,,3,MAURICE UTRILLO (AVENUE),0,,2,2,0,1,1,0,1,, -1,2,0,1,50,16,3,2021,13:30,1,95,95427,2,3,1,3,MAURICE UTRILLO (AVENUE),48.9759879479,2.3519870564,13,4,2
202100029791,148Â 539,B01,1,1,1,5,2,0,-1,0,0,-1,2021,55.0,2,1,0,2,3,2,5,,4,ROUTE DE GIREUGNE,0,,2,2,0,1,(1),(1),1,, -1,1,0,1,80,1,6,2021,09:40,1,36,36202,1,1,0,2,Route de Gireugne,46.779,1.67493,9,2,2
202100052449,107Â 960,B01,1,1,1,2,2,0,-1,-1, -1,-1,2021,20.0,3,1,0,2,5,9,5,,4,ROBERT GALLEY (RUE),0,,1,2,1,1,(1),(1),2,, -1,2,0,5,50,5,2,2021,09:55,1,10,10333,2,6,1,3,ROBERT GALLEY (RUE),48.28949,4.067667,9,2,2
202100013785,177Â 065,C01,1,1,1,0,2,8,-1,-1, -1,-1,2021,33.0,1,1,0,2,1,1,1,,1,A50-Sens Marseille vers Aubagne,0,,1,3,0,1,5,849,1,, -1,1,0,1,90,12,10,2021,08:05,1,13,13211,1,1,0,2,A50-Sens Marseille vers Aubagne,43.295,5.463,8,4,3
202100042960,124Â 881,A01,1,1,2,1,1,-1,-1,0,0,-1,2021,56.0,1,2,0,0,9,1,1,,3,598,-1,,2,2,0,1,7,350,3,, -1,9,0,1,80,23,4,2021,08:20,1,12,12090,1,1,0,7,RD 598,44.387612,2.480958,8,1,1
202100045430,120Â 526,A01,10,3,2,9,8,8,-1,1,3,1,2021,57.0,1,1,0,1,7,1,3,,4,RUE DU BAC,0,,1,1,0,1,(1),(1),1,, -1,1,0,1,50,1,4,2021,18:15,1,75,75107,2,1,0,6,RUE DU BAC,48.85342,2.323762,18,2,1
202100005071,192Â 713,B01,1,1,1,1,1,0,-1,-1, -1,-1,2021,30.0,1,2,0,2,4,2,1,,2,RN157,0,,3,4,0,1,41,400,1,, -1,2,0,1,90,2,12,2021,08:10,2,35,35051,1,1,0,2,RN157,48.11551,-1.57216,8,2,2
202100031070,146Â 206,B01,2,2,2,4,1,-1,-1,-1, -1,-1,2021,48.0,1,2,0,2,7,2,1,,4,LA NEUVILLETTE (RUE),0,,2,2,0,1,(1),(1),1,, -1,1,0,1,50,2,7,2021,17:05,1,51,51474,2,3,0,3,Rue de la Neuvillette,49.26589,3.99349,17,3,2
202100051641,109Â 381,A01,10,3,2,5,0,-1,-1,3,1,1,2021,69.0,3,1,0,1,1,1,1,,4,LECONTE DE LISLE (AVENUE),0,,2,3,3,1,0,0,1,, -1,1,0,6,50,12,2,2021,16:20,1,974,97411,2,1,0,1,LECONTE DE LISLE (AVENUE),-20.89304,55.48422,16,2,1
202100042113,126Â 353,A01,1,1,1,1,1,-1,-1,0,0,-1,2021,55.0,1,2,0,0,4,2,1,,3,317,0,D,2,2,0,1,15,0,1,, -1,1,0,1,80,30,4,2021,18:05,1,95,95580,1,1,0,4,D317,49.081663,2.529581,18,3,3
202100033847,141Â 258,A01,1,1,2,5,1,-1,-1,-1, -1,-1,2021,42.0,1,2,13,0,1,1,1,,3,POULGUINAN BOULEVARD DE,0,,3,4,0,1,0,200,2,, -1,2,3,1,50,17,6,2021,08:43,1,29,29232,2,1,0,7,Boulevard Louis le Guennec,47.98551,-4.11121,8,1,1
202100037970,133Â 793,A01,1,1,1,5,2,0,-1,-1, -1,-1,2021,72.0,2,1,0,2,8,1,1,,4,LECLERC (AVENUE DU GENERAL),0,,2,2,0,1,0,0,1,, -1,2,0,1,50,25,5,2021,10:05,1,87,87085,2,1,1,7,LECLERC (AVENUE DU GENERAL),45.84162,1.25839,10,1,1
202100017686,170Â 007,A01,1,1,1,0,2,6,-1,-1, -1,-1,2021,60.0,1,1,0,2,1,9,1,,4,LOUIS GEORGEON (AV),0,,2,2,0,1,1,0,1,, -1,1,0,1,50,21,9,2021,12:15,1,94,94016,2,1,0,3,Avenue Louis Georgeon,48.792527,2.336956,12,2,2
202100018822,168Â 001,B01,1,1,2,2,1,0,-1,-1, -1,-1,2021,22.0,3,2,0,2,4,15,1,,3,61,0,,2,2,0,1,0,0,1,, -1,2,0,1,50,15,9,2021,10:10,1,92,92046,2,3,1,2,rue de Scelle,48.8237610931,2.3002265766,10,2,2
202100009203,185Â 258,A01,10,3,1,0,0,-1,-1,4,3,1,2021,37.0,1,2,0,1,3,2,1,,4,GARIBALDI                           (R ),0,,2,4,2,1,(1),(1),1,, -1,2,0,1,50,4,11,2021,18:30,5,69,69387,2,2,1,6,GARIBALDI (R),45.74526,4.84887,18,2,1
202100012898,178Â 671,B01,1,1,2,5,8,0,-1,-1, -1,-1,2021,33.0,1,1,1,0,0,1,5,,3,910,0,,2,2,0,1,0,0,1,, -1,1,0,1,30,16,10,2021,11:20,1,92,92072,2,1,0,3,GRANDE RUE,48.82405397,2.2100789692,11,2,2
202100018282,168Â 945,A01,2,2,1,0,1,-1,-1,0,0,-1,2021,37.0,2,2,16,0,0,21,1,,3,329,-1,,2,2,0,1,15,(1),1,, -1,1,0,8,80,19,9,2021,00:00,3,80,80395,1,1,0,7,D329,49.706727,2.661513,0,2,1
202100039607,130Â 792,B01,1,1,2,5,8,0,-1,0,0,-1,2021,21.0,2,1,0,2,7,1,5,,4,RUE DE VAUGIRARD,0,,2,3,1,1,(1),(1),1,, -1,2,5,5,50,17,5,2021,14:30,1,75,75115,2,2,0,3,RUE DE VAUGIRARD,48.842996,2.312797,14,2,2
202100050094,112Â 195,A01,10,3,2,0,0,-1,-1,3,3,1,2021,20.0,2,2,0,1,2,1,1,,3,,-1,,2,2,0,1,1,200,1,, -1,1,0,1,50,26,2,2021,12:30,1,972,97221,2,6,0,6,Rue du Morne Costet,14.524137,-60.973799,12,2,1
202100010017,183Â 792,A01,1,1,1,0,8,-1,-1,-1, -1,-1,2021,42.0,0,2,0,2,0,9,1,,4,ROEDERER (BOULEVARD LOUIS),0,,3,3,0,3,(1),(1),1,, -1,2,1,1,50,31,10,2021,00:34,5,51,51454,2,3,0,2,Boulevard Louis Roederer,49.257044552,4.0231485715,0,2,2
202100017585,170Â 191,B01,1,1,1,0,2,-1,-1,0,0,-1,2021,49.0,1,1,0,2,8,1,5,,7,941,-1,M,2,2,0,1,(1),(1),2,, -1,1,0,1,50,20,5,2021,10:42,1,59,59146,2,1,0,3,67 Route Nationale,50.611077,3.203051,10,2,2
202100025588,155Â 941,A01,1,1,2,0,8,0,-1,-1, -1,-1,2021,50.0,1,2,4,0,1,1,1,,2,NATIONALE 6 (GLACIERE),0,,3,4,0,1,1,500,1,, -1,2,0,1,90,5,8,2021,00:15,3,91,91421,1,1,1,7,NATIONALE 6 (GLACIERE),48.70795,2.44254,0,1,1
202100020939,164Â 234,A01,2,2,2,1,2,6,-1,0,0,-1,2021,24.0,3,1,0,2,3,1,1,,3,5,-1,,2,2,0,2,(1),(1),3,, -1,1,3,1,90,26,8,2021,16:55,1,24,24147,1,4,0,3,RD5,45.227136,0.952715,16,3,2
202100030242,147Â 707,A01,10,3,2,9,0,-1,-1,4,3,1,2021,53.0,1,1,0,1,1,1,3,,3,STALINGRAD (BD DE),0,,1,2,0,1,110,0,1,, -1,1,0,1,50,7,7,2021,08:30,1,94,94081,2,1,0,3,STALINGRAD (BD DE),48.8,2.38,8,2,1
202100045877,119Â 753,A01,7,2,1,5,0,-1,-1,0,0,-1,2021,20.0,1,2,13,0,1,13,1,,3,85,0,D,2,2,0,2,3,880,3,0,"5,7",1,0,3,80,1,4,2021,11:55,1,16,16097,1,1,0,6,Lieu-Dit Mongot,45.753107,-0.338902,11,3,1
202100012670,179Â 069,A01,1,1,1,9,2,6,-1,0,0,-1,2021,17.0,2,1,0,2,3,3,1,,4,PLACE DE LA PORTE DE PANTIN,0,,1,3,0,1,(1),(1),1,, -1,1,0,1,30,16,10,2021,23:20,5,75,75119,2,7,0,3,PLACE DE LA PORTE DE PANTIN,48.889507,2.395756,23,2,2
202100033096,142Â 587,A01,10,3,2,5,0,-1,-1,1,1,1,2021,65.0,1,2,0,1,0,20,1,,5,ROSNY 2 (CENTRE COMMERCIAL),0,,-1,0,0,1,1,0,1,, -1,1,9,8,30,21,6,2021,14:50,1,93,93064,2,9,0,6,ROSNY 2 (CENTRE COMMERCIAL),48.88397,2.475563,14,2,1
202100021915,162Â 456,B01,1,1,1,5,2,-1,-1,-1,0,-1,2021,29.0,2,1,0,2,1,3,1,,3,PERI (AVENUE GABRIEL),0,,2,4,0,1,0,430,1,, -1,1,0,1,50,29,8,2021,13:35,1,95,95018,2,2,0,2,PERI (AVENUE GABRIEL),48.94547,2.2497,13,2,2
202100020239,165Â 461,B01,1,1,1,9,2,8,-1,-1, -1,-1,2021,17.0,1,1,0,2,2,1,1,,3,PLATEAU DES GLIERES (AVENUE DU),0,,4,3,0,1,38,80,1,, -1,1,0,1,50,6,9,2021,13:40,1,86,86194,2,2,0,3,Avenue du Plateau des GliÃ¨res,46.601663,0.324226,13,2,2
202100026042,155Â 132,B01,1,1,1,5,2,6,-1,0,0,-1,2021,21.0,1,1,0,2,1,1,1,,3,622,-1,,2,2,0,2,27,751,1,, -1,1,0,1,80,1,8,2021,17:30,1,81,81031,1,2,0,3,bel air,43.6173320724,2.4484508279,17,2,2
202100022089,162Â 142,B01,1,1,1,9,2,6,-1,-1, -1,-1,2021,49.0,3,1,0,2,1,12,1,,4,Dr Valette (Rue),0,,2,2,0,1,0,0,1,, -1,1,0,1,50,27,8,2021,12:05,1,19,19272,2,9,0,3,Dr Valette (Rue),45.25392,1.75975,12,2,2
202100054888,103Â 698,A01,10,3,2,0,0,-1,-1,4,3,1,2021,19.0,2,2,0,1,3,15,1,,4,LECLERCQ (RUE DU GENERAL),0,,2,2,0,1,(1),(1),1,, -1,5,0,1,50,14,1,2021,17:00,5,59,59599,2,1,1,6,LECLERCQ (RUE DU GENERAL),50.723221,3.160237,17,2,1
202100046904,117Â 934,B01,1,1,1,2,8,0,-1,0,0,-1,2021,13.0,1,1,0,2,7,19,5,,4,CARNOT (AVENUE),0,,1,4,3,2,(1),(1),1,, -1,1,0,1,50,22,3,2021,18:20,1,63,63113,2,1,0,3,CARNOT (AVENUE),45.776230673,3.0957567147,18,2,2
202100020139,165Â 628,A01,1,1,1,0,8,-1,-1,0,0,-1,2021,57.0,2,2,0,2,1,11,1,,3,145,0,,2,2,0,1,(1),(1),1,, -1,1,0,1,-1,9,9,2021,16:30,1,91,91390,1,1,0,1,D145,48.311678,2.07448,16,2,2
202100031890,144Â 752,A01,10,3,2,0,0,-1,-1,3,3,1,2021,68.0,3,5,0,1,7,1,1,,4,,0,,1,2,0,1,(1),(1),1,, -1,1,4,1,50,28,6,2021,10:39,1,6,6088,2,1,0,6,JAURES (BD JEAN),43.697417,7.273042,10,2,1
202100004605,193Â 545,A01,1,1,1,5,1,5,-1,0,0,-1,2021,46.0,1,5,13,0,5,1,1,,3,63,0,D,2,2,0,2,24,320,1,, -1,2,0,1,80,5,12,2021,21:25,3,49,49301,1,1,1,6,La Hutte (tilliÃ¨res),47.148028,-1.202815,21,1,1
202100008113,187Â 227,B01,1,1,1,1,2,6,-1,-1, -1,-1,2021,34.0,2,1,0,2,7,3,1,,2,ROUTE NATIONALE 230,0,,3,6,0,1,36,159,1,, -1,1,3,1,90,15,11,2021,09:05,1,33,33065,1,1,0,5,ROUTE NATIONALE 230,44.81875,-0.520179,9,3,3
202100025060,156Â 861,A01,7,2,1,5,1,-1,-1,0,0,-1,2021,8.0,2,2,3,0,4,1,1,,1,42,0,,1,2,0,1,21,0,1,, -1,1,0,1,130,8,8,2021,06:00,1,1,1032,1,1,0,2,A42,45.861328,5.125186,6,5,2
202100003950,194Â 686,A01,10,3,1,0,0,-1,-1,3,3,1,2021,42.0,0,1,0,1,1,3,1,,4,FERNANDEL (AVENUE),0,,2,2,0,1,0,0,1,, -1,1,0,1,50,7,12,2021,15:00,1,13,13212,2,1,0,1,FERNANDEL (AVENUE),43.312,5.449,15,2,1
202100041336,127Â 720,B01,1,1,2,1,2,0,-1,-1, -1,-1,2021,25.0,2,1,0,2,3,1,1,,3,BROSSOLETTE AVENUE PIERRE,0,,2,4,1,1,0,0,1,, -1,1,0,1,50,5,5,2021,09:15,1,92,92049,2,1,0,3,BROSSOLETTE AVENUE PIERRE,48.8154679235,2.3047564924,9,2,2
202100031737,145Â 028,B01,1,1,1,1,2,0,-1,0,0,-1,2021,53.0,2,1,0,2,1,17,5,,4,BOULEVARD DES INVALIDES,0,,2,6,1,1,(1),(1),1,, -1,2,0,5,50,29,6,2021,08:40,1,75,75107,2,3,1,3,BOULEVARD DES INVALIDES,48.848281,2.315776,8,2,2
202100016267,172Â 557,A01,10,3,1,9,0,-1,-1,2,1,1,2021,19.0,2,2,0,1,5,16,1,,3,986,0,,2,2,3,1,0,0,1,, -1,1,9,6,50,28,9,2021,17:20,1,92,92025,2,3,0,6,BOURNARD (RUE DU),48.9231025819,2.2540453076,17,2,1
202100001799,198Â 584,A01,1,1,1,1,1,9,-1,0,0,-1,2021,29.0,2,2,2,0,2,1,1,,1,26,-1,A,3,4,0,1,257,300,1,, -1,1,0,3,130,23,12,2021,12:15,1,51,51454,1,1,0,7,A26,49.2932296651,3.9915293455,12,1,1
202100006760,189Â 701,A01,1,1,1,3,1,-1,-1,0,0,-1,2021,87.0,1,2,0,2,2,15,1,,3,13,-1,,2,2,3,1,18,170,1,, -1,1,5,1,70,22,11,2021,11:25,1,44,44087,1,3,0,1,Boulevard de l Atlantique,46.998417,-1.814482,11,2,2
202100037014,135Â 540,A01,10,3,2,0,0,-1,-1,5,9,1,2021,22.0,1,0,0,1,7,1,3,,4,COURBET AMIRAL (BOULEVARD),0,,-1,0,0,1,0,0,1,, -1,1,0,4,50,29,5,2021,20:00,1,30,30189,2,1,0,6,COURBET AMIRAL (BOULEVARD),43.83628,4.3625,20,2,1
202100015922,173Â 207,A01,1,1,1,0,2,6,-1,-1, -1,-1,2021,22.0,2,1,0,2,1,17,1,,4,SCIERIE   RUE DE LA,0,,2,2,0,1,(1),(1),1,, -1,1,0,1,30,30,9,2021,11:15,1,17,17300,2,1,0,5,SCIERIE   RUE DE LA,46.14798,-1.15327,11,3,3
202100014600,175Â 617,B01,1,1,1,2,8,-1,-1,-1, -1,-1,2021,23.0,2,1,0,2,1,2,5,,4,SAINT MAURICE (RUE),0,,1,1,0,1,(1),(1),1,, -1,1,0,5,30,7,10,2021,07:55,1,51,51454,2,2,0,3,Rue Saint Maurice,49.2470794136,4.0415899984,7,2,2
202100027637,152Â 319,B01,3,2,2,0,1,-1,-1,0,0,-1,2021,74.0,1,2,0,2,7,19,1,,3,59,-1,,2,2,0,1,31,928,1,, -1,1,0,3,80,22,7,2021,14:35,1,85,85024,1,2,0,3,Route du Port la Roche,46.981153,-1.921695,14,7,2
202100049113,113Â 965,B01,1,1,2,1,2,-1,-1,0,0,-1,2021,39.0,1,1,0,2,1,1,0,,4,NODIER RUE CHARLES (sup 22),0,,1,1,2,1,(1),(1),1,, -1,1,0,5,20,4,3,2021,17:35,1,25,25056,2,9,0,3,NODIER RUE CHARLES (sup 22),47.23136,6.0265,17,2,2
202100020235,165Â 466,A01,10,3,1,5,0,-1,-1,2,3,1,2021,43.0,2,2,0,1,2,1,1,,4,DUTREIX (RUE ARMAND),0,,2,2,0,1,0,0,1,, -1,1,0,1,50,6,9,2021,15:55,1,87,87085,2,1,0,6,DUTREIX (RUE ARMAND),45.83095,1.2434,15,3,1
202100054748,103Â 938,A01,10,3,2,3,0,-1,-1,5,1,1,2021,57.0,1,2,1,1,2,26,1,,4,PASTEUR (RUE),0,,2,1,0,1,0,0,1,, -1,1,0,4,30,15,1,2021,12:30,1,974,97416,2,1,0,1,PASTEUR (RUE),-21.2855,55.4701,12,2,1
202100029550,148Â 970,A01,1,1,1,5,1,0,-1,-1, -1,-1,2021,33.0,2,2,6,0,2,1,1,,1,AUTOROUTE A6,0,,3,6,0,2,18,950,1,, -1,2,0,2,110,11,7,2021,04:19,3,91,91434,1,1,1,7,AUTOROUTE A6,48.66778,2.35686,4,1,1
202100031669,145Â 147,B01,2,2,2,0,2,6,-1,0,0,-1,2021,22.0,1,1,0,2,1,1,1,,3,38,0,,2,2,0,1,67,300,1,, -1,1,0,1,80,1,7,2021,15:35,1,85,85106,1,3,0,1,d38,46.96865,-2.24328,15,3,2
202100024701,157Â 489,A01,1,1,2,1,1,0,-1,-1, -1,-1,2021,24.0,1,2,0,2,1,2,1,,1,A4,0,,-1,3,0,1,6,199,1,, -1,1,0,1,90,11,8,2021,14:30,1,94,94052,1,1,0,2,A4,48.82647,2.46656,14,2,2
202100013569,177Â 466,A01,2,2,1,5,1,0,-1,-1, -1,-1,2021,57.0,1,2,0,2,6,23,1,,1,A86 INT,0,,3,4,0,1,38,99,1,, -1,1,0,2,90,12,10,2021,20:15,3,94,94028,1,1,0,6,A86 INT,48.7978767905,2.4442674715,20,2,1
202100029459,149Â 127,A01,10,3,2,3,0,-1,-1,3,3,1,2021,76.0,3,2,0,1,1,15,1,,4,,-1,,2,2,0,1,(1),(1),1,,4,1,0,1,30,10,7,2021,10:10,1,1,1443,2,3,0,6,Rue du Commerce,46.001495,5.029263,10,2,1
202100018053,169Â 362,A01,1,1,1,1,2,6,-1,0,0,-1,2021,23.0,2,1,0,2,1,17,1,,3,48,-1,,2,2,0,1,4,375,1,, -1,2,0,1,80,20,9,2021,07:34,2,71,71430,1,3,1,3,D48,46.802191,4.704721,7,3,2
202100015145,174Â 639,B01,2,2,2,9,1,0,-1,-1, -1,-1,2021,49.0,3,2,0,2,3,19,1,,4,COLBERT  115 A 131   104 A 124 (RUE),0,,1,1,0,1,0,0,1,, -1,1,0,1,50,4,10,2021,10:15,1,92,92025,2,9,0,3,COLBERT  115 A 131   104 A 124 (RUE),48.914738377,2.2337367609,10,3,2
202100037168,135Â 248,A01,1,1,1,5,2,6,-1,-1, -1,-1,2021,33.0,1,1,0,2,8,1,1,,4,JEAN VALLIER                        (R ),0,,2,2,0,1,(1),(1),1,, -1,1,0,1,50,31,5,2021,18:45,1,69,69387,2,2,0,3,JEAN VALLIER (R),45.73285,4.83751,18,3,2
202100014330,176Â 090,A01,1,1,2,5,1,8,-1,-1, -1,-1,2021,57.0,1,2,0,2,4,23,1,,4,PIERRE BROSSOLETTE(RUE),0,,2,2,0,1,0,100,1,, -1,1,0,1,50,7,10,2021,10:00,1,91,91691,2,1,0,2,PIERRE BROSSOLETTE(RUE),48.70037,2.47967,10,2,2
202100034377,140Â 294,B01,1,1,1,3,8,-1,-1,0,0,-1,2021,39.0,1,3,1,2,1,26,1,,3,27,-1,,2,2,0,2,4,123,2,, -1,1,4,8,50,16,6,2021,03:00,3,8,8373,2,8,0,3,Passage Ã  niveau,49.805429,4.272614,3,2,2
202100036045,137Â 256,A01,1,1,1,0,2,8,-1,-1, -1,-1,2021,25.0,1,1,0,2,4,1,1,,4,GALMOT (AVENUE),0,,1,1,0,1,(1),(1),1,, -1,1,0,1,50,6,6,2021,08:30,1,973,97302,2,1,0,2,GALMOT (AVENUE),4.93134,-52.33073,8,4,2