Num_Acc,id_vehicule,num_veh,place,catu,sexe,trajet,secu1,secu2,secu3,locp,actp,etatp,year_acc,victim_age,senc,catv,obs,obsm,choc,manv,motor,occutc,catr,voie,v1,v2,circ,nbv,vosp,prof,pr,pr1,plan,lartpc,larrout,surf,infra,situ,vma,jour,mois,an,hrmn,lum,dep,com,agg_,int,atm,col,adr,lat,long,hour,nb_victim,nb_vehicules
202100013245,178Â 067,B01,1,1,2,0,8,0,-1,-1, -1,-1,2021,13.0,2,1,0,2,1,15,5,,4,CHAMBERY(RUE DE),0,,2,2,0,1,(1),(1),1,, -1,1,0,1,50,13,10,2021,17:30,1,59,59456,2,3,0,3,CHAMBERY(RUE DE),50.37415,3.22596,17,2,2
202100033206,142Â 408,B01,1,1,2,4,2,6,-1,0,0,-1,2021,31.0,2,1,0,2,8,1,1,,4,AVENUE DE FLANDRE,0,,2,6,1,1,(1),(1),1,, -1,2,0,1,50,20,6,2021,18:46,1,75,75119,2,2,1,3,AVENUE DE FLANDRE,48.888378,2.374126,18,3,2
202100024749,157Â 409,B01,1,1,2,5,1,-1,-1,-1, -1,-1,2021,21.0,2,2,0,2,7,1,1,,4,ENGHIEN (RUE D),0,,1,1,0,1,(1),(1),1,, -1,1,0,1,50,10,8,2021,15:15,1,33,33063,2,2,0,3,Rue dâEnghien,44.84598,-0.57664,15,3,2
202100036711,136Â 090,B01,1,1,1,1,0,-1,-1,0,0,-1,2021,28.0,0,1,0,2,1,0,5,,4,,-1,,2,2,0,2,(1),(1),1,,5,1,0,1,50,4,6,2021,15:00,1,91,91461,2,2,0,3,Avenue d'Ãgly,48.585957,2.221121,15,2,2
202100049646,112Â 999,B01,1,1,2,3,1,-1,-1,-1, -1,-1,2021,19.0,2,2,0,2,8,1,1,,7,PEN AR CH'LEUZ (ROND POINT),0,,1,3,0,1,73,860,2,, -1,1,5,1,50,1,3,2021,15:00,1,29,29019,2,6,0,3,Rond Point Pen Ar Ch'leuz,48.41502,-4.47924,15,2,2
202100022591,161Â 235,A01,1,1,1,0,1,-1,-1,-1, -1,-1,2021,50.0,0,2,0,2,1,1,1,,4,ROCKEFELLER                         (AV),0,,2,2,3,1,(1),(1),1,, -1,1,0,1,50,25,8,2021,09:40,1,69,69388,2,3,0,3,ROCKEFELLER (AV),45.7401866847,4.88848418,9,2,2
202100020964,164Â 195,B01,1,1,1,0,2,6,-1,0,0,-1,2021,37.0,1,1,0,2,1,2,1,,3,489,-1,D,2,2,0,2,9,40,1,, -1,1,0,1,70,4,9,2021,14:25,1,69,69255,2,3,0,3,BORDEAUX (DE) (RTE),45.7369946755,4.6841150921,14,4,2
202100012032,180Â 202,A01,1,1,1,0,2,6,-1,-1, -1,-1,2021,41.0,1,1,0,2,8,1,1,,4,VILLENEUVE (RUE),0,,1,2,0,2,0,0,1,, -1,1,0,1,50,20,10,2021,14:00,1,13,13201,2,2,0,3,VILLENEUVE (RUE),43.30175,5.3825,14,2,2
202100010326,183Â 242,B01,1,1,1,5,2,6,-1,-1, -1,-1,2021,16.0,2,1,0,2,1,1,1,,3,QUEUILLE (AVENUE HENRI),0,,2,2,0,2,51,83,1,, -1,1,5,1,50,28,10,2021,19:30,2,19,19031,2,3,0,3,QUEUILLE (AVENUE HENRI),45.16871,1.53121,19,2,2
202100047717,116Â 452,B01,1,1,2,9,1,0,-1,-1, -1,-1,2021,17.0,3,2,0,0,4,23,1,,4,MILLET (AVENUE ERNEST),0,,2,2,0,1,0,0,1,, -1,1,0,1,50,6,3,2021,11:20,1,83,83069,2,6,0,2,MILLET (AVENUE ERNEST),43.11763,6.12662,11,2,2
202100001421,199Â 239,A01,1,1,1,0,8,-1,-1,0,0,-1,2021,24.0,2,2,17,0,2,1,1,,4,,-1,,2,1,0,2,(1),(1),3,,3,2,0,3,50,27,12,2021,06:05,5,37,37027,2,1,1,6,107 Le Cendrier,47.2973408206,1.012577489,6,1,1
202100048853,114Â 437,A01,1,1,1,5,2,8,-1,-1, -1,-1,2021,15.0,0,1,0,2,1,15,1,,4,ROCHELONGUE (G14 A O16,0,,2,2,0,1,(1),(1),1,, -1,1,0,1,30,5,3,2021,17:20,1,34,34003,2,1,0,2,ROCHELONGUE (G14 A O16,43.30307,3.47744,17,2,2
202100009687,184Â 390,A01,1,1,1,0,1,-1,-1,0,0,-1,2021,86.0,0,2,0,2,1,1,1,,4,VC,-1,,-1,2,0,1,(1),(1),4,, -1,1,0,1,50,4,11,2021,10:05,1,84,84129,2,1,0,1,AllÃ©e de la Traille,43.99134,4.869085,10,2,2
202100019042,167Â 601,B01,2,2,1,0,1,-1,-1,0,0,-1,2021,66.0,2,2,0,2,1,1,1,,3,558,-1,,2,1,0,2,7,300,2,, -1,2,0,1,80,15,9,2021,17:15,1,83,83031,1,1,1,1,D558,43.3584773469,6.4021646976,17,3,2
202100016454,172Â 218,B01,1,1,1,4,1,-1,-1,-1, -1,-1,2021,31.0,1,2,0,2,4,1,1,,7,CD 46 (DEBUT TLN A ARTHEMYSE),0,,3,2,0,1,1,1,1,, -1,1,9,1,50,27,9,2021,15:00,1,83,83137,2,1,0,4,CD 46 (DEBUT TLN A ARTHEMYSE),43.134374,5.916672,15,3,3
202100045420,120Â 544,A01,1,1,2,5,1,0,-1,0,0,-1,2021,24.0,3,2,0,2,2,1,1,,4,AVENUE DU DOCTEUR GLEY,0,,1,3,1,1,(1),(1),1,, -1,1,0,1,50,1,4,2021,19:40,1,75,75120,2,2,0,3,AVENUE DU DOCTEUR GLEY,48.877236,2.410014,19,3,2
202100029533,149Â 001,A01,2,2,1,5,8,-1,-1,0,0,-1,2021,19.0,2,2,6,0,1,0,1,,1,7,-1,,3,3,0,1,58,200,1,, -1,1,9,2,130,12,7,2021,09:10,1,26,26271,1,1,0,6,Autoroute du Soleil,45.040098,4.877973,9,3,1
202100029341,149Â 319,A01,1,1,1,9,1,0,-1,-1, -1,-1,2021,45.0,1,3,9,1,2,26,2,1.0,3,REPUBLIQUE (AVENUE DE LA),0,,2,2,0,1,1,0,2,, -1,2,0,4,30,12,7,2021,13:40,1,93,93064,2,7,1,1,REPUBLIQUE (AVENUE DE LA),48.868301,2.48505,13,4,1
202100012366,179Â 612,A01,1,1,2,1,1,-1,-1,-1,0,-1,2021,24.0,2,2,4,0,3,18,1,,3,RD 170,0,,-1,2,0,1,1,100,3,, -1,1,0,1,70,19,10,2021,06:00,3,95,95582,1,1,0,6,RD 170,48.9648875322,2.2698569298,6,1,1
202100053754,105Â 656,A01,4,2,1,0,1,0,-1,-1, -1,-1,2021,22.0,2,2,8,0,0,1,1,,3,AV PRESIDENT SALVADOR ALLENDE ,0,,4,2,0,1,1,0,1,, -1,1,0,4,50,24,1,2021,11:30,1,94,94081,2,1,0,6,PRESIDENT SALVADOR ALLENDE (AV DU),48.79613,2.4169,11,5,1
202100000292,201Â 201,A01,1,1,1,5,2,6,-1,-1, -1,-1,2021,48.0,1,1,0,2,1,26,1,,7,M6   449.510 A 451.640,0,,3,6,3,1,448,600,1,, -1,1,0,1,70,22,10,2021,17:20,1,69,69081,1,1,0,3,M6   449.510 A 451.640,45.7946674871,4.7798171639,17,2,2
202100029722,148Â 666,A01,1,1,2,1,1,0,-1,-1, -1,-1,2021,25.0,2,2,3,0,3,1,1,,7,Autoroute A.35,0,,3,4,0,1,301,500,1,, -1,1,0,1,90,5,7,2021,12:20,1,67,67482,1,1,0,6,M35,48.5895,7.73169,12,1,1
202100039535,130Â 927,A01,1,1,1,1,2,6,-1,-1, -1,-1,2021,30.0,1,1,0,2,3,3,1,,1,A50-Sens Marseille vers Aubagne,0,,1,3,0,1,5,0,1,, -1,1,0,1,90,17,5,2021,18:25,1,13,13211,1,1,0,5,A50-Sens Marseille vers Aubagne,43.29222,5.45336,18,3,3
202100044254,122Â 564,B01,1,1,1,0,1,0,-1,0,0,-1,2021,46.0,1,2,0,2,4,23,1,,7,SAINT JEAN (BD),0,,3,4,0,1,(1),(1),1,, -1,1,0,1,50,10,4,2021,16:39,1,63,63113,2,1,0,4,SAINT JEAN (BD),45.7858,3.11945,16,3,3
202100010776,182Â 474,A01,10,3,1,9,0,-1,-1,1,1,1,2021,87.0,3,1,13,1,2,1,1,,4,,0,,2,2,0,1,(1),(1),1,,4,1,0,1,50,27,10,2021,07:50,2,32,32344,2,1,1,6,12 rue de la Menoue,43.652282,-0.085697,7,2,1
202100013226,178Â 100,B01,1,1,2,0,1,-1,-1,0,0,-1,2021,44.0,0,2,0,2,2,1,1,,3,ROUEN (RUE DE),0,,2,2,0,2,(1),(1),1,, -1,1,0,1,50,13,10,2021,14:10,1,80,80021,2,1,0,3,ROUEN (RUE DE),49.88564,2.27089,14,2,2
202100035086,138Â 983,B01,1,1,1,0,2,0,-1,-1, -1,-1,2021,41.0,1,1,0,2,1,7,1,,3,DE PRESSENSE FRANCIS,0,,2,4,0,1,0,1,1,, -1,1,0,1,50,11,6,2021,13:20,1,93,93066,2,1,0,3,Rue Francis de PressensÃ©,48.920112,2.362761,13,2,2
202100004236,194Â 179,B01,1,1,1,9,1,4,-1,-1, -1,-1,2021,45.0,3,2,0,2,7,0,1,,4,JAURES JEAN (AV) NÂ° PAIRS 2 A 58,0,,3,0,1,1,0,0,1,, -1,9,0,1,50,5,12,2021,10:20,1,72,72181,2,9,1,3,JAURES JEAN (AV) NÂ° PAIRS 2 A 58,47.98563,0.209244,10,2,2
202100045006,121Â 279,B01,1,1,2,1,1,-1,-1,0,0,-1,2021,43.0,1,2,0,9,1,1,1,,3,19.3,2,B,2,2,0,1,2,70,1,, -1,1,0,1,80,6,4,2021,07:35,1,68,68309,1,4,0,1,Route DÃ©partementale 19.3 Bis,47.665351,7.473857,7,2,2
202100036409,136Â 622,B01,1,1,1,5,1,8,-1,-1, -1,-1,2021,48.0,1,2,0,2,8,1,1,,4,NORMANDIE ( BD ET IMP DE ),0,,-1,2,0,4,(1),(1),2,, -1,1,5,1,30,2,6,2021,21:10,1,56,56121,2,6,0,5,NORMANDIE ( BD ET IMP DE ),47.75994,-3.36598,21,4,3
202100046137,119Â 292,A01,1,1,1,9,2,6,-1,0,0,-1,2021,47.0,1,1,1,2,2,17,1,,4,RUE BOTZARIS,0,,2,2,0,2,(1),(1),1,, -1,1,0,1,50,29,3,2021,13:43,1,75,75119,2,2,0,3,RUE BOTZARIS,48.879585,2.389524,13,2,2
202100049131,113Â 932,A01,1,1,1,4,2,6,-1,0,0,-1,2021,29.0,3,1,0,2,6,18,1,,4,AVENUE DE LA PORTE DES TERNES,0,,1,2,0,1,(1),(1),1,, -1,1,0,1,50,4,3,2021,20:56,5,75,75117,2,2,0,3,AVENUE DE LA PORTE DES TERNES,48.881504,2.281808,20,2,2
202100041314,127Â 759,A01,10,3,1,1,0,-1,-1,4,5,1,2021,27.0,2,1,0,1,1,1,1,,4,AVENUE D IENA,0,,2,2,0,1,(1),(1),1,, -1,2,0,1,50,4,5,2021,08:45,1,75,75116,2,7,1,6,AVENUE D IENA,48.872488,2.295244,8,2,1
202100040035,130Â 036,B01,1,1,1,-1,8,-1,-1,-1,0,-1,2021,23.0,2,1,0,2,4,1,-1,,3,EUROPE (ROUTE DE L'),0,,2,4,1,1,1,350,1,, -1,1,0,5,70,11,5,2021,16:34,1,95,95277,2,1,0,2,EUROPE (ROUTE DE L'),48.9880524355,2.4816226959,16,3,2
202100056441,101Â 012,A01,10,3,2,5,0,-1,-1,4,3,1,2021,57.0,1,2,0,1,2,15,1,,3,CHARLES DE GAULLE (BD),0,,1,2,0,1,0,0,1,, -1,2,9,1,50,2,1,2021,17:20,5,92,92025,2,2,1,6,CHARLES DE GAULLE (BD),48.9144516676,2.2289591336,17,2,1
202100014242,176Â 231,B01,1,1,1,5,2,6,-1,0,0,-1,2021,18.0,2,1,13,0,4,2,1,,3,160,0,,2,2,0,2,22,200,1,, -1,1,0,1,80,9,10,2021,20:30,3,85,85109,1,1,0,2,"D160, pk 22",46.84493,-1.073506,20,2,2
202100024721,157Â 458,Z01,10,3,1,1,8,8,-1,1,3,1,2021,47.0,2,2,0,1,1,1,1,,4,GIFFARD (RUE HENRI),0,,3,4,0,1,0,0,1,, -1,1,0,1,50,9,8,2021,16:12,1,87,87085,2,1,0,6,GIFFARD (RUE HENRI),45.87021,1.2681,16,2,1
202100043590,123Â 754,A01,1,1,1,1,1,-1,-1,0,0,-1,2021,34.0,1,2,2,0,8,1,1,,3,24,-1,,2,2,0,1,28,200,1,, -1,1,0,1,80,19,4,2021,08:00,1,21,21342,1,1,0,6,D24,47.102236,5.319287,8,1,1
202100052368,108Â 106,A01,1,1,2,9,1,0,-1,-1, -1,-1,2021,40.0,2,2,4,0,8,1,1,,1,AUTOROUTE A103,0,,3,4,0,4,0,100,2,, -1,2,0,1,50,6,2,2021,11:15,1,93,93064,1,1,1,6,A103,48.88821,2.47221,11,1,1
202100004210,194Â 227,B01,1,1,1,4,2,6,-1,-1, -1,-1,2021,50.0,1,1,0,2,5,26,1,,3,BON AIR ( Rue du ),0,,3,2,0,1,8,618,1,, -1,1,0,1,50,14,4,2021,13:20,1,62,62893,2,1,0,3,BON AIR ( Rue du ),50.77773,1.61494,13,2,2
202100044303,122Â 473,A01,10,3,1,5,0,-1,-1,2,3,1,2021,12.0,2,1,0,1,1,1,5,,4,BOULEVARD HENRI IV,0,,2,3,0,1,(1),(1),1,, -1,1,0,1,50,12,4,2021,10:45,1,75,75104,2,3,0,6,BOULEVARD HENRI IV,48.851206,2.362686,10,2,1
202100024906,157Â 140,B01,2,2,2,0,1,0,-1,-1, -1,-1,2021,52.0,3,2,0,2,8,19,1,,3,NEUILLY  (AVE),0,,2,2,0,2,(1),(1),1,, -1,1,0,1,50,9,8,2021,13:40,1,93,93051,2,2,0,3,Route de Neuilly / Rue Pierre Brossolette,48.84698,2.54036,13,5,2
202100008921,185Â 774,A01,10,3,2,1,0,-1,-1,5,2,1,2021,51.0,1,2,0,1,1,20,1,,4,HOTEL DIEU (RUE DE L'),0,,2,2,0,1,0,0,1,, -1,1,9,4,50,12,5,2021,14:00,1,74,74281,2,1,0,6,HOTEL DIEU (RUE DE L'),46.36847,6.47852,14,2,1
202100015284,174Â 391,C01,1,1,1,2,1,-1,-1,0,0,-1,2021,37.0,1,2,0,2,1,2,1,,2,4,-1,,2,2,0,2,(1),(1),1,, -1,1,0,1,50,4,10,2021,18:30,5,976,97615,2,1,0,2,20 route nationale 4,-12.794837,45.272904,18,4,3
202100054986,103Â 529,A01,1,1,2,9,1,0,-1,-1, -1,-1,2021,25.0,2,2,13,0,2,14,1,,1,A570,0,,3,4,0,1,1,893,1,, -1,1,0,3,110,14,1,2021,20:20,3,83,83047,1,1,0,6,A570,43.13458,6.04716,20,2,1
202100011328,181Â 480,A01,2,2,2,9,1,0,-1,-1, -1,-1,2021,55.0,2,2,0,2,1,1,1,,1,AUTOROUTE A86,0,,-1,6,0,1,10,699,1,, -1,1,0,1,90,24,10,2021,12:40,1,92,92036,1,1,0,2,AUTOROUTE A86,48.9339953804,2.3205880188,12,3,2
202100022199,161Â 966,A01,10,3,2,5,0,-1,-1,1,1,1,2021,5.0,3,2,0,1,8,1,1,,4,,-1,,2,2,0,1,(1),(1),1,,4,1,0,1,50,29,8,2021,14:30,1,62,62318,2,1,0,6,Rue Neuve,50.520559,1.640538,14,2,1
202100022799,160Â 852,A01,1,1,1,3,1,-1,-1,0,0,-1,2021,42.0,2,2,6,2,3,19,1,,3,HIPPODROME (RUE DE L'),0,,2,2,0,1,6,32,1,, -1,1,0,1,50,23,8,2021,11:30,1,65,65251,2,1,0,1,HIPPODROME (RUE DE L'),43.2040026756,0.0697249601,11,2,2
202100042089,126Â 396,A01,1,1,1,1,2,6,-1,0,0,-1,2021,54.0,1,1,9,0,1,14,1,,2,10,-1,,2,2,0,1,144,200,1,, -1,1,0,3,70,30,4,2021,16:30,1,202,202343,1,1,0,6,RT 10,42.492693,9.474131,16,1,1
202100015760,173Â 499,A01,2,2,1,0,2,8,-1,-1, -1,-1,2021,11.0,1,1,0,1,1,1,1,,3,ROGER SALENGRO (AV),0,,1,0,0,1,(1),(1),1,, -1,1,5,1,50,30,9,2021,18:00,1,94,94017,2,1,0,6,ROGER SALENGRO (AV),48.8183354893,2.4926271848,18,3,1
202100031116,146Â 122,A01,1,1,2,0,8,-1,-1,0,0,-1,2021,49.0,2,1,0,1,1,1,5,,4,RUE DE BEGLES,0,,2,2,3,1,(1),(1),1,, -1,1,0,1,50,2,7,2021,16:10,1,33,33063,2,1,0,6,Rue de BÃ¨gles,44.824413,-0.566157,16,2,1
202100007205,188Â 875,A01,10,3,2,3,0,-1,-1,8,3,1,2021,87.0,3,2,0,1,4,26,2,,6,GRAMMONT (AVENUE - IMPASSE),0,,-1,0,0,1,0,0,1,, -1,1,0,8,30,7,11,2021,11:05,1,64,64122,2,1,0,6,GRAMMONT (AVENUE - IMPASSE),43.47596,-1.55272,11,3,1
202100025975,155Â 250,A01,1,1,1,5,1,0,-1,-1, -1,-1,2021,30.0,2,2,6,2,3,1,1,,2,,0,,2,2,0,1,39,150,1,, -1,1,0,1,50,1,8,2021,20:00,1,64,64284,2,3,0,2,AVENUE RAUSKI,43.2762,-0.3882,20,3,2
202100012957,178Â 576,B01,1,1,2,5,1,-1,-1,0,0,-1,2021,19.0,2,2,0,2,1,1,1,,3,440,-1,,2,2,0,1,1,200,1,, -1,1,0,1,80,15,10,2021,19:40,2,10,10323,1,1,0,1,rd440,48.528628,3.735223,19,3,2
202100003621,195Â 274,B01,1,1,1,1,2,6,-1,-1, -1,-1,2021,23.0,3,0,0,2,8,19,3,,4,CHAUDE RIVIERE RUE DE,0,,2,4,2,1,(1),(1),1,, -1,2,5,1,50,30,11,2021,07:25,5,59,59350,2,3,1,3,CHAUDE RIVIERE RUE DE,50.634839,3.079454,7,2,2
202100022876,160Â 727,A01,1,1,2,1,1,-1,-1,0,0,-1,2021,20.0,2,2,0,2,1,13,1,,3,1,0,,2,2,0,1,16,310,1,,"5,5",1,0,1,70,24,8,2021,17:45,1,61,61165,1,1,0,1,D1,48.417111,-0.022166,17,2,2
202100030807,146Â 697,A01,2,2,2,5,1,0,-1,-1, -1,-1,2021,68.0,1,2,0,2,1,2,1,,1,AUTOROUTE A20,0,,3,4,0,1,187,820,1,, -1,1,0,1,110,28,6,2021,15:24,1,87,87065,1,1,0,2,AUTOROUTE A20,45.79595,1.29838,15,4,2
202100011489,181Â 192,B01,2,2,2,3,2,-1,-1,0,0,-1,2021,22.0,1,1,0,2,2,1,1,,3,922,-1,D,2,2,0,1,53,560,1,, -1,1,0,1,50,23,10,2021,20:20,5,95,95250,2,1,0,1,RD 922,49.097296,2.51817,20,3,2
202100040559,129Â 115,A01,1,1,1,5,2,6,9,0,0,-1,2021,34.0,2,1,3,0,1,1,1,,3,12,0,,2,1,0,2,17,800,2,, -1,1,0,1,80,8,5,2021,16:50,1,40,40268,1,1,1,6,D12,43.520095,-1.286176,16,2,1
202100021939,162Â 410,A01,1,1,1,0,2,0,-1,-1, -1,-1,2021,40.0,1,1,0,2,8,9,6,,4,ANDRE BARDON (rue),0,,1,-1,0,1,0,0,1,, -1,1,0,1,50,29,8,2021,13:00,1,13,13210,2,1,0,3,ANDRE BARDON (rue),43.28325,5.42623,13,2,2
202100049025,114Â 130,A01,1,1,1,5,2,6,-1,0,0,-1,2021,22.0,3,1,0,0,0,2,1,,4,0,-1,,2,2,0,1,(1),(1),1,, -1,1,0,1,50,6,3,2021,15:30,1,7,7324,2,1,0,7,Chemin de la Digue du Rhone,45.048948,4.849504,15,1,1
202100033097,142Â 586,A01,1,1,1,0,2,0,-1,-1, -1,-1,2021,37.0,1,1,0,0,0,17,0,,4,ROBERT SCHUMANN (AVENUE),0,,2,2,0,1,1,0,1,, -1,1,0,1,50,20,6,2021,12:50,1,93,93050,2,1,0,7,Avenue Robert Schumann,48.873169,2.532367,12,1,1
202100050825,110Â 832,A01,1,1,2,5,1,-1,-1,0,0,-1,2021,20.0,1,2,0,2,3,15,1,,3,948,-1,,2,2,0,2,9,790,1,, -1,1,0,1,70,20,2,2021,12:10,1,85,85034,1,2,0,1,La BoreliÃ¨re,46.615256,-1.149128,12,3,2
202100024215,158Â 390,A01,1,1,1,5,1,-1,-1,0,0,-1,2021,19.0,3,2,2,0,3,14,1,,4,,-1,,2,2,0,1,(1),(1),1,,4,2,0,3,50,19,6,2021,17:45,1,33,33051,2,1,0,6,Rue dâAyguemorte,44.660908,-0.965853,17,1,1
202100029166,149Â 614,A01,3,2,2,5,1,0,-1,-1, -1,-1,2021,17.0,2,2,9,0,1,1,1,,3,RENE HAMON (R),0,,2,2,0,1,1,0,2,, -1,2,0,1,50,13,7,2021,18:00,1,94,94076,2,1,1,6,Rue RenÃ© Hamon,48.78973,2.36146,18,3,1
202100022076,162Â 165,A01,3,2,1,5,1,0,-1,-1, -1,-1,2021,17.0,1,2,0,2,1,2,1,,1,A87N,0,,3,4,0,1,2,0,1,, -1,1,0,1,90,28,8,2021,13:14,1,49,49267,2,1,0,4,A87N,47.48609,-0.49749,13,9,4
202100004022,194Â 549,A01,3,2,2,2,1,0,-1,-1, -1,-1,2021,18.0,2,2,3,0,4,1,1,,3,VOIE RAPIDE JEUMONT / MAUBEUGE,0,,3,4,0,1,107,400,3,, -1,7,0,1,90,7,12,2021,08:30,1,59,59385,1,1,0,6,VOIE RAPIDE JEUMONT / MAUBEUGE,50.2939995779,4.0734556851,8,3,1
202100000165,201Â 451,A01,10,3,1,5,0,-1,-1,2,3,1,2021,45.0,2,2,0,1,2,1,1,,4,CRAU AVENUE DE LA,0,,2,2,0,1,1,0,1,, -1,1,0,1,30,2,10,2021,19:50,5,13,13047,2,1,0,3,CRAU AVENUE DE LA,43.59198,4.94033,19,2,1
202100051916,108Â 904,A01,1,1,2,1,1,8,-1,-1, -1,-1,2021,21.0,1,2,8,0,1,1,1,,4,MARCEL DEFRANCE (RUE),0,,2,2,0,1,(1),(1),2,, -1,5,0,1,50,10,2,2021,09:21,2,10,10081,2,1,1,6,MARCEL DEFRANCE (RUE),48.30684,4.02756,9,1,1
202100008742,186Â 108,A01,1,1,2,0,2,6,-1,0,0,-1,2021,19.0,1,1,0,2,3,11,1,,7,ALPES AVENUE DES,0,,1,2,0,1,(1),(1),2,, -1,2,9,1,50,8,11,2021,08:10,1,6,6027,2,1,0,3,ALPES AVENUE DES,43.665266,7.128621,8,2,2
202100000653,200Â 545,A01,1,1,1,5,2,-1,-1,-1, -1,-1,2021,66.0,1,6,12,0,7,1,1,,4,,-1,,2,-1,0,1,(1),(1),2,, -1,1,0,4,-1,5,9,2021,18:00,1,4,4245,2,1,0,6,Rue Mendes France,43.8671072369,5.8414805605,18,1,1
202100031627,145Â 221,B01,1,1,1,0,2,6,-1,-1, -1,-1,2021,52.0,1,1,0,2,1,1,3,,3,910,0,,3,4,0,1,0,0,1,, -1,1,0,1,50,29,6,2021,18:00,1,92,92012,2,2,0,3,EDOUARD VAILLANT (AVENUE) 57/FIN - 58/FI,48.8355,2.24947,18,3,2
202100049688,112Â 925,B01,1,1,1,9,8,0,-1,-1, -1,-1,2021,19.0,1,1,0,2,1,1,3,,3,PDT WILSON (Avenue),0,,1,2,1,1,0,0,1,, -1,1,0,5,50,1,3,2021,17:25,1,92,92062,2,1,0,3,PDT WILSON (Avenue),48.8852318236,2.2255924344,17,2,2
202100044793,121Â 642,A01,1,1,2,0,1,0,-1,-1, -1,-1,2021,56.0,2,2,0,2,2,19,1,,4,SALVADOR ALLENDE (AVENUE),0,,2,2,0,1,(1),(1),1,, -1,1,0,1,30,6,4,2021,10:10,1,972,97209,2,2,0,5,SALVADOR ALLENDE (AVENUE),14.61033,-61.04681,10,3,3
202100036414,136Â 612,A01,10,3,2,0,0,-1,-1,2,3,1,2021,66.0,1,5,0,1,1,26,1,,4,FRERE (RUE DU GENERAL),0,,-1,1,0,2,(1),(1),1,, -1,1,0,8,30,3,6,2021,11:40,1,54,54547,2,1,0,6,FRERE (RUE DU GENERAL),48.66105,6.16933,11,2,1
202100010847,182Â 338,B01,1,1,1,0,8,0,-1,-1, -1,-1,2021,43.0,2,2,0,2,8,15,1,,4,,0,,2,2,0,2,(1),(1),1,, -1,1,0,1,50,25,10,2021,17:20,1,69,69388,2,3,0,3,NARVIK (DE) (R),45.7290228101,4.8857545855,17,2,2
202100006442,190Â 281,Z01,10,3,1,5,8,8,-1,2,3,1,2021,63.0,1,5,0,1,0,1,0,,4,PRADO (AVENUE DU),0,,2,6,3,1,(1),(1),1,, -1,2,0,1,50,24,11,2021,18:25,5,13,13208,2,1,1,6,PRADO (AVENUE DU),43.26954,5.3867,18,2,1
202100035911,137Â 499,B01,1,1,2,1,8,0,-1,0,0,-1,2021,20.0,3,1,0,2,1,1,3,,9,POURRET (PASSERELLE),0,,2,1,1,1,0,0,1,, -1,1,0,5,20,7,6,2021,13:27,1,47,47031,2,1,0,3,POURRET (PASSERELLE),44.17775,0.66357,13,2,2
202100043959,123Â 103,A01,7,2,1,5,1,-1,-1,0,0,-1,2021,19.0,3,2,6,0,3,1,1,,4,,-1,,2,2,0,1,(1),(1),3,, -1,1,0,4,30,15,4,2021,04:00,3,49,49362,2,1,0,6,rue du Bourg Neuf,47.220743,-0.068037,4,4,1
202100003158,196Â 118,A01,1,1,1,9,2,6,-1,0,0,-1,2021,30.0,2,1,0,2,2,1,3,,4,RUE GEORGE SAND,0,,1,2,0,1,(1),(1),1,, -1,1,0,1,30,9,12,2021,13:50,1,75,75116,2,1,0,3,RUE GEORGE SAND,48.849878,2.268305,13,2,2
202100055332,102Â 926,A01,10,3,1,2,0,-1,-1,3,1,1,2021,13.0,1,2,0,2,4,23,1,,4,JOFFRE (BOULEVARD DU ML),0,,2,2,0,1,(1),(1),1,, -1,2,0,1,50,12,1,2021,11:50,1,27,27375,2,1,1,2,JOFFRE (BOULEVARD DU ML),49.2145,1.1655,11,3,2
202100003430,195Â 623,A01,1,1,1,1,2,6,-1,0,0,-1,2021,29.0,2,1,0,0,0,21,1,,4,BOULEVARD PERIPHERIQUE,0,,1,4,0,1,14,600,1,, -1,1,0,1,70,11,12,2021,01:00,5,75,75116,2,1,0,7,BOULEVARD PERIPHERIQUE,48.865767,2.268076,1,1,1
202100000538,200Â 743,A01,10,3,1,0,0,-1,-1,2,3,1,2021,88.0,1,2,0,1,8,13,1,,7,AVENUE AMBROISE CROIZAT,0,,2,2,0,1,0,0,1,, -1,1,0,1,50,12,11,2021,18:05,5,38,38421,2,1,1,6,AVENUE AMBROISE CROIZAT,45.18513,5.7495,18,2,1
202100052776,107Â 392,A01,10,3,2,9,0,-1,-1,3,3,1,2021,90.0,2,2,0,1,3,1,1,,4,GROSLAY (BD DE JUSQU'AU NÂ°23),0,,2,2,0,2,(1),(1),1,, -1,1,0,1,30,1,2,2021,10:40,1,35,35115,2,9,0,6,Boulevard de Groslay,48.365407,-1.184708,10,2,1
202100010271,183Â 348,A01,1,1,2,0,1,7,-1,-1, -1,-1,2021,52.0,1,2,0,2,5,19,1,,3,CD63,0,,2,2,0,1,3,0,1,, -1,1,0,1,80,28,10,2021,19:04,2,91,91223,1,3,0,3,CD63,48.40473,2.21384,19,3,2
202100054860,103Â 743,A01,10,3,2,2,0,-1,-1,3,1,2,2021,6.0,3,3,0,0,6,9,1,1.0,4,JAURES JEAN (RUE),0,,1,1,0,1,(1),(1),3,, -1,1,6,6,30,15,1,2021,08:50,1,95,95019,2,1,0,6,JAURES JEAN (RUE),48.99334,2.41672,8,2,1
202100028557,150Â 674,B01,1,1,1,5,0,-1,-1,0,0,-1,2021,69.0,0,1,0,2,2,1,5,,4,,0,,2,2,0,1,(1),(1),1,,4,1,0,5,40,12,7,2021,18:20,1,67,67471,2,2,0,3,6 Rue des Vosges,48.632313,7.748516,18,3,2
202100022650,161Â 134,A01,1,1,2,3,1,0,-1,-1, -1,-1,2021,87.0,1,2,3,0,1,1,1,,3,CD60,0,,2,2,0,1,20,0,2,, -1,1,0,1,50,24,8,2021,11:17,1,10,10081,2,1,0,7,CD60,48.309558,4.01329,11,1,1