Num_Acc,id_vehicule,num_veh,place,catu,sexe,trajet,secu1,secu2,secu3,locp,actp,etatp,year_acc,victim_age,senc,catv,obs,obsm,choc,manv,motor,occutc,catr,voie,v1,v2,circ,nbv,vosp,prof,pr,pr1,plan,lartpc,larrout,surf,infra,situ,vma,jour,mois,an,hrmn,lum,dep,com,agg_,int,atm,col,adr,lat,long,hour,nb_victim,nb_vehicules
202100054437,104Â 453,A01,10,3,2,0,0,-1,-1,8,9,1,2021,18.0,1,3,0,1,1,1,5,,4,QUAI DE LA FOSSE,0,,3,7,3,1,(1),0,1,, -1,1,0,1,30,19,1,2021,17:20,1,44,44109,2,1,0,6,QUAI DE LA FOSSE,47.20908,-1.56725,17,2,1
202100055617,102Â 436,A01,2,2,2,0,8,0,-1,-1, -1,-1,2021,19.0,2,2,0,2,2,21,1,,1,AUTOROUTE A3,0,,3,10,0,1,6,599,1,, -1,2,0,1,70,10,1,2021,00:15,3,93,93053,1,1,0,5,AUTOROUTE A3,48.89339,2.47232,0,5,4
202100007182,188Â 916,A01,1,1,1,0,1,0,-1,-1, -1,-1,2021,69.0,1,2,0,2,1,1,1,,2,ROCADE Nord-Est,0,,4,4,0,1,4,1,1,, -1,1,3,1,90,12,11,2021,13:10,1,76,76322,1,1,0,2,ROCADE Nord-Est,49.40695,1.03687,13,2,2
202100039132,131Â 680,Z01,10,3,2,2,8,8,-1,3,5,2,2021,3.0,2,2,0,1,0,26,0,,3,HIPPODROME ( BD DE L' PAIR),0,,2,2,2,1,8,578,1,, -1,2,6,1,30,19,5,2021,17:06,1,1,1053,2,6,0,6,STAND ( RUE DU ),46.189943,5.232773,17,2,1
202100008060,187Â 326,A01,1,1,1,0,2,6,-1,-1, -1,-1,2021,25.0,1,1,0,2,2,5,1,,3,PAUL VAILLANT COUTURIER (AV),0,,-1,2,0,2,0,0,1,, -1,1,0,1,50,15,11,2021,12:20,1,94,94003,2,1,0,3,PAUL VAILLANT COUTURIER (AV),48.79895,2.34515,12,2,2
202100019163,167Â 374,B01,1,1,1,5,2,0,-1,0,0,-1,2021,48.0,2,1,0,2,1,1,1,,3,RD2029,0,,3,4,0,1,2,450,1,, -1,1,5,1,50,12,9,2021,18:30,1,63,63300,2,6,0,3,RD2029,45.890939501,3.1103043258,18,2,2
202100032905,142Â 944,A01,1,1,2,1,8,0,-1,0,0,-1,2021,41.0,1,0,0,2,1,1,3,,4,QUAI DE BERCY,0,,2,2,1,1,(1),(1),1,, -1,1,0,5,50,22,6,2021,11:27,1,75,75112,2,2,0,1,QUAI DE BERCY,48.830653,2.386341,11,2,2
202100040983,128Â 363,A01,1,1,1,5,2,-1,-1,0,0,-1,2021,32.0,2,1,13,0,1,1,1,,3,145,-1,,2,2,0,1,34,590,4,, -1,1,0,3,80,8,5,2021,12:40,1,17,17098,1,1,0,7,D145,45.50988,-0.846359,12,1,1
202100029902,148Â 353,A01,1,1,1,0,2,6,-1,0,0,-1,2021,37.0,2,1,0,2,1,2,1,,2,05,-1,,2,2,0,1,(1),(1),1,, -1,2,0,1,70,1,7,2021,18:57,5,971,97116,1,3,1,3,Blanchet,16.323661,-61.413467,18,2,2
202100056356,101Â 166,A01,1,1,1,5,1,-1,-1,0,0,-1,2021,22.0,2,2,2,0,1,1,1,,3,113,-1,,2,2,0,1,6,200,1,, -1,1,0,3,90,4,1,2021,21:00,3,61,61474,1,1,0,7,Lieu Dit le Pavillon du Puits,48.771761,0.036714,21,1,1
202100001579,198Â 990,A01,10,3,1,0,0,-1,-1,3,9,1,2021,26.0,3,2,0,1,2,23,1,,4,PIETRI FRANCOIS RUE,0,,3,4,0,1,(1),(1),3,, -1,2,9,1,50,23,12,2021,18:48,5,201,201004,2,6,1,6,PIETRI FRANCOIS RUE,41.93512,8.75324,18,2,1
202100043847,123Â 297,B01,1,1,1,1,8,0,-1,-1, -1,-1,2021,30.0,2,2,0,2,4,1,1,,1,A7-Sens Marseille vers Lyon,0,,1,3,0,1,277,0,1,, -1,1,0,1,90,15,4,2021,08:13,1,13,13215,1,1,0,2,A7-Sens Marseille vers Lyon,43.3725045706,5.3611818708,8,2,2
202100019011,167Â 656,A01,1,1,1,3,2,0,-1,0,0,-1,2021,70.0,1,1,14,0,7,13,5,,4,RUE SAINT ANTOINE,0,,2,4,1,1,(1),(1),1,, -1,2,0,5,30,14,9,2021,12:30,1,75,75104,2,3,0,6,RUE SAINT ANTOINE,48.8550626965,2.3616790376,12,1,1
202100007309,188Â 685,B01,1,1,1,0,2,8,-1,-1, -1,-1,2021,29.0,3,1,0,2,1,1,1,,3,MONTESQUIEU (AVENUE),0,,2,2,0,1,0,0,1,, -1,1,9,1,50,17,11,2021,18:05,1,11,11262,2,2,0,3,MONTESQUIEU (AVENUE),43.18969,3.02426,18,2,2
202100045751,119Â 972,B01,1,1,1,0,2,0,-1,0,0,-1,2021,44.0,2,1,0,2,7,1,1,,4,MALLET (RUE ALBERT),0,,2,2,0,1,(1),(1),1,, -1,1,0,1,50,31,3,2021,06:50,2,63,63113,2,2,0,3,MALLET / Mallet,45.76388,3.09157,6,2,2
202100051516,109Â 612,A01,1,1,1,3,2,8,-1,-1, -1,-1,2021,36.0,2,1,0,2,1,2,1,,3,DE GAULLE (AVENUE CHARLES),0,,-1,2,0,1,0,1,1,, -1,1,0,1,50,13,2,2021,11:50,1,8,8043,2,3,0,3,DE GAULLE (AVENUE CHARLES),49.6903804994,4.9631211363,11,2,2
202100042256,126Â 098,B01,1,1,1,1,1,-1,-1,0,0,-1,2021,50.0,1,5,0,2,1,1,1,,2,20,0,,2,2,0,1,129,300,3,, -1,2,0,1,50,28,4,2021,08:30,1,202,202350,2,1,0,4,Fontanone,42.522886,9.401738,8,3,3
202100046962,117Â 834,A01,1,1,1,4,2,6,-1,-1, -1,-1,2021,21.0,3,1,0,2,8,16,3,,3,MARCEL CACHIN (AV),0,,1,-1,0,1,1,0,1,, -1,1,0,1,50,22,3,2021,21:45,5,94,94054,2,2,0,3,Rue Camille GuÃ©rin,48.7485963508,2.4121642113,21,2,2
202100026375,154Â 549,A01,1,1,2,1,2,6,-1,0,0,-1,2021,18.0,2,1,0,2,1,1,1,,3,99,0,,2,2,0,1,9,294,1,, -1,1,0,1,50,30,7,2021,17:15,1,44,44069,2,1,0,2,D99 route de la Turballe,47.334286,-2.460508,17,2,2
202100054954,103Â 581,A01,1,1,1,5,2,6,-1,0,0,-1,2021,25.0,3,6,2,0,0,0,1,,3,,-1,,-1,2,0,1,(1),(1),1,, -1,1,0,3,50,15,1,2021,17:00,1,28,28104,1,1,0,6,Rue d'Harleville,48.507848,1.613858,17,1,1
202100043207,124Â 428,B01,1,1,1,5,2,6,-1,-1, -1,-1,2021,18.0,2,1,0,2,1,1,1,,3,PONT DE CRETEIL (R DU),0,,2,1,0,1,0,0,1,, -1,1,0,1,50,20,4,2021,18:50,1,94,94068,2,1,0,3,Rue du Pont de CrÃ©teil,48.80658,2.47112,18,2,2
202100025237,156Â 546,A01,1,1,1,0,1,0,-1,-1, -1,-1,2021,33.0,1,2,0,2,0,9,1,,1,A12 W,0,,-1,3,0,1,0,400,3,, -1,1,0,1,110,6,8,2021,15:00,1,78,78043,1,1,0,2,A12 W,48.842214,2.099356,15,2,2
202100052377,108Â 092,A01,1,1,1,0,1,0,-1,-1, -1,-1,2021,41.0,1,2,0,9,8,15,6,,4,SOURCE DE BADUEL (CHEMIN DE LA),0,,2,2,0,1,(1),(1),1,, -1,1,0,1,50,5,2,2021,08:14,1,973,97302,2,1,0,3,SOURCE DE BADUEL (CHEMIN DE LA),4.93071,-52.30912,8,3,2
202100022371,161Â 662,B01,1,1,1,1,0,-1,-1,0,0,-1,2021,46.0,2,1,0,0,4,2,5,,3,CD5,-1,,2,2,0,1,35,500,1,, -1,1,0,1,80,27,8,2021,19:20,3,973,97305,1,1,0,5,CD5,4.982307,-52.469105,19,3,3
202100011673,180Â 859,B01,2,2,2,0,2,0,-1,-1, -1,-1,2021,22.0,0,1,0,2,1,1,1,,3,ALLENDE (AVE DU P. SALVADOR),0,,3,2,2,1,0,0,1,, -1,1,0,1,50,22,10,2021,16:50,1,93,93008,2,1,0,2,Av du President Salvador Allende,48.904591,2.444457,16,4,2
202100017107,171Â 052,B01,1,1,1,5,0,0,-1,-1, -1,-1,2021,80.0,1,1,0,2,1,13,5,,3,SALVADOR ALLENDE (AV),0,,3,2,1,1,1,0,1,, -1,1,0,5,50,24,9,2021,10:20,1,94,94017,2,1,0,3,Avenue Salvador AllendÃ©,48.80866,2.55071,10,2,2
202100050805,110Â 867,A01,10,3,2,0,0,-1,-1,3,3,1,2021,85.0,1,2,0,1,1,1,1,,3,33,0,,1,2,0,1,10,480,1,, -1,1,0,1,50,21,2,2021,10:05,1,47,47049,2,6,1,6,33 Allee des Promenades,44.443182,0.622476,10,2,1
202100027161,153Â 169,B01,1,1,1,1,1,-1,-1,0,0,-1,2021,25.0,2,2,0,2,1,1,1,,3,34,-1,,2,2,0,1,(1),(1),4,,4,1,0,1,80,26,7,2021,15:25,1,22,22173,1,2,0,3,La mare Boudard,48.545276,-2.581494,15,2,2
202100004942,192Â 956,B01,1,1,1,0,8,0,-1,-1, -1,-1,2021,35.0,1,1,0,2,3,1,5,,2,13,0,,3,3,0,1,0,0,1,, -1,2,8,5,50,3,12,2021,20:30,5,92,92051,2,3,1,3,"CHARLES DE GAULLE (AVENUE, NÂ° 18 A 116)",48.8798068423,2.2762593627,20,2,2
202100030440,147Â 362,Z01,10,3,1,1,8,8,-1,3,3,1,2021,18.0,2,2,0,1,1,1,1,,3,SAINT LEU (ROUTE DE) 1 Ã  157,0,,1,3,0,1,0,0,1,, -1,1,0,1,50,6,7,2021,07:45,1,93,93031,2,1,0,6,SAINT LEU (ROUTE DE) 1 Ã  157,48.95845,2.32915,7,2,1
202100042183,126Â 223,B01,1,1,1,5,8,0,-1,-1, -1,-1,2021,87.0,3,1,0,2,8,1,5,,4,BRANLY (RUE EDOUARD),0,,2,0,0,1,(1),(1),1,, -1,1,0,1,50,28,4,2021,17:20,1,37,37122,2,3,0,6,BRANLY (RUE EDOUARD),47.3580024761,0.6810997725,17,2,2
202100053737,105Â 689,B01,2,2,1,2,8,8,-1,-1, -1,-1,2021,4.0,1,1,0,2,7,26,5,,4,MOUEZY (AVENUE MONSEIGNEUR),0,,1,2,2,1,(1),(1),3,, -1,2,9,5,30,25,1,2021,08:40,2,35,35238,2,6,0,2,MOUEZY (AVENUE MONSEIGNEUR),48.103916,-1.650125,8,3,2
202100012237,179Â 847,A01,1,1,1,1,8,6,-1,-1, -1,-1,2021,21.0,2,1,0,2,3,1,3,,3,PARIS (ROUTE DE),0,,3,4,0,1,30,418,1,, -1,1,0,1,70,19,10,2021,08:09,1,1,1451,2,6,0,3,PARIS (ROUTE DE),46.22501,5.20644,8,2,2
202100049335,113Â 577,A01,1,1,1,5,1,-1,-1,0,0,-1,2021,22.0,1,2,0,0,0,0,1,,3,113,-1,,2,2,0,1,1,735,1,, -1,1,0,3,80,4,3,2021,19:17,3,35,35004,1,1,0,7,D113,48.415053,-1.452861,19,1,1
202100041914,126Â 698,A01,2,2,1,5,8,6,-1,-1, -1,-1,2021,16.0,1,1,5,0,7,14,1,,4,CHEMIN DE LA SAGNE,0,,2,2,0,1,(1),(1),2,, -1,1,0,1,50,28,4,2021,16:30,1,13,13103,2,1,0,6,CHEMIN DE LA SAGNE,43.626222,5.083932,16,2,1
202100001283,199Â 468,A01,10,3,1,5,0,-1,-1,2,5,2,2021,6.0,2,2,0,1,1,1,1,,4,ROUGE (RUE DE LA CROIX),0,,2,2,0,1,(1),(1),1,, -1,2,0,1,50,26,12,2021,21:00,5,59,59599,2,1,0,6,ROUGE (RUE DE LA CROIX),50.72772,3.17483,21,2,1
202100011816,180Â 600,A01,10,3,1,4,8,8,-1,9,9,1,2021,48.0,3,2,0,1,3,26,1,,4,LEMARCHAND (RUE EDOUARD),0,,1,1,0,1,0,0,1,, -1,1,0,1,50,21,10,2021,11:15,1,37,37233,2,9,0,6,LEMARCHAND (RUE EDOUARD),47.3899833909,0.7172194947,11,2,1
202100033985,141Â 007,A01,1,1,2,5,1,-1,-1,-1,0,-1,2021,21.0,1,2,4,0,3,13,1,,1,AUTOROUTE A1,0,,3,7,0,1,24,200,1,, -1,1,0,1,110,17,6,2021,03:30,3,95,95675,1,1,0,6,AUTOROUTE A1,49.0533967273,2.5484610613,3,1,1
202100049503,113Â 268,A01,2,2,2,0,1,0,-1,-1, -1,-1,2021,25.0,1,2,0,2,1,1,1,,4,BD DES RECOLLETS,0,,2,3,0,1,(1),(1),1,, -1,1,0,1,50,2,3,2021,14:15,1,31,31555,2,9,0,3,BD DES RECOLLETS,43.58438,1.44788,14,3,2
202100035755,137Â 797,A01,1,1,1,1,2,6,-1,0,0,-1,2021,26.0,2,1,4,2,3,3,1,,4,AVENUE DE LA PORTE D ORLEANS,0,,1,3,0,1,(1),(1),1,, -1,1,0,1,50,8,6,2021,09:45,1,75,75114,2,1,0,3,AVENUE DE LA PORTE D ORLEANS,48.820018,2.325736,9,2,2
202100047851,116Â 226,A01,1,1,2,0,1,-1,-1,0,0,-1,2021,55.0,3,2,0,2,1,1,1,,1,,-1,,1,-1,-1,1,179,800,3,, -1,1,3,1,-1,15,3,2021,08:00,1,6,6161,1,3,0,1,D2d,43.647442,7.138082,8,2,2
202100024952,157Â 062,A01,1,1,1,5,1,-1,-1,0,0,-1,2021,21.0,1,2,13,0,9,14,1,,3,13,-1,,2,2,0,1,7,850,2,, -1,1,0,3,80,8,8,2021,06:30,2,43,43152,1,1,0,7,D13,45.096443,3.852178,6,1,1
202100012793,178Â 853,B01,2,2,2,0,1,0,-1,-1, -1,-1,2021,11.0,1,2,0,2,4,2,1,,1,AUTOROUTE A104,0,,3,6,0,1,5,0,1,, -1,1,0,1,90,16,10,2021,20:10,3,93,93078,1,1,0,4,AUTOROUTE A104,48.96174,2.5456,20,4,3
202100007426,188Â 483,A01,1,1,1,1,1,4,-1,-1, -1,-1,2021,27.0,2,1,0,2,8,26,1,,1,86,0,,-1,2,0,1,2,599,1,, -1,1,0,1,70,18,11,2021,10:50,1,92,92025,1,1,0,3,A86,48.9199371784,2.2244346596,10,2,2
202100036203,136Â 977,A01,1,1,1,0,2,6,-1,-1, -1,-1,2021,27.0,2,1,4,0,0,26,1,,1,AUTOROUTE A6,0,,3,3,0,2,32,391,1,, -1,1,0,3,110,5,6,2021,18:01,1,91,91468,1,1,0,6,AUTOROUTE A6,48.57453,2.46642,18,1,1
202100012357,179Â 630,A01,1,1,1,0,2,6,-1,-1, -1,-1,2021,41.0,2,1,0,0,8,1,1,,1,A14,0,,-1,4,0,1,3,450,2,, -1,2,1,1,70,19,10,2021,14:50,1,92,92050,1,1,0,7,A14,48.8999607132,2.2100781197,14,1,1
202100033227,142Â 371,A01,1,1,1,0,1,0,-1,-1, -1,-1,2021,84.0,1,2,9,0,1,15,2,,4,,0,,2,2,0,1,1,0,1,, -1,1,9,4,30,20,6,2021,12:50,1,92,92062,2,1,0,6,GODEFROY (RUE) PAIR,48.881227,2.242244,12,1,1
202100004383,193Â 923,B01,1,1,1,9,2,6,-1,-1, -1,-1,2021,41.0,2,1,0,2,1,1,1,,1,A86 EXT,0,,1,3,0,1,44,400,1,, -1,3,0,1,90,7,12,2021,19:05,5,94,94073,1,1,1,2,A86 EXT,48.7711250173,2.391242981,19,2,2
202100034008,140Â 970,A01,1,1,1,0,2,6,-1,-1, -1,-1,2021,48.0,1,1,0,2,1,13,1,,3,vahibe-Departementale 3 ( route ),0,,2,0,0,2,0,0,4,, -1,1,0,1,70,16,6,2021,08:55,1,976,97611,1,1,0,1,vahibe-Departementale 3 ( route ),-12.78655,45.16934,8,2,2
202100019801,166Â 255,A01,1,1,1,9,2,-1,-1,0,0,-1,2021,34.0,1,1,0,0,0,1,5,,3,1010,-1,,2,2,0,1,83,0,1,,7,1,0,1,80,9,9,2021,11:00,1,33,33042,1,1,0,6,dÃ©partementale 1010,44.551609,-0.786304,11,2,2
202100011066,181Â 943,A01,1,1,1,5,1,0,-1,-1, -1,-1,2021,32.0,3,2,0,2,8,11,1,,4,ARAVIS (RUE DES),0,,1,2,0,1,0,1,1,, -1,1,0,1,50,23,10,2021,14:35,1,74,74012,2,1,0,3,ARAVIS (RUE DES),46.18797,6.23403,14,6,2
202100023769,159Â 131,A01,1,1,1,5,2,6,-1,0,0,-1,2021,61.0,2,1,13,0,1,14,1,,3,104,-1,,2,2,0,2,17,300,2,, -1,1,0,3,80,17,8,2021,16:00,1,32,32104,1,1,0,6,D104,43.487587,0.562888,16,1,1
202100010650,182Â 701,B01,2,2,2,0,1,-1,-1,0,0,-1,2021,22.0,2,2,0,2,8,1,1,,3,RD137,0,,2,2,0,1,9,68,1,, -1,2,0,1,90,28,10,2021,19:13,3,44,44037,1,3,1,5,La Petite Rochette,47.093829,-1.442323,19,5,3
202100012510,179Â 347,B01,1,1,1,5,2,-1,-1,0,0,-1,2021,75.0,2,1,0,2,1,1,5,,3,143,-1,,2,2,0,1,13,380,1,, -1,1,0,1,80,18,10,2021,15:30,1,52,52538,1,1,0,2,RD143,47.986192,5.191302,15,2,2
202100035725,137Â 855,A01,1,1,1,2,2,6,-1,0, -1,-1,2021,17.0,3,1,12,0,1,26,1,,4,BIELEFELD SENNE ( AVENUE DE),0,,2,2,1,2,0,100,1,, -1,1,5,3,50,7,6,2021,12:15,1,29,29039,2,1,0,6,Avenue de Bielefeld - Senne,47.8774139745,-3.9105222936,12,1,1
202100043340,124Â 195,B01,2,2,1,5,1,0,-1,-1, -1,-1,2021,77.0,2,2,0,2,2,1,1,,4,ARISTIDE BRIAND BOULEVARD,0,,2,2,0,1,0,0,1,, -1,1,5,1,50,19,4,2021,18:30,2,13,13063,2,2,0,1,ARISTIDE BRIAND BOULEVARD,43.58236,5.00347,18,3,2
202100045143,121Â 039,B01,4,2,2,4,1,0,-1,0,0,-1,2021,24.0,2,2,0,2,8,1,1,,4,COURS DE VINCENNES,0,,2,8,0,1,(1),(1),1,, -1,1,0,1,50,3,4,2021,12:40,1,75,75120,2,2,0,5,COURS DE VINCENNES,48.847488,2.406195,12,5,3
202100004129,194Â 361,B01,1,1,1,4,1,-1,-1,-1, -1,-1,2021,48.0,1,4,0,2,3,9,1,,3,LE FOLL (AV),0,,1,1,0,1,(1),(1),3,, -1,2,0,1,50,8,12,2021,16:00,2,94,94077,2,6,0,3,Avenue le Foll,48.7275357942,2.4405095787,16,2,2
202100001805,198Â 574,B01,1,1,1,1,1,-1,-1,0,0,-1,2021,45.0,3,2,0,2,3,0,1,,7,46,0,A,2,2,0,1,0,0,3,, -1,2,0,1,70,23,12,2021,20:08,3,13,13041,1,1,1,1,Route de Greasque,43.448603,5.511007,20,2,2
202100029149,149Â 643,A01,1,1,2,9,1,0,-1,0,0,-1,2021,42.0,0,2,8,0,1,1,1,,6,EMBRUN ( AVENUE D'),0,,-1,0,0,1,0,1,1,, -1,1,0,8,50,12,7,2021,10:31,1,5,5061,2,1,0,6,EMBRUN ( AVENUE D'),44.56887,6.09984,10,1,1
202100015563,173Â 865,A01,10,3,2,9,0,-1,-1,9,3,1,2021,10.0,1,2,0,1,2,26,1,,4,REUX,0,,2,2,0,1,1,0,1,, -1,1,0,1,50,1,10,2021,16:39,1,49,49267,2,1,0,6,REUX,47.47089,-0.50596,16,2,1
202100052391,108Â 063,B01,1,1,2,0,1,0,-1,-1, -1,-1,2021,30.0,3,2,0,2,1,2,1,,4,CONDORCET (RUE),0,,2,2,0,1,0,0,1,, -1,1,0,1,50,5,2,2021,08:05,1,91,91286,2,9,0,1,CONDORCET (RUE),48.647877,2.375343,8,2,2
202100055679,102Â 331,A01,1,1,1,9,2,6,-1,0,0,-1,2021,24.0,2,1,0,2,1,1,1,,4,BOULEVARD PERIPHERIQUE EXTERIEUR OUEST,0,,3,4,0,1,(1),(1),1,, -1,1,0,1,70,9,1,2021,19:45,5,75,75116,2,4,0,2,BOULEVARD PERIPHERIQUE EXTERIEUR OUEST,48.865686,2.267975,19,3,2
202100019382,166Â 986,A01,10,3,1,3,0,-1,-1,5,9,1,2021,68.0,1,1,0,1,4,25,3,,9,LENINE (AVENUE),0,,-1,0,0,1,0,0,1,, -1,1,6,4,6,12,9,2021,10:35,1,93,93027,2,1,0,2,LENINE (AVENUE),48.92099,2.41119,10,2,1
202100023501,159Â 624,A01,1,1,1,5,1,-1,-1,0,0,-1,2021,33.0,2,2,13,0,9,1,1,,3,42,-1,,2,2,0,1,(1),(1),3,, -1,2,0,1,80,19,8,2021,19:05,1,50,50370,1,1,1,7,Les Forges de vardon,49.415566,-1.580508,19,3,1
202100050255,111Â 888,B01,2,2,2,3,1,-1,-1,0,0,-1,2021,78.0,3,2,0,2,1,19,1,,3,79,-1,,2,2,0,1,11,650,2,, -1,1,0,1,90,25,2,2021,13:40,1,49,49180,1,2,0,3,Lieu-dit d'Athee - CD 79,47.394406,-0.101291,13,3,2
202100031255,145Â 877,A01,9,2,1,0,1,-1,-1,0,0,-1,2021,10.0,2,2,0,2,1,2,1,,3,27,0,,2,2,0,1,39,800,3,, -1,1,0,1,80,3,7,2021,20:30,1,8,8478,1,1,0,1,D27,49.63373,4.717383,20,5,2
202100026765,153Â 878,A01,1,1,1,1,2,0,-1,-1, -1,-1,2021,55.0,1,1,15,0,8,1,1,,1,A13,0,,1,1,0,2,24,200,3,, -1,2,3,1,50,27,7,2021,21:10,2,78,78498,1,1,0,6,A13,48.91788,2.00792,21,1,1
202100002925,196Â 542,A01,1,1,1,5,1,0,-1,0,0,-1,2021,85.0,1,2,9,0,2,0,1,,4,NEY (RUE DU MARECHAL),0,,2,2,0,1,(1),(1),2,, -1,1,0,1,30,13,12,2021,08:40,1,54,54257,2,3,1,6,NEY (RUE DU MARECHAL),48.6532565605,6.1998585462,8,1,1
202100001280,199Â 471,A01,1,1,1,5,8,0,-1,-1, -1,-1,2021,53.0,1,1,0,2,7,9,5,,3,GRAND PORT (RONDEAU) AVENUE DU,0,,4,2,0,1,29,145,3,, -1,2,0,1,50,26,12,2021,18:55,5,73,73008,2,6,1,3,D991 GRAND PORT (RONDEAU) AVENUE DU,45.69943,5.90428,18,2,2
202100043524,123Â 864,B01,1,1,2,1,1,-1,-1,0,0,-1,2021,35.0,2,2,0,2,1,1,1,,3,342,0,D,2,2,0,2,34,771,2,, -1,1,9,1,80,19,4,2021,18:20,1,69,69228,1,1,0,1,LYON (DE) (RTE),45.5750632536,4.649206996,18,2,2
202100049142,113Â 915,A01,10,3,2,0,0,-1,-1,2,3,1,2021,38.0,3,2,0,1,1,15,1,,4,JULES LAGAISSE (R),0,,2,2,0,1,0,0,1,, -1,1,0,6,30,5,3,2021,16:15,1,94,94081,2,1,0,3,JULES LAGAISSE (R),48.79752,2.37995,16,2,1
202100032075,144Â 416,A01,1,1,1,0,2,8,-1,-1, -1,-1,2021,32.0,1,1,8,0,8,17,1,,4,COMMUNE DE PARIS (AVENUE),0,,1,1,0,1,0,0,1,, -1,1,0,1,50,26,6,2021,16:00,1,974,97407,2,1,0,6,COMMUNE DE PARIS (AVENUE),-20.94238,55.29226,16,1,1
202100012287,179Â 767,A01,1,1,2,9,2,9,-1,0,0,-1,2021,49.0,3,1,8,9,6,17,1,,3,810,0,D,2,2,0,1,(1),(1),1,, -1,1,0,1,80,19,10,2021,07:45,2,40,40036,1,1,0,6,D810,43.641246,-1.343615,7,1,1
202100022451,161Â 508,A01,1,1,2,0,2,0,-1,-1, -1,-1,2021,38.0,3,1,0,2,0,0,5,,4,PINEL (PL MARIUS) DU 1AU 24,0,,2,2,1,1,(1),(1),1,, -1,1,0,1,50,25,8,2021,16:25,1,31,31555,2,1,0,1,PINEL (PL MARIUS) DU 1AU 24,43.602673,1.466022,16,2,2
202100035282,138Â 637,A01,10,3,2,5,0,-1,-1,3,3,1,2021,41.0,1,2,0,9,1,1,1,,4,LECLERC   AVENUE DU GENERAL,0,,2,2,0,1,(1),(1),1,, -1,1,6,1,30,10,6,2021,20:06,1,17,17300,2,1,0,6,LECLERC   AVENUE DU GENERAL,46.162924,-1.163298,20,2,1
202100009029,185Â 572,A01,1,1,2,5,1,-1,-1,0,0,-1,2021,50.0,1,2,0,2,3,1,1,,2,568,0,N,3,2,0,1,1,100,1,,4,1,5,1,90,6,11,2021,08:45,1,13,13004,1,2,0,3,N568,43.625763,4.748154,8,2,2
202100041960,126Â 618,B01,1,1,1,0,2,0,-1,-1, -1,-1,2021,38.0,3,1,0,2,2,2,1,,4,,0,,1,1,0,1,1,0,2,, -1,1,0,1,50,30,4,2021,21:00,2,92,92025,2,9,0,2,COLBERT  115 A 131   104 A 124 (RUE),48.9153400709,2.2329504043,21,2,2
202100036873,135Â 790,A01,1,1,2,0,8,0,-1,-1, -1,-1,2021,27.0,2,1,0,2,5,1,5,,4,,0,,2,3,0,1,0,0,1,, -1,1,0,1,50,2,6,2021,21:51,4,92,92044,2,1,0,3,ALSACE (RUE) NÂ°1 A 17 ET 2 A 18,48.8901800564,2.2931331396,21,2,2
202100051247,110Â 081,B01,1,1,1,5,0,-1,-1,0,0,-1,2021,60.0,1,1,0,2,4,2,3,,4,,0,,2,2,0,1,(1),(1),1,, -1,1,0,1,50,17,2,2021,17:35,1,85,85226,2,1,0,2,86 Rue de la Touche,46.71509,-1.965567,17,2,2
202100020416,165Â 147,A01,1,1,1,0,0,-1,-1,0,0,-1,2021,29.0,1,2,6,9,7,14,1,,3,D441,-1,,2,2,0,1,29,100,2,, -1,1,0,3,50,5,9,2021,22:00,4,10,10091,2,1,0,6,20 Rue d Arcis,48.505843,4.269086,22,1,1
202100047600,116Â 669,B01,2,2,1,5,1,-1,-1,-1, -1,-1,2021,43.0,3,2,0,2,1,1,1,,4,DE LATTRE DE TASSIGNY               (PT),0,,2,8,0,1,(1),(1),1,, -1,2,2,1,50,17,3,2021,15:30,1,69,69381,2,1,1,3,DE LATTRE DE TASSIGNY               (PT),45.7724746629,4.8393112421,15,3,2
202100053506,106Â 072,A01,10,3,1,0,0,-1,-1,1,3,1,2021,39.0,2,0,0,1,7,1,3,,4,PARIS (RUE DE) NÂ° 12 A 164,0,,2,2,0,2,0,0,1,, -1,2,0,1,50,26,1,2021,08:55,1,92,92048,2,1,0,6,PARIS (RUE DE) NÂ° 12 A 164,48.8138491825,2.2466484457,8,2,1
202100055845,102Â 055,B01,1,1,1,1,1,0,-1,-1, -1,-1,2021,51.0,2,2,0,2,3,1,1,,3,NEUILLY (RUE DE),0,,2,2,0,1,0,0,3,, -1,2,0,1,30,7,1,2021,23:00,5,93,93077,2,3,0,1,NEUILLY (RUE DE),48.87628,2.52548,23,3,2
202100008271,186Â 929,B01,1,1,1,0,1,0,-1,-1, -1,-1,2021,37.0,0,5,0,2,7,15,1,,3,LUCIE AUBRAC ALLEE,0,,2,2,0,1,0,0,1,, -1,2,0,1,50,13,11,2021,11:29,1,93,93046,2,1,1,3,LUCIE AUBRAC ALLEE,48.92925,2.54857,11,2,2
202100047745,116Â 407,B01,1,1,1,9,2,6,-1,-1, -1,-1,2021,22.0,3,1,0,2,7,1,1,,4,ALLIES (BOULEVARD DES),0,,2,4,0,1,(1),(1),1,, -1,1,5,1,50,8,3,2021,10:25,1,35,35051,2,2,0,3,ALLIES (BOULEVARD DES),48.13074,-1.62124,10,2,2
202100020932,164Â 242,A01,1,1,1,5,2,6,-1,0,0,-1,2021,16.0,1,1,0,0,8,14,1,,3,262,0,,2,2,0,1,6,200,2,, -1,1,0,3,80,5,9,2021,11:30,1,14,14326,1,1,0,7,D262,49.171365,0.311898,11,2,1