Num_Acc,id_vehicule,num_veh,place,catu,sexe,trajet,secu1,secu2,secu3,locp,actp,etatp,year_acc,victim_age,senc,catv,obs,obsm,choc,manv,motor,occutc,catr,voie,v1,v2,circ,nbv,vosp,prof,pr,pr1,plan,lartpc,larrout,surf,infra,situ,vma,jour,mois,an,hrmn,lum,dep,com,agg_,int,atm,col,adr,lat,long,hour,nb_victim,nb_vehicules
202100013907,176Â 844,A01,2,1,1,0,1,0,-1,-1, -1,-1,2021,21.0,1,2,9,2,5,5,1,,3,JEAN JAURES (AVENUE),0,,2,2,0,1,0,1,1,, -1,1,0,1,50,10,10,2021,23:20,5,93,93031,2,2,0,3,JEAN JAURES (AVENUE),48.9544781896,2.3176592588,23,2,2
202100017043,171Â 161,B01,1,1,1,5,2,6,-1,0,0,-1,2021,43.0,1,1,0,2,1,1,1,,4,BOULEVARD PERIPHERIQUE EXTERIEUR SUD,0,,1,3,0,1,3,900,1,, -1,1,0,1,70,24,9,2021,20:50,5,75,75114,2,1,0,2,BD PERIPHERIQUE EXTERIEUR,48.81644,2.343045,20,2,2
202100009857,184Â 081,A01,1,1,1,2,1,-1,-1,0,0,-1,2021,18.0,1,2,2,0,2,17,1,,3,619,-1,,2,2,0,1,27,683,1,, -1,2,0,3,90,2,11,2021,17:40,2,77,77317,1,1,0,6,D619,48.600112,2.900219,17,1,1
202100030272,147Â 653,B01,2,2,2,5,2,7,-1,0,0,-1,2021,57.0,1,1,3,2,8,1,1,,3,653,-1,,2,2,0,2,114,600,3,, -1,1,0,1,90,6,7,2021,16:00,1,46,46137,1,1,0,1,Route du Cluzel,44.394933,1.364751,16,3,2
202100024183,158Â 439,A01,10,3,2,5,0,-1,-1,5,4,1,2021,81.0,1,2,0,1,4,4,1,,6,122,-1,,-1,-1,0,1,5,74,3,, -1,1,0,4,50,14,8,2021,17:30,1,15,15122,2,1,0,6,Rue Tour de Ville,44.711065,2.197512,17,2,1
202100005788,191Â 446,B01,1,1,1,5,2,6,-1,-1, -1,-1,2021,30.0,2,1,0,2,3,1,0,,3,906,0,,2,2,0,1,0,0,1,, -1,1,0,1,50,28,11,2021,15:10,1,92,92020,2,2,0,3,PARIS AVENUE DE NÂ° IMPAIRS,48.8069885734,2.2935555875,15,2,2
202100035297,138Â 612,B01,2,2,1,5,1,0,-1,0,0,-1,2021,52.0,1,2,0,0,0,0,0,,4,ROUQUIER (BOULEVARD EMMANUEL),0,,3,2,0,2,(1),(1),1,, -1,1,0,8,30,9,6,2021,18:00,1,6,6069,2,9,0,2,ROUQUIER (BOULEVARD EMMANUEL),43.637783,6.941203,18,3,2
202100034996,139Â 141,A01,1,1,1,2,2,6,-1,-1, -1,-1,2021,15.0,0,1,0,2,1,2,1,,4,CESSART (AVENUE DE),0,,3,4,1,1,0,0,1,, -1,1,0,1,50,10,6,2021,17:35,1,50,50129,2,1,0,2,CESSART (AVENUE DE),49.64473,-1.63,17,2,2
202100038091,133Â 577,A01,1,1,1,5,2,6,-1,0,0,-1,2021,23.0,1,1,6,0,0,13,1,,3,1,0,,-1,2,0,4,105,500,1,, -1,1,2,8,80,27,5,2021,19:30,1,2,2800,1,1,0,6,D1,48.95878,3.4517,19,1,1
202100012170,179Â 967,B01,1,1,1,5,8,0,-1,-1, -1,-1,2021,24.0,2,2,0,2,1,0,1,,3,FrÃ©dÃ©ric JALTON,0,,3,2,0,1,(1),(1),1,, -1,1,0,8,50,2,10,2021,00:17,5,971,97101,2,2,0,3,FrÃ©dÃ©ric JALTON,16.2743,-61.5041,0,3,2
202100018379,168Â 771,A01,1,1,2,5,2,8,-1,-1, -1,-1,2021,38.0,3,1,0,2,3,16,1,,4,LUDOVIC LEGRE (AVENUE),0,,2,2,0,1,0,0,1,, -1,1,0,1,50,17,9,2021,23:59,5,13,13209,2,3,0,3,LUDOVIC LEGRE (AVENUE),43.250169807,5.3960508176,23,2,2
202100041693,127Â 083,Z01,10,3,1,9,0,-1,-1,5,1,1,2021,30.0,0,1,0,1,1,25,3,,4,BOULEVARD BOURDON,0,,1,1,0,1,(1),(1),1,, -1,1,0,4,50,2,5,2021,10:00,1,75,75104,2,3,0,6,RUE MORNAY,48.849333,2.366571,10,2,1
202100020029,165Â 823,A01,10,3,1,3,0,-1,-1,3,3,1,2021,37.0,1,2,0,1,1,1,1,,3,KENNEDY(Avenue John F.),0,,2,2,0,1,1,1,1,, -1,1,0,1,50,8,9,2021,18:12,1,26,26198,2,1,1,6,Avenue John Fitzgerald Kennedy,44.55385,4.7433,18,2,1
202100006475,190Â 226,A01,10,3,1,5,0,-1,-1,3,3,1,2021,84.0,2,2,0,1,1,15,1,,3,GENERAL DE GAULLE (AV DU),0,,1,1,0,1,1,0,1,, -1,1,0,1,30,23,11,2021,08:30,1,94,94046,2,2,0,6,Rue Saint-Georges,48.80366,2.42786,8,2,1
202100020641,164Â 732,B01,1,1,1,5,2,6,9,0,0,-1,2021,54.0,1,1,0,2,8,0,1,,3,20,0,D,2,2,0,1,43,800,3,, -1,1,0,1,80,7,9,2021,14:21,1,28,28232,1,1,0,3,les masures,48.533665,0.934165,14,2,2
202100048548,114Â 974,A01,1,1,1,9,8,0,-1,-1, -1,-1,2021,45.0,2,2,0,2,1,1,1,,4,BOUIN JEAN (BD),0,,2,2,0,1,(1),(1),2,, -1,1,0,1,50,20,2,2021,16:30,1,34,34032,2,1,0,1,BOUIN JEAN (BD),43.33381,3.25567,16,3,2
202100014642,175Â 541,A01,1,1,1,0,2,6,-1,-1, -1,-1,2021,29.0,1,1,0,2,2,0,1,,3,PARIS (av. de),0,,2,1,0,1,1,0,1,, -1,1,0,1,50,7,10,2021,19:30,5,94,94080,2,1,0,3,Avenue de Paris,48.84652,2.4196,19,2,2
202100019508,166Â 760,A01,1,1,1,4,1,0,-1,0,0,-1,2021,44.0,1,2,0,2,8,11,1,,4,ECHANGEUR SAINT OUEN,0,,1,4,0,1,21,100,1,, -1,1,0,1,70,11,9,2021,14:00,1,75,75118,2,1,0,3,BD PERIPHERIQUE INTERIEUR,48.900675,2.333095,14,3,2
202100015065,174Â 779,B01,1,1,1,9,1,0,-1,-1, -1,-1,2021,53.0,2,2,0,2,6,1,1,,2,RN136,0,,3,4,0,1,2,600,1,, -1,1,0,1,90,4,10,2021,06:40,3,35,35051,1,1,0,2,RN136,48.106313,-1.599941,6,2,2
202100056298,101Â 265,B01,1,1,1,5,8,0,-1,-1, -1,-1,2021,33.0,3,1,1,0,1,1,3,,4,,0,,1,1,0,1,0,0,1,, -1,1,0,1,50,3,1,2021,21:00,5,92,92025,2,1,0,3,COLBERT  55 A 113   42 A 102 (RUE),48.91647141,2.2313350439,21,2,2
202100044049,122Â 940,A01,1,1,1,9,8,0,-1,0,0,-1,2021,23.0,2,1,0,2,1,5,3,,4,BOULEVARD DE STRASBOURG,0,,1,0,1,1,(1),(1),1,, -1,1,-1,5,50,14,4,2021,14:25,1,75,75110,2,5,0,1,BOULEVARD DE STRASBOURG,48.8747997902,2.3572348779,14,2,2
202100054416,104Â 488,B01,1,1,1,3,1,0,-1,-1, -1,-1,2021,91.0,1,2,0,2,4,2,1,,3,92,0,,2,4,0,1,0,0,1,, -1,1,0,1,50,18,1,2021,15:25,1,91,91228,2,3,0,2,BD CHAMPS ELYSEES,48.633158,2.425203,15,2,2
202100036810,135Â 908,B01,5,2,2,0,3,8,-1,-1, -1,-1,2021,4.0,3,2,0,2,6,23,1,,4,JOURNAUX CHEMIN DES,0,,2,2,0,1,(1),(1),1,, -1,1,9,1,30,30,5,2021,20:50,1,25,25056,2,9,0,5,JOURNAUX CHEMIN DES,47.21782,6.00608,20,9,3
202100000665,200Â 526,A01,2,2,2,5,8,-1,-1,0,0,-1,2021,37.0,2,2,4,0,3,21,1,,1,71,-1,,3,4,0,1,116,500,3,, -1,1,0,1,130,29,12,2021,19:55,3,45,45175,1,1,0,6,A71,47.749406,1.860927,19,4,1
202100049938,112Â 480,A01,1,1,1,5,8,-1,-1,0,0,-1,2021,20.0,1,2,13,0,3,13,1,,3,42,-1,,2,2,0,2,1,200,1,, -1,1,0,3,80,28,2,2021,05:30,3,70,70247,1,1,0,7,RD 42,47.654288,5.678923,5,1,1
202100050701,111Â 063,A01,1,1,1,3,2,6,-1,0,0,-1,2021,40.0,1,1,0,2,3,1,1,,3,26,0,,2,2,0,2,15,960,1,, -1,1,0,1,80,19,2,2021,17:20,1,28,28374,1,1,0,1,D26,48.611561,1.435164,17,2,2
202100037171,135Â 243,B01,1,1,1,5,2,-1,-1,-1, -1,-1,2021,18.0,1,1,0,2,8,23,1,,4,ARLOING                             (QU),0,,2,4,3,1,(1),(1),1,, -1,1,0,1,50,31,5,2021,13:00,1,69,69389,2,1,0,4,ARLOING (Q),45.77022,4.81221,13,3,3
202100002792,196Â 776,A01,1,1,2,5,1,0,-1,0,0,-1,2021,26.0,2,2,1,0,1,14,1,,4,BOULEVARD JOURDAN,0,,1,2,0,1,(1),(1),1,, -1,1,0,1,30,15,12,2021,17:15,5,75,75114,2,1,0,6,BOULEVARD JOURDAN,48.82089,2.335887,17,1,1
202100048782,114Â 570,A01,1,1,1,4,2,0,-1,0,0,-1,2021,33.0,2,1,0,0,7,1,1,,4,AVENUE GEORGE V,0,,3,6,0,1,(1),(1),1,, -1,1,0,1,50,8,3,2021,18:45,5,75,75108,2,2,0,7,AVENUE GEORGE V,48.868412,2.301163,18,1,1
202100025432,156Â 203,A01,1,1,1,5,1,0,-1,-1, -1,-1,2021,47.0,2,2,8,0,1,14,1,,4,FUSTEL DE COULANGES (QUAI),0,,2,5,3,1,0,0,1,, -1,1,0,4,50,26,7,2021,07:30,1,67,67482,2,1,0,6,FUSTEL DE COULANGES (QUAI),48.5749,7.75168,7,1,1
202100024323,158Â 193,A01,1,1,1,5,1,0,-1,-1, -1,-1,2021,49.0,2,2,8,0,1,1,0,,4,PLESSIS TREVISE (R DU),0,,2,2,0,1,49,0,1,, -1,1,0,1,50,12,8,2021,08:10,1,94,94017,2,1,0,6,PLESSIS TREVISE (R DU),48.8113760799,2.5547719002,8,1,1
202100031098,146Â 152,B01,1,1,1,0,8,0,-1,-1, -1,-1,2021,15.0,3,1,0,2,7,16,3,,7,PETIT JEAN (RUE DU),0,,2,2,0,1,0,0,1,, -1,1,0,1,30,2,7,2021,17:15,1,38,38179,2,4,0,1,PETIT JEAN (RUE DU),45.1822,5.7837,17,2,2
202100003359,195Â 758,B01,1,1,1,1,2,-1,-1,0,0,-1,2021,28.0,2,1,0,2,1,1,1,,3,101,-1,,2,2,0,1,13,200,1,,6,1,0,1,80,13,12,2021,13:15,1,85,85089,1,2,0,3,Rue du Plessis Bergeret,46.706793,-1.321117,13,2,2
202100025565,155Â 976,B01,1,1,1,0,2,6,-1,-1, -1,-1,2021,37.0,1,1,0,2,1,2,1,,1,AUTOROUTE A86,0,,3,6,0,1,12,0,1,, -1,1,0,1,90,5,8,2021,18:30,1,93,93039,1,1,0,2,AUTOROUTE A86,48.92731,2.33415,18,2,2
202100052347,108Â 144,A01,1,1,1,5,8,-1,-1,0,0,-1,2021,28.0,3,2,2,0,8,1,1,,4,,-1,,2,2,0,2,(1),(1),2,, -1,2,0,3,80,7,2,2021,00:59,3,60,60699,1,1,1,6,rue des coutumes,49.522827,1.859114,0,1,1
202100006408,190Â 347,A01,10,3,1,9,0,-1,-1,2,3,1,2021,71.0,2,2,0,1,1,1,1,,7,CLEMENCEAU RUE,0,,2,3,3,1,(1),(1),1,, -1,1,0,1,50,23,11,2021,08:37,1,59,59648,2,1,0,7,CLEMENCEAU RUE,50.59886,3.05271,8,2,1
202100046569,118Â 528,A01,1,1,1,5,0,-1,-1,-1, -1,-1,2021,20.0,2,1,0,0,0,9,1,,7,AUTOROUTE A6                        (XX),0,,1,1,0,2,(1),(1),2,, -1,1,3,1,50,25,3,2021,03:10,3,69,69244,2,1,0,7,M6,45.7720679819,4.7902965546,3,1,1
202100015467,174Â 053,B01,1,1,1,0,2,0,-1,-1, -1,-1,2021,22.0,2,1,0,2,1,2,1,,2,kaweni-Pendu (Place),0,,2,2,0,2,0,0,1,, -1,1,0,1,50,2,10,2021,09:30,1,976,97611,1,1,0,3,kaweni-Pendu (Place),-12.7658135438,45.2250565238,9,2,2
202100028465,150Â 836,B01,1,1,1,0,2,6,-1,-1, -1,-1,2021,42.0,2,1,0,2,1,1,0,,3,RD810,0,,2,3,0,1,28,200,1,, -1,1,0,1,50,17,7,2021,18:30,1,64,64545,2,1,0,3,RD810,43.37552,-1.67766,18,3,2
202100033792,141Â 369,B01,1,1,1,1,1,0,-1,-1, -1,-1,2021,29.0,2,2,0,2,3,1,1,,3,RTE D ORLEANS,0,,3,4,0,3,0,0,3,, -1,1,0,1,70,14,6,2021,16:45,1,91,91339,2,9,0,5,RTE D ORLEANS,48.62,2.26,16,3,3
202100024168,158Â 460,A01,1,1,1,1,2,6,9,0,0,-1,2021,17.0,2,1,6,0,1,13,1,,3,504,0,A,2,2,0,1,17,300,1,, -1,1,0,1,50,14,8,2021,06:00,5,69,69070,2,1,0,6,HOTEL DE VILLE ( DE L') (R),46.018987,4.37792,6,1,1
202100006255,190Â 617,B01,1,1,1,2,2,8,-1,-1, -1,-1,2021,16.0,1,1,0,1,3,18,5,,4,MITTERAND (AVENUE FRANCOIS),0,,2,2,1,1,(1),(1),1,, -1,1,0,5,50,24,11,2021,12:20,1,35,35115,2,1,0,3,MITTERAND (AVENUE FRANCOIS),48.35158,-1.20074,12,2,2
202100049147,113Â 907,A01,1,1,1,0,2,6,-1,-1, -1,-1,2021,22.0,1,1,0,2,3,3,1,,3,ALBERT-DHALENNE (RUE),0,,3,4,0,1,0,1,1,, -1,1,0,1,50,5,3,2021,13:15,1,93,93070,2,1,0,2,ALBERT-DHALENNE (RUE),48.914970768,2.331632667,13,2,2
202100032276,144Â 067,A01,10,3,1,9,0,-1,-1,2,5,1,2021,3.0,2,2,0,1,1,1,1,,4,FAUBOURG BANNIER (RUE DU ),0,,2,2,0,1,(1),(1),1,, -1,1,0,1,50,25,6,2021,17:00,1,45,45234,2,1,0,6,Rue du Faubourg Bannier,47.92128,1.89789,17,2,1
202100013073,178Â 373,A01,1,1,1,4,8,-1,-1,-1, -1,-1,2021,26.0,1,1,0,2,2,5,5,,4,GAMBETTA (RUE) DU NÂ°1 AU 57 ET DU NÂ° 2 A,0,,2,3,3,1,(1),(1),1,, -1,1,9,1,50,14,10,2021,19:45,5,51,51454,2,2,0,3,Rue Gambetta,49.2454632875,4.0401100253,19,2,2
202100020530,164Â 940,B01,4,2,2,2,1,0,-1,-1, -1,-1,2021,8.0,3,2,0,2,4,1,1,,7,RD 37,0,,3,4,0,1,(1),(1),1,, -1,1,0,1,90,6,9,2021,08:27,1,37,37122,2,1,0,2,RD 37,47.34075,0.65842,8,5,2
202100008006,187Â 423,A01,1,1,1,0,2,0,-1,0,0,-1,2021,65.0,1,1,0,2,1,26,5,,4,MICHEL MARIUS (RUE),0,,1,2,0,1,(1),(1),1,, -1,1,0,1,50,12,11,2021,14:12,1,63,63164,2,1,0,2,MICHEL MARIUS (RUE),45.82825,3.1433,14,2,2
202100053354,106Â 353,B01,1,1,1,5,2,0,-1,0,0,-1,2021,67.0,2,1,0,2,8,1,5,,4,AVENUE DE NOGENT,0,,2,4,1,1,(1),(1),1,, -1,2,-1,5,50,28,1,2021,10:40,1,75,75112,2,1,0,3,AVENUE DE NOGENT,48.844421,2.441105,10,2,2
202100011875,180Â 496,B01,1,1,1,0,1,0,-1,-1, -1,-1,2021,32.0,1,2,0,2,1,1,1,,4,GENERAL DE GAULLE (RUE DU),0,,2,2,0,1,0,0,1,, -1,2,0,1,50,21,10,2021,15:40,1,93,93047,2,2,1,3,Rue du GÃ©nÃ©ral de Gaulle / Avenue Daniel PerdrigÃ©,48.89938,2.559524,15,2,2
202100040624,128Â 999,A01,1,1,1,4,2,0,-1,0,0,-1,2021,53.0,1,1,0,2,1,2,1,,4,PORTE DE MONTREUIL,0,,3,4,0,1,30,800,1,, -1,1,0,1,70,9,5,2021,13:20,1,75,75120,2,1,0,2,PORTE DE MONTREUIL,48.856344,2.413923,13,3,2
202100031021,146Â 288,A01,2,2,1,5,8,0,-1,-1, -1,-1,2021,33.0,1,1,8,0,1,2,1,,4,NATURE,0,,2,2,0,1,0,0,1,, -1,1,0,1,50,30,6,2021,00:10,5,66,66136,2,1,0,6,NATURE,42.69057,2.91024,0,2,1
202100004336,194Â 009,A01,10,3,2,5,0,-1,-1,1,3,-1,2021,15.0,1,2,0,1,3,1,1,,4,,-1,,2,2,0,1,(1),(1),1,,4,2,0,1,50,4,12,2021,19:45,5,21,21584,2,1,0,6,rue Danton,47.277715,4.231284,19,2,1
202100016767,171Â 647,A01,1,1,1,1,2,6,-1,-1, -1,-1,2021,53.0,1,1,0,2,7,3,1,,1,AUTOROUTE A3,0,,3,9,0,1,13,600,1,, -1,1,0,1,90,24,9,2021,15:20,1,93,93005,1,1,0,3,AUTOROUTE A3,48.9569851718,2.4731607511,15,2,2
202100035773,137Â 766,A01,1,1,1,1,2,6,-1,-1, -1,-1,2021,34.0,1,1,0,2,7,17,1,,3,ARISTIDE BRIAND (BOULEVARD),0,,2,4,1,2,1,0,1,, -1,1,9,1,50,8,6,2021,21:20,1,93,93048,2,1,0,3,Boulevard Aristide Briand,48.8754,2.4556,21,2,2
202100017715,169Â 959,A01,1,1,2,1,1,5,-1,0,0,-1,2021,36.0,1,2,13,0,9,1,1,,3,917,-1,,2,2,0,2,12,440,4,, -1,2,0,8,80,19,9,2021,19:50,2,41,41178,1,9,1,7,D917,47.81559,1.415032,19,1,1
202100002389,197Â 512,B01,1,1,2,9,1,8,-1,0,0,-1,2021,23.0,2,2,0,2,1,1,1,,3,D68,0,,2,2,0,1,0,740,1,, -1,1,0,1,80,16,12,2021,18:05,2,71,71118,1,1,0,1,D68,46.7868960281,4.7984995103,18,2,2
202100044920,121Â 432,B01,1,1,1,0,8,0,-1,-1, -1,-1,2021,60.0,3,1,0,2,1,1,5,,4,CORMIERS (RUE DES),0,,2,1,0,1,(1),(1),1,, -1,1,0,1,50,6,4,2021,15:00,1,78,78146,2,1,0,1,CORMIERS (RUE DES),48.89822,2.14519,15,2,2
202100009986,183Â 850,A01,3,2,1,5,1,0,-1,-1, -1,-1,2021,9.0,1,2,0,0,1,13,1,,2,RN 104,0,,1,6,0,2,36,500,3,, -1,2,0,1,70,1,11,2021,02:30,3,91,91340,1,1,0,6,RN 104,48.60885,2.4354,2,3,1
202100033928,141Â 115,A01,1,1,1,5,1,-1,-1,0,0,-1,2021,40.0,0,2,0,0,0,0,1,,3,2,-1,D,2,2,0,2,36,350,2,, -1,1,0,3,90,17,6,2021,18:00,1,61,61479,1,1,0,7,Les Coudrais,48.663176,-0.078385,18,1,1
202100049707,112Â 893,B01,1,1,1,5,1,-1,-1,0,0,-1,2021,19.0,0,2,0,2,8,15,1,,3,17,0,,2,2,0,1,23,660,1,, -1,1,5,1,80,1,3,2021,19:00,3,38,38287,1,3,0,3,D17,45.427032,5.477006,19,2,2
202100011152,181Â 798,A01,1,1,1,4,1,-1,-1,0,0,-1,2021,41.0,1,4,3,0,8,1,1,,3,12.4,2,,2,2,0,2,3,200,3,, -1,1,0,1,80,25,10,2021,13:45,1,68,68121,1,1,0,6,D12b4,47.522135,7.442197,13,1,1
202100043142,124Â 557,A01,10,3,1,5,0,-1,-1,3,3,1,2021,72.0,0,2,0,1,1,1,1,,4,EUROPE (AVENUE DE L'),0,,1,1,0,1,(1),(1),1,, -1,1,0,1,50,19,4,2021,11:00,1,78,78640,2,2,0,6,EUROPE (AVENUE DE L'),48.77993,2.217,11,2,1
202100038102,133Â 557,A01,2,2,1,5,1,-1,-1,0,0,-1,2021,31.0,1,2,14,0,1,1,1,,3,950,-1,,2,2,0,1,9,400,1,, -1,1,0,1,80,25,5,2021,01:30,3,36,36165,1,1,1,6,,46.670864,1.004584,1,2,1
202100037952,133Â 827,A01,1,1,2,0,1,5,-1,-1, -1,-1,2021,48.0,3,2,0,2,2,2,2,,4,SAUTEL  BOULEVARD ANDRE,0,,3,4,0,1,(1),(1),1,, -1,1,5,8,50,27,5,2021,21:06,2,17,17300,2,2,0,3,SAUTEL  BOULEVARD ANDRE,46.17119,-1.12299,21,2,2
202100034697,139Â 704,A01,1,1,1,5,2,6,-1,0,0,-1,2021,44.0,1,1,0,2,1,1,1,,3,52,-1,,2,2,0,2,6,730,1,, -1,1,0,1,80,13,6,2021,14:00,1,78,78068,1,3,1,1,D52,49.035702,1.481137,14,2,2
202100053898,105Â 408,A01,7,2,2,5,1,-1,-1,0,0,-1,2021,24.0,1,2,0,2,1,13,1,,3,22,0, -,2,2,0,2,31,900,2,, -1,5,0,1,80,24,1,2021,12:55,1,95,95059,1,1,1,1,RD 22,49.193243277,2.0474586006,12,5,2
202100005000,192Â 850,B01,1,1,1,4,1,-1,-1,-1, -1,-1,2021,51.0,1,5,0,2,4,2,1,,1,A7   15.770 A 20.110,0,,3,6,0,1,16,625,1,, -1,1,0,1,110,3,12,2021,04:25,3,69,69297,1,1,0,2,A7 ,45.61643,4.81072,4,3,2
202100053978,105Â 265,A01,1,1,1,3,1,0,-1,-1, -1,-1,2021,93.0,1,2,8,2,1,1,0,,3,GALLIENI (AV.) CONFORAMA 53,0,,3,1,0,1,0,1,1,, -1,2,0,1,50,23,1,2021,15:45,1,93,93010,2,2,1,3,GALLIENI (AV.) CONFORAMA 53,48.9056064155,2.4770073411,15,2,2
202100041752,126Â 978,C01,1,1,2,5,1,0,-1,-1, -1,-1,2021,27.0,2,2,0,2,4,2,1,,1,A4,0,,1,5,0,1,9,0,1,, -1,1,0,1,90,2,5,2021,19:15,1,94,94017,1,1,0,4,A4,48.82913,2.49989,19,5,5
202100030959,146Â 414,A01,5,2,1,5,1,0,-1,-1, -1,-1,2021,5.0,2,2,0,2,1,1,1,,1,6,0,,1,3,0,1,10,550,1,, -1,1,0,1,110,3,7,2021,15:15,1,91,91689,1,1,0,2,AUTOROUTE A6,48.72896,2.31446,15,6,2
202100004290,194Â 090,A01,1,1,1,5,2,6,-1,0,0,-1,2021,26.0,2,1,0,2,1,5,1,,4,RUE TRUFFAUT,0,,2,2,0,2,(1),(1),1,, -1,2,0,1,30,6,12,2021,15:20,1,75,75117,2,2,1,2,RUE TRUFFAUT,48.887762,2.318377,15,2,2
202100005895,191Â 254,A01,10,3,1,3,0,-1,-1,3,3,1,2021,76.0,3,2,0,1,1,9,1,,4,BERNARD ( RUE MARIO ),0,,3,0,0,1,0,0,1,, -1,2,0,1,30,27,11,2021,13:45,1,83,83069,2,9,1,6,BERNARD ( RUE MARIO ),43.1127296364,6.1187571287,13,2,1
202100015400,174Â 179,A01,1,1,1,4,8,-1,-1,0,0,-1,2021,32.0,3,4,2,0,8,1,1,,4,,0,,2,1,0,1,(1),(1),4,,3,1,0,8,80,1,10,2021,08:30,1,64,64522,1,1,0,7,Chemin Laguangue,43.152451,-0.366037,8,1,1
202100037394,134Â 821,A01,1,1,2,1,1,-1,-1,-1,0,-1,2021,43.0,1,2,0,2,1,1,1,,1,AUTOROUTE A15,0,,3,5,0,1,6,600,1,, -1,1,0,1,50,31,5,2021,16:40,1,95,95018,1,1,0,2,A15,48.95442,2.2765,16,3,2
202100028922,150Â 034,A01,1,1,1,5,0,-1,-1,0,0,-1,2021,22.0,3,4,0,0,9,16,1,,4,,-1,,2,1,0,2,(1),(1),3,,3,2,0,3,-1,15,7,2021,18:45,1,43,43186,1,2,1,7,Lieu Dit Roffiac,44.990761,4.185008,18,1,1
202100047637,116Â 604,A01,1,1,1,9,2,8,-1,-1, -1,-1,2021,20.0,2,1,0,2,1,17,1,,4,SAINT MARCEL (BOULEVARD DE ),0,,2,2,0,1,(1),(1),1,, -1,1,0,1,50,17,3,2021,08:15,1,13,13211,2,3,0,3,SAINT MARCEL (BOULEVARD DE ),43.288726,5.458342,8,2,2
202100010901,182Â 243,A01,1,1,2,9,2,0,-1,-1, -1,-1,2021,20.0,1,1,0,0,3,26,1,,4,ANGERS ROUTE,0,,2,2,0,1,1,0,1,, -1,1,0,1,50,25,10,2021,16:44,1,49,49267,2,1,0,7,ANGERS ROUTE,47.46711,-0.50018,16,1,1
202100032428,143Â 809,B01,1,1,2,0,1,0,-1,-1, -1,-1,2021,22.0,2,2,0,2,4,2,1,,2,ROUTE NATIONALE 356,0,,3,2,0,1,0,189,1,, -1,1,0,1,110,24,6,2021,14:15,1,59,59350,1,1,0,5,ROUTE NATIONALE 356,50.617199,3.081416,14,3,3
202100003782,195Â 005,A01,1,1,1,9,0,-1,-1,0,0,-1,2021,47.0,1,2,0,2,3,13,1,,3,15,0,,2,2,0,1,19,900,1,, -1,7,0,1,80,9,12,2021,08:50,2,45,45182,1,1,0,6,D15,47.706614,1.792563,8,2,2
202100018533,168Â 506,A01,10,3,2,5,8,8,-1,4,3,1,2021,44.0,1,4,0,1,2,9,1,,3,RUE GEORGES LANG,0,,2,2,0,1,71,530,1,, -1,2,0,1,30,15,9,2021,11:00,1,88,88383,2,1,1,6,RUE GEORGES LANG,48.01427,6.59073,11,2,1
202100001742,198Â 674,B01,1,1,1,1,2,6,-1,0,0,-1,2021,35.0,3,1,0,2,3,1,1,,4,PLACE DE WAGRAM,0,,1,1,0,1,(1),(1),1,, -1,1,0,1,30,22,12,2021,10:45,1,75,75117,2,7,0,3,PLACE DE WAGRAM,48.887578,2.304776,10,2,2
202100054770,103Â 900,A01,4,2,2,0,3,-1,-1,-1, -1,-1,2021,3.0,2,2,0,2,1,2,1,,4,DASSAULT (AVE MARCEL),0,,2,2,2,1,(1),(1),1,, -1,1,-1,1,80,15,1,2021,09:15,1,33,33281,1,1,0,4,Avenue Marcel Dassault,44.84528,-0.72803,9,5,3
202100012414,179Â 515,A01,2,2,2,5,1,-1,-1,-1, -1,-1,2021,15.0,-1,2,0,5,1,1,1,,3,D 306,0,,2,3,0,1,15,600,1,, -1,1,0,1,90,17,10,2021,03:10,3,69,69013,1,1,1,6,D306,46.03828,4.71537,3,3,1
202100042515,125Â 626,A01,10,3,1,0,8,8,-1,5,1,2,2021,4.0,-1,3,0,1,7,9,2,1.0,3,REPUBLIQUE (AVE DE LA ) => NO 41/50,0,,2,2,0,1,0,1,1,, -1,1,9,3,50,26,4,2021,16:45,1,93,93001,2,1,0,6,REPUBLIQUE (AVE DE LA ) => NO 41/50,48.91433,2.38156,16,3,1
202100036486,136Â 485,B01,1,1,1,3,2,0,-1,-1, -1,-1,2021,20.0,1,1,0,2,3,1,1,,3,ARISTIDE BRIAND (BOULEVARD),0,,2,2,0,1,0,1,1,, -1,1,0,1,30,4,6,2021,20:40,1,93,93048,2,1,0,3,Boulevard Aristide Briand,48.875,2.4553,20,2,2
202100046288,119Â 038,A01,9,2,2,0,0,-1,-1,0,0,-1,2021,9.0,1,2,13,0,3,1,1,,3,11,-1,,2,2,0,3,14,900,3,, -1,1,0,3,80,28,3,2021,04:00,3,37,37023,1,1,0,6,bois de beaumont,47.171280044,1.2054414405,4,6,1
202100055000,103Â 498,A01,1,1,2,9,1,0,-1,-1,0,-1,2021,22.0,2,2,4,0,2,1,1,,1,115,0,,3,4,0,1,11,100,2,, -1,2,0,1,70,14,1,2021,13:10,1,95,95394,1,1,1,6, A115,49.05136,2.18213,13,1,1
202100009239,185Â 199,B01,1,1,1,1,8,0,-1,-1, -1,-1,2021,45.0,3,1,1,2,1,19,3,,7,FLANDRE (AVENUE DE),0,,2,8,1,1,(1),(1),1,, -1,2,4,1,50,5,11,2021,08:50,1,59,59646,2,8,0,1,FLANDRE (AVENUE DE),50.66473,3.1179,8,2,2