Num_Acc,id_vehicule,num_veh,place,catu,sexe,trajet,secu1,secu2,secu3,locp,actp,etatp,year_acc,victim_age,senc,catv,obs,obsm,choc,manv,motor,occutc,catr,voie,v1,v2,circ,nbv,vosp,prof,pr,pr1,plan,lartpc,larrout,surf,infra,situ,vma,jour,mois,an,hrmn,lum,dep,com,agg_,int,atm,col,adr,lat,long,hour,nb_victim,nb_vehicules
202100031629,145Â 216,B01,1,1,2,1,2,6,9,0,0,-1,2021,29.0,2,1,0,2,8,3,1,,2,1,0,,3,2,0,1,25,500,1,,10,1,0,1,110,30,6,2021,07:30,1,974,97415,1,1,0,3,N1,-20.990592,55.289297,7,4,2
202100036625,136Â 243,A01,2,2,2,5,1,0,-1,-1, -1,-1,2021,21.0,2,2,1,0,2,14,1,,4,,0,,1,1,0,1,(1),(1),1,, -1,1,0,1,50,2,6,2021,19:46,2,25,25462,2,1,0,6,SALINS DE (DU 0 AU 15),46.90566,6.34994,19,2,1
202100025899,155Â 395,A01,1,1,1,4,0,-1,-1,0,0,-1,2021,59.0,3,5,13,0,1,26,3,,4,,-1,,2,2,0,1,(1),(1),1,,5,1,0,3,50,2,8,2021,12:50,1,78,78530,1,3,0,6,AllÃ©e des Marronniers,48.909408,1.684999,12,1,1
202100001259,199Â 516,A01,2,2,2,0,1,0,-1,-1, -1,-1,2021,30.0,1,2,0,2,1,16,1,,1,BDL,0,,1,2,0,2,1,0,2,, -1,2,0,1,50,27,12,2021,09:45,1,93,93027,1,1,0,7,BDL,48.92689,2.40338,9,2,1
202100037945,133Â 841,A01,1,1,1,0,2,6,-1,-1, -1,-1,2021,69.0,2,1,0,2,3,2,1,,1,AUTOROUTE A86,0,,1,2,0,1,52,0,1,, -1,1,1,1,70,28,5,2021,13:55,1,94,94034,1,1,0,2,AUTOROUTE A86,48.75955,2.32229,13,2,2
202100025062,156Â 856,A01,2,2,2,5,1,-1,-1,0,0,-1,2021,40.0,2,2,0,0,2,17,1,,1,A4,0,A,1,4,0,1,163,0,1,, -1,1,0,1,130,9,8,2021,07:00,2,51,51599,1,1,0,3,A4,49.0932378535,4.2570431621,7,8,2
202100002767,196Â 820,B01,1,1,2,0,2,-1,-1,-1, -1,-1,2021,50.0,3,1,0,2,1,1,5,,4,PESSAC (RUE DE),0,,2,2,0,4,(1),(1),1,, -1,2,0,1,50,7,12,2021,17:00,5,33,33063,2,2,1,3,Rue de Pessac,44.82993,-0.58092,17,2,2
202100028019,151Â 627,A01,7,2,2,5,1,-1,-1,0,0,-1,2021,18.0,2,2,0,0,2,1,1,,3,992,-1,,1,1,0,1,21,390,3,, -1,1,0,1,50,17,7,2021,03:50,5,1,1034,2,6,0,3,Place de la Victoire,45.761053,5.686793,3,4,2
202100002623,197Â 092,B01,1,1,1,0,2,6,-1,-1, -1,-1,2021,57.0,1,1,0,2,1,1,1,,3,,0,,2,0,0,1,38,0,1,, -1,1,0,1,50,16,12,2021,15:50,1,25,25462,2,2,0,3,DOUBS DE (DU 0 AU 24),46.90994,6.35493,15,2,2
202100031853,144Â 817,A01,2,2,2,0,1,0,-1,-1, -1,-1,2021,30.0,0,2,0,2,2,1,1,,4,DOUMER (AVENUE DU PRESIDENT),0,,2,2,0,1,0,0,1,, -1,1,0,1,50,26,6,2021,21:29,2,66,66136,2,3,0,3,DOUMER (AVENUE DU PRESIDENT),42.69304,2.88715,21,3,2
202100054908,103Â 663,B01,1,1,1,5,2,0,-1,-1, -1,-1,2021,17.0,1,1,0,2,1,1,1,,3,PAINLEVE ( AVENUE PAUL),0,,2,2,0,1,13,600,1,, -1,2,0,1,70,14,1,2021,18:25,3,24,24037,1,4,1,3,PAINLEVE ( AVENUE PAUL),44.837096,0.490455,18,2,2
202100050968,110Â 576,B01,1,1,1,4,8,-1,-1,0,0,-1,2021,33.0,3,5,0,2,3,1,1,,4,0,0,A,2,2,0,2,(1),(1),1,, -1,1,0,1,50,19,2,2021,14:00,1,69,69063,2,3,0,3,GELIVES (DE) (R),45.816571,4.841543,14,2,2
202100022264,161Â 843,A01,1,1,2,5,1,-1,-1,-1, -1,-1,2021,27.0,1,2,0,2,1,2,1,,2,ROCADE 6-7,0,,3,2,0,1,6,699,1,, -1,1,0,1,90,27,8,2021,15:45,1,35,35238,1,1,0,2,ROCADE 6-7,48.083229,-1.643528,15,2,2
202100009943,183Â 921,A01,1,1,1,5,1,-1,-1,0,0,-1,2021,20.0,1,2,0,2,1,14,1,,1,6,0,,3,5,0,1,365,750,1,, -1,1,0,1,130,2,11,2021,15:00,1,71,71550,1,1,0,2,autoroute A6 PK 365+750 sens Paris/Lyon,46.496782,4.899452,15,2,2
202100037864,133Â 981,B01,1,1,2,1,2,0,-1,-1, -1,-1,2021,20.0,0,1,0,2,0,3,1,,3,JAURES (AV. JEAN) 118 A FIN,0,,2,0,0,1,1,0,1,, -1,1,0,8,50,28,5,2021,07:10,2,93,93057,2,1,0,7,JAURES (AV. JEAN) 118 A FIN,48.906977,2.497637,7,2,2
202100034423,140Â 200,B01,1,1,1,1,8,0,-1,-1, -1,-1,2021,46.0,2,5,0,2,4,0,0,,1,A86 EXT,0,,-1,3,0,1,42,400,1,, -1,1,0,1,90,15,6,2021,06:40,1,94,94022,1,1,0,4,A86 EXT,48.7765946914,2.416910461,6,4,4
202100027415,152Â 709,B01,7,2,1,5,1,-1,-1,0,0,-1,2021,9.0,1,2,0,2,2,1,1,,3,933,0,,2,2,0,1,44,179,1,, -1,1,0,1,90,23,7,2021,14:10,1,51,51107,1,9,0,3,Rue de Paris,48.899674,4.093024,14,4,2
202100018492,168Â 579,B01,1,1,1,2,2,-1,-1,0,0,-1,2021,17.0,1,1,0,2,7,1,1,,3,37,-1,,2,2,0,1,22,677,3,, -1,1,0,1,50,17,9,2021,08:10,1,34,34135,2,3,1,3,avenue de nissan,43.27454,3.171055,8,2,2
202100020540,164Â 923,A01,10,3,2,9,0,-1,-1,1,5,2,2021,2.0,1,2,0,1,2,26,1,,4,AV M BOURGES MAUNOURY,0,,-1,1,0,1,(1),(1),1,, -1,1,9,1,50,6,9,2021,17:25,1,31,31555,2,1,0,6,AV M BOURGES MAUNOURY,43.631128,1.449562,17,2,1
202100006327,190Â 478,A01,1,1,1,0,8,-1,-1,0,0,-1,2021,77.0,1,2,0,0,9,1,1,,3,20,-1,,2,2,0,2,27,910,2,, -1,2,0,3,90,25,11,2021,18:45,3,19,19148,1,1,1,7,Route de Serandon,45.385988,2.288632,18,1,1
202100036864,135Â 802,B01,1,1,1,0,1,0,-1,-1, -1,-1,2021,41.0,2,2,0,2,4,1,1,,3,LECLERC (AVENU DE LA DIVISION),0,,1,1,1,2,0,0,1,, -1,1,2,1,50,2,6,2021,20:15,1,93,93013,2,1,0,2,LECLERC (AVENU DE LA DIVISION),48.938897,2.429502,20,2,2
202100002287,197Â 697,A01,10,3,1,0,8,8,-1,4,3,1,2021,27.0,1,2,0,1,5,1,1,,3,913,0,,2,4,0,1,0,0,1,, -1,1,0,1,50,18,12,2021,20:40,5,92,92050,2,2,0,6,JOFFRE MARECHAL AVENUE DU,48.8853710265,2.1958816051,20,2,1
202100021860,162Â 559,A01,1,1,2,5,2,6,9,0,0,-1,2021,54.0,2,1,0,0,0,1,1,,3,1089,0,D,2,2,0,2,20,250,2,, -1,1,0,3,90,18,8,2021,13:33,1,3,3161,1,1,0,7,D1089,46.171462,2.633323,13,1,1
202100034495,140Â 069,B01,1,1,2,0,1,-1,-1,0,0,-1,2021,62.0,1,2,0,2,2,1,1,,3,127,0,,2,2,0,1,18,0,1,, -1,1,0,1,80,15,6,2021,10:00,1,60,60418,1,2,0,3,D58,49.492459,2.559396,10,2,2
202100003702,195Â 135,C01,1,1,1,1,1,0,-1,-1, -1,-1,2021,37.0,1,2,0,2,1,2,1,,3,ROCADE OUEST (RD 610),0,,1,2,0,1,13,0,1,, -1,1,0,1,110,10,12,2021,17:25,3,10,10333,2,1,0,4,ROCADE OUEST (RD 610),48.2769,4.04346,17,3,3
202100013235,178Â 082,A01,1,1,1,1,8,0,-1,-1, -1,-1,2021,13.0,3,1,0,-1,8,25,3,,4,LECLERC GENERAL (AV) IMPAIRS 61 ET plus,0,,2,0,3,1,0,0,1,, -1,1,9,6,30,13,10,2021,07:40,5,72,72181,2,1,0,3,LECLERC GENERAL (AV) IMPAIRS 61 ET plus,47.9968,0.19359,7,2,2
202100021120,163Â 905,A01,1,1,1,1,1,0,-1,-1, -1,-1,2021,31.0,1,2,8,0,1,1,1,,3,906,0,,2,2,0,4,0,0,1,, -1,1,0,3,50,3,9,2021,05:20,5,92,92020,2,1,0,6,VERDUN AVENUE DE AUTRES NÂ°,48.80062,2.2834,5,1,1
202100023933,158Â 852,A01,2,2,2,5,1,-1,-1,0,0,-1,2021,76.0,1,2,13,0,1,2,1,,3,231,0,,2,2,0,1,9,353,2,, -1,1,5,3,90,17,8,2021,15:25,1,77,77109,1,6,0,6,D231,48.621605,3.195552,15,2,1
202100013967,176Â 733,B01,1,1,2,5,1,0,-1,-1, -1,-1,2021,58.0,1,2,0,2,4,2,1,,1,AUTOROUTE A21,0,,3,4,0,1,21,100,1,, -1,1,0,1,110,8,10,2021,17:50,1,62,62274,1,1,0,2,AUTOROUTE A21,50.429915,2.969514,17,2,2
202100043775,123Â 440,B01,1,1,2,5,1,8,-1,0,0,-1,2021,70.0,1,2,0,0,0,0,1,,3,RD 783,0,,2,3,0,1,32,500,1,, -1,1,5,1,70,15,4,2021,15:47,1,29,29039,1,3,0,4,D783 - Pont du Moros,47.8783367695,-3.9021128915,15,3,3
202100033429,142Â 018,A01,1,1,1,1,2,0,-1,0,0,-1,2021,49.0,1,1,0,2,1,2,5,,4,RUE VIOLET,0,,2,2,0,1,(1),(1),1,, -1,2,0,1,30,19,6,2021,17:30,1,75,75115,2,3,1,2,RUE VIOLET,48.844682,2.290541,17,2,2
202100036698,136Â 115,A01,1,1,1,4,1,-1,-1,0,0,-1,2021,33.0,2,4,3,0,2,1,1,,1,87,0,A,3,2,0,1,78,150,1,, -1,1,0,1,90,1,6,2021,17:45,1,85,85017,1,1,0,6,A87,46.891231,-1.095738,17,1,1
202100049460,113Â 354,A01,1,1,2,5,1,0,-1,0,0,-1,2021,25.0,2,2,5,0,3,12,1,,1,Autoroute A 31,0,,3,3,0,2,254,199,3,, -1,1,0,8,90,2,3,2021,13:50,1,54,54357,1,1,0,4,Autoroute A 31,48.71077,6.14586,13,3,3
202100004945,192Â 951,A01,10,3,2,9,0,-1,-1,3,3,1,2021,37.0,3,2,0,1,2,1,1,,4,,0,,-1,1,0,1,0,0,1,, -1,2,6,1,30,3,12,2021,18:00,3,92,92025,2,2,1,6,AGRICULTURE (RUE DE L'),48.913202,2.239164,18,2,1
202100043629,123Â 690,B01,1,1,1,1,2,6,-1,-1, -1,-1,2021,40.0,3,1,0,2,1,1,1,,4,,0,,2,2,0,3,(1),(1),1,, -1,1,0,1,50,17,4,2021,14:00,1,45,45234,2,3,0,3,Rue de Joie,47.92119,1.90556,14,2,2
202100006672,189Â 857,A01,1,1,2,5,8,0,-1,-1, -1,-1,2021,35.0,2,2,0,2,1,1,1,,7,RTE DE REVEL,0,,-1,2,0,1,27,4976,1,, -1,2,5,1,50,23,11,2021,20:20,5,31,31555,2,2,1,3,RTE DE REVEL,43.57142,1.498328,20,2,2
202100019793,166Â 269,A01,1,1,1,5,2,-1,-1,0,0,-1,2021,42.0,3,1,12,9,6,1,0,,4,,-1,,1,1,0,1,(1),(1),1,,3,1,0,4,50,10,9,2021,19:49,5,30,30258,2,9,0,6,Avenue Francois Griffeuille,43.672942,4.432113,19,1,1
202100052672,107Â 578,A01,1,1,2,5,8,0,-1,-1, -1,-1,2021,21.0,3,1,0,0,0,0,3,,4,FOCH BOULEVARD,0,,2,0,2,1,1,0,1,, -1,1,0,1,25,29,1,2021,18:12,2,49,49007,2,1,0,7,FOCH BOULEVARD,47.468148,-0.550663,18,1,1
202100007189,188Â 905,A01,1,1,1,0,8,0,-1,-1, -1,-1,2021,32.0,3,1,0,2,1,1,3,,4,Robert Jarry (Bd),0,,2,2,2,1,0,0,1,, -1,1,0,1,50,18,11,2021,19:27,5,72,72181,2,6,0,3,Robert Jarry (Bd),47.996,0.192155,19,2,2
202100034932,139Â 269,A01,10,3,1,0,0,-1,-1,3,3,1,2021,13.0,3,2,0,1,5,26,1,,3,ROUTE ROYALE,0,,-1,2,0,2,1,0,1,, -1,1,0,1,50,11,6,2021,09:53,1,202,202033,2,1,0,3,ROUTE ROYALE,42.67591,9.43717,9,2,1
202100012835,178Â 781,B01,1,1,1,5,2,0,-1,-1, -1,-1,2021,26.0,2,1,0,2,1,1,1,,4,VENIEN (RUE THEOPHANE),0,,2,2,0,1,(1),(1),1,, -1,1,0,1,50,16,10,2021,21:05,5,37,37261,2,3,0,3,VENIEN (RUE THEOPHANE),47.3806035008,0.6985269172,21,6,2
202100040903,128Â 514,B01,1,1,1,0,2,0,-1,0,0,-1,2021,25.0,1,1,0,2,1,1,1,,4,VINGT SIXIEME R.I. (BOULEVARD DU 2 A 44),0,,2,4,0,1,(1),(1),1,, -1,2,0,1,50,7,5,2021,12:25,1,54,54395,2,1,0,3,VINGT SIXIEME R.I. (BOULEVARD DU 2 A 44),48.6967977499,6.1891694991,12,2,2
202100010473,183Â 003,B01,1,1,2,0,8,-1,-1,-1, -1,-1,2021,52.0,1,1,1,0,1,1,2,,4,LAVOISIER                           (R ),0,,2,2,1,2,(1),(1),1,, -1,1,0,1,30,27,10,2021,09:20,1,69,69034,2,1,0,3,LAVOISIER (R),45.7956447751,4.8469544842,9,2,2
202100049980,112Â 404,A01,4,2,1,5,1,0,-1,-1, -1,-1,2021,17.0,2,2,0,2,1,2,1,,1,A4.W,0,,-1,4,0,1,19,0,1,, -1,1,0,1,110,27,2,2021,16:55,1,77,77258,1,1,0,2,A4.W,48.8305927235,2.6321617785,16,4,2
202100048067,115Â 827,A01,1,1,1,5,0,-1,-1,0,0,-1,2021,27.0,2,2,13,0,2,19,1,,3,712,0,D,2,2,0,1,(1),(1),1,, -1,2,0,1,80,14,3,2021,22:40,3,22,22354,1,3,1,7,Cleudrain,48.5683833582,-3.2689641947,22,1,1
202100049965,112Â 439,B01,1,1,1,0,1,-1,-1,0,0,-1,2021,57.0,2,2,0,2,1,1,1,,3,903,0,D,2,2,0,2,44,500,3,, -1,1,0,1,80,28,2,2021,01:30,3,74,74197,1,1,0,1,ROUTE D'ANNECY,46.135731,6.312139,1,2,2
202100014707,175Â 424,A01,1,1,1,5,2,-1,-1,0,0,-1,2021,55.0,1,1,0,2,9,13,1,,2,20,0,,2,2,0,2,93,0,3,, -1,1,0,1,80,8,10,2021,11:55,1,202,202289,1,1,0,1,rt 20,42.357632,9.171594,11,2,2
202100018148,169Â 174,A01,1,1,1,5,1,8,-1,-1, -1,-1,2021,43.0,2,2,9,0,1,13,1,,4,BARBUSSE HENRI RUE,0,,2,2,0,2,(1),(1),3,, -1,1,5,1,50,18,9,2021,13:00,1,29,29232,2,1,0,6,Rue Henri Barbusse,47.99086,-4.07424,13,1,1
202100012592,179Â 210,A01,1,1,2,5,1,8,-1,-1, -1,-1,2021,33.0,1,5,0,2,4,1,1,,1,A507 sens Marseille - Aubagne,0,,1,3,0,1,1,0,1,, -1,1,0,1,70,18,10,2021,20:45,3,13,13055,1,1,0,2,A507 sens Marseille - Aubagne,43.287123,5.424801,20,2,2
202100048849,114Â 447,B01,1,1,1,9,8,0,-1,-1, -1,-1,2021,21.0,2,1,0,2,1,2,0,,3,HAUTMONT (RUE),0,,2,1,0,1,(1),(1),1,, -1,1,0,1,50,6,3,2021,14:20,1,59,59543,2,1,0,5,HAUTMONT (RUE),50.2359409487,3.9125865115,14,3,3
202100050690,111Â 084,A01,1,1,1,4,1,-1,-1,0,0,-1,2021,41.0,2,5,0,2,3,13,1,,3,18,0,D,2,2,0,2,4,300,3,, -1,2,0,1,50,22,2,2021,10:30,1,64,64008,2,1,1,1,D18,43.144679,-1.159519,10,2,2
202100041237,127Â 890,B01,1,1,2,1,1,-1,-1,-1,0,-1,2021,39.0,2,2,0,2,4,1,1,,3,RD 170,0,,3,7,0,1,1,0,1,, -1,2,0,1,70,6,5,2021,08:30,1,95,95582,1,1,1,4,RD 170,48.9643,2.26809,8,3,3
202100050814,110Â 851,A01,1,1,2,5,2,-1,-1,0,0,-1,2021,57.0,1,1,0,0,0,1,5,,4,99,-1,,-1,2,0,1,(1),(1),1,, -1,1,0,1,80,20,2,2021,14:28,1,14,14506,1,1,0,2,Lieu Dit Lignerolles,49.156595,-0.839133,14,2,2
202100027655,152Â 288,B01,1,1,1,1,2,-1,-1,0,0,-1,2021,29.0,2,1,0,0,5,26,5,,2,7,-1,,2,3,0,1,113,450,1,, -1,1,5,1,50,23,7,2021,07:20,2,26,26235,2,6,0,2,Route nationale 7,44.368517,4.694166,7,2,2
202100054316,104Â 674,A01,1,1,1,1,8,0,-1,-1, -1,-1,2021,53.0,1,1,0,2,8,7,0,,7,ESTIENNE D'ORVES (AVE),0,,1,1,1,2,27,600,3,, -1,2,9,6,50,20,1,2021,08:30,2,83,83137,2,1,0,6,ESTIENNE D'ORVES (AVE),43.12666,5.91299,8,2,2
202100027852,151Â 932,A01,10,3,2,3,0,-1,-1,3,3,1,2021,83.0,2,5,0,1,2,1,1,,3,1089,0,,2,2,0,1,13,1200,1,, -1,1,9,1,50,22,7,2021,09:50,1,42,42094,2,1,0,6,3 place du Forum,45.743501,4.222537,9,2,1
202100010882,182Â 277,B01,1,1,1,0,1,0,-1,0,0,-1,2021,26.0,1,2,0,2,1,19,1,,7,JOUHAUX (BD LEON),0,,3,6,0,1,(1),(1),1,, -1,1,0,1,50,21,10,2021,22:18,5,63,63113,2,2,0,3,JOUHAUX (BD LEON),45.80043,3.11199,22,3,2
202100048027,115Â 895,A01,10,3,2,0,8,8,-1,2,3,1,2021,25.0,3,2,0,1,0,9,1,,4,PIERRE DRAMARD (BOULEVARD),0,,2,2,0,1,(1),(1),1,, -1,1,0,1,50,14,3,2021,07:00,2,13,13215,2,6,0,6,PIERRE DRAMARD (BOULEVARD),43.375,5.365523,7,2,1
202100012882,178Â 700,A01,1,1,2,5,2,6,-1,0,0,-1,2021,31.0,1,1,0,2,1,1,3,,4,PLACE DU CHATELET,0,,1,4,0,1,(1),(1),1,, -1,1,0,1,30,16,10,2021,15:15,1,75,75101,2,7,0,2,PLACE DU CHATELET,48.857704,2.347757,15,2,2
202100029794,148Â 534,A01,2,2,1,0,2,-1,-1,-1, -1,-1,2021,24.0,3,1,6,0,0,1,1,,4,BD DES FRERES MOGA,0,,1,2,0,1,(1),(1),3,, -1,1,1,1,50,9,7,2021,23:55,5,33,33063,2,1,0,6,Boulevard des FrÃ¨res Moga,44.8318,-0.5575,23,2,1
202100044432,122Â 264,A01,1,1,2,1,1,-1,-1,-1,0,-1,2021,33.0,2,2,0,0,9,1,1,,1,AUTOROUTE A15,0,,1,2,0,2,22,0,3,, -1,2,0,1,50,11,4,2021,07:50,1,95,95572,1,1,1,7, A15,49.03177,2.10559,7,1,1
202100027915,151Â 812,B01,1,1,2,5,2,8,-1,-1, -1,-1,2021,72.0,3,0,0,2,1,1,3,,4,ECAUDERIE,0,,2,2,0,2,0,0,3,, -1,1,9,1,50,19,7,2021,17:50,1,50,50147,1,1,1,3,ECAUDERIE,49.070312,-1.430352,17,2,2
202100054927,103Â 630,A01,1,1,1,5,2,0,-1,0,0,-1,2021,36.0,2,1,0,0,1,7,5,,4,BOULEVARD HENRI IV,0,,2,4,3,1,(1),(1),1,, -1,1,-1,6,50,15,1,2021,17:13,1,75,75104,2,4,0,7,BOULEVARD HENRI IV,48.852222,2.366028,17,1,1
202100025700,155Â 747,A01,1,1,1,5,2,6,-1,-1, -1,-1,2021,31.0,2,1,0,0,7,16,1,,1,A86 EXT,0,,3,1,0,1,0,0,3,, -1,1,0,1,50,4,8,2021,16:30,1,94,94028,1,1,0,6,A86 EXT,48.78012,2.44169,16,1,1
202100041641,127Â 171,A01,10,3,1,5,0,-1,-1,3,3,1,2021,73.0,1,2,0,1,1,0,1,,7,MICHELET (BOULEVARD),0,,1,0,0,1,1,0,1,, -1,1,0,1,50,30,4,2021,15:20,1,13,13208,2,1,0,6,RABATEAU (BOULEVARD),43.2665,5.395,15,2,1
202100028106,151Â 465,A01,1,1,2,0,1,5,-1,-1, -1,-1,2021,44.0,3,2,0,0,8,16,1,,3,CHATEAUBRIAND (AVENUE),0,,2,2,0,1,45,230,1,, -1,1,5,1,50,19,7,2021,08:45,1,78,78403,2,2,0,3,CHATEAUBRIAND (AVENUE),48.998251,1.88302,8,2,2
202100007228,188Â 836,A01,1,1,1,1,2,8,-1,-1, -1,-1,2021,20.0,2,1,0,2,1,2,1,,4,BELGIQUE (RUE  DE ),0,,2,2,0,1,(1),(1),1,, -1,2,0,1,30,17,11,2021,07:50,2,56,56121,2,3,0,2,BELGIQUE (RUE  DE ),47.75963,-3.3813,7,2,2
202100021002,164Â 122,A01,1,1,1,0,1,0,-1,-1, -1,-1,2021,20.0,1,1,0,2,1,17,1,,2,FELIX EBOUE (BOULVARD G.GENERAL),0,,3,2,0,3,100,0,1,, -1,1,0,1,50,3,9,2021,07:45,1,971,97105,2,1,0,3,FELIX EBOUE (BOULVARD G.GENERAL),15.99257,-61.72782,7,2,2
202100007909,187Â 602,A01,2,2,2,5,2,-1,-1,0,0,-1,2021,55.0,2,6,15,0,3,1,1,,2,7,0,,2,2,0,2,(1),(1),1,, -1,1,0,3,50,16,11,2021,09:45,1,978,97801,1,1,0,7,"Rn7 - entre la sation essence ""Cadisco"" et le magasin ""LIDEAR PRICE""",18.094256,-63.031896,9,2,1
202100026706,153Â 975,B01,1,1,1,5,2,6,-1,0,0,-1,2021,24.0,1,1,0,9,1,1,1,,2,5,0,,3,4,0,1,13,200,1,, -1,1,0,1,-1,26,7,2021,14:50,1,972,97221,1,1,0,1,RN5,14.505509,-60.981781,14,3,2
202100007375,188Â 573,A01,1,1,1,5,0,-1,-1,0,0,-1,2021,36.0,1,2,13,0,0,0,1,,3,21,0,D,-1,2,0,1,41,165,1,, -1,2,0,3,70,20,11,2021,02:00,3,35,35123,1,1,0,7,Rue de Chavagne,48.018779,-1.829653,2,1,1
202100042238,126Â 127,A01,1,1,1,5,2,6,-1,0,0,-1,2021,24.0,1,1,0,0,8,1,1,,3,943,0,,2,2,0,1,94,(1),2,, -1,1,0,1,50,24,4,2021,16:00,1,62,62043,2,9,0,7,3929 Route Nationale,50.895806,1.96843,16,1,1
202100007131,189Â 022,A01,1,1,1,1,2,8,-1,-1, -1,-1,2021,60.0,1,1,0,2,1,21,1,,2,RN3 (1),0,,1,4,0,2,(1),(1),1,, -1,1,0,1,110,17,11,2021,17:10,1,974,97416,1,1,0,2,RN3 (1),-21.33135,55.46638,17,2,2
202100020256,165Â 428,A01,1,1,1,5,1,0,-1,-1, -1,-1,2021,82.0,3,2,0,2,1,9,1,,4,ANNEXION (RUE DE L'),0,,2,2,0,1,0,1,1,, -1,1,0,1,50,6,9,2021,12:55,1,74,74012,2,3,0,3,ANNEXION (RUE DE L'),46.18624,6.23769,12,2,2
202100025750,155Â 656,A01,1,1,1,0,1,8,-1,-1, -1,-1,2021,29.0,1,2,0,2,2,17,1,,4,JEAN MARIE L'HUILLIER (BOULEVARD),0,,2,2,0,1,0,0,1,, -1,1,0,1,50,3,8,2021,19:20,1,13,13047,2,3,0,3,JEAN MARIE L'HUILLIER (BOULEVARD),43.51277,4.98552,19,3,2
202100053388,106Â 294,A01,10,3,2,5,0,-1,-1,1,3,1,2021,65.0,1,2,0,1,3,2,1,,3,31,-1,D,2,2,0,1,30,800,1,, -1,2,0,1,50,29,1,2021,11:42,1,8,8302,2,1,1,6,rue de prÃ¼m,49.884114,4.752982,11,2,1
202100008003,187Â 428,A01,1,1,1,4,2,6,-1,-1, -1,-1,2021,19.0,1,1,0,0,7,15,1,,4,PIECE NOYEE (ROND POINT DE LA),0,,2,2,0,1,0,0,2,, -1,2,0,1,50,14,11,2021,20:50,4,64,64102,2,1,1,7,PIECE NOYEE (ROND POINT DE LA),43.4991310961,-1.4813411236,20,1,1
202100038788,132Â 283,B01,4,2,2,0,1,0,-1,-1, -1,-1,2021,22.0,2,0,0,2,1,1,1,,3,MARCEL CACHIN (AVENUE) COTE NÂ°16 AU 50,0,,3,3,2,1,0,0,1,, -1,1,9,1,30,22,5,2021,14:15,1,93,93072,2,3,0,1,MARCEL CACHIN (AVENUE) COTE NÂ°16 AU 50,48.95813,2.38229,14,5,2
202100040583,129Â 076,A01,2,2,2,0,1,0,-1,-1, -1,-1,2021,21.0,1,2,4,0,1,26,0,,1,A86,0,,-1,2,0,1,6,0,2,, -1,2,0,1,90,10,5,2021,01:30,4,92,92025,1,1,1,6,A86,48.9354125442,2.261189974,1,4,1
202100050257,111Â 885,A01,1,1,1,5,2,-1,-1,0,0,-1,2021,19.0,1,1,0,2,2,1,1,,3,24,0,,2,2,0,2,2,950,3,, -1,1,0,1,80,25,2,2021,17:10,1,42,42034,1,1,0,1,D24,45.845558,3.765709,17,2,2
202100008724,186Â 141,B01,1,1,1,0,2,0,-1,-1, -1,-1,2021,24.0,3,1,0,2,1,1,1,,7,LIBERATION (RUE DE LA),0,,2,2,0,1,56,0,1,, -1,1,0,1,50,8,11,2021,16:50,1,38,38179,2,9,0,3,LIBERATION (RUE DE LA),45.18659,5.80539,16,2,2
202100056063,101Â 674,A01,1,1,1,4,2,6,-1,0,0,-1,2021,32.0,1,1,7,2,1,1,1,,4,BOULEVARD POISSONNIERE,0,,-1,2,0,1,(1),(1),1,, -1,2,0,1,50,6,1,2021,10:30,1,75,75102,2,3,0,2,BOULEVARD POISSONNIERE,48.87087,2.346735,10,2,2
202100004696,193Â 381,B01,1,1,1,0,2,8,-1,-1, -1,-1,2021,45.0,1,1,0,2,7,1,1,,2,T21,0,,1,3,0,1,(1),0,1,, -1,2,0,1,50,4,12,2021,11:20,1,201,201004,2,2,0,3,T21,41.93394,8.75307,11,2,2
202100018793,168Â 049,A01,1,1,1,1,2,6,-1,0,0,-1,2021,39.0,1,1,0,1,8,1,1,,4,ECHANGEUR MAILLOT,0,,1,2,0,1,(1),(1),3,, -1,2,1,1,50,14,9,2021,18:45,4,75,75116,2,1,1,6,ECHANGEUR MAILLOT,48.8773817636,2.2793985574,18,2,1
202100041583,127Â 273,A01,1,1,1,0,2,6,-1,0,0,-1,2021,33.0,1,1,0,2,1,17,1,,3,64,-1,,2,2,1,2,0,250,2,, -1,1,0,1,50,3,5,2021,17:45,1,74,74152,2,1,0,1,Route des Gorges,45.902254,6.030829,17,2,2
202100031780,144Â 954,A01,10,3,2,1,0,-1,-1,3,3,1,2021,31.0,1,2,0,1,2,1,1,,3,907,-1,,2,2,0,1,(1),(1),1,, -1,1,0,1,50,28,6,2021,17:05,1,50,50029,2,1,0,6,62 Rue Pierre Crestey,48.599234,-0.832376,17,2,1
202100056072,101Â 656,B01,1,1,1,9,2,0,-1,0,0,-1,2021,32.0,2,1,0,2,8,1,1,,4,RUE D ATHENES,0,,1,1,0,1,(1),(1),1,, -1,2,0,1,50,6,1,2021,09:40,2,75,75109,2,1,1,2,RUE D ATHENES,48.877949,2.327696,9,2,2
202100036323,136Â 765,A01,1,1,2,1,1,-1,-1,0,0,-1,2021,55.0,1,2,0,2,3,1,1,,3,52,-1,D,2,2,0,1,27,635,1,, -1,1,0,1,90,6,6,2021,13:00,1,72,72118,1,1,1,1,Le Gue Chartier,48.061339,0.557658,13,2,2
202100044841,121Â 564,A01,1,1,1,4,1,0,-1,-1, -1,-1,2021,31.0,2,4,0,0,0,0,1,,3,RTE DE STAINS,0,,3,2,0,1,1,0,1,, -1,1,0,1,50,7,4,2021,10:00,1,94,94011,2,9,0,6,Route de Stains,48.7791,2.4922,10,1,1