Num_Acc,id_vehicule,num_veh,place,catu,sexe,trajet,secu1,secu2,secu3,locp,actp,etatp,year_acc,victim_age,senc,catv,obs,obsm,choc,manv,motor,occutc,catr,voie,v1,v2,circ,nbv,vosp,prof,pr,pr1,plan,lartpc,larrout,surf,infra,situ,vma,jour,mois,an,hrmn,lum,dep,com,agg_,int,atm,col,adr,lat,long,hour,nb_victim,nb_vehicules
202100031217,145Â 940,A01,1,1,1,0,2,0,-1,-1, -1,-1,2021,35.0,1,1,0,2,1,26,1,,3,BAS-ROGERS (RUE DES) NÂ° 38 AU 96,0,,2,2,0,2,0,0,1,, -1,1,0,1,50,3,7,2021,13:30,1,92,92062,2,1,0,1,BAS-ROGERS (RUE DES) NÂ° 38 AU 96,48.8801129053,2.2301729769,13,2,2
202100032898,142Â 956,A01,1,1,1,9,1,0,-1,0,0,-1,2021,31.0,0,2,4,0,9,13,1,,4,BOULEVARD PERIPHERIQUE,0,,1,4,0,1,17,700,1,, -1,1,0,1,70,21,6,2021,04:12,5,75,75117,2,1,0,6,BOULEVARD PERIPHERIQUE,48.888198,2.292365,4,1,1
202100031446,145Â 536,B01,1,1,2,5,2,6,-1,0,0,-1,2021,56.0,1,1,0,2,1,1,1,,3,216,-1,,2,2,0,1,2,200,1,, -1,1,0,1,80,2,7,2021,15:30,1,47,47146,1,2,1,3,Route de la LÃ¨de,44.453749,0.645715,15,2,2
202100003779,195Â 009,B01,1,1,2,1,4,-1,-1,0,0,-1,2021,25.0,2,1,0,0,6,2,3,,3,121,0,,2,2,0,1,0,500,1,, -1,5,0,1,80,10,12,2021,08:00,2,54,54426,1,1,1,2,RD121,48.6461022544,5.9035742291,8,2,2
202100005560,191Â 859,A01,1,1,2,0,1,0,-1,-1, -1,-1,2021,22.0,1,2,0,2,8,1,0,,3,PASTEUR AV.,0,,-1,1,0,1,1,0,1,, -1,2,0,1,50,30,11,2021,08:30,5,93,93006,2,2,1,3,PASTEUR AV.,48.876218,2.423086,8,2,2
202100046073,119Â 396,B01,1,1,1,4,2,6,-1,-1, -1,-1,2021,31.0,2,1,0,2,1,17,1,,4,HENRI MARECHAL                      (R ),0,,2,4,2,1,(1),(1),1,, -1,1,0,1,50,29,3,2021,21:00,5,69,69290,2,3,0,3,HENRI MARECHAL (R),45.69554,4.94153,21,3,2
202100027821,151Â 985,A01,1,1,2,5,0,-1,-1,0,0,-1,2021,61.0,3,1,0,0,0,1,5,,4,,-1,,2,2,0,2,(1),(1),1,,4,1,0,1,70,21,7,2021,19:15,1,29,29140,1,1,0,7,Route de Rostiviec,48.353162,-4.320223,19,1,1
202100051716,109Â 251,B01,1,1,2,1,1,8,-1,-1, -1,-1,2021,53.0,1,2,0,2,4,1,1,,3,MAURICE BERTEAUX (AV),0,,-1,2,0,1,(1),(1),1,, -1,1,0,1,50,12,2,2021,18:40,5,94,94059,2,1,0,2,MAURICE BERTEAUX (AV),48.8131755469,2.5669351272,18,2,2
202100022434,161Â 538,A01,10,3,2,5,0,-1,-1,4,3,1,2021,45.0,1,2,0,1,2,26,1,,4,CLEMENCEAU BOULEVARD,0,,2,2,0,1,1,0,1,, -1,1,0,1,30,26,8,2021,14:14,1,49,49007,2,1,0,6,CLEMENCEAU BOULEVARD,47.47865,-0.56518,14,2,1
202100019496,166Â 783,A01,2,2,1,5,2,-1,-1,0,0,-1,2021,17.0,1,1,0,2,1,1,1,,4,ALPES RUE DES,0,,1,1,1,1,(1),(1),1,, -1,1,0,1,50,11,9,2021,02:00,5,26,26362,2,1,0,3,108 Rue des Alpes,44.92621,4.90126,2,5,2
202100017362,170Â 605,B01,1,1,2,0,1,0,-1,-1, -1,-1,2021,42.0,1,2,0,2,8,1,1,,1,10,0,,3,6,0,1,5,0,1,, -1,1,0,1,90,23,9,2021,17:30,1,91,91136,1,1,0,3,AUTOROUTE A10,48.71335,2.27957,17,2,2
202100020147,165Â 617,A01,1,1,1,1,2,6,-1,0,0,-1,2021,43.0,3,1,0,0,9,1,1,,3,0,-1,,-1,2,0,3,0,0,1,, -1,9,0,1,50,7,9,2021,11:38,1,202,202346,2,4,0,7,Campore,42.499971,9.451182,11,1,1
202100021541,163Â 136,A01,2,2,2,5,1,-1,-1,0,0,-1,2021,30.0,1,2,0,2,5,23,1,,2,191,0,,2,2,0,1,59,0,1,, -1,1,0,1,70,6,6,2021,12:50,1,78,78478,1,1,0,2,RN 191,48.470915,1.865745,12,7,2
202100003569,195Â 372,B01,1,1,1,4,2,8,-1,-1,0,-1,2021,18.0,1,1,0,2,4,2,1,,3,BD GAMBETTA,0,,2,5,1,1,4,50,1,, -1,1,0,1,30,10,12,2021,21:20,5,95,95582,2,1,0,2,BD GAMBETTA,48.9785786257,2.2395479679,21,2,2
202100017029,171Â 179,A01,10,3,2,5,0,-1,-1,3,3,1,2021,50.0,2,5,0,1,3,15,1,,4,AVENUE DE CLICHY,0,,2,2,0,2,(1),(1),1,, -1,1,0,1,30,23,9,2021,12:30,1,75,75117,2,3,0,6,AVENUE DE CLICHY,48.889364,2.322315,12,2,1
202100028895,150Â 074,B01,2,2,2,0,1,-1,-1,0,0,-1,2021,73.0,2,2,0,2,1,1,1,,7,17,-1,,2,2,1,2,6,326,3,, -1,1,0,1,80,16,7,2021,17:30,1,34,34169,1,1,0,1,D17,43.660393,3.866484,17,3,2
202100023402,159Â 786,B01,1,1,1,0,8,0,-1,-1, -1,-1,2021,24.0,3,1,0,2,8,26,1,,4,MARAN (RENE) CITE THEMIRE,0,,2,1,0,1,(1),(1),1,, -1,1,0,1,50,18,8,2021,22:00,5,973,97302,2,1,0,3,MARAN (RENE) CITE THEMIRE,4.9335092241,-52.3204143048,22,2,2
202100048077,115Â 810,A01,2,2,1,5,1,-1,-1,0,0,-1,2021,74.0,1,2,13,0,2,1,1,,2,106,0,,2,2,0,1,15,400,2,, -1,1,0,3,80,14,3,2021,16:15,1,48,48178,1,1,0,6,N106,44.272062,3.851695,16,2,1
202100030596,147Â 063,A01,1,1,1,9,1,0,-1,0,0,-1,2021,46.0,1,2,1,0,3,15,1,,4,RUE DU SIMPLON,0,,1,1,0,1,(1),(1),1,, -1,2,0,1,30,5,7,2021,01:46,5,75,75118,2,2,1,6,RUE DU SIMPLON,48.893597,2.351017,1,1,1
202100002125,197Â 997,A01,2,2,2,5,1,0,-1,-1, -1,-1,2021,57.0,2,2,1,0,1,19,1,,3,MONTHLERY (ROUTE DE),0,,2,2,0,2,0,0,3,, -1,1,0,8,50,19,12,2021,19:00,5,91,91471,2,1,0,6,MONTHLERY (ROUTE DE),48.690779,2.181297,19,2,1
202100044146,122Â 768,A01,1,1,2,5,1,8,-1,-1, -1,-1,2021,27.0,2,2,13,0,2,14,1,,3,465,0,,1,1,0,2,2,565,2,, -1,1,3,3,70,9,4,2021,06:40,4,56,56121,2,1,0,6,PÃ©nÃ©trante de Lorient D465,47.74852,-3.38658,6,1,1
202100029987,148Â 194,B01,1,1,2,5,0,-1,-1,-1, -1,-1,2021,30.0,1,1,0,2,4,1,5,,4,RUE ELIE GINTRAC,0,,1,1,0,1,(1),(1),1,, -1,1,0,1,30,9,7,2021,01:10,5,33,33063,2,2,0,3,Rue Elie Gintrac,44.83088,-0.56978,1,2,2
202100018721,168Â 174,A01,1,1,1,9,2,6,-1,-1, -1,-1,2021,49.0,3,1,0,2,9,17,1,,7,D543,0,,2,2,0,2,0,0,3,, -1,1,0,1,50,14,9,2021,17:25,1,13,13019,2,1,0,5,D543,43.42269,5.36757,17,3,3
202100019444,166Â 882,A01,1,1,1,0,2,6,-1,-1, -1,-1,2021,49.0,1,1,0,0,0,21,1,,1,A86 INT,0,,3,3,0,2,59,400,1,, -1,1,9,1,90,12,9,2021,19:20,1,78,78640,1,1,0,6,A86 INT,48.777683,2.220054,19,1,1
202100012473,179Â 413,A01,1,1,1,5,2,6,-1,0,0,-1,2021,49.0,3,1,2,0,0,13,1,,4,VOIE GEORGES POMPIDOU,0,,1,3,0,1,(1),(1),1,, -1,1,0,1,50,29,7,2021,02:30,5,75,75116,2,1,0,6,VOIE GEORGES POMPIDOU,48.840206,2.267982,2,1,1
202100034702,139Â 695,B01,1,1,1,1,0,-1,-1,0,0,-1,2021,33.0,2,1,0,0,7,1,5,,4,,0,,-1,2,0,1,(1),(1),1,,"6,5",1,0,1,50,14,6,2021,11:15,1,81,81105,2,9,1,3,Avenue Jules Ferry,43.765767,1.979717,11,2,2
202100026506,154Â 319,A01,1,1,1,1,2,6,-1,-1, -1,-1,2021,35.0,1,1,0,2,1,1,1,,3,PIERRE BROSSOLETTE (AV),0,,2,2,0,1,1,0,1,, -1,1,0,1,50,29,7,2021,19:40,1,94,94058,2,1,0,3,Avenue Pierre Brossolette,48.83487,2.50468,19,2,2
202100051213,110Â 135,B01,1,1,1,1,2,-1,-1,0,0,-1,2021,38.0,2,1,0,2,7,1,1,,2,41,-1,,3,2,0,2,13,(1),1,, -1,1,0,1,-1,17,2,2021,18:30,2,59,59653,1,1,0,3,Rocade des Weppes (Pont),50.590096,2.927856,18,2,2
202100006371,190Â 409,B01,1,1,1,0,1,8,-1,-1, -1,-1,2021,39.0,1,2,0,2,4,1,1,,1,A13,0,,1,1,0,2,25,700,1,, -1,2,3,1,70,25,11,2021,17:25,2,78,78466,1,1,1,2,A13,48.92722,1.9937,17,2,2
202100044894,121Â 473,A01,1,1,1,1,1,-1,-1,0,0,-1,2021,49.0,1,2,0,5,1,1,1,,2,1,-1,,2,2,0,1,298,500,1,, -1,1,0,1,90,8,4,2021,04:30,3,988,98831,1,1,0,6,RT1,-20.982352,164.720013,4,1,1
202100053543,106Â 011,A01,1,1,2,0,1,0,-1,-1, -1,-1,2021,28.0,1,2,0,2,3,26,1,,1,A55-Sens Marseille vers Martigues,0,,1,2,0,1,33,200,1,, -1,1,0,1,110,8,1,2021,20:15,3,13,13056,1,1,0,3,A55-Sens Marseille vers Martigues,43.3988153438,5.0862796605,20,2,2
202100024941,157Â 081,A01,1,1,2,5,0,-1,-1,0,0,-1,2021,58.0,0,0,0,0,0,0,3,,4,,0,,2,2,0,2,(1),(1),2,,4,8,0,1,50,9,8,2021,17:00,1,38,38370,1,1,0,7,Route du Furand,45.107935,5.23763,17,1,1
202100045966,119Â 590,B01,1,1,1,0,1,0,-1,-1, -1,-1,2021,30.0,3,2,0,2,5,2,1,,4,Chemin des MULETS,0,,3,2,0,1,(1),(1),1,, -1,1,0,1,70,23,3,2021,08:10,1,7,7102,2,1,0,2,Chemin des MULETS,44.93293,4.85961,8,2,2
202100018104,169Â 257,A01,10,3,1,0,0,-1,-1,2,B,2,2021,27.0,3,2,0,1,1,1,1,,7,GAMBETTA (BOULEVARD)       43-34 A FIN,0,,3,4,1,1,0,0,1,, -1,1,0,1,30,18,9,2021,06:25,2,38,38185,2,1,0,1,GAMBETTA (BOULEVARD)       43-34 A FIN,45.18413,5.72595,6,2,1
202100004983,192Â 880,A01,1,1,1,1,2,6,-1,0,0,-1,2021,49.0,2,1,0,2,1,1,1,,3,950,0,D,2,2,0,1,(1),(1),1,, -1,1,0,1,80,3,12,2021,07:30,2,84,84122,1,1,0,1,664 Route d Orange,44.093402,4.952168,7,2,2
202100001790,198Â 594,A01,2,2,2,9,1,-1,-1,0,0,-1,2021,83.0,2,2,13,0,1,14,1,,3,2144,-1,,2,2,0,1,14,100,1,, -1,1,0,3,90,22,12,2021,15:20,1,18,18038,1,1,0,6,D2144,46.748036,2.46186,15,2,1
202100046127,119Â 312,B01,1,1,1,1,2,6,-1,-1, -1,-1,2021,17.0,1,1,0,2,4,1,1,,4,SAINT EXUPERY AVENUE,0,,2,2,0,1,(1),(1),1,, -1,1,0,1,50,29,3,2021,08:00,1,13,13047,2,1,0,4,SAINT EXUPERY AVENUE,43.523109,4.978935,8,3,3
202100039692,130Â 632,B01,1,1,1,0,2,0,-1,0,0,-1,2021,52.0,1,1,0,2,1,1,5,,4,FOCH (AVENUE 2 A 16,0,,1,2,2,1,(1),(1),1,, -1,2,0,1,30,16,5,2021,09:50,1,54,54395,2,1,0,3,FOCH (AVENUE 2 A 16,48.6893473664,6.1761865765,9,2,2
202100042538,125Â 591,A01,2,2,1,5,1,-1,-1,0,0,-1,2021,18.0,3,2,0,0,0,1,1,,3,66,0,,2,2,0,1,(1),(1),1,, -1,1,0,3,80,27,4,2021,16:15,1,50,50401,1,1,0,7,D66,49.461123,-1.787574,16,2,1
202100054471,104Â 398,B01,1,1,2,1,2,0,-1,0,0,-1,2021,34.0,1,0,0,2,7,17,3,,4,BOULEVARD SOULT,0,,1,2,1,1,(1),(1),1,, -1,2,-1,5,50,19,1,2021,09:20,1,75,75112,2,1,1,2,BOULEVARD SOULT,48.842887,2.409969,9,2,2
202100004227,194Â 193,A01,2,2,1,0,1,-1,-1,0, -1,-1,2021,23.0,0,2,0,2,1,1,1,,4,MAIGNAN LARIVIERE (BOULEVARD),0,,2,4,0,1,(1),(1),1,, -1,1,0,1,50,1,12,2021,19:20,5,80,80021,2,1,0,2,MAIGNAN LARIVIERE (BOULEVARD),49.88945,2.29353,19,3,2
202100024662,157Â 569,B01,1,1,1,5,2,6,-1,0,0,-1,2021,37.0,2,1,0,2,7,1,1,,3,676,-1,,2,2,0,1,8,465,1,, -1,1,5,1,50,11,8,2021,09:45,1,35,35224,2,2,1,3,Rue de la Croix du Fresne,48.521272,-1.848206,9,2,2
202100022919,160Â 656,B01,2,2,2,0,2,0,-1,-1, -1,-1,2021,40.0,1,1,0,2,8,1,1,,4,RIVE NEUVE (QUAI DE),0,,2,3,3,1,0,0,1,, -1,1,0,1,50,21,8,2021,19:15,2,13,13201,2,1,0,1,RIVE NEUVE (QUAI DE),43.293072602,5.3698849713,19,3,2
202100050162,112Â 054,B01,2,2,1,0,1,4,-1,-1, -1,-1,2021,57.0,2,2,0,2,3,0,1,,3,D 934,0,,2,2,0,2,44,185,1,, -1,1,0,1,80,20,2,2021,10:46,1,77,77131,1,6,0,3,D 934,48.7979120221,3.0947086151,10,3,2
202100032627,143Â 442,B01,1,1,1,1,8,0,-1,-1, -1,-1,2021,29.0,1,1,0,2,8,3,1,,1,A86 INT,0,,3,6,0,1,42,700,1,, -1,1,0,1,90,24,6,2021,08:20,1,94,94081,1,1,0,4,A86 INT,48.77528,2.41181,8,3,3
202100056134,101Â 543,B01,1,1,1,1,2,0,-1,-1, -1,-1,2021,23.0,1,1,0,2,8,1,1,,4,FLAMBOYANTS (RUE DES),0,,2,2,0,1,(1),(1),1,, -1,1,0,1,50,4,1,2021,06:28,2,973,97302,2,1,0,3,FLAMBOYANTS (RUE DES),4.9228164876,-52.3209822178,6,2,2
202100021218,163Â 734,B01,1,1,1,0,8,-1,-1,-1, -1,-1,2021,60.0,2,1,0,2,1,1,3,,4,GUILLOTIERE (DE LA)                 (GR),0,,2,2,2,1,(1),(1),1,, -1,1,0,1,50,2,9,2021,16:15,1,69,69387,2,1,0,3,GUILLOTIERE (DE LA) (GR),45.75319,4.84486,16,2,2
202100034153,140Â 712,B01,1,1,1,5,2,-1,-1,0,0,-1,2021,17.0,1,1,0,2,1,2,1,,4,,-1,,2,2,0,1,(1),(1),1,,4,1,0,1,50,15,6,2021,20:45,2,25,25115,1,1,0,2,Chemin du Grand Mont,47.245423,5.895903,20,2,2
202100008675,186Â 233,B01,1,1,1,9,2,8,-1,-1, -1,-1,2021,32.0,1,1,0,2,1,3,1,,3,BADUEL (ROUTE DE),0,,2,2,2,1,2,50,1,, -1,1,0,1,50,8,11,2021,18:55,5,973,97302,2,1,0,3,BADUEL (ROUTE DE),4.9339301959,-52.3106380105,18,3,2
202100013150,178Â 242,A01,1,1,1,0,8,-1,-1,0,0,-1,2021,40.0,1,2,0,2,3,13,1,,3,6015,0,D,2,2,0,1,60,169,1,, -1,1,0,1,80,15,10,2021,15:35,1,76,76715,1,1,0,3,D6015,49.59679,0.606265,15,2,2
202100020285,165Â 377,B01,1,1,1,1,8,0,-1,-1, -1,-1,2021,50.0,3,1,0,2,8,1,5,,4,CHAINGY (CHEMIN DE),0,,1,2,0,1,0,0,1,, -1,1,0,4,50,7,9,2021,07:30,1,45,45285,2,1,0,1,CHAINGY (CHEMIN DE),47.90189,1.86759,7,2,2
202100042576,125Â 519,A01,2,2,2,0,2,6,-1,-1, -1,-1,2021,27.0,2,1,0,2,3,13,1,,3,CARDO - RT INFERIEURE DE,0,,2,2,0,2,0,0,3,, -1,1,0,1,80,25,4,2021,17:31,1,202,202033,1,1,0,3,CARDO - RT INFERIEURE DE,42.69575,9.43011,17,3,2
202100009890,184Â 019,A01,2,2,1,5,2,-1,-1,-1, -1,-1,2021,26.0,3,1,9,0,1,1,1,,4,,-1,,1,-1,-1,1,(1),(1),1,, -1,1,0,1,-1,21,8,2021,06:30,5,78,78646,2,1,0,6,,48.798769,2.141398,6,2,1
202100050385,111Â 636,B01,1,1,1,9,2,8,-1,-1, -1,-1,2021,53.0,1,1,0,2,0,1,5,,3,909,0,,2,0,0,1,0,0,1,, -1,1,0,1,50,24,2,2021,18:30,2,92,92009,2,1,0,7,ARGENTEUIL ( AVENUE D' ),48.9195608106,2.2801211039,18,3,2
202100018083,169Â 307,A01,1,1,1,5,1,-1,-1,0,0,-1,2021,18.0,2,2,0,0,1,1,1,,3,424,-1,,-1,2,0,1,(1),(1),3,, -1,1,0,1,70,19,9,2021,05:30,3,59,59134,1,1,0,6,Route d Avesnes,50.09745,3.851681,5,1,1
202100051078,110Â 375,B01,1,1,1,9,2,0,-1,0,0,-1,2021,48.0,3,1,0,2,0,1,1,,4,PLACE AUGUSTE BARON,0,,-1,2,0,1,(1),(1),2,, -1,1,0,1,50,18,2,2021,20:00,5,75,75119,2,7,0,3,PLACE AUGUSTE BARON,48.900932,2.388209,20,2,2
202100013177,178Â 194,B01,1,1,1,0,1,5,-1,0,0,-1,2021,58.0,1,2,0,2,1,0,1,,1,1,0,A,1,3,0,1,57,800,1,,"13,5",1,0,1,130,15,10,2021,22:00,3,60,60369,1,1,0,4,A1,49.320898,2.687638,22,4,3
202100029019,149Â 860,A01,1,1,2,0,0,-1,-1,0,0,-1,2021,77.0,0,2,0,0,0,23,1,,4,,-1,,2,2,0,1,(1),(1),1,,4,1,0,1,50,15,7,2021,13:35,1,33,33236,2,1,0,7,26 Chemin du Bourgeon,44.787105,-1.151998,13,1,1
202100024559,157Â 760,B01,1,1,2,1,1,0,-1,-1, -1,-1,2021,26.0,1,2,0,2,3,1,1,,3,AV DU GENERAL DE GAULLE ,0,,2,4,0,1,1,0,1,, -1,1,0,1,50,12,8,2021,07:48,1,94,94017,2,1,0,2,Avenue du GÃ©nÃ©ral de Gaulle,48.82115,2.48704,7,2,2
202100033695,141Â 534,A01,10,3,1,5,0,-1,-1,9,9,1,2021,70.0,0,4,0,1,5,4,1,,6,0,0,,-1,0,0,1,(1),(1),1,, -1,1,9,8,-1,19,6,2021,10:15,1,63,63116,2,9,0,6,IntermarchÃ©--131 Avenue Etienne ClÃ©mentel,45.984592,3.087185,10,2,1
202100004985,192Â 878,A01,1,1,1,5,1,-1,-1,0,0,-1,2021,58.0,3,2,0,2,1,13,1,,7,20,-1,,2,2,0,1,(1),(1),1,, -1,1,0,1,90,3,12,2021,14:00,1,13,13081,1,1,0,1,Route Departementale No20,43.502869,5.217036,14,3,3
202100026536,154Â 261,A01,1,1,1,9,1,-1,-1,0,0,-1,2021,20.0,3,2,2,0,1,0,1,,4,,-1,,2,2,0,1,(1),(1),2,,3,1,0,3,80,30,7,2021,03:00,3,79,79179,1,1,0,6,Lieu Dit la Haute Geniere,46.706793,-0.591813,3,1,1
202100048990,114Â 183,B01,2,2,2,5,1,-1,-1,0,0,-1,2021,57.0,2,2,0,2,1,1,1,,3,5,-1,,2,2,0,1,10,400,2,, -1,1,0,1,80,7,3,2021,10:00,1,71,71502,1,1,0,3,Route de Chalon,46.846104,4.943719,10,3,2
202100012891,178Â 686,B01,1,1,1,1,8,8,-1,-1, -1,-1,2021,43.0,3,1,0,2,1,19,3,,9,PARC EXPO,0,,1,2,0,1,0,0,1,, -1,1,9,1,50,16,10,2021,12:20,1,93,93078,1,9,0,3,PARC EXPO,48.9770047637,2.5268161297,12,2,2
202100026227,154Â 820,A01,2,2,2,5,2,6,-1,0,0,-1,2021,46.0,1,1,0,0,0,1,1,,3,900,0,,2,2,0,2,115,0,2,, -1,1,0,1,80,1,8,2021,17:45,1,4,4100,1,1,0,7,RD 900,44.435971,6.872141,17,2,1
202100036402,136Â 635,C01,1,1,1,5,1,0,-1,-1, -1,-1,2021,56.0,3,2,0,2,3,1,1,,4,BAB (Boulevard),0,,2,4,0,1,0,0,1,, -1,1,0,1,50,3,6,2021,15:35,1,64,64024,2,1,0,4,BAB (Boulevard),43.49334,-1.53041,15,3,3
202100053910,105Â 385,B01,1,1,2,9,1,8,-1,-1, -1,-1,2021,25.0,2,2,1,0,1,1,1,,1,6A,0,,1,3,0,1,6,900,1,, -1,2,0,1,110,24,1,2021,19:05,3,94,94034,1,1,0,2,AUTOROUTE A6A,48.757,2.335,19,2,2
202100020067,165Â 755,B01,1,1,1,4,2,6,-1,-1, -1,-1,2021,37.0,3,1,9,2,1,1,1,,4,RIPES (DES)                         (CH),0,,2,2,1,1,(1),(1),1,, -1,1,0,1,50,7,9,2021,18:45,1,69,69275,1,2,1,3,RIPES (DES) (CHM),45.75394,4.9733,18,2,2
202100024516,157Â 838,B01,2,2,2,5,1,8,-1,-1, -1,-1,2021,19.0,2,2,0,2,1,1,1,,4,BOIS-DU-CHATEAU (RUE  DU ),0,,2,2,0,2,(1),(1),1,, -1,1,0,1,30,11,8,2021,14:10,1,56,56121,2,1,0,1,BOIS-DU-CHATEAU (RUE  DU ),47.76871,-3.37588,14,3,2
202100032845,143Â 060,B01,1,1,1,0,8,0,-1,-1, -1,-1,2021,82.0,1,1,0,2,2,1,5,,3,4IEME BATAILLON DU CHASSEURS A PIED,0,,2,2,0,1,1,0,1,, -1,1,0,1,30,16,6,2021,10:15,1,68,68066,2,1,0,3,4IEME BATAILLON DU CHASSEURS A PIED,48.08195,7.35506,10,2,2
202100039964,130Â 154,B01,1,1,2,0,1,0,-1,-1, -1,-1,2021,60.0,1,2,0,2,3,16,1,,3,BARBES (AV),0,,2,2,0,1,0,0,1,, -1,2,0,1,30,14,5,2021,15:50,1,94,94068,2,3,1,3,BARBES (AV),48.79682,2.49114,15,2,2
202100016873,171Â 462,B01,2,2,1,0,2,8,-1,-1, -1,-1,2021,10.0,1,1,0,2,7,1,1,,3,R D 900,0,,2,4,0,1,27,340,1,, -1,1,0,1,70,23,9,2021,11:05,1,66,66136,1,1,0,3,R D 900,42.65922,2.88297,11,3,2
202100021961,162Â 374,B01,1,1,1,5,2,0,-1,-1, -1,-1,2021,16.0,1,1,0,2,3,1,1,,3,AV DE PINCE VENT,0,,2,2,0,1,1,0,1,, -1,1,0,1,50,28,8,2021,12:15,1,94,94055,2,4,0,1,PINCE VENT - CAR DE PINCE-VENT (AV DE),48.78942,2.54902,12,2,2
202100002742,196Â 867,A01,10,3,2,5,0,-1,-1,1,3,1,2021,90.0,0,5,0,1,4,20,1,,4,CROIX BLANCHE (RUE DE LA),0,,-1,2,0,1,(1),(1),1,, -1,1,0,1,50,14,12,2021,16:30,1,85,85194,2,1,0,6,CROIX BLANCHE (RUE DE LA),46.49334,-1.75431,16,2,1
202100018868,167Â 922,B01,1,1,2,5,1,-1,-1,0,0,-1,2021,24.0,1,2,0,2,4,2,1,,3,568,0,D,2,2,0,1,1,545,3,, -1,1,0,1,50,16,9,2021,16:50,1,201,201247,2,1,0,2,Rue General de Boissoudy,41.608287,9.280282,16,2,2
202100046581,118Â 508,B01,1,1,2,0,1,-1,-1,0,0,-1,2021,28.0,0,2,0,0,0,0,1,,4,ABBEVILLE (RUE D'),0,,2,-1,0,1,(1),(1),2,, -1,1,0,1,50,23,3,2021,08:15,1,80,80021,2,1,0,3,ABBEVILLE (RUE D'),49.90782,2.26505,8,2,2
202100027269,152Â 981,B01,2,2,1,5,2,6,-1,0,0,-1,2021,11.0,3,1,0,1,0,1,1,,4,,-1,,2,2,0,2,(1),(1),2,,4,1,0,1,70,25,7,2021,18:40,1,29,29214,1,1,0,1,Roz Languidou,47.913628,-4.34961,18,4,2
202100042715,125Â 279,C01,1,1,1,0,1,0,-1,-1, -1,-1,2021,61.0,1,2,0,0,0,0,1,,4,ROSNY (AVENUE DE),0,,2,4,0,1,0,0,1,, -1,1,0,1,50,24,4,2021,14:00,1,93,93077,2,1,0,4,ROSNY (AVENUE DE),48.88514,2.50462,14,4,4
202100019216,167Â 281,B01,1,1,2,5,1,0,-1,-1, -1,-1,2021,28.0,1,2,0,2,1,1,1,,3,REPUBLIQUE (AV DE LA),0,,2,2,0,1,0,1,1,, -1,1,0,1,50,13,9,2021,10:00,1,94,94077,2,9,0,3,REPUBLIQUE (AV DE LA),48.73158,2.41356,10,2,2
202100009825,184Â 134,B01,1,1,1,5,2,-1,-1,0,0,-1,2021,21.0,1,1,0,2,3,1,5,,3,,-1,,2,2,3,1,34,840,1,,4,1,0,6,50,21,10,2021,15:35,1,31,31035,2,1,0,2,2c Route de Narbonne,43.535413,1.483905,15,2,2
202100004906,193Â 022,A01,1,1,1,1,1,0,-1,-1, -1,-1,2021,53.0,2,2,0,2,1,2,1,,2,RN406.Y,0,,-1,2,0,1,4,0,1,, -1,1,0,1,90,4,12,2021,07:15,3,94,94044,1,1,0,6,RN406.Y,48.76011,2.46917,7,2,2
202100010293,183Â 308,A01,1,1,2,5,2,6,-1,-1, -1,-1,2021,33.0,3,1,0,0,7,16,1,,4,PIECE NOYEE (ROND POINT DE LA),0,,2,2,0,1,0,0,2,, -1,2,5,1,50,29,10,2021,12:40,1,64,64102,2,6,1,7,Rond-Point de la PiÃ¨ce NoyÃ©e,43.50042,-1.48139,12,1,1
202100044968,121Â 353,B01,1,1,1,0,2,6,-1,0,0,-1,2021,78.0,2,1,0,2,1,17,1,,2,MARECHAL FOCH ( AVENUE DU ),0,,2,3,0,1,70,480,1,, -1,1,0,1,50,4,4,2021,11:08,1,5,5061,2,3,0,3,MARECHAL FOCH ( AVENUE DU ),44.56372,6.08803,11,3,2
202100019329,167Â 075,A01,10,3,2,9,0,-1,-1,3,3,1,2021,93.0,2,2,0,1,1,2,-1,,3,GARE (ROUTE),0,,1,1,0,1,5,470,1,, -1,1,0,1,50,6,9,2021,12:00,1,83,83123,2,1,0,6,GARE (ROUTE),43.12113,5.81817,12,2,1
202100001338,199Â 368,A01,1,1,1,5,1,-1,-1,0,0,-1,2021,39.0,1,2,7,0,2,1,1,,3,18,0,,2,2,0,1,0,700,1,, -1,2,0,3,80,28,12,2021,14:20,1,33,33389,1,1,1,6,Le Pas d Ozelle,45.315785,-0.633023,14,2,1
202100016194,172Â 692,A01,1,1,1,1,8,0,-1,-1, -1,-1,2021,53.0,0,1,0,0,0,26,5,,4,RUE DU COLONEL TOUSSAINT,0,,1,1,0,2,(1),(1),1,, -1,1,0,1,30,28,9,2021,10:00,1,31,31555,2,1,0,7,RUE DU COLONEL TOUSSAINT,43.61956,1.45741,10,1,1
202100054746,103Â 940,A01,2,2,1,0,1,0,-1,-1, -1,-1,2021,25.0,2,2,4,0,1,26,1,,1,A86 DUPLEX - A86 EXT,0,,1,8,0,1,63,455,1,, -1,5,7,1,50,16,1,2021,12:55,1,78,78322,1,1,1,6,DUPLEX,48.782544,2.157708,12,2,1
202100055686,102Â 321,A01,10,3,2,3,0,-1,-1,3,3,1,2021,86.0,2,5,0,1,2,16,1,,3,GENERAL DE GAULLE (AV DU),0,,2,2,0,1,0,0,1,, -1,1,0,1,50,9,1,2021,10:45,1,94,94067,2,3,0,6,GENERAL DE GAULLE (AV DU),48.8458,2.41749,10,2,1