Num_Acc,id_vehicule,num_veh,place,catu,sexe,trajet,secu1,secu2,secu3,locp,actp,etatp,year_acc,victim_age,senc,catv,obs,obsm,choc,manv,motor,occutc,catr,voie,v1,v2,circ,nbv,vosp,prof,pr,pr1,plan,lartpc,larrout,surf,infra,situ,vma,jour,mois,an,hrmn,lum,dep,com,agg_,int,atm,col,adr,lat,long,hour,nb_victim,nb_vehicules
202100022372,161Â 658,B01,1,1,1,9,2,6,-1,0,0,-1,2021,27.0,1,1,0,2,1,18,1,,3,,0,,2,1,0,1,(1),(1),1,,"3,5",1,0,1,70,26,8,2021,12:30,1,971,97128,1,9,0,3,Chateaubrun,16.25404,-61.353954,12,2,2
202100037554,134Â 536,A01,10,3,1,9,0,-1,-1,1,3,2,2021,9.0,1,2,0,1,3,1,0,,4,GRAMMONT (AVENUE DE),0,,2,6,0,1,(1),(1),1,, -1,1,0,1,50,29,5,2021,16:20,1,37,37261,2,1,0,6,GRAMMONT (AVENUE DE),47.3849891069,0.6909723804,16,2,1
202100032703,143Â 310,A01,1,1,1,1,8,0,-1,0,0,-1,2021,24.0,2,1,0,2,1,1,5,,4,RUE BRILLAT SAVARIN,0,,2,2,0,1,(1),(1),1,, -1,1,0,1,50,22,6,2021,10:50,1,75,75113,2,1,0,2,RUE BRILLAT SAVARIN,48.822181,2.348692,10,2,2
202100049092,114Â 004,A01,1,1,1,0,2,8,-1,-1, -1,-1,2021,18.0,2,1,0,2,1,2,1,,3,JUIN (V DU MARECHAL),0,,2,1,0,1,(1),(1),1,, -1,1,0,1,50,11,2,2021,17:10,1,40,40192,2,1,0,2,JUIN (V DU MARECHAL),43.90452,-0.47623,17,2,2
202100052579,107Â 742,B01,1,1,1,1,8,0,-1,0,0,-1,2021,51.0,1,1,0,2,1,1,5,,4,RUE SAINT ANTOINE,0,,2,2,1,1,(1),(1),1,, -1,1,0,1,50,2,2,2021,14:40,1,75,75104,2,2,0,3,RUE SAINT ANTOINE,48.853424,2.367157,14,2,2
202100031202,145Â 967,A01,1,1,1,4,2,8,-1,-1, -1,-1,2021,31.0,1,1,0,2,1,3,1,,3,LIBERATION (AV DE LA),0,,2,2,0,1,1,0,1,, -1,1,9,1,30,3,7,2021,18:15,1,94,94068,2,3,0,1,Avenue de la LibÃ©ration,48.8114,2.47861,18,2,2
202100005185,192Â 508,A01,1,1,2,5,1,0,-1,-1, -1,-1,2021,50.0,2,2,0,2,4,1,1,,1,A7-Sens Marseille vers Lyon,0,,-1,2,0,1,264,0,1,, -1,2,0,1,90,1,12,2021,18:20,3,13,13071,1,1,1,2,A7-Sens Marseille vers Lyon,43.40753,5.28918,18,3,3
202100024316,158Â 204,B01,1,1,1,1,2,0,-1,0,0,-1,2021,19.0,2,1,0,2,1,18,3,,4,RUE D ALESIA,0,,2,3,0,2,(1),(1),1,, -1,1,0,1,30,12,8,2021,09:45,1,75,75114,2,3,0,3,RUE D ALESIA,48.826916,2.338645,9,3,2
202100028635,150Â 528,B01,1,1,1,4,1,-1,-1,-1, -1,-1,2021,33.0,2,5,1,0,7,1,1,,4,VINGT NEUF AOUT 44 (AVENUE DU),0,,2,2,2,1,(1),(1),1,, -1,1,8,5,50,16,7,2021,14:15,1,51,51573,2,1,0,6,Avenue du 29 AoÃ»t 1944,49.24887,3.99347,14,2,2
202100038170,133Â 419,A01,1,1,1,5,2,8,-1,-1, -1,-1,2021,21.0,1,1,1,0,1,26,1,,4,FRERES (RUE DES),0,,2,2,0,1,0,0,1,, -1,6,9,1,30,24,5,2021,20:12,2,67,67365,2,1,1,6,FRERES (RUE DES),48.55538,7.70805,20,1,1
202100044188,122Â 689,A01,1,1,1,5,2,6,-1,0,0,-1,2021,40.0,1,1,0,0,9,1,1,,4,301,0,C,2,2,0,1,0,0,2,0,"3,6",1,0,1,80,13,4,2021,14:30,1,16,16083,1,1,0,7,Lieu-Dit les Inchauds,45.940328,0.113519,14,1,1
202100047395,117Â 052,B01,1,1,1,1,2,6,-1,0,0,-1,2021,46.0,2,1,0,2,7,5,1,,4,BOULEVARD MALESHERBES,0,,2,4,0,1,(1),(1),1,, -1,1,0,1,50,19,3,2021,11:05,1,75,75108,2,2,0,3,BOULEVARD MALESHERBES,48.871719,2.322072,11,2,2
202100000913,200Â 111,A01,10,3,2,3,0,-1,-1,2,3,1,2021,87.0,2,2,0,1,3,1,1,,4,,0,,2,2,0,1,(1),(1),1,,"5,5",1,0,1,50,31,12,2021,15:20,1,71,71310,2,1,1,6,39 Avenue de la LibÃ©ration,46.7519441018,4.4726174066,15,2,1
202100049553,113Â 183,B01,1,1,1,1,5,1,-1,0,0,-1,2021,40.0,1,2,0,2,1,1,1,,3,906,0,,2,2,0,1,0,800,2,, -1,1,0,1,80,2,3,2021,19:50,3,57,57041,1,1,0,5,D906,49.408359,5.930734,19,4,4
202100020866,164Â 350,B01,1,1,1,0,2,6,-1,-1, -1,-1,2021,40.0,1,1,0,2,1,1,1,,2,RD 1250 (BONNEVAL -LA HUME) - STADE,0,,2,2,0,1,40,670,1,, -1,1,0,1,70,4,9,2021,11:25,1,33,33529,1,1,0,3,RD 1250 (BONNEVAL -LA HUME) - STADE,44.61832,-1.12395,11,2,2
202100049270,113Â 690,B01,1,1,1,1,2,6,-1,0,0,-1,2021,35.0,1,1,0,2,2,1,1,,4,ECHANGEUR BERCY,0,,1,2,0,2,(1),(1),1,, -1,1,0,1,50,2,3,2021,09:15,1,75,75112,2,4,0,3,ECHANGEUR BERCY,48.8267142194,2.3912604118,9,2,2
202100004501,193Â 723,A01,10,3,1,5,8,8,-1,2,3,1,2021,33.0,1,2,0,1,1,9,1,,3,ZEPHIR (ROCADE),0,,1,2,2,1,2,900,1,, -1,2,5,1,50,5,12,2021,00:13,5,973,97302,2,1,1,6,ZEPHIR (ROCADE),4.9361975238,-52.307489276,0,3,1
202100047460,116Â 931,A01,1,1,1,1,2,6,-1,-1, -1,-1,2021,33.0,1,1,16,0,8,0,1,,1,ROCADE A 631,0,,3,6,0,1,0,560,2,, -1,2,3,1,50,19,3,2021,08:15,1,33,33039,1,1,1,7,ROCADE A 631,44.80585,-0.531857,8,1,1
202100002619,197Â 101,B01,1,1,2,5,8,0,-1,0,0,-1,2021,18.0,2,1,0,2,8,1,3,,4,LAENNEC (BD RENE),0,,2,2,2,1,(1),(1),1,, -1,1,0,5,50,15,12,2021,16:10,1,35,35238,2,2,0,3,LAENNEC (BD RENE),48.109854,-1.665677,16,2,2
202100052927,107Â 115,A01,2,2,1,5,1,-1,-1,0,0,-1,2021,19.0,1,2,0,2,1,1,1,,3,35,-1,,2,2,0,2,25,80,1,, -1,1,0,1,80,2,2,2021,16:45,1,50,50281,1,1,0,1,Village Breton,48.775406,-1.429542,16,3,2
202100017229,170Â 850,B01,1,1,1,1,2,-1,-1,0,0,-1,2021,17.0,2,1,0,2,8,2,1,,3,23,-1,,2,2,0,1,1,900,1,,4,1,0,1,50,22,9,2021,07:50,2,38,38181,2,2,0,3,Route des Iles,45.344975,5.976219,7,2,2
202100025664,155Â 804,A01,1,1,1,5,2,6,9,0,0,-1,2021,61.0,1,1,15,0,8,13,1,,3,909,-1,,2,2,0,2,33,425,3,, -1,2,0,3,80,4,8,2021,14:20,1,34,34028,1,1,1,6,D909,43.598847,3.17154,14,1,1
202100035201,138Â 776,A01,10,3,2,0,0,-1,-1,3,3,1,2021,51.0,1,2,0,1,2,1,-1,,4,,-1,,1,1,-1,1,(1),(1),1,, -1,1,0,1,-1,3,6,2021,16:49,1,59,59599,2,2,0,6,GUISNES (RUE DE),50.724754,3.169893,16,4,1
202100046810,118Â 104,A01,1,1,1,0,2,8,-1,-1, -1,-1,2021,20.0,3,1,0,2,1,2,5,,3,3,0,,3,6,0,2,1,0,1,, -1,1,2,1,50,24,3,2021,17:25,1,92,92073,2,1,0,2,PONT DE SURESNES,48.8669915941,2.2291007638,17,3,2
202100053613,105Â 887,A01,10,3,2,5,0,-1,-1,4,3,2,2021,48.0,1,2,0,1,1,15,1,,3,D613A,0,,2,2,0,1,0,0,1,, -1,2,5,1,30,25,1,2021,14:40,1,14,14366,2,2,0,6,Rue des Mathurins,49.14478,0.22463,14,2,1
202100029114,149Â 708,A01,2,2,1,5,1,0,-1,-1, -1,-1,2021,20.0,1,2,16,0,1,1,1,,3,D 947,0,,2,2,0,1,3,(1),1,, -1,1,0,1,80,12,6,2021,22:45,3,62,62842,1,1,0,7,D 947,50.459256,2.815547,22,4,1
202100051771,109Â 159,A01,1,1,1,5,2,2,-1,0,0,-1,2021,78.0,1,1,0,2,8,15,1,,4,RUE TINDALE,0,,2,2,0,1,0,0,1,, -1,1,5,1,50,6,2,2021,11:06,1,988,98818,2,3,0,3,RUE TINDALE/RUE JULES GARNIER,-22.28997,166.44204,11,2,2
202100040302,129Â 563,B01,1,1,1,1,2,8,-1,-1, -1,-1,2021,19.0,3,1,0,2,7,17,1,,4,,0,,2,2,0,2,0,0,1,, -1,1,0,1,50,11,5,2021,07:15,1,974,97416,1,1,0,3,DAMBREVILLE (AVENUE DU DR.),-21.339182,55.490016,7,2,2
202100039190,131Â 575,A01,2,2,2,3,1,-1,-1,0,0,-1,2021,45.0,3,2,0,2,3,1,1,,4,,-1,,2,2,0,1,(1),(1),2,,4,1,0,1,50,7,5,2021,17:45,1,31,31091,2,1,0,1,Avenue du Petit Paradis,43.714054,1.398767,17,3,2
202100031038,146Â 260,A01,10,3,2,0,0,-1,-1,4,3,1,2021,66.0,2,2,0,1,2,1,1,,4,CHARRAS (AVENUE),0,,1,1,0,1,(1),(1),1,, -1,1,0,1,50,2,7,2021,10:06,1,63,63113,2,1,0,6,CHARRAS (AVENUE),45.77975,3.09593,10,2,1
202100013003,178Â 502,A01,1,1,2,1,1,-1,-1,0,0,-1,2021,55.0,3,2,13,0,8,0,1,,4,,-1,,2,1,0,1,(1),(1),1,,3,1,0,3,50,16,10,2021,22:00,3,59,59051,1,1,0,6,Chemin des Trois Maisons,50.546123,2.807485,22,1,1
202100007812,187Â 784,A01,1,1,2,0,1,0,-1,-1, -1,-1,2021,24.0,1,2,0,2,4,13,1,,7,ROCADE OUEST,0,,3,2,0,2,6,575,2,, -1,1,0,1,90,11,11,2021,08:00,1,42,42189,1,1,1,4,M201 - Rocade Ouest,45.42956,4.34892,8,4,3
202100016676,171Â 820,A01,10,3,2,5,0,-1,-1,4,3,2,2021,42.0,1,1,0,1,2,1,5,,4,RUE LINOIS,0,,2,5,1,2,(1),(1),1,, -1,2,0,5,30,26,9,2021,15:00,1,75,75115,2,3,1,6,RUE LINOIS,48.848529,2.282887,15,2,1
202100012644,179Â 113,B01,4,2,2,0,1,0,-1,-1, -1,-1,2021,6.0,3,2,0,2,5,1,1,,4,CATHERINE DE BOURBON,0,,3,1,0,1,0,0,1,, -1,1,5,1,50,17,10,2021,15:30,1,64,64445,2,9,0,3,CATHERINE DE BOURBON,43.32482,-0.35738,15,6,2
202100027154,153Â 178,A01,1,1,1,0,1,-1,-1,0,0,-1,2021,20.0,1,2,2,0,1,1,1,,3,83,0,,3,4,0,1,11,545,1,, -1,1,0,3,110,26,7,2021,07:55,1,66,66176,1,1,0,6,D83,42.777224,2.95726,7,1,1
202100048063,115Â 832,B01,1,1,1,1,8,-1,-1,0,0,-1,2021,47.0,2,5,0,2,3,1,1,,3,506,0,,2,2,0,2,0,0,2,, -1,1,0,1,80,15,3,2021,08:00,1,202,202252,1,1,0,1,D506,42.428755,9.4446,8,2,2
202100050461,111Â 500,B01,1,1,1,0,2,8,-1,-1, -1,-1,2021,24.0,1,1,0,2,2,1,0,,4,PLACE AIME DELRUE,0,,2,4,3,1,(1),(1),1,, -1,1,5,1,30,23,2,2021,22:45,5,44,44109,2,2,0,3,PLACE AIME DELRUE,47.2088217233,-1.5499134064,22,2,2
202100031042,146Â 254,B01,1,1,1,0,1,0,-1,0,0,-1,2021,34.0,1,2,0,2,7,19,1,,7,CLEMENTEL (BD ETIENNE),0,,3,7,0,1,(1),(1),1,, -1,1,0,1,50,29,6,2021,20:53,1,63,63113,2,2,0,3,CLEMENTEL (BD ETIENNE),45.80006,3.11232,20,2,2
202100041750,126Â 983,A01,1,1,1,0,1,0,-1,-1, -1,-1,2021,34.0,2,2,3,2,1,14,1,,1,AUTOROUTE A86,0,,3,6,0,1,19,0,1,, -1,1,1,1,90,2,5,2021,16:00,1,93,93029,1,1,0,2,AUTOROUTE A86,48.92635,2.42216,16,2,2
202100000939,200Â 072,B01,2,2,2,0,1,-1,-1,0,0,-1,2021,17.0,1,2,0,2,3,1,1,,2,94,-1,,2,2,0,1,130,588,1,, -1,1,0,1,80,31,12,2021,14:53,1,5,5052,1,1,0,1,N94,44.679838,6.61569,14,4,2
202100024357,158Â 142,B01,9,2,1,5,8,-1,-1,0,0,-1,2021,17.0,1,2,0,2,3,13,1,,3,929,-1,,2,2,0,1,63,381,1,, -1,1,0,1,80,13,8,2021,09:40,1,76,76344,1,1,0,1,D929,49.756531,1.707798,9,7,2
202100044211,122Â 644,A01,1,1,1,1,2,6,-1,0,0,-1,2021,45.0,1,1,0,2,8,21,1,,3,26,-1,,2,2,0,1,7,800,1,, -1,1,0,1,80,14,4,2021,07:45,1,13,13018,1,3,0,3,Route de Cavaillon,43.845353,4.970284,7,2,2
202100000853,200Â 212,B01,1,1,1,0,8,-1,-1,-1, -1,-1,2021,62.0,3,1,0,2,1,1,1,,4,DOYEN JEAN LEPINE (DU)              (R ),0,,2,2,0,1,(1),(1),1,, -1,2,0,1,50,30,12,2021,13:20,1,69,69029,2,2,0,3,DOYEN JEAN LEPINE (DU) (R),45.74872,4.90225,13,4,2
202100019821,166Â 215,A01,1,1,1,1,1,0,-1,-1, -1,-1,2021,30.0,2,5,0,2,1,1,0,,1,A86.EXT,0,,3,4,0,2,31,899,1,, -1,1,1,1,90,10,9,2021,20:05,5,94,94052,1,1,0,4,A86.EXT,48.8344513814,2.4934520994,20,3,3
202100020370,165Â 226,A01,1,1,1,1,2,6,9,0,0,-1,2021,24.0,2,1,15,2,2,1,1,,3,5,-1,,2,2,0,1,1,88,2,, -1,1,0,1,70,8,9,2021,07:44,1,6,6118,1,1,0,3,897 Route de Saint Vallier,43.659951,6.793349,7,2,2
202100034054,140Â 889,A01,1,1,1,9,2,6,-1,-1, -1,-1,2021,53.0,1,1,0,0,0,26,1,,1,MONTAIGNE AVENUE,0,,1,1,0,4,1,0,3,, -1,1,3,1,50,14,6,2021,21:49,1,49,49267,2,1,0,7,MONTAIGNE AVENUE,47.46585,-0.51702,21,1,1
202100002783,196Â 792,A01,10,3,1,0,0,-1,-1,2,3,2,2021,2.0,1,2,0,1,1,1,1,,4,BENEDIT (RUE),0,,2,2,0,2,0,0,1,, -1,1,0,1,50,13,12,2021,17:00,5,13,13201,2,1,0,1,BENEDIT (RUE),43.30693,5.39269,17,2,1
202100024425,158Â 024,B01,1,1,1,0,2,6,-1,0,0,-1,2021,64.0,2,1,0,2,1,1,1,,3,933,0,,2,2,0,1,24,400,3,, -1,1,0,1,50,12,8,2021,10:40,1,24,24186,2,9,0,3,le bourg,44.700428,0.417035,10,3,2
202100046298,119Â 024,A01,1,1,1,3,2,-1,-1,0,0,-1,2021,35.0,2,1,0,2,2,17,1,,3,,-1,,2,2,0,2,(1),(1),2,, -1,1,0,1,50,25,3,2021,11:55,1,971,97125,2,1,0,3,Rue Martin Luther King,16.257805,-61.27241,11,2,2
202100049713,112Â 884,B01,1,1,1,5,2,6,-1,0,0,-1,2021,48.0,2,1,0,2,2,1,1,,3,28,-1,D,2,2,0,1,2,967,1,, -1,1,0,1,50,1,3,2021,09:45,1,17,17197,2,1,0,6,Boulevard Baie Saint Paul,45.450862,-0.441656,9,2,2
202100013746,177Â 138,A01,1,1,1,0,1,-1,-1,0,0,-1,2021,71.0,0,2,0,2,3,19,0,,3,D25,-1,,2,2,0,1,(1),(1),1,,4,1,0,1,80,13,10,2021,15:14,1,80,80336,1,2,0,3,D25,49.918121,1.731602,15,3,2
202100029705,148Â 701,A01,1,1,1,5,2,6,-1,0,0,-1,2021,30.0,1,1,0,2,1,13,1,,7,8,-1,N,2,2,0,1,63,100,3,, -1,1,0,1,80,10,7,2021,18:15,1,13,13030,1,1,0,1,D8n,43.26855,5.73585,18,2,2
202100018546,168Â 484,A01,10,3,1,5,0,-1,-1,2,5,2,2021,15.0,2,3,0,1,0,26,3,,4,,0,,2,2,3,1,(1),(1),1,, -1,1,4,6,-1,16,9,2021,15:50,1,69,69256,2,8,0,6,MARIUS GROSSO (R),45.76358,4.93259,15,2,1
202100020433,165Â 115,A01,1,1,2,0,1,0,-1,-1, -1,-1,2021,43.0,2,2,0,0,1,1,1,,1,AUTOROUTE A6,0,,3,6,0,1,12,939,1,, -1,1,0,1,110,7,9,2021,22:10,3,91,91161,1,1,0,7,AUTOROUTE A6,48.707,2.306,22,1,1
202100010857,182Â 322,A01,2,2,2,5,1,0,-1,-1, -1,-1,2021,84.0,1,2,0,2,1,15,1,,3,LENCLOITRE (ROUTE DE),0,,-1,2,0,1,53,810,1,, -1,1,0,1,50,26,10,2021,16:20,1,86,86066,2,2,0,1,Route de LencloÃ®tre,46.823042,0.509593,16,3,2
202100038596,132Â 648,A01,10,3,1,5,0,-1,-1,4,3,1,2021,28.0,1,2,0,1,3,1,1,,4,ANSE-VATA (ROUTE DE L'),0,,2,2,0,2,0,0,1,, -1,2,5,1,50,24,5,2021,01:10,5,988,98818,2,2,1,6,ROUTE DE L'ANSE-VATA/RUE EDOUARD GLASSER,-22.29265,166.44716,1,4,1
202100003121,196Â 187,A01,10,3,2,1,0,-1,-1,3,3,1,2021,18.0,0,2,0,1,2,1,1,,4,NAU (RUE ROBERT),0,,2,2,0,1,(1),(1),1,, -1,1,0,1,50,13,12,2021,17:10,5,41,41018,2,1,0,6,NAU (RUE ROBERT),47.61011,1.33302,17,2,1
202100033572,141Â 755,A01,1,1,2,0,8,0,-1,-1, -1,-1,2021,59.0,2,1,0,2,1,5,3,,4,SAINT JULIEN (RUE),0,,1,1,0,1,(1),(1),1,, -1,1,0,1,30,17,6,2021,15:25,1,59,59178,2,1,0,1,SAINT JULIEN (RUE),50.37071,3.07641,15,2,2
202100022820,160Â 817,A01,2,2,1,9,2,0,-1,0,0,-1,2021,17.0,1,1,0,2,4,1,1,,4,BOULEVARD PERIPHERIQUE,0,,1,4,0,1,24,400,1,, -1,1,0,1,70,22,8,2021,08:50,1,75,75119,2,1,0,2,BD PERIPHERIQUE INTERIEUR,48.900171,2.377907,8,3,2
202100021826,162Â 612,A01,10,3,2,0,0,-1,-1,4,3,1,2021,18.0,1,2,0,1,1,1,1,,3,15,0,,2,3,0,1,0,0,1,, -1,1,0,1,50,30,8,2021,16:50,1,92,92009,2,3,0,6,ARGENTEUIL AV D',48.9211071017,2.2783935046,16,2,1
202100014832,175Â 195,Z01,10,3,2,5,0,-1,-1,3,3,1,2021,42.0,1,1,0,1,1,17,0,,4,RUE DES PYRENEES,0,,2,3,0,1,(1),(1),1,, -1,1,0,1,30,6,10,2021,12:40,1,75,75120,2,3,0,6,RUE DES PYRENEES,48.873712,2.389506,12,2,1
202100049188,113Â 833,A01,1,1,1,5,1,-1,-1,0,0,-1,2021,60.0,3,5,16,0,9,14,1,,4,RM1,0,,2,2,0,3,(1),(1),2,, -1,2,0,1,50,5,3,2021,19:30,3,988,98815,1,4,1,7,"RM9/VU19, tribu de PATHO- sens KURINE-PATHO",-21.581446,168.106549,19,5,1
202100028912,150Â 050,B01,1,1,2,5,1,-1,-1,0,0,-1,2021,21.0,2,2,0,2,6,1,1,,3,62,-1,,3,4,0,1,1,750,1,, -1,1,0,1,110,8,7,2021,02:05,3,34,34154,1,1,0,2,D62,43.551033,3.988901,2,5,2
202100005544,191Â 892,B01,1,1,1,1,2,6,-1,0,0,-1,2021,34.0,2,1,0,2,1,17,1,,4,AVENUE DES CHAMPS ELYSEES,0,,2,8,0,2,(1),(1),1,, -1,2,0,1,30,30,11,2021,06:36,5,75,75108,2,1,0,3,AVENUE DES CHAMPS ELYSEES,48.87262,2.298801,6,2,2
202100045508,120Â 396,A01,10,3,1,2,0,-1,-1,3,3,1,2021,12.0,2,2,0,1,3,1,1,,7,1532,0,D,2,3,3,1,52,210,1,, -1,1,9,1,50,1,4,2021,15:08,1,38,38474,2,1,0,6,Avenue de Romans,45.20069,5.66872,15,4,1
202100028358,151Â 013,A01,1,1,1,1,2,9,-1,0,0,-1,2021,39.0,1,1,8,0,1,1,1,,3,128,-1,,2,2,0,2,3,190,2,, -1,1,0,3,80,19,7,2021,14:15,1,56,56201,1,1,0,6,Lieu Dit Stangala,48.121385,-3.531933,14,1,1
202100017222,170Â 864,B01,1,1,1,3,2,-1,-1,0,0,-1,2021,17.0,1,1,0,2,1,1,1,,3,113,-1,,2,2,0,1,1,228,1,, -1,1,0,1,70,25,9,2021,10:55,1,44,44064,1,2,0,3,D149,47.113843,-1.293291,10,2,2
202100008328,186Â 840,A01,1,1,1,5,2,6,9,0,0,-1,2021,56.0,3,1,0,0,0,17,1,,4,,0,,2,2,0,1,(1),(1),1,,4,2,0,1,50,13,11,2021,15:35,1,1,1249,2,1,1,7,Rue de la Dombes,45.866898,4.92106,15,1,1
202100010291,183Â 313,C01,3,2,2,0,1,0,-1,-1, -1,-1,2021,3.0,1,2,0,2,5,2,1,,3,NAVARRE (AVENUE HENRI DE),0,,1,2,0,1,45,980,1,, -1,2,0,1,50,29,10,2021,22:16,5,64,64102,2,1,1,5,NAVARRE (AVENUE HENRI DE),43.51353,-1.43613,22,5,3
202100005897,191Â 250,A01,1,1,1,5,2,6,-1,-1, -1,-1,2021,71.0,0,1,0,2,1,5,0,,4,ECLUSE (QUAI DE L'),0,,2,0,0,1,(1),(1),1,, -1,2,9,1,30,21,11,2021,11:50,1,78,78015,2,9,1,1,ECLUSE (QUAI DE L'),48.963543,2.046167,11,2,2
202100000039,201Â 692,B01,1,1,1,0,2,8,-1,-1, -1,-1,2021,18.0,2,1,0,2,1,1,0,,4,PISANI (boulevard Edgard),0,,2,2,0,1,0,0,1,, -1,1,0,1,50,23,12,2021,21:15,5,52,52448,2,1,0,3,PISANI (boulevard Edgard),48.64326,4.96534,21,2,2
202100012280,179Â 778,B01,1,1,2,1,2,8,-1,-1, -1,-1,2021,25.0,1,1,0,2,1,1,0,,3,77,0,,2,4,2,1,0,0,1,, -1,1,5,1,50,19,10,2021,17:30,1,92,92007,2,2,0,3,HUGO (AVENUE VICTOR),48.80493,2.32279,17,4,2
202100052580,107Â 739,B01,10,3,1,0,0,-1,-1,9,3,1,2021,50.0,2,2,0,1,1,1,1,,3,ROUGET DE L ISLE (AV),0,,1,2,0,1,0,0,1,, -1,1,0,1,50,3,2,2021,18:40,5,94,94081,2,1,0,1,ROUGET DE L ISLE (AV),48.78442,2.39302,18,3,2
202100012698,179Â 019,B01,8,2,2,5,0,-1,-1,0,0,-1,2021,47.0,2,2,4,0,0,21,1,,1,61,-1,,3,4,0,1,292,850,1,, -1,1,0,1,130,17,10,2021,16:20,1,11,11195,1,1,0,6,A61 - PK 292.850,43.270706,2.003803,16,11,2
202100010654,182Â 692,A01,2,2,1,5,1,-1,-1,0,0,-1,2021,15.0,1,2,0,0,9,1,1,,3,108,0,,2,2,0,2,2,600,2,, -1,2,0,1,80,28,10,2021,21:45,3,29,29256,1,1,1,7,D108 - Rue du Menez hom,48.20217,-4.279577,21,2,1
202100052815,107Â 316,A01,1,1,1,2,2,8,-1,-1, -1,-1,2021,18.0,2,1,0,2,2,2,1,,3,RICHELIEU (BOULEVARD),0,,2,2,0,2,0,0,1,, -1,1,5,1,50,26,1,2021,17:50,2,92,92063,2,3,0,2,RICHELIEU (BOULEVARD),48.8716213818,2.183401401,17,2,2
202100048442,115Â 168,A01,1,1,2,5,8,0,-1,0,0,-1,2021,77.0,1,1,0,0,0,21,5,,4,RUE DE CONSTANTINE,0,,2,2,1,1,(1),(1),1,, -1,1,-1,5,50,9,3,2021,13:00,1,75,75107,2,2,0,7,RUE DE CONSTANTINE,48.860977,2.314965,13,1,1
202100041287,127Â 808,A01,1,1,1,0,2,-1,-1,-1, -1,-1,2021,22.0,0,1,0,2,8,19,5,,4,,0,,2,2,0,1,(1),(1),3,, -1,1,0,5,70,4,5,2021,17:50,1,33,33281,2,9,0,3,Avenue Roland Garros,44.82456,-0.68633,17,2,2
202100033109,142Â 569,C01,1,1,1,1,1,-1,-1,0,0,-1,2021,40.0,1,2,0,2,3,1,1,,3,60,0,,2,2,0,1,6,890,1,, -1,1,0,1,70,21,6,2021,13:40,1,62,62817,1,1,0,1,D60,50.270588,2.804732,13,2,2
202100011064,181Â 946,A01,1,1,1,0,1,-1,-1,-1, -1,-1,2021,33.0,0,2,8,0,3,13,1,,4,VIVIANI,0,,2,2,0,1,0,0,1,, -1,1,0,1,50,24,10,2021,00:00,5,76,76351,2,1,0,6,VIVIANI,49.4929,0.15557,0,1,1
202100038685,132Â 488,B01,3,2,2,0,1,-1,-1,0,0,-1,2021,53.0,2,2,1,2,1,1,1,,2,122,0,N,2,2,0,1,53,450,1,, -1,1,5,1,80,19,5,2021,17:40,1,15,15074,1,3,0,5,N122,44.927745,2.484825,17,5,3
202100005466,192Â 015,A01,1,1,1,5,2,0,-1,-1, -1,-1,2021,30.0,1,1,0,2,1,1,1,,1,AUTOROUTE A3,0,,3,3,0,1,3,799,1,, -1,1,0,1,70,30,11,2021,23:30,3,93,93053,1,1,0,3,AUTOROUTE A3,48.88221,2.45533,23,2,2
202100019657,166Â 508,B01,1,1,1,0,1,8,-1,-1, -1,-1,2021,47.0,2,2,0,2,1,17,1,,3,R D 900,0,,3,4,0,1,20,573,1,, -1,2,0,1,110,9,9,2021,21:05,3,66,66136,1,1,1,1,R D 900,42.7137678356,2.8724262491,21,2,2
202100040284,129Â 601,A01,1,1,1,5,0,-1,-1,0,0,-1,2021,50.0,2,2,13,0,1,1,1,,3,,-1,,2,2,0,2,(1),(1),2,, -1,1,0,3,50,12,5,2021,19:25,1,28,28372,2,1,0,6,rue des murgers,48.654321,1.584472,19,1,1
202100035001,139Â 131,A01,1,1,2,5,8,0,-1,0,0,-1,2021,11.0,1,1,12,2,1,15,3,,4,MIRABEAU,0,,2,2,0,1,1,0,1,, -1,1,0,1,50,11,6,2021,18:40,1,49,49007,2,1,0,1,MIRABEAU,47.4601273798,-0.5506159365,18,2,2
202100032611,143Â 485,B01,1,1,1,5,2,-1,-1,0,0,-1,2021,73.0,1,1,0,0,4,1,5,,3,6,0,,3,2,0,1,10,0,3,, -1,1,0,1,50,24,6,2021,13:45,1,14,14258,2,1,0,2,D6,48.906304,-0.208307,13,2,2
202100050334,111Â 730,A01,1,1,1,1,2,6,-1,-1, -1,-1,2021,22.0,1,1,4,0,5,0,1,,2,PORTE DE LA RIGOURDIERE,0,,3,4,0,2,0,500,2,, -1,1,3,2,70,24,2,2021,09:40,1,35,35051,1,1,1,6,PORTE DE LA RIGOURDIERE,48.11523,-1.57263,9,1,1
202100040672,128Â 924,A01,1,1,1,5,2,6,-1,0,0,-1,2021,50.0,1,1,8,0,1,1,1,,3,58,-1,,2,2,0,1,6,650,2,, -1,1,0,3,80,9,5,2021,15:45,1,73,73010,1,1,0,6,D58 Rte de la Nephaz,45.818751,5.903196,15,1,1
202100044864,121Â 525,A01,1,1,1,4,1,-1,-1,0,0,-1,2021,33.0,0,2,1,0,2,21,1,,4,flaub,-1,,2,2,0,1,(1),(1),1,, -1,1,0,1,30,7,4,2021,13:30,1,76,76222,2,1,1,1,137 Rue Gustave Flaubert,49.486618,0.880424,13,3,2