Num_Acc,id_vehicule,num_veh,place,catu,sexe,trajet,secu1,secu2,secu3,locp,actp,etatp,year_acc,victim_age,senc,catv,obs,obsm,choc,manv,motor,occutc,catr,voie,v1,v2,circ,nbv,vosp,prof,pr,pr1,plan,lartpc,larrout,surf,infra,situ,vma,jour,mois,an,hrmn,lum,dep,com,agg_,int,atm,col,adr,lat,long,hour,nb_victim,nb_vehicules
202100031468,145Â 501,A01,10,3,1,0,0,-1,-1,2,3,1,2021,83.0,3,5,0,1,2,0,1,,7,1498,-1,D,2,2,0,1,50,300,1,, -1,1,0,1,30,1,7,2021,07:22,1,42,42092,2,1,0,6,Rue du 8 Mai,45.4858605391,4.3797988817,7,2,1
202100050443,111Â 535,A01,10,3,2,5,0,-1,-1,4,3,1,2021,64.0,3,2,0,1,1,1,1,,6,SEGHERS (rue Pierre),0,,2,2,0,1,0,1,1,, -1,1,9,1,30,17,2,2021,17:10,1,84,84007,2,1,0,1,SEGHERS (rue Pierre),43.92895,4.83879,17,2,1
202100023749,159Â 166,A01,1,1,2,5,1,0,-1,-1, -1,-1,2021,82.0,2,2,1,2,1,9,1,,3,AV SALVADOR ALLENDE ,0,,1,0,1,1,1,0,1,, -1,1,0,1,50,17,8,2021,13:45,1,94,94017,2,1,0,3,Avenue Salvador AllendÃ©,48.80844,2.55845,13,2,2
202100055721,102Â 264,A01,10,3,2,5,0,-1,-1,4,3,2,2021,54.0,1,2,0,1,2,1,1,,3,191,-1,,2,2,0,1,0,200,3,, -1,1,0,1,30,9,1,2021,17:45,5,71,71342,2,1,0,6,rue Denis Papin,46.4453573643,4.1168319327,17,3,1
202100005920,191Â 209,B01,2,2,2,5,8,0,-1,-1, -1,-1,2021,19.0,0,2,0,0,0,0,0,,3,RD 201_ACCES 201 PAR BD S.ALLENDE,0,,2,2,0,1,1,300,4,, -1,2,9,1,80,26,11,2021,23:30,3,60,60175,1,1,1,3,RD 201_ACCES 201 ,49.24536,2.45845,23,4,2
202100048110,115Â 755,A01,1,1,2,1,1,4,-1,-1, -1,-1,2021,45.0,2,5,4,0,3,13,1,,1,A13,0,,3,6,0,1,7,699,1,, -1,7,0,1,110,14,3,2021,00:00,3,92,92047,1,1,1,6,A13,48.8335133603,2.1626128206,0,1,1
202100040670,128Â 926,A01,1,1,1,9,1,-1,-1,0,0,-1,2021,20.0,1,2,2,0,8,1,1,,3,560,-1,,2,2,0,1,40,650,1,, -1,2,0,3,80,10,5,2021,08:20,1,83,83012,1,1,1,6,Route de Draguignan PK 40.650,43.559869,6.017311,8,2,1
202100042012,126Â 526,B01,2,2,2,4,1,0,-1,-1, -1,-1,2021,57.0,1,2,0,2,4,23,1,,3,RN 190,0,,2,2,0,1,25,490,1,, -1,1,0,1,70,29,4,2021,09:40,1,78,78551,1,1,0,2,RN 190,48.91567,2.06638,9,3,2
202100041144,128Â 061,B01,1,1,1,4,1,0,-1,0,0,-1,2021,44.0,1,2,0,2,8,15,1,,4,AVENUE DE SAINT MANDE,0,,2,2,0,1,(1),(1),1,, -1,2,0,1,50,6,5,2021,12:05,1,75,75112,2,3,1,3,AVENUE DE SAINT MANDE,48.845308,2.39825,12,2,2
202100014886,175Â 104,B01,1,1,2,5,1,-1,-1,0,0,-1,2021,51.0,1,2,0,2,1,1,1,,3,933,-1,,2,2,0,2,42,600,1,, -1,1,5,1,80,6,10,2021,17:00,1,64,64010,1,1,0,5,route dÃ©partementale 933,43.333126,-1.015388,17,4,3
202100019710,166Â 412,B01,3,2,1,0,1,0,-1,-1, -1,-1,2021,9.0,1,2,0,2,3,5,1,,3,NECKARBISCHOFSHEIM (CD),0,,2,2,0,2,(1),(1),1,, -1,1,2,8,50,9,9,2021,21:25,3,10,10081,1,1,0,5,NECKARBISCHOFSHEIM (CD),48.30844,4.02216,21,5,3
202100013890,176Â 869,B01,1,1,2,1,2,8,-1,0,0,-1,2021,27.0,2,1,0,2,8,21,5,,4,AVENUE DE FLANDRE,0,,2,6,1,1,(1),(1),1,, -1,1,-1,5,30,11,10,2021,09:27,1,75,75119,2,2,0,3,AVENUE DE FLANDRE,48.888382,2.374157,9,2,2
202100047371,117Â 099,A01,10,3,2,0,8,8,-1,9,B,1,2021,43.0,1,0,0,1,1,26,0,,9,BELSUNCE (COURS),0,,2,2,3,1,0,0,1,, -1,2,9,6,30,19,3,2021,15:45,1,13,13201,2,1,1,2,BELSUNCE (COURS),43.2977367051,5.376931643,15,2,1
202100006915,189Â 407,A01,1,1,1,5,8,0,-1,-1, -1,-1,2021,63.0,1,1,0,0,1,1,2,,3,PIERRE DE BELSUNCE,0,,2,2,0,4,0,0,2,, -1,2,0,1,50,21,11,2021,14:45,1,64,64269,2,1,1,7,PIERRE DE BELSUNCE,43.29257,-0.30839,14,1,1
202100014442,175Â 885,B01,1,1,2,0,1,0,-1,-1, -1,-1,2021,24.0,1,2,0,2,1,1,1,,3,GRANDE RUE,0,,2,3,0,1,0,0,1,, -1,1,0,1,50,8,10,2021,16:50,1,92,92072,2,1,1,5,GRANDE RUE,48.8267956219,2.2205083072,16,4,3
202100028705,150Â 408,B01,1,1,2,0,1,0,-1,-1, -1,-1,2021,41.0,1,1,0,0,1,2,1,,3,SAINT LEU (ROUTE DE) 1 Ã  157,0,,2,2,0,1,0,1,1,, -1,1,0,1,50,16,7,2021,20:00,1,93,93031,2,1,0,3,Route de Saint-Leu,48.953352,2.336295,20,2,2
202100029248,149Â 478,B01,1,1,2,0,1,8,-1,-1, -1,-1,2021,32.0,2,2,4,2,8,1,1,,2,104,0,,3,6,0,1,33,849,1,, -1,1,0,1,90,13,7,2021,09:05,1,91,91174,1,1,0,3,RN 104,48.62312,2.46681,9,2,2
202100012717,178Â 986,A01,10,3,1,3,0,-1,-1,3,3,1,2021,74.0,2,2,0,1,2,1,1,,3,958,-1,,2,2,0,1,8,90,1,, -1,1,6,1,50,14,10,2021,08:45,1,61,61294,2,1,1,6,33 Grande Rue,48.639761,0.077414,8,2,1
202100023991,158Â 755,A01,1,1,2,4,2,-1,-1,-1, -1,-1,2021,25.0,3,1,0,0,0,1,3,,4,DOCKS (DES)                         (R ),0,,-1,1,0,1,(1),(1),1,, -1,1,0,1,50,14,8,2021,19:50,1,69,69389,2,1,0,7,DOCKS (DES) (R),45.7854599494,4.8106032145,19,1,1
202100052168,108Â 463,B01,1,1,2,5,1,-1,-1,0,0,-1,2021,68.0,2,2,0,2,3,1,1,,3,523,0,D,2,2,0,1,2,400,2,, -1,7,0,1,80,9,2,2021,17:10,1,80,80799,1,1,0,4,D523,49.878113,2.495635,17,3,3
202100031644,145Â 191,B01,1,1,2,0,0,-1,-1,0,0,-1,2021,57.0,3,1,0,2,1,1,5,,4,,0,,2,2,0,2,(1),(1),3,,6,1,0,1,50,28,6,2021,17:29,1,11,11304,2,4,0,6,Rue de Bitrague,42.8762584577,2.1879351366,17,2,2
202100018564,168Â 451,B01,1,1,1,2,8,0,-1,-1, -1,-1,2021,17.0,1,1,0,2,7,0,3,,4,ROMAINS (ROUTE DES),0,,2,2,1,1,0,0,1,, -1,1,0,1,50,15,9,2021,12:20,1,57,57672,2,1,0,3,ROMAINS (ROUTE DES),49.36424,6.14111,12,2,2
202100002488,197Â 325,A01,1,1,1,5,1,-1,-1,0,0,-1,2021,22.0,1,2,13,0,3,1,1,,3,9,0,,2,2,0,1,20,675,1,, -1,7,0,3,80,18,12,2021,04:45,3,33,33254,1,1,1,6,dÃ©partementale 9,44.532478,-0.040914,4,1,1
202100035292,138Â 619,B01,2,2,2,9,1,0,-1,-1, -1,-1,2021,42.0,1,2,0,2,2,1,1,,3,AUXERRE (ROUTE),0,,2,2,0,1,(1),(1),1,, -1,1,0,1,50,9,6,2021,09:35,1,10,10333,2,2,0,3,AUXERRE (ROUTE),48.276852,4.063405,9,3,2
202100042624,125Â 435,B01,2,2,2,5,2,6,-1,0,0,-1,2021,25.0,2,1,0,2,1,11,1,,3,15,-1,,2,2,0,1,43,438,4,, -1,1,0,1,50,25,4,2021,16:00,1,33,33294,2,3,0,4,Lieu Dit Cirette,44.616259,-0.081748,16,5,3
202100049643,113Â 005,A01,1,1,1,5,8,8,-1,-1, -1,-1,2021,18.0,2,1,1,0,1,2,1,,3,BALARUC LA PEYRADE (ROUTE DE),0,,2,2,0,1,2,272,1,, -1,1,0,1,80,23,2,2021,15:25,1,34,34108,1,1,0,5,BALARUC LA PEYRADE (ROUTE DE),43.4415,3.71696,15,3,3
202100028013,151Â 635,A01,10,3,1,0,0,-1,-1,9,9,1,2021,75.0,3,2,1,1,1,13,1,,3,,-1,,2,2,0,2,51,500,1,,5,1,0,8,50,20,7,2021,11:30,1,42,42059,2,1,0,6,4 Place de la Poterne,45.637983,4.392333,11,2,1
202100053337,106Â 383,A01,1,1,1,3,1,-1,-1,-1, -1,-1,2021,60.0,1,2,0,4,8,15,1,,4,AVENUE DE LA LIBERATION-CH. DE GAULLE,0,,1,3,3,1,(1),(1),1,, -1,1,4,6,50,28,1,2021,16:55,1,33,33069,2,3,0,3,Avenue de la LibÃ©ration Charles de Gaulle,44.86334,-0.603142,16,2,2
202100009309,185Â 063,B01,1,1,1,1,2,6,-1,-1, -1,-1,2021,34.0,-1,1,0,2,1,2,1,,3,NEUILLY (PONT),0,,1,1,0,1,0,1,1,, -1,1,2,8,50,5,11,2021,09:05,1,93,93051,2,1,0,2,NEUILLY (PONT),48.8529,2.5331,9,2,2
202100004041,194Â 520,A01,1,1,1,0,2,8,-1,-1, -1,-1,2021,34.0,1,0,0,0,5,26,3,,4,GAULLE BOULEVARD CHARLES DE,0,,2,2,0,2,1,0,1,, -1,1,0,1,50,8,12,2021,18:45,5,49,49007,2,1,0,7,GAULLE BOULEVARD CHARLES DE,47.4695,-0.5607,18,1,1
202100025438,156Â 193,A01,1,1,1,0,2,0,-1,-1, -1,-1,2021,46.0,1,1,0,2,7,17,1,,3,CORNICHE (ROUTE DE LA),0,,2,2,0,1,4,500,1,, -1,1,0,1,50,5,8,2021,13:00,1,64,64545,2,1,0,4,CORNICHE (ROUTE DE LA),43.3901,-1.70397,13,3,3
202100000267,201Â 245,A01,1,1,1,4,2,6,-1,0,0,-1,2021,29.0,1,1,0,2,1,26,1,,7,PLAGE BOULEVARD DE LA,0,,1,2,0,1,(1),(1),1,, -1,1,0,1,70,20,4,2021,11:20,1,6,6027,2,1,0,2,BORD DE MER RN 98,43.656708,7.164281,11,2,2
202100026413,154Â 482,A01,10,3,1,5,0,-1,-1,5,3,1,2021,4.0,3,1,0,1,7,21,1,,4,m'tsapere-Belle vue ( rue ),0,,2,2,0,1,0,0,2,, -1,1,5,1,50,29,7,2021,15:30,1,976,97611,2,1,0,6,m'tsapere-Belle vue ( rue ),-12.78673,45.21866,15,2,1
202100035316,138Â 582,Z01,10,3,1,9,0,-1,-1,5,2,1,2021,64.0,1,1,0,1,1,25,0,,4,RUE DU DOCTEUR BOURNEVILLE,0,,1,1,0,1,(1),(1),1,, -1,1,6,4,50,10,6,2021,11:25,1,75,75113,2,1,0,6,RUE DU DOCTEUR BOURNEVILLE,48.818491,2.358504,11,2,1
202100005978,191Â 113,A01,1,1,1,5,8,0,-1,-1, -1,-1,2021,31.0,1,1,0,2,0,5,1,,4,TROIS LUCS A LA VALENTINE (ROUTE),0,,-1,2,0,1,0,0,1,, -1,1,0,1,50,26,11,2021,14:30,1,13,13212,2,1,0,3,TROIS LUCS A LA VALENTINE (ROUTE),43.304407984,5.4739649215,14,2,2
202100047403,117Â 038,A01,1,1,1,1,2,6,-1,-1, -1,-1,2021,27.0,2,1,0,2,1,11,1,,3,MEAUX (CHEMIN),0,,3,2,0,1,0,1,1,, -1,1,0,1,50,19,3,2021,11:13,1,93,93049,2,1,0,3,MEAUX (CHEMIN),48.8616924912,2.5097945498,11,2,2
202100054402,104Â 519,B01,1,1,1,1,1,0,-1,0,0,-1,2021,50.0,2,2,0,2,1,1,1,,1,33,0,,3,5,3,2,9,350,1,, -1,1,-1,1,110,18,1,2021,18:10,2,54,54328,1,1,0,1,Autoroute A 33,48.62986,6.17957,18,2,2
202100050419,111Â 577,A01,1,1,1,1,1,-1,-1,0,0,-1,2021,59.0,1,2,0,2,3,13,1,,2,85,0,,2,2,0,1,50,250,1,, -1,1,0,1,80,25,2,2021,18:15,2,38,38317,1,1,0,1,N85,45.117089,5.698444,18,2,2
202100050669,111Â 117,A01,1,1,1,9,8,-1,-1,0,0,-1,2021,47.0,1,2,3,0,3,17,1,,1,75,0,A,3,4,0,1,324,200,1,, -1,1,2,2,130,21,2,2021,19:44,3,34,34300,1,1,0,6,A75,43.398145,3.333822,19,2,1
202100040859,128Â 595,A01,1,1,1,1,2,0,-1,-1, -1,-1,2021,35.0,1,1,0,2,7,3,1,,2,13,0,,1,2,0,1,8,0,1,, -1,1,1,1,70,7,5,2021,20:00,1,92,92051,1,1,0,5,N13,48.88422,2.26236,20,3,3
202100025218,156Â 586,B01,1,1,1,5,0,-1,-1,0,0,-1,2021,56.0,0,1,0,2,1,1,5,,7,908,-1,D,2,2,1,1,0,0,1,, -1,1,0,1,50,8,8,2021,08:30,1,13,13073,2,1,0,1,Le Terme D908,43.386883,5.555735,8,2,2
202100020215,165Â 501,A01,10,3,2,5,0,-1,-1,3,3,1,2021,91.0,1,2,0,1,2,16,1,,4,RUE CONSTANT MELET,0,,1,1,0,1,0,0,1,, -1,1,0,1,50,2,9,2021,09:30,1,77,77479,2,6,0,6,RUE CONSTANT MELET,48.8733,2.6401,9,2,1
202100021396,163Â 402,A01,1,1,1,0,2,6,-1,-1, -1,-1,2021,34.0,2,1,0,2,2,3,1,,1,13,0,,3,6,0,1,6,699,1,, -1,1,0,1,90,2,9,2021,11:00,1,92,92047,1,1,0,3,A13,48.8350835791,2.1757683191,11,2,2
202100050096,112Â 192,A01,1,1,2,5,8,-1,-1,0,0,-1,2021,24.0,1,2,7,0,2,0,1,,3,,-1,,2,2,0,1,5,1018,1,, -1,1,0,8,80,23,2,2021,23:50,3,76,76580,1,2,0,6,Rue du Bout d'Amont,49.542048,1.196308,23,1,1
202100002110,198Â 028,B01,1,1,1,0,1,0,-1,-1, -1,-1,2021,23.0,1,2,0,2,9,26,1,,1,A55-Sens Martigues vers Marseille,0,,1,2,0,2,9,0,1,, -1,7,0,1,90,20,12,2021,19:38,3,13,13071,1,1,0,2,A55-Sens Martigues vers Marseille,43.37194,5.32041,19,4,4
202100044442,122Â 248,B01,1,1,1,0,2,8,-1,-1, -1,-1,2021,51.0,1,1,0,0,0,0,1,,3,MADELEINE (ROUTE DE LA),0,,2,1,0,1,3,860,2,, -1,2,0,1,50,10,4,2021,19:05,5,973,97302,2,1,1,3,MADELEINE (ROUTE DE LA),4.90780237,-52.3223638,19,2,2
202100025341,156Â 359,A01,2,2,2,9,1,0,-1,-1, -1,-1,2021,39.0,3,5,0,2,2,12,1,,3,MONNET(RUE JEAN),0,,3,4,0,1,0,0,1,, -1,1,3,1,50,6,8,2021,15:00,1,94,94011,2,9,0,2,MONNET(RUE JEAN),48.7581,2.48197,15,3,2
202100036469,136Â 513,B01,1,1,1,4,8,0,-1,0,0,-1,2021,25.0,1,1,0,2,3,15,5,,4,AVENUE DE LA MOTTE PICQUET,0,,2,2,0,1,(1),(1),1,, -1,2,0,1,50,4,6,2021,14:15,1,75,75115,2,3,0,3,AVENUE DE LA MOTTE PICQUET,48.849532,2.29854,14,2,2
202100055339,102Â 915,B01,1,1,1,5,2,4,-1,-1, -1,-1,2021,20.0,1,1,1,2,1,1,1,,4,PASTEUR (RUE),0,,2,2,0,1,(1),(1),1,, -1,1,0,1,50,11,1,2021,19:00,5,10,10387,2,1,0,1,PASTEUR (RUE),48.29922,4.06597,19,3,2
202100041119,128Â 110,A01,10,3,2,2,0,-1,-1,2,3,1,2021,12.0,3,2,0,1,2,1,1,,4,LACS (ROUTE DES) BLANCHE A GALION,0,,2,2,0,1,(1),(1),1,, -1,2,5,1,50,6,5,2021,08:00,2,27,27701,2,2,1,6,LACS (ROUTE DES) BLANCHE A GALION,49.2742530571,1.2055818737,8,2,1
202100048707,114Â 693,B01,1,1,1,1,1,0,-1,-1, -1,-1,2021,42.0,2,5,1,0,1,0,1,,3,STALINGRAD (BD DE),0,,1,3,0,2,1,0,1,, -1,1,0,1,50,9,3,2021,07:20,1,94,94022,1,1,0,2,STALINGRAD (BD DE),48.76228,2.40926,7,3,2
202100037262,135Â 071,B01,1,1,1,9,2,6,-1,-1, -1,-1,2021,40.0,2,1,0,2,1,1,1,,4,JOFFRE (RUE DU MARECHAL),0,,1,1,0,1,0,1,3,, -1,2,0,1,50,30,4,2021,20:40,1,24,24037,2,1,1,1,JOFFRE (RUE DU MARECHAL),44.84758,0.47972,20,2,2
202100017138,171Â 004,A01,1,1,1,1,2,6,-1,-1, -1,-1,2021,50.0,3,1,0,2,1,1,1,,3,GALLIENI (QUAI),0,,1,2,0,1,1,0,1,, -1,1,0,1,50,23,9,2021,17:25,1,92,92073,2,1,0,2,GALLIENI (QUAI),48.870469,2.23192,17,2,2
202100032503,143Â 667,A01,1,1,1,0,1,8,-1,-1, -1,-1,2021,27.0,3,2,0,9,3,17,1,,4,GEORGES POMPIDOU (RUE),0,,1,2,0,1,(1),(1),1,, -1,1,5,8,50,23,6,2021,23:45,5,10,10387,2,1,0,6,GEORGES POMPIDOU (RUE),48.29641,4.09432,23,1,1
202100038314,133Â 154,A01,10,3,2,5,0,-1,-1,3,3,1,2021,20.0,1,2,0,1,2,1,1,,3,DUPUY (AVENUE CHARLES),0,,2,2,0,1,60,35,1,, -1,2,0,1,50,10,2,2021,16:50,1,43,43041,2,1,1,6,60 Avenue Charles Dupuy,45.04972,3.91797,16,2,1
202100037250,135Â 096,B01,1,1,1,0,8,-1,-1,-1, -1,-1,2021,33.0,1,1,0,2,6,1,5,,4,VERDUN (AVE DE),0,,2,3,2,2,(1),(1),1,, -1,1,0,5,50,31,5,2021,08:30,1,33,33281,2,1,0,3,Avenue de Verdun,44.84068,-0.64137,8,2,2
202100018160,169Â 150,A01,1,1,1,5,2,0,-1,-1, -1,-1,2021,22.0,2,1,0,2,3,17,1,,4,Corniche John FitzgÃ©rald Kennedy,0,,2,0,0,1,0,0,1,, -1,1,0,1,50,18,9,2021,01:12,5,13,13207,2,9,0,3,Corniche John FitzgÃ©rald Kennedy,43.2762608927,5.3584635543,1,3,2
202100025194,156Â 628,B01,1,1,1,5,1,-1,-1,0,0,-1,2021,34.0,1,2,0,2,8,19,1,,1,,-1,,1,1,0,1,267,0,1,, -1,1,3,1,50,8,8,2021,12:20,1,54,54060,1,3,0,3,D657,48.8157057907,6.1071324357,12,2,2
202100000413,200Â 968,A01,10,3,2,5,0,-1,-1,4,3,1,2021,65.0,1,2,0,1,2,1,1,,4,GARIBALDI (AVENUE),0,,2,2,0,1,0,0,1,, -1,1,0,1,50,5,11,2021,19:07,5,87,87085,2,1,0,6,GARIBALDI (AVENUE),45.83741,1.25922,19,2,1
202100033898,141Â 168,A01,2,2,2,5,1,0,-1,-1, -1,-1,2021,24.0,1,2,0,2,3,1,1,,4,GROSLAY (CHEM. DE),0,,2,2,0,1,1,0,3,, -1,1,0,1,50,10,6,2021,23:40,5,93,93010,2,3,0,1,ROUSSEAU (RUE JEAN-JACQUES),48.911035,2.474543,23,5,2
202100002009,198Â 200,B01,1,1,2,9,1,0,-1,-1, -1,-1,2021,24.0,1,2,0,2,2,2,1,,4,,0,,1,2,0,1,(1),(1),3,, -1,1,0,1,50,18,12,2021,08:46,1,66,66136,2,6,0,3,FRANCE LIBRE (BOULEVARD DE LA),42.70543,2.90185,8,2,2
202100019456,166Â 861,A01,10,3,2,5,0,-1,-1,2,A,2,2021,56.0,1,2,0,1,1,1,1,,4,RUE JEAN VEYRAT,0,,2,2,0,1,(1),(1),1,, -1,1,0,1,50,21,5,2021,17:30,1,38,38185,2,1,0,6,Rue Jean Veyrat,45.18113,5.71274,17,2,1
202100037949,133Â 832,B01,1,1,2,1,1,0,-1,-1, -1,-1,2021,43.0,1,2,0,2,5,1,1,,1,AUTOROUTE A1,0,,3,8,0,1,9,199,1,, -1,1,2,1,110,28,5,2021,14:45,1,93,93007,1,1,0,5,AUTOROUTE A1,48.94459,2.4383,14,3,3
202100015263,174Â 429,A01,1,1,1,5,2,-1,-1,0,0,-1,2021,73.0,2,1,1,0,1,2,5,,4,,-1,,1,1,0,1,(1),(1),1,,4,1,0,1,50,3,10,2021,14:30,1,33,33540,2,1,0,6,Rue des Anciens Combattants,45.355282,-1.060706,14,1,1
202100026001,155Â 204,A01,7,2,1,0,1,0,-1,-1, -1,-1,2021,39.0,3,2,6,0,1,1,1,,4,RIJOLE AVENUE DE LA,0,,2,2,1,1,0,0,3,, -1,2,0,8,30,1,8,2021,06:25,2,9,9225,2,3,0,6,RIJOLE AVENUE DE LA,43.11851,1.62188,6,4,1
202100056165,101Â 495,A01,2,2,1,5,2,0,-1,-1, -1,-1,2021,21.0,2,1,2,0,1,14,1,,3,19,0,,2,2,0,1,27,493,1,, -1,1,0,3,90,1,1,2021,06:30,3,34,34032,1,1,0,6,ROUTE DE MURVIEL (RD.19 - SECT.3),43.3519,3.20223,6,2,1
202100055914,101Â 930,B01,1,1,1,2,2,-1,-1,-1, -1,-1,2021,15.0,2,1,0,2,1,13,3,,4,RUISSELET (RUE),0,,2,2,0,1,(1),(1),1,, -1,1,0,1,50,7,1,2021,13:30,1,51,51454,2,1,0,1,Rue du Ruisselet,49.244354108,4.0365382517,13,2,2
202100011351,181Â 440,B01,1,1,1,0,8,0,-1,-1, -1,-1,2021,25.0,1,1,0,2,8,0,3,,4,BELLECOMBE (DE)                     (R ),0,,1,1,1,1,(1),(1),1,, -1,1,0,1,50,23,10,2021,23:30,5,69,69383,2,2,0,3,BELLECOMBE (DE) (R),45.76294,4.8638,23,2,2
202100015179,174Â 578,A01,2,2,2,5,1,-1,-1,0,0,-1,2021,72.0,1,2,8,0,2,14,1,,1,71,-1,,3,4,0,1,231,500,2,, -1,1,0,3,130,5,10,2021,14:00,1,18,18063,1,1,0,6,A71 - PK231+500,46.881902,2.420683,14,2,1
202100017252,170Â 816,B01,1,1,1,0,1,-1,-1,0,0,-1,2021,21.0,3,2,0,2,8,9,1,,3,919,-1,,2,2,0,1,7,200,3,, -1,1,0,1,80,24,9,2021,18:55,1,64,64225,1,3,0,3,RD 919,43.163413,-0.680353,18,2,2
202100005776,191Â 470,A01,10,3,1,5,8,8,-1,2,3,1,2021,7.0,1,2,0,1,7,1,1,,4,BOULEVARD DES BATIGNOLLES,0,,1,3,3,1,(1),(1),1,, -1,1,0,1,30,28,11,2021,16:30,1,75,75117,2,5,0,6,BOULEVARD DES BATIGNOLLES,48.883014,2.32426,16,2,1
202100007977,187Â 473,A01,10,3,1,2,0,-1,-1,3,3,2,2021,7.0,3,2,14,1,1,1,1,,4,FRANCK (AVENUE CESAR),0,,2,2,0,1,(1),(1),1,, -1,1,0,1,30,15,11,2021,13:50,1,95,95585,2,1,0,6,FRANCK (AVENUE CESAR),48.97324,2.37405,13,2,1
202100043718,123Â 547,A01,2,2,1,5,1,0,-1,-1, -1,-1,2021,24.0,2,2,0,2,8,2,1,,1,A507 sens Aubagne- Marseille,0,,1,3,0,1,8,170,1,, -1,1,1,1,70,16,4,2021,13:40,1,13,13055,1,1,0,3,A507 sens Aubagne- Marseille,43.292323,5.424504,13,3,2
202100029947,148Â 273,A01,1,1,1,5,8,0,-1,0,0,-1,2021,17.0,2,0,0,2,1,26,6,,4,REPUBLIQUE ( RUE DE LA ),0,,2,2,0,1,(1),(1),1,, -1,1,0,1,50,8,7,2021,15:45,1,971,97107,2,9,0,2,REPUBLIQUE ( RUE DE LA ),16.04744,-61.5635,15,2,2
202100025667,155Â 800,B01,2,2,2,5,1,-1,-1,0,0,-1,2021,28.0,2,2,0,2,2,1,1,,3,13,0,D,2,2,0,1,10,900,1,,5,2,0,1,90,4,8,2021,11:15,1,15,15229,1,2,0,3,Leyrinoux Ouest,45.078551,3.241653,11,3,2
202100043383,124Â 116,A01,1,1,1,5,2,6,-1,0,0,-1,2021,19.0,1,1,0,2,1,1,1,,3,31,-1,,2,2,0,1,26,592,1,, -1,1,0,1,50,20,4,2021,13:50,1,2,2293,2,2,0,3,Rue EugÃ¨ne Lemaire,49.939614,3.456649,13,2,2
202100035933,137Â 459,A01,1,1,2,0,2,8,-1,0,0,-1,2021,39.0,3,1,0,2,3,15,6,,7,PLAGE BOULEVARD DE LA,0,,2,4,0,1,(1),(1),1,, -1,1,0,1,50,7,6,2021,18:20,1,6,6027,2,1,0,3,PLAGE BOULEVARD DE LA,43.655877,7.161929,18,2,2
202100006478,190Â 222,A01,10,3,2,0,0,-1,-1,3,1,1,2021,55.0,3,2,0,1,1,1,1,,3,PLESSIS (RTE DU),0,,2,2,0,1,1,0,1,, -1,1,0,1,30,23,11,2021,11:40,1,94,94019,2,6,1,6,RABELAIS (R),48.80468,2.55407,11,2,1
202100051899,108Â 935,A01,10,3,1,0,0,-1,-1,2,3,1,2021,17.0,1,2,0,1,3,26,1,,7,769,0,,2,2,0,1,(1),(1),1,, -1,1,0,1,50,1,2,2021,18:10,5,63,63019,2,1,0,6,GAGARINE (RUE YOURI),45.79164,3.16319,18,2,1
202100019950,165Â 974,B01,1,1,2,3,0,-1,-1,0,0,-1,2021,88.0,3,1,0,2,1,0,5,,6,,-1,,-1,-1,0,1,(1),(1),3,,4,1,0,1,20,5,9,2021,08:40,1,74,74208,2,1,0,3,91 Av de Marlioz,45.918733,6.704225,8,2,2
202100007262,188Â 776,A01,1,1,1,5,8,0,-1,-1, -1,-1,2021,31.0,2,1,0,2,1,1,0,,4,,0,,2,2,0,1,(1),(1),1,, -1,1,0,1,50,19,11,2021,15:55,1,37,37122,2,1,0,6,CHANTEPIE (RUE DE),47.3480031997,0.6529951841,15,3,2
202100054738,103Â 951,A01,10,3,2,5,0,-1,-1,4,3,2,2021,61.0,2,2,0,1,1,2,1,,7,311,0,,2,2,0,1,0,200,1,, -1,1,0,1,50,16,1,2021,16:30,1,69,69069,2,2,0,6,11 NOVEMBRE 1918 (DU) (R),45.746042,4.730955,16,2,1
202100006761,189Â 699,A01,10,3,1,3,0,-1,-1,3,3,1,2021,84.0,0,2,0,1,2,16,1,,4,D 116,-1,,1,1,0,1,(1),(1),1,, -1,1,5,1,50,24,11,2021,10:00,1,29,29150,2,6,0,6,Gratoire - Rue des Ecoles,47.8135964196,-3.6294767261,10,2,1
202100026112,155Â 022,A01,1,1,1,0,2,8,-1,-1, -1,-1,2021,27.0,1,1,0,2,1,1,1,,2,CHAUVEL,0,,1,2,0,2,(1),(1),1,, -1,1,0,1,90,30,7,2021,13:45,1,971,97101,1,1,0,4,CHAUVEL,16.238,-61.52284,13,3,3
202100004404,193Â 886,B01,1,1,1,4,1,0,-1,0,0,-1,2021,55.0,1,2,0,2,4,23,1,,4,ROUTE DU PESAGE,0,,2,2,0,2,(1),(1),3,, -1,1,0,1,50,6,12,2021,14:45,1,75,75112,2,1,0,2,ROUTE DU PESAGE,48.818937,2.443604,14,4,2
202100023632,159Â 379,A01,1,1,1,5,2,-1,-1,0,0,-1,2021,47.0,1,6,0,0,7,0,1,,3,782,0,D,2,2,0,1,46,900,1,, -1,1,0,1,80,10,8,2021,21:50,2,56,56081,1,1,0,7,Loge Brillec,48.034277,-3.620033,21,1,1
202100014195,176Â 321,A01,1,1,2,5,1,0,-1,0,0,-1,2021,25.0,2,2,0,2,1,12,1,,4,PORTE D AUBERVILLIERS,0,,1,4,0,1,23,800,1,, -1,1,0,1,70,9,10,2021,20:00,2,75,75118,2,1,0,4,PORTE D AUBERVILLIERS,48.900802,2.369807,20,3,3