Num_Acc,id_vehicule,num_veh,place,catu,sexe,trajet,secu1,secu2,secu3,locp,actp,etatp,year_acc,victim_age,senc,catv,obs,obsm,choc,manv,motor,occutc,catr,voie,v1,v2,circ,nbv,vosp,prof,pr,pr1,plan,lartpc,larrout,surf,infra,situ,vma,jour,mois,an,hrmn,lum,dep,com,agg_,int,atm,col,adr,lat,long,hour,nb_victim,nb_vehicules
202100036338,136Â 742,A01,10,3,2,9,0,-1,-1,1,3,1,2021,4.0,2,2,0,1,7,1,1,,4,,-1,,2,2,0,1,(1),(1),1,,4,1,0,1,50,5,6,2021,20:30,1,45,45278,2,1,0,6,34 Rue du District,47.820816,2.838534,20,2,1
202100039650,130Â 718,A01,1,1,1,5,1,-1,-1,0,0,-1,2021,54.0,2,2,6,0,1,1,1,,3,,0,,2,2,0,1,54,980,1,, -1,2,0,3,80,16,5,2021,20:30,2,85,85095,1,1,1,6,Le Petit Bois,46.865157,-1.777886,20,1,1
202100051299,109Â 979,B01,1,1,1,0,2,0,-1,-1, -1,-1,2021,24.0,3,1,0,2,1,2,1,,4,SAINT ANTOINE (AVENUE DE),0,,2,2,0,1,(1),(1),1,, -1,2,0,1,50,16,2,2021,13:55,1,13,13215,2,9,1,1,SAINT ANTOINE (AVENUE DE),43.3772609817,5.3564921021,13,2,2
202100004628,193Â 494,A01,2,2,1,5,1,0,-1,-1, -1,-1,2021,10.0,1,2,0,2,1,2,1,,1,A12 W,0,,3,2,0,3,5,740,1,, -1,2,0,1,90,5,12,2021,19:50,3,78,78545,1,1,1,2,A12 W,48.80364,2.04898,19,4,2
202100014061,176Â 562,A01,1,1,1,4,1,-1,-1,0,0,-1,2021,38.0,2,4,16,0,7,1,1,,1,39,-1,,1,2,0,1,133,500,2,, -1,1,0,3,90,11,10,2021,14:00,1,1,1038,1,1,0,7,A39 - PK 133.500,46.345621,5.286338,14,1,1
202100014297,176Â 146,A01,2,2,2,0,1,0,-1,-1, -1,-1,2021,22.0,1,2,9,0,3,16,1,,2,RN 118,0,,1,2,0,1,9,390,3,, -1,1,0,1,30,9,10,2021,08:45,1,91,91534,1,1,0,7,RN 118,48.7157,2.1727,8,2,1
202100031456,145Â 520,B01,9,2,2,0,1,-1,-1,0,0,-1,2021,84.0,2,2,0,2,1,1,1,,3,403,-1,,2,2,0,1,(1),(1),1,, -1,1,0,1,80,1,7,2021,18:00,1,59,59641,2,1,0,1,Rue du Canal,50.984066,2.486429,18,4,2
202100001003,199Â 971,A01,10,3,1,0,0,-1,-1,4,3,1,2021,16.0,1,5,0,1,1,15,1,,7,METZ (ROUTE DE),0,,2,2,0,1,(1),(1),1,, -1,1,0,1,50,14,12,2021,17:15,5,54,54357,2,3,0,6,METZ (ROUTE DE),48.7074762663,6.1666812301,17,2,1
202100044849,121Â 551,A01,10,3,1,9,8,8,-1,2,3,1,2021,13.0,3,2,0,1,3,26,1,,3,SEVIGNE (AVENUE DE),0,,2,2,0,2,0,1,1,, -1,1,0,1,50,7,4,2021,17:25,1,93,93014,2,1,0,6,SEVIGNE (AVENUE DE),48.912895958,2.5443308906,17,2,1
202100037974,133Â 784,A01,1,1,1,9,8,-1,-1,0,0,-1,2021,21.0,0,0,0,2,1,1,3,,4,RUE D ELA RIVIERE DE CASSIS,0,,-1,2,0,1,(1),(1),1,, -1,1,0,1,50,21,5,2021,18:36,1,80,80021,2,2,0,1,RUE D ELA RIVIERE DE CASSIS,49.91283,2.29901,18,2,2
202100056359,101Â 162,A01,1,1,1,3,2,-1,-1,0,0,-1,2021,19.0,2,1,0,2,7,15,1,,3,909,-1,,2,2,3,1,13,57,1,, -1,1,5,1,90,4,1,2021,18:30,3,34,34224,1,2,0,3,D909,43.451704,3.208737,18,2,2
202100026212,154Â 845,A01,2,2,1,5,1,-1,-1,0,0,-1,2021,19.0,0,2,2,0,1,1,1,,3,102,0,D,2,2,0,1,5,120,2,, -1,1,0,1,80,31,7,2021,22:40,3,27,27597,1,1,0,6,D102,49.383847,0.374254,22,2,1
202100027249,153Â 011,A01,1,1,1,5,2,-1,-1,0,0,-1,2021,45.0,1,1,8,0,0,1,5,,3,7,0,,2,2,0,1,63,710,3,, -1,9,5,3,70,24,7,2021,09:20,1,83,83148,1,6,0,6,Dn7,43.403442,6.39297,9,1,1
202100055642,102Â 393,A01,1,1,2,1,1,-1,-1,0,0,-1,2021,43.0,1,2,16,0,9,1,1,,3,59,-1,,2,2,0,2,7,400,2,, -1,1,0,1,80,11,1,2021,12:35,1,50,50492,1,1,0,7,route de saint jean,49.088869,-0.962141,12,1,1
202100027081,153Â 313,C01,2,2,1,5,1,0,-1,0,0,-1,2021,28.0,1,2,0,2,3,2,1,,4,PORTE DE CHAMPERRET,0,,1,4,0,1,17,500,1,, -1,1,1,1,70,24,7,2021,15:45,1,75,75117,2,1,0,4,PORTE DE CHAMPERRET,48.887035,2.29029,15,4,3
202100030824,146Â 668,A01,2,2,1,0,1,0,-1,-1, -1,-1,2021,24.0,1,2,0,2,1,9,1,,3,GAMBETTA BD,0,,1,2,0,1,18,684,1,, -1,1,5,1,50,4,7,2021,00:40,5,78,78498,2,2,0,6,GAMBETTA BD,48.934073,2.040767,0,3,2
202100051243,110Â 088,A01,1,1,1,5,2,6,-1,0,0,-1,2021,86.0,1,1,15,0,1,1,1,,3,D8,-1,,2,1,0,1,24,0,3,, -1,1,2,3,80,17,2,2021,14:04,1,68,68287,1,1,0,6,D8,47.967947,7.331797,14,1,1
202100019097,167Â 502,A01,1,1,2,5,1,0,-1,-1, -1,-1,2021,32.0,1,2,0,0,4,1,1,,1,A507 sens Marseille - Aubagne,0,,1,3,0,1,8,449,1,, -1,1,1,1,70,14,9,2021,18:20,1,13,13055,1,1,0,2,A507 sens Marseille - Aubagne,43.33,5.39,18,2,2
202100011464,181Â 231,A01,1,1,1,5,2,-1,-1,0,0,-1,2021,57.0,1,1,16,0,7,1,1,,3,432,-1,,2,2,0,1,(1),(1),3,, -1,1,5,1,50,23,10,2021,14:30,1,68,68138,2,9,0,7,Rue de Lattre de Tassigny,47.587623278,7.2543755919,14,1,1
202100036400,136Â 637,A01,10,3,1,2,0,-1,-1,2,5,1,2021,10.0,2,2,0,1,3,1,1,,4,TOURASSE,0,,2,2,0,1,0,0,1,, -1,1,0,1,30,3,6,2021,08:25,1,64,64445,2,1,0,6,TOURASSE,43.3089910458,-0.3430303931,8,2,1
202100011892,180Â 469,A01,1,1,1,0,1,-1,-1,0,0,-1,2021,58.0,1,2,3,0,3,12,1,,1,10,0,A,2,3,0,3,158,850,1,,10,2,8,1,50,20,10,2021,23:45,3,41,41223,1,9,1,6,autoroute A10 PK 158+830,47.617251,1.215459,23,1,1
202100011998,180Â 267,A01,1,1,1,0,2,6,-1,-1, -1,-1,2021,50.0,1,1,0,2,1,9,1,,3,D 616,0,,1,1,1,1,0,15,1,, -1,1,0,1,50,20,10,2021,07:45,2,66,66136,1,3,0,3,D 616,42.71083,2.87473,7,2,2
202100022171,162Â 015,B01,1,1,1,5,2,6,-1,0,0,-1,2021,22.0,1,1,0,0,8,15,1,,3,123,0,,2,2,0,2,0,830,1,, -1,1,0,1,80,14,8,2021,15:30,1,53,53031,1,1,0,3,D123,48.228418,-0.779603,15,2,2
202100033217,142Â 388,A01,1,1,2,5,2,0,-1,0,0,-1,2021,75.0,1,1,12,0,2,14,5,,4,PLACE DE LA CONCORDE,0,,2,8,1,1,(1),(1),1,, -1,1,0,5,50,15,6,2021,12:11,1,75,75108,2,7,0,6,PLACE DE LA CONCORDE,48.864143,2.3204,12,1,1
202100020375,165Â 217,A01,2,2,1,5,1,-1,-1,0,0,-1,2021,18.0,2,2,3,0,1,1,1,,1,10,-1,,3,3,0,1,174,120,1,,14,1,0,2,130,8,9,2021,00:30,3,37,37010,1,1,0,6,A10,47.5430235753,0.978110075,0,3,1
202100016232,172Â 623,B01,1,1,1,9,2,0,-1,-1, -1,-1,2021,19.0,3,1,0,2,1,1,5,,4,VICAIRE (RUE GABRIEL),0,,1,1,1,2,(1),(1),1,, -1,1,9,1,50,28,9,2021,17:35,1,1,1053,2,4,0,6,VICAIRE (RUE GABRIEL),46.20793,5.22375,17,2,2
202100013570,177Â 465,A01,1,1,1,0,1,-1,-1,0,0,-1,2021,22.0,0,2,0,2,1,1,1,,4,EDMOND ROSTAND (RUE),0,,2,2,0,1,(1),(1),1,, -1,1,0,1,50,26,5,2021,16:41,1,80,80021,2,1,0,2,EDMOND ROSTAND (RUE),49.87358,2.32553,16,2,2
202100003636,195Â 250,A01,1,1,1,1,1,-1,-1,-1, -1,-1,2021,53.0,1,2,0,0,4,1,1,,3,CHAMPAGNE (AVENUE),0,,1,2,0,1,24,400,1,, -1,2,0,1,70,10,12,2021,13:30,1,51,51454,2,6,0,2,Avenue de Champagne,49.21358,4.01557,13,2,2
202100037519,134Â 602,A01,9,2,1,0,1,-1,-1,0,0,-1,2021,30.0,2,2,7,0,8,1,1,,3,144,0,A,2,2,0,1,0,0,1,, -1,1,0,1,-1,30,5,2021,18:45,1,77,77192,1,2,0,3,d144,48.679018,2.835138,18,5,2
202100009398,184Â 901,A01,1,1,2,2,1,0,-1,-1, -1,-1,2021,19.0,1,2,0,2,1,13,1,,3,MONTAGNE (ROUTE DE LA),0,,2,2,0,2,(1),(1),3,, -1,1,0,1,50,4,11,2021,09:00,1,974,97411,1,1,0,3,MONTAGNE (ROUTE DE LA),-20.885250931,55.4429554939,9,2,2
202100009348,184Â 998,A01,10,3,1,3,0,-1,-1,1,1,1,2021,15.0,1,2,0,1,2,1,1,,3,309,-1,,2,1,0,2,(1),(1),2,, -1,1,0,1,80,5,11,2021,17:30,1,14,14726,1,1,0,6,Rue de Saint Quentin,48.813901,-0.749602,17,3,1
202100032421,143Â 823,A01,1,1,1,1,2,6,-1,-1, -1,-1,2021,50.0,1,1,0,0,0,2,1,,1,A55-Sens Marseille vers Martigues,0,,1,2,0,1,2,49,1,, -1,1,1,1,50,24,6,2021,15:10,1,13,13202,2,1,0,6,A55-Sens Marseille vers Martigues,43.316664,5.36441,15,1,1
202100034381,140Â 284,B01,1,1,1,5,0,-1,-1,0,0,-1,2021,63.0,1,1,0,2,8,2,6,,3,D 752,-1,,2,2,2,1,2,0,1,, -1,1,2,1,70,15,6,2021,16:30,1,44,44213,1,9,0,3,pont de varades D 752 PR 002.000,47.36991,-1.015876,16,2,2
202100008842,185Â 936,A01,1,1,1,9,2,0,-1,0,0,-1,2021,37.0,1,1,0,2,1,15,1,,4,RUE RAMEY,0,,1,1,0,3,(1),(1),2,, -1,1,5,1,30,8,11,2021,12:35,1,75,75118,2,2,0,3,RUE RAMEY,48.89076,2.34541,12,3,2
202100038074,133Â 603,A01,1,1,1,1,2,6,-1,0,0,-1,2021,42.0,1,1,0,6,1,1,1,,3,618,0,,2,2,0,1,9,700,1,, -1,1,0,1,80,27,5,2021,20:40,2,54,54514,1,1,0,6,D618,49.504076,5.629835,20,1,1
202100024573,157Â 736,A01,2,2,1,5,1,0,-1,-1, -1,-1,2021,51.0,1,2,0,2,2,1,1,,1,A7-Sens Lyon vers Marseille,0,,-1,3,0,2,276,0,1,, -1,1,0,1,90,7,8,2021,00:39,3,13,13215,1,1,0,2,A7-Sens Lyon vers Marseille,43.3494362275,5.3693138366,0,3,2
202100001700,198Â 749,A01,10,3,1,0,0,-1,-1,2,3,2,2021,16.0,2,5,0,1,2,17,1,,4,PONTREAU (RUE DU),0,,2,2,0,1,(1),(1),1,, -1,1,0,1,50,21,12,2021,17:55,5,86,86194,2,1,0,6,Rue du Pontreau,46.568061,0.355765,17,3,1
202100021431,163Â 337,A01,1,1,1,0,8,0,-1,-1, -1,-1,2021,37.0,3,1,0,2,1,2,5,,4,GENESLAY FELIX (AV) NÂ° PAIRS 288 ET plus,0,,3,4,0,1,0,0,1,, -1,1,0,1,50,1,9,2021,14:40,1,72,72181,2,1,0,2,GENESLAY FELIX (AV) NÂ° PAIRS 288 ET plus,47.969525,0.204203,14,2,2
202100002190,197Â 878,A01,9,2,1,5,1,-1,-1,0,0,-1,2021,10.0,1,2,0,2,2,15,1,,3,13,0,,2,2,0,4,9,700,1,, -1,1,0,1,70,21,12,2021,13:30,1,2,2511,1,2,0,3,D13,49.900922,3.458143,13,5,2
202100037417,134Â 781,B01,1,1,1,0,2,0,-1,-1, -1,-1,2021,37.0,1,1,0,2,3,1,5,,4,CHEMIN DU CANNEBAS,0,,2,2,0,2,0,0,2,, -1,1,0,1,50,29,5,2021,17:00,1,83,83034,2,1,0,1,CHEMIN DU CANNEBAS,43.0909511629,6.060566553,17,2,2
202100036535,136Â 408,B01,1,1,1,5,0,-1,-1,0,0,-1,2021,29.0,2,2,0,0,2,1,1,,2,3,0,,2,2,0,1,61,425,2,, -1,1,0,3,50,5,6,2021,07:30,1,988,98808,1,1,0,7,Ãcole de Wani,-21.318899,165.572955,7,2,1
202100037899,133Â 920,A01,1,1,1,5,1,-1,-1,0,0,-1,2021,29.0,1,2,0,0,3,14,1,,3,D29E1,0,A,2,2,0,2,1,650,2,, -1,1,0,3,80,28,5,2021,21:10,1,39,39470,1,1,0,7,,46.486834,6.079692,21,2,1
202100009284,185Â 105,A01,10,3,2,5,0,-1,-1,2,3,2,2021,10.0,1,1,0,1,2,1,5,,4,BOULEVARD MACDONALD,0,,1,1,1,1,(1),(1),1,, -1,1,-1,5,30,5,11,2021,13:30,1,75,75119,2,1,0,6,BOULEVARD MACDONALD,48.898899,2.380959,13,2,1
202100035775,137Â 761,B01,2,2,1,0,2,0,-1,-1, -1,-1,2021,25.0,3,1,0,2,1,2,1,,4,ETHIS RUE MARCEL,0,,2,2,0,1,0,0,1,, -1,1,0,1,50,7,6,2021,16:00,1,93,93063,2,1,0,4,Rue Etienne Marcel,48.877591,2.443758,16,4,3
202100035342,138Â 535,A01,1,1,2,1,1,8,-1,-1, -1,-1,2021,32.0,1,2,0,2,4,1,1,,4,MOULIN JEAN (AVE) NR 10 A 20 ET  13 A 17,0,,2,3,0,1,0,1,1,, -1,1,0,1,50,9,6,2021,17:05,1,93,93066,2,1,0,2,10-20 Avenue Jean Moulin,48.941418,2.364679,17,2,2
202100031584,145Â 297,B01,2,2,2,0,2,0,-1,0,0,-1,2021,33.0,2,1,0,2,1,1,1,,7,NICE AVENUE DE (RN7),0,,2,2,0,1,(1),(1),1,, -1,1,0,1,50,30,6,2021,08:00,1,6,6027,2,2,0,3,NICE AVENUE DE (RN7),43.6596,7.169588,8,3,2
202100031555,145Â 354,A01,1,1,1,1,2,6,-1,-1, -1,-1,2021,41.0,1,1,0,2,9,3,1,,1,A4,0,,1,3,0,1,4,699,2,, -1,1,0,1,90,1,7,2021,13:00,1,94,94069,1,1,0,6,A4,48.81694,2.45394,13,2,2
202100026994,153Â 461,B01,1,1,1,5,2,6,9,0,0,-1,2021,58.0,1,1,0,2,1,1,1,,2,83,0,R,2,3,3,1,20,318,1,, -1,1,0,1,80,27,7,2021,10:43,1,25,25103,1,3,0,3,intersction RN83 D110,47.160453,5.951929,10,2,2
202100025317,156Â 403,B01,3,2,1,0,1,0,-1,-1, -1,-1,2021,1.0,1,2,0,2,3,1,1,,3,ROCADE SUD RD 6161,0,,2,2,0,1,(1),(1),1,, -1,1,0,1,70,9,8,2021,15:30,1,11,11069,2,1,0,3,ROCADE SUD RD 6161,43.2035,2.3792,15,3,2
202100021100,163Â 940,B01,1,1,1,1,2,0,-1,0,0,-1,2021,57.0,1,1,0,2,0,1,5,,4,BOULEVARD DE SEBASTOPOL,0,,1,5,1,1,(1),(1),1,, -1,1,0,5,30,3,9,2021,18:45,1,75,75102,2,2,0,3,BOULEVARD DE SEBASTOPOL,48.867893,2.353457,18,2,2
202100032639,143Â 423,A01,1,1,2,5,1,8,-1,-1, -1,-1,2021,74.0,1,2,14,0,1,26,1,,3,ROUTE DEPARTEMENTALE 14,0,,1,1,0,1,0,9,1,, -1,1,0,8,50,22,6,2021,19:28,3,972,97213,1,1,0,6,ROUTE DEPARTEMENTALE 14,14.6194820589,-61.0219448805,19,2,1
202100025759,155Â 640,A01,1,1,2,5,1,0,-1,0,0,-1,2021,89.0,1,2,2,0,2,1,1,,3,VALSERRES ( RUE DE ),0,,2,2,0,1,2,176,2,, -1,1,0,3,80,1,8,2021,16:24,1,5,5061,1,1,0,6,VALSERRES ( RUE DE ),44.54527,6.08703,16,1,1
202100045147,121Â 033,A01,1,1,2,9,0,0,-1,-1, -1,-1,2021,46.0,3,1,0,2,1,1,5,,4,AV BEAUREPAIRE,0,,2,2,0,1,1,0,1,, -1,1,0,1,30,4,4,2021,17:15,1,94,94068,2,2,0,3,Avenue Beaurepaire,48.791793,2.474073,17,2,2
202100045913,119Â 687,A01,1,1,1,4,2,-1,-1,-1, -1,-1,2021,28.0,2,1,14,0,0,0,1,,4,GRANGES (DES)                       (R ),0,,1,1,0,1,(1),(1),1,, -1,1,9,1,50,29,3,2021,20:50,5,69,69385,2,1,0,7,GRANGES (DES) (R),45.75489,4.8012,20,1,1
202100042725,125Â 265,A01,10,3,1,5,8,8,-1,2,3,1,2021,60.0,1,2,0,1,5,4,1,,3,MARECHAL JOFFRE (BD DU) (43 A 97 - 58 A,0,,1,2,0,4,0,0,1,, -1,1,0,1,50,23,4,2021,18:20,1,92,92014,2,1,0,6,MARECHAL JOFFRE (BD DU) (43 A 97 - 58 A,48.7813191825,2.3142260313,18,2,1
202100052809,107Â 328,A01,1,1,2,1,1,0,-1,-1, -1,-1,2021,23.0,1,2,1,2,2,1,1,,3,TASSIGNY(AVE DU MARECHAL DE LATTRE DE),0,,1,0,0,1,1,0,1,, -1,1,0,1,50,1,2,2021,14:50,1,94,94028,2,1,0,6,TASSIGNY(AVE DU MARECHAL DE LATTRE DE),48.8008,2.45045,14,1,1
202100042210,126Â 175,B01,1,1,1,9,8,0,-1,0,0,-1,2021,31.0,2,1,0,2,2,1,5,,4,BOULEVARD BARBES,0,,1,4,1,2,(1),(1),1,, -1,1,0,5,50,28,4,2021,20:20,1,75,75118,2,2,0,3,BOULEVARD BARBES,48.885561,2.34953,20,2,2
202100029605,148Â 867,B01,1,1,1,0,2,0,-1,-1, -1,-1,2021,28.0,1,1,0,2,1,1,0,,4,MICHELET (BOULEVARD),0,,2,4,0,1,0,0,1,, -1,1,0,1,50,10,7,2021,21:40,3,13,13208,2,1,0,3,MICHELET (BOULEVARD),43.2613290316,5.3976323406,21,5,2
202100005819,191Â 392,B01,1,1,1,1,1,-1,-1,0,0,-1,2021,44.0,2,2,0,2,1,1,1,,7,952,-1,,2,2,0,1,26,160,1,, -1,1,0,1,50,16,11,2021,12:50,1,37,37203,2,1,0,1,91 Quai de la Loire,47.4102899751,0.7764869457,12,2,2
202100051494,109Â 663,A01,1,1,1,5,0,-1,-1,0,0,-1,2021,17.0,2,1,2,0,1,11,5,,3,14,-1,,2,2,0,2,3,670,1,, -1,1,0,3,50,15,2,2021,15:10,1,9,9185,2,2,0,6,Av du Mal de Lattre de Tassigny,43.253801,1.680932,15,1,1
202100043374,124Â 136,A01,1,1,1,5,2,6,-1,-1, -1,-1,2021,60.0,1,1,0,2,1,1,1,,3,912,0,,2,2,0,1,0,0,1,, -1,1,0,1,50,19,4,2021,14:40,1,92,92024,2,3,0,3,VICTOR HUGO (BD),48.8999045499,2.3144620657,14,2,2
202100051755,109Â 190,A01,1,1,1,5,0,-1,-1,0,0,-1,2021,26.0,3,2,8,0,7,13,1,,4,RM12,0,,2,2,0,1,(1),(1),1,, -1,1,0,3,90,13,2,2021,03:16,3,988,98815,1,3,0,6,"tribu de la Roche- RM12, sens RAWA-LA ROCHE",-21.48098,168.013793,3,1,1
202100056338,101Â 197,A01,1,1,1,5,2,6,-1,-1,0,-1,2021,24.0,3,1,0,2,1,17,1,,7,ROUTE DEPARTEMENTALE 945,0,,2,2,0,1,(1),(1),1,, -1,1,0,1,70,3,1,2021,15:55,1,59,59143,1,1,0,1,ROUTE DEPARTEMENTALE 945,50.663543,2.904472,15,6,2
202100023363,159Â 856,A01,10,3,1,5,0,-1,-1,1,3,1,2021,12.0,2,2,0,1,2,1,1,,4,,-1,,2,2,0,1,(1),(1),1,,"5,5",1,0,1,50,20,8,2021,14:00,1,37,37156,2,1,0,6,65 Rue Georges Courteline,47.3926261438,0.8063003478,14,2,1
202100002410,197Â 472,A01,10,3,1,2,0,-1,-1,2,3,1,2021,16.0,2,3,0,1,2,1,1,1.0,4,GAMBETTA (RUE) DU NÂ°1 AU 57 ET DU NÂ° 2 A,0,,2,3,3,1,(1),(1),1,, -1,1,0,6,30,17,12,2021,14:15,1,51,51454,2,1,0,7,Rue Gambetta,49.2493667642,4.0367969871,14,2,1
202100041007,128Â 319,A01,1,1,1,5,1,-1,-1,0,0,-1,2021,38.0,3,2,6,0,3,1,1,,4,,-1,,2,2,0,1,(1),(1),3,,4,1,0,4,50,8,5,2021,04:00,4,85,85076,2,1,0,6,9 Rue du Haut Fradet,47.066293,-1.239953,4,1,1
202100025839,155Â 501,B01,1,1,1,1,1,0,-1,-1, -1,-1,2021,27.0,2,5,0,2,1,2,1,,1,A51-Sens Aix en Provence vers Marseille,0,,1,3,0,1,1,970,1,, -1,1,0,1,90,3,8,2021,19:40,1,13,13106,1,1,0,4,A51-Sens Aix en Provence vers Marseille,43.404106974,5.3582724374,19,4,2
202100007300,188Â 698,A01,10,3,1,0,0,-1,-1,1,3,-1,2021,54.0,1,2,0,1,2,1,0,,4,ALBERT EINSTEIN (RUE),0,,2,2,0,1,0,0,1,, -1,1,0,1,50,19,11,2021,16:30,1,13,13213,2,1,0,6,ALBERT EINSTEIN (RUE),43.3392519885,5.4394066846,16,2,1
202100042640,125Â 409,B01,1,1,1,5,2,-1,-1,0,0,-1,2021,69.0,2,1,0,2,3,1,5,,3,D918,-1,,-1,1,0,1,13,900,2,, -1,1,5,1,50,25,4,2021,10:06,1,64,64495,2,6,0,3,D918,43.351295,-1.54948,10,2,2
202100021739,162Â 775,B01,1,1,1,0,1,0,-1,-1, -1,-1,2021,39.0,1,2,0,2,1,2,1,,1,AUTOROUTE A86,0,,1,2,0,1,51,630,1,, -1,1,1,1,70,31,8,2021,07:00,2,94,94034,1,1,0,4,AUTOROUTE A86,48.76053,2.31962,7,3,3
202100008160,187Â 135,A01,1,1,2,0,0,-1,-1,0,0,-1,2021,16.0,1,1,9,0,0,1,1,,3,4,0,D,2,2,0,1,25,430,1,, -1,2,0,4,50,14,11,2021,14:50,1,38,38425,2,1,1,7,rue sacco et vanzetti,45.379493,4.791343,14,1,1
202100037033,135Â 505,A01,1,1,2,5,1,0,-1,0,0,-1,2021,46.0,2,2,8,0,1,26,1,,4,CIMETIERE MONTEE DU,0,,2,2,0,2,(1),(1),1,, -1,1,0,3,50,31,5,2021,16:05,1,6,6027,2,9,0,6,CIMETIERE MONTEE DU,43.669979,7.145312,16,1,1
202100002653,197Â 041,A01,10,3,1,2,0,-1,-1,4,3,1,2021,22.0,3,2,0,1,2,17,1,,4,BRANDEBOURG (BD DE),0,,2,2,0,1,0,0,1,, -1,1,0,1,50,15,12,2021,08:50,1,94,94041,2,2,0,3,BRANDEBOURG (BD DE),48.81446,2.3946,8,2,1
202100049890,112Â 562,A01,10,3,2,3,0,-1,-1,3,3,1,2021,87.0,1,5,0,1,2,1,1,,4,LE GORGEU (SANS NÂ° ENTRE RUE KERGOAT ET,0,,-1,4,0,1,(1),(1),1,, -1,1,5,1,30,27,2,2021,08:00,2,29,29019,2,6,0,6,Avenue Victor le Gorgeu,48.40173,-4.5021,8,2,1
202100032641,143Â 421,A01,10,3,2,3,0,-1,-1,4,3,1,2021,96.0,1,1,0,1,3,1,3,,4,BELLECOUR                           (PL),0,,1,1,3,1,(1),(1),1,, -1,1,0,5,50,23,6,2021,10:25,1,69,69382,2,7,0,6,BELLECOUR (PL),45.7582,4.8332,10,2,1
202100007140,189Â 008,A01,1,1,1,1,2,0,-1,-1, -1,-1,2021,38.0,1,1,0,0,1,2,1,,4,UNIVERSITE CHICAGO (RUE DE),0,,2,2,0,1,(1),(1),3,, -1,1,0,1,50,16,11,2021,13:30,1,973,97302,2,1,0,6,UNIVERSITE CHICAGO (RUE DE),4.93337,-52.29921,13,2,2
202100030993,146Â 334,B01,1,1,2,9,2,6,-1,-1, -1,-1,2021,17.0,1,1,0,2,9,1,1,,3,ROUSSEAU JEAN JACQUES (ROND POINT),0,,2,2,0,4,(1),(1),1,, -1,2,5,1,50,29,6,2021,08:25,1,73,73065,2,6,1,3,ROUSSEAU JEAN JACQUES (ROND POINT) / D912,45.56333,5.92832,8,2,2
202100038768,132Â 318,A01,1,1,1,0,8,0,-1,-1, -1,-1,2021,30.0,1,1,2,0,1,1,1,,4,CHOMEDEY DE MAISONNEUVE (AVE),0,,1,0,0,1,(1),(1),1,, -1,2,5,8,50,22,5,2021,02:30,5,10,10387,2,6,0,7,CHOMEDEY DE MAISONNEUVE (AVE),48.30851,4.06889,2,1,1
202100056363,101Â 156,A01,1,1,1,0,0,-1,-1,0,0,-1,2021,39.0,0,2,2,0,2,1,1,,3,3104,0,D,2,2,0,2,0,0,3,, -1,2,0,4,50,2,1,2021,15:30,1,7,7110,2,1,0,6,Avenue Plan-bernard,44.479886,4.233957,15,1,1
202100056511,100Â 893,A01,1,1,1,5,2,6,-1,0,0,-1,2021,53.0,1,1,0,2,1,2,1,,2,113,-1,,2,2,0,1,37,500,1,, -1,1,0,1,80,1,1,2021,13:30,1,30,30036,1,1,0,2,Route Nationale 113,43.7814,4.294679,13,2,2
202100055586,102Â 499,A01,2,2,2,5,8,-1,-1,0,0,-1,2021,61.0,2,2,13,0,3,1,1,,3,976,0,D,2,2,0,1,53,505,1,, -1,7,0,3,90,10,1,2021,20:50,3,41,41181,1,1,0,7,D976,47.328876,1.267269,20,2,1
202100011256,181Â 611,A01,1,1,1,0,2,6,-1,-1, -1,-1,2021,42.0,1,1,0,2,1,2,1,,3,131,0,,2,4,0,1,0,0,1,, -1,1,0,1,50,24,10,2021,21:00,5,92,92050,2,2,0,2,ARAGO FRANCOIS AVENUE,48.9029242835,2.2281914949,21,4,2
202100028287,151Â 130,A01,10,3,1,0,8,-1,-1,9,9,1,2021,24.0,3,1,14,0,0,26,0,,9,LENINE - MAS DU TAUREAU             (PD),0,,-1,0,3,1,(1),(1),1,, -1,1,6,6,10,18,7,2021,15:45,1,69,69256,2,9,0,6,LENINE - MAS DU TAUREAU (PD),45.7856,4.91049,15,2,1
202100016775,171Â 629,B01,1,1,1,2,2,6,-1,-1, -1,-1,2021,17.0,3,1,0,2,5,16,1,,4,VIGIE (CHEMIN DE LA),0,,2,2,0,1,0,0,2,, -1,1,0,1,80,22,9,2021,13:25,1,974,97411,1,1,0,3,VIGIE (CHEMIN DE LA),-20.88478,55.43391,13,2,2
202100006584,190Â 029,A01,10,3,2,0,0,-1,-1,2,3,1,2021,26.0,2,1,0,1,1,1,5,,4,CARMES (PLACE DES),0,,2,2,0,1,0,0,1,, -1,1,0,1,50,20,11,2021,08:17,1,87,87085,2,1,0,6,CARMES (PLACE DES),45.83001,1.25081,8,2,1
202100055466,102Â 699,B01,1,1,1,1,1,8,-1,-1, -1,-1,2021,39.0,0,2,0,2,1,1,1,,3,481,0,,2,3,0,1,2,847,1,, -1,2,0,1,50,8,1,2021,19:20,5,76,76351,2,1,0,3,Boulevard Jules Durand,49.49391,0.17376,19,3,2
202100043110,124Â 616,A01,1,1,1,5,2,-1,-1,0,0,-1,2021,74.0,2,1,0,2,0,1,5,,4,1,0,,2,2,1,1,(1),(1),1,, -1,1,2,5,50,22,4,2021,13:20,1,33,33519,1,1,0,1,Avenue de Soulac,44.895936,-0.669222,13,2,2