Num_Acc,id_vehicule,num_veh,place,catu,sexe,trajet,secu1,secu2,secu3,locp,actp,etatp,year_acc,victim_age,senc,catv,obs,obsm,choc,manv,motor,occutc,catr,voie,v1,v2,circ,nbv,vosp,prof,pr,pr1,plan,lartpc,larrout,surf,infra,situ,vma,jour,mois,an,hrmn,lum,dep,com,agg_,int,atm,col,adr,lat,long,hour,nb_victim,nb_vehicules
202100029758,148Â 594,B01,1,1,1,3,2,0,-1,-1, -1,-1,2021,34.0,1,1,0,2,1,1,1,,4,EUROPE (AVENUE DE L'),0,,2,2,0,2,0,1,2,, -1,2,0,1,50,8,7,2021,13:20,1,74,74298,2,1,1,3,EUROPE (AVENUE DE L'),46.17636,6.24305,13,2,2
202100056372,101Â 138,A01,1,1,1,2,2,-1,-1,0,0,-1,2021,17.0,1,1,0,2,1,1,1,,3,988,-1,,2,2,0,1,18,900,3,, -1,2,0,1,50,4,1,2021,08:05,2,91,91338,2,1,1,1,Rue d'Orsay,48.651767,2.074313,8,2,2
202100012428,179Â 492,B01,1,1,2,3,2,0,-1,-1, -1,-1,2021,52.0,2,0,0,2,1,19,3,,3,PASSICOT JEAN MARTIN (BD DU COMMANDANT),0,,1,2,0,1,26,495,2,, -1,1,0,1,50,18,10,2021,12:40,1,64,64483,2,6,0,3,PASSICOT JEAN MARTIN (BD DU COMMANDANT),43.38598,-1.66213,12,2,2
202100039147,131Â 650,A01,1,1,1,4,8,0,-1,0,0,-1,2021,32.0,1,1,0,2,0,13,5,,4,RUE DE LILLE,0,,1,1,0,1,(1),(1),1,, -1,1,0,1,50,20,5,2021,14:30,1,75,75107,2,2,0,1,RUE DE LILLE,48.860045,2.324575,14,2,2
202100026429,154Â 456,A01,1,1,2,9,1,-1,-1,-1, -1,-1,2021,26.0,1,2,1,0,1,14,1,,4,FAVORITE (DE LA )                   (R ),0,,2,2,0,1,(1),(1),1,, -1,1,0,4,50,28,7,2021,12:00,1,69,69385,2,1,0,6,FAVORITE (DE LA ) (R),45.75711,4.8097,12,1,1
202100023918,158Â 880,B01,1,1,1,5,1,0,-1,-1, -1,-1,2021,32.0,3,2,0,2,2,9,1,,3,JOFFRE (AVENUE),0,,2,2,0,1,0,0,1,, -1,1,0,1,50,16,8,2021,09:20,1,93,93033,2,3,0,3,JOFFRE (AVENUE),48.8622,2.57861,9,2,2
202100040693,128Â 887,A01,1,1,1,5,2,6,-1,0,0,-1,2021,54.0,0,1,0,2,3,1,1,,3,570,0,D,2,1,0,1,23,800,1,, -1,1,0,1,80,7,5,2021,17:30,1,13,13096,1,1,0,6,D570,43.558283,4.41689,17,2,2
202100007743,187Â 917,B01,1,1,2,9,2,0,-1,0,0,-1,2021,28.0,2,1,0,2,4,1,3,,4,PONT D AUSTERLITZ,0,,2,5,3,1,(1),(1),1,, -1,1,-1,6,30,16,11,2021,13:00,1,75,75112,2,2,0,3,PONT D AUSTERLITZ,48.845822,2.367658,13,2,2
202100005045,192Â 768,A01,10,3,2,5,0,-1,-1,3,3,1,2021,35.0,3,2,0,1,2,1,1,,4,GAULLE  (AVENUE CHARLES DE),0,,2,2,0,1,0,0,2,, -1,2,0,1,30,1,12,2021,18:00,5,77,77445,2,3,1,6,GAULLE  (AVENUE CHARLES DE),48.60189,2.57044,18,2,1
202100011940,180Â 383,A01,1,1,1,1,1,0,-1,-1, -1,-1,2021,33.0,1,5,0,2,4,2,1,,1,A51-Sens Marseille vers Aix en Provence,0,,1,2,0,2,6,0,2,, -1,2,0,1,70,21,10,2021,08:08,1,13,13015,1,1,1,2,A51-Sens Marseille vers Aix en Provence,43.43457,5.39556,8,2,2
202100052633,107Â 647,A01,1,1,1,4,1,-1,-1,0,0,-1,2021,55.0,0,4,0,2,1,1,1,,3,D134,-1,,2,2,0,1,(1),(1),1,, -1,1,8,1,70,3,2,2021,07:23,2,38,38556,1,2,0,3,Route de la Chapelle,45.382281,4.84128,7,4,2
202100010413,183Â 106,A01,1,1,1,5,2,-1,-1,0,0,-1,2021,17.0,0,1,3,0,3,13,1,,3,104,0,,2,2,0,1,0,260,1,, -1,2,0,3,80,29,10,2021,23:50,3,7,7181,1,1,1,7,D104,44.756036,4.765052,23,1,1
202100038057,133Â 636,A01,10,3,1,2,0,-1,-1,3,3,1,2021,12.0,2,2,0,1,3,2,1,,4,HENRI BARBUSSE (AVE) NÂ°126-280,0,,2,2,0,1,0,0,1,, -1,1,0,8,50,27,5,2021,08:15,1,93,93029,2,1,0,6,Rue de la RÃ©publique,48.92171,2.44474,8,2,1
202100051009,110Â 493,B01,2,2,2,5,1,0,-1,-1, -1,-1,2021,27.0,1,2,0,2,4,2,1,,2,RN12 EXT,0,,3,4,0,1,31,149,1,, -1,1,0,1,90,19,2,2021,16:30,1,78,78165,1,1,0,2,RN12 EXT,48.799283,1.993594,16,3,2
202100023750,159Â 165,B01,1,1,1,0,8,0,-1,-1, -1,-1,2021,35.0,1,0,1,0,0,0,0,,3,OUTREBON (AVENUE),0,,1,1,0,1,0,1,1,, -1,1,0,1,50,17,8,2021,17:53,1,93,93077,2,1,0,3,Avenue Outrebon,48.888865,2.511053,17,2,2
202100029093,149Â 743,A01,4,2,2,9,1,0,-1,-1, -1,-1,2021,21.0,0,2,6,0,3,1,1,,4,ONZE NOVEMBRE 1918 (RUE DU ),0,,2,2,0,1,(1),(1),1,, -1,1,0,1,50,10,7,2021,02:44,5,80,80489,2,1,0,6,ONZE NOVEMBRE 1918 (RUE DU ),49.869315667,2.3623287678,2,4,1
202100014531,175Â 733,B01,1,1,1,1,2,6,-1,-1, -1,-1,2021,43.0,2,1,0,2,2,3,1,,1,86,0,,3,2,0,1,4,199,1,, -1,1,0,1,90,8,10,2021,06:05,4,92,92025,1,1,0,3,A86,48.9286506492,2.2394569664,6,2,2
202100047879,116Â 160,A01,1,1,1,5,6,2,-1,0,0,-1,2021,60.0,2,1,8,0,1,1,1,,3,18,-1,,2,2,0,1,50,50,1,, -1,1,0,1,50,16,3,2021,19:45,3,33,33179,2,6,0,6,D18,44.986668,-0.261525,19,1,1
202100008547,186Â 460,A01,1,1,2,5,1,-1,-1,0,0,-1,2021,63.0,2,2,6,2,3,1,1,,3,169,0,,2,2,0,2,(1),(1),3,, -1,1,0,1,50,12,11,2021,14:45,1,52,52072,2,1,0,6,3 Grande Rue,48.155129,5.135583,14,2,2
202100043044,124Â 735,A01,1,1,2,0,1,0,-1,-1, -1,-1,2021,42.0,3,2,0,2,2,1,0,,7,OLIVES (AVENUE DES),0,,2,2,0,1,1,0,1,, -1,1,0,1,50,22,4,2021,08:25,1,13,13213,2,3,0,3,OLIVES (AVENUE DES),43.3290982252,5.4308610409,8,2,2
202100021841,162Â 588,A01,1,1,1,5,2,6,9,0,0,-1,2021,41.0,2,1,0,2,1,1,1,,3,1,-1,D,2,2,0,1,31,500,2,,5,1,0,1,80,31,8,2021,16:30,1,80,80295,1,2,0,3,D1,49.941458,2.68899,16,2,2
202100018117,169Â 233,B01,1,1,1,1,2,-1,-1,-1, -1,-1,2021,27.0,1,1,0,2,3,17,1,,7,GENERAL LECLERC                     (AV),0,,2,2,3,2,0,100,1,, -1,1,0,1,50,18,9,2021,18:00,1,69,69034,2,1,0,3,GENERAL LECLERC (AV),45.799,4.85264,18,2,2
202100052941,107Â 090,A01,10,3,2,0,0,-1,-1,3,3,2,2021,65.0,0,2,0,1,0,1,6,,3,,0,D,2,2,0,1,26,720,1,, -1,1,0,1,50,22,1,2021,07:30,2,60,60581,2,1,0,1,Rue de Beauvais,49.505931,2.431739,7,2,1
202100000117,201Â 544,B01,1,1,2,0,1,0,-1,-1, -1,-1,2021,70.0,0,5,0,0,8,2,1,,4,VACHET (RUE JULIEN),0,,1,1,0,1,(1),(1),1,, -1,1,0,1,50,19,10,2021,11:03,1,42,42184,2,2,0,3,Rue Julien Vachet,46.042741,4.05279,11,2,2
202100020493,165Â 005,A01,10,3,2,5,0,-1,-1,3,5,1,2021,2.0,2,2,0,1,2,1,1,,4,LECLERC (AVENUE DU GENERAL),0,,2,2,0,1,0,0,1,, -1,1,0,1,50,4,9,2021,12:53,1,87,87085,2,1,0,6,LECLERC (AVENUE DU GENERAL),45.84132,1.25819,12,2,1
202100002787,196Â 785,A01,10,3,2,5,0,-1,-1,4,3,1,2021,92.0,2,1,0,1,2,17,1,,4,AVENUE JEAN JAURES,0,,2,2,0,1,(1),(1),1,, -1,1,0,1,30,15,12,2021,17:00,5,75,75119,2,3,0,6,AVENUE JEAN JAURES,48.887232,2.387164,17,2,1
202100011123,181Â 852,A01,10,3,1,0,0,-1,-1,3,3,1,2021,36.0,3,2,0,1,1,1,1,,4,SAUSSET (AVENUE DU),0,,2,2,0,1,0,0,1,, -1,1,6,1,50,25,10,2021,17:10,1,93,93078,1,9,0,1,SAUSSET (AVENUE DU),48.9629,2.5175,17,2,1
202100010840,182Â 350,B01,1,1,2,1,8,8,-1,-1, -1,-1,2021,39.0,1,2,0,2,4,2,1,,2,RN2/043,0,,1,4,3,1,(1),(1),1,, -1,1,0,1,70,25,10,2021,07:35,1,974,97411,1,1,0,2,RN2/043,-20.88654,55.48958,7,2,2
202100007606,188Â 144,A01,1,1,1,0,1,0,-1,0,0,-1,2021,52.0,1,2,1,0,9,1,1,,4,LOBAU (BOULEVARD),0,,2,4,0,1,(1),(1),1,, -1,1,0,1,50,17,11,2021,16:20,1,54,54395,2,1,0,6,LOBAU (BOULEVARD),48.6804,6.1984,16,1,1
202100024341,158Â 164,A01,10,3,1,5,9,-1,-1,6,9,2,2021,23.0,2,1,15,1,0,26,1,,3,914,0,D,2,2,0,2,5,370,4,, -1,2,0,3,90,12,8,2021,15:00,1,23,23245,1,1,1,6,D914,46.1714527667,1.8098902702,15,3,1
202100007133,189Â 019,B01,1,1,2,5,1,0,-1,-1, -1,-1,2021,23.0,1,2,0,2,3,1,1,,4,NICE (RUE DE),0,,1,1,0,1,0,0,1,, -1,1,0,1,50,19,11,2021,05:00,2,974,97411,2,2,0,3,NICE (RUE DE),-20.8732,55.44988,5,2,2
202100004875,193Â 074,A01,1,1,1,1,2,-1,-1,0,0,-1,2021,57.0,3,1,12,2,8,21,1,,2,4,0,N,2,2,0,1,0,366,1,, -1,1,9,1,50,5,12,2021,22:00,5,976,97608,2,1,0,3,Boulevard des crabes,-12.787675,45.264101,22,2,2
202100027900,151Â 839,B01,1,1,1,0,1,0,-1,-1, -1,-1,2021,37.0,1,2,0,2,4,2,1,,4,TIRONNEAU ADRIEN (PL),0,,3,1,0,1,0,0,1,, -1,1,0,1,30,19,7,2021,18:20,1,72,72181,2,1,0,2,TIRONNEAU ADRIEN (PL),47.98299,0.21046,18,2,2
202100043693,123Â 583,A01,1,1,1,5,2,6,-1,0,0,-1,2021,14.0,1,1,0,2,2,1,1,,4,,0,,2,2,0,1,(1),(1),1,, -1,1,0,1,30,17,4,2021,16:05,1,7,7066,2,3,0,1,Rue du Parisien,44.705674,4.657983,16,2,2
202100046650,118Â 380,A01,10,3,2,9,0,-1,-1,2,3,1,2021,59.0,2,1,0,1,1,1,1,,3,FONTAINEBLEAU (AV DE),0,,2,4,0,1,1,0,1,, -1,1,0,1,50,25,3,2021,14:40,1,94,94043,2,1,0,6,FONTAINEBLEAU (AV DE),48.81493,2.36074,14,2,1
202100055675,102Â 339,A01,1,1,1,5,2,6,-1,0,0,-1,2021,45.0,2,1,0,0,0,3,1,,4,PORTE DE LA CHAPELLE,0,,1,4,0,1,23,600,1,, -1,1,0,1,70,9,1,2021,17:45,5,75,75118,2,1,0,7,PORTE DE LA CHAPELLE,48.900844,2.367072,17,1,1
202100021148,163Â 860,A01,1,1,1,5,2,4,6,0,0,-1,2021,49.0,1,1,0,2,4,1,1,,3,129,0,D,2,2,0,1,9,160,4,, -1,1,0,1,80,4,9,2021,14:02,1,26,26308,1,1,0,1,Route de Sainte-Croix,44.831872,5.281792,14,2,2
202100041674,127Â 113,A01,1,1,2,5,1,0,-1,-1, -1,-1,2021,33.0,1,2,2,0,1,1,1,,2,09 PK RN237 MOULIN JUSTICE RE,0,,3,4,0,1,0,750,1,, -1,1,0,8,90,2,5,2021,19:00,1,17,17291,1,1,0,7,09 PK RN237 MOULIN JUSTICE RE,46.17757,-1.12668,19,1,1
202100040760,128Â 754,A01,1,1,2,9,1,0,-1,-1, -1,-1,2021,53.0,1,2,4,0,3,26,1,,3,ROCADE OUEST (RD 610),0,,2,4,0,1,14,900,1,, -1,1,3,1,110,8,5,2021,18:20,1,10,10321,1,1,0,7,ROCADE OUEST (RD 610),48.29088,4.03589,18,1,1
202100038993,131Â 939,A01,10,3,1,0,0,-1,-1,2,3,1,2021,93.0,2,2,0,1,1,9,1,,4,CHANZY ( AV.),0,,1,1,0,1,1,0,1,, -1,1,0,1,30,21,5,2021,14:45,1,93,93057,2,1,0,1,CHANZY ( AV.),48.910456,2.519658,14,3,1
202100052367,108Â 107,A01,1,1,2,0,1,0,-1,-1, -1,-1,2021,23.0,1,2,4,0,1,1,1,,1,AUTOROUTE A103,0,,3,4,0,4,0,899,2,, -1,2,0,1,70,6,2,2021,13:10,1,93,93053,1,1,1,6,AUTOROUTE A103,48.88825,2.47222,13,1,1
202100011400,181Â 343,A01,1,1,1,5,1,0,-1,-1, -1,-1,2021,46.0,1,2,0,0,0,0,1,,7,FRÃDÃRIC MISTRAL (AVENUE),0,,2,4,0,1,(1),(1),1,, -1,1,5,1,50,23,10,2021,00:18,5,13,13213,2,6,0,6,FRÃDÃRIC MISTRAL (AVENUE),43.32333,5.449,0,1,1
202100023536,159Â 569,A01,1,1,1,5,2,6,9,0,0,-1,2021,23.0,2,1,3,0,0,17,1,,3,16,0,D,2,2,0,2,39,700,2,, -1,1,0,1,70,19,8,2021,16:30,1,74,74160,1,9,0,7,3911 Rte du Col de la Croix Fry,45.87144,6.373352,16,1,1
202100038292,133Â 200,A01,1,1,1,1,2,6,-1,0,0,-1,2021,33.0,2,1,0,0,9,1,1,,3,1006,-1,D,2,2,0,1,110,570,1,, -1,1,0,1,70,27,5,2021,07:15,1,73,73248,1,1,0,7,D1006,45.27398,6.362919,7,1,1
202100037888,133Â 939,B01,1,1,1,5,2,-1,-1,0,0,-1,2021,56.0,1,1,0,2,1,13,5,,3,506,-1,,2,2,0,1,0,0,2,, -1,9,2,1,80,29,5,2021,12:25,1,202,202207,1,1,0,1,Aja Rossa,42.446063,9.473047,12,2,2
202100007374,188Â 574,A01,1,1,1,5,1,-1,-1,0,0,-1,2021,23.0,0,2,8,0,2,0,1,,3,D101,0,,2,1,0,1,9,0,1,, -1,2,0,3,80,20,11,2021,07:50,2,60,60137,1,2,1,7,D101,49.435566,2.527671,7,1,1
202100022073,162Â 172,A01,2,2,1,5,1,0,-1,-1, -1,-1,2021,25.0,2,2,0,2,2,1,1,,4,WAZEMMES RUE DE NÂ°63-78 A FIN,0,,2,2,0,1,(1),(1),1,, -1,2,0,1,50,28,8,2021,07:35,2,59,59350,2,3,1,3,WAZEMMES RUE DE NÂ°63-78 A FIN,50.62298,3.05537,7,3,2
202100055255,103Â 056,A01,1,1,1,1,2,9,-1,0,0,-1,2021,45.0,3,1,0,0,0,1,1,,4,AVENUE BEAMONTOIR,-1,,2,2,0,1,(1),(1),1,, -1,2,5,1,50,13,1,2021,09:40,1,95,95351,1,1,1,7,Avenue Beaumontoir,49.056833,2.515612,9,1,1
202100030879,146Â 564,A01,1,1,2,5,2,6,-1,0,0,-1,2021,32.0,1,1,5,0,2,1,1,,2,RN12,0,,3,4,0,1,89,100,1,, -1,1,2,2,110,3,7,2021,12:00,1,22,22070,1,1,0,7,RN12 PR 89+100,48.549498,-3.147089,12,1,1
202100037820,134Â 054,A01,1,1,1,9,2,8,-1,0,0,-1,2021,52.0,2,1,0,2,1,21,1,,3,BIOT (CD.4) RTE DE,0,,2,2,0,1,0,150,1,, -1,1,0,1,50,28,5,2021,12:35,1,6,6004,2,9,0,1,BIOT (CD.4) RTE DE,43.612928,7.12451,12,2,2
202100008500,186Â 540,A01,10,3,1,5,0,-1,-1,4,3,2,2021,64.0,1,2,0,1,1,16,1,,4,RUE DU DOCTEUR ROUX,0,,1,1,0,1,(1),(1),1,, -1,1,0,1,30,10,11,2021,19:00,5,75,75115,2,2,0,6,RUE DU DOCTEUR ROUX,48.842093,2.312995,19,3,1
202100039263,131Â 424,A01,1,1,1,9,8,5,-1,-1, -1,-1,2021,38.0,1,5,1,0,2,1,1,,3,JEAN JAURES (AVENUE),0,,3,2,0,1,0,0,1,, -1,2,0,1,50,19,5,2021,09:55,1,91,91421,2,1,1,6,JEAN JAURES (AVENUE),48.71763,2.44542,9,1,1
202100022558,161Â 307,B01,1,1,1,5,8,6,-1,0,0,-1,2021,41.0,1,1,0,2,1,19,1,,3,14,0,D,2,2,0,4,1,271,1,, -1,1,0,1,30,27,8,2021,00:45,3,17,17421,2,2,0,3,boulevard pasteur,45.672356,-0.938864,0,2,2
202100019902,166Â 056,A01,1,1,1,1,2,0,-1,0,0,-1,2021,41.0,1,0,12,0,2,12,3,,4,BOULEVARD BRUNE,0,,3,2,1,1,(1),(1),2,, -1,1,0,5,30,9,9,2021,18:45,1,75,75114,2,2,0,6,BOULEVARD BRUNE,48.824891545,2.3184055957,18,1,1
202100021412,163Â 378,A01,4,2,2,5,1,0,-1,-1, -1,-1,2021,18.0,1,2,0,2,7,1,1,,2,QUATRE VOIES GILLOT (ROUTE A),0,,1,2,0,1,(1),(1),2,, -1,2,0,1,90,28,8,2021,19:50,5,974,97411,1,1,1,3,QUATRE VOIES GILLOT (ROUTE A),-20.88561,55.49618,19,4,2
202100043444,124Â 004,A01,10,3,1,0,0,-1,-1,3,3,1,2021,36.0,1,2,0,1,3,1,1,,4,MOULIN JEAN (AV),0,,2,2,0,1,(1),(1),1,, -1,1,0,8,50,17,4,2021,11:55,1,34,34032,2,1,0,6,MOULIN JEAN (AV),43.34795,3.22185,11,2,1
202100039821,130Â 400,A01,2,2,1,5,1,0,-1,-1, -1,-1,2021,17.0,1,2,8,0,7,1,1,,3,BRANLY (RUE EDOUARD),0,,2,4,2,1,4,402,1,, -1,1,5,3,50,15,5,2021,12:00,1,41,41276,2,1,0,6,BRANLY (RUE EDOUARD),47.61445,1.30311,12,3,1
202100016182,172Â 713,B01,1,1,1,1,2,6,-1,-1, -1,-1,2021,47.0,2,1,1,2,1,1,1,,4,Boulevard GEORGE V,0,,3,4,3,1,(1),(1),1,, -1,1,0,1,50,29,9,2021,16:40,1,33,33063,2,1,0,3,Boulevard George V,44.8259,-0.59022,16,2,2
202100003764,195Â 029,A01,1,1,1,3,1,-1,-1,0,0,-1,2021,74.0,1,2,13,0,3,1,1,,3,68,0,D,2,2,0,2,5,110,2,, -1,7,0,3,80,11,12,2021,10:00,1,62,62874,1,1,1,6,RD 68,50.271815,2.600241,10,1,1
202100014210,176Â 292,A01,1,1,1,5,2,6,-1,0,0,-1,2021,52.0,1,1,0,0,8,1,1,,4,QUAI ANATOLE FRANCE,0,,1,3,1,1,(1),(1),1,, -1,1,0,1,30,9,10,2021,15:40,1,75,75107,2,1,0,7,QUAI ANATOLE FRANCE,48.860001,2.327909,15,1,1
202100020119,165Â 663,A01,1,1,1,1,1,0,-1,-1, -1,-1,2021,40.0,1,2,0,2,3,1,1,,3,POMPADOUR(CARREFOUR),0,,-1,2,1,2,1,0,3,, -1,1,5,1,50,7,9,2021,21:00,5,94,94028,2,9,0,1,Avenue Pompadour,48.77405,2.43902,21,2,2
202100056440,101Â 014,B01,4,2,1,4,8,4,-1,-1, -1,-1,2021,47.0,1,4,0,2,6,23,1,,3,GRANDE RUE,0,,3,4,1,1,(1),(1),1,, -1,1,0,1,50,1,1,2021,05:10,5,92,92072,2,1,0,2,GRANDE RUE,48.8252705555,2.2154161334,5,3,2
202100055122,103Â 282,A01,10,3,2,2,0,-1,-1,3,3,1,2021,47.0,2,5,0,1,1,1,1,,7,,-1,,3,2,0,1,100,500,3,, -1,1,0,1,50,8,1,2021,08:30,2,83,83047,2,6,0,6,Avenue de Limans,43.144194,6.078948,8,2,1
202100034809,139Â 489,A01,5,2,1,0,8,0,-1,-1, -1,-1,2021,17.0,2,1,0,1,1,5,1,,4,PROVINCES FRANCAISES BD DES,0,,2,2,3,2,0,0,1,, -1,1,0,1,50,12,6,2021,19:49,1,92,92050,2,1,0,6,PROVINCES FRANCAISES BD DES,48.9002689182,2.2143727541,19,3,1
202100055166,103Â 207,A01,3,2,1,0,1,0,-1,-1, -1,-1,2021,4.0,3,2,2,0,1,13,1,,3,MONTMELAS (route de),0,,2,0,0,1,4,345,3,, -1,2,0,1,80,13,1,2021,16:30,1,69,69092,1,1,1,7,MONTMELAS (DE) (RTE),46.0003059596,4.6953859345,16,3,1
202100009854,184Â 085,A01,1,1,1,4,1,-1,-1,0,0,-1,2021,19.0,2,4,0,0,0,1,1,,1,13,-1,,3,5,0,2,108,800,1,, -1,1,0,1,110,3,11,2021,01:25,3,76,76682,1,1,0,7,a13,49.320024,1.102627,1,1,1
202100003863,194Â 850,B01,1,1,1,0,8,0,-1,-1, -1,-1,2021,12.0,0,1,0,2,1,19,5,,4,,0,,2,2,0,1,0,0,1,, -1,1,0,1,50,9,12,2021,18:15,5,92,92012,2,2,0,3,SILLY (RUE DE) 1/87 - 2/88,48.8425016948,2.2308307886,18,2,2
202100003173,196Â 095,A01,10,3,2,0,0,-1,-1,4,3,1,2021,12.0,1,5,0,1,3,1,1,,3,,-1,,3,-1,-1,1,(1),(1),1,, -1,1,0,1,-1,13,12,2021,15:00,1,92,92036,2,3,0,6,RENIERS (AVENUE CHEMIN),48.9344775735,2.3208644986,15,2,1
202100008917,185Â 781,A01,1,1,1,5,2,6,-1,-1, -1,-1,2021,30.0,1,1,0,9,7,1,1,,1,A86 INT,0,,1,3,0,1,44,400,1,, -1,1,1,1,90,8,11,2021,21:00,5,94,94073,1,1,0,6,A86 INT,48.77098,2.38721,21,1,1
202100044018,122Â 996,A01,1,1,1,5,1,0,-1,-1, -1,-1,2021,29.0,1,2,8,0,2,1,1,,4,BARBOT (RUE DU MOULIN),0,,2,2,0,1,0,0,1,, -1,1,0,4,50,13,4,2021,20:35,2,64,64024,2,1,0,6,BARBOT (RUE DU MOULIN),43.50102,-1.5304,20,1,1
202100028822,150Â 203,B01,4,2,1,0,1,-1,-1,-1, -1,-1,2021,7.0,0,2,0,2,3,9,1,,3,THIVET ( avenue du ),0,,2,3,3,3,0,0,1,, -1,1,0,1,50,13,7,2021,17:30,1,50,50173,2,3,0,3,THIVET ( avenue du ),49.63574,-1.66595,17,4,2
202100002518,197Â 276,A01,1,1,1,0,2,6,-1,0,0,-1,2021,33.0,2,1,0,2,1,13,1,,3,562,0,,2,2,0,1,45,50,2,, -1,1,0,1,80,19,12,2021,17:45,3,83,83056,1,1,0,3,Vieille Route de Grasse,43.5460182137,6.5239262581,17,2,2
202100034615,139Â 840,A01,1,1,1,9,2,0,-1,0,0,-1,2021,18.0,1,1,0,2,1,2,1,,4,PONT DE TOLBIAC,0,,2,5,0,1,(1),(1),1,, -1,1,2,1,50,13,6,2021,12:26,1,75,75113,2,1,0,2,PONT DE TOLBIAC,48.832866,2.380902,12,3,2
202100041910,126Â 705,B01,1,1,2,1,8,0,-1,-1, -1,-1,2021,53.0,2,0,0,2,1,25,3,,7,JEAN JAURES (AVENUE),0,,3,2,0,1,(1),(1),1,, -1,1,0,4,50,28,4,2021,08:30,1,21,21231,2,9,0,3,Avenue Jean JaurÃ¨s,47.30740558,5.0247920256,8,2,2
202100042620,125Â 441,A01,2,2,2,5,2,6,-1,0,0,-1,2021,48.0,3,1,0,2,1,17,1,,3,2,-1,,2,2,0,2,11,(1),1,,3,1,0,1,80,25,4,2021,15:50,1,22,22209,1,2,0,3,Le Pont Cretin (Ploubalay),48.550352,-2.107884,15,6,2
202100003733,195Â 078,A01,10,3,2,5,0,-1,-1,4,3,1,2021,73.0,1,2,0,1,1,15,0,,4,AVENUE JOSEPH BOUVARD,0,,2,2,1,1,(1),(1),2,, -1,2,0,1,30,10,12,2021,14:35,1,75,75107,2,2,0,6,AVENUE JOSEPH BOUVARD,48.854868,2.296385,14,3,1
202100002415,197Â 460,B01,1,1,1,9,8,0,-1,-1, -1,-1,2021,60.0,1,1,0,2,6,26,1,,4,DOYENNE BOULEVARD ET PASSAGE,0,,2,2,0,1,1,0,1,, -1,1,0,1,50,17,12,2021,09:02,1,49,49007,2,1,0,3,DOYENNE BOULEVARD ET PASSAGE,47.48822,-0.53634,9,2,2
202100016928,171Â 364,B01,1,1,2,5,8,0,-1,-1, -1,-1,2021,18.0,3,1,0,2,7,1,5,,4,CHOISEUL (PLACE),0,,2,3,0,1,(1),(1),1,, -1,1,5,6,50,24,9,2021,01:10,5,37,37261,2,7,0,6,CHOISEUL (PLACE),47.4017102003,0.6842836589,1,2,2
202100033897,141Â 170,B01,1,1,1,0,8,0,-1,-1, -1,-1,2021,26.0,0,0,0,0,0,0,0,,3,POLISSARD (RUE AUGUSTE),0,,2,1,0,1,1,0,1,, -1,2,0,1,50,17,6,2021,22:10,5,93,93010,2,2,1,1,POLISSARD (RUE AUGUSTE),48.9061553952,2.4803030491,22,2,2
202100007110,189Â 056,A01,1,1,1,0,1,0,-1,-1, -1,-1,2021,30.0,2,2,0,2,1,9,1,,1,A86 EXT,0,,1,4,0,2,59,40,1,, -1,1,0,1,90,19,11,2021,20:17,3,78,78640,1,1,0,2,A86 EXT,48.77697,2.22442,20,2,2
202100025837,155Â 506,A01,1,1,2,5,1,-1,-1,0,0,-1,2021,19.0,1,2,2,0,3,1,1,,3,316,-1,,2,3,0,2,17,625,2,, -1,1,0,3,70,3,8,2021,18:15,1,27,27517,1,1,0,6,D316,49.14585,1.319942,18,1,1
202100027132,153Â 209,A01,10,3,2,5,0,-1,-1,2,3,1,2021,5.0,3,2,0,1,3,1,1,,4,,-1,,2,2,0,1,(1),(1),1,,4,1,0,1,30,23,7,2021,18:15,1,90,90033,2,1,1,1,11 Rue du Jura,47.51511,7.005538,18,2,1
202100052780,107Â 384,A01,1,1,1,0,8,-1,-1,-1, -1,-1,2021,45.0,1,2,14,0,1,6,1,,4,,0,,2,2,0,1,(1),(1),1,, -1,2,0,1,50,2,2,2021,07:10,5,33,33249,2,4,1,1,Quai Carriet,44.88816,-0.52952,7,3,2
202100051257,110Â 059,A01,4,2,2,0,1,-1,-1,-1, -1,-1,2021,1.0,1,2,0,2,7,1,1,,4,LEON JOUHAUX                        (R ),0,,1,1,0,1,(1),(1),1,, -1,1,0,1,50,16,2,2021,15:30,1,69,69383,2,2,0,3,LEON JOUHAUX (R),45.75483,4.85433,15,5,2
202100003286,195Â 890,A01,9,2,2,5,1,-1,-1,0,0,-1,2021,12.0,1,2,0,2,1,5,1,,3,95,0,D,2,2,0,1,1,447,4,, -1,2,0,1,80,12,12,2021,12:30,1,44,44186,1,1,1,1,D95,47.093208,-1.796093,12,5,2
202100033072,142Â 626,Z01,10,3,1,5,0,-1,-1,4,3,2,2021,13.0,1,1,0,1,1,1,1,,4,RUE DE TOLBIAC,0,,2,3,0,1,(1),(1),1,, -1,1,0,1,30,18,6,2021,23:05,5,75,75113,2,2,0,6,RUE DE TOLBIAC,48.827288,2.368533,23,3,1
202100031323,145Â 751,A01,1,1,1,0,2,6,-1,-1, -1,-1,2021,20.0,1,1,0,2,1,16,1,,3,MARECHAL LECLERC AVENUE,0,,2,4,0,1,100,0,1,, -1,1,0,1,50,2,7,2021,17:30,1,93,93046,2,2,0,2,Avenue du MarÃ©chal Leclerc / AllÃ©e Joseph Noize,48.92,2.53929,17,3,2