Num_Acc,id_vehicule,num_veh,place,catu,sexe,trajet,secu1,secu2,secu3,locp,actp,etatp,year_acc,victim_age,senc,catv,obs,obsm,choc,manv,motor,occutc,catr,voie,v1,v2,circ,nbv,vosp,prof,pr,pr1,plan,lartpc,larrout,surf,infra,situ,vma,jour,mois,an,hrmn,lum,dep,com,agg_,int,atm,col,adr,lat,long,hour,nb_victim,nb_vehicules
202100023364,159Â 855,B01,1,1,1,5,0,-1,-1,0,0,-1,2021,10.0,2,1,0,2,8,5,5,,3,104,-1,D,2,2,0,1,7,900,1,, -1,1,5,1,50,16,8,2021,15:00,1,30,30059,2,2,0,6,Boulevard Gambetta,43.673102,4.236801,15,2,2
202100035939,137Â 445,B01,1,1,1,9,2,6,-1,0,0,-1,2021,30.0,2,1,0,2,8,18,1,,4,BOULEVARD LANNES,0,,2,4,0,1,(1),(1),1,, -1,1,0,1,30,5,6,2021,14:05,1,75,75116,2,3,0,3,BOULEVARD LANNES,48.866701,2.2717,14,3,2
202100002164,197Â 916,C01,1,1,2,5,1,-1,-1,0,0,-1,2021,62.0,1,2,3,2,4,9,1,,1,16,0,A,3,4,0,1,167,600,1,, -1,1,3,1,130,20,12,2021,18:00,3,80,80779,1,1,0,4,A16,50.10357,1.873062,18,5,3
202100019940,165Â 989,A01,1,1,1,3,1,-1,-1,0,0,-1,2021,89.0,1,2,0,2,1,1,1,,3,,-1,,2,-1,0,2,1,800,1,, -1,1,0,1,80,6,9,2021,15:30,1,33,33253,1,1,0,1,12 Route de Saint-Macaire,44.627489,-0.306519,15,2,2
202100011828,180Â 580,A01,1,1,2,9,1,0,-1,-1, -1,-1,2021,28.0,1,2,0,2,3,19,1,,7,LE CHATELIER,0,,2,4,0,2,0,100,1,, -1,1,9,1,50,21,10,2021,18:15,5,13,13215,2,9,0,3,LE CHATELIER,43.347032577,5.3679226097,18,2,2
202100033763,141Â 420,A01,1,1,1,0,1,4,-1,-1, -1,-1,2021,51.0,2,2,0,2,1,2,1,,1,AUTOROUTE A1,0,,3,6,0,1,11,699,1,, -1,1,0,1,90,18,6,2021,08:30,1,93,93005,1,1,0,4,AUTOROUTE A1,48.93954,2.4793,8,3,3
202100007338,188Â 636,A01,1,1,2,1,1,0,-1,0,0,-1,2021,33.0,3,2,7,0,1,13,3,,4,ALLEE DU BORD DE L EAU,0,,2,2,0,1,(1),(1),1,, -1,1,0,1,50,19,11,2021,02:00,5,75,75116,2,3,0,6,ALLEE DU BORD DE L EAU,48.86167,2.229005,2,1,1
202100006242,190Â 644,A01,10,3,2,5,0,-1,-1,1,3,1,2021,83.0,0,2,0,1,3,15,1,,4,SAINT EXUPERY (SQUARE),0,,2,-1,0,1,(1),(1),2,, -1,2,0,1,50,12,11,2021,10:25,1,50,50129,2,1,1,6,SAINT EXUPERY (SQUARE),49.63462,-1.62278,10,2,1
202100022222,161Â 923,A01,1,1,1,5,8,0,-1,-1, -1,-1,2021,31.0,2,6,6,0,1,26,1,,3,,0,,2,2,0,1,3,700,1,, -1,1,0,4,50,11,7,2021,10:50,1,89,89236,2,1,0,6,26 Grande Rue,48.17558,3.3119,10,1,1
202100021856,162Â 565,A01,10,3,1,5,0,-1,-1,2,3,1,2021,28.0,3,5,0,1,5,0,0,,4,,-1,,2,2,0,1,(1),(1),1,,"5,5",1,0,1,50,20,8,2021,10:05,1,29,29003,2,1,0,6,Quai Jean JaurÃ¨s,48.020968,-4.537075,10,2,1
202100052467,107Â 931,B01,1,1,1,0,8,0,-1,-1, -1,-1,2021,30.0,2,1,0,2,4,1,0,,4,R DE L ECLUSE,0,,-1,6,0,2,1,0,1,, -1,1,2,3,50,5,2,2021,09:38,1,94,94028,2,1,0,1,ECLUSE (Rue de l'),48.799184,2.468913,9,2,2
202100002654,197Â 040,A01,10,3,2,2,0,-1,-1,4,3,1,2021,18.0,3,2,14,2,2,17,1,,3,R JEAN JAURES ,0,,1,2,0,1,1,0,1,, -1,1,2,1,50,16,12,2021,08:30,1,94,94022,2,1,0,6,JEAN JAURES (R),48.76605,2.41126,8,3,1
202100013470,177Â 660,A01,2,2,2,5,8,-1,-1,0,0,-1,2021,64.0,1,2,0,2,8,10,1,,3,137,-1,,2,2,0,1,29,874,1,, -1,1,0,1,90,13,10,2021,17:46,1,17,17283,1,1,0,3,RD 137,45.593861,-0.551162,17,3,2
202100054965,103Â 565,A01,1,1,1,5,8,-1,-1,0,0,-1,2021,45.0,2,2,16,0,0,14,1,,7,2205,0,,2,2,0,1,19,200,1,, -1,1,0,8,80,15,1,2021,15:54,2,6,6102,1,1,0,7,"RM 2205, PK 19+200",44.049978,7.127927,15,1,1
202100007501,188Â 349,A01,1,1,1,1,2,6,-1,0,0,-1,2021,48.0,2,1,7,0,1,14,1,,3,558,-1,,2,2,0,1,20,700,1,, -1,1,0,3,80,19,11,2021,15:30,1,7,7126,1,1,0,6,Route de la Vallee de l Ibie,44.42903,4.422147,15,1,1
202100033643,141Â 631,A01,10,3,1,5,0,-1,-1,2,1,1,2021,40.0,2,5,0,1,5,4,1,,4,RUE PIERRE BUDIN,0,,1,2,0,1,(1),(1),1,, -1,1,0,1,50,17,6,2021,21:00,2,75,75118,2,1,0,6,RUE PIERRE BUDIN,48.889725,2.352025,21,2,1
202100011678,180Â 852,A01,1,1,1,0,8,0,-1,-1, -1,-1,2021,30.0,2,1,0,2,1,25,3,,4,,0,,2,2,0,1,0,0,1,, -1,1,0,1,30,21,10,2021,10:35,1,92,92051,2,9,0,3,"HOTEL DE VILLE (RUE DE L', NÂ° 1 A 19)",48.8838295876,2.2685533762,10,2,2
202100023685,159Â 285,A01,2,2,1,0,1,0,-1,-1, -1,-1,2021,15.0,1,2,0,2,1,1,3,,3,RD148 carrefour DIANE Ã  SORQUES,0,,-1,2,0,1,2,501,1,, -1,1,0,1,80,16,8,2021,15:50,1,77,77186,1,1,0,1,RD148 carrefour DIANE Ã  SORQUES,48.37303,2.74845,15,3,2
202100044026,122Â 983,B01,1,1,1,0,2,6,-1,-1, -1,-1,2021,22.0,1,1,0,2,1,1,1,,4,TOULOUSE (AVENUE DE,0,,3,2,3,2,(1),(1),1,, -1,1,0,1,50,14,4,2021,18:50,1,34,34172,2,1,0,1,TOULOUSE (AVENUE DE),43.59647,3.86312,18,2,2
202100052227,108Â 349,A01,1,1,1,5,1,0,-1,0,0,-1,2021,63.0,1,2,0,2,5,2,1,,4,ECHANGEUR BAGNOLET,0,,1,2,0,2,(1),(1),2,, -1,2,0,1,50,6,2,2021,09:20,1,75,75120,2,1,1,2,ECHANGEUR BAGNOLET,48.8661389412,2.4128444448,9,2,2
202100002340,197Â 605,A01,1,1,1,5,2,6,-1,0,0,-1,2021,15.0,2,1,0,0,0,1,1,,4,,0,,2,2,0,1,(1),(1),1,,4,1,0,3,80,20,12,2021,15:10,1,60,60002,1,1,0,7,rue du moulin,49.3550574484,2.1487498282,15,1,1
202100031929,144Â 674,A01,1,1,1,5,2,6,9,0,0,-1,2021,19.0,1,1,0,2,5,17,1,,3,118,-1,,2,2,0,1,6,640,1,, -1,1,0,1,50,28,6,2021,18:30,1,33,33205,2,1,0,3,Lieu Dit Callac,44.590678,-0.375315,18,2,2
202100003296,195Â 875,A01,1,1,2,5,1,-1,-1,0,0,-1,2021,69.0,2,2,0,0,9,1,1,,3,216,-1,,2,2,0,1,16,300,1,, -1,1,0,3,80,14,12,2021,18:35,3,4,4164,1,1,0,7,RD 216,44.012417,5.815415,18,1,1
202100008819,185Â 982,A01,1,1,1,5,1,0,-1,-1, -1,-1,2021,42.0,2,5,0,2,4,2,1,,1,A50-Sens Aubagne vers Marseille,0,,1,3,0,1,9,0,1,, -1,1,0,1,90,9,11,2021,15:00,1,13,13211,1,1,0,2,A50-Sens Aubagne vers Marseille,43.2881377701,5.4999439715,15,4,3
202100020252,165Â 436,B01,1,1,1,4,8,-1,-1,-1, -1,-1,2021,51.0,3,3,0,2,1,1,3,,4,FRILEUSE (AVENUE DE),0,,2,2,0,2,0,0,1,, -1,1,4,6,50,4,9,2021,15:50,1,76,76351,2,2,0,3,FRILEUSE (AVENUE DE),49.509089,0.146709,15,2,2
202100055537,102Â 581,A01,1,1,1,5,8,0,-1,0,0,-1,2021,22.0,1,1,8,0,1,25,3,,4,BOULEVARD DE SEBASTOPOL,0,,2,5,2,1,(1),(1),1,, -1,1,0,4,50,10,1,2021,14:45,1,75,75102,2,3,0,6,BOULEVARD DE SEBASTOPOL,48.8678978388,2.3534517387,14,1,1
202100049642,113Â 009,B01,1,1,1,1,2,0,-1,-1, -1,-1,2021,60.0,2,1,0,2,5,1,1,,7,173 RD,0,,1,3,0,1,47,749,2,, -1,1,5,1,50,1,3,2021,06:40,2,35,35055,1,6,0,3,RD 173,48.0782,-1.6328,6,2,2
202100003256,195Â 943,A01,1,1,1,0,2,8,-1,-1, -1,-1,2021,59.0,0,1,0,2,8,1,1,,4,ELIE WIESEL (BD),0,,1,2,3,1,1,0,1,, -1,1,0,1,50,12,12,2021,09:05,1,13,13210,2,1,0,3,ELIE WIESEL (BD),43.2745252869,5.4243916481,9,2,2
202100040442,129Â 318,A01,3,2,2,0,1,0,-1,-1, -1,-1,2021,36.0,2,2,0,2,4,23,1,,3,MONTAGNE (ROUTE DE LA),0,,2,2,0,2,5,550,1,, -1,1,0,1,70,10,5,2021,10:20,1,974,97411,1,1,0,2,Route de la montagne,-20.888816,55.436282,10,5,2
202100004795,193Â 207,B01,10,3,2,1,8,8,-1,9,1,1,2021,22.0,1,1,0,2,1,1,3,,3,EGALITE (RUE DE L'),0,,2,1,0,1,0,0,3,, -1,1,9,1,50,4,12,2021,12:30,1,10,10325,2,6,0,3,EGALITE (RUE DE L'),48.2674740656,4.0609502792,12,3,2
202100015836,173Â 367,A01,10,3,1,5,0,-1,-1,1,3,1,2021,43.0,1,2,0,1,3,15,1,,3,D338,0,,2,2,0,2,0,170,3,, -1,1,0,1,50,2,10,2021,09:50,1,64,64126,2,3,1,6,RUE LOUIS BARTHOU,43.175752,-0.606715,9,3,1
202100035140,138Â 895,A01,1,1,1,5,2,6,-1,0,0,-1,2021,59.0,1,1,0,2,8,13,1,,3,27,-1,,2,2,0,3,6,700,3,, -1,1,0,1,80,12,6,2021,17:03,1,21,21053,1,1,0,3,D27,47.456401,5.353003,17,2,2
202100037862,133Â 984,B01,1,1,1,4,2,0,-1,-1, -1,-1,2021,33.0,3,1,0,2,0,15,1,,3,DIX HUIT JUIN 1940 (AVENUE DU),0,,2,2,2,4,0,1,1,, -1,1,0,1,50,28,5,2021,22:25,4,93,93031,2,3,0,2,Avenue du 18 Juin 1940 / Rue du Port,48.95226,2.30734,22,2,2
202100006369,190Â 412,A01,1,1,1,1,2,6,-1,-1, -1,-1,2021,41.0,2,1,0,2,1,2,1,,3,RD 444,0,,1,1,0,1,2,299,1,, -1,1,0,1,70,25,11,2021,08:45,1,91,91312,1,1,0,2,RD 444,48.73978,2.22522,8,2,2
202100050810,110Â 857,A01,1,1,2,5,2,6,-1,0,0,-1,2021,33.0,2,1,0,0,8,1,1,,3,19,-1,,2,2,0,1,20,500,1,, -1,1,0,1,80,21,2,2021,15:00,1,2,2178,1,1,0,7,dÃ©partementale 19,49.46332,3.73606,15,1,1
202100002470,197Â 358,D01,1,1,1,0,2,6,-1,-1, -1,-1,2021,52.0,1,1,0,2,4,1,1,,2,PARIS (R DE),0,,3,4,0,1,1,0,1,, -1,1,0,1,50,17,12,2021,00:50,5,94,94078,2,1,0,6,PARIS (R DE),48.75472,2.4445,0,5,4
202100031687,145Â 120,A01,1,1,1,1,2,-1,-1,0,0,-1,2021,17.0,2,1,0,0,4,2,1,,3,4,0,D,2,2,0,2,0,245,3,0,6,1,0,1,80,1,7,2021,07:15,1,16,16146,1,1,0,2,,45.621208,0.256854,7,2,2
202100020594,164Â 818,A01,1,1,1,1,1,0,-1,-1, -1,-1,2021,29.0,2,2,0,2,4,1,1,,3,69,0,,2,2,0,1,0,0,1,, -1,1,0,1,30,6,9,2021,14:10,1,92,92040,2,3,0,2,GALLIENI (BOULEVARD),48.829735863,2.2673793102,14,2,2
202100042788,125Â 173,A01,1,1,1,0,2,6,-1,0,0,-1,2021,48.0,3,1,2,0,1,0,1,,4,4,-1,,2,2,0,3,(1),(1),2,, -1,1,0,3,50,24,4,2021,20:40,2,35,35185,2,1,0,6,Voie communale C4,48.204008,-1.146001,20,1,1
202100007814,187Â 780,B01,1,1,2,1,2,0,-1,-1, -1,-1,2021,27.0,0,1,0,9,1,0,5,,4,LECLERC (AVENUE DU GENERAL),0,,-1,1,1,1,(1),(1),1,, -1,1,0,5,50,16,11,2021,17:20,2,35,35238,2,1,0,3,LECLERC (AVENUE DU GENERAL),48.11469,-1.6564,17,3,2
202100031377,145Â 663,A01,2,2,1,5,1,-1,-1,0,0,-1,2021,19.0,2,5,0,0,9,13,1,,3,579,0,D,2,2,0,2,13,300,3,, -1,1,0,3,80,3,7,2021,05:00,3,7,7023,1,1,0,6,"D579, lieu-dit Les Salles",44.509556,4.385374,5,2,1
202100033612,141Â 685,A01,1,1,1,0,0,-1,-1,-1, -1,-1,2021,23.0,1,2,0,4,8,15,-1,,4,,-1,,3,2,3,1,(1),(1),1,,3,1,5,1,50,17,6,2021,12:00,1,25,25056,2,2,0,3,LUXEMBOURG RUE DU,47.223024,5.9662781,12,4,2
202100005305,192Â 306,B01,1,1,2,5,1,0,-1,-1, -1,-1,2021,28.0,1,2,0,2,1,1,1,,4,MUN (RUE ALBERT DE) ,0,,2,2,0,1,(1),(1),1,, -1,1,0,1,50,28,11,2021,04:20,3,44,44184,2,2,0,3,MUN (RUE ALBERT DE),47.27853,-2.21164,4,2,2
202100045822,119Â 849,B01,1,1,1,0,2,6,-1,-1, -1,-1,2021,64.0,2,1,0,2,1,1,1,,3,131,0,,3,2,0,1,0,0,1,, -1,1,0,1,50,31,3,2021,17:25,1,92,92035,2,1,0,3,Verdun 1916 ( avenue de ),48.9046438637,2.2327888012,17,2,2
202100021239,163Â 694,A01,1,1,1,0,2,0,-1,0,0,-1,2021,20.0,1,1,0,2,1,26,1,,4,CREUX DE LA CHAUX (RUE DU),0,,2,2,0,1,(1),(1),1,, -1,1,4,6,50,1,9,2021,12:34,1,63,63113,2,8,0,3,CREUX DE LA CHAUX/rue des Rivaux,45.76099,3.10377,12,2,2
202100026938,153Â 563,A01,2,2,1,5,1,0,-1,-1, -1,-1,2021,58.0,1,2,4,2,5,1,1,,2,RN104,0,,3,4,0,1,10,0,1,, -1,2,0,1,90,27,7,2021,14:45,1,77,77249,1,1,1,6,RN104,48.7489851927,2.6137740302,14,4,3
202100018879,167Â 904,A01,2,2,2,0,8,-1,-1,0,0,-1,2021,38.0,1,2,3,0,1,1,1,,3,52,0,,2,2,0,1,8,560,2,, -1,1,4,8,80,14,9,2021,19:45,2,2,2676,1,8,0,6,Pont,49.515096,3.869229,19,2,1
202100004331,194Â 017,B01,1,1,2,1,1,-1,-1,0,0,-1,2021,31.0,1,2,0,2,1,1,1,,2,85,-1,,2,2,0,2,25,612,4,, -1,5,0,1,80,8,12,2021,10:05,1,5,5072,1,1,1,1,N85,44.651047,6.086415,10,2,2
202100047456,116Â 940,A01,1,1,2,9,1,0,-1,-1, -1,-1,2021,48.0,1,2,0,2,1,26,1,,1,A7-Sens Lyon vers Marseille,0,,1,3,0,1,278,0,1,, -1,1,0,1,90,19,3,2021,16:45,1,13,13214,1,1,0,1,A7-Sens Lyon vers Marseille,43.342806,5.375808,16,2,2
202100042086,126Â 399,A01,1,1,1,5,2,6,-1,0,0,-1,2021,55.0,2,1,0,0,0,16,1,,3,31,-1,D,1,1,0,1,3,270,1,, -1,1,0,1,50,22,4,2021,18:10,1,51,51662,2,6,0,7,Avenue de Reims,49.285428,4.112698,18,1,1
202100025276,156Â 473,A01,1,1,1,5,2,8,-1,-1, -1,-1,2021,30.0,3,1,0,2,0,1,0,,4,BLANC (RUE LOUIS),0,,3,2,0,1,(1),(1),2,, -1,1,0,1,30,6,8,2021,19:15,1,60,60414,2,2,0,1,rue Louis Blanc,49.2599229743,2.4524086118,19,2,2
202100045303,120Â 747,A01,1,1,2,9,1,-1,-1,0,0,-1,2021,67.0,1,2,2,0,1,13,1,,3,7,0,,2,2,0,1,23,790,1,, -1,1,0,1,80,2,4,2021,13:56,1,10,10233,1,1,0,6,D7,48.518308,3.910154,13,1,1
202100012048,180Â 174,B01,1,1,2,1,8,0,-1,0,0,-1,2021,44.0,1,1,0,2,7,9,5,,4,BOULEVARD DE PICPUS,0,,1,2,1,1,(1),(1),1,, -1,1,0,1,50,20,10,2021,12:40,1,75,75112,2,3,0,2,BOULEVARD DE PICPUS,48.84652,2.4002,12,2,2
202100052650,107Â 614,B01,1,1,1,5,8,0,-1,-1,0,-1,2021,14.0,3,1,0,2,1,25,3,,4,JULES CESAR (CHAUSSEE),0,,2,2,0,1,(1),(1),1,, -1,1,6,4,50,2,2,2021,12:18,1,95,95051,2,1,0,1,JULES CESAR (CHAUSSEE),49.0092933937,2.1978181298,12,2,2
202100035691,137Â 916,A01,10,3,2,5,0,-1,-1,3,3,2,2021,15.0,1,1,0,1,8,1,1,,4,EMILE ZOLA     (Cours),0,,2,2,1,2,(1),(1),1,, -1,1,4,3,50,8,6,2021,16:00,1,69,69266,2,8,0,6,EMILE ZOLA (CR),45.7705,4.86286,16,2,1
202100013940,176Â 783,A01,1,1,1,1,8,-1,-1,0,0,-1,2021,43.0,1,2,0,2,3,0,1,,3,1620,0,,2,2,0,1,1,136,2,, -1,1,0,1,70,9,10,2021,14:00,1,45,45008,1,1,0,1,D620,48.084042,1.86729,14,2,2
202100021228,163Â 716,A01,1,1,2,5,1,0,-1,-1, -1,-1,2021,70.0,1,2,0,2,4,23,1,,7,MOULINS (AVE DES DE 328 A FIN,0,,2,2,0,1,2,580,2,, -1,2,0,1,50,2,9,2021,13:48,1,83,83137,2,1,1,2,MOULINS (AVE DES DE 328 A FIN,43.1474,5.9136,13,2,2
202100028027,151Â 615,A01,2,2,2,0,1,-1,-1,0,0,-1,2021,72.0,1,2,4,0,1,1,1,,1,,-1,,2,4,-1,2,11,170,1,, -1,1,3,1,-1,20,7,2021,12:27,1,64,64147,1,3,0,7,D21,43.452041,-1.334729,12,2,1
202100032078,144Â 411,A01,1,1,1,0,8,0,-1,-1, -1,-1,2021,22.0,0,0,0,0,0,0,0,,4,FELIX FAURE                         (AV),0,,2,3,3,1,(1),(1),1,, -1,1,0,6,50,26,6,2021,17:05,1,69,69383,2,1,0,7,FELIX FAURE                         (AV),45.7551,4.87106,17,1,1
202100044196,122Â 676,B01,1,1,1,1,6,2,9,0,0,-1,2021,59.0,1,1,0,2,1,1,1,,3,909,0,,2,2,0,1,0,697,1,, -1,1,0,1,90,14,4,2021,08:00,2,34,34096,1,1,1,1,D909,43.580935,3.159213,8,2,2
202100020748,164Â 545,A01,1,1,1,0,8,-1,-1,0,0,-1,2021,36.0,1,1,0,2,1,15,1,,3,,0,,2,2,0,2,37,500,1,,4,1,0,1,50,20,8,2021,22:30,5,30,30202,2,2,0,3,Avenue Andre de Philip,44.257864,4.638623,22,3,2
202100015451,174Â 088,A01,1,1,2,0,1,0,-1,-1, -1,-1,2021,31.0,1,2,0,9,9,1,1,,1,AUTOROUTE A86,0,,3,6,0,1,18,200,1,, -1,3,0,1,110,3,10,2021,10:15,1,93,93027,1,1,1,6,AUTOROUTE A86,48.92858,2.41474,10,1,1
202100026763,153Â 882,A01,1,1,2,0,1,0,-1,-1, -1,-1,2021,27.0,2,2,0,2,1,2,1,,1,A13,0,,1,3,0,1,9,0,1,, -1,1,0,1,110,28,7,2021,15:30,1,78,78158,1,1,0,2,A13,48.831481,2.146917,15,2,2
202100041866,126Â 793,A01,1,1,1,4,1,0,-1,-1, -1,-1,2021,47.0,2,5,0,2,1,1,1,,1,A4,0,,-1,5,0,1,9,0,1,, -1,1,1,1,90,30,4,2021,16:20,1,94,94017,1,1,0,4,A4,48.8288,2.5014,16,6,5
202100055237,103Â 086,A01,10,3,1,3,0,-1,-1,4,3,1,2021,70.0,1,2,0,1,3,15,1,,3,223,-1,,2,2,0,1,43,125,2,, -1,2,0,1,50,13,1,2021,06:40,3,63,63116,2,2,1,6,1 Avenue Max Menut,45.9828199624,3.0882682134,6,2,1
202100055275,103Â 017,A01,1,1,1,5,2,8,-1,-1, -1,-1,2021,20.0,1,1,1,0,1,13,1,,4,COURS NOLIVOS ( RUE DU),0,,2,2,0,1,100,0,1,, -1,1,0,3,50,10,1,2021,10:05,1,971,97105,2,1,0,6,COURS NOLIVOS ( RUE DU),15.98697214,-61.724231,10,1,1
202100031050,146Â 239,A01,2,2,2,0,1,0,-1,-1, -1,-1,2021,30.0,0,2,0,2,7,15,1,,3,VACHETTE (RUE ROLAND),0,,-1,-1,0,1,19,0,1,, -1,1,5,1,50,28,6,2021,17:19,1,60,60463,2,2,0,3,Rue Roland Vachette,49.28363,2.4649,17,3,2
202100005937,191Â 181,A01,1,1,1,5,1,0,-1,-1, -1,-1,2021,34.0,3,2,0,2,1,13,1,,4,LOUBERT (AVENUE DE),0,,-1,2,0,1,(1),(1),1,, -1,1,0,1,50,22,11,2021,18:50,5,52,52448,2,1,0,1,LOUBERT (AVENUE DE),48.6477,4.9626,18,5,2
202100026792,153Â 831,A01,1,1,2,5,1,0,-1,-1, -1,-1,2021,31.0,1,2,8,0,1,1,1,,3,TOURS (ROUTE DE),0,,2,2,2,1,27,450,2,, -1,1,-1,1,50,27,7,2021,18:00,1,73,73011,2,1,0,6,D990 Route de Tours,45.6686293399,6.4048978686,18,3,1
202100040893,128Â 533,A01,10,3,2,0,0,-1,-1,1,3,1,2021,87.0,1,5,0,1,4,20,6,,4,OBERLIN (RUE),0,,3,4,3,1,(1),(1),1,, -1,1,4,1,50,6,5,2021,10:05,1,67,67482,2,8,0,6,OBERLIN (RUE),48.59274945,7.7571915623,10,2,1
202100010166,183Â 529,B01,1,1,1,9,2,0,-1,0,0,-1,2021,40.0,2,0,0,2,1,1,3,,4,RUE DE BELLEVILLE,0,,2,2,0,1,(1),(1),1,, -1,2,0,1,30,30,10,2021,20:45,5,75,75120,2,2,0,3,RUE DE BELLEVILLE,48.875982,2.402578,20,2,2
202100025927,155Â 339,A01,2,2,2,5,1,-1,-1,0,0,-1,2021,77.0,2,2,3,0,4,1,1,,1,54,0,A,2,2,0,1,1,200,1,, -1,1,0,1,130,3,8,2021,10:20,1,30,30189,1,1,0,2,"A 54, PK 1+200",43.808912,4.347872,10,3,2
202100010637,182Â 725,A01,1,1,1,1,2,-1,-1,0,0,-1,2021,45.0,2,1,0,2,3,17,1,,3,47,-1,,2,2,0,1,9,0,1,, -1,1,0,1,90,28,10,2021,18:50,3,95,95241,2,1,0,3,RD 47,49.0516438966,2.4442317247,18,2,2
202100035976,137Â 378,A01,7,2,1,5,8,-1,-1,0,0,-1,2021,20.0,2,2,13,0,1,14,1,,3,961,0,,2,2,0,1,15,500,3,, -1,1,0,8,90,7,6,2021,20:20,1,45,45230,1,1,0,6,D961-PR 15 + 500,47.910474,2.553678,20,3,1
202100035865,137Â 578,A01,2,2,1,5,1,1,-1,0,0,-1,2021,36.0,2,5,16,0,9,14,1,,4,AVENUE JAMES COOK,0,,2,2,0,3,0,0,2,, -1,2,0,8,50,6,6,2021,03:15,3,988,98818,2,1,1,7,AVENUE JAMES COOK,-22.26282,166.39708,3,2,1
202100054607,104Â 174,A01,1,1,2,4,2,8,-1,0,0,-1,2021,41.0,1,1,0,9,2,1,1,,4,RUE VIGNON,0,,1,1,0,1,(1),(1),1,, -1,1,0,1,50,18,1,2021,16:50,2,75,75109,2,1,0,6,RUE VIGNON,48.871893,2.326462,16,1,1
202100043792,123Â 406,B01,1,1,2,9,2,0,-1,0,0,-1,2021,55.0,1,1,0,2,3,1,5,,4,AVENUE GAMBETTA,0,,2,3,1,2,(1),(1),1,, -1,1,-1,5,50,15,4,2021,08:40,1,75,75120,2,4,0,3,AVENUE GAMBETTA,48.865872,2.399334,8,2,2
202100012212,179Â 886,A01,1,1,1,0,2,6,-1,-1, -1,-1,2021,39.0,3,1,0,2,2,15,1,,4,AVE ANDRE DANGLADE,0,,2,2,0,1,(1),(1),1,, -1,1,0,1,50,19,10,2021,22:30,5,33,33318,2,2,0,3,Avenue AndrÃ© Danglade,44.80737,-0.63529,22,2,2
202100032437,143Â 794,B01,1,1,2,9,1,-1,-1,0,0,-1,2021,49.0,2,5,0,2,3,1,1,,4,AYGUEROTTE (RUE DE L'),0,,2,2,0,1,(1),(1),1,, -1,1,0,1,50,24,6,2021,16:08,1,65,65440,2,2,0,3,AYGUEROTTE (RUE DE L'),43.2339,0.06754,16,2,2
202100038447,132Â 922,A01,1,1,2,1,1,-1,-1,0,0,-1,2021,40.0,2,2,0,2,3,13,1,,3,9,-1,,2,2,0,1,2,500,2,, -1,1,0,1,80,24,5,2021,21:30,2,83,83007,1,1,0,3,Route de Moissac,43.637976,6.204149,21,3,2
202100031971,144Â 599,A01,10,3,2,5,0,-1,-1,5,2,1,2021,77.0,1,2,0,2,3,20,1,,4,GABRIEL POULMAIRE (RUE ),0,,1,1,0,1,0,0,1,, -1,1,0,4,30,27,6,2021,11:23,1,57,57751,2,2,0,6,FERDINAND SECHEHAYE (RUE ),49.1509658,6.1647926,11,2,1
202100045698,120Â 058,B01,1,1,1,5,2,6,9,0,0,-1,2021,25.0,1,1,0,2,1,26,1,,3,12,0,D,2,2,0,1,42,800,4,, -1,1,0,1,80,1,4,2021,12:45,1,74,74250,1,1,0,1,route dÃ©partementale 12,46.047376,6.375608,12,2,2
202100014538,175Â 718,A01,1,1,1,5,2,6,-1,-1, -1,-1,2021,26.0,2,1,0,2,1,0,1,,1,A4.W,0,,-1,3,0,1,21,300,1,, -1,1,0,1,110,8,10,2021,18:30,2,77,77468,1,1,0,2,A4.W,48.832479,2.663401,18,2,2
202100053234,106Â 576,A01,10,3,1,0,0,-1,-1,1,3,1,2021,78.0,2,1,0,1,1,21,1,,3,PEGLION (RUE ANTOINE),0,,2,2,0,2,1,94,3,, -1,1,0,1,50,29,1,2021,09:29,1,6,6104,2,1,0,6,PEGLION (RUE ANTOINE),43.767278,7.47996,9,2,1
202100020702,164Â 625,B01,1,1,2,0,1,8,-1,0,0,-1,2021,65.0,0,2,0,2,1,2,1,,3,R.D.767,0,,2,2,0,2,(1),(1),1,, -1,1,0,1,70,3,9,2021,18:40,1,22,22113,1,1,0,2,R.D.767,48.7472,-3.44716,18,2,2
202100015667,173Â 664,B01,1,1,2,5,1,-1,-1,0,0,-1,2021,44.0,2,2,0,0,4,15,1,,3,999,0,D,2,2,0,1,34,995,1,, -1,1,0,1,70,2,10,2021,11:21,1,81,81074,1,1,0,2,D999,43.925424,2.205677,11,3,2
202100052528,107Â 824,A01,8,2,2,0,0,-1,-1,-1, -1,-1,2021,48.0,1,3,0,0,0,9,3,,4,,0,,2,0,3,1,(1),(1),3,, -1,1,4,6,20,4,2,2021,07:25,2,69,69290,1,1,0,7,ANDRE BOULLOCHE (BD),45.7201107536,4.923248291,7,5,1
202100052255,108Â 302,A01,1,1,2,3,1,-1,-1,0,0,-1,2021,49.0,3,2,13,0,1,1,1,,4,0,0,A,2,2,0,1,(1),(1),2,, -1,7,9,8,90,8,2,2021,11:14,1,62,62393,2,1,1,6,Rue du Houlet,50.922902,1.974744,11,1,1
202100056477,100Â 950,A01,1,1,1,5,1,-1,-1,0,0,-1,2021,20.0,2,2,17,0,3,1,1,,3,519,0,,2,2,0,1,1,10,1,, -1,1,0,3,80,1,1,2021,09:50,1,38,38072,1,1,0,7,Route de Grenoble,45.3134,4.82158,9,1,1