Num_Acc,id_vehicule,num_veh,place,catu,sexe,trajet,secu1,secu2,secu3,locp,actp,etatp,year_acc,victim_age,senc,catv,obs,obsm,choc,manv,motor,occutc,catr,voie,v1,v2,circ,nbv,vosp,prof,pr,pr1,plan,lartpc,larrout,surf,infra,situ,vma,jour,mois,an,hrmn,lum,dep,com,agg_,int,atm,col,adr,lat,long,hour,nb_victim,nb_vehicules
202100027281,152Â 963,A01,1,1,1,5,2,6,-1,0,0,-1,2021,38.0,3,1,0,0,0,2,1,,3,16,0,D,2,2,0,2,15,240,2,, -1,9,8,1,80,5,7,2021,15:55,1,7,7121,1,1,0,7,D16,44.824358,4.030116,15,1,1
202100028610,150Â 575,A01,10,3,2,9,0,-1,-1,2,1,1,2021,43.0,1,1,0,1,1,1,1,,4,STE CATHERINE                       (R ),0,,1,1,2,1,(1),(1),1,, -1,2,0,1,50,15,7,2021,16:00,1,69,69381,2,1,1,6,SAINTE-CATHERINE (R),45.76815,4.83281,16,2,1
202100042095,126Â 388,B01,1,1,1,5,1,-1,-1,0,0,-1,2021,26.0,0,2,0,2,8,1,0,,3,10,0,D,2,2,0,1,6,688,1,, -1,1,0,1,90,30,4,2021,10:40,1,49,49041,1,2,0,3,21 Route des JoutiÃ¨res,47.288243,0.047781,10,3,2
202100036451,136Â 546,A01,1,1,2,0,1,8,-1,-1, -1,-1,2021,48.0,3,2,0,2,3,13,1,,7,THUILIERE (CHEMIN DE LA CD44),0,,-1,2,0,2,0,0,1,, -1,1,0,1,50,3,6,2021,17:25,1,13,13005,2,1,0,1,THUILIERE (CHEMIN DE LA CD44),43.2935,5.55419,17,2,2
202100039384,131Â 204,B01,1,1,1,5,2,6,9,0,0,-1,2021,51.0,1,1,0,2,1,1,1,,3,27,-1,,2,0,0,2,(1),(1),1,,0,1,5,1,80,19,5,2021,21:00,2,22,22176,1,2,0,4,D27,48.456829,-2.754157,21,3,3
202100005270,192Â 365,B01,1,1,1,0,1,8,-1,-1, -1,-1,2021,83.0,2,2,0,2,1,1,1,,4,,0,,2,2,0,1,(1),(1),1,, -1,1,0,1,30,1,12,2021,13:50,1,66,66136,2,3,0,3,JOFFRE (AVENUE DU MARECHAL CD 88),42.7097516305,2.8905247897,13,2,2
202100029589,148Â 898,B01,1,1,1,5,2,0,-1,-1, -1,-1,2021,24.0,1,1,1,2,1,17,1,,4,MADRID (RUE DE),0,,1,1,0,2,0,0,1,, -1,1,0,1,30,10,7,2021,20:20,1,64,64122,2,1,0,3,MADRID (RUE DE),43.46874,-1.57002,20,2,2
202100046097,119Â 360,A01,1,1,1,0,8,-1,-1,-1, -1,-1,2021,26.0,2,2,13,0,1,14,1,,2,AXE NORD SUD,0,,3,4,0,3,53,500,1,, -1,1,0,1,90,28,3,2021,21:40,3,50,50203,1,1,0,6,AXE NORD SUD,49.60682,-1.59136,21,1,1
202100014431,175Â 901,B01,2,2,1,0,2,8,-1,-1, -1,-1,2021,8.0,1,1,0,2,1,19,3,,4,PHARMA. CINGALA 40 BD JULES GUESDE,0,,2,1,0,1,0,0,1,, -1,1,0,1,50,8,10,2021,18:18,1,93,93066,2,1,0,3,PHARMA. CINGALA 40 BD JULES GUESDE,48.936338,2.349992,18,3,2
202100029521,149Â 025,A01,1,1,1,5,2,-1,-1,0,0,-1,2021,25.0,2,1,0,2,3,17,1,,2,1,-1,,2,2,0,1,12,900,1,,7,1,0,1,80,12,7,2021,13:00,1,973,97305,1,1,0,2,RN1 - PK 12+900,4.924577,-52.389679,13,2,2
202100016790,171Â 602,B01,1,1,2,9,1,8,-1,-1, -1,-1,2021,69.0,1,2,0,2,6,1,1,,2,ROUTE NATIONALE 1,0,,3,1,0,1,4,0,1,, -1,1,0,1,50,24,9,2021,08:50,1,972,97213,1,1,0,2,ROUTE NATIONALE 1,14.61779,-61.00737,8,2,2
202100019273,167Â 186,A01,1,1,1,4,8,-1,-1,0,0,-1,2021,34.0,1,4,8,0,7,21,1,,3,833,0,,2,2,0,2,34,100,1,, -1,1,0,3,80,13,9,2021,10:40,1,27,27198,1,1,0,6,Route Fleurie (Gouville),48.853986,1.026589,10,1,1
202100000023,201Â 719,A01,10,3,1,0,0,-1,-1,2,3,1,2021,48.0,1,2,0,1,1,19,1,,3,RUE DES 5 EME ET 15 EME B.C.P.,0,,2,2,0,1,0,100,1,, -1,1,0,1,30,21,12,2021,10:15,1,88,88383,2,3,1,6,RUE DES 5 EME ET 15 EME B.C.P.,48.01766,6.597447,10,2,1
202100019528,166Â 726,A01,1,1,2,5,8,0,-1,-1, -1,-1,2021,39.0,3,1,0,2,8,19,5,,3,63,0,,2,2,0,1,0,0,1,, -1,1,0,1,50,11,9,2021,18:43,1,92,92046,2,1,0,3,RAYMOND DAVID,48.8162882821,2.2952623862,18,2,2
202100020828,164Â 416,B01,1,1,1,1,8,-1,-1,-1, -1,-1,2021,24.0,1,1,0,2,1,15,5,,4,BOUCLE (DE LA)                      (MO),0,,1,2,2,2,(1),(1),1,, -1,1,0,5,50,4,9,2021,22:10,5,69,69034,2,9,0,1,BOUCLE (DE LA) (MO),45.78276,4.83639,22,2,2
202100022044,162Â 226,A01,4,2,2,5,1,0,-1,-1, -1,-1,2021,23.0,1,2,0,2,2,13,1,,1,A4,0,,-1,3,0,1,22,100,1,, -1,1,0,1,110,29,7,2021,05:30,3,77,77121,1,1,0,2,A4,48.83332,2.66667,5,5,2
202100037621,134Â 410,A01,1,1,1,5,2,0,-1,0,0,-1,2021,31.0,2,1,0,2,1,2,5,,4,RUE DU RENARD,0,,1,3,3,1,(1),(1),1,, -1,1,0,6,50,29,5,2021,21:20,4,75,75104,2,1,0,2,RUE DU RENARD,48.858039,2.351752,21,2,2
202100021264,163Â 649,A01,1,1,1,1,2,6,-1,-1, -1,-1,2021,44.0,1,1,0,2,2,1,1,,4,CHEM DE SALLELE,0,,1,1,0,3,(1),(1),2,, -1,1,0,1,50,1,9,2021,11:40,1,33,33119,2,3,0,3,Chemin de SallÃ¨le,44.85134,-0.52284,11,2,2
202100054701,104Â 010,B01,1,1,1,0,8,0,-1,-1, -1,-1,2021,18.0,1,1,0,2,1,1,3,,4,PAUL CEZANNE  (AVENUE),0,,2,2,0,1,0,0,1,, -1,1,0,1,50,17,1,2021,18:15,5,93,93047,2,2,0,1,PAUL CEZANNE  (AVENUE),48.9032397715,2.5586077841,18,2,2
202100041977,126Â 588,A01,10,3,1,3,0,-1,-1,2,3,1,2021,53.0,3,2,0,1,1,1,1,,3,6,0,,2,2,0,1,(1),(1),1,, -1,2,0,1,30,30,4,2021,18:28,1,84,84119,2,1,1,1,Boulevard de la LibÃ©ration,43.956414,4.930651,18,2,1
202100020586,164Â 835,B01,1,1,1,0,8,0,-1,-1, -1,-1,2021,14.0,0,1,0,0,1,15,3,,4,ROUX (RUE DU DOCTEUR),0,,2,2,0,1,0,0,3,, -1,1,0,1,50,6,9,2021,12:50,1,93,93027,2,3,0,3,Rue du Docteur Roux / Rue de la TrÃ©filerie,48.92296,2.40705,12,2,2
202100050359,111Â 683,B01,1,1,2,9,2,0,-1,0,0,-1,2021,32.0,1,1,0,2,4,23,5,,4,RUE JOSEPH DE MAISTRE,0,,2,2,0,2,(1),(1),1,, -1,1,0,1,50,24,2,2021,08:40,1,75,75118,2,1,0,2,RUE JOSEPH DE MAISTRE,48.889673,2.331496,8,2,2
202100046745,118Â 215,A01,10,3,2,5,0,-1,-1,3,3,1,2021,63.0,2,2,0,1,1,15,1,,4,SAINT GEORGES (RUE),0,,1,1,0,2,(1),(1),1,, -1,1,0,1,50,16,3,2021,08:25,1,70,70550,2,1,0,6,SAINT GEORGES (RUE),47.62394,6.1595,8,2,1
202100047588,116Â 697,B01,1,1,1,1,2,6,-1,-1, -1,-1,2021,49.0,1,1,0,2,9,3,1,,1,6,0,,3,6,0,4,17,200,1,, -1,1,0,1,90,18,3,2021,17:18,1,91,91589,1,1,0,5,AUTOROUTE A6,48.67692,2.33855,17,3,3
202100055862,102Â 030,A01,10,3,2,2,0,-1,-1,3,3,2,2021,43.0,2,2,0,1,1,1,1,,3,988,-1,,2,2,0,1,43,570,1,, -1,1,0,1,50,7,1,2021,17:57,5,12,12033,2,1,0,6,Route de Rodez,44.469508,2.729266,17,2,1
202100013458,177Â 684,B01,1,1,1,0,1,-1,-1,0,0,-1,2021,52.0,1,2,0,2,3,1,1,,3,,0,D,2,2,0,4,16,500,3,, -1,1,0,1,80,14,10,2021,10:15,1,88,88141,1,1,1,1,D13,48.267127,5.896976,10,2,2
202100009051,185Â 525,A01,1,1,1,9,1,8,-1,-1, -1,-1,2021,26.0,1,5,0,2,1,14,1,,1,13,0,,1,4,0,3,3,849,1,, -1,1,1,1,70,6,11,2021,17:22,5,92,92064,1,1,0,4,A13,48.8396033998,2.2123667999,17,6,3
202100002890,196Â 605,B01,1,1,1,0,2,6,-1,-1, -1,-1,2021,37.0,2,1,0,2,1,0,1,,3,CONCY(RUE),0,,2,2,0,1,0,100,3,, -1,1,5,1,30,14,12,2021,17:30,5,91,91691,2,9,0,3,CONCY(RUE),48.71061,2.48536,17,2,2
202100029394,149Â 237,A01,1,1,2,0,1,-1,-1,0,0,-1,2021,57.0,1,2,10,0,1,16,1,,3,26,0,C,2,2,0,1,1,700,3,, -1,2,0,4,50,13,7,2021,13:30,1,57,57288,2,1,1,6,20 Rue Abbe Cavelius,49.189459,6.673465,13,1,1
202100015748,173Â 519,A01,10,3,2,9,0,-1,-1,4,3,1,2021,29.0,1,2,0,1,3,1,2,,4,AVENUE DE LA REPUBLIQUE,0,,2,4,0,1,(1),(1),1,, -1,1,0,1,30,1,10,2021,08:00,2,75,75111,2,2,0,6,AVENUE DE LA REPUBLIQUE,48.866358,2.368831,8,2,1
202100030255,147Â 685,A01,2,2,1,9,2,8,-1,-1, -1,-1,2021,27.0,1,1,0,2,1,1,1,,3,15,0,,2,0,2,1,0,0,1,, -1,2,0,1,50,5,7,2021,06:00,1,92,92004,2,2,1,3,VOLTAIRE ( BD 16 A FIN ),48.91818224,2.2837775946,6,3,2
202100054429,104Â 464,B01,2,2,2,3,1,0,-1,-1, -1,-1,2021,36.0,0,2,0,2,3,13,1,,3,RD 201_ROND POINT P.BLANCHE_LIMITE CIRCO,0,,2,2,0,1,4,700,1,, -1,2,9,1,80,18,1,2021,11:20,1,60,60175,1,1,1,1,RD 201_ROND POINT P.BLANCHE_LIMITE CIRCO,49.24223,2.50309,11,6,2
202100052417,108Â 017,A01,10,3,1,5,0,-1,-1,8,3,1,2021,19.0,1,1,0,1,1,1,5,,4,BENGHOZI AUDREY,0,,1,2,2,1,0,0,1,, -1,1,0,5,50,3,2,2021,17:28,1,64,64445,2,1,0,6,BENGHOZI AUDREY,43.319,-0.3663,17,2,1
202100007502,188Â 348,A01,1,1,1,0,1,-1,-1,0,0,-1,2021,49.0,2,2,13,0,1,2,1,,3,28,0,,2,2,0,1,51,450,2,, -1,1,0,3,80,19,11,2021,15:50,1,28,28023,1,1,0,7,D28,48.512255,1.679471,15,1,1
202100053936,105Â 339,A01,10,3,2,9,0,-1,-1,5,3,1,2021,86.0,1,2,0,1,4,26,1,,4,,0,,1,-1,0,2,(1),(1),1,, -1,1,0,4,50,23,1,2021,10:05,1,54,54482,2,1,0,6,POUDRIERE (RUE DE LA),48.7015,6.20296,10,2,1
202100025026,156Â 918,A01,1,1,1,5,2,-1,-1,0,0,-1,2021,91.0,3,1,0,2,1,19,5,,3,981,-1,,3,2,0,1,46,200,1,, -1,1,0,1,80,9,8,2021,18:35,1,71,71145,1,2,0,3,,46.529225,4.68596,18,2,2
202100025160,156Â 681,A01,1,1,2,5,1,-1,-1,0,0,-1,2021,49.0,1,2,0,0,8,1,1,,3,258,-1,,2,1,0,1,5,500,1,,3,2,0,1,80,6,8,2021,15:30,1,14,14150,1,2,1,3,D258,48.992858,-0.393274,15,2,2
202100046233,119Â 132,A01,4,2,2,0,1,0,-1,-1, -1,-1,2021,7.0,0,2,0,2,5,15,1,,7,BD FERDINAND DE LESSEPS,0,,-1,6,0,1,0,600,1,, -1,1,0,1,50,28,3,2021,13:40,1,13,13203,2,2,0,3,FÃLIX PYAT (RUE),43.320789,5.374729,13,3,2
202100019252,167Â 218,A01,2,2,2,5,1,-1,-1,0,0,-1,2021,76.0,1,2,0,0,2,15,1,,1,,-1,,1,1,-1,1,14,600,1,, -1,1,3,1,80,14,9,2021,10:40,1,63,63413,1,3,0,3,D978/A75 bretelle accÃ¨s dir Clermont,45.653779,3.16837,10,3,2
202100035468,138Â 312,B01,1,1,1,5,2,6,9,-1, -1,-1,2021,54.0,1,1,0,2,8,3,1,,2,ROUTE NATIONALE 201 (VRU),0,,3,8,0,1,2,100,1,, -1,1,0,1,90,6,6,2021,17:05,1,73,73065,1,1,0,3,N201 VRU,45.57103,5.937417,17,2,2
202100009491,184Â 744,B01,1,1,1,0,2,6,-1,-1, -1,-1,2021,25.0,0,1,0,2,0,0,1,,3,7,0,,-1,3,0,1,0,0,1,, -1,1,0,1,50,30,10,2021,19:15,1,92,92004,2,1,0,3,DOCTEUR DERVAUX  ( QUAI DU ),48.9079988428,2.2924786806,19,2,2
202100041569,127Â 297,A01,1,1,1,5,2,6,-1,-1, -1,-1,2021,17.0,1,1,0,2,1,2,1,,3,CASANOVA DANIELLE NR 2 A 50 ET 1 A 19,0,,2,5,0,1,0,0,1,, -1,2,0,1,50,2,5,2021,17:10,1,93,93066,2,1,0,2,CASANOVA DANIELLE NR 2 A 50 ET 1 A 19,48.9296,2.3608,17,4,2
202100050974,110Â 567,B01,1,1,1,5,8,-1,-1,0,0,-1,2021,52.0,2,2,0,2,3,1,1,,3,764,-1,,2,2,0,2,15,45,1,, -1,2,0,1,80,19,2,2021,18:30,1,29,29211,1,1,1,1,D764 - PK15+045,48.3460464835,-3.7274479868,18,2,2
202100046225,119Â 145,A01,10,3,1,5,0,-1,-1,1,3,2,2021,72.0,0,2,0,1,4,20,1,,4,BOURDELLE (RUE A.),0,,2,1,0,1,(1),(1),1,, -1,1,0,1,30,26,3,2021,12:00,1,62,62193,2,1,0,6,BOURDELLE (RUE A.),50.950402,1.890812,12,3,1
202100002295,197Â 685,A01,10,3,2,5,0,-1,-1,3,3,1,2021,41.0,1,2,0,1,1,16,1,,4,,0,,2,2,0,1,1,0,1,, -1,1,9,1,50,18,12,2021,19:10,5,92,92007,2,3,0,6,BUTTES (RUE DES),48.7955403686,2.3142541945,19,2,1
202100024779,157Â 359,B01,1,1,1,1,1,0,-1,-1, -1,-1,2021,32.0,3,2,0,2,7,15,1,,3,JOFFRE (AVENUE),0,,3,4,0,1,0,0,1,, -1,1,0,1,50,10,8,2021,13:40,1,93,93031,2,6,0,3,JOFFRE (AVENUE),48.96165,2.29499,13,2,2
202100040967,128Â 388,B01,1,1,2,5,8,0,-1,-1, -1,-1,2021,12.0,1,0,0,0,4,0,3,,4,GENERAL JOINVILLE,0,,3,2,0,1,0,9,1,, -1,1,0,1,50,7,5,2021,16:58,1,93,93066,2,1,0,2,Rue du GÃ©nÃ©ral Joinville,48.934585,2.369331,16,2,2
202100029733,148Â 643,A01,1,1,1,5,2,6,-1,-1, -1,-1,2021,19.0,1,1,0,2,1,1,1,,4,FALAISES (PROMENADE DES),0,,2,2,0,2,0,0,1,, -1,1,0,1,50,9,7,2021,22:15,5,64,64024,2,1,0,1,10 PROMENADE DES FALAISES ,43.49788,-1.54042,22,2,2
202100029677,148Â 748,B01,7,2,2,5,1,-1,-1,0,0,-1,2021,21.0,3,2,0,2,8,1,1,,9,,-1,,2,2,0,1,(1),(1),1,,5,1,0,1,-1,10,7,2021,01:00,4,58,58088,2,1,0,3,Rue Bailly,47.005895,3.186963,1,7,2
202100002026,198Â 169,B01,1,1,1,0,2,-1,-1,-1, -1,-1,2021,26.0,2,1,0,2,1,1,1,,4,AVE DE VERDUN,0,,2,3,1,1,(1),(1),1,, -1,1,0,1,50,20,12,2021,20:20,5,33,33281,2,3,1,3,Avenue de Verdun,44.8397,-0.63798,20,3,2
202100029612,148Â 854,B01,1,1,2,5,1,8,-1,-1, -1,-1,2021,32.0,2,2,0,2,3,1,1,,4,LES TROIS CHEMINS,0,,2,2,0,2,(1),(1),1,, -1,1,0,1,80,9,7,2021,19:30,1,7,7072,1,1,0,3,LES TROIS CHEMINS,44.75008,4.5982,19,2,2
202100026568,154Â 210,A01,1,1,2,5,8,-1,-1,0,0,-1,2021,55.0,2,2,2,0,1,1,1,,1,A71,0,,2,2,0,1,120,650,1,, -1,1,0,8,130,25,7,2021,16:30,1,45,45146,1,1,0,6,A71 PK 120+650,47.736264,1.873426,16,1,1
202100038003,133Â 731,B01,1,1,1,0,2,0,-1,-1, -1,-1,2021,26.0,1,1,0,2,1,1,3,,4,BOULEVARD DE LA BEAUJOIRE,0,,2,2,3,1,(1),(1),1,, -1,1,0,1,30,27,5,2021,16:45,1,44,44109,2,1,0,3,BD DE LA BEAUJOIRE,47.25897,-1.52541,16,2,2
202100003113,196Â 202,A01,10,3,1,2,0,0,0,1,3,1,2021,12.0,1,2,0,2,2,1,1,,4,VALMY (RUE DE ),0,,2,2,0,1,(1),(1),1,, -1,1,0,1,50,13,12,2021,08:05,2,59,59017,2,1,0,6,VALMY (RUE DE ),50.6929317434,2.8757873484,8,2,1
202100005381,192Â 172,B01,1,1,1,1,2,0,-1,0,0,-1,2021,33.0,2,1,0,2,1,1,3,,4,RUE JULIA BARTET,0,,2,5,1,1,(1),(1),1,, -1,2,0,5,30,1,12,2021,07:50,1,75,75114,2,2,0,3,RUE JULIA BARTET,48.825461,2.302349,7,2,2
202100017742,169Â 911,A01,1,1,1,1,1,-1,-1,0,0,-1,2021,24.0,2,2,0,2,2,5,1,,3,116,-1,,2,2,0,2,(1),(1),1,, -1,1,0,1,80,21,9,2021,14:15,1,971,97117,1,1,0,3,D116,16.294335,-61.322207,14,2,2
202100048546,114Â 978,A01,1,1,2,3,1,0,-1,-1, -1,-1,2021,90.0,1,2,4,2,0,9,1,,3,RD 37,0,,2,4,0,1,14,250,1,, -1,1,0,1,90,8,3,2021,18:10,2,37,37195,1,1,0,6,RD 37,47.3832563131,0.6509827023,18,2,2
202100013414,177Â 754,A01,1,1,1,9,2,0,-1,-1, -1,-1,2021,47.0,0,1,0,2,1,1,5,,3,50,0,,-1,1,0,1,0,0,1,, -1,1,0,1,50,13,10,2021,11:20,1,92,92046,2,3,0,3,PIERRE LAROUSSE (AVENUE),48.8195535467,2.3061525822,11,2,2
202100000427,200Â 946,A01,10,3,1,2,8,8,-1,2,3,1,2021,8.0,1,2,0,1,1,1,1,,4,BERNE (RUE DE),0,,2,1,0,1,(1),(1),1,, -1,1,0,1,30,8,11,2021,11:44,1,68,68066,2,1,0,6,BERNE (RUE DE),48.0713,7.32956,11,2,1
202100025055,156Â 873,B01,1,1,2,5,2,-1,-1,0,0,-1,2021,63.0,1,1,0,2,8,1,0,,3,16,-1,,2,2,0,1,4,0,3,, -1,1,0,1,80,2,8,2021,15:55,1,43,43016,1,1,0,5,D16,45.3909015,3.353034,15,3,3
202100050048,112Â 279,A01,1,1,1,4,8,0,0,0,0,-1,2021,47.0,3,2,0,2,3,1,1,,4,JAURES (BD JEAN),0,,2,1,3,1,(1),(1),1,, -1,1,9,6,25,26,2,2021,08:08,1,6,6088,2,9,0,3,JAURES (BD JEAN),43.699138,7.277353,8,4,2
202100050253,111Â 892,B01,2,2,2,5,2,6,-1,0,0,-1,2021,19.0,1,1,0,2,1,1,1,,3,D618,-1,,2,2,0,1,13,500,1,, -1,1,0,1,70,20,2,2021,13:45,1,55,55500,2,1,0,4,D618,49.324472,5.662165,13,4,3
202100010264,183Â 358,B01,1,1,1,9,2,8,-1,-1, -1,-1,2021,31.0,1,1,0,2,7,17,1,,4,GALMOT (AVENUE),0,,2,2,0,1,(1),(1),1,, -1,1,8,1,50,28,10,2021,17:05,1,973,97302,2,1,0,3,GALMOT (AVENUE),4.93238,-52.32692,17,2,2
202100043997,123Â 033,A01,1,1,2,1,1,0,-1,-1, -1,-1,2021,37.0,1,2,0,2,4,2,1,,1,A86 INT,0,,3,6,0,1,43,500,1,, -1,1,0,1,90,15,4,2021,17:05,1,94,94081,1,1,0,2,A86 INT,48.7738141386,2.4033475616,17,2,2
202100018708,168Â 201,A01,1,1,1,0,2,6,-1,-1, -1,-1,2021,34.0,2,1,0,2,8,0,1,,1,AUTOROUTE A1,0,,1,9,0,1,0,500,1,, -1,1,0,1,50,16,9,2021,09:15,1,93,93066,1,1,0,3,AUTOROUTE A1,48.9075182389,2.358505508,9,2,2
202100007731,187Â 938,B01,1,1,2,1,1,-1,-1,0,0,-1,2021,52.0,2,2,3,0,4,1,1,,2,174,0,,3,4,0,1,45,197,1,, -1,1,0,1,110,10,11,2021,07:58,1,50,50348,1,1,0,2,N174,49.264994,-1.158757,7,3,2
202100005239,192Â 416,A01,10,3,2,5,0,-1,-1,8,3,1,2021,54.0,1,2,0,1,5,1,1,,6,LABUSSIERE (AVENUE EMILE),0,,-1,-1,0,1,0,0,1,, -1,1,0,1,30,1,12,2021,10:33,1,87,87085,2,1,0,6,LABUSSIERE (AVENUE EMILE),45.8436,1.25266,10,2,1
202100044809,121Â 619,B01,1,1,2,0,2,0,-1,-1, -1,-1,2021,60.0,1,1,0,2,2,1,5,,4,CARNOT,0,,1,1,1,1,0,0,1,, -1,1,0,5,30,7,4,2021,10:10,1,64,64445,2,1,0,3,CARNOT,43.30101,-0.36945,10,2,2
202100049939,112Â 479,A01,3,2,1,4,1,-1,-1,0,0,-1,2021,21.0,2,2,5,0,2,2,1,,3,93,0,,2,2,0,2,2,202,2,, -1,1,2,4,80,28,2,2021,11:10,1,6,6136,1,1,0,7,cd93 pk2.1,43.890726,7.48555,11,4,1
202100027582,152Â 422,B01,1,1,1,5,2,0,-1,-1, -1,-1,2021,20.0,2,1,0,2,1,2,1,,3,JEAN JAURES (R),0,,2,2,1,1,1,0,1,, -1,1,0,1,50,22,7,2021,19:50,1,94,94017,2,1,0,3,Rue Jean JaurÃ¨s,48.8149934176,2.50674963,19,3,2
202100038526,132Â 776,A01,4,2,2,4,1,0,-1,0,0,-1,2021,30.0,1,2,0,2,3,2,1,,4,AVENUE FOCH,0,,2,4,0,1,(1),(1),1,, -1,2,0,1,50,24,5,2021,16:35,1,75,75116,2,3,1,2,AVENUE FOCH,48.872721,2.28032,16,4,2
202100020634,164Â 743,A01,1,1,1,5,1,-1,-1,0,0,-1,2021,81.0,0,2,6,2,2,15,1,,3,268,-1,,2,2,0,1,4,89,1,, -1,1,5,1,70,6,9,2021,12:30,1,50,50215,2,1,0,3,77 Route de Coutances (Gouville-sur-Mer),49.092645,-1.573421,12,2,2
202100029494,149Â 073,A01,10,3,2,9,0,-1,-1,1,A,1,2021,3.0,1,0,0,9,2,1,6,,3,773,0,D,2,2,0,1,18,100,1,, -1,1,0,1,80,8,7,2021,14:05,1,35,35211,1,1,0,6,D773,47.992584,-2.142694,14,3,1
202100001532,199Â 063,A01,1,1,1,0,2,6,-1,0,0,-1,2021,23.0,0,1,0,2,1,13,1,,3,D103,-1,A,2,2,0,2,(1),(1),1,, -1,2,0,1,50,26,12,2021,12:05,1,21,21640,2,1,1,1,1bis Rue du PrÃ© de la Ville,47.494057,4.222,12,2,2
202100052431,107Â 993,B01,1,1,1,0,2,0,-1,-1, -1,-1,2021,68.0,3,1,0,2,1,1,1,,4,,0,,2,0,0,1,(1),(1),1,, -1,1,9,1,30,5,2,2021,17:10,1,44,44162,2,1,1,2,PLACE OCEANE,47.22549,-1.62707,17,2,2
202100014744,175Â 354,B01,1,1,1,0,2,0,-1,-1, -1,-1,2021,23.0,2,1,0,2,1,3,1,,1,15,0,,3,4,0,1,4,699,1,, -1,1,0,1,110,6,10,2021,07:20,3,92,92036,1,1,0,2,AUTOROUTE A15,48.9417367365,2.290604533,7,4,2
202100018524,168Â 521,A01,10,3,1,0,0,-1,-1,3,3,1,2021,83.0,1,2,0,1,7,17,1,,4,LOUIS BLANC                         (R ),0,,1,1,0,1,(1),(1),1,, -1,1,0,1,50,16,9,2021,17:00,1,69,69386,2,2,0,6,LOUIS BLANC (R),45.76536,4.85593,17,2,1
202100018322,168Â 874,A01,10,3,1,0,0,-1,-1,1,5,1,2021,19.0,1,2,0,1,2,1,1,,4,GANZAU (RUE DE LA),0,,2,2,0,1,0,0,1,, -1,2,0,1,50,17,9,2021,08:50,1,67,67482,2,1,0,6,GANZAU (RUE DE LA),48.53754,7.76055,8,2,1
202100000241,201Â 292,A01,1,1,1,5,2,-1,-1,0,0,-1,2021,23.0,1,1,0,6,1,1,1,,2,30,0,,2,2,0,1,59,800,1,, -1,1,0,1,80,30,12,2021,19:00,3,202,202080,1,1,0,1,Restaurant,42.502767,9.176829,19,1,1
202100015253,174Â 445,A01,1,1,2,5,1,-1,-1,0,0,-1,2021,40.0,2,2,13,0,2,1,1,,3,199,-1,,2,2,0,1,10,500,3,, -1,2,0,3,80,5,10,2021,01:45,3,49,49092,1,4,1,7,"le plessis, chanzeaux",47.269511,-0.6215,1,1,1
202100040557,129Â 118,A01,1,1,1,2,2,6,-1,0,0,-1,2021,16.0,0,1,17,0,1,0,1,,4,,0,,2,2,0,1,(1),(1),1,, -1,1,0,3,50,22,3,2021,17:55,1,64,64283,2,1,0,7,route de Mandos,43.199439,-1.200787,17,1,1
202100042946,124Â 905,A01,1,1,2,5,0,-1,-1,0,0,-1,2021,13.0,1,1,0,2,1,19,3,,3,415,0,D,2,2,0,1,15,845,1,, -1,1,0,1,50,22,4,2021,12:58,1,88,88349,2,2,0,3,Rue de Saint-DiÃ©,48.174575,7.012214,12,2,2
202100034676,139Â 743,A01,1,1,1,5,2,6,-1,0,0,-1,2021,37.0,2,1,0,0,2,1,1,,2,85,-1,,3,2,0,2,1,173,3,, -1,1,0,3,80,13,6,2021,17:50,1,5,5009,1,1,0,7,N85,44.799255,5.970526,17,1,1
202100040603,129Â 037,A01,1,1,1,5,2,8,-1,-1, -1,-1,2021,25.0,2,1,0,2,5,26,1,,3,MARQUISATS (AVENUE DES),0,,2,2,0,1,1,0,1,, -1,1,0,1,50,8,5,2021,16:50,1,74,74010,2,1,0,2,MARQUISATS (AVENUE DES),45.8836764518,6.1420655251,16,2,2
202100023398,159Â 794,B01,1,1,1,1,2,6,-1,-1, -1,-1,2021,31.0,2,1,1,0,0,0,1,,3,7,0,,2,2,0,1,0,0,1,, -1,1,0,1,50,19,8,2021,14:50,1,92,92048,2,1,0,2,VAUGIRARD (ROUTE DE),48.8201416393,2.2396418452,14,2,2
202100051532,109Â 584,B01,1,1,1,5,1,-1,-1,0,0,-1,2021,27.0,1,2,0,2,1,2,1,,1,84,0,,3,4,0,1,262,200,1,, -1,1,0,1,90,14,2,2021,17:30,1,14,14738,1,1,0,5,A84,49.164748,-0.432828,17,5,3
202100019775,166Â 299,A01,1,1,1,5,2,6,-1,0,0,-1,2021,32.0,1,1,0,0,0,1,1,,3,93,-1,,2,2,0,1,87,200,3,, -1,1,0,1,50,11,9,2021,10:35,1,26,26040,2,1,0,7,Le Grand PrÃ©,44.570325,5.558564,10,1,1
202100048544,114Â 980,A01,1,1,1,9,1,-1,-1,-1, -1,-1,2021,33.0,3,2,0,2,1,2,1,,4,BREBANT (AVENUE) DU 1 A 86,0,,2,2,0,1,(1),(1),1,, -1,1,0,1,50,9,3,2021,13:30,1,51,51454,2,1,0,4,Avenue BrÃ©bant,49.2555154035,4.0153124928,13,3,3
202100045102,121Â 118,A01,10,3,1,5,0,-1,-1,3,3,1,2021,31.0,0,5,0,1,1,1,1,,4,BOUTET C. AVENUE,0,,1,0,0,2,0,0,1,, -1,1,0,1,50,31,3,2021,20:40,2,8,8105,2,1,0,6,BOUTET C. AVENUE,49.775694,4.711244,20,2,1