Num_Acc,id_vehicule,num_veh,place,catu,sexe,trajet,secu1,secu2,secu3,locp,actp,etatp,year_acc,victim_age,senc,catv,obs,obsm,choc,manv,motor,occutc,catr,voie,v1,v2,circ,nbv,vosp,prof,pr,pr1,plan,lartpc,larrout,surf,infra,situ,vma,jour,mois,an,hrmn,lum,dep,com,agg_,int,atm,col,adr,lat,long,hour,nb_victim,nb_vehicules
202100004037,194Â 526,A01,1,1,1,5,1,-1,-1,-1, -1,-1,2021,82.0,1,2,9,0,2,1,1,,4,RUISSELET (RUE),0,,3,2,0,1,(1),(1),1,, -1,1,0,1,50,8,12,2021,13:10,1,51,51454,2,1,0,7,Rue du Ruisselet,49.2451213284,4.0386289358,13,1,1
202100010671,182Â 649,A01,1,1,1,0,1,0,-1,-1, -1,-1,2021,46.0,1,5,0,2,1,1,1,,1,AUTOROUTE A3,0,,3,6,0,1,1,200,1,, -1,1,0,1,90,28,10,2021,17:45,1,93,93006,1,1,0,2,AUTOROUTE A3,48.867694451,2.4272502164,17,2,2
202100042253,126Â 104,A01,10,3,1,2,0,-1,-1,9,1,3,2021,8.0,3,3,0,1,7,1,1,1.0,4,1,0,A,2,2,0,2,11,0,1,, -1,1,0,1,30,28,4,2021,13:00,1,987,98738,1,1,0,2,PK 11 cotÃ© montagne - Lotissement Social,-17.618416,-149.570803,13,2,1
202100054394,104Â 535,C01,7,2,2,5,1,-1,-1,0,0,-1,2021,20.0,3,2,0,2,4,2,1,,1,8,-1,,3,3,0,2,200,0,2,, -1,2,3,1,50,18,1,2021,17:26,3,6,6088,1,1,1,4,A8 PK 200.000 SUD,43.733044,7.285309,17,5,4
202100024700,157Â 491,A01,1,1,2,5,1,-1,-1,-1,0,-1,2021,27.0,1,2,0,2,1,1,1,,1,AUTOROUTE A15,0,,3,11,0,1,21,399,1,, -1,1,0,1,90,11,8,2021,00:20,3,95,95572,1,1,0,2, A15,49.03178,2.11693,0,2,2
202100012746,178Â 933,A01,9,2,2,1,0,-1,-1,0,0,-1,2021,29.0,2,2,3,0,3,21,1,,1,40,0,A,3,4,0,1,46,100,1,, -1,1,0,1,130,18,10,2021,17:05,1,74,74262,1,1,0,6,A40,46.134824,6.319113,17,4,1
202100001075,199Â 842,B01,3,2,2,5,1,8,-1,-1, -1,-1,2021,1.0,1,2,0,2,1,1,1,,3,MEDERIC (AVENUE),0,,2,2,0,1,0,0,1,, -1,2,5,1,50,29,11,2021,19:55,5,93,93051,2,2,1,1,MEDERIC (AVENUE),48.82997,2.58131,19,3,2
202100049860,112Â 611,A01,2,2,1,0,8,-1,-1,-1, -1,-1,2021,24.0,3,1,0,0,0,26,1,,4,JOANNES MASSET                      (AV),0,,2,2,2,1,(1),(1),1,, -1,1,0,1,50,27,2,2021,22:40,5,69,69389,2,1,0,7,JOANNES MASSET (AV),45.7699394391,4.8008792213,22,3,1
202100032883,142Â 988,D01,1,1,2,9,1,-1,-1,-1, -1,-1,2021,29.0,2,2,0,2,6,1,1,,4,AVE DES PYRENEES,0,,2,2,1,1,(1),(1),1,, -1,2,-1,1,50,22,6,2021,10:50,1,33,33550,2,9,1,5,Avenue des PyrÃ©nÃ©es,44.763838,-0.560486,10,3,3
202100051634,109Â 400,A01,2,2,1,1,1,0,-1,-1, -1,-1,2021,32.0,3,2,4,0,1,1,1,,7,350,0,,1,2,0,1,(1),(1),2,, -1,2,3,1,50,9,2,2021,07:10,2,67,67482,1,1,0,6,M350,48.59235,7.73673,7,2,1
202100003637,195Â 248,A01,10,3,1,5,0,-1,-1,3,3,2,2021,4.0,1,2,0,1,1,1,1,,4,CHEZEL (RUE CLOVIS),0,,2,2,0,1,(1),(1),1,, -1,2,0,1,50,10,12,2021,13:45,1,51,51454,2,1,0,7,Rue Clovis Chezel,49.2403770278,4.0327361226,13,2,1
202100050725,111Â 016,B01,2,2,1,5,1,8,-1,-1, -1,-1,2021,50.0,2,2,0,2,4,2,1,,1,A86.EXT,0,,1,-1,0,1,30,0,1,, -1,1,0,1,90,21,2,2021,13:15,1,94,94033,1,1,0,2,A86.EXT,48.8521422803,2.4902740888,13,3,2
202100020807,164Â 454,A01,1,1,1,5,1,-1,-1,-1, -1,-1,2021,20.0,1,2,0,2,2,2,1,,1,ROCADE A 630,0,,3,6,0,2,3,99,1,, -1,1,2,1,70,4,9,2021,23:05,5,33,33063,1,1,0,2,ROCADE A 630,44.880252,-0.538405,23,3,2
202100029311,149Â 370,B01,2,2,2,5,2,8,-1,-1, -1,-1,2021,37.0,2,1,0,2,2,2,1,,4,REPUBLIQUE (RUE DE LA),0,,2,2,0,1,0,0,1,, -1,1,0,1,50,12,7,2021,18:45,1,13,13202,2,1,0,3,REPUBLIQUE (RUE DE LA),43.29889,5.37183,18,3,2
202100036909,135Â 726,A01,1,1,2,1,1,-1,-1,0,0,-1,2021,22.0,2,2,0,2,3,1,1,,3,150,0,,2,2,0,1,3,500,3,, -1,1,0,1,80,3,6,2021,17:02,1,53,53258,1,1,0,1,D150,47.830593,-1.044496,17,2,2
202100055646,102Â 388,B01,1,1,1,0,1,0,-1,-1, -1,-1,2021,28.0,1,5,0,2,4,1,1,,1,A7-Sens Lyon vers Marseille,0,,-1,2,0,1,259,0,1,, -1,1,0,1,90,9,1,2021,18:15,3,13,13117,1,1,0,2,A7-Sens Lyon vers Marseille,43.4564,5.23586,18,3,2
202100054891,103Â 692,B01,1,1,2,1,0,-1,-1,-1, -1,-1,2021,23.0,2,1,0,2,1,1,5,,4,LAENNEC ( BD ),0,,1,1,0,1,(1),(1),2,, -1,1,5,1,30,14,1,2021,16:40,1,56,56121,2,6,0,3,LAENNEC ( BD ),47.75815,-3.36199,16,2,2
202100012203,179Â 903,A01,1,1,1,9,8,0,-1,-1, -1,-1,2021,50.0,1,0,0,0,0,15,3,,4,ADEZIERE ROUTE,0,,2,2,0,1,1,0,2,, -1,1,0,1,80,18,10,2021,08:20,2,49,49015,2,1,1,7,La PiardiÃ¨re,47.5037898672,-0.6194724284,8,1,1
202100019495,166Â 784,B01,3,2,2,0,1,0,-1,0,0,-1,2021,62.0,3,2,0,2,4,23,1,,4,QUATORZE JUILLET (BOULEVARD),0,,3,4,0,1,(1),(1),1,, -1,1,0,1,50,11,9,2021,22:45,5,27,27229,2,1,0,2,QUATORZE JUILLET (BOULEVARD),49.01175,1.16843,22,4,2
202100051372,109Â 854,B01,1,1,2,5,1,-1,-1,-1, -1,-1,2021,38.0,2,2,14,2,1,9,1,,7,RD383   7.640 A 11.044,0,,1,4,0,1,8,500,1,, -1,1,0,1,70,6,2,2021,13:50,1,69,69029,1,1,0,2,RD383,45.7441683416,4.9061842561,13,2,2
202100052189,108Â 425,A01,4,2,1,5,2,-1,-1,0,0,-1,2021,22.0,3,0,1,0,0,14,0,,4,,-1,,2,2,0,1,(1),(1),1,, -1,1,0,4,50,8,2,2021,18:10,3,978,97801,2,1,0,7,R DE SANDY GROUND,18.057763,-63.101274,18,2,1
202100020210,165Â 506,A01,10,3,2,9,0,-1,-1,9,3,2,2021,37.0,3,1,0,1,1,26,1,,4,m'tsapere-Maeventana (rue),0,,2,2,0,2,0,0,1,, -1,1,0,1,50,7,9,2021,06:40,1,976,97611,2,1,0,6,m'tsapere-Maeventana (rue),-12.78828,45.22046,6,2,1
202100005911,191Â 223,A01,1,1,1,1,8,0,-1,-1, -1,-1,2021,25.0,3,1,0,2,7,2,5,,4,BEARN DU,0,,2,2,0,1,0,0,1,, -1,2,9,8,50,26,11,2021,20:45,5,64,64269,2,1,1,2,BEARN DU,43.30103,-0.30665,20,2,2
202100051052,110Â 419,A01,1,1,2,0,1,0,-1,-1, -1,-1,2021,54.0,3,2,0,2,3,11,1,,4,ROI RENE BOULEVARD,0,,2,2,2,1,1,0,1,, -1,2,0,1,50,16,2,2021,18:56,3,49,49007,2,1,0,3,ROI RENE BOULEVARD,47.467253,-0.555037,18,2,2
202100005771,191Â 477,B01,1,1,1,0,2,8,-1,0,0,-1,2021,48.0,1,1,0,2,8,1,0,,7,MOATTI PASSAGE,0,,1,2,0,2,(1),(1),2,, -1,1,1,1,50,28,11,2021,08:40,1,6,6123,2,1,0,3,MOATTI PASSAGE,43.661096,7.192581,8,2,2
202100038574,132Â 697,A01,1,1,1,5,0,-1,-1,0,0,-1,2021,70.0,3,2,0,0,1,13,1,,4,,-1,,2,2,0,1,(1),(1),1,,4,2,0,3,80,24,5,2021,21:45,3,85,85050,1,3,1,7,Bougre,46.506774,-1.316385,21,1,1
202100013784,177Â 068,A01,1,1,2,1,1,0,-1,-1, -1,-1,2021,40.0,1,2,0,2,4,2,1,,1,A7-Sens Lyon vers Marseille,0,,1,3,0,2,273,0,3,, -1,1,3,8,90,12,10,2021,10:45,1,13,13215,1,1,0,2,A7-Sens Lyon vers Marseille,43.3738,5.35459,10,2,2
202100023407,159Â 777,B01,4,2,2,5,1,-1,-1,-1,0,-1,2021,21.0,3,5,0,2,1,1,1,,4,,0,,2,2,0,1,(1),(1),1,, -1,1,0,1,50,26,6,2021,23:15,5,95,95585,2,3,0,1,Rue des Bauves,48.9912193587,2.3864632845,23,6,2
202100017856,169Â 701,A01,2,2,1,0,8,0,-1,-1, -1,-1,2021,25.0,1,2,0,2,1,2,1,,4,,0,,2,4,0,1,(1),(1),1,, -1,2,0,1,50,19,9,2021,07:15,2,25,25056,2,2,1,3,BLUM  BOULEVARD LEON (inf 51),47.256,6.02,7,3,2
202100014917,175Â 051,A01,1,1,1,1,1,-1,-1,0,0,-1,2021,22.0,1,2,1,0,1,21,1,,3,157,0,,2,2,0,1,19,668,1,, -1,1,0,3,50,5,10,2021,13:25,1,62,62543,2,1,0,6,59 bis grand rue,50.633999,2.323753,13,1,1
202100050600,111Â 241,A01,1,1,1,1,1,0,-1,-1, -1,-1,2021,32.0,1,2,0,2,1,2,1,,4,GRAND VAL (R DU),0,,2,2,0,2,1,0,1,, -1,1,0,1,50,22,2,2021,20:05,5,94,94071,2,4,0,2,Rue du Grand Val,48.77497,2.51975,20,2,2
202100030900,146Â 528,A01,1,1,1,1,1,-1,-1,0,0,-1,2021,59.0,1,2,7,0,1,1,1,,3,63,-1,,2,2,0,3,24,900,1,, -1,1,0,3,50,2,7,2021,04:45,3,29,29166,1,1,0,6,D63,48.155268,-4.233418,4,1,1
202100009559,184Â 620,B01,1,1,1,0,2,6,-1,-1, -1,-1,2021,45.0,1,1,0,2,7,3,1,,1,AUTOROUTE A86,0,,1,6,0,2,27,799,3,, -1,2,0,1,90,4,11,2021,08:15,1,93,93064,1,1,1,3,AUTOROUTE A86,48.87656,2.47824,8,2,2
202100040183,129Â 773,A01,1,1,1,5,2,8,-1,-1, -1,-1,2021,22.0,0,1,13,0,1,26,0,,4,BREAT (DU),0,,-1,2,0,1,(1),(1),2,, -1,1,0,3,50,8,5,2021,13:50,1,42,42218,1,1,0,6,Route de Condamine,45.4571126077,4.2626926605,13,1,1
202100050723,111Â 018,A01,2,2,1,0,2,0,-1,-1, -1,-1,2021,26.0,2,1,4,0,8,1,1,,1,AUTOROUTE A86,0,,3,6,0,1,27,250,1,, -1,1,0,1,90,20,2,2021,21:10,3,93,93064,1,1,0,6,AUTOROUTE A86,48.8771,2.47767,21,2,1
202100011939,180Â 385,A01,1,1,1,9,1,8,-1,-1, -1,-1,2021,21.0,2,2,4,0,3,1,1,,1,A50-Sens Toulon vers Aubagne,0,,1,3,0,1,28,500,1,, -1,2,0,1,110,21,10,2021,09:54,1,13,13085,1,1,1,6,A50-Sens Toulon vers Aubagne,43.25152,5.59582,9,1,1
202100007249,188Â 797,B01,1,1,2,1,1,0,-1,0,0,-1,2021,54.0,3,2,0,2,4,2,1,,4,PONT DE BARROY (ROUTE DU),0,,2,1,0,1,0,0,1,, -1,1,9,1,50,19,11,2021,14:05,1,47,47201,2,1,0,2,PONT DE BARROY (ROUTE DU),44.1962,0.5963,14,2,2
202100043084,124Â 664,A01,1,1,1,4,8,-1,-1,0,0,-1,2021,52.0,1,4,1,9,2,0,1,,1,10,-1,,2,5,0,1,163,967,1,, -1,1,2,2,130,23,4,2021,03:35,3,41,41223,1,1,0,3,"Autoroute A10, Point kilomÃ©trique 160.350",47.616396,1.195579,3,2,2
202100035848,137Â 622,A01,1,1,2,9,1,0,-1,-1, -1,-1,2021,38.0,1,2,0,2,4,2,1,,1,A507 sens Marseille - Aubagne,0,,3,3,0,2,2,589,1,, -1,1,1,1,70,8,6,2021,10:45,1,13,13055,1,1,0,4,A507 sens Marseille - Aubagne,43.32995,5.40051,10,4,3
202100005113,192Â 635,A01,10,3,1,2,0,-1,-1,3,3,1,2021,14.0,3,2,0,1,3,1,1,,4,R DE CHEVILLY,0,,2,2,0,1,1,0,1,, -1,1,0,1,50,2,12,2021,07:50,1,94,94038,2,1,0,6,Rue de Chevilly,48.77625,2.34108,7,2,1
202100007843,187Â 718,A01,1,1,2,4,1,0,-1,0,0,-1,2021,47.0,2,2,0,2,8,11,1,,4,BOULEVARD PERIPHERIQUE,0,,1,3,0,1,6,800,1,, -1,2,0,1,70,16,11,2021,08:45,1,75,75114,2,1,0,3,BOULEVARD PERIPHERIQUE,48.824292,2.30637,8,2,2
202100051472,109Â 696,A01,1,1,1,5,2,6,9,0,0,-1,2021,16.0,1,1,0,0,1,0,1,,3,231,-1,,2,2,0,2,20,479,2,, -1,1,0,3,90,16,2,2021,14:45,1,3,3260,1,1,0,7,D231,46.3980632665,2.9847555598,14,1,1
202100039730,130Â 563,A01,10,3,1,5,0,-1,-1,2,3,1,2021,14.0,1,2,0,1,3,9,1,,4,VERLAINE (RUE PAUL),0,,2,1,3,1,0,0,1,, -1,2,9,8,30,16,5,2021,18:45,1,93,93027,2,1,1,6,Rue Paul Verlaine,48.93333,2.392296,18,2,1
202100023816,159Â 053,A01,2,2,1,5,1,-1,-1,0,0,-1,2021,22.0,3,2,2,0,7,1,1,,4,,-1,,2,2,0,1,(1),(1),2,,"3,5",1,0,3,80,18,8,2021,00:10,3,81,81215,1,1,0,6,Route de Sainte-CÃ©cile,43.788302,1.916787,0,2,1
202100035620,138Â 050,A01,1,1,1,0,0,-1,-1,0,0,-1,2021,58.0,3,1,0,0,0,1,5,,4,203,-1,,2,2,0,2,(1),(1),2,, -1,1,0,1,80,8,6,2021,18:57,1,24,24009,1,1,0,7,lieu dit fontanelle,45.319995,1.12091,18,1,1
202100045480,120Â 443,A01,1,1,1,5,2,6,9,0,0,-1,2021,21.0,2,1,0,2,1,1,1,,3,233,-1,D,2,2,0,1,14,500,1,, -1,1,5,1,80,3,4,2021,16:25,1,29,29056,1,4,0,2,Lieu-dit Guerrus,48.4366424404,-4.2939886755,16,2,2
202100034748,139Â 598,B01,1,1,1,5,2,0,-1,0, -1,-1,2021,58.0,2,1,0,2,1,1,0,,3,RD810,0,,2,2,0,4,27,465,1,, -1,1,0,1,30,12,6,2021,09:30,1,64,64545,2,3,0,3,11 Rue Paul GÃ©los,43.378464,-1.6708229,9,2,2
202100052648,107Â 619,A01,1,1,1,2,2,-1,-1,-1, -1,-1,2021,19.0,1,1,0,2,1,21,1,,4,ESSES (DES)                         (MO),0,,2,2,0,2,(1),(1),1,, -1,2,0,1,50,3,2,2021,18:20,5,69,69384,2,1,1,1,ESSES (DES)                         (MO),45.773,4.81536,18,2,2
202100037265,135Â 065,B01,1,1,1,5,2,0,-1,0,0,-1,2021,43.0,1,1,0,2,4,1,1,,3,HARCOURT (AVENUE D'),0,,2,2,0,1,1,0,1,, -1,1,0,1,50,30,5,2021,15:25,1,14,14118,1,1,0,6,D562,49.16549,-0.36535,15,3,2
202100003187,196Â 074,A01,7,2,2,9,0,-1,-1,0,0,-1,2021,7.0,1,2,0,2,3,0,1,,3,81,0,,2,2,0,2,15,600,3,, -1,9,0,1,80,15,12,2021,12:45,1,82,82087,1,1,1,3,D81,44.157424,1.211693,12,4,2
202100044035,122Â 964,A01,1,1,1,5,2,0,-1,-1, -1,-1,2021,25.0,2,1,0,2,1,13,1,,4,FERNANDEL (AVENUE),0,,2,2,0,4,(1),(1),3,, -1,1,0,1,50,14,4,2021,15:30,1,13,13212,2,1,0,1,FERNANDEL (AVENUE),43.3122639575,5.4523312173,15,3,2
202100036299,136Â 803,B01,1,1,2,5,1,-1,-1,0,0,-1,2021,47.0,1,2,6,2,1,1,1,,3,6085,0,A,2,2,0,1,34,932,1,, -1,1,0,1,50,6,6,2021,09:45,1,6,6130,2,1,0,1,30 Avenue Gaston de Fontmichel,43.695942,6.853195,9,2,2
202100052163,108Â 471,A01,1,1,2,5,5,1,-1,0,0,-1,2021,43.0,1,2,0,2,3,1,1,,3,14,0,D,2,2,0,1,(1),(1),1,, -1,2,0,1,90,8,2,2021,15:00,1,23,23177,1,1,1,1,Les Fougeres,46.269614,1.518624,15,2,2
202100020219,165Â 493,B01,1,1,1,1,2,6,-1,-1, -1,-1,2021,43.0,1,1,0,2,7,1,1,,3,MOUFIA (ROUTE DE),0,,2,2,0,2,(1),(1),1,, -1,1,8,1,50,7,9,2021,18:30,5,974,97411,2,3,1,3,MOUFIA (ROUTE DE),-20.9065982563,55.4892101884,18,2,2
202100030465,147Â 316,A01,1,1,2,5,1,-1,-1,0,0,-1,2021,37.0,3,2,0,2,1,1,1,,4,2,0,,2,2,0,1,(1),(1),1,, -1,1,0,1,80,6,7,2021,14:00,1,44,44062,1,1,0,1,lieu dit La GÃ©netrie,47.527721,-1.746676,14,2,2
202100020816,164Â 437,A01,1,1,1,5,2,6,-1,-1,0,-1,2021,32.0,2,1,0,2,1,3,1,,1,AUTOROUTE A15,0,,3,8,0,1,14,899,1,, -1,1,0,1,110,5,9,2021,19:00,1,95,95424,1,1,0,3, A15,48.99478,2.1833,19,2,2
202100052575,107Â 746,A01,1,1,1,5,2,6,-1,0,0,-1,2021,17.0,1,1,0,2,3,13,1,,4,RUE DE SEVRES,0,,2,3,0,1,(1),(1),1,, -1,2,0,1,50,3,2,2021,14:36,1,75,75107,2,3,1,3,RUE DE SEVRES,48.849826,2.323283,14,2,2
202100029381,149Â 259,A01,1,1,2,1,2,6,-1,0,0,-1,2021,20.0,1,1,0,2,7,9,1,,3,675,0,D,2,2,0,1,44,900,1,, -1,2,0,1,80,13,7,2021,09:30,1,27,27065,1,6,1,7,Route dÃ©partementale D675,49.348227,0.361723,9,2,2
202100020458,165Â 066,A01,10,3,2,0,0,-1,-1,3,3,2,2021,23.0,1,2,0,1,2,1,1,,4,ARRAS RUE D,0,,2,2,0,1,(1),(1),1,, -1,1,0,8,30,21,5,2021,16:45,1,59,59350,2,1,0,6,ARRAS RUE D,50.6207584915,3.0658380329,16,2,1
202100053049,106Â 898,A01,1,1,1,0,1,0,-1,-1, -1,-1,2021,23.0,1,2,1,0,1,1,1,,3,JEAN JAURES (RUE),0,,2,2,0,1,10,115,1,, -1,2,0,4,50,30,1,2021,00:10,3,71,71499,2,1,1,7,JEAN JAURES (RUE),46.6647825548,4.304753455,0,1,1
202100024563,157Â 753,A01,1,1,1,1,2,6,-1,-1, -1,-1,2021,21.0,1,1,0,2,1,1,0,,3,JEAN-JAURES (BD),0,,2,4,0,1,0,0,1,, -1,1,0,1,50,11,8,2021,23:10,5,93,93070,2,1,0,3,JEAN-JAURES (BD),48.9152,2.33782,23,2,2
202100053799,105Â 588,A01,10,3,1,0,0,-1,-1,9,3,2,2021,7.0,1,2,0,1,1,1,1,,3,6110,-1,,2,2,0,1,1,700,1,, -1,1,0,1,50,25,1,2021,12:20,1,30,30321,2,1,0,6,route de salinelle RD 6110,43.783229,4.086796,12,2,1
202100010860,182Â 316,A01,10,3,1,5,0,-1,-1,3,3,3,2021,4.0,2,2,0,1,5,26,1,,3,D8,0,,-1,3,0,2,0,1,2,, -1,1,6,1,50,25,10,2021,11:45,1,83,83061,2,9,0,6,D8,43.4348676761,6.7253279686,11,5,1
202100012469,179Â 420,C01,2,2,1,9,1,0,-1,0,0,-1,2021,25.0,1,2,0,2,4,1,1,,7,ANGLAIS (DU NÂ° 114 AU NÂ° 263),0,,3,6,1,1,(1),(1),1,, -1,1,0,1,50,17,10,2021,23:58,5,6,6088,2,1,0,5,ANGLAIS (DU NÂ° 114 AU NÂ° 263),43.694913,7.266332,23,4,3
202100045696,120Â 061,B01,1,1,1,1,2,-1,-1,0,0,-1,2021,40.0,1,1,0,2,1,17,1,,3,23,-1,,2,2,0,1,5,120,1,, -1,1,0,1,80,1,4,2021,18:19,1,66,66145,1,1,0,3,RD 23,42.643242,2.82421,18,2,2
202100000515,200Â 777,A01,1,1,1,5,2,6,-1,-1, -1,-1,2021,28.0,1,1,1,0,1,1,1,,4,CAPELETTE (AVENUE DE LA),0,,2,2,0,1,0,0,1,, -1,1,0,1,50,13,3,2021,22:51,5,13,13210,2,1,0,2,CAPELETTE (AVENUE DE LA),43.28036,5.40924,22,2,1
202100050467,111Â 487,A01,10,3,2,0,0,-1,-1,1,3,1,2021,24.0,1,2,0,1,7,1,1,,2,CORPS FRANC POMMIES (AVENUE DU),0,,2,4,0,1,51,242,1,, -1,1,0,1,50,23,2,2021,13:35,1,32,32013,2,1,0,6,CORPS FRANC POMMIES (AVENUE DU),43.6306200862,0.5808173354,13,3,1
202100052728,107Â 485,B01,1,1,1,5,1,-1,-1,0,0,-1,2021,25.0,2,2,0,2,1,5,1,,1,ve2,-1,,3,4,0,1,(1),(1),1,, -1,1,0,1,70,1,2,2021,00:10,5,988,98805,1,1,0,1,VE2 HT KENUIN,-22.219847,166.470208,0,2,2
202100034286,140Â 453,B01,1,1,1,3,1,0,-1,-1, -1,-1,2021,56.0,2,2,0,2,3,1,1,,4,,0,,-1,2,0,2,(1),(1),3,, -1,1,0,1,50,15,6,2021,16:30,1,15,15014,2,1,0,3,PASCAL (RUE BLAISE),44.90126,2.4273,16,2,2
202100042231,126Â 139,B01,1,1,1,0,8,0,-1,-1, -1,-1,2021,62.0,1,1,0,2,8,1,5,,2,13,0,,1,2,2,1,0,0,1,, -1,1,0,1,50,28,4,2021,14:00,1,92,92051,2,1,0,3,"CHARLES DE GAULLE (AVENUE,NÂ°118 A 192 +",48.8829150991,2.2664384544,14,2,2
202100011134,181Â 831,A01,1,1,1,0,2,0,-1,-1, -1,-1,2021,21.0,2,1,0,2,1,16,1,,3,910,0,,1,-1,0,1,0,0,2,, -1,1,9,1,50,25,10,2021,11:21,1,92,92012,2,6,0,3,MARCEL SEMBAT (PLACE),48.8336919746,2.2433552086,11,2,2
202100024707,157Â 481,A01,1,1,1,0,2,8,-1,0,0,-1,2021,38.0,1,1,0,2,5,11,1,,4,CESSOLE (BD DE) (JUSQU'AU NÂ° 93-110),0,,2,2,3,2,(1),(1),1,, -1,1,9,1,50,10,8,2021,19:15,1,6,6088,2,3,0,3,CESSOLE (BD DE) (JUSQU'AU NÂ° 93-110),43.7126709538,7.2552640736,19,2,2
202100047732,116Â 428,A01,1,1,1,9,2,6,-1,-1, -1,-1,2021,16.0,1,1,0,0,3,26,1,,4,SAUBADINE (RUE DE),0,,-1,1,0,1,2,0,1,, -1,1,0,1,30,8,3,2021,13:55,1,64,64024,2,6,0,7,SAUBADINE (RUE DE),43.49611,-1.52889,13,1,1
202100052665,107Â 588,B01,1,1,1,0,2,0,-1,-1, -1,-1,2021,33.0,3,1,0,2,7,1,1,,4,BUTTE AUX CAILLES (ROND POINT DE LA),0,,1,2,0,1,0,0,2,, -1,1,5,1,50,3,2,2021,10:45,1,64,64024,2,6,0,3,BUTTE AUX CAILLES (ROND POINT DE LA),43.4967491142,-1.5094653072,10,2,2
202100044258,122Â 556,B01,1,1,2,0,1,0,-1,0,0,-1,2021,22.0,2,2,0,2,4,2,1,,7,FRANCE (AVENUE ANATOLE),0,,2,2,0,1,(1),(1),1,, -1,1,0,1,50,20,2,2021,10:38,1,63,63308,2,1,0,4,FRANCE (AVENUE ANATOLE),45.76451,3.05693,10,3,3
202100053973,105Â 276,B01,1,1,1,0,1,0,-1,-1, -1,-1,2021,20.0,1,2,0,2,7,1,1,,3,GRANDE RUE,0,,2,2,0,1,0,1,1,, -1,2,0,1,50,23,1,2021,15:15,1,93,93077,2,1,1,4,GRANDE RUE,48.8841707618,2.5098148584,15,3,3
202100032200,144Â 208,B01,1,1,1,5,2,6,-1,0,0,-1,2021,25.0,1,1,4,2,1,1,1,,1,35,0,A,3,1,0,1,438,500,1,, -1,1,8,1,70,26,6,2021,17:00,1,67,67462,1,1,0,2,A35 PK438+500 vers COLMAR,48.287459,7.459164,17,5,2
202100040094,129Â 926,A01,1,1,2,5,0,-1,-1,0,0,-1,2021,56.0,3,1,0,0,2,1,5,,4,1,0,C,2,2,0,2,(1),(1),3,, -1,1,0,1,80,13,5,2021,18:45,1,22,22251,1,1,0,7,La Ruelle,48.556472,-2.851698,18,1,1
202100030544,147Â 161,A01,1,1,1,0,1,8,-1,-1, -1,-1,2021,62.0,1,1,0,2,8,18,1,,4,GEORGES WODLI (RUE),0,,1,2,0,1,(1),(1),3,, -1,1,1,1,50,2,7,2021,15:45,1,67,67482,2,3,0,3,GEORGES WODLI (RUE),48.590206,7.734927,15,2,2
202100006806,189Â 611,A01,1,1,1,1,1,0,-1,-1, -1,-1,2021,51.0,1,5,3,0,7,0,1,,1,BDL,0,,3,4,0,2,1,899,3,, -1,1,2,1,90,22,11,2021,06:20,3,93,93027,1,1,0,3,BDL,48.92656,2.40184,6,1,1
202100029218,149Â 532,B01,1,1,1,5,2,6,-1,0,0,-1,2021,47.0,1,1,0,2,4,1,1,,3,953,0,,2,2,0,2,6,160,1,, -1,1,0,1,80,14,7,2021,18:00,1,4,4157,1,1,0,1,RD 953,43.887194,6.132546,18,3,2
202100004090,194Â 429,A01,1,1,1,0,2,6,-1,-1, -1,-1,2021,65.0,2,1,0,2,9,17,1,,7,BODIN (AVENUE EMILE),0,,2,2,0,1,(1),(1),3,, -1,2,0,1,80,8,12,2021,07:50,2,13,13028,1,1,1,5,BODIN (AVENUE EMILE),43.1967161437,5.5951719153,7,4,4
202100019122,167Â 444,A01,1,1,1,1,1,-1,-1,-1,0,-1,2021,27.0,1,2,4,0,3,21,1,,2,RN 184,0,,3,4,0,1,4,300,1,, -1,2,0,1,90,14,9,2021,05:45,5,95,95572,1,1,1,6,RN 184,49.04025,2.12728,5,1,1
202100002063,198Â 108,A01,1,1,1,0,2,6,-1,0,0,-1,2021,16.0,3,1,0,2,1,2,1,,3,,0,,2,1,2,1,34,1430,1,,3,1,0,1,50,21,12,2021,16:50,2,49,49092,2,1,0,2,Avenue du GÃ©nÃ©ral de Gaulle (chemillÃ©),47.206348,-0.725725,16,2,2
202100044463,122Â 216,B01,4,2,1,0,1,0,-1,-1, -1,-1,2021,5.0,1,2,0,2,3,0,1,,4,DOUBS DE (DU 0 AU 24),0,,2,2,0,1,(1),(1),1,, -1,1,5,1,50,9,4,2021,11:45,1,25,25462,2,2,0,3,DOUBS DE (DU 0 AU 24),46.9099,6.355,11,5,2
202100012608,179Â 175,B01,1,1,2,0,8,0,-1,-1, -1,-1,2021,25.0,3,1,0,2,0,1,6,,4,JOLIOT CURIE (RUE FREDERIC - IRENE),0,,2,2,0,1,(1),(1),1,, -1,1,0,1,70,23,3,2021,17:00,1,60,60684,2,1,0,3,avenue FrÃ©dÃ©ric et IrÃ¨ne Joliot Curie,49.27941,2.49635,17,2,2
202100031829,144Â 861,B01,1,1,1,0,8,0,-1,-1, -1,-1,2021,54.0,1,1,0,2,1,25,0,,3,448,0,,2,2,0,1,0,100,1,, -1,1,0,4,50,28,6,2021,12:10,1,91,91421,2,9,0,3,CORBEIL (ROUTE DE),48.7056,2.4397,12,2,2
202100008905,185Â 823,A01,1,1,1,1,1,-1,-1,0,0,-1,2021,28.0,1,2,0,2,3,1,1,,3,,0,,3,2,0,1,6,343,1,, -1,1,0,1,50,8,11,2021,16:30,1,76,76314,2,1,0,1,530 Route d Etainhus,49.571889,0.329433,16,2,2