Num_Acc,id_vehicule,num_veh,place,catu,sexe,trajet,secu1,secu2,secu3,locp,actp,etatp,year_acc,victim_age,senc,catv,obs,obsm,choc,manv,motor,occutc,catr,voie,v1,v2,circ,nbv,vosp,prof,pr,pr1,plan,lartpc,larrout,surf,infra,situ,vma,jour,mois,an,hrmn,lum,dep,com,agg_,int,atm,col,adr,lat,long,hour,nb_victim,nb_vehicules
202100017549,170Â 256,A01,10,3,2,1,0,-1,-1,2,3,1,2021,47.0,0,2,0,1,1,9,1,,3,280,0,D,2,2,0,1,0,0,1,, -1,1,6,1,50,22,9,2021,08:40,1,38,38422,2,6,0,6,Route d Uriage,45.139597,5.827614,8,2,1
202100037810,134Â 072,A01,1,1,1,0,2,6,-1,-1, -1,-1,2021,24.0,3,1,0,2,4,1,1,,4,CAPITAINE GEZE (BOULEVARD),0,,3,2,0,1,(1),(1),1,, -1,1,0,1,50,28,5,2021,18:00,1,13,13214,2,1,0,2,CAPITAINE GEZE (BOULEVARD),43.32973,5.36809,18,2,2
202100042551,125Â 570,B01,1,1,1,5,0,-1,-1,0,0,-1,2021,74.0,2,1,0,2,7,1,5,,3,973,-1,,1,1,0,1,35,630,2,, -1,1,5,1,70,23,4,2021,18:00,1,84,84065,1,6,0,3,D973,43.745615,5.307266,18,2,2
202100054317,104Â 671,B01,1,1,2,1,2,8,-1,-1, -1,-1,2021,31.0,1,1,0,2,1,15,0,,3,CD NUMERO 471,0,,2,2,0,1,10,924,1,, -1,1,2,1,50,20,1,2021,06:45,3,77,77350,1,3,0,3,CD NUMERO 471,48.7557,2.70499,6,2,2
202100056394,101Â 097,A01,1,1,1,5,8,0,-1,-1,0,-1,2021,67.0,3,2,11,0,2,12,2,,4,PLAINE DE FRANCE (AVENUE DE LA),0,,2,2,0,1,(1),(1),1,, -1,1,0,4,50,1,1,2021,12:50,1,95,95277,2,1,0,6,Avenue de la Plaine de France,48.97633,2.49919,12,1,1
202100028340,151Â 041,A01,1,1,1,5,2,6,-1,0,0,-1,2021,17.0,0,1,0,2,1,1,1,,4,,-1,,2,2,0,1,(1),(1),3,,4,1,0,1,30,10,7,2021,16:20,1,51,51531,2,1,0,1,Rue Maurice Denonvilliers,48.7874443489,4.9140308285,16,2,2
202100054228,104Â 820,A01,2,2,1,0,2,-1,-1,-1, -1,-1,2021,22.0,2,1,0,2,2,17,1,,4,SAINT JOSEPH(BOULEVARD),0,,2,2,0,1,(1),(1),1,, -1,1,0,1,50,15,1,2021,09:48,1,4,4112,2,3,0,3,Inter Bd Saint Joseph / Rue AmpÃ¨re,43.825087203,5.7984017358,9,3,2
202100038032,133Â 681,C01,2,2,1,3,1,0,-1,-1, -1,-1,2021,28.0,1,2,0,2,2,1,1,,2,20 (R.N.) COTE NORD DU TUNNEL,0,,2,2,0,1,36,447,2,, -1,1,8,1,90,27,5,2021,09:50,1,9,9013,1,1,0,4,20 (R.N.) COTE NORD DU TUNNEL,42.98118,1.62339,9,5,3
202100041477,127Â 469,B01,1,1,2,0,1,0,-1,-1, -1,-1,2021,37.0,1,2,0,2,4,2,1,,2,RN 104 INT / A5A PROVINCE,0,,1,4,0,1,28,0,1,, -1,1,0,1,90,4,5,2021,09:25,1,91,91617,1,1,0,2,RN 104 INT / A5A PROVINCE,48.63788,2.5353,9,2,2
202100016125,172Â 819,A01,1,1,1,0,2,8,-1,-1, -1,-1,2021,15.0,1,1,0,2,1,26,1,,4,NOUE (RUE DE LA),0,,-1,0,0,1,(1),(1),1,, -1,1,0,1,50,27,9,2021,17:45,1,71,71445,2,6,0,3,Rue de la Noue,46.7789605461,4.8956683178,17,2,2
202100039315,131Â 326,A01,10,3,1,5,8,0,-1,3,3,1,2021,18.0,0,2,0,1,1,26,1,,4,CHALLES (ALLEE) NÂ° 1 A 16,0,,2,2,0,1,(1),(1),1,, -1,1,0,1,50,19,5,2021,11:20,1,1,1053,2,1,0,6,CHALLES (ALLEE) NÂ° 1 A 16,46.2071,5.23115,11,2,1
202100002879,196Â 623,B01,1,1,1,0,2,6,-1,0,0,-1,2021,17.0,2,1,0,2,1,26,1,,2,NICOLI JEAN COURS,0,,1,4,3,1,(1),(1),1,, -1,1,9,6,50,27,7,2021,18:02,1,201,201004,2,1,0,5,NICOLI JEAN COURS,41.93336,8.74317,18,3,3
202100031136,146Â 086,C01,1,1,2,5,1,8,-1,-1,0,-1,2021,43.0,1,2,0,2,4,1,1,,4,BREST ROUTE DE,0,,2,2,0,1,(1),(1),1,, -1,1,0,1,50,25,6,2021,16:15,1,29,29232,2,1,0,4,Route de Brest,48.0007246374,-4.0857338903,16,3,3
202100053984,105Â 253,A01,10,3,2,5,0,-1,-1,3,3,1,2021,17.0,1,2,0,1,3,1,2,,3,1205,0,D,2,2,1,1,51,800,1,, -1,2,0,1,50,22,1,2021,17:55,5,74,74256,2,1,1,6,Av de Geneve,45.945924,6.629809,17,2,1
202100047376,117Â 089,B01,1,1,1,9,2,0,-1,-1, -1,-1,2021,40.0,2,1,0,2,2,2,1,,4,EUGENE PIERRE (BOULEVARD),0,,3,1,0,2,0,0,1,, -1,1,0,1,50,18,3,2021,19:40,5,13,13205,2,9,0,3,EUGENE PIERRE (BOULEVARD),43.297,5.39,19,2,2
202100037796,134Â 102,A01,1,1,2,9,2,0,-1,-1, -1,-1,2021,48.0,0,1,1,0,1,21,6,,4,ROUTE DE ST MALO,0,,2,3,0,1,(1),(1),1,, -1,1,0,1,50,28,5,2021,06:45,1,35,35238,2,1,0,6,Rue DE ST MALO,48.12372,-1.68471,6,2,2
202100040351,129Â 478,A01,10,3,2,5,0,-1,-1,5,9,1,2021,88.0,1,1,0,1,1,1,3,,4,SAINT PIERRE (RUE),0,,-1,1,3,1,1,0,1,, -1,1,0,6,30,11,5,2021,16:25,1,14,14118,2,1,0,6,Rue Saint-Pierre,49.18334,-0.3634,16,2,1
202100039626,130Â 760,A01,1,1,1,1,1,-1,-1,0,0,-1,2021,49.0,2,2,0,2,8,13,1,,3,36,0,,2,2,0,1,46,600,3,, -1,1,0,1,80,17,5,2021,14:20,1,85,85093,1,1,0,3,RD36,46.663176,-1.243407,14,2,2
202100054693,104Â 025,B01,1,1,1,5,1,0,-1,-1, -1,-1,2021,33.0,1,2,0,2,3,1,1,,3,JOURDAIN THEODULE (rue),0,,2,2,0,1,1,0,1,, -1,1,0,1,50,17,1,2021,10:55,1,94,94074,2,1,0,1,Rue ThÃ©odule Jourdain,48.77036,2.44668,10,2,2
202100044927,121Â 420,A01,10,3,1,0,0,-1,-1,1,3,1,2021,10.0,1,2,0,1,3,1,1,,4,DOLLER (RUE DE LA),0,,2,2,0,1,0,0,1,, -1,1,0,1,50,4,4,2021,15:40,1,67,67482,2,1,0,6,DOLLER (RUE DE LA),48.615737,7.774899,15,2,1
202100024908,157Â 136,B01,1,1,1,0,2,6,-1,0, -1,-1,2021,59.0,1,1,0,0,0,0,1,,3,FOCH (BOULEVARD),0,,2,2,0,1,(1),(1),1,, -1,1,0,1,50,9,8,2021,19:11,1,93,93031,2,1,0,3,Boulevard Foch,48.94928,2.32973,19,2,2
202100017405,170Â 516,A01,1,1,1,5,8,0,-1,-1, -1,-1,2021,10.0,3,1,0,2,8,19,5,,4,ROMERO(AVENUE),0,,2,-1,0,1,0,0,1,, -1,1,0,1,50,22,9,2021,14:05,1,974,97407,2,1,0,3,ROMERO(AVENUE),-20.94559,55.29825,14,2,2
202100034855,139Â 408,A01,1,1,2,5,1,-1,-1,0,0,-1,2021,60.0,2,2,0,2,3,13,1,,2,141,0,N,2,2,0,1,21,635,3,0,7,1,8,1,70,13,6,2021,15:15,1,16,16192,1,1,1,1,,45.881323,0.569733,15,2,2
202100011852,180Â 537,B01,1,1,1,1,2,0,-1,0,0,-1,2021,35.0,2,1,0,2,8,1,5,,4,AVENUE DE LA PORTE DE VITRY,0,,2,4,1,1,(1),(1),1,, -1,2,-1,5,30,21,10,2021,15:00,1,75,75113,2,3,1,3,AVENUE DE LA PORTE DE VITRY,48.822872,2.377755,15,2,2
202100045730,120Â 009,B01,2,2,2,0,8,0,-1,-1, -1,-1,2021,63.0,3,3,0,2,3,1,2,7.0,4,Z I LES MANGLES,0,,3,2,0,4,(1),(1),3,, -1,1,0,6,50,21,1,2021,14:10,1,972,97213,1,9,0,3,Z I LES MANGLES,14.6175424449,-61.0220575333,14,8,2
202100041080,128Â 180,B01,2,2,1,0,2,0,-1,-1, -1,-1,2021,20.0,0,1,0,2,3,9,1,,4,LOUIS BLERIOT (RUE ),0,,2,2,0,1,(1),(1),1,, -1,1,0,1,50,5,5,2021,16:15,1,76,76414,1,2,0,3,LOUIS BLERIOT (RUE ),49.92404,1.11995,16,3,2
202100020665,164Â 693,A01,1,1,2,1,2,6,-1,-1, -1,-1,2021,44.0,1,1,0,2,1,1,1,,1,A4,0,,-1,4,0,1,4,0,1,, -1,1,0,1,90,6,9,2021,19:35,1,94,94069,1,1,0,3,A4,48.8173109429,2.4424371778,19,2,2
202100023819,159Â 050,B01,1,1,1,5,0,-1,-1,0,0,-1,2021,44.0,2,1,0,0,4,1,5,,3,813,-1,,3,2,0,1,66,980,1,, -1,1,0,1,80,17,8,2021,21:25,2,47,47094,2,1,0,2,1450 Route de Marmande,44.454149,0.233793,21,2,2
202100054510,104Â 338,A01,1,1,1,9,1,7,-1,0,0,-1,2021,66.0,1,2,0,2,3,13,1,,3,,-1,,2,2,0,4,19,902,3,, -1,1,0,1,50,19,1,2021,20:05,5,85,85179,2,1,0,1,234 Rue du PayrÃ©,46.507169,-1.535538,20,2,2
202100008551,186Â 450,A01,10,3,1,0,0,-1,-1,0,0,1,2021,2.0,0,2,0,1,5,21,1,,4,,-1,,2,2,0,1,(1),(1),1,,5,1,0,1,-1,10,11,2021,13:30,1,976,97608,2,1,0,6,50 Route de Moya,-12.785395,45.277303,13,2,1
202100056170,101Â 486,B01,1,1,2,0,1,8,-1,-1, -1,-1,2021,23.0,3,2,0,2,4,23,1,,4,FLORIAN ( ROND POINT),0,,1,3,0,2,(1),(1),1,, -1,1,0,1,50,4,1,2021,18:30,5,13,13210,2,1,1,2,Avenue Florian,43.2841049588,5.4268498156,18,2,2
202100034843,139Â 429,A01,1,1,1,5,2,6,-1,0,0,-1,2021,21.0,1,1,0,2,1,2,1,,4,32,0,,2,2,0,1,(1),(1),1,, -1,1,0,1,50,12,6,2021,14:30,1,29,29105,2,1,0,2,Boulevard de la RÃ©publique,48.504774,-4.075069,14,2,2
202100037801,134Â 092,B01,2,2,1,0,1,-1,-1,-1, -1,-1,2021,18.0,1,2,0,2,4,20,1,,4,UNIVERSITE (AVE DE L),0,,3,4,1,1,(1),(1),1,, -1,1,0,1,30,27,5,2021,08:40,1,33,33522,2,1,0,2,Avenue de lâUniversitÃ©,44.8012246822,-0.5971657396,8,3,2
202100019370,167Â 007,A01,10,3,1,5,0,-1,-1,3,3,1,2021,20.0,2,2,0,1,2,1,1,,4,BOULEVARD DIDEROT,0,,2,4,0,1,(1),(1),1,, -1,1,0,1,50,12,9,2021,14:00,1,75,75112,2,3,0,6,BOULEVARD DIDEROT,48.847146,2.385028,14,3,1
202100055462,102Â 712,B01,1,1,1,2,2,-1,-1,-1, -1,-1,2021,17.0,1,1,0,2,0,1,5,,3,ALSACE (AVENUE D'),0,,2,2,0,1,1,610,1,, -1,2,5,1,50,11,1,2021,08:10,5,78,78650,2,2,0,3,ALSACE (AVENUE D'),48.88788,2.12745,8,2,2
202100021244,163Â 684,A01,10,3,2,0,0,-1,-1,2,3,1,2021,57.0,1,2,0,1,7,1,1,,4,CLISSON (RUE ET SQUARE DE ),0,,2,2,0,1,(1),(1),1,, -1,1,0,1,30,31,8,2021,08:16,1,56,56121,2,1,0,6,CLISSON (RUE DE ),47.75025,-3.36213,8,2,1
202100056027,101Â 736,A01,1,1,2,1,1,0,-1,-1, -1,-1,2021,32.0,1,2,0,2,8,10,1,,3,CONDORCET (RUE),0,,2,2,0,1,0,0,1,, -1,2,0,1,50,6,1,2021,13:50,1,91,91286,2,2,1,3,CONDORCET (RUE),48.64849,2.37518,13,3,2
202100014345,176Â 066,B01,1,1,1,5,8,-1,-1,-1, -1,-1,2021,77.0,1,1,0,2,8,3,0,,3,THIZY  RUE DE,0,,1,3,0,1,56,500,1,, -1,1,0,1,50,7,10,2021,10:40,1,69,69264,2,1,0,3,THIZY DE (R),45.98705,4.71439,10,2,2
202100052682,107Â 562,A01,1,1,1,1,2,0,-1,-1, -1,-1,2021,55.0,3,1,0,2,1,17,1,,4,VAUCANSON JACQUES DE,0,,2,2,0,2,(1),(1),1,, -1,1,0,1,50,2,2,2021,13:10,1,13,13056,2,1,0,3,VAUCANSON JACQUES DE,43.39212,5.03571,13,2,2
202100018019,169Â 417,B01,1,1,1,1,1,0,-1,0,0,-1,2021,45.0,2,2,0,2,4,23,2,,4,BOULEVARD MURAT,0,,2,4,0,1,(1),(1),1,, -1,2,0,1,30,19,9,2021,20:44,5,75,75116,2,1,0,2,BOULEVARD MURAT,48.843704,2.256733,20,2,2
202100042282,126Â 048,B01,1,1,2,0,1,8,-1,-1, -1,-1,2021,29.0,3,2,1,0,2,26,1,,4,LORRAINE (RUE DE LA),0,,2,1,0,1,0,0,1,, -1,1,0,1,30,25,4,2021,17:50,2,974,97411,2,2,0,5,Rue de Lorraine,-20.88581,55.46228,17,2,2
202100003565,195Â 376,A01,10,3,1,0,0,-1,-1,1,9,1,2021,4.0,1,2,0,1,2,1,1,,4,PAUL LACAVE,0,,1,1,0,1,(1),(1),1,, -1,1,0,1,50,9,12,2021,18:30,4,971,97120,2,1,0,6,PAUL LACAVE,16.24451,-61.5322,18,2,1
202100055169,103Â 202,A01,10,3,2,0,0,-1,-1,3,3,1,2021,63.0,1,2,0,1,1,9,3,,4,ESPAGNE (ROUTE D'),0,,3,4,0,1,(1),(1),1,, -1,1,0,1,50,13,1,2021,09:30,1,66,66136,2,1,0,6,ESPAGNE (ROUTE D'),42.6883993335,2.894943729,9,2,1
202100024240,158Â 340,A01,2,2,2,0,8,0,-1,-1, -1,-1,2021,19.0,2,2,9,0,1,6,1,,2,Voie d'accÃ¨s Ã  la R.N. 306,0,,1,0,0,1,0,0,3,, -1,2,3,3,50,7,8,2021,20:23,2,91,91064,2,4,0,7,VAL DE GRACE (RUE DU),48.77396,2.22858,20,2,1
202100013585,177Â 434,A01,1,1,2,1,2,-1,-1,-1, -1,-1,2021,30.0,1,1,0,2,7,1,5,,4,PART DIEU      (DE LA)             (R ),0,,1,1,1,1,(1),(1),1,, -1,1,0,5,50,12,10,2021,14:45,1,69,69383,2,2,0,3,PART DIEU (DE LA) (R),45.7593,4.8437,14,2,2
202100002033,198Â 160,A01,1,1,2,0,1,0,-1,-1, -1,-1,2021,45.0,2,2,6,0,1,15,1,,4,PONT DE LA PAIX,0,,2,3,0,1,(1),(1),1,, -1,1,2,4,50,18,12,2021,21:45,5,11,11069,2,3,0,6,PONT DE LA PAIX,43.21661,2.34852,21,1,1
202100012362,179Â 619,A01,1,1,1,0,8,0,-1,-1, -1,-1,2021,24.0,2,2,3,0,1,1,1,,1,AUTOROUTE A86,0,,2,7,0,2,18,200,1,, -1,1,0,1,90,19,10,2021,18:20,2,93,93027,1,1,0,7,AUTOROUTE A86,48.9281618107,2.4123246905,18,1,1
202100030314,147Â 577,B01,1,1,1,0,2,6,-1,-1, -1,-1,2021,42.0,2,1,1,0,1,2,1,,1,AUTOROUTE A104,0,,3,6,0,1,2,750,1,, -1,1,0,1,90,6,7,2021,22:00,3,93,93078,1,1,0,2,AUTOROUTE A104,48.96427,2.52005,22,3,2
202100046420,118Â 802,A01,1,1,1,5,0,-1,-1,0,0,-1,2021,22.0,0,1,0,0,0,0,0,,4,,-1,,4,2,0,1,(1),(1),1,, -1,1,0,1,30,27,3,2021,14:10,1,42,42271,2,1,0,7,Impasse des Pins,45.495391,4.566364,14,1,1
202100010151,183Â 552,B01,4,2,1,5,1,8,-1,-1, -1,-1,2021,0.0,1,2,0,2,4,1,1,,7,VOIE DE LA LIBERTE,0,,3,4,0,1,31,60,1,, -1,1,0,1,90,30,10,2021,11:45,1,35,35055,1,1,0,2,VOIE DE LA LIBERTE,48.07757,-1.6315,11,4,2
202100008870,185Â 884,B01,1,1,2,5,1,-1,-1,0,0,-1,2021,71.0,2,2,3,0,1,1,1,,1,20,-1,,3,4,0,1,210,760,1,, -1,1,0,1,130,8,11,2021,20:25,3,87,87203,1,1,0,4,A20,45.663547,1.392603,20,5,4
202100055133,103Â 266,A01,1,1,1,5,1,-1,-1,0,0,-1,2021,32.0,2,2,6,0,3,1,1,,3,937,-1,,2,2,0,2,21,885,1,, -1,1,0,3,80,15,1,2021,12:10,1,85,85129,1,1,0,6,Saint-pierre,46.853606,-1.495959,12,2,1
202100024403,158Â 065,B01,1,1,1,5,2,-1,-1,0,0,-1,2021,71.0,2,1,0,2,7,1,5,,3,22,0,,2,1,0,1,18,600,1,,3,1,0,1,50,4,8,2021,08:00,1,83,83083,1,4,0,3,Chemin des Lones,43.473835,6.130393,8,2,2
202100028133,151Â 417,B01,1,1,2,1,8,0,-1,-1, -1,-1,2021,20.0,1,1,0,2,4,1,3,,3,JOLIOT CURIE,0,,2,4,1,1,0,1,1,, -1,1,0,5,50,18,7,2021,11:35,1,38,38053,2,1,0,2,JOLIOT CURIE,45.5801309617,5.2710020542,11,2,2
202100013297,177Â 973,B01,1,1,1,5,2,6,-1,0,0,-1,2021,79.0,1,1,0,2,8,1,1,,4,GRASSE (AVENUE DE),0,,2,2,0,2,(1),(1),2,, -1,1,0,1,30,14,10,2021,11:30,1,6,6029,2,1,0,1,GRASSE (AVENUE DE),43.554928,7.00897,11,2,2
202100027446,152Â 667,A01,1,1,1,5,2,-1,-1,0,0,-1,2021,65.0,2,1,0,0,1,1,5,,3,952,0,,2,2,0,4,48,700,3,, -1,1,0,3,80,24,7,2021,12:35,1,4,4135,1,1,0,7,RD 952,43.856274,6.197968,12,1,1
202100052915,107Â 135,B01,1,1,2,3,8,0,-1,0,0,-1,2021,21.0,2,1,0,2,1,1,5,,4,AVENUE PARMENTIER,0,,2,2,0,1,(1),(1),1,, -1,1,0,1,50,1,2,2021,12:10,1,75,75111,2,3,0,3,AVENUE PARMENTIER,48.86066,2.378345,12,2,2
202100051595,109Â 469,A01,1,1,2,1,2,0,-1,0,0,-1,2021,41.0,1,1,0,2,5,7,3,,4,RUE DE CHATEAUDUN,0,,3,2,3,1,(1),(1),1,, -1,1,-1,6,50,12,2,2021,16:50,1,75,75109,2,2,0,3,RUE DE CHATEAUDUN,48.876199,2.335355,16,2,2
202100015190,174Â 557,A01,1,1,2,4,1,-1,-1,0,0,-1,2021,26.0,2,2,0,0,7,1,2,,3,915,-1,,2,2,0,1,7,226,1,,4,2,0,1,80,5,10,2021,14:50,1,60,60614,1,3,0,3,,49.219503,1.840703,14,2,2
202100014402,175Â 961,Z01,10,3,2,1,8,8,-1,2,3,1,2021,21.0,1,1,0,1,1,1,3,,4,RUE DAUPHINE,0,,2,2,1,1,(1),(1),1,, -1,1,-1,5,30,8,10,2021,16:40,1,75,75106,2,1,0,6,RUE DAUPHINE,48.855749,2.340195,16,2,1
202100050363,111Â 675,B01,1,1,2,1,8,0,-1,0,0,-1,2021,53.0,1,1,0,2,1,1,5,,4,BOULEVARD DE MENILMONTANT,0,,1,1,1,1,(1),(1),1,, -1,1,-1,5,30,23,2,2021,20:55,5,75,75111,2,3,0,3,BOULEVARD DE MENILMONTANT,48.860972,2.388212,20,2,2
202100045797,119Â 890,B01,1,1,2,5,8,0,-1,0,0,-1,2021,29.0,1,1,0,2,7,16,3,,4,QUAI DE CONTI,0,,2,2,1,1,(1),(1),1,, -1,1,-1,5,50,31,3,2021,14:10,1,75,75106,2,3,0,3,QUAI DE CONTI,48.856431,2.339911,14,2,2
202100050498,111Â 433,B01,1,1,1,4,2,8,-1,-1, -1,-1,2021,43.0,1,1,0,2,4,19,3,,4,CHAMPS FOURGONS (RUE DES) (2),0,,2,2,0,1,0,0,3,, -1,1,5,1,50,23,2,2021,06:20,5,92,92036,2,6,0,2,CHAMPS FOURGONS (RUE DES) (2),48.941774044,2.2952174333,6,2,2
202100001352,199Â 343,A01,1,1,1,5,1,-1,-1,-1,0,-1,2021,35.0,1,2,4,0,1,1,1,,1,AUTOROUTE A115,0,,3,4,0,1,2,0,1,, -1,2,0,1,70,26,12,2021,15:20,1,95,95219,1,1,0,6, A115,48.9895015713,2.2440755367,15,1,1
202100022276,161Â 818,B01,2,2,2,5,1,8,-1,-1, -1,-1,2021,62.0,2,5,0,2,3,1,1,,3,HAUTE DE CROUIN (RUE),0,,2,2,0,1,3,600,1,, -1,1,0,1,70,13,8,2021,17:00,1,16,16102,1,1,0,5,HAUTE DE CROUIN (RUE),45.6831,-0.3705,17,4,3
202100046115,119Â 333,B01,1,1,1,0,1,5,-1,0,0,-1,2021,57.0,0,2,0,2,7,9,1,,3,,-1,,2,-1,-1,1,(1),(1),1,, -1,1,5,1,-1,29,3,2021,21:25,5,27,27229,2,2,0,1,FOCH (AVENUE DU MARECHAL),49.0240422,1.1255525,21,2,2
202100043477,123Â 946,B01,1,1,1,5,2,6,-1,-1, -1,-1,2021,27.0,2,1,0,2,1,1,1,,3,GRANDE RUE,0,,2,3,0,1,0,0,1,, -1,1,0,1,50,18,4,2021,21:00,5,92,92072,2,6,0,3,GRANDE RUE,48.8253388056,2.2159901261,21,2,2
202100007951,187Â 520,B01,2,2,2,2,1,0,-1,-1, -1,-1,2021,19.0,2,2,0,2,4,23,1,,1,A104,0,,3,8,0,1,25,0,1,, -1,2,0,1,90,16,11,2021,17:30,3,77,77438,1,1,1,6,A104,48.8628,2.6682,17,4,3
202100024033,158Â 687,A01,10,3,1,4,8,8,-1,2,9,1,2021,70.0,1,2,0,1,0,1,1,,3,JEAN MONET (R),0,,1,1,0,2,0,0,1,, -1,1,0,1,50,15,8,2021,12:10,1,94,94043,2,1,0,3,JEAN MONET (R),48.80926,2.36046,12,2,1
202100010377,183Â 160,A01,9,2,2,0,8,0,-1,-1, -1,-1,2021,22.0,-1,3,0,1,3,26,2,11.0,3,CHARLES GOUPPY (RUE),0,,2,2,0,1,1,0,1,, -1,1,0,1,50,29,10,2021,09:10,1,93,93005,2,1,0,6,CHARLES GOUPPY (RUE),48.9420056734,2.4977325894,9,11,1
202100000623,200Â 590,A01,2,2,2,5,1,9,-1,0,0,-1,2021,66.0,2,2,0,2,1,11,1,,1,26,-1,,3,4,0,1,162,50,1,, -1,2,0,1,130,29,12,2021,12:30,1,2,2615,1,1,1,2,A26,49.904762,3.248571,12,3,2
202100028354,151Â 020,A01,1,1,1,5,1,-1,-1,0,0,-1,2021,89.0,1,2,13,0,1,1,1,,4,,-1,,2,2,0,3,(1),(1),1,,4,1,0,8,50,11,7,2021,17:10,1,57,57619,2,1,0,7,Rue Bellevue,48.988664,7.348219,17,1,1
202100044512,122Â 144,A01,1,1,1,5,2,-1,-1,0,0,-1,2021,53.0,1,1,0,2,8,9,1,,2,1,0,,3,4,0,1,9,200,1,, -1,1,0,1,50,10,4,2021,15:45,1,987,98738,2,1,0,3,PK 009+200,-17.585285,-149.614209,15,4,2
202100005183,192Â 514,A01,1,1,2,0,1,0,-1,-1, -1,-1,2021,46.0,1,2,0,2,4,0,1,,1,A7-Sens Marseille vers Lyon,0,,1,2,0,1,271,0,1,, -1,2,0,1,90,2,12,2021,08:00,1,13,13106,1,1,1,4,A7-Sens Marseille vers Lyon,43.399633,5.349255,8,3,3
202100008977,185Â 667,A01,1,1,2,5,8,0,-1,-1, -1,-1,2021,12.0,2,1,0,2,3,16,3,,3,50,0,,2,0,0,1,0,0,1,, -1,1,0,1,50,7,11,2021,16:00,1,92,92046,2,2,0,3,JULES FERRY (AVENUE),48.819235656,2.2978538275,16,2,2
202100017310,170Â 710,B01,1,1,2,1,1,-1,-1,0,0,-1,2021,31.0,1,2,0,2,1,1,1,,3,606,-1,,2,2,0,1,91,275,1,, -1,1,0,1,50,16,9,2021,20:15,5,89,89023,2,2,0,3,Rue Pinon,47.76587,3.612426,20,2,2
202100041981,126Â 582,A01,1,1,1,5,2,-1,-1,0,0,-1,2021,14.0,1,1,0,2,1,1,5,,3,,0,,2,2,0,1,14,949,1,, -1,2,0,1,50,26,3,2021,18:15,2,81,81099,2,1,1,2,Avenue Marechal Juin,43.904945,1.894272,18,2,2
202100043685,123Â 595,A01,1,1,2,5,1,-1,-1,0,0,-1,2021,25.0,2,2,0,2,3,1,1,,3,2076,-1,,2,2,0,1,0,950,1,, -1,1,0,1,80,18,4,2021,17:15,1,58,58264,2,1,0,3,D2076,46.783455,3.118272,17,2,2
202100033024,142Â 710,B01,1,1,1,0,2,8,-1,-1, -1,-1,2021,61.0,2,1,0,2,8,1,5,,3,TOULON (ANCIEN CHEMIN DE),0,,2,2,0,1,17,60,1,, -1,1,0,1,50,12,6,2021,11:50,1,83,83123,2,1,0,3,Quai Charles de Gaulle,43.11772,5.80088,11,2,2
202100009360,184Â 974,A01,1,1,1,5,1,-1,-1,0,0,-1,2021,24.0,2,2,0,2,1,2,1,,1,26,0,A,1,2,0,2,138,644,1,, -1,1,0,1,130,6,11,2021,00:10,3,59,59377,1,1,0,2,A26 PK 138+700,50.1019613481,3.1665058548,0,3,2
202100045358,120Â 665,A01,1,1,2,5,1,0,-1,-1, -1,-1,2021,73.0,2,2,0,2,1,15,1,,2,ALLENDE (QUAI SALVADOR),0,,4,5,0,1,17,540,1,, -1,1,0,1,50,1,4,2021,07:18,5,87,87085,2,2,0,3,ALLENDE (QUAI SALVADOR),45.82112,1.263,7,2,2
202100041289,127Â 804,A01,1,1,1,1,2,0,-1,-1, -1,-1,2021,41.0,1,1,0,2,1,1,0,,7,BAYONNE (ROUTE DE ),0,,2,3,0,1,0,350,1,, -1,1,0,1,50,5,5,2021,14:20,1,31,31555,2,1,0,2,BAYONNE (ROUTE DE ),43.6093943493,1.3540488482,14,2,2
202100044280,122Â 517,A01,10,3,2,0,0,-1,-1,1,3,1,2021,62.0,3,2,0,1,4,4,1,,4,TRUDAINE   RUE,0,,1,1,0,1,(1),(1),1,, -1,1,0,1,30,12,4,2021,11:13,1,17,17300,2,1,0,6,TRUDAINE   RUE,46.16848,-1.1985,11,2,1
202100051117,110Â 302,B01,1,1,1,1,2,6,-1,0,0,-1,2021,31.0,1,1,0,2,1,1,1,,3,43,-1,,2,2,0,1,10,990,1,, -1,1,0,1,50,19,2,2021,18:20,2,76,76594,1,1,0,1,907 Route de Duclair,49.4870649295,1.0078591932,18,2,2
202100006490,190Â 201,A01,1,1,2,5,8,0,-1,-1, -1,-1,2021,57.0,0,1,0,0,1,21,3,,3,VICTOR HUGO (ROND-POINT),0,,1,2,0,1,0,0,2,, -1,1,0,1,30,24,11,2021,17:58,5,92,92040,2,3,0,7,VICTOR HUGO (ROND-POINT),48.8279076324,2.2736596316,17,1,1
202100022851,160Â 770,B01,1,1,1,5,2,-1,-1,0,0,-1,2021,65.0,2,1,0,0,4,1,5,,3,22,-1,,2,2,0,1,23,194,1,, -1,1,0,1,70,23,8,2021,12:30,1,64,64256,2,1,0,2,2 Route de Cambo,43.38212,-1.313344,12,2,2
202100036175,137Â 031,A01,1,1,1,0,1,-1,-1,0,0,-1,2021,32.0,1,2,17,0,3,13,1,,3,85,0,A,2,2,0,1,9,100,1,, -1,1,0,3,50,6,6,2021,15:47,1,13,13096,2,1,0,1,D85A,43.521773,4.40552,15,1,1