Num_Acc,id_vehicule,num_veh,place,catu,sexe,trajet,secu1,secu2,secu3,locp,actp,etatp,year_acc,victim_age,senc,catv,obs,obsm,choc,manv,motor,occutc,catr,voie,v1,v2,circ,nbv,vosp,prof,pr,pr1,plan,lartpc,larrout,surf,infra,situ,vma,jour,mois,an,hrmn,lum,dep,com,agg_,int,atm,col,adr,lat,long,hour,nb_victim,nb_vehicules
202100041450,127Â 514,A01,1,1,1,5,8,-1,-1,0,0,-1,2021,80.0,1,2,10,0,1,1,1,,3,44,0,F,2,2,0,1,1,350,1,, -1,1,2,1,50,30,4,2021,16:30,1,31,31177,2,1,0,6,Village,42.926978,0.683947,16,1,1
202100053809,105Â 571,A01,1,1,2,5,8,-1,-1,0,0,-1,2021,45.0,1,2,0,2,1,5,1,,3,D2371,0,,2,2,0,1,20,777,1,, -1,7,2,1,50,25,1,2021,06:35,5,3,3027,2,1,0,1,120 Route Nationale,46.3270925332,2.8510169485,6,2,2
202100011538,181Â 093,A01,5,2,1,5,8,-1,-1,-1, -1,-1,2021,18.0,2,0,0,2,1,1,1,,7,EUROPE (DE L')                      (BD),0,,2,3,2,1,2,800,1,, -1,1,0,1,50,21,10,2021,14:37,1,69,69152,2,9,0,3,EUROPE (DE L') (BD),45.70533,4.82065,14,3,2
202100013209,178Â 126,B01,1,1,1,0,1,-1,-1,-1, -1,-1,2021,45.0,3,2,0,2,7,1,1,,4,MARCEL SEMBAT                       (BD),0,,1,3,0,1,(1),(1),1,, -1,1,0,1,50,14,10,2021,15:30,1,69,69259,2,1,0,3,MARCEL SEMBAT (BD),45.71566,4.88155,15,2,2
202100027482,152Â 600,A01,1,1,1,0,2,6,-1,-1, -1,-1,2021,63.0,3,1,0,2,4,2,1,,7,ROUTE DEPARTEMENTALE 656,0,,3,4,0,1,(1),(1),3,, -1,1,0,1,90,22,7,2021,18:05,1,59,59599,1,1,0,4,ROUTE DEPARTEMENTALE 656,50.702524,3.15893,18,3,3
202100049267,113Â 696,B01,1,1,2,0,1,0,-1,0,0,-1,2021,55.0,1,2,0,2,8,15,1,,2,FRANCOIS MITTERAND (AVENUE),0,,2,2,0,1,39,920,1,, -1,1,0,1,50,3,3,2021,13:15,1,5,5061,2,1,0,3,FRANCOIS MITTERAND (AVENUE),44.54375,6.06101,13,2,2
202100048150,115Â 679,A01,1,1,2,9,8,0,-1,0,0,-1,2021,29.0,2,1,0,2,1,1,5,,4,RUE OLIVIER DE SERRES,0,,3,2,0,1,(1),(1),1,, -1,1,0,1,50,13,3,2021,10:30,1,75,75115,2,2,0,3,BOULEVARD LEFEBVRE,48.831112,2.292445,10,2,2
202100055782,102Â 156,B01,3,2,1,5,1,8,-1,-1, -1,-1,2021,8.0,1,2,0,2,8,1,1,,4,LE BARILLEC (RUE  DU COLONEL ),0,,2,2,0,1,(1),(1),1,, -1,1,0,1,50,7,1,2021,09:45,1,56,56121,2,2,0,3,LE BARILLEC (RUE  DU COLONEL ),47.7632746863,-3.3982152019,9,3,2
202100029253,149Â 468,A01,1,1,1,4,1,-1,-1,-1, -1,-1,2021,19.0,2,2,0,0,9,1,1,,1,AUTOROUTE A15,0,,3,8,0,1,8,399,1,, -1,2,0,1,90,13,7,2021,15:45,1,95,95582,1,1,1,7, A15,48.96655,2.25597,15,1,1
202100014518,175Â 759,B01,1,1,1,5,2,6,-1,0,0,-1,2021,15.0,2,1,12,2,7,17,1,,4,,-1,,2,2,0,1,(1),(1),1,,3,1,0,1,50,8,10,2021,16:40,1,69,69072,2,9,0,3,PEUPLIERS (DES) (CHM),45.8143214514,4.7582763433,16,2,2
202100042651,125Â 394,A01,1,1,1,5,0,-1,-1,0,0,-1,2021,17.0,2,1,0,2,1,13,1,,3,13,0,D,2,2,0,1,(1),(1),1,, -1,1,9,1,50,23,4,2021,15:20,1,70,70018,2,1,0,1,24 Rue des Varennes,47.443962,5.623385,15,2,2
202100010099,183Â 653,A01,1,1,1,5,2,6,-1,0,0,-1,2021,25.0,3,1,0,2,1,1,1,,7,908,-1,,2,2,1,2,0,0,1,, -1,2,0,1,70,31,10,2021,18:00,2,13,13013,1,1,1,1,D908,43.416863,5.580052,18,2,2
202100028851,150Â 148,A01,1,1,1,4,2,6,-1,0,0,-1,2021,25.0,1,1,0,2,1,1,1,,4,AVENUE PHILIPPE AUGUSTE,0,,2,2,0,2,(1),(1),1,, -1,1,5,1,30,14,7,2021,22:04,5,75,75111,2,2,0,3,AVENUE PHILIPPE AUGUSTE,48.85356,2.392713,22,2,2
202100041205,127Â 953,B01,2,2,2,5,1,-1,-1,0,0,-1,2021,33.0,0,2,8,0,3,1,1,,3,1091,0,,2,1,0,1,(1),(1),3,,3,2,0,1,70,7,5,2021,12:45,1,38,38212,2,3,1,3,D 1091,45.089527,5.901885,12,3,2
202100028097,151Â 481,B01,2,1,1,9,2,8,-1,-1, -1,-1,2021,40.0,2,1,0,2,1,0,1,,2,RN4 - SECTION RIVIERA,0,,2,2,0,1,(1),(1),1,, -1,1,0,1,70,19,7,2021,14:02,1,971,97113,1,1,0,1,RN4 - SECTION RIVIERA,16.21733,-61.4842,14,4,2
202100045520,120Â 377,B01,1,1,2,5,1,-1,-1,-1, -1,-1,2021,61.0,2,2,0,2,8,1,1,,1,A43   3.865 A 9.894,0,,1,4,0,1,9,100,1,, -1,1,0,1,90,2,4,2021,09:40,1,69,69290,1,1,0,3,A43   3.865 A 9.894,45.69726,4.97811,9,3,2
202100008213,187Â 039,A01,1,1,1,1,1,-1,-1,0,0,-1,2021,27.0,2,2,0,2,1,1,1,,3,1001,0,D,2,0,0,3,27,800,1,,0,2,0,1,90,15,11,2021,16:40,1,60,60700,1,1,1,1,Route Nationale 1,49.3815225263,2.1483893393,16,2,2
202100000555,200Â 711,B01,1,1,2,5,2,6,-1,-1, -1,-1,2021,19.0,1,1,0,2,3,1,5,,4,QUATORZE JUILLET (RUE DU),0,,1,3,1,1,0,0,1,, -1,1,0,1,50,8,11,2021,13:36,1,10,10387,2,2,0,3,QUATORZE JUILLET (RUE DU),48.2943,4.0783,13,4,2
202100002230,197Â 803,A01,2,2,1,5,1,-1,-1,-1,0,-1,2021,59.0,1,2,0,2,4,1,1,,3,FOCH (BOULEVARD DU MARECHAL),0,,2,2,0,1,0,700,1,, -1,1,0,1,50,18,12,2021,18:40,2,95,95555,2,6,0,2,FOCH (BOULEVARD DU MARECHAL),48.96524,2.28342,18,3,2
202100047570,116Â 738,A01,10,3,1,0,0,-1,-1,6,A,2,2021,55.0,2,5,1,1,3,13,1,,3,2,-1,R,2,2,0,2,6,50,3,, -1,1,0,3,-1,19,3,2021,05:30,1,988,98817,2,1,0,6,2190 route de la corniche,-22.278941,166.576048,5,4,2
202100047641,116Â 597,A01,10,3,1,5,0,-1,-1,2,3,1,2021,28.0,2,1,0,1,1,1,1,,4,LIBERATION (BOULEVARD)  1 A 65,0,,-1,2,0,1,(1),(1),1,, -1,1,0,1,50,9,3,2021,16:35,1,13,13201,2,1,0,6,LIBERATION (BOULEVARD)  1 A 65,43.299413,5.386412,16,2,1
202100017468,170Â 401,A01,10,3,1,1,0,-1,-1,1,9,1,2021,37.0,2,2,1,1,3,2,1,,4,SENARMONT (RUE DE),0,,1,1,0,1,0,0,1,, -1,1,0,1,30,22,9,2021,12:10,1,28,28134,2,1,0,3,SENARMONT (RUE DE),48.73667,1.36892,12,2,1
202100006833,189Â 567,A01,10,3,1,5,0,-1,-1,1,3,1,2021,42.0,1,1,0,1,2,26,1,,3,JEAN JAURES  (AVE)  157 A 213,0,,3,4,3,1,0,1,1,, -1,1,0,1,50,22,11,2021,21:39,5,93,93001,2,1,0,6,JEAN JAURES  (AVE)  157 A 213,48.9108520588,2.3998103162,21,2,1
202100052949,107Â 075,B01,1,1,1,3,0,-1,-1,0,0,-1,2021,29.0,2,1,0,2,6,1,5,,4,RT301,0,,2,2,0,1,0,100,1,, -1,1,0,1,30,1,2,2021,18:15,1,987,98753,2,1,0,2,Mataura,-23.371731,-149.481316,18,2,2
202100006106,190Â 890,A01,1,1,1,1,2,0,-1,-1, -1,-1,2021,17.0,1,1,0,2,7,26,1,,4,BELLECHASSE (BD DE),0,,2,2,0,1,0,0,1,, -1,2,0,1,30,26,11,2021,14:30,1,94,94068,2,2,1,1,BELLECHASSE (BD DE),48.79379,2.49231,14,2,2
202100013901,176Â 854,A01,10,3,2,5,0,-1,-1,2,3,1,2021,32.0,1,2,0,1,3,1,1,,4,PASTEUR (AVENUE),0,,1,1,0,1,0,0,1,, -1,1,0,1,30,11,10,2021,09:30,1,93,93073,2,1,0,6,PASTEUR (AVENUE),48.94163,2.5751,9,2,1
202100020283,165Â 380,B01,1,1,1,9,8,0,-1,-1, -1,-1,2021,22.0,1,1,0,2,1,26,1,,4,FARCY PLACE,0,,2,2,0,1,1,0,1,, -1,1,0,1,50,2,9,2021,16:39,1,49,49007,2,1,0,3,FARCY PLACE,47.47347,-0.57736,16,2,2
202100013626,177Â 359,B01,1,1,2,1,2,8,-1,-1, -1,-1,2021,53.0,1,0,0,2,1,1,3,,4,DROITS DE L' HOMME DES,0,,1,1,0,1,0,0,2,, -1,1,0,1,50,12,10,2021,07:50,2,64,64445,2,6,0,3,ROND POINT DES DROITS DE L'HOMME,43.31276,-0.36841,7,2,2
202100015470,174Â 048,A01,10,3,2,1,0,-1,-1,3,3,1,2021,41.0,3,2,0,1,3,15,1,,4,LECLERC (DU MARECHAL),0,,1,1,0,1,0,0,1,, -1,1,0,1,30,30,9,2021,07:35,1,974,97411,2,4,0,3,LECLERC (DU MARECHAL),-20.87964,55.45582,7,2,1
202100031479,145Â 485,A01,1,1,2,1,1,-1,-1,0,0,-1,2021,30.0,1,2,0,0,1,0,1,,3,310,-1,D,2,2,0,3,46,133,3,, -1,1,0,1,90,1,7,2021,18:15,1,72,72255,1,1,0,1,Chene Vert,48.155529,-0.21595,18,2,2
202100045524,120Â 366,A01,1,1,1,0,1,0,-1,-1, -1,-1,2021,34.0,1,1,0,2,0,26,1,,1,86,0,,3,4,0,1,6,300,1,, -1,1,0,1,90,2,4,2021,07:20,1,92,92036,1,1,0,3,A86,48.9353674804,2.2648550687,7,2,2
202100031578,145Â 308,B01,1,1,1,1,8,0,-1,-1, -1,-1,2021,43.0,1,1,0,2,0,1,5,,4,MORGAN (RUE DE LA),0,,2,2,0,1,0,0,1,, -1,1,0,1,50,28,6,2021,08:00,1,22,22106,2,6,0,3,MORGAN (RUE DE LA),48.49949,-2.72112,8,2,2
202100023929,158Â 860,B01,1,1,1,1,2,6,9,0,0,-1,2021,35.0,1,1,0,2,1,2,1,,3,301,0,D,1,1,0,1,(1),(1),1,, -1,1,8,5,50,17,8,2021,08:55,1,95,95134,1,9,0,2,D301,49.142281,2.251714,8,2,2
202100005462,192Â 026,A01,1,1,1,0,2,6,-1,-1, -1,-1,2021,29.0,1,1,4,0,7,21,1,,1,13,0,,-1,3,0,1,3,400,1,, -1,2,0,1,110,1,12,2021,08:45,1,92,92064,1,1,0,7,A13,48.8393233433,2.2181925165,8,1,1
202100048832,114Â 474,A01,2,2,2,0,1,0,-1,-1, -1,-1,2021,26.0,2,2,0,2,1,2,1,,2,ROUTE NATIONALE 225,0,,3,4,0,1,9,550,3,, -1,2,0,1,70,4,3,2021,17:15,1,59,59183,1,1,1,2,ROUTE NATIONALE 225,51.0019030377,2.3284014342,17,3,2
202100004024,194Â 547,A01,10,3,1,1,0,-1,-1,4,3,1,2021,39.0,3,2,0,1,1,15,1,,7,HIPPODROME AV DE L NÂ°134 AU 240,0,,2,2,1,1,(1),(1),1,, -1,2,9,1,50,3,12,2021,20:20,5,59,59328,2,2,1,6,HIPPODROME AV DE L NÂ°134 AU 240,50.6391656453,3.0331331491,20,2,1
202100019432,166Â 903,A01,1,1,1,5,2,6,-1,0,0,-1,2021,66.0,2,1,0,6,1,1,1,,3,619,-1,,2,2,0,3,45,240,2,, -1,1,0,1,90,12,9,2021,16:47,1,52,52315,1,1,0,6,Route Departementale 619,48.012951,5.245628,16,1,1
202100016184,172Â 709,B01,1,1,2,0,0,-1,-1,-1, -1,-1,2021,59.0,2,1,0,2,1,16,5,,4,RTE DE LEOGNAN,0,,2,2,0,1,(1),(1),1,, -1,1,0,1,50,28,9,2021,11:30,1,33,33550,2,6,0,2,Route de LÃ©ognan,44.76569,-0.58007,11,2,2
202100028800,150Â 240,A01,1,1,1,0,2,8,-1,-1, -1,-1,2021,17.0,1,1,0,0,0,0,1,,3,49,0,,2,2,0,1,0,0,2,, -1,3,0,1,50,14,7,2021,05:45,4,91,91223,2,1,0,7,MARC SANGNIER (RUE),48.4176,2.14828,5,1,1
202100019313,167Â 104,B01,2,2,1,0,8,0,-1,-1, -1,-1,2021,38.0,1,2,0,2,1,1,1,,4,AFARERII (RUE),0,,2,2,0,1,0,0,1,, -1,1,5,1,50,11,9,2021,05:10,2,987,98736,2,2,0,3,CHARLES DE GAULLE (AV),-17.526747,-149.544986,5,3,2
202100039837,130Â 373,B01,2,2,2,5,1,0,-1,0,0,-1,2021,17.0,2,2,0,2,1,1,1,,4,PLACE ARMAND CARREL,0,,2,4,0,1,(1),(1),3,, -1,2,0,1,30,15,5,2021,19:20,1,75,75119,2,3,0,4,PLACE ARMAND CARREL,48.882539,2.381695,19,4,3
202100033369,142Â 122,A01,1,1,1,4,2,6,-1,0,0,-1,2021,45.0,1,1,0,2,7,1,1,,3,LUYE ( ROUTE DE LA ),0,,2,2,0,1,4,441,2,, -1,1,0,1,80,13,6,2021,16:45,1,5,5061,1,1,0,7,LUYE ( ROUTE DE LA ),44.50972,6.06499,16,1,1
202100029179,149Â 594,A01,1,1,2,9,8,0,-1,-1, -1,-1,2021,50.0,1,1,0,2,3,15,0,,3,6A,0,,1,2,0,2,0,0,2,, -1,2,0,1,50,13,7,2021,13:40,1,92,92026,2,1,1,3,Rue du GÃ©nÃ©ral Audran,48.8903452139,2.2535356879,13,2,2
202100007208,188Â 871,A01,1,1,1,0,1,0,-1,-1, -1,-1,2021,60.0,3,2,0,2,1,2,1,,4,BAB (Boulevard),0,,2,4,0,1,0,0,1,, -1,1,0,1,50,18,11,2021,14:20,1,64,64024,2,1,0,2,BAB (Boulevard),43.4872038324,-1.5366107225,14,2,2
202100013469,177Â 661,A01,1,1,1,0,2,6,-1,0,0,-1,2021,49.0,1,1,3,0,1,1,1,,3,1075,-1,,2,2,0,1,37,175,1,, -1,1,0,3,80,9,10,2021,18:35,1,1,1202,1,1,0,6,Route dÃ©partementale 1075,45.8969,5.337929,18,1,1
202100035121,138Â 927,A01,1,1,2,5,1,-1,-1,0,0,-1,2021,69.0,3,2,0,2,1,1,1,,3,30,-1,,2,2,0,1,4,863,1,, -1,1,0,1,80,11,6,2021,17:50,1,41,41166,1,2,0,3,D30,47.405266,1.368753,17,5,2
202100019355,167Â 033,B01,2,2,2,5,1,0,-1,-1, -1,-1,2021,87.0,0,2,0,2,0,1,0,,7,PRADO JACQUES CHIRAC (ROND POINT),0,,1,1,0,1,0,0,2,, -1,1,0,1,50,12,9,2021,08:00,1,13,13208,2,6,0,3,PRADO JACQUES CHIRAC (ROND POINT),43.27266,5.39142,8,3,2
202100045705,120Â 048,A01,1,1,1,1,2,-1,-1,0,0,-1,2021,40.0,2,1,8,2,1,17,1,,3,2,0,D,2,2,0,1,75,638,1,, -1,1,0,1,50,2,4,2021,15:40,1,33,33256,2,3,0,3,,44.972085,-0.624912,15,2,2
202100051111,110Â 313,A01,1,1,1,5,2,6,-1,0,0,-1,2021,63.0,2,1,0,2,8,17,6,,3,10,0,D,2,2,0,2,14,555,3,, -1,1,0,1,80,19,2,2021,16:20,1,83,83134,1,1,0,5,D10,43.457631,6.420929,16,3,3
202100033926,141Â 119,B01,1,1,2,5,1,-1,-1,0,0,-1,2021,26.0,2,2,0,2,8,1,1,,3,11,0,D,2,2,0,1,28,713,1,,"5,5",1,0,1,80,17,6,2021,20:00,2,89,89267,1,2,0,3,Carrefour des cinq routes,47.549857,4.05519,20,3,2
202100009847,184Â 097,A01,1,1,2,4,1,-1,-1,0,0,-1,2021,61.0,1,2,0,2,3,19,1,,3,970,-1,,2,2,0,1,39,23,1,, -1,2,0,1,90,3,11,2021,09:59,1,21,21476,1,2,0,3,pasquier,47.143124,4.61517,9,3,2
202100032730,143Â 266,A01,1,1,1,0,8,-1,-1,0,0,-1,2021,33.0,1,2,8,0,3,13,1,,3,51,0,D,2,2,0,1,42,900,1,, -1,2,0,3,80,24,6,2021,01:25,3,38,38324,1,1,0,6,"Route de champier, D51",45.396559,5.05163,1,1,1
202100026738,153Â 925,A01,9,2,2,0,1,-1,-1,0,0,-1,2021,19.0,2,2,3,2,3,2,1,,1,49,-1,,3,2,0,1,6,160,1,, -1,1,0,1,130,28,7,2021,14:24,1,38,38450,1,1,0,2,autoroute A49,45.293411,5.53874,14,6,2
202100008403,186Â 713,A01,2,2,1,5,2,8,-1,0,0,-1,2021,20.0,1,1,3,0,8,12,1,,4,,-1,,3,0,0,1,(1),(1),2,,0,1,0,1,50,6,11,2021,15:30,1,37,37050,2,1,0,7,Avenue du Professeur Alexandre Minkowski,47.332591,0.684848,15,2,1
202100028536,150Â 712,B01,1,1,1,5,1,-1,-1,0,0,-1,2021,38.0,1,2,0,2,1,13,1,,3,777,-1,,2,2,0,1,24,931,1,, -1,1,0,1,50,10,7,2021,14:20,1,35,35161,2,1,0,1,Rue Madame de SÃ©vignÃ©,48.048592,-1.330634,14,2,2
202100015561,173Â 867,A01,1,1,1,5,1,0,-1,-1, -1,-1,2021,23.0,1,2,0,0,0,26,1,,4,auriol,0,,3,2,0,1,1,0,1,, -1,2,0,1,50,2,10,2021,02:15,5,49,49007,2,1,0,7,auriol,47.493507,-0.565346,2,1,1
202100034034,140Â 926,B01,1,1,1,4,2,-1,-1,-1, -1,-1,2021,30.0,3,1,0,2,0,1,5,,4,ESTIENNE D'ORVES (D'),0,,2,1,0,1,(1),(1),1,, -1,1,0,1,50,15,6,2021,20:30,1,76,76351,2,1,0,3,ESTIENNE D'ORVES (D'),49.5154,0.0968,20,2,2
202100018763,168Â 102,A01,1,1,1,5,2,0,-1,-1, -1,-1,2021,29.0,1,1,0,0,0,0,1,,4,VIENNE (RUE DE)  (10-FIN ET 11-FIN),0,,1,1,0,2,(1),(1),1,, -1,1,0,1,50,11,9,2021,19:35,1,43,43157,2,1,0,7,10 Rue de Vienne,45.045887,3.888091,19,1,1
202100046195,119Â 198,A01,1,1,1,0,2,6,-1,0,0,-1,2021,19.0,3,1,0,0,4,15,1,,4,,0,,-1,2,0,1,(1),(1),1,, -1,1,0,1,50,29,3,2021,15:20,1,22,22162,1,2,0,2,Route de Kergrist,48.779053,-3.072106,15,2,2
202100038665,132Â 523,A01,1,1,1,5,2,6,-1,-1, -1,-1,2021,25.0,1,1,0,0,7,1,1,,4,,0,,2,2,0,1,0,0,1,, -1,1,0,1,30,23,5,2021,12:35,1,92,92060,2,6,0,7,GALILEE (AVENUE),48.7767827005,2.2457613051,12,1,1
202100036712,136Â 088,B01,1,1,1,1,2,6,-1,0,0,-1,2021,58.0,2,1,0,2,1,1,1,,3,159,0,D,2,2,0,1,0,110,1,, -1,1,0,1,50,4,6,2021,08:40,1,201,201247,2,1,0,3,rue des turruccioli,41.600192,9.269489,8,2,2
202100025302,156Â 432,B01,1,1,1,5,2,6,-1,-1, -1,-1,2021,20.0,2,1,0,2,1,1,1,,4,FAITA VINCENT (RUE),0,,2,0,0,1,0,0,1,, -1,1,0,1,50,24,7,2021,15:35,1,30,30189,2,3,0,3,FAITA VINCENT (RUE),43.8457,4.3717,15,2,2
202100054774,103Â 886,A01,1,1,1,0,2,8,-1,-1, -1,-1,2021,18.0,2,1,0,0,0,1,1,,3,MONTGOLFIERS (AVENENUE DES FRERES),0,,-1,2,0,1,57,500,1,, -1,2,0,1,50,15,1,2021,17:40,5,7,7316,2,1,1,7,MONTGOLFIERS (AVENENUE DES FRERES),44.89715,4.85173,17,1,1
202100036260,136Â 865,A01,1,1,1,5,1,0,-1,0,0,-1,2021,30.0,1,2,0,2,8,1,1,,4,BOULEVARD PERIPHERIQUE,0,,1,4,0,2,28,500,1,, -1,1,1,1,70,5,6,2021,01:02,5,75,75120,2,1,0,3,BOULEVARD PERIPHERIQUE,48.876382,2.409421,1,2,2
202100040696,128Â 882,A01,1,1,1,5,2,6,-1,0,0,-1,2021,44.0,1,1,0,6,1,1,0,,3,110,0,H,2,2,0,1,5,600,2,, -1,1,0,1,80,9,5,2021,13:40,1,57,57006,1,1,0,7,Rue de Wiesviller,49.058932,7.172667,13,1,1
202100033570,141Â 759,A01,1,1,1,0,1,0,-1,-1, -1,-1,2021,53.0,0,2,0,2,1,17,0,,7,JAURES (RUE JEAN),0,,2,2,0,1,(1),(1),1,, -1,1,0,1,50,18,6,2021,19:45,2,59,59163,2,1,0,1,JAURES (RUE JEAN),50.677442629,3.1535913944,19,4,2
202100005191,192Â 498,B01,1,1,2,5,1,-1,-1,-1, -1,-1,2021,67.0,2,2,0,2,1,1,1,,1,ROCADE A 630,0,,3,3,0,1,10,510,1,, -1,1,2,1,50,2,12,2021,09:00,1,33,33075,1,1,0,3,ROCADE A 630,44.87964,-0.62673,9,2,2
202100008563,186Â 428,B01,1,1,1,5,0,-1,-1,0,0,-1,2021,14.0,0,1,0,2,1,19,1,,4,,-1,,2,1,0,1,(1),(1),1,,4,1,0,1,50,11,11,2021,17:15,2,7,7341,2,3,0,3,Rue Lazare Durif,44.560601,4.504561,17,2,2
202100007070,189Â 118,A01,2,2,2,5,1,-1,-1,0,0,-1,2021,16.0,1,2,13,0,1,1,1,,3,145,0,,2,2,0,2,3,170,1,, -1,1,0,1,50,21,11,2021,00:15,5,30,30092,2,1,0,6,326 route d'AlÃ¨s,44.089173,4.591057,0,2,1
202100053016,106Â 955,B01,2,2,2,3,1,-1,-1,0,0,-1,2021,64.0,3,2,0,2,3,1,1,,3,54,-1,D,2,2,0,2,4,870,3,, -1,2,0,1,80,31,1,2021,09:55,1,38,38341,1,1,0,1,2 Route de Montcarra,45.5920717709,5.4096174653,9,3,2
202100035561,138Â 149,A01,10,3,2,9,0,-1,-1,3,3,2,2021,5.0,1,2,0,1,0,26,1,,3,GENERAL DE GAULLE (AV DU),0,,2,3,0,1,1,0,1,, -1,1,0,1,50,9,6,2021,19:50,1,94,94017,2,1,0,7,Avenue du GÃ©nÃ©ral de Gaulle,48.826239,2.505272,19,2,1
202100029670,148Â 761,A01,4,2,1,5,1,-1,-1,0,0,-1,2021,18.0,2,2,2,0,0,14,1,,3,436,-1,,2,2,0,2,31,760,4,, -1,1,0,3,80,11,7,2021,10:50,1,39,39510,1,1,0,6,,46.361656,5.909775,10,4,1
202100018764,168Â 101,B01,1,1,2,0,8,0,-1,-1, -1,-1,2021,27.0,3,1,0,2,7,19,5,,7,LYAUTEY (BOULEVARD MAL),0,,2,4,1,1,0,0,1,, -1,1,0,1,30,14,9,2021,18:55,1,38,38185,2,1,0,3,LYAUTEY (BOULEVARD MAL),45.18535,5.73173,18,2,2
202100052436,107Â 986,A01,10,3,2,1,0,-1,-1,4,3,1,2021,15.0,3,0,0,1,5,1,1,,4,CHURCHILL (BOULEVARD WINSTON),0,,3,4,0,1,(1),(1),1,, -1,2,0,1,50,2,2,2021,12:50,1,37,37261,2,1,0,6,CHURCHILL (BOULEVARD WINSTON),47.3736474434,0.6831113622,12,2,1
202100052798,107Â 349,A01,1,1,1,5,2,8,-1,0,0,-1,2021,15.0,1,1,0,2,1,19,1,,4,REBUFFEL (RUE),0,,2,2,0,1,(1),(1),1,, -1,1,0,1,50,1,2,2021,15:25,1,6,6030,2,1,0,3,REBUFFEL (RUE),43.56772,7.01755,15,2,2
202100029254,149Â 465,A01,1,1,2,3,1,-1,-1,-1,0,-1,2021,29.0,2,2,0,2,3,9,1,,1,AUTOROUTE A15,0,,3,8,0,1,7,900,1,, -1,2,0,1,110,13,7,2021,13:00,1,95,95582,1,1,1,5,A15,48.96344,2.26432,13,3,3
202100038690,132Â 478,A01,1,1,1,5,1,-1,-1,0,0,-1,2021,44.0,0,2,0,2,2,0,1,,3,900,-1,,2,2,0,1,(1),(1),1,, -1,1,0,1,80,23,5,2021,15:30,1,50,50328,1,1,0,5,rue des hauts vents,49.203271,-1.470172,15,4,4
202100032267,144Â 084,B01,1,1,1,5,8,0,-1,-1, -1,-1,2021,27.0,1,1,0,2,1,1,5,,4,JOFFRE  (AVENUE ),0,,2,6,0,1,0,0,1,, -1,2,0,1,50,24,6,2021,12:10,1,57,57463,2,2,1,3,JOFFRE  (AVENUE ),49.11171,6.17107,12,2,2
202100017250,170Â 818,A01,2,2,1,3,1,3,-1,0,0,-1,2021,6.0,1,2,5,0,2,21,1,,3,13,0,,2,2,0,2,23,100,2,, -1,1,0,3,50,26,9,2021,19:00,2,83,83046,2,1,0,7,DÃ©partementale 13,43.5313018875,6.1482623827,19,2,1
202100000721,200Â 419,A01,1,1,1,0,1,4,-1,-1, -1,-1,2021,27.0,2,2,0,2,6,1,2,,1,AUTOROUTE A1,0,,3,6,0,1,8,600,1,, -1,1,0,1,90,31,12,2021,18:10,5,93,93013,1,1,0,2,AUTOROUTE A1,48.9421,2.43127,18,2,2
202100013496,177Â 609,A01,2,2,1,4,1,0,-1,-1, -1,-1,2021,40.0,3,2,3,0,2,15,1,,3,VOLTAIRE(QUAI),0,,2,2,0,1,1,558,2,, -1,2,0,4,50,12,10,2021,21:30,5,77,77152,2,4,0,6,D376,48.53079,2.63983,21,4,1
202100002944,196Â 513,A01,10,3,2,5,8,8,-1,3,3,2,2021,24.0,2,5,0,1,1,15,0,,4,DE GAULLE (RUE DU GENERAL),0,,1,1,0,1,(1),(1),1,, -1,1,6,1,30,10,12,2021,17:20,5,27,27375,2,4,0,6,DE GAULLE (RUE DU GENERAL),49.21089,1.16774,17,2,1
202100001972,198Â 278,A01,1,1,2,9,1,8,-1,-1, -1,-1,2021,31.0,1,2,0,2,4,2,1,,1,A507 sens Marseille - Aubagne,0,,1,3,0,1,7,389,1,, -1,1,1,1,70,21,12,2021,13:00,1,13,13055,1,1,0,4,A507 sens Marseille - Aubagne,43.2988,5.4247,13,2,2
202100049814,112Â 708,A01,1,1,1,5,2,6,-1,0,0,-1,2021,17.0,2,1,0,2,0,16,1,,3,,-1,,2,2,0,1,13,345,1,, -1,1,0,1,80,27,2,2021,17:45,2,85,85142,1,2,0,3,La TabariÃ¨re,46.74313,-1.27014,17,2,2
202100006845,189Â 547,B01,1,1,1,1,1,-1,-1,0,0,-1,2021,52.0,2,2,13,2,9,17,1,,3,917,-1,,2,2,0,1,53,400,1,, -1,1,0,1,80,22,11,2021,08:25,1,41,41102,1,1,0,3,D 917,47.763351,0.936605,8,3,2
202100030299,147Â 608,A01,1,1,1,4,8,-1,-1,0,0,-1,2021,34.0,1,5,0,2,1,13,1,,3,231,0,,2,2,0,1,34,500,1,, -1,1,0,1,80,8,7,2021,09:00,1,77,77144,1,1,0,1,D 231,48.7634096431,2.9231275828,9,2,2
202100032250,144Â 115,B01,1,1,1,5,2,0,-1,-1, -1,-1,2021,14.0,3,1,0,0,0,1,0,,4,,0,,2,2,0,1,(1),(1),1,, -1,1,0,1,50,23,6,2021,19:15,1,78,78267,2,1,0,2,RUE GABRIEL PERI,48.98293,1.81042,19,2,2
202100009610,184Â 527,B01,1,1,1,9,8,0,-1,-1, -1,-1,2021,28.0,3,1,0,2,7,1,0,,3,ECHENILLY (RUE),0,,2,2,0,1,1,10,1,, -1,2,5,5,50,2,11,2021,10:00,1,10,10333,2,6,0,3,ECHENILLY (RUE),48.2743653347,4.0401488541,10,2,2