Num_Acc,id_vehicule,num_veh,place,catu,sexe,trajet,secu1,secu2,secu3,locp,actp,etatp,year_acc,victim_age,senc,catv,obs,obsm,choc,manv,motor,occutc,catr,voie,v1,v2,circ,nbv,vosp,prof,pr,pr1,plan,lartpc,larrout,surf,infra,situ,vma,jour,mois,an,hrmn,lum,dep,com,agg_,int,atm,col,adr,lat,long,hour,nb_victim,nb_vehicules
202100051039,110Â 439,A01,1,1,2,5,1,8,-1,-1, -1,-1,2021,46.0,1,2,0,2,5,19,1,,4,GENAS    (Route de),0,,2,4,3,1,0,600,1,, -1,1,0,1,50,18,2,2021,12:15,1,69,69266,2,2,0,3,GENAS (DE) (RTE),45.74931,4.91425,12,3,2
202100022909,160Â 672,B01,1,1,2,5,8,0,-1,-1, -1,-1,2021,24.0,1,1,0,2,1,1,5,,4,,0,,2,2,0,1,(1),(1),1,, -1,1,0,1,30,22,8,2021,01:05,5,45,45274,2,1,0,4,418 Rue de Champdoux,47.8790934851,1.9615331333,1,3,3
202100038536,132Â 758,A01,1,1,2,0,1,0,-1,-1, -1,-1,2021,46.0,1,2,0,2,4,23,1,,3,RTE DE CHOISY,0,,1,6,0,1,1,0,1,, -1,2,0,1,50,24,5,2021,15:20,1,94,94028,2,1,1,2,Route de Choisy,48.78837,2.45141,15,2,2
202100056517,100Â 884,A01,1,1,1,0,0,-1,-1,0,0,-1,2021,22.0,2,2,6,0,5,6,1,,4,,-1,,2,2,0,1,(1),(1),2,, -1,2,5,3,80,1,1,2021,10:55,1,33,33003,1,2,0,6,Voie rapide Bassens Ambes,44.9542747363,-0.5179211363,10,1,1
202100044272,122Â 531,A01,1,1,2,1,1,0,-1,-1, -1,-1,2021,19.0,1,2,0,2,1,2,1,,7,RN 60,0,,2,4,0,1,98,760,1,, -1,1,0,1,70,12,4,2021,08:35,1,45,45302,2,1,0,2,RN 60,47.94525,1.89622,8,2,2
202100049398,113Â 461,A01,1,1,1,1,1,0,-1,-1, -1,-1,2021,61.0,2,2,0,2,1,2,1,,2,05 PK RN237 RE MOULIN JUSTICE,0,,3,5,0,1,3,404,3,, -1,1,3,1,70,2,3,2021,12:23,1,17,17200,1,9,0,4,05 PK RN237 RE MOULIN JUSTICE,46.17809,-1.1588,12,3,3
202100021734,162Â 788,A01,1,1,1,5,2,0,-1,-1, -1,-1,2021,24.0,1,1,0,9,7,2,1,,1,S10CM-Sens Marseille vers A.50 Aubagne,0,,3,2,0,1,0,100,1,, -1,9,0,2,90,31,8,2021,10:00,1,13,13210,1,1,0,7,S10CM-Sens Marseille vers A.50 Aubagne,43.28295,5.3986,10,1,1
202100033129,142Â 538,A01,1,1,1,5,1,-1,-1,0,0,-1,2021,33.0,1,2,0,0,1,1,1,,3,36,0,D,2,2,0,1,10,200,1,, -1,1,0,3,90,18,6,2021,22:45,3,43,43115,1,1,0,6,RD 36,44.977364,4.037545,22,1,1
202100035601,138Â 082,A01,1,1,1,5,0,-1,-1,0,0,-1,2021,66.0,1,2,0,0,0,1,1,,3,162,0,,-1,2,0,1,162,2,1,, -1,1,0,8,80,10,6,2021,16:45,1,55,55268,1,1,0,7,RD162,48.964934,5.537367,16,1,1
202100042670,125Â 359,A01,7,2,2,5,1,8,-1,-1, -1,-1,2021,12.0,3,2,0,2,1,5,1,,4,STADE,0,,1,1,0,2,(1),(1),3,, -1,1,0,1,50,24,4,2021,11:50,1,971,97101,1,1,0,1,STADE,16.26772,-61.51128,11,7,2
202100013661,177Â 293,A01,10,3,2,2,0,-1,-1,3,3,1,2021,18.0,0,2,0,1,1,1,0,,4,ROBESPIERRE (DE 1 A 31 ET 2 A 24),0,,2,2,0,2,(1),(1),1,, -1,1,0,1,50,11,10,2021,07:38,5,29,29019,2,1,0,6,Rue Robespierre,48.41261,-4.491214,7,2,1
202100001961,198Â 296,B01,1,1,1,1,2,6,-1,0,0,-1,2021,19.0,2,1,0,2,1,1,1,,3,80,0,D,2,2,0,1,5,700,1,, -1,1,0,1,-1,22,12,2021,17:30,3,13,13094,1,3,0,1,D80,43.817051,4.713643,17,2,2
202100047519,116Â 824,A01,1,1,1,1,2,6,-1,0,0,-1,2021,55.0,2,1,0,0,8,3,1,,4,ECHANGEUR ISSY,0,,1,4,0,1,9,700,1,, -1,1,0,1,70,18,3,2021,15:45,1,75,75115,2,1,0,7,ECHANGEUR ISSY,48.835262,2.270712,15,1,1
202100053741,105Â 676,A01,2,2,1,5,1,8,-1,0,0,-1,2021,20.0,2,2,0,2,1,13,1,,3,R.D 579,0,,2,2,0,2,0,0,3,, -1,2,0,1,90,24,1,2021,13:00,1,14,14487,1,1,1,1,D579,49.1787,0.2271,13,4,2
202100030504,147Â 241,A01,1,1,2,5,1,8,-1,-1, -1,-1,2021,63.0,2,2,0,2,1,2,1,,1,A51-Sens Aix en Provence vers Marseille,0,,1,3,0,1,2,0,1,, -1,1,0,1,90,5,7,2021,19:25,1,13,13071,1,1,0,2,A51-Sens Aix en Provence vers Marseille,43.41057,5.36389,19,3,3
202100009586,184Â 571,B01,1,1,1,4,2,6,-1,-1, -1,-1,2021,22.0,2,1,0,2,2,1,3,,4,RIBEAUVILLE (RUE DE),0,,3,6,3,1,0,0,1,, -1,1,4,1,50,2,11,2021,18:34,5,67,67482,2,8,0,3,RIBEAUVILLE (RUE DE),48.56356,7.76779,18,2,2
202100053837,105Â 517,A01,1,1,1,9,8,0,-1,-1, -1,-1,2021,35.0,3,2,1,2,8,9,1,,4,HERSANT (RUE GEORGES),0,,2,1,0,1,(1),(1),1,, -1,1,0,1,50,24,1,2021,20:50,5,37,37261,2,3,0,3,HERSANT (RUE GEORGES),47.3785220641,0.7108549923,20,2,2
202100036624,136Â 245,B01,1,1,1,5,2,6,-1,-1, -1,-1,2021,17.0,0,1,0,2,2,1,1,,4,LEPOUZE (RUE),0,,2,2,0,1,(1),(1),1,, -1,1,0,1,50,3,6,2021,17:14,1,27,27229,2,3,0,3,LEPOUZE (RUE),49.02863,1.15533,17,2,2
202100008600,186Â 363,A01,10,3,2,3,0,-1,-1,2,3,1,2021,55.0,2,1,0,1,2,17,1,,4,RUE JEANNE D ARC,0,,2,2,0,1,(1),(1),1,, -1,1,0,1,30,10,11,2021,15:57,1,75,75113,2,2,0,6,RUE JEANNE D ARC,48.828634,2.369924,15,2,1
202100047031,117Â 705,A01,2,2,1,1,1,0,-1,-1, -1,-1,2021,33.0,0,5,0,2,7,10,1,,7,DEPARTEMENTALE 3,0,,2,2,0,2,65,500,1,, -1,1,0,1,50,6,3,2021,23:05,5,76,76457,2,1,0,3,DEPARTEMENTALE 3,49.34146,0.96527,23,7,2
202100033038,142Â 688,B01,1,1,1,5,8,-1,-1,-1, -1,-1,2021,26.0,2,1,0,2,1,2,3,,4,CHEZEL (RUE CLOVIS),0,,2,2,0,1,(1),(1),1,, -1,2,5,1,50,20,6,2021,22:35,5,51,51454,2,3,1,3,Rue Clovis Chezel,49.2404724027,4.0328964112,22,2,2
202100010060,183Â 714,A01,2,2,2,5,0,-1,-1,0,0,-1,2021,69.0,2,2,12,0,0,1,1,,2,40,0,T,2,2,0,2,42,700,3,, -1,2,0,1,80,31,10,2021,15:45,1,201,201211,1,1,1,6,RT40 PK 42+700,41.800539,8.967049,15,2,1
202100007086,189Â 094,A01,1,1,2,9,0,-1,-1,0,0,-1,2021,20.0,1,2,13,0,1,1,1,,7,19,0,D,2,2,0,1,8,566,3,, -1,2,0,3,80,21,11,2021,08:18,1,13,13051,1,1,1,1,D19,43.594565,5.104823,8,1,1
202100026867,153Â 696,A01,3,2,2,0,1,0,-1,-1, -1,-1,2021,64.0,2,2,0,0,4,23,1,,3,ROGER SALENGRO (BLD),0,,2,2,0,2,0,1,1,, -1,2,0,1,50,27,7,2021,12:45,1,93,93053,2,1,1,2,Boulevard Roger Salengro,48.88372,2.45518,12,4,2
202100050447,111Â 527,A01,10,3,1,0,0,-1,-1,4,3,1,2021,36.0,1,2,0,1,1,15,0,,3,RESISTANCE (RUE DE LA),0,,2,3,0,2,0,1,1,, -1,1,0,1,50,23,2,2021,10:58,1,74,74012,2,2,0,6,RESISTANCE (RUE DE LA),46.198532,6.252133,10,2,1
202100001195,199Â 636,A01,3,2,2,5,8,0,-1,-1, -1,-1,2021,11.0,2,2,0,2,1,13,1,,3,DE L'EUROPE (AVENUE),0,,2,2,0,1,1,0,2,, -1,2,0,1,80,24,12,2021,17:49,3,18,18050,1,1,0,3,DE L'EUROPE (AVENUE),47.053,2.316,17,4,3
202100007444,188Â 445,A01,1,1,1,4,2,6,-1,0,0,-1,2021,44.0,1,1,0,0,0,1,1,,4,RUE DE ROCHECHOUART,0,,2,2,2,3,(1),(1),1,, -1,1,0,1,30,18,11,2021,12:45,1,75,75109,2,4,0,7,RUE DE ROCHECHOUART,48.877345,2.344661,12,1,1
202100015782,173Â 460,Z01,10,3,1,0,8,8,-1,1,3,1,2021,79.0,2,2,0,1,3,1,0,,3,911,0,,1,3,3,1,0,0,1,, -1,1,0,1,50,25,9,2021,20:00,5,92,92024,2,1,0,6,JEAN JAURES (BD) DE (1 A 45)   (2 A 54),48.89739,2.30864,20,2,1
202100034171,140Â 679,B01,1,1,2,0,1,-1,-1,0,0,-1,2021,58.0,1,2,0,2,4,2,1,,1,8,-1,,3,5,0,2,200,100,1,, -1,1,3,1,50,16,6,2021,16:30,1,6,6088,1,1,0,4,"A8, PK 200.100 chaussÃ©e sud",43.734081,7.287143,16,5,4
202100042162,126Â 257,A01,2,2,2,0,2,0,-1,-1, -1,-1,2021,39.0,3,1,0,2,9,13,1,,2,MARSEILLE (Route)-MONTFAVET,0,,3,2,0,1,61,700,1,, -1,1,0,1,90,18,4,2021,18:10,1,84,84007,2,1,0,3,MARSEILLE (Route)-MONTFAVET,43.89084,4.91043,18,3,2
202100023598,159Â 456,B01,2,2,1,9,1,0,-1,-1, -1,-1,2021,26.0,3,2,8,2,7,1,2,,4,COLIGNY   AVENUE,0,,2,2,0,1,(1),(1),1,, -1,1,9,1,30,18,8,2021,22:55,5,17,17300,2,2,0,3,COLIGNY   AVENUE,46.16151,-1.16541,22,3,2
202100048131,115Â 709,A01,1,1,1,9,8,-1,-1,-1, -1,-1,2021,27.0,1,2,11,0,1,1,1,,4,LEON BLUM      (Rue),0,,2,4,0,1,(1),(1),1,, -1,1,0,1,50,13,3,2021,02:43,5,69,69266,2,1,0,6,LEON BLUM (R),45.7600682719,4.8983520269,2,1,1
202100016685,171Â 805,A01,1,1,1,0,2,0,-1,-1, -1,-1,2021,44.0,1,1,0,0,0,18,1,,3,106,0,,2,2,1,1,0,0,1,, -1,1,0,1,50,21,9,2021,10:40,1,92,92035,2,1,0,7,GÃ©nÃ©ral de Gaulle  ( avenue du ),48.909955046,2.2549974918,10,1,1
202100032573,143Â 546,B01,1,1,1,1,1,-1,-1,0,0,-1,2021,36.0,2,5,3,0,5,0,1,,3,315,0,,2,2,0,2,13,0,1,, -1,1,2,1,30,25,6,2021,06:15,2,60,60248,2,1,0,2,D315,49.735648,1.823789,6,2,2
202100011543,181Â 086,B01,2,2,2,1,1,0,-1,-1, -1,-1,2021,23.0,2,2,0,2,1,1,1,,3,MARIUS HUE (RUE),0,,-1,2,0,1,0,0,1,, -1,1,5,1,50,21,10,2021,07:50,2,91,91645,2,2,0,3,MARIUS HUE (RUE),48.74523,2.28294,7,3,2
202100035880,137Â 552,A01,10,3,2,1,0,-1,-1,9,B,-1,2021,38.0,3,5,0,1,2,15,1,,4,LOUIS LABONNE (RUE),0,,-1,1,0,1,0,0,1,, -1,1,0,8,30,7,6,2021,17:53,1,91,91687,2,1,0,6,LOUIS LABONNE (RUE),48.67792,2.37112,17,2,1
202100036245,136Â 894,A01,1,1,1,5,1,-1,-1,-1, -1,-1,2021,50.0,2,2,0,2,1,5,1,,7,175,0,,1,2,0,1,43,466,2,, -1,1,2,1,110,5,6,2021,20:25,1,35,35051,1,1,0,5,LONGCHAMPS (PORTE DES),48.14047,-1.62836,20,6,3
202100029843,148Â 446,B01,1,1,1,4,1,0,-1,-1, -1,-1,2021,55.0,1,3,0,2,3,1,1,1.0,4,ROITELETS (R DES),0,,2,2,0,1,1,0,1,, -1,1,5,1,50,9,7,2021,12:30,1,94,94017,2,2,0,3,ROITELETS (R DES),48.80987,2.55092,12,2,2
202100055426,102Â 778,A01,1,1,2,1,1,0,-1,-1,0,-1,2021,23.0,2,2,4,0,3,13,1,,3,170,0,,3,4,0,1,2,200,2,, -1,2,0,1,90,12,1,2021,18:30,3,95,95555,1,1,1,6,RD 170,48.97297,2.27637,18,1,1
202100030061,148Â 051,A01,1,1,2,2,1,-1,-1,0,0,-1,2021,24.0,1,2,3,9,0,1,1,,1,31,-1,,3,4,0,1,140,0,1,, -1,2,0,3,130,7,7,2021,22:45,3,52,52332,1,9,1,6,A31,47.99404,5.513096,22,1,1
202100046526,118Â 619,A01,1,1,1,0,2,4,-1,-1, -1,-1,2021,22.0,3,1,0,2,1,1,1,,3,323,0,,1,4,0,1,39,850,1,, -1,1,0,1,70,26,3,2021,11:40,1,49,49007,2,4,0,2,bretelle ATLANTIQUE AVENUE DE L',47.46901,-0.59964,11,2,2
202100025179,156Â 651,B01,7,2,2,5,1,-1,-1,0,0,-1,2021,10.0,1,2,0,2,3,1,1,,3,678,-1,,2,2,0,1,35,950,1,, -1,1,0,1,80,8,8,2021,05:35,2,71,71263,1,1,0,1,rue du Jura,46.632944,5.250371,5,11,2
202100056439,101Â 015,A01,10,3,1,4,0,-1,-1,1,3,2,2021,28.0,1,2,0,1,1,1,0,,3,VARAGNAT (AVENUE HENRI),0,,2,2,0,1,0,1,2,, -1,2,0,1,50,1,1,2021,09:20,1,93,93010,2,1,1,6,VARAGNAT (AVENUE HENRI),48.915178702,2.4841018168,9,2,1
202100019770,166Â 308,A01,1,1,1,5,6,2,9,0,0,-1,2021,62.0,1,1,0,2,8,1,1,,3,965,0,,2,2,0,1,34,340,3,, -1,1,0,1,80,11,9,2021,16:55,1,89,89168,1,1,0,3,D965,47.813747,3.892071,16,3,2
202100006848,189Â 541,A01,1,1,1,0,1,-1,-1,0,0,-1,2021,62.0,1,2,0,2,3,1,1,,3,944,0,D,2,2,0,1,10,700,1,, -1,1,0,1,90,23,11,2021,16:30,1,51,51183,1,3,0,4,D944,49.311666,3.983102,16,3,3
202100019046,167Â 594,A01,1,1,2,1,2,-1,-1,0,0,-1,2021,55.0,2,1,6,0,2,1,1,,3,220,0,D,2,2,0,1,18,130,1,, -1,1,0,4,50,14,9,2021,17:15,1,61,61214,2,1,0,6,20 Rue Charles MÃ©rouvel,48.765098,0.613816,17,1,1
202100031567,145Â 329,B01,1,1,1,5,8,-1,-1,-1, -1,-1,2021,29.0,1,1,0,2,8,15,3,,7,NANTES (RUE DE),0,,2,2,0,1,12,131,1,, -1,1,0,1,50,29,6,2021,20:55,1,35,35281,2,3,0,3,NANTES (RUE DE),48.092454,-1.691504,20,2,2
202100011375,181Â 391,B01,2,2,2,0,1,0,-1,-1, -1,-1,2021,18.0,1,2,0,2,1,21,1,,4,NECHIN (RUE DE),0,,2,1,0,1,(1),(1),1,, -1,2,0,1,50,23,10,2021,02:40,5,59,59598,2,1,0,1,NECHIN (RUE DE),50.6614,3.23562,2,4,2
202100013262,178Â 036,A01,1,1,1,0,1,0,-1,-1, -1,-1,2021,20.0,2,2,0,2,1,2,1,,7,RD 201,0,,1,2,0,1,8,700,1,, -1,1,0,1,90,14,10,2021,19:30,3,42,42183,1,1,0,2,M201,45.4187872366,4.3702336451,19,2,2
202100025364,156Â 322,B01,2,2,2,5,2,6,-1,0,0,-1,2021,28.0,2,1,0,2,8,1,0,,3,635,-1,,2,2,0,1,15,164,1,, -1,1,0,1,70,6,8,2021,16:10,1,31,31109,1,1,0,3,Lieu dit La RuÃ¨re,43.226823,0.79878,16,3,2
202100042959,124Â 882,B01,1,1,1,1,2,6,-1,0,0,-1,2021,16.0,1,1,0,2,7,17,1,,3,54,-1,,2,2,0,1,13,495,1,, -1,1,0,1,80,20,4,2021,18:45,1,61,61222,1,3,0,3,Le Bas Village,48.744919,-0.683668,18,2,2
202100022551,161Â 317,B01,1,1,1,1,2,6,-1,0,0,-1,2021,36.0,2,1,0,2,2,17,1,,3,40,-1,,2,2,0,1,3,300,3,, -1,1,9,1,80,25,8,2021,06:05,2,74,74050,1,3,0,3,D40,46.22114,6.433638,6,2,2
202100036684,136Â 140,A01,1,1,1,5,2,-1,-1,0,0,-1,2021,25.0,2,1,12,0,0,1,1,,3,221,0,,2,2,0,1,8,200,1,, -1,1,0,1,50,3,6,2021,21:00,2,62,62297,2,1,0,7,77 Rue du Mont,50.815679,2.146091,21,1,1
202100022527,161Â 365,B01,1,1,1,5,0,-1,-1,0,0,-1,2021,58.0,3,1,0,2,8,15,5,,4,,0,,2,2,0,1,(1),(1),1,,6,1,0,1,50,27,8,2021,06:40,2,54,54157,2,1,0,3,3 Rue Serge Mangon,48.839115,6.057869,6,2,2
202100049189,113Â 832,A01,10,3,2,5,0,-1,-1,1,3,1,2021,77.0,1,2,0,1,1,1,1,,3,RD15,-1,,2,2,0,1,20,400,1,, -1,1,0,1,50,1,3,2021,07:25,1,972,97228,1,1,0,6,Pain de Sucre,14.788674,-61.033216,7,2,1
202100042135,126Â 312,A01,1,1,1,0,2,-1,-1,0,0,-1,2021,65.0,3,1,12,0,1,1,1,,4,2,0,C,2,2,0,1,(1),(1),2,, -1,1,0,1,50,29,4,2021,16:50,1,22,22277,2,1,0,7,rue du Parc Broussin,48.388185,-2.872989,16,1,1
202100039200,131Â 556,A01,1,1,2,9,1,-1,-1,0,0,-1,2021,51.0,2,2,0,2,6,11,1,,1,A,0,A,3,5,0,1,75,0,1,, -1,1,0,1,130,20,5,2021,14:20,1,27,27554,1,1,0,2,A13 pk 075+000 direction Paris,49.090164,1.369659,14,4,2
202100012546,179Â 288,B01,2,2,2,5,2,6,-1,0,0,-1,2021,65.0,1,1,0,2,7,21,1,,3,514,-1,,2,2,0,1,70,600,1,, -1,1,0,1,50,19,10,2021,17:40,1,14,14605,2,6,0,3,carrefour CD 514 et CD 517,49.35932,-0.881736,17,4,2
202100034742,139Â 612,B01,1,1,1,5,1,0,-1,-1, -1,-1,2021,68.0,2,2,1,2,4,2,1,,4,,0,,2,2,0,1,0,0,1,, -1,1,0,1,30,11,6,2021,16:45,1,91,91027,2,1,0,6,VC QUAI DE L'INDUSTRIE,48.69287,2.38942,16,3,2
202100053607,105Â 898,B01,1,1,1,0,2,0,-1,-1, -1,-1,2021,18.0,1,1,0,2,2,1,1,,7,GRENADE (ROUTE DE),0,,2,2,0,1,15,4094,1,, -1,1,0,1,50,25,1,2021,17:45,1,31,31069,2,4,0,3,GRENADE (ROUTE DE),43.63762,1.39034,17,2,2
202100052800,107Â 345,C01,1,1,1,4,1,0,-1,0,0,-1,2021,46.0,2,2,0,2,4,23,1,,4,PORTE D ASNIERES,0,,1,2,0,2,(1),(1),1,, -1,2,0,1,50,2,2,2021,07:50,2,75,75117,2,1,1,5,PORTE D ASNIERES,48.892762,2.301989,7,4,4
202100030995,146Â 330,A01,1,1,1,0,1,0,-1,-1, -1,-1,2021,31.0,1,2,1,0,1,1,1,,4,RHIN ET DANUBE (AV) NÂ° PAIRS 194 A 338,0,,2,2,0,1,0,0,1,, -1,1,0,4,50,3,7,2021,15:20,1,72,72181,2,1,0,6,RHIN ET DANUBE (AV) NÂ° PAIRS 194 A 338,48.02237,0.18343,15,1,1
202100025962,155Â 274,A01,1,1,1,0,2,8,-1,-1, -1,-1,2021,27.0,1,1,3,0,1,9,1,,2,GALMOT (ROND-POINT),0,,3,2,0,1,0,0,3,, -1,1,0,1,50,1,8,2021,02:45,5,973,97302,2,1,0,6,GALMOT (ROND-POINT),4.93161,-52.32982,2,1,1
202100001166,199Â 688,A01,1,1,1,0,1,-1,-1,0,0,-1,2021,18.0,0,2,0,2,1,13,1,,3,RD 1001,0,,2,2,0,2,(1),(1),3,, -1,7,0,1,80,23,12,2021,11:10,1,80,80261,1,1,0,1,RD 1001,49.84856,2.27188,11,2,2
202100035429,138Â 387,A01,1,1,2,1,1,8,-1,-1, -1,-1,2021,22.0,1,2,0,2,1,2,1,,1,A13,0,,3,2,0,1,16,0,1,, -1,1,0,1,110,10,6,2021,18:10,1,78,78455,1,1,0,2,A13,48.855653,2.057619,18,2,2
202100021246,163Â 681,A01,1,1,1,5,2,8,-1,-1, -1,-1,2021,35.0,2,1,0,2,3,17,1,,4,KERGUESTENEN (RUE  DE ),0,,2,2,0,1,(1),(1),1,, -1,1,9,1,30,30,8,2021,07:25,1,56,56121,2,1,0,1,KERGUESTENEN (RUE  DE ),47.75133,-3.39304,7,3,2
202100027820,151Â 986,B01,1,1,1,5,1,-1,-1,0,0,-1,2021,41.0,1,2,0,2,4,1,1,,3,29,0,D,2,2,0,1,7,500,1,, -1,1,0,1,80,16,7,2021,17:00,1,29,29045,1,1,0,2,D29 - lieu dit Kerloussouarn,48.426068,-4.286363,17,2,2
202100051795,109Â 117,Z01,10,3,1,3,0,-1,-1,2,3,1,2021,75.0,1,4,0,1,0,1,1,,4,,0,,2,2,0,1,(1),(1),1,, -1,1,0,1,50,11,2,2021,10:40,1,45,45302,2,2,0,6,224 Ancienne Route de Chartres,47.934091,1.893837,10,2,1
202100039172,131Â 601,A01,2,2,1,1,1,-1,-1,0,0,-1,2021,33.0,1,2,0,2,4,11,1,,2,1,-1,,3,4,0,2,(1),(1),1,, -1,1,0,1,90,20,5,2021,18:50,2,972,97222,1,1,0,2,DN1,14.697343,-60.941656,18,3,2
202100033088,142Â 600,A01,10,3,2,2,0,-1,-1,3,3,1,2021,12.0,1,2,0,0,7,1,2,,3,GENERAL DE GAULLE (AV DU),0,,2,2,0,1,1,0,1,, -1,1,0,1,30,14,6,2021,08:40,1,94,94067,2,1,0,6,Avenue du GÃ©nÃ©ral de Gaulle,48.844445,2.417587,8,2,1
202100021990,162Â 327,A01,8,2,1,5,0,-1,-1,0,0,-1,2021,23.0,1,2,13,0,9,0,1,,3,626,2,D,2,2,0,2,6,939,2,, -1,1,0,3,80,29,8,2021,19:50,1,31,31107,1,1,0,6,lieu-dit nÃ¨gre,43.296285,1.235951,19,3,1
202100042434,125Â 771,B01,1,1,1,9,8,0,-1,-1, -1,-1,2021,18.0,1,1,0,2,1,1,1,,3,31,0,,1,1,0,1,0,0,1,, -1,1,0,1,30,26,4,2021,15:20,1,91,91421,2,1,0,2,RENE CASSIN (RUE),48.70036,2.46466,15,2,2
202100021367,163Â 459,B01,1,1,1,0,6,-1,-1,0,0,-1,2021,24.0,2,1,0,2,1,1,1,,3,142,-1,,2,1,0,1,0,100,1,,"3,5",1,0,1,80,3,9,2021,07:40,2,37,37273,2,2,0,1,D142,47.3836496562,0.7844131581,7,2,2
202100042301,126Â 013,A01,1,1,1,0,2,0,-1,0,0,-1,2021,25.0,1,1,0,2,1,26,1,,4,REPUBLIQUE (AVENUE DE LA),0,,3,2,3,1,(1),(1),1,, -1,1,0,1,50,26,4,2021,12:00,1,63,63113,2,1,0,2,REPUBLIQUE (AVENUE DE LA),45.78981,3.11066,12,2,2
202100041929,126Â 671,B01,1,1,1,9,2,0,-1,0,0,-1,2021,40.0,2,1,0,2,8,1,5,,4,BOULEVARD DE PICPUS,0,,2,2,1,1,(1),(1),1,, -1,1,0,5,50,30,4,2021,16:45,1,75,75112,2,1,0,3,BOULEVARD DE PICPUS,48.845969,2.400786,16,2,2
202100014582,175Â 644,A01,10,3,2,2,0,-1,-1,3,3,1,2021,13.0,1,2,0,1,1,1,1,,4,SULLY                               (R ),0,,2,2,1,1,(1),(1),1,, -1,1,6,1,30,7,10,2021,14:15,1,69,69275,2,1,0,6,SULLY (R),45.7713,4.97584,14,2,1
202100054009,105Â 210,B01,1,1,1,9,2,9,6,0,0,-1,2021,30.0,2,1,0,2,7,16,1,,2,13,0,,2,2,0,1,13,250,1,, -1,2,0,8,70,23,1,2021,19:45,3,27,27123,1,3,0,2,Route Nationale 13,49.012281,1.301966,19,2,2
202100025020,156Â 930,A01,1,1,1,4,2,0,-1,0,0,-1,2021,29.0,1,1,0,2,8,14,1,,4,BOULEVARD DE MAGENTA,0,,2,4,3,1,(1),(1),1,, -1,1,0,1,50,8,8,2021,02:10,5,75,75110,2,3,0,3,BOULEVARD DE MAGENTA,48.882081,2.350931,2,2,2
202100018431,168Â 681,A01,1,1,1,9,2,0,-1,-1, -1,-1,2021,41.0,1,1,0,2,1,18,0,,3,FELIX FAURE (BLD)  => 118/119,0,,2,2,0,1,(1),(1),1,, -1,1,0,1,50,17,9,2021,13:49,1,93,93001,2,9,0,3,FELIX FAURE (BLD)  => 118/119,48.906743,2.379968,13,3,2
202100005170,192Â 537,A01,10,3,2,0,0,-1,-1,1,3,1,2021,1.0,3,2,0,1,1,1,1,,4,,-1,,2,1,0,2,(1),(1),1,,3,1,0,1,50,3,12,2021,18:50,5,976,97615,2,1,0,1,Rue Abasse Ali,-12.790497,45.282261,18,2,1
202100009594,184Â 558,B01,1,1,1,1,8,-1,-1,-1, -1,-1,2021,38.0,0,1,0,0,0,0,3,,4,REPUBLIQUE (PLACE DE LA),0,,1,2,0,1,(1),(1),2,, -1,1,0,1,50,7,10,2021,06:28,5,51,51230,2,6,0,3,Place de la RÃ©publique,49.04354,3.95737,6,2,2
202100045200,120Â 943,A01,2,1,1,5,1,8,-1,-1, -1,-1,2021,26.0,2,2,13,0,1,1,1,,1,A7-Sens Lyon vers Marseille,0,,3,2,0,1,265,500,1,, -1,1,0,3,110,4,4,2021,02:15,3,13,13071,1,1,0,6,A7-Sens Lyon vers Marseille,43.4090148354,5.2864515781,2,1,1
202100041448,127Â 516,A01,1,1,1,5,2,6,-1,0,0,-1,2021,38.0,1,1,8,0,3,14,1,,3,987,-1,,2,2,0,1,16,600,2,, -1,1,0,3,80,5,5,2021,15:45,1,71,71559,1,1,0,6,"D.987 - Lieu-dit ""La  Velle""",46.280114,4.364018,15,1,1
202100024799,157Â 326,A01,1,1,2,5,8,-1,-1,0,0,-1,2021,22.0,1,2,2,0,6,0,1,,3,37,0,D,2,2,0,2,9,300,1,, -1,2,0,8,80,11,8,2021,02:25,3,84,84121,1,1,0,7,D37,43.747564,5.491362,2,1,1
202100044215,122Â 638,A01,10,3,2,5,0,-1,-1,9,1,1,2021,93.0,2,2,0,1,5,4,1,,3,,-1,,-1,-1,0,1,33,250,1,,4,1,0,1,-1,13,4,2021,16:25,1,76,76164,2,1,0,6,Place du GÃ©nÃ©ral de Gaulle,49.52478,0.72937,16,2,1
202100034652,139Â 781,A01,1,1,1,5,2,-1,-1,0,0,-1,2021,17.0,3,1,0,0,8,1,1,,4,,-1,,2,2,0,2,(1),(1),1,,4,1,0,3,50,12,6,2021,23:15,3,56,56031,2,1,0,7,Rue du ChÃªne,47.831077,-3.001218,23,1,1
202100025407,156Â 241,A01,10,3,1,0,0,-1,-1,2,3,1,2021,37.0,1,1,0,1,1,26,1,,2,kaweni-Poste ( rue de la ),0,,2,2,0,1,0,0,1,, -1,1,0,1,50,5,8,2021,16:30,1,976,97611,2,1,0,6,kaweni-Poste ( rue de la ),-12.77259,45.22317,16,2,1
202100019933,166Â 003,A01,10,3,1,0,8,8,-1,9,B,1,2021,48.0,2,1,0,1,1,1,1,,3,106,0,,-1,2,0,1,0,0,1,, -1,1,0,1,30,9,9,2021,20:44,5,92,92026,2,1,0,6,COLOMBES,48.8975111843,2.2564941645,20,2,1
202100034888,139Â 354,B01,1,1,1,0,2,6,-1,0,0,-1,2021,19.0,2,1,0,2,2,17,1,,2,94,0,N,2,2,0,1,127,280,1,, -1,1,0,1,80,13,6,2021,16:20,1,5,5119,1,4,0,3,Le Plan de Phazy,44.66003,6.603878,16,3,2