Num_Acc,id_vehicule,num_veh,place,catu,sexe,trajet,secu1,secu2,secu3,locp,actp,etatp,year_acc,victim_age,senc,catv,obs,obsm,choc,manv,motor,occutc,catr,voie,v1,v2,circ,nbv,vosp,prof,pr,pr1,plan,lartpc,larrout,surf,infra,situ,vma,jour,mois,an,hrmn,lum,dep,com,agg_,int,atm,col,adr,lat,long,hour,nb_victim,nb_vehicules
202100001633,198Â 884,A01,1,1,1,0,1,0,-1,-1, -1,-1,2021,43.0,3,2,15,0,1,9,1,,3,EDOUARD VAILLANT DU 1 A FIN.,0,,-1,2,0,1,0,1,1,, -1,1,0,1,50,22,12,2021,23:50,5,93,93055,2,6,0,6,CHEMIN DE FER (DU),48.8991535066,2.3967855612,23,1,1
202100020908,164Â 278,A01,1,1,1,0,2,6,-1,0,0,-1,2021,58.0,1,1,0,0,9,14,1,,3,64,-1,,2,2,0,1,12,138,1,, -1,1,0,3,80,4,9,2021,17:05,1,77,77425,1,1,0,7,D64,48.436997,2.591851,17,1,1
202100054714,103Â 991,A01,1,1,2,1,1,-1,-1,0,0,-1,2021,19.0,3,2,0,2,3,1,1,,4,22,-1,,2,2,0,1,(1),(1),1,,"4,5",1,0,3,70,18,1,2021,11:50,1,79,79137,1,1,0,1,Chemin de Fors,46.232415,-0.462563,11,2,2
202100052935,107Â 098,B01,1,1,1,5,2,-1,-1,0,0,-1,2021,35.0,0,1,0,2,7,0,1,,4,,-1,,-1,1,0,1,(1),(1),1,, -1,1,0,1,50,2,2,2021,13:45,1,31,31157,2,6,0,3,Avenue de Francazal,43.535634,1.349001,13,2,2
202100003828,194Â 908,A01,1,1,1,9,2,8,-1,0,0,-1,2021,43.0,1,1,0,2,3,19,5,,4,AVENUE JEAN JAURES,0,,2,5,1,1,(1),(1),1,, -1,1,0,1,30,9,12,2021,21:44,5,75,75119,2,7,0,3,AVENUE JEAN JAURES,48.882783,2.370272,21,2,2
202100017591,170Â 179,A01,1,1,2,5,1,8,-1,-1, -1,-1,2021,59.0,1,2,0,2,9,1,1,,1,AUTOROUTE A6,0,,1,8,0,1,29,500,1,, -1,1,3,1,110,21,9,2021,21:40,3,91,91659,1,9,0,3,AUTOROUTE A6,48.58748,2.449912,21,2,2
202100045956,119Â 609,B01,2,2,1,0,2,0,-1,0,0,-1,2021,19.0,0,1,0,2,8,1,1,,4,ROMANS AVENUE DE (103),0,,2,2,0,2,(1),(1),1,, -1,1,0,1,50,29,3,2021,19:00,1,26,26362,2,3,0,3,Avenue de Romans,44.934937,4.908227,19,3,2
202100013892,176Â 866,A01,1,1,2,2,8,0,-1,0,0,-1,2021,15.0,1,1,12,0,1,1,5,,4,RUE LECOURBE,0,,1,0,1,1,(1),(1),1,, -1,1,0,1,30,11,10,2021,14:30,1,75,75115,2,2,0,6,RUE LECOURBE,48.842015,2.300628,14,1,1
202100054949,103Â 591,A01,1,1,1,4,2,6,-1,-1, -1,-1,2021,19.0,1,1,0,2,1,19,1,,3,,0,,2,0,0,1,1,0,1,, -1,1,5,1,50,15,1,2021,22:10,5,92,92007,2,2,0,3,PETIT (AVENUE ALBERT) NÂ° 39 A FIN,48.7958739012,2.3171391051,22,2,2
202100029599,148Â 880,Z01,10,3,2,0,8,8,-1,6,A,1,2021,24.0,2,2,1,0,1,5,1,,4,BEDEL (RUE MAURICE),0,,2,1,0,1,(1),(1),2,, -1,2,0,1,50,10,7,2021,17:25,1,37,37261,2,1,1,6,BEDEL (RUE MAURICE),47.3782812977,0.6980712422,17,2,1
202100035858,137Â 596,A01,2,2,2,5,1,0,-1,-1, -1,-1,2021,27.0,2,2,0,2,1,2,1,,1,AUTOROUTE A6A,0,,1,3,0,1,7,300,1,, -1,1,0,1,110,8,6,2021,14:00,1,94,94034,1,1,0,4,AUTOROUTE A6A,48.75439,2.33272,14,4,3
202100038280,133Â 221,A01,1,1,1,5,2,-1,-1,0,0,-1,2021,56.0,2,1,0,0,0,1,1,,1,1,-1,,1,3,0,1,182,500,1,, -1,1,0,1,130,27,5,2021,12:15,1,62,62427,1,1,0,7,A1,50.39681,2.982445,12,1,1
202100019381,166Â 988,B01,1,1,1,5,8,0,-1,-1, -1,-1,2021,38.0,2,2,0,2,4,2,1,,3,EMILE COSSONNEAU (AVE),0,,1,2,0,4,0,0,1,, -1,1,0,1,50,12,9,2021,15:00,1,93,93051,2,1,0,2,EMILE COSSONNEAU (AVE),48.84946,2.5652,15,2,2
202100028120,151Â 439,B01,1,1,1,0,8,0,-1,-1, -1,-1,2021,15.0,3,1,0,2,4,2,0,,4,CHEMIN VERT (RUE),0,,-1,1,0,1,(1),(1),1,, -1,1,0,1,50,19,7,2021,17:00,1,59,59426,2,1,0,2,CHEMIN VERT (RUE),50.7510473778,3.1786461089,17,2,2
202100026392,154Â 517,A01,1,1,1,5,1,-1,-1,0,0,-1,2021,19.0,1,2,2,0,3,0,1,,3,99,-1,,2,2,0,1,12,180,1,, -1,1,0,1,80,31,7,2021,03:13,3,13,13100,1,1,0,6,D99,43.785014,4.870151,3,1,1
202100000089,201Â 590,B01,1,1,1,1,2,8,-1,-1, -1,-1,2021,55.0,1,1,-1,2,2,1,1,,7,AVENUE JULES VALLÃS,-1,,2,2,-1,1,(1),(1),1,, -1,1,-1,1,50,15,10,2021,08:00,1,38,38421,2,1,0,3,AVENUE JULES VALLÃS,45.18175,5.7487,8,2,2
202100030643,146Â 985,B01,1,1,2,1,1,-1,-1,0,0,-1,2021,25.0,2,2,0,2,4,23,1,,3,579,0,,2,2,0,1,14,400,1,, -1,1,0,1,30,5,7,2021,09:30,1,14,14514,2,1,0,4,D579,49.297272,0.187736,9,3,3
202100054315,104Â 676,A01,2,2,1,5,2,0,-1,-1, -1,-1,2021,19.0,2,1,0,2,5,1,1,,4,DESCARTES (RUE),0,,2,2,0,1,0,0,1,, -1,1,5,1,50,20,1,2021,06:27,5,87,87085,2,2,0,3,TUILIERES (RUE DES),45.84849,1.24929,6,3,2
202100031830,144Â 859,B01,1,1,1,0,2,0,-1,-1, -1,-1,2021,27.0,3,1,0,2,7,1,5,,4,,0,,2,2,0,1,0,0,1,, -1,1,0,1,30,28,6,2021,18:55,1,91,91479,2,3,0,3,RUE ANDRE BERNARDEAU,48.71074,2.35629,18,2,2
202100027870,151Â 897,A01,2,2,1,5,1,8,-1,-1, -1,-1,2021,19.0,1,2,4,2,8,1,1,,2,RN 01,0,,3,4,0,1,83,699,2,, -1,1,0,1,110,19,7,2021,20:15,3,974,97416,1,1,1,6,RN 01,-21.3112321493,55.436153411,20,3,2
202100039116,131Â 712,A01,3,2,1,5,1,-1,-1,0,0,-1,2021,19.0,3,2,8,0,3,13,1,,4,RUE DE LA PAPETERIE,0,,2,2,0,1,(1),(1),2,, -1,1,0,3,50,19,5,2021,21:37,1,29,29051,1,1,0,6,Rue de la Papeterie,48.02706,-4.02147,21,3,1
202100055588,102Â 495,A01,1,1,1,1,1,-1,-1,0,0,-1,2021,51.0,1,2,0,2,3,13,1,,2,164,0,,2,2,0,2,30,900,1,, -1,2,8,1,50,12,1,2021,07:00,3,29,29175,1,1,1,1,N164 - Rue de Carhaix,48.202167,-3.875041,7,2,2
202100016646,171Â 877,A01,1,1,2,9,1,0,-1,-1, -1,-1,2021,24.0,1,2,0,2,1,26,1,,4,MEIGNANNE,0,,3,2,0,1,1,0,1,, -1,1,0,1,50,26,9,2021,08:02,1,49,49007,2,2,0,3,MEIGNANNE,47.47888,-0.57016,8,3,2
202100045902,119Â 707,B01,1,1,1,0,2,0,-1,-1, -1,-1,2021,18.0,2,1,0,2,1,2,1,,4,JAURES (AVENUE JEAN) DE 28 A 62,0,,2,2,0,1,0,0,1,, -1,2,0,1,50,18,2,2021,12:40,1,93,93013,2,1,1,3,JAURES (AVENUE JEAN) DE 28 A 62,48.9330244769,2.424498315,12,3,2
202100001402,199Â 268,A01,1,1,1,5,0,-1,-1,0,0,-1,2021,72.0,1,2,13,0,1,1,1,,3,113,0,D,2,2,0,3,5,850,2,, -1,1,0,1,80,26,12,2021,20:10,3,47,47297,1,1,0,6,D113,44.332129,0.629826,20,1,1
202100006646,189Â 907,A01,10,3,2,2,0,-1,-1,2,3,1,2021,13.0,1,2,0,1,2,1,1,,4,EUROPE (AVENUE DE L'),0,,2,2,0,1,(1),(1),1,, -1,1,0,1,50,23,11,2021,07:45,1,51,51454,2,1,0,7,Avenue de lâEurope,49.2544428316,4.0617066622,7,2,1
202100017511,170Â 321,B01,1,1,1,0,2,0,-1,-1, -1,-1,2021,29.0,1,1,0,2,3,2,1,,3,ELUARD PAUL - AUTRES,0,,3,3,0,1,0,1,2,, -1,1,0,1,50,22,9,2021,15:25,1,93,93066,2,1,1,3,Rue Paul Eluard,48.93995,2.34498,15,2,2
202100037854,133Â 997,B01,1,1,1,4,2,8,-1,-1, -1,-1,2021,36.0,1,1,0,0,8,1,1,,4,DAUMIER (R),0,,-1,0,0,1,0,1,3,, -1,1,0,1,30,28,5,2021,19:54,1,94,94022,2,2,0,1,Rue Honore Daumier,48.77369,2.42241,19,2,2
202100040190,129Â 762,A01,10,3,1,1,8,-1,-1,2,3,1,2021,40.0,0,2,0,1,1,16,1,,4,MERMOZ (BD JEAN),0,,2,2,0,2,(1),(1),1,, -1,1,0,1,50,11,5,2021,19:00,1,35,35281,2,2,0,6,MERMOZ (BD JEAN),48.0964,-1.69264,19,2,1
202100006373,190Â 405,A01,1,1,1,4,1,-1,-1,-1,0,-1,2021,36.0,1,2,0,2,1,1,1,,2,RN 104,0,,3,4,0,1,12,899,1,, -1,1,0,1,90,25,11,2021,15:00,1,95,95682,1,1,0,4,RN 104,49.068357,2.390733,15,3,3
202100035800,137Â 717,A01,1,1,1,5,2,6,-1,0,0,-1,2021,53.0,1,1,15,0,1,1,1,,3,27,-1,,2,2,0,1,7,0,1,, -1,1,0,3,90,9,6,2021,11:00,1,19,19199,1,1,0,6,D27,45.5744211527,2.457305789,11,1,1
202100024083,158Â 610,B01,7,2,2,5,0,-1,-1,0,0,-1,2021,16.0,2,2,0,2,6,1,1,,2,10,0,T,2,2,0,2,(1),(1),3,,7,1,0,1,80,15,8,2021,22:00,3,201,201247,1,1,0,3,RT 10 trinitÃ©,41.62295,9.285164,22,6,2
202100018456,168Â 640,A01,1,1,1,5,2,-1,-1,0,0,-1,2021,71.0,2,1,0,0,0,0,5,,3,506,-1,,2,2,0,2,(1),(1),3,, -1,1,0,1,80,18,9,2021,09:15,1,202,202299,1,1,0,7,D506,42.426900722,9.4297109799,9,1,1
202100032554,143Â 579,A01,1,1,1,1,2,6,9,0,0,-1,2021,23.0,1,1,7,0,1,1,1,,2,580,0,,2,2,0,1,5,600,1,, -1,1,0,1,80,24,6,2021,06:05,3,30,30191,1,6,0,6,Route Nationale 580,44.133127,4.673052,6,1,1
202100005883,191Â 274,A01,2,2,2,9,1,0,-1,-1, -1,-1,2021,28.0,2,2,0,2,2,1,1,,4,RUE JULES VERNE,0,,2,2,0,1,0,1,1,, -1,2,0,1,50,26,11,2021,20:15,5,91,91657,2,1,1,3,RUE JULES VERNE,48.699644,2.43803,20,3,2
202100056018,101Â 752,B01,1,1,1,9,2,8,-1,-1, -1,-1,2021,51.0,1,1,0,2,1,1,1,,4,BAILLIF (CHEMIN ERNEST),0,,2,2,0,2,0,0,2,, -1,1,0,1,30,6,1,2021,16:30,1,974,97416,1,1,0,3,Rue FÃ©lix Baillif,-21.29937,55.49347,16,2,2
202100006234,190Â 661,A01,1,1,1,5,2,6,-1,-1, -1,-1,2021,20.0,2,1,0,2,7,2,1,,3,LOUIS DE FOIX (AVENUE),0,,2,2,0,1,1,39,1,, -1,2,0,1,50,25,11,2021,15:05,1,64,64102,2,1,1,3,LOUIS DE FOIX (AVENUE),43.5058211111,-1.4672380686,15,2,2
202100025423,156Â 216,A01,1,1,2,1,1,0,-1,-1, -1,-1,2021,25.0,1,2,13,0,9,13,1,,3,SABLIERE (LA),0,,2,2,0,1,0,0,3,, -1,2,0,1,50,4,8,2021,19:22,1,87,87113,2,1,1,6,SABLIERE (LA),45.87115,1.33446,19,1,1
202100030258,147Â 679,A01,2,2,1,0,1,-1,-1,0,0,-1,2021,5.0,2,2,4,0,1,1,1,,1,8,-1,,3,4,0,2,93,400,2,, -1,1,0,1,130,8,7,2021,13:50,1,83,83073,1,1,0,6,A8 Pk 093.400,43.4045382354,6.2982773781,13,2,1
202100041989,126Â 569,A01,1,1,1,1,1,-1,-1,-1, -1,-1,2021,38.0,1,2,4,2,9,1,1,,2,,0,,3,6,0,1,34,460,1,, -1,2,2,1,90,30,4,2021,06:15,2,33,33039,1,1,1,2,Pont FranÃ§ois Mitterrand,44.806701,-0.528864,6,2,2
202100007232,188Â 830,A01,1,1,2,1,1,0,-1,0,0,-1,2021,20.0,1,2,0,2,1,15,1,,4,MULLER (AVENUE PAUL),0,,2,3,0,1,(1),(1),1,, -1,2,0,1,50,17,11,2021,07:40,2,54,54578,2,2,1,3,MULLER (AVENUE PAUL),48.67029,6.15828,7,2,2
202100015417,174Â 149,B01,1,1,1,4,1,-1,-1,0,0,-1,2021,21.0,2,5,0,2,6,19,1,,3,3,0,,2,2,0,3,4,183,2,, -1,1,0,1,80,20,8,2021,11:50,1,77,77235,1,2,0,3,Route dÃ©partementale 3 Pk 4+183,48.99289,3.065035,11,4,2
202100039745,130Â 539,C01,1,1,1,1,1,-1,-1,0,0,-1,2021,41.0,2,2,0,2,1,2,1,,2,176,0,,3,4,0,1,5,0,1,, -1,2,0,1,110,16,5,2021,16:46,1,35,35248,1,1,1,4,N176,48.56605,-1.592702,16,3,3
202100023134,160Â 265,A01,1,1,1,5,2,0,-1,0,0,-1,2021,39.0,1,1,0,2,7,17,1,,4,BOULEVARD DE LA VILLETTE,0,,3,2,0,1,(1),(1),1,, -1,1,0,1,50,21,8,2021,15:20,1,75,75110,2,3,0,3,BOULEVARD DE LA VILLETTE,48.874338,2.374244,15,2,2
202100042650,125Â 396,B01,1,1,1,0,1,-1,-1,0,0,-1,2021,64.0,2,2,0,2,1,1,1,,3,0,0,P,2,2,0,1,5,500,3,, -1,1,0,1,50,25,4,2021,18:20,1,91,91661,1,1,0,1,Route de Villiers,48.695195,2.247026,18,5,2
202100047337,117Â 151,A01,1,1,1,1,2,6,-1,-1, -1,-1,2021,26.0,1,1,0,2,1,2,1,,3,DASSAULT MARCEL (BD),0,,2,3,0,1,0,0,1,, -1,1,0,1,70,18,3,2021,13:35,1,64,64122,2,3,0,2,DASSAULT MARCEL (BD),43.463733,-1.54396,13,2,2
202100030516,147Â 214,B01,1,1,2,4,1,0,-1,-1, -1,-1,2021,38.0,2,2,0,2,9,2,1,,1,A86 INT,0,,1,3,0,1,31,299,1,, -1,1,1,1,90,6,7,2021,14:15,1,94,94052,1,1,0,4,A86 INT,48.8402076992,2.4930906024,14,4,4
202100027065,153Â 339,A01,1,1,1,9,1,-1,-1,-1, -1,-1,2021,31.0,1,5,0,0,0,2,1,,7,MONTGERMONT (ROND POINT DE),0,,4,4,0,2,5,910,2,, -1,1,9,1,80,26,7,2021,00:10,3,35,35278,1,6,0,6,MONTGERMONT (ROND POINT DE),48.1547540709,-1.7009228468,0,1,1
202100036468,136Â 514,A01,10,3,1,5,0,-1,-1,0,0,-1,2021,85.0,3,2,0,1,5,4,3,,4,RUE DUPLEIX,0,,1,1,0,1,(1),(1),1,, -1,2,0,1,30,4,6,2021,16:20,1,75,75115,2,7,0,6,RUE DUPLEIX,48.851345,2.296553,16,2,1
202100016354,172Â 401,B01,1,1,2,2,2,0,-1,0,0,-1,2021,20.0,2,1,0,2,3,1,3,,4,BOULEVARD ARAGO,0,,2,4,1,1,(1),(1),1,, -1,1,0,5,30,28,9,2021,08:43,1,75,75113,2,3,0,3,BOULEVARD ARAGO,48.8365508568,2.3511728868,8,2,2
202100000229,201Â 317,A01,1,1,1,0,1,0,-1,-1, -1,-1,2021,36.0,1,2,1,0,1,1,1,,7,CHEVILLES ( ALLEE DES ),0,,2,2,0,1,0,9,1,, -1,1,0,3,50,20,2,2021,22:38,5,13,13117,2,1,0,2,CHEVILLES ( ALLEE DES ),43.46462,5.23194,22,2,2
202100038836,132Â 205,A01,1,1,1,5,1,-1,-1,0,0,-1,2021,38.0,0,2,8,2,1,17,1,,2,,-1,,2,2,0,1,(1),(1),1,, -1,1,0,1,50,23,5,2021,11:10,1,978,97801,2,1,0,3,R QUARTIER D'ORLEANS,18.061476,-63.042104,11,2,2
202100025909,155Â 376,B01,1,1,1,5,2,-1,-1,0,0,-1,2021,20.0,0,6,0,2,8,9,1,,4,,0,,2,2,0,1,(1),(1),1,,5,1,0,1,50,1,7,2021,15:30,1,31,31247,2,1,0,3,Route de la Fontaine,43.082404,0.677937,15,2,2
202100004177,194Â 286,A01,10,3,1,0,0,-1,-1,1,5,2,2021,10.0,1,2,0,1,2,1,1,,3,,0,,3,2,0,1,(1),(1),1,, -1,1,0,1,50,8,12,2021,18:00,1,976,97615,2,1,0,6,Boulevard FranÃ§ois Mitterrand,-12.792373,45.278671,18,2,1
202100045868,119Â 768,B01,1,1,1,5,2,-1,-1,0,0,-1,2021,64.0,1,1,0,2,7,15,1,,3,28,0,D,2,2,0,1,7,50,1,, -1,1,0,1,80,31,3,2021,19:20,1,13,13027,1,6,0,3,D28,43.877526,4.834349,19,4,2
202100037771,134Â 146,B01,1,1,1,0,8,0,-1,-1, -1,-1,2021,12.0,3,1,0,2,9,19,0,,4,PIATS (RUE DES),0,,2,2,0,1,(1),(1),1,, -1,1,0,1,50,28,5,2021,20:45,1,59,59599,2,1,0,3,PIATS (RUE DES),50.721485,3.170461,20,2,2
202100016210,172Â 662,A01,1,1,1,0,8,0,-1,-1, -1,-1,2021,80.0,1,1,0,2,1,2,5,,4,GUITON   AVENUE JEAN (167-341),0,,2,2,0,1,(1),(1),1,, -1,1,0,1,50,27,9,2021,14:40,1,17,17300,2,1,0,3,GUITON   AVENUE JEAN (167-341),46.16036,-1.19251,14,2,2
202100035524,138Â 213,B01,1,1,1,5,2,6,-1,-1, -1,-1,2021,66.0,1,1,0,2,3,9,1,,3,FAURE (COURS GABRIEL),0,,4,2,0,1,40,35,1,, -1,1,2,1,30,9,6,2021,13:55,1,9,9122,2,9,0,3,FAURE (COURS GABRIEL),42.96439,1.61047,13,2,2
202100036027,137Â 289,B01,1,1,2,5,0,-1,-1,0,0,-1,2021,77.0,3,1,0,2,7,1,5,,4,,-1,,2,2,0,2,(1),(1),1,,4,1,0,1,-1,29,5,2021,10:30,1,67,67442,2,1,0,3,18a Rue du ChÃ¢teau,48.59402,7.496502,10,2,2
202100028521,150Â 735,A01,1,1,1,5,0,-1,-1,0,0,-1,2021,38.0,2,2,13,0,1,1,1,,3,712,-1,,2,2,0,1,(1),(1),3,, -1,1,0,3,80,17,7,2021,20:15,1,22,22337,1,1,0,7,La Croix Charles Alain,48.360637,-2.299595,20,1,1
202100009841,184Â 107,B01,1,1,1,1,1,-1,-1,0,0,-1,2021,28.0,0,2,0,2,1,1,1,,3,650,-1,,2,2,0,1,23,676,4,, -1,2,5,1,80,2,11,2021,08:50,1,50,50480,1,3,0,3,route des isles  RD 650,49.485562,-1.790892,8,2,2
202100025303,156Â 430,A01,10,3,1,5,0,-1,-1,2,3,1,2021,28.0,0,2,0,1,1,1,1,,4,LIBERATION AVENUE DE LA,0,,2,2,0,1,(1),(1),1,, -1,1,0,1,50,5,8,2021,15:05,1,29,29232,2,1,0,6,Avenue de la Liberation,47.99372,-4.09038,15,2,1
202100041979,126Â 586,A01,2,2,2,3,1,-1,-1,0,0,-1,2021,22.0,2,2,2,0,2,1,1,,3,352,0, -,2,2,0,1,10,300,2,, -1,2,0,3,80,1,5,2021,15:30,1,74,74308,1,1,1,6,D352,46.356884,6.602856,15,2,1
202100041242,127Â 881,A01,10,3,2,5,0,-1,-1,3,3,2,2021,14.0,3,2,0,1,1,1,1,,4,,0,,2,2,0,1,(1),(1),1,, -1,1,0,1,50,1,3,2021,09:30,1,38,38151,2,3,0,6,Rue Paul Langevin,45.14521,5.72554,9,2,1
202100042771,125Â 195,B01,3,2,2,5,8,-1,-1,0,0,-1,2021,46.0,2,2,0,2,2,1,1,,2,1,0,,2,2,0,1,(1),(1),1,, -1,1,0,1,90,24,4,2021,01:50,3,988,98821,1,3,0,1,Route de LA TAMOA,-22.0685892197,166.2770588994,1,4,2
202100039848,130Â 352,A01,1,1,1,0,0,0,-1,-1, -1,-1,2021,55.0,2,1,0,2,1,1,5,,3,JULES GRAVEREAUX (AV),0,,2,2,0,2,1,0,2,, -1,2,0,1,30,15,5,2021,11:40,1,94,94038,2,3,1,3,Rue Albert 1er,48.779176,2.331119,11,2,2
202100042285,126Â 044,A01,10,3,2,5,0,-1,-1,4,3,1,2021,38.0,1,2,0,1,1,1,1,,7,CHARLES DE GAULLE                   (AV),0,,3,4,3,1,1,300,1,, -1,1,0,1,70,27,4,2021,11:58,1,69,69259,2,1,0,6,CHARLES DE GAULLE (AV),45.71292,4.89881,11,2,1
202100010459,183Â 027,A01,1,1,1,0,2,6,-1,-1, -1,-1,2021,35.0,2,1,0,2,7,3,1,,1,AUTOROUTE A10,0,,3,6,0,1,2,299,1,, -1,1,0,1,110,29,10,2021,08:30,1,91,91377,1,1,0,3,AUTOROUTE A10,48.72797,2.30404,8,2,2
202100046309,119Â 002,A01,1,1,1,5,0,-1,-1,0,0,-1,2021,8.0,1,1,0,2,1,19,5,,3,741,-1,,2,2,0,2,3,300,1,, -1,1,0,1,50,28,3,2021,17:05,1,68,68211,2,1,0,3,33 Rue Principale,47.87196,7.006426,17,2,2
202100000070,201Â 625,B01,1,1,1,-1,0,-1,-1,-1, -1,-1,2021,16.0,0,1,0,2,0,0,-1,,4,,-1,,2,2,-1,1,(1),(1),1,,"5,5",1,0,1,-1,4,11,2021,17:31,1,60,60057,2,1,0,3,Rue du Pont dâArcole,49.4262285502,2.0853413343,17,2,2
202100011394,181Â 354,Z01,10,3,2,5,8,8,-1,4,3,1,2021,27.0,1,0,0,1,0,26,0,,4,CORSE (AVENUE DE LA),0,,2,4,0,1,0,0,1,, -1,1,0,1,50,23,10,2021,21:45,5,13,13207,2,1,0,6,CORSE (AVENUE DE LA),43.28986,5.36621,21,2,1
202100044325,122Â 437,B01,1,1,2,1,1,-1,-1,0,0,-1,2021,43.0,1,2,0,2,3,1,1,,3,,-1,D,2,2,0,2,14,660,1,, -1,1,2,1,80,12,4,2021,18:55,1,25,25258,1,1,0,5,D67,47.220144,5.915934,18,5,4
202100054024,105Â 177,A01,1,1,1,5,2,0,-1,-1, -1,-1,2021,30.0,2,1,12,0,7,26,1,,4,BRASSENS (AVENUE GEORGES),0,,2,2,0,2,0,0,2,, -1,1,0,1,50,22,1,2021,23:35,5,974,97411,2,1,0,7,BRASSENS (AVENUE GEORGES),-20.90112,55.48767,23,1,1
202100051290,109Â 995,B01,1,1,1,1,1,-1,-1,-1, -1,-1,2021,41.0,1,2,0,2,4,1,1,,2,RN136,0,,3,4,0,1,4,638,1,, -1,1,0,1,90,16,2,2021,18:30,3,35,35055,1,1,0,4,RN136,48.09479,-1.62211,18,3,3
202100056395,101Â 096,A01,1,1,1,5,1,0,-1,-1, -1,-1,2021,23.0,2,2,6,0,1,13,1,,3,20,0,,3,4,0,4,0,0,1,, -1,2,0,1,70,1,1,2021,22:10,3,91,91339,2,1,0,6,AV ROBERT BENOIST,48.63352,2.26504,22,1,1
202100052812,107Â 322,A01,1,1,1,0,2,0,-1,-1, -1,-1,2021,28.0,1,1,0,2,3,1,1,,4,CARRIERES (DES),0,,2,2,0,1,0,0,1,, -1,2,0,1,50,2,2,2021,13:30,1,93,93031,2,9,0,3,CARRIERES (DES),48.9582452579,2.2958966275,13,2,2
202100043479,123Â 942,A01,1,1,1,0,8,8,-1,-1, -1,-1,2021,27.0,2,1,0,2,3,2,1,,4,,0,,2,2,1,1,0,0,1,, -1,1,0,1,50,19,4,2021,13:45,1,92,92051,2,2,0,3,"ROULE (AVENUE DU, NÂ° 29 A 91 ET 30 A 86)",48.8836205903,2.2725385662,13,2,2
202100000678,200Â 502,B01,2,1,1,5,2,6,-1,-1, -1,-1,2021,22.0,2,1,0,2,1,11,1,,7,EUROPE (AV),0,,2,5,3,1,0,0,1,, -1,1,0,1,50,6,6,2021,20:10,1,13,13001,2,2,0,1,EUROPE (AV),43.52568,5.45507,20,2,2
202100015134,174Â 658,A01,8,2,1,3,8,0,-1,-1, -1,-1,2021,31.0,0,3,0,2,3,1,1,2.0,3,GALLIENI (BOULEVARD),0,,2,2,0,1,1,0,1,, -1,2,0,6,50,5,10,2021,14:50,1,93,93006,2,9,1,3,Boulevard GalliÃ©ni,48.85926,2.414907,14,3,2
202100026049,155Â 121,B01,2,2,1,5,1,-1,-1,0,0,-1,2021,61.0,3,2,0,2,1,1,1,,3,22,-1,,2,2,0,1,(1),(1),2,, -1,3,0,1,-1,1,8,2021,11:42,1,22,22135,1,1,1,1,PONT MEIN,48.530518,-3.358662,11,3,2
202100003272,195Â 913,A01,1,1,1,4,2,6,-1,-1, -1,-1,2021,26.0,3,1,0,2,7,5,1,,2,13,0,,1,0,0,1,0,0,1,, -1,1,0,1,50,12,12,2021,18:20,5,92,92051,2,3,0,3,LOUIS-PHILIPPE (RUE ),48.8814084651,2.2712731361,18,2,2
202100047497,116Â 862,A01,1,1,1,5,1,0,-1,-1, -1,-1,2021,19.0,2,2,0,2,9,1,1,,4,INDUSTRIE (BOULEVARD DE L'),0,,-1,3,0,1,(1),(1),1,, -1,1,0,1,50,16,3,2021,18:45,2,41,41018,2,2,0,5,INDUSTRIE (BOULEVARD DE L'),47.60014,1.3197,18,5,3
202100022762,160Â 914,B01,2,1,1,1,2,0,0,-1, -1,-1,2021,37.0,2,1,0,2,1,17,0,,3,69,0,,2,2,0,1,0,0,1,, -1,1,0,8,50,24,8,2021,11:03,1,92,92040,2,1,0,3,GALLIENI (BOULEVARD),48.82831,2.2675,11,2,2
202100030229,147Â 729,A01,1,1,1,1,2,0,-1,0,0,-1,2021,40.0,1,1,0,2,3,17,3,,4,RUE MAURICE ET LOUIS DE BROGLIE,0,,2,2,0,1,(1),(1),1,, -1,1,0,1,50,7,7,2021,07:00,2,75,75113,2,2,0,1,RUE MAURICE ET LOUIS DE BROGLIE,48.83328,2.36967,7,2,2
202100010740,182Â 531,A01,1,1,1,1,8,0,-1,0,0,-1,2021,58.0,1,1,0,0,0,16,3,,4,RUE DE LA GRANGE AUX BELLES,0,,1,1,0,1,(1),(1),1,, -1,1,0,1,30,27,10,2021,19:55,5,75,75110,2,2,0,7,RUE DE LA GRANGE AUX BELLES,48.873704,2.364909,19,1,1
202100002942,196Â 516,A01,2,2,2,5,1,-1,-1,-1, -1,-1,2021,38.0,0,2,0,2,3,1,0,,4,VAUBAN (22 ET 25 A FIN ET PLACE),0,,1,1,0,1,(1),(1),1,, -1,1,0,1,50,15,12,2021,02:00,5,29,29019,2,2,0,6,Rue Vauban,48.3848674224,-4.5009854436,2,2,1
202100047278,117Â 253,B01,1,1,1,5,2,-1,-1,0,0,-1,2021,25.0,2,1,0,2,1,2,1,,4,,-1,,2,2,0,1,(1),(1),1,, -1,1,0,1,50,20,3,2021,18:10,1,974,97401,2,1,0,2,Chemin Edouard RiviÃ¨re,-21.235012,55.337622,18,2,2
202100026154,154Â 944,B01,1,1,1,9,1,0,-1,0,0,-1,2021,63.0,2,2,0,2,1,1,1,,4,BOULEVARD PASTEUR,0,,1,1,0,2,(1),(1),1,, -1,1,0,1,50,31,7,2021,06:00,2,75,75115,2,4,0,3,BOULEVARD PASTEUR,48.841553,2.314013,6,2,2