Num_Acc,id_vehicule,num_veh,place,catu,sexe,trajet,secu1,secu2,secu3,locp,actp,etatp,year_acc,victim_age,senc,catv,obs,obsm,choc,manv,motor,occutc,catr,voie,v1,v2,circ,nbv,vosp,prof,pr,pr1,plan,lartpc,larrout,surf,infra,situ,vma,jour,mois,an,hrmn,lum,dep,com,agg_,int,atm,col,adr,lat,long,hour,nb_victim,nb_vehicules
202100001051,199Â 881,B01,1,1,1,4,2,0,-1,0,0,-1,2021,28.0,1,1,0,2,1,2,1,,4,PORTE DE LA CHAPELLE,0,,1,4,0,1,22,900,1,, -1,1,0,1,70,28,12,2021,11:40,1,75,75118,2,1,0,2,PORTE DE LA CHAPELLE,48.900792,2.35757,11,2,2
202100009807,184Â 167,B01,1,1,1,1,2,0,-1,0,0,-1,2021,27.0,3,1,0,2,7,3,1,,4,BOULEVARD PERIPHERIQUE,0,,1,3,0,1,(1),(1),1,, -1,1,0,1,70,2,11,2021,10:10,1,75,75114,2,1,0,5,BOULEVARD PERIPHERIQUE,48.817672,2.334507,10,3,3
202100043559,123Â 806,A01,10,3,2,3,0,-1,-1,2,5,1,2021,21.0,1,2,0,1,3,1,2,,4,RUE DE COMPIEGNE,0,,1,2,0,1,(1),(1),1,, -1,1,0,1,50,18,4,2021,16:40,1,75,75110,2,1,0,6,RUE DE COMPIEGNE,48.879693,2.353418,16,2,1
202100048610,114Â 870,A01,1,1,2,5,1,-1,-1,0,0,-1,2021,84.0,1,2,10,0,2,1,1,,3,29,0,,2,2,0,1,12,800,1,, -1,2,0,3,80,10,3,2021,16:05,1,80,80606,1,1,1,6,d.29,49.947684,1.775724,16,1,1
202100003086,196Â 242,B01,1,1,1,1,2,6,-1,-1, -1,-1,2021,50.0,1,1,0,2,7,1,1,,3,PAUL DOUMER,0,,2,2,0,1,0,351,1,, -1,1,0,1,50,9,11,2021,07:25,2,76,76341,2,3,0,3,PAUL DOUMER,49.51281,0.19862,7,2,2
202100004326,194Â 027,B01,1,1,1,1,2,6,-1,0,0,-1,2021,48.0,2,1,0,0,4,2,1,,3,11,0,D,2,2,0,1,(1),(1),1,,7,2,0,1,80,8,12,2021,08:00,3,22,22207,1,1,1,2,D11,48.631483,-3.463397,8,2,2
202100005654,191Â 684,A01,1,1,2,5,1,0,-1,-1, -1,-1,2021,22.0,2,2,1,0,1,1,1,,4,GENERAL GIRAUD (BD DU),0,,1,1,0,1,0,0,1,, -1,2,0,1,30,28,11,2021,03:20,5,94,94068,2,1,1,6,Boulevard du GÃ©nÃ©ral Giraud,48.79154,2.48232,3,1,1
202100002621,197Â 098,B01,1,1,1,1,8,0,-1,-1, -1,-1,2021,30.0,2,1,0,2,8,1,5,,7,NARBONNE (ROUTE DE),0,,2,6,2,1,4,450,1,, -1,1,3,1,50,16,12,2021,08:15,1,31,31555,2,9,1,3,NARBONNE (ROUTE DE),43.57176,1.45366,8,2,2
202100006764,189Â 695,A01,1,1,1,3,1,-1,-1,0,0,-1,2021,52.0,2,2,2,0,1,14,1,,3,156,0,D,2,2,0,1,14,120,1,, -1,1,0,3,80,24,11,2021,08:30,1,54,54491,1,1,0,6,D156,49.3641393479,5.9316902896,8,1,1
202100028500,150Â 770,B01,1,1,1,9,2,0,-1,0,0,-1,2021,39.0,1,0,0,2,0,1,3,,4,RUE BALLU,0,,2,2,0,1,(1),(1),1,, -1,1,0,1,30,17,7,2021,10:53,1,75,75109,2,1,0,3,RUE BALLU,48.882071,2.329383,10,3,2
202100020417,165Â 145,A01,1,1,1,5,1,-1,-1,0,0,-1,2021,51.0,2,2,0,2,1,1,1,,3,13.8,2,,2,2,0,2,0,100,1,, -1,1,4,1,50,31,8,2021,09:40,1,68,68217,2,8,0,1,9 Rue de la Gare,47.861143,7.050551,9,2,2
202100049198,113Â 819,A01,1,1,2,5,2,-1,-1,0,0,-1,2021,16.0,3,1,0,2,1,9,1,,3,,-1,,2,2,0,1,0,180,3,, -1,1,0,1,-1,28,2,2021,17:00,1,7,7042,2,4,0,1,avenue marechal leclerc,44.384595,4.641802,17,2,2
202100022196,161Â 971,A01,2,2,2,3,1,-1,-1,0,0,-1,2021,66.0,0,2,13,0,1,1,1,,6,,-1,,-1,-1,0,1,(1),(1),1,,4,1,0,8,50,28,8,2021,17:35,1,29,29091,2,1,0,6,Rue Sainte Anne,48.646163,-4.369217,17,2,1
202100003849,194Â 874,A01,10,3,2,2,0,-1,-1,2,3,2,2021,9.0,3,2,0,1,1,26,0,,4,ALFRED DE MUSSET (RUE),0,,2,1,0,1,0,0,1,, -1,1,0,1,50,9,12,2021,18:48,5,93,93072,2,1,0,1,ALFRED DE MUSSET (RUE),48.94873,2.37561,18,2,1
202100037684,134Â 300,A01,1,1,2,5,2,6,9,0,0,-1,2021,59.0,2,1,13,0,1,1,1,,3,8051,0,,2,2,0,2,89,(1),2,, -1,1,0,3,80,30,5,2021,11:15,1,8,8185,1,1,0,7,D8051,49.987663,4.678293,11,1,1
202100042953,124Â 893,B01,1,1,1,9,2,6,9,0,0,-1,2021,37.0,1,1,0,2,1,1,1,,3,57,-1,,2,2,0,1,23,436,1,, -1,1,5,1,80,24,4,2021,11:35,1,76,76146,1,3,0,3,Route de Rocquemont,49.587916,1.345954,11,2,2
202100052774,107Â 396,A01,2,2,1,5,8,0,-1,-1, -1,-1,2021,83.0,2,2,0,2,3,13,1,,3,PATINIERE (AVENUE DE LA),0,,2,2,0,2,2,750,1,, -1,2,0,1,50,2,2,2021,14:05,1,38,38563,2,1,0,5,Avenue de la PatiniÃ¨re,45.34781,5.57886,14,6,4
202100028875,150Â 108,B01,1,1,1,1,8,0,-1,-1, -1,-1,2021,46.0,3,1,0,2,0,0,5,,4,OURCQ (QUAI DE L'),0,,2,1,3,1,0,0,1,, -1,1,6,6,20,15,7,2021,11:09,1,93,93055,2,1,0,6,OURCQ (QUAI DE L'),48.8959318296,2.4053959405,11,2,2
202100013788,177Â 059,A01,1,1,1,1,2,6,-1,-1, -1,-1,2021,26.0,2,1,0,2,1,18,1,,7,BUS (RD301)  2.800 A 4.470,0,,3,4,0,1,3,299,1,, -1,1,0,1,90,12,10,2021,07:45,2,69,69259,1,1,0,2,URBAIN SUD (BD),45.68565,4.87687,7,2,2
202100023579,159Â 490,A01,1,1,2,0,1,0,-1,0,0,-1,2021,24.0,3,2,0,2,7,1,1,,7,MARTIN (RUE EUGENE),0,,2,2,0,1,(1),(1),1,, -1,1,5,1,50,18,8,2021,05:35,5,63,63014,2,2,0,3,MARTIN (RUE EUGENE),45.75197,3.11812,5,2,2
202100029491,149Â 078,B01,1,1,1,4,1,-1,-1,0,0,-1,2021,36.0,2,5,0,2,1,1,1,,2,57,0,,2,2,0,1,3,320,1,, -1,1,0,1,70,12,7,2021,02:00,3,25,25133,1,1,0,1,N57,47.308547,5.992109,2,2,2
202100034747,139Â 600,A01,10,3,1,5,0,-1,-1,1,3,1,2021,5.0,0,2,0,1,2,0,1,,4,BLERIOT LOUIS (RUE),0,,1,1,2,1,(1),(1),1,, -1,1,-1,1,50,11,6,2021,19:00,1,73,73065,2,1,0,6,BLERIOT LOUIS (RUE),45.5596548825,5.9048982256,19,2,1
202100023810,159Â 061,B01,1,1,2,0,0,-1,-1,0,0,-1,2021,16.0,3,1,0,2,1,0,5,,4,,-1,,2,1,0,1,(1),(1),3,,3,1,0,1,50,18,8,2021,13:00,1,83,83016,1,1,0,1,809 Chemin de Sainte Brigitte,43.192589,5.819581,13,2,2
202100035371,138Â 483,A01,1,1,1,1,2,6,-1,0,0,-1,2021,25.0,2,1,3,0,2,1,1,,3,6,0,,2,2,0,4,3,400,2,, -1,1,0,3,80,10,6,2021,20:45,1,29,29269,1,1,0,6,Pont Croach,47.928349,-3.617688,20,1,1
202100048862,114Â 420,A01,1,1,2,5,2,8,-1,-1, -1,-1,2021,39.0,3,1,0,2,1,17,1,,4,SAINT JEROME (AVENUE DE),0,,2,2,0,1,0,0,1,, -1,1,0,1,50,7,3,2021,10:15,1,13,13213,2,1,0,3,SAINT JEROME (AVENUE DE),43.3298164744,5.419063972,10,2,2
202100003517,195Â 460,B01,1,1,2,4,1,8,-1,-1, -1,-1,2021,60.0,2,2,0,2,2,1,1,,2,MEZZAVIA ROUTE DE,0,,2,3,0,1,(1),(1),1,, -1,1,0,1,50,19,8,2021,11:54,1,201,201004,2,1,0,3,MEZZAVIA ROUTE DE,41.95171,8.77355,11,2,2
202100054231,104Â 815,B01,2,2,1,5,2,0,-1,0,0,-1,2021,8.0,1,1,0,2,7,17,1,,4,RUE DE MENILMONTANT,0,,2,2,0,2,(1),(1),1,, -1,2,0,1,30,20,1,2021,17:32,2,75,75120,2,1,1,3,RUE DE MENILMONTANT,48.867748,2.385898,17,3,2
202100026403,154Â 499,B01,1,1,2,0,1,0,-1,-1, -1,-1,2021,35.0,1,2,0,2,1,2,1,,1,A50-Sens Marseille vers Aubagne,0,,1,2,0,2,2,799,1,, -1,1,0,1,50,30,7,2021,15:12,1,13,13210,1,1,0,2,A50-Sens Marseille vers Aubagne,43.28496,5.42418,15,2,2
202100020891,164Â 308,A01,1,1,2,0,1,0,-1,-1, -1,-1,2021,40.0,0,2,0,2,2,2,1,,3,BALLANGER (BD ROBERT),0,,3,4,0,1,0,0,1,, -1,1,0,1,50,4,9,2021,12:15,1,93,93078,2,6,0,3,Boulevard Robert Ballanger / Avenue Georges ClÃ©menceau,48.96169,2.55548,12,2,2
202100047778,116Â 350,B01,1,1,2,5,1,0,-1,-1, -1,-1,2021,64.0,1,2,0,2,3,15,1,,3,MULHOUSE (FAUBOURG DE),0,,2,2,0,1,(1),(1),1,, -1,1,0,1,50,15,3,2021,10:04,1,68,68166,2,2,0,4,MULHOUSE (FAUBOURG DE),47.79266,7.33568,10,3,3
202100050095,112Â 193,B01,1,1,1,5,2,6,-1,0,0,-1,2021,18.0,3,1,0,2,1,1,1,,4,,-1,,2,2,0,1,(1),(1),1,, -1,1,0,1,50,26,2,2021,18:05,1,56,56221,2,2,0,3,Rue du Clos Barre,47.68828,-2.221628,18,2,2
202100025561,155Â 984,A01,3,2,1,0,1,0,-1,-1, -1,-1,2021,15.0,2,2,0,2,4,1,1,,1,A7-Sens Marseille vers Lyon,0,,-1,3,0,1,264,899,1,, -1,1,0,1,110,5,8,2021,16:50,1,13,13071,1,1,0,2,A7-Sens Marseille vers Lyon,43.41658,5.27601,16,4,2
202100023111,160Â 301,B01,1,1,1,5,2,0,-1,-1, -1,-1,2021,24.0,2,1,0,2,1,1,1,,4,PONT DE PIERRE (RUE DU),0,,2,3,1,1,(1),(1),1,, -1,1,0,1,50,20,8,2021,17:15,1,59,59273,2,3,0,3,PONT DE PIERRE (RUE DU),50.98289,2.13951,17,3,2
202100010087,183Â 671,A01,1,1,1,5,1,-1,-1,0,0,-1,2021,35.0,2,5,0,0,9,1,1,,3,739,0,D,2,2,0,1,28,415,1,, -1,1,0,1,90,30,10,2021,23:25,3,16,16272,1,1,0,7,Lieu Dit les Prassets,45.872748,0.194932,23,1,1
202100041223,127Â 916,B01,1,1,1,1,1,0,-1,-1, -1,-1,2021,47.0,2,2,0,2,4,2,1,,1,AUTOROUTE A86,0,,3,2,0,2,51,99,1,, -1,1,0,1,90,6,5,2021,19:00,1,94,94034,1,1,0,4,AUTOROUTE A86,48.76171,2.31613,19,3,3
202100013046,178Â 426,B01,1,1,1,9,1,8,-1,-1, -1,-1,2021,88.0,2,5,0,2,0,0,1,,4,MONGE (RUE ),0,,-1,2,0,1,(1),(1),1,, -1,1,0,1,50,14,10,2021,12:15,1,71,71076,2,3,0,3,MONGE (RUE ),46.79709,4.84202,12,2,2
202100048097,115Â 781,A01,10,3,2,2,0,-1,-1,3,7,1,2021,13.0,1,5,0,1,3,1,1,,3,CD58,-1,,2,2,0,1,1,(1),1,, -1,1,0,1,30,15,3,2021,17:05,1,22,22273,2,1,0,6,Rue des Jonquilles,48.558388,-2.534065,17,2,1
202100031351,145Â 704,A01,1,1,1,5,1,-1,-1,0,0,-1,2021,19.0,3,2,8,0,3,13,1,,4,,-1,,2,2,0,1,(1),(1),3,,3,1,0,1,50,2,7,2021,22:25,3,33,33125,1,1,0,6,8 Chemin de Cambeil,45.2251264873,-0.8832345243,22,1,1
202100038085,133Â 586,A01,9,2,1,9,3,-1,-1,0,0,-1,2021,3.0,1,2,0,2,3,13,1,,3,7,2,,2,2,0,1,8,500,3,, -1,2,0,1,80,25,5,2021,07:00,1,68,68098,1,1,1,1,D7bis,47.560242,7.157335,7,4,2
202100009298,185Â 081,A01,2,2,1,1,2,0,-1,-1, -1,-1,2021,28.0,1,1,0,2,5,0,1,,3,MAURICE GUNSBOURG (R),0,,1,1,0,1,1,0,1,, -1,1,0,1,50,5,11,2021,05:50,5,94,94041,2,2,0,3,Rue Maurice Gunsbourg,48.81261,2.40539,5,3,2
202100048556,114Â 957,A01,10,3,2,0,0,-1,-1,3,3,1,2021,19.0,1,5,0,1,1,1,3,,4,FRANKLIN ROOSEVELT (COURS)   1 A 37,0,,2,2,0,2,(1),(1),1,, -1,1,0,1,50,10,3,2021,08:00,1,13,13201,2,1,0,6,FRANKLIN ROOSEVELT (COURS)   1 A 37,43.29899,5.38708,8,2,1
202100054521,104Â 319,A01,1,1,1,4,1,-1,-1,0,0,-1,2021,43.0,1,4,0,2,1,2,1,,1,6,-1,,3,3,0,2,164,465,1,, -1,1,0,1,90,19,1,2021,17:45,3,89,89438,1,1,0,2,Autoroute A6 - PK 166+200 - sens PARIS/LYON,47.801279,3.643577,17,2,2
202100011109,181Â 872,A01,10,3,2,9,0,-1,-1,0,0,-1,2021,49.0,1,5,0,1,3,15,1,,4,RUE MAZARINE,0,,-1,1,0,1,(1),(1),1,, -1,1,0,1,30,25,10,2021,11:05,1,75,75106,2,2,0,6,RUE MAZARINE,48.855278,2.337756,11,2,1
202100002975,196Â 456,A01,10,3,1,3,0,-1,-1,5,9,1,2021,67.0,3,5,0,1,4,24,1,,6,FOCH(AVENUE DU MARECHAL),0,,-1,0,0,1,1,0,1,, -1,2,0,8,50,13,12,2021,20:30,5,94,94028,2,1,0,6,Avenue du MarÃ©chal Foch,48.7811271836,2.4368405342,20,2,1
202100056121,101Â 567,C01,1,1,1,4,1,8,-1,-1, -1,-1,2021,28.0,1,5,0,2,1,2,1,,1,AUTOROUTE A86,0,,3,4,0,1,51,0,1,, -1,1,1,1,70,6,1,2021,10:25,1,94,94034,1,1,0,4,AUTOROUTE A86,48.7581,2.32746,10,3,3
202100042885,125Â 009,A01,5,2,1,5,1,0,-1,0,0,-1,2021,18.0,3,2,0,2,1,1,1,,4,HERMAND (RUE GEORGES),0,,2,2,0,2,(1),(1),3,, -1,1,0,1,50,17,3,2021,14:17,1,27,27562,1,1,0,1,HERMAND (RUE GEORGES),49.09585,1.43728,14,6,2
202100032743,143Â 243,A01,1,1,1,5,2,6,-1,0,0,-1,2021,45.0,1,1,6,0,1,1,1,,3,80,0,,2,2,0,1,10,0,3,, -1,1,0,3,80,24,6,2021,20:00,2,202,202046,1,1,0,1,Porticciolo,42.867342,9.480981,20,1,1
202100003871,194Â 833,B01,1,1,2,2,1,-1,-1,0,0,-1,2021,36.0,2,2,0,2,3,19,1,,3,33,0,D,2,2,0,1,18,600,1,, -1,2,5,1,80,9,12,2021,18:30,3,35,35338,1,2,1,3,Le Haut Frene,48.067996,-1.245505,18,3,2
202100050703,111Â 060,B01,2,2,1,5,2,-1,-1,0,0,-1,2021,11.0,1,1,0,2,1,1,1,,3,11,-1,,2,2,0,1,1,585,1,, -1,1,0,1,80,20,2,2021,17:35,1,45,45324,1,3,0,3,Route de Chateauneuf,47.809437,2.205677,17,3,2
202100020466,165Â 052,C01,1,1,1,0,8,0,-1,-1, -1,-1,2021,27.0,0,1,0,0,0,23,0,,4,LIBERTE BVD NÂ°2 - 90-51 - 145,0,,2,2,0,1,(1),(1),1,, -1,1,0,1,50,16,5,2021,22:00,5,59,59350,2,7,0,5,LIBERTE BVD NÂ°2 - 90-51 - 145,50.63666,3.05289,22,3,3
202100005362,192Â 201,B01,1,1,1,1,2,8,-1,-1, -1,-1,2021,55.0,1,1,0,0,6,2,5,,3,ARCHES (AVENUE),0,,2,4,1,1,(1),(1),1,, -1,7,2,5,50,24,11,2021,08:00,1,8,8105,2,1,0,3,ARCHES (AVENUE),49.76244,4.71924,8,2,2
202100045579,120Â 261,B01,1,1,1,2,2,0,-1,-1, -1,-1,2021,14.0,1,1,0,2,1,19,5,,4,VINGTIEME CORPS (BOULEVARD DU),0,,2,3,0,1,0,0,1,, -1,1,0,1,50,30,3,2021,17:10,1,57,57672,2,3,0,3,VINGTIEME CORPS (BOULEVARD DU),49.35972,6.15957,17,2,2
202100011786,180Â 646,A01,1,1,1,1,8,-1,-1,-1, -1,-1,2021,24.0,0,1,0,2,3,5,3,,4,EDITH PIAF (RUE),0,,1,1,0,1,0,0,1,, -1,1,0,1,30,20,10,2021,11:00,1,76,76351,2,3,0,3,EDITH PIAF (RUE),49.5232,0.11382,11,2,2
202100039261,131Â 429,A01,1,1,1,0,2,5,-1,0,0,-1,2021,23.0,0,1,0,2,0,0,1,,4,CAMPI LOUIS BD,0,,2,2,0,2,(1),(1),1,, -1,1,8,1,50,19,5,2021,20:40,2,201,201004,2,1,0,7,CAMPI LOUIS BD,41.9446,8.75666,20,2,2
202100009010,185Â 613,A01,1,1,1,5,0,-1,-1,0,0,-1,2021,31.0,2,2,2,0,2,17,1,,3,134,0,D,2,2,0,1,0,262,1,, -1,1,0,3,80,6,11,2021,16:00,1,53,53125,1,1,0,3,RD 134,48.479859,-1.037897,16,2,2
202100011362,181Â 418,B01,1,1,1,0,2,6,-1,-1, -1,-1,2021,29.0,1,1,0,2,1,1,1,,3,JEAN RAYNAL (RUE),0,,-1,2,0,1,0,0,1,, -1,1,0,1,50,23,10,2021,04:55,5,91,91434,2,2,0,3,JEAN RAYNAL (RUE),48.65973,2.34235,4,3,2
202100031115,146Â 123,B01,1,1,2,0,2,-1,-1,-1, -1,-1,2021,19.0,2,1,0,2,1,1,1,,4,AVE DU HAILLAN,0,,2,4,1,1,(1),(1),1,, -1,1,0,1,50,2,7,2021,12:30,1,33,33162,2,3,0,1,Avenue du Haillan,44.88443,-0.66104,12,2,2
202100042990,124Â 829,A01,1,1,1,4,0,-1,-1,0,0,-1,2021,51.0,2,4,13,0,3,0,1,,2,2,0,,2,2,0,3,1,200,3,, -1,1,0,3,80,24,4,2021,01:15,3,59,59333,1,1,0,6,Route Nationale,50.037834,3.924973,1,1,1
202100050871,110Â 750,A01,10,3,1,0,8,8,-1,4,3,1,2021,70.0,0,2,0,1,1,1,1,,4,PLACE SAINT LAZARE,0,,1,1,0,1,0,9,1,, -1,1,0,1,30,27,1,2021,09:20,1,84,84007,2,1,0,1,PLACE SAINT LAZARE,43.95119,4.8194,9,2,1
202100047398,117Â 047,B01,1,1,1,1,2,0,-1,-1, -1,-1,2021,32.0,2,1,0,2,1,1,1,,3,WINSTON CHURCHILL (AV),0,,3,4,0,1,1,0,1,, -1,2,0,1,50,18,3,2021,17:30,1,94,94078,2,9,1,3,Avenue Winston Churchill,48.754961,2.445098,17,2,2
202100005515,191Â 936,A01,10,3,2,5,4,-1,-1,4,3,1,2021,62.0,3,2,0,1,2,1,1,,4,CLEMENCEAU (AVENUE GEORGES),0,,2,4,0,1,1,0,1,, -1,1,0,6,50,28,11,2021,17:27,5,14,14118,2,1,0,6,CLEMENCEAU (AVENUE GEORGES),49.18823,-0.3513,17,2,1
202100041757,126Â 969,A01,10,3,2,0,0,-1,-1,2,3,1,2021,16.0,1,2,0,1,7,1,1,,4,m'tsapere-Said CafÃ© (rue),0,,2,0,0,1,0,0,1,, -1,1,0,1,50,20,4,2021,14:48,1,976,97611,2,1,0,6,m'tsapere-Said CafÃ© (rue),-12.7935,45.21698,14,2,1
202100048634,114Â 827,A01,1,1,1,1,2,6,9,0,0,-1,2021,53.0,2,1,0,2,2,2,1,,4,,0,D,1,2,0,1,(1),(1),2,, -1,2,5,1,50,11,3,2021,09:10,1,56,56007,2,6,0,3,Giratoire de Kerbois,47.663841,-3.009675,9,2,2
202100006542,190Â 102,B01,1,1,2,1,1,0,-1,-1, -1,-1,2021,29.0,2,2,0,2,1,2,1,,1,A4,0,,3,10,0,1,8,899,1,, -1,1,0,1,90,24,11,2021,17:50,3,94,94017,1,1,0,2,A4,48.82905,2.50045,17,2,2
202100037026,135Â 518,B01,1,1,1,0,2,0,-1,-1, -1,-1,2021,60.0,2,1,0,2,1,1,1,,4,ALSACE (RUE D'),0,,2,2,0,1,(1),(1),3,, -1,1,0,1,50,1,6,2021,16:00,1,13,13075,2,1,0,1,ALSACE (RUE D'),43.343708,5.457615,16,2,2
202100005090,192Â 675,B01,1,1,1,2,2,6,-1,-1, -1,-1,2021,17.0,1,1,0,2,1,1,1,,4,LOMBARDS (AVENUE),0,,2,2,0,1,0,0,1,, -1,2,0,1,50,1,12,2021,11:10,1,10,10387,2,4,1,3,LOMBARDS (AVENUE),48.26889,4.08448,11,2,2
202100047692,116Â 509,C01,1,1,1,9,2,6,-1,-1, -1,-1,2021,51.0,2,1,0,2,7,17,1,,1,A57,0,,3,5,0,1,3,200,1,, -1,1,3,1,110,15,3,2021,13:05,1,83,83144,1,1,0,5,A57,43.135106,5.99019,13,3,3
202100027893,151Â 853,A01,1,1,1,5,2,-1,-1,0,0,-1,2021,32.0,0,1,0,0,1,15,1,,4,AMIENS (RUE D'),0,,1,1,0,4,(1),(1),1,, -1,1,0,1,50,17,7,2021,00:20,5,80,80702,2,1,0,7,AMIENS (RUE D'),49.8382177181,2.3137164116,0,1,1
202100009418,184Â 865,B01,1,1,1,5,2,6,-1,-1, -1,-1,2021,16.0,0,1,0,2,4,1,1,,4,GRIOLET. RUE DE,0,,2,2,0,1,0,0,1,, -1,2,0,1,50,4,11,2021,17:00,1,76,76640,2,3,1,3,GRIOLET. RUE DE,49.280961,1.039197,17,2,2
202100012089,180Â 107,B01,1,1,2,5,2,-1,-1,0,0,-1,2021,22.0,2,1,0,2,1,1,1,,3,759,-1,,2,2,0,2,37,86,1,, -1,1,5,1,70,25,8,2021,17:50,1,85,85242,1,2,0,3,La Croix Bara,46.85033,-0.93149,17,2,2
202100003452,195Â 584,B01,1,1,1,0,2,0,-1,-1, -1,-1,2021,26.0,1,1,0,2,2,2,1,,3,PETITS PONTS (ROUTE DES),0,,1,2,0,1,0,1,1,, -1,1,0,1,50,11,12,2021,14:40,1,93,93073,2,1,0,3,PETITS PONTS (ROUTE DES),48.9644813433,2.5659245253,14,2,2
202100024629,157Â 634,B01,1,1,1,1,2,0,-1,0,0,-1,2021,47.0,3,1,0,2,0,1,3,,4,QUAI D AUSTERLITZ,0,,2,4,1,1,(1),(1),1,, -1,1,0,5,50,11,8,2021,06:40,1,75,75113,2,3,0,3,QUAI D AUSTERLITZ,48.837945,2.373266,6,2,2
202100009637,184Â 481,B01,1,1,1,0,1,0,-1,-1, -1,-1,2021,51.0,2,2,0,0,4,23,2,,3,PARIS (RUE DE),0,,2,1,0,1,0,0,1,, -1,2,0,1,50,3,11,2021,02:10,5,93,93048,2,2,1,2,PARIS (RUE DE),48.85721,2.43137,2,4,2
202100023240,160Â 076,A01,10,3,2,5,0,-1,-1,4,3,2,2021,73.0,2,2,0,1,1,1,1,,3,ARISTIDE BRIAND (AVENUE),0,,2,2,3,1,(1),(1),1,, -1,1,6,1,50,19,8,2021,16:20,1,50,50218,2,1,0,6,ARISTIDE BRIAND (AVENUE),48.83732,-1.58317,16,2,1
202100050061,112Â 258,A01,10,3,2,1,0,-1,-1,2,3,1,2021,65.0,2,2,0,1,1,10,2,,4,RUE DU COMMANDANT RENE MOUCHOTTE,0,,1,1,3,2,(1),(1),1,, -1,1,0,1,50,26,2,2021,18:20,5,75,75114,2,1,0,6,RUE DU COMMANDANT RENE MOUCHOTTE,48.837852,2.319116,18,2,1
202100013042,178Â 433,B01,2,2,2,0,1,0,-1,-1, -1,-1,2021,19.0,3,2,0,2,3,1,1,,3,D344,0,,3,2,0,1,3,0,1,, -1,1,5,1,50,15,10,2021,14:01,1,77,77268,2,2,0,3,D344,48.86696,2.80749,14,4,2
202100011533,181Â 102,A01,1,1,1,3,8,-1,-1,-1, -1,-1,2021,73.0,2,0,0,2,8,1,3,,4,LAURE DIEBOLD                       (R ),0,,2,2,1,1,(1),(1),1,, -1,1,2,1,50,22,10,2021,17:15,1,69,69389,2,2,0,1,LAURE DIEBOLD (R),45.7777358212,4.8015393936,17,2,2
202100013979,176Â 714,A01,1,1,1,0,2,4,-1,-1, -1,-1,2021,36.0,2,1,8,2,0,26,1,,4,,0,,2,2,0,1,0,0,1,, -1,1,0,1,50,9,10,2021,15:55,1,30,30007,2,1,0,1,MAS D'HOURS (QUAI DU),44.1189,4.0943,15,2,2
202100039564,130Â 867,A01,10,3,2,2,0,-1,-1,5,2,1,2021,14.0,1,2,0,1,3,15,1,,4,GREUZE    (Rue),0,,2,2,0,1,(1),(1),1,, -1,1,0,4,50,17,5,2021,12:25,1,69,69266,2,1,0,6,GREUZE (R),45.77111,4.89368,12,2,1
202100018765,168Â 098,A01,4,2,1,0,1,0,-1,-1, -1,-1,2021,11.0,3,2,0,2,1,1,1,,7,JOSEPH REY (RUE),0,,1,2,1,1,0,0,1,, -1,1,0,1,50,14,9,2021,23:00,3,38,38185,2,2,0,3,JOSEPH REY (RUE),45.18534,5.73187,23,3,2
202100012035,180Â 197,B01,1,1,1,0,2,6,-1,-1, -1,-1,2021,61.0,1,1,0,2,7,1,1,,4,ROGER SALENGRO (AVENUE),0,,1,2,0,1,0,0,1,, -1,1,0,1,50,19,10,2021,14:00,1,13,13203,2,2,0,3,ROGER SALENGRO (AVENUE),43.31452,5.37054,14,2,2
202100055917,101Â 927,A01,10,3,2,3,0,-1,-1,1,3,1,2021,44.0,2,2,0,1,3,1,1,,4,FAUBOURG DE BOURGOGNE (RUE DU ),0,,2,3,0,1,(1),(1),1,, -1,2,0,1,50,7,1,2021,19:10,4,45,45234,2,1,1,6,Rue du Faubourg de Bourgogne,47.9033391967,1.9317939251,19,2,1
202100042140,126Â 302,B01,1,1,1,0,1,4,-1,-1, -1,-1,2021,29.0,2,2,0,2,2,0,1,,1,A50-Sens Toulon vers Aubagne,0,,1,3,0,2,27,700,3,, -1,1,0,1,90,20,4,2021,05:00,3,13,13085,1,1,0,5,A50-Sens Toulon vers Aubagne,43.261423,5.591141,5,4,4
202100029321,149Â 353,B01,1,1,1,9,2,6,-1,0,0,-1,2021,58.0,1,1,0,2,7,1,3,,4,QUAI SAINT EXUPERY,0,,1,2,0,1,(1),(1),1,, -1,2,0,1,50,12,7,2021,16:00,1,75,75116,2,1,0,3,QUAI SAINT EXUPERY,48.837805,2.265302,16,2,2
202100041998,126Â 552,B01,1,1,2,9,1,8,-1,-1, -1,-1,2021,43.0,3,2,0,2,7,1,6,,9,LALLOUETTE,0,,1,0,0,1,(1),(1),1,, -1,2,9,1,50,26,4,2021,11:40,1,973,97302,2,9,1,3,LALLOUETTE,4.9406975962,-52.3293986321,11,2,2
202100049304,113Â 629,A01,2,2,2,0,1,-1,-1,0,0,-1,2021,65.0,1,2,0,2,7,15,1,,3,101,-1,,2,2,0,2,1,1350,2,, -1,1,0,1,80,4,3,2021,16:00,1,1,1033,1,3,0,3,D101,46.112093,5.800742,16,5,2
202100006260,190Â 602,B01,1,1,1,5,1,5,-1,0,0,-1,2021,55.0,0,2,0,2,7,1,1,,4,POLITZER (RUE GEORGES),0,,2,2,2,1,(1),(1),1,, -1,2,0,1,50,25,11,2021,14:25,1,27,27229,2,3,0,3,POLITZER (RUE GEORGES),49.0067,1.14615,14,4,2