Num_Acc,id_vehicule,num_veh,place,catu,sexe,trajet,secu1,secu2,secu3,locp,actp,etatp,year_acc,victim_age,senc,catv,obs,obsm,choc,manv,motor,occutc,catr,voie,v1,v2,circ,nbv,vosp,prof,pr,pr1,plan,lartpc,larrout,surf,infra,situ,vma,jour,mois,an,hrmn,lum,dep,com,agg_,int,atm,col,adr,lat,long,hour,nb_victim,nb_vehicules
202100005580,191Â 828,A01,1,1,1,1,0,-1,-1,0,0,-1,2021,44.0,2,2,8,2,1,6,1,,7,6,-1,,-1,2,0,2,82,775,3,, -1,7,0,1,50,1,12,2021,06:20,3,42,42283,2,1,0,1,Route des Vignes,45.548949,4.547557,6,2,2
202100017484,170Â 371,A01,1,1,1,1,2,6,-1,0,0,-1,2021,35.0,2,1,0,2,8,3,1,,4,PORTE DE PASSY,0,,1,4,0,1,13,900,1,, -1,1,0,1,70,22,9,2021,18:00,1,75,75116,2,1,0,3,BD PERIPHERIQUE EXTERIEUR,48.860277,2.263373,18,2,2
202100018173,169Â 127,A01,2,2,1,5,2,0,-1,0,0,-1,2021,25.0,2,1,0,2,2,7,1,,4,AVENUE DE FLANDRE,0,,3,2,3,1,(1),(1),1,, -1,1,0,6,30,18,9,2021,09:47,1,75,75119,2,1,0,3,AVENUE DE FLANDRE,48.889486,2.375143,9,3,2
202100050878,110Â 732,B01,1,1,1,1,2,8,-1,-1, -1,-1,2021,20.0,3,1,0,2,8,1,1,,4,MONPLAISIR,0,,2,2,2,1,(1),(1),3,, -1,1,0,1,50,19,2,2021,09:50,1,69,69264,2,3,0,3,MONPLAISIR,45.9949867109,4.7230859399,9,2,2
202100020205,165Â 518,B01,1,1,1,0,1,0,-1,-1, -1,-1,2021,23.0,2,1,0,2,1,3,1,,1,AUTOROUTE A1,0,,3,10,0,1,3,500,1,, -1,1,0,1,90,8,9,2021,08:20,1,93,93066,1,1,0,3,AUTOROUTE A1,48.93006,2.36415,8,2,2
202100056032,101Â 730,A01,1,1,1,0,2,6,-1,-1, -1,-1,2021,27.0,1,1,0,0,0,1,1,,4,8 MAI 1945 (RUE DU),0,,-1,2,0,1,(1),(1),1,, -1,7,0,1,50,2,1,2021,12:20,1,85,85194,2,1,1,6,8 MAI 1945 (RUE DU),46.53737,-1.77224,12,1,1
202100039513,130Â 973,B01,1,1,1,0,2,6,-1,0,0,-1,2021,69.0,1,1,0,2,1,1,1,,4,,0,,2,2,0,1,(1),(1),1,, -1,1,0,1,50,19,5,2021,11:20,1,17,17385,2,9,0,1,144 Route des ChÃ¢teliers,45.939997,-1.315337,11,3,2
202100036120,137Â 118,A01,1,1,1,5,2,6,-1,0,0,-1,2021,28.0,2,1,0,0,0,1,1,,3,63,-1,,2,2,0,1,15,800,3,, -1,1,0,3,80,6,6,2021,16:00,1,91,91137,1,1,0,7,D63,48.343947,2.303635,16,1,1
202100025452,156Â 171,A01,1,1,1,0,2,-1,-1,-1, -1,-1,2021,16.0,1,1,0,2,2,18,1,,4,CRS VICTOR HUGO,0,,2,2,0,1,(1),(1),1,, -1,1,0,1,50,5,8,2021,17:20,1,33,33119,2,1,0,3,Cours Victor Hugo,44.85087,-0.53309,17,2,2
202100028427,150Â 904,A01,1,1,1,0,2,-1,-1,0,0,-1,2021,42.0,1,1,0,2,1,1,1,,3,,-1,,2,2,0,1,(1),(1),1,,4,1,0,1,50,16,7,2021,21:45,3,59,59073,2,1,0,3,376 Grand Rue,50.781752,2.696206,21,2,2
202100022455,161Â 500,B01,1,1,2,1,8,0,-1,-1, -1,-1,2021,18.0,3,1,0,2,1,1,3,,4,SALENGRO   AVENUE ROGER,0,,2,4,1,1,(1),(1),1,, -1,1,5,1,50,26,8,2021,10:55,1,17,17028,2,1,0,6,SALENGRO   AVENUE ROGER,46.14019,-1.13387,10,2,2
202100003608,195Â 296,A01,1,1,2,1,8,0,-1,-1, -1,-1,2021,59.0,2,2,0,2,1,15,1,,3,RD 344,0,,2,2,0,1,4,200,2,, -1,2,0,1,70,9,12,2021,07:20,3,67,67180,1,4,1,1,RD 344,48.85581,7.93332,7,2,2
202100006517,190Â 158,A01,1,1,1,1,1,-1,-1,0,0,-1,2021,50.0,2,2,0,2,1,1,1,,2,113,-1,N,2,2,0,1,(1),(1),1,, -1,2,0,1,80,25,11,2021,14:15,1,30,30169,1,1,1,1,N113,43.794663,4.318544,14,2,2
202100040151,129Â 829,A01,10,3,1,5,0,-1,-1,3,1,2,2021,7.0,3,2,0,1,1,1,1,,4,MARIE FLICHE BERGIS (AV),0,,2,2,0,1,0,0,1,, -1,1,0,1,30,5,5,2021,11:10,1,83,83153,2,1,0,6,MARIE FLICHE BERGIS (AV),43.07492,5.90822,11,2,1
202100023514,159Â 605,B01,1,1,1,5,2,-1,-1,0,0,-1,2021,71.0,2,1,0,2,6,2,5,,3,22,-1,D,2,2,0,1,17,200,1,, -1,1,0,1,70,20,8,2021,15:40,1,85,85018,1,1,0,2,D22,46.88886,-2.072479,15,2,2
202100053216,106Â 615,A01,1,1,1,0,2,6,-1,-1, -1,-1,2021,20.0,3,1,12,2,2,17,1,,4,GAMBETTA (BD),0,,1,3,3,1,0,0,1,, -1,1,0,6,50,29,1,2021,19:20,5,30,30189,2,3,0,3,GAMBETTA (BD),43.8404895155,4.3603384495,19,3,2
202100054199,104Â 868,A01,10,3,2,3,0,-1,-1,4,3,1,2021,85.0,1,4,0,1,2,1,1,,3,BARBUSSE (AVENUE HENRI),0,,2,2,0,1,(1),(1),1,, -1,2,0,1,50,12,1,2021,15:30,1,59,59557,2,1,0,6,BARBUSSE (AVENUE HENRI),50.33648,3.57678,15,2,1
202100012294,179Â 759,A01,1,1,1,5,2,-1,-1,0,0,-1,2021,60.0,2,1,0,2,1,11,0,,7,30,-1,,2,2,0,2,13,800,2,, -1,1,0,1,80,19,10,2021,16:00,1,42,42210,1,1,0,1,Route du Barrage,45.489258,4.634101,16,2,2
202100044418,122Â 288,A01,1,1,1,1,1,-1,-1,0,0,-1,2021,46.0,1,2,0,2,3,13,1,,3,417,-1,,2,2,0,1,17,(1),1,, -1,1,0,1,90,12,4,2021,12:43,1,52,52353,1,1,0,1,D 417 PK 17,48.050338,5.353721,12,2,2
202100051355,109Â 881,A01,1,1,1,1,2,6,-1,0,0,-1,2021,23.0,1,1,13,0,1,1,1,,3,6089,-1,,2,2,0,1,44,950,2,, -1,1,0,1,-1,17,2,2021,12:20,1,24,24550,1,1,0,7,La Fouille,45.138371,1.045139,12,1,1
202100050876,110Â 736,A01,1,1,2,0,1,0,-1,-1, -1,-1,2021,46.0,2,2,0,2,1,2,1,,4,CAVEE VERTE (RUE DE LA),0,,2,3,0,1,5,10,1,, -1,1,0,1,50,18,2,2021,17:50,1,76,76351,2,3,0,4,CAVEE VERTE (RUE DE LA),49.50613,0.11749,17,3,3
202100019494,166Â 787,A01,1,1,1,5,2,6,-1,0, -1,-1,2021,42.0,1,1,0,2,1,12,1,,4,GUILERS (DE 39 A 137 ET 32 A 134),0,,2,2,0,2,(1),(1),2,, -1,1,0,1,30,11,9,2021,14:00,1,29,29019,2,3,0,3,Rue de Guilers,48.386768,-4.510978,14,2,2
202100015700,173Â 607,A01,1,1,2,1,1,-1,-1,0,0,-1,2021,27.0,1,2,15,0,1,0,1,,7,610,-1,,2,2,0,1,0,1185,1,, -1,1,0,1,70,3,10,2021,05:40,3,34,34327,1,1,0,6,D610,43.662319,3.967345,5,1,1
202100041821,126Â 856,A01,10,3,2,9,0,-1,-1,4,3,3,2021,19.0,2,2,0,1,2,1,1,,4,RUE ETIENNE MARCEL,0,,2,3,0,2,(1),(1),1,, -1,2,0,1,30,1,5,2021,17:25,1,75,75101,2,2,0,6,RUE ETIENNE MARCEL,48.86443,2.346677,17,3,1
202100039297,131Â 358,B01,1,1,1,5,1,-1,-1,-1, -1,-1,2021,33.0,2,2,0,2,1,1,1,,3,JUIN (BOULEVARD MARECHAL),0,,2,2,0,1,1,0,1,, -1,1,5,1,50,19,5,2021,12:15,1,14,14118,2,2,0,3,D7,49.207150889,-0.3620209695,12,2,2
202100033340,142Â 173,A01,10,3,2,5,0,-1,-1,0,0,2,2021,66.0,3,2,0,1,4,4,1,,4,MARONNIERS,0,,2,2,0,1,(1),(1),1,, -1,1,0,1,50,10,6,2021,12:50,1,54,54167,2,1,0,6,MARONNIERS,48.67187,5.90751,12,2,1
202100037001,135Â 558,A01,10,3,2,0,0,-1,-1,3,3,1,2021,72.0,2,2,0,1,0,15,1,,4,SIMON (RUE JULES MARIE),0,,1,2,0,1,(1),(1),1,, -1,1,5,4,30,31,5,2021,11:05,1,45,45232,2,3,0,6,Rue Jules Marie Simon,47.86493,1.90221,11,2,1
202100007653,188Â 069,A01,1,1,2,9,2,0,-1,0,0,-1,2021,31.0,2,1,0,0,0,21,3,,4,AVENUE JEAN JAURES,0,,2,4,2,1,(1),(1),1,, -1,2,0,1,30,17,11,2021,08:50,1,75,75119,2,1,0,7,AVENUE JEAN JAURES,48.88438,2.376316,8,1,1
202100033192,142Â 433,A01,1,1,2,5,8,0,-1,-1, -1,-1,2021,37.0,3,1,9,0,1,26,5,,4,JEAN JAURES,0,,2,2,1,1,(1),(1),1,, -1,1,9,3,50,20,6,2021,12:55,1,37,37122,2,1,0,7,JEAN JAURES,47.3483353127,0.6601144373,12,1,1
202100032733,143Â 261,A01,1,1,1,0,8,-1,-1,0,0,-1,2021,23.0,1,2,0,2,3,1,1,,3,923,0,,2,2,0,1,6,(1),1,, -1,1,0,1,80,23,6,2021,06:45,2,28,28006,1,1,0,1,D923,48.436348,1.419296,6,2,2
202100031826,144Â 866,A01,10,3,1,3,0,-1,-1,1,3,2,2021,52.0,3,2,0,1,3,1,1,,4,DE LATTRE DE TASSIGNY (RUE DU MARECHAL),0,,2,2,0,1,(1),(1),1,, -1,1,0,1,50,28,6,2021,11:13,1,95,95585,2,1,0,6,DE LATTRE DE TASSIGNY (RUE DU MARECHAL),48.9805502841,2.3782637715,11,2,1
202100048463,115Â 134,A01,1,1,1,0,1,-1,-1,0,0,-1,2021,29.0,2,2,13,0,2,1,1,,3,767,-1,,3,4,0,1,37,171,1,, -1,2,0,3,110,12,3,2021,16:15,1,22,22004,1,1,1,7,D767 PR37+829,48.618527,-3.307748,16,2,1
202100052464,107Â 937,B01,1,1,1,4,1,5,-1,-1, -1,-1,2021,33.0,3,2,0,2,1,1,1,,4,KLEBER (R),0,,2,4,0,1,0,0,1,, -1,1,0,1,30,4,2,2021,20:05,5,94,94068,2,2,0,1,KLEBER (R),48.78987,2.5149,20,2,2
202100025040,156Â 896,A01,2,2,1,5,1,-1,-1,0,0,-1,2021,28.0,1,2,2,0,1,14,1,,3,43,-1,,2,2,0,1,0,20,1,, -1,1,0,3,80,9,8,2021,11:15,1,46,46239,1,1,0,6,D43 - PK RD43 000+020,44.872009,1.411185,11,2,1
202100040514,129Â 187,A01,1,1,2,9,2,0,-1,0,0,-1,2021,24.0,1,1,0,2,1,5,5,,4,BOULEVARD DE SEBASTOPOL,0,,2,5,1,1,(1),(1),1,, -1,1,0,5,50,10,5,2021,12:20,1,75,75101,2,3,0,1,BOULEVARD DE SEBASTOPOL,48.861207,2.349718,12,2,2
202100004008,194Â 577,B01,1,1,1,4,8,4,-1,-1, -1,-1,2021,85.0,2,1,0,2,3,19,0,,4,BEARN (RUE DU),0,,2,2,0,1,(1),(1),2,, -1,2,0,1,30,4,12,2021,06:25,5,68,68166,2,6,1,3,BEARN (RUE DU),47.79124,7.321807,6,2,2
202100040517,129Â 184,A01,1,1,1,1,2,6,-1,-1, -1,-1,2021,59.0,1,1,0,2,4,23,1,,3,DIVISION LECLERC (AV DE LA),0,,1,2,0,2,1,0,1,, -1,2,5,1,50,10,5,2021,04:30,5,94,94034,2,9,1,2,Avenue de la Division Leclerc,48.757471,2.32768,4,2,2
202100040307,129Â 555,A01,1,1,2,0,8,-1,-1,-1, -1,-1,2021,20.0,3,1,4,0,1,1,3,,4,CLAUDE BERNARD                      (QU),0,,2,2,1,1,(1),(1),2,, -1,2,0,5,30,11,5,2021,20:10,2,69,69387,2,1,0,7,CLAUDE BERNARD (Q),45.75221,4.83679,20,2,1
202100030885,146Â 555,A01,1,1,1,5,0,-1,-1,0,0,-1,2021,50.0,3,6,0,0,9,16,1,,4,,-1,,2,2,0,1,(1),(1),1,,4,1,0,1,50,2,7,2021,16:30,1,74,74208,2,3,0,7,Av des Raches,45.913209,6.713497,16,1,1
202100026025,155Â 160,A01,1,1,1,3,0,-1,-1,0,0,-1,2021,12.0,3,1,12,0,1,26,5,,4,,-1,,1,1,0,2,(1),(1),3,,3,1,0,4,50,1,8,2021,10:00,1,974,97405,2,9,0,7,Chemin Cambrai,-21.350132,55.562239,10,1,1
202100011017,182Â 039,A01,1,1,2,1,1,0,-1,-1, -1,-1,2021,24.0,1,2,0,2,4,26,1,,1,A7-Sens Lyon vers Marseille,0,,1,3,0,1,262,0,1,, -1,1,0,1,90,26,10,2021,14:00,1,13,13071,1,1,0,2,A7-Sens Lyon vers Marseille,43.4076516388,5.2885542977,14,2,2
202100015819,173Â 397,A01,1,1,1,9,1,-1,-1,0,0,-1,2021,25.0,1,2,16,0,1,0,1,,3,9252,0,D,-1,2,0,4,6,745,3,, -1,1,0,1,70,1,10,2021,00:27,4,64,64364,1,1,0,7,D252,43.325916,-1.335145,0,1,1
202100016360,172Â 390,A01,1,1,1,9,2,0,-1,0,0,-1,2021,55.0,1,1,0,2,8,14,5,,4,BOULEVARD RICHARD LENOIR,0,,3,2,0,1,(1),(1),1,, -1,1,0,1,30,28,9,2021,19:00,1,75,75111,2,2,0,3,BOULEVARD RICHARD LENOIR,48.865778,2.36999,19,2,2
202100005755,191Â 511,B01,1,1,1,5,1,-1,-1,-1, -1,-1,2021,46.0,2,2,0,2,7,1,1,,4,RUE DE CAUDERAN,0,,2,2,0,1,(1),(1),1,, -1,1,0,1,30,28,11,2021,18:50,5,33,33069,2,3,0,3,RUE DE CAUDERAN,44.8629,-0.61142,18,2,2
202100001843,198Â 506,B01,10,3,1,5,0,-1,-1,3,3,2,2021,3.0,2,2,0,2,1,26,1,,4,Rue du 31Ã©me BCP,0,,2,2,0,1,(1),(1),1,, -1,1,0,1,50,21,12,2021,10:00,1,88,88413,2,9,1,1,Rue du 31Ã©me BCP,48.28618,6.95649,10,4,2
202100045567,120Â 281,B01,1,1,1,1,2,-1,-1,-1, -1,-1,2021,18.0,1,1,0,2,1,1,1,,7,GEORGES LEVY (Q),0,,2,3,1,1,19,700,3,, -1,1,0,1,50,31,3,2021,06:00,5,69,69091,2,3,0,3,GEORGES LEVY (Q),45.58303,4.77701,6,2,2
202100005509,191Â 948,A01,2,2,1,5,1,8,-1,-1, -1,-1,2021,50.0,1,2,3,0,2,1,1,,2,RN 87,0,,1,2,0,1,11,0,4,, -1,2,3,1,70,27,11,2021,15:49,1,38,38229,1,1,1,6,RN 87,45.2054310183,5.7838685811,15,2,1
202100003331,195Â 805,A01,2,2,1,5,1,-1,-1,0,0,-1,2021,10.0,3,2,13,0,1,1,1,,3,7,-1,,2,2,0,3,23,250,2,, -1,2,0,8,80,11,12,2021,09:56,1,46,46137,1,1,0,6,lieu dit langlade,44.38466,1.393826,9,2,1
202100047807,116Â 300,A01,10,3,2,5,8,8,-1,1,3,1,2021,51.0,2,2,0,1,7,1,1,,4,VICTOR HUGO (AVENUE),0,,2,2,0,1,0,0,1,, -1,2,0,1,30,13,3,2021,11:25,1,14,14366,2,1,1,6,Avenue Victor Hugo,49.14535,0.227616,11,2,1
202100052371,108Â 101,B01,1,1,1,4,2,6,-1,-1, -1,-1,2021,45.0,2,1,0,2,5,23,1,,4,SEBASTOPOL (RUE DE),0,,1,2,0,1,0,0,1,, -1,2,5,1,50,5,2,2021,18:25,5,988,98818,2,3,1,3,SEBASTOPOL (RUE DE),-22.27428,166.44374,18,2,2
202100050470,111Â 483,B01,1,1,1,1,-1,0,-1,-1, -1,-1,2021,48.0,3,1,0,2,3,0,5,,9,HUGO AVENUE VICTOR (401),0,,2,2,1,1,(1),(1),1,, -1,1,0,5,50,23,2,2021,10:30,1,26,26362,2,9,0,1,270 Avenue Victor Hugo,44.91756,4.88523,10,2,2
202100030373,147Â 474,A01,10,3,2,5,0,-1,-1,2,3,3,2021,68.0,1,5,0,1,3,15,2,,4,REPUBLIQUE  (PLACE DE LA ),0,,1,1,0,4,(1),(1),1,, -1,2,6,1,30,5,7,2021,09:15,1,35,35093,2,3,1,6,REPUBLIQUE  (PLACE DE LA ),48.6335,-2.056284,9,3,1
202100006429,190Â 305,B01,1,1,1,2,2,6,-1,-1, -1,-1,2021,17.0,1,1,0,2,8,1,1,,4,PAULET GENERAL (173 ET 206 A FIN),0,,2,2,0,1,(1),(1),1,, -1,1,0,1,50,23,11,2021,08:40,1,29,29019,2,1,0,1,Rue GÃ©nÃ©ral Paulet,48.4247835767,-4.4773766398,8,2,2
202100013529,177Â 544,B01,1,1,1,0,8,0,-1,-1, -1,-1,2021,20.0,1,1,0,2,1,1,1,,4,PALAVAS (AVENUE DE),0,,2,2,0,2,(1),(1),1,, -1,1,0,1,50,12,10,2021,21:45,5,34,34172,2,2,0,3,PALAVAS (AVENUE DE),43.59762,3.8862,21,2,2
202100000092,201Â 585,B01,1,1,1,2,2,-1,-1,0,0,-1,2021,16.0,2,1,0,2,8,19,1,,3,19,-1,,-1,-1,-1,1,14,300,1,, -1,1,5,1,-1,13,12,2021,18:10,3,29,29210,1,2,0,3,D19 - Lieu Dit Croas Ar Born,48.577485,-3.993858,18,2,2
202100047929,116Â 063,B01,1,1,1,5,1,0,-1,0,0,-1,2021,65.0,2,2,0,2,3,1,1,,2,52 (ROUTE NATIONALE),0,,2,3,0,3,20,759,2,, -1,2,0,3,90,13,3,2021,12:00,1,54,54382,1,1,0,3,52 (ROUTE NATIONALE),49.5417,5.7592,12,3,2
202100019964,165Â 949,A01,1,1,1,5,2,-1,-1,0,0,-1,2021,71.0,2,1,9,0,1,1,5,,4,,0,,-1,1,3,1,8,545,1,, -1,2,0,1,-1,10,9,2021,08:25,1,14,14256,2,1,1,6,Rue du Haut du Val,49.321856,-0.797185,8,1,1
202100049461,113Â 353,A01,10,3,1,9,8,8,-1,9,1,1,2021,41.0,1,2,0,1,1,2,1,,1,AUTOROUTE A23,0,,3,5,0,1,16,0,1,, -1,1,2,1,130,1,3,2021,03:54,3,59,59449,1,1,0,6,AUTOROUTE A23,50.4735641085,3.2235606015,3,2,1
202100055309,102Â 964,A01,1,1,1,1,1,8,-1,-1, -1,-1,2021,25.0,1,2,13,0,6,1,1,,4,RUE DES LANDES DE TERREFORT,0,,2,2,0,2,0,0,3,, -1,1,0,3,50,11,1,2021,16:30,1,49,49328,2,1,0,7,RUE DES LANDES DE TERREFORT,47.25371,-0.10559,16,1,1
202100022841,160Â 784,B01,2,2,1,0,1,-1,-1,0,0,-1,2021,70.0,1,2,0,2,3,1,1,,7,,-1,,2,2,-1,2,2,800,3,, -1,1,0,1,-1,23,8,2021,19:00,1,69,69292,2,4,0,3,VIADUC (DU) (R),45.826358,4.878944,19,4,2
202100050285,111Â 828,C01,1,1,1,1,2,0,-1,-1, -1,-1,2021,24.0,1,1,0,2,1,1,1,,1,A507 sens Marseille - Aubagne,0,,1,3,0,1,0,500,1,, -1,1,1,1,70,25,2,2021,17:48,1,13,13055,1,1,0,4,A507 sens Marseille - Aubagne,43.329906,5.39457,17,3,3
202100037489,134Â 659,A01,1,1,1,5,1,-1,-1,0,0,-1,2021,40.0,1,2,0,2,1,13,1,,7,112,-1,,2,2,0,1,20,443,3,, -1,1,0,1,50,30,5,2021,16:35,1,31,31561,2,6,0,1,D112,43.638838,1.50139,16,2,2
202100001071,199Â 848,A01,10,3,2,0,0,-1,-1,4,3,1,2021,78.0,3,2,9,1,2,15,1,,4,BARBUSSE (RUE HENRI),0,,2,2,0,1,0,0,1,, -1,2,0,1,50,27,12,2021,10:57,1,93,93073,2,3,1,6,BARBUSSE (RUE HENRI),48.9577,2.57306,10,2,1
202100055103,103Â 319,A01,10,3,1,2,9,-1,-1,3,3,1,2021,12.0,2,2,0,1,2,1,1,,3,103,0,,2,2,0,2,35,720,1,, -1,2,5,1,50,14,1,2021,16:50,2,89,89460,2,2,1,6,,48.335242,3.064156,16,2,1
202100030304,147Â 598,B01,1,1,1,5,2,9,-1,0,0,-1,2021,38.0,2,1,0,2,4,1,5,,3,824,-1,,2,2,0,1,(1),(1),1,, -1,1,0,1,50,29,6,2021,20:10,1,31,31291,2,1,0,2,3 Route de Bayonne,43.599305,1.230469,20,2,2
202100036805,135Â 918,B01,1,1,1,0,2,6,-1,-1, -1,-1,2021,61.0,1,1,0,2,2,17,1,,7,BLAGNAC (ROUTE DE),0,,2,2,0,1,44,30,1,, -1,1,0,1,50,31,5,2021,16:28,1,31,31555,2,9,0,3,BLAGNAC (ROUTE DE),43.61635,1.40891,16,2,2
202100021504,163Â 199,A01,1,1,1,5,8,0,-1,-1, -1,-1,2021,32.0,1,0,1,0,7,26,3,,4,,0,,1,1,0,1,0,0,1,, -1,1,0,1,50,1,9,2021,02:40,5,92,92012,2,1,0,6,SAUSSIERE (RUE DE LA),48.8389560036,2.2400021926,2,1,1
202100055738,102Â 231,B01,1,1,2,5,1,0,-1,-1,0,-1,2021,56.0,1,5,0,2,3,1,1,,1,1,0,,3,10,0,1,16,200,1,, -1,1,0,1,110,9,1,2021,07:50,4,95,95527,1,1,0,5,A1,48.98764,2.50825,7,3,3
202100040569,129Â 101,A01,1,1,1,5,2,6,-1,0,0,-1,2021,47.0,1,1,13,0,7,1,1,,3,209,-1,,2,2,0,2,10,391,3,, -1,1,0,1,80,8,5,2021,11:45,1,71,71360,1,1,0,7,Route de Chevigne,46.319074,4.741223,11,1,1
202100049008,114Â 154,A01,1,1,1,9,1,-1,-1,0,0,-1,2021,34.0,1,2,15,0,0,26,1,,3,934,-1,,2,2,0,1,2,700,1,, -1,1,0,1,50,7,3,2021,15:30,1,60,60189,2,9,0,6,Rue de la RamÃ©e,49.529345,3.091498,15,1,1
202100031763,144Â 984,A01,1,1,2,4,1,0,-1,-1, -1,-1,2021,33.0,3,2,0,2,2,2,1,,3,,0,,2,4,0,1,0,0,1,, -1,1,5,1,50,28,6,2021,14:45,1,92,92025,2,2,0,2,KLEBER (AV),48.93089,2.24436,14,2,2
202100054131,104Â 991,A01,1,1,2,5,1,-1,-1,0,0,-1,2021,71.0,2,2,0,2,1,1,1,,3,22A,-1,A,2,2,0,1,5,820,1,, -1,2,0,1,80,21,1,2021,09:40,1,1,1325,1,2,1,3,RD 22A,45.938907,5.180258,9,2,2
202100051067,110Â 392,A01,1,1,1,5,8,0,-1,-1, -1,-1,2021,18.0,3,0,0,2,1,19,3,,4,DE GAULLE (AV DU GENERAL) NÂ° PAIRS,0,,3,4,0,1,0,0,1,, -1,1,0,1,50,16,2,2021,18:31,5,18,18033,2,3,0,3,DE GAULLE (AV DU GENERAL) NÂ° PAIRS,47.0993,2.4067,18,2,2
202100005806,191Â 414,A01,1,1,2,0,1,-1,-1,0,0,-1,2021,49.0,1,2,0,2,1,1,1,,3,16,-1,,2,2,0,1,1,120,1,, -1,1,0,1,50,28,10,2021,11:30,1,89,89086,2,3,0,1,D16,47.859879,3.041024,11,2,2
202100011165,181Â 773,B01,1,1,1,0,1,-1,-1,0,0,-1,2021,79.0,0,2,0,2,8,15,1,,3,578,-1,D,2,2,0,1,19,500,2,, -1,1,0,1,50,26,10,2021,10:30,1,7,7129,2,4,0,3,d578,44.982589,4.572651,10,3,2
202100039798,130Â 442,A01,10,3,2,0,0,-1,-1,1,9,1,2021,50.0,1,2,0,1,2,1,1,,4,ANANAS (ROUTE DES),0,,2,1,0,3,0,0,1,, -1,1,0,1,50,15,5,2021,12:50,1,974,97411,1,1,0,6,ANANAS (ROUTE DES),-20.91852,55.4795,12,2,1
202100037863,133Â 983,A01,1,1,1,0,2,8,-1,-1, -1,-1,2021,29.0,2,1,14,0,1,26,5,,4,FERNAND PENA,0,,2,2,0,1,0,0,1,, -1,1,5,1,50,27,5,2021,14:15,1,93,93029,2,4,0,2,FERNAND PENA,48.91834,2.43591,14,2,2
202100053626,105Â 869,A01,1,1,1,1,2,0,-1,0,0,-1,2021,38.0,3,1,0,0,1,1,1,,4,RUE DU CHEVALERET,0,,2,2,0,1,(1),(1),1,, -1,1,0,1,50,26,1,2021,05:00,5,75,75113,2,1,0,7,RUE DU CHEVALERET,48.825601,2.378191,5,1,1
202100044308,122Â 466,A01,10,3,2,9,0,-1,-1,4,3,1,2021,68.0,2,2,0,1,3,1,1,,3,ROSNY (AVENUE DE),0,,2,4,0,1,1,396,1,, -1,1,0,1,50,12,4,2021,17:55,1,93,93077,2,1,0,6,ROSNY (AVENUE DE),48.88452,2.50733,17,2,1
202100008210,187Â 045,A01,10,3,2,5,0,-1,-1,2,3,1,2021,44.0,0,3,0,1,2,1,1,1.0,4,,-1,,2,2,0,1,(1),(1),2,, -1,1,0,1,50,6,11,2021,12:20,1,33,33449,2,1,0,6,Avenue Montesquieu,44.895538,-0.720255,12,2,1
202100037756,134Â 177,A01,10,3,2,5,0,-1,-1,4,5,1,2021,72.0,3,2,0,1,7,1,1,,4,EUROPE (AVENUE DE L'),0,,1,2,0,1,(1),(1),1,, -1,1,0,1,50,26,5,2021,16:00,1,78,78640,2,1,0,6,EUROPE (AVENUE DE L'),48.78016,2.19701,16,2,1
202100033022,142Â 716,A01,1,1,1,0,-1,0,-1,0,0,-1,2021,34.0,3,1,0,2,1,2,1,,4,,0,,2,2,0,2,0,0,1,, -1,1,8,1,50,12,6,2021,07:50,1,30,30351,1,1,0,2,Impasse du Pont,43.95438,4.79248,7,2,2
202100005453,192Â 042,A01,1,1,2,1,1,-1,-1,0,0,-1,2021,56.0,1,2,0,2,1,5,1,,3,18,0,D,2,2,0,1,9,10,1,, -1,2,0,1,50,1,12,2021,16:15,1,74,74201,2,1,1,1,705 Route de la Forge,46.118841,6.110609,16,2,2
202100039436,131Â 112,A01,10,3,2,5,0,-1,-1,3,3,1,2021,73.0,1,2,0,1,2,15,1,,3,ALSACE LORRAINE (AVENUE),0,,-1,3,0,1,42,84,1,, -1,2,5,1,50,18,5,2021,17:10,1,65,65440,2,2,1,6,RENAUDET (BOULEVARD PIERRE),43.24447,0.07333,17,2,1
202100033380,142Â 101,B01,1,1,1,5,1,0,-1,-1, -1,-1,2021,30.0,2,2,0,2,1,1,1,,3,FOUR A CHAUX (CHEMIN DU),0,,2,2,0,2,0,4,3,, -1,2,0,1,50,18,6,2021,23:05,4,972,97213,2,3,1,1,FOUR A CHAUX (CHEMIN DU),14.61052,-61.00365,23,4,2
202100020871,164Â 341,B01,1,1,1,3,2,8,-1,-1, -1,-1,2021,19.0,2,1,0,2,5,1,5,,4,Dr Ramon (Rue),0,,2,1,0,2,(1),(1),1,, -1,1,0,1,50,3,9,2021,12:40,1,19,19272,2,1,0,3,Dr Ramon (Rue),45.2543662774,1.7595202102,12,2,2
202100053796,105Â 591,A01,1,1,1,5,1,-1,-1,0,0,-1,2021,20.0,2,2,17,0,2,21,1,,3,57,0,,2,2,0,1,10,700,1,, -1,2,2,3,80,25,1,2021,20:35,3,10,10226,1,1,1,6,D57,48.18043,4.349839,20,2,1
202100011750,180Â 713,C01,1,1,1,5,1,-1,-1,-1,0,-1,2021,32.0,2,2,0,2,4,1,1,,1,AUTOROUTE A15,0,,3,6,0,1,15,0,1,, -1,1,2,1,110,22,10,2021,01:00,3,95,95306,1,1,0,5, A15,48.995386753,2.1822940651,1,6,5
202100031964,144Â 609,A01,1,1,1,0,1,0,-1,-1, -1,-1,2021,43.0,1,2,4,2,2,17,1,,3,7,0,,3,4,0,1,0,0,1,, -1,1,1,1,70,27,6,2021,08:05,1,91,91027,2,1,0,5,AV FRANCOIS MITTERRAND,48.719,2.370959,8,4,3